id;data_inversa;dia_semana;horario;uf;br;km;municipio;causa_acidente;tipo_acidente;classificacao_acidente;fase_dia;sentido_via;condicao_metereologica;tipo_pista;tracado_via;uso_solo;pessoas;mortos;feridos_leves;feridos_graves;ilesos;ignorados;feridos;veiculos;latitude;longitude;regional;delegacia;uop
579813;08/02/2024;quinta-feira;16:00:00;RS;290;43,9;GLORINHA;Manobra de mudança de faixa;Colisão lateral mesmo sentido;Sem Vítimas;Pleno dia;Crescente;Sol;Dupla;Reta;Não;2;0;0;0;2;0;0;2;-29,889925;-50,698332;SPRF-RS;DEL03-RS;UOP01-DEL03-RS
579814;08/02/2024;quinta-feira;16:50:00;ES;101;272;SERRA;Ausência de reação do condutor;Colisão lateral mesmo sentido;Com Vítimas Feridas;Pleno dia;Crescente;Céu Claro;Dupla;"Declive;Reta";Sim;3;0;1;0;1;1;1;3;-20,22724888;-40,28426988;SPRF-ES;DEL02-ES;UOP01-DEL02-ES
579821;08/02/2024;quinta-feira;13:40:00;SC;153;60,1;IRANI;Demais falhas mecânicas ou elétricas;Colisão com objeto;Com Vítimas Feridas;Pleno dia;Decrescente;Nublado;Simples;Reta;Não;2;0;1;0;1;0;1;2;-26,97267;-51,858185;SPRF-SC;DEL07-SC;UOP04-DEL07-SC
579822;08/02/2024;quinta-feira;15:55:00;PR;376;511,7;PONTA GROSSA;Demais falhas mecânicas ou elétricas;Incêndio;Sem Vítimas;Pleno dia;Crescente;Sol;Dupla;Reta;Não;2;0;0;0;1;1;0;2;-25,2287323;-50,0461962;SPRF-PR;DEL03-PR;UOP04-DEL03-PR
579830;08/02/2024;quinta-feira;17:00:00;SC;101;194,7;BIGUACU;Ausência de reação do condutor;Colisão traseira;Sem Vítimas;Pleno dia;Crescente;Céu Claro;Dupla;Reta;Sim;2;0;0;0;2;0;0;2;-27,49815117;-48,65661236;SPRF-SC;DEL01-SC;UOP01-DEL01-SC
579837;08/02/2024;quinta-feira;13:45:00;SC;282;636,5;DESCANSO;Reação tardia ou ineficiente do condutor;Saída de leito carroçável;Com Vítimas Fatais;Pleno dia;Decrescente;Nublado;Simples;"Reta;Declive";Não;2;1;0;0;1;0;0;1;-26,80928698;-53,43977451;SPRF-SC;DEL07-SC;UOP03-DEL07-SC
579840;08/02/2024;quinta-feira;18:30:00;ES;101;115,9;SOORETAMA;Demais falhas mecânicas ou elétricas;Colisão com objeto;Com Vítimas Feridas;Anoitecer;Decrescente;Céu Claro;Simples;Reta;Não;4;0;1;0;3;0;1;2;-19,10300393;-40,05496212;SPRF-ES;DEL04-ES;UOP01-DEL04-ES
579841;08/02/2024;quinta-feira;14:05:00;GO;364;244;JATAI;Reação tardia ou ineficiente do condutor;Saída de leito carroçável;Com Vítimas Feridas;Pleno dia;Decrescente;Nublado;Simples;Reta;Não;2;0;1;0;0;3;1;4;-17,762192;-52,113304;SPRF-GO;DEL05-GO;UOP01-DEL05-GO
579842;08/02/2024;quinta-feira;14:30:00;SP;116;340,9;MIRACATU;Ausência de reação do condutor;Saída de leito carroçável;Com Vítimas Feridas;Pleno dia;Crescente;Céu Claro;Múltipla;Curva;Não;1;0;1;0;0;0;1;1;-24,00328505;-47,15633198;SPRF-SP;DEL04-SP;UOP03-DEL04-SP
579844;08/02/2024;quinta-feira;18:15:00;PR;369;201;APUCARANA;Condutor deixou de manter distância do veículo da frente;Engavetamento;Com Vítimas Feridas;Pleno dia;Decrescente;Céu Claro;Simples;Reta;Sim;7;0;5;0;2;0;5;3;-23,536875;-51,456575;SPRF-PR;DEL07-PR;UOP03-DEL07-PR
579848;08/02/2024;quinta-feira;13:55:00;BA;101;454,6;AURELINO LEAL;Ausência de reação do condutor;Saída de leito carroçável;Com Vítimas Feridas;Pleno dia;Crescente;Céu Claro;Simples;Reta;Não;3;0;1;0;2;0;1;1;-14,45733798;-39,32048009;SPRF-BA;DEL05-BA;UOP01-DEL05-BA
579857;08/02/2024;quinta-feira;18:00:00;SP;116;275;EMBU DAS ARTES;Acessar a via sem observar a presença dos outros veículos;Colisão transversal;Com Vítimas Feridas;Anoitecer;Crescente;Céu Claro;Dupla;Curva;Sim;4;0;2;0;1;1;2;3;-23,63638826;-46,83251584;SPRF-SP;DEL04-SP;UOP01-DEL04-SP
579859;08/02/2024;quinta-feira;18:40:00;PR;376;597;CURITIBA;Trafegar com motocicleta (ou similar) entre as faixas;Colisão lateral mesmo sentido;Com Vítimas Feridas;Anoitecer;Crescente;Céu Claro;Dupla;Reta;Sim;4;0;1;0;2;1;1;3;-25,51058917;-49,33889151;SPRF-PR;DEL01-PR;UOP06-DEL01-PR
579863;08/02/2024;quinta-feira;10:30:00;MT;163;1063;GUARANTA DO NORTE;Demais falhas mecânicas ou elétricas;Colisão frontal;Com Vítimas Feridas;Pleno dia;Decrescente;Nublado;Simples;Reta;Sim;4;0;2;0;1;9;2;12;-9,9773898;-54,9058509;SPRF-MT;DEL06-MT;UOP03-DEL06-MT
579867;08/02/2024;quinta-feira;15:15:00;PI;316;309;PICOS;Ausência de reação do condutor;Engavetamento;Sem Vítimas;Pleno dia;Crescente;Céu Claro;Dupla;Reta;Sim;4;0;0;0;4;0;0;4;-7,07778744;-41,48370094;SPRF-PI;DEL04-PI;UOP01-DEL04-PI
579870;08/02/2024;quinta-feira;15:10:00;PI;316;69,2;MONSENHOR GIL;Entrada inopinada do pedestre;Atropelamento de Pedestre;Com Vítimas Fatais;Pleno dia;Decrescente;Sol;Simples;Reta;Não;3;1;0;0;1;1;0;3;-5,64919099;-42,59145462;SPRF-PI;DEL01-PI;UOP02-DEL01-PI
579874;08/02/2024;quinta-feira;21:00:00;PR;277;2;PARANAGUA;Transitar no Acostamento;Colisão lateral mesmo sentido;Com Vítimas Feridas;Plena Noite;Decrescente;Nublado;Simples;Reta;Sim;4;0;2;1;0;2;3;4;-25,5205;-48,5095;SPRF-PR;DEL01-PR;UOP05-DEL01-PR
579875;08/02/2024;quinta-feira;19:58:00;SC;282;212;LAGES;Transitar na contramão;Colisão frontal;Com Vítimas Feridas;Plena Noite;Crescente;Chuva;Simples;Reta;Não;2;0;1;0;1;0;1;2;-27,782257;-50,251381;SPRF-SC;DEL05-SC;UOP01-DEL05-SC
579883;08/02/2024;quinta-feira;21:00:00;MG;262;443,2;NOVA SERRANA;Suicídio (presumido);Atropelamento de Pedestre;Com Vítimas Feridas;Plena Noite;Decrescente;Céu Claro;Dupla;Reta;Sim;4;0;0;1;1;2;1;2;-19,88065393;-44,92197102;SPRF-MG;DEL08-MG;UOP03-DEL08-MG
579889;08/02/2024;quinta-feira;22:40:00;SP;116;488;CAJATI;Velocidade Incompatível;Colisão traseira;Com Vítimas Feridas;Plena Noite;Decrescente;Céu Claro;Dupla;Reta;Não;4;0;1;0;2;1;1;3;-24,73097634;-48,09815591;SPRF-SP;DEL05-SP;UOP01-DEL05-SP
579890;08/02/2024;quinta-feira;19:40:00;MA;10;314,5;ACAILANDIA;Condutor Dormindo;Saída de leito carroçável;Com Vítimas Feridas;Plena Noite;Crescente;Céu Claro;Simples;Reta;Não;1;0;0;1;0;0;1;1;-4,997943;-47,531734;SPRF-MA;DEL04-MA;UOP03-DEL04-MA
579893;08/02/2024;quinta-feira;23:00:00;RS;386;380,7;TABAI;Ausência de reação do condutor;Colisão traseira;Com Vítimas Feridas;Plena Noite;Decrescente;Céu Claro;Dupla;Aclive;Não;3;0;0;1;1;1;1;3;-29,650621;-51,759407;SPRF-RS;DEL04-RS;UOP01-DEL04-RS
579900;08/02/2024;quinta-feira;23:00:00;MG;40;234;SAO GONCALO DO ABAETE;Reação tardia ou ineficiente do condutor;Saída de leito carroçável;Com Vítimas Feridas;Plena Noite;Crescente;Nublado;Simples;Reta;Não;2;0;1;0;0;1;1;2;-18,02167408;-45,54020403;SPRF-MG;DEL14-MG;UOP02-DEL14-MG
579904;08/02/2024;quinta-feira;21:39:00;MT;364;139;PEDRA PRETA;Problema com o freio;Derramamento de carga;Sem Vítimas;Plena Noite;Crescente;Céu Claro;Simples;"Curva;Declive";Não;2;0;0;0;1;1;0;2;-16,793113;-54,197712;SPRF-MT;DEL02-MT;UOP01-DEL02-MT
579905;08/02/2024;quinta-feira;23:30:00;SC;116;236,9;CORREIA PINTO;Pedestre andava na pista;Atropelamento de Pedestre;Com Vítimas Fatais;Plena Noite;Decrescente;Garoa/Chuvisco;Simples;"Reta;Interseção de Vias";Não;5;1;0;0;1;3;0;2;-27,72090493;-50,33607643;SPRF-SC;DEL05-SC;UOP01-DEL05-SC
579909;09/02/2024;sexta-feira;01:35:00;PR;369;159;CAMBE;Condutor deixou de manter distância do veículo da frente;Colisão traseira;Com Vítimas Feridas;Plena Noite;Crescente;Céu Claro;Dupla;Reta;Sim;2;0;1;0;1;0;1;2;-23,28418003;-51,24316871;SPRF-PR;DEL07-PR;UOP01-DEL07-PR
579915;09/02/2024;sexta-feira;04:00:00;CE;116;529,2;JATI;Chuva;Colisão com objeto;Com Vítimas Fatais;Plena Noite;Crescente;Chuva;Simples;"Curva;Declive";Não;1;1;0;0;0;0;0;1;-7,70117801;-39,0270342;SPRF-CE;DEL05-CE;UOP03-DEL05-CE
579929;09/02/2024;sexta-feira;05:00:00;RS;158;258,7;JULIO DE CASTILHOS;Neblina;Colisão frontal;Com Vítimas Feridas;Amanhecer;Decrescente;Nevoeiro/Neblina;Simples;"Aclive;Curva";Não;4;0;2;0;1;1;2;3;-29,18643803;-53,67579996;SPRF-RS;DEL10-RS;UOP02-DEL10-RS
579938;09/02/2024;sexta-feira;08:15:00;PR;376;216,7;JANDAIA DO SUL;Acessar a via sem observar a presença dos outros veículos;Colisão transversal;Com Vítimas Fatais;Amanhecer;Decrescente;Céu Claro;Simples;Declive;Sim;3;1;0;0;1;2;0;4;-23,595216;-51,641711;SPRF-PR;DEL09-PR;UOP01-DEL09-PR
579941;09/02/2024;sexta-feira;08:15:00;SE;101;96;SAO CRISTOVAO;Acessar a via sem observar a presença dos outros veículos;Colisão transversal;Com Vítimas Fatais;Pleno dia;Crescente;Céu Claro;Dupla;Retorno Regulamentado;Não;4;1;0;0;0;3;0;3;-10,91774224;-37,16729183;SPRF-SE;DEL02-SE;UOP01-DEL02-SE
579945;09/02/2024;sexta-feira;08:15:00;RS;290;86;PORTO ALEGRE;Condutor deixou de manter distância do veículo da frente;Colisão traseira;Sem Vítimas;Pleno dia;Crescente;Céu Claro;Dupla;Reta;Não;2;0;0;0;1;1;0;2;-29,96830836;-51,11502886;SPRF-RS;DEL01-RS;UOP01-DEL01-RS
579948;09/02/2024;sexta-feira;06:00:00;BA;242;362;LENCOIS;Velocidade Incompatível;Colisão lateral mesmo sentido;Com Vítimas Feridas;Pleno dia;Crescente;Nublado;Simples;"Reta;Declive";Não;6;0;3;0;2;3;3;6;-12,46458265;-41,40667003;SPRF-BA;DEL08-BA;N/A
579949;09/02/2024;sexta-feira;08:00:00;BA;242;657;MUQUEM DE SAO FRANCISCO;Acumulo de água sobre o pavimento;Colisão frontal;Com Vítimas Fatais;Pleno dia;Crescente;Chuva;Simples;Reta;Não;4;2;0;0;1;1;0;3;-12,216429;-43,809162;SPRF-BA;DEL06-BA;UOP03-DEL06-BA
579955;09/02/2024;sexta-feira;09:15:00;MG;262;365;JUATUBA;Ausência de reação do condutor;Colisão traseira;Com Vítimas Feridas;Pleno dia;Crescente;Sol;Dupla;Reta;Sim;2;0;0;1;1;0;1;2;-19,97856934;-44,25336717;SPRF-MG;DEL01-MG;UOP03-DEL01-MG
579957;09/02/2024;sexta-feira;09:40:00;ES;101;274,9;SERRA;Reação tardia ou ineficiente do condutor;Colisão traseira;Com Vítimas Feridas;Pleno dia;Decrescente;Céu Claro;Dupla;Reta;Não;4;0;1;0;2;1;1;3;-20,218122;-40,339325;SPRF-ES;DEL02-ES;UOP01-DEL02-ES
579971;09/02/2024;sexta-feira;04:30:00;PR;373;306;PRUDENTOPOLIS;Condutor Dormindo;Tombamento;Sem Vítimas;Plena Noite;Decrescente;Nublado;Simples;"Declive;Curva";Não;2;0;0;0;1;1;0;2;-25,32342949;-51,19676113;SPRF-PR;DEL08-PR;UOP01-DEL08-PR
579972;09/02/2024;sexta-feira;01:30:00;MA;226;99;CAXIAS;Velocidade Incompatível;Capotamento;Com Vítimas Feridas;Plena Noite;Decrescente;Chuva;Simples;Reta;Não;2;0;2;0;0;0;2;1;-5,27183219;-43,64882691;SPRF-MA;DEL03-MA;UOP02-DEL03-MA
579973;09/02/2024;sexta-feira;10:20:00;PR;116;81,4;PIRAQUARA;Velocidade Incompatível;Colisão lateral mesmo sentido;Com Vítimas Feridas;Pleno dia;Crescente;Céu Claro;Múltipla;"Declive;Curva;Em Obras";Não;5;0;4;0;1;0;4;4;-25,42614168;-49,07766044;SPRF-PR;DEL01-PR;UOP07-DEL01-PR
579975;29/01/2024;segunda-feira;07:10:00;SP;116;285,5;ITAPECERICA DA SERRA;Trafegar com motocicleta (ou similar) entre as faixas;Queda de ocupante de veículo;Com Vítimas Feridas;Pleno dia;Decrescente;Ignorado;Dupla;Reta;Não;2;0;1;0;0;1;1;2;-23,70407794;-46,87249709;SPRF-SP;DEL04-SP;UOP01-DEL04-SP
579976;09/02/2024;sexta-feira;10:15:00;PR;373;172,2;PONTA GROSSA;Ingestão de álcool pelo condutor;Colisão lateral mesmo sentido;Sem Vítimas;Pleno dia;Crescente;Céu Claro;Dupla;"Reta;Interseção de Vias";Sim;3;0;0;0;2;1;0;3;-25,08139932;-50,19200981;SPRF-PR;DEL03-PR;UOP01-DEL03-PR
579982;09/02/2024;sexta-feira;11:15:00;PE;101;67,3;RECIFE;Manobra de mudança de faixa;Colisão traseira;Com Vítimas Feridas;Pleno dia;Crescente;Céu Claro;Dupla;Reta;Sim;3;0;1;0;1;1;1;3;-8,044859;-34,944316;SPRF-PE;DEL01-PE;UOP01-DEL01-PE
579987;09/02/2024;sexta-feira;11:45:00;PR;376;618;SAO JOSE DOS PINHAIS;Manobra de mudança de faixa;Colisão lateral mesmo sentido;Com Vítimas Feridas;Pleno dia;Crescente;Sol;Simples;Reta;Não;3;0;1;0;1;2;1;4;-25,59168398;-49,17197705;SPRF-PR;DEL01-PR;UOP04-DEL01-PR
579998;06/02/2024;terça-feira;07:10:00;RS;290;150;ARROIO DOS RATOS;Ausência de reação do condutor;Colisão frontal;Com Vítimas Feridas;Pleno dia;Crescente;Céu Claro;Simples;Reta;Não;3;0;1;0;1;2;1;4;-30,105978;-51,706875;SPRF-RS;DEL02-RS;UOP01-DEL02-RS
580004;09/02/2024;sexta-feira;13:15:00;MG;381;497,9;BETIM;Velocidade Incompatível;Colisão com objeto;Com Vítimas Feridas;Pleno dia;Decrescente;Céu Claro;Múltipla;"Declive;Curva";Sim;3;0;0;1;1;1;1;3;-19,9861071;-44,2031123;SPRF-MG;DEL01-MG;UOP03-DEL01-MG
580005;09/02/2024;sexta-feira;07:20:00;CE;116;192,8;LIMOEIRO DO NORTE;Velocidade Incompatível;Saída de leito carroçável;Sem Vítimas;Pleno dia;Decrescente;Nublado;Simples;Curva;Não;2;0;0;0;1;1;0;2;-5,13121505;-38,15484932;SPRF-CE;DEL03-CE;UOP01-DEL03-CE
580006;09/02/2024;sexta-feira;12:30:00;MG;381;574,4;ITAGUARA;Demais falhas mecânicas ou elétricas;Incêndio;Sem Vítimas;Pleno dia;Decrescente;Sol;Dupla;Reta;Não;2;0;0;0;2;0;0;1;-20,46631134;-44,57958977;SPRF-MG;DEL04-MG;UOP01-DEL04-MG
580007;29/01/2024;segunda-feira;11:30:00;ES;101;297;VIANA;Manobra de mudança de faixa;Colisão lateral mesmo sentido;Com Vítimas Feridas;Pleno dia;Crescente;Céu Claro;Dupla;Reta;Sim;3;0;0;1;2;0;1;3;-20,34529844;-40,41026774;SPRF-ES;DEL01-ES;UOP01-DEL01-ES
580010;09/02/2024;sexta-feira;13:45:00;PR;277;8;PARANAGUA;Manobra de mudança de faixa;Colisão lateral mesmo sentido;Sem Vítimas;Pleno dia;Crescente;Céu Claro;Dupla;Reta;Não;4;0;0;0;3;1;0;3;-25,562845;-48,591792;SPRF-PR;DEL01-PR;UOP05-DEL01-PR
580012;09/02/2024;sexta-feira;11:20:00;PR;369;68;SANTA MARIANA;Transitar na contramão;Colisão lateral sentido oposto;Com Vítimas Feridas;Pleno dia;Decrescente;Sol;Simples;Reta;Não;5;0;2;0;1;2;2;5;-23,135126;-50,477948;SPRF-PR;DEL07-PR;UOP05-DEL07-PR
580019;09/02/2024;sexta-feira;07:00:00;MG;262;185;SAO DOMINGOS DO PRATA;Condutor Dormindo;Tombamento;Sem Vítimas;Amanhecer;Decrescente;Céu Claro;Simples;Curva;Não;2;0;0;0;1;1;0;2;-19,88347238;-43,04926873;SPRF-MG;DEL03-MG;UOP01-DEL03-MG
580020;09/02/2024;sexta-feira;14:30:00;MG;381;908,8;CAMBUI;Retorno proibido;Colisão transversal;Com Vítimas Feridas;Pleno dia;Decrescente;Sol;Dupla;Reta;Não;2;0;1;1;0;0;2;2;-22,71744092;-46,12652111;SPRF-MG;DEL16-MG;UOP03-DEL16-MG
580021;09/02/2024;sexta-feira;13:40:00;MS;158;61,4;PARANAIBA;Reação tardia ou ineficiente do condutor;Colisão frontal;Com Vítimas Feridas;Pleno dia;Crescente;Chuva;Simples;Curva;Não;3;0;1;1;1;0;2;2;-19,44059596;-51,36226295;SPRF-MS;DEL08-MS;UOP01-DEL08-MS
580038;09/02/2024;sexta-feira;13:10:00;BA;116;29;BOA NOVA;Reação tardia ou ineficiente do condutor;Colisão traseira;Com Vítimas Feridas;Pleno dia;Crescente;Céu Claro;Simples;Reta;Não;4;0;1;0;2;1;1;3;-14,30543;-40,31922;SPRF-PE;DEL05-PE;UOP03-DEL05-PE
580043;09/02/2024;sexta-feira;13:40:00;SP;116;116,4;TAUBATE;Condutor deixou de manter distância do veículo da frente;Colisão lateral mesmo sentido;Com Vítimas Feridas;Pleno dia;Crescente;Sol;Dupla;Reta;Sim;2;0;1;0;1;0;1;2;-23,05376319;-45,6088049;SPRF-SP;DEL02-SP;UOP02-DEL02-SP
580049;09/02/2024;sexta-feira;17:20:00;SP;116;220;GUARULHOS;Trafegar com motocicleta (ou similar) entre as faixas;Queda de ocupante de veículo;Com Vítimas Fatais;Pleno dia;Decrescente;Céu Claro;Múltipla;Reta;Não;3;1;0;0;1;1;0;3;-23,46759;-46,50599;SPRF-SP;DEL01-SP;UOP01-DEL01-SP
580055;09/02/2024;sexta-feira;16:38:00;PE;101;64;RECIFE;Manobra de mudança de faixa;Colisão traseira;Com Vítimas Feridas;Anoitecer;Decrescente;Céu Claro;Simples;Reta;Não;3;0;0;2;1;0;2;2;-8,0162921;-34,94045886;SPRF-PE;DEL01-PE;UOP01-DEL01-PE
580060;09/02/2024;sexta-feira;14:55:00;MG;381;679,4;PERDOES;Ausência de reação do condutor;Colisão traseira;Com Vítimas Feridas;Pleno dia;Decrescente;Céu Claro;Dupla;"Retorno Regulamentado;Curva";Não;3;0;1;0;1;1;1;3;-21,14734508;-45,10983682;SPRF-MG;DEL04-MG;UOP02-DEL04-MG
580063;09/02/2024;sexta-feira;17:30:00;BA;116;835,9;VITORIA DA CONQUISTA;Transitar na contramão;Colisão frontal;Com Vítimas Fatais;Anoitecer;Crescente;Chuva;Simples;Reta;Não;13;4;2;5;2;0;7;2;-14,955726;-40,902855;SPRF-BA;DEL08-BA;UOP01-DEL08-BA
580071;09/02/2024;sexta-feira;15:00:00;PB;0;0;SANTA RITA;Acesso irregular;Colisão com objeto;Com Vítimas Feridas;Pleno dia;Não Informado;Céu Claro;Simples;"Ponte;Curva";Não;2;0;1;0;0;2;1;3;-7,11158168;-34,96210098;SPRF-PB;DEL01-PB;UOP04-DEL01-PB
580081;02/02/2024;sexta-feira;10:34:00;SC;101;212,6;PALHOCA;Manobra de mudança de faixa;Colisão lateral mesmo sentido;Sem Vítimas;Pleno dia;Crescente;Céu Claro;Dupla;Reta;Sim;3;0;0;0;3;0;0;3;-27,62996929;-48,65903871;SPRF-SC;DEL01-SC;UOP02-DEL01-SC
580096;09/02/2024;sexta-feira;19:20:00;MS;262;762;LADARIO;Reação tardia ou ineficiente do condutor;Colisão com objeto;Com Vítimas Feridas;Plena Noite;Crescente;Céu Claro;Simples;Rotatória;Não;2;0;1;0;0;1;1;2;-19,12764098;-57,62375735;SPRF-MS;DEL03-MS;UOP03-DEL03-MS
580098;09/02/2024;sexta-feira;18:50:00;PA;163;844;PLACAS;Reação tardia ou ineficiente do condutor;Tombamento;Com Vítimas Feridas;Anoitecer;Crescente;Chuva;Simples;Declive;Não;2;0;1;0;0;2;1;3;-3,68577791;-54,82389988;SPRF-PA;DEL05-PA;UOP01-DEL05-PA
580103;09/02/2024;sexta-feira;07:30:00;MA;10;330;ACAILANDIA;Ultrapassagem Indevida;Colisão frontal;Com Vítimas Feridas;Pleno dia;Crescente;Céu Claro;Simples;Reta;Não;6;0;2;2;1;1;4;4;-4,864507;-47,515343;SPRF-MA;DEL04-MA;UOP03-DEL04-MA
580105;09/02/2024;sexta-feira;20:30:00;GO;40;11,9;LUZIANIA;Transitar no Acostamento;Atropelamento de Pedestre;Com Vítimas Fatais;Plena Noite;Crescente;Chuva;Dupla;Reta;Sim;3;1;0;0;1;1;0;3;-16,145123;-47,945382;SPRF-DF;DEL01-DF;UOP01-DEL01-DF
580107;09/02/2024;sexta-feira;14:20:00;PA;316;98;IGARAPE-ACU;Manobra de mudança de faixa;Tombamento;Com Vítimas Feridas;Pleno dia;Crescente;Nublado;Simples;Reta;Não;2;0;1;0;0;1;1;2;-1,33188337;-47,62160007;SPRF-PA;DEL01-PA;UOP02-DEL01-PA
580113;09/02/2024;sexta-feira;20:12:00;SC;101;441,5;SANTA ROSA DO SUL;Estacionar ou parar em local proibido;Colisão traseira;Com Vítimas Feridas;Plena Noite;Crescente;Céu Claro;Múltipla;"Reta;Declive;Interseção de Vias";Não;2;0;0;1;1;0;1;2;-29,131307;-49,693191;SPRF-SC;DEL02-SC;UOP02-DEL02-SC
580115;09/02/2024;sexta-feira;22:00:00;PR;277;609;SANTA TEREZA DO OESTE;Acessar a via sem observar a presença dos outros veículos;Colisão transversal;Com Vítimas Feridas;Plena Noite;Crescente;Céu Claro;Simples;Rotatória;Sim;6;0;3;0;2;1;3;3;-25,05068814;-53,62014234;SPRF-PR;DEL05-PR;UOP02-DEL05-PR
580123;09/02/2024;sexta-feira;21:40:00;MT;163;844;SINOP;Acessar a via sem observar a presença dos outros veículos;Colisão transversal;Com Vítimas Feridas;Plena Noite;Decrescente;Nublado;Simples;Interseção de Vias;Sim;5;0;1;0;3;1;1;3;-11,77795;-55,47355;SPRF-MT;DEL06-MT;UOP02-DEL06-MT
580135;09/02/2024;sexta-feira;21:35:00;GO;153;278;NOVA GLORIA;Reação tardia ou ineficiente do condutor;Saída de leito carroçável;Com Vítimas Feridas;Plena Noite;Crescente;Céu Claro;Simples;Reta;Não;2;0;1;0;1;0;1;1;-15,131915;-49,514952;SPRF-GO;DEL07-GO;UOP02-DEL07-GO
580136;09/02/2024;sexta-feira;23:10:00;MS;163;325;RIO BRILHANTE;Demais falhas mecânicas ou elétricas;Incêndio;Sem Vítimas;Plena Noite;Decrescente;Céu Claro;Simples;Reta;Não;1;0;0;0;1;0;0;1;-21,7538;-54,519471;SPRF-MS;DEL02-MS;UOP02-DEL02-MS
580138;09/02/2024;sexta-feira;23:40:00;PR;277;42;MORRETES;Demais falhas mecânicas ou elétricas;Incêndio;Sem Vítimas;Plena Noite;Crescente;Nublado;Dupla;Reta;Não;3;0;0;0;2;2;0;3;-25,57361239;-48,84469597;SPRF-PR;DEL01-PR;UOP01-DEL01-PR
580144;10/02/2024;sábado;00:25:00;PR;476;176;CONTENDA;Ingestão de álcool pelo condutor;Colisão frontal;Com Vítimas Feridas;Plena Noite;Crescente;Céu Claro;Simples;Reta;Não;2;0;1;0;1;0;1;2;-25,694412;-49,553158;SPRF-PR;DEL01-PR;UOP06-DEL01-PR
580146;09/02/2024;sexta-feira;22:30:00;PA;10;70;ULIANOPOLIS;Deficiência do Sistema de Iluminação/Sinalização;Colisão traseira;Com Vítimas Feridas;Plena Noite;Crescente;Céu Claro;Simples;Reta;Não;4;0;1;1;2;0;2;2;-3,8350438;-47,51638456;SPRF-PA;DEL02-PA;UOP02-DEL02-PA
580158;09/02/2024;sexta-feira;22:30:00;MT;364;349;SANTO ANTONIO DO LEVERGER;Ausência de reação do condutor;Saída de leito carroçável;Com Vítimas Fatais;Plena Noite;Crescente;Céu Claro;Dupla;"Declive;Curva";Não;1;1;0;0;0;0;0;1;-15,80502622;-55,5546431;SPRF-MT;DEL05-MT;UOP02-DEL05-MT
580162;10/02/2024;sábado;01:30:00;MT;364;247,7;JUSCIMEIRA;Reação tardia ou ineficiente do condutor;Saída de leito carroçável;Com Vítimas Feridas;Plena Noite;Decrescente;Céu Claro;Dupla;Reta;Não;3;0;2;0;0;1;2;2;-16,13537488;-54,83069792;SPRF-MT;DEL02-MT;UOP01-DEL02-MT
580166;10/02/2024;sábado;03:30:00;PR;277;168;PORTO AMAZONAS;Manobra de mudança de faixa;Colisão lateral mesmo sentido;Sem Vítimas;Plena Noite;Decrescente;Céu Claro;Simples;"Reta;Rotatória";Sim;3;0;0;0;2;1;0;3;-25,46413908;-49,91312702;SPRF-PR;DEL03-PR;UOP03-DEL03-PR
580167;10/02/2024;sábado;03:35:00;PE;232;173,9;BELO JARDIM;Ultrapassagem Indevida;Colisão frontal;Sem Vítimas;Plena Noite;Decrescente;Nublado;Simples;Reta;Não;2;0;0;0;1;1;0;2;-8,33916255;-36,36917103;SPRF-PE;DEL03-PE;UOP02-DEL03-PE
580171;10/02/2024;sábado;04:00:00;MG;381;837,5;SAO SEBASTIAO DA BELA VISTA;Demais falhas mecânicas ou elétricas;Incêndio;Sem Vítimas;Plena Noite;Crescente;Nublado;Dupla;Curva;Não;2;0;0;0;1;1;0;2;-22,14133447;-45,81655455;SPRF-MG;DEL16-MG;UOP01-DEL16-MG
580174;10/02/2024;sábado;04:00:00;RJ;116;190;NOVA IGUACU;Ingestão de álcool pelo condutor;Colisão traseira;Com Vítimas Feridas;Amanhecer;Decrescente;Céu Claro;Dupla;Reta;Sim;4;0;1;0;2;1;1;4;-22,74123776;-43,5007311;SPRF-RJ;DEL06-RJ;UOP01-DEL06-RJ
580179;06/02/2024;terça-feira;23:45:00;RJ;101;328;RIO DE JANEIRO;Ausência de reação do condutor;Colisão traseira;Com Vítimas Feridas;Plena Noite;Crescente;Céu Claro;Múltipla;"Reta;Declive";Não;4;0;1;0;3;0;1;2;-22,87028692;-43,16579699;SPRF-RJ;DEL02-RJ;UOP01-DEL02-RJ
580180;10/02/2024;sábado;05:10:00;SC;101;198,4;SAO JOSE;Ausência de reação do condutor;Colisão lateral mesmo sentido;Com Vítimas Fatais;Amanhecer;Decrescente;Céu Claro;Múltipla;Reta;Sim;2;1;0;0;1;0;0;2;-27,5300902;-48,6325387;SPRF-SC;DEL01-SC;UOP01-DEL01-SC
580181;10/02/2024;sábado;04:30:00;PI;402;68;LUIS CORREIA;Transitar na contramão;Colisão lateral sentido oposto;Sem Vítimas;Plena Noite;Crescente;Céu Claro;Simples;Reta;Não;3;0;0;0;2;1;0;2;-3,09729973;-41,51393695;SPRF-PI;DEL05-PI;UOP01-DEL05-PI
580182;10/02/2024;sábado;05:00:00;MT;163;979;TERRA NOVA DO NORTE;Transitar na contramão;Colisão frontal;Com Vítimas Feridas;Amanhecer;Crescente;Chuva;Simples;"Aclive;Reta";Não;4;0;2;1;0;2;3;4;-10,76508986;-55,15165735;SPRF-MT;DEL06-MT;UOP03-DEL06-MT