id;data_inversa;dia_semana;horario;uf;br;km;municipio;causa_acidente;tipo_acidente;classificacao_acidente;fase_dia;sentido_via;condicao_metereologica;tipo_pista;tracado_via;uso_solo;pessoas;mortos;feridos_leves;feridos_graves;ilesos;ignorados;feridos;veiculos;latitude;longitude;regional;delegacia;uop
580194;10/02/2024;sábado;07:00:00;RJ;116;112,8;GUAPIMIRIM;Reação tardia ou ineficiente do condutor;Colisão com objeto;Com Vítimas Feridas;Pleno dia;Decrescente;Sol;Dupla;"Em Obras;Curva";Sim;3;0;1;0;1;1;1;3;-22,57214;-43,007291;SPRF-RJ;DEL04-RJ;UOP02-DEL04-RJ
580197;16/01/2024;terça-feira;17:10:00;PR;277;126;CAMPO LARGO;Reação tardia ou ineficiente do condutor;Engavetamento;Com Vítimas Feridas;Pleno dia;Decrescente;Nublado;Dupla;Reta;Não;3;0;1;1;1;0;2;3;-25,4702437;-49,60515976;SPRF-PR;DEL03-PR;UOP03-DEL03-PR
580201;10/02/2024;sábado;06:50:00;SC;116;5;MAFRA;Acesso irregular;Colisão transversal;Com Vítimas Feridas;Pleno dia;Decrescente;Céu Claro;Simples;Reta;Sim;4;0;1;1;1;1;2;4;-26,14094396;-49,81508303;SPRF-SC;DEL06-SC;UOP01-DEL06-SC
580203;10/02/2024;sábado;04:15:00;MG;381;163;GOVERNADOR VALADARES;Condutor Dormindo;Colisão lateral sentido oposto;Com Vítimas Feridas;Plena Noite;Decrescente;Nublado;Simples;Reta;Não;2;0;0;1;1;0;1;2;-18,93550625;-42,0516298;SPRF-MG;DEL06-MG;UOP01-DEL06-MG
580207;10/02/2024;sábado;07:32:00;SC;101;121;ITAJAI;Reação tardia ou ineficiente do condutor;Colisão traseira;Com Vítimas Feridas;Pleno dia;Crescente;Céu Claro;Dupla;Reta;Não;4;0;1;0;3;0;1;4;-26,92103178;-48,70856446;SPRF-SC;DEL04-SC;UOP04-DEL04-SC
580220;10/02/2024;sábado;08:00:00;MG;381;636,9;SANTO ANTONIO DO AMPARO;Velocidade Incompatível;Saída de leito carroçável;Com Vítimas Feridas;Pleno dia;Decrescente;Nublado;Dupla;"Declive;Curva";Não;2;0;1;0;0;1;1;2;-20,89141186;-44,8525565;SPRF-MG;DEL04-MG;UOP01-DEL04-MG
580221;10/02/2024;sábado;06:48:00;MG;262;575,6;CORREGO DANTA;Velocidade Incompatível;Tombamento;Com Vítimas Feridas;Pleno dia;Decrescente;Sol;Simples;Curva;Não;2;0;0;1;0;1;1;2;-19,69297478;-46,03637682;SPRF-MG;DEL08-MG;UOP02-DEL08-MG
580222;10/02/2024;sábado;09:45:00;SC;101;209,7;SAO JOSE;Velocidade Incompatível;Colisão traseira;Com Vítimas Feridas;Pleno dia;Decrescente;Céu Claro;Múltipla;Reta;Sim;4;0;1;0;2;1;1;4;-27,61000542;-48,63895057;SPRF-SC;DEL01-SC;UOP01-DEL01-SC
580228;10/02/2024;sábado;10:05:00;PI;343;15;PARNAIBA;Desrespeitar a preferência no cruzamento;Colisão transversal;Sem Vítimas;Pleno dia;Crescente;Chuva;Dupla;"Reta;Interseção de Vias";Sim;2;0;0;0;2;0;0;2;-2,93659;-41,754936;SPRF-PI;DEL05-PI;UOP01-DEL05-PI
580230;16/01/2024;terça-feira;10:50:00;PR;376;185;SARANDI;Ultrapassagem Indevida;Colisão lateral mesmo sentido;Com Vítimas Feridas;Pleno dia;Decrescente;Céu Claro;Múltipla;Reta;Sim;3;0;1;0;1;1;1;3;-23,45147413;-51,85361808;SPRF-PR;DEL09-PR;UOP01-DEL09-PR
580237;10/02/2024;sábado;07:20:00;MT;174;122;CACERES;Condutor Dormindo;Saída de leito carroçável;Com Vítimas Feridas;Pleno dia;Crescente;Céu Claro;Simples;Reta;Não;2;0;0;1;0;3;1;4;-15,82935414;-58,06396499;SPRF-MT;DEL03-MT;UOP01-DEL03-MT
580247;10/02/2024;sábado;12:30:00;MG;50;191,4;UBERABA;Problema com o freio;Colisão traseira;Com Vítimas Feridas;Pleno dia;Decrescente;Céu Claro;Dupla;"Declive;Reta";Não;17;0;5;4;7;2;9;10;-19,862761;-47,865264;SPRF-MG;DEL13-MG;UOP01-DEL13-MG
580259;10/02/2024;sábado;10:20:00;CE;116;17;ITAITINGA;Ausência de reação do condutor;Colisão com objeto;Sem Vítimas;Pleno dia;Crescente;Chuva;Dupla;Curva;Não;2;0;0;0;1;1;0;2;-3,89617918;-38,50336042;SPRF-CE;DEL01-CE;UOP02-DEL01-CE
580272;10/02/2024;sábado;14:15:00;SC;101;164;TIJUCAS;Ausência de reação do condutor;Colisão traseira;Com Vítimas Feridas;Pleno dia;Decrescente;Sol;Dupla;"Aclive;Ponte;Reta";Sim;2;0;1;0;1;0;1;2;-27,243868;-48,6309;SPRF-SC;DEL04-SC;UOP03-DEL04-SC
580273;10/02/2024;sábado;11:30:00;RS;386;393,5;TRIUNFO;Manobra de mudança de faixa;Colisão lateral mesmo sentido;Com Vítimas Feridas;Pleno dia;Crescente;Céu Claro;Dupla;Reta;Sim;5;0;2;0;3;0;2;3;-29,71176;-51,64938;SPRF-RS;DEL04-RS;UOP02-DEL04-RS
580276;10/02/2024;sábado;11:00:00;GO;452;5;RIO VERDE;Condutor deixou de manter distância do veículo da frente;Engavetamento;Sem Vítimas;Pleno dia;Decrescente;Céu Claro;Simples;"Aclive;Reta";Não;5;0;0;0;5;0;0;5;-17,810072;-50,861195;SPRF-GO;DEL04-GO;UOP01-DEL04-GO
580277;10/02/2024;sábado;14:00:00;AL;101;135;SAO MIGUEL DOS CAMPOS;Acostamento em desnível;Tombamento;Sem Vítimas;Pleno dia;Crescente;Nublado;Simples;Curva;Não;2;0;0;0;1;2;0;3;-9,78834902;-36,10509283;SPRF-AL;DEL02-AL;UOP01-DEL02-AL
580284;10/02/2024;sábado;14:00:00;RS;116;241;NOVO HAMBURGO;Condutor deixou de manter distância do veículo da frente;Engavetamento;Com Vítimas Feridas;Pleno dia;Crescente;Céu Claro;Dupla;Reta;Sim;7;0;2;0;5;0;2;4;-29,71396796;-51,1476744;SPRF-RS;DEL01-RS;UOP02-DEL01-RS
580287;10/02/2024;sábado;09:30:00;SC;282;625;IRACEMINHA;Carga excessiva e/ou mal acondicionada;Colisão frontal;Com Vítimas Feridas;Pleno dia;Decrescente;Sol;Simples;Curva;Não;2;0;1;0;0;1;1;2;-26,800232;-53,351334;SPRF-SC;DEL07-SC;UOP02-DEL07-SC
580290;10/02/2024;sábado;13:30:00;TO;153;552;OLIVEIRA DE FATIMA;Transitar na contramão;Colisão frontal;Com Vítimas Feridas;Pleno dia;Crescente;Chuva;Simples;"Reta;Aclive";Não;3;0;0;1;1;1;1;3;-10,66675097;-48,90822853;SPRF-TO;DEL01-TO;UOP01-DEL01-TO
580293;10/02/2024;sábado;14:00:00;RN;304;231;RIACHUELO;Condutor Dormindo;Saída de leito carroçável;Com Vítimas Feridas;Pleno dia;Decrescente;Céu Claro;Simples;Reta;Não;2;0;2;0;0;0;2;1;-5,752643;-35,8957;SPRF-RN;DEL01-RN;UOP02-DEL01-RN
580298;10/02/2024;sábado;09:20:00;SC;282;450,6;PONTE SERRADA;Mal súbito do condutor;Saída de leito carroçável;Com Vítimas Fatais;Pleno dia;Decrescente;Céu Claro;Simples;"Declive;Curva";Não;2;1;0;0;0;1;0;2;-26,920411;-51,9409027;SPRF-SC;DEL07-SC;UOP04-DEL07-SC
580306;10/02/2024;sábado;09:00:00;RJ;356;107;CARDOSO MOREIRA;Afundamento ou ondulação no pavimento;Tombamento;Sem Vítimas;Pleno dia;Decrescente;Sol;Simples;"Declive;Reta";Não;2;0;0;0;2;0;0;1;-21,54542261;-41,4746409;SPRF-RJ;DEL08-RJ;UOP03-DEL08-RJ
580327;10/02/2024;sábado;17:10:00;SP;116;348,5;MIRACATU;Reação tardia ou ineficiente do condutor;Saída de leito carroçável;Com Vítimas Feridas;Pleno dia;Decrescente;Nublado;Dupla;Curva;Não;2;0;1;0;0;1;1;2;-24,05143375;-47,20399492;SPRF-SP;DEL04-SP;UOP03-DEL04-SP
580329;10/02/2024;sábado;18:00:00;MG;381;430;SABARA;Velocidade Incompatível;Saída de leito carroçável;Com Vítimas Feridas;Anoitecer;Crescente;Céu Claro;Simples;Declive;Não;2;0;1;0;0;1;1;2;-19,78831547;-43,73175712;SPRF-MG;DEL01-MG;UOP01-DEL01-MG
580337;10/02/2024;sábado;16:00:00;MG;50;177;UBERABA;Condutor Dormindo;Saída de leito carroçável;Com Vítimas Feridas;Pleno dia;Crescente;Céu Claro;Dupla;Reta;Não;2;0;1;0;0;1;1;2;-19,77914852;-47,95047701;SPRF-MG;DEL13-MG;UOP01-DEL13-MG
580343;10/02/2024;sábado;18:00:00;RS;153;37,2;TRES ARROIOS;Ultrapassagem Indevida;Colisão frontal;Com Vítimas Feridas;Pleno dia;Decrescente;Céu Claro;Simples;Curva;Não;5;0;1;1;2;1;2;3;-27,56598492;-52,21728001;SPRF-RS;DEL08-RS;UOP04-DEL08-RS
580353;10/02/2024;sábado;17:00:00;RO;364;21,8;VILHENA;Reação tardia ou ineficiente do condutor;Colisão frontal;Com Vítimas Feridas;Pleno dia;Crescente;Chuva;Simples;Aclive;Não;6;0;3;2;0;7;5;10;-12,72595705;-60,192765;SPRF-RO;DEL04-RO;UOP01-DEL04-RO
580361;10/02/2024;sábado;18:15:00;MG;381;587,1;CARMOPOLIS DE MINAS;Ausência de reação do condutor;Colisão traseira;Com Vítimas Fatais;Anoitecer;Crescente;Céu Claro;Dupla;"Aclive;Reta";Sim;3;1;0;0;1;2;0;4;-20,5460261;-44,65677896;SPRF-MG;DEL04-MG;UOP01-DEL04-MG
580365;10/02/2024;sábado;19:00:00;MS;262;238;RIBAS DO RIO PARDO;Ultrapassagem Indevida;Colisão frontal;Com Vítimas Fatais;Plena Noite;Decrescente;Céu Claro;Simples;Reta;Sim;4;2;0;0;2;0;0;2;-20,4560229;-53,74643001;SPRF-MS;DEL01-MS;UOP01-DEL01-MS
580369;10/02/2024;sábado;20:00:00;MG;116;313,3;ITAMBACURI;Demais falhas mecânicas ou elétricas;Incêndio;Sem Vítimas;Pleno dia;Decrescente;Nublado;Simples;Reta;Não;3;0;0;0;2;1;0;2;-18,09344397;-41,68893313;SPRF-MG;DEL11-MG;UOP01-DEL11-MG
580389;10/02/2024;sábado;16:30:00;MT;158;624,5;NOVA XAVANTINA;Ultrapassagem Indevida;Colisão frontal;Com Vítimas Feridas;Pleno dia;Decrescente;Nublado;Simples;Reta;Não;3;0;1;0;1;3;1;5;-14,4847019;-52,28140519;SPRF-MT;DEL07-MT;UOP02-DEL07-MT
580392;10/02/2024;sábado;18:15:00;MG;262;589,9;CAMPOS ALTOS;Velocidade Incompatível;Tombamento;Sem Vítimas;Anoitecer;Decrescente;Céu Claro;Simples;Curva;Não;2;0;0;0;1;2;0;3;-19,65792178;-46,126369;SPRF-MG;DEL08-MG;UOP02-DEL08-MG
580393;10/02/2024;sábado;21:30:00;SC;101;396,5;MARACAJA;Demais falhas mecânicas ou elétricas;Incêndio;Sem Vítimas;Plena Noite;Decrescente;Céu Claro;Dupla;Reta;Não;2;0;0;0;1;1;0;2;-28,82459572;-49,40472033;SPRF-SC;DEL02-SC;UOP02-DEL02-SC
580401;10/02/2024;sábado;21:30:00;MG;365;543;ROMARIA;Transitar na contramão;Colisão frontal;Com Vítimas Feridas;Plena Noite;Crescente;Ignorado;Simples;Reta;Não;5;0;1;3;0;1;4;3;-18,93148287;-47,61932501;SPRF-MG;DEL10-MG;UOP01-DEL10-MG
580421;10/02/2024;sábado;23:50:00;RS;285;572;SAO LUIZ GONZAGA;Ausência de reação do condutor;Colisão traseira;Com Vítimas Feridas;Plena Noite;Decrescente;Céu Claro;Simples;"Reta;Declive";Não;6;0;4;0;2;0;4;2;-28,416843;-55,016129;SPRF-RS;DEL12-RS;UOP01-DEL12-RS
580432;11/02/2024;domingo;03:00:00;TO;230;82;CACHOEIRINHA;Ingestão de álcool pelo condutor;Colisão lateral sentido oposto;Sem Vítimas;Plena Noite;Crescente;Ignorado;Simples;Interseção de Vias;Não;3;0;0;0;2;1;0;3;-6,10098395;-47,90268299;SPRF-TO;DEL02-TO;UOP03-DEL02-TO
580438;11/02/2024;domingo;03:20:00;PI;343;344;TERESINA;Manobra de mudança de faixa;Colisão lateral sentido oposto;Sem Vítimas;Plena Noite;Crescente;Chuva;Simples;Reta;Sim;2;0;0;0;2;0;0;2;-5,094729;-42,762775;SPRF-PI;DEL01-PI;UOP01-DEL01-PI
580445;11/02/2024;domingo;02:00:00;MG;40;293,1;TRES MARIAS;Transitar na contramão;Colisão frontal;Com Vítimas Fatais;Plena Noite;Crescente;Nublado;Simples;Reta;Não;3;1;0;0;1;2;0;4;-18,29623795;-45,12429391;SPRF-MG;DEL14-MG;UOP02-DEL14-MG
580452;10/02/2024;sábado;17:00:00;BA;110;43;SANTA BRIGIDA;Manobra de mudança de faixa;Colisão frontal;Com Vítimas Fatais;Pleno dia;Decrescente;Céu Claro;Simples;"Reta;Declive";Não;4;1;0;0;2;1;0;4;-9,83277896;-38,26111719;SPRF-BA;DEL07-BA;UOP01-DEL07-BA
580461;11/02/2024;domingo;06:20:00;CE;116;17;EUSEBIO;Condutor Dormindo;Saída de leito carroçável;Sem Vítimas;Pleno dia;Decrescente;Chuva;Dupla;"Reta;Declive";Sim;2;0;0;0;1;1;0;2;-3,89617918;-38,50336042;SPRF-CE;DEL01-CE;UOP02-DEL01-CE
580482;11/02/2024;domingo;09:20:00;RS;392;52,3;RIO GRANDE;Manobra de mudança de faixa;Colisão traseira;Sem Vítimas;Pleno dia;Crescente;Chuva;Múltipla;Reta;Não;3;0;0;0;2;2;0;4;-31,85621898;-52,32534987;SPRF-RS;DEL07-RS;UOP02-DEL07-RS
580484;11/02/2024;domingo;09:25:00;MG;251;474,1;FRANCISCO SA;Velocidade Incompatível;Engavetamento;Com Vítimas Fatais;Pleno dia;Crescente;Sol;Simples;"Curva;Declive";Não;8;1;5;1;0;2;6;6;-16,47130466;-43,45673904;SPRF-MG;DEL12-MG;UOP01-DEL12-MG
580485;11/02/2024;domingo;08:05:00;MS;158;279;TRES LAGOAS;Condutor Dormindo;Colisão com objeto;Sem Vítimas;Pleno dia;Crescente;Céu Claro;Simples;Reta;Não;2;0;0;0;1;3;0;4;-20,81961778;-51,72596451;SPRF-MS;DEL07-MS;UOP01-DEL07-MS
580486;11/02/2024;domingo;07:00:00;MT;163;33,2;ITIQUIRA;Condutor Dormindo;Saída de leito carroçável;Com Vítimas Feridas;Pleno dia;Decrescente;Céu Claro;Dupla;Reta;Não;2;0;1;0;0;2;1;3;-17,22667198;-54,75934919;SPRF-MT;DEL02-MT;UOP03-DEL02-MT
580497;11/02/2024;domingo;08:40:00;RJ;393;236;VASSOURAS;Reação tardia ou ineficiente do condutor;Colisão lateral sentido oposto;Com Vítimas Feridas;Pleno dia;Crescente;Sol;Simples;Reta;Sim;3;0;0;1;1;1;1;3;-22,38996804;-43,64928296;SPRF-RJ;DEL05-RJ;UOP03-DEL05-RJ
580498;11/02/2024;domingo;09:10:00;MT;364;275,4;JACIARA;Acostamento em desnível;Tombamento;Com Vítimas Feridas;Pleno dia;Decrescente;Chuva;Simples;Reta;Sim;2;0;1;0;0;3;1;4;-15,95155464;-54,98514201;SPRF-MT;DEL05-MT;UOP02-DEL05-MT
580502;12/01/2024;sexta-feira;18:00:00;ES;101;239;FUNDAO;Pedestre cruzava a pista fora da faixa;Atropelamento de Pedestre;Com Vítimas Feridas;Anoitecer;Crescente;Céu Claro;Simples;Reta;Sim;3;0;1;0;1;2;1;4;-20,00782494;-40,40790907;SPRF-ES;DEL02-ES;UOP01-DEL02-ES
580508;11/02/2024;domingo;11:45:00;SC;101;187,7;BIGUACU;Pedestre andava na pista;Atropelamento de Pedestre;Com Vítimas Feridas;Pleno dia;Decrescente;Céu Claro;Dupla;Reta;Não;3;0;0;1;1;1;1;3;-27,44307116;-48,62848475;SPRF-SC;DEL01-SC;UOP01-DEL01-SC
580516;11/02/2024;domingo;12:25:00;SP;381;37;ATIBAIA;Ultrapassagem Indevida;Colisão com objeto;Sem Vítimas;Pleno dia;Decrescente;Céu Claro;Dupla;Reta;Sim;3;0;0;0;1;2;0;3;-23,10506237;-46,56881577;SPRF-SP;DEL03-SP;UOP01-DEL03-SP
580518;11/02/2024;domingo;12:15:00;GO;40;135,1;CRISTALINA;Retorno proibido;Colisão transversal;Com Vítimas Feridas;Pleno dia;Crescente;Garoa/Chuvisco;Simples;"Curva;Declive";Não;6;0;4;0;1;1;4;3;-16,938771;-47,320336;SPRF-DF;DEL01-DF;UOP02-DEL01-DF
580519;11/02/2024;domingo;08:45:00;PE;232;243,5;ARCOVERDE;Demais falhas mecânicas ou elétricas;Incêndio;Sem Vítimas;Pleno dia;Crescente;Céu Claro;Simples;Reta;Não;2;0;0;0;1;1;0;2;-8,41700383;-36,9892481;SPRF-PE;DEL04-PE;UOP02-DEL04-PE
580523;11/02/2024;domingo;12:30:00;SC;282;535,4;CHAPECO;Desrespeitar a preferência no cruzamento;Colisão transversal;Com Vítimas Feridas;Pleno dia;Decrescente;Sol;Simples;Interseção de Vias;Sim;4;0;1;0;3;0;1;2;-26,99942338;-52,64596939;SPRF-SC;DEL07-SC;UOP01-DEL07-SC
580525;11/02/2024;domingo;12:15:00;MG;153;189,6;FRUTAL;Velocidade Incompatível;Colisão frontal;Com Vítimas Feridas;Pleno dia;Decrescente;Garoa/Chuvisco;Simples;Curva;Não;4;0;1;0;1;2;1;4;-19,93202411;-48,95602032;SPRF-MG;DEL13-MG;UOP02-DEL13-MG
580527;05/02/2024;segunda-feira;07:10:00;SC;470;134,3;RIO DO SUL;Ausência de reação do condutor;Colisão traseira;Com Vítimas Feridas;Pleno dia;Crescente;Nublado;Simples;Reta;Sim;2;0;0;1;1;0;1;2;-27,17567694;-49,59106207;SPRF-SC;DEL04-SC;UOP02-DEL04-SC
580547;11/02/2024;domingo;15:45:00;MG;381;635;SANTO ANTONIO DO AMPARO;Ausência de reação do condutor;Tombamento;Com Vítimas Feridas;Pleno dia;Crescente;Nublado;Dupla;Curva;Não;2;0;1;0;0;1;1;2;-20,88278809;-44,85183046;SPRF-MG;DEL04-MG;UOP01-DEL04-MG
580550;11/02/2024;domingo;15:48:00;MG;381;853;POUSO ALEGRE;Condutor deixou de manter distância do veículo da frente;Colisão traseira;Com Vítimas Feridas;Pleno dia;Decrescente;Nublado;Dupla;Reta;Não;3;0;1;0;1;2;1;4;-22,30499294;-45,90167524;SPRF-MG;DEL16-MG;UOP01-DEL16-MG
580556;11/02/2024;domingo;14:50:00;GO;153;577;PROFESSOR JAMIL;Velocidade Incompatível;Colisão traseira;Com Vítimas Feridas;Pleno dia;Decrescente;Chuva;Dupla;Declive;Não;7;0;3;0;3;2;3;5;-17,362;-49,2477;SPRF-GO;DEL03-GO;UOP01-DEL03-GO
580560;11/02/2024;domingo;16:50:00;PA;10;153,9;PARAGOMINAS;Transitar na contramão;Colisão frontal;Com Vítimas Fatais;Amanhecer;Decrescente;Céu Claro;Simples;Reta;Não;7;2;0;3;1;1;3;4;-3,0890036;-47,479754;SPRF-PA;DEL02-PA;UOP01-DEL02-PA
580584;11/02/2024;domingo;18:00:00;PE;232;230;PESQUEIRA;Transitar na contramão;Colisão frontal;Sem Vítimas;Plena Noite;Crescente;Céu Claro;Simples;Reta;Não;2;0;0;0;1;1;0;2;-8,40207956;-36,87425106;SPRF-PE;DEL03-PE;UOP02-DEL03-PE
580593;11/02/2024;domingo;17:40:00;SC;282;588;SAUDADES;Velocidade Incompatível;Colisão lateral sentido oposto;Sem Vítimas;Pleno dia;Crescente;Sol;Simples;"Curva;Aclive";Não;2;0;0;0;1;1;0;2;-26,82600479;-53,07286978;SPRF-SC;DEL07-SC;UOP02-DEL07-SC
580628;11/02/2024;domingo;19:42:00;MT;364;1;ALTO ARAGUAIA;Ingestão de álcool pelo condutor;Colisão lateral sentido oposto;Sem Vítimas;Plena Noite;Crescente;Céu Claro;Simples;"Declive;Curva";Sim;3;0;0;0;2;1;0;3;-17,31077744;-53,22322369;SPRF-MT;DEL02-MT;UOP02-DEL02-MT
580633;11/02/2024;domingo;15:50:00;SC;282;49;VARGEM BONITA;Reação tardia ou ineficiente do condutor;Colisão com objeto;Sem Vítimas;Pleno dia;Crescente;Céu Claro;Simples;"Em Obras;Declive;Curva";Não;2;0;0;0;1;1;0;2;-26,911786;-51,787604;SPRF-SC;DEL01-SC;UOP03-DEL01-SC
580644;12/02/2024;segunda-feira;00:20:00;PR;373;203,5;IPIRANGA;Transitar na contramão;Colisão lateral sentido oposto;Com Vítimas Feridas;Plena Noite;Decrescente;Céu Claro;Simples;"Declive;Reta";Não;7;0;3;1;0;3;4;4;-25,11305618;-50,43166732;SPRF-PR;DEL03-PR;UOP01-DEL03-PR
580647;11/02/2024;domingo;23:04:00;MS;158;103;PARANAIBA;Ingestão de álcool pelo condutor;Colisão lateral mesmo sentido;Com Vítimas Feridas;Plena Noite;Crescente;Céu Claro;Simples;Reta;Não;6;0;2;0;3;1;2;3;-19,72704906;-51,13418411;SPRF-MS;DEL08-MS;UOP01-DEL08-MS
580651;12/02/2024;segunda-feira;01:05:00;TO;153;269;BRASILANDIA DO TOCANTINS;Transitar na contramão;Colisão lateral sentido oposto;Com Vítimas Fatais;Plena Noite;Crescente;Céu Claro;Simples;Reta;Não;3;1;0;0;2;0;0;3;-8,25476402;-48,46708978;SPRF-TO;DEL02-TO;UOP02-DEL02-TO
580658;12/02/2024;segunda-feira;00:45:00;PR;376;202,6;MANDAGUARI;Reação tardia ou ineficiente do condutor;Colisão traseira;Com Vítimas Feridas;Plena Noite;Crescente;Céu Claro;Dupla;Reta;Não;4;0;3;0;1;0;3;2;-23,50970969;-51,72123384;SPRF-PR;DEL09-PR;UOP01-DEL09-PR
580663;12/02/2024;segunda-feira;02:10:00;PR;163;212;CASCAVEL;Velocidade Incompatível;Tombamento;Sem Vítimas;Plena Noite;Crescente;Céu Claro;Dupla;Viaduto;Não;2;0;0;0;1;1;0;2;-24,89696671;-53,53287935;SPRF-PR;DEL05-PR;UOP05-DEL05-PR
580665;12/02/2024;segunda-feira;01:40:00;RO;364;209,7;PIMENTA BUENO;Acumulo de água sobre o pavimento;Saída de leito carroçável;Com Vítimas Feridas;Plena Noite;Decrescente;Chuva;Simples;Reta;Não;4;0;1;0;3;0;1;1;-11,59383384;-61,24554291;SPRF-RO;DEL02-RO;UOP02-DEL02-RO
580668;12/02/2024;segunda-feira;03:15:00;SC;101;192,4;BIGUACU;Condutor Dormindo;Tombamento;Com Vítimas Feridas;Plena Noite;Crescente;Céu Claro;Dupla;Curva;Não;2;0;1;1;0;0;2;1;-27,48443781;-48,64765238;SPRF-SC;DEL01-SC;UOP01-DEL01-SC
580679;11/02/2024;domingo;23:10:00;SC;163;70;SAO MIGUEL DO OESTE;Ingestão de álcool pelo condutor;Colisão transversal;Sem Vítimas;Plena Noite;Crescente;Céu Claro;Simples;Interseção de Vias;Sim;3;0;0;0;2;1;0;3;-26,73461723;-53,50680015;SPRF-SC;DEL07-SC;UOP03-DEL07-SC
580681;11/02/2024;domingo;22:50:00;RJ;101;175;MACAE;Velocidade Incompatível;Colisão frontal;Com Vítimas Fatais;Plena Noite;Decrescente;Céu Claro;Simples;Reta;Não;2;1;0;0;1;0;0;2;-22,37846293;-41,96901206;SPRF-RJ;DEL08-RJ;UOP04-DEL08-RJ
580685;12/02/2024;segunda-feira;04:50:00;PR;376;488,9;PONTA GROSSA;Manobra de mudança de faixa;Saída de leito carroçável;Com Vítimas Feridas;Plena Noite;Crescente;Céu Claro;Dupla;"Curva;Declive";Sim;4;0;1;0;2;4;1;6;-25,0916436;-50,19653338;SPRF-PR;DEL03-PR;UOP04-DEL03-PR
580688;12/02/2024;segunda-feira;06:05:00;SP;116;13,8;QUELUZ;Acumulo de água sobre o pavimento;Tombamento;Sem Vítimas;Amanhecer;Decrescente;Chuva;Dupla;Reta;Não;2;0;0;0;1;1;0;2;-22,55663517;-44,81924057;SPRF-SP;DEL08-SP;UOP02-DEL08-SP
580690;11/02/2024;domingo;17:00:00;PR;163;168;LINDOESTE;Reação tardia ou ineficiente do condutor;Saída de leito carroçável;Sem Vítimas;Pleno dia;Crescente;Céu Claro;Dupla;"Aclive;Reta";Não;1;0;0;0;1;0;0;1;-25,29248982;-53,57038619;SPRF-PR;DEL05-PR;UOP05-DEL05-PR
580699;12/02/2024;segunda-feira;02:00:00;MG;267;148;LIMA DUARTE;Condutor Dormindo;Saída de leito carroçável;Com Vítimas Feridas;Plena Noite;Decrescente;Nublado;Simples;Reta;Não;1;0;1;0;0;0;1;1;-21,81126926;-43,73579976;SPRF-MG;DEL05-MG;UOP01-DEL05-MG
580713;12/02/2024;segunda-feira;07:30:00;SC;470;70;INDAIAL;Demais falhas mecânicas ou elétricas;Colisão traseira;Com Vítimas Feridas;Pleno dia;Decrescente;Céu Claro;Dupla;"Aclive;Reta;Em Obras;Desvio Temporário";Sim;3;0;0;1;2;0;1;2;-26,889374;-49,254478;SPRF-SC;DEL04-SC;UOP01-DEL04-SC
580715;09/02/2024;sexta-feira;03:40:00;SC;101;307,7;LAGUNA;Condutor Dormindo;Colisão traseira;Com Vítimas Feridas;Plena Noite;Crescente;Céu Claro;Múltipla;Viaduto;Não;3;0;1;0;2;0;1;2;-28,39199505;-48,77826295;SPRF-SC;DEL02-SC;UOP03-DEL02-SC
580723;12/02/2024;segunda-feira;09:00:00;PR;376;191;MARIALVA;Condutor deixou de manter distância do veículo da frente;Colisão traseira;Com Vítimas Feridas;Pleno dia;Decrescente;Nublado;Múltipla;"Reta;Declive";Não;2;0;1;0;1;0;1;2;-23,47560277;-51,81167587;SPRF-PR;DEL09-PR;UOP01-DEL09-PR
580725;12/02/2024;segunda-feira;08:50:00;SC;280;192,8;MAFRA;Velocidade Incompatível;Colisão traseira;Com Vítimas Feridas;Pleno dia;Crescente;Céu Claro;Simples;"Aclive;Reta";Não;3;0;0;1;1;2;1;4;-26,17893079;-49,99673293;SPRF-SC;DEL06-SC;UOP01-DEL06-SC
580734;12/02/2024;segunda-feira;07:40:00;RJ;356;163;CAMPOS DOS GOYTACAZES;Ultrapassagem Indevida;Colisão frontal;Com Vítimas Fatais;Pleno dia;Crescente;Céu Claro;Simples;Reta;Não;2;1;0;0;1;0;0;2;-21,70969582;-41,14093103;SPRF-RJ;DEL08-RJ;UOP02-DEL08-RJ
580736;12/02/2024;segunda-feira;09:15:00;SC;101;223;PALHOCA;Condutor deixou de manter distância do veículo da frente;Colisão traseira;Com Vítimas Feridas;Pleno dia;Decrescente;Sol;Dupla;Reta;Não;2;0;1;0;0;1;1;2;-27,71552634;-48,64881251;SPRF-SC;DEL01-SC;UOP02-DEL01-SC
580740;12/02/2024;segunda-feira;09:10:00;BA;101;771;ITAMARAJU;Velocidade Incompatível;Tombamento;Com Vítimas Feridas;Pleno dia;Crescente;Nublado;Simples;Curva;Não;2;0;1;0;0;2;1;3;-16,91561807;-39,52897099;SPRF-BA;DEL09-BA;UOP01-DEL09-BA
580744;12/02/2024;segunda-feira;07:10:00;RJ;116;245;PIRAI;Ausência de reação do condutor;Colisão com objeto;Sem Vítimas;Pleno dia;Decrescente;Céu Claro;Dupla;Reta;Não;2;0;0;0;1;1;0;2;-22,62040692;-43,92593694;SPRF-RJ;DEL07-RJ;UOP01-DEL07-RJ
580747;12/02/2024;segunda-feira;11:20:00;ES;101;229,5;FUNDAO;Condutor desrespeitou a iluminação vermelha do semáforo;Colisão transversal;Com Vítimas Feridas;Pleno dia;Crescente;Céu Claro;Dupla;Reta;Sim;8;0;1;0;6;1;1;4;-19,933467;-40,405019;SPRF-ES;DEL02-ES;UOP01-DEL02-ES
580755;12/02/2024;segunda-feira;12:30:00;ES;101;356,2;ANCHIETA;Curva acentuada;Colisão lateral mesmo sentido;Com Vítimas Feridas;Pleno dia;Decrescente;Sol;Dupla;Curva;Não;3;0;1;0;1;1;1;2;-20,69339794;-40,68748402;SPRF-ES;DEL03-ES;UOP01-DEL03-ES
580762;12/02/2024;segunda-feira;14:10:00;MG;381;534,9;ITATIAIUCU;Condutor Dormindo;Saída de leito carroçável;Com Vítimas Feridas;Pleno dia;Crescente;Céu Claro;Dupla;Reta;Sim;2;0;1;0;1;0;1;1;-20,20728901;-44,39007699;SPRF-MG;DEL04-MG;UOP03-DEL04-MG