id;data_inversa;dia_semana;horario;uf;br;km;municipio;causa_acidente;tipo_acidente;classificacao_acidente;fase_dia;sentido_via;condicao_metereologica;tipo_pista;tracado_via;uso_solo;pessoas;mortos;feridos_leves;feridos_graves;ilesos;ignorados;feridos;veiculos;latitude;longitude;regional;delegacia;uop
581178;14/02/2024;quarta-feira;18:05:00;MS;163;543;BANDEIRANTES;Velocidade Incompatível;Colisão traseira;Com Vítimas Feridas;Anoitecer;Crescente;Céu Claro;Simples;Declive;Não;4;0;2;0;1;2;2;4;-19,96315981;-54,37880145;SPRF-MS;DEL01-MS;UOP02-DEL01-MS
581182;14/02/2024;quarta-feira;18:30:00;SP;116;414;JUQUIA;Pista Escorregadia;Colisão com objeto;Com Vítimas Feridas;Anoitecer;Decrescente;Chuva;Dupla;Curva;Sim;2;0;1;0;0;1;1;2;-24,33164;-47,632774;SPRF-SP;DEL05-SP;UOP01-DEL05-SP
581190;14/02/2024;quarta-feira;16:50:00;MG;153;12,1;ARAPORA;Ausência de reação do condutor;Saída de leito carroçável;Com Vítimas Feridas;Pleno dia;Decrescente;Nublado;Dupla;"Reta;Aclive";Não;3;0;1;0;0;3;1;4;-18,52415703;-49,19080383;SPRF-MG;DEL15-MG;UOP03-DEL15-MG
581191;14/02/2024;quarta-feira;18:59:00;ES;101;117,9;SOORETAMA;Ausência de reação do condutor;Colisão lateral sentido oposto;Com Vítimas Feridas;Plena Noite;Crescente;Nublado;Simples;Reta;Não;3;0;0;1;2;0;1;3;-19,11932808;-40,06302982;SPRF-ES;DEL04-ES;UOP01-DEL04-ES
581199;14/02/2024;quarta-feira;17:15:00;PI;316;9;TERESINA;Manobra de mudança de faixa;Colisão traseira;Com Vítimas Feridas;Pleno dia;Decrescente;Céu Claro;Múltipla;Reta;Sim;2;0;1;0;1;0;1;2;-5,17381686;-42,76624952;SPRF-PI;DEL01-PI;UOP02-DEL01-PI
581203;14/02/2024;quarta-feira;16:20:00;MG;262;651,8;IBIA;Ultrapassagem Indevida;Colisão lateral sentido oposto;Com Vítimas Feridas;Pleno dia;Crescente;Céu Claro;Simples;Curva;Não;8;0;2;3;2;3;5;5;-19,57399291;-46,64068393;SPRF-MG;DEL08-MG;UOP01-DEL08-MG
581206;14/02/2024;quarta-feira;16:10:00;SC;282;64,2;RANCHO QUEIMADO;Velocidade Incompatível;Colisão frontal;Com Vítimas Fatais;Pleno dia;Crescente;Chuva;Simples;"Curva;Aclive";Não;3;1;0;0;1;1;0;3;-27,6972083;-49,0548425;SPRF-SC;DEL01-SC;UOP03-DEL01-SC
581210;14/02/2024;quarta-feira;17:30:00;PR;373;382;CANDOI;Carga excessiva e/ou mal acondicionada;Tombamento;Com Vítimas Feridas;Anoitecer;Crescente;Chuva;Simples;"Aclive;Curva";Não;2;0;1;0;0;1;1;2;-25,45986871;-51,95529605;SPRF-PR;DEL04-PR;UOP02-DEL04-PR
581216;14/02/2024;quarta-feira;20:30:00;MG;251;472,2;FRANCISCO SA;Demais falhas mecânicas ou elétricas;Saída de leito carroçável;Com Vítimas Feridas;Plena Noite;Crescente;Céu Claro;Simples;Curva;Não;1;0;1;0;0;0;1;1;-16,47178962;-43,42554331;SPRF-MG;DEL12-MG;UOP01-DEL12-MG
581232;15/02/2024;quinta-feira;00:00:00;BA;407;48;JUAZEIRO;Ausência de reação do condutor;Capotamento;Com Vítimas Feridas;Plena Noite;Crescente;Nublado;Simples;Reta;Não;2;0;2;0;0;0;2;1;-9,79759009;-40,32393919;SPRF-BA;DEL04-BA;UOP01-DEL04-BA
581235;15/02/2024;quinta-feira;04:50:00;RJ;493;15;GUAPIMIRIM;Pedestre andava na pista;Atropelamento de Pedestre;Com Vítimas Feridas;Amanhecer;Crescente;Garoa/Chuvisco;Simples;Curva;Sim;2;0;1;0;1;0;1;2;-22,66373586;-42,996068;SPRF-RJ;DEL04-RJ;UOP02-DEL04-RJ
581237;15/02/2024;quinta-feira;05:10:00;AL;101;192;JUNQUEIRO;Ausência de reação do condutor;Colisão frontal;Com Vítimas Feridas;Amanhecer;Crescente;Céu Claro;Simples;"Curva;Declive";Não;4;0;1;2;0;2;3;4;-9,9310339;-36,47516;SPRF-AL;DEL02-AL;UOP02-DEL02-AL
581239;15/02/2024;quinta-feira;06:38:00;MG;262;376,6;JUATUBA;Ausência de reação do condutor;Colisão com objeto;Com Vítimas Fatais;Pleno dia;Crescente;Nublado;Dupla;Reta;Sim;4;1;2;1;0;0;3;2;-19,95649717;-44,346577;SPRF-MG;DEL01-MG;UOP03-DEL01-MG
581240;15/02/2024;quinta-feira;03:20:00;SP;116;516;CAJATI;Reação tardia ou ineficiente do condutor;Tombamento;Com Vítimas Feridas;Plena Noite;Decrescente;Chuva;Simples;"Curva;Declive;Ponte";Não;2;0;1;0;0;1;1;2;-24,87423036;-48,2190838;SPRF-SP;DEL05-SP;UOP02-DEL05-SP
581248;15/02/2024;quinta-feira;06:42:00;TO;153;347,3;GUARAI;Conversão proibida;Saída de leito carroçável;Com Vítimas Feridas;Pleno dia;Crescente;Céu Claro;Simples;Reta;Não;4;0;2;0;1;2;2;4;-8,84481597;-48,5107318;SPRF-TO;DEL02-TO;UOP02-DEL02-TO
581254;15/02/2024;quinta-feira;06:15:00;RJ;116;169,9;RIO DE JANEIRO;Reação tardia ou ineficiente do condutor;Colisão traseira;Com Vítimas Feridas;Pleno dia;Decrescente;Nublado;Dupla;Reta;Sim;2;0;1;0;1;0;1;2;-22,816206;-43,324463;SPRF-RJ;DEL06-RJ;UOP01-DEL06-RJ
581264;15/02/2024;quinta-feira;08:15:00;MG;40;801,4;MATIAS BARBOSA;Chuva;Saída de leito carroçável;Com Vítimas Feridas;Pleno dia;Decrescente;Chuva;Dupla;"Aclive;Curva";Não;3;0;1;0;1;1;1;3;-21,84672919;-43,37899486;SPRF-MG;DEL05-MG;UOP01-DEL05-MG
581266;15/02/2024;quinta-feira;06:00:00;PR;277;283,4;PRUDENTOPOLIS;Ausência de reação do condutor;Saída de leito carroçável;Com Vítimas Feridas;Pleno dia;Decrescente;Chuva;Simples;Curva;Não;2;0;0;1;0;1;1;2;-25,31609767;-51,00059509;SPRF-PR;DEL08-PR;UOP02-DEL08-PR
581267;15/02/2024;quinta-feira;08:35:00;SC;101;114,3;ITAJAI;Ausência de reação do condutor;Colisão lateral mesmo sentido;Com Vítimas Feridas;Pleno dia;Decrescente;Nublado;Dupla;Reta;Não;4;0;1;0;2;1;1;3;-26,86192886;-48,7286704;SPRF-SC;DEL04-SC;UOP04-DEL04-SC
581270;15/02/2024;quinta-feira;09:40:00;DF;251;7;BRASILIA;Acessar a via sem observar a presença dos outros veículos;Colisão transversal;Com Vítimas Feridas;Pleno dia;Decrescente;Céu Claro;Simples;Reta;Sim;3;0;1;0;1;3;1;5;-15,998561;-47,565559;SPRF-DF;DEL01-DF;UOP01-DEL01-DF
581275;15/02/2024;quinta-feira;10:50:00;PR;116;40;CAMPINA GRANDE DO SUL;Frear bruscamente;Colisão traseira;Com Vítimas Feridas;Pleno dia;Decrescente;Garoa/Chuvisco;Múltipla;Reta;Não;5;0;1;0;3;1;1;4;-25,16445203;-48,86237697;SPRF-PR;DEL01-PR;UOP02-DEL01-PR
581278;15/02/2024;quinta-feira;10:15:00;SP;381;76,5;SAO PAULO;Velocidade Incompatível;Tombamento;Sem Vítimas;Pleno dia;Crescente;Garoa/Chuvisco;Dupla;"Curva;Declive";Não;2;0;0;0;1;2;0;3;-23,38372401;-46,56502116;SPRF-SP;DEL03-SP;UOP01-DEL03-SP
581288;15/02/2024;quinta-feira;11:20:00;MT;163;1023;TERRA NOVA DO NORTE;Transitar na contramão;Colisão frontal;Com Vítimas Feridas;Pleno dia;Crescente;Céu Claro;Simples;Reta;Não;3;0;0;1;1;3;1;5;-10,42214799;-55,05698507;SPRF-MT;DEL06-MT;UOP03-DEL06-MT
581292;15/02/2024;quinta-feira;08:45:00;RS;285;207;LAGOA VERMELHA;Ultrapassagem Indevida;Colisão lateral mesmo sentido;Com Vítimas Feridas;Pleno dia;Decrescente;Nublado;Simples;Reta;Não;5;0;2;0;2;1;2;3;-28,22011;-51,588711;SPRF-RS;DEL08-RS;UOP05-DEL08-RS
581293;15/02/2024;quinta-feira;11:50:00;PB;101;119,3;CAAPORA;Demais falhas mecânicas ou elétricas;Colisão com objeto;Sem Vítimas;Pleno dia;Decrescente;Nublado;Dupla;"Desvio Temporário;Aclive;Reta";Não;2;0;0;0;1;1;0;2;-7,43090049;-34,96810913;SPRF-PB;DEL01-PB;UOP02-DEL01-PB
581295;15/02/2024;quinta-feira;07:30:00;RO;435;35,7;VILHENA;Transitar na contramão;Colisão frontal;Sem Vítimas;Pleno dia;Crescente;Céu Claro;Simples;Declive;Não;2;0;0;0;2;0;0;2;-12,84736708;-60,37897271;SPRF-RO;DEL04-RO;UOP02-DEL04-RO
581298;15/02/2024;quinta-feira;13:00:00;AL;101;121;PILAR;Demais falhas na via;Colisão com objeto;Com Vítimas Feridas;Pleno dia;Decrescente;Céu Claro;Simples;Aclive;Não;2;0;1;0;0;1;1;2;-9,68088104;-36,03736984;SPRF-AL;DEL02-AL;UOP01-DEL02-AL
581299;15/02/2024;quinta-feira;09:40:00;SC;101;94,5;BARRA VELHA;Desrespeitar a preferência no cruzamento;Colisão transversal;Com Vítimas Feridas;Pleno dia;Decrescente;Céu Claro;Simples;"Interseção de Vias;Viaduto";Sim;3;0;0;1;2;0;1;3;-26,69940401;-48,69902784;SPRF-SC;DEL03-SC;UOP02-DEL03-SC
581302;15/02/2024;quinta-feira;13:45:00;SC;153;97;CONCORDIA;Acessar a via sem observar a presença dos outros veículos;Colisão transversal;Com Vítimas Feridas;Pleno dia;Crescente;Chuva;Simples;Rotatória;Sim;2;0;1;0;1;0;1;2;-27,22456262;-51,95003271;SPRF-SC;DEL07-SC;UOP04-DEL07-SC
581305;15/02/2024;quinta-feira;13:30:00;RS;285;566;SAO LUIZ GONZAGA;Acessar a via sem observar a presença dos outros veículos;Colisão transversal;Com Vítimas Feridas;Pleno dia;Crescente;Nublado;Simples;Curva;Sim;4;0;1;0;2;2;1;4;-28,41718287;-54,93812084;SPRF-RS;DEL10-RS;UOP01-DEL10-RS
581309;15/02/2024;quinta-feira;12:15:00;GO;20;199,7;POSSE;Condutor Dormindo;Colisão lateral sentido oposto;Com Vítimas Feridas;Pleno dia;Decrescente;Sol;Simples;"Declive;Reta";Não;4;0;0;1;2;1;1;3;-14,322757;-46,443226;SPRF-DF;DEL02-DF;UOP03-DEL02-DF
581312;15/02/2024;quinta-feira;09:00:00;MT;70;94;GENERAL CARNEIRO;Velocidade Incompatível;Saída de leito carroçável;Sem Vítimas;Pleno dia;Decrescente;Céu Claro;Simples;Curva;Não;5;0;0;0;1;5;0;4;-15,57393657;-52,89453804;SPRF-MT;DEL07-MT;UOP01-DEL07-MT
581313;10/02/2024;sábado;03:15:00;PR;163;315;TERRA ROXA;Ausência de reação do condutor;Saída de leito carroçável;Com Vítimas Feridas;Plena Noite;Decrescente;Ignorado;Simples;Reta;Não;2;0;1;0;0;1;1;2;-24,38679711;-54,15455126;SPRF-PR;DEL06-PR;UOP02-DEL06-PR
581316;11/02/2024;domingo;11:00:00;BA;242;187;ITABERABA;Acessar a via sem observar a presença dos outros veículos;Colisão transversal;Com Vítimas Feridas;Pleno dia;Crescente;Nublado;Simples;Reta;Não;3;0;0;1;1;2;1;4;-12,51278988;-39,93116205;SPRF-BA;DEL06-BA;UOP02-DEL06-BA
581318;15/02/2024;quinta-feira;13:05:00;ES;101;283;CARIACICA;Manobra de mudança de faixa;Colisão lateral mesmo sentido;Com Vítimas Feridas;Pleno dia;Decrescente;Céu Claro;Dupla;Reta;Sim;4;0;1;0;2;2;1;4;-20,23438373;-40,3693577;SPRF-ES;DEL01-ES;UOP01-DEL01-ES
581321;15/02/2024;quinta-feira;13:50:00;RJ;101;195,1;CASIMIRO DE ABREU;Chuva;Saída de leito carroçável;Com Vítimas Feridas;Pleno dia;Decrescente;Céu Claro;Dupla;Curva;Não;4;0;0;1;3;0;1;1;-22,49291972;-42,10082991;SPRF-RJ;DEL08-RJ;UOP04-DEL08-RJ
581323;15/02/2024;quinta-feira;14:50:00;MG;381;501,9;BETIM;Acessar a via sem observar a presença dos outros veículos;Colisão lateral mesmo sentido;Com Vítimas Feridas;Pleno dia;Crescente;Céu Claro;Dupla;Interseção de Vias;Não;4;0;1;0;2;1;1;3;-20,03146447;-44,2377893;SPRF-MG;DEL01-MG;UOP03-DEL01-MG
581330;15/02/2024;quinta-feira;06:30:00;SC;282;73,1;RANCHO QUEIMADO;Reação tardia ou ineficiente do condutor;Tombamento;Com Vítimas Feridas;Pleno dia;Decrescente;Nublado;Simples;Reta;Não;1;0;1;0;0;0;1;1;-27,681437;-49,113388;SPRF-SC;DEL01-SC;UOP03-DEL01-SC
581333;15/02/2024;quinta-feira;14:56:00;PR;116;120,5;CURITIBA;Animais na Pista;Engavetamento;Com Vítimas Feridas;Pleno dia;Decrescente;Nublado;Dupla;Reta;Não;8;0;3;0;5;0;3;5;-25,55122256;-49,30503748;SPRF-PR;DEL01-PR;UOP03-DEL01-PR
581335;15/02/2024;quinta-feira;14:59:00;MS;163;158;JUTI;Problema com o freio;Colisão traseira;Com Vítimas Feridas;Pleno dia;Crescente;Nublado;Simples;Declive;Não;7;0;3;1;2;1;4;3;-22,92723393;-54,494378;SPRF-MS;DEL09-MS;UOP01-DEL09-MS
581336;15/02/2024;quinta-feira;15:45:00;RS;470;225;GARIBALDI;Acessar a via sem observar a presença dos outros veículos;Colisão transversal;Com Vítimas Feridas;Pleno dia;Crescente;Nublado;Simples;Rotatória;Sim;2;0;1;0;1;0;1;2;-29,24660013;-51,51601374;SPRF-RS;DEL06-RS;UOP01-DEL06-RS
581337;15/02/2024;quinta-feira;15:00:00;PR;476;76,8;BOCAIUVA DO SUL;Frear bruscamente;Colisão frontal;Com Vítimas Fatais;Pleno dia;Crescente;Garoa/Chuvisco;Simples;"Declive;Reta";Não;3;1;0;0;1;1;0;3;-25,10540022;-49,11043167;SPRF-PR;DEL01-PR;UOP01-DEL01-PR
581338;15/02/2024;quinta-feira;09:05:00;BA;116;601,9;IRAJUBA;Demais falhas mecânicas ou elétricas;Incêndio;Sem Vítimas;Pleno dia;Decrescente;Céu Claro;Simples;Reta;Não;2;0;0;0;1;1;0;2;-13,21447505;-40,02668493;SPRF-BA;DEL03-BA;UOP02-DEL03-BA
581341;15/02/2024;quinta-feira;14:00:00;MG;116;3,2;DIVISA ALEGRE;Conversão proibida;Colisão lateral mesmo sentido;Com Vítimas Fatais;Pleno dia;Decrescente;Céu Claro;Simples;Reta;Sim;3;1;1;0;1;0;1;2;-15,72873841;-41,34327119;SPRF-BA;DEL08-BA;UOP03-DEL08-BA
581343;15/02/2024;quinta-feira;16:00:00;MG;381;848;POUSO ALEGRE;Frear bruscamente;Colisão com objeto;Com Vítimas Feridas;Pleno dia;Decrescente;Nublado;Dupla;Reta;Não;5;0;3;0;1;1;3;3;-22,26114406;-45,89010176;SPRF-MG;DEL16-MG;UOP01-DEL16-MG
581354;15/02/2024;quinta-feira;15:00:00;BA;101;724;EUNAPOLIS;Reação tardia ou ineficiente do condutor;Saída de leito carroçável;Com Vítimas Feridas;Pleno dia;Decrescente;Céu Claro;Simples;"Declive;Curva";Não;2;0;1;0;0;1;1;2;-16,41636774;-39,5847702;SPRF-BA;DEL09-BA;UOP01-DEL09-BA
581366;15/02/2024;quinta-feira;17:50:00;MG;251;522,3;MONTES CLAROS;Chuva;Colisão frontal;Com Vítimas Fatais;Anoitecer;Crescente;Chuva;Simples;"Reta;Declive";Não;14;3;4;6;0;1;10;3;-16,6754567;-43,7987724;SPRF-MG;DEL12-MG;UOP01-DEL12-MG
581368;15/02/2024;quinta-feira;17:07:00;TO;153;482;PARAISO DO TOCANTINS;Reação tardia ou ineficiente do condutor;Saída de leito carroçável;Com Vítimas Feridas;Pleno dia;Decrescente;Céu Claro;Simples;Aclive;Não;2;0;1;0;0;1;1;2;-10,06579181;-48,84446013;SPRF-TO;DEL01-TO;UOP01-DEL01-TO
581375;05/02/2024;segunda-feira;15:20:00;RJ;101;32;CAMPOS DOS GOYTACAZES;Transitar na contramão;Colisão lateral sentido oposto;Com Vítimas Feridas;Pleno dia;Decrescente;Chuva;Simples;"Reta;Aclive";Não;3;0;1;1;0;1;2;3;-21,48225101;-41,33958897;SPRF-RJ;DEL08-RJ;UOP01-DEL08-RJ
581380;15/02/2024;quinta-feira;19:30:00;MG;262;391;FLORESTAL;Objeto estático sobre o leito carroçável;Tombamento;Com Vítimas Feridas;Plena Noite;Crescente;Chuva;Dupla;"Declive;Reta";Não;3;0;3;0;0;0;3;1;-19,92369912;-44,46409813;SPRF-MG;DEL01-MG;UOP03-DEL01-MG
581383;15/02/2024;quinta-feira;18:30:00;MS;262;350;CAMPO GRANDE;Acessar a via sem observar a presença dos outros veículos;Colisão traseira;Com Vítimas Feridas;Pleno dia;Crescente;Céu Claro;Dupla;Reta;Não;2;0;0;1;1;0;1;2;-20,56994516;-54,64056096;SPRF-MS;DEL01-MS;UOP03-DEL01-MS
581403;16/02/2024;sexta-feira;03:57:00;TO;153;143;ARAGUAINA;Ausência de reação do condutor;Colisão traseira;Com Vítimas Fatais;Plena Noite;Crescente;Nublado;Múltipla;Reta;Sim;3;1;0;0;1;2;0;4;-7,18866332;-48,23207966;SPRF-TO;DEL02-TO;UOP01-DEL02-TO
581410;16/02/2024;sexta-feira;04:55:00;PR;369;445,9;UBIRATA;Condutor Dormindo;Colisão traseira;Com Vítimas Feridas;Plena Noite;Crescente;Nublado;Simples;Reta;Não;2;0;1;0;1;0;1;2;-24,548;-52,9479;SPRF-PR;DEL04-PR;UOP03-DEL04-PR
581411;16/02/2024;sexta-feira;03:30:00;BA;242;558;OLIVEIRA DOS BREJINHOS;Condutor Dormindo;Tombamento;Com Vítimas Feridas;Plena Noite;Decrescente;Céu Claro;Simples;Reta;Não;3;0;1;0;1;2;1;3;-12,06598813;-43,10633227;SPRF-BA;DEL06-BA;UOP03-DEL06-BA
581412;16/02/2024;sexta-feira;05:30:00;RJ;116;42,9;TERESOPOLIS;Condutor deixou de manter distância do veículo da frente;Colisão traseira;Com Vítimas Feridas;Amanhecer;Crescente;Nevoeiro/Neblina;Simples;Reta;Não;2;0;1;0;0;1;1;2;-22,14560636;-42,79362881;SPRF-RJ;DEL04-RJ;UOP01-DEL04-RJ
581413;15/02/2024;quinta-feira;16:55:00;SC;101;396;MARACAJA;Ausência de reação do condutor;Colisão traseira;Com Vítimas Feridas;Pleno dia;Crescente;Céu Claro;Múltipla;Aclive;Não;2;0;0;1;1;0;1;2;-28,82459572;-49,40472033;SPRF-SC;DEL02-SC;UOP02-DEL02-SC
581414;16/02/2024;sexta-feira;05:18:00;PR;277;404,8;CANDOI;Condutor Dormindo;Saída de leito carroçável;Com Vítimas Feridas;Plena Noite;Decrescente;Nublado;Simples;Reta;Não;2;0;1;0;1;0;1;1;-25,45842513;-51,96393708;SPRF-PR;DEL04-PR;UOP02-DEL04-PR
581419;16/02/2024;sexta-feira;07:00:00;RS;392;12,5;RIO GRANDE;Manobra de mudança de faixa;Colisão lateral mesmo sentido;Com Vítimas Feridas;Pleno dia;Decrescente;Céu Claro;Dupla;Reta;Sim;2;0;1;0;1;0;1;2;-32,12601434;-52,13875392;SPRF-RS;DEL07-RS;UOP02-DEL07-RS
581421;16/02/2024;sexta-feira;06:00:00;SC;153;92,7;CONCORDIA;Transitar na contramão;Colisão lateral sentido oposto;Com Vítimas Feridas;Amanhecer;Crescente;Nublado;Simples;Reta;Não;2;0;1;0;1;0;1;2;-27,185669;-51,931538;SPRF-SC;DEL07-SC;UOP04-DEL07-SC
581423;16/02/2024;sexta-feira;04:30:00;GO;153;564;PROFESSOR JAMIL;Ausência de reação do condutor;Saída de leito carroçável;Com Vítimas Feridas;Amanhecer;Decrescente;Chuva;Dupla;"Declive;Curva";Não;8;0;2;0;6;0;2;6;-17,2476;-49,2417;SPRF-GO;DEL03-GO;UOP01-DEL03-GO
581424;15/02/2024;quinta-feira;16:30:00;AM;174;1079;PRESIDENTE FIGUEIREDO;Pista Escorregadia;Colisão com objeto;Com Vítimas Feridas;Pleno dia;Decrescente;Chuva;Simples;"Declive;Curva";Não;2;0;1;0;0;1;1;2;-1,36714986;-60,35853186;SPRF-AM;DEL01-AM;UOP02-DEL01-AM
581437;16/02/2024;sexta-feira;08:35:00;RS;470;166,8;VILA FLORES;Reação tardia ou ineficiente do condutor;Colisão traseira;Com Vítimas Feridas;Pleno dia;Decrescente;Chuva;Simples;"Reta;Declive";Não;3;0;1;0;1;1;1;3;-28,8560509;-51,55771673;SPRF-RS;DEL06-RS;UOP02-DEL06-RS
581443;16/02/2024;sexta-feira;09:35:00;MG;40;795;JUIZ DE FORA;Reação tardia ou ineficiente do condutor;Colisão traseira;Sem Vítimas;Anoitecer;Crescente;Céu Claro;Dupla;Reta;Não;2;0;0;0;2;0;0;2;-21,80351702;-43,39998309;SPRF-MG;DEL05-MG;UOP01-DEL05-MG
581447;16/02/2024;sexta-feira;04:30:00;MG;381;532;ITATIAIUCU;Condutor Dormindo;Tombamento;Com Vítimas Fatais;Plena Noite;Decrescente;Céu Claro;Dupla;"Declive;Curva";Não;3;1;0;0;0;2;0;3;-20,1904316;-44,38268793;SPRF-MG;DEL04-MG;UOP03-DEL04-MG
581448;08/02/2024;quinta-feira;11:20:00;MS;163;539;BANDEIRANTES;Chuva;Atropelamento de Pedestre;Com Vítimas Feridas;Pleno dia;Crescente;Chuva;Simples;Reta;Não;2;0;0;1;0;1;1;2;-19,9894849;-54,39027124;SPRF-MS;DEL01-MS;UOP02-DEL01-MS
581454;16/02/2024;sexta-feira;08:50:00;PR;163;186,1;SANTA TEREZA DO OESTE;Velocidade Incompatível;Colisão traseira;Sem Vítimas;Pleno dia;Decrescente;Nublado;Dupla;Curva;Não;3;0;0;0;2;2;0;4;-25,12777504;-53,5882494;SPRF-PR;DEL05-PR;UOP05-DEL05-PR
581459;16/02/2024;sexta-feira;10:35:00;PR;163;255,5;TOLEDO;Reação tardia ou ineficiente do condutor;Colisão traseira;Com Vítimas Feridas;Pleno dia;Crescente;Sol;Dupla;Reta;Não;3;0;0;1;1;1;1;3;-24,68418265;-53,77699081;SPRF-PR;DEL06-PR;UOP02-DEL06-PR
581464;16/02/2024;sexta-feira;12:30:00;MG;50;54,2;ARAGUARI;Demais falhas mecânicas ou elétricas;Tombamento;Com Vítimas Feridas;Pleno dia;Crescente;Nublado;Dupla;"Declive;Curva";Não;2;0;1;0;0;1;1;2;-18,76664393;-48,24409132;SPRF-MG;DEL15-MG;UOP02-DEL15-MG
581465;16/02/2024;sexta-feira;11:15:00;RR;401;13;BOA VISTA;Reação tardia ou ineficiente do condutor;Colisão transversal;Com Vítimas Feridas;Pleno dia;Crescente;Céu Claro;Múltipla;Reta;Sim;2;0;1;0;1;0;1;2;2,827483;-60,591545;SPRF-RR;DEL01-RR;UOP01-DEL01-RR
581467;16/02/2024;sexta-feira;10:30:00;MG;381;532;ITATIAIUCU;Condutor deixou de manter distância do veículo da frente;Colisão lateral mesmo sentido;Sem Vítimas;Pleno dia;Crescente;Nublado;Dupla;"Reta;Aclive";Não;3;0;0;0;2;1;0;2;-20,16425773;-44,36638069;SPRF-MG;DEL04-MG;UOP03-DEL04-MG
581468;16/02/2024;sexta-feira;12:45:00;SC;101;50,4;JOINVILLE;Demais falhas mecânicas ou elétricas;Colisão com objeto;Com Vítimas Feridas;Pleno dia;Crescente;Nublado;Dupla;Reta;Não;4;0;1;0;3;0;1;4;-26,380125;-48,851591;SPRF-SC;DEL03-SC;UOP01-DEL03-SC
581470;16/02/2024;sexta-feira;11:15:00;MT;163;827;SINOP;Condutor deixou de manter distância do veículo da frente;Colisão traseira;Com Vítimas Feridas;Pleno dia;Crescente;Céu Claro;Simples;"Interseção de Vias;Reta";Sim;2;0;0;1;1;0;1;2;-11,93;-55,513;SPRF-MT;DEL06-MT;UOP02-DEL06-MT
581472;16/02/2024;sexta-feira;11:30:00;PR;369;52;BANDEIRANTES;Ausência de reação do condutor;Tombamento;Com Vítimas Feridas;Pleno dia;Crescente;Nublado;Simples;"Interseção de Vias;Rotatória";Não;2;0;1;0;0;1;1;2;-23,1107669;-50,3342644;SPRF-PR;DEL07-PR;UOP05-DEL07-PR
581474;16/02/2024;sexta-feira;13:00:00;PR;376;292;MAUA DA SERRA;Demais falhas mecânicas ou elétricas;Eventos atípicos;Com Vítimas Feridas;Pleno dia;Decrescente;Nublado;Dupla;Curva;Sim;2;0;1;0;0;2;1;3;-23,90368323;-51,21851921;SPRF-PR;DEL07-PR;UOP02-DEL07-PR
581487;16/02/2024;sexta-feira;13:25:00;MS;163;512;JARAGUARI;Condutor deixou de manter distância do veículo da frente;Colisão traseira;Com Vítimas Fatais;Pleno dia;Decrescente;Céu Claro;Dupla;Reta;Não;4;1;0;1;1;2;1;4;-20,22783328;-54,47717844;SPRF-MS;DEL01-MS;UOP02-DEL01-MS
581495;16/02/2024;sexta-feira;14:45:00;RS;116;488;TURUCU;Demais falhas mecânicas ou elétricas;Colisão com objeto;Sem Vítimas;Pleno dia;Crescente;Garoa/Chuvisco;Simples;Reta;Não;2;0;0;0;2;0;0;2;-31,4510348;-52,20460653;SPRF-RS;DEL07-RS;UOP01-DEL07-RS
581497;16/02/2024;sexta-feira;15:00:00;MG;262;361;BETIM;Demais falhas mecânicas ou elétricas;Incêndio;Sem Vítimas;Pleno dia;Decrescente;Céu Claro;Dupla;Reta;Não;2;0;0;0;1;2;0;3;-19,97906129;-44,21765208;SPRF-MG;DEL01-MG;UOP03-DEL01-MG
581500;16/02/2024;sexta-feira;05:30:00;SE;101;24;MALHADA DOS BOIS;Reação tardia ou ineficiente do condutor;Saída de leito carroçável;Sem Vítimas;Pleno dia;Crescente;Céu Claro;Dupla;Curva;Não;2;0;0;0;1;1;0;2;-10,39607118;-36,91721184;SPRF-SE;DEL02-SE;UOP02-DEL02-SE
581504;16/02/2024;sexta-feira;14:50:00;RS;392;120;CANGUCU;Conversão proibida;Colisão transversal;Com Vítimas Feridas;Pleno dia;Decrescente;Nublado;Simples;"Interseção de Vias;Reta";Não;4;0;1;0;2;1;1;3;-31,39139698;-52,6887662;SPRF-RS;DEL07-RS;UOP01-DEL07-RS
581506;16/02/2024;sexta-feira;15:00:00;GO;364;315,8;MINEIROS;Reação tardia ou ineficiente do condutor;Colisão lateral sentido oposto;Com Vítimas Feridas;Pleno dia;Decrescente;Céu Claro;Simples;"Aclive;Ponte;Curva";Não;9;0;1;0;3;10;1;11;-17,453203;-52,59116;SPRF-GO;DEL05-GO;UOP01-DEL05-GO
581508;16/02/2024;sexta-feira;08:50:00;BA;116;919,7;ENCRUZILHADA;Reação tardia ou ineficiente do condutor;Colisão com objeto;Com Vítimas Feridas;Pleno dia;Crescente;Céu Claro;Simples;Curva;Não;2;0;1;0;0;1;1;2;-15,61592798;-41,29159927;SPRF-BA;DEL08-BA;UOP03-DEL08-BA
581510;16/02/2024;sexta-feira;15:00:00;GO;20;1;FORMOSA;Reação tardia ou ineficiente do condutor;Colisão traseira;Com Vítimas Feridas;Pleno dia;Decrescente;Céu Claro;Simples;"Declive;Curva";Sim;2;0;1;0;1;0;1;2;-15,579424;-47,334297;SPRF-DF;DEL02-DF;UOP02-DEL02-DF
581511;16/02/2024;sexta-feira;15:20:00;SC;470;163;POUSO REDONDO;Acessar a via sem observar a presença dos outros veículos;Colisão traseira;Com Vítimas Feridas;Pleno dia;Crescente;Chuva;Simples;Reta;Não;4;0;2;0;2;0;2;2;-27,27660362;-49,85046744;SPRF-SC;DEL04-SC;UOP02-DEL04-SC