id;data_inversa;dia_semana;horario;uf;br;km;municipio;causa_acidente;tipo_acidente;classificacao_acidente;fase_dia;sentido_via;condicao_metereologica;tipo_pista;tracado_via;uso_solo;pessoas;mortos;feridos_leves;feridos_graves;ilesos;ignorados;feridos;veiculos;latitude;longitude;regional;delegacia;uop
584210;01/03/2024;sexta-feira;11:00:00;SP;116;230;SAO PAULO;Manobra de mudança de faixa;Colisão lateral mesmo sentido;Com Vítimas Feridas;Pleno dia;Crescente;Céu Claro;Múltipla;Reta;Sim;3;0;1;0;1;2;1;4;-23,52251783;-46,5855702;SPRF-SP;DEL01-SP;UOP01-DEL01-SP
584212;01/03/2024;sexta-feira;08:30:00;AL;316;263;SATUBA;Manobra de mudança de faixa;Colisão lateral mesmo sentido;Com Vítimas Feridas;Pleno dia;Decrescente;Céu Claro;Simples;Aclive;Sim;8;0;4;0;3;2;4;5;-9,58758215;-35,878014;SPRF-AL;DEL02-AL;UOP01-DEL02-AL
584217;01/03/2024;sexta-feira;09:20:00;BA;116;694,5;JEQUIE;Condutor deixou de manter distância do veículo da frente;Colisão traseira;Com Vítimas Feridas;Pleno dia;Crescente;Céu Claro;Simples;"Aclive;Reta";Não;5;0;1;0;3;1;1;4;-13,97563797;-40,17289204;SPRF-BA;DEL03-BA;UOP01-DEL03-BA
584218;01/03/2024;sexta-feira;10:30:00;RJ;101;114;CAMPOS DOS GOYTACAZES;Mal súbito do condutor;Colisão traseira;Com Vítimas Feridas;Pleno dia;Decrescente;Céu Claro;Dupla;Reta;Não;3;0;1;0;1;1;1;3;-21,98517176;-41,66261143;SPRF-RJ;DEL08-RJ;UOP02-DEL08-RJ
584219;01/03/2024;sexta-feira;11:40:00;MG;381;939;EXTREMA;Reação tardia ou ineficiente do condutor;Colisão traseira;Com Vítimas Feridas;Pleno dia;Crescente;Sol;Dupla;Reta;Não;3;0;1;0;1;2;1;4;-22,84701434;-46,33321175;SPRF-MG;DEL16-MG;UOP03-DEL16-MG
584220;01/03/2024;sexta-feira;05:45:00;BA;242;244;ITABERABA;Carga excessiva e/ou mal acondicionada;Saída de leito carroçável;Sem Vítimas;Amanhecer;Decrescente;Céu Claro;Simples;Curva;Não;2;0;0;0;1;1;0;2;-12,501019;-40,427317;SPRF-BA;DEL06-BA;UOP02-DEL06-BA
584221;01/03/2024;sexta-feira;09:50:00;MG;267;210;BOM JARDIM DE MINAS;Demais falhas mecânicas ou elétricas;Incêndio;Sem Vítimas;Pleno dia;Crescente;Céu Claro;Simples;Curva;Não;1;0;0;0;1;0;0;1;-21,94531637;-44,16694094;SPRF-MG;DEL05-MG;UOP01-DEL05-MG
584223;01/03/2024;sexta-feira;07:40:00;MG;116;640,4;FERVEDOURO;Reação tardia ou ineficiente do condutor;Colisão traseira;Com Vítimas Feridas;Pleno dia;Decrescente;Céu Claro;Simples;Reta;Não;3;0;2;0;0;1;2;2;-20,65179632;-42,2530894;SPRF-MG;DEL07-MG;UOP02-DEL07-MG
584231;01/03/2024;sexta-feira;12:55:00;SP;116;224;GUARULHOS;Ausência de reação do condutor;Colisão traseira;Com Vítimas Feridas;Pleno dia;Crescente;Céu Claro;Múltipla;Reta;Não;2;0;1;0;1;0;1;2;-23,48071896;-46,53271603;SPRF-SP;DEL01-SP;UOP01-DEL01-SP
584232;01/03/2024;sexta-feira;10:30:00;SC;101;106,5;PENHA;Velocidade Incompatível;Engavetamento;Com Vítimas Feridas;Pleno dia;Crescente;Céu Claro;Múltipla;"Declive;Reta";Não;4;0;3;0;1;0;3;3;-26,81031601;-48,68293896;SPRF-SC;DEL03-SC;UOP02-DEL03-SC
584233;01/03/2024;sexta-feira;12:20:00;BA;116;12,5;VITORIA DA CONQUISTA;Reação tardia ou ineficiente do condutor;Colisão lateral sentido oposto;Com Vítimas Feridas;Pleno dia;Decrescente;Céu Claro;Simples;Reta;Sim;2;0;1;0;0;1;1;2;-14,851;-40,8485;SPRF-BA;DEL08-BA;UOP01-DEL08-BA
584239;12/02/2024;segunda-feira;11:10:00;SP;116;131;CACAPAVA;Demais falhas mecânicas ou elétricas;Incêndio;Sem Vítimas;Pleno dia;Crescente;Sol;Dupla;Reta;Sim;2;0;0;0;1;1;0;2;-23,12742083;-45,73636609;SPRF-SP;DEL02-SP;UOP02-DEL02-SP
584244;01/03/2024;sexta-feira;13:55:00;RS;290;104,9;ELDORADO DO SUL;Manobra de mudança de faixa;Colisão traseira;Com Vítimas Feridas;Pleno dia;Crescente;Céu Claro;Dupla;Reta;Não;5;0;3;0;1;1;3;3;-29,998999;-51,294563;SPRF-RS;DEL02-RS;UOP01-DEL02-RS
584245;01/03/2024;sexta-feira;14:15:00;SP;116;228;SAO PAULO;Mal súbito do condutor;Saída de leito carroçável;Com Vítimas Feridas;Pleno dia;Decrescente;Céu Claro;Múltipla;Reta;Sim;1;0;1;0;0;0;1;1;-23,50343484;-46,56638712;SPRF-SP;DEL01-SP;UOP01-DEL01-SP
584248;01/03/2024;sexta-feira;12:47:00;SC;280;153,8;MAFRA;Reação tardia ou ineficiente do condutor;Colisão com objeto;Sem Vítimas;Pleno dia;Decrescente;Céu Claro;Simples;"Ponte;Curva;Declive";Não;2;0;0;0;1;2;0;3;-26,22099817;-49,71288041;SPRF-SC;DEL06-SC;UOP03-DEL06-SC
584249;01/03/2024;sexta-feira;11:20:00;MT;70;727;CACERES;Ultrapassagem Indevida;Saída de leito carroçável;Com Vítimas Feridas;Pleno dia;Crescente;Céu Claro;Simples;Reta;Não;6;0;2;0;3;1;2;3;-16,126669;-57,659359;SPRF-MT;DEL03-MT;UOP01-DEL03-MT
584254;01/03/2024;sexta-feira;15:20:00;ES;101;419;CACHOEIRO DE ITAPEMIRIM;Avarias e/ou desgaste excessivo no pneu;Colisão frontal;Com Vítimas Fatais;Pleno dia;Crescente;Chuva;Simples;Curva;Não;2;1;1;0;0;0;1;2;-20,95924919;-41,10118693;SPRF-ES;DEL03-ES;UOP02-DEL03-ES
584256;01/03/2024;sexta-feira;14:10:00;MG;40;273,9;TRES MARIAS;Velocidade Incompatível;Colisão traseira;Com Vítimas Feridas;Pleno dia;Crescente;Céu Claro;Simples;"Reta;Aclive";Não;3;0;2;0;1;0;2;2;-18,19170099;-45,24538457;SPRF-MG;DEL14-MG;UOP02-DEL14-MG
584262;01/03/2024;sexta-feira;15:20:00;RJ;116;242;PIRAI;Manobra de mudança de faixa;Colisão com objeto;Com Vítimas Feridas;Pleno dia;Decrescente;Chuva;Dupla;Curva;Não;2;0;1;0;0;1;1;2;-22,63522537;-43,90258636;SPRF-RJ;DEL07-RJ;UOP01-DEL07-RJ
584264;01/03/2024;sexta-feira;10:30:00;MG;365;785;GURINHATA;Ausência de reação do condutor;Queda de ocupante de veículo;Com Vítimas Feridas;Pleno dia;Crescente;Céu Claro;Simples;Reta;Não;3;0;2;0;0;1;2;3;-18,94515934;-49,76981665;SPRF-MG;DEL15-MG;UOP03-DEL15-MG
584267;01/03/2024;sexta-feira;15:00:00;AL;316;85;SANTANA DO IPANEMA;Acessar a via sem observar a presença dos outros veículos;Colisão transversal;Com Vítimas Feridas;Pleno dia;Decrescente;Céu Claro;Dupla;Reta;Sim;2;0;0;1;1;0;1;2;-9,36982836;-37,24347904;SPRF-AL;DEL03-AL;UOP02-DEL03-AL
584269;01/03/2024;sexta-feira;16:15:00;MG;381;768,9;CAMPANHA;Objeto estático sobre o leito carroçável;Engavetamento;Com Vítimas Feridas;Pleno dia;Decrescente;Chuva;Dupla;"Em Obras;Reta";Não;8;0;2;1;4;2;3;8;-21,77370307;-45,42761992;SPRF-MG;DEL16-MG;UOP02-DEL16-MG
584272;01/03/2024;sexta-feira;17:00:00;SC;101;225,8;PALHOCA;Manobra de mudança de faixa;Colisão lateral mesmo sentido;Com Vítimas Feridas;Pleno dia;Crescente;Céu Claro;Dupla;"Reta;Aclive";Não;3;0;1;0;1;1;1;3;-27,73292191;-48,6409567;SPRF-SC;DEL01-SC;UOP02-DEL01-SC
584277;01/03/2024;sexta-feira;16:20:00;MT;364;296;JACIARA;Reação tardia ou ineficiente do condutor;Saída de leito carroçável;Com Vítimas Feridas;Pleno dia;Decrescente;Nublado;Dupla;Reta;Não;2;0;1;0;0;2;1;3;-15,8641558;-55,12584675;SPRF-MT;DEL05-MT;UOP02-DEL05-MT
584278;01/03/2024;sexta-feira;13:40:00;SC;280;238,5;CANOINHAS;Transitar na contramão;Colisão lateral sentido oposto;Com Vítimas Feridas;Pleno dia;Crescente;Sol;Simples;Reta;Não;3;0;0;1;1;1;1;3;-26,20546585;-50,43870449;SPRF-SC;DEL06-SC;UOP04-DEL06-SC
584281;01/03/2024;sexta-feira;13:00:00;MT;163;108;RONDONOPOLIS;Ingestão de álcool pelo condutor;Colisão traseira;Sem Vítimas;Pleno dia;Decrescente;Céu Claro;Simples;"Declive;Reta";Não;3;0;0;0;2;4;0;6;-16,58146229;-54,68844425;SPRF-MT;DEL02-MT;UOP01-DEL02-MT
584284;01/03/2024;sexta-feira;17:00:00;PR;376;494;PONTA GROSSA;Manobra de mudança de faixa;Colisão traseira;Com Vítimas Feridas;Pleno dia;Decrescente;Chuva;Dupla;"Reta;Declive";Não;3;0;1;0;1;1;1;3;-25,16566955;-50,11640967;SPRF-PR;DEL03-PR;UOP04-DEL03-PR
584290;01/03/2024;sexta-feira;10:00:00;RN;405;93,7;ITAU;Ausência de reação do condutor;Saída de leito carroçável;Com Vítimas Feridas;Pleno dia;Crescente;Céu Claro;Simples;Reta;Não;2;0;1;0;0;1;1;2;-5,75071681;-37,87829514;SPRF-RN;DEL04-RN;UOP02-DEL04-RN
584293;01/03/2024;sexta-feira;14:00:00;PR;376;407;TIBAGI;Velocidade Incompatível;Colisão lateral mesmo sentido;Com Vítimas Feridas;Pleno dia;Decrescente;Chuva;Dupla;Curva;Não;3;0;1;1;0;1;2;3;-24,64521802;-50,62349002;SPRF-PR;DEL03-PR;UOP02-DEL03-PR
584294;01/03/2024;sexta-feira;15:30:00;RJ;116;243,5;PIRAI;Manobra de mudança de faixa;Colisão lateral mesmo sentido;Com Vítimas Feridas;Pleno dia;Decrescente;Chuva;Dupla;Reta;Não;4;0;1;0;2;5;1;8;-22,63023454;-43,91033921;SPRF-RJ;DEL07-RJ;UOP01-DEL07-RJ
584297;01/03/2024;sexta-feira;08:30:00;AC;364;458;FEIJO;Pedestre cruzava a pista fora da faixa;Atropelamento de Pedestre;Com Vítimas Feridas;Pleno dia;Crescente;Sol;Simples;"Ponte;Reta";Não;2;0;1;0;1;0;1;2;-8,42365604;-70,17630618;SPRF-AC;DEL01-AC;UOP01-DEL01-AC
584300;01/03/2024;sexta-feira;18:00:00;GO;414;317,8;VILA PROPICIO;Reação tardia ou ineficiente do condutor;Colisão traseira;Com Vítimas Feridas;Pleno dia;Crescente;Céu Claro;Simples;Reta;Não;2;0;0;1;1;0;1;2;-15,36729466;-48,64608765;SPRF-GO;DEL02-GO;UOP01-DEL02-GO
584307;01/03/2024;sexta-feira;19:20:00;PR;376;616,9;SAO JOSE DOS PINHAIS;Reação tardia ou ineficiente do condutor;Tombamento;Com Vítimas Feridas;Plena Noite;Decrescente;Céu Claro;Dupla;"Curva;Aclive";Sim;3;0;0;1;1;1;1;3;-25,57583659;-49,17953679;SPRF-PR;DEL01-PR;UOP04-DEL01-PR
584323;01/03/2024;sexta-feira;20:40:00;PR;116;77;QUATRO BARRAS;Manobra de mudança de faixa;Colisão lateral mesmo sentido;Sem Vítimas;Plena Noite;Crescente;Nublado;Dupla;Curva;Não;3;0;0;0;2;2;0;4;-25,4049946;-49,059916;SPRF-PR;DEL01-PR;UOP07-DEL01-PR
584330;01/03/2024;sexta-feira;17:10:00;MG;116;413;GOVERNADOR VALADARES;Condutor deixou de manter distância do veículo da frente;Colisão traseira;Com Vítimas Fatais;Pleno dia;Crescente;Nublado;Simples;Reta;Sim;3;1;0;0;2;0;0;3;-18,88081817;-41,95951223;SPRF-MG;DEL06-MG;UOP01-DEL06-MG
584331;01/03/2024;sexta-feira;16:20:00;PA;155;88;RIO MARIA;Reação tardia ou ineficiente do condutor;Colisão frontal;Sem Vítimas;Pleno dia;Crescente;Céu Claro;Simples;Reta;Não;4;0;0;0;0;4;0;3;-7,27533091;-50,02874123;SPRF-PA;DEL03-PA;UOP01-DEL03-PA
584338;01/03/2024;sexta-feira;18:30:00;MG;116;490,9;INHAPIM;Ausência de reação do condutor;Colisão frontal;Com Vítimas Feridas;Anoitecer;Decrescente;Chuva;Simples;Curva;Não;3;0;1;1;1;0;2;2;-19,4748916;-42,1310568;SPRF-MG;DEL06-MG;UOP02-DEL06-MG
584339;01/03/2024;sexta-feira;20:00:00;RS;116;125;SAO MARCOS;Ultrapassagem Indevida;Colisão frontal;Com Vítimas Feridas;Plena Noite;Decrescente;Nublado;Simples;Curva;Não;8;0;1;4;1;3;5;6;-29,02308597;-51,090808;SPRF-RS;DEL05-RS;UOP01-DEL05-RS
584341;01/03/2024;sexta-feira;21:00:00;MG;365;174;BURITIZEIRO;Ausência de reação do condutor;Eventos atípicos;Com Vítimas Feridas;Plena Noite;Decrescente;Céu Claro;Simples;"Retorno Regulamentado;Reta";Não;2;0;1;0;0;1;1;2;-17,41233155;-45,03422823;SPRF-MG;DEL10-MG;UOP02-DEL010-MG
584349;01/03/2024;sexta-feira;19:10:00;MA;316;130,6;NOVA OLINDA DO MARANHAO;Manobra de mudança de faixa;Colisão frontal;Com Vítimas Fatais;Plena Noite;Crescente;Céu Claro;Simples;Reta;Não;2;1;0;0;1;0;0;2;-2,677999;-45,739357;SPRF-MA;DEL02-MA;UOP02-DEL02-MA
584353;01/03/2024;sexta-feira;20:45:00;MS;267;591,7;CARACOL;Ausência de reação do condutor;Tombamento;Com Vítimas Fatais;Plena Noite;Crescente;Céu Claro;Simples;"Declive;Curva";Não;2;1;0;0;0;1;0;2;-21,726464;-57,040133;SPRF-MS;DEL05-MS;UOP01-DEL05-MS
584358;01/03/2024;sexta-feira;21:20:00;SC;101;257,3;PAULO LOPES;Acessar a via sem observar a presença dos outros veículos;Colisão traseira;Com Vítimas Feridas;Plena Noite;Decrescente;Garoa/Chuvisco;Simples;"Declive;Curva";Não;3;0;1;0;1;1;1;3;-28,00116527;-48,68971109;SPRF-SC;DEL02-SC;UOP03-DEL02-SC
584362;01/03/2024;sexta-feira;20:30:00;MT;364;720;DIAMANTINO;Ingestão de álcool pelo condutor;Tombamento;Com Vítimas Fatais;Plena Noite;Crescente;Céu Claro;Simples;Reta;Não;3;1;0;0;1;3;0;5;-14,16644027;-57,16365496;SPRF-MT;DEL01-MT;UOP01-DEL01-MT
584369;02/03/2024;sábado;00:10:00;RS;158;168,5;PANAMBI;Condutor Dormindo;Colisão frontal;Com Vítimas Fatais;Plena Noite;Crescente;Céu Claro;Simples;Reta;Não;4;2;0;0;1;1;0;3;-28,41638515;-53,54553272;SPRF-RS;DEL10-RS;UOP02-DEL10-RS
584371;02/03/2024;sábado;00:25:00;MS;158;100;PARANAIBA;Pedestre andava na pista;Atropelamento de Pedestre;Com Vítimas Feridas;Plena Noite;Crescente;Céu Claro;Simples;Reta;Não;3;0;1;0;2;0;1;2;-19,70501364;-51,14980583;SPRF-MS;DEL08-MS;UOP01-DEL08-MS
584374;01/03/2024;sexta-feira;18:40:00;MG;50;194,8;DELTA;Velocidade Incompatível;Colisão traseira;Com Vítimas Feridas;Plena Noite;Crescente;Céu Claro;Dupla;"Declive;Reta";Não;5;0;1;2;0;3;3;6;-19,887439;-47,848374;SPRF-MG;DEL13-MG;UOP01-DEL13-MG
584375;01/03/2024;sexta-feira;23:31:00;BA;116;457,9;SANTO ESTEVAO;Condutor Dormindo;Colisão traseira;Com Vítimas Feridas;Plena Noite;Crescente;Céu Claro;Dupla;"Aclive;Reta";Não;3;0;0;1;1;2;1;4;-12,41101412;-39,18356593;SPRF-BA;DEL02-BA;UOP01-DEL02-BA
584390;02/03/2024;sábado;04:40:00;SC;282;4,2;FLORIANOPOLIS;Condutor Dormindo;Colisão traseira;Com Vítimas Feridas;Plena Noite;Decrescente;Céu Claro;Múltipla;Reta;Sim;3;0;1;0;2;0;1;2;-27,592646;-48,604034;SPRF-SC;DEL01-SC;UOP01-DEL01-SC
584393;02/03/2024;sábado;05:30:00;SP;116;513;CAJATI;Reação tardia ou ineficiente do condutor;Tombamento;Com Vítimas Feridas;Amanhecer;Decrescente;Céu Claro;Simples;Curva;Não;4;0;1;0;3;0;1;1;-24,85109616;-48,21802405;SPRF-SP;DEL05-SP;UOP02-DEL05-SP
584398;02/03/2024;sábado;07:00:00;SP;116;191;SANTA ISABEL;Animais na Pista;Colisão traseira;Com Vítimas Feridas;Pleno dia;Crescente;Céu Claro;Múltipla;Reta;Não;2;0;0;1;1;0;1;2;-23,37124281;-46,2426022;SPRF-SP;DEL01-SP;UOP01-DEL01-SP
584400;02/03/2024;sábado;06:40:00;PE;423;97,5;GARANHUNS;Ingestão de álcool pelo condutor;Colisão lateral sentido oposto;Sem Vítimas;Pleno dia;Crescente;Céu Claro;Simples;"Aclive;Curva";Não;3;0;0;0;1;4;0;5;-8,8796227;-36,49484286;SPRF-PE;DEL03-PE;UOP01-DEL03-PE
584403;02/03/2024;sábado;04:30:00;MG;153;116;PRATA;Velocidade Incompatível;Tombamento;Com Vítimas Feridas;Plena Noite;Crescente;Céu Claro;Simples;Reta;Não;2;0;1;0;0;3;1;4;-19,36692295;-48,89960054;SPRF-MG;DEL15-MG;UOP03-DEL15-MG
584408;02/03/2024;sábado;07:25:00;CE;222;3;FORTALEZA;Avarias e/ou desgaste excessivo no pneu;Colisão com objeto;Com Vítimas Feridas;Pleno dia;Decrescente;Céu Claro;Dupla;Reta;Sim;3;0;2;0;1;0;2;2;-3,7403769;-38,59569202;SPRF-CE;DEL01-CE;UOP01-DEL01-CE
584409;02/03/2024;sábado;06:55:00;PR;163;140;CAPITAO LEONIDAS MARQUES;Velocidade Incompatível;Colisão lateral sentido oposto;Com Vítimas Feridas;Pleno dia;Decrescente;Céu Claro;Simples;Curva;Não;3;0;1;0;1;2;1;4;-25,49765306;-53,59938318;SPRF-PR;DEL05-PR;UOP05-DEL05-PR
584411;02/03/2024;sábado;07:50:00;SP;116;347;MIRACATU;Demais falhas mecânicas ou elétricas;Tombamento;Com Vítimas Feridas;Pleno dia;Crescente;Sol;Dupla;Curva;Não;1;0;1;0;0;0;1;1;-24,04699491;-47,19706111;SPRF-SP;DEL04-SP;UOP03-DEL04-SP
584414;02/03/2024;sábado;07:20:00;MG;381;853;POUSO ALEGRE;Ausência de reação do condutor;Colisão traseira;Com Vítimas Feridas;Pleno dia;Crescente;Céu Claro;Dupla;Reta;Não;3;0;1;0;1;1;1;3;-22,30499294;-45,90167524;SPRF-MG;DEL16-MG;UOP01-DEL16-MG
584416;02/03/2024;sábado;08:10:00;SC;282;520,4;XAXIM;Falta de acostamento;Colisão lateral mesmo sentido;Com Vítimas Feridas;Pleno dia;Decrescente;Céu Claro;Simples;"Aclive;Reta";Não;4;0;2;0;1;1;2;4;-26,95005121;-52,52643585;SPRF-SC;DEL07-SC;UOP01-DEL07-SC
584417;02/03/2024;sábado;06:30:00;PR;369;243;BOM SUCESSO;Transitar na contramão;Colisão lateral sentido oposto;Com Vítimas Feridas;Amanhecer;Decrescente;Céu Claro;Simples;Aclive;Não;4;0;1;1;1;3;2;5;-23,69088853;-51,70022965;SPRF-PR;DEL09-PR;UOP01-DEL09-PR
584425;02/03/2024;sábado;08:15:00;MA;135;5;SAO LUIS;Reação tardia ou ineficiente do condutor;Colisão lateral mesmo sentido;Com Vítimas Feridas;Pleno dia;Crescente;Nublado;Dupla;"Reta;Retorno Regulamentado";Sim;3;0;0;2;0;1;2;2;-2,62145385;-44,25797421;SPRF-MA;DEL01-MA;UOP01-DEL01-MA
584427;02/03/2024;sábado;08:30:00;SC;101;114;ITAJAI;Ausência de reação do condutor;Colisão traseira;Com Vítimas Feridas;Pleno dia;Crescente;Sol;Dupla;Reta;Não;3;0;1;0;1;1;1;3;-26,86192886;-48,7286704;SPRF-SC;DEL04-SC;UOP04-DEL04-SC
584434;02/03/2024;sábado;09:30:00;MG;459;69,8;SENADOR JOSE BENTO;Velocidade Incompatível;Tombamento;Com Vítimas Feridas;Pleno dia;Crescente;Céu Claro;Simples;"Declive;Curva";Não;2;0;1;0;0;2;1;3;-22,13273232;-46,17705172;SPRF-MG;DEL09-MG;UOP01-DEL09-MG
584440;02/03/2024;sábado;10:30:00;MG;365;724;MONTE ALEGRE DE MINAS;Ultrapassagem Indevida;Colisão lateral sentido oposto;Com Vítimas Feridas;Pleno dia;Decrescente;Céu Claro;Simples;Reta;Não;6;0;1;0;3;3;1;6;-18,88848285;-49,22417904;SPRF-MG;DEL15-MG;UOP03-DEL15-MG
584448;02/03/2024;sábado;10:40:00;MS;163;138;NAVIRAI;Retorno proibido;Saída de leito carroçável;Sem Vítimas;Pleno dia;Decrescente;Céu Claro;Simples;Reta;Não;1;0;0;0;1;0;0;1;-23,01078848;-54,32860009;SPRF-MS;DEL09-MS;UOP01-DEL09-MS
584449;02/03/2024;sábado;10:17:00;GO;153;622;MORRINHOS;Demais falhas mecânicas ou elétricas;Saída de leito carroçável;Com Vítimas Feridas;Pleno dia;Decrescente;Nublado;Dupla;Declive;Não;2;0;1;0;0;1;1;2;-17,7397;-49,1575;SPRF-GO;DEL03-GO;UOP01-DEL03-GO
584451;02/03/2024;sábado;04:30:00;SC;282;593,3;SAUDADES;Condutor Dormindo;Saída de leito carroçável;Com Vítimas Fatais;Plena Noite;Crescente;Céu Claro;Simples;Curva;Não;1;1;0;0;0;0;0;1;-26,8241125;-53,1046191;SPRF-SC;DEL07-SC;UOP02-DEL07-SC
584456;02/03/2024;sábado;12:30:00;ES;101;183;ARACRUZ;Reação tardia ou ineficiente do condutor;Capotamento;Com Vítimas Fatais;Pleno dia;Crescente;Nublado;Simples;"Curva;Declive";Não;3;1;1;0;0;1;1;3;-19,64708421;-40,23286555;SPRF-ES;DEL04-ES;UOP01-DEL04-ES
584458;21/02/2024;quarta-feira;14:30:00;MA;135;5;SAO LUIS;Acessar a via sem observar a presença dos outros veículos;Colisão transversal;Com Vítimas Feridas;Pleno dia;Decrescente;Chuva;Dupla;Reta;Sim;4;0;0;1;2;1;1;3;-2,63407378;-44,31335449;SPRF-MA;DEL01-MA;UOP01-DEL01-MA
584460;02/03/2024;sábado;04:00:00;MG;251;357;PADRE CARVALHO;Demais falhas mecânicas ou elétricas;Incêndio;Sem Vítimas;Plena Noite;Decrescente;Garoa/Chuvisco;Simples;Reta;Não;2;0;0;0;1;1;0;2;-16,2648796;-42,58558298;SPRF-MG;DEL12-MG;UOP02-DEL12-MG
584461;02/03/2024;sábado;11:40:00;MT;163;750;SORRISO;Manobra de mudança de faixa;Colisão lateral mesmo sentido;Com Vítimas Fatais;Pleno dia;Decrescente;Céu Claro;Dupla;Reta;Sim;2;1;0;0;1;0;0;2;-12,569247;-55,725172;SPRF-MT;DEL06-MT;UOP01-DEL06-MT
584462;02/03/2024;sábado;12:45:00;PA;163;883;BELTERRA;Demais falhas mecânicas ou elétricas;Tombamento;Com Vítimas Feridas;Pleno dia;Crescente;Nublado;Simples;"Declive;Curva";Não;6;0;0;4;1;3;4;5;-3,37740295;-54,90837267;SPRF-PA;DEL05-PA;UOP01-DEL05-PA
584466;02/03/2024;sábado;12:40:00;PR;277;597,7;CASCAVEL;Reação tardia ou ineficiente do condutor;Colisão lateral mesmo sentido;Com Vítimas Feridas;Pleno dia;Crescente;Sol;Dupla;"Retorno Regulamentado;Reta";Não;4;0;1;0;2;1;1;4;-24,999437;-53,519695;SPRF-PR;DEL04-PR;UOP01-DEL04-PR
584469;02/03/2024;sábado;11:50:00;BA;116;633;JAGUAQUARA;Entrada inopinada do pedestre;Atropelamento de Pedestre;Com Vítimas Fatais;Pleno dia;Crescente;Céu Claro;Simples;Reta;Sim;3;1;0;0;1;1;0;3;-13,47539479;-40,03995749;SPRF-BA;DEL03-BA;UOP01-DEL03-BA
584470;02/03/2024;sábado;12:35:00;PR;376;672;GUARATUBA;Demais falhas mecânicas ou elétricas;Incêndio;Sem Vítimas;Pleno dia;Crescente;Céu Claro;Dupla;"Reta;Declive";Não;2;0;0;0;1;1;0;2;-25,89358488;-48,93146782;SPRF-PR;DEL01-PR;UOP04-DEL01-PR
584480;02/03/2024;sábado;13:20:00;BA;116;377;SANTA BARBARA;Condutor deixou de manter distância do veículo da frente;Colisão traseira;Sem Vítimas;Pleno dia;Crescente;Céu Claro;Simples;Reta;Não;6;0;0;0;5;3;0;6;-11,82301514;-38,97585349;SPRF-BA;DEL02-BA;UOP01-DEL02-BA
584486;02/03/2024;sábado;13:50:00;SP;116;341;MIRACATU;Reação tardia ou ineficiente do condutor;Colisão com objeto;Com Vítimas Feridas;Pleno dia;Crescente;Céu Claro;Dupla;Curva;Não;2;0;1;0;0;1;1;2;-24,00990014;-47,16199395;SPRF-SP;DEL04-SP;UOP03-DEL04-SP
584487;02/03/2024;sábado;13:30:00;SC;153;68,9;IRANI;Ultrapassagem Indevida;Colisão traseira;Com Vítimas Feridas;Pleno dia;Crescente;Céu Claro;Simples;"Curva;Declive";Não;3;0;0;1;1;1;1;3;-27,033516;-51,879311;SPRF-SC;DEL07-SC;UOP04-DEL07-SC
584489;02/03/2024;sábado;14:00:00;SC;282;75;RANCHO QUEIMADO;Avarias e/ou desgaste excessivo no pneu;Tombamento;Com Vítimas Feridas;Pleno dia;Decrescente;Céu Claro;Simples;"Declive;Reta";Não;3;0;1;1;0;2;2;4;-27,690931;-49,129143;SPRF-SC;DEL01-SC;UOP03-DEL01-SC
584493;02/03/2024;sábado;13:58:00;MT;163;590;NOVA MUTUM;Reação tardia ou ineficiente do condutor;Saída de leito carroçável;Com Vítimas Feridas;Pleno dia;Crescente;Sol;Simples;Reta;Não;2;0;1;0;0;1;1;2;-13,996329;-56,09697208;SPRF-MT;DEL01-MT;UOP01-DEL01-MT
584497;02/03/2024;sábado;14:00:00;ES;101;126;SOORETAMA;Ingestão de substâncias psicoativas pelo condutor;Colisão lateral sentido oposto;Sem Vítimas;Pleno dia;Decrescente;Céu Claro;Simples;Reta;Não;3;0;0;0;2;1;0;3;-19,193953;-40,0951;SPRF-ES;DEL04-ES;UOP01-DEL04-ES
584503;02/03/2024;sábado;15:30:00;PR;376;597;CURITIBA;Manobra de mudança de faixa;Colisão lateral mesmo sentido;Sem Vítimas;Pleno dia;Decrescente;Céu Claro;Dupla;Reta;Sim;4;0;0;0;1;3;0;3;-25,510571;-49,338848;SPRF-PR;DEL01-PR;UOP06-DEL01-PR
584509;02/03/2024;sábado;16:15:00;PR;163;43,9;PRANCHITA;Manobra de mudança de faixa;Colisão frontal;Com Vítimas Fatais;Pleno dia;Decrescente;Céu Claro;Simples;"Declive;Curva";Não;3;1;0;0;1;2;0;4;-25,99746;-53,72224;SPRF-PR;DEL02-PR;UOP02-DEL02-PR
584520;02/03/2024;sábado;17:58:00;SP;116;346;MIRACATU;Demais falhas mecânicas ou elétricas;Engavetamento;Sem Vítimas;Anoitecer;Crescente;Nublado;Dupla;Reta;Não;5;0;0;0;4;3;0;7;-24,04051503;-47,19268341;SPRF-SP;DEL04-SP;UOP03-DEL04-SP
584522;02/03/2024;sábado;13:00:00;ES;101;5;SERRA;Condutor Dormindo;Saída de leito carroçável;Sem Vítimas;Pleno dia;Crescente;Céu Claro;Dupla;Reta;Sim;1;0;0;0;1;0;0;1;-20,129093;-40,308125;SPRF-ES;DEL02-ES;UOP01-DEL02-ES
584524;02/03/2024;sábado;17:20:00;DF;80;7;BRASILIA;Acessar a via sem observar a presença dos outros veículos;Colisão transversal;Com Vítimas Feridas;Pleno dia;Crescente;Céu Claro;Simples;"Reta;Interseção de Vias";Não;2;0;1;0;1;0;1;2;-15,7312303;-48,1456089;SPRF-DF;DEL03-DF;UOP02-DEL03-DF