id;data_inversa;dia_semana;horario;uf;br;km;municipio;causa_acidente;tipo_acidente;classificacao_acidente;fase_dia;sentido_via;condicao_metereologica;tipo_pista;tracado_via;uso_solo;pessoas;mortos;feridos_leves;feridos_graves;ilesos;ignorados;feridos;veiculos;latitude;longitude;regional;delegacia;uop
585041;04/03/2024;segunda-feira;20:10:00;TO;153;399,6;RIO DOS BOIS;Ultrapassagem Indevida;Colisão lateral mesmo sentido;Com Vítimas Feridas;Plena Noite;Decrescente;Nublado;Simples;"Curva;Declive";Não;4;0;1;0;1;2;1;3;-9,40244997;-48,56660843;SPRF-TO;DEL02-TO;UOP02-DEL02-TO
585044;04/03/2024;segunda-feira;15:35:00;RJ;101;328;NITEROI;Condutor deixou de manter distância do veículo da frente;Colisão traseira;Com Vítimas Feridas;Pleno dia;Decrescente;Céu Claro;Dupla;"Aclive;Ponte;Reta";Não;2;0;0;1;1;0;1;2;-22,87028692;-43,16579699;SPRF-RJ;DEL02-RJ;UOP01-DEL02-RJ
585052;04/03/2024;segunda-feira;15:40:00;MT;70;680,3;CACERES;Ultrapassagem Indevida;Colisão lateral sentido oposto;Com Vítimas Feridas;Pleno dia;Decrescente;Céu Claro;Simples;Reta;Não;6;0;0;1;5;0;1;6;-16,12248137;-57,31052671;SPRF-MT;DEL03-MT;UOP02-DEL03-MT
585053;04/03/2024;segunda-feira;17:00:00;PR;277;504;GUARANIACU;Carga excessiva e/ou mal acondicionada;Tombamento;Com Vítimas Feridas;Pleno dia;Decrescente;Garoa/Chuvisco;Simples;Curva;Não;2;0;2;0;0;0;2;1;-25,13087;-52,72738;SPRF-PR;DEL04-PR;UOP04-DEL04-PR
585060;04/03/2024;segunda-feira;19:37:00;MG;262;576,8;CORREGO DANTA;Acessar a via sem observar a presença dos outros veículos;Colisão transversal;Com Vítimas Feridas;Plena Noite;Decrescente;Chuva;Simples;Reta;Não;3;0;1;0;1;2;1;4;-19,68486101;-46,03918512;SPRF-MG;DEL08-MG;UOP02-DEL08-MG
585063;04/03/2024;segunda-feira;18:30:00;MT;364;498;JANGADA;Conversão proibida;Colisão transversal;Com Vítimas Feridas;Plena Noite;Crescente;Céu Claro;Simples;Reta;Sim;4;0;0;1;2;5;1;8;-15,26383164;-56,45548663;SPRF-MT;DEL01-MT;UOP01-DEL01-MT
585065;04/03/2024;segunda-feira;19:00:00;RJ;116;202;QUEIMADOS;Transitar no Acostamento;Colisão lateral mesmo sentido;Sem Vítimas;Plena Noite;Decrescente;Céu Claro;Dupla;Reta;Sim;2;0;0;0;1;1;0;2;-22,72996588;-43,61317403;SPRF-RJ;DEL06-RJ;UOP02-DEL06-RJ
585066;04/03/2024;segunda-feira;21:15:00;MT;70;511;CUIABA;Entrada inopinada do pedestre;Atropelamento de Pedestre;Com Vítimas Feridas;Plena Noite;Crescente;Nublado;Simples;Reta;Não;3;0;0;1;1;1;1;3;-15,69832589;-56,11086845;SPRF-MT;DEL01-MT;UOP02-DEL01-MT
585068;04/03/2024;segunda-feira;21:50:00;PR;376;362,3;ORTIGUEIRA;Ingestão de álcool pelo condutor;Colisão frontal;Com Vítimas Feridas;Plena Noite;Crescente;Nublado;Simples;"Curva;Declive";Não;3;0;1;0;1;1;1;3;-24,32849384;-50,84703287;SPRF-PR;DEL07-PR;UOP02-DEL07-PR
585069;04/03/2024;segunda-feira;22:30:00;GO;60;427;RIO VERDE;Reação tardia ou ineficiente do condutor;Saída de leito carroçável;Sem Vítimas;Plena Noite;Decrescente;Nublado;Dupla;Declive;Não;4;0;0;0;3;1;0;2;-17,8186;-51,3027;SPRF-GO;DEL04-GO;UOP02-DEL04-GO
585071;04/03/2024;segunda-feira;23:30:00;SE;101;123;ITAPORANGA DAJUDA;Condutor Dormindo;Tombamento;Com Vítimas Feridas;Plena Noite;Decrescente;Céu Claro;Dupla;Curva;Não;2;0;1;0;0;1;1;2;-11,03730971;-37,3646369;SPRF-SE;DEL02-SE;UOP01-DEL02-SE
585072;04/03/2024;segunda-feira;22:30:00;PR;376;651;TIJUCAS DO SUL;Pista Escorregadia;Colisão com objeto;Com Vítimas Feridas;Plena Noite;Decrescente;Garoa/Chuvisco;Dupla;"Curva;Declive";Não;2;0;1;0;0;1;1;2;-25,845243;-49,078578;SPRF-PR;DEL01-PR;UOP04-DEL01-PR
585077;04/03/2024;segunda-feira;21:20:00;MG;251;463,5;GRAO MOGOL;Neblina;Colisão lateral mesmo sentido;Com Vítimas Feridas;Plena Noite;Crescente;Nevoeiro/Neblina;Simples;Reta;Não;3;0;0;1;1;2;1;4;-16,44126651;-43,3968844;SPRF-MG;DEL12-MG;UOP01-DEL12-MG
585078;05/03/2024;terça-feira;01:20:00;GO;20;157,5;ALVORADA DO NORTE;Condutor Dormindo;Colisão com objeto;Com Vítimas Feridas;Plena Noite;Decrescente;Chuva;Simples;"Reta;Ponte";Não;2;0;2;0;0;0;2;1;-14,635591;-46,624581;SPRF-DF;DEL02-DF;UOP03-DEL02-DF
585080;05/03/2024;terça-feira;00:15:00;BA;116;617;IRAJUBA;Demais falhas mecânicas ou elétricas;Colisão traseira;Com Vítimas Fatais;Plena Noite;Decrescente;Nublado;Simples;Reta;Não;1;1;0;0;0;0;0;1;-13,339453;-40,01671798;SPRF-BA;DEL03-BA;UOP01-DEL03-BA
585083;05/03/2024;terça-feira;04:00:00;PB;230;427;POMBAL;Demais falhas mecânicas ou elétricas;Tombamento;Com Vítimas Feridas;Plena Noite;Decrescente;Céu Claro;Simples;Reta;Não;2;0;1;0;0;2;1;3;-6,7349;-37,916;SPRF-PB;DEL03-PB;UOP02-DEL03-PB
585089;05/03/2024;terça-feira;05:30:00;PA;10;137;PARAGOMINAS;Ausência de sinalização;Colisão traseira;Com Vítimas Feridas;Amanhecer;Decrescente;Nublado;Simples;Reta;Não;6;0;1;0;4;2;1;6;-3,24103008;-47,47626444;SPRF-PA;DEL02-PA;UOP01-DEL02-PA
585091;05/03/2024;terça-feira;01:50:00;RS;392;97;MORRO REDONDO;Condutor Dormindo;Saída de leito carroçável;Com Vítimas Feridas;Plena Noite;Decrescente;Céu Claro;Simples;Curva;Não;2;0;1;0;0;2;1;3;-31,55503156;-52,55541687;SPRF-RS;DEL07-RS;UOP01-DEL07-RS
585093;05/03/2024;terça-feira;01:30:00;CE;222;93;UMIRIM;Condutor Dormindo;Colisão lateral sentido oposto;Com Vítimas Feridas;Plena Noite;Decrescente;Nublado;Simples;Curva;Não;4;0;2;1;0;1;3;3;-3,69225317;-39,36916962;SPRF-CE;DEL04-CE;UOP03-DEL04-CE
585095;05/03/2024;terça-feira;06:10:00;PE;101;58,4;RECIFE;Trafegar com motocicleta (ou similar) entre as faixas;Colisão lateral mesmo sentido;Com Vítimas Feridas;Pleno dia;Crescente;Nublado;Dupla;"Reta;Declive";Sim;2;0;0;1;1;0;1;2;-7,97063209;-34,92064675;SPRF-PE;DEL01-PE;UOP02-DEL01-PE
585096;04/03/2024;segunda-feira;16:50:00;SC;153;84,9;CONCORDIA;Transitar na contramão;Colisão frontal;Com Vítimas Feridas;Pleno dia;Decrescente;Garoa/Chuvisco;Simples;"Curva;Aclive";Não;8;0;4;3;0;1;7;3;-27,13419;-51,916466;SPRF-SC;DEL07-SC;UOP04-DEL07-SC
585105;05/03/2024;terça-feira;07:45:00;RJ;356;42,3;ITAPERUNA;Condutor deixou de manter distância do veículo da frente;Engavetamento;Com Vítimas Feridas;Pleno dia;Decrescente;Céu Claro;Simples;"Curva;Declive";Não;6;0;1;0;5;0;1;3;-21,21755178;-41,82535005;SPRF-RJ;DEL08-RJ;UOP03-DEL08-RJ
585107;05/03/2024;terça-feira;07:00:00;PR;116;177;QUITANDINHA;Velocidade Incompatível;Saída de leito carroçável;Com Vítimas Feridas;Amanhecer;Decrescente;Nublado;Simples;Reta;Não;2;0;1;0;0;1;1;2;-25,89426898;-49,54478101;SPRF-PR;DEL01-PR;UOP03-DEL01-PR
585111;05/03/2024;terça-feira;06:20:00;GO;153;657;GOIATUBA;Condutor Dormindo;Saída de leito carroçável;Com Vítimas Fatais;Amanhecer;Decrescente;Céu Claro;Dupla;Reta;Não;2;1;0;0;0;1;0;2;-18,0277;-49,265;SPRF-GO;DEL03-GO;UOP01-DEL03-GO
585113;05/03/2024;terça-feira;07:50:00;MT;364;349;SANTO ANTONIO DO LEVERGER;Reação tardia ou ineficiente do condutor;Tombamento;Com Vítimas Feridas;Pleno dia;Crescente;Céu Claro;Dupla;"Curva;Declive";Não;1;0;1;0;0;0;1;1;-15,80502622;-55,5546431;SPRF-MT;DEL05-MT;UOP02-DEL05-MT
585118;05/03/2024;terça-feira;08:50:00;RS;386;295,8;POUSO NOVO;Ausência de reação do condutor;Tombamento;Com Vítimas Feridas;Pleno dia;Decrescente;Nublado;Simples;Curva;Não;2;0;1;0;0;1;1;2;-29,128876;-52,251305;SPRF-RS;DEL04-RS;UOP01-DEL04-RS
585121;05/03/2024;terça-feira;08:05:00;PI;316;8;TERESINA;Transitar no Acostamento;Colisão traseira;Com Vítimas Feridas;Pleno dia;Decrescente;Céu Claro;Múltipla;Reta;Sim;2;0;0;1;1;0;1;2;-5,16483402;-42,76899508;SPRF-PI;DEL01-PI;UOP02-DEL01-PI
585122;05/03/2024;terça-feira;08:20:00;GO;153;505,3;APARECIDA DE GOIANIA;Ausência de reação do condutor;Colisão lateral mesmo sentido;Sem Vítimas;Pleno dia;Decrescente;Céu Claro;Múltipla;Reta;Sim;2;0;0;0;2;0;0;2;-16,7537;-49,2411;SPRF-GO;DEL01-GO;UOP01-DEL01-GO
585133;05/03/2024;terça-feira;09:45:00;PE;116;82,5;BELEM DE SAO FRANCISCO;Velocidade Incompatível;Tombamento;Com Vítimas Feridas;Pleno dia;Crescente;Céu Claro;Simples;"Declive;Rotatória;Curva";Não;2;0;1;0;0;1;1;2;-8,542338;-39,223984;SPRF-PE;DEL05-PE;UOP03-DEL05-PE
585138;14/02/2024;quarta-feira;10:00:00;PR;277;38;MORRETES;Acumulo de óleo sobre o pavimento;Colisão traseira;Com Vítimas Feridas;Pleno dia;Decrescente;Chuva;Dupla;"Declive;Curva";Não;6;0;2;0;3;2;2;4;-25,56584471;-48,81116269;SPRF-PR;DEL01-PR;UOP05-DEL01-PR
585141;05/03/2024;terça-feira;10:00:00;PR;376;182,6;SARANDI;Ausência de reação do condutor;Colisão traseira;Com Vítimas Feridas;Pleno dia;Crescente;Céu Claro;Múltipla;"Em Obras;Reta";Não;3;0;1;0;1;1;1;3;-23,43684112;-51,87880764;SPRF-PR;DEL09-PR;UOP01-DEL09-PR
585144;05/03/2024;terça-feira;08:00:00;MT;364;355,6;SANTO ANTONIO DO LEVERGER;Demais falhas mecânicas ou elétricas;Incêndio;Sem Vítimas;Pleno dia;Crescente;Nublado;Dupla;Curva;Não;2;0;0;0;1;1;0;2;-15,79702449;-55,60063602;SPRF-MT;DEL05-MT;UOP02-DEL05-MT
585145;05/03/2024;terça-feira;07:30:00;GO;153;583,3;PROFESSOR JAMIL;Chuva;Saída de leito carroçável;Com Vítimas Feridas;Pleno dia;Crescente;Chuva;Dupla;Reta;Não;1;0;1;0;0;0;1;1;-17,4071;-49,2247;SPRF-GO;DEL03-GO;UOP01-DEL03-GO
585150;05/03/2024;terça-feira;11:35:00;SP;116;96,9;PINDAMONHANGABA;Reação tardia ou ineficiente do condutor;Colisão traseira;Com Vítimas Fatais;Pleno dia;Decrescente;Sol;Dupla;Reta;Não;4;1;0;0;2;1;0;4;-22,97375666;-45,44726115;SPRF-SP;DEL08-SP;UOP01-DEL08-SP
585151;05/03/2024;terça-feira;11:35:00;RS;116;258;ESTEIO;Manobra de mudança de faixa;Colisão traseira;Com Vítimas Feridas;Pleno dia;Crescente;Nublado;Dupla;"Interseção de Vias;Reta";Sim;3;0;1;0;2;0;1;2;-29,86150502;-51,18091535;SPRF-RS;DEL01-RS;UOP02-DEL01-RS
585153;05/03/2024;terça-feira;11:50:00;TO;153;499;PARAISO DO TOCANTINS;Ultrapassagem Indevida;Colisão lateral mesmo sentido;Com Vítimas Feridas;Pleno dia;Crescente;Céu Claro;Simples;"Declive;Reta";Não;5;0;2;0;2;1;2;3;-10,19275595;-48,87879892;SPRF-TO;DEL01-TO;UOP01-DEL01-TO
585170;05/03/2024;terça-feira;12:11:00;RO;319;63;PORTO VELHO;Condutor deixou de manter distância do veículo da frente;Colisão traseira;Com Vítimas Feridas;Pleno dia;Crescente;Nublado;Dupla;Interseção de Vias;Sim;3;0;1;0;1;1;1;3;-8,766685;-63,884052;SPRF-RO;DEL01-RO;UOP01-DEL01-RO
585171;05/03/2024;terça-feira;12:35:00;PR;369;354,9;CAMPO MOURAO;Manobra de mudança de faixa;Colisão frontal;Com Vítimas Fatais;Pleno dia;Decrescente;Céu Claro;Simples;Curva;Não;4;2;0;0;1;1;0;3;-24,15504;-52,4651;SPRF-PR;DEL09-PR;UOP03-DEL09-PR
585173;05/03/2024;terça-feira;14:00:00;MG;381;278;JAGUARACU;Ultrapassagem Indevida;Colisão lateral sentido oposto;Com Vítimas Feridas;Pleno dia;Decrescente;Nublado;Simples;Reta;Sim;6;0;0;1;4;1;1;5;-19,59742113;-42,74660193;SPRF-MG;DEL03-MG;UOP02-DEL03-MG
585175;05/03/2024;terça-feira;12:15:00;MT;364;119;RONDONOPOLIS;Pista Escorregadia;Colisão traseira;Sem Vítimas;Pleno dia;Crescente;Céu Claro;Dupla;"Declive;Curva";Sim;3;0;0;0;2;2;0;4;-16,49152468;-54,6467159;SPRF-MT;DEL02-MT;UOP02-DEL02-MT
585178;05/03/2024;terça-feira;14:47:00;RS;386;358,2;ESTRELA;Condutor deixou de manter distância do veículo da frente;Colisão traseira;Com Vítimas Feridas;Pleno dia;Crescente;Sol;Dupla;"Reta;Aclive";Não;2;0;0;1;0;1;1;2;-29,53306;-51,919636;SPRF-RS;DEL04-RS;UOP01-DEL04-RS
585181;05/03/2024;terça-feira;08:25:00;RS;285;97,3;VACARIA;Transitar na contramão;Colisão lateral sentido oposto;Sem Vítimas;Pleno dia;Crescente;Nublado;Simples;Curva;Não;2;0;0;0;2;0;0;2;-28,5885162;-50,76104164;SPRF-RS;DEL05-RS;UOP03-DEL05-RS
585185;05/03/2024;terça-feira;11:00:00;PR;376;444,6;TIBAGI;Ausência de reação do condutor;Saída de leito carroçável;Sem Vítimas;Pleno dia;Crescente;Ignorado;Dupla;Reta;Não;2;0;0;0;1;3;0;4;-24,88977701;-50,43486101;SPRF-PR;DEL03-PR;UOP02-DEL03-PR
585187;05/03/2024;terça-feira;10:35:00;PE;116;45,5;SALGUEIRO;Transitar na contramão;Colisão frontal;Com Vítimas Fatais;Pleno dia;Crescente;Céu Claro;Simples;Declive;Não;6;1;1;1;1;2;2;4;-8,231612;-39,108917;SPRF-PE;DEL05-PE;UOP01-DEL05-PE
585191;05/03/2024;terça-feira;09:18:00;MT;70;522;VARZEA GRANDE;Ausência de reação do condutor;Colisão traseira;Sem Vítimas;Pleno dia;Crescente;Nublado;Simples;Reta;Sim;3;0;0;0;3;0;0;2;-15,6640319;-56,18476868;SPRF-MT;DEL01-MT;UOP02-DEL01-MT
585192;05/03/2024;terça-feira;13:00:00;PI;316;330;GEMINIANO;Ingestão de álcool pelo condutor;Saída de leito carroçável;Sem Vítimas;Pleno dia;Crescente;Sol;Simples;Reta;Não;1;0;0;0;1;0;0;1;-7,10366323;-41,29901302;SPRF-PI;DEL04-PI;UOP01-DEL04-PI
585194;05/03/2024;terça-feira;16:20:00;PR;376;45,5;LOANDA;Acessar a via sem observar a presença dos outros veículos;Colisão transversal;Com Vítimas Fatais;Pleno dia;Crescente;Nublado;Simples;Reta;Não;6;2;2;0;1;2;2;4;-22,86067466;-52,96646118;SPRF-PR;DEL09-PR;UOP02-DEL09-PR
585198;05/03/2024;terça-feira;13:05:00;BA;116;640;JAGUAQUARA;Ultrapassagem Indevida;Colisão lateral sentido oposto;Com Vítimas Feridas;Pleno dia;Crescente;Céu Claro;Simples;Declive;Não;8;0;0;1;6;2;1;7;-13,53126279;-40,06433648;SPRF-BA;DEL03-BA;UOP01-DEL03-BA
585199;27/02/2024;terça-feira;06:30:00;BA;101;739;ITABELA;Velocidade Incompatível;Capotamento;Com Vítimas Feridas;Pleno dia;Decrescente;Sol;Simples;"Curva;Declive";Não;1;0;1;0;0;0;1;1;-16,689233;-39,480426;SPRF-BA;DEL09-BA;UOP01-DEL09-BA
585203;05/03/2024;terça-feira;17:15:00;MG;40;491;ESMERALDAS;Acumulo de água sobre o pavimento;Colisão lateral mesmo sentido;Sem Vítimas;Pleno dia;Decrescente;Chuva;Dupla;Reta;Não;2;0;0;0;2;0;0;2;-19,62850298;-44,20532179;SPRF-MG;DEL02-MG;UOP01-DEL02-MG
585206;05/03/2024;terça-feira;15:30:00;MG;116;587,2;MANHUACU;Reação tardia ou ineficiente do condutor;Colisão lateral mesmo sentido;Com Vítimas Feridas;Pleno dia;Crescente;Nublado;Simples;"Reta;Declive";Não;4;0;1;0;2;1;1;3;-20,24173903;-42,15868042;SPRF-MG;DEL06-MG;UOP03-DEL06-MG
585217;05/03/2024;terça-feira;16:50:00;RJ;465;18;NOVA IGUACU;Acessar a via sem observar a presença dos outros veículos;Colisão transversal;Com Vítimas Feridas;Pleno dia;Crescente;Céu Claro;Simples;Reta;Não;3;0;1;1;1;0;2;2;-22,831354;-43,615128;SPRF-RJ;DEL06-RJ;UOP02-DEL06-RJ
585218;05/03/2024;terça-feira;13:30:00;PR;373;231,7;IMBITUVA;Acessar a via sem observar a presença dos outros veículos;Colisão com objeto;Com Vítimas Feridas;Pleno dia;Decrescente;Céu Claro;Simples;"Reta;Interseção de Vias";Não;2;0;1;0;1;0;1;2;-25,18182164;-50,67336425;SPRF-PR;DEL03-PR;UOP01-DEL03-PR
585231;05/03/2024;terça-feira;19:12:00;PR;116;123,6;CURITIBA;Demais falhas mecânicas ou elétricas;Colisão lateral mesmo sentido;Com Vítimas Feridas;Plena Noite;Crescente;Céu Claro;Dupla;Reta;Não;3;0;0;2;1;0;2;2;-25,57736002;-49,31243589;SPRF-PR;DEL01-PR;UOP03-DEL01-PR
585236;05/03/2024;terça-feira;17:15:00;PR;277;425,5;CANTAGALO;Demais falhas mecânicas ou elétricas;Incêndio;Sem Vítimas;Pleno dia;Decrescente;Céu Claro;Simples;Aclive;Não;2;0;0;0;1;1;0;2;-25,38390004;-52,15759277;SPRF-PR;DEL04-PR;UOP02-DEL04-PR
585242;05/03/2024;terça-feira;20:51:00;ES;101;189;ARACRUZ;Acesso irregular;Colisão lateral sentido oposto;Com Vítimas Feridas;Plena Noite;Crescente;Céu Claro;Múltipla;Retorno Regulamentado;Não;2;0;1;0;1;0;1;2;-19,68134019;-40,27051885;SPRF-ES;DEL04-ES;UOP01-DEL04-ES
585248;05/03/2024;terça-feira;21:50:00;SP;116;280;EMBU DAS ARTES;Manobra de mudança de faixa;Colisão lateral mesmo sentido;Com Vítimas Feridas;Plena Noite;Crescente;Garoa/Chuvisco;Dupla;"Interseção de Vias;Curva";Sim;4;0;1;0;2;1;1;3;-23,66996108;-46,85590758;SPRF-SP;DEL04-SP;UOP01-DEL04-SP
585254;05/03/2024;terça-feira;19:50:00;SC;280;154,1;MAFRA;Pista Escorregadia;Saída de leito carroçável;Com Vítimas Feridas;Plena Noite;Crescente;Garoa/Chuvisco;Simples;"Declive;Curva";Não;2;0;1;0;0;1;1;2;-26,21362587;-49,7181449;SPRF-SC;DEL06-SC;UOP03-DEL06-SC
585258;05/03/2024;terça-feira;23:00:00;GO;60;234;INDIARA;Ausência de reação do condutor;Colisão traseira;Com Vítimas Feridas;Pleno dia;Decrescente;Céu Claro;Dupla;"Reta;Aclive";Não;2;0;0;1;1;0;1;2;-17,083933;-49,83948;SPRF-GO;DEL01-GO;UOP02-DEL01-GO
585264;05/03/2024;terça-feira;23:00:00;PR;158;507;CORONEL VIVIDA;Ingestão de álcool pelo condutor;Colisão frontal;Com Vítimas Feridas;Plena Noite;Crescente;Nublado;Simples;Reta;Não;3;0;1;0;2;0;1;2;-26,02180124;-52,57733183;SPRF-PR;DEL02-PR;UOP01-DEL02-PR
585266;06/03/2024;quarta-feira;01:00:00;MG;40;786,9;JUIZ DE FORA;Carga excessiva e/ou mal acondicionada;Derramamento de carga;Com Vítimas Feridas;Plena Noite;Crescente;Chuva;Dupla;Curva;Não;3;0;0;1;1;1;1;3;-21,7253668;-43,43894807;SPRF-MG;DEL05-MG;UOP01-DEL05-MG
585269;06/03/2024;quarta-feira;01:25:00;PA;163;607;TRAIRAO;Reação tardia ou ineficiente do condutor;Tombamento;Com Vítimas Feridas;Plena Noite;Crescente;Céu Claro;Simples;Curva;Não;2;0;1;0;0;3;1;4;-4,78803625;-56,11969281;SPRF-PA;DEL05-PA;UOP02-DEL05-PA
585271;06/03/2024;quarta-feira;03:15:00;RJ;101;100;CAMPOS DOS GOYTACAZES;Ausência de reação do condutor;Saída de leito carroçável;Com Vítimas Feridas;Plena Noite;Decrescente;Céu Claro;Dupla;Reta;Não;2;0;1;0;1;0;1;1;-21,88111458;-41,59066116;SPRF-RJ;DEL08-RJ;UOP02-DEL08-RJ
585273;06/03/2024;quarta-feira;04:00:00;MG;146;442,8;CABO VERDE;Condutor Dormindo;Colisão lateral sentido oposto;Com Vítimas Feridas;Pleno dia;Crescente;Céu Claro;Simples;Curva;Sim;2;0;1;0;1;0;1;2;-21,48374091;-46,39938354;SPRF-MG;DEL09-MG;UOP01-DEL09-MG
585274;06/03/2024;quarta-feira;04:20:00;PR;376;614;SAO JOSE DOS PINHAIS;Ausência de reação do condutor;Colisão traseira;Com Vítimas Feridas;Plena Noite;Decrescente;Céu Claro;Dupla;Reta;Sim;2;0;0;1;1;0;1;2;-25,56660098;-49,18270111;SPRF-PR;DEL01-PR;UOP06-DEL01-PR
585277;06/03/2024;quarta-feira;05:50:00;SP;116;201,7;ARUJA;Objeto estático sobre o leito carroçável;Tombamento;Com Vítimas Feridas;Amanhecer;Decrescente;Ignorado;Dupla;Reta;Sim;2;0;1;0;0;1;1;2;-23,40362877;-46,33050107;SPRF-SP;DEL01-SP;UOP01-DEL01-SP
585278;06/03/2024;quarta-feira;04:30:00;PR;376;597;CURITIBA;Demais falhas mecânicas ou elétricas;Incêndio;Sem Vítimas;Amanhecer;Crescente;Chuva;Dupla;Reta;Sim;2;0;0;0;1;1;0;2;-25,510571;-49,338848;SPRF-PR;DEL01-PR;UOP06-DEL01-PR
585279;06/03/2024;quarta-feira;05:05:00;SP;262;321;CASTILHO;Reação tardia ou ineficiente do condutor;Tombamento;Com Vítimas Feridas;Pleno dia;Crescente;Céu Claro;Simples;Reta;Não;2;0;1;0;1;0;1;1;-20,78935176;-51,61112808;SPRF-MS;DEL07-MS;UOP01-DEL07-MS
585285;06/03/2024;quarta-feira;06:30:00;BA;101;113;ALAGOINHAS;Ausência de sinalização;Atropelamento de Pedestre;Com Vítimas Feridas;Pleno dia;Decrescente;Céu Claro;Simples;Reta;Não;3;0;0;1;1;2;1;4;-12,1569447;-38,5033589;SPRF-BA;DEL01-BA;UOP04-DEL01-BA
585289;06/03/2024;quarta-feira;06:25:00;AL;423;91;DELMIRO GOUVEIA;Ultrapassagem Indevida;Colisão lateral sentido oposto;Com Vítimas Feridas;Amanhecer;Crescente;Céu Claro;Simples;Reta;Não;2;0;1;0;1;0;1;2;-9,36383409;-38,08008697;SPRF-BA;DEL07-BA;UOP01-DEL07-BA
585290;06/03/2024;quarta-feira;07:00:00;RS;386;369;FAZENDA VILANOVA;Condutor deixou de manter distância do veículo da frente;Colisão traseira;Com Vítimas Feridas;Pleno dia;Crescente;Céu Claro;Dupla;"Viaduto;Aclive;Reta";Sim;2;0;1;0;1;0;1;2;-29,587444;-51,831783;SPRF-RS;DEL04-RS;UOP01-DEL04-RS
585291;06/03/2024;quarta-feira;07:50:00;ES;101;269;SERRA;Reação tardia ou ineficiente do condutor;Colisão transversal;Com Vítimas Feridas;Pleno dia;Decrescente;Céu Claro;Múltipla;"Reta;Interseção de Vias";Sim;4;0;2;0;1;1;2;3;-20,21740496;-40,26990578;SPRF-ES;DEL02-ES;UOP01-DEL02-ES
585297;06/03/2024;quarta-feira;07:00:00;PR;277;50;MORRETES;Condutor Dormindo;Saída de leito carroçável;Com Vítimas Feridas;Pleno dia;Crescente;Céu Claro;Dupla;Reta;Não;2;0;1;0;0;1;1;2;-25,59563891;-48,89814806;SPRF-PR;DEL01-PR;UOP01-DEL01-PR
585304;04/02/2024;domingo;09:10:00;PA;163;104;ALTAMIRA;Curva acentuada;Saída de leito carroçável;Com Vítimas Feridas;Pleno dia;Decrescente;Céu Claro;Simples;Curva;Não;3;0;1;0;0;4;1;5;-8,728298;-54,979658;SPRF-PA;DEL05-PA;UOP02-DEL05-PA
585310;06/03/2024;quarta-feira;08:34:00;SC;101;206,6;SAO JOSE;Reação tardia ou ineficiente do condutor;Colisão traseira;Com Vítimas Feridas;Pleno dia;Crescente;Céu Claro;Múltipla;Reta;Não;2;0;0;1;1;0;1;2;-27,59193546;-48,61824557;SPRF-SC;DEL01-SC;UOP01-DEL01-SC
585311;06/03/2024;quarta-feira;07:40:00;MG;365;614,5;UBERLANDIA;Ausência de reação do condutor;Colisão traseira;Com Vítimas Feridas;Pleno dia;Crescente;Céu Claro;Simples;Reta;Sim;3;0;1;0;1;2;1;4;-18,91230535;-48,21965933;SPRF-MG;DEL15-MG;UOP01-DEL15-MG
585319;06/03/2024;quarta-feira;08:40:00;PR;376;594,2;CURITIBA;Reação tardia ou ineficiente do condutor;Colisão traseira;Com Vítimas Feridas;Amanhecer;Decrescente;Nublado;Simples;Reta;Sim;5;0;1;0;3;2;1;6;-25,48479613;-49,34730331;SPRF-PR;DEL01-PR;UOP06-DEL01-PR
585339;06/03/2024;quarta-feira;10:10:00;PB;101;121,5;CAAPORA;Manobra de mudança de faixa;Colisão traseira;Com Vítimas Feridas;Pleno dia;Decrescente;Céu Claro;Dupla;Reta;Não;4;0;1;0;2;1;1;4;-7,44160988;-34,97799652;SPRF-PB;DEL01-PB;UOP02-DEL01-PB
585340;06/03/2024;quarta-feira;10:20:00;PE;316;83,9;OURICURI;Manobra de mudança de faixa;Colisão lateral sentido oposto;Com Vítimas Feridas;Pleno dia;Decrescente;Céu Claro;Simples;Reta;Sim;3;0;0;1;1;1;1;3;-7,88752781;-40,06645203;SPRF-PE;DEL05-PE;UOP02-DEL05-PE
585341;06/03/2024;quarta-feira;07:30:00;RS;293;84,2;PIRATINI;Demais falhas mecânicas ou elétricas;Saída de leito carroçável;Com Vítimas Feridas;Pleno dia;Decrescente;Céu Claro;Simples;Reta;Não;2;0;2;0;0;0;2;1;-31,63828281;-53,16457499;SPRF-RS;DEL07-RS;UOP01-DEL07-RS
585347;06/03/2024;quarta-feira;12:30:00;MG;40;525,9;CONTAGEM;Manobra de mudança de faixa;Colisão lateral mesmo sentido;Com Vítimas Feridas;Pleno dia;Crescente;Chuva;Múltipla;Reta;Sim;4;0;2;0;1;1;2;3;-19,8923574;-44,05014396;SPRF-MG;DEL01-MG;UOP02-DEL01-MG
585352;06/03/2024;quarta-feira;11:30:00;RS;116;257;ESTEIO;Reação tardia ou ineficiente do condutor;Engavetamento;Com Vítimas Feridas;Pleno dia;Decrescente;Céu Claro;Dupla;"Em Obras;Curva;Interseção de Vias";Sim;3;0;2;0;1;0;2;3;-29,84886857;-51,17858061;SPRF-RS;DEL01-RS;UOP02-DEL01-RS
585353;06/03/2024;quarta-feira;04:00:00;MG;267;245,7;SERITINGA;Condutor Dormindo;Saída de leito carroçável;Com Vítimas Feridas;Amanhecer;Decrescente;Céu Claro;Simples;Declive;Não;1;0;0;1;0;0;1;1;-21,92838125;-44,44880298;SPRF-MG;DEL17-MG;UOP01-DEL17-MG