id;data_inversa;dia_semana;horario;uf;br;km;municipio;causa_acidente;tipo_acidente;classificacao_acidente;fase_dia;sentido_via;condicao_metereologica;tipo_pista;tracado_via;uso_solo;pessoas;mortos;feridos_leves;feridos_graves;ilesos;ignorados;feridos;veiculos;latitude;longitude;regional;delegacia;uop
587340;09/03/2024;sábado;02:10:00;MG;262;379;JUATUBA;Condutor Dormindo;Saída de leito carroçável;Com Vítimas Feridas;Plena Noite;Crescente;Céu Claro;Dupla;Curva;Não;1;0;1;0;0;0;1;1;-19,93208;-44,42604;SPRF-MG;DEL01-MG;UOP03-DEL01-MG
587343;15/03/2024;sexta-feira;06:20:00;MT;70;498;CUIABA;Acesso irregular;Colisão frontal;Com Vítimas Feridas;Amanhecer;Crescente;Céu Claro;Simples;Reta;Sim;3;0;0;1;1;3;1;5;-15,68932746;-55,9068932;SPRF-MT;DEL01-MT;UOP02-DEL01-MT
587345;15/03/2024;sexta-feira;05:36:00;MA;135;45;BACABEIRA;Retorno proibido;Colisão transversal;Com Vítimas Feridas;Amanhecer;Crescente;Ignorado;Dupla;Declive;Não;6;0;0;1;3;2;1;2;-2,92373274;-44,34012671;SPRF-MA;DEL01-MA;UOP01-DEL01-MA
587347;15/03/2024;sexta-feira;07:55:00;RS;285;460,5;IJUI;Acessar a via sem observar a presença dos outros veículos;Colisão transversal;Com Vítimas Feridas;Pleno dia;Crescente;Garoa/Chuvisco;Simples;Rotatória;Não;3;0;1;0;1;2;1;4;-28,41848504;-53,91603827;SPRF-RS;DEL10-RS;UOP01-DEL10-RS
587354;15/03/2024;sexta-feira;06:30:00;MG;381;486;BETIM;Velocidade Incompatível;Colisão traseira;Com Vítimas Feridas;Pleno dia;Crescente;Céu Claro;Múltipla;"Reta;Declive";Sim;4;0;2;0;2;0;2;2;-19,95644414;-44,13611598;SPRF-MG;DEL01-MG;UOP03-DEL01-MG
587355;15/03/2024;sexta-feira;08:15:00;MG;381;361;JOAO MONLEVADE;Ausência de reação do condutor;Colisão lateral sentido oposto;Sem Vítimas;Pleno dia;Crescente;Céu Claro;Simples;"Aclive;Curva";Sim;3;0;0;0;2;1;0;3;-19,85881293;-43,234108;SPRF-MG;DEL03-MG;UOP01-DEL03-MG
587366;15/03/2024;sexta-feira;07:30:00;MT;364;195;RONDONOPOLIS;Transitar na contramão;Tombamento;Sem Vítimas;Pleno dia;Decrescente;Céu Claro;Simples;Reta;Não;3;0;0;0;2;3;0;5;-16,54768343;-54,5755291;SPRF-MT;DEL02-MT;UOP01-DEL02-MT
587369;15/03/2024;sexta-feira;09:55:00;BA;324;612,4;SALVADOR;Trafegar com motocicleta (ou similar) entre as faixas;Colisão lateral mesmo sentido;Com Vítimas Feridas;Pleno dia;Crescente;Céu Claro;Dupla;Reta;Não;3;0;1;0;1;1;1;3;-12,84664721;-38,41741648;SPRF-BA;DEL01-BA;UOP01-DEL01-BA
587370;15/03/2024;sexta-feira;09:00:00;PE;407;128,3;PETROLINA;Ultrapassagem Indevida;Colisão com objeto;Sem Vítimas;Pleno dia;Decrescente;Nublado;Dupla;Reta;Sim;3;0;0;0;1;3;0;4;-9,39520996;-40,50753593;SPRF-PE;DEL06-PE;UOP01-DEL06-PE
587378;15/03/2024;sexta-feira;08:40:00;MT;70;521;VARZEA GRANDE;Transitar na contramão;Colisão frontal;Com Vítimas Feridas;Pleno dia;Crescente;Céu Claro;Simples;Reta;Sim;4;0;1;2;0;3;3;6;-15,65934185;-56,18900657;SPRF-MT;DEL01-MT;UOP02-DEL01-MT
587382;15/03/2024;sexta-feira;09:10:00;MG;381;749;TRES CORACOES;Reação tardia ou ineficiente do condutor;Engavetamento;Com Vítimas Feridas;Pleno dia;Crescente;Céu Claro;Dupla;"Reta;Declive";Não;6;0;1;0;4;2;1;5;-21,66281681;-45,30798018;SPRF-MG;DEL16-MG;UOP02-DEL16-MG
587383;11/03/2024;segunda-feira;22:55:00;MG;381;404;BOM JESUS DO AMPARO;Problema com o freio;Colisão traseira;Com Vítimas Feridas;Plena Noite;Decrescente;Nublado;Dupla;Reta;Não;4;0;2;0;1;1;2;3;-19,7490622;-43,54398027;SPRF-MG;DEL01-MG;UOP01-DEL01-MG
587386;15/03/2024;sexta-feira;10:15:00;MS;163;510;JARAGUARI;Conversão proibida;Colisão transversal;Com Vítimas Feridas;Pleno dia;Crescente;Céu Claro;Simples;"Declive;Reta";Não;6;0;3;0;1;3;3;5;-20,24542306;-54,48063561;SPRF-MS;DEL01-MS;UOP02-DEL01-MS
587389;15/03/2024;sexta-feira;08:30:00;PR;277;303;PRUDENTOPOLIS;Condutor Dormindo;Saída de leito carroçável;Com Vítimas Feridas;Amanhecer;Crescente;Céu Claro;Múltipla;Reta;Não;2;0;1;0;0;2;1;3;-25,31290271;-51,17760801;SPRF-PR;DEL08-PR;UOP01-DEL08-PR
587392;15/03/2024;sexta-feira;11:30:00;CE;116;17;EUSEBIO;Demais falhas mecânicas ou elétricas;Colisão com objeto;Com Vítimas Feridas;Pleno dia;Decrescente;Chuva;Dupla;Reta;Sim;4;0;1;0;2;1;1;3;-3,89617918;-38,50336042;SPRF-CE;DEL01-CE;UOP02-DEL01-CE
587393;14/03/2024;quinta-feira;06:15:00;SP;116;4,5;QUELUZ;Acessar a via sem observar a presença dos outros veículos;Colisão lateral mesmo sentido;Com Vítimas Feridas;Pleno dia;Decrescente;Céu Claro;Dupla;Reta;Não;2;0;1;0;1;0;1;2;-22,52543456;-44,73580573;SPRF-SP;DEL08-SP;UOP02-DEL08-SP
587395;15/03/2024;sexta-feira;09:30:00;MT;364;605;DIAMANTINO;Problema na suspensão;Tombamento;Com Vítimas Feridas;Pleno dia;Decrescente;Céu Claro;Simples;Curva;Não;2;0;1;0;0;2;1;3;-14,4194;-56,3052;SPRF-MT;DEL01-MT;UOP01-DEL01-MT
587396;15/03/2024;sexta-feira;11:45:00;RS;116;526;PELOTAS;Velocidade Incompatível;Colisão traseira;Com Vítimas Feridas;Pleno dia;Crescente;Céu Claro;Simples;"Interseção de Vias;Curva";Sim;3;0;1;0;1;1;1;3;-31,74307729;-52,39966642;SPRF-RS;DEL07-RS;UOP01-DEL07-RS
587398;15/03/2024;sexta-feira;11:10:00;SP;381;60,5;MAIRIPORA;Reação tardia ou ineficiente do condutor;Tombamento;Com Vítimas Fatais;Pleno dia;Crescente;Céu Claro;Dupla;"Curva;Declive";Não;2;1;0;1;0;0;1;1;-23,29129517;-46,5859741;SPRF-SP;DEL03-SP;UOP01-DEL03-SP
587403;15/03/2024;sexta-feira;11:15:00;SC;470;144;RIO DO SUL;Acessar a via sem observar a presença dos outros veículos;Colisão transversal;Com Vítimas Feridas;Pleno dia;Decrescente;Céu Claro;Simples;Reta;Sim;2;0;1;0;1;0;1;2;-27,22978104;-49,66928601;SPRF-SC;DEL04-SC;UOP02-DEL04-SC
587407;15/03/2024;sexta-feira;13:30:00;SC;101;132;BALNEARIO CAMBORIU;Reação tardia ou ineficiente do condutor;Colisão lateral mesmo sentido;Com Vítimas Feridas;Pleno dia;Crescente;Céu Claro;Múltipla;Reta;Sim;2;0;1;0;1;0;1;2;-26,99654133;-48,65564711;SPRF-SC;DEL04-SC;UOP03-DEL04-SC
587409;15/03/2024;sexta-feira;09:20:00;MS;262;618,8;MIRANDA;Avarias e/ou desgaste excessivo no pneu;Colisão com objeto;Sem Vítimas;Pleno dia;Crescente;Céu Claro;Simples;Reta;Não;2;0;0;0;2;0;0;2;-19,96733704;-56,83601909;SPRF-MS;DEL03-MS;UOP02-DEL03-MS
587412;15/03/2024;sexta-feira;13:30:00;ES;101;150;LINHARES;Reação tardia ou ineficiente do condutor;Engavetamento;Com Vítimas Feridas;Pleno dia;Crescente;Céu Claro;Simples;"Reta;Ponte";Sim;7;0;2;0;4;1;2;5;-19,40436634;-40,06078896;SPRF-ES;DEL04-ES;UOP01-DEL04-ES
587415;15/03/2024;sexta-feira;13:45:00;PR;376;451;TIBAGI;Velocidade Incompatível;Tombamento;Com Vítimas Feridas;Pleno dia;Decrescente;Céu Claro;Dupla;Curva;Não;2;0;1;0;0;1;1;2;-24,87712547;-50,44211894;SPRF-PR;DEL03-PR;UOP02-DEL03-PR
587416;15/03/2024;sexta-feira;12:10:00;GO;50;99;CRISTALINA;Curva acentuada;Capotamento;Sem Vítimas;Pleno dia;Crescente;Céu Claro;Dupla;"Em Obras;Interseção de Vias;Desvio Temporário";Sim;1;0;0;0;1;0;0;1;-16,77528793;-47,62444496;SPRF-DF;DEL01-DF;UOP02-DEL01-DF
587417;15/03/2024;sexta-feira;12:00:00;MG;116;221,4;CATUJI;Ausência de reação do condutor;Colisão traseira;Com Vítimas Feridas;Pleno dia;Crescente;Céu Claro;Simples;Reta;Não;5;0;3;1;1;0;4;3;-17,418719;-41,51359;SPRF-MG;DEL11-MG;UOP01-DEL11-MG
587420;11/03/2024;segunda-feira;11:08:00;RS;392;247;CACAPAVA DO SUL;Acessar a via sem observar a presença dos outros veículos;Colisão transversal;Com Vítimas Feridas;Pleno dia;Crescente;Céu Claro;Simples;Declive;Não;3;0;1;0;1;3;1;5;-30,56321289;-53,40525986;SPRF-RS;DEL09-RS;UOP02-DEL09-RS
587426;15/03/2024;sexta-feira;12:20:00;AM;174;890,1;MANAUS;Ultrapassagem Indevida;Colisão lateral sentido oposto;Com Vítimas Feridas;Pleno dia;Crescente;Nublado;Simples;Reta;Não;4;0;1;0;2;2;1;4;-2,92441787;-60,03694179;SPRF-AM;DEL01-AM;UOP01-DEL01-AM
587431;15/03/2024;sexta-feira;14:15:00;MG;40;708,2;BARBACENA;Ultrapassagem Indevida;Colisão lateral mesmo sentido;Com Vítimas Feridas;Pleno dia;Decrescente;Sol;Dupla;Reta;Não;3;0;1;0;1;1;1;3;-21,23806504;-43,70295899;SPRF-MG;DEL05-MG;UOP02-DEL05-MG
587433;15/03/2024;sexta-feira;15:30:00;AL;104;64;MURICI;Condutor Dormindo;Colisão lateral sentido oposto;Com Vítimas Feridas;Pleno dia;Decrescente;Céu Claro;Simples;Reta;Não;8;0;4;0;4;0;4;4;-9,3301775;-35,90512004;SPRF-AL;DEL01-AL;UOP02-DEL01-AL
587434;15/03/2024;sexta-feira;15:00:00;MT;364;250;JUSCIMEIRA;Ausência de reação do condutor;Colisão traseira;Com Vítimas Feridas;Pleno dia;Decrescente;Céu Claro;Dupla;Reta;Não;6;0;1;0;5;0;1;2;-16,12029135;-54,85333523;SPRF-MT;DEL02-MT;UOP01-DEL02-MT
587437;15/03/2024;sexta-feira;15:10:00;SC;116;11,9;MAFRA;Condutor Dormindo;Colisão traseira;Com Vítimas Feridas;Pleno dia;Decrescente;Céu Claro;Simples;Reta;Não;5;0;1;0;4;0;1;2;-26,17627262;-49,8580203;SPRF-SC;DEL06-SC;UOP01-DEL06-SC
587442;03/03/2024;domingo;02:11:00;MS;262;753;CORUMBA;Ausência de reação do condutor;Colisão lateral sentido oposto;Com Vítimas Feridas;Plena Noite;Decrescente;Céu Claro;Simples;Reta;Não;3;0;0;1;1;1;1;3;-19,20367401;-57,64584345;SPRF-MS;DEL03-MS;UOP03-DEL03-MS
587444;15/03/2024;sexta-feira;16:15:00;SC;101;135;BALNEARIO CAMBORIU;Reação tardia ou ineficiente do condutor;Colisão traseira;Com Vítimas Feridas;Pleno dia;Crescente;Céu Claro;Dupla;Reta;Sim;6;0;1;1;2;4;2;7;-27,0050108;-48,62677494;SPRF-SC;DEL04-SC;UOP03-DEL04-SC
587450;15/03/2024;sexta-feira;15:50:00;MT;163;1019;TERRA NOVA DO NORTE;Ultrapassagem Indevida;Saída de leito carroçável;Com Vítimas Feridas;Pleno dia;Crescente;Céu Claro;Simples;"Reta;Aclive";Não;3;0;2;0;0;6;2;8;-10,331053;-55,03852;SPRF-MT;DEL06-MT;UOP03-DEL06-MT
587452;15/03/2024;sexta-feira;14:58:00;PI;343;589,9;FLORIANO;Ausência de reação do condutor;Colisão traseira;Com Vítimas Fatais;Pleno dia;Crescente;Nublado;Dupla;Reta;Sim;3;1;0;0;1;3;0;5;-6,776695;-43,009346;SPRF-PI;DEL03-PI;UOP01-DEL03-PI
587459;29/02/2024;quinta-feira;06:00:00;MG;40;613;CONGONHAS;Reação tardia ou ineficiente do condutor;Colisão lateral sentido oposto;Com Vítimas Feridas;Amanhecer;Decrescente;Nublado;Simples;Curva;Não;2;0;1;0;0;1;1;2;-20,53007002;-43,82353351;SPRF-MG;DEL05-MG;UOP02-DEL05-MG
587460;15/03/2024;sexta-feira;14:43:00;MG;40;708,5;BARBACENA;Reação tardia ou ineficiente do condutor;Colisão traseira;Com Vítimas Feridas;Pleno dia;Decrescente;Céu Claro;Múltipla;"Reta;Aclive";Não;3;0;1;0;2;0;1;2;-21,23355421;-43,72566853;SPRF-MG;DEL05-MG;UOP02-DEL05-MG
587466;15/03/2024;sexta-feira;13:50:00;PE;428;84;SANTA MARIA DA BOA VISTA;Velocidade Incompatível;Colisão lateral sentido oposto;Com Vítimas Feridas;Pleno dia;Decrescente;Céu Claro;Simples;Reta;Sim;3;0;0;1;1;1;1;3;-8,79836855;-39,83115382;SPRF-PE;DEL06-PE;UOP03-DEL06-PE
587472;15/03/2024;sexta-feira;13:35:00;RS;386;101;SAO JOSE DAS MISSOES;Ausência de reação do condutor;Tombamento;Com Vítimas Feridas;Pleno dia;Decrescente;Céu Claro;Simples;Curva;Não;2;0;1;0;0;1;1;2;-27,763994;-53,09584;SPRF-RS;DEL08-RS;UOP01-DEL08-RS
587473;15/03/2024;sexta-feira;16:00:00;MA;316;559;CAXIAS;Transitar na contramão;Colisão frontal;Com Vítimas Feridas;Pleno dia;Crescente;Chuva;Simples;Curva;Não;2;0;0;1;1;0;1;2;-4,886379;-43,292355;SPRF-MA;DEL03-MA;UOP02-DEL03-MA
587484;15/03/2024;sexta-feira;20:00:00;ES;259;54;COLATINA;Condutor deixou de manter distância do veículo da frente;Colisão traseira;Com Vítimas Feridas;Plena Noite;Decrescente;Céu Claro;Dupla;Reta;Não;3;0;0;1;1;1;1;3;-19,49717055;-40,63711495;SPRF-ES;DEL02-ES;UOP01-DEL02-ES
587492;15/03/2024;sexta-feira;13:50:00;BA;110;376,5;CATU;Curva acentuada;Saída de leito carroçável;Com Vítimas Feridas;Pleno dia;Crescente;Céu Claro;Simples;Curva;Não;2;0;1;0;0;1;1;2;-12,41579896;-38,47467614;SPRF-BA;DEL01-BA;UOP01-DEL01-BA
587493;15/03/2024;sexta-feira;17:40:00;BA;418;121;NOVA VICOSA;Manobra de mudança de faixa;Colisão frontal;Com Vítimas Fatais;Anoitecer;Decrescente;Céu Claro;Simples;Reta;Não;8;4;1;0;3;0;1;4;-17,88735087;-40,09280942;SPRF-BA;DEL09-BA;UOP02-DEL09-BA
587495;15/03/2024;sexta-feira;19:09:00;PE;232;485;VERDEJANTE;Transitar na contramão;Colisão lateral sentido oposto;Com Vítimas Feridas;Plena Noite;Decrescente;Céu Claro;Simples;"Aclive;Reta";Não;3;0;0;1;1;1;1;3;-8,00758456;-38,93223474;SPRF-PE;DEL05-PE;UOP01-DEL05-PE
587497;15/03/2024;sexta-feira;19:10:00;MG;153;197;FRUTAL;Acessar a via sem observar a presença dos outros veículos;Colisão transversal;Com Vítimas Feridas;Plena Noite;Decrescente;Céu Claro;Simples;"Interseção de Vias;Rotatória";Não;3;0;1;0;2;0;1;2;-19,97863114;-49,0111349;SPRF-MG;DEL13-MG;UOP02-DEL13-MG
587502;15/03/2024;sexta-feira;18:39:00;RJ;116;115;MAGE;Falta de acostamento;Colisão traseira;Com Vítimas Feridas;Plena Noite;Decrescente;Ignorado;Simples;Reta;Sim;3;0;0;1;1;1;1;3;-22,58686665;-43,0179492;SPRF-RJ;DEL04-RJ;UOP02-DEL04-RJ
587509;15/03/2024;sexta-feira;16:30:00;RO;421;38;MONTE NEGRO;Manobra de mudança de faixa;Colisão lateral mesmo sentido;Com Vítimas Feridas;Pleno dia;Crescente;Nublado;Simples;Reta;Não;2;0;1;0;1;0;1;2;-10,182835;-63,229015;SPRF-RO;DEL03-RO;UOP01-DEL03-RO
587515;15/03/2024;sexta-feira;20:30:00;PA;155;297;MARABA;Ausência de reação do condutor;Colisão traseira;Com Vítimas Feridas;Plena Noite;Crescente;Céu Claro;Simples;Reta;Não;2;0;0;1;1;0;1;2;-5,75471176;-49,15875626;SPRF-PA;DEL03-PA;UOP01-DEL03-PA
587518;15/03/2024;sexta-feira;20:40:00;SC;101;144;ITAPEMA;Reação tardia ou ineficiente do condutor;Colisão traseira;Com Vítimas Feridas;Plena Noite;Decrescente;Céu Claro;Dupla;Curva;Não;2;0;1;0;0;1;1;2;-27,0732659;-48,59672716;SPRF-SC;DEL04-SC;UOP03-DEL04-SC
587529;15/03/2024;sexta-feira;17:40:00;PR;277;484,1;NOVA LARANJEIRAS;Velocidade Incompatível;Tombamento;Com Vítimas Feridas;Pleno dia;Decrescente;Céu Claro;Simples;Curva;Não;2;0;0;1;0;1;1;2;-25,25887975;-52,62859052;SPRF-PR;DEL04-PR;UOP02-DEL04-PR
587533;15/03/2024;sexta-feira;19:00:00;GO;20;192;POSSE;Ausência de reação do condutor;Colisão traseira;Sem Vítimas;Plena Noite;Decrescente;Nublado;Simples;Reta;Não;2;0;0;0;1;1;0;2;-14,381867;-46,446095;SPRF-DF;DEL02-DF;UOP03-DEL02-DF
587539;15/03/2024;sexta-feira;22:00:00;SC;470;72,6;INDAIAL;Reação tardia ou ineficiente do condutor;Colisão traseira;Com Vítimas Feridas;Plena Noite;Crescente;Céu Claro;Dupla;"Viaduto;Reta";Não;5;0;1;0;3;2;1;4;-26,901979;-49,268745;SPRF-SC;DEL04-SC;UOP01-DEL04-SC
587543;15/03/2024;sexta-feira;20:17:00;SP;381;37,5;ATIBAIA;Condutor deixou de manter distância do veículo da frente;Colisão traseira;Com Vítimas Feridas;Plena Noite;Decrescente;Céu Claro;Dupla;Reta;Sim;4;0;1;1;1;1;2;3;-23,09707232;-46,57180706;SPRF-SP;DEL03-SP;UOP01-DEL03-SP
587548;15/03/2024;sexta-feira;23:17:00;RJ;101;332;RIO DE JANEIRO;Ausência de reação do condutor;Colisão traseira;Com Vítimas Feridas;Plena Noite;Decrescente;Céu Claro;Dupla;Reta;Sim;2;0;1;0;1;0;1;2;-22,87133305;-43,20407695;SPRF-RJ;DEL02-RJ;UOP01-DEL02-RJ
587556;15/03/2024;sexta-feira;21:00:00;PR;153;513,5;GENERAL CARNEIRO;Condutor Dormindo;Saída de leito carroçável;Com Vítimas Feridas;Plena Noite;Crescente;Céu Claro;Simples;Curva;Não;2;0;1;0;0;1;1;2;-26,53878004;-51,41670227;SPRF-PR;DEL02-PR;UOP03-DEL02-PR
587566;15/03/2024;sexta-feira;18:00:00;RO;435;28;VILHENA;Reação tardia ou ineficiente do condutor;Colisão traseira;Com Vítimas Feridas;Anoitecer;Crescente;Céu Claro;Simples;Reta;Não;3;0;2;0;1;0;2;2;-12,79069361;-60,35954018;SPRF-RO;DEL04-RO;UOP02-DEL04-RO
587570;16/03/2024;sábado;00:50:00;PR;116;6,9;CAMPINA GRANDE DO SUL;Condutor Dormindo;Colisão com objeto;Com Vítimas Feridas;Plena Noite;Crescente;Nublado;Dupla;Curva;Não;2;0;1;0;0;1;1;2;-25,0823759;-48,6158217;SPRF-PR;DEL01-PR;UOP02-DEL01-PR
587574;16/03/2024;sábado;02:15:00;MG;381;378;SAO GONCALO DO RIO ABAIXO;Velocidade Incompatível;Colisão lateral sentido oposto;Com Vítimas Feridas;Plena Noite;Crescente;Céu Claro;Simples;Curva;Não;3;0;1;0;1;1;1;3;-19,83376284;-43,36060015;SPRF-MG;DEL01-MG;UOP01-DEL01-MG
587575;16/03/2024;sábado;03:25:00;PR;376;300;MAUA DA SERRA;Reação tardia ou ineficiente do condutor;Tombamento;Com Vítimas Feridas;Plena Noite;Crescente;Céu Claro;Dupla;Curva;Não;2;0;1;0;0;1;1;2;-23,93311143;-51,13293074;SPRF-PR;DEL07-PR;UOP02-DEL07-PR
587582;16/03/2024;sábado;04:30:00;SC;101;151;ITAPEMA;Ingestão de álcool pelo condutor;Colisão lateral mesmo sentido;Sem Vítimas;Plena Noite;Crescente;Céu Claro;Dupla;Reta;Sim;3;0;0;0;2;1;0;3;-27,126536;-48,609642;SPRF-SC;DEL04-SC;UOP03-DEL04-SC
587584;16/03/2024;sábado;06:00:00;TO;153;624;ALIANCA DO TOCANTINS;Ingestão de álcool pelo condutor;Colisão traseira;Com Vítimas Feridas;Amanhecer;Decrescente;Chuva;Simples;Reta;Sim;3;0;1;0;1;1;1;3;-11,30983199;-48,94108506;SPRF-TO;DEL01-TO;UOP02-DEL01-TO
587601;09/02/2024;sexta-feira;12:20:00;PR;163;225,4;CASCAVEL;Acesso irregular;Colisão traseira;Com Vítimas Feridas;Pleno dia;Decrescente;Céu Claro;Dupla;Reta;Não;3;0;1;0;1;1;1;3;-24,897235;-53,533793;SPRF-PR;DEL04-PR;UOP01-DEL04-PR
587605;16/03/2024;sábado;05:20:00;SP;116;22;LAVRINHAS;Condutor Dormindo;Tombamento;Sem Vítimas;Amanhecer;Crescente;Céu Claro;Dupla;"Curva;Aclive";Não;2;0;0;0;1;1;0;2;-22,58368521;-44,87772952;SPRF-SP;DEL08-SP;UOP02-DEL08-SP
587609;16/03/2024;sábado;04:34:00;AL;101;10,6;NOVO LINO;Condutor Dormindo;Atropelamento de Pedestre;Com Vítimas Fatais;Amanhecer;Decrescente;Céu Claro;Dupla;"Declive;Reta";Não;2;1;0;0;0;1;0;2;-8,9481489;-35,66640005;SPRF-AL;DEL01-AL;UOP02-DEL01-AL
587611;16/03/2024;sábado;07:15:00;AL;101;83;RIO LARGO;Condutor Dormindo;Saída de leito carroçável;Com Vítimas Feridas;Pleno dia;Crescente;Céu Claro;Dupla;"Interseção de Vias;Viaduto";Não;2;0;1;0;0;1;1;2;-9,440261;-35,836445;SPRF-AL;DEL01-AL;UOP01-DEL01-AL
587614;16/03/2024;sábado;02:20:00;SC;282;582,5;PINHALZINHO;Condutor Dormindo;Saída de leito carroçável;Com Vítimas Feridas;Plena Noite;Decrescente;Céu Claro;Simples;Curva;Não;1;0;1;0;0;0;1;1;-26,826683;-53,002621;SPRF-SC;DEL07-SC;UOP02-DEL07-SC
587619;15/03/2024;sexta-feira;23:40:00;RJ;356;156;CAMPOS DOS GOYTACAZES;Transitar na contramão;Colisão frontal;Sem Vítimas;Plena Noite;Crescente;Céu Claro;Simples;Reta;Não;3;0;0;0;1;2;0;3;-21,74176222;-41,21112786;SPRF-RJ;DEL08-RJ;UOP02-DEL08-RJ
587630;16/03/2024;sábado;01:00:00;AC;364;48;SENADOR GUIOMARD;Ausência de reação do condutor;Saída de leito carroçável;Com Vítimas Fatais;Plena Noite;Crescente;Céu Claro;Simples;Reta;Não;2;1;0;0;0;1;0;2;-9,98334098;-67,16174101;SPRF-AC;DEL01-AC;UOP03-DEL01-AC
587637;16/03/2024;sábado;06:40:00;BA;116;749;POCOES;Ausência de reação do condutor;Saída de leito carroçável;Com Vítimas Feridas;Amanhecer;Crescente;Céu Claro;Simples;"Declive;Reta";Não;1;0;1;0;0;0;1;1;-14,46782;-40,340414;SPRF-BA;DEL08-BA;UOP02-DEL08-BA
587640;16/03/2024;sábado;10:25:00;RN;304;105,6;ACU;Avarias e/ou desgaste excessivo no pneu;Saída de leito carroçável;Com Vítimas Feridas;Pleno dia;Crescente;Céu Claro;Simples;Curva;Não;1;0;1;0;0;0;1;1;-5,58751146;-36,98086088;SPRF-RN;DEL04-RN;UOP01-DEL04-RN
587658;16/03/2024;sábado;06:55:00;RJ;116;195;QUEIMADOS;Condutor deixou de manter distância do veículo da frente;Colisão traseira;Sem Vítimas;Pleno dia;Crescente;Céu Claro;Dupla;Reta;Sim;2;0;0;0;2;0;0;2;-22,73573614;-43,54749701;SPRF-RJ;DEL06-RJ;UOP01-DEL06-RJ
587668;16/03/2024;sábado;12:30:00;DF;40;3;BRASILIA;Reação tardia ou ineficiente do condutor;Colisão traseira;Com Vítimas Feridas;Pleno dia;Decrescente;Céu Claro;Dupla;Reta;Sim;3;0;0;1;1;1;1;3;-16,00656649;-47,98326015;SPRF-DF;DEL01-DF;UOP01-DEL01-DF
587671;16/03/2024;sábado;12:40:00;PE;232;28;MORENO;Carga excessiva e/ou mal acondicionada;Derramamento de carga;Sem Vítimas;Pleno dia;Decrescente;Céu Claro;Dupla;Reta;Não;2;0;0;0;2;0;0;2;-8,11290892;-35,13442099;SPRF-PE;DEL01-PE;UOP01-DEL01-PE
587674;16/03/2024;sábado;13:50:00;SP;153;119;UBARANA;Ausência de reação do condutor;Engavetamento;Com Vítimas Feridas;Pleno dia;Crescente;Céu Claro;Simples;Reta;Não;8;0;1;0;6;3;1;7;-21,16208007;-49,71112986;SPRF-SP;DEL09-SP;UOP01-DEL09-SP
587677;16/03/2024;sábado;14:15:00;PE;101;51;PAULISTA;Acesso irregular;Colisão lateral mesmo sentido;Sem Vítimas;Pleno dia;Decrescente;Céu Claro;Dupla;Reta;Sim;4;0;0;0;2;3;0;4;-7,9169968;-34,89689272;SPRF-PE;DEL01-PE;UOP02-DEL01-PE
587683;16/03/2024;sábado;13:50:00;PE;101;162,5;GAMELEIRA;Condutor Dormindo;Colisão traseira;Com Vítimas Feridas;Pleno dia;Decrescente;Céu Claro;Dupla;"Curva;Aclive";Não;5;0;2;1;1;1;3;3;-8,550736;-35,44117;SPRF-PE;DEL01-PE;UOP03-DEL01-PE
587687;16/03/2024;sábado;15:00:00;BA;116;350,9;SERRINHA;Demais falhas mecânicas ou elétricas;Incêndio;Sem Vítimas;Pleno dia;Crescente;Céu Claro;Simples;"Reta;Aclive";Não;2;0;0;0;1;1;0;2;-11,60011202;-38,98482819;SPRF-BA;DEL02-BA;UOP01-DEL02-BA
587689;23/02/2024;sexta-feira;23:00:00;PI;316;285;DOM EXPEDITO LOPES;Reação tardia ou ineficiente do condutor;Colisão transversal;Com Vítimas Feridas;Pleno dia;Decrescente;Céu Claro;Simples;"Reta;Interseção de Vias";Sim;2;0;0;1;0;1;1;2;-6,96840473;-41,65280499;SPRF-PI;DEL04-PI;UOP01-DEL04-PI
587693;16/03/2024;sábado;16:40:00;BA;324;623;SALVADOR;Acessar a via sem observar a presença dos outros veículos;Colisão traseira;Sem Vítimas;Pleno dia;Crescente;Céu Claro;Simples;Reta;Sim;2;0;0;0;2;0;0;2;-12,933839;-38,47190701;SPRF-BA;DEL01-BA;UOP01-DEL01-BA
587698;16/03/2024;sábado;15:00:00;SC;470;75,3;INDAIAL;Reação tardia ou ineficiente do condutor;Saída de leito carroçável;Com Vítimas Feridas;Pleno dia;Crescente;Céu Claro;Simples;Reta;Não;3;0;1;1;1;0;2;1;-26,924833;-49,284004;SPRF-SC;DEL04-SC;UOP01-DEL04-SC
587700;16/03/2024;sábado;14:32:00;RS;116;107;SAO MARCOS;Desrespeitar a preferência no cruzamento;Colisão transversal;Com Vítimas Feridas;Pleno dia;Decrescente;Chuva;Simples;"Interseção de Vias;Reta";Não;2;0;0;1;1;0;1;2;-28,924318;-51,10364;SPRF-RS;DEL05-RS;UOP01-DEL05-RS
587703;16/03/2024;sábado;16:00:00;SC;470;81,8;RODEIO;Ausência de reação do condutor;Colisão transversal;Com Vítimas Feridas;Pleno dia;Crescente;Céu Claro;Simples;Curva;Não;7;0;2;0;5;0;2;3;-26,950367;-49,325638;SPRF-SC;DEL04-SC;UOP01-DEL04-SC
587724;16/03/2024;sábado;19:11:00;BA;242;849;BARREIRAS;Ingestão de álcool pelo condutor;Colisão traseira;Com Vítimas Feridas;Plena Noite;Crescente;Nublado;Simples;Reta;Não;3;0;2;0;1;0;2;2;-12,11105085;-45,27935098;SPRF-BA;DEL10-BA;UOP01-DEL10-BA
587733;16/03/2024;sábado;21:40:00;SC;280;25,5;ARAQUARI;Acessar a via sem observar a presença dos outros veículos;Colisão transversal;Com Vítimas Feridas;Plena Noite;Crescente;Nublado;Simples;Reta;Sim;4;0;2;0;2;0;2;2;-26,38352781;-48,72677516;SPRF-SC;DEL03-SC;UOP03-DEL03-SC