id;data_inversa;dia_semana;horario;uf;br;km;municipio;causa_acidente;tipo_acidente;classificacao_acidente;fase_dia;sentido_via;condicao_metereologica;tipo_pista;tracado_via;uso_solo;pessoas;mortos;feridos_leves;feridos_graves;ilesos;ignorados;feridos;veiculos;latitude;longitude;regional;delegacia;uop
589232;23/03/2024;sábado;03:40:00;SC;158;103;CUNHA PORA;Ingestão de álcool pelo condutor;Colisão lateral sentido oposto;Com Vítimas Feridas;Plena Noite;Crescente;Céu Claro;Simples;Reta;Não;3;0;2;0;1;0;2;2;-26,85293519;-53,16889316;SPRF-SC;DEL07-SC;UOP02-DEL07-SC
589233;23/03/2024;sábado;10:40:00;MT;158;727,6;BARRA DO GARCAS;Avarias e/ou desgaste excessivo no pneu;Incêndio;Sem Vítimas;Pleno dia;Crescente;Céu Claro;Simples;Reta;Não;2;0;0;0;1;3;0;4;-15,28886497;-52,18173294;SPRF-MT;DEL07-MT;UOP01-DEL07-MT
589236;23/03/2024;sábado;10:45:00;RJ;40;80;PETROPOLIS;Pista Escorregadia;Colisão com objeto;Com Vítimas Feridas;Pleno dia;Crescente;Chuva;Dupla;"Declive;Curva";Não;1;0;1;0;0;0;1;1;-22,49798597;-43,22878703;SPRF-RJ;DEL01-RJ;UOP01-DEL01-RJ
589240;23/03/2024;sábado;14:10:00;MG;40;510;RIBEIRAO DAS NEVES;Ingestão de álcool pelo condutor;Colisão lateral mesmo sentido;Sem Vítimas;Pleno dia;Crescente;Céu Claro;Dupla;"Reta;Aclive";Sim;2;0;0;0;1;1;0;2;-19,77463885;-44,12321882;SPRF-MG;DEL01-MG;UOP02-DEL01-MG
589249;23/03/2024;sábado;14:55:00;MS;262;16;TRES LAGOAS;Suicídio (presumido);Colisão frontal;Com Vítimas Feridas;Pleno dia;Crescente;Nublado;Simples;"Declive;Reta";Sim;2;0;0;1;1;0;1;2;-20,81380239;-51,74605698;SPRF-MS;DEL07-MS;UOP01-DEL07-MS
589252;23/03/2024;sábado;13:30:00;ES;262;95,2;DOMINGOS MARTINS;Acessar a via sem observar a presença dos outros veículos;Colisão transversal;Com Vítimas Feridas;Pleno dia;Crescente;Garoa/Chuvisco;Simples;"Interseção de Vias;Reta";Não;3;0;1;0;1;1;1;3;-20,3659225;-41,06040133;SPRF-ES;DEL01-ES;UOP02-DEL01-ES
589254;23/03/2024;sábado;15:10:00;MG;364;27,8;FRUTAL;Ingestão de álcool pelo condutor;Saída de leito carroçável;Sem Vítimas;Pleno dia;Crescente;Garoa/Chuvisco;Dupla;"Curva;Rotatória";Não;1;0;0;0;1;0;0;1;-20,02233696;-48,89875174;SPRF-MG;DEL13-MG;UOP02-DEL13-MG
589263;23/03/2024;sábado;17:00:00;RS;392;673,4;SALVADOR DAS MISSOES;Falta de acostamento;Colisão lateral mesmo sentido;Com Vítimas Feridas;Pleno dia;Decrescente;Sol;Simples;"Reta;Interseção de Vias";Não;6;0;3;1;1;1;4;3;-28,12051439;-54,84718323;SPRF-RS;DEL10-RS;UOP01-DEL10-RS
589268;23/03/2024;sábado;17:00:00;PE;101;122,8;ESCADA;Condutor Dormindo;Saída de leito carroçável;Com Vítimas Feridas;Pleno dia;Decrescente;Nublado;Múltipla;Curva;Não;1;0;0;1;0;0;1;1;-8,35939636;-35,19500398;SPRF-PE;DEL01-PE;UOP03-DEL01-PE
589271;23/03/2024;sábado;14:20:00;RS;285;97,5;MONTE ALEGRE DOS CAMPOS;Demais falhas mecânicas ou elétricas;Capotamento;Sem Vítimas;Pleno dia;Crescente;Céu Claro;Simples;Curva;Não;2;0;0;0;1;1;0;2;-28,590602;-50,754878;SPRF-RS;DEL05-RS;UOP03-DEL05-RS
589280;23/03/2024;sábado;15:00:00;MA;135;248,9;CAPINZAL DO NORTE;Transitar na contramão;Colisão frontal;Com Vítimas Fatais;Pleno dia;Crescente;Céu Claro;Simples;Curva;Não;3;1;0;0;1;1;0;3;-4,55556397;-44,34678315;SPRF-MA;DEL03-MA;UOP01-DEL03-MA
589283;23/03/2024;sábado;18:30:00;PE;101;68;RECIFE;Manobra de mudança de faixa;Colisão lateral mesmo sentido;Com Vítimas Feridas;Plena Noite;Crescente;Céu Claro;Múltipla;"Viaduto;Reta";Não;4;0;1;0;2;1;1;3;-8,05074296;-34,94580619;SPRF-PE;DEL01-PE;UOP01-DEL01-PE
589285;23/03/2024;sábado;12:30:00;MT;70;131;GENERAL CARNEIRO;Velocidade Incompatível;Tombamento;Com Vítimas Feridas;Pleno dia;Crescente;Nublado;Simples;Curva;Não;2;0;1;0;0;2;1;3;-15,59942051;-53,20801222;SPRF-MT;DEL07-MT;UOP01-DEL07-MT
589289;23/03/2024;sábado;16:40:00;MG;50;57;ARAGUARI;Demais falhas mecânicas ou elétricas;Tombamento;Com Vítimas Feridas;Pleno dia;Decrescente;Céu Claro;Dupla;Curva;Não;1;0;1;0;0;0;1;1;-18,78608604;-48,23160008;SPRF-MG;DEL15-MG;UOP02-DEL15-MG
589292;23/03/2024;sábado;14:03:00;MT;174;252;JAURU;Velocidade Incompatível;Tombamento;Com Vítimas Feridas;Pleno dia;Decrescente;Céu Claro;Simples;"Curva;Declive";Não;3;0;0;1;0;3;1;4;-15,479742;-59,085296;SPRF-MT;DEL04-MT;UOP01-DEL04-MT
589294;23/03/2024;sábado;07:40:00;RS;386;384;TABAI;Ausência de reação do condutor;Colisão traseira;Sem Vítimas;Pleno dia;Crescente;Céu Claro;Dupla;Reta;Não;2;0;0;0;2;0;0;2;-29,676041;-51,731548;SPRF-RS;DEL04-RS;UOP01-DEL04-RS
589299;23/03/2024;sábado;16:20:00;RO;364;443;JARU;Acessar a via sem observar a presença dos outros veículos;Colisão frontal;Com Vítimas Feridas;Pleno dia;Decrescente;Céu Claro;Simples;"Reta;Em Obras";Não;2;0;1;0;1;0;1;2;-10,33792981;-62,60287585;SPRF-RO;DEL03-RO;UOP02-DEL03-RO
589302;23/03/2024;sábado;19:00:00;MS;163;481;CAMPO GRANDE;Pedestre andava na pista;Atropelamento de Pedestre;Com Vítimas Feridas;Plena Noite;Decrescente;Nublado;Simples;Curva;Sim;3;0;0;1;1;3;1;5;-20,46574669;-54,5582664;SPRF-MS;DEL01-MS;UOP01-DEL01-MS
589306;23/03/2024;sábado;19:50:00;RS;468;105,1;TRES PASSOS;Reação tardia ou ineficiente do condutor;Colisão traseira;Com Vítimas Feridas;Plena Noite;Decrescente;Céu Claro;Dupla;Reta;Sim;3;0;1;1;1;0;2;2;-27,44375401;-53,94975605;SPRF-RS;DEL08-RS;UOP02-DEL08-RS
589307;23/03/2024;sábado;19:20:00;SC;282;18;PALHOCA;Ingestão de álcool pelo condutor;Colisão traseira;Sem Vítimas;Plena Noite;Decrescente;Céu Claro;Simples;Reta;Não;2;0;0;0;2;0;0;2;-27,672798;-48,694286;SPRF-SC;DEL01-SC;UOP02-DEL01-SC
589308;23/03/2024;sábado;20:25:00;PE;110;133;IBIMIRIM;Ingestão de álcool pelo condutor;Colisão frontal;Com Vítimas Fatais;Plena Noite;Decrescente;Céu Claro;Simples;Reta;Não;2;1;0;0;1;0;0;2;-8,50491749;-37,56997694;SPRF-PE;DEL04-PE;UOP02-DEL04-PE
589315;23/03/2024;sábado;18:25:00;SC;470;99,7;APIUNA;Manobra de mudança de faixa;Colisão frontal;Com Vítimas Fatais;Plena Noite;Decrescente;Garoa/Chuvisco;Simples;"Desvio Temporário;Reta;Em Obras";Não;2;1;0;0;1;0;0;2;-27,0455908;-49,393765;SPRF-SC;DEL04-SC;UOP02-DEL04-SC
589328;23/03/2024;sábado;20:00:00;MT;163;112;RONDONOPOLIS;Condutor deixou de manter distância do veículo da frente;Colisão traseira;Com Vítimas Feridas;Plena Noite;Decrescente;Chuva;Dupla;Reta;Não;3;0;1;0;1;3;1;5;-16,56184522;-54,67930759;SPRF-MT;DEL02-MT;UOP01-DEL02-MT
589331;23/03/2024;sábado;17:05:00;RJ;101;148;MACAE;Chuva;Colisão frontal;Com Vítimas Fatais;Pleno dia;Decrescente;Chuva;Simples;Curva;Não;5;1;0;1;2;3;1;6;-22,2325541;-41,78406897;SPRF-RJ;DEL08-RJ;UOP04-DEL08-RJ
589335;23/03/2024;sábado;22:00:00;MG;153;212,3;FRUTAL;Transitar na contramão;Colisão frontal;Com Vítimas Feridas;Plena Noite;Decrescente;Chuva;Simples;Reta;Não;4;0;2;2;0;0;4;2;-20,08853093;-49,08270811;SPRF-MG;DEL13-MG;UOP02-DEL13-MG
589341;23/03/2024;sábado;22:10:00;PR;376;644;TIJUCAS DO SUL;Acesso irregular;Colisão transversal;Com Vítimas Feridas;Plena Noite;Crescente;Céu Claro;Dupla;Reta;Não;3;0;0;1;1;1;1;3;-25,81419584;-49,13167969;SPRF-PR;DEL01-PR;UOP04-DEL01-PR
589345;23/03/2024;sábado;22:45:00;PR;277;618;CEU AZUL;Transitar na contramão;Colisão frontal;Com Vítimas Feridas;Plena Noite;Crescente;Céu Claro;Simples;Reta;Não;43;0;0;1;41;1;1;4;-25,07577788;-53,69271805;SPRF-PR;DEL05-PR;UOP02-DEL05-PR
589365;23/03/2024;sábado;22:21:00;CE;222;140;IRAUCUBA;Pista esburacada;Colisão frontal;Com Vítimas Feridas;Plena Noite;Decrescente;Chuva;Simples;Reta;Não;3;0;1;0;1;2;1;4;-3,74922845;-39,70828968;SPRF-CE;DEL04-CE;UOP03-DEL04-CE
589378;24/03/2024;domingo;03:15:00;AL;101;57,7;MESSIAS;Problema com o freio;Saída de leito carroçável;Com Vítimas Feridas;Amanhecer;Decrescente;Céu Claro;Dupla;Reta;Não;2;0;1;0;1;0;1;1;-9,2726282;-35,79226676;SPRF-AL;DEL01-AL;UOP02-DEL01-AL
589382;24/03/2024;domingo;04:34:00;MT;364;211;RONDONOPOLIS;Reação tardia ou ineficiente do condutor;Colisão com objeto;Sem Vítimas;Plena Noite;Decrescente;Garoa/Chuvisco;Dupla;Reta;Não;1;0;0;0;1;0;0;1;-16,41628416;-54,70728415;SPRF-MT;DEL02-MT;UOP01-DEL02-MT
589393;24/03/2024;domingo;06:00:00;PR;277;5,6;PARANAGUA;Reação tardia ou ineficiente do condutor;Colisão traseira;Com Vítimas Fatais;Amanhecer;Crescente;Chuva;Dupla;Reta;Não;3;1;0;0;1;2;0;4;-25,55808376;-48,57216597;SPRF-PR;DEL01-PR;UOP05-DEL01-PR
589400;24/03/2024;domingo;07:28:00;PE;407;125;PETROLINA;Condutor deixou de manter distância do veículo da frente;Colisão traseira;Sem Vítimas;Pleno dia;Decrescente;Céu Claro;Dupla;Reta;Não;3;0;0;0;3;0;0;3;-9,37739336;-40,53595733;SPRF-PE;DEL06-PE;UOP01-DEL06-PE
589403;23/03/2024;sábado;15:00:00;BA;110;312;ALAGOINHAS;Manobra de mudança de faixa;Colisão lateral mesmo sentido;Com Vítimas Fatais;Pleno dia;Decrescente;Nublado;Simples;"Reta;Declive";Não;5;1;0;1;1;2;1;4;-12,009345;-38,36282629;SPRF-BA;DEL01-BA;UOP04-DEL01-BA
589407;24/03/2024;domingo;04:30:00;RN;304;144;ANGICOS;Condutor Dormindo;Colisão frontal;Sem Vítimas;Amanhecer;Decrescente;Céu Claro;Simples;"Reta;Declive";Não;2;0;0;0;1;1;0;2;-5,6723466;-36,64578493;SPRF-RN;DEL04-RN;UOP01-DEL04-RN
589426;24/03/2024;domingo;10:00:00;PA;10;332;SAO MIGUEL DO GUAMA;Manobra de mudança de faixa;Colisão lateral mesmo sentido;Com Vítimas Fatais;Pleno dia;Crescente;Céu Claro;Simples;Reta;Não;3;1;0;0;1;1;0;3;-1,53715496;-47,51523686;SPRF-PA;DEL01-PA;UOP02-DEL01-PA
589428;24/03/2024;domingo;10:20:00;GO;60;354;SANTO ANTONIO DA BARRA;Ausência de reação do condutor;Capotamento;Com Vítimas Fatais;Pleno dia;Crescente;Céu Claro;Dupla;Reta;Não;5;1;1;2;0;1;3;2;-17,5988;-50,7248;SPRF-GO;DEL04-GO;UOP02-DEL04-GO
589441;24/03/2024;domingo;11:55:00;SP;153;221;MARILIA;Reação tardia ou ineficiente do condutor;Colisão lateral sentido oposto;Com Vítimas Feridas;Pleno dia;Crescente;Nublado;Simples;Reta;Não;4;0;1;0;2;1;1;3;-22,00556207;-49,91107634;SPRF-SP;DEL07-SP;UOP02-DEL07-SP
589457;24/03/2024;domingo;06:57:00;PI;135;535;SAO GONCALO DO GURGUEIA;Transitar na contramão;Colisão frontal;Com Vítimas Feridas;Amanhecer;Decrescente;Sol;Simples;"Declive;Reta";Não;3;0;0;1;1;1;1;3;-10,00419107;-45,31896007;SPRF-PI;DEL03-PI;UOP02-DEL03-PI
589471;24/03/2024;domingo;14:30:00;MG;381;544;ITATIAIUCU;Manobra de mudança de faixa;Colisão lateral mesmo sentido;Sem Vítimas;Pleno dia;Crescente;Chuva;Múltipla;"Curva;Aclive";Não;3;0;0;0;2;1;0;3;-20,28193579;-44,42882633;SPRF-MG;DEL04-MG;UOP03-DEL04-MG
589472;24/03/2024;domingo;14:30:00;BA;101;536;SAO JOSE DA VITORIA;Reação tardia ou ineficiente do condutor;Colisão frontal;Com Vítimas Feridas;Pleno dia;Decrescente;Céu Claro;Simples;"Reta;Aclive";Não;3;0;0;2;0;1;2;2;-15,16120642;-39,41897771;SPRF-BA;DEL05-BA;UOP01-DEL05-BA
589474;24/03/2024;domingo;08:00:00;AM;174;1068;PRESIDENTE FIGUEIREDO;Condutor Dormindo;Saída de leito carroçável;Sem Vítimas;Amanhecer;Decrescente;Chuva;Simples;Reta;Não;1;0;0;0;0;1;0;1;-1,44333999;-60,29811299;SPRF-AM;DEL01-AM;UOP02-DEL01-AM
589476;24/03/2024;domingo;12:40:00;MT;163;835;SINOP;Manobra de mudança de faixa;Colisão lateral mesmo sentido;Sem Vítimas;Pleno dia;Crescente;Nublado;Dupla;"Reta;Viaduto";Sim;2;0;0;0;1;1;0;2;-11,85683544;-55,49440563;SPRF-MT;DEL06-MT;UOP02-DEL06-MT
589482;24/03/2024;domingo;16:41:00;DF;80;10,7;BRASILIA;Demais falhas mecânicas ou elétricas;Incêndio;Sem Vítimas;Pleno dia;Crescente;Nublado;Simples;Reta;Não;1;0;0;0;1;0;0;1;-15,731;-48,168938;SPRF-DF;DEL03-DF;UOP02-DEL03-DF
589493;24/03/2024;domingo;15:35:00;MT;364;469;VARZEA GRANDE;Condutor deixou de manter distância do veículo da frente;Saída de leito carroçável;Com Vítimas Feridas;Pleno dia;Decrescente;Chuva;Simples;Reta;Não;3;0;1;0;1;3;1;5;-15,4667031;-56,31189606;SPRF-MT;DEL01-MT;UOP02-DEL01-MT
589506;03/03/2024;domingo;11:40:00;MG;381;447,3;SANTA LUZIA;Ausência de reação do condutor;Tombamento;Com Vítimas Feridas;Pleno dia;Decrescente;Céu Claro;Simples;"Declive;Curva";Não;3;0;0;2;0;1;2;2;-19,83447607;-43,85011601;SPRF-MG;DEL01-MG;UOP01-DEL01-MG
589510;24/03/2024;domingo;17:30:00;PE;316;97;OURICURI;Transitar na contramão;Colisão lateral sentido oposto;Com Vítimas Feridas;Anoitecer;Crescente;Sol;Simples;Reta;Não;3;0;0;1;2;0;1;3;-7,92756991;-39,97177396;SPRF-PE;DEL05-PE;UOP02-DEL05-PE
589511;24/03/2024;domingo;13:35:00;MT;174;580;COMODORO;Problema com o freio;Incêndio;Sem Vítimas;Pleno dia;Crescente;Céu Claro;Simples;Reta;Não;3;0;0;0;1;2;0;3;-12,93229289;-60,04401768;SPRF-MT;DEL04-MT;UOP02-DEL04-MT
589513;24/03/2024;domingo;14:44:00;AC;317;188;XAPURI;Transitar na contramão;Colisão lateral sentido oposto;Sem Vítimas;Pleno dia;Decrescente;Céu Claro;Simples;"Reta;Aclive";Não;2;0;0;0;2;0;0;2;-10,60866802;-68,02852698;SPRF-AC;DEL01-AC;UOP02-DEL01-AC
589515;24/03/2024;domingo;18:50:00;BA;116;18,5;VITORIA DA CONQUISTA;Ausência de reação do condutor;Colisão transversal;Com Vítimas Feridas;Plena Noite;Decrescente;Céu Claro;Simples;"Interseção de Vias;Reta";Não;5;0;1;1;2;1;2;3;-14,89640301;-40,82704282;SPRF-BA;DEL08-BA;UOP01-DEL08-BA
589522;24/03/2024;domingo;20:00:00;BA;324;516;FEIRA DE SANTANA;Acessar a via sem observar a presença dos outros veículos;Colisão transversal;Com Vítimas Feridas;Plena Noite;Decrescente;Céu Claro;Simples;Reta;Sim;3;0;1;0;1;1;1;3;-12,2417119;-38,93768485;SPRF-BA;DEL02-BA;UOP01-DEL02-BA
589524;24/03/2024;domingo;19:30:00;SC;470;127;LONTRAS;Ultrapassagem Indevida;Colisão lateral mesmo sentido;Com Vítimas Feridas;Plena Noite;Decrescente;Céu Claro;Simples;Curva;Não;9;0;7;0;0;2;7;3;-27,14322769;-49,54884946;SPRF-SC;DEL04-SC;UOP02-DEL04-SC
589530;24/03/2024;domingo;20:00:00;MG;381;489,1;BETIM;Reação tardia ou ineficiente do condutor;Colisão traseira;Sem Vítimas;Plena Noite;Decrescente;Céu Claro;Múltipla;"Reta;Aclive";Sim;4;0;0;0;3;1;0;4;-19,9563874;-44,13459063;SPRF-MG;DEL01-MG;UOP03-DEL01-MG
589554;24/03/2024;domingo;20:50:00;MA;222;671;ACAILANDIA;Reação tardia ou ineficiente do condutor;Queda de ocupante de veículo;Com Vítimas Feridas;Plena Noite;Decrescente;Céu Claro;Simples;Declive;Sim;2;0;0;1;0;1;1;2;-4,94304617;-47,4690399;SPRF-MA;DEL04-MA;UOP03-DEL04-MA
589571;25/03/2024;segunda-feira;02:00:00;MG;262;611,3;IBIA;Pista Escorregadia;Colisão com objeto;Com Vítimas Feridas;Plena Noite;Decrescente;Chuva;Simples;"Curva;Declive";Não;4;0;2;0;1;1;2;3;-19,59794921;-46,2913541;SPRF-MG;DEL08-MG;UOP02-DEL08-MG
589573;25/03/2024;segunda-feira;01:35:00;SP;116;170;JACAREI;Condutor Dormindo;Colisão traseira;Com Vítimas Feridas;Plena Noite;Crescente;Céu Claro;Dupla;Reta;Não;2;0;1;0;1;0;1;2;-23,30794749;-46,0548351;SPRF-SP;DEL02-SP;UOP01-DEL02-SP
589574;25/03/2024;segunda-feira;03:20:00;SP;116;452;REGISTRO;Demais falhas mecânicas ou elétricas;Incêndio;Sem Vítimas;Plena Noite;Decrescente;Céu Claro;Dupla;Reta;Não;2;0;0;0;1;1;0;2;-24,55357585;-47,86460045;SPRF-SP;DEL05-SP;UOP01-DEL05-SP
589580;24/03/2024;domingo;20:15:00;MG;365;488,9;PATROCINIO;Ausência de reação do condutor;Colisão frontal;Com Vítimas Feridas;Plena Noite;Crescente;Chuva;Simples;Reta;Não;5;0;0;2;2;1;2;4;-18,90309317;-47,14086893;SPRF-MG;DEL10-MG;UOP01-DEL10-MG
589582;24/03/2024;domingo;20:30:00;MG;365;488,9;PATROCINIO;Ausência de reação do condutor;Colisão traseira;Sem Vítimas;Plena Noite;Decrescente;Chuva;Simples;Reta;Não;2;0;0;0;1;1;0;2;-18,90309317;-47,14086893;SPRF-MG;DEL10-MG;UOP01-DEL10-MG
589585;25/03/2024;segunda-feira;06:20:00;RS;386;153;ALMIRANTE TAMANDARE DO SUL;Condutor deixou de manter distância do veículo da frente;Colisão traseira;Com Vítimas Feridas;Pleno dia;Crescente;Céu Claro;Dupla;"Reta;Aclive";Sim;2;0;0;1;0;1;1;2;-28,103321;-52,860851;SPRF-RS;DEL08-RS;UOP01-DEL08-RS
589587;25/03/2024;segunda-feira;06:43:00;PE;408;96,4;SAO LOURENCO DA MATA;Demais falhas mecânicas ou elétricas;Incêndio;Sem Vítimas;Pleno dia;Decrescente;Céu Claro;Dupla;Reta;Sim;2;0;0;0;2;0;0;1;-8,025435;-35,038536;SPRF-PE;DEL01-PE;UOP01-DEL01-PE
589589;19/03/2024;terça-feira;06:30:00;BA;101;389;IBIRAPITANGA;Chuva;Tombamento;Com Vítimas Feridas;Pleno dia;Crescente;Chuva;Simples;Curva;Não;1;0;1;0;0;0;1;1;-14,025008;-39,423384;SPRF-BA;DEL05-BA;UOP03-DEL05-BA
589592;25/03/2024;segunda-feira;07:20:00;SE;235;2;ARACAJU;Condutor deixou de manter distância do veículo da frente;Colisão traseira;Com Vítimas Feridas;Pleno dia;Crescente;Céu Claro;Dupla;"Reta;Aclive";Sim;5;0;2;0;3;0;2;3;-10,9062;-37,1034;SPRF-SE;DEL01-SE;UOP01-DEL01-SE
589598;22/03/2024;sexta-feira;05:05:00;PR;476;273,9;SAO MATEUS DO SUL;Ausência de sinalização;Colisão com objeto;Sem Vítimas;Plena Noite;Crescente;Ignorado;Simples;"Curva;Interseção de Vias";Sim;1;0;0;0;1;0;0;1;-25,8937721;-50,37742138;SPRF-PR;DEL02-PR;UOP03-DEL02-PR
589600;25/03/2024;segunda-feira;06:00:00;BA;242;828;BARREIRAS;Condutor deixou de manter distância do veículo da frente;Colisão traseira;Sem Vítimas;Amanhecer;Crescente;Céu Claro;Simples;"Reta;Aclive";Não;3;0;0;0;2;3;0;5;-12,12985099;-45,09699301;SPRF-BA;DEL10-BA;UOP01-DEL10-BA
589606;21/03/2024;quinta-feira;17:40:00;PR;277;110;CAMPO LARGO;Mal súbito do condutor;Colisão transversal;Sem Vítimas;Anoitecer;Crescente;Nublado;Dupla;"Declive;Reta";Sim;3;0;0;0;2;1;0;3;-25,442742;-49,455234;SPRF-PR;DEL03-PR;UOP03-DEL03-PR
589607;25/03/2024;segunda-feira;07:40:00;SC;282;580;PINHALZINHO;Reação tardia ou ineficiente do condutor;Colisão transversal;Com Vítimas Feridas;Pleno dia;Crescente;Céu Claro;Simples;Rotatória;Sim;3;0;0;1;1;1;1;3;-26,832148;-52,994308;SPRF-SC;DEL07-SC;UOP02-DEL07-SC
589617;25/03/2024;segunda-feira;03:20:00;GO;158;8;ARAGARCAS;Falta de elemento de contenção que evite a saída do leito carroçável;Saída de leito carroçável;Com Vítimas Feridas;Plena Noite;Crescente;Céu Claro;Simples;Reta;Sim;3;0;2;1;0;0;3;1;-15,9073825;-52,22066402;SPRF-GO;DEL04-GO;UOP02-DEL04-GO
589620;25/03/2024;segunda-feira;08:46:00;PB;230;22;JOAO PESSOA;Ausência de reação do condutor;Colisão traseira;Com Vítimas Feridas;Pleno dia;Crescente;Céu Claro;Dupla;Reta;Sim;3;0;0;1;2;0;1;3;-7,1495;-34,8517;SPRF-PB;DEL01-PB;UOP01-DEL01-PB
589635;25/03/2024;segunda-feira;09:10:00;ES;101;281,7;SERRA;Demais falhas mecânicas ou elétricas;Colisão com objeto;Sem Vítimas;Pleno dia;Decrescente;Céu Claro;Dupla;Reta;Sim;2;0;0;0;1;2;0;3;-20,22357587;-40,35922359;SPRF-ES;DEL02-ES;UOP01-DEL02-ES
589636;25/03/2024;segunda-feira;10:30:00;SP;381;50,1;ATIBAIA;Demais falhas mecânicas ou elétricas;Incêndio;Sem Vítimas;Pleno dia;Decrescente;Céu Claro;Dupla;Reta;Não;4;0;0;0;3;1;0;2;-23,21359807;-46,59367981;SPRF-SP;DEL03-SP;UOP01-DEL03-SP
589641;18/01/2024;quinta-feira;20:30:00;SC;470;235,2;SAO CRISTOVAO DO SUL;Transitar no Acostamento;Colisão frontal;Com Vítimas Feridas;Anoitecer;Decrescente;Nublado;Simples;Curva;Não;2;0;0;1;1;0;1;2;-27,302292;-50,439423;SPRF-SC;DEL05-SC;UOP03-DEL05-SC
589648;25/03/2024;segunda-feira;10:20:00;PR;116;163,5;QUITANDINHA;Reação tardia ou ineficiente do condutor;Colisão traseira;Com Vítimas Feridas;Pleno dia;Decrescente;Nublado;Simples;Reta;Não;4;0;1;0;2;2;1;4;-25,86442035;-49,41795105;SPRF-PR;DEL01-PR;UOP03-DEL01-PR
589650;25/03/2024;segunda-feira;11:30:00;MG;40;819,9;SIMAO PEREIRA;Mal súbito do condutor;Saída de leito carroçável;Sem Vítimas;Pleno dia;Decrescente;Nublado;Dupla;Reta;Não;2;0;0;0;1;1;0;2;-21,93024704;-43,31535211;SPRF-MG;DEL05-MG;UOP01-DEL05-MG
589654;25/03/2024;segunda-feira;10:00:00;GO;153;615;MORRINHOS;Condutor deixou de manter distância do veículo da frente;Colisão traseira;Com Vítimas Feridas;Pleno dia;Decrescente;Nublado;Dupla;Reta;Não;3;0;0;1;1;1;1;3;-17,6778;-49,1621;SPRF-GO;DEL03-GO;UOP01-DEL03-GO
589658;25/03/2024;segunda-feira;12:20:00;RS;116;258;ESTEIO;Reação tardia ou ineficiente do condutor;Colisão lateral mesmo sentido;Com Vítimas Feridas;Pleno dia;Decrescente;Céu Claro;Múltipla;Reta;Sim;2;0;2;0;0;0;2;2;-29,86150502;-51,18091535;SPRF-RS;DEL01-RS;UOP02-DEL01-RS
589659;25/03/2024;segunda-feira;12:05:00;PR;476;196;LAPA;Suicídio (presumido);Atropelamento de Pedestre;Com Vítimas Feridas;Pleno dia;Crescente;Nublado;Simples;Interseção de Vias;Sim;3;0;1;0;1;1;1;3;-25,753437;-49,725754;SPRF-PR;DEL01-PR;UOP06-DEL01-PR
589663;25/03/2024;segunda-feira;11:55:00;PA;316;64;CASTANHAL;Ausência de reação do condutor;Colisão traseira;Com Vítimas Fatais;Pleno dia;Decrescente;Céu Claro;Dupla;Reta;Sim;4;1;1;0;1;2;1;4;-1,29629557;-47,91983997;SPRF-PA;DEL01-PA;UOP01-DEL01-PA
589664;25/03/2024;segunda-feira;12:30:00;MT;364;209;RONDONOPOLIS;Pista Escorregadia;Saída de leito carroçável;Com Vítimas Feridas;Pleno dia;Decrescente;Chuva;Dupla;"Reta;Retorno Regulamentado";Sim;2;0;1;0;0;1;1;2;-16,42894942;-54,6933816;SPRF-MT;DEL02-MT;UOP01-DEL02-MT
589665;07/02/2024;quarta-feira;15:40:00;MG;40;474;SETE LAGOAS;Pista Escorregadia;Saída de leito carroçável;Com Vítimas Feridas;Pleno dia;Decrescente;Chuva;Dupla;"Declive;Reta";Não;1;0;1;0;0;0;1;1;-19,49804878;-44,27929974;SPRF-MG;DEL02-MG;UOP01-DEL02-MG
589669;25/03/2024;segunda-feira;12:20:00;MG;40;506,6;RIBEIRAO DAS NEVES;Velocidade Incompatível;Colisão traseira;Com Vítimas Fatais;Pleno dia;Crescente;Céu Claro;Dupla;Reta;Sim;4;1;0;1;1;1;1;3;-19,751244;-44,144416;SPRF-MG;DEL02-MG;UOP01-DEL02-MG
589671;25/03/2024;segunda-feira;14:00:00;GO;60;45;ALEXANIA;Ausência de reação do condutor;Colisão lateral mesmo sentido;Com Vítimas Feridas;Pleno dia;Decrescente;Garoa/Chuvisco;Dupla;"Reta;Aclive";Não;4;0;1;0;2;1;1;3;-16,1324;-48,5977;SPRF-GO;DEL02-GO;UOP01-DEL02-GO
589674;25/03/2024;segunda-feira;13:57:00;PB;230;286;SANTA LUZIA;Acessar a via sem observar a presença dos outros veículos;Colisão transversal;Sem Vítimas;Pleno dia;Crescente;Céu Claro;Simples;Reta;Não;5;0;0;0;4;4;0;7;-6,8978;-36,8794;SPRF-PB;DEL03-PB;UOP01-DEL03-PB
589677;25/03/2024;segunda-feira;12:30:00;PE;101;112;IPOJUCA;Ausência de reação do condutor;Colisão com objeto;Com Vítimas Feridas;Pleno dia;Crescente;Nublado;Dupla;Curva;Não;1;0;1;0;0;0;1;1;-8,3278918;-35,119238;SPRF-PE;DEL01-PE;UOP03-DEL01-PE
589678;25/03/2024;segunda-feira;11:00:00;MT;364;490;JANGADA;Ausência de reação do condutor;Colisão traseira;Com Vítimas Feridas;Pleno dia;Crescente;Nublado;Simples;Reta;Não;3;0;0;1;1;1;1;3;-15,32587484;-56,42696975;SPRF-MT;DEL01-MT;UOP01-DEL01-MT