id;data_inversa;dia_semana;horario;uf;br;km;municipio;causa_acidente;tipo_acidente;classificacao_acidente;fase_dia;sentido_via;condicao_metereologica;tipo_pista;tracado_via;uso_solo;pessoas;mortos;feridos_leves;feridos_graves;ilesos;ignorados;feridos;veiculos;latitude;longitude;regional;delegacia;uop
589679;25/03/2024;segunda-feira;14:30:00;MT;364;459,2;JANGADA;Acumulo de água sobre o pavimento;Colisão frontal;Com Vítimas Fatais;Pleno dia;Crescente;Chuva;Simples;Reta;Não;3;1;0;0;1;2;0;4;-15,32587484;-56,42696975;SPRF-MT;DEL01-MT;UOP02-DEL01-MT
589681;25/03/2024;segunda-feira;11:10:00;MS;163;529,5;JARAGUARI;Condutor Dormindo;Saída de leito carroçável;Com Vítimas Feridas;Pleno dia;Decrescente;Sol;Simples;"Declive;Reta";Não;2;0;1;0;0;2;1;3;-20,07989041;-54,42998908;SPRF-MS;DEL01-MS;UOP02-DEL01-MS
589684;25/03/2024;segunda-feira;15:20:00;RN;110;46,9;MOSSORO;Condutor deixou de manter distância do veículo da frente;Colisão traseira;Sem Vítimas;Pleno dia;Crescente;Chuva;Simples;Reta;Sim;3;0;0;0;3;0;0;2;-5,19797675;-37,31839819;SPRF-RN;DEL04-RN;UOP01-DEL04-RN
589689;25/03/2024;segunda-feira;15:50:00;TO;153;335,9;GUARAI;Ultrapassagem Indevida;Colisão lateral sentido oposto;Com Vítimas Feridas;Pleno dia;Crescente;Céu Claro;Simples;Reta;Não;4;0;0;1;2;1;1;4;-8,84481597;-48,5107318;SPRF-TO;DEL02-TO;UOP02-DEL02-TO
589691;25/03/2024;segunda-feira;13:00:00;PR;476;274;SAO MATEUS DO SUL;Condutor deixou de manter distância do veículo da frente;Engavetamento;Sem Vítimas;Pleno dia;Crescente;Céu Claro;Simples;Reta;Sim;3;0;0;0;3;0;0;3;-25,893393;-50,377842;SPRF-PR;DEL02-PR;UOP03-DEL02-PR
589692;25/03/2024;segunda-feira;14:00:00;MS;163;263;DOURADOS;Condutor deixou de manter distância do veículo da frente;Colisão traseira;Com Vítimas Feridas;Pleno dia;Crescente;Céu Claro;Dupla;Rotatória;Sim;2;0;1;0;1;0;1;2;-22,2316424;-54,7478208;SPRF-MS;DEL04-MS;UOP01-DEL04-MS
589693;25/03/2024;segunda-feira;14:35:00;MG;116;748,6;LEOPOLDINA;Ultrapassagem Indevida;Colisão transversal;Com Vítimas Feridas;Pleno dia;Decrescente;Nublado;Simples;Reta;Não;2;0;1;1;0;0;2;2;-21,44262683;-42,53751514;SPRF-MG;DEL07-MG;UOP01-DEL07-MG
589695;25/03/2024;segunda-feira;14:30:00;RO;364;189;PIMENTA BUENO;Condutor deixou de manter distância do veículo da frente;Engavetamento;Com Vítimas Feridas;Pleno dia;Crescente;Sol;Simples;Reta;Não;5;0;1;1;2;6;2;10;-11,72754327;-61,13530712;SPRF-RO;DEL02-RO;UOP02-DEL02-RO
589699;25/03/2024;segunda-feira;14:55:00;MG;50;194;DELTA;Ausência de sinalização;Atropelamento de Pedestre;Com Vítimas Feridas;Pleno dia;Crescente;Chuva;Dupla;"Reta;Declive";Não;3;0;0;1;2;0;1;2;-19,887439;-47,848374;SPRF-MG;DEL13-MG;UOP01-DEL13-MG
589704;25/03/2024;segunda-feira;16:35:00;BA;101;740;ITABELA;Velocidade Incompatível;Colisão frontal;Com Vítimas Feridas;Pleno dia;Crescente;Chuva;Simples;"Declive;Curva";Não;6;0;2;1;3;0;3;3;-16,69551604;-39,47368803;SPRF-BA;DEL09-BA;UOP01-DEL09-BA
589708;25/03/2024;segunda-feira;15:30:00;SC;101;106,1;PENHA;Manobra de mudança de faixa;Colisão lateral mesmo sentido;Com Vítimas Feridas;Pleno dia;Decrescente;Céu Claro;Dupla;"Curva;Declive";Não;4;0;2;0;1;1;2;3;-26,81031601;-48,68293896;SPRF-SC;DEL03-SC;UOP02-DEL03-SC
589718;25/03/2024;segunda-feira;16:30:00;BA;324;615,5;SIMOES FILHO;Entrada inopinada do pedestre;Atropelamento de Pedestre;Com Vítimas Feridas;Pleno dia;Decrescente;Nublado;Dupla;"Declive;Reta";Sim;2;0;1;0;0;1;1;2;-12,87206398;-38,42746403;SPRF-BA;DEL01-BA;UOP01-DEL01-BA
589727;25/03/2024;segunda-feira;19:00:00;BA;101;667;ITAPEBI;Velocidade Incompatível;Tombamento;Com Vítimas Feridas;Plena Noite;Decrescente;Céu Claro;Simples;Curva;Não;2;0;0;1;0;1;1;2;-15,99094;-39,57266;SPRF-BA;DEL09-BA;UOP01-DEL09-BA
589731;10/01/2024;quarta-feira;04:00:00;PR;376;379,5;IMBAU;Entrada inopinada do pedestre;Atropelamento de Pedestre;Com Vítimas Fatais;Plena Noite;Crescente;Ignorado;Simples;Reta;Não;2;1;0;0;0;1;0;2;-24,39632692;-50,78340501;SPRF-PR;DEL03-PR;UOP02-DEL03-PR
589733;25/03/2024;segunda-feira;14:30:00;MG;153;104;PRATA;Acumulo de água sobre o pavimento;Colisão frontal;Com Vítimas Feridas;Pleno dia;Decrescente;Chuva;Simples;"Declive;Reta";Não;3;0;0;2;0;1;2;3;-19,26347485;-48,92260343;SPRF-MG;DEL15-MG;UOP03-DEL15-MG
589736;25/03/2024;segunda-feira;16:30:00;MG;267;51,3;MARIPA DE MINAS;Problema na suspensão;Tombamento;Com Vítimas Feridas;Pleno dia;Decrescente;Céu Claro;Simples;"Declive;Reta";Não;1;0;1;0;0;0;1;1;-21,70228417;-42,98867684;SPRF-MG;DEL07-MG;UOP01-DEL07-MG
589737;25/03/2024;segunda-feira;19:50:00;RS;293;157;HULHA NEGRA;Condutor Dormindo;Saída de leito carroçável;Com Vítimas Feridas;Plena Noite;Crescente;Céu Claro;Simples;Ponte;Não;2;0;1;0;0;1;1;2;-31,39528237;-53,78696899;SPRF-RS;DEL11-RS;UOP03-DEL11-RS
589740;25/03/2024;segunda-feira;19:00:00;MT;163;985;TERRA NOVA DO NORTE;Ultrapassagem Indevida;Colisão frontal;Com Vítimas Fatais;Plena Noite;Crescente;Nublado;Simples;"Reta;Aclive";Não;3;2;0;0;0;1;0;3;-10,7278561;-55,13094895;SPRF-MT;DEL06-MT;UOP03-DEL06-MT
589748;25/03/2024;segunda-feira;19:26:00;PR;277;460,6;LARANJEIRAS DO SUL;Transitar na contramão;Colisão frontal;Com Vítimas Fatais;Plena Noite;Crescente;Céu Claro;Simples;"Reta;Aclive";Não;6;3;0;0;2;1;0;4;-25,366243;-52,467922;SPRF-PR;DEL04-PR;UOP02-DEL04-PR
589750;25/03/2024;segunda-feira;10:50:00;RJ;116;237;PIRAI;Demais falhas mecânicas ou elétricas;Incêndio;Sem Vítimas;Pleno dia;Decrescente;Nublado;Dupla;Reta;Não;1;0;0;0;1;0;0;1;-22,6648253;-43,8735;SPRF-RJ;DEL07-RJ;UOP01-DEL07-RJ
589759;25/03/2024;segunda-feira;20:30:00;MT;174;3;PONTES E LACERDA;Reação tardia ou ineficiente do condutor;Colisão traseira;Com Vítimas Feridas;Plena Noite;Crescente;Chuva;Simples;Curva;Sim;2;0;0;1;0;1;1;2;-15,24248973;-59,33358759;SPRF-MT;DEL04-MT;UOP01-DEL04-MT
589760;25/03/2024;segunda-feira;22:55:00;SP;116;322,8;JUQUITIBA;Ausência de reação do condutor;Colisão traseira;Com Vítimas Feridas;Plena Noite;Crescente;Céu Claro;Dupla;Reta;Não;3;0;1;0;1;1;1;3;-23,935106;-47,026682;SPRF-SP;DEL04-SP;UOP03-DEL04-SP
589763;26/03/2024;terça-feira;00:20:00;SC;101;219,3;PALHOCA;Reação tardia ou ineficiente do condutor;Engavetamento;Com Vítimas Feridas;Plena Noite;Decrescente;Céu Claro;Simples;Reta;Sim;5;0;1;0;3;2;1;5;-27,68392194;-48,66710085;SPRF-SC;DEL01-SC;UOP02-DEL01-SC
589764;25/03/2024;segunda-feira;23:30:00;PR;373;266;PRUDENTOPOLIS;Ausência de reação do condutor;Colisão traseira;Com Vítimas Feridas;Plena Noite;Decrescente;Céu Claro;Simples;Reta;Não;4;0;1;0;3;0;1;2;-25,202099;-50,981375;SPRF-PR;DEL08-PR;UOP01-DEL08-PR
589767;26/03/2024;terça-feira;00:07:00;BA;330;817,4;JITAUNA;Animais na Pista;Atropelamento de Animal;Com Vítimas Feridas;Plena Noite;Decrescente;Céu Claro;Simples;Reta;Não;3;0;1;0;2;0;1;3;-14,00848308;-39,86592302;SPRF-BA;DEL03-BA;UOP01-DEL03-BA
589768;26/03/2024;terça-feira;00:30:00;AL;101;149,6;JEQUIA DA PRAIA;Problema com o freio;Tombamento;Com Vítimas Feridas;Pleno dia;Decrescente;Nublado;Dupla;"Curva;Declive";Não;2;0;1;0;0;1;1;2;-9,89402674;-36,14110191;SPRF-AL;DEL02-AL;UOP02-DEL02-AL
589772;26/03/2024;terça-feira;02:40:00;SC;101;127,6;BALNEARIO CAMBORIU;Condutor deixou de manter distância do veículo da frente;Colisão traseira;Com Vítimas Feridas;Plena Noite;Decrescente;Céu Claro;Dupla;Reta;Não;2;0;0;1;1;0;1;2;-26,9639319;-48,68328024;SPRF-SC;DEL04-SC;UOP04-DEL04-SC
589777;26/03/2024;terça-feira;02:00:00;BA;116;756;POCOES;Ausência de reação do condutor;Colisão traseira;Com Vítimas Feridas;Plena Noite;Crescente;Nublado;Simples;Reta;Sim;3;0;1;0;0;2;1;3;-14,47044164;-40,33908151;SPRF-BA;DEL08-BA;UOP02-DEL08-BA
589780;26/03/2024;terça-feira;04:45:00;PR;476;111,8;COLOMBO;Transitar na contramão;Colisão frontal;Com Vítimas Fatais;Plena Noite;Decrescente;Nublado;Simples;"Curva;Declive";Não;3;1;0;0;1;1;0;3;-25,31672833;-49,15853345;SPRF-PR;DEL01-PR;UOP01-DEL01-PR
589790;26/03/2024;terça-feira;03:00:00;MG;262;611,3;IBIA;Pista Escorregadia;Saída de leito carroçável;Sem Vítimas;Plena Noite;Crescente;Chuva;Simples;"Curva;Declive";Não;1;0;0;0;1;0;0;1;-19,59794921;-46,2913541;SPRF-MG;DEL08-MG;UOP02-DEL08-MG
589791;08/03/2024;sexta-feira;15:48:00;MT;158;530;AGUA BOA;Ultrapassagem Indevida;Tombamento;Com Vítimas Feridas;Pleno dia;Crescente;Céu Claro;Simples;Curva;Não;5;0;0;1;3;3;1;5;-13,75253298;-52,04218793;SPRF-MT;DEL07-MT;UOP02-DEL07-MT
589795;26/03/2024;terça-feira;05:40:00;SC;116;215,5;CORREIA PINTO;Reação tardia ou ineficiente do condutor;Tombamento;Com Vítimas Feridas;Pleno dia;Decrescente;Céu Claro;Simples;Reta;Não;2;0;1;0;0;1;1;2;-27,538325;-50,376366;SPRF-SC;DEL05-SC;UOP03-DEL05-SC
589797;25/03/2024;segunda-feira;19:20:00;MG;262;42,1;MANHUACU;Reação tardia ou ineficiente do condutor;Tombamento;Com Vítimas Feridas;Plena Noite;Crescente;Céu Claro;Simples;Curva;Não;2;0;1;0;0;1;1;2;-20,26976316;-42,06894006;SPRF-MG;DEL06-MG;UOP03-DEL06-MG
589803;26/03/2024;terça-feira;07:40:00;CE;116;499,2;BREJO SANTO;Condutor deixou de manter distância do veículo da frente;Colisão traseira;Com Vítimas Feridas;Pleno dia;Crescente;Nublado;Simples;"Reta;Aclive";Não;4;0;1;0;2;1;1;3;-7,43580996;-38,97316442;SPRF-CE;DEL05-CE;UOP03-DEL05-CE
589806;26/03/2024;terça-feira;07:25:00;MT;163;834;SINOP;Ausência de reação do condutor;Colisão lateral mesmo sentido;Com Vítimas Feridas;Pleno dia;Decrescente;Nublado;Dupla;Rotatória;Não;4;0;1;0;2;1;1;3;-11,995863;-55,51709;SPRF-MT;DEL06-MT;UOP02-DEL06-MT
589814;26/03/2024;terça-feira;07:10:00;RS;386;245,9;SOLEDADE;Condutor Dormindo;Colisão frontal;Com Vítimas Feridas;Pleno dia;Crescente;Céu Claro;Simples;Reta;Sim;3;0;2;0;1;0;2;2;-28,802004;-52,509708;SPRF-RS;DEL04-RS;UOP03-DEL04-RS
589816;26/03/2024;terça-feira;08:50:00;PR;376;629;SAO JOSE DOS PINHAIS;Acessar a via sem observar a presença dos outros veículos;Atropelamento de Pedestre;Com Vítimas Feridas;Pleno dia;Crescente;Céu Claro;Simples;Reta;Não;4;0;0;1;2;1;1;4;-25,68698314;-49,14684542;SPRF-PR;DEL01-PR;UOP04-DEL01-PR
589822;05/03/2024;terça-feira;22:00:00;BA;116;422;FEIRA DE SANTANA;Desrespeitar a preferência no cruzamento;Colisão traseira;Com Vítimas Feridas;Plena Noite;Decrescente;Céu Claro;Dupla;Interseção de Vias;Sim;3;0;1;0;1;1;1;3;-12,2306836;-38,96535158;SPRF-BA;DEL02-BA;UOP01-DEL02-BA
589833;26/03/2024;terça-feira;09:50:00;RO;319;60;PORTO VELHO;Manobra de mudança de faixa;Colisão traseira;Com Vítimas Feridas;Pleno dia;Crescente;Céu Claro;Múltipla;"Reta;Interseção de Vias";Sim;3;0;0;1;1;1;1;3;-8,74196683;-63,89912249;SPRF-RO;DEL01-RO;UOP01-DEL01-RO
589834;26/03/2024;terça-feira;10:10:00;SC;480;123;CHAPECO;Reação tardia ou ineficiente do condutor;Tombamento;Com Vítimas Feridas;Pleno dia;Crescente;Céu Claro;Simples;"Interseção de Vias;Curva";Não;2;0;1;0;0;1;1;2;-26,99739704;-52,64201951;SPRF-SC;DEL07-SC;UOP01-DEL07-SC
589836;26/03/2024;terça-feira;07:20:00;PR;376;227,2;APUCARANA;Reação tardia ou ineficiente do condutor;Saída de leito carroçável;Com Vítimas Feridas;Pleno dia;Crescente;Sol;Dupla;Reta;Não;1;0;1;0;0;0;1;1;-23,585;-51,558;SPRF-PR;DEL07-PR;UOP03-DEL07-PR
589841;26/03/2024;terça-feira;05:30:00;PE;101;209;XEXEU;Ausência de reação do condutor;Saída de leito carroçável;Com Vítimas Feridas;Amanhecer;Crescente;Céu Claro;Dupla;Curva;Não;2;0;0;1;0;1;1;2;-8,83806024;-35,63692618;SPRF-PE;DEL01-PE;UOP03-DEL01-PE
589842;26/03/2024;terça-feira;10:45:00;PR;369;155;LONDRINA;Demais falhas mecânicas ou elétricas;Colisão transversal;Com Vítimas Fatais;Pleno dia;Crescente;Sol;Dupla;"Interseção de Vias;Reta";Sim;5;1;0;1;1;3;1;5;-23,29229725;-51,21536493;SPRF-PR;DEL07-PR;UOP01-DEL07-PR
589844;24/03/2024;domingo;06:00:00;CE;116;154;RUSSAS;Ultrapassagem Indevida;Colisão lateral mesmo sentido;Com Vítimas Feridas;Pleno dia;Decrescente;Céu Claro;Simples;Reta;Não;4;0;1;0;2;1;1;3;-4,86890407;-38,0287231;SPRF-CE;DEL03-CE;UOP01-DEL03-CE
589851;26/03/2024;terça-feira;13:57:00;GO;60;128,5;GOIANAPOLIS;Ausência de reação do condutor;Colisão lateral mesmo sentido;Com Vítimas Feridas;Pleno dia;Crescente;Chuva;Dupla;Aclive;Não;2;0;1;0;1;0;1;2;-16,56512512;-49,15454865;SPRF-GO;DEL01-GO;UOP01-DEL01-GO
589852;26/03/2024;terça-feira;14:20:00;SC;101;209;SAO JOSE;Trafegar com motocicleta (ou similar) entre as faixas;Colisão transversal;Com Vítimas Feridas;Pleno dia;Decrescente;Céu Claro;Dupla;Reta;Sim;4;0;1;0;1;2;1;4;-27,61000542;-48,63895057;SPRF-SC;DEL01-SC;UOP01-DEL01-SC
589861;26/03/2024;terça-feira;07:40:00;MA;135;104;ITAPECURU MIRIM;Acostamento em desnível;Queda de ocupante de veículo;Com Vítimas Fatais;Pleno dia;Crescente;Céu Claro;Simples;"Reta;Interseção de Vias";Não;3;1;0;0;0;2;0;3;-3,38911583;-44,4963842;SPRF-MA;DEL01-MA;UOP02-DEL01-MA
589865;26/03/2024;terça-feira;07:00:00;PA;163;494;ITAITUBA;Transitar na contramão;Tombamento;Com Vítimas Fatais;Amanhecer;Decrescente;Céu Claro;Simples;"Reta;Aclive";Não;25;3;11;10;0;2;21;4;-5,55278209;-55,82200724;SPRF-PA;DEL05-PA;UOP02-DEL05-PA
589872;26/03/2024;terça-feira;10:40:00;BA;116;422;FEIRA DE SANTANA;Carga excessiva e/ou mal acondicionada;Colisão com objeto;Sem Vítimas;Pleno dia;Decrescente;Nublado;Dupla;Rotatória;Sim;2;0;0;0;0;2;0;2;-12,22064702;-38,96561131;SPRF-BA;DEL02-BA;UOP01-DEL02-BA
589874;26/03/2024;terça-feira;11:30:00;SC;282;351;CAMPOS NOVOS;Entrada inopinada do pedestre;Eventos atípicos;Com Vítimas Feridas;Pleno dia;Decrescente;Céu Claro;Simples;Rotatória;Não;3;0;1;0;1;1;1;3;-27,361374;-51,301975;SPRF-SC;DEL07-SC;UOP06-DEL07-SC
589876;26/03/2024;terça-feira;14:30:00;MG;251;472,3;FRANCISCO SA;Demais falhas mecânicas ou elétricas;Saída de leito carroçável;Com Vítimas Feridas;Pleno dia;Crescente;Céu Claro;Simples;"Curva;Declive";Não;2;0;1;0;0;1;1;2;-16,4669101;-43,43947986;SPRF-MG;DEL12-MG;UOP01-DEL12-MG
589878;26/03/2024;terça-feira;15:15:00;PR;277;100;CURITIBA;Demais falhas mecânicas ou elétricas;Tombamento;Sem Vítimas;Pleno dia;Crescente;Céu Claro;Dupla;Curva;Sim;2;0;0;0;1;1;0;2;-25,43016962;-49,36505914;SPRF-PR;DEL01-PR;UOP06-DEL01-PR
589883;26/03/2024;terça-feira;16:00:00;MT;364;545;ROSARIO OESTE;Demais falhas mecânicas ou elétricas;Colisão traseira;Sem Vítimas;Pleno dia;Decrescente;Nublado;Dupla;Reta;Sim;3;0;0;0;2;1;0;3;-14,88773405;-56,46355582;SPRF-MT;DEL01-MT;UOP01-DEL01-MT
589890;26/03/2024;terça-feira;16:40:00;MG;116;692,3;MURIAE;Ausência de reação do condutor;Tombamento;Com Vítimas Feridas;Pleno dia;Decrescente;Chuva;Simples;Curva;Não;2;0;1;0;1;0;1;1;-21,03708256;-42,36774445;SPRF-MG;DEL07-MG;UOP02-DEL07-MG
589902;26/03/2024;terça-feira;17:30:00;ES;101;434,9;MIMOSO DO SUL;Ultrapassagem Indevida;Tombamento;Com Vítimas Feridas;Anoitecer;Decrescente;Nublado;Simples;Reta;Não;2;0;1;0;0;1;1;2;-21,04949006;-41,18858495;SPRF-ES;DEL03-ES;UOP02-DEL03-ES
589904;26/03/2024;terça-feira;17:50:00;ES;101;293;CARIACICA;Acesso irregular;Colisão transversal;Com Vítimas Feridas;Anoitecer;Crescente;Céu Claro;Dupla;"Reta;Em Obras";Sim;3;0;1;0;1;1;1;3;-20,31526144;-40,39567044;SPRF-ES;DEL01-ES;UOP01-DEL01-ES
589906;26/03/2024;terça-feira;18:10:00;GO;40;42,7;LUZIANIA;Chuva;Saída de leito carroçável;Com Vítimas Feridas;Anoitecer;Crescente;Chuva;Simples;"Reta;Declive";Não;2;0;1;0;0;1;1;2;-16,38757012;-47,82577515;SPRF-DF;DEL01-DF;UOP02-DEL01-DF
589909;26/03/2024;terça-feira;07:00:00;MG;365;17;MONTES CLAROS;Reação tardia ou ineficiente do condutor;Tombamento;Com Vítimas Feridas;Pleno dia;Decrescente;Céu Claro;Simples;Reta;Não;2;0;1;0;0;1;1;2;-16,87724015;-43,993381;SPRF-MG;DEL12-MG;UOP01-DEL12-MG
589914;26/03/2024;terça-feira;16:00:00;MG;116;579,3;MANHUACU;Velocidade Incompatível;Tombamento;Com Vítimas Feridas;Pleno dia;Decrescente;Chuva;Simples;Curva;Não;3;0;2;0;0;1;2;2;-20,17836097;-42,18664844;SPRF-MG;DEL06-MG;UOP03-DEL06-MG
589916;26/03/2024;terça-feira;16:20:00;MS;163;659;RIO VERDE DE MATO GROSSO;Ausência de reação do condutor;Colisão com objeto;Com Vítimas Feridas;Pleno dia;Crescente;Chuva;Simples;"Reta;Declive";Não;1;0;1;0;0;0;1;1;-19,08794709;-54,77892912;SPRF-MS;DEL06-MS;UOP02-DEL06-MS
589918;26/03/2024;terça-feira;19:10:00;MA;222;663;ACAILANDIA;Ausência de reação do condutor;Colisão traseira;Sem Vítimas;Plena Noite;Decrescente;Céu Claro;Simples;"Reta;Aclive";Não;4;0;0;0;3;2;0;4;-4,88471004;-47,36887698;SPRF-MA;DEL04-MA;UOP03-DEL04-MA
589922;26/03/2024;terça-feira;18:10:00;PE;407;118;PETROLINA;Acessar a via sem observar a presença dos outros veículos;Colisão transversal;Com Vítimas Feridas;Anoitecer;Crescente;Céu Claro;Simples;Reta;Não;2;0;1;0;1;0;1;2;-9,32245397;-40,56878794;SPRF-PE;DEL06-PE;UOP01-DEL06-PE
589925;16/03/2024;sábado;21:10:00;RO;364;492;ARIQUEMES;Condutor deixou de manter distância do veículo da frente;Colisão traseira;Com Vítimas Fatais;Plena Noite;Decrescente;Céu Claro;Simples;Reta;Não;2;1;0;0;0;1;0;2;-10,09560911;-62,96269506;SPRF-RO;DEL03-RO;UOP01-DEL03-RO
589928;26/03/2024;terça-feira;18:35:00;PI;316;38;LAGOA DO PIAUI;Ultrapassagem Indevida;Colisão lateral sentido oposto;Com Vítimas Feridas;Plena Noite;Decrescente;Nublado;Simples;Reta;Não;4;0;1;0;1;2;1;4;-5,39060364;-42,6643009;SPRF-PI;DEL01-PI;UOP02-DEL01-PI
589933;26/03/2024;terça-feira;21:10:00;RS;290;56,3;GLORINHA;Ausência de reação do condutor;Colisão traseira;Com Vítimas Feridas;Plena Noite;Decrescente;Céu Claro;Dupla;Reta;Não;3;0;1;0;1;2;1;4;-29,915447;-50,818508;SPRF-RS;DEL03-RS;UOP01-DEL03-RS
589940;26/03/2024;terça-feira;19:00:00;MS;163;486;CAMPO GRANDE;Acessar a via sem observar a presença dos outros veículos;Colisão transversal;Com Vítimas Feridas;Plena Noite;Crescente;Céu Claro;Simples;"Interseção de Vias;Reta";Sim;3;0;0;1;2;0;1;2;-20,43297483;-54,54391122;SPRF-MS;DEL01-MS;UOP02-DEL01-MS
589949;26/03/2024;terça-feira;21:30:00;MT;158;556;AGUA BOA;Ausência de reação do condutor;Colisão traseira;Com Vítimas Feridas;Plena Noite;Decrescente;Nublado;Simples;Reta;Não;5;0;1;0;3;1;1;3;-13,95871907;-52,11673091;SPRF-MT;DEL07-MT;UOP02-DEL07-MT
589951;26/03/2024;terça-feira;09:40:00;PE;101;80,4;JABOATAO DOS GUARARAPES;Desrespeitar a preferência no cruzamento;Colisão transversal;Com Vítimas Fatais;Pleno dia;Crescente;Céu Claro;Múltipla;Reta;Sim;3;1;0;0;1;1;0;3;-8,15112589;-34,9428866;SPRF-PE;DEL01-PE;UOP01-DEL01-PE
589952;26/03/2024;terça-feira;23:10:00;BA;324;530;FEIRA DE SANTANA;Condutor Dormindo;Colisão traseira;Com Vítimas Feridas;Plena Noite;Crescente;Nublado;Dupla;"Reta;Aclive";Não;3;0;0;1;1;2;1;4;-12,32272991;-38,86892893;SPRF-BA;DEL01-BA;UOP03-DEL01-BA
589953;27/03/2024;quarta-feira;00:10:00;SP;116;34,5;CACHOEIRA PAULISTA;Manobra de mudança de faixa;Colisão traseira;Com Vítimas Feridas;Plena Noite;Crescente;Garoa/Chuvisco;Dupla;"Declive;Reta";Não;3;0;1;0;2;0;1;2;-22,65447396;-44,95940103;SPRF-SP;DEL08-SP;UOP02-DEL08-SP
589956;26/03/2024;terça-feira;22:00:00;MT;70;520;VARZEA GRANDE;Ausência de reação do condutor;Colisão lateral sentido oposto;Sem Vítimas;Plena Noite;Decrescente;Chuva;Simples;Reta;Sim;3;0;0;0;2;1;0;3;-15,678779;-56,174836;SPRF-MT;DEL01-MT;UOP02-DEL01-MT
589960;27/03/2024;quarta-feira;01:00:00;PR;163;146;SANTA LUCIA;Velocidade Incompatível;Tombamento;Com Vítimas Fatais;Plena Noite;Crescente;Céu Claro;Dupla;"Curva;Aclive";Não;1;1;0;0;0;0;0;1;-25,45252699;-53,58199031;SPRF-PR;DEL05-PR;UOP05-DEL05-PR
589963;27/03/2024;quarta-feira;02:30:00;BA;101;0,2;RIO REAL;Falta de acostamento;Saída de leito carroçável;Com Vítimas Feridas;Plena Noite;Decrescente;Nublado;Dupla;"Curva;Declive";Não;2;0;1;0;0;1;1;2;-11,54423305;-37,86395083;SPRF-SE;DEL02-SE;UOP03-DEL02-SE
589973;27/03/2024;quarta-feira;06:35:00;RS;158;230;CRUZ ALTA;Ausência de reação do condutor;Colisão lateral sentido oposto;Com Vítimas Feridas;Amanhecer;Crescente;Céu Claro;Simples;Reta;Não;5;0;2;0;2;1;2;4;-28,94217381;-53,64650746;SPRF-RS;DEL10-RS;UOP02-DEL10-RS
589976;27/03/2024;quarta-feira;07:00:00;SC;101;44;JOINVILLE;Velocidade Incompatível;Colisão traseira;Com Vítimas Feridas;Pleno dia;Decrescente;Céu Claro;Múltipla;"Reta;Declive";Sim;3;0;2;0;1;0;2;2;-26,31238996;-48,87458997;SPRF-SC;DEL03-SC;UOP01-DEL03-SC
589977;26/01/2024;sexta-feira;16:45:00;PR;476;334;PAULA FREITAS;Ausência de reação do condutor;Colisão traseira;Sem Vítimas;Pleno dia;Decrescente;Nublado;Simples;Aclive;Não;3;0;0;0;2;2;0;4;-26,126154;-50,847866;SPRF-PR;DEL02-PR;UOP03-DEL02-PR
589981;27/03/2024;quarta-feira;07:25:00;MG;40;524,9;CONTAGEM;Trafegar com motocicleta (ou similar) entre as faixas;Colisão lateral mesmo sentido;Com Vítimas Feridas;Pleno dia;Crescente;Céu Claro;Dupla;Reta;Sim;4;0;1;0;2;1;1;4;-19,88332777;-44,05054092;SPRF-MG;DEL01-MG;UOP02-DEL01-MG
589983;27/03/2024;quarta-feira;05:23:00;PE;232;62,6;POMBOS;Demais falhas mecânicas ou elétricas;Saída de leito carroçável;Sem Vítimas;Amanhecer;Decrescente;Céu Claro;Dupla;"Declive;Curva";Não;1;0;0;0;1;0;0;1;-8,15598579;-35,42308007;SPRF-PE;DEL02-PE;UOP02-DEL02PE
589986;27/03/2024;quarta-feira;05:45:00;MG;381;620;OLIVEIRA;Ausência de reação do condutor;Capotamento;Com Vítimas Feridas;Amanhecer;Crescente;Nublado;Dupla;Reta;Não;2;0;1;0;0;1;1;2;-20,78558012;-44,78578864;SPRF-MG;DEL04-MG;UOP01-DEL04-MG
589987;27/03/2024;quarta-feira;07:30:00;PE;101;82;JABOATAO DOS GUARARAPES;Condutor deixou de manter distância do veículo da frente;Colisão lateral mesmo sentido;Com Vítimas Feridas;Pleno dia;Decrescente;Céu Claro;Dupla;Reta;Sim;4;0;1;0;2;1;1;4;-8,173617;-34,940365;SPRF-PE;DEL01-PE;UOP01-DEL01-PE
589993;19/02/2024;segunda-feira;19:00:00;MT;158;378;RIBEIRAO CASCALHEIRA;Deficiência do Sistema de Iluminação/Sinalização;Colisão traseira;Com Vítimas Feridas;Plena Noite;Crescente;Garoa/Chuvisco;Simples;Reta;Não;3;0;0;1;2;0;1;2;-12,57622501;-51,78183267;SPRF-MT;DEL07-MT;UOP02-DEL07-MT
589997;27/03/2024;quarta-feira;07:40:00;PR;467;104;CASCAVEL;Manobra de mudança de faixa;Colisão traseira;Com Vítimas Feridas;Pleno dia;Decrescente;Sol;Dupla;Curva;Não;6;0;2;0;4;0;2;2;-24,9129;-53,5028;SPRF-PR;DEL04-PR;UOP01-DEL04-PR
590006;07/02/2024;quarta-feira;11:45:00;PR;116;116;CURITIBA;Manobra de mudança de faixa;Engavetamento;Com Vítimas Feridas;Pleno dia;Crescente;Céu Claro;Múltipla;Interseção de Vias;Sim;4;0;1;0;3;0;1;3;-25,5566319;-49,30597544;SPRF-PR;DEL01-PR;UOP03-DEL01-PR
590008;27/03/2024;quarta-feira;06:30:00;SC;282;22,6;SANTO AMARO DA IMPERATRIZ;Reação tardia ou ineficiente do condutor;Colisão com objeto;Com Vítimas Feridas;Amanhecer;Decrescente;Céu Claro;Simples;Reta;Sim;4;0;1;0;2;1;1;4;-27,688507;-48,72739;SPRF-SC;DEL01-SC;UOP02-DEL01-SC