id;data_inversa;dia_semana;horario;uf;br;km;municipio;causa_acidente;tipo_acidente;classificacao_acidente;fase_dia;sentido_via;condicao_metereologica;tipo_pista;tracado_via;uso_solo;pessoas;mortos;feridos_leves;feridos_graves;ilesos;ignorados;feridos;veiculos;latitude;longitude;regional;delegacia;uop
591906;05/04/2024;sexta-feira;11:17:00;BA;324;615;SALVADOR;Condutor deixou de manter distância do veículo da frente;Colisão lateral mesmo sentido;Com Vítimas Feridas;Pleno dia;Crescente;Nublado;Dupla;Reta;Sim;2;0;1;0;0;1;1;2;-12,87206398;-38,42746403;SPRF-BA;DEL01-BA;UOP01-DEL01-BA
591907;05/04/2024;sexta-feira;11:20:00;ES;101;15,7;SERRA;Reação tardia ou ineficiente do condutor;Colisão com objeto;Sem Vítimas;Pleno dia;Decrescente;Céu Claro;Dupla;Curva;Não;1;0;0;0;1;0;0;1;-20,129093;-40,308125;SPRF-ES;DEL02-ES;UOP01-DEL02-ES
591908;04/04/2024;quinta-feira;15:00:00;SP;153;216,9;MARILIA;Ausência de reação do condutor;Colisão traseira;Sem Vítimas;Pleno dia;Crescente;Céu Claro;Simples;Reta;Não;2;0;0;0;2;0;0;2;-21,96180388;-49,92179359;SPRF-SP;DEL07-SP;UOP02-DEL07-SP
591909;05/04/2024;sexta-feira;11:25:00;MT;70;503,5;CUIABA;Velocidade Incompatível;Tombamento;Com Vítimas Feridas;Pleno dia;Crescente;Céu Claro;Simples;Rotatória;Não;2;0;1;0;0;1;1;2;-15,67139089;-55,94815295;SPRF-MT;DEL01-MT;UOP02-DEL01-MT
591914;05/04/2024;sexta-feira;10:40:00;CE;116;176,9;RUSSAS;Acessar a via sem observar a presença dos outros veículos;Colisão transversal;Sem Vítimas;Pleno dia;Decrescente;Nublado;Simples;"Interseção de Vias;Rotatória;Reta";Não;4;0;0;0;3;1;0;3;-5,02243691;-38,06425904;SPRF-CE;DEL03-CE;UOP01-DEL03-CE
591919;05/04/2024;sexta-feira;09:00:00;MT;163;834;SINOP;Condutor deixou de manter distância do veículo da frente;Colisão traseira;Com Vítimas Feridas;Pleno dia;Crescente;Céu Claro;Simples;Reta;Sim;2;0;0;1;1;0;1;2;-11,869494;-55,497402;SPRF-MT;DEL06-MT;UOP02-DEL06-MT
591930;29/03/2024;sexta-feira;08:30:00;PA;163;110;ALTAMIRA;Mal súbito do condutor;Eventos atípicos;Com Vítimas Fatais;Pleno dia;Crescente;Céu Claro;Simples;Reta;Não;2;1;0;0;0;2;0;3;-8,69664618;-55,0039584;SPRF-PA;DEL05-PA;UOP02-DEL05-PA
591932;05/04/2024;sexta-feira;12:50:00;RJ;356;174;SAO JOAO DA BARRA;Acessar a via sem observar a presença dos outros veículos;Colisão transversal;Com Vítimas Feridas;Pleno dia;Decrescente;Céu Claro;Simples;"Curva;Interseção de Vias";Não;3;0;2;0;1;0;2;2;-21,718008;-41,057334;SPRF-RJ;DEL08-RJ;UOP02-DEL08-RJ
591933;04/03/2024;segunda-feira;06:45:00;BA;242;811;BARREIRAS;Reação tardia ou ineficiente do condutor;Colisão frontal;Com Vítimas Feridas;Amanhecer;Crescente;Chuva;Simples;"Curva;Declive";Não;2;0;0;1;1;0;1;2;-12,121;-45,145;SPRF-BA;DEL10-BA;UOP01-DEL10-BA
591938;05/04/2024;sexta-feira;14:35:00;GO;153;356,5;JARAGUA;Acessar a via sem observar a presença dos outros veículos;Colisão transversal;Com Vítimas Feridas;Pleno dia;Crescente;Céu Claro;Simples;"Interseção de Vias;Rotatória";Sim;2;0;1;0;1;0;1;2;-15,716531;-49,329445;SPRF-GO;DEL02-GO;UOP02-DEL02-GO
591946;05/04/2024;sexta-feira;12:00:00;MG;116;793,5;ALEM PARAIBA;Demais Fenômenos da natureza;Tombamento;Com Vítimas Feridas;Pleno dia;Decrescente;Céu Claro;Simples;Reta;Sim;2;0;1;0;0;1;1;2;-21,70195806;-42,72965349;SPRF-MG;DEL07-MG;UOP01-DEL07-MG
591947;05/04/2024;sexta-feira;12:00:00;SP;116;223;GUARULHOS;Trafegar com motocicleta (ou similar) entre as faixas;Engavetamento;Com Vítimas Feridas;Pleno dia;Decrescente;Céu Claro;Múltipla;Reta;Sim;4;0;1;0;3;0;1;4;-23,47559815;-46,5246609;SPRF-SP;DEL01-SP;UOP01-DEL01-SP
591948;05/04/2024;sexta-feira;14:00:00;AL;104;32;UNIAO DOS PALMARES;Mal súbito do condutor;Colisão frontal;Com Vítimas Feridas;Pleno dia;Decrescente;Céu Claro;Simples;Curva;Não;4;0;2;0;1;1;2;3;-9,13743588;-36,01981091;SPRF-AL;DEL01-AL;UOP02-DEL01-AL
591958;05/04/2024;sexta-feira;16:40:00;PR;116;47,5;CAMPINA GRANDE DO SUL;Acessar a via sem observar a presença dos outros veículos;Colisão transversal;Com Vítimas Feridas;Pleno dia;Decrescente;Chuva;Dupla;"Retorno Regulamentado;Curva";Não;6;0;3;1;1;1;4;3;-25,21708693;-48,90395114;SPRF-PR;DEL01-PR;UOP02-DEL01-PR
591963;05/04/2024;sexta-feira;17:00:00;PR;116;10;COLOMBO;Reação tardia ou ineficiente do condutor;Colisão traseira;Com Vítimas Feridas;Anoitecer;Crescente;Chuva;Dupla;"Aclive;Reta";Sim;2;0;0;1;0;1;1;2;-25,3719;-49,134;SPRF-PR;DEL01-PR;UOP02-DEL01-PR
591969;05/04/2024;sexta-feira;16:30:00;GO;364;89;CACHOEIRA ALTA;Desrespeitar a preferência no cruzamento;Colisão transversal;Com Vítimas Feridas;Pleno dia;Crescente;Céu Claro;Simples;"Interseção de Vias;Rotatória";Não;3;0;1;0;1;2;1;4;-18,509233;-51,067924;SPRF-GO;DEL05-GO;UOP02-DEL05-GO
591974;05/04/2024;sexta-feira;15:30:00;GO;452;39;SANTA HELENA DE GOIAS;Acesso irregular;Tombamento;Com Vítimas Feridas;Pleno dia;Decrescente;Céu Claro;Simples;Interseção de Vias;Não;1;0;1;0;0;0;1;1;-17,924692;-50,565716;SPRF-GO;DEL04-GO;UOP01-DEL04-GO
591981;05/04/2024;sexta-feira;17:00:00;MG;365;752,5;ITUIUTABA;Acessar a via sem observar a presença dos outros veículos;Eventos atípicos;Sem Vítimas;Pleno dia;Crescente;Céu Claro;Simples;Reta;Sim;4;0;0;0;3;1;0;4;-18,947495;-49,45934;SPRF-MG;DEL15-MG;UOP03-DEL15-MG
591987;05/04/2024;sexta-feira;18:55:00;MT;364;435;VARZEA GRANDE;Ausência de reação do condutor;Colisão traseira;Com Vítimas Feridas;Anoitecer;Decrescente;Céu Claro;Simples;Reta;Sim;4;0;0;1;1;2;1;4;-15,64127781;-56,13085281;SPRF-MT;DEL01-MT;UOP02-DEL01-MT
591989;05/04/2024;sexta-feira;18:00:00;PI;407;426,8;PICOS;Acessar a via sem observar a presença dos outros veículos;Colisão transversal;Com Vítimas Fatais;Plena Noite;Crescente;Céu Claro;Simples;Reta;Sim;3;1;0;0;2;0;0;2;-7,10202791;-41,41802488;SPRF-PI;DEL04-PI;UOP01-DEL04-PI
591993;05/04/2024;sexta-feira;18:50:00;PR;277;590,2;CASCAVEL;Condutor deixou de manter distância do veículo da frente;Engavetamento;Com Vítimas Feridas;Anoitecer;Crescente;Chuva;Simples;Declive;Sim;5;0;1;0;3;2;1;6;-24,98120697;-53,45591501;SPRF-PR;DEL04-PR;UOP01-DEL04-PR
591996;05/04/2024;sexta-feira;20:05:00;ES;101;285,5;CARIACICA;Acessar a via sem observar a presença dos outros veículos;Colisão transversal;Com Vítimas Feridas;Plena Noite;Decrescente;Nublado;Dupla;"Retorno Regulamentado;Reta";Sim;4;0;2;0;1;2;2;4;-20,25148171;-40,37270066;SPRF-ES;DEL01-ES;UOP01-DEL01-ES
591997;05/04/2024;sexta-feira;07:20:00;BA;101;273;SANTO ANTONIO DE JESUS;Carga excessiva e/ou mal acondicionada;Tombamento;Com Vítimas Feridas;Pleno dia;Decrescente;Nublado;Simples;"Reta;Aclive";Não;2;0;1;0;0;2;1;3;-13,0524309;-39,28423405;SPRF-BA;DEL01-BA;UOP02-DEL01-BA
592000;05/04/2024;sexta-feira;20:00:00;PR;277;12;PARANAGUA;Acessar a via sem observar a presença dos outros veículos;Colisão transversal;Com Vítimas Feridas;Plena Noite;Decrescente;Chuva;Dupla;"Interseção de Vias;Retorno Regulamentado";Sim;5;0;1;1;2;3;2;6;-25,568198;-48,615292;SPRF-PR;DEL01-PR;UOP05-DEL01-PR
592007;05/04/2024;sexta-feira;16:00:00;RS;285;151,5;MUITOS CAPOES;Acostamento em desnível;Tombamento;Com Vítimas Feridas;Pleno dia;Decrescente;Nublado;Simples;"Declive;Em Obras;Curva";Não;2;0;1;0;0;1;1;2;-28,34070421;-51,15313768;SPRF-RS;DEL05-RS;UOP03-DEL05-RS
592010;05/04/2024;sexta-feira;16:20:00;RJ;116;28;SAPUCAIA;Velocidade Incompatível;Tombamento;Com Vítimas Feridas;Pleno dia;Decrescente;Sol;Simples;Curva;Não;2;0;1;0;0;1;1;2;-22,06401861;-42,79492861;SPRF-RJ;DEL05-RJ;UOP01-DEL05-RJ
592015;05/04/2024;sexta-feira;21:05:00;SP;153;49,9;SAO JOSE DO RIO PRETO;Acessar a via sem observar a presença dos outros veículos;Colisão transversal;Com Vítimas Fatais;Plena Noite;Crescente;Céu Claro;Simples;Reta;Não;7;1;0;1;1;5;1;5;-20,708187;-49,339137;SPRF-SP;DEL09-SP;UOP01-DEL09-SP
592021;05/04/2024;sexta-feira;19:50:00;SC;282;535,9;CHAPECO;Ingestão de álcool pelo condutor;Colisão transversal;Sem Vítimas;Plena Noite;Decrescente;Céu Claro;Simples;Interseção de Vias;Não;3;0;0;0;2;1;0;3;-27,00090509;-52,65087247;SPRF-SC;DEL07-SC;UOP01-DEL07-SC
592039;05/04/2024;sexta-feira;21:45:00;MG;153;158;COMENDADOR GOMES;Demais falhas mecânicas ou elétricas;Incêndio;Sem Vítimas;Plena Noite;Decrescente;Céu Claro;Simples;Reta;Não;2;0;0;0;1;1;0;2;-19,64088879;-48,96764236;SPRF-MG;DEL13-MG;UOP02-DEL13-MG
592040;05/04/2024;sexta-feira;23:15:00;SP;116;101,5;PINDAMONHANGABA;Ausência de reação do condutor;Colisão traseira;Com Vítimas Feridas;Plena Noite;Decrescente;Céu Claro;Dupla;"Aclive;Reta";Não;3;0;1;0;2;0;1;3;-22,99473592;-45,48903205;SPRF-SP;DEL08-SP;UOP01-DEL08-SP
592044;05/04/2024;sexta-feira;18:10:00;SC;280;102,4;SAO BENTO DO SUL;Pista Escorregadia;Colisão frontal;Com Vítimas Feridas;Plena Noite;Decrescente;Chuva;Simples;"Declive;Curva";Não;6;0;3;1;1;1;4;3;-26,36381888;-49,34016753;SPRF-SC;DEL06-SC;UOP03-DEL06-SC
592045;05/04/2024;sexta-feira;23:30:00;SP;381;1,6;VARGEM;Estacionar ou parar em local proibido;Engavetamento;Com Vítimas Feridas;Plena Noite;Crescente;Céu Claro;Múltipla;Reta;Não;4;0;1;0;3;0;1;4;-22,88146043;-46,38105397;SPRF-SP;DEL03-SP;UOP02-DEL03-SP
592047;06/04/2024;sábado;00:07:00;SP;381;71;SAO PAULO;Manobra de mudança de faixa;Colisão traseira;Com Vítimas Feridas;Plena Noite;Decrescente;Céu Claro;Múltipla;"Reta;Aclive";Não;2;0;0;1;1;0;1;2;-23,35761806;-46,54970281;SPRF-SP;DEL03-SP;UOP01-DEL03-SP
592056;05/04/2024;sexta-feira;15:00:00;BA;116;425,5;FEIRA DE SANTANA;Modificação proibida;Colisão traseira;Sem Vítimas;Pleno dia;Crescente;Céu Claro;Dupla;Reta;Sim;4;0;0;0;3;1;0;3;-12,23736613;-38,97999588;SPRF-BA;DEL02-BA;UOP01-DEL02-BA
592058;06/04/2024;sábado;02:15:00;BA;116;814,6;VITORIA DA CONQUISTA;Condutor deixou de manter distância do veículo da frente;Colisão traseira;Com Vítimas Fatais;Plena Noite;Decrescente;Nublado;Simples;Reta;Sim;2;1;0;0;0;1;0;2;-14,8121466;-40,7973124;SPRF-BA;DEL08-BA;UOP01-DEL08-BA
592060;06/04/2024;sábado;02:50:00;ES;101;453;MIMOSO DO SUL;Reação tardia ou ineficiente do condutor;Saída de leito carroçável;Sem Vítimas;Plena Noite;Crescente;Céu Claro;Simples;Reta;Não;3;0;0;0;2;1;0;3;-21,16576582;-41,28618246;SPRF-ES;DEL03-ES;UOP02-DEL03-ES
592062;06/04/2024;sábado;04:40:00;CE;116;37;HORIZONTE;Ausência de reação do condutor;Colisão traseira;Com Vítimas Fatais;Amanhecer;Crescente;Céu Claro;Dupla;Reta;Não;2;1;0;0;1;0;0;2;-4,07003597;-38,50180289;SPRF-CE;DEL01-CE;UOP02-DEL01-CE
592065;06/04/2024;sábado;03:00:00;MG;354;734,6;POUSO ALTO;Ingestão de álcool pelo condutor;Tombamento;Com Vítimas Feridas;Plena Noite;Decrescente;Nublado;Simples;Curva;Não;2;0;1;0;0;1;1;2;-22,18823192;-44,97635454;SPRF-MG;DEL17-MG;UOP01-DEL17-MG
592069;06/04/2024;sábado;05:50:00;MG;50;173;UBERABA;Velocidade Incompatível;Colisão traseira;Com Vítimas Feridas;Pleno dia;Decrescente;Céu Claro;Dupla;Reta;Sim;3;0;0;1;1;1;1;3;-19,7624352;-47,97701547;SPRF-MG;DEL13-MG;UOP01-DEL13-MG
592078;06/04/2024;sábado;06:30:00;RJ;116;82;TERESOPOLIS;Reação tardia ou ineficiente do condutor;Colisão lateral sentido oposto;Sem Vítimas;Amanhecer;Crescente;Nublado;Simples;"Curva;Declive";Sim;3;0;0;0;2;1;0;3;-22,4065491;-42,95136745;SPRF-RJ;DEL04-RJ;UOP01-DEL04-RJ
592080;06/04/2024;sábado;04:35:00;SC;101;106,7;PENHA;Condutor Dormindo;Colisão traseira;Com Vítimas Feridas;Plena Noite;Crescente;Nublado;Dupla;Reta;Sim;3;0;1;0;1;1;1;3;-26,81031601;-48,68293896;SPRF-SC;DEL03-SC;UOP02-DEL03-SC
592081;06/04/2024;sábado;04:22:00;RJ;116;110;GUAPIMIRIM;Transitar na contramão;Colisão frontal;Com Vítimas Feridas;Plena Noite;Crescente;Céu Claro;Dupla;Viaduto;Não;3;0;0;1;1;1;1;3;-22,54638983;-42,98950195;SPRF-RJ;DEL04-RJ;UOP02-DEL04-RJ
592087;05/04/2024;sexta-feira;21:15:00;PA;163;460;ITAITUBA;Transitar na contramão;Colisão lateral sentido oposto;Com Vítimas Fatais;Plena Noite;Decrescente;Garoa/Chuvisco;Simples;Reta;Não;7;2;0;3;1;4;3;6;-5,82357457;-55,72387934;SPRF-PA;DEL05-PA;UOP02-DEL05-PA
592090;06/04/2024;sábado;00:17:00;RS;392;150;CANGUCU;Velocidade Incompatível;Tombamento;Com Vítimas Feridas;Plena Noite;Decrescente;Céu Claro;Simples;"Declive;Curva";Não;2;0;1;0;0;1;1;2;-31,17109734;-52,85195231;SPRF-RS;DEL07-RS;UOP01-DEL07-RS
592099;06/04/2024;sábado;05:39:00;BA;242;351;LENCOIS;Reação tardia ou ineficiente do condutor;Tombamento;Com Vítimas Feridas;Amanhecer;Decrescente;Chuva;Simples;"Declive;Curva";Não;2;0;1;0;0;1;1;2;-12,49243908;-41,3280788;SPRF-BA;DEL06-BA;UOP01-DEL06-BA
592103;05/04/2024;sexta-feira;11:10:00;BA;116;445,6;ANTONIO CARDOSO;Pedestre andava na pista;Atropelamento de Pedestre;Com Vítimas Feridas;Pleno dia;Crescente;Nublado;Dupla;"Reta;Declive";Não;3;0;0;1;1;1;1;3;-12,35209048;-39,09361256;SPRF-BA;DEL02-BA;UOP01-DEL02-BA
592104;06/04/2024;sábado;05:40:00;BA;116;468;SANTO ESTEVAO;Condutor Dormindo;Saída de leito carroçável;Sem Vítimas;Amanhecer;Decrescente;Céu Claro;Dupla;Reta;Não;1;0;0;0;1;0;0;1;-12,46032128;-39,27031486;SPRF-BA;DEL02-BA;UOP01-DEL02-BA
592107;05/04/2024;sexta-feira;16:00:00;PA;316;115;SANTA MARIA DO PARA;Ultrapassagem Indevida;Colisão traseira;Com Vítimas Feridas;Pleno dia;Decrescente;Nublado;Simples;"Aclive;Reta";Não;6;0;2;1;2;1;3;3;-1,31441706;-47,47771498;SPRF-PA;DEL01-PA;UOP02-DEL01-PA
592111;06/04/2024;sábado;08:10:00;MG;153;242,5;FRONTEIRA;Reação tardia ou ineficiente do condutor;Colisão lateral sentido oposto;Sem Vítimas;Pleno dia;Crescente;Sol;Simples;Reta;Não;3;0;0;0;1;3;0;4;-20,27227;-49,18708;SPRF-MG;DEL13-MG;UOP02-DEL13-MG
592128;06/04/2024;sábado;06:40:00;DF;70;0;BRASILIA;Reação tardia ou ineficiente do condutor;Colisão lateral mesmo sentido;Sem Vítimas;Pleno dia;Crescente;Céu Claro;Dupla;"Aclive;Reta";Sim;3;0;0;0;3;0;0;2;-15,792352;-48,054509;SPRF-DF;DEL03-DF;UOP02-DEL03-DF
592129;06/04/2024;sábado;10:50:00;SE;235;1;ARACAJU;Estacionar ou parar em local proibido;Colisão com objeto;Com Vítimas Feridas;Pleno dia;Crescente;Céu Claro;Dupla;Declive;Não;2;0;1;0;1;0;1;2;-10,9073;-37,0947;SPRF-SE;DEL01-SE;UOP01-DEL01-SE
592132;31/01/2024;quarta-feira;17:05:00;PR;116;125;FAZENDA RIO GRANDE;Semáforo com defeito;Colisão traseira;Com Vítimas Feridas;Pleno dia;Crescente;Garoa/Chuvisco;Múltipla;"Interseção de Vias;Reta";Sim;3;0;1;0;2;0;1;3;-25,59505309;-49,31630659;SPRF-PR;DEL01-PR;UOP03-DEL01-PR
592136;06/04/2024;sábado;11:30:00;SC;101;204,5;SAO JOSE;Demais falhas mecânicas ou elétricas;Colisão traseira;Com Vítimas Feridas;Pleno dia;Crescente;Sol;Múltipla;Reta;Sim;6;0;1;0;5;0;1;6;-27,57774109;-48,61350954;SPRF-SC;DEL01-SC;UOP01-DEL01-SC
592145;06/04/2024;sábado;12:40:00;PR;376;132;NOVA ESPERANCA;Avarias e/ou desgaste excessivo no pneu;Colisão lateral mesmo sentido;Com Vítimas Feridas;Pleno dia;Crescente;Céu Claro;Dupla;"Aclive;Reta";Não;3;0;1;0;1;2;1;4;-23,18188595;-52,21612797;SPRF-PR;DEL09-PR;UOP02-DEL09-PR
592146;06/04/2024;sábado;11:53:00;RS;158;265;JULIO DE CASTILHOS;Acessar a via sem observar a presença dos outros veículos;Colisão frontal;Com Vítimas Feridas;Pleno dia;Crescente;Céu Claro;Simples;Reta;Não;7;0;2;2;2;6;4;10;-29,24724883;-53,66513371;SPRF-RS;DEL09-RS;UOP01-DEL09-RS
592150;03/04/2024;quarta-feira;07:00:00;MG;381;652;SANTO ANTONIO DO AMPARO;Ausência de reação do condutor;Tombamento;Com Vítimas Feridas;Amanhecer;Decrescente;Céu Claro;Dupla;Curva;Não;1;0;1;0;0;0;1;1;-20,98384831;-44,94479972;SPRF-MG;DEL04-MG;UOP02-DEL04-MG
592156;06/04/2024;sábado;11:20:00;MT;70;508;CUIABA;Ausência de reação do condutor;Colisão traseira;Com Vítimas Feridas;Pleno dia;Crescente;Céu Claro;Simples;Reta;Sim;3;0;1;0;2;0;1;2;-15,6538904;-55,98982818;SPRF-MT;DEL01-MT;UOP02-DEL01-MT
592158;06/04/2024;sábado;07:00:00;RO;364;596;ITAPUA DO OESTE;Reação tardia ou ineficiente do condutor;Tombamento;Sem Vítimas;Pleno dia;Decrescente;Céu Claro;Simples;Reta;Não;2;0;0;0;1;3;0;4;-9,25742194;-63,16233977;SPRF-RO;DEL01-RO;UOP04-DEL01-RO
592161;06/04/2024;sábado;11:00:00;MT;163;724;SORRISO;Problema com o freio;Incêndio;Sem Vítimas;Pleno dia;Decrescente;Sol;Simples;Reta;Não;2;0;0;0;1;2;0;3;-12,72664942;-55,82981586;SPRF-MT;DEL06-MT;UOP01-DEL06-MT
592162;06/04/2024;sábado;13:30:00;GO;158;157;CAIAPONIA;Acessar a via sem observar a presença dos outros veículos;Colisão transversal;Com Vítimas Feridas;Pleno dia;Decrescente;Céu Claro;Simples;Rotatória;Sim;3;0;1;0;1;2;1;4;-16,956467;-51,82909;SPRF-GO;DEL05-GO;UOP01-DEL05-GO
592163;06/04/2024;sábado;09:10:00;MT;364;354;SANTO ANTONIO DO LEVERGER;Manobra de mudança de faixa;Colisão lateral mesmo sentido;Com Vítimas Feridas;Pleno dia;Decrescente;Céu Claro;Dupla;Reta;Não;2;0;1;0;0;1;1;2;-15,79674629;-55,59138;SPRF-MT;DEL05-MT;UOP02-DEL05-MT
592177;06/04/2024;sábado;11:40:00;BA;101;85;ALAGOINHAS;Ultrapassagem Indevida;Colisão lateral mesmo sentido;Com Vítimas Feridas;Pleno dia;Crescente;Chuva;Simples;Reta;Não;5;0;3;0;1;1;3;2;-12,04992327;-38,30765953;SPRF-BA;DEL01-BA;UOP04-DEL01-BA
592178;06/04/2024;sábado;13:28:00;MG;40;212;JOAO PINHEIRO;Reação tardia ou ineficiente do condutor;Colisão frontal;Sem Vítimas;Pleno dia;Decrescente;Céu Claro;Simples;Reta;Não;3;0;0;0;2;1;0;3;-17,97329792;-45,71431712;SPRF-MG;DEL14-MG;UOP02-DEL14-MG
592180;06/04/2024;sábado;15:00:00;SC;470;90;ASCURRA;Ausência de reação do condutor;Colisão com objeto;Sem Vítimas;Pleno dia;Crescente;Nublado;Simples;"Aclive;Interseção de Vias;Reta";Não;1;0;0;0;1;0;0;1;-26,969337;-49,367718;SPRF-SC;DEL04-SC;UOP01-DEL04-SC
592183;06/04/2024;sábado;14:05:00;GO;60;425;RIO VERDE;Condutor deixou de manter distância do veículo da frente;Colisão traseira;Com Vítimas Feridas;Pleno dia;Decrescente;Céu Claro;Dupla;Reta;Não;3;0;1;0;2;0;1;2;-17,8145;-51,2842;SPRF-GO;DEL04-GO;UOP02-DEL04-GO
592187;26/03/2024;terça-feira;17:10:00;MS;267;122;NOVA ANDRADINA;Acostamento em desnível;Tombamento;Com Vítimas Feridas;Pleno dia;Decrescente;Céu Claro;Simples;Curva;Não;2;0;1;0;0;1;1;2;-21,75966546;-53,23416018;SPRF-MS;DEL02-MS;UOP03-DEL02-MS
592192;06/04/2024;sábado;17:00:00;RS;386;435;NOVA SANTA RITA;Acessar a via sem observar a presença dos outros veículos;Colisão transversal;Com Vítimas Feridas;Pleno dia;Crescente;Céu Claro;Dupla;"Rotatória;Interseção de Vias;Curva";Sim;3;0;0;1;1;1;1;3;-29,84773231;-51,27097785;SPRF-RS;DEL04-RS;UOP02-DEL04-RS
592199;06/04/2024;sábado;17:30:00;GO;60;390;RIO VERDE;Reação tardia ou ineficiente do condutor;Colisão traseira;Com Vítimas Feridas;Pleno dia;Decrescente;Nublado;Dupla;"Aclive;Reta";Sim;3;0;0;1;1;3;1;5;-17,823;-50,9515;SPRF-GO;DEL04-GO;UOP02-DEL04-GO
592201;06/04/2024;sábado;14:50:00;MA;10;319,9;ACAILANDIA;Transitar na contramão;Colisão transversal;Sem Vítimas;Pleno dia;Crescente;Céu Claro;Simples;Reta;Sim;3;0;0;0;2;2;0;4;-4,960145;-47,507481;SPRF-MA;DEL04-MA;UOP03-DEL04-MA
592203;06/04/2024;sábado;17:25:00;SP;116;155;SAO JOSE DOS CAMPOS;Reação tardia ou ineficiente do condutor;Colisão transversal;Com Vítimas Feridas;Pleno dia;Crescente;Céu Claro;Dupla;Reta;Não;9;0;5;0;3;1;5;4;-23,24524337;-45,92772774;SPRF-SP;DEL02-SP;UOP01-DEL02-SP
592209;08/03/2024;sexta-feira;15:52:00;MT;364;474;JANGADA;Frear bruscamente;Colisão traseira;Com Vítimas Feridas;Pleno dia;Decrescente;Sol;Simples;"Ponte;Reta;Declive";Não;6;0;2;0;3;1;2;3;-15,43256174;-56,33922156;SPRF-MT;DEL01-MT;UOP02-DEL01-MT
592215;06/04/2024;sábado;17:05:00;GO;364;12;SAO SIMAO;Ultrapassagem Indevida;Colisão lateral mesmo sentido;Com Vítimas Feridas;Anoitecer;Decrescente;Céu Claro;Simples;Reta;Não;3;0;1;0;1;2;1;4;-18,980635;-50,589607;SPRF-GO;DEL05-GO;UOP02-DEL05-GO
592217;06/04/2024;sábado;18:15:00;PR;376;189;MARIALVA;Acessar a via sem observar a presença dos outros veículos;Colisão lateral mesmo sentido;Com Vítimas Feridas;Anoitecer;Decrescente;Céu Claro;Dupla;Interseção de Vias;Sim;4;0;1;0;2;1;1;4;-23,46940327;-51,822837;SPRF-PR;DEL09-PR;UOP01-DEL09-PR
592236;06/04/2024;sábado;07:20:00;SC;470;126,6;RIO DO SUL;Desrespeitar a preferência no cruzamento;Colisão transversal;Com Vítimas Feridas;Pleno dia;Decrescente;Céu Claro;Simples;Interseção de Vias;Não;2;0;1;0;1;0;1;2;-27,129;-49,538277;SPRF-SC;DEL04-SC;UOP02-DEL04-SC
592238;06/04/2024;sábado;19:30:00;AL;316;215;ATALAIA;Velocidade Incompatível;Tombamento;Com Vítimas Fatais;Plena Noite;Crescente;Céu Claro;Simples;Reta;Não;2;1;0;0;0;1;0;2;-9,50959089;-36,22084314;SPRF-AL;DEL01-AL;UOP01-DEL01-AL
592240;06/04/2024;sábado;18:20:00;MT;70;396;CAMPO VERDE;Acessar a via sem observar a presença dos outros veículos;Colisão lateral sentido oposto;Com Vítimas Feridas;Plena Noite;Crescente;Nublado;Simples;Curva;Não;5;0;1;0;3;2;1;6;-15,62645607;-55,19726481;SPRF-MT;DEL05-MT;UOP02-DEL05-MT
592243;06/04/2024;sábado;18:30:00;MT;364;403,5;CUIABA;Manobra de mudança de faixa;Colisão lateral mesmo sentido;Sem Vítimas;Anoitecer;Crescente;Céu Claro;Dupla;"Rotatória;Reta";Sim;3;0;0;0;3;0;0;3;-15,64525772;-56,01108313;SPRF-MT;DEL01-MT;UOP02-DEL01-MT
592247;06/04/2024;sábado;18:30:00;GO;153;123;ESTRELA DO NORTE;Ausência de reação do condutor;Colisão lateral mesmo sentido;Com Vítimas Feridas;Plena Noite;Decrescente;Nublado;Simples;Declive;Não;5;0;2;0;3;0;2;2;-13,849256;-49,047703;SPRF-GO;DEL07-GO;UOP01-DEL07-GO
592258;06/04/2024;sábado;18:40:00;SC;470;239;SAO CRISTOVAO DO SUL;Ausência de sinalização;Saída de leito carroçável;Com Vítimas Feridas;Anoitecer;Decrescente;Nublado;Simples;Curva;Não;7;0;2;1;3;1;3;3;-27,305603;-50,47327;SPRF-SC;DEL05-SC;UOP03-DEL05-SC
592260;06/04/2024;sábado;19:30:00;PR;153;389;MALLET;Ausência de reação do condutor;Colisão lateral sentido oposto;Com Vítimas Feridas;Plena Noite;Crescente;Céu Claro;Simples;Reta;Sim;3;0;0;1;1;1;1;3;-25,88571555;-50,83799535;SPRF-PR;DEL08-PR;UOP02-DEL08-PR
592274;06/04/2024;sábado;18:40:00;RO;364;424;JARU;Acessar a via sem observar a presença dos outros veículos;Colisão lateral mesmo sentido;Com Vítimas Feridas;Anoitecer;Decrescente;Nublado;Simples;"Reta;Retorno Regulamentado";Sim;3;0;1;0;1;3;1;5;-10,44457274;-62,46568412;SPRF-RO;DEL03-RO;UOP02-DEL03-RO
592275;06/04/2024;sábado;18:10:00;MT;158;623,4;AGUA BOA;Falta de acostamento;Saída de leito carroçável;Sem Vítimas;Anoitecer;Crescente;Céu Claro;Simples;Reta;Não;2;0;0;0;1;3;0;4;-14,4766339;-52,2771232;SPRF-MT;DEL07-MT;UOP02-DEL07-MT
592277;06/04/2024;sábado;20:30:00;MG;153;196,7;FRUTAL;Acessar a via sem observar a presença dos outros veículos;Colisão transversal;Sem Vítimas;Plena Noite;Decrescente;Céu Claro;Simples;Interseção de Vias;Não;3;0;0;0;2;1;0;3;-19,97316232;-49,00353077;SPRF-MG;DEL13-MG;UOP02-DEL13-MG