id;data_inversa;dia_semana;horario;uf;br;km;municipio;causa_acidente;tipo_acidente;classificacao_acidente;fase_dia;sentido_via;condicao_metereologica;tipo_pista;tracado_via;uso_solo;pessoas;mortos;feridos_leves;feridos_graves;ilesos;ignorados;feridos;veiculos;latitude;longitude;regional;delegacia;uop
592307;06/04/2024;sábado;21:20:00;SE;101;81;LARANJEIRAS;Ingestão de álcool pelo condutor;Colisão com objeto;Sem Vítimas;Plena Noite;Crescente;Nublado;Dupla;"Aclive;Reta";Não;4;0;0;0;3;1;0;3;-10,809359;-37,140075;SPRF-SE;DEL01-SE;UOP01-DEL01-SE
592327;07/04/2024;domingo;02:50:00;RJ;116;186;NOVA IGUACU;Reação tardia ou ineficiente do condutor;Colisão traseira;Com Vítimas Feridas;Plena Noite;Decrescente;Céu Claro;Dupla;Reta;Sim;3;0;0;1;1;1;1;3;-22,73962339;-43,46276495;SPRF-RJ;DEL06-RJ;UOP01-DEL06-RJ
592333;07/04/2024;domingo;03:00:00;MG;50;86;UBERLANDIA;Condutor Dormindo;Colisão traseira;Com Vítimas Feridas;Plena Noite;Crescente;Céu Claro;Dupla;Reta;Não;5;0;2;0;2;1;2;3;-19,0137791;-48,2072524;SPRF-MG;DEL15-MG;UOP01-DEL15-MG
592340;06/04/2024;sábado;23:30:00;MA;316;339;BACABAL;Reação tardia ou ineficiente do condutor;Colisão traseira;Com Vítimas Fatais;Plena Noite;Crescente;Ignorado;Simples;Reta;Não;3;1;0;0;1;1;0;3;-4,177123;-44,956398;SPRF-MA;DEL02-MA;UOP01-DEL02-MA
592343;07/04/2024;domingo;05:05:00;MG;262;195;JOAO MONLEVADE;Ausência de reação do condutor;Colisão frontal;Com Vítimas Feridas;Amanhecer;Decrescente;Céu Claro;Simples;Curva;Não;6;0;5;0;1;0;5;2;-19,86097658;-43,10750503;SPRF-MG;DEL03-MG;UOP01-DEL03-MG
592350;06/04/2024;sábado;14:30:00;BA;324;517;FEIRA DE SANTANA;Acessar a via sem observar a presença dos outros veículos;Colisão transversal;Com Vítimas Feridas;Pleno dia;Decrescente;Céu Claro;Simples;Reta;Sim;3;0;0;1;1;1;1;3;-12,24953308;-38,93362525;SPRF-BA;DEL02-BA;UOP01-DEL02-BA
592358;07/04/2024;domingo;06:40:00;MG;40;652,4;CRISTIANO OTONI;Reação tardia ou ineficiente do condutor;Saída de leito carroçável;Com Vítimas Feridas;Amanhecer;Decrescente;Céu Claro;Simples;Reta;Não;4;0;1;0;2;1;1;3;-20,847964;-43,798367;SPRF-MG;DEL05-MG;UOP02-DEL05-MG
592371;07/04/2024;domingo;06:58:00;MS;163;490;CAMPO GRANDE;Pedestre cruzava a pista fora da faixa;Atropelamento de Pedestre;Com Vítimas Feridas;Pleno dia;Crescente;Céu Claro;Simples;"Aclive;Rotatória";Não;2;0;0;1;1;0;1;2;-20,40017983;-54,55539878;SPRF-MS;DEL01-MS;UOP02-DEL01-MS
592380;30/03/2024;sábado;20:45:00;PE;104;66;CARUARU;Acumulo de água sobre o pavimento;Colisão traseira;Com Vítimas Feridas;Plena Noite;Crescente;Chuva;Simples;Reta;Sim;3;0;1;0;2;0;1;2;-8,2937;-35,9864;SPRF-PE;DEL02-PE;UOP01-DEL02-PE
592383;07/04/2024;domingo;01:30:00;MT;163;1067;GUARANTA DO NORTE;Ausência de reação do condutor;Colisão transversal;Com Vítimas Feridas;Plena Noite;Crescente;Chuva;Simples;Reta;Não;3;0;2;0;0;1;2;3;-10,06966899;-54,90642513;SPRF-MT;DEL06-MT;UOP03-DEL06-MT
592384;02/03/2024;sábado;14:10:00;PA;163;104;ALTAMIRA;Reação tardia ou ineficiente do condutor;Tombamento;Com Vítimas Feridas;Pleno dia;Decrescente;Ignorado;Simples;"Aclive;Curva";Não;3;0;1;0;1;2;1;4;-8,728298;-54,979658;SPRF-PA;DEL05-PA;UOP02-DEL05-PA
592387;07/04/2024;domingo;09:00:00;PR;476;182;LAPA;Condutor Dormindo;Saída de leito carroçável;Com Vítimas Feridas;Pleno dia;Crescente;Nublado;Dupla;Curva;Não;2;0;1;0;0;1;1;2;-25,714262;-49,608009;SPRF-PR;DEL01-PR;UOP06-DEL01-PR
592396;07/04/2024;domingo;07:05:00;SC;282;537,7;CHAPECO;Velocidade Incompatível;Saída de leito carroçável;Com Vítimas Feridas;Pleno dia;Crescente;Chuva;Simples;"Aclive;Curva";Não;3;0;3;0;0;0;3;1;-26,99983;-52,667747;SPRF-SC;DEL07-SC;UOP01-DEL07-SC
592407;07/04/2024;domingo;11:45:00;MG;50;41;ARAGUARI;Ausência de reação do condutor;Colisão traseira;Com Vítimas Feridas;Pleno dia;Decrescente;Céu Claro;Dupla;"Retorno Regulamentado;Reta";Não;3;0;1;0;1;1;1;3;-18,682136;-48,17887197;SPRF-MG;DEL15-MG;UOP02-DEL15-MG
592419;07/04/2024;domingo;12:40:00;RS;158;186,8;CRUZ ALTA;Manobra de mudança de faixa;Saída de leito carroçável;Sem Vítimas;Pleno dia;Crescente;Chuva;Simples;Reta;Não;2;0;0;0;1;3;0;4;-28,5700499;-53,56567808;SPRF-RS;DEL10-RS;UOP02-DEL10-RS
592422;22/03/2024;sexta-feira;15:10:00;MG;116;397,9;GOVERNADOR VALADARES;Velocidade Incompatível;Tombamento;Com Vítimas Feridas;Pleno dia;Decrescente;Céu Claro;Simples;"Declive;Reta";Não;6;0;3;2;0;1;5;3;-18,74640854;-41,98322296;SPRF-MG;DEL06-MG;UOP01-DEL06-MG
592431;07/04/2024;domingo;15:00:00;ES;101;277,8;SERRA;Ausência de reação do condutor;Saída de leito carroçável;Com Vítimas Feridas;Pleno dia;Crescente;Céu Claro;Dupla;Reta;Sim;1;0;0;1;0;0;1;1;-20,21307738;-40,32125972;SPRF-ES;DEL02-ES;UOP01-DEL02-ES
592432;07/04/2024;domingo;14:28:00;PE;423;23;SAO CAITANO;Ingestão de álcool pelo condutor;Colisão frontal;Sem Vítimas;Pleno dia;Crescente;Sol;Simples;Reta;Não;4;0;0;0;2;2;0;4;-8,36143802;-36,17217263;SPRF-PE;DEL03-PE;UOP02-DEL03-PE
592434;07/04/2024;domingo;14:50:00;PE;101;70,3;RECIFE;Manobra de mudança de faixa;Colisão lateral mesmo sentido;Com Vítimas Feridas;Pleno dia;Crescente;Sol;Dupla;Reta;Sim;5;0;1;2;0;2;3;3;-8,067135;-34,943237;SPRF-PE;DEL01-PE;UOP01-DEL01-PE
592450;07/04/2024;domingo;16:25:00;MG;262;790,5;UBERABA;Demais falhas mecânicas ou elétricas;Tombamento;Com Vítimas Feridas;Pleno dia;Crescente;Céu Claro;Simples;"Declive;Reta";Não;7;0;2;0;3;3;2;6;-19,75979936;-47,79518088;SPRF-MG;DEL13-MG;UOP01-DEL13-MG
592455;07/04/2024;domingo;17:00:00;MG;116;724,5;LARANJAL;Conversão proibida;Colisão traseira;Com Vítimas Feridas;Pleno dia;Decrescente;Sol;Simples;"Ponte;Curva";Não;2;0;1;0;1;0;1;2;-21,27996569;-42,41644892;SPRF-MG;DEL07-MG;UOP02-DEL07-MG
592468;07/04/2024;domingo;14:00:00;AC;364;118;RIO BRANCO;Transitar na contramão;Colisão lateral sentido oposto;Com Vítimas Feridas;Pleno dia;Crescente;Céu Claro;Dupla;Reta;Sim;3;0;0;1;1;3;1;5;-10,01262298;-67,737275;SPRF-AC;DEL01-AC;UOP01-DEL01-AC
592471;07/04/2024;domingo;16:30:00;BA;116;672;JEQUIE;Desrespeitar a preferência no cruzamento;Colisão transversal;Com Vítimas Feridas;Pleno dia;Crescente;Céu Claro;Simples;Reta;Sim;3;0;1;0;1;1;1;3;-13,79970305;-40,11130458;SPRF-BA;DEL03-BA;UOP01-DEL03-BA
592473;07/04/2024;domingo;17:10:00;MT;70;520;VARZEA GRANDE;Transitar na contramão;Colisão frontal;Com Vítimas Fatais;Pleno dia;Decrescente;Céu Claro;Simples;Reta;Sim;4;1;0;1;1;3;1;5;-15,6700583;-56,1803008;SPRF-MT;DEL01-MT;UOP02-DEL01-MT
592475;07/04/2024;domingo;16:25:00;GO;153;193;URUACU;Ingestão de álcool pelo condutor;Colisão lateral sentido oposto;Com Vítimas Feridas;Pleno dia;Crescente;Chuva;Simples;Declive;Não;10;0;3;0;7;0;3;3;-14,454575;-49,156357;SPRF-GO;DEL07-GO;UOP02-DEL07-GO
592481;07/04/2024;domingo;16:40:00;MG;262;587,5;CAMPOS ALTOS;Velocidade Incompatível;Tombamento;Com Vítimas Feridas;Pleno dia;Crescente;Céu Claro;Simples;"Declive;Curva";Não;2;0;2;0;0;0;2;2;-19,6581073;-46,12884521;SPRF-MG;DEL08-MG;UOP02-DEL08-MG
592493;07/04/2024;domingo;18:36:00;BA;101;185;SAO GONCALO DOS CAMPOS;Acessar a via sem observar a presença dos outros veículos;Colisão transversal;Com Vítimas Fatais;Plena Noite;Crescente;Chuva;Simples;"Aclive;Interseção de Vias";Não;4;2;0;0;1;1;0;3;-12,465785;-38,93519282;SPRF-BA;DEL01-BA;UOP03-DEL01-BA
592494;07/04/2024;domingo;14:20:00;PR;163;250;TOLEDO;Velocidade Incompatível;Colisão traseira;Com Vítimas Feridas;Pleno dia;Crescente;Chuva;Dupla;Reta;Não;3;0;2;0;1;0;2;2;-24,68264394;-53,779494;SPRF-PR;DEL06-PR;UOP02-DEL06-PR
592501;07/04/2024;domingo;14:30:00;SE;235;39;AREIA BRANCA;Frear bruscamente;Saída de leito carroçável;Com Vítimas Feridas;Pleno dia;Crescente;Nublado;Simples;Reta;Não;1;0;1;0;0;0;1;1;-10,76957505;-37,35652506;SPRF-SE;DEL01-SE;UOP02-DEL01-SE
592502;07/04/2024;domingo;20:10:00;PB;101;84;BAYEUX;Manobra de mudança de faixa;Colisão lateral mesmo sentido;Sem Vítimas;Plena Noite;Crescente;Céu Claro;Dupla;Reta;Sim;2;0;0;0;2;0;0;2;-7,13957906;-34,92312806;SPRF-PB;DEL01-PB;UOP01-DEL01-PB
592503;07/04/2024;domingo;11:55:00;SC;282;421;VARGEM BONITA;Reação tardia ou ineficiente do condutor;Colisão traseira;Com Vítimas Feridas;Pleno dia;Crescente;Chuva;Simples;"Declive;Curva";Não;4;0;2;0;1;1;2;3;-27,006414;-51,737789;SPRF-SC;DEL07-SC;UOP05-DEL07-SC
592505;07/04/2024;domingo;13:21:00;SC;282;387,2;JOACABA;Velocidade Incompatível;Colisão frontal;Com Vítimas Fatais;Pleno dia;Decrescente;Chuva;Simples;Reta;Sim;3;2;1;0;0;0;1;2;-27,18336178;-51,51990294;SPRF-SC;DEL07-SC;UOP05-DEL07-SC
592511;07/04/2024;domingo;19:06:00;PE;316;23;ARARIPINA;Transitar na contramão;Colisão frontal;Com Vítimas Feridas;Plena Noite;Decrescente;Céu Claro;Simples;Declive;Sim;4;0;3;0;1;0;3;2;-7,58229315;-40,50694911;SPRF-PE;DEL05-PE;UOP02-DEL05-PE
592517;03/04/2024;quarta-feira;05:00:00;RJ;101;300;SAO GONCALO;Ausência de reação do condutor;Colisão traseira;Sem Vítimas;Pleno dia;Crescente;Céu Claro;Múltipla;"Aclive;Reta";Não;2;0;0;0;2;0;0;2;-22,77645713;-42,94783697;SPRF-RJ;DEL02-RJ;UOP02-DEL02-RJ
592519;07/04/2024;domingo;20:20:00;BA;407;100,8;JAGUARARI;Transitar na contramão;Colisão frontal;Com Vítimas Feridas;Plena Noite;Decrescente;Céu Claro;Simples;Reta;Não;2;0;0;1;1;0;1;2;-10,24363321;-40,19909237;SPRF-BA;DEL04-BA;UOP01-DEL04-BA
592530;07/04/2024;domingo;19:15:00;MS;262;103;AGUA CLARA;Ingestão de álcool pelo condutor;Saída de leito carroçável;Sem Vítimas;Plena Noite;Crescente;Chuva;Simples;Reta;Não;2;0;0;0;2;0;0;1;-20,55854169;-52,52033986;SPRF-MS;DEL07-MS;UOP02-DEL07-MS
592532;07/04/2024;domingo;19:05:00;MG;381;222,2;BELO ORIENTE;Acessar a via sem observar a presença dos outros veículos;Colisão traseira;Com Vítimas Feridas;Plena Noite;Crescente;Céu Claro;Simples;Reta;Não;7;0;1;0;5;1;1;4;-19,28410685;-42,35674739;SPRF-MG;DEL06-MG;UOP01-DEL06-MG
592534;07/04/2024;domingo;21:45:00;MS;158;92;PARANAIBA;Reação tardia ou ineficiente do condutor;Saída de leito carroçável;Com Vítimas Feridas;Plena Noite;Crescente;Chuva;Dupla;Reta;Não;2;0;1;0;0;1;1;2;-19,66558599;-51,20420823;SPRF-MS;DEL08-MS;UOP01-DEL08-MS
592543;07/04/2024;domingo;22:10:00;MT;163;838;SINOP;Ingestão de álcool pelo condutor;Colisão com objeto;Sem Vítimas;Plena Noite;Crescente;Céu Claro;Simples;Reta;Sim;2;0;0;0;2;0;0;2;-11,83532237;-55,48846906;SPRF-MT;DEL06-MT;UOP02-DEL06-MT
592544;07/04/2024;domingo;22:40:00;PA;316;106;SANTA MARIA DO PARA;Ingestão de álcool pelo condutor;Colisão lateral sentido oposto;Sem Vítimas;Plena Noite;Crescente;Céu Claro;Simples;Reta;Sim;2;0;0;0;2;0;0;2;-1,34101996;-47,55122901;SPRF-PA;DEL01-PA;UOP02-DEL01-PA
592555;08/04/2024;segunda-feira;00:50:00;MG;50;81;UBERLANDIA;Reação tardia ou ineficiente do condutor;Colisão com objeto;Sem Vítimas;Plena Noite;Crescente;Céu Claro;Simples;Interseção de Vias;Não;2;0;0;0;1;1;0;2;-18,9697699;-48,21500117;SPRF-MG;DEL15-MG;UOP01-DEL15-MG
592562;08/04/2024;segunda-feira;03:05:00;CE;116;128,9;RUSSAS;Pista esburacada;Tombamento;Com Vítimas Feridas;Plena Noite;Decrescente;Nublado;Simples;Reta;Não;1;0;1;0;0;0;1;1;-4,67991963;-38,12722972;SPRF-CE;DEL03-CE;UOP01-DEL03-CE
592564;08/04/2024;segunda-feira;00:30:00;BA;242;527;OLIVEIRA DOS BREJINHOS;Ausência de reação do condutor;Tombamento;Com Vítimas Feridas;Pleno dia;Crescente;Céu Claro;Simples;Reta;Não;3;0;2;0;0;2;2;3;-12,15547222;-42,86109924;SPRF-BA;DEL06-BA;UOP01-DEL06-BA
592569;08/04/2024;segunda-feira;06:56:00;SE;101;60;ROSARIO DO CATETE;Ausência de reação do condutor;Queda de ocupante de veículo;Com Vítimas Feridas;Pleno dia;Crescente;Céu Claro;Simples;"Reta;Em Obras";Não;4;0;3;0;1;0;3;3;-10,66837498;-37,02884995;SPRF-SE;DEL02-SE;UOP02-DEL02-SE
592574;08/04/2024;segunda-feira;06:30:00;RJ;116;336;RESENDE;Reação tardia ou ineficiente do condutor;Colisão lateral mesmo sentido;Com Vítimas Fatais;Amanhecer;Crescente;Céu Claro;Dupla;Reta;Não;2;1;0;0;0;1;0;2;-22,49610291;-44,66027211;SPRF-RJ;DEL07-RJ;UOP02-DEL07-RJ
592575;08/04/2024;segunda-feira;07:35:00;RS;101;80;OSORIO;Acessar a via sem observar a presença dos outros veículos;Colisão traseira;Com Vítimas Feridas;Pleno dia;Crescente;Céu Claro;Dupla;"Rotatória;Reta";Não;5;0;1;0;2;2;1;4;-29,8263459;-50,2482636;SPRF-RS;DEL03-RS;UOP01-DEL03-RS
592576;08/04/2024;segunda-feira;05:45:00;SC;101;75;ARAQUARI;Suicídio (presumido);Atropelamento de Pedestre;Com Vítimas Fatais;Amanhecer;Crescente;Garoa/Chuvisco;Dupla;Curva;Não;2;1;0;0;1;0;0;2;-26,5519717;-48,71688324;SPRF-SC;DEL03-SC;UOP02-DEL03-SC
592578;08/04/2024;segunda-feira;06:40:00;BA;324;561;SAO SEBASTIAO DO PASSE;Acessar a via sem observar a presença dos outros veículos;Colisão transversal;Com Vítimas Feridas;Pleno dia;Crescente;Nublado;Dupla;"Interseção de Vias;Reta";Não;4;0;3;0;1;0;3;2;-12,509832;-38,630151;SPRF-BA;DEL01-BA;UOP01-DEL01-BA
592579;08/04/2024;segunda-feira;06:45:00;MG;381;337;NOVA ERA;Velocidade Incompatível;Colisão lateral sentido oposto;Com Vítimas Feridas;Pleno dia;Decrescente;Céu Claro;Simples;"Aclive;Curva";Não;2;0;1;0;1;0;1;2;-19,82388218;-43,08235792;SPRF-MG;DEL03-MG;UOP01-DEL03-MG
592582;08/04/2024;segunda-feira;06:25:00;RJ;101;308,9;SAO GONCALO;Animais na Pista;Engavetamento;Com Vítimas Feridas;Pleno dia;Crescente;Céu Claro;Dupla;Reta;Sim;5;0;1;0;3;1;1;5;-22,79309326;-43,02479595;SPRF-RJ;DEL02-RJ;UOP02-DEL02-RJ
592605;08/04/2024;segunda-feira;09:20:00;MG;153;74,7;MONTE ALEGRE DE MINAS;Ausência de reação do condutor;Saída de leito carroçável;Com Vítimas Feridas;Pleno dia;Decrescente;Céu Claro;Simples;"Aclive;Reta";Não;3;0;1;1;0;2;2;3;-19,01386516;-49,01652635;SPRF-MG;DEL15-MG;UOP03-DEL15-MG
592608;08/04/2024;segunda-feira;08:50:00;SC;280;139,8;RIO NEGRINHO;Pista Escorregadia;Saída de leito carroçável;Com Vítimas Feridas;Pleno dia;Crescente;Garoa/Chuvisco;Simples;"Declive;Curva";Não;2;0;0;1;0;2;1;3;-26,254826;-49,603124;SPRF-SC;DEL06-SC;UOP03-DEL06-SC
592609;08/04/2024;segunda-feira;09:30:00;CE;116;7;FORTALEZA;Condutor deixou de manter distância do veículo da frente;Colisão lateral mesmo sentido;Sem Vítimas;Pleno dia;Crescente;Nublado;Múltipla;Reta;Sim;3;0;0;0;3;0;0;2;-3,84394724;-38,49891546;SPRF-CE;DEL01-CE;UOP02-DEL01-CE
592613;08/04/2024;segunda-feira;09:40:00;SP;116;168,3;JACAREI;Pedestre cruzava a pista fora da faixa;Atropelamento de Pedestre;Com Vítimas Fatais;Pleno dia;Decrescente;Céu Claro;Dupla;Reta;Não;2;1;0;0;1;0;0;2;-23,30545902;-46,03567599;SPRF-SP;DEL02-SP;UOP01-DEL02-SP
592615;08/04/2024;segunda-feira;08:45:00;BA;116;791,8;PLANALTO;Reação tardia ou ineficiente do condutor;Saída de leito carroçável;Com Vítimas Fatais;Pleno dia;Decrescente;Céu Claro;Simples;Declive;Não;3;1;1;1;0;0;2;1;-14,68084044;-40,5238199;SPRF-BA;DEL08-BA;UOP02-DEL08-BA
592617;08/04/2024;segunda-feira;09:20:00;BA;116;26,6;VITORIA DA CONQUISTA;Condutor deixou de manter distância do veículo da frente;Colisão traseira;Com Vítimas Feridas;Pleno dia;Crescente;Céu Claro;Simples;"Reta;Aclive";Não;2;0;0;1;1;0;1;2;-14,83737432;-40,82051938;SPRF-BA;DEL08-BA;UOP01-DEL08-BA
592621;08/04/2024;segunda-feira;10:00:00;PR;369;405,9;JURANDA;Condutor deixou de manter distância do veículo da frente;Saída de leito carroçável;Com Vítimas Feridas;Pleno dia;Crescente;Nublado;Simples;Reta;Não;4;0;1;0;2;2;1;4;-24,40131;-52,81141;SPRF-PR;DEL04-PR;UOP03-DEL04-PR
592623;08/04/2024;segunda-feira;10:30:00;PR;277;133;CAMPO LARGO;Manobra de mudança de faixa;Colisão traseira;Sem Vítimas;Pleno dia;Crescente;Chuva;Múltipla;"Reta;Aclive";Não;3;0;0;0;3;0;0;2;-25,470716;-49,660235;SPRF-PR;DEL03-PR;UOP03-DEL03-PR
592635;08/04/2024;segunda-feira;08:30:00;MG;116;443,3;ENGENHEIRO CALDAS;Demais falhas mecânicas ou elétricas;Tombamento;Com Vítimas Feridas;Pleno dia;Crescente;Sol;Simples;Curva;Não;1;0;0;1;0;0;1;1;-19,09760101;-42,0072935;SPRF-MG;DEL06-MG;UOP01-DEL06-MG
592641;07/04/2024;domingo;00:00:00;SC;280;292;PORTO UNIAO;Condutor Dormindo;Saída de leito carroçável;Com Vítimas Feridas;Plena Noite;Crescente;Nublado;Simples;Curva;Não;2;0;1;0;0;2;1;3;-26,29558883;-50,94094276;SPRF-SC;DEL06-SC;UOP04-DEL06-SC
592646;08/04/2024;segunda-feira;13:30:00;ES;101;27;CONCEICAO DA BARRA;Ingestão de álcool pelo condutor;Colisão frontal;Com Vítimas Feridas;Pleno dia;Crescente;Nublado;Simples;Reta;Não;2;0;0;1;1;0;1;2;-18,38365905;-39,94481814;SPRF-ES;DEL04-ES;UOP02-DEL04-ES
592647;21/03/2024;quinta-feira;15:15:00;MG;50;179;UBERABA;Suicídio (presumido);Atropelamento de Pedestre;Com Vítimas Fatais;Pleno dia;Decrescente;Céu Claro;Dupla;Reta;Sim;2;1;0;0;1;0;0;2;-19,77827047;-47,93140998;SPRF-MG;DEL13-MG;UOP01-DEL13-MG
592648;05/04/2024;sexta-feira;10:05:00;PR;277;223;FERNANDES PINHEIRO;Manobra de mudança de faixa;Colisão lateral mesmo sentido;Sem Vítimas;Pleno dia;Decrescente;Céu Claro;Simples;Reta;Não;3;0;0;0;3;0;0;2;-25,4682077;-50,40624097;SPRF-PR;DEL08-PR;UOP02-DEL08-PR
592649;08/04/2024;segunda-feira;13:45:00;MG;381;491;BETIM;Velocidade Incompatível;Engavetamento;Com Vítimas Feridas;Pleno dia;Crescente;Céu Claro;Múltipla;Reta;Sim;7;0;2;0;4;1;2;5;-19,97018187;-44,18210416;SPRF-MG;DEL01-MG;UOP03-DEL01-MG
592651;08/04/2024;segunda-feira;12:00:00;PR;369;186;ARAPONGAS;Condutor deixou de manter distância do veículo da frente;Colisão lateral mesmo sentido;Com Vítimas Feridas;Pleno dia;Crescente;Garoa/Chuvisco;Simples;Reta;Sim;2;0;1;0;1;0;1;2;-23,423779;-51,423759;SPRF-PR;DEL07-PR;UOP03-DEL07-PR
592655;08/04/2024;segunda-feira;13:00:00;MS;163;682,3;RIO VERDE DE MATO GROSSO;Acessar a via sem observar a presença dos outros veículos;Colisão transversal;Com Vítimas Feridas;Pleno dia;Crescente;Chuva;Simples;"Declive;Reta";Sim;3;0;2;0;1;0;2;2;-18,90701005;-54,84077521;SPRF-MS;DEL06-MS;UOP02-DEL06-MS
592658;08/04/2024;segunda-feira;14:15:00;SP;116;220;GUARULHOS;Reação tardia ou ineficiente do condutor;Colisão traseira;Com Vítimas Feridas;Pleno dia;Decrescente;Céu Claro;Múltipla;Reta;Sim;2;0;1;0;0;1;1;2;-23,46472809;-46,49793962;SPRF-SP;DEL01-SP;UOP01-DEL01-SP
592660;08/04/2024;segunda-feira;14:00:00;SC;282;24,5;SANTO AMARO DA IMPERATRIZ;Transitar no Acostamento;Colisão transversal;Com Vítimas Feridas;Pleno dia;Crescente;Céu Claro;Simples;Curva;Não;2;0;0;1;1;0;1;2;-27,68268;-48,744614;SPRF-SC;DEL01-SC;UOP03-DEL01-SC
592669;08/04/2024;segunda-feira;11:00:00;PR;376;392,1;IMBAU;Chuva;Engavetamento;Com Vítimas Feridas;Pleno dia;Decrescente;Chuva;Dupla;"Declive;Curva";Não;5;0;1;0;3;1;1;5;-24,4881878;-50,73309105;SPRF-PR;DEL03-PR;UOP02-DEL03-PR
592673;08/04/2024;segunda-feira;11:20:00;RS;290;524,8;ALEGRETE;Manobra de mudança de faixa;Saída de leito carroçável;Com Vítimas Feridas;Pleno dia;Crescente;Garoa/Chuvisco;Simples;"Aclive;Curva";Não;1;0;1;0;0;0;1;1;-30,064606;-55,29261;SPRF-RS;DEL13-RS;UOP02-DEL13-RS
592680;08/04/2024;segunda-feira;14:00:00;SP;116;339;MIRACATU;Ausência de reação do condutor;Colisão com objeto;Com Vítimas Feridas;Pleno dia;Crescente;Céu Claro;Dupla;Curva;Não;2;0;1;0;1;0;1;2;-23,9983939;-47,14927316;SPRF-SP;DEL04-SP;UOP03-DEL04-SP
592681;04/04/2024;quinta-feira;11:10:00;MS;163;93;ITAQUIRAI;Acesso irregular;Colisão traseira;Com Vítimas Feridas;Pleno dia;Crescente;Céu Claro;Simples;"Reta;Declive";Não;4;0;0;2;2;0;2;3;-23,34327298;-54,21698988;SPRF-MS;DEL09-MS;UOP01-DEL09-MS
592685;08/04/2024;segunda-feira;16:00:00;CE;116;174,5;RUSSAS;Carga excessiva e/ou mal acondicionada;Colisão lateral mesmo sentido;Com Vítimas Feridas;Pleno dia;Crescente;Céu Claro;Simples;Reta;Não;4;0;1;0;2;1;1;4;-5,00385089;-38,04753211;SPRF-CE;DEL03-CE;UOP01-DEL03-CE
592689;08/04/2024;segunda-feira;14:40:00;MG;116;780,2;LEOPOLDINA;Velocidade Incompatível;Tombamento;Com Vítimas Feridas;Pleno dia;Decrescente;Céu Claro;Simples;Curva;Não;2;0;1;0;0;1;1;2;-21,61482397;-42,69263203;SPRF-MG;DEL07-MG;UOP01-DEL07-MG
592690;08/04/2024;segunda-feira;01:30:00;RS;386;331;MARQUES DE SOUZA;Ausência de reação do condutor;Saída de leito carroçável;Sem Vítimas;Plena Noite;Crescente;Céu Claro;Simples;Reta;Não;2;0;0;0;1;1;0;2;-29,355341;-52,069054;SPRF-RS;DEL04-RS;UOP01-DEL04-RS
592697;31/03/2024;domingo;18:40:00;MS;267;90,5;BATAGUASSU;Transitar na contramão;Colisão lateral sentido oposto;Com Vítimas Feridas;Plena Noite;Crescente;Céu Claro;Simples;Reta;Não;4;0;1;0;2;1;1;3;-21,86166145;-52,9554711;SPRF-MS;DEL02-MS;UOP04-DEL02-MS
592711;08/04/2024;segunda-feira;15:00:00;RJ;101;407;ITAGUAI;Manobra de mudança de faixa;Colisão traseira;Com Vítimas Feridas;Pleno dia;Crescente;Céu Claro;Dupla;Reta;Sim;4;0;2;0;1;1;2;3;-22,87833705;-43,81994421;SPRF-RJ;DEL03-RJ;UOP01-DEL03-RJ
592712;08/04/2024;segunda-feira;17:25:00;SP;381;63;MAIRIPORA;Reação tardia ou ineficiente do condutor;Colisão com objeto;Com Vítimas Feridas;Anoitecer;Crescente;Chuva;Dupla;"Reta;Declive";Sim;2;0;1;0;0;1;1;2;-23,302805;-46,572767;SPRF-SP;DEL03-SP;UOP01-DEL03-SP
592715;08/04/2024;segunda-feira;17:45:00;SC;280;25,1;ARAQUARI;Trafegar com motocicleta (ou similar) entre as faixas;Colisão lateral sentido oposto;Com Vítimas Feridas;Pleno dia;Crescente;Garoa/Chuvisco;Simples;Reta;Sim;3;0;0;1;1;2;1;4;-26,38352781;-48,72677516;SPRF-SC;DEL03-SC;UOP03-DEL03-SC
592719;08/04/2024;segunda-feira;11:00:00;BA;242;303;IBIQUERA;Reação tardia ou ineficiente do condutor;Tombamento;Sem Vítimas;Pleno dia;Decrescente;Céu Claro;Simples;Curva;Não;2;0;0;0;1;2;0;3;-12,463672;-40,903549;SPRF-BA;DEL06-BA;UOP02-DEL06-BA
592720;08/04/2024;segunda-feira;18:00:00;ES;101;370,7;ICONHA;Acessar a via sem observar a presença dos outros veículos;Colisão frontal;Com Vítimas Feridas;Anoitecer;Crescente;Céu Claro;Simples;Interseção de Vias;Não;4;0;0;2;1;1;2;3;-20,76871121;-40,75999937;SPRF-ES;DEL03-ES;UOP01-DEL03-ES
592723;08/04/2024;segunda-feira;08:40:00;RS;116;464,8;SAO LOURENCO DO SUL;Desrespeitar a preferência no cruzamento;Colisão transversal;Com Vítimas Feridas;Pleno dia;Decrescente;Céu Claro;Dupla;"Em Obras;Rotatória";Não;3;0;1;0;2;0;1;2;-31,31976762;-52,02713013;SPRF-RS;DEL02-RS;UOP02-DEL02-RS
592727;08/04/2024;segunda-feira;12:45:00;MG;262;727,2;PERDIZES;Demais falhas mecânicas ou elétricas;Incêndio;Sem Vítimas;Pleno dia;Decrescente;Céu Claro;Simples;Declive;Não;2;0;0;0;1;2;0;3;-19,62254496;-47,296727;SPRF-MG;DEL08-MG;UOP01-DEL08-MG