id;data_inversa;dia_semana;horario;uf;br;km;municipio;causa_acidente;tipo_acidente;classificacao_acidente;fase_dia;sentido_via;condicao_metereologica;tipo_pista;tracado_via;uso_solo;pessoas;mortos;feridos_leves;feridos_graves;ilesos;ignorados;feridos;veiculos;latitude;longitude;regional;delegacia;uop
592732;08/04/2024;segunda-feira;17:00:00;SC;116;211,1;PONTE ALTA;Velocidade Incompatível;Tombamento;Com Vítimas Feridas;Pleno dia;Crescente;Sol;Simples;Curva;Não;2;0;1;0;0;1;1;2;-27,51040007;-50,36397936;SPRF-SC;DEL05-SC;UOP03-DEL05-SC
592734;08/04/2024;segunda-feira;19:45:00;GO;60;37;GOIANIA;Reação tardia ou ineficiente do condutor;Colisão lateral mesmo sentido;Com Vítimas Feridas;Plena Noite;Crescente;Céu Claro;Dupla;Rotatória;Sim;2;0;0;1;1;0;1;2;-16,6777;-49,2676;SPRF-GO;DEL01-GO;UOP02-DEL01-GO
592736;08/04/2024;segunda-feira;11:35:00;PR;277;496,9;GUARANIACU;Transitar na contramão;Colisão frontal;Com Vítimas Fatais;Pleno dia;Crescente;Garoa/Chuvisco;Simples;"Reta;Aclive";Não;3;1;0;1;0;3;1;5;-25,16998969;-52,67691135;SPRF-PR;DEL04-PR;UOP04-DEL04-PR
592743;08/04/2024;segunda-feira;20:00:00;SC;101;43,1;JOINVILLE;Reação tardia ou ineficiente do condutor;Colisão lateral mesmo sentido;Com Vítimas Feridas;Plena Noite;Crescente;Nublado;Dupla;Reta;Não;4;0;2;0;2;0;2;3;-26,33480408;-48,86041224;SPRF-SC;DEL03-SC;UOP01-DEL03-SC
592744;08/04/2024;segunda-feira;17:40:00;PE;232;328,5;CUSTODIA;Reação tardia ou ineficiente do condutor;Colisão transversal;Com Vítimas Feridas;Plena Noite;Crescente;Céu Claro;Simples;Reta;Não;3;0;0;1;1;1;1;3;-8,09113514;-37,59520501;SPRF-PE;DEL04-PE;UOP02-DEL04-PE
592750;08/04/2024;segunda-feira;19:40:00;MG;116;703,6;MURIAE;Ingestão de álcool pelo condutor;Colisão lateral sentido oposto;Com Vítimas Feridas;Plena Noite;Crescente;Nublado;Simples;"Declive;Reta";Não;3;0;1;0;1;1;1;3;-21,1342175;-42,38727808;SPRF-MG;DEL07-MG;UOP02-DEL07-MG
592752;08/04/2024;segunda-feira;19:10:00;RS;386;73,8;BOA VISTA DAS MISSOES;Acessar a via sem observar a presença dos outros veículos;Colisão transversal;Com Vítimas Feridas;Plena Noite;Decrescente;Céu Claro;Simples;Reta;Sim;3;0;1;0;2;0;1;3;-27,693541;-53,300945;SPRF-RS;DEL08-RS;UOP02-DEL08-RS
592755;08/04/2024;segunda-feira;19:00:00;PE;316;92,6;OURICURI;Ausência de reação do condutor;Colisão transversal;Com Vítimas Feridas;Plena Noite;Crescente;Céu Claro;Simples;"Reta;Em Obras";Não;2;0;1;0;1;0;1;2;-7,90337946;-40,02982219;SPRF-PE;DEL05-PE;UOP02-DEL05-PE
592756;08/04/2024;segunda-feira;20:10:00;MT;364;223;RONDONOPOLIS;Deficiência do Sistema de Iluminação/Sinalização;Incêndio;Sem Vítimas;Plena Noite;Crescente;Nublado;Dupla;Reta;Não;2;0;0;0;1;1;0;2;-16,32388;-54,751218;SPRF-MT;DEL02-MT;UOP01-DEL02-MT
592758;08/04/2024;segunda-feira;18:40:00;RJ;116;321;ITATIAIA;Ausência de reação do condutor;Saída de leito carroçável;Com Vítimas Feridas;Plena Noite;Decrescente;Céu Claro;Simples;"Viaduto;Reta";Não;2;0;1;0;0;1;1;2;-22,48093378;-44,53547807;SPRF-RJ;DEL07-RJ;UOP02-DEL07-RJ
592760;08/04/2024;segunda-feira;20:10:00;PR;376;8,6;MARINGA;Manobra de mudança de faixa;Colisão lateral mesmo sentido;Com Vítimas Feridas;Plena Noite;Crescente;Céu Claro;Dupla;Aclive;Sim;5;0;0;3;1;3;3;5;-23,4273;-51,9375;SPRF-PR;DEL09-PR;UOP01-DEL09-PR
592761;08/04/2024;segunda-feira;18:20:00;MT;163;673;LUCAS DO RIO VERDE;Ingestão de álcool pelo condutor;Colisão lateral sentido oposto;Com Vítimas Feridas;Plena Noite;Crescente;Céu Claro;Simples;Reta;Não;3;0;1;0;1;5;1;7;-13,29855494;-56,03709413;SPRF-MT;DEL06-MT;UOP01-DEL06-MT
592763;08/04/2024;segunda-feira;15:50:00;SC;153;64,7;IRANI;Acessar a via sem observar a presença dos outros veículos;Colisão transversal;Com Vítimas Feridas;Pleno dia;Crescente;Sol;Simples;Reta;Sim;4;0;3;0;1;0;3;2;-27,01563789;-51,88127589;SPRF-SC;DEL07-SC;UOP04-DEL07-SC
592765;08/04/2024;segunda-feira;22:10:00;SP;116;155,4;SAO JOSE DOS CAMPOS;Reação tardia ou ineficiente do condutor;Colisão traseira;Com Vítimas Feridas;Plena Noite;Crescente;Céu Claro;Dupla;Reta;Sim;2;0;1;0;0;1;1;2;-23,2453189;-45,92813015;SPRF-SP;DEL02-SP;UOP01-DEL02-SP
592768;08/04/2024;segunda-feira;12:00:00;RS;470;269,9;SAO JOSE DO SUL;Velocidade Incompatível;Tombamento;Sem Vítimas;Pleno dia;Decrescente;Céu Claro;Simples;Curva;Não;1;0;0;0;1;0;0;1;-29,519934;-51,47336;SPRF-RS;DEL06-RS;UOP01-DEL06-RS
592770;08/04/2024;segunda-feira;08:30:00;MG;381;401;BOM JESUS DO AMPARO;Demais falhas mecânicas ou elétricas;Tombamento;Sem Vítimas;Pleno dia;Decrescente;Céu Claro;Dupla;Curva;Não;2;0;0;0;1;1;0;2;-19,74743793;-43,52145519;SPRF-MG;DEL01-MG;UOP01-DEL01-MG
592773;08/04/2024;segunda-feira;15:25:00;PR;376;326,7;ORTIGUEIRA;Velocidade Incompatível;Colisão frontal;Com Vítimas Fatais;Pleno dia;Decrescente;Chuva;Simples;"Curva;Declive";Não;4;1;0;1;1;1;1;3;-24,065596;-51,06416;SPRF-PR;DEL07-PR;UOP02-DEL07-PR
592775;08/04/2024;segunda-feira;19:45:00;SC;280;199,2;MAFRA;Suicídio (presumido);Colisão frontal;Com Vítimas Fatais;Plena Noite;Decrescente;Céu Claro;Simples;Reta;Não;3;1;0;0;2;0;0;2;-26,175846;-50,066181;SPRF-SC;DEL06-SC;UOP01-DEL06-SC
592776;08/04/2024;segunda-feira;22:40:00;RS;470;52,5;LAGOA VERMELHA;Transitar na contramão;Colisão lateral sentido oposto;Com Vítimas Feridas;Plena Noite;Crescente;Céu Claro;Simples;Reta;Não;3;0;1;0;2;0;1;2;-28,203287;-51,525436;SPRF-RS;DEL08-RS;UOP05-DEL08-RS
592777;08/04/2024;segunda-feira;20:40:00;MS;163;180;JUTI;Deficiência do Sistema de Iluminação/Sinalização;Colisão traseira;Sem Vítimas;Plena Noite;Decrescente;Céu Claro;Simples;Reta;Não;4;0;0;0;3;2;0;4;-22,83392022;-54,67955916;SPRF-MS;DEL09-MS;UOP01-DEL09-MS
592781;08/04/2024;segunda-feira;19:40:00;MS;376;145;IVINHEMA;Demais falhas na via;Saída de leito carroçável;Com Vítimas Feridas;Plena Noite;Crescente;Céu Claro;Simples;Reta;Não;2;0;1;0;0;2;1;3;-22,384267;-53,570935;SPRF-MS;DEL04-MS;UOP04-DEL04-MS
592782;08/04/2024;segunda-feira;22:30:00;MG;381;754;TRES CORACOES;Acessar a via sem observar a presença dos outros veículos;Colisão lateral mesmo sentido;Sem Vítimas;Pleno dia;Decrescente;Céu Claro;Dupla;Reta;Não;2;0;0;0;1;1;0;2;-21,68626885;-45,34601116;SPRF-MG;DEL16-MG;UOP02-DEL16-MG
592786;08/04/2024;segunda-feira;21:30:00;GO;452;117;BOM JESUS DE GOIAS;Reação tardia ou ineficiente do condutor;Colisão traseira;Com Vítimas Feridas;Plena Noite;Crescente;Céu Claro;Simples;Reta;Não;4;0;1;0;2;2;1;4;-18,19855025;-49,85694398;SPRF-GO;DEL03-GO;UOP02-DEL03-GO
592787;09/04/2024;terça-feira;00:20:00;SC;101;18,2;GARUVA;Transitar na contramão;Colisão frontal;Com Vítimas Feridas;Plena Noite;Decrescente;Céu Claro;Múltipla;Reta;Não;3;0;0;1;1;1;1;3;-26,128553;-48,888776;SPRF-SC;DEL03-SC;UOP01-DEL03-SC
592789;08/04/2024;segunda-feira;23:40:00;RJ;116;142;DUQUE DE CAXIAS;Transitar na contramão;Colisão frontal;Sem Vítimas;Plena Noite;Crescente;Céu Claro;Dupla;Reta;Sim;2;0;0;0;1;1;0;2;-22,64876087;-43,23031638;SPRF-RJ;DEL01-RJ;UOP02-DEL01-RJ
592791;08/04/2024;segunda-feira;22:17:00;RS;290;262;CACHOEIRA DO SUL;Condutor deixou de manter distância do veículo da frente;Colisão traseira;Com Vítimas Feridas;Plena Noite;Decrescente;Céu Claro;Simples;"Reta;Interseção de Vias;Declive";Não;3;0;0;1;1;1;1;3;-30,2655234;-52,85848802;SPRF-RS;DEL02-RS;UOP03-DEL02-RS
592794;09/04/2024;terça-feira;03:30:00;RJ;116;219;PARACAMBI;Ausência de reação do condutor;Colisão traseira;Com Vítimas Feridas;Plena Noite;Decrescente;Nublado;Dupla;"Reta;Aclive";Não;3;0;0;1;1;1;1;3;-22,700907;-43,757046;SPRF-RJ;DEL06-RJ;UOP02-DEL06-RJ
592795;09/04/2024;terça-feira;03:10:00;BA;116;384,5;SANTA BARBARA;Ausência de reação do condutor;Saída de leito carroçável;Com Vítimas Fatais;Pleno dia;Decrescente;Céu Claro;Simples;"Declive;Reta";Não;2;1;0;0;0;1;0;2;-11,8958;-38,9816;SPRF-BA;DEL02-BA;UOP01-DEL02-BA
592799;09/04/2024;terça-feira;06:00:00;SP;116;227;GUARULHOS;Manobra de mudança de faixa;Tombamento;Com Vítimas Feridas;Amanhecer;Crescente;Sol;Múltipla;Reta;Sim;2;0;0;1;1;0;1;2;-23,49659264;-46,55648754;SPRF-SP;DEL01-SP;UOP01-DEL01-SP
592806;09/04/2024;terça-feira;06:30:00;MG;262;367,9;JUATUBA;Velocidade Incompatível;Colisão traseira;Com Vítimas Feridas;Pleno dia;Crescente;Sol;Dupla;"Aclive;Reta";Não;3;0;1;0;2;0;1;2;-19,97391261;-44,27096197;SPRF-MG;DEL01-MG;UOP03-DEL01-MG
592810;09/04/2024;terça-feira;04:39:00;AL;101;45,1;FLEXEIRAS;Condutor Dormindo;Colisão traseira;Com Vítimas Feridas;Amanhecer;Decrescente;Céu Claro;Dupla;Reta;Não;3;0;1;0;2;0;1;3;-9,20251191;-35,78756691;SPRF-AL;DEL01-AL;UOP02-DEL01-AL
592817;09/04/2024;terça-feira;08:10:00;SP;116;211;GUARULHOS;Manobra de mudança de faixa;Colisão traseira;Com Vítimas Feridas;Pleno dia;Crescente;Céu Claro;Múltipla;"Em Obras;Reta";Sim;3;0;1;0;1;1;1;2;-23,4324306;-46,4194352;SPRF-SP;DEL01-SP;UOP01-DEL01-SP
592818;09/04/2024;terça-feira;05:00:00;MT;364;349;SANTO ANTONIO DO LEVERGER;Demais falhas mecânicas ou elétricas;Saída de leito carroçável;Com Vítimas Feridas;Amanhecer;Crescente;Céu Claro;Simples;"Declive;Curva";Não;2;0;1;0;0;1;1;2;-15,80502622;-55,5546431;SPRF-MT;DEL05-MT;UOP02-DEL05-MT
592823;09/04/2024;terça-feira;06:40:00;MT;364;218;RONDONOPOLIS;Mal súbito do condutor;Saída de leito carroçável;Com Vítimas Feridas;Pleno dia;Crescente;Garoa/Chuvisco;Dupla;Reta;Não;2;0;1;0;0;3;1;4;-16,36282009;-54,72956815;SPRF-MT;DEL02-MT;UOP01-DEL02-MT
592835;09/04/2024;terça-feira;08:50:00;RS;293;75;PIRATINI;Transitar na contramão;Colisão frontal;Com Vítimas Fatais;Pleno dia;Decrescente;Céu Claro;Simples;Curva;Não;5;1;0;0;1;3;0;4;-31,67583782;-53,07442688;SPRF-RS;DEL07-RS;UOP01-DEL07-RS
592839;09/04/2024;terça-feira;08:00:00;ES;262;75;DOMINGOS MARTINS;Ausência de reação do condutor;Colisão traseira;Sem Vítimas;Pleno dia;Crescente;Céu Claro;Simples;Reta;Não;3;0;0;0;3;0;0;3;-20,41504648;-40,90256283;SPRF-ES;DEL01-ES;UOP02-DEL01-ES
592848;25/02/2024;domingo;15:05:00;MG;381;845,6;SAO SEBASTIAO DA BELA VISTA;Objeto estático sobre o leito carroçável;Colisão com objeto;Com Vítimas Feridas;Pleno dia;Decrescente;Céu Claro;Dupla;Reta;Não;3;0;1;0;1;1;1;3;-22,20561374;-45,8630266;SPRF-MG;DEL16-MG;UOP01-DEL16-MG
592849;09/04/2024;terça-feira;09:55:00;MG;40;463,7;SETE LAGOAS;Condutor deixou de manter distância do veículo da frente;Colisão traseira;Com Vítimas Feridas;Pleno dia;Crescente;Céu Claro;Dupla;Declive;Não;5;0;1;0;3;1;1;3;-19,42224803;-44,33870213;SPRF-MG;DEL02-MG;UOP01-DEL02-MG
592850;09/04/2024;terça-feira;07:30:00;PR;376;263,8;CALIFORNIA;Velocidade Incompatível;Colisão lateral mesmo sentido;Com Vítimas Feridas;Pleno dia;Crescente;Céu Claro;Dupla;Curva;Não;4;0;1;0;2;2;1;4;-23,700246;-51,33458376;SPRF-PR;DEL07-PR;UOP03-DEL07-PR
592854;09/04/2024;terça-feira;10:50:00;GO;414;373,6;COCALZINHO DE GOIAS;Acessar a via sem observar a presença dos outros veículos;Colisão lateral mesmo sentido;Com Vítimas Feridas;Pleno dia;Decrescente;Céu Claro;Dupla;Reta;Sim;4;0;1;0;3;0;1;2;-15,78671658;-48,77033272;SPRF-GO;DEL02-GO;UOP01-DEL02-GO
592855;09/04/2024;terça-feira;11:40:00;MG;381;449,8;SABARA;Reação tardia ou ineficiente do condutor;Colisão traseira;Com Vítimas Feridas;Pleno dia;Crescente;Céu Claro;Simples;"Reta;Declive;Interseção de Vias";Não;3;0;1;0;1;1;1;3;-19,84164036;-43,86232683;SPRF-MG;DEL01-MG;UOP01-DEL01-MG
592859;09/04/2024;terça-feira;06:30:00;SE;101;74,2;MARUIM;Ausência de reação do condutor;Saída de leito carroçável;Sem Vítimas;Pleno dia;Decrescente;Sol;Dupla;"Aclive;Curva";Não;1;0;0;0;1;0;0;1;-10,76273662;-37,11145231;SPRF-SE;DEL01-SE;UOP01-DEL01-SE
592864;09/04/2024;terça-feira;11:30:00;SP;116;28,9;CRUZEIRO;Manobra de mudança de faixa;Colisão lateral mesmo sentido;Com Vítimas Feridas;Pleno dia;Decrescente;Céu Claro;Dupla;Declive;Não;2;0;1;0;0;1;1;2;-22,62492006;-44,91571997;SPRF-SP;DEL08-SP;UOP02-DEL08-SP
592867;09/04/2024;terça-feira;09:20:00;MA;316;403;ALTO ALEGRE DO MARANHAO;Condutor deixou de manter distância do veículo da frente;Colisão traseira;Com Vítimas Feridas;Pleno dia;Decrescente;Céu Claro;Simples;Reta;Sim;3;0;0;1;1;2;1;4;-4,223082;-44,446121;SPRF-MA;DEL03-MA;UOP01-DEL03-MA
592868;09/04/2024;terça-feira;08:50:00;GO;153;212;URUACU;Ultrapassagem Indevida;Colisão lateral mesmo sentido;Com Vítimas Feridas;Pleno dia;Crescente;Céu Claro;Simples;Reta;Não;4;0;1;0;2;2;1;5;-14,62512;-49,17255;SPRF-GO;DEL07-GO;UOP02-DEL07-GO
592872;09/04/2024;terça-feira;10:00:00;MG;267;80;JUIZ DE FORA;Condutor deixou de manter distância do veículo da frente;Colisão traseira;Com Vítimas Feridas;Pleno dia;Crescente;Céu Claro;Simples;Reta;Não;7;0;3;0;4;0;3;5;-21,75478617;-43,21241781;SPRF-MG;DEL05-MG;UOP01-DEL05-MG
592886;09/04/2024;terça-feira;13:20:00;MG;262;689,8;ARAXA;Pista esburacada;Colisão frontal;Com Vítimas Feridas;Pleno dia;Crescente;Céu Claro;Simples;"Declive;Curva";Não;2;0;0;1;1;0;1;2;-19,55471124;-46,96541189;SPRF-MG;DEL08-MG;UOP01-DEL08-MG
592889;10/03/2024;domingo;07:20:00;MG;251;333;RUBELITA;Afundamento ou ondulação no pavimento;Tombamento;Com Vítimas Fatais;Pleno dia;Decrescente;Céu Claro;Simples;"Declive;Curva";Não;4;1;2;0;0;1;2;2;-16,26255277;-42,40799904;SPRF-MG;DEL12-MG;UOP02-DEL12-MG
592896;09/04/2024;terça-feira;07:00:00;MG;153;113,3;PRATA;Condutor Dormindo;Colisão traseira;Com Vítimas Feridas;Pleno dia;Decrescente;Céu Claro;Dupla;Reta;Não;4;0;2;1;0;1;3;3;-19,34053794;-48,90019179;SPRF-MG;DEL15-MG;UOP03-DEL15-MG
592901;16/02/2024;sexta-feira;14:30:00;RJ;101;325;NITEROI;Ausência de reação do condutor;Colisão traseira;Com Vítimas Feridas;Pleno dia;Crescente;Céu Claro;Múltipla;Reta;Não;2;0;0;1;1;0;1;2;-22,87292569;-43,13625699;SPRF-RJ;DEL02-RJ;UOP01-DEL02-RJ
592902;09/04/2024;terça-feira;14:00:00;SP;116;315;SAO LOURENCO DA SERRA;Carga excessiva e/ou mal acondicionada;Eventos atípicos;Sem Vítimas;Pleno dia;Crescente;Céu Claro;Dupla;Reta;Não;3;0;0;0;2;1;0;3;-23,90251888;-46,99049317;SPRF-SP;DEL04-SP;UOP03-DEL04-SP
592906;09/04/2024;terça-feira;16:45:00;GO;60;27,5;ALEXANIA;Condutor deixou de manter distância do veículo da frente;Colisão traseira;Com Vítimas Feridas;Pleno dia;Crescente;Céu Claro;Dupla;"Aclive;Reta";Não;4;0;0;2;2;0;2;2;-16,0963;-48,5202;SPRF-DF;DEL03-DF;UOP01-DEL03-DF
592908;09/04/2024;terça-feira;15:00:00;RJ;40;79;PETROPOLIS;Demais falhas mecânicas ou elétricas;Incêndio;Sem Vítimas;Pleno dia;Decrescente;Nublado;Simples;"Curva;Aclive";Não;1;0;0;0;1;0;0;1;-22,49130098;-43,22294163;SPRF-RJ;DEL01-RJ;UOP01-DEL01-RJ
592920;09/04/2024;terça-feira;17:35:00;PR;277;25;MORRETES;Demais falhas mecânicas ou elétricas;Incêndio;Sem Vítimas;Anoitecer;Decrescente;Céu Claro;Dupla;Reta;Não;2;0;0;0;1;3;0;4;-25,5343724;-48,70654307;SPRF-PR;DEL01-PR;UOP05-DEL01-PR
592921;09/04/2024;terça-feira;17:30:00;RS;285;267;MATO CASTELHANO;Acessar a via sem observar a presença dos outros veículos;Colisão transversal;Sem Vítimas;Pleno dia;Crescente;Sol;Simples;Curva;Não;3;0;0;0;2;1;0;3;-28,30358721;-52,13849545;SPRF-RS;DEL08-RS;UOP03-DEL08-RS
592922;09/04/2024;terça-feira;14:30:00;GO;153;18;PORANGATU;Avarias e/ou desgaste excessivo no pneu;Saída de leito carroçável;Com Vítimas Feridas;Pleno dia;Decrescente;Céu Claro;Simples;Reta;Não;2;0;1;1;0;0;2;1;-12,987399;-49,15126;SPRF-GO;DEL07-GO;UOP01-DEL07-GO
592927;06/04/2024;sábado;03:15:00;SC;470;176;POUSO REDONDO;Ausência de reação do condutor;Colisão transversal;Com Vítimas Feridas;Plena Noite;Crescente;Céu Claro;Dupla;Aclive;Não;3;0;1;0;1;1;1;3;-27,254238;-49,948658;SPRF-SC;DEL04-SC;UOP02-DEL04-SC
592937;09/04/2024;terça-feira;19:21:00;GO;80;99,4;VILA PROPICIO;Ausência de reação do condutor;Colisão traseira;Com Vítimas Fatais;Plena Noite;Crescente;Ignorado;Simples;Reta;Não;4;2;0;0;1;2;0;4;-15,208875;-48,697312;SPRF-GO;DEL07-GO;UOP02-DEL07-GO
592940;09/04/2024;terça-feira;16:50:00;PB;230;484,7;SAO JOAO DO RIO DO PEIXE;Frear bruscamente;Saída de leito carroçável;Com Vítimas Feridas;Pleno dia;Crescente;Nublado;Simples;Reta;Sim;1;0;1;0;0;0;1;1;-6,8579;-38,3721;SPRF-PB;DEL03-PB;UOP03-DEL03-PB
592941;09/04/2024;terça-feira;19:15:00;PR;373;244,1;GUAMIRANGA;Velocidade Incompatível;Tombamento;Com Vítimas Feridas;Plena Noite;Crescente;Céu Claro;Simples;"Declive;Curva";Não;2;0;1;0;0;2;1;3;-25,19382968;-50,78567874;SPRF-PR;DEL03-PR;UOP01-DEL03-PR
592948;09/04/2024;terça-feira;20:10:00;GO;153;506;APARECIDA DE GOIANIA;Manobra de mudança de faixa;Colisão traseira;Com Vítimas Feridas;Plena Noite;Crescente;Chuva;Múltipla;Reta;Sim;2;0;0;1;1;0;1;2;-16,7633;-49,24;SPRF-GO;DEL01-GO;UOP01-DEL01-GO
592951;09/04/2024;terça-feira;19:50:00;SE;235;65,5;ITABAIANA;Velocidade Incompatível;Colisão frontal;Com Vítimas Fatais;Plena Noite;Crescente;Céu Claro;Simples;Reta;Não;3;1;0;0;0;4;0;5;-10,594102;-37,487961;SPRF-SE;DEL01-SE;UOP02-DEL01-SE
592956;09/04/2024;terça-feira;19:50:00;BA;116;804;VITORIA DA CONQUISTA;Ingestão de álcool pelo condutor;Colisão transversal;Com Vítimas Feridas;Plena Noite;Decrescente;Nublado;Simples;Reta;Não;3;0;0;1;1;2;1;4;-14,765299;-40,706649;SPRF-BA;DEL08-BA;UOP02-DEL08-BA
592957;09/04/2024;terça-feira;21:00:00;SP;116;223,8;GUARULHOS;Manobra de mudança de faixa;Colisão traseira;Com Vítimas Feridas;Plena Noite;Crescente;Nublado;Múltipla;Reta;Sim;3;0;1;0;1;1;1;3;-23,47559815;-46,5246609;SPRF-SP;DEL01-SP;UOP01-DEL01-SP
592959;09/04/2024;terça-feira;19:30:00;SP;116;513;CAJATI;Reação tardia ou ineficiente do condutor;Colisão lateral mesmo sentido;Com Vítimas Feridas;Plena Noite;Decrescente;Nevoeiro/Neblina;Dupla;"Declive;Curva";Não;3;0;1;0;1;1;1;3;-24,85109616;-48,21802405;SPRF-SP;DEL05-SP;UOP02-DEL05-SP
592972;09/04/2024;terça-feira;18:00:00;PA;10;301;IRITUIA;Condutor deixou de manter distância do veículo da frente;Colisão traseira;Sem Vítimas;Anoitecer;Decrescente;Céu Claro;Simples;Reta;Sim;3;0;0;0;2;2;0;4;-1,79908701;-47,51402881;SPRF-PA;DEL02-PA;UOP01-DEL02-PA
592976;09/04/2024;terça-feira;22:50:00;RJ;116;172;SAO JOAO DE MERITI;Condutor Dormindo;Colisão traseira;Com Vítimas Feridas;Plena Noite;Crescente;Céu Claro;Múltipla;Reta;Sim;2;0;1;0;1;0;1;2;-22,80188151;-43,35043673;SPRF-RJ;DEL06-RJ;UOP01-DEL06-RJ
592981;09/04/2024;terça-feira;22:15:00;MG;50;112,8;UBERABA;Condutor deixou de manter distância do veículo da frente;Colisão traseira;Com Vítimas Feridas;Plena Noite;Crescente;Céu Claro;Dupla;"Reta;Retorno Regulamentado";Não;3;0;1;0;1;2;1;4;-19,24093976;-48,13935945;SPRF-MG;DEL13-MG;UOP01-DEL13-MG
592983;09/04/2024;terça-feira;23:20:00;PR;376;386,2;IMBAU;Condutor Dormindo;Saída de leito carroçável;Sem Vítimas;Plena Noite;Decrescente;Nublado;Dupla;Interseção de Vias;Sim;2;0;0;0;1;2;0;3;-24,48914095;-50,7327429;SPRF-PR;DEL03-PR;UOP02-DEL03-PR
592985;10/04/2024;quarta-feira;00:20:00;PR;376;7,3;MARINGA;Deficiência do Sistema de Iluminação/Sinalização;Colisão com objeto;Com Vítimas Feridas;Plena Noite;Crescente;Céu Claro;Dupla;Reta;Sim;3;0;1;0;1;1;1;3;-23,373814;-51,933792;SPRF-PR;DEL09-PR;UOP01-DEL09-PR
592986;10/04/2024;quarta-feira;01:10:00;SP;116;449;REGISTRO;Estacionar ou parar em local proibido;Colisão traseira;Com Vítimas Fatais;Plena Noite;Crescente;Ignorado;Dupla;Reta;Sim;3;1;0;0;1;1;0;3;-24,52913591;-47,85619324;SPRF-SP;DEL05-SP;UOP01-DEL05-SP
592990;10/04/2024;quarta-feira;01:30:00;RS;392;38,2;RIO GRANDE;Condutor Dormindo;Tombamento;Com Vítimas Feridas;Plena Noite;Decrescente;Nevoeiro/Neblina;Dupla;Reta;Não;2;0;1;0;0;1;1;2;-31,98050196;-52,29603291;SPRF-RS;DEL07-RS;UOP02-DEL07-RS
592992;10/04/2024;quarta-feira;02:15:00;RJ;101;332,8;RIO DE JANEIRO;Acesso irregular;Engavetamento;Com Vítimas Feridas;Plena Noite;Crescente;Céu Claro;Múltipla;"Reta;Ponte";Sim;3;0;2;0;1;0;2;3;-22,87133305;-43,20407695;SPRF-RJ;DEL02-RJ;UOP01-DEL02-RJ
592993;10/04/2024;quarta-feira;03:00:00;RJ;101;324,4;NITEROI;Condutor Dormindo;Colisão traseira;Com Vítimas Feridas;Plena Noite;Decrescente;Céu Claro;Dupla;Reta;Não;2;0;1;0;1;0;1;2;-22,87381074;-43,12640997;SPRF-RJ;DEL02-RJ;UOP01-DEL02-RJ
592994;10/04/2024;quarta-feira;03:48:00;RS;290;56,6;GLORINHA;Condutor Dormindo;Saída de leito carroçável;Com Vítimas Feridas;Plena Noite;Crescente;Céu Claro;Dupla;"Aclive;Reta";Não;2;0;2;0;0;0;2;1;-29,918623;-50,828213;SPRF-RS;DEL03-RS;UOP01-DEL03-RS
592995;10/04/2024;quarta-feira;03:40:00;BA;324;487;FEIRA DE SANTANA;Ausência de reação do condutor;Saída de leito carroçável;Com Vítimas Feridas;Plena Noite;Crescente;Nublado;Simples;Curva;Não;2;0;1;0;0;1;1;2;-12,03364074;-39,01582097;SPRF-BA;DEL02-BA;UOP01-DEL02-BA
592996;09/04/2024;terça-feira;18:28:00;AL;101;48;FLEXEIRAS;Chuva;Tombamento;Sem Vítimas;Plena Noite;Decrescente;Nublado;Dupla;Curva;Não;1;0;0;0;1;0;0;1;-9,22279792;-35,77608338;SPRF-AL;DEL01-AL;UOP02-DEL01-AL
592997;10/04/2024;quarta-feira;04:25:00;SP;381;82;SAO PAULO;Ausência de reação do condutor;Colisão com objeto;Com Vítimas Feridas;Plena Noite;Decrescente;Nublado;Dupla;Reta;Não;2;0;1;0;0;1;1;2;-23,42399;-46,575112;SPRF-SP;DEL03-SP;UOP01-DEL03-SP
593001;10/04/2024;quarta-feira;05:05:00;MS;163;429;CAMPO GRANDE;Condutor Dormindo;Colisão frontal;Com Vítimas Fatais;Amanhecer;Decrescente;Nublado;Simples;Declive;Não;7;6;0;0;0;2;0;6;-20,91031002;-54,49988209;SPRF-MS;DEL01-MS;UOP01-DEL01-MS
593003;10/04/2024;quarta-feira;05:50:00;SP;116;17,8;LAVRINHAS;Condutor Dormindo;Colisão com objeto;Com Vítimas Feridas;Amanhecer;Crescente;Nublado;Dupla;Reta;Não;2;0;1;0;0;2;1;3;-22,55763946;-44,84739708;SPRF-SP;DEL08-SP;UOP02-DEL08-SP
593004;10/04/2024;quarta-feira;05:20:00;PR;277;307;GUARAPUAVA;Ultrapassagem Indevida;Colisão frontal;Com Vítimas Feridas;Plena Noite;Crescente;Céu Claro;Simples;Curva;Não;4;0;0;2;1;1;2;3;-25,30334725;-51,15427693;SPRF-PR;DEL08-PR;UOP01-DEL08-PR
593015;10/04/2024;quarta-feira;06:50:00;MG;262;366;JUATUBA;Transitar no Acostamento;Colisão traseira;Com Vítimas Feridas;Pleno dia;Decrescente;Céu Claro;Dupla;"Aclive;Reta";Não;4;0;0;2;1;2;2;4;-19,974217;-44,261798;SPRF-MG;DEL01-MG;UOP03-DEL01-MG
593016;10/04/2024;quarta-feira;07:05:00;MG;40;610,3;CONGONHAS;Reação tardia ou ineficiente do condutor;Tombamento;Com Vítimas Feridas;Pleno dia;Crescente;Céu Claro;Simples;Curva;Não;3;0;1;0;1;2;1;4;-20,50811756;-43,83852742;SPRF-MG;DEL05-MG;UOP02-DEL05-MG