id;data_inversa;dia_semana;horario;uf;br;km;municipio;causa_acidente;tipo_acidente;classificacao_acidente;fase_dia;sentido_via;condicao_metereologica;tipo_pista;tracado_via;uso_solo;pessoas;mortos;feridos_leves;feridos_graves;ilesos;ignorados;feridos;veiculos;latitude;longitude;regional;delegacia;uop
593282;11/04/2024;quinta-feira;13:15:00;PR;116;125;FAZENDA RIO GRANDE;Trafegar com motocicleta (ou similar) entre as faixas;Colisão lateral mesmo sentido;Com Vítimas Feridas;Pleno dia;Decrescente;Nublado;Múltipla;Reta;Sim;2;0;1;0;1;0;1;2;-25,63490463;-49,3132174;SPRF-PR;DEL01-PR;UOP03-DEL01-PR
593285;11/04/2024;quinta-feira;11:40:00;MT;163;730;SORRISO;Transitar na contramão;Colisão lateral sentido oposto;Com Vítimas Feridas;Pleno dia;Crescente;Céu Claro;Simples;Reta;Não;6;0;0;2;3;1;2;5;-12,71956435;-55,8259213;SPRF-MT;DEL06-MT;UOP01-DEL06-MT
593299;11/04/2024;quinta-feira;14:58:00;PR;277;101,5;CURITIBA;Ausência de reação do condutor;Colisão traseira;Com Vítimas Feridas;Pleno dia;Decrescente;Nublado;Dupla;"Reta;Aclive";Não;5;0;1;1;2;1;2;4;-25,42756711;-49,38120604;SPRF-PR;DEL01-PR;UOP06-DEL01-PR
593301;11/04/2024;quinta-feira;14:40:00;MA;135;13;SAO LUIS;Reação tardia ou ineficiente do condutor;Colisão traseira;Com Vítimas Feridas;Pleno dia;Decrescente;Chuva;Dupla;"Aclive;Reta";Sim;2;0;0;1;1;0;1;2;-2,68053538;-44,29512283;SPRF-MA;DEL01-MA;UOP01-DEL01-MA
593302;11/04/2024;quinta-feira;06:00:00;BA;110;124;ANTAS;Demais falhas mecânicas ou elétricas;Eventos atípicos;Com Vítimas Fatais;Amanhecer;Crescente;Céu Claro;Simples;"Declive;Reta";Não;2;1;0;0;1;0;0;2;-10,48937097;-38,38406144;SPRF-BA;DEL07-BA;UOP02-DEL07-BA
593305;11/04/2024;quinta-feira;16:20:00;MG;40;435;PARAOPEBA;Manobra de mudança de faixa;Saída de leito carroçável;Com Vítimas Feridas;Pleno dia;Crescente;Céu Claro;Dupla;"Aclive;Reta";Não;2;0;1;0;0;1;1;2;-19,21980485;-44,45033788;SPRF-MG;DEL02-MG;UOP01-DEL02-MG
593307;11/04/2024;quinta-feira;14:00:00;BA;110;76;JEREMOABO;Condutor deixou de manter distância do veículo da frente;Colisão traseira;Com Vítimas Feridas;Pleno dia;Crescente;Chuva;Simples;"Aclive;Reta";Sim;3;0;2;0;1;0;2;2;-10,09597419;-38,31319014;SPRF-BA;DEL07-BA;UOP01-DEL07-BA
593311;11/04/2024;quinta-feira;14:30:00;MG;262;29;REDUTO;Acessar a via sem observar a presença dos outros veículos;Colisão transversal;Com Vítimas Feridas;Pleno dia;Decrescente;Céu Claro;Simples;"Rotatória;Reta;Declive";Sim;3;0;1;0;1;2;1;4;-20,247223;-41,982025;SPRF-MG;DEL06-MG;UOP03-DEL06-MG
593313;11/04/2024;quinta-feira;17:00:00;MG;50;62,5;UBERLANDIA;Acessar a via sem observar a presença dos outros veículos;Colisão transversal;Com Vítimas Feridas;Pleno dia;Decrescente;Nublado;Dupla;"Declive;Curva";Não;3;0;0;1;1;3;1;5;-18,831686;-48,249362;SPRF-MG;DEL15-MG;UOP02-DEL15-MG
593319;11/04/2024;quinta-feira;17:10:00;RJ;101;82,6;CAMPOS DOS GOYTACAZES;Ausência de reação do condutor;Colisão lateral sentido oposto;Com Vítimas Feridas;Plena Noite;Crescente;Céu Claro;Simples;Curva;Não;3;0;0;1;1;2;1;4;-21,82752108;-41,45414032;SPRF-RJ;DEL08-RJ;UOP02-DEL08-RJ
593321;11/04/2024;quinta-feira;16:32:00;RJ;116;247,3;PIRAI;Declive acentuado;Tombamento;Sem Vítimas;Pleno dia;Decrescente;Céu Claro;Dupla;"Curva;Declive";Não;3;0;0;0;2;4;0;6;-22,60655103;-43,93505207;SPRF-RJ;DEL07-RJ;UOP01-DEL07-RJ
593327;11/04/2024;quinta-feira;18:20:00;RJ;101;333;RIO DE JANEIRO;Ausência de reação do condutor;Colisão traseira;Com Vítimas Fatais;Plena Noite;Crescente;Céu Claro;Múltipla;"Ponte;Reta";Não;3;1;0;0;1;1;0;3;-22,87827816;-43,21053578;SPRF-RJ;DEL02-RJ;UOP01-DEL02-RJ
593329;11/04/2024;quinta-feira;18:45:00;PR;376;298;MAUA DA SERRA;Mal súbito do condutor;Colisão com objeto;Sem Vítimas;Pleno dia;Decrescente;Céu Claro;Dupla;"Aclive;Reta";Não;2;0;0;0;1;1;0;2;-23,93713;-51,1657;SPRF-PR;DEL07-PR;UOP02-DEL07-PR
593330;11/04/2024;quinta-feira;13:40:00;RS;470;270;SAO JOSE DO SUL;Reação tardia ou ineficiente do condutor;Colisão transversal;Com Vítimas Feridas;Pleno dia;Decrescente;Chuva;Simples;Curva;Não;3;0;1;0;1;1;1;3;-29,51879924;-51,48365021;SPRF-RS;DEL06-RS;UOP01-DEL06-RS
593333;11/04/2024;quinta-feira;18:30:00;SP;116;223;GUARULHOS;Reação tardia ou ineficiente do condutor;Colisão lateral mesmo sentido;Com Vítimas Feridas;Pleno dia;Decrescente;Céu Claro;Dupla;Reta;Não;3;0;1;0;1;1;1;3;-23,47559815;-46,5246609;SPRF-SP;DEL01-SP;UOP01-DEL01-SP
593335;11/04/2024;quinta-feira;19:00:00;RS;116;296;GUAIBA;Ausência de reação do condutor;Colisão transversal;Com Vítimas Feridas;Plena Noite;Decrescente;Garoa/Chuvisco;Simples;Rotatória;Sim;3;0;1;0;1;1;1;3;-30,08861201;-51,34229993;SPRF-RS;DEL02-RS;UOP01-DEL02-RS
593338;11/04/2024;quinta-feira;18:40:00;GO;153;317;RIANAPOLIS;Iluminação deficiente;Colisão traseira;Com Vítimas Feridas;Plena Noite;Decrescente;Nublado;Simples;Reta;Não;5;0;1;0;3;1;1;4;-15,421203;-49,518402;SPRF-GO;DEL02-GO;UOP02-DEL02-GO
593345;11/04/2024;quinta-feira;19:00:00;SC;163;85,8;GUARACIABA;Ingestão de álcool pelo condutor;Saída de leito carroçável;Sem Vítimas;Plena Noite;Crescente;Nublado;Simples;"Curva;Rotatória;Aclive;Interseção de Vias";Sim;1;0;0;0;1;0;0;1;-26,5993393;-53,51500511;SPRF-SC;DEL07-SC;UOP03-DEL07-SC
593346;11/04/2024;quinta-feira;19:50:00;CE;222;122;ITAPAJE;Ingestão de álcool pelo condutor;Colisão transversal;Com Vítimas Feridas;Plena Noite;Crescente;Garoa/Chuvisco;Simples;Reta;Sim;4;0;0;1;2;1;1;3;-3,69938953;-39,57425626;SPRF-CE;DEL04-CE;UOP03-DEL04-CE
593347;11/04/2024;quinta-feira;20:00:00;SC;101;309,9;LAGUNA;Manobra de mudança de faixa;Colisão lateral mesmo sentido;Com Vítimas Feridas;Plena Noite;Decrescente;Chuva;Dupla;Reta;Não;3;0;1;0;1;1;1;3;-28,40755485;-48,79169438;SPRF-SC;DEL02-SC;UOP01-DEL02-SC
593350;05/04/2024;sexta-feira;19:00:00;AP;156;740;OIAPOQUE;Acostamento em desnível;Saída de leito carroçável;Sem Vítimas;Plena Noite;Crescente;Nevoeiro/Neblina;Simples;Curva;Não;2;0;0;0;1;1;0;2;3,25336577;-51,57866613;SPRF-AP;DEL01-AP;UOP03-DEL01-AP
593352;11/04/2024;quinta-feira;15:10:00;PR;376;115;ORTIGUEIRA;Velocidade Incompatível;Tombamento;Com Vítimas Feridas;Pleno dia;Crescente;Céu Claro;Dupla;"Declive;Curva";Não;2;0;1;0;0;1;1;2;-23,985591;-51,083305;SPRF-PR;DEL09-PR;UOP02-DEL09-PR
593358;11/04/2024;quinta-feira;19:30:00;SC;101;125;ITAJAI;Transitar na contramão;Colisão lateral sentido oposto;Com Vítimas Feridas;Plena Noite;Crescente;Nublado;Dupla;Reta;Não;2;0;0;1;1;0;1;2;-26,94802427;-48,68338515;SPRF-SC;DEL04-SC;UOP04-DEL04-SC
593359;11/04/2024;quinta-feira;21:00:00;BA;324;607;SIMOES FILHO;Ausência de reação do condutor;Colisão traseira;Com Vítimas Feridas;Plena Noite;Crescente;Garoa/Chuvisco;Dupla;Reta;Não;2;0;0;1;1;0;1;2;-12,80271203;-38,40391318;SPRF-BA;DEL01-BA;UOP01-DEL01-BA
593361;11/04/2024;quinta-feira;20:50:00;GO;40;41,9;LUZIANIA;Ausência de reação do condutor;Colisão frontal;Com Vítimas Fatais;Plena Noite;Decrescente;Céu Claro;Simples;"Aclive;Curva";Não;3;1;0;0;1;1;0;3;-16,375022;-47,830226;SPRF-DF;DEL01-DF;UOP02-DEL01-DF
593362;11/04/2024;quinta-feira;20:00:00;RO;364;718;PORTO VELHO;Reação tardia ou ineficiente do condutor;Colisão lateral mesmo sentido;Com Vítimas Feridas;Plena Noite;Decrescente;Chuva;Dupla;Reta;Não;2;0;0;1;1;0;1;2;-8,78573785;-63,89817015;SPRF-RO;DEL01-RO;UOP01-DEL01-RO
593364;11/04/2024;quinta-feira;22:15:00;SP;116;231;SAO PAULO;Reação tardia ou ineficiente do condutor;Colisão lateral mesmo sentido;Com Vítimas Feridas;Pleno dia;Decrescente;Céu Claro;Múltipla;Reta;Sim;2;0;1;0;0;1;1;2;-23,5290581;-46,59398303;SPRF-SP;DEL01-SP;UOP01-DEL01-SP
593371;11/04/2024;quinta-feira;20:00:00;MG;262;781;UBERABA;Transitar na contramão;Colisão frontal;Com Vítimas Fatais;Plena Noite;Decrescente;Céu Claro;Simples;"Declive;Curva";Não;3;1;0;0;1;2;0;4;-19,75033611;-47,76840193;SPRF-MG;DEL13-MG;UOP01-DEL13-MG
593374;22/03/2024;sexta-feira;21:15:00;PR;277;102,8;CAMPO LARGO;Reação tardia ou ineficiente do condutor;Saída de leito carroçável;Com Vítimas Fatais;Plena Noite;Decrescente;Nublado;Dupla;Reta;Não;2;1;0;0;1;0;0;2;-25,42954269;-49,39465815;SPRF-PR;DEL01-PR;UOP06-DEL01-PR
593379;11/04/2024;quinta-feira;21:50:00;MG;381;877,1;ESTIVA;Objeto estático sobre o leito carroçável;Saída de leito carroçável;Com Vítimas Fatais;Plena Noite;Decrescente;Nublado;Dupla;"Reta;Declive";Não;7;1;1;0;4;1;1;3;-22,48184;-46,010895;SPRF-MG;DEL16-MG;UOP01-DEL16-MG
593380;12/04/2024;sexta-feira;02:45:00;SE;101;74,3;MARUIM;Condutor Dormindo;Saída de leito carroçável;Com Vítimas Feridas;Plena Noite;Decrescente;Nublado;Dupla;Curva;Não;2;0;1;0;0;1;1;2;-10,76273662;-37,11145231;SPRF-SE;DEL01-SE;UOP01-DEL01-SE
593381;12/04/2024;sexta-feira;03:30:00;SP;116;30;CRUZEIRO;Condutor Dormindo;Colisão traseira;Com Vítimas Feridas;Plena Noite;Decrescente;Nublado;Dupla;"Reta;Declive";Não;2;0;1;0;1;0;1;2;-22,63400287;-44,93203106;SPRF-SP;DEL08-SP;UOP02-DEL08-SP
593384;12/04/2024;sexta-feira;04:45:00;CE;222;18,8;CAUCAIA;Ingestão de álcool pelo condutor;Colisão lateral sentido oposto;Com Vítimas Feridas;Plena Noite;Crescente;Garoa/Chuvisco;Simples;Reta;Não;3;0;1;0;2;0;1;3;-3,73715313;-38,74293507;SPRF-CE;DEL01-CE;UOP01-DEL01-CE
593385;12/04/2024;sexta-feira;05:00:00;ES;101;369;ANCHIETA;Velocidade Incompatível;Tombamento;Com Vítimas Feridas;Amanhecer;Crescente;Chuva;Simples;Curva;Não;2;0;0;1;0;1;1;2;-20,76055768;-40,75851633;SPRF-ES;DEL03-ES;UOP01-DEL03-ES
593388;12/04/2024;sexta-feira;04:50:00;PR;277;336;GUARAPUAVA;Condutor deixou de manter distância do veículo da frente;Engavetamento;Com Vítimas Fatais;Plena Noite;Crescente;Nublado;Dupla;"Declive;Curva";Não;11;2;2;0;6;4;2;10;-25,35828834;-51,35737181;SPRF-PR;DEL08-PR;UOP01-DEL08-PR
593392;12/04/2024;sexta-feira;05:00:00;RJ;116;146;DUQUE DE CAXIAS;Ausência de reação do condutor;Saída de leito carroçável;Com Vítimas Feridas;Amanhecer;Crescente;Céu Claro;Dupla;Reta;Não;1;0;1;0;0;0;1;1;-22,66687859;-43,26368215;SPRF-RJ;DEL01-RJ;UOP02-DEL01-RJ
593396;12/04/2024;sexta-feira;05:00:00;RJ;116;106;GUAPIMIRIM;Condutor Dormindo;Colisão traseira;Com Vítimas Feridas;Pleno dia;Crescente;Céu Claro;Simples;Reta;Sim;3;0;1;0;2;0;1;2;-22,521951;-43,00070097;SPRF-RJ;DEL04-RJ;UOP01-DEL04-RJ
593401;12/04/2024;sexta-feira;07:00:00;RN;101;98;NATAL;Reação tardia ou ineficiente do condutor;Colisão lateral mesmo sentido;Com Vítimas Feridas;Pleno dia;Decrescente;Céu Claro;Dupla;Interseção de Vias;Sim;2;0;1;0;1;0;1;2;-5,86567888;-35,21651625;SPRF-RN;DEL01-RN;UOP01-DEL01-RN
593404;10/02/2024;sábado;17:00:00;TO;153;366;FORTALEZA DO TABOCAO;Demais falhas na via;Colisão frontal;Sem Vítimas;Pleno dia;Decrescente;Chuva;Simples;Reta;Não;4;0;0;0;3;1;0;3;-9,11752593;-48,53156135;SPRF-TO;DEL02-TO;UOP02-DEL02-TO
593408;19/03/2024;terça-feira;17:20:00;PA;155;33;PAU DARCO;Demais falhas mecânicas ou elétricas;Incêndio;Sem Vítimas;Pleno dia;Decrescente;Ignorado;Simples;Reta;Não;2;0;0;0;1;2;0;3;-7,75549471;-50,05067252;SPRF-PA;DEL03-PA;UOP01-DEL03-PA
593419;12/04/2024;sexta-feira;08:30:00;PE;232;129;CARUARU;Acessar a via sem observar a presença dos outros veículos;Colisão traseira;Sem Vítimas;Pleno dia;Crescente;Céu Claro;Dupla;"Interseção de Vias;Reta";Não;4;0;0;0;3;1;0;4;-8,300698;-35,98601;SPRF-PE;DEL02-PE;UOP01-DEL02-PE
593420;12/04/2024;sexta-feira;07:30:00;RJ;40;22;TRES RIOS;Reação tardia ou ineficiente do condutor;Tombamento;Com Vítimas Feridas;Pleno dia;Crescente;Sol;Dupla;Curva;Não;3;0;1;0;1;1;1;2;-22,12244792;-43,1568498;SPRF-RJ;DEL05-RJ;UOP02-DEL05-RJ
593433;12/04/2024;sexta-feira;09:02:00;PR;277;347,2;GUARAPUAVA;Desrespeitar a preferência no cruzamento;Colisão frontal;Com Vítimas Feridas;Pleno dia;Decrescente;Céu Claro;Simples;Reta;Não;2;0;0;1;1;0;1;2;-25,37575671;-51,50354683;SPRF-PR;DEL08-PR;UOP01-DEL08-PR
593437;12/04/2024;sexta-feira;08:30:00;RJ;40;64;PETROPOLIS;Velocidade Incompatível;Colisão com objeto;Com Vítimas Feridas;Pleno dia;Decrescente;Céu Claro;Dupla;Curva;Não;3;0;1;0;1;1;1;3;-22,420418;-43,155285;SPRF-RJ;DEL05-RJ;UOP02-DEL05-RJ
593441;12/04/2024;sexta-feira;09:30:00;BA;116;643,2;JAGUAQUARA;Ausência de reação do condutor;Colisão traseira;Com Vítimas Feridas;Pleno dia;Crescente;Céu Claro;Simples;"Declive;Curva";Não;3;0;0;1;2;0;1;2;-13,60194027;-40,08851236;SPRF-BA;DEL03-BA;UOP01-DEL03-BA
593444;12/04/2024;sexta-feira;09:11:00;MG;262;52,9;MANHUACU;Condutor deixou de manter distância do veículo da frente;Colisão traseira;Com Vítimas Feridas;Pleno dia;Decrescente;Céu Claro;Simples;Reta;Sim;5;0;0;1;1;3;1;4;-20,24788425;-42,14549605;SPRF-MG;DEL06-MG;UOP03-DEL06-MG
593445;12/04/2024;sexta-feira;10:20:00;SC;101;458;SAO JOAO DO SUL;Reação tardia ou ineficiente do condutor;Saída de leito carroçável;Com Vítimas Feridas;Pleno dia;Decrescente;Chuva;Dupla;Curva;Não;1;0;1;0;0;0;1;1;-29,25045964;-49,75296021;SPRF-SC;DEL02-SC;UOP02-DEL02-SC
593446;12/04/2024;sexta-feira;11:05:00;SC;282;123,5;CHAPECO;Acessar a via sem observar a presença dos outros veículos;Colisão transversal;Com Vítimas Feridas;Pleno dia;Crescente;Céu Claro;Simples;Interseção de Vias;Sim;4;0;2;0;2;0;2;2;-26,99987267;-52,64639854;SPRF-SC;DEL05-SC;UOP01-DEL05-SC
593447;12/04/2024;sexta-feira;11:30:00;SC;158;105,5;CUNHA PORA;Ultrapassagem Indevida;Colisão lateral sentido oposto;Com Vítimas Feridas;Pleno dia;Decrescente;Céu Claro;Simples;Reta;Não;3;0;2;0;1;0;2;2;-26,87517922;-53,1636706;SPRF-SC;DEL07-SC;UOP02-DEL07-SC
593460;12/04/2024;sexta-feira;05:00:00;PA;10;176;PARAGOMINAS;Ingestão de álcool pelo condutor;Tombamento;Sem Vítimas;Plena Noite;Crescente;Céu Claro;Simples;Rotatória;Não;2;0;0;0;1;3;0;4;-2,89433295;-47,4335408;SPRF-PA;DEL02-PA;UOP01-DEL02-PA
593461;25/03/2024;segunda-feira;07:55:00;SC;101;129,5;BALNEARIO CAMBORIU;Reação tardia ou ineficiente do condutor;Colisão lateral mesmo sentido;Com Vítimas Fatais;Pleno dia;Crescente;Céu Claro;Múltipla;Reta;Sim;4;2;0;0;1;1;0;3;-26,9823592;-48,6743693;SPRF-SC;DEL04-SC;UOP03-DEL04-SC
593462;12/04/2024;sexta-feira;12:18:00;TO;153;510;PARAISO DO TOCANTINS;Condutor deixou de manter distância do veículo da frente;Colisão lateral mesmo sentido;Com Vítimas Feridas;Pleno dia;Decrescente;Céu Claro;Simples;Reta;Não;3;0;1;0;1;2;1;4;-10,29038403;-48,8830938;SPRF-TO;DEL01-TO;UOP01-DEL01-TO
593465;12/04/2024;sexta-feira;06:15:00;PA;10;125;PARAGOMINAS;Ausência de reação do condutor;Colisão frontal;Com Vítimas Fatais;Amanhecer;Crescente;Nevoeiro/Neblina;Simples;"Aclive;Reta";Não;5;1;0;2;1;1;2;3;-3,34807709;-47,45441134;SPRF-PA;DEL02-PA;UOP01-DEL02-PA
593474;12/04/2024;sexta-feira;13:00:00;PR;369;177,1;ROLANDIA;Área urbana sem a presença de local apropriado para a travessia de pedestres;Colisão transversal;Com Vítimas Feridas;Pleno dia;Decrescente;Céu Claro;Múltipla;Reta;Sim;3;0;0;2;1;0;2;3;-23,33473659;-51,38874829;SPRF-PR;DEL07-PR;UOP01-DEL07-PR
593475;12/04/2024;sexta-feira;13:10:00;MS;158;235;TRES LAGOAS;Carga excessiva e/ou mal acondicionada;Tombamento;Com Vítimas Feridas;Pleno dia;Decrescente;Céu Claro;Simples;Reta;Não;2;0;1;0;0;3;1;4;-20,60786927;-51,65611391;SPRF-MS;DEL07-MS;UOP01-DEL07-MS
593476;12/04/2024;sexta-feira;14:00:00;TO;153;133;ARAGUAINA;Transitar na contramão;Colisão lateral sentido oposto;Com Vítimas Feridas;Pleno dia;Decrescente;Sol;Simples;Reta;Sim;4;0;2;0;1;1;2;3;-7,11461109;-48,18743388;SPRF-TO;DEL02-TO;UOP01-DEL02-TO
593479;12/04/2024;sexta-feira;10:15:00;RJ;393;124;SAPUCAIA;Velocidade Incompatível;Tombamento;Com Vítimas Feridas;Pleno dia;Decrescente;Céu Claro;Simples;Curva;Não;2;0;0;1;0;1;1;2;-21,94148988;-42,82319999;SPRF-RJ;DEL05-RJ;UOP01-DEL05-RJ
593486;12/04/2024;sexta-feira;14:30:00;PE;428;185,2;PETROLINA;Acessar a via sem observar a presença dos outros veículos;Colisão lateral mesmo sentido;Sem Vítimas;Pleno dia;Decrescente;Céu Claro;Dupla;Reta;Não;2;0;0;0;2;0;0;2;-9,34563984;-40,47282887;SPRF-PE;DEL06-PE;UOP01-DEL06-PE
593495;12/04/2024;sexta-feira;14:30:00;PR;376;504;PONTA GROSSA;Velocidade Incompatível;Saída de leito carroçável;Sem Vítimas;Pleno dia;Decrescente;Céu Claro;Dupla;"Reta;Declive";Não;2;0;0;0;1;1;0;2;-25,23024416;-50,04503118;SPRF-PR;DEL03-PR;UOP04-DEL03-PR
593506;12/04/2024;sexta-feira;16:20:00;PE;101;74,7;RECIFE;Condutor deixou de manter distância do veículo da frente;Colisão traseira;Com Vítimas Feridas;Pleno dia;Decrescente;Céu Claro;Dupla;Reta;Sim;2;0;1;0;1;0;1;2;-8,10146485;-34,94901577;SPRF-PE;DEL01-PE;UOP01-DEL01-PE
593508;12/04/2024;sexta-feira;14:40:00;MT;364;275;JACIARA;Demais falhas mecânicas ou elétricas;Saída de leito carroçável;Com Vítimas Feridas;Pleno dia;Crescente;Nublado;Simples;Declive;Não;1;0;1;0;0;0;1;1;-15,95085604;-54,98237599;SPRF-MT;DEL05-MT;UOP02-DEL05-MT
593510;12/04/2024;sexta-feira;16:30:00;RS;392;670,2;SALVADOR DAS MISSOES;Transitar na contramão;Colisão frontal;Com Vítimas Fatais;Pleno dia;Crescente;Céu Claro;Simples;"Aclive;Reta";Não;2;1;0;0;1;0;0;2;-28,11792844;-54,80866293;SPRF-RS;DEL10-RS;UOP01-DEL10-RS
593514;12/04/2024;sexta-feira;16:00:00;RJ;116;148;DUQUE DE CAXIAS;Reação tardia ou ineficiente do condutor;Engavetamento;Com Vítimas Feridas;Pleno dia;Crescente;Céu Claro;Múltipla;"Viaduto;Reta";Sim;3;0;1;0;2;0;1;3;-22,6723488;-43,28215398;SPRF-RJ;DEL01-RJ;UOP02-DEL01-RJ
593515;12/04/2024;sexta-feira;16:05:00;RO;364;701;PORTO VELHO;Reação tardia ou ineficiente do condutor;Colisão traseira;Sem Vítimas;Pleno dia;Crescente;Céu Claro;Dupla;Reta;Não;3;0;0;0;2;1;0;3;-8,80049198;-63,777876;SPRF-RO;DEL01-RO;UOP01-DEL01-RO
593516;12/04/2024;sexta-feira;16:15:00;BA;116;376,1;SANTA BARBARA;Reação tardia ou ineficiente do condutor;Colisão traseira;Com Vítimas Feridas;Pleno dia;Crescente;Céu Claro;Simples;"Em Obras;Reta";Não;3;0;1;1;0;1;2;3;-11,818;-38,9773;SPRF-BA;DEL02-BA;UOP01-DEL02-BA
593520;12/04/2024;sexta-feira;17:55:00;CE;116;9;FORTALEZA;Trafegar com motocicleta (ou similar) entre as faixas;Colisão lateral mesmo sentido;Com Vítimas Feridas;Anoitecer;Crescente;Céu Claro;Múltipla;Reta;Sim;4;0;0;1;3;0;1;3;-3,82779096;-38,50486117;SPRF-CE;DEL01-CE;UOP02-DEL01-CE
593526;12/04/2024;sexta-feira;17:00:00;ES;262;170;IBATIBA;Desrespeitar a preferência no cruzamento;Colisão transversal;Com Vítimas Feridas;Pleno dia;Crescente;Nublado;Simples;"Curva;Interseção de Vias";Não;2;0;0;1;1;0;1;2;-20,26411;-41,580643;SPRF-ES;DEL01-ES;UOP02-DEL01-ES
593529;12/04/2024;sexta-feira;13:46:00;RN;406;40;GUAMARE;Demais falhas na via;Tombamento;Com Vítimas Feridas;Pleno dia;Crescente;Céu Claro;Simples;Reta;Não;2;0;0;1;0;1;1;2;-5,27475223;-36,3104471;SPRF-RN;DEL02-RN;UOP01-DEL02-RN
593534;12/04/2024;sexta-feira;18:00:00;SC;470;130;LONTRAS;Acessar a via sem observar a presença dos outros veículos;Colisão transversal;Com Vítimas Feridas;Plena Noite;Crescente;Garoa/Chuvisco;Simples;Retorno Regulamentado;Sim;3;0;1;0;2;0;1;3;-27,16052882;-49,55660105;SPRF-SC;DEL04-SC;UOP02-DEL04-SC
593543;12/04/2024;sexta-feira;18:17:00;GO;60;388;RIO VERDE;Manobra de mudança de faixa;Colisão transversal;Com Vítimas Feridas;Pleno dia;Decrescente;Céu Claro;Dupla;Reta;Sim;2;0;0;1;1;0;1;2;-17,8151;-50,9343;SPRF-GO;DEL04-GO;UOP02-DEL04-GO
593556;12/04/2024;sexta-feira;18:50:00;CE;222;139,9;IRAUCUBA;Pista esburacada;Colisão traseira;Com Vítimas Fatais;Plena Noite;Crescente;Céu Claro;Simples;Reta;Não;3;1;0;0;0;2;0;3;-3,74550768;-39,70014474;SPRF-CE;DEL04-CE;UOP03-DEL04-CE
593562;12/04/2024;sexta-feira;19:00:00;CE;116;198;LIMOEIRO DO NORTE;Acessar a via sem observar a presença dos outros veículos;Colisão lateral mesmo sentido;Com Vítimas Feridas;Plena Noite;Decrescente;Chuva;Simples;Reta;Não;3;0;1;0;1;1;1;3;-5,17331386;-38,17353112;SPRF-CE;DEL03-CE;UOP01-DEL03-CE
593575;12/04/2024;sexta-feira;20:20:00;SE;101;91,3;NOSSA SENHORA DO SOCORRO;Ingestão de álcool pelo condutor;Saída de leito carroçável;Com Vítimas Feridas;Plena Noite;Crescente;Céu Claro;Dupla;Reta;Sim;2;0;0;1;0;1;1;1;-10,89849802;-37,13176324;SPRF-SE;DEL01-SE;UOP01-DEL01-SE
593579;12/04/2024;sexta-feira;18:48:00;RO;364;802;PORTO VELHO;Manobra de mudança de faixa;Colisão frontal;Com Vítimas Feridas;Plena Noite;Decrescente;Céu Claro;Dupla;"Aclive;Reta";Sim;3;0;2;0;1;0;2;2;-9,25776124;-64,41284701;SPRF-RO;DEL01-RO;UOP02-DEL01-RO
593587;12/04/2024;sexta-feira;20:50:00;DF;70;14;BRASILIA;Reação tardia ou ineficiente do condutor;Saída de leito carroçável;Sem Vítimas;Plena Noite;Crescente;Céu Claro;Dupla;Retorno Regulamentado;Sim;2;0;0;0;1;1;0;2;-15,797312;-48,176056;SPRF-DF;DEL03-DF;UOP02-DEL03-DF
593598;12/04/2024;sexta-feira;10:50:00;PI;316;298;PICOS;Reação tardia ou ineficiente do condutor;Colisão com objeto;Com Vítimas Feridas;Pleno dia;Crescente;Céu Claro;Simples;Curva;Não;2;0;1;0;0;1;1;2;-7,02855707;-41,5570932;SPRF-PI;DEL04-PI;UOP01-DEL04-PI
593601;12/04/2024;sexta-feira;13:35:00;MT;70;697;CACERES;Ingestão de álcool pelo condutor;Tombamento;Sem Vítimas;Pleno dia;Crescente;Céu Claro;Simples;Curva;Não;2;0;0;0;1;1;0;2;-16,248868;-57,473575;SPRF-MT;DEL03-MT;UOP01-DEL03-MT
593608;12/04/2024;sexta-feira;22:15:00;MS;60;421,8;SIDROLANDIA;Mal súbito do condutor;Colisão lateral sentido oposto;Com Vítimas Feridas;Plena Noite;Crescente;Céu Claro;Simples;Reta;Não;2;0;0;1;1;0;1;2;-20,905735;-54,940905;SPRF-MS;DEL01-MS;UOP04-DEL01-MS
593609;12/04/2024;sexta-feira;21:50:00;BA;101;260;SANTO ANTONIO DE JESUS;Condutor deixou de manter distância do veículo da frente;Colisão traseira;Sem Vítimas;Plena Noite;Crescente;Garoa/Chuvisco;Simples;Aclive;Não;3;0;0;0;2;2;0;4;-13,06514836;-39,27837343;SPRF-BA;DEL01-BA;UOP02-DEL01-BA
593617;12/04/2024;sexta-feira;16:40:00;MG;116;538,6;SANTA RITA DE MINAS;Conversão proibida;Colisão transversal;Com Vítimas Feridas;Pleno dia;Decrescente;Céu Claro;Simples;Curva;Não;4;0;0;1;1;2;1;4;-19,87457783;-42,13216953;SPRF-MG;DEL06-MG;UOP02-DEL06-MG
593620;12/04/2024;sexta-feira;23:00:00;MA;10;270;IMPERATRIZ;Condutor deixou de manter distância do veículo da frente;Colisão traseira;Com Vítimas Feridas;Plena Noite;Crescente;Céu Claro;Simples;"Aclive;Reta";Não;3;0;0;1;2;0;1;2;-5,373673;-47,478401;SPRF-MA;DEL04-MA;UOP01-DEL04-MA
593622;12/04/2024;sexta-feira;19:00:00;MT;174;335;PONTES E LACERDA;Reação tardia ou ineficiente do condutor;Tombamento;Com Vítimas Feridas;Plena Noite;Decrescente;Garoa/Chuvisco;Simples;Reta;Não;2;0;1;0;0;1;1;2;-14,84077892;-59,31198487;SPRF-MT;DEL04-MT;UOP01-DEL04-MT