id;data_inversa;dia_semana;horario;uf;br;km;municipio;causa_acidente;tipo_acidente;classificacao_acidente;fase_dia;sentido_via;condicao_metereologica;tipo_pista;tracado_via;uso_solo;pessoas;mortos;feridos_leves;feridos_graves;ilesos;ignorados;feridos;veiculos;latitude;longitude;regional;delegacia;uop
594735;18/04/2024;quinta-feira;12:40:00;RJ;116;108;GUAPIMIRIM;Retorno proibido;Colisão transversal;Com Vítimas Feridas;Pleno dia;Decrescente;Nublado;Dupla;Reta;Sim;2;0;0;1;1;0;1;2;-22,53370595;-42,99335361;SPRF-RJ;DEL04-RJ;UOP01-DEL04-RJ
594736;26/03/2024;terça-feira;06:00:00;MG;40;589;ITABIRITO;Manobra de mudança de faixa;Colisão lateral sentido oposto;Com Vítimas Feridas;Pleno dia;Crescente;Chuva;Simples;Reta;Não;3;0;1;0;1;1;1;3;-20,3591;-43,90992896;SPRF-MG;DEL01-MG;UOP02-DEL01-MG
594740;18/04/2024;quinta-feira;13:30:00;PR;277;365;GUARAPUAVA;Reação tardia ou ineficiente do condutor;Saída de leito carroçável;Com Vítimas Feridas;Pleno dia;Crescente;Céu Claro;Simples;"Reta;Aclive";Não;3;0;1;0;0;2;1;3;-25,43214305;-51,60777698;SPRF-PR;DEL08-PR;UOP01-DEL08-PR
594745;18/04/2024;quinta-feira;11:48:00;GO;153;105;GOIANAPOLIS;Reação tardia ou ineficiente do condutor;Colisão lateral mesmo sentido;Com Vítimas Feridas;Pleno dia;Crescente;Sol;Dupla;"Reta;Declive";Não;3;0;1;0;1;1;1;3;-16,41871887;-49,01089731;SPRF-GO;DEL07-GO;UOP01-DEL07-GO
594748;18/04/2024;quinta-feira;15:15:00;MG;381;494;BETIM;Ausência de reação do condutor;Colisão traseira;Com Vítimas Feridas;Pleno dia;Decrescente;Chuva;Dupla;"Aclive;Reta";Sim;2;0;1;0;1;0;1;2;-19,97534232;-44,19277847;SPRF-MG;DEL01-MG;UOP03-DEL01-MG
594752;18/04/2024;quinta-feira;14:10:00;MG;365;558;INDIANOPOLIS;Reação tardia ou ineficiente do condutor;Colisão traseira;Com Vítimas Feridas;Pleno dia;Crescente;Nublado;Simples;"Reta;Em Obras";Não;3;0;0;1;2;0;1;2;-18,92628934;-47,76039001;SPRF-MG;DEL15-MG;UOP02-DEL15-MG
594761;18/04/2024;quinta-feira;15:30:00;SC;101;279,5;IMBITUBA;Reação tardia ou ineficiente do condutor;Colisão com objeto;Sem Vítimas;Pleno dia;Decrescente;Céu Claro;Múltipla;Reta;Não;2;0;0;0;1;3;0;4;-28,1916668;-48,69694233;SPRF-SC;DEL02-SC;UOP03-DEL02-SC
594764;18/04/2024;quinta-feira;17:00:00;MG;153;182;FRUTAL;Reação tardia ou ineficiente do condutor;Colisão lateral sentido oposto;Com Vítimas Feridas;Pleno dia;Decrescente;Nublado;Simples;Reta;Não;3;0;2;0;0;1;2;2;-19,87197386;-48,97350839;SPRF-MG;DEL13-MG;UOP02-DEL13-MG
594766;18/04/2024;quinta-feira;14:07:00;MG;381;649;SANTO ANTONIO DO AMPARO;Velocidade Incompatível;Colisão lateral mesmo sentido;Com Vítimas Feridas;Pleno dia;Crescente;Chuva;Dupla;Curva;Não;3;0;1;0;1;2;1;4;-20,96227294;-44,92925305;SPRF-MG;DEL04-MG;UOP02-DEL04-MG
594767;18/04/2024;quinta-feira;16:00:00;PR;376;490,9;PONTA GROSSA;Velocidade Incompatível;Engavetamento;Com Vítimas Feridas;Pleno dia;Decrescente;Sol;Dupla;"Declive;Reta";Não;5;0;0;2;2;3;2;7;-25,10734326;-50,19215584;SPRF-PR;DEL03-PR;UOP04-DEL03-PR
594774;18/04/2024;quinta-feira;15:05:00;SC;116;105,8;MONTE CASTELO;Demais falhas mecânicas ou elétricas;Colisão traseira;Sem Vítimas;Pleno dia;Decrescente;Céu Claro;Simples;Curva;Não;3;0;0;0;2;1;0;3;-26,75095005;-50,31749478;SPRF-SC;DEL06-SC;UOP02-DEL06-SC
594777;18/04/2024;quinta-feira;14:40:00;MT;163;540;DIAMANTINO;Ultrapassagem Indevida;Colisão lateral mesmo sentido;Com Vítimas Feridas;Pleno dia;Crescente;Céu Claro;Simples;Curva;Não;3;0;0;1;1;3;1;5;-14,38413105;-56,12218806;SPRF-MT;DEL01-MT;UOP01-DEL01-MT
594780;18/04/2024;quinta-feira;14:40:00;AL;101;62;MESSIAS;Velocidade Incompatível;Derramamento de carga;Com Vítimas Feridas;Pleno dia;Decrescente;Nublado;Dupla;Curva;Não;2;0;1;0;0;1;1;2;-9,30153295;-35,82114728;SPRF-AL;DEL01-AL;UOP02-DEL01-AL
594793;02/02/2024;sexta-feira;12:00:00;MS;163;135;NAVIRAI;Manobra de mudança de faixa;Colisão frontal;Com Vítimas Fatais;Pleno dia;Crescente;Céu Claro;Simples;"Declive;Reta";Não;37;1;17;6;12;4;23;7;-23,01910606;-54,30128306;SPRF-MS;DEL09-MS;UOP01-DEL09-MS
594797;18/04/2024;quinta-feira;18:35:00;RS;293;350;SANTA MARIA;Reação tardia ou ineficiente do condutor;Colisão com objeto;Sem Vítimas;Plena Noite;Crescente;Céu Claro;Simples;Retorno Regulamentado;Não;2;0;0;0;1;1;0;2;-29,74206236;-53,79386609;SPRF-RS;DEL11-RS;UOP01-DEL11-RS
594800;18/04/2024;quinta-feira;14:40:00;RS;290;157;ARROIO DOS RATOS;Ultrapassagem Indevida;Colisão frontal;Com Vítimas Fatais;Pleno dia;Crescente;Céu Claro;Simples;Reta;Não;5;1;1;1;1;2;2;5;-30,107643;-51,747883;SPRF-RS;DEL02-RS;UOP01-DEL02-RS
594808;18/04/2024;quinta-feira;17:10:00;SC;470;281,8;BRUNOPOLIS;Reação tardia ou ineficiente do condutor;Colisão traseira;Com Vítimas Feridas;Pleno dia;Decrescente;Céu Claro;Simples;Reta;Não;2;0;1;0;1;0;1;2;-27,335253;-50,880929;SPRF-SC;DEL07-SC;UOP06-DEL07-SC
594809;18/04/2024;quinta-feira;19:15:00;SC;470;86;RODEIO;Acessar a via sem observar a presença dos outros veículos;Colisão traseira;Com Vítimas Feridas;Plena Noite;Crescente;Nevoeiro/Neblina;Simples;Reta;Sim;3;0;2;0;1;0;2;2;-26,949951;-49,357296;SPRF-SC;DEL04-SC;UOP01-DEL04-SC
594810;18/04/2024;quinta-feira;19:20:00;MG;40;510;RIBEIRAO DAS NEVES;Chuva;Tombamento;Com Vítimas Feridas;Plena Noite;Decrescente;Chuva;Dupla;Reta;Não;2;0;1;0;0;1;1;2;-19,77463885;-44,12321882;SPRF-MG;DEL01-MG;UOP02-DEL01-MG
594811;18/04/2024;quinta-feira;19:55:00;RS;392;72,2;PELOTAS;Desrespeitar a preferência no cruzamento;Colisão transversal;Com Vítimas Feridas;Plena Noite;Crescente;Céu Claro;Simples;Interseção de Vias;Não;2;0;1;0;1;0;1;2;-31,721104;-52,389843;SPRF-RS;DEL07-RS;UOP01-DEL07-RS
594820;18/04/2024;quinta-feira;16:30:00;SC;163;72,2;SAO MIGUEL DO OESTE;Condutor deixou de manter distância do veículo da frente;Engavetamento;Com Vítimas Feridas;Pleno dia;Crescente;Céu Claro;Dupla;"Reta;Interseção de Vias";Sim;3;0;1;0;2;0;1;3;-26,72772401;-53,51281303;SPRF-SC;DEL07-SC;UOP03-DEL07-SC
594824;18/04/2024;quinta-feira;16:12:00;RO;364;10;VILHENA;Manobra de mudança de faixa;Colisão lateral mesmo sentido;Com Vítimas Feridas;Pleno dia;Decrescente;Céu Claro;Simples;Reta;Sim;4;0;1;0;1;3;1;5;-12,75194006;-60,10600907;SPRF-RO;DEL04-RO;UOP01-DEL04-RO
594826;18/04/2024;quinta-feira;20:05:00;MA;316;425,5;PERITORO;Acessar a via sem observar a presença dos outros veículos;Colisão traseira;Com Vítimas Feridas;Plena Noite;Decrescente;Nublado;Simples;Reta;Sim;2;0;0;1;1;0;1;2;-4,374085;-44,332352;SPRF-MA;DEL03-MA;UOP01-DEL03-MA
594828;18/04/2024;quinta-feira;18:00:00;RJ;116;199;QUEIMADOS;Acessar a via sem observar a presença dos outros veículos;Atropelamento de Pedestre;Com Vítimas Fatais;Plena Noite;Decrescente;Nublado;Dupla;Reta;Não;2;1;0;0;1;0;0;2;-22,72898648;-43,58452101;SPRF-RJ;DEL06-RJ;UOP02-DEL06-RJ
594830;18/04/2024;quinta-feira;20:30:00;MG;365;703;MONTE ALEGRE DE MINAS;Ausência de reação do condutor;Colisão traseira;Com Vítimas Feridas;Plena Noite;Decrescente;Nublado;Dupla;Reta;Não;3;0;1;0;1;2;1;4;-18,88272579;-49,02657302;SPRF-MG;DEL15-MG;UOP03-DEL15-MG
594831;18/04/2024;quinta-feira;21:35:00;MG;381;487;BETIM;Ausência de reação do condutor;Tombamento;Com Vítimas Feridas;Plena Noite;Crescente;Chuva;Dupla;Curva;Sim;9;0;0;1;7;1;1;6;-19,95586853;-44,14609501;SPRF-MG;DEL01-MG;UOP03-DEL01-MG
594836;18/04/2024;quinta-feira;19:50:00;SC;116;254;LAGES;Velocidade Incompatível;Tombamento;Com Vítimas Feridas;Plena Noite;Crescente;Céu Claro;Simples;Desvio Temporário;Não;2;0;0;1;0;1;1;2;-27,86721884;-50,39576317;SPRF-SC;DEL05-SC;UOP02-DEL05-SC
594838;18/04/2024;quinta-feira;18:10:00;MG;381;248;SANTANA DO PARAISO;Condutor Dormindo;Saída de leito carroçável;Sem Vítimas;Plena Noite;Crescente;Nublado;Simples;"Reta;Aclive";Não;1;0;0;0;1;0;0;1;-19,47088645;-42,53935557;SPRF-MG;DEL06-MG;UOP01-DEL06-MG
594840;18/04/2024;quinta-feira;15:30:00;MA;135;110;ITAPECURU MIRIM;Ausência de reação do condutor;Colisão frontal;Com Vítimas Fatais;Anoitecer;Crescente;Garoa/Chuvisco;Simples;Reta;Não;3;1;0;1;0;1;1;3;-3,43517703;-44,52090589;SPRF-MA;DEL01-MA;UOP02-DEL01-MA
594853;19/04/2024;sexta-feira;03:00:00;SP;116;483;CAJATI;Entrada inopinada do pedestre;Atropelamento de Pedestre;Com Vítimas Fatais;Plena Noite;Decrescente;Nevoeiro/Neblina;Dupla;Reta;Não;2;1;0;0;1;0;0;2;-24,72274238;-48,05286602;SPRF-SP;DEL05-SP;UOP01-DEL05-SP
594854;18/04/2024;quinta-feira;23:50:00;MG;116;67,7;MEDINA;Transitar na contramão;Colisão frontal;Com Vítimas Fatais;Plena Noite;Crescente;Céu Claro;Simples;Reta;Não;3;1;0;0;1;3;0;5;-16,188602;-41,463564;SPRF-MG;DEL11-MG;UOP02-DEL11-MG
594856;19/04/2024;sexta-feira;02:20:00;SP;116;512;CAJATI;Reação tardia ou ineficiente do condutor;Tombamento;Com Vítimas Feridas;Plena Noite;Decrescente;Céu Claro;Simples;"Curva;Declive";Não;2;0;1;0;0;1;1;2;-24,84304306;-48,22027915;SPRF-SP;DEL05-SP;UOP02-DEL05-SP
594858;18/04/2024;quinta-feira;20:25:00;MT;70;530;VARZEA GRANDE;Acesso irregular;Colisão transversal;Com Vítimas Feridas;Plena Noite;Decrescente;Céu Claro;Simples;Reta;Não;3;0;2;0;1;0;2;2;-15,652245;-56,201519;SPRF-MT;DEL01-MT;UOP02-DEL01-MT
594859;19/04/2024;sexta-feira;03:50:00;MG;381;545,9;ITATIAIUCU;Condutor Dormindo;Colisão traseira;Com Vítimas Feridas;Plena Noite;Decrescente;Céu Claro;Dupla;Curva;Não;3;0;0;1;1;1;1;3;-20,28766303;-44,43572087;SPRF-MG;DEL04-MG;UOP03-DEL04-MG
594868;19/04/2024;sexta-feira;03:40:00;PE;423;186,3;ITAIBA;Condutor Dormindo;Tombamento;Sem Vítimas;Amanhecer;Decrescente;Céu Claro;Simples;Reta;Não;1;0;0;0;1;0;0;1;-9,133045;-37,198836;SPRF-AL;DEL03-AL;UOP02-DEL03-AL
594869;19/04/2024;sexta-feira;05:20:00;RS;285;311,2;PASSO FUNDO;Condutor Dormindo;Colisão lateral sentido oposto;Com Vítimas Fatais;Plena Noite;Crescente;Céu Claro;Simples;Reta;Não;3;1;0;0;1;4;0;6;-28,240654;-52,54298;SPRF-RS;DEL08-RS;UOP03-DEL08-RS
594876;19/04/2024;sexta-feira;05:30:00;BA;324;462;CANDEAL;Ausência de reação do condutor;Tombamento;Com Vítimas Feridas;Pleno dia;Crescente;Céu Claro;Simples;Reta;Não;2;0;0;1;0;1;1;2;-11,94031714;-39,21490307;SPRF-BA;DEL02-BA;UOP01-DEL02-BA
594877;19/04/2024;sexta-feira;05:43:00;PE;232;154;SAO CAITANO;Ausência de reação do condutor;Colisão frontal;Com Vítimas Fatais;Amanhecer;Decrescente;Céu Claro;Simples;Reta;Não;3;1;1;1;0;0;2;2;-8,32819273;-36,19911602;SPRF-PE;DEL03-PE;UOP02-DEL03-PE
594883;18/04/2024;quinta-feira;22:30:00;RJ;101;137;CARAPEBUS;Condutor Dormindo;Colisão traseira;Com Vítimas Feridas;Plena Noite;Crescente;Céu Claro;Dupla;Reta;Não;3;0;1;0;1;1;1;3;-22,16075342;-41,74215889;SPRF-RJ;DEL08-RJ;UOP04-DEL08-RJ
594885;19/04/2024;sexta-feira;06:45:00;SC;101;199,3;BIGUACU;Condutor deixou de manter distância do veículo da frente;Colisão traseira;Com Vítimas Feridas;Pleno dia;Crescente;Céu Claro;Simples;Reta;Não;3;0;1;0;2;0;1;2;-27,53413705;-48,63003205;SPRF-SC;DEL01-SC;UOP01-DEL01-SC
594886;19/04/2024;sexta-feira;07:40:00;ES;101;290,4;CARIACICA;Ultrapassagem Indevida;Colisão lateral mesmo sentido;Com Vítimas Feridas;Pleno dia;Decrescente;Céu Claro;Dupla;"Retorno Regulamentado;Reta";Sim;4;0;0;1;2;1;1;3;-20,28927747;-40,39181575;SPRF-ES;DEL01-ES;UOP01-DEL01-ES
594893;19/04/2024;sexta-feira;07:23:00;PR;376;174,6;MARINGA;Condutor deixou de manter distância do veículo da frente;Colisão traseira;Com Vítimas Feridas;Pleno dia;Crescente;Céu Claro;Múltipla;Reta;Sim;3;0;0;1;1;1;1;3;-23,41430102;-51,94984299;SPRF-PR;DEL09-PR;UOP01-DEL09-PR
594894;19/04/2024;sexta-feira;06:30:00;GO;158;244;JATAI;Demais falhas mecânicas ou elétricas;Incêndio;Sem Vítimas;Amanhecer;Decrescente;Nevoeiro/Neblina;Simples;Reta;Não;2;0;0;0;1;3;0;4;-17,67921804;-51,83863329;SPRF-GO;DEL05-GO;UOP01-DEL05-GO
594895;19/04/2024;sexta-feira;05:00:00;PE;232;301,7;SERTANIA;Ingestão de álcool pelo condutor;Colisão frontal;Com Vítimas Feridas;Amanhecer;Crescente;Garoa/Chuvisco;Simples;Reta;Não;4;0;1;0;2;1;1;3;-8,22050091;-37,42024286;SPRF-PE;DEL04-PE;UOP02-DEL04-PE
594898;19/04/2024;sexta-feira;07:10:00;PR;376;593,9;CURITIBA;Velocidade Incompatível;Colisão lateral mesmo sentido;Com Vítimas Feridas;Amanhecer;Decrescente;Céu Claro;Dupla;"Reta;Aclive";Não;3;0;1;0;2;0;1;3;-25,47642706;-49,35092413;SPRF-PR;DEL01-PR;UOP06-DEL01-PR
594899;19/04/2024;sexta-feira;07:40:00;PE;424;88,9;GARANHUNS;Demais falhas mecânicas ou elétricas;Saída de leito carroçável;Com Vítimas Feridas;Pleno dia;Crescente;Chuva;Simples;Reta;Sim;1;0;1;0;0;0;1;1;-8,88289772;-36,50848532;SPRF-PE;DEL03-PE;UOP01-DEL03-PE
594905;14/03/2024;quinta-feira;14:40:00;PI;222;43;BRASILEIRA;Velocidade Incompatível;Saída de leito carroçável;Com Vítimas Feridas;Pleno dia;Decrescente;Sol;Simples;Reta;Não;2;0;1;1;0;0;2;1;-4,08647291;-41,5607771;SPRF-PI;DEL02-PI;UOP01-DEL02-PI
594907;19/04/2024;sexta-feira;08:00:00;MG;116;525,9;CARATINGA;Acessar a via sem observar a presença dos outros veículos;Colisão transversal;Sem Vítimas;Pleno dia;Decrescente;Céu Claro;Simples;Interseção de Vias;Sim;3;0;0;0;1;2;0;3;-19,76833785;-42,13105238;SPRF-MG;DEL06-MG;UOP02-DEL06-MG
594910;19/04/2024;sexta-feira;08:40:00;MG;381;447;SANTA LUZIA;Velocidade Incompatível;Tombamento;Sem Vítimas;Pleno dia;Decrescente;Céu Claro;Simples;Curva;Sim;2;0;0;0;1;1;0;2;-19,82277514;-43,81330675;SPRF-MG;DEL01-MG;UOP01-DEL01-MG
594911;19/04/2024;sexta-feira;09:20:00;PR;376;437,6;TIBAGI;Ausência de reação do condutor;Colisão lateral mesmo sentido;Sem Vítimas;Pleno dia;Decrescente;Sol;Dupla;"Declive;Curva";Não;4;0;0;0;3;2;0;4;-24,79047092;-50,50197537;SPRF-PR;DEL03-PR;UOP02-DEL03-PR
594914;19/04/2024;sexta-feira;07:45:00;RJ;40;121;DUQUE DE CAXIAS;Trafegar com motocicleta (ou similar) entre as faixas;Colisão lateral mesmo sentido;Com Vítimas Feridas;Pleno dia;Decrescente;Céu Claro;Simples;Reta;Não;3;0;1;0;2;0;1;2;-22,78185499;-43,28571273;SPRF-RJ;DEL01-RJ;UOP02-DEL01-RJ
594917;19/04/2024;sexta-feira;06:52:00;RJ;116;170;RIO DE JANEIRO;Ausência de reação do condutor;Colisão traseira;Com Vítimas Feridas;Pleno dia;Decrescente;Nublado;Dupla;Reta;Não;12;0;3;0;8;1;3;11;-22,81113183;-43,3336729;SPRF-RJ;DEL06-RJ;UOP01-DEL06-RJ
594918;19/04/2024;sexta-feira;06:50:00;SP;116;222;GUARULHOS;Reação tardia ou ineficiente do condutor;Colisão lateral mesmo sentido;Com Vítimas Feridas;Pleno dia;Decrescente;Céu Claro;Dupla;Reta;Sim;2;0;0;1;1;0;1;2;-23,47093408;-46,51631097;SPRF-SP;DEL01-SP;UOP01-DEL01-SP
594921;19/04/2024;sexta-feira;09:30:00;MT;364;349,7;SANTO ANTONIO DO LEVERGER;Ausência de reação do condutor;Tombamento;Com Vítimas Feridas;Pleno dia;Crescente;Céu Claro;Dupla;"Declive;Curva";Não;1;0;0;1;0;0;1;1;-15,80502622;-55,5546431;SPRF-MT;DEL05-MT;UOP02-DEL05-MT
594926;19/04/2024;sexta-feira;10:55:00;SP;153;78,8;BADY BASSITT;Acessar a via sem observar a presença dos outros veículos;Atropelamento de Pedestre;Com Vítimas Fatais;Pleno dia;Decrescente;Céu Claro;Dupla;"Reta;Aclive";Sim;4;1;0;0;2;1;0;3;-20,90580481;-49,46695089;SPRF-SP;DEL09-SP;UOP01-DEL09-SP
594927;19/04/2024;sexta-feira;06:10:00;GO;40;113;CRISTALINA;Condutor Dormindo;Saída de leito carroçável;Com Vítimas Feridas;Amanhecer;Crescente;Céu Claro;Dupla;Reta;Não;1;0;0;1;0;0;1;1;-16,847953;-47,483787;SPRF-DF;DEL01-DF;UOP02-DEL01-DF
594928;19/04/2024;sexta-feira;10:40:00;RS;285;319,2;PASSO FUNDO;Condutor deixou de manter distância do veículo da frente;Colisão traseira;Com Vítimas Feridas;Pleno dia;Decrescente;Céu Claro;Simples;Reta;Não;3;0;1;0;2;0;1;2;-28,269007;-52,610687;SPRF-RS;DEL08-RS;UOP03-DEL08-RS
594929;19/04/2024;sexta-feira;06:00:00;ES;262;137;BREJETUBA;Ingestão de álcool pelo condutor;Colisão lateral sentido oposto;Sem Vítimas;Pleno dia;Crescente;Céu Claro;Simples;Reta;Não;3;0;0;0;2;1;0;3;-20,23526078;-41,34327555;SPRF-ES;DEL01-ES;UOP02-DEL01-ES
594930;18/04/2024;quinta-feira;19:00:00;MG;262;672,7;IBIA;Demais falhas mecânicas ou elétricas;Derramamento de carga;Sem Vítimas;Plena Noite;Decrescente;Chuva;Simples;Curva;Não;2;0;0;0;1;2;0;3;-19,54237917;-46,81612789;SPRF-MG;DEL08-MG;UOP01-DEL08-MG
594931;15/03/2024;sexta-feira;01:13:00;SP;116;350;MIRACATU;Ausência de reação do condutor;Colisão traseira;Com Vítimas Feridas;Plena Noite;Decrescente;Céu Claro;Dupla;"Reta;Aclive";Não;3;0;1;0;1;2;1;4;-24,05853299;-47,21739301;SPRF-SP;DEL04-SP;UOP03-DEL04-SP
594938;19/04/2024;sexta-feira;12:05:00;MG;381;386,5;SAO GONCALO DO RIO ABAIXO;Velocidade Incompatível;Colisão frontal;Com Vítimas Feridas;Pleno dia;Crescente;Nublado;Simples;Curva;Não;4;0;2;0;1;2;2;4;-19,822337;-43,387112;SPRF-MG;DEL01-MG;UOP01-DEL01-MG
594941;19/04/2024;sexta-feira;12:00:00;BA;135;22;FORMOSA DO RIO PRETO;Condutor usando celular;Colisão traseira;Com Vítimas Feridas;Pleno dia;Decrescente;Céu Claro;Simples;Reta;Não;35;0;0;1;2;33;1;4;-11,01690597;-45,20825835;SPRF-BA;DEL08-BA;N/A
594945;19/04/2024;sexta-feira;12:50:00;SC;101;204;SAO JOSE;Reação tardia ou ineficiente do condutor;Colisão transversal;Com Vítimas Feridas;Pleno dia;Crescente;Céu Claro;Dupla;Reta;Sim;2;0;1;0;1;0;1;2;-27,57413014;-48,61363083;SPRF-SC;DEL01-SC;UOP01-DEL01-SC
594946;19/04/2024;sexta-feira;08:30:00;BA;116;597;IRAJUBA;Velocidade Incompatível;Saída de leito carroçável;Sem Vítimas;Pleno dia;Crescente;Céu Claro;Simples;"Curva;Declive";Não;2;0;0;0;1;1;0;2;-13,1886621;-40,00636166;SPRF-BA;DEL03-BA;UOP02-DEL03-BA
594967;19/04/2024;sexta-feira;11:45:00;GO;153;501;GOIANIA;Ausência de reação do condutor;Colisão com objeto;Sem Vítimas;Pleno dia;Crescente;Céu Claro;Dupla;Curva;Sim;2;0;0;0;2;0;0;2;-16,7189;-49,2382;SPRF-GO;DEL01-GO;UOP01-DEL01-GO
594971;19/04/2024;sexta-feira;13:30:00;RJ;116;174;RIO DE JANEIRO;Reação tardia ou ineficiente do condutor;Colisão lateral mesmo sentido;Sem Vítimas;Pleno dia;Decrescente;Céu Claro;Dupla;Reta;Sim;4;0;0;0;4;0;0;2;-22,79423806;-43,36403759;SPRF-RJ;DEL06-RJ;UOP01-DEL06-RJ
594972;19/04/2024;sexta-feira;12:14:00;PI;316;389;FRANCISCO MACEDO;Sinalização mal posicionada;Colisão traseira;Com Vítimas Feridas;Pleno dia;Decrescente;Céu Claro;Simples;Reta;Não;3;0;1;0;1;1;1;3;-7,27224281;-40,83709577;SPRF-PI;DEL04-PI;UOP03-DEL04-PI
594979;19/04/2024;sexta-feira;09:50:00;RS;116;358;TAPES;Ausência de reação do condutor;Saída de leito carroçável;Com Vítimas Feridas;Pleno dia;Crescente;Céu Claro;Dupla;Curva;Não;1;0;1;0;0;0;1;1;-30,60712596;-51,54060211;SPRF-RS;DEL02-RS;UOP02-DEL02-RS
594984;19/04/2024;sexta-feira;15:00:00;MT;158;706,6;BARRA DO GARCAS;Reação tardia ou ineficiente do condutor;Colisão lateral mesmo sentido;Com Vítimas Feridas;Pleno dia;Decrescente;Céu Claro;Simples;Reta;Não;5;0;2;0;2;1;2;3;-15,10820998;-52,21274494;SPRF-MT;DEL07-MT;UOP01-DEL07-MT
594985;19/04/2024;sexta-feira;10:30:00;MS;262;235,5;RIBAS DO RIO PARDO;Reação tardia ou ineficiente do condutor;Tombamento;Sem Vítimas;Pleno dia;Crescente;Céu Claro;Simples;"Reta;Declive";Não;2;0;0;0;1;1;0;2;-20,4576549;-53,72374535;SPRF-MS;DEL01-MS;UOP05-DEL01-MS
594991;19/04/2024;sexta-feira;16:45:00;RS;386;423,9;MONTENEGRO;Ausência de reação do condutor;Colisão lateral mesmo sentido;Sem Vítimas;Pleno dia;Decrescente;Céu Claro;Dupla;Reta;Não;2;0;0;0;2;0;0;2;-29,816875;-51,392719;SPRF-RS;DEL04-RS;UOP02-DEL04-RS
594995;19/04/2024;sexta-feira;14:00:00;MA;135;53;BACABEIRA;Manobra de mudança de faixa;Saída de leito carroçável;Com Vítimas Feridas;Pleno dia;Crescente;Chuva;Dupla;Reta;Não;2;0;1;0;0;1;1;2;-2,98920503;-44,31246375;SPRF-MA;DEL01-MA;UOP02-DEL01-MA
594999;15/03/2024;sexta-feira;15:10:00;MG;365;575;INDIANOPOLIS;Acesso irregular;Colisão frontal;Com Vítimas Feridas;Pleno dia;Crescente;Céu Claro;Simples;Reta;Não;4;0;1;1;1;1;2;3;-18,9060632;-47,90271878;SPRF-MG;DEL15-MG;UOP02-DEL15-MG
595000;19/04/2024;sexta-feira;14:10:00;SC;282;211,1;LAGES;Ausência de reação do condutor;Colisão traseira;Com Vítimas Feridas;Pleno dia;Crescente;Sol;Simples;"Reta;Aclive;Em Obras";Não;11;0;5;0;4;2;5;7;-27,780222;-50,241741;SPRF-SC;DEL05-SC;UOP01-DEL05-SC
595002;19/04/2024;sexta-feira;16:30:00;ES;101;287,9;CARIACICA;Ausência de reação do condutor;Tombamento;Sem Vítimas;Pleno dia;Crescente;Céu Claro;Dupla;Curva;Sim;2;0;0;0;1;1;0;2;-20,27160351;-40,39091743;SPRF-ES;DEL01-ES;UOP01-DEL01-ES
595004;19/04/2024;sexta-feira;16:39:00;SP;116;358;MIRACATU;Demais falhas mecânicas ou elétricas;Incêndio;Sem Vítimas;Pleno dia;Crescente;Céu Claro;Dupla;"Declive;Curva";Não;2;0;0;0;1;1;0;2;-24,10289207;-47,25984898;SPRF-SP;DEL04-SP;UOP03-DEL04-SP
595019;19/04/2024;sexta-feira;18:00:00;SC;470;180,6;POUSO REDONDO;Acessar a via sem observar a presença dos outros veículos;Colisão transversal;Com Vítimas Feridas;Pleno dia;Crescente;Céu Claro;Simples;Reta;Não;2;0;0;1;1;0;1;2;-27,249525;-49,987041;SPRF-SC;DEL04-SC;UOP02-DEL04-SC
595020;15/02/2024;quinta-feira;18:50:00;SC;282;51,8;AGUAS MORNAS;Transitar na contramão;Colisão transversal;Com Vítimas Feridas;Anoitecer;Decrescente;Garoa/Chuvisco;Simples;Curva;Não;3;0;0;1;1;1;1;3;-27,703712;-48,959267;SPRF-SC;DEL01-SC;UOP03-DEL01-SC
595021;19/04/2024;sexta-feira;16:45:00;MA;135;18;SAO LUIS;Acessar a via sem observar a presença dos outros veículos;Colisão transversal;Com Vítimas Feridas;Pleno dia;Decrescente;Nublado;Simples;"Curva;Aclive;Interseção de Vias";Não;2;0;0;1;1;0;1;2;-2,53073;-44,3068;SPRF-MA;DEL01-MA;UOP01-DEL01-MA
595029;19/04/2024;sexta-feira;14:15:00;MG;116;317;ITAMBACURI;Ausência de reação do condutor;Colisão traseira;Com Vítimas Feridas;Pleno dia;Decrescente;Céu Claro;Simples;Reta;Não;4;0;2;0;0;2;2;3;-18,128808;-41,69483198;SPRF-MG;DEL11-MG;UOP01-DEL11-MG
595043;19/04/2024;sexta-feira;19:05:00;SC;116;251,1;LAGES;Desrespeitar a preferência no cruzamento;Colisão transversal;Com Vítimas Feridas;Plena Noite;Crescente;Céu Claro;Simples;Interseção de Vias;Sim;4;0;2;0;1;1;2;3;-27,84512201;-50,37880391;SPRF-SC;DEL05-SC;UOP02-DEL05-SC
595044;19/04/2024;sexta-feira;18:02:00;SP;116;229;SAO PAULO;Reação tardia ou ineficiente do condutor;Colisão lateral mesmo sentido;Com Vítimas Feridas;Plena Noite;Decrescente;Céu Claro;Múltipla;Reta;Sim;2;0;1;0;1;0;1;2;-23,51291902;-46,57604698;SPRF-SP;DEL01-SP;UOP01-DEL01-SP
595046;19/04/2024;sexta-feira;15:40:00;BA;101;534;SAO JOSE DA VITORIA;Curva acentuada;Tombamento;Com Vítimas Feridas;Pleno dia;Crescente;Céu Claro;Simples;Curva;Não;5;0;1;0;3;1;1;3;-15,1537051;-39,40306294;SPRF-BA;DEL05-BA;UOP01-DEL05-BA