id;data_inversa;dia_semana;horario;uf;br;km;municipio;causa_acidente;tipo_acidente;classificacao_acidente;fase_dia;sentido_via;condicao_metereologica;tipo_pista;tracado_via;uso_solo;pessoas;mortos;feridos_leves;feridos_graves;ilesos;ignorados;feridos;veiculos;latitude;longitude;regional;delegacia;uop
595058;19/04/2024;sexta-feira;17:30:00;RJ;116;199;QUEIMADOS;Reação tardia ou ineficiente do condutor;Colisão lateral mesmo sentido;Com Vítimas Feridas;Anoitecer;Decrescente;Nublado;Dupla;Reta;Não;2;0;0;1;0;1;1;2;-22,72898648;-43,58452101;SPRF-RJ;DEL06-RJ;UOP02-DEL06-RJ
595063;19/04/2024;sexta-feira;20:20:00;CE;116;28;AQUIRAZ;Ausência de reação do condutor;Engavetamento;Com Vítimas Feridas;Plena Noite;Decrescente;Céu Claro;Dupla;Reta;Não;4;0;1;0;2;1;1;4;-3,993072;-38,516277;SPRF-CE;DEL01-CE;UOP02-DEL01-CE
595070;19/04/2024;sexta-feira;21:10:00;GO;414;403,2;ABADIANIA;Reação tardia ou ineficiente do condutor;Colisão traseira;Com Vítimas Feridas;Plena Noite;Crescente;Céu Claro;Simples;Declive;Não;5;0;4;0;0;1;4;3;-15,99991995;-48,83982712;SPRF-GO;DEL02-GO;UOP01-DEL02-GO
595071;19/04/2024;sexta-feira;20:00:00;MT;364;354;SANTO ANTONIO DO LEVERGER;Condutor Dormindo;Saída de leito carroçável;Com Vítimas Feridas;Plena Noite;Crescente;Nublado;Dupla;Reta;Não;3;0;0;1;1;3;1;5;-15,79674629;-55,59138;SPRF-MT;DEL05-MT;UOP02-DEL05-MT
595073;03/04/2024;quarta-feira;22:40:00;MG;381;609,8;OLIVEIRA;Demais falhas mecânicas ou elétricas;Eventos atípicos;Com Vítimas Feridas;Plena Noite;Crescente;Céu Claro;Dupla;Reta;Não;1;0;0;1;0;0;1;1;-20,677914;-44,738605;SPRF-MG;DEL04-MG;UOP01-DEL04-MG
595087;19/04/2024;sexta-feira;16:15:00;MG;381;249,1;SANTANA DO PARAISO;Ultrapassagem Indevida;Colisão frontal;Com Vítimas Feridas;Pleno dia;Crescente;Céu Claro;Simples;Reta;Não;3;0;0;1;1;2;1;4;-19,44412107;-42,51326501;SPRF-MG;DEL06-MG;UOP01-DEL06-MG
595088;19/04/2024;sexta-feira;19:30:00;PR;163;291;MARECHAL CANDIDO RONDON;Demais falhas mecânicas ou elétricas;Incêndio;Sem Vítimas;Pleno dia;Crescente;Céu Claro;Simples;"Reta;Aclive";Não;2;0;0;0;1;2;0;3;-24,5193983;-54,09529567;SPRF-PR;DEL06-PR;UOP02-DEL06-PR
595089;19/04/2024;sexta-feira;22:50:00;RS;290;75;GRAVATAI;Velocidade Incompatível;Colisão lateral mesmo sentido;Sem Vítimas;Plena Noite;Decrescente;Ignorado;Simples;Curva;Sim;5;0;0;0;4;1;0;3;-29,95521;-51,006855;SPRF-RS;DEL01-RS;UOP01-DEL01-RS
595093;19/04/2024;sexta-feira;23:30:00;ES;101;179;ARACRUZ;Acessar a via sem observar a presença dos outros veículos;Colisão transversal;Com Vítimas Fatais;Plena Noite;Crescente;Nublado;Simples;Reta;Não;3;1;0;0;1;1;0;3;-19,6198609;-40,21793246;SPRF-ES;DEL04-ES;UOP01-DEL04-ES
595094;19/04/2024;sexta-feira;22:00:00;PR;369;178;ROLANDIA;Entrada inopinada do pedestre;Atropelamento de Pedestre;Com Vítimas Fatais;Plena Noite;Crescente;Céu Claro;Dupla;Reta;Não;3;1;0;0;1;1;0;3;-23,35599689;-51,39377475;SPRF-PR;DEL07-PR;UOP01-DEL07-PR
595098;11/02/2024;domingo;18:00:00;PB;412;82;SERRA BRANCA;Avarias e/ou desgaste excessivo no pneu;Saída de leito carroçável;Com Vítimas Feridas;Plena Noite;Crescente;Céu Claro;Simples;Reta;Não;1;0;1;0;0;0;1;1;-7,5193;-36,709885;SPRF-PB;DEL02-PB;UOP02-DEL02-PB
595101;19/04/2024;sexta-feira;15:30:00;MA;226;369,5;GRAJAU;Ultrapassagem Indevida;Colisão frontal;Com Vítimas Fatais;Pleno dia;Crescente;Céu Claro;Simples;Reta;Não;3;1;0;0;2;0;0;2;-5,61536468;-45,75504217;SPRF-MA;DEL06-MA;UOP01-DEL06-MA
595105;19/04/2024;sexta-feira;23:30:00;SP;381;79;SAO PAULO;Reação tardia ou ineficiente do condutor;Tombamento;Sem Vítimas;Plena Noite;Decrescente;Céu Claro;Dupla;Curva;Não;2;0;0;0;1;1;0;2;-23,40319901;-46,57564699;SPRF-SP;DEL03-SP;UOP01-DEL03-SP
595108;19/04/2024;sexta-feira;23:20:00;MT;70;512;VARZEA GRANDE;Condutor deixou de manter distância do veículo da frente;Colisão traseira;Com Vítimas Feridas;Plena Noite;Crescente;Céu Claro;Simples;Curva;Não;3;0;1;0;1;3;1;5;-15,704693;-56,121338;SPRF-MT;DEL01-MT;UOP02-DEL01-MT
595109;19/04/2024;sexta-feira;22:50:00;GO;60;26;ALEXANIA;Reação tardia ou ineficiente do condutor;Colisão lateral mesmo sentido;Sem Vítimas;Plena Noite;Decrescente;Céu Claro;Dupla;"Reta;Aclive;Ponte";Não;3;0;0;0;2;2;0;4;-16,0963;-48,5202;SPRF-DF;DEL03-DF;UOP01-DEL03-DF
595111;20/04/2024;sábado;01:00:00;RJ;116;229;PIRAI;Problema com o freio;Capotamento;Com Vítimas Feridas;Plena Noite;Decrescente;Céu Claro;Dupla;"Declive;Curva";Não;1;0;0;1;0;0;1;1;-22,65223367;-43,82992389;SPRF-RJ;DEL07-RJ;UOP01-DEL07-RJ
595113;19/04/2024;sexta-feira;23:30:00;SC;116;58;PAPANDUVA;Ingestão de álcool pelo condutor;Colisão transversal;Sem Vítimas;Plena Noite;Decrescente;Céu Claro;Simples;"Interseção de Vias;Reta";Não;3;0;0;0;2;1;0;3;-26,37772259;-50,19785907;SPRF-SC;DEL06-SC;UOP02-DEL06-SC
595115;20/04/2024;sábado;00:00:00;RO;364;28;VILHENA;Ingestão de álcool pelo condutor;Colisão transversal;Sem Vítimas;Plena Noite;Crescente;Nublado;Simples;Reta;Não;3;0;0;0;2;1;0;3;-12,71985725;-60,26500924;SPRF-RO;DEL04-RO;UOP01-DEL04-RO
595120;19/04/2024;sexta-feira;23:50:00;MA;316;455;PERITORO;Demais falhas mecânicas ou elétricas;Incêndio;Sem Vítimas;Plena Noite;Crescente;Céu Claro;Simples;"Aclive;Reta";Não;1;0;0;0;1;0;0;1;-4,501614;-44,100071;SPRF-MA;DEL03-MA;UOP01-DEL03-MA
595125;20/04/2024;sábado;03:30:00;SC;101;129,2;BALNEARIO CAMBORIU;Pedestre cruzava a pista fora da faixa;Atropelamento de Pedestre;Com Vítimas Fatais;Plena Noite;Decrescente;Céu Claro;Dupla;Reta;Sim;2;1;0;0;1;0;0;2;-26,98089552;-48,67816687;SPRF-SC;DEL04-SC;UOP03-DEL04-SC
595132;20/04/2024;sábado;05:10:00;SP;116;488;CAJATI;Suicídio (presumido);Eventos atípicos;Com Vítimas Feridas;Amanhecer;Decrescente;Nublado;Simples;Reta;Sim;2;0;0;1;1;0;1;1;-24,73097634;-48,09815591;SPRF-SP;DEL05-SP;UOP01-DEL05-SP
595133;20/04/2024;sábado;04:10:00;PI;222;0,4;SAO JOAO DA FRONTEIRA;Pista esburacada;Tombamento;Com Vítimas Feridas;Amanhecer;Crescente;Ignorado;Simples;"Curva;Declive";Não;1;0;1;0;0;0;1;1;-3,918148;-41,23305;SPRF-PI;DEL02-PI;UOP01-DEL02-PI
595134;20/04/2024;sábado;06:10:00;MG;40;500;ESMERALDAS;Condutor Dormindo;Colisão traseira;Com Vítimas Feridas;Pleno dia;Crescente;Céu Claro;Dupla;Reta;Não;10;0;8;0;2;0;8;2;-19,70073502;-44,17382703;SPRF-MG;DEL02-MG;UOP01-DEL02-MG
595148;20/04/2024;sábado;07:10:00;PR;116;42;CAMPINA GRANDE DO SUL;Demais Fenômenos da natureza;Colisão traseira;Com Vítimas Feridas;Amanhecer;Decrescente;Sol;Múltipla;Reta;Não;5;0;2;1;1;1;3;3;-25,17611697;-48,874256;SPRF-PR;DEL01-PR;UOP02-DEL01-PR
595149;20/04/2024;sábado;06:45:00;RN;101;137,4;ARES;Restrição de visibilidade em curvas verticais;Colisão traseira;Com Vítimas Fatais;Pleno dia;Decrescente;Chuva;Dupla;Declive;Não;4;1;0;1;1;3;1;5;-6,18022401;-35,21699006;SPRF-RN;DEL01-RN;UOP01-DEL01-RN
595156;20/04/2024;sábado;07:25:00;PE;101;92,4;CABO DE SANTO AGOSTINHO;Chuva;Colisão com objeto;Sem Vítimas;Pleno dia;Crescente;Chuva;Dupla;Reta;Sim;1;0;0;0;1;0;0;1;-8,23201792;-34,99778611;SPRF-PE;DEL01-PE;UOP01-DEL01-PE
595158;20/04/2024;sábado;05:30:00;MG;381;565;ITAGUARA;Estacionar ou parar em local proibido;Colisão traseira;Com Vítimas Feridas;Amanhecer;Decrescente;Céu Claro;Dupla;Curva;Sim;3;0;1;0;1;3;1;5;-20,40868701;-44,52561498;SPRF-MG;DEL04-MG;UOP03-DEL04-MG
595160;20/04/2024;sábado;07:40:00;PE;101;45;IGARASSU;Condutor deixou de manter distância do veículo da frente;Colisão traseira;Com Vítimas Feridas;Pleno dia;Decrescente;Chuva;Dupla;Reta;Sim;5;0;3;0;2;0;3;2;-7,86521297;-34,90715176;SPRF-PE;DEL01-PE;UOP02-DEL01-PE
595173;20/04/2024;sábado;09:45:00;MG;381;492;BETIM;Ausência de reação do condutor;Colisão lateral mesmo sentido;Com Vítimas Feridas;Pleno dia;Decrescente;Céu Claro;Dupla;"Curva;Aclive";Não;3;0;1;0;2;0;1;2;-19,97490091;-44,19004301;SPRF-MG;DEL01-MG;UOP03-DEL01-MG
595174;12/04/2024;sexta-feira;07:30:00;SC;282;71,9;RANCHO QUEIMADO;Chuva;Tombamento;Com Vítimas Feridas;Pleno dia;Decrescente;Chuva;Simples;Curva;Não;2;0;0;1;0;1;1;2;-27,689093;-49,097748;SPRF-SC;DEL01-SC;UOP03-DEL01-SC
595175;20/04/2024;sábado;07:10:00;PR;116;42;CAMPINA GRANDE DO SUL;Demais Fenômenos da natureza;Colisão traseira;Com Vítimas Feridas;Amanhecer;Decrescente;Céu Claro;Dupla;Reta;Não;3;0;1;0;1;2;1;4;-25,17611697;-48,874256;SPRF-PR;DEL01-PR;UOP02-DEL01-PR
595178;20/04/2024;sábado;09:00:00;MT;364;350,4;SANTO ANTONIO DO LEVERGER;Reação tardia ou ineficiente do condutor;Saída de leito carroçável;Com Vítimas Feridas;Pleno dia;Crescente;Céu Claro;Dupla;"Declive;Curva";Não;2;0;1;0;0;1;1;2;-15,80518241;-55,55686807;SPRF-MT;DEL05-MT;UOP02-DEL05-MT
595180;20/04/2024;sábado;09:00:00;SC;101;213,3;PALHOCA;Acessar a via sem observar a presença dos outros veículos;Colisão transversal;Sem Vítimas;Pleno dia;Decrescente;Sol;Múltipla;"Reta;Interseção de Vias;Viaduto";Sim;2;0;0;0;2;0;0;2;-27,63697369;-48,66514142;SPRF-SC;DEL01-SC;UOP02-DEL01-SC
595181;20/04/2024;sábado;06:37:00;GO;20;205,8;POSSE;Ausência de reação do condutor;Colisão frontal;Com Vítimas Fatais;Pleno dia;Crescente;Céu Claro;Simples;Curva;Não;4;2;0;0;0;13;0;15;-14,278563;-46,405285;SPRF-DF;DEL02-DF;UOP03-DEL02-DF
595188;20/04/2024;sábado;09:30:00;MG;381;908,2;CAMBUI;Reação tardia ou ineficiente do condutor;Colisão com objeto;Com Vítimas Feridas;Pleno dia;Decrescente;Céu Claro;Múltipla;"Declive;Curva";Não;2;0;1;0;0;1;1;2;-22,71744092;-46,12652111;SPRF-MG;DEL16-MG;UOP03-DEL16-MG
595192;16/03/2024;sábado;11:49:00;BA;116;544;MILAGRES;Mal súbito do condutor;Colisão frontal;Sem Vítimas;Pleno dia;Decrescente;Céu Claro;Simples;Reta;Não;3;0;0;0;2;1;0;3;-12,82137806;-39,82689376;SPRF-BA;DEL03-BA;UOP02-DEL03-BA
595193;20/04/2024;sábado;11:15:00;SC;282;179,2;BOCAINA DO SUL;Transitar no Acostamento;Colisão traseira;Com Vítimas Feridas;Pleno dia;Crescente;Céu Claro;Simples;Reta;Não;4;0;1;2;0;1;3;3;-27,740141;-49,930519;SPRF-SC;DEL05-SC;UOP01-DEL05-SC
595201;20/04/2024;sábado;11:40:00;PR;116;91,6;SAO JOSE DOS PINHAIS;Manobra de mudança de faixa;Colisão lateral mesmo sentido;Sem Vítimas;Pleno dia;Decrescente;Céu Claro;Dupla;Reta;Não;4;0;0;0;4;0;0;3;-25,50173873;-49,12064552;SPRF-PR;DEL01-PR;UOP07-DEL01-PR
595205;20/04/2024;sábado;13:58:00;BA;101;893,1;CARAVELAS;Ultrapassagem Indevida;Colisão frontal;Com Vítimas Fatais;Pleno dia;Crescente;Céu Claro;Simples;Reta;Não;7;3;0;2;1;2;2;5;-17,669006;-39,773391;SPRF-BA;DEL09-BA;UOP02-DEL09-BA
595208;20/04/2024;sábado;13:00:00;MG;40;480,9;SETE LAGOAS;Pedestre andava na pista;Atropelamento de Pedestre;Com Vítimas Feridas;Pleno dia;Decrescente;Céu Claro;Dupla;"Declive;Reta";Não;5;0;0;1;3;2;1;6;-19,54293519;-44,2485434;SPRF-MG;DEL02-MG;UOP01-DEL02-MG
595225;20/04/2024;sábado;13:15:00;MG;381;432,2;SABARA;Problema com o freio;Colisão lateral sentido oposto;Sem Vítimas;Pleno dia;Crescente;Céu Claro;Simples;"Declive;Reta";Não;2;0;0;0;2;0;0;2;-19,78664827;-43,71918082;SPRF-MG;DEL01-MG;UOP01-DEL01-MG
595227;19/04/2024;sexta-feira;16:30:00;MA;226;229,4;TUNTUM;Condutor Dormindo;Colisão traseira;Com Vítimas Feridas;Pleno dia;Decrescente;Sol;Simples;Reta;Não;2;0;0;1;0;1;1;2;-5,34310867;-44,70081804;SPRF-MA;DEL06-MA;UOP01-DEL06-MA
595230;20/04/2024;sábado;15:00:00;RS;153;7,4;CACHOEIRA DO SUL;Acessar a via sem observar a presença dos outros veículos;Colisão transversal;Com Vítimas Feridas;Pleno dia;Crescente;Sol;Simples;Curva;Sim;3;0;1;0;2;0;1;2;-30,02807202;-52,86398672;SPRF-RS;DEL02-RS;UOP03-DEL02-RS
595235;20/04/2024;sábado;15:30:00;RS;153;495;CACAPAVA DO SUL;Reação tardia ou ineficiente do condutor;Colisão traseira;Com Vítimas Feridas;Pleno dia;Decrescente;Céu Claro;Simples;Reta;Não;2;0;1;0;1;0;1;2;-30,42236184;-53,37245559;SPRF-RS;DEL09-RS;UOP02-DEL09-RS
595236;20/04/2024;sábado;15:54:00;MS;262;265;RIBAS DO RIO PARDO;Avarias e/ou desgaste excessivo no pneu;Colisão frontal;Com Vítimas Feridas;Pleno dia;Crescente;Céu Claro;Simples;"Reta;Aclive";Não;3;0;1;1;0;1;2;2;-20,4299829;-53,97832505;SPRF-MS;DEL01-MS;UOP05-DEL01-MS
595239;20/04/2024;sábado;15:10:00;RJ;116;229,2;PIRAI;Reação tardia ou ineficiente do condutor;Colisão com objeto;Com Vítimas Feridas;Pleno dia;Decrescente;Chuva;Dupla;Curva;Não;3;0;1;0;1;2;1;4;-22,65646622;-43,82206692;SPRF-RJ;DEL07-RJ;UOP01-DEL07-RJ
595255;20/04/2024;sábado;14:40:00;BA;101;864;TEIXEIRA DE FREITAS;Transitar na contramão;Colisão frontal;Com Vítimas Feridas;Pleno dia;Crescente;Céu Claro;Simples;Reta;Não;3;0;1;1;0;1;2;3;-17,63887799;-39,76941611;SPRF-BA;DEL09-BA;UOP02-DEL09-BA
595256;20/04/2024;sábado;16:30:00;RS;290;99;PORTO ALEGRE;Ausência de reação do condutor;Colisão com objeto;Sem Vítimas;Pleno dia;Crescente;Céu Claro;Dupla;Reta;Sim;1;0;0;0;1;0;0;1;-29,98879113;-51,23493433;SPRF-RS;DEL01-RS;UOP01-DEL01-RS
595260;20/04/2024;sábado;17:00:00;GO;60;55,8;ABADIANIA;Condutor deixou de manter distância do veículo da frente;Tombamento;Com Vítimas Feridas;Pleno dia;Decrescente;Céu Claro;Dupla;Reta;Não;2;0;1;0;1;0;1;2;-16,1737;-48,6483;SPRF-GO;DEL02-GO;UOP01-DEL02-GO
595261;20/04/2024;sábado;16:30:00;BA;324;355;CAPIM GROSSO;Acessar a via sem observar a presença dos outros veículos;Colisão transversal;Com Vítimas Feridas;Pleno dia;Crescente;Nublado;Simples;Reta;Sim;7;0;1;2;4;0;3;2;-11,38379287;-40,00006199;SPRF-BA;DEL04-BA;UOP02-DEL04-BA
595272;20/04/2024;sábado;19:00:00;RS;285;457,1;IJUI;Acessar a via sem observar a presença dos outros veículos;Colisão transversal;Com Vítimas Feridas;Plena Noite;Decrescente;Céu Claro;Simples;Reta;Sim;4;0;1;0;3;0;1;2;-28,3979504;-53,89774561;SPRF-RS;DEL10-RS;UOP01-DEL10-RS
595283;20/04/2024;sábado;17:15:00;BA;116;902;CANDIDO SALES;Condutor deixou de manter distância do veículo da frente;Colisão traseira;Com Vítimas Feridas;Pleno dia;Decrescente;Céu Claro;Simples;Reta;Não;2;0;0;1;0;1;1;2;-15,37380567;-41,19182131;SPRF-BA;DEL08-BA;UOP03-DEL08-BA
595304;20/04/2024;sábado;15:30:00;MG;459;25,5;CALDAS;Velocidade Incompatível;Tombamento;Com Vítimas Feridas;Pleno dia;Crescente;Céu Claro;Simples;Curva;Não;2;0;1;0;0;1;1;2;-21,884323;-46,385551;SPRF-MG;DEL09-MG;UOP01-DEL09-MG
595306;20/04/2024;sábado;20:20:00;MG;381;351;JOAO MONLEVADE;Transitar na contramão;Colisão lateral sentido oposto;Com Vítimas Feridas;Plena Noite;Decrescente;Céu Claro;Simples;"Curva;Declive";Não;4;0;2;0;1;1;2;3;-19,85717425;-43,12365532;SPRF-MG;DEL03-MG;UOP01-DEL03-MG
595307;20/04/2024;sábado;19:15:00;SP;116;281;EMBU DAS ARTES;Velocidade Incompatível;Colisão traseira;Com Vítimas Feridas;Plena Noite;Decrescente;Nublado;Dupla;Reta;Sim;5;0;2;0;2;2;2;5;-23,67784787;-46,85769227;SPRF-SP;DEL04-SP;UOP01-DEL04-SP
595308;20/04/2024;sábado;21:20:00;RS;285;197,1;LAGOA VERMELHA;Conversão proibida;Colisão transversal;Com Vítimas Feridas;Pleno dia;Crescente;Céu Claro;Simples;Reta;Sim;2;0;0;1;1;0;1;2;-28,218493;-51,509666;SPRF-RS;DEL08-RS;UOP05-DEL08-RS
595341;20/04/2024;sábado;10:30:00;RO;364;971,1;PORTO VELHO;Acessar a via sem observar a presença dos outros veículos;Colisão transversal;Sem Vítimas;Pleno dia;Decrescente;Céu Claro;Simples;Reta;Sim;2;0;0;0;2;0;0;2;-9,658196;-65,73276;SPRF-RO;DEL01-RO;UOP03-DEL01-RO
595365;21/04/2024;domingo;02:00:00;SP;116;26;LAVRINHAS;Ausência de reação do condutor;Colisão traseira;Com Vítimas Feridas;Plena Noite;Decrescente;Céu Claro;Múltipla;Reta;Não;8;0;4;1;3;0;5;2;-22,61419397;-44,90005302;SPRF-SP;DEL08-SP;UOP02-DEL08-SP
595376;21/04/2024;domingo;06:00:00;CE;116;42;HORIZONTE;Manobra de mudança de faixa;Colisão lateral mesmo sentido;Com Vítimas Feridas;Pleno dia;Crescente;Céu Claro;Dupla;Reta;Sim;2;0;1;0;0;1;1;2;-4,10857928;-38,4942173;SPRF-CE;DEL01-CE;UOP02-DEL01-CE
595385;21/04/2024;domingo;04:30:00;MG;262;148;SAO DOMINGOS DO PRATA;Demais falhas mecânicas ou elétricas;Incêndio;Sem Vítimas;Amanhecer;Crescente;Céu Claro;Simples;"Interseção de Vias;Reta";Não;2;0;0;0;1;2;0;3;-20,0130291;-42,74983565;SPRF-MG;DEL03-MG;UOP03-DEL03-MG
595387;20/04/2024;sábado;15:30:00;BA;242;768;BARREIRAS;Demais falhas mecânicas ou elétricas;Incêndio;Sem Vítimas;Pleno dia;Crescente;Céu Claro;Simples;Reta;Não;2;0;0;0;1;1;0;2;-12,16208392;-44,60144699;SPRF-BA;DEL10-BA;UOP01-DEL10-BA
595390;21/04/2024;domingo;07:10:00;MG;50;42;ARAGUARI;Condutor usando celular;Colisão traseira;Com Vítimas Feridas;Pleno dia;Decrescente;Céu Claro;Dupla;Reta;Não;4;0;2;0;1;1;2;3;-18,69101412;-48,18009275;SPRF-MG;DEL15-MG;UOP02-DEL15-MG
595400;21/04/2024;domingo;06:00:00;PR;476;198,5;LAPA;Condutor Dormindo;Colisão lateral sentido oposto;Com Vítimas Fatais;Amanhecer;Decrescente;Céu Claro;Simples;"Reta;Declive";Sim;3;1;0;0;1;2;0;4;-25,765606;-49,73917;SPRF-PR;DEL01-PR;UOP06-DEL01-PR
595407;20/04/2024;sábado;10:30:00;MG;381;272;CORONEL FABRICIANO;Carga excessiva e/ou mal acondicionada;Colisão com objeto;Com Vítimas Feridas;Pleno dia;Decrescente;Céu Claro;Simples;Reta;Não;2;0;1;0;0;1;1;2;-19,525764;-42,664117;SPRF-MG;DEL03-MG;UOP02-DEL03-MG
595414;21/04/2024;domingo;09:40:00;GO;153;531,5;HIDROLANDIA;Acessar a via sem observar a presença dos outros veículos;Colisão transversal;Sem Vítimas;Pleno dia;Crescente;Sol;Simples;Reta;Sim;4;0;0;0;2;2;0;4;-16,9761;-49,2302;SPRF-GO;DEL01-GO;UOP03-DEL01-GO
595415;21/04/2024;domingo;09:30:00;RS;116;515,6;PELOTAS;Ultrapassagem Indevida;Colisão transversal;Com Vítimas Feridas;Pleno dia;Crescente;Céu Claro;Dupla;Reta;Não;3;0;1;0;1;1;1;3;-31,66695916;-52,34000444;SPRF-RS;DEL07-RS;UOP01-DEL07-RS
595425;21/04/2024;domingo;10:10:00;SE;101;116,7;ITAPORANGA DAJUDA;Condutor deixou de manter distância do veículo da frente;Colisão traseira;Com Vítimas Feridas;Pleno dia;Decrescente;Céu Claro;Dupla;Reta;Não;6;0;2;0;2;3;2;4;-11,014063;-37,317832;SPRF-SE;DEL02-SE;UOP01-DEL02-SE
595426;20/04/2024;sábado;17:00:00;MG;116;41;PEDRA AZUL;Condutor Dormindo;Saída de leito carroçável;Com Vítimas Feridas;Pleno dia;Decrescente;Nublado;Simples;Reta;Não;5;0;1;0;0;5;1;4;-15,990554;-41,40912;SPRF-MG;DEL11-MG;UOP02-DEL11-MG
595428;21/04/2024;domingo;10:55:00;RN;304;299,2;MACAIBA;Demais falhas mecânicas ou elétricas;Incêndio;Sem Vítimas;Pleno dia;Decrescente;Céu Claro;Dupla;Declive;Não;2;0;0;0;1;1;0;2;-5,87095859;-35,32359587;SPRF-RN;DEL01-RN;UOP02-DEL01-RN
595431;21/04/2024;domingo;11:12:00;BA;116;838,1;VITORIA DA CONQUISTA;Reação tardia ou ineficiente do condutor;Engavetamento;Com Vítimas Feridas;Pleno dia;Decrescente;Garoa/Chuvisco;Simples;Reta;Não;8;0;0;2;5;2;2;5;-14,964282;-40,908083;SPRF-BA;DEL08-BA;UOP01-DEL08-BA
595434;21/04/2024;domingo;10:05:00;PI;343;590;FLORIANO;Desrespeitar a preferência no cruzamento;Colisão lateral mesmo sentido;Sem Vítimas;Pleno dia;Crescente;Céu Claro;Simples;Rotatória;Sim;3;0;0;0;2;3;0;5;-6,783895;-43,015095;SPRF-PI;DEL03-PI;UOP01-DEL03-PI
595438;21/04/2024;domingo;09:50:00;RJ;40;114;DUQUE DE CAXIAS;Ausência de reação do condutor;Colisão traseira;Com Vítimas Feridas;Pleno dia;Decrescente;Céu Claro;Dupla;Reta;Não;5;0;3;0;1;1;3;2;-22,71853604;-43,28993324;SPRF-RJ;DEL01-RJ;UOP02-DEL01-RJ
595439;21/04/2024;domingo;12:50:00;PI;343;333;TERESINA;Ausência de reação do condutor;Colisão com objeto;Sem Vítimas;Pleno dia;Decrescente;Céu Claro;Dupla;Curva;Não;2;0;0;0;1;2;0;3;-5,056121;-42,678154;SPRF-PI;DEL01-PI;UOP01-DEL01-PI
595447;21/04/2024;domingo;13:50:00;SP;116;182;SANTA ISABEL;Demais falhas na via;Colisão traseira;Com Vítimas Feridas;Pleno dia;Decrescente;Céu Claro;Dupla;Reta;Sim;8;0;3;0;4;1;3;4;-23,34505765;-46,16213519;SPRF-SP;DEL01-SP;UOP01-DEL01-SP
595453;21/04/2024;domingo;11:40:00;BA;101;535;SAO JOSE DA VITORIA;Velocidade Incompatível;Colisão lateral sentido oposto;Com Vítimas Feridas;Pleno dia;Crescente;Chuva;Simples;Curva;Não;3;0;1;0;1;1;1;3;-15,15775202;-39,41074199;SPRF-BA;DEL05-BA;UOP01-DEL05-BA
595469;21/04/2024;domingo;16:00:00;RS;285;658;SAO BORJA;Ausência de reação do condutor;Colisão traseira;Sem Vítimas;Pleno dia;Crescente;Céu Claro;Simples;Reta;Não;3;0;0;0;2;1;0;3;-28,641695;-55,840462;SPRF-RS;DEL12-RS;UOP01-DEL12-RS
595472;21/04/2024;domingo;12:55:00;BA;242;337;LENCOIS;Curva acentuada;Tombamento;Com Vítimas Feridas;Pleno dia;Crescente;Nublado;Simples;"Curva;Declive";Não;2;0;1;0;0;1;1;2;-12,50261567;-41,23031616;SPRF-BA;DEL06-BA;UOP01-DEL06-BA
595483;21/04/2024;domingo;15:30:00;SC;282;437,1;IRANI;Desrespeitar a preferência no cruzamento;Colisão transversal;Com Vítimas Feridas;Pleno dia;Decrescente;Céu Claro;Simples;Interseção de Vias;Não;3;0;1;1;0;3;2;5;-26,963764;-51,854839;SPRF-SC;DEL07-SC;UOP04-DEL07-SC
595503;21/04/2024;domingo;15:10:00;PA;163;642;TRAIRAO;Ingestão de álcool pelo condutor;Colisão lateral sentido oposto;Sem Vítimas;Pleno dia;Crescente;Céu Claro;Simples;"Reta;Aclive";Não;3;0;0;0;2;6;0;8;-4,57327803;-55,92723875;SPRF-PA;DEL05-PA;UOP02-DEL05-PA
595509;18/04/2024;quinta-feira;03:30:00;MG;116;522,9;CARATINGA;Problema com o freio;Saída de leito carroçável;Com Vítimas Feridas;Plena Noite;Crescente;Nevoeiro/Neblina;Simples;"Interseção de Vias;Rotatória;Declive";Sim;1;0;1;0;0;0;1;1;-19,74300101;-42,13231969;SPRF-MG;DEL06-MG;UOP02-DEL06-MG
595519;21/04/2024;domingo;18:35:00;MS;163;537;BANDEIRANTES;Reação tardia ou ineficiente do condutor;Saída de leito carroçável;Com Vítimas Feridas;Plena Noite;Decrescente;Chuva;Simples;Reta;Não;6;0;4;0;1;1;4;2;-20,01580205;-54,40173989;SPRF-MS;DEL01-MS;UOP02-DEL01-MS
595520;21/04/2024;domingo;19:45:00;SC;101;329,8;TUBARAO;Manobra de mudança de faixa;Colisão lateral mesmo sentido;Com Vítimas Feridas;Plena Noite;Decrescente;Céu Claro;Múltipla;Reta;Sim;4;0;1;1;1;3;2;5;-28,44404822;-48,96611372;SPRF-SC;DEL02-SC;UOP01-DEL02-SC
595525;21/04/2024;domingo;19:00:00;PR;277;105;CAMPO LARGO;Reação tardia ou ineficiente do condutor;Colisão lateral mesmo sentido;Sem Vítimas;Plena Noite;Crescente;Céu Claro;Dupla;Curva;Não;5;0;0;0;4;1;0;3;-25,434471;-49,413835;SPRF-PR;DEL01-PR;UOP06-DEL01-PR
595530;21/04/2024;domingo;19:20:00;RS;116;568,7;PEDRO OSORIO;Condutor Dormindo;Saída de leito carroçável;Com Vítimas Feridas;Plena Noite;Crescente;Céu Claro;Simples;Reta;Não;2;0;1;0;0;2;1;3;-31,93245709;-52,742533;SPRF-RS;DEL07-RS;UOP03-DEL07-RS
595533;21/04/2024;domingo;19:35:00;MG;116;119;ITAOBIM;Transitar na contramão;Colisão frontal;Com Vítimas Feridas;Plena Noite;Crescente;Ignorado;Simples;Reta;Não;5;0;2;0;2;1;2;4;-16,59121217;-41,49868546;SPRF-MG;DEL11-MG;UOP02-DEL11-MG