id;data_inversa;dia_semana;horario;uf;br;km;municipio;causa_acidente;tipo_acidente;classificacao_acidente;fase_dia;sentido_via;condicao_metereologica;tipo_pista;tracado_via;uso_solo;pessoas;mortos;feridos_leves;feridos_graves;ilesos;ignorados;feridos;veiculos;latitude;longitude;regional;delegacia;uop
595536;21/04/2024;domingo;20:25:00;MT;163;117,5;RONDONOPOLIS;Acessar a via sem observar a presença dos outros veículos;Colisão transversal;Com Vítimas Feridas;Plena Noite;Crescente;Céu Claro;Dupla;"Declive;Retorno Regulamentado;Reta";Sim;5;0;1;0;3;3;1;5;-16,52182818;-54,65882461;SPRF-MT;DEL02-MT;UOP01-DEL02-MT
595539;21/04/2024;domingo;10:30:00;ES;101;264,5;SERRA;Demais falhas mecânicas ou elétricas;Derramamento de carga;Sem Vítimas;Pleno dia;Crescente;Céu Claro;Dupla;Reta;Sim;2;0;0;0;1;1;0;2;-20,17950196;-40,26520371;SPRF-ES;DEL02-ES;UOP01-DEL02-ES
595544;21/04/2024;domingo;15:45:00;BA;116;906,7;CANDIDO SALES;Reação tardia ou ineficiente do condutor;Colisão traseira;Com Vítimas Feridas;Pleno dia;Crescente;Céu Claro;Simples;"Aclive;Reta";Não;4;0;1;0;2;2;1;5;-15,40449212;-41,20958671;SPRF-BA;DEL08-BA;UOP03-DEL08-BA
595565;21/04/2024;domingo;13:50:00;SC;153;29;AGUA DOCE;Mal súbito do condutor;Colisão transversal;Com Vítimas Feridas;Pleno dia;Crescente;Sol;Simples;Reta;Não;3;0;1;0;1;2;1;4;-26,779648;-51,684895;SPRF-SC;DEL07-SC;UOP07-DEL07-SC
595571;21/04/2024;domingo;23:10:00;MG;153;10,8;ARAPORA;Ingestão de álcool pelo condutor;Colisão transversal;Sem Vítimas;Plena Noite;Decrescente;Céu Claro;Dupla;Reta;Não;4;0;0;0;2;3;0;5;-18,50602699;-49,18897335;SPRF-MG;DEL15-MG;UOP03-DEL15-MG
595572;21/04/2024;domingo;23:00:00;RJ;393;266;BARRA DO PIRAI;Ausência de reação do condutor;Saída de leito carroçável;Com Vítimas Feridas;Plena Noite;Decrescente;Ignorado;Simples;Curva;Não;2;0;0;1;0;1;1;2;-22,48062523;-43,89336791;SPRF-RJ;DEL05-RJ;UOP04-DEL05-RJ
595574;22/04/2024;segunda-feira;01:15:00;RS;392;73,8;PELOTAS;Ingestão de álcool pelo condutor;Saída de leito carroçável;Sem Vítimas;Plena Noite;Decrescente;Céu Claro;Simples;Reta;Não;1;0;0;0;1;0;0;1;-31,71342679;-52,39537975;SPRF-RS;DEL07-RS;UOP01-DEL07-RS
595578;21/04/2024;domingo;21:00:00;BA;101;428,2;MARAU;Velocidade Incompatível;Saída de leito carroçável;Com Vítimas Fatais;Plena Noite;Decrescente;Chuva;Simples;Curva;Não;2;1;0;0;0;1;0;2;-14,172033;-39,323475;SPRF-BA;DEL05-BA;UOP01-DEL05-BA
595597;22/04/2024;segunda-feira;07:00:00;GO;60;80;ANAPOLIS;Ausência de reação do condutor;Colisão traseira;Com Vítimas Feridas;Amanhecer;Crescente;Céu Claro;Dupla;Reta;Sim;3;0;1;0;1;2;1;4;-16,3053;-48,8208;SPRF-GO;DEL02-GO;UOP01-DEL02-GO
595601;22/04/2024;segunda-feira;04:30:00;BA;116;653;JEQUIE;Ausência de reação do condutor;Tombamento;Com Vítimas Feridas;Amanhecer;Decrescente;Nublado;Simples;Reta;Não;2;0;0;1;0;1;1;2;-13,63748802;-40,09329578;SPRF-BA;DEL03-BA;UOP01-DEL03-BA
595610;22/04/2024;segunda-feira;06:37:00;RS;285;273,7;MATO CASTELHANO;Condutor Dormindo;Colisão frontal;Com Vítimas Fatais;Amanhecer;Crescente;Céu Claro;Simples;Reta;Sim;3;1;1;0;0;2;1;4;-28,277298;-52,194843;SPRF-RS;DEL08-RS;UOP03-DEL08-RS
595617;22/04/2024;segunda-feira;01:00:00;MA;135;228,5;PERITORO;Ausência de reação do condutor;Colisão traseira;Com Vítimas Fatais;Plena Noite;Decrescente;Céu Claro;Simples;Reta;Não;3;1;0;1;0;1;1;2;-4,39766395;-44,34442216;SPRF-MA;DEL03-MA;UOP01-DEL03-MA
595621;22/04/2024;segunda-feira;05:30:00;SP;116;128,6;CACAPAVA;Ausência de reação do condutor;Atropelamento de Pedestre;Com Vítimas Feridas;Amanhecer;Crescente;Céu Claro;Dupla;Reta;Sim;2;0;1;0;0;1;1;2;-23,11454664;-45,71105567;SPRF-SP;DEL02-SP;UOP02-DEL02-SP
595625;22/04/2024;segunda-feira;08:00:00;MG;262;426,5;SAO GONCALO DO PARA;Condutor deixou de manter distância do veículo da frente;Colisão traseira;Com Vítimas Feridas;Pleno dia;Crescente;Sol;Dupla;Aclive;Não;3;0;0;1;1;2;1;4;-19,89040018;-44,83417511;SPRF-MG;DEL08-MG;UOP03-DEL08-MG
595626;21/04/2024;domingo;21:00:00;BA;116;211;EUCLIDES DA CUNHA;Manobra de mudança de faixa;Colisão frontal;Com Vítimas Fatais;Plena Noite;Crescente;Céu Claro;Simples;Reta;Não;3;2;0;0;1;0;0;2;-10,51105402;-39,00840806;SPRF-BA;DEL07-BA;UOP02-DEL07-BA
595628;22/04/2024;segunda-feira;05:50:00;CE;222;301;TIANGUA;Condutor Dormindo;Saída de leito carroçável;Com Vítimas Fatais;Amanhecer;Crescente;Céu Claro;Simples;"Declive;Curva";Não;1;1;0;0;0;0;0;1;-3,66159701;-40,940041;SPRF-CE;DEL04-CE;UOP02-DEL04-CE
595636;31/01/2024;quarta-feira;13:15:00;MG;365;554;ROMARIA;Ultrapassagem Indevida;Colisão transversal;Com Vítimas Feridas;Pleno dia;Decrescente;Céu Claro;Simples;Reta;Não;3;0;1;0;2;0;1;2;-18,93281314;-47,64266968;SPRF-MG;DEL15-MG;UOP02-DEL15-MG
595647;22/04/2024;segunda-feira;09:00:00;SC;101;147;ITAPEMA;Demais falhas mecânicas ou elétricas;Saída de leito carroçável;Com Vítimas Feridas;Pleno dia;Decrescente;Céu Claro;Dupla;Reta;Sim;2;0;1;0;1;0;1;1;-27,09237407;-48,61730888;SPRF-SC;DEL04-SC;UOP03-DEL04-SC
595648;22/04/2024;segunda-feira;09:25:00;PR;376;97,9;PARANAVAI;Suicídio (presumido);Colisão frontal;Com Vítimas Fatais;Pleno dia;Decrescente;Sol;Simples;Reta;Não;4;1;0;0;2;3;0;5;-23,01892218;-52,50280209;SPRF-PR;DEL09-PR;UOP02-DEL09-PR
595650;22/04/2024;segunda-feira;04:30:00;BA;242;274;RUY BARBOSA;Velocidade Incompatível;Tombamento;Com Vítimas Fatais;Plena Noite;Decrescente;Chuva;Simples;Curva;Não;2;1;0;0;0;2;0;3;-12,44791908;-40,66549802;SPRF-BA;DEL06-BA;UOP02-DEL06-BA
595652;22/04/2024;segunda-feira;09:25:00;BA;242;228;ITABERABA;Transitar na contramão;Colisão frontal;Com Vítimas Feridas;Pleno dia;Crescente;Céu Claro;Simples;"Reta;Declive";Sim;3;0;0;1;1;2;1;4;-12,50967497;-40,304176;SPRF-BA;DEL06-BA;UOP02-DEL06-BA
595655;22/04/2024;segunda-feira;10:40:00;PR;376;326;ORTIGUEIRA;Velocidade Incompatível;Colisão com objeto;Com Vítimas Feridas;Pleno dia;Crescente;Céu Claro;Simples;"Curva;Aclive";Não;2;0;1;0;0;1;1;2;-24,065512;-51,064135;SPRF-PR;DEL07-PR;UOP02-DEL07-PR
595657;22/04/2024;segunda-feira;10:20:00;SC;470;63;BLUMENAU;Mal súbito do condutor;Colisão lateral sentido oposto;Com Vítimas Feridas;Pleno dia;Decrescente;Céu Claro;Simples;Curva;Não;3;0;0;1;1;1;1;3;-26,874521;-49,182938;SPRF-SC;DEL04-SC;UOP01-DEL04-SC
595661;22/04/2024;segunda-feira;06:00:00;AL;101;9,7;NOVO LINO;Mal súbito do condutor;Colisão traseira;Com Vítimas Feridas;Amanhecer;Decrescente;Nublado;Dupla;Reta;Sim;2;0;0;1;1;0;1;2;-8,94483876;-35,65853065;SPRF-AL;DEL01-AL;UOP02-DEL01-AL
595667;22/04/2024;segunda-feira;11:00:00;MG;381;903,4;CAMBUI;Velocidade Incompatível;Tombamento;Com Vítimas Feridas;Pleno dia;Decrescente;Céu Claro;Dupla;Curva;Não;2;0;1;0;0;1;1;2;-22,64690021;-46,08866058;SPRF-MG;DEL16-MG;UOP03-DEL16-MG
595673;22/04/2024;segunda-feira;10:46:00;GO;364;206;JATAI;Suicídio (presumido);Atropelamento de Pedestre;Com Vítimas Feridas;Pleno dia;Crescente;Céu Claro;Simples;Aclive;Não;3;0;1;0;1;2;1;4;-17,908182;-51,810753;SPRF-GO;DEL05-GO;UOP01-DEL05-GO
595677;17/04/2024;quarta-feira;19:00:00;RS;287;377;SANTIAGO;Ultrapassagem Indevida;Colisão frontal;Com Vítimas Feridas;Plena Noite;Crescente;Céu Claro;Simples;"Reta;Aclive";Não;5;0;0;1;3;2;1;5;-29,32884397;-54,75642192;SPRF-RS;DEL12-RS;UOP02-DEL12-RS
595678;22/04/2024;segunda-feira;11:05:00;PR;153;391;MALLET;Reação tardia ou ineficiente do condutor;Colisão frontal;Com Vítimas Fatais;Pleno dia;Decrescente;Céu Claro;Simples;Reta;Não;4;2;0;0;1;1;0;3;-25,88959241;-50,83779273;SPRF-PR;DEL08-PR;UOP02-DEL08-PR
595679;22/04/2024;segunda-feira;11:50:00;MT;364;169,1;PEDRA PRETA;Condutor deixou de manter distância do veículo da frente;Colisão traseira;Com Vítimas Feridas;Pleno dia;Crescente;Céu Claro;Simples;"Aclive;Reta";Não;3;0;2;0;0;3;2;5;-16,64771611;-54,40522101;SPRF-MT;DEL02-MT;UOP01-DEL02-MT
595688;22/04/2024;segunda-feira;13:50:00;ES;101;127;SOORETAMA;Manobra de mudança de faixa;Colisão lateral mesmo sentido;Com Vítimas Feridas;Pleno dia;Decrescente;Nublado;Múltipla;"Declive;Reta;Interseção de Vias";Sim;3;0;1;0;2;0;1;2;-19,20297056;-40,09535551;SPRF-ES;DEL04-ES;UOP01-DEL04-ES
595690;18/04/2024;quinta-feira;07:42:00;PA;230;1110;ITAITUBA;Reação tardia ou ineficiente do condutor;Tombamento;Com Vítimas Feridas;Amanhecer;Crescente;Nublado;Simples;Curva;Não;2;0;1;0;0;3;1;4;-4,33008189;-55,76001907;SPRF-PA;DEL05-PA;UOP02-DEL05-PA
595691;22/04/2024;segunda-feira;14:15:00;PR;376;534;PALMEIRA;Reação tardia ou ineficiente do condutor;Colisão traseira;Com Vítimas Feridas;Pleno dia;Crescente;Céu Claro;Dupla;"Reta;Retorno Regulamentado";Não;6;0;0;1;4;1;1;2;-25,33821;-49,85163;SPRF-PR;DEL03-PR;UOP03-DEL03-PR
595694;20/03/2024;quarta-feira;05:15:00;SP;116;305;SAO LOURENCO DA SERRA;Entrada inopinada do pedestre;Colisão traseira;Com Vítimas Fatais;Amanhecer;Decrescente;Nublado;Múltipla;Curva;Não;5;1;0;0;3;2;0;5;-23,84287313;-46,93238591;SPRF-SP;DEL04-SP;UOP01-DEL04-SP
595695;22/04/2024;segunda-feira;10:30:00;MG;381;930,9;EXTREMA;Velocidade Incompatível;Colisão com objeto;Com Vítimas Feridas;Pleno dia;Decrescente;Céu Claro;Dupla;"Declive;Curva";Não;2;0;1;0;0;1;1;2;-22,80188832;-46,26962063;SPRF-MG;DEL16-MG;UOP03-DEL16-MG
595698;22/04/2024;segunda-feira;15:30:00;RS;386;426;MONTENEGRO;Condutor Dormindo;Saída de leito carroçável;Com Vítimas Feridas;Pleno dia;Crescente;Nublado;Dupla;Reta;Não;2;0;1;0;0;1;1;2;-29,819479;-51,36208;SPRF-RS;DEL04-RS;UOP02-DEL04-RS
595705;22/04/2024;segunda-feira;15:20:00;RS;285;471,1;CORONEL BARROS;Ausência de reação do condutor;Saída de leito carroçável;Com Vítimas Feridas;Pleno dia;Decrescente;Chuva;Simples;Aclive;Não;2;0;1;0;0;1;1;2;-28,383434;-54,010761;SPRF-RS;DEL10-RS;UOP01-DEL10-RS
595708;22/04/2024;segunda-feira;16:10:00;GO;60;391;RIO VERDE;Ausência de reação do condutor;Saída de leito carroçável;Com Vítimas Feridas;Pleno dia;Crescente;Céu Claro;Dupla;Declive;Sim;2;0;1;0;0;1;1;2;-17,8252;-50,9624;SPRF-GO;DEL04-GO;UOP02-DEL04-GO
595712;22/04/2024;segunda-feira;15:30:00;PR;116;104;SAO JOSE DOS PINHAIS;Reação tardia ou ineficiente do condutor;Saída de leito carroçável;Com Vítimas Feridas;Pleno dia;Crescente;Céu Claro;Dupla;Reta;Não;1;0;1;0;0;0;1;1;-25,56472785;-49,15859603;SPRF-PR;DEL01-PR;UOP07-DEL01-PR
595713;22/04/2024;segunda-feira;11:30:00;MT;174;125;MIRASSOL DOESTE;Acessar a via sem observar a presença dos outros veículos;Colisão transversal;Com Vítimas Feridas;Pleno dia;Crescente;Céu Claro;Simples;"Reta;Interseção de Vias";Não;4;0;1;0;2;3;1;5;-15,81678972;-58,0834468;SPRF-MT;DEL03-MT;UOP01-DEL03-MT
595716;22/04/2024;segunda-feira;12:50:00;SC;282;491,7;FAXINAL DOS GUEDES;Ausência de reação do condutor;Saída de leito carroçável;Sem Vítimas;Pleno dia;Decrescente;Nublado;Simples;"Aclive;Reta";Não;2;0;0;0;1;1;0;2;-26,872433;-52,291599;SPRF-SC;DEL07-SC;UOP01-DEL07-SC
595723;22/04/2024;segunda-feira;14:00:00;MG;262;405,5;PARA DE MINAS;Demais falhas mecânicas ou elétricas;Tombamento;Com Vítimas Feridas;Pleno dia;Decrescente;Céu Claro;Dupla;"Declive;Reta";Não;2;0;2;0;0;0;2;1;-19,88921326;-44,58977508;SPRF-MG;DEL01-MG;UOP03-DEL01-MG
595724;22/04/2024;segunda-feira;16:50:00;PR;277;112,1;CAMPO LARGO;Entrada inopinada do pedestre;Atropelamento de Pedestre;Com Vítimas Feridas;Pleno dia;Decrescente;Céu Claro;Dupla;Reta;Sim;3;0;0;1;1;1;1;3;-25,448;-49,476;SPRF-PR;DEL03-PR;UOP03-DEL03-PR
595727;06/03/2024;quarta-feira;04:30:00;AM;174;1041,5;PRESIDENTE FIGUEIREDO;Transitar na contramão;Colisão lateral sentido oposto;Com Vítimas Feridas;Plena Noite;Decrescente;Ignorado;Simples;Reta;Não;3;0;0;2;0;1;2;2;-1,64618006;-60,18382711;SPRF-AM;DEL01-AM;UOP02-DEL01-AM
595733;22/04/2024;segunda-feira;15:00:00;BA;116;10;ABARE;Faixas de trânsito com largura insuficiente;Colisão lateral mesmo sentido;Sem Vítimas;Pleno dia;Decrescente;Céu Claro;Simples;Reta;Não;3;0;0;0;2;2;0;4;-8,704946;-39,260635;SPRF-PE;DEL05-PE;UOP03-DEL05-PE
595737;22/04/2024;segunda-feira;15:15:00;MS;376;167,2;NOVA ANDRADINA;Ultrapassagem Indevida;Colisão lateral mesmo sentido;Sem Vítimas;Pleno dia;Crescente;Sol;Simples;Reta;Não;3;0;0;0;2;2;0;4;-22,30964917;-53,40001881;SPRF-MS;DEL04-MS;UOP04-DEL04-MS
595749;22/04/2024;segunda-feira;18:20:00;SC;101;116,5;ITAJAI;Trafegar com motocicleta (ou similar) entre as faixas;Colisão lateral mesmo sentido;Com Vítimas Feridas;Plena Noite;Decrescente;Nublado;Múltipla;Reta;Não;3;0;1;0;1;2;1;4;-26,87905605;-48,72603512;SPRF-SC;DEL04-SC;UOP04-DEL04-SC
595751;22/04/2024;segunda-feira;18:20:00;AL;104;66,2;MURICI;Demais falhas mecânicas ou elétricas;Saída de leito carroçável;Com Vítimas Feridas;Plena Noite;Crescente;Nublado;Simples;Reta;Não;2;0;0;1;1;0;1;2;-9,33939889;-35,89012287;SPRF-AL;DEL01-AL;UOP02-DEL01-AL
595753;22/04/2024;segunda-feira;19:55:00;RS;290;22,9;SANTO ANTONIO DA PATRULHA;Ausência de reação do condutor;Colisão traseira;Com Vítimas Feridas;Plena Noite;Crescente;Nublado;Dupla;Reta;Não;3;0;1;0;1;1;1;3;-29,885357;-50,484364;SPRF-RS;DEL03-RS;UOP01-DEL03-RS
595755;22/04/2024;segunda-feira;18:30:00;RJ;40;122;DUQUE DE CAXIAS;Ausência de reação do condutor;Colisão traseira;Com Vítimas Feridas;Anoitecer;Decrescente;Céu Claro;Dupla;Reta;Não;2;0;1;0;1;0;1;2;-22,79083113;-43,28611569;SPRF-RJ;DEL01-RJ;UOP02-DEL01-RJ
595757;22/04/2024;segunda-feira;17:55:00;MT;364;348,6;SANTO ANTONIO DO LEVERGER;Ausência de reação do condutor;Saída de leito carroçável;Com Vítimas Feridas;Plena Noite;Crescente;Céu Claro;Dupla;Curva;Não;1;0;0;1;0;0;1;1;-15,80416834;-55,55429598;SPRF-MT;DEL05-MT;UOP02-DEL05-MT
595759;22/04/2024;segunda-feira;20:00:00;MG;251;472;FRANCISCO SA;Demais falhas mecânicas ou elétricas;Colisão traseira;Com Vítimas Feridas;Plena Noite;Crescente;Céu Claro;Simples;"Curva;Declive";Não;2;0;1;0;1;0;1;2;-16,4669101;-43,43947986;SPRF-MG;DEL12-MG;UOP01-DEL12-MG
595760;22/04/2024;segunda-feira;18:50:00;RS;116;525;PELOTAS;Estacionar ou parar em local proibido;Colisão traseira;Com Vítimas Feridas;Plena Noite;Crescente;Céu Claro;Dupla;Reta;Sim;4;0;2;0;1;3;2;5;-31,7359522;-52,39349776;SPRF-RS;DEL07-RS;UOP01-DEL07-RS
595762;22/04/2024;segunda-feira;14:10:00;RS;290;296,2;CACHOEIRA DO SUL;Reação tardia ou ineficiente do condutor;Saída de leito carroçável;Com Vítimas Feridas;Pleno dia;Crescente;Céu Claro;Simples;"Reta;Ponte";Não;3;0;1;0;0;2;1;3;-30,31156978;-53,18001866;SPRF-RS;DEL02-RS;UOP03-DEL02-RS
595769;22/04/2024;segunda-feira;18:30:00;AC;317;266;EPITACIOLANDIA;Ausência de reação do condutor;Saída de leito carroçável;Com Vítimas Feridas;Plena Noite;Crescente;Céu Claro;Simples;"Reta;Declive";Não;1;0;1;0;0;0;1;1;-10,91030889;-68,56648211;SPRF-AC;DEL01-AC;UOP02-DEL01-AC
595775;22/04/2024;segunda-feira;20:45:00;PR;373;476;CORONEL VIVIDA;Reação tardia ou ineficiente do condutor;Colisão lateral sentido oposto;Com Vítimas Fatais;Plena Noite;Crescente;Chuva;Simples;Curva;Não;3;1;0;0;1;2;0;4;-25,96350986;-52,5197692;SPRF-PR;DEL02-PR;UOP01-DEL02-PR
595778;22/04/2024;segunda-feira;19:25:00;MG;381;327;NOVA ERA;Transitar no Acostamento;Atropelamento de Pedestre;Com Vítimas Feridas;Plena Noite;Crescente;Céu Claro;Simples;Reta;Sim;3;0;0;1;0;2;1;2;-19,76723696;-43,04699067;SPRF-MG;DEL03-MG;UOP02-DEL03-MG
595783;23/04/2024;terça-feira;00:15:00;MG;381;881,9;ESTIVA;Reação tardia ou ineficiente do condutor;Colisão traseira;Com Vítimas Feridas;Plena Noite;Decrescente;Céu Claro;Simples;Reta;Não;4;0;2;0;2;0;2;2;-22,51533401;-46,02134878;SPRF-MG;DEL16-MG;UOP03-DEL16-MG
595787;23/04/2024;terça-feira;00:46:00;ES;101;141,8;LINHARES;Reação tardia ou ineficiente do condutor;Colisão traseira;Com Vítimas Fatais;Plena Noite;Crescente;Céu Claro;Simples;Reta;Sim;3;1;0;0;1;1;0;3;-19,32655693;-40,07192387;SPRF-ES;DEL04-ES;UOP01-DEL04-ES
595790;23/04/2024;terça-feira;00:55:00;PR;376;88;PARANAVAI;Acessar a via sem observar a presença dos outros veículos;Colisão transversal;Com Vítimas Feridas;Plena Noite;Crescente;Céu Claro;Simples;Reta;Não;5;0;3;0;1;1;3;3;-22,99527855;-52,58495389;SPRF-PR;DEL09-PR;UOP02-DEL09-PR
595792;23/04/2024;terça-feira;01:20:00;SP;116;227;GUARULHOS;Pedestre andava na pista;Atropelamento de Pedestre;Com Vítimas Fatais;Plena Noite;Crescente;Céu Claro;Múltipla;"Declive;Reta";Não;3;1;0;0;1;2;0;4;-23,49659264;-46,55648754;SPRF-SP;DEL01-SP;UOP01-DEL01-SP
595793;23/04/2024;terça-feira;05:30:00;MG;262;157,1;SAO DOMINGOS DO PRATA;Condutor Dormindo;Colisão frontal;Com Vítimas Feridas;Amanhecer;Decrescente;Céu Claro;Simples;"Aclive;Curva";Não;4;0;1;1;1;1;2;3;-19,96304722;-42,81017502;SPRF-MG;DEL03-MG;UOP03-DEL03-MG
595795;22/04/2024;segunda-feira;22:05:00;CE;222;179,9;SOBRAL;Ultrapassagem Indevida;Colisão frontal;Com Vítimas Fatais;Plena Noite;Decrescente;Céu Claro;Simples;Curva;Não;4;1;1;0;2;0;1;2;-3,74803929;-40,0521183;SPRF-CE;DEL04-CE;UOP01-DEL04-CE
595805;23/04/2024;terça-feira;07:10:00;GO;153;393;SAO FRANCISCO DE GOIAS;Velocidade Incompatível;Saída de leito carroçável;Com Vítimas Feridas;Pleno dia;Decrescente;Céu Claro;Simples;Reta;Não;5;0;2;0;2;2;2;4;-15,994681;-49,14809;SPRF-GO;DEL02-GO;UOP02-DEL02-GO
595807;20/04/2024;sábado;05:50:00;BA;116;569;NOVA ITARANA;Ausência de reação do condutor;Colisão traseira;Com Vítimas Feridas;Pleno dia;Crescente;Céu Claro;Múltipla;"Reta;Aclive";Não;3;0;1;0;1;2;1;4;-13,00012602;-39,95465592;SPRF-BA;DEL03-BA;UOP02-DEL03-BA
595813;23/04/2024;terça-feira;08:00:00;MG;381;807;SAO GONCALO DO SAPUCAI;Condutor Dormindo;Colisão traseira;Com Vítimas Feridas;Pleno dia;Decrescente;Sol;Dupla;"Curva;Aclive";Não;3;0;0;1;1;1;1;3;-22,02267318;-45,68000319;SPRF-MG;DEL16-MG;UOP02-DEL16-MG
595814;23/04/2024;terça-feira;07:40:00;SP;381;30;ATIBAIA;Condutor deixou de manter distância do veículo da frente;Engavetamento;Com Vítimas Feridas;Pleno dia;Crescente;Céu Claro;Dupla;Reta;Sim;4;0;1;0;1;2;1;3;-23,04885102;-46,56482797;SPRF-SP;DEL03-SP;UOP02-DEL03-SP
595816;23/04/2024;terça-feira;07:57:00;MS;262;7,1;TRES LAGOAS;Condutor deixou de manter distância do veículo da frente;Colisão traseira;Com Vítimas Feridas;Pleno dia;Decrescente;Céu Claro;Dupla;"Reta;Interseção de Vias";Sim;3;0;1;0;1;3;1;5;-20,79274815;-51,6792798;SPRF-MS;DEL07-MS;UOP01-DEL07-MS
595822;23/04/2024;terça-feira;08:20:00;PR;376;165,6;MARINGA;Ausência de reação do condutor;Engavetamento;Com Vítimas Fatais;Pleno dia;Crescente;Céu Claro;Dupla;"Reta;Em Obras;Declive";Não;4;1;0;0;2;2;0;5;-23,384451;-52,028269;SPRF-PR;DEL09-PR;UOP01-DEL09-PR
595824;23/04/2024;terça-feira;08:00:00;CE;222;227,4;SOBRAL;Acessar a via sem observar a presença dos outros veículos;Colisão transversal;Com Vítimas Feridas;Pleno dia;Decrescente;Céu Claro;Simples;Reta;Sim;2;0;1;0;1;0;1;2;-3,70131589;-40,36817484;SPRF-CE;DEL04-CE;UOP01-DEL04-CE
595826;13/03/2024;quarta-feira;12:50:00;ES;101;278;SERRA;Reação tardia ou ineficiente do condutor;Colisão transversal;Com Vítimas Feridas;Pleno dia;Crescente;Céu Claro;Dupla;"Retorno Regulamentado;Reta";Não;2;0;0;1;1;0;1;2;-20,21698365;-40,32974606;SPRF-ES;DEL02-ES;UOP01-DEL02-ES
595827;23/04/2024;terça-feira;08:20:00;BA;116;422;FEIRA DE SANTANA;Condutor deixou de manter distância do veículo da frente;Colisão lateral mesmo sentido;Com Vítimas Feridas;Pleno dia;Decrescente;Nublado;Simples;Reta;Sim;3;0;2;0;1;0;2;2;-12,231455;-38,968563;SPRF-BA;DEL02-BA;UOP01-DEL02-BA
595828;19/03/2024;terça-feira;06:30:00;MT;163;1109;GUARANTA DO NORTE;Declive acentuado;Saída de leito carroçável;Com Vítimas Fatais;Pleno dia;Crescente;Céu Claro;Dupla;"Curva;Declive";Não;1;1;0;0;0;0;0;1;-9,72607806;-54,88158286;SPRF-MT;DEL06-MT;UOP03-DEL06-MT
595829;22/04/2024;segunda-feira;08:40:00;BA;101;535;SAO JOSE DA VITORIA;Velocidade Incompatível;Tombamento;Com Vítimas Feridas;Pleno dia;Decrescente;Sol;Simples;Curva;Não;2;0;0;1;0;1;1;2;-15,15775202;-39,41074199;SPRF-BA;DEL05-BA;UOP01-DEL05-BA
595831;19/04/2024;sexta-feira;12:20:00;SP;381;22;BRAGANCA PAULISTA;Condutor deixou de manter distância do veículo da frente;Colisão traseira;Com Vítimas Feridas;Pleno dia;Decrescente;Céu Claro;Dupla;"Aclive;Reta";Sim;2;0;1;0;1;0;1;2;-22,99697186;-46,5163051;SPRF-SP;DEL03-SP;UOP02-DEL03-SP
595832;23/04/2024;terça-feira;06:30:00;MT;163;619,9;NOVA MUTUM;Reação tardia ou ineficiente do condutor;Engavetamento;Com Vítimas Feridas;Pleno dia;Crescente;Céu Claro;Simples;Reta;Não;4;0;1;0;2;5;1;8;-13,74393307;-56,05121575;SPRF-MT;DEL01-MT;UOP01-DEL01-MT
595833;23/04/2024;terça-feira;09:55:00;PR;376;73,3;GUAIRACA;Mal súbito do condutor;Colisão lateral mesmo sentido;Com Vítimas Feridas;Pleno dia;Crescente;Céu Claro;Simples;Reta;Não;3;0;1;0;1;2;1;4;-22,94846018;-52,71403409;SPRF-PR;DEL09-PR;UOP02-DEL09-PR
595835;23/04/2024;terça-feira;10:30:00;SE;101;36,7;CAPELA;Chuva;Saída de leito carroçável;Com Vítimas Feridas;Pleno dia;Crescente;Chuva;Dupla;Reta;Não;1;0;1;0;0;0;1;1;-10,49230498;-36,94471029;SPRF-SE;DEL02-SE;UOP02-DEL02-SE
595836;23/04/2024;terça-feira;09:30:00;MG;365;470;PATROCINIO;Reação tardia ou ineficiente do condutor;Colisão frontal;Com Vítimas Feridas;Pleno dia;Crescente;Sol;Simples;Reta;Não;3;0;2;0;0;2;2;4;-18,92272003;-46,99069499;SPRF-MG;DEL10-MG;UOP01-DEL10-MG
595837;23/04/2024;terça-feira;07:00:00;RS;392;196,2;SANTANA DA BOA VISTA;Reação tardia ou ineficiente do condutor;Saída de leito carroçável;Com Vítimas Feridas;Pleno dia;Decrescente;Nublado;Múltipla;Reta;Não;2;0;1;0;0;1;1;2;-30,89678807;-53,11510534;SPRF-RS;DEL09-RS;UOP02-DEL09-RS
595842;23/04/2024;terça-feira;11:30:00;GO;60;99,8;ANAPOLIS;Condutor deixou de manter distância do veículo da frente;Colisão traseira;Com Vítimas Feridas;Pleno dia;Crescente;Céu Claro;Múltipla;"Interseção de Vias;Rotatória;Curva";Não;3;0;1;1;1;0;2;2;-16,3924;-48,9588;SPRF-GO;DEL02-GO;UOP01-DEL02-GO
595844;23/04/2024;terça-feira;09:30:00;PA;10;290;MAE DO RIO;Reação tardia ou ineficiente do condutor;Colisão lateral mesmo sentido;Com Vítimas Feridas;Pleno dia;Decrescente;Céu Claro;Simples;Reta;Não;3;0;1;0;1;2;1;4;-1,89647104;-47,52105933;SPRF-PA;DEL02-PA;UOP01-DEL02-PA
595846;23/04/2024;terça-feira;12:50:00;CE;116;23;AQUIRAZ;Acesso irregular;Colisão transversal;Com Vítimas Feridas;Pleno dia;Decrescente;Céu Claro;Dupla;Retorno Regulamentado;Não;2;0;1;0;1;0;1;2;-3,94905489;-38,51212845;SPRF-CE;DEL01-CE;UOP02-DEL01-CE