id;data_inversa;dia_semana;horario;uf;br;km;municipio;causa_acidente;tipo_acidente;classificacao_acidente;fase_dia;sentido_via;condicao_metereologica;tipo_pista;tracado_via;uso_solo;pessoas;mortos;feridos_leves;feridos_graves;ilesos;ignorados;feridos;veiculos;latitude;longitude;regional;delegacia;uop
595851;23/04/2024;terça-feira;09:30:00;MT;163;910;ITAUBA;Reação tardia ou ineficiente do condutor;Colisão lateral sentido oposto;Com Vítimas Feridas;Pleno dia;Decrescente;Céu Claro;Simples;Reta;Não;5;0;2;0;2;2;2;4;-11,14000307;-55,31410217;SPRF-MT;DEL06-MT;UOP02-DEL06-MT
595858;23/04/2024;terça-feira;10:45:00;SC;282;455;PONTE SERRADA;Acostamento em desnível;Tombamento;Com Vítimas Feridas;Pleno dia;Decrescente;Chuva;Simples;"Curva;Declive";Não;2;0;1;0;0;1;1;2;-26,888617;-51,99427;SPRF-SC;DEL07-SC;UOP04-DEL07-SC
595860;23/04/2024;terça-feira;14:30:00;SC;101;193,1;BIGUACU;Acessar a via sem observar a presença dos outros veículos;Tombamento;Com Vítimas Feridas;Pleno dia;Crescente;Céu Claro;Simples;Reta;Não;3;0;2;0;1;0;2;2;-27,489574;-48,655914;SPRF-SC;DEL01-SC;UOP01-DEL01-SC
595861;29/02/2024;quinta-feira;09:30:00;MT;158;625;NOVA XAVANTINA;Condutor Dormindo;Tombamento;Com Vítimas Feridas;Pleno dia;Crescente;Céu Claro;Simples;Reta;Não;2;0;0;1;0;1;1;2;-14,49276784;-52,28569031;SPRF-MT;DEL07-MT;UOP02-DEL07-MT
595862;23/04/2024;terça-feira;13:50:00;BA;116;14,9;VITORIA DA CONQUISTA;Condutor deixou de manter distância do veículo da frente;Colisão traseira;Com Vítimas Feridas;Pleno dia;Crescente;Céu Claro;Simples;"Declive;Reta";Não;3;0;1;0;1;2;1;4;-14,851;-40,8485;SPRF-BA;DEL08-BA;UOP01-DEL08-BA
595866;23/04/2024;terça-feira;09:30:00;BA;116;237;QUIJINGUE;Reação tardia ou ineficiente do condutor;Tombamento;Com Vítimas Feridas;Pleno dia;Decrescente;Céu Claro;Simples;Reta;Não;3;0;2;0;0;1;2;2;-10,6690921;-38,94372822;SPRF-BA;DEL07-BA;UOP02-DEL07-BA
595868;23/04/2024;terça-feira;14:20:00;PR;376;651,8;TIJUCAS DO SUL;Velocidade Incompatível;Tombamento;Com Vítimas Feridas;Pleno dia;Crescente;Céu Claro;Dupla;"Curva;Declive";Não;2;0;1;0;0;2;1;3;-25,84246208;-49,0576458;SPRF-PR;DEL01-PR;UOP04-DEL01-PR
595872;23/04/2024;terça-feira;15:15:00;GO;50;125;IPAMERI;Velocidade Incompatível;Tombamento;Com Vítimas Feridas;Pleno dia;Decrescente;Sol;Simples;"Curva;Rotatória";Não;2;0;1;0;0;1;1;2;-16,9654;-47,7396;SPRF-GO;DEL06-GO;UOP01-DEL06-GO
595874;23/04/2024;terça-feira;15:00:00;RS;158;338;SANTA MARIA;Reação tardia ou ineficiente do condutor;Colisão lateral mesmo sentido;Com Vítimas Feridas;Pleno dia;Decrescente;Céu Claro;Simples;Reta;Não;4;0;0;1;2;1;1;3;-29,72520501;-53,90770498;SPRF-RS;DEL09-RS;UOP01-DEL09-RS
595875;23/04/2024;terça-feira;15:30:00;PR;369;142,7;IBIPORA;Reação tardia ou ineficiente do condutor;Saída de leito carroçável;Sem Vítimas;Pleno dia;Decrescente;Céu Claro;Dupla;"Rotatória;Interseção de Vias";Não;1;0;0;0;0;1;0;1;-23,29246785;-51,08991802;SPRF-PR;DEL07-PR;UOP01-DEL07-PR
595879;23/04/2024;terça-feira;16:00:00;DF;20;19;BRASILIA;Velocidade Incompatível;Saída de leito carroçável;Sem Vítimas;Pleno dia;Decrescente;Nublado;Dupla;Reta;Sim;1;0;0;0;1;0;0;1;-15,612175;-47,700928;SPRF-DF;DEL02-DF;UOP01-DEL02-DF
595881;23/04/2024;terça-feira;15:50:00;GO;40;24;LUZIANIA;Acessar a via sem observar a presença dos outros veículos;Colisão lateral mesmo sentido;Com Vítimas Feridas;Pleno dia;Decrescente;Céu Claro;Dupla;"Interseção de Vias;Retorno Regulamentado;Reta";Sim;5;0;2;0;2;1;2;3;-16,252738;-47,900437;SPRF-DF;DEL01-DF;UOP01-DEL01-DF
595883;23/04/2024;terça-feira;16:25:00;PR;376;313;ORTIGUEIRA;Velocidade Incompatível;Tombamento;Com Vítimas Feridas;Pleno dia;Crescente;Céu Claro;Dupla;"Curva;Declive";Não;2;0;1;0;0;1;1;2;-24,01071301;-51,09287371;SPRF-PR;DEL07-PR;UOP02-DEL07-PR
595884;23/04/2024;terça-feira;08:00:00;RS;285;622;SANTO ANTONIO DAS MISSOES;Demais falhas na via;Queda de ocupante de veículo;Com Vítimas Fatais;Pleno dia;Crescente;Céu Claro;Simples;Reta;Não;3;1;0;0;0;2;0;3;-28,516802;-55,504478;SPRF-RS;DEL12-RS;UOP01-DEL12-RS
595885;23/04/2024;terça-feira;16:50:00;GO;20;39;FORMOSA;Afundamento ou ondulação no pavimento;Colisão lateral sentido oposto;Com Vítimas Feridas;Pleno dia;Crescente;Céu Claro;Simples;"Reta;Aclive";Não;3;0;1;0;1;5;1;7;-15,419437;-47,098999;SPRF-DF;DEL02-DF;UOP02-DEL02-DF
595888;23/04/2024;terça-feira;09:00:00;MG;251;291;SALINAS;Demais falhas mecânicas ou elétricas;Incêndio;Sem Vítimas;Pleno dia;Decrescente;Céu Claro;Simples;"Curva;Aclive";Não;2;0;0;0;1;1;0;2;-16,06341279;-42,20495019;SPRF-MG;DEL12-MG;UOP02-DEL12-MG
595892;23/04/2024;terça-feira;15:30:00;RJ;493;57;DUQUE DE CAXIAS;Demais falhas mecânicas ou elétricas;Incêndio;Sem Vítimas;Pleno dia;Crescente;Céu Claro;Dupla;Reta;Não;2;0;0;0;1;1;0;2;-22,66309;-43,3638;SPRF-RJ;DEL01-RJ;UOP03-DEL01-RJ
595894;23/04/2024;terça-feira;16:54:00;MS;163;314;RIO BRILHANTE;Ausência de reação do condutor;Colisão lateral mesmo sentido;Com Vítimas Feridas;Pleno dia;Crescente;Céu Claro;Dupla;Reta;Não;2;0;1;0;1;0;1;2;-21,86055206;-54,53047713;SPRF-MS;DEL02-MS;UOP02-DEL02-MS
595900;23/04/2024;terça-feira;10:50:00;TO;153;653;GURUPI;Reação tardia ou ineficiente do condutor;Colisão traseira;Com Vítimas Feridas;Pleno dia;Crescente;Céu Claro;Simples;Reta;Não;10;0;2;0;7;1;2;3;-11,56142996;-49,02722613;SPRF-TO;DEL01-TO;UOP02-DEL01-TO
595906;23/04/2024;terça-feira;18:50:00;GO;50;275,3;CATALAO;Velocidade Incompatível;Saída de leito carroçável;Com Vítimas Feridas;Plena Noite;Decrescente;Céu Claro;Simples;"Em Obras;Desvio Temporário;Reta";Sim;2;0;1;0;0;1;1;2;-18,1483;-47,907;SPRF-GO;DEL06-GO;UOP01-DEL06-GO
595908;23/04/2024;terça-feira;10:00:00;MT;70;84,4;GENERAL CARNEIRO;Reação tardia ou ineficiente do condutor;Tombamento;Com Vítimas Feridas;Pleno dia;Decrescente;Sol;Simples;Curva;Não;2;0;1;0;0;3;1;4;-15,62211981;-52,83378091;SPRF-MT;DEL07-MT;UOP01-DEL07-MT
595917;23/04/2024;terça-feira;20:00:00;GO;60;136;GOIANIA;Reação tardia ou ineficiente do condutor;Saída de leito carroçável;Com Vítimas Feridas;Plena Noite;Decrescente;Céu Claro;Múltipla;Curva;Não;3;0;1;0;0;2;1;3;-16,5959;-49,1965;SPRF-GO;DEL01-GO;UOP01-DEL01-GO
595920;23/04/2024;terça-feira;06:00:00;BA;116;577;NOVA ITARANA;Acessar a via sem observar a presença dos outros veículos;Colisão transversal;Com Vítimas Feridas;Pleno dia;Crescente;Chuva;Simples;Curva;Não;3;0;1;0;1;1;1;3;-13,06383977;-39,9576803;SPRF-BA;DEL03-BA;UOP02-DEL03-BA
595927;23/04/2024;terça-feira;19:15:00;MS;163;50;ELDORADO;Ausência de reação do condutor;Colisão traseira;Com Vítimas Feridas;Plena Noite;Crescente;Céu Claro;Simples;Reta;Não;3;0;0;2;1;0;2;2;-23,70499995;-54,26920532;SPRF-MS;DEL09-MS;UOP02-DEL09-MS
595931;23/04/2024;terça-feira;20:30:00;PR;373;348;GUARAPUAVA;Desrespeitar a preferência no cruzamento;Colisão transversal;Sem Vítimas;Plena Noite;Crescente;Garoa/Chuvisco;Simples;Reta;Sim;3;0;0;0;2;2;0;4;-25,38002555;-51,50868487;SPRF-PR;DEL08-PR;UOP01-DEL08-PR
595933;14/03/2024;quinta-feira;13:40:00;PR;376;635;SAO JOSE DOS PINHAIS;Reação tardia ou ineficiente do condutor;Colisão traseira;Com Vítimas Feridas;Pleno dia;Decrescente;Céu Claro;Dupla;Reta;Não;3;0;1;0;1;2;1;4;-25,72962736;-49,13339138;SPRF-PR;DEL01-PR;UOP04-DEL01-PR
595938;23/04/2024;terça-feira;21:40:00;PE;423;97,1;GARANHUNS;Acesso irregular;Colisão frontal;Com Vítimas Feridas;Plena Noite;Decrescente;Céu Claro;Simples;Reta;Sim;2;0;0;1;1;0;1;2;-8,8796227;-36,49484286;SPRF-PE;DEL03-PE;UOP01-DEL03-PE
595941;23/04/2024;terça-feira;20:30:00;PA;163;617;TRAIRAO;Reação tardia ou ineficiente do condutor;Saída de leito carroçável;Com Vítimas Feridas;Plena Noite;Decrescente;Chuva;Simples;Curva;Não;3;0;1;1;0;1;2;2;-4,73269901;-56,04801893;SPRF-PA;DEL05-PA;UOP02-DEL05-PA
595945;23/04/2024;terça-feira;22:45:00;ES;101;278,7;SERRA;Ausência de reação do condutor;Tombamento;Com Vítimas Feridas;Plena Noite;Decrescente;Céu Claro;Múltipla;Reta;Não;2;0;1;0;0;1;1;2;-20,21698365;-40,32974606;SPRF-ES;DEL02-ES;UOP01-DEL02-ES
595947;23/04/2024;terça-feira;21:45:00;MA;316;294,9;PIO XII;Condutor deixou de manter distância do veículo da frente;Colisão traseira;Com Vítimas Feridas;Plena Noite;Decrescente;Nublado;Simples;Reta;Não;3;0;1;1;0;1;2;2;-3,887748;-45,166355;SPRF-MA;DEL02-MA;UOP01-DEL02-MA
595954;23/04/2024;terça-feira;23:20:00;RJ;356;16;ITAPERUNA;Deficiência do Sistema de Iluminação/Sinalização;Colisão frontal;Com Vítimas Fatais;Plena Noite;Crescente;Céu Claro;Simples;Reta;Não;2;1;0;0;1;0;0;2;-21,17841194;-42,048441;SPRF-RJ;DEL08-RJ;UOP03-DEL08-RJ
595956;23/04/2024;terça-feira;22:10:00;PR;277;128;CAMPO LARGO;Reação tardia ou ineficiente do condutor;Saída de leito carroçável;Com Vítimas Fatais;Plena Noite;Decrescente;Céu Claro;Dupla;"Curva;Declive";Não;7;1;2;1;2;1;3;4;-25,471925;-49,62241;SPRF-PR;DEL03-PR;UOP03-DEL03-PR
595958;24/04/2024;quarta-feira;00:00:00;PR;376;490;PONTA GROSSA;Condutor deixou de manter distância do veículo da frente;Colisão traseira;Com Vítimas Feridas;Plena Noite;Decrescente;Céu Claro;Dupla;Reta;Sim;6;0;1;0;4;1;1;2;-25,14692309;-50,15072006;SPRF-PR;DEL03-PR;UOP04-DEL03-PR
595960;23/04/2024;terça-feira;23:52:00;GO;153;27;PORANGATU;Reação tardia ou ineficiente do condutor;Atropelamento de Pedestre;Com Vítimas Fatais;Plena Noite;Decrescente;Céu Claro;Simples;Declive;Não;2;1;0;0;0;1;0;2;-13,062036;-49,182079;SPRF-GO;DEL07-GO;UOP01-DEL07-GO
595965;24/04/2024;quarta-feira;03:40:00;SP;116;485;CAJATI;Estacionar ou parar em local proibido;Colisão lateral mesmo sentido;Com Vítimas Feridas;Plena Noite;Decrescente;Céu Claro;Dupla;Reta;Sim;2;0;1;0;0;1;1;2;-24,72188994;-48,072155;SPRF-SP;DEL05-SP;UOP01-DEL05-SP
595969;24/04/2024;quarta-feira;05:55:00;SE;101;163,4;SANTA LUZIA DO ITANHY;Velocidade Incompatível;Tombamento;Com Vítimas Feridas;Amanhecer;Decrescente;Nublado;Simples;"Curva;Declive";Não;2;0;1;0;0;1;1;2;-11,30466694;-37,50742901;SPRF-SE;DEL02-SE;UOP01-DEL02-SE
595970;24/04/2024;quarta-feira;04:41:00;MT;163;114;RONDONOPOLIS;Demais falhas mecânicas ou elétricas;Incêndio;Sem Vítimas;Amanhecer;Crescente;Céu Claro;Dupla;"Reta;Declive";Não;2;0;0;0;1;2;0;3;-16,54595325;-54,67086252;SPRF-MT;DEL02-MT;UOP01-DEL02-MT
595971;24/04/2024;quarta-feira;06:15:00;RS;285;296,7;PASSO FUNDO;Ingestão de álcool pelo condutor;Colisão lateral sentido oposto;Com Vítimas Feridas;Amanhecer;Crescente;Nublado;Simples;Reta;Não;3;0;1;0;1;1;1;3;-28,23238;-52,4039;SPRF-RS;DEL08-RS;UOP03-DEL08-RS
595972;23/04/2024;terça-feira;13:40:00;PA;230;1113;ITAITUBA;Condutor Dormindo;Saída de leito carroçável;Com Vítimas Feridas;Plena Noite;Decrescente;Garoa/Chuvisco;Simples;"Declive;Curva";Não;2;0;1;0;0;2;1;3;-4,34481903;-55,78267997;SPRF-PA;DEL05-PA;UOP02-DEL05-PA
595973;24/04/2024;quarta-feira;06:30:00;PE;428;173;PETROLINA;Demais falhas mecânicas ou elétricas;Colisão com objeto;Com Vítimas Feridas;Pleno dia;Decrescente;Céu Claro;Simples;Reta;Não;3;0;0;1;2;0;1;3;-9,24429991;-40,42112617;SPRF-PE;DEL06-PE;UOP01-DEL06-PE
595974;24/04/2024;quarta-feira;02:00:00;MG;365;432;PATOS DE MINAS;Acumulo de água sobre o pavimento;Saída de leito carroçável;Com Vítimas Feridas;Plena Noite;Decrescente;Nublado;Simples;"Declive;Curva";Não;2;0;1;0;0;1;1;2;-18,77097792;-46,6805881;SPRF-MG;DEL10-MG;UOP01-DEL10-MG
595979;24/04/2024;quarta-feira;05:27:00;BA;242;778;BARREIRAS;Transitar na contramão;Colisão lateral mesmo sentido;Sem Vítimas;Amanhecer;Crescente;Céu Claro;Simples;Curva;Não;7;0;0;0;6;1;0;4;-12,15048602;-44,70085001;SPRF-BA;DEL10-BA;UOP01-DEL10-BA
595981;24/04/2024;quarta-feira;06:20:00;MG;251;492;FRANCISCO SA;Estacionar ou parar em local proibido;Colisão traseira;Com Vítimas Feridas;Amanhecer;Decrescente;Sol;Simples;"Reta;Aclive";Não;3;0;0;1;1;3;1;5;-16,54433804;-43,59543496;SPRF-MG;DEL12-MG;UOP01-DEL12-MG
595982;23/04/2024;terça-feira;07:00:00;BA;101;654;ITAPEBI;Ausência de reação do condutor;Saída de leito carroçável;Com Vítimas Feridas;Pleno dia;Crescente;Céu Claro;Simples;"Declive;Curva";Não;1;0;1;0;0;0;1;1;-16,05214898;-39,61572239;SPRF-BA;DEL05-BA;UOP02-DEL05-BA
595995;24/04/2024;quarta-feira;08:20:00;PB;101;107,8;ALHANDRA;Condutor deixou de manter distância do veículo da frente;Saída de leito carroçável;Sem Vítimas;Pleno dia;Crescente;Chuva;Dupla;Reta;Não;1;0;0;0;1;0;0;1;-7,32549201;-34,94709877;SPRF-PB;DEL01-PB;UOP02-DEL01-PB
595996;24/04/2024;quarta-feira;08:10:00;SP;101;51;UBATUBA;Acessar a via sem observar a presença dos outros veículos;Colisão transversal;Com Vítimas Feridas;Pleno dia;Crescente;Céu Claro;Dupla;Reta;Sim;3;0;2;0;0;1;2;3;-23,45627795;-45,07111896;SPRF-SP;DEL06-SP;UOP01-DEL06-SP
596000;12/04/2024;sexta-feira;13:00:00;MG;262;357;BETIM;Ausência de reação do condutor;Colisão traseira;Com Vítimas Fatais;Pleno dia;Crescente;Céu Claro;Dupla;Reta;Não;4;1;0;0;1;4;0;6;-19,97689814;-44,2591095;SPRF-MG;DEL01-MG;UOP03-DEL01-MG
596002;24/04/2024;quarta-feira;07:15:00;RJ;40;120;DUQUE DE CAXIAS;Acessar a via sem observar a presença dos outros veículos;Colisão lateral mesmo sentido;Sem Vítimas;Pleno dia;Crescente;Céu Claro;Dupla;Reta;Não;2;0;0;0;2;0;0;2;-22,77280597;-43,28626763;SPRF-RJ;DEL01-RJ;UOP02-DEL01-RJ
596005;24/04/2024;quarta-feira;06:30:00;RN;405;2;MOSSORO;Ausência de reação do condutor;Colisão transversal;Com Vítimas Feridas;Pleno dia;Crescente;Céu Claro;Dupla;Reta;Sim;2;0;0;1;1;0;1;2;-5,19282682;-37,37112402;SPRF-RN;DEL04-RN;UOP02-DEL04-RN
596010;24/04/2024;quarta-feira;08:00:00;GO;153;202;URUACU;Conversão proibida;Colisão transversal;Com Vítimas Feridas;Pleno dia;Crescente;Céu Claro;Simples;Reta;Sim;5;0;0;1;3;1;1;3;-14,527802;-49,159687;SPRF-GO;DEL07-GO;UOP02-DEL07-GO
596012;24/04/2024;quarta-feira;07:40:00;RJ;116;171;RIO DE JANEIRO;Reação tardia ou ineficiente do condutor;Colisão lateral mesmo sentido;Com Vítimas Feridas;Pleno dia;Decrescente;Céu Claro;Dupla;Reta;Sim;4;0;1;0;3;0;1;3;-22,80849271;-43,33877033;SPRF-RJ;DEL06-RJ;UOP01-DEL06-RJ
596013;24/04/2024;quarta-feira;07:55:00;GO;153;148;CAMPINORTE;Demais falhas mecânicas ou elétricas;Incêndio;Sem Vítimas;Pleno dia;Crescente;Céu Claro;Simples;Reta;Não;2;0;0;0;1;1;0;2;-14,064685;-49,093727;SPRF-GO;DEL07-GO;UOP02-DEL07-GO
596017;24/04/2024;quarta-feira;09:15:00;SC;101;194;BIGUACU;Acessar a via sem observar a presença dos outros veículos;Colisão lateral mesmo sentido;Com Vítimas Feridas;Pleno dia;Crescente;Céu Claro;Dupla;Reta;Sim;3;0;1;0;1;1;1;3;-27,49815117;-48,65661236;SPRF-SC;DEL01-SC;UOP01-DEL01-SC
596020;24/04/2024;quarta-feira;08:45:00;SP;116;142;SAO JOSE DOS CAMPOS;Reação tardia ou ineficiente do condutor;Colisão lateral mesmo sentido;Com Vítimas Feridas;Pleno dia;Decrescente;Céu Claro;Dupla;Reta;Sim;3;0;0;1;1;1;1;3;-23,17426078;-45,82940111;SPRF-SP;DEL02-SP;UOP01-DEL02-SP
596030;24/04/2024;quarta-feira;08:32:00;MG;40;524;CONTAGEM;Ausência de reação do condutor;Saída de leito carroçável;Com Vítimas Fatais;Pleno dia;Crescente;Céu Claro;Dupla;"Curva;Aclive";Sim;2;1;0;0;1;0;0;2;-19,8754469;-44,05345586;SPRF-MG;DEL01-MG;UOP02-DEL01-MG
596032;24/04/2024;quarta-feira;10:40:00;SE;101;89,9;NOSSA SENHORA DO SOCORRO;Manobra de mudança de faixa;Colisão com objeto;Sem Vítimas;Pleno dia;Decrescente;Céu Claro;Dupla;Reta;Sim;2;0;0;0;2;0;0;2;-10,88051024;-37,13355535;SPRF-SE;DEL01-SE;UOP01-DEL01-SE
596034;08/04/2024;segunda-feira;19:00:00;RO;364;71;VILHENA;Ausência de reação do condutor;Colisão traseira;Com Vítimas Feridas;Plena Noite;Crescente;Céu Claro;Simples;Aclive;Não;3;0;0;1;1;3;1;5;-12,45997357;-60,50376957;SPRF-RO;DEL04-RO;UOP01-DEL04-RO
596038;24/04/2024;quarta-feira;10:20:00;RJ;101;479;ANGRA DOS REIS;Ultrapassagem Indevida;Colisão lateral mesmo sentido;Com Vítimas Feridas;Pleno dia;Crescente;Céu Claro;Simples;Reta;Não;4;0;0;2;2;0;2;3;-23,00914;-44,2766;SPRF-RJ;DEL03-RJ;UOP03-DEL03-RJ
596039;24/04/2024;quarta-feira;10:40:00;MG;381;900;CAMBUI;Reação tardia ou ineficiente do condutor;Colisão com objeto;Sem Vítimas;Pleno dia;Decrescente;Sol;Múltipla;Reta;Sim;3;0;0;0;1;2;0;3;-22,66197715;-46,08921986;SPRF-MG;DEL16-MG;UOP03-DEL16-MG
596042;24/04/2024;quarta-feira;09:15:00;SP;116;550;BARRA DO TURVO;Reação tardia ou ineficiente do condutor;Tombamento;Com Vítimas Feridas;Pleno dia;Decrescente;Céu Claro;Simples;Curva;Não;2;0;1;0;0;1;1;2;-24,96633469;-48,46871853;SPRF-SP;DEL05-SP;UOP02-DEL05-SP
596043;24/04/2024;quarta-feira;10:45:00;PR;277;3,6;PARANAGUA;Ultrapassagem Indevida;Colisão transversal;Com Vítimas Feridas;Pleno dia;Decrescente;Nublado;Simples;"Interseção de Vias;Reta";Não;3;0;1;0;1;1;1;3;-25,546182;-48,560186;SPRF-PR;DEL01-PR;UOP05-DEL01-PR
596044;24/04/2024;quarta-feira;07:00:00;PR;163;159;SANTA LUCIA;Velocidade Incompatível;Tombamento;Com Vítimas Feridas;Pleno dia;Decrescente;Nublado;Dupla;Curva;Não;2;0;1;0;0;1;1;2;-25,34495402;-53,58666028;SPRF-PR;DEL05-PR;UOP05-DEL05-PR
596047;24/04/2024;quarta-feira;11:30:00;RJ;116;207;SEROPEDICA;Ausência de reação do condutor;Colisão com objeto;Com Vítimas Feridas;Pleno dia;Decrescente;Céu Claro;Dupla;Reta;Não;1;0;1;0;0;0;1;1;-22,72454443;-43,66145706;SPRF-RJ;DEL06-RJ;UOP02-DEL06-RJ
596052;24/04/2024;quarta-feira;09:00:00;SC;116;254;LAGES;Condutor deixou de manter distância do veículo da frente;Colisão lateral mesmo sentido;Com Vítimas Feridas;Pleno dia;Crescente;Céu Claro;Simples;Desvio Temporário;Não;3;0;1;0;2;0;1;2;-27,86721884;-50,39576317;SPRF-SC;DEL05-SC;UOP02-DEL05-SC
596057;24/04/2024;quarta-feira;10:50:00;RJ;116;66,3;TERESOPOLIS;Acessar a via sem observar a presença dos outros veículos;Colisão frontal;Sem Vítimas;Pleno dia;Decrescente;Céu Claro;Simples;Reta;Sim;3;0;0;0;3;0;0;3;-22,28530513;-42,9306046;SPRF-RJ;DEL04-RJ;UOP01-DEL04-RJ
596058;24/04/2024;quarta-feira;12:14:00;MG;381;901,3;CAMBUI;Reação tardia ou ineficiente do condutor;Colisão traseira;Com Vítimas Feridas;Pleno dia;Decrescente;Céu Claro;Dupla;Reta;Não;4;0;1;0;2;2;1;4;-22,66922696;-46,09354146;SPRF-MG;DEL16-MG;UOP03-DEL16-MG
596062;24/04/2024;quarta-feira;12:00:00;RS;285;6;SAO BORJA;Acessar a via sem observar a presença dos outros veículos;Colisão transversal;Com Vítimas Feridas;Pleno dia;Decrescente;Nublado;Simples;Rotatória;Não;2;0;0;1;1;0;1;2;-28,661;-56,0052;SPRF-RS;DEL12-RS;UOP01-DEL12-RS
596064;24/04/2024;quarta-feira;13:45:00;RJ;393;207;VASSOURAS;Ultrapassagem Indevida;Colisão lateral mesmo sentido;Com Vítimas Feridas;Pleno dia;Crescente;Sol;Simples;Reta;Não;4;0;2;0;1;2;2;4;-22,27409599;-43,46159297;SPRF-RJ;DEL05-RJ;UOP03-DEL05-RJ
596065;24/04/2024;quarta-feira;11:50:00;MG;381;901;CAMBUI;Manobra de mudança de faixa;Colisão traseira;Com Vítimas Feridas;Pleno dia;Decrescente;Céu Claro;Dupla;Reta;Não;2;0;1;0;0;1;1;2;-22,66922696;-46,09354146;SPRF-MG;DEL16-MG;UOP03-DEL16-MG
596066;24/04/2024;quarta-feira;09:30:00;RS;285;49,8;BOM JESUS;Mal súbito do condutor;Colisão lateral mesmo sentido;Com Vítimas Feridas;Pleno dia;Decrescente;Nublado;Simples;"Declive;Curva";Não;4;0;1;0;2;2;1;4;-28,666346;-50,325451;SPRF-RS;DEL05-RS;UOP03-DEL05-RS
596080;24/04/2024;quarta-feira;14:20:00;RS;116;262;CANOAS;Reação tardia ou ineficiente do condutor;Colisão lateral mesmo sentido;Com Vítimas Feridas;Pleno dia;Crescente;Céu Claro;Dupla;"Aclive;Reta;Viaduto";Sim;3;0;0;1;2;0;1;3;-29,896475;-51,17593;SPRF-RS;DEL01-RS;UOP01-DEL01-RS
596085;24/04/2024;quarta-feira;14:14:00;MG;40;513,3;RIBEIRAO DAS NEVES;Condutor deixou de manter distância do veículo da frente;Colisão traseira;Com Vítimas Feridas;Pleno dia;Crescente;Céu Claro;Dupla;Reta;Sim;4;0;1;0;2;1;1;3;-19,7970544;-44,1080512;SPRF-MG;DEL01-MG;UOP02-DEL01-MG
596090;19/01/2024;sexta-feira;19:20:00;ES;101;294,4;CARIACICA;Reação tardia ou ineficiente do condutor;Colisão traseira;Com Vítimas Feridas;Plena Noite;Crescente;Céu Claro;Dupla;"Declive;Reta";Sim;3;0;1;0;1;2;1;4;-20,32415948;-40,3952903;SPRF-ES;DEL01-ES;UOP01-DEL01-ES
596092;24/04/2024;quarta-feira;16:00:00;CE;116;41;HORIZONTE;Acessar a via sem observar a presença dos outros veículos;Colisão transversal;Com Vítimas Fatais;Pleno dia;Decrescente;Nublado;Dupla;Retorno Regulamentado;Sim;3;1;0;0;1;1;0;3;-4,1041387;-38,49808931;SPRF-CE;DEL01-CE;UOP02-DEL01-CE
596097;24/04/2024;quarta-feira;10:40:00;MG;262;452,4;NOVA SERRANA;Ausência de reação do condutor;Saída de leito carroçável;Com Vítimas Feridas;Pleno dia;Decrescente;Sol;Simples;Reta;Não;5;0;3;0;2;0;3;1;-19,85998384;-45,00696635;SPRF-MG;DEL08-MG;UOP03-DEL08-MG
596103;24/04/2024;quarta-feira;14:30:00;MT;163;1110;GUARANTA DO NORTE;Problema com o freio;Tombamento;Com Vítimas Fatais;Pleno dia;Crescente;Céu Claro;Simples;"Curva;Declive";Não;2;1;0;0;0;2;0;3;-9,71780888;-54,87808527;SPRF-MT;DEL06-MT;UOP03-DEL06-MT
596105;24/04/2024;quarta-feira;15:00:00;SP;116;290,3;ITAPECERICA DA SERRA;Reação tardia ou ineficiente do condutor;Engavetamento;Com Vítimas Fatais;Pleno dia;Decrescente;Céu Claro;Dupla;Curva;Sim;9;4;2;0;1;5;2;9;-23,72273299;-46,88956261;SPRF-SP;DEL04-SP;UOP01-DEL04-SP
596111;24/04/2024;quarta-feira;16:50:00;PR;277;418,9;CANTAGALO;Transitar na contramão;Colisão frontal;Com Vítimas Fatais;Pleno dia;Crescente;Chuva;Simples;"Curva;Aclive";Não;4;2;0;0;1;1;0;3;-25,39158;-52,10721;SPRF-PR;DEL04-PR;UOP02-DEL04-PR
596112;06/04/2024;sábado;06:58:00;PE;232;327;CUSTODIA;Ausência de reação do condutor;Tombamento;Com Vítimas Feridas;Pleno dia;Decrescente;Céu Claro;Simples;"Ponte;Reta";Não;2;0;1;0;0;1;1;2;-8,09163115;-37,58865201;SPRF-PE;DEL04-PE;UOP02-DEL04-PE
596113;24/04/2024;quarta-feira;17:40:00;SP;116;426;JUQUIA;Acessar a via sem observar a presença dos outros veículos;Colisão traseira;Com Vítimas Feridas;Plena Noite;Crescente;Céu Claro;Dupla;Curva;Não;3;0;1;0;1;1;1;3;-24,38735659;-47,7169352;SPRF-SP;DEL05-SP;UOP01-DEL05-SP
596114;24/04/2024;quarta-feira;15:55:00;PE;232;549;PARNAMIRIM;Reação tardia ou ineficiente do condutor;Colisão traseira;Sem Vítimas;Pleno dia;Decrescente;Céu Claro;Simples;Reta;Não;3;0;0;0;3;0;0;3;-8,08140781;-39,48231607;SPRF-PE;DEL05-PE;UOP01-DEL05-PE
596119;24/04/2024;quarta-feira;15:45:00;GO;153;128;ESTRELA DO NORTE;Demais falhas mecânicas ou elétricas;Colisão com objeto;Com Vítimas Feridas;Pleno dia;Crescente;Céu Claro;Simples;Reta;Não;2;0;1;0;0;1;1;2;-13,892993;-49,057659;SPRF-GO;DEL07-GO;UOP01-DEL07-GO