id;data_inversa;dia_semana;horario;uf;br;km;municipio;causa_acidente;tipo_acidente;classificacao_acidente;fase_dia;sentido_via;condicao_metereologica;tipo_pista;tracado_via;uso_solo;pessoas;mortos;feridos_leves;feridos_graves;ilesos;ignorados;feridos;veiculos;latitude;longitude;regional;delegacia;uop
596127;24/04/2024;quarta-feira;18:56:00;PE;232;408;SERRA TALHADA;Acessar a via sem observar a presença dos outros veículos;Colisão transversal;Com Vítimas Feridas;Plena Noite;Decrescente;Nublado;Simples;Reta;Sim;2;0;1;0;1;0;1;2;-7,98371447;-38,28047709;SPRF-PE;DEL04-PE;UOP01-DEL04-PE
596130;24/04/2024;quarta-feira;18:08:00;PE;232;204;PESQUEIRA;Acessar a via sem observar a presença dos outros veículos;Colisão transversal;Com Vítimas Feridas;Plena Noite;Decrescente;Céu Claro;Simples;"Reta;Aclive";Não;2;0;0;1;1;0;1;2;-8,37237557;-36,64377902;SPRF-PE;DEL03-PE;UOP02-DEL03-PE
596137;24/04/2024;quarta-feira;20:30:00;SC;101;113,3;ITAJAI;Ausência de reação do condutor;Tombamento;Com Vítimas Feridas;Plena Noite;Crescente;Céu Claro;Dupla;Reta;Não;2;0;1;0;0;1;1;2;-26,85311393;-48,72689927;SPRF-SC;DEL04-SC;UOP04-DEL04-SC
596143;24/04/2024;quarta-feira;15:40:00;PR;487;50;UMUARAMA;Ausência de reação do condutor;Saída de leito carroçável;Com Vítimas Feridas;Pleno dia;Crescente;Nublado;Simples;Reta;Não;3;0;1;0;0;3;1;4;-23,579102;-53,417343;SPRF-PR;DEL06-PR;UOP03-DEL06-PR
596146;24/04/2024;quarta-feira;17:51:00;SC;470;68,1;INDAIAL;Pedestre - Ingestão de álcool/ substâncias psicoativas;Atropelamento de Pedestre;Com Vítimas Feridas;Anoitecer;Crescente;Céu Claro;Dupla;"Reta;Ponte";Sim;3;0;0;1;1;1;1;3;-26,877615;-49,239231;SPRF-SC;DEL04-SC;UOP01-DEL04-SC
596153;24/04/2024;quarta-feira;17:30:00;RJ;493;51;DUQUE DE CAXIAS;Acesso irregular;Colisão traseira;Com Vítimas Feridas;Plena Noite;Crescente;Céu Claro;Dupla;Reta;Não;3;0;0;2;1;0;2;2;-22,66906;-43,30996156;SPRF-RJ;DEL01-RJ;UOP03-DEL01-RJ
596157;24/04/2024;quarta-feira;21:10:00;MG;262;594,5;CAMPOS ALTOS;Velocidade Incompatível;Saída de leito carroçável;Com Vítimas Fatais;Plena Noite;Decrescente;Chuva;Simples;Reta;Não;2;1;0;1;0;0;1;1;-19,65375972;-46,18487656;SPRF-MG;DEL08-MG;UOP02-DEL08-MG
596164;24/04/2024;quarta-feira;22:15:00;MG;40;421;CURVELO;Reação tardia ou ineficiente do condutor;Colisão traseira;Com Vítimas Fatais;Plena Noite;Crescente;Céu Claro;Simples;Reta;Não;3;1;0;0;1;4;0;6;-19,15337404;-44,538155;SPRF-MG;DEL02-MG;UOP01-DEL02-MG
596172;25/04/2024;quinta-feira;02:00:00;RJ;393;111;SAPUCAIA;Reação tardia ou ineficiente do condutor;Colisão frontal;Com Vítimas Fatais;Plena Noite;Decrescente;Céu Claro;Simples;Curva;Não;2;1;0;0;1;0;0;2;-21,89436282;-42,71200909;SPRF-RJ;DEL05-RJ;UOP01-DEL05-RJ
596174;25/04/2024;quinta-feira;01:00:00;SP;381;86;SAO PAULO;Mal súbito do condutor;Atropelamento de Pedestre;Com Vítimas Fatais;Plena Noite;Crescente;Céu Claro;Múltipla;Reta;Sim;3;1;0;0;1;1;0;3;-23,45930499;-46,57161179;SPRF-SP;DEL03-SP;UOP01-DEL03-SP
596176;24/04/2024;quarta-feira;22:00:00;BA;101;438;UBAITABA;Objeto estático sobre o leito carroçável;Colisão frontal;Com Vítimas Feridas;Plena Noite;Decrescente;Chuva;Simples;Reta;Não;5;0;2;0;2;1;2;3;-14,26371761;-39,32556152;SPRF-BA;DEL05-BA;UOP01-DEL05-BA
596182;25/04/2024;quinta-feira;05:20:00;MS;262;371;TERENOS;Ultrapassagem Indevida;Colisão lateral sentido oposto;Com Vítimas Fatais;Amanhecer;Crescente;Céu Claro;Simples;Reta;Não;5;1;0;2;1;3;2;7;-20,48309924;-54,78814298;SPRF-MS;DEL01-MS;UOP03-DEL01-MS
596183;24/04/2024;quarta-feira;21:30:00;MG;262;12,9;MARTINS SOARES;Ausência de reação do condutor;Colisão com objeto;Sem Vítimas;Plena Noite;Crescente;Céu Claro;Simples;"Declive;Reta";Não;1;0;0;0;1;0;0;1;-20,25771509;-41,86161294;SPRF-MG;DEL06-MG;UOP03-DEL06-MG
596190;25/04/2024;quinta-feira;07:00:00;SP;116;208;GUARULHOS;Ausência de reação do condutor;Colisão traseira;Com Vítimas Fatais;Pleno dia;Crescente;Céu Claro;Dupla;Reta;Sim;3;1;0;0;2;0;0;2;-23,42222263;-46,3932771;SPRF-SP;DEL01-SP;UOP01-DEL01-SP
596199;25/04/2024;quinta-feira;04:30:00;SC;282;324,9;CAMPOS NOVOS;Retorno proibido;Colisão transversal;Com Vítimas Feridas;Plena Noite;Decrescente;Céu Claro;Simples;Reta;Não;6;0;1;0;4;3;1;7;-27,387329;-51,055897;SPRF-SC;DEL07-SC;UOP06-DEL07-SC
596202;25/04/2024;quinta-feira;04:30:00;AM;174;936,9;MANAUS;Ausência de sinalização;Colisão com objeto;Com Vítimas Feridas;Amanhecer;Decrescente;Nublado;Simples;"Aclive;Reta";Não;7;0;4;0;2;2;4;4;-2,514083;-60,037113;SPRF-AM;DEL01-AM;UOP01-DEL01-AM
596203;25/04/2024;quinta-feira;05:50:00;PR;376;262,8;CALIFORNIA;Velocidade Incompatível;Tombamento;Com Vítimas Feridas;Amanhecer;Decrescente;Céu Claro;Dupla;"Curva;Declive";Não;2;0;1;0;0;1;1;2;-23,71590684;-51,31665496;SPRF-PR;DEL07-PR;UOP03-DEL07-PR
596206;25/04/2024;quinta-feira;06:00:00;AL;101;33,8;JOAQUIM GOMES;Velocidade Incompatível;Tombamento;Com Vítimas Feridas;Pleno dia;Crescente;Nublado;Dupla;Curva;Não;2;0;1;0;0;1;1;2;-9,10736895;-35,75887214;SPRF-AL;DEL01-AL;UOP02-DEL01-AL
596215;25/04/2024;quinta-feira;08:40:00;RJ;393;218;VASSOURAS;Desrespeitar a preferência no cruzamento;Colisão transversal;Com Vítimas Feridas;Pleno dia;Crescente;Céu Claro;Simples;Reta;Sim;2;0;0;1;1;0;1;2;-22,30906209;-43,50409593;SPRF-RJ;DEL05-RJ;UOP03-DEL05-RJ
596216;25/04/2024;quinta-feira;07:20:00;MS;262;521,5;AQUIDAUANA;Carga excessiva e/ou mal acondicionada;Tombamento;Com Vítimas Fatais;Pleno dia;Crescente;Céu Claro;Simples;"Curva;Aclive";Não;4;1;1;1;0;2;2;3;-20,40192322;-56,08028022;SPRF-MS;DEL03-MS;UOP01-DEL03-MS
596222;25/04/2024;quinta-feira;09:30:00;SC;470;111,9;IBIRAMA;Reação tardia ou ineficiente do condutor;Colisão lateral sentido oposto;Com Vítimas Feridas;Pleno dia;Crescente;Chuva;Simples;Curva;Não;3;0;0;2;1;0;2;2;-27,095388;-49,457878;SPRF-SC;DEL04-SC;UOP02-DEL04-SC
596226;25/04/2024;quinta-feira;07:50:00;BA;101;259;SANTO ANTONIO DE JESUS;Acessar a via sem observar a presença dos outros veículos;Colisão transversal;Com Vítimas Feridas;Pleno dia;Decrescente;Nublado;Simples;"Declive;Reta";Não;2;0;0;1;1;0;1;2;-12,95605846;-39,26455736;SPRF-BA;DEL01-BA;UOP02-DEL01-BA
596228;03/04/2024;quarta-feira;15:35:00;AL;423;19;CANAPI;Reação tardia ou ineficiente do condutor;Colisão com objeto;Com Vítimas Feridas;Pleno dia;Crescente;Céu Claro;Simples;"Declive;Reta";Não;2;0;1;0;0;1;1;2;-9,17394974;-37,45443908;SPRF-AL;DEL03-AL;UOP02-DEL03-AL
596231;15/03/2024;sexta-feira;19:30:00;RJ;40;121;DUQUE DE CAXIAS;Condutor deixou de manter distância do veículo da frente;Colisão traseira;Com Vítimas Feridas;Plena Noite;Decrescente;Céu Claro;Múltipla;Reta;Sim;3;0;1;0;1;1;1;3;-22,78185499;-43,28571273;SPRF-RJ;DEL01-RJ;UOP02-DEL01-RJ
596233;25/04/2024;quinta-feira;09:55:00;RS;386;347,2;LAJEADO;Acessar a via sem observar a presença dos outros veículos;Colisão lateral mesmo sentido;Sem Vítimas;Pleno dia;Decrescente;Sol;Dupla;"Aclive;Reta";Sim;3;0;0;0;2;2;0;4;-29,45297098;-51,96323991;SPRF-RS;DEL04-RS;UOP01-DEL04-RS
596234;25/04/2024;quinta-feira;09:30:00;BA;116;675;JEQUIE;Condutor Dormindo;Colisão frontal;Com Vítimas Feridas;Pleno dia;Decrescente;Céu Claro;Simples;Reta;Não;4;0;0;2;1;1;2;3;-13,82572997;-40,11054482;SPRF-BA;DEL03-BA;UOP01-DEL03-BA
596235;25/04/2024;quinta-feira;09:05:00;RS;468;107;TRES PASSOS;Acessar a via sem observar a presença dos outros veículos;Colisão transversal;Com Vítimas Feridas;Pleno dia;Crescente;Céu Claro;Simples;Rotatória;Sim;4;0;0;1;1;3;1;5;-27,429918;-53,95444;SPRF-RS;DEL08-RS;UOP02-DEL08-RS
596236;25/04/2024;quinta-feira;09:00:00;SP;116;144,3;SAO JOSE DOS CAMPOS;Reação tardia ou ineficiente do condutor;Colisão traseira;Com Vítimas Feridas;Pleno dia;Crescente;Sol;Múltipla;Reta;Sim;3;0;1;0;2;0;1;2;-23,18274416;-45,84633592;SPRF-SP;DEL02-SP;UOP01-DEL02-SP
596239;25/04/2024;quinta-feira;10:15:00;PR;277;36;MORRETES;Acessar a via sem observar a presença dos outros veículos;Colisão lateral mesmo sentido;Com Vítimas Feridas;Pleno dia;Decrescente;Garoa/Chuvisco;Dupla;Curva;Não;4;0;1;0;2;2;1;4;-25,5585949;-48,80593311;SPRF-PR;DEL01-PR;UOP05-DEL01-PR
596253;25/04/2024;quinta-feira;05:00:00;GO;153;551,1;PIRACANJUBA;Pedestre andava na pista;Atropelamento de Pedestre;Com Vítimas Fatais;Plena Noite;Decrescente;Céu Claro;Dupla;Reta;Não;2;1;0;0;0;1;0;2;-17,1424337;-49,21515088;SPRF-GO;DEL01-GO;UOP03-DEL01-GO
596254;08/04/2024;segunda-feira;18:00:00;MG;40;525,2;CONTAGEM;Condutor deixou de manter distância do veículo da frente;Colisão traseira;Com Vítimas Feridas;Plena Noite;Decrescente;Céu Claro;Dupla;Reta;Sim;4;0;1;0;1;2;1;4;-19,88361702;-44,05039336;SPRF-MG;DEL01-MG;UOP02-DEL01-MG
596262;25/04/2024;quinta-feira;08:35:00;SP;116;307;SAO LOURENCO DA SERRA;Velocidade Incompatível;Tombamento;Com Vítimas Feridas;Pleno dia;Decrescente;Sol;Dupla;Curva;Não;3;0;2;0;0;1;2;2;-23,85630016;-46,94096988;SPRF-SP;DEL04-SP;UOP01-DEL04-SP
596265;25/04/2024;quinta-feira;10:05:00;MG;365;5,4;MONTES CLAROS;Velocidade Incompatível;Tombamento;Com Vítimas Feridas;Pleno dia;Crescente;Sol;Simples;Curva;Não;3;0;2;0;0;1;2;3;-16,81045689;-43,91029358;SPRF-MG;DEL12-MG;UOP01-DEL12-MG
596267;25/04/2024;quinta-feira;12:15:00;RS;153;52;ERECHIM;Desrespeitar a preferência no cruzamento;Colisão transversal;Com Vítimas Feridas;Pleno dia;Crescente;Nublado;Simples;Rotatória;Não;2;0;1;0;1;0;1;2;-27,66693813;-52,29069167;SPRF-RS;DEL08-RS;UOP04-DEL08-RS
596274;17/04/2024;quarta-feira;19:00:00;PR;116;117;CURITIBA;Manobra de mudança de faixa;Colisão lateral mesmo sentido;Com Vítimas Feridas;Plena Noite;Decrescente;Ignorado;Dupla;"Reta;Aclive";Sim;3;0;1;0;2;0;1;2;-25,55937499;-49,30690885;SPRF-PR;DEL01-PR;UOP03-DEL01-PR
596275;25/04/2024;quinta-feira;13:20:00;RS;470;216;BENTO GONCALVES;Acessar a via sem observar a presença dos outros veículos;Colisão lateral mesmo sentido;Sem Vítimas;Pleno dia;Crescente;Céu Claro;Dupla;Reta;Sim;2;0;0;0;2;0;0;2;-29,15887096;-51,53142395;SPRF-RS;DEL06-RS;UOP01-DEL06-RS
596278;09/03/2024;sábado;20:50:00;MG;381;876,8;ESTIVA;Velocidade Incompatível;Tombamento;Com Vítimas Feridas;Plena Noite;Decrescente;Chuva;Dupla;Curva;Não;3;0;1;1;0;1;2;2;-22,472813;-46,01072791;SPRF-MG;DEL16-MG;UOP01-DEL16-MG
596281;08/04/2024;segunda-feira;06:20:00;RN;304;287;MACAIBA;Reação tardia ou ineficiente do condutor;Engavetamento;Com Vítimas Feridas;Pleno dia;Crescente;Chuva;Dupla;Declive;Não;19;0;3;1;15;0;4;7;-5,8711714;-35,42930088;SPRF-RN;DEL01-RN;UOP02-DEL01-RN
596283;25/04/2024;quinta-feira;13:30:00;PR;376;407;TIBAGI;Reação tardia ou ineficiente do condutor;Colisão com objeto;Com Vítimas Feridas;Pleno dia;Crescente;Céu Claro;Dupla;Curva;Não;2;0;0;1;0;1;1;2;-24,59958722;-50,66743255;SPRF-PR;DEL03-PR;UOP02-DEL03-PR
596286;25/04/2024;quinta-feira;14:37:00;SC;101;81;BARRA VELHA;Condutor deixou de manter distância do veículo da frente;Colisão traseira;Com Vítimas Feridas;Pleno dia;Crescente;Garoa/Chuvisco;Múltipla;Reta;Não;2;0;1;0;0;1;1;2;-26,60256101;-48,72553524;SPRF-SC;DEL03-SC;UOP02-DEL03-SC
596289;25/04/2024;quinta-feira;14:30:00;RJ;101;331;RIO DE JANEIRO;Ausência de reação do condutor;Colisão traseira;Sem Vítimas;Pleno dia;Decrescente;Céu Claro;Dupla;Reta;Não;2;0;0;0;2;0;0;2;-22,867662;-43,195337;SPRF-RJ;DEL02-RJ;UOP01-DEL02-RJ
596293;25/04/2024;quinta-feira;14:38:00;SC;101;205;SAO JOSE;Chuva;Colisão lateral mesmo sentido;Com Vítimas Feridas;Pleno dia;Crescente;Chuva;Dupla;Reta;Sim;2;0;0;1;1;0;1;2;-27,58313237;-48,61532885;SPRF-SC;DEL01-SC;UOP01-DEL01-SC
596295;26/03/2024;terça-feira;21:30:00;SC;101;194,5;BIGUACU;Suicídio (presumido);Atropelamento de Pedestre;Com Vítimas Fatais;Plena Noite;Decrescente;Céu Claro;Múltipla;Reta;Sim;5;1;0;0;1;3;0;3;-27,5016455;-48,6531828;SPRF-SC;DEL01-SC;UOP01-DEL01-SC
596296;20/03/2024;quarta-feira;10:20:00;PR;376;307,5;MAUA DA SERRA;Curva acentuada;Tombamento;Com Vítimas Feridas;Pleno dia;Decrescente;Céu Claro;Dupla;"Declive;Curva";Não;3;0;1;1;0;1;2;2;-23,9743171;-51,1035821;SPRF-PR;DEL07-PR;UOP02-DEL07-PR
596298;25/04/2024;quinta-feira;10:20:00;RJ;40;53,5;PETROPOLIS;Demais falhas mecânicas ou elétricas;Incêndio;Sem Vítimas;Pleno dia;Crescente;Céu Claro;Dupla;Curva;Sim;1;0;0;0;1;0;0;1;-22,34399896;-43,13243691;SPRF-RJ;DEL05-RJ;UOP02-DEL05-RJ
596304;25/04/2024;quinta-feira;06:14:00;MT;163;634,6;NOVA MUTUM;Transitar na contramão;Colisão lateral sentido oposto;Com Vítimas Fatais;Pleno dia;Crescente;Céu Claro;Simples;Reta;Não;4;2;0;0;1;3;0;6;-13,611275;-56,03256702;SPRF-MT;DEL01-MT;UOP01-DEL01-MT
596308;25/04/2024;quinta-feira;13:06:00;MT;163;656,9;LUCAS DO RIO VERDE;Ausência de reação do condutor;Colisão traseira;Com Vítimas Feridas;Pleno dia;Crescente;Céu Claro;Simples;Reta;Não;3;0;0;1;1;2;1;4;-13,3287;-56,0503;SPRF-MT;DEL06-MT;UOP01-DEL06-MT
596309;25/04/2024;quinta-feira;11:50:00;PR;277;284;PRUDENTOPOLIS;Reação tardia ou ineficiente do condutor;Colisão lateral mesmo sentido;Com Vítimas Feridas;Pleno dia;Crescente;Céu Claro;Simples;Reta;Não;4;0;1;0;2;1;1;3;-25,34688486;-50,9324159;SPRF-PR;DEL08-PR;UOP02-DEL08-PR
596314;06/03/2024;quarta-feira;06:30:00;GO;364;267;MINEIROS;Reação tardia ou ineficiente do condutor;Colisão lateral mesmo sentido;Com Vítimas Feridas;Pleno dia;Crescente;Céu Claro;Simples;Reta;Não;3;0;0;1;1;2;1;4;-17,669401;-52,290935;SPRF-GO;DEL05-GO;UOP01-DEL05-GO
596315;25/04/2024;quinta-feira;07:40:00;RO;364;78;VILHENA;Acessar a via sem observar a presença dos outros veículos;Tombamento;Com Vítimas Feridas;Pleno dia;Crescente;Céu Claro;Simples;Reta;Não;4;0;1;0;1;3;1;5;-12,44116269;-60,56077582;SPRF-RO;DEL04-RO;UOP01-DEL04-RO
596320;19/04/2024;sexta-feira;08:20:00;BA;116;24,5;VITORIA DA CONQUISTA;Velocidade Incompatível;Saída de leito carroçável;Com Vítimas Feridas;Pleno dia;Crescente;Céu Claro;Simples;"Declive;Rotatória;Interseção de Vias";Não;2;0;1;0;0;1;1;2;-14,851;-40,8485;SPRF-BA;DEL08-BA;UOP01-DEL08-BA
596322;25/04/2024;quinta-feira;18:00:00;PR;369;148;LONDRINA;Reação tardia ou ineficiente do condutor;Colisão traseira;Sem Vítimas;Anoitecer;Crescente;Céu Claro;Dupla;"Reta;Aclive;Interseção de Vias";Sim;5;0;0;0;5;0;0;3;-23,2931281;-51,13493621;SPRF-PR;DEL07-PR;UOP01-DEL07-PR
596323;25/04/2024;quinta-feira;17:50:00;BA;135;169;BARREIRAS;Acessar a via sem observar a presença dos outros veículos;Colisão transversal;Com Vítimas Feridas;Anoitecer;Crescente;Nublado;Dupla;"Reta;Rotatória";Não;6;0;1;0;4;3;1;5;-12,081188;-44,96973301;SPRF-BA;DEL08-BA;N/A
596326;25/04/2024;quinta-feira;16:00:00;MG;116;777,3;LEOPOLDINA;Demais falhas mecânicas ou elétricas;Incêndio;Sem Vítimas;Pleno dia;Decrescente;Céu Claro;Simples;Curva;Não;2;0;0;0;1;1;0;2;-21,59632074;-42,69196405;SPRF-MG;DEL07-MG;UOP01-DEL07-MG
596334;25/04/2024;quinta-feira;16:00:00;BA;415;21;ILHEUS;Acessar a via sem observar a presença dos outros veículos;Colisão transversal;Com Vítimas Feridas;Pleno dia;Crescente;Céu Claro;Simples;Curva;Não;2;0;0;1;1;0;1;2;-14,801391;-39,151901;SPRF-BA;DEL05-BA;UOP01-DEL05-BA
596335;25/04/2024;quinta-feira;18:15:00;PR;376;492,4;PONTA GROSSA;Manobra de mudança de faixa;Colisão lateral mesmo sentido;Com Vítimas Feridas;Anoitecer;Decrescente;Céu Claro;Dupla;Reta;Sim;7;0;0;3;3;1;3;3;-25,1201651;-50,18497556;SPRF-PR;DEL03-PR;UOP04-DEL03-PR
596336;25/04/2024;quinta-feira;17:10:00;MA;316;540;CAXIAS;Ingestão de álcool pelo condutor;Tombamento;Sem Vítimas;Pleno dia;Decrescente;Céu Claro;Simples;Declive;Não;2;0;0;0;1;3;0;4;-4,852833;-43,444431;SPRF-MA;DEL03-MA;UOP02-DEL03-MA
596343;25/04/2024;quinta-feira;20:00:00;RS;392;72,3;PELOTAS;Ausência de reação do condutor;Colisão transversal;Com Vítimas Feridas;Plena Noite;Decrescente;Céu Claro;Simples;Reta;Sim;3;0;0;1;1;2;1;4;-31,721104;-52,389843;SPRF-RS;DEL07-RS;UOP01-DEL07-RS
596346;25/04/2024;quinta-feira;19:35:00;GO;60;181;ABADIA DE GOIAS;Demais falhas mecânicas ou elétricas;Incêndio;Sem Vítimas;Plena Noite;Decrescente;Céu Claro;Dupla;Reta;Não;1;0;0;0;1;0;0;1;-16,78091095;-49,4907726;SPRF-GO;DEL01-GO;UOP02-DEL01-GO
596355;25/04/2024;quinta-feira;09:00:00;MS;60;455;SIDROLANDIA;Problema com o freio;Incêndio;Sem Vítimas;Pleno dia;Decrescente;Céu Claro;Simples;Reta;Não;2;0;0;0;1;3;0;4;-21,00349268;-55,18508702;SPRF-MS;DEL01-MS;UOP04-DEL01-MS
596360;25/04/2024;quinta-feira;19:00:00;PE;232;233,4;PESQUEIRA;Transitar na contramão;Colisão frontal;Com Vítimas Feridas;Plena Noite;Crescente;Céu Claro;Simples;Curva;Não;2;0;1;1;0;0;2;2;-8,40608533;-36,90137289;SPRF-PE;DEL04-PE;UOP02-DEL04-PE
596367;25/04/2024;quinta-feira;18:25:00;SC;116;145;SANTA CECILIA;Carga excessiva e/ou mal acondicionada;Tombamento;Com Vítimas Feridas;Anoitecer;Crescente;Garoa/Chuvisco;Simples;Reta;Não;2;0;1;0;0;2;1;3;-26,9952408;-50,40782997;SPRF-SC;DEL06-SC;UOP02-DEL06-SC
596369;25/04/2024;quinta-feira;21:41:00;GO;60;80,7;ANAPOLIS;Ausência de reação do condutor;Colisão traseira;Com Vítimas Fatais;Plena Noite;Crescente;Céu Claro;Dupla;"Aclive;Reta";Não;4;1;1;0;0;3;1;5;-16,3078656;-48,82395029;SPRF-GO;DEL02-GO;UOP01-DEL02-GO
596370;04/03/2024;segunda-feira;07:45:00;PI;343;345;TERESINA;Acessar a via sem observar a presença dos outros veículos;Colisão transversal;Com Vítimas Feridas;Pleno dia;Crescente;Nublado;Simples;Reta;Sim;2;0;0;1;1;0;1;2;-5,102889;-42,766506;SPRF-PI;DEL01-PI;UOP01-DEL01-PI
596372;25/04/2024;quinta-feira;16:30:00;PA;153;87,1;SAO DOMINGOS DO ARAGUAIA;Transitar na contramão;Colisão lateral sentido oposto;Com Vítimas Fatais;Pleno dia;Crescente;Céu Claro;Simples;Aclive;Não;2;1;0;0;1;0;0;2;-5,862273;-48,615734;SPRF-PA;DEL03-PA;UOP01-DEL03-PA
596374;25/04/2024;quinta-feira;23:55:00;PE;101;77;JABOATAO DOS GUARARAPES;Acessar a via sem observar a presença dos outros veículos;Colisão lateral mesmo sentido;Sem Vítimas;Plena Noite;Crescente;Chuva;Dupla;Reta;Sim;2;0;0;0;2;0;0;2;-8,126982;-34,94386;SPRF-PE;DEL01-PE;UOP01-DEL01-PE
596379;26/04/2024;sexta-feira;00:45:00;GO;50;303,1;CUMARI;Condutor Dormindo;Saída de leito carroçável;Com Vítimas Feridas;Pleno dia;Crescente;Céu Claro;Dupla;Curva;Não;3;0;1;0;1;1;1;2;-18,3521;-48,0368;SPRF-GO;DEL06-GO;UOP01-DEL06-GO
596380;25/04/2024;quinta-feira;23:50:00;MG;381;170;GOVERNADOR VALADARES;Ausência de reação do condutor;Colisão traseira;Com Vítimas Feridas;Plena Noite;Decrescente;Céu Claro;Simples;Reta;Não;2;0;1;0;0;1;1;2;-18,97390915;-42,09601181;SPRF-MG;DEL06-MG;UOP01-DEL06-MG
596381;25/04/2024;quinta-feira;23:20:00;PR;153;379;MALLET;Ausência de sinalização;Colisão com objeto;Sem Vítimas;Plena Noite;Decrescente;Garoa/Chuvisco;Simples;Reta;Não;2;0;0;0;1;1;0;2;-25,85753792;-50,84186196;SPRF-PR;DEL08-PR;UOP02-DEL08-PR
596382;26/04/2024;sexta-feira;02:15:00;SC;101;240,6;PALHOCA;Ausência de reação do condutor;Saída de leito carroçável;Com Vítimas Feridas;Plena Noite;Crescente;Céu Claro;Dupla;Curva;Não;2;0;1;0;0;1;1;2;-27,85825092;-48,64383119;SPRF-SC;DEL01-SC;UOP02-DEL01-SC
596384;26/04/2024;sexta-feira;02:00:00;SC;282;639,8;DESCANSO;Transitar na contramão;Colisão frontal;Sem Vítimas;Plena Noite;Decrescente;Céu Claro;Simples;Reta;Não;3;0;0;0;1;2;0;3;-26,793066;-53,451859;SPRF-SC;DEL07-SC;UOP03-DEL07-SC
596392;26/04/2024;sexta-feira;02:40:00;RJ;101;280;TANGUA;Reação tardia ou ineficiente do condutor;Saída de leito carroçável;Sem Vítimas;Plena Noite;Decrescente;Céu Claro;Dupla;Reta;Sim;3;0;0;0;2;1;0;1;-22,73840017;-42,77718501;SPRF-RJ;DEL02-RJ;UOP02-DEL02-RJ
596394;26/04/2024;sexta-feira;03:30:00;MT;364;185;PEDRA PRETA;Condutor deixou de manter distância do veículo da frente;Colisão traseira;Sem Vítimas;Plena Noite;Decrescente;Céu Claro;Simples;Reta;Não;2;0;0;0;0;2;0;2;-16,58366439;-54,5217669;SPRF-MT;DEL02-MT;UOP01-DEL02-MT
596395;26/04/2024;sexta-feira;05:30:00;SC;101;41;JOINVILLE;Velocidade Incompatível;Colisão com objeto;Com Vítimas Feridas;Amanhecer;Decrescente;Nublado;Dupla;Reta;Sim;7;0;5;0;1;1;5;3;-26,28215489;-48,88973081;SPRF-SC;DEL03-SC;UOP01-DEL03-SC
596398;26/04/2024;sexta-feira;04:15:00;MG;381;799,4;SAO GONCALO DO SAPUCAI;Velocidade Incompatível;Saída de leito carroçável;Com Vítimas Feridas;Plena Noite;Decrescente;Céu Claro;Dupla;"Declive;Curva";Não;4;0;1;0;2;1;1;2;-21,92361372;-45,61220884;SPRF-MG;DEL16-MG;UOP02-DEL16-MG
596401;26/04/2024;sexta-feira;04:50:00;SP;381;69,7;MAIRIPORA;Condutor Dormindo;Tombamento;Com Vítimas Feridas;Amanhecer;Decrescente;Nublado;Dupla;"Declive;Curva";Não;2;0;1;0;0;1;1;2;-23,34553108;-46,56787903;SPRF-SP;DEL03-SP;UOP01-DEL03-SP
596404;08/04/2024;segunda-feira;13:30:00;MA;316;303,2;PIO XII;Transitar na contramão;Colisão frontal;Com Vítimas Fatais;Pleno dia;Decrescente;Céu Claro;Simples;"Aclive;Reta";Não;2;1;0;0;1;0;0;2;-3,937617;-45,144978;SPRF-MA;DEL02-MA;UOP01-DEL02-MA
596406;26/04/2024;sexta-feira;03:00:00;PR;153;478,6;GENERAL CARNEIRO;Ingestão de álcool pelo condutor;Saída de leito carroçável;Sem Vítimas;Plena Noite;Decrescente;Nublado;Simples;"Curva;Aclive";Não;2;0;0;0;1;1;0;2;-26,34414284;-51,25610876;SPRF-PR;DEL02-PR;UOP03-DEL02-PR
596410;26/04/2024;sexta-feira;06:00:00;RS;290;619;ALEGRETE;Demais falhas mecânicas ou elétricas;Incêndio;Sem Vítimas;Amanhecer;Crescente;Nublado;Simples;Curva;Não;2;0;0;0;1;1;0;2;-29,957584;-56,126648;SPRF-RS;DEL13-RS;UOP02-DEL13-RS
596412;26/04/2024;sexta-feira;06:50:00;RS;116;266;CANOAS;Ausência de reação do condutor;Colisão traseira;Com Vítimas Feridas;Pleno dia;Crescente;Chuva;Dupla;Reta;Sim;2;0;1;0;0;1;1;2;-29,93242399;-51,17742077;SPRF-RS;DEL01-RS;UOP01-DEL01-RS
596415;26/04/2024;sexta-feira;04:00:00;PA;10;116;PARAGOMINAS;Condutor deixou de manter distância do veículo da frente;Colisão traseira;Com Vítimas Feridas;Plena Noite;Decrescente;Céu Claro;Simples;"Reta;Aclive";Não;3;0;0;1;2;0;1;2;-3,42710287;-47,45522033;SPRF-PA;DEL02-PA;UOP01-DEL02-PA
596421;26/04/2024;sexta-feira;00:45:00;SP;116;135,6;SAO JOSE DOS CAMPOS;Transtornos Mentais (exceto suicidio);Colisão com objeto;Com Vítimas Fatais;Plena Noite;Crescente;Nublado;Dupla;Reta;Não;3;1;0;0;0;2;0;3;-23,144484;-45,77018;SPRF-SP;DEL02-SP;UOP01-DEL02-SP
596424;26/04/2024;sexta-feira;07:15:00;PR;116;108,1;CURITIBA;Trafegar com motocicleta (ou similar) entre as faixas;Tombamento;Com Vítimas Fatais;Pleno dia;Crescente;Nublado;Dupla;"Ponte;Reta";Não;2;1;0;0;0;1;0;2;-25,566732;-49,239507;SPRF-PR;DEL01-PR;UOP07-DEL01-PR