id;data_inversa;dia_semana;horario;uf;br;km;municipio;causa_acidente;tipo_acidente;classificacao_acidente;fase_dia;sentido_via;condicao_metereologica;tipo_pista;tracado_via;uso_solo;pessoas;mortos;feridos_leves;feridos_graves;ilesos;ignorados;feridos;veiculos;latitude;longitude;regional;delegacia;uop
596429;26/04/2024;sexta-feira;03:40:00;BA;116;909,8;CANDIDO SALES;Condutor Dormindo;Colisão traseira;Com Vítimas Fatais;Plena Noite;Decrescente;Nublado;Simples;"Ponte;Declive";Não;3;1;0;0;1;1;0;3;-15,513611;-41,237298;SPRF-BA;DEL08-BA;UOP03-DEL08-BA
596444;26/04/2024;sexta-feira;04:15:00;MT;70;563,3;NOSSA SENHORA DO LIVRAMENTO;Condutor Dormindo;Colisão frontal;Com Vítimas Feridas;Plena Noite;Crescente;Céu Claro;Simples;Curva;Não;7;0;1;1;4;2;2;4;-15,70287044;-56,40895844;SPRF-MT;DEL03-MT;UOP02-DEL03-MT
596446;26/04/2024;sexta-feira;04:47:00;AC;364;138;RIO BRANCO;Condutor Dormindo;Saída de leito carroçável;Sem Vítimas;Amanhecer;Decrescente;Céu Claro;Dupla;Rotatória;Sim;2;0;0;0;1;1;0;2;-9,96050269;-67,85714149;SPRF-AC;DEL01-AC;UOP01-DEL01-AC
596453;26/04/2024;sexta-feira;09:00:00;PA;316;271,9;CACHOEIRA DO PIRIA;Acessar a via sem observar a presença dos outros veículos;Colisão traseira;Com Vítimas Feridas;Pleno dia;Decrescente;Céu Claro;Simples;"Reta;Declive";Não;3;0;0;1;1;1;1;3;-1,81592182;-46,33982613;SPRF-PA;DEL01-PA;UOP04-DEL01-PA
596455;26/04/2024;sexta-feira;09:00:00;BA;324;514;FEIRA DE SANTANA;Ultrapassagem Indevida;Colisão lateral mesmo sentido;Com Vítimas Feridas;Pleno dia;Crescente;Sol;Simples;Reta;Sim;3;0;2;0;1;0;2;2;-12,23175;-38,95283;SPRF-BA;DEL02-BA;UOP01-DEL02-BA
596458;26/04/2024;sexta-feira;09:40:00;SP;381;50;ATIBAIA;Reação tardia ou ineficiente do condutor;Colisão traseira;Com Vítimas Feridas;Pleno dia;Decrescente;Céu Claro;Dupla;Reta;Sim;3;0;1;0;2;0;1;2;-23,21359807;-46,59367981;SPRF-SP;DEL03-SP;UOP01-DEL03-SP
596459;26/04/2024;sexta-feira;08:50:00;PR;376;600;CURITIBA;Condutor deixou de manter distância do veículo da frente;Colisão traseira;Com Vítimas Feridas;Pleno dia;Crescente;Céu Claro;Dupla;Reta;Sim;2;0;0;1;1;0;1;2;-25,53195602;-49,32205901;SPRF-PR;DEL01-PR;UOP06-DEL01-PR
596467;05/01/2024;sexta-feira;18:00:00;RS;116;399,9;CAMAQUA;Demais falhas mecânicas ou elétricas;Colisão traseira;Com Vítimas Feridas;Pleno dia;Crescente;Céu Claro;Simples;Reta;Sim;8;0;3;1;4;0;4;2;-30,86691995;-51,80039803;SPRF-RS;DEL02-RS;UOP02-DEL02-RS
596468;26/04/2024;sexta-feira;09:50:00;PB;230;28;JOAO PESSOA;Condutor deixou de manter distância do veículo da frente;Colisão lateral mesmo sentido;Com Vítimas Feridas;Pleno dia;Decrescente;Céu Claro;Dupla;Curva;Sim;3;0;1;0;1;2;1;4;-7,1651;-34,8941;SPRF-PB;DEL01-PB;UOP01-DEL01-PB
596472;26/04/2024;sexta-feira;10:10:00;GO;60;90;ANAPOLIS;Demais falhas mecânicas ou elétricas;Colisão lateral mesmo sentido;Com Vítimas Feridas;Pleno dia;Crescente;Céu Claro;Dupla;Reta;Sim;5;0;1;0;3;3;1;6;-16,3538;-48,9268;SPRF-GO;DEL02-GO;UOP01-DEL02-GO
596476;26/04/2024;sexta-feira;10:05:00;SC;470;79,1;RODEIO;Condutor deixou de manter distância do veículo da frente;Colisão traseira;Com Vítimas Feridas;Pleno dia;Decrescente;Céu Claro;Simples;Reta;Não;3;0;1;0;2;0;1;2;-26,951565;-49,306534;SPRF-SC;DEL04-SC;UOP01-DEL04-SC
596481;26/04/2024;sexta-feira;10:00:00;MT;174;486;COMODORO;Acessar a via sem observar a presença dos outros veículos;Colisão lateral mesmo sentido;Com Vítimas Feridas;Pleno dia;Crescente;Céu Claro;Simples;Declive;Não;3;0;1;0;1;2;1;4;-13,65634179;-59,79467309;SPRF-MT;DEL04-MT;UOP02-DEL04-MT
596482;25/04/2024;quinta-feira;21:30:00;MA;316;480;CODO;Demais falhas mecânicas ou elétricas;Incêndio;Sem Vítimas;Plena Noite;Crescente;Nublado;Simples;Curva;Não;1;0;0;0;1;0;0;1;-4,625359;-43,915423;SPRF-MA;DEL03-MA;UOP02-DEL03-MA
596484;26/04/2024;sexta-feira;11:09:00;MT;163;117,7;RONDONOPOLIS;Acessar a via sem observar a presença dos outros veículos;Colisão transversal;Com Vítimas Feridas;Pleno dia;Crescente;Sol;Dupla;"Retorno Regulamentado;Declive;Reta";Sim;5;0;2;0;1;4;2;6;-16,52182818;-54,65882461;SPRF-MT;DEL02-MT;UOP01-DEL02-MT
596488;26/04/2024;sexta-feira;12:15:00;PR;376;599;CURITIBA;Condutor deixou de manter distância do veículo da frente;Engavetamento;Com Vítimas Feridas;Pleno dia;Crescente;Nublado;Dupla;Reta;Não;7;0;0;2;4;1;2;5;-25,52629711;-49,32958412;SPRF-PR;DEL01-PR;UOP06-DEL01-PR
596489;26/04/2024;sexta-feira;05:45:00;RJ;465;15;SEROPEDICA;Iluminação deficiente;Atropelamento de Pedestre;Com Vítimas Feridas;Amanhecer;Crescente;Ignorado;Simples;Reta;Sim;3;0;0;1;1;1;1;2;-22,810925;-43,631504;SPRF-RJ;DEL06-RJ;UOP02-DEL06-RJ
596492;26/04/2024;sexta-feira;13:10:00;MA;135;15;SAO LUIS;Manobra de mudança de faixa;Colisão lateral mesmo sentido;Com Vítimas Feridas;Pleno dia;Decrescente;Céu Claro;Dupla;Reta;Sim;2;0;1;0;1;0;1;2;-2,69540095;-44,30511707;SPRF-MA;DEL01-MA;UOP01-DEL01-MA
596493;26/04/2024;sexta-feira;13:20:00;RJ;40;90;PETROPOLIS;Demais falhas mecânicas ou elétricas;Colisão traseira;Com Vítimas Feridas;Pleno dia;Crescente;Nublado;Simples;"Curva;Declive";Não;3;0;1;0;1;3;1;5;-22,550738;-43,236397;SPRF-RJ;DEL01-RJ;UOP01-DEL01-RJ
596494;26/04/2024;sexta-feira;13:30:00;MG;262;359;BETIM;Avarias e/ou desgaste excessivo no pneu;Colisão com objeto;Com Vítimas Feridas;Pleno dia;Decrescente;Nublado;Dupla;Curva;Sim;2;0;1;0;1;0;1;2;-19,98332234;-44,20214426;SPRF-MG;DEL01-MG;UOP03-DEL01-MG
596499;26/04/2024;sexta-feira;13:35:00;MS;60;431;SIDROLANDIA;Ausência de reação do condutor;Capotamento;Com Vítimas Feridas;Pleno dia;Crescente;Céu Claro;Simples;Rotatória;Não;2;0;0;1;0;1;1;2;-20,9765102;-54,9703413;SPRF-MS;DEL01-MS;UOP04-DEL01-MS
596504;26/04/2024;sexta-feira;13:00:00;MG;262;838,2;UBERABA;Pedestre cruzava a pista fora da faixa;Atropelamento de Pedestre;Com Vítimas Fatais;Pleno dia;Crescente;Céu Claro;Simples;"Interseção de Vias;Reta";Não;5;1;0;0;2;2;0;4;-19,75667319;-48,25183296;SPRF-MG;DEL13-MG;UOP01-DEL13-MG
596505;06/04/2024;sábado;21:30:00;PR;373;175;PONTA GROSSA;Ausência de reação do condutor;Colisão lateral sentido oposto;Sem Vítimas;Plena Noite;Crescente;Ignorado;Dupla;"Retorno Regulamentado;Reta";Sim;3;0;0;0;2;2;0;4;-25,06728094;-50,21211882;SPRF-PR;DEL03-PR;UOP01-DEL03-PR
596506;21/03/2024;quinta-feira;04:45:00;MG;381;891,3;CAMBUI;Ausência de reação do condutor;Saída de leito carroçável;Com Vítimas Feridas;Plena Noite;Crescente;Céu Claro;Dupla;Reta;Não;4;0;1;2;0;1;3;2;-22,59361712;-46,05563886;SPRF-MG;DEL16-MG;UOP03-DEL16-MG
596511;14/04/2024;domingo;08:30:00;SP;381;36;ATIBAIA;Manobra de mudança de faixa;Colisão traseira;Com Vítimas Feridas;Pleno dia;Decrescente;Céu Claro;Dupla;Reta;Não;2;0;0;1;0;1;1;2;-23,09731913;-46,57132387;SPRF-SP;DEL03-SP;UOP01-DEL03-SP
596516;26/04/2024;sexta-feira;15:00:00;PR;277;31,8;MORRETES;Reação tardia ou ineficiente do condutor;Colisão com objeto;Com Vítimas Feridas;Pleno dia;Decrescente;Nublado;Dupla;"Curva;Declive";Não;10;0;1;0;8;2;1;6;-25,56131287;-48,81189045;SPRF-PR;DEL01-PR;UOP05-DEL01-PR
596524;26/04/2024;sexta-feira;15:00:00;PR;369;504;CASCAVEL;Acessar a via sem observar a presença dos outros veículos;Colisão lateral sentido oposto;Com Vítimas Feridas;Pleno dia;Crescente;Céu Claro;Simples;Reta;Não;3;0;0;1;2;0;1;3;-24,93109249;-53,39399048;SPRF-PR;DEL04-PR;UOP03-DEL04-PR
596526;26/04/2024;sexta-feira;16:40:00;SC;282;24,8;SANTO AMARO DA IMPERATRIZ;Reação tardia ou ineficiente do condutor;Colisão traseira;Com Vítimas Feridas;Pleno dia;Decrescente;Nublado;Simples;"Aclive;Viaduto;Reta";Sim;2;0;1;0;1;0;1;2;-27,68268;-48,744614;SPRF-SC;DEL01-SC;UOP03-DEL01-SC
596528;26/04/2024;sexta-feira;15:44:00;RO;364;622;ITAPUA DO OESTE;Reação tardia ou ineficiente do condutor;Engavetamento;Com Vítimas Feridas;Pleno dia;Crescente;Céu Claro;Simples;"Ponte;Reta;Em Obras";Não;4;0;0;1;2;8;1;11;-9,08111292;-63,30270796;SPRF-RO;DEL01-RO;UOP04-DEL01-RO
596531;26/04/2024;sexta-feira;15:05:00;TO;153;405;MIRANORTE;Transitar na contramão;Colisão frontal;Com Vítimas Feridas;Pleno dia;Crescente;Chuva;Simples;Reta;Não;4;0;1;2;0;1;3;3;-9,45445904;-48,57818379;SPRF-TO;DEL02-TO;UOP02-DEL02-TO
596534;26/03/2024;terça-feira;19:30:00;GO;153;663;GOIATUBA;Ausência de reação do condutor;Colisão traseira;Com Vítimas Feridas;Plena Noite;Crescente;Chuva;Dupla;"Retorno Regulamentado;Reta";Não;2;0;1;0;1;0;1;2;-18,0812;-49,271;SPRF-GO;DEL03-GO;UOP02-DEL03-GO
596550;26/04/2024;sexta-feira;18:20:00;SP;116;163,8;JACAREI;Reação tardia ou ineficiente do condutor;Colisão lateral mesmo sentido;Com Vítimas Feridas;Plena Noite;Decrescente;Céu Claro;Dupla;Reta;Não;3;0;1;0;1;1;1;3;-23,28649584;-45,9919851;SPRF-SP;DEL02-SP;UOP01-DEL02-SP
596557;26/04/2024;sexta-feira;16:15:00;GO;80;5,5;PADRE BERNARDO;Velocidade Incompatível;Saída de leito carroçável;Com Vítimas Feridas;Pleno dia;Crescente;Céu Claro;Simples;"Curva;Declive";Não;1;0;1;0;0;0;1;1;-15,487851;-48,231476;SPRF-DF;DEL03-DF;UOP02-DEL03-DF
596569;26/04/2024;sexta-feira;19:00:00;PR;277;3;PARANAGUA;Conversão proibida;Colisão transversal;Com Vítimas Feridas;Plena Noite;Crescente;Nublado;Simples;Reta;Sim;4;0;2;0;1;2;2;4;-25,54027307;-48,55819702;SPRF-PR;DEL01-PR;UOP05-DEL01-PR
596578;26/04/2024;sexta-feira;19:50:00;RS;470;224,9;GARIBALDI;Velocidade Incompatível;Colisão transversal;Com Vítimas Feridas;Plena Noite;Crescente;Céu Claro;Simples;"Reta;Retorno Regulamentado";Sim;3;0;1;0;2;0;1;2;-29,21351804;-51,51780626;SPRF-RS;DEL06-RS;UOP01-DEL06-RS
596582;26/04/2024;sexta-feira;19:55:00;SP;116;347;MIRACATU;Problema com o freio;Colisão traseira;Com Vítimas Feridas;Plena Noite;Crescente;Nublado;Múltipla;"Curva;Declive";Não;4;0;2;0;1;1;2;3;-24,05155872;-47,2025013;SPRF-SP;DEL04-SP;UOP03-DEL04-SP
596585;26/04/2024;sexta-feira;11:20:00;RO;364;556;ALTO PARAISO;Transitar na contramão;Colisão lateral sentido oposto;Com Vítimas Feridas;Pleno dia;Crescente;Céu Claro;Simples;"Reta;Em Obras";Não;4;0;1;1;1;3;2;5;-9,59786298;-63,07294379;SPRF-RO;DEL03-RO;UOP01-DEL03-RO
596587;26/04/2024;sexta-feira;19:00:00;BA;101;199,9;CACHOEIRA;Pista Escorregadia;Saída de leito carroçável;Sem Vítimas;Plena Noite;Crescente;Chuva;Simples;"Curva;Declive";Não;2;0;0;0;1;1;0;2;-12,582305;-38,982969;SPRF-BA;DEL01-BA;UOP03-DEL01-BA
596590;26/04/2024;sexta-feira;19:35:00;ES;262;76,1;DOMINGOS MARTINS;Transitar na contramão;Colisão lateral sentido oposto;Sem Vítimas;Plena Noite;Crescente;Chuva;Simples;Curva;Não;4;0;0;0;4;0;0;2;-20,412111;-40,9119;SPRF-ES;DEL01-ES;UOP02-DEL01-ES
596593;26/04/2024;sexta-feira;18:30:00;RJ;393;236;VASSOURAS;Velocidade Incompatível;Colisão traseira;Com Vítimas Fatais;Plena Noite;Crescente;Céu Claro;Simples;Reta;Sim;7;1;1;0;4;1;1;4;-22,38996804;-43,64928296;SPRF-RJ;DEL05-RJ;UOP03-DEL05-RJ
596598;26/04/2024;sexta-feira;20:45:00;SP;153;49,3;SAO JOSE DO RIO PRETO;Ingestão de álcool pelo condutor;Colisão traseira;Sem Vítimas;Plena Noite;Decrescente;Céu Claro;Simples;Reta;Não;2;0;0;0;2;0;0;2;-20,70000401;-49,33945823;SPRF-SP;DEL09-SP;UOP01-DEL09-SP
596602;18/04/2024;quinta-feira;22:00:00;SP;116;514;CAJATI;Reação tardia ou ineficiente do condutor;Colisão traseira;Com Vítimas Feridas;Plena Noite;Decrescente;Céu Claro;Simples;"Declive;Curva";Não;5;0;1;2;1;4;3;7;-24,85874304;-48,21731282;SPRF-SP;DEL05-SP;UOP02-DEL05-SP
596609;26/04/2024;sexta-feira;22:20:00;SP;116;131;CACAPAVA;Animais na Pista;Atropelamento de Animal;Com Vítimas Feridas;Plena Noite;Crescente;Céu Claro;Dupla;Reta;Não;10;0;4;0;5;1;4;4;-23,12742083;-45,73636609;SPRF-SP;DEL02-SP;UOP02-DEL02-SP
596618;26/04/2024;sexta-feira;22:00:00;RS;392;99,5;MORRO REDONDO;Ausência de reação do condutor;Colisão traseira;Com Vítimas Fatais;Plena Noite;Decrescente;Chuva;Simples;"Declive;Interseção de Vias;Rotatória";Não;3;1;1;0;0;3;1;5;-31,53845642;-52,57095337;SPRF-RS;DEL07-RS;UOP01-DEL07-RS
596625;26/04/2024;sexta-feira;20:55:00;MT;70;673,3;CACERES;Reação tardia ou ineficiente do condutor;Colisão lateral sentido oposto;Sem Vítimas;Plena Noite;Crescente;Céu Claro;Simples;Reta;Não;2;0;0;0;2;0;0;2;-16,0715562;-57,27496572;SPRF-MT;DEL03-MT;UOP02-DEL03-MT
596637;26/04/2024;sexta-feira;22:30:00;RS;392;677,8;SAO PEDRO DO BUTIA;Reação tardia ou ineficiente do condutor;Saída de leito carroçável;Com Vítimas Feridas;Plena Noite;Decrescente;Céu Claro;Simples;Rotatória;Não;2;0;0;1;0;1;1;2;-28,12935189;-54,88692284;SPRF-RS;DEL10-RS;UOP01-DEL10-RS
596641;27/04/2024;sábado;02:00:00;SC;282;459;PONTE SERRADA;Acessar a via sem observar a presença dos outros veículos;Colisão transversal;Com Vítimas Feridas;Plena Noite;Crescente;Céu Claro;Simples;Reta;Sim;6;0;1;0;3;2;1;3;-26,863695;-52,024818;SPRF-SC;DEL07-SC;UOP04-DEL07-SC
596648;27/04/2024;sábado;03:10:00;SC;101;10,5;GARUVA;Demais falhas mecânicas ou elétricas;Incêndio;Sem Vítimas;Plena Noite;Crescente;Nublado;Dupla;Reta;Não;1;0;0;0;1;0;0;1;-26,063011;-48,86020605;SPRF-SC;DEL03-SC;UOP01-DEL03-SC
596650;27/04/2024;sábado;00:30:00;PB;230;120,8;RIACHAO DO BACAMARTE;Condutor Dormindo;Saída de leito carroçável;Com Vítimas Feridas;Plena Noite;Decrescente;Nublado;Dupla;Reta;Não;1;0;1;0;0;0;1;1;-7,2436;-35,6395;SPRF-PB;DEL02-PB;UOP01-DEL02-PB
596657;27/04/2024;sábado;04:45:00;SC;116;297,5;CAPAO ALTO;Condutor Dormindo;Colisão com objeto;Com Vítimas Feridas;Plena Noite;Decrescente;Céu Claro;Simples;Reta;Não;1;0;1;0;0;0;1;1;-28,15699494;-50,66550226;SPRF-SC;DEL05-SC;UOP02-DEL05-SC
596661;26/04/2024;sexta-feira;13:05:00;BA;116;411;FEIRA DE SANTANA;Chuva;Colisão transversal;Sem Vítimas;Pleno dia;Crescente;Garoa/Chuvisco;Dupla;Reta;Sim;3;0;0;0;2;1;0;3;-12,12521099;-38,96820175;SPRF-BA;DEL02-BA;UOP01-DEL02-BA
596670;27/04/2024;sábado;05:35:00;PE;316;218,5;BELEM DE SAO FRANCISCO;Velocidade Incompatível;Tombamento;Com Vítimas Feridas;Amanhecer;Crescente;Céu Claro;Simples;"Declive;Rotatória;Curva";Não;2;0;0;1;0;3;1;4;-8,55080633;-39,22187805;SPRF-PE;DEL05-PE;UOP03-DEL05-PE
596671;27/04/2024;sábado;04:40:00;RO;364;423;JARU;Ultrapassagem Indevida;Colisão lateral mesmo sentido;Sem Vítimas;Plena Noite;Decrescente;Céu Claro;Simples;"Desvio Temporário;Reta;Em Obras";Sim;5;0;0;0;4;3;0;5;-10,45220802;-62,46072003;SPRF-RO;DEL03-RO;UOP02-DEL03-RO
596673;27/04/2024;sábado;06:00:00;SP;116;93;PINDAMONHANGABA;Ausência de reação do condutor;Colisão traseira;Com Vítimas Feridas;Amanhecer;Crescente;Céu Claro;Dupla;Reta;Não;3;0;1;0;1;3;1;5;-22,95653207;-45,41300297;SPRF-SP;DEL08-SP;UOP01-DEL08-SP
596677;27/04/2024;sábado;06:00:00;MG;116;509,4;UBAPORANGA;Velocidade Incompatível;Colisão traseira;Com Vítimas Feridas;Pleno dia;Decrescente;Céu Claro;Simples;Reta;Não;3;0;1;0;1;1;1;3;-19,63654904;-42,10593182;SPRF-MG;DEL06-MG;UOP02-DEL06-MG
596679;27/04/2024;sábado;06:50:00;MT;364;316;CAMPO VERDE;Reação tardia ou ineficiente do condutor;Colisão traseira;Com Vítimas Feridas;Amanhecer;Decrescente;Céu Claro;Dupla;Reta;Não;3;0;1;0;1;3;1;5;-15,80685716;-55,29215303;SPRF-MT;DEL05-MT;UOP02-DEL05-MT
596681;27/04/2024;sábado;06:15:00;AL;101;38,7;JOAQUIM GOMES;Ausência de reação do condutor;Saída de leito carroçável;Com Vítimas Feridas;Pleno dia;Decrescente;Garoa/Chuvisco;Dupla;Reta;Não;2;0;1;0;0;1;1;2;-9,14817905;-35,7687835;SPRF-AL;DEL01-AL;UOP02-DEL01-AL
596683;27/04/2024;sábado;07:30:00;BA;116;4,2;VITORIA DA CONQUISTA;Ultrapassagem Indevida;Colisão frontal;Com Vítimas Feridas;Pleno dia;Decrescente;Céu Claro;Simples;"Aclive;Curva";Não;4;0;0;1;2;1;1;4;-14,851;-40,8485;SPRF-BA;DEL08-BA;UOP01-DEL08-BA
596684;27/04/2024;sábado;07:30:00;SC;101;142;BALNEARIO CAMBORIU;Demais falhas mecânicas ou elétricas;Colisão traseira;Com Vítimas Feridas;Pleno dia;Crescente;Céu Claro;Simples;"Reta;Declive";Não;2;0;1;0;1;0;1;2;-27,056089;-48,599449;SPRF-SC;DEL04-SC;UOP03-DEL04-SC
596688;27/04/2024;sábado;08:30:00;BA;324;530;FEIRA DE SANTANA;Problema com o freio;Colisão traseira;Com Vítimas Feridas;Pleno dia;Decrescente;Nublado;Dupla;Reta;Não;2;0;1;0;1;0;1;2;-12,32818491;-38,86174193;SPRF-BA;DEL01-BA;UOP03-DEL01-BA
596692;27/04/2024;sábado;06:30:00;MG;381;486;BETIM;Manobra de mudança de faixa;Colisão lateral mesmo sentido;Sem Vítimas;Pleno dia;Decrescente;Nublado;Dupla;Reta;Sim;3;0;0;0;2;2;0;4;-19,95644414;-44,13611598;SPRF-MG;DEL01-MG;UOP03-DEL01-MG
596700;11/04/2024;quinta-feira;12:20:00;PE;101;50;ABREU E LIMA;Reação tardia ou ineficiente do condutor;Colisão lateral mesmo sentido;Sem Vítimas;Pleno dia;Crescente;Céu Claro;Simples;"Desvio Temporário;Curva;Em Obras";Não;3;0;0;0;2;1;0;2;-7,9169968;-34,89689272;SPRF-PE;DEL01-PE;UOP02-DEL01-PE
596702;27/04/2024;sábado;09:00:00;PB;101;88;JOAO PESSOA;Ausência de reação do condutor;Colisão com objeto;Sem Vítimas;Pleno dia;Decrescente;Céu Claro;Dupla;"Reta;Declive";Não;2;0;0;0;1;1;0;2;-7,17475718;-34,89874798;SPRF-PB;DEL01-PB;UOP01-DEL01-PB
596714;27/04/2024;sábado;09:25:00;PA;163;956;BELTERRA;Suicídio (presumido);Atropelamento de Pedestre;Com Vítimas Feridas;Pleno dia;Decrescente;Céu Claro;Simples;Reta;Sim;3;0;1;0;1;2;1;4;-2,749008;-54,900013;SPRF-PA;DEL05-PA;UOP01-DEL05-PA
596718;27/04/2024;sábado;10:50:00;PE;101;62,8;RECIFE;Trafegar com motocicleta (ou similar) entre as faixas;Tombamento;Com Vítimas Fatais;Pleno dia;Crescente;Sol;Dupla;Reta;Sim;4;1;1;0;1;1;1;3;-8,00800604;-34,93756535;SPRF-PE;DEL01-PE;UOP02-DEL01-PE
596723;27/04/2024;sábado;12:00:00;RS;386;442;CANOAS;Manobra de mudança de faixa;Colisão lateral mesmo sentido;Sem Vítimas;Pleno dia;Crescente;Nublado;Simples;"Reta;Declive";Não;2;0;0;0;1;1;0;2;-29,885923;-51,223259;SPRF-RS;DEL01-RS;UOP01-DEL01-RS
596728;27/04/2024;sábado;08:50:00;SP;116;43,6;CANAS;Ausência de reação do condutor;Colisão traseira;Com Vítimas Feridas;Pleno dia;Crescente;Céu Claro;Dupla;Reta;Não;3;0;0;1;1;1;1;3;-22,6973511;-45,03013594;SPRF-SP;DEL08-SP;UOP02-DEL08-SP
596737;08/04/2024;segunda-feira;03:15:00;PE;101;203;XEXEU;Ausência de reação do condutor;Tombamento;Com Vítimas Feridas;Amanhecer;Decrescente;Céu Claro;Dupla;Curva;Sim;1;0;1;0;0;0;1;1;-8,79726501;-35,62641334;SPRF-PE;DEL01-PE;UOP03-DEL01-PE
596741;19/04/2024;sexta-feira;15:00:00;MS;262;75;TRES LAGOAS;Demais falhas mecânicas ou elétricas;Incêndio;Sem Vítimas;Pleno dia;Crescente;Céu Claro;Simples;Reta;Não;2;0;0;0;1;1;0;2;-20,66010475;-52,2779289;SPRF-MS;DEL07-MS;UOP02-DEL07-MS
596743;27/04/2024;sábado;12:15:00;AL;101;181,1;JUNQUEIRO;Velocidade Incompatível;Saída de leito carroçável;Com Vítimas Feridas;Pleno dia;Crescente;Nublado;Dupla;"Curva;Declive";Não;1;0;1;0;0;0;1;1;-9,89535548;-36,41225988;SPRF-AL;DEL02-AL;UOP02-DEL02-AL
596746;27/04/2024;sábado;10:00:00;MG;116;75,5;MEDINA;Ausência de reação do condutor;Saída de leito carroçável;Sem Vítimas;Pleno dia;Crescente;Nublado;Simples;Curva;Não;2;0;0;0;0;2;0;2;-16,244052;-41,47256003;SPRF-MG;DEL11-MG;UOP02-DEL11-MG
596748;27/04/2024;sábado;12:50:00;PE;407;124;PETROLINA;Condutor deixou de manter distância do veículo da frente;Colisão lateral mesmo sentido;Com Vítimas Feridas;Pleno dia;Crescente;Céu Claro;Dupla;"Rotatória;Interseção de Vias;Reta";Sim;5;0;1;0;3;1;1;3;-9,36929881;-40,54137139;SPRF-PE;DEL06-PE;UOP01-DEL06-PE
596753;27/04/2024;sábado;13:00:00;SC;282;222;LAGES;Transitar na contramão;Colisão lateral sentido oposto;Com Vítimas Feridas;Pleno dia;Decrescente;Céu Claro;Simples;"Curva;Declive";Não;3;0;1;0;1;3;1;5;-27,797739;-50,353409;SPRF-SC;DEL05-SC;UOP01-DEL05-SC
596766;27/04/2024;sábado;16:54:00;RS;153;8;MARCELINO RAMOS;Problema com o freio;Saída de leito carroçável;Com Vítimas Feridas;Pleno dia;Decrescente;Céu Claro;Simples;"Curva;Declive";Não;1;0;1;0;0;0;1;1;-27,4346689;-52,03892418;SPRF-RS;DEL08-RS;UOP04-DEL08-RS
596768;19/04/2024;sexta-feira;07:55:00;PE;101;68;RECIFE;Reação tardia ou ineficiente do condutor;Queda de ocupante de veículo;Sem Vítimas;Pleno dia;Crescente;Céu Claro;Dupla;"Viaduto;Reta";Sim;4;0;0;0;2;2;0;4;-8,05074296;-34,94580619;SPRF-PE;DEL01-PE;UOP01-DEL01-PE
596774;27/04/2024;sábado;13:50:00;PR;163;23,9;SANTO ANTONIO DO SUDOESTE;Reação tardia ou ineficiente do condutor;Colisão traseira;Com Vítimas Feridas;Pleno dia;Decrescente;Céu Claro;Simples;"Reta;Declive";Não;2;0;0;1;0;1;1;2;-26,14311064;-53,68449926;SPRF-PR;DEL02-PR;UOP02-DEL02-PR
596775;27/04/2024;sábado;18:00:00;AL;101;134;SAO MIGUEL DOS CAMPOS;Transitar na contramão;Colisão frontal;Com Vítimas Feridas;Plena Noite;Crescente;Nublado;Simples;Curva;Sim;3;0;1;0;1;1;1;3;-9,78051903;-36,10610645;SPRF-AL;DEL02-AL;UOP01-DEL02-AL
596777;27/04/2024;sábado;17:10:00;MG;356;276,7;EUGENOPOLIS;Ausência de reação do condutor;Saída de leito carroçável;Com Vítimas Feridas;Pleno dia;Crescente;Céu Claro;Simples;"Curva;Ponte";Não;2;0;1;0;0;1;1;2;-21,1259893;-42,27931031;SPRF-MG;DEL07-MG;UOP02-DEL07-MG
596796;27/04/2024;sábado;16:30:00;BA;101;256;SANTO ANTONIO DE JESUS;Acumulo de água sobre o pavimento;Colisão lateral sentido oposto;Sem Vítimas;Pleno dia;Crescente;Chuva;Simples;Reta;Não;2;0;0;0;2;0;0;2;-13,03122697;-39,28868185;SPRF-BA;DEL01-BA;UOP02-DEL01-BA
596802;27/04/2024;sábado;19:20:00;TO;153;488,8;PARAISO DO TOCANTINS;Transitar na contramão;Colisão lateral sentido oposto;Sem Vítimas;Plena Noite;Crescente;Céu Claro;Simples;"Reta;Aclive";Não;3;0;0;0;1;4;0;5;-10,1095071;-48,87437183;SPRF-TO;DEL01-TO;UOP01-DEL01-TO
596815;27/04/2024;sábado;21:30:00;PR;153;24;JACAREZINHO;Velocidade Incompatível;Colisão transversal;Com Vítimas Feridas;Plena Noite;Crescente;Céu Claro;Simples;Interseção de Vias;Não;6;0;3;0;2;2;3;4;-23,18983693;-49,98599052;SPRF-PR;DEL07-PR;UOP04-DEL07-PR
596816;27/04/2024;sábado;15:30:00;MG;116;258,1;TEOFILO OTONI;Reação tardia ou ineficiente do condutor;Tombamento;Com Vítimas Feridas;Pleno dia;Decrescente;Céu Claro;Simples;"Curva;Declive";Não;2;0;0;1;0;1;1;2;-17,70773421;-41,48826483;SPRF-MG;DEL11-MG;UOP01-DEL11-MG
596831;27/04/2024;sábado;21:20:00;MA;10;251;IMPERATRIZ;Objeto estático sobre o leito carroçável;Colisão traseira;Com Vítimas Feridas;Plena Noite;Crescente;Céu Claro;Simples;Reta;Sim;2;0;0;1;0;1;1;2;-5,543249;-47,464447;SPRF-MA;DEL04-MA;UOP01-DEL04-MA
596832;27/04/2024;sábado;20:40:00;MS;163;767;COXIM;Problema com o freio;Incêndio;Sem Vítimas;Plena Noite;Crescente;Céu Claro;Simples;"Reta;Interseção de Vias";Não;2;0;0;0;1;1;0;2;-18,19614996;-54,65155868;SPRF-MS;DEL06-MS;UOP01-DEL06-MS