id;data_inversa;dia_semana;horario;uf;br;km;municipio;causa_acidente;tipo_acidente;classificacao_acidente;fase_dia;sentido_via;condicao_metereologica;tipo_pista;tracado_via;uso_solo;pessoas;mortos;feridos_leves;feridos_graves;ilesos;ignorados;feridos;veiculos;latitude;longitude;regional;delegacia;uop
597277;29/04/2024;segunda-feira;18:15:00;RJ;40;110;DUQUE DE CAXIAS;Ausência de reação do condutor;Colisão traseira;Com Vítimas Feridas;Plena Noite;Decrescente;Céu Claro;Dupla;Reta;Não;4;0;1;0;0;3;1;3;-22,68289906;-43,28549346;SPRF-RJ;DEL01-RJ;UOP02-DEL01-RJ
597283;23/04/2024;terça-feira;17:20:00;SC;282;472,8;PONTE SERRADA;Transitar na contramão;Colisão frontal;Com Vítimas Feridas;Anoitecer;Crescente;Chuva;Simples;"Reta;Declive";Não;6;0;1;1;3;2;2;7;-26,854208;-52,107345;SPRF-SC;DEL07-SC;UOP01-DEL07-SC
597284;29/04/2024;segunda-feira;16:30:00;BA;407;60;JUAZEIRO;Reação tardia ou ineficiente do condutor;Colisão traseira;Sem Vítimas;Pleno dia;Decrescente;Sol;Simples;Reta;Não;2;0;0;0;2;0;0;2;-9,89561601;-40,27533602;SPRF-BA;DEL04-BA;UOP01-DEL04-BA
597288;29/04/2024;segunda-feira;19:30:00;MG;50;119;UBERABA;Acessar a via sem observar a presença dos outros veículos;Colisão transversal;Com Vítimas Feridas;Plena Noite;Decrescente;Céu Claro;Dupla;"Reta;Retorno Regulamentado";Não;5;0;1;2;1;2;3;4;-19,29969201;-48,11376802;SPRF-MG;DEL13-MG;UOP01-DEL13-MG
597290;29/04/2024;segunda-feira;18:30:00;MT;163;117;RONDONOPOLIS;Ausência de reação do condutor;Colisão lateral mesmo sentido;Com Vítimas Feridas;Plena Noite;Crescente;Céu Claro;Dupla;Rotatória;Sim;3;0;1;0;1;3;1;5;-16,52182818;-54,65882461;SPRF-MT;DEL02-MT;UOP01-DEL02-MT
597296;29/04/2024;segunda-feira;19:25:00;RO;364;5,3;VILHENA;Manobra de mudança de faixa;Colisão transversal;Sem Vítimas;Pleno dia;Crescente;Céu Claro;Simples;Reta;Sim;3;0;0;0;2;3;0;5;-12,7863749;-60,0898697;SPRF-RO;DEL04-RO;UOP01-DEL04-RO
597308;29/04/2024;segunda-feira;13:00:00;BA;20;132;SAO DESIDERIO;Condutor deixou de manter distância do veículo da frente;Colisão lateral mesmo sentido;Com Vítimas Feridas;Pleno dia;Crescente;Céu Claro;Simples;Reta;Não;3;0;0;1;1;2;1;4;-12,7824;-45,9519;SPRF-BA;DEL10-BA;UOP01-DEL10-BA
597309;29/04/2024;segunda-feira;20:00:00;SP;116;221;GUARULHOS;Velocidade Incompatível;Colisão traseira;Com Vítimas Feridas;Plena Noite;Crescente;Nevoeiro/Neblina;Múltipla;Reta;Sim;4;0;3;0;0;1;3;3;-23,46741916;-46,50655389;SPRF-SP;DEL01-SP;UOP01-DEL01-SP
597312;29/04/2024;segunda-feira;18:15:00;SC;470;27;ILHOTA;Reação tardia ou ineficiente do condutor;Colisão com objeto;Com Vítimas Feridas;Plena Noite;Crescente;Garoa/Chuvisco;Dupla;Reta;Não;3;0;1;0;1;1;1;3;-26,891006;-48,884411;SPRF-SC;DEL04-SC;UOP01-DEL04-SC
597318;29/04/2024;segunda-feira;22:00:00;PE;101;66,3;RECIFE;Ausência de reação do condutor;Colisão lateral mesmo sentido;Com Vítimas Feridas;Plena Noite;Decrescente;Céu Claro;Dupla;"Viaduto;Aclive;Reta";Sim;5;0;1;1;2;2;2;5;-8,040518;-34,942351;SPRF-PE;DEL01-PE;UOP01-DEL01-PE
597323;29/04/2024;segunda-feira;22:25:00;SC;101;46,9;JOINVILLE;Ingestão de substâncias psicoativas pelo condutor;Colisão traseira;Com Vítimas Feridas;Plena Noite;Decrescente;Garoa/Chuvisco;Dupla;Reta;Sim;4;0;1;0;1;2;1;4;-26,33150083;-48,86187762;SPRF-SC;DEL03-SC;UOP01-DEL03-SC
597325;29/04/2024;segunda-feira;23:00:00;BA;116;320;ARACI;Pedestre andava na pista;Atropelamento de Pedestre;Com Vítimas Fatais;Plena Noite;Decrescente;Nublado;Simples;"Reta;Declive";Não;3;1;0;0;1;1;0;3;-11,33102397;-38,95406505;SPRF-BA;DEL02-BA;UOP01-DEL02-BA
597339;30/04/2024;terça-feira;01:40:00;PR;373;417;CANDOI;Acessar a via sem observar a presença dos outros veículos;Colisão transversal;Sem Vítimas;Plena Noite;Decrescente;Céu Claro;Simples;Reta;Não;2;0;0;0;1;1;0;2;-25,68053004;-52,13726597;SPRF-PR;DEL08-PR;UOP01-DEL08-PR
597340;30/04/2024;terça-feira;02:30:00;RS;386;421;MONTENEGRO;Demais Fenômenos da natureza;Eventos atípicos;Com Vítimas Feridas;Plena Noite;Crescente;Chuva;Dupla;Reta;Não;1;0;1;0;0;0;1;1;-29,815044;-51,412865;SPRF-RS;DEL04-RS;UOP02-DEL04-RS
597342;29/04/2024;segunda-feira;20:10:00;GO;153;273,9;NOVA GLORIA;Manobra de mudança de faixa;Colisão lateral mesmo sentido;Com Vítimas Feridas;Plena Noite;Decrescente;Céu Claro;Simples;"Aclive;Reta";Não;5;0;3;0;1;1;3;3;-15,092429;-49,471367;SPRF-GO;DEL07-GO;UOP02-DEL07-GO
597344;30/04/2024;terça-feira;03:00:00;ES;262;30,2;DOMINGOS MARTINS;Transitar na contramão;Colisão frontal;Com Vítimas Feridas;Plena Noite;Decrescente;Céu Claro;Simples;"Curva;Declive";Não;4;0;1;0;3;0;1;2;-20,37451095;-40,56495316;SPRF-ES;DEL01-ES;UOP01-DEL01-ES
597345;30/04/2024;terça-feira;04:00:00;SP;116;216,1;GUARULHOS;Manobra de mudança de faixa;Colisão lateral mesmo sentido;Com Vítimas Feridas;Plena Noite;Decrescente;Céu Claro;Múltipla;Reta;Sim;4;0;1;1;1;1;2;4;-23,45100957;-46,46419471;SPRF-SP;DEL01-SP;UOP01-DEL01-SP
597346;30/04/2024;terça-feira;04:45:00;PB;230;54,7;CRUZ DO ESPIRITO SANTO;Reação tardia ou ineficiente do condutor;Colisão traseira;Com Vítimas Feridas;Amanhecer;Crescente;Céu Claro;Dupla;Reta;Não;4;0;0;1;1;2;1;4;-7,2007;-35,0854;SPRF-PB;DEL01-PB;UOP03-DEL01-PB
597347;30/04/2024;terça-feira;05:00:00;GO;60;136;GOIANIA;Demais falhas mecânicas ou elétricas;Colisão transversal;Com Vítimas Feridas;Plena Noite;Decrescente;Céu Claro;Dupla;"Reta;Aclive";Não;3;0;1;0;1;2;1;4;-16,5959;-49,1965;SPRF-GO;DEL01-GO;UOP01-DEL01-GO
597353;30/04/2024;terça-feira;05:20:00;GO;60;285;ACREUNA;Condutor Dormindo;Tombamento;Sem Vítimas;Amanhecer;Crescente;Céu Claro;Dupla;Reta;Não;1;0;0;0;1;0;0;1;-17,2723;-50,2372;SPRF-GO;DEL04-GO;UOP02-DEL04-GO
597354;30/04/2024;terça-feira;05:20:00;SC;101;392,1;CRICIUMA;Condutor Dormindo;Tombamento;Com Vítimas Feridas;Plena Noite;Crescente;Chuva;Dupla;Curva;Não;2;0;0;1;0;2;1;3;-28,80489882;-49,3712151;SPRF-SC;DEL02-SC;UOP02-DEL02-SC
597355;30/04/2024;terça-feira;05:00:00;SP;116;221;GUARULHOS;Acessar a via sem observar a presença dos outros veículos;Colisão traseira;Com Vítimas Feridas;Amanhecer;Crescente;Nevoeiro/Neblina;Múltipla;Reta;Sim;4;0;2;0;1;1;2;4;-23,46802395;-46,50704901;SPRF-SP;DEL01-SP;UOP01-DEL01-SP
597358;30/04/2024;terça-feira;07:10:00;MG;251;503,4;FRANCISCO SA;Velocidade Incompatível;Colisão frontal;Com Vítimas Feridas;Pleno dia;Crescente;Sol;Simples;Reta;Não;4;0;2;0;1;1;2;4;-16,61472808;-43,6647179;SPRF-MG;DEL12-MG;UOP01-DEL12-MG
597360;29/04/2024;segunda-feira;22:30:00;MG;262;559,9;CORREGO DANTA;Condutor Dormindo;Saída de leito carroçável;Com Vítimas Fatais;Plena Noite;Crescente;Céu Claro;Simples;"Reta;Declive";Não;2;1;0;0;0;1;0;2;-19,745723;-45,953395;SPRF-MG;DEL08-MG;UOP02-DEL08-MG
597364;30/04/2024;terça-feira;06:00:00;SP;116;175;GUARAREMA;Acessar a via sem observar a presença dos outros veículos;Atropelamento de Pedestre;Sem Vítimas;Pleno dia;Crescente;Céu Claro;Múltipla;Reta;Sim;2;0;0;0;1;1;0;2;-23,32173972;-46,100353;SPRF-SP;DEL02-SP;UOP01-DEL02-SP
597370;30/04/2024;terça-feira;07:27:00;SP;116;145;SAO JOSE DOS CAMPOS;Reação tardia ou ineficiente do condutor;Colisão traseira;Com Vítimas Feridas;Pleno dia;Crescente;Céu Claro;Dupla;"Reta;Aclive";Sim;3;0;1;0;2;0;1;2;-23,1869844;-45,8548078;SPRF-SP;DEL02-SP;UOP01-DEL02-SP
597372;30/04/2024;terça-feira;06:25:00;MG;381;532;ITATIAIUCU;Condutor Dormindo;Saída de leito carroçável;Com Vítimas Feridas;Pleno dia;Decrescente;Céu Claro;Dupla;Curva;Não;3;0;2;0;1;0;2;2;-20,1674776;-44,37008858;SPRF-MG;DEL04-MG;UOP03-DEL04-MG
597373;30/04/2024;terça-feira;08:10:00;SC;282;4,4;FLORIANOPOLIS;Ausência de reação do condutor;Colisão lateral mesmo sentido;Com Vítimas Feridas;Pleno dia;Decrescente;Céu Claro;Múltipla;Reta;Sim;2;0;1;0;1;0;1;2;-27,592646;-48,604034;SPRF-SC;DEL01-SC;UOP01-DEL01-SC
597379;30/04/2024;terça-feira;06:30:00;MG;116;216;CATUJI;Condutor deixou de manter distância do veículo da frente;Colisão traseira;Sem Vítimas;Pleno dia;Crescente;Nublado;Simples;Reta;Não;2;0;0;0;2;0;0;2;-17,3756538;-41,52881674;SPRF-MG;DEL11-MG;UOP01-DEL11-MG
597380;30/04/2024;terça-feira;08:30:00;ES;262;151,5;IBATIBA;Demais falhas mecânicas ou elétricas;Capotamento;Com Vítimas Feridas;Pleno dia;Decrescente;Sol;Simples;Aclive;Não;2;0;1;0;0;1;1;2;-20,23736307;-41,51380101;SPRF-ES;DEL01-ES;UOP02-DEL01-ES
597382;30/04/2024;terça-feira;07:30:00;ES;259;89,7;BAIXO GUANDU;Velocidade Incompatível;Tombamento;Com Vítimas Feridas;Pleno dia;Crescente;Céu Claro;Simples;Curva;Não;2;0;0;1;0;2;1;3;-19,50888397;-40,91169834;SPRF-ES;DEL02-ES;UOP01-DEL02-ES
597383;30/04/2024;terça-feira;07:50:00;BA;116;912,7;CANDIDO SALES;Ausência de reação do condutor;Colisão transversal;Com Vítimas Fatais;Pleno dia;Crescente;Céu Claro;Simples;Reta;Não;2;1;0;0;1;0;0;2;-15,536068;-41,249653;SPRF-BA;DEL08-BA;UOP03-DEL08-BA
597388;30/04/2024;terça-feira;06:00:00;MT;70;591;POCONE;Velocidade Incompatível;Saída de leito carroçável;Com Vítimas Fatais;Pleno dia;Decrescente;Céu Claro;Simples;Curva;Não;3;1;1;0;0;1;1;2;-15,79168191;-56,65677806;SPRF-MT;DEL03-MT;UOP02-DEL03-MT
597390;30/04/2024;terça-feira;06:30:00;RJ;40;112;DUQUE DE CAXIAS;Manobra de mudança de faixa;Colisão lateral mesmo sentido;Com Vítimas Fatais;Pleno dia;Crescente;Céu Claro;Múltipla;Reta;Sim;5;1;1;1;1;1;2;3;-22,7004454;-43,29014851;SPRF-RJ;DEL01-RJ;UOP02-DEL01-RJ
597391;30/04/2024;terça-feira;09:45:00;SP;381;33;ATIBAIA;Reação tardia ou ineficiente do condutor;Colisão transversal;Com Vítimas Feridas;Pleno dia;Crescente;Céu Claro;Dupla;"Curva;Declive";Sim;3;0;1;0;2;0;1;3;-23,0728028;-46,56673562;SPRF-SP;DEL03-SP;UOP02-DEL03-SP
597392;30/04/2024;terça-feira;07:30:00;PR;153;336;IRATI;Ausência de reação do condutor;Colisão traseira;Com Vítimas Feridas;Pleno dia;Crescente;Céu Claro;Simples;Reta;Sim;3;0;0;1;1;1;1;3;-25,49753795;-50,64815515;SPRF-PR;DEL08-PR;UOP02-DEL08-PR
597393;30/04/2024;terça-feira;04:30:00;PE;423;75;JUCATI;Condutor deixou de manter distância do veículo da frente;Colisão traseira;Sem Vítimas;Pleno dia;Crescente;Nublado;Simples;Reta;Não;3;0;0;0;1;2;0;3;-8,72421234;-36,42879161;SPRF-PE;DEL03-PE;UOP01-DEL03-PE
597395;23/04/2024;terça-feira;19:10:00;PR;277;352,2;GUARAPUAVA;Problema com o freio;Saída de leito carroçável;Sem Vítimas;Plena Noite;Crescente;Chuva;Simples;Reta;Não;1;0;0;0;1;0;0;1;-25,40082;-51,54120505;SPRF-PR;DEL08-PR;UOP01-DEL08-PR
597400;30/04/2024;terça-feira;08:47:00;RO;364;708;PORTO VELHO;Acessar a via sem observar a presença dos outros veículos;Colisão transversal;Com Vítimas Feridas;Pleno dia;Crescente;Céu Claro;Dupla;Reta;Sim;3;0;1;0;2;0;1;3;-8,79554083;-63,84072487;SPRF-RO;DEL01-RO;UOP01-DEL01-RO
597403;07/04/2024;domingo;01:50:00;SC;282;615;MARAVILHA;Condutor Dormindo;Colisão frontal;Com Vítimas Feridas;Plena Noite;Crescente;Céu Claro;Simples;Curva;Não;4;0;1;0;2;1;1;3;-26,774349;-53,271767;SPRF-SC;DEL07-SC;UOP02-DEL07-SC
597406;30/04/2024;terça-feira;07:15:00;SC;282;585,4;PINHALZINHO;Manobra de mudança de faixa;Colisão lateral sentido oposto;Com Vítimas Feridas;Pleno dia;Crescente;Céu Claro;Simples;Curva;Não;3;0;2;0;1;0;2;2;-26,830591;-53,025528;SPRF-SC;DEL07-SC;UOP02-DEL07-SC
597408;30/04/2024;terça-feira;08:21:00;MG;381;722,3;CARMO DA CACHOEIRA;Velocidade Incompatível;Derramamento de carga;Com Vítimas Feridas;Pleno dia;Crescente;Céu Claro;Dupla;"Curva;Declive";Não;2;0;1;0;0;1;1;2;-21,47729514;-45,20207819;SPRF-MG;DEL04-MG;UOP02-DEL04-MG
597411;30/04/2024;terça-feira;10:00:00;AL;104;83,5;RIO LARGO;Demais falhas mecânicas ou elétricas;Derramamento de carga;Sem Vítimas;Pleno dia;Crescente;Nublado;Simples;"Viaduto;Aclive;Curva";Não;2;0;0;0;1;1;0;2;-9,44165773;-35,83538341;SPRF-AL;DEL01-AL;UOP01-DEL01-AL
597412;30/04/2024;terça-feira;10:00:00;MG;40;638,8;CONSELHEIRO LAFAIETE;Reação tardia ou ineficiente do condutor;Colisão traseira;Com Vítimas Feridas;Pleno dia;Crescente;Céu Claro;Simples;"Aclive;Reta";Não;2;0;1;0;1;0;1;2;-20,733307;-43,799682;SPRF-MG;DEL05-MG;UOP02-DEL05-MG
597413;10/04/2024;quarta-feira;16:02:00;RO;364;517;ARIQUEMES;Manobra de mudança de faixa;Colisão traseira;Sem Vítimas;Pleno dia;Crescente;Céu Claro;Simples;"Aclive;Reta";Não;5;0;0;0;5;0;0;2;-9,90688101;-63,05581217;SPRF-RO;DEL03-RO;UOP01-DEL03-RO
597415;30/04/2024;terça-feira;00:30:00;PA;10;120;PARAGOMINAS;Ausência de reação do condutor;Colisão traseira;Com Vítimas Feridas;Plena Noite;Crescente;Céu Claro;Simples;"Curva;Aclive";Não;4;0;1;0;2;2;1;4;-3,392432;-47,444252;SPRF-PA;DEL02-PA;UOP01-DEL02-PA
597422;30/04/2024;terça-feira;12:00:00;MG;381;357;JOAO MONLEVADE;Acessar a via sem observar a presença dos outros veículos;Colisão transversal;Com Vítimas Feridas;Pleno dia;Decrescente;Céu Claro;Simples;"Curva;Interseção de Vias";Sim;2;0;0;1;1;0;1;2;-19,85175308;-43,213709;SPRF-MG;DEL03-MG;UOP01-DEL03-MG
597425;30/04/2024;terça-feira;10:00:00;RJ;493;1;ITABORAI;Pedestre andava na pista;Atropelamento de Pedestre;Com Vítimas Feridas;Pleno dia;Decrescente;Sol;Simples;Reta;Sim;2;0;0;1;0;1;1;2;-22,76398788;-42,92731895;SPRF-RJ;DEL02-RJ;UOP02-DEL02-RJ
597432;30/04/2024;terça-feira;11:30:00;PR;163;316,4;TERRA ROXA;Acessar a via sem observar a presença dos outros veículos;Colisão transversal;Com Vítimas Fatais;Pleno dia;Crescente;Sol;Simples;Reta;Não;5;2;0;2;1;0;2;2;-24,37834015;-54,15266373;SPRF-PR;DEL06-PR;UOP02-DEL06-PR
597435;30/04/2024;terça-feira;13:30:00;MG;40;615;CONSELHEIRO LAFAIETE;Condutor deixou de manter distância do veículo da frente;Colisão lateral mesmo sentido;Com Vítimas Feridas;Pleno dia;Crescente;Céu Claro;Simples;Reta;Não;3;0;1;0;0;2;1;3;-20,53765999;-43,82077849;SPRF-MG;DEL05-MG;UOP02-DEL05-MG
597437;07/03/2024;quinta-feira;22:50:00;SE;101;64;ROSARIO DO CATETE;Faróis desregulados;Colisão traseira;Com Vítimas Feridas;Plena Noite;Crescente;Céu Claro;Simples;"Aclive;Reta;Em Obras";Não;7;0;3;1;1;2;4;3;-10,69863603;-37,04704997;SPRF-SE;DEL02-SE;UOP02-DEL02-SE
597438;30/04/2024;terça-feira;08:20:00;GO;60;333;SANTO ANTONIO DA BARRA;Demais falhas mecânicas ou elétricas;Colisão com objeto;Sem Vítimas;Pleno dia;Decrescente;Céu Claro;Dupla;Declive;Não;1;0;0;0;1;0;0;1;-17,5502;-50,5451;SPRF-GO;DEL04-GO;UOP02-DEL04-GO
597442;30/04/2024;terça-feira;11:45:00;RO;364;339,7;JI-PARANA;Condutor desrespeitou a iluminação vermelha do semáforo;Colisão transversal;Com Vítimas Feridas;Pleno dia;Crescente;Céu Claro;Dupla;"Interseção de Vias;Reta";Sim;3;0;1;0;2;0;1;2;-10,907816;-61,93017402;SPRF-RO;DEL02-RO;UOP01-DEL02-RO
597443;11/04/2024;quinta-feira;11:08:00;RO;319;60;PORTO VELHO;Acessar a via sem observar a presença dos outros veículos;Colisão lateral mesmo sentido;Sem Vítimas;Pleno dia;Decrescente;Nublado;Múltipla;Rotatória;Sim;3;0;0;0;2;2;0;4;-8,766685;-63,884052;SPRF-RO;DEL01-RO;UOP01-DEL01-RO
597445;30/04/2024;terça-feira;12:30:00;MT;364;546;ROSARIO OESTE;Demais falhas mecânicas ou elétricas;Incêndio;Sem Vítimas;Pleno dia;Decrescente;Céu Claro;Dupla;Reta;Sim;2;0;0;0;1;3;0;4;-14,87904388;-56,46132643;SPRF-MT;DEL01-MT;UOP01-DEL01-MT
597447;19/04/2024;sexta-feira;04:05:00;MG;40;581,1;ITABIRITO;Pedestre andava na pista;Atropelamento de Pedestre;Com Vítimas Fatais;Plena Noite;Decrescente;Céu Claro;Simples;Reta;Não;2;1;0;0;1;0;0;2;-20,27540172;-43,94908905;SPRF-MG;DEL01-MG;UOP02-DEL01-MG
597448;26/03/2024;terça-feira;01:10:00;SP;116;28,9;CRUZEIRO;Reação tardia ou ineficiente do condutor;Colisão traseira;Com Vítimas Feridas;Plena Noite;Decrescente;Garoa/Chuvisco;Dupla;"Reta;Declive";Não;3;0;1;0;1;1;1;2;-22,62492006;-44,91571997;SPRF-SP;DEL08-SP;UOP02-DEL08-SP
597453;30/04/2024;terça-feira;15:33:00;RN;304;48,2;MOSSORO;Reação tardia ou ineficiente do condutor;Engavetamento;Com Vítimas Feridas;Pleno dia;Crescente;Nublado;Dupla;Retorno Regulamentado;Sim;3;0;2;0;1;0;2;3;-5,23068015;-37,32090589;SPRF-RN;DEL04-RN;UOP01-DEL04-RN
597454;30/04/2024;terça-feira;14:30:00;MG;50;77;UBERLANDIA;Reação tardia ou ineficiente do condutor;Colisão traseira;Com Vítimas Feridas;Pleno dia;Crescente;Sol;Dupla;"Viaduto;Reta";Sim;2;0;1;0;1;0;1;2;-18,9364557;-48,21992183;SPRF-MG;DEL15-MG;UOP01-DEL15-MG
597459;30/04/2024;terça-feira;16:40:00;RS;290;94;PORTO ALEGRE;Reação tardia ou ineficiente do condutor;Colisão com objeto;Com Vítimas Feridas;Pleno dia;Decrescente;Chuva;Simples;"Viaduto;Aclive;Curva";Sim;3;0;1;0;1;1;1;2;-29,973856;-51,197853;SPRF-RS;DEL01-RS;UOP01-DEL01-RS
597462;30/04/2024;terça-feira;16:00:00;MS;262;356,2;CAMPO GRANDE;Acessar a via sem observar a presença dos outros veículos;Colisão lateral mesmo sentido;Sem Vítimas;Pleno dia;Crescente;Céu Claro;Simples;Retorno Regulamentado;Não;5;0;0;0;4;1;0;3;-20,54626939;-54,68325734;SPRF-MS;DEL01-MS;UOP03-DEL01-MS
597466;30/04/2024;terça-feira;16:30:00;BA;135;74;RIACHAO DAS NEVES;Ausência de reação do condutor;Colisão traseira;Com Vítimas Feridas;Pleno dia;Decrescente;Céu Claro;Simples;Reta;Sim;3;0;1;0;1;1;1;3;-11,34491004;-44,93330702;SPRF-BA;DEL08-BA;N/A
597471;30/04/2024;terça-feira;17:10:00;RJ;40;110;DUQUE DE CAXIAS;Condutor deixou de manter distância do veículo da frente;Colisão traseira;Com Vítimas Feridas;Anoitecer;Decrescente;Céu Claro;Dupla;Reta;Não;3;0;2;0;1;0;2;3;-22,68289906;-43,28549346;SPRF-RJ;DEL01-RJ;UOP02-DEL01-RJ
597474;04/04/2024;quinta-feira;10:54:00;MG;381;942;EXTREMA;Velocidade Incompatível;Saída de leito carroçável;Com Vítimas Feridas;Pleno dia;Crescente;Céu Claro;Dupla;Reta;Não;2;0;1;0;0;1;1;2;-22,86605937;-46,34940386;SPRF-MG;DEL16-MG;UOP03-DEL16-MG
597476;30/04/2024;terça-feira;15:40:00;PR;116;106;SAO JOSE DOS PINHAIS;Ausência de reação do condutor;Saída de leito carroçável;Com Vítimas Fatais;Pleno dia;Crescente;Sol;Dupla;Reta;Não;2;1;0;1;0;0;1;1;-25,56972322;-49,2203526;SPRF-PR;DEL01-PR;UOP07-DEL01-PR
597482;30/04/2024;terça-feira;14:05:00;SC;470;242;CURITIBANOS;Demais falhas mecânicas ou elétricas;Eventos atípicos;Sem Vítimas;Pleno dia;Decrescente;Nublado;Simples;"Curva;Aclive";Não;2;0;0;0;1;1;0;2;-27,311794;-50,498703;SPRF-SC;DEL05-SC;UOP03-DEL05-SC
597487;30/04/2024;terça-feira;18:33:00;MG;262;50;MANHUACU;Velocidade Incompatível;Colisão traseira;Com Vítimas Feridas;Plena Noite;Crescente;Céu Claro;Simples;Reta;Não;4;0;1;1;1;1;2;3;-20,2428055;-42,13652397;SPRF-MG;DEL06-MG;UOP03-DEL06-MG
597502;30/04/2024;terça-feira;17:13:00;AC;364;124;RIO BRANCO;Condutor deixou de manter distância do veículo da frente;Engavetamento;Sem Vítimas;Anoitecer;Crescente;Ignorado;Dupla;Reta;Sim;8;0;0;0;6;2;0;5;-10,01152469;-67,79140099;SPRF-AC;DEL01-AC;UOP01-DEL01-AC
597504;30/04/2024;terça-feira;17:15:00;SC;101;133;BALNEARIO CAMBORIU;Reação tardia ou ineficiente do condutor;Tombamento;Com Vítimas Feridas;Anoitecer;Decrescente;Sol;Dupla;Reta;Sim;2;0;1;0;1;0;1;2;-26,99936;-48,64609;SPRF-SC;DEL04-SC;UOP03-DEL04-SC
597508;30/04/2024;terça-feira;19:20:00;MG;50;151;UBERABA;Acessar a via sem observar a presença dos outros veículos;Colisão traseira;Com Vítimas Feridas;Plena Noite;Crescente;Céu Claro;Dupla;"Retorno Regulamentado;Reta";Não;5;0;1;2;1;1;3;2;-19,57370204;-48,03246832;SPRF-MG;DEL13-MG;UOP01-DEL13-MG
597519;30/04/2024;terça-feira;20:30:00;SP;153;99,8;JOSE BONIFACIO;Sinalização mal posicionada;Tombamento;Com Vítimas Feridas;Plena Noite;Decrescente;Céu Claro;Simples;"Curva;Declive";Não;2;0;0;1;0;1;1;2;-21,00415374;-49,63202477;SPRF-SP;DEL09-SP;UOP01-DEL09-SP
597531;30/04/2024;terça-feira;19:36:00;PA;163;471;ITAITUBA;Demais falhas mecânicas ou elétricas;Incêndio;Sem Vítimas;Anoitecer;Crescente;Céu Claro;Simples;Reta;Não;2;0;0;0;1;2;0;3;-5,73564589;-55,74171953;SPRF-PA;DEL05-PA;UOP02-DEL05-PA
597533;30/04/2024;terça-feira;18:30:00;MT;163;992;TERRA NOVA DO NORTE;Ausência de reação do condutor;Colisão traseira;Com Vítimas Feridas;Pleno dia;Decrescente;Ignorado;Simples;Reta;Não;3;0;1;0;1;1;1;3;-10,67699288;-55,13919954;SPRF-MT;DEL06-MT;UOP03-DEL06-MT
597534;30/04/2024;terça-feira;21:00:00;RO;364;149;PIMENTA BUENO;Demais falhas na via;Tombamento;Com Vítimas Feridas;Plena Noite;Decrescente;Céu Claro;Simples;"Reta;Em Obras;Aclive";Não;3;0;1;0;1;5;1;7;-12,00444922;-60,92603319;SPRF-RO;DEL02-RO;UOP02-DEL02-RO
597536;30/04/2024;terça-feira;22:30:00;SP;116;509;CAJATI;Reação tardia ou ineficiente do condutor;Saída de leito carroçável;Com Vítimas Feridas;Plena Noite;Crescente;Nevoeiro/Neblina;Dupla;Curva;Não;2;0;0;1;0;1;1;2;-24,82178987;-48,21419034;SPRF-SP;DEL05-SP;UOP02-DEL05-SP
597542;01/05/2024;quarta-feira;01:40:00;PR;376;675;GUARATUBA;Ausência de reação do condutor;Saída de leito carroçável;Com Vítimas Feridas;Plena Noite;Crescente;Céu Claro;Dupla;Reta;Não;2;0;1;0;0;1;1;2;-25,91744399;-48,91940295;SPRF-PR;DEL01-PR;UOP04-DEL01-PR
597544;01/05/2024;quarta-feira;01:45:00;RS;470;163;NOVA PRATA;Transitar na contramão;Colisão lateral sentido oposto;Sem Vítimas;Plena Noite;Decrescente;Chuva;Simples;Reta;Não;4;0;0;0;2;2;0;4;-28,82755543;-51,58058532;SPRF-RS;DEL06-RS;UOP02-DEL06-RS
597545;30/04/2024;terça-feira;21:20:00;PB;230;266;JUNCO DO SERIDO;Transitar na contramão;Colisão frontal;Com Vítimas Feridas;Plena Noite;Crescente;Nublado;Simples;Reta;Não;4;0;2;2;0;0;4;2;-6,9715;-36,7492;SPRF-PB;DEL03-PB;UOP01-DEL03-PB
597546;01/05/2024;quarta-feira;03:00:00;ES;262;127,5;CONCEICAO DO CASTELO;Demais falhas mecânicas ou elétricas;Incêndio;Sem Vítimas;Plena Noite;Crescente;Céu Claro;Simples;Reta;Não;1;0;0;0;1;0;0;1;-20,262035;-41,277511;SPRF-ES;DEL01-ES;UOP02-DEL01-ES
597550;30/04/2024;terça-feira;21:35:00;MT;70;358,2;CAMPO VERDE;Reação tardia ou ineficiente do condutor;Colisão lateral sentido oposto;Com Vítimas Feridas;Plena Noite;Decrescente;Céu Claro;Simples;"Aclive;Reta";Não;3;0;1;0;1;1;1;3;-15,46914502;-54,93796301;SPRF-MT;DEL05-MT;UOP02-DEL05-MT
597557;01/05/2024;quarta-feira;02:30:00;PB;230;475;SOUSA;Pedestre andava na pista;Atropelamento de Pedestre;Com Vítimas Fatais;Plena Noite;Crescente;Céu Claro;Simples;Curva;Não;2;1;0;0;0;1;0;2;-6,8298;-38,3177;SPRF-PB;DEL03-PB;UOP03-DEL03-PB
597563;01/05/2024;quarta-feira;05:10:00;SP;116;30,1;CRUZEIRO;Reação tardia ou ineficiente do condutor;Colisão traseira;Com Vítimas Feridas;Plena Noite;Crescente;Nublado;Dupla;Aclive;Não;5;0;2;1;1;1;3;3;-22,63400287;-44,93203106;SPRF-SP;DEL08-SP;UOP02-DEL08-SP