id;data_inversa;dia_semana;horario;uf;br;km;municipio;causa_acidente;tipo_acidente;classificacao_acidente;fase_dia;sentido_via;condicao_metereologica;tipo_pista;tracado_via;uso_solo;pessoas;mortos;feridos_leves;feridos_graves;ilesos;ignorados;feridos;veiculos;latitude;longitude;regional;delegacia;uop
598388;04/05/2024;sábado;22:00:00;MA;226;197;PRESIDENTE DUTRA;Ausência de reação do condutor;Tombamento;Com Vítimas Fatais;Plena Noite;Decrescente;Nublado;Simples;Reta;Sim;2;1;0;0;0;1;0;2;-5,29866479;-44,44614398;SPRF-MA;DEL06-MA;UOP01-DEL06-MA
598404;05/05/2024;domingo;05:20:00;MG;365;250;JOAO PINHEIRO;Ausência de reação do condutor;Saída de leito carroçável;Com Vítimas Feridas;Plena Noite;Crescente;Céu Claro;Simples;Reta;Não;2;0;0;1;0;2;1;3;-17,82889606;-45,45113681;SPRF-MG;DEL10-MG;UOP02-DEL010-MG
598408;05/05/2024;domingo;05:50:00;MA;316;600,9;TIMON;Ingestão de álcool pelo condutor;Colisão frontal;Com Vítimas Fatais;Amanhecer;Crescente;Nublado;Simples;Reta;Não;4;2;0;0;1;2;0;4;-5,024982;-42,954735;SPRF-MA;DEL03-MA;UOP02-DEL03-MA
598412;05/05/2024;domingo;09:30:00;MG;381;665,5;PERDOES;Ausência de reação do condutor;Capotamento;Com Vítimas Feridas;Pleno dia;Decrescente;Céu Claro;Dupla;"Curva;Aclive";Não;2;0;1;0;0;1;1;2;-21,05493912;-45,03103599;SPRF-MG;DEL04-MG;UOP02-DEL04-MG
598419;05/05/2024;domingo;09:00:00;PR;116;26;CAMPINA GRANDE DO SUL;Reação tardia ou ineficiente do condutor;Tombamento;Com Vítimas Feridas;Pleno dia;Decrescente;Céu Claro;Dupla;Curva;Não;3;0;2;0;0;1;2;2;-25,1105582;-48,7852402;SPRF-PR;DEL01-PR;UOP02-DEL01-PR
598425;05/05/2024;domingo;01:00:00;SC;470;250;CURITIBANOS;Ausência de reação do condutor;Saída de leito carroçável;Sem Vítimas;Plena Noite;Crescente;Nublado;Simples;Curva;Não;3;0;0;0;1;2;0;3;-27,314182;-50,569588;SPRF-SC;DEL05-SC;UOP03-DEL05-SC
598427;05/05/2024;domingo;09:20:00;MT;364;346;SANTO ANTONIO DO LEVERGER;Reação tardia ou ineficiente do condutor;Tombamento;Com Vítimas Feridas;Pleno dia;Decrescente;Céu Claro;Dupla;Curva;Não;2;0;1;0;0;1;1;2;-15,81193889;-55,53981241;SPRF-MT;DEL05-MT;UOP02-DEL05-MT
598436;05/05/2024;domingo;09:40:00;CE;222;302;TIANGUA;Problema com o freio;Colisão com objeto;Com Vítimas Feridas;Pleno dia;Crescente;Chuva;Simples;Curva;Não;1;0;1;0;0;0;1;1;-3,66080397;-40,94779895;SPRF-CE;DEL04-CE;UOP02-DEL04-CE
598440;05/05/2024;domingo;12:30:00;RS;285;100,2;MONTE ALEGRE DOS CAMPOS;Transitar na contramão;Colisão frontal;Com Vítimas Fatais;Pleno dia;Crescente;Céu Claro;Simples;Reta;Não;4;1;0;0;1;2;0;4;-28,578039;-50,774544;SPRF-RS;DEL05-RS;UOP03-DEL05-RS
598445;05/05/2024;domingo;08:57:00;RO;364;184;PIMENTA BUENO;Manobra de mudança de faixa;Colisão lateral sentido oposto;Com Vítimas Fatais;Pleno dia;Decrescente;Céu Claro;Simples;Curva;Não;7;1;0;1;4;5;1;8;-11,750467;-61,094619;SPRF-RO;DEL02-RO;UOP02-DEL02-RO
598449;05/05/2024;domingo;12:52:00;RO;364;229;CACOAL;Ausência de reação do condutor;Colisão lateral sentido oposto;Com Vítimas Feridas;Pleno dia;Crescente;Sol;Simples;"Aclive;Reta";Não;3;0;1;0;1;4;1;6;-11,48353229;-61,38685231;SPRF-RO;DEL02-RO;UOP02-DEL02-RO
598469;05/05/2024;domingo;14:40:00;MS;436;12;APARECIDA DO TABOADO;Ausência de reação do condutor;Tombamento;Com Vítimas Feridas;Plena Noite;Crescente;Céu Claro;Simples;"Interseção de Vias;Rotatória";Não;2;0;1;0;0;2;1;3;-20,09559413;-51,04763031;SPRF-MS;DEL08-MS;UOP01-DEL08-MS
598472;05/05/2024;domingo;16:00:00;PA;10;7,5;DOM ELISEU;Ultrapassagem Indevida;Saída de leito carroçável;Com Vítimas Feridas;Pleno dia;Decrescente;Céu Claro;Simples;Reta;Não;6;0;4;1;0;1;5;2;-4,37565398;-47,53718808;SPRF-PA;DEL02-PA;UOP02-DEL02-PA
598474;05/05/2024;domingo;15:20:00;PR;476;180;CONTENDA;Manobra de mudança de faixa;Tombamento;Com Vítimas Feridas;Plena Noite;Crescente;Céu Claro;Dupla;Curva;Não;2;0;1;0;0;1;1;2;-25,706665;-49,591278;SPRF-PR;DEL01-PR;UOP06-DEL01-PR
598476;11/04/2024;quinta-feira;16:13:00;MT;364;299;JACIARA;Acumulo de água sobre o pavimento;Saída de leito carroçável;Com Vítimas Fatais;Pleno dia;Decrescente;Chuva;Dupla;Curva;Não;3;1;0;0;1;1;0;3;-15,84691555;-55,14590671;SPRF-MT;DEL05-MT;UOP02-DEL05-MT
598481;05/05/2024;domingo;12:35:00;SC;116;169,7;PONTE ALTA DO NORTE;Manobra de mudança de faixa;Colisão lateral mesmo sentido;Com Vítimas Feridas;Pleno dia;Crescente;Céu Claro;Simples;"Curva;Aclive";Não;5;0;1;2;1;2;3;5;-27,18614796;-50,46482181;SPRF-SC;DEL05-SC;UOP03-DEL05-SC
598482;05/05/2024;domingo;17:00:00;PR;373;199,9;IPIRANGA;Acessar a via sem observar a presença dos outros veículos;Colisão transversal;Com Vítimas Feridas;Pleno dia;Crescente;Céu Claro;Simples;"Interseção de Vias;Reta";Não;4;0;2;0;1;2;2;4;-25,08594582;-50,4106003;SPRF-PR;DEL03-PR;UOP01-DEL03-PR
598484;05/05/2024;domingo;16:10:00;PR;163;140,4;CAPITAO LEONIDAS MARQUES;Velocidade Incompatível;Colisão com objeto;Sem Vítimas;Pleno dia;Decrescente;Céu Claro;Simples;Curva;Não;2;0;0;0;1;3;0;4;-25,49765306;-53,59938318;SPRF-PR;DEL05-PR;UOP05-DEL05-PR
598494;05/05/2024;domingo;15:40:00;MG;262;479,5;BOM DESPACHO;Demais falhas mecânicas ou elétricas;Capotamento;Com Vítimas Feridas;Pleno dia;Decrescente;Céu Claro;Simples;Reta;Não;6;0;4;0;1;1;4;3;-19,78628062;-45,23887303;SPRF-MG;DEL08-MG;UOP03-DEL08-MG
598506;05/05/2024;domingo;17:00:00;GO;364;227;JATAI;Ultrapassagem Indevida;Colisão lateral mesmo sentido;Com Vítimas Feridas;Anoitecer;Decrescente;Céu Claro;Simples;Reta;Não;3;0;1;0;1;3;1;5;-17,816383;-51,975555;SPRF-GO;DEL05-GO;UOP01-DEL05-GO
598517;05/05/2024;domingo;18:45:00;PB;361;92,9;PIANCO;Ausência de reação do condutor;Colisão traseira;Com Vítimas Fatais;Plena Noite;Crescente;Céu Claro;Simples;Reta;Não;3;2;0;0;0;1;0;2;-7,22309921;-38,00258598;SPRF-PB;DEL03-PB;UOP01-DEL03-PB
598521;05/05/2024;domingo;19:05:00;MA;230;473,3;RIACHAO;Transitar na contramão;Colisão frontal;Com Vítimas Fatais;Plena Noite;Crescente;Céu Claro;Simples;Reta;Não;2;1;0;0;1;0;0;2;-7,36991429;-46,62829188;SPRF-MA;DEL05-MA;UOP01-DEL05-MA
598524;05/05/2024;domingo;18:00:00;SP;116;101,6;PINDAMONHANGABA;Demais falhas mecânicas ou elétricas;Colisão lateral mesmo sentido;Com Vítimas Feridas;Plena Noite;Decrescente;Céu Claro;Múltipla;"Reta;Aclive";Não;4;0;0;1;2;1;1;3;-22,99074204;-45,48115098;SPRF-SP;DEL08-SP;UOP01-DEL08-SP
598528;05/05/2024;domingo;07:40:00;RS;290;680;URUGUAIANA;Reação tardia ou ineficiente do condutor;Saída de leito carroçável;Com Vítimas Feridas;Pleno dia;Crescente;Garoa/Chuvisco;Simples;Reta;Não;4;0;1;0;1;2;1;3;-29,914964;-56,662271;SPRF-RS;DEL13-RS;UOP01-DEL13-RS
598532;05/05/2024;domingo;10:20:00;RO;421;59;MONTE NEGRO;Demais falhas na via;Colisão traseira;Com Vítimas Feridas;Pleno dia;Decrescente;Céu Claro;Simples;Reta;Não;3;0;0;1;1;1;1;3;-10,330086;-63,339947;SPRF-RO;DEL03-RO;UOP01-DEL03-RO
598549;05/05/2024;domingo;22:40:00;BA;235;4,2;PEDRO ALEXANDRE;Transitar na contramão;Colisão lateral sentido oposto;Sem Vítimas;Plena Noite;Decrescente;Céu Claro;Simples;Reta;Não;2;0;0;0;1;1;0;2;-10,29174082;-37,76616481;SPRF-SE;DEL01-SE;UOP02-DEL01-SE
598551;05/05/2024;domingo;17:35:00;PR;163;101,1;CAPANEMA;Transitar na contramão;Colisão lateral sentido oposto;Com Vítimas Feridas;Pleno dia;Decrescente;Sol;Simples;Reta;Não;5;0;0;1;3;3;1;5;-25,603052;-53,758022;SPRF-PR;DEL02-PR;UOP02-DEL02-PR
598552;05/05/2024;domingo;12:00:00;MA;226;326;JENIPAPO DOS VIEIRAS;Manobra de mudança de faixa;Colisão frontal;Com Vítimas Feridas;Pleno dia;Crescente;Céu Claro;Simples;Curva;Não;3;0;0;2;0;5;2;7;-5,43835362;-45,42670375;SPRF-MA;DEL06-MA;UOP01-DEL06-MA
598557;05/05/2024;domingo;22:30:00;PR;277;520,7;GUARANIACU;Demais falhas mecânicas ou elétricas;Tombamento;Com Vítimas Feridas;Plena Noite;Crescente;Céu Claro;Simples;"Reta;Declive";Sim;3;0;3;0;0;0;3;1;-25,11018112;-52,85167802;SPRF-PR;DEL04-PR;UOP04-DEL04-PR
598559;05/05/2024;domingo;19:30:00;PR;373;199,9;IPIRANGA;Desrespeitar a preferência no cruzamento;Colisão transversal;Com Vítimas Feridas;Plena Noite;Crescente;Nublado;Simples;"Interseção de Vias;Reta";Não;4;0;3;0;1;0;3;2;-25,08622077;-50,41078806;SPRF-PR;DEL03-PR;UOP01-DEL03-PR
598562;05/05/2024;domingo;23:30:00;PA;10;272,6;MAE DO RIO;Condutor deixou de manter distância do veículo da frente;Colisão traseira;Com Vítimas Fatais;Plena Noite;Crescente;Céu Claro;Simples;Reta;Sim;3;1;0;0;1;1;0;3;-2,052389;-47,552586;SPRF-PA;DEL02-PA;UOP01-DEL02-PA
598563;05/05/2024;domingo;23:40:00;BA;116;422;FEIRA DE SANTANA;Demais falhas mecânicas ou elétricas;Tombamento;Com Vítimas Feridas;Plena Noite;Crescente;Chuva;Múltipla;Viaduto;Sim;4;0;1;2;0;1;3;2;-12,22959002;-38,96483844;SPRF-BA;DEL02-BA;UOP01-DEL02-BA
598564;05/05/2024;domingo;22:00:00;PR;116;143,8;MANDIRITUBA;Transitar na contramão;Colisão frontal;Com Vítimas Fatais;Plena Noite;Crescente;Céu Claro;Simples;"Reta;Declive";Não;2;1;0;1;0;0;1;2;-25,7972;-49,329073;SPRF-PR;DEL01-PR;UOP03-DEL01-PR
598572;05/05/2024;domingo;23:30:00;MA;402;21;ROSARIO;Ausência de reação do condutor;Colisão transversal;Sem Vítimas;Plena Noite;Crescente;Céu Claro;Simples;Reta;Não;4;0;0;0;1;3;0;3;-2,925632;-44,159115;SPRF-MA;DEL01-MA;UOP01-DEL01-MA
598573;06/05/2024;segunda-feira;00:25:00;GO;20;229,5;POSSE;Conversão proibida;Colisão transversal;Com Vítimas Feridas;Plena Noite;Decrescente;Céu Claro;Simples;"Reta;Declive";Não;4;0;3;0;1;0;3;2;-14,115026;-46,309361;SPRF-DF;DEL02-DF;UOP03-DEL02-DF
598575;05/05/2024;domingo;23:30:00;SC;101;10;GARUVA;Velocidade Incompatível;Colisão lateral sentido oposto;Com Vítimas Feridas;Plena Noite;Crescente;Garoa/Chuvisco;Simples;Interseção de Vias;Não;3;0;1;0;1;2;1;4;-26,063011;-48,86020605;SPRF-SC;DEL03-SC;UOP01-DEL03-SC
598578;06/05/2024;segunda-feira;05:20:00;RJ;101;257;RIO BONITO;Condutor deixou de manter distância do veículo da frente;Colisão traseira;Com Vítimas Feridas;Amanhecer;Crescente;Nevoeiro/Neblina;Dupla;Reta;Não;3;0;1;0;2;0;1;2;-22,69819894;-42,57804701;SPRF-RJ;DEL02-RJ;UOP03-DEL02-RJ
598601;06/05/2024;segunda-feira;04:00:00;PA;230;1113;ITAITUBA;Velocidade Incompatível;Colisão com objeto;Sem Vítimas;Plena Noite;Crescente;Nublado;Simples;"Curva;Declive";Não;2;0;0;0;0;4;0;4;-4,34481903;-55,78267997;SPRF-PA;DEL05-PA;UOP02-DEL05-PA
598602;06/05/2024;segunda-feira;06:50:00;MG;381;671,1;PERDOES;Ausência de reação do condutor;Colisão traseira;Com Vítimas Feridas;Pleno dia;Decrescente;Sol;Dupla;"Aclive;Reta";Não;4;0;2;0;2;0;2;2;-21,08945416;-45,06864195;SPRF-MG;DEL04-MG;UOP02-DEL04-MG
598610;06/05/2024;segunda-feira;08:20:00;PE;101;81;JABOATAO DOS GUARARAPES;Acessar a via sem observar a presença dos outros veículos;Colisão transversal;Sem Vítimas;Pleno dia;Crescente;Céu Claro;Dupla;Reta;Sim;2;0;0;0;2;0;0;2;-8,167005;-34,938365;SPRF-PE;DEL01-PE;UOP01-DEL01-PE
598611;06/05/2024;segunda-feira;08:50:00;RJ;493;22;MAGE;Condutor deixou de manter distância do veículo da frente;Colisão traseira;Com Vítimas Feridas;Pleno dia;Crescente;Sol;Simples;Reta;Não;2;0;1;0;1;0;1;2;-22,659311;-43,053303;SPRF-RJ;DEL04-RJ;UOP02-DEL04-RJ
598614;06/05/2024;segunda-feira;08:40:00;PR;369;170,1;ROLANDIA;Reação tardia ou ineficiente do condutor;Colisão lateral mesmo sentido;Com Vítimas Feridas;Pleno dia;Crescente;Céu Claro;Dupla;Reta;Sim;2;0;1;0;1;0;1;2;-23,30188835;-51,34072602;SPRF-PR;DEL07-PR;UOP01-DEL07-PR
598616;06/05/2024;segunda-feira;09:15:00;CE;222;1,6;FORTALEZA;Demais falhas mecânicas ou elétricas;Colisão frontal;Sem Vítimas;Pleno dia;Crescente;Céu Claro;Múltipla;Reta;Sim;2;0;0;0;2;0;0;2;-3,737804;-38,578061;SPRF-CE;DEL01-CE;UOP01-DEL01-CE
598619;06/05/2024;segunda-feira;07:45:00;PI;343;263;CAMPO MAIOR;Ausência de reação do condutor;Colisão traseira;Sem Vítimas;Pleno dia;Decrescente;Céu Claro;Simples;Reta;Sim;2;0;0;0;2;0;0;2;-4,819326;-42,158821;SPRF-PI;DEL01-PI;UOP03-DEL01-PI
598630;06/05/2024;segunda-feira;07:40:00;PR;376;298;MAUA DA SERRA;Mal súbito do condutor;Saída de leito carroçável;Com Vítimas Feridas;Pleno dia;Decrescente;Céu Claro;Dupla;Reta;Não;2;0;1;0;0;1;1;2;-23,923759;-51,174754;SPRF-PR;DEL07-PR;UOP02-DEL07-PR
598632;06/05/2024;segunda-feira;08:30:00;RO;364;102;PIMENTA BUENO;Frear bruscamente;Colisão traseira;Com Vítimas Feridas;Pleno dia;Crescente;Céu Claro;Simples;Reta;Não;3;0;0;1;1;2;1;4;-12,26068219;-60,65338007;SPRF-RO;DEL04-RO;UOP01-DEL04-RO
598636;06/05/2024;segunda-feira;10:00:00;PE;101;52,1;PAULISTA;Trafegar com motocicleta (ou similar) entre as faixas;Colisão lateral mesmo sentido;Com Vítimas Feridas;Pleno dia;Decrescente;Céu Claro;Dupla;"Reta;Declive";Sim;7;0;1;1;3;3;2;7;-7,92358799;-34,89607201;SPRF-PE;DEL01-PE;UOP02-DEL01-PE
598638;06/05/2024;segunda-feira;03:00:00;PA;316;24;BENEVIDES;Ausência de reação do condutor;Colisão traseira;Com Vítimas Feridas;Plena Noite;Decrescente;Ignorado;Dupla;"Reta;Retorno Regulamentado";Não;2;0;0;1;0;1;1;2;-1,34599732;-48,25152822;SPRF-PA;DEL01-PA;UOP01-DEL01-PA
598642;06/05/2024;segunda-feira;10:55:00;SE;101;185;UMBAUBA;Acessar a via sem observar a presença dos outros veículos;Colisão transversal;Com Vítimas Feridas;Pleno dia;Decrescente;Céu Claro;Simples;"Retorno Regulamentado;Reta;Em Obras";Não;8;0;5;0;1;2;5;5;-11,39819133;-37,68082023;SPRF-SE;DEL02-SE;UOP03-DEL02-SE
598644;28/04/2024;domingo;22:30:00;PR;277;234,3;FERNANDES PINHEIRO;Transitar na contramão;Colisão lateral sentido oposto;Com Vítimas Feridas;Plena Noite;Decrescente;Garoa/Chuvisco;Simples;"Declive;Reta";Não;3;0;0;1;1;1;1;3;-25,46495211;-50,57736933;SPRF-PR;DEL08-PR;UOP02-DEL08-PR
598646;06/05/2024;segunda-feira;10:45:00;PR;376;367;ORTIGUEIRA;Reação tardia ou ineficiente do condutor;Colisão frontal;Com Vítimas Feridas;Pleno dia;Crescente;Céu Claro;Simples;Reta;Não;2;0;1;0;1;0;1;2;-24,35710549;-50,82000732;SPRF-PR;DEL07-PR;UOP02-DEL07-PR
598661;06/05/2024;segunda-feira;14:50:00;ES;101;293;CARIACICA;Suicídio (presumido);Atropelamento de Pedestre;Com Vítimas Feridas;Pleno dia;Crescente;Céu Claro;Dupla;Reta;Sim;4;0;0;1;1;2;1;3;-20,31526144;-40,39567044;SPRF-ES;DEL01-ES;UOP01-DEL01-ES
598662;06/05/2024;segunda-feira;11:20:00;PR;373;275;PRUDENTOPOLIS;Reação tardia ou ineficiente do condutor;Colisão frontal;Com Vítimas Feridas;Pleno dia;Crescente;Céu Claro;Simples;Reta;Não;5;0;1;0;3;5;1;8;-25,25482841;-51,06799702;SPRF-PR;DEL08-PR;UOP01-DEL08-PR
598664;06/05/2024;segunda-feira;14:45:00;MG;50;65,4;UBERLANDIA;Reação tardia ou ineficiente do condutor;Tombamento;Com Vítimas Feridas;Pleno dia;Crescente;Céu Claro;Dupla;Retorno Regulamentado;Não;2;0;1;0;0;1;1;2;-18,85140204;-48,25345932;SPRF-MG;DEL15-MG;UOP02-DEL15-MG
598665;06/05/2024;segunda-feira;14:00:00;BA;324;559;AMELIA RODRIGUES;Manobra de mudança de faixa;Colisão lateral mesmo sentido;Sem Vítimas;Pleno dia;Crescente;Nublado;Dupla;Reta;Não;3;0;0;0;2;3;0;5;-12,494389;-38,651185;SPRF-BA;DEL01-BA;UOP03-DEL01-BA
598670;06/05/2024;segunda-feira;15:20:00;ES;101;272;SERRA;Condutor deixou de manter distância do veículo da frente;Colisão traseira;Com Vítimas Feridas;Pleno dia;Decrescente;Céu Claro;Dupla;"Reta;Aclive";Sim;2;0;1;0;0;1;1;2;-20,22724888;-40,28426988;SPRF-ES;DEL02-ES;UOP01-DEL02-ES
598672;06/05/2024;segunda-feira;14:00:00;AL;104;40;UNIAO DOS PALMARES;Velocidade Incompatível;Colisão traseira;Com Vítimas Feridas;Pleno dia;Decrescente;Céu Claro;Simples;Curva;Não;2;0;1;0;1;0;1;2;-9,19644007;-36,03112528;SPRF-AL;DEL01-AL;UOP02-DEL01-AL
598685;06/05/2024;segunda-feira;15:40:00;BA;367;23;PORTO SEGURO;Acessar a via sem observar a presença dos outros veículos;Tombamento;Com Vítimas Feridas;Pleno dia;Crescente;Nublado;Simples;Curva;Sim;3;0;1;0;1;1;1;2;-16,43517732;-39,07201198;SPRF-BA;DEL09-BA;UOP03-DEL09-BA
598686;06/05/2024;segunda-feira;12:10:00;PA;308;153;CAPANEMA;Ausência de reação do condutor;Colisão traseira;Com Vítimas Feridas;Pleno dia;Decrescente;Chuva;Simples;Reta;Sim;2;0;1;0;0;1;1;2;-1,2039773;-47,1668111;SPRF-PA;DEL01-PA;UOP03-DEL01-PA
598688;06/05/2024;segunda-feira;17:00:00;PE;101;35;ITAPISSUMA;Manobra de mudança de faixa;Colisão lateral mesmo sentido;Com Vítimas Feridas;Anoitecer;Decrescente;Chuva;Dupla;"Reta;Declive";Não;4;0;2;0;1;2;2;4;-7,77952193;-34,93231384;SPRF-PE;DEL01-PE;UOP02-DEL01-PE
598690;06/05/2024;segunda-feira;16:30:00;PR;277;586;CASCAVEL;Desrespeitar a preferência no cruzamento;Colisão transversal;Com Vítimas Feridas;Pleno dia;Crescente;Céu Claro;Simples;Interseção de Vias;Sim;3;0;1;0;1;1;1;3;-24,9649472;-53,4210459;SPRF-PR;DEL04-PR;UOP01-DEL04-PR
598692;06/05/2024;segunda-feira;17:28:00;ES;101;123;SOORETAMA;Velocidade Incompatível;Colisão transversal;Com Vítimas Feridas;Pleno dia;Crescente;Céu Claro;Simples;"Reta;Retorno Regulamentado";Sim;4;0;1;0;2;3;1;5;-19,16834502;-40,08717096;SPRF-ES;DEL04-ES;UOP01-DEL04-ES
598693;06/05/2024;segunda-feira;16:40:00;PE;101;75,3;RECIFE;Trafegar com motocicleta (ou similar) entre as faixas;Colisão lateral mesmo sentido;Com Vítimas Feridas;Anoitecer;Crescente;Chuva;Dupla;Reta;Sim;3;0;1;0;0;2;1;3;-8,10973523;-34,94660151;SPRF-PE;DEL01-PE;UOP01-DEL01-PE
598702;06/05/2024;segunda-feira;15:58:00;SC;282;340;CAMPOS NOVOS;Reação tardia ou ineficiente do condutor;Colisão lateral sentido oposto;Com Vítimas Feridas;Pleno dia;Decrescente;Céu Claro;Simples;"Reta;Declive";Sim;4;0;2;0;1;1;2;4;-27,388266;-51,203793;SPRF-SC;DEL07-SC;UOP06-DEL07-SC
598706;06/05/2024;segunda-feira;16:13:00;AL;104;2;SAO JOSE DA LAJE;Velocidade Incompatível;Colisão lateral sentido oposto;Com Vítimas Feridas;Pleno dia;Crescente;Chuva;Simples;"Curva;Declive";Não;7;0;5;0;1;1;5;3;-8,91700729;-36,0180264;SPRF-AL;DEL01-AL;UOP02-DEL01-AL
598707;06/05/2024;segunda-feira;05:00:00;MG;251;238,5;SANTA CRUZ DE SALINAS;Ausência de reação do condutor;Saída de leito carroçável;Com Vítimas Feridas;Amanhecer;Decrescente;Céu Claro;Simples;"Reta;Aclive";Não;2;0;1;0;0;1;1;2;-15,98855939;-41,75328255;SPRF-MG;DEL12-MG;UOP02-DEL12-MG
598709;06/05/2024;segunda-feira;17:56:00;PE;101;79;JABOATAO DOS GUARARAPES;Condutor deixou de manter distância do veículo da frente;Engavetamento;Com Vítimas Feridas;Pleno dia;Crescente;Chuva;Dupla;Curva;Sim;5;0;2;0;3;0;2;3;-8,14366112;-34,94723453;SPRF-PE;DEL01-PE;UOP01-DEL01-PE
598727;06/05/2024;segunda-feira;19:50:00;BA;116;326;ARACI;Reação tardia ou ineficiente do condutor;Colisão traseira;Com Vítimas Feridas;Plena Noite;Crescente;Céu Claro;Simples;Reta;Não;2;0;0;1;0;1;1;2;-11,3811;-38,9655;SPRF-BA;DEL02-BA;UOP01-DEL02-BA
598738;06/05/2024;segunda-feira;15:30:00;PR;153;185;TIBAGI;Reação tardia ou ineficiente do condutor;Colisão frontal;Com Vítimas Fatais;Pleno dia;Crescente;Céu Claro;Simples;"Aclive;Reta";Não;3;1;0;0;1;2;0;4;-24,39889538;-50,33811571;SPRF-PR;DEL03-PR;UOP02-DEL03-PR
598739;06/05/2024;segunda-feira;17:10:00;SC;480;129,6;CHAPECO;Demais falhas mecânicas ou elétricas;Saída de leito carroçável;Sem Vítimas;Pleno dia;Decrescente;Céu Claro;Múltipla;"Curva;Declive";Sim;2;0;0;0;0;2;0;2;-27,0521431;-52,63541031;SPRF-SC;DEL07-SC;UOP01-DEL07-SC
598750;06/05/2024;segunda-feira;23:30:00;PR;163;145;SANTA LUCIA;Condutor Dormindo;Colisão traseira;Com Vítimas Feridas;Plena Noite;Crescente;Céu Claro;Dupla;"Reta;Aclive";Não;3;0;1;0;1;1;1;3;-25,460586;-53,582651;SPRF-PR;DEL05-PR;UOP05-DEL05-PR
598752;06/05/2024;segunda-feira;23:02:00;SC;280;43,2;GUARAMIRIM;Reação tardia ou ineficiente do condutor;Saída de leito carroçável;Com Vítimas Feridas;Plena Noite;Crescente;Céu Claro;Simples;"Reta;Desvio Temporário;Em Obras";Não;2;0;1;0;0;1;1;2;-26,45118786;-48,87789901;SPRF-SC;DEL03-SC;UOP03-DEL03-SC
598753;06/05/2024;segunda-feira;01:20:00;RR;174;291;CARACARAI;Condutor Dormindo;Tombamento;Sem Vítimas;Plena Noite;Decrescente;Chuva;Simples;Reta;Não;2;0;0;0;1;3;0;4;1,431452;-60,714272;SPRF-RR;DEL01-RR;UOP01-DEL01-RR
598756;07/05/2024;terça-feira;03:40:00;SP;116;514;CAJATI;Demais falhas mecânicas ou elétricas;Incêndio;Sem Vítimas;Amanhecer;Crescente;Céu Claro;Simples;Reta;Não;2;0;0;0;1;1;0;2;-24,8622468;-48,21824312;SPRF-SP;DEL05-SP;UOP02-DEL05-SP
598758;07/05/2024;terça-feira;02:00:00;MT;70;12,9;BARRA DO GARCAS;Animais na Pista;Atropelamento de Animal;Sem Vítimas;Plena Noite;Decrescente;Céu Claro;Simples;Curva;Não;2;0;0;0;1;3;0;4;-15,87933551;-52,36195898;SPRF-MT;DEL07-MT;UOP01-DEL07-MT
598759;07/05/2024;terça-feira;05:40:00;MG;50;169,9;UBERABA;Demais falhas mecânicas ou elétricas;Colisão com objeto;Com Vítimas Feridas;Amanhecer;Decrescente;Céu Claro;Dupla;Declive;Sim;2;0;1;0;0;1;1;2;-19,72771598;-47,98120608;SPRF-MG;DEL13-MG;UOP01-DEL13-MG
598766;06/05/2024;segunda-feira;20:00:00;SP;116;199;ARUJA;Reação tardia ou ineficiente do condutor;Colisão traseira;Sem Vítimas;Plena Noite;Crescente;Céu Claro;Múltipla;"Reta;Aclive";Sim;2;0;0;0;2;0;0;2;-23,40185327;-46,31154312;SPRF-SP;DEL01-SP;UOP01-DEL01-SP
598769;07/05/2024;terça-feira;06:25:00;SP;153;14,7;NOVA GRANADA;Condutor deixou de manter distância do veículo da frente;Colisão traseira;Com Vítimas Feridas;Pleno dia;Decrescente;Céu Claro;Simples;"Ponte;Reta";Não;3;0;2;0;1;0;2;2;-20,4189259;-49,26722717;SPRF-SP;DEL09-SP;UOP01-DEL09-SP
598770;07/05/2024;terça-feira;06:30:00;PB;230;314,6;SAO MAMEDE;Condutor Dormindo;Colisão lateral sentido oposto;Com Vítimas Feridas;Pleno dia;Crescente;Chuva;Simples;Reta;Não;3;0;1;0;2;0;1;2;-6,9412;-37,1016;SPRF-PB;DEL03-PB;UOP01-DEL03-PB
598773;07/05/2024;terça-feira;06:45:00;RJ;40;59;PETROPOLIS;Reação tardia ou ineficiente do condutor;Tombamento;Com Vítimas Feridas;Pleno dia;Decrescente;Céu Claro;Dupla;Curva;Sim;4;0;1;0;2;1;1;3;-22,38628773;-43,13543464;SPRF-RJ;DEL05-RJ;UOP02-DEL05-RJ
598781;07/05/2024;terça-feira;07:35:00;SC;470;62;INDAIAL;Trafegar com motocicleta (ou similar) entre as faixas;Colisão transversal;Com Vítimas Feridas;Pleno dia;Decrescente;Céu Claro;Dupla;"Interseção de Vias;Reta;Declive";Não;2;0;0;1;1;0;1;2;-26,874521;-49,182938;SPRF-SC;DEL04-SC;UOP01-DEL04-SC
598789;07/05/2024;terça-feira;07:30:00;MS;60;515,4;MARACAJU;Reação tardia ou ineficiente do condutor;Tombamento;Com Vítimas Feridas;Pleno dia;Crescente;Céu Claro;Simples;"Curva;Declive";Não;1;0;0;1;0;0;1;1;-21,17477404;-55,6368241;SPRF-MS;DEL05-MS;UOP01-DEL05-MS