id;data_inversa;dia_semana;horario;uf;br;km;municipio;causa_acidente;tipo_acidente;classificacao_acidente;fase_dia;sentido_via;condicao_metereologica;tipo_pista;tracado_via;uso_solo;pessoas;mortos;feridos_leves;feridos_graves;ilesos;ignorados;feridos;veiculos;latitude;longitude;regional;delegacia;uop
599746;11/05/2024;sábado;12:25:00;BA;101;743,7;ITABELA;Acessar a via sem observar a presença dos outros veículos;Colisão frontal;Com Vítimas Feridas;Pleno dia;Crescente;Céu Claro;Simples;"Reta;Declive";Não;2;0;1;0;1;0;1;2;-16,564203;-39,563851;SPRF-BA;DEL09-BA;UOP01-DEL09-BA
599747;22/04/2024;segunda-feira;04:10:00;PB;230;409;POMBAL;Animais na Pista;Atropelamento de Animal;Com Vítimas Feridas;Plena Noite;Crescente;Céu Claro;Simples;Reta;Não;4;0;1;0;3;0;1;1;-6,7577;-37,7916;SPRF-PB;DEL03-PB;UOP02-DEL03-PB
599748;11/05/2024;sábado;09:45:00;SP;116;22,1;LAVRINHAS;Velocidade Incompatível;Tombamento;Com Vítimas Feridas;Pleno dia;Decrescente;Céu Claro;Dupla;Curva;Não;2;0;1;0;0;1;1;2;-22,58368521;-44,87772952;SPRF-SP;DEL08-SP;UOP02-DEL08-SP
599749;11/05/2024;sábado;09:25:00;MT;163;835;SINOP;Ausência de reação do condutor;Colisão lateral mesmo sentido;Com Vítimas Feridas;Pleno dia;Decrescente;Céu Claro;Dupla;Reta;Sim;4;0;1;0;2;1;1;3;-11,986895;-55,517033;SPRF-MT;DEL06-MT;UOP02-DEL06-MT
599754;11/05/2024;sábado;12:39:00;RS;116;40,4;VACARIA;Acessar a via sem observar a presença dos outros veículos;Colisão transversal;Com Vítimas Feridas;Pleno dia;Crescente;Nublado;Simples;"Rotatória;Interseção de Vias;Retorno Regulamentado;Reta";Sim;3;0;1;0;2;0;1;2;-28,51839098;-50,93942202;SPRF-RS;DEL05-RS;UOP03-DEL05-RS
599758;11/05/2024;sábado;07:00:00;MG;153;43;MONTE ALEGRE DE MINAS;Ausência de reação do condutor;Saída de leito carroçável;Com Vítimas Fatais;Pleno dia;Decrescente;Céu Claro;Dupla;Curva;Não;2;1;0;0;0;1;0;2;-18,76410695;-49,07452386;SPRF-MG;DEL15-MG;UOP03-DEL15-MG
599764;11/05/2024;sábado;14:23:00;PB;230;26;JOAO PESSOA;Manobra de mudança de faixa;Colisão lateral mesmo sentido;Com Vítimas Feridas;Pleno dia;Crescente;Céu Claro;Múltipla;Reta;Sim;2;0;1;0;1;0;1;2;-7,1693;-34,8782;SPRF-PB;DEL01-PB;UOP01-DEL01-PB
599768;11/05/2024;sábado;13:50:00;RO;364;293,8;PRESIDENTE MEDICI;Ultrapassagem Indevida;Colisão lateral mesmo sentido;Com Vítimas Feridas;Pleno dia;Decrescente;Sol;Simples;"Reta;Declive";Não;4;0;1;1;1;3;2;5;-11,30051155;-61,89216614;SPRF-RO;DEL02-RO;UOP01-DEL02-RO
599772;11/05/2024;sábado;11:10:00;RO;364;710;PORTO VELHO;Acessar a via sem observar a presença dos outros veículos;Colisão transversal;Com Vítimas Feridas;Pleno dia;Decrescente;Céu Claro;Dupla;Interseção de Vias;Sim;3;0;0;1;1;1;1;3;-8,78621576;-63,85712687;SPRF-RO;DEL01-RO;UOP01-DEL01-RO
599775;11/05/2024;sábado;14:40:00;MG;381;675,3;PERDOES;Velocidade Incompatível;Colisão com objeto;Com Vítimas Feridas;Pleno dia;Crescente;Céu Claro;Dupla;Curva;Sim;3;0;2;0;1;0;2;2;-21,11551592;-45,09411331;SPRF-MG;DEL04-MG;UOP02-DEL04-MG
599777;11/05/2024;sábado;15:30:00;GO;60;43,9;ALEXANIA;Reação tardia ou ineficiente do condutor;Colisão traseira;Com Vítimas Feridas;Pleno dia;Crescente;Céu Claro;Dupla;Reta;Sim;4;0;1;0;2;1;1;3;-16,1164;-48,5892;SPRF-GO;DEL02-GO;UOP01-DEL02-GO
599784;11/05/2024;sábado;12:00:00;PR;376;52,4;LOANDA;Reação tardia ou ineficiente do condutor;Colisão traseira;Com Vítimas Feridas;Pleno dia;Crescente;Céu Claro;Simples;Reta;Não;4;0;0;1;2;5;1;7;-22,90587281;-52,90109587;SPRF-PR;DEL09-PR;UOP02-DEL09-PR
599792;11/05/2024;sábado;15:45:00;RJ;101;252;SILVA JARDIM;Condutor deixou de manter distância do veículo da frente;Colisão traseira;Com Vítimas Feridas;Pleno dia;Crescente;Céu Claro;Dupla;Reta;Não;2;0;0;1;1;0;1;2;-22,68214756;-42,53377419;SPRF-RJ;DEL02-RJ;UOP03-DEL02-RJ
599793;11/05/2024;sábado;15:40:00;MS;267;240,7;NOVA ALVORADA DO SUL;Avarias e/ou desgaste excessivo no pneu;Colisão com objeto;Com Vítimas Feridas;Pleno dia;Decrescente;Céu Claro;Simples;Reta;Não;2;0;0;1;0;1;1;2;-21,48567886;-54,29779898;SPRF-MS;DEL02-MS;UOP01-DEL02-MS
599801;11/05/2024;sábado;13:45:00;SC;101;121;ITAJAI;Reação tardia ou ineficiente do condutor;Colisão traseira;Com Vítimas Feridas;Pleno dia;Crescente;Céu Claro;Dupla;Reta;Sim;2;0;1;0;0;1;1;2;-26,92103178;-48,70856446;SPRF-SC;DEL04-SC;UOP04-DEL04-SC
599805;11/05/2024;sábado;18:00:00;GO;40;8,8;VALPARAISO DE GOIAS;Reação tardia ou ineficiente do condutor;Colisão transversal;Com Vítimas Feridas;Plena Noite;Crescente;Céu Claro;Dupla;Reta;Sim;2;0;1;0;1;0;1;2;-16,11597007;-47,96736717;SPRF-DF;DEL01-DF;UOP01-DEL01-DF
599826;11/05/2024;sábado;18:00:00;BA;242;872;LUIS EDUARDO MAGALHAES;Transitar na contramão;Colisão frontal;Com Vítimas Fatais;Anoitecer;Decrescente;Céu Claro;Simples;Reta;Não;8;1;4;2;1;0;6;4;-12,07954714;-45,70585012;SPRF-BA;DEL10-BA;UOP01-DEL10-BA
599839;11/05/2024;sábado;19:40:00;PR;376;187;MARINGA;Velocidade Incompatível;Colisão traseira;Com Vítimas Feridas;Plena Noite;Crescente;Céu Claro;Dupla;Reta;Sim;7;0;0;2;4;1;2;5;-23,45577333;-51,84656918;SPRF-PR;DEL09-PR;UOP01-DEL09-PR
599840;11/05/2024;sábado;13:20:00;MT;70;236;POXOREO;Reação tardia ou ineficiente do condutor;Colisão lateral sentido oposto;Sem Vítimas;Pleno dia;Crescente;Sol;Simples;Aclive;Não;5;0;0;0;3;2;0;4;-15,62905226;-53,99344204;SPRF-MT;DEL05-MT;UOP01-DEL05-MT
599865;29/04/2024;segunda-feira;09:25:00;MG;40;38,8;PARACATU;Acessar a via sem observar a presença dos outros veículos;Colisão transversal;Com Vítimas Feridas;Pleno dia;Crescente;Céu Claro;Simples;Reta;Sim;5;0;1;1;1;2;2;5;-17,21050388;-46,89942099;SPRF-MG;DEL14-MG;UOP01-DEL14-MG
599874;11/05/2024;sábado;22:50:00;MG;251;415;GRAO MOGOL;Transitar na contramão;Colisão frontal;Com Vítimas Fatais;Plena Noite;Decrescente;Céu Claro;Simples;Reta;Não;3;2;0;0;1;0;0;3;-16,2964018;-43,04220808;SPRF-MG;DEL12-MG;UOP01-DEL12-MG
599876;11/05/2024;sábado;23:50:00;BA;116;859;VITORIA DA CONQUISTA;Reação tardia ou ineficiente do condutor;Colisão lateral mesmo sentido;Com Vítimas Feridas;Plena Noite;Crescente;Céu Claro;Simples;Reta;Não;4;0;1;0;2;1;1;3;-15,12074;-41,03284;SPRF-BA;DEL08-BA;UOP01-DEL08-BA
599878;11/05/2024;sábado;15:00:00;RJ;116;27,3;SAPUCAIA;Ausência de reação do condutor;Tombamento;Com Vítimas Feridas;Pleno dia;Decrescente;Céu Claro;Simples;Curva;Não;2;0;1;0;0;1;1;2;-22,05084092;-42,78853;SPRF-RJ;DEL05-RJ;UOP01-DEL05-RJ
599891;11/05/2024;sábado;20:10:00;SC;116;58;PAPANDUVA;Reação tardia ou ineficiente do condutor;Colisão lateral mesmo sentido;Sem Vítimas;Plena Noite;Crescente;Nublado;Simples;Reta;Não;3;0;0;0;1;3;0;4;-26,37772259;-50,19785907;SPRF-SC;DEL06-SC;UOP02-DEL06-SC
599903;12/05/2024;domingo;00:40:00;MG;251;417,5;GRAO MOGOL;Ausência de reação do condutor;Engavetamento;Com Vítimas Fatais;Plena Noite;Decrescente;Céu Claro;Simples;Reta;Não;5;1;0;0;2;2;0;5;-16,2964018;-43,04220808;SPRF-MG;DEL12-MG;UOP01-DEL12-MG
599906;12/05/2024;domingo;01:54:00;RN;406;152;CEARA-MIRIM;Ingestão de álcool pelo condutor;Colisão frontal;Com Vítimas Feridas;Plena Noite;Crescente;Chuva;Simples;Reta;Não;4;0;0;1;3;0;1;2;-5,65651272;-35,41672366;SPRF-RN;DEL02-RN;UOP01-DEL02-RN
599918;12/05/2024;domingo;00:00:00;MT;163;1013;TERRA NOVA DO NORTE;Demais falhas mecânicas ou elétricas;Tombamento;Sem Vítimas;Plena Noite;Crescente;Céu Claro;Simples;"Reta;Aclive";Não;2;0;0;0;1;3;0;4;-10,51022501;-55,07439093;SPRF-MT;DEL06-MT;UOP03-DEL06-MT
599930;12/05/2024;domingo;03:30:00;MA;10;258;IMPERATRIZ;Condutor Dormindo;Colisão traseira;Com Vítimas Feridas;Plena Noite;Decrescente;Céu Claro;Simples;Interseção de Vias;Sim;5;0;2;0;2;3;2;5;-5,481554;-47,472092;SPRF-MA;DEL04-MA;UOP01-DEL04-MA
599937;11/05/2024;sábado;21:30:00;MA;135;85,3;ITAPECURU MIRIM;Acessar a via sem observar a presença dos outros veículos;Colisão transversal;Com Vítimas Fatais;Plena Noite;Crescente;Chuva;Simples;Reta;Não;4;1;0;0;0;5;0;6;-3,25681079;-44,38822426;SPRF-MA;DEL01-MA;UOP02-DEL01-MA
599940;11/05/2024;sábado;22:45:00;BA;367;46;PORTO SEGURO;Acessar a via sem observar a presença dos outros veículos;Colisão traseira;Com Vítimas Feridas;Plena Noite;Crescente;Céu Claro;Simples;"Reta;Em Obras";Não;2;0;0;1;1;0;1;2;-16,37147208;-39,26193802;SPRF-BA;DEL09-BA;UOP03-DEL09-BA
599953;14/03/2024;quinta-feira;14:05:00;ES;262;119;CONCEICAO DO CASTELO;Reação tardia ou ineficiente do condutor;Colisão frontal;Com Vítimas Fatais;Pleno dia;Decrescente;Céu Claro;Simples;Curva;Não;2;1;1;0;0;0;1;2;-20,30782485;-41,23182431;SPRF-ES;DEL01-ES;UOP02-DEL01-ES
599956;12/05/2024;domingo;02:15:00;PI;135;403;REDENCAO DO GURGUEIA;Demais falhas mecânicas ou elétricas;Incêndio;Sem Vítimas;Plena Noite;Decrescente;Ignorado;Simples;Reta;Não;3;0;0;0;3;0;0;1;-9,42800592;-44,5963177;SPRF-PI;DEL03-PI;UOP02-DEL03-PI
599959;12/05/2024;domingo;05:45:00;PR;153;486,7;GENERAL CARNEIRO;Objeto estático sobre o leito carroçável;Saída de leito carroçável;Sem Vítimas;Amanhecer;Decrescente;Céu Claro;Simples;Curva;Não;2;0;0;0;1;1;0;2;-26,40063423;-51,2858963;SPRF-PR;DEL02-PR;UOP03-DEL02-PR
599969;04/02/2024;domingo;15:00:00;MT;70;514;VARZEA GRANDE;Condutor desrespeitou a iluminação vermelha do semáforo;Colisão transversal;Sem Vítimas;Pleno dia;Decrescente;Nublado;Simples;Interseção de Vias;Sim;4;0;0;0;3;2;0;4;-15,70634076;-56,13696098;SPRF-MT;DEL01-MT;UOP02-DEL01-MT
599975;12/05/2024;domingo;09:00:00;RO;364;210,2;PIMENTA BUENO;Ingestão de álcool pelo condutor;Colisão frontal;Com Vítimas Fatais;Pleno dia;Decrescente;Céu Claro;Simples;Curva;Não;4;2;0;0;1;1;0;3;-11,58867839;-61,25701904;SPRF-RO;DEL02-RO;UOP02-DEL02-RO
599978;12/05/2024;domingo;09:40:00;GO;153;280;NOVA GLORIA;Ausência de reação do condutor;Saída de leito carroçável;Com Vítimas Feridas;Pleno dia;Decrescente;Céu Claro;Simples;"Reta;Aclive";Não;2;0;1;0;0;1;1;2;-15,134809;-49,518436;SPRF-GO;DEL07-GO;UOP02-DEL07-GO
599997;12/05/2024;domingo;11:30:00;MG;40;492,5;ESMERALDAS;Velocidade Incompatível;Colisão com objeto;Com Vítimas Feridas;Pleno dia;Decrescente;Céu Claro;Dupla;"Curva;Declive";Não;4;0;1;0;3;0;1;2;-19,63737896;-44,20372986;SPRF-MG;DEL02-MG;UOP01-DEL02-MG
600011;12/05/2024;domingo;13:30:00;GO;452;1;RIO VERDE;Manobra de mudança de faixa;Colisão traseira;Com Vítimas Fatais;Pleno dia;Decrescente;Céu Claro;Dupla;Reta;Sim;9;1;1;0;6;1;1;3;-17,79126493;-50,89368296;SPRF-GO;DEL04-GO;UOP01-DEL04-GO
600013;12/05/2024;domingo;12:45:00;MT;163;751;SORRISO;Acessar a via sem observar a presença dos outros veículos;Colisão transversal;Com Vítimas Feridas;Pleno dia;Decrescente;Céu Claro;Dupla;"Reta;Interseção de Vias";Sim;3;0;1;0;1;1;1;3;-12,56489948;-55,72247386;SPRF-MT;DEL06-MT;UOP01-DEL06-MT
600019;12/05/2024;domingo;12:00:00;BA;101;258;SANTO ANTONIO DE JESUS;Ingestão de álcool pelo condutor;Engavetamento;Com Vítimas Feridas;Pleno dia;Crescente;Sol;Simples;"Reta;Aclive";Não;4;0;2;0;2;0;2;3;-13,04898597;-39,28532574;SPRF-BA;DEL01-BA;UOP02-DEL01-BA
600021;12/05/2024;domingo;09:10:00;RJ;116;248;PIRAI;Acesso irregular;Atropelamento de Pedestre;Com Vítimas Fatais;Pleno dia;Crescente;Céu Claro;Dupla;"Curva;Aclive";Não;3;1;0;0;1;1;0;3;-22,59976123;-43,94042912;SPRF-RJ;DEL07-RJ;UOP01-DEL07-RJ
600024;12/05/2024;domingo;15:00:00;PA;316;119;SANTA MARIA DO PARA;Transitar no Acostamento;Colisão lateral mesmo sentido;Com Vítimas Fatais;Pleno dia;Crescente;Céu Claro;Simples;Reta;Sim;4;1;0;0;1;2;0;4;-1,31062901;-47,443276;SPRF-PA;DEL01-PA;UOP02-DEL01-PA
600027;12/05/2024;domingo;10:30:00;RS;285;182,4;CAPAO BONITO DO SUL;Velocidade Incompatível;Saída de leito carroçável;Com Vítimas Feridas;Pleno dia;Decrescente;Nublado;Simples;Curva;Não;3;0;2;0;0;1;2;2;-28,290833;-51,422482;SPRF-RS;DEL08-RS;UOP05-DEL08-RS
600034;12/05/2024;domingo;14:00:00;TO;153;581;SANTA RITA DO TOCANTINS;Transitar na contramão;Colisão frontal;Com Vítimas Fatais;Pleno dia;Crescente;Céu Claro;Simples;Reta;Não;3;1;0;0;1;1;0;3;-10,92688601;-48,90850887;SPRF-TO;DEL01-TO;UOP01-DEL01-TO
600037;12/05/2024;domingo;14:15:00;CE;116;141,8;RUSSAS;Velocidade Incompatível;Saída de leito carroçável;Sem Vítimas;Pleno dia;Decrescente;Nublado;Simples;Curva;Não;2;0;0;0;1;1;0;2;-4,75795993;-38,05953766;SPRF-CE;DEL03-CE;UOP01-DEL03-CE
600042;12/05/2024;domingo;16:50:00;RS;101;76;OSORIO;Pedestre cruzava a pista fora da faixa;Atropelamento de Pedestre;Com Vítimas Fatais;Pleno dia;Decrescente;Chuva;Dupla;Reta;Sim;3;1;0;0;1;1;0;3;-29,797214;-50,232099;SPRF-RS;DEL03-RS;UOP01-DEL03-RS
600061;12/05/2024;domingo;17:30:00;SP;116;380;MIRACATU;Condutor Dormindo;Saída de leito carroçável;Com Vítimas Feridas;Anoitecer;Crescente;Céu Claro;Dupla;Reta;Não;3;0;1;0;1;1;1;2;-24,21753686;-47,36651776;SPRF-SP;DEL04-SP;UOP02-DEL04-SP
600097;12/05/2024;domingo;18:40:00;PB;230;233,6;JUAZEIRINHO;Manobra de mudança de faixa;Colisão frontal;Com Vítimas Fatais;Plena Noite;Crescente;Céu Claro;Simples;Reta;Não;3;1;0;0;1;1;0;3;-7,039602;-36,513313;SPRF-PB;DEL02-PB;UOP02-DEL02-PB
600102;12/05/2024;domingo;18:40:00;PA;10;27,8;DOM ELISEU;Transitar na contramão;Colisão lateral sentido oposto;Com Vítimas Feridas;Anoitecer;Decrescente;Céu Claro;Simples;"Aclive;Reta";Não;9;0;0;4;4;1;4;4;-4,216738;-47,54512;SPRF-PA;DEL02-PA;UOP02-DEL02-PA
600107;12/05/2024;domingo;20:38:00;MS;163;179;JUTI;Transitar na contramão;Saída de leito carroçável;Com Vítimas Feridas;Plena Noite;Crescente;Céu Claro;Simples;Reta;Não;2;0;1;0;0;1;1;2;-22,83983611;-54,67208409;SPRF-MS;DEL09-MS;UOP01-DEL09-MS
600110;12/05/2024;domingo;18:35:00;AL;101;30,7;JOAQUIM GOMES;Transitar na contramão;Colisão lateral sentido oposto;Com Vítimas Feridas;Plena Noite;Crescente;Nublado;Simples;Curva;Não;3;0;1;0;1;1;1;3;-9,0847746;-35,7468078;SPRF-AL;DEL01-AL;UOP02-DEL01-AL
600112;12/05/2024;domingo;20:30:00;SP;116;515;CAJATI;Reação tardia ou ineficiente do condutor;Tombamento;Com Vítimas Feridas;Plena Noite;Decrescente;Céu Claro;Dupla;Curva;Não;1;0;1;0;0;0;1;1;-24,86704083;-48,21738184;SPRF-SP;DEL05-SP;UOP02-DEL05-SP
600114;12/05/2024;domingo;20:40:00;SP;116;516;CAJATI;Reação tardia ou ineficiente do condutor;Colisão lateral mesmo sentido;Com Vítimas Feridas;Plena Noite;Decrescente;Céu Claro;Simples;"Declive;Curva";Não;5;0;1;0;3;4;1;8;-24,87423036;-48,2190838;SPRF-SP;DEL05-SP;UOP02-DEL05-SP
600116;12/05/2024;domingo;19:30:00;BA;101;530;SAO JOSE DA VITORIA;Ultrapassagem Indevida;Colisão frontal;Com Vítimas Feridas;Plena Noite;Crescente;Céu Claro;Simples;Reta;Não;7;0;2;1;2;2;3;5;-15,13086315;-39,37770958;SPRF-BA;DEL05-BA;UOP01-DEL05-BA
600130;12/05/2024;domingo;21:50:00;SC;282;267,4;SAO JOSE DO CERRITO;Velocidade Incompatível;Colisão traseira;Com Vítimas Feridas;Plena Noite;Decrescente;Garoa/Chuvisco;Simples;Reta;Não;2;0;1;0;1;0;1;2;-27,62302053;-50,65692902;SPRF-SC;DEL05-SC;UOP02-DEL05-SC
600139;13/05/2024;segunda-feira;01:03:00;RO;364;240,6;CACOAL;Estacionar ou parar em local proibido;Colisão traseira;Sem Vítimas;Plena Noite;Crescente;Céu Claro;Simples;Aclive;Sim;3;0;0;0;1;4;0;5;-11,43579019;-61,47096987;SPRF-RO;DEL02-RO;UOP02-DEL02-RO
600143;13/05/2024;segunda-feira;03:00:00;PR;277;226;FERNANDES PINHEIRO;Reação tardia ou ineficiente do condutor;Colisão frontal;Com Vítimas Feridas;Plena Noite;Crescente;Céu Claro;Simples;Reta;Não;2;0;0;1;1;0;1;2;-25,45787055;-50,43363476;SPRF-PR;DEL08-PR;UOP02-DEL08-PR
600146;12/04/2024;sexta-feira;17:10:00;MT;70;136;GENERAL CARNEIRO;Acostamento em desnível;Tombamento;Sem Vítimas;Pleno dia;Decrescente;Céu Claro;Simples;Reta;Não;2;0;0;0;1;3;0;4;-15,59324648;-53,24689506;SPRF-MT;DEL07-MT;UOP01-DEL07-MT
600154;13/05/2024;segunda-feira;05:32:00;MG;251;522,5;MONTES CLAROS;Ausência de reação do condutor;Colisão com objeto;Com Vítimas Feridas;Amanhecer;Decrescente;Céu Claro;Simples;"Ponte;Reta";Não;4;0;1;1;1;1;2;3;-16,6754567;-43,7987724;SPRF-MG;DEL12-MG;UOP01-DEL12-MG
600159;13/05/2024;segunda-feira;05:50:00;GO;153;240;SAO LUIZ DO NORTE;Acessar a via sem observar a presença dos outros veículos;Colisão transversal;Com Vítimas Feridas;Amanhecer;Crescente;Céu Claro;Simples;Reta;Não;2;0;1;0;1;0;1;2;-14,839545;-49,309708;SPRF-GO;DEL07-GO;UOP02-DEL07-GO
600173;13/05/2024;segunda-feira;06:50:00;MG;50;36;ARAGUARI;Falta de acostamento;Colisão lateral mesmo sentido;Com Vítimas Feridas;Amanhecer;Decrescente;Céu Claro;Dupla;Reta;Sim;2;0;0;1;1;0;1;2;-18,65453092;-48,14727203;SPRF-MG;DEL15-MG;UOP02-DEL15-MG
600175;13/05/2024;segunda-feira;05:40:00;PI;135;365;BOM JESUS;Ausência de reação do condutor;Saída de leito carroçável;Sem Vítimas;Amanhecer;Decrescente;Céu Claro;Simples;Curva;Não;2;0;0;0;1;2;0;3;-9,16377308;-44,42011951;SPRF-PI;DEL03-PI;UOP02-DEL03-PI
600177;13/05/2024;segunda-feira;05:30:00;AL;101;45,7;FLEXEIRAS;Velocidade Incompatível;Saída de leito carroçável;Sem Vítimas;Pleno dia;Crescente;Céu Claro;Dupla;Curva;Não;2;0;0;0;1;1;0;2;-9,20251191;-35,78756691;SPRF-AL;DEL01-AL;UOP02-DEL01-AL
600201;13/05/2024;segunda-feira;06:06:00;RJ;101;406;ITAGUAI;Velocidade Incompatível;Colisão traseira;Com Vítimas Feridas;Pleno dia;Decrescente;Céu Claro;Dupla;Reta;Sim;3;0;0;1;1;1;1;3;-22,87188798;-43,80896322;SPRF-RJ;DEL03-RJ;UOP01-DEL03-RJ
600202;13/05/2024;segunda-feira;07:55:00;PE;423;91,2;GARANHUNS;Ausência de reação do condutor;Colisão frontal;Com Vítimas Fatais;Pleno dia;Decrescente;Sol;Simples;"Reta;Declive";Sim;3;1;0;0;1;1;0;3;-8,85375408;-36,46278381;SPRF-PE;DEL03-PE;UOP01-DEL03-PE
600210;13/05/2024;segunda-feira;09:00:00;ES;259;20,4;JOAO NEIVA;Reação tardia ou ineficiente do condutor;Colisão lateral sentido oposto;Com Vítimas Feridas;Pleno dia;Decrescente;Céu Claro;Simples;Curva;Não;4;0;1;0;2;2;1;5;-19,65378613;-40,46226743;SPRF-ES;DEL02-ES;UOP01-DEL02-ES
600213;13/05/2024;segunda-feira;08:00:00;CE;116;127,2;RUSSAS;Transitar na contramão;Colisão lateral sentido oposto;Com Vítimas Feridas;Pleno dia;Decrescente;Céu Claro;Simples;Reta;Não;3;0;2;0;0;1;2;3;-4,66279813;-38,14804821;SPRF-CE;DEL03-CE;UOP01-DEL03-CE
600222;13/05/2024;segunda-feira;08:30:00;PR;277;38,1;MORRETES;Velocidade Incompatível;Tombamento;Com Vítimas Feridas;Pleno dia;Decrescente;Sol;Dupla;"Curva;Declive";Não;2;0;1;0;0;3;1;4;-25,57390607;-48,8555789;SPRF-PR;DEL01-PR;UOP05-DEL01-PR
600224;13/05/2024;segunda-feira;08:50:00;RJ;40;122;DUQUE DE CAXIAS;Trafegar com motocicleta (ou similar) entre as faixas;Colisão lateral mesmo sentido;Com Vítimas Fatais;Pleno dia;Crescente;Céu Claro;Múltipla;Reta;Não;5;1;1;0;2;2;1;5;-22,79083113;-43,28611569;SPRF-RJ;DEL01-RJ;UOP02-DEL01-RJ
600225;13/05/2024;segunda-feira;07:30:00;MG;262;670,9;IBIA;Condutor deixou de manter distância do veículo da frente;Colisão traseira;Sem Vítimas;Pleno dia;Crescente;Sol;Simples;"Reta;Em Obras";Não;4;0;0;0;3;1;0;2;-19,54647026;-46,79910015;SPRF-MG;DEL08-MG;UOP01-DEL08-MG
600230;13/05/2024;segunda-feira;10:00:00;RJ;101;179,4;MACAE;Reação tardia ou ineficiente do condutor;Colisão transversal;Com Vítimas Feridas;Pleno dia;Decrescente;Céu Claro;Simples;Curva;Não;10;0;4;0;6;0;4;3;-22,40006602;-41,99621581;SPRF-RJ;DEL08-RJ;UOP04-DEL08-RJ
600233;13/05/2024;segunda-feira;10:00:00;MS;60;407;SIDROLANDIA;Condutor Dormindo;Colisão lateral sentido oposto;Com Vítimas Feridas;Pleno dia;Decrescente;Céu Claro;Simples;Reta;Não;3;0;1;0;1;3;1;5;-20,85833487;-54,81938633;SPRF-MS;DEL01-MS;UOP04-DEL01-MS
600235;13/05/2024;segunda-feira;11:40:00;RS;470;218,8;BENTO GONCALVES;Ausência de reação do condutor;Colisão frontal;Com Vítimas Feridas;Pleno dia;Crescente;Chuva;Simples;Curva;Sim;3;0;1;1;1;0;2;2;-29,18917295;-51,52195215;SPRF-RS;DEL06-RS;UOP01-DEL06-RS
600238;13/05/2024;segunda-feira;10:25:00;MS;262;6;TRES LAGOAS;Reação tardia ou ineficiente do condutor;Tombamento;Com Vítimas Feridas;Pleno dia;Decrescente;Céu Claro;Dupla;"Reta;Interseção de Vias";Sim;2;0;1;0;1;0;1;2;-20,78420228;-51,6739583;SPRF-MS;DEL07-MS;UOP01-DEL07-MS
600240;13/05/2024;segunda-feira;12:02:00;RS;472;576;URUGUAIANA;Reação tardia ou ineficiente do condutor;Tombamento;Com Vítimas Feridas;Pleno dia;Decrescente;Nublado;Simples;Curva;Sim;2;0;1;0;0;1;1;2;-29,766502;-57,058228;SPRF-RS;DEL13-RS;UOP01-DEL13-RS
600241;13/05/2024;segunda-feira;12:10:00;MG;262;160;SAO DOMINGOS DO PRATA;Reação tardia ou ineficiente do condutor;Colisão frontal;Com Vítimas Feridas;Pleno dia;Crescente;Sol;Simples;"Reta;Em Obras";Não;3;0;1;0;1;1;1;3;-19,96282686;-42,83491942;SPRF-MG;DEL03-MG;UOP03-DEL03-MG
600242;13/05/2024;segunda-feira;12:15:00;SC;101;215,1;PALHOCA;Reação tardia ou ineficiente do condutor;Saída de leito carroçável;Com Vítimas Feridas;Pleno dia;Crescente;Chuva;Múltipla;Reta;Sim;2;0;1;0;0;1;1;2;-27,65184843;-48,67604941;SPRF-SC;DEL01-SC;UOP02-DEL01-SC
600243;13/05/2024;segunda-feira;11:40:00;MG;40;515;RIBEIRAO DAS NEVES;Ausência de reação do condutor;Saída de leito carroçável;Com Vítimas Feridas;Pleno dia;Decrescente;Céu Claro;Dupla;"Reta;Declive";Sim;1;0;0;1;0;0;1;1;-19,8090079;-44,09493479;SPRF-MG;DEL01-MG;UOP02-DEL01-MG
600244;13/05/2024;segunda-feira;12:20:00;PR;277;140;BALSA NOVA;Ausência de reação do condutor;Colisão traseira;Com Vítimas Feridas;Pleno dia;Crescente;Céu Claro;Simples;"Em Obras;Reta;Viaduto";Não;4;0;1;0;3;0;1;3;-25,464442;-49,729752;SPRF-PR;DEL03-PR;UOP03-DEL03-PR
600254;13/05/2024;segunda-feira;12:15:00;GO;50;170,3;CAMPO ALEGRE DE GOIAS;Avarias e/ou desgaste excessivo no pneu;Incêndio;Sem Vítimas;Pleno dia;Crescente;Sol;Dupla;Reta;Não;2;0;0;0;1;1;0;2;-17,328;-47,786;SPRF-GO;DEL06-GO;UOP01-DEL06-GO
600258;13/05/2024;segunda-feira;12:28:00;SC;116;267,7;CAPAO ALTO;Reação tardia ou ineficiente do condutor;Colisão traseira;Com Vítimas Feridas;Pleno dia;Decrescente;Chuva;Simples;"Rotatória;Interseção de Vias";Não;3;0;1;0;2;0;1;3;-27,95247066;-50,47994924;SPRF-SC;DEL05-SC;UOP02-DEL05-SC
600259;13/05/2024;segunda-feira;11:05:00;SC;470;327,1;CAMPOS NOVOS;Desrespeitar a preferência no cruzamento;Colisão transversal;Com Vítimas Feridas;Pleno dia;Decrescente;Chuva;Simples;Interseção de Vias;Não;3;0;2;0;1;0;2;2;-27,46696317;-51,27320766;SPRF-SC;DEL07-SC;UOP06-DEL07-SC
600261;13/05/2024;segunda-feira;12:45:00;BA;116;755;POCOES;Ultrapassagem Indevida;Colisão frontal;Com Vítimas Fatais;Pleno dia;Decrescente;Céu Claro;Simples;"Reta;Declive";Não;4;1;0;0;1;2;0;4;-14,50641995;-40,35949057;SPRF-BA;DEL08-BA;UOP02-DEL08-BA