id;data_inversa;dia_semana;horario;uf;br;km;municipio;causa_acidente;tipo_acidente;classificacao_acidente;fase_dia;sentido_via;condicao_metereologica;tipo_pista;tracado_via;uso_solo;pessoas;mortos;feridos_leves;feridos_graves;ilesos;ignorados;feridos;veiculos;latitude;longitude;regional;delegacia;uop
600591;14/05/2024;terça-feira;22:00:00;AL;101;45;FLEXEIRAS;Velocidade Incompatível;Tombamento;Com Vítimas Feridas;Plena Noite;Decrescente;Chuva;Dupla;Curva;Não;2;0;1;0;0;1;1;2;-9,20251191;-35,78756691;SPRF-AL;DEL01-AL;UOP02-DEL01-AL
600593;14/05/2024;terça-feira;17:10:00;BA;349;1043;CORRENTINA;Reação tardia ou ineficiente do condutor;Capotamento;Com Vítimas Feridas;Pleno dia;Crescente;Céu Claro;Simples;Reta;Não;2;0;1;0;0;1;1;2;-13,798735;-46,164127;SPRF-BA;DEL08-BA;N/A
600594;15/05/2024;quarta-feira;05:15:00;PR;277;231;FERNANDES PINHEIRO;Reação tardia ou ineficiente do condutor;Tombamento;Com Vítimas Feridas;Amanhecer;Decrescente;Céu Claro;Simples;"Reta;Aclive";Não;1;0;0;1;0;0;1;1;-25,47102707;-50,47003802;SPRF-PR;DEL08-PR;UOP02-DEL08-PR
600599;15/05/2024;quarta-feira;06:15:00;SC;116;204;PONTE ALTA;Demais falhas mecânicas ou elétricas;Colisão lateral mesmo sentido;Com Vítimas Feridas;Amanhecer;Decrescente;Nevoeiro/Neblina;Simples;Curva;Não;3;0;1;0;1;2;1;4;-27,45772582;-50,39132057;SPRF-SC;DEL05-SC;UOP03-DEL05-SC
600600;15/05/2024;quarta-feira;06:25:00;PR;277;652;MATELANDIA;Demais falhas mecânicas ou elétricas;Incêndio;Sem Vítimas;Amanhecer;Decrescente;Céu Claro;Simples;Reta;Não;2;0;0;0;1;1;0;2;-25,20466596;-53,94913311;SPRF-PR;DEL05-PR;UOP02-DEL05-PR
600602;15/05/2024;quarta-feira;02:30:00;BA;116;160;CANUDOS;Acostamento em desnível;Saída de leito carroçável;Sem Vítimas;Plena Noite;Crescente;Céu Claro;Simples;Reta;Não;3;0;0;0;1;2;0;3;-10,014247;-39,16041298;SPRF-BA;DEL07-BA;UOP02-DEL07-BA
600605;15/05/2024;quarta-feira;05:30:00;MG;116;763,7;LEOPOLDINA;Reação tardia ou ineficiente do condutor;Colisão com objeto;Com Vítimas Feridas;Pleno dia;Decrescente;Céu Claro;Simples;Curva;Não;2;0;1;0;0;1;1;2;-21,52635545;-42,63256914;SPRF-MG;DEL07-MG;UOP01-DEL07-MG
600607;15/05/2024;quarta-feira;06:40:00;BA;324;616;SALVADOR;Manobra de mudança de faixa;Colisão traseira;Com Vítimas Feridas;Pleno dia;Crescente;Céu Claro;Dupla;Reta;Sim;4;0;1;1;1;1;2;3;-12,87957905;-38,43213893;SPRF-BA;DEL01-BA;UOP01-DEL01-BA
600613;14/05/2024;terça-feira;22:05:00;SC;282;480,8;VARGEAO;Reação tardia ou ineficiente do condutor;Colisão lateral mesmo sentido;Com Vítimas Feridas;Plena Noite;Crescente;Nublado;Simples;Reta;Não;4;0;1;0;2;2;1;5;-26,86869;-52,201077;SPRF-SC;DEL07-SC;UOP01-DEL07-SC
600614;15/05/2024;quarta-feira;03:30:00;RO;364;382;OURO PRETO DO OESTE;Transitar na contramão;Colisão transversal;Com Vítimas Feridas;Plena Noite;Crescente;Vento;Simples;"Curva;Aclive";Não;1;0;1;0;0;0;1;1;-10,72605374;-62,23652595;SPRF-RO;DEL02-RO;UOP01-DEL02-RO
600615;14/05/2024;terça-feira;17:44:00;RO;364;386,3;OURO PRETO DO OESTE;Acessar a via sem observar a presença dos outros veículos;Colisão transversal;Com Vítimas Feridas;Pleno dia;Crescente;Céu Claro;Simples;"Reta;Rotatória";Sim;2;0;1;0;1;0;1;2;-10,70116422;-62,26238327;SPRF-RO;DEL03-RO;UOP02-DEL03-RO
600617;15/05/2024;quarta-feira;06:20:00;CE;20;380;CAUCAIA;Ausência de reação do condutor;Colisão traseira;Com Vítimas Feridas;Pleno dia;Decrescente;Chuva;Simples;Reta;Não;3;0;1;0;2;0;1;2;-3,91625499;-38,85098301;SPRF-CE;DEL01-CE;UOP01-DEL01-CE
600626;15/05/2024;quarta-feira;06:20:00;RJ;40;124;DUQUE DE CAXIAS;Trafegar com motocicleta (ou similar) entre as faixas;Colisão transversal;Com Vítimas Feridas;Pleno dia;Crescente;Nublado;Dupla;Reta;Sim;4;0;2;0;2;0;2;4;-22,807953;-43,289124;SPRF-RJ;DEL01-RJ;UOP02-DEL01-RJ
600627;15/05/2024;quarta-feira;08:50:00;SP;153;41,6;ONDA VERDE;Manobra de mudança de faixa;Colisão frontal;Com Vítimas Feridas;Pleno dia;Decrescente;Sol;Simples;"Reta;Declive";Não;2;0;0;1;1;0;1;2;-20,63503334;-49,337883;SPRF-SP;DEL09-SP;UOP01-DEL09-SP
600637;27/03/2024;quarta-feira;21:08:00;ES;101;223;IBIRACU;Ausência de reação do condutor;Colisão traseira;Com Vítimas Feridas;Plena Noite;Crescente;Nublado;Simples;Reta;Não;3;0;0;1;1;3;1;5;-19,87635624;-40,41496163;SPRF-ES;DEL02-ES;UOP01-DEL02-ES
600641;15/05/2024;quarta-feira;09:00:00;SP;116;161,5;JACAREI;Velocidade Incompatível;Colisão traseira;Com Vítimas Feridas;Pleno dia;Decrescente;Nublado;Dupla;Reta;Sim;3;0;0;1;1;1;1;3;-23,27617003;-45,97592098;SPRF-SP;DEL02-SP;UOP01-DEL02-SP
600644;20/03/2024;quarta-feira;14:55:00;RR;174;481,7;BOA VISTA;Manobra de mudança de faixa;Colisão lateral mesmo sentido;Com Vítimas Feridas;Pleno dia;Decrescente;Sol;Simples;Reta;Não;2;0;0;1;1;0;1;2;2,707947;-60,842733;SPRF-RR;DEL01-RR;UOP01-DEL01-RR
600645;15/05/2024;quarta-feira;10:15:00;MG;365;66;JEQUITAI;Velocidade Incompatível;Tombamento;Com Vítimas Feridas;Pleno dia;Crescente;Céu Claro;Simples;Curva;Não;2;0;0;1;0;1;1;2;-17,04887701;-44,32704498;SPRF-MG;DEL12-MG;UOP01-DEL12-MG
600647;03/05/2024;sexta-feira;08:38:00;PE;101;81;JABOATAO DOS GUARARAPES;Ultrapassagem Indevida;Colisão lateral mesmo sentido;Sem Vítimas;Pleno dia;Crescente;Céu Claro;Dupla;Reta;Sim;2;0;0;0;2;0;0;2;-8,15979445;-34,9406004;SPRF-PE;DEL01-PE;UOP01-DEL01-PE
600648;15/05/2024;quarta-feira;06:30:00;BA;101;397,6;IBIRAPITANGA;Reação tardia ou ineficiente do condutor;Colisão frontal;Com Vítimas Feridas;Pleno dia;Crescente;Céu Claro;Simples;Curva;Não;4;0;0;2;1;3;2;6;-13,994607;-39,453657;SPRF-BA;DEL05-BA;UOP03-DEL05-BA
600649;15/05/2024;quarta-feira;08:35:00;GO;153;121;ESTRELA DO NORTE;Reação tardia ou ineficiente do condutor;Colisão lateral mesmo sentido;Com Vítimas Feridas;Pleno dia;Decrescente;Céu Claro;Simples;Reta;Não;3;0;2;0;1;0;2;2;-13,831677;-49,043766;SPRF-GO;DEL07-GO;UOP01-DEL07-GO
600651;15/05/2024;quarta-feira;11:05:00;MG;381;871,9;POUSO ALEGRE;Reação tardia ou ineficiente do condutor;Engavetamento;Com Vítimas Fatais;Pleno dia;Crescente;Sol;Dupla;Reta;Não;8;1;1;0;2;5;1;7;-22,43949179;-45,98517516;SPRF-MG;DEL16-MG;UOP01-DEL16-MG
600653;15/05/2024;quarta-feira;11:50:00;RJ;101;530;PARATY;Pista Escorregadia;Colisão transversal;Com Vítimas Fatais;Pleno dia;Crescente;Chuva;Simples;Curva;Não;5;2;1;0;2;0;1;2;-23,0232454;-44,51684972;SPRF-RJ;DEL03-RJ;UOP03-DEL03-RJ
600658;15/05/2024;quarta-feira;12:30:00;MA;135;17;SAO LUIS;Acessar a via sem observar a presença dos outros veículos;Colisão transversal;Com Vítimas Feridas;Pleno dia;Decrescente;Céu Claro;Dupla;"Reta;Retorno Regulamentado";Não;4;0;3;0;1;0;3;2;-2,70991888;-44,31583218;SPRF-MA;DEL01-MA;UOP01-DEL01-MA
600666;14/05/2024;terça-feira;13:20:00;PE;101;63,5;RECIFE;Condutor deixou de manter distância do veículo da frente;Colisão traseira;Com Vítimas Feridas;Pleno dia;Crescente;Sol;Múltipla;Declive;Sim;5;0;2;0;2;2;2;6;-8,00800604;-34,93756535;SPRF-PE;DEL01-PE;UOP01-DEL01-PE
600670;18/03/2024;segunda-feira;11:10:00;MG;381;499,5;BETIM;Demais falhas mecânicas ou elétricas;Saída de leito carroçável;Com Vítimas Feridas;Pleno dia;Crescente;Céu Claro;Dupla;Reta;Não;2;0;0;1;0;1;1;2;-19,99732455;-44,2098375;SPRF-MG;DEL01-MG;UOP03-DEL01-MG
600675;15/05/2024;quarta-feira;13:30:00;CE;222;244,4;SOBRAL;Pista esburacada;Engavetamento;Com Vítimas Feridas;Pleno dia;Decrescente;Chuva;Simples;Reta;Não;8;0;1;0;7;0;1;3;-3,74916207;-40,50785595;SPRF-CE;DEL04-CE;UOP01-DEL04-CE
600676;15/05/2024;quarta-feira;09:05:00;MA;10;303;ACAILANDIA;Transitar na contramão;Colisão frontal;Com Vítimas Feridas;Pleno dia;Crescente;Céu Claro;Simples;"Reta;Declive";Não;4;0;2;0;2;0;2;3;-5,08734;-47,555161;SPRF-MA;DEL04-MA;UOP03-DEL04-MA
600681;15/05/2024;quarta-feira;13:57:00;ES;262;159,1;IBATIBA;Condutor desrespeitou a iluminação vermelha do semáforo;Colisão transversal;Com Vítimas Feridas;Pleno dia;Decrescente;Sol;Múltipla;"Interseção de Vias;Reta";Sim;3;0;2;0;1;0;2;3;-20,23362208;-41,5053348;SPRF-ES;DEL01-ES;UOP02-DEL01-ES
600684;15/05/2024;quarta-feira;14:40:00;MG;40;606;CONGONHAS;Transitar na contramão;Colisão frontal;Com Vítimas Feridas;Pleno dia;Decrescente;Céu Claro;Simples;"Declive;Curva";Não;5;0;1;0;3;1;1;5;-20,47208915;-43,84420395;SPRF-MG;DEL05-MG;UOP02-DEL05-MG
600688;04/05/2024;sábado;09:55:00;MG;381;940,6;EXTREMA;Velocidade Incompatível;Tombamento;Com Vítimas Feridas;Pleno dia;Decrescente;Sol;Dupla;Curva;Sim;5;0;1;0;3;1;1;3;-22,82581176;-46,31288767;SPRF-MG;DEL16-MG;UOP03-DEL16-MG
600689;15/05/2024;quarta-feira;14:30:00;PR;116;42;CAMPINA GRANDE DO SUL;Velocidade Incompatível;Colisão com objeto;Com Vítimas Feridas;Pleno dia;Crescente;Garoa/Chuvisco;Dupla;Curva;Não;5;0;3;0;1;1;3;3;-25,17611697;-48,874256;SPRF-PR;DEL01-PR;UOP02-DEL01-PR
600690;15/05/2024;quarta-feira;15:15:00;RJ;393;157;TRES RIOS;Ultrapassagem Indevida;Colisão lateral mesmo sentido;Com Vítimas Feridas;Pleno dia;Decrescente;Céu Claro;Simples;Curva;Não;3;0;0;1;1;1;1;3;-22,09474628;-43,07198988;SPRF-RJ;DEL05-RJ;UOP01-DEL05-RJ
600693;15/05/2024;quarta-feira;14:45:00;SC;282;24,5;SANTO AMARO DA IMPERATRIZ;Pedestre cruzava a pista fora da faixa;Atropelamento de Pedestre;Com Vítimas Fatais;Pleno dia;Crescente;Céu Claro;Simples;"Viaduto;Aclive;Reta";Sim;3;1;0;0;1;1;0;2;-27,678693;-48,750013;SPRF-SC;DEL01-SC;UOP03-DEL01-SC
600694;15/05/2024;quarta-feira;15:00:00;MG;262;354,3;BETIM;Ausência de reação do condutor;Colisão traseira;Com Vítimas Feridas;Pleno dia;Crescente;Céu Claro;Dupla;"Reta;Declive";Sim;2;0;0;1;0;1;1;2;-19,9817964;-44,2107182;SPRF-MG;DEL01-MG;UOP03-DEL01-MG
600695;15/05/2024;quarta-feira;15:00:00;MA;135;18;SAO LUIS;Pista Escorregadia;Colisão lateral mesmo sentido;Sem Vítimas;Pleno dia;Crescente;Chuva;Dupla;Curva;Não;3;0;0;0;2;1;0;3;-2,71719899;-44,32099307;SPRF-MA;DEL01-MA;UOP01-DEL01-MA
600698;15/05/2024;quarta-feira;15:10:00;SP;116;301,8;SAO LOURENCO DA SERRA;Carga excessiva e/ou mal acondicionada;Tombamento;Com Vítimas Feridas;Pleno dia;Crescente;Nublado;Dupla;Curva;Não;2;0;1;0;0;1;1;2;-23,81147602;-46,92298208;SPRF-SP;DEL04-SP;UOP01-DEL04-SP
600700;15/05/2024;quarta-feira;15:45:00;MG;251;506;MONTES CLAROS;Ultrapassagem Indevida;Colisão lateral sentido oposto;Com Vítimas Feridas;Pleno dia;Crescente;Céu Claro;Simples;Curva;Não;4;0;1;0;0;3;1;4;-16,65853004;-43,735423;SPRF-MG;DEL12-MG;UOP01-DEL12-MG
600703;15/05/2024;quarta-feira;12:00:00;BA;242;263;BOA VISTA DO TUPIM;Reação tardia ou ineficiente do condutor;Engavetamento;Com Vítimas Feridas;Pleno dia;Crescente;Céu Claro;Simples;Curva;Não;10;0;5;0;4;1;5;5;-12,45896754;-40,56911804;SPRF-BA;DEL06-BA;UOP02-DEL06-BA
600718;15/05/2024;quarta-feira;17:50:00;SC;101;116;ITAJAI;Manobra de mudança de faixa;Colisão lateral mesmo sentido;Com Vítimas Feridas;Plena Noite;Crescente;Céu Claro;Dupla;Reta;Sim;3;0;1;0;2;0;1;3;-26,87905605;-48,72603512;SPRF-SC;DEL04-SC;UOP04-DEL04-SC
600726;15/05/2024;quarta-feira;17:53:00;MG;381;828,3;SAO SEBASTIAO DA BELA VISTA;Retorno proibido;Colisão transversal;Com Vítimas Fatais;Anoitecer;Crescente;Céu Claro;Dupla;"Retorno Regulamentado;Reta";Não;4;1;0;0;2;1;0;3;-22,114637;-45,750071;SPRF-MG;DEL16-MG;UOP01-DEL16-MG
600731;15/05/2024;quarta-feira;19:00:00;SC;101;14,7;GARUVA;Condutor usando celular;Colisão traseira;Com Vítimas Feridas;Plena Noite;Decrescente;Nublado;Dupla;Reta;Não;3;0;0;1;1;1;1;3;-26,09803515;-48,86773972;SPRF-SC;DEL03-SC;UOP01-DEL03-SC
600732;15/05/2024;quarta-feira;14:30:00;GO;153;176;CAMPINORTE;Acessar a via sem observar a presença dos outros veículos;Colisão transversal;Com Vítimas Feridas;Pleno dia;Decrescente;Céu Claro;Simples;Reta;Sim;3;0;1;0;1;1;1;3;-14,31039;-49,148968;SPRF-GO;DEL07-GO;UOP02-DEL07-GO
600733;15/05/2024;quarta-feira;16:00:00;MG;116;158,8;PONTO DOS VOLANTES;Demais falhas mecânicas ou elétricas;Incêndio;Com Vítimas Feridas;Anoitecer;Decrescente;Nublado;Simples;Curva;Não;2;0;1;0;0;1;1;2;-16,91731403;-41,4671292;SPRF-MG;DEL11-MG;UOP02-DEL11-MG
600736;15/05/2024;quarta-feira;17:50:00;PR;376;181,6;MARINGA;Ausência de reação do condutor;Colisão transversal;Com Vítimas Feridas;Anoitecer;Crescente;Nublado;Dupla;Reta;Sim;3;0;1;0;1;1;1;3;-23,43039747;-51,890257;SPRF-PR;DEL09-PR;UOP01-DEL09-PR
600741;15/05/2024;quarta-feira;17:30:00;PI;316;14,9;TERESINA;Carga excessiva e/ou mal acondicionada;Tombamento;Com Vítimas Feridas;Anoitecer;Decrescente;Céu Claro;Dupla;Curva;Sim;2;0;1;0;0;1;1;2;-5,21837815;-42,75257727;SPRF-PI;DEL01-PI;UOP02-DEL01-PI
600755;15/05/2024;quarta-feira;16:40:00;GO;153;206;URUACU;Ultrapassagem Indevida;Colisão lateral mesmo sentido;Com Vítimas Feridas;Pleno dia;Crescente;Céu Claro;Simples;"Reta;Declive";Não;6;0;3;0;2;5;3;8;-14,567051;-49,156227;SPRF-GO;DEL07-GO;UOP02-DEL07-GO
600757;15/05/2024;quarta-feira;17:30:00;MT;174;91,8;CACERES;Condutor Dormindo;Colisão traseira;Sem Vítimas;Anoitecer;Crescente;Céu Claro;Simples;Reta;Não;2;0;0;0;2;0;0;2;-15,89916998;-57,81388698;SPRF-MT;DEL03-MT;UOP01-DEL03-MT
600768;15/05/2024;quarta-feira;19:15:00;RJ;116;145;DUQUE DE CAXIAS;Manobra de mudança de faixa;Colisão lateral mesmo sentido;Com Vítimas Feridas;Plena Noite;Decrescente;Céu Claro;Dupla;Reta;Não;6;0;1;0;4;1;1;4;-22,66237951;-43,25529831;SPRF-RJ;DEL01-RJ;UOP02-DEL01-RJ
600770;15/05/2024;quarta-feira;21:10:00;PE;101;63,3;RECIFE;Ausência de sinalização;Colisão traseira;Com Vítimas Feridas;Plena Noite;Decrescente;Nublado;Dupla;Reta;Sim;3;0;0;1;1;1;1;3;-8,010588;-34,937338;SPRF-PE;DEL01-PE;UOP01-DEL01-PE
600783;15/05/2024;quarta-feira;22:57:00;PR;369;198,8;APUCARANA;Ingestão de álcool pelo condutor;Saída de leito carroçável;Com Vítimas Feridas;Plena Noite;Crescente;Céu Claro;Simples;"Curva;Declive";Sim;1;0;0;1;0;0;1;1;-23,522779;-51,443333;SPRF-PR;DEL07-PR;UOP03-DEL07-PR
600784;15/05/2024;quarta-feira;22:00:00;PR;277;311;GUARAPUAVA;Ultrapassagem Indevida;Colisão frontal;Com Vítimas Feridas;Plena Noite;Decrescente;Nevoeiro/Neblina;Simples;Reta;Não;5;0;1;1;2;3;2;7;-25,31576601;-51,18861896;SPRF-PR;DEL08-PR;UOP01-DEL08-PR
600786;15/05/2024;quarta-feira;16:00:00;MT;364;467,5;VARZEA GRANDE;Condutor deixou de manter distância do veículo da frente;Engavetamento;Com Vítimas Fatais;Pleno dia;Crescente;Céu Claro;Simples;"Aclive;Reta";Não;5;1;0;0;3;4;0;8;-15,424018;-56,344263;SPRF-MT;DEL01-MT;UOP02-DEL01-MT
600787;16/05/2024;quinta-feira;00:50:00;RJ;40;31;AREAL;Velocidade Incompatível;Tombamento;Com Vítimas Feridas;Plena Noite;Crescente;Nublado;Dupla;Curva;Não;2;0;0;1;0;1;1;2;-22,19245612;-43,16023202;SPRF-RJ;DEL05-RJ;UOP02-DEL05-RJ
600788;16/05/2024;quinta-feira;00:10:00;AL;101;129;SAO MIGUEL DOS CAMPOS;Demais falhas mecânicas ou elétricas;Incêndio;Sem Vítimas;Plena Noite;Crescente;Céu Claro;Simples;Reta;Não;2;0;0;0;1;1;0;2;-9,74963266;-36,06531248;SPRF-AL;DEL02-AL;UOP01-DEL02-AL
600792;13/04/2024;sábado;11:35:00;MT;364;441;VARZEA GRANDE;Acessar a via sem observar a presença dos outros veículos;Colisão traseira;Com Vítimas Feridas;Pleno dia;Decrescente;Sol;Simples;Curva;Não;3;0;1;0;1;2;1;4;-15,6000355;-56,20790005;SPRF-MT;DEL01-MT;UOP02-DEL01-MT
600794;15/05/2024;quarta-feira;12:30:00;MT;364;474;JANGADA;Condutor deixou de manter distância do veículo da frente;Colisão traseira;Com Vítimas Feridas;Pleno dia;Decrescente;Sol;Simples;"Aclive;Curva";Não;4;0;1;0;1;4;1;6;-15,43256174;-56,33922156;SPRF-MT;DEL01-MT;UOP02-DEL01-MT
600795;16/05/2024;quinta-feira;02:00:00;MG;40;677,8;CARANDAI;Ausência de reação do condutor;Tombamento;Com Vítimas Feridas;Plena Noite;Crescente;Céu Claro;Múltipla;Reta;Não;2;0;1;0;0;1;1;2;-21,019183;-43,78305205;SPRF-MG;DEL05-MG;UOP02-DEL05-MG
600797;16/05/2024;quinta-feira;02:20:00;SC;101;210,2;SAO JOSE;Ausência de reação do condutor;Colisão lateral mesmo sentido;Sem Vítimas;Plena Noite;Decrescente;Céu Claro;Múltipla;Reta;Sim;3;0;0;0;2;1;0;3;-27,6167305;-48,6457265;SPRF-SC;DEL01-SC;UOP01-DEL01-SC
600798;16/05/2024;quinta-feira;04:00:00;MG;381;939;EXTREMA;Acessar a via sem observar a presença dos outros veículos;Colisão traseira;Com Vítimas Feridas;Plena Noite;Crescente;Céu Claro;Dupla;Interseção de Vias;Não;5;0;3;0;1;1;3;3;-22,83044241;-46,31512785;SPRF-MG;DEL16-MG;UOP03-DEL16-MG
600799;16/05/2024;quinta-feira;04:00:00;SE;101;136,5;ESTANCIA;Ausência de reação do condutor;Tombamento;Com Vítimas Feridas;Plena Noite;Decrescente;Nublado;Dupla;Curva;Não;1;0;1;0;0;0;1;1;-11,14103976;-37,39650606;SPRF-SE;DEL02-SE;UOP01-DEL02-SE
600800;16/05/2024;quinta-feira;01:41:00;SP;116;513;CAJATI;Reação tardia ou ineficiente do condutor;Tombamento;Com Vítimas Feridas;Plena Noite;Decrescente;Céu Claro;Dupla;"Curva;Declive";Não;1;0;1;0;0;0;1;1;-24,85109616;-48,21802405;SPRF-SP;DEL05-SP;UOP02-DEL05-SP
600805;16/05/2024;quinta-feira;04:50:00;MG;381;395,5;BOM JESUS DO AMPARO;Demais falhas mecânicas ou elétricas;Incêndio;Sem Vítimas;Amanhecer;Crescente;Céu Claro;Dupla;Reta;Não;2;0;0;0;1;1;0;2;-19,74873228;-43,48895304;SPRF-MG;DEL01-MG;UOP01-DEL01-MG
600806;16/05/2024;quinta-feira;06:20:00;SP;116;161;JACAREI;Reação tardia ou ineficiente do condutor;Colisão traseira;Com Vítimas Feridas;Pleno dia;Decrescente;Céu Claro;Dupla;Reta;Sim;4;0;0;1;3;0;1;3;-23,27617003;-45,97592098;SPRF-SP;DEL02-SP;UOP01-DEL02-SP
600807;16/05/2024;quinta-feira;04:28:00;RJ;101;107;CAMPOS DOS GOYTACAZES;Condutor Dormindo;Colisão com objeto;Sem Vítimas;Amanhecer;Crescente;Nublado;Dupla;Reta;Não;3;0;0;0;3;0;0;1;-21,93299612;-41,6270108;SPRF-RJ;DEL08-RJ;UOP02-DEL08-RJ
600809;15/05/2024;quarta-feira;23:20:00;BA;101;251;CONCEICAO DO ALMEIDA;Ultrapassagem Indevida;Saída de leito carroçável;Com Vítimas Feridas;Plena Noite;Crescente;Garoa/Chuvisco;Simples;Reta;Não;4;0;2;0;0;2;2;3;-12,99277217;-39,28802128;SPRF-BA;DEL01-BA;UOP02-DEL01-BA
600812;15/05/2024;quarta-feira;18:30:00;RJ;116;219;PIRAI;Condutor deixou de manter distância do veículo da frente;Colisão traseira;Com Vítimas Feridas;Plena Noite;Decrescente;Céu Claro;Dupla;Reta;Sim;3;0;1;0;2;0;1;2;-22,698075;-43,765978;SPRF-RJ;DEL06-RJ;UOP02-DEL06-RJ
600826;16/05/2024;quinta-feira;07:45:00;GO;153;511,7;APARECIDA DE GOIANIA;Ausência de reação do condutor;Engavetamento;Com Vítimas Feridas;Pleno dia;Decrescente;Céu Claro;Múltipla;Reta;Sim;4;0;3;0;0;1;3;3;-16,8067;-49,2394;SPRF-GO;DEL01-GO;UOP03-DEL01-GO
600827;16/05/2024;quinta-feira;06:40:00;RS;285;643;SAO BORJA;Demais falhas mecânicas ou elétricas;Incêndio;Sem Vítimas;Pleno dia;Crescente;Chuva;Simples;Reta;Não;2;0;0;0;1;1;0;2;-28,605467;-55,6936;SPRF-RS;DEL12-RS;UOP01-DEL12-RS
600829;16/05/2024;quinta-feira;06:30:00;MT;163;1110;GUARANTA DO NORTE;Ausência de reação do condutor;Tombamento;Com Vítimas Feridas;Pleno dia;Crescente;Céu Claro;Simples;"Curva;Declive";Não;2;0;0;1;0;2;1;3;-9,71780888;-54,87808527;SPRF-MT;DEL06-MT;UOP03-DEL06-MT
600832;16/05/2024;quinta-feira;08:40:00;MG;381;504;BETIM;Manobra de mudança de faixa;Colisão traseira;Com Vítimas Fatais;Pleno dia;Decrescente;Céu Claro;Dupla;"Aclive;Reta";Sim;3;1;0;0;1;1;0;3;-20,04164508;-44,26386697;SPRF-MG;DEL01-MG;UOP03-DEL01-MG
600843;16/05/2024;quinta-feira;08:00:00;SP;116;225;GUARULHOS;Reação tardia ou ineficiente do condutor;Colisão traseira;Com Vítimas Feridas;Pleno dia;Crescente;Céu Claro;Múltipla;"Reta;Em Obras";Sim;2;0;1;0;1;0;1;2;-23,493013;-46,552721;SPRF-SP;DEL01-SP;UOP01-DEL01-SP
600847;16/05/2024;quinta-feira;07:00:00;MG;153;184;FRUTAL;Acessar a via sem observar a presença dos outros veículos;Colisão lateral mesmo sentido;Com Vítimas Feridas;Pleno dia;Crescente;Sol;Simples;Reta;Não;3;0;1;0;1;2;1;4;-19,84118753;-48,96432638;SPRF-MG;DEL13-MG;UOP02-DEL13-MG
600848;16/05/2024;quinta-feira;08:00:00;SC;101;137;BALNEARIO CAMBORIU;Reação tardia ou ineficiente do condutor;Colisão traseira;Com Vítimas Feridas;Pleno dia;Decrescente;Nublado;Múltipla;Reta;Sim;2;0;1;0;1;0;1;2;-27,0157238;-48,61192763;SPRF-SC;DEL04-SC;UOP03-DEL04-SC
600852;16/05/2024;quinta-feira;09:35:00;BA;116;773;PLANALTO;Condutor deixou de manter distância do veículo da frente;Colisão traseira;Com Vítimas Feridas;Pleno dia;Decrescente;Céu Claro;Simples;Reta;Não;6;0;3;0;2;2;3;4;-14,5744912;-40,42660279;SPRF-BA;DEL08-BA;UOP02-DEL08-BA
600857;16/05/2024;quinta-feira;07:30:00;MG;381;949;EXTREMA;Manobra de mudança de faixa;Colisão lateral mesmo sentido;Com Vítimas Feridas;Pleno dia;Decrescente;Céu Claro;Dupla;Reta;Não;2;0;1;0;1;0;1;2;-22,87479042;-46,36655782;SPRF-MG;DEL16-MG;UOP03-DEL16-MG
600860;16/05/2024;quinta-feira;09:40:00;RJ;116;231;PIRAI;Reação tardia ou ineficiente do condutor;Engavetamento;Com Vítimas Feridas;Pleno dia;Decrescente;Céu Claro;Simples;"Curva;Declive";Não;6;0;2;0;4;0;2;4;-22,67389699;-43,82995605;SPRF-RJ;DEL07-RJ;UOP01-DEL07-RJ
600861;16/05/2024;quinta-feira;10:15:00;PR;369;415,5;JURANDA;Condutor deixou de manter distância do veículo da frente;Engavetamento;Com Vítimas Feridas;Pleno dia;Crescente;Céu Claro;Simples;Reta;Não;3;0;0;1;2;0;1;3;-24,46968786;-52,8681353;SPRF-PR;DEL04-PR;UOP03-DEL04-PR
600863;16/05/2024;quinta-feira;08:45:00;RR;174;320;CARACARAI;Demais falhas na via;Colisão traseira;Com Vítimas Feridas;Pleno dia;Crescente;Céu Claro;Simples;Reta;Não;3;0;1;0;2;0;1;2;1,496955;-60,957287;SPRF-RR;DEL01-RR;UOP01-DEL01-RR
600870;16/05/2024;quinta-feira;11:27:00;MT;364;356,1;SANTO ANTONIO DO LEVERGER;Reação tardia ou ineficiente do condutor;Tombamento;Sem Vítimas;Pleno dia;Crescente;Sol;Dupla;"Curva;Declive";Não;2;0;0;0;1;1;0;2;-15,79348889;-55,6077944;SPRF-MT;DEL05-MT;UOP02-DEL05-MT
600871;16/05/2024;quinta-feira;09:20:00;MT;163;106;RONDONOPOLIS;Manobra de mudança de faixa;Saída de leito carroçável;Com Vítimas Feridas;Pleno dia;Crescente;Céu Claro;Dupla;Reta;Não;3;0;2;0;0;1;2;2;-16,61130805;-54,70053179;SPRF-MT;DEL02-MT;UOP01-DEL02-MT
600872;15/05/2024;quarta-feira;22:40:00;MA;10;153,2;PORTO FRANCO;Velocidade Incompatível;Tombamento;Com Vítimas Feridas;Plena Noite;Decrescente;Céu Claro;Simples;"Reta;Declive";Não;1;0;1;0;0;0;1;1;-6,373761;-47,380894;SPRF-MA;DEL04-MA;UOP02-DEL04-MA
600879;16/05/2024;quinta-feira;13:30:00;SC;470;116;IBIRAMA;Reação tardia ou ineficiente do condutor;Tombamento;Com Vítimas Feridas;Pleno dia;Decrescente;Céu Claro;Simples;"Curva;Declive";Não;3;0;1;0;1;1;1;2;-27,07756;-49,49448;SPRF-SC;DEL04-SC;UOP02-DEL04-SC