id;data_inversa;dia_semana;horario;uf;br;km;municipio;causa_acidente;tipo_acidente;classificacao_acidente;fase_dia;sentido_via;condicao_metereologica;tipo_pista;tracado_via;uso_solo;pessoas;mortos;feridos_leves;feridos_graves;ilesos;ignorados;feridos;veiculos;latitude;longitude;regional;delegacia;uop
601222;18/05/2024;sábado;01:20:00;CE;116;33;AQUIRAZ;Manobra de mudança de faixa;Colisão com objeto;Sem Vítimas;Plena Noite;Crescente;Céu Claro;Dupla;Reta;Sim;4;0;0;0;0;4;0;3;-4,03469893;-38,51047275;SPRF-CE;DEL01-CE;UOP02-DEL01-CE
601224;18/05/2024;sábado;02:40:00;PR;376;199,7;MANDAGUARI;Condutor deixou de manter distância do veículo da frente;Colisão traseira;Com Vítimas Feridas;Plena Noite;Crescente;Céu Claro;Dupla;Aclive;Não;3;0;0;1;1;1;1;3;-23,50719669;-51,73201193;SPRF-PR;DEL09-PR;UOP01-DEL09-PR
601226;18/05/2024;sábado;03:10:00;PR;369;475,4;CORBELIA;Ingestão de álcool pelo condutor;Colisão lateral sentido oposto;Com Vítimas Feridas;Plena Noite;Crescente;Nublado;Simples;Reta;Não;4;0;3;0;1;0;3;2;-24,731245;-53,252291;SPRF-PR;DEL04-PR;UOP03-DEL04-PR
601235;18/05/2024;sábado;04:35:00;RJ;101;59;CAMPOS DOS GOYTACAZES;Acessar a via sem observar a presença dos outros veículos;Colisão transversal;Com Vítimas Feridas;Plena Noite;Crescente;Céu Claro;Simples;Reta;Sim;2;0;1;0;0;1;1;2;-21,71366497;-41,30861915;SPRF-RJ;DEL08-RJ;UOP01-DEL08-RJ
601240;18/05/2024;sábado;05:20:00;SC;101;155;PORTO BELO;Reação tardia ou ineficiente do condutor;Colisão traseira;Com Vítimas Feridas;Plena Noite;Crescente;Garoa/Chuvisco;Dupla;Reta;Sim;2;0;0;1;1;0;1;2;-27,16292;-48,61129;SPRF-SC;DEL04-SC;UOP03-DEL04-SC
601242;18/05/2024;sábado;06:05:00;SP;116;144,9;SAO JOSE DOS CAMPOS;Ausência de reação do condutor;Colisão traseira;Com Vítimas Feridas;Amanhecer;Decrescente;Céu Claro;Múltipla;Reta;Sim;2;0;0;1;0;1;1;2;-23,1869844;-45,8548078;SPRF-SP;DEL02-SP;UOP01-DEL02-SP
601249;17/05/2024;sexta-feira;20:10:00;SC;153;110,6;CONCORDIA;Ausência de reação do condutor;Colisão traseira;Com Vítimas Feridas;Plena Noite;Decrescente;Garoa/Chuvisco;Simples;Reta;Não;3;0;1;0;1;2;1;4;-27,313625;-51,984699;SPRF-SC;DEL07-SC;UOP04-DEL07-SC
601250;18/05/2024;sábado;06:15:00;PR;476;144;ARAUCARIA;Reação tardia ou ineficiente do condutor;Saída de leito carroçável;Com Vítimas Feridas;Pleno dia;Crescente;Garoa/Chuvisco;Dupla;Reta;Não;3;0;1;0;0;2;1;3;-25,537161;-49,301632;SPRF-PR;DEL01-PR;UOP06-DEL01-PR
601253;18/05/2024;sábado;06:50:00;BA;116;793;VITORIA DA CONQUISTA;Ultrapassagem Indevida;Colisão lateral sentido oposto;Com Vítimas Feridas;Pleno dia;Decrescente;Nublado;Simples;Reta;Não;2;0;1;0;1;0;1;2;-14,6847133;-40,54154493;SPRF-BA;DEL08-BA;UOP02-DEL08-BA
601263;18/05/2024;sábado;05:15:00;PR;376;437,2;TIBAGI;Velocidade Incompatível;Saída de leito carroçável;Com Vítimas Feridas;Plena Noite;Decrescente;Nublado;Dupla;"Curva;Declive";Não;2;0;1;0;0;1;1;2;-24,78944396;-50,50472259;SPRF-PR;DEL03-PR;UOP02-DEL03-PR
601266;18/05/2024;sábado;06:30:00;MG;381;744,2;TRES CORACOES;Velocidade Incompatível;Tombamento;Com Vítimas Feridas;Pleno dia;Decrescente;Céu Claro;Dupla;"Curva;Declive";Não;2;0;0;1;0;1;1;2;-21,619307;-45,245527;SPRF-MG;DEL16-MG;UOP02-DEL16-MG
601267;17/05/2024;sexta-feira;16:30:00;RJ;116;229;PARACAMBI;Demais falhas mecânicas ou elétricas;Tombamento;Sem Vítimas;Plena Noite;Decrescente;Céu Claro;Simples;Curva;Não;2;0;0;0;1;1;0;2;-22,65646622;-43,82206692;SPRF-RJ;DEL07-RJ;UOP01-DEL07-RJ
601272;18/05/2024;sábado;05:20:00;RO;364;81;VILHENA;Demais falhas mecânicas ou elétricas;Incêndio;Sem Vítimas;Amanhecer;Crescente;Céu Claro;Simples;Reta;Não;2;0;0;0;1;2;0;3;-12,42729786;-60,58448092;SPRF-RO;DEL04-RO;UOP01-DEL04-RO
601273;18/05/2024;sábado;06:00:00;BA;242;814;BARREIRAS;Ausência de reação do condutor;Tombamento;Sem Vítimas;Pleno dia;Decrescente;Céu Claro;Simples;"Curva;Declive";Não;2;0;0;0;1;2;0;3;-12,11351574;-45,16050339;SPRF-BA;DEL10-BA;UOP01-DEL10-BA
601291;18/05/2024;sábado;07:00:00;RO;364;522;ARIQUEMES;Estacionar ou parar em local proibido;Saída de leito carroçável;Sem Vítimas;Pleno dia;Crescente;Céu Claro;Simples;Reta;Não;5;0;0;0;4;3;0;7;-9,86143201;-63,05831311;SPRF-RO;DEL03-RO;UOP01-DEL03-RO
601292;18/05/2024;sábado;09:05:00;SP;116;112;TAUBATE;Condutor deixou de manter distância do veículo da frente;Colisão traseira;Com Vítimas Feridas;Pleno dia;Crescente;Céu Claro;Dupla;Reta;Sim;3;0;0;2;1;0;2;2;-23,04159343;-45,57065616;SPRF-SP;DEL02-SP;UOP02-DEL02-SP
601301;18/05/2024;sábado;09:55:00;RS;285;324;PASSO FUNDO;Condutor deixou de manter distância do veículo da frente;Colisão lateral mesmo sentido;Sem Vítimas;Pleno dia;Crescente;Garoa/Chuvisco;Simples;Reta;Não;2;0;0;0;2;0;0;2;-28,269268;-52,659126;SPRF-RS;DEL08-RS;UOP03-DEL08-RS
601302;18/05/2024;sábado;09:50:00;SE;101;51,6;JAPARATUBA;Reação tardia ou ineficiente do condutor;Colisão traseira;Com Vítimas Feridas;Pleno dia;Crescente;Garoa/Chuvisco;Simples;Reta;Não;6;0;1;0;3;2;1;3;-10,61153091;-36,97737715;SPRF-SE;DEL02-SE;UOP02-DEL02-SE
601305;18/05/2024;sábado;11:00:00;SP;116;521;CAJATI;Ausência de reação do condutor;Saída de leito carroçável;Com Vítimas Feridas;Pleno dia;Crescente;Garoa/Chuvisco;Dupla;Curva;Não;2;0;1;0;0;1;1;2;-24,8997218;-48,24745938;SPRF-SP;DEL05-SP;UOP02-DEL05-SP
601308;18/05/2024;sábado;07:00:00;MT;163;931;ITAUBA;Ultrapassagem Indevida;Colisão lateral mesmo sentido;Com Vítimas Feridas;Pleno dia;Decrescente;Nevoeiro/Neblina;Simples;Reta;Sim;3;0;1;0;1;2;1;4;-11,16334906;-55,31327737;SPRF-MT;DEL06-MT;UOP02-DEL06-MT
601309;18/05/2024;sábado;08:15:00;PR;376;489;PONTA GROSSA;Manobra de mudança de faixa;Saída de leito carroçável;Com Vítimas Feridas;Pleno dia;Decrescente;Chuva;Dupla;"Declive;Reta";Não;4;0;1;0;2;3;1;6;-25,14172584;-50,1586859;SPRF-PR;DEL03-PR;UOP04-DEL03-PR
601310;18/05/2024;sábado;10:30:00;DF;80;10;BRASILIA;Ausência de reação do condutor;Colisão traseira;Com Vítimas Feridas;Pleno dia;Crescente;Céu Claro;Simples;Ponte;Não;3;0;0;2;1;0;2;2;-15,731;-48,168938;SPRF-DF;DEL03-DF;UOP02-DEL03-DF
601311;18/05/2024;sábado;10:00:00;TO;153;350;FORTALEZA DO TABOCAO;Condutor deixou de manter distância do veículo da frente;Saída de leito carroçável;Com Vítimas Feridas;Pleno dia;Crescente;Céu Claro;Simples;Aclive;Não;2;0;0;1;0;1;1;2;-8,97819298;-48,49764907;SPRF-TO;DEL02-TO;UOP02-DEL02-TO
601316;18/05/2024;sábado;11:20:00;PE;232;139;SAO CAITANO;Reação tardia ou ineficiente do condutor;Tombamento;Com Vítimas Feridas;Pleno dia;Crescente;Céu Claro;Dupla;Retorno Regulamentado;Não;3;0;2;0;1;0;2;1;-8,31947086;-36,06799801;SPRF-PE;DEL02-PE;UOP01-DEL02-PE
601322;18/05/2024;sábado;08:17:00;RO;364;424,2;JARU;Ausência de reação do condutor;Atropelamento de Pedestre;Com Vítimas Feridas;Pleno dia;Decrescente;Céu Claro;Simples;"Interseção de Vias;Reta";Não;4;0;2;0;1;3;2;5;-10,44457274;-62,46568412;SPRF-RO;DEL03-RO;UOP02-DEL03-RO
601331;18/05/2024;sábado;11:00:00;RR;174;509;BOA VISTA;Acessar a via sem observar a presença dos outros veículos;Colisão transversal;Com Vítimas Feridas;Pleno dia;Crescente;Garoa/Chuvisco;Simples;Reta;Não;2;0;1;0;1;0;1;2;2,86507418;-60,79665366;SPRF-RR;DEL01-RR;UOP01-DEL01-RR
601332;18/05/2024;sábado;13:10:00;ES;101;407,9;ITAPEMIRIM;Velocidade Incompatível;Tombamento;Com Vítimas Feridas;Pleno dia;Crescente;Sol;Simples;Curva;Não;2;0;0;1;0;1;1;2;-20,89068697;-41,03879708;SPRF-ES;DEL03-ES;UOP02-DEL03-ES
601336;18/05/2024;sábado;10:56:00;MT;163;586,9;NOVA MUTUM;Reação tardia ou ineficiente do condutor;Engavetamento;Sem Vítimas;Pleno dia;Decrescente;Céu Claro;Múltipla;Reta;Não;4;0;0;0;3;4;0;7;-14,031449;-56,09551801;SPRF-MT;DEL01-MT;UOP01-DEL01-MT
601340;18/05/2024;sábado;10:10:00;BA;116;691;JEQUIE;Ausência de reação do condutor;Saída de leito carroçável;Sem Vítimas;Pleno dia;Decrescente;Chuva;Dupla;Curva;Não;2;0;0;0;1;1;0;2;-13,94789006;-40,16494773;SPRF-BA;DEL03-BA;UOP01-DEL03-BA
601341;18/05/2024;sábado;13:10:00;PB;230;97,7;GURINHEM;Condutor Dormindo;Saída de leito carroçável;Sem Vítimas;Pleno dia;Crescente;Céu Claro;Dupla;Reta;Não;2;0;0;0;2;0;0;1;-7,1867;-35,4537;SPRF-PB;DEL01-PB;UOP03-DEL01-PB
601343;18/05/2024;sábado;13:00:00;MG;381;418;CAETE;Condutor deixou de manter distância do veículo da frente;Colisão com objeto;Com Vítimas Feridas;Pleno dia;Crescente;Céu Claro;Dupla;"Declive;Ponte;Curva";Não;2;0;1;0;1;0;1;2;-19,76425109;-43,64210754;SPRF-MG;DEL01-MG;UOP01-DEL01-MG
601346;18/05/2024;sábado;13:40:00;GO;364;117;APARECIDA DO RIO DOCE;Manobra de mudança de faixa;Colisão frontal;Com Vítimas Fatais;Pleno dia;Crescente;Céu Claro;Simples;"Reta;Declive";Não;3;1;1;0;0;3;1;5;-18,289244;-51,171124;SPRF-GO;DEL05-GO;UOP02-DEL05-GO
601348;18/05/2024;sábado;13:00:00;PR;116;99,3;SAO JOSE DOS PINHAIS;Acumulo de água sobre o pavimento;Saída de leito carroçável;Com Vítimas Feridas;Pleno dia;Decrescente;Chuva;Dupla;"Curva;Declive";Sim;2;0;1;0;1;0;1;1;-25,56304611;-49,15393174;SPRF-PR;DEL01-PR;UOP07-DEL01-PR
601350;18/05/2024;sábado;13:18:00;SP;116;127;CACAPAVA;Acessar a via sem observar a presença dos outros veículos;Colisão lateral mesmo sentido;Com Vítimas Feridas;Pleno dia;Crescente;Céu Claro;Múltipla;"Reta;Interseção de Vias";Não;3;0;1;0;1;1;1;3;-23,10991026;-45,70246044;SPRF-SP;DEL02-SP;UOP02-DEL02-SP
601353;18/05/2024;sábado;13:40:00;SC;101;265;PAULO LOPES;Ingestão de álcool pelo condutor;Saída de leito carroçável;Sem Vítimas;Pleno dia;Crescente;Chuva;Múltipla;"Reta;Declive;Viaduto";Sim;2;0;0;0;1;1;0;2;-28,06674895;-48,71534228;SPRF-SC;DEL02-SC;UOP03-DEL02-SC
601358;18/05/2024;sábado;12:00:00;BA;116;501;SANTA TERESINHA;Velocidade Incompatível;Colisão frontal;Com Vítimas Feridas;Pleno dia;Decrescente;Chuva;Simples;Reta;Não;4;0;2;0;1;2;2;5;-12,59643624;-39,53609788;SPRF-BA;DEL03-BA;UOP02-DEL03-BA
601366;18/05/2024;sábado;15:47:00;MG;459;57,3;IPUIUNA;Conversão proibida;Colisão lateral mesmo sentido;Com Vítimas Feridas;Pleno dia;Crescente;Céu Claro;Simples;"Reta;Declive";Não;3;0;1;0;2;0;1;2;-22,085386;-46,231434;SPRF-MG;DEL09-MG;UOP01-DEL09-MG
601370;18/05/2024;sábado;15:40:00;CE;116;498,9;MILAGRES;Pista esburacada;Colisão lateral mesmo sentido;Com Vítimas Fatais;Pleno dia;Decrescente;Céu Claro;Simples;Reta;Não;3;1;0;0;1;1;0;3;-7,3049078;-38,9173543;SPRF-CE;DEL05-CE;UOP03-DEL05-CE
601373;18/05/2024;sábado;05:30:00;RS;293;202,4;BAGE;Demais falhas mecânicas ou elétricas;Saída de leito carroçável;Sem Vítimas;Plena Noite;Decrescente;Nublado;Simples;"Reta;Aclive";Não;2;0;0;0;1;1;0;2;-31,2259842;-54,26345816;SPRF-RS;DEL11-RS;UOP03-DEL11-RS
601374;18/05/2024;sábado;12:30:00;MA;135;63;SANTA RITA;Demais falhas mecânicas ou elétricas;Incêndio;Sem Vítimas;Pleno dia;Decrescente;Céu Claro;Dupla;Reta;Sim;1;0;0;0;1;0;0;1;-3,07874104;-44,32216625;SPRF-MA;DEL01-MA;UOP02-DEL01-MA
601386;18/05/2024;sábado;13:00:00;MG;40;512,2;RIBEIRAO DAS NEVES;Manobra de mudança de faixa;Colisão lateral mesmo sentido;Com Vítimas Feridas;Pleno dia;Crescente;Céu Claro;Dupla;"Reta;Aclive";Sim;3;0;1;0;2;0;1;2;-19,78946999;-44,11290699;SPRF-MG;DEL01-MG;UOP02-DEL01-MG
601389;18/05/2024;sábado;14:04:00;MT;163;583;NOVA MUTUM;Reação tardia ou ineficiente do condutor;Colisão traseira;Sem Vítimas;Pleno dia;Decrescente;Sol;Simples;Reta;Não;4;0;0;0;3;5;0;8;-14,05793518;-56,09856364;SPRF-MT;DEL01-MT;UOP01-DEL01-MT
601390;18/05/2024;sábado;13:50:00;RJ;40;121;DUQUE DE CAXIAS;Reação tardia ou ineficiente do condutor;Colisão lateral mesmo sentido;Sem Vítimas;Pleno dia;Crescente;Céu Claro;Dupla;Reta;Sim;5;0;0;0;5;0;0;2;-22,78185499;-43,28571273;SPRF-RJ;DEL01-RJ;UOP02-DEL01-RJ
601396;18/05/2024;sábado;16:05:00;RO;364;515;ARIQUEMES;Acessar a via sem observar a presença dos outros veículos;Colisão traseira;Com Vítimas Feridas;Pleno dia;Crescente;Céu Claro;Simples;Rotatória;Não;7;0;2;0;4;1;2;4;-9,91575843;-63,0555582;SPRF-RO;DEL03-RO;UOP01-DEL03-RO
601417;18/05/2024;sábado;20:10:00;SP;116;347;MIRACATU;Chuva;Saída de leito carroçável;Com Vítimas Feridas;Plena Noite;Crescente;Chuva;Dupla;Curva;Não;2;0;1;0;1;0;1;1;-24,04699491;-47,19706111;SPRF-SP;DEL04-SP;UOP03-DEL04-SP
601425;18/05/2024;sábado;19:00:00;SC;163;105;SAO JOSE DO CEDRO;Ingestão de álcool pelo condutor;Colisão lateral sentido oposto;Com Vítimas Feridas;Plena Noite;Crescente;Chuva;Múltipla;Aclive;Sim;2;0;1;0;1;0;1;2;-26,44252575;-53,51491928;SPRF-SC;DEL07-SC;UOP03-DEL07-SC
601428;18/05/2024;sábado;16:45:00;BA;116;558;BREJOES;Ausência de reação do condutor;Colisão frontal;Sem Vítimas;Anoitecer;Crescente;Nublado;Simples;Reta;Não;4;0;0;0;2;4;0;6;-12,93109181;-39,88685417;SPRF-BA;DEL03-BA;UOP02-DEL03-BA
601433;18/05/2024;sábado;18:00:00;PR;376;496;PONTA GROSSA;Acumulo de água sobre o pavimento;Colisão lateral mesmo sentido;Com Vítimas Feridas;Plena Noite;Crescente;Chuva;Dupla;Reta;Não;3;0;1;0;1;4;1;6;-25,17702586;-50,1005139;SPRF-PR;DEL03-PR;UOP04-DEL03-PR
601438;18/05/2024;sábado;17:40:00;PR;277;135,5;CAMPO LARGO;Demais Fenômenos da natureza;Colisão traseira;Com Vítimas Feridas;Anoitecer;Crescente;Nevoeiro/Neblina;Dupla;"Curva;Declive";Não;3;0;0;1;1;2;1;4;-25,44518045;-49,4985659;SPRF-PR;DEL03-PR;UOP03-DEL03-PR
601454;18/05/2024;sábado;22:00:00;PA;230;11,6;ALTAMIRA;Transitar na contramão;Colisão frontal;Com Vítimas Feridas;Plena Noite;Decrescente;Chuva;Simples;"Reta;Aclive";Sim;5;0;1;3;1;0;4;2;-3,19731341;-52,23572016;SPRF-PA;DEL04-PA;UOP01-DEL04-PA
601461;18/05/2024;sábado;23:20:00;MG;116;2;DIVISA ALEGRE;Manobra de mudança de faixa;Colisão transversal;Com Vítimas Feridas;Plena Noite;Crescente;Céu Claro;Simples;Reta;Não;3;0;0;2;0;1;2;3;-15,71767418;-41,34054455;SPRF-BA;DEL08-BA;UOP03-DEL08-BA
601464;18/05/2024;sábado;22:50:00;PR;376;140,2;NOVA ESPERANCA;Ausência de reação do condutor;Saída de leito carroçável;Com Vítimas Feridas;Plena Noite;Decrescente;Céu Claro;Dupla;Interseção de Vias;Não;2;0;0;1;0;1;1;2;-23,240108;-52,171955;SPRF-PR;DEL09-PR;UOP02-DEL09-PR
601471;19/05/2024;domingo;01:15:00;SP;116;104;TAUBATE;Reação tardia ou ineficiente do condutor;Colisão traseira;Com Vítimas Feridas;Plena Noite;Decrescente;Céu Claro;Dupla;Reta;Não;3;0;1;0;1;1;1;2;-23,00340176;-45,50626912;SPRF-SP;DEL02-SP;UOP02-DEL02-SP
601476;19/05/2024;domingo;01:50:00;MG;262;190;BELA VISTA DE MINAS;Ausência de reação do condutor;Colisão frontal;Sem Vítimas;Plena Noite;Crescente;Céu Claro;Simples;Reta;Não;3;0;0;0;3;0;0;2;-19,88232457;-43,06905078;SPRF-MG;DEL03-MG;UOP01-DEL03-MG
601503;18/05/2024;sábado;22:40:00;PE;407;75,9;PETROLINA;Carga excessiva e/ou mal acondicionada;Tombamento;Com Vítimas Feridas;Plena Noite;Decrescente;Céu Claro;Simples;Curva;Não;2;0;1;0;0;1;1;2;-8,98126872;-40,70800018;SPRF-PE;DEL06-PE;UOP02-DEL06-PE
601509;19/05/2024;domingo;06:21:00;SC;280;123,7;RIO NEGRINHO;Transitar na contramão;Colisão frontal;Com Vítimas Fatais;Amanhecer;Decrescente;Garoa/Chuvisco;Simples;Declive;Sim;3;1;0;0;1;1;0;3;-26,242406;-49,472216;SPRF-SC;DEL06-SC;UOP03-DEL06-SC
601510;19/05/2024;domingo;06:08:00;MS;262;722;CORUMBA;Ingestão de álcool pelo condutor;Colisão lateral sentido oposto;Sem Vítimas;Amanhecer;Crescente;Céu Claro;Simples;Reta;Não;5;0;0;0;4;3;0;5;-19,40698618;-57,47994314;SPRF-MS;DEL03-MS;UOP03-DEL03-MS
601512;19/05/2024;domingo;04:46:00;MT;163;56;RONDONOPOLIS;Estacionar ou parar em local proibido;Colisão lateral mesmo sentido;Com Vítimas Feridas;Amanhecer;Crescente;Nevoeiro/Neblina;Dupla;Aclive;Não;3;0;1;0;1;3;1;5;-17,02147497;-54,76233709;SPRF-MT;DEL02-MT;UOP03-DEL02-MT
601519;19/05/2024;domingo;00:30:00;SE;101;108;SAO CRISTOVAO;Ausência de reação do condutor;Colisão traseira;Com Vítimas Feridas;Plena Noite;Decrescente;Nublado;Dupla;Aclive;Não;3;0;1;0;1;1;1;3;-10,96341297;-37,26196001;SPRF-SE;DEL02-SE;UOP01-DEL02-SE
601528;19/05/2024;domingo;07:30:00;RS;290;227,3;PANTANO GRANDE;Ingestão de álcool pelo condutor;Saída de leito carroçável;Sem Vítimas;Pleno dia;Crescente;Nublado;Simples;"Reta;Aclive";Não;3;0;0;0;1;2;0;3;-30,206095;-52,489033;SPRF-RS;DEL02-RS;UOP03-DEL02-RS
601533;19/05/2024;domingo;04:57:00;RS;116;4;VACARIA;Mal súbito do condutor;Eventos atípicos;Com Vítimas Feridas;Plena Noite;Crescente;Chuva;Simples;"Reta;Aclive";Não;1;0;1;0;0;0;1;1;-28,24064413;-50,77156966;SPRF-RS;DEL05-RS;UOP03-DEL05-RS
601536;19/05/2024;domingo;07:30:00;MG;251;427,9;GRAO MOGOL;Velocidade Incompatível;Tombamento;Com Vítimas Fatais;Pleno dia;Decrescente;Céu Claro;Simples;"Curva;Declive";Não;2;1;0;0;0;1;0;2;-16,33690716;-43,13798285;SPRF-MG;DEL12-MG;UOP01-DEL12-MG
601539;15/02/2024;quinta-feira;02:50:00;MG;40;501;ESMERALDAS;Transitar na contramão;Colisão transversal;Com Vítimas Feridas;Plena Noite;Decrescente;Céu Claro;Dupla;"Reta;Aclive";Não;4;0;1;1;2;0;2;2;-19,70735708;-44,16736508;SPRF-MG;DEL02-MG;UOP01-DEL02-MG
601554;19/05/2024;domingo;10:27:00;PE;101;66;RECIFE;Manobra de mudança de faixa;Colisão traseira;Com Vítimas Feridas;Pleno dia;Decrescente;Céu Claro;Dupla;Reta;Sim;2;0;1;0;1;0;1;2;-8,03368534;-34,94184125;SPRF-PE;DEL01-PE;UOP01-DEL01-PE
601562;19/05/2024;domingo;10:45:00;SP;116;122,7;CACAPAVA;Manobra de mudança de faixa;Colisão lateral mesmo sentido;Com Vítimas Feridas;Pleno dia;Decrescente;Sol;Dupla;"Reta;Aclive";Não;5;0;1;0;3;1;1;4;-23,08187757;-45,66158663;SPRF-SP;DEL02-SP;UOP02-DEL02-SP
601563;19/05/2024;domingo;10:00:00;MG;116;776,8;LEOPOLDINA;Velocidade Incompatível;Tombamento;Com Vítimas Feridas;Pleno dia;Decrescente;Sol;Simples;Curva;Não;2;0;0;1;0;1;1;2;-21,59023796;-42,68715187;SPRF-MG;DEL07-MG;UOP01-DEL07-MG
601578;19/05/2024;domingo;11:30:00;ES;262;64;MARECHAL FLORIANO;Ausência de reação do condutor;Tombamento;Com Vítimas Feridas;Pleno dia;Decrescente;Céu Claro;Simples;"Curva;Declive";Não;2;0;1;0;0;1;1;2;-20,41797008;-40,81618087;SPRF-ES;DEL01-ES;UOP02-DEL01-ES
601582;19/05/2024;domingo;11:40:00;GO;60;106;GOIANAPOLIS;Ausência de reação do condutor;Atropelamento de Pedestre;Com Vítimas Feridas;Pleno dia;Crescente;Céu Claro;Simples;Reta;Não;2;0;1;0;0;1;1;2;-16,4118;-49,0004;SPRF-GO;DEL02-GO;UOP01-DEL02-GO
601585;18/05/2024;sábado;21:55:00;GO;452;61;MAURILANDIA;Reação tardia ou ineficiente do condutor;Tombamento;Sem Vítimas;Plena Noite;Crescente;Céu Claro;Simples;"Reta;Ponte;Aclive";Não;2;0;0;0;1;3;0;4;-18,002748;-50,373835;SPRF-GO;DEL04-GO;UOP01-DEL04-GO
601595;19/05/2024;domingo;13:30:00;MT;163;841;SINOP;Transitar na contramão;Colisão frontal;Com Vítimas Fatais;Pleno dia;Crescente;Sol;Simples;Reta;Sim;3;1;0;0;1;2;0;4;-11,94214306;-55,51630378;SPRF-MT;DEL06-MT;UOP02-DEL06-MT
601598;19/05/2024;domingo;14:50:00;PR;476;151;ARAUCARIA;Suicídio (presumido);Colisão traseira;Com Vítimas Fatais;Pleno dia;Crescente;Nublado;Dupla;Reta;Sim;5;1;0;0;1;4;0;5;-25,563601;-49,377041;SPRF-PR;DEL01-PR;UOP06-DEL01-PR
601600;19/05/2024;domingo;14:50:00;RN;101;176;BAIA FORMOSA;Manobra de mudança de faixa;Tombamento;Com Vítimas Feridas;Pleno dia;Decrescente;Sol;Dupla;"Reta;Aclive";Não;2;0;1;0;0;2;1;3;-6,50166475;-35,11200246;SPRF-RN;DEL01-RN;UOP01-DEL01-RN
601601;19/05/2024;domingo;15:00:00;TO;153;334;GUARAI;Ausência de reação do condutor;Colisão traseira;Com Vítimas Feridas;Pleno dia;Crescente;Céu Claro;Dupla;Reta;Sim;3;0;0;1;1;1;1;3;-8,835718;-48,512123;SPRF-TO;DEL02-TO;UOP02-DEL02-TO
601605;19/05/2024;domingo;13:50:00;MG;262;115;RIO CASCA;Reação tardia ou ineficiente do condutor;Tombamento;Com Vítimas Feridas;Pleno dia;Crescente;Céu Claro;Simples;Curva;Não;1;0;1;0;0;0;1;1;-20,24282096;-42,60676146;SPRF-MG;DEL03-MG;UOP03-DEL03-MG
601608;19/05/2024;domingo;11:30:00;BA;116;921,6;ENCRUZILHADA;Velocidade Incompatível;Tombamento;Com Vítimas Feridas;Pleno dia;Decrescente;Sol;Simples;"Declive;Curva";Não;1;0;0;1;0;0;1;1;-15,518794;-41,241226;SPRF-BA;DEL08-BA;UOP03-DEL08-BA
601609;19/05/2024;domingo;13:30:00;PA;230;11;ALTAMIRA;Condutor deixou de manter distância do veículo da frente;Colisão traseira;Com Vítimas Feridas;Pleno dia;Decrescente;Céu Claro;Simples;Aclive;Sim;3;0;1;0;2;0;1;2;-3,203721;-52,206787;SPRF-PA;DEL04-PA;UOP01-DEL04-PA
601622;19/05/2024;domingo;17:20:00;MG;40;470,9;SETE LAGOAS;Manobra de mudança de faixa;Colisão lateral mesmo sentido;Sem Vítimas;Pleno dia;Crescente;Céu Claro;Dupla;Reta;Sim;2;0;0;0;2;0;0;2;-19,46787403;-44,29555707;SPRF-MG;DEL02-MG;UOP01-DEL02-MG
601625;19/05/2024;domingo;16:44:00;SP;459;31,7;LORENA;Transitar na contramão;Colisão frontal;Com Vítimas Feridas;Pleno dia;Crescente;Nublado;Simples;Reta;Sim;4;0;2;0;1;1;2;3;-22,732813;-45,098679;SPRF-SP;DEL08-SP;UOP02-DEL08-SP
601626;19/05/2024;domingo;17:00:00;BA;116;758,8;POCOES;Acessar a via sem observar a presença dos outros veículos;Colisão transversal;Com Vítimas Feridas;Pleno dia;Crescente;Céu Claro;Simples;Interseção de Vias;Sim;3;0;0;1;1;1;1;3;-14,53372382;-40,38633013;SPRF-BA;DEL08-BA;UOP02-DEL08-BA
601643;19/05/2024;domingo;15:20:00;PI;402;78,9;CAJUEIRO DA PRAIA;Manobra de mudança de faixa;Colisão frontal;Com Vítimas Feridas;Pleno dia;Crescente;Nublado;Simples;Reta;Não;2;0;0;1;1;0;1;2;-3,07563785;-41,42678261;SPRF-PI;DEL05-PI;UOP01-DEL05-PI
601650;09/05/2024;quinta-feira;18:00:00;RJ;0;0;RIO DE JANEIRO;Manobra de mudança de faixa;Colisão lateral mesmo sentido;Sem Vítimas;Anoitecer;Não Informado;Vento;Dupla;Reta;Sim;4;0;0;0;4;0;0;2;-22,87857182;-43,23205411;SPRF-RJ;DEL05-RJ;UOP02-DEL05-RJ
601652;19/05/2024;domingo;12:30:00;MT;163;1110;GUARANTA DO NORTE;Velocidade Incompatível;Tombamento;Com Vítimas Feridas;Pleno dia;Crescente;Céu Claro;Simples;"Curva;Declive";Não;2;0;0;1;0;1;1;2;-9,71780888;-54,87808527;SPRF-MT;DEL06-MT;UOP03-DEL06-MT
601658;19/05/2024;domingo;09:30:00;PA;163;700;RUROPOLIS;Pista Escorregadia;Queda de ocupante de veículo;Com Vítimas Fatais;Pleno dia;Crescente;Nublado;Simples;Aclive;Não;4;1;0;0;2;3;0;5;-4,224238;-55,596455;SPRF-PA;DEL05-PA;UOP02-DEL05-PA
601667;19/05/2024;domingo;19:30:00;BA;101;938;MUCURI;Transitar na contramão;Colisão frontal;Sem Vítimas;Plena Noite;Crescente;Céu Claro;Simples;Reta;Não;3;0;0;0;1;3;0;4;-18,01693633;-39,86183167;SPRF-BA;DEL09-BA;UOP02-DEL09-BA
601676;19/05/2024;domingo;15:32:00;MA;10;251,5;IMPERATRIZ;Desrespeitar a preferência no cruzamento;Colisão transversal;Com Vítimas Feridas;Pleno dia;Decrescente;Céu Claro;Simples;"Retorno Regulamentado;Reta";Sim;5;0;3;0;1;1;3;3;-5,543249;-47,464447;SPRF-MA;DEL04-MA;UOP01-DEL04-MA