id;data_inversa;dia_semana;horario;uf;br;km;municipio;causa_acidente;tipo_acidente;classificacao_acidente;fase_dia;sentido_via;condicao_metereologica;tipo_pista;tracado_via;uso_solo;pessoas;mortos;feridos_leves;feridos_graves;ilesos;ignorados;feridos;veiculos;latitude;longitude;regional;delegacia;uop
601677;19/05/2024;domingo;20:00:00;BA;116;207,7;EUCLIDES DA CUNHA;Transitar na contramão;Colisão frontal;Com Vítimas Fatais;Plena Noite;Decrescente;Céu Claro;Simples;Curva;Não;3;1;0;0;1;1;0;3;-10,502622;-39,011491;SPRF-BA;DEL07-BA;UOP02-DEL07-BA
601678;19/05/2024;domingo;17:00:00;RS;285;641;SANTO ANTONIO DAS MISSOES;Condutor deixou de manter distância do veículo da frente;Colisão traseira;Com Vítimas Feridas;Pleno dia;Crescente;Céu Claro;Simples;Reta;Não;5;0;1;0;2;2;1;4;-28,601929;-55,673485;SPRF-RS;DEL12-RS;UOP01-DEL12-RS
601682;19/05/2024;domingo;21:00:00;ES;101;435,5;ATILIO VIVACQUA;Transitar na contramão;Colisão frontal;Com Vítimas Fatais;Plena Noite;Crescente;Céu Claro;Simples;"Curva;Declive";Não;5;2;0;1;1;1;1;3;-21,05500952;-41,19609059;SPRF-ES;DEL03-ES;UOP02-DEL03-ES
601684;19/05/2024;domingo;21:00:00;RS;290;217,3;PANTANO GRANDE;Acesso irregular;Colisão transversal;Com Vítimas Feridas;Plena Noite;Crescente;Nublado;Dupla;"Reta;Em Obras";Sim;4;0;0;2;0;3;2;4;-30,192993;-52,386555;SPRF-RS;DEL02-RS;UOP03-DEL02-RS
601696;19/05/2024;domingo;21:30:00;SC;101;417,1;ARARANGUA;Manobra de mudança de faixa;Colisão lateral mesmo sentido;Com Vítimas Feridas;Plena Noite;Decrescente;Garoa/Chuvisco;Múltipla;Reta;Não;6;0;2;0;2;2;2;3;-28,978694;-49,535236;SPRF-SC;DEL02-SC;UOP02-DEL02-SC
601698;19/05/2024;domingo;17:15:00;RO;364;158;PIMENTA BUENO;Condutor deixou de manter distância do veículo da frente;Colisão traseira;Com Vítimas Feridas;Anoitecer;Crescente;Céu Claro;Simples;"Aclive;Curva";Não;7;0;3;0;3;1;3;4;-11,93659493;-60,96016934;SPRF-RO;DEL02-RO;UOP02-DEL02-RO
601701;19/05/2024;domingo;19:27:00;MG;262;520,1;LUZ;Velocidade Incompatível;Colisão transversal;Com Vítimas Feridas;Plena Noite;Decrescente;Céu Claro;Simples;Declive;Não;4;0;0;1;2;1;1;2;-19,78350352;-45,65591812;SPRF-MG;DEL08-MG;UOP03-DEL08-MG
601707;19/05/2024;domingo;22:15:00;PR;376;464;PONTA GROSSA;Ausência de reação do condutor;Colisão traseira;Sem Vítimas;Plena Noite;Crescente;Nublado;Dupla;"Aclive;Reta";Não;3;0;0;0;2;2;0;4;-25,02470207;-50,322659;SPRF-PR;DEL03-PR;UOP01-DEL03-PR
601718;19/05/2024;domingo;19:45:00;PA;316;55,6;CASTANHAL;Ingestão de substâncias psicoativas pelo condutor;Tombamento;Com Vítimas Feridas;Plena Noite;Decrescente;Céu Claro;Dupla;"Declive;Ponte;Curva";Sim;2;0;2;0;0;0;2;1;-1,30561339;-47,99919919;SPRF-PA;DEL01-PA;UOP01-DEL01-PA
601721;19/05/2024;domingo;21:30:00;MT;364;37,5;ALTO GARCAS;Condutor deixou de manter distância do veículo da frente;Colisão traseira;Com Vítimas Feridas;Plena Noite;Crescente;Céu Claro;Simples;"Aclive;Curva";Não;3;0;1;0;1;6;1;8;-17,110697;-53,455543;SPRF-MT;DEL02-MT;UOP02-DEL02-MT
601728;20/05/2024;segunda-feira;02:00:00;RS;392;96;MORRO REDONDO;Ingestão de álcool pelo condutor;Saída de leito carroçável;Sem Vítimas;Plena Noite;Decrescente;Nublado;Simples;Curva;Não;1;0;0;0;1;0;0;1;-31,56036793;-52,54775386;SPRF-RS;DEL07-RS;UOP01-DEL07-RS
601730;20/05/2024;segunda-feira;02:50:00;RS;293;0;PELOTAS;Ingestão de álcool pelo condutor;Colisão transversal;Sem Vítimas;Plena Noite;Crescente;Nublado;Simples;Rotatória;Sim;2;0;0;0;2;0;0;2;-31,75694431;-52,35742807;SPRF-RS;DEL07-RS;UOP01-DEL07-RS
601736;20/05/2024;segunda-feira;03:40:00;MG;381;525,5;BRUMADINHO;Problema com o freio;Saída de leito carroçável;Com Vítimas Fatais;Plena Noite;Crescente;Céu Claro;Dupla;"Curva;Declive";Não;1;1;0;0;0;0;0;1;-20,148182;-44,324259;SPRF-MG;DEL04-MG;UOP03-DEL04-MG
601739;20/05/2024;segunda-feira;05:45:00;RS;293;13;CAPAO DO LEAO;Pista Escorregadia;Colisão frontal;Com Vítimas Feridas;Amanhecer;Crescente;Chuva;Simples;Curva;Não;2;0;1;1;0;0;2;2;-31,7543548;-52,45089496;SPRF-RS;DEL07-RS;UOP01-DEL07-RS
601740;20/05/2024;segunda-feira;05:30:00;RS;116;240;NOVO HAMBURGO;Condutor deixou de manter distância do veículo da frente;Colisão traseira;Com Vítimas Feridas;Plena Noite;Decrescente;Nublado;Dupla;Reta;Sim;2;0;0;1;1;0;1;2;-29,70496497;-51,14676523;SPRF-RS;DEL01-RS;UOP02-DEL01-RS
601742;19/05/2024;domingo;21:30:00;MG;50;183;UBERABA;Objeto estático sobre o leito carroçável;Eventos atípicos;Com Vítimas Feridas;Plena Noite;Crescente;Céu Claro;Dupla;Reta;Sim;4;0;0;1;1;2;1;3;-19,81144569;-47,89850235;SPRF-MG;DEL13-MG;UOP01-DEL13-MG
601744;20/05/2024;segunda-feira;05:40:00;MS;267;105,2;NOVA ANDRADINA;Condutor Dormindo;Saída de leito carroçável;Com Vítimas Feridas;Amanhecer;Decrescente;Céu Claro;Simples;Reta;Não;2;0;1;0;0;2;1;3;-21,83149972;-53,09380092;SPRF-MS;DEL02-MS;UOP03-DEL02-MS
601747;20/05/2024;segunda-feira;07:15:00;SP;116;161;JACAREI;Manobra de mudança de faixa;Colisão lateral mesmo sentido;Com Vítimas Feridas;Pleno dia;Decrescente;Sol;Dupla;Reta;Sim;3;0;2;0;0;1;2;2;-23,27617003;-45,97592098;SPRF-SP;DEL02-SP;UOP01-DEL02-SP
601750;20/05/2024;segunda-feira;06:00:00;SP;116;231;SAO PAULO;Objeto estático sobre o leito carroçável;Colisão com objeto;Com Vítimas Feridas;Amanhecer;Crescente;Céu Claro;Múltipla;Reta;Sim;3;0;1;0;1;1;1;3;-23,525292;-46,587781;SPRF-SP;DEL01-SP;UOP01-DEL01-SP
601752;19/05/2024;domingo;16:40:00;RJ;116;271;BARRA MANSA;Ausência de reação do condutor;Colisão traseira;Com Vítimas Feridas;Pleno dia;Decrescente;Céu Claro;Simples;"Curva;Aclive";Não;2;0;1;0;1;0;1;2;-22,560883;-44,12224;SPRF-RJ;DEL07-RJ;UOP02-DEL07-RJ
601766;20/05/2024;segunda-feira;08:00:00;GO;153;499;GOIANIA;Manobra de mudança de faixa;Colisão lateral mesmo sentido;Com Vítimas Feridas;Pleno dia;Crescente;Céu Claro;Múltipla;Reta;Sim;4;0;1;0;3;0;1;4;-16,7033;-49,2311;SPRF-GO;DEL01-GO;UOP01-DEL01-GO
601772;20/05/2024;segunda-feira;08:10:00;RJ;116;186;NOVA IGUACU;Condutor deixou de manter distância do veículo da frente;Engavetamento;Com Vítimas Feridas;Pleno dia;Crescente;Céu Claro;Dupla;Reta;Sim;8;0;2;0;5;1;2;4;-22,73962339;-43,46276495;SPRF-RJ;DEL06-RJ;UOP01-DEL06-RJ
601773;09/03/2024;sábado;23:30:00;MG;40;111,9;LAGOA GRANDE;Ausência de reação do condutor;Colisão lateral sentido oposto;Com Vítimas Feridas;Plena Noite;Crescente;Céu Claro;Simples;Reta;Não;4;0;2;1;1;0;3;4;-17,63829797;-46,44542399;SPRF-MG;DEL14-MG;UOP01-DEL14-MG
601777;26/04/2024;sexta-feira;23:00:00;MT;174;409;NOVA LACERDA;Avarias e/ou desgaste excessivo no pneu;Incêndio;Sem Vítimas;Plena Noite;Decrescente;Ignorado;Simples;Reta;Não;2;0;0;0;1;1;0;2;-14,31997307;-59,66254713;SPRF-MT;DEL04-MT;UOP02-DEL04-MT
601778;20/05/2024;segunda-feira;06:15:00;MG;364;30,4;FRUTAL;Condutor deixou de manter distância do veículo da frente;Colisão traseira;Com Vítimas Feridas;Anoitecer;Decrescente;Céu Claro;Simples;Reta;Sim;3;0;1;0;1;6;1;8;-20,015069;-48,916092;SPRF-MG;DEL13-MG;UOP02-DEL13-MG
601779;20/05/2024;segunda-feira;07:30:00;SC;470;60,1;BLUMENAU;Acessar a via sem observar a presença dos outros veículos;Colisão transversal;Com Vítimas Feridas;Pleno dia;Crescente;Céu Claro;Simples;Retorno Regulamentado;Sim;3;0;1;1;1;0;2;2;-26,88138;-49,164543;SPRF-SC;DEL04-SC;UOP01-DEL04-SC
601781;20/05/2024;segunda-feira;06:45:00;PB;230;497;CAJAZEIRAS;Reação tardia ou ineficiente do condutor;Colisão traseira;Com Vítimas Feridas;Pleno dia;Crescente;Céu Claro;Simples;"Reta;Ponte";Não;2;0;1;0;1;0;1;2;-6,8922;-38,4834;SPRF-PB;DEL03-PB;UOP03-DEL03-PB
601783;20/05/2024;segunda-feira;08:50:00;BA;101;899;CARAVELAS;Condutor deixou de manter distância do veículo da frente;Colisão traseira;Sem Vítimas;Pleno dia;Crescente;Céu Claro;Simples;Reta;Sim;4;0;0;0;4;0;0;2;-17,71255155;-39,76793289;SPRF-BA;DEL09-BA;UOP02-DEL09-BA
601786;20/05/2024;segunda-feira;09:40:00;PR;116;17;CURITIBA;Condutor deixou de manter distância do veículo da frente;Colisão traseira;Com Vítimas Feridas;Pleno dia;Crescente;Céu Claro;Dupla;"Reta;Declive";Sim;4;0;1;0;3;0;1;2;-25,389;-49,1867;SPRF-PR;DEL01-PR;UOP02-DEL01-PR
601791;20/05/2024;segunda-feira;09:25:00;RS;448;20;PORTO ALEGRE;Acessar a via sem observar a presença dos outros veículos;Colisão traseira;Com Vítimas Feridas;Pleno dia;Decrescente;Nublado;Dupla;Curva;Sim;7;0;4;0;2;1;4;3;-29,958729;-51,202465;SPRF-RS;DEL01-RS;UOP01-DEL01-RS
601797;20/05/2024;segunda-feira;01:30:00;PR;153;215,3;TIBAGI;Mal súbito do condutor;Saída de leito carroçável;Com Vítimas Feridas;Plena Noite;Crescente;Céu Claro;Simples;Reta;Não;2;0;1;0;0;3;1;4;-24,59313894;-50,43720245;SPRF-PR;DEL03-PR;UOP02-DEL03-PR
601800;20/05/2024;segunda-feira;11:25:00;GO;70;316;JUSSARA;Acessar a via sem observar a presença dos outros veículos;Colisão transversal;Sem Vítimas;Pleno dia;Decrescente;Céu Claro;Simples;Interseção de Vias;Sim;2;0;0;0;2;0;0;2;-15,87345884;-50,8528018;SPRF-GO;DEL04-GO;UOP02-DEL04-GO
601818;20/05/2024;segunda-feira;13:00:00;RJ;40;92;PETROPOLIS;Carga excessiva e/ou mal acondicionada;Colisão com objeto;Com Vítimas Feridas;Pleno dia;Crescente;Céu Claro;Dupla;Curva;Não;2;0;1;0;1;0;1;2;-22,55191954;-43,25068815;SPRF-RJ;DEL01-RJ;UOP01-DEL01-RJ
601819;20/05/2024;segunda-feira;13:50:00;SP;381;84;SAO PAULO;Acessar a via sem observar a presença dos outros veículos;Colisão transversal;Com Vítimas Feridas;Pleno dia;Crescente;Céu Claro;Múltipla;Interseção de Vias;Não;2;0;1;0;1;0;1;2;-23,43937;-46,56807;SPRF-SP;DEL03-SP;UOP01-DEL03-SP
601821;04/05/2024;sábado;16:00:00;MT;158;633,5;NOVA XAVANTINA;Reação tardia ou ineficiente do condutor;Tombamento;Com Vítimas Fatais;Pleno dia;Crescente;Sol;Simples;Curva;Não;2;1;0;0;0;2;0;3;-14,53390479;-52,33058453;SPRF-MT;DEL07-MT;UOP02-DEL07-MT
601822;20/05/2024;segunda-feira;10:25:00;BA;116;654;JEQUIE;Demais falhas mecânicas ou elétricas;Saída de leito carroçável;Com Vítimas Feridas;Pleno dia;Crescente;Céu Claro;Simples;Reta;Não;1;0;1;0;0;0;1;1;-13,646417;-40,09396594;SPRF-BA;DEL03-BA;UOP01-DEL03-BA
601828;18/03/2024;segunda-feira;06:50:00;PB;230;273;SANTA LUZIA;Velocidade Incompatível;Saída de leito carroçável;Com Vítimas Feridas;Pleno dia;Crescente;Céu Claro;Simples;"Declive;Curva";Não;2;0;1;0;0;2;1;3;-6,960707;-36,80441;SPRF-PB;DEL03-PB;UOP01-DEL03-PB
601838;20/05/2024;segunda-feira;13:05:00;MG;262;43,4;MANHUACU;Mal súbito do condutor;Colisão transversal;Com Vítimas Feridas;Pleno dia;Crescente;Céu Claro;Simples;Reta;Não;2;0;0;1;1;0;1;2;-20,26409492;-42,07800593;SPRF-MG;DEL06-MG;UOP03-DEL06-MG
601841;04/04/2024;quinta-feira;14:45:00;RJ;116;272;BARRA MANSA;Ausência de reação do condutor;Colisão traseira;Com Vítimas Fatais;Pleno dia;Crescente;Céu Claro;Dupla;Curva;Não;5;1;0;0;3;3;0;7;-22,55606865;-44,13021704;SPRF-RJ;DEL07-RJ;UOP02-DEL07-RJ
601848;20/05/2024;segunda-feira;16:20:00;RS;290;262,1;CACHOEIRA DO SUL;Reação tardia ou ineficiente do condutor;Colisão transversal;Com Vítimas Feridas;Pleno dia;Crescente;Sol;Dupla;Interseção de Vias;Sim;2;0;1;0;1;0;1;2;-30,26493035;-52,85345972;SPRF-RS;DEL02-RS;UOP03-DEL02-RS
601856;20/05/2024;segunda-feira;17:45:00;RS;290;281,9;CACHOEIRA DO SUL;Condutor Dormindo;Colisão lateral sentido oposto;Com Vítimas Feridas;Pleno dia;Decrescente;Céu Claro;Simples;Reta;Não;2;0;1;0;1;0;1;2;-30,24982574;-53,05350088;SPRF-RS;DEL02-RS;UOP03-DEL02-RS
601862;20/05/2024;segunda-feira;13:50:00;MT;70;521;VARZEA GRANDE;Ausência de reação do condutor;Colisão transversal;Com Vítimas Feridas;Pleno dia;Decrescente;Céu Claro;Simples;Reta;Sim;3;0;1;0;1;1;1;3;-15,66794514;-56,18202947;SPRF-MT;DEL01-MT;UOP02-DEL01-MT
601863;20/05/2024;segunda-feira;11:30:00;GO;158;200;CAIAPONIA;Ausência de reação do condutor;Colisão traseira;Sem Vítimas;Pleno dia;Decrescente;Céu Claro;Simples;Curva;Não;2;0;0;0;0;3;0;3;-17,313392;-51,877795;SPRF-GO;DEL05-GO;UOP01-DEL05-GO
601865;20/05/2024;segunda-feira;18:20:00;PE;232;131;CARUARU;Velocidade Incompatível;Engavetamento;Com Vítimas Feridas;Plena Noite;Crescente;Céu Claro;Dupla;"Reta;Declive";Sim;10;0;1;0;9;0;1;5;-8,30607988;-36,01576003;SPRF-PE;DEL02-PE;UOP01-DEL02-PE
601866;20/05/2024;segunda-feira;18:15:00;RS;285;287;PASSO FUNDO;Condutor Dormindo;Saída de leito carroçável;Sem Vítimas;Plena Noite;Decrescente;Nublado;Simples;Rotatória;Não;1;0;0;0;1;0;0;1;-28,240465;-52,31797;SPRF-RS;DEL08-RS;UOP03-DEL08-RS
601867;20/05/2024;segunda-feira;16:00:00;RS;471;173,2;RIO PARDO;Desrespeitar a preferência no cruzamento;Colisão transversal;Com Vítimas Fatais;Pleno dia;Decrescente;Sol;Simples;"Curva;Retorno Regulamentado";Sim;4;1;0;1;1;1;1;3;-29,97352413;-52,37092495;SPRF-RS;DEL02-RS;UOP03-DEL02-RS
601875;20/05/2024;segunda-feira;18:35:00;PR;277;580,8;CASCAVEL;Condutor deixou de manter distância do veículo da frente;Colisão traseira;Com Vítimas Feridas;Plena Noite;Decrescente;Céu Claro;Dupla;Reta;Sim;4;0;0;1;2;1;1;4;-24,98240147;-53,37613106;SPRF-PR;DEL04-PR;UOP01-DEL04-PR
601878;20/05/2024;segunda-feira;18:30:00;PR;116;30;CAMPINA GRANDE DO SUL;Pedestre - Ingestão de álcool/ substâncias psicoativas;Atropelamento de Pedestre;Com Vítimas Feridas;Anoitecer;Decrescente;Nevoeiro/Neblina;Dupla;Reta;Não;2;0;1;0;0;1;1;2;-25,10828274;-48,82514656;SPRF-PR;DEL01-PR;UOP02-DEL01-PR
601892;20/05/2024;segunda-feira;20:00:00;RJ;116;186;NOVA IGUACU;Manobra de mudança de faixa;Capotamento;Com Vítimas Feridas;Plena Noite;Crescente;Garoa/Chuvisco;Dupla;Reta;Sim;3;0;0;1;2;0;1;2;-22,73962339;-43,46276495;SPRF-RJ;DEL06-RJ;UOP01-DEL06-RJ
601894;20/05/2024;segunda-feira;17:07:00;SC;116;251,3;LAGES;Mal súbito do condutor;Colisão frontal;Com Vítimas Fatais;Pleno dia;Decrescente;Céu Claro;Simples;Curva;Não;4;1;0;0;1;2;0;4;-27,84512201;-50,37880391;SPRF-SC;DEL05-SC;UOP02-DEL05-SC
601896;20/05/2024;segunda-feira;17:40:00;GO;80;138;BARRO ALTO;Ingestão de álcool pelo condutor;Colisão traseira;Com Vítimas Feridas;Anoitecer;Crescente;Céu Claro;Simples;"Curva;Aclive";Não;4;0;1;0;3;0;1;2;-14,93781972;-48,94356251;SPRF-GO;DEL07-GO;UOP02-DEL07-GO
601897;20/05/2024;segunda-feira;11:00:00;RS;468;32,5;CORONEL BICACO;Reação tardia ou ineficiente do condutor;Saída de leito carroçável;Sem Vítimas;Pleno dia;Decrescente;Céu Claro;Simples;Reta;Não;3;0;0;0;1;2;0;3;-27,75958319;-53,54529002;SPRF-RS;DEL08-RS;UOP01-DEL08-RS
601910;20/05/2024;segunda-feira;18:50:00;SC;116;119;SANTA CECILIA;Transitar na contramão;Colisão lateral sentido oposto;Com Vítimas Fatais;Plena Noite;Decrescente;Céu Claro;Simples;Reta;Não;9;1;0;0;7;1;0;6;-26,8241952;-50,3657697;SPRF-SC;DEL06-SC;UOP02-DEL06-SC
601916;20/05/2024;segunda-feira;18:26:00;PE;316;46;ARARIPINA;Animais na Pista;Atropelamento de Animal;Com Vítimas Feridas;Plena Noite;Crescente;Céu Claro;Simples;Reta;Não;3;0;1;1;1;0;2;2;-7,69556738;-40,34957133;SPRF-PE;DEL05-PE;UOP02-DEL05-PE
601919;22/03/2024;sexta-feira;17:20:00;RJ;40;97;DUQUE DE CAXIAS;Mal súbito do condutor;Saída de leito carroçável;Com Vítimas Fatais;Pleno dia;Crescente;Chuva;Dupla;Curva;Não;2;1;0;0;0;1;0;2;-22,57356181;-43,27802893;SPRF-RJ;DEL01-RJ;UOP01-DEL01-RJ
601928;20/05/2024;segunda-feira;23:30:00;RS;285;188,1;LAGOA VERMELHA;Reação tardia ou ineficiente do condutor;Colisão lateral mesmo sentido;Sem Vítimas;Pleno dia;Decrescente;Nublado;Simples;Reta;Não;3;0;0;0;2;1;0;3;-28,281801;-51,467041;SPRF-RS;DEL08-RS;UOP05-DEL08-RS
601931;20/05/2024;segunda-feira;23:35:00;PA;316;137;PEIXE-BOI;Reação tardia ou ineficiente do condutor;Capotamento;Com Vítimas Feridas;Plena Noite;Crescente;Céu Claro;Simples;"Reta;Aclive";Não;1;0;0;1;0;0;1;1;-1,27577833;-47,2903148;SPRF-PA;DEL01-PA;UOP03-DEL01-PA
601932;21/05/2024;terça-feira;01:25:00;SP;116;477;JACUPIRANGA;Velocidade Incompatível;Colisão traseira;Com Vítimas Fatais;Plena Noite;Decrescente;Céu Claro;Dupla;Reta;Sim;3;1;0;0;1;2;0;4;-24,69842695;-48,00304804;SPRF-SP;DEL05-SP;UOP01-DEL05-SP
601933;20/05/2024;segunda-feira;21:00:00;SP;116;504;CAJATI;Problema com o freio;Incêndio;Sem Vítimas;Plena Noite;Decrescente;Céu Claro;Simples;"Reta;Aclive";Não;2;0;0;0;1;1;0;2;-24,78266496;-48,20865858;SPRF-SP;DEL05-SP;UOP02-DEL05-SP
601946;21/05/2024;terça-feira;07:35:00;PB;230;17,8;JOAO PESSOA;Ausência de reação do condutor;Colisão com objeto;Com Vítimas Fatais;Pleno dia;Decrescente;Céu Claro;Dupla;Reta;Sim;3;1;0;1;1;0;1;2;-7,1121;-34,8426;SPRF-PB;DEL01-PB;UOP01-DEL01-PB
601950;21/05/2024;terça-feira;07:30:00;CE;116;14,5;FORTALEZA;Transitar no Acostamento;Colisão lateral mesmo sentido;Com Vítimas Feridas;Pleno dia;Decrescente;Céu Claro;Dupla;"Curva;Declive";Sim;2;0;1;0;1;0;1;2;-3,86973356;-38,49827361;SPRF-CE;DEL01-CE;UOP02-DEL01-CE
601954;21/05/2024;terça-feira;06:50:00;MG;40;44,9;PARACATU;Acessar a via sem observar a presença dos outros veículos;Atropelamento de Pedestre;Com Vítimas Feridas;Amanhecer;Decrescente;Céu Claro;Simples;Retorno Regulamentado;Sim;2;0;0;1;1;0;1;2;-17,23101648;-46,85390396;SPRF-MG;DEL14-MG;UOP01-DEL14-MG
601961;21/05/2024;terça-feira;08:00:00;PE;232;78,6;GRAVATA;Condutor deixou de manter distância do veículo da frente;Colisão transversal;Com Vítimas Feridas;Pleno dia;Crescente;Céu Claro;Dupla;Reta;Sim;3;0;1;1;1;0;2;2;-8,19343658;-35,55186505;SPRF-PE;DEL02-PE;UOP02-DEL02PE
601962;21/05/2024;terça-feira;06:00:00;AL;423;76,8;AGUA BRANCA;Condutor Dormindo;Saída de leito carroçável;Com Vítimas Feridas;Amanhecer;Crescente;Nublado;Simples;Reta;Não;3;0;1;1;0;1;2;2;-9,31861528;-37,95146691;SPRF-AL;DEL03-AL;UOP02-DEL03-AL
601965;03/05/2024;sexta-feira;19:50:00;SC;470;223,4;SAO CRISTOVAO DO SUL;Transitar na contramão;Colisão lateral mesmo sentido;Com Vítimas Feridas;Plena Noite;Crescente;Chuva;Simples;Reta;Não;3;0;0;1;1;2;1;4;-27,319908;-50,336388;SPRF-SC;DEL05-SC;UOP03-DEL05-SC
601968;21/05/2024;terça-feira;08:00:00;RJ;493;21;MAGE;Chuva;Engavetamento;Com Vítimas Feridas;Pleno dia;Decrescente;Chuva;Simples;"Reta;Ponte";Não;6;0;3;0;2;1;3;4;-22,66151289;-43,04480692;SPRF-RJ;DEL04-RJ;UOP02-DEL04-RJ
601975;21/05/2024;terça-feira;07:45:00;GO;153;506;APARECIDA DE GOIANIA;Ausência de reação do condutor;Tombamento;Com Vítimas Feridas;Pleno dia;Decrescente;Céu Claro;Dupla;Reta;Sim;2;0;1;0;1;0;1;2;-16,7633;-49,24;SPRF-GO;DEL01-GO;UOP01-DEL01-GO
601977;21/05/2024;terça-feira;09:14:00;TO;235;200,9;GUARAI;Transitar na contramão;Colisão frontal;Com Vítimas Fatais;Pleno dia;Decrescente;Céu Claro;Simples;Reta;Não;4;2;0;0;1;2;0;4;-8,93180448;-48,46004963;SPRF-TO;DEL02-TO;UOP02-DEL02-TO
601986;21/05/2024;terça-feira;05:00:00;MA;226;65;CAXIAS;Ausência de reação do condutor;Colisão frontal;Com Vítimas Fatais;Amanhecer;Crescente;Céu Claro;Simples;Declive;Não;3;1;0;0;0;2;0;3;-5,224909;-43,451706;SPRF-MA;DEL03-MA;UOP02-DEL03-MA
601988;31/01/2024;quarta-feira;15:21:00;SP;116;291;ITAPECERICA DA SERRA;Condutor deixou de manter distância do veículo da frente;Engavetamento;Com Vítimas Feridas;Pleno dia;Decrescente;Chuva;Dupla;Reta;Sim;4;0;1;0;2;3;1;6;-23,73826593;-46,89672721;SPRF-SP;DEL04-SP;UOP01-DEL04-SP
601990;21/05/2024;terça-feira;08:30:00;RJ;101;392;RIO DE JANEIRO;Condutor usando celular;Colisão traseira;Com Vítimas Feridas;Pleno dia;Decrescente;Nublado;Dupla;"Viaduto;Aclive;Reta";Não;3;0;1;0;1;1;1;3;-22,89265625;-43,6945091;SPRF-RJ;DEL03-RJ;UOP01-DEL03-RJ
601992;21/05/2024;terça-feira;11:00:00;SC;101;88;BARRA VELHA;Condutor deixou de manter distância do veículo da frente;Colisão traseira;Com Vítimas Feridas;Pleno dia;Decrescente;Nublado;Múltipla;Interseção de Vias;Sim;2;0;1;0;1;0;1;2;-26,64253985;-48,68950684;SPRF-SC;DEL03-SC;UOP02-DEL03-SC
601997;21/05/2024;terça-feira;12:00:00;ES;262;53,2;MARECHAL FLORIANO;Transitar na contramão;Colisão lateral sentido oposto;Com Vítimas Fatais;Pleno dia;Crescente;Céu Claro;Simples;Curva;Não;5;2;0;0;1;2;0;4;-20,41397156;-40,73317528;SPRF-ES;DEL01-ES;UOP01-DEL01-ES
602002;21/05/2024;terça-feira;11:15:00;MS;163;483;CAMPO GRANDE;Manobra de mudança de faixa;Colisão frontal;Com Vítimas Fatais;Pleno dia;Decrescente;Céu Claro;Simples;Reta;Sim;3;1;0;0;1;1;0;3;-20,45726263;-54,54671829;SPRF-MS;DEL01-MS;UOP02-DEL01-MS
602007;02/02/2024;sexta-feira;02:02:00;SP;116;558;BARRA DO TURVO;Reação tardia ou ineficiente do condutor;Colisão traseira;Com Vítimas Feridas;Plena Noite;Crescente;Céu Claro;Dupla;Reta;Não;4;0;1;0;2;1;1;4;-24,999136;-48,508858;SPRF-SP;DEL05-SP;UOP02-DEL05-SP
602011;21/05/2024;terça-feira;12:23:00;TO;10;465;PALMAS;Acessar a via sem observar a presença dos outros veículos;Colisão lateral mesmo sentido;Com Vítimas Feridas;Pleno dia;Decrescente;Sol;Dupla;Reta;Não;2;0;1;0;1;0;1;2;-10,23365304;-48,30554366;SPRF-TO;DEL01-TO;UOP03-DEL01-TO
602013;21/05/2024;terça-feira;12:00:00;MT;70;522;VARZEA GRANDE;Acessar a via sem observar a presença dos outros veículos;Colisão traseira;Com Vítimas Feridas;Pleno dia;Decrescente;Céu Claro;Simples;Reta;Sim;3;0;0;1;1;3;1;5;-15,65954244;-56,18789658;SPRF-MT;DEL01-MT;UOP02-DEL01-MT
602017;21/05/2024;terça-feira;13:05:00;MG;153;140,5;PRATA;Ausência de reação do condutor;Engavetamento;Com Vítimas Fatais;Pleno dia;Decrescente;Céu Claro;Simples;"Reta;Em Obras";Não;7;1;2;0;3;1;2;6;-19,56516701;-48,82571719;SPRF-MG;DEL15-MG;UOP03-DEL15-MG
602018;21/05/2024;terça-feira;13:50:00;RS;116;241;NOVO HAMBURGO;Frear bruscamente;Colisão traseira;Com Vítimas Feridas;Pleno dia;Decrescente;Sol;Dupla;"Aclive;Reta";Sim;3;0;1;0;2;0;1;2;-29,71073464;-51,1474021;SPRF-RS;DEL01-RS;UOP02-DEL01-RS
602023;10/05/2024;sexta-feira;12:00:00;MS;262;178;RIBAS DO RIO PARDO;Acessar a via sem observar a presença dos outros veículos;Colisão transversal;Com Vítimas Feridas;Pleno dia;Crescente;Céu Claro;Simples;Reta;Não;3;0;1;0;1;1;1;3;-20,41317764;-53,17760468;SPRF-MS;DEL07-MS;UOP02-DEL07-MS
602025;10/02/2024;sábado;23:03:00;SC;158;110,7;CUNHA PORA;Acessar a via sem observar a presença dos outros veículos;Colisão transversal;Com Vítimas Feridas;Plena Noite;Decrescente;Céu Claro;Simples;Reta;Não;4;0;0;2;1;1;2;3;-26,893902;-53,188772;SPRF-SC;DEL07-SC;UOP02-DEL07-SC
602028;21/05/2024;terça-feira;14:44:00;AP;210;8;MACAPA;Velocidade Incompatível;Tombamento;Sem Vítimas;Pleno dia;Crescente;Céu Claro;Dupla;Rotatória;Não;1;0;0;0;1;0;0;1;0,1045;-51,126076;SPRF-AP;DEL01-AP;UOP01-DEL01-AP