id;data_inversa;dia_semana;horario;uf;br;km;municipio;causa_acidente;tipo_acidente;classificacao_acidente;fase_dia;sentido_via;condicao_metereologica;tipo_pista;tracado_via;uso_solo;pessoas;mortos;feridos_leves;feridos_graves;ilesos;ignorados;feridos;veiculos;latitude;longitude;regional;delegacia;uop
602034;21/05/2024;terça-feira;15:00:00;MG;40;525;CONTAGEM;Condutor deixou de manter distância do veículo da frente;Engavetamento;Com Vítimas Feridas;Pleno dia;Decrescente;Céu Claro;Dupla;Reta;Não;4;0;1;0;3;0;1;3;-19,88361702;-44,05039336;SPRF-MG;DEL01-MG;UOP02-DEL01-MG
602038;21/05/2024;terça-feira;14:50:00;RJ;393;213;VASSOURAS;Reação tardia ou ineficiente do condutor;Tombamento;Com Vítimas Feridas;Pleno dia;Decrescente;Céu Claro;Simples;Reta;Não;2;0;1;0;0;1;1;2;-22,30403789;-43,49386772;SPRF-RJ;DEL05-RJ;UOP03-DEL05-RJ
602040;21/05/2024;terça-feira;15:15:00;MG;267;200,1;BOM JARDIM DE MINAS;Ultrapassagem Indevida;Colisão frontal;Com Vítimas Fatais;Pleno dia;Crescente;Céu Claro;Simples;"Curva;Declive";Não;3;1;0;1;1;0;1;2;-21,93311108;-44,08851501;SPRF-MG;DEL05-MG;UOP01-DEL05-MG
602042;21/04/2024;domingo;21:25:00;RJ;116;176;SAO JOAO DE MERITI;Ausência de reação do condutor;Colisão traseira;Com Vítimas Feridas;Plena Noite;Crescente;Céu Claro;Dupla;Reta;Sim;5;0;0;1;4;0;1;5;-22,7839538;-43,38195488;SPRF-RJ;DEL06-RJ;UOP01-DEL06-RJ
602044;21/05/2024;terça-feira;16:25:00;RJ;116;172;RIO DE JANEIRO;Ausência de reação do condutor;Colisão com objeto;Sem Vítimas;Pleno dia;Crescente;Céu Claro;Simples;Reta;Sim;1;0;0;0;1;0;0;1;-22,80188151;-43,35043673;SPRF-RJ;DEL06-RJ;UOP01-DEL06-RJ
602050;21/05/2024;terça-feira;13:15:00;PR;376;668;GUARATUBA;Problema com o freio;Colisão traseira;Com Vítimas Feridas;Pleno dia;Crescente;Céu Claro;Dupla;"Curva;Declive";Não;5;0;1;0;1;3;1;4;-25,864159;-48,937538;SPRF-PR;DEL01-PR;UOP04-DEL01-PR
602051;21/05/2024;terça-feira;15:00:00;RS;290;545;ALEGRETE;Condutor Dormindo;Saída de leito carroçável;Com Vítimas Feridas;Pleno dia;Decrescente;Nublado;Simples;"Curva;Aclive";Não;2;0;1;0;0;1;1;2;-29,958355;-55,465332;SPRF-RS;DEL13-RS;UOP02-DEL13-RS
602053;08/04/2024;segunda-feira;13:30:00;RJ;116;173;SAO JOAO DE MERITI;Ausência de reação do condutor;Colisão traseira;Com Vítimas Feridas;Pleno dia;Crescente;Céu Claro;Dupla;Reta;Sim;2;0;1;0;0;1;1;2;-22,806286;-43,3348882;SPRF-RJ;DEL06-RJ;UOP01-DEL06-RJ
602061;21/05/2024;terça-feira;18:00:00;ES;101;285,3;CARIACICA;Ausência de reação do condutor;Colisão traseira;Sem Vítimas;Plena Noite;Decrescente;Céu Claro;Dupla;Reta;Sim;2;0;0;0;2;0;0;2;-20,25148171;-40,37270066;SPRF-ES;DEL01-ES;UOP01-DEL01-ES
602063;21/05/2024;terça-feira;14:10:00;BA;0;0;JEQUIE;Reação tardia ou ineficiente do condutor;Eventos atípicos;Com Vítimas Feridas;Pleno dia;Não Informado;Céu Claro;Simples;Reta;Não;3;0;0;1;1;3;1;5;-13,84885308;-40,11380384;SPRF-BA;DEL03-BA;UOP01-DEL03-BA
602064;21/05/2024;terça-feira;10:40:00;ES;262;151;IBATIBA;Velocidade Incompatível;Saída de leito carroçável;Sem Vítimas;Pleno dia;Crescente;Céu Claro;Simples;"Declive;Curva";Não;1;0;0;0;1;0;0;1;-20,2148829;-41,44925529;SPRF-ES;DEL01-ES;UOP02-DEL01-ES
602086;21/05/2024;terça-feira;16:45:00;RS;290;261;CACHOEIRA DO SUL;Estacionar ou parar em local proibido;Saída de leito carroçável;Com Vítimas Feridas;Pleno dia;Decrescente;Céu Claro;Simples;Reta;Não;2;0;1;0;1;0;1;2;-30,261528;-52,835316;SPRF-RS;DEL02-RS;UOP03-DEL02-RS
602087;21/05/2024;terça-feira;19:15:00;PR;277;19,4;MORRETES;Ausência de reação do condutor;Colisão traseira;Com Vítimas Feridas;Plena Noite;Crescente;Nublado;Dupla;Reta;Não;3;0;0;1;1;5;1;7;-25,53577839;-48,70166838;SPRF-PR;DEL01-PR;UOP05-DEL01-PR
602089;21/05/2024;terça-feira;17:50:00;PI;316;61;MONSENHOR GIL;Ultrapassagem Indevida;Colisão lateral mesmo sentido;Com Vítimas Feridas;Plena Noite;Crescente;Céu Claro;Simples;Ponte;Não;4;0;4;0;0;0;4;2;-5,58402402;-42,61489907;SPRF-PI;DEL01-PI;UOP02-DEL01-PI
602095;21/05/2024;terça-feira;18:05:00;AC;364;125;RIO BRANCO;Condutor deixou de manter distância do veículo da frente;Colisão transversal;Com Vítimas Feridas;Plena Noite;Decrescente;Céu Claro;Múltipla;Rotatória;Sim;2;0;1;0;1;0;1;2;-10,01215654;-67,79798221;SPRF-AC;DEL01-AC;UOP01-DEL01-AC
602098;21/05/2024;terça-feira;14:50:00;MG;365;602;UBERLANDIA;Ausência de reação do condutor;Saída de leito carroçável;Com Vítimas Feridas;Pleno dia;Decrescente;Sol;Simples;"Reta;Declive";Não;2;0;1;0;0;1;1;2;-18,89015735;-48,12158704;SPRF-MG;DEL15-MG;UOP01-DEL15-MG
602101;21/05/2024;terça-feira;18:42:00;PR;369;192,5;ARAPONGAS;Condutor deixou de manter distância do veículo da frente;Colisão lateral mesmo sentido;Com Vítimas Feridas;Plena Noite;Decrescente;Céu Claro;Dupla;Reta;Sim;3;0;1;0;0;2;1;3;-23,4922172;-51,4231503;SPRF-PR;DEL07-PR;UOP03-DEL07-PR
602102;21/05/2024;terça-feira;17:30:00;BA;101;525;BUERAREMA;Desrespeitar a preferência no cruzamento;Colisão transversal;Com Vítimas Feridas;Anoitecer;Decrescente;Nublado;Simples;"Reta;Interseção de Vias";Sim;2;0;0;1;0;1;1;2;-14,959458;-39,307725;SPRF-BA;DEL05-BA;UOP01-DEL05-BA
602104;21/05/2024;terça-feira;19:45:00;SC;101;140;BALNEARIO CAMBORIU;Manobra de mudança de faixa;Colisão lateral mesmo sentido;Sem Vítimas;Plena Noite;Crescente;Céu Claro;Dupla;"Reta;Aclive";Não;3;0;0;0;3;0;0;3;-27,03881189;-48,60025148;SPRF-SC;DEL04-SC;UOP03-DEL04-SC
602113;21/05/2024;terça-feira;21:30:00;MG;381;685,9;LAVRAS;Velocidade Incompatível;Tombamento;Com Vítimas Feridas;Plena Noite;Decrescente;Nublado;Dupla;"Curva;Ponte";Não;2;0;0;1;0;1;1;2;-21,19177791;-45,11670723;SPRF-MG;DEL04-MG;UOP02-DEL04-MG
602122;21/05/2024;terça-feira;21:00:00;RJ;393;171;TRES RIOS;Conversão proibida;Colisão traseira;Com Vítimas Feridas;Plena Noite;Crescente;Céu Claro;Dupla;Reta;Não;4;0;1;0;1;2;1;3;-22,12300119;-43,16875093;SPRF-RJ;DEL05-RJ;UOP03-DEL05-RJ
602129;22/05/2024;quarta-feira;00:00:00;RO;364;692;CANDEIAS DO JAMARI;Ingestão de álcool pelo condutor;Colisão traseira;Sem Vítimas;Plena Noite;Crescente;Céu Claro;Simples;Reta;Sim;2;0;0;0;2;0;0;2;-8,79733425;-63,69814797;SPRF-RO;DEL01-RO;UOP01-DEL01-RO
602131;22/05/2024;quarta-feira;02:50:00;SC;101;129,5;BALNEARIO CAMBORIU;Reação tardia ou ineficiente do condutor;Colisão lateral mesmo sentido;Sem Vítimas;Plena Noite;Decrescente;Chuva;Dupla;Reta;Sim;3;0;0;0;2;1;0;3;-26,98064277;-48,6790679;SPRF-SC;DEL04-SC;UOP03-DEL04-SC
602133;22/05/2024;quarta-feira;02:30:00;MS;163;749;COXIM;Condutor Dormindo;Saída de leito carroçável;Com Vítimas Feridas;Plena Noite;Crescente;Céu Claro;Simples;Reta;Não;2;0;1;0;0;3;1;4;-18,356372;-54,66511408;SPRF-MS;DEL06-MS;UOP01-DEL06-MS
602137;22/05/2024;quarta-feira;06:00:00;MG;381;863,8;POUSO ALEGRE;Ausência de reação do condutor;Tombamento;Sem Vítimas;Pleno dia;Crescente;Céu Claro;Dupla;Reta;Não;2;0;0;0;1;3;0;4;-22,381389;-45,94581;SPRF-MG;DEL16-MG;UOP01-DEL16-MG
602139;22/05/2024;quarta-feira;03:30:00;PE;232;398;SERRA TALHADA;Condutor Dormindo;Saída de leito carroçável;Com Vítimas Feridas;Plena Noite;Decrescente;Nublado;Simples;Aclive;Não;3;0;2;0;0;1;2;2;-8,01412703;-38,20813901;SPRF-PE;DEL04-PE;UOP01-DEL04-PE
602140;22/05/2024;quarta-feira;05:31:00;PB;101;55,9;SANTA RITA;Condutor Dormindo;Colisão traseira;Com Vítimas Feridas;Pleno dia;Crescente;Nublado;Dupla;Reta;Não;2;0;0;1;0;1;1;2;-6,96928265;-35,08273602;SPRF-PB;DEL01-PB;UOP04-DEL01-PB
602141;22/05/2024;quarta-feira;05:30:00;ES;101;360,9;ANCHIETA;Velocidade Incompatível;Tombamento;Com Vítimas Fatais;Amanhecer;Decrescente;Nublado;Simples;"Curva;Declive";Não;4;2;0;1;0;1;1;4;-20,71074392;-40,72242606;SPRF-ES;DEL03-ES;UOP01-DEL03-ES
602143;06/05/2024;segunda-feira;13:40:00;PE;408;85;SAO LOURENCO DA MATA;Reação tardia ou ineficiente do condutor;Colisão lateral mesmo sentido;Com Vítimas Feridas;Pleno dia;Decrescente;Céu Claro;Dupla;Reta;Não;7;0;4;0;1;2;4;2;-7,95430093;-35,10252793;SPRF-PE;DEL01-PE;UOP01-DEL01-PE
602144;22/05/2024;quarta-feira;05:30:00;MT;70;63,5;GENERAL CARNEIRO;Ingestão de álcool pelo condutor;Tombamento;Sem Vítimas;Amanhecer;Crescente;Céu Claro;Simples;Reta;Não;2;0;0;0;1;2;0;3;-15,70580351;-52,71419085;SPRF-MT;DEL07-MT;UOP01-DEL07-MT
602146;21/05/2024;terça-feira;19:15:00;SC;470;57;BLUMENAU;Trafegar com motocicleta (ou similar) entre as faixas;Queda de ocupante de veículo;Com Vítimas Feridas;Plena Noite;Decrescente;Céu Claro;Simples;"Em Obras;Ponte";Não;2;0;1;0;1;0;1;2;-26,880428;-49,136532;SPRF-SC;DEL04-SC;UOP01-DEL04-SC
602151;22/05/2024;quarta-feira;05:22:00;SC;101;199;SAO JOSE;Acessar a via sem observar a presença dos outros veículos;Colisão traseira;Com Vítimas Feridas;Pleno dia;Crescente;Céu Claro;Dupla;Reta;Sim;4;0;0;1;2;1;1;3;-27,53413705;-48,63003205;SPRF-SC;DEL01-SC;UOP01-DEL01-SC
602155;22/05/2024;quarta-feira;06:00:00;PE;232;27;MORENO;Reação tardia ou ineficiente do condutor;Tombamento;Com Vítimas Feridas;Pleno dia;Crescente;Céu Claro;Dupla;Curva;Não;1;0;1;0;0;0;1;1;-8,11418416;-35,12568999;SPRF-PE;DEL01-PE;UOP01-DEL01-PE
602160;22/05/2024;quarta-feira;05:55:00;MG;153;188,6;FRUTAL;Condutor Dormindo;Saída de leito carroçável;Com Vítimas Feridas;Amanhecer;Crescente;Céu Claro;Simples;Declive;Não;2;0;1;0;0;1;1;2;-19,873552;-48,973881;SPRF-MG;DEL13-MG;UOP02-DEL13-MG
602162;22/05/2024;quarta-feira;08:15:00;PR;277;586;CASCAVEL;Desrespeitar a preferência no cruzamento;Colisão transversal;Com Vítimas Feridas;Pleno dia;Crescente;Céu Claro;Simples;Interseção de Vias;Sim;3;0;1;0;2;0;1;3;-24,9649472;-53,4210459;SPRF-PR;DEL04-PR;UOP01-DEL04-PR
602168;22/05/2024;quarta-feira;09:00:00;GO;60;73,3;ABADIANIA;Restrição de visibilidade em curvas horizontais;Colisão traseira;Com Vítimas Feridas;Pleno dia;Crescente;Céu Claro;Dupla;"Declive;Ponte";Não;11;0;2;0;8;5;2;15;-16,2759;-48,7774;SPRF-GO;DEL02-GO;UOP01-DEL02-GO
602172;22/05/2024;quarta-feira;06:40:00;PR;369;356,3;CAMPO MOURAO;Acessar a via sem observar a presença dos outros veículos;Colisão transversal;Com Vítimas Fatais;Amanhecer;Decrescente;Céu Claro;Simples;Reta;Não;6;1;0;3;2;0;3;2;-24,161377;-52,4800495;SPRF-PR;DEL09-PR;UOP03-DEL09-PR
602186;22/05/2024;quarta-feira;03:00:00;PE;428;108;SANTA MARIA DA BOA VISTA;Ausência de reação do condutor;Saída de leito carroçável;Com Vítimas Feridas;Plena Noite;Crescente;Céu Claro;Simples;Curva;Não;1;0;1;0;0;0;1;1;-8,87327346;-40,01846372;SPRF-PE;DEL06-PE;UOP03-DEL06-PE
602188;22/05/2024;quarta-feira;09:00:00;RJ;495;29;PETROPOLIS;Reação tardia ou ineficiente do condutor;Colisão com objeto;Com Vítimas Feridas;Pleno dia;Crescente;Céu Claro;Simples;Curva;Sim;2;0;1;0;1;0;1;2;-22,391611;-43,126202;SPRF-RJ;DEL05-RJ;UOP02-DEL05-RJ
602199;22/05/2024;quarta-feira;09:30:00;PR;277;0,5;PARANAGUA;Acessar a via sem observar a presença dos outros veículos;Colisão transversal;Com Vítimas Feridas;Pleno dia;Crescente;Sol;Simples;"Reta;Interseção de Vias";Sim;5;0;1;0;2;4;1;7;-25,51710554;-48,54018331;SPRF-PR;DEL01-PR;UOP05-DEL01-PR
602201;20/02/2024;terça-feira;03:30:00;MT;364;498;JANGADA;Demais falhas mecânicas ou elétricas;Incêndio;Com Vítimas Feridas;Plena Noite;Decrescente;Ignorado;Simples;Reta;Sim;2;0;1;0;0;3;1;4;-15,26383164;-56,45548663;SPRF-MT;DEL01-MT;UOP01-DEL01-MT
602208;22/05/2024;quarta-feira;10:40:00;SC;470;89,5;ASCURRA;Acessar a via sem observar a presença dos outros veículos;Colisão transversal;Com Vítimas Feridas;Pleno dia;Decrescente;Céu Claro;Simples;Reta;Sim;4;0;2;0;1;1;2;3;-26,961573;-49,371918;SPRF-SC;DEL04-SC;UOP01-DEL04-SC
602210;22/05/2024;quarta-feira;11:24:00;RN;406;149,8;CEARA-MIRIM;Ultrapassagem Indevida;Colisão transversal;Com Vítimas Feridas;Pleno dia;Decrescente;Sol;Simples;"Interseção de Vias;Reta";Sim;3;0;1;1;1;0;2;2;-5,6485583;-35,44127004;SPRF-RN;DEL02-RN;UOP01-DEL02-RN
602214;22/05/2024;quarta-feira;12:00:00;RJ;101;322;NITEROI;Acesso irregular;Colisão com objeto;Sem Vítimas;Pleno dia;Decrescente;Céu Claro;Múltipla;Reta;Não;2;0;0;0;1;2;0;3;-22,878923;-43,110676;SPRF-RJ;DEL02-RJ;UOP01-DEL02-RJ
602215;10/05/2024;sexta-feira;19:20:00;SC;470;189;POUSO REDONDO;Transitar na contramão;Colisão lateral sentido oposto;Sem Vítimas;Plena Noite;Decrescente;Nublado;Simples;"Curva;Em Obras";Não;4;0;0;0;2;2;0;4;-27,275368;-50,063206;SPRF-SC;DEL04-SC;UOP02-DEL04-SC
602221;22/05/2024;quarta-feira;11:40:00;PR;376;325;ORTIGUEIRA;Velocidade Incompatível;Tombamento;Com Vítimas Feridas;Pleno dia;Crescente;Céu Claro;Simples;"Curva;Declive";Não;13;0;5;5;2;4;10;7;-24,09427565;-51,04402976;SPRF-PR;DEL07-PR;UOP02-DEL07-PR
602222;22/05/2024;quarta-feira;12:30:00;GO;60;449;JATAI;Ausência de reação do condutor;Colisão traseira;Com Vítimas Fatais;Pleno dia;Decrescente;Céu Claro;Dupla;"Reta;Aclive";Não;4;1;0;0;1;4;0;6;-17,8514;-51,5158;SPRF-GO;DEL05-GO;UOP01-DEL05-GO
602226;22/05/2024;quarta-feira;13:20:00;SP;116;161;JACAREI;Reação tardia ou ineficiente do condutor;Colisão lateral mesmo sentido;Com Vítimas Feridas;Pleno dia;Decrescente;Sol;Dupla;Reta;Não;3;0;1;0;1;1;1;3;-23,27617003;-45,97592098;SPRF-SP;DEL02-SP;UOP01-DEL02-SP
602229;22/05/2024;quarta-feira;13:25:00;BA;324;0,2;FEIRA DE SANTANA;Condutor deixou de manter distância do veículo da frente;Colisão traseira;Com Vítimas Feridas;Pleno dia;Decrescente;Sol;Dupla;"Interseção de Vias;Reta";Sim;5;0;2;0;2;1;2;3;-12,27478;-38,93932;SPRF-BA;DEL02-BA;UOP01-DEL02-BA
602231;22/05/2024;quarta-feira;09:30:00;SP;116;513;CAJATI;Ausência de reação do condutor;Saída de leito carroçável;Com Vítimas Feridas;Pleno dia;Decrescente;Sol;Simples;"Curva;Declive";Não;2;0;1;0;0;1;1;2;-24,85109616;-48,21802405;SPRF-SP;DEL05-SP;UOP02-DEL05-SP
602233;22/05/2024;quarta-feira;14:13:00;PR;163;8,7;BARRACAO;Desrespeitar a preferência no cruzamento;Colisão transversal;Com Vítimas Feridas;Pleno dia;Decrescente;Céu Claro;Dupla;Reta;Sim;2;0;1;0;1;0;1;2;-26,25066;-53,635523;SPRF-PR;DEL02-PR;UOP02-DEL02-PR
602235;22/05/2024;quarta-feira;14:25:00;PE;101;9;GOIANA;Manobra de mudança de faixa;Colisão transversal;Com Vítimas Feridas;Pleno dia;Decrescente;Céu Claro;Dupla;"Reta;Declive";Não;3;0;1;1;1;0;2;3;-7,57788903;-34,98847822;SPRF-PE;DEL01-PE;UOP02-DEL01-PE
602236;30/04/2024;terça-feira;15:00:00;SP;116;132;CACAPAVA;Reação tardia ou ineficiente do condutor;Engavetamento;Com Vítimas Feridas;Pleno dia;Decrescente;Céu Claro;Dupla;Reta;Não;5;0;1;0;2;2;1;4;-23,13169757;-45,74481322;SPRF-SP;DEL02-SP;UOP02-DEL02-SP
602239;22/05/2024;quarta-feira;15:15:00;MA;10;211,5;RIBAMAR FIQUENE;Transitar na contramão;Colisão frontal;Com Vítimas Feridas;Pleno dia;Crescente;Céu Claro;Simples;Reta;Não;5;0;1;1;2;1;2;3;-5,872023;-47,360218;SPRF-MA;DEL04-MA;UOP01-DEL04-MA
602240;22/05/2024;quarta-feira;13:14:00;MT;364;577;NOBRES;Demais falhas mecânicas ou elétricas;Incêndio;Sem Vítimas;Pleno dia;Crescente;Sol;Dupla;Reta;Não;2;0;0;0;1;3;0;4;-14,67978396;-56,30039119;SPRF-MT;DEL01-MT;UOP01-DEL01-MT
602241;22/05/2024;quarta-feira;14:45:00;SP;153;62,2;SAO JOSE DO RIO PRETO;Condutor deixou de manter distância do veículo da frente;Colisão traseira;Sem Vítimas;Pleno dia;Crescente;Céu Claro;Simples;"Reta;Aclive";Sim;2;0;0;0;2;0;0;2;-20,81325404;-49,35675563;SPRF-SP;DEL09-SP;UOP01-DEL09-SP
602249;22/05/2024;quarta-feira;16:00:00;DF;70;9;BRASILIA;Entrada inopinada do pedestre;Atropelamento de Pedestre;Com Vítimas Feridas;Pleno dia;Crescente;Céu Claro;Dupla;Reta;Sim;2;0;1;0;1;0;1;2;-15,784615;-48,132023;SPRF-DF;DEL03-DF;UOP02-DEL03-DF
602251;22/05/2024;quarta-feira;14:40:00;SC;101;198;BIGUACU;Ausência de reação do condutor;Queda de ocupante de veículo;Com Vítimas Feridas;Pleno dia;Decrescente;Céu Claro;Dupla;Reta;Sim;2;0;1;0;0;1;1;2;-27,52658712;-48,63506019;SPRF-SC;DEL01-SC;UOP01-DEL01-SC
602252;22/05/2024;quarta-feira;17:00:00;MG;262;398;FLORESTAL;Acessar a via sem observar a presença dos outros veículos;Colisão lateral mesmo sentido;Com Vítimas Feridas;Pleno dia;Crescente;Céu Claro;Dupla;Reta;Não;2;0;0;1;1;0;1;2;-19,90299685;-44,524329;SPRF-MG;DEL01-MG;UOP03-DEL01-MG
602256;22/05/2024;quarta-feira;15:50:00;TO;153;734;FIGUEIROPOLIS;Demais falhas mecânicas ou elétricas;Colisão traseira;Com Vítimas Feridas;Pleno dia;Decrescente;Céu Claro;Simples;"Reta;Declive";Não;2;0;1;0;1;0;1;2;-12,24414003;-49,1585705;SPRF-TO;DEL01-TO;UOP02-DEL01-TO
602257;22/05/2024;quarta-feira;17:20:00;TO;153;683,6;CARIRI DO TOCANTINS;Mal súbito do condutor;Saída de leito carroçável;Sem Vítimas;Pleno dia;Crescente;Céu Claro;Simples;Reta;Não;3;0;0;0;2;1;0;2;-11,813967;-49,12936499;SPRF-TO;DEL01-TO;UOP02-DEL01-TO
602261;22/05/2024;quarta-feira;14:41:00;SC;101;198;BIGUACU;Ausência de reação do condutor;Queda de ocupante de veículo;Com Vítimas Feridas;Pleno dia;Decrescente;Céu Claro;Dupla;Reta;Sim;2;0;1;0;0;1;1;2;-27,52658712;-48,63506019;SPRF-SC;DEL01-SC;UOP01-DEL01-SC
602265;22/05/2024;quarta-feira;13:30:00;CE;222;197,5;FORQUILHA;Velocidade Incompatível;Derramamento de carga;Sem Vítimas;Pleno dia;Crescente;Céu Claro;Simples;Curva;Não;2;0;0;0;1;1;0;2;-3,80377236;-40,18363237;SPRF-CE;DEL04-CE;UOP01-DEL04-CE
602271;18/04/2024;quinta-feira;07:10:00;RJ;101;466;ANGRA DOS REIS;Pista Escorregadia;Saída de leito carroçável;Com Vítimas Feridas;Pleno dia;Crescente;Chuva;Simples;Curva;Não;2;0;0;1;0;1;1;2;-23,01090507;-44,20795621;SPRF-RJ;DEL03-RJ;UOP03-DEL03-RJ
602274;22/05/2024;quarta-feira;18:00:00;RS;290;100;PORTO ALEGRE;Condutor deixou de manter distância do veículo da frente;Colisão transversal;Sem Vítimas;Plena Noite;Crescente;Céu Claro;Dupla;Reta;Sim;2;0;0;0;2;0;0;2;-29,988646;-51,236553;SPRF-RS;DEL01-RS;UOP01-DEL01-RS
602277;22/05/2024;quarta-feira;18:50:00;RJ;465;5,6;SEROPEDICA;Entrada inopinada do pedestre;Atropelamento de Pedestre;Com Vítimas Fatais;Plena Noite;Crescente;Céu Claro;Simples;Reta;Sim;2;1;0;0;1;0;0;2;-22,747673;-43,699196;SPRF-RJ;DEL06-RJ;UOP02-DEL06-RJ
602288;22/05/2024;quarta-feira;17:30:00;SC;116;53;PAPANDUVA;Conversão proibida;Colisão transversal;Sem Vítimas;Anoitecer;Decrescente;Céu Claro;Simples;Reta;Não;4;0;0;0;3;1;0;4;-26,3932492;-50,15515026;SPRF-SC;DEL06-SC;UOP01-DEL06-SC
602294;22/05/2024;quarta-feira;20:02:00;TO;153;752;ALVORADA;Ausência de reação do condutor;Colisão lateral mesmo sentido;Com Vítimas Feridas;Plena Noite;Crescente;Céu Claro;Simples;Reta;Não;3;0;1;0;2;0;1;2;-12,40052515;-49,12924947;SPRF-TO;DEL01-TO;UOP02-DEL01-TO
602298;22/05/2024;quarta-feira;19:00:00;PA;10;163,4;PARAGOMINAS;Transitar na contramão;Colisão frontal;Com Vítimas Fatais;Plena Noite;Crescente;Nublado;Simples;Reta;Sim;3;1;0;1;1;0;1;2;-3,00955206;-47,46111276;SPRF-PA;DEL02-PA;UOP01-DEL02-PA
602300;22/05/2024;quarta-feira;20:49:00;SC;280;22,6;ARAQUARI;Transitar no Acostamento;Colisão lateral sentido oposto;Com Vítimas Feridas;Plena Noite;Crescente;Nublado;Simples;Reta;Sim;2;0;0;1;0;1;1;2;-26,37092616;-48,70204099;SPRF-SC;DEL03-SC;UOP03-DEL03-SC
602303;22/05/2024;quarta-feira;12:50:00;MA;222;250;ARARI;Condutor deixou de manter distância do veículo da frente;Colisão traseira;Sem Vítimas;Pleno dia;Crescente;Céu Claro;Simples;Reta;Não;3;0;0;0;2;1;0;3;-3,56104401;-44,58634819;SPRF-MA;DEL01-MA;UOP02-DEL01-MA
602306;22/05/2024;quarta-feira;13:45:00;BA;242;254;BOA VISTA DO TUPIM;Problema com o freio;Incêndio;Sem Vítimas;Pleno dia;Decrescente;Céu Claro;Simples;Reta;Não;2;0;0;0;1;1;0;2;-12,493283;-40,508964;SPRF-BA;DEL06-BA;UOP02-DEL06-BA
602307;22/05/2024;quarta-feira;17:30:00;MG;365;581;INDIANOPOLIS;Carga excessiva e/ou mal acondicionada;Incêndio;Sem Vítimas;Pleno dia;Crescente;Céu Claro;Dupla;Reta;Não;2;0;0;0;1;1;0;2;-18,87146919;-47,96460406;SPRF-MG;DEL15-MG;UOP02-DEL15-MG
602308;22/05/2024;quarta-feira;22:00:00;MG;40;469,4;SETE LAGOAS;Carga excessiva e/ou mal acondicionada;Tombamento;Com Vítimas Feridas;Plena Noite;Crescente;Céu Claro;Dupla;Curva;Não;1;0;1;0;0;0;1;1;-19,46099279;-44,30121988;SPRF-MG;DEL02-MG;UOP01-DEL02-MG
602309;22/05/2024;quarta-feira;18:55:00;PR;153;414;PAULO FRONTIN;Acessar a via sem observar a presença dos outros veículos;Colisão transversal;Sem Vítimas;Plena Noite;Decrescente;Céu Claro;Simples;"Reta;Declive";Não;3;0;0;0;1;3;0;4;-26,05669132;-50,81113994;SPRF-PR;DEL08-PR;UOP02-DEL08-PR
602310;22/05/2024;quarta-feira;22:30:00;SP;381;66;MAIRIPORA;Reação tardia ou ineficiente do condutor;Colisão lateral mesmo sentido;Com Vítimas Feridas;Plena Noite;Crescente;Céu Claro;Dupla;Reta;Não;4;0;1;0;2;2;1;4;-23,316547;-46,58251;SPRF-SP;DEL03-SP;UOP01-DEL03-SP
602314;22/05/2024;quarta-feira;23:00:00;SP;116;361,8;MIRACATU;Ausência de reação do condutor;Tombamento;Com Vítimas Feridas;Plena Noite;Crescente;Nevoeiro/Neblina;Dupla;"Curva;Declive";Não;2;0;0;1;0;1;1;2;-24,1215625;-47,2701875;SPRF-SP;DEL04-SP;UOP03-DEL04-SP
602318;22/05/2024;quarta-feira;13:15:00;AM;174;955;MANAUS;Acessar a via sem observar a presença dos outros veículos;Colisão traseira;Sem Vítimas;Pleno dia;Decrescente;Sol;Simples;Reta;Não;4;0;0;0;3;1;0;4;-2,35501302;-60,04351209;SPRF-AM;DEL01-AM;UOP01-DEL01-AM
602319;22/05/2024;quarta-feira;19:10:00;SC;116;71,6;MONTE CASTELO;Ingestão de álcool pelo condutor;Colisão lateral sentido oposto;Com Vítimas Fatais;Plena Noite;Crescente;Nublado;Simples;"Reta;Aclive";Não;4;1;0;0;2;2;0;5;-26,4832019;-50,2325697;SPRF-SC;DEL06-SC;UOP02-DEL06-SC
602320;22/05/2024;quarta-feira;20:30:00;MG;50;2,5;ARAGUARI;Ausência de reação do condutor;Colisão traseira;Com Vítimas Feridas;Plena Noite;Crescente;Vento;Dupla;"Reta;Aclive";Não;3;0;1;0;1;3;1;5;-18,43742886;-48,05720379;SPRF-MG;DEL15-MG;UOP02-DEL15-MG
602322;22/05/2024;quarta-feira;23:30:00;PR;376;12;MARINGA;Ultrapassagem Indevida;Colisão lateral mesmo sentido;Sem Vítimas;Plena Noite;Crescente;Céu Claro;Dupla;Reta;Não;3;0;0;0;2;1;0;3;-23,4273;-51,9375;SPRF-PR;DEL09-PR;UOP01-DEL09-PR
602324;23/05/2024;quinta-feira;00:30:00;MT;163;643;NOVA MUTUM;Reação tardia ou ineficiente do condutor;Tombamento;Com Vítimas Feridas;Plena Noite;Decrescente;Céu Claro;Simples;Reta;Não;3;0;1;0;0;3;1;4;-13,53091506;-56,02609939;SPRF-MT;DEL06-MT;UOP01-DEL06-MT
602329;23/05/2024;quinta-feira;04:25:00;MS;163;149;NAVIRAI;Acessar a via sem observar a presença dos outros veículos;Colisão transversal;Com Vítimas Feridas;Plena Noite;Crescente;Céu Claro;Simples;Declive;Não;4;0;0;1;1;3;1;5;-22,97072173;-54,42008972;SPRF-MS;DEL09-MS;UOP01-DEL09-MS