id;data_inversa;dia_semana;horario;uf;br;km;municipio;causa_acidente;tipo_acidente;classificacao_acidente;fase_dia;sentido_via;condicao_metereologica;tipo_pista;tracado_via;uso_solo;pessoas;mortos;feridos_leves;feridos_graves;ilesos;ignorados;feridos;veiculos;latitude;longitude;regional;delegacia;uop
602332;23/05/2024;quinta-feira;05:40:00;RJ;101;276;TANGUA;Acessar a via sem observar a presença dos outros veículos;Colisão traseira;Com Vítimas Feridas;Amanhecer;Decrescente;Sol;Dupla;Retorno Regulamentado;Não;4;0;2;0;1;1;2;3;-22,73796393;-42,73871802;SPRF-RJ;DEL02-RJ;UOP03-DEL02-RJ
602338;23/05/2024;quinta-feira;06:38:00;MG;381;509;SAO JOAQUIM DE BICAS;Ausência de reação do condutor;Colisão lateral mesmo sentido;Com Vítimas Feridas;Pleno dia;Crescente;Céu Claro;Dupla;Reta;Sim;3;0;1;0;1;1;1;3;-20,07008;-44,298819;SPRF-MG;DEL01-MG;UOP03-DEL01-MG
602340;23/05/2024;quinta-feira;00:00:00;SP;116;513;CAJATI;Ausência de reação do condutor;Tombamento;Com Vítimas Feridas;Plena Noite;Decrescente;Garoa/Chuvisco;Dupla;"Curva;Declive";Não;2;0;0;1;0;1;1;2;-24,85109616;-48,21802405;SPRF-SP;DEL05-SP;UOP02-DEL05-SP
602347;23/05/2024;quinta-feira;06:30:00;SC;116;247,8;LAGES;Neblina;Colisão traseira;Com Vítimas Feridas;Amanhecer;Crescente;Nevoeiro/Neblina;Simples;"Interseção de Vias;Reta";Sim;3;0;1;0;1;2;1;4;-27,81801267;-50,37304401;SPRF-SC;DEL05-SC;UOP02-DEL05-SC
602352;23/05/2024;quinta-feira;00:30:00;RO;364;436,5;JARU;Condutor deixou de manter distância do veículo da frente;Colisão traseira;Sem Vítimas;Plena Noite;Crescente;Céu Claro;Simples;Aclive;Não;3;0;0;0;2;3;0;5;-10,37739925;-62,55303028;SPRF-RO;DEL03-RO;UOP02-DEL03-RO
602356;15/04/2024;segunda-feira;05:00:00;PI;407;472;JAICOS;Ausência de reação do condutor;Colisão traseira;Com Vítimas Feridas;Amanhecer;Decrescente;Céu Claro;Simples;Aclive;Não;3;0;1;0;2;0;1;2;-7,38598753;-41,16180152;SPRF-PI;DEL04-PI;UOP01-DEL04-PI
602358;23/05/2024;quinta-feira;08:00:00;MG;40;563;NOVA LIMA;Pista Escorregadia;Queda de ocupante de veículo;Com Vítimas Feridas;Pleno dia;Crescente;Céu Claro;Dupla;Viaduto;Sim;3;0;1;0;1;1;1;3;-20,15241986;-43,96263156;SPRF-MG;DEL01-MG;UOP02-DEL01-MG
602361;23/05/2024;quinta-feira;08:00:00;SP;116;156;SAO JOSE DOS CAMPOS;Acessar a via sem observar a presença dos outros veículos;Colisão lateral mesmo sentido;Com Vítimas Feridas;Pleno dia;Decrescente;Céu Claro;Múltipla;"Aclive;Reta";Sim;3;0;1;0;2;0;1;2;-23,25044084;-45,93572909;SPRF-SP;DEL02-SP;UOP01-DEL02-SP
602363;23/05/2024;quinta-feira;05:05:00;BA;116;875,5;VITORIA DA CONQUISTA;Reação tardia ou ineficiente do condutor;Colisão lateral sentido oposto;Sem Vítimas;Amanhecer;Decrescente;Céu Claro;Simples;Reta;Não;3;0;0;0;2;1;0;3;-15,16992312;-41,06280781;SPRF-BA;DEL08-BA;UOP03-DEL08-BA
602364;23/05/2024;quinta-feira;07:22:00;RS;290;347,8;CACAPAVA DO SUL;Afundamento ou ondulação no pavimento;Colisão frontal;Com Vítimas Feridas;Pleno dia;Crescente;Chuva;Simples;"Curva;Aclive";Não;5;0;0;1;3;1;1;3;-30,372007;-53,655449;SPRF-RS;DEL09-RS;UOP02-DEL09-RS
602365;23/05/2024;quinta-feira;08:15:00;DF;60;3;BRASILIA;Manobra de mudança de faixa;Colisão traseira;Com Vítimas Feridas;Pleno dia;Crescente;Céu Claro;Dupla;Reta;Não;2;0;1;0;1;0;1;2;-15,890521;-48,086864;SPRF-DF;DEL03-DF;UOP01-DEL03-DF
602376;23/05/2024;quinta-feira;08:00:00;MA;135;7;SAO LUIS;Acessar a via sem observar a presença dos outros veículos;Colisão transversal;Com Vítimas Feridas;Pleno dia;Crescente;Sol;Dupla;"Rotatória;Declive";Sim;3;0;1;0;1;1;1;3;-2,63608835;-44,26848552;SPRF-MA;DEL01-MA;UOP01-DEL01-MA
602383;23/05/2024;quinta-feira;04:00:00;MA;230;80,5;SAO JOAO DOS PATOS;Reação tardia ou ineficiente do condutor;Tombamento;Com Vítimas Feridas;Amanhecer;Decrescente;Céu Claro;Simples;"Curva;Declive";Não;2;0;1;0;0;2;1;3;-6,48823939;-43,60143507;SPRF-PI;DEL03-PI;UOP01-DEL03-PI
602386;23/05/2024;quinta-feira;10:40:00;SP;116;197;ARUJA;Reação tardia ou ineficiente do condutor;Colisão traseira;Com Vítimas Feridas;Pleno dia;Crescente;Céu Claro;Dupla;"Curva;Aclive";Não;2;0;1;0;0;1;1;2;-23,39721625;-46,29284287;SPRF-SP;DEL01-SP;UOP01-DEL01-SP
602392;23/05/2024;quinta-feira;06:00:00;RN;304;92,8;ACU;Condutor Dormindo;Colisão com objeto;Com Vítimas Feridas;Pleno dia;Decrescente;Céu Claro;Simples;"Reta;Declive";Não;2;0;1;0;0;1;1;2;-5,53974465;-37,08600283;SPRF-RN;DEL04-RN;UOP01-DEL04-RN
602393;23/05/2024;quinta-feira;09:40:00;PR;163;7,6;BARRACAO;Acessar a via sem observar a presença dos outros veículos;Colisão transversal;Sem Vítimas;Pleno dia;Crescente;Céu Claro;Simples;"Reta;Interseção de Vias;Rotatória";Sim;2;0;0;0;2;0;0;2;-26,257765;-53,618507;SPRF-PR;DEL02-PR;UOP02-DEL02-PR
602394;07/05/2024;terça-feira;10:03:00;PE;232;38;VITORIA DE SANTO ANTAO;Reação tardia ou ineficiente do condutor;Colisão traseira;Com Vítimas Feridas;Pleno dia;Decrescente;Céu Claro;Dupla;Reta;Não;2;0;0;1;1;0;1;2;-8,11486109;-35,21852698;SPRF-PE;DEL01-PE;UOP01-DEL01-PE
602396;23/05/2024;quinta-feira;10:37:00;GO;60;381;RIO VERDE;Manobra de mudança de faixa;Colisão lateral mesmo sentido;Com Vítimas Feridas;Pleno dia;Crescente;Céu Claro;Dupla;"Retorno Regulamentado;Reta";Sim;3;0;1;0;1;3;1;5;-17,78387458;-50,89907885;SPRF-GO;DEL04-GO;UOP02-DEL04-GO
602397;23/05/2024;quinta-feira;11:35:00;SE;235;59;ITABAIANA;Demais falhas mecânicas ou elétricas;Colisão com objeto;Sem Vítimas;Pleno dia;Crescente;Céu Claro;Simples;Reta;Não;3;0;0;0;3;0;0;3;-10,63273;-37,45686;SPRF-SE;DEL01-SE;UOP02-DEL01-SE
602402;23/05/2024;quinta-feira;08:40:00;RJ;393;118,9;SAPUCAIA;Ausência de reação do condutor;Tombamento;Com Vítimas Feridas;Pleno dia;Decrescente;Céu Claro;Simples;Curva;Não;2;0;1;0;0;1;1;2;-21,92646988;-42,77880706;SPRF-RJ;DEL05-RJ;UOP01-DEL05-RJ
602404;27/04/2024;sábado;07:30:00;MA;135;13;SAO LUIS;Problema com o freio;Colisão traseira;Com Vítimas Feridas;Pleno dia;Crescente;Chuva;Dupla;"Declive;Reta";Sim;16;0;1;0;14;2;1;17;-2,68053538;-44,29512283;SPRF-MA;DEL01-MA;UOP01-DEL01-MA
602407;23/05/2024;quinta-feira;09:30:00;BA;101;261;SANTO ANTONIO DE JESUS;Ultrapassagem Indevida;Colisão transversal;Sem Vítimas;Pleno dia;Crescente;Céu Claro;Simples;"Reta;Retorno Regulamentado";Sim;3;0;0;0;1;2;0;3;-13,0815032;-39,27559444;SPRF-BA;DEL01-BA;UOP02-DEL01-BA
602411;11/03/2024;segunda-feira;07:40:00;ES;101;134,9;LINHARES;Acessar a via sem observar a presença dos outros veículos;Colisão transversal;Com Vítimas Feridas;Pleno dia;Crescente;Céu Claro;Simples;Interseção de Vias;Não;2;0;1;0;1;0;1;2;-19,26602502;-40,08886123;SPRF-ES;DEL04-ES;UOP01-DEL04-ES
602413;23/05/2024;quinta-feira;10:41:00;MG;251;311;SALINAS;Demais falhas mecânicas ou elétricas;Incêndio;Sem Vítimas;Pleno dia;Decrescente;Céu Claro;Simples;Aclive;Sim;2;0;0;0;1;12;0;13;-16,16176156;-42,31423269;SPRF-MG;DEL12-MG;UOP02-DEL12-MG
602418;23/05/2024;quinta-feira;14:40:00;SP;116;289,1;ITAPECERICA DA SERRA;Ausência de reação do condutor;Colisão lateral mesmo sentido;Sem Vítimas;Pleno dia;Decrescente;Sol;Dupla;Reta;Não;2;0;0;0;1;1;0;2;-23,72290969;-46,89096614;SPRF-SP;DEL04-SP;UOP01-DEL04-SP
602419;23/05/2024;quinta-feira;11:30:00;MT;163;527;DIAMANTINO;Acessar a via sem observar a presença dos outros veículos;Colisão lateral mesmo sentido;Com Vítimas Feridas;Pleno dia;Decrescente;Céu Claro;Simples;Reta;Não;2;0;1;0;1;0;1;2;-14,4290105;-56,11504994;SPRF-MT;DEL01-MT;UOP01-DEL01-MT
602420;23/05/2024;quinta-feira;10:05:00;SC;153;97,2;CONCORDIA;Acessar a via sem observar a presença dos outros veículos;Colisão transversal;Com Vítimas Feridas;Pleno dia;Crescente;Sol;Simples;Reta;Sim;4;0;1;0;2;1;1;4;-27,22921818;-51,95297241;SPRF-SC;DEL07-SC;UOP04-DEL07-SC
602423;23/05/2024;quinta-feira;14:55:00;SC;116;6;MAFRA;Reação tardia ou ineficiente do condutor;Colisão traseira;Com Vítimas Feridas;Pleno dia;Decrescente;Céu Claro;Simples;Reta;Sim;4;0;1;0;3;0;1;2;-26,14644691;-49,82305806;SPRF-SC;DEL06-SC;UOP01-DEL06-SC
602426;23/05/2024;quinta-feira;11:35:00;MG;116;527,9;CARATINGA;Demais falhas na via;Colisão com objeto;Sem Vítimas;Pleno dia;Crescente;Sol;Simples;Ponte;Sim;2;0;0;0;1;1;0;2;-19,79589034;-42,13754654;SPRF-MG;DEL06-MG;UOP02-DEL06-MG
602430;23/05/2024;quinta-feira;14:10:00;SC;480;124,7;CHAPECO;Manobra de mudança de faixa;Colisão lateral mesmo sentido;Sem Vítimas;Pleno dia;Crescente;Chuva;Dupla;Reta;Não;3;0;0;0;3;0;0;3;-27,00359519;-52,64391044;SPRF-SC;DEL07-SC;UOP01-DEL07-SC
602433;23/05/2024;quinta-feira;15:34:00;DF;0;0;BRASILIA;Ausência de reação do condutor;Colisão lateral mesmo sentido;Sem Vítimas;Pleno dia;Não Informado;Céu Claro;Dupla;Reta;Não;3;0;0;0;2;1;0;3;-15,96626437;-48,02047312;SPRF-DF;DEL01-DF;UOP01-DEL01-DF
602434;23/05/2024;quinta-feira;14:34:00;MG;153;134,6;PRATA;Velocidade Incompatível;Colisão frontal;Com Vítimas Fatais;Pleno dia;Crescente;Céu Claro;Simples;Reta;Não;3;1;0;1;0;4;1;6;-19,51436207;-48,84030206;SPRF-MG;DEL15-MG;UOP03-DEL15-MG
602439;23/05/2024;quinta-feira;15:46:00;MG;365;623;UBERLANDIA;Mal súbito do condutor;Colisão com objeto;Com Vítimas Feridas;Pleno dia;Crescente;Céu Claro;Dupla;Declive;Sim;7;0;5;0;1;1;5;3;-18,9100325;-48,30694985;SPRF-MG;DEL15-MG;UOP01-DEL15-MG
602441;23/05/2024;quinta-feira;16:05:00;BA;116;15;VITORIA DA CONQUISTA;Acessar a via sem observar a presença dos outros veículos;Colisão transversal;Com Vítimas Feridas;Pleno dia;Decrescente;Céu Claro;Simples;Reta;Sim;2;0;1;0;1;0;1;2;-14,9006495;-40,85323161;SPRF-BA;DEL08-BA;UOP01-DEL08-BA
602447;23/05/2024;quinta-feira;15:09:00;PE;428;169;PETROLINA;Ausência de reação do condutor;Colisão traseira;Sem Vítimas;Pleno dia;Decrescente;Céu Claro;Simples;Reta;Não;5;0;0;0;2;3;0;3;-9,21355685;-40,40269118;SPRF-PE;DEL06-PE;UOP01-DEL06-PE
602453;23/05/2024;quinta-feira;15:10:00;SC;470;257;CURITIBANOS;Ausência de reação do condutor;Saída de leito carroçável;Com Vítimas Feridas;Pleno dia;Crescente;Nublado;Simples;"Reta;Aclive";Não;2;0;1;0;0;2;1;3;-27,30900037;-50,63909769;SPRF-SC;DEL05-SC;UOP03-DEL05-SC
602455;23/05/2024;quinta-feira;16:00:00;RJ;101;213;CASIMIRO DE ABREU;Manobra de mudança de faixa;Colisão lateral mesmo sentido;Com Vítimas Feridas;Anoitecer;Crescente;Céu Claro;Dupla;Reta;Não;5;0;1;0;4;0;1;2;-22,49143999;-42,26199401;SPRF-RJ;DEL08-RJ;UOP04-DEL08-RJ
602462;23/05/2024;quinta-feira;17:40:00;PE;101;77,5;RECIFE;Condutor deixou de manter distância do veículo da frente;Colisão traseira;Com Vítimas Feridas;Anoitecer;Crescente;Céu Claro;Dupla;"Reta;Declive;Retorno Regulamentado";Sim;3;0;1;0;1;1;1;3;-8,131675;-34,945346;SPRF-PE;DEL01-PE;UOP01-DEL01-PE
602482;14/05/2024;terça-feira;21:00:00;BA;407;170;PONTO NOVO;Ingestão de álcool pelo condutor;Saída de leito carroçável;Com Vítimas Feridas;Plena Noite;Crescente;Ignorado;Simples;Reta;Não;3;0;1;0;2;0;1;2;-10,83915097;-40,11345868;SPRF-BA;DEL04-BA;UOP01-DEL04-BA
602484;23/05/2024;quinta-feira;18:30:00;PR;376;500;PONTA GROSSA;Pedestre andava na pista;Atropelamento de Pedestre;Com Vítimas Fatais;Anoitecer;Crescente;Nublado;Simples;Reta;Não;3;1;1;0;1;0;1;3;-25,20185079;-50,07092178;SPRF-PR;DEL03-PR;UOP04-DEL03-PR
602486;03/05/2024;sexta-feira;18:30:00;ES;101;293;CARIACICA;Reação tardia ou ineficiente do condutor;Colisão traseira;Com Vítimas Feridas;Plena Noite;Decrescente;Céu Claro;Dupla;Reta;Sim;2;0;1;0;1;0;1;2;-20,31526144;-40,39567044;SPRF-ES;DEL01-ES;UOP01-DEL01-ES
602490;23/05/2024;quinta-feira;16:00:00;MG;262;553,5;LUZ;Demais falhas mecânicas ou elétricas;Tombamento;Sem Vítimas;Pleno dia;Crescente;Sol;Simples;"Curva;Declive";Não;1;0;0;0;1;0;0;1;-19,707784;-45,919661;SPRF-MG;DEL08-MG;UOP02-DEL08-MG
602492;23/05/2024;quinta-feira;17:16:00;RO;364;72;VILHENA;Reação tardia ou ineficiente do condutor;Tombamento;Com Vítimas Feridas;Pleno dia;Decrescente;Céu Claro;Simples;"Curva;Declive";Não;2;0;0;1;0;1;1;2;-12,45355287;-60,51023987;SPRF-RO;DEL04-RO;UOP01-DEL04-RO
602497;23/05/2024;quinta-feira;18:40:00;RR;401;71;BONFIM;Transitar no Acostamento;Colisão frontal;Com Vítimas Fatais;Plena Noite;Crescente;Nublado;Simples;Reta;Não;5;1;0;0;1;5;0;6;3,17182021;-60,22293812;SPRF-RR;DEL01-RR;UOP01-DEL01-RR
602499;23/05/2024;quinta-feira;18:30:00;RS;290;262;CACHOEIRA DO SUL;Ausência de reação do condutor;Colisão com objeto;Com Vítimas Feridas;Plena Noite;Decrescente;Chuva;Simples;Interseção de Vias;Não;2;0;0;1;1;0;1;1;-30,26476456;-52,85408735;SPRF-RS;DEL02-RS;UOP03-DEL02-RS
602506;23/05/2024;quinta-feira;18:45:00;GO;60;341;SANTO ANTONIO DA BARRA;Carga excessiva e/ou mal acondicionada;Colisão com objeto;Sem Vítimas;Plena Noite;Decrescente;Céu Claro;Dupla;Reta;Sim;3;0;0;0;2;1;0;2;-17,56143305;-50,63354015;SPRF-GO;DEL04-GO;UOP02-DEL04-GO
602510;23/05/2024;quinta-feira;20:15:00;PR;153;31,3;SANTO ANTONIO DA PLATINA;Acessar a via sem observar a presença dos outros veículos;Colisão transversal;Com Vítimas Feridas;Plena Noite;Crescente;Céu Claro;Simples;Reta;Não;3;0;0;1;1;1;1;3;-23,22262134;-50,02015382;SPRF-PR;DEL07-PR;UOP04-DEL07-PR
602513;23/05/2024;quinta-feira;17:20:00;PA;230;115;MARABA;Ausência de reação do condutor;Colisão traseira;Sem Vítimas;Anoitecer;Crescente;Céu Claro;Dupla;Reta;Sim;2;0;0;0;2;0;0;2;-5,36241425;-49,07496007;SPRF-PA;DEL03-PA;UOP01-DEL03-PA
602515;23/05/2024;quinta-feira;18:15:00;RS;158;159,6;PANAMBI;Objeto estático sobre o leito carroçável;Saída de leito carroçável;Com Vítimas Fatais;Plena Noite;Crescente;Chuva;Simples;Reta;Não;2;1;0;0;1;0;0;1;-28,36859482;-53,50530624;SPRF-RS;DEL10-RS;UOP02-DEL10-RS
602518;23/05/2024;quinta-feira;23:30:00;RS;285;300,7;PASSO FUNDO;Condutor Dormindo;Colisão lateral sentido oposto;Com Vítimas Feridas;Plena Noite;Crescente;Garoa/Chuvisco;Simples;Reta;Não;3;0;1;0;1;1;1;3;-28,229494;-52,441837;SPRF-RS;DEL08-RS;UOP03-DEL08-RS
602519;23/05/2024;quinta-feira;23:00:00;PR;376;175;MARINGA;Manobra de mudança de faixa;Colisão lateral mesmo sentido;Com Vítimas Feridas;Plena Noite;Crescente;Céu Claro;Dupla;Reta;Sim;3;0;1;0;1;1;1;3;-23,4113569;-51,9407767;SPRF-PR;DEL09-PR;UOP01-DEL09-PR
602523;23/05/2024;quinta-feira;22:30:00;PR;277;293;PRUDENTOPOLIS;Ausência de sinalização;Colisão frontal;Com Vítimas Feridas;Plena Noite;Crescente;Garoa/Chuvisco;Simples;Curva;Não;3;0;1;0;1;4;1;6;-25,31908557;-51,03200708;SPRF-PR;DEL08-PR;UOP02-DEL08-PR
602524;23/05/2024;quinta-feira;22:20:00;RS;392;186;SANTANA DA BOA VISTA;Ingestão de álcool pelo condutor;Saída de leito carroçável;Sem Vítimas;Plena Noite;Crescente;Chuva;Simples;"Reta;Declive";Não;2;0;0;0;1;1;0;2;-30,94965455;-53,05668292;SPRF-RS;DEL07-RS;UOP01-DEL07-RS
602525;23/05/2024;quinta-feira;22:00:00;SC;470;92,5;APIUNA;Ausência de reação do condutor;Colisão traseira;Com Vítimas Fatais;Plena Noite;Decrescente;Chuva;Simples;Reta;Não;3;1;0;0;1;1;0;3;-26,9912017;-49,3749802;SPRF-SC;DEL04-SC;UOP01-DEL04-SC
602530;23/05/2024;quinta-feira;18:45:00;MA;135;4,3;SAO LUIS;Falta de elemento de contenção que evite a saída do leito carroçável;Colisão lateral mesmo sentido;Com Vítimas Feridas;Plena Noite;Decrescente;Céu Claro;Dupla;Reta;Não;3;0;0;1;1;1;1;3;-2,53073;-44,3068;SPRF-MA;DEL01-MA;UOP01-DEL01-MA
602532;24/05/2024;sexta-feira;03:20:00;PR;277;449,9;LARANJEIRAS DO SUL;Transitar na contramão;Colisão frontal;Com Vítimas Fatais;Plena Noite;Crescente;Garoa/Chuvisco;Simples;Reta;Não;2;1;0;0;1;0;0;2;-25,36736654;-52,35349059;SPRF-PR;DEL04-PR;UOP02-DEL04-PR
602540;28/04/2024;domingo;19:30:00;PR;277;269;PRUDENTOPOLIS;Manobra de mudança de faixa;Tombamento;Com Vítimas Fatais;Plena Noite;Decrescente;Nublado;Simples;"Declive;Reta";Não;3;1;1;0;0;1;1;3;-25,39075669;-50,81768392;SPRF-PR;DEL08-PR;UOP02-DEL08-PR
602548;24/05/2024;sexta-feira;07:40:00;PE;232;8;RECIFE;Condutor deixou de manter distância do veículo da frente;Colisão traseira;Com Vítimas Feridas;Pleno dia;Decrescente;Chuva;Dupla;Reta;Sim;5;0;1;0;3;1;1;3;-8,07583727;-34,97015791;SPRF-PE;DEL01-PE;UOP01-DEL01-PE
602550;23/05/2024;quinta-feira;20:00:00;BA;101;52;ENTRE RIOS;Problema com o freio;Incêndio;Sem Vítimas;Plena Noite;Crescente;Céu Claro;Dupla;Reta;Não;2;0;0;0;1;1;0;2;-11,93112898;-38,05102605;SPRF-BA;DEL01-BA;UOP04-DEL01-BA
602551;24/05/2024;sexta-feira;06:00:00;PR;376;87,4;PARANAVAI;Avarias e/ou desgaste excessivo no pneu;Colisão frontal;Com Vítimas Fatais;Plena Noite;Crescente;Chuva;Simples;Curva;Não;3;1;0;0;1;1;0;3;-22,988902;-52,597702;SPRF-PR;DEL09-PR;UOP02-DEL09-PR
602552;24/05/2024;sexta-feira;06:05:00;RS;285;156,3;MUITOS CAPOES;Transitar na contramão;Colisão lateral sentido oposto;Com Vítimas Fatais;Amanhecer;Decrescente;Nevoeiro/Neblina;Simples;"Reta;Declive";Não;5;1;3;0;0;1;3;4;-28,32421566;-51,19128942;SPRF-RS;DEL05-RS;UOP03-DEL05-RS
602555;24/05/2024;sexta-feira;08:00:00;SC;282;1;FLORIANOPOLIS;Trafegar com motocicleta (ou similar) entre as faixas;Tombamento;Com Vítimas Feridas;Pleno dia;Decrescente;Nublado;Múltipla;Declive;Sim;2;0;0;1;1;0;1;2;-27,602955;-48,580509;SPRF-SC;DEL01-SC;UOP01-DEL01-SC
602557;24/05/2024;sexta-feira;07:10:00;MG;262;30,1;REDUTO;Transitar na contramão;Colisão frontal;Com Vítimas Feridas;Pleno dia;Decrescente;Sol;Simples;"Curva;Declive";Não;2;0;0;1;1;0;1;2;-20,25053259;-41,98730227;SPRF-MG;DEL06-MG;UOP03-DEL06-MG
602560;24/05/2024;sexta-feira;05:20:00;MG;116;310,2;ITAMBACURI;Acesso irregular;Colisão transversal;Com Vítimas Feridas;Amanhecer;Decrescente;Céu Claro;Simples;"Em Obras;Reta";Não;2;0;0;1;1;0;1;2;-18,06936519;-41,67662169;SPRF-MG;DEL11-MG;UOP01-DEL11-MG
602563;24/05/2024;sexta-feira;08:00:00;GO;153;436;ANAPOLIS;Condutor deixou de manter distância do veículo da frente;Colisão traseira;Com Vítimas Feridas;Pleno dia;Crescente;Céu Claro;Dupla;Reta;Sim;2;0;1;0;1;0;1;2;-16,29680225;-48,93045947;SPRF-GO;DEL02-GO;UOP01-DEL02-GO
602576;24/05/2024;sexta-feira;07:05:00;BA;116;546;MILAGRES;Acessar a via sem observar a presença dos outros veículos;Colisão transversal;Com Vítimas Feridas;Pleno dia;Decrescente;Céu Claro;Simples;Reta;Sim;3;0;1;0;1;2;1;4;-12,88199494;-39,85845745;SPRF-BA;DEL03-BA;UOP02-DEL03-BA
602579;24/05/2024;sexta-feira;05:00:00;PR;277;486;NOVA LARANJEIRAS;Ingestão de álcool pelo condutor;Colisão lateral sentido oposto;Sem Vítimas;Amanhecer;Decrescente;Chuva;Simples;Curva;Não;3;0;0;0;1;2;0;3;-25,26227848;-52,62370928;SPRF-PR;DEL04-PR;UOP02-DEL04-PR
602582;24/05/2024;sexta-feira;08:30:00;PA;155;288;ELDORADO DO CARAJAS;Ausência de reação do condutor;Colisão traseira;Com Vítimas Feridas;Pleno dia;Decrescente;Céu Claro;Simples;Em Obras;Não;4;0;1;0;2;3;1;6;-5,82720397;-49,19523606;SPRF-PA;DEL03-PA;UOP01-DEL03-PA
602584;24/05/2024;sexta-feira;05:30:00;MA;10;183;CAMPESTRE DO MARANHAO;Reação tardia ou ineficiente do condutor;Colisão traseira;Com Vítimas Feridas;Amanhecer;Crescente;Ignorado;Simples;Reta;Não;5;0;1;0;3;1;1;3;-6,115512;-47,377274;SPRF-MA;DEL04-MA;UOP02-DEL04-MA
602586;24/05/2024;sexta-feira;06:30:00;MA;222;413;SANTA LUZIA;Pista esburacada;Colisão transversal;Com Vítimas Fatais;Pleno dia;Crescente;Céu Claro;Simples;"Reta;Declive";Não;6;2;1;1;0;2;2;2;-3,99218176;-45,70058513;SPRF-MA;DEL02-MA;UOP01-DEL02-MA
602589;17/05/2024;sexta-feira;09:30:00;BA;101;444;UBAITABA;Condutor deixou de manter distância do veículo da frente;Engavetamento;Com Vítimas Feridas;Pleno dia;Crescente;Céu Claro;Simples;"Reta;Aclive";Sim;5;0;1;0;1;3;1;4;-14,31133581;-39,31672096;SPRF-BA;DEL05-BA;UOP01-DEL05-BA
602592;18/04/2024;quinta-feira;16:00:00;MT;364;286;JACIARA;Reação tardia ou ineficiente do condutor;Colisão traseira;Com Vítimas Fatais;Pleno dia;Decrescente;Nublado;Dupla;Reta;Não;5;1;1;1;1;6;2;9;-15,90151807;-55,056197;SPRF-MT;DEL05-MT;UOP02-DEL05-MT
602594;24/05/2024;sexta-feira;09:40:00;SP;116;213;GUARULHOS;Ausência de reação do condutor;Colisão traseira;Sem Vítimas;Pleno dia;Decrescente;Céu Claro;Múltipla;Reta;Não;3;0;0;0;0;3;0;3;-23,4426679;-46,4441531;SPRF-SP;DEL01-SP;UOP01-DEL01-SP
602604;24/05/2024;sexta-feira;10:50:00;BA;20;202;CALDEIRAO GRANDE;Mal súbito do condutor;Colisão lateral sentido oposto;Com Vítimas Feridas;Pleno dia;Crescente;Céu Claro;Simples;Reta;Não;3;0;0;1;2;0;1;2;-11,11440105;-40,06765366;SPRF-BA;DEL10-BA;UOP01-DEL10-BA
602605;24/05/2024;sexta-feira;09:30:00;SC;153;117;CONCORDIA;Demais falhas mecânicas ou elétricas;Eventos atípicos;Com Vítimas Feridas;Pleno dia;Decrescente;Garoa/Chuvisco;Dupla;Reta;Não;2;0;1;0;0;2;1;3;-27,359379;-51,99279;SPRF-SC;DEL07-SC;UOP04-DEL07-SC
602615;24/05/2024;sexta-feira;12:20:00;RJ;40;89;PETROPOLIS;Demais falhas mecânicas ou elétricas;Colisão lateral mesmo sentido;Com Vítimas Feridas;Pleno dia;Crescente;Céu Claro;Simples;"Curva;Declive";Não;3;0;1;0;1;1;1;3;-22,556263;-43,23718;SPRF-RJ;DEL01-RJ;UOP01-DEL01-RJ
602618;24/05/2024;sexta-feira;11:10:00;SC;480;126,8;CHAPECO;Condutor deixou de manter distância do veículo da frente;Colisão traseira;Com Vítimas Feridas;Pleno dia;Crescente;Garoa/Chuvisco;Múltipla;Reta;Não;4;0;1;0;2;1;1;4;-27,020083;-52,636024;SPRF-SC;DEL07-SC;UOP01-DEL07-SC
602622;24/05/2024;sexta-feira;10:15:00;SC;282;495;XANXERE;Condutor deixou de manter distância do veículo da frente;Colisão frontal;Com Vítimas Feridas;Pleno dia;Decrescente;Chuva;Simples;Curva;Não;5;0;1;0;3;1;1;4;-26,872722;-52,320417;SPRF-SC;DEL07-SC;UOP01-DEL07-SC
602624;24/05/2024;sexta-feira;12:30:00;PA;230;16;BREJO GRANDE DO ARAGUAIA;Reação tardia ou ineficiente do condutor;Colisão frontal;Com Vítimas Fatais;Pleno dia;Crescente;Sol;Simples;Declive;Não;3;1;0;0;1;1;0;3;-5,696301;-48,34225;SPRF-PA;DEL03-PA;UOP01-DEL03-PA
602631;24/05/2024;sexta-feira;13:00:00;GO;153;528,8;HIDROLANDIA;Acessar a via sem observar a presença dos outros veículos;Colisão lateral mesmo sentido;Com Vítimas Feridas;Pleno dia;Decrescente;Céu Claro;Dupla;"Aclive;Reta";Não;3;0;0;1;1;1;1;3;-16,9533;-49,2437;SPRF-GO;DEL01-GO;UOP03-DEL01-GO
602638;24/05/2024;sexta-feira;14:00:00;SC;101;140;ITAPEMA;Reação tardia ou ineficiente do condutor;Colisão lateral mesmo sentido;Sem Vítimas;Pleno dia;Crescente;Nublado;Dupla;Curva;Não;2;0;0;0;2;0;0;2;-27,03881189;-48,60025148;SPRF-SC;DEL04-SC;UOP03-DEL04-SC
602640;24/05/2024;sexta-feira;13:50:00;SP;116;122;TAUBATE;Condutor deixou de manter distância do veículo da frente;Engavetamento;Com Vítimas Feridas;Pleno dia;Decrescente;Nublado;Dupla;"Aclive;Reta";Não;8;0;1;2;4;1;3;7;-23,08192414;-45,66154591;SPRF-SP;DEL02-SP;UOP02-DEL02-SP