id;data_inversa;dia_semana;horario;uf;br;km;municipio;causa_acidente;tipo_acidente;classificacao_acidente;fase_dia;sentido_via;condicao_metereologica;tipo_pista;tracado_via;uso_solo;pessoas;mortos;feridos_leves;feridos_graves;ilesos;ignorados;feridos;veiculos;latitude;longitude;regional;delegacia;uop
602643;24/05/2024;sexta-feira;14:20:00;MG;40;780,1;JUIZ DE FORA;Reação tardia ou ineficiente do condutor;Colisão com objeto;Com Vítimas Feridas;Pleno dia;Decrescente;Céu Claro;Dupla;Reta;Não;1;0;1;0;0;0;1;1;-21,67939981;-43,44987329;SPRF-MG;DEL05-MG;UOP01-DEL05-MG
602644;24/05/2024;sexta-feira;14:16:00;MG;381;879;ESTIVA;Manobra de mudança de faixa;Colisão lateral mesmo sentido;Sem Vítimas;Pleno dia;Decrescente;Céu Claro;Dupla;"Reta;Declive";Não;3;0;0;0;2;1;0;3;-22,49922;-46,01370998;SPRF-MG;DEL16-MG;UOP01-DEL16-MG
602645;17/05/2024;sexta-feira;07:00:00;MG;40;807,5;MATIAS BARBOSA;Acessar a via sem observar a presença dos outros veículos;Colisão traseira;Com Vítimas Feridas;Pleno dia;Crescente;Céu Claro;Dupla;Reta;Não;4;0;0;1;2;1;1;4;-21,86785528;-43,35552904;SPRF-MG;DEL05-MG;UOP01-DEL05-MG
602654;24/05/2024;sexta-feira;11:20:00;MS;262;597,5;MIRANDA;Demais falhas mecânicas ou elétricas;Capotamento;Sem Vítimas;Pleno dia;Decrescente;Nublado;Simples;Reta;Não;6;0;0;0;5;1;0;2;-20,11914;-56,716648;SPRF-MS;DEL03-MS;UOP02-DEL03-MS
602657;24/05/2024;sexta-feira;11:40:00;MT;158;631;AGUA BOA;Ausência de reação do condutor;Tombamento;Sem Vítimas;Pleno dia;Crescente;Céu Claro;Simples;Curva;Não;2;0;0;0;1;2;0;3;-14,54068228;-52,31210781;SPRF-MT;DEL07-MT;UOP02-DEL07-MT
602667;24/05/2024;sexta-feira;10:40:00;MG;116;455,7;ENGENHEIRO CALDAS;Transitar na contramão;Colisão frontal;Com Vítimas Feridas;Pleno dia;Crescente;Céu Claro;Simples;"Ponte;Reta";Sim;2;0;1;0;1;0;1;2;-19,192935;-42,043011;SPRF-MG;DEL06-MG;UOP02-DEL06-MG
602671;24/05/2024;sexta-feira;13:30:00;MT;70;95;GENERAL CARNEIRO;Avarias e/ou desgaste excessivo no pneu;Capotamento;Com Vítimas Feridas;Pleno dia;Decrescente;Céu Claro;Simples;Curva;Não;2;0;1;0;0;1;1;2;-15,57483763;-52,90425902;SPRF-MT;DEL07-MT;UOP01-DEL07-MT
602678;24/05/2024;sexta-feira;13:10:00;RJ;465;4;SEROPEDICA;Reação tardia ou ineficiente do condutor;Colisão lateral mesmo sentido;Com Vítimas Feridas;Pleno dia;Crescente;Céu Claro;Simples;Reta;Não;5;0;0;1;3;1;1;3;-22,740971;-43,705597;SPRF-RJ;DEL06-RJ;UOP02-DEL06-RJ
602685;24/05/2024;sexta-feira;17:49:00;CE;20;325,8;CARIDADE;Desrespeitar a preferência no cruzamento;Colisão traseira;Com Vítimas Feridas;Plena Noite;Crescente;Céu Claro;Simples;"Reta;Interseção de Vias";Sim;3;0;1;0;2;0;1;2;-4,24158307;-39,2043639;SPRF-CE;DEL02-CE;UOP01-DEL02-CE
602687;24/05/2024;sexta-feira;16:45:00;MG;381;924,6;CAMANDUCAIA;Reação tardia ou ineficiente do condutor;Saída de leito carroçável;Com Vítimas Feridas;Pleno dia;Crescente;Chuva;Dupla;Curva;Não;2;0;1;0;0;1;1;2;-22,77050246;-46,23490598;SPRF-MG;DEL16-MG;UOP03-DEL16-MG
602690;24/05/2024;sexta-feira;14:30:00;MG;381;942;EXTREMA;Ausência de reação do condutor;Saída de leito carroçável;Com Vítimas Feridas;Pleno dia;Decrescente;Chuva;Dupla;Curva;Não;2;0;1;0;0;1;1;2;-22,86605937;-46,34940386;SPRF-MG;DEL16-MG;UOP03-DEL16-MG
602694;24/05/2024;sexta-feira;16:20:00;AP;210;3,8;MACAPA;Acessar a via sem observar a presença dos outros veículos;Colisão transversal;Com Vítimas Feridas;Pleno dia;Crescente;Nublado;Múltipla;Reta;Sim;3;0;1;1;1;0;2;2;0,08758482;-51,09276266;SPRF-AP;DEL01-AP;UOP01-DEL01-AP
602696;24/05/2024;sexta-feira;17:20:00;PR;277;1,5;PARANAGUA;Acessar a via sem observar a presença dos outros veículos;Colisão lateral mesmo sentido;Com Vítimas Fatais;Pleno dia;Crescente;Nublado;Dupla;Reta;Sim;2;1;0;0;1;0;0;2;-25,55086981;-48,55120718;SPRF-PR;DEL01-PR;UOP05-DEL01-PR
602704;24/05/2024;sexta-feira;18:30:00;ES;101;276;SERRA;Manobra de mudança de faixa;Colisão traseira;Com Vítimas Feridas;Plena Noite;Decrescente;Céu Claro;Dupla;Reta;Não;3;0;1;0;2;0;1;2;-20,20788726;-40,3133509;SPRF-ES;DEL02-ES;UOP01-DEL02-ES
602714;24/05/2024;sexta-feira;18:40:00;PR;376;256,2;CALIFORNIA;Velocidade Incompatível;Colisão traseira;Com Vítimas Feridas;Plena Noite;Crescente;Garoa/Chuvisco;Simples;Reta;Sim;4;0;3;0;1;0;3;2;-23,658546;-51,371983;SPRF-PR;DEL07-PR;UOP03-DEL07-PR
602720;24/05/2024;sexta-feira;19:48:00;MG;381;428,6;SABARA;Transitar na contramão;Colisão frontal;Com Vítimas Fatais;Plena Noite;Decrescente;Céu Claro;Simples;Curva;Não;2;2;0;0;0;0;0;2;-19,7867466;-43,6891116;SPRF-MG;DEL01-MG;UOP01-DEL01-MG
602723;24/05/2024;sexta-feira;19:30:00;ES;101;63;SAO MATEUS;Ausência de reação do condutor;Colisão traseira;Com Vítimas Feridas;Plena Noite;Crescente;Céu Claro;Simples;Reta;Não;5;0;3;0;2;0;3;2;-18,69830807;-39,86481056;SPRF-ES;DEL04-ES;UOP02-DEL04-ES
602727;24/05/2024;sexta-feira;20:30:00;ES;262;110,8;VENDA NOVA DO IMIGRANTE;Acessar a via sem observar a presença dos outros veículos;Colisão transversal;Com Vítimas Feridas;Plena Noite;Crescente;Céu Claro;Múltipla;Reta;Sim;2;0;1;0;1;0;1;2;-20,3364276;-41,18081802;SPRF-ES;DEL01-ES;UOP02-DEL01-ES
602730;24/05/2024;sexta-feira;18:30:00;RJ;101;177,6;MACAE;Transitar na contramão;Colisão lateral sentido oposto;Com Vítimas Feridas;Plena Noite;Crescente;Céu Claro;Simples;Reta;Não;4;0;0;1;2;2;1;4;-22,38696304;-41,98541396;SPRF-RJ;DEL08-RJ;UOP04-DEL08-RJ
602732;24/05/2024;sexta-feira;17:40:00;MG;262;37,5;MANHUACU;Ultrapassagem Indevida;Colisão transversal;Com Vítimas Feridas;Plena Noite;Crescente;Nublado;Simples;Reta;Sim;5;0;2;0;2;2;2;5;-20,25748975;-42,03048732;SPRF-MG;DEL06-MG;UOP03-DEL06-MG
602742;24/05/2024;sexta-feira;12:00:00;SC;101;34,7;JOINVILLE;Reação tardia ou ineficiente do condutor;Colisão traseira;Com Vítimas Feridas;Pleno dia;Crescente;Nublado;Múltipla;Curva;Não;3;0;1;0;1;1;1;3;-26,23667403;-48,91486706;SPRF-SC;DEL03-SC;UOP01-DEL03-SC
602750;24/05/2024;sexta-feira;20:41:00;PI;343;465,2;ANGICAL DO PIAUI;Manobra de mudança de faixa;Colisão transversal;Com Vítimas Fatais;Plena Noite;Crescente;Nublado;Simples;Reta;Não;5;2;0;0;2;1;0;3;-6,0323;-42,737713;SPRF-PI;DEL01-PI;UOP02-DEL01-PI
602751;24/05/2024;sexta-feira;19:00:00;RJ;101;334;RIO DE JANEIRO;Manobra de mudança de faixa;Colisão lateral mesmo sentido;Com Vítimas Feridas;Plena Noite;Decrescente;Céu Claro;Múltipla;Reta;Não;3;0;1;1;1;0;2;2;-22,88517902;-43,21704364;SPRF-RJ;DEL02-RJ;UOP01-DEL02-RJ
602753;24/05/2024;sexta-feira;20:30:00;PR;373;237,4;GUAMIRANGA;Velocidade Incompatível;Tombamento;Com Vítimas Fatais;Plena Noite;Crescente;Nublado;Dupla;"Declive;Curva";Não;2;1;0;0;0;1;0;2;-25,1801849;-50,72816849;SPRF-PR;DEL03-PR;UOP01-DEL03-PR
602754;24/05/2024;sexta-feira;20:50:00;RN;101;159;CANGUARETAMA;Reação tardia ou ineficiente do condutor;Colisão com objeto;Com Vítimas Fatais;Plena Noite;Crescente;Nublado;Dupla;Reta;Sim;2;1;0;0;1;0;0;2;-6,36312911;-35,15714218;SPRF-RN;DEL01-RN;UOP01-DEL01-RN
602758;24/05/2024;sexta-feira;15:30:00;PR;376;109;PARANAVAI;Afundamento ou ondulação no pavimento;Derramamento de carga;Sem Vítimas;Anoitecer;Crescente;Garoa/Chuvisco;Dupla;Reta;Sim;2;0;0;0;1;2;0;3;-23,08086594;-52,40984795;SPRF-PR;DEL09-PR;UOP02-DEL09-PR
602767;24/05/2024;sexta-feira;19:50:00;SC;282;40,5;AGUAS MORNAS;Conversão proibida;Colisão lateral sentido oposto;Sem Vítimas;Plena Noite;Crescente;Céu Claro;Simples;Reta;Não;3;0;0;0;1;2;0;3;-27,716148;-48,869583;SPRF-SC;DEL01-SC;UOP03-DEL01-SC
602768;24/05/2024;sexta-feira;21:10:00;MT;364;327,8;CAMPO VERDE;Estacionar ou parar em local proibido;Colisão traseira;Com Vítimas Feridas;Plena Noite;Decrescente;Nevoeiro/Neblina;Dupla;Curva;Não;5;0;1;0;3;3;1;5;-15,81316926;-55,38561692;SPRF-MT;DEL05-MT;UOP02-DEL05-MT
602770;24/05/2024;sexta-feira;23:10:00;MG;381;842;SAO SEBASTIAO DA BELA VISTA;Condutor Dormindo;Colisão traseira;Com Vítimas Feridas;Plena Noite;Crescente;Céu Claro;Dupla;Reta;Não;5;0;2;1;1;1;3;3;-22,18465313;-45,84365666;SPRF-MG;DEL16-MG;UOP01-DEL16-MG
602772;24/05/2024;sexta-feira;21:25:00;CE;116;375,3;ICO;Acessar a via sem observar a presença dos outros veículos;Colisão lateral sentido oposto;Com Vítimas Fatais;Plena Noite;Decrescente;Céu Claro;Simples;Reta;Sim;5;1;3;0;0;1;3;2;-6,3951252;-38,83101685;SPRF-CE;DEL05-CE;UOP01-DEL05-CE
602794;25/05/2024;sábado;02:25:00;PB;101;4,7;MATARACA;Condutor Dormindo;Colisão traseira;Com Vítimas Feridas;Plena Noite;Crescente;Céu Claro;Dupla;Reta;Não;4;0;2;0;1;1;2;3;-6,5406751;-35,11731147;SPRF-PB;DEL01-PB;UOP04-DEL01-PB
602802;25/05/2024;sábado;03:53:00;GO;20;62;FORMOSA;Falta de elemento de contenção que evite a saída do leito carroçável;Saída de leito carroçável;Com Vítimas Feridas;Plena Noite;Crescente;Vento;Simples;"Curva;Declive";Não;2;0;0;1;0;1;1;2;-15,22989;-47,172417;SPRF-DF;DEL02-DF;UOP02-DEL02-DF
602805;25/05/2024;sábado;04:35:00;SC;101;115;ITAJAI;Ingestão de álcool pelo condutor;Colisão com objeto;Sem Vítimas;Amanhecer;Decrescente;Céu Claro;Dupla;Reta;Sim;2;0;0;0;2;0;0;2;-26,87064015;-48,72954134;SPRF-SC;DEL04-SC;UOP04-DEL04-SC
602808;25/05/2024;sábado;03:30:00;SP;116;29,5;CRUZEIRO;Condutor Dormindo;Colisão traseira;Com Vítimas Feridas;Pleno dia;Decrescente;Céu Claro;Dupla;Declive;Não;2;0;0;1;1;0;1;2;-22,62913624;-44,92451055;SPRF-SP;DEL08-SP;UOP02-DEL08-SP
602816;25/05/2024;sábado;00:10:00;PB;230;231;JUAZEIRINHO;Manobra de mudança de faixa;Colisão lateral sentido oposto;Sem Vítimas;Plena Noite;Crescente;Céu Claro;Simples;Reta;Não;2;0;0;0;1;1;0;2;-7,0343;-36,4926;SPRF-PB;DEL02-PB;UOP02-DEL02-PB
602817;25/05/2024;sábado;03:00:00;RJ;101;321;NITEROI;Reação tardia ou ineficiente do condutor;Colisão lateral mesmo sentido;Com Vítimas Feridas;Plena Noite;Crescente;Céu Claro;Dupla;Curva;Sim;4;0;1;0;2;1;1;3;-22,86981096;-43,11046465;SPRF-RJ;DEL02-RJ;UOP01-DEL02-RJ
602821;25/05/2024;sábado;04:15:00;PR;116;206,8;RIO NEGRO;Ausência de reação do condutor;Saída de leito carroçável;Com Vítimas Feridas;Plena Noite;Crescente;Céu Claro;Simples;Curva;Não;2;0;1;0;0;1;1;2;-26,06427183;-49,73114671;SPRF-SC;DEL06-SC;UOP01-DEL06-SC
602823;25/05/2024;sábado;05:20:00;PR;277;122;BALSA NOVA;Reação tardia ou ineficiente do condutor;Colisão lateral mesmo sentido;Sem Vítimas;Plena Noite;Crescente;Céu Claro;Dupla;"Reta;Aclive";Não;3;0;0;0;1;2;0;3;-25,44668483;-49,57374573;SPRF-PR;DEL03-PR;UOP03-DEL03-PR
602825;25/05/2024;sábado;05:00:00;MG;381;717;CARMO DA CACHOEIRA;Condutor Dormindo;Saída de leito carroçável;Com Vítimas Feridas;Amanhecer;Crescente;Céu Claro;Dupla;Reta;Não;3;0;1;0;1;1;1;2;-21,43704005;-45,20756491;SPRF-MG;DEL04-MG;UOP02-DEL04-MG
602826;21/05/2024;terça-feira;09:15:00;PR;369;119;JATAIZINHO;Demais falhas mecânicas ou elétricas;Saída de leito carroçável;Com Vítimas Feridas;Pleno dia;Decrescente;Nublado;Dupla;"Declive;Reta";Não;2;0;1;0;1;0;1;1;-23,285;-50,895;SPRF-PR;DEL07-PR;UOP05-DEL07-PR
602831;25/05/2024;sábado;06:00:00;RS;116;0,3;VACARIA;Demais falhas mecânicas ou elétricas;Incêndio;Sem Vítimas;Amanhecer;Crescente;Garoa/Chuvisco;Simples;Reta;Não;2;0;0;0;1;1;0;2;-28,210476;-50,759827;SPRF-RS;DEL05-RS;UOP03-DEL05-RS
602834;24/05/2024;sexta-feira;16:00:00;BA;101;666;ITAPEBI;Curva acentuada;Tombamento;Com Vítimas Feridas;Pleno dia;Crescente;Nublado;Simples;Curva;Não;1;0;1;0;0;0;1;1;-15,99037461;-39,57258224;SPRF-BA;DEL09-BA;UOP01-DEL09-BA
602835;25/05/2024;sábado;04:40:00;RJ;116;248;PIRAI;Condutor Dormindo;Colisão traseira;Com Vítimas Feridas;Amanhecer;Decrescente;Nublado;Dupla;"Aclive;Reta";Não;4;0;1;0;2;1;1;3;-22,59976123;-43,94042912;SPRF-RJ;DEL07-RJ;UOP01-DEL07-RJ
602841;25/05/2024;sábado;05:40:00;RJ;116;14;SAPUCAIA;Demais falhas mecânicas ou elétricas;Incêndio;Sem Vítimas;Amanhecer;Crescente;Céu Claro;Simples;Reta;Não;1;0;0;0;1;0;0;1;-21,96021372;-42,7364942;SPRF-RJ;DEL05-RJ;UOP01-DEL05-RJ
602846;25/05/2024;sábado;08:49:00;MG;381;759,9;CAMPANHA;Velocidade Incompatível;Saída de leito carroçável;Com Vítimas Feridas;Pleno dia;Crescente;Céu Claro;Dupla;Reta;Não;11;0;1;0;0;10;1;3;-21,71597801;-45,37713297;SPRF-MG;DEL16-MG;UOP02-DEL16-MG
602855;25/05/2024;sábado;08:50:00;ES;101;279,8;SERRA;Acessar a via sem observar a presença dos outros veículos;Colisão transversal;Com Vítimas Fatais;Pleno dia;Decrescente;Céu Claro;Dupla;Reta;Sim;5;1;0;0;0;4;0;4;-20,20828089;-40,30388897;SPRF-ES;DEL02-ES;UOP01-DEL02-ES
602861;25/05/2024;sábado;09:40:00;SP;116;210;GUARULHOS;Frear bruscamente;Tombamento;Com Vítimas Feridas;Pleno dia;Crescente;Céu Claro;Múltipla;Reta;Sim;4;0;1;1;0;2;2;3;-23,42870023;-46,41085991;SPRF-SP;DEL01-SP;UOP01-DEL01-SP
602866;25/05/2024;sábado;10:00:00;BA;101;503;ITABUNA;Acesso irregular;Colisão transversal;Com Vítimas Feridas;Pleno dia;Decrescente;Céu Claro;Simples;"Curva;Declive;Interseção de Vias";Não;3;0;2;0;1;0;2;2;-14,774409;-39,28828;SPRF-BA;DEL05-BA;UOP01-DEL05-BA
602867;25/05/2024;sábado;06:07:00;GO;80;132;BARRO ALTO;Reação tardia ou ineficiente do condutor;Saída de leito carroçável;Com Vítimas Feridas;Amanhecer;Decrescente;Céu Claro;Dupla;"Interseção de Vias;Retorno Regulamentado;Curva";Sim;1;0;1;0;0;0;1;1;-14,98199901;-48,92812014;SPRF-GO;DEL07-GO;UOP02-DEL07-GO
602871;25/05/2024;sábado;08:00:00;RS;290;96;PORTO ALEGRE;Ingestão de álcool pelo condutor;Colisão traseira;Sem Vítimas;Pleno dia;Crescente;Garoa/Chuvisco;Múltipla;Reta;Sim;2;0;0;0;2;0;0;2;-29,992107;-51,204525;SPRF-RS;DEL01-RS;UOP01-DEL01-RS
602872;25/05/2024;sábado;10:50:00;GO;153;443;ANAPOLIS;Reação tardia ou ineficiente do condutor;Colisão lateral mesmo sentido;Com Vítimas Feridas;Pleno dia;Decrescente;Céu Claro;Simples;Rotatória;Sim;5;0;0;1;1;3;1;5;-16,352293;-48,928513;SPRF-GO;DEL02-GO;UOP01-DEL02-GO
602878;25/05/2024;sábado;12:30:00;MG;381;916,1;CAMANDUCAIA;Mal súbito do condutor;Saída de leito carroçável;Com Vítimas Feridas;Pleno dia;Crescente;Céu Claro;Dupla;Reta;Sim;1;0;1;0;0;0;1;1;-22,76274616;-46,17087395;SPRF-MG;DEL16-MG;UOP03-DEL16-MG
602898;25/05/2024;sábado;10:30:00;MA;222;372,5;PINDARE-MIRIM;Demais falhas na via;Saída de leito carroçável;Com Vítimas Feridas;Pleno dia;Crescente;Céu Claro;Simples;Ponte;Não;2;0;1;0;1;0;1;1;-3,74374297;-45,43781805;SPRF-MA;DEL02-MA;UOP01-DEL02-MA
602902;25/05/2024;sábado;15:40:00;SP;116;219;GUARULHOS;Trafegar com motocicleta (ou similar) entre as faixas;Colisão lateral mesmo sentido;Com Vítimas Feridas;Pleno dia;Decrescente;Nublado;Múltipla;"Em Obras;Reta";Sim;3;0;0;1;1;1;1;3;-23,46143954;-46,48885316;SPRF-SP;DEL01-SP;UOP01-DEL01-SP
602904;25/05/2024;sábado;15:40:00;MG;262;634,8;IBIA;Demais falhas mecânicas ou elétricas;Colisão traseira;Com Vítimas Fatais;Pleno dia;Crescente;Sol;Simples;Reta;Não;3;1;1;0;0;1;1;2;-19,58017001;-46,52023315;SPRF-MG;DEL08-MG;UOP01-DEL08-MG
602906;25/05/2024;sábado;15:00:00;MG;381;387;SAO GONCALO DO RIO ABAIXO;Ausência de reação do condutor;Colisão traseira;Com Vítimas Feridas;Pleno dia;Crescente;Céu Claro;Dupla;Reta;Não;5;0;2;0;3;0;2;2;-19,79575004;-43,42574708;SPRF-MG;DEL01-MG;UOP01-DEL01-MG
602908;25/05/2024;sábado;16:15:00;RS;290;92;PORTO ALEGRE;Acesso irregular;Colisão transversal;Com Vítimas Feridas;Pleno dia;Decrescente;Céu Claro;Dupla;"Aclive;Interseção de Vias";Sim;5;0;1;0;3;1;1;2;-29,971916;-51,176838;SPRF-RS;DEL01-RS;UOP01-DEL01-RS
602909;25/05/2024;sábado;15:50:00;CE;116;82,4;OCARA;Reação tardia ou ineficiente do condutor;Colisão lateral sentido oposto;Com Vítimas Feridas;Pleno dia;Crescente;Céu Claro;Simples;Reta;Não;2;0;2;0;0;0;2;2;-4,40928825;-38,41496929;SPRF-CE;DEL03-CE;UOP02-DEL03-CE
602917;25/05/2024;sábado;15:40:00;MT;163;605;NOVA MUTUM;Transitar na contramão;Colisão frontal;Com Vítimas Feridas;Pleno dia;Crescente;Céu Claro;Simples;Curva;Não;3;0;0;1;1;3;1;5;-13,76051963;-56,05297565;SPRF-MT;DEL01-MT;UOP01-DEL01-MT
602920;25/05/2024;sábado;16:10:00;SC;282;216,5;LAGES;Desrespeitar a preferência no cruzamento;Colisão transversal;Sem Vítimas;Pleno dia;Decrescente;Nublado;Simples;"Interseção de Vias;Rotatória";Sim;2;0;0;0;2;0;0;2;-27,797529;-50,291862;SPRF-SC;DEL05-SC;UOP01-DEL05-SC
602923;25/05/2024;sábado;14:30:00;PA;10;323;SAO MIGUEL DO GUAMA;Ausência de reação do condutor;Colisão traseira;Com Vítimas Fatais;Pleno dia;Decrescente;Céu Claro;Simples;Reta;Sim;3;1;1;0;1;0;1;2;-1,61088202;-47,48281005;SPRF-PA;DEL01-PA;UOP02-DEL01-PA
602927;25/05/2024;sábado;11:00:00;RO;435;108;COLORADO DO OESTE;Ultrapassagem Indevida;Colisão frontal;Com Vítimas Fatais;Pleno dia;Crescente;Céu Claro;Simples;Reta;Não;7;1;4;0;1;3;4;6;-13,19087287;-60,677908;SPRF-RO;DEL04-RO;UOP02-DEL04-RO
602930;25/05/2024;sábado;18:00:00;PR;376;179;MARINGA;Condutor deixou de manter distância do veículo da frente;Colisão traseira;Sem Vítimas;Plena Noite;Crescente;Garoa/Chuvisco;Dupla;Reta;Sim;5;0;0;0;4;1;0;3;-23,420635;-51,909382;SPRF-PR;DEL09-PR;UOP01-DEL09-PR
602932;25/05/2024;sábado;15:45:00;MA;135;77;SANTA RITA;Reação tardia ou ineficiente do condutor;Colisão frontal;Com Vítimas Fatais;Pleno dia;Crescente;Céu Claro;Simples;Reta;Não;5;1;1;3;0;0;4;2;-3,20414;-44,362332;SPRF-MA;DEL01-MA;UOP02-DEL01-MA
602935;25/05/2024;sábado;19:05:00;PR;376;181,7;MARINGA;Reação tardia ou ineficiente do condutor;Colisão lateral mesmo sentido;Com Vítimas Feridas;Plena Noite;Crescente;Chuva;Dupla;Reta;Sim;2;0;1;0;1;0;1;2;-23,43057467;-51,88994586;SPRF-PR;DEL09-PR;UOP01-DEL09-PR
602937;25/05/2024;sábado;18:20:00;PE;232;413;SERRA TALHADA;Transitar na contramão;Colisão frontal;Com Vítimas Fatais;Plena Noite;Crescente;Céu Claro;Simples;Reta;Sim;2;1;0;0;1;0;0;2;-7,986688;-38,326175;SPRF-PE;DEL04-PE;UOP01-DEL04-PE
602939;25/05/2024;sábado;18:00:00;GO;60;27;ALEXANIA;Reação tardia ou ineficiente do condutor;Saída de leito carroçável;Com Vítimas Feridas;Plena Noite;Crescente;Ignorado;Dupla;Reta;Não;2;0;1;0;1;0;1;1;-16,0963;-48,5202;SPRF-DF;DEL03-DF;UOP01-DEL03-DF
602942;25/05/2024;sábado;18:35:00;PR;369;178,1;ROLANDIA;Condutor deixou de manter distância do veículo da frente;Colisão traseira;Com Vítimas Feridas;Plena Noite;Crescente;Garoa/Chuvisco;Múltipla;Reta;Não;2;0;1;0;1;0;1;2;-23,35598704;-51,39382839;SPRF-PR;DEL07-PR;UOP01-DEL07-PR
602957;25/05/2024;sábado;17:25:00;PR;376;634;SAO JOSE DOS PINHAIS;Reação tardia ou ineficiente do condutor;Queda de ocupante de veículo;Com Vítimas Feridas;Pleno dia;Decrescente;Nublado;Dupla;Reta;Não;3;0;2;0;1;0;2;2;-25,73029716;-49,13356446;SPRF-PR;DEL01-PR;UOP04-DEL01-PR
602963;25/05/2024;sábado;19:30:00;RO;364;672;CANDEIAS DO JAMARI;Demais falhas mecânicas ou elétricas;Incêndio;Sem Vítimas;Plena Noite;Decrescente;Céu Claro;Simples;Reta;Não;1;0;0;0;1;0;0;1;-8,77787321;-63,51664198;SPRF-RO;DEL01-RO;UOP01-DEL01-RO
602972;25/05/2024;sábado;21:26:00;BA;101;535;SAO JOSE DA VITORIA;Curva acentuada;Colisão lateral sentido oposto;Com Vítimas Fatais;Plena Noite;Crescente;Chuva;Simples;"Curva;Declive";Não;10;4;3;1;1;1;4;3;-15,033683;-39,331168;SPRF-BA;DEL05-BA;UOP01-DEL05-BA
602973;25/05/2024;sábado;22:15:00;PR;376;597;CURITIBA;Ingestão de álcool pelo condutor;Colisão lateral mesmo sentido;Sem Vítimas;Plena Noite;Crescente;Nublado;Dupla;Reta;Sim;5;0;0;0;1;4;0;4;-25,510571;-49,338848;SPRF-PR;DEL01-PR;UOP06-DEL01-PR
602977;25/05/2024;sábado;22:30:00;SC;101;207,4;SAO JOSE;Ausência de reação do condutor;Colisão traseira;Com Vítimas Feridas;Plena Noite;Decrescente;Céu Claro;Múltipla;Reta;Não;8;0;1;0;6;1;1;4;-27,60001226;-48,6226467;SPRF-SC;DEL01-SC;UOP01-DEL01-SC
602979;25/05/2024;sábado;22:50:00;MS;163;839;SONORA;Reação tardia ou ineficiente do condutor;Colisão frontal;Com Vítimas Fatais;Plena Noite;Crescente;Nevoeiro/Neblina;Simples;Declive;Não;3;1;0;0;2;0;0;2;-17,58231308;-54,74314059;SPRF-MS;DEL06-MS;UOP01-DEL06-MS
602986;25/05/2024;sábado;23:35:00;MG;50;31;ARAGUARI;Velocidade Incompatível;Tombamento;Com Vítimas Feridas;Plena Noite;Decrescente;Céu Claro;Dupla;"Reta;Declive";Não;1;0;1;0;0;0;1;1;-18,62396607;-48,11699737;SPRF-MG;DEL15-MG;UOP02-DEL15-MG
602998;26/05/2024;domingo;00:30:00;MA;135;8;SAO LUIS;Entrada inopinada do pedestre;Atropelamento de Pedestre;Com Vítimas Feridas;Plena Noite;Decrescente;Céu Claro;Dupla;Reta;Não;2;0;1;0;0;1;1;2;-2,64342093;-44,27374175;SPRF-MA;DEL01-MA;UOP01-DEL01-MA
602999;26/05/2024;domingo;01:05:00;TO;153;132,3;ARAGUAINA;Ultrapassagem Indevida;Colisão lateral sentido oposto;Sem Vítimas;Plena Noite;Decrescente;Céu Claro;Simples;Aclive;Não;4;0;0;0;2;2;0;4;-7,110162;-48,184059;SPRF-TO;DEL02-TO;UOP01-DEL02-TO
603006;26/05/2024;domingo;03:00:00;TO;153;523;PUGMIL;Ingestão de álcool pelo condutor;Colisão lateral sentido oposto;Com Vítimas Feridas;Plena Noite;Crescente;Céu Claro;Dupla;Reta;Sim;4;0;1;0;2;2;1;4;-10,40718798;-48,89610122;SPRF-TO;DEL01-TO;UOP01-DEL01-TO
603011;26/05/2024;domingo;03:00:00;MG;381;868;POUSO ALEGRE;Ausência de reação do condutor;Colisão traseira;Com Vítimas Feridas;Plena Noite;Decrescente;Garoa/Chuvisco;Simples;Reta;Não;3;0;1;0;1;1;1;3;-22,37883086;-45,94289345;SPRF-MG;DEL16-MG;UOP01-DEL16-MG
603016;25/05/2024;sábado;20:20:00;MA;226;139;GOVERNADOR EUGENIO BARROS;Acessar a via sem observar a presença dos outros veículos;Colisão transversal;Com Vítimas Fatais;Plena Noite;Crescente;Céu Claro;Simples;Reta;Não;3;1;0;0;1;1;0;3;-5,32799869;-43,96365389;SPRF-MA;DEL06-MA;UOP01-DEL06-MA
603021;26/05/2024;domingo;04:10:00;MG;459;48,4;SANTA RITA DE CALDAS;Transitar na contramão;Colisão lateral sentido oposto;Com Vítimas Feridas;Plena Noite;Decrescente;Céu Claro;Simples;Reta;Não;6;0;1;1;3;1;2;4;-22,040134;-46,297092;SPRF-MG;DEL09-MG;UOP01-DEL09-MG
603030;26/05/2024;domingo;04:31:00;BA;242;811;BARREIRAS;Ausência de reação do condutor;Saída de leito carroçável;Com Vítimas Feridas;Plena Noite;Decrescente;Céu Claro;Simples;Reta;Não;2;0;1;1;0;0;2;1;-12,12042332;-45,14566803;SPRF-BA;DEL10-BA;UOP01-DEL10-BA
603043;26/05/2024;domingo;05:05:00;MG;116;627,1;ORIZANIA;Transitar na contramão;Colisão frontal;Com Vítimas Fatais;Amanhecer;Decrescente;Céu Claro;Simples;"Curva;Aclive";Não;4;2;0;0;1;1;0;3;-20,56663052;-42,20697376;SPRF-MG;DEL07-MG;UOP02-DEL07-MG
603047;26/05/2024;domingo;05:30:00;BA;116;709,3;MANOEL VITORINO;Reação tardia ou ineficiente do condutor;Colisão lateral mesmo sentido;Sem Vítimas;Amanhecer;Crescente;Céu Claro;Simples;Reta;Sim;2;0;0;0;0;2;0;2;-14,10719019;-40,22427462;SPRF-BA;DEL03-BA;UOP01-DEL03-BA