id;data_inversa;dia_semana;horario;uf;br;km;municipio;causa_acidente;tipo_acidente;classificacao_acidente;fase_dia;sentido_via;condicao_metereologica;tipo_pista;tracado_via;uso_solo;pessoas;mortos;feridos_leves;feridos_graves;ilesos;ignorados;feridos;veiculos;latitude;longitude;regional;delegacia;uop
603748;29/05/2024;quarta-feira;12:20:00;MG;381;495;BETIM;Ausência de reação do condutor;Queda de ocupante de veículo;Com Vítimas Feridas;Pleno dia;Crescente;Céu Claro;Dupla;Reta;Sim;2;0;0;1;1;0;1;2;-19,98890883;-44,20522016;SPRF-MG;DEL01-MG;UOP03-DEL01-MG
603752;29/05/2024;quarta-feira;12:00:00;DF;20;21;BRASILIA;Ausência de reação do condutor;Colisão traseira;Com Vítimas Feridas;Pleno dia;Decrescente;Céu Claro;Dupla;Reta;Sim;3;0;1;0;2;0;1;2;-15,603384;-47,684692;SPRF-DF;DEL02-DF;UOP01-DEL02-DF
603757;21/05/2024;terça-feira;14:00:00;MS;163;41;ELDORADO;Acessar a via sem observar a presença dos outros veículos;Colisão transversal;Sem Vítimas;Pleno dia;Crescente;Céu Claro;Simples;Reta;Sim;3;0;0;0;3;0;0;2;-23,78038392;-54,2770967;SPRF-MS;DEL09-MS;UOP02-DEL09-MS
603761;29/05/2024;quarta-feira;11:00:00;MG;365;446;GUIMARANIA;Transitar na contramão;Colisão frontal;Com Vítimas Feridas;Pleno dia;Decrescente;Céu Claro;Simples;Reta;Não;3;0;1;1;0;1;2;3;-18,82615544;-46,7900619;SPRF-MG;DEL10-MG;UOP01-DEL10-MG
603764;29/05/2024;quarta-feira;12:00:00;BA;116;644;JAGUAQUARA;Condutor deixou de manter distância do veículo da frente;Colisão traseira;Com Vítimas Feridas;Pleno dia;Crescente;Céu Claro;Simples;Reta;Não;2;0;1;0;1;0;1;2;-13,56327202;-40,0799949;SPRF-BA;DEL03-BA;UOP01-DEL03-BA
603771;29/05/2024;quarta-feira;11:44:00;MT;163;869;SINOP;Ausência de reação do condutor;Saída de leito carroçável;Sem Vítimas;Pleno dia;Crescente;Céu Claro;Simples;Reta;Não;2;0;0;0;2;0;0;1;-11,56656421;-55,40920258;SPRF-MT;DEL06-MT;UOP02-DEL06-MT
603773;29/05/2024;quarta-feira;11:40:00;PR;373;399,6;GUARAPUAVA;Desrespeitar a preferência no cruzamento;Colisão transversal;Com Vítimas Feridas;Pleno dia;Crescente;Céu Claro;Simples;Interseção de Vias;Sim;3;0;0;1;1;1;1;3;-25,35596408;-51,23534897;SPRF-PR;DEL08-PR;UOP01-DEL08-PR
603778;29/05/2024;quarta-feira;13:40:00;SP;153;34,5;NOVA GRANADA;Ausência de reação do condutor;Colisão frontal;Com Vítimas Feridas;Pleno dia;Crescente;Céu Claro;Simples;Reta;Não;4;0;0;1;2;1;1;4;-20,57168502;-49,31773682;SPRF-SP;DEL09-SP;UOP01-DEL09-SP
603780;29/05/2024;quarta-feira;14:15:00;PR;376;336;ORTIGUEIRA;Ausência de reação do condutor;Tombamento;Com Vítimas Feridas;Pleno dia;Decrescente;Céu Claro;Simples;Curva;Não;2;0;1;0;0;1;1;2;-24,14373736;-50,9860962;SPRF-PR;DEL07-PR;UOP02-DEL07-PR
603782;29/05/2024;quarta-feira;14:15:00;PE;423;55;LAJEDO;Ultrapassagem Indevida;Colisão lateral sentido oposto;Sem Vítimas;Pleno dia;Crescente;Chuva;Simples;"Reta;Declive";Não;3;0;0;0;1;2;0;3;-8,61537298;-36,29867707;SPRF-PE;DEL03-PE;UOP01-DEL03-PE
603783;29/05/2024;quarta-feira;14:50:00;SP;116;223;GUARULHOS;Ausência de reação do condutor;Colisão traseira;Com Vítimas Feridas;Pleno dia;Decrescente;Céu Claro;Múltipla;Reta;Sim;2;0;0;1;0;1;1;2;-23,47559815;-46,5246609;SPRF-SP;DEL01-SP;UOP01-DEL01-SP
603787;29/05/2024;quarta-feira;16:15:00;RJ;116;91;TERESOPOLIS;Chuva;Colisão lateral sentido oposto;Sem Vítimas;Pleno dia;Decrescente;Nevoeiro/Neblina;Simples;"Declive;Curva";Não;3;0;0;0;3;0;0;3;-22,45860515;-42,97439809;SPRF-RJ;DEL04-RJ;UOP01-DEL04-RJ
603791;29/05/2024;quarta-feira;15:50:00;PA;316;50;CASTANHAL;Ausência de reação do condutor;Engavetamento;Sem Vítimas;Pleno dia;Crescente;Chuva;Dupla;Reta;Não;5;0;0;0;5;0;0;5;-1,304277;-48,04272;SPRF-PA;DEL01-PA;UOP01-DEL01-PA
603792;18/04/2024;quinta-feira;04:35:00;DF;70;5;BRASILIA;Acessar a via sem observar a presença dos outros veículos;Colisão traseira;Com Vítimas Feridas;Amanhecer;Decrescente;Céu Claro;Múltipla;Reta;Sim;5;0;1;2;1;2;3;4;-15,794656;-48,096779;SPRF-DF;DEL03-DF;UOP02-DEL03-DF
603794;29/05/2024;quarta-feira;16:30:00;MG;50;73;UBERLANDIA;Manobra de mudança de faixa;Colisão lateral mesmo sentido;Com Vítimas Feridas;Pleno dia;Crescente;Sol;Dupla;Reta;Sim;3;0;1;0;1;3;1;5;-18,907263;-48,228497;SPRF-MG;DEL15-MG;UOP01-DEL15-MG
603795;29/05/2024;quarta-feira;17:00:00;CE;116;90;CASCAVEL;Carga excessiva e/ou mal acondicionada;Tombamento;Com Vítimas Feridas;Anoitecer;Decrescente;Céu Claro;Simples;Curva;Não;2;0;1;1;0;0;2;1;-4,46407774;-38,36786069;SPRF-CE;DEL03-CE;UOP02-DEL03-CE
603800;02/05/2024;quinta-feira;21:20:00;SP;116;157,1;SAO JOSE DOS CAMPOS;Ausência de reação do condutor;Colisão traseira;Com Vítimas Feridas;Plena Noite;Decrescente;Nublado;Dupla;Reta;Sim;3;0;1;1;1;0;2;2;-23,25044084;-45,93572909;SPRF-SP;DEL02-SP;UOP01-DEL02-SP
603801;29/05/2024;quarta-feira;09:00:00;MT;70;190;GENERAL CARNEIRO;Ausência de reação do condutor;Colisão lateral sentido oposto;Com Vítimas Feridas;Pleno dia;Crescente;Céu Claro;Simples;Curva;Não;6;0;2;0;3;1;2;4;-15,71552402;-53,659403;SPRF-MT;DEL05-MT;UOP01-DEL05-MT
603809;23/04/2024;terça-feira;18:45:00;PR;376;617;SAO JOSE DOS PINHAIS;Ultrapassagem Indevida;Colisão lateral mesmo sentido;Com Vítimas Feridas;Plena Noite;Crescente;Céu Claro;Dupla;"Declive;Reta";Não;3;0;1;0;1;1;1;3;-25,58426494;-49,17618795;SPRF-PR;DEL01-PR;UOP04-DEL01-PR
603818;29/05/2024;quarta-feira;17:50:00;MG;381;894,1;CAMBUI;Reação tardia ou ineficiente do condutor;Colisão lateral mesmo sentido;Com Vítimas Feridas;Plena Noite;Decrescente;Céu Claro;Dupla;Reta;Não;4;0;1;0;2;1;1;3;-22,61659879;-46,0689412;SPRF-MG;DEL16-MG;UOP03-DEL16-MG
603819;29/05/2024;quarta-feira;12:00:00;PR;277;312;GUARAPUAVA;Ausência de reação do condutor;Saída de leito carroçável;Com Vítimas Feridas;Pleno dia;Crescente;Céu Claro;Simples;Reta;Não;2;0;1;0;0;3;1;4;-25,32385863;-51,19262216;SPRF-PR;DEL08-PR;UOP01-DEL08-PR
603824;21/03/2024;quinta-feira;22:00:00;PR;376;461;PONTA GROSSA;Ausência de reação do condutor;Tombamento;Com Vítimas Feridas;Plena Noite;Crescente;Céu Claro;Dupla;Reta;Não;3;0;1;0;1;1;1;3;-25,01133488;-50,34693693;SPRF-PR;DEL03-PR;UOP01-DEL03-PR
603835;29/05/2024;quarta-feira;19:15:00;MG;40;461,3;SETE LAGOAS;Carga excessiva e/ou mal acondicionada;Tombamento;Sem Vítimas;Plena Noite;Crescente;Céu Claro;Dupla;"Curva;Declive";Não;2;0;0;0;1;1;0;2;-19,40871;-44,33393;SPRF-MG;DEL02-MG;UOP01-DEL02-MG
603849;29/05/2024;quarta-feira;16:30:00;PI;316;310,8;PICOS;Acessar a via sem observar a presença dos outros veículos;Colisão lateral mesmo sentido;Sem Vítimas;Pleno dia;Decrescente;Céu Claro;Simples;Rotatória;Sim;2;0;0;0;2;0;0;2;-7,07594873;-41,46709728;SPRF-PI;DEL04-PI;UOP01-DEL04-PI
603854;29/05/2024;quarta-feira;18:00:00;ES;101;366;ANCHIETA;Ausência de reação do condutor;Colisão lateral sentido oposto;Com Vítimas Feridas;Plena Noite;Crescente;Chuva;Simples;Reta;Não;3;0;1;0;1;1;1;3;-20,73735192;-40,76047897;SPRF-ES;DEL03-ES;UOP01-DEL03-ES
603865;29/05/2024;quarta-feira;19:40:00;MG;40;524;CONTAGEM;Trafegar com motocicleta (ou similar) entre as faixas;Colisão lateral mesmo sentido;Com Vítimas Fatais;Plena Noite;Decrescente;Céu Claro;Dupla;Reta;Sim;5;1;0;0;3;1;0;3;-19,87569999;-44,05321923;SPRF-MG;DEL01-MG;UOP02-DEL01-MG
603866;29/05/2024;quarta-feira;19:30:00;TO;153;377;FORTALEZA DO TABOCAO;Objeto estático sobre o leito carroçável;Colisão traseira;Sem Vítimas;Plena Noite;Decrescente;Céu Claro;Simples;Reta;Não;5;0;0;0;4;2;0;5;-9,21621199;-48,54307707;SPRF-TO;DEL02-TO;UOP02-DEL02-TO
603870;29/05/2024;quarta-feira;20:00:00;PI;316;6;TERESINA;Ausência de reação do condutor;Engavetamento;Sem Vítimas;Plena Noite;Crescente;Céu Claro;Múltipla;"Reta;Declive";Sim;3;0;0;0;3;0;0;3;-5,14375474;-42,77870178;SPRF-PI;DEL01-PI;UOP02-DEL01-PI
603872;29/05/2024;quarta-feira;13:30:00;RJ;40;85;PETROPOLIS;Pista Escorregadia;Tombamento;Com Vítimas Fatais;Pleno dia;Decrescente;Chuva;Dupla;"Curva;Aclive";Não;2;1;0;0;0;1;0;2;-22,52850694;-43,2349802;SPRF-RJ;DEL01-RJ;UOP01-DEL01-RJ
603873;29/05/2024;quarta-feira;16:15:00;PE;428;174;PETROLINA;Ingestão de álcool pelo condutor;Colisão lateral mesmo sentido;Com Vítimas Feridas;Pleno dia;Decrescente;Céu Claro;Simples;Reta;Não;2;0;1;0;1;0;1;2;-9,25227274;-40,4252455;SPRF-PE;DEL06-PE;UOP01-DEL06-PE
603874;29/05/2024;quarta-feira;20:15:00;ES;262;95,9;VENDA NOVA DO IMIGRANTE;Desrespeitar a preferência no cruzamento;Colisão transversal;Com Vítimas Feridas;Plena Noite;Decrescente;Nublado;Simples;Reta;Não;3;0;0;1;1;1;1;3;-20,36398712;-41,0657984;SPRF-ES;DEL01-ES;UOP02-DEL01-ES
603875;29/05/2024;quarta-feira;19:00:00;AL;101;109,3;PILAR;Demais falhas mecânicas ou elétricas;Incêndio;Sem Vítimas;Plena Noite;Crescente;Céu Claro;Dupla;Aclive;Não;2;0;0;0;1;1;0;2;-9,60183894;-36,01536915;SPRF-AL;DEL02-AL;UOP01-DEL02-AL
603885;29/05/2024;quarta-feira;14:45:00;MT;174;114,5;MIRASSOL DOESTE;Avarias e/ou desgaste excessivo no pneu;Eventos atípicos;Com Vítimas Feridas;Pleno dia;Decrescente;Céu Claro;Simples;Curva;Não;4;0;3;0;1;0;3;2;-15,82355314;-58,00111771;SPRF-MT;DEL03-MT;UOP01-DEL03-MT
603890;29/05/2024;quarta-feira;21:05:00;MG;116;4,1;DIVISA ALEGRE;Pedestre andava na pista;Atropelamento de Pedestre;Com Vítimas Fatais;Plena Noite;Crescente;Céu Claro;Simples;"Reta;Aclive";Sim;3;1;0;0;0;2;0;3;-15,73455515;-41,34083437;SPRF-BA;DEL08-BA;UOP03-DEL08-BA
603895;29/05/2024;quarta-feira;21:20:00;GO;153;321,6;RIANAPOLIS;Ingestão de álcool pelo condutor;Colisão frontal;Com Vítimas Fatais;Plena Noite;Crescente;Céu Claro;Simples;Reta;Não;4;1;2;0;1;0;2;2;-15,456578;-49,502522;SPRF-GO;DEL02-GO;UOP02-DEL02-GO
603896;29/05/2024;quarta-feira;22:00:00;SC;101;108;PENHA;Condutor deixou de manter distância do veículo da frente;Colisão traseira;Com Vítimas Feridas;Plena Noite;Crescente;Céu Claro;Dupla;Reta;Não;3;0;1;0;1;2;1;4;-26,82606902;-48,69052298;SPRF-SC;DEL03-SC;UOP02-DEL03-SC
603899;29/05/2024;quarta-feira;16:00:00;PR;376;326,7;ORTIGUEIRA;Velocidade Incompatível;Tombamento;Com Vítimas Feridas;Pleno dia;Crescente;Céu Claro;Simples;Curva;Não;2;0;1;0;0;1;1;2;-24,064732;-51,06268;SPRF-PR;DEL07-PR;UOP02-DEL07-PR
603903;29/05/2024;quarta-feira;22:30:00;ES;101;387;RIO NOVO DO SUL;Reação tardia ou ineficiente do condutor;Colisão lateral sentido oposto;Com Vítimas Feridas;Plena Noite;Crescente;Chuva;Simples;Curva;Não;7;0;3;0;3;1;3;5;-20,84937594;-40,87581007;SPRF-ES;DEL03-ES;UOP01-DEL03-ES
603910;29/05/2024;quarta-feira;17:35:00;SC;282;89,4;ALFREDO WAGNER;Velocidade Incompatível;Colisão lateral sentido oposto;Com Vítimas Fatais;Anoitecer;Crescente;Céu Claro;Simples;Curva;Não;5;2;0;0;2;4;0;7;-27,6800568;-49,2190195;SPRF-SC;DEL01-SC;UOP03-DEL01-SC
603922;29/05/2024;quarta-feira;19:30:00;SC;101;277,8;IMBITUBA;Condutor deixou de manter distância do veículo da frente;Colisão traseira;Com Vítimas Feridas;Plena Noite;Crescente;Céu Claro;Dupla;Reta;Sim;3;0;1;0;2;0;1;3;-28,15478103;-48,69265474;SPRF-SC;DEL02-SC;UOP03-DEL02-SC
603926;30/05/2024;quinta-feira;01:20:00;SP;116;499;CAJATI;Reação tardia ou ineficiente do condutor;Tombamento;Com Vítimas Fatais;Plena Noite;Crescente;Céu Claro;Simples;Curva;Não;2;1;0;0;0;1;0;2;-24,78228753;-48,17695233;SPRF-SP;DEL05-SP;UOP02-DEL05-SP
603929;30/05/2024;quinta-feira;02:15:00;PR;277;8,9;PARANAGUA;Reação tardia ou ineficiente do condutor;Saída de leito carroçável;Com Vítimas Feridas;Plena Noite;Decrescente;Céu Claro;Dupla;Reta;Não;2;0;1;0;0;1;1;2;-25,56587;-48,603717;SPRF-PR;DEL01-PR;UOP05-DEL01-PR
603937;30/05/2024;quinta-feira;04:45:00;RS;285;198;LAGOA VERMELHA;Ingestão de álcool pelo condutor;Colisão lateral mesmo sentido;Sem Vítimas;Plena Noite;Crescente;Nevoeiro/Neblina;Simples;Interseção de Vias;Sim;3;0;0;0;2;1;0;3;-28,210049;-51,511726;SPRF-RS;DEL08-RS;UOP05-DEL08-RS
603952;30/05/2024;quinta-feira;06:40:00;PR;116;122;CURITIBA;Manobra de mudança de faixa;Colisão lateral mesmo sentido;Com Vítimas Feridas;Pleno dia;Crescente;Céu Claro;Dupla;Curva;Sim;4;0;1;0;2;1;1;3;-25,56857207;-49,31023179;SPRF-PR;DEL01-PR;UOP03-DEL01-PR
603956;30/05/2024;quinta-feira;07:20:00;SP;116;80,3;ROSEIRA;Ausência de reação do condutor;Colisão traseira;Com Vítimas Feridas;Pleno dia;Crescente;Céu Claro;Dupla;Reta;Não;3;0;0;1;1;1;1;3;-22,89958454;-45,30245564;SPRF-SP;DEL08-SP;UOP01-DEL08-SP
603959;30/05/2024;quinta-feira;07:15:00;RS;116;525,9;PELOTAS;Condutor deixou de manter distância do veículo da frente;Colisão traseira;Com Vítimas Feridas;Amanhecer;Decrescente;Céu Claro;Múltipla;"Reta;Interseção de Vias";Sim;6;0;1;1;3;1;2;3;-31,73812888;-52,39523113;SPRF-RS;DEL07-RS;UOP01-DEL07-RS
603962;30/05/2024;quinta-feira;06:30:00;MA;226;304;BARRA DO CORDA;Condutor Dormindo;Colisão lateral sentido oposto;Com Vítimas Feridas;Amanhecer;Crescente;Céu Claro;Simples;"Aclive;Curva";Não;3;0;0;1;1;2;1;4;-5,48391094;-45,27514167;SPRF-MA;DEL06-MA;UOP01-DEL06-MA
603967;30/05/2024;quinta-feira;08:45:00;PE;101;80;JABOATAO DOS GUARARAPES;Ausência de reação do condutor;Colisão traseira;Com Vítimas Feridas;Pleno dia;Crescente;Chuva;Dupla;Curva;Não;4;0;2;0;1;2;2;4;-8,15112589;-34,9428866;SPRF-PE;DEL01-PE;UOP01-DEL01-PE
603971;30/05/2024;quinta-feira;06:50:00;RS;392;245,3;CACAPAVA DO SUL;Ingestão de álcool pelo condutor;Colisão frontal;Com Vítimas Fatais;Amanhecer;Decrescente;Nevoeiro/Neblina;Simples;"Curva;Declive";Não;3;1;1;0;0;1;1;3;-30,57918234;-53,39586683;SPRF-RS;DEL09-RS;UOP02-DEL09-RS
603973;30/05/2024;quinta-feira;07:35:00;PR;277;577,3;CASCAVEL;Condutor deixou de manter distância do veículo da frente;Colisão traseira;Com Vítimas Feridas;Pleno dia;Crescente;Céu Claro;Dupla;Reta;Sim;16;0;11;1;3;1;12;3;-24,98510305;-53,33984701;SPRF-PR;DEL04-PR;UOP01-DEL04-PR
603974;30/05/2024;quinta-feira;07:10:00;MS;163;563;BANDEIRANTES;Carga excessiva e/ou mal acondicionada;Colisão com objeto;Com Vítimas Feridas;Pleno dia;Crescente;Céu Claro;Simples;Reta;Não;3;0;1;0;1;3;1;5;-19,79312509;-54,36765367;SPRF-MS;DEL01-MS;UOP02-DEL01-MS
603976;30/05/2024;quinta-feira;06:00:00;PR;376;2,7;MARINGA;Reação tardia ou ineficiente do condutor;Colisão traseira;Com Vítimas Feridas;Amanhecer;Decrescente;Céu Claro;Dupla;"Aclive;Reta";Sim;3;0;1;0;1;3;1;5;-23,4273;-51,9375;SPRF-PR;DEL09-PR;UOP01-DEL09-PR
603979;30/05/2024;quinta-feira;08:30:00;MG;116;338;CAMPANARIO;Demais falhas mecânicas ou elétricas;Incêndio;Sem Vítimas;Pleno dia;Crescente;Céu Claro;Simples;Reta;Não;1;0;0;0;1;0;0;1;-18,30303475;-41,75211841;SPRF-MG;DEL11-MG;UOP01-DEL11-MG
603980;30/05/2024;quinta-feira;06:45:00;SE;101;102;SAO CRISTOVAO;Reação tardia ou ineficiente do condutor;Saída de leito carroçável;Sem Vítimas;Pleno dia;Decrescente;Chuva;Dupla;Reta;Não;1;0;0;0;1;0;0;1;-10,94880037;-37,21099182;SPRF-SE;DEL02-SE;UOP01-DEL02-SE
603990;30/05/2024;quinta-feira;10:00:00;PE;101;35;ITAPISSUMA;Chuva;Saída de leito carroçável;Com Vítimas Feridas;Pleno dia;Decrescente;Chuva;Dupla;"Reta;Em Obras";Não;4;0;1;1;1;2;2;4;-7,77952193;-34,93231384;SPRF-PE;DEL01-PE;UOP02-DEL01-PE
603991;30/05/2024;quinta-feira;08:20:00;MT;70;290;PRIMAVERA DO LESTE;Reação tardia ou ineficiente do condutor;Saída de leito carroçável;Com Vítimas Feridas;Pleno dia;Decrescente;Céu Claro;Simples;Reta;Não;2;0;1;0;0;2;1;3;-15,5777994;-54,38622297;SPRF-MT;DEL05-MT;UOP01-DEL05-MT
603992;18/05/2024;sábado;13:00:00;RS;285;644,8;SAO BORJA;Acessar a via sem observar a presença dos outros veículos;Colisão transversal;Com Vítimas Feridas;Pleno dia;Decrescente;Céu Claro;Simples;Reta;Não;3;0;1;0;1;1;1;3;-28,606682;-55,703793;SPRF-RS;DEL12-RS;UOP01-DEL12-RS
603997;30/05/2024;quinta-feira;07:00:00;MT;364;269;JACIARA;Desrespeitar a preferência no cruzamento;Colisão transversal;Com Vítimas Feridas;Pleno dia;Crescente;Céu Claro;Dupla;"Curva;Declive";Sim;6;0;2;2;1;2;4;4;-15,96896219;-54,94417191;SPRF-MT;DEL02-MT;UOP01-DEL02-MT
604005;30/05/2024;quinta-feira;12:00:00;PR;116;24,2;CAMPINA GRANDE DO SUL;Frear bruscamente;Saída de leito carroçável;Com Vítimas Feridas;Pleno dia;Decrescente;Céu Claro;Simples;Curva;Não;4;0;3;0;0;1;3;2;-25,10885561;-48,76563896;SPRF-PR;DEL01-PR;UOP02-DEL01-PR
604010;30/05/2024;quinta-feira;11:30:00;AL;423;31;CANAPI;Ultrapassagem Indevida;Colisão lateral mesmo sentido;Com Vítimas Feridas;Pleno dia;Crescente;Nublado;Simples;Reta;Não;2;0;1;0;0;1;1;2;-9,2076023;-37,5580429;SPRF-AL;DEL03-AL;UOP02-DEL03-AL
604011;30/05/2024;quinta-feira;10:13:00;RJ;101;59;CAMPOS DOS GOYTACAZES;Acesso irregular;Colisão transversal;Com Vítimas Feridas;Pleno dia;Crescente;Céu Claro;Simples;Reta;Sim;5;0;1;0;2;2;1;5;-21,72074188;-41,31491733;SPRF-RJ;DEL08-RJ;UOP01-DEL08-RJ
604016;22/05/2024;quarta-feira;19:20:00;MG;365;744;ITUIUTABA;Acesso irregular;Colisão transversal;Com Vítimas Feridas;Plena Noite;Decrescente;Céu Claro;Simples;Reta;Não;3;0;0;1;1;2;1;4;-18,91745432;-49,41063799;SPRF-MG;DEL15-MG;UOP03-DEL15-MG
604019;30/05/2024;quinta-feira;13:28:00;MG;381;586,6;CARMOPOLIS DE MINAS;Condutor deixou de manter distância do veículo da frente;Colisão lateral mesmo sentido;Sem Vítimas;Pleno dia;Crescente;Céu Claro;Dupla;Reta;Não;2;0;0;0;1;1;0;2;-20,525309;-44,631295;SPRF-MG;DEL04-MG;UOP01-DEL04-MG
604020;30/05/2024;quinta-feira;07:30:00;BA;116;663;JEQUIE;Reação tardia ou ineficiente do condutor;Saída de leito carroçável;Com Vítimas Feridas;Amanhecer;Decrescente;Céu Claro;Simples;Reta;Não;2;0;0;1;0;1;1;2;-13,72455201;-40,09665291;SPRF-BA;DEL03-BA;UOP01-DEL03-BA
604023;30/05/2024;quinta-feira;12:40:00;BA;116;854;VITORIA DA CONQUISTA;Acessar a via sem observar a presença dos outros veículos;Colisão transversal;Sem Vítimas;Pleno dia;Crescente;Nublado;Simples;Reta;Não;3;0;0;0;2;2;0;4;-15,0196651;-40,94931289;SPRF-BA;DEL08-BA;UOP01-DEL08-BA
604032;30/05/2024;quinta-feira;10:40:00;RJ;116;224;PARACAMBI;Condutor deixou de manter distância do veículo da frente;Colisão traseira;Com Vítimas Feridas;Pleno dia;Crescente;Céu Claro;Dupla;"Reta;Declive";Não;4;0;1;0;2;1;1;3;-22,68709335;-43,81058612;SPRF-RJ;DEL06-RJ;UOP02-DEL06-RJ
604038;30/05/2024;quinta-feira;15:10:00;SE;101;33;CAPELA;Acessar a via sem observar a presença dos outros veículos;Colisão traseira;Sem Vítimas;Pleno dia;Crescente;Garoa/Chuvisco;Dupla;Reta;Não;3;0;0;0;2;1;0;3;-10,46953007;-36,94610596;SPRF-SE;DEL02-SE;UOP02-DEL02-SE
604040;30/05/2024;quinta-feira;14:25:00;SC;282;644,1;SAO MIGUEL DO OESTE;Acessar a via sem observar a presença dos outros veículos;Colisão transversal;Com Vítimas Feridas;Pleno dia;Decrescente;Céu Claro;Simples;"Declive;Reta";Não;2;0;0;1;1;0;1;2;-26,76771159;-53,4814775;SPRF-SC;DEL07-SC;UOP03-DEL07-SC
604046;30/05/2024;quinta-feira;15:50:00;MG;354;737;POUSO ALTO;Mal súbito do condutor;Colisão frontal;Com Vítimas Feridas;Pleno dia;Crescente;Sol;Simples;Reta;Não;2;0;1;0;1;0;1;2;-22,20550588;-44,95828993;SPRF-MG;DEL17-MG;UOP01-DEL17-MG
604047;30/05/2024;quinta-feira;15:10:00;PR;476;168,8;CONTENDA;Carga excessiva e/ou mal acondicionada;Colisão lateral sentido oposto;Com Vítimas Feridas;Pleno dia;Crescente;Céu Claro;Simples;"Aclive;Reta";Não;5;0;4;0;0;2;4;4;-25,661057;-49,48967;SPRF-PR;DEL01-PR;UOP06-DEL01-PR
604048;30/05/2024;quinta-feira;00:30:00;MS;60;1;CHAPADAO DO SUL;Ausência de reação do condutor;Colisão com objeto;Sem Vítimas;Plena Noite;Decrescente;Céu Claro;Simples;Reta;Não;2;0;0;0;1;3;0;4;-18,69812801;-52,6216607;SPRF-MS;DEL08-MS;UOP01-DEL08-MS
604050;30/05/2024;quinta-feira;15:40:00;SP;381;10;VARGEM;Condutor deixou de manter distância do veículo da frente;Colisão lateral mesmo sentido;Sem Vítimas;Pleno dia;Crescente;Céu Claro;Dupla;Reta;Sim;2;0;0;0;2;0;0;2;-22,92240388;-46,44345503;SPRF-SP;DEL03-SP;UOP02-DEL03-SP
604053;30/05/2024;quinta-feira;15:15:00;MG;262;591;CAMPOS ALTOS;Ausência de reação do condutor;Colisão lateral sentido oposto;Com Vítimas Feridas;Pleno dia;Decrescente;Céu Claro;Simples;Curva;Não;3;0;0;2;1;0;2;2;-19,66593786;-46,14284708;SPRF-MG;DEL08-MG;UOP02-DEL08-MG
604059;30/05/2024;quinta-feira;16:10:00;RS;285;293,1;PASSO FUNDO;Desrespeitar a preferência no cruzamento;Colisão transversal;Com Vítimas Feridas;Pleno dia;Crescente;Sol;Simples;"Interseção de Vias;Rotatória";Não;4;0;1;0;2;1;1;3;-28,236645;-52,375156;SPRF-RS;DEL08-RS;UOP03-DEL08-RS
604062;30/05/2024;quinta-feira;16:30:00;BA;367;68;PORTO SEGURO;Chuva;Saída de leito carroçável;Com Vítimas Feridas;Pleno dia;Crescente;Chuva;Simples;Reta;Não;2;0;1;1;0;0;2;1;-16,38725526;-39,45086677;SPRF-BA;DEL09-BA;UOP03-DEL09-BA
604068;30/05/2024;quinta-feira;17:35:00;RS;392;71,5;PELOTAS;Ausência de reação do condutor;Colisão traseira;Com Vítimas Fatais;Anoitecer;Decrescente;Céu Claro;Dupla;"Aclive;Reta;Viaduto";Não;6;2;0;0;3;6;0;10;-31,72415828;-52,38660514;SPRF-RS;DEL07-RS;UOP01-DEL07-RS
604071;30/05/2024;quinta-feira;15:40:00;MG;459;75,2;SENADOR JOSE BENTO;Condutor Dormindo;Saída de leito carroçável;Com Vítimas Feridas;Pleno dia;Decrescente;Céu Claro;Simples;"Curva;Aclive";Não;2;0;1;0;0;1;1;2;-22,135663;-46,147352;SPRF-MG;DEL09-MG;UOP01-DEL09-MG
604073;30/05/2024;quinta-feira;17:10:00;PB;101;96;CONDE;Ausência de reação do condutor;Colisão traseira;Com Vítimas Feridas;Plena Noite;Decrescente;Nublado;Dupla;Reta;Não;3;0;1;0;1;1;1;3;-7,230921;-34,921149;SPRF-PB;DEL01-PB;UOP02-DEL01-PB
604074;30/05/2024;quinta-feira;13:40:00;CE;222;171;IRAUCUBA;Pista esburacada;Saída de leito carroçável;Com Vítimas Feridas;Pleno dia;Crescente;Chuva;Simples;Reta;Não;3;0;1;1;1;0;2;1;-3,75031559;-39,96800004;SPRF-CE;DEL04-CE;UOP03-DEL04-CE
604089;30/05/2024;quinta-feira;19:10:00;MG;40;510,7;RIBEIRAO DAS NEVES;Ausência de reação do condutor;Colisão traseira;Com Vítimas Feridas;Plena Noite;Crescente;Céu Claro;Dupla;Reta;Sim;5;0;1;0;4;0;1;2;-19,77463885;-44,12321882;SPRF-MG;DEL01-MG;UOP02-DEL01-MG
604091;30/05/2024;quinta-feira;15:50:00;PR;163;272;QUATRO PONTES;Curva acentuada;Tombamento;Sem Vítimas;Pleno dia;Crescente;Céu Claro;Dupla;Aclive;Não;2;0;0;0;1;2;0;3;-24,5859879;-53,98178458;SPRF-PR;DEL06-PR;UOP02-DEL06-PR
604110;30/05/2024;quinta-feira;20:50:00;PR;376;668;GUARATUBA;Problema com o freio;Colisão traseira;Sem Vítimas;Plena Noite;Crescente;Céu Claro;Dupla;"Curva;Declive";Não;3;0;0;0;2;1;0;3;-25,864159;-48,937538;SPRF-PR;DEL01-PR;UOP04-DEL01-PR
604120;30/05/2024;quinta-feira;22:20:00;MG;40;462;SETE LAGOAS;Carga excessiva e/ou mal acondicionada;Tombamento;Com Vítimas Feridas;Plena Noite;Crescente;Céu Claro;Dupla;Declive;Não;1;0;1;0;0;0;1;1;-19,4136917;-44,33879427;SPRF-MG;DEL02-MG;UOP01-DEL02-MG