id;data_inversa;dia_semana;horario;uf;br;km;municipio;causa_acidente;tipo_acidente;classificacao_acidente;fase_dia;sentido_via;condicao_metereologica;tipo_pista;tracado_via;uso_solo;pessoas;mortos;feridos_leves;feridos_graves;ilesos;ignorados;feridos;veiculos;latitude;longitude;regional;delegacia;uop
604467;01/06/2024;sábado;15:00:00;SP;153;293,2;OCAUCU;Ausência de reação do condutor;Colisão lateral sentido oposto;Com Vítimas Feridas;Pleno dia;Decrescente;Céu Claro;Simples;Reta;Não;4;0;1;1;1;2;2;4;-22,518731;-49,889507;SPRF-SP;DEL07-SP;UOP02-DEL07-SP
604468;01/06/2024;sábado;15:55:00;MG;40;368;FELIXLANDIA;Reação tardia ou ineficiente do condutor;Colisão traseira;Com Vítimas Feridas;Pleno dia;Crescente;Céu Claro;Simples;Reta;Não;4;0;1;0;2;3;1;5;-18,79958415;-44,79969134;SPRF-MG;DEL02-MG;UOP01-DEL02-MG
604474;01/06/2024;sábado;09:40:00;PR;277;410,9;CANDOI;Ultrapassagem Indevida;Colisão lateral sentido oposto;Com Vítimas Feridas;Pleno dia;Decrescente;Céu Claro;Simples;Curva;Não;5;0;0;2;3;0;2;3;-25,41653205;-52,04901695;SPRF-PR;DEL04-PR;UOP02-DEL04-PR
604481;01/06/2024;sábado;17:30:00;GO;158;7;ARAGARCAS;Reação tardia ou ineficiente do condutor;Tombamento;Sem Vítimas;Pleno dia;Crescente;Céu Claro;Simples;"Reta;Interseção de Vias;Declive";Não;2;0;0;0;1;2;0;3;-15,94952813;-52,21089363;SPRF-GO;DEL04-GO;UOP02-DEL04-GO
604483;01/06/2024;sábado;10:15:00;MT;163;950,7;NOVA SANTA HELENA;Transitar na contramão;Colisão frontal;Sem Vítimas;Pleno dia;Decrescente;Céu Claro;Simples;Reta;Não;3;0;0;0;1;2;0;3;-10,89119938;-55,20086467;SPRF-MT;DEL06-MT;UOP02-DEL06-MT
604486;01/06/2024;sábado;17:45:00;BA;116;386;SANTA BARBARA;Transitar na contramão;Colisão frontal;Com Vítimas Feridas;Plena Noite;Decrescente;Chuva;Simples;Aclive;Não;5;0;0;1;3;1;1;3;-11,93899506;-38,97937231;SPRF-BA;DEL02-BA;UOP01-DEL02-BA
604489;01/06/2024;sábado;18:45:00;SE;101;92,8;NOSSA SENHORA DO SOCORRO;Acessar a via sem observar a presença dos outros veículos;Atropelamento de Pedestre;Com Vítimas Fatais;Plena Noite;Decrescente;Garoa/Chuvisco;Dupla;Reta;Sim;2;1;0;0;0;1;0;2;-10,90169474;-37,13619222;SPRF-SE;DEL01-SE;UOP01-DEL01-SE
604492;01/06/2024;sábado;18:30:00;PA;316;61;CASTANHAL;Transitar na contramão;Colisão lateral sentido oposto;Com Vítimas Feridas;Plena Noite;Decrescente;Chuva;Dupla;Curva;Sim;7;0;1;0;6;0;1;3;-1,29686015;-47,94639002;SPRF-PA;DEL01-PA;UOP01-DEL01-PA
604496;01/06/2024;sábado;17:05:00;MG;381;944;EXTREMA;Ausência de reação do condutor;Saída de leito carroçável;Com Vítimas Feridas;Pleno dia;Decrescente;Céu Claro;Dupla;"Aclive;Reta";Não;2;0;1;0;0;1;1;2;-22,87479042;-46,36655782;SPRF-MG;DEL16-MG;UOP03-DEL16-MG
604498;01/06/2024;sábado;19:15:00;SP;116;221;GUARULHOS;Pedestre andava na pista;Atropelamento de Pedestre;Com Vítimas Fatais;Plena Noite;Decrescente;Céu Claro;Múltipla;Reta;Sim;2;1;0;0;1;0;0;2;-23,46802395;-46,50704901;SPRF-SP;DEL01-SP;UOP01-DEL01-SP
604500;01/06/2024;sábado;18:30:00;PR;373;233,4;IMBITUVA;Transitar na contramão;Colisão frontal;Com Vítimas Fatais;Anoitecer;Crescente;Céu Claro;Simples;Reta;Não;4;1;0;0;2;2;0;4;-25,18677344;-50,69712205;SPRF-PR;DEL03-PR;UOP01-DEL03-PR
604510;01/06/2024;sábado;13:00:00;PI;135;163,8;BERTOLINIA;Reação tardia ou ineficiente do condutor;Saída de leito carroçável;Com Vítimas Feridas;Pleno dia;Decrescente;Céu Claro;Simples;Curva;Não;2;0;1;0;0;1;1;2;-7,93173516;-43,79991531;SPRF-PI;DEL03-PI;UOP01-DEL03-PI
604524;01/06/2024;sábado;19:00:00;SC;101;446;SANTA ROSA DO SUL;Falta de acostamento;Atropelamento de Pedestre;Com Vítimas Feridas;Plena Noite;Crescente;Céu Claro;Múltipla;Reta;Não;2;0;1;0;1;0;1;2;-29,1453211;-49,72212553;SPRF-SC;DEL02-SC;UOP02-DEL02-SC
604525;01/06/2024;sábado;19:50:00;MG;381;285;ANTONIO DIAS;Ingestão de álcool pelo condutor;Colisão transversal;Sem Vítimas;Plena Noite;Decrescente;Céu Claro;Simples;Reta;Não;2;0;0;0;2;0;0;2;-19,63021915;-42,80702591;SPRF-MG;DEL03-MG;UOP02-DEL03-MG
604540;01/06/2024;sábado;22:20:00;BA;116;636;JAGUAQUARA;Ausência de reação do condutor;Colisão traseira;Com Vítimas Feridas;Plena Noite;Crescente;Chuva;Simples;Reta;Não;4;0;0;1;2;1;1;3;-13,49889298;-40,05022605;SPRF-BA;DEL03-BA;UOP01-DEL03-BA
604541;01/06/2024;sábado;20:20:00;SC;282;627,5;IRACEMINHA;Demais falhas na via;Colisão lateral sentido oposto;Sem Vítimas;Plena Noite;Crescente;Céu Claro;Dupla;"Curva;Aclive";Não;3;0;0;0;2;1;0;3;-26,811321;-53,362316;SPRF-SC;DEL07-SC;UOP02-DEL07-SC
604546;01/06/2024;sábado;21:45:00;PR;280;284,7;FRANCISCO BELTRAO;Ingestão de álcool pelo condutor;Colisão traseira;Com Vítimas Feridas;Plena Noite;Crescente;Céu Claro;Simples;"Aclive;Reta";Não;4;0;0;2;1;2;2;4;-26;-53;SPRF-PR;DEL02-PR;UOP01-DEL02-PR
604549;01/06/2024;sábado;22:45:00;SC;101;333,7;TUBARAO;Pedestre - Ingestão de álcool/ substâncias psicoativas;Colisão traseira;Com Vítimas Feridas;Plena Noite;Decrescente;Céu Claro;Múltipla;"Reta;Viaduto;Declive";Sim;2;0;1;0;0;1;1;2;-28,46630107;-48,99653096;SPRF-SC;DEL02-SC;UOP01-DEL02-SC
604567;01/06/2024;sábado;22:15:00;BA;116;219;EUCLIDES DA CUNHA;Ausência de reação do condutor;Colisão traseira;Com Vítimas Feridas;Plena Noite;Decrescente;Garoa/Chuvisco;Dupla;Reta;Sim;4;0;3;0;1;0;3;3;-10,51345007;-39,00746942;SPRF-BA;DEL07-BA;UOP02-DEL07-BA
604573;02/06/2024;domingo;01:45:00;SC;101;34,5;JOINVILLE;Estacionar ou parar em local proibido;Colisão com objeto;Com Vítimas Feridas;Plena Noite;Crescente;Nevoeiro/Neblina;Dupla;"Reta;Aclive";Não;3;0;1;0;1;2;1;4;-26,23667403;-48,91486706;SPRF-SC;DEL03-SC;UOP01-DEL03-SC
604578;02/06/2024;domingo;02:10:00;RS;468;105,9;TRES PASSOS;Acessar a via sem observar a presença dos outros veículos;Colisão transversal;Com Vítimas Feridas;Plena Noite;Crescente;Céu Claro;Simples;Reta;Sim;4;0;2;0;2;0;2;2;-27,44375401;-53,94975605;SPRF-RS;DEL08-RS;UOP02-DEL08-RS
604582;02/06/2024;domingo;02:30:00;MT;174;4;PONTES E LACERDA;Ingestão de álcool pelo condutor;Colisão com objeto;Com Vítimas Feridas;Plena Noite;Decrescente;Céu Claro;Simples;Reta;Sim;2;0;1;0;0;1;1;2;-15,23576523;-59,34192181;SPRF-MT;DEL04-MT;UOP01-DEL04-MT
604587;02/06/2024;domingo;03:30:00;MT;174;378;CONQUISTA DOESTE;Ingestão de álcool pelo condutor;Colisão frontal;Com Vítimas Feridas;Plena Noite;Decrescente;Céu Claro;Simples;Curva;Sim;2;0;1;0;1;0;1;2;-14,53847436;-59,54641342;SPRF-MT;DEL04-MT;UOP01-DEL04-MT
604593;02/06/2024;domingo;05:20:00;TO;226;14;PALMEIRAS DO TOCANTINS;Animais na Pista;Atropelamento de Animal;Com Vítimas Feridas;Amanhecer;Crescente;Céu Claro;Simples;Reta;Não;3;0;1;0;1;12;1;14;-6,621758;-47,561535;SPRF-TO;DEL02-TO;UOP03-DEL02-TO
604613;02/06/2024;domingo;03:40:00;RS;101;4;TORRES;Condutor Dormindo;Saída de leito carroçável;Com Vítimas Feridas;Plena Noite;Crescente;Céu Claro;Dupla;Curva;Sim;2;0;1;0;0;1;1;2;-29,33442;-49,785553;SPRF-RS;DEL03-RS;UOP02-DEL03-RS
604618;02/06/2024;domingo;07:00:00;SP;116;550;BARRA DO TURVO;Reação tardia ou ineficiente do condutor;Tombamento;Com Vítimas Feridas;Pleno dia;Decrescente;Céu Claro;Dupla;Curva;Não;2;0;1;0;0;1;1;2;-24,95749618;-48,46440871;SPRF-SP;DEL05-SP;UOP02-DEL05-SP
604621;02/06/2024;domingo;06:50:00;SC;470;247;CURITIBANOS;Reação tardia ou ineficiente do condutor;Tombamento;Com Vítimas Feridas;Pleno dia;Decrescente;Céu Claro;Simples;Rotatória;Sim;2;0;1;0;0;1;1;2;-27,31298511;-50,56054115;SPRF-SC;DEL05-SC;UOP03-DEL05-SC
604650;02/06/2024;domingo;09:15:00;BA;116;530;ITATIM;Condutor Dormindo;Saída de leito carroçável;Com Vítimas Feridas;Pleno dia;Decrescente;Nublado;Simples;Reta;Não;2;0;1;0;0;1;1;2;-12,72182285;-39,76161404;SPRF-BA;DEL03-BA;UOP02-DEL03-BA
604651;02/06/2024;domingo;08:25:00;BA;116;583;IRAJUBA;Condutor deixou de manter distância do veículo da frente;Colisão traseira;Com Vítimas Feridas;Pleno dia;Decrescente;Nublado;Simples;Aclive;Não;4;0;1;0;2;2;1;4;-13,12906;-39,991671;SPRF-BA;DEL03-BA;UOP02-DEL03-BA
604652;02/06/2024;domingo;07:50:00;PR;116;23,8;ANTONINA;Frear bruscamente;Colisão traseira;Com Vítimas Feridas;Pleno dia;Decrescente;Sol;Dupla;Curva;Não;4;0;0;1;2;1;1;3;-25,1116664;-48,7648109;SPRF-PR;DEL01-PR;UOP02-DEL01-PR
604657;02/06/2024;domingo;07:30:00;MS;267;129;NOVA ANDRADINA;Condutor deixou de manter distância do veículo da frente;Colisão traseira;Sem Vítimas;Pleno dia;Decrescente;Céu Claro;Simples;"Em Obras;Aclive;Reta";Não;3;0;0;0;2;5;0;7;-21,73322416;-53,30373008;SPRF-MS;DEL02-MS;UOP03-DEL02-MS
604666;02/06/2024;domingo;12:00:00;BA;110;133;CICERO DANTAS;Ultrapassagem Indevida;Saída de leito carroçável;Sem Vítimas;Pleno dia;Decrescente;Chuva;Simples;Curva;Não;2;0;0;0;1;1;0;2;-10,56531407;-38,37390963;SPRF-BA;DEL07-BA;UOP02-DEL07-BA
604667;02/06/2024;domingo;13:00:00;CE;116;23;AQUIRAZ;Estacionar ou parar em local proibido;Colisão traseira;Sem Vítimas;Pleno dia;Decrescente;Nublado;Dupla;"Declive;Reta";Sim;4;0;0;0;3;1;0;4;-3,94905489;-38,51212845;SPRF-CE;DEL01-CE;UOP02-DEL01-CE
604669;02/06/2024;domingo;11:30:00;PI;343;593;FLORIANO;Ausência de reação do condutor;Colisão com objeto;Sem Vítimas;Pleno dia;Decrescente;Sol;Dupla;Reta;Sim;2;0;0;0;1;1;0;2;-6,781913;-43,038273;SPRF-PI;DEL03-PI;UOP01-DEL03-PI
604671;02/06/2024;domingo;07:30:00;SC;101;317;PESCARIA BRAVA;Acessar a via sem observar a presença dos outros veículos;Colisão lateral mesmo sentido;Com Vítimas Feridas;Amanhecer;Decrescente;Céu Claro;Dupla;"Reta;Aclive";Sim;2;0;0;1;0;1;1;2;-28,42708421;-48,85211624;SPRF-SC;DEL02-SC;UOP01-DEL02-SC
604674;02/06/2024;domingo;07:45:00;PR;116;23,8;ANTONINA;Velocidade Incompatível;Tombamento;Com Vítimas Feridas;Pleno dia;Decrescente;Céu Claro;Simples;"Curva;Declive";Não;2;0;0;1;0;1;1;2;-25,112415;-48,763878;SPRF-PR;DEL01-PR;UOP02-DEL01-PR
604688;02/06/2024;domingo;10:30:00;MG;365;282;JOAO PINHEIRO;Demais falhas mecânicas ou elétricas;Incêndio;Sem Vítimas;Pleno dia;Decrescente;Céu Claro;Simples;Reta;Não;2;0;0;0;1;1;0;2;-18,03562817;-45,64362769;SPRF-MG;DEL10-MG;UOP02-DEL010-MG
604692;02/06/2024;domingo;15:10:00;MG;381;800;SAO GONCALO DO SAPUCAI;Reação tardia ou ineficiente do condutor;Colisão lateral mesmo sentido;Com Vítimas Feridas;Pleno dia;Crescente;Céu Claro;Dupla;"Reta;Aclive";Não;7;0;3;0;3;1;3;4;-21,97761923;-45,63996491;SPRF-MG;DEL16-MG;UOP02-DEL16-MG
604706;02/06/2024;domingo;04:10:00;BA;101;489;ITABUNA;Curva acentuada;Saída de leito carroçável;Com Vítimas Feridas;Plena Noite;Crescente;Chuva;Simples;Curva;Não;4;0;2;0;1;1;2;2;-14,8050658;-39,2945913;SPRF-BA;DEL05-BA;UOP01-DEL05-BA
604727;02/06/2024;domingo;20:20:00;RJ;101;209;CASIMIRO DE ABREU;Ausência de reação do condutor;Engavetamento;Com Vítimas Feridas;Plena Noite;Decrescente;Céu Claro;Dupla;Reta;Não;16;0;5;7;3;2;12;7;-22,48133694;-42,22930101;SPRF-RJ;DEL08-RJ;UOP04-DEL08-RJ
604731;02/06/2024;domingo;17:50:00;PR;369;137;IBIPORA;Condutor deixou de manter distância do veículo da frente;Colisão traseira;Sem Vítimas;Anoitecer;Crescente;Céu Claro;Simples;"Reta;Interseção de Vias;Rotatória";Sim;3;0;0;0;3;0;0;2;-23,270777;-51,044499;SPRF-PR;DEL07-PR;UOP01-DEL07-PR
604739;02/06/2024;domingo;14:19:00;BA;116;622,6;JAGUAQUARA;Transitar na contramão;Colisão frontal;Com Vítimas Feridas;Pleno dia;Crescente;Céu Claro;Simples;Declive;Não;5;0;1;0;3;1;1;4;-13,38310995;-40,02110227;SPRF-BA;DEL03-BA;UOP01-DEL03-BA
604749;02/06/2024;domingo;18:30:00;MG;116;205,5;CATUJI;Animais na Pista;Atropelamento de Animal;Com Vítimas Feridas;Anoitecer;Crescente;Chuva;Simples;"Reta;Aclive";Não;3;0;0;1;1;1;1;3;-17,28377607;-41,51409092;SPRF-MG;DEL11-MG;UOP01-DEL11-MG
604752;02/06/2024;domingo;17:40:00;MS;376;169;NOVA ANDRADINA;Acessar a via sem observar a presença dos outros veículos;Colisão transversal;Com Vítimas Feridas;Plena Noite;Crescente;Ignorado;Dupla;Reta;Não;6;0;3;0;3;0;3;2;-22,31130481;-53,40508306;SPRF-MS;DEL04-MS;UOP04-DEL04-MS
604776;02/06/2024;domingo;18:17:00;RJ;101;48;CAMPOS DOS GOYTACAZES;Acessar a via sem observar a presença dos outros veículos;Colisão transversal;Com Vítimas Fatais;Plena Noite;Crescente;Céu Claro;Simples;Reta;Não;3;1;0;0;2;0;0;3;-21,616427;-41,315333;SPRF-RJ;DEL08-RJ;UOP01-DEL08-RJ
604788;02/06/2024;domingo;19:50:00;PR;116;195,8;RIO NEGRO;Demais falhas mecânicas ou elétricas;Incêndio;Sem Vítimas;Plena Noite;Decrescente;Céu Claro;Simples;Reta;Não;1;0;0;0;1;0;0;1;-25,99595516;-49,66757935;SPRF-SC;DEL06-SC;UOP01-DEL06-SC
604793;02/06/2024;domingo;20:00:00;GO;60;132;GOIANIA;Demais falhas mecânicas ou elétricas;Incêndio;Sem Vítimas;Plena Noite;Decrescente;Céu Claro;Dupla;"Reta;Aclive";Não;2;0;0;0;1;1;0;2;-16,581;-49,168;SPRF-GO;DEL01-GO;UOP01-DEL01-GO
604794;02/06/2024;domingo;18:50:00;MA;222;658,3;ACAILANDIA;Ausência de reação do condutor;Colisão traseira;Com Vítimas Fatais;Anoitecer;Crescente;Céu Claro;Simples;Reta;Não;4;2;0;1;0;1;1;2;-4,887693;-47,374017;SPRF-MA;DEL04-MA;UOP03-DEL04-MA
604796;02/06/2024;domingo;18:53:00;GO;364;197;JATAI;Pedestre andava na pista;Atropelamento de Pedestre;Com Vítimas Fatais;Plena Noite;Decrescente;Céu Claro;Dupla;"Reta;Ponte";Não;3;1;0;0;1;1;0;3;-17,919825;-51,729782;SPRF-GO;DEL05-GO;UOP01-DEL05-GO
604801;02/06/2024;domingo;20:30:00;GO;60;113,7;GOIANAPOLIS;Ingestão de álcool pelo condutor;Saída de leito carroçável;Com Vítimas Feridas;Plena Noite;Crescente;Céu Claro;Dupla;"Reta;Declive";Sim;2;0;1;0;0;1;1;2;-16,45682954;-49,05678749;SPRF-GO;DEL01-GO;UOP01-DEL01-GO
604803;02/06/2024;domingo;18:30:00;MS;376;84;DEODAPOLIS;Ingestão de álcool pelo condutor;Colisão frontal;Com Vítimas Fatais;Plena Noite;Decrescente;Céu Claro;Simples;Reta;Não;4;1;0;0;2;2;0;4;-22,28257329;-54,15228912;SPRF-MS;DEL04-MS;UOP04-DEL04-MS
604807;02/06/2024;domingo;16:05:00;MG;251;323;SALINAS;Demais falhas mecânicas ou elétricas;Colisão com objeto;Com Vítimas Feridas;Pleno dia;Crescente;Nublado;Simples;Curva;Não;2;0;1;0;0;1;1;2;-16,2018584;-42,35684395;SPRF-MG;DEL12-MG;UOP02-DEL12-MG
604808;02/06/2024;domingo;20:30:00;RS;290;326;CACAPAVA DO SUL;Reação tardia ou ineficiente do condutor;Colisão traseira;Sem Vítimas;Plena Noite;Decrescente;Céu Claro;Simples;"Aclive;Reta";Não;3;0;0;0;2;1;0;3;-30,361158;-53,444572;SPRF-RS;DEL09-RS;UOP02-DEL09-RS
604831;02/06/2024;domingo;16:50:00;PA;10;101,8;ULIANOPOLIS;Reação tardia ou ineficiente do condutor;Tombamento;Com Vítimas Feridas;Pleno dia;Decrescente;Céu Claro;Simples;Reta;Não;2;0;0;1;0;1;1;2;-3,53991983;-47,49086353;SPRF-PA;DEL02-PA;UOP02-DEL02-PA
604840;02/06/2024;domingo;23:49:00;PI;343;347;TERESINA;Ausência de reação do condutor;Colisão lateral sentido oposto;Com Vítimas Feridas;Plena Noite;Crescente;Céu Claro;Simples;Reta;Sim;2;0;1;0;1;0;1;2;-5,114822;-42,778355;SPRF-PI;DEL01-PI;UOP01-DEL01-PI
604845;02/06/2024;domingo;21:45:00;CE;116;322;JAGUARIBE;Ausência de reação do condutor;Saída de leito carroçável;Com Vítimas Feridas;Plena Noite;Decrescente;Céu Claro;Simples;"Reta;Declive";Não;1;0;0;1;0;0;1;1;-6,00698277;-38,63605254;SPRF-CE;DEL05-CE;UOP02-DEL05-CE
604849;03/06/2024;segunda-feira;04:00:00;SP;116;332;JUQUITIBA;Reação tardia ou ineficiente do condutor;Colisão com objeto;Com Vítimas Feridas;Plena Noite;Decrescente;Nublado;Dupla;Reta;Não;1;0;1;0;0;0;1;1;-23,95597045;-47,1100868;SPRF-SP;DEL04-SP;UOP03-DEL04-SP
604850;03/06/2024;segunda-feira;02:50:00;PI;316;310;PICOS;Reação tardia ou ineficiente do condutor;Colisão com objeto;Com Vítimas Feridas;Plena Noite;Crescente;Céu Claro;Simples;"Reta;Em Obras";Sim;8;0;5;1;1;1;6;2;-7,07639186;-41,47475001;SPRF-PI;DEL04-PI;UOP01-DEL04-PI
604866;03/06/2024;segunda-feira;04:10:00;RS;293;136,2;CANDIOTA;Mal súbito do condutor;Colisão com objeto;Com Vítimas Feridas;Plena Noite;Decrescente;Nublado;Simples;Ponte;Não;5;0;0;1;2;3;1;5;-31,47443826;-53,64695212;SPRF-RS;DEL11-RS;UOP03-DEL11-RS
604881;03/06/2024;segunda-feira;05:40:00;BA;324;356;CAPIM GROSSO;Condutor Dormindo;Colisão frontal;Com Vítimas Feridas;Amanhecer;Crescente;Nublado;Simples;Reta;Não;2;0;1;0;1;0;1;2;-11,38748831;-39,98941541;SPRF-BA;DEL04-BA;UOP02-DEL04-BA
604889;03/06/2024;segunda-feira;05:45:00;MG;116;334;CAMPANARIO;Transitar na contramão;Colisão lateral sentido oposto;Com Vítimas Feridas;Amanhecer;Crescente;Nublado;Simples;Reta;Não;9;0;3;1;4;2;4;5;-18,27073201;-41,73771999;SPRF-MG;DEL11-MG;UOP01-DEL11-MG
604892;03/06/2024;segunda-feira;08:30:00;GO;60;104,3;GOIANAPOLIS;Problema com o freio;Tombamento;Com Vítimas Feridas;Pleno dia;Crescente;Céu Claro;Dupla;Curva;Não;1;0;1;0;0;0;1;1;-16,4118;-49,0004;SPRF-GO;DEL02-GO;UOP01-DEL02-GO
604899;03/06/2024;segunda-feira;05:00:00;MG;267;50,8;MARIPA DE MINAS;Condutor Dormindo;Saída de leito carroçável;Com Vítimas Fatais;Amanhecer;Decrescente;Céu Claro;Simples;Ponte;Não;2;1;0;0;0;1;0;2;-21,69577022;-42,98279189;SPRF-MG;DEL07-MG;UOP01-DEL07-MG
604900;31/05/2024;sexta-feira;16:00:00;MT;163;946;ITAUBA;Demais falhas mecânicas ou elétricas;Colisão lateral mesmo sentido;Sem Vítimas;Pleno dia;Decrescente;Céu Claro;Simples;Reta;Não;3;0;0;0;2;1;0;3;-11,04008406;-55,26961862;SPRF-MT;DEL06-MT;UOP02-DEL06-MT
604917;03/06/2024;segunda-feira;09:40:00;BA;324;623;SALVADOR;Demais falhas mecânicas ou elétricas;Derramamento de carga;Com Vítimas Feridas;Pleno dia;Decrescente;Céu Claro;Múltipla;Reta;Sim;3;0;1;0;2;0;1;2;-12,940665;-38,471028;SPRF-BA;DEL01-BA;UOP01-DEL01-BA
604921;03/06/2024;segunda-feira;10:20:00;MA;135;20;SAO LUIS;Avarias e/ou desgaste excessivo no pneu;Tombamento;Com Vítimas Feridas;Pleno dia;Crescente;Sol;Dupla;Reta;Não;2;0;1;0;0;2;1;3;-2,73143875;-44,33163334;SPRF-MA;DEL01-MA;UOP01-DEL01-MA
604922;03/06/2024;segunda-feira;10:00:00;SP;116;80,1;ROSEIRA;Demais falhas mecânicas ou elétricas;Colisão com objeto;Sem Vítimas;Pleno dia;Decrescente;Nublado;Dupla;Reta;Não;6;0;0;0;6;0;0;2;-22,89958454;-45,30245564;SPRF-SP;DEL08-SP;UOP01-DEL08-SP
604927;03/06/2024;segunda-feira;10:17:00;MA;316;318,4;OLHO DAGUA DAS CUNHAS;Acumulo de água sobre o pavimento;Saída de leito carroçável;Com Vítimas Feridas;Pleno dia;Decrescente;Chuva;Simples;Reta;Não;4;0;4;0;0;0;4;1;-4,05087;-45,090786;SPRF-MA;DEL02-MA;UOP01-DEL02-MA
604930;24/05/2024;sexta-feira;16:00:00;RO;364;29;VILHENA;Condutor deixou de manter distância do veículo da frente;Engavetamento;Com Vítimas Feridas;Pleno dia;Decrescente;Céu Claro;Simples;Reta;Não;5;0;2;0;2;10;2;14;-12,71187186;-60,26932074;SPRF-RO;DEL04-RO;UOP01-DEL04-RO
604932;03/06/2024;segunda-feira;11:15:00;CE;116;32;AQUIRAZ;Reação tardia ou ineficiente do condutor;Colisão lateral mesmo sentido;Com Vítimas Fatais;Pleno dia;Decrescente;Céu Claro;Dupla;Reta;Não;3;1;0;0;1;1;0;3;-4,02676186;-38,51392889;SPRF-CE;DEL01-CE;UOP02-DEL01-CE
604936;03/06/2024;segunda-feira;10:15:00;SC;101;204;SAO JOSE;Manobra de mudança de faixa;Colisão traseira;Com Vítimas Feridas;Pleno dia;Crescente;Céu Claro;Múltipla;Reta;Sim;4;0;1;1;1;1;2;3;-27,57413014;-48,61363083;SPRF-SC;DEL01-SC;UOP01-DEL01-SC
604950;03/06/2024;segunda-feira;12:40:00;PE;101;42;IGARASSU;Condutor deixou de manter distância do veículo da frente;Colisão traseira;Com Vítimas Feridas;Pleno dia;Decrescente;Chuva;Múltipla;"Reta;Declive";Não;4;0;2;0;1;1;2;3;-7,83887431;-34,91196739;SPRF-PE;DEL01-PE;UOP02-DEL01-PE
604955;03/06/2024;segunda-feira;13:30:00;PI;343;340;TERESINA;Manobra de mudança de faixa;Colisão lateral mesmo sentido;Sem Vítimas;Pleno dia;Crescente;Céu Claro;Dupla;"Aclive;Curva";Sim;2;0;0;0;2;0;0;2;-5,074137;-42,73629;SPRF-PI;DEL01-PI;UOP01-DEL01-PI
604969;03/06/2024;segunda-feira;09:45:00;MS;376;98;IVINHEMA;Reação tardia ou ineficiente do condutor;Colisão lateral mesmo sentido;Com Vítimas Feridas;Pleno dia;Crescente;Sol;Simples;Reta;Não;5;0;1;0;4;0;1;3;-22,30616549;-54,02814693;SPRF-MS;DEL04-MS;UOP04-DEL04-MS
604973;03/06/2024;segunda-feira;15:05:00;SE;101;40,1;CAPELA;Velocidade Incompatível;Saída de leito carroçável;Com Vítimas Feridas;Pleno dia;Crescente;Chuva;Dupla;Reta;Não;3;0;1;0;1;1;1;2;-10,52530719;-36,95530873;SPRF-SE;DEL02-SE;UOP02-DEL02-SE
604979;03/06/2024;segunda-feira;12:45:00;SC;282;58;RANCHO QUEIMADO;Acessar a via sem observar a presença dos outros veículos;Colisão transversal;Com Vítimas Feridas;Pleno dia;Decrescente;Céu Claro;Simples;"Interseção de Vias;Declive";Sim;10;0;8;1;1;0;9;2;-27,683594;-49,005539;SPRF-SC;DEL01-SC;UOP03-DEL01-SC
604980;24/04/2024;quarta-feira;17:15:00;MG;381;532,5;ITATIAIUCU;Demais falhas mecânicas ou elétricas;Incêndio;Com Vítimas Feridas;Anoitecer;Crescente;Céu Claro;Dupla;Reta;Não;2;0;1;0;0;1;1;2;-20,1904316;-44,38268793;SPRF-MG;DEL04-MG;UOP03-DEL04-MG
604983;03/06/2024;segunda-feira;16:15:00;MG;365;583,5;INDIANOPOLIS;Reação tardia ou ineficiente do condutor;Saída de leito carroçável;Com Vítimas Feridas;Pleno dia;Crescente;Céu Claro;Simples;Reta;Não;7;0;0;1;2;5;1;5;-18,86861187;-47,98372099;SPRF-MG;DEL15-MG;UOP02-DEL15-MG
604985;03/06/2024;segunda-feira;16:42:00;SE;101;74;MARUIM;Velocidade Incompatível;Colisão frontal;Com Vítimas Feridas;Pleno dia;Decrescente;Chuva;Dupla;Curva;Não;3;0;1;0;2;0;1;2;-10,76273662;-37,11145231;SPRF-SE;DEL01-SE;UOP01-DEL01-SE
604990;03/06/2024;segunda-feira;16:20:00;PI;316;6,5;TERESINA;Reação tardia ou ineficiente do condutor;Colisão lateral mesmo sentido;Sem Vítimas;Pleno dia;Crescente;Sol;Múltipla;Reta;Sim;2;0;0;0;2;0;0;2;-5,14702095;-42,77438982;SPRF-PI;DEL01-PI;UOP02-DEL01-PI
605000;03/06/2024;segunda-feira;17:30:00;MG;116;704,6;MURIAE;Conversão proibida;Colisão transversal;Com Vítimas Feridas;Plena Noite;Crescente;Nublado;Simples;Reta;Sim;3;0;1;0;1;1;1;3;-21,13416858;-42,38722798;SPRF-MG;DEL07-MG;UOP02-DEL07-MG
605003;03/06/2024;segunda-feira;17:35:00;CE;222;25;CAUCAIA;Manobra de mudança de faixa;Tombamento;Sem Vítimas;Anoitecer;Crescente;Céu Claro;Múltipla;Reta;Não;1;0;0;0;1;0;0;1;-3,7266762;-38,77703408;SPRF-CE;DEL01-CE;UOP01-DEL01-CE
605004;03/06/2024;segunda-feira;15:00:00;PB;412;17;BOA VISTA;Ausência de sinalização;Colisão com objeto;Sem Vítimas;Pleno dia;Decrescente;Chuva;Simples;"Curva;Interseção de Vias;Rotatória";Não;1;0;0;0;1;0;0;1;-7,249509;-36,219105;SPRF-PB;DEL02-PB;UOP02-DEL02-PB
605011;03/06/2024;segunda-feira;15:20:00;TO;153;136;ARAGUAINA;Problema com o freio;Colisão com objeto;Sem Vítimas;Pleno dia;Decrescente;Céu Claro;Simples;Reta;Sim;2;0;0;0;0;2;0;2;-7,137507;-48,200943;SPRF-TO;DEL02-TO;UOP01-DEL02-TO