id;data_inversa;dia_semana;horario;uf;br;km;municipio;causa_acidente;tipo_acidente;classificacao_acidente;fase_dia;sentido_via;condicao_metereologica;tipo_pista;tracado_via;uso_solo;pessoas;mortos;feridos_leves;feridos_graves;ilesos;ignorados;feridos;veiculos;latitude;longitude;regional;delegacia;uop
605302;05/06/2024;quarta-feira;10:00:00;ES;101;291,9;CARIACICA;Mal súbito do condutor;Tombamento;Com Vítimas Feridas;Pleno dia;Decrescente;Sol;Dupla;Reta;Sim;2;0;1;0;0;1;1;2;-20,30526597;-40,39501727;SPRF-ES;DEL01-ES;UOP01-DEL01-ES
605310;05/06/2024;quarta-feira;08:30:00;RJ;116;171;RIO DE JANEIRO;Reação tardia ou ineficiente do condutor;Colisão traseira;Com Vítimas Feridas;Pleno dia;Crescente;Céu Claro;Múltipla;Reta;Sim;6;0;3;0;2;1;3;3;-22,8060415;-43,34289573;SPRF-RJ;DEL06-RJ;UOP01-DEL06-RJ
605315;05/06/2024;quarta-feira;07:15:00;MG;116;556,9;MANHUACU;Acessar a via sem observar a presença dos outros veículos;Colisão traseira;Com Vítimas Feridas;Pleno dia;Crescente;Céu Claro;Simples;"Reta;Ponte";Não;3;0;1;0;1;1;1;3;-20,00951495;-42,15178013;SPRF-MG;DEL06-MG;UOP03-DEL06-MG
605323;05/06/2024;quarta-feira;10:50:00;RS;470;44,2;LAGOA VERMELHA;Ultrapassagem Indevida;Saída de leito carroçável;Com Vítimas Feridas;Pleno dia;Crescente;Céu Claro;Simples;"Declive;Reta";Não;3;0;1;0;1;2;1;4;-27,95405;-51,459437;SPRF-RS;DEL08-RS;UOP05-DEL08-RS
605325;05/06/2024;quarta-feira;12:00:00;MT;163;994;TERRA NOVA DO NORTE;Ultrapassagem Indevida;Colisão lateral mesmo sentido;Com Vítimas Feridas;Pleno dia;Crescente;Céu Claro;Simples;Reta;Sim;4;0;1;0;2;6;1;9;-10,54489476;-55,08538853;SPRF-MT;DEL06-MT;UOP03-DEL06-MT
605326;28/04/2024;domingo;04:15:00;PA;316;180;SANTA LUZIA DO PARA;Ultrapassagem Indevida;Colisão frontal;Com Vítimas Fatais;Plena Noite;Crescente;Garoa/Chuvisco;Simples;"Aclive;Reta";Não;4;1;1;1;0;1;2;4;-1,40583911;-47,00639613;SPRF-PA;DEL01-PA;UOP03-DEL01-PA
605331;05/06/2024;quarta-feira;11:00:00;MT;364;396;CUIABA;Acessar a via sem observar a presença dos outros veículos;Colisão transversal;Com Vítimas Fatais;Pleno dia;Crescente;Céu Claro;Simples;Interseção de Vias;Sim;3;1;0;1;1;0;1;2;-15,69004774;-55,90523988;SPRF-MT;DEL01-MT;UOP02-DEL01-MT
605332;05/06/2024;quarta-feira;14:00:00;PR;277;32;MORRETES;Reação tardia ou ineficiente do condutor;Tombamento;Com Vítimas Feridas;Pleno dia;Decrescente;Céu Claro;Dupla;Curva;Não;2;0;1;0;0;1;1;2;-25,547373;-48,790559;SPRF-PR;DEL01-PR;UOP05-DEL01-PR
605333;05/06/2024;quarta-feira;13:45:00;RS;470;215;BENTO GONCALVES;Ausência de reação do condutor;Colisão traseira;Sem Vítimas;Pleno dia;Crescente;Nublado;Simples;Reta;Não;2;0;0;0;2;0;0;2;-29,150635;-51,530241;SPRF-RS;DEL06-RS;UOP01-DEL06-RS
605338;05/06/2024;quarta-feira;14:00:00;ES;101;296;CARIACICA;Ausência de reação do condutor;Colisão traseira;Com Vítimas Feridas;Pleno dia;Crescente;Céu Claro;Múltipla;Reta;Sim;3;0;0;1;1;1;1;3;-20,34029997;-40,40405712;SPRF-ES;DEL01-ES;UOP01-DEL01-ES
605339;20/04/2024;sábado;02:40:00;BA;101;149;CORACAO DE MARIA;Problema com o freio;Incêndio;Sem Vítimas;Plena Noite;Decrescente;Chuva;Dupla;Reta;Não;2;0;0;0;1;1;0;2;-12,3283682;-38,74617182;SPRF-BA;DEL01-BA;UOP03-DEL01-BA
605343;05/06/2024;quarta-feira;15:35:00;MG;381;430,2;SABARA;Condutor deixou de manter distância do veículo da frente;Colisão traseira;Com Vítimas Feridas;Pleno dia;Decrescente;Céu Claro;Simples;Reta;Não;2;0;1;0;1;0;1;2;-19,78496805;-43,72311799;SPRF-MG;DEL01-MG;UOP01-DEL01-MG
605345;05/06/2024;quarta-feira;14:50:00;DF;251;11,2;BRASILIA;Reação tardia ou ineficiente do condutor;Tombamento;Com Vítimas Feridas;Pleno dia;Crescente;Sol;Simples;Rotatória;Não;2;0;1;0;0;2;1;3;-15,969707;-47,586941;SPRF-DF;DEL01-DF;UOP01-DEL01-DF
605347;05/06/2024;quarta-feira;13:00:00;ES;101;381;RIO NOVO DO SUL;Reação tardia ou ineficiente do condutor;Tombamento;Sem Vítimas;Pleno dia;Crescente;Chuva;Simples;Curva;Não;2;0;0;0;2;0;0;1;-20,81426791;-40,84094115;SPRF-ES;DEL03-ES;UOP01-DEL03-ES
605350;05/06/2024;quarta-feira;16:12:00;GO;153;501;GOIANIA;Condutor deixou de manter distância do veículo da frente;Colisão lateral mesmo sentido;Com Vítimas Feridas;Pleno dia;Crescente;Céu Claro;Dupla;Reta;Sim;4;0;1;1;1;1;2;3;-16,7189;-49,2382;SPRF-GO;DEL01-GO;UOP01-DEL01-GO
605353;05/06/2024;quarta-feira;17:00:00;SP;116;221;GUARULHOS;Ausência de reação do condutor;Colisão traseira;Com Vítimas Feridas;Anoitecer;Decrescente;Céu Claro;Múltipla;Reta;Sim;4;0;0;1;2;1;1;3;-23,46802395;-46,50704901;SPRF-SP;DEL01-SP;UOP01-DEL01-SP
605355;05/06/2024;quarta-feira;13:50:00;RO;364;713;PORTO VELHO;Demais falhas na via;Saída de leito carroçável;Sem Vítimas;Pleno dia;Decrescente;Sol;Dupla;"Viaduto;Aclive";Sim;2;0;0;0;1;2;0;3;-8,77331583;-63,87969248;SPRF-RO;DEL01-RO;UOP01-DEL01-RO
605362;05/06/2024;quarta-feira;15:30:00;MG;116;776,2;LEOPOLDINA;Velocidade Incompatível;Tombamento;Com Vítimas Feridas;Pleno dia;Crescente;Céu Claro;Simples;"Declive;Curva";Não;2;0;1;0;0;1;1;2;-21,59023796;-42,68715187;SPRF-MG;DEL07-MG;UOP01-DEL07-MG
605365;05/06/2024;quarta-feira;17:40:00;PR;476;163;ARAUCARIA;Transitar na contramão;Colisão frontal;Com Vítimas Fatais;Anoitecer;Crescente;Céu Claro;Simples;Curva;Não;3;1;0;0;1;1;0;3;-25,6366;-49,4671;SPRF-PR;DEL01-PR;UOP06-DEL01-PR
605368;05/06/2024;quarta-feira;18:35:00;PR;277;721;FOZ DO IGUACU;Ausência de reação do condutor;Colisão traseira;Com Vítimas Feridas;Pleno dia;Crescente;Céu Claro;Dupla;"Retorno Regulamentado;Reta";Não;2;0;1;0;1;0;1;2;-25,4911505;-54,51185421;SPRF-PR;DEL05-PR;UOP03-DEL05-PR
605372;05/06/2024;quarta-feira;18:30:00;SC;101;214,4;PALHOCA;Condutor deixou de manter distância do veículo da frente;Colisão traseira;Com Vítimas Feridas;Plena Noite;Crescente;Céu Claro;Múltipla;Reta;Sim;3;0;0;1;1;1;1;3;-27,64443;-48,67057;SPRF-SC;DEL01-SC;UOP02-DEL01-SC
605378;05/06/2024;quarta-feira;16:10:00;MT;70;384,2;CAMPO VERDE;Reação tardia ou ineficiente do condutor;Tombamento;Com Vítimas Feridas;Pleno dia;Crescente;Céu Claro;Simples;Reta;Sim;2;0;1;0;0;3;1;4;-15,5394616;-55,1437292;SPRF-MT;DEL05-MT;UOP02-DEL05-MT
605381;05/06/2024;quarta-feira;18:40:00;SC;101;119;ITAJAI;Trafegar com motocicleta (ou similar) entre as faixas;Colisão lateral mesmo sentido;Com Vítimas Feridas;Plena Noite;Decrescente;Céu Claro;Múltipla;Reta;Sim;5;0;0;1;1;3;1;5;-26,9043179;-48,71555481;SPRF-SC;DEL04-SC;UOP04-DEL04-SC
605385;05/06/2024;quarta-feira;18:45:00;MG;381;330;NOVA ERA;Ultrapassagem Indevida;Saída de leito carroçável;Com Vítimas Feridas;Plena Noite;Crescente;Céu Claro;Simples;"Reta;Ponte";Sim;2;0;1;0;0;1;1;2;-19,78715144;-43,05117784;SPRF-MG;DEL03-MG;UOP01-DEL03-MG
605389;05/06/2024;quarta-feira;18:50:00;PE;232;128;CARUARU;Condutor deixou de manter distância do veículo da frente;Saída de leito carroçável;Sem Vítimas;Plena Noite;Decrescente;Céu Claro;Dupla;Reta;Sim;2;0;0;0;2;0;0;2;-8,30399306;-35,97216301;SPRF-PE;DEL02-PE;UOP01-DEL02-PE
605394;05/06/2024;quarta-feira;19:15:00;CE;222;310,6;TIANGUA;Problema com o freio;Colisão traseira;Sem Vítimas;Plena Noite;Crescente;Céu Claro;Múltipla;"Reta;Interseção de Vias";Sim;2;0;0;0;1;1;0;2;-3,711973;-40,984356;SPRF-CE;DEL04-CE;UOP02-DEL04-CE
605404;05/06/2024;quarta-feira;18:43:00;MA;135;2;SAO LUIS;Acessar a via sem observar a presença dos outros veículos;Colisão transversal;Com Vítimas Feridas;Anoitecer;Decrescente;Nublado;Dupla;Reta;Sim;3;0;0;1;0;2;1;3;-2,65100731;-44,30571556;SPRF-MA;DEL01-MA;UOP01-DEL01-MA
605419;30/05/2024;quinta-feira;11:00:00;GO;158;264;JATAI;Velocidade Incompatível;Saída de leito carroçável;Sem Vítimas;Pleno dia;Decrescente;Céu Claro;Simples;Rotatória;Sim;1;0;0;0;1;0;0;1;-17,843911;-51,741625;SPRF-GO;DEL05-GO;UOP01-DEL05-GO
605420;04/06/2024;terça-feira;14:30:00;PR;116;208;RIO NEGRO;Condutor deixou de manter distância do veículo da frente;Colisão traseira;Sem Vítimas;Pleno dia;Crescente;Céu Claro;Simples;Reta;Sim;2;0;0;0;2;0;0;2;-26,07336494;-49,74365505;SPRF-SC;DEL06-SC;UOP01-DEL06-SC
605421;05/06/2024;quarta-feira;15:13:00;AC;364;136;RIO BRANCO;Demais falhas mecânicas ou elétricas;Tombamento;Com Vítimas Feridas;Pleno dia;Decrescente;Sol;Dupla;Rotatória;Sim;2;0;0;1;0;1;1;2;-9,977578;-67,8489;SPRF-AC;DEL01-AC;UOP01-DEL01-AC
605430;05/06/2024;quarta-feira;20:45:00;MG;381;168;GOVERNADOR VALADARES;Acessar a via sem observar a presença dos outros veículos;Colisão transversal;Com Vítimas Feridas;Plena Noite;Crescente;Chuva;Simples;Reta;Não;3;0;1;1;1;0;2;2;-18,96571703;-42,08181098;SPRF-MG;DEL06-MG;UOP01-DEL06-MG
605434;05/06/2024;quarta-feira;22:10:00;PR;376;410,4;TIBAGI;Transitar na contramão;Colisão frontal;Com Vítimas Feridas;Plena Noite;Decrescente;Céu Claro;Dupla;Curva;Sim;5;0;0;2;1;2;2;4;-24,673004;-50,601442;SPRF-PR;DEL03-PR;UOP02-DEL03-PR
605436;05/06/2024;quarta-feira;22:00:00;RS;290;182,4;MINAS DO LEAO;Acessar a via sem observar a presença dos outros veículos;Colisão transversal;Sem Vítimas;Plena Noite;Crescente;Céu Claro;Simples;Interseção de Vias;Não;2;0;0;0;2;0;0;2;-30,14417156;-52,04548717;SPRF-RS;DEL02-RS;UOP03-DEL02-RS
605437;05/06/2024;quarta-feira;21:10:00;AL;101;151;JEQUIA DA PRAIA;Transitar na contramão;Colisão transversal;Com Vítimas Fatais;Plena Noite;Decrescente;Céu Claro;Dupla;Reta;Não;3;2;0;0;1;0;0;2;-9,8900974;-36,15847202;SPRF-AL;DEL02-AL;UOP02-DEL02-AL
605440;05/06/2024;quarta-feira;23:15:00;MG;267;200,3;BOM JARDIM DE MINAS;Reação tardia ou ineficiente do condutor;Colisão lateral sentido oposto;Com Vítimas Fatais;Plena Noite;Decrescente;Céu Claro;Simples;"Curva;Aclive";Não;3;1;0;0;2;0;0;2;-21,93311108;-44,08851501;SPRF-MG;DEL05-MG;UOP01-DEL05-MG
605442;05/06/2024;quarta-feira;19:20:00;PR;153;39,7;SANTO ANTONIO DA PLATINA;Demais falhas mecânicas ou elétricas;Colisão traseira;Com Vítimas Feridas;Anoitecer;Crescente;Céu Claro;Simples;"Interseção de Vias;Declive;Rotatória";Sim;3;0;1;0;1;1;1;3;-23,28009306;-50,05594254;SPRF-PR;DEL07-PR;UOP04-DEL07-PR
605443;05/06/2024;quarta-feira;19:20:00;PR;153;68;CONSELHEIRO MAIRINCK;Acessar a via sem observar a presença dos outros veículos;Colisão transversal;Com Vítimas Feridas;Plena Noite;Crescente;Céu Claro;Simples;"Interseção de Vias;Reta";Não;3;0;2;0;1;0;2;2;-23,50738555;-50,11155541;SPRF-PR;DEL07-PR;UOP04-DEL07-PR
605445;06/06/2024;quinta-feira;00:35:00;RJ;116;198;QUEIMADOS;Velocidade Incompatível;Colisão traseira;Com Vítimas Feridas;Plena Noite;Decrescente;Ignorado;Dupla;Reta;Não;2;0;1;0;1;0;1;2;-22,72952183;-43,57481597;SPRF-RJ;DEL06-RJ;UOP02-DEL06-RJ
605454;06/06/2024;quinta-feira;05:30:00;ES;101;121,3;SOORETAMA;Ingestão de álcool pelo condutor;Colisão traseira;Com Vítimas Feridas;Pleno dia;Decrescente;Céu Claro;Simples;Reta;Não;4;0;2;0;1;1;2;3;-19,15199313;-40,07913375;SPRF-ES;DEL04-ES;UOP01-DEL04-ES
605458;06/06/2024;quinta-feira;05:15:00;SE;101;144;ESTANCIA;Demais falhas mecânicas ou elétricas;Incêndio;Com Vítimas Feridas;Amanhecer;Decrescente;Céu Claro;Dupla;"Aclive;Reta";Não;2;0;1;0;0;2;1;3;-11,20044883;-37,40968738;SPRF-SE;DEL02-SE;UOP01-DEL02-SE
605460;06/06/2024;quinta-feira;05:20:00;MG;40;705,5;BARBACENA;Reação tardia ou ineficiente do condutor;Colisão com objeto;Com Vítimas Feridas;Amanhecer;Decrescente;Nevoeiro/Neblina;Dupla;Curva;Não;2;0;1;0;0;1;1;2;-21,2165929;-43,7462589;SPRF-MG;DEL05-MG;UOP02-DEL05-MG
605465;06/06/2024;quinta-feira;07:40:00;RS;116;269;CANOAS;Velocidade Incompatível;Queda de ocupante de veículo;Com Vítimas Feridas;Pleno dia;Crescente;Céu Claro;Dupla;Reta;Sim;3;0;1;0;1;1;1;3;-29,95942501;-51,17608515;SPRF-RS;DEL01-RS;UOP01-DEL01-RS
605471;18/05/2024;sábado;00:10:00;SC;470;62;INDAIAL;Acessar a via sem observar a presença dos outros veículos;Colisão transversal;Com Vítimas Feridas;Plena Noite;Crescente;Chuva;Simples;"Interseção de Vias;Reta";Não;5;0;1;1;2;1;2;3;-26,874521;-49,182938;SPRF-SC;DEL04-SC;UOP01-DEL04-SC
605472;06/06/2024;quinta-feira;07:55:00;PR;116;103,9;SAO JOSE DOS PINHAIS;Ausência de reação do condutor;Colisão traseira;Com Vítimas Feridas;Pleno dia;Crescente;Sol;Dupla;Reta;Não;4;0;0;1;2;4;1;7;-25,55944814;-49,15099774;SPRF-PR;DEL01-PR;UOP07-DEL01-PR
605480;03/02/2024;sábado;12:15:00;SC;470;92;APIUNA;Transitar na contramão;Colisão frontal;Com Vítimas Feridas;Pleno dia;Crescente;Céu Claro;Simples;Reta;Sim;6;0;1;3;1;1;4;3;-26,98592;-49,373047;SPRF-SC;DEL04-SC;UOP01-DEL04-SC
605486;06/06/2024;quinta-feira;09:35:00;SP;116;221;GUARULHOS;Trafegar com motocicleta (ou similar) entre as faixas;Colisão lateral mesmo sentido;Com Vítimas Feridas;Pleno dia;Crescente;Céu Claro;Múltipla;Reta;Sim;4;0;1;0;3;0;1;3;-23,46802395;-46,50704901;SPRF-SP;DEL01-SP;UOP01-DEL01-SP
605490;06/06/2024;quinta-feira;09:45:00;RS;386;389;TRIUNFO;Reação tardia ou ineficiente do condutor;Colisão traseira;Com Vítimas Feridas;Pleno dia;Decrescente;Céu Claro;Dupla;Reta;Não;4;0;1;0;2;1;1;3;-29,699799;-51,686905;SPRF-RS;DEL04-RS;UOP02-DEL04-RS
605492;06/06/2024;quinta-feira;09:10:00;GO;153;510,3;APARECIDA DE GOIANIA;Condutor deixou de manter distância do veículo da frente;Colisão traseira;Com Vítimas Feridas;Pleno dia;Crescente;Sol;Simples;Interseção de Vias;Sim;3;0;1;0;1;1;1;3;-16,7977;-49,2386;SPRF-GO;DEL01-GO;UOP03-DEL01-GO
605493;06/06/2024;quinta-feira;10:40:00;ES;101;288,9;CARIACICA;Ausência de reação do condutor;Colisão traseira;Com Vítimas Feridas;Pleno dia;Crescente;Céu Claro;Dupla;Reta;Não;8;0;4;2;1;2;6;4;-20,28029304;-40,39302931;SPRF-ES;DEL01-ES;UOP01-DEL01-ES
605494;06/06/2024;quinta-feira;08:10:00;PR;376;493;PONTA GROSSA;Acessar a via sem observar a presença dos outros veículos;Colisão lateral mesmo sentido;Com Vítimas Feridas;Pleno dia;Crescente;Céu Claro;Dupla;Reta;Sim;3;0;1;0;1;1;1;3;-25,16001091;-50,12436895;SPRF-PR;DEL03-PR;UOP04-DEL03-PR
605501;06/06/2024;quinta-feira;11:00:00;MG;40;587;ITABIRITO;Avarias e/ou desgaste excessivo no pneu;Saída de leito carroçável;Com Vítimas Feridas;Pleno dia;Crescente;Céu Claro;Simples;"Curva;Declive";Sim;2;0;0;1;0;1;1;2;-20,34858326;-43,92200604;SPRF-MG;DEL01-MG;UOP02-DEL01-MG
605505;06/06/2024;quinta-feira;11:30:00;PE;101;45;IGARASSU;Reação tardia ou ineficiente do condutor;Colisão traseira;Com Vítimas Feridas;Pleno dia;Crescente;Céu Claro;Múltipla;Reta;Sim;2;0;1;0;1;0;1;2;-7,86521297;-34,90715176;SPRF-PE;DEL01-PE;UOP02-DEL01-PE
605506;06/06/2024;quinta-feira;10:22:00;RO;364;15,9;VILHENA;Desrespeitar a preferência no cruzamento;Colisão transversal;Com Vítimas Feridas;Pleno dia;Crescente;Céu Claro;Simples;Interseção de Vias;Sim;2;0;1;0;1;0;1;2;-12,73672751;-60,14804088;SPRF-RO;DEL04-RO;UOP01-DEL04-RO
605513;06/06/2024;quinta-feira;12:08:00;PE;423;119,7;PARANATAMA;Ausência de reação do condutor;Colisão traseira;Com Vítimas Feridas;Plena Noite;Decrescente;Chuva;Simples;Reta;Não;3;0;0;1;1;1;1;2;-8,91114371;-36,68650907;SPRF-PE;DEL03-PE;UOP01-DEL03-PE
605519;06/06/2024;quinta-feira;10:20:00;MT;163;642;NOVA MUTUM;Ausência de reação do condutor;Colisão traseira;Sem Vítimas;Pleno dia;Decrescente;Céu Claro;Simples;Reta;Não;2;0;0;0;1;1;0;2;-13,539845;-56,026715;SPRF-MT;DEL01-MT;UOP01-DEL01-MT
605520;06/06/2024;quinta-feira;11:50:00;MA;10;176;CAMPESTRE DO MARANHAO;Transitar na contramão;Colisão lateral sentido oposto;Com Vítimas Feridas;Pleno dia;Decrescente;Céu Claro;Simples;Reta;Não;4;0;2;0;1;1;2;2;-6,176334;-47,363804;SPRF-MA;DEL04-MA;UOP02-DEL04-MA
605522;06/06/2024;quinta-feira;13:39:00;PR;277;586,3;CASCAVEL;Desrespeitar a preferência no cruzamento;Colisão transversal;Com Vítimas Feridas;Pleno dia;Decrescente;Céu Claro;Simples;"Reta;Interseção de Vias";Sim;2;0;1;0;1;0;1;2;-24,96667511;-53,42418551;SPRF-PR;DEL04-PR;UOP01-DEL04-PR
605528;09/05/2024;quinta-feira;05:30:00;CE;116;330;JAGUARIBE;Ausência de reação do condutor;Saída de leito carroçável;Com Vítimas Fatais;Pleno dia;Decrescente;Céu Claro;Simples;Reta;Não;2;1;0;0;0;1;0;2;-6,083924;-38,653887;SPRF-CE;DEL05-CE;UOP02-DEL05-CE
605532;06/06/2024;quinta-feira;12:30:00;RO;364;198,9;PIMENTA BUENO;Condutor deixou de manter distância do veículo da frente;Colisão lateral mesmo sentido;Com Vítimas Feridas;Pleno dia;Decrescente;Céu Claro;Simples;Reta;Sim;6;0;1;0;4;4;1;8;-11,66310119;-61,19145513;SPRF-RO;DEL02-RO;UOP02-DEL02-RO
605535;06/06/2024;quinta-feira;15:00:00;CE;116;9;FORTALEZA;Transitar no Acostamento;Colisão lateral mesmo sentido;Com Vítimas Feridas;Pleno dia;Decrescente;Céu Claro;Dupla;Reta;Sim;2;0;1;0;1;0;1;2;-3,82779096;-38,50486117;SPRF-CE;DEL01-CE;UOP02-DEL01-CE
605538;06/06/2024;quinta-feira;15:00:00;PR;369;487,6;CORBELIA;Mal súbito do condutor;Colisão frontal;Com Vítimas Feridas;Pleno dia;Crescente;Sol;Simples;"Declive;Em Obras;Reta";Não;2;0;0;1;1;0;1;2;-24,81986708;-53,29716682;SPRF-PR;DEL04-PR;UOP03-DEL04-PR
605540;05/06/2024;quarta-feira;14:40:00;PR;277;476,2;NOVA LARANJEIRAS;Acessar a via sem observar a presença dos outros veículos;Atropelamento de Pedestre;Com Vítimas Fatais;Pleno dia;Decrescente;Céu Claro;Simples;"Aclive;Reta";Não;3;1;0;0;1;2;0;4;-25,30570383;-52,55588296;SPRF-PR;DEL04-PR;UOP02-DEL04-PR
605543;06/06/2024;quinta-feira;12:45:00;PE;424;89;GARANHUNS;Acessar a via sem observar a presença dos outros veículos;Colisão transversal;Com Vítimas Feridas;Pleno dia;Decrescente;Céu Claro;Simples;Curva;Sim;4;0;1;0;3;0;1;2;-8,89138375;-36,50571483;SPRF-PE;DEL03-PE;UOP01-DEL03-PE
605544;06/06/2024;quinta-feira;13:00:00;MG;262;96;ABRE CAMPO;Reação tardia ou ineficiente do condutor;Tombamento;Com Vítimas Feridas;Pleno dia;Decrescente;Céu Claro;Simples;"Aclive;Desvio Temporário;Curva";Sim;1;0;1;0;0;0;1;1;-20,295544;-42,48012;SPRF-MG;DEL03-MG;UOP03-DEL03-MG
605545;06/06/2024;quinta-feira;16:10:00;MG;116;278;TEOFILO OTONI;Acessar a via sem observar a presença dos outros veículos;Colisão lateral mesmo sentido;Sem Vítimas;Pleno dia;Crescente;Céu Claro;Múltipla;Curva;Sim;3;0;0;0;2;1;0;3;-17,86846089;-41,5171394;SPRF-MG;DEL11-MG;UOP01-DEL11-MG
605547;06/06/2024;quinta-feira;16:20:00;PR;163;64;PEROLA DOESTE;Acesso irregular;Colisão transversal;Com Vítimas Feridas;Pleno dia;Decrescente;Céu Claro;Simples;Reta;Sim;3;0;1;0;1;1;1;3;-25,87341795;-53,7451074;SPRF-PR;DEL02-PR;UOP02-DEL02-PR
605554;06/06/2024;quinta-feira;14:00:00;RJ;101;297;ITABORAI;Reação tardia ou ineficiente do condutor;Colisão frontal;Sem Vítimas;Pleno dia;Crescente;Céu Claro;Simples;"Reta;Declive";Sim;3;0;0;0;1;2;0;3;-22,76942037;-42,91873581;SPRF-RJ;DEL02-RJ;UOP02-DEL02-RJ
605564;06/06/2024;quinta-feira;10:00:00;PA;230;392;PACAJA;Velocidade Incompatível;Tombamento;Com Vítimas Fatais;Pleno dia;Crescente;Sol;Simples;"Reta;Declive";Não;3;1;1;0;1;0;1;1;-3,8564449;-50,45500093;SPRF-PA;DEL04-PA;UOP01-DEL04-PA
605574;06/06/2024;quinta-feira;11:00:00;BA;101;667;ITAPEBI;Demais falhas mecânicas ou elétricas;Incêndio;Sem Vítimas;Pleno dia;Crescente;Nublado;Simples;Interseção de Vias;Não;1;0;0;0;1;0;0;1;-15,98828092;-39,57256079;SPRF-BA;DEL09-BA;UOP01-DEL09-BA
605575;23/04/2024;terça-feira;20:25:00;PR;116;22,7;ANTONINA;Velocidade Incompatível;Tombamento;Com Vítimas Feridas;Plena Noite;Decrescente;Céu Claro;Dupla;"Curva;Declive";Não;2;0;1;0;0;1;1;2;-25,11112056;-48,75279665;SPRF-PR;DEL01-PR;UOP02-DEL01-PR
605584;06/06/2024;quinta-feira;19:00:00;RS;290;112;ELDORADO DO SUL;Transitar na contramão;Colisão traseira;Com Vítimas Feridas;Plena Noite;Decrescente;Céu Claro;Dupla;Reta;Não;4;0;1;0;2;1;1;3;-30,040455;-51,329193;SPRF-RS;DEL02-RS;UOP01-DEL02-RS
605587;06/06/2024;quinta-feira;19:05:00;GO;153;307;RIALMA;Reação tardia ou ineficiente do condutor;Saída de leito carroçável;Com Vítimas Feridas;Plena Noite;Crescente;Ignorado;Simples;Declive;Não;1;0;1;0;0;0;1;1;-15,338693;-49,569584;SPRF-GO;DEL02-GO;UOP02-DEL02-GO
605589;06/06/2024;quinta-feira;17:10:00;PR;163;236;TOLEDO;Frear bruscamente;Colisão traseira;Com Vítimas Feridas;Pleno dia;Crescente;Céu Claro;Dupla;Curva;Sim;3;0;1;0;1;1;1;3;-24,717822;-53,711597;SPRF-PR;DEL04-PR;UOP01-DEL04-PR
605591;06/06/2024;quinta-feira;09:00:00;BA;242;717;CRISTOPOLIS;Pedestre cruzava a pista fora da faixa;Atropelamento de Pedestre;Com Vítimas Feridas;Pleno dia;Decrescente;Céu Claro;Simples;Reta;Não;2;0;0;1;0;1;1;2;-12,22628061;-44,35217857;SPRF-BA;DEL06-BA;UOP03-DEL06-BA
605609;06/06/2024;quinta-feira;19:25:00;MG;40;790;JUIZ DE FORA;Reação tardia ou ineficiente do condutor;Capotamento;Com Vítimas Feridas;Plena Noite;Crescente;Céu Claro;Dupla;Reta;Não;5;0;2;0;1;3;2;5;-21,77130707;-43,43618608;SPRF-MG;DEL05-MG;UOP01-DEL05-MG
605618;06/06/2024;quinta-feira;22:15:00;SC;101;125,5;ITAJAI;Ausência de reação do condutor;Colisão traseira;Com Vítimas Feridas;Plena Noite;Crescente;Nublado;Dupla;Curva;Não;2;0;0;1;0;1;1;2;-26,94802427;-48,68338515;SPRF-SC;DEL04-SC;UOP04-DEL04-SC
605620;06/06/2024;quinta-feira;22:40:00;BA;116;464;SANTO ESTEVAO;Acessar a via sem observar a presença dos outros veículos;Colisão lateral mesmo sentido;Com Vítimas Feridas;Plena Noite;Decrescente;Céu Claro;Dupla;Reta;Não;3;0;1;0;1;3;1;5;-12,44815636;-39,24588382;SPRF-BA;DEL02-BA;UOP01-DEL02-BA
605621;06/06/2024;quinta-feira;19:15:00;BA;116;727,7;BOA NOVA;Entrada inopinada do pedestre;Atropelamento de Pedestre;Com Vítimas Fatais;Plena Noite;Crescente;Céu Claro;Simples;Reta;Sim;2;1;0;0;1;0;0;2;-14,292902;-40,310432;SPRF-BA;DEL08-BA;UOP02-DEL08-BA
605632;06/06/2024;quinta-feira;16:30:00;MT;174;271;PONTES E LACERDA;Demais falhas mecânicas ou elétricas;Colisão lateral sentido oposto;Sem Vítimas;Pleno dia;Decrescente;Céu Claro;Simples;"Reta;Declive";Não;7;0;0;0;6;1;0;6;-15,35715686;-59,20664586;SPRF-MT;DEL04-MT;UOP01-DEL04-MT
605641;07/06/2024;sexta-feira;00:10:00;SP;381;49;ATIBAIA;Velocidade Incompatível;Colisão traseira;Sem Vítimas;Plena Noite;Crescente;Céu Claro;Dupla;Reta;Sim;5;0;0;0;3;4;0;6;-23,20535293;-46,59066516;SPRF-SP;DEL03-SP;UOP01-DEL03-SP
605647;07/06/2024;sexta-feira;01:25:00;PB;230;313,5;SAO MAMEDE;Velocidade Incompatível;Colisão traseira;Com Vítimas Feridas;Plena Noite;Crescente;Céu Claro;Simples;"Reta;Declive";Não;5;0;1;0;3;1;1;4;-6,938223;-37,096747;SPRF-PB;DEL03-PB;UOP01-DEL03-PB