id;data_inversa;dia_semana;horario;uf;br;km;municipio;causa_acidente;tipo_acidente;classificacao_acidente;fase_dia;sentido_via;condicao_metereologica;tipo_pista;tracado_via;uso_solo;pessoas;mortos;feridos_leves;feridos_graves;ilesos;ignorados;feridos;veiculos;latitude;longitude;regional;delegacia;uop
605648;07/06/2024;sexta-feira;00:10:00;SC;470;62,5;INDAIAL;Velocidade Incompatível;Saída de leito carroçável;Com Vítimas Feridas;Plena Noite;Decrescente;Ignorado;Simples;"Curva;Declive";Não;1;0;1;0;0;0;1;1;-26,8743538;-49,18875217;SPRF-SC;DEL04-SC;UOP01-DEL04-SC
605649;07/06/2024;sexta-feira;03:50:00;SP;116;24;LAVRINHAS;Reação tardia ou ineficiente do condutor;Capotamento;Com Vítimas Feridas;Plena Noite;Crescente;Nevoeiro/Neblina;Dupla;"Reta;Declive";Não;2;0;2;0;0;0;2;1;-22,59895814;-44,88797962;SPRF-SP;DEL08-SP;UOP02-DEL08-SP
605652;07/06/2024;sexta-feira;05:30:00;BA;116;845,4;VITORIA DA CONQUISTA;Objeto estático sobre o leito carroçável;Eventos atípicos;Com Vítimas Fatais;Amanhecer;Crescente;Nevoeiro/Neblina;Simples;"Reta;Declive";Não;2;1;0;0;1;0;0;2;-14,953925;-40,90171301;SPRF-BA;DEL08-BA;UOP01-DEL08-BA
605655;07/06/2024;sexta-feira;05:40:00;GO;60;63;ABADIANIA;Ingestão de álcool pelo condutor;Colisão traseira;Com Vítimas Feridas;Amanhecer;Crescente;Céu Claro;Simples;Reta;Sim;3;0;0;2;0;1;2;2;-16,1936;-48,7279;SPRF-GO;DEL02-GO;UOP01-DEL02-GO
605656;07/06/2024;sexta-feira;04:45:00;RJ;116;181;NOVA IGUACU;Demais falhas mecânicas ou elétricas;Colisão com objeto;Sem Vítimas;Amanhecer;Crescente;Céu Claro;Múltipla;"Viaduto;Reta;Declive";Sim;2;0;0;0;1;1;0;2;-22,761312;-43,423492;SPRF-RJ;DEL06-RJ;UOP01-DEL06-RJ
605657;07/06/2024;sexta-feira;05:45:00;RS;290;80;GRAVATAI;Condutor Dormindo;Colisão lateral mesmo sentido;Sem Vítimas;Plena Noite;Crescente;Céu Claro;Dupla;Reta;Não;2;0;0;0;1;1;0;2;-29,95343;-51,058449;SPRF-RS;DEL01-RS;UOP01-DEL01-RS
605658;26/05/2024;domingo;00:15:00;PR;476;320;PAULO FRONTIN;Manobra de mudança de faixa;Colisão lateral sentido oposto;Sem Vítimas;Plena Noite;Crescente;Garoa/Chuvisco;Simples;Declive;Não;3;0;0;0;2;1;0;3;-26,066572;-50,729763;SPRF-PR;DEL02-PR;UOP03-DEL02-PR
605660;07/06/2024;sexta-feira;03:00:00;MG;354;722,1;POUSO ALTO;Velocidade Incompatível;Tombamento;Com Vítimas Feridas;Plena Noite;Decrescente;Céu Claro;Simples;Curva;Não;2;0;1;0;0;1;1;2;-22,1055941;-44,95688947;SPRF-MG;DEL17-MG;UOP01-DEL17-MG
605661;07/06/2024;sexta-feira;06:00:00;PB;230;207;SOLEDADE;Demais falhas mecânicas ou elétricas;Incêndio;Sem Vítimas;Pleno dia;Crescente;Céu Claro;Simples;Reta;Não;1;0;0;0;1;0;0;1;-7,0882;-36,298;SPRF-PB;DEL02-PB;UOP02-DEL02-PB
605662;06/06/2024;quinta-feira;19:10:00;PR;476;321;PAULO FRONTIN;Ultrapassagem Indevida;Colisão frontal;Com Vítimas Feridas;Plena Noite;Decrescente;Céu Claro;Simples;Reta;Não;3;0;1;0;1;1;1;3;-26,07165;-50,737957;SPRF-PR;DEL02-PR;UOP03-DEL02-PR
605664;07/06/2024;sexta-feira;06:50:00;SE;101;167;SANTA LUZIA DO ITANHY;Acumulo de água sobre o pavimento;Colisão frontal;Com Vítimas Feridas;Pleno dia;Decrescente;Chuva;Simples;Declive;Não;2;0;0;1;1;0;1;2;-11,32878328;-37,56697367;SPRF-SE;DEL02-SE;UOP01-DEL02-SE
605665;07/06/2024;sexta-feira;06:20:00;RS;290;485,8;ROSARIO DO SUL;Ausência de reação do condutor;Colisão lateral sentido oposto;Com Vítimas Feridas;Plena Noite;Crescente;Nevoeiro/Neblina;Simples;"Reta;Declive";Não;2;0;1;0;1;0;1;2;-30,238661;-55,013279;SPRF-RS;DEL11-RS;UOP02-DEL11-RS
605673;06/06/2024;quinta-feira;19:25:00;MT;364;631,8;DIAMANTINO;Reação tardia ou ineficiente do condutor;Tombamento;Com Vítimas Feridas;Plena Noite;Decrescente;Céu Claro;Simples;Reta;Não;11;0;2;1;7;9;3;16;-14,37879592;-56,37227995;SPRF-MT;DEL01-MT;UOP01-DEL01-MT
605680;07/06/2024;sexta-feira;07:37:00;BA;116;426,1;FEIRA DE SANTANA;Manobra de mudança de faixa;Colisão lateral mesmo sentido;Com Vítimas Feridas;Pleno dia;Crescente;Céu Claro;Dupla;Reta;Sim;2;0;1;0;1;0;1;2;-12,24420407;-38,98563987;SPRF-BA;DEL02-BA;UOP01-DEL02-BA
605682;07/06/2024;sexta-feira;08:30:00;MG;459;69,4;SENADOR JOSE BENTO;Velocidade Incompatível;Tombamento;Com Vítimas Feridas;Pleno dia;Crescente;Céu Claro;Simples;"Curva;Declive";Não;2;0;2;0;0;0;2;1;-22,1315495;-46,1741677;SPRF-MG;DEL09-MG;UOP01-DEL09-MG
605684;07/06/2024;sexta-feira;08:30:00;SC;101;214,5;PALHOCA;Reação tardia ou ineficiente do condutor;Colisão traseira;Com Vítimas Feridas;Pleno dia;Crescente;Céu Claro;Múltipla;Reta;Sim;2;0;0;1;1;0;1;2;-27,64443;-48,67057;SPRF-SC;DEL01-SC;UOP02-DEL01-SC
605685;07/06/2024;sexta-feira;07:40:00;MG;40;570;NOVA LIMA;Reação tardia ou ineficiente do condutor;Colisão traseira;Com Vítimas Feridas;Pleno dia;Decrescente;Céu Claro;Simples;Reta;Não;3;0;1;0;1;1;1;2;-20,21286706;-43,97263241;SPRF-MG;DEL01-MG;UOP02-DEL01-MG
605690;18/05/2024;sábado;19:44:00;CE;222;63,6;SAO GONCALO DO AMARANTE;Ingestão de álcool pelo condutor;Colisão frontal;Com Vítimas Feridas;Plena Noite;Crescente;Céu Claro;Simples;Reta;Sim;4;0;4;0;0;0;4;2;-3,671885;-39,1127;SPRF-CE;DEL01-CE;UOP03-DEL01-CE
605696;07/06/2024;sexta-feira;08:45:00;BA;324;553;TERRA NOVA;Manobra de mudança de faixa;Saída de leito carroçável;Com Vítimas Feridas;Pleno dia;Decrescente;Céu Claro;Dupla;Reta;Não;5;0;1;0;3;1;1;3;-12,45504393;-38,70402395;SPRF-BA;DEL01-BA;UOP03-DEL01-BA
605706;04/06/2024;terça-feira;01:30:00;BA;101;399,2;IBIRAPITANGA;Condutor Dormindo;Saída de leito carroçável;Com Vítimas Feridas;Plena Noite;Decrescente;Céu Claro;Simples;Curva;Não;2;0;2;0;0;0;2;1;-14,08645601;-39,37944903;SPRF-BA;DEL05-BA;UOP03-DEL05-BA
605711;07/06/2024;sexta-feira;10:30:00;GO;251;26,5;CRISTALINA;Conversão proibida;Colisão traseira;Com Vítimas Feridas;Pleno dia;Decrescente;Céu Claro;Simples;Reta;Sim;2;0;0;1;1;0;1;2;-16,10610344;-47,49477642;SPRF-DF;DEL01-DF;UOP01-DEL01-DF
605716;07/06/2024;sexta-feira;12:00:00;RS;285;512,9;VITORIA DAS MISSOES;Acessar a via sem observar a presença dos outros veículos;Colisão lateral mesmo sentido;Com Vítimas Feridas;Pleno dia;Decrescente;Céu Claro;Simples;Interseção de Vias;Não;5;0;1;0;4;0;1;3;-28,40331093;-54,40483332;SPRF-RS;DEL10-RS;UOP01-DEL10-RS
605719;07/06/2024;sexta-feira;10:30:00;RS;285;144,7;MUITOS CAPOES;Ultrapassagem Indevida;Colisão traseira;Com Vítimas Feridas;Pleno dia;Decrescente;Céu Claro;Simples;Reta;Não;6;0;1;0;4;1;1;4;-28,370888;-51,093613;SPRF-RS;DEL05-RS;UOP03-DEL05-RS
605721;07/06/2024;sexta-feira;06:30:00;AC;364;345;MANOEL URBANO;Manobra de mudança de faixa;Colisão frontal;Com Vítimas Feridas;Amanhecer;Crescente;Nevoeiro/Neblina;Simples;Reta;Não;6;0;4;1;1;0;5;2;-8,88582723;-69,28008012;SPRF-AC;DEL01-AC;UOP01-DEL01-AC
605726;07/06/2024;sexta-feira;07:00:00;RO;364;58;VILHENA;Ultrapassagem Indevida;Engavetamento;Sem Vítimas;Pleno dia;Decrescente;Céu Claro;Simples;Reta;Não;8;0;0;0;7;7;0;11;-12,51847763;-60,41759091;SPRF-RO;DEL04-RO;UOP01-DEL04-RO
605732;07/06/2024;sexta-feira;11:55:00;PI;316;10,9;TERESINA;Desrespeitar a preferência no cruzamento;Colisão transversal;Com Vítimas Feridas;Pleno dia;Crescente;Céu Claro;Dupla;"Viaduto;Rotatória";Sim;3;0;1;1;1;0;2;2;-5,190726;-42,761345;SPRF-PI;DEL01-PI;UOP02-DEL01-PI
605734;07/06/2024;sexta-feira;11:15:00;BA;116;371;LAMARAO;Manobra de mudança de faixa;Saída de leito carroçável;Com Vítimas Feridas;Pleno dia;Decrescente;Céu Claro;Simples;Reta;Sim;3;0;1;0;1;1;1;2;-11,770267;-38,985825;SPRF-BA;DEL02-BA;UOP01-DEL02-BA
605737;07/06/2024;sexta-feira;09:40:00;GO;364;148,3;APARECIDA DO RIO DOCE;Velocidade Incompatível;Tombamento;Com Vítimas Feridas;Pleno dia;Decrescente;Céu Claro;Simples;Curva;Não;2;0;1;0;0;1;1;2;-18,16310129;-51,43086433;SPRF-GO;DEL05-GO;UOP02-DEL05-GO
605739;07/06/2024;sexta-feira;14:10:00;PE;101;75,6;RECIFE;Trafegar com motocicleta (ou similar) entre as faixas;Colisão transversal;Com Vítimas Feridas;Pleno dia;Crescente;Céu Claro;Dupla;Reta;Sim;2;0;1;0;1;0;1;2;-8,10973523;-34,94660151;SPRF-PE;DEL01-PE;UOP01-DEL01-PE
605741;07/06/2024;sexta-feira;14:35:00;MG;364;30,5;FRUTAL;Acesso irregular;Colisão transversal;Com Vítimas Feridas;Pleno dia;Crescente;Céu Claro;Simples;Reta;Sim;4;0;1;0;3;0;1;2;-20,014926;-48,9162;SPRF-MG;DEL13-MG;UOP02-DEL13-MG
605745;07/06/2024;sexta-feira;14:00:00;BA;116;19,6;VITORIA DA CONQUISTA;Ultrapassagem Indevida;Colisão frontal;Com Vítimas Feridas;Pleno dia;Crescente;Céu Claro;Simples;Reta;Não;3;0;0;1;1;1;1;3;-14,89546848;-40,82323194;SPRF-BA;DEL08-BA;UOP01-DEL08-BA
605748;07/06/2024;sexta-feira;09:45:00;PR;376;314,1;MAUA DA SERRA;Ausência de reação do condutor;Tombamento;Com Vítimas Feridas;Pleno dia;Decrescente;Céu Claro;Dupla;"Curva;Aclive";Não;2;0;1;0;0;1;1;2;-24,0189474;-51,09284357;SPRF-PR;DEL07-PR;UOP02-DEL07-PR
605754;22/05/2024;quarta-feira;16:10:00;PE;232;319,9;CUSTODIA;Reação tardia ou ineficiente do condutor;Colisão frontal;Com Vítimas Fatais;Pleno dia;Crescente;Sol;Simples;Declive;Não;2;1;0;0;1;0;0;2;-8,1236144;-37,53328221;SPRF-PE;DEL04-PE;UOP02-DEL04-PE
605759;07/06/2024;sexta-feira;14:50:00;SE;101;102;SAO CRISTOVAO;Acumulo de água sobre o pavimento;Saída de leito carroçável;Sem Vítimas;Pleno dia;Decrescente;Chuva;Dupla;Reta;Não;2;0;0;0;1;1;0;2;-10,94880037;-37,21099182;SPRF-SE;DEL02-SE;UOP01-DEL02-SE
605765;22/04/2024;segunda-feira;13:10:00;SC;470;155,1;AGRONOMICA;Ausência de reação do condutor;Colisão frontal;Com Vítimas Fatais;Pleno dia;Decrescente;Céu Claro;Simples;Curva;Não;8;2;2;0;3;3;2;7;-27,27897389;-49,75434238;SPRF-SC;DEL04-SC;UOP02-DEL04-SC
605766;07/06/2024;sexta-feira;14:50:00;MT;163;839,5;SINOP;Suicídio (presumido);Colisão frontal;Com Vítimas Fatais;Pleno dia;Decrescente;Céu Claro;Simples;Reta;Sim;3;1;0;0;1;1;0;3;-11,82255628;-55,48514128;SPRF-MT;DEL06-MT;UOP02-DEL06-MT
605768;07/06/2024;sexta-feira;15:40:00;PR;277;1,3;PARANAGUA;Condutor deixou de manter distância do veículo da frente;Colisão lateral mesmo sentido;Com Vítimas Feridas;Pleno dia;Decrescente;Céu Claro;Simples;Reta;Sim;4;0;1;0;2;2;1;5;-25,530637;-48,548807;SPRF-PR;DEL01-PR;UOP05-DEL01-PR
605775;07/06/2024;sexta-feira;14:13:00;RJ;116;119;MAGE;Demais Fenômenos da natureza;Colisão traseira;Com Vítimas Feridas;Pleno dia;Crescente;Céu Claro;Dupla;Reta;Não;3;0;0;1;2;0;1;2;-22,61573088;-43,03749507;SPRF-RJ;DEL04-RJ;UOP02-DEL04-RJ
605781;07/06/2024;sexta-feira;16:30:00;PE;101;124;ESCADA;Condutor Dormindo;Colisão traseira;Com Vítimas Feridas;Pleno dia;Decrescente;Nublado;Dupla;Reta;Não;2;0;1;0;1;0;1;2;-8,361745;-35,213108;SPRF-PE;DEL01-PE;UOP03-DEL01-PE
605785;24/04/2024;quarta-feira;08:40:00;BA;116;921,5;ENCRUZILHADA;Reação tardia ou ineficiente do condutor;Tombamento;Com Vítimas Feridas;Pleno dia;Decrescente;Céu Claro;Simples;Curva;Não;2;0;1;0;0;1;1;2;-15,518794;-41,241226;SPRF-BA;DEL08-BA;UOP03-DEL08-BA
605787;07/06/2024;sexta-feira;17:00:00;SC;153;95,8;CONCORDIA;Acessar a via sem observar a presença dos outros veículos;Colisão transversal;Com Vítimas Feridas;Anoitecer;Decrescente;Céu Claro;Simples;"Interseção de Vias;Reta";Sim;2;0;1;0;1;0;1;2;-27,217372;-51,950684;SPRF-SC;DEL07-SC;UOP04-DEL07-SC
605788;24/04/2024;quarta-feira;19:18:00;GO;364;89,9;CACHOEIRA ALTA;Transitar na contramão;Colisão frontal;Com Vítimas Fatais;Plena Noite;Crescente;Céu Claro;Simples;"Reta;Declive";Não;6;3;1;1;0;1;2;3;-18,50174977;-51,0708046;SPRF-GO;DEL05-GO;UOP02-DEL05-GO
605794;07/06/2024;sexta-feira;11:45:00;MG;262;9;MARTINS SOARES;Velocidade Incompatível;Capotamento;Com Vítimas Feridas;Pleno dia;Decrescente;Céu Claro;Simples;Curva;Não;2;0;1;0;0;1;1;2;-20,25054582;-41,83493898;SPRF-MG;DEL06-MG;UOP03-DEL06-MG
605797;07/06/2024;sexta-feira;18:18:00;SC;280;28;ARAQUARI;Acessar a via sem observar a presença dos outros veículos;Colisão transversal;Com Vítimas Feridas;Anoitecer;Crescente;Céu Claro;Simples;Reta;Sim;3;0;1;0;1;1;1;3;-26,40450077;-48,74561031;SPRF-SC;DEL03-SC;UOP03-DEL03-SC
605802;07/06/2024;sexta-feira;18:20:00;GO;50;238;CATALAO;Ausência de reação do condutor;Colisão traseira;Com Vítimas Fatais;Anoitecer;Decrescente;Céu Claro;Dupla;Curva;Não;2;1;0;0;1;0;0;2;-17,8657;-47,7882;SPRF-GO;DEL06-GO;UOP01-DEL06-GO
605806;07/06/2024;sexta-feira;18:50:00;RS;116;153,4;CAXIAS DO SUL;Manobra de mudança de faixa;Colisão lateral mesmo sentido;Com Vítimas Feridas;Anoitecer;Decrescente;Céu Claro;Simples;"Declive;Curva";Sim;3;0;2;0;0;1;2;3;-29,1879477;-51,17968082;SPRF-RS;DEL05-RS;UOP01-DEL05-RS
605807;07/06/2024;sexta-feira;19:00:00;PE;101;77;RECIFE;Manobra de mudança de faixa;Colisão lateral mesmo sentido;Com Vítimas Feridas;Plena Noite;Decrescente;Chuva;Dupla;Reta;Não;3;0;2;0;0;1;2;2;-8,126982;-34,94386;SPRF-PE;DEL01-PE;UOP01-DEL01-PE
605811;07/06/2024;sexta-feira;19:00:00;CE;116;65,7;CHOROZINHO;Ingestão de álcool pelo condutor;Colisão transversal;Sem Vítimas;Plena Noite;Decrescente;Céu Claro;Simples;"Interseção de Vias;Reta";Sim;2;0;0;0;2;0;0;2;-4,29950987;-38,50193024;SPRF-CE;DEL03-CE;UOP02-DEL03-CE
605813;07/06/2024;sexta-feira;15:30:00;BA;324;520;FEIRA DE SANTANA;Ingestão de álcool pelo condutor;Colisão traseira;Com Vítimas Feridas;Pleno dia;Decrescente;Céu Claro;Dupla;Reta;Não;4;0;1;0;2;1;1;4;-12,27376054;-38,93366564;SPRF-BA;DEL01-BA;UOP03-DEL01-BA
605858;07/06/2024;sexta-feira;21:00:00;PI;343;48,8;BURITI DOS LOPES;Ingestão de álcool pelo condutor;Colisão transversal;Sem Vítimas;Plena Noite;Crescente;Nublado;Simples;Reta;Sim;2;0;0;0;1;1;0;2;-3,17707107;-41,8657279;SPRF-PI;DEL05-PI;UOP01-DEL05-PI
605863;07/06/2024;sexta-feira;21:40:00;RS;116;262;CANOAS;Acessar a via sem observar a presença dos outros veículos;Atropelamento de Pedestre;Com Vítimas Feridas;Plena Noite;Decrescente;Céu Claro;Dupla;Reta;Sim;2;0;0;1;1;0;1;2;-29,896475;-51,17593;SPRF-RS;DEL01-RS;UOP01-DEL01-RS
605864;07/06/2024;sexta-feira;20:20:00;MT;163;696;LUCAS DO RIO VERDE;Ausência de reação do condutor;Colisão frontal;Com Vítimas Feridas;Plena Noite;Crescente;Céu Claro;Simples;Reta;Não;2;0;0;1;1;0;1;2;-13,014053;-55,892115;SPRF-MT;DEL06-MT;UOP01-DEL06-MT
605866;07/06/2024;sexta-feira;22:10:00;GO;153;431,5;ANAPOLIS;Reação tardia ou ineficiente do condutor;Colisão lateral mesmo sentido;Sem Vítimas;Plena Noite;Crescente;Céu Claro;Dupla;Reta;Sim;3;0;0;0;3;0;0;2;-16,275116;-48,968751;SPRF-GO;DEL02-GO;UOP01-DEL02-GO
605867;07/06/2024;sexta-feira;21:30:00;RJ;116;307;RESENDE;Manobra de mudança de faixa;Colisão lateral mesmo sentido;Com Vítimas Feridas;Plena Noite;Decrescente;Céu Claro;Dupla;Reta;Não;2;0;1;0;0;1;1;2;-22,45713262;-44,41063703;SPRF-RJ;DEL07-RJ;UOP02-DEL07-RJ
605868;07/06/2024;sexta-feira;23:00:00;CE;116;46;PACAJUS;Ausência de reação do condutor;Colisão com objeto;Sem Vítimas;Pleno dia;Crescente;Céu Claro;Múltipla;Reta;Sim;2;0;0;0;1;2;0;3;-4,13924054;-38,47994882;SPRF-CE;DEL01-CE;UOP02-DEL01-CE
605869;07/06/2024;sexta-feira;22:06:00;DF;80;14;BRASILIA;Ultrapassagem Indevida;Colisão frontal;Com Vítimas Fatais;Plena Noite;Decrescente;Céu Claro;Simples;Reta;Não;4;1;2;0;1;0;2;3;-15,7095;-48,199628;SPRF-DF;DEL03-DF;UOP02-DEL03-DF
605880;07/06/2024;sexta-feira;22:50:00;PI;230;194;OEIRAS;Condutor deixou de manter distância do veículo da frente;Colisão traseira;Com Vítimas Feridas;Plena Noite;Crescente;Céu Claro;Simples;Reta;Sim;2;0;0;1;1;0;1;2;-6,99465451;-42,10490528;SPRF-PI;DEL04-PI;UOP01-DEL04-PI
605882;07/06/2024;sexta-feira;14:30:00;MG;153;40;CANAPOLIS;Ausência de reação do condutor;Colisão lateral mesmo sentido;Sem Vítimas;Pleno dia;Crescente;Céu Claro;Dupla;Reta;Não;3;0;0;0;2;1;0;3;-18,72322766;-49,12279129;SPRF-MG;DEL15-MG;UOP03-DEL15-MG
605886;07/06/2024;sexta-feira;23:45:00;PR;277;31,9;MORRETES;Demais falhas mecânicas ou elétricas;Incêndio;Sem Vítimas;Plena Noite;Crescente;Nublado;Dupla;Curva;Não;2;0;0;0;1;1;0;2;-25,560552;-48,813438;SPRF-PR;DEL01-PR;UOP05-DEL01-PR
605888;08/06/2024;sábado;00:45:00;MG;365;643;UBERLANDIA;Problema com o freio;Incêndio;Sem Vítimas;Plena Noite;Crescente;Céu Claro;Dupla;Reta;Não;2;0;0;0;1;1;0;2;-18,8808611;-48,49354102;SPRF-MG;DEL15-MG;UOP01-DEL15-MG
605891;08/06/2024;sábado;00:05:00;GO;364;387;SANTA RITA DO ARAGUAIA;Reação tardia ou ineficiente do condutor;Atropelamento de Pedestre;Com Vítimas Feridas;Plena Noite;Decrescente;Céu Claro;Simples;Reta;Não;3;0;1;0;2;0;1;2;-17,32269041;-53,20916247;SPRF-GO;DEL05-GO;UOP01-DEL05-GO
605893;07/06/2024;sexta-feira;21:00:00;MG;153;14,8;CENTRALINA;Ausência de reação do condutor;Saída de leito carroçável;Com Vítimas Feridas;Plena Noite;Decrescente;Céu Claro;Dupla;"Reta;Declive";Não;2;0;0;1;0;2;1;3;-18,542202;-49,19366;SPRF-MG;DEL15-MG;UOP03-DEL15-MG
605898;07/06/2024;sexta-feira;19:00:00;PR;277;523,1;GUARANIACU;Deficiência do Sistema de Iluminação/Sinalização;Colisão traseira;Com Vítimas Feridas;Plena Noite;Crescente;Céu Claro;Simples;Reta;Não;5;0;4;0;0;1;4;2;-25,11018112;-52,85167802;SPRF-PR;DEL04-PR;UOP04-DEL04-PR
605901;08/06/2024;sábado;02:30:00;SP;116;217,8;GUARULHOS;Ausência de reação do condutor;Colisão lateral mesmo sentido;Sem Vítimas;Plena Noite;Decrescente;Céu Claro;Múltipla;"Aclive;Reta";Sim;2;0;0;0;1;1;0;2;-23,45423824;-46,47119028;SPRF-SP;DEL01-SP;UOP01-DEL01-SP
605903;08/06/2024;sábado;03:00:00;MT;163;1036;MATUPA;Transitar na contramão;Colisão frontal;Com Vítimas Feridas;Pleno dia;Crescente;Vento;Simples;Reta;Não;3;0;0;1;1;2;1;4;-10,188298;-54,948221;SPRF-MT;DEL06-MT;UOP03-DEL06-MT
605910;08/06/2024;sábado;06:00:00;SC;282;17,4;PALHOCA;Acessar a via sem observar a presença dos outros veículos;Colisão transversal;Com Vítimas Feridas;Plena Noite;Decrescente;Céu Claro;Simples;Interseção de Vias;Não;3;0;0;1;2;0;1;3;-27,665707;-48,688065;SPRF-SC;DEL01-SC;UOP02-DEL01-SC
605913;08/06/2024;sábado;05:35:00;PR;277;476,8;NOVA LARANJEIRAS;Condutor Dormindo;Saída de leito carroçável;Com Vítimas Feridas;Amanhecer;Crescente;Céu Claro;Simples;"Declive;Reta";Não;2;0;1;0;1;0;1;1;-25,29064623;-52,57884979;SPRF-PR;DEL04-PR;UOP02-DEL04-PR
605914;08/06/2024;sábado;06:30:00;SP;116;229;SAO PAULO;Acessar a via sem observar a presença dos outros veículos;Colisão lateral mesmo sentido;Com Vítimas Feridas;Pleno dia;Decrescente;Céu Claro;Múltipla;Reta;Sim;2;0;1;0;1;0;1;2;-23,51291902;-46,57604698;SPRF-SP;DEL01-SP;UOP01-DEL01-SP
605921;08/06/2024;sábado;06:10:00;GO;20;241;GUARANI DE GOIAS;Condutor Dormindo;Colisão traseira;Com Vítimas Feridas;Pleno dia;Crescente;Céu Claro;Simples;Reta;Não;5;0;2;0;2;1;2;3;-14,032931;-46,24836;SPRF-DF;DEL02-DF;UOP03-DEL02-DF
605922;07/06/2024;sexta-feira;18:30:00;MG;267;251,7;SERITINGA;Velocidade Incompatível;Colisão frontal;Com Vítimas Fatais;Plena Noite;Crescente;Céu Claro;Simples;Reta;Não;3;1;0;0;1;2;0;4;-21,93968682;-44,49100577;SPRF-MG;DEL17-MG;UOP01-DEL17-MG
605925;08/06/2024;sábado;07:11:00;PE;232;8;RECIFE;Condutor deixou de manter distância do veículo da frente;Colisão lateral mesmo sentido;Sem Vítimas;Pleno dia;Crescente;Nublado;Dupla;"Reta;Em Obras";Sim;2;0;0;0;2;0;0;2;-8,07583727;-34,97015791;SPRF-PE;DEL01-PE;UOP01-DEL01-PE
605931;08/06/2024;sábado;07:40:00;RS;116;526,4;PELOTAS;Velocidade Incompatível;Tombamento;Com Vítimas Feridas;Pleno dia;Crescente;Nevoeiro/Neblina;Simples;Viaduto;Não;2;0;1;0;0;1;1;2;-31,74307729;-52,39966642;SPRF-RS;DEL07-RS;UOP01-DEL07-RS
605934;08/06/2024;sábado;07:10:00;MT;70;695;CACERES;Ausência de reação do condutor;Tombamento;Com Vítimas Feridas;Pleno dia;Crescente;Céu Claro;Simples;Curva;Não;4;0;0;1;2;4;1;7;-16,253835;-57,460742;SPRF-MT;DEL03-MT;UOP01-DEL03-MT
605936;24/05/2024;sexta-feira;04:01:00;PA;163;618;TRAIRAO;Reação tardia ou ineficiente do condutor;Colisão lateral sentido oposto;Com Vítimas Feridas;Amanhecer;Crescente;Céu Claro;Simples;"Aclive;Curva";Não;4;0;1;0;2;9;1;12;-4,73343252;-56,04523015;SPRF-PA;DEL05-PA;UOP02-DEL05-PA
605946;31/05/2024;sexta-feira;16:30:00;BA;101;720,9;EUNAPOLIS;Reação tardia ou ineficiente do condutor;Colisão traseira;Com Vítimas Feridas;Pleno dia;Crescente;Garoa/Chuvisco;Simples;"Curva;Declive";Não;6;0;1;1;4;0;2;2;-16,38866117;-39,58751678;SPRF-BA;DEL09-BA;UOP01-DEL09-BA
605949;08/06/2024;sábado;04:40:00;ES;259;12,5;JOAO NEIVA;Demais falhas mecânicas ou elétricas;Derramamento de carga;Sem Vítimas;Amanhecer;Crescente;Ignorado;Simples;"Curva;Declive";Não;2;0;0;0;1;2;0;3;-19,64537635;-40,4061377;SPRF-ES;DEL02-ES;UOP01-DEL02-ES
605950;08/06/2024;sábado;08:50:00;PR;163;161,2;LINDOESTE;Demais falhas na via;Tombamento;Com Vítimas Feridas;Pleno dia;Crescente;Sol;Dupla;"Curva;Aclive";Não;4;0;1;0;1;2;1;4;-25,33653711;-53,5887282;SPRF-PR;DEL05-PR;UOP05-DEL05-PR
605951;08/06/2024;sábado;08:15:00;BA;324;578;CANDEIAS;Velocidade Incompatível;Tombamento;Sem Vítimas;Pleno dia;Crescente;Céu Claro;Dupla;Reta;Não;2;0;0;0;1;1;0;2;-12,58896655;-38,52358272;SPRF-BA;DEL01-BA;UOP01-DEL01-BA
605952;08/06/2024;sábado;06:10:00;MG;116;539,5;SANTA RITA DE MINAS;Velocidade Incompatível;Tombamento;Com Vítimas Fatais;Pleno dia;Decrescente;Céu Claro;Simples;Curva;Não;2;1;0;0;0;1;0;2;-19,88846312;-42,13788986;SPRF-MG;DEL06-MG;UOP02-DEL06-MG
605962;08/06/2024;sábado;06:20:00;BA;116;919;ENCRUZILHADA;Velocidade Incompatível;Tombamento;Com Vítimas Feridas;Pleno dia;Crescente;Céu Claro;Simples;Curva;Não;2;0;0;1;0;1;1;2;-15,588113;-41,280912;SPRF-BA;DEL08-BA;UOP03-DEL08-BA
605963;27/05/2024;segunda-feira;13:10:00;MT;70;713;CACERES;Acesso irregular;Colisão transversal;Com Vítimas Feridas;Pleno dia;Decrescente;Sol;Simples;Reta;Não;4;0;2;0;1;3;2;6;-16,24559649;-57,53816911;SPRF-MT;DEL03-MT;UOP01-DEL03-MT
605967;08/06/2024;sábado;05:00:00;BA;242;454;IBITIARA;Reação tardia ou ineficiente do condutor;Colisão traseira;Com Vítimas Feridas;Amanhecer;Decrescente;Nublado;Simples;Reta;Não;4;0;1;0;2;3;1;5;-12,42332827;-42,10571293;SPRF-BA;DEL06-BA;UOP01-DEL06-BA
605969;08/06/2024;sábado;08:45:00;MG;365;576;INDIANOPOLIS;Reação tardia ou ineficiente do condutor;Colisão traseira;Sem Vítimas;Pleno dia;Crescente;Céu Claro;Simples;Reta;Não;2;0;0;0;2;0;0;2;-18,88986602;-47,92146602;SPRF-MG;DEL15-MG;UOP02-DEL15-MG
605971;31/05/2024;sexta-feira;22:00:00;MS;262;442,5;DOIS IRMAOS DO BURITI;Condutor Dormindo;Colisão lateral sentido oposto;Sem Vítimas;Plena Noite;Crescente;Céu Claro;Simples;"Aclive;Reta";Não;2;0;0;0;2;0;0;2;-20,52129187;-55,38308104;SPRF-MS;DEL03-MS;UOP01-DEL03-MS
605975;08/06/2024;sábado;10:23:00;GO;40;8,7;LUZIANIA;Reação tardia ou ineficiente do condutor;Colisão transversal;Com Vítimas Feridas;Pleno dia;Decrescente;Céu Claro;Dupla;Reta;Sim;4;0;1;0;2;1;1;3;-16,116158;-47,96761;SPRF-DF;DEL01-DF;UOP01-DEL01-DF