id;data_inversa;dia_semana;horario;uf;br;km;municipio;causa_acidente;tipo_acidente;classificacao_acidente;fase_dia;sentido_via;condicao_metereologica;tipo_pista;tracado_via;uso_solo;pessoas;mortos;feridos_leves;feridos_graves;ilesos;ignorados;feridos;veiculos;latitude;longitude;regional;delegacia;uop
605977;08/06/2024;sábado;10:25:00;PR;373;173;PONTA GROSSA;Manobra de mudança de faixa;Colisão lateral mesmo sentido;Com Vítimas Feridas;Pleno dia;Crescente;Sol;Dupla;Reta;Sim;6;0;1;0;3;3;1;6;-25,0805653;-50,20175905;SPRF-PR;DEL03-PR;UOP01-DEL03-PR
605978;08/06/2024;sábado;11:00:00;PR;277;4,5;PARANAGUA;Reação tardia ou ineficiente do condutor;Tombamento;Com Vítimas Feridas;Pleno dia;Crescente;Nublado;Dupla;Interseção de Vias;Sim;2;0;0;1;0;1;1;2;-25,568198;-48,615292;SPRF-PR;DEL01-PR;UOP05-DEL01-PR
605983;08/06/2024;sábado;10:54:00;RO;364;336;JI-PARANA;Ultrapassagem Indevida;Colisão frontal;Com Vítimas Fatais;Pleno dia;Decrescente;Céu Claro;Simples;Reta;Não;6;1;0;0;2;4;0;6;-10,934878;-61,92951078;SPRF-RO;DEL02-RO;UOP01-DEL02-RO
605989;08/06/2024;sábado;10:40:00;MS;158;51,4;PARANAIBA;Manobra de mudança de faixa;Colisão lateral mesmo sentido;Com Vítimas Feridas;Pleno dia;Crescente;Sol;Simples;Reta;Não;4;0;1;1;1;2;2;4;-19,38373911;-51,43499208;SPRF-MS;DEL08-MS;UOP01-DEL08-MS
605990;08/06/2024;sábado;12:30:00;PR;116;119,5;CURITIBA;Trafegar com motocicleta (ou similar) entre as faixas;Colisão lateral mesmo sentido;Com Vítimas Feridas;Pleno dia;Decrescente;Céu Claro;Dupla;"Aclive;Reta";Sim;4;0;2;0;1;1;2;3;-25,5792789;-49,31271315;SPRF-PR;DEL01-PR;UOP03-DEL01-PR
605995;08/06/2024;sábado;09:50:00;RJ;101;297;ITABORAI;Acessar a via sem observar a presença dos outros veículos;Colisão transversal;Com Vítimas Feridas;Pleno dia;Crescente;Céu Claro;Dupla;Reta;Sim;2;0;0;1;1;0;1;2;-22,76942037;-42,91873581;SPRF-RJ;DEL02-RJ;UOP02-DEL02-RJ
605998;08/06/2024;sábado;13:10:00;GO;50;152;CAMPO ALEGRE DE GOIAS;Carga excessiva e/ou mal acondicionada;Incêndio;Sem Vítimas;Pleno dia;Crescente;Céu Claro;Dupla;Reta;Não;2;0;0;0;1;2;0;3;-17,1901;-47,734;SPRF-GO;DEL06-GO;UOP01-DEL06-GO
606003;08/06/2024;sábado;13:40:00;ES;101;270,4;SERRA;Acessar a via sem observar a presença dos outros veículos;Colisão lateral mesmo sentido;Com Vítimas Feridas;Pleno dia;Decrescente;Nublado;Múltipla;Reta;Sim;4;0;1;0;2;1;1;3;-20,22662056;-40,27075088;SPRF-ES;DEL02-ES;UOP01-DEL02-ES
606010;08/06/2024;sábado;14:00:00;BA;101;810,7;ITAMARAJU;Transitar na contramão;Colisão frontal;Com Vítimas Feridas;Pleno dia;Crescente;Céu Claro;Simples;"Ponte;Curva;Declive";Não;5;0;2;1;2;0;3;2;-17,19644104;-39,59171792;SPRF-BA;DEL09-BA;UOP02-DEL09-BA
606014;08/06/2024;sábado;10:20:00;PR;376;672,9;GUARATUBA;Problema com o freio;Colisão traseira;Com Vítimas Fatais;Pleno dia;Crescente;Céu Claro;Dupla;"Curva;Declive";Não;5;1;2;0;1;3;2;6;-25,906063;-48,921322;SPRF-PR;DEL01-PR;UOP04-DEL01-PR
606016;08/06/2024;sábado;07:45:00;RS;116;419;CRISTAL;Reação tardia ou ineficiente do condutor;Colisão lateral sentido oposto;Com Vítimas Feridas;Pleno dia;Crescente;Nevoeiro/Neblina;Simples;Reta;Não;2;0;1;0;0;1;1;2;-30,94819588;-51,95206906;SPRF-RS;DEL02-RS;UOP02-DEL02-RS
606054;08/06/2024;sábado;16:00:00;RJ;116;296;BARRA MANSA;Condutor deixou de manter distância do veículo da frente;Colisão traseira;Com Vítimas Feridas;Pleno dia;Decrescente;Céu Claro;Dupla;Reta;Sim;4;0;2;0;2;0;2;3;-22,44937197;-44,32171194;SPRF-RJ;DEL07-RJ;UOP02-DEL07-RJ
606056;08/06/2024;sábado;14:30:00;RS;386;351;ESTRELA;Acessar a via sem observar a presença dos outros veículos;Colisão traseira;Sem Vítimas;Pleno dia;Decrescente;Céu Claro;Múltipla;Reta;Não;4;0;0;0;4;0;0;2;-29,483124;-51,954472;SPRF-RS;DEL04-RS;UOP01-DEL04-RS
606059;08/06/2024;sábado;14:30:00;GO;153;345;JARAGUA;Condutor deixou de manter distância do veículo da frente;Colisão traseira;Com Vítimas Feridas;Pleno dia;Decrescente;Sol;Simples;"Aclive;Reta";Não;4;0;1;0;2;2;1;5;-15,62161095;-49,33193207;SPRF-GO;DEL02-GO;UOP02-DEL02-GO
606060;08/06/2024;sábado;15:45:00;DF;70;18,9;BRASILIA;Ausência de reação do condutor;Colisão traseira;Com Vítimas Fatais;Pleno dia;Decrescente;Céu Claro;Dupla;"Reta;Aclive";Sim;3;1;0;1;1;0;1;2;-15,78914;-48,219531;SPRF-DF;DEL03-DF;UOP02-DEL03-DF
606061;08/06/2024;sábado;17:33:00;PB;101;84;BAYEUX;Acessar a via sem observar a presença dos outros veículos;Colisão transversal;Sem Vítimas;Anoitecer;Decrescente;Céu Claro;Dupla;"Reta;Interseção de Vias";Sim;3;0;0;0;2;1;0;3;-7,1481609;-34,91332769;SPRF-PB;DEL01-PB;UOP01-DEL01-PB
606063;08/06/2024;sábado;16:25:00;SC;282;332,5;CAMPOS NOVOS;Condutor usando celular;Colisão lateral sentido oposto;Sem Vítimas;Pleno dia;Decrescente;Céu Claro;Simples;Reta;Não;3;0;0;0;1;2;0;3;-27,390564;-51,125843;SPRF-SC;DEL07-SC;UOP06-DEL07-SC
606065;08/06/2024;sábado;03:50:00;PR;277;410;CANDOI;Condutor Dormindo;Saída de leito carroçável;Sem Vítimas;Plena Noite;Decrescente;Céu Claro;Simples;Curva;Não;1;0;0;0;1;0;0;1;-25,43184986;-52,00714351;SPRF-PR;DEL04-PR;UOP02-DEL04-PR
606072;08/06/2024;sábado;18:00:00;MG;381;922;CAMANDUCAIA;Mal súbito do condutor;Colisão lateral mesmo sentido;Sem Vítimas;Anoitecer;Crescente;Céu Claro;Dupla;"Reta;Declive";Não;3;0;0;0;2;1;0;3;-22,76707833;-46,21789606;SPRF-MG;DEL16-MG;UOP03-DEL16-MG
606078;08/06/2024;sábado;17:45:00;MS;60;190;CAMAPUA;Demais falhas mecânicas ou elétricas;Colisão lateral sentido oposto;Com Vítimas Feridas;Anoitecer;Crescente;Céu Claro;Simples;Reta;Não;3;0;1;0;2;0;1;2;-19,50233173;-53,9920359;SPRF-MS;DEL06-MS;UOP02-DEL06-MS
606080;08/06/2024;sábado;18:40:00;SC;101;124,1;ITAJAI;Manobra de mudança de faixa;Colisão lateral mesmo sentido;Com Vítimas Feridas;Plena Noite;Decrescente;Céu Claro;Dupla;Reta;Sim;2;0;1;0;1;0;1;2;-26,94335064;-48,69198648;SPRF-SC;DEL04-SC;UOP04-DEL04-SC
606082;08/06/2024;sábado;19:20:00;TO;153;634;ALIANCA DO TOCANTINS;Reação tardia ou ineficiente do condutor;Tombamento;Com Vítimas Feridas;Plena Noite;Crescente;Céu Claro;Simples;"Curva;Aclive";Não;2;0;1;0;0;1;1;2;-11,39541211;-48,97433972;SPRF-TO;DEL01-TO;UOP02-DEL01-TO
606084;08/06/2024;sábado;18:00:00;MT;70;734;CACERES;Ingestão de álcool pelo condutor;Colisão transversal;Sem Vítimas;Anoitecer;Crescente;Céu Claro;Simples;Reta;Sim;4;0;0;0;3;1;0;3;-16,08110781;-57,69921309;SPRF-MT;DEL03-MT;UOP01-DEL03-MT
606086;08/06/2024;sábado;15:45:00;MT;70;521;VARZEA GRANDE;Problema com o freio;Colisão traseira;Com Vítimas Feridas;Pleno dia;Decrescente;Céu Claro;Simples;Reta;Sim;3;0;1;0;1;3;1;5;-15,66660415;-56,18283749;SPRF-MT;DEL01-MT;UOP02-DEL01-MT
606089;08/06/2024;sábado;17:00:00;MG;381;380;SAO GONCALO DO RIO ABAIXO;Reação tardia ou ineficiente do condutor;Colisão lateral sentido oposto;Com Vítimas Feridas;Pleno dia;Decrescente;Sol;Simples;Curva;Não;4;0;0;2;1;1;2;3;-19,8315359;-43,37649498;SPRF-MG;DEL01-MG;UOP01-DEL01-MG
606113;08/06/2024;sábado;14:00:00;MG;381;925;ITAPEVA;Velocidade Incompatível;Tombamento;Sem Vítimas;Pleno dia;Crescente;Céu Claro;Dupla;Curva;Não;3;0;0;0;0;3;0;3;-22,77108975;-46,19946952;SPRF-MG;DEL16-MG;UOP03-DEL16-MG
606119;08/06/2024;sábado;20:20:00;RS;285;253,7;AGUA SANTA;Manobra de mudança de faixa;Colisão lateral mesmo sentido;Com Vítimas Feridas;Plena Noite;Crescente;Céu Claro;Simples;Reta;Não;3;0;1;0;2;0;1;3;-28,292898;-52,000069;SPRF-RS;DEL08-RS;UOP03-DEL08-RS
606121;08/06/2024;sábado;17:00:00;PR;373;405,5;CANDOI;Reação tardia ou ineficiente do condutor;Engavetamento;Com Vítimas Feridas;Pleno dia;Decrescente;Céu Claro;Simples;Reta;Não;12;0;4;0;7;2;4;6;-25,61062691;-52,05540813;SPRF-PR;DEL08-PR;UOP01-DEL08-PR
606122;08/06/2024;sábado;21:20:00;ES;101;165;LINHARES;Condutor deixou de manter distância do veículo da frente;Colisão traseira;Com Vítimas Feridas;Plena Noite;Decrescente;Céu Claro;Simples;Reta;Não;3;0;1;0;1;4;1;6;-19,51360307;-40,1399459;SPRF-ES;DEL04-ES;UOP01-DEL04-ES
606124;08/06/2024;sábado;21:00:00;SP;116;348,6;MIRACATU;Demais falhas mecânicas ou elétricas;Incêndio;Sem Vítimas;Plena Noite;Crescente;Céu Claro;Dupla;"Reta;Aclive";Não;2;0;0;0;1;1;0;2;-24,05143375;-47,20399492;SPRF-SP;DEL04-SP;UOP03-DEL04-SP
606142;08/06/2024;sábado;21:00:00;MG;153;70;MONTE ALEGRE DE MINAS;Condutor Dormindo;Colisão traseira;Com Vítimas Feridas;Plena Noite;Decrescente;Céu Claro;Simples;"Reta;Aclive";Não;4;0;1;0;2;3;1;5;-18,97842804;-49,02351222;SPRF-MG;DEL15-MG;UOP03-DEL15-MG
606143;08/06/2024;sábado;21:50:00;RO;364;241,8;CACOAL;Ausência de reação do condutor;Colisão traseira;Com Vítimas Fatais;Plena Noite;Crescente;Céu Claro;Simples;Reta;Sim;3;1;0;0;1;1;0;3;-11,44070217;-61,4786063;SPRF-RO;DEL02-RO;UOP02-DEL02-RO
606147;08/06/2024;sábado;22:00:00;TO;226;32;PALMEIRAS DO TOCANTINS;Reação tardia ou ineficiente do condutor;Colisão com objeto;Com Vítimas Feridas;Plena Noite;Decrescente;Céu Claro;Simples;"Curva;Declive";Não;2;0;1;0;0;1;1;2;-6,654105;-47,719865;SPRF-TO;DEL02-TO;UOP03-DEL02-TO
606150;08/06/2024;sábado;22:00:00;PR;373;180,2;PONTA GROSSA;Ausência de reação do condutor;Colisão frontal;Com Vítimas Fatais;Plena Noite;Crescente;Ignorado;Dupla;Curva;Sim;3;1;0;0;1;2;0;4;-25,03983629;-50,24852895;SPRF-PR;DEL03-PR;UOP01-DEL03-PR
606159;08/06/2024;sábado;23:50:00;SE;101;180,9;UMBAUBA;Acessar a via sem observar a presença dos outros veículos;Atropelamento de Pedestre;Com Vítimas Fatais;Plena Noite;Decrescente;Ignorado;Simples;Reta;Sim;2;1;0;0;0;1;0;2;-11,36892188;-37,64792008;SPRF-SE;DEL02-SE;UOP03-DEL02-SE
606182;09/06/2024;domingo;03:00:00;SC;280;21;ARAQUARI;Iluminação deficiente;Colisão transversal;Com Vítimas Feridas;Plena Noite;Crescente;Nublado;Simples;Reta;Sim;3;0;1;0;1;2;1;4;-26,37043169;-48,69219602;SPRF-SC;DEL03-SC;UOP03-DEL03-SC
606183;09/06/2024;domingo;04:10:00;ES;101;147;LINHARES;Desrespeitar a preferência no cruzamento;Colisão transversal;Com Vítimas Feridas;Plena Noite;Decrescente;Céu Claro;Simples;Interseção de Vias;Sim;3;0;1;0;1;3;1;5;-19,37887202;-40,06657892;SPRF-ES;DEL04-ES;UOP01-DEL04-ES
606186;09/06/2024;domingo;04:00:00;SP;116;449;REGISTRO;Carga excessiva e/ou mal acondicionada;Tombamento;Sem Vítimas;Pleno dia;Crescente;Céu Claro;Dupla;Reta;Não;3;0;0;0;1;4;0;5;-24,52913591;-47,85619324;SPRF-SP;DEL05-SP;UOP01-DEL05-SP
606204;09/06/2024;domingo;03:15:00;SC;470;239;SAO CRISTOVAO DO SUL;Transitar na contramão;Colisão frontal;Com Vítimas Fatais;Plena Noite;Decrescente;Nublado;Simples;"Em Obras;Desvio Temporário;Curva;Aclive";Não;4;1;2;1;0;0;3;2;-27,306276;-50,480236;SPRF-SC;DEL05-SC;UOP03-DEL05-SC
606210;09/06/2024;domingo;07:10:00;TO;226;5;AGUIARNOPOLIS;Ultrapassagem Indevida;Colisão lateral sentido oposto;Com Vítimas Fatais;Pleno dia;Decrescente;Céu Claro;Simples;"Reta;Declive";Não;4;1;0;0;1;2;0;4;-6,570574;-47,501114;SPRF-TO;DEL02-TO;UOP03-DEL02-TO
606213;09/06/2024;domingo;04:45:00;GO;153;276;NOVA GLORIA;Retorno proibido;Colisão transversal;Com Vítimas Fatais;Amanhecer;Crescente;Nublado;Simples;"Reta;Declive";Não;3;1;1;0;0;1;1;3;-15,112444;-49,489918;SPRF-GO;DEL07-GO;UOP02-DEL07-GO
606215;09/06/2024;domingo;07:30:00;PR;277;52;SAO JOSE DOS PINHAIS;Ausência de reação do condutor;Colisão traseira;Sem Vítimas;Pleno dia;Crescente;Nublado;Dupla;Curva;Não;3;0;0;0;2;2;0;4;-25,5919376;-48,91592194;SPRF-PR;DEL01-PR;UOP01-DEL01-PR
606233;08/05/2024;quarta-feira;11:00:00;MT;364;140;PEDRA PRETA;Condutor deixou de manter distância do veículo da frente;Colisão lateral mesmo sentido;Com Vítimas Fatais;Pleno dia;Crescente;Céu Claro;Múltipla;Declive;Não;5;1;0;1;2;3;1;6;-16,78174907;-54,22350526;SPRF-MT;DEL02-MT;UOP01-DEL02-MT
606240;05/05/2024;domingo;10:40:00;RJ;116;127;MAGE;Velocidade Incompatível;Tombamento;Com Vítimas Feridas;Pleno dia;Crescente;Céu Claro;Dupla;"Curva;Declive;Viaduto";Não;2;0;1;0;0;1;1;2;-22,66137035;-43,09295957;SPRF-RJ;DEL04-RJ;UOP02-DEL04-RJ
606256;09/06/2024;domingo;10:55:00;MG;381;835;SAO SEBASTIAO DA BELA VISTA;Manobra de mudança de faixa;Colisão lateral mesmo sentido;Com Vítimas Feridas;Pleno dia;Decrescente;Céu Claro;Dupla;Curva;Não;4;0;2;0;1;1;2;3;-22,17094703;-45,83750295;SPRF-MG;DEL16-MG;UOP01-DEL16-MG
606257;09/06/2024;domingo;13:00:00;MG;381;454,4;BELO HORIZONTE;Transitar na contramão;Colisão frontal;Com Vítimas Feridas;Pleno dia;Crescente;Sol;Simples;Reta;Não;4;0;2;1;0;2;3;4;-19,84115;-43,87318;SPRF-MG;DEL01-MG;UOP01-DEL01-MG
606260;09/06/2024;domingo;11:30:00;MS;262;388,4;TERENOS;Transitar na contramão;Colisão lateral sentido oposto;Com Vítimas Feridas;Pleno dia;Crescente;Céu Claro;Simples;Reta;Não;3;0;1;0;1;2;1;4;-20,42768837;-54,91005607;SPRF-MS;DEL01-MS;UOP03-DEL01-MS
606262;09/06/2024;domingo;13:30:00;MG;364;10,6;FRUTAL;Acesso irregular;Colisão transversal;Com Vítimas Feridas;Pleno dia;Decrescente;Céu Claro;Simples;"Reta;Interseção de Vias";Não;3;0;1;0;1;1;1;3;-20,093695;-48,748842;SPRF-MG;DEL13-MG;UOP02-DEL13-MG
606266;09/06/2024;domingo;12:00:00;ES;101;170,8;LINHARES;Ingestão de álcool pelo condutor;Colisão transversal;Com Vítimas Feridas;Pleno dia;Decrescente;Céu Claro;Simples;"Interseção de Vias;Reta";Não;4;0;1;0;3;0;1;3;-19,55650445;-40,17278552;SPRF-ES;DEL04-ES;UOP01-DEL04-ES
606272;09/06/2024;domingo;11:35:00;MG;381;624,8;OLIVEIRA;Velocidade Incompatível;Saída de leito carroçável;Com Vítimas Feridas;Pleno dia;Decrescente;Céu Claro;Dupla;"Curva;Declive";Não;6;0;3;1;1;1;4;3;-20,79478236;-44,78958208;SPRF-MG;DEL04-MG;UOP01-DEL04-MG
606278;09/06/2024;domingo;13:30:00;MG;381;863,9;POUSO ALEGRE;Reação tardia ou ineficiente do condutor;Colisão com objeto;Com Vítimas Fatais;Pleno dia;Decrescente;Céu Claro;Dupla;Reta;Não;3;1;2;0;0;0;2;2;-22,34708675;-45,92646295;SPRF-MG;DEL16-MG;UOP01-DEL16-MG
606280;09/06/2024;domingo;13:00:00;BA;407;151,6;FILADELFIA;Carga excessiva e/ou mal acondicionada;Tombamento;Com Vítimas Feridas;Pleno dia;Decrescente;Céu Claro;Simples;Reta;Não;2;0;2;0;0;0;2;1;-10,67545306;-40,12722015;SPRF-BA;DEL04-BA;UOP01-DEL04-BA
606281;09/06/2024;domingo;14:30:00;MT;364;569;NOBRES;Demais falhas mecânicas ou elétricas;Incêndio;Sem Vítimas;Pleno dia;Crescente;Céu Claro;Dupla;Reta;Não;2;0;0;0;1;1;0;2;-14,74091393;-56,3204231;SPRF-MT;DEL01-MT;UOP01-DEL01-MT
606288;09/06/2024;domingo;15:20:00;MS;163;828;SONORA;Acessar a via sem observar a presença dos outros veículos;Saída de leito carroçável;Com Vítimas Feridas;Pleno dia;Decrescente;Céu Claro;Dupla;Reta;Não;6;0;2;1;1;2;3;4;-17,681286;-54,74704178;SPRF-MS;DEL06-MS;UOP01-DEL06-MS
606295;09/06/2024;domingo;15:45:00;GO;153;547;PIRACANJUBA;Velocidade Incompatível;Derramamento de carga;Sem Vítimas;Pleno dia;Crescente;Céu Claro;Dupla;Curva;Não;2;0;0;0;1;2;0;3;-17,1147;-49,2132;SPRF-GO;DEL01-GO;UOP03-DEL01-GO
606296;09/06/2024;domingo;04:30:00;PA;163;408;ITAITUBA;Transitar na contramão;Colisão frontal;Com Vítimas Fatais;Amanhecer;Crescente;Ignorado;Simples;Reta;Não;2;1;0;0;0;1;0;2;-6,23897602;-55,62150005;SPRF-PA;DEL05-PA;UOP02-DEL05-PA
606301;09/06/2024;domingo;15:40:00;MS;262;531,7;MIRANDA;Demais falhas mecânicas ou elétricas;Colisão com objeto;Sem Vítimas;Pleno dia;Crescente;Céu Claro;Simples;Reta;Não;4;0;0;0;3;1;0;3;-20,3509359;-56,151453;SPRF-MS;DEL03-MS;UOP02-DEL03-MS
606307;09/06/2024;domingo;17:15:00;PR;376;390,9;IMBAU;Reação tardia ou ineficiente do condutor;Tombamento;Com Vítimas Fatais;Pleno dia;Crescente;Céu Claro;Dupla;"Curva;Declive";Não;2;1;0;0;0;2;0;3;-24,483387;-50,734532;SPRF-PR;DEL03-PR;UOP02-DEL03-PR
606318;09/06/2024;domingo;17:20:00;BA;116;483;RAFAEL JAMBEIRO;Falta de elemento de contenção que evite a saída do leito carroçável;Saída de leito carroçável;Com Vítimas Feridas;Anoitecer;Crescente;Chuva;Dupla;"Aclive;Reta";Não;3;0;1;0;1;2;1;4;-12,5209134;-39,3926248;SPRF-BA;DEL02-BA;UOP01-DEL02-BA
606320;09/06/2024;domingo;18:15:00;MG;262;768;UBERABA;Ausência de reação do condutor;Capotamento;Com Vítimas Feridas;Anoitecer;Decrescente;Céu Claro;Simples;Rotatória;Não;1;0;0;1;0;0;1;1;-19,67187;-47,625865;SPRF-MG;DEL13-MG;UOP01-DEL13-MG
606323;09/06/2024;domingo;15:58:00;GO;20;215,3;POSSE;Reação tardia ou ineficiente do condutor;Tombamento;Com Vítimas Feridas;Pleno dia;Crescente;Céu Claro;Simples;"Declive;Reta";Não;2;0;1;0;0;1;1;2;-14,237023;-46,350555;SPRF-DF;DEL02-DF;UOP03-DEL02-DF
606329;09/06/2024;domingo;18:15:00;PA;163;581,7;TRAIRAO;Condutor deixou de manter distância do veículo da frente;Colisão traseira;Com Vítimas Fatais;Anoitecer;Crescente;Ignorado;Simples;Reta;Não;2;1;0;0;0;1;0;2;-4,9837331;-56,20602214;SPRF-PA;DEL05-PA;UOP02-DEL05-PA
606334;09/06/2024;domingo;16:00:00;MT;163;98,6;RONDONOPOLIS;Ingestão de álcool pelo condutor;Tombamento;Sem Vítimas;Pleno dia;Decrescente;Céu Claro;Dupla;Reta;Não;2;0;0;0;1;2;0;3;-16,67672025;-54,67299848;SPRF-MT;DEL02-MT;UOP03-DEL02-MT
606350;09/06/2024;domingo;19:50:00;MG;354;735;POUSO ALTO;Pedestre - Ingestão de álcool/ substâncias psicoativas;Atropelamento de Pedestre;Com Vítimas Feridas;Plena Noite;Crescente;Céu Claro;Simples;Reta;Sim;2;0;1;0;1;0;1;2;-22,189812;-44,97624;SPRF-MG;DEL17-MG;UOP01-DEL17-MG
606351;09/06/2024;domingo;09:30:00;SC;470;281,9;BRUNOPOLIS;Velocidade Incompatível;Tombamento;Com Vítimas Fatais;Pleno dia;Crescente;Céu Claro;Simples;"Curva;Aclive";Não;11;2;2;0;6;1;2;4;-27,3336866;-50,8858868;SPRF-SC;DEL07-SC;UOP06-DEL07-SC
606355;09/06/2024;domingo;14:25:00;SC;101;168;TIJUCAS;Acessar a via sem observar a presença dos outros veículos;Colisão lateral mesmo sentido;Com Vítimas Feridas;Pleno dia;Decrescente;Céu Claro;Dupla;Reta;Não;2;0;1;0;1;0;1;2;-27,279105;-48,631554;SPRF-SC;DEL04-SC;UOP03-DEL04-SC
606360;09/06/2024;domingo;19:35:00;SP;116;516;CAJATI;Velocidade Incompatível;Saída de leito carroçável;Com Vítimas Feridas;Plena Noite;Decrescente;Céu Claro;Simples;Reta;Não;2;0;1;0;0;1;1;2;-24,87423036;-48,2190838;SPRF-SP;DEL05-SP;UOP02-DEL05-SP
606373;09/06/2024;domingo;20:30:00;MG;40;550;NOVA LIMA;Trafegar com motocicleta (ou similar) entre as faixas;Colisão lateral mesmo sentido;Com Vítimas Feridas;Plena Noite;Crescente;Céu Claro;Dupla;"Curva;Aclive";Não;3;0;1;0;1;1;1;3;-20,0477638;-43,96439441;SPRF-MG;DEL01-MG;UOP02-DEL01-MG
606377;09/06/2024;domingo;18:20:00;RJ;116;200;QUEIMADOS;Acessar a via sem observar a presença dos outros veículos;Colisão traseira;Com Vítimas Fatais;Plena Noite;Crescente;Céu Claro;Dupla;Reta;Não;5;1;4;0;0;0;4;2;-22,7306082;-43,59401795;SPRF-RJ;DEL06-RJ;UOP02-DEL06-RJ
606378;09/06/2024;domingo;19:00:00;PR;376;13,3;MARINGA;Reação tardia ou ineficiente do condutor;Colisão traseira;Com Vítimas Feridas;Plena Noite;Crescente;Céu Claro;Dupla;"Reta;Aclive";Sim;4;0;2;0;1;1;2;3;-23,39872204;-51,88217282;SPRF-PR;DEL09-PR;UOP01-DEL09-PR
606382;09/06/2024;domingo;20:02:00;ES;262;186,3;IUNA;Transitar na contramão;Colisão frontal;Com Vítimas Fatais;Plena Noite;Decrescente;Céu Claro;Simples;Curva;Não;2;1;0;0;1;0;0;2;-20,309915;-41,715498;SPRF-ES;DEL01-ES;UOP02-DEL01-ES
606393;09/06/2024;domingo;21:20:00;GO;414;357;COCALZINHO DE GOIAS;Velocidade Incompatível;Tombamento;Com Vítimas Fatais;Plena Noite;Crescente;Céu Claro;Simples;Curva;Não;4;1;1;1;0;2;2;3;-15,67064324;-48,69998932;SPRF-GO;DEL02-GO;UOP01-DEL02-GO
606414;09/06/2024;domingo;20:00:00;SC;282;539,6;CHAPECO;Velocidade Incompatível;Tombamento;Com Vítimas Feridas;Pleno dia;Crescente;Céu Claro;Simples;Curva;Não;1;0;1;0;0;0;1;1;-26,99134246;-52,68614704;SPRF-SC;DEL07-SC;UOP01-DEL07-SC
606417;09/06/2024;domingo;20:30:00;RJ;116;233;PIRAI;Condutor deixou de manter distância do veículo da frente;Colisão traseira;Com Vítimas Feridas;Plena Noite;Crescente;Céu Claro;Dupla;"Reta;Aclive";Não;2;0;1;0;1;0;1;2;-22,66355363;-43,84062168;SPRF-RJ;DEL07-RJ;UOP01-DEL07-RJ
606429;10/06/2024;segunda-feira;00:40:00;PR;476;273;SAO MATEUS DO SUL;Ausência de reação do condutor;Saída de leito carroçável;Com Vítimas Feridas;Plena Noite;Decrescente;Céu Claro;Simples;Curva;Não;1;0;1;0;0;0;1;1;-25,88582;-50,38245;SPRF-PR;DEL02-PR;UOP03-DEL02-PR
606431;10/06/2024;segunda-feira;02:40:00;MS;163;157;JUTI;Ausência de reação do condutor;Saída de leito carroçável;Com Vítimas Feridas;Plena Noite;Decrescente;Céu Claro;Simples;Reta;Não;2;0;1;0;0;2;1;3;-22,92731619;-54,48464303;SPRF-MS;DEL09-MS;UOP01-DEL09-MS
606433;10/06/2024;segunda-feira;01:35:00;RO;435;26,9;VILHENA;Reação tardia ou ineficiente do condutor;Saída de leito carroçável;Com Vítimas Feridas;Plena Noite;Decrescente;Céu Claro;Simples;Reta;Não;3;0;2;0;0;1;2;2;-12,78308871;-60,34345914;SPRF-RO;DEL04-RO;UOP02-DEL04-RO
606435;10/06/2024;segunda-feira;04:20:00;BA;324;577;CANDEIAS;Demais falhas mecânicas ou elétricas;Tombamento;Com Vítimas Feridas;Plena Noite;Crescente;Nublado;Dupla;Reta;Não;3;0;3;0;0;0;3;1;-12,58364429;-38,53073221;SPRF-BA;DEL01-BA;UOP01-DEL01-BA
606440;10/06/2024;segunda-feira;04:30:00;RJ;393;113;SAPUCAIA;Transitar na contramão;Colisão frontal;Com Vítimas Fatais;Amanhecer;Crescente;Nevoeiro/Neblina;Simples;Curva;Não;2;1;0;0;1;0;0;2;-21,90350418;-42,72841194;SPRF-RJ;DEL05-RJ;UOP01-DEL05-RJ
606442;10/06/2024;segunda-feira;05:15:00;MS;163;379,3;NOVA ALVORADA DO SUL;Condutor deixou de manter distância do veículo da frente;Colisão traseira;Com Vítimas Feridas;Amanhecer;Crescente;Céu Claro;Simples;Reta;Não;7;0;1;1;4;2;2;4;-21,34923407;-54,41817236;SPRF-MS;DEL02-MS;UOP01-DEL02-MS
606444;10/06/2024;segunda-feira;04:00:00;PI;343;155,9;PIRACURUCA;Acessar a via sem observar a presença dos outros veículos;Colisão transversal;Com Vítimas Feridas;Plena Noite;Crescente;Céu Claro;Simples;Reta;Não;2;0;1;0;1;0;1;2;-4,02898;-41,771645;SPRF-PI;DEL02-PI;UOP01-DEL02-PI
606445;10/06/2024;segunda-feira;04:00:00;SC;101;117,2;ITAJAI;Demais falhas mecânicas ou elétricas;Colisão lateral mesmo sentido;Com Vítimas Fatais;Amanhecer;Decrescente;Céu Claro;Múltipla;"Reta;Declive";Sim;3;1;0;0;2;0;0;3;-26,8890227;-48,7217396;SPRF-SC;DEL04-SC;UOP04-DEL04-SC
606449;29/05/2024;quarta-feira;06:15:00;RJ;101;311;SAO GONCALO;Condutor Dormindo;Colisão traseira;Com Vítimas Fatais;Pleno dia;Crescente;Céu Claro;Dupla;Reta;Não;3;1;1;0;1;0;1;2;-22,80062246;-43,05318779;SPRF-RJ;DEL02-RJ;UOP02-DEL02-RJ