id;data_inversa;dia_semana;horario;uf;br;km;municipio;causa_acidente;tipo_acidente;classificacao_acidente;fase_dia;sentido_via;condicao_metereologica;tipo_pista;tracado_via;uso_solo;pessoas;mortos;feridos_leves;feridos_graves;ilesos;ignorados;feridos;veiculos;latitude;longitude;regional;delegacia;uop
606450;10/06/2024;segunda-feira;06:13:00;PB;101;122;CAAPORA;Reação tardia ou ineficiente do condutor;Colisão traseira;Com Vítimas Feridas;Pleno dia;Crescente;Céu Claro;Dupla;Aclive;Não;3;0;1;0;1;1;1;3;-7,45038197;-34,97994215;SPRF-PB;DEL01-PB;UOP02-DEL01-PB
606454;10/06/2024;segunda-feira;07:00:00;PR;376;413;TIBAGI;Reação tardia ou ineficiente do condutor;Tombamento;Com Vítimas Feridas;Amanhecer;Crescente;Céu Claro;Dupla;Curva;Não;2;0;0;1;0;2;1;3;-24,64003498;-50,626266;SPRF-PR;DEL03-PR;UOP02-DEL03-PR
606466;10/06/2024;segunda-feira;07:15:00;PR;376;302,8;MAUA DA SERRA;Velocidade Incompatível;Tombamento;Com Vítimas Feridas;Pleno dia;Crescente;Céu Claro;Dupla;"Curva;Declive";Não;2;0;1;0;0;1;1;2;-23,93783962;-51,14217281;SPRF-PR;DEL07-PR;UOP02-DEL07-PR
606473;10/06/2024;segunda-feira;06:15:00;BA;116;40,3;CHORROCHO;Condutor Dormindo;Colisão frontal;Com Vítimas Fatais;Amanhecer;Crescente;Céu Claro;Simples;Reta;Não;8;4;1;0;2;2;1;6;-8,96607014;-39,20683729;SPRF-PE;DEL05-PE;UOP03-DEL05-PE
606486;10/06/2024;segunda-feira;09:00:00;MG;40;532,5;BELO HORIZONTE;Trafegar com motocicleta (ou similar) entre as faixas;Tombamento;Com Vítimas Feridas;Pleno dia;Crescente;Céu Claro;Dupla;Reta;Sim;4;0;1;1;1;1;2;4;-19,92372561;-44,01700789;SPRF-MG;DEL01-MG;UOP02-DEL01-MG
606489;10/06/2024;segunda-feira;08:50:00;AL;316;264;SATUBA;Chuva;Colisão frontal;Com Vítimas Feridas;Pleno dia;Decrescente;Chuva;Simples;Curva;Não;3;0;1;0;2;0;1;2;-9,58847626;-35,8696781;SPRF-AL;DEL02-AL;UOP01-DEL02-AL
606491;10/06/2024;segunda-feira;08:30:00;MG;381;483;CONTAGEM;Ausência de reação do condutor;Colisão traseira;Com Vítimas Feridas;Pleno dia;Crescente;Sol;Dupla;"Reta;Declive";Sim;2;0;1;0;1;0;1;2;-19,95594491;-44,10721699;SPRF-MG;DEL01-MG;UOP03-DEL01-MG
606493;10/06/2024;segunda-feira;08:50:00;SC;282;535,1;CHAPECO;Desrespeitar a preferência no cruzamento;Colisão transversal;Com Vítimas Feridas;Pleno dia;Decrescente;Céu Claro;Dupla;"Aclive;Interseção de Vias";Sim;3;0;3;0;0;0;3;2;-26,99973884;-52,64651656;SPRF-SC;DEL07-SC;UOP01-DEL07-SC
606495;10/06/2024;segunda-feira;08:10:00;MG;116;413,7;GOVERNADOR VALADARES;Ausência de reação do condutor;Colisão traseira;Com Vítimas Feridas;Pleno dia;Decrescente;Céu Claro;Simples;"Reta;Ponte";Sim;4;0;2;0;2;0;2;3;-18,88328724;-41,95224424;SPRF-MG;DEL06-MG;UOP01-DEL06-MG
606502;10/06/2024;segunda-feira;09:48:00;RS;470;225;GARIBALDI;Acessar a via sem observar a presença dos outros veículos;Colisão transversal;Com Vítimas Feridas;Pleno dia;Crescente;Céu Claro;Simples;Rotatória;Sim;3;0;2;0;1;0;2;2;-29,24660013;-51,51598155;SPRF-RS;DEL06-RS;UOP01-DEL06-RS
606503;10/06/2024;segunda-feira;10:50:00;RS;116;236;NOVO HAMBURGO;Reação tardia ou ineficiente do condutor;Colisão traseira;Com Vítimas Feridas;Pleno dia;Crescente;Sol;Dupla;"Reta;Em Obras";Sim;3;0;1;1;1;0;2;2;-29,67727162;-51,14253467;SPRF-RS;DEL01-RS;UOP02-DEL01-RS
606504;04/06/2024;terça-feira;14:45:00;RN;101;112;PARNAMIRIM;Manobra de mudança de faixa;Colisão lateral mesmo sentido;Sem Vítimas;Pleno dia;Decrescente;Céu Claro;Múltipla;Reta;Não;3;0;0;0;3;0;0;2;-5,96429;-35,264877;SPRF-RN;DEL01-RN;UOP01-DEL01-RN
606505;23/05/2024;quinta-feira;20:10:00;SC;470;1;NAVEGANTES;Reação tardia ou ineficiente do condutor;Colisão traseira;Com Vítimas Feridas;Plena Noite;Decrescente;Céu Claro;Dupla;Reta;Sim;5;0;1;0;3;1;1;3;-26,875383;-48,668285;SPRF-SC;DEL04-SC;UOP04-DEL04-SC
606506;10/06/2024;segunda-feira;08:50:00;CE;222;117;ITAPAJE;Reação tardia ou ineficiente do condutor;Colisão lateral sentido oposto;Com Vítimas Feridas;Pleno dia;Decrescente;Céu Claro;Simples;"Reta;Declive";Não;2;0;0;1;1;0;1;2;-3,73545475;-39,55009492;SPRF-CE;DEL04-CE;UOP03-DEL04-CE
606508;10/06/2024;segunda-feira;10:40:00;MG;381;478;CONTAGEM;Reação tardia ou ineficiente do condutor;Engavetamento;Sem Vítimas;Pleno dia;Decrescente;Céu Claro;Dupla;Reta;Sim;4;0;0;0;4;0;0;4;-19,95826094;-44,05921101;SPRF-MG;DEL01-MG;UOP03-DEL01-MG
606513;10/06/2024;segunda-feira;11:40:00;SP;116;124,5;CACAPAVA;Reação tardia ou ineficiente do condutor;Colisão traseira;Com Vítimas Feridas;Pleno dia;Crescente;Sol;Dupla;Reta;Não;3;0;2;0;1;0;2;2;-23,093116;-45,677904;SPRF-SP;DEL02-SP;UOP02-DEL02-SP
606519;10/06/2024;segunda-feira;11:00:00;MT;163;902,9;CLAUDIA;Velocidade Incompatível;Colisão com objeto;Com Vítimas Feridas;Pleno dia;Crescente;Céu Claro;Simples;"Declive;Reta";Não;4;0;1;0;2;4;1;7;-11,286561;-55,3177;SPRF-MT;DEL06-MT;UOP02-DEL06-MT
606527;10/06/2024;segunda-feira;12:10:00;RS;116;244;SAO LEOPOLDO;Condutor deixou de manter distância do veículo da frente;Engavetamento;Com Vítimas Feridas;Pleno dia;Decrescente;Sol;Múltipla;Reta;Sim;5;0;1;0;3;1;1;4;-29,74088003;-51,15039566;SPRF-RS;DEL01-RS;UOP02-DEL01-RS
606533;10/06/2024;segunda-feira;12:50:00;ES;101;283;CARIACICA;Transitar na contramão;Colisão frontal;Com Vítimas Feridas;Pleno dia;Decrescente;Céu Claro;Múltipla;Interseção de Vias;Sim;4;0;1;1;2;0;2;3;-20,23438373;-40,3693577;SPRF-ES;DEL01-ES;UOP01-DEL01-ES
606538;10/06/2024;segunda-feira;12:30:00;MT;163;719;SORRISO;Reação tardia ou ineficiente do condutor;Colisão traseira;Sem Vítimas;Pleno dia;Crescente;Céu Claro;Simples;Reta;Não;3;0;0;0;2;1;0;2;-12,80187098;-55,83282731;SPRF-MT;DEL06-MT;UOP01-DEL06-MT
606539;10/06/2024;segunda-feira;13:55:00;RS;285;292;PASSO FUNDO;Pedestre cruzava a pista fora da faixa;Atropelamento de Pedestre;Com Vítimas Feridas;Pleno dia;Decrescente;Céu Claro;Simples;Rotatória;Sim;2;0;0;1;0;1;1;2;-28,239017;-52,365276;SPRF-RS;DEL08-RS;UOP03-DEL08-RS
606540;10/06/2024;segunda-feira;13:30:00;BA;101;227;CRUZ DAS ALMAS;Reação tardia ou ineficiente do condutor;Saída de leito carroçável;Com Vítimas Feridas;Pleno dia;Decrescente;Céu Claro;Simples;Reta;Sim;2;0;1;0;1;0;1;2;-12,68382804;-39,14282537;SPRF-BA;DEL01-BA;UOP02-DEL01-BA
606546;23/03/2024;sábado;02:30:00;MG;251;356;PADRE CARVALHO;Reação tardia ou ineficiente do condutor;Tombamento;Com Vítimas Feridas;Plena Noite;Crescente;Ignorado;Simples;Reta;Não;1;0;1;0;0;0;1;1;-16,26522431;-42,57628001;SPRF-MG;DEL12-MG;UOP02-DEL12-MG
606550;10/06/2024;segunda-feira;14:00:00;RS;285;416,9;PANAMBI;Carga excessiva e/ou mal acondicionada;Saída de leito carroçável;Com Vítimas Feridas;Pleno dia;Decrescente;Céu Claro;Simples;Curva;Não;3;0;0;2;0;1;2;2;-28,349045;-53,511333;SPRF-RS;DEL10-RS;UOP01-DEL10-RS
606556;06/06/2024;quinta-feira;17:30:00;MG;365;493;PATROCINIO;Ultrapassagem Indevida;Saída de leito carroçável;Com Vítimas Feridas;Anoitecer;Crescente;Céu Claro;Simples;Reta;Não;3;0;1;0;0;3;1;4;-18,91052317;-47,18665587;SPRF-MG;DEL10-MG;UOP01-DEL10-MG
606561;10/06/2024;segunda-feira;14:55:00;PR;277;237,8;IRATI;Acessar a via sem observar a presença dos outros veículos;Colisão transversal;Sem Vítimas;Pleno dia;Decrescente;Céu Claro;Simples;"Rotatória;Desvio Temporário;Declive;Interseção de Vias;Em Obras;Reta";Não;4;0;0;0;3;2;0;4;-25,45813261;-50,60709894;SPRF-PR;DEL08-PR;UOP02-DEL08-PR
606563;10/06/2024;segunda-feira;15:10:00;PA;163;994;SANTAREM;Ingestão de álcool pelo condutor;Engavetamento;Com Vítimas Feridas;Pleno dia;Crescente;Céu Claro;Simples;Reta;Não;4;0;2;0;2;0;2;4;-2,52083003;-54,72278618;SPRF-PA;DEL05-PA;UOP01-DEL05-PA
606564;10/06/2024;segunda-feira;15:40:00;PR;272;367;CAMPO MOURAO;Acessar a via sem observar a presença dos outros veículos;Colisão transversal;Com Vítimas Feridas;Pleno dia;Crescente;Céu Claro;Dupla;Reta;Sim;6;0;2;1;2;1;3;4;-24,05063682;-52,40169964;SPRF-PR;DEL09-PR;UOP03-DEL09-PR
606565;10/06/2024;segunda-feira;14:00:00;PR;476;180;CONTENDA;Reação tardia ou ineficiente do condutor;Tombamento;Com Vítimas Feridas;Pleno dia;Crescente;Céu Claro;Simples;Curva;Não;3;0;1;0;1;3;1;5;-25,71044451;-49,60517049;SPRF-PR;DEL01-PR;UOP06-DEL01-PR
606576;10/06/2024;segunda-feira;16:25:00;SC;282;516;XAXIM;Frear bruscamente;Engavetamento;Sem Vítimas;Pleno dia;Decrescente;Céu Claro;Simples;Rotatória;Não;10;0;0;0;9;1;0;4;-26,930862;-52,499157;SPRF-SC;DEL07-SC;UOP01-DEL07-SC
606585;10/06/2024;segunda-feira;16:30:00;MG;153;155,3;COMENDADOR GOMES;Mal súbito do condutor;Colisão traseira;Com Vítimas Feridas;Pleno dia;Decrescente;Céu Claro;Simples;"Reta;Aclive";Não;4;0;2;0;1;3;2;6;-19,62824275;-48,935707;SPRF-MG;DEL13-MG;UOP02-DEL13-MG
606586;10/06/2024;segunda-feira;10:27:00;TO;153;398;RIO DOS BOIS;Condutor deixou de manter distância do veículo da frente;Colisão traseira;Com Vítimas Feridas;Pleno dia;Crescente;Céu Claro;Simples;Reta;Não;3;0;1;0;2;0;1;2;-9,393278;-48,56296901;SPRF-TO;DEL02-TO;UOP02-DEL02-TO
606590;10/06/2024;segunda-feira;17:00:00;RS;290;285,1;CACHOEIRA DO SUL;Transitar na contramão;Colisão frontal;Com Vítimas Fatais;Pleno dia;Decrescente;Céu Claro;Simples;Curva;Não;3;1;0;0;1;1;0;3;-30,25539;-53,073017;SPRF-RS;DEL02-RS;UOP03-DEL02-RS
606591;10/06/2024;segunda-feira;16:50:00;MS;376;170;NOVA ANDRADINA;Entrada inopinada do pedestre;Atropelamento de Pedestre;Com Vítimas Feridas;Plena Noite;Crescente;Céu Claro;Dupla;Reta;Sim;3;0;0;1;1;1;1;3;-22,27914519;-53,37393824;SPRF-MS;DEL04-MS;UOP04-DEL04-MS
606599;10/06/2024;segunda-feira;17:40:00;CE;222;224;SOBRAL;Reação tardia ou ineficiente do condutor;Tombamento;Com Vítimas Feridas;Anoitecer;Decrescente;Céu Claro;Simples;"Curva;Interseção de Vias";Sim;2;0;1;0;1;0;1;1;-3,71179812;-40,34380504;SPRF-CE;DEL04-CE;UOP01-DEL04-CE
606600;10/06/2024;segunda-feira;17:25:00;RJ;40;110;DUQUE DE CAXIAS;Reação tardia ou ineficiente do condutor;Queda de ocupante de veículo;Com Vítimas Feridas;Anoitecer;Decrescente;Céu Claro;Múltipla;Reta;Sim;4;0;2;0;1;1;2;3;-22,68289906;-43,28549346;SPRF-RJ;DEL01-RJ;UOP02-DEL01-RJ
606601;10/06/2024;segunda-feira;18:40:00;GO;60;209;GUAPO;Velocidade Incompatível;Colisão traseira;Com Vítimas Feridas;Plena Noite;Decrescente;Céu Claro;Dupla;"Aclive;Reta";Não;2;0;1;0;1;0;1;2;-16,9324;-49,6679;SPRF-GO;DEL01-GO;UOP02-DEL01-GO
606632;10/06/2024;segunda-feira;04:00:00;PE;101;11,1;GOIANA;Transitar no Acostamento;Atropelamento de Pedestre;Com Vítimas Fatais;Plena Noite;Decrescente;Ignorado;Dupla;Reta;Não;2;1;0;0;0;1;0;2;-7,599837;-34,980827;SPRF-PE;DEL01-PE;UOP02-DEL01-PE
606637;10/06/2024;segunda-feira;20:45:00;RS;116;53,7;VACARIA;Reação tardia ou ineficiente do condutor;Saída de leito carroçável;Sem Vítimas;Plena Noite;Decrescente;Céu Claro;Simples;Curva;Não;1;0;0;0;1;0;0;1;-28,58783208;-51,02776881;SPRF-RS;DEL05-RS;UOP03-DEL05-RS
606643;10/06/2024;segunda-feira;21:00:00;GO;20;142;FLORES DE GOIAS;Demais falhas mecânicas ou elétricas;Incêndio;Sem Vítimas;Plena Noite;Decrescente;Céu Claro;Dupla;Reta;Sim;1;0;0;0;1;0;0;1;-14,759251;-46,671932;SPRF-DF;DEL02-DF;UOP03-DEL02-DF
606649;10/06/2024;segunda-feira;19:39:00;GO;70;51;COCALZINHO DE GOIAS;Manobra de mudança de faixa;Tombamento;Sem Vítimas;Plena Noite;Decrescente;Céu Claro;Simples;"Aclive;Reta";Não;1;0;0;0;1;0;0;1;-15,74049683;-48,57730866;SPRF-DF;DEL03-DF;UOP02-DEL03-DF
606650;10/06/2024;segunda-feira;16:30:00;PI;135;210;ELISEU MARTINS;Acessar a via sem observar a presença dos outros veículos;Colisão transversal;Com Vítimas Feridas;Pleno dia;Decrescente;Céu Claro;Simples;"Declive;Curva";Sim;4;0;2;0;1;1;2;3;-8,09759728;-43,66722553;SPRF-PI;DEL03-PI;UOP02-DEL03-PI
606653;10/06/2024;segunda-feira;21:30:00;PR;369;16;CAMBARA;Condutor usando celular;Saída de leito carroçável;Com Vítimas Feridas;Plena Noite;Decrescente;Céu Claro;Simples;Reta;Não;2;0;1;0;0;1;1;2;-23,02932265;-50,04678547;SPRF-PR;DEL07-PR;UOP05-DEL07-PR
606657;10/06/2024;segunda-feira;21:30:00;RJ;40;75;PETROPOLIS;Reação tardia ou ineficiente do condutor;Tombamento;Com Vítimas Feridas;Plena Noite;Crescente;Céu Claro;Dupla;"Declive;Curva";Não;3;0;0;2;1;0;2;2;-22,46857126;-43,22958698;SPRF-RJ;DEL01-RJ;UOP01-DEL01-RJ
606658;10/06/2024;segunda-feira;21:00:00;RS;158;130,5;CONDOR;Reação tardia ou ineficiente do condutor;Saída de leito carroçável;Com Vítimas Feridas;Plena Noite;Crescente;Céu Claro;Simples;Reta;Não;2;0;1;0;0;1;1;2;-28,12428981;-53,43969941;SPRF-RS;DEL08-RS;UOP01-DEL08-RS
606661;11/06/2024;terça-feira;01:00:00;RJ;116;230;PIRAI;Problema com o freio;Tombamento;Sem Vítimas;Plena Noite;Decrescente;Céu Claro;Dupla;"Curva;Declive";Não;1;0;0;0;1;0;0;1;-22,66027;-43,8244681;SPRF-RJ;DEL07-RJ;UOP01-DEL07-RJ
606667;11/06/2024;terça-feira;03:30:00;BA;101;928;NOVA VICOSA;Ultrapassagem Indevida;Colisão frontal;Com Vítimas Feridas;Plena Noite;Crescente;Céu Claro;Simples;Reta;Não;4;0;0;2;2;0;2;2;-17,95479574;-39,86189067;SPRF-BA;DEL09-BA;UOP02-DEL09-BA
606668;11/06/2024;terça-feira;04:00:00;MG;381;556,9;ITAGUARA;Reação tardia ou ineficiente do condutor;Colisão traseira;Com Vítimas Feridas;Plena Noite;Decrescente;Céu Claro;Dupla;"Aclive;Reta";Não;3;0;1;0;1;1;1;3;-20,36068712;-44,46666568;SPRF-MG;DEL04-MG;UOP03-DEL04-MG
606669;11/06/2024;terça-feira;06:10:00;PI;343;184;PIRIPIRI;Desrespeitar a preferência no cruzamento;Colisão transversal;Com Vítimas Feridas;Amanhecer;Decrescente;Céu Claro;Simples;Rotatória;Sim;3;0;1;0;1;1;1;3;-4,272144;-41,761505;SPRF-PI;DEL02-PI;UOP01-DEL02-PI
606672;11/06/2024;terça-feira;01:15:00;RS;290;276;CACHOEIRA DO SUL;Demais falhas mecânicas ou elétricas;Colisão com objeto;Sem Vítimas;Plena Noite;Crescente;Céu Claro;Simples;Ponte;Não;3;0;0;0;2;1;0;2;-30,260109;-52,983849;SPRF-RS;DEL02-RS;UOP03-DEL02-RS
606680;10/06/2024;segunda-feira;18:30:00;AC;364;153;BUJARI;Reação tardia ou ineficiente do condutor;Tombamento;Com Vítimas Feridas;Plena Noite;Decrescente;Céu Claro;Simples;Curva;Não;4;0;2;0;1;3;2;5;-9,84908812;-67,92495316;SPRF-AC;DEL01-AC;UOP01-DEL01-AC
606686;11/06/2024;terça-feira;07:15:00;ES;101;4,9;SERRA;Manobra de mudança de faixa;Colisão lateral mesmo sentido;Com Vítimas Feridas;Pleno dia;Crescente;Céu Claro;Dupla;Reta;Não;7;0;7;0;0;0;7;2;-20,129093;-40,308125;SPRF-ES;DEL02-ES;UOP01-DEL02-ES
606687;11/06/2024;terça-feira;06:47:00;MA;135;7;SAO LUIS;Reação tardia ou ineficiente do condutor;Colisão traseira;Com Vítimas Feridas;Pleno dia;Crescente;Sol;Dupla;Reta;Não;3;0;1;0;2;0;1;2;-2,53073;-44,3068;SPRF-MA;DEL01-MA;UOP01-DEL01-MA
606695;11/06/2024;terça-feira;08:40:00;SE;101;147,5;ESTANCIA;Manobra de mudança de faixa;Colisão lateral mesmo sentido;Com Vítimas Feridas;Pleno dia;Crescente;Céu Claro;Dupla;Curva;Sim;3;0;0;2;1;0;2;2;-11,22094463;-37,41933749;SPRF-SE;DEL02-SE;UOP01-DEL02-SE
606697;11/06/2024;terça-feira;08:10:00;GO;40;2;VALPARAISO DE GOIAS;Manobra de mudança de faixa;Colisão lateral mesmo sentido;Com Vítimas Feridas;Pleno dia;Crescente;Sol;Dupla;Reta;Sim;4;0;1;0;2;1;1;3;-16,067129;-47,984235;SPRF-DF;DEL01-DF;UOP01-DEL01-DF
606704;11/06/2024;terça-feira;08:20:00;BA;324;535;CONCEICAO DO JACUIPE;Condutor deixou de manter distância do veículo da frente;Colisão traseira;Com Vítimas Feridas;Pleno dia;Decrescente;Céu Claro;Dupla;Interseção de Vias;Não;5;0;1;0;3;3;1;6;-12,35775097;-38,82802597;SPRF-BA;DEL01-BA;UOP03-DEL01-BA
606706;11/06/2024;terça-feira;08:10:00;PE;101;78,1;RECIFE;Manobra de mudança de faixa;Colisão transversal;Com Vítimas Feridas;Pleno dia;Decrescente;Nublado;Dupla;Reta;Sim;2;0;1;0;1;0;1;2;-8,13661;-34,947281;SPRF-PE;DEL01-PE;UOP01-DEL01-PE
606709;11/06/2024;terça-feira;10:00:00;SP;116;58,2;GUARATINGUETA;Reação tardia ou ineficiente do condutor;Colisão traseira;Com Vítimas Feridas;Pleno dia;Decrescente;Sol;Dupla;Reta;Sim;2;0;1;0;1;0;1;2;-22,78036586;-45,14616966;SPRF-SP;DEL08-SP;UOP01-DEL08-SP
606710;20/04/2024;sábado;11:05:00;SC;282;515,3;XAXIM;Ultrapassagem Indevida;Colisão lateral mesmo sentido;Com Vítimas Fatais;Pleno dia;Crescente;Sol;Simples;Reta;Não;5;1;1;1;2;0;2;5;-26,9238;-52,49686;SPRF-SC;DEL07-SC;UOP01-DEL07-SC
606711;11/06/2024;terça-feira;10:00:00;PR;163;258;QUATRO PONTES;Avarias e/ou desgaste excessivo no pneu;Colisão com objeto;Sem Vítimas;Pleno dia;Crescente;Céu Claro;Dupla;Reta;Não;3;0;0;0;2;1;0;3;-24,5707235;-53,9979327;SPRF-PR;DEL06-PR;UOP02-DEL06-PR
606713;11/06/2024;terça-feira;07:15:00;PA;163;891;BELTERRA;Transitar na contramão;Colisão frontal;Com Vítimas Fatais;Amanhecer;Decrescente;Nevoeiro/Neblina;Simples;"Aclive;Reta";Não;4;2;0;1;0;2;1;4;-3,315668;-54,93342101;SPRF-PA;DEL05-PA;UOP01-DEL05-PA
606718;11/06/2024;terça-feira;09:49:00;MT;364;203;RONDONOPOLIS;Mal súbito do condutor;Saída de leito carroçável;Com Vítimas Feridas;Pleno dia;Decrescente;Céu Claro;Dupla;Reta;Não;2;0;1;0;0;3;1;4;-16,47555256;-54,65344724;SPRF-MT;DEL02-MT;UOP01-DEL02-MT
606725;11/06/2024;terça-feira;11:30:00;GO;153;501;GOIANIA;Condutor deixou de manter distância do veículo da frente;Colisão traseira;Com Vítimas Feridas;Pleno dia;Crescente;Céu Claro;Dupla;Reta;Sim;3;0;0;1;1;1;1;3;-16,7189;-49,2382;SPRF-GO;DEL01-GO;UOP01-DEL01-GO
606728;11/06/2024;terça-feira;09:00:00;BA;116;577;BREJOES;Ausência de reação do condutor;Colisão traseira;Com Vítimas Feridas;Pleno dia;Decrescente;Chuva;Simples;Reta;Não;3;0;1;0;1;1;1;3;-13,06383977;-39,9576803;SPRF-BA;DEL03-BA;UOP02-DEL03-BA
606732;11/06/2024;terça-feira;04:50:00;MG;262;439;NOVA SERRANA;Fumaça;Colisão traseira;Com Vítimas Feridas;Amanhecer;Crescente;Nevoeiro/Neblina;Dupla;Reta;Não;3;0;3;0;0;0;3;3;-19,89197285;-44,88685183;SPRF-MG;DEL08-MG;UOP03-DEL08-MG
606733;11/06/2024;terça-feira;09:45:00;MG;381;845,1;SAO SEBASTIAO DA BELA VISTA;Reação tardia ou ineficiente do condutor;Atropelamento de Pedestre;Com Vítimas Fatais;Pleno dia;Crescente;Céu Claro;Dupla;Reta;Não;6;1;0;0;4;1;0;3;-22,23698876;-45,87928703;SPRF-MG;DEL16-MG;UOP01-DEL16-MG
606736;11/06/2024;terça-feira;12:12:00;MG;116;631,4;DIVINO;Acessar a via sem observar a presença dos outros veículos;Colisão transversal;Com Vítimas Fatais;Pleno dia;Crescente;Céu Claro;Simples;"Em Obras;Reta;Interseção de Vias";Sim;7;2;0;1;2;2;1;5;-20,60407527;-42,2101593;SPRF-MG;DEL07-MG;UOP02-DEL07-MG
606737;11/06/2024;terça-feira;08:10:00;MG;116;79;MEDINA;Suicídio (presumido);Atropelamento de Pedestre;Com Vítimas Feridas;Pleno dia;Crescente;Céu Claro;Simples;"Reta;Declive";Não;5;0;0;1;1;4;1;4;-16,27388596;-41,48212392;SPRF-MG;DEL11-MG;UOP02-DEL11-MG
606739;11/06/2024;terça-feira;11:00:00;PR;476;91;BOCAIUVA DO SUL;Velocidade Incompatível;Colisão lateral sentido oposto;Com Vítimas Feridas;Pleno dia;Crescente;Céu Claro;Simples;Curva;Não;3;0;1;0;1;2;1;4;-25,197294;-49,110645;SPRF-PR;DEL01-PR;UOP01-DEL01-PR
606740;11/06/2024;terça-feira;09:00:00;MG;262;423,1;IGARATINGA;Condutor Dormindo;Saída de leito carroçável;Com Vítimas Feridas;Pleno dia;Crescente;Céu Claro;Dupla;"Reta;Aclive";Não;2;0;1;0;0;1;1;2;-19,88411644;-44,73943306;SPRF-MG;DEL08-MG;UOP03-DEL08-MG
606741;11/06/2024;terça-feira;11:30:00;PR;476;212;LAPA;Ultrapassagem Indevida;Colisão frontal;Com Vítimas Feridas;Pleno dia;Crescente;Céu Claro;Simples;"Reta;Declive";Não;4;0;1;2;1;0;3;2;-25,780834;-49,866035;SPRF-PR;DEL01-PR;UOP06-DEL01-PR
606744;11/06/2024;terça-feira;09:00:00;SC;153;49;VARGEM BONITA;Condutor deixou de manter distância do veículo da frente;Colisão traseira;Com Vítimas Feridas;Pleno dia;Decrescente;Céu Claro;Simples;Reta;Não;5;0;2;0;2;1;2;3;-26,908381;-51,783154;SPRF-SC;DEL07-SC;UOP07-DEL07-SC
606745;11/06/2024;terça-feira;12:45:00;RS;101;22;TRES CACHOEIRAS;Acessar a via sem observar a presença dos outros veículos;Colisão lateral mesmo sentido;Com Vítimas Feridas;Pleno dia;Decrescente;Céu Claro;Dupla;Reta;Sim;3;0;1;0;1;1;1;3;-29,4398072;-49,90113887;SPRF-RS;DEL03-RS;UOP02-DEL03-RS
606749;11/06/2024;terça-feira;10:25:00;RO;425;84;NOVA MAMORE;Manobra de mudança de faixa;Colisão frontal;Com Vítimas Feridas;Pleno dia;Decrescente;Céu Claro;Simples;Reta;Sim;3;0;1;0;1;1;1;3;-10,273323;-65,293633;SPRF-RO;DEL01-RO;UOP03-DEL01-RO
606751;04/04/2024;quinta-feira;18:00:00;MG;381;169,8;GOVERNADOR VALADARES;Ausência de reação do condutor;Colisão traseira;Com Vítimas Feridas;Anoitecer;Decrescente;Céu Claro;Simples;Reta;Não;5;0;1;0;3;1;1;5;-18,96700208;-42,09033791;SPRF-MG;DEL06-MG;UOP01-DEL06-MG
606755;11/06/2024;terça-feira;13:42:00;SC;101;210,3;SAO JOSE;Ausência de reação do condutor;Colisão lateral mesmo sentido;Com Vítimas Feridas;Pleno dia;Decrescente;Céu Claro;Múltipla;Reta;Sim;3;0;1;0;1;1;1;3;-27,6167305;-48,6457265;SPRF-SC;DEL01-SC;UOP01-DEL01-SC
606759;06/05/2024;segunda-feira;09:20:00;ES;262;45,1;MARECHAL FLORIANO;Mal súbito do condutor;Colisão lateral mesmo sentido;Com Vítimas Feridas;Pleno dia;Crescente;Nublado;Simples;Reta;Sim;4;0;0;1;3;0;1;3;-20,40565705;-40,67280081;SPRF-ES;DEL01-ES;UOP01-DEL01-ES
606764;11/06/2024;terça-feira;12:03:00;RO;364;208,5;PIMENTA BUENO;Carga excessiva e/ou mal acondicionada;Colisão com objeto;Sem Vítimas;Pleno dia;Crescente;Céu Claro;Simples;Reta;Não;2;0;0;0;1;3;0;4;-11,59809433;-61,23748617;SPRF-RO;DEL02-RO;UOP02-DEL02-RO
606768;11/06/2024;terça-feira;14:10:00;RJ;493;22;MAGE;Condutor deixou de manter distância do veículo da frente;Colisão traseira;Com Vítimas Feridas;Pleno dia;Decrescente;Céu Claro;Simples;Reta;Não;8;0;3;0;4;1;3;3;-22,659311;-43,053303;SPRF-RJ;DEL04-RJ;UOP02-DEL04-RJ
606769;11/06/2024;terça-feira;15:30:00;GO;452;1;RIO VERDE;Ausência de reação do condutor;Colisão traseira;Com Vítimas Fatais;Pleno dia;Decrescente;Céu Claro;Dupla;Reta;Sim;3;1;0;0;1;1;0;3;-17,79126493;-50,89368296;SPRF-GO;DEL04-GO;UOP01-DEL04-GO
606770;11/06/2024;terça-feira;09:30:00;RJ;101;558;PARATY;Condutor deixou de manter distância do veículo da frente;Colisão traseira;Com Vítimas Feridas;Pleno dia;Crescente;Céu Claro;Simples;Reta;Sim;3;0;1;0;2;0;1;2;-23,09727792;-44,70328307;SPRF-RJ;DEL03-RJ;UOP04-DEL03-RJ
606771;11/06/2024;terça-feira;14:45:00;BA;415;56,7;ITABUNA;Demais falhas mecânicas ou elétricas;Colisão frontal;Com Vítimas Fatais;Pleno dia;Crescente;Céu Claro;Simples;Curva;Não;5;3;1;0;1;0;1;2;-14,81574494;-39,29612388;SPRF-BA;DEL05-BA;UOP01-DEL05-BA
606772;11/06/2024;terça-feira;11:30:00;BA;116;650,9;JEQUIE;Reação tardia ou ineficiente do condutor;Tombamento;Sem Vítimas;Pleno dia;Crescente;Chuva;Simples;"Curva;Declive";Não;2;0;0;0;1;1;0;2;-13,61074294;-40,09094936;SPRF-BA;DEL03-BA;UOP01-DEL03-BA