id;data_inversa;dia_semana;horario;uf;br;km;municipio;causa_acidente;tipo_acidente;classificacao_acidente;fase_dia;sentido_via;condicao_metereologica;tipo_pista;tracado_via;uso_solo;pessoas;mortos;feridos_leves;feridos_graves;ilesos;ignorados;feridos;veiculos;latitude;longitude;regional;delegacia;uop
607361;29/03/2024;sexta-feira;03:20:00;SC;101;138,6;BALNEARIO CAMBORIU;Ingestão de álcool pelo condutor;Colisão lateral mesmo sentido;Com Vítimas Feridas;Plena Noite;Crescente;Nublado;Múltipla;"Aclive;Reta";Sim;5;0;1;0;3;1;1;4;-27,02397426;-48,60761649;SPRF-SC;DEL04-SC;UOP03-DEL04-SC
607370;14/06/2024;sexta-feira;03:10:00;PR;158;388;LARANJEIRAS DO SUL;Demais falhas mecânicas ou elétricas;Incêndio;Sem Vítimas;Plena Noite;Decrescente;Céu Claro;Simples;Reta;Não;2;0;0;0;1;2;0;3;-25,26865926;-52,29073092;SPRF-PR;DEL04-PR;UOP02-DEL04-PR
607376;14/06/2024;sexta-feira;07:20:00;GO;60;115,1;TEREZOPOLIS DE GOIAS;Ausência de reação do condutor;Colisão traseira;Com Vítimas Feridas;Pleno dia;Decrescente;Céu Claro;Dupla;"Aclive;Reta";Não;3;0;0;1;1;3;1;5;-16,4691;-49,0705;SPRF-GO;DEL01-GO;UOP01-DEL01-GO
607383;14/06/2024;sexta-feira;05:00:00;MG;50;134;UBERABA;Reação tardia ou ineficiente do condutor;Colisão traseira;Com Vítimas Fatais;Plena Noite;Decrescente;Céu Claro;Dupla;"Aclive;Reta";Não;6;1;2;1;2;0;3;2;-19,42456131;-48,06956773;SPRF-MG;DEL13-MG;UOP01-DEL13-MG
607386;14/06/2024;sexta-feira;09:28:00;SP;116;49,9;LORENA;Condutor deixou de manter distância do veículo da frente;Colisão traseira;Com Vítimas Feridas;Pleno dia;Crescente;Céu Claro;Dupla;Reta;Sim;3;0;0;1;1;2;1;4;-22,73051614;-45,0765859;SPRF-SP;DEL08-SP;UOP02-DEL08-SP
607387;14/06/2024;sexta-feira;09:15:00;SC;101;130,3;BALNEARIO CAMBORIU;Manobra de mudança de faixa;Colisão lateral mesmo sentido;Com Vítimas Feridas;Pleno dia;Decrescente;Céu Claro;Dupla;Reta;Sim;4;0;1;0;2;1;1;3;-26,98407618;-48,66977107;SPRF-SC;DEL04-SC;UOP03-DEL04-SC
607388;14/06/2024;sexta-feira;09:30:00;MG;262;49,9;MANHUACU;Reação tardia ou ineficiente do condutor;Engavetamento;Com Vítimas Feridas;Pleno dia;Decrescente;Céu Claro;Simples;Reta;Não;5;0;1;0;4;0;1;4;-20,24782001;-42,12958192;SPRF-MG;DEL06-MG;UOP03-DEL06-MG
607392;14/06/2024;sexta-feira;05:00:00;PE;232;63,1;POMBOS;Reação tardia ou ineficiente do condutor;Colisão traseira;Com Vítimas Feridas;Amanhecer;Decrescente;Nublado;Dupla;"Curva;Declive";Não;4;0;0;1;2;1;1;4;-8,15842797;-35,43147902;SPRF-PE;DEL02-PE;UOP02-DEL02PE
607396;14/06/2024;sexta-feira;10:30:00;PR;476;148;ARAUCARIA;Ausência de reação do condutor;Colisão lateral mesmo sentido;Com Vítimas Feridas;Pleno dia;Crescente;Céu Claro;Dupla;Reta;Não;3;0;1;0;1;2;1;4;-25,557121;-49,348732;SPRF-PR;DEL01-PR;UOP06-DEL01-PR
607401;14/06/2024;sexta-feira;10:30:00;SC;101;206;SAO JOSE;Reação tardia ou ineficiente do condutor;Engavetamento;Sem Vítimas;Pleno dia;Crescente;Céu Claro;Múltipla;"Aclive;Reta";Sim;7;0;0;0;7;0;0;7;-27,59193546;-48,61824557;SPRF-SC;DEL01-SC;UOP01-DEL01-SC
607406;14/06/2024;sexta-feira;09:20:00;MS;163;726,7;COXIM;Acessar a via sem observar a presença dos outros veículos;Colisão transversal;Com Vítimas Feridas;Pleno dia;Decrescente;Céu Claro;Simples;"Interseção de Vias;Reta;Retorno Regulamentado";Sim;4;0;3;0;0;3;3;5;-18,54433098;-54,74667804;SPRF-MS;DEL06-MS;UOP01-DEL06-MS
607409;14/06/2024;sexta-feira;11:40:00;PR;376;635;SAO JOSE DOS PINHAIS;Manobra de mudança de faixa;Colisão traseira;Com Vítimas Feridas;Pleno dia;Decrescente;Céu Claro;Múltipla;"Reta;Declive";Não;3;0;1;0;2;0;1;2;-25,73890105;-49,13059434;SPRF-PR;DEL01-PR;UOP04-DEL01-PR
607415;14/06/2024;sexta-feira;10:24:00;MS;163;147;NAVIRAI;Demais falhas mecânicas ou elétricas;Incêndio;Sem Vítimas;Pleno dia;Decrescente;Céu Claro;Simples;Reta;Não;1;0;0;0;1;0;0;1;-22,98219089;-54,40832789;SPRF-MS;DEL09-MS;UOP01-DEL09-MS
607420;14/06/2024;sexta-feira;13:05:00;RJ;101;442;MANGARATIBA;Acessar a via sem observar a presença dos outros veículos;Colisão transversal;Com Vítimas Feridas;Pleno dia;Crescente;Céu Claro;Simples;Reta;Não;4;0;2;0;2;0;2;3;-22,973969;-44,087093;SPRF-RJ;DEL03-RJ;UOP02-DEL03-RJ
607421;07/06/2024;sexta-feira;06:30:00;RO;364;691;CANDEIAS DO JAMARI;Reação tardia ou ineficiente do condutor;Tombamento;Com Vítimas Feridas;Pleno dia;Decrescente;Chuva;Dupla;Curva;Não;2;0;1;0;0;3;1;4;-8,7961943;-63,68738597;SPRF-RO;DEL01-RO;UOP01-DEL01-RO
607424;14/06/2024;sexta-feira;13:30:00;PE;101;66;RECIFE;Trafegar com motocicleta (ou similar) entre as faixas;Colisão traseira;Com Vítimas Feridas;Pleno dia;Crescente;Chuva;Dupla;Reta;Sim;3;0;1;0;1;1;1;3;-8,03368534;-34,94184125;SPRF-PE;DEL01-PE;UOP01-DEL01-PE
607426;14/06/2024;sexta-feira;14:18:00;ES;259;74;COLATINA;Transitar na contramão;Colisão frontal;Com Vítimas Fatais;Pleno dia;Decrescente;Céu Claro;Simples;"Aclive;Reta";Não;2;1;0;0;1;0;0;2;-19,51659084;-40,78438622;SPRF-ES;DEL02-ES;UOP01-DEL02-ES
607438;14/06/2024;sexta-feira;09:00:00;BA;116;603;IRAJUBA;Condutor Dormindo;Saída de leito carroçável;Com Vítimas Feridas;Pleno dia;Decrescente;Nublado;Simples;"Reta;Aclive";Não;2;0;1;0;0;1;1;2;-13,22540422;-40,01948918;SPRF-BA;DEL03-BA;UOP02-DEL03-BA
607447;14/06/2024;sexta-feira;15:40:00;MG;381;672;PERDOES;Manobra de mudança de faixa;Colisão traseira;Com Vítimas Feridas;Pleno dia;Crescente;Céu Claro;Dupla;"Retorno Regulamentado;Declive;Curva";Não;6;0;3;1;1;1;4;3;-21,0939261;-45,07727193;SPRF-MG;DEL04-MG;UOP02-DEL04-MG
607450;14/01/2024;domingo;16:00:00;MG;40;455,2;CAETANOPOLIS;Chuva;Colisão com objeto;Sem Vítimas;Pleno dia;Decrescente;Chuva;Dupla;"Curva;Declive";Não;1;0;0;0;1;0;0;1;-19,35805678;-44,34637785;SPRF-MG;DEL02-MG;UOP01-DEL02-MG
607451;14/06/2024;sexta-feira;14:40:00;SC;101;47,8;JOINVILLE;Condutor deixou de manter distância do veículo da frente;Colisão com objeto;Sem Vítimas;Pleno dia;Crescente;Céu Claro;Dupla;Aclive;Não;1;0;0;0;1;0;0;1;-26,34234997;-48,85840089;SPRF-SC;DEL03-SC;UOP01-DEL03-SC
607453;14/06/2024;sexta-feira;16:00:00;MG;40;514;RIBEIRAO DAS NEVES;Ausência de reação do condutor;Colisão traseira;Com Vítimas Feridas;Pleno dia;Decrescente;Céu Claro;Dupla;Reta;Não;3;0;1;0;1;1;1;3;-19,80151928;-44,10000333;SPRF-MG;DEL01-MG;UOP02-DEL01-MG
607455;14/06/2024;sexta-feira;15:30:00;MG;381;485;BETIM;Ausência de reação do condutor;Engavetamento;Com Vítimas Feridas;Pleno dia;Decrescente;Céu Claro;Dupla;Reta;Sim;4;0;1;0;3;0;1;4;-19,95644414;-44,13611598;SPRF-MG;DEL01-MG;UOP03-DEL01-MG
607458;14/06/2024;sexta-feira;13:48:00;RJ;116;215;SEROPEDICA;Entrada inopinada do pedestre;Atropelamento de Pedestre;Com Vítimas Feridas;Pleno dia;Crescente;Céu Claro;Dupla;Reta;Não;4;0;0;1;2;1;1;3;-22,71145119;-43,73551849;SPRF-RJ;DEL06-RJ;UOP02-DEL06-RJ
607464;14/06/2024;sexta-feira;17:30:00;ES;101;283;CARIACICA;Condutor deixou de manter distância do veículo da frente;Colisão traseira;Com Vítimas Feridas;Anoitecer;Decrescente;Céu Claro;Múltipla;Reta;Sim;3;0;1;0;1;1;1;3;-20,23438373;-40,3693577;SPRF-ES;DEL01-ES;UOP01-DEL01-ES
607465;14/06/2024;sexta-feira;16:20:00;SC;470;59,9;BLUMENAU;Ausência de reação do condutor;Colisão traseira;Com Vítimas Feridas;Pleno dia;Decrescente;Céu Claro;Simples;Reta;Sim;5;0;1;1;2;1;2;4;-26,882812;-49,1548;SPRF-SC;DEL04-SC;UOP01-DEL04-SC
607467;14/06/2024;sexta-feira;16:20:00;BA;242;422;SEABRA;Manobra de mudança de faixa;Colisão frontal;Com Vítimas Feridas;Pleno dia;Crescente;Céu Claro;Simples;Reta;Não;3;0;1;0;1;1;1;3;-12,42107802;-41,83842802;SPRF-BA;DEL06-BA;UOP01-DEL06-BA
607470;14/06/2024;sexta-feira;16:20:00;MG;365;610;UBERLANDIA;Condutor deixou de manter distância do veículo da frente;Colisão traseira;Sem Vítimas;Pleno dia;Decrescente;Céu Claro;Dupla;Reta;Sim;3;0;0;0;2;1;0;2;-18,92793854;-48,19198317;SPRF-MG;DEL15-MG;UOP01-DEL15-MG
607478;14/06/2024;sexta-feira;18:09:00;SP;116;279,9;EMBU DAS ARTES;Ausência de reação do condutor;Colisão traseira;Com Vítimas Feridas;Plena Noite;Crescente;Céu Claro;Dupla;Reta;Não;3;0;1;0;2;0;1;3;-23,66233697;-46,85292907;SPRF-SP;DEL04-SP;UOP01-DEL04-SP
607481;14/06/2024;sexta-feira;11:30:00;BA;101;105;ALAGOINHAS;Reação tardia ou ineficiente do condutor;Colisão transversal;Sem Vítimas;Pleno dia;Decrescente;Céu Claro;Simples;Reta;Não;3;0;0;0;2;1;0;3;-12,15963868;-38,41162324;SPRF-BA;DEL01-BA;UOP04-DEL01-BA
607488;14/06/2024;sexta-feira;16:20:00;AL;104;63,2;MURICI;Ingestão de álcool pelo condutor;Saída de leito carroçável;Com Vítimas Feridas;Pleno dia;Crescente;Chuva;Simples;Curva;Não;2;0;2;0;0;0;2;1;-9,331681;-35,913181;SPRF-AL;DEL01-AL;UOP02-DEL01-AL
607492;14/06/2024;sexta-feira;17:45:00;SP;116;284;ITAPECERICA DA SERRA;Demais falhas mecânicas ou elétricas;Queda de ocupante de veículo;Com Vítimas Feridas;Anoitecer;Crescente;Céu Claro;Dupla;Reta;Não;4;0;2;0;1;1;2;3;-23,69998;-46,867767;SPRF-SP;DEL04-SP;UOP01-DEL04-SP
607499;14/06/2024;sexta-feira;19:20:00;RS;392;352;SANTA MARIA;Ingestão de álcool pelo condutor;Colisão traseira;Sem Vítimas;Plena Noite;Crescente;Céu Claro;Dupla;Reta;Sim;2;0;0;0;2;0;0;2;-29,720404;-53,807632;SPRF-RS;DEL09-RS;UOP01-DEL09-RS
607505;14/06/2024;sexta-feira;15:45:00;MG;365;182;BURITIZEIRO;Ausência de reação do condutor;Saída de leito carroçável;Com Vítimas Feridas;Pleno dia;Decrescente;Céu Claro;Simples;Reta;Não;1;0;1;0;0;0;1;1;-17,41676095;-45,10405231;SPRF-MG;DEL10-MG;UOP02-DEL010-MG
607510;14/06/2024;sexta-feira;15:28:00;MA;135;306;DOM PEDRO;Transitar na contramão;Colisão frontal;Com Vítimas Fatais;Pleno dia;Crescente;Céu Claro;Simples;Reta;Sim;5;1;2;0;2;0;2;2;-5,01001607;-44,43273975;SPRF-MA;DEL06-MA;UOP01-DEL06-MA
607515;14/06/2024;sexta-feira;18:12:00;CE;222;140;IRAUCUBA;Pista esburacada;Saída de leito carroçável;Com Vítimas Feridas;Plena Noite;Crescente;Garoa/Chuvisco;Simples;Reta;Não;2;0;0;1;0;1;1;2;-3,74922845;-39,70828968;SPRF-CE;DEL04-CE;UOP03-DEL04-CE
607516;14/06/2024;sexta-feira;19:11:00;PE;232;271;SERTANIA;Demais falhas mecânicas ou elétricas;Saída de leito carroçável;Com Vítimas Feridas;Plena Noite;Crescente;Garoa/Chuvisco;Simples;"Reta;Declive";Não;1;0;1;0;0;0;1;1;-8,39671683;-37,22547891;SPRF-PE;DEL04-PE;UOP02-DEL04-PE
607519;14/06/2024;sexta-feira;19:40:00;RN;304;148,4;ANGICOS;Transitar na contramão;Colisão frontal;Com Vítimas Fatais;Plena Noite;Decrescente;Céu Claro;Simples;"Reta;Interseção de Vias";Não;2;1;0;0;1;0;0;2;-5,67816135;-36,61037011;SPRF-RN;DEL04-RN;UOP01-DEL04-RN
607520;14/06/2024;sexta-feira;20:43:00;ES;259;34,7;COLATINA;Ausência de reação do condutor;Colisão lateral sentido oposto;Com Vítimas Feridas;Plena Noite;Crescente;Céu Claro;Simples;Curva;Não;7;0;4;1;1;1;5;5;-19,56368925;-40,49945574;SPRF-ES;DEL02-ES;UOP01-DEL02-ES
607521;14/06/2024;sexta-feira;15:30:00;GO;364;234;JATAI;Problema com o freio;Incêndio;Sem Vítimas;Pleno dia;Decrescente;Céu Claro;Simples;Reta;Não;2;0;0;0;1;2;0;3;-17,809187;-52,036716;SPRF-GO;DEL05-GO;UOP01-DEL05-GO
607526;14/06/2024;sexta-feira;20:42:00;GO;153;357;JARAGUA;Desrespeitar a preferência no cruzamento;Colisão transversal;Com Vítimas Feridas;Plena Noite;Decrescente;Céu Claro;Dupla;"Reta;Interseção de Vias";Sim;3;0;0;2;1;0;2;2;-15,725415;-49,327385;SPRF-GO;DEL02-GO;UOP02-DEL02-GO
607527;14/06/2024;sexta-feira;18:00:00;MG;262;447;NOVA SERRANA;Acesso irregular;Atropelamento de Pedestre;Com Vítimas Feridas;Plena Noite;Crescente;Céu Claro;Simples;Reta;Sim;3;0;0;1;1;2;1;4;-19,87341662;-44,96007194;SPRF-MG;DEL08-MG;UOP03-DEL08-MG
607529;14/06/2024;sexta-feira;20:35:00;ES;101;408;ITAPEMIRIM;Velocidade Incompatível;Tombamento;Com Vítimas Feridas;Plena Noite;Crescente;Céu Claro;Simples;Curva;Não;2;0;0;1;0;1;1;2;-20,88992827;-41,03814125;SPRF-ES;DEL03-ES;UOP02-DEL03-ES
607531;14/06/2024;sexta-feira;20:30:00;BA;242;407;SEABRA;Ultrapassagem Indevida;Colisão traseira;Com Vítimas Feridas;Plena Noite;Crescente;Céu Claro;Simples;Reta;Não;3;0;0;1;1;2;1;4;-12,47696407;-41,74012319;SPRF-BA;DEL06-BA;UOP01-DEL06-BA
607533;14/06/2024;sexta-feira;20:15:00;PR;373;212,2;IMBITUVA;Transitar na contramão;Colisão frontal;Com Vítimas Fatais;Plena Noite;Crescente;Nublado;Simples;"Declive;Reta";Não;3;1;0;0;1;2;0;4;-25,15194511;-50,50194549;SPRF-PR;DEL03-PR;UOP01-DEL03-PR
607534;14/06/2024;sexta-feira;21:50:00;MG;356;272,3;MURIAE;Velocidade Incompatível;Tombamento;Com Vítimas Feridas;Plena Noite;Crescente;Céu Claro;Simples;"Curva;Declive";Não;2;0;1;0;0;1;1;2;-21,13877737;-42,30683684;SPRF-MG;DEL07-MG;UOP02-DEL07-MG
607542;14/06/2024;sexta-feira;22:50:00;PR;476;192;LAPA;Ausência de reação do condutor;Tombamento;Com Vítimas Feridas;Plena Noite;Decrescente;Céu Claro;Dupla;Reta;Não;3;0;2;0;0;2;2;3;-25,7293;-49,701283;SPRF-PR;DEL01-PR;UOP06-DEL01-PR
607544;14/06/2024;sexta-feira;15:20:00;MT;70;720;CACERES;Ultrapassagem Indevida;Colisão frontal;Com Vítimas Fatais;Pleno dia;Decrescente;Céu Claro;Simples;Reta;Não;4;1;2;0;0;1;2;4;-16,20833594;-57,57476078;SPRF-MT;DEL03-MT;UOP01-DEL03-MT
607551;15/06/2024;sábado;00:05:00;ES;101;8;PEDRO CANARIO;Condutor Dormindo;Saída de leito carroçável;Sem Vítimas;Plena Noite;Decrescente;Céu Claro;Simples;Reta;Não;1;0;0;0;1;0;0;1;-18,23027961;-39,95278417;SPRF-ES;DEL04-ES;UOP02-DEL04-ES
607554;14/06/2024;sexta-feira;17:00:00;MG;381;212,6;NAQUE;Ultrapassagem Indevida;Colisão frontal;Com Vítimas Feridas;Pleno dia;Crescente;Céu Claro;Simples;Reta;Não;4;0;0;1;2;1;1;4;-19,2194934;-42,30962818;SPRF-MG;DEL06-MG;UOP01-DEL06-MG
607556;15/06/2024;sábado;00:59:00;SP;116;310;SAO LOURENCO DA SERRA;Ausência de reação do condutor;Colisão traseira;Com Vítimas Feridas;Plena Noite;Decrescente;Céu Claro;Dupla;Reta;Não;2;0;1;0;0;1;1;2;-23,8717102;-46,96137189;SPRF-SP;DEL04-SP;UOP01-DEL04-SP
607559;14/06/2024;sexta-feira;22:30:00;MG;381;158,7;GOVERNADOR VALADARES;Ausência de reação do condutor;Colisão lateral mesmo sentido;Com Vítimas Feridas;Plena Noite;Crescente;Céu Claro;Simples;"Aclive;Reta";Não;3;0;0;1;1;1;1;3;-18,91795246;-42,01337465;SPRF-MG;DEL06-MG;UOP01-DEL06-MG
607564;15/06/2024;sábado;00:45:00;SC;116;218,7;CORREIA PINTO;Transitar na contramão;Colisão lateral sentido oposto;Com Vítimas Feridas;Plena Noite;Decrescente;Céu Claro;Simples;Reta;Não;5;0;1;1;2;2;2;5;-27,56247698;-50,37616896;SPRF-SC;DEL05-SC;UOP03-DEL05-SC
607567;15/06/2024;sábado;01:00:00;SC;101;145,3;ITAPEMA;Reação tardia ou ineficiente do condutor;Colisão traseira;Com Vítimas Fatais;Plena Noite;Decrescente;Céu Claro;Dupla;"Aclive;Reta";Sim;3;1;0;0;1;1;0;3;-27,08139206;-48,60130993;SPRF-SC;DEL04-SC;UOP03-DEL04-SC
607570;15/06/2024;sábado;01:05:00;ES;101;269,3;SERRA;Desrespeitar a preferência no cruzamento;Colisão transversal;Com Vítimas Feridas;Plena Noite;Decrescente;Nublado;Múltipla;"Interseção de Vias;Reta";Sim;3;0;0;1;1;1;1;3;-20,21740496;-40,26990578;SPRF-ES;DEL02-ES;UOP01-DEL02-ES
607577;15/06/2024;sábado;01:30:00;SC;470;194,2;POUSO REDONDO;Condutor Dormindo;Saída de leito carroçável;Com Vítimas Feridas;Plena Noite;Crescente;Nevoeiro/Neblina;Simples;"Curva;Aclive";Não;2;0;0;1;0;1;1;2;-27,300501;-50,080284;SPRF-SC;DEL04-SC;UOP02-DEL04-SC
607584;14/06/2024;sexta-feira;13:00:00;RN;101;84,9;SAO GONCALO DO AMARANTE;Transitar no Acostamento;Colisão lateral mesmo sentido;Sem Vítimas;Pleno dia;Crescente;Céu Claro;Múltipla;Reta;Não;2;0;0;0;2;0;0;2;-5,774175;-35,2578;SPRF-RN;DEL02-RN;UOP01-DEL02-RN
607587;15/06/2024;sábado;05:30:00;MG;40;513;RIBEIRAO DAS NEVES;Ingestão de álcool pelo condutor;Colisão traseira;Sem Vítimas;Amanhecer;Crescente;Céu Claro;Dupla;"Declive;Reta";Sim;4;0;0;0;3;1;0;3;-19,7970544;-44,1080512;SPRF-MG;DEL01-MG;UOP02-DEL01-MG
607590;15/06/2024;sábado;05:04:00;SP;116;173;JACAREI;Ausência de reação do condutor;Tombamento;Com Vítimas Feridas;Anoitecer;Decrescente;Céu Claro;Dupla;Reta;Não;2;0;1;0;0;1;1;2;-23,31710055;-46,08178719;SPRF-SP;DEL02-SP;UOP01-DEL02-SP
607597;15/06/2024;sábado;06:46:00;PR;153;39,9;SANTO ANTONIO DA PLATINA;Condutor Dormindo;Colisão lateral sentido oposto;Com Vítimas Feridas;Amanhecer;Crescente;Céu Claro;Simples;Reta;Não;3;0;1;0;1;1;1;3;-23,28141767;-50,05595326;SPRF-PR;DEL07-PR;UOP04-DEL07-PR
607598;14/06/2024;sexta-feira;23:45:00;MG;50;206;DELTA;Condutor Dormindo;Colisão traseira;Com Vítimas Fatais;Plena Noite;Crescente;Céu Claro;Dupla;"Em Obras;Ponte;Reta";Não;3;1;0;0;1;1;0;3;-19,92627147;-47,82191068;SPRF-MG;DEL13-MG;UOP01-DEL13-MG
607599;14/06/2024;sexta-feira;23:30:00;MG;50;177;UBERABA;Demais falhas mecânicas ou elétricas;Incêndio;Sem Vítimas;Plena Noite;Decrescente;Céu Claro;Dupla;"Reta;Ponte";Não;2;0;0;0;2;0;0;1;-19,77914852;-47,95047701;SPRF-MG;DEL13-MG;UOP01-DEL13-MG
607600;15/06/2024;sábado;06:15:00;AL;101;124,3;SAO MIGUEL DOS CAMPOS;Ingestão de álcool pelo condutor;Colisão frontal;Com Vítimas Fatais;Amanhecer;Crescente;Nublado;Dupla;Curva;Não;3;1;0;0;1;1;0;3;-9,71109695;-36,04180208;SPRF-AL;DEL02-AL;UOP01-DEL02-AL
607601;15/06/2024;sábado;07:05:00;MG;40;628,9;CONSELHEIRO LAFAIETE;Retorno proibido;Colisão transversal;Com Vítimas Feridas;Pleno dia;Decrescente;Céu Claro;Simples;Reta;Sim;3;0;1;0;1;1;1;3;-20,64410984;-43,81128176;SPRF-MG;DEL05-MG;UOP02-DEL05-MG
607607;15/06/2024;sábado;06:50:00;MS;163;729,5;COXIM;Suicídio (presumido);Colisão frontal;Com Vítimas Fatais;Pleno dia;Crescente;Céu Claro;Simples;"Reta;Declive";Sim;3;1;0;0;1;1;0;3;-18,5185741;-54,73823162;SPRF-MS;DEL06-MS;UOP01-DEL06-MS
607610;29/05/2024;quarta-feira;07:30:00;MG;381;188,6;PERIQUITO;Ausência de sinalização;Engavetamento;Com Vítimas Feridas;Pleno dia;Crescente;Céu Claro;Simples;"Em Obras;Curva";Não;6;0;0;1;3;2;1;6;-19,06693456;-42,16495514;SPRF-MG;DEL06-MG;UOP01-DEL06-MG
607615;15/06/2024;sábado;06:00:00;MT;364;617,5;DIAMANTINO;Ultrapassagem Indevida;Saída de leito carroçável;Com Vítimas Feridas;Amanhecer;Decrescente;Céu Claro;Simples;"Reta;Aclive";Não;2;0;0;1;0;1;1;2;-14,39526434;-56,34747887;SPRF-MT;DEL01-MT;UOP01-DEL01-MT
607620;15/06/2024;sábado;07:30:00;PR;376;440;TIBAGI;Velocidade Incompatível;Tombamento;Sem Vítimas;Pleno dia;Crescente;Céu Claro;Dupla;"Curva;Aclive";Não;2;0;0;0;1;2;0;3;-24,85877828;-50,45246312;SPRF-PR;DEL03-PR;UOP02-DEL03-PR
607629;15/06/2024;sábado;06:00:00;RS;116;504;PELOTAS;Manobra de mudança de faixa;Saída de leito carroçável;Sem Vítimas;Pleno dia;Crescente;Chuva;Simples;Reta;Não;1;0;0;0;1;0;0;1;-31,58165781;-52,27291518;SPRF-RS;DEL07-RS;UOP01-DEL07-RS
607633;15/06/2024;sábado;10:16:00;PR;376;632,3;SAO JOSE DOS PINHAIS;Pedestre cruzava a pista fora da faixa;Atropelamento de Pedestre;Com Vítimas Fatais;Pleno dia;Decrescente;Céu Claro;Dupla;Reta;Não;4;1;0;0;3;0;0;2;-25,722657;-49,136148;SPRF-PR;DEL01-PR;UOP04-DEL01-PR
607638;15/06/2024;sábado;10:25:00;SC;101;206,9;SAO JOSE;Condutor deixou de manter distância do veículo da frente;Colisão traseira;Com Vítimas Feridas;Pleno dia;Crescente;Céu Claro;Múltipla;Reta;Sim;8;0;4;0;3;1;4;6;-27,59193546;-48,61824557;SPRF-SC;DEL01-SC;UOP01-DEL01-SC
607639;15/06/2024;sábado;10:55:00;RS;101;86;OSORIO;Reação tardia ou ineficiente do condutor;Tombamento;Com Vítimas Feridas;Pleno dia;Decrescente;Nublado;Dupla;Reta;Sim;3;0;2;0;0;1;2;2;-29,86832721;-50,2517237;SPRF-RS;DEL03-RS;UOP01-DEL03-RS
607641;15/06/2024;sábado;11:00:00;SP;116;189;SANTA ISABEL;Pedestre andava na pista;Atropelamento de Pedestre;Com Vítimas Fatais;Pleno dia;Crescente;Céu Claro;Dupla;Reta;Não;3;1;0;0;1;1;0;3;-23,36435234;-46,22488684;SPRF-SP;DEL01-SP;UOP01-DEL01-SP
607644;15/06/2024;sábado;10:51:00;SC;163;69;SAO MIGUEL DO OESTE;Desrespeitar a preferência no cruzamento;Colisão transversal;Com Vítimas Feridas;Pleno dia;Decrescente;Céu Claro;Dupla;Interseção de Vias;Sim;3;0;1;0;1;1;1;3;-26,74369417;-53,50131512;SPRF-SC;DEL07-SC;UOP03-DEL07-SC
607662;06/06/2024;quinta-feira;16:10:00;PR;376;270,7;MARILANDIA DO SUL;Velocidade Incompatível;Colisão traseira;Com Vítimas Feridas;Pleno dia;Crescente;Sol;Dupla;Reta;Não;3;0;1;0;1;1;1;3;-23,74039225;-51,27598286;SPRF-PR;DEL07-PR;UOP02-DEL07-PR
607664;15/06/2024;sábado;10:45:00;PR;158;349;PALMITAL;Demais falhas mecânicas ou elétricas;Saída de leito carroçável;Com Vítimas Feridas;Pleno dia;Crescente;Nublado;Simples;"Curva;Declive";Não;1;0;1;0;0;0;1;1;-24,98184262;-52,29803484;SPRF-PR;DEL04-PR;UOP02-DEL04-PR
607666;15/06/2024;sábado;12:50:00;PR;277;53,4;SAO JOSE DOS PINHAIS;Demais falhas mecânicas ou elétricas;Incêndio;Sem Vítimas;Pleno dia;Crescente;Sol;Dupla;"Curva;Aclive";Não;2;0;0;0;1;2;0;3;-25,57634664;-48,97419691;SPRF-PR;DEL01-PR;UOP01-DEL01-PR
607667;15/06/2024;sábado;13:30:00;PR;476;156;ARAUCARIA;Condutor deixou de manter distância do veículo da frente;Colisão traseira;Com Vítimas Feridas;Pleno dia;Crescente;Céu Claro;Dupla;Reta;Sim;2;0;1;0;1;0;1;2;-25,599157;-49,417736;SPRF-PR;DEL01-PR;UOP06-DEL01-PR
607670;15/06/2024;sábado;14:50:00;MG;40;463;SETE LAGOAS;Velocidade Incompatível;Colisão traseira;Com Vítimas Feridas;Pleno dia;Decrescente;Céu Claro;Dupla;Reta;Não;4;0;1;0;2;2;1;5;-19,4065509;-44,33367766;SPRF-MG;DEL02-MG;UOP01-DEL02-MG
607674;15/06/2024;sábado;14:40:00;RS;116;38,5;VACARIA;Reação tardia ou ineficiente do condutor;Colisão lateral mesmo sentido;Sem Vítimas;Pleno dia;Crescente;Chuva;Simples;Reta;Sim;2;0;0;0;1;1;0;2;-28,50935201;-50,92969894;SPRF-RS;DEL05-RS;UOP03-DEL05-RS
607679;15/06/2024;sábado;11:15:00;RO;364;518;ARIQUEMES;Reação tardia ou ineficiente do condutor;Tombamento;Com Vítimas Feridas;Pleno dia;Crescente;Sol;Simples;"Curva;Rotatória";Não;3;0;2;0;0;1;2;2;-9,88836355;-63,05666327;SPRF-RO;DEL03-RO;UOP01-DEL03-RO
607682;03/05/2024;sexta-feira;03:15:00;PB;101;15,6;MAMANGUAPE;Demais falhas mecânicas ou elétricas;Incêndio;Sem Vítimas;Plena Noite;Decrescente;Céu Claro;Dupla;"Aclive;Curva";Não;2;0;0;0;1;2;0;3;-6,62207781;-35,13047486;SPRF-PB;DEL01-PB;UOP04-DEL01-PB
607688;15/06/2024;sábado;12:05:00;SC;101;87,4;BARRA VELHA;Reação tardia ou ineficiente do condutor;Colisão lateral mesmo sentido;Com Vítimas Feridas;Pleno dia;Decrescente;Céu Claro;Dupla;Reta;Sim;3;0;1;1;0;1;2;2;-26,63529888;-48,69881988;SPRF-SC;DEL03-SC;UOP02-DEL03-SC
607691;15/06/2024;sábado;10:00:00;RO;364;146,3;PIMENTA BUENO;Transitar na contramão;Colisão frontal;Com Vítimas Feridas;Pleno dia;Decrescente;Céu Claro;Simples;"Reta;Em Obras;Aclive";Não;6;0;2;2;0;3;4;5;-12,01036994;-60,900442;SPRF-RO;DEL02-RO;UOP02-DEL02-RO