id;data_inversa;dia_semana;horario;uf;br;km;municipio;causa_acidente;tipo_acidente;classificacao_acidente;fase_dia;sentido_via;condicao_metereologica;tipo_pista;tracado_via;uso_solo;pessoas;mortos;feridos_leves;feridos_graves;ilesos;ignorados;feridos;veiculos;latitude;longitude;regional;delegacia;uop
608161;17/06/2024;segunda-feira;12:40:00;PR;277;598,9;CASCAVEL;Reação tardia ou ineficiente do condutor;Tombamento;Com Vítimas Fatais;Pleno dia;Decrescente;Nublado;Dupla;Reta;Não;3;1;0;0;1;1;0;3;-25,00631297;-53,52801198;SPRF-PR;DEL04-PR;UOP01-DEL04-PR
608165;25/05/2024;sábado;17:00:00;MG;381;584;CARMOPOLIS DE MINAS;Carga excessiva e/ou mal acondicionada;Colisão lateral mesmo sentido;Sem Vítimas;Pleno dia;Decrescente;Céu Claro;Dupla;Curva;Não;3;0;0;0;2;1;0;3;-20,52949002;-44,63874994;SPRF-MG;DEL04-MG;UOP01-DEL04-MG
608167;17/06/2024;segunda-feira;13:35:00;RJ;101;306;SAO GONCALO;Demais falhas mecânicas ou elétricas;Engavetamento;Sem Vítimas;Pleno dia;Crescente;Céu Claro;Dupla;Reta;Não;5;0;0;0;5;0;0;5;-22,78913759;-43,00550909;SPRF-RJ;DEL02-RJ;UOP02-DEL02-RJ
608168;17/06/2024;segunda-feira;07:00:00;PI;230;193,3;OEIRAS;Ultrapassagem Indevida;Colisão lateral sentido oposto;Com Vítimas Feridas;Pleno dia;Crescente;Céu Claro;Simples;"Reta;Declive";Não;3;0;0;1;1;1;1;3;-6,99024993;-42,09712204;SPRF-PI;DEL04-PI;UOP01-DEL04-PI
608169;17/06/2024;segunda-feira;13:30:00;MG;381;908,7;CAMBUI;Reação tardia ou ineficiente do condutor;Colisão lateral mesmo sentido;Com Vítimas Feridas;Pleno dia;Crescente;Céu Claro;Dupla;"Reta;Declive";Não;3;0;1;0;1;1;1;2;-22,71744092;-46,12652111;SPRF-MG;DEL16-MG;UOP03-DEL16-MG
608174;17/06/2024;segunda-feira;15:50:00;PB;230;156,8;CAMPINA GRANDE;Ultrapassagem Indevida;Colisão lateral mesmo sentido;Com Vítimas Feridas;Pleno dia;Decrescente;Nublado;Dupla;Reta;Não;2;0;0;1;1;0;1;2;-7,2693;-35,9138;SPRF-PB;DEL02-PB;UOP01-DEL02-PB
608176;17/06/2024;segunda-feira;14:30:00;RS;470;256;SALVADOR DO SUL;Ausência de reação do condutor;Tombamento;Sem Vítimas;Pleno dia;Decrescente;Nevoeiro/Neblina;Simples;Curva;Não;1;0;0;0;1;0;0;1;-29,42219027;-51,52057555;SPRF-RS;DEL06-RS;UOP01-DEL06-RS
608177;18/05/2024;sábado;14:20:00;SC;282;393;JOACABA;Ingestão de álcool pelo condutor;Colisão lateral mesmo sentido;Com Vítimas Feridas;Pleno dia;Decrescente;Garoa/Chuvisco;Simples;"Curva;Aclive";Não;6;0;1;0;5;0;1;2;-27,160221;-51,573895;SPRF-SC;DEL07-SC;UOP05-DEL07-SC
608183;17/06/2024;segunda-feira;16:20:00;RS;386;348,5;LAJEADO;Acessar a via sem observar a presença dos outros veículos;Colisão lateral mesmo sentido;Sem Vítimas;Pleno dia;Crescente;Nublado;Dupla;Reta;Sim;3;0;0;0;2;1;0;3;-29,46074343;-51,95608009;SPRF-RS;DEL04-RS;UOP01-DEL04-RS
608184;17/06/2024;segunda-feira;15:40:00;MG;262;548;LUZ;Condutor deixou de manter distância do veículo da frente;Colisão traseira;Sem Vítimas;Pleno dia;Crescente;Céu Claro;Simples;"Curva;Em Obras";Não;4;0;0;0;3;1;0;3;-19,73163489;-45,8631039;SPRF-MG;DEL08-MG;UOP02-DEL08-MG
608186;17/06/2024;segunda-feira;15:55:00;PR;369;77,9;SANTA MARIANA;Mal súbito do condutor;Colisão frontal;Com Vítimas Feridas;Pleno dia;Crescente;Céu Claro;Simples;Reta;Não;2;0;0;1;1;0;1;2;-23,14584189;-50,56956053;SPRF-PR;DEL07-PR;UOP05-DEL07-PR
608193;17/06/2024;segunda-feira;17:10:00;GO;40;5,9;VALPARAISO DE GOIAS;Reação tardia ou ineficiente do condutor;Colisão traseira;Com Vítimas Feridas;Pleno dia;Crescente;Céu Claro;Dupla;"Reta;Declive";Não;2;0;0;1;1;0;1;2;-16,093134;-47,982236;SPRF-DF;DEL01-DF;UOP01-DEL01-DF
608195;17/06/2024;segunda-feira;15:50:00;TO;153;724;FIGUEIROPOLIS;Condutor deixou de manter distância do veículo da frente;Colisão traseira;Com Vítimas Feridas;Pleno dia;Decrescente;Céu Claro;Simples;Reta;Não;4;0;1;0;2;2;1;4;-12,15456392;-49,16381675;SPRF-TO;DEL01-TO;UOP02-DEL01-TO
608201;17/06/2024;segunda-feira;16:12:00;PR;376;672,4;GUARATUBA;Velocidade Incompatível;Colisão traseira;Com Vítimas Feridas;Pleno dia;Crescente;Céu Claro;Dupla;"Reta;Declive";Não;4;0;1;1;1;2;2;5;-25,89358488;-48,93146782;SPRF-PR;DEL01-PR;UOP04-DEL01-PR
608213;17/06/2024;segunda-feira;16:30:00;MG;40;705;BARBACENA;Reação tardia ou ineficiente do condutor;Colisão lateral mesmo sentido;Com Vítimas Feridas;Pleno dia;Crescente;Céu Claro;Dupla;Reta;Não;2;0;0;1;1;0;1;2;-21,20817;-43,74966601;SPRF-MG;DEL05-MG;UOP02-DEL05-MG
608214;17/06/2024;segunda-feira;18:00:00;RS;470;222;GARIBALDI;Acessar a via sem observar a presença dos outros veículos;Saída de leito carroçável;Com Vítimas Feridas;Anoitecer;Crescente;Nublado;Simples;Reta;Não;9;0;3;0;6;0;3;2;-29,20372835;-51,51786908;SPRF-RS;DEL06-RS;UOP01-DEL06-RS
608217;17/06/2024;segunda-feira;15:30:00;MG;153;130;PRATA;Condutor deixou de manter distância do veículo da frente;Engavetamento;Com Vítimas Feridas;Pleno dia;Decrescente;Céu Claro;Simples;"Aclive;Reta";Não;5;0;2;0;2;4;2;7;-19,48466991;-48,86193486;SPRF-MG;DEL15-MG;UOP03-DEL15-MG
608221;17/06/2024;segunda-feira;18:55:00;RS;287;327;SANTA MARIA;Condutor deixou de manter distância do veículo da frente;Colisão traseira;Com Vítimas Feridas;Plena Noite;Crescente;Garoa/Chuvisco;Dupla;"Interseção de Vias;Reta";Não;3;0;2;0;1;0;2;2;-29,71;-53,822;SPRF-RS;DEL09-RS;UOP01-DEL09-RS
608223;17/06/2024;segunda-feira;14:50:00;SC;101;45,9;JOINVILLE;Estacionar ou parar em local proibido;Colisão traseira;Com Vítimas Feridas;Pleno dia;Decrescente;Céu Claro;Múltipla;Reta;Não;3;0;1;1;1;0;2;2;-26,32214492;-48,8689509;SPRF-SC;DEL03-SC;UOP01-DEL03-SC
608227;28/05/2024;terça-feira;13:10:00;PR;163;234;TOLEDO;Ausência de reação do condutor;Colisão frontal;Com Vítimas Feridas;Pleno dia;Crescente;Céu Claro;Dupla;"Aclive;Reta";Não;5;0;4;0;1;0;4;2;-24,717822;-53,711597;SPRF-PR;DEL04-PR;UOP01-DEL04-PR
608228;17/06/2024;segunda-feira;17:00:00;RJ;465;4;SEROPEDICA;Trafegar com motocicleta (ou similar) entre as faixas;Queda de ocupante de veículo;Com Vítimas Fatais;Pleno dia;Crescente;Céu Claro;Simples;Reta;Sim;2;1;0;0;0;1;0;2;-22,740971;-43,705597;SPRF-RJ;DEL06-RJ;UOP02-DEL06-RJ
608229;17/06/2024;segunda-feira;19:20:00;RS;392;347;SANTA MARIA;Ingestão de álcool pelo condutor;Colisão lateral sentido oposto;Com Vítimas Feridas;Plena Noite;Decrescente;Céu Claro;Simples;Reta;Não;3;0;1;0;1;1;1;3;-29,76125014;-53,78681035;SPRF-RS;DEL09-RS;UOP01-DEL09-RS
608234;17/06/2024;segunda-feira;19:00:00;RO;364;713;PORTO VELHO;Carga excessiva e/ou mal acondicionada;Saída de leito carroçável;Sem Vítimas;Plena Noite;Crescente;Céu Claro;Dupla;Viaduto;Sim;2;0;0;0;1;2;0;3;-8,77331583;-63,87969248;SPRF-RO;DEL01-RO;UOP01-DEL01-RO
608237;17/06/2024;segunda-feira;20:05:00;RS;290;90;PORTO ALEGRE;Ausência de reação do condutor;Colisão traseira;Com Vítimas Feridas;Plena Noite;Decrescente;Nublado;Múltipla;Reta;Sim;3;0;1;0;1;1;1;3;-29,968319;-51,157398;SPRF-RS;DEL01-RS;UOP01-DEL01-RS
608243;17/06/2024;segunda-feira;10:30:00;PR;153;222,9;TIBAGI;Velocidade Incompatível;Tombamento;Sem Vítimas;Pleno dia;Decrescente;Sol;Simples;"Reta;Ponte";Não;3;0;0;0;2;2;0;4;-24,65345001;-50,45324743;SPRF-PR;DEL03-PR;UOP02-DEL03-PR
608245;17/06/2024;segunda-feira;19:30:00;GO;60;163;GOIANIA;Ausência de sinalização;Colisão com objeto;Com Vítimas Feridas;Pleno dia;Crescente;Céu Claro;Dupla;Reta;Não;4;0;2;0;2;0;2;3;-16,7002;-49,3335;SPRF-GO;DEL01-GO;UOP02-DEL01-GO
608250;17/06/2024;segunda-feira;19:20:00;SP;153;21,8;NOVA GRANADA;Demais falhas mecânicas ou elétricas;Saída de leito carroçável;Sem Vítimas;Plena Noite;Crescente;Céu Claro;Simples;"Aclive;Curva";Não;2;0;0;0;1;2;0;3;-20,47719509;-49,29698467;SPRF-SP;DEL09-SP;UOP01-DEL09-SP
608254;17/06/2024;segunda-feira;21:40:00;RS;290;487,2;ROSARIO DO SUL;Ultrapassagem Indevida;Colisão frontal;Com Vítimas Fatais;Plena Noite;Crescente;Garoa/Chuvisco;Simples;Reta;Sim;4;1;0;0;1;2;0;4;-30,239555;-54,99247;SPRF-RS;DEL11-RS;UOP02-DEL11-RS
608257;17/06/2024;segunda-feira;21:15:00;BA;324;618,5;SALVADOR;Pista esburacada;Queda de ocupante de veículo;Com Vítimas Feridas;Plena Noite;Crescente;Chuva;Dupla;Reta;Sim;4;0;2;0;1;1;2;3;-12,891109;-38,445374;SPRF-BA;DEL01-BA;UOP01-DEL01-BA
608259;17/06/2024;segunda-feira;12:30:00;MG;262;41,9;MANHUACU;Ausência de reação do condutor;Colisão traseira;Com Vítimas Feridas;Pleno dia;Decrescente;Céu Claro;Simples;Reta;Não;3;0;1;0;2;0;1;3;-20,27444334;-42,05896416;SPRF-MG;DEL06-MG;UOP03-DEL06-MG
608261;17/06/2024;segunda-feira;20:30:00;MG;459;91,2;CONGONHAL;Demais falhas mecânicas ou elétricas;Incêndio;Sem Vítimas;Plena Noite;Decrescente;Céu Claro;Simples;Reta;Não;1;0;0;0;1;0;0;1;-22,155513;-46,01011;SPRF-MG;DEL09-MG;UOP01-DEL09-MG
608263;17/06/2024;segunda-feira;23:00:00;MG;381;0,5;BETIM;Manobra de mudança de faixa;Colisão lateral mesmo sentido;Com Vítimas Feridas;Plena Noite;Decrescente;Céu Claro;Dupla;Reta;Não;3;0;2;0;0;1;2;2;-19,96825;-44,198708;SPRF-MG;DEL01-MG;UOP03-DEL01-MG
608267;17/06/2024;segunda-feira;23:20:00;RJ;101;98;CAMPOS DOS GOYTACAZES;Ausência de reação do condutor;Colisão traseira;Com Vítimas Feridas;Plena Noite;Crescente;Céu Claro;Dupla;Reta;Não;3;0;1;0;1;1;1;3;-21,875968;-41,574785;SPRF-RJ;DEL08-RJ;UOP02-DEL08-RJ
608276;18/06/2024;terça-feira;02:00:00;MA;316;282;BELA VISTA DO MARANHAO;Demais falhas na via;Tombamento;Com Vítimas Feridas;Plena Noite;Crescente;Céu Claro;Simples;Curva;Não;2;0;1;0;0;1;1;2;-3,76045803;-45,22144318;SPRF-MA;DEL02-MA;UOP01-DEL02-MA
608277;18/06/2024;terça-feira;01:00:00;RS;290;681,3;URUGUAIANA;Condutor deixou de manter distância do veículo da frente;Colisão traseira;Com Vítimas Feridas;Plena Noite;Crescente;Nublado;Simples;Reta;Não;3;0;1;0;1;1;1;3;-29,899723;-56,7034;SPRF-RS;DEL13-RS;UOP01-DEL13-RS
608278;18/06/2024;terça-feira;01:00:00;BA;242;289;LAJEDINHO;Reação tardia ou ineficiente do condutor;Saída de leito carroçável;Sem Vítimas;Plena Noite;Decrescente;Garoa/Chuvisco;Simples;Declive;Não;1;0;0;0;1;0;0;1;-12,44405625;-40,79930804;SPRF-BA;DEL06-BA;UOP02-DEL06-BA
608282;18/06/2024;terça-feira;03:17:00;PR;376;251;APUCARANA;Ausência de reação do condutor;Saída de leito carroçável;Sem Vítimas;Plena Noite;Crescente;Céu Claro;Dupla;Reta;Não;1;0;0;0;1;0;0;1;-23,6208127;-51,390016;SPRF-PR;DEL07-PR;UOP03-DEL07-PR
608296;17/06/2024;segunda-feira;22:50:00;BA;407;136,4;SENHOR DO BONFIM;Transitar na contramão;Colisão frontal;Com Vítimas Feridas;Plena Noite;Crescente;Chuva;Simples;Aclive;Não;2;0;0;1;1;0;1;2;-10,53291198;-40,13849766;SPRF-BA;DEL04-BA;UOP01-DEL04-BA
608300;18/06/2024;terça-feira;07:00:00;CE;222;300;TIANGUA;Problema com o freio;Saída de leito carroçável;Com Vítimas Feridas;Pleno dia;Decrescente;Céu Claro;Simples;"Declive;Curva";Não;2;0;1;0;0;2;1;3;-3,65653078;-40,9347551;SPRF-CE;DEL04-CE;UOP02-DEL04-CE
608305;18/06/2024;terça-feira;07:40:00;ES;101;285,3;CARIACICA;Desrespeitar a preferência no cruzamento;Colisão transversal;Com Vítimas Feridas;Pleno dia;Decrescente;Céu Claro;Dupla;"Retorno Regulamentado;Reta";Sim;2;0;0;1;1;0;1;2;-20,28318797;-40,3719101;SPRF-ES;DEL01-ES;UOP01-DEL01-ES
608311;18/06/2024;terça-feira;06:00:00;BA;410;21;TUCANO;Condutor deixou de manter distância do veículo da frente;Colisão frontal;Com Vítimas Feridas;Pleno dia;Crescente;Chuva;Simples;Reta;Não;2;0;1;0;1;0;1;2;-10,916906;-38,69033;SPRF-BA;DEL07-BA;UOP02-DEL07-BA
608317;18/06/2024;terça-feira;08:20:00;BA;235;349,9;JUAZEIRO;Manobra de mudança de faixa;Colisão traseira;Com Vítimas Feridas;Plena Noite;Crescente;Céu Claro;Simples;Reta;Sim;5;0;1;0;3;1;1;2;-9,42503135;-40,50388907;SPRF-PE;DEL06-PE;UOP01-DEL06-PE
608320;18/06/2024;terça-feira;07:30:00;RO;364;23,8;VILHENA;Reação tardia ou ineficiente do condutor;Colisão traseira;Com Vítimas Feridas;Pleno dia;Decrescente;Céu Claro;Simples;"Reta;Em Obras";Não;4;0;1;0;2;3;1;6;-12,72492207;-60,220407;SPRF-RO;DEL04-RO;UOP01-DEL04-RO
608321;18/06/2024;terça-feira;09:20:00;PR;369;426,5;UBIRATA;Acessar a via sem observar a presença dos outros veículos;Colisão transversal;Sem Vítimas;Pleno dia;Decrescente;Céu Claro;Simples;"Interseção de Vias;Reta";Não;2;0;0;0;2;0;0;2;-24,53544778;-52,94779837;SPRF-PR;DEL04-PR;UOP03-DEL04-PR
608325;18/06/2024;terça-feira;08:10:00;PR;369;156,1;LONDRINA;Ausência de reação do condutor;Colisão lateral mesmo sentido;Sem Vítimas;Pleno dia;Decrescente;Céu Claro;Dupla;"Em Obras;Reta";Sim;7;0;0;0;5;2;0;6;-23,29225106;-51,21574229;SPRF-PR;DEL07-PR;UOP01-DEL07-PR
608337;18/06/2024;terça-feira;11:15:00;MG;381;920,8;CAMANDUCAIA;Demais falhas mecânicas ou elétricas;Saída de leito carroçável;Sem Vítimas;Pleno dia;Decrescente;Céu Claro;Dupla;"Reta;Aclive";Não;1;0;0;0;1;0;0;1;-22,76088085;-46,16545916;SPRF-MG;DEL16-MG;UOP03-DEL16-MG
608338;18/06/2024;terça-feira;11:10:00;ES;262;80,3;DOMINGOS MARTINS;Velocidade Incompatível;Tombamento;Com Vítimas Feridas;Pleno dia;Decrescente;Sol;Simples;"Curva;Declive";Não;2;0;1;0;0;1;1;2;-20,40924049;-40,94035394;SPRF-ES;DEL01-ES;UOP02-DEL01-ES
608347;18/06/2024;terça-feira;10:00:00;SC;470;258,2;CURITIBANOS;Chuva;Saída de leito carroçável;Com Vítimas Feridas;Pleno dia;Crescente;Chuva;Simples;"Curva;Declive";Não;2;0;2;0;0;0;2;1;-27,30164872;-50,66689342;SPRF-SC;DEL05-SC;UOP03-DEL05-SC
608350;18/06/2024;terça-feira;10:40:00;RJ;101;42,5;CAMPOS DOS GOYTACAZES;Demais falhas mecânicas ou elétricas;Incêndio;Sem Vítimas;Pleno dia;Decrescente;Céu Claro;Simples;"Reta;Aclive";Não;1;0;0;0;1;0;0;1;-21,56357908;-41,32424043;SPRF-RJ;DEL08-RJ;UOP01-DEL08-RJ
608353;18/06/2024;terça-feira;12:15:00;PR;163;282;MARECHAL CANDIDO RONDON;Ultrapassagem Indevida;Colisão transversal;Com Vítimas Feridas;Pleno dia;Decrescente;Céu Claro;Dupla;Reta;Não;3;0;2;0;1;0;2;2;-24,6078602;-53,96910988;SPRF-PR;DEL06-PR;UOP02-DEL06-PR
608355;18/06/2024;terça-feira;13:00:00;PR;116;103;SAO JOSE DOS PINHAIS;Velocidade Incompatível;Colisão traseira;Com Vítimas Feridas;Pleno dia;Crescente;Céu Claro;Dupla;Reta;Não;3;0;1;0;1;1;1;3;-25,55944814;-49,15099774;SPRF-PR;DEL01-PR;UOP07-DEL01-PR
608370;18/06/2024;terça-feira;13:45:00;GO;50;235,8;CATALAO;Velocidade Incompatível;Saída de leito carroçável;Com Vítimas Feridas;Pleno dia;Decrescente;Sol;Dupla;Curva;Não;4;0;1;1;1;1;2;3;-17,8451;-47,7721;SPRF-GO;DEL06-GO;UOP01-DEL06-GO
608372;18/06/2024;terça-feira;11:30:00;MG;40;26,5;PARACATU;Acumulo de óleo sobre o pavimento;Saída de leito carroçável;Com Vítimas Feridas;Pleno dia;Decrescente;Céu Claro;Simples;Curva;Não;7;0;3;0;3;1;3;3;-17,14002719;-46,96699519;SPRF-MG;DEL14-MG;UOP01-DEL14-MG
608373;06/05/2024;segunda-feira;01:30:00;SC;101;142;BALNEARIO CAMBORIU;Manobra de mudança de faixa;Colisão traseira;Com Vítimas Feridas;Plena Noite;Crescente;Céu Claro;Simples;"Reta;Declive";Sim;2;0;0;1;0;1;1;2;-27,056089;-48,599449;SPRF-SC;DEL04-SC;UOP03-DEL04-SC
608375;27/04/2024;sábado;06:15:00;CE;222;17,7;CAUCAIA;Reação tardia ou ineficiente do condutor;Engavetamento;Com Vítimas Fatais;Amanhecer;Decrescente;Chuva;Simples;Reta;Não;6;1;1;0;3;1;1;4;-3,76013183;-38,69513297;SPRF-CE;DEL01-CE;UOP01-DEL01-CE
608376;18/06/2024;terça-feira;13:54:00;SC;470;1,4;NAVEGANTES;Acessar a via sem observar a presença dos outros veículos;Colisão transversal;Com Vítimas Feridas;Pleno dia;Decrescente;Céu Claro;Simples;"Reta;Em Obras";Sim;3;0;0;1;1;1;1;3;-26,875383;-48,668285;SPRF-SC;DEL04-SC;UOP04-DEL04-SC
608383;18/06/2024;terça-feira;15:00:00;MG;267;119;JUIZ DE FORA;Velocidade Incompatível;Tombamento;Com Vítimas Feridas;Pleno dia;Crescente;Céu Claro;Simples;Curva;Não;2;0;1;0;0;1;1;2;-21,70273313;-43,45311417;SPRF-MG;DEL05-MG;UOP01-DEL05-MG
608384;18/06/2024;terça-feira;11:40:00;PR;369;149;LONDRINA;Demais falhas mecânicas ou elétricas;Eventos atípicos;Sem Vítimas;Pleno dia;Decrescente;Céu Claro;Dupla;Reta;Sim;4;0;0;0;3;1;0;3;-23,29283;-51,153834;SPRF-PR;DEL07-PR;UOP01-DEL07-PR
608387;18/06/2024;terça-feira;14:50:00;SC;470;92,3;APIUNA;Velocidade Incompatível;Colisão com objeto;Com Vítimas Feridas;Pleno dia;Decrescente;Céu Claro;Simples;"Retorno Regulamentado;Reta";Não;3;0;0;1;1;1;1;3;-26,98909863;-49,37424302;SPRF-SC;DEL04-SC;UOP01-DEL04-SC
608391;18/06/2024;terça-feira;16:00:00;SC;280;248;CANOINHAS;Ausência de reação do condutor;Colisão traseira;Com Vítimas Feridas;Pleno dia;Crescente;Céu Claro;Simples;Aclive;Não;2;0;0;1;1;0;1;2;-26,25130977;-50,52296105;SPRF-SC;DEL06-SC;UOP04-DEL06-SC
608392;18/06/2024;terça-feira;16:30:00;SP;381;20;BRAGANCA PAULISTA;Ingestão de álcool pelo condutor;Colisão traseira;Com Vítimas Feridas;Pleno dia;Decrescente;Céu Claro;Dupla;"Reta;Declive";Não;4;0;1;0;2;1;1;4;-22,98443766;-46,50352511;SPRF-SP;DEL03-SP;UOP02-DEL03-SP
608395;18/06/2024;terça-feira;15:30:00;GO;364;201;JATAI;Demais falhas mecânicas ou elétricas;Tombamento;Sem Vítimas;Pleno dia;Crescente;Céu Claro;Dupla;"Viaduto;Aclive;Reta";Não;2;0;0;0;1;3;0;4;-17,914806;-51,765602;SPRF-GO;DEL05-GO;UOP01-DEL05-GO
608402;18/06/2024;terça-feira;17:20:00;RS;386;63,5;SEBERI;Demais falhas mecânicas ou elétricas;Colisão traseira;Com Vítimas Feridas;Pleno dia;Decrescente;Nublado;Simples;Reta;Não;5;0;1;0;3;1;1;3;-27,608656;-53,344784;SPRF-RS;DEL08-RS;UOP02-DEL08-RS
608403;18/06/2024;terça-feira;17:35:00;SC;101;130,4;CAMBORIU;Trafegar com motocicleta (ou similar) entre as faixas;Colisão traseira;Com Vítimas Feridas;Pleno dia;Crescente;Nublado;Dupla;Reta;Sim;4;0;2;0;2;0;2;4;-26,98636433;-48,6663866;SPRF-SC;DEL04-SC;UOP03-DEL04-SC
608410;18/06/2024;terça-feira;18:20:00;SC;470;65;INDAIAL;Condutor deixou de manter distância do veículo da frente;Colisão traseira;Com Vítimas Feridas;Plena Noite;Crescente;Céu Claro;Simples;Reta;Não;2;0;1;0;1;0;1;2;-26,87049697;-49,2135787;SPRF-SC;DEL04-SC;UOP01-DEL04-SC
608418;18/06/2024;terça-feira;18:30:00;PR;369;152,7;LONDRINA;Trafegar com motocicleta (ou similar) entre as faixas;Colisão lateral mesmo sentido;Com Vítimas Feridas;Anoitecer;Crescente;Céu Claro;Dupla;Interseção de Vias;Sim;4;0;1;0;2;1;1;3;-23,29342373;-51,18718212;SPRF-PR;DEL07-PR;UOP01-DEL07-PR
608419;18/06/2024;terça-feira;18:00:00;BA;324;527;FEIRA DE SANTANA;Reação tardia ou ineficiente do condutor;Engavetamento;Sem Vítimas;Anoitecer;Decrescente;Nublado;Dupla;Reta;Não;8;0;0;0;8;0;0;3;-12,31183923;-38,88331817;SPRF-BA;DEL01-BA;UOP03-DEL01-BA
608420;06/04/2024;sábado;17:00:00;PA;163;104;ALTAMIRA;Ausência de reação do condutor;Tombamento;Com Vítimas Feridas;Anoitecer;Crescente;Ignorado;Simples;Curva;Não;3;0;0;1;1;4;1;6;-8,728298;-54,979658;SPRF-PA;DEL05-PA;UOP02-DEL05-PA
608424;18/06/2024;terça-feira;18:35:00;GO;20;175,8;ALVORADA DO NORTE;Reação tardia ou ineficiente do condutor;Colisão lateral mesmo sentido;Com Vítimas Feridas;Plena Noite;Decrescente;Céu Claro;Dupla;Retorno Regulamentado;Não;4;0;2;0;1;2;2;4;-14,463847;-46,480179;SPRF-DF;DEL02-DF;UOP03-DEL02-DF
608431;18/06/2024;terça-feira;18:18:00;RO;364;699;PORTO VELHO;Ingestão de álcool pelo condutor;Colisão lateral mesmo sentido;Sem Vítimas;Anoitecer;Crescente;Céu Claro;Dupla;"Desvio Temporário;Reta";Não;2;0;0;0;2;0;0;2;-8,80042882;-63,760185;SPRF-RO;DEL01-RO;UOP01-DEL01-RO
608432;18/06/2024;terça-feira;18:40:00;AL;423;5;OURO BRANCO;Acessar a via sem observar a presença dos outros veículos;Colisão lateral sentido oposto;Com Vítimas Fatais;Plena Noite;Crescente;Céu Claro;Simples;Reta;Não;3;1;0;0;1;1;0;3;-9,13795942;-37,33317198;SPRF-AL;DEL03-AL;UOP02-DEL03-AL
608433;18/06/2024;terça-feira;18:15:00;BA;20;1;CORRENTINA;Entrada inopinada do pedestre;Atropelamento de Pedestre;Com Vítimas Feridas;Plena Noite;Crescente;Céu Claro;Simples;Reta;Sim;2;0;1;0;1;0;1;2;-14,00982062;-46,21169329;SPRF-BA;DEL10-BA;UOP01-DEL10-BA
608436;18/06/2024;terça-feira;18:30:00;SC;480;125,4;CHAPECO;Manobra de mudança de faixa;Colisão lateral mesmo sentido;Com Vítimas Feridas;Plena Noite;Crescente;Nublado;Dupla;Reta;Sim;3;0;1;0;1;1;1;3;-27,01164515;-52,63953123;SPRF-SC;DEL07-SC;UOP01-DEL07-SC
608439;18/06/2024;terça-feira;14:40:00;BA;116;270;TUCANO;Condutor Dormindo;Colisão frontal;Com Vítimas Feridas;Pleno dia;Decrescente;Céu Claro;Simples;Reta;Sim;2;0;1;0;1;0;1;2;-10,93395067;-38,81457666;SPRF-BA;DEL07-BA;UOP02-DEL07-BA
608440;18/06/2024;terça-feira;18:50:00;MG;262;34;MANHUACU;Pedestre cruzava a pista fora da faixa;Atropelamento de Pedestre;Com Vítimas Fatais;Plena Noite;Decrescente;Céu Claro;Simples;"Reta;Interseção de Vias";Sim;2;1;0;0;1;0;0;2;-20,25692664;-42,01099203;SPRF-MG;DEL06-MG;UOP03-DEL06-MG
608442;18/06/2024;terça-feira;19:30:00;RS;285;122,1;VACARIA;Reação tardia ou ineficiente do condutor;Colisão lateral mesmo sentido;Sem Vítimas;Plena Noite;Crescente;Céu Claro;Simples;Reta;Sim;2;0;0;0;2;0;0;2;-28,505535;-50,944073;SPRF-RS;DEL05-RS;UOP03-DEL05-RS
608451;18/06/2024;terça-feira;20:00:00;SC;101;142,2;BALNEARIO CAMBORIU;Manobra de mudança de faixa;Colisão lateral mesmo sentido;Com Vítimas Feridas;Plena Noite;Crescente;Nublado;Dupla;Reta;Sim;3;0;1;0;1;1;1;3;-27,056089;-48,599449;SPRF-SC;DEL04-SC;UOP03-DEL04-SC
608452;18/06/2024;terça-feira;18:10:00;RJ;40;123;DUQUE DE CAXIAS;Trafegar com motocicleta (ou similar) entre as faixas;Colisão lateral mesmo sentido;Com Vítimas Fatais;Anoitecer;Crescente;Céu Claro;Dupla;Reta;Sim;4;1;1;0;1;1;1;3;-22,802187;-43,290373;SPRF-RJ;DEL01-RJ;UOP02-DEL01-RJ
608456;18/06/2024;terça-feira;21:00:00;GO;50;146;IPAMERI;Velocidade Incompatível;Tombamento;Com Vítimas Feridas;Plena Noite;Crescente;Céu Claro;Dupla;Retorno Regulamentado;Não;1;0;1;0;0;0;1;1;-17,1391;-47,7232;SPRF-GO;DEL06-GO;UOP01-DEL06-GO
608457;18/06/2024;terça-feira;18:00:00;MA;402;56,6;MORROS;Transitar na contramão;Colisão frontal;Com Vítimas Fatais;Anoitecer;Crescente;Céu Claro;Simples;Reta;Não;2;1;0;0;0;1;0;2;-2,852267;-43,89262;SPRF-MA;DEL01-MA;UOP01-DEL01-MA
608461;18/06/2024;terça-feira;19:45:00;PR;369;395,9;JURANDA;Acessar a via sem observar a presença dos outros veículos;Colisão traseira;Com Vítimas Feridas;Plena Noite;Crescente;Céu Claro;Simples;Curva;Não;21;0;18;0;2;1;18;3;-24,347564;-52,735039;SPRF-PR;DEL04-PR;UOP03-DEL04-PR
608464;18/06/2024;terça-feira;18:30:00;GO;60;118;TEREZOPOLIS DE GOIAS;Pedestre cruzava a pista fora da faixa;Atropelamento de Pedestre;Com Vítimas Fatais;Plena Noite;Decrescente;Vento;Dupla;Reta;Sim;3;1;0;0;1;1;0;3;-16,4848;-49,0935;SPRF-GO;DEL01-GO;UOP01-DEL01-GO
608465;18/06/2024;terça-feira;19:00:00;MG;381;421;CAETE;Ausência de sinalização;Colisão traseira;Com Vítimas Feridas;Plena Noite;Crescente;Céu Claro;Dupla;Reta;Não;2;0;1;0;1;0;1;2;-19,783061;-43,66116123;SPRF-MG;DEL01-MG;UOP01-DEL01-MG