id;data_inversa;dia_semana;horario;uf;br;km;municipio;causa_acidente;tipo_acidente;classificacao_acidente;fase_dia;sentido_via;condicao_metereologica;tipo_pista;tracado_via;uso_solo;pessoas;mortos;feridos_leves;feridos_graves;ilesos;ignorados;feridos;veiculos;latitude;longitude;regional;delegacia;uop
608468;18/06/2024;terça-feira;21:00:00;PR;376;156,4;MANDAGUACU;Demais falhas mecânicas ou elétricas;Incêndio;Sem Vítimas;Plena Noite;Decrescente;Céu Claro;Dupla;Reta;Sim;2;0;0;0;1;2;0;3;-23,34107415;-52,09185831;SPRF-PR;DEL09-PR;UOP01-DEL09-PR
608470;18/06/2024;terça-feira;22:00:00;BA;116;765;POCOES;Condutor Dormindo;Colisão frontal;Com Vítimas Fatais;Plena Noite;Decrescente;Céu Claro;Simples;Reta;Não;3;1;0;0;1;1;0;3;-14,57251472;-40,42465568;SPRF-BA;DEL08-BA;UOP02-DEL08-BA
608473;18/06/2024;terça-feira;20:30:00;GO;452;51;MAURILANDIA;Demais falhas mecânicas ou elétricas;Incêndio;Sem Vítimas;Plena Noite;Crescente;Céu Claro;Simples;"Aclive;Reta";Não;2;0;0;0;1;1;0;2;-17,96978839;-50,46843315;SPRF-GO;DEL04-GO;UOP01-DEL04-GO
608476;18/06/2024;terça-feira;22:00:00;BA;101;204;MURITIBA;Objeto estático sobre o leito carroçável;Colisão com objeto;Com Vítimas Feridas;Plena Noite;Decrescente;Garoa/Chuvisco;Múltipla;"Reta;Declive";Não;2;0;2;0;0;0;2;1;-12,63317306;-39,09398987;SPRF-BA;DEL01-BA;UOP02-DEL01-BA
608478;19/06/2024;quarta-feira;01:15:00;RJ;116;295;BARRA MANSA;Ausência de reação do condutor;Tombamento;Com Vítimas Feridas;Plena Noite;Decrescente;Céu Claro;Múltipla;Reta;Não;1;0;1;0;0;0;1;1;-22,45013044;-44,3107408;SPRF-RJ;DEL07-RJ;UOP02-DEL07-RJ
608479;19/06/2024;quarta-feira;01:15:00;PR;373;473;CORONEL VIVIDA;Transitar na contramão;Colisão lateral sentido oposto;Com Vítimas Feridas;Plena Noite;Decrescente;Céu Claro;Simples;Curva;Não;4;0;0;1;2;1;1;3;-25,96536316;-52,50330704;SPRF-PR;DEL02-PR;UOP01-DEL02-PR
608481;19/06/2024;quarta-feira;00:00:00;MT;163;804;SINOP;Condutor Dormindo;Saída de leito carroçável;Com Vítimas Feridas;Plena Noite;Crescente;Céu Claro;Simples;Reta;Não;2;0;1;0;0;2;1;3;-12,16513;-55,51797;SPRF-MT;DEL06-MT;UOP02-DEL06-MT
608483;19/06/2024;quarta-feira;03:20:00;ES;101;10,7;SERRA;Animais na Pista;Atropelamento de Animal;Com Vítimas Fatais;Plena Noite;Decrescente;Céu Claro;Dupla;"Interseção de Vias;Reta;Viaduto;Declive";Não;2;1;0;1;0;0;1;1;-20,14806027;-40,34474373;SPRF-ES;DEL02-ES;UOP01-DEL02-ES
608484;19/06/2024;quarta-feira;03:00:00;GO;50;230;CAMPO ALEGRE DE GOIAS;Velocidade Incompatível;Saída de leito carroçável;Com Vítimas Feridas;Plena Noite;Decrescente;Céu Claro;Dupla;Curva;Não;3;0;1;0;1;1;1;3;-17,8022;-47,7667;SPRF-GO;DEL06-GO;UOP01-DEL06-GO
608487;19/06/2024;quarta-feira;03:45:00;PB;104;106;SAO SEBASTIAO DE LAGOA DE  ROCA;Ausência de reação do condutor;Saída de leito carroçável;Com Vítimas Fatais;Plena Noite;Decrescente;Chuva;Simples;"Declive;Curva";Não;6;1;0;0;5;0;0;2;-7,09569811;-35,86106094;SPRF-PB;DEL02-PB;UOP04-DEL02-PB
608489;19/06/2024;quarta-feira;02:50:00;MT;163;109,4;RONDONOPOLIS;Ausência de reação do condutor;Colisão traseira;Com Vítimas Feridas;Plena Noite;Crescente;Céu Claro;Dupla;"Aclive;Reta";Não;3;0;1;1;0;4;2;6;-16,58644808;-54,69021581;SPRF-MT;DEL02-MT;UOP01-DEL02-MT
608490;18/06/2024;terça-feira;23:30:00;GO;80;7;PADRE BERNARDO;Transitar na contramão;Colisão lateral sentido oposto;Sem Vítimas;Plena Noite;Crescente;Ignorado;Simples;Curva;Não;2;0;0;0;0;2;0;2;-15,20350257;-48,26721955;SPRF-DF;DEL03-DF;UOP02-DEL03-DF
608494;18/06/2024;terça-feira;17:30:00;MG;262;446;NOVA SERRANA;Desrespeitar a preferência no cruzamento;Colisão transversal;Com Vítimas Feridas;Anoitecer;Decrescente;Céu Claro;Dupla;Viaduto;Sim;5;0;2;0;1;2;2;3;-19,87514825;-44,95031205;SPRF-MG;DEL08-MG;UOP03-DEL08-MG
608495;19/06/2024;quarta-feira;05:45:00;GO;40;42,1;LUZIANIA;Condutor Dormindo;Saída de leito carroçável;Com Vítimas Fatais;Amanhecer;Crescente;Céu Claro;Simples;"Curva;Declive";Não;2;1;0;0;0;2;0;3;-16,367802;-47,826972;SPRF-DF;DEL01-DF;UOP02-DEL01-DF
608497;19/06/2024;quarta-feira;06:00:00;ES;101;291;CARIACICA;Manobra de mudança de faixa;Colisão traseira;Com Vítimas Feridas;Amanhecer;Crescente;Sol;Dupla;Reta;Não;4;0;1;0;2;1;1;3;-20,29755744;-40,39445616;SPRF-ES;DEL01-ES;UOP01-DEL01-ES
608500;19/06/2024;quarta-feira;07:10:00;MG;50;34,8;ARAGUARI;Ausência de reação do condutor;Colisão traseira;Com Vítimas Feridas;Pleno dia;Decrescente;Sol;Dupla;Reta;Não;8;0;7;0;1;0;7;4;-18,650784;-48,13829;SPRF-MG;DEL15-MG;UOP02-DEL15-MG
608504;19/06/2024;quarta-feira;07:50:00;MG;381;760,3;TRES CORACOES;Demais Fenômenos da natureza;Colisão traseira;Com Vítimas Feridas;Pleno dia;Decrescente;Sol;Dupla;"Aclive;Curva";Não;2;0;1;0;1;0;1;2;-21,69738825;-45,36578894;SPRF-MG;DEL16-MG;UOP02-DEL16-MG
608512;19/06/2024;quarta-feira;04:30:00;RJ;116;275;BARRA MANSA;Ausência de reação do condutor;Colisão com objeto;Com Vítimas Feridas;Plena Noite;Crescente;Céu Claro;Dupla;Reta;Não;2;0;1;0;0;1;1;2;-22,56207185;-44,15671311;SPRF-RJ;DEL07-RJ;UOP02-DEL07-RJ
608513;19/06/2024;quarta-feira;05:45:00;RJ;40;121,3;DUQUE DE CAXIAS;Trafegar com motocicleta (ou similar) entre as faixas;Colisão lateral mesmo sentido;Com Vítimas Fatais;Amanhecer;Crescente;Céu Claro;Múltipla;Reta;Sim;3;1;0;0;2;0;0;3;-22,78185499;-43,28571273;SPRF-RJ;DEL01-RJ;UOP02-DEL01-RJ
608520;19/06/2024;quarta-feira;09:00:00;CE;222;4,7;CAUCAIA;Retorno proibido;Colisão traseira;Com Vítimas Feridas;Pleno dia;Decrescente;Céu Claro;Múltipla;"Reta;Interseção de Vias";Sim;3;0;1;0;2;0;1;2;-3,74164754;-38,60449792;SPRF-CE;DEL01-CE;UOP01-DEL01-CE
608535;19/06/2024;quarta-feira;08:20:00;SP;381;85,5;SAO PAULO;Condutor deixou de manter distância do veículo da frente;Colisão traseira;Com Vítimas Feridas;Pleno dia;Crescente;Céu Claro;Dupla;Reta;Sim;2;0;0;1;1;0;1;2;-23,45924265;-46,57152557;SPRF-SP;DEL03-SP;UOP01-DEL03-SP
608540;19/06/2024;quarta-feira;07:00:00;BA;116;593;IRAJUBA;Chuva;Saída de leito carroçável;Sem Vítimas;Pleno dia;Crescente;Chuva;Simples;"Declive;Curva";Não;1;0;0;0;1;0;0;1;-13,156971;-39,998238;SPRF-BA;DEL03-BA;UOP02-DEL03-BA
608541;19/06/2024;quarta-feira;09:40:00;PE;101;75,4;RECIFE;Trafegar com motocicleta (ou similar) entre as faixas;Colisão lateral mesmo sentido;Com Vítimas Fatais;Pleno dia;Decrescente;Sol;Dupla;Reta;Sim;5;1;1;0;1;2;1;4;-8,10973523;-34,94660151;SPRF-PE;DEL01-PE;UOP01-DEL01-PE
608548;19/06/2024;quarta-feira;10:35:00;PR;369;143;LONDRINA;Transitar na contramão;Colisão frontal;Com Vítimas Feridas;Pleno dia;Decrescente;Céu Claro;Dupla;"Curva;Aclive";Não;2;0;0;1;1;0;1;2;-23,29305219;-51,09756231;SPRF-PR;DEL07-PR;UOP01-DEL07-PR
608551;19/06/2024;quarta-feira;11:50:00;MG;381;477;CONTAGEM;Ausência de reação do condutor;Colisão traseira;Com Vítimas Feridas;Pleno dia;Decrescente;Céu Claro;Dupla;Reta;Sim;3;0;1;0;1;1;1;3;-19,96179268;-44,05041676;SPRF-MG;DEL01-MG;UOP03-DEL01-MG
608554;19/06/2024;quarta-feira;10:40:00;GO;153;697,8;ITUMBIARA;Área urbana sem a presença de local apropriado para a travessia de pedestres;Atropelamento de Pedestre;Com Vítimas Fatais;Pleno dia;Decrescente;Céu Claro;Simples;Reta;Não;3;1;0;0;1;2;0;4;-18,3683;-49,2135;SPRF-GO;DEL03-GO;UOP02-DEL03-GO
608556;19/06/2024;quarta-feira;10:39:00;RO;364;712;PORTO VELHO;Acessar a via sem observar a presença dos outros veículos;Colisão traseira;Com Vítimas Feridas;Pleno dia;Crescente;Céu Claro;Dupla;Reta;Sim;4;0;0;1;2;1;1;3;-8,7770354;-63,87316466;SPRF-RO;DEL01-RO;UOP01-DEL01-RO
608563;19/06/2024;quarta-feira;11:40:00;PR;163;8,8;BARRACAO;Suicídio (presumido);Atropelamento de Pedestre;Com Vítimas Fatais;Pleno dia;Decrescente;Nublado;Dupla;Reta;Sim;4;1;0;0;1;3;0;4;-26,255503;-53,631185;SPRF-PR;DEL02-PR;UOP02-DEL02-PR
608566;19/06/2024;quarta-feira;09:35:00;MG;251;310,9;SALINAS;Desrespeitar a preferência no cruzamento;Colisão transversal;Com Vítimas Feridas;Pleno dia;Crescente;Sol;Simples;"Reta;Interseção de Vias";Não;3;0;2;0;0;2;2;4;-16,13449793;-42,28064775;SPRF-MG;DEL12-MG;UOP02-DEL12-MG
608568;19/06/2024;quarta-feira;12:30:00;CE;116;23;AQUIRAZ;Demais falhas mecânicas ou elétricas;Saída de leito carroçável;Sem Vítimas;Pleno dia;Decrescente;Chuva;Dupla;Reta;Sim;3;0;0;0;2;2;0;4;-3,94905489;-38,51212845;SPRF-CE;DEL01-CE;UOP02-DEL01-CE
608574;19/06/2024;quarta-feira;12:00:00;BA;242;751;ANGICAL;Acessar a via sem observar a presença dos outros veículos;Colisão transversal;Com Vítimas Feridas;Pleno dia;Crescente;Sol;Simples;Reta;Não;3;0;1;0;1;1;1;3;-12,1582344;-44,6583413;SPRF-BA;DEL10-BA;UOP01-DEL10-BA
608581;19/06/2024;quarta-feira;13:20:00;RS;285;121,8;VACARIA;Acessar a via sem observar a presença dos outros veículos;Atropelamento de Pedestre;Com Vítimas Feridas;Pleno dia;Decrescente;Céu Claro;Simples;Rotatória;Sim;3;0;1;0;1;1;1;3;-28,510252;-50,935688;SPRF-RS;DEL05-RS;UOP03-DEL05-RS
608583;12/06/2024;quarta-feira;01:15:00;MG;262;583,2;CORREGO DANTA;Velocidade Incompatível;Saída de leito carroçável;Com Vítimas Feridas;Plena Noite;Crescente;Céu Claro;Simples;Curva;Não;2;0;1;0;0;1;1;2;-19,662981;-46,092099;SPRF-MG;DEL08-MG;UOP02-DEL08-MG
608584;19/06/2024;quarta-feira;10:30:00;PI;135;503,3;MONTE ALEGRE DO PIAUI;Ingestão de álcool pelo condutor;Colisão com objeto;Sem Vítimas;Pleno dia;Decrescente;Céu Claro;Simples;"Reta;Aclive";Sim;2;0;0;0;1;1;0;2;-9,74598295;-45,292864;SPRF-PI;DEL03-PI;UOP02-DEL03-PI
608585;19/06/2024;quarta-feira;11:10:00;MG;381;889;CAMBUI;Velocidade Incompatível;Colisão com objeto;Com Vítimas Feridas;Pleno dia;Crescente;Sol;Dupla;Curva;Não;1;0;1;0;0;0;1;1;-22,57874206;-46,04473491;SPRF-MG;DEL16-MG;UOP03-DEL16-MG
608587;19/06/2024;quarta-feira;14:51:00;ES;101;409;ITAPEMIRIM;Acessar a via sem observar a presença dos outros veículos;Colisão frontal;Com Vítimas Feridas;Pleno dia;Crescente;Sol;Simples;Curva;Não;3;0;0;1;1;2;1;4;-20,89643008;-41,04527197;SPRF-ES;DEL03-ES;UOP02-DEL03-ES
608597;19/06/2024;quarta-feira;15:30:00;PR;116;88;PIRAQUARA;Trafegar com motocicleta (ou similar) entre as faixas;Colisão lateral mesmo sentido;Com Vítimas Feridas;Pleno dia;Crescente;Céu Claro;Dupla;Reta;Sim;6;0;2;0;3;1;2;4;-25,44781497;-49,09096994;SPRF-PR;DEL01-PR;UOP07-DEL01-PR
608599;19/06/2024;quarta-feira;16:22:00;DF;60;13;BRASILIA;Ausência de reação do condutor;Colisão com objeto;Sem Vítimas;Pleno dia;Crescente;Céu Claro;Múltipla;Reta;Sim;1;0;0;0;1;0;0;1;-15,92882;-48,167772;SPRF-DF;DEL03-DF;UOP01-DEL03-DF
608601;19/06/2024;quarta-feira;16:20:00;PE;101;66;RECIFE;Acessar a via sem observar a presença dos outros veículos;Colisão lateral mesmo sentido;Com Vítimas Feridas;Pleno dia;Decrescente;Nublado;Múltipla;Interseção de Vias;Sim;2;0;1;0;1;0;1;2;-8,040998;-34,94244;SPRF-PE;DEL01-PE;UOP01-DEL01-PE
608605;19/06/2024;quarta-feira;13:40:00;MG;116;25;CACHOEIRA DE PAJEU;Desrespeitar a preferência no cruzamento;Colisão transversal;Com Vítimas Feridas;Pleno dia;Crescente;Céu Claro;Múltipla;Interseção de Vias;Não;4;0;2;0;2;0;2;2;-15,87144601;-41,43021999;SPRF-BA;DEL08-BA;UOP03-DEL08-BA
608608;19/06/2024;quarta-feira;15:45:00;PR;373;246;GUAMIRANGA;Ausência de reação do condutor;Colisão transversal;Com Vítimas Fatais;Pleno dia;Crescente;Céu Claro;Simples;Curva;Não;3;1;0;0;1;1;0;3;-25,18802;-50,8033;SPRF-PR;DEL03-PR;UOP01-DEL03-PR
608614;19/06/2024;quarta-feira;17:56:00;CE;116;15,3;FORTALEZA;Condutor deixou de manter distância do veículo da frente;Colisão lateral mesmo sentido;Com Vítimas Feridas;Plena Noite;Decrescente;Nublado;Dupla;Reta;Sim;4;0;0;2;1;1;2;3;-3,87839882;-38,50066893;SPRF-CE;DEL01-CE;UOP02-DEL01-CE
608617;19/06/2024;quarta-feira;15:47:00;AM;319;525;HUMAITA;Reação tardia ou ineficiente do condutor;Saída de leito carroçável;Com Vítimas Fatais;Pleno dia;Crescente;Nublado;Simples;Reta;Não;2;1;0;0;0;1;0;2;-6,4520569;-62,87979715;SPRF-AM;DEL01-AM;UOP04-DEL01-AM
608622;19/06/2024;quarta-feira;07:20:00;SC;280;301,8;PORTO UNIAO;Acessar a via sem observar a presença dos outros veículos;Colisão traseira;Com Vítimas Feridas;Pleno dia;Decrescente;Nevoeiro/Neblina;Simples;Reta;Não;7;0;1;0;5;1;1;4;-26,28207506;-51,03061202;SPRF-SC;DEL06-SC;UOP04-DEL06-SC
608625;19/06/2024;quarta-feira;18:00:00;RS;116;248;SAO LEOPOLDO;Condutor deixou de manter distância do veículo da frente;Colisão traseira;Sem Vítimas;Anoitecer;Decrescente;Chuva;Dupla;Declive;Não;2;0;0;0;2;0;0;2;-29,77605895;-51,15508618;SPRF-RS;DEL01-RS;UOP02-DEL01-RS
608626;19/06/2024;quarta-feira;14:30:00;GO;50;186,4;CAMPO ALEGRE DE GOIAS;Ausência de reação do condutor;Colisão traseira;Com Vítimas Feridas;Pleno dia;Crescente;Céu Claro;Dupla;Reta;Não;3;0;1;0;1;1;1;3;-17,4581;-47,8081;SPRF-GO;DEL06-GO;UOP01-DEL06-GO
608630;19/06/2024;quarta-feira;17:00:00;RJ;493;19;MAGE;Ausência de reação do condutor;Colisão traseira;Com Vítimas Feridas;Pleno dia;Crescente;Céu Claro;Dupla;Reta;Sim;5;0;1;0;3;1;1;3;-22,66360097;-43,03361893;SPRF-RJ;DEL04-RJ;UOP02-DEL04-RJ
608635;19/06/2024;quarta-feira;17:55:00;MS;163;79;ITAQUIRAI;Acessar a via sem observar a presença dos outros veículos;Colisão transversal;Com Vítimas Feridas;Plena Noite;Crescente;Céu Claro;Simples;Rotatória;Não;4;0;0;2;1;1;2;3;-23,46748;-54,190039;SPRF-MS;DEL09-MS;UOP01-DEL09-MS
608636;19/06/2024;quarta-feira;11:15:00;SP;116;7;QUELUZ;Suicídio (presumido);Atropelamento de Pedestre;Com Vítimas Feridas;Pleno dia;Decrescente;Céu Claro;Múltipla;Reta;Sim;2;0;0;1;1;0;1;2;-22,53531603;-44,76219097;SPRF-SP;DEL08-SP;UOP02-DEL08-SP
608637;19/06/2024;quarta-feira;19:00:00;PR;369;158,5;CAMBE;Manobra de mudança de faixa;Colisão lateral mesmo sentido;Com Vítimas Feridas;Plena Noite;Decrescente;Céu Claro;Dupla;Reta;Sim;3;0;1;0;1;1;1;3;-23,28514875;-51,24008417;SPRF-PR;DEL07-PR;UOP01-DEL07-PR
608640;19/06/2024;quarta-feira;19:45:00;PB;230;157,4;CAMPINA GRANDE;Acessar a via sem observar a presença dos outros veículos;Colisão transversal;Sem Vítimas;Plena Noite;Crescente;Garoa/Chuvisco;Dupla;Reta;Sim;3;0;0;0;3;0;0;2;-7,264;-35,9199;SPRF-PB;DEL02-PB;UOP01-DEL02-PB
608643;13/06/2024;quinta-feira;16:20:00;MG;381;449,5;SANTA LUZIA;Transitar na contramão;Colisão lateral sentido oposto;Com Vítimas Feridas;Pleno dia;Crescente;Céu Claro;Simples;"Aclive;Reta";Sim;3;0;1;0;1;1;1;3;-19,84164036;-43,86232683;SPRF-MG;DEL01-MG;UOP01-DEL01-MG
608647;19/06/2024;quarta-feira;19:25:00;MG;381;871;POUSO ALEGRE;Reação tardia ou ineficiente do condutor;Colisão traseira;Com Vítimas Feridas;Plena Noite;Decrescente;Céu Claro;Dupla;Reta;Não;2;0;1;0;1;0;1;2;-22,43949179;-45,98517516;SPRF-MG;DEL16-MG;UOP01-DEL16-MG
608649;19/06/2024;quarta-feira;19:00:00;PR;116;22,8;ANTONINA;Ausência de reação do condutor;Colisão traseira;Com Vítimas Feridas;Plena Noite;Decrescente;Céu Claro;Dupla;Curva;Não;5;0;0;1;3;2;1;6;-25,1104764;-48,75592011;SPRF-PR;DEL01-PR;UOP02-DEL01-PR
608651;19/06/2024;quarta-feira;20:40:00;SC;280;245;CANOINHAS;Conversão proibida;Colisão transversal;Sem Vítimas;Plena Noite;Decrescente;Céu Claro;Simples;Reta;Não;2;0;0;0;1;1;0;2;-26,24263646;-50,49461672;SPRF-SC;DEL06-SC;UOP04-DEL06-SC
608652;19/06/2024;quarta-feira;19:50:00;DF;60;27;BRASILIA;Carga excessiva e/ou mal acondicionada;Tombamento;Com Vítimas Feridas;Plena Noite;Crescente;Céu Claro;Dupla;Reta;Não;3;0;1;1;0;1;2;2;-16,012222;-48,247662;SPRF-DF;DEL03-DF;UOP01-DEL03-DF
608660;19/06/2024;quarta-feira;19:00:00;MS;262;285;RIBAS DO RIO PARDO;Demais falhas mecânicas ou elétricas;Incêndio;Sem Vítimas;Plena Noite;Crescente;Céu Claro;Simples;Reta;Não;2;0;0;0;1;1;0;2;-20,48423109;-54,15625998;SPRF-MS;DEL01-MS;UOP05-DEL01-MS
608662;19/06/2024;quarta-feira;20:10:00;PI;343;239;COCAL DE TELHA;Ultrapassagem Indevida;Colisão lateral mesmo sentido;Com Vítimas Feridas;Plena Noite;Decrescente;Céu Claro;Simples;Reta;Não;5;0;2;1;2;0;3;3;-4,64967;-42,046658;SPRF-PI;DEL01-PI;UOP03-DEL01-PI
608666;19/06/2024;quarta-feira;21:00:00;GO;20;229,5;POSSE;Velocidade Incompatível;Tombamento;Sem Vítimas;Plena Noite;Crescente;Céu Claro;Simples;"Declive;Viaduto";Não;2;0;0;0;1;3;0;4;-14,119506;-46,311592;SPRF-DF;DEL02-DF;UOP03-DEL02-DF
608669;19/06/2024;quarta-feira;22:30:00;RN;405;145;SAO FRANCISCO DO OESTE;Suicídio (presumido);Colisão frontal;Com Vítimas Fatais;Plena Noite;Crescente;Céu Claro;Simples;Reta;Não;3;1;0;0;1;1;0;3;-6,061102;-38,202663;SPRF-RN;DEL04-RN;UOP02-DEL04-RN
608673;19/06/2024;quarta-feira;22:40:00;SC;163;84;GUARACIABA;Reação tardia ou ineficiente do condutor;Colisão traseira;Sem Vítimas;Plena Noite;Decrescente;Chuva;Simples;Curva;Não;2;0;0;0;2;0;0;2;-26,61538774;-53,51959705;SPRF-SC;DEL07-SC;UOP03-DEL07-SC
608678;19/06/2024;quarta-feira;20:20:00;RO;429;309,4;PRESIDENTE MEDICI;Ingestão de álcool pelo condutor;Colisão transversal;Com Vítimas Feridas;Plena Noite;Crescente;Céu Claro;Simples;"Reta;Aclive;Interseção de Vias";Sim;3;0;0;1;1;3;1;5;-11,16026996;-61,90160394;SPRF-RO;DEL02-RO;UOP03-DEL02-RO
608679;19/06/2024;quarta-feira;23:50:00;RN;304;297;MACAIBA;Suicídio (presumido);Atropelamento de Pedestre;Com Vítimas Fatais;Plena Noite;Crescente;Chuva;Simples;"Reta;Em Obras";Sim;4;1;0;0;2;1;0;3;-5,864367;-35,345982;SPRF-RN;DEL01-RN;UOP02-DEL01-RN
608681;19/06/2024;quarta-feira;19:20:00;SC;116;281,2;CAPAO ALTO;Ingestão de álcool pelo condutor;Colisão lateral mesmo sentido;Com Vítimas Feridas;Plena Noite;Decrescente;Nublado;Simples;Reta;Não;6;0;2;0;1;3;2;4;-28,047439;-50,568375;SPRF-SC;DEL05-SC;UOP02-DEL05-SC
608684;19/06/2024;quarta-feira;15:22:00;MA;402;57;MORROS;Ultrapassagem Indevida;Colisão lateral mesmo sentido;Sem Vítimas;Pleno dia;Crescente;Céu Claro;Simples;Reta;Não;2;0;0;0;1;1;0;2;-2,853502;-43,878452;SPRF-MA;DEL01-MA;UOP01-DEL01-MA
608686;19/06/2024;quarta-feira;21:50:00;MA;222;541;BOM JESUS DAS SELVAS;Ausência de reação do condutor;Saída de leito carroçável;Com Vítimas Feridas;Plena Noite;Decrescente;Nublado;Simples;Curva;Não;2;0;0;1;0;1;1;2;-4,31053534;-46,56981113;SPRF-MA;DEL04-MA;UOP03-DEL04-MA
608687;20/06/2024;quinta-feira;02:15:00;PR;277;731;FOZ DO IGUACU;Reação tardia ou ineficiente do condutor;Colisão com objeto;Sem Vítimas;Plena Noite;Decrescente;Nublado;Simples;Reta;Sim;3;0;0;0;1;2;0;3;-25,50826305;-54,59238593;SPRF-PR;DEL05-PR;UOP03-DEL05-PR
608689;20/06/2024;quinta-feira;03:43:00;MG;40;610,3;CONGONHAS;Ausência de reação do condutor;Colisão frontal;Com Vítimas Feridas;Plena Noite;Decrescente;Nublado;Simples;Curva;Não;4;0;0;1;1;2;1;4;-20,50798795;-43,83862495;SPRF-MG;DEL05-MG;UOP02-DEL05-MG
608691;20/06/2024;quinta-feira;04:49:00;RS;101;35;TRES CACHOEIRAS;Condutor Dormindo;Colisão traseira;Com Vítimas Feridas;Plena Noite;Crescente;Chuva;Dupla;Curva;Não;2;0;1;0;1;0;1;2;-29,51719812;-49,99124485;SPRF-RS;DEL03-RS;UOP02-DEL03-RS
608695;20/06/2024;quinta-feira;05:30:00;SP;116;218;GUARULHOS;Manobra de mudança de faixa;Colisão lateral mesmo sentido;Com Vítimas Feridas;Amanhecer;Decrescente;Céu Claro;Dupla;"Reta;Em Obras;Interseção de Vias";Sim;3;0;0;1;2;0;1;2;-23,457972;-46,479927;SPRF-SP;DEL01-SP;UOP01-DEL01-SP
608697;20/06/2024;quinta-feira;03:30:00;MG;262;29;REDUTO;Acessar a via sem observar a presença dos outros veículos;Colisão lateral mesmo sentido;Com Vítimas Feridas;Plena Noite;Decrescente;Céu Claro;Simples;Interseção de Vias;Sim;2;0;1;0;1;0;1;2;-20,247223;-41,982025;SPRF-MG;DEL06-MG;UOP03-DEL06-MG
608698;20/06/2024;quinta-feira;05:00:00;RJ;116;299;PORTO REAL;Condutor Dormindo;Colisão traseira;Com Vítimas Feridas;Amanhecer;Decrescente;Nevoeiro/Neblina;Dupla;Reta;Não;3;0;0;1;1;2;1;4;-22,45153554;-44,34627905;SPRF-RJ;DEL07-RJ;UOP02-DEL07-RJ
608699;20/06/2024;quinta-feira;06:20:00;DF;20;7,9;BRASILIA;Manobra de mudança de faixa;Engavetamento;Com Vítimas Feridas;Pleno dia;Decrescente;Céu Claro;Dupla;"Reta;Declive";Sim;5;0;1;0;3;1;1;4;-15,662208;-47,799866;SPRF-DF;DEL02-DF;UOP01-DEL02-DF
608705;20/06/2024;quinta-feira;05:30:00;RJ;40;92;PETROPOLIS;Problema com o freio;Tombamento;Com Vítimas Feridas;Amanhecer;Crescente;Céu Claro;Dupla;Curva;Não;2;0;2;0;0;0;2;1;-22,55191954;-43,25068815;SPRF-RJ;DEL01-RJ;UOP01-DEL01-RJ
608710;20/06/2024;quinta-feira;03:00:00;MG;381;779,8;CAMPANHA;Velocidade Incompatível;Colisão com objeto;Sem Vítimas;Pleno dia;Decrescente;Nublado;Dupla;Reta;Sim;1;0;0;0;1;0;0;1;-21,83682863;-45,50981014;SPRF-MG;DEL16-MG;UOP02-DEL16-MG
608711;20/06/2024;quinta-feira;06:30:00;RS;392;9,9;RIO GRANDE;Condutor deixou de manter distância do veículo da frente;Colisão lateral mesmo sentido;Com Vítimas Feridas;Amanhecer;Decrescente;Céu Claro;Dupla;Reta;Não;2;0;1;0;0;1;1;2;-32,11099;-52,112198;SPRF-RS;DEL07-RS;UOP02-DEL07-RS
608712;20/06/2024;quinta-feira;07:20:00;SP;116;158;JACAREI;Reação tardia ou ineficiente do condutor;Engavetamento;Com Vítimas Feridas;Pleno dia;Decrescente;Céu Claro;Dupla;Reta;Não;8;0;6;0;2;0;6;3;-23,26072137;-45,95179176;SPRF-SP;DEL02-SP;UOP01-DEL02-SP
608714;20/06/2024;quinta-feira;06:55:00;GO;153;661,6;GOIATUBA;Acumulo de areia ou detritos sobre o pavimento;Colisão traseira;Com Vítimas Feridas;Pleno dia;Crescente;Céu Claro;Simples;Curva;Não;3;0;2;0;1;0;2;2;-18,0638;-49,269;SPRF-GO;DEL03-GO;UOP02-DEL03-GO
608717;20/06/2024;quinta-feira;07:30:00;SP;116;289;ITAPECERICA DA SERRA;Ausência de reação do condutor;Colisão traseira;Com Vítimas Feridas;Pleno dia;Decrescente;Céu Claro;Dupla;Reta;Sim;3;0;0;1;1;1;1;3;-23,72290969;-46,89096614;SPRF-SP;DEL04-SP;UOP01-DEL04-SP
608721;20/06/2024;quinta-feira;07:15:00;SC;280;68,1;JARAGUA DO SUL;Condutor deixou de manter distância do veículo da frente;Colisão traseira;Com Vítimas Feridas;Pleno dia;Decrescente;Nublado;Simples;"Rotatória;Reta;Interseção de Vias";Sim;6;0;2;2;2;0;4;5;-26,47248023;-49,11157492;SPRF-SC;DEL03-SC;UOP03-DEL03-SC
608728;20/06/2024;quinta-feira;09:00:00;SP;116;223;GUARULHOS;Trafegar com motocicleta (ou similar) entre as faixas;Colisão lateral mesmo sentido;Com Vítimas Feridas;Pleno dia;Decrescente;Nublado;Múltipla;Reta;Sim;3;0;2;0;0;1;2;2;-23,47559815;-46,5246609;SPRF-SP;DEL01-SP;UOP01-DEL01-SP
608729;20/06/2024;quinta-feira;08:40:00;PB;230;132,3;MASSARANDUBA;Acessar a via sem observar a presença dos outros veículos;Colisão lateral mesmo sentido;Com Vítimas Fatais;Pleno dia;Crescente;Céu Claro;Dupla;Reta;Não;2;1;0;0;1;0;0;2;-7,2772;-35,744;SPRF-PB;DEL02-PB;UOP01-DEL02-PB