id;data_inversa;dia_semana;horario;uf;br;km;municipio;causa_acidente;tipo_acidente;classificacao_acidente;fase_dia;sentido_via;condicao_metereologica;tipo_pista;tracado_via;uso_solo;pessoas;mortos;feridos_leves;feridos_graves;ilesos;ignorados;feridos;veiculos;latitude;longitude;regional;delegacia;uop
608733;19/06/2024;quarta-feira;08:15:00;PR;376;15;MARINGA;Velocidade Incompatível;Colisão traseira;Sem Vítimas;Pleno dia;Decrescente;Céu Claro;Dupla;"Aclive;Retorno Regulamentado";Sim;3;0;0;0;2;1;0;3;-23,41196097;-51,88025236;SPRF-PR;DEL09-PR;UOP01-DEL09-PR
608742;20/06/2024;quinta-feira;10:46:00;SC;101;211,3;SAO JOSE;Manobra de mudança de faixa;Colisão lateral mesmo sentido;Com Vítimas Feridas;Pleno dia;Decrescente;Nublado;Múltipla;Reta;Sim;3;0;1;0;2;0;1;3;-27,62329313;-48,65245588;SPRF-SC;DEL01-SC;UOP02-DEL01-SC
608772;11/05/2024;sábado;20:30:00;MG;365;52;CLARO DOS POCOES;Estacionar ou parar em local proibido;Colisão traseira;Com Vítimas Feridas;Plena Noite;Decrescente;Céu Claro;Simples;Reta;Não;4;0;0;1;1;2;1;4;-16,95683423;-44,24911273;SPRF-MG;DEL12-MG;UOP01-DEL12-MG
608773;19/04/2024;sexta-feira;14:00:00;PA;163;257;NOVO PROGRESSO;Ultrapassagem Indevida;Tombamento;Com Vítimas Feridas;Pleno dia;Crescente;Céu Claro;Simples;Curva;Não;3;0;0;1;0;4;1;5;-7,4753701;-55,28474712;SPRF-PA;DEL05-PA;UOP02-DEL05-PA
608774;20/06/2024;quinta-feira;14:40:00;MG;354;743,8;POUSO ALTO;Falta de acostamento;Colisão traseira;Com Vítimas Feridas;Pleno dia;Crescente;Céu Claro;Simples;"Curva;Declive";Não;4;0;2;0;1;1;2;4;-22,2393211;-44,93648355;SPRF-MG;DEL17-MG;UOP01-DEL17-MG
608776;20/06/2024;quinta-feira;14:15:00;BA;324;585;CANDEIAS;Velocidade Incompatível;Engavetamento;Com Vítimas Feridas;Pleno dia;Decrescente;Céu Claro;Dupla;Reta;Não;7;0;0;1;6;0;1;4;-12,63012705;-38,47968619;SPRF-BA;DEL01-BA;UOP01-DEL01-BA
608779;20/06/2024;quinta-feira;06:20:00;BA;116;536;ITATIM;Ultrapassagem Indevida;Colisão frontal;Com Vítimas Feridas;Pleno dia;Crescente;Chuva;Simples;Reta;Não;3;0;2;0;1;0;2;2;-12,75611922;-39,80106476;SPRF-BA;DEL03-BA;UOP02-DEL03-BA
608782;20/06/2024;quinta-feira;13:15:00;PR;277;0,3;PARANAGUA;Pedestre cruzava a pista fora da faixa;Colisão transversal;Com Vítimas Feridas;Pleno dia;Decrescente;Céu Claro;Simples;"Reta;Interseção de Vias";Sim;3;0;0;1;1;3;1;5;-25,5192308;-48,5430375;SPRF-PR;DEL01-PR;UOP05-DEL01-PR
608783;20/06/2024;quinta-feira;12:50:00;MS;60;241,6;BANDEIRANTES;Acesso irregular;Colisão lateral mesmo sentido;Sem Vítimas;Pleno dia;Decrescente;Céu Claro;Simples;Rotatória;Não;3;0;0;0;2;2;0;4;-19,67691695;-54,34532956;SPRF-MS;DEL06-MS;UOP02-DEL06-MS
608785;12/06/2024;quarta-feira;18:00:00;MT;364;346,7;SANTO ANTONIO DO LEVERGER;Carga excessiva e/ou mal acondicionada;Saída de leito carroçável;Com Vítimas Fatais;Plena Noite;Crescente;Céu Claro;Dupla;Curva;Não;3;3;0;0;0;0;0;1;-15,81193889;-55,53981241;SPRF-MT;DEL05-MT;UOP02-DEL05-MT
608787;20/06/2024;quinta-feira;15:10:00;SP;116;469;JACUPIRANGA;Reação tardia ou ineficiente do condutor;Colisão traseira;Com Vítimas Feridas;Pleno dia;Decrescente;Céu Claro;Dupla;"Reta;Em Obras";Não;5;0;2;0;2;1;2;4;-24,65247192;-47,95005601;SPRF-SP;DEL05-SP;UOP01-DEL05-SP
608791;31/05/2024;sexta-feira;11:15:00;RS;116;72;CAMPESTRE DA SERRA;Reação tardia ou ineficiente do condutor;Colisão traseira;Com Vítimas Feridas;Pleno dia;Crescente;Céu Claro;Simples;Reta;Não;2;0;0;1;1;0;1;2;-28,73470211;-51,09173176;SPRF-RS;DEL05-RS;UOP03-DEL05-RS
608792;20/06/2024;quinta-feira;15:28:00;SP;381;40,3;ATIBAIA;Ausência de reação do condutor;Colisão traseira;Com Vítimas Feridas;Pleno dia;Crescente;Céu Claro;Dupla;Reta;Sim;3;0;1;0;1;1;1;3;-23,12997498;-46,5767598;SPRF-SP;DEL03-SP;UOP01-DEL03-SP
608795;20/06/2024;quinta-feira;14:00:00;GO;20;21;FORMOSA;Velocidade Incompatível;Tombamento;Com Vítimas Feridas;Pleno dia;Crescente;Céu Claro;Simples;"Curva;Interseção de Vias";Não;2;0;2;0;0;0;2;1;-15,548405;-47,169384;SPRF-DF;DEL02-DF;UOP02-DEL02-DF
608797;20/06/2024;quinta-feira;11:50:00;SC;163;122,6;DIONISIO CERQUEIRA;Reação tardia ou ineficiente do condutor;Colisão traseira;Com Vítimas Fatais;Pleno dia;Crescente;Garoa/Chuvisco;Simples;"Em Obras;Reta;Declive";Não;3;1;0;0;1;1;0;3;-26,2920358;-53,5552567;SPRF-SC;DEL07-SC;UOP03-DEL07-SC
608799;20/06/2024;quinta-feira;14:20:00;AL;101;14;NOVO LINO;Chuva;Colisão com objeto;Com Vítimas Feridas;Pleno dia;Decrescente;Chuva;Dupla;"Curva;Retorno Regulamentado;Declive";Não;2;0;0;1;0;1;1;2;-8,98376638;-35,67363739;SPRF-AL;DEL01-AL;UOP02-DEL01-AL
608800;20/06/2024;quinta-feira;16:45:00;RS;153;44,4;ERECHIM;Desrespeitar a preferência no cruzamento;Colisão transversal;Sem Vítimas;Pleno dia;Decrescente;Chuva;Simples;"Declive;Rotatória";Não;2;0;0;0;2;0;0;2;-27,62193685;-52,2373724;SPRF-RS;DEL08-RS;UOP04-DEL08-RS
608816;20/06/2024;quinta-feira;15:45:00;RJ;116;209;SEROPEDICA;Fumaça;Colisão traseira;Com Vítimas Feridas;Pleno dia;Crescente;Céu Claro;Dupla;"Reta;Declive";Não;6;0;2;0;3;1;2;5;-22,721238;-43,681105;SPRF-RJ;DEL06-RJ;UOP02-DEL06-RJ
608818;20/06/2024;quinta-feira;18:00:00;GO;40;68,2;CRISTALINA;Transitar na contramão;Colisão frontal;Com Vítimas Fatais;Anoitecer;Crescente;Céu Claro;Simples;"Declive;Ponte;Reta";Não;5;4;0;0;1;0;0;2;-16,590008;-47,77895495;SPRF-DF;DEL01-DF;UOP02-DEL01-DF
608836;17/05/2024;sexta-feira;23:40:00;MG;381;349;JOAO MONLEVADE;Ausência de reação do condutor;Saída de leito carroçável;Com Vítimas Feridas;Plena Noite;Decrescente;Céu Claro;Simples;"Aclive;Reta";Não;2;0;1;0;1;0;1;1;-19,8499239;-43,14868105;SPRF-MG;DEL03-MG;UOP01-DEL03-MG
608838;20/06/2024;quinta-feira;06:00:00;BA;101;118;ALAGOINHAS;Reação tardia ou ineficiente do condutor;Colisão lateral sentido oposto;Com Vítimas Feridas;Amanhecer;Decrescente;Chuva;Simples;Reta;Não;3;0;1;0;2;0;1;2;-12,15886142;-38,546794;SPRF-BA;DEL01-BA;UOP04-DEL01-BA
608841;20/06/2024;quinta-feira;17:55:00;PR;153;392,2;MALLET;Transitar na contramão;Colisão frontal;Com Vítimas Fatais;Anoitecer;Crescente;Céu Claro;Simples;Reta;Não;2;1;0;0;1;0;0;2;-25,908131;-50,838938;SPRF-PR;DEL08-PR;UOP02-DEL08-PR
608849;20/06/2024;quinta-feira;19:40:00;SP;153;114,7;JOSE BONIFACIO;Ingestão de álcool pelo condutor;Colisão traseira;Com Vítimas Feridas;Plena Noite;Crescente;Céu Claro;Simples;Reta;Sim;4;0;1;0;1;2;1;4;-21,12117412;-49,69084075;SPRF-SP;DEL09-SP;UOP01-DEL09-SP
608853;20/06/2024;quinta-feira;19:50:00;SC;101;158;TIJUCAS;Animais na Pista;Atropelamento de Animal;Com Vítimas Feridas;Plena Noite;Decrescente;Nublado;Dupla;Reta;Não;3;0;1;0;1;1;1;3;-27,19096301;-48,61259017;SPRF-SC;DEL04-SC;UOP03-DEL04-SC
608859;20/06/2024;quinta-feira;20:30:00;PR;376;107,2;PARANAVAI;Mal súbito do condutor;Saída de leito carroçável;Com Vítimas Feridas;Plena Noite;Crescente;Céu Claro;Dupla;"Reta;Declive";Sim;2;0;1;0;0;1;1;2;-23,06349335;-52,43169241;SPRF-PR;DEL09-PR;UOP02-DEL09-PR
608863;20/06/2024;quinta-feira;21:00:00;RJ;101;309;SAO GONCALO;Manobra de mudança de faixa;Colisão lateral mesmo sentido;Com Vítimas Feridas;Plena Noite;Crescente;Céu Claro;Dupla;Reta;Sim;3;0;2;0;1;0;2;2;-22,79498873;-43,03446105;SPRF-RJ;DEL02-RJ;UOP02-DEL02-RJ
608867;20/06/2024;quinta-feira;18:30:00;SC;282;538;CHAPECO;Chuva;Colisão frontal;Com Vítimas Feridas;Plena Noite;Crescente;Chuva;Simples;"Aclive;Curva";Não;3;0;1;1;1;0;2;2;-27,00047589;-52,67019007;SPRF-SC;DEL07-SC;UOP01-DEL07-SC
608868;20/06/2024;quinta-feira;20:00:00;PR;376;676;GUARATUBA;Reação tardia ou ineficiente do condutor;Saída de leito carroçável;Com Vítimas Feridas;Plena Noite;Decrescente;Céu Claro;Simples;Reta;Não;2;0;1;0;0;1;1;2;-25,934734;-48,909655;SPRF-PR;DEL01-PR;UOP04-DEL01-PR
608871;20/06/2024;quinta-feira;21:45:00;BA;101;96;ALAGOINHAS;Condutor Dormindo;Colisão frontal;Com Vítimas Fatais;Plena Noite;Decrescente;Garoa/Chuvisco;Simples;Curva;Não;6;1;3;1;1;0;4;4;-12,11006784;-38,38454512;SPRF-BA;DEL01-BA;UOP04-DEL01-BA
608874;20/06/2024;quinta-feira;15:50:00;SC;153;93,5;CONCORDIA;Demais falhas mecânicas ou elétricas;Saída de leito carroçável;Com Vítimas Feridas;Pleno dia;Crescente;Chuva;Simples;Reta;Não;2;0;1;0;0;1;1;2;-27,192907;-51,936951;SPRF-SC;DEL07-SC;UOP04-DEL07-SC
608877;20/06/2024;quinta-feira;15:20:00;BA;101;204;MURITIBA;Manobra de mudança de faixa;Colisão transversal;Com Vítimas Feridas;Pleno dia;Crescente;Nublado;Simples;"Rotatória;Reta";Não;4;0;3;0;1;0;3;2;-12,603141;-39,015137;SPRF-BA;DEL01-BA;UOP02-DEL01-BA
608878;20/06/2024;quinta-feira;17:10:00;MG;116;221,7;CATUJI;Velocidade Incompatível;Tombamento;Com Vítimas Feridas;Pleno dia;Decrescente;Céu Claro;Simples;"Declive;Curva";Não;1;0;0;1;0;0;1;1;-17,41543302;-41,51420574;SPRF-MG;DEL11-MG;UOP01-DEL11-MG
608879;20/06/2024;quinta-feira;22:15:00;PR;153;88,8;JAPIRA;Demais falhas mecânicas ou elétricas;Incêndio;Sem Vítimas;Plena Noite;Crescente;Céu Claro;Simples;Reta;Não;2;0;0;0;1;1;0;2;-23,67245519;-50,16169279;SPRF-PR;DEL07-PR;UOP04-DEL07-PR
608882;21/06/2024;sexta-feira;01:00:00;GO;40;80;CRISTALINA;Reação tardia ou ineficiente do condutor;Colisão traseira;Com Vítimas Feridas;Plena Noite;Crescente;Céu Claro;Dupla;Reta;Não;2;0;2;0;0;0;2;2;-16,669464;-47,713391;SPRF-DF;DEL01-DF;UOP02-DEL01-DF
608885;21/06/2024;sexta-feira;01:00:00;SC;101;66,8;ARAQUARI;Reação tardia ou ineficiente do condutor;Colisão traseira;Com Vítimas Feridas;Plena Noite;Decrescente;Nublado;Dupla;Curva;Não;3;0;1;0;1;2;1;4;-26,48196288;-48,73564124;SPRF-SC;DEL03-SC;UOP02-DEL03-SC
608887;20/06/2024;quinta-feira;17:40:00;MT;70;681,7;CACERES;Acostamento em desnível;Saída de leito carroçável;Sem Vítimas;Anoitecer;Crescente;Céu Claro;Simples;Curva;Não;2;0;0;0;1;2;0;3;-16,12248137;-57,31052671;SPRF-MT;DEL03-MT;UOP02-DEL03-MT
608888;21/06/2024;sexta-feira;00:55:00;MT;163;713;SORRISO;Transitar na contramão;Colisão frontal;Com Vítimas Fatais;Plena Noite;Decrescente;Céu Claro;Simples;Reta;Não;4;2;0;0;1;1;0;3;-12,86763982;-55,83520174;SPRF-MT;DEL06-MT;UOP01-DEL06-MT
608889;21/06/2024;sexta-feira;02:05:00;RS;386;280,5;SAO JOSE DO HERVAL;Ausência de reação do condutor;Colisão traseira;Com Vítimas Feridas;Plena Noite;Decrescente;Chuva;Simples;Curva;Não;2;0;1;0;0;1;1;2;-29,025167;-52,311798;SPRF-RS;DEL04-RS;UOP03-DEL04-RS
608891;20/06/2024;quinta-feira;21:00:00;CE;222;123,8;ITAPAJE;Velocidade Incompatível;Tombamento;Com Vítimas Feridas;Plena Noite;Crescente;Céu Claro;Simples;"Declive;Rotatória";Sim;2;0;1;0;0;1;1;2;-3,68728127;-39,59053159;SPRF-CE;DEL04-CE;UOP03-DEL04-CE
608892;21/06/2024;sexta-feira;02:50:00;MG;381;339;NOVA ERA;Ultrapassagem Indevida;Colisão frontal;Com Vítimas Feridas;Plena Noite;Crescente;Céu Claro;Simples;Curva;Não;5;0;1;0;3;3;1;7;-19,833665;-43,09613103;SPRF-MG;DEL03-MG;UOP01-DEL03-MG
608897;20/06/2024;quinta-feira;23:15:00;MG;116;196;CARAI;Ausência de reação do condutor;Colisão lateral sentido oposto;Com Vítimas Fatais;Plena Noite;Decrescente;Céu Claro;Simples;"Reta;Aclive";Não;6;1;0;1;2;2;1;5;-17,20939808;-41,49474051;SPRF-MG;DEL11-MG;UOP01-DEL11-MG
608898;21/06/2024;sexta-feira;04:00:00;AL;101;163;CAMPO ALEGRE;Condutor deixou de manter distância do veículo da frente;Colisão traseira;Com Vítimas Feridas;Plena Noite;Decrescente;Chuva;Dupla;Reta;Não;3;0;0;1;1;3;1;5;-9,90026855;-36,26483399;SPRF-AL;DEL02-AL;UOP02-DEL02-AL
608899;20/06/2024;quinta-feira;18:40:00;RJ;116;197;QUEIMADOS;Iluminação deficiente;Colisão traseira;Com Vítimas Feridas;Plena Noite;Crescente;Céu Claro;Dupla;Reta;Não;2;0;1;0;0;1;1;2;-22,72980637;-43,56512004;SPRF-RJ;DEL06-RJ;UOP02-DEL06-RJ
608900;21/06/2024;sexta-feira;05:37:00;SC;101;70;ARAQUARI;Reação tardia ou ineficiente do condutor;Colisão traseira;Com Vítimas Feridas;Plena Noite;Decrescente;Nublado;Múltipla;Reta;Não;7;0;3;1;2;2;4;4;-26,51082007;-48,72345612;SPRF-SC;DEL03-SC;UOP02-DEL03-SC
608901;21/06/2024;sexta-feira;05:15:00;SP;116;330;JUQUITIBA;Acessar a via sem observar a presença dos outros veículos;Colisão traseira;Com Vítimas Feridas;Amanhecer;Decrescente;Nevoeiro/Neblina;Dupla;Reta;Não;3;0;1;0;1;1;1;2;-23,9442931;-47,09668891;SPRF-SP;DEL04-SP;UOP03-DEL04-SP
608905;21/06/2024;sexta-feira;05:15:00;MG;262;355,8;BETIM;Reação tardia ou ineficiente do condutor;Colisão traseira;Com Vítimas Fatais;Amanhecer;Decrescente;Nevoeiro/Neblina;Múltipla;"Reta;Declive";Não;8;1;2;1;4;0;3;3;-19,98016799;-44,22579002;SPRF-MG;DEL01-MG;UOP03-DEL01-MG
608909;21/06/2024;sexta-feira;04:15:00;RO;364;432;JARU;Ausência de reação do condutor;Colisão lateral sentido oposto;Com Vítimas Feridas;Plena Noite;Crescente;Céu Claro;Simples;Reta;Não;3;0;1;0;1;3;1;5;-10,40041019;-62,52516413;SPRF-RO;DEL03-RO;UOP02-DEL03-RO
608917;28/05/2024;terça-feira;07:40:00;SC;101;202,3;SAO JOSE;Manobra de mudança de faixa;Colisão lateral mesmo sentido;Com Vítimas Feridas;Pleno dia;Crescente;Céu Claro;Múltipla;Reta;Sim;5;0;3;0;2;0;3;4;-27,55711595;-48,61897889;SPRF-SC;DEL01-SC;UOP01-DEL01-SC
608918;21/06/2024;sexta-feira;07:30:00;ES;101;287,5;CARIACICA;Acessar a via sem observar a presença dos outros veículos;Colisão transversal;Com Vítimas Feridas;Pleno dia;Decrescente;Céu Claro;Dupla;"Aclive;Reta";Não;3;0;1;1;1;0;2;3;-20,26493528;-40,38471702;SPRF-ES;DEL01-ES;UOP01-DEL01-ES
608919;21/06/2024;sexta-feira;07:30:00;RS;116;0,8;ESTEIO;Manobra de mudança de faixa;Colisão traseira;Com Vítimas Feridas;Amanhecer;Crescente;Chuva;Dupla;"Viaduto;Reta";Sim;4;0;1;0;2;1;1;3;-29,83148605;-51,1771059;SPRF-RS;DEL05-RS;UOP03-DEL05-RS
608921;21/06/2024;sexta-feira;06:45:00;MG;381;452,1;SABARA;Ausência de reação do condutor;Colisão lateral sentido oposto;Com Vítimas Feridas;Pleno dia;Decrescente;Céu Claro;Simples;Reta;Não;4;0;1;0;2;2;1;5;-19,84339604;-43,88596993;SPRF-MG;DEL01-MG;UOP01-DEL01-MG
608926;21/06/2024;sexta-feira;08:00:00;PR;369;48;BANDEIRANTES;Condutor Dormindo;Colisão lateral sentido oposto;Com Vítimas Feridas;Pleno dia;Crescente;Céu Claro;Simples;Reta;Não;3;0;0;1;1;2;1;4;-23,10652889;-50,31386375;SPRF-PR;DEL07-PR;UOP05-DEL07-PR
608927;21/06/2024;sexta-feira;07:27:00;SC;101;136,5;BALNEARIO CAMBORIU;Acessar a via sem observar a presença dos outros veículos;Colisão lateral mesmo sentido;Com Vítimas Feridas;Pleno dia;Decrescente;Nublado;Dupla;Reta;Sim;2;0;0;1;1;0;1;2;-27,008113;-48,617245;SPRF-SC;DEL04-SC;UOP03-DEL04-SC
608930;21/06/2024;sexta-feira;06:45:00;MT;163;830;SINOP;Transitar na contramão;Colisão lateral sentido oposto;Com Vítimas Feridas;Pleno dia;Decrescente;Céu Claro;Dupla;Reta;Não;4;0;1;1;1;3;2;6;-11,90594442;-55,50683498;SPRF-MT;DEL06-MT;UOP02-DEL06-MT
608935;21/06/2024;sexta-feira;08:20:00;PB;230;145;CAMPINA GRANDE;Manobra de mudança de faixa;Colisão transversal;Com Vítimas Feridas;Pleno dia;Crescente;Céu Claro;Dupla;"Retorno Regulamentado;Curva";Sim;2;0;1;0;1;0;1;2;-7,2512;-35,8399;SPRF-PB;DEL02-PB;UOP01-DEL02-PB
608936;21/06/2024;sexta-feira;08:50:00;PE;101;46;IGARASSU;Acessar a via sem observar a presença dos outros veículos;Colisão traseira;Com Vítimas Feridas;Pleno dia;Crescente;Nublado;Múltipla;"Reta;Retorno Regulamentado";Sim;4;0;2;0;2;0;2;3;-7,87406004;-34,90588126;SPRF-PE;DEL01-PE;UOP02-DEL01-PE
608941;21/06/2024;sexta-feira;08:15:00;PR;376;498;PONTA GROSSA;Ausência de reação do condutor;Colisão traseira;Com Vítimas Feridas;Pleno dia;Decrescente;Céu Claro;Dupla;Reta;Sim;3;0;1;0;1;2;1;4;-25,18839776;-50,0846328;SPRF-PR;DEL03-PR;UOP04-DEL03-PR
608944;20/06/2024;quinta-feira;07:40:00;PR;153;496;GENERAL CARNEIRO;Acessar a via sem observar a presença dos outros veículos;Colisão transversal;Com Vítimas Feridas;Pleno dia;Crescente;Céu Claro;Simples;Reta;Não;5;0;0;2;2;1;2;3;-26,46995836;-51,32743835;SPRF-PR;DEL02-PR;UOP03-DEL02-PR
608945;21/06/2024;sexta-feira;06:00:00;PA;163;653;ITAITUBA;Ausência de reação do condutor;Tombamento;Com Vítimas Feridas;Amanhecer;Crescente;Céu Claro;Simples;Curva;Não;2;0;0;1;0;2;1;3;-4,50474;-55,866388;SPRF-PA;DEL05-PA;UOP02-DEL05-PA
608946;21/06/2024;sexta-feira;08:10:00;MG;262;575;CORREGO DANTA;Velocidade Incompatível;Colisão lateral sentido oposto;Com Vítimas Feridas;Pleno dia;Decrescente;Céu Claro;Simples;Curva;Não;3;0;0;1;1;2;1;4;-19,67341593;-46,04310036;SPRF-MG;DEL08-MG;UOP02-DEL08-MG
608947;21/06/2024;sexta-feira;09:40:00;PE;101;87;JABOATAO DOS GUARARAPES;Condutor deixou de manter distância do veículo da frente;Colisão traseira;Com Vítimas Feridas;Pleno dia;Crescente;Nublado;Dupla;Reta;Não;2;0;1;0;1;0;1;2;-8,193723;-34,975753;SPRF-PE;DEL01-PE;UOP01-DEL01-PE
608948;21/06/2024;sexta-feira;08:40:00;MS;262;487,2;ANASTACIO;Ausência de reação do condutor;Colisão lateral sentido oposto;Com Vítimas Fatais;Pleno dia;Decrescente;Céu Claro;Simples;Reta;Sim;4;1;0;0;2;3;0;5;-20,49896967;-55,78739397;SPRF-MS;DEL03-MS;UOP01-DEL03-MS
608950;01/05/2024;quarta-feira;02:30:00;GO;50;105;CRISTALINA;Animais na Pista;Tombamento;Com Vítimas Feridas;Plena Noite;Decrescente;Céu Claro;Dupla;Reta;Não;2;0;1;0;0;1;1;2;-16,9309;-47,7117;SPRF-DF;DEL01-DF;UOP02-DEL01-DF
608951;10/06/2024;segunda-feira;11:15:00;PR;277;196,4;PALMEIRA;Reação tardia ou ineficiente do condutor;Engavetamento;Com Vítimas Feridas;Pleno dia;Crescente;Céu Claro;Simples;Reta;Não;7;0;3;0;3;2;3;5;-25,43726675;-50,16777812;SPRF-PR;DEL08-PR;UOP02-DEL08-PR
608952;21/06/2024;sexta-feira;08:20:00;MG;50;72;UBERLANDIA;Ausência de reação do condutor;Tombamento;Com Vítimas Feridas;Pleno dia;Decrescente;Sol;Múltipla;Reta;Não;3;0;2;0;0;1;2;2;-18,90364144;-48,23440444;SPRF-MG;DEL15-MG;UOP01-DEL15-MG
608958;12/06/2024;quarta-feira;05:30:00;GO;158;70;PIRANHAS;Estacionar ou parar em local proibido;Colisão traseira;Com Vítimas Feridas;Plena Noite;Crescente;Céu Claro;Simples;Declive;Não;4;0;0;1;1;2;1;3;-16,34414294;-51,9333639;SPRF-GO;DEL04-GO;UOP02-DEL04-GO
608971;21/06/2024;sexta-feira;11:30:00;PR;277;124,1;CAMPO LARGO;Acessar a via sem observar a presença dos outros veículos;Colisão traseira;Com Vítimas Feridas;Pleno dia;Decrescente;Sol;Simples;"Reta;Interseção de Vias";Não;4;0;0;1;2;2;1;4;-25,44;-49,553;SPRF-PR;DEL03-PR;UOP03-DEL03-PR
608972;21/06/2024;sexta-feira;11:50:00;SC;282;459;PONTE SERRADA;Reação tardia ou ineficiente do condutor;Colisão traseira;Com Vítimas Feridas;Pleno dia;Crescente;Céu Claro;Simples;"Reta;Declive";Sim;3;0;1;0;1;2;1;4;-26,880604;-52,013371;SPRF-SC;DEL07-SC;UOP04-DEL07-SC
608983;21/06/2024;sexta-feira;11:30:00;MT;364;175;PEDRA PRETA;Reação tardia ou ineficiente do condutor;Engavetamento;Com Vítimas Feridas;Pleno dia;Crescente;Sol;Simples;"Reta;Ponte";Não;6;0;1;0;4;5;1;10;-16,62200601;-54,45224701;SPRF-MT;DEL02-MT;UOP01-DEL02-MT
608987;21/06/2024;sexta-feira;12:30:00;MG;40;569;NOVA LIMA;Condutor deixou de manter distância do veículo da frente;Colisão traseira;Com Vítimas Feridas;Pleno dia;Decrescente;Céu Claro;Simples;"Aclive;Reta";Não;3;0;1;0;1;1;1;3;-20,20394093;-43,97409456;SPRF-MG;DEL01-MG;UOP02-DEL01-MG
608991;21/06/2024;sexta-feira;12:45:00;SP;116;416;JUQUIA;Manobra de mudança de faixa;Colisão lateral mesmo sentido;Com Vítimas Feridas;Pleno dia;Crescente;Céu Claro;Dupla;Reta;Sim;3;0;1;0;0;2;1;3;-24,34184089;-47,64612417;SPRF-SP;DEL05-SP;UOP01-DEL05-SP
608993;21/06/2024;sexta-feira;14:15:00;RJ;116;310,8;RESENDE;Suicídio (presumido);Atropelamento de Pedestre;Com Vítimas Fatais;Pleno dia;Crescente;Céu Claro;Dupla;Reta;Não;2;1;0;0;1;0;0;2;-22,45923593;-44,434776;SPRF-RJ;DEL07-RJ;UOP02-DEL07-RJ
608996;21/06/2024;sexta-feira;15:25:00;PB;101;106;ALHANDRA;Ingestão de álcool pelo condutor;Colisão traseira;Com Vítimas Feridas;Pleno dia;Decrescente;Céu Claro;Dupla;Reta;Não;2;0;0;1;1;0;1;2;-7,31642501;-34,94666379;SPRF-PB;DEL01-PB;UOP02-DEL01-PB
608998;21/06/2024;sexta-feira;14:50:00;MG;40;630,2;CONSELHEIRO LAFAIETE;Conversão proibida;Colisão transversal;Sem Vítimas;Pleno dia;Decrescente;Céu Claro;Simples;"Interseção de Vias;Reta";Não;3;0;0;0;3;0;0;2;-20,663351;-43,803115;SPRF-MG;DEL05-MG;UOP02-DEL05-MG
609000;21/06/2024;sexta-feira;12:50:00;RO;364;648;CANDEIAS DO JAMARI;Demais falhas mecânicas ou elétricas;Incêndio;Sem Vítimas;Pleno dia;Decrescente;Céu Claro;Simples;Reta;Não;2;0;0;0;1;2;0;3;-8,939251;-63,43127203;SPRF-RO;DEL01-RO;UOP04-DEL01-RO
609007;07/06/2024;sexta-feira;11:37:00;MT;70;523;VARZEA GRANDE;Ausência de reação do condutor;Colisão traseira;Com Vítimas Feridas;Pleno dia;Decrescente;Céu Claro;Simples;Reta;Não;4;0;1;0;2;4;1;7;-15,659888;-56,187479;SPRF-MT;DEL01-MT;UOP02-DEL01-MT
609009;21/06/2024;sexta-feira;15:20:00;RJ;493;101;SEROPEDICA;Ausência de reação do condutor;Colisão traseira;Com Vítimas Feridas;Pleno dia;Decrescente;Céu Claro;Dupla;Reta;Não;3;0;2;0;0;1;2;2;-22,74990517;-43,72627258;SPRF-RJ;DEL01-RJ;UOP03-DEL01-RJ
609016;21/06/2024;sexta-feira;16:14:00;PE;423;94;GARANHUNS;Reação tardia ou ineficiente do condutor;Engavetamento;Com Vítimas Feridas;Anoitecer;Decrescente;Garoa/Chuvisco;Simples;"Curva;Em Obras";Sim;5;0;0;1;2;2;1;4;-8,874732;-36,46946;SPRF-PE;DEL03-PE;UOP01-DEL03-PE
609017;21/06/2024;sexta-feira;15:40:00;MG;40;613,3;CONGONHAS;Mal súbito do condutor;Colisão lateral sentido oposto;Com Vítimas Feridas;Pleno dia;Crescente;Sol;Simples;Reta;Não;7;0;0;1;5;1;1;4;-20,528075;-43,825538;SPRF-MG;DEL05-MG;UOP02-DEL05-MG
609027;21/06/2024;sexta-feira;17:45:00;RN;406;159;CEARA-MIRIM;Trafegar com motocicleta (ou similar) entre as faixas;Colisão lateral mesmo sentido;Com Vítimas Feridas;Anoitecer;Crescente;Céu Claro;Simples;Reta;Não;2;0;1;0;1;0;1;2;-5,7065959;-35,37766687;SPRF-RN;DEL02-RN;UOP01-DEL02-RN
609042;21/06/2024;sexta-feira;18:50:00;MG;251;487;FRANCISCO SA;Acesso irregular;Colisão transversal;Com Vítimas Feridas;Plena Noite;Crescente;Céu Claro;Simples;Reta;Não;3;0;1;0;1;2;1;4;-16,51784211;-43,55947992;SPRF-MG;DEL12-MG;UOP01-DEL12-MG
609043;21/06/2024;sexta-feira;14:35:00;MG;381;561,5;ITAGUARA;Velocidade Incompatível;Tombamento;Com Vítimas Feridas;Pleno dia;Crescente;Céu Claro;Dupla;Curva;Não;1;0;1;0;0;0;1;1;-20,395748;-44,503624;SPRF-MG;DEL04-MG;UOP03-DEL04-MG
609047;21/06/2024;sexta-feira;18:55:00;PB;230;143,6;CAMPINA GRANDE;Reação tardia ou ineficiente do condutor;Colisão traseira;Com Vítimas Feridas;Plena Noite;Crescente;Chuva;Dupla;Reta;Sim;2;0;1;0;0;1;1;2;-7,2557;-35,8223;SPRF-PB;DEL02-PB;UOP01-DEL02-PB