id;data_inversa;dia_semana;horario;uf;br;km;municipio;causa_acidente;tipo_acidente;classificacao_acidente;fase_dia;sentido_via;condicao_metereologica;tipo_pista;tracado_via;uso_solo;pessoas;mortos;feridos_leves;feridos_graves;ilesos;ignorados;feridos;veiculos;latitude;longitude;regional;delegacia;uop
609051;21/06/2024;sexta-feira;18:40:00;SC;101;212,4;PALHOCA;Reação tardia ou ineficiente do condutor;Colisão traseira;Com Vítimas Feridas;Plena Noite;Crescente;Nublado;Múltipla;Reta;Sim;4;0;0;1;2;1;1;4;-27,62996929;-48,65903871;SPRF-SC;DEL01-SC;UOP02-DEL01-SC
609055;21/06/2024;sexta-feira;04:50:00;AM;230;640;HUMAITA;Demais falhas mecânicas ou elétricas;Incêndio;Sem Vítimas;Amanhecer;Crescente;Céu Claro;Simples;Reta;Não;2;0;0;0;1;1;0;2;-7,57614918;-63,24894712;SPRF-AM;DEL01-AM;UOP05-DEL01-AM
609056;21/06/2024;sexta-feira;18:40:00;RS;290;364;VILA NOVA DO SUL;Ultrapassagem Indevida;Colisão frontal;Com Vítimas Feridas;Anoitecer;Crescente;Garoa/Chuvisco;Simples;"Reta;Aclive";Não;4;0;0;2;1;1;2;4;-30,367632;-53,811005;SPRF-RS;DEL09-RS;UOP02-DEL09-RS
609070;21/06/2024;sexta-feira;16:10:00;SC;470;94;APIUNA;Reação tardia ou ineficiente do condutor;Engavetamento;Com Vítimas Feridas;Pleno dia;Decrescente;Nublado;Simples;Reta;Sim;4;0;1;0;1;2;1;4;-27,003345;-49,374668;SPRF-SC;DEL04-SC;UOP01-DEL04-SC
609074;21/06/2024;sexta-feira;17:40:00;RN;110;33,6;MOSSORO;Acessar a via sem observar a presença dos outros veículos;Colisão transversal;Com Vítimas Feridas;Pleno dia;Decrescente;Céu Claro;Simples;Interseção de Vias;Não;5;0;2;0;2;2;2;4;-5,15611148;-37,22117329;SPRF-RN;DEL04-RN;UOP01-DEL04-RN
609079;21/06/2024;sexta-feira;19:30:00;RS;386;219,6;TIO HUGO;Reação tardia ou ineficiente do condutor;Colisão lateral sentido oposto;Com Vítimas Feridas;Plena Noite;Decrescente;Nublado;Simples;Reta;Não;3;0;0;1;2;0;1;2;-28,601351;-52,606323;SPRF-RS;DEL04-RS;UOP03-DEL04-RS
609081;21/06/2024;sexta-feira;20:45:00;RS;285;202,6;LAGOA VERMELHA;Reação tardia ou ineficiente do condutor;Saída de leito carroçável;Sem Vítimas;Plena Noite;Decrescente;Céu Claro;Simples;"Curva;Aclive";Não;2;0;0;0;1;1;0;2;-28,215328;-51,553638;SPRF-RS;DEL08-RS;UOP05-DEL08-RS
609085;21/06/2024;sexta-feira;21:00:00;RS;153;35;TRES ARROIOS;Ingestão de álcool pelo condutor;Colisão frontal;Sem Vítimas;Plena Noite;Decrescente;Céu Claro;Simples;Reta;Não;3;0;0;0;2;1;0;3;-27,55334896;-52,20378104;SPRF-RS;DEL08-RS;UOP04-DEL08-RS
609088;21/06/2024;sexta-feira;21:00:00;ES;262;95;DOMINGOS MARTINS;Desrespeitar a preferência no cruzamento;Colisão transversal;Com Vítimas Feridas;Plena Noite;Crescente;Céu Claro;Simples;Interseção de Vias;Não;3;0;1;0;2;0;1;2;-20,3659225;-41,06040133;SPRF-ES;DEL01-ES;UOP02-DEL01-ES
609098;21/06/2024;sexta-feira;21:45:00;PR;476;160,3;ARAUCARIA;Condutor Dormindo;Colisão frontal;Com Vítimas Fatais;Plena Noite;Crescente;Céu Claro;Dupla;"Reta;Aclive";Sim;4;1;0;0;1;2;0;3;-25,619013;-49,440125;SPRF-PR;DEL01-PR;UOP06-DEL01-PR
609099;21/06/2024;sexta-feira;17:50:00;RS;285;152,5;MUITOS CAPOES;Acessar a via sem observar a presença dos outros veículos;Colisão lateral mesmo sentido;Com Vítimas Feridas;Plena Noite;Decrescente;Nublado;Simples;Reta;Não;2;0;1;0;1;0;1;2;-28,3330552;-51,15849137;SPRF-RS;DEL05-RS;UOP03-DEL05-RS
609102;21/06/2024;sexta-feira;17:20:00;MA;10;250,2;IMPERATRIZ;Manobra de mudança de faixa;Colisão traseira;Sem Vítimas;Plena Noite;Decrescente;Céu Claro;Simples;Reta;Sim;4;0;0;0;4;0;0;2;-5,550874;-47,459305;SPRF-MA;DEL04-MA;UOP01-DEL04-MA
609103;21/06/2024;sexta-feira;19:40:00;AL;316;132;MINADOR DO NEGRAO;Ausência de sinalização;Saída de leito carroçável;Sem Vítimas;Plena Noite;Crescente;Chuva;Simples;"Curva;Interseção de Vias;Em Obras";Não;1;0;0;0;1;0;0;1;-9,39069017;-36,83155775;SPRF-AL;DEL03-AL;UOP01-DEL03-AL
609104;21/06/2024;sexta-feira;20:45:00;MS;262;222,6;RIBAS DO RIO PARDO;Ultrapassagem Indevida;Colisão lateral sentido oposto;Com Vítimas Feridas;Plena Noite;Decrescente;Céu Claro;Simples;Reta;Não;6;0;1;1;3;2;2;5;-20,47066;-53,601042;SPRF-MS;DEL01-MS;UOP05-DEL01-MS
609105;21/06/2024;sexta-feira;19:00:00;PR;376;56,9;GUAIRACA;Transitar na contramão;Colisão lateral sentido oposto;Sem Vítimas;Plena Noite;Crescente;Céu Claro;Simples;"Reta;Aclive";Não;3;0;0;0;2;2;0;4;-22,923017;-52,868316;SPRF-PR;DEL09-PR;UOP02-DEL09-PR
609125;19/06/2024;quarta-feira;17:30:00;BA;407;214;CAPIM GROSSO;Velocidade Incompatível;Tombamento;Sem Vítimas;Pleno dia;Decrescente;Nublado;Simples;"Curva;Ponte;Declive";Não;2;0;0;0;0;2;0;2;-11,22077798;-40,02906096;SPRF-BA;DEL04-BA;UOP02-DEL04-BA
609127;21/06/2024;sexta-feira;22:32:00;PR;373;263,1;PRUDENTOPOLIS;Transitar na contramão;Colisão frontal;Com Vítimas Fatais;Plena Noite;Crescente;Céu Claro;Simples;Reta;Não;3;1;0;0;1;2;0;4;-25,2015014;-50,95333903;SPRF-PR;DEL08-PR;UOP01-DEL08-PR
609129;21/06/2024;sexta-feira;17:51:00;RO;364;813;PORTO VELHO;Condutor deixou de manter distância do veículo da frente;Colisão traseira;Com Vítimas Feridas;Anoitecer;Crescente;Céu Claro;Simples;Reta;Não;2;0;0;1;1;0;1;2;-9,27487932;-64,51108893;SPRF-RO;DEL01-RO;UOP02-DEL01-RO
609145;22/06/2024;sábado;01:30:00;SC;101;328,7;CAPIVARI DE BAIXO;Manobra de mudança de faixa;Derramamento de carga;Sem Vítimas;Plena Noite;Decrescente;Céu Claro;Múltipla;Reta;Não;4;0;0;0;3;1;0;4;-28,4505813;-48,97202969;SPRF-SC;DEL02-SC;UOP01-DEL02-SC
609149;22/06/2024;sábado;04:30:00;MG;381;404;BOM JESUS DO AMPARO;Reação tardia ou ineficiente do condutor;Saída de leito carroçável;Com Vítimas Feridas;Plena Noite;Decrescente;Céu Claro;Dupla;Reta;Não;1;0;1;0;0;0;1;1;-19,7490622;-43,54398027;SPRF-MG;DEL01-MG;UOP01-DEL01-MG
609159;22/06/2024;sábado;06:00:00;BA;324;486;FEIRA DE SANTANA;Ingestão de álcool pelo condutor;Colisão frontal;Com Vítimas Feridas;Pleno dia;Decrescente;Sol;Simples;Curva;Não;4;0;1;0;1;3;1;5;-12,03219783;-39,0242809;SPRF-BA;DEL02-BA;UOP01-DEL02-BA
609171;29/05/2024;quarta-feira;08:00:00;MG;262;147,4;RIO CASCA;Condutor Dormindo;Saída de leito carroçável;Com Vítimas Fatais;Pleno dia;Decrescente;Céu Claro;Simples;"Em Obras;Curva;Ponte";Não;1;1;0;0;0;0;0;1;-20,02007782;-42,74457075;SPRF-MG;DEL03-MG;UOP03-DEL03-MG
609172;22/06/2024;sábado;05:35:00;PB;230;234,4;JUAZEIRINHO;Condutor deixou de manter distância do veículo da frente;Colisão traseira;Com Vítimas Feridas;Pleno dia;Crescente;Nublado;Simples;Reta;Não;4;0;1;0;2;1;1;4;-7,0388;-36,5116;SPRF-PB;DEL02-PB;UOP02-DEL02-PB
609179;22/06/2024;sábado;07:20:00;RJ;493;22;MAGE;Trafegar com motocicleta (ou similar) entre as faixas;Colisão lateral mesmo sentido;Com Vítimas Feridas;Pleno dia;Decrescente;Céu Claro;Simples;Reta;Sim;3;0;2;0;1;0;2;2;-22,659311;-43,053303;SPRF-RJ;DEL04-RJ;UOP02-DEL04-RJ
609180;22/06/2024;sábado;02:20:00;SP;116;503;CAJATI;Velocidade Incompatível;Tombamento;Com Vítimas Feridas;Plena Noite;Decrescente;Céu Claro;Simples;"Declive;Curva";Sim;3;0;1;0;0;2;1;3;-24,77541893;-48,20947907;SPRF-SP;DEL05-SP;UOP02-DEL05-SP
609181;22/06/2024;sábado;06:40:00;SP;153;42,8;ONDA VERDE;Transitar na contramão;Colisão lateral sentido oposto;Com Vítimas Feridas;Amanhecer;Crescente;Nevoeiro/Neblina;Simples;Reta;Não;4;0;1;1;1;1;2;4;-20,6438256;-49,34011996;SPRF-SP;DEL09-SP;UOP01-DEL09-SP
609189;22/06/2024;sábado;08:03:00;PR;376;632,5;SAO JOSE DOS PINHAIS;Manobra de mudança de faixa;Colisão lateral mesmo sentido;Com Vítimas Feridas;Pleno dia;Decrescente;Céu Claro;Dupla;"Aclive;Reta";Não;4;0;0;2;1;2;2;4;-25,71305887;-49,13941456;SPRF-PR;DEL01-PR;UOP04-DEL01-PR
609199;22/06/2024;sábado;04:40:00;SC;282;478,9;VARGEAO;Transitar na contramão;Colisão frontal;Com Vítimas Fatais;Plena Noite;Crescente;Nublado;Simples;Curva;Não;2;1;0;0;1;0;0;2;-26,8831971;-52,1778083;SPRF-SC;DEL07-SC;UOP01-DEL07-SC
609201;22/06/2024;sábado;00:22:00;PI;135;169;MANOEL EMIDIO;Ausência de reação do condutor;Saída de leito carroçável;Com Vítimas Feridas;Plena Noite;Crescente;Céu Claro;Simples;Reta;Não;2;0;0;1;0;2;1;3;-7,94608794;-43,83761802;SPRF-PI;DEL03-PI;UOP01-DEL03-PI
609202;22/06/2024;sábado;09:15:00;SC;101;211;SAO JOSE;Ausência de reação do condutor;Colisão traseira;Com Vítimas Feridas;Pleno dia;Crescente;Céu Claro;Múltipla;Reta;Sim;2;0;0;1;1;0;1;2;-27,62329313;-48,65245588;SPRF-SC;DEL01-SC;UOP02-DEL01-SC
609205;22/06/2024;sábado;09:20:00;RS;386;391,3;TRIUNFO;Velocidade Incompatível;Colisão lateral mesmo sentido;Com Vítimas Feridas;Pleno dia;Decrescente;Céu Claro;Simples;"Declive;Desvio Temporário;Reta";Não;8;0;1;0;6;3;1;6;-29,7029;-51,665871;SPRF-RS;DEL04-RS;UOP02-DEL04-RS
609209;21/06/2024;sexta-feira;05:20:00;RJ;393;198;PARAIBA DO SUL;Condutor Dormindo;Saída de leito carroçável;Com Vítimas Feridas;Amanhecer;Decrescente;Ignorado;Simples;Reta;Não;1;0;0;1;0;0;1;1;-22,20864263;-43,38170217;SPRF-RJ;DEL05-RJ;UOP03-DEL05-RJ
609212;22/06/2024;sábado;07:25:00;RN;406;122,1;TAIPU;Ausência de reação do condutor;Colisão lateral mesmo sentido;Com Vítimas Feridas;Pleno dia;Crescente;Céu Claro;Simples;Reta;Não;7;0;3;3;1;0;6;2;-5,58902879;-35,65036593;SPRF-RN;DEL02-RN;UOP01-DEL02-RN
609214;22/06/2024;sábado;07:15:00;SC;101;424,1;ARARANGUA;Reação tardia ou ineficiente do condutor;Tombamento;Com Vítimas Feridas;Amanhecer;Decrescente;Céu Claro;Dupla;Reta;Não;2;0;1;0;0;1;1;2;-29,01601155;-49,58269226;SPRF-SC;DEL02-SC;UOP02-DEL02-SC
609232;22/06/2024;sábado;09:30:00;MT;163;835;SINOP;Manobra de mudança de faixa;Colisão lateral mesmo sentido;Sem Vítimas;Pleno dia;Crescente;Céu Claro;Simples;Reta;Não;3;0;0;0;2;1;0;3;-11,86088313;-55,49499035;SPRF-MT;DEL06-MT;UOP02-DEL06-MT
609242;22/06/2024;sábado;12:00:00;MG;381;940,5;EXTREMA;Velocidade Incompatível;Tombamento;Com Vítimas Feridas;Pleno dia;Decrescente;Céu Claro;Dupla;Curva;Sim;2;0;1;0;0;2;1;3;-22,82575593;-46,31227255;SPRF-MG;DEL16-MG;UOP03-DEL16-MG
609244;22/06/2024;sábado;12:35:00;GO;153;504,4;APARECIDA DE GOIANIA;Ausência de reação do condutor;Colisão lateral mesmo sentido;Sem Vítimas;Pleno dia;Crescente;Sol;Dupla;Reta;Sim;3;0;0;0;2;2;0;4;-16,7451;-49,2408;SPRF-GO;DEL01-GO;UOP01-DEL01-GO
609247;22/06/2024;sábado;12:15:00;MG;381;767,2;CAMPANHA;Acessar a via sem observar a presença dos outros veículos;Atropelamento de Pedestre;Com Vítimas Feridas;Pleno dia;Crescente;Céu Claro;Dupla;"Curva;Declive";Não;2;0;0;1;1;0;1;2;-21,76799733;-45,42028285;SPRF-MG;DEL16-MG;UOP02-DEL16-MG
609250;22/06/2024;sábado;08:52:00;TO;153;118;WANDERLANDIA;Ausência de reação do condutor;Colisão lateral sentido oposto;Com Vítimas Fatais;Pleno dia;Decrescente;Sol;Simples;"Reta;Ponte";Não;6;1;1;2;0;5;3;8;-7,01707444;-48,10074025;SPRF-TO;DEL02-TO;UOP01-DEL02-TO
609251;26/02/2024;segunda-feira;07:20:00;PR;467;109,8;CASCAVEL;Desrespeitar a preferência no cruzamento;Colisão transversal;Com Vítimas Feridas;Pleno dia;Decrescente;Céu Claro;Dupla;"Reta;Retorno Regulamentado";Sim;2;0;0;1;1;0;1;2;-24,92789039;-53,45578194;SPRF-PR;DEL04-PR;UOP01-DEL04-PR
609259;22/06/2024;sábado;13:35:00;RS;290;718,8;URUGUAIANA;Demais falhas mecânicas ou elétricas;Saída de leito carroçável;Sem Vítimas;Pleno dia;Decrescente;Céu Claro;Simples;Reta;Sim;1;0;0;0;1;0;0;1;-29,774612;-57,04377;SPRF-RS;DEL13-RS;UOP01-DEL13-RS
609266;22/06/2024;sábado;14:30:00;MT;158;764;BARRA DO GARCAS;Ultrapassagem Indevida;Colisão lateral mesmo sentido;Sem Vítimas;Pleno dia;Crescente;Céu Claro;Simples;Reta;Não;3;0;0;0;3;0;0;2;-15,61617498;-52,20729646;SPRF-MT;DEL07-MT;UOP01-DEL07-MT
609267;22/06/2024;sábado;15:15:00;MG;381;536,5;ITATIAIUCU;Transitar na contramão;Colisão frontal;Com Vítimas Feridas;Pleno dia;Crescente;Céu Claro;Dupla;Reta;Não;3;0;0;1;1;2;1;4;-20,22443302;-44,39530859;SPRF-MG;DEL04-MG;UOP03-DEL04-MG
609269;22/06/2024;sábado;14:00:00;RS;116;0;VACARIA;Reação tardia ou ineficiente do condutor;Tombamento;Com Vítimas Fatais;Pleno dia;Decrescente;Céu Claro;Simples;"Curva;Declive";Não;1;1;0;0;0;0;0;1;-28,210476;-50,759827;SPRF-RS;DEL05-RS;UOP03-DEL05-RS
609270;22/06/2024;sábado;15:30:00;RS;116;465,1;SAO LOURENCO DO SUL;Conversão proibida;Colisão transversal;Com Vítimas Fatais;Pleno dia;Crescente;Céu Claro;Dupla;"Curva;Em Obras;Desvio Temporário";Não;2;1;0;0;1;0;0;2;-31,32224393;-52,03089939;SPRF-RS;DEL07-RS;UOP01-DEL07-RS
609272;22/06/2024;sábado;07:00:00;MT;163;971;TERRA NOVA DO NORTE;Reação tardia ou ineficiente do condutor;Tombamento;Sem Vítimas;Pleno dia;Crescente;Sol;Simples;"Curva;Aclive";Não;1;0;0;0;0;1;0;1;-10,70031805;-55,11915386;SPRF-MT;DEL06-MT;UOP03-DEL06-MT
609273;22/06/2024;sábado;12:45:00;MG;381;937,8;EXTREMA;Curva acentuada;Saída de leito carroçável;Com Vítimas Feridas;Pleno dia;Crescente;Sol;Dupla;Curva;Não;4;0;2;0;2;0;2;2;-22,81267324;-46,28976345;SPRF-MG;DEL16-MG;UOP03-DEL16-MG
609290;22/06/2024;sábado;17:25:00;RJ;101;59;CAMPOS DOS GOYTACAZES;Reação tardia ou ineficiente do condutor;Colisão lateral mesmo sentido;Com Vítimas Feridas;Anoitecer;Decrescente;Céu Claro;Simples;Reta;Não;3;0;1;0;2;0;1;2;-21,71366497;-41,30861915;SPRF-RJ;DEL08-RJ;UOP01-DEL08-RJ
609291;22/06/2024;sábado;16:40:00;PI;316;19,7;TERESINA;Conversão proibida;Colisão transversal;Com Vítimas Feridas;Pleno dia;Crescente;Sol;Múltipla;Reta;Não;3;0;1;0;1;3;1;5;-5,265623;-42,727868;SPRF-PI;DEL01-PI;UOP02-DEL01-PI
609294;22/06/2024;sábado;14:50:00;MA;135;24;SAO LUIS;Manobra de mudança de faixa;Colisão transversal;Com Vítimas Feridas;Pleno dia;Decrescente;Céu Claro;Dupla;Declive;Não;4;0;1;0;2;1;1;3;-2,75938096;-44,35428204;SPRF-MA;DEL01-MA;UOP01-DEL01-MA
609296;22/06/2024;sábado;14:30:00;PR;373;311,5;FOZ DO JORDAO;Ultrapassagem Indevida;Colisão frontal;Com Vítimas Feridas;Pleno dia;Crescente;Céu Claro;Simples;Curva;Não;3;0;1;0;2;0;1;3;-25,637034;-52,101206;SPRF-PR;DEL08-PR;UOP01-DEL08-PR
609298;22/06/2024;sábado;17:10:00;RJ;101;132;CARAPEBUS;Ausência de reação do condutor;Colisão com objeto;Com Vítimas Feridas;Plena Noite;Decrescente;Céu Claro;Dupla;Reta;Não;2;0;1;0;1;0;1;1;-22,12299312;-41,70695979;SPRF-RJ;DEL08-RJ;UOP04-DEL08-RJ
609300;22/06/2024;sábado;15:30:00;SC;282;221;LAGES;Transitar na contramão;Colisão lateral sentido oposto;Com Vítimas Feridas;Pleno dia;Decrescente;Céu Claro;Simples;"Declive;Reta";Não;4;0;1;0;2;1;1;3;-27,79694515;-50,34697294;SPRF-SC;DEL05-SC;UOP01-DEL05-SC
609307;22/06/2024;sábado;15:30:00;GO;414;338;COCALZINHO DE GOIAS;Ingestão de álcool pelo condutor;Colisão traseira;Com Vítimas Feridas;Pleno dia;Decrescente;Céu Claro;Simples;"Curva;Aclive";Não;3;0;1;1;0;1;2;2;-15,532937;-48,624592;SPRF-GO;DEL02-GO;UOP01-DEL02-GO
609310;22/06/2024;sábado;11:50:00;PR;277;145;BALSA NOVA;Ausência de reação do condutor;Colisão traseira;Com Vítimas Feridas;Pleno dia;Crescente;Céu Claro;Simples;Reta;Não;4;0;3;0;0;1;3;4;-25,47012747;-49,79085445;SPRF-PR;DEL03-PR;UOP03-DEL03-PR
609314;24/05/2024;sexta-feira;21:00:00;PE;104;40;CARUARU;Ausência de reação do condutor;Colisão lateral mesmo sentido;Sem Vítimas;Plena Noite;Decrescente;Nublado;Dupla;Reta;Não;2;0;0;0;1;1;0;2;-8,0938;-36,0334;SPRF-PE;DEL02-PE;UOP01-DEL02-PE
609317;22/06/2024;sábado;18:30:00;SP;116;111,3;TAUBATE;Acessar a via sem observar a presença dos outros veículos;Colisão lateral mesmo sentido;Com Vítimas Feridas;Pleno dia;Crescente;Céu Claro;Dupla;"Interseção de Vias;Reta";Sim;3;0;1;0;2;0;1;2;-23,03933724;-45,56270599;SPRF-SP;DEL02-SP;UOP02-DEL02-SP
609325;22/06/2024;sábado;19:00:00;TO;10;463;PALMAS;Reação tardia ou ineficiente do condutor;Colisão transversal;Sem Vítimas;Plena Noite;Crescente;Céu Claro;Dupla;Reta;Sim;3;0;0;0;2;3;0;5;-10,240333;-48,312758;SPRF-TO;DEL01-TO;UOP03-DEL01-TO
609355;23/06/2024;domingo;02:40:00;BA;110;216;NOVA SOURE;Deficiência do Sistema de Iluminação/Sinalização;Colisão traseira;Com Vítimas Fatais;Plena Noite;Crescente;Céu Claro;Simples;Reta;Não;2;1;0;0;0;1;0;2;-11,268002;-38,448806;SPRF-BA;DEL07-BA;UOP02-DEL07-BA
609370;23/06/2024;domingo;04:00:00;PE;232;101;BEZERROS;Demais falhas mecânicas ou elétricas;Colisão traseira;Com Vítimas Feridas;Amanhecer;Decrescente;Nublado;Dupla;Reta;Sim;6;0;2;2;1;1;4;2;-8,24194679;-35,75097313;SPRF-PE;DEL02-PE;UOP02-DEL02PE
609376;22/06/2024;sábado;20:20:00;SC;101;81;BARRA VELHA;Condutor Dormindo;Colisão com objeto;Com Vítimas Feridas;Plena Noite;Decrescente;Nublado;Dupla;Reta;Não;5;0;2;0;2;1;2;4;-26,60256101;-48,72553524;SPRF-SC;DEL03-SC;UOP02-DEL03-SC
609391;22/06/2024;sábado;15:58:00;TO;153;241,7;COLINAS DO TOCANTINS;Ausência de reação do condutor;Tombamento;Com Vítimas Feridas;Pleno dia;Decrescente;Céu Claro;Simples;Reta;Não;2;0;1;0;0;1;1;2;-8,00311201;-48,46495374;SPRF-TO;DEL02-TO;UOP01-DEL02-TO
609400;23/06/2024;domingo;03:45:00;RJ;116;190;QUEIMADOS;Condutor Dormindo;Colisão traseira;Com Vítimas Feridas;Plena Noite;Crescente;Céu Claro;Dupla;Curva;Não;2;0;1;0;0;1;1;2;-22,74123776;-43,5007311;SPRF-RJ;DEL06-RJ;UOP01-DEL06-RJ
609401;22/06/2024;sábado;21:25:00;PR;376;514,9;PONTA GROSSA;Acessar a via sem observar a presença dos outros veículos;Colisão transversal;Com Vítimas Feridas;Plena Noite;Decrescente;Céu Claro;Dupla;"Reta;Retorno Regulamentado";Não;5;0;2;1;1;2;3;4;-25,24605745;-50,02255016;SPRF-PR;DEL03-PR;UOP04-DEL03-PR
609415;23/06/2024;domingo;05:20:00;RO;364;518;ARIQUEMES;Reação tardia ou ineficiente do condutor;Colisão transversal;Sem Vítimas;Amanhecer;Crescente;Céu Claro;Simples;"Reta;Interseção de Vias";Sim;2;0;0;0;1;1;0;2;-9,897787;-63,05624596;SPRF-RO;DEL03-RO;UOP01-DEL03-RO
609416;22/06/2024;sábado;21:00:00;GO;153;400,9;PIRENOPOLIS;Ingestão de álcool pelo condutor;Colisão frontal;Com Vítimas Feridas;Plena Noite;Decrescente;Céu Claro;Simples;"Reta;Declive;Interseção de Vias";Não;2;0;1;0;1;0;1;2;-16,029528;-49,093914;SPRF-GO;DEL02-GO;UOP02-DEL02-GO
609431;11/06/2024;terça-feira;10:30:00;PE;101;50;ABREU E LIMA;Reação tardia ou ineficiente do condutor;Colisão lateral mesmo sentido;Com Vítimas Feridas;Pleno dia;Crescente;Céu Claro;Dupla;"Declive;Reta";Sim;10;0;1;0;1;8;1;10;-7,90938602;-34,90123228;SPRF-PE;DEL01-PE;UOP02-DEL01-PE
609442;23/06/2024;domingo;06:20:00;PE;407;127;PETROLINA;Ingestão de álcool pelo condutor;Colisão transversal;Sem Vítimas;Amanhecer;Crescente;Céu Claro;Simples;Interseção de Vias;Sim;2;0;0;0;2;0;0;2;-9,3908678;-40,52038627;SPRF-PE;DEL06-PE;UOP01-DEL06-PE
609445;23/06/2024;domingo;09:00:00;MG;40;440,8;PARAOPEBA;Reação tardia ou ineficiente do condutor;Colisão traseira;Com Vítimas Feridas;Pleno dia;Decrescente;Sol;Dupla;Reta;Não;2;0;0;1;1;0;1;2;-19,23100428;-44,43562244;SPRF-MG;DEL02-MG;UOP01-DEL02-MG
609448;23/06/2024;domingo;08:30:00;MG;381;618,1;OLIVEIRA;Mal súbito do condutor;Colisão com objeto;Com Vítimas Feridas;Pleno dia;Decrescente;Céu Claro;Dupla;Curva;Não;3;0;1;0;1;1;1;3;-20,76895697;-44,78171707;SPRF-MG;DEL04-MG;UOP01-DEL04-MG
609449;23/06/2024;domingo;05:40:00;BA;101;328;WENCESLAU GUIMARAES;Transitar na contramão;Colisão frontal;Com Vítimas Feridas;Amanhecer;Decrescente;Nublado;Simples;Reta;Não;2;0;0;1;1;0;1;2;-13,59995935;-39,48930397;SPRF-BA;DEL05-BA;UOP03-DEL05-BA
609450;23/06/2024;domingo;07:40:00;BA;101;455;ITACARE;Acostamento em desnível;Tombamento;Com Vítimas Feridas;Pleno dia;Crescente;Nublado;Simples;"Reta;Aclive";Não;2;0;0;1;0;1;1;2;-14,391692;-39,323687;SPRF-BA;DEL05-BA;UOP01-DEL05-BA
609454;23/06/2024;domingo;08:00:00;BA;110;208;CIPO;Transitar na contramão;Colisão frontal;Com Vítimas Fatais;Pleno dia;Crescente;Céu Claro;Simples;Reta;Não;3;1;0;0;1;2;0;4;-11,112348;-38,52;SPRF-BA;DEL07-BA;UOP02-DEL07-BA
609459;07/06/2024;sexta-feira;15:28:00;RJ;116;178;BELFORD ROXO;Condutor deixou de manter distância do veículo da frente;Colisão traseira;Sem Vítimas;Pleno dia;Crescente;Céu Claro;Múltipla;Reta;Não;5;0;0;0;5;0;0;5;-22,77496393;-43,40081465;SPRF-RJ;DEL06-RJ;UOP01-DEL06-RJ
609460;23/06/2024;domingo;07:10:00;MG;365;284;JOAO PINHEIRO;Demais falhas mecânicas ou elétricas;Incêndio;Sem Vítimas;Pleno dia;Decrescente;Céu Claro;Simples;Aclive;Não;2;0;0;0;1;1;0;2;-18,05183494;-45,6521241;SPRF-MG;DEL10-MG;UOP02-DEL010-MG
609462;23/06/2024;domingo;08:00:00;BA;116;683;JEQUIE;Condutor Dormindo;Saída de leito carroçável;Com Vítimas Feridas;Pleno dia;Crescente;Céu Claro;Simples;Curva;Não;2;0;1;0;0;1;1;2;-13,87769527;-40,13464153;SPRF-BA;DEL03-BA;UOP01-DEL03-BA
609469;23/06/2024;domingo;06:40:00;MS;463;98;PONTA PORA;Reação tardia ou ineficiente do condutor;Saída de leito carroçável;Com Vítimas Feridas;Pleno dia;Decrescente;Céu Claro;Simples;Reta;Não;2;0;1;0;0;1;1;2;-22,61522362;-55,5968021;SPRF-MS;DEL04-MS;UOP03-DEL04-MS
609470;23/06/2024;domingo;00:00:00;MG;251;333;FRUTA DE LEITE;Ausência de reação do condutor;Tombamento;Com Vítimas Fatais;Plena Noite;Crescente;Garoa/Chuvisco;Simples;"Declive;Curva";Não;4;1;1;1;0;1;2;2;-16,26258765;-42,40824214;SPRF-MG;DEL12-MG;UOP02-DEL12-MG
609476;23/06/2024;domingo;09:00:00;MT;163;816,8;SINOP;Acessar a via sem observar a presença dos outros veículos;Colisão transversal;Com Vítimas Feridas;Pleno dia;Crescente;Céu Claro;Simples;Reta;Sim;4;0;0;2;1;2;2;4;-12,11240905;-55,51740825;SPRF-MT;DEL06-MT;UOP02-DEL06-MT
609482;27/05/2024;segunda-feira;07:35:00;PR;116;155,4;MANDIRITUBA;Transitar na contramão;Colisão frontal;Com Vítimas Fatais;Amanhecer;Decrescente;Chuva;Simples;Reta;Não;3;1;0;0;1;1;0;3;-25,864982;-49,389143;SPRF-PR;DEL01-PR;UOP03-DEL01-PR
609487;23/06/2024;domingo;13:10:00;CE;116;206;TABULEIRO DO NORTE;Acessar a via sem observar a presença dos outros veículos;Colisão transversal;Com Vítimas Fatais;Pleno dia;Crescente;Céu Claro;Simples;Interseção de Vias;Não;4;1;0;1;2;0;1;3;-5,222727;-38,201874;SPRF-CE;DEL03-CE;UOP01-DEL03-CE
609488;23/06/2024;domingo;06:15:00;BA;101;625;MASCOTE;Ausência de reação do condutor;Colisão lateral sentido oposto;Com Vítimas Feridas;Pleno dia;Crescente;Céu Claro;Simples;Curva;Não;2;0;1;0;1;0;1;2;-15,68684011;-39,43817139;SPRF-BA;DEL05-BA;UOP02-DEL05-BA
609489;23/06/2024;domingo;11:30:00;PA;230;248;NOVO REPARTIMENTO;Demais falhas mecânicas ou elétricas;Incêndio;Sem Vítimas;Pleno dia;Decrescente;Céu Claro;Simples;Reta;Sim;2;0;0;0;1;3;0;4;-4,6563201;-49,73184003;SPRF-PA;DEL03-PA;UOP01-DEL03-PA
609491;23/06/2024;domingo;13:00:00;SP;116;227,9;GUARULHOS;Manobra de mudança de faixa;Colisão lateral mesmo sentido;Com Vítimas Feridas;Pleno dia;Decrescente;Sol;Múltipla;Reta;Não;4;0;2;0;1;1;2;3;-23,49659264;-46,55648754;SPRF-SP;DEL01-SP;UOP01-DEL01-SP