id;data_inversa;dia_semana;horario;uf;br;km;municipio;causa_acidente;tipo_acidente;classificacao_acidente;fase_dia;sentido_via;condicao_metereologica;tipo_pista;tracado_via;uso_solo;pessoas;mortos;feridos_leves;feridos_graves;ilesos;ignorados;feridos;veiculos;latitude;longitude;regional;delegacia;uop
609886;25/06/2024;terça-feira;07:45:00;RS;290;74,8;GRAVATAI;Reação tardia ou ineficiente do condutor;Tombamento;Com Vítimas Feridas;Pleno dia;Crescente;Céu Claro;Simples;Curva;Não;1;0;1;0;0;0;1;1;-29,95469286;-51,00494027;SPRF-RS;DEL01-RS;UOP01-DEL01-RS
609889;25/06/2024;terça-feira;06:45:00;MG;116;243,4;TEOFILO OTONI;Condutor deixou de manter distância do veículo da frente;Colisão traseira;Com Vítimas Feridas;Amanhecer;Decrescente;Nevoeiro/Neblina;Simples;Curva;Não;5;0;2;1;1;3;3;5;-17,587966;-41,489562;SPRF-MG;DEL11-MG;UOP01-DEL11-MG
609897;17/06/2024;segunda-feira;19:08:00;MS;163;618,5;SAO GABRIEL DO OESTE;Demais falhas mecânicas ou elétricas;Eventos atípicos;Com Vítimas Fatais;Plena Noite;Decrescente;Céu Claro;Simples;Reta;Não;3;1;0;0;0;2;0;3;-19,36667;-54,585557;SPRF-MS;DEL06-MS;UOP02-DEL06-MS
609900;25/06/2024;terça-feira;08:00:00;PR;277;532,3;IBEMA;Neblina;Colisão transversal;Com Vítimas Feridas;Pleno dia;Crescente;Nevoeiro/Neblina;Simples;"Interseção de Vias;Reta;Retorno Regulamentado";Não;3;0;1;0;1;3;1;5;-25,09412204;-52,95864699;SPRF-PR;DEL04-PR;UOP04-DEL04-PR
609901;25/06/2024;terça-feira;08:28:00;MS;262;573,1;MIRANDA;Reação tardia ou ineficiente do condutor;Colisão traseira;Com Vítimas Feridas;Pleno dia;Crescente;Nevoeiro/Neblina;Simples;"Declive;Reta";Não;4;0;1;0;2;1;1;3;-20,19074674;-56,50542601;SPRF-MS;DEL03-MS;UOP02-DEL03-MS
609902;25/06/2024;terça-feira;07:37:00;BA;324;533;FEIRA DE SANTANA;Condutor deixou de manter distância do veículo da frente;Colisão traseira;Com Vítimas Feridas;Pleno dia;Decrescente;Nublado;Dupla;Reta;Não;2;0;1;0;1;0;1;2;-12,34449694;-38,84017496;SPRF-BA;DEL01-BA;UOP03-DEL01-BA
609903;25/06/2024;terça-feira;05:30:00;MT;364;442;VARZEA GRANDE;Ausência de reação do condutor;Colisão lateral sentido oposto;Com Vítimas Feridas;Amanhecer;Crescente;Céu Claro;Simples;Reta;Não;4;0;1;1;1;2;2;5;-15,64778792;-56,19701256;SPRF-MT;DEL01-MT;UOP02-DEL01-MT
609904;25/06/2024;terça-feira;00:10:00;RJ;40;111,8;DUQUE DE CAXIAS;Ausência de reação do condutor;Colisão traseira;Com Vítimas Fatais;Plena Noite;Crescente;Céu Claro;Dupla;Reta;Sim;3;1;0;0;1;1;0;3;-22,691868;-43,287453;SPRF-RJ;DEL01-RJ;UOP02-DEL01-RJ
609910;25/06/2024;terça-feira;09:05:00;GO;60;180;ABADIA DE GOIAS;Demais falhas mecânicas ou elétricas;Saída de leito carroçável;Com Vítimas Feridas;Pleno dia;Decrescente;Céu Claro;Dupla;"Reta;Declive";Não;3;0;2;0;1;0;2;1;-16,7666;-49,4751;SPRF-GO;DEL01-GO;UOP02-DEL01-GO
609911;25/06/2024;terça-feira;08:00:00;BA;324;549,1;AMELIA RODRIGUES;Demais falhas mecânicas ou elétricas;Colisão traseira;Sem Vítimas;Pleno dia;Crescente;Nublado;Dupla;Declive;Não;6;0;0;0;5;2;0;7;-12,43255269;-38,7319107;SPRF-BA;DEL01-BA;UOP03-DEL01-BA
609914;06/05/2024;segunda-feira;11:00:00;MG;365;515;MONTE CARMELO;Fumaça;Colisão traseira;Com Vítimas Feridas;Pleno dia;Crescente;Céu Claro;Simples;Reta;Não;4;0;1;0;3;0;1;4;-18,9145672;-47,35877801;SPRF-MG;DEL10-MG;UOP01-DEL10-MG
609915;25/06/2024;terça-feira;08:00:00;SP;381;82;SAO PAULO;Acessar a via sem observar a presença dos outros veículos;Atropelamento de Pedestre;Com Vítimas Fatais;Pleno dia;Crescente;Céu Claro;Dupla;Reta;Não;2;1;0;0;0;1;0;2;-23,42399;-46,575112;SPRF-SP;DEL03-SP;UOP01-DEL03-SP
609916;18/06/2024;terça-feira;07:50:00;CE;222;292,2;TIANGUA;Afundamento ou ondulação no pavimento;Colisão traseira;Com Vítimas Feridas;Pleno dia;Crescente;Céu Claro;Simples;Reta;Não;3;0;0;1;2;0;1;2;-3,66765581;-40,89334488;SPRF-CE;DEL04-CE;UOP02-DEL04-CE
609919;25/06/2024;terça-feira;09:50:00;PR;373;475,4;CORONEL VIVIDA;Desrespeitar a preferência no cruzamento;Colisão transversal;Com Vítimas Feridas;Pleno dia;Crescente;Nublado;Simples;Interseção de Vias;Não;2;0;1;1;0;0;2;2;-25,97165895;-52,53234029;SPRF-PR;DEL02-PR;UOP01-DEL02-PR
609924;25/06/2024;terça-feira;11:20:00;PB;230;36;SANTA RITA;Demais falhas mecânicas ou elétricas;Saída de leito carroçável;Sem Vítimas;Pleno dia;Decrescente;Céu Claro;Simples;"Declive;Curva";Não;1;0;0;0;1;0;0;1;-7,1246;-34,9473;SPRF-PB;DEL01-PB;UOP03-DEL01-PB
609930;25/06/2024;terça-feira;11:20:00;ES;262;33,5;DOMINGOS MARTINS;Reação tardia ou ineficiente do condutor;Colisão traseira;Com Vítimas Feridas;Pleno dia;Crescente;Céu Claro;Simples;Curva;Não;2;0;1;0;1;0;1;2;-20,37535106;-40,58433127;SPRF-ES;DEL01-ES;UOP01-DEL01-ES
609938;25/06/2024;terça-feira;09:25:00;PR;163;232,6;CASCAVEL;Manobra de mudança de faixa;Colisão lateral mesmo sentido;Com Vítimas Feridas;Pleno dia;Crescente;Céu Claro;Dupla;Ponte;Não;4;0;0;2;1;2;2;4;-24,78313388;-53,67750084;SPRF-PR;DEL04-PR;UOP01-DEL04-PR
609941;25/06/2024;terça-feira;11:30:00;PA;230;1141;ITAITUBA;Velocidade Incompatível;Colisão transversal;Com Vítimas Feridas;Pleno dia;Decrescente;Sol;Simples;Reta;Não;3;0;1;0;2;0;1;2;-4,25911073;-56,03851318;SPRF-PA;DEL05-PA;UOP02-DEL05-PA
609943;25/06/2024;terça-feira;11:10:00;MG;40;671;CARANDAI;Falta de acostamento;Saída de leito carroçável;Com Vítimas Feridas;Pleno dia;Decrescente;Céu Claro;Simples;Reta;Não;3;0;0;1;0;2;1;3;-20,980681;-43,78116;SPRF-MG;DEL05-MG;UOP02-DEL05-MG
609947;25/06/2024;terça-feira;11:27:00;AC;364;124;RIO BRANCO;Ausência de reação do condutor;Eventos atípicos;Com Vítimas Feridas;Pleno dia;Decrescente;Céu Claro;Dupla;Curva;Não;2;0;1;0;1;0;1;2;-10,01152469;-67,79140099;SPRF-AC;DEL01-AC;UOP01-DEL01-AC
609950;25/06/2024;terça-feira;13:20:00;SC;101;74;ARAQUARI;Ingestão de álcool pelo condutor;Colisão lateral mesmo sentido;Com Vítimas Feridas;Pleno dia;Crescente;Nublado;Dupla;Reta;Não;4;0;1;0;1;2;1;4;-26,54446209;-48,71214452;SPRF-SC;DEL03-SC;UOP02-DEL03-SC
609956;25/06/2024;terça-feira;14:10:00;PR;277;724;FOZ DO IGUACU;Manobra de mudança de faixa;Colisão transversal;Sem Vítimas;Pleno dia;Crescente;Céu Claro;Dupla;Reta;Não;3;0;0;0;2;1;0;3;-25,50257577;-54,53868311;SPRF-PR;DEL05-PR;UOP03-DEL05-PR
609958;25/06/2024;terça-feira;11:40:00;AP;156;528;AMAPA;Acessar a via sem observar a presença dos outros veículos;Colisão transversal;Com Vítimas Fatais;Pleno dia;Decrescente;Céu Claro;Simples;"Curva;Interseção de Vias";Não;3;1;0;0;2;0;0;2;1,95361308;-50,86329579;SPRF-AP;DEL01-AP;UOP02-DEL01-AP
609959;25/06/2024;terça-feira;14:37:00;ES;101;418;ITAPEMIRIM;Acesso irregular;Colisão transversal;Com Vítimas Feridas;Pleno dia;Crescente;Céu Claro;Simples;Reta;Não;5;0;3;0;2;0;3;2;-20,95438035;-41,09327978;SPRF-ES;DEL03-ES;UOP02-DEL03-ES
609961;25/06/2024;terça-feira;14:10:00;MG;262;366;JUATUBA;Carga excessiva e/ou mal acondicionada;Colisão com objeto;Sem Vítimas;Pleno dia;Crescente;Céu Claro;Dupla;Reta;Sim;2;0;0;0;1;1;0;2;-19,974217;-44,261798;SPRF-MG;DEL01-MG;UOP03-DEL01-MG
609962;02/04/2024;terça-feira;14:50:00;RJ;40;96;PETROPOLIS;Carga excessiva e/ou mal acondicionada;Tombamento;Com Vítimas Feridas;Pleno dia;Decrescente;Céu Claro;Dupla;Curva;Não;1;0;1;0;0;0;1;1;-22,56876595;-43,27693723;SPRF-RJ;DEL01-RJ;UOP01-DEL01-RJ
609966;25/06/2024;terça-feira;15:30:00;RS;386;115,8;SARANDI;Transitar na contramão;Colisão lateral sentido oposto;Com Vítimas Feridas;Pleno dia;Crescente;Chuva;Simples;Curva;Não;4;0;2;1;1;0;3;2;-27,83191625;-53,02402496;SPRF-RS;DEL08-RS;UOP01-DEL08-RS
609973;25/06/2024;terça-feira;16:00:00;PR;376;595;CURITIBA;Condutor deixou de manter distância do veículo da frente;Colisão traseira;Com Vítimas Feridas;Pleno dia;Crescente;Chuva;Dupla;Reta;Sim;3;0;1;0;2;0;1;2;-25,49321014;-49,34402638;SPRF-PR;DEL01-PR;UOP06-DEL01-PR
609976;25/06/2024;terça-feira;16:50:00;GO;40;22;LUZIANIA;Acessar a via sem observar a presença dos outros veículos;Colisão transversal;Com Vítimas Feridas;Pleno dia;Crescente;Céu Claro;Dupla;Reta;Sim;2;0;1;0;1;0;1;2;-16,227484;-47,914109;SPRF-DF;DEL01-DF;UOP01-DEL01-DF
609977;25/06/2024;terça-feira;17:00:00;PE;101;69;RECIFE;Acessar a via sem observar a presença dos outros veículos;Colisão transversal;Com Vítimas Feridas;Pleno dia;Crescente;Céu Claro;Múltipla;Reta;Sim;6;0;0;1;3;2;1;4;-8,05951606;-34,94581024;SPRF-PE;DEL01-PE;UOP01-DEL01-PE
609978;25/06/2024;terça-feira;15:00:00;MG;262;560;CORREGO DANTA;Carga excessiva e/ou mal acondicionada;Tombamento;Com Vítimas Feridas;Pleno dia;Crescente;Sol;Simples;Reta;Não;2;0;1;0;0;1;1;2;-19,7392947;-45,93727525;SPRF-MG;DEL08-MG;UOP02-DEL08-MG
609981;25/06/2024;terça-feira;16:45:00;RJ;356;156,5;CAMPOS DOS GOYTACAZES;Condutor deixou de manter distância do veículo da frente;Colisão traseira;Com Vítimas Feridas;Anoitecer;Decrescente;Céu Claro;Simples;Reta;Não;4;0;1;0;3;0;1;2;-21,743974;-41,214524;SPRF-RJ;DEL08-RJ;UOP02-DEL08-RJ
609983;25/06/2024;terça-feira;15:20:00;PI;343;249;CAMPO MAIOR;Reação tardia ou ineficiente do condutor;Colisão traseira;Com Vítimas Feridas;Pleno dia;Decrescente;Sol;Simples;"Desvio Temporário;Em Obras;Reta";Não;6;0;1;0;4;1;1;6;-4,718849;-42,097115;SPRF-PI;DEL01-PI;UOP03-DEL01-PI
609986;25/06/2024;terça-feira;16:30:00;GO;364;201;JATAI;Ingestão de álcool pelo condutor;Colisão traseira;Sem Vítimas;Pleno dia;Crescente;Céu Claro;Dupla;"Em Obras;Viaduto;Aclive";Não;2;0;0;0;2;0;0;2;-17,914806;-51,765602;SPRF-GO;DEL05-GO;UOP01-DEL05-GO
609987;25/06/2024;terça-feira;17:50:00;GO;40;2;VALPARAISO DE GOIAS;Trafegar com motocicleta (ou similar) entre as faixas;Colisão lateral mesmo sentido;Com Vítimas Feridas;Pleno dia;Decrescente;Céu Claro;Dupla;Reta;Sim;2;0;1;0;0;1;1;2;-16,067129;-47,984235;SPRF-DF;DEL01-DF;UOP01-DEL01-DF
609989;25/06/2024;terça-feira;17:10:00;RS;153;492;CACAPAVA DO SUL;Ausência de reação do condutor;Colisão traseira;Com Vítimas Feridas;Anoitecer;Decrescente;Nublado;Simples;Reta;Não;4;0;0;1;2;1;1;3;-30,42236184;-53,37245559;SPRF-RS;DEL09-RS;UOP02-DEL09-RS
609991;25/06/2024;terça-feira;18:05:00;SC;282;21;SANTO AMARO DA IMPERATRIZ;Acessar a via sem observar a presença dos outros veículos;Colisão transversal;Com Vítimas Feridas;Plena Noite;Decrescente;Chuva;Simples;Reta;Sim;2;0;1;0;1;0;1;2;-27,68907;-48,717541;SPRF-SC;DEL01-SC;UOP02-DEL01-SC
609994;25/06/2024;terça-feira;15:20:00;MT;364;454;VARZEA GRANDE;Ultrapassagem Indevida;Colisão lateral sentido oposto;Com Vítimas Fatais;Pleno dia;Crescente;Céu Claro;Simples;Curva;Não;8;1;5;0;1;7;5;11;-15,57126241;-56,25105218;SPRF-MT;DEL01-MT;UOP02-DEL01-MT
610008;25/06/2024;terça-feira;16:15:00;SC;470;126,6;LONTRAS;Acessar a via sem observar a presença dos outros veículos;Colisão transversal;Com Vítimas Fatais;Pleno dia;Decrescente;Garoa/Chuvisco;Simples;"Rotatória;Reta;Interseção de Vias";Não;2;1;0;0;1;0;0;2;-27,1360985;-49,54253554;SPRF-SC;DEL04-SC;UOP02-DEL04-SC
610012;25/06/2024;terça-feira;18:00:00;PI;222;43;BRASILEIRA;Acessar a via sem observar a presença dos outros veículos;Colisão transversal;Com Vítimas Feridas;Anoitecer;Decrescente;Céu Claro;Simples;Reta;Não;3;0;0;1;1;1;1;3;-4,08647291;-41,5607771;SPRF-PI;DEL02-PI;UOP01-DEL02-PI
610018;25/06/2024;terça-feira;14:55:00;MG;251;258;SANTA CRUZ DE SALINAS;Ultrapassagem Indevida;Colisão lateral mesmo sentido;Com Vítimas Fatais;Pleno dia;Decrescente;Céu Claro;Simples;"Reta;Aclive";Não;5;1;0;1;2;2;1;5;-16,01199099;-41,89687729;SPRF-MG;DEL12-MG;UOP02-DEL12-MG
610028;15/05/2024;quarta-feira;15:55:00;SC;101;121,1;ITAJAI;Reação tardia ou ineficiente do condutor;Colisão lateral mesmo sentido;Com Vítimas Feridas;Pleno dia;Decrescente;Nublado;Dupla;Reta;Sim;3;0;1;0;1;2;1;4;-26,92103178;-48,70856446;SPRF-SC;DEL04-SC;UOP04-DEL04-SC
610036;25/06/2024;terça-feira;18:45:00;RO;364;425;JARU;Ausência de reação do condutor;Colisão traseira;Com Vítimas Feridas;Pleno dia;Decrescente;Céu Claro;Dupla;"Reta;Declive";Sim;2;0;1;0;1;0;1;2;-10,43752488;-62,47169791;SPRF-RO;DEL03-RO;UOP02-DEL03-RO
610038;25/06/2024;terça-feira;15:40:00;PI;20;365,8;MONSENHOR HIPOLITO;Acesso irregular;Colisão lateral mesmo sentido;Com Vítimas Feridas;Pleno dia;Decrescente;Céu Claro;Simples;Reta;Sim;6;0;2;1;1;2;3;3;-6,80187388;-41,02273713;SPRF-PI;DEL04-PI;UOP01-DEL04-PI
610039;25/06/2024;terça-feira;20:45:00;SC;101;206,7;SAO JOSE;Ausência de reação do condutor;Colisão traseira;Com Vítimas Feridas;Plena Noite;Crescente;Chuva;Dupla;Reta;Sim;3;0;0;1;1;2;1;4;-27,59193546;-48,61824557;SPRF-SC;DEL01-SC;UOP01-DEL01-SC
610044;25/06/2024;terça-feira;17:40:00;BA;101;437;MARAU;Manobra de mudança de faixa;Colisão frontal;Com Vítimas Fatais;Anoitecer;Decrescente;Céu Claro;Simples;"Reta;Aclive";Não;3;1;0;0;1;1;0;3;-14,23987614;-39,32026953;SPRF-BA;DEL05-BA;UOP01-DEL05-BA
610046;17/06/2024;segunda-feira;14:30:00;MT;163;817;SINOP;Acessar a via sem observar a presença dos outros veículos;Colisão transversal;Sem Vítimas;Pleno dia;Decrescente;Céu Claro;Simples;Reta;Não;2;0;0;0;2;0;0;2;-12,0211883;-55,51717758;SPRF-MT;DEL06-MT;UOP02-DEL06-MT
610049;25/06/2024;terça-feira;22:10:00;ES;101;61,1;SAO MATEUS;Condutor deixou de manter distância do veículo da frente;Colisão traseira;Com Vítimas Feridas;Plena Noite;Decrescente;Nublado;Simples;"Reta;Interseção de Vias";Sim;2;0;1;0;1;0;1;2;-18,68153217;-39,86364755;SPRF-ES;DEL04-ES;UOP02-DEL04-ES
610050;25/06/2024;terça-feira;20:00:00;PE;232;69,5;GRAVATA;Ausência de reação do condutor;Colisão traseira;Com Vítimas Feridas;Plena Noite;Crescente;Céu Claro;Dupla;Reta;Não;2;0;1;0;0;1;1;2;-8,17573193;-35,48519075;SPRF-PE;DEL02-PE;UOP02-DEL02PE
610054;25/06/2024;terça-feira;21:25:00;PR;373;265,5;PRUDENTOPOLIS;Reação tardia ou ineficiente do condutor;Colisão traseira;Com Vítimas Feridas;Plena Noite;Crescente;Nublado;Simples;"Aclive;Reta";Não;2;0;1;0;0;1;1;2;-25,20214541;-50,98068237;SPRF-PR;DEL08-PR;UOP01-DEL08-PR
610055;25/06/2024;terça-feira;17:40:00;RJ;116;14;SAPUCAIA;Velocidade Incompatível;Tombamento;Com Vítimas Feridas;Plena Noite;Decrescente;Céu Claro;Simples;"Curva;Declive";Não;1;0;0;1;0;0;1;1;-21,96021372;-42,7364942;SPRF-RJ;DEL05-RJ;UOP01-DEL05-RJ
610059;25/06/2024;terça-feira;23:20:00;RJ;101;187;RIO DAS OSTRAS;Reação tardia ou ineficiente do condutor;Colisão frontal;Com Vítimas Feridas;Plena Noite;Decrescente;Céu Claro;Simples;Curva;Não;3;0;2;0;1;0;2;2;-22,43871826;-42,04399109;SPRF-RJ;DEL08-RJ;UOP04-DEL08-RJ
610065;25/06/2024;terça-feira;23:10:00;SC;282;644;SAO MIGUEL DO OESTE;Transitar na contramão;Colisão frontal;Com Vítimas Feridas;Plena Noite;Decrescente;Nevoeiro/Neblina;Simples;"Curva;Declive";Não;4;0;1;1;1;1;2;3;-26,769157;-53,479385;SPRF-SC;DEL07-SC;UOP03-DEL07-SC
610083;26/06/2024;quarta-feira;06:04:00;TO;153;705;CARIRI DO TOCANTINS;Demais falhas mecânicas ou elétricas;Incêndio;Sem Vítimas;Amanhecer;Decrescente;Céu Claro;Simples;Reta;Não;2;0;0;0;1;1;0;2;-11,99580202;-49,20150838;SPRF-TO;DEL01-TO;UOP02-DEL01-TO
610086;26/06/2024;quarta-feira;04:00:00;MS;163;304,3;DOURADINA;Demais falhas mecânicas ou elétricas;Saída de leito carroçável;Com Vítimas Feridas;Plena Noite;Decrescente;Ignorado;Simples;Reta;Não;2;0;2;0;0;0;2;1;-21,94678716;-54,53348285;SPRF-MS;DEL02-MS;UOP02-DEL02-MS
610099;26/06/2024;quarta-feira;06:00:00;SC;470;114;IBIRAMA;Acessar a via sem observar a presença dos outros veículos;Colisão lateral mesmo sentido;Com Vítimas Feridas;Plena Noite;Crescente;Nublado;Simples;"Aclive;Curva";Não;3;0;1;0;1;1;1;3;-27,086386;-49,478001;SPRF-SC;DEL04-SC;UOP02-DEL04-SC
610100;26/06/2024;quarta-feira;02:30:00;RJ;116;247,8;PIRAI;Ausência de reação do condutor;Colisão traseira;Com Vítimas Feridas;Plena Noite;Decrescente;Céu Claro;Dupla;Reta;Não;3;0;1;0;1;1;1;3;-22,60655103;-43,93505207;SPRF-RJ;DEL07-RJ;UOP01-DEL07-RJ
610101;26/06/2024;quarta-feira;06:20:00;MT;364;494;JANGADA;Frear bruscamente;Engavetamento;Com Vítimas Feridas;Pleno dia;Crescente;Céu Claro;Simples;Reta;Não;6;0;2;0;3;2;2;5;-15,29227197;-56,43455719;SPRF-MT;DEL01-MT;UOP01-DEL01-MT
610102;26/06/2024;quarta-feira;08:10:00;RJ;40;123;DUQUE DE CAXIAS;Ausência de reação do condutor;Colisão traseira;Sem Vítimas;Pleno dia;Crescente;Céu Claro;Simples;Reta;Sim;3;0;0;0;3;0;0;2;-22,79907687;-43,29015739;SPRF-RJ;DEL01-RJ;UOP02-DEL01-RJ
610116;26/06/2024;quarta-feira;06:30:00;MG;381;177;GOVERNADOR VALADARES;Transitar na contramão;Colisão frontal;Com Vítimas Feridas;Amanhecer;Decrescente;Céu Claro;Simples;Reta;Não;4;0;1;0;2;1;1;3;-19,00964517;-42,13648886;SPRF-MG;DEL06-MG;UOP01-DEL06-MG
610129;26/06/2024;quarta-feira;08:40:00;PR;277;1,7;PARANAGUA;Trafegar com motocicleta (ou similar) entre as faixas;Colisão lateral mesmo sentido;Com Vítimas Feridas;Pleno dia;Crescente;Sol;Simples;Reta;Sim;3;0;1;0;0;2;1;3;-25,5100208;-48,53084498;SPRF-PR;DEL01-PR;UOP05-DEL01-PR
610136;26/06/2024;quarta-feira;09:59:00;PB;101;89,4;JOAO PESSOA;Manobra de mudança de faixa;Colisão transversal;Com Vítimas Feridas;Pleno dia;Decrescente;Céu Claro;Dupla;Retorno Regulamentado;Sim;3;0;1;0;2;0;1;2;-7,1710694;-34,89765372;SPRF-PB;DEL01-PB;UOP02-DEL01-PB
610137;19/06/2024;quarta-feira;14:00:00;MT;364;444;VARZEA GRANDE;Problema com o freio;Saída de leito carroçável;Com Vítimas Feridas;Pleno dia;Crescente;Céu Claro;Simples;Curva;Não;2;0;1;0;0;1;1;2;-15,63212299;-56,20484879;SPRF-MT;DEL01-MT;UOP02-DEL01-MT
610138;22/06/2024;sábado;23:30:00;BA;101;376;IBIRAPITANGA;Chuva;Saída de leito carroçável;Com Vítimas Feridas;Plena Noite;Decrescente;Chuva;Simples;Reta;Não;1;0;1;0;0;0;1;1;-13,95803902;-39,48365202;SPRF-BA;DEL05-BA;UOP03-DEL05-BA
610145;26/06/2024;quarta-feira;10:30:00;PR;376;407,7;TIBAGI;Reação tardia ou ineficiente do condutor;Colisão lateral mesmo sentido;Com Vítimas Feridas;Pleno dia;Decrescente;Céu Claro;Dupla;"Curva;Declive";Não;4;0;1;0;2;1;1;3;-24,60320973;-50,66396445;SPRF-PR;DEL03-PR;UOP02-DEL03-PR
610147;26/06/2024;quarta-feira;11:00:00;SC;101;115;ITAJAI;Reação tardia ou ineficiente do condutor;Colisão traseira;Com Vítimas Feridas;Pleno dia;Crescente;Sol;Múltipla;Reta;Não;2;0;1;0;1;0;1;2;-26,87062812;-48,72978866;SPRF-SC;DEL04-SC;UOP04-DEL04-SC
610148;26/06/2024;quarta-feira;07:54:00;MT;163;955;NOVA SANTA HELENA;Acessar a via sem observar a presença dos outros veículos;Colisão transversal;Com Vítimas Feridas;Pleno dia;Crescente;Céu Claro;Simples;"Reta;Rotatória";Sim;3;0;1;0;1;4;1;6;-10,84874321;-55,18750191;SPRF-MT;DEL06-MT;UOP02-DEL06-MT
610153;26/06/2024;quarta-feira;11:00:00;SP;381;86,5;SAO PAULO;Ausência de reação do condutor;Colisão traseira;Sem Vítimas;Pleno dia;Crescente;Céu Claro;Múltipla;Curva;Sim;2;0;0;0;2;0;0;2;-23,45930499;-46,57161179;SPRF-SP;DEL03-SP;UOP01-DEL03-SP
610154;26/06/2024;quarta-feira;11:30:00;MG;40;747;SANTOS DUMONT;Acessar a via sem observar a presença dos outros veículos;Colisão transversal;Com Vítimas Feridas;Pleno dia;Crescente;Céu Claro;Simples;"Curva;Retorno Regulamentado";Não;3;0;1;0;2;0;1;2;-21,4328731;-43,55221915;SPRF-MG;DEL05-MG;UOP01-DEL05-MG
610158;26/06/2024;quarta-feira;11:45:00;PR;487;153,7;ARARUNA;Reação tardia ou ineficiente do condutor;Saída de leito carroçável;Com Vítimas Feridas;Pleno dia;Crescente;Nublado;Simples;"Reta;Aclive";Sim;2;0;1;1;0;0;2;1;-23,95327125;-52,62003039;SPRF-PR;DEL09-PR;UOP03-DEL09-PR
610160;26/06/2024;quarta-feira;08:15:00;MG;40;665,9;CARANDAI;Retorno proibido;Colisão transversal;Com Vítimas Feridas;Pleno dia;Crescente;Nevoeiro/Neblina;Simples;"Reta;Aclive";Não;2;0;1;0;1;0;1;2;-20,945919;-43,805375;SPRF-MG;DEL05-MG;UOP02-DEL05-MG
610162;26/06/2024;quarta-feira;12:00:00;PR;476;257;ANTONIO OLINTO;Chuva;Colisão lateral sentido oposto;Sem Vítimas;Pleno dia;Crescente;Garoa/Chuvisco;Simples;"Reta;Aclive";Não;3;0;0;0;2;1;0;3;-25,888903;-50,216633;SPRF-PR;DEL02-PR;UOP03-DEL02-PR
610165;26/06/2024;quarta-feira;12:40:00;SE;235;53,9;ITABAIANA;Reação tardia ou ineficiente do condutor;Colisão traseira;Sem Vítimas;Pleno dia;Crescente;Chuva;Simples;Reta;Sim;3;0;0;0;2;1;0;3;-10,684707;-37,440544;SPRF-SE;DEL01-SE;UOP02-DEL01-SE
610167;25/06/2024;terça-feira;05:30:00;RS;285;616;SANTO ANTONIO DAS MISSOES;Ausência de reação do condutor;Saída de leito carroçável;Sem Vítimas;Plena Noite;Crescente;Nublado;Simples;Reta;Não;2;0;0;0;0;2;0;2;-28,499083;-55,446636;SPRF-RS;DEL12-RS;UOP01-DEL12-RS
610169;26/06/2024;quarta-feira;12:30:00;RJ;101;334;RIO DE JANEIRO;Acessar a via sem observar a presença dos outros veículos;Colisão lateral mesmo sentido;Com Vítimas Fatais;Pleno dia;Crescente;Céu Claro;Múltipla;Reta;Sim;4;1;0;1;2;0;1;3;-22,88517902;-43,21704364;SPRF-RJ;DEL02-RJ;UOP01-DEL02-RJ
610171;26/06/2024;quarta-feira;13:25:00;MG;50;97,1;UBERLANDIA;Condutor deixou de manter distância do veículo da frente;Colisão traseira;Com Vítimas Feridas;Pleno dia;Decrescente;Céu Claro;Dupla;Reta;Não;2;0;1;0;0;1;1;2;-19,113739;-48,177366;SPRF-MG;DEL15-MG;UOP01-DEL15-MG
610176;19/06/2024;quarta-feira;08:20:00;MS;262;369;CAMPO GRANDE;Acessar a via sem observar a presença dos outros veículos;Colisão transversal;Sem Vítimas;Pleno dia;Crescente;Céu Claro;Simples;Reta;Não;3;0;0;0;2;1;0;3;-20,479548;-54,769619;SPRF-MS;DEL01-MS;UOP03-DEL01-MS
610179;26/06/2024;quarta-feira;13:48:00;PE;101;64,8;RECIFE;Reação tardia ou ineficiente do condutor;Colisão lateral mesmo sentido;Com Vítimas Feridas;Pleno dia;Crescente;Céu Claro;Dupla;Reta;Sim;3;0;1;0;1;1;1;2;-8,0162921;-34,94045886;SPRF-PE;DEL01-PE;UOP01-DEL01-PE
610180;26/06/2024;quarta-feira;14:05:00;RS;290;88;PORTO ALEGRE;Condutor deixou de manter distância do veículo da frente;Colisão traseira;Sem Vítimas;Pleno dia;Decrescente;Garoa/Chuvisco;Múltipla;Reta;Não;2;0;0;0;2;0;0;2;-29,967531;-51,137264;SPRF-RS;DEL01-RS;UOP01-DEL01-RS
610182;26/06/2024;quarta-feira;14:25:00;SE;235;6;NOSSA SENHORA DO SOCORRO;Condutor deixou de manter distância do veículo da frente;Saída de leito carroçável;Sem Vítimas;Pleno dia;Crescente;Nublado;Dupla;Reta;Sim;2;0;0;0;1;1;0;2;-10,903851;-37,128677;SPRF-SE;DEL01-SE;UOP01-DEL01-SE
610183;11/06/2024;terça-feira;21:50:00;SP;116;508;CAJATI;Ausência de reação do condutor;Colisão com objeto;Com Vítimas Feridas;Plena Noite;Crescente;Céu Claro;Simples;Reta;Não;2;0;1;0;0;1;1;2;-24,81996284;-48,21469545;SPRF-SP;DEL05-SP;UOP02-DEL05-SP