id;data_inversa;dia_semana;horario;uf;br;km;municipio;causa_acidente;tipo_acidente;classificacao_acidente;fase_dia;sentido_via;condicao_metereologica;tipo_pista;tracado_via;uso_solo;pessoas;mortos;feridos_leves;feridos_graves;ilesos;ignorados;feridos;veiculos;latitude;longitude;regional;delegacia;uop
610493;28/06/2024;sexta-feira;01:30:00;TO;153;770,6;ALVORADA;Condutor Dormindo;Colisão frontal;Com Vítimas Feridas;Plena Noite;Crescente;Céu Claro;Simples;Reta;Não;2;0;1;0;1;0;1;2;-12,5612064;-49,0867226;SPRF-TO;DEL01-TO;UOP02-DEL01-TO
610494;28/06/2024;sexta-feira;01:00:00;ES;259;16;JOAO NEIVA;Condutor Dormindo;Colisão traseira;Sem Vítimas;Plena Noite;Crescente;Céu Claro;Simples;Reta;Não;3;0;0;0;2;3;0;5;-19,65971112;-40,43161999;SPRF-ES;DEL02-ES;UOP01-DEL02-ES
610495;28/06/2024;sexta-feira;01:20:00;MA;230;402;BALSAS;Ingestão de álcool pelo condutor;Tombamento;Sem Vítimas;Plena Noite;Crescente;Céu Claro;Simples;Rotatória;Sim;2;0;0;0;1;3;0;4;-7,50857084;-46,03158637;SPRF-MA;DEL05-MA;UOP01-DEL05-MA
610497;28/06/2024;sexta-feira;02:05:00;PE;101;126;ESCADA;Frear bruscamente;Colisão com objeto;Sem Vítimas;Plena Noite;Crescente;Céu Claro;Dupla;Reta;Sim;2;0;0;0;1;2;0;3;-8,36958202;-35,22919699;SPRF-PE;DEL01-PE;UOP03-DEL01-PE
610498;28/06/2024;sexta-feira;02:40:00;PE;232;195,2;SANHARO;Ausência de reação do condutor;Colisão traseira;Com Vítimas Feridas;Plena Noite;Crescente;Céu Claro;Simples;Reta;Sim;3;0;1;1;0;1;2;2;-8,36547121;-36,5628009;SPRF-PE;DEL03-PE;UOP02-DEL03-PE
610500;28/06/2024;sexta-feira;03:57:00;RS;287;259,7;SANTA MARIA;Reação tardia ou ineficiente do condutor;Colisão traseira;Com Vítimas Fatais;Plena Noite;Decrescente;Céu Claro;Simples;Reta;Não;3;1;0;0;1;3;0;5;-29,67532944;-53,96720409;SPRF-RS;DEL09-RS;UOP01-DEL09-RS
610501;28/06/2024;sexta-feira;04:10:00;SP;116;126;CACAPAVA;Pedestre andava na pista;Atropelamento de Pedestre;Com Vítimas Fatais;Plena Noite;Decrescente;Céu Claro;Dupla;Reta;Sim;3;1;0;0;1;1;0;3;-23,10433057;-45,69425762;SPRF-SP;DEL02-SP;UOP02-DEL02-SP
610502;28/06/2024;sexta-feira;04:40:00;SP;116;224;GUARULHOS;Frear bruscamente;Colisão traseira;Com Vítimas Feridas;Plena Noite;Crescente;Céu Claro;Múltipla;Reta;Sim;2;0;1;0;1;0;1;2;-23,48071896;-46,53271603;SPRF-SP;DEL01-SP;UOP01-DEL01-SP
610503;27/06/2024;quinta-feira;23:30:00;SP;381;87;SAO PAULO;Pedestre andava na pista;Atropelamento de Pedestre;Com Vítimas Fatais;Plena Noite;Crescente;Céu Claro;Dupla;Reta;Sim;2;1;0;0;1;0;0;2;-23,46885001;-46,56996601;SPRF-SP;DEL03-SP;UOP01-DEL03-SP
610504;28/06/2024;sexta-feira;04:10:00;MT;174;246;JAURU;Condutor deixou de manter distância do veículo da frente;Colisão traseira;Com Vítimas Feridas;Plena Noite;Crescente;Céu Claro;Simples;"Aclive;Reta";Não;3;0;1;0;2;0;1;2;-15,49312791;-59,03006195;SPRF-MT;DEL04-MT;UOP01-DEL04-MT
610505;28/06/2024;sexta-feira;05:00:00;ES;101;80;SAO MATEUS;Ultrapassagem Indevida;Colisão frontal;Com Vítimas Fatais;Amanhecer;Crescente;Nevoeiro/Neblina;Simples;Aclive;Não;4;2;0;0;1;3;0;6;-18,82149709;-39,90673788;SPRF-ES;DEL04-ES;UOP02-DEL04-ES
610510;28/06/2024;sexta-feira;04:10:00;MG;381;404;BOM JESUS DO AMPARO;Condutor Dormindo;Colisão traseira;Com Vítimas Feridas;Plena Noite;Decrescente;Céu Claro;Dupla;Reta;Não;2;0;0;1;1;0;1;2;-19,7490622;-43,54398027;SPRF-MG;DEL01-MG;UOP01-DEL01-MG
610513;28/06/2024;sexta-feira;07:15:00;PR;116;107;CURITIBA;Velocidade Incompatível;Colisão com objeto;Com Vítimas Feridas;Amanhecer;Crescente;Nevoeiro/Neblina;Dupla;Reta;Não;1;0;1;0;0;0;1;1;-25,56989668;-49,18778205;SPRF-PR;DEL01-PR;UOP07-DEL01-PR
610523;28/06/2024;sexta-feira;06:20:00;SC;101;328;TUBARAO;Condutor Dormindo;Colisão traseira;Com Vítimas Feridas;Amanhecer;Crescente;Céu Claro;Dupla;Reta;Não;3;0;1;0;1;2;1;4;-28,43648094;-48,95989307;SPRF-SC;DEL02-SC;UOP01-DEL02-SC
610524;28/06/2024;sexta-feira;07:20:00;PR;163;293,4;MARECHAL CANDIDO RONDON;Velocidade Incompatível;Tombamento;Sem Vítimas;Amanhecer;Decrescente;Céu Claro;Simples;"Reta;Declive";Não;2;0;0;0;1;2;0;3;-24,51605302;-54,11455929;SPRF-PR;DEL06-PR;UOP02-DEL06-PR
610525;28/06/2024;sexta-feira;06:45:00;PB;361;0;PATOS;Acessar a via sem observar a presença dos outros veículos;Colisão transversal;Sem Vítimas;Pleno dia;Crescente;Céu Claro;Simples;"Reta;Interseção de Vias";Sim;2;0;0;0;2;0;0;2;-7,0185995;-37,26078;SPRF-PB;DEL03-PB;UOP01-DEL03-PB
610534;28/06/2024;sexta-feira;08:10:00;RS;448;9;CANOAS;Manobra de mudança de faixa;Colisão lateral mesmo sentido;Com Vítimas Feridas;Pleno dia;Crescente;Céu Claro;Dupla;Reta;Não;4;0;1;0;3;0;1;4;-29,896093;-51,244072;SPRF-RS;DEL01-RS;UOP02-DEL01-RS
610536;28/06/2024;sexta-feira;06:25:00;MG;40;780,6;JUIZ DE FORA;Velocidade Incompatível;Tombamento;Com Vítimas Feridas;Amanhecer;Crescente;Céu Claro;Dupla;"Curva;Interseção de Vias";Não;3;0;2;0;0;1;2;2;-21,67939981;-43,44987329;SPRF-MG;DEL05-MG;UOP01-DEL05-MG
610543;28/06/2024;sexta-feira;07:50:00;MG;262;873,5;CAMPO FLORIDO;Condutor deixou de manter distância do veículo da frente;Colisão traseira;Com Vítimas Feridas;Pleno dia;Crescente;Céu Claro;Dupla;"Reta;Declive";Não;2;0;1;0;1;0;1;2;-19,7773643;-48,48722103;SPRF-MG;DEL13-MG;UOP01-DEL13-MG
610544;27/06/2024;quinta-feira;21:20:00;MT;163;1054;MATUPA;Transitar na contramão;Colisão frontal;Com Vítimas Fatais;Plena Noite;Crescente;Céu Claro;Simples;Reta;Não;3;1;1;0;0;3;1;5;-10,17668812;-54,94138367;SPRF-MT;DEL06-MT;UOP03-DEL06-MT
610547;17/04/2024;quarta-feira;18:35:00;RO;364;216;PIMENTA BUENO;Condutor deixou de manter distância do veículo da frente;Colisão lateral sentido oposto;Com Vítimas Feridas;Plena Noite;Decrescente;Chuva;Simples;Reta;Não;6;0;0;1;4;8;1;13;-11,55310568;-61,29357762;SPRF-RO;DEL02-RO;UOP02-DEL02-RO
610548;27/06/2024;quinta-feira;20:20:00;PR;376;388;IMBAU;Ultrapassagem Indevida;Colisão com objeto;Com Vítimas Fatais;Plena Noite;Decrescente;Céu Claro;Dupla;"Interseção de Vias;Reta";Não;4;1;0;0;1;2;0;4;-24,4627114;-50,7500942;SPRF-PR;DEL03-PR;UOP02-DEL03-PR
610552;28/06/2024;sexta-feira;07:10:00;BA;324;526;FEIRA DE SANTANA;Frear bruscamente;Colisão traseira;Com Vítimas Feridas;Pleno dia;Decrescente;Céu Claro;Dupla;Reta;Não;4;0;1;0;2;1;1;2;-12,30639712;-38,89051509;SPRF-BA;DEL01-BA;UOP03-DEL01-BA
610553;28/06/2024;sexta-feira;04:50:00;PR;153;507,3;GENERAL CARNEIRO;Condutor Dormindo;Tombamento;Com Vítimas Feridas;Plena Noite;Crescente;Nublado;Simples;Curva;Não;1;0;1;0;0;0;1;1;-26,53893361;-51,38597488;SPRF-PR;DEL02-PR;UOP03-DEL02-PR
610562;28/06/2024;sexta-feira;10:36:00;PI;343;306,7;ALTOS;Acessar a via sem observar a presença dos outros veículos;Colisão lateral mesmo sentido;Com Vítimas Feridas;Pleno dia;Decrescente;Céu Claro;Simples;Reta;Sim;3;0;0;1;2;0;1;3;-5,038756;-42,450893;SPRF-PI;DEL01-PI;UOP01-DEL01-PI
610563;28/06/2024;sexta-feira;08:50:00;MS;163;25,6;MUNDO NOVO;Ausência de reação do condutor;Saída de leito carroçável;Com Vítimas Feridas;Pleno dia;Decrescente;Céu Claro;Simples;Reta;Não;2;0;1;0;0;2;1;3;-23,88981194;-54,31346792;SPRF-MS;DEL09-MS;UOP02-DEL09-MS
610564;28/06/2024;sexta-feira;08:45:00;MA;10;328;ACAILANDIA;Transitar na contramão;Colisão lateral mesmo sentido;Com Vítimas Feridas;Pleno dia;Decrescente;Céu Claro;Simples;Reta;Não;4;0;1;0;2;1;1;3;-4,882012;-47,513603;SPRF-MA;DEL04-MA;UOP03-DEL04-MA
610567;28/06/2024;sexta-feira;11:30:00;MG;40;784,2;JUIZ DE FORA;Velocidade Incompatível;Tombamento;Com Vítimas Feridas;Pleno dia;Decrescente;Céu Claro;Dupla;"Reta;Interseção de Vias";Não;5;0;0;2;1;2;2;5;-21,73048051;-43,43650818;SPRF-MG;DEL05-MG;UOP01-DEL05-MG
610574;28/06/2024;sexta-feira;11:50:00;SP;381;89;GUARULHOS;Ingestão de álcool pelo condutor;Colisão traseira;Com Vítimas Feridas;Pleno dia;Crescente;Céu Claro;Dupla;Reta;Sim;3;0;1;0;1;1;1;3;-23,48469299;-46,55983288;SPRF-SP;DEL03-SP;UOP01-DEL03-SP
610576;28/06/2024;sexta-feira;10:50:00;PB;230;47;SANTA RITA;Manobra de mudança de faixa;Colisão lateral mesmo sentido;Sem Vítimas;Pleno dia;Crescente;Céu Claro;Dupla;Reta;Não;3;0;0;0;2;1;0;3;-7,1685;-35,032;SPRF-PB;DEL01-PB;UOP03-DEL01-PB
610581;28/06/2024;sexta-feira;12:00:00;RS;158;247;TUPANCIRETA;Reação tardia ou ineficiente do condutor;Colisão traseira;Sem Vítimas;Pleno dia;Decrescente;Nublado;Simples;Reta;Não;3;0;0;0;2;2;0;4;-29,09161093;-53,6513374;SPRF-RS;DEL10-RS;UOP02-DEL10-RS
610582;28/06/2024;sexta-feira;10:45:00;PB;230;46,5;SANTA RITA;Demais falhas mecânicas ou elétricas;Incêndio;Sem Vítimas;Pleno dia;Crescente;Céu Claro;Dupla;Reta;Não;1;0;0;0;1;0;0;1;-7,1635;-35,025;SPRF-PB;DEL01-PB;UOP03-DEL01-PB
610583;28/06/2024;sexta-feira;13:30:00;PR;277;8;PARANAGUA;Manobra de mudança de faixa;Colisão lateral mesmo sentido;Com Vítimas Feridas;Pleno dia;Decrescente;Céu Claro;Dupla;Reta;Não;3;0;1;0;2;0;1;2;-25,56248278;-48,64419937;SPRF-PR;DEL01-PR;UOP05-DEL01-PR
610586;28/06/2024;sexta-feira;09:40:00;MT;158;457,6;RIBEIRAO CASCALHEIRA;Velocidade Incompatível;Saída de leito carroçável;Com Vítimas Feridas;Pleno dia;Decrescente;Céu Claro;Simples;Curva;Não;2;0;1;0;0;1;1;2;-13,197804;-51,906423;SPRF-MT;DEL07-MT;UOP02-DEL07-MT
610587;28/06/2024;sexta-feira;14:00:00;AL;101;136;SAO MIGUEL DOS CAMPOS;Pedestre andava na pista;Atropelamento de Pedestre;Com Vítimas Feridas;Pleno dia;Crescente;Céu Claro;Dupla;Reta;Sim;2;0;0;1;0;1;1;2;-9,79561892;-36,10861314;SPRF-AL;DEL02-AL;UOP01-DEL02-AL
610588;28/06/2024;sexta-feira;13:45:00;BA;116;858,4;VITORIA DA CONQUISTA;Acessar a via sem observar a presença dos outros veículos;Colisão transversal;Com Vítimas Feridas;Pleno dia;Crescente;Céu Claro;Simples;"Reta;Interseção de Vias";Não;9;0;5;0;3;3;5;7;-15,116215;-41,03011;SPRF-BA;DEL08-BA;UOP01-DEL08-BA
610596;28/06/2024;sexta-feira;10:10:00;MG;116;144;PONTO DOS VOLANTES;Reação tardia ou ineficiente do condutor;Tombamento;Com Vítimas Feridas;Pleno dia;Decrescente;Céu Claro;Simples;"Declive;Reta";Não;2;0;1;0;0;1;1;2;-16,8019472;-41,47716326;SPRF-MG;DEL11-MG;UOP02-DEL11-MG
610598;28/06/2024;sexta-feira;13:50:00;BA;324;5;FEIRA DE SANTANA;Manobra de mudança de faixa;Saída de leito carroçável;Com Vítimas Feridas;Pleno dia;Crescente;Sol;Dupla;Reta;Sim;4;0;1;0;0;3;1;4;-12,2803;-38,9787;SPRF-BA;DEL02-BA;UOP01-DEL02-BA
610601;28/06/2024;sexta-feira;08:00:00;MT;70;680,4;CACERES;Reação tardia ou ineficiente do condutor;Colisão traseira;Com Vítimas Feridas;Pleno dia;Decrescente;Céu Claro;Simples;Reta;Não;6;0;0;3;2;2;3;4;-16,12248137;-57,31052671;SPRF-MT;DEL03-MT;UOP02-DEL03-MT
610604;28/06/2024;sexta-feira;14:40:00;PR;116;89;PIRAQUARA;Ausência de reação do condutor;Colisão traseira;Com Vítimas Feridas;Pleno dia;Crescente;Céu Claro;Dupla;Reta;Não;3;0;1;0;1;2;1;4;-25,45428705;-49,08817119;SPRF-PR;DEL01-PR;UOP07-DEL01-PR
610614;08/06/2024;sábado;17:00:00;GO;20;61,4;FORMOSA;Reação tardia ou ineficiente do condutor;Colisão traseira;Com Vítimas Fatais;Pleno dia;Crescente;Céu Claro;Simples;"Declive;Reta";Não;3;1;1;0;0;3;1;5;-15,238772;-47,17049;SPRF-DF;DEL02-DF;UOP02-DEL02-DF
610615;28/06/2024;sexta-feira;15:50:00;SC;101;37;JOINVILLE;Condutor deixou de manter distância do veículo da frente;Colisão traseira;Sem Vítimas;Pleno dia;Crescente;Nublado;Dupla;Reta;Sim;6;0;0;0;5;1;0;5;-26,28733576;-48,88688564;SPRF-SC;DEL03-SC;UOP01-DEL03-SC
610623;28/06/2024;sexta-feira;13:45:00;MT;163;973;TERRA NOVA DO NORTE;Ingestão de álcool pelo condutor;Colisão traseira;Sem Vítimas;Pleno dia;Decrescente;Sol;Simples;Reta;Não;3;0;0;0;2;2;0;4;-10,70369156;-55,11915386;SPRF-MT;DEL06-MT;UOP03-DEL06-MT
610647;28/06/2024;sexta-feira;14:45:00;AC;364;155;BUJARI;Acessar a via sem observar a presença dos outros veículos;Colisão lateral mesmo sentido;Sem Vítimas;Pleno dia;Decrescente;Sol;Simples;Reta;Sim;4;0;0;0;4;0;0;2;-9,83785884;-67,94196367;SPRF-AC;DEL01-AC;UOP01-DEL01-AC
610653;28/06/2024;sexta-feira;10:13:00;MG;381;378;SAO GONCALO DO RIO ABAIXO;Ausência de reação do condutor;Tombamento;Com Vítimas Feridas;Pleno dia;Crescente;Céu Claro;Simples;Declive;Sim;2;0;1;0;0;1;1;2;-19,83376284;-43,36060015;SPRF-MG;DEL01-MG;UOP01-DEL01-MG
610655;28/06/2024;sexta-feira;14:00:00;RO;364;78;VILHENA;Ausência de reação do condutor;Colisão lateral sentido oposto;Com Vítimas Feridas;Pleno dia;Decrescente;Céu Claro;Simples;Reta;Não;3;0;1;0;1;3;1;5;-12,4457811;-60,55287206;SPRF-RO;DEL04-RO;UOP01-DEL04-RO
610657;28/06/2024;sexta-feira;18:45:00;MG;40;632,2;CONSELHEIRO LAFAIETE;Área urbana sem a presença de local apropriado para a travessia de pedestres;Atropelamento de Pedestre;Com Vítimas Fatais;Plena Noite;Crescente;Céu Claro;Dupla;"Reta;Declive";Sim;2;1;0;0;1;0;0;2;-20,67946305;-43,79425764;SPRF-MG;DEL05-MG;UOP02-DEL05-MG
610660;28/06/2024;sexta-feira;18:40:00;SP;116;103,7;TAUBATE;Reação tardia ou ineficiente do condutor;Colisão traseira;Com Vítimas Feridas;Plena Noite;Crescente;Céu Claro;Dupla;"Reta;Aclive";Não;5;0;2;0;3;0;2;3;-22,99919465;-45,49788917;SPRF-SP;DEL02-SP;UOP02-DEL02-SP
610662;28/06/2024;sexta-feira;19:00:00;MG;365;751;ITUIUTABA;Transitar na contramão;Colisão frontal;Com Vítimas Feridas;Pleno dia;Crescente;Céu Claro;Simples;"Declive;Reta";Sim;2;0;0;1;1;0;1;2;-18,93793339;-49,43876589;SPRF-MG;DEL15-MG;UOP03-DEL15-MG
610664;28/06/2024;sexta-feira;16:30:00;PR;373;262;PRUDENTOPOLIS;Acessar a via sem observar a presença dos outros veículos;Colisão transversal;Com Vítimas Feridas;Pleno dia;Decrescente;Céu Claro;Simples;"Reta;Retorno Regulamentado";Sim;5;0;3;0;1;2;3;4;-25,20035466;-50,96330988;SPRF-PR;DEL08-PR;UOP01-DEL08-PR
610665;28/06/2024;sexta-feira;16:30:00;AM;174;963;MANAUS;Demais falhas mecânicas ou elétricas;Colisão com objeto;Sem Vítimas;Pleno dia;Crescente;Nublado;Simples;Reta;Não;1;0;0;0;1;0;0;1;-2,28367197;-60,04203523;SPRF-AM;DEL01-AM;UOP01-DEL01-AM
610666;28/06/2024;sexta-feira;19:32:00;RS;285;279;MATO CASTELHANO;Reação tardia ou ineficiente do condutor;Colisão frontal;Com Vítimas Feridas;Plena Noite;Crescente;Céu Claro;Simples;Curva;Não;5;0;0;1;4;0;1;3;-28,256037;-52,244984;SPRF-RS;DEL08-RS;UOP03-DEL08-RS
610670;28/06/2024;sexta-feira;17:00:00;AL;101;87,5;RIO LARGO;Ausência de reação do condutor;Derramamento de carga;Sem Vítimas;Anoitecer;Crescente;Céu Claro;Dupla;Curva;Não;1;0;0;0;1;0;0;1;-9,48015866;-35,88544047;SPRF-AL;DEL01-AL;UOP01-DEL01-AL
610681;28/06/2024;sexta-feira;17:20:00;MT;163;1110;GUARANTA DO NORTE;Reação tardia ou ineficiente do condutor;Capotamento;Com Vítimas Feridas;Pleno dia;Crescente;Céu Claro;Simples;"Declive;Curva";Não;3;0;0;1;0;4;1;5;-9,71780888;-54,87808527;SPRF-MT;DEL06-MT;UOP03-DEL06-MT
610683;28/06/2024;sexta-feira;19:30:00;AM;174;884,5;MANAUS;Ultrapassagem Indevida;Colisão frontal;Sem Vítimas;Plena Noite;Decrescente;Céu Claro;Simples;Reta;Não;3;0;0;0;3;0;0;3;-2,970491;-60,016605;SPRF-AM;DEL01-AM;UOP01-DEL01-AM
610685;28/06/2024;sexta-feira;21:40:00;MG;40;600,9;OURO PRETO;Manobra de mudança de faixa;Colisão lateral mesmo sentido;Com Vítimas Feridas;Plena Noite;Crescente;Céu Claro;Simples;"Reta;Aclive";Não;5;0;2;0;2;1;2;4;-20,42625199;-43,86231799;SPRF-MG;DEL05-MG;UOP02-DEL05-MG
610689;28/06/2024;sexta-feira;21:00:00;MT;364;198;RONDONOPOLIS;Reação tardia ou ineficiente do condutor;Colisão com objeto;Com Vítimas Feridas;Plena Noite;Crescente;Céu Claro;Dupla;"Reta;Aclive";Sim;2;0;0;1;1;0;1;2;-16,50263215;-54,62803602;SPRF-MT;DEL02-MT;UOP01-DEL02-MT
610691;28/06/2024;sexta-feira;21:50:00;PE;232;335,2;CUSTODIA;Transitar na contramão;Colisão frontal;Com Vítimas Feridas;Plena Noite;Crescente;Céu Claro;Simples;Reta;Sim;2;0;1;1;0;0;2;2;-8,082358;-37,666647;SPRF-PE;DEL04-PE;UOP02-DEL04-PE
610693;28/06/2024;sexta-feira;21:00:00;PR;376;255;CALIFORNIA;Acessar a via sem observar a presença dos outros veículos;Colisão lateral mesmo sentido;Com Vítimas Feridas;Plena Noite;Crescente;Céu Claro;Simples;Reta;Não;2;0;0;1;0;1;1;2;-23,66985276;-51,35701073;SPRF-PR;DEL07-PR;UOP03-DEL07-PR
610702;28/06/2024;sexta-feira;20:00:00;MT;163;985;TERRA NOVA DO NORTE;Ingestão de álcool pelo condutor;Colisão traseira;Sem Vítimas;Plena Noite;Crescente;Céu Claro;Simples;"Reta;Declive";Não;3;0;0;0;1;3;0;4;-10,62061126;-55,12111925;SPRF-MT;DEL06-MT;UOP03-DEL06-MT
610704;28/06/2024;sexta-feira;21:15:00;PR;476;242;LAPA;Velocidade Incompatível;Tombamento;Com Vítimas Feridas;Plena Noite;Crescente;Nublado;Simples;Curva;Não;2;0;0;1;0;1;1;2;-25,858768;-50,08609;SPRF-PR;DEL02-PR;UOP03-DEL02-PR
610707;28/06/2024;sexta-feira;23:15:00;SP;116;70,1;APARECIDA;Entrada inopinada do pedestre;Atropelamento de Pedestre;Com Vítimas Feridas;Plena Noite;Decrescente;Céu Claro;Dupla;"Curva;Declive";Não;2;0;1;0;1;0;1;2;-22,84852898;-45,22705084;SPRF-SP;DEL08-SP;UOP01-DEL08-SP
610717;28/06/2024;sexta-feira;23:30:00;AL;316;207;MARIBONDO;Velocidade Incompatível;Colisão com objeto;Com Vítimas Feridas;Plena Noite;Crescente;Nevoeiro/Neblina;Simples;Curva;Não;3;0;2;0;0;1;2;2;-9,55850017;-36,27067597;SPRF-AL;DEL01-AL;UOP01-DEL01-AL
610721;29/06/2024;sábado;01:20:00;PR;376;506,1;PONTA GROSSA;Ausência de reação do condutor;Colisão traseira;Com Vítimas Feridas;Plena Noite;Decrescente;Chuva;Dupla;"Declive;Reta";Não;3;0;1;0;1;3;1;5;-25,191061;-50,080735;SPRF-PR;DEL03-PR;UOP04-DEL03-PR
610728;29/06/2024;sábado;02:00:00;MT;163;573;NOVA MUTUM;Condutor Dormindo;Colisão frontal;Com Vítimas Fatais;Plena Noite;Decrescente;Céu Claro;Simples;Reta;Não;3;1;1;0;1;0;1;2;-14,13823325;-56,10402945;SPRF-MT;DEL01-MT;UOP01-DEL01-MT
610733;29/06/2024;sábado;00:00:00;MG;116;260;TEOFILO OTONI;Transitar na contramão;Colisão lateral sentido oposto;Com Vítimas Fatais;Plena Noite;Crescente;Céu Claro;Simples;Curva;Não;3;1;2;0;0;0;2;2;-17,72379402;-41,49247099;SPRF-MG;DEL11-MG;UOP01-DEL11-MG
610736;29/06/2024;sábado;02:55:00;SC;470;226,9;SAO CRISTOVAO DO SUL;Reação tardia ou ineficiente do condutor;Saída de leito carroçável;Sem Vítimas;Plena Noite;Crescente;Ignorado;Simples;Curva;Não;1;0;0;0;0;1;0;1;-27,327692;-50,361202;SPRF-SC;DEL05-SC;UOP03-DEL05-SC
610740;29/06/2024;sábado;05:15:00;MT;163;71,8;RONDONOPOLIS;Condutor Dormindo;Saída de leito carroçável;Com Vítimas Feridas;Amanhecer;Decrescente;Céu Claro;Dupla;"Reta;Aclive";Não;2;0;1;0;0;1;1;2;-16,89376195;-54,71906114;SPRF-MT;DEL02-MT;UOP03-DEL02-MT
610752;29/06/2024;sábado;05:30:00;PI;222;16,2;SAO JOAO DA FRONTEIRA;Condutor Dormindo;Saída de leito carroçável;Com Vítimas Feridas;Amanhecer;Crescente;Céu Claro;Simples;Reta;Não;2;0;0;1;0;1;1;2;-3,98143854;-41,35578717;SPRF-PI;DEL02-PI;UOP01-DEL02-PI
610759;29/06/2024;sábado;05:55:00;MT;163;686;LUCAS DO RIO VERDE;Reação tardia ou ineficiente do condutor;Colisão frontal;Com Vítimas Feridas;Pleno dia;Crescente;Céu Claro;Simples;Curva;Não;3;0;0;1;1;2;1;4;-13,19174413;-55,98980472;SPRF-MT;DEL06-MT;UOP01-DEL06-MT
610761;29/06/2024;sábado;08:00:00;MT;364;401;CUIABA;Acessar a via sem observar a presença dos outros veículos;Colisão transversal;Com Vítimas Feridas;Pleno dia;Crescente;Céu Claro;Dupla;Reta;Sim;3;0;0;1;1;1;1;3;-15,646962;-56,006865;SPRF-MT;DEL01-MT;UOP02-DEL01-MT
610765;29/06/2024;sábado;09:10:00;PR;116;33;CAMPINA GRANDE DO SUL;Reação tardia ou ineficiente do condutor;Saída de leito carroçável;Sem Vítimas;Pleno dia;Decrescente;Chuva;Dupla;"Declive;Curva";Não;2;0;0;0;1;1;0;2;-25,1144852;-48,85377328;SPRF-PR;DEL01-PR;UOP02-DEL01-PR
610768;29/06/2024;sábado;09:00:00;MG;381;849,2;POUSO ALEGRE;Manobra de mudança de faixa;Colisão lateral mesmo sentido;Com Vítimas Feridas;Pleno dia;Decrescente;Céu Claro;Dupla;Reta;Não;3;0;1;0;1;2;1;4;-22,23285426;-45,87649405;SPRF-MG;DEL16-MG;UOP01-DEL16-MG
610769;29/06/2024;sábado;01:50:00;RS;386;28,6;FREDERICO WESTPHALEN;Transitar na contramão;Colisão frontal;Sem Vítimas;Plena Noite;Decrescente;Nublado;Simples;Reta;Não;2;0;0;0;1;1;0;2;-27,309925;-53,378048;SPRF-RS;DEL08-RS;UOP02-DEL08-RS
610770;29/06/2024;sábado;10:00:00;TO;153;625;ALIANCA DO TOCANTINS;Reação tardia ou ineficiente do condutor;Colisão traseira;Com Vítimas Feridas;Pleno dia;Crescente;Céu Claro;Simples;Reta;Não;3;0;1;0;1;2;1;4;-11,31846291;-48,94418023;SPRF-TO;DEL01-TO;UOP02-DEL01-TO
610773;12/05/2024;domingo;09:30:00;MG;365;185;BURITIZEIRO;Ausência de reação do condutor;Colisão transversal;Com Vítimas Feridas;Pleno dia;Crescente;Céu Claro;Simples;Reta;Não;3;0;1;0;1;1;1;3;-17,42093999;-45,130373;SPRF-MG;DEL10-MG;UOP02-DEL010-MG
610776;26/06/2024;quarta-feira;07:20:00;RJ;116;227;PIRAI;Condutor deixou de manter distância do veículo da frente;Colisão traseira;Com Vítimas Feridas;Amanhecer;Crescente;Céu Claro;Simples;Aclive;Não;5;0;1;0;3;1;1;3;-22,66505586;-43,8208548;SPRF-RJ;DEL07-RJ;UOP01-DEL07-RJ
610788;29/06/2024;sábado;11:30:00;MG;40;568;ITABIRITO;Mal súbito do condutor;Colisão lateral sentido oposto;Com Vítimas Feridas;Pleno dia;Crescente;Céu Claro;Simples;Reta;Não;3;0;1;0;2;0;1;3;-20,19509609;-43,97360482;SPRF-MG;DEL01-MG;UOP02-DEL01-MG
610789;29/06/2024;sábado;08:44:00;BA;116;580;BREJOES;Ausência de reação do condutor;Colisão traseira;Com Vítimas Feridas;Pleno dia;Decrescente;Sol;Simples;"Reta;Aclive";Não;4;0;1;0;2;2;1;4;-13,08915503;-39,9629037;SPRF-BA;DEL03-BA;UOP02-DEL03-BA
610794;29/06/2024;sábado;11:45:00;SC;101;118;ITAJAI;Reação tardia ou ineficiente do condutor;Colisão lateral mesmo sentido;Com Vítimas Feridas;Pleno dia;Decrescente;Céu Claro;Múltipla;Reta;Sim;4;0;1;0;2;2;1;4;-26,895859;-48,71903;SPRF-SC;DEL04-SC;UOP04-DEL04-SC
610818;29/06/2024;sábado;13:30:00;RS;158;326;SANTA MARIA;Reação tardia ou ineficiente do condutor;Tombamento;Com Vítimas Feridas;Pleno dia;Crescente;Céu Claro;Simples;Rotatória;Sim;3;0;1;0;0;3;1;4;-29,71481493;-53,81050408;SPRF-RS;DEL09-RS;UOP01-DEL09-RS
610821;29/06/2024;sábado;13:40:00;PR;116;183;CAMPO DO TENENTE;Demais falhas mecânicas ou elétricas;Colisão lateral sentido oposto;Com Vítimas Feridas;Pleno dia;Crescente;Céu Claro;Simples;"Reta;Declive";Não;4;0;1;0;1;3;1;5;-25,93408252;-49,63736575;SPRF-PR;DEL01-PR;UOP03-DEL01-PR
610823;21/04/2024;domingo;02:00:00;MG;251;349,6;FRUTA DE LEITE;Reação tardia ou ineficiente do condutor;Colisão com objeto;Com Vítimas Feridas;Plena Noite;Decrescente;Céu Claro;Simples;"Declive;Curva;Ponte";Não;2;0;1;0;0;1;1;2;-16,25810331;-42,52464294;SPRF-MG;DEL12-MG;UOP02-DEL12-MG