id;data_inversa;dia_semana;horario;uf;br;km;municipio;causa_acidente;tipo_acidente;classificacao_acidente;fase_dia;sentido_via;condicao_metereologica;tipo_pista;tracado_via;uso_solo;pessoas;mortos;feridos_leves;feridos_graves;ilesos;ignorados;feridos;veiculos;latitude;longitude;regional;delegacia;uop
610827;29/06/2024;sábado;14:20:00;AL;101;130;SAO MIGUEL DOS CAMPOS;Condutor Dormindo;Colisão frontal;Com Vítimas Feridas;Pleno dia;Decrescente;Céu Claro;Simples;"Reta;Ponte";Sim;3;0;2;0;0;2;2;4;-9,75846103;-36,07001181;SPRF-AL;DEL02-AL;UOP01-DEL02-AL
610831;29/06/2024;sábado;16:00:00;BA;116;908;CANDIDO SALES;Transitar na contramão;Colisão frontal;Com Vítimas Fatais;Pleno dia;Crescente;Céu Claro;Simples;Curva;Não;5;2;0;0;1;2;0;4;-15,42126089;-41,21621028;SPRF-BA;DEL08-BA;UOP03-DEL08-BA
610833;29/06/2024;sábado;15:10:00;TO;153;354,6;FORTALEZA DO TABOCAO;Ultrapassagem Indevida;Tombamento;Sem Vítimas;Pleno dia;Decrescente;Céu Claro;Simples;Reta;Não;2;0;0;0;1;2;0;3;-9,02301795;-48,50307549;SPRF-TO;DEL02-TO;UOP02-DEL02-TO
610842;29/06/2024;sábado;15:35:00;RJ;393;280;VOLTA REDONDA;Ausência de reação do condutor;Colisão traseira;Com Vítimas Feridas;Pleno dia;Decrescente;Sol;Simples;Reta;Sim;5;0;3;0;2;0;3;2;-22,47750785;-44,01954402;SPRF-RJ;DEL05-RJ;UOP04-DEL05-RJ
610844;29/06/2024;sábado;15:22:00;BA;101;739;ITABELA;Velocidade Incompatível;Tombamento;Com Vítimas Feridas;Pleno dia;Decrescente;Céu Claro;Simples;Curva;Não;1;0;1;0;0;0;1;1;-16,5328508;-39,5666908;SPRF-BA;DEL09-BA;UOP01-DEL09-BA
610848;29/06/2024;sábado;16:42:00;RS;386;122,3;SARANDI;Reação tardia ou ineficiente do condutor;Colisão lateral sentido oposto;Com Vítimas Feridas;Pleno dia;Decrescente;Céu Claro;Simples;Reta;Sim;2;0;1;0;1;0;1;2;-27,887949;-52,991646;SPRF-RS;DEL08-RS;UOP01-DEL08-RS
610851;29/06/2024;sábado;18:00:00;MG;116;762,8;LEOPOLDINA;Desrespeitar a preferência no cruzamento;Colisão transversal;Com Vítimas Feridas;Anoitecer;Crescente;Céu Claro;Simples;"Rotatória;Interseção de Vias";Não;2;0;0;1;1;0;1;2;-21,52207278;-42,61775334;SPRF-MG;DEL07-MG;UOP01-DEL07-MG
610859;29/06/2024;sábado;17:15:00;SC;280;29;ARAQUARI;Mal súbito do condutor;Colisão lateral sentido oposto;Com Vítimas Feridas;Anoitecer;Crescente;Céu Claro;Simples;Reta;Não;4;0;0;2;1;1;2;4;-26,41066264;-48,75295628;SPRF-SC;DEL03-SC;UOP03-DEL03-SC
610864;29/06/2024;sábado;08:20:00;PA;163;500;ITAITUBA;Reação tardia ou ineficiente do condutor;Tombamento;Com Vítimas Feridas;Pleno dia;Crescente;Céu Claro;Simples;"Aclive;Curva";Não;2;0;1;0;0;3;1;4;-5,50289987;-55,83120751;SPRF-PA;DEL05-PA;UOP02-DEL05-PA
610866;29/06/2024;sábado;16:35:00;SC;101;2;GARUVA;Condutor Dormindo;Colisão com objeto;Com Vítimas Feridas;Pleno dia;Crescente;Céu Claro;Dupla;Curva;Sim;3;0;1;0;1;1;1;3;-25,99699834;-48,87891655;SPRF-SC;DEL03-SC;UOP01-DEL03-SC
610867;29/06/2024;sábado;13:15:00;PI;316;0;TERESINA;Condutor deixou de manter distância do veículo da frente;Colisão lateral mesmo sentido;Com Vítimas Fatais;Pleno dia;Decrescente;Sol;Simples;"Reta;Ponte";Sim;3;1;0;0;1;1;0;3;-5,130882;-42,81456;SPRF-PI;DEL01-PI;UOP02-DEL01-PI
610880;29/06/2024;sábado;19:05:00;RS;290;19;SANTO ANTONIO DA PATRULHA;Mal súbito do condutor;Colisão traseira;Com Vítimas Feridas;Plena Noite;Decrescente;Céu Claro;Dupla;Reta;Não;2;0;1;0;1;0;1;2;-29,88612132;-50,44912577;SPRF-RS;DEL03-RS;UOP01-DEL03-RS
610899;29/06/2024;sábado;10:20:00;BA;324;438;RIACHAO DO JACUIPE;Reação tardia ou ineficiente do condutor;Colisão transversal;Com Vítimas Fatais;Pleno dia;Crescente;Sol;Simples;"Reta;Interseção de Vias";Sim;4;1;0;0;1;2;0;4;-11,81229481;-39,38560459;SPRF-BA;DEL04-BA;UOP02-DEL04-BA
610909;29/06/2024;sábado;20:25:00;PI;343;308;ALTOS;Ausência de reação do condutor;Colisão lateral sentido oposto;Com Vítimas Feridas;Plena Noite;Decrescente;Céu Claro;Simples;Reta;Sim;2;0;1;0;1;0;1;2;-5,038669;-42,468166;SPRF-PI;DEL01-PI;UOP01-DEL01-PI
610911;29/06/2024;sábado;14:50:00;BA;116;510;SANTA TERESINHA;Velocidade Incompatível;Saída de leito carroçável;Sem Vítimas;Pleno dia;Decrescente;Céu Claro;Simples;Reta;Não;2;0;0;0;1;2;0;3;-12,6682164;-39,6450058;SPRF-BA;DEL03-BA;UOP02-DEL03-BA
610914;29/06/2024;sábado;09:30:00;MT;364;115;ALTO GARCAS;Acostamento em desnível;Saída de leito carroçável;Com Vítimas Feridas;Pleno dia;Decrescente;Céu Claro;Simples;Reta;Não;2;0;1;0;0;1;1;2;-16,85723;-53,864815;SPRF-MT;DEL02-MT;UOP02-DEL02-MT
610916;29/06/2024;sábado;20:25:00;BA;101;806;ITAMARAJU;Acessar a via sem observar a presença dos outros veículos;Colisão frontal;Com Vítimas Feridas;Plena Noite;Decrescente;Céu Claro;Simples;Curva;Sim;2;0;1;0;1;0;1;2;-17,007255;-39,548505;SPRF-BA;DEL09-BA;UOP02-DEL09-BA
610940;29/06/2024;sábado;21:00:00;MT;364;295,5;JACIARA;Reação tardia ou ineficiente do condutor;Colisão traseira;Com Vítimas Feridas;Plena Noite;Decrescente;Céu Claro;Dupla;Reta;Não;3;0;0;2;1;0;2;2;-15,87116802;-55,12035603;SPRF-MT;DEL05-MT;UOP02-DEL05-MT
610946;29/06/2024;sábado;22:00:00;SC;163;74,9;SAO MIGUEL DO OESTE;Transitar na contramão;Colisão frontal;Com Vítimas Feridas;Plena Noite;Decrescente;Céu Claro;Simples;"Curva;Aclive";Não;5;0;1;1;3;0;2;3;-26,69477185;-53,51594925;SPRF-SC;DEL07-SC;UOP03-DEL07-SC
610964;30/06/2024;domingo;02:00:00;RS;116;0,1;VACARIA;Ausência de reação do condutor;Tombamento;Com Vítimas Feridas;Plena Noite;Crescente;Céu Claro;Simples;Curva;Não;2;0;1;0;1;0;1;1;-28,210476;-50,759827;SPRF-RS;DEL05-RS;UOP03-DEL05-RS
610972;30/06/2024;domingo;05:40:00;TO;153;242;COLINAS DO TOCANTINS;Condutor Dormindo;Colisão traseira;Com Vítimas Feridas;Amanhecer;Crescente;Céu Claro;Simples;Reta;Não;48;0;4;0;43;2;4;4;-8,01201701;-48,46522056;SPRF-TO;DEL02-TO;UOP01-DEL02-TO
610977;30/06/2024;domingo;03:50:00;BA;116;860,7;VITORIA DA CONQUISTA;Condutor Dormindo;Colisão transversal;Com Vítimas Feridas;Plena Noite;Crescente;Céu Claro;Simples;Reta;Não;4;0;0;1;2;1;1;3;-15,09333927;-41,02020264;SPRF-BA;DEL08-BA;UOP01-DEL08-BA
610981;29/06/2024;sábado;23:15:00;MG;40;108;LAGOA GRANDE;Condutor Dormindo;Saída de leito carroçável;Com Vítimas Feridas;Plena Noite;Crescente;Ignorado;Simples;Reta;Não;4;0;1;1;1;2;2;4;-17,61987283;-46,46464274;SPRF-MG;DEL14-MG;UOP01-DEL14-MG
610987;30/06/2024;domingo;04:30:00;PA;163;652;ITAITUBA;Ingestão de álcool pelo condutor;Tombamento;Com Vítimas Feridas;Amanhecer;Crescente;Céu Claro;Dupla;Curva;Não;2;0;1;0;0;3;1;4;-4,51394208;-55,86544792;SPRF-PA;DEL05-PA;UOP02-DEL05-PA
610990;30/06/2024;domingo;07:08:00;GO;20;22;FORMOSA;Condutor deixou de manter distância do veículo da frente;Colisão traseira;Sem Vítimas;Anoitecer;Crescente;Céu Claro;Simples;"Aclive;Reta";Não;2;0;0;0;2;0;0;2;-15,545656;-47,1605;SPRF-DF;DEL02-DF;UOP02-DEL02-DF
610998;08/04/2024;segunda-feira;22:30:00;RS;386;297,1;POUSO NOVO;Velocidade Incompatível;Saída de leito carroçável;Com Vítimas Feridas;Plena Noite;Crescente;Céu Claro;Simples;Curva;Não;2;0;0;1;0;1;1;2;-29,14125425;-52,2387886;SPRF-RS;DEL04-RS;UOP01-DEL04-RS
611004;30/06/2024;domingo;07:30:00;SE;101;150,9;ESTANCIA;Carga excessiva e/ou mal acondicionada;Derramamento de carga;Sem Vítimas;Pleno dia;Decrescente;Nublado;Simples;Reta;Sim;2;0;0;0;1;1;0;2;-11,25101095;-37,4365661;SPRF-SE;DEL02-SE;UOP01-DEL02-SE
611006;30/06/2024;domingo;08:05:00;TO;153;134;ARAGUAINA;Reação tardia ou ineficiente do condutor;Saída de leito carroçável;Sem Vítimas;Pleno dia;Crescente;Céu Claro;Simples;Reta;Sim;2;0;0;0;1;1;0;2;-7,12178379;-48,19293926;SPRF-TO;DEL02-TO;UOP01-DEL02-TO
611012;30/06/2024;domingo;08:45:00;SP;116;511;CAJATI;Reação tardia ou ineficiente do condutor;Tombamento;Com Vítimas Feridas;Pleno dia;Decrescente;Nublado;Dupla;"Curva;Declive";Não;3;0;2;0;0;1;2;2;-24,83558399;-48,2223738;SPRF-SP;DEL05-SP;UOP02-DEL05-SP
611014;30/06/2024;domingo;07:05:00;GO;40;95;CRISTALINA;Acessar a via sem observar a presença dos outros veículos;Colisão lateral mesmo sentido;Sem Vítimas;Pleno dia;Crescente;Céu Claro;Simples;Reta;Sim;3;0;0;0;2;2;0;4;-16,750555;-47,607549;SPRF-DF;DEL01-DF;UOP02-DEL01-DF
611035;30/06/2024;domingo;10:30:00;SC;116;164,9;PONTE ALTA DO NORTE;Reação tardia ou ineficiente do condutor;Tombamento;Com Vítimas Feridas;Pleno dia;Crescente;Céu Claro;Simples;Curva;Não;2;0;1;0;0;1;1;2;-27,14325097;-50,46036547;SPRF-SC;DEL05-SC;UOP03-DEL05-SC
611040;30/06/2024;domingo;12:20:00;RJ;101;47;CAMPOS DOS GOYTACAZES;Reação tardia ou ineficiente do condutor;Atropelamento de Pedestre;Com Vítimas Feridas;Pleno dia;Crescente;Céu Claro;Simples;Reta;Não;2;0;0;1;1;0;1;2;-21,60743504;-41,31655533;SPRF-RJ;DEL08-RJ;UOP01-DEL08-RJ
611051;30/06/2024;domingo;07:50:00;PA;163;601;ITAITUBA;Ultrapassagem Indevida;Tombamento;Com Vítimas Feridas;Pleno dia;Crescente;Céu Claro;Simples;"Reta;Declive";Não;3;0;0;1;1;3;1;5;-4,83522303;-56,13775395;SPRF-PA;DEL05-PA;UOP02-DEL05-PA
611053;30/06/2024;domingo;14:30:00;SP;381;61;MAIRIPORA;Velocidade Incompatível;Tombamento;Com Vítimas Feridas;Pleno dia;Crescente;Garoa/Chuvisco;Dupla;"Declive;Curva";Não;2;0;1;0;0;1;1;2;-23,29011611;-46,5800681;SPRF-SP;DEL03-SP;UOP01-DEL03-SP
611054;30/06/2024;domingo;11:40:00;PI;316;103;BARRO DURO;Reação tardia ou ineficiente do condutor;Colisão traseira;Com Vítimas Feridas;Pleno dia;Decrescente;Céu Claro;Simples;Reta;Não;4;0;1;1;1;1;2;3;-5,84411229;-42,46321326;SPRF-PI;DEL04-PI;UOP02-DEL04-PI
611057;30/06/2024;domingo;13:55:00;MT;364;506,8;JANGADA;Transitar na contramão;Colisão frontal;Com Vítimas Fatais;Pleno dia;Crescente;Céu Claro;Simples;Ponte;Não;4;2;0;0;1;1;0;3;-15,21345692;-56,50352182;SPRF-MT;DEL01-MT;UOP01-DEL01-MT
611058;24/05/2024;sexta-feira;22:20:00;SE;101;167,5;SANTA LUZIA DO ITANHY;Transitar na contramão;Colisão frontal;Com Vítimas Fatais;Plena Noite;Crescente;Nublado;Simples;Curva;Não;7;1;3;1;1;1;4;3;-11,32162296;-37,5573796;SPRF-SE;DEL02-SE;UOP01-DEL02-SE
611086;30/06/2024;domingo;15:30:00;PA;163;625;TRAIRAO;Acessar a via sem observar a presença dos outros veículos;Colisão transversal;Com Vítimas Feridas;Pleno dia;Crescente;Nublado;Simples;Reta;Sim;4;0;1;0;2;3;1;6;-4,7024556;-55,9969688;SPRF-PA;DEL05-PA;UOP02-DEL05-PA
611091;30/06/2024;domingo;15:30:00;SC;101;57;ARAQUARI;Demais falhas mecânicas ou elétricas;Incêndio;Sem Vítimas;Pleno dia;Decrescente;Céu Claro;Dupla;Reta;Não;1;0;0;0;1;0;0;1;-26,43646093;-48,81113029;SPRF-SC;DEL03-SC;UOP01-DEL03-SC
611092;30/06/2024;domingo;17:30:00;PI;316;49;LAGOA DO PIAUI;Demais falhas mecânicas ou elétricas;Incêndio;Sem Vítimas;Pleno dia;Crescente;Céu Claro;Simples;Reta;Não;1;0;0;0;1;0;0;1;-5,48492495;-42,63890136;SPRF-PI;DEL01-PI;UOP02-DEL01-PI
611093;30/06/2024;domingo;16:44:00;SC;101;39;JOINVILLE;Acessar a via sem observar a presença dos outros veículos;Colisão lateral mesmo sentido;Sem Vítimas;Pleno dia;Decrescente;Céu Claro;Dupla;Interseção de Vias;Não;2;0;0;0;2;0;0;2;-26,2628107;-48,90192257;SPRF-SC;DEL03-SC;UOP01-DEL03-SC
611106;30/06/2024;domingo;08:35:00;BA;116;861;VITORIA DA CONQUISTA;Velocidade Incompatível;Colisão traseira;Sem Vítimas;Pleno dia;Decrescente;Céu Claro;Simples;Reta;Não;3;0;0;0;2;5;0;7;-15,141639;-41,045621;SPRF-BA;DEL08-BA;UOP01-DEL08-BA
611110;30/06/2024;domingo;18:00:00;PE;101;79;JABOATAO DOS GUARARAPES;Ausência de reação do condutor;Colisão traseira;Com Vítimas Feridas;Plena Noite;Decrescente;Céu Claro;Dupla;Reta;Sim;4;0;1;0;2;1;1;4;-8,14366112;-34,94723453;SPRF-PE;DEL01-PE;UOP01-DEL01-PE
611117;30/06/2024;domingo;19:00:00;MG;40;446;PARAOPEBA;Velocidade Incompatível;Colisão lateral mesmo sentido;Com Vítimas Feridas;Plena Noite;Crescente;Céu Claro;Dupla;"Declive;Reta";Não;4;0;1;0;1;2;1;4;-19,28815;-44,392;SPRF-MG;DEL02-MG;UOP01-DEL02-MG
611120;30/06/2024;domingo;08:15:00;MG;262;548;LUZ;Carga excessiva e/ou mal acondicionada;Derramamento de carga;Sem Vítimas;Pleno dia;Decrescente;Céu Claro;Simples;Curva;Não;2;0;0;0;1;1;0;2;-19,72129049;-45,8769536;SPRF-MG;DEL08-MG;UOP02-DEL08-MG
611121;30/06/2024;domingo;17:05:00;MT;163;827;SINOP;Ausência de reação do condutor;Colisão lateral mesmo sentido;Sem Vítimas;Pleno dia;Crescente;Céu Claro;Simples;"Retorno Regulamentado;Reta";Sim;4;0;0;0;3;2;0;4;-11,929214;-55,513011;SPRF-MT;DEL06-MT;UOP02-DEL06-MT
611123;30/06/2024;domingo;18:30:00;BA;110;50;JEREMOABO;Transitar na contramão;Colisão frontal;Com Vítimas Fatais;Plena Noite;Crescente;Céu Claro;Simples;Reta;Não;4;1;1;0;2;0;1;2;-9,89514402;-38,26876624;SPRF-BA;DEL07-BA;UOP01-DEL07-BA
611128;30/06/2024;domingo;18:48:00;MS;158;340,6;BRASILANDIA;Acessar a via sem observar a presença dos outros veículos;Colisão transversal;Com Vítimas Feridas;Plena Noite;Crescente;Garoa/Chuvisco;Simples;"Retorno Regulamentado;Rotatória;Interseção de Vias";Não;6;0;3;0;2;1;3;3;-21,25574166;-52,02703357;SPRF-MS;DEL07-MS;UOP01-DEL07-MS
611138;30/06/2024;domingo;20:10:00;PE;232;251;ARCOVERDE;Manobra de mudança de faixa;Colisão frontal;Com Vítimas Feridas;Plena Noite;Crescente;Céu Claro;Simples;"Reta;Declive;Viaduto";Sim;2;0;0;1;1;0;1;2;-8,429241;-37,060127;SPRF-PE;DEL04-PE;UOP02-DEL04-PE
611140;29/06/2024;sábado;11:40:00;MG;50;193;DELTA;Velocidade Incompatível;Colisão lateral mesmo sentido;Sem Vítimas;Pleno dia;Crescente;Céu Claro;Dupla;"Reta;Declive";Não;4;0;0;0;3;3;0;5;-19,87965993;-47,85365089;SPRF-MG;DEL13-MG;UOP01-DEL13-MG
611142;30/06/2024;domingo;19:37:00;PE;232;518;SALGUEIRO;Reação tardia ou ineficiente do condutor;Colisão traseira;Sem Vítimas;Plena Noite;Decrescente;Céu Claro;Simples;Reta;Não;4;0;0;0;2;2;0;3;-8,061821;-39,206123;SPRF-PE;DEL05-PE;UOP01-DEL05-PE
611143;30/06/2024;domingo;19:02:00;TO;153;447;BARROLANDIA;Ingestão de álcool pelo condutor;Colisão frontal;Sem Vítimas;Plena Noite;Decrescente;Céu Claro;Simples;"Reta;Aclive";Não;5;0;0;0;4;1;0;3;-9,79957988;-48,71715924;SPRF-TO;DEL01-TO;UOP01-DEL01-TO
611156;30/06/2024;domingo;21:20:00;BA;407;102;JAGUARARI;Condutor deixou de manter distância do veículo da frente;Colisão traseira;Com Vítimas Feridas;Plena Noite;Crescente;Céu Claro;Simples;"Aclive;Reta";Não;5;0;3;0;2;0;3;3;-10,25144463;-40,19450109;SPRF-BA;DEL04-BA;UOP01-DEL04-BA
611169;30/06/2024;domingo;18:00:00;BA;407;217;CAPIM GROSSO;Demais falhas mecânicas ou elétricas;Incêndio;Com Vítimas Feridas;Plena Noite;Crescente;Céu Claro;Simples;Reta;Não;1;0;1;0;0;0;1;1;-11,24590398;-40,02516482;SPRF-BA;DEL04-BA;UOP02-DEL04-BA
611179;01/07/2024;segunda-feira;00:00:00;SC;116;166,4;PONTE ALTA DO NORTE;Transitar na contramão;Colisão lateral sentido oposto;Sem Vítimas;Plena Noite;Crescente;Nublado;Simples;Curva;Não;2;0;0;0;1;1;0;2;-27,16000685;-50,46631231;SPRF-SC;DEL05-SC;UOP03-DEL05-SC
611180;01/07/2024;segunda-feira;01:45:00;BA;242;882;LUIS EDUARDO MAGALHAES;Condutor deixou de manter distância do veículo da frente;Colisão traseira;Com Vítimas Feridas;Plena Noite;Crescente;Céu Claro;Simples;Reta;Sim;2;0;1;0;1;0;1;2;-12,08347085;-45,735569;SPRF-BA;DEL10-BA;UOP01-DEL10-BA
611183;01/07/2024;segunda-feira;03:30:00;SP;116;114;TAUBATE;Reação tardia ou ineficiente do condutor;Colisão traseira;Com Vítimas Feridas;Plena Noite;Decrescente;Nublado;Dupla;Reta;Não;2;0;1;0;0;1;1;2;-23,04654177;-45,59018006;SPRF-SP;DEL02-SP;UOP02-DEL02-SP
611184;01/07/2024;segunda-feira;02:40:00;RJ;101;189;CASIMIRO DE ABREU;Chuva;Saída de leito carroçável;Com Vítimas Feridas;Plena Noite;Decrescente;Chuva;Simples;Curva;Não;2;0;2;0;0;0;2;1;-22,45589967;-42,0608363;SPRF-RJ;DEL08-RJ;UOP04-DEL08-RJ
611185;01/07/2024;segunda-feira;01:00:00;MT;163;555;DIAMANTINO;Condutor Dormindo;Saída de leito carroçável;Sem Vítimas;Plena Noite;Crescente;Céu Claro;Simples;Reta;Não;2;0;0;0;0;3;0;3;-14,267496;-56,15044099;SPRF-MT;DEL01-MT;UOP01-DEL01-MT
611192;01/06/2024;sábado;11:40:00;TO;153;669;GURUPI;Desrespeitar a preferência no cruzamento;Colisão transversal;Com Vítimas Feridas;Pleno dia;Crescente;Céu Claro;Simples;Reta;Não;3;0;1;0;2;0;1;2;-11,70103104;-49,07271583;SPRF-TO;DEL01-TO;UOP02-DEL01-TO
611193;01/07/2024;segunda-feira;04:15:00;PI;343;259,9;CAMPO MAIOR;Manobra de mudança de faixa;Saída de leito carroçável;Com Vítimas Feridas;Plena Noite;Crescente;Céu Claro;Simples;Curva;Não;4;0;2;0;1;1;2;2;-4,802398;-42,137829;SPRF-PI;DEL01-PI;UOP03-DEL01-PI
611195;22/06/2024;sábado;10:00:00;MG;40;610;CONGONHAS;Retorno proibido;Colisão transversal;Com Vítimas Feridas;Pleno dia;Crescente;Céu Claro;Simples;Reta;Não;4;0;1;0;1;2;1;4;-20,5019758;-43,83840447;SPRF-MG;DEL05-MG;UOP02-DEL05-MG
611197;01/07/2024;segunda-feira;06:30:00;GO;153;675;PANAMA;Problema com o freio;Saída de leito carroçável;Com Vítimas Feridas;Pleno dia;Crescente;Céu Claro;Dupla;Interseção de Vias;Não;3;0;0;1;0;2;1;3;-18,1855;-49,2895;SPRF-GO;DEL03-GO;UOP02-DEL03-GO
611200;01/07/2024;segunda-feira;05:45:00;MG;40;528;CONTAGEM;Velocidade Incompatível;Colisão traseira;Com Vítimas Feridas;Pleno dia;Crescente;Céu Claro;Dupla;Reta;Não;5;0;2;0;2;1;2;5;-19,91067739;-44,04283762;SPRF-MG;DEL01-MG;UOP02-DEL01-MG
611202;01/07/2024;segunda-feira;06:55:00;RS;470;218;BENTO GONCALVES;Condutor deixou de manter distância do veículo da frente;Colisão traseira;Com Vítimas Feridas;Pleno dia;Crescente;Nublado;Simples;Declive;Sim;3;0;1;0;2;0;1;3;-29,18116054;-51,52001023;SPRF-RS;DEL06-RS;UOP01-DEL06-RS
611209;01/07/2024;segunda-feira;06:30:00;BA;101;839,7;TEIXEIRA DE FREITAS;Ausência de reação do condutor;Colisão frontal;Com Vítimas Fatais;Amanhecer;Crescente;Céu Claro;Simples;"Curva;Declive";Não;2;1;0;0;1;0;0;2;-17,42806513;-39,6862617;SPRF-BA;DEL09-BA;UOP02-DEL09-BA
611225;01/07/2024;segunda-feira;08:30:00;MG;262;766;UBERABA;Condutor Dormindo;Colisão frontal;Com Vítimas Fatais;Pleno dia;Decrescente;Céu Claro;Simples;Reta;Não;3;1;0;0;2;0;0;2;-19,666252;-47,602004;SPRF-MG;DEL13-MG;UOP01-DEL13-MG
611226;01/07/2024;segunda-feira;07:30:00;RS;290;0,5;OSORIO;Condutor Dormindo;Saída de leito carroçável;Com Vítimas Feridas;Amanhecer;Decrescente;Céu Claro;Dupla;Aclive;Sim;2;0;2;0;0;0;2;1;-29,88921112;-50,27873755;SPRF-RS;DEL03-RS;UOP01-DEL03-RS
611228;01/07/2024;segunda-feira;07:55:00;RJ;116;229;PIRAI;Reação tardia ou ineficiente do condutor;Colisão traseira;Com Vítimas Feridas;Pleno dia;Decrescente;Nublado;Dupla;"Declive;Curva";Não;4;0;1;0;1;2;1;3;-22,65646622;-43,82206692;SPRF-RJ;DEL07-RJ;UOP01-DEL07-RJ
611229;03/05/2024;sexta-feira;07:40:00;MA;135;165,8;SAO MATEUS DO MARANHAO;Transitar na contramão;Colisão lateral sentido oposto;Com Vítimas Fatais;Pleno dia;Crescente;Céu Claro;Simples;Reta;Não;3;1;0;1;0;2;1;4;-3,88828099;-44,48777698;SPRF-MA;DEL01-MA;UOP02-DEL01-MA
611234;01/07/2024;segunda-feira;05:50:00;MT;158;678;NOVA XAVANTINA;Neblina;Colisão traseira;Com Vítimas Feridas;Amanhecer;Decrescente;Céu Claro;Simples;Reta;Não;4;0;1;0;2;4;1;7;-14,87079792;-52,28852877;SPRF-MT;DEL07-MT;UOP01-DEL07-MT
611238;01/07/2024;segunda-feira;08:25:00;PR;277;222,6;FERNANDES PINHEIRO;Transitar na contramão;Colisão frontal;Com Vítimas Fatais;Pleno dia;Crescente;Céu Claro;Simples;Reta;Não;5;1;0;1;0;4;1;5;-25,47019769;-50,46595573;SPRF-PR;DEL08-PR;UOP02-DEL08-PR
611244;01/07/2024;segunda-feira;10:20:00;BA;116;817;VITORIA DA CONQUISTA;Velocidade Incompatível;Colisão traseira;Com Vítimas Feridas;Pleno dia;Decrescente;Céu Claro;Simples;"Reta;Declive";Sim;4;0;2;0;2;0;2;3;-14,78186283;-40,73870709;SPRF-BA;DEL08-BA;UOP01-DEL08-BA
611250;01/07/2024;segunda-feira;10:50:00;MG;381;308;ANTONIO DIAS;Retorno proibido;Colisão transversal;Com Vítimas Feridas;Pleno dia;Crescente;Céu Claro;Dupla;"Declive;Reta";Não;3;0;1;0;2;0;1;2;-19,64238244;-42,91877931;SPRF-MG;DEL03-MG;UOP02-DEL03-MG
611256;01/07/2024;segunda-feira;11:05:00;SP;116;147;SAO JOSE DOS CAMPOS;Manobra de mudança de faixa;Colisão lateral mesmo sentido;Com Vítimas Feridas;Pleno dia;Crescente;Nublado;Dupla;Reta;Sim;3;0;1;0;1;1;1;3;-23,19542994;-45,87176303;SPRF-SP;DEL02-SP;UOP01-DEL02-SP
611258;16/04/2024;terça-feira;03:00:00;SC;282;529,4;CORDILHEIRA ALTA;Velocidade Incompatível;Colisão transversal;Com Vítimas Feridas;Plena Noite;Crescente;Garoa/Chuvisco;Simples;"Declive;Curva";Não;2;0;1;0;1;0;1;2;-26,982185;-52,59734;SPRF-SC;DEL07-SC;UOP01-DEL07-SC
611261;01/07/2024;segunda-feira;11:05:00;PR;277;585,7;CASCAVEL;Retorno proibido;Colisão transversal;Com Vítimas Feridas;Pleno dia;Crescente;Céu Claro;Simples;"Reta;Interseção de Vias";Não;8;0;0;6;1;1;6;3;-24,96419488;-53,41964722;SPRF-PR;DEL04-PR;UOP01-DEL04-PR
611265;01/07/2024;segunda-feira;11:40:00;PI;316;5,8;TERESINA;Condutor deixou de manter distância do veículo da frente;Colisão traseira;Com Vítimas Fatais;Pleno dia;Crescente;Céu Claro;Dupla;Curva;Sim;2;1;0;0;1;0;0;2;-5,14169858;-42,78157276;SPRF-PI;DEL01-PI;UOP02-DEL01-PI
611267;01/07/2024;segunda-feira;10:00:00;SC;101;138,3;BALNEARIO CAMBORIU;Ausência de reação do condutor;Colisão lateral mesmo sentido;Com Vítimas Feridas;Pleno dia;Crescente;Nublado;Dupla;Aclive;Sim;3;0;0;1;1;1;1;3;-27,02397426;-48,60761649;SPRF-SC;DEL04-SC;UOP03-DEL04-SC
611269;01/07/2024;segunda-feira;11:10:00;RS;470;275;SAO JOSE DO SUL;Velocidade Incompatível;Tombamento;Com Vítimas Feridas;Pleno dia;Decrescente;Céu Claro;Simples;Curva;Sim;2;0;0;1;0;1;1;2;-29,55360797;-51,48039953;SPRF-RS;DEL06-RS;UOP01-DEL06-RS
611284;01/07/2024;segunda-feira;14:30:00;RS;386;306,7;POUSO NOVO;Reação tardia ou ineficiente do condutor;Engavetamento;Com Vítimas Feridas;Pleno dia;Crescente;Céu Claro;Simples;Reta;Não;3;0;0;1;2;0;1;3;-29,202335;-52,183838;SPRF-RS;DEL04-RS;UOP01-DEL04-RS
611292;01/07/2024;segunda-feira;14:15:00;MG;40;525;CONTAGEM;Manobra de mudança de faixa;Colisão lateral mesmo sentido;Com Vítimas Feridas;Pleno dia;Crescente;Céu Claro;Dupla;Reta;Sim;3;0;1;0;1;1;1;2;-19,8854435;-44,05049985;SPRF-MG;DEL01-MG;UOP02-DEL01-MG
611293;01/07/2024;segunda-feira;15:10:00;MG;381;568,8;ITAGUARA;Reação tardia ou ineficiente do condutor;Colisão com objeto;Com Vítimas Feridas;Pleno dia;Crescente;Nublado;Dupla;"Reta;Em Obras";Não;2;0;1;0;1;0;1;1;-20,41031024;-44,52652931;SPRF-MG;DEL04-MG;UOP03-DEL04-MG
611296;01/07/2024;segunda-feira;15:00:00;CE;222;299,6;TIANGUA;Transitar na contramão;Colisão frontal;Com Vítimas Feridas;Pleno dia;Crescente;Céu Claro;Simples;"Declive;Curva";Não;3;0;1;0;2;0;1;2;-3,65653078;-40,9347551;SPRF-CE;DEL04-CE;UOP02-DEL04-CE