id;data_inversa;dia_semana;horario;uf;br;km;municipio;causa_acidente;tipo_acidente;classificacao_acidente;fase_dia;sentido_via;condicao_metereologica;tipo_pista;tracado_via;uso_solo;pessoas;mortos;feridos_leves;feridos_graves;ilesos;ignorados;feridos;veiculos;latitude;longitude;regional;delegacia;uop
611621;02/07/2024;terça-feira;23:30:00;PR;373;249;GUAMIRANGA;Transitar na contramão;Saída de leito carroçável;Com Vítimas Feridas;Plena Noite;Crescente;Ignorado;Simples;"Reta;Aclive";Não;3;0;1;0;1;3;1;5;-25,1899084;-50,84325602;SPRF-PR;DEL03-PR;UOP01-DEL03-PR
611622;02/07/2024;terça-feira;21:00:00;MG;40;128;JOAO PINHEIRO;Acessar a via sem observar a presença dos outros veículos;Colisão transversal;Com Vítimas Fatais;Plena Noite;Crescente;Céu Claro;Simples;"Interseção de Vias;Reta";Sim;3;1;0;0;1;1;0;3;-17,70323045;-46,29844666;SPRF-MG;DEL14-MG;UOP01-DEL14-MG
611623;02/07/2024;terça-feira;15:30:00;PA;163;503,6;ITAITUBA;Reação tardia ou ineficiente do condutor;Colisão lateral sentido oposto;Com Vítimas Feridas;Pleno dia;Crescente;Céu Claro;Simples;"Curva;Declive";Não;3;0;0;1;1;1;1;3;-5,47679022;-55,84504008;SPRF-PA;DEL05-PA;UOP02-DEL05-PA
611626;03/07/2024;quarta-feira;01:45:00;RJ;493;69;NOVA IGUACU;Animais na Pista;Atropelamento de Animal;Sem Vítimas;Pleno dia;Decrescente;Céu Claro;Dupla;Reta;Não;1;0;0;0;1;0;0;1;-22,68403385;-43,43204498;SPRF-RJ;DEL01-RJ;UOP03-DEL01-RJ
611628;03/07/2024;quarta-feira;05:00:00;SP;116;170;JACAREI;Ausência de reação do condutor;Colisão transversal;Com Vítimas Feridas;Amanhecer;Crescente;Nevoeiro/Neblina;Dupla;Curva;Sim;4;0;0;1;2;1;1;4;-23,30794749;-46,0548351;SPRF-SP;DEL02-SP;UOP01-DEL02-SP
611631;03/07/2024;quarta-feira;05:50:00;MG;365;306,5;JOAO PINHEIRO;Condutor Dormindo;Colisão frontal;Com Vítimas Fatais;Amanhecer;Crescente;Céu Claro;Simples;Reta;Não;3;1;0;0;1;3;0;5;-18,17906961;-45,80321109;SPRF-MG;DEL10-MG;UOP01-DEL10-MG
611635;03/07/2024;quarta-feira;06:50:00;RJ;116;233;PIRAI;Velocidade Incompatível;Tombamento;Com Vítimas Feridas;Anoitecer;Decrescente;Céu Claro;Simples;"Declive;Curva";Não;2;0;0;1;0;1;1;2;-22,66355363;-43,84062168;SPRF-RJ;DEL07-RJ;UOP01-DEL07-RJ
611639;03/07/2024;quarta-feira;04:50:00;MG;116;744;LEOPOLDINA;Condutor Dormindo;Tombamento;Com Vítimas Feridas;Plena Noite;Decrescente;Nevoeiro/Neblina;Simples;"Reta;Aclive";Não;2;0;1;0;0;1;1;2;-21,42227206;-42,50880191;SPRF-MG;DEL07-MG;UOP01-DEL07-MG
611641;03/07/2024;quarta-feira;07:45:00;SC;101;223,9;PALHOCA;Reação tardia ou ineficiente do condutor;Colisão lateral mesmo sentido;Com Vítimas Feridas;Pleno dia;Crescente;Céu Claro;Dupla;Reta;Sim;4;0;1;0;2;2;1;4;-27,71552634;-48,64881251;SPRF-SC;DEL01-SC;UOP02-DEL01-SC
611654;03/07/2024;quarta-feira;08:00:00;SC;101;200,9;SAO JOSE;Acessar a via sem observar a presença dos outros veículos;Colisão transversal;Com Vítimas Feridas;Pleno dia;Crescente;Céu Claro;Múltipla;Reta;Não;3;0;0;1;1;1;1;3;-27,54018513;-48,62287714;SPRF-SC;DEL01-SC;UOP01-DEL01-SC
611656;07/05/2024;terça-feira;23:30:00;MT;70;593;POCONE;Condutor Dormindo;Colisão traseira;Com Vítimas Feridas;Plena Noite;Crescente;Céu Claro;Simples;Reta;Não;3;0;1;0;1;1;1;3;-15,79616854;-56,67356209;SPRF-MT;DEL03-MT;UOP02-DEL03-MT
611662;03/07/2024;quarta-feira;07:30:00;MT;163;823;SINOP;Acessar a via sem observar a presença dos outros veículos;Colisão transversal;Com Vítimas Feridas;Pleno dia;Crescente;Céu Claro;Dupla;Retorno Regulamentado;Sim;3;0;1;0;1;1;1;3;-11,95999029;-55,51684683;SPRF-MT;DEL06-MT;UOP02-DEL06-MT
611676;03/07/2024;quarta-feira;07:20:00;PR;277;120;CAMPO LARGO;Reação tardia ou ineficiente do condutor;Colisão traseira;Com Vítimas Feridas;Pleno dia;Crescente;Céu Claro;Dupla;Reta;Não;4;0;0;1;2;1;1;4;-25,43651772;-49,44346612;SPRF-PR;DEL03-PR;UOP03-DEL03-PR
611689;03/07/2024;quarta-feira;10:00:00;ES;101;265,4;SERRA;Reação tardia ou ineficiente do condutor;Colisão traseira;Com Vítimas Feridas;Pleno dia;Crescente;Sol;Dupla;Reta;Sim;4;0;1;1;1;1;2;3;-20,1816849;-40,26536036;SPRF-ES;DEL02-ES;UOP01-DEL02-ES
611690;03/07/2024;quarta-feira;08:25:00;MG;381;744;TRES CORACOES;Reação tardia ou ineficiente do condutor;Tombamento;Com Vítimas Feridas;Pleno dia;Decrescente;Céu Claro;Dupla;Curva;Não;2;0;1;0;0;1;1;2;-21,63153073;-45,27650319;SPRF-MG;DEL16-MG;UOP02-DEL16-MG
611698;03/07/2024;quarta-feira;09:07:00;RS;290;243,9;CACHOEIRA DO SUL;Reação tardia ou ineficiente do condutor;Colisão frontal;Com Vítimas Feridas;Pleno dia;Crescente;Céu Claro;Simples;Declive;Não;4;0;1;0;2;1;1;3;-30,22584832;-52,67429352;SPRF-RS;DEL02-RS;UOP03-DEL02-RS
611699;03/07/2024;quarta-feira;08:30:00;SC;101;117,6;ITAJAI;Manobra de mudança de faixa;Colisão traseira;Com Vítimas Feridas;Pleno dia;Crescente;Céu Claro;Múltipla;Reta;Sim;4;0;2;0;0;2;2;3;-26,88747187;-48,72252969;SPRF-SC;DEL04-SC;UOP04-DEL04-SC
611701;03/07/2024;quarta-feira;08:15:00;RS;285;137,9;MUITOS CAPOES;Ultrapassagem Indevida;Colisão frontal;Com Vítimas Feridas;Pleno dia;Crescente;Nublado;Simples;Reta;Não;7;0;0;1;5;1;1;6;-28,40371;-51,04912;SPRF-RS;DEL05-RS;UOP03-DEL05-RS
611705;03/07/2024;quarta-feira;08:40:00;MG;381;434;SABARA;Demais falhas mecânicas ou elétricas;Colisão lateral mesmo sentido;Sem Vítimas;Pleno dia;Decrescente;Céu Claro;Simples;"Reta;Declive";Não;5;0;0;0;4;2;0;6;-19,80043184;-43,75031407;SPRF-MG;DEL01-MG;UOP01-DEL01-MG
611706;03/07/2024;quarta-feira;09:28:00;GO;60;406;RIO VERDE;Conversão proibida;Colisão transversal;Com Vítimas Feridas;Pleno dia;Decrescente;Céu Claro;Dupla;Reta;Não;3;0;1;0;1;1;1;3;-17,8154;-51,1083;SPRF-GO;DEL04-GO;UOP02-DEL04-GO
611708;03/07/2024;quarta-feira;10:40:00;SP;153;216;MARILIA;Reação tardia ou ineficiente do condutor;Tombamento;Com Vítimas Feridas;Pleno dia;Decrescente;Céu Claro;Simples;Reta;Não;2;0;1;0;0;1;1;2;-21,96180388;-49,92179359;SPRF-SP;DEL07-SP;UOP02-DEL07-SP
611709;03/07/2024;quarta-feira;11:15:00;RS;116;300;GUAIBA;Acessar a via sem observar a presença dos outros veículos;Colisão transversal;Com Vítimas Feridas;Pleno dia;Decrescente;Céu Claro;Simples;"Reta;Declive";Sim;5;0;0;1;2;2;1;3;-30,12368942;-51,34922543;SPRF-RS;DEL02-RS;UOP01-DEL02-RS
611712;03/07/2024;quarta-feira;05:00:00;SP;116;125,4;CACAPAVA;Ingestão de substâncias psicoativas pelo condutor;Colisão lateral mesmo sentido;Com Vítimas Feridas;Amanhecer;Decrescente;Céu Claro;Dupla;"Declive;Reta";Não;3;0;1;0;1;2;1;4;-23,09863862;-45,6858105;SPRF-SP;DEL02-SP;UOP02-DEL02-SP
611715;03/07/2024;quarta-feira;05:10:00;SP;116;108,9;TAUBATE;Ingestão de substâncias psicoativas pelo condutor;Colisão lateral mesmo sentido;Sem Vítimas;Amanhecer;Decrescente;Céu Claro;Dupla;Reta;Sim;3;0;0;0;2;2;0;4;-23,02871304;-45,54517097;SPRF-SP;DEL02-SP;UOP02-DEL02-SP
611716;03/07/2024;quarta-feira;12:58:00;MG;381;449,9;SABARA;Reação tardia ou ineficiente do condutor;Colisão lateral mesmo sentido;Com Vítimas Feridas;Pleno dia;Crescente;Nublado;Simples;"Declive;Em Obras;Reta";Sim;3;0;1;0;1;1;1;3;-19,84164036;-43,86232683;SPRF-MG;DEL01-MG;UOP01-DEL01-MG
611717;03/07/2024;quarta-feira;06:30:00;BA;349;920;CORRENTINA;Demais Fenômenos da natureza;Colisão transversal;Com Vítimas Feridas;Pleno dia;Crescente;Céu Claro;Simples;Reta;Não;4;0;1;0;2;3;1;5;-13,34775335;-44,63734466;SPRF-BA;DEL08-BA;N/A
611730;29/06/2024;sábado;21:30:00;TO;10;463;PALMAS;Manobra de mudança de faixa;Colisão transversal;Com Vítimas Feridas;Plena Noite;Crescente;Céu Claro;Múltipla;Reta;Sim;4;0;3;0;1;0;3;2;-10,15618788;-48,16564032;SPRF-TO;DEL01-TO;UOP03-DEL01-TO
611732;15/04/2024;segunda-feira;07:35:00;SP;116;162,5;JACAREI;Reação tardia ou ineficiente do condutor;Colisão traseira;Com Vítimas Feridas;Pleno dia;Decrescente;Céu Claro;Dupla;Reta;Não;6;0;0;1;4;2;1;5;-23,28133317;-45,98394689;SPRF-SP;DEL02-SP;UOP01-DEL02-SP
611738;03/07/2024;quarta-feira;14:30:00;SC;101;329,2;TUBARAO;Reação tardia ou ineficiente do condutor;Saída de leito carroçável;Com Vítimas Feridas;Pleno dia;Decrescente;Céu Claro;Dupla;Reta;Não;3;0;1;0;1;1;1;3;-28,45752383;-48,98563385;SPRF-SC;DEL02-SC;UOP01-DEL02-SC
611740;03/07/2024;quarta-feira;14:20:00;MG;381;633,9;OLIVEIRA;Condutor Dormindo;Saída de leito carroçável;Com Vítimas Feridas;Pleno dia;Crescente;Céu Claro;Dupla;"Aclive;Reta";Não;3;0;1;0;1;1;1;2;-20,86933705;-44,84336892;SPRF-MG;DEL04-MG;UOP01-DEL04-MG
611743;03/07/2024;quarta-feira;10:30:00;MG;0;0;BELO HORIZONTE;Manobra de mudança de faixa;Colisão lateral mesmo sentido;Sem Vítimas;Pleno dia;Não Informado;Sol;Dupla;"Reta;Declive";Sim;3;0;0;0;3;0;0;2;-19,85223971;-43,96121264;N/A;N/A;N/A
611757;03/07/2024;quarta-feira;15:55:00;RS;290;147;ELDORADO DO SUL;Ausência de reação do condutor;Colisão lateral sentido oposto;Com Vítimas Feridas;Pleno dia;Crescente;Céu Claro;Simples;Reta;Não;3;0;2;0;0;1;2;3;-30,10755;-51,675858;SPRF-RS;DEL02-RS;UOP01-DEL02-RS
611758;03/07/2024;quarta-feira;14:20:00;RS;470;51;LAGOA VERMELHA;Reação tardia ou ineficiente do condutor;Colisão traseira;Com Vítimas Feridas;Pleno dia;Decrescente;Céu Claro;Simples;"Declive;Em Obras";Não;4;0;0;1;2;2;1;5;-28,203287;-51,525436;SPRF-RS;DEL08-RS;UOP05-DEL08-RS
611760;03/07/2024;quarta-feira;11:55:00;PR;376;313,7;ORTIGUEIRA;Velocidade Incompatível;Tombamento;Com Vítimas Feridas;Pleno dia;Crescente;Céu Claro;Dupla;Curva;Não;2;0;0;1;0;2;1;3;-23,94976808;-51,11509323;SPRF-PR;DEL07-PR;UOP02-DEL07-PR
611764;09/03/2024;sábado;06:35:00;RJ;393;188;PARAIBA DO SUL;Condutor Dormindo;Saída de leito carroçável;Com Vítimas Feridas;Pleno dia;Decrescente;Céu Claro;Simples;"Declive;Reta";Não;2;0;1;0;0;1;1;2;-22,15621776;-43,3079422;SPRF-RJ;DEL05-RJ;UOP03-DEL05-RJ
611766;03/07/2024;quarta-feira;15:30:00;SE;101;97;SAO CRISTOVAO;Manobra de mudança de faixa;Colisão lateral mesmo sentido;Sem Vítimas;Pleno dia;Decrescente;Garoa/Chuvisco;Dupla;Declive;Não;4;0;0;0;2;2;0;4;-10,92296794;-37,17475104;SPRF-SE;DEL02-SE;UOP01-DEL02-SE
611768;03/07/2024;quarta-feira;14:00:00;PA;153;75;SAO DOMINGOS DO ARAGUAIA;Ausência de reação do condutor;Colisão traseira;Com Vítimas Fatais;Pleno dia;Decrescente;Céu Claro;Simples;"Reta;Em Obras";Não;4;1;0;1;1;5;1;8;-5,772652;-48,668179;SPRF-PA;DEL03-PA;UOP01-DEL03-PA
611772;26/05/2024;domingo;14:00:00;BA;20;100;SAO DESIDERIO;Demais falhas na via;Colisão lateral sentido oposto;Com Vítimas Feridas;Pleno dia;Crescente;Céu Claro;Simples;Reta;Não;4;0;0;1;2;3;1;5;-13;-46;SPRF-BA;DEL10-BA;UOP01-DEL10-BA
611773;03/07/2024;quarta-feira;15:50:00;PR;369;183;ARAPONGAS;Acesso irregular;Colisão traseira;Com Vítimas Feridas;Pleno dia;Crescente;Céu Claro;Simples;Reta;Sim;2;0;1;0;1;0;1;2;-23,3925119;-51,4231937;SPRF-PR;DEL07-PR;UOP03-DEL07-PR
611775;03/07/2024;quarta-feira;17:00:00;RJ;116;109;MAGE;Acessar a via sem observar a presença dos outros veículos;Colisão transversal;Com Vítimas Feridas;Anoitecer;Crescente;Céu Claro;Dupla;Reta;Não;2;0;1;0;1;0;1;2;-22,54280711;-42,98518617;SPRF-RJ;DEL04-RJ;UOP01-DEL04-RJ
611776;03/07/2024;quarta-feira;15:20:00;RO;364;667,8;CANDEIAS DO JAMARI;Ausência de sinalização;Colisão lateral mesmo sentido;Sem Vítimas;Pleno dia;Crescente;Sol;Dupla;"Em Obras;Interseção de Vias;Curva";Não;3;0;0;0;2;3;0;5;-8,77434451;-63,48418057;SPRF-RO;DEL01-RO;UOP01-DEL01-RO
611777;03/07/2024;quarta-feira;16:30:00;SC;101;170;TIJUCAS;Condutor deixou de manter distância do veículo da frente;Colisão traseira;Com Vítimas Feridas;Pleno dia;Crescente;Nublado;Dupla;Reta;Não;2;0;1;0;1;0;1;2;-27,29669601;-48,63147594;SPRF-SC;DEL04-SC;UOP03-DEL04-SC
611779;03/07/2024;quarta-feira;12:41:00;SC;470;25,6;ILHOTA;Demais falhas mecânicas ou elétricas;Tombamento;Com Vítimas Feridas;Pleno dia;Crescente;Céu Claro;Simples;"Rotatória;Retorno Regulamentado;Viaduto";Não;1;0;1;0;0;0;1;1;-26,88443846;-48,87484789;SPRF-SC;DEL04-SC;UOP04-DEL04-SC
611782;03/07/2024;quarta-feira;17:10:00;BA;324;526;FEIRA DE SANTANA;Trafegar com motocicleta (ou similar) entre as faixas;Colisão lateral mesmo sentido;Com Vítimas Fatais;Anoitecer;Decrescente;Céu Claro;Dupla;Reta;Não;5;1;0;0;1;3;0;4;-12,30639712;-38,89051509;SPRF-BA;DEL01-BA;UOP03-DEL01-BA
611788;03/07/2024;quarta-feira;14:30:00;PR;476;233;LAPA;Velocidade Incompatível;Tombamento;Sem Vítimas;Pleno dia;Decrescente;Céu Claro;Simples;Curva;Não;4;0;0;0;3;1;0;4;-25,882042;-50,008629;SPRF-PR;DEL02-PR;UOP03-DEL02-PR
611790;03/07/2024;quarta-feira;16:00:00;MG;262;176;SAO DOMINGOS DO PRATA;Demais falhas mecânicas ou elétricas;Colisão lateral sentido oposto;Com Vítimas Feridas;Pleno dia;Crescente;Céu Claro;Simples;"Reta;Aclive";Não;3;0;1;0;1;2;1;4;-19,92897509;-42,97079086;SPRF-MG;DEL03-MG;UOP01-DEL03-MG
611791;03/07/2024;quarta-feira;18:20:00;SP;116;153;SAO JOSE DOS CAMPOS;Reação tardia ou ineficiente do condutor;Colisão traseira;Com Vítimas Feridas;Pleno dia;Crescente;Céu Claro;Dupla;Reta;Sim;3;0;1;0;1;1;1;3;-23,23262274;-45,91372624;SPRF-SP;DEL02-SP;UOP01-DEL02-SP
611794;03/07/2024;quarta-feira;14:30:00;MT;163;1068;GUARANTA DO NORTE;Acessar a via sem observar a presença dos outros veículos;Colisão transversal;Com Vítimas Feridas;Pleno dia;Decrescente;Céu Claro;Simples;Reta;Não;3;0;1;0;1;3;1;5;-10,06074697;-54,90736778;SPRF-MT;DEL06-MT;UOP03-DEL06-MT
611798;03/07/2024;quarta-feira;08:40:00;RO;364;457;ARIQUEMES;Demais falhas mecânicas ou elétricas;Tombamento;Com Vítimas Feridas;Pleno dia;Decrescente;Céu Claro;Simples;"Declive;Curva";Não;3;0;1;0;1;6;1;8;-10,26593823;-62,70275116;SPRF-RO;DEL03-RO;UOP02-DEL03-RO
611801;03/07/2024;quarta-feira;13:59:00;RO;364;406;JARU;Demais falhas mecânicas ou elétricas;Incêndio;Sem Vítimas;Pleno dia;Decrescente;Céu Claro;Simples;Aclive;Não;2;0;0;0;1;1;0;2;-10,56219695;-62,37763995;SPRF-RO;DEL03-RO;UOP02-DEL03-RO
611804;03/07/2024;quarta-feira;18:40:00;PR;153;45,7;SANTO ANTONIO DA PLATINA;Ultrapassagem Indevida;Colisão lateral sentido oposto;Com Vítimas Feridas;Plena Noite;Decrescente;Céu Claro;Simples;Reta;Não;2;0;1;0;0;1;1;2;-23,32062187;-50,06804466;SPRF-PR;DEL07-PR;UOP04-DEL07-PR
611811;03/07/2024;quarta-feira;18:45:00;ES;101;12;PEDRO CANARIO;Ultrapassagem Indevida;Colisão lateral mesmo sentido;Com Vítimas Feridas;Plena Noite;Crescente;Céu Claro;Múltipla;Reta;Não;3;0;1;0;1;1;1;3;-18,26546317;-39,95721865;SPRF-ES;DEL04-ES;UOP02-DEL04-ES
611812;03/07/2024;quarta-feira;11:45:00;PA;10;136;PARAGOMINAS;Demais falhas mecânicas ou elétricas;Incêndio;Com Vítimas Feridas;Pleno dia;Decrescente;Céu Claro;Simples;"Reta;Declive";Não;11;0;5;1;4;1;6;4;-3,24997795;-47,4745737;SPRF-PA;DEL02-PA;UOP01-DEL02-PA
611813;03/07/2024;quarta-feira;14:30:00;PR;163;106,8;CAPANEMA;Acessar a via sem observar a presença dos outros veículos;Colisão transversal;Com Vítimas Fatais;Pleno dia;Decrescente;Céu Claro;Simples;Reta;Não;5;2;0;1;1;3;1;5;-25,61068726;-53,70782375;SPRF-PR;DEL02-PR;UOP02-DEL02-PR
611814;03/07/2024;quarta-feira;17:00:00;SC;282;449;PONTE SERRADA;Reação tardia ou ineficiente do condutor;Colisão com objeto;Com Vítimas Feridas;Anoitecer;Crescente;Céu Claro;Dupla;Curva;Não;3;0;1;0;1;1;1;3;-26,919342;-51,944427;SPRF-SC;DEL07-SC;UOP04-DEL07-SC
611819;03/07/2024;quarta-feira;10:30:00;SC;101;118,2;ITAJAI;Reação tardia ou ineficiente do condutor;Engavetamento;Sem Vítimas;Pleno dia;Crescente;Céu Claro;Múltipla;Reta;Sim;4;0;0;0;4;0;0;4;-26,895859;-48,71903;SPRF-SC;DEL04-SC;UOP04-DEL04-SC
611825;03/07/2024;quarta-feira;13:30:00;MT;364;556;ROSARIO OESTE;Condutor deixou de manter distância do veículo da frente;Colisão lateral mesmo sentido;Com Vítimas Feridas;Pleno dia;Decrescente;Sol;Dupla;Reta;Sim;3;0;1;0;1;5;1;7;-14,80810606;-56,41299395;SPRF-MT;DEL01-MT;UOP01-DEL01-MT
611827;03/07/2024;quarta-feira;19:42:00;RJ;101;298;ITABORAI;Ausência de reação do condutor;Colisão traseira;Com Vítimas Feridas;Plena Noite;Crescente;Céu Claro;Dupla;Reta;Sim;5;0;1;0;3;1;1;4;-22,7714;-42,92896;SPRF-RJ;DEL02-RJ;UOP02-DEL02-RJ
611829;03/07/2024;quarta-feira;13:25:00;SC;101;150;ITAPEMA;Reação tardia ou ineficiente do condutor;Colisão traseira;Com Vítimas Feridas;Pleno dia;Crescente;Sol;Múltipla;Reta;Sim;5;0;3;0;2;0;3;4;-27,11744799;-48,60940987;SPRF-SC;DEL04-SC;UOP03-DEL04-SC
611831;03/07/2024;quarta-feira;20:55:00;SP;116;282;EMBU DAS ARTES;Manobra de mudança de faixa;Colisão lateral mesmo sentido;Sem Vítimas;Plena Noite;Crescente;Céu Claro;Dupla;Reta;Sim;3;0;0;0;2;1;0;2;-23,68570216;-46,85970975;SPRF-SP;DEL04-SP;UOP01-DEL04-SP
611832;24/06/2024;segunda-feira;11:00:00;MG;50;28,1;ARAGUARI;Velocidade Incompatível;Tombamento;Com Vítimas Feridas;Pleno dia;Decrescente;Céu Claro;Dupla;Curva;Não;2;0;1;0;0;1;1;2;-18,61851284;-48,1028889;SPRF-MG;DEL15-MG;UOP02-DEL15-MG
611836;03/07/2024;quarta-feira;21:40:00;GO;153;95;SANTA TEREZA DE GOIAS;Ultrapassagem Indevida;Colisão frontal;Com Vítimas Fatais;Plena Noite;Decrescente;Céu Claro;Simples;Reta;Não;3;1;0;0;1;1;0;3;-13,61298;-49,042297;SPRF-GO;DEL07-GO;UOP01-DEL07-GO
611839;03/07/2024;quarta-feira;20:30:00;PR;376;90,7;PARANAVAI;Ausência de reação do condutor;Colisão lateral sentido oposto;Sem Vítimas;Plena Noite;Crescente;Céu Claro;Simples;"Reta;Declive";Não;6;0;0;0;5;5;0;8;-23,00236363;-52,5566649;SPRF-PR;DEL09-PR;UOP02-DEL09-PR
611840;03/07/2024;quarta-feira;22:00:00;BA;101;84;ALAGOINHAS;Transitar na contramão;Colisão lateral sentido oposto;Com Vítimas Feridas;Plena Noite;Crescente;Nublado;Simples;Reta;Não;3;0;2;0;0;3;2;5;-12,04221219;-38,3029088;SPRF-BA;DEL01-BA;UOP04-DEL01-BA
611849;03/07/2024;quarta-feira;16:50:00;MT;163;87;RONDONOPOLIS;Demais falhas mecânicas ou elétricas;Incêndio;Sem Vítimas;Anoitecer;Decrescente;Céu Claro;Dupla;Reta;Não;2;0;0;0;1;1;0;2;-16,76443595;-54,65835311;SPRF-MT;DEL02-MT;UOP03-DEL02-MT
611853;03/07/2024;quarta-feira;22:45:00;RJ;101;316;SAO GONCALO;Condutor deixou de manter distância do veículo da frente;Colisão traseira;Com Vítimas Feridas;Plena Noite;Decrescente;Céu Claro;Simples;Reta;Sim;2;0;1;0;1;0;1;2;-22,82835879;-43,09208739;SPRF-RJ;DEL02-RJ;UOP02-DEL02-RJ
611859;03/07/2024;quarta-feira;21:40:00;MG;116;458,5;ENGENHEIRO CALDAS;Ultrapassagem Indevida;Colisão lateral sentido oposto;Com Vítimas Feridas;Plena Noite;Decrescente;Céu Claro;Simples;"Declive;Reta";Não;2;0;2;0;0;0;2;2;-19,21626114;-42,0573808;SPRF-MG;DEL06-MG;UOP02-DEL06-MG
611864;04/07/2024;quinta-feira;02:30:00;GO;40;44,7;LUZIANIA;Transtornos Mentais (exceto suicidio);Atropelamento de Pedestre;Com Vítimas Fatais;Plena Noite;Crescente;Ignorado;Simples;Reta;Não;2;1;0;0;0;1;0;2;-16,393143;-47,824869;SPRF-DF;DEL01-DF;UOP02-DEL01-DF
611871;04/07/2024;quinta-feira;06:45:00;GO;60;37;ALEXANIA;Condutor Dormindo;Colisão com objeto;Com Vítimas Feridas;Pleno dia;Decrescente;Céu Claro;Dupla;"Declive;Curva";Não;4;0;1;0;0;3;1;3;-16,1147;-48,5387;SPRF-DF;DEL03-DF;UOP01-DEL03-DF
611872;04/07/2024;quinta-feira;05:35:00;MA;135;45;BACABEIRA;Animais na Pista;Atropelamento de Animal;Com Vítimas Feridas;Plena Noite;Crescente;Céu Claro;Dupla;Aclive;Sim;3;0;1;0;1;3;1;5;-2,92373274;-44,34012671;SPRF-MA;DEL01-MA;UOP01-DEL01-MA
611873;04/07/2024;quinta-feira;06:10:00;MS;158;135;APARECIDA DO TABOADO;Ausência de reação do condutor;Colisão traseira;Com Vítimas Feridas;Amanhecer;Crescente;Céu Claro;Simples;Reta;Não;3;0;0;1;1;1;1;3;-19,98999798;-51,11362029;SPRF-MS;DEL08-MS;UOP01-DEL08-MS
611876;04/07/2024;quinta-feira;02:00:00;MA;316;357;BACABAL;Ausência de reação do condutor;Colisão traseira;Com Vítimas Fatais;Plena Noite;Decrescente;Céu Claro;Simples;Reta;Sim;2;1;0;0;0;1;0;2;-4,230584;-44,819248;SPRF-MA;DEL02-MA;UOP01-DEL02-MA
611881;04/07/2024;quinta-feira;05:30:00;PA;163;617;TRAIRAO;Transitar na contramão;Colisão frontal;Com Vítimas Feridas;Amanhecer;Crescente;Céu Claro;Simples;"Curva;Declive";Não;3;0;0;1;1;3;1;5;-4,73795095;-56,05091106;SPRF-PA;DEL05-PA;UOP02-DEL05-PA
611884;04/07/2024;quinta-feira;03:45:00;SC;470;81,9;RODEIO;Velocidade Incompatível;Tombamento;Com Vítimas Feridas;Plena Noite;Decrescente;Céu Claro;Simples;Curva;Não;2;0;1;0;0;1;1;2;-26,95900448;-49,32496548;SPRF-SC;DEL04-SC;UOP01-DEL04-SC
611892;04/07/2024;quinta-feira;07:40:00;RS;290;90;PORTO ALEGRE;Reação tardia ou ineficiente do condutor;Colisão lateral mesmo sentido;Sem Vítimas;Pleno dia;Crescente;Nublado;Dupla;Reta;Não;5;0;0;0;4;1;0;3;-29,968319;-51,157398;SPRF-RS;DEL01-RS;UOP01-DEL01-RS
611894;04/07/2024;quinta-feira;07:40:00;GO;153;668;GOIATUBA;Reação tardia ou ineficiente do condutor;Colisão traseira;Com Vítimas Feridas;Pleno dia;Crescente;Céu Claro;Dupla;Reta;Não;3;0;1;0;1;2;1;4;-18,109539;-49,277332;SPRF-GO;DEL03-GO;UOP02-DEL03-GO
611897;04/07/2024;quinta-feira;08:35:00;RS;386;350,8;ESTRELA;Condutor deixou de manter distância do veículo da frente;Colisão traseira;Sem Vítimas;Pleno dia;Crescente;Céu Claro;Dupla;Reta;Não;3;0;0;0;2;1;0;3;-29,4743;-51,952923;SPRF-RS;DEL04-RS;UOP01-DEL04-RS
611903;04/07/2024;quinta-feira;07:40:00;BA;324;522,5;FEIRA DE SANTANA;Mal súbito do condutor;Colisão lateral sentido oposto;Com Vítimas Fatais;Pleno dia;Crescente;Nublado;Dupla;Reta;Não;2;1;0;0;1;0;0;2;-12,29431991;-38,90592749;SPRF-BA;DEL01-BA;UOP03-DEL01-BA
611909;04/07/2024;quinta-feira;06:22:00;PR;272;560;TERRA ROXA;Reação tardia ou ineficiente do condutor;Colisão traseira;Com Vítimas Fatais;Amanhecer;Decrescente;Céu Claro;Simples;Reta;Sim;2;1;0;0;1;0;0;2;-24,08095;-54,152461;SPRF-PR;DEL06-PR;UOP01-DEL06-PR
611911;04/07/2024;quinta-feira;09:30:00;SC;470;60,2;BLUMENAU;Acessar a via sem observar a presença dos outros veículos;Colisão transversal;Com Vítimas Feridas;Pleno dia;Crescente;Céu Claro;Simples;"Interseção de Vias;Retorno Regulamentado";Não;3;0;1;0;1;1;1;3;-26,88138;-49,164543;SPRF-SC;DEL04-SC;UOP01-DEL04-SC
611918;04/07/2024;quinta-feira;10:25:00;RS;116;268;CANOAS;Reação tardia ou ineficiente do condutor;Colisão lateral mesmo sentido;Com Vítimas Feridas;Pleno dia;Decrescente;Nublado;Dupla;Reta;Sim;3;0;1;0;1;1;1;3;-29,95042502;-51,17652939;SPRF-RS;DEL01-RS;UOP01-DEL01-RS
611919;04/07/2024;quinta-feira;09:00:00;MT;163;816,3;SINOP;Acessar a via sem observar a presença dos outros veículos;Colisão transversal;Com Vítimas Feridas;Pleno dia;Decrescente;Céu Claro;Simples;Reta;Sim;4;0;2;0;2;0;2;2;-12,027175;-55,517343;SPRF-MT;DEL06-MT;UOP02-DEL06-MT