id;data_inversa;dia_semana;horario;uf;br;km;municipio;causa_acidente;tipo_acidente;classificacao_acidente;fase_dia;sentido_via;condicao_metereologica;tipo_pista;tracado_via;uso_solo;pessoas;mortos;feridos_leves;feridos_graves;ilesos;ignorados;feridos;veiculos;latitude;longitude;regional;delegacia;uop
611925;04/07/2024;quinta-feira;10:15:00;MG;381;555,3;ITAGUARA;Demais falhas mecânicas ou elétricas;Tombamento;Com Vítimas Feridas;Pleno dia;Decrescente;Céu Claro;Dupla;Reta;Não;2;0;1;0;0;1;1;2;-20,35651781;-44,45838506;SPRF-MG;DEL04-MG;UOP03-DEL04-MG
611926;04/07/2024;quinta-feira;07:52:00;RO;364;424,3;JARU;Entrada inopinada do pedestre;Atropelamento de Pedestre;Com Vítimas Fatais;Pleno dia;Decrescente;Céu Claro;Simples;"Reta;Em Obras";Sim;3;1;0;0;0;2;0;2;-10,44149683;-62,46778866;SPRF-RO;DEL03-RO;UOP02-DEL03-RO
611927;04/07/2024;quinta-feira;10:20:00;PR;376;119,1;ALTO PARANA;Objeto estático sobre o leito carroçável;Colisão com objeto;Sem Vítimas;Pleno dia;Crescente;Sol;Dupla;"Reta;Aclive";Não;3;0;0;0;2;1;0;3;-23,11770767;-52,32130785;SPRF-PR;DEL09-PR;UOP02-DEL09-PR
611932;04/07/2024;quinta-feira;09:30:00;MG;40;37;PARACATU;Ausência de reação do condutor;Colisão traseira;Com Vítimas Feridas;Pleno dia;Crescente;Céu Claro;Simples;"Reta;Declive";Sim;4;0;1;0;2;1;1;3;-17,20444515;-46,90533629;SPRF-MG;DEL14-MG;UOP01-DEL14-MG
611933;04/07/2024;quinta-feira;11:20:00;MG;262;127;RIO CASCA;Avarias e/ou desgaste excessivo no pneu;Tombamento;Com Vítimas Feridas;Pleno dia;Decrescente;Céu Claro;Simples;Curva;Não;2;0;1;0;0;2;1;3;-20,18090294;-42,69776582;SPRF-MG;DEL03-MG;UOP03-DEL03-MG
611934;04/07/2024;quinta-feira;10:15:00;SP;381;90;SAO PAULO;Ausência de reação do condutor;Colisão lateral mesmo sentido;Sem Vítimas;Pleno dia;Crescente;Céu Claro;Múltipla;Reta;Sim;3;0;0;0;2;1;0;3;-23,49479479;-46,55959864;SPRF-SP;DEL03-SP;UOP01-DEL03-SP
611937;10/05/2024;sexta-feira;06:59:00;PE;424;83;GARANHUNS;Velocidade Incompatível;Saída de leito carroçável;Com Vítimas Feridas;Pleno dia;Crescente;Nublado;Simples;"Curva;Declive";Não;1;0;1;0;0;0;1;1;-8,84593423;-36,52457016;SPRF-PE;DEL03-PE;UOP01-DEL03-PE
611943;04/07/2024;quinta-feira;11:55:00;BA;101;263;SANTO ANTONIO DE JESUS;Transitar no Acostamento;Colisão transversal;Com Vítimas Feridas;Pleno dia;Crescente;Céu Claro;Simples;"Reta;Interseção de Vias";Sim;2;0;1;0;1;0;1;2;-13,09003799;-39,27863203;SPRF-BA;DEL01-BA;UOP02-DEL01-BA
611948;04/07/2024;quinta-feira;08:40:00;AM;174;990;PRESIDENTE FIGUEIREDO;Acessar a via sem observar a presença dos outros veículos;Atropelamento de Pedestre;Com Vítimas Fatais;Pleno dia;Decrescente;Sol;Dupla;Reta;Sim;5;1;0;0;1;3;0;3;-2,05668983;-60,02189673;SPRF-AM;DEL01-AM;UOP02-DEL01-AM
611954;04/07/2024;quinta-feira;14:00:00;PR;116;43;CAMPINA GRANDE DO SUL;Ingestão de álcool pelo condutor;Colisão traseira;Sem Vítimas;Pleno dia;Decrescente;Céu Claro;Múltipla;"Curva;Declive;Em Obras";Não;3;0;0;0;2;1;0;3;-25,18101149;-48,88196442;SPRF-PR;DEL01-PR;UOP02-DEL01-PR
611956;04/07/2024;quinta-feira;13:30:00;SP;116;219;GUARULHOS;Trafegar com motocicleta (ou similar) entre as faixas;Colisão lateral mesmo sentido;Com Vítimas Feridas;Pleno dia;Crescente;Céu Claro;Múltipla;"Desvio Temporário;Em Obras;Reta";Sim;3;0;2;0;1;0;2;2;-23,46143954;-46,48885316;SPRF-SP;DEL01-SP;UOP01-DEL01-SP
611957;11/05/2024;sábado;09:30:00;PA;222;69;RONDON DO PARA;Manobra de mudança de faixa;Colisão lateral sentido oposto;Com Vítimas Feridas;Pleno dia;Crescente;Céu Claro;Simples;Reta;Não;6;0;1;2;2;5;3;8;-4,564695;-47,836113;SPRF-PA;DEL02-PA;UOP02-DEL02-PA
611965;04/07/2024;quinta-feira;11:10:00;TO;153;761;ALVORADA;Reação tardia ou ineficiente do condutor;Tombamento;Com Vítimas Feridas;Pleno dia;Decrescente;Céu Claro;Dupla;Reta;Sim;1;0;1;0;0;0;1;1;-12,48124904;-49,11773068;SPRF-TO;DEL01-TO;UOP02-DEL01-TO
611971;04/07/2024;quinta-feira;14:30:00;TO;153;530;PUGMIL;Objeto estático sobre o leito carroçável;Engavetamento;Com Vítimas Fatais;Pleno dia;Decrescente;Céu Claro;Simples;"Em Obras;Reta";Não;7;2;2;0;2;1;2;4;-10,47189695;-48,90333942;SPRF-TO;DEL01-TO;UOP01-DEL01-TO
611973;11/05/2024;sábado;12:45:00;RO;364;294;PRESIDENTE MEDICI;Acostamento em desnível;Colisão lateral sentido oposto;Com Vítimas Feridas;Pleno dia;Crescente;Céu Claro;Simples;Reta;Não;3;0;0;1;1;6;1;8;-11,29701584;-61,89403573;SPRF-RO;DEL02-RO;UOP01-DEL02-RO
611974;04/07/2024;quinta-feira;15:20:00;RS;116;248,2;SAO LEOPOLDO;Trafegar com motocicleta (ou similar) entre as faixas;Colisão lateral mesmo sentido;Com Vítimas Feridas;Pleno dia;Decrescente;Nublado;Múltipla;Reta;Sim;3;0;1;0;2;0;1;3;-29,77495;-51,154709;SPRF-RS;DEL01-RS;UOP02-DEL01-RS
611977;04/07/2024;quinta-feira;14:45:00;MA;222;672;ACAILANDIA;Transitar na contramão;Colisão frontal;Com Vítimas Feridas;Pleno dia;Crescente;Céu Claro;Simples;Reta;Sim;2;0;1;0;1;0;1;2;-4,94223449;-47,46752071;SPRF-MA;DEL04-MA;UOP03-DEL04-MA
611979;04/07/2024;quinta-feira;15:15:00;AL;423;41,9;INHAPI;Frear bruscamente;Colisão traseira;Com Vítimas Feridas;Pleno dia;Decrescente;Céu Claro;Simples;Reta;Não;6;0;1;1;4;0;2;2;-9,23594141;-37,64447786;SPRF-AL;DEL03-AL;UOP02-DEL03-AL
611986;04/07/2024;quinta-feira;15:50:00;MA;135;33;BACABEIRA;Demais falhas mecânicas ou elétricas;Incêndio;Sem Vítimas;Pleno dia;Decrescente;Céu Claro;Dupla;Reta;Não;2;0;0;0;1;1;0;2;-2,83108301;-44,3745066;SPRF-MA;DEL01-MA;UOP01-DEL01-MA
612005;04/07/2024;quinta-feira;17:30:00;PR;369;147,9;LONDRINA;Acessar a via sem observar a presença dos outros veículos;Colisão transversal;Sem Vítimas;Pleno dia;Crescente;Céu Claro;Dupla;Reta;Sim;2;0;0;0;2;0;0;2;-23,29292408;-51,14182949;SPRF-PR;DEL07-PR;UOP01-DEL07-PR
612012;04/07/2024;quinta-feira;18:00:00;MS;60;376,7;CAMPO GRANDE;Entrada inopinada do pedestre;Atropelamento de Pedestre;Com Vítimas Fatais;Anoitecer;Decrescente;Céu Claro;Simples;Reta;Não;2;1;0;0;1;0;0;2;-20,55262671;-54,66947898;SPRF-MS;DEL01-MS;UOP04-DEL01-MS
612016;04/07/2024;quinta-feira;18:10:00;MG;40;42;PARACATU;Acessar a via sem observar a presença dos outros veículos;Tombamento;Com Vítimas Feridas;Anoitecer;Decrescente;Céu Claro;Simples;"Reta;Interseção de Vias";Não;2;0;0;1;1;0;1;2;-17,223262;-46,86503;SPRF-MG;DEL14-MG;UOP01-DEL14-MG
612020;04/07/2024;quinta-feira;15:45:00;PR;277;485,7;NOVA LARANJEIRAS;Velocidade Incompatível;Tombamento;Sem Vítimas;Pleno dia;Decrescente;Céu Claro;Simples;"Declive;Curva";Não;2;0;0;0;1;1;0;2;-25,2494;-52,6289;SPRF-PR;DEL04-PR;UOP02-DEL04-PR
612021;04/07/2024;quinta-feira;18:30:00;MS;262;462,1;DOIS IRMAOS DO BURITI;Ultrapassagem Indevida;Colisão lateral mesmo sentido;Com Vítimas Feridas;Plena Noite;Decrescente;Céu Claro;Simples;Reta;Não;3;0;1;1;1;0;2;2;-20,54037879;-55,55744501;SPRF-MS;DEL03-MS;UOP01-DEL03-MS
612023;04/07/2024;quinta-feira;17:55:00;RS;290;129,9;ELDORADO DO SUL;Conversão proibida;Colisão transversal;Com Vítimas Feridas;Anoitecer;Crescente;Nublado;Dupla;Reta;Não;3;0;0;1;1;2;1;4;-30,057785;-51,500351;SPRF-RS;DEL02-RS;UOP01-DEL02-RS
612024;04/07/2024;quinta-feira;19:00:00;PR;376;617;SAO JOSE DOS PINHAIS;Acessar a via sem observar a presença dos outros veículos;Colisão lateral mesmo sentido;Sem Vítimas;Plena Noite;Decrescente;Céu Claro;Dupla;Reta;Sim;3;0;0;0;2;1;0;3;-25,58426494;-49,17618795;SPRF-PR;DEL01-PR;UOP04-DEL01-PR
612025;04/07/2024;quinta-feira;15:20:00;PB;230;158,6;CAMPINA GRANDE;Conversão proibida;Colisão transversal;Com Vítimas Feridas;Pleno dia;Decrescente;Céu Claro;Simples;"Reta;Rotatória";Sim;2;0;1;0;0;1;1;2;-7,25694458;-35,92821836;SPRF-PB;DEL02-PB;UOP01-DEL02-PB
612032;04/07/2024;quinta-feira;19:45:00;PR;277;123;CAMPO LARGO;Demais falhas na via;Tombamento;Com Vítimas Feridas;Plena Noite;Decrescente;Céu Claro;Dupla;Curva;Sim;2;0;0;1;0;2;1;3;-25,46194458;-49,58083343;SPRF-PR;DEL03-PR;UOP03-DEL03-PR
612035;04/07/2024;quinta-feira;17:45:00;SC;163;67;SAO MIGUEL DO OESTE;Manobra de mudança de faixa;Colisão transversal;Com Vítimas Feridas;Anoitecer;Decrescente;Nublado;Dupla;"Declive;Reta;Interseção de Vias";Sim;2;0;0;1;1;0;1;2;-26,7589655;-53,50047827;SPRF-SC;DEL07-SC;UOP03-DEL07-SC
612036;04/07/2024;quinta-feira;19:45:00;PI;316;4,8;TERESINA;Manobra de mudança de faixa;Colisão lateral mesmo sentido;Com Vítimas Feridas;Plena Noite;Decrescente;Céu Claro;Múltipla;"Viaduto;Reta";Sim;4;0;1;0;2;1;1;3;-5,14374305;-42,77812611;SPRF-PI;DEL01-PI;UOP02-DEL01-PI
612041;04/07/2024;quinta-feira;18:30:00;SC;101;415;ARARANGUA;Acessar a via sem observar a presença dos outros veículos;Tombamento;Com Vítimas Feridas;Plena Noite;Decrescente;Céu Claro;Múltipla;"Aclive;Reta";Não;3;0;1;0;1;2;1;4;-28,96774842;-49,52382445;SPRF-SC;DEL02-SC;UOP02-DEL02-SC
612045;04/07/2024;quinta-feira;17:50:00;BA;242;644;MUQUEM DE SAO FRANCISCO;Carga excessiva e/ou mal acondicionada;Incêndio;Sem Vítimas;Pleno dia;Decrescente;Céu Claro;Simples;Reta;Não;2;0;0;0;1;2;0;3;-12,195912;-43,70567322;SPRF-BA;DEL06-BA;UOP03-DEL06-BA
612046;04/07/2024;quinta-feira;15:30:00;PE;232;63,1;POMBOS;Manobra de mudança de faixa;Colisão lateral mesmo sentido;Sem Vítimas;Pleno dia;Decrescente;Céu Claro;Simples;Reta;Não;2;0;0;0;2;0;0;2;-8,15598579;-35,42308007;SPRF-PE;DEL02-PE;UOP02-DEL02PE
612048;04/07/2024;quinta-feira;21:00:00;PE;232;374,8;FLORES;Transitar na contramão;Colisão lateral sentido oposto;Com Vítimas Feridas;Plena Noite;Decrescente;Céu Claro;Simples;Curva;Não;3;0;0;1;1;1;1;3;-8,0233851;-38,0081785;SPRF-PE;DEL04-PE;UOP01-DEL04-PE
612052;04/07/2024;quinta-feira;22:30:00;GO;60;80,7;ANAPOLIS;Acessar a via sem observar a presença dos outros veículos;Colisão transversal;Com Vítimas Feridas;Plena Noite;Decrescente;Céu Claro;Dupla;Reta;Sim;2;0;0;1;1;0;1;2;-16,3053;-48,8208;SPRF-GO;DEL02-GO;UOP01-DEL02-GO
612054;04/07/2024;quinta-feira;21:20:00;PR;376;2,5;SAO JOSE DOS PINHAIS;Pedestre - Ingestão de álcool/ substâncias psicoativas;Atropelamento de Pedestre;Com Vítimas Feridas;Plena Noite;Crescente;Céu Claro;Dupla;Reta;Sim;2;0;0;1;1;0;1;2;-25,5307;-49,1958;SPRF-PR;DEL01-PR;UOP04-DEL01-PR
612055;04/07/2024;quinta-feira;22:00:00;BA;116;910,3;ENCRUZILHADA;Ingestão de álcool pelo condutor;Colisão traseira;Sem Vítimas;Plena Noite;Crescente;Céu Claro;Simples;Aclive;Não;2;0;0;0;2;0;0;2;-15,5197535;-41,24204814;SPRF-BA;DEL08-BA;UOP03-DEL08-BA
612057;04/07/2024;quinta-feira;21:00:00;MT;70;272;PRIMAVERA DO LESTE;Condutor deixou de manter distância do veículo da frente;Colisão traseira;Com Vítimas Feridas;Plena Noite;Crescente;Céu Claro;Simples;Reta;Sim;6;0;3;0;2;2;3;4;-15,53758802;-54,22946999;SPRF-MT;DEL05-MT;UOP01-DEL05-MT
612061;04/07/2024;quinta-feira;22:40:00;SC;101;224,9;PALHOCA;Velocidade Incompatível;Colisão traseira;Com Vítimas Feridas;Plena Noite;Crescente;Céu Claro;Dupla;Reta;Não;2;0;1;0;1;0;1;2;-27,725967;-48,643324;SPRF-SC;DEL01-SC;UOP02-DEL01-SC
612063;05/07/2024;sexta-feira;00:45:00;TO;226;26;PALMEIRAS DO TOCANTINS;Afundamento ou ondulação no pavimento;Saída de leito carroçável;Com Vítimas Feridas;Plena Noite;Crescente;Céu Claro;Simples;Reta;Não;3;0;1;0;0;2;1;3;-6,641345;-47,667072;SPRF-TO;DEL02-TO;UOP03-DEL02-TO
612064;04/07/2024;quinta-feira;16:50:00;MG;267;43,2;MARIPA DE MINAS;Carga excessiva e/ou mal acondicionada;Tombamento;Com Vítimas Feridas;Pleno dia;Crescente;Céu Claro;Simples;Curva;Não;2;0;2;0;0;0;2;1;-21,6829444;-42,92900685;SPRF-MG;DEL07-MG;UOP01-DEL07-MG
612065;05/07/2024;sexta-feira;00:20:00;SP;116;140,4;SAO JOSE DOS CAMPOS;Reação tardia ou ineficiente do condutor;Colisão com objeto;Com Vítimas Feridas;Plena Noite;Crescente;Céu Claro;Dupla;Reta;Sim;3;0;1;0;1;2;1;4;-23,16577714;-45,81246193;SPRF-SP;DEL02-SP;UOP01-DEL02-SP
612068;04/07/2024;quinta-feira;23:30:00;BA;101;947;MUCURI;Ausência de reação do condutor;Tombamento;Com Vítimas Feridas;Plena Noite;Decrescente;Chuva;Simples;Curva;Não;3;0;1;1;1;0;2;1;-18,10161479;-39,88740691;SPRF-BA;DEL09-BA;UOP02-DEL09-BA
612072;05/07/2024;sexta-feira;03:15:00;PR;277;389;CANDOI;Objeto estático sobre o leito carroçável;Colisão com objeto;Com Vítimas Fatais;Plena Noite;Decrescente;Céu Claro;Simples;"Reta;Aclive";Não;9;4;2;1;1;2;3;5;-25,4444916;-51,8681966;SPRF-PR;DEL08-PR;UOP01-DEL08-PR
612077;05/07/2024;sexta-feira;03:50:00;MG;116;685;MURIAE;Ingestão de álcool pelo condutor;Colisão lateral sentido oposto;Com Vítimas Feridas;Plena Noite;Decrescente;Nublado;Simples;"Curva;Aclive";Não;5;0;1;0;4;0;1;2;-20,98224297;-42,35482631;SPRF-MG;DEL07-MG;UOP02-DEL07-MG
612081;05/07/2024;sexta-feira;04:30:00;PR;369;166;CAMBE;Condutor deixou de manter distância do veículo da frente;Colisão traseira;Com Vítimas Feridas;Amanhecer;Crescente;Céu Claro;Dupla;Reta;Não;2;0;1;0;1;0;1;2;-23,29534531;-51,31210869;SPRF-PR;DEL07-PR;UOP01-DEL07-PR
612083;05/07/2024;sexta-feira;06:30:00;SE;101;146;ESTANCIA;Condutor deixou de manter distância do veículo da frente;Colisão traseira;Com Vítimas Feridas;Pleno dia;Decrescente;Chuva;Dupla;Reta;Não;2;0;1;0;1;0;1;2;-11,21285446;-37,41509724;SPRF-SE;DEL02-SE;UOP01-DEL02-SE
612084;05/07/2024;sexta-feira;05:30:00;MG;40;568,9;NOVA LIMA;Ausência de reação do condutor;Colisão traseira;Com Vítimas Feridas;Amanhecer;Decrescente;Céu Claro;Simples;Reta;Não;2;0;0;1;0;1;1;2;-20,20394093;-43,97409456;SPRF-MG;DEL01-MG;UOP02-DEL01-MG
612085;05/07/2024;sexta-feira;06:35:00;MG;381;746;TRES CORACOES;Condutor Dormindo;Saída de leito carroçável;Com Vítimas Feridas;Amanhecer;Crescente;Céu Claro;Dupla;"Declive;Curva";Não;2;0;1;0;0;1;1;2;-21,64340081;-45,29046703;SPRF-MG;DEL16-MG;UOP02-DEL16-MG
612086;05/07/2024;sexta-feira;06:50:00;MG;381;583,7;CARMOPOLIS DE MINAS;Neblina;Colisão traseira;Com Vítimas Fatais;Amanhecer;Decrescente;Nevoeiro/Neblina;Dupla;Curva;Não;3;1;0;0;1;1;0;3;-20,52516037;-44,63089389;SPRF-MG;DEL04-MG;UOP01-DEL04-MG
612088;05/07/2024;sexta-feira;05:30:00;BA;242;400;SEABRA;Curva acentuada;Tombamento;Com Vítimas Feridas;Amanhecer;Decrescente;Céu Claro;Simples;Curva;Não;2;0;1;0;0;2;1;3;-12,48920807;-41,73173904;SPRF-BA;DEL06-BA;UOP01-DEL06-BA
612090;05/07/2024;sexta-feira;05:50:00;TO;226;27;PALMEIRAS DO TOCANTINS;Reação tardia ou ineficiente do condutor;Eventos atípicos;Com Vítimas Feridas;Amanhecer;Crescente;Céu Claro;Simples;"Declive;Reta";Não;6;0;2;0;3;1;2;3;-6,643788;-47,675686;SPRF-TO;DEL02-TO;UOP03-DEL02-TO
612096;05/07/2024;sexta-feira;07:30:00;TO;153;512,8;PUGMIL;Ultrapassagem Indevida;Colisão lateral sentido oposto;Com Vítimas Feridas;Pleno dia;Crescente;Céu Claro;Simples;"Reta;Ponte";Não;6;0;3;0;1;3;3;5;-10,29936901;-48,88409895;SPRF-TO;DEL01-TO;UOP01-DEL01-TO
612102;05/07/2024;sexta-feira;08:00:00;ES;101;289,1;CARIACICA;Trafegar com motocicleta (ou similar) entre as faixas;Colisão lateral mesmo sentido;Com Vítimas Feridas;Pleno dia;Decrescente;Céu Claro;Simples;Reta;Sim;4;0;2;0;1;1;2;4;-20,28029304;-40,39302931;SPRF-ES;DEL01-ES;UOP01-DEL01-ES
612104;05/07/2024;sexta-feira;08:00:00;MG;40;532;CONTAGEM;Ausência de reação do condutor;Colisão traseira;Sem Vítimas;Pleno dia;Crescente;Céu Claro;Dupla;"Declive;Reta";Sim;2;0;0;0;1;1;0;2;-19,92372561;-44,01700789;SPRF-MG;DEL01-MG;UOP02-DEL01-MG
612107;05/07/2024;sexta-feira;08:00:00;PE;101;82,4;JABOATAO DOS GUARARAPES;Manobra de mudança de faixa;Colisão transversal;Com Vítimas Feridas;Pleno dia;Decrescente;Nublado;Dupla;Reta;Sim;3;0;0;1;1;1;1;3;-8,168383;-34,9376;SPRF-PE;DEL01-PE;UOP01-DEL01-PE
612110;05/07/2024;sexta-feira;07:15:00;PR;376;390;IMBAU;Velocidade Incompatível;Tombamento;Com Vítimas Fatais;Pleno dia;Decrescente;Céu Claro;Dupla;"Declive;Curva";Não;2;1;0;0;0;2;0;3;-24,483282;-50,734283;SPRF-PR;DEL03-PR;UOP02-DEL03-PR
612118;05/07/2024;sexta-feira;08:13:00;PR;116;166;QUITANDINHA;Acessar a via sem observar a presença dos outros veículos;Colisão transversal;Com Vítimas Feridas;Pleno dia;Crescente;Céu Claro;Simples;Reta;Sim;4;0;1;1;1;1;2;3;-25,87550678;-49,48644334;SPRF-PR;DEL01-PR;UOP03-DEL01-PR
612120;05/07/2024;sexta-feira;04:30:00;RS;468;3,8;PALMEIRA DAS MISSOES;Reação tardia ou ineficiente do condutor;Saída de leito carroçável;Com Vítimas Feridas;Plena Noite;Decrescente;Céu Claro;Dupla;Reta;Não;2;0;1;0;0;1;1;2;-27,86713824;-53,34300903;SPRF-RS;DEL08-RS;UOP01-DEL08-RS
612124;05/07/2024;sexta-feira;06:14:00;MT;364;263;SAO PEDRO DA CIPA;Condutor deixou de manter distância do veículo da frente;Colisão lateral mesmo sentido;Com Vítimas Feridas;Pleno dia;Decrescente;Céu Claro;Dupla;"Reta;Aclive";Não;8;0;1;0;6;5;1;9;-16,01673751;-54,90686447;SPRF-MT;DEL02-MT;UOP01-DEL02-MT
612128;05/07/2024;sexta-feira;09:20:00;RS;290;94;PORTO ALEGRE;Manobra de mudança de faixa;Colisão traseira;Sem Vítimas;Pleno dia;Decrescente;Chuva;Múltipla;Reta;Não;3;0;0;0;2;1;0;3;-29,98149282;-51,20123213;SPRF-RS;DEL01-RS;UOP01-DEL01-RS
612129;18/06/2024;terça-feira;06:00:00;PA;163;672;ITAITUBA;Reação tardia ou ineficiente do condutor;Colisão frontal;Com Vítimas Feridas;Amanhecer;Crescente;Céu Claro;Dupla;Curva;Não;3;0;0;1;1;3;1;5;-4,36777988;-55,78577616;SPRF-PA;DEL05-PA;UOP02-DEL05-PA
612130;05/07/2024;sexta-feira;10:10:00;ES;262;95;DOMINGOS MARTINS;Acessar a via sem observar a presença dos outros veículos;Colisão transversal;Com Vítimas Feridas;Pleno dia;Crescente;Céu Claro;Simples;Reta;Sim;3;0;1;0;1;1;1;3;-20,36484532;-41,06235623;SPRF-ES;DEL01-ES;UOP02-DEL01-ES
612132;05/07/2024;sexta-feira;08:50:00;RJ;40;121;DUQUE DE CAXIAS;Reação tardia ou ineficiente do condutor;Engavetamento;Com Vítimas Feridas;Pleno dia;Decrescente;Céu Claro;Simples;Viaduto;Sim;4;0;2;0;2;0;2;4;-22,78185499;-43,28571273;SPRF-RJ;DEL01-RJ;UOP02-DEL01-RJ
612133;05/07/2024;sexta-feira;10:00:00;SP;153;124;UBARANA;Reação tardia ou ineficiente do condutor;Colisão com objeto;Com Vítimas Fatais;Pleno dia;Crescente;Céu Claro;Simples;Reta;Não;2;1;1;0;0;0;1;2;-21,20296801;-49,73147498;SPRF-SP;DEL09-SP;UOP01-DEL09-SP
612134;05/07/2024;sexta-feira;09:50:00;BA;324;516;FEIRA DE SANTANA;Conversão proibida;Colisão transversal;Com Vítimas Feridas;Pleno dia;Crescente;Nublado;Dupla;Reta;Sim;3;0;1;1;1;0;2;2;-12,2417119;-38,93768485;SPRF-BA;DEL02-BA;UOP01-DEL02-BA
612136;05/07/2024;sexta-feira;10:30:00;RJ;493;7;ITABORAI;Acessar a via sem observar a presença dos outros veículos;Colisão transversal;Com Vítimas Feridas;Pleno dia;Decrescente;Céu Claro;Dupla;Reta;Sim;3;0;1;0;2;0;1;2;-22,72223999;-42,95160296;SPRF-RJ;DEL02-RJ;UOP02-DEL02-RJ
612138;05/07/2024;sexta-feira;08:10:00;MT;70;511;CUIABA;Ausência de reação do condutor;Colisão lateral sentido oposto;Sem Vítimas;Pleno dia;Crescente;Sol;Simples;Curva;Não;3;0;0;0;2;6;0;8;-15,65051022;-55,99823809;SPRF-MT;DEL01-MT;UOP02-DEL01-MT
612139;07/06/2024;sexta-feira;11:30:00;SC;480;125,1;CHAPECO;Reação tardia ou ineficiente do condutor;Colisão transversal;Com Vítimas Feridas;Pleno dia;Crescente;Céu Claro;Simples;"Reta;Viaduto";Sim;2;0;0;1;1;0;1;2;-27,01533884;-52,63820171;SPRF-SC;DEL07-SC;UOP01-DEL07-SC
612143;05/07/2024;sexta-feira;08:50:00;RS;386;233,9;SOLEDADE;Manobra de mudança de faixa;Colisão lateral sentido oposto;Com Vítimas Feridas;Pleno dia;Crescente;Céu Claro;Simples;Curva;Não;12;0;3;0;8;2;3;7;-28,73544;-52,555305;SPRF-RS;DEL04-RS;UOP03-DEL04-RS
612149;05/07/2024;sexta-feira;10:07:00;MG;381;524,6;BRUMADINHO;Demais falhas mecânicas ou elétricas;Incêndio;Sem Vítimas;Pleno dia;Decrescente;Céu Claro;Dupla;"Reta;Aclive";Não;2;0;0;0;1;1;0;2;-20,140309;-44,317985;SPRF-MG;DEL04-MG;UOP03-DEL04-MG
612151;04/07/2024;quinta-feira;06:38:00;RO;364;282;PRESIDENTE MEDICI;Demais falhas na via;Colisão lateral sentido oposto;Com Vítimas Feridas;Pleno dia;Decrescente;Céu Claro;Simples;Reta;Não;4;0;1;1;2;0;2;2;-11,37476688;-61,82168795;SPRF-RO;DEL02-RO;UOP01-DEL02-RO
612152;05/07/2024;sexta-feira;08:00:00;RJ;393;187;PARAIBA DO SUL;Condutor deixou de manter distância do veículo da frente;Colisão traseira;Com Vítimas Feridas;Pleno dia;Crescente;Céu Claro;Simples;Reta;Não;4;0;1;0;3;0;1;3;-22,16789247;-43,32231045;SPRF-RJ;DEL05-RJ;UOP03-DEL05-RJ
612153;05/07/2024;sexta-feira;11:45:00;ES;262;98,3;VENDA NOVA DO IMIGRANTE;Reação tardia ou ineficiente do condutor;Colisão lateral mesmo sentido;Sem Vítimas;Pleno dia;Crescente;Céu Claro;Simples;"Curva;Aclive";Não;2;0;0;0;2;0;0;2;-20,35623595;-41,08499497;SPRF-ES;DEL01-ES;UOP02-DEL01-ES
612154;19/06/2024;quarta-feira;23:20:00;MG;262;463,9;ARAUJOS;Manobra de mudança de faixa;Colisão frontal;Com Vítimas Fatais;Plena Noite;Decrescente;Vento;Simples;Reta;Não;4;1;1;0;0;3;1;5;-19,81413516;-45,09767404;SPRF-MG;DEL08-MG;UOP03-DEL08-MG
612157;05/07/2024;sexta-feira;12:00:00;PE;232;130;CARUARU;Ausência de reação do condutor;Tombamento;Com Vítimas Feridas;Pleno dia;Decrescente;Garoa/Chuvisco;Dupla;"Reta;Declive";Sim;2;0;2;0;0;0;2;1;-8,301543;-35,99914;SPRF-PE;DEL02-PE;UOP01-DEL02-PE
612163;05/07/2024;sexta-feira;12:20:00;BA;116;450;ANTONIO CARDOSO;Demais falhas mecânicas ou elétricas;Atropelamento de Pedestre;Com Vítimas Fatais;Pleno dia;Crescente;Céu Claro;Dupla;Curva;Não;1;1;0;0;0;0;0;1;-12,39483;-39,15464;SPRF-BA;DEL02-BA;UOP01-DEL02-BA
612171;05/07/2024;sexta-feira;12:55:00;RS;158;319;SANTA MARIA;Condutor Dormindo;Colisão lateral sentido oposto;Com Vítimas Feridas;Pleno dia;Crescente;Chuva;Simples;"Reta;Declive";Não;4;0;1;0;2;1;1;3;-29,68018874;-53,77707415;SPRF-RS;DEL09-RS;UOP01-DEL09-RS
612175;05/07/2024;sexta-feira;13:40:00;PR;153;211;TIBAGI;Suicídio (presumido);Colisão frontal;Com Vítimas Fatais;Pleno dia;Decrescente;Céu Claro;Simples;Reta;Não;3;1;0;0;1;1;0;3;-24,561865;-50,45471;SPRF-PR;DEL03-PR;UOP02-DEL03-PR
612178;05/07/2024;sexta-feira;12:30:00;MG;381;456,5;BELO HORIZONTE;Acessar a via sem observar a presença dos outros veículos;Colisão transversal;Com Vítimas Feridas;Pleno dia;Decrescente;Sol;Dupla;"Reta;Interseção de Vias";Sim;3;0;1;0;1;1;1;3;-19,85862954;-43,91292495;SPRF-MG;DEL01-MG;UOP01-DEL01-MG
612183;05/07/2024;sexta-feira;14:10:00;SC;116;246,3;LAGES;Acesso irregular;Colisão lateral mesmo sentido;Com Vítimas Feridas;Pleno dia;Crescente;Céu Claro;Múltipla;Reta;Sim;3;0;0;1;1;2;1;4;-27,8060626;-50,36577523;SPRF-SC;DEL05-SC;UOP02-DEL05-SC