id;data_inversa;dia_semana;horario;uf;br;km;municipio;causa_acidente;tipo_acidente;classificacao_acidente;fase_dia;sentido_via;condicao_metereologica;tipo_pista;tracado_via;uso_solo;pessoas;mortos;feridos_leves;feridos_graves;ilesos;ignorados;feridos;veiculos;latitude;longitude;regional;delegacia;uop
612193;05/07/2024;sexta-feira;11:25:00;MG;116;409;GOVERNADOR VALADARES;Velocidade Incompatível;Tombamento;Com Vítimas Feridas;Pleno dia;Decrescente;Sol;Simples;"Interseção de Vias;Curva;Rotatória;Retorno Regulamentado";Sim;3;0;1;0;1;1;1;3;-18,84936788;-41,97891368;SPRF-MG;DEL06-MG;UOP01-DEL06-MG
612203;30/06/2024;domingo;21:00:00;BA;110;95;SITIO DO QUINTO;Reação tardia ou ineficiente do condutor;Colisão traseira;Com Vítimas Feridas;Plena Noite;Crescente;Céu Claro;Simples;Reta;Não;2;0;1;0;1;0;1;2;-10,25469087;-38,30183243;SPRF-BA;DEL07-BA;UOP01-DEL07-BA
612206;05/07/2024;sexta-feira;15:15:00;GO;153;430;ANAPOLIS;Demais falhas mecânicas ou elétricas;Colisão transversal;Com Vítimas Feridas;Pleno dia;Crescente;Céu Claro;Simples;Viaduto;Sim;2;0;0;1;1;0;1;2;-16,25157;-48,99474;SPRF-GO;DEL02-GO;UOP01-DEL02-GO
612207;19/06/2024;quarta-feira;22:15:00;MG;50;19,2;ARAGUARI;Condutor Dormindo;Colisão traseira;Com Vítimas Feridas;Plena Noite;Crescente;Céu Claro;Dupla;"Aclive;Reta";Não;3;0;1;0;1;2;1;4;-18,57876301;-48,06009904;SPRF-MG;DEL15-MG;UOP02-DEL15-MG
612229;05/07/2024;sexta-feira;15:00:00;AC;364;119;RIO BRANCO;Pista esburacada;Colisão traseira;Com Vítimas Feridas;Pleno dia;Crescente;Céu Claro;Dupla;Declive;Não;2;0;0;1;1;0;1;2;-10,012444;-67,746305;SPRF-AC;DEL01-AC;UOP01-DEL01-AC
612232;05/07/2024;sexta-feira;14:50:00;AM;319;704,6;HUMAITA;Demais falhas mecânicas ou elétricas;Eventos atípicos;Com Vítimas Feridas;Pleno dia;Crescente;Céu Claro;Simples;"Reta;Em Obras";Não;3;0;0;1;1;1;1;3;-7,75385382;-63,14101154;SPRF-AM;DEL01-AM;UOP05-DEL01-AM
612235;03/07/2024;quarta-feira;17:15:00;TO;226;31;PALMEIRAS DO TOCANTINS;Condutor deixou de manter distância do veículo da frente;Tombamento;Com Vítimas Feridas;Anoitecer;Decrescente;Céu Claro;Simples;Curva;Não;3;0;1;0;1;4;1;6;-6,653165;-47,709923;SPRF-TO;DEL02-TO;UOP03-DEL02-TO
612241;05/07/2024;sexta-feira;15:00:00;AM;174;1017;PRESIDENTE FIGUEIREDO;Condutor Dormindo;Colisão lateral sentido oposto;Com Vítimas Feridas;Pleno dia;Crescente;Nublado;Simples;"Aclive;Reta";Não;3;0;0;1;1;4;1;6;-1,8419685;-60,1111535;SPRF-AM;DEL01-AM;UOP02-DEL01-AM
612242;30/05/2024;quinta-feira;18:30:00;RO;364;1047;PORTO VELHO;Deficiência do Sistema de Iluminação/Sinalização;Colisão lateral mesmo sentido;Com Vítimas Feridas;Anoitecer;Decrescente;Céu Claro;Simples;Reta;Não;5;0;2;0;2;3;2;6;-9,78206014;-66,42509898;SPRF-AC;DEL01-AC;UOP03-DEL01-AC
612245;27/06/2024;quinta-feira;16:30:00;ES;101;16;SERRA;Ingestão de álcool pelo condutor;Tombamento;Sem Vítimas;Pleno dia;Crescente;Céu Claro;Dupla;Reta;Não;1;0;0;0;1;0;0;1;-20,129093;-40,308125;SPRF-ES;DEL02-ES;UOP01-DEL02-ES
612251;05/07/2024;sexta-feira;18:25:00;SC;282;391;JOACABA;Demais falhas mecânicas ou elétricas;Incêndio;Sem Vítimas;Plena Noite;Decrescente;Céu Claro;Simples;Reta;Não;2;0;0;0;2;0;0;1;-27,170649;-51,559193;SPRF-SC;DEL07-SC;UOP05-DEL07-SC
612258;05/07/2024;sexta-feira;17:45:00;MG;40;584,5;ITABIRITO;Acessar a via sem observar a presença dos outros veículos;Colisão transversal;Com Vítimas Feridas;Anoitecer;Crescente;Céu Claro;Simples;Curva;Não;5;0;2;0;1;2;2;3;-20,32543595;-43,92760693;SPRF-MG;DEL01-MG;UOP02-DEL01-MG
612264;05/07/2024;sexta-feira;19:55:00;MA;316;620;TIMON;Reação tardia ou ineficiente do condutor;Colisão frontal;Com Vítimas Feridas;Plena Noite;Decrescente;Céu Claro;Simples;"Curva;Em Obras";Sim;3;0;1;0;1;1;1;3;-5,12834;-42,821602;SPRF-MA;DEL03-MA;UOP02-DEL03-MA
612271;05/07/2024;sexta-feira;10:49:00;AL;101;64;MESSIAS;Chuva;Saída de leito carroçável;Com Vítimas Feridas;Amanhecer;Decrescente;Chuva;Dupla;Curva;Não;3;0;2;0;1;0;2;1;-9,31533293;-35,83028732;SPRF-AL;DEL01-AL;UOP02-DEL01-AL
612276;05/07/2024;sexta-feira;19:10:00;MS;262;367,5;CAMPO GRANDE;Estacionar ou parar em local proibido;Colisão traseira;Com Vítimas Fatais;Plena Noite;Crescente;Céu Claro;Dupla;Reta;Sim;3;1;0;0;1;1;0;3;-20,47734957;-54,75069718;SPRF-MS;DEL01-MS;UOP03-DEL01-MS
612281;05/07/2024;sexta-feira;18:30:00;PR;277;24;MORRETES;Reação tardia ou ineficiente do condutor;Colisão lateral mesmo sentido;Sem Vítimas;Plena Noite;Crescente;Nublado;Dupla;Reta;Não;2;0;0;0;1;1;0;2;-25,529199;-48,744724;SPRF-PR;DEL01-PR;UOP05-DEL01-PR
612283;05/07/2024;sexta-feira;18:00:00;BA;242;764;BARREIRAS;Demais falhas mecânicas ou elétricas;Colisão com objeto;Com Vítimas Feridas;Anoitecer;Crescente;Céu Claro;Simples;Reta;Não;3;0;2;0;0;1;2;2;-12,16559035;-44,56501313;SPRF-BA;DEL10-BA;UOP01-DEL10-BA
612288;26/05/2024;domingo;01:25:00;MG;50;169,2;UBERABA;Velocidade Incompatível;Colisão traseira;Com Vítimas Feridas;Plena Noite;Crescente;Céu Claro;Dupla;"Reta;Declive";Não;48;0;14;6;26;3;20;5;-19,72771598;-47,98120608;SPRF-MG;DEL13-MG;UOP01-DEL13-MG
612292;19/06/2024;quarta-feira;10:30:00;ES;101;301,7;VIANA;Ausência de reação do condutor;Colisão traseira;Com Vítimas Feridas;Pleno dia;Crescente;Sol;Dupla;Reta;Sim;3;0;0;1;1;1;1;3;-20,358635;-40,432167;SPRF-ES;DEL01-ES;UOP01-DEL01-ES
612296;05/07/2024;sexta-feira;14:40:00;MA;135;186,9;SAO MATEUS DO MARANHAO;Animais na Pista;Colisão lateral sentido oposto;Com Vítimas Feridas;Pleno dia;Crescente;Céu Claro;Simples;Reta;Não;4;0;1;1;1;2;2;4;-4,07327101;-44,47380819;SPRF-MA;DEL03-MA;UOP01-DEL03-MA
612305;05/07/2024;sexta-feira;21:00:00;ES;101;263;SERRA;Ausência de reação do condutor;Colisão traseira;Com Vítimas Feridas;Plena Noite;Crescente;Nublado;Dupla;Reta;Não;2;0;1;0;0;1;1;2;-20,16554736;-40,27301648;SPRF-ES;DEL02-ES;UOP01-DEL02-ES
612309;05/07/2024;sexta-feira;20:45:00;MT;163;850,7;SINOP;Ultrapassagem Indevida;Colisão frontal;Com Vítimas Fatais;Plena Noite;Decrescente;Céu Claro;Simples;Reta;Não;4;2;0;0;1;2;0;4;-11,72012965;-55,45854785;SPRF-MT;DEL06-MT;UOP02-DEL06-MT
612323;05/07/2024;sexta-feira;21:55:00;PR;163;303;MERCEDES;Ausência de reação do condutor;Colisão frontal;Com Vítimas Fatais;Plena Noite;Crescente;Céu Claro;Simples;"Aclive;Reta";Não;3;1;0;0;1;1;0;3;-24,4408986;-54,16500092;SPRF-PR;DEL06-PR;UOP02-DEL06-PR
612343;05/07/2024;sexta-feira;19:00:00;RJ;40;109;DUQUE DE CAXIAS;Reação tardia ou ineficiente do condutor;Engavetamento;Com Vítimas Feridas;Plena Noite;Decrescente;Céu Claro;Múltipla;Reta;Sim;7;0;2;0;5;0;2;3;-22,67374628;-43,28638368;SPRF-RJ;DEL01-RJ;UOP02-DEL01-RJ
612344;05/07/2024;sexta-feira;23:00:00;GO;60;38;GOIANIA;Velocidade Incompatível;Tombamento;Sem Vítimas;Plena Noite;Decrescente;Céu Claro;Dupla;"Curva;Rotatória";Sim;1;0;0;0;1;0;0;1;-16,6777;-49,2676;SPRF-GO;DEL01-GO;UOP02-DEL01-GO
612360;06/07/2024;sábado;01:40:00;MS;163;467,8;CAMPO GRANDE;Transitar na contramão;Colisão frontal;Com Vítimas Fatais;Plena Noite;Crescente;Céu Claro;Simples;Reta;Não;5;3;0;0;1;2;0;4;-20,57406377;-54,56902615;SPRF-MS;DEL01-MS;UOP01-DEL01-MS
612368;06/07/2024;sábado;02:35:00;PB;230;174;CAMPINA GRANDE;Reação tardia ou ineficiente do condutor;Tombamento;Com Vítimas Feridas;Plena Noite;Decrescente;Garoa/Chuvisco;Simples;"Declive;Reta;Em Obras";Não;3;0;1;0;1;1;1;2;-7,1794;-36,0164;SPRF-PB;DEL02-PB;UOP02-DEL02-PB
612374;06/07/2024;sábado;04:50:00;ES;262;173,9;IBATIBA;Neblina;Colisão traseira;Com Vítimas Feridas;Plena Noite;Crescente;Nublado;Simples;Reta;Não;3;0;0;1;2;0;1;3;-20,26970693;-41,61248493;SPRF-ES;DEL01-ES;UOP02-DEL01-ES
612397;06/07/2024;sábado;06:00:00;TO;153;320;GUARAI;Transitar na contramão;Colisão frontal;Com Vítimas Feridas;Amanhecer;Crescente;Céu Claro;Simples;Reta;Não;3;0;0;1;1;1;1;3;-8,70104701;-48,50485483;SPRF-TO;DEL02-TO;UOP02-DEL02-TO
612402;05/07/2024;sexta-feira;17:00:00;MG;267;277,9;AIURUOCA;Velocidade Incompatível;Saída de leito carroçável;Com Vítimas Feridas;Pleno dia;Crescente;Céu Claro;Simples;"Curva;Declive";Não;2;0;1;0;0;1;1;2;-21,93263164;-44,70242991;SPRF-MG;DEL17-MG;UOP01-DEL17-MG
612403;05/07/2024;sexta-feira;03:00:00;AL;423;84;DELMIRO GOUVEIA;Transitar na contramão;Colisão frontal;Com Vítimas Feridas;Plena Noite;Decrescente;Céu Claro;Simples;Reta;Não;3;0;1;1;0;1;2;2;-9,34305022;-38,01996892;SPRF-BA;DEL07-BA;UOP01-DEL07-BA
612406;06/07/2024;sábado;06:00:00;MG;116;755;LEOPOLDINA;Acessar a via sem observar a presença dos outros veículos;Colisão transversal;Com Vítimas Feridas;Amanhecer;Crescente;Céu Claro;Simples;Reta;Sim;3;0;0;2;1;0;2;2;-21,48725603;-42,57777783;SPRF-MG;DEL07-MG;UOP01-DEL07-MG
612415;06/07/2024;sábado;04:50:00;GO;60;339;SANTO ANTONIO DA BARRA;Ausência de reação do condutor;Saída de leito carroçável;Sem Vítimas;Amanhecer;Crescente;Céu Claro;Dupla;Reta;Não;1;0;0;0;0;1;0;1;-17,547;-50,5975;SPRF-GO;DEL04-GO;UOP02-DEL04-GO
612426;06/07/2024;sábado;06:10:00;PR;476;352;PAULA FREITAS;Condutor Dormindo;Colisão traseira;Com Vítimas Feridas;Amanhecer;Decrescente;Chuva;Simples;"Reta;Aclive";Não;3;0;1;0;1;1;1;2;-26,197689;-50,992706;SPRF-PR;DEL02-PR;UOP03-DEL02-PR
612433;06/07/2024;sábado;09:00:00;PR;376;632;SAO JOSE DOS PINHAIS;Ausência de reação do condutor;Colisão traseira;Sem Vítimas;Pleno dia;Crescente;Nublado;Dupla;Reta;Sim;3;0;0;0;1;2;0;3;-25,71305887;-49,13941456;SPRF-PR;DEL01-PR;UOP04-DEL01-PR
612436;06/07/2024;sábado;09:50:00;SP;116;283;ITAPECERICA DA SERRA;Reação tardia ou ineficiente do condutor;Colisão lateral mesmo sentido;Com Vítimas Feridas;Pleno dia;Decrescente;Nublado;Dupla;Reta;Sim;4;0;0;1;1;2;1;4;-23,69297005;-46,86352786;SPRF-SP;DEL04-SP;UOP01-DEL04-SP
612442;06/07/2024;sábado;07:56:00;RO;364;516;ARIQUEMES;Entrada inopinada do pedestre;Atropelamento de Pedestre;Com Vítimas Feridas;Pleno dia;Crescente;Céu Claro;Simples;Reta;Sim;3;0;0;1;1;1;1;3;-9,915961;-63,05532;SPRF-RO;DEL03-RO;UOP01-DEL03-RO
612445;06/07/2024;sábado;09:00:00;RJ;116;252;PIRAI;Acostamento em desnível;Tombamento;Com Vítimas Feridas;Pleno dia;Decrescente;Céu Claro;Dupla;Reta;Não;3;0;1;0;1;1;1;2;-22,58294737;-43,96879302;SPRF-RJ;DEL07-RJ;UOP01-DEL07-RJ
612449;06/07/2024;sábado;08:32:00;RO;319;56;PORTO VELHO;Ausência de reação do condutor;Colisão transversal;Com Vítimas Feridas;Pleno dia;Decrescente;Sol;Simples;"Reta;Retorno Regulamentado";Sim;4;0;1;1;1;2;2;4;-8,739714;-63,93214024;SPRF-RO;DEL01-RO;UOP01-DEL01-RO
612451;06/07/2024;sábado;09:15:00;TO;153;502;PARAISO DO TOCANTINS;Ingestão de álcool pelo condutor;Saída de leito carroçável;Sem Vítimas;Pleno dia;Crescente;Sol;Simples;Aclive;Não;2;0;0;0;1;1;0;2;-10,21850698;-48,87509017;SPRF-TO;DEL01-TO;UOP01-DEL01-TO
612453;06/07/2024;sábado;10:30:00;BA;116;755;POCOES;Acessar a via sem observar a presença dos outros veículos;Colisão transversal;Sem Vítimas;Pleno dia;Decrescente;Céu Claro;Simples;Reta;Não;5;0;0;0;4;1;0;3;-14,508687;-40,361672;SPRF-BA;DEL08-BA;UOP02-DEL08-BA
612459;06/07/2024;sábado;10:27:00;MS;376;112,8;IVINHEMA;Reação tardia ou ineficiente do condutor;Colisão traseira;Com Vítimas Feridas;Pleno dia;Decrescente;Céu Claro;Simples;"Em Obras;Reta";Não;6;0;0;1;4;1;1;4;-22,29359307;-53,898203;SPRF-MS;DEL04-MS;UOP04-DEL04-MS
612463;06/07/2024;sábado;06:30:00;MT;163;959;NOVA SANTA HELENA;Estacionar ou parar em local proibido;Colisão traseira;Com Vítimas Feridas;Pleno dia;Crescente;Céu Claro;Simples;Declive;Não;3;0;1;0;1;1;1;2;-10,93976207;-55,21080884;SPRF-MT;DEL06-MT;UOP02-DEL06-MT
612464;06/07/2024;sábado;11:20:00;PE;232;20,1;MORENO;Reação tardia ou ineficiente do condutor;Colisão com objeto;Com Vítimas Feridas;Pleno dia;Crescente;Chuva;Dupla;"Declive;Retorno Regulamentado;Curva";Não;2;0;1;0;0;1;1;2;-8,095323;-35,072615;SPRF-PE;DEL01-PE;UOP01-DEL01-PE
612470;06/07/2024;sábado;07:18:00;GO;452;49;RIO VERDE;Reação tardia ou ineficiente do condutor;Colisão lateral mesmo sentido;Com Vítimas Fatais;Pleno dia;Crescente;Céu Claro;Simples;Reta;Não;2;1;0;0;1;0;0;2;-17,96308462;-50,48602485;SPRF-GO;DEL04-GO;UOP01-DEL04-GO
612473;06/07/2024;sábado;07:30:00;ES;262;164,1;IBATIBA;Transitar na contramão;Colisão frontal;Com Vítimas Feridas;Pleno dia;Crescente;Nevoeiro/Neblina;Simples;"Declive;Curva";Não;3;0;1;1;0;2;2;4;-20,24268196;-41,54659319;SPRF-ES;DEL01-ES;UOP02-DEL01-ES
612477;06/07/2024;sábado;11:30:00;RS;285;566;SAO LUIZ GONZAGA;Desrespeitar a preferência no cruzamento;Colisão transversal;Com Vítimas Fatais;Pleno dia;Crescente;Céu Claro;Simples;Interseção de Vias;Sim;3;1;0;0;1;1;0;3;-28,41710738;-54,93833542;SPRF-RS;DEL10-RS;UOP01-DEL10-RS
612479;06/07/2024;sábado;10:20:00;RJ;393;157,9;TRES RIOS;Problema com o freio;Colisão traseira;Com Vítimas Feridas;Pleno dia;Decrescente;Céu Claro;Dupla;"Curva;Aclive";Não;3;0;2;0;1;0;2;2;-22,10120617;-43,09433877;SPRF-RJ;DEL05-RJ;UOP01-DEL05-RJ
612481;06/07/2024;sábado;12:15:00;BA;116;440;FEIRA DE SANTANA;Condutor Dormindo;Saída de leito carroçável;Com Vítimas Feridas;Pleno dia;Decrescente;Chuva;Dupla;Curva;Não;1;0;1;0;0;0;1;1;-12,32646656;-39,05847632;SPRF-BA;DEL02-BA;UOP01-DEL02-BA
612487;06/07/2024;sábado;12:10:00;BA;20;156;SAO DESIDERIO;Demais falhas mecânicas ou elétricas;Colisão lateral sentido oposto;Com Vítimas Feridas;Pleno dia;Decrescente;Céu Claro;Simples;Reta;Não;4;0;1;0;2;2;1;4;-12,579891;-45,906962;SPRF-BA;DEL10-BA;UOP01-DEL10-BA
612489;06/07/2024;sábado;12:30:00;MS;163;484;CAMPO GRANDE;Conversão proibida;Colisão transversal;Com Vítimas Feridas;Pleno dia;Crescente;Céu Claro;Dupla;"Interseção de Vias;Reta";Sim;4;0;2;0;1;1;2;3;-20,45104898;-54,5403266;SPRF-MS;DEL01-MS;UOP02-DEL01-MS
612498;06/07/2024;sábado;09:10:00;CE;226;203,5;PEDRA BRANCA;Carga excessiva e/ou mal acondicionada;Tombamento;Com Vítimas Feridas;Pleno dia;Decrescente;Céu Claro;Simples;Curva;Não;2;0;0;1;0;1;1;2;-5,52435814;-39,60757006;SPRF-CE;DEL02-CE;UOP02-DEL02-CE
612503;06/07/2024;sábado;12:45:00;PB;230;132,1;CAMPINA GRANDE;Reação tardia ou ineficiente do condutor;Capotamento;Com Vítimas Feridas;Pleno dia;Crescente;Céu Claro;Dupla;Reta;Não;1;0;0;1;0;0;1;1;-7,2774;-35,7367;SPRF-PB;DEL02-PB;UOP01-DEL02-PB
612504;06/07/2024;sábado;12:20:00;PR;163;237;TOLEDO;Manobra de mudança de faixa;Colisão lateral mesmo sentido;Com Vítimas Feridas;Pleno dia;Crescente;Nublado;Dupla;Reta;Sim;4;0;1;0;2;1;1;3;-24,717822;-53,711597;SPRF-PR;DEL04-PR;UOP01-DEL04-PR
612506;06/07/2024;sábado;07:00:00;RJ;116;214;SEROPEDICA;Condutor deixou de manter distância do veículo da frente;Colisão traseira;Com Vítimas Feridas;Pleno dia;Crescente;Céu Claro;Simples;Reta;Não;2;0;1;0;1;0;1;2;-22,713438;-43,734085;SPRF-RJ;DEL06-RJ;UOP02-DEL06-RJ
612510;06/07/2024;sábado;15:10:00;MG;381;442,9;SABARA;Ultrapassagem Indevida;Colisão traseira;Com Vítimas Fatais;Pleno dia;Crescente;Céu Claro;Simples;"Declive;Reta";Não;5;1;1;2;0;1;3;4;-19,81160206;-43,79604396;SPRF-MG;DEL01-MG;UOP01-DEL01-MG
612511;06/07/2024;sábado;14:22:00;RO;364;343;JI-PARANA;Ausência de reação do condutor;Colisão transversal;Sem Vítimas;Pleno dia;Decrescente;Sol;Dupla;Reta;Sim;2;0;0;0;2;0;0;2;-10,87878519;-61,94499012;SPRF-RO;DEL02-RO;UOP01-DEL02-RO
612513;06/07/2024;sábado;15:30:00;SC;101;206,2;SAO JOSE;Reação tardia ou ineficiente do condutor;Colisão traseira;Com Vítimas Feridas;Pleno dia;Crescente;Garoa/Chuvisco;Múltipla;"Reta;Aclive";Sim;2;0;1;0;0;1;1;2;-27,59193546;-48,61824557;SPRF-SC;DEL01-SC;UOP01-DEL01-SC
612520;06/07/2024;sábado;15:00:00;RS;386;389,8;TRIUNFO;Conversão proibida;Colisão traseira;Com Vítimas Feridas;Pleno dia;Crescente;Céu Claro;Simples;"Reta;Aclive";Não;3;0;2;0;1;0;2;2;-29,699799;-51,686905;SPRF-RS;DEL04-RS;UOP02-DEL04-RS
612521;06/07/2024;sábado;16:10:00;RS;101;85,5;OSORIO;Pedestre - Ingestão de álcool/ substâncias psicoativas;Atropelamento de Pedestre;Com Vítimas Feridas;Pleno dia;Decrescente;Céu Claro;Dupla;Reta;Sim;3;0;1;0;1;1;1;3;-29,87526674;-50,25701165;SPRF-RS;DEL03-RS;UOP01-DEL03-RS
612524;06/07/2024;sábado;14:45:00;MG;381;155,8;GOVERNADOR VALADARES;Conversão proibida;Colisão transversal;Sem Vítimas;Pleno dia;Decrescente;Céu Claro;Simples;Curva;Não;2;0;0;0;2;0;0;2;-18,90327004;-42,00340423;SPRF-MG;DEL06-MG;UOP01-DEL06-MG
612525;06/07/2024;sábado;14:30:00;SC;101;195;BIGUACU;Reação tardia ou ineficiente do condutor;Colisão lateral mesmo sentido;Com Vítimas Feridas;Pleno dia;Decrescente;Chuva;Dupla;Reta;Sim;4;0;2;0;1;1;2;3;-27,5047092;-48,65010819;SPRF-SC;DEL01-SC;UOP01-DEL01-SC
612526;06/07/2024;sábado;08:40:00;RS;116;95,4;CAMPESTRE DA SERRA;Reação tardia ou ineficiente do condutor;Tombamento;Com Vítimas Feridas;Pleno dia;Crescente;Nublado;Simples;"Declive;Curva";Não;2;0;1;0;0;1;1;2;-28,88035499;-51,14594959;SPRF-RS;DEL05-RS;UOP03-DEL05-RS
612527;06/07/2024;sábado;05:30:00;CE;116;224,6;ALTO SANTO;Ingestão de álcool pelo condutor;Saída de leito carroçável;Sem Vítimas;Amanhecer;Decrescente;Céu Claro;Simples;Curva;Não;2;0;0;0;1;3;0;4;-5,36914014;-38,2078279;SPRF-CE;DEL03-CE;UOP01-DEL03-CE
612532;06/07/2024;sábado;09:55:00;MG;116;99,7;ITAOBIM;Condutor deixou de manter distância do veículo da frente;Colisão lateral sentido oposto;Com Vítimas Feridas;Pleno dia;Crescente;Nublado;Simples;"Declive;Curva";Não;7;0;1;0;5;4;1;8;-16,42695431;-41,49279177;SPRF-MG;DEL11-MG;UOP02-DEL11-MG
612541;06/07/2024;sábado;12:00:00;MG;267;202,4;BOM JARDIM DE MINAS;Demais falhas mecânicas ou elétricas;Incêndio;Sem Vítimas;Pleno dia;Decrescente;Céu Claro;Simples;"Declive;Curva";Não;2;0;0;0;1;2;0;3;-21,93077563;-44,10271189;SPRF-MG;DEL05-MG;UOP01-DEL05-MG
612543;06/07/2024;sábado;15:45:00;RO;364;306;PRESIDENTE MEDICI;Ausência de reação do condutor;Colisão traseira;Com Vítimas Feridas;Pleno dia;Decrescente;Sol;Simples;Reta;Sim;3;0;1;0;1;1;1;3;-11,187708;-61,901546;SPRF-RO;DEL02-RO;UOP01-DEL02-RO
612549;06/07/2024;sábado;17:40:00;RJ;116;306,9;RESENDE;Reação tardia ou ineficiente do condutor;Colisão traseira;Com Vítimas Feridas;Anoitecer;Crescente;Nublado;Múltipla;Reta;Sim;3;0;1;0;1;1;1;3;-22,45645538;-44,40259093;SPRF-RJ;DEL07-RJ;UOP02-DEL07-RJ
612555;06/07/2024;sábado;17:00:00;PR;376;413,4;TIBAGI;Ingestão de álcool pelo condutor;Colisão com objeto;Com Vítimas Feridas;Pleno dia;Crescente;Céu Claro;Dupla;"Curva;Declive";Não;4;0;1;0;0;3;1;3;-24,63923532;-50,62733889;SPRF-PR;DEL03-PR;UOP02-DEL03-PR
612559;06/07/2024;sábado;18:55:00;PA;316;44;SANTA IZABEL DO PARA;Acessar a via sem observar a presença dos outros veículos;Colisão transversal;Com Vítimas Fatais;Plena Noite;Decrescente;Céu Claro;Dupla;"Em Obras;Reta";Não;2;1;0;0;1;0;0;2;-1,27592647;-48,08710906;SPRF-PA;DEL01-PA;UOP01-DEL01-PA
612569;06/07/2024;sábado;15:10:00;BA;407;23,2;JUAZEIRO;Reação tardia ou ineficiente do condutor;Colisão frontal;Com Vítimas Feridas;Pleno dia;Crescente;Sol;Simples;Reta;Sim;5;0;2;0;1;2;2;4;-9,59343775;-40,4207605;SPRF-BA;DEL04-BA;UOP01-DEL04-BA
612575;06/07/2024;sábado;18:50:00;MT;163;107;RONDONOPOLIS;Ausência de reação do condutor;Colisão traseira;Com Vítimas Fatais;Plena Noite;Decrescente;Céu Claro;Dupla;Reta;Não;2;1;0;0;1;0;0;2;-16,61130805;-54,70053179;SPRF-MT;DEL02-MT;UOP01-DEL02-MT
612582;06/07/2024;sábado;16:30:00;BA;116;777,6;PLANALTO;Acessar a via sem observar a presença dos outros veículos;Colisão transversal;Sem Vítimas;Pleno dia;Crescente;Nublado;Simples;Reta;Sim;2;0;0;0;2;0;0;2;-14,607391;-40,44086601;SPRF-BA;DEL08-BA;UOP02-DEL08-BA
612592;06/07/2024;sábado;20:41:00;PR;376;649;TIJUCAS DO SUL;Velocidade Incompatível;Colisão lateral mesmo sentido;Sem Vítimas;Plena Noite;Crescente;Chuva;Dupla;Curva;Não;3;0;0;0;2;1;0;3;-25,84592132;-49,09776415;SPRF-PR;DEL01-PR;UOP04-DEL01-PR
612599;06/07/2024;sábado;17:20:00;SC;282;526;XAXIM;Reação tardia ou ineficiente do condutor;Tombamento;Com Vítimas Feridas;Anoitecer;Decrescente;Chuva;Simples;Curva;Não;2;0;1;0;0;2;1;3;-26,969427;-52,57497;SPRF-SC;DEL07-SC;UOP01-DEL07-SC
612611;06/07/2024;sábado;22:45:00;MG;381;360;JOAO MONLEVADE;Velocidade Incompatível;Saída de leito carroçável;Com Vítimas Feridas;Plena Noite;Crescente;Céu Claro;Simples;"Declive;Curva";Não;2;0;1;0;0;1;1;2;-19,85985912;-43,22566968;SPRF-MG;DEL03-MG;UOP01-DEL03-MG
612613;06/07/2024;sábado;19:30:00;BA;101;820;ITAMARAJU;Ultrapassagem Indevida;Colisão frontal;Com Vítimas Fatais;Plena Noite;Decrescente;Garoa/Chuvisco;Simples;Curva;Não;6;1;0;4;1;0;4;2;-17,107723;-39,566957;SPRF-BA;DEL09-BA;UOP02-DEL09-BA
612631;06/07/2024;sábado;23:05:00;SC;101;355,3;SANGAO;Demais falhas mecânicas ou elétricas;Colisão traseira;Com Vítimas Fatais;Plena Noite;Crescente;Chuva;Dupla;"Declive;Reta";Não;6;1;0;0;4;1;0;4;-28,63088226;-49,08943534;SPRF-SC;DEL02-SC;UOP01-DEL02-SC
612636;06/07/2024;sábado;18:40:00;BA;116;921,6;ENCRUZILHADA;Velocidade Incompatível;Tombamento;Com Vítimas Feridas;Plena Noite;Decrescente;Nublado;Simples;"Declive;Curva";Não;3;0;0;1;1;2;1;4;-15,60641;-41,282215;SPRF-BA;DEL08-BA;UOP03-DEL08-BA
612639;07/07/2024;domingo;00:30:00;MS;163;687;RIO VERDE DE MATO GROSSO;Ingestão de álcool pelo condutor;Saída de leito carroçável;Com Vítimas Feridas;Plena Noite;Crescente;Céu Claro;Simples;Reta;Não;1;0;1;0;0;0;1;1;-18,86803903;-54,82781994;SPRF-MS;DEL06-MS;UOP01-DEL06-MS
612650;07/07/2024;domingo;00:00:00;MT;163;742;SORRISO;Ingestão de álcool pelo condutor;Colisão frontal;Com Vítimas Feridas;Plena Noite;Decrescente;Céu Claro;Simples;"Reta;Aclive";Não;6;0;2;2;1;1;4;3;-12,62794295;-55,77213764;SPRF-MT;DEL06-MT;UOP01-DEL06-MT
612659;06/07/2024;sábado;22:00:00;PA;308;161,9;CAPANEMA;Ausência de reação do condutor;Saída de leito carroçável;Com Vítimas Fatais;Plena Noite;Crescente;Céu Claro;Simples;Reta;Não;1;1;0;0;0;0;0;1;-1,20786421;-47,09654994;SPRF-PA;DEL01-PA;UOP03-DEL01-PA
612664;07/07/2024;domingo;04:00:00;AL;101;107,2;PILAR;Velocidade Incompatível;Tombamento;Com Vítimas Feridas;Amanhecer;Crescente;Chuva;Dupla;"Declive;Curva";Não;2;0;0;1;0;2;1;3;-9,59200401;-36,00249993;SPRF-AL;DEL02-AL;UOP01-DEL02-AL
612671;07/07/2024;domingo;05:30:00;RS;101;67;MAQUINE;Demais falhas mecânicas ou elétricas;Incêndio;Sem Vítimas;Plena Noite;Decrescente;Garoa/Chuvisco;Dupla;Reta;Não;1;0;0;0;1;0;0;1;-29,724619;-50,198845;SPRF-RS;DEL03-RS;UOP02-DEL03-RS
612673;07/07/2024;domingo;02:50:00;MT;163;102;RONDONOPOLIS;Condutor Dormindo;Saída de leito carroçável;Com Vítimas Feridas;Plena Noite;Crescente;Céu Claro;Dupla;Curva;Não;3;0;1;1;0;1;2;2;-16,6450602;-54,68993838;SPRF-MT;DEL02-MT;UOP03-DEL02-MT