id;data_inversa;dia_semana;horario;uf;br;km;municipio;causa_acidente;tipo_acidente;classificacao_acidente;fase_dia;sentido_via;condicao_metereologica;tipo_pista;tracado_via;uso_solo;pessoas;mortos;feridos_leves;feridos_graves;ilesos;ignorados;feridos;veiculos;latitude;longitude;regional;delegacia;uop
612675;06/07/2024;sábado;23:35:00;MT;163;796;VERA;Transitar na contramão;Colisão frontal;Com Vítimas Fatais;Plena Noite;Decrescente;Céu Claro;Simples;Reta;Não;3;1;0;1;0;1;1;3;-12,20509819;-55,53790569;SPRF-MT;DEL06-MT;UOP02-DEL06-MT
612679;07/07/2024;domingo;05:40:00;MS;163;300,8;DOURADINA;Manobra de mudança de faixa;Colisão frontal;Com Vítimas Fatais;Amanhecer;Crescente;Ignorado;Simples;Reta;Não;6;4;0;0;1;1;0;3;-21,98294896;-54,53160826;SPRF-MS;DEL02-MS;UOP02-DEL02-MS
612684;07/07/2024;domingo;06:15:00;MG;251;489,5;FRANCISCO SA;Ultrapassagem Indevida;Colisão frontal;Com Vítimas Feridas;Amanhecer;Crescente;Céu Claro;Simples;"Reta;Aclive";Não;5;0;0;2;2;1;2;4;-16,52754522;-43,57481395;SPRF-MG;DEL12-MG;UOP01-DEL12-MG
612698;07/07/2024;domingo;03:20:00;SP;116;537;BARRA DO TURVO;Reação tardia ou ineficiente do condutor;Colisão com objeto;Com Vítimas Feridas;Plena Noite;Crescente;Garoa/Chuvisco;Dupla;"Curva;Declive";Não;4;0;2;0;2;0;2;2;-24,96954537;-48,36403797;SPRF-SP;DEL05-SP;UOP02-DEL05-SP
612711;07/07/2024;domingo;06:15:00;AL;423;60;AGUA BRANCA;Condutor Dormindo;Tombamento;Com Vítimas Feridas;Pleno dia;Decrescente;Chuva;Simples;"Reta;Aclive";Não;1;0;1;0;0;0;1;1;-9,288524;-37,809048;SPRF-AL;DEL03-AL;UOP02-DEL03-AL
612735;07/07/2024;domingo;09:30:00;MT;364;224;RONDONOPOLIS;Demais falhas mecânicas ou elétricas;Incêndio;Sem Vítimas;Pleno dia;Decrescente;Céu Claro;Dupla;"Reta;Declive";Não;2;0;0;0;1;2;0;3;-16,3154901;-54,75440328;SPRF-MT;DEL02-MT;UOP01-DEL02-MT
612737;07/07/2024;domingo;08:15:00;SC;280;96;CORUPA;Pista Escorregadia;Colisão frontal;Com Vítimas Feridas;Pleno dia;Crescente;Garoa/Chuvisco;Simples;Curva;Não;3;0;1;0;1;1;1;3;-26,3833143;-49,31223107;SPRF-SC;DEL06-SC;UOP03-DEL06-SC
612747;07/07/2024;domingo;09:30:00;BA;110;124,5;ANTAS;Reação tardia ou ineficiente do condutor;Colisão traseira;Com Vítimas Feridas;Pleno dia;Crescente;Céu Claro;Simples;"Declive;Curva";Sim;29;0;2;0;26;1;2;3;-10,46093;-38,383485;SPRF-BA;DEL07-BA;UOP02-DEL07-BA
612770;07/07/2024;domingo;10:00:00;RJ;393;258;BARRA DO PIRAI;Ausência de reação do condutor;Saída de leito carroçável;Com Vítimas Feridas;Pleno dia;Crescente;Céu Claro;Simples;Curva;Não;2;0;1;0;0;1;1;2;-22,4514837;-43,82691483;SPRF-RJ;DEL05-RJ;UOP04-DEL05-RJ
612778;07/07/2024;domingo;16:00:00;MG;50;145;UBERABA;Fumaça;Engavetamento;Com Vítimas Feridas;Pleno dia;Decrescente;Céu Claro;Dupla;Reta;Não;11;0;2;0;8;2;2;7;-19,51997196;-48,03997088;SPRF-MG;DEL13-MG;UOP01-DEL13-MG
612795;07/07/2024;domingo;15:00:00;GO;153;192;URUACU;Ultrapassagem Indevida;Colisão lateral mesmo sentido;Com Vítimas Feridas;Pleno dia;Decrescente;Céu Claro;Simples;Reta;Sim;7;0;3;0;3;1;3;4;-14,446058;-49,156555;SPRF-GO;DEL07-GO;UOP02-DEL07-GO
612796;07/07/2024;domingo;15:44:00;ES;101;385;RIO NOVO DO SUL;Velocidade Incompatível;Saída de leito carroçável;Sem Vítimas;Pleno dia;Decrescente;Céu Claro;Simples;Curva;Não;2;0;0;0;1;1;0;2;-20,83675912;-40,86790091;SPRF-ES;DEL03-ES;UOP01-DEL03-ES
612800;07/07/2024;domingo;15:00:00;PE;423;61;LAJEDO;Reação tardia ou ineficiente do condutor;Colisão traseira;Com Vítimas Feridas;Pleno dia;Decrescente;Céu Claro;Simples;Reta;Não;4;0;1;0;2;2;1;4;-8,65805731;-36,32866993;SPRF-PE;DEL03-PE;UOP01-DEL03-PE
612802;07/07/2024;domingo;12:40:00;BA;116;584;BREJOES;Falta de acostamento;Saída de leito carroçável;Com Vítimas Feridas;Pleno dia;Decrescente;Céu Claro;Simples;Curva;Não;1;0;1;0;0;0;1;1;-13,1052027;-39,98209294;SPRF-BA;DEL03-BA;UOP02-DEL03-BA
612803;07/07/2024;domingo;16:30:00;MG;381;637;SANTO ANTONIO DO AMPARO;Condutor Dormindo;Saída de leito carroçável;Com Vítimas Feridas;Pleno dia;Decrescente;Céu Claro;Dupla;"Reta;Declive";Não;3;0;2;0;0;1;2;2;-20,89963404;-44,85537595;SPRF-MG;DEL04-MG;UOP01-DEL04-MG
612805;07/07/2024;domingo;17:45:00;MG;40;226,9;JOAO PINHEIRO;Ultrapassagem Indevida;Colisão frontal;Com Vítimas Fatais;Anoitecer;Crescente;Céu Claro;Simples;Reta;Sim;5;1;0;0;1;4;0;5;-17,99141613;-45,60286311;SPRF-MG;DEL14-MG;UOP02-DEL14-MG
612811;07/07/2024;domingo;18:10:00;MG;40;553,7;NOVA LIMA;Demais falhas mecânicas ou elétricas;Colisão traseira;Com Vítimas Feridas;Anoitecer;Decrescente;Céu Claro;Dupla;Reta;Sim;3;0;1;0;1;1;1;2;-20,06863326;-43,98194759;SPRF-MG;DEL01-MG;UOP02-DEL01-MG
612821;20/05/2024;segunda-feira;12:04:00;SC;101;7;GARUVA;Ausência de reação do condutor;Colisão traseira;Com Vítimas Feridas;Pleno dia;Decrescente;Céu Claro;Múltipla;Reta;Sim;3;0;1;0;1;1;1;2;-26,03593;-48,860302;SPRF-SC;DEL03-SC;UOP01-DEL03-SC
612829;05/06/2024;quarta-feira;13:10:00;PE;101;65;RECIFE;Manobra de mudança de faixa;Colisão lateral mesmo sentido;Sem Vítimas;Pleno dia;Decrescente;Ignorado;Dupla;Reta;Sim;2;0;0;0;2;0;0;2;-8,02788778;-34,94293392;SPRF-PE;DEL01-PE;UOP01-DEL01-PE
612834;07/07/2024;domingo;19:00:00;MG;262;172;SAO DOMINGOS DO PRATA;Acessar a via sem observar a presença dos outros veículos;Colisão transversal;Com Vítimas Feridas;Plena Noite;Crescente;Céu Claro;Simples;"Reta;Interseção de Vias";Não;7;0;1;0;5;1;1;3;-19,94599643;-42,93527926;SPRF-MG;DEL03-MG;UOP01-DEL03-MG
612837;07/07/2024;domingo;18:00:00;PA;163;646;TRAIRAO;Reação tardia ou ineficiente do condutor;Saída de leito carroçável;Com Vítimas Feridas;Plena Noite;Crescente;Céu Claro;Simples;Curva;Não;2;0;1;0;0;2;1;3;-4,54472919;-55,90830592;SPRF-PA;DEL05-PA;UOP02-DEL05-PA
612844;07/07/2024;domingo;19:30:00;RS;386;291,3;POUSO NOVO;Transitar na contramão;Colisão lateral sentido oposto;Sem Vítimas;Plena Noite;Crescente;Nevoeiro/Neblina;Simples;Curva;Não;3;0;0;0;1;2;0;3;-29,098166;-52,249744;SPRF-RS;DEL04-RS;UOP01-DEL04-RS
612848;07/07/2024;domingo;18:30:00;MG;40;704,5;BARBACENA;Condutor Dormindo;Saída de leito carroçável;Com Vítimas Feridas;Plena Noite;Decrescente;Céu Claro;Dupla;Reta;Não;4;0;0;1;1;4;1;6;-21,233144;-43,725788;SPRF-MG;DEL05-MG;UOP02-DEL05-MG
612849;07/07/2024;domingo;20:00:00;BA;116;12,9;VITORIA DA CONQUISTA;Acessar a via sem observar a presença dos outros veículos;Colisão transversal;Com Vítimas Feridas;Plena Noite;Crescente;Céu Claro;Simples;Reta;Não;2;0;0;1;1;0;1;2;-14,87362135;-40,87145805;SPRF-BA;DEL08-BA;UOP01-DEL08-BA
612851;07/07/2024;domingo;19:30:00;RJ;493;63;DUQUE DE CAXIAS;Acessar a via sem observar a presença dos outros veículos;Colisão lateral mesmo sentido;Com Vítimas Fatais;Plena Noite;Decrescente;Céu Claro;Dupla;"Retorno Regulamentado;Reta";Não;3;1;0;0;1;1;0;3;-22,672089;-43,285053;SPRF-RJ;DEL01-RJ;UOP03-DEL01-RJ
612859;07/07/2024;domingo;19:40:00;CE;222;209,1;FORQUILHA;Pedestre cruzava a pista fora da faixa;Atropelamento de Pedestre;Com Vítimas Fatais;Plena Noite;Crescente;Céu Claro;Simples;Reta;Sim;3;1;0;0;1;1;0;3;-3,79896571;-40,26528955;SPRF-CE;DEL04-CE;UOP01-DEL04-CE
612866;07/07/2024;domingo;19:15:00;SP;153;224;MARILIA;Ingestão de álcool pelo condutor;Colisão frontal;Sem Vítimas;Plena Noite;Crescente;Céu Claro;Simples;Reta;Não;3;0;0;0;2;1;0;3;-22,03196507;-49,90531528;SPRF-SP;DEL07-SP;UOP02-DEL07-SP
612875;07/07/2024;domingo;20:30:00;SC;101;101;BALNEARIO PICARRAS;Ingestão de álcool pelo condutor;Colisão com objeto;Com Vítimas Feridas;Plena Noite;Decrescente;Chuva;Dupla;Reta;Não;4;0;1;0;2;1;1;4;-26,76404198;-48,68657667;SPRF-SC;DEL03-SC;UOP02-DEL03-SC
612876;07/07/2024;domingo;16:30:00;BA;101;86;ALAGOINHAS;Demais falhas mecânicas ou elétricas;Incêndio;Sem Vítimas;Pleno dia;Crescente;Céu Claro;Simples;Reta;Não;2;0;0;0;1;3;0;4;-12,05781429;-38,31213949;SPRF-BA;DEL01-BA;UOP04-DEL01-BA
612885;07/07/2024;domingo;13:20:00;MT;364;43;ALTO GARCAS;Condutor deixou de manter distância do veículo da frente;Colisão traseira;Sem Vítimas;Pleno dia;Crescente;Céu Claro;Simples;Reta;Não;3;0;0;0;2;4;0;6;-17,05776603;-53,47356207;SPRF-MT;DEL02-MT;UOP02-DEL02-MT
612888;07/07/2024;domingo;19:15:00;RO;364;504;ARIQUEMES;Reação tardia ou ineficiente do condutor;Colisão traseira;Sem Vítimas;Plena Noite;Crescente;Céu Claro;Simples;"Reta;Aclive";Não;5;0;0;0;4;2;0;4;-10,00474102;-63,00712403;SPRF-RO;DEL03-RO;UOP01-DEL03-RO
612894;07/07/2024;domingo;19:30:00;RJ;393;298;BARRA MANSA;Ausência de reação do condutor;Tombamento;Com Vítimas Feridas;Plena Noite;Crescente;Céu Claro;Simples;"Curva;Aclive";Sim;1;0;1;0;0;0;1;1;-22,546;-44,113;SPRF-RJ;DEL07-RJ;UOP02-DEL07-RJ
612896;07/07/2024;domingo;14:55:00;SC;282;497,9;XANXERE;Ingestão de álcool pelo condutor;Colisão frontal;Com Vítimas Fatais;Pleno dia;Crescente;Chuva;Simples;"Aclive;Curva";Não;5;1;3;0;0;1;3;4;-26,879157;-52,347801;SPRF-SC;DEL07-SC;UOP01-DEL07-SC
612898;07/07/2024;domingo;21:10:00;RJ;101;530;ANGRA DOS REIS;Transitar na contramão;Colisão lateral sentido oposto;Com Vítimas Feridas;Plena Noite;Decrescente;Garoa/Chuvisco;Simples;Curva;Sim;3;0;1;0;1;1;1;3;-23,0232454;-44,51684972;SPRF-RJ;DEL03-RJ;UOP03-DEL03-RJ
612900;07/07/2024;domingo;17:25:00;PR;277;205,2;PALMEIRA;Reação tardia ou ineficiente do condutor;Colisão frontal;Com Vítimas Fatais;Pleno dia;Crescente;Nublado;Simples;"Aclive;Reta";Não;4;1;0;0;1;2;0;3;-25,46446641;-50,249942;SPRF-PR;DEL08-PR;UOP02-DEL08-PR
612905;07/07/2024;domingo;18:40:00;BA;116;921,3;ENCRUZILHADA;Reação tardia ou ineficiente do condutor;Saída de leito carroçável;Com Vítimas Feridas;Plena Noite;Decrescente;Nublado;Simples;Curva;Não;3;0;1;0;1;2;1;4;-15,60661;-41,28224;SPRF-BA;DEL08-BA;UOP03-DEL08-BA
612906;07/07/2024;domingo;20:50:00;RO;364;17;VILHENA;Ingestão de álcool pelo condutor;Colisão lateral sentido oposto;Com Vítimas Feridas;Plena Noite;Crescente;Céu Claro;Simples;"Reta;Aclive";Sim;5;0;1;0;4;0;1;2;-12,73207998;-60,16589399;SPRF-RO;DEL04-RO;UOP01-DEL04-RO
612913;07/07/2024;domingo;20:50:00;CE;222;93;UMIRIM;Transitar na contramão;Colisão frontal;Com Vítimas Fatais;Plena Noite;Crescente;Céu Claro;Simples;"Curva;Declive";Não;4;2;0;0;1;1;0;3;-3,69225317;-39,36916962;SPRF-CE;DEL04-CE;UOP03-DEL04-CE
612914;07/07/2024;domingo;21:10:00;PB;116;11,3;CACHOEIRA DOS INDIOS;Velocidade Incompatível;Colisão frontal;Com Vítimas Fatais;Plena Noite;Crescente;Chuva;Simples;Reta;Não;4;1;2;1;0;0;3;2;-6,985178;-38,744354;SPRF-CE;DEL05-CE;UOP03-DEL05-CE
612915;08/07/2024;segunda-feira;01:35:00;CE;116;485,7;MILAGRES;Reação tardia ou ineficiente do condutor;Colisão traseira;Com Vítimas Feridas;Plena Noite;Decrescente;Nublado;Simples;Reta;Não;4;0;2;0;2;0;2;2;-7,31766498;-38,93811773;SPRF-CE;DEL05-CE;UOP03-DEL05-CE
612919;07/07/2024;domingo;21:50:00;PA;163;655;ITAITUBA;Velocidade Incompatível;Capotamento;Com Vítimas Fatais;Plena Noite;Decrescente;Céu Claro;Simples;Curva;Não;3;1;0;0;1;5;0;7;-4,48827103;-55,86680656;SPRF-PA;DEL05-PA;UOP02-DEL05-PA
612922;08/07/2024;segunda-feira;02:49:00;SC;282;17;PALHOCA;Condutor Dormindo;Colisão traseira;Com Vítimas Feridas;Plena Noite;Crescente;Nublado;Simples;Reta;Sim;3;0;1;0;1;1;1;3;-27,665707;-48,688065;SPRF-SC;DEL01-SC;UOP02-DEL01-SC
612928;08/07/2024;segunda-feira;04:20:00;PI;343;326;TERESINA;Transitar na contramão;Colisão lateral sentido oposto;Sem Vítimas;Plena Noite;Crescente;Nublado;Simples;Reta;Não;2;0;0;0;2;0;0;2;-5,069462;-42,617474;SPRF-PI;DEL01-PI;UOP01-DEL01-PI
612929;08/07/2024;segunda-feira;04:30:00;PB;101;92;CONDE;Ausência de reação do condutor;Saída de leito carroçável;Com Vítimas Feridas;Pleno dia;Crescente;Céu Claro;Dupla;Reta;Sim;2;0;0;1;1;0;1;2;-7,19683829;-34,90588313;SPRF-PB;DEL01-PB;UOP02-DEL01-PB
612935;08/07/2024;segunda-feira;02:22:00;RJ;116;262;PINHEIRAL;Condutor deixou de manter distância do veículo da frente;Colisão traseira;Com Vítimas Feridas;Plena Noite;Decrescente;Céu Claro;Dupla;"Declive;Reta";Não;2;0;0;1;0;1;1;2;-22,589;-44,063;SPRF-RJ;DEL07-RJ;UOP02-DEL07-RJ
612937;08/07/2024;segunda-feira;05:40:00;PR;376;496;PONTA GROSSA;Ausência de reação do condutor;Colisão traseira;Com Vítimas Feridas;Plena Noite;Crescente;Chuva;Dupla;"Aclive;Reta";Sim;2;0;0;1;1;0;1;2;-25,17702586;-50,1005139;SPRF-PR;DEL03-PR;UOP04-DEL03-PR
612939;08/07/2024;segunda-feira;05:40:00;SP;116;340;JUQUITIBA;Condutor Dormindo;Colisão com objeto;Sem Vítimas;Pleno dia;Decrescente;Garoa/Chuvisco;Dupla;Reta;Sim;2;0;0;0;1;1;0;2;-24,00328505;-47,15633198;SPRF-SP;DEL04-SP;UOP03-DEL04-SP
612942;08/07/2024;segunda-feira;04:40:00;PR;369;472,5;CORBELIA;Condutor deixou de manter distância do veículo da frente;Engavetamento;Com Vítimas Feridas;Plena Noite;Crescente;Nublado;Simples;Reta;Não;5;0;2;0;3;0;2;3;-24,5822;-53,1842;SPRF-PR;DEL04-PR;UOP03-DEL04-PR
612944;08/07/2024;segunda-feira;06:00:00;PR;116;103,9;SAO JOSE DOS PINHAIS;Reação tardia ou ineficiente do condutor;Saída de leito carroçável;Com Vítimas Feridas;Amanhecer;Decrescente;Garoa/Chuvisco;Dupla;Reta;Sim;2;0;1;0;0;1;1;2;-25,55944814;-49,15099774;SPRF-PR;DEL01-PR;UOP07-DEL01-PR
612947;08/07/2024;segunda-feira;07:15:00;RJ;101;422;MANGARATIBA;Velocidade Incompatível;Colisão frontal;Com Vítimas Fatais;Pleno dia;Crescente;Chuva;Simples;"Declive;Reta";Não;6;1;1;0;3;1;1;5;-22,91608393;-43,94022903;SPRF-RJ;DEL03-RJ;UOP02-DEL03-RJ
612952;08/07/2024;segunda-feira;06:04:00;SC;470;6;NAVEGANTES;Reação tardia ou ineficiente do condutor;Colisão traseira;Com Vítimas Feridas;Pleno dia;Crescente;Nublado;Dupla;Reta;Sim;3;0;1;0;1;1;1;3;-26,852238;-48,709545;SPRF-SC;DEL04-SC;UOP04-DEL04-SC
612954;08/07/2024;segunda-feira;07:30:00;PE;101;45,3;IGARASSU;Reação tardia ou ineficiente do condutor;Engavetamento;Sem Vítimas;Pleno dia;Crescente;Céu Claro;Múltipla;"Aclive;Reta";Não;7;0;0;0;7;0;0;3;-7,86521297;-34,90715176;SPRF-PE;DEL01-PE;UOP02-DEL01-PE
612956;08/07/2024;segunda-feira;07:47:00;RS;290;99;PORTO ALEGRE;Condutor deixou de manter distância do veículo da frente;Colisão traseira;Com Vítimas Feridas;Pleno dia;Decrescente;Céu Claro;Dupla;Reta;Não;5;0;1;0;4;0;1;5;-29,991756;-51,22699;SPRF-RS;DEL01-RS;UOP01-DEL01-RS
612968;08/07/2024;segunda-feira;08:35:00;ES;101;296,3;CARIACICA;Manobra de mudança de faixa;Colisão lateral mesmo sentido;Com Vítimas Feridas;Pleno dia;Decrescente;Sol;Múltipla;Viaduto;Sim;6;0;3;0;2;1;3;3;-20,34029997;-40,40405712;SPRF-ES;DEL01-ES;UOP01-DEL01-ES
612969;08/07/2024;segunda-feira;08:00:00;PB;101;85;BAYEUX;Pista esburacada;Colisão lateral mesmo sentido;Com Vítimas Feridas;Pleno dia;Crescente;Céu Claro;Dupla;Interseção de Vias;Sim;4;0;0;1;2;1;1;3;-7,14538184;-34,91662887;SPRF-PB;DEL01-PB;UOP01-DEL01-PB
612973;08/07/2024;segunda-feira;09:18:00;SC;101;119,6;ITAJAI;Ausência de reação do condutor;Colisão traseira;Com Vítimas Feridas;Pleno dia;Crescente;Nublado;Dupla;Reta;Não;4;0;1;0;2;1;1;3;-26,9043179;-48,71555481;SPRF-SC;DEL04-SC;UOP04-DEL04-SC
612974;08/07/2024;segunda-feira;09:00:00;PB;101;83;BAYEUX;Condutor deixou de manter distância do veículo da frente;Colisão lateral mesmo sentido;Sem Vítimas;Pleno dia;Crescente;Céu Claro;Dupla;Reta;Sim;2;0;0;0;2;0;0;2;-7,1337703;-34,92963914;SPRF-PB;DEL01-PB;UOP01-DEL01-PB
612985;08/07/2024;segunda-feira;06:30:00;BA;101;254;CONCEICAO DO ALMEIDA;Ausência de reação do condutor;Colisão transversal;Com Vítimas Feridas;Amanhecer;Decrescente;Nublado;Simples;"Em Obras;Reta";Sim;3;0;1;0;2;0;1;3;-12,9889243;-39,2898347;SPRF-BA;DEL01-BA;UOP02-DEL01-BA
612990;08/07/2024;segunda-feira;09:35:00;MS;163;730;COXIM;Reação tardia ou ineficiente do condutor;Colisão frontal;Com Vítimas Feridas;Pleno dia;Crescente;Céu Claro;Simples;Reta;Sim;6;0;2;0;3;2;2;5;-18,50978886;-54,73602351;SPRF-MS;DEL06-MS;UOP01-DEL06-MS
613006;08/07/2024;segunda-feira;10:20:00;PB;101;79,3;SANTA RITA;Condutor Dormindo;Tombamento;Com Vítimas Feridas;Pleno dia;Decrescente;Céu Claro;Dupla;Reta;Não;2;0;1;0;0;1;1;2;-7,1147526;-34,95793891;SPRF-PB;DEL01-PB;UOP04-DEL01-PB
613009;08/07/2024;segunda-feira;11:25:00;MG;381;801,5;SAO GONCALO DO SAPUCAI;Condutor deixou de manter distância do veículo da frente;Colisão traseira;Com Vítimas Feridas;Pleno dia;Crescente;Céu Claro;Dupla;Reta;Não;3;0;1;0;1;2;1;4;-21,94061782;-45,61711903;SPRF-MG;DEL16-MG;UOP02-DEL16-MG
613012;08/07/2024;segunda-feira;12:45:00;RS;116;525,9;PELOTAS;Desrespeitar a preferência no cruzamento;Colisão transversal;Com Vítimas Feridas;Pleno dia;Crescente;Céu Claro;Simples;Interseção de Vias;Sim;2;0;0;1;1;0;1;2;-31,7359522;-52,39349776;SPRF-RS;DEL07-RS;UOP01-DEL07-RS
613014;08/07/2024;segunda-feira;12:07:00;PB;230;55;CRUZ DO ESPIRITO SANTO;Ausência de reação do condutor;Colisão transversal;Sem Vítimas;Pleno dia;Decrescente;Céu Claro;Dupla;Reta;Não;2;0;0;0;2;0;0;2;-7,2014;-35,0943;SPRF-PB;DEL01-PB;UOP03-DEL01-PB
613020;06/07/2024;sábado;15:00:00;SC;101;132,5;BALNEARIO CAMBORIU;Entrada inopinada do pedestre;Atropelamento de Pedestre;Com Vítimas Feridas;Pleno dia;Decrescente;Nublado;Múltipla;Reta;Sim;3;0;1;0;1;2;1;4;-26,99654133;-48,65564711;SPRF-SC;DEL04-SC;UOP03-DEL04-SC
613022;08/07/2024;segunda-feira;09:20:00;GO;60;206,7;GUAPO;Ingestão de álcool pelo condutor;Colisão lateral mesmo sentido;Sem Vítimas;Pleno dia;Decrescente;Céu Claro;Dupla;Reta;Não;2;0;0;0;2;0;0;2;-16,92387953;-49,66386795;SPRF-GO;DEL01-GO;UOP02-DEL01-GO
613033;05/07/2024;sexta-feira;12:10:00;MG;116;393;GOVERNADOR VALADARES;Demais falhas mecânicas ou elétricas;Incêndio;Sem Vítimas;Pleno dia;Decrescente;Céu Claro;Simples;Reta;Não;2;0;0;0;1;1;0;2;-18,72499706;-41,98860609;SPRF-MG;DEL06-MG;UOP01-DEL06-MG
613036;08/07/2024;segunda-feira;12:40:00;PR;376;326,7;ORTIGUEIRA;Manobra de mudança de faixa;Colisão frontal;Com Vítimas Feridas;Pleno dia;Decrescente;Chuva;Simples;Reta;Não;7;0;4;1;1;1;5;4;-24,068;-51,064;SPRF-PR;DEL07-PR;UOP02-DEL07-PR
613038;08/07/2024;segunda-feira;14:25:00;MG;116;111,3;ITAOBIM;Ultrapassagem Indevida;Colisão lateral mesmo sentido;Com Vítimas Feridas;Pleno dia;Decrescente;Céu Claro;Simples;Curva;Não;3;0;1;0;1;1;1;2;-16,52165195;-41,50569985;SPRF-MG;DEL11-MG;UOP02-DEL11-MG
613040;08/07/2024;segunda-feira;12:50:00;GO;153;29;PORANGATU;Ultrapassagem Indevida;Colisão frontal;Com Vítimas Feridas;Pleno dia;Decrescente;Céu Claro;Simples;"Aclive;Reta";Não;2;0;1;0;1;0;1;2;-13,078622;-49,188919;SPRF-GO;DEL07-GO;UOP01-DEL07-GO
613042;08/07/2024;segunda-feira;14:45:00;MG;50;149,2;UBERABA;Velocidade Incompatível;Colisão lateral mesmo sentido;Com Vítimas Feridas;Pleno dia;Crescente;Céu Claro;Dupla;"Declive;Retorno Regulamentado";Não;4;0;0;2;1;3;2;5;-19,55574501;-48,03471604;SPRF-MG;DEL13-MG;UOP01-DEL13-MG
613043;08/07/2024;segunda-feira;14:30:00;SC;101;182,1;BIGUACU;Demais falhas mecânicas ou elétricas;Incêndio;Sem Vítimas;Pleno dia;Crescente;Nublado;Dupla;Reta;Sim;2;0;0;0;1;1;0;2;-27,41613807;-48,6266443;SPRF-SC;DEL01-SC;UOP01-DEL01-SC
613044;08/07/2024;segunda-feira;13:25:00;SC;116;171;PONTE ALTA DO NORTE;Reação tardia ou ineficiente do condutor;Engavetamento;Com Vítimas Feridas;Pleno dia;Crescente;Nublado;Simples;"Declive;Reta";Não;4;0;2;0;1;2;2;5;-27,2035;-50,4657062;SPRF-SC;DEL05-SC;UOP03-DEL05-SC
613045;08/07/2024;segunda-feira;11:00:00;SC;153;61,7;IRANI;Neblina;Colisão traseira;Com Vítimas Feridas;Pleno dia;Decrescente;Nevoeiro/Neblina;Simples;Reta;Não;3;0;1;0;1;1;1;3;-26,978279;-51,865761;SPRF-SC;DEL07-SC;UOP04-DEL07-SC
613049;07/07/2024;domingo;18:10:00;SC;282;124,8;BOM RETIRO;Ingestão de álcool pelo condutor;Colisão transversal;Com Vítimas Feridas;Plena Noite;Crescente;Chuva;Simples;Reta;Não;3;0;2;0;1;0;2;2;-27,805086;-49,450378;SPRF-SC;DEL05-SC;UOP01-DEL05-SC
613054;08/07/2024;segunda-feira;14:40:00;AL;316;259;SATUBA;Ultrapassagem Indevida;Colisão frontal;Com Vítimas Fatais;Pleno dia;Crescente;Chuva;Simples;Reta;Não;2;1;1;0;0;0;1;2;-9,5916564;-35,914033;SPRF-AL;DEL02-AL;UOP01-DEL02-AL
613061;08/07/2024;segunda-feira;15:00:00;CE;222;107;ITAPAJE;Animais na Pista;Colisão traseira;Com Vítimas Feridas;Pleno dia;Decrescente;Céu Claro;Simples;Reta;Não;3;0;1;0;1;1;1;2;-3,76154936;-39,47091565;SPRF-CE;DEL04-CE;UOP03-DEL04-CE
613066;08/07/2024;segunda-feira;16:00:00;PR;376;259,4;CALIFORNIA;Chuva;Colisão frontal;Com Vítimas Fatais;Pleno dia;Crescente;Chuva;Simples;Curva;Não;3;1;0;0;1;2;0;4;-23,677824;-51,352674;SPRF-PR;DEL07-PR;UOP03-DEL07-PR
613076;08/07/2024;segunda-feira;17:00:00;MG;50;68;UBERLANDIA;Reação tardia ou ineficiente do condutor;Colisão com objeto;Sem Vítimas;Pleno dia;Decrescente;Céu Claro;Múltipla;"Reta;Interseção de Vias";Sim;2;0;0;0;1;1;0;2;-18,87909849;-48,26228052;SPRF-MG;DEL15-MG;UOP02-DEL15-MG
613083;08/07/2024;segunda-feira;18:15:00;RS;392;352,6;SANTA MARIA;Acessar a via sem observar a presença dos outros veículos;Colisão transversal;Sem Vítimas;Plena Noite;Decrescente;Nublado;Simples;"Interseção de Vias;Em Obras;Declive;Reta";Sim;3;0;0;0;1;2;0;3;-29,71651357;-53,80972624;SPRF-RS;DEL09-RS;UOP01-DEL09-RS
613089;08/07/2024;segunda-feira;18:40:00;SC;101;151;ITAPEMA;Condutor deixou de manter distância do veículo da frente;Colisão traseira;Com Vítimas Feridas;Plena Noite;Decrescente;Nublado;Dupla;Reta;Sim;3;0;1;0;1;2;1;4;-27,126536;-48,609642;SPRF-SC;DEL04-SC;UOP03-DEL04-SC
613091;08/07/2024;segunda-feira;19:25:00;SC;280;29;ARAQUARI;Ultrapassagem Indevida;Colisão frontal;Com Vítimas Feridas;Plena Noite;Crescente;Garoa/Chuvisco;Simples;Reta;Sim;7;0;5;0;1;2;5;6;-26,41066264;-48,75295628;SPRF-SC;DEL03-SC;UOP03-DEL03-SC
613092;08/07/2024;segunda-feira;10:00:00;MA;135;411;JATOBA;Curva acentuada;Saída de leito carroçável;Sem Vítimas;Pleno dia;Crescente;Céu Claro;Simples;Curva;Não;3;0;0;0;2;1;0;2;-5,86945042;-44,29843146;SPRF-MA;DEL06-MA;UOP01-DEL06-MA
613094;08/07/2024;segunda-feira;16:30:00;PR;272;547;FRANCISCO ALVES;Condutor Dormindo;Colisão frontal;Com Vítimas Feridas;Pleno dia;Crescente;Nublado;Simples;Reta;Não;3;0;0;1;1;1;1;3;-24,0705604;-53,9185329;SPRF-PR;DEL06-PR;UOP01-DEL06-PR
613099;08/07/2024;segunda-feira;20:00:00;SP;116;199;ARUJA;Manobra de mudança de faixa;Colisão lateral mesmo sentido;Com Vítimas Feridas;Plena Noite;Decrescente;Garoa/Chuvisco;Dupla;"Reta;Declive";Não;4;0;0;1;3;0;1;4;-23,40185327;-46,31154312;SPRF-SP;DEL01-SP;UOP01-DEL01-SP