id;data_inversa;dia_semana;horario;uf;br;km;municipio;causa_acidente;tipo_acidente;classificacao_acidente;fase_dia;sentido_via;condicao_metereologica;tipo_pista;tracado_via;uso_solo;pessoas;mortos;feridos_leves;feridos_graves;ilesos;ignorados;feridos;veiculos;latitude;longitude;regional;delegacia;uop
613791;11/07/2024;quinta-feira;20:30:00;MS;262;384,9;TERENOS;Restrição de visibilidade em curvas horizontais;Colisão com objeto;Sem Vítimas;Plena Noite;Decrescente;Nublado;Dupla;Reta;Não;3;0;0;0;1;2;0;3;-20,434864;-54,87231;SPRF-MS;DEL01-MS;UOP03-DEL01-MS
613793;11/07/2024;quinta-feira;21:30:00;DF;20;39,8;BRASILIA;Ausência de reação do condutor;Colisão traseira;Com Vítimas Feridas;Plena Noite;Decrescente;Céu Claro;Dupla;"Aclive;Reta";Não;3;0;1;1;0;2;2;4;-15,581864;-47,521973;SPRF-DF;DEL02-DF;UOP01-DEL02-DF
613800;11/07/2024;quinta-feira;20:30:00;MG;381;679,9;PERDOES;Objeto estático sobre o leito carroçável;Colisão com objeto;Com Vítimas Feridas;Plena Noite;Crescente;Céu Claro;Dupla;"Declive;Reta";Não;4;0;1;0;2;1;1;4;-21,14734508;-45,10983682;SPRF-MG;DEL04-MG;UOP02-DEL04-MG
613802;11/07/2024;quinta-feira;22:22:00;SP;116;171;JACAREI;Pedestre cruzava a pista fora da faixa;Atropelamento de Pedestre;Com Vítimas Fatais;Plena Noite;Decrescente;Céu Claro;Dupla;"Declive;Curva";Não;3;2;0;0;1;0;0;2;-23,31096023;-46,0616076;SPRF-SP;DEL02-SP;UOP01-DEL02-SP
613803;11/07/2024;quinta-feira;21:15:00;MG;381;904;CAMBUI;Demais falhas mecânicas ou elétricas;Incêndio;Sem Vítimas;Plena Noite;Decrescente;Céu Claro;Simples;"Aclive;Reta";Não;2;0;0;0;1;1;0;2;-22,68841562;-46,10648041;SPRF-MG;DEL16-MG;UOP03-DEL16-MG
613806;11/07/2024;quinta-feira;20:30:00;RO;364;569;ALTO PARAISO;Condutor deixou de manter distância do veículo da frente;Colisão traseira;Com Vítimas Feridas;Plena Noite;Decrescente;Céu Claro;Simples;Reta;Não;3;0;1;0;1;5;1;7;-9,48656987;-63,09585109;SPRF-RO;DEL01-RO;UOP04-DEL01-RO
613809;11/07/2024;quinta-feira;21:00:00;MG;381;295;ANTONIO DIAS;Ausência de reação do condutor;Colisão com objeto;Sem Vítimas;Plena Noite;Decrescente;Céu Claro;Dupla;"Declive;Desvio Temporário;Em Obras;Curva";Não;2;0;0;0;1;1;0;2;-19,6380615;-42,82722473;SPRF-MG;DEL03-MG;UOP02-DEL03-MG
613810;11/07/2024;quinta-feira;20:00:00;MA;316;546,4;CAXIAS;Ingestão de álcool pelo condutor;Colisão frontal;Com Vítimas Feridas;Plena Noite;Crescente;Céu Claro;Simples;Aclive;Não;2;0;1;0;1;0;1;2;-4,875501;-43,395222;SPRF-MA;DEL03-MA;UOP02-DEL03-MA
613812;11/07/2024;quinta-feira;23:10:00;PR;277;122,8;BALSA NOVA;Ausência de reação do condutor;Colisão traseira;Com Vítimas Feridas;Plena Noite;Crescente;Garoa/Chuvisco;Dupla;Reta;Não;4;0;0;1;2;1;1;4;-25,45203248;-49,58674908;SPRF-PR;DEL03-PR;UOP03-DEL03-PR
613817;12/07/2024;sexta-feira;00:10:00;SC;101;200;SAO JOSE;Velocidade Incompatível;Colisão traseira;Com Vítimas Feridas;Plena Noite;Crescente;Garoa/Chuvisco;Múltipla;Curva;Não;5;0;2;0;2;2;2;5;-27,54018513;-48,62287714;SPRF-SC;DEL01-SC;UOP01-DEL01-SC
613819;11/07/2024;quinta-feira;21:30:00;BA;101;566;ARATACA;Velocidade Incompatível;Tombamento;Com Vítimas Feridas;Plena Noite;Crescente;Céu Claro;Simples;Curva;Não;3;0;1;0;1;1;1;2;-15,3853068;-39,48541982;SPRF-BA;DEL05-BA;UOP02-DEL05-BA
613820;11/07/2024;quinta-feira;23:35:00;PR;376;221;JANDAIA DO SUL;Ausência de reação do condutor;Saída de leito carroçável;Sem Vítimas;Plena Noite;Crescente;Nublado;Dupla;Curva;Não;2;0;0;0;1;1;0;2;-23,60010259;-51,58966138;SPRF-PR;DEL09-PR;UOP01-DEL09-PR
613821;11/07/2024;quinta-feira;21:20:00;RS;101;21;TRES CACHOEIRAS;Pedestre cruzava a pista fora da faixa;Atropelamento de Pedestre;Com Vítimas Fatais;Plena Noite;Decrescente;Garoa/Chuvisco;Dupla;Curva;Sim;2;1;0;0;1;0;0;2;-29,43444872;-49,89334896;SPRF-RS;DEL03-RS;UOP02-DEL03-RS
613822;12/07/2024;sexta-feira;00:55:00;RS;386;140,3;SARANDI;Transitar na contramão;Colisão lateral sentido oposto;Sem Vítimas;Plena Noite;Crescente;Nevoeiro/Neblina;Simples;Reta;Não;2;0;0;0;1;1;0;2;-28,000616;-52,894413;SPRF-RS;DEL08-RS;UOP01-DEL08-RS
613826;12/07/2024;sexta-feira;02:00:00;RN;101;118,5;SAO JOSE DE MIPIBU;Condutor Dormindo;Colisão traseira;Com Vítimas Feridas;Plena Noite;Decrescente;Nublado;Dupla;Curva;Não;2;0;0;1;1;0;1;2;-6,01585046;-35,25360346;SPRF-RN;DEL01-RN;UOP01-DEL01-RN
613827;12/07/2024;sexta-feira;01:30:00;PE;232;66;GRAVATA;Manobra de mudança de faixa;Saída de leito carroçável;Com Vítimas Feridas;Plena Noite;Decrescente;Chuva;Dupla;"Declive;Curva";Não;5;0;1;0;3;1;1;2;-8,173218;-35,457835;SPRF-PE;DEL02-PE;UOP02-DEL02PE
613830;12/07/2024;sexta-feira;02:00:00;BA;101;12,9;RIO REAL;Reação tardia ou ineficiente do condutor;Saída de leito carroçável;Sem Vítimas;Plena Noite;Crescente;Garoa/Chuvisco;Dupla;Reta;Não;3;0;0;0;3;0;0;1;-11,64028212;-37,89002257;SPRF-SE;DEL02-SE;UOP03-DEL02-SE
613835;12/07/2024;sexta-feira;00:25:00;MG;381;547,9;RIO MANSO;Pedestre cruzava a pista fora da faixa;Atropelamento de Pedestre;Com Vítimas Fatais;Plena Noite;Crescente;Céu Claro;Dupla;Reta;Não;2;1;0;0;1;0;0;2;-20,30272561;-44,44474427;SPRF-MG;DEL04-MG;UOP03-DEL04-MG
613840;12/07/2024;sexta-feira;05:00:00;RJ;101;255;RIO BONITO;Neblina;Colisão traseira;Com Vítimas Feridas;Amanhecer;Crescente;Nevoeiro/Neblina;Dupla;Reta;Não;2;0;0;1;0;1;1;2;-22,69421578;-42,55904705;SPRF-RJ;DEL02-RJ;UOP03-DEL02-RJ
613846;12/07/2024;sexta-feira;06:10:00;MG;40;786;JUIZ DE FORA;Neblina;Colisão traseira;Com Vítimas Feridas;Amanhecer;Crescente;Nevoeiro/Neblina;Dupla;Reta;Não;2;0;0;1;0;1;1;2;-21,72733544;-43,4385309;SPRF-MG;DEL05-MG;UOP01-DEL05-MG
613851;12/07/2024;sexta-feira;04:30:00;MS;163;408,1;NOVA ALVORADA DO SUL;Condutor Dormindo;Saída de leito carroçável;Com Vítimas Feridas;Amanhecer;Crescente;Nublado;Simples;Reta;Não;2;0;1;0;0;1;1;2;-21,096296;-54,488261;SPRF-MS;DEL02-MS;UOP01-DEL02-MS
613852;12/07/2024;sexta-feira;05:30:00;MT;364;370;SANTO ANTONIO DO LEVERGER;Acessar a via sem observar a presença dos outros veículos;Colisão traseira;Com Vítimas Feridas;Pleno dia;Crescente;Céu Claro;Dupla;Reta;Não;5;0;2;0;2;1;2;3;-15,72114932;-55,67804222;SPRF-MT;DEL01-MT;UOP02-DEL01-MT
613858;12/07/2024;sexta-feira;07:10:00;ES;262;32,2;DOMINGOS MARTINS;Ausência de reação do condutor;Colisão traseira;Com Vítimas Feridas;Pleno dia;Crescente;Céu Claro;Dupla;Reta;Não;4;0;1;1;2;0;2;2;-20,37885575;-40,577728;SPRF-ES;DEL01-ES;UOP01-DEL01-ES
613863;12/07/2024;sexta-feira;06:40:00;RJ;465;10;SEROPEDICA;Reação tardia ou ineficiente do condutor;Colisão traseira;Com Vítimas Feridas;Pleno dia;Decrescente;Nublado;Simples;Curva;Não;4;0;1;0;2;1;1;3;-22,777218;-43,663025;SPRF-RJ;DEL06-RJ;UOP02-DEL06-RJ
613864;08/07/2024;segunda-feira;11:00:00;MG;251;516,3;MONTES CLAROS;Transitar no Acostamento;Colisão lateral mesmo sentido;Com Vítimas Feridas;Pleno dia;Decrescente;Sol;Simples;"Reta;Interseção de Vias";Sim;3;0;0;1;1;1;1;3;-16,66055591;-43,75217401;SPRF-MG;DEL12-MG;UOP01-DEL12-MG
613869;12/07/2024;sexta-feira;08:00:00;SC;163;67,7;SAO MIGUEL DO OESTE;Manobra de mudança de faixa;Colisão traseira;Com Vítimas Feridas;Pleno dia;Decrescente;Céu Claro;Dupla;"Declive;Retorno Regulamentado;Reta";Sim;3;0;1;0;1;1;1;3;-26,759436;-53,50055292;SPRF-SC;DEL07-SC;UOP03-DEL07-SC
613874;12/07/2024;sexta-feira;08:30:00;MA;135;4;SAO LUIS;Ausência de reação do condutor;Colisão traseira;Com Vítimas Feridas;Pleno dia;Decrescente;Céu Claro;Dupla;Reta;Não;2;0;0;1;0;1;1;2;-2,61424881;-44,25257023;SPRF-MA;DEL01-MA;UOP01-DEL01-MA
613875;12/07/2024;sexta-feira;08:00:00;MT;163;902,3;CLAUDIA;Manobra de mudança de faixa;Colisão frontal;Com Vítimas Fatais;Pleno dia;Crescente;Céu Claro;Simples;Reta;Não;4;1;0;2;0;6;2;8;-11,294333;-55,319841;SPRF-MT;DEL06-MT;UOP02-DEL06-MT
613877;01/07/2024;segunda-feira;05:00:00;SC;116;209;PONTE ALTA;Animais na Pista;Atropelamento de Animal;Com Vítimas Feridas;Plena Noite;Crescente;Nublado;Simples;Reta;Não;3;0;1;0;1;1;1;2;-27,49607258;-50,37005465;SPRF-SC;DEL05-SC;UOP03-DEL05-SC
613880;12/07/2024;sexta-feira;07:00:00;PR;153;523;GENERAL CARNEIRO;Acesso irregular;Colisão transversal;Com Vítimas Feridas;Amanhecer;Crescente;Garoa/Chuvisco;Simples;Reta;Não;5;0;1;0;3;2;1;4;-26,60847174;-51,47593617;SPRF-PR;DEL02-PR;UOP03-DEL02-PR
613882;11/07/2024;quinta-feira;23:00:00;RO;429;83;ALVORADA DOESTE;Ingestão de álcool pelo condutor;Tombamento;Com Vítimas Feridas;Plena Noite;Decrescente;Céu Claro;Simples;Reta;Não;2;0;1;0;0;3;1;4;-11,2873475;-62,23079157;SPRF-RO;DEL02-RO;UOP03-DEL02-RO
613884;12/07/2024;sexta-feira;08:45:00;AL;104;8,5;SAO JOSE DA LAJE;Condutor Dormindo;Colisão frontal;Com Vítimas Feridas;Pleno dia;Crescente;Garoa/Chuvisco;Simples;Curva;Não;5;0;1;0;2;2;1;3;-8,96386265;-36,02023815;SPRF-AL;DEL01-AL;UOP02-DEL01-AL
613885;02/07/2024;terça-feira;07:35:00;MS;60;426,5;SIDROLANDIA;Acessar a via sem observar a presença dos outros veículos;Colisão traseira;Com Vítimas Feridas;Pleno dia;Crescente;Céu Claro;Dupla;Rotatória;Sim;2;0;1;0;1;0;1;2;-20,93616918;-54,96170372;SPRF-MS;DEL01-MS;UOP04-DEL01-MS
613890;12/07/2024;sexta-feira;10:30:00;PR;277;124,9;CAMPO LARGO;Acessar a via sem observar a presença dos outros veículos;Colisão lateral mesmo sentido;Sem Vítimas;Pleno dia;Decrescente;Garoa/Chuvisco;Dupla;Curva;Não;3;0;0;0;1;4;0;5;-25,44663809;-49,48877001;SPRF-PR;DEL03-PR;UOP03-DEL03-PR
613894;12/07/2024;sexta-feira;09:23:00;MT;364;497;JANGADA;Conversão proibida;Colisão transversal;Com Vítimas Feridas;Pleno dia;Decrescente;Céu Claro;Simples;Reta;Não;3;0;1;0;1;5;1;7;-15,2702463;-56,4491103;SPRF-MT;DEL01-MT;UOP01-DEL01-MT
613895;12/07/2024;sexta-feira;10:45:00;CE;20;401,7;CAUCAIA;Condutor deixou de manter distância do veículo da frente;Colisão traseira;Com Vítimas Feridas;Pleno dia;Crescente;Sol;Simples;Reta;Não;3;0;0;1;2;0;1;3;-3,79347474;-38,70838217;SPRF-CE;DEL01-CE;UOP01-DEL01-CE
613896;12/07/2024;sexta-feira;06:00:00;PE;232;235,8;PESQUEIRA;Ausência de reação do condutor;Tombamento;Sem Vítimas;Amanhecer;Decrescente;Nublado;Simples;"Declive;Curva";Não;2;0;0;0;0;4;0;4;-8,40846848;-36,91974495;SPRF-PE;DEL04-PE;UOP02-DEL04-PE
613901;10/07/2024;quarta-feira;10:35:00;GO;153;324,2;RIANAPOLIS;Condutor deixou de manter distância do veículo da frente;Colisão traseira;Sem Vítimas;Pleno dia;Decrescente;Céu Claro;Simples;"Aclive;Em Obras";Não;5;0;0;0;3;2;0;4;-15,481514;-49,493187;SPRF-GO;DEL02-GO;UOP02-DEL02-GO
613903;12/07/2024;sexta-feira;07:30:00;MG;381;362;JOAO MONLEVADE;Velocidade Incompatível;Capotamento;Com Vítimas Feridas;Pleno dia;Crescente;Céu Claro;Simples;"Declive;Curva";Não;6;0;1;1;4;0;2;1;-19,85643939;-43,24280693;SPRF-MG;DEL03-MG;UOP01-DEL03-MG
613912;12/07/2024;sexta-feira;11:40:00;GO;364;278;MINEIROS;Demais falhas na via;Tombamento;Com Vítimas Feridas;Pleno dia;Decrescente;Céu Claro;Simples;"Reta;Declive";Não;2;0;1;0;0;2;1;3;-17,637932;-52,371918;SPRF-GO;DEL05-GO;UOP01-DEL05-GO
613913;12/07/2024;sexta-feira;08:00:00;PA;163;575;TRAIRAO;Acessar a via sem observar a presença dos outros veículos;Colisão transversal;Com Vítimas Feridas;Pleno dia;Crescente;Céu Claro;Simples;Reta;Sim;3;0;0;1;1;3;1;5;-5,0168803;-56,18685813;SPRF-PA;DEL05-PA;UOP02-DEL05-PA
613915;02/06/2024;domingo;20:30:00;PI;316;78;MIGUEL LEAO;Acessar a via sem observar a presença dos outros veículos;Colisão traseira;Com Vítimas Fatais;Plena Noite;Crescente;Céu Claro;Simples;"Aclive;Reta";Não;2;1;0;0;0;1;0;2;-5,72722978;-42,60684409;SPRF-PI;DEL01-PI;UOP02-DEL01-PI
613919;12/07/2024;sexta-feira;13:36:00;PB;230;35,6;SANTA RITA;Demais falhas mecânicas ou elétricas;Colisão com objeto;Com Vítimas Feridas;Pleno dia;Decrescente;Céu Claro;Dupla;"Declive;Reta";Sim;2;0;1;0;1;0;1;1;-7,1268;-34,9412;SPRF-PB;DEL01-PB;UOP01-DEL01-PB
613920;12/07/2024;sexta-feira;13:55:00;PR;163;228;CASCAVEL;Avarias e/ou desgaste excessivo no pneu;Saída de leito carroçável;Com Vítimas Fatais;Pleno dia;Decrescente;Chuva;Dupla;Reta;Sim;5;1;1;0;2;2;1;5;-24,81933355;-53,65619291;SPRF-PR;DEL04-PR;UOP01-DEL04-PR
613922;13/06/2024;quinta-feira;21:10:00;MG;381;334;NOVA ERA;Ausência de reação do condutor;Eventos atípicos;Com Vítimas Fatais;Plena Noite;Decrescente;Céu Claro;Simples;"Declive;Curva";Não;2;1;0;0;0;1;0;2;-19,81025584;-43,06303471;SPRF-MG;DEL03-MG;UOP01-DEL03-MG
613923;12/07/2024;sexta-feira;13:45:00;MG;40;505,2;RIBEIRAO DAS NEVES;Manobra de mudança de faixa;Colisão traseira;Com Vítimas Feridas;Pleno dia;Decrescente;Céu Claro;Dupla;Aclive;Não;4;0;2;0;2;0;2;2;-19,73838088;-44,14935661;SPRF-MG;DEL02-MG;UOP01-DEL02-MG
613924;04/07/2024;quinta-feira;12:40:00;PE;232;62;POMBOS;Problema com o freio;Tombamento;Com Vítimas Feridas;Pleno dia;Decrescente;Sol;Dupla;"Declive;Curva";Não;1;0;0;1;0;0;1;1;-8,15598579;-35,42308007;SPRF-PE;DEL02-PE;UOP02-DEL02PE
613926;12/07/2024;sexta-feira;10:30:00;MT;158;667,5;NOVA XAVANTINA;Ausência de reação do condutor;Tombamento;Sem Vítimas;Pleno dia;Crescente;Sol;Simples;Curva;Não;2;0;0;0;1;2;0;3;-14,78128582;-52,32029658;SPRF-MT;DEL07-MT;UOP01-DEL07-MT
613931;12/07/2024;sexta-feira;11:10:00;SC;282;452;PONTE SERRADA;Ultrapassagem Indevida;Colisão lateral sentido oposto;Com Vítimas Feridas;Pleno dia;Decrescente;Nublado;Dupla;Reta;Não;15;0;1;0;13;1;1;5;-26,90612;-51,970417;SPRF-SC;DEL07-SC;UOP04-DEL07-SC
613932;12/07/2024;sexta-feira;14:30:00;PR;277;586,4;CASCAVEL;Desrespeitar a preferência no cruzamento;Colisão transversal;Com Vítimas Feridas;Pleno dia;Crescente;Chuva;Simples;"Declive;Interseção de Vias";Sim;4;0;1;0;2;2;1;4;-24,96693;-53,4246;SPRF-PR;DEL04-PR;UOP01-DEL04-PR
613933;12/07/2024;sexta-feira;14:40:00;MG;381;442;SABARA;Ausência de reação do condutor;Engavetamento;Com Vítimas Feridas;Pleno dia;Decrescente;Céu Claro;Simples;"Declive;Reta";Não;5;0;2;0;2;1;2;4;-19,8183901;-43,81131985;SPRF-MG;DEL01-MG;UOP01-DEL01-MG
613935;12/07/2024;sexta-feira;15:00:00;ES;101;200,7;JOAO NEIVA;Transitar na contramão;Colisão frontal;Com Vítimas Feridas;Pleno dia;Decrescente;Céu Claro;Simples;Reta;Sim;3;0;1;0;1;1;1;3;-19,72573895;-40,35645808;SPRF-ES;DEL04-ES;UOP01-DEL04-ES
613941;12/07/2024;sexta-feira;12:50:00;MG;381;882,9;ESTIVA;Manobra de mudança de faixa;Colisão lateral mesmo sentido;Sem Vítimas;Pleno dia;Crescente;Céu Claro;Dupla;Reta;Não;3;0;0;0;2;2;0;4;-22,48501497;-46,01094246;SPRF-MG;DEL16-MG;UOP03-DEL16-MG
613943;12/07/2024;sexta-feira;15:45:00;PA;10;201,3;IPIXUNA DO PARA;Reação tardia ou ineficiente do condutor;Colisão traseira;Com Vítimas Fatais;Pleno dia;Crescente;Céu Claro;Simples;"Declive;Reta";Não;6;4;0;1;1;0;1;3;-2,67214493;-47,47363364;SPRF-PA;DEL02-PA;UOP01-DEL02-PA
613944;12/07/2024;sexta-feira;15:20:00;MG;381;942,2;EXTREMA;Manobra de mudança de faixa;Colisão lateral mesmo sentido;Com Vítimas Feridas;Pleno dia;Crescente;Céu Claro;Múltipla;Reta;Não;4;0;1;0;1;2;1;3;-22,86605937;-46,34940386;SPRF-MG;DEL16-MG;UOP03-DEL16-MG
613945;12/07/2024;sexta-feira;15:15:00;RS;386;75,7;BOA VISTA DAS MISSOES;Transitar na contramão;Colisão lateral sentido oposto;Com Vítimas Feridas;Pleno dia;Decrescente;Nublado;Simples;Curva;Não;3;0;1;0;1;1;1;3;-27,69136;-53,30323;SPRF-RS;DEL08-RS;UOP02-DEL08-RS
613946;12/07/2024;sexta-feira;10:00:00;MT;70;311;DOM AQUINO;Reação tardia ou ineficiente do condutor;Tombamento;Com Vítimas Feridas;Pleno dia;Crescente;Sol;Simples;Curva;Não;2;0;1;0;0;1;1;2;-15,553928;-54,604352;SPRF-MT;DEL05-MT;UOP01-DEL05-MT
613953;12/07/2024;sexta-feira;13:50:00;MA;10;326;ACAILANDIA;Transitar na contramão;Colisão lateral sentido oposto;Com Vítimas Feridas;Pleno dia;Crescente;Céu Claro;Simples;Reta;Não;3;0;1;0;1;2;1;4;-4,899301;-47,510666;SPRF-MA;DEL04-MA;UOP03-DEL04-MA
613955;12/07/2024;sexta-feira;17:35:00;SE;235;37,8;AREIA BRANCA;Demais falhas mecânicas ou elétricas;Colisão frontal;Com Vítimas Fatais;Anoitecer;Decrescente;Nublado;Simples;Reta;Não;6;1;1;2;1;1;3;3;-10,769654;-37,337318;SPRF-SE;DEL01-SE;UOP02-DEL01-SE
613956;12/07/2024;sexta-feira;16:25:00;MG;40;481,5;SETE LAGOAS;Carga excessiva e/ou mal acondicionada;Derramamento de carga;Com Vítimas Feridas;Pleno dia;Crescente;Sol;Dupla;Reta;Não;3;0;1;0;1;1;1;2;-19,553385;-44,243587;SPRF-MG;DEL02-MG;UOP01-DEL02-MG
613973;12/07/2024;sexta-feira;13:00:00;MG;116;577;MANHUACU;Reação tardia ou ineficiente do condutor;Tombamento;Sem Vítimas;Pleno dia;Decrescente;Céu Claro;Simples;"Declive;Curva";Não;2;0;0;0;1;1;0;2;-20,161295;-42,189066;SPRF-MG;DEL06-MG;UOP03-DEL06-MG
613974;12/07/2024;sexta-feira;18:00:00;ES;101;269;SERRA;Ausência de reação do condutor;Colisão traseira;Com Vítimas Feridas;Anoitecer;Crescente;Céu Claro;Múltipla;Reta;Sim;2;0;1;0;1;0;1;2;-20,21740496;-40,26990578;SPRF-ES;DEL02-ES;UOP01-DEL02-ES
613977;12/07/2024;sexta-feira;15:15:00;TO;226;26;PALMEIRAS DO TOCANTINS;Transitar na contramão;Colisão frontal;Com Vítimas Fatais;Pleno dia;Decrescente;Céu Claro;Simples;Reta;Não;3;1;0;1;1;0;1;3;-6,641345;-47,667072;SPRF-TO;DEL02-TO;UOP03-DEL02-TO
613988;12/07/2024;sexta-feira;18:45:00;DF;251;58;BRASILIA;Acessar a via sem observar a presença dos outros veículos;Colisão transversal;Com Vítimas Feridas;Plena Noite;Decrescente;Céu Claro;Simples;Reta;Não;2;0;1;0;1;0;1;2;-15,948113;-47,845235;SPRF-DF;DEL01-DF;UOP01-DEL01-DF
613991;12/07/2024;sexta-feira;19:15:00;SC;158;113,4;CUNHA PORA;Ingestão de álcool pelo condutor;Colisão frontal;Com Vítimas Feridas;Plena Noite;Decrescente;Céu Claro;Simples;Reta;Sim;3;0;1;0;1;2;1;4;-26,8975781;-53,18893433;SPRF-SC;DEL07-SC;UOP02-DEL07-SC
613996;12/07/2024;sexta-feira;17:30:00;PI;316;313;PICOS;Ausência de reação do condutor;Atropelamento de Pedestre;Com Vítimas Feridas;Plena Noite;Decrescente;Céu Claro;Simples;Reta;Sim;4;0;0;1;2;1;1;4;-7,07959049;-41,44975182;SPRF-PI;DEL04-PI;UOP01-DEL04-PI
613999;12/07/2024;sexta-feira;19:00:00;MS;60;138;CAMAPUA;Condutor Dormindo;Saída de leito carroçável;Com Vítimas Feridas;Plena Noite;Decrescente;Céu Claro;Simples;Reta;Não;2;0;1;0;0;1;1;2;-19,36437013;-53,56042492;SPRF-MS;DEL06-MS;UOP02-DEL06-MS
614005;12/07/2024;sexta-feira;15:00:00;MT;163;933;ITAUBA;Pedestre andava na pista;Atropelamento de Pedestre;Com Vítimas Feridas;Pleno dia;Crescente;Céu Claro;Simples;"Reta;Em Obras";Não;3;0;0;1;1;1;1;2;-11,033412;-55,267057;SPRF-MT;DEL06-MT;UOP02-DEL06-MT
614011;12/07/2024;sexta-feira;19:50:00;PR;376;624;SAO JOSE DOS PINHAIS;Acessar a via sem observar a presença dos outros veículos;Atropelamento de Pedestre;Com Vítimas Feridas;Plena Noite;Crescente;Garoa/Chuvisco;Dupla;Reta;Não;3;0;1;0;2;0;1;3;-25,64336599;-49,15942795;SPRF-PR;DEL01-PR;UOP04-DEL01-PR
614015;12/07/2024;sexta-feira;20:40:00;BA;324;607;SIMOES FILHO;Deficiência do Sistema de Iluminação/Sinalização;Colisão traseira;Com Vítimas Feridas;Plena Noite;Crescente;Céu Claro;Dupla;"Aclive;Reta";Não;3;0;1;0;2;0;1;2;-12,814712;-38,405832;SPRF-BA;DEL01-BA;UOP01-DEL01-BA
614017;12/07/2024;sexta-feira;20:50:00;SP;116;186;SANTA ISABEL;Reação tardia ou ineficiente do condutor;Colisão frontal;Com Vítimas Feridas;Plena Noite;Crescente;Garoa/Chuvisco;Dupla;Reta;Sim;4;0;1;0;2;1;1;3;-23,35220682;-46,19934905;SPRF-SP;DEL01-SP;UOP01-DEL01-SP
614018;12/07/2024;sexta-feira;19:00:00;PB;116;11,5;CACHOEIRA DOS INDIOS;Pista Escorregadia;Saída de leito carroçável;Com Vítimas Feridas;Plena Noite;Decrescente;Garoa/Chuvisco;Simples;Reta;Não;1;0;1;0;0;0;1;1;-6,985178;-38,744354;SPRF-CE;DEL05-CE;UOP03-DEL05-CE
614021;12/07/2024;sexta-feira;18:30:00;PB;361;38,8;CATINGUEIRA;Ausência de reação do condutor;Saída de leito carroçável;Com Vítimas Feridas;Plena Noite;Decrescente;Nublado;Simples;Reta;Não;1;0;1;0;0;0;1;1;-7,09174654;-37,58068209;SPRF-PB;DEL03-PB;UOP01-DEL03-PB
614023;12/07/2024;sexta-feira;19:15:00;PR;277;236,8;IRATI;Transitar na contramão;Colisão lateral sentido oposto;Com Vítimas Feridas;Plena Noite;Crescente;Chuva;Simples;Reta;Não;6;0;1;0;4;1;1;3;-25,460991;-50,601201;SPRF-PR;DEL08-PR;UOP02-DEL08-PR
614024;12/07/2024;sexta-feira;18:30:00;PR;280;284;FLOR DA SERRA DO SUL;Estacionar ou parar em local proibido;Colisão traseira;Com Vítimas Fatais;Plena Noite;Crescente;Nublado;Simples;Curva;Não;4;1;0;0;1;2;0;4;-26,23847999;-53,260151;SPRF-PR;DEL02-PR;UOP01-DEL02-PR
614026;12/07/2024;sexta-feira;16:45:00;MG;381;527,4;BRUMADINHO;Demais falhas mecânicas ou elétricas;Incêndio;Sem Vítimas;Anoitecer;Crescente;Céu Claro;Dupla;"Declive;Reta";Não;1;0;0;0;1;0;0;1;-20,16368096;-44,36025002;SPRF-MG;DEL04-MG;UOP03-DEL04-MG
614027;12/07/2024;sexta-feira;21:30:00;AL;423;90;DELMIRO GOUVEIA;Demais falhas mecânicas ou elétricas;Tombamento;Sem Vítimas;Plena Noite;Crescente;Céu Claro;Simples;Reta;Não;1;0;0;0;1;0;0;1;-9,36090753;-38,07148381;SPRF-BA;DEL07-BA;UOP01-DEL07-BA
614029;12/07/2024;sexta-feira;20:00:00;SC;101;214;PALHOCA;Condutor deixou de manter distância do veículo da frente;Colisão traseira;Com Vítimas Feridas;Plena Noite;Crescente;Céu Claro;Múltipla;Reta;Não;3;0;1;0;1;1;1;2;-27,64443;-48,67057;SPRF-SC;DEL01-SC;UOP02-DEL01-SC
614030;12/07/2024;sexta-feira;22:05:00;SC;101;201,2;SAO JOSE;Acessar a via sem observar a presença dos outros veículos;Colisão transversal;Com Vítimas Feridas;Plena Noite;Crescente;Nublado;Dupla;Reta;Sim;2;0;1;0;1;0;1;2;-27,55187122;-48,61980015;SPRF-SC;DEL01-SC;UOP01-DEL01-SC
614048;12/07/2024;sexta-feira;20:50:00;GO;153;655;GOIATUBA;Ausência de reação do condutor;Saída de leito carroçável;Sem Vítimas;Plena Noite;Crescente;Céu Claro;Dupla;Declive;Não;4;0;0;0;3;1;0;3;-18,0103;-49,2621;SPRF-GO;DEL03-GO;UOP01-DEL03-GO
614053;12/07/2024;sexta-feira;23:45:00;MT;364;348,1;SANTO ANTONIO DO LEVERGER;Demais falhas mecânicas ou elétricas;Incêndio;Sem Vítimas;Plena Noite;Decrescente;Nevoeiro/Neblina;Dupla;Reta;Não;2;0;0;0;1;1;0;2;-15,80324521;-55,56293488;SPRF-MT;DEL05-MT;UOP02-DEL05-MT
614058;13/07/2024;sábado;02:45:00;ES;262;32,4;DOMINGOS MARTINS;Transitar na contramão;Colisão lateral sentido oposto;Com Vítimas Feridas;Plena Noite;Decrescente;Nublado;Simples;Curva;Não;3;0;1;0;1;2;1;4;-20,37885575;-40,577728;SPRF-ES;DEL01-ES;UOP01-DEL01-ES
614059;13/07/2024;sábado;01:30:00;BA;101;19;RIO REAL;Iluminação deficiente;Saída de leito carroçável;Com Vítimas Feridas;Plena Noite;Decrescente;Garoa/Chuvisco;Dupla;"Declive;Reta";Não;2;0;0;1;0;1;1;2;-11,70104097;-37,90653104;SPRF-SE;DEL02-SE;UOP03-DEL02-SE