id;data_inversa;dia_semana;horario;uf;br;km;municipio;causa_acidente;tipo_acidente;classificacao_acidente;fase_dia;sentido_via;condicao_metereologica;tipo_pista;tracado_via;uso_solo;pessoas;mortos;feridos_leves;feridos_graves;ilesos;ignorados;feridos;veiculos;latitude;longitude;regional;delegacia;uop
614877;16/07/2024;terça-feira;18:15:00;RS;470;225;GARIBALDI;Condutor deixou de manter distância do veículo da frente;Colisão traseira;Sem Vítimas;Anoitecer;Crescente;Céu Claro;Simples;Rotatória;Sim;2;0;0;0;2;0;0;2;-29,24608527;-51,51615322;SPRF-RS;DEL06-RS;UOP01-DEL06-RS
614885;16/07/2024;terça-feira;15:00:00;BA;407;98;JAGUARARI;Ultrapassagem Indevida;Tombamento;Com Vítimas Feridas;Pleno dia;Crescente;Nublado;Simples;Reta;Não;2;0;1;0;1;0;1;1;-10,22018224;-40,21285144;SPRF-BA;DEL04-BA;UOP01-DEL04-BA
614889;16/07/2024;terça-feira;18:44:00;SP;116;152,7;SAO JOSE DOS CAMPOS;Ausência de reação do condutor;Colisão traseira;Com Vítimas Feridas;Plena Noite;Crescente;Céu Claro;Múltipla;Reta;Não;3;0;0;1;1;1;1;3;-23,22620401;-45,90682999;SPRF-SP;DEL02-SP;UOP01-DEL02-SP
614896;16/07/2024;terça-feira;16:30:00;PE;316;272;BELEM DE SAO FRANCISCO;Pista esburacada;Saída de leito carroçável;Com Vítimas Feridas;Anoitecer;Decrescente;Céu Claro;Simples;Reta;Não;1;0;1;0;0;0;1;1;-8,69563604;-38,84408298;SPRF-PE;DEL04-PE;UOP03-DEL04-PE
614897;16/07/2024;terça-feira;11:50:00;MG;40;143;JOAO PINHEIRO;Acessar a via sem observar a presença dos outros veículos;Colisão lateral mesmo sentido;Com Vítimas Feridas;Pleno dia;Crescente;Céu Claro;Simples;Reta;Sim;2;0;0;1;1;0;1;2;-17,7457975;-46,17842682;SPRF-MG;DEL14-MG;UOP01-DEL14-MG
614898;09/07/2024;terça-feira;06:30:00;MS;163;713;RIO VERDE DE MATO GROSSO;Demais falhas mecânicas ou elétricas;Colisão com objeto;Com Vítimas Feridas;Pleno dia;Crescente;Céu Claro;Simples;"Aclive;Reta";Não;9;0;0;1;7;1;1;2;-18,73077206;-54,81705577;SPRF-MS;DEL06-MS;UOP01-DEL06-MS
614900;16/07/2024;terça-feira;20:00:00;PR;163;152,5;SANTA LUCIA;Velocidade Incompatível;Saída de leito carroçável;Com Vítimas Feridas;Plena Noite;Decrescente;Céu Claro;Dupla;"Declive;Curva";Não;2;0;1;0;0;1;1;2;-25,40191702;-53,57498103;SPRF-PR;DEL05-PR;UOP05-DEL05-PR
614904;16/07/2024;terça-feira;18:15:00;SC;101;220,8;PALHOCA;Avarias e/ou desgaste excessivo no pneu;Tombamento;Com Vítimas Feridas;Plena Noite;Crescente;Chuva;Múltipla;Reta;Não;3;0;1;1;1;0;2;2;-27,69198941;-48,66368358;SPRF-SC;DEL01-SC;UOP02-DEL01-SC
614909;16/07/2024;terça-feira;20:20:00;MG;262;477,9;BOM DESPACHO;Acessar a via sem observar a presença dos outros veículos;Colisão transversal;Com Vítimas Feridas;Plena Noite;Decrescente;Céu Claro;Simples;"Interseção de Vias;Reta";Não;3;0;1;0;1;2;1;4;-19,78318046;-45,25989532;SPRF-MG;DEL08-MG;UOP03-DEL08-MG
614911;16/07/2024;terça-feira;21:00:00;SP;116;385;MIRACATU;Pedestre andava na pista;Atropelamento de Pedestre;Com Vítimas Fatais;Plena Noite;Crescente;Nublado;Dupla;Curva;Não;2;1;0;0;0;1;0;2;-24,25550304;-47,3758066;SPRF-SP;DEL04-SP;UOP02-DEL04-SP
614912;16/07/2024;terça-feira;20:40:00;PE;101;65;RECIFE;Condutor deixou de manter distância do veículo da frente;Engavetamento;Com Vítimas Feridas;Plena Noite;Decrescente;Céu Claro;Múltipla;Reta;Sim;4;0;1;0;3;0;1;3;-8,02478597;-34,94276635;SPRF-PE;DEL01-PE;UOP01-DEL01-PE
614913;16/07/2024;terça-feira;20:10:00;PR;487;24;ICARAIMA;Acessar a via sem observar a presença dos outros veículos;Colisão transversal;Com Vítimas Fatais;Plena Noite;Decrescente;Céu Claro;Simples;"Declive;Reta";Não;2;1;0;0;1;0;0;2;-23,39444331;-53,62589991;SPRF-PR;DEL06-PR;UOP03-DEL06-PR
614917;16/07/2024;terça-feira;08:00:00;RS;285;630;SANTO ANTONIO DAS MISSOES;Ausência de reação do condutor;Colisão traseira;Com Vítimas Fatais;Pleno dia;Crescente;Céu Claro;Simples;"Aclive;Reta;Em Obras";Não;7;1;1;0;4;4;1;8;-28,554987;-55,574394;SPRF-RS;DEL12-RS;UOP01-DEL12-RS
614921;16/07/2024;terça-feira;21:40:00;SC;153;75;IRANI;Deficiência do Sistema de Iluminação/Sinalização;Colisão traseira;Com Vítimas Feridas;Plena Noite;Crescente;Céu Claro;Simples;Reta;Não;2;0;1;0;0;1;1;2;-27,0849;-51,909855;SPRF-SC;DEL07-SC;UOP04-DEL07-SC
614923;16/07/2024;terça-feira;20:35:00;AL;101;46,2;FLEXEIRAS;Curva acentuada;Tombamento;Com Vítimas Feridas;Plena Noite;Decrescente;Céu Claro;Dupla;Reta;Não;2;0;1;0;0;1;1;2;-9,20881594;-35,78213197;SPRF-AL;DEL01-AL;UOP02-DEL01-AL
614932;16/07/2024;terça-feira;22:50:00;PR;277;431,9;VIRMOND;Velocidade Incompatível;Tombamento;Com Vítimas Feridas;Plena Noite;Decrescente;Céu Claro;Simples;"Declive;Curva";Não;2;0;0;1;0;1;1;2;-25,3784;-52,202767;SPRF-PR;DEL04-PR;UOP02-DEL04-PR
614943;17/07/2024;quarta-feira;02:50:00;RS;392;8,1;RIO GRANDE;Ultrapassagem Indevida;Tombamento;Com Vítimas Fatais;Plena Noite;Decrescente;Garoa/Chuvisco;Simples;Reta;Sim;3;1;0;0;1;1;0;3;-32,10246718;-52,11069415;SPRF-RS;DEL07-RS;UOP02-DEL07-RS
614944;17/07/2024;quarta-feira;01:30:00;PB;230;349;PATOS;Transitar na contramão;Colisão lateral sentido oposto;Com Vítimas Feridas;Plena Noite;Decrescente;Céu Claro;Simples;Aclive;Não;3;0;1;0;2;0;1;2;-6,9548;-37,3764;SPRF-PB;DEL03-PB;UOP01-DEL03-PB
614947;17/07/2024;quarta-feira;03:40:00;ES;101;201,2;JOAO NEIVA;Condutor Dormindo;Colisão traseira;Com Vítimas Feridas;Plena Noite;Decrescente;Nublado;Simples;"Em Obras;Reta";Não;4;0;2;0;1;1;2;3;-19,73362414;-40,36120476;SPRF-ES;DEL04-ES;UOP01-DEL04-ES
614953;17/07/2024;quarta-feira;03:20:00;RS;386;217,2;TIO HUGO;Demais falhas mecânicas ou elétricas;Incêndio;Sem Vítimas;Amanhecer;Decrescente;Céu Claro;Simples;Reta;Não;2;0;0;0;1;1;0;2;-28,592888;-52,603817;SPRF-RS;DEL04-RS;UOP03-DEL04-RS
614954;17/07/2024;quarta-feira;04:25:00;SC;101;21,5;JOINVILLE;Ausência de reação do condutor;Saída de leito carroçável;Com Vítimas Feridas;Plena Noite;Decrescente;Nublado;Dupla;Reta;Não;3;0;0;2;0;1;2;2;-26,146358;-48,907592;SPRF-SC;DEL03-SC;UOP01-DEL03-SC
614962;17/07/2024;quarta-feira;07:10:00;SC;101;203,5;SAO JOSE;Manobra de mudança de faixa;Colisão lateral mesmo sentido;Com Vítimas Feridas;Pleno dia;Decrescente;Nevoeiro/Neblina;Dupla;Reta;Sim;2;0;0;1;1;0;1;2;-27,5650044;-48,61460082;SPRF-SC;DEL01-SC;UOP01-DEL01-SC
614966;16/07/2024;terça-feira;19:22:00;RO;364;294;PRESIDENTE MEDICI;Ultrapassagem Indevida;Colisão lateral sentido oposto;Com Vítimas Feridas;Plena Noite;Crescente;Céu Claro;Simples;"Declive;Reta";Não;10;0;5;1;2;4;6;7;-11,29701584;-61,89403573;SPRF-RO;DEL02-RO;UOP01-DEL02-RO
614968;29/06/2024;sábado;16:40:00;PA;163;936,4;BELTERRA;Acostamento em desnível;Tombamento;Com Vítimas Feridas;Pleno dia;Crescente;Céu Claro;Simples;Curva;Sim;2;0;1;0;0;1;1;2;-2,92020695;-54,92463029;SPRF-PA;DEL05-PA;UOP01-DEL05-PA
614970;17/07/2024;quarta-feira;06:15:00;SP;116;97,5;PINDAMONHANGABA;Ausência de reação do condutor;Tombamento;Com Vítimas Feridas;Amanhecer;Crescente;Nublado;Dupla;Reta;Não;2;0;1;0;0;1;1;2;-22,97375666;-45,44726115;SPRF-SP;DEL08-SP;UOP01-DEL08-SP
614981;17/07/2024;quarta-feira;08:05:00;PR;116;8;CAMPINA GRANDE DO SUL;Velocidade Incompatível;Saída de leito carroçável;Com Vítimas Fatais;Pleno dia;Crescente;Nevoeiro/Neblina;Dupla;Curva;Não;2;1;0;0;0;1;0;2;-25,08123277;-48,62449108;SPRF-PR;DEL01-PR;UOP02-DEL01-PR
614982;17/07/2024;quarta-feira;08:17:00;RJ;116;226;PIRAI;Velocidade Incompatível;Tombamento;Sem Vítimas;Pleno dia;Decrescente;Nublado;Dupla;"Declive;Curva";Não;2;0;0;0;1;2;0;3;-22,67208078;-43,81789284;SPRF-RJ;DEL07-RJ;UOP01-DEL07-RJ
614986;17/07/2024;quarta-feira;08:50:00;MG;381;528;BRUMADINHO;Condutor deixou de manter distância do veículo da frente;Colisão traseira;Com Vítimas Feridas;Pleno dia;Crescente;Céu Claro;Dupla;"Declive;Curva";Não;18;0;15;0;2;3;15;5;-20,164665;-44,337003;SPRF-MG;DEL04-MG;UOP03-DEL04-MG
614987;17/07/2024;quarta-feira;08:10:00;PR;277;456;LARANJEIRAS DO SUL;Demais falhas mecânicas ou elétricas;Incêndio;Sem Vítimas;Pleno dia;Decrescente;Céu Claro;Simples;"Aclive;Curva";Não;2;0;0;0;1;1;0;2;-25,38522325;-52,42473865;SPRF-PR;DEL04-PR;UOP02-DEL04-PR
614988;17/07/2024;quarta-feira;08:00:00;MT;163;859;SINOP;Demais falhas mecânicas ou elétricas;Incêndio;Sem Vítimas;Pleno dia;Crescente;Céu Claro;Simples;Reta;Não;2;0;0;0;1;1;0;2;-11,65953393;-55,44222057;SPRF-MT;DEL06-MT;UOP02-DEL06-MT
614994;17/07/2024;quarta-feira;06:50:00;PR;376;326,5;ORTIGUEIRA;Velocidade Incompatível;Saída de leito carroçável;Com Vítimas Feridas;Amanhecer;Crescente;Céu Claro;Simples;Curva;Não;2;0;1;0;0;1;1;2;-24,066;-51,064;SPRF-PR;DEL07-PR;UOP02-DEL07-PR
614996;17/07/2024;quarta-feira;09:46:00;PI;343;344,2;TERESINA;Ausência de reação do condutor;Colisão lateral mesmo sentido;Com Vítimas Fatais;Pleno dia;Decrescente;Céu Claro;Simples;Reta;Sim;2;1;0;0;0;1;0;2;-5,09945949;-42,76486874;SPRF-PI;DEL01-PI;UOP01-DEL01-PI
614997;27/06/2024;quinta-feira;11:30:00;PR;476;213,1;LAPA;Velocidade Incompatível;Saída de leito carroçável;Com Vítimas Feridas;Pleno dia;Crescente;Céu Claro;Simples;"Aclive;Curva";Não;2;0;0;1;0;1;1;2;-25,780325;-49,877598;SPRF-PR;DEL01-PR;UOP06-DEL01-PR
614999;17/07/2024;quarta-feira;07:30:00;MG;262;15,4;MARTINS SOARES;Ausência de reação do condutor;Tombamento;Com Vítimas Feridas;Pleno dia;Decrescente;Céu Claro;Simples;"Declive;Reta";Não;2;0;1;0;0;1;1;2;-20,26054008;-41,87631604;SPRF-MG;DEL06-MG;UOP03-DEL06-MG
615000;17/07/2024;quarta-feira;10:06:00;MS;163;481;CAMPO GRANDE;Reação tardia ou ineficiente do condutor;Colisão lateral mesmo sentido;Sem Vítimas;Pleno dia;Decrescente;Céu Claro;Simples;Interseção de Vias;Não;2;0;0;0;2;0;0;2;-20,46326392;-54,55503702;SPRF-MS;DEL01-MS;UOP01-DEL01-MS
615002;17/07/2024;quarta-feira;09:30:00;AL;101;73;MESSIAS;Reação tardia ou ineficiente do condutor;Tombamento;Com Vítimas Feridas;Pleno dia;Decrescente;Céu Claro;Dupla;"Curva;Retorno Regulamentado";Não;2;0;0;1;1;0;1;2;-9,38720792;-35,8364428;SPRF-AL;DEL01-AL;UOP01-DEL01-AL
615004;17/07/2024;quarta-feira;11:30:00;RS;116;171,5;CAXIAS DO SUL;Acesso irregular;Colisão transversal;Com Vítimas Feridas;Pleno dia;Decrescente;Céu Claro;Simples;Reta;Sim;3;0;1;0;2;0;1;2;-29,30863186;-51,16752332;SPRF-RS;DEL05-RS;UOP02-DEL05-RS
615008;17/07/2024;quarta-feira;12:30:00;SC;280;10;SAO FRANCISCO DO SUL;Trafegar com motocicleta (ou similar) entre as faixas;Colisão lateral mesmo sentido;Com Vítimas Feridas;Pleno dia;Crescente;Céu Claro;Simples;Rotatória;Não;3;0;0;1;1;1;1;3;-26,29625399;-48,64238799;SPRF-SC;DEL03-SC;UOP03-DEL03-SC
615010;17/07/2024;quarta-feira;12:00:00;PE;101;73,1;RECIFE;Acessar a via sem observar a presença dos outros veículos;Colisão lateral mesmo sentido;Com Vítimas Feridas;Pleno dia;Crescente;Céu Claro;Dupla;Reta;Sim;2;0;0;1;0;1;1;2;-8,094235;-34,948371;SPRF-PE;DEL01-PE;UOP01-DEL01-PE
615011;17/07/2024;quarta-feira;09:45:00;SP;116;550;BARRA DO TURVO;Reação tardia ou ineficiente do condutor;Tombamento;Com Vítimas Feridas;Pleno dia;Decrescente;Céu Claro;Dupla;Curva;Não;2;0;1;0;0;1;1;2;-24,95749618;-48,46440871;SPRF-SP;DEL05-SP;UOP02-DEL05-SP
615013;17/07/2024;quarta-feira;10:35:00;BA;324;326;FEIRA DE SANTANA;Desrespeitar a preferência no cruzamento;Colisão lateral mesmo sentido;Com Vítimas Feridas;Pleno dia;Crescente;Céu Claro;Dupla;Reta;Sim;3;0;1;0;1;1;1;3;-12,31613985;-38,87780797;SPRF-BA;DEL04-BA;UOP02-DEL04-BA
615014;17/07/2024;quarta-feira;11:30:00;PB;230;287,7;SANTA LUZIA;Reação tardia ou ineficiente do condutor;Saída de leito carroçável;Com Vítimas Feridas;Pleno dia;Crescente;Céu Claro;Simples;Reta;Não;2;0;0;1;1;0;1;1;-6,8929;-36,8861;SPRF-PB;DEL03-PB;UOP01-DEL03-PB
615022;17/07/2024;quarta-feira;13:15:00;MT;163;818,3;SINOP;Condutor deixou de manter distância do veículo da frente;Colisão lateral mesmo sentido;Com Vítimas Feridas;Pleno dia;Crescente;Céu Claro;Simples;Reta;Não;4;0;2;0;1;8;2;11;-12,01096767;-55,51710952;SPRF-MT;DEL06-MT;UOP02-DEL06-MT
615023;15/07/2024;segunda-feira;12:24:00;MG;146;486,7;POCOS DE CALDAS;Reação tardia ou ineficiente do condutor;Colisão lateral mesmo sentido;Com Vítimas Feridas;Pleno dia;Crescente;Céu Claro;Simples;Rotatória;Sim;2;0;1;0;1;0;1;2;-21,80761964;-46,47150278;SPRF-MG;DEL09-MG;UOP01-DEL09-MG
615024;17/07/2024;quarta-feira;12:05:00;SP;153;159;PROMISSAO;Acessar a via sem observar a presença dos outros veículos;Atropelamento de Pedestre;Com Vítimas Fatais;Pleno dia;Crescente;Céu Claro;Simples;Reta;Não;4;1;0;0;2;1;0;2;-21,49830402;-49,78000966;SPRF-SP;DEL07-SP;UOP01-DEL07-SP
615028;17/07/2024;quarta-feira;14:15:00;DF;20;4;BRASILIA;Condutor deixou de manter distância do veículo da frente;Colisão traseira;Com Vítimas Feridas;Pleno dia;Decrescente;Sol;Dupla;"Aclive;Reta";Sim;3;0;0;1;2;0;1;3;-15,675484;-47,823761;SPRF-DF;DEL02-DF;UOP01-DEL02-DF
615032;17/07/2024;quarta-feira;06:00:00;PE;408;37,4;ALIANCA;Reação tardia ou ineficiente do condutor;Tombamento;Com Vítimas Feridas;Pleno dia;Crescente;Céu Claro;Simples;"Curva;Declive";Não;1;0;1;0;0;0;1;1;-7,62704413;-35,24453391;SPRF-PE;DEL01-PE;UOP02-DEL01-PE
615034;17/07/2024;quarta-feira;10:30:00;PE;428;99,4;SANTA MARIA DA BOA VISTA;Demais falhas mecânicas ou elétricas;Incêndio;Sem Vítimas;Pleno dia;Crescente;Céu Claro;Simples;"Reta;Declive";Não;2;0;0;0;1;1;0;2;-8,832965;-39,950046;SPRF-PE;DEL06-PE;UOP03-DEL06-PE
615037;17/07/2024;quarta-feira;14:30:00;PR;277;127;CAMPO LARGO;Reação tardia ou ineficiente do condutor;Saída de leito carroçável;Com Vítimas Feridas;Pleno dia;Crescente;Sol;Dupla;"Aclive;Reta";Não;3;0;0;1;1;2;1;3;-25,4702;-49,61122;SPRF-PR;DEL03-PR;UOP03-DEL03-PR
615038;17/07/2024;quarta-feira;14:10:00;AL;101;81,1;RIO LARGO;Ausência de reação do condutor;Saída de leito carroçável;Com Vítimas Feridas;Pleno dia;Decrescente;Nublado;Dupla;"Aclive;Reta";Não;1;0;0;1;0;0;1;1;-9,44701176;-35,851915;SPRF-AL;DEL01-AL;UOP01-DEL01-AL
615041;17/07/2024;quarta-feira;13:20:00;PR;277;309,4;GUARAPUAVA;Reação tardia ou ineficiente do condutor;Tombamento;Com Vítimas Feridas;Pleno dia;Decrescente;Céu Claro;Simples;"Declive;Curva";Não;5;0;1;0;3;1;1;4;-25,30744633;-51,21083736;SPRF-PR;DEL08-PR;UOP01-DEL08-PR
615042;17/07/2024;quarta-feira;15:50:00;CE;116;3,5;FORTALEZA;Manobra de mudança de faixa;Colisão lateral mesmo sentido;Com Vítimas Fatais;Pleno dia;Crescente;Céu Claro;Múltipla;Reta;Sim;3;1;1;0;1;0;1;3;-3,77866493;-38,51490171;SPRF-CE;DEL01-CE;UOP02-DEL01-CE
615044;17/07/2024;quarta-feira;15:30:00;MG;381;942;EXTREMA;Acessar a via sem observar a presença dos outros veículos;Colisão transversal;Com Vítimas Feridas;Pleno dia;Crescente;Céu Claro;Dupla;Reta;Não;2;0;0;1;1;0;1;2;-22,87007;-46,357949;SPRF-MG;DEL16-MG;UOP03-DEL16-MG
615049;17/07/2024;quarta-feira;14:20:00;SC;280;28;ARAQUARI;Acessar a via sem observar a presença dos outros veículos;Colisão transversal;Com Vítimas Feridas;Pleno dia;Decrescente;Sol;Simples;Reta;Sim;4;0;1;0;2;1;1;4;-26,40450077;-48,74561031;SPRF-SC;DEL03-SC;UOP03-DEL03-SC
615055;17/07/2024;quarta-feira;16:15:00;MT;158;538,4;AGUA BOA;Ausência de reação do condutor;Tombamento;Sem Vítimas;Pleno dia;Decrescente;Céu Claro;Simples;Curva;Não;2;0;0;0;1;3;0;4;-13,82544302;-52,03866031;SPRF-MT;DEL07-MT;UOP02-DEL07-MT
615056;17/07/2024;quarta-feira;16:05:00;PR;277;111;CAMPO LARGO;Reação tardia ou ineficiente do condutor;Colisão traseira;Com Vítimas Feridas;Pleno dia;Decrescente;Céu Claro;Dupla;Curva;Sim;3;0;1;0;1;2;1;4;-25,44405259;-49,46617418;SPRF-PR;DEL03-PR;UOP03-DEL03-PR
615061;17/07/2024;quarta-feira;17:30:00;SP;116;209,7;GUARULHOS;Trafegar com motocicleta (ou similar) entre as faixas;Colisão lateral mesmo sentido;Com Vítimas Feridas;Anoitecer;Decrescente;Nublado;Múltipla;"Declive;Reta";Não;4;0;3;0;1;0;3;4;-23,42511799;-46,40221101;SPRF-SP;DEL01-SP;UOP01-DEL01-SP
615062;17/07/2024;quarta-feira;12:30:00;MG;116;424,9;ALPERCATA;Demais falhas na via;Colisão com objeto;Com Vítimas Feridas;Pleno dia;Decrescente;Sol;Simples;Reta;Não;1;0;1;0;0;0;1;1;-18,97690994;-41,98253806;SPRF-MG;DEL06-MG;UOP01-DEL06-MG
615064;17/07/2024;quarta-feira;15:50:00;MT;70;268;PRIMAVERA DO LESTE;Transitar na contramão;Colisão lateral sentido oposto;Com Vítimas Feridas;Pleno dia;Decrescente;Céu Claro;Simples;Curva;Não;3;0;1;0;1;1;1;2;-15,53676818;-54,19777526;SPRF-MT;DEL05-MT;UOP01-DEL05-MT
615069;17/07/2024;quarta-feira;17:57:00;PB;230;83,9;CALDAS BRANDAO;Ausência de reação do condutor;Colisão traseira;Com Vítimas Feridas;Plena Noite;Decrescente;Nublado;Dupla;Reta;Sim;2;0;0;1;1;0;1;2;-7,1669;-35,3355;SPRF-PB;DEL01-PB;UOP03-DEL01-PB
615072;17/07/2024;quarta-feira;14:20:00;GO;452;173;ITUMBIARA;Demais falhas mecânicas ou elétricas;Incêndio;Sem Vítimas;Pleno dia;Crescente;Céu Claro;Simples;Reta;Não;2;0;0;0;1;1;0;2;-18,34558398;-49,403355;SPRF-GO;DEL03-GO;UOP02-DEL03-GO
615081;17/07/2024;quarta-feira;19:00:00;PR;163;351;GUAIRA;Condutor deixou de manter distância do veículo da frente;Colisão traseira;Com Vítimas Feridas;Plena Noite;Decrescente;Céu Claro;Simples;"Reta;Ponte";Não;2;0;1;0;1;0;1;2;-24,069567;-54,249766;SPRF-PR;DEL06-PR;UOP01-DEL06-PR
615083;17/07/2024;quarta-feira;17:50:00;PR;116;152;MANDIRITUBA;Acessar a via sem observar a presença dos outros veículos;Colisão transversal;Com Vítimas Feridas;Anoitecer;Crescente;Céu Claro;Simples;Rotatória;Sim;4;0;1;0;2;1;1;3;-25,86230045;-49,3619067;SPRF-PR;DEL01-PR;UOP03-DEL01-PR
615091;17/07/2024;quarta-feira;11:30:00;SC;116;124,3;SANTA CECILIA;Demais falhas mecânicas ou elétricas;Colisão lateral sentido oposto;Com Vítimas Feridas;Pleno dia;Crescente;Céu Claro;Simples;"Declive;Curva";Não;3;0;1;0;1;2;1;4;-26,98647529;-50,39438169;SPRF-SC;DEL06-SC;UOP02-DEL06-SC
615098;17/07/2024;quarta-feira;11:30:00;MG;40;103;LAGOA GRANDE;Transitar na contramão;Colisão frontal;Com Vítimas Feridas;Pleno dia;Decrescente;Céu Claro;Simples;Reta;Não;2;0;1;1;0;0;2;2;-17,58176394;-46,4892959;SPRF-MG;DEL14-MG;UOP01-DEL14-MG
615099;17/07/2024;quarta-feira;18:05:00;PE;232;208,7;PESQUEIRA;Manobra de mudança de faixa;Colisão lateral sentido oposto;Com Vítimas Feridas;Plena Noite;Decrescente;Chuva;Simples;Reta;Sim;3;0;0;1;1;1;1;3;-8,367115;-36,685749;SPRF-PE;DEL03-PE;UOP02-DEL03-PE
615105;17/07/2024;quarta-feira;15:10:00;MG;40;109;LAGOA GRANDE;Acessar a via sem observar a presença dos outros veículos;Colisão transversal;Com Vítimas Fatais;Pleno dia;Decrescente;Céu Claro;Simples;"Interseção de Vias;Reta";Não;5;1;0;1;1;3;1;5;-17,62754496;-46,45967794;SPRF-MG;DEL14-MG;UOP01-DEL14-MG
615107;17/07/2024;quarta-feira;21:05:00;RS;386;244,2;SOLEDADE;Acesso irregular;Colisão frontal;Com Vítimas Feridas;Plena Noite;Decrescente;Céu Claro;Simples;Reta;Sim;3;0;1;0;1;1;1;3;-28,796595;-52,517769;SPRF-RS;DEL04-RS;UOP03-DEL04-RS
615112;17/07/2024;quarta-feira;21:50:00;MG;381;635,7;SANTO ANTONIO DO AMPARO;Pedestre andava na pista;Atropelamento de Pedestre;Com Vítimas Fatais;Plena Noite;Decrescente;Nublado;Dupla;"Curva;Aclive";Não;3;1;0;0;1;1;0;3;-20,864989;-44,840868;SPRF-MG;DEL04-MG;UOP01-DEL04-MG
615114;17/07/2024;quarta-feira;21:08:00;BA;116;633;JAGUAQUARA;Ingestão de álcool pelo condutor;Colisão frontal;Sem Vítimas;Plena Noite;Crescente;Céu Claro;Simples;Reta;Sim;5;0;0;0;4;3;0;7;-13,47539479;-40,03995749;SPRF-BA;DEL03-BA;UOP01-DEL03-BA
615117;17/07/2024;quarta-feira;17:40:00;MT;174;166;PORTO ESPERIDIAO;Acessar a via sem observar a presença dos outros veículos;Colisão lateral mesmo sentido;Com Vítimas Feridas;Plena Noite;Crescente;Céu Claro;Simples;Reta;Não;3;0;1;0;1;1;1;3;-15,83365538;-58,4412477;SPRF-MT;DEL03-MT;UOP01-DEL03-MT
615122;17/07/2024;quarta-feira;18:40:00;PI;343;218;CAPITAO DE CAMPOS;Ausência de sinalização;Colisão transversal;Com Vítimas Feridas;Plena Noite;Decrescente;Céu Claro;Simples;Reta;Não;3;0;1;0;2;0;1;3;-4,496431;-41,953682;SPRF-PI;DEL01-PI;UOP03-DEL01-PI
615123;17/07/2024;quarta-feira;21:00:00;BA;116;241;QUIJINGUE;Reação tardia ou ineficiente do condutor;Saída de leito carroçável;Com Vítimas Feridas;Plena Noite;Decrescente;Céu Claro;Simples;Reta;Não;3;0;0;1;1;1;1;2;-10,70214289;-38,92905375;SPRF-BA;DEL07-BA;UOP02-DEL07-BA
615124;17/07/2024;quarta-feira;21:40:00;PR;116;90,9;PIRAQUARA;Reação tardia ou ineficiente do condutor;Colisão traseira;Com Vítimas Fatais;Plena Noite;Crescente;Céu Claro;Dupla;"Interseção de Vias;Declive;Reta";Não;3;1;0;0;1;1;0;3;-25,49736;-49,117685;SPRF-PR;DEL01-PR;UOP07-DEL01-PR
615128;17/07/2024;quarta-feira;20:40:00;RJ;116;272,1;VOLTA REDONDA;Reação tardia ou ineficiente do condutor;Tombamento;Com Vítimas Feridas;Plena Noite;Crescente;Nublado;Dupla;"Aclive;Curva";Sim;2;0;0;1;0;1;1;2;-22,55606865;-44,13021704;SPRF-RJ;DEL07-RJ;UOP02-DEL07-RJ
615132;03/06/2024;segunda-feira;19:30:00;PR;277;5;PARANAGUA;Manobra de mudança de faixa;Colisão traseira;Com Vítimas Feridas;Plena Noite;Crescente;Garoa/Chuvisco;Dupla;Reta;Não;11;0;10;0;0;3;10;9;-25,55845156;-48,57315302;SPRF-PR;DEL01-PR;UOP05-DEL01-PR
615134;18/07/2024;quinta-feira;00:12:00;PE;232;24;MORENO;Avarias e/ou desgaste excessivo no pneu;Saída de leito carroçável;Com Vítimas Feridas;Plena Noite;Decrescente;Céu Claro;Dupla;Reta;Não;3;0;1;0;2;0;1;1;-8,10482918;-35,10351264;SPRF-PE;DEL01-PE;UOP01-DEL01-PE
615136;18/07/2024;quinta-feira;00:30:00;PR;158;507;CORONEL VIVIDA;Velocidade Incompatível;Saída de leito carroçável;Com Vítimas Feridas;Plena Noite;Decrescente;Nevoeiro/Neblina;Simples;Curva;Não;3;0;2;0;0;1;2;2;-26,02180124;-52,57733183;SPRF-PR;DEL02-PR;UOP01-DEL02-PR
615137;18/07/2024;quinta-feira;00:30:00;RJ;116;180;MESQUITA;Suicídio (presumido);Atropelamento de Pedestre;Com Vítimas Fatais;Plena Noite;Decrescente;Nublado;Múltipla;Reta;Sim;2;1;0;0;0;1;0;2;-22,7651616;-43,4154728;SPRF-RJ;DEL06-RJ;UOP01-DEL06-RJ
615139;18/07/2024;quinta-feira;01:19:00;GO;50;262;CATALAO;Reação tardia ou ineficiente do condutor;Colisão com objeto;Com Vítimas Feridas;Plena Noite;Crescente;Céu Claro;Dupla;Reta;Não;2;0;1;0;0;1;1;2;-18,0438;-47,8596;SPRF-GO;DEL06-GO;UOP01-DEL06-GO
615141;18/07/2024;quinta-feira;01:50:00;ES;101;56;SAO MATEUS;Ausência de reação do condutor;Saída de leito carroçável;Com Vítimas Feridas;Plena Noite;Crescente;Céu Claro;Simples;Reta;Não;2;0;1;0;0;2;1;3;-18,63807206;-39,87666322;SPRF-ES;DEL04-ES;UOP02-DEL04-ES