id;data_inversa;dia_semana;horario;uf;br;km;municipio;causa_acidente;tipo_acidente;classificacao_acidente;fase_dia;sentido_via;condicao_metereologica;tipo_pista;tracado_via;uso_solo;pessoas;mortos;feridos_leves;feridos_graves;ilesos;ignorados;feridos;veiculos;latitude;longitude;regional;delegacia;uop
616281;22/07/2024;segunda-feira;20:05:00;MG;153;83,5;PRATA;Deficiência do Sistema de Iluminação/Sinalização;Colisão traseira;Com Vítimas Feridas;Plena Noite;Crescente;Céu Claro;Simples;"Aclive;Reta";Não;2;0;1;0;1;0;1;2;-19,08815127;-48,99176131;SPRF-MG;DEL15-MG;UOP03-DEL15-MG
616285;22/07/2024;segunda-feira;22:33:00;PB;101;51,8;RIO TINTO;Ausência de reação do condutor;Saída de leito carroçável;Com Vítimas Feridas;Plena Noite;Decrescente;Céu Claro;Dupla;"Reta;Aclive";Não;1;0;0;1;0;0;1;1;-6,93035382;-35,10376671;SPRF-PB;DEL01-PB;UOP04-DEL01-PB
616286;22/07/2024;segunda-feira;23:20:00;SP;116;461;PARIQUERA-ACU;Ausência de reação do condutor;Tombamento;Com Vítimas Feridas;Plena Noite;Crescente;Nevoeiro/Neblina;Simples;"Retorno Regulamentado;Viaduto";Não;2;0;1;0;0;1;1;2;-24,61672184;-47,88933615;SPRF-SP;DEL05-SP;UOP01-DEL05-SP
616289;22/07/2024;segunda-feira;21:30:00;PR;163;132;CAPITAO LEONIDAS MARQUES;Ingestão de álcool pelo condutor;Tombamento;Com Vítimas Feridas;Plena Noite;Decrescente;Céu Claro;Simples;Curva;Não;2;0;0;1;0;1;1;2;-25,561159;-53,580816;SPRF-PR;DEL05-PR;UOP05-DEL05-PR
616292;23/07/2024;terça-feira;01:20:00;PE;101;40,5;IGARASSU;Condutor deixou de manter distância do veículo da frente;Colisão traseira;Com Vítimas Feridas;Plena Noite;Crescente;Céu Claro;Dupla;Reta;Sim;9;0;5;0;3;1;5;4;-7,821475;-34,916545;SPRF-PE;DEL01-PE;UOP02-DEL01-PE
616293;22/07/2024;segunda-feira;23:00:00;MG;116;158,2;PONTO DOS VOLANTES;Ausência de reação do condutor;Colisão com objeto;Com Vítimas Feridas;Plena Noite;Decrescente;Céu Claro;Simples;"Declive;Curva";Não;1;0;1;0;0;0;1;1;-16,91731403;-41,4671292;SPRF-MG;DEL11-MG;UOP02-DEL11-MG
616298;22/07/2024;segunda-feira;20:15:00;MG;40;737;SANTOS DUMONT;Velocidade Incompatível;Tombamento;Com Vítimas Fatais;Plena Noite;Crescente;Céu Claro;Simples;Curva;Não;1;1;0;0;0;0;0;1;-21,38296999;-43,57033542;SPRF-MG;DEL05-MG;UOP01-DEL05-MG
616302;23/07/2024;terça-feira;05:50:00;SP;116;290;ITAPECERICA DA SERRA;Objeto estático sobre o leito carroçável;Engavetamento;Com Vítimas Feridas;Amanhecer;Decrescente;Céu Claro;Dupla;Reta;Sim;5;0;1;0;4;0;1;5;-23,7303281;-46,89425963;SPRF-SP;DEL04-SP;UOP01-DEL04-SP
616305;23/07/2024;terça-feira;00:20:00;SP;116;514;CAJATI;Reação tardia ou ineficiente do condutor;Colisão lateral mesmo sentido;Com Vítimas Fatais;Plena Noite;Decrescente;Céu Claro;Simples;"Declive;Curva";Não;4;2;0;0;1;1;0;3;-24,85874304;-48,21731282;SPRF-SP;DEL05-SP;UOP02-DEL05-SP
616307;23/07/2024;terça-feira;06:30:00;BA;116;762,3;POCOES;Estacionar ou parar em local proibido;Colisão lateral mesmo sentido;Com Vítimas Feridas;Pleno dia;Decrescente;Céu Claro;Simples;Reta;Não;4;0;2;0;1;1;2;3;-14,55282247;-40,40455386;SPRF-BA;DEL08-BA;UOP02-DEL08-BA
616309;23/07/2024;terça-feira;07:17:00;ES;101;153;LINHARES;Manobra de mudança de faixa;Colisão lateral sentido oposto;Com Vítimas Feridas;Pleno dia;Crescente;Céu Claro;Simples;Reta;Não;3;0;1;0;1;1;1;3;-19,423338;-40,07872401;SPRF-ES;DEL04-ES;UOP01-DEL04-ES
616312;23/07/2024;terça-feira;06:55:00;RS;290;30,3;SANTO ANTONIO DA PATRULHA;Condutor Dormindo;Saída de leito carroçável;Com Vítimas Fatais;Amanhecer;Decrescente;Céu Claro;Múltipla;Reta;Não;1;1;0;0;0;0;0;1;-29,883583;-50,555428;SPRF-RS;DEL03-RS;UOP01-DEL03-RS
616320;23/07/2024;terça-feira;07:40:00;RN;427;24,5;ACARI;Curva acentuada;Saída de leito carroçável;Com Vítimas Feridas;Pleno dia;Crescente;Céu Claro;Simples;"Declive;Curva";Não;2;0;1;0;0;1;1;2;-6,40454932;-36,63795173;SPRF-RN;DEL03-RN;UOP02-DEL03-RN
616321;23/07/2024;terça-feira;08:30:00;SC;101;298,5;LAGUNA;Reação tardia ou ineficiente do condutor;Colisão traseira;Com Vítimas Feridas;Pleno dia;Decrescente;Céu Claro;Múltipla;Reta;Não;3;0;1;0;1;1;1;3;-28,35076704;-48,73925149;SPRF-SC;DEL02-SC;UOP03-DEL02-SC
616323;23/07/2024;terça-feira;08:30:00;RS;448;12;CANOAS;Velocidade Incompatível;Engavetamento;Com Vítimas Feridas;Pleno dia;Decrescente;Nevoeiro/Neblina;Dupla;Reta;Não;8;0;2;1;4;1;3;5;-29,914507;-51,236031;SPRF-RS;DEL01-RS;UOP01-DEL01-RS
616327;30/06/2024;domingo;09:45:00;GO;364;384,3;SANTA RITA DO ARAGUAIA;Ausência de reação do condutor;Colisão frontal;Com Vítimas Feridas;Pleno dia;Crescente;Céu Claro;Simples;Reta;Não;4;0;1;1;1;2;2;4;-17,336027;-53,186886;SPRF-GO;DEL05-GO;UOP01-DEL05-GO
616333;23/07/2024;terça-feira;09:20:00;PR;116;27;CAMPINA GRANDE DO SUL;Condutor Dormindo;Saída de leito carroçável;Com Vítimas Feridas;Pleno dia;Decrescente;Sol;Múltipla;Curva;Não;2;0;1;0;0;1;1;2;-25,10840189;-48,79505902;SPRF-PR;DEL01-PR;UOP02-DEL01-PR
616335;23/07/2024;terça-feira;10:30:00;CE;116;172,9;RUSSAS;Demais falhas mecânicas ou elétricas;Tombamento;Com Vítimas Feridas;Pleno dia;Crescente;Céu Claro;Simples;Reta;Não;2;0;0;1;0;1;1;2;-4,9974291;-38,04117988;SPRF-CE;DEL03-CE;UOP01-DEL03-CE
616340;23/07/2024;terça-feira;10:40:00;CE;304;62;ARACATI;Condutor Dormindo;Colisão lateral sentido oposto;Com Vítimas Feridas;Pleno dia;Crescente;Céu Claro;Dupla;Reta;Sim;3;0;0;1;2;0;1;2;-4,60614604;-37,66304905;SPRF-CE;DEL03-CE;UOP03-DEL03-CE
616343;23/07/2024;terça-feira;11:15:00;SC;101;257;PAULO LOPES;Demais falhas mecânicas ou elétricas;Saída de leito carroçável;Com Vítimas Feridas;Pleno dia;Decrescente;Céu Claro;Dupla;"Declive;Curva";Não;2;0;1;0;0;1;1;2;-27,99701205;-48,68755194;SPRF-SC;DEL02-SC;UOP03-DEL02-SC
616347;23/07/2024;terça-feira;11:30:00;MG;40;480,5;SETE LAGOAS;Ausência de reação do condutor;Colisão lateral mesmo sentido;Com Vítimas Feridas;Pleno dia;Crescente;Céu Claro;Dupla;"Curva;Aclive";Não;2;0;1;0;1;0;1;2;-19,54293519;-44,2485434;SPRF-MG;DEL02-MG;UOP01-DEL02-MG
616348;23/07/2024;terça-feira;10:45:00;BA;116;11;VITORIA DA CONQUISTA;Condutor deixou de manter distância do veículo da frente;Colisão lateral mesmo sentido;Sem Vítimas;Pleno dia;Crescente;Céu Claro;Simples;Interseção de Vias;Não;2;0;0;0;2;0;0;2;-14,87320657;-40,8715117;SPRF-PE;DEL05-PE;UOP03-DEL05-PE
616351;23/07/2024;terça-feira;11:00:00;MS;376;109;IVINHEMA;Ausência de reação do condutor;Saída de leito carroçável;Com Vítimas Feridas;Pleno dia;Crescente;Céu Claro;Simples;Reta;Não;2;0;1;0;0;2;1;3;-22,29326164;-53,92626601;SPRF-MS;DEL04-MS;UOP04-DEL04-MS
616353;23/07/2024;terça-feira;11:00:00;SC;101;119;ITAJAI;Ausência de reação do condutor;Colisão traseira;Com Vítimas Feridas;Pleno dia;Crescente;Céu Claro;Múltipla;Reta;Sim;3;0;1;0;1;1;1;3;-26,9043179;-48,71555481;SPRF-SC;DEL04-SC;UOP04-DEL04-SC
616358;23/07/2024;terça-feira;12:50:00;MG;356;267,3;MURIAE;Falta de acostamento;Colisão lateral mesmo sentido;Com Vítimas Feridas;Pleno dia;Crescente;Sol;Simples;Interseção de Vias;Não;2;0;1;0;0;1;1;2;-21,12544572;-42,35358976;SPRF-MG;DEL07-MG;UOP02-DEL07-MG
616364;23/07/2024;terça-feira;13:00:00;RN;101;106;PARNAMIRIM;Acessar a via sem observar a presença dos outros veículos;Colisão transversal;Com Vítimas Feridas;Pleno dia;Crescente;Céu Claro;Dupla;Reta;Sim;2;0;1;0;1;0;1;2;-5,91056401;-35,26130795;SPRF-RN;DEL01-RN;UOP01-DEL01-RN
616366;23/07/2024;terça-feira;11:47:00;RO;364;374;OURO PRETO DO OESTE;Transitar na contramão;Colisão lateral sentido oposto;Com Vítimas Feridas;Pleno dia;Crescente;Sol;Simples;Reta;Não;2;0;0;1;1;0;1;2;-10,74495491;-62,17830295;SPRF-RO;DEL02-RO;UOP01-DEL02-RO
616373;22/07/2024;segunda-feira;14:15:00;BA;101;124;PEDRAO;Demais falhas mecânicas ou elétricas;Incêndio;Sem Vítimas;Pleno dia;Decrescente;Céu Claro;Simples;Reta;Não;2;0;0;0;1;2;0;3;-12,18981903;-38,58636194;SPRF-BA;DEL01-BA;UOP04-DEL01-BA
616377;19/07/2024;sexta-feira;16:30:00;BA;242;352,4;LENCOIS;Reação tardia ou ineficiente do condutor;Colisão lateral sentido oposto;Com Vítimas Feridas;Pleno dia;Decrescente;Céu Claro;Simples;"Declive;Curva";Não;8;0;1;1;5;2;2;4;-12,49857081;-41,33159186;SPRF-BA;DEL06-BA;UOP01-DEL06-BA
616382;23/07/2024;terça-feira;14:40:00;PR;376;182;MARINGA;Acessar a via sem observar a presença dos outros veículos;Colisão transversal;Com Vítimas Feridas;Pleno dia;Crescente;Sol;Dupla;"Interseção de Vias;Rotatória;Curva";Sim;2;0;1;0;1;0;1;2;-23,43222156;-51,88734412;SPRF-PR;DEL09-PR;UOP01-DEL09-PR
616385;23/07/2024;terça-feira;14:16:00;PE;232;103;BEZERROS;Acessar a via sem observar a presença dos outros veículos;Colisão lateral mesmo sentido;Com Vítimas Feridas;Pleno dia;Decrescente;Céu Claro;Dupla;Reta;Não;3;0;2;0;0;2;2;4;-8,25219029;-35,76584983;SPRF-PE;DEL02-PE;UOP02-DEL02PE
616392;23/07/2024;terça-feira;09:05:00;MG;381;248;SANTANA DO PARAISO;Condutor deixou de manter distância do veículo da frente;Colisão traseira;Com Vítimas Feridas;Pleno dia;Crescente;Céu Claro;Simples;Reta;Não;2;0;1;0;1;0;1;2;-19,4431832;-42,5129056;SPRF-MG;DEL06-MG;UOP01-DEL06-MG
616395;23/07/2024;terça-feira;15:55:00;MG;40;514;RIBEIRAO DAS NEVES;Velocidade Incompatível;Colisão traseira;Com Vítimas Feridas;Pleno dia;Decrescente;Céu Claro;Dupla;Reta;Sim;4;0;0;1;2;2;1;5;-19,80151928;-44,10000333;SPRF-MG;DEL01-MG;UOP02-DEL01-MG
616397;23/07/2024;terça-feira;14:43:00;RO;319;61;PORTO VELHO;Reação tardia ou ineficiente do condutor;Colisão lateral mesmo sentido;Sem Vítimas;Pleno dia;Decrescente;Sol;Múltipla;Rotatória;Sim;3;0;0;0;2;3;0;5;-8,74016113;-63,88987541;SPRF-RO;DEL01-RO;UOP01-DEL01-RO
616398;23/07/2024;terça-feira;13:00:00;AL;101;69,6;MESSIAS;Reação tardia ou ineficiente do condutor;Tombamento;Sem Vítimas;Pleno dia;Decrescente;Céu Claro;Dupla;Curva;Não;2;0;0;0;1;1;0;2;-9,28599114;-35,80320663;SPRF-AL;DEL01-AL;UOP02-DEL01-AL
616399;23/07/2024;terça-feira;15:20:00;RS;116;222;DOIS IRMAOS;Retorno proibido;Colisão frontal;Com Vítimas Feridas;Pleno dia;Crescente;Céu Claro;Simples;Reta;Sim;2;0;1;0;1;0;1;2;-29,58096695;-51,09515511;SPRF-RS;DEL01-RS;UOP02-DEL01-RS
616402;18/03/2024;segunda-feira;06:59:00;GO;60;20;ALEXANIA;Ausência de reação do condutor;Colisão traseira;Com Vítimas Feridas;Pleno dia;Crescente;Céu Claro;Dupla;"Aclive;Reta";Sim;2;0;1;0;1;0;1;2;-16,09671386;-48,52012552;SPRF-DF;DEL03-DF;UOP01-DEL03-DF
616403;23/07/2024;terça-feira;15:45:00;PR;158;527,8;PATO BRANCO;Estacionar ou parar em local proibido;Colisão traseira;Com Vítimas Feridas;Pleno dia;Decrescente;Céu Claro;Dupla;Curva;Não;21;0;6;0;14;1;6;3;-26,17891;-52,662678;SPRF-PR;DEL02-PR;UOP01-DEL02-PR
616407;23/07/2024;terça-feira;17:27:00;PE;407;122,1;PETROLINA;Acessar a via sem observar a presença dos outros veículos;Colisão frontal;Com Vítimas Feridas;Pleno dia;Decrescente;Céu Claro;Simples;"Reta;Em Obras";Não;2;0;0;1;0;1;1;2;-9,356172;-40,549112;SPRF-PE;DEL06-PE;UOP01-DEL06-PE
616410;23/07/2024;terça-feira;14:30:00;RO;435;120,7;CEREJEIRAS;Objeto estático sobre o leito carroçável;Tombamento;Com Vítimas Feridas;Pleno dia;Crescente;Céu Claro;Simples;Reta;Não;3;0;2;0;0;1;2;2;-13,18559264;-60,78330497;SPRF-RO;DEL04-RO;UOP02-DEL04-RO
616425;23/07/2024;terça-feira;18:50:00;PR;376;181;MARINGA;Condutor deixou de manter distância do veículo da frente;Colisão traseira;Com Vítimas Feridas;Plena Noite;Crescente;Céu Claro;Dupla;Reta;Sim;2;0;1;0;1;0;1;2;-23,43197477;-51,88671852;SPRF-PR;DEL09-PR;UOP01-DEL09-PR
616426;23/07/2024;terça-feira;18:35:00;PA;316;150;CAPANEMA;Condutor usando celular;Colisão transversal;Com Vítimas Feridas;Plena Noite;Decrescente;Nublado;Simples;Reta;Não;2;0;1;0;1;0;1;2;-1,215274;-47,19026;SPRF-PA;DEL01-PA;UOP03-DEL01-PA
616430;23/07/2024;terça-feira;19:00:00;CE;116;19;ITAITINGA;Condutor deixou de manter distância do veículo da frente;Colisão traseira;Sem Vítimas;Plena Noite;Crescente;Céu Claro;Dupla;Reta;Sim;4;0;0;0;3;1;0;4;-3,91384397;-38,50667231;SPRF-CE;DEL01-CE;UOP02-DEL01-CE
616435;23/07/2024;terça-feira;16:50:00;MS;262;740;CORUMBA;Manobra de mudança de faixa;Colisão lateral mesmo sentido;Sem Vítimas;Pleno dia;Decrescente;Sol;Simples;Reta;Não;4;0;0;0;3;1;0;3;-19,30600754;-57,60400259;SPRF-MS;DEL03-MS;UOP03-DEL03-MS
616437;23/07/2024;terça-feira;19:30:00;SC;101;208,4;SAO JOSE;Reação tardia ou ineficiente do condutor;Colisão traseira;Com Vítimas Feridas;Plena Noite;Decrescente;Céu Claro;Múltipla;Reta;Sim;4;0;0;1;2;1;1;4;-27,60327979;-48,63201818;SPRF-SC;DEL01-SC;UOP01-DEL01-SC
616438;23/07/2024;terça-feira;15:40:00;RO;421;53;MONTE NEGRO;Transitar na contramão;Colisão frontal;Com Vítimas Fatais;Pleno dia;Crescente;Céu Claro;Simples;"Aclive;Reta;Em Obras";Não;2;1;1;0;0;0;1;2;-10,282966;-63,313168;SPRF-RO;DEL03-RO;UOP01-DEL03-RO
616445;23/07/2024;terça-feira;17:40:00;MG;153;9;ARAPORA;Manobra de mudança de faixa;Colisão lateral mesmo sentido;Com Vítimas Feridas;Pleno dia;Crescente;Céu Claro;Dupla;Reta;Não;2;0;1;0;0;1;1;2;-18,49690399;-49,18880024;SPRF-MG;DEL15-MG;UOP03-DEL15-MG
616446;23/07/2024;terça-feira;18:30:00;BA;101;278;LAJE;Ultrapassagem Indevida;Colisão lateral sentido oposto;Com Vítimas Feridas;Plena Noite;Decrescente;Céu Claro;Simples;Aclive;Não;5;0;3;0;1;1;3;4;-13,20820402;-39,32291594;SPRF-BA;DEL01-BA;UOP02-DEL01-BA
616452;23/07/2024;terça-feira;20:10:00;MT;364;600;DIAMANTINO;Demais falhas mecânicas ou elétricas;Incêndio;Sem Vítimas;Plena Noite;Crescente;Céu Claro;Simples;Reta;Não;3;0;0;0;2;2;0;3;-14,50980608;-56,2257026;SPRF-MT;DEL01-MT;UOP01-DEL01-MT
616464;23/07/2024;terça-feira;21:00:00;SC;282;112;ALFREDO WAGNER;Ingestão de álcool pelo condutor;Colisão frontal;Com Vítimas Feridas;Plena Noite;Decrescente;Céu Claro;Simples;Aclive;Não;2;0;0;1;1;0;1;2;-27,734867;-49,376289;SPRF-SC;DEL01-SC;UOP03-DEL01-SC
616465;23/07/2024;terça-feira;17:40:00;RS;386;308;POUSO NOVO;Reação tardia ou ineficiente do condutor;Tombamento;Sem Vítimas;Pleno dia;Decrescente;Céu Claro;Simples;"Declive;Curva";Não;2;0;0;0;1;3;0;4;-29,209391;-52,178665;SPRF-RS;DEL04-RS;UOP01-DEL04-RS
616466;23/07/2024;terça-feira;21:55:00;SC;280;45,1;GUARAMIRIM;Transitar na contramão;Colisão transversal;Com Vítimas Feridas;Plena Noite;Crescente;Céu Claro;Dupla;"Em Obras;Desvio Temporário;Reta";Não;3;0;1;0;1;2;1;4;-26,45236168;-48,89788602;SPRF-SC;DEL03-SC;UOP03-DEL03-SC
616468;07/07/2024;domingo;18:10:00;MG;40;556;NOVA LIMA;Transitar no Acostamento;Colisão lateral mesmo sentido;Sem Vítimas;Plena Noite;Decrescente;Céu Claro;Múltipla;Reta;Sim;4;0;0;0;3;1;0;4;-20,09356202;-43,97554136;SPRF-MG;DEL01-MG;UOP02-DEL01-MG
616472;24/07/2024;quarta-feira;00:46:00;SC;101;216,4;PALHOCA;Ingestão de álcool pelo condutor;Colisão traseira;Com Vítimas Feridas;Plena Noite;Crescente;Céu Claro;Múltipla;Reta;Sim;6;0;4;0;1;3;4;5;-27,65981409;-48,67747798;SPRF-SC;DEL01-SC;UOP02-DEL01-SC
616473;24/07/2024;quarta-feira;00:00:00;PR;376;439,8;TIBAGI;Velocidade Incompatível;Tombamento;Com Vítimas Feridas;Plena Noite;Decrescente;Céu Claro;Dupla;Curva;Não;1;0;1;0;0;0;1;1;-24,80490308;-50,48851848;SPRF-PR;DEL03-PR;UOP02-DEL03-PR
616477;23/07/2024;terça-feira;21:00:00;GO;70;394;MONTES CLAROS DE GOIAS;Reação tardia ou ineficiente do condutor;Colisão traseira;Com Vítimas Feridas;Plena Noite;Decrescente;Céu Claro;Simples;Reta;Não;3;0;0;1;1;4;1;6;-15,87449747;-51,52553558;SPRF-GO;DEL04-GO;UOP02-DEL04-GO
616479;24/07/2024;quarta-feira;01:55:00;SC;282;218,9;LAGES;Suicídio (presumido);Atropelamento de Pedestre;Com Vítimas Fatais;Plena Noite;Crescente;Céu Claro;Múltipla;"Aclive;Reta;Viaduto";Sim;3;1;0;0;1;1;0;3;-27,79760951;-50,31116009;SPRF-SC;DEL05-SC;UOP01-DEL05-SC
616482;24/07/2024;quarta-feira;03:40:00;RS;116;0;PORTO ALEGRE;Ingestão de álcool pelo condutor;Colisão lateral mesmo sentido;Sem Vítimas;Plena Noite;Decrescente;Céu Claro;Dupla;Curva;Sim;3;0;0;0;3;0;0;2;-29,96981846;-51,17635421;SPRF-RS;DEL01-RS;UOP01-DEL01-RS
616484;24/07/2024;quarta-feira;03:15:00;MG;153;10,1;ARAPORA;Condutor Dormindo;Saída de leito carroçável;Com Vítimas Feridas;Plena Noite;Decrescente;Céu Claro;Dupla;Reta;Não;5;0;2;0;1;2;2;3;-18,50602699;-49,18897335;SPRF-MG;DEL15-MG;UOP03-DEL15-MG
616487;24/07/2024;quarta-feira;03:15:00;SP;116;567;BARRA DO TURVO;Reação tardia ou ineficiente do condutor;Tombamento;Com Vítimas Feridas;Plena Noite;Decrescente;Céu Claro;Dupla;Curva;Não;2;0;1;0;0;1;1;2;-25,0475499;-48,55355172;SPRF-SP;DEL05-SP;UOP02-DEL05-SP
616493;23/07/2024;terça-feira;16:40:00;PR;373;432;CHOPINZINHO;Reação tardia ou ineficiente do condutor;Saída de leito carroçável;Sem Vítimas;Anoitecer;Decrescente;Céu Claro;Simples;Curva;Não;2;0;0;0;1;1;0;2;-25,7538398;-52,25069915;SPRF-PR;DEL02-PR;UOP01-DEL02-PR
616494;24/07/2024;quarta-feira;04:40:00;SC;470;159,2;TROMBUDO CENTRAL;Ausência de reação do condutor;Colisão transversal;Com Vítimas Fatais;Plena Noite;Decrescente;Nevoeiro/Neblina;Simples;Reta;Sim;3;1;0;0;1;1;0;3;-27,28643333;-49,79195952;SPRF-SC;DEL04-SC;UOP02-DEL04-SC
616497;23/07/2024;terça-feira;23:00:00;RJ;116;33;SAPUCAIA;Velocidade Incompatível;Colisão traseira;Com Vítimas Feridas;Plena Noite;Decrescente;Céu Claro;Simples;"Declive;Em Obras;Reta";Não;4;0;1;1;2;0;2;2;-22,0861171;-42,81208992;SPRF-RJ;DEL05-RJ;UOP01-DEL05-RJ
616501;24/07/2024;quarta-feira;05:00:00;MS;163;307;RIO BRILHANTE;Condutor Dormindo;Colisão lateral sentido oposto;Com Vítimas Feridas;Plena Noite;Crescente;Céu Claro;Simples;Reta;Não;2;0;1;0;1;0;1;2;-21,919735;-54,53499;SPRF-MS;DEL02-MS;UOP02-DEL02-MS
616503;24/07/2024;quarta-feira;05:00:00;PR;476;274;SAO MATEUS DO SUL;Condutor Dormindo;Tombamento;Com Vítimas Feridas;Amanhecer;Crescente;Nevoeiro/Neblina;Simples;Viaduto;Sim;2;0;1;0;0;1;1;2;-25,893393;-50,377842;SPRF-PR;DEL02-PR;UOP03-DEL02-PR
616505;24/07/2024;quarta-feira;04:05:00;RJ;116;180;RIO DE JANEIRO;Reação tardia ou ineficiente do condutor;Tombamento;Sem Vítimas;Plena Noite;Decrescente;Céu Claro;Dupla;"Declive;Reta";Sim;2;0;0;0;1;1;0;2;-22,8044817;-43,3452064;SPRF-RJ;DEL06-RJ;UOP01-DEL06-RJ
616512;24/07/2024;quarta-feira;07:30:00;PR;116;127;FAZENDA RIO GRANDE;Trafegar com motocicleta (ou similar) entre as faixas;Engavetamento;Com Vítimas Feridas;Pleno dia;Decrescente;Nublado;Dupla;Reta;Sim;5;0;2;0;2;2;2;6;-25,612752;-49,31859701;SPRF-PR;DEL01-PR;UOP03-DEL01-PR
616515;24/07/2024;quarta-feira;08:00:00;GO;153;506,7;GOIANIA;Reação tardia ou ineficiente do condutor;Colisão traseira;Com Vítimas Feridas;Pleno dia;Decrescente;Céu Claro;Dupla;Reta;Sim;6;0;0;3;2;1;3;6;-16,7633;-49,24;SPRF-GO;DEL01-GO;UOP01-DEL01-GO
616516;24/07/2024;quarta-feira;05:30:00;SP;116;551;BARRA DO TURVO;Velocidade Incompatível;Tombamento;Com Vítimas Feridas;Amanhecer;Decrescente;Céu Claro;Simples;Curva;Não;4;0;2;0;1;1;2;2;-24,96100521;-48,47172494;SPRF-SP;DEL05-SP;UOP02-DEL05-SP
616531;24/07/2024;quarta-feira;09:00:00;SE;101;67;MARUIM;Ausência de reação do condutor;Colisão lateral sentido oposto;Com Vítimas Feridas;Pleno dia;Decrescente;Nublado;Simples;"Reta;Aclive";Não;3;0;1;0;1;2;1;4;-10,71880732;-37,0657947;SPRF-SE;DEL01-SE;UOP01-DEL01-SE
616533;24/07/2024;quarta-feira;09:17:00;GO;70;12;AGUAS LINDAS DE GOIAS;Reação tardia ou ineficiente do condutor;Colisão traseira;Com Vítimas Feridas;Pleno dia;Crescente;Céu Claro;Múltipla;Reta;Não;2;0;1;0;1;0;1;2;-15,74037077;-48,3103523;SPRF-DF;DEL03-DF;UOP02-DEL03-DF
616534;24/07/2024;quarta-feira;06:30:00;PI;135;500;MONTE ALEGRE DO PIAUI;Transitar na contramão;Colisão frontal;Com Vítimas Fatais;Pleno dia;Crescente;Céu Claro;Simples;Curva;Não;2;1;0;0;1;0;0;2;-9,73827734;-45,26741798;SPRF-PI;DEL03-PI;UOP02-DEL03-PI
616535;24/07/2024;quarta-feira;09:45:00;PE;232;121;CARUARU;Reação tardia ou ineficiente do condutor;Colisão traseira;Sem Vítimas;Pleno dia;Crescente;Céu Claro;Dupla;Reta;Não;3;0;0;0;3;0;0;3;-8,30018257;-35,91071184;SPRF-PE;DEL02-PE;UOP01-DEL02-PE
616541;24/07/2024;quarta-feira;09:00:00;AL;101;114;PILAR;Transitar na contramão;Colisão frontal;Com Vítimas Feridas;Pleno dia;Crescente;Céu Claro;Simples;Reta;Não;3;0;1;0;1;1;1;3;-9,63663301;-36,03046002;SPRF-AL;DEL02-AL;UOP01-DEL02-AL
616542;24/07/2024;quarta-feira;10:20:00;ES;259;99;BAIXO GUANDU;Velocidade Incompatível;Colisão traseira;Sem Vítimas;Pleno dia;Decrescente;Céu Claro;Dupla;"Rotatória;Em Obras";Sim;3;0;0;0;2;2;0;4;-19,51537377;-40,98652397;SPRF-ES;DEL02-ES;UOP01-DEL02-ES
616544;19/02/2024;segunda-feira;19:45:00;RJ;116;273;BARRA MANSA;Ausência de reação do condutor;Colisão traseira;Com Vítimas Feridas;Pleno dia;Crescente;Céu Claro;Dupla;Curva;Não;6;0;5;0;0;1;5;3;-22,56136125;-44,1428411;SPRF-RJ;DEL07-RJ;UOP02-DEL07-RJ
616552;24/07/2024;quarta-feira;10:40:00;MG;262;372;JUATUBA;Reação tardia ou ineficiente do condutor;Colisão traseira;Com Vítimas Feridas;Pleno dia;Crescente;Céu Claro;Dupla;Reta;Não;3;0;1;1;0;6;2;8;-19,97359723;-44,31765496;SPRF-MG;DEL01-MG;UOP03-DEL01-MG
616570;24/07/2024;quarta-feira;13:10:00;RS;116;32,8;VACARIA;Ingestão de álcool pelo condutor;Colisão traseira;Sem Vítimas;Pleno dia;Crescente;Céu Claro;Simples;Reta;Sim;3;0;0;0;2;1;0;3;-28,46215208;-50,88891686;SPRF-RS;DEL05-RS;UOP03-DEL05-RS
616574;24/07/2024;quarta-feira;14:20:00;PR;116;12,5;COLOMBO;Ausência de reação do condutor;Colisão com objeto;Sem Vítimas;Pleno dia;Crescente;Céu Claro;Simples;Declive;Não;2;0;0;0;1;1;0;2;-25,3755;-49,1496;SPRF-PR;DEL01-PR;UOP02-DEL01-PR
616575;24/07/2024;quarta-feira;13:00:00;BA;101;294;LAJE;Reação tardia ou ineficiente do condutor;Colisão lateral sentido oposto;Com Vítimas Feridas;Pleno dia;Decrescente;Céu Claro;Simples;Curva;Não;3;0;1;0;1;2;1;4;-13,19556102;-39,32314491;SPRF-BA;DEL01-BA;UOP02-DEL01-BA
616577;24/07/2024;quarta-feira;13:15:00;BA;101;294;VALENCA;Ausência de reação do condutor;Colisão traseira;Com Vítimas Feridas;Pleno dia;Crescente;Céu Claro;Simples;Curva;Não;5;0;2;0;3;0;2;3;-13,3289761;-39,36492987;SPRF-BA;DEL01-BA;UOP02-DEL01-BA
616579;24/07/2024;quarta-feira;14:30:00;SP;116;281;EMBU DAS ARTES;Velocidade Incompatível;Colisão traseira;Com Vítimas Feridas;Pleno dia;Decrescente;Sol;Dupla;Reta;Não;4;0;1;0;2;1;1;3;-23,67784787;-46,85769227;SPRF-SP;DEL04-SP;UOP01-DEL04-SP
616584;24/07/2024;quarta-feira;13:20:00;BA;101;186;SAO GONCALO DOS CAMPOS;Ausência de reação do condutor;Colisão frontal;Com Vítimas Feridas;Pleno dia;Crescente;Céu Claro;Simples;Reta;Não;3;0;1;0;1;1;1;3;-12,4631136;-38,9454432;SPRF-BA;DEL01-BA;UOP03-DEL01-BA