id;data_inversa;dia_semana;horario;uf;br;km;municipio;causa_acidente;tipo_acidente;classificacao_acidente;fase_dia;sentido_via;condicao_metereologica;tipo_pista;tracado_via;uso_solo;pessoas;mortos;feridos_leves;feridos_graves;ilesos;ignorados;feridos;veiculos;latitude;longitude;regional;delegacia;uop
616588;24/07/2024;quarta-feira;10:50:00;MT;364;279;JACIARA;Condutor deixou de manter distância do veículo da frente;Colisão traseira;Sem Vítimas;Pleno dia;Crescente;Sol;Dupla;Curva;Não;3;0;0;0;2;3;0;5;-15,9421006;-55,01554012;SPRF-MT;DEL05-MT;UOP02-DEL05-MT
616590;24/07/2024;quarta-feira;15:30:00;SC;101;113;ITAJAI;Ausência de reação do condutor;Colisão traseira;Com Vítimas Feridas;Pleno dia;Decrescente;Céu Claro;Dupla;Reta;Não;2;0;1;0;1;0;1;2;-26,85311393;-48,72689927;SPRF-SC;DEL04-SC;UOP04-DEL04-SC
616592;24/07/2024;quarta-feira;16:00:00;MT;158;451;RIBEIRAO CASCALHEIRA;Carga excessiva e/ou mal acondicionada;Tombamento;Sem Vítimas;Pleno dia;Decrescente;Céu Claro;Simples;Curva;Não;2;0;0;0;1;2;0;3;-13,122924;-51,92276896;SPRF-MT;DEL07-MT;UOP02-DEL07-MT
616593;24/07/2024;quarta-feira;15:35:00;MT;364;574;NOBRES;Carga excessiva e/ou mal acondicionada;Tombamento;Com Vítimas Feridas;Pleno dia;Crescente;Céu Claro;Dupla;"Declive;Curva";Não;2;0;0;1;0;2;1;3;-14,69987761;-56,31727433;SPRF-MT;DEL01-MT;UOP01-DEL01-MT
616596;24/07/2024;quarta-feira;13:30:00;GO;70;475;GOIAS;Manobra de mudança de faixa;Colisão lateral mesmo sentido;Com Vítimas Feridas;Pleno dia;Decrescente;Céu Claro;Dupla;"Interseção de Vias;Reta";Sim;4;0;0;1;2;1;1;4;-15,89534882;-50,44062194;SPRF-GO;DEL04-GO;UOP02-DEL04-GO
616605;24/07/2024;quarta-feira;13:15:00;GO;60;427;RIO VERDE;Mal súbito do condutor;Colisão lateral mesmo sentido;Com Vítimas Feridas;Pleno dia;Decrescente;Céu Claro;Dupla;Reta;Não;3;0;1;0;1;2;1;4;-17,824985;-51,314362;SPRF-GO;DEL04-GO;UOP02-DEL04-GO
616610;24/07/2024;quarta-feira;18:15:00;ES;101;257,5;SERRA;Acessar a via sem observar a presença dos outros veículos;Colisão transversal;Com Vítimas Feridas;Plena Noite;Crescente;Céu Claro;Dupla;"Interseção de Vias;Retorno Regulamentado";Sim;2;0;1;0;1;0;1;2;-20,12455095;-40,30331881;SPRF-ES;DEL02-ES;UOP01-DEL02-ES
616611;24/07/2024;quarta-feira;13:50:00;MA;222;344,8;MONCAO;Pista esburacada;Colisão lateral mesmo sentido;Com Vítimas Fatais;Pleno dia;Decrescente;Céu Claro;Simples;"Declive;Reta";Não;3;1;0;0;1;3;0;5;-3,60982689;-45,12964406;SPRF-MA;DEL02-MA;UOP01-DEL02-MA
616616;24/07/2024;quarta-feira;16:00:00;MT;163;854;SINOP;Desrespeitar a preferência no cruzamento;Colisão transversal;Com Vítimas Feridas;Pleno dia;Crescente;Céu Claro;Simples;"Retorno Regulamentado;Reta";Sim;3;0;1;0;1;5;1;7;-11,69346568;-55,45156002;SPRF-MT;DEL06-MT;UOP02-DEL06-MT
616617;24/07/2024;quarta-feira;17:50:00;PR;369;166,6;CAMBE;Manobra de mudança de faixa;Engavetamento;Com Vítimas Feridas;Pleno dia;Decrescente;Céu Claro;Dupla;"Retorno Regulamentado;Reta";Sim;5;0;1;0;3;2;1;5;-23,29529604;-51,29549325;SPRF-PR;DEL07-PR;UOP01-DEL07-PR
616619;24/07/2024;quarta-feira;16:30:00;MT;163;854;SINOP;Desrespeitar a preferência no cruzamento;Colisão transversal;Com Vítimas Feridas;Pleno dia;Crescente;Céu Claro;Simples;"Interseção de Vias;Rotatória;Retorno Regulamentado;Reta";Sim;4;0;1;0;2;1;1;3;-11,69332;-55,45158;SPRF-MT;DEL06-MT;UOP02-DEL06-MT
616620;24/07/2024;quarta-feira;16:50:00;PE;101;185,6;PALMARES;Acessar a via sem observar a presença dos outros veículos;Colisão lateral mesmo sentido;Com Vítimas Feridas;Anoitecer;Decrescente;Céu Claro;Dupla;Interseção de Vias;Não;2;0;1;0;1;0;1;2;-8,67427585;-35,57646077;SPRF-PE;DEL01-PE;UOP03-DEL01-PE
616634;24/07/2024;quarta-feira;18:30:00;MS;163;549,2;BANDEIRANTES;Acessar a via sem observar a presença dos outros veículos;Colisão transversal;Com Vítimas Feridas;Plena Noite;Crescente;Céu Claro;Simples;"Interseção de Vias;Reta";Sim;2;0;1;0;1;0;1;2;-19,91869106;-54,36860922;SPRF-MS;DEL01-MS;UOP02-DEL01-MS
616641;24/07/2024;quarta-feira;18:00:00;MT;364;453;VARZEA GRANDE;Demais falhas mecânicas ou elétricas;Incêndio;Sem Vítimas;Anoitecer;Decrescente;Céu Claro;Simples;"Reta;Declive";Não;1;0;0;0;1;0;0;1;-15,57469114;-56,24259707;SPRF-MT;DEL01-MT;UOP02-DEL01-MT
616644;24/07/2024;quarta-feira;19:10:00;PR;116;125;FAZENDA RIO GRANDE;Condutor desrespeitou a iluminação vermelha do semáforo;Colisão transversal;Com Vítimas Feridas;Plena Noite;Crescente;Céu Claro;Dupla;Interseção de Vias;Sim;4;0;2;0;1;1;2;3;-25,59505309;-49,31630659;SPRF-PR;DEL01-PR;UOP03-DEL01-PR
616645;24/07/2024;quarta-feira;18:15:00;MT;163;112;RONDONOPOLIS;Reação tardia ou ineficiente do condutor;Colisão traseira;Sem Vítimas;Plena Noite;Crescente;Céu Claro;Dupla;"Reta;Declive";Não;2;0;0;0;1;1;0;2;-16,56184522;-54,67930759;SPRF-MT;DEL02-MT;UOP01-DEL02-MT
616646;24/07/2024;quarta-feira;20:00:00;PR;376;618;SAO JOSE DOS PINHAIS;Demais falhas mecânicas ou elétricas;Colisão traseira;Com Vítimas Feridas;Plena Noite;Decrescente;Céu Claro;Dupla;"Reta;Aclive";Não;4;0;2;0;2;0;2;3;-25,59168398;-49,17197705;SPRF-PR;DEL01-PR;UOP04-DEL01-PR
616650;24/07/2024;quarta-feira;19:40:00;PE;423;128,6;SALOA;Demais falhas mecânicas ou elétricas;Incêndio;Sem Vítimas;Plena Noite;Decrescente;Garoa/Chuvisco;Simples;Curva;Não;1;0;0;0;1;0;0;1;-8,96086814;-36,74928798;SPRF-PE;DEL03-PE;UOP01-DEL03-PE
616652;24/07/2024;quarta-feira;21:15:00;RS;290;25,9;SANTO ANTONIO DA PATRULHA;Reação tardia ou ineficiente do condutor;Colisão traseira;Com Vítimas Feridas;Plena Noite;Crescente;Céu Claro;Dupla;Reta;Não;3;0;0;1;1;2;1;4;-29,880203;-50,503971;SPRF-RS;DEL03-RS;UOP01-DEL03-RS
616653;24/07/2024;quarta-feira;16:30:00;SC;282;514,1;XAXIM;Transitar no Acostamento;Queda de ocupante de veículo;Com Vítimas Feridas;Pleno dia;Decrescente;Céu Claro;Simples;"Declive;Reta";Não;2;0;1;0;0;1;1;2;-26,916084;-52,49052;SPRF-SC;DEL07-SC;UOP01-DEL07-SC
616658;24/07/2024;quarta-feira;20:00:00;RJ;393;229;VASSOURAS;Pedestre andava na pista;Atropelamento de Pedestre;Com Vítimas Feridas;Plena Noite;Decrescente;Céu Claro;Dupla;Reta;Não;2;0;1;0;1;0;1;2;-22,35662374;-43,59317007;SPRF-RJ;DEL05-RJ;UOP03-DEL05-RJ
616660;24/07/2024;quarta-feira;21:20:00;ES;262;171,4;IRUPI;Velocidade Incompatível;Tombamento;Com Vítimas Feridas;Plena Noite;Decrescente;Nublado;Simples;Curva;Não;2;0;0;1;0;1;1;2;-20,26434457;-41,59340179;SPRF-ES;DEL01-ES;UOP02-DEL01-ES
616665;24/07/2024;quarta-feira;22:10:00;MG;381;384;SAO GONCALO DO RIO ABAIXO;Demais falhas mecânicas ou elétricas;Colisão com objeto;Com Vítimas Feridas;Plena Noite;Decrescente;Céu Claro;Dupla;Aclive;Não;2;0;0;1;0;1;1;2;-19,80675104;-43,4020021;SPRF-MG;DEL01-MG;UOP01-DEL01-MG
616666;24/07/2024;quarta-feira;22:05:00;MT;364;540;ROSARIO OESTE;Transitar na contramão;Colisão lateral sentido oposto;Sem Vítimas;Plena Noite;Crescente;Céu Claro;Simples;Reta;Não;4;0;0;0;3;5;0;8;-14,92726919;-56,48322275;SPRF-MT;DEL01-MT;UOP01-DEL01-MT
616667;14/07/2024;domingo;21:28:00;MS;163;388;NOVA ALVORADA DO SUL;Reação tardia ou ineficiente do condutor;Colisão traseira;Com Vítimas Feridas;Plena Noite;Crescente;Céu Claro;Simples;"Aclive;Reta";Não;3;0;1;0;1;2;1;4;-21,27192709;-54,44313833;SPRF-MS;DEL02-MS;UOP01-DEL02-MS
616668;24/07/2024;quarta-feira;23:10:00;RS;392;119;CANGUCU;Transitar na contramão;Colisão lateral sentido oposto;Com Vítimas Feridas;Plena Noite;Decrescente;Garoa/Chuvisco;Dupla;"Curva;Declive";Sim;2;0;1;0;0;1;1;2;-31,39884811;-52,68472032;SPRF-RS;DEL07-RS;UOP01-DEL07-RS
616670;24/07/2024;quarta-feira;15:30:00;SC;282;506;XANXERE;Ausência de sinalização;Colisão lateral mesmo sentido;Com Vítimas Feridas;Pleno dia;Crescente;Céu Claro;Simples;"Reta;Aclive";Não;2;0;1;0;1;0;1;2;-26,88604788;-52,43869901;SPRF-SC;DEL07-SC;UOP01-DEL07-SC
616671;24/07/2024;quarta-feira;21:35:00;PR;153;28,1;JACAREZINHO;Ingestão de álcool pelo condutor;Colisão lateral sentido oposto;Com Vítimas Feridas;Plena Noite;Crescente;Céu Claro;Simples;Declive;Não;4;0;1;0;2;1;1;3;-23,21610172;-49,99265211;SPRF-PR;DEL07-PR;UOP04-DEL07-PR
616675;24/07/2024;quarta-feira;22:20:00;ES;101;7;ICONHA;Reação tardia ou ineficiente do condutor;Tombamento;Com Vítimas Feridas;Plena Noite;Crescente;Céu Claro;Dupla;"Interseção de Vias;Declive;Curva";Não;2;0;1;0;0;1;1;2;-20,803419;-40,828856;SPRF-ES;DEL04-ES;UOP02-DEL04-ES
616678;24/07/2024;quarta-feira;22:10:00;PE;232;78;GRAVATA;Condutor deixou de manter distância do veículo da frente;Colisão traseira;Sem Vítimas;Plena Noite;Decrescente;Garoa/Chuvisco;Dupla;Reta;Sim;3;0;0;0;1;2;0;3;-8,19343658;-35,55186505;SPRF-PE;DEL02-PE;UOP02-DEL02PE
616681;25/07/2024;quinta-feira;00:22:00;SP;116;507;CAJATI;Reação tardia ou ineficiente do condutor;Tombamento;Com Vítimas Feridas;Plena Noite;Decrescente;Céu Claro;Dupla;"Declive;Curva";Não;2;0;0;1;0;1;1;2;-24,805288;-48,214966;SPRF-SP;DEL05-SP;UOP02-DEL05-SP
616684;25/07/2024;quinta-feira;02:30:00;MG;381;853,9;POUSO ALEGRE;Reação tardia ou ineficiente do condutor;Saída de leito carroçável;Sem Vítimas;Plena Noite;Crescente;Céu Claro;Dupla;"Declive;Reta";Não;2;0;0;0;1;1;0;2;-22,30499294;-45,90167524;SPRF-MG;DEL16-MG;UOP01-DEL16-MG
616686;25/07/2024;quinta-feira;04:00:00;MG;40;469,7;SETE LAGOAS;Carga excessiva e/ou mal acondicionada;Saída de leito carroçável;Sem Vítimas;Plena Noite;Crescente;Céu Claro;Dupla;Curva;Sim;1;0;0;0;1;0;0;1;-19,463927;-44,297407;SPRF-MG;DEL02-MG;UOP01-DEL02-MG
616696;24/07/2024;quarta-feira;22:00:00;MG;365;71,5;JEQUITAI;Reação tardia ou ineficiente do condutor;Saída de leito carroçável;Com Vítimas Feridas;Plena Noite;Decrescente;Céu Claro;Simples;Reta;Não;2;0;1;0;0;3;1;4;-17,08977211;-44,34399059;SPRF-MG;DEL12-MG;UOP01-DEL12-MG
616697;25/07/2024;quinta-feira;06:45:00;SC;101;216,3;PALHOCA;Acessar a via sem observar a presença dos outros veículos;Colisão lateral mesmo sentido;Com Vítimas Feridas;Pleno dia;Crescente;Nublado;Dupla;Reta;Sim;2;0;0;1;0;1;1;2;-27,65981409;-48,67747798;SPRF-SC;DEL01-SC;UOP02-DEL01-SC
616699;25/07/2024;quinta-feira;05:40:00;RS;290;50;GLORINHA;Condutor Dormindo;Colisão lateral mesmo sentido;Com Vítimas Feridas;Amanhecer;Crescente;Céu Claro;Dupla;Reta;Não;3;0;2;0;0;1;2;3;-29,906758;-50,758089;SPRF-RS;DEL03-RS;UOP01-DEL03-RS
616702;25/07/2024;quinta-feira;05:50:00;MT;163;517,1;DIAMANTINO;Pedestre andava na pista;Atropelamento de Pedestre;Com Vítimas Fatais;Amanhecer;Decrescente;Céu Claro;Dupla;Reta;Não;3;1;0;0;0;3;0;4;-14,4688956;-56,1563504;SPRF-MT;DEL01-MT;UOP01-DEL01-MT
616705;25/07/2024;quinta-feira;04:50:00;SP;116;456;REGISTRO;Ausência de reação do condutor;Colisão traseira;Com Vítimas Feridas;Amanhecer;Decrescente;Nublado;Dupla;Reta;Não;4;0;2;0;1;1;2;3;-24,580349;-47,88461;SPRF-SP;DEL05-SP;UOP01-DEL05-SP
616706;25/07/2024;quinta-feira;05:15:00;MG;262;524;LUZ;Desrespeitar a preferência no cruzamento;Colisão transversal;Com Vítimas Feridas;Amanhecer;Decrescente;Céu Claro;Simples;Rotatória;Não;4;0;1;0;2;1;1;3;-19,78323056;-45,65745094;SPRF-MG;DEL08-MG;UOP03-DEL08-MG
616707;25/07/2024;quinta-feira;04:00:00;PR;373;420;CANDOI;Condutor Dormindo;Tombamento;Com Vítimas Feridas;Plena Noite;Crescente;Céu Claro;Simples;"Declive;Curva";Não;2;0;0;1;0;1;1;2;-25,69481872;-52,16079429;SPRF-PR;DEL08-PR;UOP01-DEL08-PR
616712;06/06/2024;quinta-feira;03:00:00;PR;376;190;MARIALVA;Transitar na contramão;Colisão frontal;Sem Vítimas;Plena Noite;Decrescente;Céu Claro;Dupla;"Declive;Reta";Sim;3;0;0;0;3;0;0;2;-23,46978108;-51,82216644;SPRF-PR;DEL09-PR;UOP01-DEL09-PR
616717;24/07/2024;quarta-feira;19:25:00;MT;70;298;PRIMAVERA DO LESTE;Acostamento em desnível;Tombamento;Com Vítimas Feridas;Plena Noite;Crescente;Céu Claro;Simples;Reta;Não;2;0;1;0;0;1;1;2;-15,58080453;-54,45501395;SPRF-MT;DEL05-MT;UOP01-DEL05-MT
616718;25/07/2024;quinta-feira;08:20:00;MG;365;625,6;UBERLANDIA;Trafegar com motocicleta (ou similar) entre as faixas;Colisão lateral mesmo sentido;Com Vítimas Fatais;Pleno dia;Decrescente;Céu Claro;Dupla;Reta;Sim;5;2;0;0;2;1;0;4;-18,90585472;-48,32526001;SPRF-MG;DEL15-MG;UOP01-DEL15-MG
616719;25/07/2024;quinta-feira;07:00:00;MG;365;273;JOAO PINHEIRO;Acesso irregular;Colisão frontal;Sem Vítimas;Pleno dia;Crescente;Céu Claro;Simples;Reta;Não;3;0;0;0;1;3;0;4;-17,96221895;-45,59438109;SPRF-MG;DEL10-MG;UOP02-DEL010-MG
616720;25/07/2024;quinta-feira;08:00:00;BA;324;585;CANDEIAS;Manobra de mudança de faixa;Colisão lateral mesmo sentido;Com Vítimas Feridas;Pleno dia;Crescente;Chuva;Múltipla;Reta;Não;4;0;1;0;2;1;1;3;-12,63012705;-38,47968619;SPRF-BA;DEL01-BA;UOP01-DEL01-BA
616722;25/07/2024;quinta-feira;03:45:00;MG;381;579,3;CARMOPOLIS DE MINAS;Condutor Dormindo;Colisão traseira;Com Vítimas Feridas;Plena Noite;Decrescente;Céu Claro;Dupla;Reta;Não;3;0;1;0;1;2;1;4;-20,49967704;-44,60847254;SPRF-MG;DEL04-MG;UOP01-DEL04-MG
616723;25/07/2024;quinta-feira;07:30:00;MG;365;704;MONTE ALEGRE DE MINAS;Demais falhas mecânicas ou elétricas;Colisão traseira;Com Vítimas Feridas;Pleno dia;Crescente;Sol;Dupla;Reta;Não;3;0;2;0;1;0;2;2;-18,88169079;-49,03599797;SPRF-MG;DEL15-MG;UOP03-DEL15-MG
616724;25/07/2024;quinta-feira;08:10:00;RS;290;199;RIO PARDO;Reação tardia ou ineficiente do condutor;Colisão traseira;Com Vítimas Feridas;Pleno dia;Decrescente;Céu Claro;Simples;Reta;Não;3;0;2;0;1;0;2;2;-30,169876;-52,20639;SPRF-RS;DEL02-RS;UOP03-DEL02-RS
616728;25/07/2024;quinta-feira;06:45:00;RO;364;419;JARU;Ausência de reação do condutor;Colisão traseira;Com Vítimas Feridas;Pleno dia;Crescente;Céu Claro;Simples;Aclive;Não;3;0;1;0;1;3;1;5;-10,47470369;-62,44575957;SPRF-RO;DEL03-RO;UOP02-DEL03-RO
616732;28/03/2024;quinta-feira;22:30:00;BA;110;85;JEREMOABO;Condutor Dormindo;Colisão lateral sentido oposto;Com Vítimas Feridas;Plena Noite;Crescente;Céu Claro;Simples;Reta;Não;4;0;1;0;2;2;1;5;-10,16830091;-38,27897047;SPRF-BA;DEL07-BA;UOP01-DEL07-BA
616743;25/07/2024;quinta-feira;04:35:00;RJ;101;119;DUQUE DE CAXIAS;Ausência de reação do condutor;Colisão traseira;Com Vítimas Feridas;Plena Noite;Decrescente;Céu Claro;Múltipla;Reta;Sim;5;0;1;0;3;1;1;3;-22,76742;-43,28624;SPRF-RJ;DEL08-RJ;UOP02-DEL08-RJ
616745;25/07/2024;quinta-feira;09:20:00;PR;153;41;SANTO ANTONIO DA PLATINA;Problema com o freio;Saída de leito carroçável;Sem Vítimas;Pleno dia;Crescente;Céu Claro;Simples;Reta;Sim;12;0;0;0;11;2;0;7;-23,287931;-50,059216;SPRF-PR;DEL07-PR;UOP04-DEL07-PR
616748;25/07/2024;quinta-feira;09:54:00;RJ;116;186;NOVA IGUACU;Manobra de mudança de faixa;Colisão lateral mesmo sentido;Com Vítimas Feridas;Pleno dia;Decrescente;Céu Claro;Múltipla;Reta;Não;4;0;0;1;3;0;1;4;-22,73962339;-43,46276495;SPRF-RJ;DEL06-RJ;UOP01-DEL06-RJ
616749;25/07/2024;quinta-feira;07:50:00;MS;262;138;AGUA CLARA;Reação tardia ou ineficiente do condutor;Saída de leito carroçável;Com Vítimas Feridas;Pleno dia;Decrescente;Céu Claro;Simples;Reta;Não;3;0;1;0;1;1;1;3;-20,456156;-52,827027;SPRF-MS;DEL07-MS;UOP02-DEL07-MS
616750;25/07/2024;quinta-feira;01:00:00;RJ;40;115;DUQUE DE CAXIAS;Animais na Pista;Colisão traseira;Com Vítimas Feridas;Plena Noite;Crescente;Céu Claro;Múltipla;Reta;Não;3;0;1;0;2;0;1;2;-22,72756999;-43,2891609;SPRF-RJ;DEL01-RJ;UOP02-DEL01-RJ
616753;25/07/2024;quinta-feira;11:15:00;PR;116;122;CURITIBA;Trafegar com motocicleta (ou similar) entre as faixas;Colisão traseira;Com Vítimas Feridas;Pleno dia;Decrescente;Céu Claro;Dupla;Reta;Sim;2;0;1;0;1;0;1;2;-25,60676605;-49,31872666;SPRF-PR;DEL01-PR;UOP03-DEL01-PR
616756;25/07/2024;quinta-feira;08:00:00;PR;376;422,9;TIBAGI;Demais falhas mecânicas ou elétricas;Incêndio;Sem Vítimas;Pleno dia;Decrescente;Céu Claro;Dupla;Reta;Não;2;0;0;0;1;1;0;2;-24,73431995;-50,5370684;SPRF-PR;DEL03-PR;UOP02-DEL03-PR
616759;10/05/2024;sexta-feira;09:39:00;MG;381;531,9;ITATIAIUCU;Velocidade Incompatível;Tombamento;Com Vítimas Feridas;Pleno dia;Crescente;Sol;Dupla;Curva;Não;2;0;0;1;0;1;1;2;-20,1904316;-44,38268793;SPRF-MG;DEL04-MG;UOP03-DEL04-MG
616771;25/07/2024;quinta-feira;12:15:00;RS;101;69;OSORIO;Manobra de mudança de faixa;Colisão lateral mesmo sentido;Sem Vítimas;Pleno dia;Crescente;Céu Claro;Dupla;Reta;Não;2;0;0;0;2;0;0;2;-29,74048559;-50,21040559;SPRF-RS;DEL03-RS;UOP01-DEL03-RS
616772;25/07/2024;quinta-feira;10:30:00;RJ;493;116;ITAGUAI;Condutor Dormindo;Capotamento;Com Vítimas Feridas;Pleno dia;Crescente;Céu Claro;Dupla;Reta;Não;1;0;1;0;0;0;1;1;-22,856636;-43,811715;SPRF-RJ;DEL03-RJ;UOP01-DEL03-RJ
616778;25/07/2024;quinta-feira;14:00:00;ES;101;270;SERRA;Ausência de reação do condutor;Colisão lateral mesmo sentido;Com Vítimas Feridas;Pleno dia;Crescente;Céu Claro;Dupla;Reta;Sim;3;0;1;0;1;1;1;3;-20,22662056;-40,27075088;SPRF-ES;DEL02-ES;UOP01-DEL02-ES
616780;09/01/2024;terça-feira;06:30:00;SP;116;218;GUARULHOS;Ausência de reação do condutor;Colisão traseira;Com Vítimas Feridas;Pleno dia;Decrescente;Nublado;Múltipla;Reta;Não;3;0;0;1;1;1;1;3;-23,457972;-46,479927;SPRF-SP;DEL01-SP;UOP01-DEL01-SP
616786;25/07/2024;quinta-feira;12:40:00;SC;470;58;BLUMENAU;Acesso irregular;Colisão transversal;Com Vítimas Feridas;Pleno dia;Decrescente;Céu Claro;Simples;"Reta;Interseção de Vias;Em Obras";Sim;3;0;1;1;1;0;2;2;-26,883879;-49,145622;SPRF-SC;DEL04-SC;UOP01-DEL04-SC
616789;25/07/2024;quinta-feira;14:35:00;SC;101;123,1;ITAJAI;Condutor deixou de manter distância do veículo da frente;Engavetamento;Com Vítimas Feridas;Pleno dia;Crescente;Céu Claro;Múltipla;Reta;Não;5;0;2;0;2;1;2;4;-26,93668609;-48,69876905;SPRF-SC;DEL04-SC;UOP04-DEL04-SC
616791;25/07/2024;quinta-feira;07:43:00;RO;364;563;ALTO PARAISO;Transitar na contramão;Colisão lateral sentido oposto;Com Vítimas Fatais;Pleno dia;Crescente;Céu Claro;Simples;Reta;Não;5;1;2;0;0;3;2;5;-9,53480399;-63,07678083;SPRF-RO;DEL01-RO;UOP04-DEL01-RO
616799;25/07/2024;quinta-feira;15:15:00;PR;376;668;GUARATUBA;Condutor deixou de manter distância do veículo da frente;Engavetamento;Com Vítimas Feridas;Pleno dia;Crescente;Céu Claro;Dupla;"Em Obras;Declive;Curva";Não;6;0;1;0;4;1;1;4;-25,868399;-48,933698;SPRF-PR;DEL01-PR;UOP04-DEL01-PR
616800;20/07/2024;sábado;16:30:00;RJ;116;288,9;BARRA MANSA;Reação tardia ou ineficiente do condutor;Engavetamento;Com Vítimas Feridas;Pleno dia;Decrescente;Céu Claro;Dupla;"Declive;Curva";Não;15;0;9;0;6;0;9;7;-22,48686584;-44,25027602;SPRF-RJ;DEL07-RJ;UOP02-DEL07-RJ
616802;25/07/2024;quinta-feira;14:00:00;AM;319;318,3;BERURI;Fumaça;Colisão frontal;Com Vítimas Feridas;Pleno dia;Crescente;Céu Claro;Simples;Reta;Não;6;0;1;0;5;0;1;2;-5,05690522;-61,65630381;SPRF-AM;DEL01-AM;UOP04-DEL01-AM
616804;25/07/2024;quinta-feira;12:01:00;MT;70;729;CACERES;Demais falhas mecânicas ou elétricas;Incêndio;Sem Vítimas;Pleno dia;Decrescente;Sol;Simples;Reta;Sim;2;0;0;0;1;1;0;2;-16,16077399;-57,61215594;SPRF-MT;DEL03-MT;UOP01-DEL03-MT
616808;25/07/2024;quinta-feira;15:24:00;RS;116;258;ESTEIO;Ausência de reação do condutor;Colisão com objeto;Com Vítimas Feridas;Pleno dia;Decrescente;Céu Claro;Dupla;"Desvio Temporário;Reta;Em Obras";Sim;4;0;0;1;1;2;1;4;-29,86150502;-51,18091535;SPRF-RS;DEL01-RS;UOP02-DEL01-RS
616813;25/07/2024;quinta-feira;15:15:00;PA;10;21,6;DOM ELISEU;Conversão proibida;Colisão transversal;Com Vítimas Feridas;Pleno dia;Crescente;Céu Claro;Simples;Reta;Não;2;0;0;1;1;0;1;2;-4,26636302;-47,56070012;SPRF-PA;DEL02-PA;UOP02-DEL02-PA
616817;25/07/2024;quinta-feira;10:40:00;BA;420;313;SANTA INES;Ausência de reação do condutor;Colisão frontal;Com Vítimas Feridas;Pleno dia;Crescente;Nublado;Simples;Curva;Não;3;0;1;0;1;1;1;3;-13,33286906;-39,86885562;SPRF-BA;DEL03-BA;UOP01-DEL03-BA
616825;25/07/2024;quinta-feira;17:35:00;RS;116;299,7;GUAIBA;Condutor deixou de manter distância do veículo da frente;Colisão traseira;Com Vítimas Feridas;Anoitecer;Crescente;Céu Claro;Dupla;"Viaduto;Reta";Sim;6;0;4;0;1;1;4;3;-30,11517464;-51,34563087;SPRF-RS;DEL02-RS;UOP01-DEL02-RS
616829;25/07/2024;quinta-feira;10:20:00;RJ;116;3;SAPUCAIA;Problema com o freio;Saída de leito carroçável;Com Vítimas Feridas;Pleno dia;Decrescente;Céu Claro;Simples;Curva;Não;3;0;1;0;2;0;1;1;-21,887306;-42,679127;SPRF-RJ;DEL05-RJ;UOP01-DEL05-RJ
616836;25/07/2024;quinta-feira;16:15:00;RS;116;399;CAMAQUA;Condutor Dormindo;Saída de leito carroçável;Sem Vítimas;Pleno dia;Decrescente;Céu Claro;Simples;"Reta;Ponte";Sim;2;0;0;0;1;2;0;3;-30,86691995;-51,80039803;SPRF-RS;DEL02-RS;UOP02-DEL02-RS
616840;25/07/2024;quinta-feira;15:40:00;BA;116;876;VITORIA DA CONQUISTA;Condutor deixou de manter distância do veículo da frente;Engavetamento;Com Vítimas Feridas;Pleno dia;Crescente;Céu Claro;Simples;Reta;Não;8;0;1;0;6;1;1;4;-15,17765011;-41,06751782;SPRF-BA;DEL08-BA;UOP03-DEL08-BA
616847;25/07/2024;quinta-feira;15:40:00;ES;262;162;IBATIBA;Carga excessiva e/ou mal acondicionada;Colisão com objeto;Com Vítimas Feridas;Pleno dia;Crescente;Céu Claro;Simples;Reta;Não;4;0;1;1;1;1;2;3;-20,23593228;-41,53109078;SPRF-ES;DEL01-ES;UOP02-DEL01-ES
616851;25/07/2024;quinta-feira;15:00:00;AL;101;50,4;FLEXEIRAS;Manobra de mudança de faixa;Colisão lateral mesmo sentido;Sem Vítimas;Pleno dia;Crescente;Céu Claro;Dupla;Reta;Não;3;0;0;0;1;2;0;3;-9,23626636;-35,76617122;SPRF-AL;DEL01-AL;UOP02-DEL01-AL
616854;25/07/2024;quinta-feira;19:15:00;RS;386;379,5;PAVERAMA;Manobra de mudança de faixa;Colisão lateral mesmo sentido;Com Vítimas Feridas;Plena Noite;Crescente;Céu Claro;Dupla;"Aclive;Curva";Não;9;0;1;1;6;2;2;5;-29,65059042;-51,76093698;SPRF-RS;DEL04-RS;UOP01-DEL04-RS
616856;25/07/2024;quinta-feira;12:30:00;SC;163;109,2;GUARUJA DO SUL;Velocidade Incompatível;Tombamento;Sem Vítimas;Pleno dia;Crescente;Céu Claro;Simples;"Curva;Declive";Não;2;0;0;0;1;3;0;4;-26,41337297;-53,52364405;SPRF-SC;DEL07-SC;UOP03-DEL07-SC
616864;25/07/2024;quinta-feira;14:45:00;MT;70;293;POXOREO;Acostamento em desnível;Tombamento;Com Vítimas Feridas;Pleno dia;Decrescente;Céu Claro;Simples;Reta;Não;3;0;1;0;1;2;1;4;-15,57937887;-54,41239401;SPRF-MT;DEL05-MT;UOP01-DEL05-MT
616867;25/07/2024;quinta-feira;19:35:00;CE;222;1,9;FORTALEZA;Condutor deixou de manter distância do veículo da frente;Queda de ocupante de veículo;Com Vítimas Feridas;Plena Noite;Crescente;Céu Claro;Múltipla;Reta;Não;3;0;0;1;1;1;1;2;-3,737804;-38,578061;SPRF-CE;DEL01-CE;UOP01-DEL01-CE