id;data_inversa;dia_semana;horario;uf;br;km;municipio;causa_acidente;tipo_acidente;classificacao_acidente;fase_dia;sentido_via;condicao_metereologica;tipo_pista;tracado_via;uso_solo;pessoas;mortos;feridos_leves;feridos_graves;ilesos;ignorados;feridos;veiculos;latitude;longitude;regional;delegacia;uop
616872;25/07/2024;quinta-feira;11:30:00;AC;364;21;ACRELANDIA;Reação tardia ou ineficiente do condutor;Colisão traseira;Com Vítimas Feridas;Pleno dia;Crescente;Céu Claro;Simples;Declive;Não;8;0;1;3;3;1;4;3;-9,91004716;-66,95386183;SPRF-AC;DEL01-AC;UOP03-DEL01-AC
616873;25/07/2024;quinta-feira;18:40:00;SC;285;50;TIMBE DO SUL;Demais falhas mecânicas ou elétricas;Colisão lateral mesmo sentido;Com Vítimas Feridas;Plena Noite;Decrescente;Ignorado;Simples;"Declive;Curva";Não;2;0;1;0;1;0;1;2;-28,806;-49,938;SPRF-SC;DEL02-SC;UOP02-DEL02-SC
616874;25/07/2024;quinta-feira;21:00:00;MG;40;413;CURVELO;Desrespeitar a preferência no cruzamento;Colisão transversal;Com Vítimas Feridas;Plena Noite;Crescente;Céu Claro;Simples;"Interseção de Vias;Reta";Não;5;0;3;0;1;1;3;3;-19,137384;-44,61668015;SPRF-MG;DEL02-MG;UOP01-DEL02-MG
616883;25/07/2024;quinta-feira;18:40:00;MA;316;408;ALTO ALEGRE DO MARANHAO;Ausência de reação do condutor;Tombamento;Com Vítimas Feridas;Anoitecer;Crescente;Céu Claro;Simples;Reta;Sim;2;0;1;0;0;2;1;3;-4,25641;-44,432236;SPRF-MA;DEL03-MA;UOP01-DEL03-MA
616887;25/07/2024;quinta-feira;17:20:00;MT;174;125,5;MIRASSOL DOESTE;Acessar a via sem observar a presença dos outros veículos;Colisão transversal;Com Vítimas Feridas;Anoitecer;Decrescente;Céu Claro;Simples;"Declive;Reta";Não;4;0;1;0;3;0;1;2;-15,81678972;-58,0834468;SPRF-MT;DEL03-MT;UOP01-DEL03-MT
616894;25/07/2024;quinta-feira;22:10:00;PE;232;277;SERTANIA;Demais falhas mecânicas ou elétricas;Tombamento;Com Vítimas Feridas;Plena Noite;Crescente;Céu Claro;Simples;"Reta;Declive";Sim;2;0;2;0;0;0;2;1;-8,36441811;-37,26769611;SPRF-PE;DEL04-PE;UOP02-DEL04-PE
616895;25/07/2024;quinta-feira;20:00:00;MG;116;3;DIVISA ALEGRE;Velocidade Incompatível;Tombamento;Sem Vítimas;Plena Noite;Crescente;Céu Claro;Simples;Reta;Não;2;0;0;0;1;2;0;3;-15,72609196;-41,34372437;SPRF-BA;DEL08-BA;UOP03-DEL08-BA
616898;25/07/2024;quinta-feira;23:00:00;RJ;101;319,3;NITEROI;Ausência de reação do condutor;Engavetamento;Sem Vítimas;Plena Noite;Decrescente;Céu Claro;Dupla;Reta;Sim;3;0;0;0;3;0;0;3;-22,85411774;-43,1018014;SPRF-RJ;DEL02-RJ;UOP01-DEL02-RJ
616902;26/07/2024;sexta-feira;01:20:00;MG;40;804;MATIAS BARBOSA;Ausência de reação do condutor;Colisão traseira;Com Vítimas Feridas;Plena Noite;Decrescente;Céu Claro;Dupla;Reta;Não;3;0;0;1;1;1;1;3;-21,86313979;-43,37348589;SPRF-MG;DEL05-MG;UOP01-DEL05-MG
616904;01/07/2024;segunda-feira;14:30:00;BA;324;623;SALVADOR;Mal súbito do condutor;Engavetamento;Com Vítimas Feridas;Pleno dia;Crescente;Céu Claro;Dupla;Reta;Sim;3;0;2;0;1;0;2;3;-12,92628699;-38,46838679;SPRF-BA;DEL01-BA;UOP01-DEL01-BA
616909;26/07/2024;sexta-feira;05:00:00;PR;376;594,9;CURITIBA;Condutor deixou de manter distância do veículo da frente;Colisão traseira;Com Vítimas Feridas;Plena Noite;Crescente;Céu Claro;Dupla;"Aclive;Reta";Sim;4;0;1;0;1;2;1;3;-25,48479613;-49,34730331;SPRF-PR;DEL01-PR;UOP06-DEL01-PR
616910;26/07/2024;sexta-feira;05:25:00;PR;277;61;SAO JOSE DOS PINHAIS;Acessar a via sem observar a presença dos outros veículos;Colisão lateral mesmo sentido;Sem Vítimas;Plena Noite;Decrescente;Céu Claro;Dupla;Reta;Sim;3;0;0;0;1;3;0;4;-25,550388;-49,041066;SPRF-PR;DEL01-PR;UOP01-DEL01-PR
616913;26/07/2024;sexta-feira;05:10:00;PE;101;59;RECIFE;Manobra de mudança de faixa;Colisão lateral mesmo sentido;Sem Vítimas;Pleno dia;Decrescente;Céu Claro;Dupla;Reta;Não;2;0;0;0;2;0;0;2;-7,97708575;-34,92607318;SPRF-PE;DEL01-PE;UOP02-DEL01-PE
616915;26/07/2024;sexta-feira;05:32:00;TO;153;348;FORTALEZA DO TABOCAO;Ausência de reação do condutor;Colisão traseira;Com Vítimas Feridas;Amanhecer;Crescente;Céu Claro;Simples;Reta;Não;39;0;1;0;37;1;1;4;-8,91782199;-48,50944146;SPRF-TO;DEL02-TO;UOP02-DEL02-TO
616918;25/07/2024;quinta-feira;17:00:00;MT;163;639;NOVA MUTUM;Acessar a via sem observar a presença dos outros veículos;Colisão lateral mesmo sentido;Com Vítimas Feridas;Anoitecer;Decrescente;Céu Claro;Simples;Reta;Não;6;0;3;0;2;5;3;7;-13,56662999;-56,0289131;SPRF-MT;DEL01-MT;UOP01-DEL01-MT
616924;26/07/2024;sexta-feira;07:30:00;SP;116;202;ARUJA;Trafegar com motocicleta (ou similar) entre as faixas;Colisão traseira;Com Vítimas Feridas;Pleno dia;Crescente;Céu Claro;Dupla;"Declive;Curva";Não;2;0;1;0;1;0;1;2;-23,409736;-46,344056;SPRF-SP;DEL01-SP;UOP01-DEL01-SP
616926;26/07/2024;sexta-feira;01:00:00;BA;116;134;CANUDOS;Condutor Dormindo;Capotamento;Com Vítimas Feridas;Plena Noite;Crescente;Ignorado;Simples;Reta;Não;2;0;1;0;1;0;1;1;-9,78316279;-39,13811443;SPRF-BA;DEL07-BA;UOP01-DEL07-BA
616928;26/07/2024;sexta-feira;07:30:00;CE;116;18;ITAITINGA;Acessar a via sem observar a presença dos outros veículos;Atropelamento de Pedestre;Com Vítimas Feridas;Pleno dia;Crescente;Céu Claro;Dupla;"Reta;Interseção de Vias";Sim;3;0;0;1;2;0;1;3;-3,90496605;-38,50518756;SPRF-CE;DEL01-CE;UOP02-DEL01-CE
616934;26/07/2024;sexta-feira;08:30:00;MG;40;475;SETE LAGOAS;Estacionar ou parar em local proibido;Colisão traseira;Com Vítimas Feridas;Pleno dia;Decrescente;Céu Claro;Múltipla;"Declive;Reta";Não;5;0;1;2;1;1;3;3;-19,50551591;-44,27423377;SPRF-MG;DEL02-MG;UOP01-DEL02-MG
616941;26/07/2024;sexta-feira;08:15:00;DF;70;3;BRASILIA;Manobra de mudança de faixa;Colisão lateral mesmo sentido;Sem Vítimas;Pleno dia;Decrescente;Céu Claro;Múltipla;Reta;Sim;2;0;0;0;2;0;0;2;-15,802453;-48,080387;SPRF-DF;DEL03-DF;UOP02-DEL03-DF
616943;26/07/2024;sexta-feira;04:00:00;PA;230;1128;ITAITUBA;Ausência de reação do condutor;Colisão frontal;Com Vítimas Fatais;Amanhecer;Crescente;Céu Claro;Simples;Curva;Não;4;1;0;0;2;3;0;5;-4,29891827;-55,95890706;SPRF-PA;DEL05-PA;UOP02-DEL05-PA
616944;26/07/2024;sexta-feira;07:30:00;RJ;116;139,5;MAGE;Ausência de reação do condutor;Colisão lateral mesmo sentido;Com Vítimas Feridas;Pleno dia;Crescente;Céu Claro;Dupla;Reta;Não;3;0;1;0;2;0;1;2;-22,64655224;-43,20138601;SPRF-RJ;DEL04-RJ;UOP02-DEL04-RJ
616945;26/07/2024;sexta-feira;03:40:00;RJ;493;91;SEROPEDICA;Reação tardia ou ineficiente do condutor;Colisão traseira;Sem Vítimas;Plena Noite;Crescente;Nublado;Dupla;"Viaduto;Reta";Não;3;0;0;0;2;1;0;3;-22,68541969;-43,67434502;SPRF-RJ;DEL01-RJ;UOP03-DEL01-RJ
616946;26/07/2024;sexta-feira;07:50:00;SP;116;46,5;CANAS;Manobra de mudança de faixa;Colisão com objeto;Com Vítimas Feridas;Pleno dia;Decrescente;Céu Claro;Dupla;Reta;Não;2;0;1;0;0;1;1;2;-22,71393589;-45,05335608;SPRF-SP;DEL08-SP;UOP02-DEL08-SP
616948;26/07/2024;sexta-feira;09:00:00;RS;116;521;PELOTAS;Condutor deixou de manter distância do veículo da frente;Colisão traseira;Com Vítimas Feridas;Amanhecer;Crescente;Nevoeiro/Neblina;Dupla;Reta;Sim;2;0;0;1;1;0;1;2;-31,70752405;-52,36800695;SPRF-RS;DEL07-RS;UOP01-DEL07-RS
616952;08/05/2024;quarta-feira;05:14:00;PR;116;11;CAMPINA GRANDE DO SUL;Condutor Dormindo;Colisão traseira;Com Vítimas Feridas;Amanhecer;Crescente;Céu Claro;Dupla;Reta;Sim;3;0;0;1;2;0;1;2;-25,3727;-49,1408;SPRF-PR;DEL01-PR;UOP02-DEL01-PR
616953;08/02/2024;quinta-feira;18:15:00;BA;324;612;SALVADOR;Acessar a via sem observar a presença dos outros veículos;Colisão lateral mesmo sentido;Sem Vítimas;Plena Noite;Crescente;Céu Claro;Múltipla;"Aclive;Reta";Não;3;0;0;0;2;1;0;3;-12,84664721;-38,41741648;SPRF-BA;DEL01-BA;UOP01-DEL01-BA
616955;26/07/2024;sexta-feira;07:55:00;SC;101;199,5;SAO JOSE;Reação tardia ou ineficiente do condutor;Colisão lateral mesmo sentido;Com Vítimas Feridas;Pleno dia;Crescente;Nublado;Múltipla;"Aclive;Reta";Sim;4;0;2;0;1;1;2;3;-27,53413705;-48,63003205;SPRF-SC;DEL01-SC;UOP01-DEL01-SC
616958;26/07/2024;sexta-feira;09:40:00;PE;423;61,4;LAJEDO;Ausência de reação do condutor;Colisão traseira;Sem Vítimas;Pleno dia;Decrescente;Céu Claro;Simples;Reta;Sim;5;0;0;0;5;0;0;2;-8,65805731;-36,32866993;SPRF-PE;DEL03-PE;UOP01-DEL03-PE
616966;26/07/2024;sexta-feira;09:55:00;SC;470;65;INDAIAL;Ultrapassagem Indevida;Colisão frontal;Com Vítimas Feridas;Pleno dia;Decrescente;Céu Claro;Simples;"Reta;Em Obras";Sim;2;0;1;0;1;0;1;2;-26,87074581;-49,21505928;SPRF-SC;DEL04-SC;UOP01-DEL04-SC
616967;24/06/2024;segunda-feira;09:32:00;MG;365;433,8;PATOS DE MINAS;Transitar na contramão;Colisão frontal;Com Vítimas Fatais;Pleno dia;Crescente;Sol;Simples;"Declive;Reta";Não;5;1;1;0;2;1;1;4;-18,76420074;-46,67446219;SPRF-MG;DEL10-MG;UOP01-DEL10-MG
616968;26/07/2024;sexta-feira;09:30:00;MS;163;475;CAMPO GRANDE;Acessar a via sem observar a presença dos outros veículos;Colisão transversal;Com Vítimas Feridas;Pleno dia;Crescente;Céu Claro;Simples;"Reta;Rotatória";Sim;4;0;1;0;2;1;1;3;-20,51201951;-54,47859192;SPRF-MS;DEL01-MS;UOP01-DEL01-MS
616972;26/07/2024;sexta-feira;10:40:00;GO;60;172;ABADIA DE GOIAS;Ausência de reação do condutor;Colisão traseira;Com Vítimas Feridas;Pleno dia;Decrescente;Céu Claro;Dupla;"Retorno Regulamentado;Reta";Não;3;0;0;1;1;1;1;3;-16,738;-49,4076;SPRF-GO;DEL01-GO;UOP02-DEL01-GO
616977;26/07/2024;sexta-feira;08:30:00;MA;10;257,1;IMPERATRIZ;Acessar a via sem observar a presença dos outros veículos;Colisão transversal;Com Vítimas Feridas;Pleno dia;Decrescente;Sol;Simples;Reta;Sim;2;0;1;0;1;0;1;2;-5,490634;-47,471973;SPRF-MA;DEL04-MA;UOP01-DEL04-MA
616979;26/07/2024;sexta-feira;07:40:00;RN;406;169;SAO GONCALO DO AMARANTE;Animais na Pista;Saída de leito carroçável;Sem Vítimas;Pleno dia;Decrescente;Céu Claro;Dupla;"Declive;Reta";Não;1;0;0;0;1;0;0;1;-5,75951414;-35,29714108;SPRF-RN;DEL02-RN;UOP01-DEL02-RN
616980;26/07/2024;sexta-feira;11:30:00;SP;153;174;GUAICARA;Desrespeitar a preferência no cruzamento;Colisão transversal;Com Vítimas Feridas;Pleno dia;Decrescente;Céu Claro;Simples;"Rotatória;Reta;Interseção de Vias";Não;7;0;5;0;1;1;5;3;-21,633102;-49,787743;SPRF-SP;DEL07-SP;UOP01-DEL07-SP
616982;26/07/2024;sexta-feira;11:45:00;PR;280;275;MARMELEIRO;Velocidade Incompatível;Saída de leito carroçável;Com Vítimas Fatais;Pleno dia;Crescente;Céu Claro;Simples;Curva;Não;3;1;1;0;0;1;1;2;-26,23355831;-53,1812465;SPRF-PR;DEL02-PR;UOP01-DEL02-PR
616985;26/07/2024;sexta-feira;06:50:00;MG;251;333;FRUTA DE LEITE;Reação tardia ou ineficiente do condutor;Tombamento;Com Vítimas Feridas;Pleno dia;Decrescente;Nublado;Simples;"Declive;Curva";Não;2;0;0;1;0;1;1;2;-16,262421;-42,408772;SPRF-MG;DEL12-MG;UOP02-DEL12-MG
616992;26/07/2024;sexta-feira;11:20:00;AM;319;0;MANAUS;Carga excessiva e/ou mal acondicionada;Colisão com objeto;Sem Vítimas;Pleno dia;Decrescente;Céu Claro;Dupla;"Aclive;Reta";Não;2;0;0;0;1;1;0;2;-3,13161815;-59,94434964;SPRF-AM;DEL01-AM;UOP03-DEL01-AM
616997;13/07/2024;sábado;10:00:00;BA;324;625;SALVADOR;Objeto estático sobre o leito carroçável;Colisão com objeto;Com Vítimas Feridas;Pleno dia;Crescente;Céu Claro;Dupla;Reta;Não;3;0;2;0;1;0;2;2;-12,94194706;-38,47081224;SPRF-BA;DEL01-BA;UOP01-DEL01-BA
616998;26/07/2024;sexta-feira;10:20:00;TO;226;19;PALMEIRAS DO TOCANTINS;Condutor Dormindo;Saída de leito carroçável;Sem Vítimas;Pleno dia;Decrescente;Sol;Simples;Reta;Não;2;0;0;0;1;1;0;2;-6,629621;-47,605564;SPRF-TO;DEL02-TO;UOP03-DEL02-TO
617006;26/07/2024;sexta-feira;12:50:00;RS;285;293;PASSO FUNDO;Acessar a via sem observar a presença dos outros veículos;Colisão transversal;Sem Vítimas;Pleno dia;Crescente;Céu Claro;Simples;Interseção de Vias;Não;2;0;0;0;1;1;0;2;-28,236645;-52,375156;SPRF-RS;DEL08-RS;UOP03-DEL08-RS
617008;26/07/2024;sexta-feira;14:25:00;SP;116;36;CACHOEIRA PAULISTA;Demais falhas mecânicas ou elétricas;Colisão traseira;Com Vítimas Feridas;Pleno dia;Crescente;Céu Claro;Dupla;"Aclive;Reta";Não;2;0;0;1;1;0;1;2;-22,66104604;-44,97604019;SPRF-SP;DEL08-SP;UOP02-DEL08-SP
617014;26/07/2024;sexta-feira;15:14:00;ES;101;125,7;SOORETAMA;Ausência de reação do condutor;Colisão frontal;Com Vítimas Feridas;Pleno dia;Crescente;Céu Claro;Simples;Reta;Sim;3;0;1;0;1;2;1;4;-19,18496498;-40,09429827;SPRF-ES;DEL04-ES;UOP01-DEL04-ES
617015;26/07/2024;sexta-feira;13:50:00;MG;116;688,6;MURIAE;Ausência de reação do condutor;Colisão com objeto;Com Vítimas Feridas;Pleno dia;Crescente;Sol;Simples;Curva;Não;2;0;1;0;0;1;1;2;-21,00463422;-42,36667213;SPRF-MG;DEL07-MG;UOP02-DEL07-MG
617016;26/07/2024;sexta-feira;15:05:00;PR;277;128;CAMPO LARGO;Reação tardia ou ineficiente do condutor;Saída de leito carroçável;Com Vítimas Feridas;Pleno dia;Decrescente;Céu Claro;Dupla;"Declive;Curva";Não;2;0;1;0;0;1;1;2;-25,47194844;-49,62287307;SPRF-PR;DEL03-PR;UOP03-DEL03-PR
617018;26/07/2024;sexta-feira;10:15:00;RS;472;136,3;TRES DE MAIO;Desrespeitar a preferência no cruzamento;Colisão transversal;Com Vítimas Feridas;Pleno dia;Crescente;Céu Claro;Simples;Curva;Não;2;0;1;0;1;0;1;2;-27,76660989;-54,27491106;SPRF-RS;DEL10-RS;UOP01-DEL10-RS
617023;26/07/2024;sexta-feira;16:00:00;ES;101;304,6;VIANA;Manobra de mudança de faixa;Colisão lateral mesmo sentido;Com Vítimas Feridas;Pleno dia;Decrescente;Sol;Dupla;Reta;Sim;3;0;1;0;1;1;1;3;-20,3800645;-40,45431391;SPRF-ES;DEL01-ES;UOP01-DEL01-ES
617025;26/07/2024;sexta-feira;16:00:00;RS;116;402;CAMAQUA;Reação tardia ou ineficiente do condutor;Colisão traseira;Com Vítimas Feridas;Pleno dia;Decrescente;Céu Claro;Dupla;Reta;Não;3;0;0;1;1;1;1;3;-30,88140317;-51,82514791;SPRF-RS;DEL02-RS;UOP02-DEL02-RS
617029;26/07/2024;sexta-feira;14:35:00;MG;365;642,1;UBERLANDIA;Demais falhas mecânicas ou elétricas;Incêndio;Sem Vítimas;Pleno dia;Crescente;Céu Claro;Dupla;Reta;Não;2;0;0;0;1;1;0;2;-18,8823832;-48,48418103;SPRF-MG;DEL15-MG;UOP01-DEL15-MG
617030;26/07/2024;sexta-feira;15:15:00;CE;304;64,3;ARACATI;Velocidade Incompatível;Colisão frontal;Com Vítimas Feridas;Pleno dia;Crescente;Céu Claro;Simples;Reta;Não;2;0;1;0;0;1;1;2;-4,61941944;-37,6509365;SPRF-CE;DEL03-CE;UOP03-DEL03-CE
617031;26/07/2024;sexta-feira;15:20:00;SC;470;114,6;IBIRAMA;Entrada inopinada do pedestre;Atropelamento de Pedestre;Com Vítimas Fatais;Pleno dia;Decrescente;Céu Claro;Simples;Reta;Sim;3;1;0;0;2;0;0;2;-27,0822204;-49,4833052;SPRF-SC;DEL04-SC;UOP02-DEL04-SC
617033;26/07/2024;sexta-feira;16:10:00;SP;116;100;PINDAMONHANGABA;Ausência de reação do condutor;Colisão traseira;Com Vítimas Feridas;Pleno dia;Crescente;Sol;Dupla;Reta;Não;2;0;1;0;1;0;1;2;-22,986552;-45,47276;SPRF-SP;DEL08-SP;UOP01-DEL08-SP
617037;26/07/2024;sexta-feira;16:42:00;PE;101;49;ABREU E LIMA;Manobra de mudança de faixa;Colisão lateral mesmo sentido;Sem Vítimas;Pleno dia;Decrescente;Céu Claro;Múltipla;Reta;Sim;2;0;0;0;2;0;0;2;-7,9005152;-34,90180641;SPRF-PE;DEL01-PE;UOP02-DEL01-PE
617041;26/07/2024;sexta-feira;14:15:00;MS;163;347;RIO BRILHANTE;Demais falhas mecânicas ou elétricas;Incêndio;Com Vítimas Feridas;Pleno dia;Crescente;Nublado;Simples;Reta;Não;1;0;1;0;0;0;1;1;-21,61726881;-54,43389354;SPRF-MS;DEL02-MS;UOP02-DEL02-MS
617052;26/07/2024;sexta-feira;17:45:00;PR;376;5;APUCARANA;Reação tardia ou ineficiente do condutor;Colisão lateral mesmo sentido;Com Vítimas Feridas;Anoitecer;Decrescente;Céu Claro;Simples;Reta;Sim;3;0;1;1;0;2;2;4;-23,5513;-51,461266;SPRF-PR;DEL07-PR;UOP03-DEL07-PR
617053;26/07/2024;sexta-feira;16:30:00;PR;116;111;CURITIBA;Demais falhas mecânicas ou elétricas;Incêndio;Sem Vítimas;Pleno dia;Crescente;Céu Claro;Dupla;Reta;Sim;2;0;0;0;1;1;0;2;-25,556628;-49,270748;SPRF-PR;DEL01-PR;UOP07-DEL01-PR
617056;26/07/2024;sexta-feira;18:00:00;MG;262;151,5;SAO DOMINGOS DO PRATA;Velocidade Incompatível;Colisão traseira;Sem Vítimas;Anoitecer;Decrescente;Céu Claro;Simples;Reta;Não;2;0;0;0;2;0;0;2;-20,0020998;-42,77600786;SPRF-MG;DEL03-MG;UOP03-DEL03-MG
617066;26/07/2024;sexta-feira;12:30:00;RS;386;151,4;ALMIRANTE TAMANDARE DO SUL;Reação tardia ou ineficiente do condutor;Colisão frontal;Com Vítimas Fatais;Pleno dia;Crescente;Céu Claro;Simples;Curva;Não;7;1;0;1;4;1;1;5;-28,08919;-52,867329;SPRF-RS;DEL08-RS;UOP01-DEL08-RS
617068;18/07/2024;quinta-feira;15:50:00;PR;158;513;PATO BRANCO;Manobra de mudança de faixa;Colisão lateral mesmo sentido;Sem Vítimas;Pleno dia;Crescente;Céu Claro;Simples;"Aclive;Curva";Não;5;0;0;0;5;0;0;3;-26,051307;-52,624901;SPRF-PR;DEL02-PR;UOP01-DEL02-PR
617082;26/07/2024;sexta-feira;19:30:00;PR;277;3;PARANAGUA;Problema com o freio;Colisão traseira;Sem Vítimas;Plena Noite;Crescente;Céu Claro;Simples;Reta;Sim;3;0;0;0;2;3;0;5;-25,568198;-48,615292;SPRF-PR;DEL01-PR;UOP05-DEL01-PR
617088;26/07/2024;sexta-feira;18:00:00;MG;116;412,8;GOVERNADOR VALADARES;Condutor deixou de manter distância do veículo da frente;Colisão traseira;Com Vítimas Feridas;Anoitecer;Crescente;Nublado;Simples;Reta;Sim;4;0;1;0;2;1;1;4;-18,86882342;-41,97144241;SPRF-MG;DEL06-MG;UOP01-DEL06-MG
617091;26/07/2024;sexta-feira;14:55:00;MT;163;1109;GUARANTA DO NORTE;Transitar na contramão;Colisão lateral mesmo sentido;Com Vítimas Feridas;Pleno dia;Decrescente;Céu Claro;Simples;"Curva;Declive";Não;8;0;0;1;6;8;1;12;-9,72607806;-54,88158286;SPRF-MT;DEL06-MT;UOP03-DEL06-MT
617111;26/07/2024;sexta-feira;22:15:00;RS;471;192;PANTANO GRANDE;Desrespeitar a preferência no cruzamento;Colisão transversal;Com Vítimas Feridas;Plena Noite;Crescente;Céu Claro;Simples;Interseção de Vias;Não;7;0;0;1;5;2;1;4;-30,16557339;-52,37349987;SPRF-RS;DEL02-RS;UOP03-DEL02-RS
617114;26/07/2024;sexta-feira;10:20:00;RJ;40;90;PETROPOLIS;Reação tardia ou ineficiente do condutor;Colisão lateral mesmo sentido;Sem Vítimas;Plena Noite;Crescente;Garoa/Chuvisco;Dupla;Curva;Não;2;0;0;0;2;0;0;2;-22,550738;-43,236397;SPRF-RJ;DEL01-RJ;UOP01-DEL01-RJ
617115;26/07/2024;sexta-feira;20:50:00;BA;242;623;MUQUEM DE SAO FRANCISCO;Manobra de mudança de faixa;Colisão frontal;Com Vítimas Fatais;Plena Noite;Crescente;Céu Claro;Simples;Reta;Não;5;1;0;2;1;1;2;3;-12,14100918;-43,35275377;SPRF-BA;DEL06-BA;UOP03-DEL06-BA
617120;26/07/2024;sexta-feira;12:15:00;MG;116;216;CATUJI;Ausência de reação do condutor;Saída de leito carroçável;Com Vítimas Fatais;Pleno dia;Crescente;Nublado;Simples;"Declive;Reta";Não;2;1;0;0;0;1;0;2;-17,3756538;-41,52881674;SPRF-MG;DEL11-MG;UOP01-DEL11-MG
617121;26/07/2024;sexta-feira;23:35:00;PB;101;27;JOAO PESSOA;Acessar a via sem observar a presença dos outros veículos;Colisão lateral mesmo sentido;Sem Vítimas;Pleno dia;Crescente;Céu Claro;Dupla;Reta;Sim;5;0;0;0;4;1;0;2;-7,15987154;-34,90581564;SPRF-PB;DEL01-PB;UOP04-DEL01-PB
617127;27/07/2024;sábado;00:35:00;SC;101;430;SOMBRIO;Ausência de reação do condutor;Colisão traseira;Com Vítimas Feridas;Plena Noite;Decrescente;Céu Claro;Múltipla;Reta;Não;2;0;1;0;1;0;1;2;-29,063184;-49,624157;SPRF-SC;DEL02-SC;UOP02-DEL02-SC
617131;27/07/2024;sábado;01:30:00;TO;153;492;PARAISO DO TOCANTINS;Ingestão de álcool pelo condutor;Colisão lateral sentido oposto;Sem Vítimas;Plena Noite;Decrescente;Céu Claro;Simples;Reta;Não;4;0;0;0;3;1;0;3;-10,15035953;-48,88468001;SPRF-TO;DEL01-TO;UOP01-DEL01-TO
617134;27/07/2024;sábado;02:30:00;GO;20;102;VILA BOA;Reação tardia ou ineficiente do condutor;Colisão frontal;Com Vítimas Fatais;Plena Noite;Crescente;Céu Claro;Simples;"Aclive;Reta";Não;6;1;2;1;1;1;3;4;-14,934252;-46,979294;SPRF-DF;DEL02-DF;UOP02-DEL02-DF
617136;27/07/2024;sábado;03:15:00;GO;153;210;URUACU;Ausência de reação do condutor;Colisão traseira;Com Vítimas Feridas;Plena Noite;Crescente;Ignorado;Simples;Reta;Não;2;0;1;0;1;0;1;2;-14,605865;-49,166637;SPRF-GO;DEL07-GO;UOP02-DEL07-GO
617138;27/07/2024;sábado;03:24:00;MA;402;14,8;ROSARIO;Transitar na contramão;Colisão frontal;Com Vítimas Fatais;Plena Noite;Decrescente;Céu Claro;Simples;Reta;Não;3;1;0;0;1;2;0;4;-2,94338378;-44,20855522;SPRF-MA;DEL01-MA;UOP01-DEL01-MA
617141;26/07/2024;sexta-feira;14:00:00;GO;153;183;URUACU;Demais falhas mecânicas ou elétricas;Incêndio;Sem Vítimas;Pleno dia;Decrescente;Céu Claro;Simples;Reta;Não;2;0;0;0;1;2;0;3;-14,369409;-49,158268;SPRF-GO;DEL07-GO;UOP02-DEL07-GO
617142;27/07/2024;sábado;03:50:00;ES;101;7,3;SERRA;Demais falhas mecânicas ou elétricas;Incêndio;Sem Vítimas;Amanhecer;Crescente;Céu Claro;Dupla;Reta;Não;1;0;0;0;1;0;0;1;-20,129093;-40,308125;SPRF-ES;DEL02-ES;UOP01-DEL02-ES
617146;27/07/2024;sábado;04:20:00;SC;282;580;PINHALZINHO;Ingestão de álcool pelo condutor;Colisão traseira;Com Vítimas Feridas;Plena Noite;Crescente;Céu Claro;Múltipla;Reta;Sim;8;0;3;0;4;1;3;4;-26,832148;-52,994308;SPRF-SC;DEL07-SC;UOP02-DEL07-SC
617149;27/07/2024;sábado;06:17:00;SC;470;134;RIO DO SUL;Condutor deixou de manter distância do veículo da frente;Colisão traseira;Sem Vítimas;Pleno dia;Crescente;Céu Claro;Simples;"Interseção de Vias;Declive;Curva";Sim;5;0;0;0;5;0;0;2;-27,181854;-49,600128;SPRF-SC;DEL04-SC;UOP02-DEL04-SC
617153;27/07/2024;sábado;07:15:00;SC;101;130,4;BALNEARIO CAMBORIU;Conversão proibida;Colisão transversal;Com Vítimas Feridas;Pleno dia;Decrescente;Céu Claro;Múltipla;Reta;Sim;2;0;1;0;1;0;1;2;-26,98407618;-48,66977107;SPRF-SC;DEL04-SC;UOP03-DEL04-SC
617155;27/07/2024;sábado;07:10:00;MG;116;774,2;LEOPOLDINA;Curva acentuada;Tombamento;Com Vítimas Feridas;Pleno dia;Decrescente;Céu Claro;Simples;Curva;Não;2;0;1;0;0;1;1;2;-21,57932128;-42,68264985;SPRF-MG;DEL07-MG;UOP01-DEL07-MG
617157;27/07/2024;sábado;07:00:00;RS;116;251;SAPUCAIA DO SUL;Acessar a via sem observar a presença dos outros veículos;Colisão transversal;Com Vítimas Feridas;Pleno dia;Decrescente;Nublado;Dupla;"Interseção de Vias;Reta";Sim;5;0;1;0;3;3;1;6;-29,80035406;-51,16550365;SPRF-RS;DEL01-RS;UOP02-DEL01-RS
617163;03/07/2024;quarta-feira;07:55:00;SC;101;331,5;TUBARAO;Ausência de reação do condutor;Colisão traseira;Com Vítimas Feridas;Pleno dia;Crescente;Céu Claro;Dupla;"Viaduto;Aclive;Reta";Sim;6;0;1;1;3;3;2;7;-28,45567521;-48,9812689;SPRF-SC;DEL02-SC;UOP01-DEL02-SC
617172;27/07/2024;sábado;06:20:00;SC;101;174,8;GOVERNADOR CELSO RAMOS;Frear bruscamente;Colisão traseira;Com Vítimas Feridas;Amanhecer;Crescente;Nevoeiro/Neblina;Dupla;"Reta;Em Obras";Não;5;0;4;0;1;0;4;2;-27,33081601;-48,62697562;SPRF-SC;DEL01-SC;UOP01-DEL01-SC