id;data_inversa;dia_semana;horario;uf;br;km;municipio;causa_acidente;tipo_acidente;classificacao_acidente;fase_dia;sentido_via;condicao_metereologica;tipo_pista;tracado_via;uso_solo;pessoas;mortos;feridos_leves;feridos_graves;ilesos;ignorados;feridos;veiculos;latitude;longitude;regional;delegacia;uop
618254;01/08/2024;quinta-feira;12:20:00;SC;282;637,5;DESCANSO;Reação tardia ou ineficiente do condutor;Colisão traseira;Sem Vítimas;Pleno dia;Decrescente;Céu Claro;Simples;Reta;Não;2;0;0;0;2;0;0;2;-26,800833;-53,448235;SPRF-SC;DEL07-SC;UOP03-DEL07-SC
618256;01/08/2024;quinta-feira;13:00:00;GO;60;97;ANAPOLIS;Condutor deixou de manter distância do veículo da frente;Colisão traseira;Com Vítimas Feridas;Pleno dia;Decrescente;Céu Claro;Múltipla;"Reta;Retorno Regulamentado";Sim;4;0;0;1;2;3;1;5;-16,3774;-48,9483;SPRF-GO;DEL02-GO;UOP01-DEL02-GO
618258;01/08/2024;quinta-feira;11:50:00;MT;364;202;RONDONOPOLIS;Reação tardia ou ineficiente do condutor;Colisão traseira;Sem Vítimas;Pleno dia;Crescente;Céu Claro;Dupla;Reta;Sim;3;0;0;0;2;3;0;5;-16,48347324;-54,64970354;SPRF-MT;DEL02-MT;UOP01-DEL02-MT
618260;01/08/2024;quinta-feira;13:00:00;RS;116;323;BARRA DO RIBEIRO;Ausência de reação do condutor;Colisão traseira;Com Vítimas Feridas;Pleno dia;Decrescente;Céu Claro;Dupla;Reta;Não;2;0;1;0;1;0;1;2;-30,31825499;-51,41803405;SPRF-RS;DEL02-RS;UOP01-DEL02-RS
618262;01/08/2024;quinta-feira;09:06:00;RJ;393;186;PARAIBA DO SUL;Condutor Dormindo;Colisão lateral sentido oposto;Com Vítimas Feridas;Pleno dia;Decrescente;Céu Claro;Simples;"Declive;Reta";Não;3;0;1;0;0;2;1;3;-22,14586313;-43,29275992;SPRF-RJ;DEL05-RJ;UOP03-DEL05-RJ
618264;01/08/2024;quinta-feira;13:00:00;CE;222;23,5;CAUCAIA;Demais falhas mecânicas ou elétricas;Incêndio;Sem Vítimas;Pleno dia;Crescente;Céu Claro;Dupla;Reta;Sim;2;0;0;0;2;0;0;1;-3,73178984;-38,75974197;SPRF-CE;DEL01-CE;UOP01-DEL01-CE
618269;01/08/2024;quinta-feira;11:15:00;GO;153;105;SANTA TEREZA DE GOIAS;Ausência de reação do condutor;Colisão frontal;Com Vítimas Feridas;Pleno dia;Crescente;Céu Claro;Simples;Reta;Não;5;0;1;0;3;1;1;3;-13,693473;-49,022247;SPRF-GO;DEL07-GO;UOP01-DEL07-GO
618274;02/07/2024;terça-feira;15:20:00;RJ;101;82;CAMPOS DOS GOYTACAZES;Carga excessiva e/ou mal acondicionada;Tombamento;Sem Vítimas;Pleno dia;Crescente;Nublado;Simples;"Declive;Curva";Não;2;0;0;0;1;1;0;2;-21,82752108;-41,45414032;SPRF-RJ;DEL08-RJ;UOP02-DEL08-RJ
618278;01/08/2024;quinta-feira;07:00:00;BA;116;137;CANUDOS;Reação tardia ou ineficiente do condutor;Colisão com objeto;Com Vítimas Feridas;Pleno dia;Crescente;Céu Claro;Simples;Reta;Não;1;0;0;1;0;0;1;1;-9,80719905;-39,15022189;SPRF-BA;DEL07-BA;UOP01-DEL07-BA
618280;15/07/2024;segunda-feira;11:45:00;PR;376;659,9;TIJUCAS DO SUL;Velocidade Incompatível;Colisão traseira;Com Vítimas Feridas;Pleno dia;Crescente;Chuva;Simples;"Declive;Curva";Não;4;0;1;0;1;2;1;4;-25,8545188;-48,99854279;SPRF-PR;DEL01-PR;UOP04-DEL01-PR
618282;01/08/2024;quinta-feira;12:28:00;PR;376;439,9;TIBAGI;Reação tardia ou ineficiente do condutor;Tombamento;Com Vítimas Feridas;Pleno dia;Decrescente;Céu Claro;Dupla;"Declive;Curva";Não;2;0;1;0;0;1;1;2;-24,80403235;-50,48930168;SPRF-PR;DEL03-PR;UOP02-DEL03-PR
618284;01/08/2024;quinta-feira;15:00:00;MA;135;15;SAO LUIS;Acessar a via sem observar a presença dos outros veículos;Colisão lateral mesmo sentido;Com Vítimas Feridas;Pleno dia;Decrescente;Sol;Dupla;Retorno Regulamentado;Sim;3;0;1;0;1;2;1;4;-2,69540095;-44,30511707;SPRF-MA;DEL01-MA;UOP01-DEL01-MA
618285;01/08/2024;quinta-feira;15:15:00;BA;324;620;SALVADOR;Carga excessiva e/ou mal acondicionada;Colisão com objeto;Com Vítimas Feridas;Pleno dia;Crescente;Céu Claro;Múltipla;Reta;Sim;2;0;1;0;0;1;1;2;-12,90482172;-38,45556535;SPRF-BA;DEL01-BA;UOP01-DEL01-BA
618289;29/07/2024;segunda-feira;02:30:00;SC;470;170;POUSO REDONDO;Ingestão de álcool pelo condutor;Colisão frontal;Sem Vítimas;Plena Noite;Crescente;Garoa/Chuvisco;Simples;"Declive;Reta";Sim;3;0;0;0;2;1;0;3;-27,265903;-49,892441;SPRF-SC;DEL04-SC;UOP02-DEL04-SC
618291;01/08/2024;quinta-feira;14:05:00;SC;282;86,3;ALFREDO WAGNER;Velocidade Incompatível;Colisão frontal;Com Vítimas Fatais;Pleno dia;Decrescente;Céu Claro;Simples;Curva;Não;4;1;0;0;3;0;0;2;-27,6642202;-49,2008223;SPRF-SC;DEL01-SC;UOP03-DEL01-SC
618294;01/08/2024;quinta-feira;11:00:00;BA;101;107;ALAGOINHAS;Reação tardia ou ineficiente do condutor;Colisão lateral mesmo sentido;Sem Vítimas;Pleno dia;Crescente;Céu Claro;Simples;Interseção de Vias;Sim;3;0;0;0;2;1;0;3;-12,16492;-38,477026;SPRF-BA;DEL01-BA;UOP04-DEL01-BA
618296;01/08/2024;quinta-feira;10:50:00;MG;116;387,6;GOVERNADOR VALADARES;Transitar na contramão;Colisão traseira;Com Vítimas Fatais;Pleno dia;Decrescente;Céu Claro;Simples;"Reta;Interseção de Vias";Não;3;1;1;0;1;0;1;2;-18,66146249;-41,97536945;SPRF-MG;DEL06-MG;UOP01-DEL06-MG
618300;01/08/2024;quinta-feira;16:30:00;RJ;101;210;CASIMIRO DE ABREU;Condutor deixou de manter distância do veículo da frente;Engavetamento;Com Vítimas Fatais;Pleno dia;Decrescente;Céu Claro;Dupla;Curva;Não;7;2;1;0;3;2;1;6;-22,48164701;-42,23710101;SPRF-RJ;DEL08-RJ;UOP04-DEL08-RJ
618301;01/08/2024;quinta-feira;15:30:00;RS;116;164,3;CAXIAS DO SUL;Problema com o freio;Saída de leito carroçável;Com Vítimas Feridas;Pleno dia;Crescente;Céu Claro;Simples;Curva;Não;1;0;0;1;0;0;1;1;-29,26344857;-51,16113999;SPRF-RS;DEL05-RS;UOP02-DEL05-RS
618302;01/08/2024;quinta-feira;17:00:00;RS;287;294;SAO PEDRO DO SUL;Manobra de mudança de faixa;Colisão lateral sentido oposto;Com Vítimas Feridas;Pleno dia;Crescente;Céu Claro;Simples;Curva;Não;2;0;1;0;0;1;1;2;-29,639991;-54,32167;SPRF-RS;DEL09-RS;UOP01-DEL09-RS
618303;01/08/2024;quinta-feira;16:00:00;PR;116;152;MANDIRITUBA;Acessar a via sem observar a presença dos outros veículos;Colisão transversal;Sem Vítimas;Pleno dia;Crescente;Céu Claro;Dupla;"Interseção de Vias;Reta";Sim;4;0;0;0;4;0;0;3;-25,83236296;-49,33609707;SPRF-PR;DEL01-PR;UOP03-DEL01-PR
618305;01/08/2024;quinta-feira;17:00:00;MG;40;550,5;NOVA LIMA;Transitar no Acostamento;Colisão lateral mesmo sentido;Sem Vítimas;Pleno dia;Decrescente;Céu Claro;Dupla;Reta;Não;3;0;0;0;2;1;0;3;-20,0477638;-43,96439441;SPRF-MG;DEL01-MG;UOP02-DEL01-MG
618310;01/08/2024;quinta-feira;14:50:00;BA;242;185;RAFAEL JAMBEIRO;Condutor Dormindo;Colisão lateral sentido oposto;Com Vítimas Feridas;Pleno dia;Crescente;Céu Claro;Simples;Reta;Não;4;0;2;0;1;1;2;3;-12,50811346;-39,91358294;SPRF-BA;DEL06-BA;UOP02-DEL06-BA
618311;01/08/2024;quinta-feira;17:25:00;MG;40;822;SIMAO PEREIRA;Ausência de reação do condutor;Colisão traseira;Com Vítimas Feridas;Pleno dia;Decrescente;Céu Claro;Dupla;Reta;Não;3;0;0;1;1;1;1;3;-21,95323782;-43,3008627;SPRF-MG;DEL05-MG;UOP01-DEL05-MG
618312;01/08/2024;quinta-feira;11:45:00;MG;116;204,1;CARAI;Transitar na contramão;Colisão frontal;Com Vítimas Feridas;Pleno dia;Decrescente;Chuva;Simples;"Declive;Curva";Não;8;0;1;1;5;1;2;6;-17,275456;-41,51381;SPRF-MG;DEL11-MG;UOP01-DEL11-MG
618314;01/08/2024;quinta-feira;16:20:00;GO;20;244;GUARANI DE GOIAS;Condutor deixou de manter distância do veículo da frente;Colisão traseira;Com Vítimas Feridas;Pleno dia;Crescente;Céu Claro;Simples;Reta;Não;4;0;1;0;2;1;1;4;-14,018147;-46,224957;SPRF-DF;DEL02-DF;UOP03-DEL02-DF
618318;20/07/2024;sábado;17:30:00;PR;116;97;SAO JOSE DOS PINHAIS;Ausência de reação do condutor;Colisão lateral mesmo sentido;Com Vítimas Feridas;Pleno dia;Decrescente;Céu Claro;Dupla;Reta;Sim;2;0;1;0;1;0;1;2;-25,51232495;-49,12871007;SPRF-PR;DEL01-PR;UOP07-DEL01-PR
618324;01/08/2024;quinta-feira;08:24:00;PR;376;390;IMBAU;Condutor Dormindo;Saída de leito carroçável;Com Vítimas Feridas;Pleno dia;Decrescente;Céu Claro;Dupla;"Declive;Curva";Não;2;0;1;0;0;1;1;2;-24,484165;-50,733683;SPRF-PR;DEL03-PR;UOP02-DEL03-PR
618326;01/08/2024;quinta-feira;08:40:00;MT;163;560;DIAMANTINO;Reação tardia ou ineficiente do condutor;Colisão lateral sentido oposto;Sem Vítimas;Pleno dia;Crescente;Céu Claro;Simples;Reta;Não;4;0;0;0;2;5;0;7;-14,23756178;-56,11786216;SPRF-MT;DEL01-MT;UOP01-DEL01-MT
618330;01/08/2024;quinta-feira;12:35:00;RS;392;67,8;PELOTAS;Manobra de mudança de faixa;Colisão transversal;Com Vítimas Feridas;Pleno dia;Crescente;Céu Claro;Dupla;Curva;Não;3;0;1;0;1;1;1;3;-31,75709532;-52,39980728;SPRF-RS;DEL07-RS;UOP01-DEL07-RS
618351;01/08/2024;quinta-feira;19:30:00;SC;101;332;TUBARAO;Ausência de reação do condutor;Colisão transversal;Com Vítimas Feridas;Plena Noite;Crescente;Céu Claro;Dupla;Reta;Sim;3;0;0;1;2;0;1;2;-28,46016431;-48,98968873;SPRF-SC;DEL02-SC;UOP01-DEL02-SC
618355;01/08/2024;quinta-feira;20:50:00;BA;324;533;CONCEICAO DO JACUIPE;Mal súbito do condutor;Colisão lateral mesmo sentido;Sem Vítimas;Plena Noite;Crescente;Céu Claro;Dupla;"Reta;Aclive";Não;4;0;0;0;2;2;0;4;-12,34449694;-38,84017496;SPRF-BA;DEL01-BA;UOP03-DEL01-BA
618356;01/08/2024;quinta-feira;19:45:00;PI;343;324,6;TERESINA;Transitar na contramão;Colisão frontal;Com Vítimas Fatais;Plena Noite;Crescente;Céu Claro;Simples;Reta;Não;2;1;0;0;1;0;0;2;-5,061587;-42,60183;SPRF-PI;DEL01-PI;UOP01-DEL01-PI
618357;01/08/2024;quinta-feira;08:39:00;MA;10;69;CAROLINA;Condutor deixou de manter distância do veículo da frente;Colisão traseira;Sem Vítimas;Pleno dia;Decrescente;Céu Claro;Simples;Reta;Não;2;0;0;0;2;0;0;2;-7,045704;-47,439793;SPRF-MA;DEL04-MA;UOP02-DEL04-MA
618360;21/07/2024;domingo;21:00:00;MT;158;474;CANARANA;Animais na Pista;Colisão lateral mesmo sentido;Sem Vítimas;Plena Noite;Crescente;Céu Claro;Simples;Reta;Não;3;0;0;0;2;2;0;4;-13,25183916;-51,96774569;SPRF-MT;DEL07-MT;UOP02-DEL07-MT
618373;01/08/2024;quinta-feira;22:35:00;RJ;101;309;SAO GONCALO;Reação tardia ou ineficiente do condutor;Colisão traseira;Sem Vítimas;Plena Noite;Decrescente;Céu Claro;Dupla;Reta;Não;2;0;0;0;2;0;0;2;-22,79498873;-43,03446105;SPRF-RJ;DEL02-RJ;UOP02-DEL02-RJ
618375;01/08/2024;quinta-feira;22:10:00;MG;116;708,7;MURIAE;Reação tardia ou ineficiente do condutor;Saída de leito carroçável;Com Vítimas Feridas;Plena Noite;Crescente;Céu Claro;Simples;Curva;Não;2;0;1;0;0;1;1;2;-21,16328873;-42,37968988;SPRF-MG;DEL07-MG;UOP02-DEL07-MG
618377;01/08/2024;quinta-feira;22:30:00;BA;135;131;RIACHAO DAS NEVES;Reação tardia ou ineficiente do condutor;Tombamento;Com Vítimas Feridas;Plena Noite;Crescente;Céu Claro;Simples;Reta;Não;4;0;0;1;2;1;1;2;-11,80196188;-44,87450291;SPRF-BA;DEL08-BA;N/A
618379;01/08/2024;quinta-feira;23:25:00;PB;101;94;JOAO PESSOA;Ausência de reação do condutor;Saída de leito carroçável;Com Vítimas Feridas;Plena Noite;Decrescente;Chuva;Dupla;"Reta;Declive";Não;2;0;1;0;0;1;1;2;-7,19683829;-34,90588313;SPRF-PB;DEL01-PB;UOP02-DEL01-PB
618388;02/08/2024;sexta-feira;00:15:00;SC;116;23,8;ITAIOPOLIS;Ausência de reação do condutor;Colisão frontal;Sem Vítimas;Plena Noite;Crescente;Céu Claro;Simples;Reta;Não;3;0;0;0;1;2;0;3;-26,26545939;-49,91656109;SPRF-SC;DEL06-SC;UOP01-DEL06-SC
618389;02/08/2024;sexta-feira;01:00:00;MT;364;1,8;ALTO ARAGUAIA;Reação tardia ou ineficiente do condutor;Saída de leito carroçável;Com Vítimas Feridas;Plena Noite;Decrescente;Céu Claro;Simples;Reta;Sim;2;0;2;0;0;0;2;1;-17,31227325;-53,21828343;SPRF-MT;DEL02-MT;UOP02-DEL02-MT
618392;02/08/2024;sexta-feira;02:00:00;MT;163;810,9;SINOP;Demais falhas mecânicas ou elétricas;Incêndio;Sem Vítimas;Plena Noite;Decrescente;Céu Claro;Simples;Reta;Não;2;0;0;0;1;1;0;2;-12,07789;-55,517593;SPRF-MT;DEL06-MT;UOP02-DEL06-MT
618394;02/08/2024;sexta-feira;02:20:00;MG;381;725;CARMO DA CACHOEIRA;Ausência de reação do condutor;Colisão traseira;Com Vítimas Feridas;Plena Noite;Crescente;Nublado;Dupla;"Curva;Aclive";Não;2;0;1;0;1;0;1;2;-21,50004573;-45,21358911;SPRF-MG;DEL04-MG;UOP02-DEL04-MG
618396;02/08/2024;sexta-feira;04:00:00;MG;354;731,9;POUSO ALTO;Demais falhas mecânicas ou elétricas;Saída de leito carroçável;Com Vítimas Feridas;Plena Noite;Crescente;Céu Claro;Simples;"Reta;Declive";Não;3;0;3;0;0;0;3;1;-22,17128467;-44,96492386;SPRF-MG;DEL17-MG;UOP01-DEL17-MG
618399;02/08/2024;sexta-feira;05:30:00;RN;110;49;MOSSORO;Condutor desrespeitou a iluminação vermelha do semáforo;Colisão transversal;Com Vítimas Feridas;Amanhecer;Decrescente;Céu Claro;Simples;Reta;Sim;3;0;0;1;1;1;1;3;-5,21645975;-37,32927128;SPRF-RN;DEL04-RN;UOP01-DEL04-RN
618409;07/07/2024;domingo;06:15:00;SC;101;254,8;PAULO LOPES;Mal súbito do condutor;Saída de leito carroçável;Com Vítimas Fatais;Pleno dia;Decrescente;Chuva;Múltipla;Reta;Sim;2;1;0;0;0;2;0;3;-27,9831828;-48,6791603;SPRF-SC;DEL02-SC;UOP03-DEL02-SC
618411;02/08/2024;sexta-feira;06:45:00;BA;116;7;VITORIA DA CONQUISTA;Pedestre cruzava a pista fora da faixa;Colisão traseira;Com Vítimas Feridas;Amanhecer;Crescente;Garoa/Chuvisco;Dupla;Rotatória;Sim;3;0;1;0;1;1;1;3;-14,851;-40,8485;SPRF-BA;DEL08-BA;UOP01-DEL08-BA
618415;02/08/2024;sexta-feira;06:30:00;PE;101;80,3;JABOATAO DOS GUARARAPES;Condutor deixou de manter distância do veículo da frente;Colisão traseira;Com Vítimas Feridas;Pleno dia;Crescente;Céu Claro;Múltipla;Reta;Sim;2;0;1;0;0;1;1;2;-8,154691;-34,942096;SPRF-PE;DEL01-PE;UOP01-DEL01-PE
618420;23/07/2024;terça-feira;22:40:00;PR;376;598;CURITIBA;Condutor deixou de manter distância do veículo da frente;Colisão traseira;Com Vítimas Feridas;Plena Noite;Decrescente;Nublado;Dupla;Reta;Sim;2;0;0;1;0;1;1;2;-25,5188802;-49,33506947;SPRF-PR;DEL01-PR;UOP06-DEL01-PR
618429;01/08/2024;quinta-feira;23:00:00;SC;280;233;CANOINHAS;Ausência de reação do condutor;Colisão frontal;Com Vítimas Fatais;Plena Noite;Decrescente;Garoa/Chuvisco;Simples;"Reta;Aclive";Sim;4;2;0;0;1;1;0;3;-26,1910047;-50,3896921;SPRF-SC;DEL06-SC;UOP04-DEL06-SC
618431;01/08/2024;quinta-feira;23:48:00;RJ;116;270,4;BARRA MANSA;Ausência de reação do condutor;Colisão traseira;Com Vítimas Feridas;Plena Noite;Decrescente;Céu Claro;Dupla;Reta;Não;3;0;1;0;1;1;1;3;-22,56923335;-44,12024318;SPRF-RJ;DEL07-RJ;UOP02-DEL07-RJ
618433;13/07/2024;sábado;09:40:00;PR;376;3,1;MARINGA;Demais falhas mecânicas ou elétricas;Saída de leito carroçável;Com Vítimas Feridas;Pleno dia;Decrescente;Céu Claro;Dupla;Reta;Sim;2;0;1;0;0;1;1;2;-23,3886;-51,96809;SPRF-PR;DEL09-PR;UOP01-DEL09-PR
618439;02/08/2024;sexta-feira;07:15:00;RJ;101;82;CAMPOS DOS GOYTACAZES;Declive acentuado;Tombamento;Sem Vítimas;Pleno dia;Crescente;Céu Claro;Simples;"Declive;Curva";Sim;3;0;0;0;3;0;0;1;-21,82752108;-41,45414032;SPRF-RJ;DEL08-RJ;UOP02-DEL08-RJ
618440;28/06/2024;sexta-feira;04:20:00;MG;365;98;JEQUITAI;Objeto estático sobre o leito carroçável;Colisão com objeto;Com Vítimas Feridas;Pleno dia;Crescente;Céu Claro;Simples;Reta;Não;5;0;2;0;2;2;2;4;-17,22330384;-44,50756306;SPRF-MG;DEL12-MG;UOP01-DEL12-MG
618441;02/08/2024;sexta-feira;08:30:00;RS;158;78,9;BOA VISTA DAS MISSOES;Reação tardia ou ineficiente do condutor;Colisão traseira;Com Vítimas Feridas;Pleno dia;Crescente;Sol;Simples;"Reta;Em Obras";Não;4;0;2;0;2;0;2;3;-27,73277786;-53,32124556;SPRF-RS;DEL08-RS;UOP02-DEL08-RS
618449;02/08/2024;sexta-feira;09:00:00;SP;116;161,8;JACAREI;Condutor deixou de manter distância do veículo da frente;Engavetamento;Com Vítimas Feridas;Pleno dia;Decrescente;Céu Claro;Dupla;Reta;Não;5;0;3;0;1;2;3;5;-23,27617003;-45,97592098;SPRF-SP;DEL02-SP;UOP01-DEL02-SP
618451;02/08/2024;sexta-feira;08:00:00;RS;116;247;SAO LEOPOLDO;Manobra de mudança de faixa;Colisão lateral mesmo sentido;Com Vítimas Feridas;Pleno dia;Crescente;Céu Claro;Múltipla;Curva;Sim;3;0;1;0;1;1;1;3;-29,76733091;-51,1535296;SPRF-RS;DEL01-RS;UOP02-DEL01-RS
618454;02/08/2024;sexta-feira;09:00:00;PI;343;344,1;TERESINA;Transitar no Acostamento;Colisão lateral mesmo sentido;Com Vítimas Feridas;Pleno dia;Crescente;Céu Claro;Simples;Reta;Sim;3;0;0;1;1;1;1;3;-5,094729;-42,762775;SPRF-PI;DEL01-PI;UOP01-DEL01-PI
618455;02/08/2024;sexta-feira;08:45:00;RS;468;67;SAO MARTINHO;Acessar a via sem observar a presença dos outros veículos;Colisão frontal;Com Vítimas Feridas;Pleno dia;Crescente;Céu Claro;Simples;Rotatória;Não;2;0;1;0;1;0;1;2;-27,736906;-53,838505;SPRF-RS;DEL08-RS;UOP02-DEL08-RS
618457;05/07/2024;sexta-feira;22:30:00;MS;163;243;DOURADOS;Acessar a via sem observar a presença dos outros veículos;Colisão transversal;Com Vítimas Feridas;Plena Noite;Crescente;Nublado;Simples;Reta;Não;3;0;0;1;1;2;1;4;-22,36514295;-54,7993879;SPRF-MS;DEL04-MS;UOP02-DEL04-MS
618465;02/08/2024;sexta-feira;10:55:00;SC;470;51;BLUMENAU;Ausência de reação do condutor;Colisão traseira;Com Vítimas Feridas;Pleno dia;Crescente;Céu Claro;Simples;Reta;Sim;2;0;0;1;1;0;1;2;-26,862339;-49,084038;SPRF-SC;DEL04-SC;UOP01-DEL04-SC
618472;02/08/2024;sexta-feira;11:30:00;SC;101;121;ITAJAI;Trafegar com motocicleta (ou similar) entre as faixas;Colisão lateral mesmo sentido;Com Vítimas Feridas;Pleno dia;Decrescente;Céu Claro;Dupla;Reta;Não;3;0;0;1;2;0;1;3;-26,92103178;-48,70856446;SPRF-SC;DEL04-SC;UOP04-DEL04-SC
618482;02/08/2024;sexta-feira;09:00:00;TO;153;416,1;MIRANORTE;Velocidade Incompatível;Saída de leito carroçável;Com Vítimas Feridas;Pleno dia;Decrescente;Céu Claro;Dupla;Curva;Sim;2;0;0;1;0;1;1;2;-9,550197;-48,599823;SPRF-TO;DEL01-TO;UOP01-DEL01-TO
618485;02/08/2024;sexta-feira;08:35:00;SC;116;139,8;SANTA CECILIA;Transitar na contramão;Colisão frontal;Com Vítimas Feridas;Pleno dia;Decrescente;Céu Claro;Simples;"Aclive;Reta";Sim;3;0;2;0;0;1;2;3;-26,96625517;-50,40928315;SPRF-SC;DEL06-SC;UOP02-DEL06-SC
618488;02/08/2024;sexta-feira;10:50:00;MT;364;435;VARZEA GRANDE;Transitar no Acostamento;Atropelamento de Pedestre;Com Vítimas Fatais;Pleno dia;Crescente;Céu Claro;Dupla;"Reta;Em Obras";Sim;2;1;0;0;0;1;0;2;-15,64247545;-56,2008227;SPRF-MT;DEL01-MT;UOP02-DEL01-MT
618489;02/08/2024;sexta-feira;11:30:00;RO;364;201;PIMENTA BUENO;Ausência de reação do condutor;Colisão lateral sentido oposto;Com Vítimas Feridas;Pleno dia;Crescente;Céu Claro;Simples;Curva;Sim;3;0;1;0;1;3;1;5;-11,64409593;-61,19495886;SPRF-RO;DEL02-RO;UOP02-DEL02-RO
618491;02/07/2024;terça-feira;12:30:00;MA;226;388,9;GRAJAU;Demais falhas mecânicas ou elétricas;Incêndio;Com Vítimas Feridas;Plena Noite;Crescente;Ignorado;Simples;Aclive;Não;2;0;1;0;0;1;1;2;-5,69087076;-45,90911811;SPRF-MA;DEL06-MA;UOP01-DEL06-MA
618492;02/08/2024;sexta-feira;13:20:00;PB;101;49,6;RIO TINTO;Condutor Dormindo;Saída de leito carroçável;Sem Vítimas;Pleno dia;Decrescente;Nublado;Dupla;Reta;Não;2;0;0;0;1;1;0;2;-6,91464699;-35,11263198;SPRF-PB;DEL01-PB;UOP04-DEL01-PB
618493;25/07/2024;quinta-feira;17:00:00;CE;116;175,6;RUSSAS;Ultrapassagem Indevida;Capotamento;Com Vítimas Feridas;Pleno dia;Decrescente;Céu Claro;Simples;"Declive;Reta";Não;2;0;0;1;1;0;1;1;-5,01875184;-38,05602007;SPRF-CE;DEL03-CE;UOP01-DEL03-CE
618494;02/08/2024;sexta-feira;11:00:00;MT;163;798;VERA;Ultrapassagem Indevida;Colisão lateral mesmo sentido;Com Vítimas Feridas;Pleno dia;Decrescente;Céu Claro;Simples;Reta;Não;7;0;2;0;4;3;2;5;-12,190175;-55,532073;SPRF-MT;DEL06-MT;UOP02-DEL06-MT
618496;02/08/2024;sexta-feira;13:40:00;PR;476;210,2;LAPA;Ausência de reação do condutor;Colisão lateral sentido oposto;Com Vítimas Fatais;Pleno dia;Decrescente;Céu Claro;Simples;Curva;Não;4;1;0;0;2;2;0;4;-25,784924;-49,848;SPRF-PR;DEL01-PR;UOP06-DEL01-PR
618503;02/08/2024;sexta-feira;14:40:00;BA;101;718;EUNAPOLIS;Acessar a via sem observar a presença dos outros veículos;Colisão transversal;Com Vítimas Feridas;Pleno dia;Crescente;Céu Claro;Simples;Reta;Sim;2;0;0;1;0;1;1;2;-16,37318;-39,58069324;SPRF-BA;DEL09-BA;UOP01-DEL09-BA
618506;02/08/2024;sexta-feira;14:30:00;RS;290;98;PORTO ALEGRE;Manobra de mudança de faixa;Colisão lateral mesmo sentido;Com Vítimas Feridas;Pleno dia;Decrescente;Sol;Dupla;Reta;Sim;3;0;1;0;1;1;1;3;-29,994816;-51,217403;SPRF-RS;DEL01-RS;UOP01-DEL01-RS
618520;02/08/2024;sexta-feira;07:40:00;MA;230;216,6;SAO DOMINGOS DO AZEITAO;Conversão proibida;Colisão frontal;Com Vítimas Fatais;Pleno dia;Crescente;Céu Claro;Simples;Interseção de Vias;Não;3;1;0;0;1;3;0;5;-6,82940133;-44,66412981;SPRF-MA;DEL05-MA;UOP01-DEL05-MA
618521;02/08/2024;sexta-feira;15:50:00;RS;470;223;GARIBALDI;Retorno proibido;Colisão transversal;Com Vítimas Feridas;Pleno dia;Crescente;Céu Claro;Simples;Reta;Sim;3;0;1;0;1;2;1;4;-29,21249203;-51,51794436;SPRF-RS;DEL06-RS;UOP01-DEL06-RS
618526;02/08/2024;sexta-feira;14:55:00;MS;163;461;CAMPO GRANDE;Reação tardia ou ineficiente do condutor;Colisão traseira;Sem Vítimas;Pleno dia;Crescente;Céu Claro;Simples;Reta;Não;4;0;0;0;4;0;0;2;-20,6294929;-54,57205471;SPRF-MS;DEL01-MS;UOP01-DEL01-MS
618530;02/08/2024;sexta-feira;15:50:00;MS;163;234;CAARAPO;Mal súbito do condutor;Colisão traseira;Com Vítimas Fatais;Pleno dia;Decrescente;Céu Claro;Dupla;Reta;Não;2;1;0;0;1;0;0;2;-22,43623981;-54,81995018;SPRF-MS;DEL04-MS;UOP02-DEL04-MS
618535;12/06/2024;quarta-feira;06:30:00;RS;472;552;URUGUAIANA;Carga excessiva e/ou mal acondicionada;Incêndio;Sem Vítimas;Pleno dia;Decrescente;Céu Claro;Simples;Reta;Não;2;0;0;0;1;1;0;2;-29,59060514;-56,86134862;SPRF-RS;DEL13-RS;UOP01-DEL13-RS
618541;02/08/2024;sexta-feira;08:25:00;AL;101;40,4;FLEXEIRAS;Acostamento em desnível;Tombamento;Com Vítimas Fatais;Pleno dia;Decrescente;Chuva;Dupla;Reta;Não;5;2;1;0;1;1;1;3;-9,16377891;-35,77034503;SPRF-AL;DEL01-AL;UOP02-DEL01-AL
618547;02/08/2024;sexta-feira;16:25:00;PR;373;479,8;CORONEL VIVIDA;Acessar a via sem observar a presença dos outros veículos;Colisão lateral sentido oposto;Com Vítimas Feridas;Pleno dia;Decrescente;Céu Claro;Simples;"Reta;Aclive";Sim;5;0;0;1;3;2;1;5;-25,97849917;-52,53923293;SPRF-PR;DEL02-PR;UOP01-DEL02-PR
618548;02/08/2024;sexta-feira;14:40:00;BA;324;355;CAPIM GROSSO;Acessar a via sem observar a presença dos outros veículos;Colisão frontal;Com Vítimas Feridas;Pleno dia;Decrescente;Céu Claro;Simples;Reta;Sim;2;0;0;1;0;1;1;2;-11,37578874;-40,00555515;SPRF-BA;DEL04-BA;UOP02-DEL04-BA
618551;02/08/2024;sexta-feira;16:25:00;RS;285;454,7;IJUI;Conversão proibida;Colisão lateral sentido oposto;Com Vítimas Feridas;Pleno dia;Crescente;Sol;Simples;Reta;Não;3;0;1;0;1;1;1;3;-28,38165009;-53,88145924;SPRF-RS;DEL10-RS;UOP01-DEL10-RS