id;data_inversa;dia_semana;horario;uf;br;km;municipio;causa_acidente;tipo_acidente;classificacao_acidente;fase_dia;sentido_via;condicao_metereologica;tipo_pista;tracado_via;uso_solo;pessoas;mortos;feridos_leves;feridos_graves;ilesos;ignorados;feridos;veiculos;latitude;longitude;regional;delegacia;uop
618977;04/08/2024;domingo;08:10:00;SP;116;280;EMBU DAS ARTES;Reação tardia ou ineficiente do condutor;Colisão lateral mesmo sentido;Sem Vítimas;Amanhecer;Crescente;Céu Claro;Dupla;Reta;Não;2;0;0;0;2;0;0;2;-23,66996108;-46,85590758;SPRF-SP;DEL04-SP;UOP01-DEL04-SP
618978;04/08/2024;domingo;05:18:00;MG;40;590;ITABIRITO;Pista Escorregadia;Colisão com objeto;Com Vítimas Feridas;Plena Noite;Decrescente;Chuva;Dupla;"Declive;Curva";Não;5;0;2;0;1;2;2;4;-20,36807799;-43,90982881;SPRF-MG;DEL01-MG;UOP02-DEL01-MG
618987;04/08/2024;domingo;09:05:00;CE;116;60;CHOROZINHO;Estacionar ou parar em local proibido;Colisão lateral mesmo sentido;Com Vítimas Feridas;Pleno dia;Crescente;Céu Claro;Simples;Reta;Não;3;0;1;0;1;1;1;3;-4,24676793;-38,48372024;SPRF-CE;DEL03-CE;UOP02-DEL03-CE
618993;04/08/2024;domingo;09:40:00;BA;101;770;ITABELA;Transitar na contramão;Colisão frontal;Com Vítimas Fatais;Pleno dia;Decrescente;Nublado;Simples;"Declive;Curva";Não;3;1;0;0;1;1;0;3;-16,89385437;-39,52065468;SPRF-BA;DEL09-BA;UOP01-DEL09-BA
618994;04/08/2024;domingo;10:00:00;PA;155;294;MARABA;Reação tardia ou ineficiente do condutor;Colisão traseira;Com Vítimas Feridas;Pleno dia;Crescente;Céu Claro;Simples;Reta;Não;4;0;2;0;1;3;2;5;-5,7781;-49,17217;SPRF-PA;DEL03-PA;UOP01-DEL03-PA
619000;04/08/2024;domingo;10:40:00;SE;101;37;CAPELA;Reação tardia ou ineficiente do condutor;Saída de leito carroçável;Sem Vítimas;Pleno dia;Decrescente;Céu Claro;Dupla;Reta;Não;2;0;0;0;1;1;0;2;-10,50122699;-36,94528014;SPRF-SE;DEL02-SE;UOP02-DEL02-SE
619008;04/08/2024;domingo;11:50:00;BA;101;729;EUNAPOLIS;Velocidade Incompatível;Tombamento;Com Vítimas Feridas;Pleno dia;Decrescente;Nublado;Simples;"Curva;Aclive";Não;2;0;0;1;0;1;1;2;-16,46940267;-39,57472801;SPRF-BA;DEL09-BA;UOP01-DEL09-BA
619010;04/08/2024;domingo;12:10:00;BA;116;632;JAGUAQUARA;Pedestre - Ingestão de álcool/ substâncias psicoativas;Atropelamento de Pedestre;Com Vítimas Fatais;Pleno dia;Decrescente;Céu Claro;Simples;Reta;Sim;3;1;0;0;1;1;0;3;-13,46756485;-40,03652534;SPRF-BA;DEL03-BA;UOP01-DEL03-BA
619016;04/08/2024;domingo;06:50:00;BA;116;556;BREJOES;Manobra de mudança de faixa;Colisão frontal;Com Vítimas Feridas;Pleno dia;Decrescente;Nublado;Simples;Declive;Não;3;0;1;0;1;1;1;3;-12,9370135;-39,9066028;SPRF-BA;DEL03-BA;UOP02-DEL03-BA
619020;04/08/2024;domingo;12:25:00;BA;101;872;TEIXEIRA DE FREITAS;Condutor deixou de manter distância do veículo da frente;Colisão traseira;Sem Vítimas;Pleno dia;Decrescente;Céu Claro;Simples;"Reta;Ponte";Não;3;0;0;0;2;1;0;3;-17,510565;-39,704853;SPRF-BA;DEL09-BA;UOP02-DEL09-BA
619023;04/08/2024;domingo;11:15:00;RJ;116;129;MAGE;Reação tardia ou ineficiente do condutor;Tombamento;Com Vítimas Feridas;Pleno dia;Decrescente;Céu Claro;Dupla;Curva;Não;3;0;2;1;0;0;3;2;-22,66471224;-43,11056004;SPRF-RJ;DEL04-RJ;UOP02-DEL04-RJ
619036;04/08/2024;domingo;12:00:00;BA;116;815;VITORIA DA CONQUISTA;Reação tardia ou ineficiente do condutor;Colisão traseira;Com Vítimas Feridas;Pleno dia;Decrescente;Céu Claro;Simples;Reta;Sim;4;0;0;1;2;1;1;4;-14,77315332;-40,72201784;SPRF-BA;DEL08-BA;UOP01-DEL08-BA
619051;04/08/2024;domingo;16:20:00;PR;376;305;MAUA DA SERRA;Velocidade Incompatível;Tombamento;Com Vítimas Feridas;Pleno dia;Crescente;Céu Claro;Dupla;Curva;Não;2;0;1;0;0;1;1;2;-23,96167303;-51,11499389;SPRF-PR;DEL07-PR;UOP02-DEL07-PR
619052;04/08/2024;domingo;08:25:00;MG;381;938,6;EXTREMA;Velocidade Incompatível;Tombamento;Com Vítimas Feridas;Pleno dia;Crescente;Nublado;Dupla;Curva;Não;2;0;0;1;0;1;1;2;-22,81763555;-46,29508011;SPRF-MG;DEL16-MG;UOP03-DEL16-MG
619055;04/08/2024;domingo;15:20:00;MG;381;686;LAVRAS;Velocidade Incompatível;Tombamento;Com Vítimas Feridas;Pleno dia;Crescente;Céu Claro;Dupla;Curva;Não;1;0;1;0;0;0;1;1;-21,20030689;-45,11944438;SPRF-MG;DEL04-MG;UOP02-DEL04-MG
619062;31/07/2024;quarta-feira;07:30:00;BA;324;595;CANDEIAS;Ausência de reação do condutor;Saída de leito carroçável;Com Vítimas Feridas;Pleno dia;Crescente;Céu Claro;Dupla;Reta;Não;2;0;1;0;0;1;1;2;-12,71235341;-38,45524557;SPRF-BA;DEL01-BA;UOP01-DEL01-BA
619064;04/08/2024;domingo;14:20:00;PA;10;28,7;DOM ELISEU;Ultrapassagem Indevida;Tombamento;Com Vítimas Feridas;Pleno dia;Decrescente;Céu Claro;Simples;Reta;Não;4;0;1;0;2;7;1;10;-4,207733;-47,545116;SPRF-PA;DEL02-PA;UOP02-DEL02-PA
619084;04/08/2024;domingo;13:40:00;SC;101;31,5;JOINVILLE;Manobra de mudança de faixa;Colisão lateral mesmo sentido;Com Vítimas Feridas;Pleno dia;Decrescente;Sol;Dupla;Reta;Não;4;0;3;0;0;1;3;2;-26,22195899;-48,91634925;SPRF-SC;DEL03-SC;UOP01-DEL03-SC
619086;04/08/2024;domingo;18:15:00;MT;163;855;SINOP;Transitar na contramão;Colisão frontal;Com Vítimas Fatais;Plena Noite;Crescente;Céu Claro;Simples;"Aclive;Reta";Não;4;1;0;1;1;2;1;4;-11,68833862;-55,45027256;SPRF-MT;DEL06-MT;UOP02-DEL06-MT
619098;04/08/2024;domingo;09:00:00;AL;101;145;SAO MIGUEL DOS CAMPOS;Carga excessiva e/ou mal acondicionada;Tombamento;Com Vítimas Feridas;Pleno dia;Crescente;Céu Claro;Dupla;"Declive;Curva";Não;2;0;0;1;0;1;1;2;-9,8653691;-36,14215324;SPRF-AL;DEL02-AL;UOP01-DEL02-AL
619100;04/08/2024;domingo;18:40:00;MG;381;502;BETIM;Ingestão de álcool pelo condutor;Saída de leito carroçável;Com Vítimas Feridas;Plena Noite;Crescente;Céu Claro;Dupla;Reta;Sim;2;0;1;0;0;1;1;2;-20,03619694;-44,24586303;SPRF-MG;DEL01-MG;UOP03-DEL01-MG
619102;04/08/2024;domingo;20:20:00;RJ;116;169;RIO DE JANEIRO;Ausência de reação do condutor;Colisão com objeto;Com Vítimas Feridas;Plena Noite;Crescente;Céu Claro;Dupla;Reta;Sim;3;0;1;0;1;1;1;3;-22,816206;-43,324463;SPRF-RJ;DEL06-RJ;UOP01-DEL06-RJ
619104;04/08/2024;domingo;21:00:00;RS;386;51,4;SEBERI;Reação tardia ou ineficiente do condutor;Colisão traseira;Sem Vítimas;Plena Noite;Decrescente;Chuva;Simples;Reta;Sim;4;0;0;0;2;3;0;5;-27,500874;-53,388092;SPRF-RS;DEL08-RS;UOP02-DEL08-RS
619123;04/08/2024;domingo;22:45:00;ES;101;356,5;ANCHIETA;Ingestão de álcool pelo condutor;Colisão transversal;Com Vítimas Fatais;Plena Noite;Crescente;Nublado;Dupla;Curva;Não;3;1;0;0;0;2;0;3;-20,69339794;-40,68748402;SPRF-ES;DEL03-ES;UOP01-DEL03-ES
619147;04/08/2024;domingo;21:20:00;MG;381;224,6;BELO ORIENTE;Transitar na contramão;Colisão frontal;Com Vítimas Feridas;Plena Noite;Crescente;Nublado;Simples;Reta;Não;4;0;0;1;2;1;1;4;-19,32195575;-42,40678723;SPRF-MG;DEL06-MG;UOP01-DEL06-MG
619148;04/08/2024;domingo;16:00:00;SC;470;190;POUSO REDONDO;Velocidade Incompatível;Tombamento;Com Vítimas Feridas;Pleno dia;Decrescente;Céu Claro;Dupla;"Declive;Curva";Não;2;0;1;0;0;1;1;2;-27,281504;-50,069775;SPRF-SC;DEL04-SC;UOP02-DEL04-SC
619149;04/08/2024;domingo;07:00:00;PI;135;542;SAO GONCALO DO GURGUEIA;Reação tardia ou ineficiente do condutor;Tombamento;Com Vítimas Feridas;Pleno dia;Decrescente;Céu Claro;Simples;"Declive;Curva";Não;1;0;1;0;0;0;1;1;-10,05360804;-45,28336399;SPRF-PI;DEL03-PI;UOP02-DEL03-PI
619152;04/08/2024;domingo;19:50:00;CE;222;211,7;FORQUILHA;Ultrapassagem Indevida;Colisão frontal;Com Vítimas Fatais;Plena Noite;Crescente;Céu Claro;Simples;Curva;Não;2;1;0;0;1;0;0;2;-3,794107;-40,275047;SPRF-CE;DEL04-CE;UOP01-DEL04-CE
619154;05/08/2024;segunda-feira;00:20:00;PR;277;118,5;CAMPO LARGO;Pedestre cruzava a pista fora da faixa;Atropelamento de Pedestre;Com Vítimas Fatais;Plena Noite;Decrescente;Céu Claro;Dupla;Reta;Não;2;1;0;0;0;1;0;2;-25,4467;-49,4891;SPRF-PR;DEL03-PR;UOP03-DEL03-PR
619156;05/08/2024;segunda-feira;00:50:00;SP;116;568;BARRA DO TURVO;Velocidade Incompatível;Tombamento;Com Vítimas Feridas;Plena Noite;Decrescente;Céu Claro;Simples;Curva;Não;4;0;3;0;0;2;3;3;-25,055473;-48,55555216;SPRF-SP;DEL05-SP;UOP02-DEL05-SP
619160;05/08/2024;segunda-feira;00:20:00;SC;470;153,6;AGRONOMICA;Ingestão de álcool pelo condutor;Colisão frontal;Com Vítimas Feridas;Plena Noite;Decrescente;Céu Claro;Simples;"Reta;Interseção de Vias";Não;4;0;2;0;1;1;2;3;-27,272911;-49,734741;SPRF-SC;DEL04-SC;UOP02-DEL04-SC
619161;05/08/2024;segunda-feira;01:30:00;RS;392;81;PELOTAS;Reação tardia ou ineficiente do condutor;Saída de leito carroçável;Com Vítimas Feridas;Plena Noite;Crescente;Chuva;Simples;Reta;Não;2;0;1;0;0;2;1;3;-31,66857878;-52,46031269;SPRF-RS;DEL07-RS;UOP01-DEL07-RS
619163;05/08/2024;segunda-feira;01:42:00;SC;101;162;TIJUCAS;Acessar a via sem observar a presença dos outros veículos;Colisão transversal;Com Vítimas Feridas;Plena Noite;Decrescente;Nublado;Múltipla;Reta;Sim;3;0;1;0;1;1;1;3;-27,22554009;-48,6279367;SPRF-SC;DEL04-SC;UOP03-DEL04-SC
619165;05/08/2024;segunda-feira;03:15:00;SP;116;110;TAUBATE;Reação tardia ou ineficiente do condutor;Colisão traseira;Com Vítimas Feridas;Plena Noite;Decrescente;Céu Claro;Dupla;Reta;Sim;5;0;2;0;1;2;2;4;-23,03412614;-45,5526999;SPRF-SP;DEL02-SP;UOP02-DEL02-SP
619168;05/08/2024;segunda-feira;02:15:00;PE;232;334;CUSTODIA;Pedestre cruzava a pista fora da faixa;Atropelamento de Pedestre;Com Vítimas Fatais;Plena Noite;Decrescente;Chuva;Simples;Reta;Sim;2;1;0;0;0;1;0;2;-8,08748731;-37,6361501;SPRF-PE;DEL04-PE;UOP02-DEL04-PE
619174;05/08/2024;segunda-feira;05:15:00;MG;381;489;BETIM;Manobra de mudança de faixa;Colisão lateral mesmo sentido;Com Vítimas Feridas;Amanhecer;Decrescente;Céu Claro;Múltipla;Reta;Sim;3;0;1;0;2;0;1;2;-19,96245618;-44,16455495;SPRF-MG;DEL01-MG;UOP03-DEL01-MG
619175;05/08/2024;segunda-feira;04:45:00;SE;101;153;ESTANCIA;Ausência de reação do condutor;Tombamento;Com Vítimas Feridas;Plena Noite;Decrescente;Ignorado;Simples;"Declive;Curva";Não;3;0;2;0;0;1;2;2;-11,27698008;-37,44948398;SPRF-SE;DEL02-SE;UOP01-DEL02-SE
619179;05/08/2024;segunda-feira;02:30:00;MA;10;51,9;CAROLINA;Estacionar ou parar em local proibido;Colisão lateral sentido oposto;Com Vítimas Feridas;Plena Noite;Decrescente;Nublado;Múltipla;"Declive;Curva";Não;46;0;1;0;43;3;1;4;-7,20054;-47,425835;SPRF-MA;DEL04-MA;UOP02-DEL04-MA
619180;04/08/2024;domingo;21:25:00;MG;381;233,8;BELO ORIENTE;Transitar na contramão;Colisão lateral sentido oposto;Com Vítimas Feridas;Plena Noite;Decrescente;Nublado;Simples;Reta;Não;2;0;0;1;1;0;1;2;-19,37236068;-42,4590332;SPRF-MG;DEL06-MG;UOP01-DEL06-MG
619181;05/08/2024;segunda-feira;06:40:00;SC;101;201;SAO JOSE;Manobra de mudança de faixa;Colisão lateral mesmo sentido;Sem Vítimas;Pleno dia;Crescente;Céu Claro;Dupla;Reta;Não;3;0;0;0;2;2;0;4;-27,54836599;-48,61977975;SPRF-SC;DEL01-SC;UOP01-DEL01-SC
619182;05/08/2024;segunda-feira;06:15:00;MG;381;365;SAO GONCALO DO RIO ABAIXO;Ausência de reação do condutor;Colisão frontal;Com Vítimas Feridas;Amanhecer;Crescente;Chuva;Simples;"Declive;Curva";Não;3;0;0;1;1;2;1;4;-19,854651;-43,261071;SPRF-MG;DEL03-MG;UOP01-DEL03-MG
619196;05/08/2024;segunda-feira;07:15:00;PR;376;323;ORTIGUEIRA;Transitar na contramão;Colisão frontal;Com Vítimas Fatais;Pleno dia;Crescente;Céu Claro;Simples;Curva;Não;3;1;0;0;1;1;0;3;-24,0413181;-51,076468;SPRF-PR;DEL07-PR;UOP02-DEL07-PR
619201;05/08/2024;segunda-feira;07:40:00;RS;158;328;SANTA MARIA;Ausência de reação do condutor;Engavetamento;Com Vítimas Feridas;Pleno dia;Decrescente;Nublado;Dupla;"Reta;Viaduto";Sim;4;0;1;0;2;1;1;4;-29,71112906;-53,81968204;SPRF-RS;DEL09-RS;UOP01-DEL09-RS
619203;05/08/2024;segunda-feira;07:45:00;RJ;40;94;DUQUE DE CAXIAS;Demais falhas mecânicas ou elétricas;Colisão com objeto;Com Vítimas Feridas;Pleno dia;Crescente;Céu Claro;Simples;"Declive;Curva";Não;1;0;0;1;0;0;1;1;-22,55763285;-43,26574352;SPRF-RJ;DEL01-RJ;UOP01-DEL01-RJ
619206;05/08/2024;segunda-feira;07:40:00;SP;116;279;EMBU DAS ARTES;Reação tardia ou ineficiente do condutor;Colisão lateral mesmo sentido;Com Vítimas Feridas;Pleno dia;Decrescente;Céu Claro;Dupla;"Retorno Regulamentado;Curva";Sim;2;0;1;0;1;0;1;2;-23,66233697;-46,85292907;SPRF-SP;DEL04-SP;UOP01-DEL04-SP
619207;05/08/2024;segunda-feira;07:00:00;RS;386;379,2;PAVERAMA;Acessar a via sem observar a presença dos outros veículos;Colisão lateral mesmo sentido;Com Vítimas Feridas;Pleno dia;Decrescente;Nevoeiro/Neblina;Dupla;"Declive;Reta";Não;3;0;1;0;1;1;1;3;-29,644915;-51,766876;SPRF-RS;DEL04-RS;UOP01-DEL04-RS
619210;05/08/2024;segunda-feira;06:00:00;MG;381;320;NOVA ERA;Frear bruscamente;Colisão lateral sentido oposto;Com Vítimas Feridas;Amanhecer;Decrescente;Chuva;Simples;"Aclive;Curva";Não;5;0;2;0;1;2;2;3;-19,6931627;-42,99284935;SPRF-MG;DEL03-MG;UOP02-DEL03-MG
619213;05/08/2024;segunda-feira;07:40:00;CE;222;101,3;ITAPAJE;Transitar na contramão;Colisão frontal;Com Vítimas Fatais;Pleno dia;Crescente;Céu Claro;Simples;Reta;Não;3;1;1;0;0;1;1;3;-3,73250518;-39,42690892;SPRF-CE;DEL04-CE;UOP03-DEL04-CE
619215;05/08/2024;segunda-feira;07:40:00;SC;282;23,8;SANTO AMARO DA IMPERATRIZ;Desrespeitar a preferência no cruzamento;Colisão transversal;Com Vítimas Feridas;Pleno dia;Crescente;Céu Claro;Simples;Reta;Sim;8;0;0;1;7;0;1;3;-27,68452951;-48,74358058;SPRF-SC;DEL01-SC;UOP03-DEL01-SC
619218;05/08/2024;segunda-feira;08:00:00;PR;369;147;LONDRINA;Trafegar com motocicleta (ou similar) entre as faixas;Colisão lateral mesmo sentido;Com Vítimas Feridas;Pleno dia;Decrescente;Céu Claro;Dupla;Reta;Sim;4;0;2;0;1;1;2;3;-23,29322957;-51,13483429;SPRF-PR;DEL07-PR;UOP01-DEL07-PR
619220;05/08/2024;segunda-feira;00:25:00;MG;40;281,1;TRES MARIAS;Transitar na contramão;Colisão lateral sentido oposto;Sem Vítimas;Plena Noite;Crescente;Céu Claro;Simples;Reta;Não;3;0;0;0;1;2;0;3;-18,24214561;-45,2080525;SPRF-MG;DEL14-MG;UOP02-DEL14-MG
619223;05/08/2024;segunda-feira;07:45:00;PR;476;148;ARAUCARIA;Condutor Dormindo;Colisão lateral mesmo sentido;Com Vítimas Feridas;Pleno dia;Decrescente;Nublado;Dupla;Reta;Sim;6;0;2;1;2;1;3;6;-25,557121;-49,348732;SPRF-PR;DEL01-PR;UOP06-DEL01-PR
619240;05/08/2024;segunda-feira;08:28:00;RR;174;466;BOA VISTA;Acessar a via sem observar a presença dos outros veículos;Colisão lateral mesmo sentido;Com Vítimas Feridas;Pleno dia;Crescente;Céu Claro;Simples;Reta;Não;5;0;1;0;3;1;1;3;2,581366;-60,876972;SPRF-RR;DEL01-RR;UOP01-DEL01-RR
619241;05/08/2024;segunda-feira;07:40:00;PI;343;202;PIRIPIRI;Reação tardia ou ineficiente do condutor;Colisão lateral sentido oposto;Com Vítimas Feridas;Pleno dia;Crescente;Céu Claro;Simples;Reta;Não;6;0;1;2;2;1;3;3;-4,395802;-41,859032;SPRF-PI;DEL02-PI;UOP01-DEL02-PI
619245;05/08/2024;segunda-feira;11:05:00;PR;277;205,9;PALMEIRA;Reação tardia ou ineficiente do condutor;Colisão lateral mesmo sentido;Com Vítimas Feridas;Pleno dia;Crescente;Nublado;Simples;Reta;Não;7;0;2;1;3;2;3;6;-25,46446641;-50,249942;SPRF-PR;DEL08-PR;UOP02-DEL08-PR
619247;05/08/2024;segunda-feira;10:50:00;PE;232;9;JABOATAO DOS GUARARAPES;Transitar no Acostamento;Colisão transversal;Sem Vítimas;Pleno dia;Crescente;Céu Claro;Dupla;Reta;Sim;3;0;0;0;2;1;0;3;-8,07764447;-34,97863609;SPRF-PE;DEL01-PE;UOP01-DEL01-PE
619248;05/08/2024;segunda-feira;09:00:00;PR;476;279;SAO MATEUS DO SUL;Acessar a via sem observar a presença dos outros veículos;Colisão transversal;Com Vítimas Fatais;Pleno dia;Decrescente;Garoa/Chuvisco;Simples;"Reta;Declive";Sim;5;1;1;1;1;1;2;3;-25,87088566;-50,40501595;SPRF-PR;DEL02-PR;UOP03-DEL02-PR
619250;05/08/2024;segunda-feira;10:50:00;SC;470;60,2;BLUMENAU;Acessar a via sem observar a presença dos outros veículos;Colisão transversal;Com Vítimas Feridas;Pleno dia;Crescente;Céu Claro;Simples;"Reta;Retorno Regulamentado";Sim;5;0;1;2;1;2;3;4;-26,88138;-49,164543;SPRF-SC;DEL04-SC;UOP01-DEL04-SC
619254;05/08/2024;segunda-feira;09:00:00;ES;262;134,1;BREJETUBA;Velocidade Incompatível;Tombamento;Sem Vítimas;Pleno dia;Crescente;Nublado;Simples;Curva;Não;2;0;0;0;0;2;0;2;-20,24029105;-41,32539293;SPRF-ES;DEL01-ES;UOP02-DEL01-ES
619258;24/07/2024;quarta-feira;16:41:00;BA;324;516;FEIRA DE SANTANA;Acessar a via sem observar a presença dos outros veículos;Queda de ocupante de veículo;Com Vítimas Feridas;Pleno dia;Decrescente;Céu Claro;Simples;Reta;Sim;2;0;0;1;0;1;1;2;-12,248913;-38,933693;SPRF-BA;DEL02-BA;UOP01-DEL02-BA
619272;05/08/2024;segunda-feira;14:15:00;RS;285;195,9;LAGOA VERMELHA;Reação tardia ou ineficiente do condutor;Colisão traseira;Com Vítimas Feridas;Pleno dia;Decrescente;Nublado;Simples;"Rotatória;Reta";Sim;4;0;1;0;1;3;1;5;-28,234371;-51,50174;SPRF-RS;DEL08-RS;UOP05-DEL08-RS
619273;05/08/2024;segunda-feira;14:24:00;DF;40;3;BRASILIA;Manobra de mudança de faixa;Colisão lateral mesmo sentido;Sem Vítimas;Pleno dia;Crescente;Céu Claro;Dupla;"Reta;Viaduto";Sim;2;0;0;0;1;1;0;2;-16,003145;-47,983944;SPRF-DF;DEL01-DF;UOP01-DEL01-DF
619277;05/08/2024;segunda-feira;13:50:00;MT;70;82;GENERAL CARNEIRO;Condutor deixou de manter distância do veículo da frente;Colisão traseira;Sem Vítimas;Pleno dia;Crescente;Céu Claro;Simples;Reta;Não;3;0;0;0;2;6;0;8;-15,6498168;-52,80612946;SPRF-MT;DEL07-MT;UOP01-DEL07-MT
619278;06/07/2024;sábado;23:38:00;TO;153;494;PARAISO DO TOCANTINS;Ingestão de álcool pelo condutor;Tombamento;Sem Vítimas;Plena Noite;Crescente;Céu Claro;Simples;Reta;Sim;3;0;0;0;2;1;0;2;-10,16456781;-48,88130296;SPRF-TO;DEL01-TO;UOP01-DEL01-TO
619279;05/08/2024;segunda-feira;13:15:00;PR;277;289;PRUDENTOPOLIS;Velocidade Incompatível;Colisão lateral sentido oposto;Com Vítimas Feridas;Pleno dia;Crescente;Céu Claro;Simples;Reta;Não;3;0;1;0;1;2;1;4;-25,31841715;-50,99422008;SPRF-PR;DEL08-PR;UOP02-DEL08-PR
619282;05/08/2024;segunda-feira;14:40:00;SE;101;187;UMBAUBA;Ultrapassagem Indevida;Colisão frontal;Com Vítimas Feridas;Pleno dia;Decrescente;Sol;Simples;Aclive;Não;5;0;1;1;0;3;2;5;-11,40508812;-37,69179693;SPRF-SE;DEL02-SE;UOP03-DEL02-SE
619285;05/08/2024;segunda-feira;11:45:00;SP;101;52;UBATUBA;Demais falhas mecânicas ou elétricas;Tombamento;Com Vítimas Fatais;Pleno dia;Crescente;Céu Claro;Simples;Rotatória;Sim;1;1;0;0;0;0;0;1;-23,46336443;-45,06431937;SPRF-SP;DEL06-SP;UOP01-DEL06-SP
619300;05/08/2024;segunda-feira;11:25:00;RJ;116;229;PIRAI;Demais falhas mecânicas ou elétricas;Tombamento;Com Vítimas Feridas;Pleno dia;Decrescente;Céu Claro;Dupla;"Declive;Curva";Não;1;0;0;1;0;0;1;1;-22,67938933;-43,83607149;SPRF-RJ;DEL07-RJ;UOP01-DEL07-RJ
619305;05/08/2024;segunda-feira;16:50:00;PR;376;158,6;MANDAGUACU;Acessar a via sem observar a presença dos outros veículos;Colisão traseira;Com Vítimas Feridas;Pleno dia;Crescente;Sol;Dupla;"Reta;Retorno Regulamentado";Sim;4;0;1;0;2;1;1;4;-23,357723;-52,088777;SPRF-PR;DEL09-PR;UOP01-DEL09-PR
619306;05/08/2024;segunda-feira;14:45:00;MT;70;522;VARZEA GRANDE;Acessar a via sem observar a presença dos outros veículos;Colisão transversal;Com Vítimas Feridas;Pleno dia;Crescente;Céu Claro;Simples;Reta;Sim;4;0;2;0;1;3;2;5;-15,67229604;-56,18202209;SPRF-MT;DEL01-MT;UOP02-DEL01-MT
619311;05/08/2024;segunda-feira;17:25:00;MG;381;561;ITAGUARA;Demais falhas mecânicas ou elétricas;Colisão traseira;Com Vítimas Feridas;Anoitecer;Crescente;Céu Claro;Dupla;"Curva;Declive";Não;5;0;1;1;2;2;2;5;-20,39224209;-44,49492995;SPRF-MG;DEL04-MG;UOP03-DEL04-MG
619318;05/08/2024;segunda-feira;16:30:00;RJ;101;198;CASIMIRO DE ABREU;Ausência de reação do condutor;Colisão traseira;Com Vítimas Feridas;Pleno dia;Decrescente;Céu Claro;Dupla;"Reta;Aclive";Não;3;0;2;0;1;0;2;2;-22,49157993;-42,12771201;SPRF-RJ;DEL08-RJ;UOP04-DEL08-RJ
619329;05/08/2024;segunda-feira;18:15:00;SC;101;132,6;BALNEARIO CAMBORIU;Reação tardia ou ineficiente do condutor;Engavetamento;Com Vítimas Feridas;Anoitecer;Crescente;Céu Claro;Dupla;Reta;Sim;5;0;1;0;3;1;1;5;-26,99654133;-48,65564711;SPRF-SC;DEL04-SC;UOP03-DEL04-SC
619332;05/08/2024;segunda-feira;18:30:00;PR;116;116;CURITIBA;Trafegar com motocicleta (ou similar) entre as faixas;Colisão traseira;Com Vítimas Feridas;Plena Noite;Decrescente;Céu Claro;Dupla;Viaduto;Sim;4;0;1;0;2;1;1;4;-25,54444239;-49,30321276;SPRF-PR;DEL01-PR;UOP03-DEL01-PR
619334;05/08/2024;segunda-feira;18:30:00;SP;116;284;ITAPECERICA DA SERRA;Velocidade Incompatível;Tombamento;Com Vítimas Feridas;Plena Noite;Crescente;Céu Claro;Dupla;Curva;Não;2;0;1;0;0;2;1;3;-23,69998;-46,867767;SPRF-SP;DEL04-SP;UOP01-DEL04-SP
619344;05/08/2024;segunda-feira;19:40:00;MG;50;127;UBERABA;Ausência de reação do condutor;Colisão traseira;Com Vítimas Feridas;Plena Noite;Decrescente;Céu Claro;Dupla;Reta;Não;3;0;1;0;1;1;1;3;-19,364272;-48,07927;SPRF-MG;DEL13-MG;UOP01-DEL13-MG
619352;05/08/2024;segunda-feira;19:12:00;SC;282;602,1;CUNHA PORA;Acesso irregular;Colisão transversal;Com Vítimas Feridas;Plena Noite;Decrescente;Garoa/Chuvisco;Simples;"Em Obras;Interseção de Vias";Não;5;0;3;0;2;0;3;2;-26,806049;-53,178757;SPRF-SC;DEL07-SC;UOP02-DEL07-SC
619353;05/08/2024;segunda-feira;20:30:00;PR;376;547;BALSA NOVA;Ausência de sinalização;Colisão traseira;Sem Vítimas;Plena Noite;Crescente;Céu Claro;Dupla;"Reta;Aclive";Não;3;0;0;0;2;1;0;3;-25,47549518;-49,72062508;SPRF-PR;DEL03-PR;UOP03-DEL03-PR
619354;05/08/2024;segunda-feira;20:00:00;SC;101;50,8;JOINVILLE;Suicídio (presumido);Atropelamento de Pedestre;Com Vítimas Feridas;Plena Noite;Decrescente;Céu Claro;Dupla;Reta;Não;3;0;0;1;1;1;1;3;-26,37546719;-48,85479619;SPRF-SC;DEL03-SC;UOP01-DEL03-SC
619355;05/08/2024;segunda-feira;19:30:00;RS;285;154,9;MUITOS CAPOES;Acessar a via sem observar a presença dos outros veículos;Colisão transversal;Com Vítimas Feridas;Plena Noite;Crescente;Nublado;Simples;Reta;Sim;5;0;0;3;1;1;3;3;-28,332582;-51,170681;SPRF-RS;DEL05-RS;UOP03-DEL05-RS
619357;05/08/2024;segunda-feira;19:30:00;SC;470;290;CAMPOS NOVOS;Reação tardia ou ineficiente do condutor;Colisão transversal;Com Vítimas Feridas;Plena Noite;Decrescente;Nublado;Simples;Interseção de Vias;Não;3;0;1;0;1;2;1;4;-27,335585;-50,962185;SPRF-SC;DEL07-SC;UOP06-DEL07-SC
619358;05/08/2024;segunda-feira;19:40:00;MG;364;7,2;PLANURA;Desrespeitar a preferência no cruzamento;Colisão lateral mesmo sentido;Com Vítimas Feridas;Plena Noite;Crescente;Céu Claro;Simples;"Interseção de Vias;Reta";Não;7;0;2;0;5;0;2;2;-20,13824;-48,702347;SPRF-MG;DEL13-MG;UOP02-DEL13-MG
619360;05/08/2024;segunda-feira;20:15:00;CE;116;114;RUSSAS;Ausência de reação do condutor;Colisão traseira;Com Vítimas Fatais;Plena Noite;Decrescente;Céu Claro;Simples;Reta;Não;8;2;2;0;3;5;2;10;-4,59017224;-38,21458957;SPRF-CE;DEL03-CE;UOP01-DEL03-CE