id;data_inversa;dia_semana;horario;uf;br;km;municipio;causa_acidente;tipo_acidente;classificacao_acidente;fase_dia;sentido_via;condicao_metereologica;tipo_pista;tracado_via;uso_solo;pessoas;mortos;feridos_leves;feridos_graves;ilesos;ignorados;feridos;veiculos;latitude;longitude;regional;delegacia;uop
619365;10/06/2024;segunda-feira;00:02:00;BA;242;323;LAJEDINHO;Curva acentuada;Tombamento;Com Vítimas Feridas;Plena Noite;Decrescente;Garoa/Chuvisco;Simples;Curva;Não;2;0;1;0;0;2;1;3;-12,46696077;-41,08411368;SPRF-BA;DEL06-BA;UOP01-DEL06-BA
619371;05/08/2024;segunda-feira;23:00:00;PR;376;522,5;PONTA GROSSA;Velocidade Incompatível;Saída de leito carroçável;Sem Vítimas;Plena Noite;Decrescente;Nublado;Dupla;Reta;Não;1;0;0;0;1;0;0;1;-25,29555894;-49,89661593;SPRF-PR;DEL03-PR;UOP04-DEL03-PR
619377;06/08/2024;terça-feira;01:30:00;MG;381;778;CAMPANHA;Demais falhas mecânicas ou elétricas;Incêndio;Sem Vítimas;Plena Noite;Decrescente;Céu Claro;Dupla;Curva;Não;2;0;0;0;1;1;0;2;-21,83280868;-45,50064606;SPRF-MG;DEL16-MG;UOP02-DEL16-MG
619378;05/08/2024;segunda-feira;22:30:00;SC;101;135,5;BALNEARIO CAMBORIU;Demais falhas mecânicas ou elétricas;Saída de leito carroçável;Sem Vítimas;Plena Noite;Decrescente;Nevoeiro/Neblina;Múltipla;Reta;Sim;2;0;0;0;1;3;0;4;-27,00584435;-48,62309039;SPRF-SC;DEL04-SC;UOP03-DEL04-SC
619390;06/08/2024;terça-feira;01:00:00;MG;262;648,5;IBIA;Condutor Dormindo;Colisão traseira;Sem Vítimas;Plena Noite;Decrescente;Céu Claro;Simples;"Aclive;Reta";Não;3;0;0;0;2;3;0;5;-19,58469852;-46,61533356;SPRF-MG;DEL08-MG;UOP01-DEL08-MG
619391;06/08/2024;terça-feira;06:30:00;PR;116;1;QUATRO BARRAS;Acessar a via sem observar a presença dos outros veículos;Colisão traseira;Com Vítimas Feridas;Amanhecer;Decrescente;Céu Claro;Dupla;Reta;Sim;2;0;1;0;1;0;1;2;-25,3514;-49,0599;SPRF-PR;DEL01-PR;UOP02-DEL01-PR
619392;06/08/2024;terça-feira;03:00:00;SC;470;107,8;APIUNA;Ausência de reação do condutor;Tombamento;Com Vítimas Feridas;Plena Noite;Crescente;Nublado;Simples;Curva;Não;1;0;1;0;0;0;1;1;-27,077623;-49,43145;SPRF-SC;DEL04-SC;UOP02-DEL04-SC
619399;10/07/2024;quarta-feira;07:50:00;SC;470;4,5;NAVEGANTES;Ausência de reação do condutor;Colisão traseira;Com Vítimas Feridas;Pleno dia;Crescente;Chuva;Dupla;Reta;Não;3;0;1;0;1;1;1;3;-26,858473;-48,690788;SPRF-SC;DEL04-SC;UOP04-DEL04-SC
619400;06/08/2024;terça-feira;07:40:00;SC;101;204,1;FLORIANOPOLIS;Ausência de reação do condutor;Colisão traseira;Com Vítimas Feridas;Pleno dia;Decrescente;Céu Claro;Múltipla;Reta;Não;2;0;0;1;1;0;1;2;-27,57413014;-48,61363083;SPRF-SC;DEL01-SC;UOP01-DEL01-SC
619404;05/08/2024;segunda-feira;06:00:00;BA;116;251;TUCANO;Demais falhas mecânicas ou elétricas;Incêndio;Com Vítimas Feridas;Pleno dia;Crescente;Nublado;Simples;"Declive;Reta";Não;2;0;1;0;0;1;1;2;-10,78390597;-38,89043294;SPRF-BA;DEL07-BA;UOP02-DEL07-BA
619406;06/08/2024;terça-feira;08:00:00;ES;101;76;SAO MATEUS;Velocidade Incompatível;Colisão com objeto;Com Vítimas Feridas;Pleno dia;Crescente;Céu Claro;Simples;Declive;Não;3;0;3;0;0;0;3;2;-18,79220409;-39,88463988;SPRF-ES;DEL04-ES;UOP02-DEL04-ES
619409;06/08/2024;terça-feira;08:50:00;PB;101;67,9;SANTA RITA;Demais falhas mecânicas ou elétricas;Saída de leito carroçável;Com Vítimas Feridas;Pleno dia;Crescente;Céu Claro;Dupla;Reta;Não;3;0;3;0;0;0;3;1;-7,05298058;-35,03595029;SPRF-PB;DEL01-PB;UOP04-DEL01-PB
619410;06/08/2024;terça-feira;08:10:00;PE;232;8;RECIFE;Ausência de reação do condutor;Colisão traseira;Com Vítimas Feridas;Pleno dia;Decrescente;Céu Claro;Dupla;"Em Obras;Reta";Não;3;0;1;0;2;0;1;3;-8,07583727;-34,97015791;SPRF-PE;DEL01-PE;UOP01-DEL01-PE
619415;06/08/2024;terça-feira;07:50:00;PR;369;70,5;SANTA MARIANA;Desrespeitar a preferência no cruzamento;Colisão transversal;Com Vítimas Fatais;Pleno dia;Decrescente;Céu Claro;Simples;"Interseção de Vias;Curva";Não;5;2;0;1;1;2;1;4;-23,14638483;-50,4985553;SPRF-PR;DEL07-PR;UOP05-DEL07-PR
619420;06/08/2024;terça-feira;09:45:00;SP;116;197;ARUJA;Reação tardia ou ineficiente do condutor;Colisão traseira;Com Vítimas Feridas;Pleno dia;Crescente;Céu Claro;Dupla;Reta;Não;5;0;3;0;1;1;3;3;-23,39721625;-46,29284287;SPRF-SP;DEL01-SP;UOP01-DEL01-SP
619423;05/08/2024;segunda-feira;19:00:00;PE;101;65;RECIFE;Trafegar com motocicleta (ou similar) entre as faixas;Colisão lateral mesmo sentido;Com Vítimas Feridas;Plena Noite;Decrescente;Céu Claro;Múltipla;"Reta;Ponte";Não;2;0;1;0;0;1;1;2;-8,02731726;-34,94293928;SPRF-PE;DEL01-PE;UOP01-DEL01-PE
619425;06/08/2024;terça-feira;08:45:00;SP;116;130;CACAPAVA;Reação tardia ou ineficiente do condutor;Colisão traseira;Com Vítimas Feridas;Pleno dia;Crescente;Céu Claro;Dupla;Reta;Sim;6;0;1;0;3;3;1;7;-23,12313858;-45,72792271;SPRF-SP;DEL02-SP;UOP02-DEL02-SP
619428;06/08/2024;terça-feira;07:30:00;SC;101;42;JOINVILLE;Reação tardia ou ineficiente do condutor;Colisão traseira;Com Vítimas Feridas;Pleno dia;Decrescente;Céu Claro;Múltipla;"Aclive;Reta";Sim;5;0;3;0;1;1;3;5;-26,31861067;-48,87168825;SPRF-SC;DEL03-SC;UOP01-DEL03-SC
619432;06/08/2024;terça-feira;10:40:00;PR;376;598;CURITIBA;Manobra de mudança de faixa;Colisão lateral mesmo sentido;Com Vítimas Feridas;Pleno dia;Crescente;Céu Claro;Dupla;"Declive;Reta";Não;4;0;2;0;1;1;2;3;-25,52041203;-49,33468157;SPRF-PR;DEL01-PR;UOP06-DEL01-PR
619434;06/08/2024;terça-feira;08:00:00;PR;476;247,7;ANTONIO OLINTO;Curva acentuada;Colisão lateral sentido oposto;Com Vítimas Feridas;Pleno dia;Decrescente;Sol;Simples;Curva;Não;3;0;2;0;0;1;2;3;-25,86396;-50,13271;SPRF-PR;DEL02-PR;UOP03-DEL02-PR
619440;06/08/2024;terça-feira;09:21:00;SC;101;103,1;BALNEARIO PICARRAS;Condutor deixou de manter distância do veículo da frente;Colisão traseira;Com Vítimas Feridas;Pleno dia;Crescente;Nublado;Dupla;"Reta;Declive";Não;3;0;1;0;1;1;1;3;-26,78365972;-48,68304849;SPRF-SC;DEL03-SC;UOP02-DEL03-SC
619442;06/08/2024;terça-feira;11:41:00;MG;381;536,4;ITATIAIUCU;Manobra de mudança de faixa;Colisão lateral mesmo sentido;Com Vítimas Feridas;Pleno dia;Crescente;Sol;Dupla;Reta;Não;3;0;1;0;1;1;1;3;-20,22443302;-44,39530859;SPRF-MG;DEL04-MG;UOP03-DEL04-MG
619443;06/08/2024;terça-feira;10:45:00;MT;364;207;RONDONOPOLIS;Trafegar com motocicleta (ou similar) entre as faixas;Tombamento;Com Vítimas Fatais;Pleno dia;Decrescente;Sol;Dupla;Reta;Sim;4;1;0;0;1;2;0;4;-16,44336036;-54,6722281;SPRF-MT;DEL02-MT;UOP01-DEL02-MT
619452;06/08/2024;terça-feira;12:40:00;SC;101;215,7;PALHOCA;Manobra de mudança de faixa;Colisão transversal;Com Vítimas Feridas;Pleno dia;Decrescente;Nublado;Múltipla;Reta;Sim;2;0;0;1;1;0;1;2;-27,65184843;-48,67604941;SPRF-SC;DEL01-SC;UOP02-DEL01-SC
619453;06/08/2024;terça-feira;07:20:00;BA;116;911;ENCRUZILHADA;Velocidade Incompatível;Colisão traseira;Sem Vítimas;Pleno dia;Decrescente;Céu Claro;Simples;Declive;Não;3;0;0;0;2;4;0;6;-15,52218;-41,24284;SPRF-BA;DEL08-BA;UOP03-DEL08-BA
619456;06/08/2024;terça-feira;09:00:00;MG;365;475;PATROCINIO;Reação tardia ou ineficiente do condutor;Colisão lateral sentido oposto;Com Vítimas Feridas;Pleno dia;Decrescente;Céu Claro;Múltipla;"Reta;Aclive";Sim;4;0;1;0;3;0;1;2;-18,91842225;-47,03316973;SPRF-MG;DEL10-MG;UOP01-DEL10-MG
619458;03/07/2024;quarta-feira;21:00:00;GO;50;122;IPAMERI;Ausência de reação do condutor;Colisão traseira;Com Vítimas Feridas;Plena Noite;Decrescente;Céu Claro;Dupla;Reta;Não;2;0;0;1;1;0;1;2;-16,9417;-47,7264;SPRF-GO;DEL06-GO;UOP01-DEL06-GO
619459;06/08/2024;terça-feira;13:40:00;ES;101;106;LINHARES;Carga excessiva e/ou mal acondicionada;Derramamento de carga;Com Vítimas Feridas;Pleno dia;Crescente;Céu Claro;Simples;Reta;Não;4;0;1;0;2;2;1;4;-19,02940988;-40,01887727;SPRF-ES;DEL04-ES;UOP01-DEL04-ES
619465;06/08/2024;terça-feira;13:15:00;PR;163;215,8;CASCAVEL;Velocidade Incompatível;Colisão lateral mesmo sentido;Com Vítimas Feridas;Pleno dia;Decrescente;Céu Claro;Dupla;Reta;Não;3;0;1;0;1;1;1;3;-25,002954;-53,554954;SPRF-PR;DEL04-PR;UOP01-DEL04-PR
619468;06/08/2024;terça-feira;10:05:00;BA;116;696;JEQUIE;Transitar na contramão;Colisão frontal;Com Vítimas Fatais;Pleno dia;Decrescente;Nublado;Simples;Curva;Não;5;3;1;0;1;0;1;2;-13,99324878;-40,17891829;SPRF-BA;DEL03-BA;UOP01-DEL03-BA
619477;06/08/2024;terça-feira;09:50:00;MG;116;485,9;INHAPIM;Reação tardia ou ineficiente do condutor;Saída de leito carroçável;Com Vítimas Feridas;Pleno dia;Crescente;Sol;Simples;Interseção de Vias;Não;2;0;1;0;0;1;1;2;-19,4367023;-42,1257636;SPRF-MG;DEL06-MG;UOP02-DEL06-MG
619478;06/08/2024;terça-feira;08:00:00;GO;20;209,7;POSSE;Demais falhas na via;Tombamento;Com Vítimas Feridas;Pleno dia;Crescente;Céu Claro;Simples;Aclive;Não;2;0;1;0;0;1;1;2;-14,270616;-46,389462;SPRF-DF;DEL02-DF;UOP03-DEL02-DF
619479;06/08/2024;terça-feira;06:15:00;GO;20;216;POSSE;Acostamento em desnível;Tombamento;Sem Vítimas;Pleno dia;Decrescente;Céu Claro;Simples;Reta;Não;2;0;0;0;1;3;0;4;-14,230496;-46,344475;SPRF-DF;DEL02-DF;UOP03-DEL02-DF
619481;12/05/2024;domingo;10:15:00;MT;364;117;ALTO GARCAS;Acessar a via sem observar a presença dos outros veículos;Colisão lateral sentido oposto;Sem Vítimas;Pleno dia;Crescente;Ignorado;Simples;Reta;Não;3;0;0;0;1;2;0;3;-16,86792697;-53,88105807;SPRF-MT;DEL02-MT;UOP02-DEL02-MT
619482;06/08/2024;terça-feira;14:45:00;SC;282;27,5;SANTO AMARO DA IMPERATRIZ;Ingestão de álcool pelo condutor;Saída de leito carroçável;Com Vítimas Feridas;Pleno dia;Decrescente;Nublado;Simples;Reta;Sim;2;0;1;0;0;1;1;2;-27,673981;-48,769676;SPRF-SC;DEL01-SC;UOP03-DEL01-SC
619483;06/08/2024;terça-feira;15:30:00;BA;116;838,8;VITORIA DA CONQUISTA;Transitar na contramão;Colisão frontal;Com Vítimas Fatais;Pleno dia;Crescente;Nublado;Simples;Reta;Não;5;3;0;0;1;2;0;4;-14,97625949;-40,91598406;SPRF-BA;DEL08-BA;UOP01-DEL08-BA
619486;06/08/2024;terça-feira;12:50:00;ES;262;151,3;IBATIBA;Demais falhas mecânicas ou elétricas;Saída de leito carroçável;Com Vítimas Feridas;Pleno dia;Crescente;Céu Claro;Simples;"Declive;Reta";Não;1;0;0;1;0;0;1;1;-20,2148829;-41,44925529;SPRF-ES;DEL01-ES;UOP02-DEL01-ES
619488;06/08/2024;terça-feira;16:20:00;GO;153;510,9;APARECIDA DE GOIANIA;Acumulo de óleo sobre o pavimento;Tombamento;Com Vítimas Fatais;Pleno dia;Decrescente;Céu Claro;Dupla;Reta;Sim;3;1;0;1;1;0;1;2;-16,8067;-49,2394;SPRF-GO;DEL01-GO;UOP03-DEL01-GO
619490;06/08/2024;terça-feira;14:10:00;MG;40;614,5;CONGONHAS;Velocidade Incompatível;Colisão frontal;Com Vítimas Fatais;Pleno dia;Decrescente;Sol;Simples;Curva;Não;3;1;1;0;1;0;1;2;-20,536704;-43,820829;SPRF-MG;DEL05-MG;UOP02-DEL05-MG
619492;06/08/2024;terça-feira;15:45:00;SC;470;138;RIO DO SUL;Desrespeitar a preferência no cruzamento;Tombamento;Com Vítimas Feridas;Pleno dia;Crescente;Sol;Simples;"Reta;Retorno Regulamentado";Sim;3;0;2;0;1;0;2;2;-27,207214;-49,648476;SPRF-SC;DEL04-SC;UOP02-DEL04-SC
619493;06/08/2024;terça-feira;16:40:00;RS;386;356,6;ESTRELA;Acessar a via sem observar a presença dos outros veículos;Colisão transversal;Com Vítimas Feridas;Pleno dia;Crescente;Nublado;Dupla;"Reta;Interseção de Vias;Retorno Regulamentado";Não;4;0;2;0;2;0;2;2;-29,522612;-51,935017;SPRF-RS;DEL04-RS;UOP01-DEL04-RS
619499;06/08/2024;terça-feira;16:10:00;PR;376;527;PONTA GROSSA;Ausência de reação do condutor;Colisão traseira;Com Vítimas Feridas;Pleno dia;Decrescente;Céu Claro;Dupla;Reta;Não;3;0;1;0;1;2;1;4;-25,327481;-49,862779;SPRF-PR;DEL03-PR;UOP04-DEL03-PR
619507;06/08/2024;terça-feira;15:00:00;PE;232;227,3;PESQUEIRA;Ultrapassagem Indevida;Colisão lateral sentido oposto;Com Vítimas Feridas;Pleno dia;Crescente;Céu Claro;Simples;"Aclive;Reta";Não;4;0;3;0;1;0;3;3;-8,4000358;-36,84740424;SPRF-PE;DEL03-PE;UOP02-DEL03-PE
619514;06/08/2024;terça-feira;16:50:00;PA;230;120;MARABA;Reação tardia ou ineficiente do condutor;Colisão lateral mesmo sentido;Com Vítimas Fatais;Pleno dia;Decrescente;Nublado;Dupla;Reta;Sim;7;1;1;0;4;3;1;6;-5,35038318;-49,11434;SPRF-PA;DEL03-PA;UOP01-DEL03-PA
619518;06/08/2024;terça-feira;17:10:00;BA;101;229;SAPEACU;Acessar a via sem observar a presença dos outros veículos;Colisão transversal;Com Vítimas Fatais;Pleno dia;Decrescente;Céu Claro;Simples;"Declive;Interseção de Vias;Curva";Não;2;1;0;0;1;0;0;2;-12,7232395;-39,1798853;SPRF-BA;DEL01-BA;UOP02-DEL01-BA
619519;06/08/2024;terça-feira;18:40:00;GO;414;311,3;VILA PROPICIO;Ausência de reação do condutor;Colisão traseira;Com Vítimas Feridas;Anoitecer;Decrescente;Céu Claro;Simples;Reta;Não;3;0;0;1;1;2;1;4;-15,20091703;-48,70185812;SPRF-GO;DEL02-GO;UOP01-DEL02-GO
619521;06/08/2024;terça-feira;18:50:00;PR;277;5,5;PARANAGUA;Acessar a via sem observar a presença dos outros veículos;Colisão lateral mesmo sentido;Com Vítimas Feridas;Plena Noite;Crescente;Garoa/Chuvisco;Dupla;"Interseção de Vias;Reta";Não;5;0;2;0;2;3;2;6;-25,55831;-48,572898;SPRF-PR;DEL01-PR;UOP05-DEL01-PR
619522;06/08/2024;terça-feira;16:30:00;PI;343;323;ALTOS;Ultrapassagem Indevida;Saída de leito carroçável;Com Vítimas Feridas;Pleno dia;Decrescente;Céu Claro;Simples;Reta;Sim;6;0;1;2;0;3;3;3;-5,058037;-42,593838;SPRF-PI;DEL01-PI;UOP01-DEL01-PI
619526;06/08/2024;terça-feira;16:30:00;MG;50;171;UBERABA;Manobra de mudança de faixa;Colisão lateral mesmo sentido;Sem Vítimas;Pleno dia;Decrescente;Sol;Dupla;Reta;Sim;4;0;0;0;2;2;0;4;-19,74554892;-47,98382166;SPRF-MG;DEL13-MG;UOP01-DEL13-MG
619528;06/08/2024;terça-feira;18:20:00;RJ;101;319;NITEROI;Reação tardia ou ineficiente do condutor;Colisão traseira;Sem Vítimas;Anoitecer;Decrescente;Céu Claro;Dupla;Reta;Não;4;0;0;0;4;0;0;3;-22,85411774;-43,1018014;SPRF-RJ;DEL02-RJ;UOP02-DEL02-RJ
619532;06/08/2024;terça-feira;15:40:00;MG;262;379;JUATUBA;Demais falhas mecânicas ou elétricas;Tombamento;Com Vítimas Feridas;Pleno dia;Crescente;Céu Claro;Dupla;"Declive;Curva";Sim;2;0;0;1;1;0;1;1;-19,95241506;-44,37342001;SPRF-MG;DEL01-MG;UOP03-DEL01-MG
619535;06/08/2024;terça-feira;18:30:00;CE;20;168,8;BOA VIAGEM;Demais falhas mecânicas ou elétricas;Incêndio;Sem Vítimas;Anoitecer;Decrescente;Ignorado;Simples;Reta;Não;1;0;0;0;1;0;0;1;-5,34764292;-39,94687506;SPRF-CE;DEL02-CE;UOP02-DEL02-CE
619536;06/08/2024;terça-feira;12:30:00;RJ;40;87;PETROPOLIS;Problema com o freio;Tombamento;Com Vítimas Feridas;Pleno dia;Crescente;Céu Claro;Simples;"Declive;Curva";Sim;3;0;1;0;0;2;1;3;-22,54413793;-43,23287799;SPRF-RJ;DEL01-RJ;UOP01-DEL01-RJ
619538;06/08/2024;terça-feira;20:30:00;RJ;116;137;MAGE;Ausência de reação do condutor;Colisão com objeto;Com Vítimas Feridas;Plena Noite;Crescente;Céu Claro;Dupla;Reta;Não;3;0;1;1;0;1;2;2;-22,64791994;-43,18200799;SPRF-RJ;DEL04-RJ;UOP02-DEL04-RJ
619540;06/08/2024;terça-feira;18:50:00;PR;467;109,8;CASCAVEL;Pedestre andava na pista;Atropelamento de Pedestre;Com Vítimas Fatais;Plena Noite;Decrescente;Céu Claro;Dupla;Reta;Sim;2;1;0;0;1;0;0;2;-24,92766056;-53,45582837;SPRF-PR;DEL04-PR;UOP01-DEL04-PR
619543;06/08/2024;terça-feira;18:48:00;AC;364;124;RIO BRANCO;Acessar a via sem observar a presença dos outros veículos;Colisão traseira;Sem Vítimas;Plena Noite;Decrescente;Nublado;Simples;Rotatória;Sim;2;0;0;0;2;0;0;2;-10,01177033;-67,79782176;SPRF-AC;DEL01-AC;UOP01-DEL01-AC
619545;06/08/2024;terça-feira;21:20:00;MG;365;62,5;JEQUITAI;Condutor Dormindo;Saída de leito carroçável;Com Vítimas Fatais;Plena Noite;Crescente;Céu Claro;Simples;Curva;Não;2;1;0;0;0;2;0;3;-17,02504891;-44,30279212;SPRF-MG;DEL12-MG;UOP01-DEL12-MG
619547;06/08/2024;terça-feira;18:10:00;BA;242;383,4;PALMEIRAS;Problema com o freio;Eventos atípicos;Com Vítimas Feridas;Plena Noite;Decrescente;Céu Claro;Simples;"Reta;Aclive";Não;2;0;0;1;0;2;1;3;-12,44034303;-41,546251;SPRF-BA;DEL06-BA;UOP01-DEL06-BA
619548;16/07/2024;terça-feira;20:30:00;GO;452;80,1;MAURILANDIA;Acesso irregular;Colisão lateral sentido oposto;Com Vítimas Feridas;Plena Noite;Crescente;Céu Claro;Simples;Reta;Não;3;0;0;1;0;4;1;5;-18,05035676;-50,20362989;SPRF-GO;DEL04-GO;UOP01-DEL04-GO
619549;06/08/2024;terça-feira;21:27:00;SP;116;347;MIRACATU;Reação tardia ou ineficiente do condutor;Colisão traseira;Com Vítimas Feridas;Plena Noite;Crescente;Nublado;Dupla;"Declive;Curva";Não;4;0;0;1;2;1;1;4;-24,04699491;-47,19706111;SPRF-SP;DEL04-SP;UOP03-DEL04-SP
619561;06/08/2024;terça-feira;22:30:00;SP;116;212;GUARULHOS;Condutor deixou de manter distância do veículo da frente;Colisão traseira;Com Vítimas Feridas;Plena Noite;Crescente;Nublado;Múltipla;Reta;Não;4;0;1;0;2;1;1;3;-23,43608315;-46,42805094;SPRF-SP;DEL01-SP;UOP01-DEL01-SP
619563;06/08/2024;terça-feira;23:30:00;BA;101;896,9;CARAVELAS;Reação tardia ou ineficiente do condutor;Colisão traseira;Com Vítimas Feridas;Plena Noite;Crescente;Nublado;Simples;"Aclive;Curva";Não;4;0;3;0;1;0;3;2;-17,700245;-39,769527;SPRF-BA;DEL09-BA;UOP02-DEL09-BA
619567;06/08/2024;terça-feira;16:00:00;PI;135;153,6;BERTOLINIA;Reação tardia ou ineficiente do condutor;Saída de leito carroçável;Com Vítimas Feridas;Pleno dia;Decrescente;Céu Claro;Simples;Reta;Não;2;0;1;0;0;1;1;2;-7,83406933;-43,80206347;SPRF-PI;DEL03-PI;UOP01-DEL03-PI
619573;07/08/2024;quarta-feira;02:30:00;SP;116;86;PINDAMONHANGABA;Acesso irregular;Colisão traseira;Com Vítimas Feridas;Plena Noite;Decrescente;Céu Claro;Dupla;Reta;Não;4;0;0;1;2;2;1;5;-22,92639476;-45,35307511;SPRF-SP;DEL08-SP;UOP01-DEL08-SP
619579;07/08/2024;quarta-feira;05:00:00;BA;116;692;JEQUIE;Condutor Dormindo;Tombamento;Com Vítimas Feridas;Amanhecer;Decrescente;Garoa/Chuvisco;Simples;Curva;Não;2;0;1;0;0;2;1;3;-13,95728489;-40,16715338;SPRF-BA;DEL03-BA;UOP01-DEL03-BA
619580;07/08/2024;quarta-feira;03:00:00;MT;163;784;SORRISO;Ausência de reação do condutor;Saída de leito carroçável;Com Vítimas Feridas;Plena Noite;Decrescente;Céu Claro;Simples;Curva;Não;2;0;1;0;0;3;1;4;-12,29607406;-55,56920147;SPRF-MT;DEL06-MT;UOP02-DEL06-MT
619589;07/08/2024;quarta-feira;03:30:00;SC;282;378;HERVAL DOESTE;Reação tardia ou ineficiente do condutor;Colisão com objeto;Sem Vítimas;Plena Noite;Crescente;Céu Claro;Simples;Rotatória;Sim;1;0;0;0;1;0;0;1;-27,214546;-51,47958;SPRF-SC;DEL07-SC;UOP05-DEL07-SC
619592;07/08/2024;quarta-feira;06:50:00;SP;116;504;CAJATI;Demais falhas mecânicas ou elétricas;Incêndio;Sem Vítimas;Amanhecer;Crescente;Céu Claro;Simples;Curva;Não;2;0;0;0;1;1;0;2;-24,78266496;-48,20865858;SPRF-SP;DEL05-SP;UOP02-DEL05-SP
619593;07/08/2024;quarta-feira;00:50:00;RJ;116;101;GUAPIMIRIM;Condutor Dormindo;Colisão com objeto;Com Vítimas Feridas;Plena Noite;Decrescente;Céu Claro;Simples;Curva;Não;2;0;1;0;0;1;1;2;-22,49374115;-43,00365418;SPRF-RJ;DEL04-RJ;UOP01-DEL04-RJ
619596;06/08/2024;terça-feira;14:40:00;MT;70;160;GENERAL CARNEIRO;Velocidade Incompatível;Capotamento;Com Vítimas Fatais;Pleno dia;Decrescente;Céu Claro;Simples;"Curva;Declive";Não;4;1;1;0;1;3;1;4;-15,554613;-53,45758;SPRF-MT;DEL05-MT;UOP01-DEL05-MT
619607;07/08/2024;quarta-feira;07:45:00;MT;364;395;CUIABA;Desrespeitar a preferência no cruzamento;Colisão transversal;Com Vítimas Feridas;Pleno dia;Crescente;Céu Claro;Dupla;Reta;Sim;4;0;0;1;2;1;1;3;-15,69556743;-55,89834326;SPRF-MT;DEL01-MT;UOP02-DEL01-MT
619615;07/08/2024;quarta-feira;05:50:00;RN;427;91;CAICO;Curva acentuada;Tombamento;Sem Vítimas;Pleno dia;Decrescente;Céu Claro;Simples;Curva;Não;2;0;0;0;1;3;0;4;-6,48385303;-37,037128;SPRF-RN;DEL03-RN;UOP01-DEL03-RN
619618;07/08/2024;quarta-feira;08:24:00;ES;262;43,9;MARECHAL FLORIANO;Acessar a via sem observar a presença dos outros veículos;Colisão transversal;Com Vítimas Feridas;Pleno dia;Decrescente;Céu Claro;Simples;"Interseção de Vias;Retorno Regulamentado;Reta";Não;4;0;0;2;1;1;2;3;-20,3844778;-40,66251868;SPRF-ES;DEL01-ES;UOP01-DEL01-ES
619619;07/08/2024;quarta-feira;07:30:00;MS;163;681;RIO VERDE DE MATO GROSSO;Acessar a via sem observar a presença dos outros veículos;Colisão transversal;Com Vítimas Feridas;Pleno dia;Crescente;Céu Claro;Simples;Reta;Sim;4;0;1;1;1;1;2;3;-18,91578008;-54,83862738;SPRF-MS;DEL06-MS;UOP02-DEL06-MS
619622;07/08/2024;quarta-feira;06:50:00;BA;116;516;ITATIM;Acessar a via sem observar a presença dos outros veículos;Colisão transversal;Com Vítimas Feridas;Pleno dia;Crescente;Nublado;Simples;Reta;Sim;3;0;1;0;1;2;1;4;-12,66883787;-39,64652606;SPRF-BA;DEL03-BA;UOP02-DEL03-BA
619623;07/08/2024;quarta-feira;09:20:00;CE;222;64;SAO GONCALO DO AMARANTE;Acessar a via sem observar a presença dos outros veículos;Colisão transversal;Com Vítimas Feridas;Pleno dia;Decrescente;Céu Claro;Simples;Reta;Sim;3;0;1;0;2;0;1;2;-3,67208461;-39,11613001;SPRF-CE;DEL01-CE;UOP03-DEL01-CE
619625;07/08/2024;quarta-feira;07:30:00;PI;230;193;OEIRAS;Reação tardia ou ineficiente do condutor;Colisão frontal;Com Vítimas Feridas;Pleno dia;Crescente;Céu Claro;Simples;Reta;Não;2;0;0;1;1;0;1;2;-6,99024993;-42,09712204;SPRF-PI;DEL04-PI;UOP01-DEL04-PI
619628;07/08/2024;quarta-feira;10:30:00;MG;40;551;NOVA LIMA;Reação tardia ou ineficiente do condutor;Colisão lateral mesmo sentido;Com Vítimas Feridas;Pleno dia;Crescente;Céu Claro;Dupla;Reta;Não;4;0;1;0;2;1;1;3;-20,05411435;-43,97101875;SPRF-MG;DEL01-MG;UOP02-DEL01-MG
619630;23/07/2024;terça-feira;01:15:00;MG;262;103;ABRE CAMPO;Carga excessiva e/ou mal acondicionada;Tombamento;Com Vítimas Feridas;Plena Noite;Decrescente;Céu Claro;Simples;Curva;Não;1;0;0;1;0;0;1;1;-20,28798201;-42,53964899;SPRF-MG;DEL03-MG;UOP03-DEL03-MG
619631;04/03/2024;segunda-feira;17:10:00;SC;101;113;ITAJAI;Reação tardia ou ineficiente do condutor;Colisão lateral mesmo sentido;Com Vítimas Feridas;Pleno dia;Decrescente;Céu Claro;Dupla;Reta;Sim;4;0;1;0;1;2;1;4;-26,85311393;-48,72689927;SPRF-SC;DEL04-SC;UOP04-DEL04-SC
619634;07/08/2024;quarta-feira;09:50:00;RJ;101;418;MANGARATIBA;Trafegar com motocicleta (ou similar) entre as faixas;Colisão lateral mesmo sentido;Com Vítimas Feridas;Pleno dia;Decrescente;Céu Claro;Simples;"Reta;Declive";Não;2;0;1;0;1;0;1;2;-22,9178274;-43,90471593;SPRF-RJ;DEL03-RJ;UOP02-DEL03-RJ
619644;07/08/2024;quarta-feira;07:30:00;RJ;40;110;DUQUE DE CAXIAS;Ausência de reação do condutor;Colisão traseira;Com Vítimas Feridas;Pleno dia;Crescente;Céu Claro;Múltipla;Reta;Sim;2;0;1;0;1;0;1;2;-22,68289906;-43,28549346;SPRF-RJ;DEL01-RJ;UOP02-DEL01-RJ