id;data_inversa;dia_semana;horario;uf;br;km;municipio;causa_acidente;tipo_acidente;classificacao_acidente;fase_dia;sentido_via;condicao_metereologica;tipo_pista;tracado_via;uso_solo;pessoas;mortos;feridos_leves;feridos_graves;ilesos;ignorados;feridos;veiculos;latitude;longitude;regional;delegacia;uop
620281;09/08/2024;sexta-feira;02:50:00;PA;10;105;PARAGOMINAS;Demais falhas mecânicas ou elétricas;Incêndio;Sem Vítimas;Plena Noite;Crescente;Céu Claro;Simples;Reta;Não;1;0;0;0;1;0;0;1;-3,52251891;-47,48552431;SPRF-PA;DEL02-PA;UOP02-DEL02-PA
620283;10/08/2024;sábado;07:00:00;MT;364;296;JACIARA;Reação tardia ou ineficiente do condutor;Tombamento;Sem Vítimas;Amanhecer;Decrescente;Céu Claro;Dupla;Reta;Não;2;0;0;0;1;2;0;3;-15,8641558;-55,12584675;SPRF-MT;DEL05-MT;UOP02-DEL05-MT
620289;10/08/2024;sábado;08:00:00;RJ;116;220;PARACAMBI;Pista Escorregadia;Saída de leito carroçável;Com Vítimas Feridas;Pleno dia;Crescente;Chuva;Dupla;Curva;Não;3;0;1;0;2;0;1;1;-22,6776984;-43,8155365;SPRF-RJ;DEL06-RJ;UOP02-DEL06-RJ
620292;10/08/2024;sábado;08:55:00;MG;381;877,5;ESTIVA;Manobra de mudança de faixa;Colisão lateral mesmo sentido;Sem Vítimas;Pleno dia;Decrescente;Chuva;Dupla;Reta;Não;3;0;0;0;2;1;0;3;-22,48184;-46,010895;SPRF-MG;DEL16-MG;UOP01-DEL16-MG
620294;10/08/2024;sábado;05:50:00;MG;40;502,2;ESMERALDAS;Transitar no Acostamento;Colisão com objeto;Com Vítimas Fatais;Amanhecer;Crescente;Céu Claro;Dupla;"Curva;Aclive";Não;4;1;0;0;0;3;0;3;-19,714002;-44,160929;SPRF-MG;DEL02-MG;UOP01-DEL02-MG
620295;10/08/2024;sábado;09:30:00;PR;376;669;GUARATUBA;Reação tardia ou ineficiente do condutor;Colisão lateral mesmo sentido;Com Vítimas Feridas;Pleno dia;Crescente;Céu Claro;Dupla;"Reta;Declive";Não;3;0;1;0;1;1;1;3;-25,86958174;-48,93464712;SPRF-PR;DEL01-PR;UOP04-DEL01-PR
620297;10/08/2024;sábado;07:00:00;PR;277;6,7;PARANAGUA;Ausência de reação do condutor;Colisão com objeto;Com Vítimas Feridas;Amanhecer;Crescente;Céu Claro;Dupla;Reta;Sim;3;0;1;0;1;1;1;3;-25,5162074;-48,5233998;SPRF-PR;DEL01-PR;UOP05-DEL01-PR
620303;10/08/2024;sábado;09:50:00;RN;406;168;SAO GONCALO DO AMARANTE;Condutor deixou de manter distância do veículo da frente;Colisão lateral mesmo sentido;Com Vítimas Feridas;Pleno dia;Decrescente;Céu Claro;Dupla;Reta;Não;2;0;1;0;1;0;1;2;-5,75295;-35,31368;SPRF-RN;DEL02-RN;UOP01-DEL02-RN
620306;10/08/2024;sábado;09:30:00;PR;376;162,9;MARINGA;Demais falhas mecânicas ou elétricas;Saída de leito carroçável;Com Vítimas Feridas;Pleno dia;Crescente;Sol;Dupla;Reta;Não;1;0;1;0;0;0;1;1;-23,37377442;-52,05337286;SPRF-PR;DEL09-PR;UOP01-DEL09-PR
620314;10/08/2024;sábado;10:40:00;PR;376;672;GUARATUBA;Velocidade Incompatível;Colisão traseira;Com Vítimas Feridas;Pleno dia;Crescente;Céu Claro;Dupla;Declive;Não;2;0;1;0;1;0;1;2;-25,89947;-48,927047;SPRF-PR;DEL01-PR;UOP04-DEL01-PR
620322;10/08/2024;sábado;10:40:00;SC;470;132;LONTRAS;Condutor deixou de manter distância do veículo da frente;Colisão traseira;Com Vítimas Feridas;Pleno dia;Crescente;Céu Claro;Simples;Reta;Não;4;0;1;0;3;0;1;2;-27,170237;-49,574718;SPRF-SC;DEL04-SC;UOP02-DEL04-SC
620325;10/08/2024;sábado;06:30:00;MG;153;137,5;PRATA;Ausência de reação do condutor;Colisão frontal;Com Vítimas Fatais;Pleno dia;Crescente;Ignorado;Simples;Reta;Não;6;1;0;1;2;2;1;5;-19,53834496;-48,82980778;SPRF-MG;DEL15-MG;UOP03-DEL15-MG
620329;10/08/2024;sábado;08:50:00;PR;277;455,6;LARANJEIRAS DO SUL;Manobra de mudança de faixa;Colisão frontal;Com Vítimas Feridas;Pleno dia;Decrescente;Céu Claro;Simples;Curva;Não;9;0;2;2;3;4;4;8;-25,38392912;-52,42736936;SPRF-PR;DEL04-PR;UOP02-DEL04-PR
620332;10/08/2024;sábado;04:10:00;MG;116;94;MEDINA;Curva acentuada;Saída de leito carroçável;Com Vítimas Feridas;Plena Noite;Crescente;Nublado;Simples;"Declive;Curva";Não;2;0;1;0;0;1;1;2;-16,384692;-41,47280999;SPRF-MG;DEL11-MG;UOP02-DEL11-MG
620334;10/08/2024;sábado;12:30:00;TO;153;656;GURUPI;Reação tardia ou ineficiente do condutor;Colisão traseira;Com Vítimas Feridas;Pleno dia;Crescente;Céu Claro;Simples;"Em Obras;Reta";Não;7;0;5;0;1;1;5;2;-11,58755413;-49,03595459;SPRF-TO;DEL01-TO;UOP02-DEL01-TO
620335;10/08/2024;sábado;13:30:00;ES;262;102;VENDA NOVA DO IMIGRANTE;Transitar na contramão;Colisão frontal;Com Vítimas Feridas;Pleno dia;Decrescente;Céu Claro;Simples;Curva;Não;4;0;1;0;3;0;1;3;-20,3415936;-41,1155158;SPRF-ES;DEL01-ES;UOP02-DEL01-ES
620347;10/08/2024;sábado;13:20:00;RJ;101;263;RIO BONITO;Ausência de reação do condutor;Colisão traseira;Com Vítimas Feridas;Pleno dia;Decrescente;Chuva;Dupla;Curva;Não;5;0;1;0;4;0;1;3;-22,71887266;-42,62637498;SPRF-RJ;DEL02-RJ;UOP03-DEL02-RJ
620350;10/08/2024;sábado;13:00:00;RJ;101;261;RIO BONITO;Reação tardia ou ineficiente do condutor;Saída de leito carroçável;Com Vítimas Feridas;Pleno dia;Decrescente;Chuva;Dupla;"Aclive;Curva";Não;4;0;2;0;2;0;2;2;-22,71139378;-42,61157199;SPRF-RJ;DEL02-RJ;UOP03-DEL02-RJ
620351;10/08/2024;sábado;11:15:00;GO;20;209;POSSE;Acostamento em desnível;Saída de leito carroçável;Sem Vítimas;Pleno dia;Crescente;Céu Claro;Simples;"Aclive;Reta";Não;4;0;0;0;2;3;0;5;-14,270036;-46,386022;SPRF-DF;DEL02-DF;UOP03-DEL02-DF
620352;10/08/2024;sábado;13:33:00;GO;50;114;CRISTALINA;Ausência de reação do condutor;Tombamento;Com Vítimas Feridas;Pleno dia;Crescente;Sol;Dupla;Reta;Não;1;0;1;0;0;0;1;1;-16,9309;-47,7117;SPRF-DF;DEL01-DF;UOP02-DEL01-DF
620356;10/08/2024;sábado;12:30:00;RS;285;376;SANTA BARBARA DO SUL;Ausência de reação do condutor;Saída de leito carroçável;Com Vítimas Feridas;Pleno dia;Crescente;Céu Claro;Simples;Reta;Não;2;0;0;1;0;1;1;2;-28,417088;-53,119617;SPRF-RS;DEL10-RS;UOP02-DEL10-RS
620359;10/08/2024;sábado;15:00:00;MG;116;666,5;SAO FRANCISCO DO GLORIA;Chuva;Tombamento;Com Vítimas Feridas;Pleno dia;Crescente;Chuva;Simples;"Curva;Declive";Não;2;0;1;0;0;1;1;2;-20,83594493;-42,32274316;SPRF-MG;DEL07-MG;UOP02-DEL07-MG
620364;10/08/2024;sábado;15:32:00;PE;232;83;GRAVATA;Pedestre - Ingestão de álcool/ substâncias psicoativas;Atropelamento de Pedestre;Com Vítimas Feridas;Pleno dia;Crescente;Céu Claro;Dupla;Reta;Sim;2;0;1;0;0;1;1;2;-8,2024868;-35,59542005;SPRF-PE;DEL02-PE;UOP02-DEL02PE
620366;10/08/2024;sábado;14:05:00;RJ;40;82;PETROPOLIS;Pista Escorregadia;Colisão com objeto;Com Vítimas Feridas;Pleno dia;Crescente;Céu Claro;Múltipla;Curva;Sim;5;0;1;0;3;1;1;4;-22,51183137;-43,23076171;SPRF-RJ;DEL01-RJ;UOP01-DEL01-RJ
620369;10/08/2024;sábado;13:58:00;RJ;116;235,9;PIRAI;Pista Escorregadia;Colisão traseira;Com Vítimas Feridas;Pleno dia;Decrescente;Chuva;Dupla;Reta;Não;6;0;4;1;1;0;5;2;-22,66934677;-43,85528603;SPRF-RJ;DEL07-RJ;UOP01-DEL07-RJ
620370;10/08/2024;sábado;15:30:00;TO;226;20;PALMEIRAS DO TOCANTINS;Reação tardia ou ineficiente do condutor;Colisão traseira;Com Vítimas Feridas;Pleno dia;Crescente;Céu Claro;Simples;"Declive;Reta";Não;6;0;1;0;4;3;1;5;-6,634045;-47,632057;SPRF-TO;DEL02-TO;UOP03-DEL02-TO
620371;10/08/2024;sábado;15:35:00;PR;376;450;TIBAGI;Reação tardia ou ineficiente do condutor;Tombamento;Com Vítimas Feridas;Pleno dia;Crescente;Céu Claro;Dupla;"Curva;Declive";Não;2;0;1;0;0;1;1;2;-24,87694831;-50,44269294;SPRF-PR;DEL03-PR;UOP02-DEL03-PR
620377;10/08/2024;sábado;15:40:00;PR;376;187,3;MARIALVA;Ingestão de álcool pelo condutor;Colisão traseira;Com Vítimas Feridas;Pleno dia;Crescente;Céu Claro;Dupla;Reta;Sim;5;0;2;0;3;0;2;2;-23,46141044;-51,83659926;SPRF-PR;DEL09-PR;UOP01-DEL09-PR
620378;10/08/2024;sábado;16:15:00;BA;110;321,8;ALAGOINHAS;Reação tardia ou ineficiente do condutor;Saída de leito carroçável;Com Vítimas Feridas;Pleno dia;Crescente;Céu Claro;Simples;"Curva;Declive";Não;2;0;1;0;0;1;1;2;-12,07521394;-38,34597792;SPRF-BA;DEL01-BA;UOP04-DEL01-BA
620389;10/08/2024;sábado;17:10:00;PR;116;102;SAO JOSE DOS PINHAIS;Condutor deixou de manter distância do veículo da frente;Colisão traseira;Com Vítimas Feridas;Anoitecer;Crescente;Céu Claro;Múltipla;"Viaduto;Interseção de Vias";Sim;3;0;1;0;0;2;1;3;-25,569143;-49,181968;SPRF-PR;DEL01-PR;UOP07-DEL01-PR
620390;10/08/2024;sábado;16:40:00;MG;40;755;EWBANK DA CAMARA;Reação tardia ou ineficiente do condutor;Saída de leito carroçável;Com Vítimas Feridas;Pleno dia;Crescente;Garoa/Chuvisco;Simples;Reta;Não;2;0;0;1;0;1;1;2;-21,486045;-43,53483;SPRF-MG;DEL05-MG;UOP01-DEL05-MG
620392;10/08/2024;sábado;16:55:00;SC;101;368,2;ICARA;Reação tardia ou ineficiente do condutor;Tombamento;Com Vítimas Feridas;Pleno dia;Decrescente;Céu Claro;Múltipla;Rotatória;Sim;1;0;1;0;0;0;1;1;-28,69885072;-49,18959975;SPRF-SC;DEL02-SC;UOP01-DEL02-SC
620394;10/08/2024;sábado;15:30:00;MG;153;194,9;FRUTAL;Demais falhas mecânicas ou elétricas;Saída de leito carroçável;Com Vítimas Feridas;Pleno dia;Decrescente;Céu Claro;Simples;"Ponte;Declive;Reta";Não;2;0;0;1;0;1;1;2;-19,9622283;-48,98832279;SPRF-MG;DEL13-MG;UOP02-DEL13-MG
620401;10/08/2024;sábado;17:40:00;PR;277;183;PALMEIRA;Reação tardia ou ineficiente do condutor;Colisão traseira;Com Vítimas Feridas;Pleno dia;Crescente;Sol;Simples;Aclive;Não;42;0;4;5;32;2;9;4;-25,4277724;-50,12357712;SPRF-PR;DEL08-PR;UOP02-DEL08-PR
620402;10/08/2024;sábado;16:30:00;MA;226;260;BARRA DO CORDA;Demais falhas mecânicas ou elétricas;Incêndio;Sem Vítimas;Pleno dia;Decrescente;Céu Claro;Simples;Reta;Não;2;0;0;0;1;2;0;3;-5,41648481;-44,94183807;SPRF-MA;DEL06-MA;UOP01-DEL06-MA
620405;10/08/2024;sábado;17:43:00;RJ;101;84;CAMPOS DOS GOYTACAZES;Reação tardia ou ineficiente do condutor;Colisão frontal;Sem Vítimas;Plena Noite;Crescente;Garoa/Chuvisco;Simples;Reta;Sim;3;0;0;0;1;2;0;3;-21,82137091;-41,47023906;SPRF-RJ;DEL08-RJ;UOP02-DEL08-RJ
620406;10/08/2024;sábado;18:30:00;PR;373;181,9;PONTA GROSSA;Entrada inopinada do pedestre;Atropelamento de Pedestre;Com Vítimas Feridas;Anoitecer;Crescente;Céu Claro;Simples;Reta;Sim;4;0;0;1;1;4;1;6;-25,042353;-50,266057;SPRF-PR;DEL03-PR;UOP01-DEL03-PR
620421;10/08/2024;sábado;19:20:00;AL;316;158;PALMEIRA DOS INDIOS;Ingestão de álcool pelo condutor;Colisão transversal;Com Vítimas Feridas;Plena Noite;Crescente;Céu Claro;Simples;Reta;Sim;3;0;1;0;2;0;1;2;-9,43334352;-36,61323443;SPRF-AL;DEL03-AL;UOP01-DEL03-AL
620435;10/08/2024;sábado;18:45:00;PR;369;133,5;IBIPORA;Ingestão de álcool pelo condutor;Colisão transversal;Com Vítimas Fatais;Plena Noite;Decrescente;Céu Claro;Dupla;Interseção de Vias;Não;5;2;1;0;1;1;1;3;-23,26057514;-51,01269186;SPRF-PR;DEL07-PR;UOP01-DEL07-PR
620438;10/08/2024;sábado;19:15:00;TO;153;566;FATIMA;Ultrapassagem Indevida;Colisão lateral sentido oposto;Com Vítimas Feridas;Plena Noite;Decrescente;Céu Claro;Simples;Declive;Não;6;0;1;0;4;1;1;3;-10,79279603;-48,90213853;SPRF-TO;DEL01-TO;UOP01-DEL01-TO
620439;10/08/2024;sábado;21:40:00;GO;40;1,6;VALPARAISO DE GOIAS;Reação tardia ou ineficiente do condutor;Colisão traseira;Sem Vítimas;Plena Noite;Decrescente;Céu Claro;Dupla;Reta;Sim;3;0;0;0;3;0;0;2;-16,058245;-47,982825;SPRF-DF;DEL01-DF;UOP01-DEL01-DF
620440;10/08/2024;sábado;20:40:00;PE;423;103;CAETES;Ingestão de álcool pelo condutor;Colisão frontal;Com Vítimas Feridas;Plena Noite;Crescente;Céu Claro;Simples;Reta;Não;5;0;1;2;1;1;3;3;-8,87451577;-36,54667007;SPRF-PE;DEL03-PE;UOP01-DEL03-PE
620473;11/08/2024;domingo;02:30:00;MG;153;6;ARAPORA;Ausência de reação do condutor;Tombamento;Com Vítimas Feridas;Plena Noite;Decrescente;Vento;Dupla;"Declive;Reta";Não;2;0;2;0;0;0;2;1;-18,466226;-49,188297;SPRF-MG;DEL15-MG;UOP03-DEL15-MG
620477;11/08/2024;domingo;06:10:00;PB;230;171,6;CAMPINA GRANDE;Manobra de mudança de faixa;Colisão lateral sentido oposto;Com Vítimas Feridas;Pleno dia;Decrescente;Céu Claro;Simples;"Em Obras;Aclive;Reta";Sim;3;0;1;0;1;1;1;3;-7,18;-35,9938;SPRF-PB;DEL02-PB;UOP02-DEL02-PB
620478;11/08/2024;domingo;04:30:00;MG;381;311;ANTONIO DIAS;Condutor Dormindo;Colisão frontal;Com Vítimas Feridas;Plena Noite;Decrescente;Céu Claro;Simples;Curva;Não;2;0;1;0;1;0;1;2;-19,66923825;-42,96926993;SPRF-MG;DEL03-MG;UOP02-DEL03-MG
620480;11/08/2024;domingo;02:15:00;MA;10;313;ACAILANDIA;Condutor deixou de manter distância do veículo da frente;Colisão traseira;Com Vítimas Feridas;Plena Noite;Crescente;Céu Claro;Simples;"Declive;Reta";Não;4;0;0;1;0;5;1;6;-5,003148;-47,538948;SPRF-MA;DEL04-MA;UOP03-DEL04-MA
620483;11/08/2024;domingo;06:10:00;SC;116;225,5;CORREIA PINTO;Ausência de reação do condutor;Saída de leito carroçável;Com Vítimas Feridas;Pleno dia;Crescente;Nevoeiro/Neblina;Simples;"Reta;Rotatória";Não;2;0;1;0;0;1;1;2;-27,61850811;-50,34537224;SPRF-SC;DEL05-SC;UOP03-DEL05-SC
620488;11/08/2024;domingo;07:30:00;RJ;101;139;CARAPEBUS;Condutor Dormindo;Colisão com objeto;Com Vítimas Feridas;Pleno dia;Crescente;Céu Claro;Dupla;Curva;Não;2;0;1;0;0;1;1;2;-22,1716385;-41,74330435;SPRF-RJ;DEL08-RJ;UOP04-DEL08-RJ
620491;10/08/2024;sábado;12:00:00;RJ;116;70;TERESOPOLIS;Acumulo de óleo sobre o pavimento;Colisão lateral sentido oposto;Com Vítimas Feridas;Pleno dia;Decrescente;Chuva;Simples;Reta;Não;6;0;4;1;1;0;5;2;-22,31879876;-42,9375874;SPRF-RJ;DEL04-RJ;UOP01-DEL04-RJ
620493;11/08/2024;domingo;06:20:00;GO;158;27;BOM JARDIM DE GOIAS;Reação tardia ou ineficiente do condutor;Colisão lateral sentido oposto;Com Vítimas Feridas;Pleno dia;Crescente;Céu Claro;Simples;Reta;Não;4;0;2;0;1;3;2;5;-16,09242202;-52,16609506;SPRF-GO;DEL04-GO;UOP02-DEL04-GO
620495;12/07/2024;sexta-feira;15:10:00;TO;153;629;ALIANCA DO TOCANTINS;Ausência de reação do condutor;Colisão traseira;Com Vítimas Feridas;Pleno dia;Crescente;Céu Claro;Simples;Aclive;Não;4;0;1;1;0;2;2;4;-11,35266797;-48,95758408;SPRF-TO;DEL01-TO;UOP02-DEL01-TO
620498;11/08/2024;domingo;09:06:00;TO;153;692;CARIRI DO TOCANTINS;Ausência de reação do condutor;Colisão frontal;Com Vítimas Feridas;Pleno dia;Decrescente;Céu Claro;Simples;Reta;Sim;3;0;1;0;1;1;1;3;-11,88743313;-49,16441973;SPRF-TO;DEL01-TO;UOP02-DEL01-TO
620502;11/08/2024;domingo;09:25:00;PR;277;609,8;SANTA TEREZA DO OESTE;Acessar a via sem observar a presença dos outros veículos;Colisão transversal;Com Vítimas Feridas;Pleno dia;Decrescente;Céu Claro;Simples;Interseção de Vias;Sim;12;0;4;4;3;1;8;4;-25,0506283;-53,6201683;SPRF-PR;DEL05-PR;UOP02-DEL05-PR
620503;11/08/2024;domingo;08:25:00;MG;381;561;ITAGUARA;Problema com o freio;Colisão traseira;Com Vítimas Fatais;Pleno dia;Crescente;Sol;Dupla;"Declive;Curva";Não;3;1;1;0;1;0;1;2;-20,371012;-44,469191;SPRF-MG;DEL04-MG;UOP03-DEL04-MG
620510;07/08/2024;quarta-feira;13:45:00;MS;267;203,1;NOVA ALVORADA DO SUL;Demais falhas mecânicas ou elétricas;Eventos atípicos;Com Vítimas Feridas;Pleno dia;Crescente;Céu Claro;Simples;Reta;Não;3;0;0;1;1;2;1;3;-21,58905207;-53,97772799;SPRF-MS;DEL02-MS;UOP03-DEL02-MS
620512;11/08/2024;domingo;10:36:00;PE;232;62,3;POMBOS;Pedestre andava na pista;Colisão traseira;Com Vítimas Feridas;Pleno dia;Decrescente;Céu Claro;Dupla;Declive;Não;5;0;1;0;2;2;1;4;-8,15598579;-35,42308007;SPRF-PE;DEL02-PE;UOP02-DEL02PE
620540;11/08/2024;domingo;06:30:00;BA;116;547;MILAGRES;Problema com o freio;Saída de leito carroçável;Com Vítimas Feridas;Pleno dia;Decrescente;Céu Claro;Simples;"Declive;Reta";Sim;2;0;1;1;0;0;2;2;-12,84449042;-39,83949384;SPRF-BA;DEL03-BA;UOP02-DEL03-BA
620543;11/08/2024;domingo;08:50:00;MG;116;638,1;DIVINO;Velocidade Incompatível;Tombamento;Com Vítimas Feridas;Pleno dia;Decrescente;Céu Claro;Simples;"Curva;Declive";Não;2;0;1;0;0;2;1;3;-20,63865095;-42,23648111;SPRF-MG;DEL07-MG;UOP02-DEL07-MG
620556;11/08/2024;domingo;15:10:00;RJ;101;327;RIO DE JANEIRO;Manobra de mudança de faixa;Colisão lateral mesmo sentido;Com Vítimas Feridas;Pleno dia;Decrescente;Céu Claro;Dupla;"Ponte;Aclive;Reta";Não;2;0;0;1;1;0;1;2;-22,87117393;-43,15595099;SPRF-RJ;DEL02-RJ;UOP01-DEL02-RJ
620579;11/08/2024;domingo;14:50:00;PI;343;602;FLORIANO;Ausência de reação do condutor;Saída de leito carroçável;Com Vítimas Feridas;Pleno dia;Crescente;Céu Claro;Simples;Curva;Não;3;0;2;0;0;1;2;2;-6,839867;-43,087479;SPRF-PI;DEL03-PI;UOP01-DEL03-PI
620591;11/08/2024;domingo;09:30:00;PA;163;618;TRAIRAO;Manobra de mudança de faixa;Colisão frontal;Com Vítimas Fatais;Pleno dia;Decrescente;Chuva;Dupla;"Curva;Declive";Não;6;1;0;4;0;5;4;7;-4,73343252;-56,04523015;SPRF-PA;DEL05-PA;UOP03-DEL05-PA
620599;11/08/2024;domingo;18:45:00;SC;101;240;PALHOCA;Ingestão de álcool pelo condutor;Colisão traseira;Com Vítimas Feridas;Plena Noite;Decrescente;Céu Claro;Dupla;Reta;Não;3;0;1;0;2;0;1;3;-27,85825092;-48,64383119;SPRF-SC;DEL01-SC;UOP02-DEL01-SC
620612;11/08/2024;domingo;20:15:00;SE;101;69,9;MARUIM;Desrespeitar a preferência no cruzamento;Colisão transversal;Sem Vítimas;Plena Noite;Decrescente;Céu Claro;Simples;"Aclive;Curva";Sim;3;0;0;0;1;2;0;3;-10,72937357;-37,0810103;SPRF-SE;DEL01-SE;UOP01-DEL01-SE
620613;11/08/2024;domingo;19:20:00;SP;153;27,7;NOVA GRANADA;Ingestão de álcool pelo condutor;Colisão transversal;Sem Vítimas;Pleno dia;Decrescente;Céu Claro;Simples;Rotatória;Sim;6;0;0;0;5;1;0;3;-20,51309795;-49,32308726;SPRF-SP;DEL09-SP;UOP01-DEL09-SP
620630;11/08/2024;domingo;16:30:00;MT;163;905;CLAUDIA;Ultrapassagem Indevida;Colisão lateral mesmo sentido;Com Vítimas Feridas;Pleno dia;Crescente;Céu Claro;Simples;Reta;Não;8;0;1;0;6;3;1;5;-11,26776259;-55,31299006;SPRF-MT;DEL06-MT;UOP02-DEL06-MT
620633;11/08/2024;domingo;20:50:00;RJ;116;180;MESQUITA;Reação tardia ou ineficiente do condutor;Colisão traseira;Com Vítimas Feridas;Plena Noite;Decrescente;Céu Claro;Múltipla;Reta;Sim;5;0;1;0;4;0;1;4;-22,7651616;-43,4154728;SPRF-RJ;DEL06-RJ;UOP01-DEL06-RJ
620640;11/08/2024;domingo;21:34:00;SP;116;222,6;GUARULHOS;Ausência de reação do condutor;Colisão traseira;Com Vítimas Feridas;Plena Noite;Decrescente;Nublado;Múltipla;Reta;Não;2;0;1;0;1;0;1;2;-23,47093408;-46,51631097;SPRF-SP;DEL01-SP;UOP01-DEL01-SP
620643;11/08/2024;domingo;21:30:00;SP;116;443,5;REGISTRO;Ingestão de álcool pelo condutor;Colisão traseira;Com Vítimas Feridas;Plena Noite;Decrescente;Céu Claro;Dupla;Reta;Não;3;0;2;0;1;0;2;2;-24,48336513;-47,8324358;SPRF-SP;DEL05-SP;UOP01-DEL05-SP
620644;11/08/2024;domingo;18:30:00;MG;251;509;FRANCISCO SA;Acessar a via sem observar a presença dos outros veículos;Colisão transversal;Com Vítimas Feridas;Anoitecer;Decrescente;Céu Claro;Simples;Reta;Não;5;0;1;0;4;0;1;2;-16,64068999;-43,69966903;SPRF-MG;DEL12-MG;UOP01-DEL12-MG
620645;11/08/2024;domingo;19:30:00;MT;70;284;PRIMAVERA DO LESTE;Ultrapassagem Indevida;Colisão lateral mesmo sentido;Com Vítimas Feridas;Plena Noite;Decrescente;Nublado;Simples;"Aclive;Reta";Não;4;0;1;0;1;2;1;4;-15,57431875;-54,33110702;SPRF-MT;DEL05-MT;UOP01-DEL05-MT
620669;11/08/2024;domingo;22:00:00;PE;232;335;CUSTODIA;Suicídio (presumido);Colisão frontal;Com Vítimas Fatais;Plena Noite;Crescente;Céu Claro;Simples;Reta;Sim;3;1;0;0;1;1;0;3;-8,0843408;-37,64570494;SPRF-PE;DEL04-PE;UOP02-DEL04-PE
620676;11/08/2024;domingo;20:20:00;PE;232;103;BEZERROS;Ingestão de álcool pelo condutor;Colisão traseira;Com Vítimas Fatais;Plena Noite;Decrescente;Céu Claro;Dupla;"Reta;Declive";Não;4;2;0;1;0;1;1;2;-8,25219029;-35,76584983;SPRF-PE;DEL02-PE;UOP02-DEL02PE
620679;11/08/2024;domingo;18:10:00;MG;116;671,4;MIRADOURO;Ausência de reação do condutor;Colisão lateral mesmo sentido;Com Vítimas Feridas;Plena Noite;Decrescente;Nublado;Simples;Curva;Não;4;0;0;1;1;2;1;4;-20,87455211;-42,33173948;SPRF-MG;DEL07-MG;UOP02-DEL07-MG
620682;11/08/2024;domingo;22:15:00;BA;235;65,1;JEREMOABO;Condutor Dormindo;Colisão frontal;Com Vítimas Fatais;Pleno dia;Crescente;Nublado;Simples;Reta;Não;6;5;0;0;0;1;0;2;-10,09011691;-38,226509;SPRF-SE;DEL01-SE;UOP02-DEL01-SE
620684;12/08/2024;segunda-feira;01:10:00;SP;116;22,3;LAVRINHAS;Velocidade Incompatível;Colisão com objeto;Com Vítimas Feridas;Plena Noite;Decrescente;Céu Claro;Dupla;"Declive;Curva";Não;2;0;1;0;0;1;1;2;-22,58368521;-44,87772952;SPRF-SP;DEL08-SP;UOP02-DEL08-SP
620685;12/08/2024;segunda-feira;00:30:00;RS;290;334;SAO SEPE;Pedestre - Ingestão de álcool/ substâncias psicoativas;Atropelamento de Pedestre;Com Vítimas Feridas;Plena Noite;Decrescente;Céu Claro;Simples;Reta;Não;3;0;0;1;1;1;1;3;-30,361927;-53,522701;SPRF-RS;DEL09-RS;UOP02-DEL09-RS
620690;12/08/2024;segunda-feira;01:00:00;PE;104;19,9;TAQUARITINGA DO NORTE;Ausência de sinalização;Tombamento;Com Vítimas Feridas;Plena Noite;Decrescente;Céu Claro;Simples;"Em Obras;Curva";Não;2;0;1;0;1;0;1;1;-7,947535;-36,127937;SPRF-PE;DEL02-PE;UOP01-DEL02-PE
620696;11/08/2024;domingo;11:20:00;PE;232;269;SERTANIA;Ingestão de álcool pelo condutor;Colisão transversal;Sem Vítimas;Plena Noite;Decrescente;Céu Claro;Simples;Reta;Não;2;0;0;0;2;0;0;2;-8,40520693;-37,20955497;SPRF-PE;DEL04-PE;UOP02-DEL04-PE
620699;12/08/2024;segunda-feira;02:45:00;SC;116;254,7;LAGES;Acessar a via sem observar a presença dos outros veículos;Colisão transversal;Com Vítimas Fatais;Plena Noite;Crescente;Céu Claro;Simples;"Reta;Interseção de Vias";Sim;7;1;3;1;1;1;4;3;-27,86721884;-50,39576317;SPRF-SC;DEL05-SC;UOP02-DEL05-SC
620700;12/08/2024;segunda-feira;02:55:00;BA;101;288;LAJE;Pista Escorregadia;Saída de leito carroçável;Com Vítimas Fatais;Plena Noite;Crescente;Chuva;Simples;"Declive;Curva";Não;2;1;1;0;0;0;1;1;-13,28940931;-39,32989104;SPRF-BA;DEL01-BA;UOP02-DEL01-BA
620708;12/08/2024;segunda-feira;04:40:00;MT;163;1037;MATUPA;Ausência de reação do condutor;Colisão traseira;Com Vítimas Feridas;Amanhecer;Decrescente;Céu Claro;Simples;Reta;Sim;3;0;1;0;0;3;1;4;-10,19;-54,95;SPRF-MT;DEL06-MT;UOP03-DEL06-MT
620713;12/08/2024;segunda-feira;06:20:00;ES;101;269,7;SERRA;Manobra de mudança de faixa;Colisão lateral mesmo sentido;Com Vítimas Fatais;Pleno dia;Decrescente;Céu Claro;Múltipla;Interseção de Vias;Sim;3;1;0;0;1;1;0;3;-20,21740496;-40,26990578;SPRF-ES;DEL02-ES;UOP01-DEL02-ES
620721;10/08/2024;sábado;22:50:00;BA;101;715;EUNAPOLIS;Ausência de reação do condutor;Atropelamento de Pedestre;Com Vítimas Feridas;Plena Noite;Decrescente;Nublado;Simples;Reta;Não;2;0;0;1;0;1;1;2;-16,35505;-39,579388;SPRF-BA;DEL09-BA;UOP01-DEL09-BA
620730;12/08/2024;segunda-feira;06:29:00;MG;381;478;CONTAGEM;Trafegar com motocicleta (ou similar) entre as faixas;Tombamento;Com Vítimas Feridas;Pleno dia;Decrescente;Céu Claro;Dupla;Reta;Sim;4;0;0;2;1;1;2;3;-19,95826094;-44,05921101;SPRF-MG;DEL01-MG;UOP03-DEL01-MG