id;data_inversa;dia_semana;horario;uf;br;km;municipio;causa_acidente;tipo_acidente;classificacao_acidente;fase_dia;sentido_via;condicao_metereologica;tipo_pista;tracado_via;uso_solo;pessoas;mortos;feridos_leves;feridos_graves;ilesos;ignorados;feridos;veiculos;latitude;longitude;regional;delegacia;uop
620734;12/08/2024;segunda-feira;04:20:00;SC;282;351;CAMPOS NOVOS;Transitar na contramão;Colisão frontal;Com Vítimas Feridas;Plena Noite;Crescente;Céu Claro;Simples;Reta;Não;4;0;0;1;1;2;1;4;-27,361374;-51,301975;SPRF-SC;DEL07-SC;UOP06-DEL07-SC
620738;12/08/2024;segunda-feira;08:20:00;PE;232;4;RECIFE;Condutor deixou de manter distância do veículo da frente;Engavetamento;Com Vítimas Feridas;Pleno dia;Decrescente;Sol;Múltipla;"Aclive;Viaduto";Sim;5;0;1;0;4;0;1;3;-8,064473;-34,936928;SPRF-PE;DEL01-PE;UOP01-DEL01-PE
620740;20/07/2024;sábado;17:00:00;PR;376;504,7;PONTA GROSSA;Objeto estático sobre o leito carroçável;Colisão traseira;Com Vítimas Feridas;Pleno dia;Crescente;Céu Claro;Dupla;"Reta;Declive";Não;9;0;1;1;7;0;2;3;-25,184725;-50,089578;SPRF-PR;DEL03-PR;UOP04-DEL03-PR
620741;12/08/2024;segunda-feira;06:30:00;RS;386;362;BOM RETIRO DO SUL;Condutor deixou de manter distância do veículo da frente;Colisão lateral mesmo sentido;Com Vítimas Feridas;Pleno dia;Crescente;Céu Claro;Dupla;Reta;Não;2;0;0;1;1;0;1;2;-29,557457;-51,891541;SPRF-RS;DEL04-RS;UOP01-DEL04-RS
620742;12/08/2024;segunda-feira;08:50:00;ES;101;270,9;SERRA;Entrada inopinada do pedestre;Atropelamento de Pedestre;Com Vítimas Feridas;Pleno dia;Crescente;Céu Claro;Dupla;"Curva;Viaduto";Sim;4;0;0;1;1;2;1;3;-20,23224814;-40,27477568;SPRF-ES;DEL02-ES;UOP01-DEL02-ES
620743;12/08/2024;segunda-feira;08:35:00;DF;60;5,8;BRASILIA;Velocidade Incompatível;Engavetamento;Com Vítimas Feridas;Pleno dia;Decrescente;Céu Claro;Dupla;Reta;Sim;4;0;3;0;1;0;3;3;-15,895438;-48,104771;SPRF-DF;DEL03-DF;UOP01-DEL03-DF
620744;12/08/2024;segunda-feira;08:20:00;SC;280;28,7;ARAQUARI;Acessar a via sem observar a presença dos outros veículos;Colisão lateral mesmo sentido;Sem Vítimas;Pleno dia;Decrescente;Céu Claro;Simples;Reta;Não;2;0;0;0;2;0;0;2;-26,40450077;-48,74561031;SPRF-SC;DEL03-SC;UOP03-DEL03-SC
620750;12/08/2024;segunda-feira;09:30:00;MG;381;503,9;BETIM;Reação tardia ou ineficiente do condutor;Colisão traseira;Com Vítimas Feridas;Pleno dia;Crescente;Céu Claro;Dupla;"Aclive;Reta";Sim;4;0;0;1;1;2;1;4;-20,029109;-44,235193;SPRF-MG;DEL01-MG;UOP03-DEL01-MG
620754;12/08/2024;segunda-feira;08:20:00;PI;316;11,9;TERESINA;Estacionar ou parar em local proibido;Colisão com objeto;Com Vítimas Fatais;Pleno dia;Crescente;Céu Claro;Múltipla;Reta;Sim;3;1;0;0;1;1;0;3;-5,191739;-42,76076102;SPRF-PI;DEL01-PI;UOP02-DEL01-PI
620758;12/08/2024;segunda-feira;05:30:00;SC;153;0,5;AGUA DOCE;Reação tardia ou ineficiente do condutor;Tombamento;Com Vítimas Feridas;Amanhecer;Crescente;Céu Claro;Simples;Curva;Não;2;0;1;0;0;1;1;2;-26,61304728;-51,49641752;SPRF-SC;DEL07-SC;UOP07-DEL07-SC
620762;12/08/2024;segunda-feira;09:55:00;ES;101;122,2;SOORETAMA;Reação tardia ou ineficiente do condutor;Colisão lateral sentido oposto;Com Vítimas Fatais;Pleno dia;Crescente;Céu Claro;Simples;Reta;Não;5;1;1;1;0;2;2;5;-19,16016593;-40,08315314;SPRF-ES;DEL04-ES;UOP01-DEL04-ES
620764;12/08/2024;segunda-feira;05:00:00;RJ;116;219;PARACAMBI;Ausência de reação do condutor;Colisão com objeto;Com Vítimas Fatais;Plena Noite;Decrescente;Céu Claro;Dupla;Curva;Não;2;1;0;0;0;1;0;2;-22,698075;-43,765978;SPRF-RJ;DEL06-RJ;UOP02-DEL06-RJ
620767;12/08/2024;segunda-feira;07:33:00;PA;163;407;ITAITUBA;Acessar a via sem observar a presença dos outros veículos;Colisão lateral mesmo sentido;Com Vítimas Fatais;Pleno dia;Crescente;Sol;Simples;Reta;Não;3;1;0;0;1;3;0;5;-6,24742824;-55,61849759;SPRF-PA;DEL05-PA;UOP03-DEL05-PA
620768;05/08/2024;segunda-feira;21:20:00;RS;468;67,2;CAMPO NOVO;Acessar a via sem observar a presença dos outros veículos;Colisão frontal;Com Vítimas Feridas;Plena Noite;Decrescente;Garoa/Chuvisco;Simples;"Reta;Interseção de Vias";Não;3;0;2;0;1;0;2;2;-27,736906;-53,838505;SPRF-RS;DEL08-RS;UOP02-DEL08-RS
620772;12/08/2024;segunda-feira;11:00:00;SC;101;0;BIGUACU;Condutor deixou de manter distância do veículo da frente;Colisão traseira;Com Vítimas Feridas;Pleno dia;Crescente;Céu Claro;Dupla;Curva;Não;3;0;1;0;1;1;1;2;-27,4946;-48,6561;SPRF-SC;DEL01-SC;UOP01-DEL01-SC
620773;12/08/2024;segunda-feira;10:15:00;RS;285;330;CARAZINHO;Ausência de reação do condutor;Colisão traseira;Com Vítimas Feridas;Pleno dia;Decrescente;Céu Claro;Simples;Curva;Não;4;0;0;1;2;1;1;3;-28,28824;-52,713528;SPRF-RS;DEL08-RS;UOP03-DEL08-RS
620775;12/08/2024;segunda-feira;08:50:00;MG;40;610,2;CONGONHAS;Demais falhas mecânicas ou elétricas;Colisão frontal;Com Vítimas Fatais;Pleno dia;Decrescente;Sol;Simples;Curva;Não;3;1;0;0;1;1;0;3;-20,507521;-43,838458;SPRF-MG;DEL05-MG;UOP02-DEL05-MG
620776;07/07/2024;domingo;23:30:00;BA;116;650;JEQUIE;Reação tardia ou ineficiente do condutor;Colisão traseira;Com Vítimas Feridas;Plena Noite;Decrescente;Céu Claro;Simples;"Reta;Aclive";Não;13;0;5;5;2;1;10;4;-13,61074294;-40,09094936;SPRF-BA;DEL03-BA;UOP01-DEL03-BA
620778;12/08/2024;segunda-feira;11:10:00;SC;101;283,3;IMBITUBA;Reação tardia ou ineficiente do condutor;Colisão traseira;Com Vítimas Feridas;Pleno dia;Crescente;Céu Claro;Dupla;Reta;Não;3;0;1;0;1;3;1;5;-28,22221893;-48,70070815;SPRF-SC;DEL02-SC;UOP03-DEL02-SC
620781;12/08/2024;segunda-feira;09:02:00;MS;163;563;BANDEIRANTES;Ausência de reação do condutor;Colisão traseira;Sem Vítimas;Pleno dia;Decrescente;Céu Claro;Simples;Aclive;Não;44;0;0;0;43;2;0;4;-19,80187994;-54,36992724;SPRF-MS;DEL01-MS;UOP02-DEL01-MS
620782;12/08/2024;segunda-feira;11:15:00;MS;163;88;ITAQUIRAI;Demais falhas mecânicas ou elétricas;Saída de leito carroçável;Com Vítimas Feridas;Pleno dia;Decrescente;Céu Claro;Simples;Reta;Não;6;0;1;0;5;0;1;1;-23,38801296;-54,2114515;SPRF-MS;DEL09-MS;UOP01-DEL09-MS
620789;02/07/2024;terça-feira;05:08:00;PA;163;212;NOVO PROGRESSO;Reação tardia ou ineficiente do condutor;Colisão frontal;Com Vítimas Feridas;Amanhecer;Decrescente;Ignorado;Simples;Reta;Não;3;0;1;1;0;2;2;4;-7,85207798;-55,18176377;SPRF-PA;DEL05-PA;UOP02-DEL05-PA
620791;12/08/2024;segunda-feira;09:50:00;PR;373;235;IMBITUVA;Condutor deixou de manter distância do veículo da frente;Colisão traseira;Com Vítimas Feridas;Pleno dia;Crescente;Céu Claro;Simples;"Aclive;Reta";Não;3;0;2;0;1;0;2;2;-25,184593;-50,706793;SPRF-PR;DEL03-PR;UOP01-DEL03-PR
620793;12/08/2024;segunda-feira;11:55:00;SC;470;53,9;BLUMENAU;Demais falhas na via;Colisão lateral mesmo sentido;Sem Vítimas;Pleno dia;Crescente;Céu Claro;Simples;"Em Obras;Curva";Sim;3;0;0;0;2;1;0;3;-26,87115449;-49,10897791;SPRF-SC;DEL04-SC;UOP01-DEL04-SC
620803;21/07/2024;domingo;17:30:00;MG;40;587,7;ITABIRITO;Reação tardia ou ineficiente do condutor;Tombamento;Com Vítimas Fatais;Plena Noite;Decrescente;Céu Claro;Simples;"Declive;Curva";Não;9;2;1;3;1;3;4;5;-20,34858326;-43,92200604;SPRF-MG;DEL01-MG;UOP02-DEL01-MG
620815;12/08/2024;segunda-feira;14:30:00;ES;262;95;DOMINGOS MARTINS;Acessar a via sem observar a presença dos outros veículos;Colisão transversal;Com Vítimas Feridas;Pleno dia;Crescente;Sol;Simples;"Em Obras;Retorno Regulamentado;Reta";Não;3;0;1;0;1;1;1;3;-20,3659225;-41,06040133;SPRF-ES;DEL01-ES;UOP02-DEL01-ES
620816;12/08/2024;segunda-feira;15:00:00;RS;386;350,3;ESTRELA;Acessar a via sem observar a presença dos outros veículos;Colisão transversal;Com Vítimas Feridas;Pleno dia;Decrescente;Céu Claro;Dupla;"Em Obras;Reta";Sim;3;0;1;0;1;1;1;3;-29,4743;-51,952923;SPRF-RS;DEL04-RS;UOP01-DEL04-RS
620817;12/08/2024;segunda-feira;14:50:00;RJ;116;329;ITATIAIA;Estacionar ou parar em local proibido;Colisão traseira;Com Vítimas Fatais;Pleno dia;Decrescente;Céu Claro;Dupla;Reta;Não;3;1;0;0;1;1;0;3;-22,50458;-44,61510167;SPRF-RJ;DEL07-RJ;UOP02-DEL07-RJ
620819;06/08/2024;terça-feira;06:25:00;RN;304;298;MACAIBA;Manobra de mudança de faixa;Colisão lateral mesmo sentido;Com Vítimas Feridas;Pleno dia;Crescente;Céu Claro;Dupla;Retorno Regulamentado;Sim;2;0;1;0;1;0;1;2;-5,8682343;-35,3321791;SPRF-RN;DEL01-RN;UOP02-DEL01-RN
620821;12/08/2024;segunda-feira;13:30:00;SC;101;194;BIGUACU;Trafegar com motocicleta (ou similar) entre as faixas;Colisão traseira;Com Vítimas Feridas;Pleno dia;Decrescente;Céu Claro;Dupla;Reta;Não;2;0;0;1;1;0;1;2;-27,49815117;-48,65661236;SPRF-SC;DEL01-SC;UOP01-DEL01-SC
620823;12/08/2024;segunda-feira;15:10:00;PR;369;101,3;URAI;Ausência de reação do condutor;Colisão lateral mesmo sentido;Com Vítimas Feridas;Pleno dia;Crescente;Céu Claro;Dupla;"Reta;Aclive";Não;3;0;2;0;1;0;2;2;-23,24716924;-50,72877467;SPRF-PR;DEL07-PR;UOP05-DEL07-PR
620828;12/08/2024;segunda-feira;17:20:00;RJ;101;60;CAMPOS DOS GOYTACAZES;Condutor desrespeitou a iluminação vermelha do semáforo;Colisão transversal;Com Vítimas Feridas;Pleno dia;Decrescente;Céu Claro;Simples;"Reta;Interseção de Vias";Sim;2;0;1;0;1;0;1;2;-21,72476;-41,319868;SPRF-RJ;DEL08-RJ;UOP01-DEL08-RJ
620831;12/08/2024;segunda-feira;13:40:00;BA;20;163;SAO DESIDERIO;Demais Fenômenos da natureza;Incêndio;Sem Vítimas;Pleno dia;Crescente;Céu Claro;Simples;Reta;Não;2;0;0;0;1;3;0;4;-12,58974806;-45,90860367;SPRF-BA;DEL10-BA;UOP01-DEL10-BA
620844;18/07/2024;quinta-feira;05:30:00;GO;414;387;CORUMBA DE GOIAS;Velocidade Incompatível;Tombamento;Com Vítimas Feridas;Amanhecer;Crescente;Céu Claro;Simples;Curva;Não;2;0;1;0;0;2;1;3;-15,876792;-48,785263;SPRF-GO;DEL02-GO;UOP01-DEL02-GO
620851;12/08/2024;segunda-feira;19:00:00;CE;116;38;HORIZONTE;Condutor deixou de manter distância do veículo da frente;Colisão traseira;Com Vítimas Feridas;Plena Noite;Crescente;Céu Claro;Dupla;Reta;Sim;3;0;1;0;1;1;1;3;-4,07845511;-38,4997201;SPRF-CE;DEL01-CE;UOP02-DEL01-CE
620852;11/07/2024;quinta-feira;07:05:00;MA;10;256,6;IMPERATRIZ;Acessar a via sem observar a presença dos outros veículos;Colisão lateral mesmo sentido;Com Vítimas Feridas;Pleno dia;Decrescente;Céu Claro;Simples;Reta;Sim;4;0;0;1;1;4;1;6;-5,499715;-47,471836;SPRF-MA;DEL04-MA;UOP01-DEL04-MA
620854;12/08/2024;segunda-feira;19:50:00;BA;324;438,2;RIACHAO DO JACUIPE;Ultrapassagem Indevida;Colisão frontal;Com Vítimas Feridas;Plena Noite;Decrescente;Céu Claro;Simples;Reta;Sim;2;0;0;1;1;0;1;2;-11,80627736;-39,39047677;SPRF-BA;DEL02-BA;UOP01-DEL02-BA
620858;12/08/2024;segunda-feira;19:00:00;RS;386;25,7;FREDERICO WESTPHALEN;Demais falhas mecânicas ou elétricas;Incêndio;Sem Vítimas;Plena Noite;Crescente;Céu Claro;Simples;Reta;Não;3;0;0;0;2;1;0;2;-27,293734;-53,3582;SPRF-RS;DEL08-RS;UOP02-DEL08-RS
620864;12/08/2024;segunda-feira;19:40:00;MG;50;29,2;ARAGUARI;Reação tardia ou ineficiente do condutor;Saída de leito carroçável;Com Vítimas Feridas;Plena Noite;Decrescente;Céu Claro;Dupla;"Curva;Declive";Não;1;0;0;1;0;0;1;1;-18,62034416;-48,11087208;SPRF-MG;DEL15-MG;UOP02-DEL15-MG
620872;12/08/2024;segunda-feira;20:05:00;MG;381;938,2;EXTREMA;Acessar a via sem observar a presença dos outros veículos;Colisão transversal;Com Vítimas Feridas;Plena Noite;Crescente;Céu Claro;Dupla;"Reta;Retorno Regulamentado";Não;6;0;3;0;1;2;3;5;-22,81610523;-46,29278537;SPRF-MG;DEL16-MG;UOP03-DEL16-MG
620876;12/08/2024;segunda-feira;21:30:00;BA;407;0,1;JUAZEIRO;Trafegar com motocicleta (ou similar) entre as faixas;Colisão frontal;Com Vítimas Feridas;Plena Noite;Crescente;Céu Claro;Simples;Reta;Sim;3;0;0;1;2;0;1;3;-9,41266;-40,505952;SPRF-PE;DEL06-PE;UOP01-DEL06-PE
620877;12/08/2024;segunda-feira;22:22:00;PE;232;182,7;BELO JARDIM;Animais na Pista;Atropelamento de Animal;Com Vítimas Fatais;Plena Noite;Crescente;Céu Claro;Simples;Reta;Não;3;1;1;0;0;1;1;3;-8,34804728;-36,452527;SPRF-PE;DEL03-PE;UOP02-DEL03-PE
620878;20/07/2024;sábado;01:55:00;SC;282;342;CAMPOS NOVOS;Condutor Dormindo;Colisão frontal;Com Vítimas Feridas;Plena Noite;Decrescente;Céu Claro;Simples;Reta;Sim;2;0;1;0;1;0;1;2;-27,390287;-51,223286;SPRF-SC;DEL07-SC;UOP06-DEL07-SC
620881;12/08/2024;segunda-feira;21:00:00;PI;222;40;BRASILEIRA;Ausência de reação do condutor;Saída de leito carroçável;Com Vítimas Fatais;Anoitecer;Decrescente;Céu Claro;Simples;Reta;Não;2;1;0;0;0;1;0;2;-4,06897681;-41,54031812;SPRF-PI;DEL02-PI;UOP01-DEL02-PI
620882;12/08/2024;segunda-feira;12:30:00;PA;308;171;TRACUATEUA;Reação tardia ou ineficiente do condutor;Saída de leito carroçável;Com Vítimas Feridas;Pleno dia;Decrescente;Céu Claro;Simples;Reta;Não;2;0;1;0;1;0;1;1;-1,18459831;-47,00973118;SPRF-PA;DEL01-PA;UOP03-DEL01-PA
620883;12/08/2024;segunda-feira;09:30:00;BA;324;554;AMELIA RODRIGUES;Reação tardia ou ineficiente do condutor;Saída de leito carroçável;Com Vítimas Feridas;Plena Noite;Crescente;Céu Claro;Dupla;Reta;Não;2;0;1;0;0;1;1;2;-12,46037726;-38,69681519;SPRF-BA;DEL01-BA;UOP03-DEL01-BA
620889;12/08/2024;segunda-feira;23:40:00;PR;277;639;CEU AZUL;Trafegar com motocicleta (ou similar) entre as faixas;Colisão traseira;Com Vítimas Feridas;Plena Noite;Decrescente;Céu Claro;Simples;Curva;Não;2;0;1;0;1;0;1;2;-25,1631072;-53,85896991;SPRF-PR;DEL05-PR;UOP02-DEL05-PR
620891;12/08/2024;segunda-feira;22:10:00;PR;277;474,2;NOVA LARANJEIRAS;Velocidade Incompatível;Tombamento;Com Vítimas Feridas;Plena Noite;Crescente;Céu Claro;Simples;"Declive;Curva";Não;2;0;1;0;0;2;1;3;-25,30031103;-52,55805731;SPRF-PR;DEL04-PR;UOP02-DEL04-PR
620896;13/08/2024;terça-feira;02:50:00;CE;222;2;FORTALEZA;Conversão proibida;Colisão transversal;Com Vítimas Feridas;Plena Noite;Crescente;Vento;Múltipla;Reta;Não;2;0;1;0;1;0;1;2;-3,73911117;-38,58687498;SPRF-CE;DEL01-CE;UOP01-DEL01-CE
620900;13/08/2024;terça-feira;04:30:00;CE;116;372,8;ICO;Demais falhas mecânicas ou elétricas;Incêndio;Sem Vítimas;Amanhecer;Crescente;Céu Claro;Simples;Reta;Sim;2;0;0;0;1;1;0;2;-6,38421865;-38,81677028;SPRF-CE;DEL05-CE;UOP01-DEL05-CE
620901;13/08/2024;terça-feira;05:50:00;SP;116;380;MIRACATU;Ausência de reação do condutor;Colisão com objeto;Com Vítimas Feridas;Amanhecer;Crescente;Nevoeiro/Neblina;Dupla;Curva;Não;2;0;1;0;0;1;1;2;-24,21753686;-47,36651776;SPRF-SP;DEL04-SP;UOP02-DEL04-SP
620902;13/08/2024;terça-feira;06:00:00;GO;20;145,7;ALVORADA DO NORTE;Ausência de reação do condutor;Saída de leito carroçável;Com Vítimas Feridas;Amanhecer;Crescente;Céu Claro;Simples;Reta;Não;1;0;1;0;0;0;1;1;-14,743825;-46,653893;SPRF-DF;DEL02-DF;UOP03-DEL02-DF
620903;12/08/2024;segunda-feira;22:45:00;SP;116;511;CAJATI;Reação tardia ou ineficiente do condutor;Tombamento;Com Vítimas Fatais;Plena Noite;Crescente;Céu Claro;Simples;"Curva;Declive";Não;3;1;0;1;0;1;1;2;-24,83558399;-48,2223738;SPRF-SP;DEL05-SP;UOP02-DEL05-SP
620904;12/08/2024;segunda-feira;19:20:00;MA;135;284,5;SANTO ANTONIO DOS LOPES;Ausência de reação do condutor;Colisão traseira;Com Vítimas Feridas;Plena Noite;Crescente;Céu Claro;Simples;Reta;Sim;3;0;0;1;1;2;1;4;-4,85168909;-44,34579072;SPRF-MA;DEL06-MA;UOP01-DEL06-MA
620911;13/08/2024;terça-feira;06:47:00;DF;20;30;BRASILIA;Reação tardia ou ineficiente do condutor;Colisão traseira;Com Vítimas Feridas;Pleno dia;Crescente;Céu Claro;Dupla;Reta;Não;3;0;0;1;2;0;1;2;-15,595327;-47,603848;SPRF-DF;DEL02-DF;UOP01-DEL02-DF
620912;13/08/2024;terça-feira;00:00:00;MA;226;227;TUNTUM;Demais falhas mecânicas ou elétricas;Incêndio;Sem Vítimas;Plena Noite;Decrescente;Céu Claro;Simples;Reta;Não;1;0;0;0;0;1;0;1;-5,34370698;-44,682819;SPRF-MA;DEL06-MA;UOP01-DEL06-MA
620913;13/08/2024;terça-feira;07:00:00;MG;40;794,6;JUIZ DE FORA;Pedestre andava na pista;Atropelamento de Pedestre;Com Vítimas Fatais;Pleno dia;Decrescente;Céu Claro;Dupla;Reta;Sim;3;1;0;0;1;1;0;3;-21,79926451;-43,40729012;SPRF-MG;DEL05-MG;UOP01-DEL05-MG
620914;13/08/2024;terça-feira;07:10:00;SC;280;119;SAO BENTO DO SUL;Demais Fenômenos da natureza;Colisão traseira;Com Vítimas Feridas;Pleno dia;Crescente;Céu Claro;Simples;"Reta;Em Obras";Não;3;0;1;0;2;0;1;2;-26,2470816;-49,45864677;SPRF-SC;DEL06-SC;UOP03-DEL06-SC
620915;13/08/2024;terça-feira;05:10:00;MA;402;3;BACABEIRA;Condutor Dormindo;Colisão lateral sentido oposto;Com Vítimas Feridas;Amanhecer;Crescente;Céu Claro;Simples;Reta;Não;4;0;2;0;2;0;2;2;-2,957435;-44,297928;SPRF-MA;DEL01-MA;UOP01-DEL01-MA
620918;13/08/2024;terça-feira;07:00:00;CE;226;133,3;MILHA;Acessar a via sem observar a presença dos outros veículos;Colisão transversal;Com Vítimas Fatais;Pleno dia;Crescente;Céu Claro;Simples;Reta;Não;3;1;0;0;1;1;0;3;-5,7231508;-39,13768678;SPRF-CE;DEL02-CE;UOP02-DEL02-CE
620930;13/08/2024;terça-feira;08:28:00;BA;116;11;VITORIA DA CONQUISTA;Transitar no Acostamento;Colisão lateral mesmo sentido;Sem Vítimas;Pleno dia;Crescente;Céu Claro;Simples;Reta;Não;4;0;0;0;3;2;0;4;-14,8726042;-40,8715047;SPRF-BA;DEL08-BA;UOP01-DEL08-BA
620944;13/08/2024;terça-feira;08:10:00;PA;316;56;CASTANHAL;Acessar a via sem observar a presença dos outros veículos;Colisão lateral mesmo sentido;Com Vítimas Feridas;Pleno dia;Decrescente;Céu Claro;Simples;Reta;Não;3;0;1;0;1;1;1;3;-1,30296976;-47,99063907;SPRF-PA;DEL01-PA;UOP01-DEL01-PA
620947;07/02/2024;quarta-feira;09:00:00;MG;381;324;NOVA ERA;Reação tardia ou ineficiente do condutor;Saída de leito carroçável;Com Vítimas Feridas;Pleno dia;Decrescente;Nublado;Simples;Curva;Não;2;0;1;0;0;1;1;2;-19,759028;-43,028651;SPRF-MG;DEL03-MG;UOP02-DEL03-MG
620953;13/08/2024;terça-feira;10:00:00;MG;153;46;CANAPOLIS;Velocidade Incompatível;Colisão lateral mesmo sentido;Com Vítimas Feridas;Pleno dia;Crescente;Céu Claro;Dupla;"Curva;Aclive";Não;6;0;2;0;0;5;2;5;-18,7877321;-49,08400664;SPRF-MG;DEL15-MG;UOP03-DEL15-MG
620955;16/07/2024;terça-feira;16:00:00;AC;317;283;EPITACIOLANDIA;Condutor deixou de manter distância do veículo da frente;Colisão traseira;Com Vítimas Feridas;Pleno dia;Decrescente;Céu Claro;Simples;Reta;Não;2;0;0;1;0;1;1;2;-11,01728;-68,65757;SPRF-AC;DEL01-AC;UOP02-DEL01-AC
620956;10/04/2024;quarta-feira;06:15:00;MA;10;200;RIBAMAR FIQUENE;Ingestão de álcool pelo condutor;Colisão frontal;Com Vítimas Fatais;Amanhecer;Decrescente;Céu Claro;Simples;Reta;Não;3;1;1;0;0;1;1;3;-5,96539;-47,38356;SPRF-MA;DEL04-MA;UOP01-DEL04-MA
620958;13/08/2024;terça-feira;10:45:00;PR;116;58,8;CAMPINA GRANDE DO SUL;Ingestão de álcool pelo condutor;Saída de leito carroçável;Com Vítimas Feridas;Pleno dia;Decrescente;Céu Claro;Dupla;Reta;Não;2;0;1;0;0;1;1;2;-25,29614033;-48,93795675;SPRF-PR;DEL01-PR;UOP02-DEL01-PR
620959;03/07/2024;quarta-feira;05:45:00;PR;277;137,2;CAMPO LARGO;Velocidade Incompatível;Colisão traseira;Com Vítimas Feridas;Plena Noite;Decrescente;Céu Claro;Dupla;"Aclive;Reta";Não;4;0;1;1;1;3;2;5;-25,47517;-49,707275;SPRF-PR;DEL03-PR;UOP03-DEL03-PR
620965;13/08/2024;terça-feira;06:30:00;MS;262;649,4;MIRANDA;Condutor Dormindo;Colisão lateral sentido oposto;Sem Vítimas;Pleno dia;Decrescente;Céu Claro;Simples;Reta;Não;4;0;0;0;2;4;0;5;-19,73038217;-56,98067031;SPRF-MS;DEL03-MS;UOP02-DEL03-MS
620967;13/08/2024;terça-feira;12:15:00;PR;277;99,4;CURITIBA;Ausência de reação do condutor;Colisão traseira;Com Vítimas Feridas;Pleno dia;Crescente;Céu Claro;Dupla;"Interseção de Vias;Reta";Não;2;0;1;0;1;0;1;2;-25,43174848;-49,3645916;SPRF-PR;DEL01-PR;UOP06-DEL01-PR
620971;13/08/2024;terça-feira;09:15:00;MS;163;78,4;ITAQUIRAI;Ausência de reação do condutor;Eventos atípicos;Com Vítimas Feridas;Pleno dia;Crescente;Céu Claro;Dupla;"Reta;Retorno Regulamentado";Sim;3;0;0;1;1;1;1;3;-23,47441924;-54,18829399;SPRF-MS;DEL09-MS;UOP01-DEL09-MS
620975;13/08/2024;terça-feira;11:30:00;SC;101;98;BALNEARIO PICARRAS;Trafegar com motocicleta (ou similar) entre as faixas;Colisão traseira;Com Vítimas Feridas;Pleno dia;Decrescente;Céu Claro;Dupla;Reta;Não;3;0;1;0;1;1;1;3;-26,73760897;-48,69918789;SPRF-SC;DEL03-SC;UOP02-DEL03-SC
620977;13/08/2024;terça-feira;12:40:00;CE;116;428,6;IPAUMIRIM;Ausência de reação do condutor;Saída de leito carroçável;Sem Vítimas;Pleno dia;Decrescente;Céu Claro;Simples;Rotatória;Não;1;0;0;0;0;1;0;1;-6,84291929;-38,73762131;SPRF-CE;DEL05-CE;UOP01-DEL05-CE
620980;13/08/2024;terça-feira;14:00:00;BA;116;9;VITORIA DA CONQUISTA;Condutor deixou de manter distância do veículo da frente;Colisão traseira;Com Vítimas Feridas;Pleno dia;Crescente;Céu Claro;Simples;Reta;Sim;4;0;1;1;1;1;2;3;-14,851;-40,8485;SPRF-BA;DEL08-BA;UOP01-DEL08-BA
620982;12/08/2024;segunda-feira;19:00:00;PR;153;500,5;GENERAL CARNEIRO;Ausência de reação do condutor;Colisão com objeto;Com Vítimas Fatais;Anoitecer;Crescente;Nevoeiro/Neblina;Simples;"Aclive;Reta";Não;1;1;0;0;0;0;0;1;-26,492;-51,345;SPRF-PR;DEL02-PR;UOP03-DEL02-PR
620983;12/08/2024;segunda-feira;05:30:00;PE;232;269;SERTANIA;Demais falhas mecânicas ou elétricas;Colisão traseira;Sem Vítimas;Amanhecer;Decrescente;Céu Claro;Simples;Reta;Não;3;0;0;0;3;0;0;3;-8,40520693;-37,20955497;SPRF-PE;DEL04-PE;UOP02-DEL04-PE
620987;13/08/2024;terça-feira;14:20:00;RS;116;564;PEDRO OSORIO;Acessar a via sem observar a presença dos outros veículos;Colisão transversal;Com Vítimas Feridas;Pleno dia;Crescente;Céu Claro;Simples;"Interseção de Vias;Reta";Não;2;0;1;0;1;0;1;2;-31,92693024;-52,7268519;SPRF-RS;DEL07-RS;UOP03-DEL07-RS
620989;13/08/2024;terça-feira;14:25:00;MG;381;496;BETIM;Velocidade Incompatível;Tombamento;Com Vítimas Feridas;Pleno dia;Crescente;Nublado;Múltipla;Curva;Não;3;0;1;0;1;5;1;7;-19,97804133;-44,19873619;SPRF-MG;DEL01-MG;UOP03-DEL01-MG
620994;13/08/2024;terça-feira;14:20:00;MG;381;443,5;SABARA;Ausência de reação do condutor;Colisão transversal;Com Vítimas Feridas;Pleno dia;Decrescente;Céu Claro;Simples;Reta;Sim;4;0;1;1;1;1;2;3;-19,80966917;-43,77283573;SPRF-MG;DEL01-MG;UOP01-DEL01-MG
620996;13/08/2024;terça-feira;04:40:00;MT;163;559;DIAMANTINO;Reação tardia ou ineficiente do condutor;Colisão lateral sentido oposto;Com Vítimas Fatais;Plena Noite;Crescente;Céu Claro;Simples;Reta;Não;3;1;0;0;1;6;0;8;-14,24293501;-56,12516399;SPRF-MT;DEL01-MT;UOP01-DEL01-MT
620997;10/08/2024;sábado;04:00:00;SC;282;104;ALFREDO WAGNER;Reação tardia ou ineficiente do condutor;Colisão frontal;Sem Vítimas;Plena Noite;Crescente;Céu Claro;Simples;Curva;Não;2;0;0;0;2;0;0;2;-27,696043;-49,334038;SPRF-SC;DEL01-SC;UOP03-DEL01-SC
621000;13/08/2024;terça-feira;13:15:00;PR;153;111,1;IBAITI;Reação tardia ou ineficiente do condutor;Colisão lateral sentido oposto;Com Vítimas Feridas;Pleno dia;Crescente;Céu Claro;Simples;Reta;Sim;6;0;4;0;1;3;4;5;-23,86125206;-50,19948581;SPRF-PR;DEL07-PR;UOP04-DEL07-PR