id;data_inversa;dia_semana;horario;uf;br;km;municipio;causa_acidente;tipo_acidente;classificacao_acidente;fase_dia;sentido_via;condicao_metereologica;tipo_pista;tracado_via;uso_solo;pessoas;mortos;feridos_leves;feridos_graves;ilesos;ignorados;feridos;veiculos;latitude;longitude;regional;delegacia;uop
621004;13/08/2024;terça-feira;15:50:00;GO;60;1;SANTO ANTONIO DO DESCOBERTO;Reação tardia ou ineficiente do condutor;Colisão lateral mesmo sentido;Com Vítimas Feridas;Pleno dia;Crescente;Céu Claro;Dupla;Curva;Não;6;0;1;0;4;2;1;4;-16,0598749;-48,26321447;SPRF-DF;DEL03-DF;UOP01-DEL03-DF
621006;13/08/2024;terça-feira;15:15:00;PE;101;75;RECIFE;Condutor deixou de manter distância do veículo da frente;Engavetamento;Com Vítimas Feridas;Pleno dia;Decrescente;Céu Claro;Dupla;Reta;Sim;3;0;1;0;2;0;1;3;-8,10973523;-34,94660151;SPRF-PE;DEL01-PE;UOP01-DEL01-PE
621008;10/07/2024;quarta-feira;06:30:00;MG;381;350;JOAO MONLEVADE;Acostamento em desnível;Tombamento;Sem Vítimas;Pleno dia;Decrescente;Céu Claro;Simples;"Aclive;Retorno Regulamentado;Curva;Interseção de Vias";Não;2;0;0;0;1;1;0;2;-19,84953832;-43,15779198;SPRF-MG;DEL03-MG;UOP01-DEL03-MG
621011;13/08/2024;terça-feira;10:15:00;AL;104;9;SAO JOSE DA LAJE;Velocidade Incompatível;Saída de leito carroçável;Com Vítimas Fatais;Pleno dia;Crescente;Sol;Simples;"Curva;Declive";Não;2;1;0;0;0;1;0;2;-8,96748868;-36,01640224;SPRF-AL;DEL01-AL;UOP02-DEL01-AL
621012;13/08/2024;terça-feira;12:00:00;MG;116;220;CATUJI;Ausência de reação do condutor;Colisão lateral sentido oposto;Com Vítimas Feridas;Pleno dia;Crescente;Céu Claro;Simples;Reta;Não;3;0;0;1;1;2;1;4;-17,40682777;-41,51524967;SPRF-MG;DEL11-MG;UOP01-DEL11-MG
621018;13/08/2024;terça-feira;15:00:00;BA;101;753,9;ITABELA;Carga excessiva e/ou mal acondicionada;Colisão lateral mesmo sentido;Sem Vítimas;Pleno dia;Crescente;Nublado;Simples;Reta;Não;3;0;0;0;2;1;0;3;-16,6360274;-39,51919556;SPRF-BA;DEL09-BA;UOP01-DEL09-BA
621028;13/08/2024;terça-feira;16:20:00;MG;116;539,1;SANTA RITA DE MINAS;Velocidade Incompatível;Colisão transversal;Com Vítimas Feridas;Pleno dia;Crescente;Céu Claro;Simples;Curva;Não;3;0;0;1;1;1;1;3;-19,88240027;-42,13242591;SPRF-MG;DEL06-MG;UOP02-DEL06-MG
621032;13/08/2024;terça-feira;18:00:00;ES;101;273;SERRA;Ausência de reação do condutor;Saída de leito carroçável;Com Vítimas Feridas;Plena Noite;Crescente;Nublado;Múltipla;Reta;Sim;2;0;1;0;0;1;1;2;-20,22029207;-40,29048811;SPRF-ES;DEL02-ES;UOP01-DEL02-ES
621033;13/08/2024;terça-feira;16:40:00;RN;226;324,1;MESSIAS TARGINO;Acessar a via sem observar a presença dos outros veículos;Colisão transversal;Com Vítimas Feridas;Pleno dia;Crescente;Sol;Simples;Interseção de Vias;Sim;2;0;0;1;1;0;1;2;-6,07591893;-37,51954321;SPRF-RN;DEL04-RN;UOP01-DEL04-RN
621036;13/08/2024;terça-feira;17:40:00;BA;101;98;ALAGOINHAS;Pedestre cruzava a pista fora da faixa;Atropelamento de Pedestre;Com Vítimas Feridas;Anoitecer;Crescente;Céu Claro;Simples;Reta;Sim;2;0;0;1;1;0;1;2;-12,12395106;-38,39300331;SPRF-BA;DEL01-BA;UOP04-DEL01-BA
621038;13/08/2024;terça-feira;17:45:00;SC;116;16,8;MAFRA;Demais falhas mecânicas ou elétricas;Colisão com objeto;Com Vítimas Feridas;Anoitecer;Crescente;Ignorado;Simples;"Reta;Declive";Não;4;0;1;0;2;1;1;4;-26,21694921;-49,88854051;SPRF-SC;DEL06-SC;UOP01-DEL06-SC
621044;13/08/2024;terça-feira;17:30:00;RO;174;11;VILHENA;Acessar a via sem observar a presença dos outros veículos;Queda de ocupante de veículo;Com Vítimas Feridas;Pleno dia;Crescente;Céu Claro;Dupla;Rotatória;Sim;4;0;0;1;2;3;1;5;-12,74605898;-60,11270299;SPRF-RO;DEL04-RO;UOP01-DEL04-RO
621048;13/08/2024;terça-feira;19:10:00;SC;101;433,5;SOMBRIO;Reação tardia ou ineficiente do condutor;Colisão traseira;Com Vítimas Feridas;Plena Noite;Decrescente;Ignorado;Dupla;Reta;Sim;3;0;1;0;1;1;1;3;-29,08200809;-49,6297237;SPRF-SC;DEL02-SC;UOP02-DEL02-SC
621050;13/08/2024;terça-feira;14:30:00;MA;135;26,4;BACABEIRA;Avarias e/ou desgaste excessivo no pneu;Colisão lateral mesmo sentido;Com Vítimas Feridas;Pleno dia;Decrescente;Céu Claro;Dupla;Curva;Não;5;0;2;1;2;0;3;2;-2,77023451;-44,36931635;SPRF-MA;DEL01-MA;UOP01-DEL01-MA
621063;13/08/2024;terça-feira;19:55:00;SP;153;167;GUAICARA;Ingestão de álcool pelo condutor;Colisão lateral sentido oposto;Com Vítimas Feridas;Plena Noite;Decrescente;Céu Claro;Simples;Reta;Não;3;0;1;0;1;1;1;3;-21,57026902;-49,78358452;SPRF-SP;DEL07-SP;UOP01-DEL07-SP
621074;13/08/2024;terça-feira;20:55:00;SC;282;513;XANXERE;Ultrapassagem Indevida;Colisão lateral mesmo sentido;Sem Vítimas;Plena Noite;Decrescente;Céu Claro;Simples;"Aclive;Curva";Não;4;0;0;0;3;2;0;5;-26,914485;-52,478322;SPRF-SC;DEL07-SC;UOP01-DEL07-SC
621076;13/08/2024;terça-feira;19:00:00;SP;116;487;CAJATI;Ausência de reação do condutor;Colisão traseira;Com Vítimas Feridas;Plena Noite;Crescente;Céu Claro;Simples;Reta;Sim;3;0;1;0;1;4;1;6;-24,72633575;-48,08998415;SPRF-SP;DEL05-SP;UOP01-DEL05-SP
621080;13/08/2024;terça-feira;16:10:00;MG;381;246,7;SANTANA DO PARAISO;Transitar na contramão;Colisão frontal;Com Vítimas Feridas;Pleno dia;Crescente;Nublado;Simples;"Declive;Reta";Não;2;0;2;0;0;0;2;2;-19,45740746;-42,52499719;SPRF-MG;DEL06-MG;UOP01-DEL06-MG
621088;13/08/2024;terça-feira;19:50:00;MG;262;458;NOVA SERRANA;Transitar na contramão;Colisão frontal;Com Vítimas Fatais;Plena Noite;Decrescente;Céu Claro;Simples;Reta;Não;6;3;0;0;2;2;0;6;-19,83697491;-45,05802994;SPRF-MG;DEL08-MG;UOP03-DEL08-MG
621089;14/08/2024;quarta-feira;00:02:00;AP;210;12;MACAPA;Pedestre - Ingestão de álcool/ substâncias psicoativas;Atropelamento de Pedestre;Com Vítimas Fatais;Plena Noite;Crescente;Céu Claro;Simples;Reta;Não;3;1;0;0;1;3;0;5;0,13413683;-51,13881224;SPRF-AP;DEL01-AP;UOP01-DEL01-AP
621091;13/08/2024;terça-feira;20:30:00;GO;20;233,3;POSSE;Velocidade Incompatível;Saída de leito carroçável;Sem Vítimas;Plena Noite;Decrescente;Céu Claro;Simples;"Declive;Reta";Não;2;0;0;0;1;2;0;3;-14,086459;-46,295727;SPRF-DF;DEL02-DF;UOP03-DEL02-DF
621094;14/08/2024;quarta-feira;04:10:00;MG;40;501,3;ESMERALDAS;Condutor Dormindo;Colisão traseira;Com Vítimas Fatais;Amanhecer;Crescente;Céu Claro;Dupla;"Aclive;Reta";Não;6;1;3;1;1;0;4;2;-19,708562;-44,166523;SPRF-MG;DEL02-MG;UOP01-DEL02-MG
621102;14/08/2024;quarta-feira;02:50:00;BA;101;804;ITAMARAJU;Demais falhas mecânicas ou elétricas;Tombamento;Sem Vítimas;Plena Noite;Crescente;Nublado;Simples;"Curva;Aclive";Não;2;0;0;0;1;2;0;3;-16,98743495;-39,553442;SPRF-BA;DEL09-BA;UOP02-DEL09-BA
621104;14/08/2024;quarta-feira;07:00:00;ES;101;404;ITAPEMIRIM;Velocidade Incompatível;Colisão lateral sentido oposto;Com Vítimas Feridas;Pleno dia;Crescente;Céu Claro;Simples;Reta;Não;2;0;1;0;1;0;1;2;-20,89541789;-41,00720306;SPRF-ES;DEL03-ES;UOP02-DEL03-ES
621110;14/08/2024;quarta-feira;07:10:00;ES;101;138,7;LINHARES;Manobra de mudança de faixa;Colisão transversal;Com Vítimas Feridas;Pleno dia;Decrescente;Céu Claro;Dupla;Reta;Não;2;0;1;0;1;0;1;2;-19,30186109;-40,08371726;SPRF-ES;DEL04-ES;UOP01-DEL04-ES
621112;14/08/2024;quarta-feira;06:05:00;RN;101;119,7;SAO JOSE DE MIPIBU;Manobra de mudança de faixa;Queda de ocupante de veículo;Com Vítimas Feridas;Pleno dia;Crescente;Céu Claro;Dupla;Reta;Não;5;0;0;1;4;0;1;5;-6,02496757;-35,2509784;SPRF-RN;DEL01-RN;UOP01-DEL01-RN
621114;14/08/2024;quarta-feira;06:30:00;SP;116;312;SAO LOURENCO DA SERRA;Reação tardia ou ineficiente do condutor;Colisão traseira;Com Vítimas Feridas;Pleno dia;Decrescente;Céu Claro;Dupla;Reta;Sim;20;0;17;0;3;0;17;3;-23,88342825;-46,97368879;SPRF-SP;DEL04-SP;UOP01-DEL04-SP
621122;14/08/2024;quarta-feira;00:30:00;PI;407;491,5;JAICOS;Velocidade Incompatível;Saída de leito carroçável;Com Vítimas Fatais;Plena Noite;Crescente;Céu Claro;Simples;"Declive;Curva";Não;2;1;1;0;0;0;1;1;-7,5107609;-41,27870511;SPRF-PI;DEL04-PI;UOP01-DEL04-PI
621124;14/08/2024;quarta-feira;07:50:00;CE;116;9;FORTALEZA;Condutor deixou de manter distância do veículo da frente;Colisão lateral mesmo sentido;Com Vítimas Feridas;Pleno dia;Decrescente;Sol;Dupla;Curva;Sim;4;0;2;0;1;1;2;3;-3,82779096;-38,50486117;SPRF-CE;DEL01-CE;UOP02-DEL01-CE
621132;14/08/2024;quarta-feira;01:30:00;MA;316;489,1;CODO;Reação tardia ou ineficiente do condutor;Colisão lateral mesmo sentido;Com Vítimas Feridas;Plena Noite;Crescente;Céu Claro;Simples;"Reta;Aclive";Não;3;0;1;0;1;3;1;5;-4,658032;-43,845524;SPRF-MA;DEL03-MA;UOP02-DEL03-MA
621141;22/07/2024;segunda-feira;05:00:00;MT;163;583;NOVA MUTUM;Transitar na contramão;Colisão frontal;Com Vítimas Feridas;Pleno dia;Crescente;Céu Claro;Simples;Reta;Não;5;0;1;3;0;3;4;5;-13,947438;-56,096455;SPRF-MT;DEL01-MT;UOP01-DEL01-MT
621153;19/07/2024;sexta-feira;09:00:00;SC;470;184,7;POUSO REDONDO;Ultrapassagem Indevida;Colisão frontal;Com Vítimas Feridas;Pleno dia;Decrescente;Céu Claro;Simples;Reta;Não;4;0;0;1;2;1;1;4;-27,253036;-50,026642;SPRF-SC;DEL04-SC;UOP02-DEL04-SC
621154;14/08/2024;quarta-feira;10:00:00;RJ;101;326;RIO DE JANEIRO;Manobra de mudança de faixa;Colisão traseira;Sem Vítimas;Pleno dia;Crescente;Céu Claro;Dupla;Reta;Não;3;0;0;0;3;0;0;3;-22,87206203;-43,146105;SPRF-RJ;DEL02-RJ;UOP01-DEL02-RJ
621156;14/08/2024;quarta-feira;03:00:00;PA;163;494;ITAITUBA;Velocidade Incompatível;Colisão lateral sentido oposto;Com Vítimas Feridas;Plena Noite;Crescente;Nublado;Simples;"Declive;Curva";Não;3;0;0;1;1;3;1;5;-5,55278209;-55,82200724;SPRF-PA;DEL05-PA;UOP03-DEL05-PA
621160;17/07/2024;quarta-feira;15:30:00;RO;364;487;ARIQUEMES;Reação tardia ou ineficiente do condutor;Colisão traseira;Com Vítimas Feridas;Pleno dia;Crescente;Céu Claro;Simples;"Reta;Aclive";Não;7;0;4;0;2;3;4;6;-10,1121516;-62,92105484;SPRF-RO;DEL03-RO;UOP01-DEL03-RO
621163;02/08/2024;sexta-feira;15:50:00;CE;222;111;ITAPAJE;Ultrapassagem Indevida;Queda de ocupante de veículo;Com Vítimas Fatais;Pleno dia;Decrescente;Céu Claro;Simples;"Declive;Reta";Não;2;1;0;0;1;0;0;2;-3,75062203;-39,50687027;SPRF-CE;DEL04-CE;UOP03-DEL04-CE
621164;14/08/2024;quarta-feira;12:00:00;RS;116;517;PELOTAS;Desrespeitar a preferência no cruzamento;Colisão transversal;Com Vítimas Feridas;Pleno dia;Decrescente;Céu Claro;Simples;Viaduto;Sim;2;0;0;1;1;0;1;2;-31,67908686;-52,34256731;SPRF-RS;DEL07-RS;UOP01-DEL07-RS
621166;14/08/2024;quarta-feira;06:30:00;MS;487;47;NAVIRAI;Fumaça;Colisão traseira;Com Vítimas Feridas;Pleno dia;Decrescente;Céu Claro;Simples;Reta;Não;10;0;0;1;8;2;1;6;-23,31897652;-53,84917617;SPRF-MS;DEL09-MS;UOP01-DEL09-MS
621169;14/08/2024;quarta-feira;12:15:00;RN;304;34,5;MOSSORO;Reação tardia ou ineficiente do condutor;Colisão transversal;Com Vítimas Feridas;Pleno dia;Decrescente;Céu Claro;Simples;"Retorno Regulamentado;Viaduto";Não;4;0;2;0;1;2;2;4;-5,15255798;-37,34873808;SPRF-RN;DEL04-RN;UOP02-DEL04-RN
621175;14/08/2024;quarta-feira;07:45:00;SC;470;356;CAMPOS NOVOS;Condutor Dormindo;Tombamento;Com Vítimas Feridas;Pleno dia;Decrescente;Céu Claro;Simples;"Curva;Aclive";Não;2;0;0;1;0;1;1;2;-27,59919429;-51,47358656;SPRF-SC;DEL07-SC;UOP06-DEL07-SC
621177;14/08/2024;quarta-feira;12:15:00;MG;40;717,8;BARBACENA;Velocidade Incompatível;Tombamento;Sem Vítimas;Pleno dia;Crescente;Céu Claro;Dupla;Curva;Não;2;0;0;0;1;1;0;2;-21,26034802;-43,66189055;SPRF-MG;DEL05-MG;UOP01-DEL05-MG
621181;14/08/2024;quarta-feira;13:00:00;RJ;116;296;PORTO REAL;Acessar a via sem observar a presença dos outros veículos;Colisão transversal;Com Vítimas Feridas;Pleno dia;Decrescente;Céu Claro;Simples;Retorno Regulamentado;Não;2;0;1;0;1;0;1;2;-22,44937197;-44,32171194;SPRF-RJ;DEL07-RJ;UOP02-DEL07-RJ
621182;14/08/2024;quarta-feira;11:30:00;MS;163;408,5;NOVA ALVORADA DO SUL;Velocidade Incompatível;Tombamento;Com Vítimas Feridas;Pleno dia;Decrescente;Céu Claro;Simples;Reta;Não;2;0;1;0;0;1;1;2;-21,08837699;-54,49026595;SPRF-MS;DEL02-MS;UOP01-DEL02-MS
621184;14/08/2024;quarta-feira;12:05:00;MG;365;170;BURITIZEIRO;Transitar na contramão;Colisão frontal;Com Vítimas Feridas;Pleno dia;Crescente;Céu Claro;Simples;Curva;Não;2;0;1;0;1;0;1;2;-17,39882621;-45,00106386;SPRF-MG;DEL10-MG;UOP02-DEL010-MG
621185;14/08/2024;quarta-feira;13:00:00;SP;116;26,7;SILVEIRAS;Demais falhas mecânicas ou elétricas;Incêndio;Sem Vítimas;Pleno dia;Decrescente;Sol;Dupla;Reta;Não;2;0;0;0;1;1;0;2;-22,61419397;-44,90005302;SPRF-SP;DEL08-SP;UOP02-DEL08-SP
621189;14/08/2024;quarta-feira;13:20:00;SC;101;105;PENHA;Velocidade Incompatível;Tombamento;Com Vítimas Feridas;Pleno dia;Crescente;Sol;Simples;"Curva;Interseção de Vias";Não;2;0;1;0;0;2;1;3;-26,79281742;-48,68080819;SPRF-SC;DEL03-SC;UOP02-DEL03-SC
621190;14/08/2024;quarta-feira;13:30:00;PR;369;75,2;SANTA MARIANA;Reação tardia ou ineficiente do condutor;Colisão frontal;Com Vítimas Fatais;Pleno dia;Crescente;Sol;Simples;Reta;Não;4;1;0;0;1;4;0;6;-23,148969;-50,535791;SPRF-PR;DEL07-PR;UOP05-DEL07-PR
621191;14/08/2024;quarta-feira;10:10:00;PE;428;159,2;PETROLINA;Demais falhas mecânicas ou elétricas;Colisão frontal;Com Vítimas Feridas;Pleno dia;Decrescente;Céu Claro;Simples;Reta;Não;4;0;0;1;2;3;1;5;-9,13950503;-40,35244194;SPRF-PE;DEL06-PE;UOP01-DEL06-PE
621197;14/08/2024;quarta-feira;11:25:00;PR;369;343,1;CAMPO MOURAO;Ultrapassagem Indevida;Colisão lateral sentido oposto;Com Vítimas Feridas;Pleno dia;Crescente;Céu Claro;Simples;"Aclive;Curva";Não;10;0;5;0;4;4;5;8;-24,0874;-52,4179;SPRF-PR;DEL09-PR;UOP03-DEL09-PR
621202;14/08/2024;quarta-feira;14:40:00;PR;476;120,5;COLOMBO;Manobra de mudança de faixa;Colisão lateral mesmo sentido;Sem Vítimas;Pleno dia;Crescente;Céu Claro;Múltipla;Reta;Sim;3;0;0;0;2;2;0;4;-25,37191;-49,19146;SPRF-PR;DEL01-PR;UOP01-DEL01-PR
621204;14/08/2024;quarta-feira;14:20:00;MG;365;406;PATOS DE MINAS;Condutor deixou de manter distância do veículo da frente;Colisão traseira;Com Vítimas Feridas;Pleno dia;Crescente;Céu Claro;Múltipla;Reta;Sim;3;0;1;0;1;1;1;3;-18,63356874;-46,46943656;SPRF-MG;DEL10-MG;UOP01-DEL10-MG
621211;04/06/2024;terça-feira;19:40:00;MT;163;109,5;RONDONOPOLIS;Velocidade Incompatível;Colisão traseira;Com Vítimas Fatais;Plena Noite;Crescente;Céu Claro;Dupla;"Reta;Aclive";Não;3;1;1;0;0;2;1;4;-16,58644808;-54,69021581;SPRF-MT;DEL02-MT;UOP01-DEL02-MT
621216;14/08/2024;quarta-feira;12:30:00;GO;364;214;JATAI;Frear bruscamente;Colisão traseira;Com Vítimas Feridas;Pleno dia;Crescente;Céu Claro;Simples;Reta;Não;4;0;2;0;1;2;2;4;-17,876808;-51,872562;SPRF-GO;DEL05-GO;UOP01-DEL05-GO
621217;14/08/2024;quarta-feira;14:28:00;MG;116;584,1;MANHUACU;Reação tardia ou ineficiente do condutor;Colisão traseira;Com Vítimas Feridas;Pleno dia;Crescente;Céu Claro;Dupla;"Reta;Declive";Não;5;0;2;0;2;1;2;4;-20,22302088;-42,17880872;SPRF-MG;DEL06-MG;UOP03-DEL06-MG
621224;14/08/2024;quarta-feira;17:09:00;MG;381;482;BETIM;Ausência de reação do condutor;Colisão traseira;Com Vítimas Feridas;Plena Noite;Decrescente;Céu Claro;Dupla;Reta;Sim;2;0;1;0;1;0;1;2;-19,955532;-44,097209;SPRF-MG;DEL01-MG;UOP03-DEL01-MG
621227;14/08/2024;quarta-feira;17:20:00;RS;386;346;LAJEADO;Ausência de reação do condutor;Colisão traseira;Com Vítimas Feridas;Anoitecer;Decrescente;Céu Claro;Dupla;Reta;Sim;3;0;1;0;2;0;1;3;-29,446793;-51,974564;SPRF-RS;DEL04-RS;UOP01-DEL04-RS
621229;24/07/2024;quarta-feira;03:35:00;TO;10;463;PALMAS;Estacionar ou parar em local proibido;Colisão traseira;Com Vítimas Fatais;Plena Noite;Decrescente;Céu Claro;Múltipla;Reta;Sim;2;1;0;0;0;1;0;2;-10,23619727;-48,31205357;SPRF-TO;DEL01-TO;UOP03-DEL01-TO
621232;14/08/2024;quarta-feira;16:00:00;MG;381;322;NOVA ERA;Problema com o freio;Saída de leito carroçável;Com Vítimas Feridas;Pleno dia;Crescente;Céu Claro;Simples;Reta;Não;2;0;1;0;0;1;1;2;-19,708954;-43,000542;SPRF-MG;DEL03-MG;UOP02-DEL03-MG
621236;07/08/2024;quarta-feira;23:50:00;RO;364;483;ARIQUEMES;Reação tardia ou ineficiente do condutor;Colisão traseira;Com Vítimas Feridas;Plena Noite;Crescente;Céu Claro;Simples;"Declive;Reta";Não;3;0;1;0;1;4;1;6;-10,124862;-62,89193;SPRF-RO;DEL03-RO;UOP01-DEL03-RO
621239;14/08/2024;quarta-feira;18:40:00;MG;381;572,2;ITAGUARA;Entrada inopinada do pedestre;Atropelamento de Pedestre;Com Vítimas Fatais;Plena Noite;Crescente;Céu Claro;Dupla;Curva;Não;2;1;0;0;1;0;0;2;-20,45206504;-44,5689098;SPRF-MG;DEL04-MG;UOP03-DEL04-MG
621245;14/08/2024;quarta-feira;19:10:00;SC;282;23,4;SANTO AMARO DA IMPERATRIZ;Condutor deixou de manter distância do veículo da frente;Colisão lateral sentido oposto;Com Vítimas Feridas;Plena Noite;Crescente;Céu Claro;Simples;Reta;Sim;2;0;0;1;1;0;1;2;-27,687958;-48,736794;SPRF-SC;DEL01-SC;UOP02-DEL01-SC
621258;14/08/2024;quarta-feira;19:05:00;PR;153;403,3;MALLET;Ausência de reação do condutor;Colisão lateral sentido oposto;Com Vítimas Fatais;Anoitecer;Crescente;Céu Claro;Simples;Curva;Não;3;1;0;0;1;1;0;3;-25,99405902;-50,83833218;SPRF-PR;DEL08-PR;UOP02-DEL08-PR
621262;14/08/2024;quarta-feira;18:27:00;SP;116;550;BARRA DO TURVO;Reação tardia ou ineficiente do condutor;Tombamento;Com Vítimas Feridas;Plena Noite;Decrescente;Céu Claro;Simples;Curva;Não;2;0;1;0;0;1;1;2;-24,95749618;-48,46440871;SPRF-SP;DEL05-SP;UOP02-DEL05-SP
621264;14/08/2024;quarta-feira;15:45:00;PE;232;433,4;SERRA TALHADA;Avarias e/ou desgaste excessivo no pneu;Saída de leito carroçável;Com Vítimas Feridas;Pleno dia;Decrescente;Céu Claro;Simples;Reta;Não;1;0;0;1;0;0;1;1;-8,008681;-38,500561;SPRF-PE;DEL04-PE;UOP01-DEL04-PE
621265;14/08/2024;quarta-feira;19:30:00;MT;158;374;RIBEIRAO CASCALHEIRA;Animais na Pista;Atropelamento de Animal;Com Vítimas Feridas;Plena Noite;Decrescente;Céu Claro;Simples;Reta;Não;3;0;1;0;1;2;1;4;-12,539874;-51,78054999;SPRF-MT;DEL07-MT;UOP02-DEL07-MT
621273;14/08/2024;quarta-feira;17:15:00;MG;365;478;PATROCINIO;Reação tardia ou ineficiente do condutor;Colisão lateral sentido oposto;Sem Vítimas;Pleno dia;Crescente;Céu Claro;Simples;Reta;Não;5;0;0;0;4;2;0;4;-18,90214507;-47,05494004;SPRF-MG;DEL10-MG;UOP01-DEL10-MG
621277;14/08/2024;quarta-feira;20:00:00;PE;232;236,4;PESQUEIRA;Ausência de reação do condutor;Tombamento;Com Vítimas Fatais;Plena Noite;Decrescente;Céu Claro;Simples;"Declive;Curva";Não;3;1;0;0;0;2;0;3;-8,4130238;-36,92650506;SPRF-PE;DEL04-PE;UOP02-DEL04-PE
621280;14/08/2024;quarta-feira;23:40:00;SP;116;58;GUARATINGUETA;Condutor deixou de manter distância do veículo da frente;Colisão traseira;Com Vítimas Feridas;Plena Noite;Crescente;Céu Claro;Múltipla;"Reta;Aclive";Sim;3;0;2;0;1;0;2;2;-22,78005511;-45,14572791;SPRF-SP;DEL08-SP;UOP01-DEL08-SP
621288;15/08/2024;quinta-feira;01:40:00;SE;235;6;NOSSA SENHORA DO SOCORRO;Animais na Pista;Atropelamento de Animal;Sem Vítimas;Plena Noite;Decrescente;Céu Claro;Dupla;Reta;Sim;1;0;0;0;1;0;0;1;-10,903851;-37,128677;SPRF-SE;DEL01-SE;UOP01-DEL01-SE
621289;15/08/2024;quinta-feira;04:00:00;MG;262;502,3;LUZ;Condutor Dormindo;Saída de leito carroçável;Com Vítimas Fatais;Plena Noite;Decrescente;Vento;Simples;Reta;Não;2;1;0;0;0;1;0;2;-19,78096232;-45,45567502;SPRF-MG;DEL08-MG;UOP03-DEL08-MG
621290;15/08/2024;quinta-feira;04:10:00;PA;10;271,8;MAE DO RIO;Transitar na contramão;Tombamento;Com Vítimas Fatais;Plena Noite;Crescente;Céu Claro;Simples;Reta;Sim;3;2;0;0;0;1;0;3;-2,06071712;-47,55606172;SPRF-PA;DEL02-PA;UOP01-DEL02-PA
621292;15/08/2024;quinta-feira;03:00:00;MG;381;631,5;OLIVEIRA;Condutor Dormindo;Saída de leito carroçável;Com Vítimas Feridas;Plena Noite;Decrescente;Nublado;Dupla;"Aclive;Curva";Não;2;0;1;0;0;1;1;2;-20,85469891;-44,83709639;SPRF-MG;DEL04-MG;UOP01-DEL04-MG
621294;15/08/2024;quinta-feira;05:30:00;BA;101;895;IBIRAPUA;Ausência de reação do condutor;Saída de leito carroçável;Com Vítimas Feridas;Amanhecer;Decrescente;Céu Claro;Simples;"Curva;Declive";Não;1;0;1;0;0;0;1;1;-17,80731692;-39,78310431;SPRF-BA;DEL09-BA;UOP02-DEL09-BA
621296;15/08/2024;quinta-feira;05:00:00;MG;381;934,3;EXTREMA;Reação tardia ou ineficiente do condutor;Saída de leito carroçável;Com Vítimas Feridas;Plena Noite;Decrescente;Céu Claro;Dupla;"Curva;Declive";Não;2;0;1;0;0;1;1;2;-22,80509925;-46,25982925;SPRF-MG;DEL16-MG;UOP03-DEL16-MG
621297;15/08/2024;quinta-feira;05:08:00;MG;381;525,5;BRUMADINHO;Demais falhas mecânicas ou elétricas;Capotamento;Com Vítimas Feridas;Amanhecer;Crescente;Céu Claro;Dupla;Curva;Não;2;0;2;0;0;0;2;1;-20,16710798;-44,33422398;SPRF-MG;DEL04-MG;UOP03-DEL04-MG
621298;14/08/2024;quarta-feira;22:00:00;BA;101;690,4;EUNAPOLIS;Curva acentuada;Saída de leito carroçável;Sem Vítimas;Plena Noite;Decrescente;Nublado;Simples;Curva;Não;1;0;0;0;0;1;0;1;-16,33255702;-39,58174321;SPRF-BA;DEL09-BA;UOP01-DEL09-BA
621306;15/08/2024;quinta-feira;06:10:00;PR;277;723,2;FOZ DO IGUACU;Acessar a via sem observar a presença dos outros veículos;Colisão lateral mesmo sentido;Com Vítimas Feridas;Plena Noite;Decrescente;Céu Claro;Dupla;Reta;Sim;3;0;1;0;1;1;1;3;-25,500491;-54,533472;SPRF-PR;DEL05-PR;UOP03-DEL05-PR
621321;15/08/2024;quinta-feira;07:00:00;PR;376;327;ORTIGUEIRA;Velocidade Incompatível;Tombamento;Com Vítimas Feridas;Pleno dia;Decrescente;Céu Claro;Simples;Curva;Não;3;0;0;1;1;1;1;3;-24,10226312;-51,04241024;SPRF-PR;DEL07-PR;UOP02-DEL07-PR
621324;15/08/2024;quinta-feira;08:20:00;PR;277;111,6;CAMPO LARGO;Velocidade Incompatível;Colisão traseira;Com Vítimas Feridas;Pleno dia;Decrescente;Céu Claro;Dupla;Reta;Não;4;0;1;0;2;1;1;3;-25,44354013;-49,46041703;SPRF-PR;DEL03-PR;UOP03-DEL03-PR
621331;15/08/2024;quinta-feira;08:30:00;MT;174;285;PONTES E LACERDA;Reação tardia ou ineficiente do condutor;Saída de leito carroçável;Com Vítimas Feridas;Pleno dia;Decrescente;Céu Claro;Simples;Reta;Sim;1;0;1;0;0;0;1;1;-15,2601158;-59,30416476;SPRF-MT;DEL04-MT;UOP01-DEL04-MT
621332;15/08/2024;quinta-feira;09:35:00;RJ;101;40;CAMPOS DOS GOYTACAZES;Condutor deixou de manter distância do veículo da frente;Colisão traseira;Com Vítimas Feridas;Pleno dia;Decrescente;Céu Claro;Simples;Reta;Não;3;0;1;0;1;1;1;3;-21,54919979;-41,33553881;SPRF-RJ;DEL08-RJ;UOP01-DEL08-RJ
621337;15/08/2024;quinta-feira;10:30:00;PE;101;124;ESCADA;Condutor deixou de manter distância do veículo da frente;Colisão traseira;Com Vítimas Feridas;Pleno dia;Crescente;Garoa/Chuvisco;Dupla;Reta;Não;4;0;1;0;3;0;1;2;-8,361745;-35,213108;SPRF-PE;DEL01-PE;UOP03-DEL01-PE