id;data_inversa;dia_semana;horario;uf;br;km;municipio;causa_acidente;tipo_acidente;classificacao_acidente;fase_dia;sentido_via;condicao_metereologica;tipo_pista;tracado_via;uso_solo;pessoas;mortos;feridos_leves;feridos_graves;ilesos;ignorados;feridos;veiculos;latitude;longitude;regional;delegacia;uop
622176;18/08/2024;domingo;20:35:00;AL;101;138,6;SAO MIGUEL DOS CAMPOS;Suicídio (presumido);Atropelamento de Pedestre;Com Vítimas Feridas;Plena Noite;Decrescente;Céu Claro;Simples;"Em Obras;Reta";Sim;2;0;0;1;0;1;1;2;-9,80975158;-36,11701903;SPRF-AL;DEL02-AL;UOP01-DEL02-AL
622178;18/08/2024;domingo;20:00:00;BA;116;811;VITORIA DA CONQUISTA;Ingestão de álcool pelo condutor;Colisão frontal;Com Vítimas Feridas;Plena Noite;Crescente;Nublado;Simples;Reta;Não;4;0;1;0;2;1;1;4;-14,75613602;-40,68942499;SPRF-BA;DEL08-BA;UOP01-DEL08-BA
622179;18/08/2024;domingo;16:15:00;AM;174;998;PRESIDENTE FIGUEIREDO;Problema com o freio;Incêndio;Sem Vítimas;Pleno dia;Decrescente;Céu Claro;Simples;Reta;Não;1;0;0;0;1;0;0;1;-2,012597;-60,026226;SPRF-AM;DEL01-AM;UOP02-DEL01-AM
622184;18/08/2024;domingo;20:00:00;PR;376;532;PALMEIRA;Ausência de reação do condutor;Capotamento;Com Vítimas Feridas;Plena Noite;Decrescente;Céu Claro;Dupla;Reta;Não;1;0;1;0;0;0;1;1;-25,36061098;-49,82934198;SPRF-PR;DEL03-PR;UOP03-DEL03-PR
622196;18/08/2024;domingo;20:00:00;SC;470;80;RODEIO;Ausência de reação do condutor;Tombamento;Sem Vítimas;Plena Noite;Crescente;Céu Claro;Simples;"Ponte;Curva";Sim;2;0;0;0;1;1;0;2;-26,948805;-49,316097;SPRF-SC;DEL04-SC;UOP01-DEL04-SC
622200;18/08/2024;domingo;20:40:00;MG;50;71;UBERLANDIA;Carga excessiva e/ou mal acondicionada;Derramamento de carga;Sem Vítimas;Pleno dia;Crescente;Céu Claro;Dupla;Reta;Não;1;0;0;0;1;0;0;1;-18,85140204;-48,25345932;SPRF-MG;DEL15-MG;UOP01-DEL15-MG
622201;18/08/2024;domingo;22:50:00;RS;386;389;TRIUNFO;Demais falhas mecânicas ou elétricas;Eventos atípicos;Com Vítimas Feridas;Plena Noite;Crescente;Nevoeiro/Neblina;Simples;Curva;Não;4;0;1;0;2;1;1;3;-29,699799;-51,686905;SPRF-RS;DEL04-RS;UOP02-DEL04-RS
622202;18/08/2024;domingo;22:15:00;PR;277;603,4;SANTA TEREZA DO OESTE;Conversão proibida;Colisão transversal;Com Vítimas Feridas;Plena Noite;Crescente;Céu Claro;Simples;"Declive;Reta";Não;3;0;1;1;1;0;2;2;-25,02817;-53,55983;SPRF-PR;DEL05-PR;UOP02-DEL05-PR
622206;18/08/2024;domingo;20:00:00;PE;316;16;ARARIPINA;Transitar na contramão;Colisão frontal;Com Vítimas Fatais;Plena Noite;Crescente;Céu Claro;Simples;Reta;Sim;4;2;0;0;1;3;0;5;-7,53197392;-40,55660391;SPRF-PE;DEL05-PE;UOP02-DEL05-PE
622209;18/08/2024;domingo;23:00:00;PR;116;112;CURITIBA;Demais falhas mecânicas ou elétricas;Colisão com objeto;Sem Vítimas;Plena Noite;Crescente;Céu Claro;Dupla;Reta;Não;5;0;0;0;5;0;0;5;-25,56730763;-49,23706792;SPRF-PR;DEL01-PR;UOP07-DEL01-PR
622210;18/08/2024;domingo;23:25:00;SC;282;385,2;JOACABA;Condutor Dormindo;Colisão traseira;Com Vítimas Feridas;Plena Noite;Crescente;Céu Claro;Simples;"Aclive;Curva";Não;2;0;1;0;1;0;1;2;-27,194431;-51,515869;SPRF-SC;DEL07-SC;UOP05-DEL07-SC
622219;19/08/2024;segunda-feira;02:00:00;CE;20;88;TAUA;Condutor Dormindo;Saída de leito carroçável;Com Vítimas Feridas;Plena Noite;Crescente;Céu Claro;Simples;Ponte;Não;1;0;0;1;0;0;1;1;-5,8049191;-40,1675057;SPRF-CE;DEL02-CE;UOP02-DEL02-CE
622220;19/08/2024;segunda-feira;03:30:00;SP;116;59,1;GUARATINGUETA;Condutor Dormindo;Colisão traseira;Com Vítimas Feridas;Plena Noite;Crescente;Céu Claro;Dupla;"Reta;Aclive";Sim;2;0;1;0;0;1;1;2;-22,78410958;-45,15152741;SPRF-SP;DEL08-SP;UOP01-DEL08-SP
622223;19/08/2024;segunda-feira;04:40:00;ES;101;66;SAO MATEUS;Ingestão de álcool pelo condutor;Colisão traseira;Com Vítimas Feridas;Amanhecer;Crescente;Ignorado;Dupla;Reta;Sim;3;0;2;0;1;0;2;2;-18,7165195;-39,87436378;SPRF-ES;DEL04-ES;UOP02-DEL04-ES
622225;19/08/2024;segunda-feira;04:50:00;ES;101;450;MIMOSO DO SUL;Demais falhas mecânicas ou elétricas;Incêndio;Sem Vítimas;Amanhecer;Crescente;Céu Claro;Simples;Reta;Não;3;0;0;0;2;1;0;2;-21,14473102;-41,27036927;SPRF-ES;DEL03-ES;UOP02-DEL03-ES
622230;19/08/2024;segunda-feira;06:45:00;MG;381;498;BETIM;Ausência de reação do condutor;Colisão traseira;Com Vítimas Fatais;Pleno dia;Crescente;Céu Claro;Dupla;Reta;Sim;3;1;0;0;1;1;0;3;-20,01172662;-44,21976041;SPRF-MG;DEL01-MG;UOP03-DEL01-MG
622232;19/08/2024;segunda-feira;06:10:00;RS;392;96,4;MORRO REDONDO;Velocidade Incompatível;Colisão frontal;Com Vítimas Fatais;Pleno dia;Crescente;Chuva;Simples;"Curva;Declive";Não;3;1;0;0;1;2;0;4;-31,56762219;-52,54164316;SPRF-RS;DEL07-RS;UOP01-DEL07-RS
622238;19/08/2024;segunda-feira;05:30:00;RS;116;328;BARRA DO RIBEIRO;Pedestre andava na pista;Atropelamento de Pedestre;Com Vítimas Feridas;Plena Noite;Crescente;Nevoeiro/Neblina;Dupla;Reta;Não;2;0;1;0;1;0;1;2;-30,36317599;-51,43027514;SPRF-RS;DEL02-RS;UOP02-DEL02-RS
622240;19/08/2024;segunda-feira;06:40:00;BA;324;605;SIMOES FILHO;Trafegar com motocicleta (ou similar) entre as faixas;Colisão lateral mesmo sentido;Com Vítimas Fatais;Pleno dia;Crescente;Nublado;Dupla;Reta;Não;6;2;0;0;1;3;0;4;-12,805178;-38,403491;SPRF-BA;DEL01-BA;UOP01-DEL01-BA
622241;19/08/2024;segunda-feira;00:10:00;SC;101;57;ARAQUARI;Reação tardia ou ineficiente do condutor;Tombamento;Com Vítimas Feridas;Plena Noite;Decrescente;Nevoeiro/Neblina;Múltipla;Curva;Não;2;0;1;0;0;1;1;2;-26,43813944;-48,80385518;SPRF-SC;DEL03-SC;UOP01-DEL03-SC
622245;18/08/2024;domingo;20:00:00;MT;163;996;TERRA NOVA DO NORTE;Transitar na contramão;Colisão frontal;Com Vítimas Fatais;Plena Noite;Crescente;Céu Claro;Simples;Aclive;Não;3;1;0;0;1;2;0;4;-10,64456298;-55,13366187;SPRF-MT;DEL06-MT;UOP03-DEL06-MT
622252;19/08/2024;segunda-feira;07:35:00;SC;280;42,9;GUARAMIRIM;Acessar a via sem observar a presença dos outros veículos;Colisão transversal;Com Vítimas Fatais;Pleno dia;Decrescente;Nevoeiro/Neblina;Simples;"Reta;Em Obras";Não;5;1;0;0;1;3;0;4;-26,4511979;-48,8775431;SPRF-SC;DEL03-SC;UOP03-DEL03-SC
622274;19/08/2024;segunda-feira;08:55:00;RS;392;5,2;RIO GRANDE;Acessar a via sem observar a presença dos outros veículos;Colisão transversal;Com Vítimas Feridas;Pleno dia;Crescente;Garoa/Chuvisco;Simples;Reta;Sim;13;0;11;1;0;1;12;3;-32,07687877;-52,10166627;SPRF-RS;DEL07-RS;UOP02-DEL07-RS
622281;19/08/2024;segunda-feira;10:00:00;RS;386;29,3;FREDERICO WESTPHALEN;Acessar a via sem observar a presença dos outros veículos;Colisão transversal;Com Vítimas Feridas;Pleno dia;Crescente;Sol;Simples;Reta;Sim;2;0;0;1;1;0;1;2;-27,318573;-53,375618;SPRF-RS;DEL08-RS;UOP02-DEL08-RS
622282;19/08/2024;segunda-feira;10:15:00;SC;101;234,7;PALHOCA;Manobra de mudança de faixa;Colisão lateral mesmo sentido;Com Vítimas Feridas;Pleno dia;Crescente;Céu Claro;Dupla;"Aclive;Reta";Não;2;0;1;0;1;0;1;2;-27,81043812;-48,63537111;SPRF-SC;DEL01-SC;UOP02-DEL01-SC
622288;19/08/2024;segunda-feira;10:35:00;MG;381;481,6;CONTAGEM;Velocidade Incompatível;Colisão traseira;Com Vítimas Feridas;Pleno dia;Crescente;Céu Claro;Múltipla;Reta;Sim;4;0;1;0;2;1;1;3;-19,9589287;-44,06534672;SPRF-MG;DEL01-MG;UOP03-DEL01-MG
622290;19/08/2024;segunda-feira;09:50:00;BA;101;717,2;EUNAPOLIS;Ausência de reação do condutor;Colisão traseira;Com Vítimas Feridas;Pleno dia;Crescente;Nublado;Dupla;Reta;Sim;2;0;1;0;1;0;1;2;-16,372633;-39,581362;SPRF-BA;DEL09-BA;UOP01-DEL09-BA
622292;19/08/2024;segunda-feira;10:30:00;RS;386;391,8;TRIUNFO;Reação tardia ou ineficiente do condutor;Colisão traseira;Com Vítimas Feridas;Pleno dia;Decrescente;Sol;Simples;Reta;Não;2;0;1;0;1;0;1;2;-29,7029;-51,665871;SPRF-RS;DEL04-RS;UOP02-DEL04-RS
622294;19/08/2024;segunda-feira;05:50:00;MG;251;474;FRANCISCO SA;Reação tardia ou ineficiente do condutor;Colisão traseira;Com Vítimas Fatais;Pleno dia;Decrescente;Céu Claro;Simples;"Reta;Declive";Não;21;5;5;8;2;3;13;8;-16,47130466;-43,45673904;SPRF-MG;DEL12-MG;UOP01-DEL12-MG
622300;19/08/2024;segunda-feira;11:20:00;PR;277;75;CURITIBA;Reação tardia ou ineficiente do condutor;Colisão traseira;Com Vítimas Feridas;Pleno dia;Crescente;Céu Claro;Dupla;Reta;Sim;5;0;1;0;4;0;1;2;-25,4917;-49,17231;SPRF-PR;DEL01-PR;UOP07-DEL01-PR
622302;19/08/2024;segunda-feira;09:50:00;MG;116;106,9;ITAOBIM;Ausência de reação do condutor;Saída de leito carroçável;Com Vítimas Feridas;Pleno dia;Crescente;Céu Claro;Simples;Curva;Não;1;0;0;1;0;0;1;1;-16,479493;-41,507347;SPRF-MG;DEL11-MG;UOP02-DEL11-MG
622304;19/08/2024;segunda-feira;12:00:00;SC;280;8;SAO FRANCISCO DO SUL;Condutor deixou de manter distância do veículo da frente;Colisão traseira;Com Vítimas Feridas;Pleno dia;Decrescente;Céu Claro;Simples;Reta;Sim;3;0;1;0;2;0;1;2;-26,27887292;-48,64668626;SPRF-SC;DEL03-SC;UOP03-DEL03-SC
622308;19/08/2024;segunda-feira;12:40:00;SC;101;430,2;SOMBRIO;Ingestão de álcool pelo condutor;Colisão traseira;Com Vítimas Feridas;Pleno dia;Decrescente;Céu Claro;Dupla;Reta;Não;3;0;1;0;1;2;1;4;-29,05466912;-49,62163925;SPRF-SC;DEL02-SC;UOP02-DEL02-SC
622311;19/08/2024;segunda-feira;11:30:00;PR;277;234;FERNANDES PINHEIRO;Reação tardia ou ineficiente do condutor;Saída de leito carroçável;Com Vítimas Feridas;Pleno dia;Decrescente;Céu Claro;Simples;"Interseção de Vias;Rotatória";Não;3;0;1;0;0;3;1;4;-25,46497435;-50,57487488;SPRF-PR;DEL08-PR;UOP02-DEL08-PR
622316;19/08/2024;segunda-feira;11:40:00;MT;163;754;SORRISO;Condutor deixou de manter distância do veículo da frente;Colisão traseira;Com Vítimas Feridas;Pleno dia;Crescente;Céu Claro;Dupla;"Declive;Reta";Sim;2;0;0;1;1;0;1;2;-12,53830689;-55,70636099;SPRF-MT;DEL06-MT;UOP01-DEL06-MT
622318;19/08/2024;segunda-feira;13:30:00;RJ;101;57;CAMPOS DOS GOYTACAZES;Condutor deixou de manter distância do veículo da frente;Colisão traseira;Com Vítimas Feridas;Pleno dia;Crescente;Céu Claro;Simples;Reta;Sim;4;0;1;0;2;1;1;4;-21,69602101;-41,31017467;SPRF-RJ;DEL08-RJ;UOP01-DEL08-RJ
622323;05/08/2024;segunda-feira;09:15:00;MA;226;368;GRAJAU;Problema com o freio;Incêndio;Sem Vítimas;Pleno dia;Decrescente;Céu Claro;Simples;Reta;Não;2;0;0;0;1;1;0;2;-5,61117563;-45,7470412;SPRF-MA;DEL06-MA;UOP01-DEL06-MA
622326;19/08/2024;segunda-feira;10:30:00;AC;364;77;PLACIDO DE CASTRO;Reação tardia ou ineficiente do condutor;Colisão traseira;Com Vítimas Feridas;Pleno dia;Decrescente;Céu Claro;Simples;"Reta;Em Obras;Aclive";Não;4;0;1;0;2;4;1;7;-10,0840559;-67,39982704;SPRF-AC;DEL01-AC;UOP03-DEL01-AC
622331;31/07/2024;quarta-feira;14:00:00;MS;158;128;APARECIDA DO TABOADO;Carga excessiva e/ou mal acondicionada;Incêndio;Sem Vítimas;Pleno dia;Crescente;Céu Claro;Simples;Reta;Não;2;0;0;0;1;2;0;3;-19,93302;-51,11929;SPRF-MS;DEL08-MS;UOP01-DEL08-MS
622334;19/08/2024;segunda-feira;15:05:00;MS;163;616;SAO GABRIEL DO OESTE;Desrespeitar a preferência no cruzamento;Colisão transversal;Com Vítimas Feridas;Pleno dia;Crescente;Sol;Simples;"Reta;Interseção de Vias";Sim;3;0;0;1;1;1;1;3;-19,39073637;-54,57060659;SPRF-MS;DEL06-MS;UOP02-DEL06-MS
622337;14/08/2024;quarta-feira;17:15:00;RJ;101;208;CASIMIRO DE ABREU;Ingestão de álcool pelo condutor;Colisão traseira;Com Vítimas Feridas;Anoitecer;Decrescente;Céu Claro;Simples;Reta;Sim;3;0;2;0;1;0;2;3;-22,4806698;-42,22017209;SPRF-RJ;DEL08-RJ;UOP04-DEL08-RJ
622339;19/08/2024;segunda-feira;16:30:00;SC;280;25;ARAQUARI;Transitar no Acostamento;Colisão transversal;Com Vítimas Feridas;Pleno dia;Crescente;Céu Claro;Simples;Interseção de Vias;Sim;2;0;1;0;1;0;1;2;-26,38352781;-48,72677516;SPRF-SC;DEL03-SC;UOP03-DEL03-SC
622351;19/08/2024;segunda-feira;16:00:00;GO;50;104;CRISTALINA;Condutor Dormindo;Colisão traseira;Com Vítimas Feridas;Pleno dia;Crescente;Céu Claro;Dupla;Reta;Sim;3;0;1;0;1;1;1;3;-16,9309;-47,7117;SPRF-DF;DEL01-DF;UOP02-DEL01-DF
622354;19/08/2024;segunda-feira;15:30:00;SC;282;539,7;CHAPECO;Carga excessiva e/ou mal acondicionada;Incêndio;Sem Vítimas;Pleno dia;Crescente;Céu Claro;Simples;Curva;Não;1;0;0;0;1;0;0;1;-26,991587;-52,685516;SPRF-SC;DEL07-SC;UOP01-DEL07-SC
622368;19/08/2024;segunda-feira;18:25:00;PR;369;161;CAMBE;Condutor deixou de manter distância do veículo da frente;Engavetamento;Sem Vítimas;Plena Noite;Decrescente;Céu Claro;Dupla;Reta;Sim;3;0;0;0;3;0;0;3;-23,28735624;-51,26025438;SPRF-PR;DEL07-PR;UOP01-DEL07-PR
622369;19/08/2024;segunda-feira;17:40:00;PR;277;606,8;SANTA TEREZA DO OESTE;Reação tardia ou ineficiente do condutor;Colisão lateral sentido oposto;Com Vítimas Feridas;Anoitecer;Decrescente;Céu Claro;Simples;Reta;Não;7;0;1;0;6;0;1;3;-25,03330189;-53,58832406;SPRF-PR;DEL05-PR;UOP02-DEL05-PR
622373;19/08/2024;segunda-feira;18:00:00;MG;381;764;CAMPANHA;Reação tardia ou ineficiente do condutor;Saída de leito carroçável;Com Vítimas Feridas;Pleno dia;Decrescente;Céu Claro;Dupla;Reta;Não;3;0;2;0;0;1;2;2;-21,75303088;-45,39670305;SPRF-MG;DEL16-MG;UOP02-DEL16-MG
622381;19/08/2024;segunda-feira;15:00:00;MT;158;630;NOVA XAVANTINA;Reação tardia ou ineficiente do condutor;Colisão lateral sentido oposto;Sem Vítimas;Pleno dia;Crescente;Sol;Simples;Reta;Não;2;0;0;0;2;0;0;2;-14,53304688;-52,30721422;SPRF-MT;DEL07-MT;UOP02-DEL07-MT
622383;19/08/2024;segunda-feira;18:00:00;MA;316;550,1;CAXIAS;Transitar na contramão;Colisão frontal;Com Vítimas Fatais;Plena Noite;Crescente;Céu Claro;Simples;Reta;Sim;3;1;0;0;1;1;0;3;-4,886773;-43,362507;SPRF-MA;DEL03-MA;UOP02-DEL03-MA
622402;19/08/2024;segunda-feira;19:00:00;RS;287;355;JAGUARI;Acessar a via sem observar a presença dos outros veículos;Colisão transversal;Com Vítimas Feridas;Plena Noite;Decrescente;Garoa/Chuvisco;Simples;"Curva;Interseção de Vias";Não;4;0;2;0;1;2;2;4;-29,48075627;-54,68567083;SPRF-RS;DEL12-RS;UOP02-DEL12-RS
622407;19/08/2024;segunda-feira;21:00:00;MS;487;3;NAVIRAI;Demais falhas mecânicas ou elétricas;Incêndio;Sem Vítimas;Plena Noite;Decrescente;Céu Claro;Simples;"Reta;Ponte";Não;2;0;0;0;1;2;0;3;-23,36577144;-53,78003251;SPRF-MS;DEL09-MS;UOP01-DEL09-MS
622411;19/08/2024;segunda-feira;22:30:00;SC;101;358,3;SANGAO;Manobra de mudança de faixa;Colisão lateral mesmo sentido;Sem Vítimas;Plena Noite;Crescente;Céu Claro;Dupla;Reta;Não;5;0;0;0;5;0;0;2;-28,635168;-49,09467;SPRF-SC;DEL02-SC;UOP01-DEL02-SC
622416;19/08/2024;segunda-feira;23:20:00;SP;116;286,4;ITAPECERICA DA SERRA;Acessar a via sem observar a presença dos outros veículos;Capotamento;Com Vítimas Feridas;Plena Noite;Crescente;Céu Claro;Dupla;Reta;Sim;3;0;1;0;1;1;1;3;-23,70925128;-46,87588966;SPRF-SP;DEL04-SP;UOP01-DEL04-SP
622420;19/08/2024;segunda-feira;23:30:00;GO;60;124;GOIANAPOLIS;Animais na Pista;Atropelamento de Animal;Sem Vítimas;Plena Noite;Decrescente;Céu Claro;Dupla;Reta;Não;1;0;0;0;1;0;0;1;-16,5243;-49,1313;SPRF-GO;DEL01-GO;UOP01-DEL01-GO
622421;20/08/2024;terça-feira;00:05:00;PR;277;633;CEU AZUL;Acessar a via sem observar a presença dos outros veículos;Colisão transversal;Sem Vítimas;Plena Noite;Decrescente;Céu Claro;Simples;Interseção de Vias;Não;3;0;0;0;2;1;0;3;-25,12561603;-53,81847024;SPRF-PR;DEL05-PR;UOP02-DEL05-PR
622423;20/08/2024;terça-feira;00:40:00;GO;60;105;ANAPOLIS;Ausência de reação do condutor;Colisão traseira;Com Vítimas Fatais;Plena Noite;Decrescente;Céu Claro;Dupla;Aclive;Não;2;1;0;0;0;1;0;2;-16,4156;-49,0087;SPRF-GO;DEL02-GO;UOP01-DEL02-GO
622427;20/08/2024;terça-feira;02:25:00;MG;40;361,1;FELIXLANDIA;Acessar a via sem observar a presença dos outros veículos;Colisão transversal;Com Vítimas Fatais;Plena Noite;Crescente;Céu Claro;Simples;"Reta;Interseção de Vias;Retorno Regulamentado";Não;6;1;2;0;1;4;2;6;-18,75430128;-44,84767628;SPRF-MG;DEL02-MG;UOP01-DEL02-MG
622432;20/08/2024;terça-feira;05:30:00;PE;101;89,2;JABOATAO DOS GUARARAPES;Reação tardia ou ineficiente do condutor;Saída de leito carroçável;Com Vítimas Feridas;Amanhecer;Crescente;Céu Claro;Dupla;Reta;Sim;3;0;1;0;2;0;1;1;-8,209492;-34,984978;SPRF-PE;DEL01-PE;UOP01-DEL01-PE
622434;20/08/2024;terça-feira;06:10:00;PR;277;687,5;SAO MIGUEL DO IGUACU;Ausência de reação do condutor;Colisão traseira;Com Vítimas Feridas;Amanhecer;Decrescente;Céu Claro;Dupla;"Curva;Aclive";Não;3;0;1;0;1;1;1;3;-25,34377452;-54,22446208;SPRF-PR;DEL05-PR;UOP01-DEL05-PR
622435;20/08/2024;terça-feira;06:40:00;ES;262;45;MARECHAL FLORIANO;Transitar na contramão;Colisão frontal;Com Vítimas Feridas;Pleno dia;Crescente;Céu Claro;Dupla;Curva;Não;3;0;0;1;1;1;1;3;-20,39769215;-40,67180229;SPRF-ES;DEL01-ES;UOP01-DEL01-ES
622437;19/08/2024;segunda-feira;20:12:00;PA;163;503,2;ITAITUBA;Reação tardia ou ineficiente do condutor;Tombamento;Com Vítimas Feridas;Plena Noite;Crescente;Céu Claro;Simples;Curva;Não;2;0;0;1;0;1;1;2;-5,48173796;-55,8445319;SPRF-PA;DEL05-PA;UOP03-DEL05-PA
622451;20/08/2024;terça-feira;08:10:00;SC;101;212,5;PALHOCA;Reação tardia ou ineficiente do condutor;Colisão lateral mesmo sentido;Com Vítimas Feridas;Pleno dia;Decrescente;Garoa/Chuvisco;Múltipla;Reta;Sim;4;0;3;0;0;1;3;3;-27,62996929;-48,65903871;SPRF-SC;DEL01-SC;UOP02-DEL01-SC
622468;19/08/2024;segunda-feira;21:30:00;RJ;116;212;SEROPEDICA;Condutor deixou de manter distância do veículo da frente;Colisão traseira;Com Vítimas Feridas;Plena Noite;Decrescente;Céu Claro;Dupla;Reta;Sim;5;0;2;0;3;0;2;2;-22,71844298;-43,700897;SPRF-RJ;DEL06-RJ;UOP02-DEL06-RJ
622472;20/08/2024;terça-feira;08:30:00;RS;386;434,1;NOVA SANTA RITA;Acessar a via sem observar a presença dos outros veículos;Colisão traseira;Com Vítimas Feridas;Pleno dia;Crescente;Chuva;Simples;Reta;Não;5;0;1;0;4;0;1;3;-29,843386;-51,285454;SPRF-RS;DEL04-RS;UOP02-DEL04-RS
622473;20/08/2024;terça-feira;07:50:00;PR;376;593,2;CURITIBA;Trafegar com motocicleta (ou similar) entre as faixas;Colisão lateral mesmo sentido;Com Vítimas Feridas;Pleno dia;Decrescente;Céu Claro;Dupla;Reta;Sim;2;0;1;0;0;1;1;2;-25,47642706;-49,35092413;SPRF-PR;DEL01-PR;UOP06-DEL01-PR
622474;20/08/2024;terça-feira;08:55:00;MT;163;826;SINOP;Retorno proibido;Colisão transversal;Com Vítimas Feridas;Pleno dia;Decrescente;Céu Claro;Simples;Reta;Sim;3;0;0;1;1;3;1;5;-11,92772801;-55,51256222;SPRF-MT;DEL06-MT;UOP02-DEL06-MT
622475;20/08/2024;terça-feira;10:30:00;SP;116;230,8;SAO PAULO;Ausência de reação do condutor;Colisão lateral mesmo sentido;Com Vítimas Feridas;Pleno dia;Crescente;Céu Claro;Múltipla;Reta;Sim;2;0;1;0;1;0;1;2;-23,52251783;-46,5855702;SPRF-SP;DEL01-SP;UOP01-DEL01-SP
622479;20/08/2024;terça-feira;09:10:00;MS;60;427;SIDROLANDIA;Ausência de reação do condutor;Colisão lateral mesmo sentido;Com Vítimas Feridas;Pleno dia;Crescente;Céu Claro;Dupla;"Interseção de Vias;Reta";Sim;3;0;1;0;1;3;1;5;-20,94357358;-54,96636086;SPRF-MS;DEL01-MS;UOP04-DEL01-MS
622482;20/08/2024;terça-feira;09:10:00;RS;290;162,1;BUTIA;Ultrapassagem Indevida;Colisão frontal;Com Vítimas Fatais;Pleno dia;Crescente;Nublado;Simples;Curva;Não;3;1;0;0;1;1;0;3;-30,114125;-51,837935;SPRF-RS;DEL02-RS;UOP01-DEL02-RS
622485;20/08/2024;terça-feira;10:00:00;PI;343;97,1;CARAUBAS DO PIAUI;Acostamento em desnível;Tombamento;Com Vítimas Feridas;Pleno dia;Decrescente;Sol;Simples;"Declive;Curva";Não;3;0;2;0;1;0;2;1;-3,547225;-41,710606;SPRF-PI;DEL05-PI;UOP01-DEL05-PI
622491;20/08/2024;terça-feira;05:00:00;PI;316;110;PASSAGEM FRANCA DO PIAUI;Condutor Dormindo;Saída de leito carroçável;Com Vítimas Feridas;Amanhecer;Decrescente;Céu Claro;Simples;Reta;Não;1;0;0;1;0;0;1;1;-5,86772489;-42,4268658;SPRF-PI;DEL04-PI;UOP02-DEL04-PI
622493;20/08/2024;terça-feira;09:50:00;PR;116;23;ANTONINA;Condutor deixou de manter distância do veículo da frente;Colisão traseira;Com Vítimas Feridas;Pleno dia;Crescente;Céu Claro;Simples;"Reta;Aclive";Não;3;0;1;0;1;2;1;4;-25,1104764;-48,75592011;SPRF-PR;DEL01-PR;UOP02-DEL01-PR
622494;19/08/2024;segunda-feira;23:00:00;PA;10;30;DOM ELISEU;Demais falhas mecânicas ou elétricas;Incêndio;Sem Vítimas;Plena Noite;Decrescente;Céu Claro;Simples;"Reta;Aclive";Não;2;0;0;0;1;3;0;4;-4,18883;-47,54502;SPRF-PA;DEL02-PA;UOP02-DEL02-PA
622499;20/08/2024;terça-feira;12:20:00;GO;20;2,8;FORMOSA;Pedestre andava na pista;Atropelamento de Pedestre;Com Vítimas Feridas;Pleno dia;Crescente;Céu Claro;Simples;"Aclive;Reta";Sim;3;0;0;1;1;1;1;3;-15,57387;-47,327488;SPRF-DF;DEL02-DF;UOP02-DEL02-DF
622502;20/08/2024;terça-feira;09:50:00;SC;470;284,1;BRUNOPOLIS;Ausência de reação do condutor;Colisão frontal;Com Vítimas Feridas;Pleno dia;Crescente;Céu Claro;Simples;Curva;Não;3;0;1;0;1;1;1;3;-27,33067642;-50,90730786;SPRF-SC;DEL07-SC;UOP06-DEL07-SC
622503;20/08/2024;terça-feira;13:10:00;PR;277;638;CEU AZUL;Desrespeitar a preferência no cruzamento;Colisão transversal;Com Vítimas Feridas;Pleno dia;Crescente;Céu Claro;Simples;Reta;Sim;18;0;14;2;1;1;16;3;-25,1578934;-53,85103257;SPRF-PR;DEL05-PR;UOP02-DEL05-PR
622504;20/08/2024;terça-feira;13:45:00;TO;153;530;PUGMIL;Manobra de mudança de faixa;Colisão lateral sentido oposto;Com Vítimas Feridas;Pleno dia;Crescente;Céu Claro;Simples;Declive;Não;6;0;0;1;4;2;1;5;-10,47189695;-48,90333942;SPRF-TO;DEL01-TO;UOP01-DEL01-TO
622509;20/08/2024;terça-feira;13:30:00;SC;280;24,6;ARAQUARI;Acessar a via sem observar a presença dos outros veículos;Colisão transversal;Sem Vítimas;Pleno dia;Crescente;Nublado;Simples;Reta;Sim;2;0;0;0;2;0;0;2;-26,37724921;-48,71953282;SPRF-SC;DEL03-SC;UOP03-DEL03-SC
622510;20/08/2024;terça-feira;14:15:00;RN;101;150;GOIANINHA;Acessar a via sem observar a presença dos outros veículos;Colisão lateral mesmo sentido;Com Vítimas Feridas;Pleno dia;Decrescente;Céu Claro;Dupla;Reta;Não;3;0;0;1;1;1;1;3;-6,29468817;-35,1962053;SPRF-RN;DEL01-RN;UOP01-DEL01-RN
622512;20/08/2024;terça-feira;14:05:00;SC;101;213,8;PALHOCA;Condutor deixou de manter distância do veículo da frente;Colisão traseira;Com Vítimas Feridas;Pleno dia;Crescente;Nublado;Múltipla;Reta;Sim;2;0;0;1;1;0;1;2;-27,63697369;-48,66514142;SPRF-SC;DEL01-SC;UOP02-DEL01-SC
622513;10/08/2024;sábado;16:20:00;SC;470;242;CURITIBANOS;Reação tardia ou ineficiente do condutor;Colisão frontal;Sem Vítimas;Pleno dia;Crescente;Céu Claro;Simples;"Aclive;Reta";Não;5;0;0;0;4;1;0;4;-27,311794;-50,498703;SPRF-SC;DEL05-SC;UOP03-DEL05-SC
622515;09/07/2024;terça-feira;19:40:00;MG;381;485,5;BETIM;Ausência de reação do condutor;Colisão traseira;Com Vítimas Feridas;Plena Noite;Crescente;Céu Claro;Dupla;Reta;Não;4;0;1;0;2;1;1;3;-19,95659361;-44,12622893;SPRF-MG;DEL01-MG;UOP03-DEL01-MG