id;data_inversa;dia_semana;horario;uf;br;km;municipio;causa_acidente;tipo_acidente;classificacao_acidente;fase_dia;sentido_via;condicao_metereologica;tipo_pista;tracado_via;uso_solo;pessoas;mortos;feridos_leves;feridos_graves;ilesos;ignorados;feridos;veiculos;latitude;longitude;regional;delegacia;uop
622516;20/08/2024;terça-feira;14:20:00;MG;381;384;SAO GONCALO DO RIO ABAIXO;Demais falhas mecânicas ou elétricas;Colisão com objeto;Com Vítimas Feridas;Pleno dia;Decrescente;Sol;Dupla;"Declive;Curva;Em Obras";Não;2;0;1;0;0;2;1;3;-19,83574977;-43,37024689;SPRF-MG;DEL01-MG;UOP01-DEL01-MG
622517;20/08/2024;terça-feira;12:45:00;MG;262;147;RIO CASCA;Reação tardia ou ineficiente do condutor;Colisão com objeto;Com Vítimas Feridas;Pleno dia;Crescente;Céu Claro;Simples;"Ponte;Curva";Não;1;0;1;0;0;0;1;1;-20,02007782;-42,74457075;SPRF-MG;DEL03-MG;UOP03-DEL03-MG
622522;20/08/2024;terça-feira;15:05:00;RS;290;475,3;ROSARIO DO SUL;Acessar a via sem observar a presença dos outros veículos;Colisão transversal;Com Vítimas Feridas;Pleno dia;Decrescente;Nublado;Simples;Interseção de Vias;Sim;4;0;2;1;1;0;3;2;-30,23986391;-54,87155914;SPRF-RS;DEL11-RS;UOP02-DEL11-RS
622523;20/08/2024;terça-feira;12:25:00;SC;116;154;SANTA CECILIA;Velocidade Incompatível;Colisão frontal;Com Vítimas Feridas;Pleno dia;Crescente;Nublado;Simples;Curva;Não;5;0;3;0;2;0;3;3;-27,0659161;-50,4277677;SPRF-SC;DEL06-SC;UOP02-DEL06-SC
622531;20/08/2024;terça-feira;16:30:00;ES;101;293;CARIACICA;Manobra de mudança de faixa;Colisão lateral mesmo sentido;Com Vítimas Feridas;Pleno dia;Decrescente;Sol;Múltipla;"Em Obras;Retorno Regulamentado";Sim;4;0;1;1;1;2;2;4;-20,31526144;-40,39567044;SPRF-ES;DEL01-ES;UOP01-DEL01-ES
622534;20/08/2024;terça-feira;15:58:00;MG;116;547,1;CARATINGA;Acumulo de óleo sobre o pavimento;Colisão frontal;Com Vítimas Feridas;Pleno dia;Crescente;Céu Claro;Simples;"Curva;Declive";Não;3;0;1;0;2;0;1;2;-19,94406896;-42,1320258;SPRF-MG;DEL06-MG;UOP02-DEL06-MG
622535;20/08/2024;terça-feira;15:10:00;PI;316;276;DOM EXPEDITO LOPES;Ultrapassagem Indevida;Colisão frontal;Com Vítimas Feridas;Pleno dia;Crescente;Céu Claro;Simples;"Aclive;Reta";Não;5;0;0;3;1;1;3;3;-6,95650818;-41,71931513;SPRF-PI;DEL04-PI;UOP01-DEL04-PI
622536;20/08/2024;terça-feira;17:10:00;PE;101;19;GOIANA;Reação tardia ou ineficiente do condutor;Engavetamento;Com Vítimas Feridas;Pleno dia;Decrescente;Garoa/Chuvisco;Dupla;Reta;Não;3;0;1;0;2;0;1;3;-7,65403379;-34,94408281;SPRF-PE;DEL01-PE;UOP02-DEL01-PE
622539;20/08/2024;terça-feira;17:35:00;CE;222;4,7;CAUCAIA;Condutor deixou de manter distância do veículo da frente;Colisão lateral mesmo sentido;Com Vítimas Feridas;Pleno dia;Crescente;Céu Claro;Múltipla;Reta;Sim;2;0;1;0;1;0;1;2;-3,74164754;-38,60449792;SPRF-CE;DEL01-CE;UOP01-DEL01-CE
622544;20/08/2024;terça-feira;13:40:00;MG;40;551;NOVA LIMA;Demais falhas mecânicas ou elétricas;Incêndio;Sem Vítimas;Pleno dia;Crescente;Céu Claro;Dupla;Reta;Não;1;0;0;0;1;0;0;1;-20,05411435;-43,97101875;SPRF-MG;DEL01-MG;UOP02-DEL01-MG
622547;20/08/2024;terça-feira;15:50:00;MG;262;40,3;MANHUACU;Pedestre andava na pista;Atropelamento de Pedestre;Com Vítimas Feridas;Pleno dia;Crescente;Céu Claro;Simples;"Reta;Em Obras";Sim;3;0;0;1;1;1;1;3;-20,27334219;-42,04913988;SPRF-MG;DEL06-MG;UOP03-DEL06-MG
622554;20/08/2024;terça-feira;17:30:00;RS;287;355;JAGUARI;Reação tardia ou ineficiente do condutor;Tombamento;Com Vítimas Feridas;Anoitecer;Decrescente;Nublado;Simples;"Curva;Declive";Não;2;0;1;0;0;2;1;3;-29,48004395;-54,68516892;SPRF-RS;DEL12-RS;UOP02-DEL12-RS
622559;20/08/2024;terça-feira;18:20:00;PR;277;6,7;PARANAGUA;Entrada inopinada do pedestre;Atropelamento de Pedestre;Com Vítimas Fatais;Plena Noite;Crescente;Nublado;Dupla;Reta;Não;4;1;0;0;2;1;0;3;-25,5615072;-48,58635485;SPRF-PR;DEL01-PR;UOP05-DEL01-PR
622561;20/08/2024;terça-feira;10:30:00;MG;262;751,9;SACRAMENTO;Velocidade Incompatível;Saída de leito carroçável;Com Vítimas Feridas;Pleno dia;Crescente;Céu Claro;Dupla;Reta;Não;2;0;0;1;0;1;1;2;-19,644333;-47,517403;SPRF-MG;DEL13-MG;UOP01-DEL13-MG
622562;20/08/2024;terça-feira;14:31:00;RO;364;422,9;JARU;Ausência de reação do condutor;Colisão lateral mesmo sentido;Com Vítimas Feridas;Pleno dia;Crescente;Céu Claro;Simples;"Em Obras;Reta";Sim;2;0;0;1;1;0;1;2;-10,4597532;-62,4558043;SPRF-RO;DEL03-RO;UOP02-DEL03-RO
622565;20/08/2024;terça-feira;18:30:00;SP;116;225;GUARULHOS;Trafegar com motocicleta (ou similar) entre as faixas;Colisão traseira;Com Vítimas Feridas;Plena Noite;Decrescente;Nublado;Múltipla;Reta;Sim;3;0;1;0;2;0;1;3;-23,48586772;-46,54075317;SPRF-SP;DEL01-SP;UOP01-DEL01-SP
622573;20/08/2024;terça-feira;17:21:00;MT;163;769;SORRISO;Acessar a via sem observar a presença dos outros veículos;Colisão transversal;Com Vítimas Feridas;Pleno dia;Crescente;Céu Claro;Simples;Reta;Não;3;0;1;0;2;0;1;2;-12,424989;-55,641122;SPRF-MT;DEL06-MT;UOP01-DEL06-MT
622574;20/08/2024;terça-feira;20:10:00;PR;369;119,6;JATAIZINHO;Demais falhas mecânicas ou elétricas;Colisão com objeto;Com Vítimas Feridas;Plena Noite;Crescente;Céu Claro;Dupla;"Reta;Declive";Sim;1;0;1;0;0;0;1;1;-23,2848531;-50,89451909;SPRF-PR;DEL07-PR;UOP05-DEL07-PR
622575;20/08/2024;terça-feira;19:40:00;MG;381;864;POUSO ALEGRE;Ausência de reação do condutor;Saída de leito carroçável;Com Vítimas Fatais;Plena Noite;Decrescente;Céu Claro;Dupla;Declive;Não;4;1;0;0;0;3;0;3;-22,34753553;-45,92697144;SPRF-MG;DEL16-MG;UOP01-DEL16-MG
622584;20/08/2024;terça-feira;19:45:00;MG;116;410,4;GOVERNADOR VALADARES;Conversão proibida;Tombamento;Com Vítimas Feridas;Plena Noite;Decrescente;Céu Claro;Dupla;"Reta;Retorno Regulamentado";Sim;2;0;1;0;1;0;1;2;-18,860782;-41,974336;SPRF-MG;DEL06-MG;UOP01-DEL06-MG
622585;20/08/2024;terça-feira;19:00:00;RO;364;541;ALTO PARAISO;Acessar a via sem observar a presença dos outros veículos;Colisão transversal;Com Vítimas Feridas;Plena Noite;Decrescente;Céu Claro;Simples;"Reta;Interseção de Vias";Não;5;0;1;1;2;2;2;4;-9,716742;-63,11815;SPRF-RO;DEL03-RO;UOP01-DEL03-RO
622586;20/08/2024;terça-feira;15:00:00;SC;282;366,5;ERVAL VELHO;Ultrapassagem Indevida;Colisão frontal;Com Vítimas Feridas;Pleno dia;Decrescente;Nublado;Simples;"Reta;Declive";Não;5;0;2;2;1;0;4;3;-27,295325;-51,404048;SPRF-SC;DEL07-SC;UOP05-DEL07-SC
622588;20/08/2024;terça-feira;17:25:00;RS;287;330,1;SAO VICENTE DO SUL;Desrespeitar a preferência no cruzamento;Colisão frontal;Com Vítimas Feridas;Pleno dia;Decrescente;Nublado;Simples;"Curva;Interseção de Vias";Sim;4;0;2;0;1;2;2;4;-29,68462274;-54,66549039;SPRF-RS;DEL12-RS;UOP02-DEL12-RS
622589;20/08/2024;terça-feira;20:47:00;BA;116;822,5;VITORIA DA CONQUISTA;Reação tardia ou ineficiente do condutor;Colisão lateral mesmo sentido;Com Vítimas Feridas;Plena Noite;Crescente;Céu Claro;Dupla;"Reta;Interseção de Vias";Sim;3;0;1;1;1;0;2;2;-14,80363418;-40,78042987;SPRF-BA;DEL08-BA;UOP01-DEL08-BA
622592;20/08/2024;terça-feira;21:30:00;BA;242;865;BARREIRAS;Ingestão de álcool pelo condutor;Tombamento;Sem Vítimas;Plena Noite;Crescente;Céu Claro;Simples;"Reta;Aclive";Não;2;0;0;0;1;1;0;2;-12,08907401;-45,424536;SPRF-BA;DEL10-BA;UOP01-DEL10-BA
622594;06/02/2024;terça-feira;17:45:00;MS;163;264;DOURADOS;Demais falhas mecânicas ou elétricas;Incêndio;Sem Vítimas;Pleno dia;Crescente;Céu Claro;Dupla;Reta;Não;2;0;0;0;1;2;0;3;-22,22742781;-54,7393301;SPRF-MS;DEL04-MS;UOP01-DEL04-MS
622598;20/08/2024;terça-feira;17:00:00;RO;435;72,3;COLORADO DO OESTE;Curva acentuada;Tombamento;Com Vítimas Feridas;Pleno dia;Decrescente;Céu Claro;Simples;Curva;Não;2;0;1;0;0;3;1;4;-13,1054292;-60,42626023;SPRF-RO;DEL04-RO;UOP02-DEL04-RO
622608;20/08/2024;terça-feira;21:20:00;RS;116;121,4;SAO MARCOS;Transitar na contramão;Colisão lateral sentido oposto;Sem Vítimas;Plena Noite;Crescente;Céu Claro;Simples;"Aclive;Curva";Não;3;0;0;0;2;1;0;3;-29,00573128;-51,06932906;SPRF-RS;DEL05-RS;UOP01-DEL05-RS
622612;21/08/2024;quarta-feira;02:00:00;RS;392;6,7;RIO GRANDE;Ingestão de álcool pelo condutor;Colisão com objeto;Sem Vítimas;Plena Noite;Decrescente;Chuva;Simples;Reta;Sim;2;0;0;0;1;1;0;2;-32,0849901;-52,10592673;SPRF-RS;DEL07-RS;UOP02-DEL07-RS
622614;21/08/2024;quarta-feira;02:10:00;AL;104;9;SAO JOSE DA LAJE;Condutor Dormindo;Tombamento;Com Vítimas Feridas;Plena Noite;Crescente;Céu Claro;Simples;Curva;Não;1;0;1;0;0;0;1;1;-8,97108463;-36,01804588;SPRF-AL;DEL01-AL;UOP02-DEL01-AL
622615;21/08/2024;quarta-feira;04:27:00;SP;116;320,5;JUQUITIBA;Reação tardia ou ineficiente do condutor;Derramamento de carga;Com Vítimas Fatais;Plena Noite;Decrescente;Céu Claro;Dupla;Reta;Não;4;1;1;0;1;1;1;4;-23,93226;-47,00835;SPRF-SP;DEL04-SP;UOP03-DEL04-SP
622616;21/08/2024;quarta-feira;04:49:00;MG;381;483;BETIM;Velocidade Incompatível;Tombamento;Com Vítimas Feridas;Plena Noite;Crescente;Céu Claro;Dupla;"Declive;Curva";Não;2;0;1;0;0;1;1;2;-19,9582891;-44,08025551;SPRF-MG;DEL01-MG;UOP03-DEL01-MG
622617;21/08/2024;quarta-feira;04:45:00;MG;381;579,1;CARMOPOLIS DE MINAS;Condutor Dormindo;Saída de leito carroçável;Com Vítimas Feridas;Plena Noite;Decrescente;Nublado;Dupla;Declive;Não;2;0;1;0;0;1;1;2;-20,478748;-44,585914;SPRF-MG;DEL04-MG;UOP01-DEL04-MG
622619;21/08/2024;quarta-feira;04:27:00;PE;101;19,3;GOIANA;Acessar a via sem observar a presença dos outros veículos;Colisão lateral mesmo sentido;Com Vítimas Fatais;Plena Noite;Decrescente;Céu Claro;Dupla;Reta;Não;5;1;2;0;1;2;2;4;-7,655933;-34,941819;SPRF-PE;DEL01-PE;UOP02-DEL01-PE
622620;21/08/2024;quarta-feira;05:40:00;TO;153;246;COLINAS DO TOCANTINS;Demais falhas mecânicas ou elétricas;Incêndio;Sem Vítimas;Amanhecer;Decrescente;Céu Claro;Múltipla;Reta;Não;2;0;0;0;1;1;0;2;-8,046382;-48,46624384;SPRF-TO;DEL02-TO;UOP02-DEL02-TO
622622;21/08/2024;quarta-feira;05:45:00;PE;101;73;RECIFE;Demais falhas mecânicas ou elétricas;Incêndio;Sem Vítimas;Pleno dia;Crescente;Sol;Dupla;Reta;Sim;2;0;0;0;1;1;0;2;-8,093369;-34,947464;SPRF-PE;DEL01-PE;UOP01-DEL01-PE
622623;21/08/2024;quarta-feira;06:15:00;RS;285;480,2;CORONEL BARROS;Velocidade Incompatível;Colisão traseira;Com Vítimas Feridas;Amanhecer;Decrescente;Nublado;Simples;"Aclive;Curva";Não;3;0;1;0;1;1;1;3;-28,37208771;-54,10544515;SPRF-RS;DEL10-RS;UOP01-DEL10-RS
622625;21/08/2024;quarta-feira;05:45:00;SC;282;246,5;SAO JOSE DO CERRITO;Velocidade Incompatível;Saída de leito carroçável;Com Vítimas Feridas;Amanhecer;Crescente;Nublado;Simples;"Declive;Curva";Não;2;0;0;1;0;3;1;4;-27,727213;-50,529724;SPRF-SC;DEL05-SC;UOP02-DEL05-SC
622627;21/08/2024;quarta-feira;06:20:00;MG;262;767,8;UBERABA;Demais falhas mecânicas ou elétricas;Incêndio;Com Vítimas Feridas;Amanhecer;Decrescente;Céu Claro;Simples;Reta;Não;2;0;1;0;0;1;1;2;-19,669628;-47,616744;SPRF-MG;DEL13-MG;UOP01-DEL13-MG
622633;21/08/2024;quarta-feira;07:10:00;RJ;116;184;NOVA IGUACU;Condutor Dormindo;Colisão lateral mesmo sentido;Com Vítimas Feridas;Pleno dia;Crescente;Céu Claro;Dupla;Reta;Sim;6;0;2;0;3;1;2;4;-22,74647215;-43,44594311;SPRF-RJ;DEL06-RJ;UOP01-DEL06-RJ
622634;21/08/2024;quarta-feira;06:50:00;SC;470;145;RIO DO SUL;Ausência de reação do condutor;Colisão frontal;Com Vítimas Feridas;Amanhecer;Decrescente;Garoa/Chuvisco;Simples;Reta;Não;2;0;1;0;1;0;1;2;-27,237301;-49,682217;SPRF-SC;DEL04-SC;UOP02-DEL04-SC
622637;21/08/2024;quarta-feira;07:30:00;SP;381;24;BRAGANCA PAULISTA;Ausência de reação do condutor;Colisão lateral mesmo sentido;Com Vítimas Feridas;Pleno dia;Crescente;Céu Claro;Dupla;Reta;Não;3;0;1;0;1;1;1;3;-23,01617998;-46,52564233;SPRF-SP;DEL03-SP;UOP02-DEL03-SP
622639;21/08/2024;quarta-feira;07:25:00;PR;116;142;MANDIRITUBA;Condutor deixou de manter distância do veículo da frente;Colisão traseira;Com Vítimas Feridas;Pleno dia;Crescente;Nublado;Dupla;Reta;Não;2;0;1;0;0;1;1;2;-25,746524;-49,31741923;SPRF-PR;DEL01-PR;UOP03-DEL01-PR
622641;21/08/2024;quarta-feira;06:15:00;RS;285;241;CIRIACO;Problema com o freio;Incêndio;Sem Vítimas;Pleno dia;Crescente;Céu Claro;Simples;Reta;Não;2;0;0;0;1;1;0;2;-28,259699;-51,885948;SPRF-RS;DEL08-RS;UOP03-DEL08-RS
622645;21/08/2024;quarta-feira;07:45:00;TO;153;675;GURUPI;Conversão proibida;Colisão transversal;Com Vítimas Feridas;Pleno dia;Crescente;Sol;Simples;"Reta;Em Obras";Sim;4;0;2;0;1;1;2;3;-11,747541;-49,086449;SPRF-TO;DEL01-TO;UOP02-DEL01-TO
622649;21/08/2024;quarta-feira;08:25:00;SC;101;210,6;SAO JOSE;Reação tardia ou ineficiente do condutor;Colisão traseira;Com Vítimas Feridas;Pleno dia;Decrescente;Nublado;Múltipla;Reta;Sim;3;0;0;1;2;0;1;2;-27,6167305;-48,6457265;SPRF-SC;DEL01-SC;UOP01-DEL01-SC
622652;21/08/2024;quarta-feira;07:40:00;MG;50;179;UBERABA;Velocidade Incompatível;Engavetamento;Com Vítimas Feridas;Pleno dia;Crescente;Céu Claro;Dupla;Reta;Sim;7;0;0;1;5;5;1;10;-19,77827047;-47,93140998;SPRF-MG;DEL13-MG;UOP01-DEL13-MG
622653;03/05/2024;sexta-feira;11:35:00;SP;116;510;CAJATI;Ausência de reação do condutor;Colisão traseira;Com Vítimas Fatais;Pleno dia;Crescente;Céu Claro;Dupla;Reta;Não;3;1;0;0;1;3;0;5;-24,82768986;-48,21855823;SPRF-SP;DEL05-SP;UOP02-DEL05-SP
622659;21/08/2024;quarta-feira;08:10:00;PR;376;668;GUARATUBA;Reação tardia ou ineficiente do condutor;Colisão traseira;Com Vítimas Feridas;Pleno dia;Crescente;Garoa/Chuvisco;Dupla;Curva;Não;4;0;1;0;2;2;1;5;-25,864159;-48,937538;SPRF-PR;DEL01-PR;UOP04-DEL01-PR
622665;17/08/2024;sábado;11:20:00;RJ;116;227;PIRAI;Ausência de reação do condutor;Tombamento;Sem Vítimas;Pleno dia;Decrescente;Sol;Dupla;Curva;Não;2;0;0;0;1;2;0;3;-22,66505586;-43,8208548;SPRF-RJ;DEL07-RJ;UOP01-DEL07-RJ
622667;21/08/2024;quarta-feira;09:20:00;PR;116;100;SAO JOSE DOS PINHAIS;Ausência de reação do condutor;Colisão lateral mesmo sentido;Com Vítimas Feridas;Pleno dia;Crescente;Garoa/Chuvisco;Dupla;Reta;Sim;3;0;0;1;2;0;1;3;-25,53379421;-49,14663578;SPRF-PR;DEL01-PR;UOP07-DEL01-PR
622670;21/08/2024;quarta-feira;08:20:00;CE;222;211,5;FORQUILHA;Reação tardia ou ineficiente do condutor;Colisão transversal;Com Vítimas Feridas;Pleno dia;Crescente;Céu Claro;Simples;Curva;Não;3;0;1;0;1;1;1;3;-3,78546627;-40,28274536;SPRF-CE;DEL04-CE;UOP01-DEL04-CE
622675;17/08/2024;sábado;00:35:00;RS;290;53,6;GLORINHA;Ingestão de álcool pelo condutor;Colisão lateral mesmo sentido;Sem Vítimas;Plena Noite;Decrescente;Garoa/Chuvisco;Dupla;Reta;Não;3;0;0;0;2;1;0;3;-29,912635;-50,794576;SPRF-RS;DEL03-RS;UOP01-DEL03-RS
622680;21/08/2024;quarta-feira;12:30:00;GO;60;81,9;ANAPOLIS;Condutor deixou de manter distância do veículo da frente;Colisão traseira;Com Vítimas Feridas;Pleno dia;Crescente;Céu Claro;Dupla;Reta;Não;6;0;3;0;3;0;3;2;-16,3116;-48,8277;SPRF-GO;DEL02-GO;UOP01-DEL02-GO
622682;21/08/2024;quarta-feira;12:35:00;SP;116;89,8;PINDAMONHANGABA;Ausência de reação do condutor;Colisão traseira;Com Vítimas Feridas;Pleno dia;Crescente;Céu Claro;Dupla;Reta;Não;5;0;2;0;2;1;2;3;-22,93930884;-45,37874708;SPRF-SP;DEL08-SP;UOP01-DEL08-SP
622683;21/08/2024;quarta-feira;10:45:00;PR;153;329;IRATI;Reação tardia ou ineficiente do condutor;Tombamento;Com Vítimas Feridas;Pleno dia;Crescente;Céu Claro;Simples;"Viaduto;Curva;Rotatória";Sim;2;0;1;0;1;0;1;1;-25,45341779;-50,61908841;SPRF-PR;DEL08-PR;UOP02-DEL08-PR
622686;21/08/2024;quarta-feira;12:30:00;PR;277;139;BALSA NOVA;Reação tardia ou ineficiente do condutor;Engavetamento;Sem Vítimas;Pleno dia;Crescente;Sol;Dupla;Reta;Não;7;0;0;0;6;2;0;7;-25,47617144;-49,71635342;SPRF-PR;DEL03-PR;UOP03-DEL03-PR
622688;21/08/2024;quarta-feira;09:30:00;PR;116;23,8;ANTONINA;Velocidade Incompatível;Tombamento;Com Vítimas Feridas;Pleno dia;Decrescente;Nublado;Dupla;"Declive;Curva";Não;2;0;1;0;0;1;1;2;-25,112064;-48,764233;SPRF-PR;DEL01-PR;UOP02-DEL01-PR
622689;13/07/2024;sábado;05:10:00;GO;153;648;MORRINHOS;Acessar a via sem observar a presença dos outros veículos;Colisão lateral mesmo sentido;Com Vítimas Feridas;Plena Noite;Crescente;Céu Claro;Dupla;"Retorno Regulamentado;Reta";Não;7;0;2;3;1;2;5;4;-17,9665;-49,2533;SPRF-GO;DEL03-GO;UOP01-DEL03-GO
622691;21/08/2024;quarta-feira;12:15:00;PI;316;50,5;LAGOA DO PIAUI;Condutor Dormindo;Colisão lateral sentido oposto;Com Vítimas Feridas;Pleno dia;Decrescente;Céu Claro;Simples;"Curva;Declive";Não;4;0;2;0;1;1;2;3;-5,50592861;-42,64101505;SPRF-PI;DEL01-PI;UOP02-DEL01-PI
622695;21/08/2024;quarta-feira;13:37:00;SC;470;9,5;ILHOTA;Ausência de reação do condutor;Colisão traseira;Com Vítimas Feridas;Pleno dia;Crescente;Nublado;Dupla;Reta;Não;4;0;2;0;2;0;2;2;-26,833143;-48,727432;SPRF-SC;DEL04-SC;UOP04-DEL04-SC
622697;21/08/2024;quarta-feira;12:30:00;MG;40;524;CONTAGEM;Demais falhas mecânicas ou elétricas;Saída de leito carroçável;Sem Vítimas;Pleno dia;Decrescente;Céu Claro;Dupla;Declive;Sim;2;0;0;0;1;1;0;2;-19,8754469;-44,05345586;SPRF-MG;DEL01-MG;UOP02-DEL01-MG
622705;08/07/2024;segunda-feira;08:01:00;PI;316;6;TERESINA;Faixas de trânsito com largura insuficiente;Eventos atípicos;Com Vítimas Feridas;Pleno dia;Crescente;Céu Claro;Múltipla;Reta;Sim;3;0;0;1;1;1;1;2;-5,14702095;-42,77438982;SPRF-PI;DEL01-PI;UOP02-DEL01-PI
622706;21/08/2024;quarta-feira;15:20:00;MG;40;576,8;ITABIRITO;Ausência de reação do condutor;Colisão traseira;Com Vítimas Feridas;Pleno dia;Crescente;Céu Claro;Simples;Reta;Não;3;0;1;0;1;1;1;2;-20,27233504;-43,95198504;SPRF-MG;DEL01-MG;UOP02-DEL01-MG
622707;21/08/2024;quarta-feira;14:10:00;PR;376;354,4;ORTIGUEIRA;Reação tardia ou ineficiente do condutor;Colisão lateral mesmo sentido;Com Vítimas Feridas;Pleno dia;Decrescente;Sol;Dupla;Reta;Não;3;0;1;0;1;1;1;3;-24,2708266;-50,88943166;SPRF-PR;DEL07-PR;UOP02-DEL07-PR
622710;21/08/2024;quarta-feira;15:50:00;SC;282;535;CHAPECO;Desrespeitar a preferência no cruzamento;Colisão lateral mesmo sentido;Com Vítimas Feridas;Pleno dia;Decrescente;Céu Claro;Dupla;"Interseção de Vias;Reta";Não;5;0;1;0;3;1;1;3;-26,99949985;-52,64598012;SPRF-SC;DEL07-SC;UOP01-DEL07-SC
622711;21/08/2024;quarta-feira;15:00:00;SP;116;292,5;ITAPECERICA DA SERRA;Reação tardia ou ineficiente do condutor;Colisão traseira;Com Vítimas Feridas;Pleno dia;Decrescente;Céu Claro;Dupla;Reta;Sim;2;0;1;0;1;0;1;2;-23,74581995;-46,90003027;SPRF-SP;DEL04-SP;UOP01-DEL04-SP
622716;21/08/2024;quarta-feira;14:40:00;PR;376;3;SAO JOSE DOS PINHAIS;Reação tardia ou ineficiente do condutor;Colisão traseira;Com Vítimas Feridas;Pleno dia;Crescente;Céu Claro;Dupla;Reta;Sim;3;0;1;0;1;1;1;3;-25,54000882;-49,19154704;SPRF-PR;DEL01-PR;UOP04-DEL01-PR
622717;21/08/2024;quarta-feira;17:22:00;MT;70;150;GENERAL CARNEIRO;Falta de acostamento;Tombamento;Sem Vítimas;Pleno dia;Decrescente;Céu Claro;Simples;Reta;Não;1;0;0;0;1;0;0;1;-15,57764391;-53,37038799;SPRF-MT;DEL07-MT;UOP01-DEL07-MT
622720;21/08/2024;quarta-feira;14:00:00;MT;163;891;CLAUDIA;Reação tardia ou ineficiente do condutor;Tombamento;Sem Vítimas;Pleno dia;Crescente;Céu Claro;Simples;Reta;Não;2;0;0;0;1;3;0;4;-11,50952796;-55,37512807;SPRF-MT;DEL06-MT;UOP02-DEL06-MT
622721;21/08/2024;quarta-feira;17:00:00;BA;242;226;ITABERABA;Desrespeitar a preferência no cruzamento;Colisão transversal;Com Vítimas Feridas;Pleno dia;Crescente;Céu Claro;Simples;"Interseção de Vias;Reta";Sim;2;0;1;0;1;0;1;2;-12,51935324;-40,28079271;SPRF-BA;DEL06-BA;UOP02-DEL06-BA
622722;21/08/2024;quarta-feira;17:35:00;PR;376;435,9;TIBAGI;Velocidade Incompatível;Saída de leito carroçável;Com Vítimas Feridas;Anoitecer;Decrescente;Céu Claro;Dupla;"Curva;Declive";Não;2;0;1;0;0;1;1;2;-24,7807854;-50,5136511;SPRF-PR;DEL03-PR;UOP02-DEL03-PR
622724;21/08/2024;quarta-feira;18:00:00;ES;259;44;COLATINA;Condutor deixou de manter distância do veículo da frente;Colisão traseira;Com Vítimas Feridas;Anoitecer;Decrescente;Céu Claro;Simples;Reta;Não;4;0;1;0;2;1;1;4;-19,61117801;-40,49065728;SPRF-ES;DEL02-ES;UOP01-DEL02-ES
622734;21/08/2024;quarta-feira;18:40:00;PR;277;137;CAMPO LARGO;Pedestre cruzava a pista fora da faixa;Atropelamento de Pedestre;Com Vítimas Fatais;Plena Noite;Crescente;Céu Claro;Dupla;Reta;Não;2;1;0;0;1;0;0;2;-25,47366429;-49,70241183;SPRF-PR;DEL03-PR;UOP03-DEL03-PR
622735;21/08/2024;quarta-feira;16:50:00;RO;364;235;CACOAL;Desrespeitar a preferência no cruzamento;Colisão transversal;Sem Vítimas;Pleno dia;Crescente;Nublado;Simples;"Reta;Interseção de Vias";Sim;5;0;0;0;5;0;0;3;-11,4506169;-61,4302469;SPRF-RO;DEL02-RO;UOP02-DEL02-RO
622738;21/08/2024;quarta-feira;18:15:00;SP;116;111;TAUBATE;Manobra de mudança de faixa;Colisão lateral mesmo sentido;Com Vítimas Feridas;Pleno dia;Decrescente;Céu Claro;Dupla;Reta;Sim;3;0;1;0;1;1;1;3;-23,03887149;-45,56097419;SPRF-SP;DEL02-SP;UOP02-DEL02-SP
622739;21/08/2024;quarta-feira;16:00:00;MG;267;32;ARGIRITA;Ausência de reação do condutor;Capotamento;Com Vítimas Feridas;Pleno dia;Decrescente;Céu Claro;Simples;Curva;Não;3;0;2;0;0;1;2;3;-21,65213899;-42,85013179;SPRF-MG;DEL07-MG;UOP01-DEL07-MG
622756;21/08/2024;quarta-feira;16:00:00;RJ;40;105;DUQUE DE CAXIAS;Pedestre cruzava a pista fora da faixa;Atropelamento de Pedestre;Com Vítimas Feridas;Pleno dia;Crescente;Céu Claro;Simples;Reta;Sim;2;0;0;1;0;1;1;2;-22,63784806;-43,28428824;SPRF-RJ;DEL01-RJ;UOP02-DEL01-RJ
622759;21/08/2024;quarta-feira;18:30:00;MA;316;434;PERITORO;Manobra de mudança de faixa;Colisão transversal;Com Vítimas Feridas;Plena Noite;Decrescente;Céu Claro;Simples;Reta;Sim;2;0;0;1;0;1;1;2;-4,409076;-44,258495;SPRF-MA;DEL03-MA;UOP01-DEL03-MA
622760;21/08/2024;quarta-feira;18:46:00;SP;116;360,9;MIRACATU;Ausência de reação do condutor;Colisão traseira;Com Vítimas Feridas;Anoitecer;Crescente;Chuva;Dupla;"Reta;Túnel;Declive";Não;3;0;1;0;1;3;1;5;-24,11248793;-47,26510606;SPRF-SP;DEL04-SP;UOP03-DEL04-SP
622761;21/08/2024;quarta-feira;18:15:00;MG;116;256,5;TEOFILO OTONI;Demais falhas mecânicas ou elétricas;Incêndio;Sem Vítimas;Anoitecer;Decrescente;Céu Claro;Simples;Reta;Não;2;0;0;0;1;1;0;2;-17,69193403;-41,48601708;SPRF-MG;DEL11-MG;UOP01-DEL11-MG
622767;21/08/2024;quarta-feira;21:30:00;RS;386;345;LAJEADO;Velocidade Incompatível;Tombamento;Com Vítimas Feridas;Plena Noite;Crescente;Céu Claro;Dupla;"Desvio Temporário;Curva;Em Obras";Sim;3;0;2;0;0;1;2;2;-29,443069;-51,984135;SPRF-RS;DEL04-RS;UOP01-DEL04-RS
622769;21/08/2024;quarta-feira;21:30:00;ES;101;317,8;VILA VELHA;Ausência de reação do condutor;Colisão traseira;Com Vítimas Fatais;Plena Noite;Crescente;Céu Claro;Dupla;Aclive;Não;4;1;0;0;0;3;0;4;-20,48575596;-40,47626411;SPRF-ES;DEL01-ES;UOP01-DEL01-ES