id;data_inversa;dia_semana;horario;uf;br;km;municipio;causa_acidente;tipo_acidente;classificacao_acidente;fase_dia;sentido_via;condicao_metereologica;tipo_pista;tracado_via;uso_solo;pessoas;mortos;feridos_leves;feridos_graves;ilesos;ignorados;feridos;veiculos;latitude;longitude;regional;delegacia;uop
623829;30/07/2024;terça-feira;07:00:00;MG;381;877;ESTIVA;Ausência de reação do condutor;Colisão com objeto;Com Vítimas Feridas;Pleno dia;Decrescente;Céu Claro;Dupla;Curva;Não;4;0;2;1;0;1;3;2;-22,48184;-46,010895;SPRF-MG;DEL16-MG;UOP01-DEL16-MG
623833;26/08/2024;segunda-feira;16:39:00;MA;135;4;SAO LUIS;Ausência de reação do condutor;Colisão traseira;Com Vítimas Feridas;Pleno dia;Crescente;Céu Claro;Dupla;Reta;Sim;4;0;2;0;1;1;2;4;-2,61424881;-44,25257023;SPRF-MA;DEL01-MA;UOP01-DEL01-MA
623835;23/08/2024;sexta-feira;06:20:00;MG;116;282;TEOFILO OTONI;Manobra de mudança de faixa;Colisão transversal;Com Vítimas Feridas;Pleno dia;Decrescente;Nublado;Simples;"Reta;Aclive";Não;4;0;2;0;1;1;2;3;-17,902369;-41,522926;SPRF-MG;DEL11-MG;UOP01-DEL11-MG
623838;26/08/2024;segunda-feira;17:50:00;MG;40;525,3;CONTAGEM;Suicídio (presumido);Colisão frontal;Com Vítimas Fatais;Anoitecer;Decrescente;Céu Claro;Dupla;Reta;Sim;2;1;0;0;1;0;0;2;-19,89255399;-44,04985478;SPRF-MG;DEL01-MG;UOP02-DEL01-MG
623849;26/08/2024;segunda-feira;18:20:00;SC;101;331;TUBARAO;Acessar a via sem observar a presença dos outros veículos;Colisão lateral mesmo sentido;Com Vítimas Feridas;Plena Noite;Decrescente;Céu Claro;Dupla;Reta;Sim;5;0;1;0;3;1;1;3;-28,45567521;-48,9812689;SPRF-SC;DEL02-SC;UOP01-DEL02-SC
623853;26/08/2024;segunda-feira;19:40:00;MG;262;442,9;NOVA SERRANA;Pedestre cruzava a pista fora da faixa;Atropelamento de Pedestre;Com Vítimas Fatais;Plena Noite;Decrescente;Vento;Múltipla;Reta;Sim;2;1;0;0;1;0;0;2;-19,87149263;-44,9727273;SPRF-MG;DEL08-MG;UOP03-DEL08-MG
623857;24/04/2024;quarta-feira;18:35:00;SE;235;4,7;NOSSA SENHORA DO SOCORRO;Condutor deixou de manter distância do veículo da frente;Colisão traseira;Com Vítimas Feridas;Plena Noite;Crescente;Céu Claro;Dupla;Reta;Sim;3;0;1;0;2;0;1;3;-10,9064;-37,1197;SPRF-SE;DEL01-SE;UOP01-DEL01-SE
623863;11/03/2024;segunda-feira;15:00:00;GO;153;506,5;APARECIDA DE GOIANIA;Reação tardia ou ineficiente do condutor;Engavetamento;Com Vítimas Fatais;Pleno dia;Crescente;Céu Claro;Múltipla;Reta;Sim;5;1;1;0;2;1;1;5;-16,7633;-49,24;SPRF-GO;DEL01-GO;UOP01-DEL01-GO
623864;26/08/2024;segunda-feira;14:30:00;AM;174;1001;PRESIDENTE FIGUEIREDO;Demais falhas mecânicas ou elétricas;Incêndio;Sem Vítimas;Pleno dia;Crescente;Céu Claro;Simples;Reta;Não;1;0;0;0;1;0;0;1;-1,95994527;-60,03606454;SPRF-AM;DEL01-AM;UOP02-DEL01-AM
623868;26/08/2024;segunda-feira;16:29:00;RO;364;301,5;PRESIDENTE MEDICI;Condutor deixou de manter distância do veículo da frente;Colisão traseira;Sem Vítimas;Pleno dia;Crescente;Céu Claro;Simples;"Reta;Aclive";Não;7;0;0;0;6;3;0;6;-11,235692;-61,90194418;SPRF-RO;DEL02-RO;UOP01-DEL02-RO
623882;26/08/2024;segunda-feira;21:10:00;PE;232;53,8;POMBOS;Pedestre andava na pista;Atropelamento de Pedestre;Com Vítimas Fatais;Plena Noite;Decrescente;Céu Claro;Dupla;Reta;Não;2;1;0;0;0;1;0;2;-8,13014263;-35,3484723;SPRF-PE;DEL02-PE;UOP02-DEL02PE
623884;26/08/2024;segunda-feira;20:55:00;RS;285;571,2;SAO LUIZ GONZAGA;Acessar a via sem observar a presença dos outros veículos;Saída de leito carroçável;Com Vítimas Feridas;Plena Noite;Decrescente;Céu Claro;Simples;"Interseção de Vias;Reta";Não;3;0;2;0;0;1;2;2;-28,4135971;-54,98897552;SPRF-RS;DEL12-RS;UOP01-DEL12-RS
623886;26/08/2024;segunda-feira;21:00:00;MT;163;1039;MATUPA;Ausência de reação do condutor;Saída de leito carroçável;Com Vítimas Feridas;Plena Noite;Decrescente;Céu Claro;Simples;Rotatória;Sim;2;0;1;0;0;3;1;4;-10,18427078;-54,94573184;SPRF-MT;DEL06-MT;UOP03-DEL06-MT
623891;26/08/2024;segunda-feira;21:00:00;MG;365;292,5;JOAO PINHEIRO;Ausência de reação do condutor;Tombamento;Com Vítimas Fatais;Plena Noite;Decrescente;Céu Claro;Simples;"Declive;Curva";Não;1;1;0;0;0;0;0;1;-18,096293;-45,688479;SPRF-MG;DEL10-MG;UOP02-DEL010-MG
623894;27/08/2024;terça-feira;04:00:00;MG;40;815,5;SIMAO PEREIRA;Curva acentuada;Tombamento;Com Vítimas Feridas;Amanhecer;Crescente;Nevoeiro/Neblina;Dupla;"Curva;Aclive";Não;2;0;2;0;0;0;2;1;-21,899943;-43,31155704;SPRF-MG;DEL05-MG;UOP01-DEL05-MG
623895;27/08/2024;terça-feira;02:25:00;MT;163;118;RONDONOPOLIS;Transitar no Acostamento;Saída de leito carroçável;Com Vítimas Feridas;Plena Noite;Crescente;Céu Claro;Dupla;Reta;Sim;2;0;1;0;0;1;1;2;-16,505095;-54,651425;SPRF-MT;DEL02-MT;UOP01-DEL02-MT
623897;27/08/2024;terça-feira;06:00:00;MG;40;710,4;BARBACENA;Velocidade Incompatível;Tombamento;Com Vítimas Feridas;Amanhecer;Decrescente;Nublado;Simples;"Curva;Aclive";Sim;2;0;1;0;0;1;1;2;-21,24579254;-43,68245104;SPRF-MG;DEL05-MG;UOP02-DEL05-MG
623901;27/08/2024;terça-feira;05:30:00;RJ;493;52;DUQUE DE CAXIAS;Condutor deixou de manter distância do veículo da frente;Colisão traseira;Com Vítimas Feridas;Amanhecer;Decrescente;Céu Claro;Dupla;Reta;Não;3;0;2;0;0;2;2;4;-22,672089;-43,285053;SPRF-RJ;DEL01-RJ;UOP03-DEL01-RJ
623902;27/08/2024;terça-feira;05:15:00;RJ;40;121;DUQUE DE CAXIAS;Reação tardia ou ineficiente do condutor;Colisão traseira;Com Vítimas Feridas;Amanhecer;Decrescente;Céu Claro;Múltipla;Reta;Sim;2;0;0;1;1;0;1;2;-22,78185499;-43,28571273;SPRF-RJ;DEL01-RJ;UOP02-DEL01-RJ
623906;27/08/2024;terça-feira;06:50:00;RS;116;261;CANOAS;Manobra de mudança de faixa;Colisão lateral mesmo sentido;Com Vítimas Feridas;Pleno dia;Crescente;Nublado;Dupla;Reta;Sim;2;0;1;0;0;1;1;2;-29,887983;-51,17901;SPRF-RS;DEL01-RS;UOP01-DEL01-RS
623907;27/08/2024;terça-feira;04:30:00;RJ;116;228,2;PARACAMBI;Problema com o freio;Colisão traseira;Com Vítimas Feridas;Amanhecer;Decrescente;Céu Claro;Dupla;Reta;Não;3;0;1;0;2;0;1;2;-22,660623;-43,82667;SPRF-RJ;DEL07-RJ;UOP01-DEL07-RJ
623913;27/08/2024;terça-feira;07:00:00;GO;153;521,3;HIDROLANDIA;Reação tardia ou ineficiente do condutor;Colisão traseira;Com Vítimas Feridas;Pleno dia;Decrescente;Céu Claro;Dupla;"Declive;Reta";Sim;4;0;0;1;2;1;1;4;-16,8937;-49,2557;SPRF-GO;DEL01-GO;UOP03-DEL01-GO
623915;27/08/2024;terça-feira;06:50:00;RN;406;134,8;TAIPU;Transitar na contramão;Colisão frontal;Com Vítimas Fatais;Pleno dia;Crescente;Céu Claro;Simples;Reta;Não;5;1;0;2;1;1;2;4;-5,65414395;-35,57506398;SPRF-RN;DEL02-RN;UOP01-DEL02-RN
623921;27/08/2024;terça-feira;07:45:00;RS;386;308,4;POUSO NOVO;Ausência de reação do condutor;Saída de leito carroçável;Com Vítimas Feridas;Pleno dia;Decrescente;Nevoeiro/Neblina;Simples;"Declive;Curva;Em Obras";Não;1;0;0;1;0;0;1;1;-29,209391;-52,178665;SPRF-RS;DEL04-RS;UOP01-DEL04-RS
623923;27/08/2024;terça-feira;07:40:00;MG;381;873,8;ESTIVA;Velocidade Incompatível;Colisão com objeto;Com Vítimas Fatais;Pleno dia;Crescente;Céu Claro;Dupla;"Curva;Declive";Não;3;1;1;0;0;1;1;2;-22,450796;-46,000139;SPRF-MG;DEL16-MG;UOP01-DEL16-MG
623933;27/08/2024;terça-feira;07:00:00;CE;304;42,8;ARACATI;Demais falhas mecânicas ou elétricas;Tombamento;Com Vítimas Feridas;Amanhecer;Crescente;Céu Claro;Simples;Reta;Não;2;0;0;1;1;0;1;1;-4,57934524;-37,83355999;SPRF-CE;DEL03-CE;UOP03-DEL03-CE
623937;27/08/2024;terça-feira;08:00:00;AL;101;187,7;JUNQUEIRO;Velocidade Incompatível;Tombamento;Com Vítimas Feridas;Pleno dia;Decrescente;Céu Claro;Dupla;Curva;Não;2;0;1;0;0;1;1;2;-9,90106897;-36,46390303;SPRF-AL;DEL02-AL;UOP02-DEL02-AL
623938;27/08/2024;terça-feira;09:20:00;SC;101;15,7;GARUVA;Reação tardia ou ineficiente do condutor;Colisão traseira;Com Vítimas Feridas;Pleno dia;Decrescente;Céu Claro;Dupla;"Curva;Declive";Não;3;0;1;0;2;0;1;2;-26,10609917;-48,87224159;SPRF-SC;DEL03-SC;UOP01-DEL03-SC
623939;27/08/2024;terça-feira;08:20:00;PR;277;1;PARANAGUA;Mal súbito do condutor;Colisão traseira;Com Vítimas Feridas;Pleno dia;Crescente;Sol;Simples;Reta;Sim;3;0;1;0;1;5;1;7;-25,513926;-48,535961;SPRF-PR;DEL01-PR;UOP05-DEL01-PR
623944;27/08/2024;terça-feira;07:25:00;RS;158;313;ITAARA;Velocidade Incompatível;Tombamento;Com Vítimas Feridas;Pleno dia;Decrescente;Céu Claro;Dupla;Curva;Não;2;0;1;0;0;2;1;3;-29,63816702;-53,7664961;SPRF-RS;DEL09-RS;UOP01-DEL09-RS
623947;27/08/2024;terça-feira;07:40:00;RR;174;252;CARACARAI;Reação tardia ou ineficiente do condutor;Colisão lateral sentido oposto;Com Vítimas Fatais;Amanhecer;Crescente;Céu Claro;Simples;Reta;Não;2;1;0;0;1;0;0;2;1,24426031;-60,45530319;SPRF-RR;DEL01-RR;UOP01-DEL01-RR
623951;27/08/2024;terça-feira;08:00:00;PA;10;139;PARAGOMINAS;Reação tardia ou ineficiente do condutor;Saída de leito carroçável;Com Vítimas Feridas;Pleno dia;Crescente;Céu Claro;Simples;Reta;Não;2;0;1;0;0;1;1;2;-3,223135;-47,47963702;SPRF-PA;DEL02-PA;UOP01-DEL02-PA
623954;27/08/2024;terça-feira;12:00:00;RJ;101;62;CAMPOS DOS GOYTACAZES;Velocidade Incompatível;Colisão lateral mesmo sentido;Sem Vítimas;Pleno dia;Decrescente;Céu Claro;Dupla;Reta;Não;3;0;0;0;2;2;0;4;-21,73473386;-41,32504025;SPRF-RJ;DEL08-RJ;UOP01-DEL08-RJ
623956;27/08/2024;terça-feira;12:00:00;PR;277;0,5;PARANAGUA;Condutor deixou de manter distância do veículo da frente;Colisão traseira;Com Vítimas Feridas;Pleno dia;Decrescente;Céu Claro;Simples;Reta;Sim;4;0;0;1;2;3;1;6;-25,5205;-48,5095;SPRF-PR;DEL01-PR;UOP05-DEL01-PR
623962;27/08/2024;terça-feira;13:30:00;SC;101;48;PALHOCA;Velocidade Incompatível;Tombamento;Com Vítimas Feridas;Pleno dia;Crescente;Céu Claro;Simples;"Curva;Viaduto;Declive";Sim;2;0;1;0;0;1;1;2;-27,6427;-48,6695;SPRF-SC;DEL01-SC;UOP02-DEL01-SC
623965;27/08/2024;terça-feira;10:54:00;CE;116;14;FORTALEZA;Manobra de mudança de faixa;Colisão com objeto;Sem Vítimas;Pleno dia;Decrescente;Céu Claro;Múltipla;Reta;Sim;2;0;0;0;1;1;0;2;-3,86973356;-38,49827361;SPRF-CE;DEL01-CE;UOP02-DEL01-CE
623967;22/08/2024;quinta-feira;10:00:00;MS;163;744;COXIM;Carga excessiva e/ou mal acondicionada;Incêndio;Sem Vítimas;Pleno dia;Decrescente;Vento;Simples;Reta;Não;1;0;0;0;1;0;0;1;-18,40063993;-54,67229416;SPRF-MS;DEL06-MS;UOP01-DEL06-MS
623970;26/08/2024;segunda-feira;21:20:00;SC;101;216,2;PALHOCA;Acessar a via sem observar a presença dos outros veículos;Colisão transversal;Com Vítimas Feridas;Plena Noite;Crescente;Céu Claro;Dupla;Reta;Sim;2;0;0;1;1;0;1;2;-27,65184843;-48,67604941;SPRF-SC;DEL01-SC;UOP02-DEL01-SC
623972;24/06/2024;segunda-feira;12:30:00;SC;470;259,8;CURITIBANOS;Reação tardia ou ineficiente do condutor;Tombamento;Com Vítimas Feridas;Pleno dia;Decrescente;Chuva;Simples;"Declive;Curva";Não;2;0;0;1;0;1;1;2;-27,303122;-50,661118;SPRF-SC;DEL05-SC;UOP03-DEL05-SC
623973;27/08/2024;terça-feira;14:30:00;SC;101;121;ITAJAI;Ausência de reação do condutor;Colisão lateral mesmo sentido;Com Vítimas Feridas;Pleno dia;Decrescente;Céu Claro;Dupla;Reta;Sim;5;0;1;0;3;2;1;5;-26,92103178;-48,70856446;SPRF-SC;DEL04-SC;UOP04-DEL04-SC
623979;27/08/2024;terça-feira;15:10:00;MG;381;807,5;SAO GONCALO DO SAPUCAI;Condutor deixou de manter distância do veículo da frente;Colisão traseira;Com Vítimas Feridas;Pleno dia;Crescente;Céu Claro;Dupla;Reta;Não;5;0;4;0;1;0;4;2;-21,98366736;-45,64620497;SPRF-MG;DEL16-MG;UOP02-DEL16-MG
623990;27/08/2024;terça-feira;16:15:00;SP;153;73;SAO JOSE DO RIO PRETO;Manobra de mudança de faixa;Colisão traseira;Com Vítimas Feridas;Pleno dia;Decrescente;Sol;Dupla;Declive;Sim;4;0;0;1;1;3;1;5;-20,87627206;-49,42004692;SPRF-SP;DEL09-SP;UOP01-DEL09-SP
623992;27/08/2024;terça-feira;13:50:00;BA;116;548;MILAGRES;Problema com o freio;Colisão traseira;Com Vítimas Feridas;Pleno dia;Crescente;Céu Claro;Simples;"Curva;Declive";Não;3;0;1;0;1;2;1;4;-12,85201953;-39,84486464;SPRF-BA;DEL03-BA;UOP02-DEL03-BA
623993;27/08/2024;terça-feira;13:30:00;MT;70;211;GENERAL CARNEIRO;Demais falhas mecânicas ou elétricas;Saída de leito carroçável;Com Vítimas Feridas;Pleno dia;Crescente;Céu Claro;Simples;"Aclive;Reta;Em Obras";Não;1;0;1;0;0;0;1;1;-15,72354777;-53,81652081;SPRF-MT;DEL05-MT;UOP01-DEL05-MT
623997;27/08/2024;terça-feira;13:59:00;MT;364;497,5;JANGADA;Reação tardia ou ineficiente do condutor;Saída de leito carroçável;Sem Vítimas;Pleno dia;Crescente;Céu Claro;Simples;Reta;Não;1;0;0;0;1;0;0;1;-15,2702463;-56,4491103;SPRF-MT;DEL01-MT;UOP01-DEL01-MT
624007;27/08/2024;terça-feira;16:50:00;SC;116;258,2;LAGES;Transitar na contramão;Colisão lateral sentido oposto;Com Vítimas Feridas;Pleno dia;Decrescente;Céu Claro;Simples;"Aclive;Reta";Não;3;0;1;0;1;2;1;4;-27,89324692;-50,42299606;SPRF-SC;DEL05-SC;UOP02-DEL05-SC
624009;27/08/2024;terça-feira;15:30:00;PA;316;30,3;SANTA IZABEL DO PARA;Chuva;Saída de leito carroçável;Com Vítimas Feridas;Pleno dia;Crescente;Chuva;Dupla;Reta;Não;2;0;2;0;0;0;2;1;-1,30604012;-48,20471397;SPRF-PA;DEL01-PA;UOP01-DEL01-PA
624012;27/08/2024;terça-feira;16:00:00;ES;262;27,3;VIANA;Curva acentuada;Tombamento;Com Vítimas Feridas;Pleno dia;Crescente;Nublado;Simples;"Curva;Declive";Não;3;0;1;1;0;1;2;2;-20,38398959;-40,55226465;SPRF-ES;DEL01-ES;UOP01-DEL01-ES
624018;27/08/2024;terça-feira;18:40:00;RN;406;154;CEARA-MIRIM;Acessar a via sem observar a presença dos outros veículos;Atropelamento de Pedestre;Com Vítimas Feridas;Plena Noite;Crescente;Céu Claro;Simples;"Reta;Declive";Não;2;0;0;1;1;0;1;2;-5,67079426;-35,40552534;SPRF-RN;DEL02-RN;UOP01-DEL02-RN
624020;27/08/2024;terça-feira;18:10:00;MS;163;37,4;ELDORADO;Condutor deixou de manter distância do veículo da frente;Engavetamento;Com Vítimas Feridas;Plena Noite;Crescente;Céu Claro;Simples;"Aclive;Reta";Não;9;0;5;0;3;2;5;5;-23,80317571;-54,3038891;SPRF-MS;DEL09-MS;UOP02-DEL09-MS
624021;27/08/2024;terça-feira;19:10:00;RS;290;316,3;CACAPAVA DO SUL;Acessar a via sem observar a presença dos outros veículos;Colisão transversal;Com Vítimas Feridas;Plena Noite;Crescente;Céu Claro;Simples;"Interseção de Vias;Reta;Rotatória";Não;4;0;2;0;1;1;2;3;-30,36647885;-53,36238742;SPRF-RS;DEL09-RS;UOP02-DEL09-RS
624028;27/08/2024;terça-feira;16:40:00;MG;381;836;SAO SEBASTIAO DA BELA VISTA;Manobra de mudança de faixa;Colisão lateral mesmo sentido;Com Vítimas Feridas;Pleno dia;Crescente;Céu Claro;Dupla;"Reta;Aclive";Não;3;0;1;0;2;0;1;2;-22,17812195;-45,84097411;SPRF-MG;DEL16-MG;UOP01-DEL16-MG
624029;27/08/2024;terça-feira;19:15:00;CE;116;9;FORTALEZA;Ultrapassagem Indevida;Colisão lateral mesmo sentido;Com Vítimas Feridas;Plena Noite;Crescente;Céu Claro;Dupla;Reta;Sim;3;0;0;1;2;0;1;3;-3,82779096;-38,50486117;SPRF-CE;DEL01-CE;UOP02-DEL01-CE
624030;27/08/2024;terça-feira;19:40:00;RS;285;386,9;SANTA BARBARA DO SUL;Ausência de reação do condutor;Colisão frontal;Com Vítimas Fatais;Plena Noite;Crescente;Céu Claro;Simples;Curva;Não;4;1;1;1;0;1;2;3;-28,41710598;-53,20575982;SPRF-RS;DEL10-RS;UOP02-DEL10-RS
624034;27/08/2024;terça-feira;18:15:00;PR;277;408,3;CANDOI;Reação tardia ou ineficiente do condutor;Colisão frontal;Com Vítimas Fatais;Plena Noite;Crescente;Céu Claro;Simples;"Curva;Declive";Não;3;1;0;0;1;1;0;3;-25,42365;-52,03121;SPRF-PR;DEL04-PR;UOP02-DEL04-PR
624036;27/08/2024;terça-feira;15:11:00;RO;364;382;OURO PRETO DO OESTE;Condutor deixou de manter distância do veículo da frente;Colisão traseira;Com Vítimas Feridas;Pleno dia;Crescente;Céu Claro;Simples;Aclive;Não;3;0;0;1;1;1;1;3;-10,72605374;-62,23652595;SPRF-RO;DEL02-RO;UOP01-DEL02-RO
624039;27/08/2024;terça-feira;19:00:00;GO;364;22;SAO SIMAO;Carga excessiva e/ou mal acondicionada;Tombamento;Sem Vítimas;Plena Noite;Decrescente;Céu Claro;Dupla;"Rotatória;Curva;Interseção de Vias;Retorno Regulamentado";Não;1;0;0;0;1;0;0;1;-18,919422;-50,660488;SPRF-GO;DEL05-GO;UOP02-DEL05-GO
624045;27/08/2024;terça-feira;18:59:00;PR;373;247;GUAMIRANGA;Transitar na contramão;Colisão frontal;Com Vítimas Fatais;Plena Noite;Crescente;Céu Claro;Simples;Reta;Sim;3;1;0;0;1;1;0;3;-25,18752493;-50,81135988;SPRF-PR;DEL03-PR;UOP01-DEL03-PR
624046;27/08/2024;terça-feira;20:00:00;SP;116;190;SANTA ISABEL;Ausência de reação do condutor;Colisão traseira;Com Vítimas Feridas;Pleno dia;Crescente;Céu Claro;Múltipla;Reta;Sim;3;0;1;0;1;1;1;3;-23,36821879;-46,23367409;SPRF-SP;DEL01-SP;UOP01-DEL01-SP
624051;27/08/2024;terça-feira;20:15:00;BA;135;28;FORMOSA DO RIO PRETO;Manobra de mudança de faixa;Colisão frontal;Com Vítimas Fatais;Plena Noite;Decrescente;Céu Claro;Simples;Reta;Não;6;5;0;1;0;0;1;2;-11,06336098;-45,19219498;SPRF-BA;DEL10-BA;UOP01-DEL10-BA
624056;27/08/2024;terça-feira;20:40:00;MT;364;467;VARZEA GRANDE;Pedestre andava na pista;Atropelamento de Pedestre;Com Vítimas Fatais;Plena Noite;Crescente;Céu Claro;Simples;Reta;Não;3;1;0;0;1;1;0;3;-15,41893044;-56,34721752;SPRF-MT;DEL01-MT;UOP02-DEL01-MT
624059;27/08/2024;terça-feira;19:00:00;MG;381;492,2;BETIM;Manobra de mudança de faixa;Colisão lateral mesmo sentido;Com Vítimas Feridas;Plena Noite;Decrescente;Céu Claro;Múltipla;Reta;Sim;4;0;1;0;2;1;1;3;-19,96280108;-44,16465282;SPRF-MG;DEL01-MG;UOP03-DEL01-MG
624062;27/08/2024;terça-feira;22:30:00;MG;116;774,2;LEOPOLDINA;Velocidade Incompatível;Saída de leito carroçável;Com Vítimas Feridas;Plena Noite;Decrescente;Céu Claro;Simples;"Curva;Declive";Não;1;0;1;0;0;0;1;1;-21,57932128;-42,68264985;SPRF-MG;DEL07-MG;UOP01-DEL07-MG
624065;27/08/2024;terça-feira;22:00:00;PR;376;348;ORTIGUEIRA;Transitar na contramão;Tombamento;Com Vítimas Feridas;Plena Noite;Decrescente;Vento;Simples;Ponte;Não;3;0;1;0;1;2;1;4;-24,17447607;-50,965662;SPRF-PR;DEL07-PR;UOP02-DEL07-PR
624067;27/08/2024;terça-feira;22:30:00;MG;381;778,4;CAMPANHA;Condutor Dormindo;Saída de leito carroçável;Com Vítimas Feridas;Plena Noite;Decrescente;Céu Claro;Dupla;"Aclive;Reta";Não;2;0;2;0;0;0;2;1;-21,804084;-45,473612;SPRF-MG;DEL16-MG;UOP02-DEL16-MG
624070;28/08/2024;quarta-feira;00:05:00;RS;158;248,8;JULIO DE CASTILHOS;Demais falhas mecânicas ou elétricas;Colisão frontal;Com Vítimas Feridas;Plena Noite;Crescente;Nublado;Simples;Reta;Não;5;0;2;0;2;2;2;5;-29,10065701;-53,65178207;SPRF-RS;DEL10-RS;UOP02-DEL10-RS
624074;28/08/2024;quarta-feira;01:50:00;PR;376;667;GUARATUBA;Ausência de reação do condutor;Tombamento;Com Vítimas Feridas;Plena Noite;Crescente;Céu Claro;Dupla;"Curva;Declive";Não;2;0;2;0;0;0;2;1;-25,86649659;-48,94666822;SPRF-PR;DEL01-PR;UOP04-DEL01-PR
624076;28/08/2024;quarta-feira;03:59:00;TO;153;357;FORTALEZA DO TABOCAO;Ultrapassagem Indevida;Colisão frontal;Com Vítimas Fatais;Plena Noite;Crescente;Céu Claro;Simples;Reta;Não;13;1;0;0;11;1;0;4;-9,038343;-48,509452;SPRF-TO;DEL02-TO;UOP02-DEL02-TO
624077;28/08/2024;quarta-feira;03:47:00;PB;101;53,7;SANTA RITA;Deficiência do Sistema de Iluminação/Sinalização;Colisão traseira;Com Vítimas Feridas;Amanhecer;Crescente;Garoa/Chuvisco;Dupla;"Reta;Aclive";Não;6;0;0;1;5;0;1;2;-6,94606786;-35,09493776;SPRF-PB;DEL01-PB;UOP04-DEL01-PB
624088;28/08/2024;quarta-feira;04:10:00;RJ;116;325;ITATIAIA;Reação tardia ou ineficiente do condutor;Colisão traseira;Com Vítimas Feridas;Plena Noite;Decrescente;Céu Claro;Dupla;Reta;Sim;5;0;1;2;1;1;3;3;-22,49520164;-44,57034743;SPRF-RJ;DEL07-RJ;UOP02-DEL07-RJ
624089;27/08/2024;terça-feira;22:35:00;PA;163;576;TRAIRAO;Manobra de mudança de faixa;Colisão frontal;Com Vítimas Fatais;Plena Noite;Decrescente;Céu Claro;Simples;Curva;Sim;3;1;0;0;1;2;0;4;-5,01058521;-56,18168993;SPRF-PA;DEL05-PA;UOP03-DEL05-PA
624090;28/08/2024;quarta-feira;06:25:00;RS;392;4,7;RIO GRANDE;Acessar a via sem observar a presença dos outros veículos;Queda de ocupante de veículo;Com Vítimas Fatais;Amanhecer;Decrescente;Nevoeiro/Neblina;Simples;"Reta;Interseção de Vias";Sim;4;1;0;0;2;1;0;3;-32,06960295;-52,09547805;SPRF-RS;DEL07-RS;UOP02-DEL07-RS
624094;28/08/2024;quarta-feira;06:45:00;DF;251;22;BRASILIA;Transitar na contramão;Colisão lateral sentido oposto;Com Vítimas Feridas;Amanhecer;Decrescente;Céu Claro;Simples;"Reta;Ponte";Não;5;0;2;0;3;0;2;2;-15,966973;-47,65575;SPRF-DF;DEL01-DF;UOP01-DEL01-DF
624095;28/08/2024;quarta-feira;07:50:00;PE;101;80;JABOATAO DOS GUARARAPES;Trafegar com motocicleta (ou similar) entre as faixas;Colisão transversal;Com Vítimas Feridas;Pleno dia;Crescente;Céu Claro;Dupla;"Reta;Retorno Regulamentado";Sim;4;0;0;2;2;0;2;3;-8,15112589;-34,9428866;SPRF-PE;DEL01-PE;UOP01-DEL01-PE
624100;28/08/2024;quarta-feira;06:00:00;MG;40;523;CONTAGEM;Animais na Pista;Atropelamento de Animal;Sem Vítimas;Amanhecer;Decrescente;Céu Claro;Dupla;Reta;Não;2;0;0;0;0;2;0;2;-19,86874894;-44,05962197;SPRF-MG;DEL01-MG;UOP02-DEL01-MG
624102;28/08/2024;quarta-feira;07:20:00;RS;290;90;PORTO ALEGRE;Ausência de reação do condutor;Colisão traseira;Com Vítimas Feridas;Pleno dia;Crescente;Garoa/Chuvisco;Dupla;Reta;Não;5;0;1;0;3;1;1;5;-29,968319;-51,157398;SPRF-RS;DEL01-RS;UOP01-DEL01-RS
624110;28/08/2024;quarta-feira;05:35:00;MT;163;898;CLAUDIA;Ausência de reação do condutor;Saída de leito carroçável;Com Vítimas Feridas;Pleno dia;Crescente;Céu Claro;Simples;Reta;Não;1;0;1;0;0;0;1;1;-11,45182902;-55,35773689;SPRF-MT;DEL06-MT;UOP02-DEL06-MT
624112;28/08/2024;quarta-feira;08:40:00;MG;40;823,5;SIMAO PEREIRA;Reação tardia ou ineficiente do condutor;Saída de leito carroçável;Com Vítimas Feridas;Pleno dia;Crescente;Céu Claro;Dupla;Curva;Não;1;0;1;0;0;0;1;1;-21,9614888;-43,2986757;SPRF-MG;DEL05-MG;UOP01-DEL05-MG
624114;15/07/2024;segunda-feira;18:18:00;SC;101;105;PENHA;Manobra de mudança de faixa;Colisão lateral mesmo sentido;Com Vítimas Feridas;Anoitecer;Crescente;Chuva;Dupla;Reta;Não;3;0;1;0;2;0;1;2;-26,80215497;-48,67891041;SPRF-SC;DEL03-SC;UOP02-DEL03-SC
624116;28/06/2024;sexta-feira;12:00:00;RJ;40;122;DUQUE DE CAXIAS;Reação tardia ou ineficiente do condutor;Saída de leito carroçável;Com Vítimas Feridas;Pleno dia;Decrescente;Céu Claro;Múltipla;Reta;Sim;4;0;1;1;1;1;2;3;-22,79083113;-43,28611569;SPRF-RJ;DEL01-RJ;UOP02-DEL01-RJ
624119;28/08/2024;quarta-feira;08:05:00;PR;277;138;BALSA NOVA;Reação tardia ou ineficiente do condutor;Engavetamento;Sem Vítimas;Pleno dia;Crescente;Nevoeiro/Neblina;Dupla;Curva;Não;5;0;0;0;4;3;0;7;-25,475533;-49,71942;SPRF-PR;DEL03-PR;UOP03-DEL03-PR
624120;28/08/2024;quarta-feira;09:00:00;MT;70;522;VARZEA GRANDE;Acesso irregular;Colisão transversal;Sem Vítimas;Pleno dia;Crescente;Céu Claro;Simples;Reta;Sim;4;0;0;0;3;6;0;9;-15,6547233;-56,1910539;SPRF-MT;DEL01-MT;UOP02-DEL01-MT