id;data_inversa;dia_semana;horario;uf;br;km;municipio;causa_acidente;tipo_acidente;classificacao_acidente;fase_dia;sentido_via;condicao_metereologica;tipo_pista;tracado_via;uso_solo;pessoas;mortos;feridos_leves;feridos_graves;ilesos;ignorados;feridos;veiculos;latitude;longitude;regional;delegacia;uop
624752;31/08/2024;sábado;06:20:00;PE;104;31;TORITAMA;Ultrapassagem Indevida;Colisão frontal;Com Vítimas Fatais;Amanhecer;Crescente;Céu Claro;Simples;Reta;Sim;2;1;0;0;0;1;0;2;-8,0208;-36,0528;SPRF-PE;DEL02-PE;UOP01-DEL02-PE
624757;31/08/2024;sábado;06:20:00;MS;262;677;CORUMBA;Ausência de reação do condutor;Colisão com objeto;Com Vítimas Feridas;Pleno dia;Crescente;Sol;Simples;Reta;Não;3;0;0;1;1;2;1;4;-19,57347185;-57,17484493;SPRF-MS;DEL03-MS;UOP03-DEL03-MS
624758;31/08/2024;sábado;07:52:00;SC;101;34,7;JOINVILLE;Condutor deixou de manter distância do veículo da frente;Colisão traseira;Com Vítimas Feridas;Pleno dia;Decrescente;Nublado;Dupla;Curva;Não;3;0;2;0;0;1;2;2;-26,23667403;-48,91486706;SPRF-SC;DEL03-SC;UOP01-DEL03-SC
624762;31/08/2024;sábado;07:20:00;GO;60;138;GOIANIA;Desrespeitar a preferência no cruzamento;Colisão transversal;Com Vítimas Feridas;Pleno dia;Crescente;Céu Claro;Simples;Reta;Não;3;0;1;0;1;1;1;3;-16,6117;-49,2053;SPRF-GO;DEL01-GO;UOP01-DEL01-GO
624763;31/08/2024;sábado;04:20:00;MG;365;148;PIRAPORA;Ultrapassagem Indevida;Tombamento;Com Vítimas Feridas;Plena Noite;Crescente;Céu Claro;Simples;Reta;Não;1;0;1;0;0;0;1;1;-17,2736065;-44,86318856;SPRF-MG;DEL10-MG;UOP02-DEL010-MG
624765;31/08/2024;sábado;06:20:00;CE;222;127;ITAPAJE;Reação tardia ou ineficiente do condutor;Colisão traseira;Com Vítimas Feridas;Pleno dia;Decrescente;Céu Claro;Simples;"Reta;Aclive";Não;2;0;0;1;0;1;1;2;-3,70184137;-39,60669592;SPRF-CE;DEL04-CE;UOP03-DEL04-CE
624775;31/08/2024;sábado;08:20:00;MG;365;614;UBERLANDIA;Ingestão de álcool pelo condutor;Colisão frontal;Com Vítimas Feridas;Pleno dia;Crescente;Céu Claro;Simples;Reta;Não;4;0;1;0;2;1;1;3;-18,884602;-48,26594;SPRF-MG;DEL15-MG;UOP01-DEL15-MG
624779;31/08/2024;sábado;07:10:00;PR;153;118,9;IBAITI;Condutor Dormindo;Colisão frontal;Com Vítimas Feridas;Amanhecer;Crescente;Céu Claro;Simples;"Declive;Curva";Não;4;0;1;1;1;2;2;4;-23,91726498;-50,22691727;SPRF-PR;DEL07-PR;UOP04-DEL07-PR
624782;31/08/2024;sábado;09:15:00;PB;101;73,5;SANTA RITA;Acessar a via sem observar a presença dos outros veículos;Colisão transversal;Com Vítimas Feridas;Pleno dia;Crescente;Sol;Dupla;Retorno Regulamentado;Não;2;0;1;0;1;0;1;2;-7,07828212;-34,98823508;SPRF-PB;DEL01-PB;UOP04-DEL01-PB
624784;31/08/2024;sábado;06:00:00;MG;40;417,1;CURVELO;Ultrapassagem Indevida;Colisão transversal;Com Vítimas Feridas;Pleno dia;Crescente;Céu Claro;Simples;Reta;Não;3;0;2;0;1;0;2;2;-19,15620979;-44,59445792;SPRF-MG;DEL02-MG;UOP01-DEL02-MG
624785;19/08/2024;segunda-feira;14:16:00;MT;364;501,2;JANGADA;Ausência de reação do condutor;Colisão lateral mesmo sentido;Com Vítimas Feridas;Pleno dia;Decrescente;Céu Claro;Simples;Reta;Não;3;0;1;0;1;1;1;3;-15,24622376;-56,47574185;SPRF-MT;DEL01-MT;UOP01-DEL01-MT
624790;08/08/2024;quinta-feira;05:00:00;ES;101;159;LINHARES;Ingestão de álcool pelo condutor;Colisão traseira;Com Vítimas Feridas;Plena Noite;Decrescente;Céu Claro;Simples;Reta;Sim;3;0;1;0;0;2;1;3;-19,4684012;-40,1102557;SPRF-ES;DEL04-ES;UOP01-DEL04-ES
624795;31/08/2024;sábado;08:50:00;PR;277;592;CASCAVEL;Carga excessiva e/ou mal acondicionada;Tombamento;Com Vítimas Feridas;Pleno dia;Decrescente;Céu Claro;Simples;"Reta;Aclive";Sim;2;0;1;0;0;1;1;2;-24,9830035;-53,4737159;SPRF-PR;DEL04-PR;UOP01-DEL04-PR
624796;31/08/2024;sábado;08:05:00;RS;153;44,4;ERECHIM;Desrespeitar a preferência no cruzamento;Colisão transversal;Com Vítimas Feridas;Pleno dia;Decrescente;Céu Claro;Simples;Rotatória;Não;3;0;0;2;1;0;2;2;-27,62312752;-52,23687793;SPRF-RS;DEL08-RS;UOP04-DEL08-RS
624806;31/08/2024;sábado;05:57:00;MG;116;174;PADRE PARAISO;Ausência de reação do condutor;Colisão lateral sentido oposto;Sem Vítimas;Amanhecer;Crescente;Céu Claro;Simples;Curva;Não;3;0;0;0;2;1;0;3;-17,04942509;-41,45498489;SPRF-MG;DEL11-MG;UOP02-DEL11-MG
624808;31/08/2024;sábado;10:30:00;SC;101;116;ITAJAI;Reação tardia ou ineficiente do condutor;Colisão traseira;Com Vítimas Feridas;Pleno dia;Crescente;Céu Claro;Múltipla;Reta;Sim;16;0;2;0;13;1;2;11;-26,87905605;-48,72603512;SPRF-SC;DEL04-SC;UOP04-DEL04-SC
624813;31/08/2024;sábado;10:00:00;SP;488;3;APARECIDA;Ausência de reação do condutor;Colisão traseira;Sem Vítimas;Pleno dia;Decrescente;Céu Claro;Dupla;Reta;Sim;2;0;0;0;2;0;0;2;-22,855059;-45,243423;SPRF-SP;DEL08-SP;UOP01-DEL08-SP
624819;31/08/2024;sábado;11:25:00;MG;381;451,6;SABARA;Acessar a via sem observar a presença dos outros veículos;Colisão transversal;Com Vítimas Feridas;Pleno dia;Decrescente;Céu Claro;Simples;Curva;Sim;5;0;3;0;1;2;3;4;-19,83393315;-43,8485384;SPRF-MG;DEL01-MG;UOP01-DEL01-MG
624820;31/08/2024;sábado;11:15:00;MG;116;708,8;MURIAE;Velocidade Incompatível;Tombamento;Com Vítimas Fatais;Pleno dia;Crescente;Céu Claro;Simples;Curva;Não;5;1;3;0;0;1;3;3;-21,167631;-42,37091;SPRF-MG;DEL07-MG;UOP02-DEL07-MG
624821;31/08/2024;sábado;11:00:00;SC;470;66;INDAIAL;Condutor Dormindo;Colisão traseira;Com Vítimas Feridas;Pleno dia;Decrescente;Céu Claro;Dupla;"Em Obras;Declive";Sim;4;0;1;0;3;0;1;3;-26,87265988;-49,2318821;SPRF-SC;DEL04-SC;UOP01-DEL04-SC
624827;31/08/2024;sábado;13:10:00;MG;381;491,2;BETIM;Manobra de mudança de faixa;Colisão lateral mesmo sentido;Sem Vítimas;Pleno dia;Decrescente;Céu Claro;Dupla;"Aclive;Reta";Sim;3;0;0;0;2;2;0;4;-19,95958419;-44,15244341;SPRF-MG;DEL01-MG;UOP03-DEL01-MG
624832;31/08/2024;sábado;02:20:00;PE;316;113;BODOCO;Manobra de mudança de faixa;Tombamento;Com Vítimas Feridas;Plena Noite;Decrescente;Céu Claro;Simples;"Reta;Aclive";Não;2;0;1;0;0;1;1;2;-7,98338221;-39,83930609;SPRF-PE;DEL05-PE;UOP02-DEL05-PE
624833;31/08/2024;sábado;13:40:00;RS;470;156;NOVA PRATA;Manobra de mudança de faixa;Colisão lateral mesmo sentido;Com Vítimas Feridas;Pleno dia;Decrescente;Nublado;Dupla;"Curva;Aclive";Não;3;0;2;0;1;0;2;2;-28,78874508;-51,61532195;SPRF-RS;DEL06-RS;UOP02-DEL06-RS
624839;31/08/2024;sábado;10:20:00;BA;116;928;ENCRUZILHADA;Reação tardia ou ineficiente do condutor;Saída de leito carroçável;Com Vítimas Feridas;Pleno dia;Decrescente;Céu Claro;Simples;Reta;Não;2;0;1;0;0;1;1;2;-15,56937396;-41,26974608;SPRF-BA;DEL08-BA;UOP03-DEL08-BA
624843;31/08/2024;sábado;13:40:00;RS;285;324,4;PASSO FUNDO;Velocidade Incompatível;Colisão lateral mesmo sentido;Com Vítimas Feridas;Pleno dia;Decrescente;Céu Claro;Simples;Reta;Não;5;0;2;0;2;2;2;5;-28,269268;-52,659126;SPRF-RS;DEL08-RS;UOP03-DEL08-RS
624848;31/08/2024;sábado;15:00:00;ES;101;270;SERRA;Ausência de reação do condutor;Colisão traseira;Com Vítimas Feridas;Pleno dia;Crescente;Céu Claro;Múltipla;Reta;Não;6;0;2;0;3;1;2;4;-20,22662056;-40,27075088;SPRF-ES;DEL02-ES;UOP01-DEL02-ES
624852;31/08/2024;sábado;11:00:00;PA;316;52;CASTANHAL;Ausência de reação do condutor;Colisão traseira;Sem Vítimas;Pleno dia;Crescente;Céu Claro;Dupla;Reta;Não;2;0;0;0;2;0;0;2;-1,30732485;-48,02586802;SPRF-PA;DEL01-PA;UOP01-DEL01-PA
624867;31/08/2024;sábado;15:50:00;PR;116;70;CAMPINA GRANDE DO SUL;Ingestão de álcool pelo condutor;Colisão traseira;Sem Vítimas;Pleno dia;Decrescente;Céu Claro;Dupla;"Reta;Aclive";Não;3;0;0;0;2;1;0;3;-25,33849717;-49,03792883;SPRF-PR;DEL01-PR;UOP02-DEL01-PR
624874;31/08/2024;sábado;17:00:00;MG;381;927;ITAPEVA;Condutor Dormindo;Colisão com objeto;Com Vítimas Feridas;Pleno dia;Crescente;Céu Claro;Dupla;Curva;Sim;2;0;1;0;0;1;1;2;-22,76733116;-46,21855617;SPRF-MG;DEL16-MG;UOP03-DEL16-MG
624875;31/08/2024;sábado;14:50:00;SP;116;545;BARRA DO TURVO;Reação tardia ou ineficiente do condutor;Tombamento;Com Vítimas Feridas;Pleno dia;Decrescente;Céu Claro;Simples;"Curva;Declive";Não;2;0;1;0;0;1;1;2;-24,95016699;-48,42400302;SPRF-SP;DEL05-SP;UOP02-DEL05-SP
624886;31/08/2024;sábado;16:50:00;MG;381;690,2;LAVRAS;Condutor usando celular;Tombamento;Com Vítimas Feridas;Pleno dia;Crescente;Céu Claro;Simples;Reta;Não;1;0;1;0;0;0;1;1;-21,23347701;-45,13482496;SPRF-MG;DEL04-MG;UOP02-DEL04-MG
624887;31/08/2024;sábado;16:45:00;MS;262;679;CORUMBA;Ausência de reação do condutor;Engavetamento;Com Vítimas Feridas;Pleno dia;Crescente;Céu Claro;Simples;Reta;Não;4;0;2;0;1;5;2;8;-19,56491365;-57,19149379;SPRF-MS;DEL03-MS;UOP03-DEL03-MS
624892;31/08/2024;sábado;16:09:00;AM;174;991;PRESIDENTE FIGUEIREDO;Ingestão de álcool pelo condutor;Queda de ocupante de veículo;Com Vítimas Feridas;Pleno dia;Crescente;Céu Claro;Simples;Ponte;Sim;4;0;2;0;1;3;2;5;-2,04880208;-60,02601638;SPRF-AM;DEL01-AM;UOP02-DEL01-AM
624898;31/08/2024;sábado;14:40:00;BA;242;352;LENCOIS;Velocidade Incompatível;Tombamento;Com Vítimas Feridas;Pleno dia;Decrescente;Nublado;Simples;Curva;Não;2;0;0;1;0;1;1;2;-12,49505749;-41,31194795;SPRF-BA;DEL06-BA;UOP02-DEL06-BA
624901;31/08/2024;sábado;19:00:00;MG;381;492,9;BETIM;Ausência de reação do condutor;Colisão traseira;Com Vítimas Feridas;Plena Noite;Crescente;Céu Claro;Múltipla;Reta;Não;4;0;1;0;2;1;1;3;-19,963803;-44,16907;SPRF-MG;DEL01-MG;UOP03-DEL01-MG
624916;31/08/2024;sábado;21:00:00;CE;226;257,5;TAUA;Demais falhas mecânicas ou elétricas;Capotamento;Com Vítimas Feridas;Plena Noite;Decrescente;Céu Claro;Simples;"Declive;Curva";Não;1;0;1;0;0;0;1;1;-5,43923312;-40,01332389;SPRF-CE;DEL02-CE;UOP02-DEL02-CE
624918;31/08/2024;sábado;13:31:00;PA;163;530,9;TRAIRAO;Ausência de reação do condutor;Saída de leito carroçável;Com Vítimas Fatais;Pleno dia;Crescente;Céu Claro;Simples;"Reta;Ponte";Não;2;1;0;0;0;3;0;4;-5,30426053;-55,96884664;SPRF-PA;DEL05-PA;UOP03-DEL05-PA
624920;24/08/2024;sábado;05:10:00;BA;101;231;SAPEACU;Ausência de reação do condutor;Colisão frontal;Com Vítimas Feridas;Pleno dia;Decrescente;Nevoeiro/Neblina;Simples;Reta;Não;2;0;0;1;1;0;1;2;-12,84349412;-39,20479086;SPRF-BA;DEL01-BA;UOP02-DEL01-BA
624931;31/08/2024;sábado;21:50:00;PB;230;10,7;CABEDELO;Ausência de reação do condutor;Colisão traseira;Com Vítimas Feridas;Plena Noite;Crescente;Céu Claro;Dupla;Reta;Sim;4;0;0;1;3;0;1;2;-7,0514;-34,8499;SPRF-PB;DEL01-PB;UOP01-DEL01-PB
624937;31/08/2024;sábado;20:40:00;PR;277;676;MEDIANEIRA;Reação tardia ou ineficiente do condutor;Colisão traseira;Com Vítimas Feridas;Plena Noite;Crescente;Céu Claro;Dupla;Reta;Não;3;0;0;1;1;1;1;3;-25,3032461;-54,13195494;SPRF-PR;DEL05-PR;UOP01-DEL05-PR
624962;31/08/2024;sábado;23:20:00;MS;163;467;CAMPO GRANDE;Ausência de reação do condutor;Colisão traseira;Com Vítimas Feridas;Plena Noite;Crescente;Céu Claro;Simples;Reta;Não;2;0;1;0;1;0;1;2;-20,57932863;-54,57695024;SPRF-MS;DEL01-MS;UOP01-DEL01-MS
624970;31/08/2024;sábado;20:30:00;MG;262;552,4;LUZ;Velocidade Incompatível;Tombamento;Com Vítimas Fatais;Plena Noite;Decrescente;Céu Claro;Simples;"Curva;Declive";Não;2;1;0;0;0;1;0;2;-19,711942;-45,910692;SPRF-MG;DEL08-MG;UOP02-DEL08-MG
624974;01/09/2024;domingo;01:50:00;SP;116;153,3;SAO JOSE DOS CAMPOS;Ingestão de álcool pelo condutor;Colisão traseira;Sem Vítimas;Plena Noite;Crescente;Céu Claro;Múltipla;Reta;Sim;2;0;0;0;2;0;0;2;-23,23262274;-45,91372624;SPRF-SP;DEL02-SP;UOP01-DEL02-SP
624984;01/09/2024;domingo;04:15:00;MG;50;184;UBERABA;Condutor Dormindo;Colisão traseira;Com Vítimas Feridas;Plena Noite;Decrescente;Céu Claro;Dupla;Reta;Não;4;0;0;1;2;2;1;4;-19,80945315;-47,90078523;SPRF-MG;DEL13-MG;UOP01-DEL13-MG
624986;01/09/2024;domingo;00:00:00;PA;316;198;SANTA LUZIA DO PARA;Transitar na contramão;Colisão frontal;Com Vítimas Fatais;Plena Noite;Decrescente;Nublado;Simples;Reta;Sim;3;1;0;0;1;1;0;3;-1,52589977;-46,89748377;SPRF-PA;DEL01-PA;UOP03-DEL01-PA
624990;01/09/2024;domingo;05:00:00;BA;242;796;BARREIRAS;Ausência de reação do condutor;Colisão lateral sentido oposto;Com Vítimas Fatais;Amanhecer;Crescente;Céu Claro;Simples;Reta;Não;2;1;0;0;0;1;0;2;-12,12084;-45,03835;SPRF-BA;DEL10-BA;UOP01-DEL10-BA
625009;01/09/2024;domingo;06:30:00;BA;116;802,1;VITORIA DA CONQUISTA;Condutor Dormindo;Colisão lateral sentido oposto;Com Vítimas Feridas;Pleno dia;Crescente;Céu Claro;Simples;Reta;Não;4;0;1;0;2;2;1;4;-14,75761933;-40,69211483;SPRF-BA;DEL08-BA;UOP02-DEL08-BA
625017;01/09/2024;domingo;06:40:00;PR;277;19;MORRETES;Reação tardia ou ineficiente do condutor;Tombamento;Com Vítimas Feridas;Pleno dia;Decrescente;Céu Claro;Dupla;Reta;Não;2;0;1;0;0;1;1;2;-25,55787847;-48,65324572;SPRF-PR;DEL01-PR;UOP05-DEL01-PR
625021;31/08/2024;sábado;19:35:00;PR;277;119,7;CAMPO LARGO;Deficiência do Sistema de Iluminação/Sinalização;Incêndio;Sem Vítimas;Anoitecer;Decrescente;Céu Claro;Dupla;Reta;Não;2;0;0;0;1;1;0;2;-25,43705738;-49,54575352;SPRF-PR;DEL03-PR;UOP03-DEL03-PR
625028;01/09/2024;domingo;08:00:00;MT;163;546;DIAMANTINO;Acessar a via sem observar a presença dos outros veículos;Colisão lateral mesmo sentido;Com Vítimas Feridas;Amanhecer;Decrescente;Céu Claro;Simples;Reta;Não;8;0;6;0;1;1;6;3;-14,34231194;-56,14794124;SPRF-MT;DEL01-MT;UOP01-DEL01-MT
625029;01/09/2024;domingo;09:00:00;SP;116;229;SAO PAULO;Manobra de mudança de faixa;Colisão lateral mesmo sentido;Com Vítimas Feridas;Pleno dia;Decrescente;Céu Claro;Múltipla;Reta;Sim;3;0;1;0;1;1;1;3;-23,51291902;-46,57604698;SPRF-SP;DEL01-SP;UOP01-DEL01-SP
625032;01/09/2024;domingo;07:45:00;RJ;40;31,9;AREAL;Velocidade Incompatível;Saída de leito carroçável;Com Vítimas Feridas;Pleno dia;Crescente;Sol;Simples;Curva;Não;2;0;0;1;0;1;1;2;-22,19936551;-43,15850258;SPRF-RJ;DEL05-RJ;UOP02-DEL05-RJ
625035;01/09/2024;domingo;08:30:00;BA;324;545;AMELIA RODRIGUES;Reação tardia ou ineficiente do condutor;Saída de leito carroçável;Com Vítimas Feridas;Pleno dia;Crescente;Chuva;Dupla;Declive;Sim;4;0;2;0;0;2;2;3;-12,40647;-38,753143;SPRF-BA;DEL01-BA;UOP03-DEL01-BA
625041;01/09/2024;domingo;10:20:00;PR;376;667,9;GUARATUBA;Reação tardia ou ineficiente do condutor;Engavetamento;Com Vítimas Fatais;Pleno dia;Crescente;Céu Claro;Dupla;"Reta;Declive";Não;12;1;0;0;10;5;0;12;-25,86657722;-48,94676864;SPRF-PR;DEL01-PR;UOP04-DEL01-PR
625052;01/09/2024;domingo;10:33:00;SP;153;287,5;OCAUCU;Acesso irregular;Colisão transversal;Com Vítimas Feridas;Pleno dia;Decrescente;Céu Claro;Simples;Declive;Não;3;0;1;1;1;0;2;2;-22,46683224;-49,88292673;SPRF-SP;DEL07-SP;UOP02-DEL07-SP
625057;04/08/2024;domingo;05:50:00;GO;153;73;PORANGATU;Suicídio (presumido);Colisão frontal;Com Vítimas Fatais;Amanhecer;Crescente;Céu Claro;Simples;Reta;Não;3;1;1;0;0;11;1;13;-13,475327;-49,136101;SPRF-GO;DEL07-GO;UOP01-DEL07-GO
625072;01/09/2024;domingo;14:30:00;TO;153;642;DUERE;Problema com o freio;Incêndio;Sem Vítimas;Pleno dia;Crescente;Céu Claro;Simples;Reta;Não;2;0;0;0;1;1;0;2;-11,46566581;-48,99516856;SPRF-TO;DEL01-TO;UOP02-DEL01-TO
625077;01/09/2024;domingo;14:40:00;MG;381;833,8;SAO SEBASTIAO DA BELA VISTA;Manobra de mudança de faixa;Colisão lateral mesmo sentido;Sem Vítimas;Pleno dia;Decrescente;Sol;Dupla;Reta;Não;2;0;0;0;2;0;0;2;-22,15829896;-45,82738805;SPRF-MG;DEL16-MG;UOP01-DEL16-MG
625078;01/09/2024;domingo;09:10:00;PA;222;75,7;RONDON DO PARA;Ausência de reação do condutor;Colisão traseira;Com Vítimas Fatais;Pleno dia;Decrescente;Céu Claro;Simples;Reta;Não;3;1;0;0;1;3;0;5;-4,604771;-47,873219;SPRF-PA;DEL02-PA;UOP02-DEL02-PA
625080;01/09/2024;domingo;14:10:00;PR;376;168;MARINGA;Conversão proibida;Colisão lateral mesmo sentido;Com Vítimas Feridas;Pleno dia;Crescente;Céu Claro;Múltipla;Reta;Sim;5;0;1;0;3;1;1;4;-23,409788;-51,987453;SPRF-PR;DEL09-PR;UOP01-DEL09-PR
625084;01/09/2024;domingo;15:30:00;TO;153;247;COLINAS DO TOCANTINS;Manobra de mudança de faixa;Colisão lateral mesmo sentido;Com Vítimas Feridas;Pleno dia;Crescente;Céu Claro;Múltipla;Curva;Sim;3;0;1;0;2;0;1;2;-8,07216465;-48,46725762;SPRF-TO;DEL02-TO;UOP02-DEL02-TO
625091;01/09/2024;domingo;12:20:00;MG;116;211;CATUJI;Manobra de mudança de faixa;Colisão lateral mesmo sentido;Com Vítimas Feridas;Pleno dia;Crescente;Céu Claro;Simples;Reta;Não;8;0;1;0;6;1;1;4;-17,338982;-41,531512;SPRF-MG;DEL11-MG;UOP01-DEL11-MG
625093;01/09/2024;domingo;14:35:00;PI;343;319;ALTOS;Manobra de mudança de faixa;Saída de leito carroçável;Com Vítimas Feridas;Pleno dia;Crescente;Céu Claro;Simples;Curva;Não;7;0;6;0;1;0;6;2;-5,048245;-42,560604;SPRF-PI;DEL01-PI;UOP01-DEL01-PI
625102;01/09/2024;domingo;15:35:00;AL;101;157;CAMPO ALEGRE;Mal súbito do condutor;Saída de leito carroçável;Com Vítimas Feridas;Pleno dia;Crescente;Céu Claro;Dupla;Reta;Não;2;0;1;0;0;1;1;2;-9,90077109;-36,21110096;SPRF-AL;DEL02-AL;UOP02-DEL02-AL
625115;01/09/2024;domingo;17:10:00;MG;381;395,8;BOM JESUS DO AMPARO;Velocidade Incompatível;Saída de leito carroçável;Com Vítimas Feridas;Pleno dia;Crescente;Nublado;Dupla;Curva;Não;3;0;0;2;0;3;2;4;-19,766856;-43,4576479;SPRF-MG;DEL01-MG;UOP01-DEL01-MG
625116;01/09/2024;domingo;18:10:00;PA;230;124;MARABA;Acesso irregular;Colisão com objeto;Sem Vítimas;Pleno dia;Crescente;Céu Claro;Simples;Reta;Sim;2;0;0;0;1;1;0;2;-5,37407079;-49,13575802;SPRF-PA;DEL03-PA;UOP01-DEL03-PA
625120;01/09/2024;domingo;17:20:00;MA;316;422,9;PERITORO;Reação tardia ou ineficiente do condutor;Colisão frontal;Com Vítimas Fatais;Pleno dia;Decrescente;Céu Claro;Simples;Reta;Não;6;1;0;1;1;4;1;5;-4,361037;-44,356178;SPRF-MA;DEL03-MA;UOP01-DEL03-MA
625134;01/09/2024;domingo;18:41:00;GO;50;281,7;CATALAO;Velocidade Incompatível;Engavetamento;Com Vítimas Fatais;Plena Noite;Decrescente;Céu Claro;Simples;"Em Obras;Reta;Aclive";Sim;10;2;3;2;2;4;5;8;-18,1838;-47,9441;SPRF-GO;DEL06-GO;UOP01-DEL06-GO
625137;18/05/2024;sábado;07:50:00;SP;116;202;ARUJA;Reação tardia ou ineficiente do condutor;Colisão lateral mesmo sentido;Com Vítimas Feridas;Amanhecer;Decrescente;Céu Claro;Dupla;Reta;Não;3;0;1;0;2;0;1;2;-23,40809408;-46,33859597;SPRF-SP;DEL01-SP;UOP01-DEL01-SP
625148;01/09/2024;domingo;15:00:00;MG;116;633,7;DIVINO;Velocidade Incompatível;Colisão lateral sentido oposto;Com Vítimas Feridas;Pleno dia;Crescente;Nublado;Simples;Curva;Não;4;0;0;2;1;2;2;4;-20,61019609;-42,21031063;SPRF-MG;DEL07-MG;UOP02-DEL07-MG
625152;01/09/2024;domingo;19:15:00;MG;381;557,8;ITAGUARA;Ingestão de álcool pelo condutor;Colisão traseira;Sem Vítimas;Plena Noite;Decrescente;Céu Claro;Dupla;Reta;Sim;3;0;0;0;2;1;0;3;-20,36904195;-44,46938756;SPRF-MG;DEL04-MG;UOP03-DEL04-MG
625158;01/09/2024;domingo;18:40:00;BA;242;764;BARREIRAS;Reação tardia ou ineficiente do condutor;Tombamento;Com Vítimas Feridas;Plena Noite;Decrescente;Céu Claro;Simples;Reta;Não;2;0;0;1;0;2;1;3;-12,16559035;-44,56501313;SPRF-BA;DEL10-BA;UOP01-DEL10-BA
625164;01/09/2024;domingo;17:00:00;SC;116;55;PAPANDUVA;Reação tardia ou ineficiente do condutor;Colisão lateral sentido oposto;Com Vítimas Feridas;Anoitecer;Crescente;Céu Claro;Simples;Reta;Não;3;0;1;0;1;1;1;3;-26,39272091;-50,17465998;SPRF-SC;DEL06-SC;UOP02-DEL06-SC
625168;01/09/2024;domingo;18:35:00;MT;163;953,4;NOVA SANTA HELENA;Estacionar ou parar em local proibido;Saída de leito carroçável;Com Vítimas Feridas;Plena Noite;Crescente;Céu Claro;Simples;Declive;Não;4;0;1;0;0;5;1;6;-10,87039;-55,19615;SPRF-MT;DEL06-MT;UOP02-DEL06-MT
625170;01/09/2024;domingo;20:25:00;MG;251;314;SALINAS;Reação tardia ou ineficiente do condutor;Colisão lateral mesmo sentido;Com Vítimas Feridas;Plena Noite;Crescente;Céu Claro;Simples;Reta;Não;2;0;1;0;1;0;1;2;-16,17461813;-42,33191425;SPRF-MG;DEL12-MG;UOP02-DEL12-MG
625174;01/09/2024;domingo;20:25:00;MG;381;621,3;OLIVEIRA;Ausência de reação do condutor;Colisão traseira;Com Vítimas Feridas;Plena Noite;Crescente;Nublado;Dupla;"Reta;Aclive";Não;3;0;1;0;1;1;1;3;-20,76482184;-44,77958679;SPRF-MG;DEL04-MG;UOP01-DEL04-MG
625177;01/09/2024;domingo;19:18:00;PI;316;9;TERESINA;Estacionar ou parar em local proibido;Colisão traseira;Com Vítimas Feridas;Plena Noite;Decrescente;Céu Claro;Dupla;Reta;Sim;3;0;1;0;1;2;1;4;-5,17381686;-42,76624952;SPRF-PI;DEL01-PI;UOP02-DEL01-PI
625191;01/09/2024;domingo;17:30:00;RJ;101;18,4;CAMPOS DOS GOYTACAZES;Ausência de reação do condutor;Colisão frontal;Com Vítimas Feridas;Pleno dia;Decrescente;Sol;Simples;Curva;Sim;3;0;0;1;1;2;1;4;-21,36674798;-41,33782488;SPRF-RJ;DEL08-RJ;UOP01-DEL08-RJ
625195;01/09/2024;domingo;18:20:00;MG;40;222;SAO GONCALO DO ABAETE;Demais falhas mecânicas ou elétricas;Saída de leito carroçável;Com Vítimas Feridas;Plena Noite;Decrescente;Céu Claro;Simples;Reta;Não;2;0;1;0;0;2;1;3;-17,96866701;-45,632118;SPRF-MG;DEL14-MG;UOP02-DEL14-MG
625198;01/09/2024;domingo;22:47:00;SP;116;284,7;EMBU DAS ARTES;Manobra de mudança de faixa;Colisão traseira;Com Vítimas Feridas;Plena Noite;Decrescente;Céu Claro;Dupla;Reta;Não;2;0;1;0;0;1;1;2;-23,69998;-46,867767;SPRF-SP;DEL04-SP;UOP01-DEL04-SP
625206;01/09/2024;domingo;22:10:00;MG;116;561;MANHUACU;Transitar na contramão;Colisão frontal;Com Vítimas Feridas;Plena Noite;Crescente;Céu Claro;Simples;"Reta;Declive";Sim;3;0;0;1;1;1;1;3;-20,04079579;-42,17396159;SPRF-MG;DEL06-MG;UOP03-DEL06-MG
625210;02/09/2024;segunda-feira;01:20:00;SP;116;109,4;TAUBATE;Suicídio (presumido);Atropelamento de Pedestre;Com Vítimas Fatais;Plena Noite;Crescente;Céu Claro;Dupla;Reta;Sim;2;1;0;0;0;1;0;2;-23,02871304;-45,54517097;SPRF-SP;DEL02-SP;UOP02-DEL02-SP
625216;02/09/2024;segunda-feira;03:30:00;RJ;101;201;CASIMIRO DE ABREU;Fumaça;Colisão traseira;Sem Vítimas;Plena Noite;Crescente;Nevoeiro/Neblina;Múltipla;Reta;Não;3;0;0;0;2;1;0;3;-22,47879216;-42,15282907;SPRF-RJ;DEL08-RJ;UOP04-DEL08-RJ
625220;02/09/2024;segunda-feira;05:00:00;RJ;40;113;DUQUE DE CAXIAS;Ausência de reação do condutor;Colisão traseira;Com Vítimas Feridas;Amanhecer;Crescente;Nublado;Dupla;Reta;Não;4;0;1;0;3;0;1;4;-22,70948502;-43,29040354;SPRF-RJ;DEL01-RJ;UOP02-DEL01-RJ
625221;02/09/2024;segunda-feira;05:45:00;CE;222;55;SAO GONCALO DO AMARANTE;Condutor Dormindo;Colisão frontal;Com Vítimas Fatais;Pleno dia;Decrescente;Céu Claro;Dupla;Reta;Não;4;2;0;0;1;1;0;3;-3,66940167;-39,03637001;SPRF-CE;DEL01-CE;UOP03-DEL01-CE
625224;02/09/2024;segunda-feira;00:35:00;BA;30;444;UBAITABA;Velocidade Incompatível;Colisão traseira;Com Vítimas Fatais;Plena Noite;Decrescente;Céu Claro;Simples;Reta;Não;5;1;1;0;2;1;1;3;-14,304423;-39,323254;SPRF-BA;DEL08-BA;UOP01-DEL08-BA
625235;02/09/2024;segunda-feira;07:15:00;MA;135;6;SAO LUIS;Frear bruscamente;Engavetamento;Sem Vítimas;Pleno dia;Decrescente;Sol;Dupla;Reta;Sim;3;0;0;0;3;0;0;3;-2,62877986;-44,26321818;SPRF-MA;DEL01-MA;UOP01-DEL01-MA