id;data_inversa;dia_semana;horario;uf;br;km;municipio;causa_acidente;tipo_acidente;classificacao_acidente;fase_dia;sentido_via;condicao_metereologica;tipo_pista;tracado_via;uso_solo;pessoas;mortos;feridos_leves;feridos_graves;ilesos;ignorados;feridos;veiculos;latitude;longitude;regional;delegacia;uop
625562;03/09/2024;terça-feira;18:53:00;TO;10;463,5;PALMAS;Ausência de reação do condutor;Colisão frontal;Com Vítimas Fatais;Anoitecer;Decrescente;Céu Claro;Simples;Reta;Sim;3;1;0;0;2;0;0;2;-10,23735893;-48,31217408;SPRF-TO;DEL01-TO;UOP03-DEL01-TO
625567;03/09/2024;terça-feira;18:50:00;MS;163;23;MUNDO NOVO;Velocidade Incompatível;Colisão traseira;Com Vítimas Feridas;Plena Noite;Crescente;Céu Claro;Simples;Reta;Não;5;0;1;1;2;1;2;3;-23,90417813;-54,30157316;SPRF-MS;DEL09-MS;UOP02-DEL09-MS
625569;21/07/2024;domingo;15:30:00;PI;316;287;DOM EXPEDITO LOPES;Acessar a via sem observar a presença dos outros veículos;Colisão transversal;Com Vítimas Feridas;Pleno dia;Decrescente;Céu Claro;Simples;"Reta;Interseção de Vias";Sim;2;0;0;1;0;1;1;2;-6,97750323;-41,63837027;SPRF-PI;DEL04-PI;UOP01-DEL04-PI
625573;03/09/2024;terça-feira;18:20:00;BA;116;832;VITORIA DA CONQUISTA;Acessar a via sem observar a presença dos outros veículos;Colisão transversal;Com Vítimas Feridas;Plena Noite;Crescente;Céu Claro;Simples;"Interseção de Vias;Rotatória";Não;7;0;2;0;3;2;2;5;-14,93052088;-40,88699341;SPRF-BA;DEL08-BA;UOP01-DEL08-BA
625577;03/09/2024;terça-feira;18:10:00;PR;369;32,4;CAMBARA;Ausência de reação do condutor;Colisão lateral sentido oposto;Com Vítimas Feridas;Plena Noite;Decrescente;Céu Claro;Simples;Curva;Não;4;0;1;0;2;1;1;4;-23,02877758;-50,03946304;SPRF-PR;DEL07-PR;UOP05-DEL07-PR
625580;03/09/2024;terça-feira;20:15:00;SC;101;172;TIJUCAS;Condutor Dormindo;Colisão traseira;Com Vítimas Feridas;Plena Noite;Crescente;Nublado;Dupla;Reta;Não;3;0;0;1;1;3;1;5;-27,31398818;-48,63155831;SPRF-SC;DEL04-SC;UOP03-DEL04-SC
625582;03/09/2024;terça-feira;19:15:00;PA;316;118;SANTA MARIA DO PARA;Acessar a via sem observar a presença dos outros veículos;Colisão frontal;Com Vítimas Fatais;Plena Noite;Decrescente;Céu Claro;Simples;Reta;Não;2;1;0;0;1;0;0;2;-1,30866922;-47,45203805;SPRF-PA;DEL01-PA;UOP02-DEL01-PA
625583;03/09/2024;terça-feira;16:40:00;RO;364;449;JARU;Demais falhas mecânicas ou elétricas;Incêndio;Sem Vítimas;Pleno dia;Crescente;Sol;Simples;Reta;Não;2;0;0;0;1;3;0;4;-10,30504704;-62,64639803;SPRF-RO;DEL03-RO;UOP02-DEL03-RO
625587;03/09/2024;terça-feira;20:50:00;MG;381;948;EXTREMA;Reação tardia ou ineficiente do condutor;Queda de ocupante de veículo;Com Vítimas Feridas;Plena Noite;Crescente;Céu Claro;Dupla;Reta;Sim;3;0;1;0;1;1;1;3;-22,87479042;-46,36655782;SPRF-MG;DEL16-MG;UOP03-DEL16-MG
625588;03/09/2024;terça-feira;18:47:00;PB;405;47;SAO JOAO DO RIO DO PEIXE;Pedestre andava na pista;Atropelamento de Pedestre;Com Vítimas Feridas;Plena Noite;Decrescente;Céu Claro;Simples;Reta;Não;2;0;0;1;0;1;1;2;-6,83013;-38,401642;SPRF-PB;DEL03-PB;UOP03-DEL03-PB
625594;03/09/2024;terça-feira;18:00:00;MG;116;135;PONTO DOS VOLANTES;Ausência de reação do condutor;Colisão lateral sentido oposto;Com Vítimas Feridas;Plena Noite;Crescente;Céu Claro;Simples;Reta;Não;3;0;2;0;1;0;2;3;-16,73816036;-41,50644422;SPRF-MG;DEL11-MG;UOP02-DEL11-MG
625601;03/09/2024;terça-feira;17:40:00;BA;135;11;FORMOSA DO RIO PRETO;Velocidade Incompatível;Tombamento;Com Vítimas Feridas;Anoitecer;Crescente;Céu Claro;Simples;"Reta;Interseção de Vias";Não;5;0;0;4;0;2;4;4;-10,92357016;-45,17961456;SPRF-BA;DEL10-BA;UOP01-DEL10-BA
625605;03/09/2024;terça-feira;21:15:00;RN;226;106;SANTA CRUZ;Ingestão de álcool pelo condutor;Colisão frontal;Sem Vítimas;Plena Noite;Decrescente;Céu Claro;Simples;Reta;Não;2;0;0;0;2;0;0;2;-6,24663846;-35,9776249;SPRF-RN;DEL03-RN;UOP02-DEL03-RN
625609;03/09/2024;terça-feira;23:00:00;BA;101;939,5;MUCURI;Ingestão de álcool pelo condutor;Colisão lateral sentido oposto;Sem Vítimas;Plena Noite;Crescente;Céu Claro;Simples;Reta;Não;5;0;0;0;4;3;0;5;-18,16840196;-39,91873914;SPRF-BA;DEL09-BA;UOP02-DEL09-BA
625617;03/09/2024;terça-feira;21:30:00;SC;282;390,5;JOACABA;Condutor deixou de manter distância do veículo da frente;Colisão traseira;Sem Vítimas;Plena Noite;Crescente;Céu Claro;Simples;"Reta;Declive";Sim;4;0;0;0;1;4;0;5;-27,175066;-51,550556;SPRF-SC;DEL07-SC;UOP05-DEL07-SC
625619;04/09/2024;quarta-feira;01:20:00;MG;153;77,2;PRATA;Velocidade Incompatível;Saída de leito carroçável;Com Vítimas Feridas;Plena Noite;Decrescente;Céu Claro;Simples;Curva;Não;2;0;0;1;0;1;1;2;-19,03944921;-49,01083952;SPRF-MG;DEL15-MG;UOP03-DEL15-MG
625621;04/09/2024;quarta-feira;01:25:00;SC;282;173,7;BOCAINA DO SUL;Transitar na contramão;Colisão frontal;Com Vítimas Fatais;Plena Noite;Decrescente;Nublado;Simples;Reta;Não;2;1;0;0;1;0;0;2;-27,74197959;-49,87929225;SPRF-SC;DEL05-SC;UOP01-DEL05-SC
625624;03/09/2024;terça-feira;23:30:00;MT;364;340;SANTO ANTONIO DO LEVERGER;Animais na Pista;Atropelamento de Animal;Sem Vítimas;Plena Noite;Decrescente;Céu Claro;Dupla;Declive;Não;2;0;0;0;1;1;0;2;-15,83711384;-55,48560703;SPRF-MT;DEL05-MT;UOP02-DEL05-MT
625627;04/09/2024;quarta-feira;03:00:00;MG;116;708,3;MURIAE;Ausência de reação do condutor;Colisão lateral sentido oposto;Com Vítimas Feridas;Plena Noite;Decrescente;Nublado;Simples;Curva;Não;2;0;1;0;0;1;1;2;-21,16328873;-42,37968988;SPRF-MG;DEL07-MG;UOP02-DEL07-MG
625628;04/09/2024;quarta-feira;02:30:00;MG;251;464,9;FRANCISCO SA;Velocidade Incompatível;Saída de leito carroçável;Com Vítimas Feridas;Plena Noite;Crescente;Céu Claro;Simples;"Curva;Declive";Não;2;0;0;1;0;1;1;2;-16,44852635;-43,40147861;SPRF-MG;DEL12-MG;UOP01-DEL12-MG
625630;04/09/2024;quarta-feira;00:10:00;PI;343;272;CAMPO MAIOR;Condutor Dormindo;Colisão frontal;Com Vítimas Feridas;Plena Noite;Decrescente;Céu Claro;Simples;Reta;Não;3;0;1;1;1;0;2;2;-4,866084;-42,214935;SPRF-PI;DEL01-PI;UOP03-DEL01-PI
625631;04/09/2024;quarta-feira;05:50:00;MG;40;689,1;ALFREDO VASCONCELOS;Reação tardia ou ineficiente do condutor;Tombamento;Com Vítimas Feridas;Amanhecer;Decrescente;Céu Claro;Simples;Reta;Não;2;0;1;0;0;1;1;2;-21,11637262;-43,75880356;SPRF-MG;DEL05-MG;UOP02-DEL05-MG
625640;04/09/2024;quarta-feira;04:40:00;BA;101;543;SAO JOSE DA VITORIA;Ausência de reação do condutor;Tombamento;Com Vítimas Feridas;Amanhecer;Decrescente;Céu Claro;Simples;Curva;Não;2;0;1;0;0;1;1;2;-15,09632256;-39,35302734;SPRF-BA;DEL05-BA;UOP02-DEL05-BA
625642;04/09/2024;quarta-feira;07:30:00;SP;116;469,9;JACUPIRANGA;Condutor usando celular;Colisão lateral mesmo sentido;Com Vítimas Feridas;Pleno dia;Decrescente;Nublado;Dupla;Curva;Não;3;0;1;0;1;12;1;14;-24,65247192;-47,95005601;SPRF-SP;DEL05-SP;UOP01-DEL05-SP
625657;04/09/2024;quarta-feira;08:05:00;RJ;116;147;DUQUE DE CAXIAS;Reação tardia ou ineficiente do condutor;Colisão lateral mesmo sentido;Com Vítimas Feridas;Pleno dia;Decrescente;Nublado;Dupla;Reta;Sim;4;0;2;0;2;0;2;2;-22,66978425;-43,27286493;SPRF-RJ;DEL01-RJ;UOP02-DEL01-RJ
625658;19/08/2024;segunda-feira;19:25:00;MT;70;528;VARZEA GRANDE;Manobra de mudança de faixa;Colisão frontal;Com Vítimas Fatais;Plena Noite;Crescente;Céu Claro;Simples;Reta;Não;3;1;0;0;1;1;0;3;-15,65893;-56,21713;SPRF-MT;DEL01-MT;UOP02-DEL01-MT
625660;04/09/2024;quarta-feira;09:00:00;SC;470;6;NAVEGANTES;Reação tardia ou ineficiente do condutor;Colisão lateral mesmo sentido;Com Vítimas Feridas;Pleno dia;Decrescente;Céu Claro;Dupla;"Em Obras;Reta";Sim;3;0;1;0;1;1;1;3;-26,852238;-48,709545;SPRF-SC;DEL04-SC;UOP04-DEL04-SC
625664;04/09/2024;quarta-feira;09:25:00;BA;324;515;FEIRA DE SANTANA;Deficiência do Sistema de Iluminação/Sinalização;Colisão lateral mesmo sentido;Com Vítimas Feridas;Pleno dia;Decrescente;Céu Claro;Simples;Reta;Não;3;0;1;0;1;1;1;3;-12,23547809;-38,94396807;SPRF-BA;DEL02-BA;UOP01-DEL02-BA
625665;04/09/2024;quarta-feira;09:45:00;TO;153;152;ARAGUAINA;Manobra de mudança de faixa;Colisão frontal;Com Vítimas Feridas;Pleno dia;Crescente;Céu Claro;Simples;Reta;Não;3;0;0;1;1;3;1;5;-7,264632;-48,262614;SPRF-TO;DEL02-TO;UOP01-DEL02-TO
625667;04/09/2024;quarta-feira;08:00:00;MT;70;94,5;GENERAL CARNEIRO;Velocidade Incompatível;Tombamento;Com Vítimas Feridas;Pleno dia;Crescente;Céu Claro;Simples;Curva;Não;2;0;1;0;0;2;1;3;-15,57393657;-52,89453804;SPRF-MT;DEL07-MT;UOP01-DEL07-MT
625669;04/09/2024;quarta-feira;08:49:00;RS;290;94;PORTO ALEGRE;Reação tardia ou ineficiente do condutor;Colisão traseira;Com Vítimas Feridas;Pleno dia;Crescente;Nublado;Múltipla;Reta;Não;2;0;1;0;0;1;1;2;-29,981535;-51,201585;SPRF-RS;DEL01-RS;UOP01-DEL01-RS
625673;04/09/2024;quarta-feira;10:20:00;PR;116;110;CURITIBA;Manobra de mudança de faixa;Colisão lateral mesmo sentido;Com Vítimas Feridas;Pleno dia;Decrescente;Céu Claro;Dupla;Reta;Sim;6;0;1;0;4;3;1;5;-25,56885181;-49,22724597;SPRF-PR;DEL01-PR;UOP07-DEL01-PR
625674;04/09/2024;quarta-feira;08:48:00;RO;364;802;PORTO VELHO;Reação tardia ou ineficiente do condutor;Colisão com objeto;Sem Vítimas;Pleno dia;Crescente;Céu Claro;Simples;Reta;Sim;1;0;0;0;1;0;0;1;-9,25776124;-64,41284701;SPRF-RO;DEL01-RO;UOP02-DEL01-RO
625675;04/09/2024;quarta-feira;07:30:00;SC;101;335,8;TUBARAO;Reação tardia ou ineficiente do condutor;Colisão transversal;Com Vítimas Feridas;Pleno dia;Crescente;Céu Claro;Múltipla;Reta;Sim;3;0;1;0;1;1;1;3;-28,47722644;-49,0317142;SPRF-SC;DEL02-SC;UOP01-DEL02-SC
625678;04/09/2024;quarta-feira;11:10:00;ES;101;287,5;CARIACICA;Condutor deixou de manter distância do veículo da frente;Colisão traseira;Com Vítimas Feridas;Pleno dia;Crescente;Céu Claro;Dupla;"Retorno Regulamentado;Reta";Não;2;0;0;1;1;0;1;2;-20,26493528;-40,38471702;SPRF-ES;DEL01-ES;UOP01-DEL01-ES
625683;04/09/2024;quarta-feira;09:45:00;MS;262;606,8;MIRANDA;Reação tardia ou ineficiente do condutor;Colisão lateral mesmo sentido;Sem Vítimas;Pleno dia;Decrescente;Céu Claro;Simples;Reta;Não;2;0;0;0;2;0;0;2;-20,05914612;-56,77506515;SPRF-MS;DEL03-MS;UOP02-DEL03-MS
625684;04/09/2024;quarta-feira;10:20:00;SC;282;478,2;VARGEAO;Transitar na contramão;Colisão frontal;Com Vítimas Feridas;Pleno dia;Decrescente;Sol;Simples;Reta;Sim;2;0;0;1;1;0;1;2;-26,875297;-52,157038;SPRF-SC;DEL07-SC;UOP01-DEL07-SC
625686;04/09/2024;quarta-feira;12:20:00;BA;324;612;SALVADOR;Reação tardia ou ineficiente do condutor;Colisão traseira;Com Vítimas Feridas;Pleno dia;Decrescente;Sol;Dupla;Reta;Sim;3;0;1;0;2;0;1;3;-12,84664721;-38,41741648;SPRF-BA;DEL01-BA;UOP01-DEL01-BA
625691;04/09/2024;quarta-feira;12:50:00;PR;116;100;SAO JOSE DOS PINHAIS;Ausência de reação do condutor;Saída de leito carroçável;Com Vítimas Feridas;Pleno dia;Decrescente;Céu Claro;Dupla;Reta;Não;1;0;1;0;0;0;1;1;-25,565225;-49,160175;SPRF-PR;DEL01-PR;UOP07-DEL01-PR
625698;04/09/2024;quarta-feira;11:00:00;PR;376;421,6;TIBAGI;Velocidade Incompatível;Tombamento;Com Vítimas Feridas;Pleno dia;Crescente;Céu Claro;Dupla;Curva;Não;2;0;1;0;0;1;1;2;-24,72548801;-50,53830472;SPRF-PR;DEL03-PR;UOP02-DEL03-PR
625703;04/09/2024;quarta-feira;14:35:00;RN;304;87,9;ACU;Acessar a via sem observar a presença dos outros veículos;Colisão lateral mesmo sentido;Sem Vítimas;Pleno dia;Crescente;Sol;Simples;Reta;Não;3;0;0;0;2;2;0;4;-5,56488317;-37,04853412;SPRF-RN;DEL04-RN;UOP01-DEL04-RN
625715;04/09/2024;quarta-feira;15:15:00;MG;40;527,9;CONTAGEM;Entrada inopinada do pedestre;Atropelamento de Pedestre;Com Vítimas Fatais;Pleno dia;Decrescente;Céu Claro;Múltipla;Reta;Sim;2;1;0;0;1;0;0;2;-19,90149502;-44,04938939;SPRF-MG;DEL01-MG;UOP02-DEL01-MG
625717;23/08/2024;sexta-feira;17:20:00;MG;381;3;BETIM;Condutor deixou de manter distância do veículo da frente;Colisão traseira;Com Vítimas Feridas;Anoitecer;Decrescente;Céu Claro;Dupla;Reta;Sim;2;0;0;1;0;1;1;2;-19,98141539;-44,16212082;SPRF-MG;DEL01-MG;UOP03-DEL01-MG
625720;04/09/2024;quarta-feira;15:10:00;CE;116;5;FORTALEZA;Manobra de mudança de faixa;Colisão lateral mesmo sentido;Sem Vítimas;Pleno dia;Crescente;Sol;Múltipla;Reta;Sim;2;0;0;0;2;0;0;2;-3,79467116;-38,50772734;SPRF-CE;DEL01-CE;UOP02-DEL01-CE
625722;04/09/2024;quarta-feira;12:25:00;PR;277;327,5;GUARAPUAVA;Reação tardia ou ineficiente do condutor;Saída de leito carroçável;Com Vítimas Feridas;Pleno dia;Decrescente;Céu Claro;Simples;Curva;Não;3;0;1;0;0;2;1;3;-25,3678667;-51,33907914;SPRF-PR;DEL08-PR;UOP01-DEL08-PR
625724;15/08/2024;quinta-feira;18:30:00;RS;290;92,4;PORTO ALEGRE;Manobra de mudança de faixa;Colisão lateral mesmo sentido;Com Vítimas Feridas;Plena Noite;Crescente;Céu Claro;Múltipla;Retorno Regulamentado;Sim;3;0;1;0;2;0;1;2;-29,97016621;-51,18225038;SPRF-RS;DEL01-RS;UOP01-DEL01-RS
625732;19/01/2024;sexta-feira;10:20:00;SC;280;131,2;RIO NEGRINHO;Acessar a via sem observar a presença dos outros veículos;Colisão traseira;Sem Vítimas;Pleno dia;Crescente;Céu Claro;Simples;Reta;Sim;4;0;0;0;3;1;0;4;-26,25581515;-49,53953493;SPRF-SC;DEL06-SC;UOP03-DEL06-SC
625741;04/09/2024;quarta-feira;18:00:00;MG;262;360;BETIM;Demais falhas mecânicas ou elétricas;Colisão lateral mesmo sentido;Sem Vítimas;Plena Noite;Decrescente;Céu Claro;Dupla;Reta;Sim;2;0;0;0;2;0;0;2;-19,97338;-44,27556;SPRF-MG;DEL01-MG;UOP03-DEL01-MG
625745;04/09/2024;quarta-feira;16:00:00;MT;364;275,8;JACIARA;Demais falhas mecânicas ou elétricas;Incêndio;Sem Vítimas;Pleno dia;Decrescente;Céu Claro;Dupla;Reta;Sim;2;0;0;0;1;2;0;3;-15,95085604;-54,98237599;SPRF-MT;DEL05-MT;UOP02-DEL05-MT
625750;04/09/2024;quarta-feira;19:10:00;SP;116;335;JUQUITIBA;Demais Fenômenos da natureza;Incêndio;Sem Vítimas;Plena Noite;Crescente;Céu Claro;Dupla;Reta;Não;1;0;0;0;1;0;0;1;-23,96963408;-47,1337469;SPRF-SP;DEL04-SP;UOP03-DEL04-SP
625755;04/09/2024;quarta-feira;15:40:00;MT;163;806;SINOP;Reação tardia ou ineficiente do condutor;Tombamento;Com Vítimas Feridas;Pleno dia;Decrescente;Céu Claro;Simples;"Em Obras;Reta";Não;4;0;1;0;1;2;1;4;-12,116918;-55,51642;SPRF-MT;DEL06-MT;UOP02-DEL06-MT
625769;04/09/2024;quarta-feira;10:55:00;PI;135;608;CORRENTE;Manobra de mudança de faixa;Colisão lateral mesmo sentido;Com Vítimas Feridas;Pleno dia;Crescente;Céu Claro;Simples;Reta;Não;5;0;3;0;1;1;3;3;-10,58183666;-45,20665884;SPRF-PI;DEL03-PI;UOP02-DEL03-PI
625779;04/09/2024;quarta-feira;18:15:00;PR;116;101;SAO JOSE DOS PINHAIS;Condutor deixou de manter distância do veículo da frente;Colisão traseira;Sem Vítimas;Plena Noite;Crescente;Céu Claro;Dupla;Reta;Não;2;0;0;0;0;2;0;2;-25,566593;-49,1693221;SPRF-PR;DEL01-PR;UOP07-DEL01-PR
625783;04/09/2024;quarta-feira;19:00:00;MG;381;715;CARMO DA CACHOEIRA;Demais falhas mecânicas ou elétricas;Incêndio;Sem Vítimas;Plena Noite;Crescente;Céu Claro;Dupla;Reta;Não;1;0;0;0;1;0;0;1;-21,42109296;-45,21293927;SPRF-MG;DEL04-MG;UOP02-DEL04-MG
625785;04/09/2024;quarta-feira;12:20:00;AM;174;943;MANAUS;Mal súbito do condutor;Saída de leito carroçável;Com Vítimas Fatais;Pleno dia;Crescente;Céu Claro;Simples;Reta;Não;2;1;0;0;0;2;0;3;-2,460821;-60,02721002;SPRF-AM;DEL01-AM;UOP01-DEL01-AM
625787;04/09/2024;quarta-feira;19:10:00;MG;251;457,3;GRAO MOGOL;Condutor Dormindo;Saída de leito carroçável;Com Vítimas Feridas;Pleno dia;Crescente;Céu Claro;Simples;Reta;Não;2;0;1;0;0;1;1;2;-16,41786952;-43,35991682;SPRF-MG;DEL12-MG;UOP01-DEL12-MG
625788;04/09/2024;quarta-feira;13:20:00;PI;135;149;BERTOLINIA;Reação tardia ou ineficiente do condutor;Saída de leito carroçável;Com Vítimas Feridas;Pleno dia;Decrescente;Ignorado;Simples;"Reta;Declive";Não;5;0;1;0;3;1;1;2;-7,80350196;-43,82089996;SPRF-PI;DEL03-PI;UOP01-DEL03-PI
625790;04/09/2024;quarta-feira;19:40:00;RJ;101;288;ITABORAI;Reação tardia ou ineficiente do condutor;Colisão traseira;Com Vítimas Feridas;Plena Noite;Crescente;Céu Claro;Dupla;Reta;Sim;2;0;1;0;1;0;1;2;-22,75933747;-42,84321275;SPRF-RJ;DEL02-RJ;UOP02-DEL02-RJ
625794;04/09/2024;quarta-feira;19:00:00;PI;316;247;INHUMA;Condutor Dormindo;Colisão lateral sentido oposto;Sem Vítimas;Plena Noite;Decrescente;Céu Claro;Simples;Reta;Não;2;0;0;0;2;0;0;2;-6,71507297;-41,72163934;SPRF-PI;DEL04-PI;UOP02-DEL04-PI
625797;04/09/2024;quarta-feira;22:25:00;RJ;393;271;BARRA DO PIRAI;Ultrapassagem Indevida;Colisão frontal;Com Vítimas Fatais;Plena Noite;Crescente;Céu Claro;Simples;Reta;Não;2;1;0;0;1;0;0;2;-22,47662463;-43,93146109;SPRF-RJ;DEL05-RJ;UOP04-DEL05-RJ
625798;04/09/2024;quarta-feira;19:30:00;MT;163;1007;TERRA NOVA DO NORTE;Ausência de reação do condutor;Saída de leito carroçável;Com Vítimas Feridas;Plena Noite;Decrescente;Nevoeiro/Neblina;Simples;Reta;Não;2;0;1;0;0;1;1;2;-10,56149802;-55,09092395;SPRF-MT;DEL06-MT;UOP03-DEL06-MT
625800;04/09/2024;quarta-feira;18:40:00;PI;407;496;JAICOS;Ausência de reação do condutor;Saída de leito carroçável;Com Vítimas Feridas;Plena Noite;Crescente;Céu Claro;Simples;Curva;Não;3;0;2;0;0;1;2;2;-7,54958226;-41,29690349;SPRF-PI;DEL04-PI;UOP01-DEL04-PI
625824;05/09/2024;quinta-feira;04:25:00;RS;116;2,8;VACARIA;Reação tardia ou ineficiente do condutor;Colisão lateral sentido oposto;Com Vítimas Feridas;Plena Noite;Crescente;Garoa/Chuvisco;Simples;Curva;Não;3;0;1;0;1;1;1;3;-28,23148846;-50,76632023;SPRF-RS;DEL05-RS;UOP03-DEL05-RS
625825;05/09/2024;quinta-feira;00:05:00;SC;101;48;JOINVILLE;Velocidade Incompatível;Colisão transversal;Com Vítimas Feridas;Plena Noite;Decrescente;Garoa/Chuvisco;Múltipla;Curva;Sim;3;0;0;1;1;1;1;3;-26,35345909;-48,85867862;SPRF-SC;DEL03-SC;UOP01-DEL03-SC
625826;05/09/2024;quinta-feira;06:00:00;SC;282;16,3;PALHOCA;Acessar a via sem observar a presença dos outros veículos;Colisão transversal;Com Vítimas Feridas;Pleno dia;Decrescente;Chuva;Simples;Reta;Sim;2;0;1;0;1;0;1;2;-27,658611;-48,681847;SPRF-SC;DEL01-SC;UOP02-DEL01-SC
625828;04/09/2024;quarta-feira;23:53:00;SC;282;393;JOACABA;Chuva;Saída de leito carroçável;Sem Vítimas;Plena Noite;Crescente;Garoa/Chuvisco;Simples;"Reta;Declive";Não;1;0;0;0;1;0;0;1;-27,161442;-51,571239;SPRF-SC;DEL07-SC;UOP05-DEL07-SC
625835;04/09/2024;quarta-feira;21:45:00;CE;116;51,9;PACAJUS;Transitar na contramão;Colisão frontal;Com Vítimas Fatais;Plena Noite;Crescente;Céu Claro;Dupla;Reta;Não;3;1;1;0;0;1;1;3;-4,18523574;-38,48627044;SPRF-CE;DEL03-CE;UOP02-DEL03-CE
625839;05/09/2024;quinta-feira;05:50:00;MT;163;607,3;NOVA MUTUM;Reação tardia ou ineficiente do condutor;Colisão com objeto;Com Vítimas Feridas;Pleno dia;Decrescente;Céu Claro;Simples;Reta;Não;2;0;1;0;0;2;1;3;-13,84568605;-56,08401163;SPRF-MT;DEL01-MT;UOP01-DEL01-MT
625848;05/09/2024;quinta-feira;07:00:00;GO;60;385;RIO VERDE;Problema com o freio;Colisão lateral mesmo sentido;Com Vítimas Feridas;Pleno dia;Crescente;Céu Claro;Dupla;"Em Obras;Viaduto;Curva";Sim;4;0;1;0;2;3;1;6;-17,7964;-50,914;SPRF-GO;DEL04-GO;UOP02-DEL04-GO
625853;05/09/2024;quinta-feira;07:30:00;RS;285;295;PASSO FUNDO;Acessar a via sem observar a presença dos outros veículos;Colisão lateral mesmo sentido;Com Vítimas Feridas;Pleno dia;Crescente;Céu Claro;Simples;Interseção de Vias;Sim;3;0;1;0;1;2;1;4;-28,231071;-52,394299;SPRF-RS;DEL08-RS;UOP03-DEL08-RS
625856;05/09/2024;quinta-feira;07:50:00;PR;376;308;MAUA DA SERRA;Velocidade Incompatível;Tombamento;Com Vítimas Feridas;Pleno dia;Decrescente;Céu Claro;Dupla;"Curva;Declive";Não;2;0;1;0;0;1;1;2;-23,97857518;-51,09540715;SPRF-PR;DEL07-PR;UOP02-DEL07-PR
625859;05/09/2024;quinta-feira;07:00:00;GO;153;520;HIDROLANDIA;Reação tardia ou ineficiente do condutor;Tombamento;Com Vítimas Feridas;Pleno dia;Crescente;Céu Claro;Dupla;Reta;Não;2;0;1;0;0;1;1;2;-16,8847;-49,254;SPRF-GO;DEL01-GO;UOP03-DEL01-GO
625861;05/09/2024;quinta-feira;07:30:00;RS;448;7,9;ESTEIO;Manobra de mudança de faixa;Colisão lateral mesmo sentido;Com Vítimas Feridas;Pleno dia;Crescente;Nublado;Dupla;Reta;Não;3;0;1;0;1;1;1;3;-29,866303;-51,227272;SPRF-RS;DEL01-RS;UOP02-DEL01-RS
625866;05/09/2024;quinta-feira;07:10:00;BA;330;846,2;IPIAU;Manobra de mudança de faixa;Colisão frontal;Com Vítimas Feridas;Pleno dia;Crescente;Céu Claro;Simples;Reta;Não;6;0;0;1;5;0;1;2;-14,16654672;-39,68710366;SPRF-BA;DEL03-BA;UOP01-DEL03-BA
625874;21/07/2024;domingo;20:30:00;MT;364;2,5;ALTO ARAGUAIA;Condutor deixou de manter distância do veículo da frente;Colisão traseira;Sem Vítimas;Plena Noite;Decrescente;Céu Claro;Simples;Reta;Não;2;0;0;0;2;0;0;2;-17,310339;-53,226654;SPRF-MT;DEL02-MT;UOP02-DEL02-MT
625876;05/09/2024;quinta-feira;07:10:00;MG;381;477,3;CONTAGEM;Trafegar com motocicleta (ou similar) entre as faixas;Colisão lateral mesmo sentido;Com Vítimas Feridas;Amanhecer;Decrescente;Céu Claro;Dupla;Reta;Sim;3;0;0;1;1;1;1;3;-19,95862907;-44,03153372;SPRF-MG;DEL01-MG;UOP03-DEL01-MG
625878;05/09/2024;quinta-feira;06:10:00;GO;60;36;GOIANIA;Velocidade Incompatível;Tombamento;Sem Vítimas;Amanhecer;Decrescente;Céu Claro;Dupla;Rotatória;Sim;2;0;0;0;1;2;0;3;-16,72881055;-49,3501997;SPRF-GO;DEL01-GO;UOP02-DEL01-GO
625880;05/09/2024;quinta-feira;08:07:00;PR;277;2;PARANAGUA;Retorno proibido;Colisão transversal;Com Vítimas Feridas;Pleno dia;Crescente;Garoa/Chuvisco;Simples;Reta;Sim;3;0;1;0;1;2;1;4;-25,53276081;-48,55081558;SPRF-PR;DEL01-PR;UOP05-DEL01-PR
625882;05/09/2024;quinta-feira;10:20:00;TO;153;358;FORTALEZA DO TABOCAO;Reação tardia ou ineficiente do condutor;Tombamento;Com Vítimas Feridas;Pleno dia;Crescente;Céu Claro;Simples;Reta;Sim;2;0;1;0;0;2;1;3;-9,04719314;-48,51467777;SPRF-TO;DEL02-TO;UOP02-DEL02-TO
625887;04/09/2024;quarta-feira;17:00:00;AM;319;449;MANICORE;Demais falhas na via;Tombamento;Com Vítimas Feridas;Anoitecer;Decrescente;Ignorado;Simples;Reta;Não;2;0;1;0;0;1;1;2;-5,94149328;-62,45196778;SPRF-AM;DEL01-AM;UOP04-DEL01-AM
625888;05/09/2024;quinta-feira;10:00:00;MS;163;178;JUTI;Demais falhas mecânicas ou elétricas;Saída de leito carroçável;Sem Vítimas;Pleno dia;Crescente;Nublado;Simples;Reta;Não;1;0;0;0;1;0;0;1;-22,8457226;-54,66458372;SPRF-MS;DEL09-MS;UOP01-DEL09-MS
625889;01/08/2024;quinta-feira;23:00:00;SC;116;251;LAGES;Transitar na contramão;Colisão frontal;Com Vítimas Feridas;Plena Noite;Crescente;Céu Claro;Simples;Reta;Não;3;0;0;1;1;1;1;3;-27,84512201;-50,37880391;SPRF-SC;DEL05-SC;UOP02-DEL05-SC
625897;31/07/2024;quarta-feira;12:30:00;PR;277;578;CASCAVEL;Acessar a via sem observar a presença dos outros veículos;Colisão lateral mesmo sentido;Com Vítimas Feridas;Pleno dia;Crescente;Sol;Dupla;Retorno Regulamentado;Sim;3;0;1;0;1;1;1;3;-24,98385591;-53,34955899;SPRF-PR;DEL04-PR;UOP01-DEL04-PR