id;data_inversa;dia_semana;horario;uf;br;km;municipio;causa_acidente;tipo_acidente;classificacao_acidente;fase_dia;sentido_via;condicao_metereologica;tipo_pista;tracado_via;uso_solo;pessoas;mortos;feridos_leves;feridos_graves;ilesos;ignorados;feridos;veiculos;latitude;longitude;regional;delegacia;uop
625898;05/09/2024;quinta-feira;11:50:00;SC;101;278,6;IMBITUBA;Ausência de reação do condutor;Colisão traseira;Com Vítimas Feridas;Pleno dia;Decrescente;Nublado;Múltipla;"Aclive;Reta";Não;3;0;1;0;1;1;1;3;-28,18132133;-48,69565487;SPRF-SC;DEL02-SC;UOP03-DEL02-SC
625900;05/09/2024;quinta-feira;10:30:00;PR;376;663,8;GUARATUBA;Condutor deixou de manter distância do veículo da frente;Colisão traseira;Com Vítimas Feridas;Pleno dia;Crescente;Chuva;Dupla;"Reta;Declive";Não;6;0;2;0;3;2;2;5;-25,85321576;-48,96608688;SPRF-PR;DEL01-PR;UOP04-DEL01-PR
625901;05/09/2024;quinta-feira;12:25:00;PR;376;664;TIJUCAS DO SUL;Ausência de reação do condutor;Colisão traseira;Com Vítimas Feridas;Pleno dia;Crescente;Chuva;Dupla;Curva;Não;6;0;4;0;1;3;4;5;-25,85321576;-48,96608688;SPRF-PR;DEL01-PR;UOP04-DEL01-PR
625902;05/09/2024;quinta-feira;12:00:00;GO;60;385;RIO VERDE;Ausência de reação do condutor;Engavetamento;Sem Vítimas;Pleno dia;Crescente;Céu Claro;Dupla;Viaduto;Sim;4;0;0;0;3;1;0;4;-17,7964;-50,914;SPRF-GO;DEL04-GO;UOP02-DEL04-GO
625904;05/09/2024;quinta-feira;10:30:00;PI;343;264,5;CAMPO MAIOR;Trafegar com motocicleta (ou similar) entre as faixas;Colisão traseira;Com Vítimas Fatais;Pleno dia;Crescente;Céu Claro;Simples;Reta;Sim;3;1;0;0;2;0;0;2;-4,827662;-42,162594;SPRF-PI;DEL01-PI;UOP03-DEL01-PI
625905;05/09/2024;quinta-feira;11:45:00;PA;155;305;MARABA;Velocidade Incompatível;Colisão traseira;Com Vítimas Feridas;Pleno dia;Crescente;Sol;Simples;Reta;Sim;4;0;0;1;2;2;1;5;-5,69507797;-49,12021804;SPRF-PA;DEL03-PA;UOP01-DEL03-PA
625910;05/09/2024;quinta-feira;13:15:00;MG;381;437,9;SABARA;Ausência de reação do condutor;Colisão lateral mesmo sentido;Com Vítimas Feridas;Pleno dia;Crescente;Sol;Simples;"Curva;Aclive";Não;4;0;1;0;2;1;1;4;-19,80933086;-43,76826997;SPRF-MG;DEL01-MG;UOP01-DEL01-MG
625911;05/09/2024;quinta-feira;09:30:00;BA;101;663;ITAGIMIRIM;Velocidade Incompatível;Tombamento;Com Vítimas Feridas;Pleno dia;Decrescente;Céu Claro;Simples;Curva;Não;2;0;0;1;0;1;1;2;-16,12889191;-39,60395176;SPRF-BA;DEL09-BA;UOP03-DEL09-BA
625913;05/09/2024;quinta-feira;09:40:00;ES;262;119,2;CONCEICAO DO CASTELO;Reação tardia ou ineficiente do condutor;Saída de leito carroçável;Com Vítimas Fatais;Pleno dia;Crescente;Sol;Simples;"Declive;Curva";Não;4;1;0;0;0;5;0;5;-20,30782485;-41,23182431;SPRF-ES;DEL01-ES;UOP02-DEL01-ES
625915;05/09/2024;quinta-feira;08:00:00;RS;116;404;CAMAQUA;Ingestão de álcool pelo condutor;Saída de leito carroçável;Com Vítimas Feridas;Pleno dia;Crescente;Céu Claro;Dupla;Reta;Não;2;0;2;0;0;0;2;1;-30,89044389;-51,84197306;SPRF-RS;DEL02-RS;UOP02-DEL02-RS
625916;05/09/2024;quinta-feira;07:25:00;PR;153;359;RIO AZUL;Reação tardia ou ineficiente do condutor;Tombamento;Com Vítimas Feridas;Pleno dia;Decrescente;Garoa/Chuvisco;Simples;Reta;Não;3;0;2;0;0;1;2;2;-25,6678841;-50,74541694;SPRF-PR;DEL08-PR;UOP02-DEL08-PR
625919;05/09/2024;quinta-feira;08:30:00;BA;116;604;IRAJUBA;Ultrapassagem Indevida;Colisão frontal;Com Vítimas Feridas;Pleno dia;Decrescente;Céu Claro;Simples;Reta;Não;3;0;2;0;0;1;2;3;-13,23346504;-40,01732582;SPRF-BA;DEL03-BA;UOP02-DEL03-BA
625920;05/09/2024;quinta-feira;13:10:00;SC;101;405,1;ARARANGUA;Ausência de reação do condutor;Engavetamento;Com Vítimas Feridas;Pleno dia;Decrescente;Céu Claro;Dupla;Reta;Não;7;0;2;1;3;2;3;7;-28,900898;-49,475288;SPRF-SC;DEL02-SC;UOP02-DEL02-SC
625921;04/09/2024;quarta-feira;10:30:00;PA;0;0;DOM ELISEU;Problema com o freio;Colisão traseira;Sem Vítimas;Pleno dia;Não Informado;Céu Claro;Simples;Aclive;Não;4;0;0;0;4;0;0;2;-4,09195;-48,091815;SPRF-MA;DEL05-MA;N/A
625926;05/09/2024;quinta-feira;14:45:00;RS;285;302;PASSO FUNDO;Transitar na contramão;Colisão lateral sentido oposto;Com Vítimas Feridas;Pleno dia;Crescente;Sol;Simples;Reta;Não;4;0;1;0;2;1;1;4;-28,220501;-52,45932;SPRF-RS;DEL08-RS;UOP03-DEL08-RS
625927;05/09/2024;quinta-feira;13:30:00;PR;277;419,1;CANTAGALO;Acessar a via sem observar a presença dos outros veículos;Colisão lateral mesmo sentido;Com Vítimas Feridas;Pleno dia;Crescente;Céu Claro;Simples;Aclive;Não;5;0;2;0;3;0;2;2;-25,41318664;-52,07945271;SPRF-PR;DEL04-PR;UOP02-DEL04-PR
625928;05/09/2024;quinta-feira;14:45:00;BA;324;355;CAPIM GROSSO;Demais falhas mecânicas ou elétricas;Tombamento;Com Vítimas Feridas;Pleno dia;Crescente;Céu Claro;Simples;Curva;Sim;4;0;1;0;2;2;1;3;-11,38681146;-40,00705719;SPRF-BA;DEL04-BA;UOP02-DEL04-BA
625929;05/09/2024;quinta-feira;14:45:00;MS;163;731,3;COXIM;Velocidade Incompatível;Colisão traseira;Com Vítimas Feridas;Pleno dia;Crescente;Céu Claro;Simples;Reta;Sim;3;0;1;0;1;2;1;4;-18,50137286;-54,73270825;SPRF-MS;DEL06-MS;UOP01-DEL06-MS
625932;05/09/2024;quinta-feira;13:30:00;BA;101;230;SAPEACU;Reação tardia ou ineficiente do condutor;Tombamento;Sem Vítimas;Pleno dia;Decrescente;Céu Claro;Simples;"Curva;Aclive";Não;2;0;0;0;1;1;0;2;-12,83551106;-39,20129659;SPRF-BA;DEL01-BA;UOP02-DEL01-BA
625948;04/09/2024;quarta-feira;15:40:00;BA;101;542;SAO JOSE DA VITORIA;Retorno proibido;Colisão transversal;Com Vítimas Feridas;Pleno dia;Decrescente;Céu Claro;Simples;Reta;Não;2;0;1;0;1;0;1;2;-15,089697;-39,345336;SPRF-BA;DEL05-BA;UOP02-DEL05-BA
625954;05/09/2024;quinta-feira;17:30:00;BA;101;360,9;WENCESLAU GUIMARAES;Ultrapassagem Indevida;Colisão lateral sentido oposto;Com Vítimas Fatais;Anoitecer;Crescente;Céu Claro;Simples;"Reta;Aclive";Não;4;1;0;0;2;2;0;5;-13,704285;-39,479437;SPRF-BA;DEL05-BA;UOP03-DEL05-BA
625955;05/09/2024;quinta-feira;17:57:00;SE;101;199;CRISTINAPOLIS;Velocidade Incompatível;Colisão frontal;Com Vítimas Fatais;Anoitecer;Crescente;Céu Claro;Simples;Reta;Sim;4;1;0;0;1;3;0;5;-11,48067309;-37,76331995;SPRF-SE;DEL02-SE;UOP03-DEL02-SE
625956;05/09/2024;quinta-feira;16:59:00;PE;232;62,2;POMBOS;Reação tardia ou ineficiente do condutor;Colisão lateral mesmo sentido;Com Vítimas Feridas;Pleno dia;Decrescente;Céu Claro;Simples;Curva;Não;4;0;2;0;1;1;2;3;-8,16085647;-35,43580055;SPRF-PE;DEL02-PE;UOP02-DEL02PE
625959;05/09/2024;quinta-feira;14:50:00;SP;116;545;BARRA DO TURVO;Reação tardia ou ineficiente do condutor;Tombamento;Com Vítimas Feridas;Pleno dia;Decrescente;Chuva;Simples;"Curva;Declive";Não;1;0;1;0;0;0;1;1;-24,95016699;-48,42400302;SPRF-SP;DEL05-SP;UOP02-DEL05-SP
625960;05/09/2024;quinta-feira;16:30:00;MG;365;166;BURITIZEIRO;Condutor deixou de manter distância do veículo da frente;Colisão traseira;Com Vítimas Feridas;Anoitecer;Decrescente;Céu Claro;Simples;Reta;Não;9;0;1;0;7;1;1;5;-17,38199719;-44,97027099;SPRF-MG;DEL10-MG;UOP02-DEL010-MG
625965;05/09/2024;quinta-feira;15:04:00;MG;381;701;LAVRAS;Velocidade Incompatível;Tombamento;Com Vítimas Feridas;Pleno dia;Crescente;Céu Claro;Dupla;"Curva;Declive";Não;2;0;0;1;0;1;1;2;-21,31899514;-45,16696812;SPRF-MG;DEL04-MG;UOP02-DEL04-MG
625967;05/09/2024;quinta-feira;18:33:00;CE;116;16,5;FORTALEZA;Objeto estático sobre o leito carroçável;Colisão com objeto;Com Vítimas Fatais;Plena Noite;Crescente;Céu Claro;Dupla;Reta;Sim;3;1;0;0;0;2;0;3;-3,88732794;-38,50185439;SPRF-CE;DEL01-CE;UOP02-DEL01-CE
625975;05/09/2024;quinta-feira;18:50:00;PE;104;84;AGRESTINA;Manobra de mudança de faixa;Colisão frontal;Com Vítimas Feridas;Plena Noite;Crescente;Nublado;Simples;Reta;Não;2;0;0;1;0;1;1;2;-8,430662;-35,959164;SPRF-PE;DEL02-PE;UOP01-DEL02-PE
625978;16/08/2024;sexta-feira;19:15:00;RO;429;152;SAO MIGUEL DO GUAPORE;Manobra de mudança de faixa;Colisão frontal;Com Vítimas Fatais;Plena Noite;Crescente;Céu Claro;Simples;Reta;Não;4;1;0;2;1;0;2;2;-11,68709271;-62,66449947;SPRF-RO;DEL02-RO;UOP03-DEL02-RO
625989;05/09/2024;quinta-feira;19:15:00;RS;290;62;GRAVATAI;Reação tardia ou ineficiente do condutor;Colisão traseira;Com Vítimas Feridas;Plena Noite;Crescente;Céu Claro;Múltipla;Reta;Não;3;0;1;0;2;0;1;3;-29,932089;-50,877304;SPRF-RS;DEL03-RS;UOP01-DEL03-RS
625990;05/09/2024;quinta-feira;19:55:00;RN;304;219;CAICARA DO RIO DO VENTO;Ausência de reação do condutor;Colisão traseira;Com Vítimas Feridas;Plena Noite;Decrescente;Céu Claro;Simples;Aclive;Sim;3;0;1;0;0;2;1;3;-5,75703074;-35,99761998;SPRF-RN;DEL01-RN;UOP03-DEL01-RN
625992;05/09/2024;quinta-feira;19:00:00;BA;116;323;ARACI;Transitar na contramão;Colisão frontal;Com Vítimas Fatais;Plena Noite;Decrescente;Céu Claro;Simples;Reta;Não;4;1;1;0;1;1;1;3;-11,32295708;-38,94963686;SPRF-BA;DEL02-BA;UOP01-DEL02-BA
625993;05/09/2024;quinta-feira;16:35:00;RS;392;10,1;RIO GRANDE;Condutor deixou de manter distância do veículo da frente;Colisão transversal;Com Vítimas Feridas;Pleno dia;Crescente;Céu Claro;Dupla;"Reta;Interseção de Vias";Sim;4;0;1;0;2;5;1;8;-32,11610015;-52,12097891;SPRF-RS;DEL07-RS;UOP02-DEL07-RS
625998;05/09/2024;quinta-feira;19:50:00;RS;448;7;ESTEIO;Ausência de reação do condutor;Engavetamento;Com Vítimas Feridas;Plena Noite;Decrescente;Céu Claro;Múltipla;Reta;Não;3;0;1;0;2;0;1;3;-29,883022;-51,236874;SPRF-RS;DEL01-RS;UOP02-DEL01-RS
625999;05/09/2024;quinta-feira;07:25:00;RS;392;350;SANTA MARIA;Desrespeitar a preferência no cruzamento;Saída de leito carroçável;Sem Vítimas;Pleno dia;Crescente;Céu Claro;Simples;"Reta;Interseção de Vias";Sim;2;0;0;0;1;1;0;2;-29,73443955;-53,79885793;SPRF-RS;DEL09-RS;UOP01-DEL09-RS
626004;05/09/2024;quinta-feira;19:00:00;RJ;116;233;PIRAI;Acessar a via sem observar a presença dos outros veículos;Colisão lateral mesmo sentido;Sem Vítimas;Plena Noite;Crescente;Céu Claro;Dupla;Curva;Não;3;0;0;0;2;1;0;3;-22,66355363;-43,84062168;SPRF-RJ;DEL07-RJ;UOP01-DEL07-RJ
626008;05/09/2024;quinta-feira;21:00:00;BA;110;85;JEREMOABO;Objeto estático sobre o leito carroçável;Colisão traseira;Com Vítimas Fatais;Plena Noite;Decrescente;Céu Claro;Simples;Reta;Não;4;1;0;0;2;1;0;4;-10,137831;-38,296102;SPRF-BA;DEL07-BA;UOP01-DEL07-BA
626010;05/09/2024;quinta-feira;21:55:00;RS;392;4,2;RIO GRANDE;Acessar a via sem observar a presença dos outros veículos;Colisão transversal;Com Vítimas Feridas;Plena Noite;Crescente;Nublado;Simples;"Reta;Interseção de Vias";Sim;3;0;1;0;1;2;1;4;-32,06960295;-52,09547805;SPRF-RS;DEL07-RS;UOP02-DEL07-RS
626013;05/09/2024;quinta-feira;21:30:00;MG;40;487;ESMERALDAS;Ausência de reação do condutor;Saída de leito carroçável;Com Vítimas Feridas;Plena Noite;Crescente;Céu Claro;Dupla;Reta;Não;2;0;1;0;0;2;1;3;-19,59896404;-44,22303708;SPRF-MG;DEL02-MG;UOP01-DEL02-MG
626014;05/09/2024;quinta-feira;22:00:00;ES;259;27;COLATINA;Ausência de reação do condutor;Tombamento;Com Vítimas Feridas;Plena Noite;Decrescente;Céu Claro;Simples;Curva;Não;3;0;2;0;0;2;2;3;-19,61382102;-40,49032331;SPRF-ES;DEL02-ES;UOP01-DEL02-ES
626017;05/09/2024;quinta-feira;20:05:00;PR;153;352,5;REBOUCAS;Transitar na contramão;Colisão lateral sentido oposto;Com Vítimas Feridas;Plena Noite;Crescente;Nublado;Simples;Reta;Não;2;0;0;1;1;0;1;2;-25,6240101;-50,70976188;SPRF-PR;DEL08-PR;UOP02-DEL08-PR
626019;05/09/2024;quinta-feira;20:55:00;SC;101;140;BALNEARIO CAMBORIU;Acessar a via sem observar a presença dos outros veículos;Colisão lateral mesmo sentido;Sem Vítimas;Plena Noite;Crescente;Céu Claro;Múltipla;Aclive;Não;2;0;0;0;0;2;0;2;-27,03881189;-48,60025148;SPRF-SC;DEL04-SC;UOP03-DEL04-SC
626021;05/09/2024;quinta-feira;17:35:00;MA;226;244,4;TUNTUM;Conversão proibida;Colisão transversal;Com Vítimas Fatais;Anoitecer;Decrescente;Céu Claro;Simples;Reta;Não;7;4;0;1;2;0;1;2;-5,39921402;-44,819873;SPRF-MA;DEL06-MA;UOP01-DEL06-MA
626033;05/09/2024;quinta-feira;23:00:00;RS;116;344;BARRA DO RIBEIRO;Ausência de reação do condutor;Colisão traseira;Com Vítimas Feridas;Plena Noite;Crescente;Nevoeiro/Neblina;Dupla;"Reta;Aclive";Não;5;0;3;0;1;1;3;4;-30,49030601;-51,48990254;SPRF-RS;DEL02-RS;UOP02-DEL02-RS
626034;06/09/2024;sexta-feira;01:10:00;PR;369;153;LONDRINA;Acessar a via sem observar a presença dos outros veículos;Colisão transversal;Com Vítimas Feridas;Plena Noite;Crescente;Céu Claro;Dupla;Reta;Sim;2;0;1;0;1;0;1;2;-23,29797636;-51,19756043;SPRF-PR;DEL07-PR;UOP01-DEL07-PR
626037;05/09/2024;quinta-feira;23:30:00;SC;101;31;JOINVILLE;Manobra de mudança de faixa;Colisão lateral mesmo sentido;Com Vítimas Feridas;Plena Noite;Crescente;Nublado;Dupla;Reta;Não;4;0;2;0;1;3;2;5;-26,22195899;-48,91634925;SPRF-SC;DEL03-SC;UOP01-DEL03-SC
626041;06/09/2024;sexta-feira;03:15:00;MG;40;455,5;CAETANOPOLIS;Reação tardia ou ineficiente do condutor;Colisão traseira;Com Vítimas Feridas;Plena Noite;Crescente;Céu Claro;Dupla;"Reta;Aclive";Sim;7;0;4;0;2;1;4;3;-19,35767518;-44,34735515;SPRF-MG;DEL02-MG;UOP01-DEL02-MG
626043;06/09/2024;sexta-feira;02:55:00;PE;101;136;ESCADA;Ausência de reação do condutor;Saída de leito carroçável;Com Vítimas Feridas;Plena Noite;Decrescente;Céu Claro;Dupla;"Declive;Curva";Não;1;0;1;0;0;0;1;1;-8,40843778;-35,27817804;SPRF-PE;DEL01-PE;UOP03-DEL01-PE
626050;06/09/2024;sexta-feira;04:10:00;RS;116;154,9;CAXIAS DO SUL;Transitar na contramão;Colisão frontal;Com Vítimas Feridas;Plena Noite;Decrescente;Céu Claro;Simples;Curva;Não;2;0;1;0;1;0;1;2;-29,19803497;-51,17744923;SPRF-RS;DEL05-RS;UOP01-DEL05-RS
626054;06/09/2024;sexta-feira;04:47:00;RS;290;52,2;GLORINHA;Condutor Dormindo;Saída de leito carroçável;Com Vítimas Feridas;Plena Noite;Crescente;Céu Claro;Dupla;Reta;Não;2;0;1;0;0;2;1;3;-29,911516;-50,777485;SPRF-RS;DEL03-RS;UOP01-DEL03-RS
626055;06/09/2024;sexta-feira;04:05:00;MT;364;434;VARZEA GRANDE;Acessar a via sem observar a presença dos outros veículos;Colisão transversal;Com Vítimas Feridas;Plena Noite;Decrescente;Nublado;Dupla;Rotatória;Sim;2;0;1;0;0;1;1;2;-15,64915561;-56,19584084;SPRF-MT;DEL01-MT;UOP02-DEL01-MT
626056;06/09/2024;sexta-feira;05:10:00;PR;277;121,7;CAMPO LARGO;Manobra de mudança de faixa;Colisão traseira;Com Vítimas Feridas;Plena Noite;Decrescente;Céu Claro;Dupla;Reta;Não;3;0;1;0;1;2;1;4;-25,443;-49,563;SPRF-PR;DEL03-PR;UOP03-DEL03-PR
626057;05/09/2024;quinta-feira;22:28:00;PI;135;511;GILBUES;Reação tardia ou ineficiente do condutor;Colisão traseira;Com Vítimas Fatais;Plena Noite;Decrescente;Céu Claro;Simples;Reta;Não;6;1;0;1;1;4;1;5;-9,80068508;-45,32791265;SPRF-PI;DEL03-PI;UOP02-DEL03-PI
626059;06/09/2024;sexta-feira;03:30:00;PE;232;62,2;POMBOS;Demais falhas mecânicas ou elétricas;Saída de leito carroçável;Com Vítimas Feridas;Plena Noite;Decrescente;Céu Claro;Dupla;"Curva;Declive";Não;5;0;2;0;3;0;2;3;-8,1577;-35,429027;SPRF-PE;DEL02-PE;UOP02-DEL02PE
626065;06/09/2024;sexta-feira;07:32:00;ES;259;53,2;COLATINA;Ausência de reação do condutor;Colisão lateral mesmo sentido;Com Vítimas Feridas;Pleno dia;Crescente;Sol;Simples;Reta;Não;2;0;1;0;1;0;1;2;-19,49989886;-40,62939795;SPRF-ES;DEL02-ES;UOP01-DEL02-ES
626067;06/09/2024;sexta-feira;05:40:00;RS;392;282,6;SAO SEPE;Acessar a via sem observar a presença dos outros veículos;Colisão transversal;Com Vítimas Fatais;Plena Noite;Crescente;Céu Claro;Simples;"Reta;Declive";Não;4;1;0;1;1;3;1;5;-30,2905489;-53,53929569;SPRF-RS;DEL09-RS;UOP02-DEL09-RS
626069;06/09/2024;sexta-feira;01:15:00;GO;364;154,7;JATAI;Ausência de reação do condutor;Colisão com objeto;Com Vítimas Feridas;Plena Noite;Crescente;Céu Claro;Simples;"Declive;Reta";Não;2;0;1;0;0;1;1;2;-18,138138;-51,454224;SPRF-GO;DEL05-GO;UOP02-DEL05-GO
626072;06/09/2024;sexta-feira;07:50:00;MG;40;606,7;CONGONHAS;Desrespeitar a preferência no cruzamento;Colisão transversal;Com Vítimas Feridas;Pleno dia;Decrescente;Céu Claro;Simples;Interseção de Vias;Sim;3;0;0;1;1;1;1;3;-20,47575131;-43,84280562;SPRF-MG;DEL05-MG;UOP02-DEL05-MG
626073;06/09/2024;sexta-feira;07:00:00;RS;386;36,6;FREDERICO WESTPHALEN;Reação tardia ou ineficiente do condutor;Colisão lateral mesmo sentido;Com Vítimas Feridas;Pleno dia;Decrescente;Céu Claro;Simples;Reta;Não;3;0;1;0;1;1;1;3;-27,373381;-53,39772;SPRF-RS;DEL08-RS;UOP02-DEL08-RS
626074;06/09/2024;sexta-feira;04:30:00;PR;163;61,2;PEROLA DOESTE;Transitar na contramão;Colisão frontal;Com Vítimas Feridas;Plena Noite;Decrescente;Céu Claro;Simples;Reta;Não;4;0;0;2;1;1;2;3;-25,89817594;-53,75308185;SPRF-PR;DEL02-PR;UOP02-DEL02-PR
626077;06/09/2024;sexta-feira;07:45:00;CE;222;3,7;CAUCAIA;Acessar a via sem observar a presença dos outros veículos;Colisão lateral mesmo sentido;Sem Vítimas;Pleno dia;Crescente;Céu Claro;Dupla;"Em Obras;Ponte";Sim;2;0;0;0;2;0;0;2;-3,74164754;-38,60449792;SPRF-CE;DEL01-CE;UOP01-DEL01-CE
626081;06/09/2024;sexta-feira;07:40:00;SC;470;136;RIO DO SUL;Ausência de reação do condutor;Engavetamento;Com Vítimas Feridas;Pleno dia;Crescente;Céu Claro;Simples;Reta;Sim;4;0;0;1;3;0;1;4;-27,18492375;-49,60458845;SPRF-SC;DEL04-SC;UOP02-DEL04-SC
626087;05/08/2024;segunda-feira;20:15:00;AL;101;34,1;JOAQUIM GOMES;Manobra de mudança de faixa;Tombamento;Com Vítimas Feridas;Plena Noite;Crescente;Céu Claro;Dupla;Curva;Não;2;0;1;0;0;1;1;2;-9,11439602;-35,76425074;SPRF-AL;DEL01-AL;UOP02-DEL01-AL
626088;06/07/2024;sábado;14:00:00;ES;262;60;MARECHAL FLORIANO;Ausência de reação do condutor;Tombamento;Com Vítimas Feridas;Pleno dia;Crescente;Céu Claro;Simples;Curva;Não;2;0;1;0;0;9;1;10;-20,42818717;-40,79167114;SPRF-ES;DEL01-ES;UOP02-DEL01-ES
626089;06/09/2024;sexta-feira;08:00:00;MG;251;509,5;FRANCISCO SA;Acessar a via sem observar a presença dos outros veículos;Colisão lateral mesmo sentido;Com Vítimas Feridas;Pleno dia;Decrescente;Céu Claro;Simples;"Reta;Interseção de Vias;Aclive";Sim;6;0;2;3;1;0;5;2;-16,64068999;-43,69966903;SPRF-MG;DEL12-MG;UOP01-DEL12-MG
626095;06/09/2024;sexta-feira;08:15:00;SP;116;528;BARRA DO TURVO;Reação tardia ou ineficiente do condutor;Colisão lateral mesmo sentido;Com Vítimas Fatais;Pleno dia;Decrescente;Garoa/Chuvisco;Dupla;Reta;Não;5;1;0;0;1;3;0;4;-24,939211;-48,301248;SPRF-SP;DEL05-SP;UOP02-DEL05-SP
626096;06/09/2024;sexta-feira;07:00:00;BA;407;182;PONTO NOVO;Reação tardia ou ineficiente do condutor;Tombamento;Com Vítimas Feridas;Pleno dia;Crescente;Céu Claro;Simples;Reta;Não;1;0;1;0;0;0;1;1;-10,94704398;-40,10503263;SPRF-BA;DEL04-BA;UOP02-DEL04-BA
626097;06/09/2024;sexta-feira;06:00:00;PR;277;580,5;CASCAVEL;Velocidade Incompatível;Colisão traseira;Com Vítimas Feridas;Amanhecer;Crescente;Céu Claro;Dupla;"Reta;Desvio Temporário";Não;8;0;3;2;1;2;5;4;-24,984741;-53,368952;SPRF-PR;DEL04-PR;UOP01-DEL04-PR
626098;06/09/2024;sexta-feira;03:30:00;MG;251;267,3;SALINAS;Condutor Dormindo;Saída de leito carroçável;Com Vítimas Fatais;Plena Noite;Crescente;Céu Claro;Simples;Reta;Não;1;1;0;0;0;0;0;1;-15,99788286;-41,97566986;SPRF-MG;DEL12-MG;UOP02-DEL12-MG
626100;06/09/2024;sexta-feira;08:00:00;TO;153;5;XAMBIOA;Animais na Pista;Atropelamento de Animal;Com Vítimas Feridas;Pleno dia;Crescente;Céu Claro;Simples;Reta;Não;3;0;0;1;1;1;1;3;-6,427149;-48,52611501;SPRF-TO;DEL02-TO;UOP01-DEL02-TO
626103;06/09/2024;sexta-feira;09:37:00;PR;116;135;FAZENDA RIO GRANDE;Ausência de sinalização;Colisão transversal;Com Vítimas Fatais;Pleno dia;Decrescente;Céu Claro;Dupla;"Reta;Aclive;Retorno Regulamentado";Sim;6;2;0;0;3;1;0;3;-25,71794561;-49,3182385;SPRF-PR;DEL01-PR;UOP03-DEL01-PR
626107;29/08/2024;quinta-feira;20:00:00;PA;163;104;ALTAMIRA;Ultrapassagem Indevida;Tombamento;Sem Vítimas;Plena Noite;Crescente;Ignorado;Simples;Reta;Não;1;0;0;0;0;1;0;1;-8,69507317;-55,00546688;SPRF-PA;DEL05-PA;UOP03-DEL05-PA
626109;06/09/2024;sexta-feira;09:30:00;PR;476;227;LAPA;Transitar na contramão;Saída de leito carroçável;Sem Vítimas;Pleno dia;Crescente;Nublado;Simples;Curva;Não;3;0;0;0;1;2;0;3;-25,855972;-49,968269;SPRF-PR;DEL01-PR;UOP06-DEL01-PR
626139;06/09/2024;sexta-feira;11:30:00;BA;101;650;ITAPEBI;Ultrapassagem Indevida;Colisão lateral mesmo sentido;Com Vítimas Feridas;Pleno dia;Crescente;Sol;Simples;Curva;Não;4;0;1;0;2;4;1;7;-16,01883507;-39,60635089;SPRF-BA;DEL05-BA;UOP02-DEL05-BA
626143;06/09/2024;sexta-feira;14:00:00;PE;408;101;JABOATAO DOS GUARARAPES;Ausência de reação do condutor;Queda de ocupante de veículo;Com Vítimas Feridas;Pleno dia;Decrescente;Céu Claro;Dupla;Reta;Não;2;0;0;1;0;1;1;2;-8,04710272;-35,00887967;SPRF-PE;DEL01-PE;UOP01-DEL01-PE
626144;06/09/2024;sexta-feira;12:26:00;PE;232;246;ARCOVERDE;Acessar a via sem observar a presença dos outros veículos;Colisão transversal;Com Vítimas Feridas;Pleno dia;Crescente;Céu Claro;Simples;"Reta;Em Obras";Não;5;0;2;2;1;0;4;2;-8,42022198;-37,016598;SPRF-PE;DEL04-PE;UOP02-DEL04-PE
626145;06/09/2024;sexta-feira;14:30:00;RS;470;232,7;CARLOS BARBOSA;Desrespeitar a preferência no cruzamento;Colisão transversal;Com Vítimas Feridas;Pleno dia;Crescente;Sol;Simples;Retorno Regulamentado;Não;5;0;2;0;3;0;2;2;-29,29846273;-51,48107891;SPRF-RS;DEL06-RS;UOP01-DEL06-RS
626147;06/09/2024;sexta-feira;14:30:00;PR;163;78,4;PLANALTO;Acessar a via sem observar a presença dos outros veículos;Colisão traseira;Sem Vítimas;Pleno dia;Decrescente;Céu Claro;Simples;"Reta;Declive";Não;4;0;0;0;3;1;0;4;-25,73247566;-53,79884183;SPRF-PR;DEL02-PR;UOP02-DEL02-PR
626148;06/09/2024;sexta-feira;11:30:00;BA;116;748,3;POCOES;Ultrapassagem Indevida;Colisão lateral sentido oposto;Com Vítimas Feridas;Pleno dia;Decrescente;Céu Claro;Simples;Curva;Não;2;0;1;0;1;0;1;2;-14,414584;-40,35219897;SPRF-BA;DEL08-BA;UOP02-DEL08-BA
626153;06/09/2024;sexta-feira;13:11:00;MT;163;607;NOVA MUTUM;Condutor deixou de manter distância do veículo da frente;Colisão traseira;Com Vítimas Feridas;Pleno dia;Decrescente;Sol;Simples;Reta;Não;4;0;3;0;0;1;3;2;-13,73004693;-56,04743958;SPRF-MT;DEL01-MT;UOP01-DEL01-MT
626155;06/09/2024;sexta-feira;15:00:00;GO;80;65;PADRE BERNARDO;Ausência de reação do condutor;Tombamento;Com Vítimas Feridas;Pleno dia;Crescente;Céu Claro;Simples;"Curva;Aclive";Não;6;0;4;0;1;2;4;4;-15,210097;-48,482737;SPRF-DF;DEL03-DF;UOP02-DEL03-DF
626156;06/09/2024;sexta-feira;13:45:00;AL;104;7,2;SAO JOSE DA LAJE;Ultrapassagem Indevida;Colisão transversal;Com Vítimas Feridas;Pleno dia;Decrescente;Sol;Simples;"Reta;Aclive";Não;3;0;0;2;0;1;2;2;-8,95590995;-36,02384445;SPRF-AL;DEL01-AL;UOP02-DEL01-AL