id;data_inversa;dia_semana;horario;uf;br;km;municipio;causa_acidente;tipo_acidente;classificacao_acidente;fase_dia;sentido_via;condicao_metereologica;tipo_pista;tracado_via;uso_solo;pessoas;mortos;feridos_leves;feridos_graves;ilesos;ignorados;feridos;veiculos;latitude;longitude;regional;delegacia;uop
626158;06/09/2024;sexta-feira;07:00:00;MG;365;187,7;BURITIZEIRO;Reação tardia ou ineficiente do condutor;Colisão lateral sentido oposto;Com Vítimas Feridas;Pleno dia;Crescente;Céu Claro;Simples;Curva;Não;3;0;1;0;1;3;1;5;-17,42442595;-45,14775004;SPRF-MG;DEL10-MG;UOP02-DEL010-MG
626161;06/09/2024;sexta-feira;15:45:00;RS;448;10;CANOAS;Mal súbito do condutor;Saída de leito carroçável;Com Vítimas Feridas;Pleno dia;Decrescente;Céu Claro;Simples;Curva;Não;2;0;1;0;1;0;1;1;-29,88403918;-51,23512745;SPRF-RS;DEL01-RS;UOP01-DEL01-RS
626163;06/09/2024;sexta-feira;14:40:00;MT;364;301;JACIARA;Condutor deixou de manter distância do veículo da frente;Colisão traseira;Com Vítimas Fatais;Pleno dia;Crescente;Céu Claro;Dupla;Reta;Não;5;2;0;1;1;2;1;4;-15,838373;-55,16146;SPRF-MT;DEL05-MT;UOP02-DEL05-MT
626165;02/09/2024;segunda-feira;12:00:00;BA;324;600;SIMOES FILHO;Manobra de mudança de faixa;Colisão lateral mesmo sentido;Com Vítimas Feridas;Pleno dia;Crescente;Céu Claro;Dupla;Reta;Não;4;0;1;0;3;0;1;2;-12,74882798;-38,43296497;SPRF-BA;DEL01-BA;UOP01-DEL01-BA
626166;06/09/2024;sexta-feira;16:00:00;PR;277;37,3;MORRETES;Problema com o freio;Colisão traseira;Com Vítimas Feridas;Pleno dia;Decrescente;Nublado;Dupla;"Declive;Curva";Não;11;0;2;5;3;2;7;7;-25,574653;-48,848;SPRF-PR;DEL01-PR;UOP05-DEL01-PR
626168;06/09/2024;sexta-feira;13:15:00;AL;316;247;ATALAIA;Condutor deixou de manter distância do veículo da frente;Colisão traseira;Com Vítimas Feridas;Pleno dia;Decrescente;Nublado;Simples;Reta;Não;4;0;0;1;1;2;1;3;-9,52549872;-35,99508253;SPRF-AL;DEL01-AL;UOP01-DEL01-AL
626171;06/09/2024;sexta-feira;16:30:00;CE;116;44;HORIZONTE;Acesso irregular;Colisão traseira;Com Vítimas Feridas;Pleno dia;Crescente;Céu Claro;Dupla;Retorno Regulamentado;Não;2;0;1;0;1;0;1;2;-4,12328084;-38,48614261;SPRF-CE;DEL01-CE;UOP02-DEL01-CE
626173;06/09/2024;sexta-feira;16:11:00;SP;116;172;JACAREI;Ausência de reação do condutor;Colisão lateral mesmo sentido;Sem Vítimas;Pleno dia;Crescente;Nublado;Dupla;"Declive;Reta";Não;2;0;0;0;1;1;0;2;-23,31527532;-46,07231796;SPRF-SP;DEL02-SP;UOP01-DEL02-SP
626178;06/09/2024;sexta-feira;17:00:00;PE;101;48,2;ABREU E LIMA;Manobra de mudança de faixa;Colisão lateral mesmo sentido;Com Vítimas Feridas;Anoitecer;Crescente;Céu Claro;Múltipla;Reta;Sim;3;0;1;0;1;1;1;3;-7,895523;-34,903116;SPRF-PE;DEL01-PE;UOP02-DEL01-PE
626195;17/08/2024;sábado;12:11:00;RO;319;59;PORTO VELHO;Manobra de mudança de faixa;Colisão transversal;Com Vítimas Feridas;Pleno dia;Decrescente;Céu Claro;Múltipla;"Reta;Declive";Sim;2;0;1;0;1;0;1;2;-8,74281964;-63,90684307;SPRF-RO;DEL01-RO;UOP01-DEL01-RO
626202;06/09/2024;sexta-feira;15:40:00;SC;282;455;PONTE SERRADA;Ultrapassagem Indevida;Colisão lateral mesmo sentido;Com Vítimas Feridas;Pleno dia;Crescente;Céu Claro;Simples;"Curva;Declive";Não;5;0;0;1;2;2;1;3;-26,888617;-51,99427;SPRF-SC;DEL07-SC;UOP04-DEL07-SC
626207;06/09/2024;sexta-feira;17:22:00;SC;101;348,9;JAGUARUNA;Reação tardia ou ineficiente do condutor;Colisão lateral mesmo sentido;Com Vítimas Fatais;Pleno dia;Crescente;Céu Claro;Múltipla;Curva;Não;5;1;0;0;2;3;0;6;-28,58872346;-49,04600501;SPRF-SC;DEL02-SC;UOP01-DEL02-SC
626212;06/09/2024;sexta-feira;19:10:00;PB;230;28;JOAO PESSOA;Manobra de mudança de faixa;Colisão lateral mesmo sentido;Com Vítimas Feridas;Plena Noite;Decrescente;Céu Claro;Dupla;Reta;Sim;3;0;2;0;0;1;2;2;-7,1651;-34,8941;SPRF-PB;DEL01-PB;UOP01-DEL01-PB
626216;06/09/2024;sexta-feira;19:10:00;PR;163;164,5;LINDOESTE;Reação tardia ou ineficiente do condutor;Colisão lateral mesmo sentido;Sem Vítimas;Pleno dia;Crescente;Céu Claro;Simples;Reta;Sim;3;0;0;0;1;2;0;3;-25,25496253;-53,57710361;SPRF-PR;DEL05-PR;UOP05-DEL05-PR
626220;06/09/2024;sexta-feira;17:00:00;TO;153;287;BRASILANDIA DO TOCANTINS;Carga excessiva e/ou mal acondicionada;Saída de leito carroçável;Com Vítimas Fatais;Anoitecer;Decrescente;Céu Claro;Simples;Reta;Não;4;3;0;0;0;1;0;2;-8,41697697;-48,48102566;SPRF-TO;DEL02-TO;UOP02-DEL02-TO
626224;06/09/2024;sexta-feira;19:00:00;MG;40;523;CONTAGEM;Trafegar com motocicleta (ou similar) entre as faixas;Colisão lateral mesmo sentido;Com Vítimas Feridas;Anoitecer;Decrescente;Céu Claro;Dupla;"Declive;Curva";Não;4;0;0;1;2;1;1;4;-19,86874894;-44,05962197;SPRF-MG;DEL01-MG;UOP02-DEL01-MG
626233;06/09/2024;sexta-feira;19:15:00;PE;232;171;BELO JARDIM;Ingestão de álcool pelo condutor;Colisão lateral sentido oposto;Sem Vítimas;Plena Noite;Crescente;Céu Claro;Simples;Reta;Não;3;0;0;0;2;1;0;3;-8,34239456;-36,35216713;SPRF-PE;DEL03-PE;UOP02-DEL03-PE
626237;06/09/2024;sexta-feira;19:50:00;PR;369;148;LONDRINA;Reação tardia ou ineficiente do condutor;Colisão traseira;Com Vítimas Feridas;Plena Noite;Crescente;Céu Claro;Dupla;"Interseção de Vias;Reta";Sim;2;0;1;0;1;0;1;2;-23,2929113;-51,1430043;SPRF-PR;DEL07-PR;UOP01-DEL07-PR
626246;06/09/2024;sexta-feira;19:28:00;SC;280;26;ARAQUARI;Acessar a via sem observar a presença dos outros veículos;Colisão transversal;Com Vítimas Feridas;Plena Noite;Crescente;Céu Claro;Simples;"Reta;Interseção de Vias";Não;5;0;1;1;2;2;2;5;-26,38972308;-48,73411593;SPRF-SC;DEL03-SC;UOP03-DEL03-SC
626247;06/09/2024;sexta-feira;20:20:00;GO;153;513,4;APARECIDA DE GOIANIA;Manobra de mudança de faixa;Colisão lateral mesmo sentido;Com Vítimas Feridas;Plena Noite;Crescente;Céu Claro;Múltipla;"Reta;Declive";Sim;6;0;1;0;4;1;1;5;-16,8244;-49,2421;SPRF-GO;DEL01-GO;UOP03-DEL01-GO
626259;06/09/2024;sexta-feira;21:20:00;GO;414;423;ABADIANIA;Transitar na contramão;Colisão lateral sentido oposto;Com Vítimas Feridas;Plena Noite;Crescente;Céu Claro;Simples;Curva;Não;4;0;1;0;2;1;1;2;-16,14980894;-48,88957272;SPRF-GO;DEL02-GO;UOP01-DEL02-GO
626265;06/09/2024;sexta-feira;21:20:00;RJ;101;159;MACAE;Condutor Dormindo;Saída de leito carroçável;Com Vítimas Feridas;Plena Noite;Decrescente;Céu Claro;Simples;"Reta;Ponte";Não;2;0;1;1;0;0;2;1;-22,27732291;-41,87226924;SPRF-RJ;DEL08-RJ;UOP04-DEL08-RJ
626266;06/09/2024;sexta-feira;18:34:00;AC;317;100;SENADOR GUIOMARD;Ultrapassagem Indevida;Colisão lateral mesmo sentido;Sem Vítimas;Plena Noite;Decrescente;Céu Claro;Simples;Reta;Não;8;0;0;0;7;2;0;4;-10,32899603;-67,68797014;SPRF-AC;DEL01-AC;UOP01-DEL01-AC
626272;06/09/2024;sexta-feira;21:05:00;PR;376;172;MARINGA;Carga excessiva e/ou mal acondicionada;Tombamento;Sem Vítimas;Plena Noite;Decrescente;Céu Claro;Dupla;Rotatória;Sim;2;0;0;0;1;1;0;2;-23,41847856;-51,9720161;SPRF-PR;DEL09-PR;UOP01-DEL09-PR
626282;06/09/2024;sexta-feira;22:50:00;MS;163;58,8;ELDORADO;Reação tardia ou ineficiente do condutor;Colisão lateral sentido oposto;Com Vítimas Feridas;Plena Noite;Decrescente;Céu Claro;Simples;Reta;Não;14;0;2;1;10;2;3;6;-23,63831995;-54,24423609;SPRF-MS;DEL09-MS;UOP02-DEL09-MS
626283;06/09/2024;sexta-feira;23:00:00;SC;282;492,8;FAXINAL DOS GUEDES;Ultrapassagem Indevida;Colisão lateral mesmo sentido;Com Vítimas Feridas;Plena Noite;Decrescente;Céu Claro;Simples;Reta;Não;4;0;2;0;1;1;2;3;-26,871534;-52,300915;SPRF-SC;DEL07-SC;UOP01-DEL07-SC
626290;07/09/2024;sábado;00:30:00;RS;290;368,5;VILA NOVA DO SUL;Carga excessiva e/ou mal acondicionada;Capotamento;Com Vítimas Feridas;Plena Noite;Crescente;Céu Claro;Simples;"Reta;Aclive";Não;2;0;1;0;1;0;1;1;-30,342834;-53,83968;SPRF-RS;DEL09-RS;UOP02-DEL09-RS
626292;07/09/2024;sábado;00:50:00;BA;324;530;FEIRA DE SANTANA;Ausência de reação do condutor;Colisão traseira;Com Vítimas Feridas;Plena Noite;Decrescente;Céu Claro;Dupla;Reta;Não;3;0;1;0;1;1;1;3;-12,32818491;-38,86174193;SPRF-BA;DEL01-BA;UOP03-DEL01-BA
626301;07/09/2024;sábado;01:02:00;SC;470;88,6;ASCURRA;Condutor Dormindo;Colisão lateral sentido oposto;Com Vítimas Feridas;Plena Noite;Crescente;Nublado;Simples;Curva;Sim;3;0;1;0;1;2;1;4;-26,955355;-49,373169;SPRF-SC;DEL04-SC;UOP01-DEL04-SC
626302;07/09/2024;sábado;01:50:00;RS;386;439;NOVA SANTA RITA;Reação tardia ou ineficiente do condutor;Colisão lateral mesmo sentido;Com Vítimas Feridas;Plena Noite;Decrescente;Céu Claro;Simples;Curva;Sim;4;0;1;0;2;1;1;3;-29,871458;-51,248714;SPRF-RS;DEL04-RS;UOP02-DEL04-RS
626316;07/09/2024;sábado;03:30:00;TO;153;190;NOVA OLINDA;Reação tardia ou ineficiente do condutor;Colisão traseira;Sem Vítimas;Plena Noite;Decrescente;Céu Claro;Simples;Reta;Não;3;0;0;0;2;1;0;2;-7,55957102;-48,42004379;SPRF-TO;DEL02-TO;UOP01-DEL02-TO
626317;07/09/2024;sábado;04:20:00;SP;116;144,5;SAO JOSE DOS CAMPOS;Velocidade Incompatível;Tombamento;Com Vítimas Fatais;Plena Noite;Crescente;Céu Claro;Dupla;Aclive;Sim;3;1;0;0;0;2;0;3;-23,18274416;-45,84633592;SPRF-SP;DEL02-SP;UOP01-DEL02-SP
626318;06/09/2024;sexta-feira;20:00:00;MG;116;25;CACHOEIRA DE PAJEU;Transitar na contramão;Colisão lateral sentido oposto;Com Vítimas Feridas;Plena Noite;Crescente;Céu Claro;Simples;"Curva;Declive";Não;3;0;2;0;1;0;2;2;-15,87144601;-41,43021999;SPRF-BA;DEL08-BA;UOP03-DEL08-BA
626320;07/09/2024;sábado;04:35:00;PB;230;27;JOAO PESSOA;Trafegar com motocicleta (ou similar) entre as faixas;Colisão traseira;Com Vítimas Fatais;Plena Noite;Crescente;Céu Claro;Dupla;"Aclive;Reta;Viaduto";Sim;3;1;0;0;2;0;0;3;-7,1677;-34,8855;SPRF-PB;DEL01-PB;UOP01-DEL01-PB
626322;07/09/2024;sábado;04:10:00;SC;101;160;PORTO BELO;Ausência de reação do condutor;Tombamento;Com Vítimas Fatais;Plena Noite;Decrescente;Céu Claro;Dupla;Reta;Não;4;1;0;0;1;2;0;4;-27,20725;-48,61908;SPRF-SC;DEL04-SC;UOP03-DEL04-SC
626333;06/09/2024;sexta-feira;19:18:00;RO;429;44,3;PRESIDENTE MEDICI;Velocidade Incompatível;Tombamento;Com Vítimas Feridas;Plena Noite;Decrescente;Céu Claro;Simples;Curva;Não;2;0;1;0;0;1;1;2;-11,20048387;-61,92886201;SPRF-RO;DEL02-RO;UOP03-DEL02-RO
626343;07/09/2024;sábado;06:40:00;RJ;116;242;PIRAI;Mal súbito do condutor;Colisão com objeto;Com Vítimas Feridas;Pleno dia;Decrescente;Céu Claro;Dupla;"Reta;Aclive";Sim;1;0;1;0;0;0;1;1;-22,63522537;-43,90258636;SPRF-RJ;DEL07-RJ;UOP01-DEL07-RJ
626346;07/09/2024;sábado;07:00:00;MG;251;334;FRUTA DE LEITE;Ausência de reação do condutor;Tombamento;Com Vítimas Fatais;Pleno dia;Decrescente;Céu Claro;Simples;"Curva;Declive";Não;2;1;0;0;0;1;0;2;-16,26293804;-42,40714442;SPRF-MG;DEL12-MG;UOP02-DEL12-MG
626348;07/09/2024;sábado;08:30:00;MG;381;929;ITAPEVA;Velocidade Incompatível;Tombamento;Com Vítimas Feridas;Pleno dia;Crescente;Céu Claro;Dupla;Curva;Não;4;0;2;1;0;1;3;2;-22,79911462;-46,26123692;SPRF-MG;DEL16-MG;UOP03-DEL16-MG
626358;07/09/2024;sábado;05:30:00;RJ;101;482;ANGRA DOS REIS;Ingestão de álcool pelo condutor;Colisão transversal;Com Vítimas Feridas;Amanhecer;Decrescente;Nublado;Simples;Curva;Não;2;0;0;1;1;0;1;2;-23,00453;-44,29746;SPRF-RJ;DEL03-RJ;UOP03-DEL03-RJ
626361;07/09/2024;sábado;07:50:00;RS;0;0;PORTO ALEGRE;Problema na suspensão;Eventos atípicos;Sem Vítimas;Pleno dia;Não Informado;Nublado;Simples;Reta;Sim;2;0;0;0;2;0;0;2;-30,0424488;-51,2279308;SPRF-RS;DEL01-RS;UOP01-DEL01-RS
626367;07/09/2024;sábado;09:20:00;MG;381;575,5;ITAGUARA;Ausência de reação do condutor;Colisão lateral mesmo sentido;Com Vítimas Feridas;Pleno dia;Decrescente;Céu Claro;Dupla;Reta;Não;3;0;1;0;1;1;1;3;-20,47362595;-44,58422842;SPRF-MG;DEL04-MG;UOP01-DEL04-MG
626379;07/09/2024;sábado;07:30:00;MG;116;665;SAO FRANCISCO DO GLORIA;Ausência de reação do condutor;Tombamento;Com Vítimas Feridas;Pleno dia;Crescente;Céu Claro;Simples;Curva;Não;1;0;1;0;0;0;1;1;-20,82713698;-42,32223579;SPRF-MG;DEL07-MG;UOP02-DEL07-MG
626391;07/09/2024;sábado;10:30:00;RJ;101;308;SAO GONCALO;Mal súbito do condutor;Colisão lateral mesmo sentido;Com Vítimas Fatais;Pleno dia;Crescente;Céu Claro;Dupla;Reta;Sim;3;1;1;0;1;0;1;3;-22,79309326;-43,02479595;SPRF-RJ;DEL02-RJ;UOP02-DEL02-RJ
626398;07/09/2024;sábado;05:45:00;MT;163;981;TERRA NOVA DO NORTE;Ultrapassagem Indevida;Colisão lateral sentido oposto;Com Vítimas Feridas;Amanhecer;Decrescente;Céu Claro;Simples;"Curva;Aclive";Não;6;0;1;0;4;3;1;5;-10,650322;-55,130295;SPRF-MT;DEL06-MT;UOP03-DEL06-MT
626404;07/09/2024;sábado;11:05:00;PR;376;631,2;SAO JOSE DOS PINHAIS;Problema com o freio;Incêndio;Sem Vítimas;Pleno dia;Crescente;Céu Claro;Dupla;Reta;Não;2;0;0;0;1;3;0;4;-25,713187;-49,13943;SPRF-PR;DEL01-PR;UOP04-DEL01-PR
626405;07/09/2024;sábado;11:40:00;MG;40;517;RIBEIRAO DAS NEVES;Demais falhas na via;Colisão com objeto;Sem Vítimas;Pleno dia;Decrescente;Sol;Dupla;Interseção de Vias;Sim;3;0;0;0;2;1;0;3;-19,82351202;-44,08438913;SPRF-MG;DEL01-MG;UOP02-DEL01-MG
626407;07/09/2024;sábado;11:50:00;SP;116;499;CAJATI;Reação tardia ou ineficiente do condutor;Tombamento;Com Vítimas Feridas;Pleno dia;Crescente;Granizo;Múltipla;Curva;Não;2;0;0;1;0;2;1;3;-24,78228753;-48,17695233;SPRF-SP;DEL05-SP;UOP02-DEL05-SP
626411;07/09/2024;sábado;13:30:00;MG;40;517;RIBEIRAO DAS NEVES;Desrespeitar a preferência no cruzamento;Colisão traseira;Com Vítimas Feridas;Pleno dia;Decrescente;Céu Claro;Dupla;"Reta;Retorno Regulamentado";Sim;3;0;0;1;1;1;1;3;-19,82351202;-44,08438913;SPRF-MG;DEL01-MG;UOP02-DEL01-MG
626416;07/09/2024;sábado;11:40:00;GO;153;77;PORANGATU;Ausência de reação do condutor;Engavetamento;Com Vítimas Feridas;Pleno dia;Crescente;Céu Claro;Simples;"Reta;Declive";Não;4;0;0;1;2;3;1;6;-13,495361;-49,132575;SPRF-GO;DEL07-GO;UOP01-DEL07-GO
626423;07/09/2024;sábado;14:02:00;MG;40;519,5;CONTAGEM;Condutor deixou de manter distância do veículo da frente;Colisão traseira;Com Vítimas Feridas;Pleno dia;Decrescente;Céu Claro;Dupla;Reta;Não;3;0;1;0;2;0;1;3;-19,83957589;-44,07684485;SPRF-MG;DEL01-MG;UOP02-DEL01-MG
626427;05/07/2024;sexta-feira;16:20:00;ES;262;119,9;CONCEICAO DO CASTELO;Avarias e/ou desgaste excessivo no pneu;Tombamento;Com Vítimas Feridas;Pleno dia;Crescente;Céu Claro;Simples;"Declive;Curva";Não;2;0;1;0;0;1;1;2;-20,30808632;-41,24087334;SPRF-ES;DEL01-ES;UOP02-DEL01-ES
626428;07/09/2024;sábado;13:50:00;BA;101;284;LAJE;Ultrapassagem Indevida;Colisão frontal;Com Vítimas Feridas;Pleno dia;Crescente;Céu Claro;Simples;Reta;Não;3;0;1;1;0;1;2;2;-13,26062292;-39,32435125;SPRF-BA;DEL01-BA;UOP02-DEL01-BA
626429;04/09/2024;quarta-feira;08:00:00;DF;80;9;BRASILIA;Ausência de reação do condutor;Tombamento;Sem Vítimas;Pleno dia;Decrescente;Céu Claro;Simples;Rotatória;Não;1;0;0;0;1;0;0;1;-15,731064;-48,159393;SPRF-DF;DEL03-DF;UOP02-DEL03-DF
626436;07/09/2024;sábado;16:00:00;RN;304;64,1;MOSSORO;Demais falhas mecânicas ou elétricas;Incêndio;Sem Vítimas;Pleno dia;Decrescente;Céu Claro;Simples;Reta;Não;2;0;0;0;1;1;0;2;-5,35496318;-37,25207133;SPRF-RN;DEL04-RN;UOP01-DEL04-RN
626440;07/09/2024;sábado;14:15:00;RS;290;57;GLORINHA;Condutor deixou de manter distância do veículo da frente;Colisão traseira;Com Vítimas Feridas;Pleno dia;Decrescente;Nublado;Dupla;Aclive;Não;3;0;0;1;1;1;1;3;-29,918623;-50,828213;SPRF-RS;DEL03-RS;UOP01-DEL03-RS
626450;07/09/2024;sábado;13:00:00;PR;376;322,7;ORTIGUEIRA;Velocidade Incompatível;Tombamento;Com Vítimas Feridas;Pleno dia;Crescente;Sol;Simples;"Declive;Curva";Não;2;0;1;0;0;2;1;3;-24,0424807;-51,07663572;SPRF-PR;DEL07-PR;UOP02-DEL07-PR
626451;07/09/2024;sábado;12:30:00;MT;364;328;CAMPO VERDE;Carga excessiva e/ou mal acondicionada;Incêndio;Sem Vítimas;Pleno dia;Decrescente;Sol;Simples;Reta;Não;2;0;0;0;1;1;0;2;-15,81572524;-55,39421693;SPRF-MT;DEL05-MT;UOP02-DEL05-MT
626457;07/09/2024;sábado;17:30:00;ES;101;294,6;CARIACICA;Carga excessiva e/ou mal acondicionada;Tombamento;Com Vítimas Fatais;Anoitecer;Crescente;Céu Claro;Simples;Curva;Não;4;1;0;1;1;1;1;3;-20,32838997;-40,3984344;SPRF-ES;DEL01-ES;UOP01-DEL01-ES
626458;07/09/2024;sábado;13:15:00;SP;116;307;SAO LOURENCO DA SERRA;Reação tardia ou ineficiente do condutor;Saída de leito carroçável;Com Vítimas Fatais;Pleno dia;Crescente;Céu Claro;Dupla;Reta;Sim;2;1;0;0;0;1;0;2;-23,85630016;-46,94096988;SPRF-SP;DEL04-SP;UOP01-DEL04-SP
626467;04/09/2024;quarta-feira;04:40:00;PR;116;7,5;QUATRO BARRAS;Velocidade Incompatível;Saída de leito carroçável;Com Vítimas Feridas;Amanhecer;Decrescente;Céu Claro;Dupla;Reta;Sim;1;0;1;0;0;0;1;1;-25,3683;-49,1074;SPRF-PR;DEL01-PR;UOP02-DEL01-PR
626510;06/09/2024;sexta-feira;06:00:00;PA;10;307;IRITUIA;Demais falhas mecânicas ou elétricas;Incêndio;Sem Vítimas;Amanhecer;Crescente;Céu Claro;Simples;Reta;Sim;2;0;0;0;1;1;0;2;-1,74771497;-47,50359387;SPRF-PA;DEL02-PA;UOP01-DEL02-PA
626520;07/09/2024;sábado;22:05:00;PR;369;495,1;CASCAVEL;Ultrapassagem Indevida;Colisão frontal;Com Vítimas Fatais;Plena Noite;Decrescente;Céu Claro;Simples;Reta;Não;4;1;0;0;1;2;0;4;-24,86852722;-53,34154129;SPRF-PR;DEL04-PR;UOP01-DEL04-PR
626521;07/09/2024;sábado;18:47:00;MT;163;70;RONDONOPOLIS;Ingestão de álcool pelo condutor;Saída de leito carroçável;Com Vítimas Feridas;Plena Noite;Decrescente;Céu Claro;Dupla;Reta;Não;2;0;1;0;0;2;1;3;-16,90228595;-54,72191716;SPRF-MT;DEL02-MT;UOP03-DEL02-MT
626538;07/09/2024;sábado;23:00:00;RJ;493;69;NOVA IGUACU;Reação tardia ou ineficiente do condutor;Saída de leito carroçável;Com Vítimas Feridas;Plena Noite;Crescente;Céu Claro;Dupla;Curva;Não;2;0;1;0;0;1;1;2;-22,682063;-43,475246;SPRF-RJ;DEL01-RJ;UOP03-DEL01-RJ
626539;07/09/2024;sábado;18:40:00;PI;316;83;LAGOINHA DO PIAUI;Condutor deixou de manter distância do veículo da frente;Colisão lateral mesmo sentido;Com Vítimas Feridas;Plena Noite;Decrescente;Céu Claro;Simples;Reta;Não;2;0;0;1;0;1;1;2;-5,76504417;-42,60991708;SPRF-PI;DEL04-PI;UOP02-DEL04-PI
626540;07/09/2024;sábado;23:15:00;ES;101;211,7;IBIRACU;Acessar a via sem observar a presença dos outros veículos;Colisão lateral mesmo sentido;Com Vítimas Feridas;Plena Noite;Crescente;Nublado;Simples;Reta;Não;2;0;1;0;0;1;1;2;-19,80700903;-40,36767233;SPRF-ES;DEL02-ES;UOP01-DEL02-ES
626559;08/09/2024;domingo;01:20:00;SP;116;190;SANTA ISABEL;Ausência de reação do condutor;Colisão transversal;Com Vítimas Fatais;Plena Noite;Decrescente;Nublado;Dupla;Curva;Não;2;1;0;0;1;0;0;2;-23,36821879;-46,23367409;SPRF-SP;DEL01-SP;UOP01-DEL01-SP
626568;08/09/2024;domingo;03:00:00;SP;116;132,4;CACAPAVA;Reação tardia ou ineficiente do condutor;Colisão traseira;Com Vítimas Feridas;Plena Noite;Decrescente;Céu Claro;Dupla;Reta;Não;24;0;5;0;18;1;5;3;-23,13169757;-45,74481322;SPRF-SP;DEL02-SP;UOP02-DEL02-SP
626593;08/09/2024;domingo;02:50:00;BA;20;191;LUIS EDUARDO MAGALHAES;Ingestão de álcool pelo condutor;Colisão frontal;Sem Vítimas;Plena Noite;Decrescente;Céu Claro;Simples;Reta;Não;3;0;0;0;2;1;0;3;-12,2685;-45,8423;SPRF-BA;DEL10-BA;UOP01-DEL10-BA
626595;08/09/2024;domingo;05:50:00;GO;153;199;URUACU;Ingestão de álcool pelo condutor;Colisão lateral sentido oposto;Com Vítimas Feridas;Amanhecer;Decrescente;Céu Claro;Simples;Curva;Sim;4;0;0;1;1;3;1;5;-14,524462;-49,15884;SPRF-GO;DEL07-GO;UOP02-DEL07-GO
626596;08/09/2024;domingo;06:26:00;PE;232;117;CARUARU;Reação tardia ou ineficiente do condutor;Saída de leito carroçável;Com Vítimas Feridas;Amanhecer;Crescente;Chuva;Dupla;Reta;Não;3;0;1;1;1;0;2;1;-8,29529153;-35,8754959;SPRF-PE;DEL02-PE;UOP01-DEL02-PE
626617;08/09/2024;domingo;05:30:00;MT;163;809;SINOP;Ingestão de álcool pelo condutor;Colisão lateral sentido oposto;Com Vítimas Feridas;Amanhecer;Decrescente;Céu Claro;Simples;"Reta;Aclive";Não;3;0;1;0;1;3;1;5;-12,09406;-55,517727;SPRF-MT;DEL06-MT;UOP02-DEL06-MT
626631;08/09/2024;domingo;03:00:00;PE;316;360;PETROLANDIA;Ausência de reação do condutor;Saída de leito carroçável;Sem Vítimas;Plena Noite;Decrescente;Céu Claro;Simples;Reta;Não;2;0;0;0;0;2;0;2;-8,91846796;-38,2288703;SPRF-PE;DEL04-PE;UOP03-DEL04-PE
626633;08/09/2024;domingo;08:54:00;MG;251;353,9;PADRE CARVALHO;Reação tardia ou ineficiente do condutor;Saída de leito carroçável;Com Vítimas Feridas;Pleno dia;Decrescente;Céu Claro;Simples;"Reta;Aclive";Não;2;0;1;0;0;1;1;2;-16,287023;-42,53992081;SPRF-MG;DEL12-MG;UOP02-DEL12-MG
626647;08/09/2024;domingo;12:30:00;PE;104;63,8;CARUARU;Reação tardia ou ineficiente do condutor;Colisão com objeto;Sem Vítimas;Pleno dia;Crescente;Chuva;Dupla;Reta;Sim;1;0;0;0;1;0;0;1;-8,2698;-35,9803;SPRF-PE;DEL02-PE;UOP01-DEL02-PE
626648;31/08/2024;sábado;06:30:00;MG;381;172,7;GOVERNADOR VALADARES;Demais falhas mecânicas ou elétricas;Incêndio;Sem Vítimas;Pleno dia;Decrescente;Céu Claro;Simples;Reta;Não;2;0;0;0;1;1;0;2;-18,98622096;-42,10906603;SPRF-MG;DEL06-MG;UOP01-DEL06-MG
626658;31/08/2024;sábado;23:00:00;RJ;116;147;DUQUE DE CAXIAS;Frear bruscamente;Colisão traseira;Sem Vítimas;Plena Noite;Decrescente;Céu Claro;Dupla;Reta;Sim;3;0;0;0;2;1;0;3;-22,66978425;-43,27286493;SPRF-RJ;DEL01-RJ;UOP02-DEL01-RJ
626660;08/09/2024;domingo;13:00:00;GO;70;7;AGUAS LINDAS DE GOIAS;Manobra de mudança de faixa;Colisão transversal;Com Vítimas Feridas;Pleno dia;Crescente;Céu Claro;Múltipla;Reta;Sim;4;0;1;0;2;1;1;3;-15,74375533;-48,26779708;SPRF-DF;DEL03-DF;UOP02-DEL03-DF
626666;08/09/2024;domingo;09:15:00;MG;262;670,3;IBIA;Transtornos Mentais (exceto suicidio);Colisão com objeto;Sem Vítimas;Pleno dia;Crescente;Céu Claro;Múltipla;"Reta;Declive";Não;2;0;0;0;1;3;0;4;-19,54647026;-46,79910015;SPRF-MG;DEL08-MG;UOP01-DEL08-MG
626669;08/09/2024;domingo;15:00:00;ES;101;202;JOAO NEIVA;Ingestão de álcool pelo condutor;Queda de ocupante de veículo;Com Vítimas Feridas;Pleno dia;Decrescente;Céu Claro;Simples;Curva;Não;4;0;0;2;1;1;2;3;-19,74171801;-40,36521517;SPRF-ES;DEL04-ES;UOP01-DEL04-ES
626678;08/09/2024;domingo;16:00:00;GO;364;201;JATAI;Ausência de reação do condutor;Colisão traseira;Sem Vítimas;Pleno dia;Crescente;Céu Claro;Simples;Curva;Não;5;0;0;0;4;2;0;5;-17,914806;-51,765602;SPRF-GO;DEL05-GO;UOP01-DEL05-GO
626702;08/09/2024;domingo;15:10:00;GO;153;24;PORANGATU;Ultrapassagem Indevida;Colisão lateral mesmo sentido;Com Vítimas Feridas;Pleno dia;Decrescente;Céu Claro;Simples;Reta;Não;5;0;3;0;1;1;3;3;-13,037155;-49,171806;SPRF-GO;DEL07-GO;UOP01-DEL07-GO
626712;08/09/2024;domingo;10:40:00;MT;364;335,8;SANTO ANTONIO DO LEVERGER;Demais Fenômenos da natureza;Incêndio;Sem Vítimas;Pleno dia;Decrescente;Nublado;Dupla;Reta;Não;2;0;0;0;1;2;0;3;-15,83561357;-55,47671408;SPRF-MT;DEL05-MT;UOP02-DEL05-MT