id;data_inversa;dia_semana;horario;uf;br;km;municipio;causa_acidente;tipo_acidente;classificacao_acidente;fase_dia;sentido_via;condicao_metereologica;tipo_pista;tracado_via;uso_solo;pessoas;mortos;feridos_leves;feridos_graves;ilesos;ignorados;feridos;veiculos;latitude;longitude;regional;delegacia;uop
626717;31/08/2024;sábado;14:30:00;ES;262;89,7;DOMINGOS MARTINS;Condutor Dormindo;Colisão frontal;Com Vítimas Feridas;Pleno dia;Crescente;Céu Claro;Simples;"Aclive;Reta";Sim;3;0;0;1;2;0;1;3;-20,38725617;-41,01746327;SPRF-ES;DEL01-ES;UOP02-DEL01-ES
626724;08/09/2024;domingo;16:07:00;RJ;116;190;NOVA IGUACU;Ultrapassagem Indevida;Tombamento;Com Vítimas Feridas;Pleno dia;Decrescente;Sol;Dupla;Reta;Sim;3;0;0;1;1;1;1;3;-22,74123776;-43,5007311;SPRF-RJ;DEL06-RJ;UOP01-DEL06-RJ
626736;08/09/2024;domingo;09:27:00;PA;163;642,5;TRAIRAO;Reação tardia ou ineficiente do condutor;Colisão traseira;Com Vítimas Feridas;Pleno dia;Decrescente;Céu Claro;Simples;"Reta;Aclive";Não;3;0;1;0;1;1;1;2;-4,57327803;-55,92723875;SPRF-PA;DEL05-PA;UOP03-DEL05-PA
626753;08/09/2024;domingo;18:30:00;PR;277;242,5;IRATI;Reação tardia ou ineficiente do condutor;Colisão lateral sentido oposto;Com Vítimas Feridas;Anoitecer;Crescente;Céu Claro;Simples;Curva;Não;4;0;0;1;1;3;1;5;-25,452662;-50,65587;SPRF-PR;DEL08-PR;UOP02-DEL08-PR
626756;08/09/2024;domingo;19:25:00;SP;153;29;NOVA GRANADA;Demais falhas mecânicas ou elétricas;Colisão com objeto;Com Vítimas Feridas;Plena Noite;Crescente;Céu Claro;Simples;Reta;Não;5;0;1;0;3;1;1;3;-20,52148;-49,326782;SPRF-SP;DEL09-SP;UOP01-DEL09-SP
626781;08/09/2024;domingo;20:20:00;MS;163;128,5;NAVIRAI;Pedestre andava na pista;Atropelamento de Pedestre;Com Vítimas Fatais;Plena Noite;Crescente;Céu Claro;Simples;Declive;Não;4;1;0;0;2;1;0;3;-23,0506352;-54,24358312;SPRF-MS;DEL09-MS;UOP01-DEL09-MS
626789;08/09/2024;domingo;19:50:00;SC;163;111,7;GUARUJA DO SUL;Velocidade Incompatível;Colisão frontal;Com Vítimas Feridas;Plena Noite;Decrescente;Céu Claro;Simples;"Reta;Aclive";Não;4;0;1;0;1;3;1;5;-26,39616397;-53,52416104;SPRF-SC;DEL07-SC;UOP03-DEL07-SC
626792;08/09/2024;domingo;18:20:00;RJ;393;227,4;VASSOURAS;Reação tardia ou ineficiente do condutor;Colisão frontal;Com Vítimas Fatais;Plena Noite;Crescente;Céu Claro;Simples;Reta;Não;3;1;0;0;1;1;0;3;-22,35103555;-43,57457882;SPRF-RJ;DEL05-RJ;UOP03-DEL05-RJ
626796;08/09/2024;domingo;20:45:00;SC;280;131;RIO NEGRINHO;Transitar na contramão;Colisão frontal;Com Vítimas Fatais;Plena Noite;Decrescente;Céu Claro;Simples;"Reta;Declive";Sim;3;1;0;0;1;1;0;3;-26,25574166;-49,53924179;SPRF-SC;DEL06-SC;UOP03-DEL06-SC
626798;08/09/2024;domingo;22:00:00;PR;476;257,5;ANTONIO OLINTO;Desrespeitar a preferência no cruzamento;Colisão transversal;Com Vítimas Feridas;Plena Noite;Decrescente;Céu Claro;Simples;"Retorno Regulamentado;Reta;Interseção de Vias";Sim;3;0;0;1;1;1;1;3;-25,888903;-50,216633;SPRF-PR;DEL02-PR;UOP03-DEL02-PR
626803;08/09/2024;domingo;20:10:00;PA;230;122,9;MARABA;Ingestão de álcool pelo condutor;Colisão transversal;Com Vítimas Feridas;Plena Noite;Decrescente;Céu Claro;Dupla;Reta;Não;4;0;0;2;1;1;2;3;-5,36137537;-49,12376139;SPRF-PA;DEL03-PA;UOP01-DEL03-PA
626807;08/09/2024;domingo;23:00:00;MG;116;581,5;MANHUACU;Transitar na contramão;Colisão frontal;Com Vítimas Fatais;Plena Noite;Crescente;Céu Claro;Simples;Reta;Não;4;1;0;0;1;2;0;4;-20,20514103;-42,18239627;SPRF-MG;DEL06-MG;UOP03-DEL06-MG
626808;08/09/2024;domingo;15:38:00;BA;116;327;ARACI;Conversão proibida;Colisão traseira;Com Vítimas Feridas;Pleno dia;Crescente;Céu Claro;Simples;Reta;Não;2;0;1;0;0;1;1;2;-11,39171494;-38,9670854;SPRF-BA;DEL02-BA;UOP01-DEL02-BA
626809;08/09/2024;domingo;21:15:00;MG;116;472;DOM CAVATI;Ausência de reação do condutor;Colisão lateral mesmo sentido;Com Vítimas Feridas;Plena Noite;Decrescente;Céu Claro;Simples;Reta;Não;2;0;1;0;0;1;1;2;-19,33374088;-42,07625119;SPRF-MG;DEL06-MG;UOP02-DEL06-MG
626813;08/09/2024;domingo;20:30:00;MG;381;716;CARMO DA CACHOEIRA;Reação tardia ou ineficiente do condutor;Colisão traseira;Com Vítimas Fatais;Plena Noite;Crescente;Céu Claro;Dupla;Reta;Não;4;2;0;0;1;1;0;3;-21,39713903;-45,20764589;SPRF-MG;DEL04-MG;UOP02-DEL04-MG
626822;08/09/2024;domingo;23:00:00;SP;116;306;SAO LOURENCO DA SERRA;Ausência de reação do condutor;Colisão traseira;Com Vítimas Fatais;Plena Noite;Decrescente;Céu Claro;Dupla;Reta;Não;5;1;1;0;2;1;1;4;-23,8486091;-46,93801566;SPRF-SP;DEL04-SP;UOP01-DEL04-SP
626825;09/09/2024;segunda-feira;00:30:00;MG;40;716;BARBACENA;Demais falhas mecânicas ou elétricas;Incêndio;Sem Vítimas;Plena Noite;Crescente;Nevoeiro/Neblina;Simples;Aclive;Não;1;0;0;0;0;1;0;1;-21,25153502;-43,66402206;SPRF-MG;DEL05-MG;UOP01-DEL05-MG
626830;08/09/2024;domingo;19:00:00;BA;101;312;PRESIDENTE TANCREDO NEVES;Transitar na contramão;Colisão frontal;Com Vítimas Fatais;Plena Noite;Crescente;Céu Claro;Simples;Reta;Não;6;1;0;0;1;5;0;5;-13,454264;-39,420333;SPRF-BA;DEL05-BA;UOP03-DEL05-BA
626832;09/09/2024;segunda-feira;03:30:00;SP;116;385,8;MIRACATU;Condutor Dormindo;Colisão com objeto;Com Vítimas Feridas;Plena Noite;Decrescente;Céu Claro;Dupla;Curva;Não;2;0;1;0;0;2;1;3;-24,26249802;-47,37879753;SPRF-SP;DEL04-SP;UOP02-DEL04-SP
626838;09/09/2024;segunda-feira;02:45:00;MT;364;249;JUSCIMEIRA;Demais falhas mecânicas ou elétricas;Incêndio;Sem Vítimas;Plena Noite;Decrescente;Céu Claro;Dupla;"Curva;Declive";Não;2;0;0;0;1;2;0;3;-16,12531599;-54,84578799;SPRF-MT;DEL02-MT;UOP01-DEL02-MT
626840;09/09/2024;segunda-feira;02:00:00;MG;251;475;GRAO MOGOL;Velocidade Incompatível;Colisão com objeto;Com Vítimas Feridas;Plena Noite;Crescente;Ignorado;Simples;"Declive;Curva";Não;1;0;0;1;0;0;1;1;-16,29923091;-42,728431;SPRF-MG;DEL12-MG;UOP01-DEL12-MG
626845;08/09/2024;domingo;19:00:00;MG;116;532;CARATINGA;Acessar a via sem observar a presença dos outros veículos;Colisão frontal;Sem Vítimas;Plena Noite;Crescente;Céu Claro;Simples;Curva;Não;2;0;0;0;2;0;0;2;-19,82774609;-42,13965431;SPRF-MG;DEL06-MG;UOP02-DEL06-MG
626851;09/09/2024;segunda-feira;03:55:00;BA;101;155;CONCEICAO DO JACUIPE;Manobra de mudança de faixa;Colisão traseira;Com Vítimas Fatais;Plena Noite;Decrescente;Céu Claro;Dupla;"Reta;Retorno Regulamentado";Não;5;1;1;1;1;2;2;4;-12,35551436;-38,782478;SPRF-BA;DEL01-BA;UOP03-DEL01-BA
626855;09/09/2024;segunda-feira;07:10:00;ES;259;27;COLATINA;Ultrapassagem Indevida;Colisão frontal;Com Vítimas Feridas;Pleno dia;Crescente;Céu Claro;Simples;"Curva;Declive";Não;5;0;2;1;1;1;3;4;-19,61117801;-40,49065728;SPRF-ES;DEL02-ES;UOP01-DEL02-ES
626860;09/09/2024;segunda-feira;07:00:00;MG;116;277;TEOFILO OTONI;Estacionar ou parar em local proibido;Colisão lateral mesmo sentido;Com Vítimas Feridas;Pleno dia;Decrescente;Nublado;Simples;Reta;Sim;3;0;1;0;2;0;1;2;-17,86676969;-41,51657224;SPRF-MG;DEL11-MG;UOP01-DEL11-MG
626861;09/09/2024;segunda-feira;07:00:00;PR;163;184;SANTA TEREZA DO OESTE;Reação tardia ou ineficiente do condutor;Colisão traseira;Com Vítimas Feridas;Amanhecer;Decrescente;Céu Claro;Dupla;Reta;Não;4;0;2;0;1;1;2;3;-25,14321919;-53,58795779;SPRF-PR;DEL05-PR;UOP05-DEL05-PR
626864;09/09/2024;segunda-feira;03:30:00;MG;262;709,1;ARAXA;Demais falhas mecânicas ou elétricas;Incêndio;Sem Vítimas;Plena Noite;Crescente;Céu Claro;Simples;Reta;Não;2;0;0;0;1;1;0;2;-19,59482628;-47,13714393;SPRF-MG;DEL08-MG;UOP01-DEL08-MG
626866;09/09/2024;segunda-feira;06:00:00;BA;116;710;JEQUIE;Manobra de mudança de faixa;Colisão frontal;Com Vítimas Feridas;Amanhecer;Decrescente;Garoa/Chuvisco;Simples;Reta;Não;2;0;0;1;1;0;1;2;-14,11581891;-40,22867919;SPRF-BA;DEL03-BA;UOP01-DEL03-BA
626868;09/09/2024;segunda-feira;05:55:00;GO;80;139;BARRO ALTO;Condutor Dormindo;Colisão com objeto;Com Vítimas Feridas;Pleno dia;Crescente;Céu Claro;Simples;Curva;Não;2;0;0;1;0;1;1;2;-14,94146775;-48,94134521;SPRF-GO;DEL07-GO;UOP02-DEL07-GO
626870;09/09/2024;segunda-feira;08:00:00;GO;153;491;GOIANIA;Reação tardia ou ineficiente do condutor;Colisão traseira;Com Vítimas Feridas;Pleno dia;Decrescente;Céu Claro;Dupla;Reta;Sim;3;0;0;1;1;2;1;4;-16,639;-49,2063;SPRF-GO;DEL01-GO;UOP01-DEL01-GO
626880;02/09/2024;segunda-feira;06:10:00;MG;381;576;ITAGUARA;Velocidade Incompatível;Saída de leito carroçável;Com Vítimas Feridas;Amanhecer;Decrescente;Céu Claro;Dupla;Curva;Não;3;0;1;0;1;1;1;3;-20,48100267;-44,58883345;SPRF-MG;DEL04-MG;UOP01-DEL04-MG
626885;09/09/2024;segunda-feira;06:31:00;MA;135;254,8;CAPINZAL DO NORTE;Reação tardia ou ineficiente do condutor;Saída de leito carroçável;Com Vítimas Fatais;Pleno dia;Decrescente;Céu Claro;Dupla;Reta;Não;1;1;0;0;0;0;0;1;-4,60560089;-44,34442877;SPRF-MA;DEL03-MA;UOP01-DEL03-MA
626887;09/09/2024;segunda-feira;08:55:00;MS;163;411;NOVA ALVORADA DO SUL;Ausência de reação do condutor;Engavetamento;Com Vítimas Feridas;Pleno dia;Crescente;Céu Claro;Simples;Reta;Não;4;0;0;1;2;2;1;5;-21,07073806;-54,49450723;SPRF-MS;DEL02-MS;UOP01-DEL02-MS
626895;09/09/2024;segunda-feira;09:48:00;ES;101;287;CARIACICA;Reação tardia ou ineficiente do condutor;Colisão traseira;Com Vítimas Feridas;Pleno dia;Crescente;Céu Claro;Dupla;Reta;Sim;3;0;2;0;1;0;2;2;-20,26493528;-40,38471702;SPRF-ES;DEL01-ES;UOP01-DEL01-ES
626896;09/09/2024;segunda-feira;08:11:00;MT;163;786;VERA;Acessar a via sem observar a presença dos outros veículos;Colisão transversal;Sem Vítimas;Pleno dia;Decrescente;Céu Claro;Simples;"Reta;Interseção de Vias";Não;3;0;0;0;2;3;0;5;-12,28674607;-55,56204785;SPRF-MT;DEL06-MT;UOP02-DEL06-MT
626904;09/09/2024;segunda-feira;08:25:00;MG;116;524,9;CARATINGA;Ultrapassagem Indevida;Colisão lateral mesmo sentido;Com Vítimas Feridas;Pleno dia;Decrescente;Céu Claro;Simples;"Curva;Interseção de Vias";Sim;3;0;0;1;1;1;1;3;-19,77654011;-42,13327989;SPRF-MG;DEL06-MG;UOP02-DEL06-MG
626910;09/09/2024;segunda-feira;12:20:00;PB;230;15,8;JOAO PESSOA;Trafegar com motocicleta (ou similar) entre as faixas;Queda de ocupante de veículo;Com Vítimas Feridas;Pleno dia;Crescente;Sol;Múltipla;Reta;Sim;3;0;1;0;0;2;1;3;-7,093;-34,8482;SPRF-PB;DEL01-PB;UOP01-DEL01-PB
626912;09/09/2024;segunda-feira;10:50:00;RJ;101;440;MANGARATIBA;Ausência de reação do condutor;Colisão frontal;Com Vítimas Feridas;Pleno dia;Crescente;Céu Claro;Simples;Reta;Não;2;0;1;0;1;0;1;2;-22,95929215;-44,08787867;SPRF-RJ;DEL03-RJ;UOP02-DEL03-RJ
626913;09/09/2024;segunda-feira;05:40:00;MG;116;539,3;SANTA RITA DE MINAS;Velocidade Incompatível;Tombamento;Com Vítimas Feridas;Amanhecer;Decrescente;Nublado;Simples;Curva;Não;3;0;1;0;0;2;1;3;-19,88240027;-42,13242591;SPRF-MG;DEL06-MG;UOP02-DEL06-MG
626919;09/09/2024;segunda-feira;12:50:00;RS;386;354,2;ESTRELA;Frear bruscamente;Colisão com objeto;Com Vítimas Feridas;Pleno dia;Crescente;Sol;Dupla;"Em Obras;Retorno Regulamentado;Reta";Sim;2;0;1;0;0;1;1;2;-29,506611;-51,943012;SPRF-RS;DEL04-RS;UOP01-DEL04-RS
626927;09/09/2024;segunda-feira;13:10:00;SP;116;113;TAUBATE;Demais falhas mecânicas ou elétricas;Colisão lateral mesmo sentido;Com Vítimas Feridas;Pleno dia;Decrescente;Céu Claro;Dupla;Reta;Sim;2;0;1;0;1;0;1;2;-23,0440828;-45,58041405;SPRF-SP;DEL02-SP;UOP02-DEL02-SP
626928;09/09/2024;segunda-feira;13:40:00;RS;470;243,8;BARAO;Conversão proibida;Colisão transversal;Com Vítimas Feridas;Pleno dia;Crescente;Céu Claro;Simples;Reta;Sim;2;0;1;0;1;0;1;2;-29,36247007;-51,51749611;SPRF-RS;DEL06-RS;UOP01-DEL06-RS
626930;09/09/2024;segunda-feira;10:30:00;BA;410;9;RIBEIRA DO POMBAL;Demais falhas mecânicas ou elétricas;Incêndio;Sem Vítimas;Pleno dia;Crescente;Céu Claro;Simples;Reta;Não;2;0;0;0;1;1;0;1;-10,85740917;-38,59945291;SPRF-BA;DEL07-BA;UOP02-DEL07-BA
626940;09/09/2024;segunda-feira;14:18:00;ES;101;213;IBIRACU;Ausência de reação do condutor;Colisão transversal;Com Vítimas Feridas;Pleno dia;Crescente;Céu Claro;Simples;"Interseção de Vias;Reta";Não;2;0;1;0;0;1;1;2;-19,83006472;-40,37322348;SPRF-ES;DEL02-ES;UOP01-DEL02-ES
626943;09/09/2024;segunda-feira;13:49:00;PR;0;0;JANDAIA DO SUL;Velocidade Incompatível;Colisão traseira;Com Vítimas Fatais;Pleno dia;Não Informado;Céu Claro;Dupla;Aclive;Não;3;1;0;0;1;3;0;5;-23,58538461;-51,63964748;SPRF-PR;DEL09-PR;UOP01-DEL09-PR
626945;09/09/2024;segunda-feira;13:35:00;PR;153;121,5;IBAITI;Velocidade Incompatível;Tombamento;Com Vítimas Fatais;Pleno dia;Crescente;Céu Claro;Simples;"Declive;Curva";Não;4;1;1;0;2;0;1;2;-23,93495662;-50,23962021;SPRF-PR;DEL07-PR;UOP04-DEL07-PR
626946;09/09/2024;segunda-feira;13:40:00;MA;226;537;CAMPESTRE DO MARANHAO;Carga excessiva e/ou mal acondicionada;Colisão traseira;Com Vítimas Feridas;Pleno dia;Decrescente;Sol;Simples;Reta;Não;4;0;0;1;3;0;1;2;-6,22716495;-47,10743605;SPRF-MA;DEL04-MA;UOP02-DEL04-MA
626947;09/09/2024;segunda-feira;15:30:00;SP;116;75;APARECIDA;Problema com o freio;Incêndio;Sem Vítimas;Pleno dia;Crescente;Sol;Dupla;Reta;Não;2;0;0;0;1;1;0;2;-22,87521876;-45,26277018;SPRF-SP;DEL08-SP;UOP01-DEL08-SP
626952;09/09/2024;segunda-feira;09:30:00;RJ;116;29;SAPUCAIA;Velocidade Incompatível;Tombamento;Com Vítimas Feridas;Pleno dia;Decrescente;Céu Claro;Simples;"Reta;Declive";Não;2;0;2;0;0;0;2;1;-22,06368718;-42,79432297;SPRF-RJ;DEL05-RJ;UOP01-DEL05-RJ
626955;09/09/2024;segunda-feira;14:30:00;MG;381;6,5;BETIM;Acessar a via sem observar a presença dos outros veículos;Colisão lateral mesmo sentido;Sem Vítimas;Pleno dia;Crescente;Céu Claro;Dupla;Curva;Não;2;0;0;0;2;0;0;2;-19,98743183;-44,19850767;SPRF-MG;DEL01-MG;UOP03-DEL01-MG
626961;09/09/2024;segunda-feira;15:40:00;PR;277;30;MORRETES;Problema com o freio;Colisão lateral mesmo sentido;Com Vítimas Feridas;Pleno dia;Crescente;Céu Claro;Dupla;Reta;Não;5;0;1;0;3;1;1;4;-25,5592782;-48,80681634;SPRF-PR;DEL01-PR;UOP05-DEL01-PR
626964;09/09/2024;segunda-feira;13:15:00;MG;262;13,5;MARTINS SOARES;Pedestre cruzava a pista fora da faixa;Atropelamento de Pedestre;Com Vítimas Feridas;Pleno dia;Crescente;Nublado;Simples;Reta;Não;3;0;1;1;0;1;2;3;-20,25771509;-41,86161294;SPRF-MG;DEL06-MG;UOP03-DEL06-MG
626965;09/09/2024;segunda-feira;15:00:00;GO;364;239;JATAI;Transitar na contramão;Colisão lateral sentido oposto;Com Vítimas Feridas;Pleno dia;Crescente;Céu Claro;Simples;Reta;Não;5;0;0;1;3;3;1;6;-17,785084;-52,074951;SPRF-GO;DEL05-GO;UOP01-DEL05-GO
626971;09/09/2024;segunda-feira;17:00:00;SP;116;227;GUARULHOS;Manobra de mudança de faixa;Colisão lateral mesmo sentido;Com Vítimas Feridas;Pleno dia;Decrescente;Sol;Múltipla;"Reta;Em Obras";Sim;2;0;1;0;0;1;1;2;-23,49659264;-46,55648754;SPRF-SP;DEL01-SP;UOP01-DEL01-SP
626976;09/09/2024;segunda-feira;16:53:00;SC;470;60,2;BLUMENAU;Acessar a via sem observar a presença dos outros veículos;Colisão transversal;Com Vítimas Feridas;Pleno dia;Crescente;Céu Claro;Simples;Interseção de Vias;Não;6;0;1;1;3;2;2;6;-26,88138;-49,164543;SPRF-SC;DEL04-SC;UOP01-DEL04-SC
626980;09/09/2024;segunda-feira;15:30:00;MT;70;373;CUIABA;Demais falhas mecânicas ou elétricas;Incêndio;Sem Vítimas;Pleno dia;Crescente;Céu Claro;Dupla;Reta;Não;2;0;0;0;1;2;0;3;-15,70359859;-55,73850811;SPRF-MT;DEL05-MT;UOP02-DEL05-MT
626986;09/09/2024;segunda-feira;17:00:00;GO;153;371,4;SAO FRANCISCO DE GOIAS;Reação tardia ou ineficiente do condutor;Colisão traseira;Com Vítimas Feridas;Pleno dia;Decrescente;Céu Claro;Simples;Reta;Não;6;0;1;0;4;1;1;2;-15,835078;-49,275848;SPRF-GO;DEL02-GO;UOP02-DEL02-GO
626989;09/09/2024;segunda-feira;15:05:00;BA;407;98;JAGUARARI;Condutor deixou de manter distância do veículo da frente;Colisão traseira;Com Vítimas Feridas;Pleno dia;Decrescente;Céu Claro;Simples;Declive;Não;6;0;1;0;4;1;1;3;-10,22018224;-40,21285144;SPRF-BA;DEL04-BA;UOP01-DEL04-BA
626992;09/09/2024;segunda-feira;14:55:00;MT;364;490;JANGADA;Condutor deixou de manter distância do veículo da frente;Colisão traseira;Com Vítimas Feridas;Pleno dia;Crescente;Sol;Simples;"Reta;Aclive";Não;4;0;0;1;2;5;1;8;-15,32587484;-56,42696975;SPRF-MT;DEL01-MT;UOP01-DEL01-MT
626994;09/09/2024;segunda-feira;17:06:00;PA;230;122;MARABA;Manobra de mudança de faixa;Colisão lateral mesmo sentido;Com Vítimas Feridas;Pleno dia;Decrescente;Céu Claro;Dupla;Reta;Sim;5;0;1;0;3;3;1;6;-5,36137537;-49,12376139;SPRF-PA;DEL03-PA;UOP01-DEL03-PA
627000;09/09/2024;segunda-feira;18:10:00;MS;163;263;DOURADOS;Desrespeitar a preferência no cruzamento;Colisão transversal;Com Vítimas Feridas;Plena Noite;Crescente;Céu Claro;Simples;Rotatória;Sim;2;0;0;1;1;0;1;2;-22,2316424;-54,7478208;SPRF-MS;DEL04-MS;UOP01-DEL04-MS
627002;16/08/2024;sexta-feira;20:00:00;RJ;116;184;NOVA IGUACU;Ausência de reação do condutor;Engavetamento;Com Vítimas Feridas;Plena Noite;Crescente;Ignorado;Dupla;Reta;Não;6;0;1;0;4;1;1;5;-22,74647215;-43,44594311;SPRF-RJ;DEL06-RJ;UOP01-DEL06-RJ
627006;09/09/2024;segunda-feira;18:00:00;GO;60;319;ACREUNA;Ausência de reação do condutor;Saída de leito carroçável;Com Vítimas Feridas;Plena Noite;Crescente;Céu Claro;Dupla;Reta;Não;2;0;0;1;0;3;1;4;-17,4826;-50,4473;SPRF-GO;DEL04-GO;UOP02-DEL04-GO
627009;09/09/2024;segunda-feira;19:17:00;RJ;40;118;DUQUE DE CAXIAS;Manobra de mudança de faixa;Colisão lateral mesmo sentido;Com Vítimas Feridas;Plena Noite;Decrescente;Céu Claro;Dupla;Reta;Sim;2;0;1;0;1;0;1;2;-22,75470802;-43,28737838;SPRF-RJ;DEL01-RJ;UOP02-DEL01-RJ
627012;09/09/2024;segunda-feira;19:00:00;SC;282;276,2;SAO JOSE DO CERRITO;Ingestão de álcool pelo condutor;Colisão frontal;Com Vítimas Feridas;Plena Noite;Decrescente;Céu Claro;Simples;Reta;Não;3;0;0;1;1;1;1;3;-27,602106;-50,727554;SPRF-SC;DEL05-SC;UOP02-DEL05-SC
627013;22/08/2024;quinta-feira;07:40:00;ES;101;140,9;LINHARES;Condutor deixou de manter distância do veículo da frente;Colisão lateral mesmo sentido;Com Vítimas Feridas;Pleno dia;Decrescente;Nublado;Múltipla;Curva;Sim;4;0;1;0;1;2;1;4;-19,31817306;-40,07552313;SPRF-ES;DEL04-ES;UOP01-DEL04-ES
627014;09/09/2024;segunda-feira;19:00:00;AL;101;30,5;JOAQUIM GOMES;Velocidade Incompatível;Saída de leito carroçável;Com Vítimas Feridas;Plena Noite;Decrescente;Céu Claro;Simples;Curva;Não;2;0;0;1;0;1;1;2;-9,0847746;-35,7468078;SPRF-AL;DEL01-AL;UOP02-DEL01-AL
627016;09/09/2024;segunda-feira;17:30:00;MT;70;607;POCONE;Demais falhas mecânicas ou elétricas;Incêndio;Sem Vítimas;Anoitecer;Decrescente;Céu Claro;Dupla;"Reta;Aclive";Não;1;0;0;0;1;0;0;1;-15,863759;-56,859457;SPRF-MT;DEL03-MT;UOP02-DEL03-MT
627019;09/09/2024;segunda-feira;20:30:00;GO;60;92;ANAPOLIS;Manobra de mudança de faixa;Colisão lateral mesmo sentido;Com Vítimas Feridas;Plena Noite;Decrescente;Céu Claro;Dupla;Reta;Não;3;0;1;0;1;1;1;3;-16,353;-48,9178;SPRF-GO;DEL02-GO;UOP01-DEL02-GO
627021;13/07/2024;sábado;22:50:00;SP;381;68;MAIRIPORA;Demais falhas mecânicas ou elétricas;Colisão com objeto;Com Vítimas Feridas;Plena Noite;Decrescente;Céu Claro;Dupla;Reta;Não;4;0;0;1;2;1;1;3;-23,34043796;-46,57433588;SPRF-SP;DEL03-SP;UOP01-DEL03-SP
627024;09/09/2024;segunda-feira;18:40:00;PR;158;528,9;PATO BRANCO;Mal súbito do condutor;Saída de leito carroçável;Com Vítimas Feridas;Plena Noite;Decrescente;Céu Claro;Simples;"Curva;Aclive";Não;2;0;1;0;0;1;1;2;-26,17852896;-52,66276667;SPRF-PR;DEL02-PR;UOP01-DEL02-PR
627030;09/09/2024;segunda-feira;21:18:00;ES;101;114,5;SOORETAMA;Ultrapassagem Indevida;Colisão frontal;Com Vítimas Fatais;Plena Noite;Decrescente;Céu Claro;Simples;Reta;Não;12;3;0;2;6;3;2;7;-19,09484877;-40,05095848;SPRF-ES;DEL04-ES;UOP01-DEL04-ES
627034;09/09/2024;segunda-feira;19:20:00;SC;282;34;AGUAS MORNAS;Condutor deixou de manter distância do veículo da frente;Colisão lateral sentido oposto;Com Vítimas Feridas;Plena Noite;Decrescente;Céu Claro;Simples;Reta;Sim;2;0;1;0;0;1;1;2;-27,704247;-48,817547;SPRF-SC;DEL01-SC;UOP03-DEL01-SC
627038;09/09/2024;segunda-feira;19:15:00;PI;316;96;BARRO DURO;Reação tardia ou ineficiente do condutor;Eventos atípicos;Sem Vítimas;Plena Noite;Crescente;Céu Claro;Simples;Reta;Sim;3;0;0;0;1;2;0;3;-5,81557921;-42,51383316;SPRF-PI;DEL04-PI;UOP02-DEL04-PI
627039;09/09/2024;segunda-feira;18:10:00;PE;316;115;BODOCO;Transitar na contramão;Colisão frontal;Com Vítimas Fatais;Plena Noite;Decrescente;Céu Claro;Simples;"Reta;Declive";Não;7;2;1;0;3;2;1;5;-7,98691024;-39,83104268;SPRF-PE;DEL05-PE;UOP02-DEL05-PE
627045;10/09/2024;terça-feira;00:15:00;SC;101;38,3;PALHOCA;Condutor Dormindo;Colisão traseira;Sem Vítimas;Plena Noite;Crescente;Céu Claro;Dupla;"Curva;Declive";Não;2;0;0;0;2;0;0;2;-27,6427;-48,6695;SPRF-SC;DEL01-SC;UOP02-DEL01-SC
627047;10/09/2024;terça-feira;01:12:00;PR;376;475;PONTA GROSSA;Condutor Dormindo;Colisão traseira;Com Vítimas Feridas;Plena Noite;Crescente;Ignorado;Dupla;"Reta;Aclive";Não;3;0;1;0;1;1;1;3;-25,039925;-50,292558;SPRF-PR;DEL03-PR;UOP01-DEL03-PR
627049;10/09/2024;terça-feira;01:20:00;RJ;393;252,5;BARRA DO PIRAI;Acessar a via sem observar a presença dos outros veículos;Colisão transversal;Sem Vítimas;Plena Noite;Decrescente;Céu Claro;Simples;Reta;Sim;2;0;0;0;1;1;0;2;-22,43422023;-43,77561487;SPRF-RJ;DEL05-RJ;UOP04-DEL05-RJ
627050;10/09/2024;terça-feira;02:35:00;SC;282;331;CAMPOS NOVOS;Suicídio (presumido);Colisão frontal;Com Vítimas Fatais;Plena Noite;Crescente;Céu Claro;Simples;Reta;Não;4;1;0;0;1;2;0;3;-27,387941;-51,116081;SPRF-SC;DEL07-SC;UOP06-DEL07-SC
627053;10/09/2024;terça-feira;06:30:00;SP;116;560;BARRA DO TURVO;Reação tardia ou ineficiente do condutor;Saída de leito carroçável;Com Vítimas Feridas;Amanhecer;Crescente;Nublado;Simples;Curva;Não;2;0;1;0;0;1;1;2;-25,01571198;-48,50929106;SPRF-SP;DEL05-SP;UOP02-DEL05-SP
627061;10/09/2024;terça-feira;07:40:00;SC;101;204;SAO JOSE;Condutor deixou de manter distância do veículo da frente;Colisão lateral mesmo sentido;Com Vítimas Feridas;Pleno dia;Crescente;Céu Claro;Múltipla;Reta;Sim;3;0;2;0;1;0;2;3;-27,57413014;-48,61363083;SPRF-SC;DEL01-SC;UOP01-DEL01-SC
627070;10/09/2024;terça-feira;07:00:00;BA;116;696,6;JEQUIE;Velocidade Incompatível;Colisão frontal;Com Vítimas Feridas;Pleno dia;Decrescente;Céu Claro;Simples;Curva;Não;3;0;0;1;1;1;1;3;-13,99324878;-40,17891829;SPRF-BA;DEL03-BA;UOP01-DEL03-BA
627080;06/09/2024;sexta-feira;05:00:00;SC;101;81;BARRA VELHA;Condutor Dormindo;Colisão traseira;Sem Vítimas;Plena Noite;Decrescente;Céu Claro;Múltipla;Reta;Não;2;0;0;0;0;2;0;2;-26,60256101;-48,72553524;SPRF-SC;DEL03-SC;UOP02-DEL03-SC