id;data_inversa;dia_semana;horario;uf;br;km;municipio;causa_acidente;tipo_acidente;classificacao_acidente;fase_dia;sentido_via;condicao_metereologica;tipo_pista;tracado_via;uso_solo;pessoas;mortos;feridos_leves;feridos_graves;ilesos;ignorados;feridos;veiculos;latitude;longitude;regional;delegacia;uop
627089;10/09/2024;terça-feira;10:10:00;ES;259;32;COLATINA;Ausência de reação do condutor;Colisão lateral sentido oposto;Com Vítimas Feridas;Pleno dia;Crescente;Sol;Simples;Reta;Sim;3;0;1;0;2;0;1;3;-19,57831211;-40,50880592;SPRF-ES;DEL02-ES;UOP01-DEL02-ES
627092;10/09/2024;terça-feira;08:50:00;MT;364;331;CAMPO VERDE;Reação tardia ou ineficiente do condutor;Saída de leito carroçável;Com Vítimas Feridas;Pleno dia;Crescente;Céu Claro;Dupla;"Curva;Declive";Não;2;0;1;0;0;12;1;13;-15,822813;-55,419647;SPRF-MT;DEL05-MT;UOP02-DEL05-MT
627097;10/09/2024;terça-feira;10:00:00;CE;20;239;MADALENA;Ausência de reação do condutor;Saída de leito carroçável;Com Vítimas Feridas;Pleno dia;Decrescente;Céu Claro;Simples;Curva;Sim;3;0;1;1;0;1;2;3;-4,85575414;-39,57409685;SPRF-CE;DEL02-CE;UOP02-DEL02-CE
627098;10/09/2024;terça-feira;09:00:00;RJ;101;207;CASIMIRO DE ABREU;Velocidade Incompatível;Colisão traseira;Com Vítimas Feridas;Pleno dia;Decrescente;Céu Claro;Simples;Reta;Não;3;0;1;0;2;0;1;3;-22,4776458;-42,21127001;SPRF-RJ;DEL08-RJ;UOP04-DEL08-RJ
627099;10/09/2024;terça-feira;09:40:00;MG;153;231,6;FRONTEIRA;Acessar a via sem observar a presença dos outros veículos;Colisão transversal;Sem Vítimas;Pleno dia;Crescente;Céu Claro;Simples;Reta;Não;3;0;0;0;2;3;0;5;-20,23980467;-49,16101941;SPRF-MG;DEL13-MG;UOP02-DEL13-MG
627103;05/09/2024;quinta-feira;20:00:00;AM;319;233;BERURI;Pista Escorregadia;Tombamento;Com Vítimas Feridas;Anoitecer;Crescente;Céu Claro;Simples;Reta;Não;2;0;1;0;0;1;1;2;-4,53514185;-61,15490312;SPRF-AM;DEL01-AM;UOP04-DEL01-AM
627105;10/09/2024;terça-feira;11:30:00;MG;381;708,5;LAVRAS;Reação tardia ou ineficiente do condutor;Colisão traseira;Com Vítimas Feridas;Pleno dia;Decrescente;Sol;Múltipla;"Reta;Declive";Não;2;0;1;0;1;0;1;2;-21,370524;-45,188652;SPRF-MG;DEL04-MG;UOP02-DEL04-MG
627109;10/09/2024;terça-feira;10:15:00;MG;354;752,3;ITAMONTE;Condutor deixou de manter distância do veículo da frente;Colisão traseira;Com Vítimas Feridas;Pleno dia;Decrescente;Céu Claro;Simples;Reta;Sim;4;0;2;0;2;0;2;3;-22,29340799;-44,86366398;SPRF-MG;DEL17-MG;UOP01-DEL17-MG
627111;10/09/2024;terça-feira;10:00:00;SC;116;50,4;PAPANDUVA;Ausência de reação do condutor;Colisão traseira;Com Vítimas Feridas;Pleno dia;Decrescente;Céu Claro;Simples;Reta;Não;3;0;0;1;1;2;1;4;-26,37798337;-50,13162356;SPRF-SC;DEL06-SC;UOP01-DEL06-SC
627112;10/09/2024;terça-feira;09:30:00;PI;343;289,4;ALTOS;Transitar na contramão;Colisão lateral sentido oposto;Com Vítimas Feridas;Pleno dia;Decrescente;Céu Claro;Simples;Reta;Não;2;0;1;0;1;0;1;2;-4,945915;-42,337227;SPRF-PI;DEL01-PI;UOP03-DEL01-PI
627113;10/09/2024;terça-feira;08:40:00;CE;116;276,7;JAGUARIBARA;Manobra de mudança de faixa;Colisão frontal;Com Vítimas Feridas;Pleno dia;Decrescente;Céu Claro;Simples;Reta;Não;2;0;1;1;0;0;2;2;-5,66554385;-38,45564334;SPRF-CE;DEL05-CE;UOP02-DEL05-CE
627117;17/08/2024;sábado;02:30:00;PR;153;128,3;VENTANIA;Demais falhas mecânicas ou elétricas;Incêndio;Sem Vítimas;Plena Noite;Decrescente;Céu Claro;Simples;Reta;Não;2;0;0;0;1;1;0;2;-23,9909523;-50,2368498;SPRF-PR;DEL07-PR;UOP04-DEL07-PR
627118;10/09/2024;terça-feira;12:17:00;CE;116;141,2;RUSSAS;Transitar na contramão;Colisão transversal;Com Vítimas Fatais;Pleno dia;Decrescente;Céu Claro;Simples;Interseção de Vias;Sim;3;1;0;0;1;1;0;3;-4,7660178;-38,05603378;SPRF-CE;DEL03-CE;UOP01-DEL03-CE
627120;07/09/2024;sábado;08:00:00;RJ;493;101;SEROPEDICA;Velocidade Incompatível;Tombamento;Sem Vítimas;Pleno dia;Crescente;Céu Claro;Dupla;Retorno Regulamentado;Não;2;0;0;0;1;1;0;2;-22,756665;-43,731727;SPRF-RJ;DEL01-RJ;UOP03-DEL01-RJ
627122;10/09/2024;terça-feira;11:40:00;MT;70;268;PRIMAVERA DO LESTE;Falta de acostamento;Saída de leito carroçável;Com Vítimas Feridas;Pleno dia;Decrescente;Céu Claro;Simples;Reta;Não;2;0;0;1;1;0;1;2;-15,53676818;-54,19777526;SPRF-MT;DEL05-MT;UOP01-DEL05-MT
627123;10/09/2024;terça-feira;10:20:00;SC;470;259,4;CURITIBANOS;Reação tardia ou ineficiente do condutor;Tombamento;Com Vítimas Feridas;Pleno dia;Crescente;Céu Claro;Simples;Curva;Não;2;0;1;0;0;2;1;3;-27,301584;-50,671352;SPRF-SC;DEL05-SC;UOP03-DEL05-SC
627124;18/08/2024;domingo;05:18:00;MT;70;521;VARZEA GRANDE;Acessar a via sem observar a presença dos outros veículos;Colisão frontal;Com Vítimas Feridas;Amanhecer;Decrescente;Céu Claro;Simples;"Reta;Rotatória";Sim;3;0;0;1;1;1;1;3;-15,6676777;-56,1819224;SPRF-MT;DEL01-MT;UOP02-DEL01-MT
627126;10/09/2024;terça-feira;14:25:00;MG;262;850,1;UBERABA;Demais falhas mecânicas ou elétricas;Colisão traseira;Com Vítimas Feridas;Pleno dia;Crescente;Céu Claro;Simples;"Em Obras;Declive;Ponte";Não;5;0;2;0;3;0;2;4;-19,75599413;-48,33588893;SPRF-MG;DEL13-MG;UOP01-DEL13-MG
627138;10/09/2024;terça-feira;15:30:00;SP;116;227;GUARULHOS;Trafegar com motocicleta (ou similar) entre as faixas;Colisão lateral mesmo sentido;Com Vítimas Feridas;Pleno dia;Decrescente;Céu Claro;Múltipla;"Reta;Em Obras";Sim;3;0;1;0;2;0;1;2;-23,49659264;-46,55648754;SPRF-SP;DEL01-SP;UOP01-DEL01-SP
627144;10/09/2024;terça-feira;10:45:00;MT;163;685,4;LUCAS DO RIO VERDE;Ultrapassagem Indevida;Colisão lateral mesmo sentido;Com Vítimas Feridas;Pleno dia;Crescente;Céu Claro;Simples;"Reta;Aclive";Não;4;0;1;0;2;1;1;3;-13,1999472;-55,99347257;SPRF-MT;DEL06-MT;UOP01-DEL06-MT
627146;10/09/2024;terça-feira;11:10:00;RS;285;166,7;MUITOS CAPOES;Avarias e/ou desgaste excessivo no pneu;Capotamento;Com Vítimas Feridas;Pleno dia;Crescente;Céu Claro;Simples;Curva;Não;1;0;0;1;0;0;1;1;-28,329662;-51,283569;SPRF-RS;DEL05-RS;UOP03-DEL05-RS
627149;10/09/2024;terça-feira;15:15:00;PR;373;231,9;IMBITUVA;Transitar na contramão;Colisão lateral sentido oposto;Com Vítimas Feridas;Pleno dia;Crescente;Céu Claro;Simples;Reta;Não;5;0;0;2;2;2;2;5;-25,181861;-50,673472;SPRF-PR;DEL03-PR;UOP01-DEL03-PR
627152;10/09/2024;terça-feira;16:00:00;ES;101;297,8;VIANA;Manobra de mudança de faixa;Colisão lateral mesmo sentido;Sem Vítimas;Pleno dia;Crescente;Céu Claro;Dupla;Reta;Não;2;0;0;0;2;0;0;2;-20,34529844;-40,41026774;SPRF-ES;DEL01-ES;UOP01-DEL01-ES
627153;02/07/2024;terça-feira;21:30:00;TO;153;791;TALISMA;Ausência de reação do condutor;Colisão lateral sentido oposto;Com Vítimas Feridas;Plena Noite;Crescente;Céu Claro;Simples;Aclive;Não;6;0;1;0;4;1;1;3;-12,73659401;-49,08071797;SPRF-TO;DEL01-TO;UOP02-DEL01-TO
627154;10/09/2024;terça-feira;08:30:00;BA;242;371;PALMEIRAS;Velocidade Incompatível;Tombamento;Com Vítimas Feridas;Pleno dia;Crescente;Garoa/Chuvisco;Simples;"Curva;Declive";Não;3;0;2;0;0;2;2;3;-12,46028502;-41,47741502;SPRF-BA;DEL06-BA;UOP01-DEL06-BA
627159;10/09/2024;terça-feira;17:00:00;SP;116;230;SAO PAULO;Acessar a via sem observar a presença dos outros veículos;Colisão traseira;Sem Vítimas;Pleno dia;Decrescente;Céu Claro;Múltipla;Reta;Sim;3;0;0;0;2;1;0;3;-23,52251783;-46,5855702;SPRF-SP;DEL01-SP;UOP01-DEL01-SP
627161;10/09/2024;terça-feira;16:45:00;MG;381;413,2;NOVA UNIAO;Condutor deixou de manter distância do veículo da frente;Colisão traseira;Com Vítimas Feridas;Pleno dia;Decrescente;Céu Claro;Dupla;"Reta;Declive";Não;2;0;0;1;1;0;1;2;-19,724476;-43,582801;SPRF-MG;DEL01-MG;UOP01-DEL01-MG
627163;10/09/2024;terça-feira;16:00:00;SE;235;54,2;ITABAIANA;Condutor Dormindo;Tombamento;Com Vítimas Feridas;Pleno dia;Crescente;Céu Claro;Simples;Reta;Não;2;0;1;0;0;1;1;2;-10,676047;-37,443279;SPRF-SE;DEL01-SE;UOP02-DEL01-SE
627168;10/09/2024;terça-feira;17:15:00;RS;285;122,1;VACARIA;Reação tardia ou ineficiente do condutor;Colisão traseira;Sem Vítimas;Pleno dia;Crescente;Céu Claro;Simples;Reta;Sim;2;0;0;0;2;0;0;2;-28,505535;-50,944073;SPRF-RS;DEL05-RS;UOP03-DEL05-RS
627173;10/09/2024;terça-feira;17:50:00;MG;365;625;UBERLANDIA;Manobra de mudança de faixa;Colisão lateral mesmo sentido;Com Vítimas Feridas;Pleno dia;Crescente;Sol;Dupla;Curva;Sim;3;0;2;0;1;0;2;2;-18,909417;-48,303115;SPRF-MG;DEL15-MG;UOP01-DEL15-MG
627174;10/09/2024;terça-feira;15:58:00;SP;116;550,5;BARRA DO TURVO;Reação tardia ou ineficiente do condutor;Tombamento;Com Vítimas Feridas;Pleno dia;Decrescente;Céu Claro;Dupla;Curva;Não;1;0;1;0;0;0;1;1;-24,95749618;-48,46440871;SPRF-SP;DEL05-SP;UOP02-DEL05-SP
627178;10/09/2024;terça-feira;15:20:00;PR;277;453,9;LARANJEIRAS DO SUL;Desrespeitar a preferência no cruzamento;Colisão transversal;Com Vítimas Feridas;Pleno dia;Decrescente;Céu Claro;Simples;"Reta;Declive";Sim;3;0;1;0;1;1;1;3;-25,38552;-52,41043;SPRF-PR;DEL04-PR;UOP02-DEL04-PR
627180;10/09/2024;terça-feira;17:00:00;PR;487;127,9;TUNEIRAS DO OESTE;Reação tardia ou ineficiente do condutor;Colisão lateral sentido oposto;Com Vítimas Feridas;Pleno dia;Decrescente;Céu Claro;Simples;Reta;Não;3;0;0;1;1;1;1;3;-23,87287888;-52,85937496;SPRF-PR;DEL09-PR;UOP03-DEL09-PR
627182;10/09/2024;terça-feira;11:52:00;SC;116;90,6;MONTE CASTELO;Ausência de reação do condutor;Colisão traseira;Com Vítimas Fatais;Pleno dia;Decrescente;Céu Claro;Simples;"Reta;Declive;Em Obras";Não;3;1;0;0;1;2;0;4;-26,64035;-50,258745;SPRF-SC;DEL06-SC;UOP02-DEL06-SC
627183;10/09/2024;terça-feira;14:30:00;SC;101;286,5;IMBITUBA;Ausência de reação do condutor;Colisão traseira;Com Vítimas Feridas;Pleno dia;Decrescente;Céu Claro;Dupla;Reta;Sim;2;0;1;0;1;0;1;2;-28,22947996;-48,70163526;SPRF-SC;DEL02-SC;UOP03-DEL02-SC
627190;10/09/2024;terça-feira;18:00:00;SC;101;331,8;TUBARAO;Condutor deixou de manter distância do veículo da frente;Colisão traseira;Com Vítimas Feridas;Anoitecer;Decrescente;Céu Claro;Simples;"Rotatória;Interseção de Vias;Viaduto";Sim;4;0;1;0;3;0;1;2;-28,45567521;-48,9812689;SPRF-SC;DEL02-SC;UOP01-DEL02-SC
627193;10/09/2024;terça-feira;18:40:00;SC;101;49;JOINVILLE;Acessar a via sem observar a presença dos outros veículos;Colisão lateral mesmo sentido;Com Vítimas Fatais;Anoitecer;Decrescente;Nublado;Dupla;"Reta;Declive";Não;6;1;0;0;3;2;0;6;-26,3828741;-48,8509389;SPRF-SC;DEL03-SC;UOP01-DEL03-SC
627195;29/08/2024;quinta-feira;09:45:00;BA;324;614,5;SALVADOR;Condutor deixou de manter distância do veículo da frente;Engavetamento;Com Vítimas Feridas;Pleno dia;Decrescente;Chuva;Múltipla;Reta;Sim;4;0;1;0;3;0;1;4;-12,876264;-38,429848;SPRF-BA;DEL01-BA;UOP01-DEL01-BA
627197;10/09/2024;terça-feira;12:00:00;SC;282;528;CORDILHEIRA ALTA;Carga excessiva e/ou mal acondicionada;Tombamento;Com Vítimas Feridas;Pleno dia;Crescente;Céu Claro;Simples;"Curva;Declive";Não;4;0;2;0;1;1;2;4;-26,978798;-52,588566;SPRF-SC;DEL07-SC;UOP01-DEL07-SC
627198;10/09/2024;terça-feira;14:10:00;MG;262;437,2;NOVA SERRANA;Velocidade Incompatível;Capotamento;Com Vítimas Feridas;Pleno dia;Crescente;Céu Claro;Dupla;"Curva;Declive";Não;3;0;2;1;0;0;3;1;-19,89622194;-44,86972815;SPRF-MG;DEL08-MG;UOP03-DEL08-MG
627199;10/09/2024;terça-feira;20:10:00;SC;101;216,3;PALHOCA;Manobra de mudança de faixa;Colisão lateral mesmo sentido;Com Vítimas Feridas;Plena Noite;Crescente;Nublado;Múltipla;Reta;Sim;4;0;2;0;1;1;2;3;-27,65981409;-48,67747798;SPRF-SC;DEL01-SC;UOP02-DEL01-SC
627201;10/09/2024;terça-feira;17:30:00;MA;316;257,2;SANTA INES;Ingestão de álcool pelo condutor;Colisão lateral sentido oposto;Com Vítimas Feridas;Anoitecer;Crescente;Céu Claro;Simples;"Reta;Declive";Sim;3;0;0;1;1;1;1;3;-3,655594;-45,416286;SPRF-MA;DEL02-MA;UOP01-DEL02-MA
627206;10/09/2024;terça-feira;19:00:00;MA;316;512;CODO;Transitar na contramão;Colisão transversal;Sem Vítimas;Plena Noite;Decrescente;Céu Claro;Simples;Reta;Sim;3;0;0;0;1;2;0;3;-4,75043;-43,664165;SPRF-MA;DEL03-MA;UOP02-DEL03-MA
627211;10/09/2024;terça-feira;20:45:00;PR;277;105,5;CAMPO LARGO;Carga excessiva e/ou mal acondicionada;Colisão traseira;Com Vítimas Feridas;Plena Noite;Crescente;Céu Claro;Dupla;Curva;Não;10;0;6;0;3;1;6;7;-25,434;-49,416;SPRF-PR;DEL01-PR;UOP06-DEL01-PR
627212;10/09/2024;terça-feira;18:30:00;PR;153;489;GENERAL CARNEIRO;Transitar no Acostamento;Colisão frontal;Com Vítimas Feridas;Plena Noite;Decrescente;Céu Claro;Simples;"Reta;Em Obras";Não;2;0;1;0;1;0;1;2;-26,41673928;-51,28971577;SPRF-PR;DEL02-PR;UOP03-DEL02-PR
627213;10/09/2024;terça-feira;11:10:00;AM;319;279,2;BERURI;Reação tardia ou ineficiente do condutor;Engavetamento;Com Vítimas Feridas;Pleno dia;Decrescente;Céu Claro;Simples;Reta;Não;10;0;1;0;8;1;1;3;-4,839603;-61,4033;SPRF-AM;DEL01-AM;UOP04-DEL01-AM
627214;17/07/2024;quarta-feira;07:35:00;BA;324;537;CONCEICAO DO JACUIPE;Problema com o freio;Colisão traseira;Com Vítimas Feridas;Pleno dia;Crescente;Nublado;Dupla;Reta;Não;2;0;1;0;1;0;1;2;-12,36902201;-38,81384601;SPRF-BA;DEL01-BA;UOP03-DEL01-BA
627217;10/09/2024;terça-feira;20:30:00;SC;116;36,5;ITAIOPOLIS;Demais falhas mecânicas ou elétricas;Incêndio;Sem Vítimas;Plena Noite;Decrescente;Céu Claro;Simples;Reta;Não;2;0;0;0;1;1;0;2;-26,3385056;-50,01471809;SPRF-SC;DEL06-SC;UOP01-DEL06-SC
627218;10/09/2024;terça-feira;14:50:00;RO;364;396;OURO PRETO DO OESTE;Demais falhas mecânicas ou elétricas;Incêndio;Sem Vítimas;Pleno dia;Decrescente;Nevoeiro/Neblina;Simples;Reta;Não;1;0;0;0;1;0;0;1;-10,63143201;-62,32007001;SPRF-RO;DEL03-RO;UOP02-DEL03-RO
627223;10/09/2024;terça-feira;19:00:00;BA;101;672;ITAPEBI;Demais falhas mecânicas ou elétricas;Incêndio;Sem Vítimas;Plena Noite;Crescente;Nublado;Simples;Reta;Não;1;0;0;0;1;0;0;1;-16,010108;-39,603248;SPRF-BA;DEL09-BA;UOP03-DEL09-BA
627233;10/09/2024;terça-feira;22:00:00;MT;163;877;SINOP;Ausência de reação do condutor;Saída de leito carroçável;Com Vítimas Feridas;Plena Noite;Crescente;Céu Claro;Simples;Curva;Não;2;0;0;1;0;2;1;3;-11,50642;-55,373184;SPRF-MT;DEL06-MT;UOP02-DEL06-MT
627238;11/09/2024;quarta-feira;04:30:00;BA;324;596,5;CANDEIAS;Condutor Dormindo;Colisão traseira;Com Vítimas Fatais;Plena Noite;Crescente;Céu Claro;Dupla;"Reta;Aclive";Não;14;3;5;2;3;1;7;3;-12,734304;-38,442366;SPRF-BA;DEL01-BA;UOP01-DEL01-BA
627240;11/09/2024;quarta-feira;04:30:00;MT;163;709;SORRISO;Reação tardia ou ineficiente do condutor;Colisão traseira;Com Vítimas Feridas;Amanhecer;Crescente;Nevoeiro/Neblina;Simples;Reta;Não;3;0;1;0;1;1;1;3;-12,901513;-55,848488;SPRF-MT;DEL06-MT;UOP01-DEL06-MT
627246;11/09/2024;quarta-feira;07:30:00;PR;277;75;SAO JOSE DOS PINHAIS;Trafegar com motocicleta (ou similar) entre as faixas;Atropelamento de Pedestre;Com Vítimas Feridas;Pleno dia;Decrescente;Céu Claro;Dupla;Reta;Sim;4;0;1;1;2;0;2;4;-25,51327981;-49,12433291;SPRF-PR;DEL01-PR;UOP07-DEL01-PR
627250;17/08/2024;sábado;16:15:00;MG;381;763;CAMPANHA;Fumaça;Colisão lateral mesmo sentido;Com Vítimas Feridas;Pleno dia;Crescente;Céu Claro;Dupla;Reta;Não;9;0;2;0;6;5;2;10;-21,74873501;-45,38842699;SPRF-MG;DEL16-MG;UOP02-DEL16-MG
627252;11/09/2024;quarta-feira;07:50:00;SE;101;48,9;JAPARATUBA;Reação tardia ou ineficiente do condutor;Colisão com objeto;Com Vítimas Fatais;Pleno dia;Crescente;Céu Claro;Dupla;Reta;Não;1;1;0;0;0;0;0;1;-10,58466307;-36,96839333;SPRF-SE;DEL02-SE;UOP02-DEL02-SE
627259;11/09/2024;quarta-feira;06:40:00;BA;242;740;CRISTOPOLIS;Reação tardia ou ineficiente do condutor;Tombamento;Sem Vítimas;Amanhecer;Decrescente;Céu Claro;Simples;Reta;Não;2;0;0;0;1;3;0;4;-12,20235075;-44,48112488;SPRF-BA;DEL10-BA;UOP01-DEL10-BA
627266;22/08/2024;quinta-feira;11:45:00;ES;101;461;MIMOSO DO SUL;Condutor Dormindo;Saída de leito carroçável;Com Vítimas Feridas;Pleno dia;Crescente;Céu Claro;Simples;"Ponte;Reta";Não;2;0;1;0;0;1;1;2;-21,22162992;-41,30787306;SPRF-ES;DEL03-ES;UOP02-DEL03-ES
627268;29/07/2024;segunda-feira;19:00:00;MT;364;507;JANGADA;Reação tardia ou ineficiente do condutor;Tombamento;Com Vítimas Fatais;Plena Noite;Decrescente;Céu Claro;Simples;Reta;Não;3;1;0;1;0;6;1;8;-15,20537118;-56,50724436;SPRF-MT;DEL01-MT;UOP01-DEL01-MT
627272;11/09/2024;quarta-feira;08:00:00;PR;277;0;PARANAGUA;Ultrapassagem Indevida;Colisão lateral mesmo sentido;Com Vítimas Fatais;Pleno dia;Decrescente;Sol;Simples;"Reta;Ponte";Sim;4;1;0;0;1;2;0;4;-25,52057176;-48,54476452;SPRF-PR;DEL01-PR;UOP05-DEL01-PR
627273;11/09/2024;quarta-feira;09:00:00;ES;262;59,2;MARECHAL FLORIANO;Reação tardia ou ineficiente do condutor;Colisão traseira;Com Vítimas Fatais;Pleno dia;Decrescente;Céu Claro;Simples;Reta;Não;3;1;0;0;2;0;0;3;-20,42168121;-40,77787375;SPRF-ES;DEL01-ES;UOP01-DEL01-ES
627276;11/09/2024;quarta-feira;07:00:00;MG;116;261,3;TEOFILO OTONI;Ausência de reação do condutor;Colisão frontal;Com Vítimas Fatais;Pleno dia;Crescente;Sol;Simples;Reta;Não;2;1;0;0;1;0;0;2;-17,7331;-41,49926;SPRF-MG;DEL11-MG;UOP01-DEL11-MG
627277;11/09/2024;quarta-feira;08:40:00;MG;251;393,6;GRAO MOGOL;Velocidade Incompatível;Colisão lateral mesmo sentido;Com Vítimas Feridas;Pleno dia;Crescente;Céu Claro;Simples;Reta;Não;2;0;1;0;1;0;1;2;-16,22140971;-42,86161382;SPRF-MG;DEL12-MG;UOP01-DEL12-MG
627286;24/06/2024;segunda-feira;08:40:00;PB;230;185;POCINHOS;Reação tardia ou ineficiente do condutor;Colisão com objeto;Sem Vítimas;Pleno dia;Crescente;Céu Claro;Simples;"Reta;Em Obras;Viaduto;Rotatória";Não;2;0;0;0;1;2;0;3;-7,1516689;-36,1086768;SPRF-PB;DEL02-PB;UOP02-DEL02-PB
627288;10/09/2024;terça-feira;22:37:00;RO;364;176,6;PIMENTA BUENO;Problema com o freio;Incêndio;Sem Vítimas;Plena Noite;Decrescente;Céu Claro;Simples;"Reta;Declive";Não;2;0;0;0;1;1;0;2;-11,798814;-61,052184;SPRF-RO;DEL02-RO;UOP02-DEL02-RO
627290;11/09/2024;quarta-feira;09:20:00;PR;376;50,9;LOANDA;Transitar na contramão;Colisão frontal;Com Vítimas Feridas;Pleno dia;Crescente;Céu Claro;Simples;Reta;Não;3;0;1;0;1;2;1;4;-22,89538724;-52,91616517;SPRF-PR;DEL09-PR;UOP02-DEL09-PR
627292;23/08/2024;sexta-feira;23:45:00;SP;116;545;BARRA DO TURVO;Reação tardia ou ineficiente do condutor;Colisão com objeto;Com Vítimas Feridas;Plena Noite;Decrescente;Chuva;Simples;"Declive;Curva";Não;2;0;1;0;0;1;1;2;-24,95016699;-48,42400302;SPRF-SP;DEL05-SP;UOP02-DEL05-SP
627295;11/09/2024;quarta-feira;12:51:00;DF;70;13;BRASILIA;Acessar a via sem observar a presença dos outros veículos;Colisão transversal;Com Vítimas Feridas;Pleno dia;Crescente;Céu Claro;Dupla;Rotatória;Não;2;0;1;0;1;0;1;2;-15,7962179;-48,1728816;SPRF-DF;DEL03-DF;UOP02-DEL03-DF
627300;11/09/2024;quarta-feira;12:00:00;MG;50;50,9;ARAGUARI;Transitar na contramão;Colisão frontal;Com Vítimas Fatais;Pleno dia;Crescente;Céu Claro;Dupla;Retorno Regulamentado;Não;3;1;0;0;1;1;0;3;-18,73632416;-48,22707877;SPRF-MG;DEL15-MG;UOP02-DEL15-MG
627306;11/09/2024;quarta-feira;10:30:00;MS;436;8,1;APARECIDA DO TABOADO;Demais Fenômenos da natureza;Incêndio;Sem Vítimas;Pleno dia;Decrescente;Céu Claro;Simples;Reta;Não;2;0;0;0;1;3;0;4;-20,087124;-51,09403;SPRF-MS;DEL08-MS;UOP01-DEL08-MS
627307;11/09/2024;quarta-feira;10:05:00;MS;436;14,5;APARECIDA DO TABOADO;Demais Fenômenos da natureza;Incêndio;Sem Vítimas;Pleno dia;Decrescente;Céu Claro;Simples;Reta;Não;2;0;0;0;1;1;0;2;-20,096983;-51,026137;SPRF-MS;DEL08-MS;UOP01-DEL08-MS
627310;11/09/2024;quarta-feira;13:15:00;RS;116;309;GUAIBA;Acessar a via sem observar a presença dos outros veículos;Colisão transversal;Com Vítimas Feridas;Pleno dia;Decrescente;Nublado;Simples;Reta;Não;2;0;1;0;1;0;1;2;-30,19187406;-51,39787181;SPRF-RS;DEL02-RS;UOP01-DEL02-RS
627311;11/09/2024;quarta-feira;13:44:00;MG;381;561,8;ITAGUARA;Velocidade Incompatível;Colisão traseira;Com Vítimas Fatais;Pleno dia;Crescente;Sol;Dupla;Reta;Não;5;1;1;0;1;3;1;6;-20,39224209;-44,49492995;SPRF-MG;DEL04-MG;UOP03-DEL04-MG
627313;11/09/2024;quarta-feira;13:35:00;PE;423;160,6;AGUAS BELAS;Ingestão de álcool pelo condutor;Saída de leito carroçável;Sem Vítimas;Pleno dia;Decrescente;Nublado;Simples;Reta;Não;2;0;0;0;1;1;0;2;-9,09302838;-36,9813323;SPRF-PE;DEL03-PE;UOP01-DEL03-PE
627314;11/09/2024;quarta-feira;14:00:00;SC;101;44;JOINVILLE;Condutor deixou de manter distância do veículo da frente;Colisão traseira;Com Vítimas Feridas;Pleno dia;Crescente;Céu Claro;Dupla;Reta;Não;4;0;2;0;1;1;2;3;-26,31238996;-48,87458997;SPRF-SC;DEL03-SC;UOP01-DEL03-SC
627315;11/09/2024;quarta-feira;13:20:00;PR;277;547;CATANDUVAS;Demais Fenômenos da natureza;Incêndio;Sem Vítimas;Pleno dia;Decrescente;Sol;Múltipla;"Reta;Declive";Não;2;0;0;0;1;1;0;2;-25,1043266;-53,10033606;SPRF-PR;DEL04-PR;UOP04-DEL04-PR
627321;11/09/2024;quarta-feira;13:30:00;PR;163;196;CASCAVEL;Acessar a via sem observar a presença dos outros veículos;Colisão com objeto;Sem Vítimas;Pleno dia;Decrescente;Céu Claro;Dupla;Viaduto;Não;2;0;0;0;1;1;0;2;-25,11915107;-53,58556566;SPRF-PR;DEL05-PR;UOP05-DEL05-PR
627324;11/09/2024;quarta-feira;12:50:00;MT;163;102,3;RONDONOPOLIS;Ausência de reação do condutor;Engavetamento;Com Vítimas Feridas;Pleno dia;Crescente;Sol;Dupla;"Em Obras;Reta;Declive";Não;4;0;1;0;2;6;1;9;-16,63713456;-54,69416719;SPRF-MT;DEL02-MT;UOP03-DEL02-MT
627330;11/09/2024;quarta-feira;12:30:00;MT;70;344;DOM AQUINO;Reação tardia ou ineficiente do condutor;Colisão lateral sentido oposto;Com Vítimas Feridas;Pleno dia;Decrescente;Céu Claro;Simples;Reta;Não;3;0;1;0;1;3;1;5;-15,53122877;-54,82912187;SPRF-MT;DEL05-MT;UOP01-DEL05-MT
627335;11/09/2024;quarta-feira;13:25:00;MG;40;472,2;SETE LAGOAS;Ingestão de álcool pelo condutor;Colisão transversal;Com Vítimas Fatais;Pleno dia;Decrescente;Céu Claro;Dupla;Reta;Sim;5;1;1;0;0;4;1;5;-19,47543632;-44,29066576;SPRF-MG;DEL02-MG;UOP01-DEL02-MG
627340;11/09/2024;quarta-feira;16:10:00;BA;101;188;CONCEICAO DA FEIRA;Demais falhas mecânicas ou elétricas;Colisão com objeto;Com Vítimas Feridas;Pleno dia;Crescente;Céu Claro;Simples;Reta;Não;3;0;0;1;1;1;1;3;-12,57664901;-38,98154193;SPRF-BA;DEL01-BA;UOP03-DEL01-BA
627343;11/09/2024;quarta-feira;16:35:00;SC;470;55,7;BLUMENAU;Acessar a via sem observar a presença dos outros veículos;Colisão transversal;Com Vítimas Feridas;Pleno dia;Crescente;Céu Claro;Simples;Reta;Sim;2;0;1;0;1;0;1;2;-26,87644007;-49,12496924;SPRF-SC;DEL04-SC;UOP01-DEL04-SC
627350;11/09/2024;quarta-feira;15:45:00;BA;110;58,8;ENTRE RIOS;Manobra de mudança de faixa;Colisão lateral mesmo sentido;Com Vítimas Feridas;Pleno dia;Decrescente;Céu Claro;Dupla;Reta;Não;2;0;1;0;1;0;1;2;-11,93068715;-38,051012;SPRF-BA;DEL07-BA;UOP01-DEL07-BA