id;data_inversa;dia_semana;horario;uf;br;km;municipio;causa_acidente;tipo_acidente;classificacao_acidente;fase_dia;sentido_via;condicao_metereologica;tipo_pista;tracado_via;uso_solo;pessoas;mortos;feridos_leves;feridos_graves;ilesos;ignorados;feridos;veiculos;latitude;longitude;regional;delegacia;uop
627983;14/09/2024;sábado;12:10:00;RS;116;124;SAO MARCOS;Reação tardia ou ineficiente do condutor;Colisão frontal;Com Vítimas Feridas;Pleno dia;Decrescente;Céu Claro;Simples;Reta;Sim;3;0;0;1;2;0;1;2;-29,02509511;-51,08256484;SPRF-RS;DEL05-RS;UOP01-DEL05-RS
627984;14/09/2024;sábado;11:30:00;MG;381;915,8;CAMANDUCAIA;Reação tardia ou ineficiente do condutor;Colisão traseira;Com Vítimas Feridas;Pleno dia;Decrescente;Nublado;Dupla;Curva;Não;5;0;2;0;2;1;2;3;-22,73360072;-46,13483859;SPRF-MG;DEL16-MG;UOP03-DEL16-MG
627989;14/09/2024;sábado;12:24:00;AL;101;171,8;TEOTONIO VILELA;Ausência de reação do condutor;Colisão traseira;Com Vítimas Feridas;Pleno dia;Crescente;Céu Claro;Dupla;"Curva;Declive";Não;6;0;1;1;3;2;2;6;-9,90964346;-36,33292805;SPRF-AL;DEL02-AL;UOP02-DEL02-AL
627995;14/09/2024;sábado;13:20:00;PR;163;228,6;CASCAVEL;Condutor usando celular;Colisão traseira;Com Vítimas Feridas;Pleno dia;Decrescente;Nublado;Dupla;Reta;Não;3;0;1;0;1;3;1;5;-24,81562923;-53,66079591;SPRF-PR;DEL04-PR;UOP01-DEL04-PR
628005;14/09/2024;sábado;14:30:00;PI;343;49,3;BURITI DOS LOPES;Manobra de mudança de faixa;Colisão lateral sentido oposto;Com Vítimas Feridas;Pleno dia;Crescente;Sol;Simples;Reta;Sim;5;0;1;1;2;1;2;3;-3,178615;-41,861942;SPRF-PI;DEL05-PI;UOP01-DEL05-PI
628006;14/09/2024;sábado;09:40:00;SC;470;193,8;POUSO REDONDO;Problema com o freio;Tombamento;Com Vítimas Feridas;Pleno dia;Crescente;Céu Claro;Simples;"Curva;Declive";Não;2;0;1;0;0;1;1;2;-27,300575;-50,075451;SPRF-SC;DEL04-SC;UOP02-DEL04-SC
628009;04/09/2024;quarta-feira;01:00:00;GO;158;199,6;JATAI;Carga excessiva e/ou mal acondicionada;Tombamento;Com Vítimas Feridas;Plena Noite;Crescente;Céu Claro;Simples;"Declive;Reta";Não;2;0;1;0;0;2;1;3;-17,30699095;-51,88400189;SPRF-GO;DEL05-GO;UOP01-DEL05-GO
628015;14/09/2024;sábado;15:16:00;ES;101;146,1;LINHARES;Mal súbito do condutor;Colisão transversal;Com Vítimas Feridas;Pleno dia;Crescente;Céu Claro;Dupla;"Reta;Aclive;Retorno Regulamentado";Sim;4;0;1;0;2;1;1;4;-19,36990998;-40,06560718;SPRF-ES;DEL04-ES;UOP01-DEL04-ES
628016;14/09/2024;sábado;14:30:00;RJ;116;284;BARRA MANSA;Manobra de mudança de faixa;Colisão lateral mesmo sentido;Com Vítimas Feridas;Pleno dia;Crescente;Céu Claro;Dupla;Reta;Sim;4;0;2;0;1;1;2;3;-22,51174295;-44,21705393;SPRF-RJ;DEL07-RJ;UOP02-DEL07-RJ
628017;14/09/2024;sábado;14:15:00;MG;381;874,6;ESTIVA;Ausência de reação do condutor;Saída de leito carroçável;Com Vítimas Feridas;Pleno dia;Decrescente;Céu Claro;Dupla;Reta;Não;2;0;1;0;0;1;1;2;-22,45619351;-46,00792634;SPRF-MG;DEL16-MG;UOP01-DEL16-MG
628021;14/09/2024;sábado;14:44:00;ES;101;386,7;RIO NOVO DO SUL;Velocidade Incompatível;Colisão frontal;Com Vítimas Feridas;Pleno dia;Crescente;Sol;Simples;Reta;Não;5;0;0;1;3;1;1;3;-20,84290625;-40,87422184;SPRF-ES;DEL03-ES;UOP01-DEL03-ES
628025;14/09/2024;sábado;13:00:00;MT;163;880;SINOP;Reação tardia ou ineficiente do condutor;Colisão lateral sentido oposto;Com Vítimas Feridas;Pleno dia;Crescente;Sol;Simples;Reta;Não;5;0;2;0;3;0;2;2;-11,59474587;-55,42558723;SPRF-MT;DEL06-MT;UOP02-DEL06-MT
628028;14/09/2024;sábado;15:20:00;SE;101;163,9;SANTA LUZIA DO ITANHY;Carga excessiva e/ou mal acondicionada;Saída de leito carroçável;Com Vítimas Fatais;Pleno dia;Decrescente;Céu Claro;Simples;Curva;Não;1;1;0;0;0;0;0;1;-11,30837788;-37,51758805;SPRF-SE;DEL02-SE;UOP01-DEL02-SE
628032;14/09/2024;sábado;16:00:00;PE;316;28,1;ARARIPINA;Condutor deixou de manter distância do veículo da frente;Colisão traseira;Com Vítimas Feridas;Pleno dia;Crescente;Céu Claro;Simples;Aclive;Não;3;0;1;1;1;0;2;2;-7,61746864;-40,48060285;SPRF-PE;DEL05-PE;UOP02-DEL05-PE
628035;14/09/2024;sábado;16:25:00;TO;153;738;ALVORADA;Ausência de reação do condutor;Engavetamento;Com Vítimas Fatais;Pleno dia;Decrescente;Céu Claro;Simples;"Reta;Em Obras";Não;4;1;1;0;1;3;1;6;-12,28044701;-49,16045178;SPRF-TO;DEL01-TO;UOP02-DEL01-TO
628041;14/09/2024;sábado;16:15:00;MS;163;712;RIO VERDE DE MATO GROSSO;Carga excessiva e/ou mal acondicionada;Incêndio;Sem Vítimas;Pleno dia;Decrescente;Vento;Dupla;"Aclive;Reta";Não;2;0;0;0;2;0;0;1;-18,65639609;-54,79588489;SPRF-MS;DEL06-MS;UOP01-DEL06-MS
628042;14/09/2024;sábado;13:40:00;AM;174;905;MANAUS;Velocidade Incompatível;Colisão lateral mesmo sentido;Sem Vítimas;Pleno dia;Crescente;Céu Claro;Simples;"Interseção de Vias;Aclive;Reta";Sim;3;0;0;0;2;3;0;5;-2,788977;-60,036613;SPRF-AM;DEL01-AM;UOP01-DEL01-AM
628046;14/09/2024;sábado;17:40:00;BA;242;844;BARREIRAS;Velocidade Incompatível;Colisão frontal;Com Vítimas Fatais;Pleno dia;Decrescente;Céu Claro;Simples;Reta;Não;3;1;1;0;0;2;1;4;-12,11712954;-45,23390102;SPRF-BA;DEL10-BA;UOP01-DEL10-BA
628061;14/09/2024;sábado;16:20:00;BA;324;613;SALVADOR;Reação tardia ou ineficiente do condutor;Colisão lateral sentido oposto;Com Vítimas Fatais;Pleno dia;Decrescente;Chuva;Simples;Reta;Sim;3;1;0;0;1;1;0;3;-12,85531601;-38,42055197;SPRF-BA;DEL01-BA;UOP01-DEL01-BA
628069;14/09/2024;sábado;17:30:00;BA;116;881,7;CANDIDO SALES;Ausência de reação do condutor;Saída de leito carroçável;Com Vítimas Feridas;Anoitecer;Crescente;Céu Claro;Simples;Reta;Não;3;0;2;0;0;1;2;2;-15,31978389;-41,15178108;SPRF-BA;DEL08-BA;UOP03-DEL08-BA
628088;14/09/2024;sábado;19:33:00;PE;232;130;CARUARU;Acessar a via sem observar a presença dos outros veículos;Colisão transversal;Com Vítimas Feridas;Plena Noite;Decrescente;Céu Claro;Dupla;"Retorno Regulamentado;Interseção de Vias";Sim;2;0;0;1;1;0;1;2;-8,29983303;-35,989662;SPRF-PE;DEL02-PE;UOP01-DEL02-PE
628092;09/09/2024;segunda-feira;04:55:00;PA;316;63;CASTANHAL;Pedestre andava na pista;Atropelamento de Pedestre;Com Vítimas Feridas;Plena Noite;Decrescente;Céu Claro;Dupla;Reta;Sim;2;0;0;1;0;1;1;2;-1,296127;-47,918383;SPRF-PA;DEL01-PA;UOP01-DEL01-PA
628097;14/09/2024;sábado;19:00:00;PE;316;104;OURICURI;Demais falhas mecânicas ou elétricas;Incêndio;Sem Vítimas;Pleno dia;Decrescente;Céu Claro;Simples;Reta;Não;1;0;0;0;1;0;0;1;-7,95188563;-39,91377485;SPRF-PE;DEL05-PE;UOP02-DEL05-PE
628099;14/09/2024;sábado;21:00:00;RJ;101;110;CAMPOS DOS GOYTACAZES;Ausência de reação do condutor;Saída de leito carroçável;Com Vítimas Feridas;Plena Noite;Decrescente;Céu Claro;Simples;Reta;Não;1;0;1;0;0;0;1;1;-21,95485025;-41,64355074;SPRF-RJ;DEL08-RJ;UOP02-DEL08-RJ
628107;14/09/2024;sábado;18:00:00;BA;242;268;BOA VISTA DO TUPIM;Ausência de reação do condutor;Saída de leito carroçável;Com Vítimas Feridas;Anoitecer;Crescente;Nublado;Simples;Reta;Não;4;0;0;2;0;2;2;3;-12,44976476;-40,61152302;SPRF-BA;DEL06-BA;UOP02-DEL06-BA
628109;14/09/2024;sábado;18:00:00;MG;116;636,7;DIVINO;Reação tardia ou ineficiente do condutor;Colisão traseira;Com Vítimas Feridas;Anoitecer;Decrescente;Céu Claro;Simples;Reta;Não;2;0;0;1;0;1;1;2;-20,6269077;-42,22298361;SPRF-MG;DEL07-MG;UOP02-DEL07-MG
628115;14/09/2024;sábado;15:00:00;BA;116;566;BREJOES;Velocidade Incompatível;Colisão traseira;Com Vítimas Feridas;Pleno dia;Crescente;Nublado;Simples;Reta;Não;3;0;1;0;2;0;1;3;-12,97847221;-39,93906524;SPRF-BA;DEL03-BA;UOP02-DEL03-BA
628126;14/09/2024;sábado;22:00:00;RS;470;61;CAPAO BONITO DO SUL;Retorno proibido;Saída de leito carroçável;Sem Vítimas;Plena Noite;Decrescente;Céu Claro;Simples;Reta;Não;2;0;0;0;1;1;0;2;-28,097387;-51,478969;SPRF-RS;DEL08-RS;UOP05-DEL08-RS
628135;14/09/2024;sábado;20:50:00;PR;373;197,5;IPIRANGA;Reação tardia ou ineficiente do condutor;Tombamento;Com Vítimas Fatais;Plena Noite;Decrescente;Nublado;Simples;"Curva;Declive";Não;2;1;0;0;0;1;0;2;-25,07408013;-50,39314608;SPRF-PR;DEL03-PR;UOP01-DEL03-PR
628144;14/09/2024;sábado;23:00:00;AL;423;60;AGUA BRANCA;Condutor Dormindo;Colisão traseira;Com Vítimas Feridas;Plena Noite;Decrescente;Nublado;Simples;Aclive;Não;3;0;1;0;1;1;1;3;-9,288524;-37,809048;SPRF-AL;DEL03-AL;UOP02-DEL03-AL
628148;15/09/2024;domingo;00:25:00;RJ;101;270;RIO BONITO;Ausência de reação do condutor;Colisão traseira;Com Vítimas Feridas;Plena Noite;Crescente;Ignorado;Dupla;Curva;Não;3;0;0;1;1;1;1;3;-22,71852325;-42,68689289;SPRF-RJ;DEL02-RJ;UOP03-DEL02-RJ
628155;15/09/2024;domingo;01:40:00;MG;381;540,4;ITATIAIUCU;Reação tardia ou ineficiente do condutor;Colisão traseira;Com Vítimas Feridas;Plena Noite;Decrescente;Céu Claro;Dupla;Curva;Não;3;0;1;0;0;3;1;4;-20,25145691;-44,41136239;SPRF-MG;DEL04-MG;UOP03-DEL04-MG
628157;15/09/2024;domingo;02:45:00;MG;365;685,3;MONTE ALEGRE DE MINAS;Velocidade Incompatível;Colisão traseira;Com Vítimas Feridas;Plena Noite;Crescente;Céu Claro;Múltipla;"Viaduto;Declive";Sim;3;0;0;1;1;2;1;4;-18,86128507;-48,8629942;SPRF-MG;DEL15-MG;UOP01-DEL15-MG
628160;15/09/2024;domingo;03:00:00;BA;235;98;JEREMOABO;Ingestão de álcool pelo condutor;Colisão frontal;Com Vítimas Fatais;Plena Noite;Crescente;Céu Claro;Simples;Reta;Não;2;1;0;0;0;1;0;2;-10,05494471;-38,49322673;SPRF-BA;DEL07-BA;UOP01-DEL07-BA
628164;14/09/2024;sábado;22:00:00;MT;163;876;SINOP;Demais falhas mecânicas ou elétricas;Incêndio;Sem Vítimas;Plena Noite;Crescente;Céu Claro;Simples;Reta;Não;2;0;0;0;1;1;0;2;-11,62938088;-55,43496146;SPRF-MT;DEL06-MT;UOP02-DEL06-MT
628172;15/09/2024;domingo;03:10:00;GO;364;308,9;MINEIROS;Transitar na contramão;Colisão frontal;Com Vítimas Feridas;Plena Noite;Decrescente;Nevoeiro/Neblina;Simples;Curva;Não;4;0;0;2;1;1;2;3;-17,498772;-52,543625;SPRF-GO;DEL05-GO;UOP01-DEL05-GO
628173;15/09/2024;domingo;04:46:00;DF;20;51;BRASILIA;Demais falhas mecânicas ou elétricas;Incêndio;Sem Vítimas;Anoitecer;Crescente;Céu Claro;Dupla;Declive;Sim;2;0;0;0;1;1;0;2;-15,580705;-47,41259;SPRF-DF;DEL02-DF;UOP01-DEL02-DF
628175;15/09/2024;domingo;02:00:00;PE;423;129,4;SALOA;Curva acentuada;Colisão com objeto;Com Vítimas Feridas;Plena Noite;Crescente;Céu Claro;Simples;"Curva;Declive";Não;2;0;1;0;0;2;1;3;-8,96151209;-36,74044906;SPRF-PE;DEL03-PE;UOP01-DEL03-PE
628177;15/09/2024;domingo;02:20:00;RJ;493;108;ITAGUAI;Transitar na contramão;Colisão traseira;Com Vítimas Feridas;Plena Noite;Crescente;Céu Claro;Dupla;Reta;Não;7;0;4;1;1;1;5;3;-22,81036482;-43,79905701;SPRF-RJ;DEL01-RJ;UOP03-DEL01-RJ
628184;14/09/2024;sábado;21:45:00;MG;40;641,9;CONSELHEIRO LAFAIETE;Conversão proibida;Colisão transversal;Com Vítimas Feridas;Plena Noite;Decrescente;Céu Claro;Simples;Reta;Não;3;0;1;0;2;0;1;2;-20,760545;-43,80557;SPRF-MG;DEL05-MG;UOP02-DEL05-MG
628194;15/09/2024;domingo;03:50:00;PI;316;409,1;MARCOLANDIA;Velocidade Incompatível;Tombamento;Com Vítimas Feridas;Plena Noite;Decrescente;Céu Claro;Simples;"Curva;Declive";Não;2;0;1;0;0;1;1;2;-7,40232784;-40,71986403;SPRF-PI;DEL04-PI;UOP03-DEL04-PI
628213;15/09/2024;domingo;07:00:00;MS;60;19,9;CHAPADAO DO SUL;Condutor Dormindo;Colisão lateral sentido oposto;Com Vítimas Feridas;Amanhecer;Crescente;Céu Claro;Simples;Reta;Não;3;0;1;0;1;1;1;3;-18,8500701;-52,69346288;SPRF-MS;DEL08-MS;UOP01-DEL08-MS
628214;15/09/2024;domingo;05:00:00;SC;101;19,5;JOINVILLE;Ausência de reação do condutor;Colisão traseira;Com Vítimas Fatais;Amanhecer;Decrescente;Chuva;Dupla;Curva;Não;51;1;13;0;36;3;13;5;-26,13374712;-48,9003421;SPRF-SC;DEL03-SC;UOP01-DEL03-SC
628220;15/09/2024;domingo;07:35:00;SP;153;289;OCAUCU;Acessar a via sem observar a presença dos outros veículos;Colisão transversal;Com Vítimas Feridas;Pleno dia;Crescente;Céu Claro;Simples;Reta;Não;6;0;1;0;4;1;1;3;-22,48887695;-49,88946319;SPRF-SP;DEL07-SP;UOP02-DEL07-SP
628224;15/09/2024;domingo;08:30:00;SC;101;58;ARAQUARI;Curva acentuada;Saída de leito carroçável;Com Vítimas Feridas;Pleno dia;Decrescente;Chuva;Múltipla;Curva;Não;1;0;1;0;0;0;1;1;-26,44025049;-48,80129043;SPRF-SC;DEL03-SC;UOP02-DEL03-SC
628231;15/09/2024;domingo;10:00:00;MG;116;2;DIVISA ALEGRE;Pedestre cruzava a pista fora da faixa;Atropelamento de Pedestre;Com Vítimas Feridas;Pleno dia;Decrescente;Céu Claro;Simples;Reta;Sim;3;0;1;0;1;1;1;3;-15,73455515;-41,34083437;SPRF-BA;DEL08-BA;UOP03-DEL08-BA
628234;15/09/2024;domingo;07:35:00;MG;251;473,5;FRANCISCO SA;Velocidade Incompatível;Colisão lateral sentido oposto;Com Vítimas Feridas;Pleno dia;Crescente;Céu Claro;Simples;"Reta;Declive";Não;9;0;1;0;7;9;1;17;-16,47012768;-43,44753404;SPRF-MG;DEL12-MG;UOP01-DEL12-MG
628241;15/09/2024;domingo;07:30:00;GO;80;3,8;PADRE BERNARDO;Velocidade Incompatível;Tombamento;Com Vítimas Feridas;Amanhecer;Crescente;Céu Claro;Simples;Reta;Não;2;0;1;0;0;3;1;4;-15,50047;-48,220239;SPRF-DF;DEL03-DF;UOP02-DEL03-DF
628242;15/09/2024;domingo;07:50:00;BA;242;352;LENCOIS;Condutor Dormindo;Saída de leito carroçável;Com Vítimas Feridas;Pleno dia;Decrescente;Céu Claro;Simples;"Declive;Curva";Não;2;0;1;0;0;1;1;2;-12,49857081;-41,33159186;SPRF-BA;DEL06-BA;UOP02-DEL06-BA
628243;15/09/2024;domingo;06:45:00;GO;153;181;CAMPINORTE;Ultrapassagem Indevida;Colisão lateral mesmo sentido;Com Vítimas Feridas;Pleno dia;Decrescente;Céu Claro;Simples;Reta;Não;5;0;1;0;3;4;1;7;-14,36961;-49,158343;SPRF-GO;DEL07-GO;UOP02-DEL07-GO
628244;15/09/2024;domingo;10:30:00;PR;116;1;CAMPINA GRANDE DO SUL;Reação tardia ou ineficiente do condutor;Colisão traseira;Com Vítimas Feridas;Pleno dia;Crescente;Chuva;Simples;Curva;Não;3;0;1;0;1;3;1;5;-25,06368403;-48,57051896;SPRF-PR;DEL01-PR;UOP02-DEL01-PR
628247;15/09/2024;domingo;09:30:00;GO;153;33;PORANGATU;Demais falhas mecânicas ou elétricas;Incêndio;Sem Vítimas;Pleno dia;Decrescente;Céu Claro;Simples;Reta;Não;3;0;0;0;2;1;0;2;-13,111895;-49,202221;SPRF-GO;DEL07-GO;UOP01-DEL07-GO
628258;15/09/2024;domingo;07:15:00;MT;174;525;COMODORO;Demais falhas mecânicas ou elétricas;Incêndio;Com Vítimas Feridas;Pleno dia;Crescente;Nublado;Simples;Reta;Não;2;0;1;0;0;3;1;4;-13,31942992;-59,87821127;SPRF-MT;DEL04-MT;UOP02-DEL04-MT
628260;15/09/2024;domingo;12:50:00;ES;101;358,2;ANCHIETA;Condutor deixou de manter distância do veículo da frente;Colisão traseira;Com Vítimas Feridas;Pleno dia;Crescente;Sol;Simples;Reta;Não;5;0;3;0;1;2;3;4;-20,691717;-40,704254;SPRF-ES;DEL03-ES;UOP01-DEL03-ES
628261;15/09/2024;domingo;12:50:00;MS;163;526,9;JARAGUARI;Reação tardia ou ineficiente do condutor;Tombamento;Com Vítimas Feridas;Pleno dia;Decrescente;Nublado;Simples;Reta;Sim;2;0;1;0;0;1;1;2;-20,10884692;-54,44308417;SPRF-MS;DEL01-MS;UOP02-DEL01-MS
628264;05/07/2024;sexta-feira;16:00:00;BA;324;533;CONCEICAO DO JACUIPE;Velocidade Incompatível;Tombamento;Com Vítimas Feridas;Pleno dia;Decrescente;Céu Claro;Simples;Curva;Não;4;0;3;0;0;1;3;2;-12,36096292;-38,82340908;SPRF-BA;DEL01-BA;UOP03-DEL01-BA
628271;15/09/2024;domingo;14:00:00;PR;376;142;NOVA ESPERANCA;Ingestão de álcool pelo condutor;Colisão traseira;Com Vítimas Feridas;Pleno dia;Crescente;Chuva;Dupla;"Reta;Aclive";Não;3;0;0;1;1;1;1;3;-23,25682404;-52,16532609;SPRF-PR;DEL09-PR;UOP02-DEL09-PR
628274;15/09/2024;domingo;14:45:00;MG;40;476;SETE LAGOAS;Condutor Dormindo;Colisão lateral mesmo sentido;Com Vítimas Feridas;Pleno dia;Crescente;Céu Claro;Dupla;Reta;Não;4;0;1;0;2;1;1;3;-19,51363098;-44,27021397;SPRF-MG;DEL02-MG;UOP01-DEL02-MG
628277;15/09/2024;domingo;10:41:00;MT;163;558;DIAMANTINO;Reação tardia ou ineficiente do condutor;Saída de leito carroçável;Com Vítimas Feridas;Pleno dia;Decrescente;Sol;Simples;Reta;Não;2;0;1;0;0;1;1;2;-14,2483042;-56,13246685;SPRF-MT;DEL01-MT;UOP01-DEL01-MT
628286;15/09/2024;domingo;14:00:00;MS;262;187;RIBAS DO RIO PARDO;Reação tardia ou ineficiente do condutor;Colisão traseira;Com Vítimas Feridas;Pleno dia;Crescente;Nublado;Simples;Reta;Não;4;0;2;0;1;3;2;5;-20,43859011;-53,26376698;SPRF-MS;DEL07-MS;UOP02-DEL07-MS
628288;15/09/2024;domingo;16:10:00;MG;381;401;BOM JESUS DO AMPARO;Velocidade Incompatível;Tombamento;Com Vítimas Feridas;Pleno dia;Crescente;Céu Claro;Dupla;"Curva;Declive";Não;3;0;1;1;0;3;2;4;-19,74743793;-43,52145519;SPRF-MG;DEL01-MG;UOP01-DEL01-MG
628293;30/08/2024;sexta-feira;13:55:00;GO;50;111;CRISTALINA;Manobra de mudança de faixa;Colisão lateral mesmo sentido;Com Vítimas Feridas;Pleno dia;Decrescente;Céu Claro;Dupla;Reta;Não;2;0;0;1;0;1;1;2;-16,86807853;-47,67757416;SPRF-DF;DEL01-DF;UOP02-DEL01-DF
628302;15/09/2024;domingo;14:15:00;MT;174;269;VALE DE SAO DOMINGOS;Falta de elemento de contenção que evite a saída do leito carroçável;Saída de leito carroçável;Com Vítimas Feridas;Pleno dia;Crescente;Nublado;Simples;"Reta;Declive";Não;3;0;1;0;1;2;1;4;-15,36425495;-59,19955895;SPRF-MT;DEL04-MT;UOP01-DEL04-MT
628306;15/09/2024;domingo;14:40:00;SC;280;111;CORUPA;Acessar a via sem observar a presença dos outros veículos;Colisão transversal;Com Vítimas Feridas;Pleno dia;Crescente;Chuva;Simples;"Curva;Interseção de Vias;Rotatória";Não;6;0;2;2;1;2;4;4;-26,31295828;-49,38837778;SPRF-SC;DEL06-SC;UOP03-DEL06-SC
628312;15/09/2024;domingo;16:15:00;PA;155;284;ELDORADO DO CARAJAS;Manobra de mudança de faixa;Colisão transversal;Com Vítimas Feridas;Pleno dia;Crescente;Céu Claro;Simples;"Reta;Ponte";Sim;3;0;0;1;1;2;1;4;-5,86016296;-49,19748207;SPRF-PA;DEL03-PA;UOP01-DEL03-PA
628326;15/09/2024;domingo;18:50:00;MG;40;747,9;SANTOS DUMONT;Entrada inopinada do pedestre;Atropelamento de Pedestre;Com Vítimas Feridas;Plena Noite;Crescente;Céu Claro;Simples;Curva;Sim;3;0;1;0;1;1;1;3;-21,476604;-43,546051;SPRF-MG;DEL05-MG;UOP01-DEL05-MG
628344;15/09/2024;domingo;18:35:00;TO;153;123,3;WANDERLANDIA;Ultrapassagem Indevida;Colisão frontal;Com Vítimas Fatais;Plena Noite;Crescente;Céu Claro;Simples;Reta;Não;5;1;1;1;1;2;2;5;-7,07030955;-48,12173029;SPRF-TO;DEL02-TO;UOP01-DEL02-TO
628361;15/09/2024;domingo;19:40:00;MA;316;401,8;ALTO ALEGRE DO MARANHAO;Reação tardia ou ineficiente do condutor;Colisão frontal;Com Vítimas Feridas;Plena Noite;Decrescente;Céu Claro;Simples;Reta;Sim;3;0;1;0;1;1;1;3;-4,206411;-44,453041;SPRF-MA;DEL03-MA;UOP01-DEL03-MA
628365;15/09/2024;domingo;19:50:00;MG;116;700;MURIAE;Ausência de reação do condutor;Colisão frontal;Com Vítimas Feridas;Plena Noite;Crescente;Céu Claro;Simples;Curva;Sim;2;0;1;0;0;1;1;2;-21,10258681;-42,37840131;SPRF-MG;DEL07-MG;UOP02-DEL07-MG
628368;15/09/2024;domingo;17:30:00;PR;116;1,9;CAMPINA GRANDE DO SUL;Reação tardia ou ineficiente do condutor;Colisão com objeto;Com Vítimas Feridas;Anoitecer;Decrescente;Chuva;Dupla;"Reta;Aclive";Não;2;0;1;0;0;1;1;2;-25,06647466;-48,5771656;SPRF-PR;DEL01-PR;UOP02-DEL01-PR
628381;15/09/2024;domingo;21:15:00;MG;116;700,1;MURIAE;Ausência de reação do condutor;Colisão lateral sentido oposto;Sem Vítimas;Plena Noite;Crescente;Céu Claro;Simples;Curva;Não;3;0;0;0;2;1;0;3;-21,10714222;-42,37893462;SPRF-MG;DEL07-MG;UOP02-DEL07-MG
628383;15/09/2024;domingo;15:00:00;PR;376;324,1;ORTIGUEIRA;Ausência de reação do condutor;Colisão frontal;Com Vítimas Fatais;Pleno dia;Decrescente;Chuva;Simples;"Curva;Aclive";Não;7;1;1;4;0;1;5;3;-24,08335501;-51,05936802;SPRF-PR;DEL07-PR;UOP02-DEL07-PR
628389;15/09/2024;domingo;16:00:00;SE;235;28;AREIA BRANCA;Velocidade Incompatível;Derramamento de carga;Sem Vítimas;Pleno dia;Decrescente;Céu Claro;Simples;"Curva;Declive";Não;2;0;0;0;0;2;0;2;-10,79105238;-37,28055954;SPRF-SE;DEL01-SE;UOP02-DEL01-SE
628397;15/09/2024;domingo;22:30:00;SP;116;523;CAJATI;Reação tardia ou ineficiente do condutor;Saída de leito carroçável;Com Vítimas Feridas;Plena Noite;Crescente;Chuva;Dupla;"Reta;Declive";Não;2;0;1;0;0;1;1;2;-24,91273105;-48,25307091;SPRF-SP;DEL05-SP;UOP02-DEL05-SP
628400;15/09/2024;domingo;17:00:00;PR;153;204;TIBAGI;Ausência de reação do condutor;Tombamento;Com Vítimas Feridas;Pleno dia;Decrescente;Chuva;Simples;"Curva;Interseção de Vias;Rotatória";Não;2;0;1;0;0;1;1;2;-24,49947212;-50,44548845;SPRF-PR;DEL03-PR;UOP02-DEL03-PR
628408;15/09/2024;domingo;15:45:00;MG;381;704;LAVRAS;Ingestão de álcool pelo condutor;Colisão traseira;Sem Vítimas;Pleno dia;Decrescente;Nublado;Dupla;Reta;Não;2;0;0;0;1;1;0;2;-21,34177704;-45,17643719;SPRF-MG;DEL04-MG;UOP02-DEL04-MG
628412;15/09/2024;domingo;20:45:00;MT;158;695;BARRA DO GARCAS;Avarias e/ou desgaste excessivo no pneu;Derramamento de carga;Sem Vítimas;Plena Noite;Crescente;Céu Claro;Simples;Reta;Não;3;0;0;0;1;3;0;4;-15,01741601;-52,249834;SPRF-MT;DEL07-MT;UOP01-DEL07-MT
628415;16/09/2024;segunda-feira;01:10:00;MG;381;501;BETIM;Ingestão de álcool pelo condutor;Engavetamento;Com Vítimas Feridas;Plena Noite;Crescente;Céu Claro;Dupla;Reta;Sim;5;0;1;0;3;1;1;4;-20,0156707;-44,22248662;SPRF-MG;DEL01-MG;UOP03-DEL01-MG
628416;15/09/2024;domingo;19:06:00;MA;10;215,9;RIBAMAR FIQUENE;Ultrapassagem Indevida;Colisão lateral mesmo sentido;Com Vítimas Fatais;Plena Noite;Decrescente;Céu Claro;Simples;Reta;Não;7;3;0;3;0;2;3;4;-5,827027;-47,357825;SPRF-MA;DEL04-MA;UOP01-DEL04-MA
628417;15/09/2024;domingo;23:40:00;PR;369;19;CAMBARA;Condutor desrespeitou a iluminação vermelha do semáforo;Colisão transversal;Com Vítimas Feridas;Plena Noite;Decrescente;Chuva;Simples;Interseção de Vias;Sim;5;0;2;0;2;2;2;5;-23,03690844;-50,07544756;SPRF-PR;DEL07-PR;UOP05-DEL07-PR
628430;16/09/2024;segunda-feira;00:10:00;RO;364;426,5;JARU;Estacionar ou parar em local proibido;Colisão traseira;Com Vítimas Feridas;Plena Noite;Crescente;Céu Claro;Simples;Reta;Sim;3;0;0;1;1;3;1;5;-10,42929416;-62,48410186;SPRF-RO;DEL03-RO;UOP02-DEL03-RO
628431;16/09/2024;segunda-feira;03:00:00;SP;381;33,8;ATIBAIA;Reação tardia ou ineficiente do condutor;Saída de leito carroçável;Sem Vítimas;Plena Noite;Crescente;Céu Claro;Dupla;Curva;Não;3;0;0;0;2;1;0;3;-23,07976831;-46,56985939;SPRF-SP;DEL03-SP;UOP02-DEL03-SP
628432;16/09/2024;segunda-feira;04:45:00;PR;277;117;CAMPO LARGO;Reação tardia ou ineficiente do condutor;Tombamento;Com Vítimas Feridas;Plena Noite;Decrescente;Chuva;Dupla;Reta;Não;2;0;1;0;0;3;1;4;-25,43524762;-49,52257484;SPRF-PR;DEL03-PR;UOP03-DEL03-PR
628437;15/09/2024;domingo;21:30:00;RS;116;308;GUAIBA;Ingestão de álcool pelo condutor;Colisão frontal;Com Vítimas Feridas;Plena Noite;Crescente;Céu Claro;Simples;Reta;Não;3;0;1;0;1;1;1;3;-30,18291689;-51,39555744;SPRF-RS;DEL02-RS;UOP01-DEL02-RS
628448;16/09/2024;segunda-feira;05:55:00;SP;116;544;BARRA DO TURVO;Acumulo de água sobre o pavimento;Colisão com objeto;Com Vítimas Feridas;Amanhecer;Decrescente;Chuva;Simples;Curva;Não;3;0;0;1;1;1;1;3;-24,9636502;-48,43065262;SPRF-SP;DEL05-SP;UOP02-DEL05-SP