id;data_inversa;dia_semana;horario;uf;br;km;municipio;causa_acidente;tipo_acidente;classificacao_acidente;fase_dia;sentido_via;condicao_metereologica;tipo_pista;tracado_via;uso_solo;pessoas;mortos;feridos_leves;feridos_graves;ilesos;ignorados;feridos;veiculos;latitude;longitude;regional;delegacia;uop
629980;23/09/2024;segunda-feira;00:05:00;SP;116;104;TAUBATE;Reação tardia ou ineficiente do condutor;Colisão traseira;Com Vítimas Feridas;Plena Noite;Decrescente;Céu Claro;Dupla;Reta;Não;2;0;1;0;1;0;1;2;-23,00340176;-45,50626912;SPRF-SP;DEL02-SP;UOP02-DEL02-SP
629984;22/09/2024;domingo;22:50:00;MT;163;85,7;RONDONOPOLIS;Retorno proibido;Colisão lateral mesmo sentido;Com Vítimas Feridas;Plena Noite;Decrescente;Céu Claro;Dupla;Reta;Não;13;0;1;1;9;3;2;5;-16,78037281;-54,66661236;SPRF-MT;DEL02-MT;UOP03-DEL02-MT
629990;23/09/2024;segunda-feira;01:40:00;PE;232;34;MORENO;Reação tardia ou ineficiente do condutor;Tombamento;Com Vítimas Feridas;Plena Noite;Decrescente;Nublado;Dupla;Reta;Sim;2;0;2;0;0;0;2;1;-8,10702537;-35,18394691;SPRF-PE;DEL01-PE;UOP01-DEL01-PE
629992;22/09/2024;domingo;19:10:00;BA;116;568;BREJOES;Reação tardia ou ineficiente do condutor;Saída de leito carroçável;Com Vítimas Feridas;Plena Noite;Decrescente;Céu Claro;Simples;Curva;Não;2;0;1;0;0;1;1;2;-12,99271825;-39,95028884;SPRF-BA;DEL03-BA;UOP02-DEL03-BA
629994;23/09/2024;segunda-feira;00:05:00;MG;251;221;AGUAS VERMELHAS;Ausência de reação do condutor;Saída de leito carroçável;Com Vítimas Feridas;Plena Noite;Crescente;Céu Claro;Simples;Reta;Não;2;0;0;1;0;1;1;2;-15,9458144;-41,61518097;SPRF-MG;DEL12-MG;UOP02-DEL12-MG
629996;23/09/2024;segunda-feira;03:30:00;MG;381;704,2;LAVRAS;Velocidade Incompatível;Tombamento;Com Vítimas Feridas;Plena Noite;Crescente;Nublado;Dupla;"Curva;Declive";Não;2;0;1;0;0;1;1;2;-21,34177704;-45,17643719;SPRF-MG;DEL04-MG;UOP02-DEL04-MG
629999;23/09/2024;segunda-feira;06:40:00;PR;376;161,5;MARINGA;Ingestão de álcool pelo condutor;Colisão transversal;Com Vítimas Feridas;Amanhecer;Crescente;Céu Claro;Dupla;"Reta;Interseção de Vias";Sim;2;0;1;0;1;0;1;2;-23,36873195;-52,06548572;SPRF-PR;DEL09-PR;UOP02-DEL09-PR
630013;23/09/2024;segunda-feira;06:30:00;MA;230;51;BARAO DE GRAJAU;Velocidade Incompatível;Tombamento;Com Vítimas Feridas;Pleno dia;Decrescente;Céu Claro;Simples;"Declive;Curva";Não;2;0;0;1;0;3;1;4;-6,60127195;-43,41132697;SPRF-PI;DEL03-PI;UOP01-DEL03-PI
630017;23/09/2024;segunda-feira;07:23:00;MS;262;373;TERENOS;Condutor Dormindo;Tombamento;Com Vítimas Feridas;Pleno dia;Decrescente;Céu Claro;Simples;Curva;Não;2;0;1;0;0;1;1;2;-20,49006975;-54,81069446;SPRF-MS;DEL01-MS;UOP03-DEL01-MS
630019;23/09/2024;segunda-feira;05:00:00;BA;101;290;LAJE;Ultrapassagem Indevida;Colisão frontal;Com Vítimas Feridas;Amanhecer;Crescente;Céu Claro;Simples;"Declive;Reta";Não;3;0;1;0;1;1;1;3;-13,18076;-39,32897;SPRF-BA;DEL01-BA;UOP02-DEL01-BA
630026;23/09/2024;segunda-feira;07:10:00;PE;423;63,8;LAJEDO;Ultrapassagem Indevida;Colisão frontal;Com Vítimas Feridas;Pleno dia;Decrescente;Céu Claro;Simples;Reta;Sim;8;0;1;0;4;4;1;6;-8,66219547;-36,34708912;SPRF-PE;DEL03-PE;UOP01-DEL03-PE
630038;23/09/2024;segunda-feira;10:35:00;PR;116;126;FAZENDA RIO GRANDE;Reação tardia ou ineficiente do condutor;Colisão traseira;Com Vítimas Feridas;Pleno dia;Crescente;Sol;Dupla;"Reta;Interseção de Vias";Sim;3;0;2;0;1;0;2;2;-25,60389895;-49,31824423;SPRF-PR;DEL01-PR;UOP03-DEL01-PR
630048;23/09/2024;segunda-feira;09:50:00;SC;101;26,7;JOINVILLE;Avarias e/ou desgaste excessivo no pneu;Derramamento de carga;Sem Vítimas;Pleno dia;Crescente;Céu Claro;Múltipla;"Declive;Viaduto";Não;2;0;0;0;1;2;0;3;-26,19234802;-48,91210384;SPRF-SC;DEL03-SC;UOP01-DEL03-SC
630051;23/09/2024;segunda-feira;11:10:00;GO;80;127,3;BARRO ALTO;Reação tardia ou ineficiente do condutor;Colisão traseira;Com Vítimas Feridas;Pleno dia;Decrescente;Céu Claro;Simples;"Reta;Em Obras";Não;4;0;1;1;1;2;2;4;-15,01325128;-48,90014648;SPRF-GO;DEL07-GO;UOP02-DEL07-GO
630052;23/09/2024;segunda-feira;13:10:00;MG;50;113;UBERABA;Ausência de reação do condutor;Colisão traseira;Com Vítimas Feridas;Pleno dia;Crescente;Céu Claro;Dupla;"Interseção de Vias;Reta";Não;3;0;0;1;1;2;1;4;-19,24933392;-48,13570581;SPRF-MG;DEL13-MG;UOP01-DEL13-MG
630060;23/09/2024;segunda-feira;13:45:00;RS;116;310;GUAIBA;Demais falhas mecânicas ou elétricas;Colisão lateral sentido oposto;Com Vítimas Feridas;Pleno dia;Crescente;Nublado;Simples;"Reta;Declive";Não;3;0;1;0;1;4;1;6;-30,20082914;-51,40020449;SPRF-RS;DEL02-RS;UOP01-DEL02-RS
630065;23/09/2024;segunda-feira;14:20:00;RS;386;423,8;MONTENEGRO;Ausência de reação do condutor;Colisão com objeto;Sem Vítimas;Pleno dia;Decrescente;Nublado;Dupla;Reta;Não;2;0;0;0;1;1;0;2;-29,816875;-51,392719;SPRF-RS;DEL04-RS;UOP02-DEL04-RS
630069;23/09/2024;segunda-feira;08:00:00;MG;365;454;PATROCINIO;Mal súbito do condutor;Saída de leito carroçável;Com Vítimas Feridas;Pleno dia;Crescente;Céu Claro;Simples;Reta;Não;3;0;2;1;0;0;3;1;-18,84425723;-46,8637369;SPRF-MG;DEL10-MG;UOP01-DEL10-MG
630072;23/09/2024;segunda-feira;11:30:00;SC;163;68,7;SAO MIGUEL DO OESTE;Ingestão de álcool pelo condutor;Colisão traseira;Com Vítimas Feridas;Pleno dia;Crescente;Céu Claro;Dupla;Reta;Sim;3;0;1;0;1;1;1;3;-26,7426594;-53,50097179;SPRF-SC;DEL07-SC;UOP03-DEL07-SC
630073;23/09/2024;segunda-feira;15:00:00;MG;459;59;IPUIUNA;Ausência de reação do condutor;Colisão traseira;Com Vítimas Feridas;Pleno dia;Decrescente;Céu Claro;Simples;"Reta;Em Obras";Não;2;0;0;1;1;0;1;2;-22,091995;-46,213844;SPRF-MG;DEL09-MG;UOP01-DEL09-MG
630075;23/09/2024;segunda-feira;14:45:00;MG;251;515,3;MONTES CLAROS;Manobra de mudança de faixa;Colisão lateral mesmo sentido;Sem Vítimas;Pleno dia;Crescente;Sol;Simples;"Reta;Declive";Não;7;0;0;0;6;1;0;3;-16,65954384;-43,74380102;SPRF-MG;DEL12-MG;UOP01-DEL12-MG
630081;23/09/2024;segunda-feira;15:05:00;SP;116;74;APARECIDA;Ausência de reação do condutor;Colisão traseira;Com Vítimas Feridas;Pleno dia;Crescente;Céu Claro;Dupla;Reta;Não;2;0;0;1;0;1;1;2;-22,87353809;-45,25320023;SPRF-SP;DEL08-SP;UOP01-DEL08-SP
630105;23/09/2024;segunda-feira;16:20:00;MT;364;214;RONDONOPOLIS;Problema com o freio;Incêndio;Sem Vítimas;Pleno dia;Decrescente;Céu Claro;Múltipla;Reta;Não;2;0;0;0;1;3;0;4;-16,39255604;-54,71407876;SPRF-MT;DEL02-MT;UOP01-DEL02-MT
630106;23/09/2024;segunda-feira;17:41:00;ES;101;269,3;SERRA;Acessar a via sem observar a presença dos outros veículos;Colisão lateral mesmo sentido;Com Vítimas Feridas;Anoitecer;Crescente;Céu Claro;Múltipla;Reta;Sim;2;0;1;0;1;0;1;2;-20,21740496;-40,26990578;SPRF-ES;DEL02-ES;UOP01-DEL02-ES
630109;23/09/2024;segunda-feira;17:30:00;RS;386;215;TIO HUGO;Acessar a via sem observar a presença dos outros veículos;Colisão transversal;Com Vítimas Feridas;Anoitecer;Crescente;Nublado;Simples;Reta;Sim;4;0;2;0;1;2;2;5;-28,57666;-52,596031;SPRF-RS;DEL04-RS;UOP03-DEL04-RS
630113;23/09/2024;segunda-feira;15:30:00;MS;376;147,9;IVINHEMA;Ultrapassagem Indevida;Saída de leito carroçável;Com Vítimas Feridas;Pleno dia;Crescente;Sol;Simples;Reta;Não;1;0;1;0;0;0;1;1;-22,3851216;-53,57861605;SPRF-MS;DEL04-MS;UOP04-DEL04-MS
630117;23/09/2024;segunda-feira;19:08:00;MG;40;733,2;SANTOS DUMONT;Pedestre andava na pista;Atropelamento de Pedestre;Com Vítimas Fatais;Plena Noite;Crescente;Céu Claro;Simples;Reta;Não;4;1;0;0;1;2;0;3;-21,35659703;-43,5810239;SPRF-MG;DEL05-MG;UOP01-DEL05-MG
630121;23/09/2024;segunda-feira;17:30:00;PI;343;305;ALTOS;Ausência de reação do condutor;Colisão transversal;Com Vítimas Feridas;Plena Noite;Crescente;Chuva;Simples;Reta;Sim;3;0;1;0;2;0;1;2;-5,03444;-42,443382;SPRF-PI;DEL01-PI;UOP01-DEL01-PI
630129;23/09/2024;segunda-feira;17:30:00;PE;101;206,4;XEXEU;Reação tardia ou ineficiente do condutor;Tombamento;Com Vítimas Feridas;Anoitecer;Crescente;Céu Claro;Dupla;Reta;Não;2;0;1;0;0;1;1;2;-8,83845696;-35,63621337;SPRF-PE;DEL01-PE;UOP03-DEL01-PE
630130;23/09/2024;segunda-feira;19:40:00;PB;230;512;CAJAZEIRAS;Ultrapassagem Indevida;Colisão traseira;Com Vítimas Fatais;Plena Noite;Crescente;Céu Claro;Simples;Reta;Não;7;4;0;3;0;0;3;3;-6,8847;-38,6229;SPRF-PB;DEL03-PB;UOP03-DEL03-PB
630132;23/09/2024;segunda-feira;17:55:00;BA;101;497;ITABUNA;Transitar na contramão;Colisão frontal;Com Vítimas Feridas;Anoitecer;Decrescente;Nublado;Simples;Reta;Não;3;0;0;1;2;0;1;2;-14,88260904;-39,28276472;SPRF-BA;DEL05-BA;UOP01-DEL05-BA
630135;23/09/2024;segunda-feira;19:00:00;MS;163;90,5;ITAQUIRAI;Ultrapassagem Indevida;Colisão frontal;Com Vítimas Feridas;Plena Noite;Decrescente;Céu Claro;Simples;Reta;Não;5;0;2;0;1;3;2;5;-23,37010706;-54,21356046;SPRF-MS;DEL09-MS;UOP01-DEL09-MS
630153;23/09/2024;segunda-feira;18:15:00;SE;101;183,2;UMBAUBA;Manobra de mudança de faixa;Colisão frontal;Com Vítimas Feridas;Plena Noite;Crescente;Céu Claro;Simples;Aclive;Não;3;0;1;1;0;1;2;3;-11,37900039;-37,6630326;SPRF-SE;DEL02-SE;UOP03-DEL02-SE
630161;23/09/2024;segunda-feira;22:30:00;PR;369;446,2;UBIRATA;Ingestão de álcool pelo condutor;Colisão traseira;Sem Vítimas;Plena Noite;Decrescente;Céu Claro;Simples;Reta;Não;3;0;0;0;2;1;0;3;-24,55243205;-53,1010437;SPRF-PR;DEL04-PR;UOP03-DEL04-PR
630165;23/09/2024;segunda-feira;23:23:00;SP;116;142;SAO JOSE DOS CAMPOS;Reação tardia ou ineficiente do condutor;Colisão lateral mesmo sentido;Sem Vítimas;Plena Noite;Decrescente;Céu Claro;Dupla;Reta;Sim;2;0;0;0;1;1;0;2;-23,17426078;-45,82940111;SPRF-SP;DEL02-SP;UOP01-DEL02-SP
630166;23/09/2024;segunda-feira;23:30:00;MG;381;2;BETIM;Condutor Dormindo;Colisão com objeto;Com Vítimas Feridas;Plena Noite;Crescente;Céu Claro;Múltipla;"Declive;Curva";Não;5;0;1;0;3;1;1;3;-19,96825;-44,198708;SPRF-MG;DEL01-MG;UOP03-DEL01-MG
630167;23/09/2024;segunda-feira;19:00:00;MT;70;83;GENERAL CARNEIRO;Acostamento em desnível;Tombamento;Sem Vítimas;Plena Noite;Decrescente;Céu Claro;Simples;"Reta;Aclive";Não;2;0;0;0;1;3;0;4;-15,62560965;-52,82472889;SPRF-MT;DEL07-MT;UOP01-DEL07-MT
630171;24/09/2024;terça-feira;01:40:00;GO;60;73,4;ABADIANIA;Condutor Dormindo;Colisão com objeto;Com Vítimas Fatais;Plena Noite;Decrescente;Céu Claro;Dupla;"Declive;Ponte;Reta";Não;2;1;0;0;0;1;0;2;-16,2706;-48,7699;SPRF-GO;DEL02-GO;UOP01-DEL02-GO
630176;24/09/2024;terça-feira;02:46:00;PE;101;48;ABREU E LIMA;Pedestre cruzava a pista fora da faixa;Atropelamento de Pedestre;Com Vítimas Feridas;Plena Noite;Decrescente;Nublado;Múltipla;Reta;Sim;2;0;0;1;1;0;1;2;-7,89174705;-34,9033493;SPRF-PE;DEL01-PE;UOP02-DEL01-PE
630181;24/09/2024;terça-feira;06:00:00;SC;470;35,2;GASPAR;Ausência de reação do condutor;Saída de leito carroçável;Com Vítimas Feridas;Amanhecer;Crescente;Nublado;Simples;"Reta;Desvio Temporário";Não;1;0;1;0;0;0;1;1;-26,91325657;-48,96363974;SPRF-SC;DEL04-SC;UOP01-DEL04-SC
630182;23/09/2024;segunda-feira;22:50:00;BA;101;857,8;TEIXEIRA DE FREITAS;Acostamento em desnível;Tombamento;Com Vítimas Feridas;Plena Noite;Crescente;Céu Claro;Simples;Reta;Não;2;0;1;0;0;1;1;2;-17,37947377;-39,65892792;SPRF-BA;DEL09-BA;UOP02-DEL09-BA
630183;24/09/2024;terça-feira;06:00:00;RS;290;203,5;RIO PARDO;Condutor Dormindo;Colisão frontal;Com Vítimas Feridas;Amanhecer;Decrescente;Nublado;Simples;Reta;Não;3;0;1;1;0;1;2;3;-30,173361;-52,247738;SPRF-RS;DEL02-RS;UOP03-DEL02-RS
630184;24/09/2024;terça-feira;06:50:00;CE;116;18;ITAITINGA;Reação tardia ou ineficiente do condutor;Colisão traseira;Com Vítimas Feridas;Pleno dia;Crescente;Sol;Dupla;Reta;Sim;3;0;0;2;1;0;2;2;-3,90496605;-38,50518756;SPRF-CE;DEL01-CE;UOP02-DEL01-CE
630185;24/09/2024;terça-feira;05:45:00;RJ;101;274;TANGUA;Ausência de reação do condutor;Colisão traseira;Com Vítimas Feridas;Amanhecer;Decrescente;Céu Claro;Dupla;Reta;Não;5;0;1;0;4;0;1;4;-22,73506292;-42,71948103;SPRF-RJ;DEL02-RJ;UOP03-DEL02-RJ
630190;24/09/2024;terça-feira;06:10:00;SE;235;29;AREIA BRANCA;Chuva;Colisão lateral sentido oposto;Com Vítimas Feridas;Pleno dia;Crescente;Garoa/Chuvisco;Dupla;Curva;Não;5;0;1;0;4;0;1;2;-10,790907;-37,284542;SPRF-SE;DEL01-SE;UOP02-DEL01-SE
630191;24/09/2024;terça-feira;06:45:00;SC;470;15;ILHOTA;Demais falhas mecânicas ou elétricas;Incêndio;Sem Vítimas;Pleno dia;Crescente;Céu Claro;Dupla;Reta;Não;1;0;0;0;1;0;0;1;-26,839785;-48,785534;SPRF-SC;DEL04-SC;UOP04-DEL04-SC
630194;24/09/2024;terça-feira;07:10:00;SE;101;77;LARANJEIRAS;Ausência de reação do condutor;Colisão lateral mesmo sentido;Com Vítimas Feridas;Pleno dia;Decrescente;Sol;Dupla;Reta;Sim;3;0;1;0;1;2;1;4;-10,776609;-37,13439;SPRF-SE;DEL01-SE;UOP01-DEL01-SE
630201;24/09/2024;terça-feira;05:00:00;MG;116;109,6;ITAOBIM;Manobra de mudança de faixa;Colisão lateral mesmo sentido;Com Vítimas Feridas;Amanhecer;Crescente;Nublado;Simples;Curva;Não;3;0;1;0;1;1;1;3;-16,504778;-41,509861;SPRF-MG;DEL11-MG;UOP02-DEL11-MG
630204;23/09/2024;segunda-feira;16:00:00;BA;101;380;IBIRAPITANGA;Velocidade Incompatível;Tombamento;Com Vítimas Feridas;Pleno dia;Crescente;Céu Claro;Simples;"Reta;Aclive";Não;1;0;1;0;0;0;1;1;-13,990182;-39,478495;SPRF-BA;DEL05-BA;UOP03-DEL05-BA
630208;24/09/2024;terça-feira;08:00:00;RJ;116;196;QUEIMADOS;Acessar a via sem observar a presença dos outros veículos;Colisão lateral mesmo sentido;Com Vítimas Feridas;Pleno dia;Decrescente;Céu Claro;Dupla;Reta;Sim;5;0;2;1;1;1;3;4;-22,73336575;-43,55659479;SPRF-RJ;DEL06-RJ;UOP01-DEL06-RJ
630209;24/09/2024;terça-feira;08:00:00;PR;116;105;SAO JOSE DOS PINHAIS;Condutor deixou de manter distância do veículo da frente;Colisão traseira;Sem Vítimas;Pleno dia;Crescente;Céu Claro;Dupla;Reta;Não;2;0;0;0;1;1;0;2;-25,570465;-49,214748;SPRF-PR;DEL01-PR;UOP07-DEL01-PR
630218;24/09/2024;terça-feira;07:45:00;SC;163;68,7;SAO MIGUEL DO OESTE;Condutor desrespeitou a iluminação vermelha do semáforo;Colisão transversal;Com Vítimas Feridas;Pleno dia;Decrescente;Céu Claro;Dupla;"Aclive;Interseção de Vias";Não;2;0;0;1;1;0;1;2;-26,74368638;-53,50105402;SPRF-SC;DEL07-SC;UOP03-DEL07-SC
630220;24/09/2024;terça-feira;09:48:00;TO;153;153;ARAGUAINA;Acessar a via sem observar a presença dos outros veículos;Colisão transversal;Com Vítimas Feridas;Pleno dia;Crescente;Céu Claro;Simples;Reta;Não;3;0;1;0;1;1;1;3;-7,27288096;-48,2662611;SPRF-TO;DEL02-TO;UOP01-DEL02-TO
630221;24/09/2024;terça-feira;08:00:00;RJ;393;297;BARRA MANSA;Velocidade Incompatível;Colisão traseira;Com Vítimas Feridas;Pleno dia;Decrescente;Céu Claro;Simples;Reta;Sim;2;0;1;0;1;0;1;2;-22,5337622;-44,11657385;SPRF-RJ;DEL07-RJ;UOP02-DEL07-RJ
630223;24/09/2024;terça-feira;09:55:00;AL;101;235,1;OLHO DAGUA GRANDE;Carga excessiva e/ou mal acondicionada;Saída de leito carroçável;Com Vítimas Feridas;Pleno dia;Crescente;Nublado;Dupla;"Curva;Aclive";Não;2;0;0;1;0;1;1;2;-10,11732075;-36,77563499;SPRF-AL;DEL02-AL;UOP02-DEL02-AL
630233;24/09/2024;terça-feira;11:35:00;MG;381;481,1;CONTAGEM;Mal súbito do condutor;Colisão traseira;Com Vítimas Feridas;Pleno dia;Crescente;Céu Claro;Múltipla;"Reta;Aclive";Não;3;0;1;0;1;1;1;3;-19,95931561;-44,08825597;SPRF-MG;DEL01-MG;UOP03-DEL01-MG
630244;24/09/2024;terça-feira;07:25:00;SC;280;292,5;PORTO UNIAO;Transitar na contramão;Colisão frontal;Com Vítimas Fatais;Pleno dia;Decrescente;Céu Claro;Simples;"Curva;Declive";Não;7;5;0;0;1;1;0;3;-26,2976157;-50,9514689;SPRF-SC;DEL06-SC;UOP04-DEL06-SC
630245;24/09/2024;terça-feira;12:30:00;RJ;356;61,3;ITALVA;Condutor Dormindo;Saída de leito carroçável;Com Vítimas Feridas;Pleno dia;Decrescente;Céu Claro;Simples;Reta;Não;1;0;0;1;0;0;1;1;-21,31606803;-41,70737964;SPRF-RJ;DEL08-RJ;UOP03-DEL08-RJ
630248;24/09/2024;terça-feira;13:00:00;RJ;495;1,5;TERESOPOLIS;Condutor deixou de manter distância do veículo da frente;Colisão lateral sentido oposto;Com Vítimas Feridas;Pleno dia;Decrescente;Céu Claro;Simples;Reta;Sim;2;0;1;0;1;0;1;2;-22,401231;-42,979873;SPRF-RJ;DEL04-RJ;UOP01-DEL04-RJ
630256;24/09/2024;terça-feira;08:00:00;MT;163;527,9;DIAMANTINO;Manobra de mudança de faixa;Tombamento;Com Vítimas Feridas;Pleno dia;Decrescente;Céu Claro;Dupla;Reta;Não;4;0;1;0;1;5;1;7;-14,47470292;-56,16291107;SPRF-MT;DEL01-MT;UOP01-DEL01-MT
630258;24/09/2024;terça-feira;13:16:00;SC;101;251,5;PAULO LOPES;Pedestre andava na pista;Atropelamento de Pedestre;Com Vítimas Fatais;Pleno dia;Decrescente;Céu Claro;Dupla;"Ponte;Reta";Não;2;1;0;0;0;1;0;2;-27,95441586;-48,67528081;SPRF-SC;DEL02-SC;UOP03-DEL02-SC
630260;24/09/2024;terça-feira;15:44:00;PR;116;110;CURITIBA;Demais falhas mecânicas ou elétricas;Incêndio;Sem Vítimas;Pleno dia;Crescente;Céu Claro;Dupla;Reta;Não;1;0;0;0;1;0;0;1;-25,57012941;-49,21736805;SPRF-PR;DEL01-PR;UOP03-DEL01-PR
630262;24/09/2024;terça-feira;11:40:00;SC;282;501,3;XANXERE;Acessar a via sem observar a presença dos outros veículos;Colisão transversal;Com Vítimas Feridas;Pleno dia;Decrescente;Céu Claro;Dupla;"Rotatória;Aclive";Sim;4;0;2;0;1;1;2;3;-26,882715;-52,381729;SPRF-SC;DEL07-SC;UOP01-DEL07-SC
630272;24/09/2024;terça-feira;13:30:00;MG;116;143;PONTO DOS VOLANTES;Demais falhas mecânicas ou elétricas;Saída de leito carroçável;Com Vítimas Feridas;Pleno dia;Decrescente;Céu Claro;Simples;"Declive;Reta";Não;2;0;0;1;0;2;1;3;-16,79353103;-41,48030125;SPRF-MG;DEL11-MG;UOP02-DEL11-MG
630276;24/09/2024;terça-feira;15:55:00;ES;101;270,2;SERRA;Manobra de mudança de faixa;Colisão lateral mesmo sentido;Com Vítimas Feridas;Pleno dia;Decrescente;Céu Claro;Múltipla;Reta;Sim;3;0;1;0;1;1;1;3;-20,2282171;-40,2715787;SPRF-ES;DEL02-ES;UOP01-DEL02-ES
630280;24/09/2024;terça-feira;17:00:00;RJ;101;316;SAO GONCALO;Reação tardia ou ineficiente do condutor;Colisão lateral mesmo sentido;Com Vítimas Feridas;Anoitecer;Decrescente;Céu Claro;Dupla;Reta;Sim;4;0;1;0;2;1;1;4;-22,82835879;-43,09208739;SPRF-RJ;DEL02-RJ;UOP02-DEL02-RJ
630284;24/09/2024;terça-feira;16:00:00;PR;277;38;MORRETES;Velocidade Incompatível;Colisão com objeto;Com Vítimas Feridas;Pleno dia;Decrescente;Céu Claro;Dupla;"Declive;Curva";Não;2;0;1;0;0;2;1;3;-25,56584471;-48,81116269;SPRF-PR;DEL01-PR;UOP05-DEL01-PR
630286;24/09/2024;terça-feira;14:50:00;MS;163;253;DOURADOS;Velocidade Incompatível;Tombamento;Com Vítimas Feridas;Pleno dia;Crescente;Nublado;Dupla;Rotatória;Não;2;0;1;0;0;1;1;2;-22,27885392;-54,82235352;SPRF-MS;DEL04-MS;UOP02-DEL04-MS
630288;24/09/2024;terça-feira;16:00:00;MS;60;340;CAMPO GRANDE;Acessar a via sem observar a presença dos outros veículos;Colisão lateral mesmo sentido;Com Vítimas Feridas;Pleno dia;Crescente;Céu Claro;Simples;Reta;Não;3;0;0;1;1;2;1;4;-20,395833;-54,685833;SPRF-MS;DEL01-MS;UOP02-DEL01-MS
630289;24/09/2024;terça-feira;18:08:00;ES;101;285,2;CARIACICA;Manobra de mudança de faixa;Colisão transversal;Com Vítimas Feridas;Plena Noite;Decrescente;Céu Claro;Dupla;"Reta;Retorno Regulamentado";Sim;2;0;1;0;1;0;1;2;-20,25148171;-40,37270066;SPRF-ES;DEL01-ES;UOP01-DEL01-ES
630291;24/09/2024;terça-feira;17:00:00;BA;116;579,3;NOVA ITARANA;Demais falhas na via;Colisão frontal;Com Vítimas Fatais;Pleno dia;Crescente;Garoa/Chuvisco;Simples;"Declive;Reta";Não;6;1;0;3;2;0;3;2;-13,1076831;-39,9740875;SPRF-BA;DEL03-BA;UOP02-DEL03-BA
630309;24/09/2024;terça-feira;14:20:00;BA;116;224;EUCLIDES DA CUNHA;Reação tardia ou ineficiente do condutor;Capotamento;Com Vítimas Feridas;Pleno dia;Decrescente;Céu Claro;Simples;Reta;Não;4;0;2;2;0;0;4;1;-10,59666451;-38,9758873;SPRF-BA;DEL07-BA;UOP03-DEL07-BA
630310;24/09/2024;terça-feira;13:45:00;RJ;40;118;DUQUE DE CAXIAS;Mal súbito do condutor;Saída de leito carroçável;Com Vítimas Fatais;Pleno dia;Decrescente;Céu Claro;Dupla;Reta;Sim;3;1;0;0;1;1;0;3;-22,75470802;-43,28737838;SPRF-RJ;DEL01-RJ;UOP02-DEL01-RJ
630311;24/09/2024;terça-feira;18:20:00;PE;408;105,6;JABOATAO DOS GUARARAPES;Acessar a via sem observar a presença dos outros veículos;Colisão lateral mesmo sentido;Com Vítimas Feridas;Plena Noite;Crescente;Céu Claro;Dupla;Reta;Sim;3;0;0;1;1;1;1;2;-8,079259;-34,991647;SPRF-PE;DEL01-PE;UOP01-DEL01-PE
630312;24/09/2024;terça-feira;18:45:00;PR;376;180;MARINGA;Trafegar com motocicleta (ou similar) entre as faixas;Colisão lateral mesmo sentido;Com Vítimas Feridas;Plena Noite;Crescente;Céu Claro;Dupla;Reta;Sim;4;0;2;0;1;2;2;4;-23,42725352;-51,89512271;SPRF-PR;DEL09-PR;UOP01-DEL09-PR
630320;24/09/2024;terça-feira;16:00:00;MS;163;238,9;CAARAPO;Transitar na contramão;Colisão lateral sentido oposto;Com Vítimas Feridas;Pleno dia;Crescente;Céu Claro;Simples;Curva;Não;7;0;2;0;4;3;2;6;-22,4077448;-54,79636528;SPRF-MS;DEL04-MS;UOP02-DEL04-MS
630324;24/09/2024;terça-feira;13:30:00;RJ;465;17;SEROPEDICA;Ausência de reação do condutor;Colisão lateral sentido oposto;Com Vítimas Feridas;Pleno dia;Crescente;Céu Claro;Simples;Reta;Sim;3;0;1;0;1;1;1;3;-22,823448;-43,619843;SPRF-RJ;DEL06-RJ;UOP02-DEL06-RJ
630325;24/09/2024;terça-feira;20:50:00;BA;101;37;ESPLANADA;Acessar a via sem observar a presença dos outros veículos;Colisão transversal;Com Vítimas Feridas;Plena Noite;Crescente;Céu Claro;Simples;Curva;Não;2;0;1;0;1;0;1;2;-11,83041202;-37,99123193;SPRF-SE;DEL02-SE;UOP03-DEL02-SE
630328;24/09/2024;terça-feira;19:35:00;SC;470;65,5;INDAIAL;Conversão proibida;Colisão frontal;Com Vítimas Fatais;Plena Noite;Crescente;Céu Claro;Simples;"Curva;Em Obras";Sim;3;1;0;0;1;1;0;3;-26,87086065;-49,21789169;SPRF-SC;DEL04-SC;UOP01-DEL04-SC
630329;24/09/2024;terça-feira;19:40:00;GO;452;179;ITUMBIARA;Acessar a via sem observar a presença dos outros veículos;Colisão transversal;Com Vítimas Feridas;Plena Noite;Decrescente;Céu Claro;Simples;Curva;Não;4;0;2;0;1;1;2;3;-18,37027474;-49,36134287;SPRF-GO;DEL03-GO;UOP02-DEL03-GO
630330;24/09/2024;terça-feira;21:10:00;ES;101;273,6;SERRA;Condutor usando celular;Colisão traseira;Com Vítimas Feridas;Plena Noite;Decrescente;Céu Claro;Dupla;Reta;Não;4;0;2;0;2;0;2;2;-20,22029207;-40,29048811;SPRF-ES;DEL02-ES;UOP01-DEL02-ES
630332;24/09/2024;terça-feira;20:15:00;PR;153;491;GENERAL CARNEIRO;Problema com o freio;Incêndio;Sem Vítimas;Plena Noite;Crescente;Céu Claro;Simples;Reta;Sim;2;0;0;0;1;1;0;2;-26,42342664;-51,30568027;SPRF-PR;DEL02-PR;UOP03-DEL02-PR
630333;24/09/2024;terça-feira;18:10:00;PE;232;142;SAO CAITANO;Demais falhas mecânicas ou elétricas;Colisão lateral mesmo sentido;Com Vítimas Feridas;Plena Noite;Decrescente;Céu Claro;Dupla;Reta;Não;2;0;2;0;0;0;2;2;-8,322936;-36,097348;SPRF-PE;DEL03-PE;UOP02-DEL03-PE