id;data_inversa;dia_semana;horario;uf;br;km;municipio;causa_acidente;tipo_acidente;classificacao_acidente;fase_dia;sentido_via;condicao_metereologica;tipo_pista;tracado_via;uso_solo;pessoas;mortos;feridos_leves;feridos_graves;ilesos;ignorados;feridos;veiculos;latitude;longitude;regional;delegacia;uop
630346;24/09/2024;terça-feira;20:35:00;MT;163;534;DIAMANTINO;Reação tardia ou ineficiente do condutor;Saída de leito carroçável;Com Vítimas Feridas;Plena Noite;Decrescente;Céu Claro;Simples;"Reta;Em Obras;Desvio Temporário";Não;1;0;1;0;0;0;1;1;-14,43223601;-56,11612599;SPRF-MT;DEL01-MT;UOP01-DEL01-MT
630347;24/09/2024;terça-feira;17:50:00;MG;40;252,8;SAO GONCALO DO ABAETE;Ausência de reação do condutor;Colisão com objeto;Com Vítimas Fatais;Anoitecer;Decrescente;Céu Claro;Simples;"Declive;Ponte;Reta";Não;2;1;0;0;0;1;0;2;-18,12733621;-45,41919708;SPRF-MG;DEL14-MG;UOP02-DEL14-MG
630349;24/09/2024;terça-feira;20:30:00;BA;116;716;MANOEL VITORINO;Condutor Dormindo;Saída de leito carroçável;Com Vítimas Feridas;Plena Noite;Crescente;Nublado;Simples;"Reta;Ponte";Não;2;0;1;0;0;1;1;2;-14,199503;-40,271187;SPRF-BA;DEL08-BA;UOP02-DEL08-BA
630351;24/09/2024;terça-feira;22:40:00;SC;101;401,4;MARACAJA;Acessar a via sem observar a presença dos outros veículos;Colisão frontal;Com Vítimas Feridas;Plena Noite;Decrescente;Nublado;Múltipla;Reta;Não;3;0;1;0;1;1;1;3;-28,8736522;-49,45345402;SPRF-SC;DEL02-SC;UOP02-DEL02-SC
630357;25/09/2024;quarta-feira;02:00:00;GO;60;110;GOIANAPOLIS;Demais falhas mecânicas ou elétricas;Incêndio;Sem Vítimas;Plena Noite;Crescente;Céu Claro;Dupla;Reta;Não;2;0;0;0;0;2;0;2;-16,45;-49,0316;SPRF-GO;DEL01-GO;UOP01-DEL01-GO
630360;25/09/2024;quarta-feira;01:45:00;PR;277;462;LARANJEIRAS DO SUL;Condutor Dormindo;Colisão lateral sentido oposto;Com Vítimas Feridas;Plena Noite;Crescente;Céu Claro;Simples;"Declive;Curva";Não;2;0;1;0;1;0;1;2;-25,35694;-52,4777;SPRF-PR;DEL04-PR;UOP02-DEL04-PR
630374;25/09/2024;quarta-feira;02:00:00;SP;116;550;BARRA DO TURVO;Reação tardia ou ineficiente do condutor;Tombamento;Com Vítimas Feridas;Plena Noite;Decrescente;Céu Claro;Simples;Curva;Não;2;0;0;1;0;1;1;2;-24,96614016;-48,46876144;SPRF-SP;DEL05-SP;UOP02-DEL05-SP
630378;25/09/2024;quarta-feira;05:35:00;PE;101;65;RECIFE;Reação tardia ou ineficiente do condutor;Colisão transversal;Com Vítimas Feridas;Pleno dia;Crescente;Céu Claro;Dupla;Reta;Sim;2;0;1;0;0;1;1;2;-8,02478597;-34,94276635;SPRF-PE;DEL01-PE;UOP01-DEL01-PE
630382;25/09/2024;quarta-feira;06:40:00;PE;408;105;JABOATAO DOS GUARARAPES;Restrição de visibilidade em curvas horizontais;Colisão traseira;Sem Vítimas;Pleno dia;Crescente;Céu Claro;Dupla;Curva;Sim;2;0;0;0;2;0;0;2;-8,0730937;-34,99190714;SPRF-PE;DEL01-PE;UOP01-DEL01-PE
630386;25/09/2024;quarta-feira;01:50:00;RJ;101;35;CAMPOS DOS GOYTACAZES;Reação tardia ou ineficiente do condutor;Colisão traseira;Com Vítimas Feridas;Plena Noite;Crescente;Céu Claro;Simples;"Reta;Aclive";Não;2;0;1;0;1;0;1;2;-21,50796231;-41,33679556;SPRF-RJ;DEL08-RJ;UOP01-DEL08-RJ
630392;25/09/2024;quarta-feira;07:30:00;PR;277;598;CASCAVEL;Acessar a via sem observar a presença dos outros veículos;Colisão traseira;Com Vítimas Feridas;Pleno dia;Crescente;Céu Claro;Dupla;"Reta;Retorno Regulamentado";Não;4;0;1;0;2;1;1;4;-24,99599861;-53,51520034;SPRF-PR;DEL04-PR;UOP01-DEL04-PR
630398;25/09/2024;quarta-feira;07:30:00;GO;153;513,3;APARECIDA DE GOIANIA;Reação tardia ou ineficiente do condutor;Colisão lateral mesmo sentido;Sem Vítimas;Pleno dia;Crescente;Céu Claro;Dupla;Retorno Regulamentado;Sim;2;0;0;0;2;0;0;2;-16,8244;-49,2421;SPRF-GO;DEL01-GO;UOP03-DEL01-GO
630401;25/09/2024;quarta-feira;06:40:00;PA;155;300,5;MARABA;Ultrapassagem Indevida;Colisão traseira;Com Vítimas Feridas;Pleno dia;Crescente;Céu Claro;Simples;Reta;Não;4;0;0;1;1;3;1;5;-5,73211405;-49,14484986;SPRF-PA;DEL03-PA;UOP01-DEL03-PA
630403;25/09/2024;quarta-feira;07:40:00;MG;40;749,1;SANTOS DUMONT;Velocidade Incompatível;Tombamento;Com Vítimas Feridas;Pleno dia;Decrescente;Céu Claro;Simples;Curva;Não;2;0;1;0;0;1;1;2;-21,48374091;-43,53690863;SPRF-MG;DEL05-MG;UOP01-DEL05-MG
630410;25/09/2024;quarta-feira;08:25:00;PR;277;74;SAO JOSE DOS PINHAIS;Ausência de reação do condutor;Engavetamento;Com Vítimas Feridas;Pleno dia;Crescente;Sol;Dupla;"Viaduto;Declive;Reta";Não;4;0;1;0;3;0;1;3;-25,49627708;-49,16313171;SPRF-PR;DEL01-PR;UOP07-DEL01-PR
630416;25/09/2024;quarta-feira;06:30:00;BA;242;490;BROTAS DE MACAUBAS;Manobra de mudança de faixa;Colisão frontal;Com Vítimas Feridas;Pleno dia;Crescente;Céu Claro;Simples;Reta;Não;3;0;0;1;1;2;1;4;-12,40813704;-42,37388109;SPRF-BA;DEL06-BA;UOP01-DEL06-BA
630418;25/09/2024;quarta-feira;08:18:00;BA;116;493;RAFAEL JAMBEIRO;Retorno proibido;Colisão transversal;Com Vítimas Feridas;Pleno dia;Decrescente;Céu Claro;Dupla;Reta;Não;3;0;1;0;2;0;1;2;-12,56115018;-39,47426391;SPRF-BA;DEL02-BA;UOP01-DEL02-BA
630422;25/09/2024;quarta-feira;06:48:00;MT;364;350,7;SANTO ANTONIO DO LEVERGER;Ausência de reação do condutor;Colisão traseira;Com Vítimas Fatais;Amanhecer;Crescente;Céu Claro;Dupla;"Declive;Reta";Não;5;1;0;0;2;8;0;11;-15,80518241;-55,55686807;SPRF-MT;DEL05-MT;UOP02-DEL05-MT
630425;25/09/2024;quarta-feira;06:15:00;PA;10;243;AURORA DO PARA;Ultrapassagem Indevida;Colisão lateral mesmo sentido;Com Vítimas Feridas;Amanhecer;Decrescente;Ignorado;Simples;"Aclive;Reta";Não;4;0;2;0;1;1;2;3;-2,31290101;-47,56399577;SPRF-PA;DEL02-PA;UOP01-DEL02-PA
630426;25/09/2024;quarta-feira;11:06:00;SP;116;147;SAO JOSE DOS CAMPOS;Frear bruscamente;Colisão traseira;Com Vítimas Feridas;Pleno dia;Crescente;Céu Claro;Dupla;Reta;Não;2;0;0;1;0;1;1;2;-23,19542994;-45,87176303;SPRF-SP;DEL02-SP;UOP01-DEL02-SP
630433;25/09/2024;quarta-feira;10:30:00;SP;116;116;TAUBATE;Ausência de reação do condutor;Engavetamento;Sem Vítimas;Pleno dia;Crescente;Céu Claro;Dupla;Reta;Não;5;0;0;0;3;2;0;5;-23,05376319;-45,6088049;SPRF-SP;DEL02-SP;UOP02-DEL02-SP
630436;25/09/2024;quarta-feira;11:10:00;SC;101;136;BALNEARIO CAMBORIU;Ausência de reação do condutor;Colisão traseira;Com Vítimas Feridas;Pleno dia;Crescente;Céu Claro;Múltipla;Reta;Não;5;0;0;1;3;2;1;5;-27,008113;-48,617245;SPRF-SC;DEL04-SC;UOP03-DEL04-SC
630437;25/09/2024;quarta-feira;07:50:00;MG;262;157,2;SAO DOMINGOS DO PRATA;Velocidade Incompatível;Tombamento;Com Vítimas Feridas;Pleno dia;Decrescente;Céu Claro;Simples;"Declive;Curva";Não;1;0;1;0;0;0;1;1;-19,96304722;-42,81017502;SPRF-MG;DEL03-MG;UOP03-DEL03-MG
630438;25/09/2024;quarta-feira;08:51:00;PA;163;433;ITAITUBA;Problema com o freio;Saída de leito carroçável;Com Vítimas Feridas;Pleno dia;Crescente;Sol;Simples;Curva;Não;7;0;3;2;0;3;5;4;-6,05507383;-55,67099188;SPRF-PA;DEL05-PA;UOP03-DEL05-PA
630441;25/09/2024;quarta-feira;10:20:00;SP;116;536;BARRA DO TURVO;Carga excessiva e/ou mal acondicionada;Tombamento;Com Vítimas Feridas;Pleno dia;Decrescente;Sol;Dupla;Curva;Não;2;0;1;0;0;2;1;3;-24,97138929;-48,3547251;SPRF-SP;DEL05-SP;UOP02-DEL05-SP
630443;25/09/2024;quarta-feira;11:30:00;SC;101;158;PORTO BELO;Manobra de mudança de faixa;Colisão traseira;Com Vítimas Feridas;Pleno dia;Decrescente;Céu Claro;Dupla;Reta;Sim;2;0;1;0;1;0;1;2;-27,181625;-48,6121179;SPRF-SC;DEL04-SC;UOP03-DEL04-SC
630446;25/09/2024;quarta-feira;11:38:00;PR;277;442,9;LARANJEIRAS DO SUL;Transitar na contramão;Colisão frontal;Com Vítimas Fatais;Pleno dia;Decrescente;Céu Claro;Simples;"Declive;Reta";Não;7;1;0;3;1;3;3;6;-25,37458072;-52,2742009;SPRF-PR;DEL04-PR;UOP02-DEL04-PR
630448;25/09/2024;quarta-feira;10:40:00;RO;364;345,1;JI-PARANA;Mal súbito do condutor;Engavetamento;Com Vítimas Feridas;Pleno dia;Decrescente;Sol;Dupla;Reta;Sim;3;0;1;0;2;0;1;3;-10,8688113;-61,9601791;SPRF-RO;DEL02-RO;UOP01-DEL02-RO
630450;25/09/2024;quarta-feira;13:00:00;PE;101;79,8;JABOATAO DOS GUARARAPES;Ingestão de álcool pelo condutor;Colisão lateral mesmo sentido;Sem Vítimas;Pleno dia;Crescente;Nublado;Dupla;"Declive;Reta";Sim;2;0;0;0;2;0;0;2;-8,13496499;-34,94738614;SPRF-PE;DEL01-PE;UOP01-DEL01-PE
630458;25/09/2024;quarta-feira;13:00:00;PR;163;174;LINDOESTE;Reação tardia ou ineficiente do condutor;Saída de leito carroçável;Com Vítimas Feridas;Pleno dia;Decrescente;Céu Claro;Dupla;Reta;Não;3;0;1;0;1;1;1;3;-25,22534298;-53,59185885;SPRF-PR;DEL05-PR;UOP05-DEL05-PR
630463;25/09/2024;quarta-feira;11:40:00;SC;101;144;ITAPEMA;Ausência de reação do condutor;Colisão traseira;Com Vítimas Feridas;Pleno dia;Decrescente;Céu Claro;Múltipla;Reta;Não;2;0;1;0;0;1;1;2;-27,0732659;-48,59672716;SPRF-SC;DEL04-SC;UOP03-DEL04-SC
630464;25/09/2024;quarta-feira;14:20:00;SP;116;297;ITAPECERICA DA SERRA;Ausência de sinalização;Colisão lateral mesmo sentido;Com Vítimas Feridas;Pleno dia;Decrescente;Céu Claro;Dupla;"Reta;Declive";Não;9;0;3;0;5;4;3;9;-23,78323219;-46,91437053;SPRF-SP;DEL04-SP;UOP01-DEL04-SP
630466;25/09/2024;quarta-feira;14:10:00;RS;386;180,3;CARAZINHO;Retorno proibido;Colisão transversal;Com Vítimas Feridas;Pleno dia;Crescente;Chuva;Simples;Reta;Não;4;0;1;0;3;0;1;2;-28,30316036;-52,7423358;SPRF-RS;DEL08-RS;UOP01-DEL08-RS
630467;25/09/2024;quarta-feira;14:20:00;MT;364;211;RONDONOPOLIS;Carga excessiva e/ou mal acondicionada;Colisão com objeto;Sem Vítimas;Pleno dia;Decrescente;Céu Claro;Dupla;Reta;Não;2;0;0;0;1;1;0;2;-16,41628416;-54,70728415;SPRF-MT;DEL02-MT;UOP01-DEL02-MT
630468;25/09/2024;quarta-feira;14:00:00;GO;452;112;BOM JESUS DE GOIAS;Condutor Dormindo;Colisão lateral mesmo sentido;Com Vítimas Feridas;Pleno dia;Decrescente;Céu Claro;Simples;Reta;Não;3;0;1;0;1;2;1;4;-18,17790415;-49,89856209;SPRF-GO;DEL03-GO;UOP02-DEL03-GO
630471;25/09/2024;quarta-feira;14:30:00;MG;40;473,5;SETE LAGOAS;Manobra de mudança de faixa;Colisão lateral mesmo sentido;Sem Vítimas;Pleno dia;Decrescente;Céu Claro;Múltipla;Curva;Sim;2;0;0;0;2;0;0;2;-19,496351;-44,27992;SPRF-MG;DEL02-MG;UOP01-DEL02-MG
630479;25/09/2024;quarta-feira;15:00:00;MG;40;521;CONTAGEM;Acessar a via sem observar a presença dos outros veículos;Colisão traseira;Sem Vítimas;Pleno dia;Decrescente;Sol;Dupla;Reta;Não;2;0;0;0;2;0;0;2;-19,85651501;-44,07213222;SPRF-MG;DEL01-MG;UOP02-DEL01-MG
630480;25/09/2024;quarta-feira;14:40:00;RN;304;24;MOSSORO;Ausência de reação do condutor;Tombamento;Com Vítimas Feridas;Pleno dia;Decrescente;Céu Claro;Simples;Rotatória;Não;3;0;1;0;2;0;1;1;-5,06488233;-37,33287055;SPRF-RN;DEL04-RN;UOP02-DEL04-RN
630481;25/09/2024;quarta-feira;14:10:00;AL;101;15,2;NOVO LINO;Demais falhas mecânicas ou elétricas;Incêndio;Sem Vítimas;Pleno dia;Decrescente;Céu Claro;Dupla;"Declive;Reta";Não;2;0;0;0;1;1;0;2;-8,98962405;-35,67169265;SPRF-AL;DEL01-AL;UOP02-DEL01-AL
630483;25/09/2024;quarta-feira;15:30:00;PR;376;496,7;PONTA GROSSA;Reação tardia ou ineficiente do condutor;Engavetamento;Com Vítimas Feridas;Pleno dia;Decrescente;Céu Claro;Dupla;"Reta;Aclive";Não;4;0;1;0;2;2;1;5;-25,14591788;-50,15222762;SPRF-PR;DEL03-PR;UOP04-DEL03-PR
630484;25/09/2024;quarta-feira;15:25:00;PR;376;101,9;PARANAVAI;Demais falhas mecânicas ou elétricas;Derramamento de carga;Sem Vítimas;Pleno dia;Crescente;Céu Claro;Dupla;"Reta;Aclive";Não;2;0;0;0;1;1;0;2;-23,04143749;-52,47358046;SPRF-PR;DEL09-PR;UOP02-DEL09-PR
630485;25/09/2024;quarta-feira;15:55:00;MG;40;526,5;CONTAGEM;Ausência de reação do condutor;Colisão lateral mesmo sentido;Sem Vítimas;Pleno dia;Decrescente;Céu Claro;Dupla;Reta;Sim;5;0;0;0;4;1;0;3;-19,89255399;-44,04985478;SPRF-MG;DEL01-MG;UOP02-DEL01-MG
630488;25/09/2024;quarta-feira;15:50:00;PR;116;12;CAMPINA GRANDE DO SUL;Velocidade Incompatível;Colisão com objeto;Com Vítimas Feridas;Pleno dia;Crescente;Céu Claro;Dupla;"Curva;Aclive";Não;2;0;0;1;0;1;1;2;-25,097733;-48,658361;SPRF-PR;DEL01-PR;UOP02-DEL01-PR
630489;25/09/2024;quarta-feira;15:50:00;PR;376;3,4;MARINGA;Ausência de reação do condutor;Saída de leito carroçável;Sem Vítimas;Pleno dia;Crescente;Céu Claro;Dupla;Reta;Sim;3;0;0;0;2;3;0;5;-23,4273;-51,9375;SPRF-PR;DEL09-PR;UOP01-DEL09-PR
630490;25/09/2024;quarta-feira;12:00:00;RJ;101;286;ITABORAI;Manobra de mudança de faixa;Colisão transversal;Com Vítimas Feridas;Pleno dia;Decrescente;Céu Claro;Dupla;Reta;Não;3;0;1;0;1;1;1;3;-22,75409331;-42,82491696;SPRF-RJ;DEL02-RJ;UOP02-DEL02-RJ
630493;25/09/2024;quarta-feira;17:40:00;SC;101;117,3;ITAJAI;Desrespeitar a preferência no cruzamento;Colisão transversal;Com Vítimas Feridas;Plena Noite;Decrescente;Céu Claro;Simples;Interseção de Vias;Não;4;0;1;0;1;2;1;3;-26,88747187;-48,72252969;SPRF-SC;DEL04-SC;UOP04-DEL04-SC
630494;25/09/2024;quarta-feira;12:40:00;BA;242;323;ANDARAI;Reação tardia ou ineficiente do condutor;Saída de leito carroçável;Com Vítimas Fatais;Pleno dia;Crescente;Céu Claro;Simples;"Declive;Curva";Não;2;1;0;0;0;1;0;2;-12,46733959;-41,08997199;SPRF-BA;DEL06-BA;UOP02-DEL06-BA
630503;25/09/2024;quarta-feira;18:05:00;RS;285;460;IJUI;Acessar a via sem observar a presença dos outros veículos;Colisão transversal;Sem Vítimas;Anoitecer;Crescente;Chuva;Simples;"Interseção de Vias;Reta";Sim;7;0;0;0;6;1;0;3;-28,4185766;-53,91641915;SPRF-RS;DEL10-RS;UOP01-DEL10-RS
630505;25/09/2024;quarta-feira;18:20:00;PR;116;98;SAO JOSE DOS PINHAIS;Frear bruscamente;Colisão traseira;Com Vítimas Feridas;Plena Noite;Crescente;Céu Claro;Dupla;Curva;Não;3;0;1;0;1;1;1;3;-25,5587;-49,1505;SPRF-PR;DEL01-PR;UOP07-DEL01-PR
630509;25/09/2024;quarta-feira;18:30:00;ES;101;281;SERRA;Velocidade Incompatível;Colisão transversal;Com Vítimas Feridas;Plena Noite;Decrescente;Céu Claro;Dupla;Reta;Não;3;0;1;0;1;1;1;3;-20,22112792;-40,35720552;SPRF-ES;DEL02-ES;UOP01-DEL02-ES
630512;25/09/2024;quarta-feira;17:50:00;SC;282;524;XAXIM;Reação tardia ou ineficiente do condutor;Tombamento;Sem Vítimas;Pleno dia;Decrescente;Céu Claro;Simples;"Curva;Aclive";Não;2;0;0;0;1;3;0;4;-26,96601465;-52,55626375;SPRF-SC;DEL07-SC;UOP01-DEL07-SC
630513;25/09/2024;quarta-feira;19:30:00;TO;153;671;GURUPI;Reação tardia ou ineficiente do condutor;Colisão lateral mesmo sentido;Com Vítimas Feridas;Plena Noite;Crescente;Céu Claro;Dupla;"Em Obras;Reta";Não;4;0;2;0;1;2;2;5;-11,72075725;-49,07713594;SPRF-TO;DEL01-TO;UOP02-DEL01-TO
630516;25/09/2024;quarta-feira;11:45:00;MG;262;554,1;CORREGO DANTA;Problema com o freio;Saída de leito carroçável;Sem Vítimas;Pleno dia;Crescente;Céu Claro;Simples;"Declive;Curva";Não;2;0;0;0;1;1;0;2;-19,71480322;-45,90726126;SPRF-MG;DEL08-MG;UOP02-DEL08-MG
630520;25/09/2024;quarta-feira;20:00:00;MG;262;672,8;IBIA;Demais falhas mecânicas ou elétricas;Engavetamento;Com Vítimas Feridas;Plena Noite;Crescente;Céu Claro;Simples;Reta;Não;5;0;2;0;2;3;2;7;-19,54237917;-46,81612789;SPRF-MG;DEL08-MG;UOP01-DEL08-MG
630530;25/09/2024;quarta-feira;18:45:00;SC;101;105;PENHA;Transitar no Acostamento;Colisão traseira;Com Vítimas Feridas;Anoitecer;Decrescente;Céu Claro;Dupla;Reta;Não;2;0;1;0;1;0;1;2;-26,80215497;-48,67891041;SPRF-SC;DEL03-SC;UOP02-DEL03-SC
630535;25/09/2024;quarta-feira;20:45:00;SC;101;190;BIGUACU;Demais falhas mecânicas ou elétricas;Incêndio;Sem Vítimas;Plena Noite;Decrescente;Nublado;Dupla;Reta;Sim;2;0;0;0;1;2;0;3;-27,468056;-48,641712;SPRF-SC;DEL01-SC;UOP01-DEL01-SC
630541;25/09/2024;quarta-feira;16:00:00;RJ;493;96;DUQUE DE CAXIAS;Reação tardia ou ineficiente do condutor;Colisão lateral mesmo sentido;Com Vítimas Feridas;Pleno dia;Crescente;Céu Claro;Dupla;Reta;Não;3;0;1;1;1;0;2;2;-22,672089;-43,285053;SPRF-RJ;DEL01-RJ;UOP03-DEL01-RJ
630550;25/09/2024;quarta-feira;19:00:00;RO;364;36;VILHENA;Reação tardia ou ineficiente do condutor;Colisão traseira;Sem Vítimas;Plena Noite;Decrescente;Garoa/Chuvisco;Simples;Reta;Não;6;0;0;0;5;1;0;4;-12,66467598;-60,31032597;SPRF-RO;DEL04-RO;UOP01-DEL04-RO
630551;25/09/2024;quarta-feira;23:55:00;RS;158;530,6;SANTANA DO LIVRAMENTO;Ausência de reação do condutor;Saída de leito carroçável;Com Vítimas Feridas;Plena Noite;Decrescente;Chuva;Simples;Reta;Não;2;0;1;0;0;1;1;2;-30,78166312;-55,17368317;SPRF-RS;DEL11-RS;UOP01-DEL11-RS
630557;25/09/2024;quarta-feira;23:35:00;PR;158;539;PATO BRANCO;Transitar na contramão;Colisão frontal;Sem Vítimas;Plena Noite;Decrescente;Céu Claro;Simples;Curva;Não;2;0;0;0;1;1;0;2;-26,26491;-52,707542;SPRF-PR;DEL02-PR;UOP01-DEL02-PR
630560;25/09/2024;quarta-feira;22:15:00;MG;251;401,7;GRAO MOGOL;Velocidade Incompatível;Saída de leito carroçável;Com Vítimas Fatais;Plena Noite;Crescente;Céu Claro;Simples;"Reta;Aclive";Não;3;1;0;0;1;2;0;4;-16,24158921;-42,92540287;SPRF-MG;DEL12-MG;UOP01-DEL12-MG
630561;26/09/2024;quinta-feira;01:20:00;SC;101;213,7;PALHOCA;Reação tardia ou ineficiente do condutor;Colisão traseira;Com Vítimas Feridas;Plena Noite;Decrescente;Céu Claro;Múltipla;Reta;Sim;2;0;1;0;1;0;1;2;-27,63697369;-48,66514142;SPRF-SC;DEL01-SC;UOP02-DEL01-SC
630565;26/09/2024;quinta-feira;02:00:00;PR;376;674;GUARATUBA;Ausência de reação do condutor;Colisão traseira;Com Vítimas Feridas;Plena Noite;Crescente;Céu Claro;Dupla;Reta;Não;3;0;0;1;1;1;1;3;-25,90851198;-48,92070682;SPRF-PR;DEL01-PR;UOP04-DEL01-PR
630566;26/09/2024;quinta-feira;02:30:00;SC;101;63,5;ARAQUARI;Condutor Dormindo;Saída de leito carroçável;Com Vítimas Feridas;Plena Noite;Crescente;Garoa/Chuvisco;Dupla;Reta;Não;1;0;1;0;0;0;1;1;-26,45898367;-48,7584088;SPRF-SC;DEL03-SC;UOP02-DEL03-SC
630568;26/09/2024;quinta-feira;04:15:00;BA;324;621;SALVADOR;Condutor Dormindo;Tombamento;Com Vítimas Feridas;Amanhecer;Crescente;Céu Claro;Dupla;Curva;Não;1;0;1;0;0;0;1;1;-12,91233708;-38,45956983;SPRF-BA;DEL01-BA;UOP01-DEL01-BA
630571;26/09/2024;quinta-feira;05:20:00;SP;116;344;MIRACATU;Reação tardia ou ineficiente do condutor;Colisão traseira;Com Vítimas Feridas;Amanhecer;Decrescente;Céu Claro;Múltipla;"Aclive;Reta";Não;3;0;0;1;1;12;1;14;-24,030436;-47,178276;SPRF-SP;DEL04-SP;UOP03-DEL04-SP
630574;26/09/2024;quinta-feira;04:47:00;SC;101;308,8;LAGUNA;Condutor Dormindo;Colisão traseira;Com Vítimas Feridas;Plena Noite;Crescente;Nublado;Dupla;"Declive;Reta";Não;3;0;1;0;1;1;1;3;-28,42479751;-48,80037904;SPRF-SC;DEL02-SC;UOP01-DEL02-SC
630578;26/09/2024;quinta-feira;05:35:00;SC;101;105;PENHA;Condutor Dormindo;Saída de leito carroçável;Com Vítimas Feridas;Amanhecer;Crescente;Garoa/Chuvisco;Dupla;Reta;Não;2;0;2;0;0;0;2;1;-26,80215497;-48,67891041;SPRF-SC;DEL03-SC;UOP02-DEL03-SC
630579;26/09/2024;quinta-feira;07:15:00;SP;116;219;GUARULHOS;Ausência de reação do condutor;Colisão traseira;Com Vítimas Feridas;Pleno dia;Decrescente;Céu Claro;Múltipla;"Reta;Em Obras";Sim;2;0;1;0;0;1;1;2;-23,46143954;-46,48885316;SPRF-SP;DEL01-SP;UOP01-DEL01-SP
630580;26/09/2024;quinta-feira;02:00:00;MG;381;744;TRES CORACOES;Ausência de reação do condutor;Saída de leito carroçável;Sem Vítimas;Plena Noite;Crescente;Céu Claro;Dupla;Reta;Não;2;0;0;0;1;1;0;2;-21,63153073;-45,27650319;SPRF-MG;DEL16-MG;UOP02-DEL16-MG
630589;26/09/2024;quinta-feira;02:46:00;PA;163;577;TRAIRAO;Acumulo de água sobre o pavimento;Colisão frontal;Com Vítimas Feridas;Pleno dia;Decrescente;Céu Claro;Simples;Reta;Não;3;0;1;0;1;5;1;7;-5,00308296;-56,1781068;SPRF-PA;DEL05-PA;UOP03-DEL05-PA
630591;26/09/2024;quinta-feira;06:20:00;MG;40;521,9;CONTAGEM;Trafegar com motocicleta (ou similar) entre as faixas;Colisão lateral mesmo sentido;Com Vítimas Fatais;Pleno dia;Crescente;Céu Claro;Dupla;"Reta;Declive";Não;3;1;0;0;1;1;0;3;-19,863808;-44,067825;SPRF-MG;DEL01-MG;UOP02-DEL01-MG
630599;26/09/2024;quinta-feira;08:30:00;RJ;101;270;RIO BONITO;Acessar a via sem observar a presença dos outros veículos;Atropelamento de Animal;Com Vítimas Feridas;Pleno dia;Decrescente;Sol;Dupla;Curva;Não;2;0;1;0;1;0;1;2;-22,71852325;-42,68689289;SPRF-RJ;DEL02-RJ;UOP03-DEL02-RJ
630603;26/09/2024;quinta-feira;07:40:00;RS;386;349;LAJEADO;Manobra de mudança de faixa;Colisão lateral mesmo sentido;Com Vítimas Feridas;Pleno dia;Decrescente;Chuva;Dupla;"Em Obras;Reta";Sim;2;0;0;1;1;0;1;2;-29,465483;-51,95509;SPRF-RS;DEL04-RS;UOP01-DEL04-RS
630605;26/09/2024;quinta-feira;10:10:00;PR;376;391,6;IMBAU;Demais falhas mecânicas ou elétricas;Saída de leito carroçável;Com Vítimas Feridas;Pleno dia;Decrescente;Céu Claro;Dupla;Curva;Não;2;0;1;0;0;1;1;2;-24,53023946;-50,69807528;SPRF-PR;DEL03-PR;UOP02-DEL03-PR
630606;26/09/2024;quinta-feira;08:40:00;MA;135;55;BACABEIRA;Manobra de mudança de faixa;Colisão lateral mesmo sentido;Sem Vítimas;Pleno dia;Crescente;Céu Claro;Dupla;Reta;Não;2;0;0;0;2;0;0;2;-3,00723897;-44,31418329;SPRF-MA;DEL01-MA;UOP02-DEL01-MA
630608;25/09/2024;quarta-feira;20:00:00;MA;230;258;LORETO;Transitar na contramão;Colisão frontal;Com Vítimas Fatais;Plena Noite;Decrescente;Céu Claro;Simples;Reta;Não;3;1;1;0;0;5;1;7;-6,82840661;-45,02215607;SPRF-MA;DEL05-MA;UOP01-DEL05-MA
630612;26/09/2024;quinta-feira;11:04:00;PR;277;151;PORTO AMAZONAS;Acessar a via sem observar a presença dos outros veículos;Colisão lateral mesmo sentido;Sem Vítimas;Pleno dia;Decrescente;Céu Claro;Simples;Reta;Não;4;0;0;0;3;2;0;4;-25,47289;-49,895964;SPRF-PR;DEL03-PR;UOP03-DEL03-PR
630617;26/09/2024;quinta-feira;09:40:00;GO;80;69;PADRE BERNARDO;Transitar na contramão;Colisão lateral sentido oposto;Com Vítimas Feridas;Pleno dia;Decrescente;Céu Claro;Simples;"Reta;Aclive";Não;5;0;0;3;0;3;3;4;-15,210366;-48,473693;SPRF-DF;DEL03-DF;UOP02-DEL03-DF
630619;26/09/2024;quinta-feira;10:50:00;SC;163;118,4;DIONISIO CERQUEIRA;Manobra de mudança de faixa;Colisão transversal;Com Vítimas Feridas;Pleno dia;Crescente;Chuva;Simples;"Curva;Interseção de Vias;Aclive";Não;3;0;0;1;1;1;1;3;-26,34157596;-53,54736328;SPRF-SC;DEL07-SC;UOP03-DEL07-SC
630622;26/09/2024;quinta-feira;06:30:00;MT;364;1190;CAMPOS DE JULIO;Acessar a via sem observar a presença dos outros veículos;Colisão frontal;Com Vítimas Feridas;Amanhecer;Decrescente;Chuva;Simples;"Reta;Interseção de Vias";Não;3;0;0;1;1;3;1;5;-13,70470712;-59,26384559;SPRF-MT;DEL04-MT;UOP02-DEL04-MT
630624;26/09/2024;quinta-feira;09:05:00;MA;222;650;ACAILANDIA;Ultrapassagem Indevida;Colisão traseira;Com Vítimas Fatais;Pleno dia;Decrescente;Sol;Simples;"Curva;Aclive";Não;4;1;0;0;1;2;0;3;-4,852323;-47,311958;SPRF-MA;DEL04-MA;UOP03-DEL04-MA
630629;26/09/2024;quinta-feira;14:00:00;RJ;101;228;SILVA JARDIM;Demais falhas mecânicas ou elétricas;Incêndio;Sem Vítimas;Pleno dia;Decrescente;Céu Claro;Dupla;Curva;Não;1;0;0;0;1;0;0;1;-22,56241824;-42,35993577;SPRF-RJ;DEL02-RJ;UOP03-DEL02-RJ