id;data_inversa;dia_semana;horario;uf;br;km;municipio;causa_acidente;tipo_acidente;classificacao_acidente;fase_dia;sentido_via;condicao_metereologica;tipo_pista;tracado_via;uso_solo;pessoas;mortos;feridos_leves;feridos_graves;ilesos;ignorados;feridos;veiculos;latitude;longitude;regional;delegacia;uop
630641;26/09/2024;quinta-feira;14:50:00;MG;354;732,3;POUSO ALTO;Velocidade Incompatível;Saída de leito carroçável;Com Vítimas Feridas;Pleno dia;Decrescente;Céu Claro;Simples;Curva;Não;3;0;0;1;2;0;1;2;-22,17405252;-44,96463776;SPRF-MG;DEL17-MG;UOP01-DEL17-MG
630643;26/09/2024;quinta-feira;12:00:00;RS;386;438,8;NOVA SANTA RITA;Acumulo de água sobre o pavimento;Colisão transversal;Com Vítimas Feridas;Pleno dia;Crescente;Chuva;Dupla;Reta;Não;3;0;0;1;2;0;1;2;-29,863266;-51,252903;SPRF-RS;DEL04-RS;UOP02-DEL04-RS
630644;21/08/2024;quarta-feira;22:30:00;SC;101;204,6;SAO JOSE;Ausência de reação do condutor;Colisão traseira;Com Vítimas Fatais;Plena Noite;Crescente;Céu Claro;Múltipla;"Reta;Aclive";Sim;4;1;1;0;1;1;1;3;-27,58039;-48,61436;SPRF-SC;DEL01-SC;UOP01-DEL01-SC
630645;23/08/2024;sexta-feira;06:00:00;MA;316;474,5;CODO;Condutor Dormindo;Tombamento;Com Vítimas Feridas;Amanhecer;Crescente;Céu Claro;Simples;Reta;Não;2;0;0;1;0;2;1;3;-4,589787;-43,954033;SPRF-MA;DEL03-MA;UOP02-DEL03-MA
630648;26/09/2024;quinta-feira;15:00:00;RS;392;84,2;PELOTAS;Mal súbito do condutor;Saída de leito carroçável;Com Vítimas Feridas;Pleno dia;Decrescente;Nublado;Simples;"Curva;Declive";Não;2;0;0;1;0;2;1;3;-31,64764106;-52,47931607;SPRF-RS;DEL07-RS;UOP01-DEL07-RS
630649;20/07/2024;sábado;12:30:00;ES;101;411,9;ITAPEMIRIM;Velocidade Incompatível;Tombamento;Com Vítimas Feridas;Pleno dia;Decrescente;Céu Claro;Simples;Curva;Não;2;0;1;0;0;1;1;2;-20,90375097;-41,06177501;SPRF-ES;DEL03-ES;UOP02-DEL03-ES
630663;26/09/2024;quinta-feira;15:42:00;MS;163;455,8;CAMPO GRANDE;Acessar a via sem observar a presença dos outros veículos;Colisão transversal;Com Vítimas Feridas;Pleno dia;Decrescente;Céu Claro;Simples;"Reta;Interseção de Vias";Não;4;0;1;0;2;1;1;3;-20,67271305;-54,55795016;SPRF-MS;DEL01-MS;UOP01-DEL01-MS
630666;18/09/2024;quarta-feira;23:00:00;RJ;101;201;CASIMIRO DE ABREU;Velocidade Incompatível;Colisão traseira;Com Vítimas Feridas;Plena Noite;Crescente;Céu Claro;Dupla;Reta;Sim;2;0;0;1;1;0;1;2;-22,47879216;-42,15282907;SPRF-RJ;DEL08-RJ;UOP04-DEL08-RJ
630670;26/09/2024;quinta-feira;17:40:00;MT;70;1;BARRA DO GARCAS;Ultrapassagem Indevida;Colisão traseira;Com Vítimas Feridas;Pleno dia;Crescente;Nublado;Simples;"Reta;Interseção de Vias";Sim;2;0;1;0;1;0;1;2;-15,89164596;-52,26202884;SPRF-MT;DEL07-MT;UOP01-DEL07-MT
630674;26/09/2024;quinta-feira;15:30:00;SC;101;327,9;CAPIVARI DE BAIXO;Ausência de reação do condutor;Colisão lateral sentido oposto;Com Vítimas Feridas;Pleno dia;Crescente;Nublado;Dupla;"Reta;Aclive";Não;5;0;1;0;3;1;1;4;-28,44393076;-48,96607518;SPRF-SC;DEL02-SC;UOP01-DEL02-SC
630679;26/09/2024;quinta-feira;14:45:00;MG;153;77,8;PRATA;Velocidade Incompatível;Saída de leito carroçável;Com Vítimas Feridas;Pleno dia;Decrescente;Céu Claro;Simples;"Declive;Reta;Ponte";Não;2;0;1;0;0;1;1;2;-19,03944921;-49,01083952;SPRF-MG;DEL15-MG;UOP03-DEL15-MG
630691;26/09/2024;quinta-feira;18:15:00;PR;376;181,6;MARINGA;Trafegar com motocicleta (ou similar) entre as faixas;Tombamento;Com Vítimas Fatais;Anoitecer;Crescente;Céu Claro;Dupla;Reta;Sim;3;1;0;0;1;3;0;5;-23,43197477;-51,88671852;SPRF-PR;DEL09-PR;UOP01-DEL09-PR
630694;26/09/2024;quinta-feira;10:50:00;SP;116;150,4;SAO JOSE DOS CAMPOS;Reação tardia ou ineficiente do condutor;Colisão traseira;Com Vítimas Feridas;Pleno dia;Crescente;Céu Claro;Dupla;Reta;Sim;3;0;1;0;1;2;1;4;-23,21335525;-45,8930588;SPRF-SP;DEL02-SP;UOP01-DEL02-SP
630698;26/09/2024;quinta-feira;13:25:00;MT;174;450;COMODORO;Ultrapassagem Indevida;Colisão lateral sentido oposto;Com Vítimas Feridas;Pleno dia;Decrescente;Céu Claro;Simples;Declive;Não;14;0;2;0;11;4;2;10;-13,972786;-59,754478;SPRF-MT;DEL04-MT;UOP02-DEL04-MT
630702;26/09/2024;quinta-feira;14:30:00;RS;158;237,2;TUPANCIRETA;Ingestão de álcool pelo condutor;Colisão lateral sentido oposto;Sem Vítimas;Pleno dia;Decrescente;Chuva;Simples;Curva;Não;3;0;0;0;2;3;0;5;-29,00219416;-53,64608926;SPRF-RS;DEL10-RS;UOP02-DEL10-RS
630703;23/08/2024;sexta-feira;08:18:00;SC;470;60,2;BLUMENAU;Desrespeitar a preferência no cruzamento;Colisão transversal;Com Vítimas Fatais;Pleno dia;Crescente;Nublado;Múltipla;"Reta;Interseção de Vias";Sim;2;1;0;0;1;0;0;2;-26,88050438;-49,16760748;SPRF-SC;DEL04-SC;UOP01-DEL04-SC
630705;26/09/2024;quinta-feira;13:10:00;MT;70;344;DOM AQUINO;Suicídio (presumido);Colisão frontal;Com Vítimas Fatais;Pleno dia;Crescente;Céu Claro;Simples;Reta;Não;4;1;0;0;1;2;0;4;-15,53122877;-54,82912187;SPRF-MT;DEL05-MT;UOP01-DEL05-MT
630706;26/09/2024;quinta-feira;12:30:00;PA;316;60;CASTANHAL;Condutor deixou de manter distância do veículo da frente;Colisão traseira;Com Vítimas Feridas;Pleno dia;Crescente;Céu Claro;Dupla;Reta;Sim;4;0;1;0;3;0;1;2;-1,30608532;-48,00803597;SPRF-PA;DEL01-PA;UOP01-DEL01-PA
630709;26/09/2024;quinta-feira;18:00:00;SC;282;345;CAMPOS NOVOS;Acessar a via sem observar a presença dos outros veículos;Colisão transversal;Sem Vítimas;Anoitecer;Crescente;Céu Claro;Simples;Interseção de Vias;Não;3;0;0;0;2;1;0;3;-27,374619;-51,247044;SPRF-SC;DEL07-SC;UOP06-DEL07-SC
630713;26/09/2024;quinta-feira;16:30:00;MA;230;60;SUCUPIRA DO RIACHAO;Ausência de reação do condutor;Saída de leito carroçável;Com Vítimas Feridas;Pleno dia;Decrescente;Ignorado;Simples;Declive;Não;1;0;1;0;0;0;1;1;-6,57349085;-43,46943369;SPRF-PI;DEL03-PI;UOP01-DEL03-PI
630716;26/09/2024;quinta-feira;20:26:00;ES;259;6;JOAO NEIVA;Reação tardia ou ineficiente do condutor;Capotamento;Com Vítimas Feridas;Plena Noite;Crescente;Céu Claro;Simples;Curva;Não;2;0;0;2;0;0;2;1;-19,69680739;-40,38547654;SPRF-ES;DEL02-ES;UOP01-DEL02-ES
630725;26/09/2024;quinta-feira;12:25:00;RJ;465;5;SEROPEDICA;Entrada inopinada do pedestre;Atropelamento de Pedestre;Com Vítimas Fatais;Pleno dia;Decrescente;Céu Claro;Simples;Reta;Sim;3;1;0;0;1;2;0;4;-22,747673;-43,699196;SPRF-RJ;DEL06-RJ;UOP02-DEL06-RJ
630726;26/09/2024;quinta-feira;15:00:00;PA;10;176;PARAGOMINAS;Ausência de reação do condutor;Tombamento;Com Vítimas Feridas;Pleno dia;Decrescente;Céu Claro;Simples;Rotatória;Não;2;0;1;0;0;1;1;2;-2,88543382;-47,43499311;SPRF-PA;DEL02-PA;UOP01-DEL02-PA
630730;26/09/2024;quinta-feira;21:30:00;MG;116;360,7;FREI INOCENCIO;Transitar na contramão;Colisão frontal;Com Vítimas Fatais;Plena Noite;Decrescente;Céu Claro;Simples;"Em Obras;Reta";Não;3;1;0;0;1;1;0;3;-18,46116482;-41,85181837;SPRF-MG;DEL11-MG;UOP01-DEL11-MG
630731;26/09/2024;quinta-feira;18:55:00;RJ;393;240;VASSOURAS;Retorno proibido;Colisão transversal;Com Vítimas Feridas;Plena Noite;Crescente;Céu Claro;Simples;Reta;Não;4;0;1;0;2;1;1;3;-22,41456264;-43,67661632;SPRF-RJ;DEL05-RJ;UOP04-DEL05-RJ
630736;26/09/2024;quinta-feira;19:00:00;MS;163;174;JUTI;Manobra de mudança de faixa;Colisão lateral sentido oposto;Sem Vítimas;Plena Noite;Decrescente;Nevoeiro/Neblina;Simples;"Reta;Declive";Não;2;0;0;0;1;1;0;2;-22,85963099;-54,62834999;SPRF-MS;DEL09-MS;UOP01-DEL09-MS
630738;26/09/2024;quinta-feira;20:30:00;SC;101;117;ITAJAI;Acessar a via sem observar a presença dos outros veículos;Colisão transversal;Com Vítimas Feridas;Plena Noite;Decrescente;Chuva;Múltipla;Reta;Sim;3;0;1;0;1;1;1;3;-26,88747187;-48,72252969;SPRF-SC;DEL04-SC;UOP04-DEL04-SC
630741;26/09/2024;quinta-feira;21:20:00;SC;116;221,1;CORREIA PINTO;Acessar a via sem observar a presença dos outros veículos;Colisão transversal;Com Vítimas Feridas;Plena Noite;Crescente;Nublado;Simples;Reta;Não;5;0;2;0;1;2;2;4;-27,59524735;-50,35862982;SPRF-SC;DEL05-SC;UOP03-DEL05-SC
630744;26/09/2024;quinta-feira;22:50:00;SP;116;225;GUARULHOS;Reação tardia ou ineficiente do condutor;Colisão lateral mesmo sentido;Sem Vítimas;Plena Noite;Crescente;Céu Claro;Múltipla;"Aclive;Em Obras;Reta";Sim;4;0;0;0;3;1;0;3;-23,48586772;-46,54075317;SPRF-SP;DEL01-SP;UOP01-DEL01-SP
630748;26/09/2024;quinta-feira;19:10:00;GO;153;189;URUACU;Velocidade Incompatível;Colisão frontal;Com Vítimas Feridas;Plena Noite;Crescente;Céu Claro;Simples;Reta;Não;3;0;2;0;0;2;2;4;-14,443055;-49,156637;SPRF-GO;DEL07-GO;UOP02-DEL07-GO
630753;26/09/2024;quinta-feira;18:30:00;PI;407;487;JAICOS;Ultrapassagem Indevida;Colisão lateral sentido oposto;Com Vítimas Feridas;Anoitecer;Crescente;Céu Claro;Simples;"Reta;Declive";Não;2;0;0;1;0;1;1;2;-7,48372187;-41,25477014;SPRF-PI;DEL04-PI;UOP01-DEL04-PI
630755;26/09/2024;quinta-feira;22:20:00;MG;381;225;BELO ORIENTE;Animais na Pista;Atropelamento de Animal;Com Vítimas Fatais;Plena Noite;Crescente;Céu Claro;Simples;Reta;Não;3;1;0;1;1;0;1;2;-19,299026;-42,372817;SPRF-MG;DEL06-MG;UOP01-DEL06-MG
630759;26/09/2024;quinta-feira;22:10:00;PR;116;106;SAO JOSE DOS PINHAIS;Reação tardia ou ineficiente do condutor;Saída de leito carroçável;Sem Vítimas;Plena Noite;Crescente;Chuva;Dupla;Reta;Sim;2;0;0;0;1;2;0;3;-25,56994675;-49,2183584;SPRF-PR;DEL01-PR;UOP03-DEL01-PR
630763;27/09/2024;sexta-feira;00:50:00;MG;381;486;BETIM;Ausência de reação do condutor;Colisão traseira;Com Vítimas Fatais;Plena Noite;Decrescente;Céu Claro;Múltipla;Reta;Sim;3;1;0;0;0;2;0;3;-19,95644414;-44,13611598;SPRF-MG;DEL01-MG;UOP03-DEL01-MG
630764;27/09/2024;sexta-feira;01:30:00;RJ;116;326;ITATIAIA;Condutor Dormindo;Colisão traseira;Com Vítimas Fatais;Plena Noite;Crescente;Céu Claro;Dupla;"Curva;Aclive";Não;43;1;13;2;26;1;15;3;-22,49890811;-44,57917891;SPRF-RJ;DEL07-RJ;UOP02-DEL07-RJ
630765;27/09/2024;sexta-feira;00:30:00;SC;470;117,5;IBIRAMA;Transitar na contramão;Colisão frontal;Com Vítimas Feridas;Plena Noite;Crescente;Nublado;Simples;Curva;Não;4;0;0;3;0;1;3;4;-27,07756;-49,49448;SPRF-SC;DEL04-SC;UOP02-DEL04-SC
630770;27/09/2024;sexta-feira;02:15:00;RS;116;38;VACARIA;Ingestão de álcool pelo condutor;Colisão transversal;Sem Vítimas;Plena Noite;Crescente;Nublado;Simples;Interseção de Vias;Sim;2;0;0;0;1;1;0;2;-28,50548;-50,92516;SPRF-RS;DEL05-RS;UOP03-DEL05-RS
630775;27/09/2024;sexta-feira;01:45:00;SC;470;22;ILHOTA;Manobra de mudança de faixa;Colisão traseira;Com Vítimas Feridas;Plena Noite;Decrescente;Nublado;Dupla;Reta;Não;3;0;3;0;0;0;3;2;-26,880066;-48,836224;SPRF-SC;DEL04-SC;UOP04-DEL04-SC
630778;27/09/2024;sexta-feira;04:20:00;CE;116;41,5;HORIZONTE;Acessar a via sem observar a presença dos outros veículos;Colisão transversal;Com Vítimas Feridas;Amanhecer;Decrescente;Céu Claro;Dupla;"Retorno Regulamentado;Curva";Sim;2;0;0;1;1;0;1;2;-4,1024351;-38,50001011;SPRF-CE;DEL01-CE;UOP02-DEL01-CE
630780;27/09/2024;sexta-feira;04:40:00;SP;116;397;MIRACATU;Reação tardia ou ineficiente do condutor;Tombamento;Com Vítimas Feridas;Plena Noite;Decrescente;Nublado;Dupla;Reta;Não;1;0;1;0;0;0;1;1;-24,29877523;-47,48304259;SPRF-SP;DEL04-SP;UOP02-DEL04-SP
630783;27/09/2024;sexta-feira;05:30:00;SP;116;162;JACAREI;Condutor deixou de manter distância do veículo da frente;Colisão traseira;Com Vítimas Feridas;Amanhecer;Crescente;Céu Claro;Múltipla;Reta;Sim;3;0;0;1;1;1;1;3;-23,28133317;-45,98394689;SPRF-SP;DEL02-SP;UOP01-DEL02-SP
630806;27/09/2024;sexta-feira;05:20:00;BA;116;14,9;VITORIA DA CONQUISTA;Ultrapassagem Indevida;Colisão frontal;Com Vítimas Feridas;Amanhecer;Decrescente;Nublado;Simples;Reta;Não;2;0;0;1;1;0;1;2;-14,851;-40,8485;SPRF-BA;DEL08-BA;UOP01-DEL08-BA
630812;27/09/2024;sexta-feira;07:21:00;PR;277;430,4;VIRMOND;Ausência de reação do condutor;Colisão traseira;Com Vítimas Feridas;Pleno dia;Decrescente;Céu Claro;Simples;Reta;Sim;3;0;0;1;1;1;1;3;-25,37854;-52,20396;SPRF-PR;DEL04-PR;UOP02-DEL04-PR
630813;24/09/2024;terça-feira;04:40:00;CE;116;513;BREJO SANTO;Objeto estático sobre o leito carroçável;Colisão com objeto;Com Vítimas Fatais;Plena Noite;Crescente;Ignorado;Simples;Reta;Não;3;1;0;0;1;1;0;3;-7,54638606;-39,01708686;SPRF-CE;DEL05-CE;UOP03-DEL05-CE
630819;27/09/2024;sexta-feira;08:00:00;MG;50;27,7;ARAGUARI;Velocidade Incompatível;Tombamento;Com Vítimas Feridas;Pleno dia;Decrescente;Céu Claro;Dupla;"Declive;Curva";Não;2;0;0;1;0;2;1;3;-18,61687235;-48,08496977;SPRF-MG;DEL15-MG;UOP02-DEL15-MG
630820;27/09/2024;sexta-feira;07:50:00;RN;226;4,4;NATAL;Acessar a via sem observar a presença dos outros veículos;Colisão transversal;Com Vítimas Fatais;Pleno dia;Decrescente;Céu Claro;Simples;Reta;Sim;2;1;0;0;1;0;0;2;-5,81958019;-35,25969486;SPRF-RN;DEL01-RN;UOP02-DEL01-RN
630823;26/09/2024;quinta-feira;18:15:00;RJ;40;112;DUQUE DE CAXIAS;Trafegar com motocicleta (ou similar) entre as faixas;Colisão lateral mesmo sentido;Com Vítimas Feridas;Anoitecer;Decrescente;Céu Claro;Múltipla;Reta;Sim;3;0;0;1;1;2;1;4;-22,7004454;-43,29014851;SPRF-RJ;DEL01-RJ;UOP02-DEL01-RJ
630825;27/09/2024;sexta-feira;04:40:00;MT;163;39,3;ITIQUIRA;Condutor Dormindo;Saída de leito carroçável;Com Vítimas Feridas;Plena Noite;Crescente;Céu Claro;Dupla;"Aclive;Reta";Não;3;0;1;0;1;1;1;2;-17,16615645;-54,75856396;SPRF-MT;DEL02-MT;UOP03-DEL02-MT
630826;27/09/2024;sexta-feira;09:15:00;BA;20;197;LUIS EDUARDO MAGALHAES;Reação tardia ou ineficiente do condutor;Colisão transversal;Com Vítimas Feridas;Pleno dia;Crescente;Céu Claro;Simples;Reta;Não;6;0;3;2;1;0;5;2;-12,215;-45,8314;SPRF-BA;DEL10-BA;UOP01-DEL10-BA
630827;27/09/2024;sexta-feira;07:20:00;PR;373;231,5;IMBITUVA;Transitar na contramão;Colisão frontal;Com Vítimas Fatais;Plena Noite;Decrescente;Ignorado;Simples;Reta;Sim;3;1;0;0;1;1;0;3;-25,18288258;-50,67781009;SPRF-PR;DEL03-PR;UOP01-DEL03-PR
630828;27/09/2024;sexta-feira;08:10:00;SC;101;106,2;PENHA;Ausência de reação do condutor;Colisão traseira;Com Vítimas Feridas;Pleno dia;Crescente;Nublado;Dupla;"Reta;Declive";Não;4;0;1;0;3;0;1;3;-26,81249193;-48,6833328;SPRF-SC;DEL03-SC;UOP02-DEL03-SC
630830;27/09/2024;sexta-feira;09:20:00;AL;101;40;FLEXEIRAS;Reação tardia ou ineficiente do condutor;Tombamento;Sem Vítimas;Pleno dia;Decrescente;Céu Claro;Dupla;Curva;Não;2;0;0;0;1;1;0;2;-9,16377891;-35,77034503;SPRF-AL;DEL01-AL;UOP02-DEL01-AL
630838;19/09/2024;quinta-feira;17:07:00;PA;163;309;NOVO PROGRESSO;Ultrapassagem Indevida;Colisão lateral mesmo sentido;Com Vítimas Feridas;Anoitecer;Crescente;Ignorado;Simples;Reta;Não;2;0;1;0;0;1;1;2;-7,06564196;-55,40776445;SPRF-PA;DEL05-PA;UOP03-DEL05-PA
630841;27/09/2024;sexta-feira;10:20:00;TO;153;140;ARAGUAINA;Velocidade Incompatível;Tombamento;Com Vítimas Feridas;Pleno dia;Decrescente;Céu Claro;Dupla;Interseção de Vias;Sim;2;0;1;0;0;1;1;2;-7,169616;-48,21328;SPRF-TO;DEL02-TO;UOP01-DEL02-TO
630842;27/09/2024;sexta-feira;06:25:00;RJ;40;121;DUQUE DE CAXIAS;Manobra de mudança de faixa;Colisão traseira;Com Vítimas Feridas;Pleno dia;Crescente;Céu Claro;Múltipla;Reta;Sim;6;0;0;1;3;2;1;5;-22,78185499;-43,28571273;SPRF-RJ;DEL01-RJ;UOP02-DEL01-RJ
630845;27/09/2024;sexta-feira;08:00:00;SC;280;71,2;JARAGUA DO SUL;Suicídio (presumido);Colisão frontal;Com Vítimas Fatais;Pleno dia;Decrescente;Céu Claro;Simples;Reta;Sim;2;1;0;0;1;0;0;2;-26,459641;-49,141477;SPRF-SC;DEL03-SC;UOP03-DEL03-SC
630847;27/09/2024;sexta-feira;11:10:00;RS;386;320,6;MARQUES DE SOUZA;Transitar na contramão;Colisão frontal;Com Vítimas Fatais;Pleno dia;Decrescente;Céu Claro;Simples;Curva;Não;3;1;0;0;1;3;0;5;-29,283596;-52,126743;SPRF-RS;DEL04-RS;UOP01-DEL04-RS
630850;27/09/2024;sexta-feira;09:15:00;GO;153;506;APARECIDA DE GOIANIA;Condutor deixou de manter distância do veículo da frente;Colisão traseira;Com Vítimas Feridas;Pleno dia;Decrescente;Céu Claro;Dupla;Reta;Não;2;0;0;1;0;1;1;2;-16,7633;-49,24;SPRF-GO;DEL01-GO;UOP01-DEL01-GO
630854;27/09/2024;sexta-feira;09:50:00;MT;174;285;PONTES E LACERDA;Ultrapassagem Indevida;Colisão traseira;Com Vítimas Feridas;Pleno dia;Crescente;Céu Claro;Simples;"Reta;Declive";Não;3;0;1;0;1;3;1;5;-15,27573987;-59,2918396;SPRF-MT;DEL04-MT;UOP01-DEL04-MT
630858;27/09/2024;sexta-feira;11:15:00;SP;116;86;PINDAMONHANGABA;Manobra de mudança de faixa;Colisão traseira;Sem Vítimas;Pleno dia;Crescente;Nublado;Dupla;Reta;Não;3;0;0;0;2;1;0;3;-22,92639476;-45,35307511;SPRF-SP;DEL08-SP;UOP01-DEL08-SP
630861;27/09/2024;sexta-feira;12:00:00;MG;50;141;UBERABA;Condutor Dormindo;Saída de leito carroçável;Com Vítimas Feridas;Pleno dia;Crescente;Céu Claro;Dupla;Reta;Não;2;0;1;0;0;1;1;2;-19,48525501;-48,05065502;SPRF-MG;DEL13-MG;UOP01-DEL13-MG
630862;27/09/2024;sexta-feira;11:35:00;SC;470;129;LONTRAS;Demais falhas mecânicas ou elétricas;Derramamento de carga;Sem Vítimas;Pleno dia;Decrescente;Sol;Simples;Reta;Não;1;0;0;0;1;0;0;1;-27,148499;-49,556137;SPRF-SC;DEL04-SC;UOP02-DEL04-SC
630863;27/09/2024;sexta-feira;11:45:00;MG;365;614;UBERLANDIA;Ausência de reação do condutor;Derramamento de carga;Sem Vítimas;Pleno dia;Decrescente;Céu Claro;Simples;Viaduto;Sim;2;0;0;0;1;2;0;3;-18,884602;-48,26594;SPRF-MG;DEL15-MG;UOP01-DEL15-MG
630869;27/09/2024;sexta-feira;09:40:00;MT;364;13;ALTO ARAGUAIA;Curva acentuada;Tombamento;Sem Vítimas;Pleno dia;Decrescente;Céu Claro;Simples;Rotatória;Não;2;0;0;0;1;1;0;2;-17,25634094;-53,31211694;SPRF-MT;DEL02-MT;UOP02-DEL02-MT
630881;27/09/2024;sexta-feira;14:40:00;CE;116;40,9;HORIZONTE;Acessar a via sem observar a presença dos outros veículos;Colisão lateral mesmo sentido;Sem Vítimas;Pleno dia;Decrescente;Céu Claro;Múltipla;Reta;Sim;2;0;0;0;2;0;0;2;-4,09496999;-38,50351984;SPRF-CE;DEL01-CE;UOP02-DEL01-CE
630883;27/09/2024;sexta-feira;15:20:00;MG;40;598,9;OURO PRETO;Reação tardia ou ineficiente do condutor;Tombamento;Com Vítimas Feridas;Pleno dia;Crescente;Céu Claro;Simples;"Declive;Curva";Não;2;0;0;1;0;1;1;2;-20,42345447;-43,86658859;SPRF-MG;DEL05-MG;UOP02-DEL05-MG
630896;27/09/2024;sexta-feira;16:15:00;PR;277;48;MORRETES;Demais falhas mecânicas ou elétricas;Incêndio;Sem Vítimas;Pleno dia;Crescente;Garoa/Chuvisco;Dupla;Reta;Não;2;0;0;0;1;1;0;2;-25,590122;-48,931758;SPRF-PR;DEL01-PR;UOP05-DEL01-PR
630907;27/09/2024;sexta-feira;17:12:00;PR;376;629,7;SAO JOSE DOS PINHAIS;Condutor deixou de manter distância do veículo da frente;Colisão traseira;Com Vítimas Feridas;Anoitecer;Crescente;Céu Claro;Múltipla;Reta;Sim;2;0;0;1;1;0;1;2;-25,69995;-49,143573;SPRF-PR;DEL01-PR;UOP04-DEL01-PR
630910;27/09/2024;sexta-feira;17:15:00;PR;277;584,4;CASCAVEL;Ausência de reação do condutor;Colisão lateral mesmo sentido;Sem Vítimas;Pleno dia;Crescente;Céu Claro;Simples;Curva;Não;4;0;0;0;3;1;0;3;-24,9645;-53,4057;SPRF-PR;DEL04-PR;UOP01-DEL04-PR
630912;27/09/2024;sexta-feira;14:30:00;BA;101;188;CONCEICAO DA FEIRA;Ultrapassagem Indevida;Colisão lateral mesmo sentido;Sem Vítimas;Pleno dia;Crescente;Céu Claro;Simples;"Declive;Reta";Não;3;0;0;0;2;1;0;3;-12,57664901;-38,98154193;SPRF-BA;DEL01-BA;UOP03-DEL01-BA
630913;27/09/2024;sexta-feira;15:30:00;SC;282;337,7;CAMPOS NOVOS;Condutor Dormindo;Colisão frontal;Com Vítimas Feridas;Pleno dia;Crescente;Céu Claro;Simples;Curva;Não;6;0;3;0;2;1;3;3;-27,392826;-51,17464;SPRF-SC;DEL07-SC;UOP06-DEL07-SC
630915;27/09/2024;sexta-feira;17:40:00;SC;470;126,6;LONTRAS;Desrespeitar a preferência no cruzamento;Colisão transversal;Com Vítimas Feridas;Pleno dia;Crescente;Céu Claro;Simples;Retorno Regulamentado;Sim;2;0;1;0;1;0;1;2;-27,129;-49,538277;SPRF-SC;DEL04-SC;UOP02-DEL04-SC
630918;27/09/2024;sexta-feira;15:30:00;MG;153;132;PRATA;Reação tardia ou ineficiente do condutor;Colisão traseira;Com Vítimas Feridas;Pleno dia;Decrescente;Céu Claro;Simples;"Reta;Aclive";Não;3;0;1;0;1;3;1;5;-19,49973068;-48,85139954;SPRF-MG;DEL15-MG;UOP03-DEL15-MG
630935;27/09/2024;sexta-feira;17:00:00;RJ;101;80;CAMPOS DOS GOYTACAZES;Desrespeitar a preferência no cruzamento;Saída de leito carroçável;Com Vítimas Feridas;Pleno dia;Decrescente;Céu Claro;Simples;Reta;Sim;2;0;1;0;1;0;1;2;-21,83453437;-41,43797909;SPRF-RJ;DEL08-RJ;UOP02-DEL08-RJ
630937;27/09/2024;sexta-feira;19:00:00;TO;153;148;ARAGUAINA;Acessar a via sem observar a presença dos outros veículos;Colisão transversal;Sem Vítimas;Plena Noite;Crescente;Céu Claro;Dupla;"Reta;Interseção de Vias";Sim;2;0;0;0;2;0;0;2;-7,23023092;-48,25208725;SPRF-TO;DEL02-TO;UOP01-DEL02-TO
630946;27/09/2024;sexta-feira;19:20:00;SC;101;206;SAO JOSE;Condutor deixou de manter distância do veículo da frente;Colisão traseira;Com Vítimas Feridas;Plena Noite;Crescente;Céu Claro;Dupla;Reta;Sim;4;0;2;0;2;0;2;3;-27,59193546;-48,61824557;SPRF-SC;DEL01-SC;UOP01-DEL01-SC
630954;27/09/2024;sexta-feira;20:05:00;MG;381;480;CONTAGEM;Pedestre cruzava a pista fora da faixa;Atropelamento de Pedestre;Com Vítimas Fatais;Plena Noite;Decrescente;Céu Claro;Dupla;"Aclive;Reta";Sim;2;1;0;0;0;1;0;2;-19,96081858;-44,05171037;SPRF-MG;DEL01-MG;UOP03-DEL01-MG
630955;13/08/2024;terça-feira;13:55:00;GO;452;43;SANTA HELENA DE GOIAS;Ausência de reação do condutor;Atropelamento de Pedestre;Com Vítimas Feridas;Pleno dia;Crescente;Sol;Simples;"Em Obras;Declive;Reta";Não;5;0;0;1;0;4;1;3;-17,93998572;-50,52951872;SPRF-GO;DEL04-GO;UOP01-DEL04-GO
630963;27/09/2024;sexta-feira;06:45:00;SC;101;202;SAO JOSE;Reação tardia ou ineficiente do condutor;Colisão lateral mesmo sentido;Sem Vítimas;Pleno dia;Crescente;Nublado;Múltipla;Reta;Sim;3;0;0;0;3;0;0;2;-27,55711595;-48,61897889;SPRF-SC;DEL01-SC;UOP01-DEL01-SC
630972;27/09/2024;sexta-feira;21:50:00;RS;287;313;SAO PEDRO DO SUL;Reação tardia ou ineficiente do condutor;Colisão frontal;Com Vítimas Feridas;Plena Noite;Crescente;Céu Claro;Simples;"Em Obras;Desvio Temporário";Não;6;0;2;0;4;0;2;2;-29,65951182;-54,50333795;SPRF-RS;DEL09-RS;UOP01-DEL09-RS
630976;27/09/2024;sexta-feira;21:10:00;MS;163;288;DOURADINA;Pedestre andava na pista;Atropelamento de Pedestre;Com Vítimas Fatais;Plena Noite;Crescente;Céu Claro;Simples;Reta;Sim;3;1;0;0;1;1;0;3;-22,083239;-54,569893;SPRF-MS;DEL04-MS;UOP01-DEL04-MS
630980;27/09/2024;sexta-feira;22:15:00;RN;304;43,3;MOSSORO;Pedestre andava na pista;Atropelamento de Pedestre;Com Vítimas Fatais;Plena Noite;Crescente;Céu Claro;Dupla;"Reta;Ponte";Sim;2;1;0;0;0;1;0;2;-5,21815835;-37,36500124;SPRF-RN;DEL04-RN;UOP01-DEL04-RN