id;data_inversa;dia_semana;horario;uf;br;km;municipio;causa_acidente;tipo_acidente;classificacao_acidente;fase_dia;sentido_via;condicao_metereologica;tipo_pista;tracado_via;uso_solo;pessoas;mortos;feridos_leves;feridos_graves;ilesos;ignorados;feridos;veiculos;latitude;longitude;regional;delegacia;uop
631786;01/10/2024;terça-feira;08:30:00;MG;116;707;MURIAE;Ausência de reação do condutor;Colisão traseira;Com Vítimas Feridas;Pleno dia;Decrescente;Céu Claro;Simples;Reta;Sim;2;0;1;0;0;1;1;2;-21,147048;-42,381522;SPRF-MG;DEL07-MG;UOP02-DEL07-MG
631788;15/09/2024;domingo;20:00:00;GO;20;15,9;FORMOSA;Acessar a via sem observar a presença dos outros veículos;Colisão transversal;Com Vítimas Feridas;Plena Noite;Decrescente;Céu Claro;Simples;Reta;Não;5;0;2;0;2;1;2;3;-15,56230402;-47,21475363;SPRF-DF;DEL02-DF;UOP02-DEL02-DF
631789;01/10/2024;terça-feira;07:40:00;PR;476;212,9;LAPA;Carga excessiva e/ou mal acondicionada;Tombamento;Com Vítimas Fatais;Pleno dia;Decrescente;Céu Claro;Simples;Curva;Não;2;1;0;0;0;2;0;3;-25,780834;-49,866035;SPRF-PR;DEL01-PR;UOP06-DEL01-PR
631790;08/08/2024;quinta-feira;13:20:00;PI;343;341,7;TERESINA;Ultrapassagem Indevida;Tombamento;Com Vítimas Fatais;Pleno dia;Crescente;Céu Claro;Dupla;"Reta;Declive;Em Obras";Sim;2;1;0;0;1;0;0;2;-5,079624;-42,749908;SPRF-PI;DEL01-PI;UOP01-DEL01-PI
631791;01/10/2024;terça-feira;07:45:00;SC;101;201;SAO JOSE;Acessar a via sem observar a presença dos outros veículos;Colisão traseira;Com Vítimas Feridas;Pleno dia;Crescente;Céu Claro;Dupla;Reta;Sim;2;0;1;0;1;0;1;2;-27,54836599;-48,61977975;SPRF-SC;DEL01-SC;UOP01-DEL01-SC
631796;01/10/2024;terça-feira;09:20:00;TO;226;1;AGUIARNOPOLIS;Ultrapassagem Indevida;Queda de ocupante de veículo;Com Vítimas Feridas;Pleno dia;Crescente;Céu Claro;Simples;"Aclive;Reta";Sim;2;0;1;0;1;0;1;2;-6,561846;-47,467415;SPRF-TO;DEL02-TO;UOP03-DEL02-TO
631797;01/10/2024;terça-feira;06:50:00;MT;174;104;CACERES;Reação tardia ou ineficiente do condutor;Tombamento;Com Vítimas Feridas;Pleno dia;Decrescente;Céu Claro;Simples;Reta;Não;2;0;1;0;0;1;1;2;-15,83387515;-57,90000916;SPRF-MT;DEL03-MT;UOP01-DEL03-MT
631803;01/10/2024;terça-feira;08:35:00;GO;60;4;SANTO ANTONIO DO DESCOBERTO;Manobra de mudança de faixa;Colisão traseira;Com Vítimas Feridas;Pleno dia;Decrescente;Céu Claro;Dupla;Reta;Não;4;0;0;2;1;2;2;4;-16,088374;-48,272877;SPRF-DF;DEL03-DF;UOP01-DEL03-DF
631805;01/10/2024;terça-feira;10:15:00;RJ;116;186;NOVA IGUACU;Ausência de reação do condutor;Colisão traseira;Com Vítimas Feridas;Pleno dia;Crescente;Céu Claro;Dupla;Reta;Sim;2;0;1;0;1;0;1;2;-22,73962339;-43,46276495;SPRF-RJ;DEL06-RJ;UOP01-DEL06-RJ
631810;01/10/2024;terça-feira;09:20:00;PB;230;36;SANTA RITA;Ultrapassagem Indevida;Colisão lateral mesmo sentido;Sem Vítimas;Pleno dia;Decrescente;Céu Claro;Dupla;"Curva;Declive";Não;2;0;0;0;2;0;0;2;-7,1246;-34,9473;SPRF-PB;DEL01-PB;UOP03-DEL01-PB
631811;01/10/2024;terça-feira;06:00:00;PI;343;502;AMARANTE;Acessar a via sem observar a presença dos outros veículos;Colisão transversal;Com Vítimas Feridas;Pleno dia;Decrescente;Céu Claro;Simples;Reta;Sim;6;0;3;0;3;0;3;2;-6,24687;-42,820049;SPRF-PI;DEL03-PI;UOP01-DEL03-PI
631813;01/10/2024;terça-feira;08:15:00;SC;101;336;TUBARAO;Manobra de mudança de faixa;Colisão lateral mesmo sentido;Com Vítimas Feridas;Pleno dia;Crescente;Céu Claro;Dupla;Ponte;Sim;3;0;1;0;1;1;1;3;-28,483671;-49,035693;SPRF-SC;DEL02-SC;UOP01-DEL02-SC
631814;01/10/2024;terça-feira;10:40:00;RN;304;46,5;MOSSORO;Acessar a via sem observar a presença dos outros veículos;Colisão traseira;Com Vítimas Feridas;Pleno dia;Crescente;Céu Claro;Dupla;Reta;Sim;4;0;1;0;1;2;1;4;-5,22594066;-37,33518123;SPRF-RN;DEL04-RN;UOP01-DEL04-RN
631816;01/10/2024;terça-feira;11:05:00;SP;116;217,3;GUARULHOS;Velocidade Incompatível;Engavetamento;Com Vítimas Feridas;Pleno dia;Crescente;Céu Claro;Múltipla;"Reta;Declive";Sim;11;0;1;0;10;0;1;8;-23,457972;-46,479927;SPRF-SP;DEL01-SP;UOP01-DEL01-SP
631821;01/10/2024;terça-feira;11:00:00;PI;343;1,9;TERESINA;Manobra de mudança de faixa;Colisão lateral mesmo sentido;Sem Vítimas;Pleno dia;Decrescente;Céu Claro;Dupla;Reta;Sim;2;0;0;0;2;0;0;2;-5,089569;-42,802288;SPRF-PI;DEL01-PI;UOP01-DEL01-PI
631822;01/02/2024;quinta-feira;16:40:00;BA;242;541;OLIVEIRA DOS BREJINHOS;Ausência de reação do condutor;Colisão lateral sentido oposto;Com Vítimas Fatais;Pleno dia;Decrescente;Céu Claro;Simples;Reta;Não;3;1;0;0;1;2;0;4;-12,086301;-42,93657;SPRF-BA;DEL06-BA;UOP03-DEL06-BA
631823;01/10/2024;terça-feira;12:00:00;PR;116;135;FAZENDA RIO GRANDE;Ausência de reação do condutor;Colisão lateral mesmo sentido;Com Vítimas Feridas;Pleno dia;Crescente;Céu Claro;Simples;Reta;Não;2;0;0;1;1;0;1;2;-25,71988454;-49,31814194;SPRF-PR;DEL01-PR;UOP03-DEL01-PR
631826;01/10/2024;terça-feira;12:15:00;ES;101;273;SERRA;Ausência de reação do condutor;Colisão traseira;Com Vítimas Feridas;Pleno dia;Crescente;Céu Claro;Dupla;Reta;Não;5;0;1;0;3;1;1;3;-20,22029207;-40,29048811;SPRF-ES;DEL02-ES;UOP01-DEL02-ES
631828;01/10/2024;terça-feira;10:25:00;MG;116;320;ITAMBACURI;Ausência de reação do condutor;Colisão frontal;Com Vítimas Feridas;Pleno dia;Decrescente;Céu Claro;Simples;Reta;Não;3;0;2;1;0;0;3;2;-18,15524908;-41,70017779;SPRF-MG;DEL11-MG;UOP01-DEL11-MG
631829;01/10/2024;terça-feira;10:15:00;SC;101;433;SOMBRIO;Condutor deixou de manter distância do veículo da frente;Colisão traseira;Com Vítimas Feridas;Pleno dia;Decrescente;Céu Claro;Múltipla;"Reta;Interseção de Vias";Sim;2;0;1;0;1;0;1;2;-29,08200809;-49,6297237;SPRF-SC;DEL02-SC;UOP02-DEL02-SC
631833;01/10/2024;terça-feira;09:20:00;RJ;116;192;QUEIMADOS;Manobra de mudança de faixa;Colisão lateral mesmo sentido;Com Vítimas Feridas;Pleno dia;Crescente;Chuva;Dupla;Reta;Sim;3;0;1;0;1;1;1;3;-22,74207737;-43,5192401;SPRF-RJ;DEL06-RJ;UOP01-DEL06-RJ
631834;01/10/2024;terça-feira;12:50:00;PR;376;668,6;GUARATUBA;Demais falhas mecânicas ou elétricas;Tombamento;Com Vítimas Feridas;Pleno dia;Decrescente;Céu Claro;Dupla;"Curva;Declive";Não;3;0;2;0;1;0;2;1;-25,87142;-48,937195;SPRF-PR;DEL01-PR;UOP04-DEL01-PR
631838;01/10/2024;terça-feira;14:10:00;RS;116;238;NOVO HAMBURGO;Ausência de reação do condutor;Colisão com objeto;Sem Vítimas;Pleno dia;Crescente;Chuva;Múltipla;Reta;Sim;1;0;0;0;1;0;0;1;-29,68739789;-51,14197352;SPRF-RS;DEL01-RS;UOP02-DEL01-RS
631840;01/10/2024;terça-feira;12:30:00;SC;116;308,9;CAPAO ALTO;Velocidade Incompatível;Tombamento;Com Vítimas Feridas;Pleno dia;Crescente;Céu Claro;Simples;Curva;Não;2;0;1;0;0;1;1;2;-28,19754833;-50,75958252;SPRF-SC;DEL05-SC;UOP02-DEL05-SC
631841;01/10/2024;terça-feira;13:55:00;SP;116;512;CAJATI;Reação tardia ou ineficiente do condutor;Tombamento;Com Vítimas Feridas;Pleno dia;Decrescente;Céu Claro;Dupla;"Curva;Aclive";Não;2;0;1;0;0;1;1;2;-24,84304306;-48,22027915;SPRF-SP;DEL05-SP;UOP02-DEL05-SP
631842;14/09/2024;sábado;06:30:00;PA;316;73,5;SAO FRANCISCO DO PARA;Manobra de mudança de faixa;Colisão lateral sentido oposto;Com Vítimas Fatais;Pleno dia;Decrescente;Céu Claro;Simples;Reta;Não;4;1;0;1;1;1;1;4;-1,28948029;-47,83952902;SPRF-PA;DEL01-PA;UOP01-DEL01-PA
631844;16/09/2024;segunda-feira;18:50:00;GO;364;309;MINEIROS;Reação tardia ou ineficiente do condutor;Tombamento;Com Vítimas Feridas;Anoitecer;Decrescente;Céu Claro;Simples;Curva;Não;2;0;0;1;0;2;1;3;-17,492758;-52,547817;SPRF-GO;DEL05-GO;UOP01-DEL05-GO
631845;09/09/2024;segunda-feira;20:20:00;GO;60;83;ANAPOLIS;Ausência de reação do condutor;Colisão traseira;Com Vítimas Feridas;Plena Noite;Crescente;Céu Claro;Dupla;Aclive;Não;2;0;1;0;1;0;1;2;-16,3149;-48,846;SPRF-GO;DEL02-GO;UOP01-DEL02-GO
631849;01/10/2024;terça-feira;14:30:00;RS;285;333,3;CARAZINHO;Pedestre cruzava a pista fora da faixa;Atropelamento de Pedestre;Com Vítimas Fatais;Pleno dia;Decrescente;Céu Claro;Simples;Declive;Não;4;1;0;0;1;3;0;4;-28,299652;-52,740135;SPRF-RS;DEL08-RS;UOP03-DEL08-RS
631856;15/09/2024;domingo;18:45:00;PA;163;314;NOVO PROGRESSO;Reação tardia ou ineficiente do condutor;Colisão traseira;Com Vítimas Feridas;Anoitecer;Crescente;Céu Claro;Simples;Curva;Não;3;0;1;0;1;2;1;4;-7,01260307;-55,42739868;SPRF-PA;DEL05-PA;UOP03-DEL05-PA
631857;01/10/2024;terça-feira;13:48:00;SE;101;16,1;SAO FRANCISCO;Velocidade Incompatível;Colisão traseira;Com Vítimas Feridas;Pleno dia;Crescente;Céu Claro;Dupla;"Aclive;Reta";Não;2;0;1;0;1;0;1;2;-10,329305;-36,89429;SPRF-SE;DEL02-SE;UOP02-DEL02-SE
631861;01/10/2024;terça-feira;11:20:00;RJ;495;30;PETROPOLIS;Acesso irregular;Colisão transversal;Com Vítimas Feridas;Pleno dia;Crescente;Céu Claro;Simples;Reta;Sim;2;0;0;1;1;0;1;2;-22,385458;-43,129604;SPRF-RJ;DEL05-RJ;UOP02-DEL05-RJ
631864;01/10/2024;terça-feira;08:35:00;MS;163;825;SONORA;Reação tardia ou ineficiente do condutor;Tombamento;Com Vítimas Feridas;Pleno dia;Decrescente;Céu Claro;Dupla;Reta;Não;2;0;1;0;0;1;1;2;-17,70787508;-54,75208473;SPRF-MS;DEL06-MS;UOP01-DEL06-MS
631869;01/10/2024;terça-feira;15:20:00;SP;381;86;SAO PAULO;Demais falhas mecânicas ou elétricas;Incêndio;Sem Vítimas;Pleno dia;Decrescente;Céu Claro;Múltipla;Reta;Sim;3;0;0;0;3;0;0;1;-23,45930499;-46,57161179;SPRF-SP;DEL03-SP;UOP01-DEL03-SP
631870;01/10/2024;terça-feira;12:21:00;MA;135;70;SANTA RITA;Acessar a via sem observar a presença dos outros veículos;Colisão transversal;Sem Vítimas;Pleno dia;Crescente;Céu Claro;Dupla;Reta;Sim;3;0;0;0;2;1;0;3;-3,14173789;-44,3255132;SPRF-MA;DEL01-MA;UOP02-DEL01-MA
631874;01/10/2024;terça-feira;17:15:00;SP;116;219;GUARULHOS;Acessar a via sem observar a presença dos outros veículos;Colisão transversal;Com Vítimas Feridas;Pleno dia;Decrescente;Céu Claro;Múltipla;Reta;Não;3;0;1;0;1;1;1;3;-23,46143954;-46,48885316;SPRF-SP;DEL01-SP;UOP01-DEL01-SP
631875;01/10/2024;terça-feira;17:15:00;ES;101;18,2;SERRA;Ausência de reação do condutor;Tombamento;Com Vítimas Feridas;Anoitecer;Decrescente;Nublado;Múltipla;Interseção de Vias;Sim;2;0;1;0;1;0;1;1;-20,129093;-40,308125;SPRF-ES;DEL02-ES;UOP01-DEL02-ES
631881;01/10/2024;terça-feira;16:00:00;RS;285;183;CAPAO BONITO DO SUL;Ausência de reação do condutor;Colisão traseira;Com Vítimas Feridas;Pleno dia;Crescente;Chuva;Simples;Curva;Não;3;0;1;1;1;0;2;2;-28,293627;-51,431511;SPRF-RS;DEL08-RS;UOP05-DEL08-RS
631883;01/10/2024;terça-feira;16:00:00;MT;364;352;SANTO ANTONIO DO LEVERGER;Reação tardia ou ineficiente do condutor;Colisão traseira;Com Vítimas Feridas;Pleno dia;Decrescente;Céu Claro;Dupla;Reta;Não;4;0;4;0;0;0;4;2;-15,80114637;-55,57413507;SPRF-MT;DEL05-MT;UOP02-DEL05-MT
631885;01/10/2024;terça-feira;15:30:00;SC;116;51,9;PAPANDUVA;Reação tardia ou ineficiente do condutor;Colisão lateral sentido oposto;Com Vítimas Feridas;Pleno dia;Crescente;Céu Claro;Simples;"Aclive;Reta";Não;3;0;1;0;1;2;1;4;-26,38519214;-50,13765683;SPRF-SC;DEL06-SC;UOP01-DEL06-SC
631889;01/10/2024;terça-feira;15:50:00;RJ;116;20,5;SAPUCAIA;Demais falhas mecânicas ou elétricas;Engavetamento;Com Vítimas Feridas;Pleno dia;Decrescente;Céu Claro;Dupla;Reta;Sim;3;0;1;0;2;0;1;3;-22,00111387;-42,76116206;SPRF-RJ;DEL05-RJ;UOP01-DEL05-RJ
631890;01/10/2024;terça-feira;18:30:00;SC;101;1;GARUVA;Reação tardia ou ineficiente do condutor;Colisão traseira;Com Vítimas Feridas;Plena Noite;Crescente;Nublado;Múltipla;Reta;Não;4;0;1;0;2;3;1;5;-25,99204065;-48,88169825;SPRF-SC;DEL03-SC;UOP01-DEL03-SC
631892;01/10/2024;terça-feira;15:00:00;RJ;116;231,1;PIRAI;Problema com o freio;Tombamento;Com Vítimas Feridas;Pleno dia;Decrescente;Céu Claro;Dupla;"Declive;Curva";Não;2;0;1;0;1;0;1;1;-22,65223367;-43,82992389;SPRF-RJ;DEL07-RJ;UOP01-DEL07-RJ
631901;01/10/2024;terça-feira;13:40:00;MT;70;696;CACERES;Problema com o freio;Tombamento;Com Vítimas Feridas;Pleno dia;Crescente;Céu Claro;Simples;Curva;Não;1;0;1;0;0;0;1;1;-16,247543;-57,47143;SPRF-MT;DEL03-MT;UOP01-DEL03-MT
631909;01/10/2024;terça-feira;16:05:00;SC;282;340;CAMPOS NOVOS;Acessar a via sem observar a presença dos outros veículos;Colisão transversal;Com Vítimas Feridas;Pleno dia;Decrescente;Sol;Simples;Interseção de Vias;Sim;2;0;0;1;1;0;1;2;-27,388266;-51,203793;SPRF-SC;DEL07-SC;UOP06-DEL07-SC
631914;01/10/2024;terça-feira;18:55:00;MG;381;926;ITAPEVA;Pedestre andava na pista;Atropelamento de Pedestre;Com Vítimas Feridas;Plena Noite;Decrescente;Céu Claro;Dupla;Curva;Não;2;0;0;1;1;0;1;2;-22,78570092;-46,24148628;SPRF-MG;DEL16-MG;UOP03-DEL16-MG
631917;01/10/2024;terça-feira;19:08:00;SC;282;419,2;VARGEM BONITA;Manobra de mudança de faixa;Colisão lateral mesmo sentido;Sem Vítimas;Plena Noite;Decrescente;Céu Claro;Simples;Aclive;Não;4;0;0;0;2;2;0;3;-27,037748;-51,718472;SPRF-SC;DEL07-SC;UOP05-DEL07-SC
631928;01/10/2024;terça-feira;15:40:00;PR;153;395;MALLET;Reação tardia ou ineficiente do condutor;Capotamento;Com Vítimas Feridas;Pleno dia;Crescente;Sol;Simples;Curva;Não;2;0;1;0;0;1;1;2;-25,92152579;-50,8497453;SPRF-PR;DEL08-PR;UOP02-DEL08-PR
631936;01/10/2024;terça-feira;21:20:00;MS;262;145;AGUA CLARA;Pedestre cruzava a pista fora da faixa;Atropelamento de Pedestre;Com Vítimas Feridas;Plena Noite;Crescente;Céu Claro;Simples;Reta;Sim;2;0;0;1;0;1;1;2;-20,44291645;-52,89089596;SPRF-MS;DEL07-MS;UOP02-DEL07-MS
631943;01/10/2024;terça-feira;22:05:00;SC;116;251,3;LAGES;Mal súbito do condutor;Colisão transversal;Com Vítimas Feridas;Plena Noite;Crescente;Nublado;Simples;Interseção de Vias;Não;3;0;1;0;1;1;1;3;-27,84690268;-50,37926674;SPRF-SC;DEL05-SC;UOP02-DEL05-SC
631945;01/10/2024;terça-feira;23:40:00;PR;277;2,5;PARANAGUA;Frear bruscamente;Colisão traseira;Sem Vítimas;Plena Noite;Decrescente;Ignorado;Dupla;Reta;Não;6;0;0;0;5;2;0;4;-25,544468;-48,541617;SPRF-PR;DEL01-PR;UOP05-DEL01-PR
631951;02/10/2024;quarta-feira;01:00:00;SC;101;118;ITAJAI;Reação tardia ou ineficiente do condutor;Atropelamento de Pedestre;Com Vítimas Feridas;Plena Noite;Crescente;Nublado;Dupla;Reta;Sim;2;0;0;1;1;0;1;2;-26,895859;-48,71903;SPRF-SC;DEL04-SC;UOP04-DEL04-SC
631953;02/10/2024;quarta-feira;00:00:00;RJ;101;71;CAMPOS DOS GOYTACAZES;Acessar a via sem observar a presença dos outros veículos;Colisão traseira;Com Vítimas Feridas;Plena Noite;Crescente;Céu Claro;Simples;Reta;Não;2;0;1;0;1;0;1;2;-21,78577807;-41,38139396;SPRF-RJ;DEL08-RJ;UOP02-DEL08-RJ
631955;02/10/2024;quarta-feira;01:20:00;MS;262;606,8;MIRANDA;Condutor Dormindo;Colisão com objeto;Com Vítimas Feridas;Plena Noite;Decrescente;Céu Claro;Simples;Reta;Não;2;0;1;0;0;1;1;2;-20,05914612;-56,77506515;SPRF-MS;DEL03-MS;UOP02-DEL03-MS
631956;02/10/2024;quarta-feira;02:30:00;RJ;116;171;RIO DE JANEIRO;Condutor Dormindo;Colisão traseira;Com Vítimas Feridas;Plena Noite;Decrescente;Céu Claro;Dupla;Reta;Sim;4;0;1;0;3;0;1;2;-22,8060415;-43,34289573;SPRF-RJ;DEL06-RJ;UOP01-DEL06-RJ
631957;02/10/2024;quarta-feira;03:30:00;SE;101;111,6;SAO CRISTOVAO;Ausência de reação do condutor;Colisão com objeto;Sem Vítimas;Plena Noite;Decrescente;Céu Claro;Dupla;"Aclive;Reta";Não;1;0;0;0;1;0;0;1;-10,97659898;-37,28527603;SPRF-SE;DEL02-SE;UOP01-DEL02-SE
631958;02/10/2024;quarta-feira;03:45:00;RJ;101;209;CASIMIRO DE ABREU;Condutor Dormindo;Saída de leito carroçável;Sem Vítimas;Plena Noite;Decrescente;Céu Claro;Dupla;Curva;Não;3;0;0;0;2;1;0;3;-22,48133694;-42,22930101;SPRF-RJ;DEL08-RJ;UOP04-DEL08-RJ
631959;02/10/2024;quarta-feira;05:00:00;RJ;101;2;CAMPOS DOS GOYTACAZES;Velocidade Incompatível;Tombamento;Com Vítimas Feridas;Amanhecer;Decrescente;Céu Claro;Simples;Curva;Não;1;0;1;0;0;0;1;1;-21,23585411;-41,31995286;SPRF-RJ;DEL08-RJ;UOP01-DEL08-RJ
631962;02/10/2024;quarta-feira;05:35:00;MG;262;381;MATEUS LEME;Ausência de reação do condutor;Colisão com objeto;Com Vítimas Fatais;Amanhecer;Crescente;Céu Claro;Dupla;"Curva;Declive";Não;3;1;0;1;0;1;1;2;-19,940622;-44,386969;SPRF-MG;DEL01-MG;UOP03-DEL01-MG
631963;02/10/2024;quarta-feira;05:30:00;SP;116;125;CACAPAVA;Ausência de reação do condutor;Colisão traseira;Com Vítimas Feridas;Amanhecer;Crescente;Céu Claro;Dupla;Reta;Não;4;0;2;0;2;0;2;2;-23,09872598;-45,68608201;SPRF-SP;DEL02-SP;UOP02-DEL02-SP
631967;02/10/2024;quarta-feira;06:45:00;SP;116;292;ITAPECERICA DA SERRA;Reação tardia ou ineficiente do condutor;Colisão frontal;Com Vítimas Feridas;Pleno dia;Decrescente;Nublado;Simples;"Curva;Aclive";Sim;2;0;1;0;0;1;1;2;-23,74581995;-46,90003027;SPRF-SP;DEL04-SP;UOP01-DEL04-SP
631969;02/10/2024;quarta-feira;01:55:00;PI;222;71;PIRIPIRI;Reação tardia ou ineficiente do condutor;Tombamento;Sem Vítimas;Plena Noite;Crescente;Céu Claro;Simples;"Reta;Declive";Não;1;0;0;0;1;0;0;1;-4,24987539;-41,73816691;SPRF-PI;DEL02-PI;UOP01-DEL02-PI
631970;19/08/2024;segunda-feira;15:27:00;ES;101;222,4;IBIRACU;Condutor deixou de manter distância do veículo da frente;Colisão traseira;Com Vítimas Fatais;Pleno dia;Crescente;Céu Claro;Simples;"Curva;Em Obras";Não;4;1;0;1;1;2;1;5;-19,86967622;-40,40915873;SPRF-ES;DEL02-ES;UOP01-DEL02-ES
631984;02/10/2024;quarta-feira;04:20:00;MG;116;33;CACHOEIRA DE PAJEU;Condutor Dormindo;Colisão traseira;Com Vítimas Feridas;Amanhecer;Decrescente;Ignorado;Simples;Curva;Não;3;0;1;0;1;1;1;3;-15,93243698;-41,39966582;SPRF-MG;DEL11-MG;UOP02-DEL11-MG
631985;02/10/2024;quarta-feira;07:20:00;GO;60;94;ANAPOLIS;Animais na Pista;Colisão traseira;Com Vítimas Feridas;Pleno dia;Decrescente;Céu Claro;Dupla;"Reta;Declive";Sim;6;0;3;1;2;0;4;4;-16,3611;-48,9328;SPRF-GO;DEL02-GO;UOP01-DEL02-GO
631986;02/10/2024;quarta-feira;07:45:00;RJ;101;330;RIO DE JANEIRO;Condutor deixou de manter distância do veículo da frente;Colisão traseira;Com Vítimas Feridas;Amanhecer;Decrescente;Céu Claro;Dupla;Reta;Não;2;0;0;1;1;0;1;2;-22,8684989;-43,18548699;SPRF-RJ;DEL02-RJ;UOP01-DEL02-RJ
631996;02/10/2024;quarta-feira;08:00:00;MG;381;526;BRUMADINHO;Ausência de reação do condutor;Tombamento;Com Vítimas Feridas;Pleno dia;Crescente;Sol;Dupla;"Declive;Curva";Não;2;0;1;0;0;1;1;2;-20,16175378;-44,34144636;SPRF-MG;DEL04-MG;UOP03-DEL04-MG
631998;02/10/2024;quarta-feira;08:40:00;MG;381;499,7;BETIM;Ausência de reação do condutor;Engavetamento;Com Vítimas Feridas;Pleno dia;Decrescente;Céu Claro;Dupla;"Reta;Aclive";Sim;4;0;1;0;3;0;1;4;-20,0002683;-44,2111874;SPRF-MG;DEL01-MG;UOP03-DEL01-MG
631999;02/10/2024;quarta-feira;09:00:00;ES;101;298,5;VIANA;Manobra de mudança de faixa;Colisão lateral mesmo sentido;Com Vítimas Fatais;Pleno dia;Crescente;Sol;Múltipla;"Viaduto;Reta;Retorno Regulamentado";Sim;5;1;0;0;1;3;0;4;-20,35374444;-40,4156433;SPRF-ES;DEL01-ES;UOP01-DEL01-ES
632006;02/10/2024;quarta-feira;07:30:00;MT;70;367,4;CAMPO VERDE;Reação tardia ou ineficiente do condutor;Colisão lateral sentido oposto;Com Vítimas Fatais;Pleno dia;Decrescente;Nublado;Simples;Reta;Sim;3;1;0;0;1;3;0;5;-15,47404915;-55,01194696;SPRF-MT;DEL05-MT;UOP02-DEL05-MT
632011;07/08/2024;quarta-feira;13:45:00;SP;116;305,9;SAO LOURENCO DA SERRA;Deficiência do Sistema de Iluminação/Sinalização;Colisão traseira;Com Vítimas Feridas;Pleno dia;Crescente;Sol;Dupla;Em Obras;Não;3;0;0;1;1;2;1;4;-23,84287313;-46,93238591;SPRF-SP;DEL04-SP;UOP01-DEL04-SP
632014;02/10/2024;quarta-feira;10:10:00;MG;381;911,3;CAMANDUCAIA;Ausência de reação do condutor;Colisão com objeto;Com Vítimas Feridas;Pleno dia;Crescente;Céu Claro;Dupla;Curva;Não;3;0;1;0;1;1;1;3;-22,7011678;-46,11642122;SPRF-MG;DEL16-MG;UOP03-DEL16-MG
632015;03/08/2024;sábado;03:15:00;SC;280;22,5;ARAQUARI;Ingestão de álcool pelo condutor;Colisão traseira;Com Vítimas Feridas;Plena Noite;Crescente;Nublado;Simples;Reta;Sim;3;0;0;1;1;2;1;4;-26,37092616;-48,70204099;SPRF-SC;DEL03-SC;UOP03-DEL03-SC
632018;17/04/2024;quarta-feira;18:35:00;MT;364;276,9;JACIARA;Ausência de reação do condutor;Saída de leito carroçável;Com Vítimas Feridas;Plena Noite;Decrescente;Nublado;Simples;Reta;Sim;2;0;1;0;0;1;1;2;-15,95344474;-54,99098104;SPRF-MT;DEL05-MT;UOP02-DEL05-MT
632020;02/10/2024;quarta-feira;10:00:00;PE;101;70;RECIFE;Pedestre cruzava a pista fora da faixa;Atropelamento de Pedestre;Sem Vítimas;Pleno dia;Crescente;Nublado;Simples;Reta;Sim;2;0;0;0;1;1;0;2;-8,06776119;-34,94265074;SPRF-PE;DEL01-PE;UOP01-DEL01-PE
632021;02/10/2024;quarta-feira;11:00:00;RS;153;52,8;ERECHIM;Manobra de mudança de faixa;Colisão lateral mesmo sentido;Com Vítimas Feridas;Pleno dia;Decrescente;Chuva;Dupla;"Aclive;Reta";Sim;3;0;2;0;1;0;2;2;-27,6816714;-52,2896892;SPRF-RS;DEL08-RS;UOP04-DEL08-RS
632023;02/10/2024;quarta-feira;07:00:00;MS;267;76;BATAGUASSU;Frear bruscamente;Saída de leito carroçável;Sem Vítimas;Pleno dia;Decrescente;Céu Claro;Simples;Reta;Não;2;0;0;0;1;3;0;4;-21,87082105;-52,82498399;SPRF-MS;DEL02-MS;UOP04-DEL02-MS
632028;01/10/2024;terça-feira;15:15:00;RJ;116;131;MAGE;Manobra de mudança de faixa;Colisão lateral mesmo sentido;Com Vítimas Feridas;Pleno dia;Decrescente;Céu Claro;Dupla;Reta;Não;4;0;2;0;1;2;2;4;-22,65608024;-43,12511494;SPRF-RJ;DEL04-RJ;UOP02-DEL04-RJ
632034;02/10/2024;quarta-feira;11:10:00;GO;364;234;JATAI;Ultrapassagem Indevida;Colisão lateral mesmo sentido;Com Vítimas Feridas;Pleno dia;Crescente;Céu Claro;Simples;Reta;Não;4;0;2;0;1;2;2;4;-17,809187;-52,036716;SPRF-GO;DEL05-GO;UOP01-DEL05-GO
632038;02/10/2024;quarta-feira;10:30:00;MG;262;45,1;MANHUACU;Ultrapassagem Indevida;Colisão lateral mesmo sentido;Com Vítimas Feridas;Pleno dia;Decrescente;Céu Claro;Simples;Reta;Não;4;0;1;0;2;2;1;5;-20,26145201;-42,09686296;SPRF-MG;DEL06-MG;UOP03-DEL06-MG
632039;02/10/2024;quarta-feira;08:20:00;RO;364;394;OURO PRETO DO OESTE;Condutor deixou de manter distância do veículo da frente;Colisão traseira;Com Vítimas Feridas;Pleno dia;Decrescente;Céu Claro;Simples;Reta;Não;2;0;1;0;0;1;1;2;-10,64530994;-62,30854892;SPRF-RO;DEL03-RO;UOP02-DEL03-RO
632045;30/08/2024;sexta-feira;04:30:00;PR;376;651;TIJUCAS DO SUL;Ausência de reação do condutor;Colisão com objeto;Com Vítimas Feridas;Plena Noite;Crescente;Céu Claro;Dupla;Curva;Não;2;0;1;0;0;1;1;2;-25,84694234;-49,06461954;SPRF-PR;DEL01-PR;UOP04-DEL01-PR
632053;02/10/2024;quarta-feira;13:45:00;SC;280;68,7;JARAGUA DO SUL;Reação tardia ou ineficiente do condutor;Colisão traseira;Com Vítimas Feridas;Pleno dia;Decrescente;Chuva;Simples;Reta;Sim;2;0;1;0;1;0;1;2;-26,47277719;-49,11098612;SPRF-SC;DEL03-SC;UOP03-DEL03-SC