id;data_inversa;dia_semana;horario;uf;br;km;municipio;causa_acidente;tipo_acidente;classificacao_acidente;fase_dia;sentido_via;condicao_metereologica;tipo_pista;tracado_via;uso_solo;pessoas;mortos;feridos_leves;feridos_graves;ilesos;ignorados;feridos;veiculos;latitude;longitude;regional;delegacia;uop
632064;02/10/2024;quarta-feira;13:45:00;PR;277;190;PALMEIRA;Reação tardia ou ineficiente do condutor;Colisão com objeto;Com Vítimas Feridas;Pleno dia;Decrescente;Chuva;Simples;"Curva;Declive";Não;2;0;1;1;0;0;2;1;-25,42748172;-50,1316452;SPRF-PR;DEL08-PR;UOP02-DEL08-PR
632065;02/10/2024;quarta-feira;14:40:00;BA;242;797,3;BARREIRAS;Reação tardia ou ineficiente do condutor;Colisão lateral sentido oposto;Com Vítimas Feridas;Pleno dia;Crescente;Sol;Simples;Reta;Não;3;0;0;1;1;1;1;3;-12,12581339;-45,02762318;SPRF-BA;DEL10-BA;UOP01-DEL10-BA
632072;02/10/2024;quarta-feira;15:10:00;RS;285;298,5;PASSO FUNDO;Desrespeitar a preferência no cruzamento;Colisão transversal;Com Vítimas Feridas;Pleno dia;Decrescente;Garoa/Chuvisco;Simples;Interseção de Vias;Sim;5;0;2;1;1;1;3;3;-28,236414;-52,423466;SPRF-RS;DEL08-RS;UOP03-DEL08-RS
632077;02/10/2024;quarta-feira;14:10:00;MG;40;49,5;PARACATU;Manobra de mudança de faixa;Colisão lateral mesmo sentido;Com Vítimas Feridas;Pleno dia;Decrescente;Céu Claro;Simples;Reta;Não;3;0;2;0;1;0;2;2;-17,23815248;-46,80976606;SPRF-MG;DEL14-MG;UOP01-DEL14-MG
632078;02/10/2024;quarta-feira;13:26:00;MG;381;737,7;TRES CORACOES;Reação tardia ou ineficiente do condutor;Saída de leito carroçável;Com Vítimas Feridas;Pleno dia;Decrescente;Céu Claro;Dupla;Reta;Não;2;0;1;0;0;1;1;2;-21,56197128;-45,24340691;SPRF-MG;DEL16-MG;UOP02-DEL16-MG
632079;02/10/2024;quarta-feira;16:00:00;GO;364;192;JATAI;Acessar a via sem observar a presença dos outros veículos;Colisão transversal;Sem Vítimas;Pleno dia;Crescente;Céu Claro;Dupla;Rotatória;Não;2;0;0;0;2;0;0;2;-17,922094;-51,69062;SPRF-GO;DEL05-GO;UOP01-DEL05-GO
632084;02/10/2024;quarta-feira;15:40:00;ES;101;343,7;GUARAPARI;Reação tardia ou ineficiente do condutor;Saída de leito carroçável;Com Vítimas Feridas;Pleno dia;Crescente;Céu Claro;Dupla;Curva;Não;2;0;1;0;0;5;1;6;-20,66191662;-40,59045821;SPRF-ES;DEL03-ES;UOP01-DEL03-ES
632092;02/10/2024;quarta-feira;16:30:00;SC;101;123;ITAJAI;Reação tardia ou ineficiente do condutor;Colisão traseira;Com Vítimas Feridas;Pleno dia;Decrescente;Chuva;Múltipla;Rotatória;Sim;3;0;1;0;2;0;1;2;-26,93668609;-48,69876905;SPRF-SC;DEL04-SC;UOP04-DEL04-SC
632093;02/10/2024;quarta-feira;14:20:00;PR;277;133,1;CAMPO LARGO;Condutor deixou de manter distância do veículo da frente;Colisão traseira;Com Vítimas Feridas;Pleno dia;Crescente;Chuva;Simples;Reta;Não;5;0;0;1;3;1;1;3;-25,4482063;-49,6064191;SPRF-PR;DEL03-PR;UOP03-DEL03-PR
632096;02/10/2024;quarta-feira;16:30:00;MG;50;177;UBERABA;Reação tardia ou ineficiente do condutor;Colisão traseira;Com Vítimas Feridas;Pleno dia;Decrescente;Céu Claro;Dupla;Reta;Sim;3;0;1;0;2;0;1;2;-19,77914852;-47,95047701;SPRF-MG;DEL13-MG;UOP01-DEL13-MG
632097;02/10/2024;quarta-feira;16:35:00;RS;386;248;SOLEDADE;Condutor deixou de manter distância do veículo da frente;Saída de leito carroçável;Com Vítimas Feridas;Pleno dia;Decrescente;Céu Claro;Simples;Reta;Sim;3;0;2;0;0;1;2;2;-28,81823;-52,48421;SPRF-RS;DEL04-RS;UOP03-DEL04-RS
632099;02/10/2024;quarta-feira;17:25:00;BA;116;7,8;VITORIA DA CONQUISTA;Condutor deixou de manter distância do veículo da frente;Colisão lateral mesmo sentido;Com Vítimas Feridas;Anoitecer;Decrescente;Céu Claro;Simples;"Interseção de Vias;Reta";Sim;2;0;0;1;1;0;1;2;-14,84466;-40,888319;SPRF-BA;DEL08-BA;UOP01-DEL08-BA
632100;02/10/2024;quarta-feira;17:50:00;PR;376;671;GUARATUBA;Ausência de reação do condutor;Colisão traseira;Com Vítimas Feridas;Plena Noite;Crescente;Chuva;Dupla;"Reta;Declive";Não;7;0;4;0;1;2;4;3;-25,885323;-48,935154;SPRF-PR;DEL01-PR;UOP04-DEL01-PR
632102;02/10/2024;quarta-feira;17:20:00;SC;101;99;BALNEARIO PICARRAS;Condutor deixou de manter distância do veículo da frente;Engavetamento;Com Vítimas Feridas;Pleno dia;Decrescente;Chuva;Dupla;Reta;Não;4;0;1;0;2;1;1;4;-26,7471002;-48,69654831;SPRF-SC;DEL03-SC;UOP02-DEL03-SC
632103;02/10/2024;quarta-feira;17:10:00;BA;324;527,2;FEIRA DE SANTANA;Reação tardia ou ineficiente do condutor;Colisão traseira;Com Vítimas Feridas;Pleno dia;Decrescente;Céu Claro;Dupla;Reta;Não;3;0;1;0;1;2;1;4;-12,31183923;-38,88331817;SPRF-BA;DEL01-BA;UOP03-DEL01-BA
632107;20/09/2024;sexta-feira;15:08:00;SC;101;12;GARUVA;Pista Escorregadia;Colisão com objeto;Com Vítimas Feridas;Pleno dia;Crescente;Chuva;Dupla;Aclive;Não;2;0;1;0;0;2;1;3;-26,084134;-48,862041;SPRF-SC;DEL03-SC;UOP01-DEL03-SC
632108;02/10/2024;quarta-feira;17:30:00;SC;101;157;PORTO BELO;Condutor deixou de manter distância do veículo da frente;Colisão traseira;Com Vítimas Feridas;Pleno dia;Crescente;Chuva;Múltipla;Reta;Não;2;0;0;1;1;0;1;2;-27,181625;-48,6121179;SPRF-SC;DEL04-SC;UOP03-DEL04-SC
632109;02/10/2024;quarta-feira;14:30:00;MG;262;487;BOM DESPACHO;Objeto estático sobre o leito carroçável;Eventos atípicos;Com Vítimas Feridas;Pleno dia;Crescente;Céu Claro;Simples;Reta;Não;2;0;0;1;1;0;1;1;-19,78526432;-45,31343803;SPRF-MG;DEL08-MG;UOP03-DEL08-MG
632120;15/07/2024;segunda-feira;18:20:00;GO;20;16;FORMOSA;Reação tardia ou ineficiente do condutor;Colisão frontal;Com Vítimas Feridas;Pleno dia;Decrescente;Céu Claro;Simples;Reta;Não;4;0;0;2;0;7;2;9;-15,56247;-47,215034;SPRF-DF;DEL02-DF;UOP02-DEL02-DF
632122;02/10/2024;quarta-feira;11:00:00;MT;70;170;GENERAL CARNEIRO;Ausência de reação do condutor;Saída de leito carroçável;Com Vítimas Feridas;Pleno dia;Crescente;Céu Claro;Simples;Reta;Não;2;0;1;0;0;1;1;2;-15,61035413;-53,52513196;SPRF-MT;DEL05-MT;UOP01-DEL05-MT
632123;02/10/2024;quarta-feira;17:50:00;PI;316;298;PICOS;Demais falhas mecânicas ou elétricas;Incêndio;Sem Vítimas;Anoitecer;Decrescente;Céu Claro;Simples;Curva;Não;1;0;0;0;1;0;0;1;-7,02855707;-41,5570932;SPRF-PI;DEL04-PI;UOP01-DEL04-PI
632126;02/10/2024;quarta-feira;19:20:00;MG;40;565;NOVA LIMA;Demais falhas mecânicas ou elétricas;Eventos atípicos;Com Vítimas Feridas;Plena Noite;Crescente;Céu Claro;Simples;"Reta;Declive";Sim;8;0;0;2;6;0;2;4;-20,16985101;-43,96554788;SPRF-MG;DEL01-MG;UOP02-DEL01-MG
632127;02/10/2024;quarta-feira;18:45:00;MS;163;314;RIO BRILHANTE;Ausência de reação do condutor;Colisão transversal;Com Vítimas Fatais;Plena Noite;Decrescente;Ignorado;Dupla;Reta;Não;2;1;0;0;1;0;0;2;-21,86055206;-54,53047713;SPRF-MS;DEL02-MS;UOP02-DEL02-MS
632134;02/10/2024;quarta-feira;19:00:00;PE;101;121;ESCADA;Reação tardia ou ineficiente do condutor;Colisão lateral mesmo sentido;Com Vítimas Feridas;Plena Noite;Decrescente;Céu Claro;Dupla;Curva;Não;2;0;0;1;1;0;1;2;-8,35685707;-35,18628296;SPRF-PE;DEL01-PE;UOP03-DEL01-PE
632146;02/10/2024;quarta-feira;20:45:00;SP;116;164,9;JACAREI;Ultrapassagem Indevida;Colisão lateral mesmo sentido;Com Vítimas Feridas;Plena Noite;Decrescente;Céu Claro;Dupla;Reta;Sim;3;0;1;0;1;1;1;3;-23,29166028;-46,00002382;SPRF-SP;DEL02-SP;UOP01-DEL02-SP
632147;02/10/2024;quarta-feira;21:00:00;SP;116;199,6;ARUJA;Ausência de reação do condutor;Colisão traseira;Com Vítimas Feridas;Plena Noite;Crescente;Céu Claro;Dupla;Reta;Sim;2;0;1;0;1;0;1;2;-23,40185327;-46,31154312;SPRF-SP;DEL01-SP;UOP01-DEL01-SP
632154;02/10/2024;quarta-feira;19:40:00;RS;287;418;SANTIAGO;Animais na Pista;Atropelamento de Animal;Sem Vítimas;Plena Noite;Crescente;Céu Claro;Simples;Reta;Não;1;0;0;0;1;0;0;1;-29,05373171;-54,99420301;SPRF-RS;DEL12-RS;UOP02-DEL12-RS
632161;02/10/2024;quarta-feira;22:39:00;RS;392;707,3;PORTO XAVIER;Demais falhas mecânicas ou elétricas;Incêndio;Sem Vítimas;Plena Noite;Crescente;Céu Claro;Simples;"Curva;Aclive";Não;2;0;0;0;1;1;0;2;-28,01178597;-55,10655798;SPRF-RS;DEL10-RS;UOP01-DEL10-RS
632170;02/10/2024;quarta-feira;21:45:00;RS;290;145;ELDORADO DO SUL;Pedestre - Ingestão de álcool/ substâncias psicoativas;Atropelamento de Pedestre;Com Vítimas Feridas;Plena Noite;Crescente;Céu Claro;Simples;Reta;Sim;3;0;0;1;1;1;1;3;-30,100563;-51,656773;SPRF-RS;DEL02-RS;UOP01-DEL02-RS
632177;02/10/2024;quarta-feira;22:25:00;CE;116;482,1;MILAGRES;Animais na Pista;Saída de leito carroçável;Com Vítimas Feridas;Plena Noite;Crescente;Céu Claro;Simples;Reta;Não;2;0;1;0;0;1;1;2;-7,30553661;-38,91991281;SPRF-CE;DEL05-CE;UOP03-DEL05-CE
632181;03/10/2024;quinta-feira;01:50:00;SP;381;64;MAIRIPORA;Manobra de mudança de faixa;Colisão lateral mesmo sentido;Sem Vítimas;Plena Noite;Crescente;Chuva;Dupla;Reta;Não;2;0;0;0;2;0;0;2;-23,3089645;-46,57924651;SPRF-SP;DEL03-SP;UOP01-DEL03-SP
632183;03/10/2024;quinta-feira;02:35:00;SP;116;46;CANAS;Condutor Dormindo;Colisão traseira;Com Vítimas Feridas;Plena Noite;Decrescente;Céu Claro;Dupla;Reta;Não;3;0;1;0;1;1;1;3;-22,71393589;-45,05335608;SPRF-SP;DEL08-SP;UOP02-DEL08-SP
632186;02/10/2024;quarta-feira;21:40:00;RO;364;692;CANDEIAS DO JAMARI;Entrada inopinada do pedestre;Atropelamento de Pedestre;Com Vítimas Feridas;Plena Noite;Decrescente;Céu Claro;Dupla;Reta;Sim;2;0;0;1;1;0;1;2;-8,7961943;-63,68738597;SPRF-RO;DEL01-RO;UOP01-DEL01-RO
632190;03/10/2024;quinta-feira;03:30:00;GO;153;614;MORRINHOS;Condutor deixou de manter distância do veículo da frente;Colisão lateral mesmo sentido;Com Vítimas Feridas;Plena Noite;Decrescente;Céu Claro;Dupla;Reta;Não;3;0;1;0;1;1;1;3;-17,6693;-49,1651;SPRF-GO;DEL03-GO;UOP01-DEL03-GO
632192;03/10/2024;quinta-feira;01:30:00;MA;10;279,8;IMPERATRIZ;Condutor Dormindo;Colisão lateral sentido oposto;Com Vítimas Feridas;Plena Noite;Crescente;Céu Claro;Simples;Aclive;Não;6;0;1;0;4;1;1;3;-5,28637;-47,502003;SPRF-MA;DEL04-MA;UOP01-DEL04-MA
632193;02/10/2024;quarta-feira;18:00:00;MG;381;381;SAO GONCALO DO RIO ABAIXO;Acessar a via sem observar a presença dos outros veículos;Colisão transversal;Com Vítimas Feridas;Pleno dia;Decrescente;Céu Claro;Simples;Reta;Sim;2;0;1;0;1;0;1;2;-19,82692046;-43,38405945;SPRF-MG;DEL01-MG;UOP01-DEL01-MG
632197;02/10/2024;quarta-feira;17:48:00;MT;163;909;ITAUBA;Reação tardia ou ineficiente do condutor;Colisão traseira;Com Vítimas Feridas;Plena Noite;Crescente;Céu Claro;Simples;"Declive;Reta";Não;28;0;26;0;1;3;26;5;-11,23039667;-55,30338167;SPRF-MT;DEL06-MT;UOP02-DEL06-MT
632199;02/10/2024;quarta-feira;21:30:00;PR;153;347;PAULA FREITAS;Chuva;Saída de leito carroçável;Com Vítimas Feridas;Plena Noite;Decrescente;Chuva;Simples;Curva;Não;1;0;0;1;0;0;1;1;-26,18101303;-50,9592247;SPRF-PR;DEL08-PR;UOP02-DEL08-PR
632200;03/10/2024;quinta-feira;04:50:00;MG;251;475;FRANCISCO SA;Demais falhas mecânicas ou elétricas;Colisão frontal;Com Vítimas Feridas;Plena Noite;Crescente;Céu Claro;Simples;"Curva;Declive";Não;7;0;2;0;4;5;2;11;-16,47174429;-43,46596604;SPRF-MG;DEL12-MG;UOP01-DEL12-MG
632202;02/10/2024;quarta-feira;20:30:00;MA;316;362,4;BACABAL;Ausência de reação do condutor;Colisão frontal;Sem Vítimas;Pleno dia;Crescente;Céu Claro;Simples;Reta;Sim;2;0;0;0;2;0;0;2;-4,22385;-44,776382;SPRF-MA;DEL02-MA;UOP01-DEL02-MA
632203;03/10/2024;quinta-feira;07:50:00;GO;40;18;LUZIANIA;Ausência de sinalização;Colisão lateral mesmo sentido;Sem Vítimas;Pleno dia;Crescente;Céu Claro;Dupla;Reta;Sim;3;0;0;0;3;0;0;2;-16,19349;-47,925575;SPRF-DF;DEL01-DF;UOP01-DEL01-DF
632204;03/10/2024;quinta-feira;06:20:00;MG;381;903;CAMBUI;Velocidade Incompatível;Saída de leito carroçável;Com Vítimas Feridas;Pleno dia;Crescente;Garoa/Chuvisco;Dupla;Curva;Não;2;0;1;0;0;1;1;2;-22,68185904;-46,10140424;SPRF-MG;DEL16-MG;UOP03-DEL16-MG
632209;03/10/2024;quinta-feira;08:15:00;SP;153;68,5;SAO JOSE DO RIO PRETO;Condutor deixou de manter distância do veículo da frente;Colisão traseira;Com Vítimas Feridas;Pleno dia;Crescente;Céu Claro;Dupla;"Aclive;Reta";Sim;2;0;0;1;1;0;1;2;-20,85063062;-49,39071178;SPRF-SP;DEL09-SP;UOP01-DEL09-SP
632214;16/08/2024;sexta-feira;18:44:00;BA;242;516;OLIVEIRA DOS BREJINHOS;Reação tardia ou ineficiente do condutor;Atropelamento de Pedestre;Com Vítimas Feridas;Anoitecer;Decrescente;Céu Claro;Simples;Reta;Não;2;0;0;1;0;1;1;2;-12,255371;-42,756101;SPRF-BA;DEL06-BA;UOP01-DEL06-BA
632218;03/10/2024;quinta-feira;07:35:00;CE;222;172;IRAUCUBA;Condutor Dormindo;Colisão lateral sentido oposto;Com Vítimas Feridas;Pleno dia;Decrescente;Céu Claro;Simples;Reta;Não;3;0;1;0;1;1;1;3;-3,75117004;-39,976959;SPRF-CE;DEL04-CE;UOP03-DEL04-CE
632221;03/10/2024;quinta-feira;07:45:00;BA;101;508;ITABUNA;Ausência de reação do condutor;Tombamento;Com Vítimas Feridas;Pleno dia;Decrescente;Sol;Simples;"Interseção de Vias;Reta;Declive";Sim;2;0;1;0;0;1;1;2;-14,97000197;-39,31996203;SPRF-BA;DEL05-BA;UOP01-DEL05-BA
632223;26/06/2024;quarta-feira;20:00:00;ES;101;438,9;MIMOSO DO SUL;Acessar a via sem observar a presença dos outros veículos;Colisão transversal;Com Vítimas Feridas;Plena Noite;Crescente;Céu Claro;Simples;Retorno Regulamentado;Sim;2;0;0;1;1;0;1;2;-21,06633614;-41,22124288;SPRF-ES;DEL03-ES;UOP02-DEL03-ES
632225;03/10/2024;quinta-feira;07:43:00;SC;282;524,9;XAXIM;Conversão proibida;Colisão frontal;Sem Vítimas;Pleno dia;Decrescente;Céu Claro;Simples;Curva;Não;5;0;0;0;4;2;0;6;-26,96378376;-52,55933404;SPRF-SC;DEL07-SC;UOP01-DEL07-SC
632227;03/10/2024;quinta-feira;07:00:00;MG;365;592,5;INDIANOPOLIS;Velocidade Incompatível;Colisão traseira;Com Vítimas Feridas;Pleno dia;Crescente;Céu Claro;Simples;"Declive;Reta";Não;9;0;4;0;3;6;4;10;-18,87604631;-48,07055213;SPRF-MG;DEL15-MG;UOP02-DEL15-MG
632228;30/09/2024;segunda-feira;14:30:00;SC;101;435,5;SOMBRIO;Ausência de reação do condutor;Colisão transversal;Com Vítimas Feridas;Pleno dia;Decrescente;Céu Claro;Múltipla;Retorno Regulamentado;Sim;2;0;0;1;1;0;1;2;-29,09949414;-49,63480552;SPRF-SC;DEL02-SC;UOP02-DEL02-SC
632229;03/10/2024;quinta-feira;09:00:00;MG;153;71,3;MONTE ALEGRE DE MINAS;Condutor Dormindo;Colisão com objeto;Com Vítimas Feridas;Pleno dia;Crescente;Céu Claro;Simples;"Declive;Reta;Ponte";Não;2;0;1;0;0;1;1;2;-18,99242036;-49,02097074;SPRF-MG;DEL15-MG;UOP03-DEL15-MG
632230;02/10/2024;quarta-feira;02:20:00;RJ;356;23;ITAPERUNA;Ingestão de álcool pelo condutor;Derramamento de carga;Sem Vítimas;Plena Noite;Crescente;Céu Claro;Simples;Reta;Não;1;0;0;0;1;0;0;1;-21,18026434;-41,98292495;SPRF-RJ;DEL08-RJ;UOP03-DEL08-RJ
632234;03/10/2024;quinta-feira;09:45:00;BA;101;221;CRUZ DAS ALMAS;Acessar a via sem observar a presença dos outros veículos;Colisão transversal;Com Vítimas Feridas;Pleno dia;Decrescente;Céu Claro;Simples;"Interseção de Vias;Reta";Sim;2;0;0;1;1;0;1;2;-12,6640305;-39,1297639;SPRF-BA;DEL01-BA;UOP02-DEL01-BA
632235;03/10/2024;quinta-feira;09:30:00;AL;101;194,5;JUNQUEIRO;Retorno proibido;Colisão transversal;Com Vítimas Feridas;Pleno dia;Decrescente;Céu Claro;Simples;Reta;Não;4;0;3;0;1;0;3;2;-9,93595808;-36,49545203;SPRF-AL;DEL02-AL;UOP02-DEL02-AL
632237;03/10/2024;quinta-feira;07:23:00;PE;423;64;LAJEDO;Transitar na contramão;Colisão transversal;Com Vítimas Feridas;Pleno dia;Crescente;Nublado;Simples;Reta;Não;3;0;0;1;1;2;1;4;-8,66427961;-36,35636509;SPRF-PE;DEL03-PE;UOP01-DEL03-PE
632242;03/10/2024;quinta-feira;09:16:00;MG;153;107;PRATA;Velocidade Incompatível;Tombamento;Com Vítimas Feridas;Pleno dia;Crescente;Céu Claro;Dupla;Interseção de Vias;Sim;2;0;1;0;0;3;1;4;-19,28824388;-48,91115575;SPRF-MG;DEL15-MG;UOP03-DEL15-MG
632243;03/10/2024;quinta-feira;10:30:00;MG;262;677;ARAXA;Ausência de reação do condutor;Colisão com objeto;Sem Vítimas;Pleno dia;Crescente;Céu Claro;Simples;Reta;Não;2;0;0;0;1;1;0;2;-19,5553593;-46,85947792;SPRF-MG;DEL08-MG;UOP01-DEL08-MG
632248;03/10/2024;quinta-feira;10:00:00;TO;153;797;TALISMA;Reação tardia ou ineficiente do condutor;Colisão lateral mesmo sentido;Com Vítimas Feridas;Pleno dia;Crescente;Céu Claro;Simples;Reta;Não;5;0;1;0;1;4;1;4;-12,788952;-49,092148;SPRF-TO;DEL01-TO;UOP02-DEL01-TO
632253;03/10/2024;quinta-feira;08:10:00;MG;251;197;CACHOEIRA DE PAJEU;Entrada inopinada do pedestre;Atropelamento de Pedestre;Com Vítimas Feridas;Pleno dia;Decrescente;Céu Claro;Simples;Reta;Não;3;0;0;1;1;2;1;4;-15,87375445;-41,43742561;SPRF-MG;DEL12-MG;UOP02-DEL12-MG
632257;29/06/2024;sábado;13:00:00;BA;242;538;OLIVEIRA DOS BREJINHOS;Demais falhas mecânicas ou elétricas;Incêndio;Sem Vítimas;Pleno dia;Crescente;Céu Claro;Simples;Reta;Não;2;0;0;0;1;2;0;3;-12,24038159;-42,77182472;SPRF-BA;DEL06-BA;UOP01-DEL06-BA
632268;28/09/2024;sábado;23:00:00;MG;40;109;LAGOA GRANDE;Objeto estático sobre o leito carroçável;Tombamento;Com Vítimas Feridas;Plena Noite;Crescente;Vento;Simples;"Reta;Interseção de Vias";Não;2;0;0;1;0;1;1;2;-17,62754496;-46,45967794;SPRF-MG;DEL14-MG;UOP01-DEL14-MG
632269;23/09/2024;segunda-feira;13:20:00;BA;101;855;TEIXEIRA DE FREITAS;Condutor Dormindo;Capotamento;Sem Vítimas;Pleno dia;Crescente;Céu Claro;Simples;Reta;Não;1;0;0;0;1;0;0;1;-17,56169014;-39,72765176;SPRF-BA;DEL09-BA;UOP02-DEL09-BA
632271;29/08/2024;quinta-feira;13:40:00;ES;101;17;SERRA;Demais Fenômenos da natureza;Engavetamento;Com Vítimas Feridas;Pleno dia;Crescente;Céu Claro;Dupla;"Reta;Ponte";Não;9;0;2;0;5;3;2;8;-20,129093;-40,308125;SPRF-ES;DEL02-ES;UOP01-DEL02-ES
632273;03/10/2024;quinta-feira;13:00:00;PR;277;66;SAO JOSE DOS PINHAIS;Mal súbito do condutor;Colisão traseira;Com Vítimas Feridas;Pleno dia;Decrescente;Garoa/Chuvisco;Dupla;Reta;Sim;2;0;1;0;0;1;1;2;-25,54908791;-49,04398096;SPRF-PR;DEL01-PR;UOP01-DEL01-PR
632277;03/10/2024;quinta-feira;07:40:00;BA;116;895;CANDIDO SALES;Demais falhas mecânicas ou elétricas;Colisão frontal;Com Vítimas Fatais;Pleno dia;Decrescente;Céu Claro;Simples;Reta;Não;3;2;0;0;0;3;0;5;-15,32564403;-41,15464593;SPRF-BA;DEL08-BA;UOP03-DEL08-BA
632287;03/10/2024;quinta-feira;14:20:00;MG;381;508;SAO JOAQUIM DE BICAS;Condutor deixou de manter distância do veículo da frente;Colisão traseira;Com Vítimas Feridas;Pleno dia;Crescente;Céu Claro;Dupla;Reta;Sim;2;0;1;0;1;0;1;2;-20,06277698;-44,29329002;SPRF-MG;DEL01-MG;UOP03-DEL01-MG
632289;03/10/2024;quinta-feira;12:00:00;SC;101;382,1;ICARA;Ausência de reação do condutor;Colisão lateral mesmo sentido;Com Vítimas Feridas;Pleno dia;Decrescente;Céu Claro;Múltipla;"Reta;Aclive";Não;3;0;1;0;1;1;1;3;-28,76878766;-49,30239201;SPRF-SC;DEL02-SC;UOP02-DEL02-SC
632291;03/10/2024;quinta-feira;10:40:00;SC;470;204,4;PONTE ALTA;Ausência de reação do condutor;Saída de leito carroçável;Com Vítimas Feridas;Pleno dia;Crescente;Chuva;Simples;Aclive;Não;1;0;1;0;0;0;1;1;-27,289373;-50,166328;SPRF-SC;DEL05-SC;UOP03-DEL05-SC
632295;03/10/2024;quinta-feira;15:30:00;SC;101;262;GAROPABA;Reação tardia ou ineficiente do condutor;Saída de leito carroçável;Com Vítimas Feridas;Pleno dia;Crescente;Sol;Dupla;Reta;Não;3;0;2;0;0;1;2;2;-28,0353863;-48,70884453;SPRF-SC;DEL02-SC;UOP03-DEL02-SC
632298;03/10/2024;quinta-feira;13:00:00;RJ;116;228;PIRAI;Curva acentuada;Tombamento;Com Vítimas Feridas;Pleno dia;Decrescente;Nublado;Simples;"Curva;Declive";Não;2;0;1;0;0;1;1;2;-22,660623;-43,82667;SPRF-RJ;DEL07-RJ;UOP01-DEL07-RJ
632300;12/06/2024;quarta-feira;13:40:00;GO;80;137,7;BARRO ALTO;Transitar na contramão;Colisão frontal;Com Vítimas Fatais;Pleno dia;Decrescente;Céu Claro;Simples;"Curva;Aclive";Não;5;3;0;0;1;1;0;3;-14,93516508;-48,94786835;SPRF-GO;DEL07-GO;UOP02-DEL07-GO
632301;03/10/2024;quinta-feira;15:50:00;AL;104;72;MESSIAS;Velocidade Incompatível;Colisão traseira;Com Vítimas Feridas;Pleno dia;Decrescente;Céu Claro;Simples;"Declive;Reta";Não;6;0;0;2;4;0;2;3;-9,36295794;-35,84986962;SPRF-AL;DEL01-AL;UOP02-DEL01-AL
632304;21/09/2024;sábado;17:35:00;MS;267;147,1;NOVA ANDRADINA;Afundamento ou ondulação no pavimento;Colisão frontal;Com Vítimas Feridas;Pleno dia;Crescente;Chuva;Simples;Reta;Não;3;0;1;1;0;5;2;7;-21,65659582;-53,4462169;SPRF-MS;DEL02-MS;UOP03-DEL02-MS
632308;03/10/2024;quinta-feira;13:40:00;AC;364;93;SENADOR GUIOMARD;Ingestão de álcool pelo condutor;Colisão transversal;Com Vítimas Fatais;Pleno dia;Crescente;Sol;Simples;Reta;Não;5;1;0;0;2;2;0;4;-10,08373827;-67,53358513;SPRF-AC;DEL01-AC;UOP03-DEL01-AC
632309;03/10/2024;quinta-feira;17:00:00;PB;230;154,9;CAMPINA GRANDE;Acesso irregular;Colisão transversal;Com Vítimas Feridas;Anoitecer;Crescente;Nublado;Simples;"Em Obras;Reta";Sim;2;0;0;1;1;0;1;2;-7,276358;-35,901885;SPRF-PB;DEL02-PB;UOP01-DEL02-PB
632310;03/10/2024;quinta-feira;15:00:00;MG;262;792;UBERABA;Transitar na contramão;Colisão frontal;Com Vítimas Feridas;Pleno dia;Decrescente;Céu Claro;Simples;"Reta;Declive";Não;3;0;1;0;1;1;1;3;-19,76475021;-47,86860297;SPRF-MG;DEL13-MG;UOP01-DEL13-MG
632313;03/10/2024;quinta-feira;17:15:00;RN;406;145,9;CEARA-MIRIM;Acessar a via sem observar a presença dos outros veículos;Colisão transversal;Com Vítimas Fatais;Pleno dia;Crescente;Céu Claro;Simples;"Reta;Interseção de Vias";Não;2;1;0;0;1;0;0;2;-5,64738063;-35,45019595;SPRF-RN;DEL02-RN;UOP01-DEL02-RN
632315;03/10/2024;quinta-feira;17:35:00;BA;116;416,5;FEIRA DE SANTANA;Reação tardia ou ineficiente do condutor;Tombamento;Com Vítimas Fatais;Anoitecer;Decrescente;Céu Claro;Dupla;Reta;Sim;2;1;0;0;1;0;0;2;-12,168362;-38,964993;SPRF-BA;DEL02-BA;UOP01-DEL02-BA
632326;03/10/2024;quinta-feira;17:27:00;SP;116;348;MIRACATU;Velocidade Incompatível;Colisão com objeto;Com Vítimas Feridas;Plena Noite;Crescente;Garoa/Chuvisco;Dupla;Curva;Sim;2;0;1;0;0;2;1;3;-24,05143375;-47,20399492;SPRF-SP;DEL04-SP;UOP03-DEL04-SP
632327;03/10/2024;quinta-feira;15:45:00;PR;376;353;ORTIGUEIRA;Mal súbito do condutor;Colisão com objeto;Com Vítimas Feridas;Pleno dia;Decrescente;Céu Claro;Dupla;Reta;Não;2;0;1;0;0;1;1;2;-24,22825464;-50,9264617;SPRF-PR;DEL07-PR;UOP02-DEL07-PR
632334;03/10/2024;quinta-feira;19:00:00;PR;376;231;APUCARANA;Manobra de mudança de faixa;Colisão traseira;Com Vítimas Feridas;Anoitecer;Crescente;Céu Claro;Dupla;Retorno Regulamentado;Não;6;0;0;1;3;2;1;5;-23,568266;-51,512928;SPRF-PR;DEL07-PR;UOP03-DEL07-PR
632338;03/07/2024;quarta-feira;11:10:00;PI;135;244;ALVORADA DO GURGUEIA;Transitar na contramão;Colisão frontal;Com Vítimas Fatais;Pleno dia;Crescente;Céu Claro;Simples;Reta;Não;2;1;0;0;1;0;0;2;-8,32285592;-43,82194124;SPRF-PI;DEL03-PI;UOP02-DEL03-PI
632339;03/10/2024;quinta-feira;17:40:00;PR;369;500,4;CASCAVEL;Acessar a via sem observar a presença dos outros veículos;Saída de leito carroçável;Com Vítimas Feridas;Pleno dia;Decrescente;Céu Claro;Simples;Em Obras;Não;3;0;1;0;2;0;1;3;-24,905506;-53,373108;SPRF-PR;DEL04-PR;UOP01-DEL04-PR