id;data_inversa;dia_semana;horario;uf;br;km;municipio;causa_acidente;tipo_acidente;classificacao_acidente;fase_dia;sentido_via;condicao_metereologica;tipo_pista;tracado_via;uso_solo;pessoas;mortos;feridos_leves;feridos_graves;ilesos;ignorados;feridos;veiculos;latitude;longitude;regional;delegacia;uop
632349;03/10/2024;quinta-feira;19:50:00;GO;60;12;SANTO ANTONIO DO DESCOBERTO;Ausência de reação do condutor;Colisão traseira;Com Vítimas Feridas;Plena Noite;Decrescente;Céu Claro;Dupla;Reta;Não;3;0;1;0;2;0;1;2;-16,113817;-48,33959;SPRF-DF;DEL03-DF;UOP01-DEL03-DF
632351;03/10/2024;quinta-feira;18:11:00;MS;163;754;COXIM;Demais Fenômenos da natureza;Saída de leito carroçável;Sem Vítimas;Anoitecer;Crescente;Céu Claro;Simples;Reta;Não;2;0;0;0;1;1;0;2;-18,31126001;-54,66611943;SPRF-MS;DEL06-MS;UOP01-DEL06-MS
632355;03/10/2024;quinta-feira;20:00:00;GO;60;201,7;GUAPO;Velocidade Incompatível;Saída de leito carroçável;Sem Vítimas;Plena Noite;Crescente;Céu Claro;Dupla;"Declive;Curva";Não;1;0;0;0;1;0;0;1;-16,8958254;-49,6350503;SPRF-GO;DEL01-GO;UOP02-DEL01-GO
632359;03/10/2024;quinta-feira;15:20:00;SP;116;561;BARRA DO TURVO;Reação tardia ou ineficiente do condutor;Colisão com objeto;Com Vítimas Feridas;Pleno dia;Crescente;Chuva;Dupla;Curva;Não;4;0;2;0;1;1;2;3;-25,02045097;-48,51586004;SPRF-SP;DEL05-SP;UOP02-DEL05-SP
632361;03/10/2024;quinta-feira;16:45:00;MT;70;265;PRIMAVERA DO LESTE;Reação tardia ou ineficiente do condutor;Colisão transversal;Com Vítimas Feridas;Pleno dia;Crescente;Sol;Simples;Reta;Não;6;0;1;0;5;0;1;2;-15,561053;-54,192202;SPRF-MT;DEL05-MT;UOP01-DEL05-MT
632365;03/10/2024;quinta-feira;22:20:00;RS;470;168,2;VILA FLORES;Acessar a via sem observar a presença dos outros veículos;Colisão transversal;Sem Vítimas;Plena Noite;Decrescente;Céu Claro;Simples;"Reta;Declive";Sim;3;0;0;0;3;0;0;2;-28,85711814;-51,55698016;SPRF-RS;DEL06-RS;UOP02-DEL06-RS
632379;03/10/2024;quinta-feira;22:20:00;MG;116;605;SAO JOAO DO MANHUACU;Ingestão de álcool pelo condutor;Colisão transversal;Com Vítimas Feridas;Plena Noite;Crescente;Nublado;Simples;Reta;Não;3;0;1;0;1;2;1;4;-20,3699701;-42,14797234;SPRF-MG;DEL06-MG;UOP03-DEL06-MG
632387;04/10/2024;sexta-feira;02:30:00;TO;153;793;TALISMA;Reação tardia ou ineficiente do condutor;Tombamento;Com Vítimas Feridas;Plena Noite;Crescente;Céu Claro;Simples;Reta;Não;3;0;2;0;0;1;2;2;-12,75405104;-49,0845148;SPRF-TO;DEL01-TO;UOP02-DEL01-TO
632391;03/10/2024;quinta-feira;19:30:00;MT;242;621;NOVA UBIRATA;Transitar na contramão;Colisão frontal;Com Vítimas Feridas;Plena Noite;Decrescente;Céu Claro;Simples;Reta;Não;2;0;0;1;1;0;1;2;-13,35268684;-54,65164131;SPRF-MT;DEL06-MT;UOP01-DEL06-MT
632392;04/10/2024;sexta-feira;03:50:00;SC;101;1,3;GARUVA;Condutor Dormindo;Colisão traseira;Com Vítimas Feridas;Plena Noite;Crescente;Nublado;Múltipla;Curva;Não;4;0;1;0;2;2;1;5;-25,98895627;-48,88356133;SPRF-SC;DEL03-SC;UOP01-DEL03-SC
632396;04/10/2024;sexta-feira;05:20:00;TO;153;612,7;CRIXAS DO TOCANTINS;Transitar na contramão;Colisão frontal;Com Vítimas Fatais;Amanhecer;Decrescente;Ignorado;Simples;"Reta;Declive";Não;4;1;0;0;1;2;0;4;-11,21158302;-48,93132983;SPRF-TO;DEL01-TO;UOP02-DEL01-TO
632398;03/10/2024;quinta-feira;20:30:00;MA;222;292,6;VITORIA DO MEARIM;Ultrapassagem Indevida;Colisão traseira;Com Vítimas Fatais;Plena Noite;Crescente;Céu Claro;Dupla;Reta;Sim;5;2;0;1;1;1;1;3;-3,45872086;-44,87021019;SPRF-MA;DEL02-MA;UOP01-DEL02-MA
632402;04/10/2024;sexta-feira;06:45:00;MG;40;519,6;CONTAGEM;Reação tardia ou ineficiente do condutor;Colisão lateral mesmo sentido;Com Vítimas Feridas;Pleno dia;Decrescente;Sol;Dupla;Reta;Sim;3;0;1;0;1;1;1;3;-19,83957589;-44,07684485;SPRF-MG;DEL01-MG;UOP02-DEL01-MG
632403;03/10/2024;quinta-feira;18:30:00;MA;226;147,9;GOVERNADOR EUGENIO BARROS;Ingestão de álcool pelo condutor;Colisão frontal;Com Vítimas Fatais;Plena Noite;Crescente;Céu Claro;Simples;Curva;Não;4;2;0;0;1;1;0;3;-5,31581377;-44,03332888;SPRF-MA;DEL06-MA;UOP01-DEL06-MA
632416;04/10/2024;sexta-feira;03:30:00;SE;101;171;SANTA LUZIA DO ITANHY;Transitar na contramão;Colisão frontal;Sem Vítimas;Plena Noite;Decrescente;Céu Claro;Simples;Curva;Não;2;0;0;0;2;0;0;2;-11,33387805;-37,57638299;SPRF-SE;DEL02-SE;UOP01-DEL02-SE
632420;04/10/2024;sexta-feira;07:05:00;MT;163;770;SORRISO;Ultrapassagem Indevida;Colisão frontal;Com Vítimas Feridas;Pleno dia;Decrescente;Céu Claro;Simples;"Reta;Declive";Não;5;0;1;2;1;1;3;4;-12,4178;-55,6359;SPRF-MT;DEL06-MT;UOP01-DEL06-MT
632422;11/09/2024;quarta-feira;00:30:00;BA;242;660;MUQUEM DE SAO FRANCISCO;Velocidade Incompatível;Capotamento;Com Vítimas Feridas;Plena Noite;Decrescente;Céu Claro;Simples;"Curva;Declive";Não;2;0;0;1;1;0;1;1;-12,22983818;-43,83880575;SPRF-BA;DEL10-BA;UOP01-DEL10-BA
632425;04/10/2024;sexta-feira;00:00:00;MA;316;138,5;NOVA OLINDA DO MARANHAO;Demais falhas mecânicas ou elétricas;Incêndio;Sem Vítimas;Plena Noite;Decrescente;Ignorado;Simples;"Aclive;Reta";Não;2;0;0;0;1;1;0;2;-2,752618;-45,719137;SPRF-MA;DEL02-MA;UOP02-DEL02-MA
632428;04/10/2024;sexta-feira;06:15:00;MG;381;705;LAVRAS;Manobra de mudança de faixa;Colisão lateral mesmo sentido;Com Vítimas Feridas;Pleno dia;Crescente;Céu Claro;Dupla;Curva;Não;7;0;5;0;1;1;5;3;-21,34965018;-45,17946289;SPRF-MG;DEL04-MG;UOP02-DEL04-MG
632429;04/10/2024;sexta-feira;01:20:00;DF;60;30;BRASILIA;Demais falhas mecânicas ou elétricas;Incêndio;Sem Vítimas;Plena Noite;Crescente;Céu Claro;Dupla;Reta;Sim;1;0;0;0;0;1;0;1;-16,03854;-48,255955;SPRF-DF;DEL03-DF;UOP01-DEL03-DF
632438;04/10/2024;sexta-feira;06:10:00;PA;10;318;IRITUIA;Acessar a via sem observar a presença dos outros veículos;Colisão traseira;Com Vítimas Feridas;Amanhecer;Crescente;Céu Claro;Simples;"Reta;Declive";Não;3;0;2;0;1;0;2;3;-1,65093714;-47,49023165;SPRF-PA;DEL01-PA;UOP02-DEL01-PA
632440;04/10/2024;sexta-feira;05:57:00;GO;70;370;MONTES CLAROS DE GOIAS;Demais falhas mecânicas ou elétricas;Incêndio;Sem Vítimas;Plena Noite;Crescente;Céu Claro;Simples;Reta;Não;2;0;0;0;1;1;0;2;-15,87812996;-51,49772644;SPRF-GO;DEL04-GO;UOP02-DEL04-GO
632445;04/10/2024;sexta-feira;10:40:00;RJ;116;339;RESENDE;Condutor deixou de manter distância do veículo da frente;Colisão traseira;Com Vítimas Fatais;Pleno dia;Crescente;Nublado;Dupla;Reta;Não;3;1;0;0;1;1;0;3;-22,51171;-44,69431;SPRF-RJ;DEL07-RJ;UOP02-DEL07-RJ
632446;04/10/2024;sexta-feira;10:30:00;BA;324;598,7;SIMOES FILHO;Condutor Dormindo;Colisão lateral sentido oposto;Sem Vítimas;Pleno dia;Decrescente;Sol;Múltipla;Reta;Não;4;0;0;0;3;1;0;4;-12,749339;-38,432589;SPRF-BA;DEL01-BA;UOP01-DEL01-BA
632462;04/10/2024;sexta-feira;10:09:00;MS;163;533;JARAGUARI;Reação tardia ou ineficiente do condutor;Colisão traseira;Sem Vítimas;Pleno dia;Decrescente;Céu Claro;Simples;Reta;Não;3;0;0;0;2;1;0;3;-20,05079816;-54,41729465;SPRF-MS;DEL01-MS;UOP02-DEL01-MS
632463;03/10/2024;quinta-feira;12:00:00;MS;60;113,4;PARAISO DAS AGUAS;Ultrapassagem Indevida;Saída de leito carroçável;Sem Vítimas;Pleno dia;Crescente;Céu Claro;Simples;Reta;Não;1;0;0;0;1;0;0;1;-19,32752931;-53,32859895;SPRF-MS;DEL06-MS;UOP02-DEL06-MS
632465;04/10/2024;sexta-feira;11:15:00;RS;153;391,5;CACHOEIRA DO SUL;Condutor Dormindo;Engavetamento;Com Vítimas Feridas;Pleno dia;Decrescente;Céu Claro;Simples;Reta;Não;6;0;1;0;4;1;1;6;-29,916658;-52,97294079;SPRF-RS;DEL02-RS;UOP03-DEL02-RS
632466;04/10/2024;sexta-feira;11:40:00;PR;116;39,2;CAMPINA GRANDE DO SUL;Pista Escorregadia;Colisão com objeto;Com Vítimas Feridas;Pleno dia;Crescente;Chuva;Simples;Reta;Não;4;0;2;0;1;1;2;3;-25,156168;-48,8613401;SPRF-PR;DEL01-PR;UOP02-DEL01-PR
632468;04/10/2024;sexta-feira;11:40:00;GO;40;7,2;VALPARAISO DE GOIAS;Demais falhas mecânicas ou elétricas;Colisão com objeto;Sem Vítimas;Pleno dia;Crescente;Sol;Dupla;Reta;Sim;2;0;0;0;1;1;0;2;-16,108482;-47,972524;SPRF-DF;DEL01-DF;UOP01-DEL01-DF
632477;08/08/2024;quinta-feira;14:30:00;GO;153;39;PORANGATU;Reação tardia ou ineficiente do condutor;Colisão traseira;Com Vítimas Feridas;Pleno dia;Decrescente;Céu Claro;Simples;Declive;Não;4;0;2;0;1;5;2;8;-13,160282;-49,178574;SPRF-GO;DEL07-GO;UOP01-DEL07-GO
632480;02/09/2024;segunda-feira;15:45:00;SP;116;221;GUARULHOS;Reação tardia ou ineficiente do condutor;Colisão lateral mesmo sentido;Com Vítimas Feridas;Pleno dia;Decrescente;Céu Claro;Múltipla;Reta;Sim;3;0;1;0;1;1;1;3;-23,46802395;-46,50704901;SPRF-SP;DEL01-SP;UOP01-DEL01-SP
632481;04/10/2024;sexta-feira;14:05:00;PA;316;13;MARITUBA;Trafegar com motocicleta (ou similar) entre as faixas;Colisão lateral mesmo sentido;Com Vítimas Feridas;Pleno dia;Decrescente;Céu Claro;Dupla;Reta;Sim;2;0;0;1;0;1;1;2;-1,36593798;-48,33188399;SPRF-PA;DEL01-PA;UOP01-DEL01-PA
632482;04/10/2024;sexta-feira;13:30:00;BA;116;416;FEIRA DE SANTANA;Ultrapassagem Indevida;Colisão lateral mesmo sentido;Com Vítimas Feridas;Pleno dia;Crescente;Céu Claro;Dupla;Reta;Sim;4;0;2;0;1;1;2;3;-12,168362;-38,964993;SPRF-BA;DEL02-BA;UOP01-DEL02-BA
632484;04/10/2024;sexta-feira;13:00:00;SP;116;504;CAJATI;Velocidade Incompatível;Colisão com objeto;Com Vítimas Feridas;Pleno dia;Crescente;Céu Claro;Múltipla;Reta;Não;2;0;1;0;0;1;1;2;-24,78266496;-48,20865858;SPRF-SP;DEL05-SP;UOP02-DEL05-SP
632486;25/08/2024;domingo;17:00:00;PA;316;30;SANTA IZABEL DO PARA;Manobra de mudança de faixa;Colisão lateral mesmo sentido;Com Vítimas Feridas;Pleno dia;Decrescente;Céu Claro;Dupla;Reta;Não;4;0;2;0;1;2;2;4;-1,30604012;-48,20471397;SPRF-PA;DEL01-PA;UOP01-DEL01-PA
632487;04/10/2024;sexta-feira;06:00:00;SP;381;75;SAO PAULO;Acumulo de água sobre o pavimento;Colisão com objeto;Com Vítimas Feridas;Pleno dia;Crescente;Chuva;Dupla;Curva;Não;3;0;2;0;1;0;2;2;-23,37660089;-46,56409613;SPRF-SP;DEL03-SP;UOP01-DEL03-SP
632490;04/10/2024;sexta-feira;13:50:00;PR;277;630;CEU AZUL;Ultrapassagem Indevida;Colisão lateral sentido oposto;Sem Vítimas;Pleno dia;Decrescente;Céu Claro;Simples;Reta;Não;2;0;0;0;2;0;0;2;-25,1136031;-53,79333789;SPRF-PR;DEL05-PR;UOP02-DEL05-PR
632494;04/10/2024;sexta-feira;14:15:00;PR;476;287,2;SAO MATEUS DO SUL;Mal súbito do condutor;Colisão lateral sentido oposto;Com Vítimas Feridas;Pleno dia;Crescente;Nublado;Simples;"Reta;Declive";Não;6;0;3;0;2;1;3;4;-25,92116;-50,455887;SPRF-PR;DEL02-PR;UOP03-DEL02-PR
632506;25/09/2024;quarta-feira;02:00:00;MA;316;251,2;PINDARE-MIRIM;Condutor Dormindo;Saída de leito carroçável;Com Vítimas Feridas;Plena Noite;Crescente;Céu Claro;Simples;"Reta;Ponte";Não;1;0;1;0;0;0;1;1;-3,658762;-45,468246;SPRF-MA;DEL02-MA;UOP01-DEL02-MA
632507;04/10/2024;sexta-feira;16:00:00;RJ;116;181;NOVA IGUACU;Ausência de reação do condutor;Colisão lateral mesmo sentido;Com Vítimas Feridas;Pleno dia;Crescente;Chuva;Dupla;Reta;Sim;4;0;0;1;2;1;1;3;-22,761312;-43,423492;SPRF-RJ;DEL06-RJ;UOP01-DEL06-RJ
632508;04/10/2024;sexta-feira;15:50:00;MG;381;570,5;ITAGUARA;Ausência de reação do condutor;Saída de leito carroçável;Com Vítimas Feridas;Pleno dia;Crescente;Céu Claro;Dupla;Reta;Não;1;0;1;0;0;0;1;1;-20,42077313;-44,53414321;SPRF-MG;DEL04-MG;UOP03-DEL04-MG
632510;04/10/2024;sexta-feira;15:40:00;MG;381;945,2;EXTREMA;Condutor deixou de manter distância do veículo da frente;Colisão traseira;Com Vítimas Feridas;Pleno dia;Decrescente;Céu Claro;Dupla;Reta;Não;3;0;1;0;1;1;1;3;-22,87479042;-46,36655782;SPRF-MG;DEL16-MG;UOP03-DEL16-MG
632513;04/10/2024;sexta-feira;16:35:00;GO;60;390;RIO VERDE;Ausência de reação do condutor;Colisão traseira;Com Vítimas Feridas;Pleno dia;Decrescente;Sol;Dupla;"Aclive;Retorno Regulamentado;Curva";Sim;3;0;1;0;1;3;1;5;-17,8269203;-50,97802162;SPRF-GO;DEL04-GO;UOP02-DEL04-GO
632514;04/10/2024;sexta-feira;16:40:00;PE;232;7,6;RECIFE;Ausência de reação do condutor;Colisão traseira;Com Vítimas Feridas;Pleno dia;Decrescente;Nublado;Dupla;Reta;Não;3;0;0;1;1;1;1;3;-8,075271;-34,966922;SPRF-PE;DEL01-PE;UOP01-DEL01-PE
632521;22/09/2024;domingo;07:40:00;SC;116;96,5;MONTE CASTELO;Condutor Dormindo;Saída de leito carroçável;Com Vítimas Feridas;Pleno dia;Decrescente;Céu Claro;Simples;Curva;Não;2;0;0;1;0;1;1;2;-26,67989297;-50,29106905;SPRF-SC;DEL06-SC;UOP02-DEL06-SC
632524;04/10/2024;sexta-feira;14:45:00;MT;163;16,8;ITIQUIRA;Condutor Dormindo;Saída de leito carroçável;Com Vítimas Feridas;Pleno dia;Crescente;Céu Claro;Dupla;"Declive;Reta";Sim;2;0;1;0;0;12;1;13;-17,36873631;-54,75627336;SPRF-MT;DEL02-MT;UOP03-DEL02-MT
632525;04/10/2024;sexta-feira;15:15:00;MT;70;521;VARZEA GRANDE;Ausência de reação do condutor;Colisão transversal;Com Vítimas Feridas;Pleno dia;Crescente;Céu Claro;Simples;Reta;Sim;3;0;1;1;1;0;2;2;-15,66304018;-56,18442535;SPRF-MT;DEL01-MT;UOP02-DEL01-MT
632527;04/10/2024;sexta-feira;17:00:00;BA;324;547;AMELIA RODRIGUES;Condutor deixou de manter distância do veículo da frente;Engavetamento;Com Vítimas Feridas;Anoitecer;Decrescente;Céu Claro;Dupla;Reta;Não;4;0;1;0;3;0;1;4;-12,42109386;-38,74516692;SPRF-BA;DEL01-BA;UOP03-DEL01-BA
632529;04/10/2024;sexta-feira;15:45:00;BA;101;933;MUCURI;Condutor deixou de manter distância do veículo da frente;Engavetamento;Com Vítimas Feridas;Pleno dia;Crescente;Céu Claro;Dupla;Reta;Sim;6;0;2;0;4;0;2;4;-18,16840196;-39,91873914;SPRF-BA;DEL09-BA;UOP02-DEL09-BA
632541;04/10/2024;sexta-feira;18:20:00;RS;392;102,3;MORRO REDONDO;Ultrapassagem Indevida;Colisão lateral mesmo sentido;Com Vítimas Feridas;Anoitecer;Decrescente;Nublado;Simples;"Reta;Declive";Não;5;0;1;0;3;1;1;3;-31,52321383;-52,59145883;SPRF-RS;DEL07-RS;UOP01-DEL07-RS
632550;04/10/2024;sexta-feira;15:00:00;MT;163;531,9;DIAMANTINO;Ultrapassagem Indevida;Engavetamento;Com Vítimas Feridas;Pleno dia;Decrescente;Céu Claro;Dupla;Aclive;Não;5;0;0;1;2;2;1;5;-14,45125632;-56,13530173;SPRF-MT;DEL01-MT;UOP01-DEL01-MT
632553;04/10/2024;sexta-feira;14:30:00;MG;153;136;PRATA;Velocidade Incompatível;Colisão traseira;Com Vítimas Feridas;Pleno dia;Decrescente;Céu Claro;Simples;Reta;Não;3;0;0;1;1;1;1;3;-19,529418;-48,83129902;SPRF-MG;DEL15-MG;UOP03-DEL15-MG
632559;04/10/2024;sexta-feira;18:40:00;PA;10;21;DOM ELISEU;Conversão proibida;Colisão com objeto;Com Vítimas Feridas;Plena Noite;Decrescente;Céu Claro;Simples;Reta;Não;4;0;0;1;0;4;1;5;-4,26636302;-47,56070012;SPRF-PA;DEL02-PA;UOP02-DEL02-PA
632570;04/10/2024;sexta-feira;19:15:00;RJ;101;433;MANGARATIBA;Iluminação deficiente;Atropelamento de Pedestre;Com Vítimas Feridas;Plena Noite;Decrescente;Chuva;Simples;"Reta;Ponte";Sim;2;0;1;0;1;0;1;2;-22,93842518;-44,03644001;SPRF-RJ;DEL03-RJ;UOP02-DEL03-RJ
632573;04/10/2024;sexta-feira;20:10:00;PR;116;120;CURITIBA;Condutor deixou de manter distância do veículo da frente;Colisão traseira;Sem Vítimas;Plena Noite;Crescente;Céu Claro;Dupla;Reta;Sim;3;0;0;0;3;0;0;2;-25,591924;-49,315536;SPRF-PR;DEL01-PR;UOP03-DEL01-PR
632592;04/10/2024;sexta-feira;20:55:00;GO;153;509,1;APARECIDA DE GOIANIA;Estacionar ou parar em local proibido;Colisão traseira;Com Vítimas Fatais;Plena Noite;Crescente;Céu Claro;Dupla;Aclive;Sim;2;1;0;0;1;0;0;2;-16,7888;-49,2379;SPRF-GO;DEL01-GO;UOP03-DEL01-GO
632594;04/10/2024;sexta-feira;19:30:00;MA;135;2;SAO LUIS;Reação tardia ou ineficiente do condutor;Colisão traseira;Com Vítimas Feridas;Plena Noite;Decrescente;Céu Claro;Dupla;Reta;Sim;2;0;0;1;1;0;1;2;-2,53073;-44,3068;SPRF-MA;DEL01-MA;UOP01-DEL01-MA
632596;04/10/2024;sexta-feira;20:20:00;MG;251;391;GRAO MOGOL;Demais falhas mecânicas ou elétricas;Incêndio;Sem Vítimas;Plena Noite;Decrescente;Céu Claro;Simples;Reta;Não;2;0;0;0;1;1;0;2;-16,23528181;-42,8503017;SPRF-MG;DEL12-MG;UOP01-DEL12-MG
632597;04/10/2024;sexta-feira;20:15:00;MG;365;371;PATOS DE MINAS;Ausência de reação do condutor;Saída de leito carroçável;Com Vítimas Feridas;Plena Noite;Decrescente;Ignorado;Simples;Reta;Não;1;0;1;0;0;0;1;1;-18,51644123;-46,13976055;SPRF-MG;DEL10-MG;UOP01-DEL10-MG
632598;04/10/2024;sexta-feira;22:00:00;RS;285;568,5;SAO LUIZ GONZAGA;Desrespeitar a preferência no cruzamento;Colisão transversal;Com Vítimas Feridas;Plena Noite;Decrescente;Céu Claro;Simples;"Interseção de Vias;Rotatória";Sim;3;0;0;1;1;1;1;3;-28,414005;-54,976131;SPRF-RS;DEL12-RS;UOP01-DEL12-RS
632599;04/10/2024;sexta-feira;21:30:00;SP;116;231;SAO PAULO;Reação tardia ou ineficiente do condutor;Colisão lateral mesmo sentido;Com Vítimas Feridas;Plena Noite;Crescente;Ignorado;Dupla;Reta;Sim;3;0;0;1;1;1;1;3;-23,5290581;-46,59398303;SPRF-SP;DEL01-SP;UOP01-DEL01-SP
632602;04/10/2024;sexta-feira;22:07:00;ES;262;159;IBATIBA;Condutor desrespeitou a iluminação vermelha do semáforo;Colisão transversal;Com Vítimas Feridas;Plena Noite;Crescente;Garoa/Chuvisco;Simples;"Reta;Retorno Regulamentado;Rotatória";Sim;2;0;0;1;1;0;1;2;-20,23362208;-41,5053348;SPRF-ES;DEL01-ES;UOP02-DEL01-ES
632610;04/10/2024;sexta-feira;17:00:00;BA;101;623;MASCOTE;Velocidade Incompatível;Colisão traseira;Com Vítimas Fatais;Pleno dia;Decrescente;Céu Claro;Simples;"Aclive;Reta";Não;2;1;0;0;1;0;0;2;-15,858785;-39,520394;SPRF-BA;DEL05-BA;UOP02-DEL05-BA
632612;04/10/2024;sexta-feira;22:50:00;SP;381;61;MAIRIPORA;Condutor deixou de manter distância do veículo da frente;Colisão traseira;Com Vítimas Feridas;Plena Noite;Decrescente;Céu Claro;Múltipla;Curva;Não;2;0;1;0;1;0;1;2;-23,29011611;-46,5800681;SPRF-SP;DEL03-SP;UOP01-DEL03-SP
632629;04/10/2024;sexta-feira;22:45:00;SC;101;45,1;JOINVILLE;Reação tardia ou ineficiente do condutor;Colisão lateral mesmo sentido;Com Vítimas Feridas;Plena Noite;Crescente;Céu Claro;Dupla;"Reta;Aclive";Não;3;0;1;0;1;1;1;3;-26,32214492;-48,8689509;SPRF-SC;DEL03-SC;UOP01-DEL03-SC
632631;04/10/2024;sexta-feira;23:00:00;AL;316;259;PILAR;Velocidade Incompatível;Colisão traseira;Com Vítimas Feridas;Plena Noite;Crescente;Céu Claro;Simples;Reta;Não;2;0;0;1;0;1;1;2;-9,5916564;-35,914033;SPRF-AL;DEL02-AL;UOP01-DEL02-AL
632632;04/10/2024;sexta-feira;23:00:00;SC;101;430;SOMBRIO;Reação tardia ou ineficiente do condutor;Colisão traseira;Com Vítimas Feridas;Plena Noite;Decrescente;Ignorado;Dupla;Reta;Não;3;0;0;1;1;1;1;3;-29,05578387;-49,62209542;SPRF-SC;DEL02-SC;UOP02-DEL02-SC
632633;04/10/2024;sexta-feira;23:40:00;BA;110;124;ANTAS;Ausência de reação do condutor;Colisão traseira;Com Vítimas Feridas;Plena Noite;Crescente;Céu Claro;Simples;"Curva;Declive";Não;2;0;1;0;1;0;1;2;-10,48937097;-38,38406144;SPRF-BA;DEL07-BA;UOP02-DEL07-BA
632635;04/10/2024;sexta-feira;22:00:00;CE;116;67,6;CHOROZINHO;Condutor deixou de manter distância do veículo da frente;Colisão traseira;Sem Vítimas;Plena Noite;Decrescente;Céu Claro;Simples;"Reta;Declive";Não;3;0;0;0;2;2;0;4;-4,3061949;-38,50142278;SPRF-CE;DEL03-CE;UOP02-DEL03-CE
632641;05/10/2024;sábado;01:45:00;PE;101;51,5;PAULISTA;Velocidade Incompatível;Tombamento;Com Vítimas Feridas;Plena Noite;Decrescente;Céu Claro;Dupla;"Viaduto;Declive;Curva";Sim;2;0;0;1;0;1;1;2;-7,92149138;-34,89217043;SPRF-PE;DEL01-PE;UOP02-DEL01-PE
632642;05/10/2024;sábado;01:05:00;MT;364;349,8;SANTO ANTONIO DO LEVERGER;Problema com o freio;Tombamento;Com Vítimas Feridas;Plena Noite;Crescente;Céu Claro;Dupla;"Curva;Declive";Não;2;0;0;1;0;2;1;3;-15,79296477;-55,58119345;SPRF-MT;DEL05-MT;UOP02-DEL05-MT
632649;05/10/2024;sábado;04:45:00;PR;376;221;JANDAIA DO SUL;Demais falhas mecânicas ou elétricas;Incêndio;Sem Vítimas;Amanhecer;Crescente;Céu Claro;Dupla;Curva;Sim;1;0;0;0;1;0;0;1;-23,60010259;-51,58966138;SPRF-PR;DEL09-PR;UOP01-DEL09-PR
632654;05/10/2024;sábado;04:10:00;MG;50;5,4;ARAGUARI;Reação tardia ou ineficiente do condutor;Colisão com objeto;Com Vítimas Feridas;Plena Noite;Crescente;Céu Claro;Dupla;Declive;Não;2;0;1;0;0;1;1;2;-18,46209617;-48,04941261;SPRF-MG;DEL15-MG;UOP02-DEL15-MG
632656;05/10/2024;sábado;05:20:00;SP;116;276,9;EMBU DAS ARTES;Condutor Dormindo;Colisão traseira;Sem Vítimas;Amanhecer;Decrescente;Garoa/Chuvisco;Dupla;Reta;Sim;2;0;0;0;2;0;0;2;-23,64262417;-46,83811382;SPRF-SP;DEL04-SP;UOP01-DEL04-SP
632661;04/10/2024;sexta-feira;21:10:00;MG;40;134,2;JOAO PINHEIRO;Transitar na contramão;Tombamento;Com Vítimas Fatais;Plena Noite;Crescente;Céu Claro;Simples;Reta;Não;4;2;0;0;1;2;0;4;-17,71751498;-46,25002099;SPRF-MG;DEL14-MG;UOP01-DEL14-MG
632672;05/10/2024;sábado;04:40:00;RJ;40;113;DUQUE DE CAXIAS;Ingestão de álcool pelo condutor;Colisão traseira;Com Vítimas Feridas;Plena Noite;Crescente;Ignorado;Dupla;Curva;Sim;3;0;2;0;0;1;2;2;-22,70948502;-43,29040354;SPRF-RJ;DEL01-RJ;UOP02-DEL01-RJ
632673;05/10/2024;sábado;03:30:00;BA;242;227;ITABERABA;Suicídio (presumido);Atropelamento de Pedestre;Com Vítimas Fatais;Plena Noite;Crescente;Céu Claro;Simples;Reta;Sim;3;1;0;0;1;2;0;4;-12,51259728;-40,29557913;SPRF-BA;DEL06-BA;UOP02-DEL06-BA
632675;05/10/2024;sábado;05:40:00;MT;364;604,4;DIAMANTINO;Pista Escorregadia;Saída de leito carroçável;Com Vítimas Feridas;Amanhecer;Crescente;Garoa/Chuvisco;Simples;"Curva;Declive";Não;4;0;2;0;1;3;2;5;-14,48029884;-56,23795488;SPRF-MT;DEL01-MT;UOP01-DEL01-MT
632676;05/10/2024;sábado;07:20:00;SC;101;193,2;BIGUACU;Acessar a via sem observar a presença dos outros veículos;Colisão traseira;Com Vítimas Feridas;Pleno dia;Crescente;Céu Claro;Múltipla;Reta;Sim;2;0;1;0;1;0;1;2;-27,489574;-48,655914;SPRF-SC;DEL01-SC;UOP01-DEL01-SC
632678;05/10/2024;sábado;07:31:00;PR;116;128;FAZENDA RIO GRANDE;Acessar a via sem observar a presença dos outros veículos;Colisão transversal;Com Vítimas Feridas;Pleno dia;Decrescente;Nublado;Simples;Reta;Sim;3;0;1;0;2;0;1;3;-25,65648;-49,311747;SPRF-PR;DEL01-PR;UOP03-DEL01-PR
632679;11/09/2024;quarta-feira;10:50:00;SC;470;3,9;NAVEGANTES;Ausência de reação do condutor;Colisão traseira;Com Vítimas Feridas;Pleno dia;Decrescente;Céu Claro;Dupla;"Em Obras;Rotatória;Reta";Sim;3;0;0;2;1;0;2;2;-26,861937;-48,681618;SPRF-SC;DEL04-SC;UOP04-DEL04-SC
632681;05/10/2024;sábado;01:30:00;RJ;40;84;PETROPOLIS;Reação tardia ou ineficiente do condutor;Colisão traseira;Com Vítimas Feridas;Anoitecer;Crescente;Chuva;Simples;Reta;Não;4;0;3;0;1;0;3;2;-22,52145512;-43,23707996;SPRF-RJ;DEL01-RJ;UOP01-DEL01-RJ
632688;05/10/2024;sábado;06:40:00;MG;262;508,2;LUZ;Velocidade Incompatível;Tombamento;Com Vítimas Feridas;Amanhecer;Decrescente;Céu Claro;Simples;Curva;Não;2;0;0;1;0;1;1;2;-19,78132285;-45,54365158;SPRF-MG;DEL08-MG;UOP03-DEL08-MG