id;data_inversa;dia_semana;horario;uf;br;km;municipio;causa_acidente;tipo_acidente;classificacao_acidente;fase_dia;sentido_via;condicao_metereologica;tipo_pista;tracado_via;uso_solo;pessoas;mortos;feridos_leves;feridos_graves;ilesos;ignorados;feridos;veiculos;latitude;longitude;regional;delegacia;uop
632695;05/10/2024;sábado;05:30:00;AM;174;982;PRESIDENTE FIGUEIREDO;Condutor Dormindo;Tombamento;Com Vítimas Feridas;Pleno dia;Crescente;Céu Claro;Simples;Curva;Não;2;0;1;0;0;1;1;2;-2,12045208;-59,99420138;SPRF-AM;DEL01-AM;UOP02-DEL01-AM
632710;05/10/2024;sábado;06:00:00;BA;101;283;LAJE;Ausência de reação do condutor;Saída de leito carroçável;Com Vítimas Feridas;Amanhecer;Crescente;Céu Claro;Simples;Reta;Não;1;0;1;0;0;0;1;1;-13,25171307;-39,32329328;SPRF-BA;DEL01-BA;UOP02-DEL01-BA
632712;05/10/2024;sábado;09:15:00;MG;262;103;ABRE CAMPO;Manobra de mudança de faixa;Atropelamento de Pedestre;Com Vítimas Feridas;Pleno dia;Decrescente;Nublado;Simples;"Curva;Declive";Não;4;0;1;0;1;2;1;3;-20,28798201;-42,53964899;SPRF-MG;DEL03-MG;UOP03-DEL03-MG
632716;05/10/2024;sábado;10:50:00;SP;116;300;SAO LOURENCO DA SERRA;Carga excessiva e/ou mal acondicionada;Tombamento;Com Vítimas Feridas;Pleno dia;Crescente;Céu Claro;Dupla;Reta;Sim;2;0;1;0;0;1;1;2;-23,80425272;-46,92143625;SPRF-SP;DEL04-SP;UOP01-DEL04-SP
632718;05/10/2024;sábado;12:00:00;RJ;116;202;QUEIMADOS;Carga excessiva e/ou mal acondicionada;Eventos atípicos;Com Vítimas Feridas;Pleno dia;Crescente;Nublado;Dupla;Curva;Não;2;0;1;0;1;0;1;2;-22,72996588;-43,61317403;SPRF-RJ;DEL06-RJ;UOP02-DEL06-RJ
632731;05/10/2024;sábado;13:20:00;PR;376;663,5;GUARATUBA;Reação tardia ou ineficiente do condutor;Saída de leito carroçável;Com Vítimas Feridas;Pleno dia;Decrescente;Céu Claro;Dupla;"Reta;Aclive";Não;2;0;1;0;0;1;1;2;-25,85276631;-48,97556799;SPRF-PR;DEL01-PR;UOP04-DEL01-PR
632735;05/10/2024;sábado;14:09:00;PR;376;671,5;GUARATUBA;Problema com o freio;Saída de leito carroçável;Com Vítimas Feridas;Pleno dia;Crescente;Nublado;Dupla;Declive;Não;2;0;1;0;0;1;1;2;-25,89483092;-48,93091142;SPRF-PR;DEL01-PR;UOP04-DEL01-PR
632736;05/10/2024;sábado;14:00:00;MG;251;376;GRAO MOGOL;Suicídio (presumido);Atropelamento de Pedestre;Com Vítimas Fatais;Pleno dia;Crescente;Céu Claro;Simples;Reta;Sim;3;1;0;0;1;1;0;3;-16,2987657;-42,73773199;SPRF-MG;DEL12-MG;UOP01-DEL12-MG
632744;05/10/2024;sábado;13:15:00;PR;280;293;FLOR DA SERRA DO SUL;Desrespeitar a preferência no cruzamento;Colisão transversal;Com Vítimas Feridas;Pleno dia;Crescente;Céu Claro;Simples;Rotatória;Não;3;0;0;2;1;0;2;2;-26,25026574;-53,33540044;SPRF-PR;DEL02-PR;UOP01-DEL02-PR
632753;05/10/2024;sábado;15:15:00;MG;251;448;GRAO MOGOL;Condutor Dormindo;Colisão frontal;Com Vítimas Feridas;Pleno dia;Crescente;Sol;Simples;"Reta;Declive";Não;4;0;0;1;2;2;1;4;-16,427109;-43,28385402;SPRF-MG;DEL12-MG;UOP01-DEL12-MG
632754;05/10/2024;sábado;15:50:00;PR;277;12;PARANAGUA;Acessar a via sem observar a presença dos outros veículos;Colisão transversal;Com Vítimas Fatais;Pleno dia;Decrescente;Céu Claro;Dupla;Retorno Regulamentado;Não;6;1;3;0;1;1;3;3;-25,56284358;-48,63867092;SPRF-PR;DEL01-PR;UOP05-DEL01-PR
632766;05/10/2024;sábado;12:40:00;PB;230;475;MARIZOPOLIS;Afundamento ou ondulação no pavimento;Tombamento;Com Vítimas Feridas;Pleno dia;Crescente;Céu Claro;Simples;Reta;Não;1;0;0;1;0;0;1;1;-6,8206;-38,3139;SPRF-PB;DEL03-PB;UOP03-DEL03-PB
632774;05/10/2024;sábado;16:30:00;PI;343;347;TERESINA;Ultrapassagem Indevida;Colisão lateral mesmo sentido;Sem Vítimas;Pleno dia;Crescente;Céu Claro;Simples;"Reta;Em Obras;Ponte";Sim;2;0;0;0;2;0;0;2;-5,114822;-42,778355;SPRF-PI;DEL01-PI;UOP01-DEL01-PI
632782;05/10/2024;sábado;07:52:00;MT;163;68,8;RONDONOPOLIS;Demais Fenômenos da natureza;Incêndio;Sem Vítimas;Pleno dia;Decrescente;Céu Claro;Dupla;Reta;Não;2;0;0;0;1;1;0;2;-16,91932713;-54,72765061;SPRF-MT;DEL02-MT;UOP03-DEL02-MT
632791;05/10/2024;sábado;18:00:00;CE;116;215;TABULEIRO DO NORTE;Carga excessiva e/ou mal acondicionada;Incêndio;Sem Vítimas;Plena Noite;Crescente;Céu Claro;Simples;Curva;Não;2;0;0;0;1;2;0;3;-5,2977967;-38,17445305;SPRF-CE;DEL03-CE;UOP01-DEL03-CE
632794;05/10/2024;sábado;18:31:00;MA;135;2;SAO LUIS;Manobra de mudança de faixa;Colisão transversal;Com Vítimas Feridas;Anoitecer;Decrescente;Céu Claro;Dupla;Declive;Não;3;0;1;0;1;2;1;4;-2,59806699;-44,24573511;SPRF-MA;DEL01-MA;UOP01-DEL01-MA
632796;05/10/2024;sábado;11:30:00;MG;381;681;PERDOES;Mal súbito do condutor;Tombamento;Com Vítimas Feridas;Pleno dia;Decrescente;Sol;Dupla;Reta;Não;2;0;1;0;0;1;1;2;-21,16168571;-45,12045619;SPRF-MG;DEL04-MG;UOP02-DEL04-MG
632798;05/10/2024;sábado;18:40:00;MG;116;469,9;TARUMIRIM;Transitar na contramão;Colisão frontal;Com Vítimas Fatais;Plena Noite;Crescente;Nublado;Simples;"Reta;Declive";Não;3;1;0;0;1;1;0;3;-19,31016755;-42,0786674;SPRF-MG;DEL06-MG;UOP02-DEL06-MG
632802;05/10/2024;sábado;16:00:00;PA;163;405,2;ITAITUBA;Velocidade Incompatível;Tombamento;Com Vítimas Feridas;Pleno dia;Crescente;Garoa/Chuvisco;Simples;Reta;Não;2;0;1;0;0;2;1;3;-6,25978751;-55,60634337;SPRF-PA;DEL05-PA;UOP03-DEL05-PA
632824;05/10/2024;sábado;19:50:00;MG;365;784;ITUIUTABA;Ausência de reação do condutor;Colisão lateral sentido oposto;Com Vítimas Feridas;Plena Noite;Crescente;Céu Claro;Simples;Reta;Não;2;0;1;0;1;0;1;2;-18,95000435;-49,76055718;SPRF-MG;DEL15-MG;UOP03-DEL15-MG
632830;05/10/2024;sábado;21:10:00;PR;376;681,2;GUARATUBA;Demais falhas mecânicas ou elétricas;Incêndio;Sem Vítimas;Plena Noite;Crescente;Céu Claro;Dupla;Reta;Não;2;0;0;0;1;1;0;2;-25,96596616;-48,89663319;SPRF-PR;DEL01-PR;UOP04-DEL01-PR
632840;03/10/2024;quinta-feira;22:00:00;RO;364;404,2;OURO PRETO DO OESTE;Problema com o freio;Incêndio;Sem Vítimas;Plena Noite;Crescente;Céu Claro;Simples;Reta;Não;2;0;0;0;1;1;0;2;-10,57604201;-62,36609702;SPRF-RO;DEL03-RO;UOP02-DEL03-RO
632846;05/10/2024;sábado;20:00:00;PA;230;724;MEDICILANDIA;Ausência de reação do condutor;Colisão frontal;Com Vítimas Fatais;Plena Noite;Crescente;Céu Claro;Simples;Curva;Não;2;1;0;0;1;0;0;2;-3,39205302;-52,72256698;SPRF-PA;DEL04-PA;UOP01-DEL04-PA
632849;05/10/2024;sábado;16:40:00;MS;262;558;MIRANDA;Reação tardia ou ineficiente do condutor;Colisão traseira;Sem Vítimas;Pleno dia;Crescente;Céu Claro;Dupla;"Reta;Rotatória";Não;2;0;0;0;2;0;0;2;-20,234459;-56,375786;SPRF-MS;DEL03-MS;UOP02-DEL03-MS
632851;05/10/2024;sábado;19:50:00;MA;316;279,7;BELA VISTA DO MARANHAO;Reação tardia ou ineficiente do condutor;Colisão traseira;Sem Vítimas;Plena Noite;Crescente;Céu Claro;Simples;Reta;Não;4;0;0;0;2;2;0;3;-3,743088;-45,247379;SPRF-MA;DEL02-MA;UOP01-DEL02-MA
632869;05/10/2024;sábado;23:15:00;PR;277;2;PARANAGUA;Reação tardia ou ineficiente do condutor;Colisão frontal;Sem Vítimas;Plena Noite;Decrescente;Nublado;Simples;Reta;Sim;3;0;0;0;2;1;0;3;-25,53424;-48,553044;SPRF-PR;DEL01-PR;UOP05-DEL01-PR
632880;06/10/2024;domingo;00:05:00;PR;476;144,7;CURITIBA;Velocidade Incompatível;Saída de leito carroçável;Com Vítimas Fatais;Plena Noite;Decrescente;Céu Claro;Dupla;"Reta;Declive";Sim;4;1;0;0;2;5;0;8;-25,54658168;-49,31854075;SPRF-PR;DEL01-PR;UOP06-DEL01-PR
632884;05/10/2024;sábado;21:30:00;MG;116;114,5;ITAOBIM;Pedestre andava na pista;Atropelamento de Pedestre;Com Vítimas Feridas;Plena Noite;Crescente;Nublado;Simples;Aclive;Sim;3;0;1;0;1;1;1;3;-16,54781518;-41,50243329;SPRF-MG;DEL11-MG;UOP02-DEL11-MG
632906;05/10/2024;sábado;21:30:00;SC;282;338;CAMPOS NOVOS;Ausência de reação do condutor;Colisão frontal;Com Vítimas Feridas;Plena Noite;Decrescente;Nublado;Simples;Curva;Sim;3;0;0;1;1;1;1;3;-27,394457;-51,185211;SPRF-SC;DEL07-SC;UOP06-DEL07-SC
632935;06/10/2024;domingo;08:00:00;MG;381;802,5;SAO GONCALO DO SAPUCAI;Demais falhas mecânicas ou elétricas;Tombamento;Sem Vítimas;Pleno dia;Decrescente;Céu Claro;Dupla;Reta;Não;2;0;0;0;1;1;0;2;-21,98685449;-45,65711903;SPRF-MG;DEL16-MG;UOP02-DEL16-MG
632939;31/07/2024;quarta-feira;12:48:00;SC;280;159;MAFRA;Ausência de reação do condutor;Queda de ocupante de veículo;Com Vítimas Feridas;Pleno dia;Crescente;Céu Claro;Simples;Reta;Não;1;0;0;1;0;0;1;1;-26,20208315;-49,76143098;SPRF-SC;DEL06-SC;UOP03-DEL06-SC
632945;04/10/2024;sexta-feira;23:00:00;MG;116;45;PEDRA AZUL;Ausência de reação do condutor;Saída de leito carroçável;Com Vítimas Feridas;Plena Noite;Decrescente;Céu Claro;Simples;Reta;Não;1;0;1;0;0;0;1;1;-16,0217309;-41,42126232;SPRF-MG;DEL11-MG;UOP02-DEL11-MG
632947;06/10/2024;domingo;09:20:00;SC;101;335,9;TUBARAO;Manobra de mudança de faixa;Colisão lateral mesmo sentido;Com Vítimas Feridas;Pleno dia;Crescente;Céu Claro;Múltipla;Curva;Sim;3;0;0;1;1;1;1;3;-28,46927473;-49,01557908;SPRF-SC;DEL02-SC;UOP01-DEL02-SC
632948;06/10/2024;domingo;07:45:00;MG;381;934;EXTREMA;Velocidade Incompatível;Tombamento;Com Vítimas Feridas;Pleno dia;Decrescente;Céu Claro;Dupla;"Curva;Declive";Não;2;0;1;0;0;1;1;2;-22,80291392;-46,26002938;SPRF-MG;DEL16-MG;UOP03-DEL16-MG
632953;06/10/2024;domingo;07:20:00;BA;116;702;MANOEL VITORINO;Reação tardia ou ineficiente do condutor;Tombamento;Com Vítimas Feridas;Amanhecer;Decrescente;Céu Claro;Simples;Curva;Não;2;0;1;0;0;2;1;3;-14,03778783;-40,20408891;SPRF-BA;DEL03-BA;UOP01-DEL03-BA
632963;06/10/2024;domingo;10:30:00;SP;116;145;SAO JOSE DOS CAMPOS;Desvio temporário;Tombamento;Com Vítimas Feridas;Pleno dia;Decrescente;Céu Claro;Dupla;"Reta;Declive";Não;2;0;1;0;1;0;1;1;-23,1869844;-45,8548078;SPRF-SP;DEL02-SP;UOP01-DEL02-SP
632965;06/10/2024;domingo;08:50:00;SP;116;41;CACHOEIRA PAULISTA;Transtornos Mentais (exceto suicidio);Queda de ocupante de veículo;Com Vítimas Feridas;Pleno dia;Decrescente;Céu Claro;Dupla;Reta;Não;3;0;0;1;1;1;1;2;-22,68631027;-45,0146498;SPRF-SP;DEL08-SP;UOP02-DEL08-SP
632966;06/10/2024;domingo;12:00:00;TO;153;749;ALVORADA;Reação tardia ou ineficiente do condutor;Tombamento;Com Vítimas Feridas;Pleno dia;Crescente;Céu Claro;Simples;Reta;Não;3;0;2;0;0;1;2;2;-12,37561488;-49,14051674;SPRF-TO;DEL01-TO;UOP02-DEL01-TO
632968;06/10/2024;domingo;10:28:00;GO;153;409,8;PIRENOPOLIS;Manobra de mudança de faixa;Colisão lateral sentido oposto;Com Vítimas Feridas;Pleno dia;Crescente;Céu Claro;Simples;"Aclive;Reta";Não;4;0;1;0;2;2;1;4;-16,11180645;-49,03132092;SPRF-GO;DEL02-GO;UOP02-DEL02-GO
632970;06/10/2024;domingo;10:00:00;BA;101;94;ALAGOINHAS;Mal súbito do condutor;Colisão lateral sentido oposto;Com Vítimas Feridas;Pleno dia;Crescente;Céu Claro;Simples;"Reta;Aclive";Não;3;0;0;1;1;1;1;3;-12,069204;-38,322046;SPRF-BA;DEL01-BA;UOP04-DEL01-BA
632972;06/10/2024;domingo;09:30:00;PR;373;421;CANDOI;Reação tardia ou ineficiente do condutor;Tombamento;Sem Vítimas;Pleno dia;Crescente;Céu Claro;Simples;Curva;Não;2;0;0;0;1;1;0;2;-25,7004638;-52,16678548;SPRF-PR;DEL08-PR;UOP01-DEL08-PR
632981;06/10/2024;domingo;07:00:00;MG;153;98;PRATA;Ausência de reação do condutor;Saída de leito carroçável;Com Vítimas Feridas;Pleno dia;Decrescente;Céu Claro;Simples;Ponte;Não;1;0;0;1;0;0;1;1;-19,21129908;-48,93783422;SPRF-MG;DEL15-MG;UOP03-DEL15-MG
632982;06/10/2024;domingo;11:15:00;MS;163;734;COXIM;Demais falhas mecânicas ou elétricas;Incêndio;Sem Vítimas;Pleno dia;Crescente;Céu Claro;Simples;Reta;Não;3;0;0;0;2;3;0;4;-18,46897176;-54,71599744;SPRF-MS;DEL06-MS;UOP01-DEL06-MS
632986;06/10/2024;domingo;12:59:00;RJ;101;267;RIO BONITO;Reação tardia ou ineficiente do condutor;Colisão traseira;Com Vítimas Feridas;Pleno dia;Decrescente;Céu Claro;Dupla;Reta;Sim;6;0;5;0;0;1;5;3;-22,70728329;-42,66059086;SPRF-RJ;DEL02-RJ;UOP03-DEL02-RJ
633005;06/10/2024;domingo;12:00:00;MS;463;95;PONTA PORA;Ingestão de álcool pelo condutor;Colisão lateral mesmo sentido;Com Vítimas Feridas;Pleno dia;Decrescente;Céu Claro;Simples;Curva;Não;3;0;1;0;1;1;1;3;-22,62058695;-55,57418672;SPRF-MS;DEL04-MS;UOP03-DEL04-MS
633008;06/10/2024;domingo;06:00:00;MG;116;21,7;CACHOEIRA DE PAJEU;Velocidade Incompatível;Colisão com objeto;Com Vítimas Feridas;Amanhecer;Crescente;Nevoeiro/Neblina;Simples;"Declive;Curva";Não;4;0;1;1;1;1;2;3;-15,849672;-41,4122002;SPRF-BA;DEL08-BA;UOP03-DEL08-BA
633013;06/10/2024;domingo;14:40:00;TO;153;298;PRESIDENTE KENNEDY;Reação tardia ou ineficiente do condutor;Colisão traseira;Sem Vítimas;Pleno dia;Decrescente;Chuva;Simples;"Reta;Declive";Não;3;0;0;0;2;11;0;13;-8,51589009;-48,48602839;SPRF-TO;DEL02-TO;UOP02-DEL02-TO
633018;06/10/2024;domingo;15:30:00;BA;116;777,8;PLANALTO;Reação tardia ou ineficiente do condutor;Colisão transversal;Com Vítimas Feridas;Pleno dia;Crescente;Céu Claro;Simples;Reta;Sim;6;0;3;0;2;1;3;3;-14,671308;-40,480368;SPRF-BA;DEL08-BA;UOP02-DEL08-BA
633051;06/10/2024;domingo;14:20:00;SP;153;271,5;OCAUCU;Velocidade Incompatível;Colisão traseira;Com Vítimas Feridas;Pleno dia;Crescente;Céu Claro;Simples;Aclive;Não;2;0;0;1;1;0;1;2;-22,36254299;-49,88596698;SPRF-SP;DEL07-SP;UOP02-DEL07-SP
633060;06/10/2024;domingo;18:20:00;PR;153;33,4;SANTO ANTONIO DA PLATINA;Condutor deixou de manter distância do veículo da frente;Colisão traseira;Com Vítimas Feridas;Anoitecer;Crescente;Céu Claro;Simples;"Reta;Ponte;Aclive";Não;2;0;1;0;0;1;1;2;-23,23229394;-50,0364961;SPRF-PR;DEL07-PR;UOP04-DEL07-PR
633064;06/10/2024;domingo;19:45:00;SP;116;205;ARUJA;Reação tardia ou ineficiente do condutor;Colisão lateral mesmo sentido;Com Vítimas Feridas;Plena Noite;Crescente;Céu Claro;Múltipla;Reta;Sim;3;0;0;1;2;0;1;3;-23,41475243;-46,36600788;SPRF-SP;DEL01-SP;UOP01-DEL01-SP
633073;06/10/2024;domingo;15:15:00;RS;116;0;VACARIA;Ausência de reação do condutor;Tombamento;Com Vítimas Fatais;Pleno dia;Decrescente;Céu Claro;Simples;Curva;Não;2;1;0;0;0;1;0;2;-28,210476;-50,759827;SPRF-RS;DEL05-RS;UOP03-DEL05-RS
633078;06/10/2024;domingo;20:30:00;ES;101;52,1;SAO MATEUS;Ultrapassagem Indevida;Colisão frontal;Com Vítimas Fatais;Plena Noite;Crescente;Céu Claro;Simples;"Reta;Aclive";Não;3;1;0;0;1;1;0;3;-18,60327989;-39,88710063;SPRF-ES;DEL04-ES;UOP02-DEL04-ES
633092;06/10/2024;domingo;21:35:00;MG;365;635;UBERLANDIA;Ausência de reação do condutor;Colisão traseira;Com Vítimas Feridas;Plena Noite;Decrescente;Céu Claro;Dupla;Reta;Não;3;0;0;1;1;3;1;5;-18,89262095;-48,41859299;SPRF-MG;DEL15-MG;UOP01-DEL15-MG
633097;06/10/2024;domingo;17:30:00;PB;230;240;JUAZEIRINHO;Transitar na contramão;Colisão frontal;Com Vítimas Feridas;Anoitecer;Decrescente;Céu Claro;Simples;Reta;Não;5;0;2;2;0;1;4;4;-7,0634;-36,563;SPRF-PB;DEL02-PB;UOP02-DEL02-PB
633098;06/10/2024;domingo;14:53:00;MG;40;670;CARANDAI;Mal súbito do condutor;Tombamento;Com Vítimas Feridas;Pleno dia;Decrescente;Céu Claro;Simples;"Curva;Declive";Não;2;0;0;1;0;1;1;2;-20,9669552;-43,78631951;SPRF-MG;DEL05-MG;UOP02-DEL05-MG
633102;06/10/2024;domingo;14:10:00;BA;101;413;IBIRAPITANGA;Velocidade Incompatível;Saída de leito carroçável;Com Vítimas Feridas;Pleno dia;Crescente;Céu Claro;Simples;"Curva;Declive";Não;2;0;1;0;0;1;1;2;-14,07602;-39,38805;SPRF-BA;DEL05-BA;UOP03-DEL05-BA
633104;06/10/2024;domingo;21:48:00;CE;116;72;CHOROZINHO;Entrada inopinada do pedestre;Atropelamento de Pedestre;Com Vítimas Fatais;Plena Noite;Decrescente;Céu Claro;Dupla;Reta;Sim;3;1;0;0;1;2;0;4;-4,34077493;-38,47381076;SPRF-CE;DEL03-CE;UOP02-DEL03-CE
633108;06/10/2024;domingo;19:15:00;RS;153;21,5;SEVERIANO DE ALMEIDA;Demais falhas mecânicas ou elétricas;Incêndio;Sem Vítimas;Plena Noite;Crescente;Nublado;Simples;Curva;Não;2;0;0;0;1;1;0;2;-27,4744926;-52,10589097;SPRF-RS;DEL08-RS;UOP04-DEL08-RS
633117;06/10/2024;domingo;20:30:00;RJ;493;60;DUQUE DE CAXIAS;Demais falhas mecânicas ou elétricas;Colisão traseira;Com Vítimas Feridas;Plena Noite;Crescente;Nublado;Dupla;Reta;Não;3;0;1;0;1;1;1;3;-22,672089;-43,285053;SPRF-RJ;DEL01-RJ;UOP03-DEL01-RJ
633118;06/10/2024;domingo;21:15:00;BA;324;522;FEIRA DE SANTANA;Manobra de mudança de faixa;Colisão lateral mesmo sentido;Com Vítimas Feridas;Plena Noite;Decrescente;Céu Claro;Dupla;Reta;Sim;2;0;1;0;0;1;1;2;-12,28462524;-38,91926018;SPRF-BA;DEL01-BA;UOP03-DEL01-BA
633130;06/10/2024;domingo;21:15:00;RS;468;46,9;CORONEL BICACO;Ausência de reação do condutor;Colisão frontal;Com Vítimas Fatais;Plena Noite;Crescente;Céu Claro;Simples;Reta;Não;4;1;0;0;1;2;0;4;-27,75417397;-53,66351298;SPRF-RS;DEL08-RS;UOP01-DEL08-RS
633161;07/10/2024;segunda-feira;02:50:00;PR;116;114,7;CURITIBA;Ausência de reação do condutor;Tombamento;Com Vítimas Feridas;Plena Noite;Decrescente;Céu Claro;Múltipla;"Curva;Declive";Não;2;0;1;0;0;1;1;2;-25,54527488;-49,29996192;SPRF-PR;DEL01-PR;UOP03-DEL01-PR
633165;07/10/2024;segunda-feira;02:25:00;CE;222;204;FORQUILHA;Velocidade Incompatível;Tombamento;Com Vítimas Feridas;Plena Noite;Crescente;Céu Claro;Simples;Curva;Não;1;0;1;0;0;0;1;1;-3,7796425;-40,22575378;SPRF-CE;DEL04-CE;UOP01-DEL04-CE
633168;07/10/2024;segunda-feira;06:08:00;SC;101;359,5;SANGAO;Pista Escorregadia;Tombamento;Com Vítimas Feridas;Pleno dia;Decrescente;Céu Claro;Múltipla;Reta;Não;2;0;1;0;1;0;1;2;-28,65057609;-49,10516385;SPRF-SC;DEL02-SC;UOP01-DEL02-SC
633176;07/10/2024;segunda-feira;03:00:00;BA;407;28;JUAZEIRO;Reação tardia ou ineficiente do condutor;Colisão traseira;Com Vítimas Fatais;Plena Noite;Decrescente;Céu Claro;Simples;Reta;Não;5;4;0;0;1;0;0;2;-9,63412;-40,40106;SPRF-BA;DEL04-BA;UOP01-DEL04-BA
633185;07/10/2024;segunda-feira;05:40:00;BA;324;473,7;TANQUINHO;Ultrapassagem Indevida;Colisão frontal;Com Vítimas Fatais;Pleno dia;Decrescente;Céu Claro;Simples;Reta;Não;2;1;0;0;1;0;0;2;-11,97628424;-39,11946812;SPRF-BA;DEL02-BA;UOP01-DEL02-BA
633186;07/10/2024;segunda-feira;07:30:00;SC;101;123,1;ITAJAI;Acessar a via sem observar a presença dos outros veículos;Colisão transversal;Sem Vítimas;Pleno dia;Decrescente;Céu Claro;Múltipla;"Interseção de Vias;Rotatória";Não;3;0;0;0;2;2;0;4;-26,93668609;-48,69876905;SPRF-SC;DEL04-SC;UOP04-DEL04-SC
633187;06/10/2024;domingo;22:24:00;MT;70;230;POXOREO;Ausência de reação do condutor;Saída de leito carroçável;Com Vítimas Feridas;Plena Noite;Crescente;Céu Claro;Simples;Reta;Não;2;0;1;0;0;1;1;2;-15,63920983;-53,94100182;SPRF-MT;DEL05-MT;UOP01-DEL05-MT
633192;07/10/2024;segunda-feira;08:20:00;BA;116;429,6;FEIRA DE SANTANA;Manobra de mudança de faixa;Colisão lateral mesmo sentido;Sem Vítimas;Pleno dia;Decrescente;Céu Claro;Dupla;"Reta;Desvio Temporário";Não;3;0;0;0;2;1;0;3;-12,28843717;-39,01049967;SPRF-BA;DEL02-BA;UOP01-DEL02-BA
633199;04/10/2024;sexta-feira;06:30:00;SC;282;177;BOCAINA DO SUL;Demais falhas mecânicas ou elétricas;Tombamento;Com Vítimas Feridas;Pleno dia;Crescente;Céu Claro;Simples;"Curva;Declive";Não;2;0;1;0;1;0;1;2;-27,739725;-49,911453;SPRF-SC;DEL05-SC;UOP01-DEL05-SC
633210;21/08/2024;quarta-feira;14:55:00;SP;116;152;SAO JOSE DOS CAMPOS;Manobra de mudança de faixa;Colisão lateral mesmo sentido;Com Vítimas Feridas;Pleno dia;Decrescente;Céu Claro;Dupla;Reta;Não;3;0;0;1;1;1;1;3;-23,22620401;-45,90682999;SPRF-SP;DEL02-SP;UOP01-DEL02-SP
633211;07/10/2024;segunda-feira;09:30:00;PB;101;82;BAYEUX;Condutor deixou de manter distância do veículo da frente;Saída de leito carroçável;Sem Vítimas;Pleno dia;Crescente;Céu Claro;Dupla;Reta;Sim;1;0;0;0;1;0;0;1;-7,12911;-34,93714;SPRF-PB;DEL01-PB;UOP01-DEL01-PB
633217;06/10/2024;domingo;16:20:00;MT;364;451;VARZEA GRANDE;Demais falhas mecânicas ou elétricas;Incêndio;Sem Vítimas;Pleno dia;Decrescente;Céu Claro;Simples;Reta;Não;2;0;0;0;1;2;0;3;-15,58981794;-56,23326689;SPRF-MT;DEL01-MT;UOP02-DEL01-MT
633220;07/10/2024;segunda-feira;09:35:00;RJ;40;122;DUQUE DE CAXIAS;Ausência de reação do condutor;Colisão traseira;Com Vítimas Feridas;Pleno dia;Decrescente;Céu Claro;Simples;Reta;Sim;4;0;1;0;2;1;1;3;-22,79083113;-43,28611569;SPRF-RJ;DEL01-RJ;UOP02-DEL01-RJ
633224;07/10/2024;segunda-feira;10:35:00;SP;153;174,4;GUAICARA;Acessar a via sem observar a presença dos outros veículos;Colisão transversal;Com Vítimas Feridas;Pleno dia;Decrescente;Céu Claro;Simples;"Interseção de Vias;Rotatória";Sim;4;0;2;0;1;2;2;4;-21,633102;-49,787743;SPRF-SP;DEL07-SP;UOP01-DEL07-SP
633235;07/10/2024;segunda-feira;10:30:00;MT;364;221,5;RONDONOPOLIS;Demais falhas mecânicas ou elétricas;Incêndio;Sem Vítimas;Pleno dia;Decrescente;Céu Claro;Dupla;"Reta;Aclive";Não;1;0;0;0;1;0;0;1;-16,34067812;-54,74489333;SPRF-MT;DEL02-MT;UOP01-DEL02-MT
633237;07/10/2024;segunda-feira;11:25:00;RJ;40;122;DUQUE DE CAXIAS;Reação tardia ou ineficiente do condutor;Colisão traseira;Com Vítimas Feridas;Pleno dia;Crescente;Céu Claro;Dupla;Reta;Sim;2;0;1;0;1;0;1;2;-22,79083113;-43,28611569;SPRF-RJ;DEL01-RJ;UOP02-DEL01-RJ
633239;07/10/2024;segunda-feira;11:00:00;MG;381;510,7;SAO JOAQUIM DE BICAS;Reação tardia ou ineficiente do condutor;Colisão traseira;Com Vítimas Feridas;Pleno dia;Decrescente;Céu Claro;Dupla;Reta;Sim;9;0;1;0;7;2;1;9;-20,08463223;-44,3099407;SPRF-MG;DEL01-MG;UOP03-DEL01-MG
633240;07/10/2024;segunda-feira;11:30:00;MS;262;309,1;CAMPO GRANDE;Ultrapassagem Indevida;Colisão frontal;Com Vítimas Fatais;Pleno dia;Crescente;Céu Claro;Simples;"Reta;Declive";Não;3;1;0;1;1;0;1;2;-20,47647822;-54,37230203;SPRF-MS;DEL01-MS;UOP01-DEL01-MS
633245;07/10/2024;segunda-feira;08:35:00;MA;10;251;IMPERATRIZ;Condutor deixou de manter distância do veículo da frente;Colisão lateral mesmo sentido;Com Vítimas Feridas;Pleno dia;Decrescente;Céu Claro;Simples;Reta;Sim;4;0;1;1;1;1;2;3;-5,543249;-47,464447;SPRF-MA;DEL04-MA;UOP01-DEL04-MA
633249;21/09/2024;sábado;16:45:00;SP;116;545;BARRA DO TURVO;Reação tardia ou ineficiente do condutor;Engavetamento;Com Vítimas Feridas;Pleno dia;Crescente;Chuva;Simples;"Declive;Curva";Não;6;0;1;0;4;2;1;7;-24,95016699;-48,42400302;SPRF-SP;DEL05-SP;UOP02-DEL05-SP
633258;07/10/2024;segunda-feira;12:15:00;MT;364;308;JACIARA;Manobra de mudança de faixa;Saída de leito carroçável;Com Vítimas Feridas;Pleno dia;Crescente;Sol;Dupla;"Reta;Aclive";Não;1;0;1;0;0;0;1;1;-15,81860731;-55,22097308;SPRF-MT;DEL05-MT;UOP02-DEL05-MT
633259;07/10/2024;segunda-feira;12:20:00;AL;101;221,9;PORTO REAL DO COLEGIO;Ausência de reação do condutor;Colisão traseira;Com Vítimas Feridas;Pleno dia;Crescente;Sol;Dupla;"Aclive;Reta";Sim;3;0;1;0;1;2;1;4;-10,05865978;-36,68475623;SPRF-AL;DEL02-AL;UOP02-DEL02-AL
633260;07/10/2024;segunda-feira;09:05:00;MG;381;785;SAO GONCALO DO SAPUCAI;Reação tardia ou ineficiente do condutor;Saída de leito carroçável;Com Vítimas Feridas;Pleno dia;Decrescente;Céu Claro;Dupla;Reta;Não;2;0;1;0;0;1;1;2;-21,88255302;-45,54451394;SPRF-MG;DEL16-MG;UOP02-DEL16-MG