id;data_inversa;dia_semana;horario;uf;br;km;municipio;causa_acidente;tipo_acidente;classificacao_acidente;fase_dia;sentido_via;condicao_metereologica;tipo_pista;tracado_via;uso_solo;pessoas;mortos;feridos_leves;feridos_graves;ilesos;ignorados;feridos;veiculos;latitude;longitude;regional;delegacia;uop
633261;04/07/2024;quinta-feira;10:15:00;MS;267;545;BELA VISTA;Reação tardia ou ineficiente do condutor;Saída de leito carroçável;Com Vítimas Feridas;Pleno dia;Crescente;Céu Claro;Simples;Reta;Não;1;0;0;1;0;0;1;1;-21,61750896;-56,68762605;SPRF-MS;DEL05-MS;UOP01-DEL05-MS
633266;07/10/2024;segunda-feira;14:00:00;PR;277;330;GUARAPUAVA;Conversão proibida;Colisão transversal;Com Vítimas Feridas;Pleno dia;Crescente;Céu Claro;Simples;"Declive;Reta";Não;3;0;0;1;1;1;1;3;-25,37353503;-51,308405;SPRF-PR;DEL08-PR;UOP01-DEL08-PR
633267;07/10/2024;segunda-feira;14:45:00;MG;381;668;PERDOES;Velocidade Incompatível;Tombamento;Com Vítimas Feridas;Pleno dia;Decrescente;Céu Claro;Dupla;Reta;Sim;1;0;1;0;0;0;1;1;-21,06787894;-45,05229868;SPRF-MG;DEL04-MG;UOP02-DEL04-MG
633268;18/09/2024;quarta-feira;18:30:00;GO;158;187;CAIAPONIA;Ultrapassagem Indevida;Colisão lateral sentido oposto;Sem Vítimas;Anoitecer;Crescente;Céu Claro;Simples;Curva;Não;4;0;0;0;2;5;0;7;-17,20187021;-51,89384888;SPRF-GO;DEL05-GO;UOP01-DEL05-GO
633271;07/10/2024;segunda-feira;13:30:00;RO;364;426,3;JARU;Ingestão de álcool pelo condutor;Colisão lateral mesmo sentido;Sem Vítimas;Pleno dia;Crescente;Céu Claro;Dupla;"Aclive;Reta";Sim;3;0;0;0;2;3;0;5;-10,432443;-62,479584;SPRF-RO;DEL03-RO;UOP02-DEL03-RO
633279;07/10/2024;segunda-feira;14:55:00;PR;116;114,9;CURITIBA;Condutor deixou de manter distância do veículo da frente;Colisão traseira;Com Vítimas Feridas;Pleno dia;Crescente;Céu Claro;Dupla;Reta;Não;5;0;3;0;1;1;3;3;-25,56296907;-49,25643801;SPRF-PR;DEL01-PR;UOP03-DEL01-PR
633281;07/10/2024;segunda-feira;12:40:00;PR;153;121,6;IBAITI;Velocidade Incompatível;Tombamento;Com Vítimas Fatais;Pleno dia;Crescente;Céu Claro;Simples;"Declive;Curva";Não;2;1;0;0;0;1;0;2;-23,93903221;-50,23779778;SPRF-PR;DEL07-PR;UOP04-DEL07-PR
633283;12/03/2024;terça-feira;22:15:00;MG;365;541;ROMARIA;Velocidade Incompatível;Saída de leito carroçável;Com Vítimas Feridas;Plena Noite;Crescente;Céu Claro;Simples;Reta;Não;2;0;1;0;0;1;1;2;-18,93214935;-47,60038505;SPRF-MG;DEL10-MG;UOP01-DEL10-MG
633285;18/09/2024;quarta-feira;05:50:00;SC;282;381,2;HERVAL DOESTE;Reação tardia ou ineficiente do condutor;Colisão traseira;Com Vítimas Feridas;Amanhecer;Decrescente;Nublado;Simples;"Reta;Aclive";Não;2;0;1;0;1;0;1;2;-27,204979;-51,501442;SPRF-SC;DEL07-SC;UOP05-DEL07-SC
633290;07/10/2024;segunda-feira;13:45:00;CE;116;191,4;LIMOEIRO DO NORTE;Velocidade Incompatível;Tombamento;Com Vítimas Feridas;Pleno dia;Crescente;Céu Claro;Dupla;Curva;Sim;2;0;1;0;0;1;1;2;-5,12367706;-38,15036386;SPRF-CE;DEL03-CE;UOP01-DEL03-CE
633294;07/10/2024;segunda-feira;14:55:00;PR;277;421,9;CANTAGALO;Ingestão de álcool pelo condutor;Colisão transversal;Com Vítimas Feridas;Pleno dia;Crescente;Nublado;Simples;Interseção de Vias;Sim;4;0;1;0;2;1;1;3;-25,37620353;-52,12978363;SPRF-PR;DEL04-PR;UOP02-DEL04-PR
633296;07/10/2024;segunda-feira;16:25:00;TO;153;490;PARAISO DO TOCANTINS;Chuva;Saída de leito carroçável;Com Vítimas Feridas;Pleno dia;Decrescente;Chuva;Simples;Aclive;Não;5;0;4;1;0;0;5;1;-10,12486384;-48,88412526;SPRF-TO;DEL01-TO;UOP01-DEL01-TO
633297;07/10/2024;segunda-feira;15:59:00;SP;116;328;JUQUITIBA;Reação tardia ou ineficiente do condutor;Colisão traseira;Com Vítimas Feridas;Pleno dia;Crescente;Céu Claro;Dupla;Curva;Sim;3;0;1;0;1;1;1;3;-23,93652709;-47,08014299;SPRF-SP;DEL04-SP;UOP03-DEL04-SP
633298;07/10/2024;segunda-feira;14:39:00;GO;153;513,5;APARECIDA DE GOIANIA;Acessar a via sem observar a presença dos outros veículos;Colisão lateral mesmo sentido;Com Vítimas Feridas;Pleno dia;Crescente;Céu Claro;Dupla;Reta;Sim;3;0;0;1;1;1;1;3;-16,8244;-49,2421;SPRF-GO;DEL01-GO;UOP03-DEL01-GO
633308;07/10/2024;segunda-feira;14:10:00;MG;365;638,6;UBERLANDIA;Ausência de reação do condutor;Colisão traseira;Com Vítimas Feridas;Pleno dia;Crescente;Céu Claro;Dupla;"Reta;Declive";Não;3;0;1;0;1;6;1;8;-18,8883267;-48,44671495;SPRF-MG;DEL15-MG;UOP01-DEL15-MG
633311;07/10/2024;segunda-feira;15:15:00;SC;280;115,1;SAO BENTO DO SUL;Condutor Dormindo;Colisão frontal;Com Vítimas Fatais;Pleno dia;Decrescente;Céu Claro;Simples;Curva;Não;4;1;0;1;1;1;1;3;-26,284761;-49,408313;SPRF-SC;DEL06-SC;UOP03-DEL06-SC
633314;07/10/2024;segunda-feira;18:00:00;MG;262;357;BETIM;Ausência de reação do condutor;Colisão frontal;Com Vítimas Feridas;Anoitecer;Crescente;Céu Claro;Dupla;Reta;Sim;4;0;1;1;2;0;2;3;-19,97470835;-44,18804897;SPRF-MG;DEL01-MG;UOP03-DEL01-MG
633322;07/10/2024;segunda-feira;18:30:00;DF;20;1,7;BRASILIA;Transitar no Acostamento;Colisão traseira;Com Vítimas Feridas;Anoitecer;Crescente;Céu Claro;Múltipla;"Reta;Declive";Não;6;0;2;0;4;0;2;2;-15,685814;-47,849838;SPRF-DF;DEL02-DF;UOP01-DEL02-DF
633333;07/10/2024;segunda-feira;19:10:00;RS;392;7,2;RIO GRANDE;Reação tardia ou ineficiente do condutor;Colisão traseira;Com Vítimas Feridas;Plena Noite;Crescente;Chuva;Simples;Reta;Não;3;0;1;0;1;1;1;3;-32,093615;-52,108877;SPRF-RS;DEL07-RS;UOP02-DEL07-RS
633334;07/10/2024;segunda-feira;20:05:00;MG;40;501,2;ESMERALDAS;Pedestre - Ingestão de álcool/ substâncias psicoativas;Atropelamento de Pedestre;Com Vítimas Feridas;Plena Noite;Crescente;Céu Claro;Dupla;Retorno Regulamentado;Não;5;0;0;1;1;3;1;3;-19,714002;-44,160929;SPRF-MG;DEL02-MG;UOP01-DEL02-MG
633335;07/10/2024;segunda-feira;18:45:00;SC;282;58;IRANI;Desrespeitar a preferência no cruzamento;Colisão transversal;Com Vítimas Feridas;Plena Noite;Crescente;Céu Claro;Simples;Rotatória;Não;4;0;2;0;1;1;2;3;-26,96948856;-51,85471773;SPRF-SC;DEL01-SC;UOP03-DEL01-SC
633336;07/10/2024;segunda-feira;17:40:00;MT;70;395,1;CAMPO VERDE;Reação tardia ou ineficiente do condutor;Colisão lateral sentido oposto;Com Vítimas Feridas;Anoitecer;Decrescente;Céu Claro;Simples;Reta;Não;3;0;1;0;1;1;1;3;-15,61803402;-55,19410995;SPRF-MT;DEL05-MT;UOP02-DEL05-MT
633337;07/10/2024;segunda-feira;13:00:00;BA;242;289;LAJEDINHO;Demais falhas mecânicas ou elétricas;Tombamento;Sem Vítimas;Pleno dia;Crescente;Céu Claro;Simples;"Curva;Declive";Não;2;0;0;0;1;2;0;3;-12,44405625;-40,79930804;SPRF-BA;DEL06-BA;UOP02-DEL06-BA
633345;07/10/2024;segunda-feira;18:50:00;RN;304;113,7;ACU;Acessar a via sem observar a presença dos outros veículos;Colisão transversal;Com Vítimas Feridas;Plena Noite;Crescente;Céu Claro;Simples;Interseção de Vias;Não;5;0;2;0;3;0;2;3;-5,60581126;-36,91306313;SPRF-RN;DEL04-RN;UOP01-DEL04-RN
633346;28/09/2024;sábado;00:10:00;PE;232;388;SERRA TALHADA;Condutor deixou de manter distância do veículo da frente;Colisão traseira;Com Vítimas Feridas;Plena Noite;Crescente;Céu Claro;Simples;Reta;Não;3;0;1;0;1;1;1;3;-8,03239638;-38,12052799;SPRF-PE;DEL04-PE;UOP01-DEL04-PE
633355;07/10/2024;segunda-feira;21:20:00;MG;116;276,1;TEOFILO OTONI;Reação tardia ou ineficiente do condutor;Colisão lateral mesmo sentido;Com Vítimas Feridas;Plena Noite;Crescente;Céu Claro;Múltipla;Reta;Sim;3;0;0;1;1;1;1;3;-17,852595;-41,514416;SPRF-MG;DEL11-MG;UOP01-DEL11-MG
633363;07/10/2024;segunda-feira;23:25:00;BA;407;186;PONTO NOVO;Acostamento em desnível;Saída de leito carroçável;Com Vítimas Feridas;Plena Noite;Crescente;Céu Claro;Simples;Reta;Não;1;0;1;0;0;0;1;1;-10,98304399;-40,1022419;SPRF-BA;DEL04-BA;UOP02-DEL04-BA
633365;07/10/2024;segunda-feira;22:45:00;RS;285;61;BOM JESUS;Reação tardia ou ineficiente do condutor;Colisão com objeto;Sem Vítimas;Plena Noite;Crescente;Chuva;Simples;Reta;Não;2;0;0;0;2;0;0;2;-28,653036;-50,426521;SPRF-RS;DEL05-RS;UOP03-DEL05-RS
633372;08/10/2024;terça-feira;05:40:00;RJ;116;308,7;RESENDE;Acessar a via sem observar a presença dos outros veículos;Colisão traseira;Com Vítimas Feridas;Amanhecer;Decrescente;Céu Claro;Dupla;Reta;Não;3;0;1;0;1;1;1;3;-22,45783299;-44,418685;SPRF-RJ;DEL07-RJ;UOP02-DEL07-RJ
633374;08/10/2024;terça-feira;06:10:00;PR;376;236,9;APUCARANA;Velocidade Incompatível;Tombamento;Com Vítimas Feridas;Amanhecer;Decrescente;Céu Claro;Dupla;"Curva;Viaduto";Sim;1;0;1;0;0;0;1;1;-23,58754777;-51,47983074;SPRF-PR;DEL07-PR;UOP03-DEL07-PR
633380;08/10/2024;terça-feira;06:30:00;MS;262;747,6;CORUMBA;Ultrapassagem Indevida;Colisão lateral sentido oposto;Com Vítimas Fatais;Amanhecer;Crescente;Céu Claro;Simples;Reta;Não;3;1;0;0;1;2;0;4;-19,25749302;-57,64225425;SPRF-MS;DEL03-MS;UOP03-DEL03-MS
633382;08/10/2024;terça-feira;07:10:00;CE;116;18;FORTALEZA;Condutor deixou de manter distância do veículo da frente;Colisão traseira;Com Vítimas Feridas;Amanhecer;Decrescente;Céu Claro;Dupla;Aclive;Não;2;0;1;0;1;0;1;2;-3,90496605;-38,50518756;SPRF-CE;DEL01-CE;UOP02-DEL01-CE
633383;08/10/2024;terça-feira;00:25:00;RS;153;518;CACAPAVA DO SUL;Reação tardia ou ineficiente do condutor;Saída de leito carroçável;Com Vítimas Feridas;Plena Noite;Decrescente;Chuva;Simples;Curva;Não;2;0;0;1;0;1;1;2;-30,64198099;-53,39843629;SPRF-RS;DEL09-RS;UOP02-DEL09-RS
633388;08/10/2024;terça-feira;07:00:00;SC;101;114;ITAJAI;Trafegar com motocicleta (ou similar) entre as faixas;Colisão lateral mesmo sentido;Com Vítimas Feridas;Pleno dia;Decrescente;Nublado;Simples;Túnel;Sim;5;0;0;2;2;1;2;4;-26,86192886;-48,7286704;SPRF-SC;DEL04-SC;UOP04-DEL04-SC
633391;08/10/2024;terça-feira;08:00:00;RJ;40;120;DUQUE DE CAXIAS;Trafegar com motocicleta (ou similar) entre as faixas;Colisão lateral mesmo sentido;Com Vítimas Feridas;Pleno dia;Crescente;Céu Claro;Dupla;Reta;Sim;2;0;1;0;1;0;1;2;-22,77280597;-43,28626763;SPRF-RJ;DEL01-RJ;UOP02-DEL01-RJ
633393;10/09/2024;terça-feira;20:45:00;MG;267;163,4;LIMA DUARTE;Ausência de reação do condutor;Colisão com objeto;Com Vítimas Feridas;Plena Noite;Crescente;Céu Claro;Simples;Curva;Não;2;0;1;0;0;1;1;2;-21,845177;-43,794812;SPRF-MG;DEL05-MG;UOP01-DEL05-MG
633394;08/10/2024;terça-feira;07:00:00;SC;101;41,5;JOINVILLE;Condutor deixou de manter distância do veículo da frente;Colisão traseira;Com Vítimas Feridas;Pleno dia;Decrescente;Céu Claro;Dupla;Reta;Sim;4;0;1;0;2;3;1;5;-26,28215489;-48,88973081;SPRF-SC;DEL03-SC;UOP01-DEL03-SC
633397;08/10/2024;terça-feira;07:20:00;TO;153;183;NOVA OLINDA;Transitar na contramão;Colisão lateral sentido oposto;Com Vítimas Feridas;Pleno dia;Crescente;Céu Claro;Simples;Reta;Não;3;0;1;0;1;2;1;4;-7,505742;-48,387688;SPRF-TO;DEL02-TO;UOP01-DEL02-TO
633399;04/10/2024;sexta-feira;22:00:00;MT;364;476;JANGADA;Demais falhas mecânicas ou elétricas;Saída de leito carroçável;Com Vítimas Feridas;Plena Noite;Decrescente;Céu Claro;Simples;Reta;Não;2;0;1;0;0;1;1;2;-15,41715232;-56,34834541;SPRF-MT;DEL01-MT;UOP02-DEL01-MT
633411;08/10/2024;terça-feira;08:25:00;SP;116;211;GUARULHOS;Reação tardia ou ineficiente do condutor;Colisão traseira;Com Vítimas Feridas;Pleno dia;Crescente;Céu Claro;Múltipla;Reta;Sim;4;0;0;1;2;1;1;4;-23,4324306;-46,4194352;SPRF-SP;DEL01-SP;UOP01-DEL01-SP
633415;08/10/2024;terça-feira;09:40:00;SE;235;26,5;LARANJEIRAS;Acessar a via sem observar a presença dos outros veículos;Colisão transversal;Sem Vítimas;Pleno dia;Crescente;Céu Claro;Simples;Reta;Não;2;0;0;0;1;1;0;2;-10,80464226;-37,26596832;SPRF-SE;DEL01-SE;UOP02-DEL01-SE
633417;13/09/2024;sexta-feira;09:00:00;PI;316;91,6;OLHO DAGUA DO PIAUI;Demais falhas mecânicas ou elétricas;Incêndio;Sem Vítimas;Pleno dia;Decrescente;Sol;Simples;"Reta;Aclive";Não;2;0;0;0;1;1;0;2;-5,78940722;-42,54971931;SPRF-PI;DEL04-PI;UOP02-DEL04-PI
633418;08/10/2024;terça-feira;05:50:00;RO;429;90;ALVORADA DOESTE;Reação tardia ou ineficiente do condutor;Tombamento;Sem Vítimas;Pleno dia;Crescente;Sol;Dupla;Reta;Sim;1;0;0;0;1;0;0;1;-11,33369673;-62,27383627;SPRF-RO;DEL02-RO;UOP03-DEL02-RO
633422;08/10/2024;terça-feira;10:10:00;SE;101;147,6;ESTANCIA;Acessar a via sem observar a presença dos outros veículos;Queda de ocupante de veículo;Com Vítimas Fatais;Pleno dia;Decrescente;Céu Claro;Dupla;"Reta;Aclive";Sim;3;1;0;0;1;1;0;3;-11,23474568;-37,42806494;SPRF-SE;DEL02-SE;UOP01-DEL02-SE
633423;07/10/2024;segunda-feira;23:00:00;MA;316;214,5;GOVERNADOR NEWTON BELLO;Reação tardia ou ineficiente do condutor;Colisão traseira;Com Vítimas Feridas;Plena Noite;Crescente;Céu Claro;Simples;Reta;Sim;2;0;0;1;1;0;1;2;-3,421661;-45,669022;SPRF-MA;DEL02-MA;UOP01-DEL02-MA
633428;08/10/2024;terça-feira;08:21:00;MS;163;485,5;CAMPO GRANDE;Ausência de reação do condutor;Colisão traseira;Com Vítimas Feridas;Pleno dia;Crescente;Céu Claro;Simples;Reta;Sim;4;0;1;0;2;1;1;3;-20,44233707;-54,54201834;SPRF-MS;DEL01-MS;UOP02-DEL01-MS
633429;08/10/2024;terça-feira;08:50:00;MT;364;196;RONDONOPOLIS;Manobra de mudança de faixa;Saída de leito carroçável;Com Vítimas Feridas;Pleno dia;Decrescente;Céu Claro;Simples;Reta;Não;5;0;3;0;1;1;3;2;-16,51632055;-54,6074167;SPRF-MT;DEL02-MT;UOP01-DEL02-MT
633430;08/10/2024;terça-feira;10:40:00;MG;40;463,7;SETE LAGOAS;Velocidade Incompatível;Colisão traseira;Com Vítimas Feridas;Pleno dia;Crescente;Céu Claro;Dupla;"Reta;Declive";Não;4;0;2;0;1;2;2;4;-19,42743;-44,33749;SPRF-MG;DEL02-MG;UOP01-DEL02-MG
633432;08/10/2024;terça-feira;10:40:00;SP;153;61,7;SAO JOSE DO RIO PRETO;Manobra de mudança de faixa;Colisão lateral mesmo sentido;Sem Vítimas;Pleno dia;Crescente;Céu Claro;Dupla;"Aclive;Reta";Sim;5;0;0;0;4;1;0;3;-20,80502876;-49,35574909;SPRF-SP;DEL09-SP;UOP01-DEL09-SP
633436;04/10/2024;sexta-feira;11:30:00;BA;242;443;SEABRA;Acostamento em desnível;Tombamento;Com Vítimas Fatais;Pleno dia;Decrescente;Céu Claro;Simples;Reta;Não;3;1;0;0;1;2;0;3;-12,42779;-42,011957;SPRF-BA;DEL06-BA;UOP01-DEL06-BA
633437;08/10/2024;terça-feira;10:45:00;SP;116;508,5;CAJATI;Reação tardia ou ineficiente do condutor;Saída de leito carroçável;Com Vítimas Feridas;Pleno dia;Decrescente;Céu Claro;Dupla;"Declive;Curva";Não;2;0;1;0;0;1;1;2;-24,81333299;-48,21310484;SPRF-SP;DEL05-SP;UOP02-DEL05-SP
633438;08/10/2024;terça-feira;11:10:00;SP;116;219;GUARULHOS;Reação tardia ou ineficiente do condutor;Colisão traseira;Com Vítimas Feridas;Pleno dia;Crescente;Sol;Múltipla;"Reta;Aclive";Sim;6;0;2;0;3;1;2;3;-23,46143954;-46,48885316;SPRF-SP;DEL01-SP;UOP01-DEL01-SP
633439;08/10/2024;terça-feira;09:00:00;MG;153;176;COMENDADOR GOMES;Demais falhas mecânicas ou elétricas;Saída de leito carroçável;Com Vítimas Feridas;Pleno dia;Decrescente;Céu Claro;Simples;Reta;Não;2;0;1;0;0;1;1;2;-19,82149799;-48,96763491;SPRF-MG;DEL13-MG;UOP02-DEL13-MG
633448;08/10/2024;terça-feira;10:10:00;MG;116;322;ITAMBACURI;Acessar a via sem observar a presença dos outros veículos;Colisão transversal;Com Vítimas Feridas;Pleno dia;Decrescente;Céu Claro;Simples;Reta;Não;2;0;0;1;1;0;1;2;-18,1723389;-41,70617231;SPRF-MG;DEL11-MG;UOP01-DEL11-MG
633455;08/10/2024;terça-feira;13:00:00;PE;232;11,1;JABOATAO DOS GUARARAPES;Suicídio (presumido);Atropelamento de Pedestre;Com Vítimas Feridas;Pleno dia;Decrescente;Céu Claro;Dupla;"Reta;Declive";Não;2;0;0;1;0;1;1;2;-8,08195464;-34,99545022;SPRF-PE;DEL01-PE;UOP01-DEL01-PE
633458;08/10/2024;terça-feira;11:50:00;GO;153;36;PORANGATU;Demais falhas mecânicas ou elétricas;Incêndio;Sem Vítimas;Pleno dia;Decrescente;Céu Claro;Simples;"Aclive;Reta";Não;1;0;0;0;1;0;0;1;-13,136277;-49,191055;SPRF-GO;DEL07-GO;UOP01-DEL07-GO
633462;08/10/2024;terça-feira;10:33:00;MS;163;472;CAMPO GRANDE;Avarias e/ou desgaste excessivo no pneu;Colisão com objeto;Com Vítimas Feridas;Pleno dia;Crescente;Nublado;Simples;Reta;Não;3;0;1;0;0;2;1;2;-20,54299197;-54,56075492;SPRF-MS;DEL01-MS;UOP01-DEL01-MS
633466;08/10/2024;terça-feira;13:10:00;SP;116;87;PINDAMONHANGABA;Manobra de mudança de faixa;Colisão traseira;Sem Vítimas;Pleno dia;Crescente;Céu Claro;Dupla;Reta;Sim;2;0;0;0;2;0;0;2;-22,93065267;-45,36166116;SPRF-SP;DEL08-SP;UOP01-DEL08-SP
633469;08/10/2024;terça-feira;13:30:00;SP;116;120,5;CACAPAVA;Avarias e/ou desgaste excessivo no pneu;Eventos atípicos;Sem Vítimas;Pleno dia;Decrescente;Céu Claro;Dupla;Reta;Não;3;0;0;0;1;3;0;4;-23,0715638;-45,64459209;SPRF-SP;DEL02-SP;UOP02-DEL02-SP
633471;08/10/2024;terça-feira;13:50:00;RJ;101;186;CASIMIRO DE ABREU;Demais falhas mecânicas ou elétricas;Colisão traseira;Com Vítimas Feridas;Pleno dia;Decrescente;Céu Claro;Simples;Reta;Não;6;0;0;2;4;0;2;2;-22,43520581;-42,04301228;SPRF-RJ;DEL08-RJ;UOP04-DEL08-RJ
633476;08/10/2024;terça-feira;14:00:00;CE;116;1,9;FORTALEZA;Manobra de mudança de faixa;Colisão lateral mesmo sentido;Sem Vítimas;Pleno dia;Decrescente;Sol;Múltipla;Reta;Sim;2;0;0;0;2;0;0;2;-3,76946904;-38,51725638;SPRF-CE;DEL01-CE;UOP02-DEL01-CE
633477;08/10/2024;terça-feira;14:00:00;RO;364;709;PORTO VELHO;Manobra de mudança de faixa;Colisão lateral mesmo sentido;Sem Vítimas;Pleno dia;Crescente;Céu Claro;Dupla;Reta;Não;4;0;0;0;3;1;0;3;-8,78998715;-63,85071516;SPRF-RO;DEL01-RO;UOP01-DEL01-RO
633478;08/10/2024;terça-feira;14:00:00;MT;364;347;SANTO ANTONIO DO LEVERGER;Condutor deixou de manter distância do veículo da frente;Colisão traseira;Com Vítimas Feridas;Pleno dia;Decrescente;Céu Claro;Dupla;"Aclive;Reta";Não;3;0;0;1;1;3;1;5;-15,807347;-55,54692;SPRF-MT;DEL05-MT;UOP02-DEL05-MT
633487;08/10/2024;terça-feira;16:00:00;SC;101;121,3;ITAJAI;Ausência de reação do condutor;Colisão lateral mesmo sentido;Com Vítimas Feridas;Pleno dia;Decrescente;Nublado;Dupla;Reta;Sim;2;0;0;1;1;0;1;2;-26,92103178;-48,70856446;SPRF-SC;DEL04-SC;UOP04-DEL04-SC
633488;06/09/2024;sexta-feira;16:20:00;PR;476;222;LAPA;Carga excessiva e/ou mal acondicionada;Tombamento;Com Vítimas Feridas;Pleno dia;Crescente;Nublado;Dupla;Curva;Não;5;0;3;0;1;1;3;4;-25,83713;-49,927334;SPRF-PR;DEL01-PR;UOP06-DEL01-PR
633491;08/10/2024;terça-feira;14:50:00;PR;376;554,7;BALSA NOVA;Ingestão de álcool pelo condutor;Colisão traseira;Sem Vítimas;Pleno dia;Crescente;Céu Claro;Dupla;Reta;Não;6;0;0;0;3;5;0;7;-25,46287236;-49,72970009;SPRF-PR;DEL03-PR;UOP03-DEL03-PR
633493;08/10/2024;terça-feira;09:38:00;TO;153;416;MIRANORTE;Mal súbito do condutor;Saída de leito carroçável;Com Vítimas Feridas;Pleno dia;Crescente;Céu Claro;Dupla;Reta;Não;2;0;1;0;0;1;1;2;-9,54906574;-48,59904537;SPRF-TO;DEL01-TO;UOP01-DEL01-TO
633498;08/10/2024;terça-feira;16:10:00;PB;101;120;CAAPORA;Ausência de sinalização;Engavetamento;Com Vítimas Fatais;Pleno dia;Decrescente;Céu Claro;Dupla;"Reta;Declive;Em Obras";Não;14;1;3;3;3;6;6;10;-7,43522578;-34,9727831;SPRF-PB;DEL01-PB;UOP02-DEL01-PB
633503;08/10/2024;terça-feira;16:50:00;GO;153;435;ANAPOLIS;Condutor deixou de manter distância do veículo da frente;Colisão traseira;Sem Vítimas;Pleno dia;Decrescente;Nublado;Simples;"Rotatória;Declive";Sim;2;0;0;0;2;0;0;2;-16,280523;-48,960049;SPRF-GO;DEL02-GO;UOP01-DEL02-GO
633507;08/10/2024;terça-feira;16:40:00;SP;116;308;SAO LOURENCO DA SERRA;Ausência de reação do condutor;Colisão transversal;Com Vítimas Feridas;Pleno dia;Crescente;Céu Claro;Dupla;"Curva;Declive";Não;2;0;1;0;1;0;1;2;-23,86213995;-46,94718508;SPRF-SP;DEL04-SP;UOP01-DEL04-SP
633508;08/10/2024;terça-feira;14:40:00;BA;20;165;SAO DESIDERIO;Velocidade Incompatível;Tombamento;Com Vítimas Feridas;Pleno dia;Decrescente;Céu Claro;Simples;"Reta;Declive";Não;4;0;0;1;0;4;1;4;-12,490812;-45,888315;SPRF-BA;DEL10-BA;UOP01-DEL10-BA
633512;09/07/2024;terça-feira;14:30:00;MT;163;763;SORRISO;Reação tardia ou ineficiente do condutor;Colisão frontal;Sem Vítimas;Pleno dia;Crescente;Céu Claro;Simples;"Em Obras;Reta";Não;3;0;0;0;2;4;0;6;-12,4594725;-55,66618672;SPRF-MT;DEL06-MT;UOP01-DEL06-MT
633515;08/10/2024;terça-feira;17:15:00;GO;50;280,6;CATALAO;Desrespeitar a preferência no cruzamento;Colisão traseira;Sem Vítimas;Anoitecer;Crescente;Céu Claro;Simples;Rotatória;Sim;2;0;0;0;2;0;0;2;-18,1784;-47,9362;SPRF-GO;DEL06-GO;UOP01-DEL06-GO
633516;08/10/2024;terça-feira;17:35:00;PR;376;451,2;TIBAGI;Demais falhas mecânicas ou elétricas;Colisão transversal;Sem Vítimas;Pleno dia;Decrescente;Nublado;Dupla;"Aclive;Curva";Não;3;0;0;0;2;1;0;3;-24,87578568;-50,44301212;SPRF-PR;DEL03-PR;UOP02-DEL03-PR
633519;08/10/2024;terça-feira;18:00:00;SE;235;3,2;ARACAJU;Condutor deixou de manter distância do veículo da frente;Colisão frontal;Com Vítimas Feridas;Anoitecer;Crescente;Céu Claro;Dupla;Reta;Sim;5;0;3;1;1;0;4;2;-10,9059;-37,111;SPRF-SE;DEL01-SE;UOP01-DEL01-SE
633522;08/10/2024;terça-feira;18:07:00;RS;470;215,6;BENTO GONCALVES;Condutor deixou de manter distância do veículo da frente;Colisão traseira;Com Vítimas Feridas;Anoitecer;Decrescente;Garoa/Chuvisco;Simples;Reta;Sim;3;0;1;0;0;2;1;3;-29,16378577;-51,5253371;SPRF-RS;DEL06-RS;UOP01-DEL06-RS
633527;08/10/2024;terça-feira;14:10:00;PR;163;232,9;TOLEDO;Velocidade Incompatível;Saída de leito carroçável;Com Vítimas Fatais;Pleno dia;Decrescente;Céu Claro;Dupla;"Aclive;Reta";Não;3;1;0;0;1;2;0;4;-24,7835553;-53,677414;SPRF-PR;DEL04-PR;UOP01-DEL04-PR
633535;08/10/2024;terça-feira;19:12:00;PR;277;1,3;PARANAGUA;Reação tardia ou ineficiente do condutor;Colisão traseira;Com Vítimas Feridas;Plena Noite;Crescente;Céu Claro;Dupla;Reta;Sim;5;0;1;0;3;2;1;4;-25,55287;-48,55419;SPRF-PR;DEL01-PR;UOP05-DEL01-PR
633536;08/10/2024;terça-feira;18:40:00;PR;153;91,4;JAPIRA;Ultrapassagem Indevida;Saída de leito carroçável;Com Vítimas Feridas;Anoitecer;Decrescente;Céu Claro;Simples;Curva;Não;6;0;3;0;3;0;3;2;-23,69594408;-50,17541587;SPRF-PR;DEL07-PR;UOP04-DEL07-PR
633538;08/10/2024;terça-feira;18:20:00;BA;20;188;LUIS EDUARDO MAGALHAES;Ultrapassagem Indevida;Tombamento;Sem Vítimas;Plena Noite;Crescente;Céu Claro;Simples;Reta;Não;2;0;0;0;1;1;0;2;-12,297309;-45,848243;SPRF-BA;DEL10-BA;UOP01-DEL10-BA
633548;08/10/2024;terça-feira;19:20:00;MG;50;195;DELTA;Manobra de mudança de faixa;Engavetamento;Com Vítimas Feridas;Plena Noite;Crescente;Nublado;Dupla;"Reta;Declive";Não;5;0;2;0;2;2;2;5;-19,89522626;-47,84311039;SPRF-MG;DEL13-MG;UOP01-DEL13-MG
633551;08/10/2024;terça-feira;19:05:00;MT;70;2,7;BARRA DO GARCAS;Conversão proibida;Colisão transversal;Com Vítimas Feridas;Plena Noite;Crescente;Céu Claro;Simples;Reta;Sim;4;0;0;1;3;0;1;2;-15,88749699;-52,26810568;SPRF-MT;DEL07-MT;UOP01-DEL07-MT