id;data_inversa;dia_semana;horario;uf;br;km;municipio;causa_acidente;tipo_acidente;classificacao_acidente;fase_dia;sentido_via;condicao_metereologica;tipo_pista;tracado_via;uso_solo;pessoas;mortos;feridos_leves;feridos_graves;ilesos;ignorados;feridos;veiculos;latitude;longitude;regional;delegacia;uop
633552;08/10/2024;terça-feira;21:15:00;PR;376;1,5;MARINGA;Entrada inopinada do pedestre;Atropelamento de Pedestre;Com Vítimas Fatais;Plena Noite;Decrescente;Céu Claro;Dupla;Reta;Sim;3;1;0;0;0;2;0;2;-23,39999516;-51,97839439;SPRF-PR;DEL09-PR;UOP01-DEL09-PR
633553;08/10/2024;terça-feira;19:30:00;MG;40;570;NOVA LIMA;Acessar a via sem observar a presença dos outros veículos;Colisão traseira;Sem Vítimas;Plena Noite;Decrescente;Céu Claro;Dupla;Reta;Não;2;0;0;0;2;0;0;2;-20,21286706;-43,97263241;SPRF-MG;DEL01-MG;UOP02-DEL01-MG
633555;08/10/2024;terça-feira;22:00:00;MG;251;473,3;FRANCISCO SA;Pista Escorregadia;Saída de leito carroçável;Com Vítimas Feridas;Plena Noite;Crescente;Chuva;Simples;"Declive;Curva";Não;3;0;1;1;0;1;2;2;-16,47012768;-43,44753404;SPRF-MG;DEL12-MG;UOP01-DEL12-MG
633560;08/10/2024;terça-feira;21:20:00;PR;376;282,8;MARILANDIA DO SUL;Reação tardia ou ineficiente do condutor;Saída de leito carroçável;Com Vítimas Feridas;Plena Noite;Decrescente;Céu Claro;Dupla;Curva;Não;2;0;1;0;0;1;1;2;-23,841;-51,26;SPRF-PR;DEL07-PR;UOP02-DEL07-PR
633562;08/10/2024;terça-feira;21:30:00;SC;101;371,9;ICARA;Condutor Dormindo;Saída de leito carroçável;Com Vítimas Feridas;Plena Noite;Crescente;Garoa/Chuvisco;Dupla;Reta;Não;2;0;1;0;0;1;1;2;-28,71416107;-49,22115326;SPRF-SC;DEL02-SC;UOP01-DEL02-SC
633564;08/10/2024;terça-feira;21:00:00;GO;153;580;PROFESSOR JAMIL;Velocidade Incompatível;Saída de leito carroçável;Com Vítimas Feridas;Plena Noite;Crescente;Chuva;Dupla;"Curva;Declive";Não;2;0;1;0;0;1;1;2;-17,3851;-49,2343;SPRF-GO;DEL03-GO;UOP01-DEL03-GO
633566;08/10/2024;terça-feira;18:50:00;RO;364;757;PORTO VELHO;Ausência de sinalização;Atropelamento de Pedestre;Com Vítimas Feridas;Anoitecer;Crescente;Nublado;Simples;Reta;Não;5;0;2;0;2;1;2;4;-9,08254999;-64,072951;SPRF-RO;DEL01-RO;UOP02-DEL01-RO
633567;08/10/2024;terça-feira;18:50:00;PR;277;467,7;NOVA LARANJEIRAS;Ingestão de álcool pelo condutor;Colisão frontal;Com Vítimas Feridas;Plena Noite;Decrescente;Céu Claro;Simples;"Declive;Reta";Não;3;0;1;0;1;1;1;3;-25,34850811;-52,48961514;SPRF-PR;DEL04-PR;UOP02-DEL04-PR
633569;08/10/2024;terça-feira;23:40:00;SP;116;562;BARRA DO TURVO;Reação tardia ou ineficiente do condutor;Saída de leito carroçável;Com Vítimas Feridas;Plena Noite;Decrescente;Céu Claro;Simples;Curva;Não;2;0;1;0;0;1;1;2;-25,02464023;-48,52213701;SPRF-SP;DEL05-SP;UOP02-DEL05-SP
633574;08/10/2024;terça-feira;23:00:00;MG;381;754;TRES CORACOES;Reação tardia ou ineficiente do condutor;Colisão traseira;Com Vítimas Feridas;Plena Noite;Crescente;Céu Claro;Dupla;Reta;Sim;2;0;0;1;0;1;1;2;-21,68626885;-45,34601116;SPRF-MG;DEL16-MG;UOP02-DEL16-MG
633575;08/10/2024;terça-feira;23:40:00;SP;116;99;PINDAMONHANGABA;Falta de acostamento;Atropelamento de Pedestre;Com Vítimas Fatais;Plena Noite;Decrescente;Nublado;Múltipla;Declive;Sim;2;1;0;0;0;1;0;2;-22,98236971;-45,46436617;SPRF-SP;DEL08-SP;UOP01-DEL08-SP
633576;09/10/2024;quarta-feira;01:25:00;BA;116;458;SANTO ESTEVAO;Ausência de reação do condutor;Colisão traseira;Com Vítimas Feridas;Plena Noite;Crescente;Céu Claro;Dupla;Aclive;Não;3;0;0;1;1;2;1;4;-12,41591314;-39,19120591;SPRF-BA;DEL02-BA;UOP01-DEL02-BA
633580;09/10/2024;quarta-feira;01:15:00;MG;262;604;CAMPOS ALTOS;Pista esburacada;Saída de leito carroçável;Com Vítimas Feridas;Plena Noite;Decrescente;Céu Claro;Simples;Reta;Não;2;0;1;0;0;1;1;2;-19,64303802;-46,24914201;SPRF-MG;DEL08-MG;UOP02-DEL08-MG
633584;08/10/2024;terça-feira;18:15:00;PI;407;441;GEMINIANO;Estacionar ou parar em local proibido;Colisão com objeto;Com Vítimas Feridas;Plena Noite;Crescente;Céu Claro;Simples;"Reta;Declive";Não;4;0;0;1;1;2;1;3;-7,19210748;-41,31583538;SPRF-PI;DEL04-PI;UOP01-DEL04-PI
633586;09/10/2024;quarta-feira;05:00:00;MT;364;339;SANTO ANTONIO DO LEVERGER;Ausência de reação do condutor;Saída de leito carroçável;Com Vítimas Feridas;Amanhecer;Decrescente;Céu Claro;Dupla;Declive;Não;6;0;1;0;4;5;1;8;-15,83711384;-55,48560703;SPRF-MT;DEL05-MT;UOP02-DEL05-MT
633601;09/10/2024;quarta-feira;05:30:00;MG;381;602,5;OLIVEIRA;Reação tardia ou ineficiente do condutor;Saída de leito carroçável;Sem Vítimas;Amanhecer;Decrescente;Céu Claro;Dupla;Curva;Não;2;0;0;0;1;1;0;2;-20,64093399;-44,73754786;SPRF-MG;DEL04-MG;UOP01-DEL04-MG
633608;08/10/2024;terça-feira;23:00:00;MA;135;159,2;SAO MATEUS DO MARANHAO;Ausência de reação do condutor;Saída de leito carroçável;Com Vítimas Feridas;Plena Noite;Decrescente;Céu Claro;Simples;Reta;Não;5;0;2;0;0;3;2;3;-3,83869814;-44,50986831;SPRF-MA;DEL03-MA;UOP01-DEL03-MA
633617;09/10/2024;quarta-feira;08:50:00;AL;101;136;SAO MIGUEL DOS CAMPOS;Suicídio (presumido);Atropelamento de Pedestre;Com Vítimas Feridas;Pleno dia;Decrescente;Céu Claro;Simples;"Interseção de Vias;Reta;Declive;Rotatória;Em Obras";Sim;3;0;0;1;1;1;1;3;-9,79314019;-36,10751152;SPRF-AL;DEL02-AL;UOP01-DEL02-AL
633621;31/08/2024;sábado;15:00:00;MG;365;166;PIRAPORA;Ausência de reação do condutor;Saída de leito carroçável;Com Vítimas Feridas;Pleno dia;Crescente;Sol;Simples;Reta;Não;2;0;0;1;0;1;1;2;-17,37357599;-44,94850159;SPRF-MG;DEL10-MG;UOP02-DEL010-MG
633626;09/10/2024;quarta-feira;07:40:00;GO;153;571,4;PROFESSOR JAMIL;Velocidade Incompatível;Colisão lateral mesmo sentido;Com Vítimas Feridas;Pleno dia;Crescente;Céu Claro;Dupla;Reta;Não;3;0;1;0;1;2;1;4;-17,3118;-49,238;SPRF-GO;DEL03-GO;UOP01-DEL03-GO
633630;09/10/2024;quarta-feira;09:50:00;PE;101;123,2;ESCADA;Manobra de mudança de faixa;Colisão lateral mesmo sentido;Com Vítimas Feridas;Pleno dia;Decrescente;Céu Claro;Dupla;Curva;Não;4;0;0;1;2;1;1;3;-8,35963442;-35,20419694;SPRF-PE;DEL01-PE;UOP03-DEL01-PE
633632;09/10/2024;quarta-feira;09:10:00;PR;116;144;MANDIRITUBA;Reação tardia ou ineficiente do condutor;Colisão frontal;Com Vítimas Feridas;Pleno dia;Crescente;Chuva;Simples;Reta;Não;4;0;2;0;1;1;2;4;-25,797326;-49,329045;SPRF-PR;DEL01-PR;UOP03-DEL01-PR
633634;09/10/2024;quarta-feira;07:20:00;PE;104;96,7;AGRESTINA;Condutor deixou de manter distância do veículo da frente;Colisão traseira;Com Vítimas Feridas;Pleno dia;Crescente;Céu Claro;Simples;Curva;Não;4;0;3;0;1;0;3;3;-8,531186;-35,938961;SPRF-PE;DEL02-PE;UOP03-DEL02-PE
633636;09/10/2024;quarta-feira;09:10:00;GO;452;60,3;MAURILANDIA;Transitar na contramão;Colisão lateral sentido oposto;Com Vítimas Feridas;Pleno dia;Decrescente;Céu Claro;Simples;Reta;Não;3;0;1;0;1;3;1;5;-18,00065206;-50,390369;SPRF-GO;DEL04-GO;UOP01-DEL04-GO
633637;09/10/2024;quarta-feira;10:45:00;TO;153;140,5;ARAGUAINA;Acessar a via sem observar a presença dos outros veículos;Colisão transversal;Com Vítimas Feridas;Pleno dia;Decrescente;Céu Claro;Dupla;Rotatória;Sim;3;0;1;0;2;0;1;2;-7,175959;-48,219548;SPRF-TO;DEL02-TO;UOP01-DEL02-TO
633640;09/10/2024;quarta-feira;10:00:00;BA;324;557;AMELIA RODRIGUES;Avarias e/ou desgaste excessivo no pneu;Tombamento;Com Vítimas Feridas;Pleno dia;Crescente;Céu Claro;Dupla;Reta;Não;2;0;1;0;0;1;1;2;-12,47640414;-38,6752181;SPRF-BA;DEL01-BA;UOP03-DEL01-BA
633642;09/10/2024;quarta-feira;08:20:00;RJ;101;315;SAO GONCALO;Acessar a via sem observar a presença dos outros veículos;Tombamento;Com Vítimas Feridas;Pleno dia;Crescente;Céu Claro;Dupla;Reta;Sim;2;0;1;0;0;1;1;2;-22,82262092;-43,08460805;SPRF-RJ;DEL02-RJ;UOP02-DEL02-RJ
633645;09/10/2024;quarta-feira;11:30:00;RS;285;199,9;LAGOA VERMELHA;Reação tardia ou ineficiente do condutor;Colisão lateral mesmo sentido;Com Vítimas Fatais;Pleno dia;Decrescente;Chuva;Simples;Rotatória;Sim;3;1;0;0;1;1;0;3;-28,20426158;-51,53006315;SPRF-RS;DEL08-RS;UOP05-DEL08-RS
633648;25/09/2024;quarta-feira;22:50:00;MG;262;423,4;IGARATINGA;Condutor Dormindo;Colisão traseira;Com Vítimas Feridas;Plena Noite;Crescente;Céu Claro;Dupla;Reta;Não;4;0;1;0;2;2;1;5;-19,88411644;-44,73943306;SPRF-MG;DEL08-MG;UOP03-DEL08-MG
633649;09/10/2024;quarta-feira;11:35:00;SP;116;360;MIRACATU;Ausência de reação do condutor;Tombamento;Com Vítimas Feridas;Pleno dia;Decrescente;Garoa/Chuvisco;Dupla;"Curva;Aclive";Não;2;0;1;0;0;1;1;2;-24,11248793;-47,26510606;SPRF-SP;DEL04-SP;UOP03-DEL04-SP
633652;09/10/2024;quarta-feira;12:40:00;PB;230;148;CAMPINA GRANDE;Manobra de mudança de faixa;Colisão lateral mesmo sentido;Sem Vítimas;Pleno dia;Decrescente;Céu Claro;Dupla;"Interseção de Vias;Retorno Regulamentado";Sim;2;0;0;0;2;0;0;2;-7,238;-35,8656;SPRF-PB;DEL02-PB;UOP01-DEL02-PB
633654;09/10/2024;quarta-feira;12:10:00;MS;163;486,2;CAMPO GRANDE;Ultrapassagem Indevida;Colisão lateral mesmo sentido;Com Vítimas Fatais;Pleno dia;Crescente;Nublado;Simples;Reta;Sim;4;1;0;0;2;4;0;7;-20,4336361;-54,54376745;SPRF-MS;DEL01-MS;UOP02-DEL01-MS
633655;26/09/2024;quinta-feira;16:00:00;AL;104;80;RIO LARGO;Condutor Dormindo;Saída de leito carroçável;Com Vítimas Feridas;Pleno dia;Crescente;Nublado;Dupla;Curva;Não;1;0;1;0;0;0;1;1;-9,44386226;-35,83456457;SPRF-AL;DEL01-AL;UOP01-DEL01-AL
633659;09/10/2024;quarta-feira;08:50:00;PR;376;346;ORTIGUEIRA;Velocidade Incompatível;Tombamento;Com Vítimas Feridas;Pleno dia;Decrescente;Chuva;Simples;Curva;Não;2;0;1;0;0;2;1;3;-24,173281;-50,965611;SPRF-PR;DEL07-PR;UOP02-DEL07-PR
633663;09/10/2024;quarta-feira;13:50:00;CE;116;25;AQUIRAZ;Condutor deixou de manter distância do veículo da frente;Colisão traseira;Com Vítimas Feridas;Pleno dia;Decrescente;Céu Claro;Dupla;Reta;Não;3;0;2;0;0;1;2;3;-3,96633279;-38,51525324;SPRF-CE;DEL01-CE;UOP02-DEL01-CE
633664;09/10/2024;quarta-feira;13:00:00;SC;101;114,5;ITAJAI;Mal súbito do condutor;Colisão traseira;Com Vítimas Feridas;Pleno dia;Crescente;Chuva;Múltipla;Reta;Não;3;0;1;0;2;0;1;2;-26,86192886;-48,7286704;SPRF-SC;DEL04-SC;UOP04-DEL04-SC
633667;09/10/2024;quarta-feira;13:56:00;DF;40;2,4;BRASILIA;Transitar no Acostamento;Colisão lateral sentido oposto;Com Vítimas Feridas;Pleno dia;Crescente;Nublado;Dupla;Reta;Sim;2;0;0;1;1;0;1;2;-15,99435;-47,985947;SPRF-DF;DEL01-DF;UOP01-DEL01-DF
633671;09/10/2024;quarta-feira;13:30:00;MG;381;486;BETIM;Ingestão de substâncias psicoativas pelo condutor;Colisão lateral mesmo sentido;Sem Vítimas;Pleno dia;Decrescente;Céu Claro;Dupla;"Aclive;Curva";Sim;5;0;0;0;2;4;0;5;-19,95563597;-44,1175468;SPRF-MG;DEL01-MG;UOP03-DEL01-MG
633681;09/10/2024;quarta-feira;13:40:00;MA;10;160,5;PORTO FRANCO;Condutor deixou de manter distância do veículo da frente;Colisão lateral mesmo sentido;Com Vítimas Feridas;Pleno dia;Decrescente;Céu Claro;Simples;Reta;Não;2;0;0;1;1;0;1;2;-6,320334;-47,368732;SPRF-MA;DEL04-MA;UOP02-DEL04-MA
633682;09/10/2024;quarta-feira;14:11:00;PR;116;178;QUITANDINHA;Ausência de reação do condutor;Saída de leito carroçável;Com Vítimas Feridas;Pleno dia;Decrescente;Garoa/Chuvisco;Simples;Reta;Não;2;0;0;1;0;1;1;2;-25,89793877;-49,55429609;SPRF-PR;DEL01-PR;UOP03-DEL01-PR
633684;09/10/2024;quarta-feira;13:40:00;MG;381;820,3;CAREACU;Demais falhas mecânicas ou elétricas;Atropelamento de Pedestre;Com Vítimas Feridas;Pleno dia;Crescente;Céu Claro;Dupla;"Reta;Ponte";Não;4;0;0;2;1;3;2;5;-22,1081057;-45,74028007;SPRF-MG;DEL16-MG;UOP02-DEL16-MG
633687;09/10/2024;quarta-feira;14:15:00;SC;285;35,3;TIMBE DO SUL;Acessar a via sem observar a presença dos outros veículos;Colisão transversal;Com Vítimas Feridas;Pleno dia;Decrescente;Chuva;Simples;"Curva;Interseção de Vias";Não;2;0;1;0;1;0;1;2;-28,82772543;-49,84693944;SPRF-SC;DEL02-SC;UOP02-DEL02-SC
633691;09/10/2024;quarta-feira;13:40:00;PR;277;168;PALMEIRA;Chuva;Saída de leito carroçável;Com Vítimas Feridas;Pleno dia;Decrescente;Chuva;Simples;Curva;Não;1;0;0;1;0;0;1;1;-25,463437;-49,926607;SPRF-PR;DEL03-PR;UOP03-DEL03-PR
633692;09/10/2024;quarta-feira;14:55:00;MS;262;393,7;TERENOS;Reação tardia ou ineficiente do condutor;Colisão lateral sentido oposto;Com Vítimas Feridas;Pleno dia;Crescente;Chuva;Simples;"Reta;Viaduto";Não;3;0;1;0;2;0;1;3;-20,42383533;-54,9637038;SPRF-MS;DEL01-MS;UOP03-DEL01-MS
633697;09/10/2024;quarta-feira;14:44:00;GO;70;43;COCALZINHO DE GOIAS;Manobra de mudança de faixa;Colisão traseira;Com Vítimas Fatais;Pleno dia;Decrescente;Nublado;Simples;Curva;Não;2;1;0;0;1;0;0;2;-15,77228097;-48,55901871;SPRF-DF;DEL03-DF;UOP02-DEL03-DF
633698;09/10/2024;quarta-feira;15:00:00;PR;153;348;REBOUCAS;Pista Escorregadia;Colisão frontal;Com Vítimas Fatais;Pleno dia;Crescente;Chuva;Simples;Curva;Não;5;1;1;0;1;2;1;4;-25,59543291;-50,68809516;SPRF-PR;DEL08-PR;UOP02-DEL08-PR
633701;09/10/2024;quarta-feira;13:24:00;MT;163;829;SINOP;Reação tardia ou ineficiente do condutor;Saída de leito carroçável;Com Vítimas Feridas;Pleno dia;Decrescente;Céu Claro;Dupla;Rotatória;Sim;2;0;1;0;0;3;1;4;-11,91407279;-55,50912452;SPRF-MT;DEL06-MT;UOP02-DEL06-MT
633705;09/10/2024;quarta-feira;16:30:00;RS;470;221;BENTO GONCALVES;Acessar a via sem observar a presença dos outros veículos;Colisão transversal;Sem Vítimas;Pleno dia;Decrescente;Chuva;Simples;Rotatória;Não;4;0;0;0;4;0;0;2;-29,19516365;-51,51950463;SPRF-RS;DEL06-RS;UOP01-DEL06-RS
633717;09/10/2024;quarta-feira;16:20:00;RO;364;118,5;PIMENTA BUENO;Condutor Dormindo;Colisão lateral sentido oposto;Com Vítimas Feridas;Pleno dia;Crescente;Sol;Simples;Reta;Não;4;0;0;1;1;4;1;6;-12,137385;-60,727855;SPRF-RO;DEL02-RO;UOP02-DEL02-RO
633721;09/10/2024;quarta-feira;17:20:00;RJ;465;3;SEROPEDICA;Condutor deixou de manter distância do veículo da frente;Colisão traseira;Sem Vítimas;Pleno dia;Decrescente;Céu Claro;Simples;"Aclive;Curva";Não;2;0;0;0;2;0;0;2;-22,73427;-43,711994;SPRF-RJ;DEL06-RJ;UOP02-DEL06-RJ
633722;09/10/2024;quarta-feira;14:00:00;PR;476;46,9;TUNAS DO PARANA;Reação tardia ou ineficiente do condutor;Colisão lateral sentido oposto;Com Vítimas Feridas;Pleno dia;Decrescente;Chuva;Simples;Curva;Não;9;0;1;0;7;1;1;3;-24,91391828;-49,09472466;SPRF-PR;DEL01-PR;UOP01-DEL01-PR
633723;09/10/2024;quarta-feira;14:35:00;SC;280;154,5;MAFRA;Reação tardia ou ineficiente do condutor;Saída de leito carroçável;Com Vítimas Feridas;Pleno dia;Crescente;Chuva;Simples;"Aclive;Reta";Não;1;0;1;0;0;0;1;1;-26,21284883;-49,72171783;SPRF-SC;DEL06-SC;UOP03-DEL06-SC
633724;09/10/2024;quarta-feira;16:00:00;BA;324;544;AMELIA RODRIGUES;Demais falhas mecânicas ou elétricas;Saída de leito carroçável;Com Vítimas Feridas;Pleno dia;Decrescente;Céu Claro;Dupla;Curva;Não;2;0;1;0;0;1;1;2;-12,40054897;-38,75968599;SPRF-BA;DEL01-BA;UOP03-DEL01-BA
633727;09/10/2024;quarta-feira;10:00:00;SC;282;384,5;JOACABA;Chuva;Saída de leito carroçável;Com Vítimas Feridas;Pleno dia;Decrescente;Chuva;Simples;"Declive;Curva";Não;1;0;0;1;0;0;1;1;-27,20396037;-51,51472628;SPRF-SC;DEL07-SC;UOP05-DEL07-SC
633729;09/10/2024;quarta-feira;12:30:00;PR;376;435,5;TIBAGI;Ausência de reação do condutor;Tombamento;Com Vítimas Feridas;Pleno dia;Decrescente;Chuva;Dupla;Curva;Não;1;0;1;0;0;0;1;1;-24,82838892;-50,47874774;SPRF-PR;DEL03-PR;UOP02-DEL03-PR
633732;09/10/2024;quarta-feira;15:15:00;MG;251;472,7;GRAO MOGOL;Velocidade Incompatível;Colisão frontal;Com Vítimas Fatais;Pleno dia;Crescente;Chuva;Simples;"Curva;Declive";Não;4;1;1;1;0;1;2;3;-16,4669101;-43,43947986;SPRF-MG;DEL12-MG;UOP01-DEL12-MG
633744;09/10/2024;quarta-feira;20:25:00;RS;386;354,4;ESTRELA;Pedestre andava na pista;Atropelamento de Pedestre;Com Vítimas Feridas;Plena Noite;Crescente;Nublado;Dupla;Reta;Não;4;0;0;1;3;0;1;2;-29,506611;-51,943012;SPRF-RS;DEL04-RS;UOP01-DEL04-RS
633745;09/10/2024;quarta-feira;20:00:00;SP;116;107;TAUBATE;Reação tardia ou ineficiente do condutor;Colisão com objeto;Com Vítimas Feridas;Plena Noite;Decrescente;Céu Claro;Dupla;Reta;Sim;3;0;2;0;1;0;2;2;-23,01791287;-45,53009409;SPRF-SP;DEL02-SP;UOP02-DEL02-SP
633747;09/10/2024;quarta-feira;19:15:00;MG;365;550;ESTRELA DO SUL;Transitar na contramão;Colisão frontal;Com Vítimas Fatais;Plena Noite;Crescente;Céu Claro;Simples;Ponte;Não;4;1;0;0;2;1;0;4;-18,93140696;-47,685297;SPRF-MG;DEL15-MG;UOP02-DEL15-MG
633763;09/10/2024;quarta-feira;22:20:00;SP;381;48;ATIBAIA;Acesso irregular;Atropelamento de Pedestre;Com Vítimas Fatais;Plena Noite;Decrescente;Céu Claro;Dupla;Reta;Sim;4;1;0;0;2;1;0;2;-23,19720018;-46,58736556;SPRF-SP;DEL03-SP;UOP01-DEL03-SP
633764;09/10/2024;quarta-feira;21:30:00;PR;116;12,5;COLOMBO;Chuva;Colisão traseira;Com Vítimas Feridas;Plena Noite;Crescente;Garoa/Chuvisco;Dupla;Reta;Sim;2;0;1;0;0;1;1;2;-25,3755;-49,1496;SPRF-PR;DEL01-PR;UOP02-DEL01-PR
633766;09/10/2024;quarta-feira;17:20:00;SC;470;13;LUIZ ALVES;Pista Escorregadia;Colisão lateral mesmo sentido;Com Vítimas Feridas;Pleno dia;Decrescente;Chuva;Dupla;Curva;Sim;2;0;1;0;1;0;1;2;-26,839108;-48,766262;SPRF-SC;DEL04-SC;UOP04-DEL04-SC
633768;09/10/2024;quarta-feira;22:50:00;BA;101;248;CONCEICAO DO ALMEIDA;Condutor Dormindo;Colisão frontal;Com Vítimas Feridas;Plena Noite;Crescente;Céu Claro;Simples;Reta;Não;4;0;1;0;1;4;1;5;-12,984957;-39,291156;SPRF-BA;DEL01-BA;UOP02-DEL01-BA
633770;09/10/2024;quarta-feira;20:30:00;RS;287;345;JAGUARI;Acessar a via sem observar a presença dos outros veículos;Colisão transversal;Sem Vítimas;Plena Noite;Crescente;Nublado;Simples;"Reta;Interseção de Vias;Aclive";Não;2;0;0;0;1;1;0;2;-29,55464378;-54,67906237;SPRF-RS;DEL12-RS;UOP02-DEL12-RS
633772;21/08/2024;quarta-feira;06:20:00;MG;381;447;SABARA;Velocidade Incompatível;Tombamento;Com Vítimas Feridas;Amanhecer;Decrescente;Céu Claro;Simples;"Curva;Declive";Não;3;0;1;0;1;3;1;5;-19,83447607;-43,85011601;SPRF-MG;DEL01-MG;UOP01-DEL01-MG
633775;09/10/2024;quarta-feira;22:00:00;MG;262;48;MANHUACU;Velocidade Incompatível;Tombamento;Com Vítimas Feridas;Plena Noite;Decrescente;Chuva;Simples;Curva;Não;2;0;1;0;0;1;1;2;-20,25373412;-42,12287611;SPRF-MG;DEL06-MG;UOP03-DEL06-MG
633778;10/10/2024;quinta-feira;01:00:00;DF;20;19;BRASILIA;Chuva;Saída de leito carroçável;Sem Vítimas;Plena Noite;Decrescente;Chuva;Dupla;"Declive;Reta";Sim;1;0;0;0;1;0;0;1;-15,612175;-47,700928;SPRF-DF;DEL02-DF;UOP01-DEL02-DF
633780;09/10/2024;quarta-feira;23:00:00;MG;381;946,8;EXTREMA;Condutor deixou de manter distância do veículo da frente;Colisão traseira;Com Vítimas Feridas;Plena Noite;Crescente;Céu Claro;Dupla;"Curva;Aclive";Não;3;0;1;0;1;2;1;4;-22,87479042;-46,36655782;SPRF-MG;DEL16-MG;UOP03-DEL16-MG
633785;10/10/2024;quinta-feira;02:06:00;PR;376;283;MAUA DA SERRA;Neblina;Colisão com objeto;Sem Vítimas;Plena Noite;Decrescente;Garoa/Chuvisco;Simples;Reta;Não;2;0;0;0;1;1;0;2;-23,8748749;-51,25339287;SPRF-PR;DEL07-PR;UOP02-DEL07-PR
633787;10/10/2024;quinta-feira;01:25:00;PR;116;26,5;CAMPINA GRANDE DO SUL;Reação tardia ou ineficiente do condutor;Saída de leito carroçável;Com Vítimas Feridas;Plena Noite;Decrescente;Chuva;Dupla;Curva;Não;1;0;1;0;0;0;1;1;-25,10683694;-48,785333;SPRF-PR;DEL01-PR;UOP02-DEL01-PR
633789;10/10/2024;quinta-feira;01:05:00;RJ;393;262,8;BARRA DO PIRAI;Velocidade Incompatível;Tombamento;Com Vítimas Feridas;Plena Noite;Crescente;Chuva;Simples;Curva;Não;2;0;1;0;0;1;1;2;-22,46663184;-43,85828802;SPRF-RJ;DEL05-RJ;UOP04-DEL05-RJ
633790;09/10/2024;quarta-feira;22:05:00;BA;101;543;SAO JOSE DA VITORIA;Velocidade Incompatível;Colisão frontal;Com Vítimas Fatais;Plena Noite;Crescente;Céu Claro;Simples;Curva;Não;4;1;0;1;1;7;1;9;-15,09499666;-39,35165405;SPRF-BA;DEL05-BA;UOP02-DEL05-BA
633792;10/10/2024;quinta-feira;03:40:00;GO;60;338;SANTO ANTONIO DA BARRA;Ausência de reação do condutor;Tombamento;Com Vítimas Feridas;Plena Noite;Crescente;Céu Claro;Dupla;Reta;Não;1;0;1;0;0;0;1;1;-17,5441;-50,5909;SPRF-GO;DEL04-GO;UOP02-DEL04-GO
633793;10/10/2024;quinta-feira;05:43:00;TO;153;333;GUARAI;Acessar a via sem observar a presença dos outros veículos;Colisão transversal;Com Vítimas Feridas;Amanhecer;Crescente;Ignorado;Dupla;Interseção de Vias;Sim;3;0;1;0;1;2;1;4;-8,826486;-48,51216;SPRF-TO;DEL02-TO;UOP02-DEL02-TO
633796;10/10/2024;quinta-feira;05:45:00;SC;101;188;BIGUACU;Condutor Dormindo;Saída de leito carroçável;Com Vítimas Feridas;Pleno dia;Crescente;Chuva;Múltipla;Reta;Não;2;0;1;0;0;1;1;2;-27,45123421;-48,63370766;SPRF-SC;DEL01-SC;UOP01-DEL01-SC
633797;10/10/2024;quinta-feira;04:05:00;SP;116;145;SAO JOSE DOS CAMPOS;Reação tardia ou ineficiente do condutor;Colisão traseira;Sem Vítimas;Plena Noite;Crescente;Céu Claro;Dupla;Reta;Sim;3;0;0;0;2;1;0;3;-23,1869844;-45,8548078;SPRF-SP;DEL02-SP;UOP01-DEL02-SP
633798;09/10/2024;quarta-feira;21:00:00;MG;251;511;MONTES CLAROS;Condutor Dormindo;Tombamento;Com Vítimas Feridas;Pleno dia;Crescente;Chuva;Simples;Reta;Não;1;0;1;0;0;0;1;1;-16,64971316;-43,71299785;SPRF-MG;DEL12-MG;UOP01-DEL12-MG
633799;10/10/2024;quinta-feira;05:35:00;PR;376;650,3;TIJUCAS DO SUL;Avarias e/ou desgaste excessivo no pneu;Colisão com objeto;Com Vítimas Feridas;Amanhecer;Crescente;Chuva;Dupla;Curva;Não;4;0;1;0;2;1;1;3;-25,84493397;-49,07378197;SPRF-PR;DEL01-PR;UOP04-DEL01-PR
633802;10/10/2024;quinta-feira;05:45:00;MG;251;494,5;FRANCISCO SA;Velocidade Incompatível;Saída de leito carroçável;Com Vítimas Feridas;Pleno dia;Crescente;Chuva;Simples;"Declive;Reta";Não;2;0;1;0;0;1;1;2;-16,55575876;-43,6098222;SPRF-MG;DEL12-MG;UOP01-DEL12-MG
633809;10/10/2024;quinta-feira;04:50:00;PR;277;436;VIRMOND;Chuva;Tombamento;Com Vítimas Feridas;Plena Noite;Decrescente;Chuva;Múltipla;"Curva;Declive";Não;3;0;2;0;0;1;2;2;-25,37374294;-52,22093399;SPRF-PR;DEL04-PR;UOP02-DEL04-PR
633811;09/10/2024;quarta-feira;23:10:00;RJ;40;110;DUQUE DE CAXIAS;Velocidade Incompatível;Saída de leito carroçável;Com Vítimas Feridas;Plena Noite;Decrescente;Garoa/Chuvisco;Múltipla;Reta;Sim;1;0;0;1;0;0;1;1;-22,68289906;-43,28549346;SPRF-RJ;DEL01-RJ;UOP02-DEL01-RJ
633813;10/10/2024;quinta-feira;07:00:00;PR;277;143;BALSA NOVA;Neblina;Engavetamento;Com Vítimas Fatais;Pleno dia;Decrescente;Nublado;Dupla;Curva;Não;19;1;1;6;10;12;7;26;-25,47031957;-49,69272137;SPRF-PR;DEL03-PR;UOP03-DEL03-PR
633817;16/09/2024;segunda-feira;10:00:00;AL;101;42;FLEXEIRAS;Sinalização mal posicionada;Colisão traseira;Sem Vítimas;Pleno dia;Decrescente;Céu Claro;Dupla;"Reta;Em Obras";Não;4;0;0;0;3;3;0;6;-9,178258;-35,779733;SPRF-AL;DEL01-AL;UOP02-DEL01-AL