id;data_inversa;dia_semana;horario;uf;br;km;municipio;causa_acidente;tipo_acidente;classificacao_acidente;fase_dia;sentido_via;condicao_metereologica;tipo_pista;tracado_via;uso_solo;pessoas;mortos;feridos_leves;feridos_graves;ilesos;ignorados;feridos;veiculos;latitude;longitude;regional;delegacia;uop
633820;10/10/2024;quinta-feira;06:45:00;PR;369;178,8;ARAPONGAS;Condutor deixou de manter distância do veículo da frente;Colisão traseira;Com Vítimas Feridas;Pleno dia;Crescente;Céu Claro;Simples;Reta;Não;3;0;0;1;1;1;1;3;-23,36083008;-51,39934838;SPRF-PR;DEL07-PR;UOP03-DEL07-PR
633821;10/10/2024;quinta-feira;07:15:00;SP;116;146;SAO JOSE DOS CAMPOS;Reação tardia ou ineficiente do condutor;Colisão transversal;Sem Vítimas;Pleno dia;Crescente;Céu Claro;Dupla;Reta;Sim;3;0;0;0;3;0;0;2;-23,1869844;-45,8548078;SPRF-SP;DEL02-SP;UOP01-DEL02-SP
633824;10/10/2024;quinta-feira;07:00:00;RS;153;49,8;ERECHIM;Acesso irregular;Colisão lateral sentido oposto;Com Vítimas Feridas;Amanhecer;Decrescente;Nublado;Simples;"Reta;Interseção de Vias";Sim;3;0;1;1;0;1;2;3;-27,65542058;-52,26870244;SPRF-RS;DEL08-RS;UOP04-DEL08-RS
633828;10/10/2024;quinta-feira;03:15:00;MG;365;430;PATOS DE MINAS;Chuva;Colisão transversal;Com Vítimas Fatais;Plena Noite;Crescente;Chuva;Simples;"Declive;Reta";Não;3;1;1;0;1;0;1;2;-18,75724666;-46,65769838;SPRF-MG;DEL10-MG;UOP01-DEL10-MG
633829;10/10/2024;quinta-feira;06:45:00;MG;381;201;PERIQUITO;Demais falhas mecânicas ou elétricas;Colisão lateral sentido oposto;Com Vítimas Feridas;Pleno dia;Decrescente;Céu Claro;Simples;Curva;Não;2;0;1;0;1;0;1;2;-19,18021145;-42,25981359;SPRF-MG;DEL06-MG;UOP01-DEL06-MG
633833;10/10/2024;quinta-feira;09:05:00;MG;381;898,3;CAMBUI;Demais falhas mecânicas ou elétricas;Colisão traseira;Com Vítimas Feridas;Pleno dia;Crescente;Nublado;Dupla;Reta;Não;3;0;1;0;2;0;1;2;-22,60998485;-46,06200457;SPRF-MG;DEL16-MG;UOP03-DEL16-MG
633835;10/10/2024;quinta-feira;09:15:00;MG;381;724,1;CARMO DA CACHOEIRA;Velocidade Incompatível;Colisão traseira;Com Vítimas Feridas;Pleno dia;Decrescente;Céu Claro;Dupla;"Declive;Curva";Não;4;0;0;1;2;2;1;4;-21,49216998;-45,21046112;SPRF-MG;DEL04-MG;UOP02-DEL04-MG
633836;17/08/2024;sábado;04:55:00;SP;116;361;MIRACATU;Velocidade Incompatível;Tombamento;Com Vítimas Feridas;Amanhecer;Decrescente;Céu Claro;Dupla;"Curva;Aclive";Não;2;0;1;0;0;1;1;2;-24,11717019;-47,26764709;SPRF-SP;DEL04-SP;UOP03-DEL04-SP
633838;10/10/2024;quinta-feira;07:15:00;MT;70;525;VARZEA GRANDE;Conversão proibida;Colisão frontal;Com Vítimas Feridas;Pleno dia;Crescente;Sol;Simples;Reta;Sim;4;0;1;0;2;1;1;4;-15,65097388;-56,19824409;SPRF-MT;DEL01-MT;UOP02-DEL01-MT
633843;10/10/2024;quinta-feira;08:15:00;MG;262;896;CAMPO FLORIDO;Reação tardia ou ineficiente do condutor;Colisão traseira;Com Vítimas Feridas;Pleno dia;Crescente;Céu Claro;Dupla;Reta;Não;4;0;1;1;1;4;2;6;-19,76694276;-48,58091387;SPRF-MG;DEL13-MG;UOP02-DEL13-MG
633845;10/10/2024;quinta-feira;07:10:00;PR;272;414;JANIOPOLIS;Ausência de reação do condutor;Colisão traseira;Com Vítimas Feridas;Pleno dia;Crescente;Nublado;Simples;Reta;Não;4;0;1;0;1;3;1;5;-24,13087321;-52,81700598;SPRF-PR;DEL09-PR;UOP03-DEL09-PR
633850;15/06/2024;sábado;10:40:00;MT;364;161;PEDRA PRETA;Ausência de reação do condutor;Colisão traseira;Com Vítimas Feridas;Pleno dia;Crescente;Céu Claro;Simples;Reta;Não;3;0;0;1;0;2;1;3;-16,71321192;-54,27156695;SPRF-MT;DEL02-MT;UOP01-DEL02-MT
633853;09/10/2024;quarta-feira;10:00:00;AM;319;228;BORBA;Demais falhas na via;Saída de leito carroçável;Com Vítimas Feridas;Pleno dia;Decrescente;Céu Claro;Simples;Reta;Não;5;0;3;0;1;1;3;2;-4,50971569;-61,12162143;SPRF-AM;DEL01-AM;UOP04-DEL01-AM
633855;10/10/2024;quinta-feira;10:15:00;GO;50;223,8;CAMPO ALEGRE DE GOIAS;Reação tardia ou ineficiente do condutor;Colisão traseira;Com Vítimas Feridas;Pleno dia;Decrescente;Nublado;Dupla;Reta;Não;3;0;1;0;1;1;1;3;-17,7479;-47,7356;SPRF-GO;DEL06-GO;UOP01-DEL06-GO
633856;10/10/2024;quinta-feira;08:30:00;RS;386;243;SOLEDADE;Reação tardia ou ineficiente do condutor;Colisão traseira;Com Vítimas Feridas;Pleno dia;Crescente;Nublado;Simples;"Reta;Declive;Em Obras";Não;4;0;0;1;2;1;1;4;-28,789598;-52,523708;SPRF-RS;DEL04-RS;UOP03-DEL04-RS
633857;10/10/2024;quinta-feira;01:15:00;RO;364;403,1;OURO PRETO DO OESTE;Condutor Dormindo;Colisão com objeto;Sem Vítimas;Plena Noite;Decrescente;Nublado;Simples;Reta;Não;1;0;0;0;1;0;0;1;-10,58293907;-62,36028809;SPRF-RO;DEL03-RO;UOP02-DEL03-RO
633858;10/10/2024;quinta-feira;10:31:00;SE;101;46,5;CAPELA;Manobra de mudança de faixa;Colisão traseira;Com Vítimas Feridas;Pleno dia;Crescente;Céu Claro;Simples;"Declive;Curva";Não;3;0;1;0;1;2;1;4;-10,57096002;-36,96427168;SPRF-SE;DEL02-SE;UOP02-DEL02-SE
633859;10/10/2024;quinta-feira;09:15:00;MT;364;346;SANTO ANTONIO DO LEVERGER;Reação tardia ou ineficiente do condutor;Tombamento;Com Vítimas Feridas;Pleno dia;Decrescente;Nublado;Dupla;Curva;Não;2;0;0;1;0;1;1;2;-15,81193889;-55,53981241;SPRF-MT;DEL05-MT;UOP02-DEL05-MT
633861;10/10/2024;quinta-feira;10:15:00;SE;235;62,5;ITABAIANA;Carga excessiva e/ou mal acondicionada;Colisão com objeto;Com Vítimas Feridas;Pleno dia;Decrescente;Sol;Simples;Reta;Não;2;0;0;1;0;1;1;2;-10,612578;-37,474567;SPRF-SE;DEL01-SE;UOP02-DEL01-SE
633863;20/09/2024;sexta-feira;18:00:00;RJ;40;120;DUQUE DE CAXIAS;Manobra de mudança de faixa;Colisão lateral mesmo sentido;Com Vítimas Feridas;Plena Noite;Decrescente;Garoa/Chuvisco;Múltipla;Reta;Não;2;0;0;1;0;1;1;2;-22,77280597;-43,28626763;SPRF-RJ;DEL01-RJ;UOP02-DEL01-RJ
633865;10/10/2024;quinta-feira;12:20:00;RS;158;249,5;JULIO DE CASTILHOS;Ultrapassagem Indevida;Colisão com objeto;Com Vítimas Feridas;Pleno dia;Crescente;Céu Claro;Simples;"Reta;Ponte";Não;3;0;1;0;1;3;1;5;-29,11407534;-53,65036011;SPRF-RS;DEL10-RS;UOP02-DEL10-RS
633870;10/10/2024;quinta-feira;12:50:00;PR;277;1;PARANAGUA;Reação tardia ou ineficiente do condutor;Saída de leito carroçável;Com Vítimas Feridas;Pleno dia;Crescente;Nublado;Dupla;Reta;Sim;3;0;1;0;1;3;1;5;-25,568198;-48,615292;SPRF-PR;DEL01-PR;UOP05-DEL01-PR
633871;10/10/2024;quinta-feira;10:15:00;SE;101;33;CAPELA;Demais falhas mecânicas ou elétricas;Incêndio;Sem Vítimas;Pleno dia;Decrescente;Céu Claro;Dupla;"Reta;Declive";Não;1;0;0;0;1;0;0;1;-10,46953007;-36,94610596;SPRF-SE;DEL02-SE;UOP02-DEL02-SE
633872;10/10/2024;quinta-feira;07:30:00;MG;365;155;PIRAPORA;Chuva;Saída de leito carroçável;Com Vítimas Feridas;Pleno dia;Decrescente;Chuva;Simples;Reta;Não;1;0;1;0;0;0;1;1;-17,32423498;-44,89663322;SPRF-MG;DEL10-MG;UOP02-DEL010-MG
633874;10/10/2024;quinta-feira;12:50:00;SC;280;8,9;SAO FRANCISCO DO SUL;Acesso irregular;Colisão lateral mesmo sentido;Com Vítimas Feridas;Pleno dia;Crescente;Chuva;Simples;Reta;Sim;3;0;0;1;1;2;1;4;-26,28425754;-48,64638805;SPRF-SC;DEL03-SC;UOP03-DEL03-SC
633875;06/10/2024;domingo;20:00:00;RJ;116;309;RESENDE;Demais falhas mecânicas ou elétricas;Colisão transversal;Com Vítimas Feridas;Plena Noite;Decrescente;Nublado;Dupla;"Aclive;Reta";Não;4;0;1;1;1;1;2;3;-22,45852838;-44,42672997;SPRF-RJ;DEL07-RJ;UOP02-DEL07-RJ
633876;10/10/2024;quinta-feira;11:50:00;SC;101;6;GARUVA;Chuva;Colisão traseira;Com Vítimas Feridas;Pleno dia;Crescente;Chuva;Dupla;Reta;Sim;6;0;2;0;4;0;2;2;-26,02692002;-48,86142017;SPRF-SC;DEL03-SC;UOP01-DEL03-SC
633878;10/10/2024;quinta-feira;11:16:00;SC;163;72;SAO MIGUEL DO OESTE;Reação tardia ou ineficiente do condutor;Queda de ocupante de veículo;Com Vítimas Feridas;Pleno dia;Crescente;Céu Claro;Dupla;"Reta;Declive;Retorno Regulamentado";Sim;2;0;1;0;1;0;1;2;-26,71908804;-53,5157791;SPRF-SC;DEL07-SC;UOP03-DEL07-SC
633879;08/06/2024;sábado;01:40:00;GO;153;663;GOIATUBA;Condutor Dormindo;Tombamento;Com Vítimas Feridas;Plena Noite;Crescente;Céu Claro;Dupla;"Declive;Reta";Não;1;0;1;0;0;0;1;1;-18,0812;-49,271;SPRF-GO;DEL03-GO;UOP02-DEL03-GO
633882;10/10/2024;quinta-feira;12:55:00;PE;101;72,9;RECIFE;Manobra de mudança de faixa;Queda de ocupante de veículo;Com Vítimas Feridas;Pleno dia;Crescente;Céu Claro;Dupla;Curva;Sim;2;0;1;0;0;1;1;2;-8,092428;-34,947395;SPRF-PE;DEL01-PE;UOP01-DEL01-PE
633885;10/10/2024;quinta-feira;13:00:00;RJ;116;318,3;ITATIAIA;Reação tardia ou ineficiente do condutor;Colisão traseira;Com Vítimas Feridas;Pleno dia;Crescente;Nublado;Dupla;Reta;Não;2;0;1;0;0;1;1;2;-22,46797868;-44,51030403;SPRF-RJ;DEL07-RJ;UOP02-DEL07-RJ
633892;10/10/2024;quinta-feira;11:50:00;MG;116;244,1;TEOFILO OTONI;Ausência de reação do condutor;Atropelamento de Pedestre;Com Vítimas Feridas;Pleno dia;Decrescente;Garoa/Chuvisco;Simples;Reta;Sim;3;0;0;1;2;0;1;2;-17,59451802;-41,49128013;SPRF-MG;DEL11-MG;UOP01-DEL11-MG
633894;10/10/2024;quinta-feira;14:20:00;MG;381;444;SABARA;Pista Escorregadia;Colisão frontal;Com Vítimas Feridas;Pleno dia;Crescente;Chuva;Simples;Reta;Não;3;0;2;0;1;0;2;2;-19,80732736;-43,76317978;SPRF-MG;DEL01-MG;UOP01-DEL01-MG
633895;10/10/2024;quinta-feira;13:30:00;MG;40;768,5;JUIZ DE FORA;Chuva;Colisão frontal;Com Vítimas Feridas;Pleno dia;Crescente;Chuva;Simples;Curva;Não;4;0;2;0;1;1;2;3;-21,58240015;-43,46596328;SPRF-MG;DEL05-MG;UOP01-DEL05-MG
633901;10/10/2024;quinta-feira;09:15:00;SC;101;145;ITAPEMA;Reação tardia ou ineficiente do condutor;Colisão lateral mesmo sentido;Sem Vítimas;Pleno dia;Decrescente;Chuva;Múltipla;Reta;Sim;3;0;0;0;2;1;0;2;-27,08139206;-48,60130993;SPRF-SC;DEL04-SC;UOP03-DEL04-SC
633902;10/10/2024;quinta-feira;14:00:00;SC;470;63,3;INDAIAL;Acessar a via sem observar a presença dos outros veículos;Colisão transversal;Com Vítimas Feridas;Pleno dia;Decrescente;Chuva;Simples;"Reta;Aclive";Não;3;0;0;1;2;0;1;3;-26,87188857;-49,19539332;SPRF-SC;DEL04-SC;UOP01-DEL04-SC
633904;10/10/2024;quinta-feira;13:00:00;SC;101;155;PORTO BELO;Ausência de reação do condutor;Colisão traseira;Com Vítimas Feridas;Pleno dia;Decrescente;Chuva;Dupla;Reta;Sim;2;0;0;1;1;0;1;2;-27,16292;-48,61129;SPRF-SC;DEL04-SC;UOP03-DEL04-SC
633907;10/10/2024;quinta-feira;07:30:00;MG;251;380;GRAO MOGOL;Velocidade Incompatível;Tombamento;Com Vítimas Feridas;Pleno dia;Crescente;Garoa/Chuvisco;Simples;Reta;Não;1;0;1;0;0;0;1;1;-16,29689705;-42,774932;SPRF-MG;DEL12-MG;UOP01-DEL12-MG
633911;07/10/2024;segunda-feira;08:21:00;RJ;116;145;DUQUE DE CAXIAS;Carga excessiva e/ou mal acondicionada;Derramamento de carga;Sem Vítimas;Pleno dia;Decrescente;Céu Claro;Dupla;Reta;Sim;2;0;0;0;1;1;0;2;-22,66237951;-43,25529831;SPRF-RJ;DEL01-RJ;UOP02-DEL01-RJ
633912;10/10/2024;quinta-feira;14:45:00;SC;101;41;JOINVILLE;Ausência de reação do condutor;Colisão traseira;Com Vítimas Feridas;Pleno dia;Decrescente;Chuva;Múltipla;"Reta;Declive";Sim;3;0;1;0;1;2;1;4;-26,31836349;-48,87197256;SPRF-SC;DEL03-SC;UOP01-DEL03-SC
633915;10/10/2024;quinta-feira;11:40:00;RJ;393;243;VASSOURAS;Reação tardia ou ineficiente do condutor;Colisão lateral sentido oposto;Com Vítimas Feridas;Pleno dia;Decrescente;Nublado;Simples;Curva;Não;4;0;0;1;2;2;1;5;-22,43047331;-43,69980995;SPRF-RJ;DEL05-RJ;UOP04-DEL05-RJ
633922;21/09/2024;sábado;23:15:00;PA;316;139,7;PEIXE-BOI;Ausência de reação do condutor;Colisão lateral mesmo sentido;Com Vítimas Feridas;Plena Noite;Crescente;Céu Claro;Simples;Declive;Não;2;0;1;0;0;1;1;2;-1,26637177;-47,27492515;SPRF-PA;DEL01-PA;UOP03-DEL01-PA
633923;10/10/2024;quinta-feira;13:57:00;MG;40;573,7;ITABIRITO;Avarias e/ou desgaste excessivo no pneu;Colisão com objeto;Com Vítimas Feridas;Pleno dia;Crescente;Chuva;Simples;"Reta;Aclive";Não;8;0;3;0;3;4;3;7;-20,2464259;-43,9641674;SPRF-MG;DEL01-MG;UOP02-DEL01-MG
633925;10/10/2024;quinta-feira;16:10:00;PR;376;248,6;APUCARANA;Frear bruscamente;Colisão com objeto;Sem Vítimas;Pleno dia;Crescente;Chuva;Simples;Curva;Sim;3;0;0;0;2;1;0;3;-23,60729;-51,407216;SPRF-PR;DEL07-PR;UOP03-DEL07-PR
633927;10/10/2024;quinta-feira;15:50:00;MG;50;176;UBERABA;Condutor deixou de manter distância do veículo da frente;Colisão traseira;Sem Vítimas;Pleno dia;Crescente;Chuva;Dupla;"Aclive;Reta";Não;4;0;0;0;4;0;0;2;-19,77919981;-47,960032;SPRF-MG;DEL13-MG;UOP01-DEL13-MG
633928;10/10/2024;quinta-feira;14:15:00;SP;381;47,2;ATIBAIA;Reação tardia ou ineficiente do condutor;Colisão com objeto;Sem Vítimas;Pleno dia;Crescente;Nublado;Dupla;Reta;Sim;1;0;0;0;1;0;0;1;-23,191731;-46,58526;SPRF-SP;DEL03-SP;UOP01-DEL03-SP
633929;10/10/2024;quinta-feira;12:20:00;MG;365;85;JEQUITAI;Ausência de reação do condutor;Colisão traseira;Com Vítimas Feridas;Pleno dia;Decrescente;Chuva;Simples;Reta;Não;2;0;0;1;1;0;1;2;-17,16499801;-44,41819599;SPRF-MG;DEL12-MG;UOP01-DEL12-MG
633930;10/10/2024;quinta-feira;14:45:00;PR;153;359,2;RIO AZUL;Velocidade Incompatível;Saída de leito carroçável;Com Vítimas Feridas;Pleno dia;Decrescente;Garoa/Chuvisco;Simples;Reta;Não;3;0;2;1;0;0;3;1;-25,6678841;-50,74541694;SPRF-PR;DEL08-PR;UOP02-DEL08-PR
633935;10/10/2024;quinta-feira;15:30:00;SP;381;13;BRAGANCA PAULISTA;Ausência de sinalização;Colisão traseira;Com Vítimas Feridas;Pleno dia;Decrescente;Chuva;Dupla;"Reta;Declive";Não;4;0;1;0;2;1;1;3;-22,93319831;-46,46980452;SPRF-SP;DEL03-SP;UOP02-DEL03-SP
633938;10/10/2024;quinta-feira;17:21:00;MG;153;92;PRATA;Ultrapassagem Indevida;Colisão frontal;Com Vítimas Feridas;Pleno dia;Crescente;Chuva;Simples;"Aclive;Reta";Não;3;0;1;0;2;0;1;2;-19,1609748;-48,95869957;SPRF-MG;DEL15-MG;UOP03-DEL15-MG
633945;10/10/2024;quinta-feira;16:15:00;MG;381;685,2;RIBEIRAO VERMELHO;Demais falhas mecânicas ou elétricas;Tombamento;Com Vítimas Feridas;Pleno dia;Crescente;Nublado;Dupla;"Declive;Curva";Não;3;0;1;0;1;3;1;5;-21,19177791;-45,11670723;SPRF-MG;DEL04-MG;UOP02-DEL04-MG
633947;10/10/2024;quinta-feira;17:46:00;RN;304;304;PARNAMIRIM;Acessar a via sem observar a presença dos outros veículos;Colisão transversal;Com Vítimas Feridas;Plena Noite;Decrescente;Céu Claro;Dupla;Reta;Sim;2;0;1;0;1;0;1;2;-5,88497076;-35,28078192;SPRF-RN;DEL01-RN;UOP02-DEL01-RN
633950;10/10/2024;quinta-feira;17:50:00;RS;285;488,7;ENTRE-IJUIS;Suicídio (presumido);Atropelamento de Pedestre;Com Vítimas Fatais;Anoitecer;Decrescente;Garoa/Chuvisco;Simples;Reta;Não;3;1;0;0;1;1;0;2;-28,37456098;-54,18860435;SPRF-RS;DEL10-RS;UOP01-DEL10-RS
633953;10/10/2024;quinta-feira;17:30:00;PR;277;176,6;PALMEIRA;Transitar no Acostamento;Colisão lateral mesmo sentido;Com Vítimas Fatais;Anoitecer;Crescente;Céu Claro;Simples;"Reta;Declive";Sim;4;1;0;0;2;1;0;3;-25,43430934;-49,98149807;SPRF-PR;DEL08-PR;UOP02-DEL08-PR
633954;10/10/2024;quinta-feira;18:30:00;MG;251;468,9;GRAO MOGOL;Condutor Dormindo;Tombamento;Com Vítimas Feridas;Plena Noite;Crescente;Nublado;Simples;Reta;Não;2;0;2;0;0;0;2;1;-16,4717;-43,408269;SPRF-MG;DEL12-MG;UOP01-DEL12-MG
633958;10/10/2024;quinta-feira;17:00:00;BA;324;392,9;GAVIAO;Reação tardia ou ineficiente do condutor;Engavetamento;Com Vítimas Feridas;Pleno dia;Decrescente;Céu Claro;Simples;"Reta;Aclive";Não;6;0;1;0;5;0;1;4;-11,53085485;-39,71043986;SPRF-BA;DEL04-BA;UOP02-DEL04-BA
633970;10/10/2024;quinta-feira;16:10:00;MG;262;48,8;MANHUACU;Ausência de reação do condutor;Tombamento;Com Vítimas Fatais;Pleno dia;Crescente;Chuva;Simples;Reta;Não;7;1;2;2;2;0;4;2;-20,25373412;-42,12287611;SPRF-MG;DEL06-MG;UOP03-DEL06-MG
633976;08/10/2024;terça-feira;16:55:00;SP;116;525;BARRA DO TURVO;Ingestão de álcool pelo condutor;Colisão traseira;Sem Vítimas;Anoitecer;Decrescente;Céu Claro;Dupla;Reta;Não;3;0;0;0;2;1;0;3;-24,92563316;-48,26567292;SPRF-SP;DEL05-SP;UOP02-DEL05-SP
633977;02/10/2024;quarta-feira;14:00:00;BA;116;58;CHORROCHO;Reação tardia ou ineficiente do condutor;Colisão traseira;Com Vítimas Feridas;Pleno dia;Crescente;Céu Claro;Simples;Reta;Não;4;0;1;0;2;1;1;3;-9,11450282;-39,13546762;SPRF-PE;DEL05-PE;UOP03-DEL05-PE
633981;09/09/2024;segunda-feira;02:10:00;BA;116;15;VITORIA DA CONQUISTA;Ausência de reação do condutor;Colisão traseira;Com Vítimas Fatais;Plena Noite;Decrescente;Céu Claro;Simples;Reta;Sim;2;1;0;0;0;1;0;2;-14,89837159;-40,85701704;SPRF-BA;DEL08-BA;UOP01-DEL08-BA
633989;10/10/2024;quinta-feira;19:00:00;SC;101;246,3;PAULO LOPES;Ausência de reação do condutor;Colisão traseira;Com Vítimas Feridas;Plena Noite;Crescente;Chuva;Dupla;Reta;Não;4;0;0;2;1;1;2;3;-27,91036709;-48,64998267;SPRF-SC;DEL02-SC;UOP03-DEL02-SC
633991;10/10/2024;quinta-feira;19:20:00;MT;163;362;SANTO ANTONIO DO LEVERGER;Demais falhas mecânicas ou elétricas;Incêndio;Sem Vítimas;Plena Noite;Crescente;Céu Claro;Dupla;Reta;Não;2;0;0;0;1;3;0;4;-15,752868;-55,657726;SPRF-MT;DEL01-MT;UOP02-DEL01-MT
633994;10/10/2024;quinta-feira;14:30:00;PB;412;130,7;MONTEIRO;Manobra de mudança de faixa;Colisão lateral mesmo sentido;Com Vítimas Feridas;Pleno dia;Decrescente;Céu Claro;Simples;Reta;Não;3;0;1;0;1;1;1;3;-7,800179;-37,02467;SPRF-PB;DEL02-PB;UOP02-DEL02-PB
633995;10/10/2024;quinta-feira;20:00:00;MG;365;729;ITUIUTABA;Acumulo de areia ou detritos sobre o pavimento;Colisão com objeto;Com Vítimas Feridas;Plena Noite;Crescente;Céu Claro;Simples;"Reta;Declive";Não;2;0;1;0;0;1;1;2;-18,89824959;-49,26987407;SPRF-MG;DEL15-MG;UOP03-DEL15-MG
633999;10/10/2024;quinta-feira;18:30:00;MG;365;73,5;JEQUITAI;Chuva;Saída de leito carroçável;Com Vítimas Feridas;Plena Noite;Decrescente;Garoa/Chuvisco;Simples;Reta;Não;1;0;1;0;0;0;1;1;-17,15114301;-44,35975095;SPRF-MG;DEL12-MG;UOP01-DEL12-MG
634002;10/10/2024;quinta-feira;17:10:00;MG;381;682,9;PERDOES;Velocidade Incompatível;Colisão traseira;Com Vítimas Feridas;Pleno dia;Crescente;Nublado;Dupla;Reta;Não;7;0;1;0;5;1;1;6;-21,16800802;-45,12657489;SPRF-MG;DEL04-MG;UOP02-DEL04-MG
634003;10/10/2024;quinta-feira;22:45:00;MG;40;462;SETE LAGOAS;Pista Escorregadia;Colisão traseira;Com Vítimas Feridas;Plena Noite;Crescente;Garoa/Chuvisco;Dupla;"Declive;Curva";Não;5;0;2;0;3;0;2;3;-19,4136917;-44,33879427;SPRF-MG;DEL02-MG;UOP01-DEL02-MG
634005;10/10/2024;quinta-feira;18:50:00;MT;364;464;VARZEA GRANDE;Pista Escorregadia;Saída de leito carroçável;Com Vítimas Feridas;Plena Noite;Decrescente;Ignorado;Simples;Reta;Não;3;0;1;0;0;4;1;5;-15,49417155;-56,27739364;SPRF-MT;DEL01-MT;UOP02-DEL01-MT
634009;10/10/2024;quinta-feira;20:00:00;BA;101;266;SANTO ANTONIO DE JESUS;Entrada inopinada do pedestre;Atropelamento de Pedestre;Com Vítimas Fatais;Plena Noite;Crescente;Céu Claro;Simples;Curva;Não;2;1;0;0;0;1;0;2;-13,07747021;-39,27425247;SPRF-BA;DEL01-BA;UOP02-DEL01-BA
634010;10/10/2024;quinta-feira;21:30:00;MG;116;29,7;CACHOEIRA DE PAJEU;Ausência de reação do condutor;Saída de leito carroçável;Com Vítimas Feridas;Plena Noite;Decrescente;Nublado;Simples;Curva;Não;1;0;0;1;0;0;1;1;-15,89812313;-41,41608042;SPRF-MG;DEL11-MG;UOP02-DEL11-MG
634012;10/10/2024;quinta-feira;21:44:00;SC;470;287;BRUNOPOLIS;Ausência de reação do condutor;Saída de leito carroçável;Com Vítimas Feridas;Plena Noite;Decrescente;Chuva;Simples;Reta;Não;1;0;0;1;0;0;1;1;-27,327944;-50,932907;SPRF-SC;DEL07-SC;UOP06-DEL07-SC
634017;10/10/2024;quinta-feira;23:15:00;GO;40;31;LUZIANIA;Condutor deixou de manter distância do veículo da frente;Colisão traseira;Com Vítimas Feridas;Plena Noite;Crescente;Céu Claro;Dupla;Reta;Não;4;0;0;1;2;1;1;3;-16,284329;-47,857156;SPRF-DF;DEL01-DF;UOP01-DEL01-DF
634018;10/10/2024;quinta-feira;21:10:00;GO;158;200;CAIAPONIA;Problema com o freio;Tombamento;Com Vítimas Fatais;Plena Noite;Crescente;Céu Claro;Simples;"Declive;Curva";Não;2;1;0;0;0;2;0;3;-17,313392;-51,877795;SPRF-GO;DEL05-GO;UOP01-DEL05-GO
634023;10/10/2024;quinta-feira;23:55:00;RJ;101;293;ITABORAI;Condutor Dormindo;Tombamento;Com Vítimas Feridas;Plena Noite;Crescente;Nublado;Dupla;Curva;Sim;2;0;1;0;1;0;1;1;-22,756203;-42,88724;SPRF-RJ;DEL02-RJ;UOP02-DEL02-RJ
634029;11/10/2024;sexta-feira;00:05:00;PR;376;644;TIJUCAS DO SUL;Reação tardia ou ineficiente do condutor;Colisão traseira;Sem Vítimas;Plena Noite;Decrescente;Garoa/Chuvisco;Dupla;Reta;Não;2;0;0;0;2;0;0;2;-25,81419584;-49,13167969;SPRF-PR;DEL01-PR;UOP04-DEL01-PR
634030;11/10/2024;sexta-feira;01:50:00;MG;40;521,3;CONTAGEM;Velocidade Incompatível;Colisão traseira;Com Vítimas Feridas;Plena Noite;Crescente;Nublado;Dupla;Reta;Não;2;0;1;0;1;0;1;2;-19,85651501;-44,07213222;SPRF-MG;DEL01-MG;UOP02-DEL01-MG
634031;11/10/2024;sexta-feira;02:00:00;MG;262;365;JUATUBA;Demais falhas mecânicas ou elétricas;Atropelamento de Pedestre;Com Vítimas Feridas;Plena Noite;Crescente;Garoa/Chuvisco;Dupla;"Reta;Aclive";Sim;1;0;0;1;0;0;1;1;-19,97256;-44,30925;SPRF-MG;DEL01-MG;UOP03-DEL01-MG
634034;11/10/2024;sexta-feira;01:45:00;SE;101;35,6;CAPELA;Animais na Pista;Atropelamento de Animal;Com Vítimas Feridas;Plena Noite;Decrescente;Céu Claro;Dupla;Reta;Não;3;0;1;1;0;1;2;2;-10,49230498;-36,94471029;SPRF-SE;DEL02-SE;UOP02-DEL02-SE
634039;11/10/2024;sexta-feira;03:15:00;PE;101;5,1;GOIANA;Manobra de mudança de faixa;Saída de leito carroçável;Com Vítimas Feridas;Amanhecer;Crescente;Céu Claro;Dupla;Reta;Não;2;0;0;1;0;2;1;3;-7,54333741;-34,99130487;SPRF-PE;DEL01-PE;UOP02-DEL01-PE
634040;11/10/2024;sexta-feira;03:15:00;PR;376;525;PONTA GROSSA;Manobra de mudança de faixa;Colisão traseira;Sem Vítimas;Plena Noite;Crescente;Garoa/Chuvisco;Dupla;"Curva;Aclive";Não;4;0;0;0;3;1;0;2;-25,31565784;-49,87766188;SPRF-PR;DEL03-PR;UOP04-DEL03-PR
634050;11/10/2024;sexta-feira;05:00:00;MT;70;7;BARRA DO GARCAS;Ausência de reação do condutor;Colisão traseira;Com Vítimas Feridas;Amanhecer;Decrescente;Céu Claro;Simples;Reta;Sim;2;0;0;1;1;0;1;2;-15,87825854;-52,325823;SPRF-MT;DEL07-MT;UOP01-DEL07-MT
634051;11/10/2024;sexta-feira;06:55:00;RN;304;32;MOSSORO;Acesso irregular;Colisão transversal;Com Vítimas Feridas;Pleno dia;Decrescente;Céu Claro;Dupla;Reta;Não;2;0;1;0;0;1;1;2;-5,13471117;-37,34486327;SPRF-RN;DEL04-RN;UOP02-DEL04-RN
634052;11/10/2024;sexta-feira;06:30:00;PR;369;473,5;CORBELIA;Condutor deixou de manter distância do veículo da frente;Colisão traseira;Com Vítimas Feridas;Pleno dia;Crescente;Chuva;Simples;"Reta;Rotatória";Sim;5;0;4;0;1;0;4;2;-24,58843087;-53,20181262;SPRF-PR;DEL04-PR;UOP03-DEL04-PR
634054;11/10/2024;sexta-feira;06:10:00;GO;60;38;GOIANIA;Ausência de reação do condutor;Colisão lateral mesmo sentido;Com Vítimas Fatais;Amanhecer;Crescente;Céu Claro;Dupla;Curva;Sim;2;1;0;0;1;0;0;2;-16,75098221;-49,34110165;SPRF-GO;DEL01-GO;UOP02-DEL01-GO