id;data_inversa;dia_semana;horario;uf;br;km;municipio;causa_acidente;tipo_acidente;classificacao_acidente;fase_dia;sentido_via;condicao_metereologica;tipo_pista;tracado_via;uso_solo;pessoas;mortos;feridos_leves;feridos_graves;ilesos;ignorados;feridos;veiculos;latitude;longitude;regional;delegacia;uop
634056;11/10/2024;sexta-feira;07:28:00;MG;365;680;MONTE ALEGRE DE MINAS;Mal súbito do condutor;Colisão lateral sentido oposto;Com Vítimas Feridas;Pleno dia;Crescente;Céu Claro;Dupla;Reta;Não;3;0;1;0;1;1;1;3;-18,84915171;-48,81914097;SPRF-MG;DEL15-MG;UOP01-DEL15-MG
634058;10/10/2024;quinta-feira;21:50:00;SC;101;26;JOINVILLE;Chuva;Colisão traseira;Com Vítimas Feridas;Plena Noite;Crescente;Chuva;Dupla;Reta;Sim;2;0;1;0;1;0;1;2;-26,19234802;-48,91210384;SPRF-SC;DEL03-SC;UOP01-DEL03-SC
634070;11/10/2024;sexta-feira;07:10:00;TO;153;96,5;WANDERLANDIA;Manobra de mudança de faixa;Colisão frontal;Com Vítimas Fatais;Pleno dia;Crescente;Chuva;Simples;Reta;Não;8;5;0;1;1;2;1;5;-6,87698114;-47,9890528;SPRF-TO;DEL02-TO;UOP01-DEL02-TO
634071;11/09/2024;quarta-feira;01:50:00;MT;158;553;AGUA BOA;Acostamento em desnível;Tombamento;Com Vítimas Feridas;Plena Noite;Crescente;Céu Claro;Simples;Reta;Não;2;0;0;1;0;3;1;4;-13,93685905;-52,10028684;SPRF-MT;DEL07-MT;UOP02-DEL07-MT
634073;11/10/2024;sexta-feira;07:00:00;MG;267;287;BAEPENDI;Velocidade Incompatível;Tombamento;Com Vítimas Feridas;Pleno dia;Decrescente;Nublado;Simples;Curva;Não;2;0;1;0;0;1;1;2;-21,92460612;-44,77877599;SPRF-MG;DEL17-MG;UOP01-DEL17-MG
634074;26/09/2024;quinta-feira;21:50:00;RS;116;2;VACARIA;Reação tardia ou ineficiente do condutor;Saída de leito carroçável;Com Vítimas Feridas;Plena Noite;Decrescente;Céu Claro;Simples;Curva;Não;2;0;1;0;0;1;1;2;-28,22620159;-50,76085504;SPRF-RS;DEL05-RS;UOP03-DEL05-RS
634076;11/10/2024;sexta-feira;07:58:00;RS;470;216;BENTO GONCALVES;Acessar a via sem observar a presença dos outros veículos;Colisão transversal;Com Vítimas Feridas;Pleno dia;Decrescente;Nublado;Dupla;Reta;Sim;2;0;2;0;0;0;2;2;-29,15887096;-51,53142395;SPRF-RS;DEL06-RS;UOP01-DEL06-RS
634086;11/10/2024;sexta-feira;06:15:00;CE;116;358;ICO;Ausência de reação do condutor;Colisão lateral sentido oposto;Com Vítimas Feridas;Pleno dia;Decrescente;Céu Claro;Simples;Reta;Não;4;0;1;0;2;1;1;3;-6,308711;-38,729585;SPRF-CE;DEL05-CE;UOP02-DEL05-CE
634087;11/10/2024;sexta-feira;09:00:00;SC;101;191,9;BIGUACU;Velocidade Incompatível;Colisão com objeto;Com Vítimas Feridas;Pleno dia;Decrescente;Chuva;Simples;Curva;Não;3;0;2;0;1;0;2;2;-27,47730273;-48,64127329;SPRF-SC;DEL01-SC;UOP01-DEL01-SC
634093;11/10/2024;sexta-feira;07:20:00;MG;381;311;ANTONIO DIAS;Ausência de reação do condutor;Colisão traseira;Com Vítimas Feridas;Pleno dia;Decrescente;Chuva;Simples;Curva;Não;3;0;0;1;1;1;1;3;-19,66923825;-42,96926993;SPRF-MG;DEL03-MG;UOP02-DEL03-MG
634101;11/10/2024;sexta-feira;08:00:00;GO;153;563,5;PROFESSOR JAMIL;Velocidade Incompatível;Saída de leito carroçável;Com Vítimas Feridas;Pleno dia;Decrescente;Céu Claro;Dupla;Curva;Não;1;0;1;0;0;0;1;1;-17,2383;-49,239;SPRF-GO;DEL03-GO;UOP01-DEL03-GO
634106;11/10/2024;sexta-feira;11:15:00;RS;290;578;ALEGRETE;Acessar a via sem observar a presença dos outros veículos;Colisão transversal;Com Vítimas Feridas;Pleno dia;Crescente;Nublado;Simples;Rotatória;Sim;5;0;2;0;2;1;2;4;-29,811922;-55,758663;SPRF-RS;DEL13-RS;UOP02-DEL13-RS
634119;11/10/2024;sexta-feira;09:45:00;PA;163;989;SANTAREM;Acostamento em desnível;Colisão transversal;Com Vítimas Feridas;Pleno dia;Decrescente;Céu Claro;Simples;Reta;Não;2;0;1;0;1;0;1;2;-2,565797;-54,721375;SPRF-PA;DEL05-PA;UOP01-DEL05-PA
634132;11/10/2024;sexta-feira;14:00:00;RS;392;169,8;PIRATINI;Demais falhas mecânicas ou elétricas;Colisão com objeto;Com Vítimas Feridas;Pleno dia;Crescente;Céu Claro;Simples;"Reta;Declive";Não;3;0;3;0;0;0;3;1;-31,07128409;-52,9987341;SPRF-RS;DEL07-RS;UOP01-DEL07-RS
634133;11/10/2024;sexta-feira;13:00:00;PE;232;4;RECIFE;Problema com o freio;Engavetamento;Sem Vítimas;Pleno dia;Crescente;Céu Claro;Dupla;Viaduto;Não;4;0;0;0;3;1;0;3;-8,064473;-34,936928;SPRF-PE;DEL01-PE;UOP01-DEL01-PE
634134;11/10/2024;sexta-feira;13:15:00;RJ;356;51;ITAPERUNA;Demais falhas mecânicas ou elétricas;Colisão com objeto;Sem Vítimas;Pleno dia;Crescente;Nublado;Simples;Reta;Sim;3;0;0;0;2;2;0;4;-21,257954;-41,767086;SPRF-RJ;DEL08-RJ;UOP03-DEL08-RJ
634137;22/09/2024;domingo;16:30:00;RS;116;529;CAPAO DO LEAO;Acessar a via sem observar a presença dos outros veículos;Colisão transversal;Com Vítimas Feridas;Pleno dia;Decrescente;Céu Claro;Simples;"Interseção de Vias;Reta";Sim;6;0;4;0;1;2;4;4;-31,75446042;-52,42803583;SPRF-RS;DEL07-RS;UOP01-DEL07-RS
634151;11/10/2024;sexta-feira;13:45:00;ES;101;353,9;ANCHIETA;Demais falhas mecânicas ou elétricas;Colisão traseira;Com Vítimas Feridas;Pleno dia;Crescente;Chuva;Simples;"Em Obras;Curva";Não;3;0;1;0;0;2;1;3;-20,67773381;-40,66634729;SPRF-ES;DEL03-ES;UOP01-DEL03-ES
634154;11/10/2024;sexta-feira;15:30:00;MG;381;496;BETIM;Manobra de mudança de faixa;Colisão lateral mesmo sentido;Com Vítimas Feridas;Pleno dia;Decrescente;Céu Claro;Dupla;Reta;Sim;2;0;1;0;1;0;1;2;-19,99676497;-44,20958506;SPRF-MG;DEL01-MG;UOP03-DEL01-MG
634165;10/10/2024;quinta-feira;02:45:00;MG;40;215;JOAO PINHEIRO;Pista Escorregadia;Saída de leito carroçável;Com Vítimas Feridas;Plena Noite;Crescente;Nublado;Múltipla;"Curva;Declive";Não;2;0;0;1;0;1;1;2;-17,96152036;-45,69552697;SPRF-MG;DEL14-MG;UOP02-DEL14-MG
634166;11/10/2024;sexta-feira;16:05:00;RS;285;314,3;PASSO FUNDO;Ultrapassagem Indevida;Colisão frontal;Com Vítimas Feridas;Pleno dia;Decrescente;Garoa/Chuvisco;Simples;"Reta;Declive";Não;3;0;1;1;1;0;2;3;-28,245794;-52,572262;SPRF-RS;DEL08-RS;UOP03-DEL08-RS
634169;11/10/2024;sexta-feira;15:55:00;PA;230;119;MARABA;Acessar a via sem observar a presença dos outros veículos;Colisão lateral mesmo sentido;Sem Vítimas;Pleno dia;Decrescente;Céu Claro;Múltipla;Reta;Sim;2;0;0;0;2;0;0;2;-5,350407;-49,105981;SPRF-PA;DEL03-PA;UOP01-DEL03-PA
634173;11/10/2024;sexta-feira;17:00:00;PE;232;111,4;BEZERROS;Ausência de reação do condutor;Colisão traseira;Com Vítimas Feridas;Pleno dia;Crescente;Céu Claro;Dupla;"Reta;Aclive";Não;2;0;0;1;0;1;1;2;-8,29504;-35,827224;SPRF-PE;DEL02-PE;UOP02-DEL02PE
634174;11/10/2024;sexta-feira;17:20:00;SE;235;0,1;ARACAJU;Condutor deixou de manter distância do veículo da frente;Colisão traseira;Com Vítimas Feridas;Anoitecer;Crescente;Céu Claro;Dupla;Reta;Sim;2;0;1;0;1;0;1;2;-10,9087;-37,0855;SPRF-SE;DEL01-SE;UOP01-DEL01-SE
634178;11/10/2024;sexta-feira;15:30:00;MG;116;778,1;LEOPOLDINA;Velocidade Incompatível;Saída de leito carroçável;Com Vítimas Feridas;Pleno dia;Decrescente;Céu Claro;Simples;Curva;Não;2;0;1;0;0;1;1;2;-21,60159985;-42,69912624;SPRF-MG;DEL07-MG;UOP01-DEL07-MG
634182;11/10/2024;sexta-feira;17:20:00;PR;376;488;PONTA GROSSA;Mal súbito do condutor;Saída de leito carroçável;Com Vítimas Feridas;Pleno dia;Crescente;Céu Claro;Dupla;Declive;Sim;5;0;1;0;2;2;1;4;-25,13510082;-50,16497282;SPRF-PR;DEL03-PR;UOP04-DEL03-PR
634188;11/10/2024;sexta-feira;15:20:00;SC;101;27,7;JOINVILLE;Reação tardia ou ineficiente do condutor;Colisão lateral mesmo sentido;Com Vítimas Feridas;Pleno dia;Crescente;Chuva;Dupla;"Reta;Viaduto";Sim;6;0;2;0;3;2;2;5;-26,20130351;-48,91331794;SPRF-SC;DEL03-SC;UOP01-DEL03-SC
634189;11/10/2024;sexta-feira;17:45:00;MG;153;45;MONTE ALEGRE DE MINAS;Avarias e/ou desgaste excessivo no pneu;Tombamento;Sem Vítimas;Pleno dia;Crescente;Chuva;Dupla;Declive;Não;2;0;0;0;1;3;0;4;-18,78035791;-49,07866011;SPRF-MG;DEL15-MG;UOP03-DEL15-MG
634199;11/10/2024;sexta-feira;18:00:00;PB;104;44,5;BARRA DE SANTA ROSA;Condutor deixou de manter distância do veículo da frente;Colisão traseira;Com Vítimas Feridas;Anoitecer;Decrescente;Céu Claro;Simples;Reta;Sim;2;0;0;1;1;0;1;2;-6,72243136;-36,05878342;SPRF-PB;DEL02-PB;UOP04-DEL02-PB
634202;11/10/2024;sexta-feira;16:40:00;MG;251;356;PADRE CARVALHO;Reação tardia ou ineficiente do condutor;Tombamento;Sem Vítimas;Pleno dia;Decrescente;Céu Claro;Simples;Curva;Não;2;0;0;0;1;1;0;2;-16,26551902;-42,56687164;SPRF-MG;DEL12-MG;UOP02-DEL12-MG
634205;11/10/2024;sexta-feira;17:45:00;SC;282;30,7;SANTO AMARO DA IMPERATRIZ;Avarias e/ou desgaste excessivo no pneu;Colisão frontal;Com Vítimas Feridas;Plena Noite;Crescente;Chuva;Simples;"Curva;Declive";Não;3;0;0;1;1;1;1;3;-27,68859776;-48,79281521;SPRF-SC;DEL01-SC;UOP03-DEL01-SC
634208;11/10/2024;sexta-feira;15:30:00;MG;50;74;UBERLANDIA;Demais falhas mecânicas ou elétricas;Incêndio;Sem Vítimas;Pleno dia;Crescente;Nublado;Dupla;Reta;Sim;3;0;0;0;2;1;0;2;-18,85140204;-48,25345932;SPRF-MG;DEL15-MG;UOP01-DEL15-MG
634215;11/10/2024;sexta-feira;19:30:00;RJ;40;118;DUQUE DE CAXIAS;Acessar a via sem observar a presença dos outros veículos;Capotamento;Com Vítimas Feridas;Plena Noite;Decrescente;Céu Claro;Múltipla;Reta;Não;3;0;2;0;1;0;2;2;-22,75470802;-43,28737838;SPRF-RJ;DEL01-RJ;UOP02-DEL01-RJ
634229;11/10/2024;sexta-feira;17:15:00;MG;50;21;UBERLANDIA;Velocidade Incompatível;Colisão frontal;Com Vítimas Feridas;Anoitecer;Decrescente;Céu Claro;Simples;"Reta;Declive";Sim;4;0;1;0;3;0;1;3;-18,93833717;-48,21826458;SPRF-MG;DEL15-MG;UOP01-DEL15-MG
634230;11/10/2024;sexta-feira;18:28:00;SC;116;245;LAGES;Acessar a via sem observar a presença dos outros veículos;Colisão transversal;Com Vítimas Feridas;Anoitecer;Crescente;Chuva;Simples;"Interseção de Vias;Rotatória";Sim;3;0;1;0;2;0;1;2;-27,79976774;-50,36363482;SPRF-SC;DEL05-SC;UOP01-DEL05-SC
634231;11/10/2024;sexta-feira;19:10:00;RS;290;57,1;GLORINHA;Conversão proibida;Colisão transversal;Com Vítimas Feridas;Plena Noite;Crescente;Nublado;Múltipla;Reta;Não;3;0;2;0;0;1;2;2;-29,918623;-50,828213;SPRF-RS;DEL03-RS;UOP01-DEL03-RS
634247;11/10/2024;sexta-feira;19:15:00;MG;40;109,7;JOAO PINHEIRO;Ultrapassagem Indevida;Colisão lateral sentido oposto;Com Vítimas Feridas;Plena Noite;Crescente;Chuva;Simples;"Curva;Aclive";Não;4;0;1;0;2;1;1;3;-17,62754496;-46,45967794;SPRF-MG;DEL14-MG;UOP01-DEL14-MG
634249;11/10/2024;sexta-feira;19:20:00;MS;163;1;MUNDO NOVO;Transitar na contramão;Colisão lateral sentido oposto;Sem Vítimas;Plena Noite;Decrescente;Nublado;Simples;Curva;Não;4;0;0;0;3;1;0;3;-24,03924443;-54,27975143;SPRF-MS;DEL09-MS;UOP02-DEL09-MS
634250;11/10/2024;sexta-feira;20:00:00;GO;153;291,2;RIALMA;Ultrapassagem Indevida;Colisão traseira;Com Vítimas Feridas;Plena Noite;Decrescente;Chuva;Simples;Reta;Não;3;0;0;2;0;1;2;2;-15,238097;-49,5562;SPRF-GO;DEL02-GO;UOP02-DEL02-GO
634255;11/10/2024;sexta-feira;20:20:00;SC;101;53,5;JOINVILLE;Condutor deixou de manter distância do veículo da frente;Colisão com objeto;Com Vítimas Feridas;Plena Noite;Crescente;Chuva;Dupla;Curva;Não;2;0;1;0;0;1;1;2;-26,40231201;-48,83969703;SPRF-SC;DEL03-SC;UOP01-DEL03-SC
634257;11/10/2024;sexta-feira;21:00:00;SC;101;131,3;CAMBORIU;Pedestre cruzava a pista fora da faixa;Atropelamento de Pedestre;Com Vítimas Fatais;Pleno dia;Crescente;Chuva;Múltipla;Reta;Sim;3;1;0;0;1;1;0;3;-26,99243516;-48,66155863;SPRF-SC;DEL04-SC;UOP03-DEL04-SC
634272;11/10/2024;sexta-feira;19:05:00;SC;280;5,2;SAO FRANCISCO DO SUL;Ingestão de álcool pelo condutor;Tombamento;Sem Vítimas;Plena Noite;Crescente;Chuva;Simples;"Reta;Interseção de Vias";Sim;2;0;0;0;1;3;0;4;-26,26011706;-48,62571995;SPRF-SC;DEL03-SC;UOP03-DEL03-SC
634276;11/10/2024;sexta-feira;23:20:00;RJ;101;120;CAMPOS DOS GOYTACAZES;Reação tardia ou ineficiente do condutor;Colisão traseira;Com Vítimas Feridas;Plena Noite;Decrescente;Céu Claro;Dupla;"Em Obras;Reta";Sim;4;0;1;0;3;0;1;4;-22,029767;-41,692814;SPRF-RJ;DEL08-RJ;UOP02-DEL08-RJ
634281;11/10/2024;sexta-feira;23:30:00;RJ;40;26,5;AREAL;Reação tardia ou ineficiente do condutor;Tombamento;Com Vítimas Feridas;Plena Noite;Decrescente;Nublado;Dupla;Retorno Regulamentado;Não;3;0;3;0;0;0;3;1;-22,155451;-43,15757964;SPRF-RJ;DEL05-RJ;UOP02-DEL05-RJ
634287;11/10/2024;sexta-feira;22:00:00;SC;470;126;LONTRAS;Velocidade Incompatível;Colisão frontal;Com Vítimas Fatais;Plena Noite;Crescente;Garoa/Chuvisco;Simples;Curva;Sim;4;1;0;0;2;1;0;4;-27,1319749;-49,5385924;SPRF-SC;DEL04-SC;UOP02-DEL04-SC
634293;11/10/2024;sexta-feira;23:30:00;PR;277;227;TEIXEIRA SOARES;Ingestão de álcool pelo condutor;Saída de leito carroçável;Sem Vítimas;Plena Noite;Crescente;Nublado;Simples;Reta;Não;2;0;0;0;1;1;0;2;-25,45403313;-50,44256003;SPRF-PR;DEL08-PR;UOP02-DEL08-PR
634303;12/10/2024;sábado;02:30:00;SP;116;90;PINDAMONHANGABA;Pedestre andava na pista;Atropelamento de Pedestre;Com Vítimas Feridas;Plena Noite;Decrescente;Nublado;Dupla;Reta;Não;3;0;0;1;1;1;1;3;-22,94361839;-45,3873088;SPRF-SP;DEL08-SP;UOP01-DEL08-SP
634305;12/10/2024;sábado;00:10:00;SC;101;38;JOINVILLE;Condutor Dormindo;Colisão lateral mesmo sentido;Com Vítimas Feridas;Plena Noite;Crescente;Nublado;Dupla;Reta;Sim;5;0;1;1;2;1;2;4;-26,25472505;-48,90561309;SPRF-SC;DEL03-SC;UOP01-DEL03-SC
634308;12/10/2024;sábado;02:00:00;MG;40;328;FELIXLANDIA;Reação tardia ou ineficiente do condutor;Colisão frontal;Com Vítimas Feridas;Plena Noite;Decrescente;Chuva;Simples;Reta;Não;6;0;1;0;4;1;1;3;-18,55803995;-45,0251099;SPRF-MG;DEL14-MG;UOP02-DEL14-MG
634309;12/10/2024;sábado;03:50:00;GO;153;493;GOIANIA;Demais falhas mecânicas ou elétricas;Incêndio;Sem Vítimas;Plena Noite;Decrescente;Céu Claro;Dupla;Aclive;Sim;2;0;0;0;1;1;0;2;-16,6537;-49,2172;SPRF-GO;DEL01-GO;UOP01-DEL01-GO
634312;12/10/2024;sábado;03:50:00;RJ;465;3;SEROPEDICA;Acessar a via sem observar a presença dos outros veículos;Colisão lateral mesmo sentido;Sem Vítimas;Plena Noite;Crescente;Garoa/Chuvisco;Simples;Reta;Não;3;0;0;0;2;1;0;3;-22,73427;-43,711994;SPRF-RJ;DEL06-RJ;UOP02-DEL06-RJ
634318;12/10/2024;sábado;03:30:00;RJ;116;129;MAGE;Reação tardia ou ineficiente do condutor;Colisão traseira;Com Vítimas Feridas;Amanhecer;Crescente;Nublado;Dupla;"Reta;Declive";Não;2;0;1;0;1;0;1;2;-22,66471224;-43,11056004;SPRF-RJ;DEL04-RJ;UOP02-DEL04-RJ
634323;12/10/2024;sábado;00:30:00;SC;282;82,9;ALFREDO WAGNER;Transitar na contramão;Colisão frontal;Com Vítimas Fatais;Plena Noite;Decrescente;Nublado;Simples;"Curva;Aclive";Não;8;1;0;0;5;3;0;4;-27,66549149;-49,17610824;SPRF-SC;DEL01-SC;UOP03-DEL01-SC
634324;11/10/2024;sexta-feira;21:00:00;PI;135;340;SANTA LUZ;Reação tardia ou ineficiente do condutor;Tombamento;Com Vítimas Feridas;Plena Noite;Decrescente;Céu Claro;Simples;Reta;Não;2;0;1;0;0;1;1;2;-9,00230706;-44,3022549;SPRF-PI;DEL03-PI;UOP02-DEL03-PI
634328;25/06/2024;terça-feira;15:30:00;MG;153;112;PRATA;Velocidade Incompatível;Colisão traseira;Com Vítimas Feridas;Pleno dia;Decrescente;Céu Claro;Múltipla;Aclive;Não;4;0;1;0;2;6;1;9;-19,33228987;-48,90407174;SPRF-MG;DEL15-MG;UOP03-DEL15-MG
634330;12/10/2024;sábado;01:00:00;RS;386;423;MONTENEGRO;Ausência de reação do condutor;Saída de leito carroçável;Sem Vítimas;Plena Noite;Crescente;Garoa/Chuvisco;Simples;Curva;Não;2;0;0;0;0;2;0;2;-29,816875;-51,392719;SPRF-RS;DEL04-RS;UOP02-DEL04-RS
634331;12/10/2024;sábado;05:40:00;BA;20;143;CORRENTINA;Velocidade Incompatível;Colisão com objeto;Com Vítimas Feridas;Amanhecer;Decrescente;Chuva;Simples;Curva;Não;3;0;0;1;1;1;1;3;-14,009943;-46,211913;SPRF-BA;DEL10-BA;UOP01-DEL10-BA
634333;11/10/2024;sexta-feira;20:00:00;BA;242;606;IBOTIRAMA;Demais falhas mecânicas ou elétricas;Incêndio;Sem Vítimas;Plena Noite;Crescente;Céu Claro;Simples;Reta;Não;1;0;0;0;1;0;0;1;-12,17843136;-43,22030291;SPRF-BA;DEL06-BA;UOP03-DEL06-BA
634341;12/10/2024;sábado;05:50:00;TO;153;245,9;COLINAS DO TOCANTINS;Ingestão de álcool pelo condutor;Tombamento;Sem Vítimas;Amanhecer;Decrescente;Nublado;Dupla;Retorno Regulamentado;Sim;2;0;0;0;1;2;0;3;-8,02983501;-48,46574949;SPRF-TO;DEL02-TO;UOP02-DEL02-TO
634344;11/10/2024;sexta-feira;23:20:00;MG;365;392,3;PATOS DE MINAS;Velocidade Incompatível;Colisão com objeto;Com Vítimas Feridas;Plena Noite;Crescente;Chuva;Simples;Curva;Não;2;0;1;0;0;1;1;2;-18,61055297;-46,28857506;SPRF-MG;DEL10-MG;UOP01-DEL10-MG
634349;09/09/2024;segunda-feira;23:56:00;PI;316;72,5;MONSENHOR GIL;Transitar na contramão;Colisão frontal;Com Vítimas Fatais;Plena Noite;Crescente;Céu Claro;Simples;Curva;Não;3;1;0;0;1;1;0;3;-5,67458801;-42,59603009;SPRF-PI;DEL01-PI;UOP02-DEL01-PI
634359;12/10/2024;sábado;06:25:00;MS;163;136,5;NAVIRAI;Reação tardia ou ineficiente do condutor;Saída de leito carroçável;Com Vítimas Feridas;Pleno dia;Crescente;Céu Claro;Simples;Reta;Não;2;0;1;0;0;1;1;2;-23,01508539;-54,3097111;SPRF-MS;DEL09-MS;UOP01-DEL09-MS
634363;12/10/2024;sábado;07:20:00;MG;381;365;SAO GONCALO DO RIO ABAIXO;Chuva;Colisão traseira;Com Vítimas Feridas;Amanhecer;Decrescente;Garoa/Chuvisco;Simples;"Curva;Declive";Não;5;0;2;0;3;0;2;2;-19,854651;-43,261071;SPRF-MG;DEL03-MG;UOP01-DEL03-MG
634367;12/10/2024;sábado;05:10:00;PI;230;194,8;OEIRAS;Acesso irregular;Colisão transversal;Sem Vítimas;Pleno dia;Crescente;Céu Claro;Simples;"Interseção de Vias;Reta";Sim;2;0;0;0;2;0;0;2;-6,99465451;-42,10490528;SPRF-PI;DEL04-PI;UOP01-DEL04-PI
634369;12/10/2024;sábado;08:40:00;MG;381;440;SABARA;Transitar na contramão;Colisão frontal;Com Vítimas Feridas;Pleno dia;Decrescente;Chuva;Simples;Curva;Não;8;0;6;0;2;0;6;2;-19,81160206;-43,79604396;SPRF-MG;DEL01-MG;UOP01-DEL01-MG
634378;12/10/2024;sábado;05:40:00;BA;324;546;AMELIA RODRIGUES;Ausência de reação do condutor;Colisão traseira;Com Vítimas Feridas;Amanhecer;Crescente;Céu Claro;Dupla;"Declive;Reta";Não;2;0;1;0;1;0;1;2;-12,423617;-38,74092;SPRF-BA;DEL01-BA;UOP03-DEL01-BA
634383;12/10/2024;sábado;05:30:00;MG;365;40;CLARO DOS POCOES;Condutor Dormindo;Colisão lateral sentido oposto;Com Vítimas Feridas;Pleno dia;Decrescente;Chuva;Simples;Reta;Não;33;0;3;0;30;0;3;3;-16,8815547;-44,17556535;SPRF-MG;DEL12-MG;UOP01-DEL12-MG
634386;12/10/2024;sábado;10:30:00;MG;40;735,1;SANTOS DUMONT;Velocidade Incompatível;Tombamento;Com Vítimas Feridas;Pleno dia;Decrescente;Céu Claro;Simples;Curva;Não;2;0;1;0;0;1;1;2;-21,37012696;-43,57558994;SPRF-MG;DEL05-MG;UOP01-DEL05-MG
634388;12/10/2024;sábado;02:30:00;BA;101;397;IBIRAPITANGA;Reação tardia ou ineficiente do condutor;Saída de leito carroçável;Com Vítimas Feridas;Plena Noite;Decrescente;Céu Claro;Simples;"Curva;Aclive";Não;2;0;0;1;0;1;1;2;-14,07212298;-39,38681305;SPRF-BA;DEL05-BA;UOP03-DEL05-BA
634390;12/10/2024;sábado;05:15:00;BA;101;317;PRESIDENTE TANCREDO NEVES;Condutor Dormindo;Colisão frontal;Com Vítimas Fatais;Amanhecer;Crescente;Ignorado;Simples;Reta;Não;2;1;1;0;0;0;1;2;-13,49407641;-39,4315946;SPRF-BA;DEL05-BA;UOP03-DEL05-BA
634392;12/10/2024;sábado;11:25:00;PR;376;616,9;SAO JOSE DOS PINHAIS;Manobra de mudança de faixa;Tombamento;Com Vítimas Fatais;Pleno dia;Crescente;Céu Claro;Dupla;Curva;Sim;5;1;1;0;0;3;1;4;-25,59015568;-49,17154312;SPRF-PR;DEL01-PR;UOP04-DEL01-PR
634394;12/10/2024;sábado;02:00:00;CE;116;466;BARRO;Condutor Dormindo;Saída de leito carroçável;Com Vítimas Fatais;Plena Noite;Crescente;Céu Claro;Simples;"Curva;Aclive";Não;2;1;0;0;0;1;0;2;-7,22243491;-38,83869519;SPRF-CE;DEL05-CE;UOP03-DEL05-CE
634399;12/10/2024;sábado;11:20:00;RS;386;428,3;NOVA SANTA RITA;Demais falhas mecânicas ou elétricas;Incêndio;Sem Vítimas;Pleno dia;Decrescente;Céu Claro;Simples;Reta;Não;1;0;0;0;1;0;0;1;-29,82528451;-51,33824414;SPRF-RS;DEL04-RS;UOP02-DEL04-RS
634401;12/10/2024;sábado;12:00:00;PB;230;16,6;JOAO PESSOA;Ausência de reação do condutor;Engavetamento;Sem Vítimas;Pleno dia;Decrescente;Céu Claro;Dupla;Reta;Sim;3;0;0;0;3;0;0;3;-7,11149673;-34,84264255;SPRF-PB;DEL01-PB;UOP01-DEL01-PB
634404;12/10/2024;sábado;12:50:00;MG;40;574;NOVA LIMA;Demais falhas mecânicas ou elétricas;Incêndio;Sem Vítimas;Pleno dia;Crescente;Nublado;Simples;Reta;Não;2;0;0;0;1;1;0;2;-20,24791897;-43,96366791;SPRF-MG;DEL01-MG;UOP02-DEL01-MG
634406;12/10/2024;sábado;09:10:00;BA;116;639;JAGUAQUARA;Transitar na contramão;Colisão lateral sentido oposto;Sem Vítimas;Pleno dia;Decrescente;Céu Claro;Simples;Curva;Não;3;0;0;0;2;1;0;3;-13,52302704;-40,06074891;SPRF-BA;DEL03-BA;UOP01-DEL03-BA
634429;12/10/2024;sábado;14:40:00;PR;116;152,5;MANDIRITUBA;Acessar a via sem observar a presença dos outros veículos;Colisão transversal;Com Vítimas Feridas;Pleno dia;Crescente;Céu Claro;Simples;Rotatória;Sim;3;0;1;0;1;1;1;3;-25,86246744;-49,36191559;SPRF-PR;DEL01-PR;UOP03-DEL01-PR
634432;12/10/2024;sábado;13:00:00;SC;101;376,4;ICARA;Condutor Dormindo;Colisão traseira;Com Vítimas Feridas;Pleno dia;Crescente;Nublado;Dupla;Reta;Sim;5;0;2;1;1;1;3;3;-28,72736111;-49,24066084;SPRF-SC;DEL02-SC;UOP01-DEL02-SC
634443;12/10/2024;sábado;15:10:00;MS;158;121,5;APARECIDA DO TABOADO;Ultrapassagem Indevida;Colisão lateral sentido oposto;Com Vítimas Fatais;Pleno dia;Crescente;Nublado;Simples;Reta;Não;9;1;1;1;5;3;2;7;-19,8812438;-51,1330954;SPRF-MS;DEL08-MS;UOP01-DEL08-MS
634461;12/10/2024;sábado;11:38:00;MA;135;181;SAO MATEUS DO MARANHAO;Acessar a via sem observar a presença dos outros veículos;Colisão transversal;Com Vítimas Feridas;Pleno dia;Decrescente;Céu Claro;Simples;Reta;Sim;3;0;0;1;1;3;1;5;-4,02943302;-44,46517693;SPRF-MA;DEL03-MA;UOP01-DEL03-MA
634469;12/10/2024;sábado;15:00:00;PA;163;656,9;ITAITUBA;Transitar na contramão;Colisão frontal;Com Vítimas Fatais;Pleno dia;Crescente;Chuva;Simples;"Curva;Declive";Não;4;2;1;0;0;3;1;5;-4,475013;-55,856702;SPRF-PA;DEL05-PA;UOP02-DEL05-PA
634472;12/10/2024;sábado;13:00:00;MG;116;397,9;GOVERNADOR VALADARES;Transitar na contramão;Colisão frontal;Com Vítimas Fatais;Pleno dia;Decrescente;Nublado;Simples;"Curva;Aclive";Não;3;2;0;0;1;0;0;2;-18,75570099;-41,98568765;SPRF-MG;DEL06-MG;UOP01-DEL06-MG
634477;12/10/2024;sábado;19:00:00;PE;408;47,6;NAZARE DA MATA;Acessar a via sem observar a presença dos outros veículos;Colisão lateral sentido oposto;Com Vítimas Feridas;Plena Noite;Decrescente;Céu Claro;Simples;"Curva;Aclive";Não;3;0;0;1;0;3;1;4;-7,70530105;-35,24354705;SPRF-PE;DEL01-PE;UOP02-DEL01-PE
634490;12/10/2024;sábado;20:25:00;MG;262;734,1;PERDIZES;Ausência de reação do condutor;Saída de leito carroçável;Com Vítimas Fatais;Plena Noite;Decrescente;Céu Claro;Simples;Reta;Não;2;1;0;0;0;1;0;2;-19,62006133;-47,32280731;SPRF-MG;DEL08-MG;UOP01-DEL08-MG