id;data_inversa;dia_semana;horario;uf;br;km;municipio;causa_acidente;tipo_acidente;classificacao_acidente;fase_dia;sentido_via;condicao_metereologica;tipo_pista;tracado_via;uso_solo;pessoas;mortos;feridos_leves;feridos_graves;ilesos;ignorados;feridos;veiculos;latitude;longitude;regional;delegacia;uop
634965;14/10/2024;segunda-feira;16:52:00;MT;163;565;NOVA MUTUM;Ausência de reação do condutor;Tombamento;Sem Vítimas;Pleno dia;Decrescente;Céu Claro;Simples;Em Obras;Não;2;0;0;0;0;2;0;2;-14,14057072;-56,10580444;SPRF-MT;DEL01-MT;UOP01-DEL01-MT
634966;14/10/2024;segunda-feira;18:05:00;MG;251;249;SANTA CRUZ DE SALINAS;Reação tardia ou ineficiente do condutor;Saída de leito carroçável;Com Vítimas Feridas;Anoitecer;Crescente;Nublado;Simples;Reta;Sim;3;0;1;0;1;1;1;2;-15,98252572;-41,82918906;SPRF-MG;DEL12-MG;UOP02-DEL12-MG
634967;14/10/2024;segunda-feira;21:20:00;BA;116;864;VITORIA DA CONQUISTA;Chuva;Colisão traseira;Com Vítimas Fatais;Plena Noite;Decrescente;Chuva;Simples;Reta;Não;6;2;0;0;3;1;0;4;-15,0848343;-41,01118151;SPRF-BA;DEL08-BA;UOP01-DEL08-BA
634975;14/10/2024;segunda-feira;20:15:00;MA;316;249,8;PINDARE-MIRIM;Acostamento em desnível;Tombamento;Com Vítimas Feridas;Plena Noite;Decrescente;Chuva;Simples;Reta;Não;2;0;0;1;0;1;1;2;-3,6483;-45,482876;SPRF-MA;DEL02-MA;UOP01-DEL02-MA
634984;15/10/2024;terça-feira;01:10:00;MG;40;439,9;PARAOPEBA;Demais falhas mecânicas ou elétricas;Incêndio;Sem Vítimas;Plena Noite;Decrescente;Céu Claro;Dupla;Declive;Não;1;0;0;0;0;1;0;1;-19,23100428;-44,43562244;SPRF-MG;DEL02-MG;UOP01-DEL02-MG
634987;14/10/2024;segunda-feira;23:35:00;MG;116;802,3;ALEM PARAIBA;Condutor Dormindo;Saída de leito carroçável;Com Vítimas Feridas;Plena Noite;Crescente;Nublado;Simples;"Ponte;Reta";Não;1;0;1;0;0;0;1;1;-21,77810174;-42,72568662;SPRF-MG;DEL07-MG;UOP01-DEL07-MG
634988;15/10/2024;terça-feira;01:10:00;MG;50;47;ARAGUARI;Velocidade Incompatível;Capotamento;Com Vítimas Feridas;Plena Noite;Decrescente;Chuva;Dupla;Declive;Não;2;0;1;0;0;1;1;2;-18,72799811;-48,20659169;SPRF-MG;DEL15-MG;UOP02-DEL15-MG
634993;14/10/2024;segunda-feira;23:00:00;RJ;116;232;PIRAI;Curva acentuada;Saída de leito carroçável;Com Vítimas Fatais;Plena Noite;Decrescente;Céu Claro;Simples;"Curva;Declive";Não;2;1;0;0;0;2;0;3;-22,65604007;-43,83713888;SPRF-RJ;DEL07-RJ;UOP01-DEL07-RJ
634996;15/10/2024;terça-feira;01:49:00;PR;116;42,3;CAMPINA GRANDE DO SUL;Condutor Dormindo;Colisão com objeto;Com Vítimas Feridas;Plena Noite;Crescente;Nevoeiro/Neblina;Dupla;"Curva;Ponte";Não;2;0;0;1;0;2;1;3;-25,17611697;-48,874256;SPRF-PR;DEL01-PR;UOP02-DEL01-PR
635001;15/10/2024;terça-feira;05:20:00;SP;116;84,6;PINDAMONHANGABA;Ausência de reação do condutor;Saída de leito carroçável;Com Vítimas Feridas;Amanhecer;Decrescente;Céu Claro;Múltipla;Reta;Sim;2;0;0;1;1;0;1;2;-22,91777173;-45,33596814;SPRF-SP;DEL08-SP;UOP01-DEL08-SP
635003;15/10/2024;terça-feira;05:00:00;GO;153;174;CAMPINORTE;Acessar a via sem observar a presença dos outros veículos;Colisão transversal;Com Vítimas Feridas;Amanhecer;Crescente;Chuva;Simples;"Interseção de Vias;Curva";Sim;3;0;0;1;2;0;1;2;-14,292733;-49,150192;SPRF-GO;DEL07-GO;UOP02-DEL07-GO
635004;15/10/2024;terça-feira;06:20:00;TO;153;502;PARAISO DO TOCANTINS;Transitar na contramão;Colisão lateral sentido oposto;Com Vítimas Feridas;Pleno dia;Crescente;Céu Claro;Simples;Curva;Não;3;0;0;1;1;2;1;4;-10,21850698;-48,87509017;SPRF-TO;DEL01-TO;UOP01-DEL01-TO
635012;15/10/2024;terça-feira;06:00:00;MT;174;4;PONTES E LACERDA;Acessar a via sem observar a presença dos outros veículos;Colisão lateral mesmo sentido;Com Vítimas Feridas;Pleno dia;Decrescente;Céu Claro;Simples;Reta;Sim;2;0;1;0;1;0;1;2;-15,236132;-59,34157848;SPRF-MT;DEL04-MT;UOP01-DEL04-MT
635021;15/10/2024;terça-feira;07:50:00;SE;101;82,2;LARANJEIRAS;Reação tardia ou ineficiente do condutor;Colisão lateral mesmo sentido;Com Vítimas Feridas;Pleno dia;Decrescente;Céu Claro;Dupla;"Aclive;Reta";Não;3;0;1;0;1;1;1;3;-10,81787508;-37,13924106;SPRF-SE;DEL01-SE;UOP01-DEL01-SE
635024;15/10/2024;terça-feira;07:50:00;PR;376;616,8;SAO JOSE DOS PINHAIS;Manobra de mudança de faixa;Colisão traseira;Com Vítimas Feridas;Pleno dia;Crescente;Nublado;Dupla;"Curva;Declive";Sim;3;0;1;0;1;1;1;3;-25,57583659;-49,17953679;SPRF-PR;DEL01-PR;UOP04-DEL01-PR
635032;03/10/2024;quinta-feira;02:00:00;MG;381;861,7;POUSO ALEGRE;Manobra de mudança de faixa;Colisão traseira;Com Vítimas Fatais;Plena Noite;Crescente;Nublado;Dupla;"Declive;Reta";Não;7;1;0;0;5;2;0;4;-22,33167407;-45,91791308;SPRF-MG;DEL16-MG;UOP01-DEL16-MG
635042;15/10/2024;terça-feira;09:50:00;SC;470;148,7;AGRONOMICA;Reação tardia ou ineficiente do condutor;Colisão traseira;Com Vítimas Feridas;Pleno dia;Crescente;Chuva;Simples;"Reta;Em Obras";Não;2;0;1;0;1;0;1;2;-27,25039475;-49,70000267;SPRF-SC;DEL04-SC;UOP02-DEL04-SC
635047;12/10/2024;sábado;07:30:00;MT;70;730;CACERES;Demais falhas mecânicas ou elétricas;Eventos atípicos;Com Vítimas Feridas;Pleno dia;Crescente;Sol;Simples;Reta;Sim;2;0;1;0;0;1;1;2;-16,15478485;-57,61815581;SPRF-MT;DEL03-MT;UOP01-DEL03-MT
635049;15/10/2024;terça-feira;08:30:00;RJ;493;122;ITAGUAI;Velocidade Incompatível;Tombamento;Com Vítimas Feridas;Pleno dia;Crescente;Céu Claro;Dupla;Rotatória;Não;2;0;1;0;0;1;1;2;-22,90274343;-43,82377625;SPRF-RJ;DEL03-RJ;UOP01-DEL03-RJ
635050;15/10/2024;terça-feira;09:45:00;TO;153;625;ALIANCA DO TOCANTINS;Manobra de mudança de faixa;Saída de leito carroçável;Sem Vítimas;Pleno dia;Crescente;Céu Claro;Simples;Reta;Não;2;0;0;0;1;1;0;2;-11,31846291;-48,94418023;SPRF-TO;DEL01-TO;UOP02-DEL01-TO
635054;15/10/2024;terça-feira;08:40:00;RS;471;176;RIO PARDO;Reação tardia ou ineficiente do condutor;Engavetamento;Com Vítimas Feridas;Pleno dia;Decrescente;Chuva;Simples;Reta;Não;5;0;1;0;2;2;1;4;-30,040344;-52,369385;SPRF-RS;DEL02-RS;UOP03-DEL02-RS
635056;15/10/2024;terça-feira;06:45:00;ES;101;61;SAO MATEUS;Condutor deixou de manter distância do veículo da frente;Engavetamento;Com Vítimas Feridas;Pleno dia;Crescente;Céu Claro;Simples;Reta;Sim;4;0;1;0;3;0;1;3;-18,68153217;-39,86364755;SPRF-ES;DEL04-ES;UOP02-DEL04-ES
635058;15/10/2024;terça-feira;07:30:00;MG;116;509,5;UBAPORANGA;Acessar a via sem observar a presença dos outros veículos;Colisão transversal;Com Vítimas Feridas;Pleno dia;Decrescente;Céu Claro;Simples;"Reta;Interseção de Vias";Sim;2;0;1;0;1;0;1;2;-19,63654904;-42,10593182;SPRF-MG;DEL06-MG;UOP02-DEL06-MG
635059;15/10/2024;terça-feira;10:45:00;SC;480;129;CHAPECO;Desrespeitar a preferência no cruzamento;Colisão transversal;Com Vítimas Feridas;Pleno dia;Crescente;Nublado;Simples;Interseção de Vias;Sim;3;0;1;0;2;0;1;2;-27,04265612;-52,63560053;SPRF-SC;DEL07-SC;UOP01-DEL07-SC
635061;15/10/2024;terça-feira;11:04:00;MS;158;201;SELVIRIA;Acesso irregular;Colisão transversal;Com Vítimas Feridas;Pleno dia;Crescente;Céu Claro;Simples;Curva;Não;3;0;0;1;2;0;1;2;-20,37798893;-51,44681506;SPRF-MS;DEL07-MS;UOP01-DEL07-MS
635062;15/10/2024;terça-feira;10:30:00;PR;376;594;CURITIBA;Condutor deixou de manter distância do veículo da frente;Colisão lateral mesmo sentido;Com Vítimas Feridas;Pleno dia;Decrescente;Sol;Dupla;Reta;Sim;2;0;0;1;0;1;1;2;-25,48479613;-49,34730331;SPRF-PR;DEL03-PR;UOP03-DEL03-PR
635065;15/10/2024;terça-feira;11:18:00;MA;135;225,9;PERITORO;Condutor deixou de manter distância do veículo da frente;Queda de ocupante de veículo;Com Vítimas Fatais;Pleno dia;Crescente;Sol;Simples;Reta;Sim;2;1;0;0;0;1;0;2;-4,371917;-44,34232;SPRF-MA;DEL03-MA;UOP01-DEL03-MA
635068;15/10/2024;terça-feira;11:15:00;MT;163;607;NOVA MUTUM;Reação tardia ou ineficiente do condutor;Colisão frontal;Com Vítimas Feridas;Pleno dia;Crescente;Céu Claro;Simples;Reta;Sim;4;0;1;0;1;3;1;5;-13,84568605;-56,08401163;SPRF-MT;DEL01-MT;UOP01-DEL01-MT
635072;15/10/2024;terça-feira;09:00:00;SC;116;15,5;MAFRA;Transitar na contramão;Colisão frontal;Com Vítimas Fatais;Pleno dia;Crescente;Nublado;Simples;"Curva;Aclive";Não;9;1;4;0;3;2;4;7;-26,2069779;-49,8827644;SPRF-SC;DEL06-SC;UOP01-DEL06-SC
635078;15/10/2024;terça-feira;11:30:00;RO;364;12;VILHENA;Acessar a via sem observar a presença dos outros veículos;Colisão transversal;Com Vítimas Feridas;Pleno dia;Crescente;Céu Claro;Dupla;"Rotatória;Interseção de Vias";Sim;2;0;0;1;1;0;1;2;-12,74370233;-60,12147609;SPRF-RO;DEL04-RO;UOP01-DEL04-RO
635086;15/10/2024;terça-feira;05:41:00;SC;282;67;RANCHO QUEIMADO;Acessar a via sem observar a presença dos outros veículos;Colisão lateral sentido oposto;Com Vítimas Feridas;Amanhecer;Crescente;Chuva;Simples;Reta;Não;4;0;0;1;1;3;1;5;-27,695963;-49,0695;SPRF-SC;DEL01-SC;UOP03-DEL01-SC
635087;15/10/2024;terça-feira;13:30:00;RJ;116;177;SAO JOAO DE MERITI;Trafegar com motocicleta (ou similar) entre as faixas;Queda de ocupante de veículo;Com Vítimas Fatais;Pleno dia;Decrescente;Céu Claro;Dupla;Reta;Sim;3;1;0;0;1;1;0;3;-22,78055198;-43,39208599;SPRF-RJ;DEL06-RJ;UOP01-DEL06-RJ
635089;15/10/2024;terça-feira;10:20:00;MT;364;394;CUIABA;Transitar no Acostamento;Colisão traseira;Com Vítimas Feridas;Pleno dia;Decrescente;Céu Claro;Dupla;Reta;Sim;2;0;1;0;1;0;1;2;-15,700119;-55,890619;SPRF-MT;DEL01-MT;UOP02-DEL01-MT
635090;15/10/2024;terça-feira;14:30:00;MG;381;848;POUSO ALEGRE;Manobra de mudança de faixa;Colisão lateral mesmo sentido;Com Vítimas Feridas;Pleno dia;Crescente;Céu Claro;Dupla;Reta;Não;5;0;2;0;2;2;2;4;-22,22337078;-45,874177;SPRF-MG;DEL16-MG;UOP01-DEL16-MG
635093;15/10/2024;terça-feira;14:40:00;SP;153;174,3;GUAICARA;Desrespeitar a preferência no cruzamento;Colisão transversal;Com Vítimas Feridas;Pleno dia;Decrescente;Céu Claro;Simples;Interseção de Vias;Sim;2;0;1;0;1;0;1;2;-21,6327966;-49,78773236;SPRF-SP;DEL07-SP;UOP01-DEL07-SP
635096;15/10/2024;terça-feira;15:05:00;PR;376;2,6;APUCARANA;Reação tardia ou ineficiente do condutor;Colisão lateral mesmo sentido;Com Vítimas Feridas;Pleno dia;Crescente;Céu Claro;Dupla;Reta;Não;3;0;2;0;0;1;2;2;-23,5616269;-51,43439412;SPRF-PR;DEL07-PR;UOP03-DEL07-PR
635097;19/09/2024;quinta-feira;06:50:00;MG;50;178;UBERABA;Manobra de mudança de faixa;Colisão lateral mesmo sentido;Com Vítimas Feridas;Pleno dia;Decrescente;Céu Claro;Dupla;Reta;Sim;4;0;1;0;1;2;1;4;-19,77896821;-47,94093599;SPRF-MG;DEL13-MG;UOP01-DEL13-MG
635103;15/10/2024;terça-feira;13:30:00;MT;163;948;NOVA SANTA HELENA;Condutor Dormindo;Colisão lateral sentido oposto;Com Vítimas Feridas;Pleno dia;Crescente;Nublado;Simples;"Curva;Declive";Não;3;0;1;0;1;2;1;4;-10,90998587;-55,19710606;SPRF-MT;DEL06-MT;UOP02-DEL06-MT
635105;15/10/2024;terça-feira;15:00:00;PR;116;120;CURITIBA;Ultrapassagem Indevida;Colisão lateral mesmo sentido;Com Vítimas Feridas;Pleno dia;Decrescente;Nublado;Dupla;Reta;Não;4;0;0;1;2;2;1;5;-25,55122256;-49,30503748;SPRF-PR;DEL01-PR;UOP03-DEL01-PR
635107;15/10/2024;terça-feira;15:40:00;RS;116;258,7;ESTEIO;Reação tardia ou ineficiente do condutor;Colisão traseira;Sem Vítimas;Pleno dia;Decrescente;Nublado;Dupla;"Em Obras;Reta";Sim;2;0;0;0;2;0;0;2;-29,86150502;-51,18091535;SPRF-RS;DEL01-RS;UOP02-DEL01-RS
635111;15/10/2024;terça-feira;13:20:00;MA;10;244,6;IMPERATRIZ;Manobra de mudança de faixa;Colisão frontal;Com Vítimas Feridas;Pleno dia;Decrescente;Céu Claro;Simples;Reta;Não;5;0;0;3;1;1;3;3;-5,588685;-47,433857;SPRF-MA;DEL04-MA;UOP01-DEL04-MA
635112;15/10/2024;terça-feira;15:29:00;RN;226;32;MACAIBA;Conversão proibida;Colisão transversal;Com Vítimas Feridas;Pleno dia;Decrescente;Céu Claro;Dupla;"Curva;Viaduto";Não;2;0;1;0;1;0;1;2;-5,890055;-35,491677;SPRF-RN;DEL01-RN;UOP02-DEL01-RN
635117;15/10/2024;terça-feira;15:55:00;PR;369;37,2;ANDIRA;Condutor deixou de manter distância do veículo da frente;Colisão traseira;Com Vítimas Feridas;Pleno dia;Crescente;Céu Claro;Dupla;"Reta;Interseção de Vias";Sim;3;0;0;1;2;0;1;2;-23,04686031;-50,23492098;SPRF-PR;DEL07-PR;UOP05-DEL07-PR
635119;15/10/2024;terça-feira;17:00:00;SC;470;160,8;TROMBUDO CENTRAL;Mal súbito do condutor;Tombamento;Com Vítimas Feridas;Pleno dia;Decrescente;Céu Claro;Simples;"Curva;Aclive";Não;2;0;0;1;0;1;1;2;-27,28526052;-49,8035574;SPRF-SC;DEL04-SC;UOP02-DEL04-SC
635120;15/10/2024;terça-feira;13:00:00;MG;262;896;CAMPO FLORIDO;Carga excessiva e/ou mal acondicionada;Derramamento de carga;Sem Vítimas;Pleno dia;Crescente;Céu Claro;Dupla;Reta;Não;2;0;0;0;1;1;0;2;-19,76694276;-48,58091387;SPRF-MG;DEL13-MG;UOP02-DEL13-MG
635123;15/10/2024;terça-feira;13:50:00;BA;101;470;URUCUCA;Pedestre andava na pista;Atropelamento de Pedestre;Com Vítimas Feridas;Pleno dia;Crescente;Nublado;Simples;Reta;Não;5;0;1;0;3;1;1;3;-14,52199;-39,333787;SPRF-BA;DEL05-BA;UOP01-DEL05-BA
635124;15/10/2024;terça-feira;16:30:00;PA;316;106;SANTA MARIA DO PARA;Transitar no Acostamento;Colisão transversal;Com Vítimas Feridas;Pleno dia;Decrescente;Céu Claro;Simples;Reta;Não;4;0;0;1;1;2;1;4;-1,34101996;-47,55122901;SPRF-PA;DEL01-PA;UOP02-DEL01-PA
635129;15/10/2024;terça-feira;17:17:00;RS;386;154;ALMIRANTE TAMANDARE DO SUL;Ausência de reação do condutor;Colisão frontal;Com Vítimas Feridas;Pleno dia;Crescente;Garoa/Chuvisco;Simples;Curva;Não;3;0;0;2;1;0;2;2;-28,111137;-52,860538;SPRF-RS;DEL08-RS;UOP01-DEL08-RS
635130;15/10/2024;terça-feira;13:30:00;PR;277;4,2;PARANAGUA;Condutor deixou de manter distância do veículo da frente;Colisão lateral mesmo sentido;Com Vítimas Feridas;Pleno dia;Crescente;Nublado;Dupla;"Reta;Interseção de Vias";Sim;4;0;1;0;2;2;1;4;-25,53510073;-48,5305649;SPRF-PR;DEL01-PR;UOP05-DEL01-PR
635132;15/10/2024;terça-feira;16:08:00;RN;226;64,8;SERRA CAIADA;Avarias e/ou desgaste excessivo no pneu;Saída de leito carroçável;Com Vítimas Feridas;Pleno dia;Crescente;Céu Claro;Simples;"Declive;Reta;Em Obras";Não;3;0;3;0;0;0;3;1;-6,0740381;-35,68692985;SPRF-RN;DEL01-RN;UOP02-DEL01-RN
635133;15/10/2024;terça-feira;16:30:00;MS;262;354,9;CAMPO GRANDE;Acessar a via sem observar a presença dos outros veículos;Colisão transversal;Com Vítimas Feridas;Pleno dia;Decrescente;Céu Claro;Simples;Reta;Sim;3;0;1;0;1;1;1;3;-20,5512895;-54,67066353;SPRF-MS;DEL01-MS;UOP03-DEL01-MS
635142;15/10/2024;terça-feira;14:20:00;MG;40;765;JUIZ DE FORA;Condutor Dormindo;Colisão com objeto;Com Vítimas Feridas;Pleno dia;Crescente;Céu Claro;Simples;Reta;Não;4;0;0;4;0;0;4;2;-21,56418921;-43,4884611;SPRF-MG;DEL05-MG;UOP01-DEL05-MG
635151;15/10/2024;terça-feira;19:30:00;RS;285;459,2;IJUI;Desrespeitar a preferência no cruzamento;Colisão transversal;Com Vítimas Feridas;Plena Noite;Decrescente;Garoa/Chuvisco;Simples;"Reta;Interseção de Vias";Sim;3;0;0;1;1;1;1;3;-28,41254965;-53,90765905;SPRF-RS;DEL10-RS;UOP01-DEL10-RS
635152;15/10/2024;terça-feira;19:10:00;GO;153;355,9;JARAGUA;Conversão proibida;Colisão transversal;Com Vítimas Feridas;Plena Noite;Decrescente;Ignorado;Simples;Reta;Sim;5;0;2;0;2;1;2;3;-15,707553;-49,331131;SPRF-GO;DEL02-GO;UOP02-DEL02-GO
635157;15/10/2024;terça-feira;18:10:00;PR;376;490,6;PONTA GROSSA;Condutor deixou de manter distância do veículo da frente;Colisão com objeto;Sem Vítimas;Anoitecer;Crescente;Céu Claro;Dupla;Reta;Sim;2;0;0;0;1;1;0;2;-25,14692309;-50,15072006;SPRF-PR;DEL03-PR;UOP04-DEL03-PR
635159;15/10/2024;terça-feira;18:50:00;MS;163;642,9;SAO GABRIEL DO OESTE;Demais Fenômenos da natureza;Tombamento;Com Vítimas Feridas;Plena Noite;Decrescente;Vento;Dupla;Reta;Não;2;0;1;0;0;1;1;2;-19,21156296;-54,74141388;SPRF-MS;DEL06-MS;UOP02-DEL06-MS
635160;15/10/2024;terça-feira;20:00:00;ES;101;271;SERRA;Ausência de reação do condutor;Colisão traseira;Com Vítimas Feridas;Plena Noite;Decrescente;Nublado;Dupla;"Aclive;Reta";Sim;3;0;1;0;1;1;1;3;-20,23267;-40,27658;SPRF-ES;DEL02-ES;UOP01-DEL02-ES
635164;15/10/2024;terça-feira;19:43:00;MT;364;349;SANTO ANTONIO DO LEVERGER;Reação tardia ou ineficiente do condutor;Colisão traseira;Com Vítimas Feridas;Plena Noite;Decrescente;Nublado;Dupla;"Reta;Aclive";Não;3;0;1;0;1;3;1;5;-15,8024753;-55,56540905;SPRF-MT;DEL05-MT;UOP02-DEL05-MT
635170;15/10/2024;terça-feira;20:30:00;SP;116;550;BARRA DO TURVO;Estacionar ou parar em local proibido;Colisão traseira;Com Vítimas Feridas;Plena Noite;Crescente;Garoa/Chuvisco;Dupla;Reta;Não;3;0;1;0;1;4;1;6;-24,95749618;-48,46440871;SPRF-SP;DEL05-SP;UOP02-DEL05-SP
635171;15/10/2024;terça-feira;20:25:00;MG;50;51;ARAGUARI;Demais falhas mecânicas ou elétricas;Colisão com objeto;Sem Vítimas;Plena Noite;Decrescente;Nublado;Múltipla;"Declive;Reta";Não;4;0;0;0;4;0;0;2;-18,75058412;-48,2363534;SPRF-MG;DEL15-MG;UOP02-DEL15-MG
635176;15/10/2024;terça-feira;18:15:00;SC;470;105,6;APIUNA;Reação tardia ou ineficiente do condutor;Engavetamento;Com Vítimas Feridas;Anoitecer;Decrescente;Garoa/Chuvisco;Simples;Reta;Não;5;0;1;0;3;2;1;6;-27,066006;-49,417019;SPRF-SC;DEL04-SC;UOP02-DEL04-SC
635183;14/10/2024;segunda-feira;22:08:00;GO;60;428;RIO VERDE;Ausência de reação do condutor;Saída de leito carroçável;Sem Vítimas;Plena Noite;Decrescente;Ignorado;Dupla;Declive;Não;2;0;0;0;1;1;0;2;-17,8234;-51,3099;SPRF-GO;DEL04-GO;UOP02-DEL04-GO
635184;15/10/2024;terça-feira;17:00:00;RJ;116;249;PIRAI;Velocidade Incompatível;Engavetamento;Com Vítimas Feridas;Pleno dia;Crescente;Céu Claro;Dupla;Reta;Não;6;0;1;0;4;2;1;6;-22,59967462;-43,95005595;SPRF-RJ;DEL07-RJ;UOP01-DEL07-RJ
635186;15/10/2024;terça-feira;17:40:00;SC;101;137,8;BALNEARIO CAMBORIU;Ausência de reação do condutor;Colisão traseira;Com Vítimas Feridas;Anoitecer;Decrescente;Nublado;Múltipla;Reta;Sim;8;0;3;0;4;2;3;7;-27,0157238;-48,61192763;SPRF-SC;DEL04-SC;UOP03-DEL04-SC
635190;15/10/2024;terça-feira;19:15:00;SC;116;43;ITAIOPOLIS;Demais falhas mecânicas ou elétricas;Colisão com objeto;Com Vítimas Fatais;Plena Noite;Crescente;Nublado;Simples;Reta;Não;9;1;1;1;5;1;2;3;-26,33676966;-50,08224597;SPRF-SC;DEL06-SC;UOP01-DEL06-SC
635191;15/10/2024;terça-feira;20:00:00;AL;101;109;PILAR;Condutor deixou de manter distância do veículo da frente;Colisão traseira;Com Vítimas Feridas;Plena Noite;Crescente;Céu Claro;Dupla;Reta;Não;2;0;0;1;0;1;1;2;-9,60183894;-36,01536915;SPRF-AL;DEL02-AL;UOP01-DEL02-AL
635192;15/10/2024;terça-feira;21:20:00;RO;364;521;ARIQUEMES;Manobra de mudança de faixa;Colisão transversal;Com Vítimas Feridas;Plena Noite;Decrescente;Céu Claro;Simples;Reta;Sim;3;0;1;0;1;1;1;3;-9,87052202;-63,05779627;SPRF-RO;DEL03-RO;UOP01-DEL03-RO
635195;15/10/2024;terça-feira;23:40:00;PR;376;410,4;TIBAGI;Ingestão de álcool pelo condutor;Colisão lateral mesmo sentido;Sem Vítimas;Plena Noite;Crescente;Garoa/Chuvisco;Dupla;Reta;Não;3;0;0;0;2;1;0;2;-24,62154397;-50,64688683;SPRF-PR;DEL03-PR;UOP02-DEL03-PR
635197;15/10/2024;terça-feira;22:40:00;SC;101;15,6;GARUVA;Ausência de reação do condutor;Colisão traseira;Com Vítimas Feridas;Plena Noite;Crescente;Nublado;Dupla;"Reta;Aclive";Não;3;0;0;1;1;2;1;4;-26,10609917;-48,87224159;SPRF-SC;DEL03-SC;UOP01-DEL03-SC
635198;15/10/2024;terça-feira;21:40:00;PR;277;355,9;GUARAPUAVA;Reação tardia ou ineficiente do condutor;Colisão traseira;Com Vítimas Feridas;Plena Noite;Crescente;Nublado;Simples;Reta;Não;2;0;0;1;1;0;1;2;-25,395072;-51,529876;SPRF-PR;DEL08-PR;UOP01-DEL08-PR
635200;15/10/2024;terça-feira;18:55:00;PR;277;356,8;GUARAPUAVA;Reação tardia ou ineficiente do condutor;Colisão traseira;Sem Vítimas;Anoitecer;Decrescente;Nublado;Simples;Reta;Não;37;0;0;0;36;1;0;5;-25,395072;-51,529876;SPRF-PR;DEL08-PR;UOP01-DEL08-PR
635202;16/10/2024;quarta-feira;01:20:00;GO;153;506,5;APARECIDA DE GOIANIA;Ausência de reação do condutor;Colisão com objeto;Com Vítimas Feridas;Plena Noite;Crescente;Chuva;Dupla;"Reta;Declive";Sim;1;0;1;0;0;0;1;1;-16,7633;-49,24;SPRF-GO;DEL01-GO;UOP01-DEL01-GO
635203;16/10/2024;quarta-feira;02:10:00;MG;381;350;JOAO MONLEVADE;Condutor Dormindo;Tombamento;Com Vítimas Feridas;Plena Noite;Crescente;Céu Claro;Simples;Curva;Não;1;0;1;0;0;0;1;1;-19,84953832;-43,15779198;SPRF-MG;DEL03-MG;UOP01-DEL03-MG
635204;16/10/2024;quarta-feira;02:00:00;BA;101;185;SAO GONCALO DOS CAMPOS;Ausência de reação do condutor;Colisão frontal;Com Vítimas Fatais;Plena Noite;Crescente;Chuva;Simples;"Reta;Declive";Não;2;1;0;0;1;0;0;2;-12,4530203;-38,9304357;SPRF-BA;DEL01-BA;UOP03-DEL01-BA
635206;16/10/2024;quarta-feira;05:30:00;MG;40;406;CURVELO;Mal súbito do condutor;Colisão lateral sentido oposto;Com Vítimas Feridas;Amanhecer;Crescente;Ignorado;Simples;Reta;Não;2;0;1;0;1;0;1;2;-19,08328705;-44,65463133;SPRF-MG;DEL02-MG;UOP01-DEL02-MG
635207;15/10/2024;terça-feira;07:55:00;SC;282;501,3;XANXERE;Desrespeitar a preferência no cruzamento;Colisão transversal;Com Vítimas Feridas;Pleno dia;Decrescente;Nublado;Dupla;Interseção de Vias;Sim;3;0;1;0;1;1;1;3;-26,882715;-52,381729;SPRF-SC;DEL07-SC;UOP01-DEL07-SC
635208;15/10/2024;terça-feira;21:35:00;BA;242;599;MUQUEM DE SAO FRANCISCO;Chuva;Colisão frontal;Com Vítimas Feridas;Plena Noite;Crescente;Chuva;Simples;"Reta;Aclive";Não;5;0;0;2;1;5;2;8;-12,131;-43,348;SPRF-BA;DEL06-BA;UOP03-DEL06-BA
635209;16/10/2024;quarta-feira;03:00:00;MG;116;795,1;ALEM PARAIBA;Condutor Dormindo;Saída de leito carroçável;Com Vítimas Feridas;Plena Noite;Crescente;Nublado;Simples;"Curva;Declive";Não;2;0;1;0;0;1;1;2;-21,71949498;-42,72886698;SPRF-MG;DEL07-MG;UOP01-DEL07-MG
635210;16/10/2024;quarta-feira;05:50:00;SP;116;155;SAO JOSE DOS CAMPOS;Manobra de mudança de faixa;Engavetamento;Com Vítimas Fatais;Amanhecer;Decrescente;Sol;Múltipla;"Em Obras;Aclive";Sim;4;1;1;0;1;2;1;5;-23,24524337;-45,92772774;SPRF-SP;DEL02-SP;UOP01-DEL02-SP
635211;08/08/2024;quinta-feira;12:10:00;RJ;493;113;NITEROI;Fumaça;Engavetamento;Com Vítimas Fatais;Pleno dia;Crescente;Céu Claro;Múltipla;Reta;Sim;8;2;0;2;3;2;2;7;-22,9401128;-43,0401236;SPRF-RJ;DEL03-RJ;UOP01-DEL03-RJ
635213;16/10/2024;quarta-feira;06:30:00;PR;277;659;MATELANDIA;Velocidade Incompatível;Tombamento;Com Vítimas Feridas;Amanhecer;Crescente;Céu Claro;Dupla;"Curva;Declive";Não;1;0;0;1;0;0;1;1;-25,24664169;-53,98334832;SPRF-PR;DEL05-PR;UOP02-DEL05-PR
635214;16/10/2024;quarta-feira;06:00:00;BA;415;60;ITABUNA;Velocidade Incompatível;Tombamento;Com Vítimas Feridas;Pleno dia;Decrescente;Céu Claro;Simples;Curva;Não;2;0;1;0;0;1;1;2;-14,81574494;-39,29612388;SPRF-BA;DEL05-BA;UOP01-DEL05-BA