id;data_inversa;dia_semana;horario;uf;br;km;municipio;causa_acidente;tipo_acidente;classificacao_acidente;fase_dia;sentido_via;condicao_metereologica;tipo_pista;tracado_via;uso_solo;pessoas;mortos;feridos_leves;feridos_graves;ilesos;ignorados;feridos;veiculos;latitude;longitude;regional;delegacia;uop
638497;31/10/2024;quinta-feira;00:50:00;RS;392;91;PELOTAS;Ausência de reação do condutor;Colisão traseira;Com Vítimas Feridas;Plena Noite;Decrescente;Nublado;Dupla;"Curva;Aclive";Não;3;0;1;0;1;2;1;4;-31,5978283;-52,527385;SPRF-RS;DEL07-RS;UOP01-DEL07-RS
638500;31/10/2024;quinta-feira;01:00:00;PR;277;108;CURITIBA;Reação tardia ou ineficiente do condutor;Colisão traseira;Com Vítimas Feridas;Plena Noite;Decrescente;Nublado;Dupla;"Declive;Reta";Sim;4;0;0;1;2;2;1;4;-25,4307791;-49,3775338;SPRF-PR;DEL03-PR;UOP03-DEL03-PR
638505;31/10/2024;quinta-feira;04:00:00;PR;376;501;PONTA GROSSA;Demais falhas mecânicas ou elétricas;Incêndio;Sem Vítimas;Plena Noite;Decrescente;Céu Claro;Dupla;Reta;Não;2;0;0;0;1;1;0;2;-25,20894789;-50,06444688;SPRF-PR;DEL03-PR;UOP04-DEL03-PR
638507;31/10/2024;quinta-feira;03:00:00;BA;101;739;ITABELA;Reação tardia ou ineficiente do condutor;Capotamento;Com Vítimas Feridas;Plena Noite;Decrescente;Chuva;Simples;"Curva;Declive";Não;2;0;2;0;0;0;2;1;-16,5328508;-39,5666908;SPRF-BA;DEL09-BA;UOP01-DEL09-BA
638515;31/10/2024;quinta-feira;04:37:00;MG;381;689,2;LAVRAS;Velocidade Incompatível;Tombamento;Com Vítimas Feridas;Amanhecer;Decrescente;Céu Claro;Dupla;Curva;Não;1;0;1;0;0;0;1;1;-21,225698;-45,130486;SPRF-MG;DEL04-MG;UOP02-DEL04-MG
638521;31/10/2024;quinta-feira;03:30:00;MG;381;530,8;ITATIAIUCU;Condutor Dormindo;Saída de leito carroçável;Com Vítimas Feridas;Plena Noite;Decrescente;Ignorado;Dupla;Curva;Não;1;0;1;0;0;0;1;1;-20,17327539;-44,37545454;SPRF-MG;DEL04-MG;UOP03-DEL04-MG
638527;31/10/2024;quinta-feira;04:10:00;MG;381;772,1;CAMPANHA;Velocidade Incompatível;Saída de leito carroçável;Com Vítimas Feridas;Plena Noite;Decrescente;Nublado;Dupla;Reta;Não;3;0;0;1;1;2;1;4;-21,79763003;-45,45693799;SPRF-MG;DEL16-MG;UOP02-DEL16-MG
638528;31/10/2024;quinta-feira;01:50:00;ES;262;73,2;MARECHAL FLORIANO;Velocidade Incompatível;Tombamento;Com Vítimas Feridas;Plena Noite;Crescente;Garoa/Chuvisco;Simples;"Curva;Declive";Não;2;0;0;1;0;1;1;2;-20,41066352;-40,88380166;SPRF-ES;DEL01-ES;UOP02-DEL01-ES
638529;31/10/2024;quinta-feira;05:40:00;MT;70;717,2;CACERES;Condutor Dormindo;Saída de leito carroçável;Com Vítimas Feridas;Pleno dia;Crescente;Céu Claro;Simples;Reta;Não;2;0;1;0;1;0;1;1;-16,23296215;-57,56819131;SPRF-MT;DEL03-MT;UOP01-DEL03-MT
638545;17/10/2024;quinta-feira;07:45:00;MG;40;531;BELO HORIZONTE;Condutor deixou de manter distância do veículo da frente;Colisão lateral mesmo sentido;Com Vítimas Feridas;Pleno dia;Crescente;Céu Claro;Dupla;Reta;Sim;2;0;0;1;1;0;1;2;-19,91962483;-44,02522683;SPRF-MG;DEL01-MG;UOP02-DEL01-MG
638556;31/10/2024;quinta-feira;07:15:00;RJ;101;135;CARAPEBUS;Condutor deixou de manter distância do veículo da frente;Colisão traseira;Com Vítimas Feridas;Pleno dia;Crescente;Sol;Dupla;Curva;Não;3;0;1;0;1;1;1;3;-22,14482241;-41,7236896;SPRF-RJ;DEL08-RJ;UOP04-DEL08-RJ
638560;12/10/2024;sábado;09:20:00;GO;452;112;BOM JESUS DE GOIAS;Estacionar ou parar em local proibido;Eventos atípicos;Com Vítimas Feridas;Pleno dia;Decrescente;Céu Claro;Simples;Declive;Não;5;0;1;0;2;5;1;8;-18,18711456;-49,88224776;SPRF-GO;DEL03-GO;UOP02-DEL03-GO
638567;31/10/2024;quinta-feira;11:50:00;SC;470;3,8;NAVEGANTES;Acesso irregular;Colisão lateral sentido oposto;Com Vítimas Feridas;Pleno dia;Decrescente;Céu Claro;Dupla;"Rotatória;Em Obras";Não;2;0;1;0;1;0;1;2;-26,861937;-48,681618;SPRF-SC;DEL04-SC;UOP04-DEL04-SC
638571;31/10/2024;quinta-feira;12:40:00;RS;290;92;CANOAS;Condutor deixou de manter distância do veículo da frente;Colisão traseira;Com Vítimas Feridas;Pleno dia;Crescente;Céu Claro;Múltipla;Reta;Sim;3;0;1;0;2;0;1;2;-29,971916;-51,176838;SPRF-RS;DEL01-RS;UOP01-DEL01-RS
638573;31/10/2024;quinta-feira;12:05:00;MS;163;583;BANDEIRANTES;Ausência de reação do condutor;Tombamento;Com Vítimas Feridas;Pleno dia;Crescente;Céu Claro;Dupla;Reta;Não;2;0;1;0;0;1;1;2;-19,62316122;-54,37913031;SPRF-MS;DEL06-MS;UOP02-DEL06-MS
638578;31/10/2024;quinta-feira;12:35:00;RS;386;345,5;LAJEADO;Entrada inopinada do pedestre;Atropelamento de Pedestre;Com Vítimas Feridas;Pleno dia;Decrescente;Sol;Dupla;Reta;Sim;3;0;0;1;1;1;1;3;-29,443069;-51,984135;SPRF-RS;DEL04-RS;UOP01-DEL04-RS
638580;31/10/2024;quinta-feira;13:00:00;PR;116;102;SAO JOSE DOS PINHAIS;Condutor deixou de manter distância do veículo da frente;Engavetamento;Com Vítimas Feridas;Pleno dia;Crescente;Céu Claro;Dupla;"Reta;Interseção de Vias";Não;5;0;2;0;2;1;2;4;-25,550639;-49,15025;SPRF-PR;DEL01-PR;UOP07-DEL01-PR
638581;30/08/2024;sexta-feira;23:40:00;SC;101;210;SAO JOSE;Reação tardia ou ineficiente do condutor;Colisão traseira;Com Vítimas Feridas;Plena Noite;Decrescente;Céu Claro;Múltipla;Reta;Sim;3;0;0;1;1;1;1;3;-27,6167305;-48,6457265;SPRF-SC;DEL01-SC;UOP01-DEL01-SC
638583;31/10/2024;quinta-feira;12:50:00;PI;135;352;BOM JESUS;Acessar a via sem observar a presença dos outros veículos;Colisão transversal;Sem Vítimas;Pleno dia;Crescente;Céu Claro;Dupla;Reta;Sim;2;0;0;0;2;0;0;2;-9,07531116;-44,35476699;SPRF-PI;DEL03-PI;UOP02-DEL03-PI
638586;31/10/2024;quinta-feira;11:40:00;RJ;493;18;MAGE;Acessar a via sem observar a presença dos outros veículos;Colisão transversal;Sem Vítimas;Pleno dia;Crescente;Céu Claro;Simples;Reta;Não;3;0;0;0;1;2;0;3;-22,6687122;-43,01862696;SPRF-RJ;DEL04-RJ;UOP02-DEL04-RJ
638592;31/10/2024;quinta-feira;13:18:00;GO;50;281,6;CATALAO;Desrespeitar a preferência no cruzamento;Colisão transversal;Com Vítimas Feridas;Pleno dia;Crescente;Céu Claro;Simples;"Em Obras;Reta;Interseção de Vias;Declive";Sim;4;0;1;0;2;1;1;4;-18,1838;-47,9441;SPRF-GO;DEL06-GO;UOP01-DEL06-GO
638596;31/10/2024;quinta-feira;10:30:00;BA;101;53;ENTRE RIOS;Condutor Dormindo;Colisão com objeto;Com Vítimas Feridas;Pleno dia;Decrescente;Céu Claro;Dupla;Reta;Não;2;0;1;0;0;1;1;2;-11,93856313;-38,05623282;SPRF-BA;DEL01-BA;UOP04-DEL01-BA
638598;31/10/2024;quinta-feira;14:15:00;GO;414;373;COCALZINHO DE GOIAS;Acesso irregular;Colisão transversal;Com Vítimas Feridas;Pleno dia;Decrescente;Céu Claro;Dupla;Reta;Sim;4;0;1;0;2;2;1;4;-15,79608565;-48,77573862;SPRF-GO;DEL02-GO;UOP01-DEL02-GO
638600;31/10/2024;quinta-feira;13:30:00;RS;285;402,5;PANAMBI;Demais falhas na via;Capotamento;Com Vítimas Feridas;Pleno dia;Crescente;Sol;Simples;"Declive;Reta";Não;4;0;1;1;1;1;2;3;-28,379646;-53,372883;SPRF-RS;DEL10-RS;UOP02-DEL10-RS
638601;31/10/2024;quinta-feira;08:15:00;BA;418;9;CARAVELAS;Acessar a via sem observar a presença dos outros veículos;Colisão transversal;Com Vítimas Feridas;Pleno dia;Decrescente;Céu Claro;Simples;"Rotatória;Interseção de Vias";Não;2;0;0;1;1;0;1;2;-17,6651253;-39,22873742;SPRF-BA;DEL09-BA;UOP02-DEL09-BA
638615;31/10/2024;quinta-feira;13:05:00;PR;476;310;PAULO FRONTIN;Demais falhas mecânicas ou elétricas;Incêndio;Sem Vítimas;Pleno dia;Decrescente;Céu Claro;Simples;Reta;Não;2;0;0;0;1;1;0;2;-26,02055;-50,652287;SPRF-PR;DEL02-PR;UOP03-DEL02-PR
638617;31/10/2024;quinta-feira;14:30:00;AM;319;133;CAREIRO;Condutor Dormindo;Saída de leito carroçável;Com Vítimas Feridas;Pleno dia;Decrescente;Nublado;Simples;Reta;Não;2;0;1;0;0;1;1;2;-3,93957381;-60,49088514;SPRF-AM;DEL01-AM;UOP04-DEL01-AM
638619;19/07/2024;sexta-feira;01:00:00;SP;116;113,6;TAUBATE;Ingestão de álcool pelo condutor;Colisão traseira;Com Vítimas Feridas;Plena Noite;Decrescente;Céu Claro;Dupla;Reta;Sim;6;0;2;0;1;3;2;3;-23,04563318;-45,58669752;SPRF-SP;DEL02-SP;UOP02-DEL02-SP
638620;31/10/2024;quinta-feira;16:15:00;MG;40;530,9;CONTAGEM;Reação tardia ou ineficiente do condutor;Colisão transversal;Com Vítimas Feridas;Pleno dia;Decrescente;Nublado;Múltipla;Interseção de Vias;Sim;3;0;0;1;1;1;1;3;-19,91947346;-44,02518868;SPRF-MG;DEL01-MG;UOP02-DEL01-MG
638622;31/10/2024;quinta-feira;15:00:00;MT;163;821;SINOP;Condutor deixou de manter distância do veículo da frente;Engavetamento;Com Vítimas Feridas;Pleno dia;Crescente;Chuva;Simples;Reta;Sim;3;0;1;0;2;0;1;3;-12,112411;-55,51673304;SPRF-MT;DEL06-MT;UOP02-DEL06-MT
638631;31/10/2024;quinta-feira;13:00:00;RJ;493;20;MAGE;Carga excessiva e/ou mal acondicionada;Derramamento de carga;Sem Vítimas;Pleno dia;Crescente;Nublado;Simples;Reta;Sim;1;0;0;0;1;0;0;1;-22,66364;-43,036495;SPRF-RJ;DEL04-RJ;UOP02-DEL04-RJ
638633;31/10/2024;quinta-feira;16:15:00;RJ;116;212;SEROPEDICA;Demais falhas mecânicas ou elétricas;Incêndio;Sem Vítimas;Pleno dia;Crescente;Céu Claro;Dupla;Reta;Não;2;0;0;0;1;1;0;2;-22,71844298;-43,700897;SPRF-RJ;DEL06-RJ;UOP02-DEL06-RJ
638636;31/10/2024;quinta-feira;11:30:00;BA;116;642,9;JAGUAQUARA;Problema com o freio;Saída de leito carroçável;Com Vítimas Feridas;Pleno dia;Crescente;Céu Claro;Simples;"Reta;Declive";Não;1;0;1;0;0;0;1;1;-13,54775201;-40,07146898;SPRF-BA;DEL03-BA;UOP01-DEL03-BA
638637;31/10/2024;quinta-feira;16:30:00;TO;153;444;MIRACEMA DO TOCANTINS;Ultrapassagem Indevida;Colisão transversal;Com Vítimas Feridas;Pleno dia;Decrescente;Chuva;Simples;Curva;Não;4;0;1;0;1;4;1;6;-9,75714995;-48,70206021;SPRF-TO;DEL01-TO;UOP01-DEL01-TO
638642;31/10/2024;quinta-feira;18:10:00;GO;40;1,6;VALPARAISO DE GOIAS;Ausência de reação do condutor;Colisão lateral mesmo sentido;Com Vítimas Feridas;Anoitecer;Crescente;Nublado;Dupla;Reta;Sim;5;0;1;0;3;1;1;4;-16,058245;-47,982825;SPRF-DF;DEL01-DF;UOP01-DEL01-DF
638646;31/10/2024;quinta-feira;17:40:00;RS;290;75,8;GRAVATAI;Demais falhas mecânicas ou elétricas;Colisão com objeto;Com Vítimas Feridas;Pleno dia;Crescente;Céu Claro;Múltipla;Reta;Não;7;0;1;0;5;1;1;5;-29,95521;-51,006855;SPRF-RS;DEL01-RS;UOP01-DEL01-RS
638647;31/10/2024;quinta-feira;16:50:00;SC;101;55;JOINVILLE;Demais falhas mecânicas ou elétricas;Incêndio;Sem Vítimas;Anoitecer;Decrescente;Céu Claro;Dupla;Reta;Não;1;0;0;0;1;0;0;1;-26,42280898;-48,82977496;SPRF-SC;DEL03-SC;UOP01-DEL03-SC
638650;31/10/2024;quinta-feira;17:45:00;PR;376;490;PONTA GROSSA;Reação tardia ou ineficiente do condutor;Engavetamento;Com Vítimas Feridas;Anoitecer;Decrescente;Céu Claro;Dupla;Reta;Sim;5;0;1;0;3;1;1;4;-25,14692309;-50,15072006;SPRF-PR;DEL03-PR;UOP04-DEL03-PR
638656;23/10/2024;quarta-feira;13:50:00;BA;324;609;SIMOES FILHO;Manobra de mudança de faixa;Colisão lateral mesmo sentido;Com Vítimas Feridas;Pleno dia;Decrescente;Céu Claro;Dupla;Reta;Não;2;0;1;0;0;1;1;2;-12,82066;-38,40798;SPRF-BA;DEL01-BA;UOP01-DEL01-BA
638658;31/10/2024;quinta-feira;12:30:00;RJ;40;100;DUQUE DE CAXIAS;Ingestão de álcool pelo condutor;Colisão traseira;Sem Vítimas;Pleno dia;Decrescente;Sol;Simples;Viaduto;Sim;3;0;0;0;3;0;0;3;-22,6076856;-43,28558207;SPRF-RJ;DEL01-RJ;UOP01-DEL01-RJ
638662;31/10/2024;quinta-feira;16:00:00;RS;285;508,2;ENTRE-IJUIS;Demais falhas mecânicas ou elétricas;Incêndio;Sem Vítimas;Pleno dia;Decrescente;Céu Claro;Simples;"Aclive;Reta";Não;2;0;0;0;1;1;0;2;-28,396236;-54,375103;SPRF-RS;DEL10-RS;UOP01-DEL10-RS
638664;31/10/2024;quinta-feira;15:10:00;SC;101;26,8;JOINVILLE;Transitar no Acostamento;Colisão traseira;Com Vítimas Feridas;Pleno dia;Decrescente;Nublado;Dupla;Reta;Sim;2;0;1;0;1;0;1;2;-26,19234802;-48,91210384;SPRF-SC;DEL03-SC;UOP01-DEL03-SC
638666;31/10/2024;quinta-feira;15:45:00;MT;163;860;SINOP;Ultrapassagem Indevida;Saída de leito carroçável;Com Vítimas Feridas;Pleno dia;Decrescente;Nublado;Simples;Reta;Não;3;0;1;0;1;1;1;2;-11,646606;-55,439334;SPRF-MT;DEL06-MT;UOP02-DEL06-MT
638668;31/10/2024;quinta-feira;19:20:00;BA;101;817;ITAMARAJU;Transitar na contramão;Colisão frontal;Com Vítimas Feridas;Plena Noite;Decrescente;Nublado;Simples;"Curva;Declive";Não;3;0;1;1;1;0;2;2;-17,0900043;-39,569027;SPRF-BA;DEL09-BA;UOP01-DEL09-BA
638673;31/10/2024;quinta-feira;20:15:00;CE;116;25,1;ITAITINGA;Pedestre cruzava a pista fora da faixa;Atropelamento de Pedestre;Com Vítimas Fatais;Plena Noite;Crescente;Céu Claro;Dupla;Reta;Sim;4;1;0;0;1;2;0;3;-3,96508444;-38,51540565;SPRF-CE;DEL01-CE;UOP02-DEL01-CE
638676;31/10/2024;quinta-feira;20:10:00;CE;304;89,4;ARACATI;Velocidade Incompatível;Colisão frontal;Com Vítimas Feridas;Plena Noite;Decrescente;Céu Claro;Dupla;Reta;Não;3;0;1;0;2;0;1;2;-4,79030711;-37,50501518;SPRF-CE;DEL03-CE;UOP03-DEL03-CE
638677;31/10/2024;quinta-feira;20:45:00;SP;116;229;SAO PAULO;Condutor Dormindo;Tombamento;Com Vítimas Feridas;Plena Noite;Decrescente;Céu Claro;Simples;Reta;Não;1;0;1;0;0;0;1;1;-23,51291902;-46,57604698;SPRF-SP;DEL01-SP;UOP01-DEL01-SP
638678;31/10/2024;quinta-feira;19:45:00;RS;285;298,2;PASSO FUNDO;Pedestre andava na pista;Atropelamento de Pedestre;Com Vítimas Feridas;Plena Noite;Crescente;Nublado;Simples;Reta;Sim;2;0;0;1;0;1;1;2;-28,236414;-52,423466;SPRF-RS;DEL08-RS;UOP03-DEL08-RS
638682;31/10/2024;quinta-feira;17:00:00;MA;226;490,1;LAJEADO NOVO;Ultrapassagem Indevida;Colisão frontal;Com Vítimas Feridas;Pleno dia;Decrescente;Céu Claro;Simples;Reta;Não;3;0;0;1;1;1;1;3;-6,06517582;-46,72774394;SPRF-MA;DEL04-MA;UOP02-DEL04-MA
638686;31/10/2024;quinta-feira;20:34:00;PE;408;57,2;NAZARE DA MATA;Transitar na contramão;Colisão frontal;Com Vítimas Feridas;Plena Noite;Crescente;Céu Claro;Simples;"Reta;Aclive";Não;3;0;0;1;1;2;1;4;-7,78823704;-35,24276291;SPRF-PE;DEL01-PE;UOP01-DEL01-PE
638688;31/10/2024;quinta-feira;21:10:00;PR;376;499;PONTA GROSSA;Ingestão de álcool pelo condutor;Colisão traseira;Sem Vítimas;Plena Noite;Decrescente;Céu Claro;Dupla;Reta;Não;3;0;0;0;2;3;0;5;-25,19475149;-50,07738945;SPRF-PR;DEL03-PR;UOP04-DEL03-PR
638698;31/10/2024;quinta-feira;20:10:00;PR;153;484;GENERAL CARNEIRO;Demais falhas mecânicas ou elétricas;Saída de leito carroçável;Com Vítimas Feridas;Plena Noite;Crescente;Nublado;Simples;Interseção de Vias;Não;1;0;1;0;0;0;1;1;-26,3864876;-51,27244234;SPRF-PR;DEL02-PR;UOP03-DEL02-PR
638701;31/10/2024;quinta-feira;17:40:00;PI;407;464;JAICOS;Transitar na contramão;Colisão lateral sentido oposto;Com Vítimas Feridas;Anoitecer;Decrescente;Céu Claro;Simples;Reta;Não;4;0;1;0;3;0;1;3;-7,32334505;-41,1574561;SPRF-PI;DEL04-PI;UOP01-DEL04-PI
638702;31/10/2024;quinta-feira;22:35:00;SP;381;13,8;BRAGANCA PAULISTA;Condutor Dormindo;Colisão traseira;Com Vítimas Feridas;Plena Noite;Crescente;Céu Claro;Dupla;"Reta;Aclive";Não;3;0;1;0;1;1;1;3;-22,93319831;-46,46980452;SPRF-SP;DEL03-SP;UOP02-DEL03-SP
638704;31/10/2024;quinta-feira;22:05:00;RJ;493;20;MAGE;Acessar a via sem observar a presença dos outros veículos;Colisão transversal;Com Vítimas Feridas;Plena Noite;Crescente;Nublado;Simples;Reta;Sim;2;0;1;0;1;0;1;2;-22,66364;-43,036495;SPRF-RJ;DEL04-RJ;UOP02-DEL04-RJ
638715;31/10/2024;quinta-feira;23:30:00;BA;324;530;FEIRA DE SANTANA;Demais falhas mecânicas ou elétricas;Incêndio;Sem Vítimas;Plena Noite;Decrescente;Céu Claro;Dupla;Retorno Regulamentado;Sim;1;0;0;0;1;0;0;1;-12,32818491;-38,86174193;SPRF-BA;DEL01-BA;UOP03-DEL01-BA
638722;31/10/2024;quinta-feira;23:50:00;RO;364;572;ITAPUA DO OESTE;Estacionar ou parar em local proibido;Colisão frontal;Com Vítimas Feridas;Plena Noite;Crescente;Céu Claro;Simples;Reta;Não;5;0;3;0;1;1;3;5;-9,463449;-63,10194913;SPRF-RO;DEL01-RO;UOP04-DEL01-RO
638732;31/10/2024;quinta-feira;23:05:00;SC;282;527,3;XAXIM;Ingestão de álcool pelo condutor;Colisão frontal;Com Vítimas Feridas;Plena Noite;Decrescente;Céu Claro;Simples;"Curva;Aclive";Não;4;0;1;0;2;2;1;4;-26,97382681;-52,58457363;SPRF-SC;DEL07-SC;UOP01-DEL07-SC
638761;31/10/2024;quinta-feira;00:30:00;BA;242;591;IBOTIRAMA;Ausência de reação do condutor;Tombamento;Com Vítimas Feridas;Plena Noite;Decrescente;Céu Claro;Simples;Curva;Não;1;0;0;1;0;0;1;1;-12,09054714;-43,14553701;SPRF-BA;DEL06-BA;UOP03-DEL06-BA
638775;29/10/2024;terça-feira;07:00:00;RJ;493;89,7;SEROPEDICA;Ausência de reação do condutor;Saída de leito carroçável;Com Vítimas Feridas;Pleno dia;Crescente;Céu Claro;Dupla;Reta;Não;2;0;2;0;0;0;2;1;-22,67552;-43,65835;SPRF-RJ;DEL01-RJ;UOP03-DEL01-RJ
638786;30/10/2024;quarta-feira;00:15:00;GO;60;226;CEZARINA;Ausência de reação do condutor;Saída de leito carroçável;Com Vítimas Feridas;Plena Noite;Decrescente;Nublado;Dupla;"Reta;Aclive";Não;2;0;1;0;0;1;1;2;-17,0231;-49,7776;SPRF-GO;DEL01-GO;UOP02-DEL01-GO
638790;30/10/2024;quarta-feira;18:50:00;GO;364;295;MINEIROS;Ausência de reação do condutor;Tombamento;Sem Vítimas;Anoitecer;Decrescente;Nublado;Simples;Curva;Não;2;0;0;0;0;2;0;2;-17,578367;-52,5093;SPRF-GO;DEL05-GO;UOP01-DEL05-GO
638791;26/09/2024;quinta-feira;18:00:00;PR;476;315;PAULO FRONTIN;Chuva;Colisão frontal;Com Vítimas Feridas;Anoitecer;Decrescente;Chuva;Simples;Curva;Não;3;0;0;1;1;2;1;4;-26,034035;-50,698009;SPRF-PR;DEL02-PR;UOP03-DEL02-PR
638793;11/10/2024;sexta-feira;14:00:00;RS;386;154;ALMIRANTE TAMANDARE DO SUL;Chuva;Colisão lateral sentido oposto;Com Vítimas Feridas;Pleno dia;Decrescente;Chuva;Simples;"Declive;Curva";Não;4;0;2;0;1;1;2;3;-28,111137;-52,860538;SPRF-RS;DEL08-RS;UOP01-DEL08-RS
638832;07/07/2024;domingo;11:10:00;MG;116;577;MANHUACU;Reação tardia ou ineficiente do condutor;Tombamento;Com Vítimas Feridas;Pleno dia;Decrescente;Céu Claro;Simples;Curva;Não;1;0;1;0;0;0;1;1;-20,161295;-42,189066;SPRF-MG;DEL06-MG;UOP03-DEL06-MG
638872;25/10/2024;sexta-feira;05:40:00;RR;174;292;CARACARAI;Transitar na contramão;Colisão lateral sentido oposto;Com Vítimas Feridas;Pleno dia;Decrescente;Céu Claro;Simples;Curva;Não;4;0;1;2;0;2;3;4;1,431896;-60,723217;SPRF-RR;DEL01-RR;UOP01-DEL01-RR
638931;20/10/2024;domingo;15:12:00;MG;251;506;FRANCISCO SA;Chuva;Colisão frontal;Com Vítimas Feridas;Pleno dia;Crescente;Chuva;Simples;Curva;Não;12;0;1;0;10;2;1;5;-16,61894941;-43,6887828;SPRF-MG;DEL12-MG;UOP01-DEL12-MG
639040;10/09/2024;terça-feira;19:20:00;MG;381;876,4;ESTIVA;Manobra de mudança de faixa;Colisão lateral mesmo sentido;Sem Vítimas;Plena Noite;Crescente;Céu Claro;Dupla;"Reta;Declive";Não;3;0;0;0;2;2;0;4;-22,48184;-46,010895;SPRF-MG;DEL16-MG;UOP01-DEL16-MG
639075;08/07/2024;segunda-feira;02:00:00;SP;116;149;SAO JOSE DOS CAMPOS;Acumulo de areia ou detritos sobre o pavimento;Colisão lateral mesmo sentido;Com Vítimas Feridas;Plena Noite;Decrescente;Céu Claro;Dupla;Reta;Não;4;0;0;1;2;1;1;3;-23,20700047;-45,88626861;SPRF-SP;DEL02-SP;UOP01-DEL02-SP
639186;25/10/2024;sexta-feira;11:15:00;PR;277;702;SAO MIGUEL DO IGUACU;Ultrapassagem Indevida;Saída de leito carroçável;Com Vítimas Feridas;Pleno dia;Crescente;Céu Claro;Dupla;Reta;Não;3;0;1;0;0;2;1;3;-25,41563081;-54,34484511;SPRF-PR;DEL05-PR;UOP01-DEL05-PR
639235;31/07/2024;quarta-feira;04:30:00;MG;262;96,5;ABRE CAMPO;Condutor Dormindo;Colisão frontal;Com Vítimas Feridas;Plena Noite;Decrescente;Céu Claro;Simples;"Desvio Temporário;Curva";Sim;6;0;1;3;1;1;4;3;-20,295544;-42,48012;SPRF-MG;DEL03-MG;UOP03-DEL03-MG
639438;10/09/2024;terça-feira;23:26:00;MG;381;876,2;ESTIVA;Velocidade Incompatível;Saída de leito carroçável;Com Vítimas Feridas;Plena Noite;Decrescente;Céu Claro;Dupla;"Reta;Aclive";Não;4;0;2;0;0;2;2;3;-22,472813;-46,01072791;SPRF-MG;DEL16-MG;UOP01-DEL16-MG
639444;31/10/2024;quinta-feira;05:57:00;PI;343;346;TERESINA;Velocidade Incompatível;Tombamento;Sem Vítimas;Amanhecer;Decrescente;Céu Claro;Simples;Rotatória;Sim;2;0;0;0;1;1;0;2;-5,110751;-42,770531;SPRF-PI;DEL01-PI;UOP01-DEL01-PI
639528;17/06/2024;segunda-feira;09:00:00;MG;153;145;CAMPO FLORIDO;Reação tardia ou ineficiente do condutor;Saída de leito carroçável;Com Vítimas Feridas;Pleno dia;Crescente;Céu Claro;Simples;Reta;Não;2;0;1;0;0;1;1;2;-19,6079631;-48,83760379;SPRF-MG;DEL13-MG;UOP02-DEL13-MG
639538;25/09/2024;quarta-feira;06:30:00;ES;101;329,9;GUARAPARI;Acessar a via sem observar a presença dos outros veículos;Colisão lateral mesmo sentido;Com Vítimas Feridas;Pleno dia;Decrescente;Céu Claro;Dupla;Reta;Não;2;0;0;1;1;0;1;2;-20,58850702;-40,49784511;SPRF-ES;DEL03-ES;UOP01-DEL03-ES
639549;24/10/2024;quinta-feira;07:15:00;RJ;116;169;RIO DE JANEIRO;Trafegar com motocicleta (ou similar) entre as faixas;Queda de ocupante de veículo;Com Vítimas Feridas;Pleno dia;Crescente;Céu Claro;Dupla;Reta;Sim;2;0;1;0;0;1;1;2;-22,816206;-43,324463;SPRF-RJ;DEL06-RJ;UOP01-DEL06-RJ
639696;13/10/2024;domingo;17:14:00;GO;40;93;CRISTALINA;Ausência de reação do condutor;Colisão com objeto;Sem Vítimas;Pleno dia;Decrescente;Céu Claro;Simples;Reta;Não;2;0;0;0;1;1;0;2;-16,736824;-47,61925;SPRF-DF;DEL01-DF;UOP02-DEL01-DF
639700;20/10/2024;domingo;12:10:00;GO;70;411;MONTES CLAROS DE GOIAS;Reação tardia ou ineficiente do condutor;Colisão lateral sentido oposto;Com Vítimas Feridas;Pleno dia;Crescente;Nublado;Simples;Reta;Não;3;0;1;0;1;1;1;3;-15,88737601;-51,72225952;SPRF-GO;DEL04-GO;UOP02-DEL04-GO
639702;22/10/2024;terça-feira;14:50:00;GO;40;22;LUZIANIA;Ausência de reação do condutor;Colisão lateral mesmo sentido;Com Vítimas Feridas;Pleno dia;Crescente;Chuva;Dupla;Reta;Não;4;0;1;0;2;1;1;3;-16,227484;-47,914109;SPRF-DF;DEL01-DF;UOP01-DEL01-DF
639703;21/10/2024;segunda-feira;04:54:00;PB;101;93,3;JOAO PESSOA;Condutor Dormindo;Saída de leito carroçável;Sem Vítimas;Amanhecer;Decrescente;Céu Claro;Dupla;"Ponte;Reta";Não;2;0;0;0;0;3;0;3;-7,20859339;-34,9096607;SPRF-PB;DEL01-PB;UOP02-DEL01-PB
639718;09/09/2024;segunda-feira;19:48:00;MS;163;739;COXIM;Retorno proibido;Colisão transversal;Com Vítimas Feridas;Plena Noite;Crescente;Céu Claro;Simples;"Reta;Declive";Não;3;0;1;1;1;0;2;2;-18,43652888;-54,69939724;SPRF-MS;DEL06-MS;UOP01-DEL06-MS
639719;10/10/2024;quinta-feira;07:20:00;PA;163;175;ALTAMIRA;Transitar na contramão;Colisão frontal;Sem Vítimas;Amanhecer;Crescente;Ignorado;Simples;Reta;Não;3;0;0;0;0;4;0;4;-8,16985897;-55,12662635;SPRF-PA;DEL05-PA;UOP03-DEL05-PA
639727;12/10/2024;sábado;10:10:00;RN;304;268,3;IELMO MARINHO;Ultrapassagem Indevida;Colisão frontal;Com Vítimas Feridas;Pleno dia;Crescente;Céu Claro;Simples;Ponte;Não;4;0;1;0;3;0;1;4;-5,867;-35,593;SPRF-RN;DEL01-RN;UOP02-DEL01-RN