id;data_inversa;dia_semana;horario;uf;br;km;municipio;causa_acidente;tipo_acidente;classificacao_acidente;fase_dia;sentido_via;condicao_metereologica;tipo_pista;tracado_via;uso_solo;pessoas;mortos;feridos_leves;feridos_graves;ilesos;ignorados;feridos;veiculos;latitude;longitude;regional;delegacia;uop
616679;24/07/2024;quarta-feira;23:30:00;RO;364;706;PORTO VELHO;Ausência de reação do condutor;Colisão com objeto;Com Vítimas Feridas;Plena Noite;Crescente;Céu Claro;Simples;"Reta;Em Obras";Sim;6;0;0;3;1;4;3;6;-8,80030539;-63,823428;SPRF-RO;DEL01-RO;UOP01-DEL01-RO
617332;27/07/2024;sábado;22:00:00;MT;70;522;CUIABA;Ausência de reação do condutor;Saída de leito carroçável;Sem Vítimas;Plena Noite;Decrescente;Céu Claro;Simples;Reta;Sim;4;0;0;0;0;5;0;5;-15,65051022;-55,99823809;SPRF-MT;DEL01-MT;UOP02-DEL01-MT
617630;29/07/2024;segunda-feira;09:00:00;RS;101;86;OSORIO;Mal súbito do condutor;Colisão traseira;Com Vítimas Feridas;Pleno dia;Decrescente;Chuva;Simples;Reta;Sim;2;0;0;1;1;0;1;2;-29,88205;-50,26461;SPRF-RS;DEL03-RS;UOP01-DEL03-RS
618029;05/06/2024;quarta-feira;17:50:00;SP;116;59,7;GUARATINGUETA;Condutor deixou de manter distância do veículo da frente;Engavetamento;Sem Vítimas;Plena Noite;Decrescente;Céu Claro;Dupla;Reta;Não;3;0;0;0;2;1;0;3;-22,78555649;-45,15339465;SPRF-SP;DEL08-SP;UOP01-DEL08-SP
618036;12/07/2024;sexta-feira;22:40:00;MT;174;569;COMODORO;Reação tardia ou ineficiente do condutor;Colisão lateral sentido oposto;Com Vítimas Feridas;Plena Noite;Crescente;Ignorado;Simples;Curva;Não;4;0;1;0;2;3;1;5;-13,01974017;-59,92758216;SPRF-MT;DEL04-MT;UOP02-DEL04-MT
618671;03/08/2024;sábado;05:10:00;RS;101;23;TRES CACHOEIRAS;Ausência de reação do condutor;Colisão com objeto;Sem Vítimas;Plena Noite;Crescente;Céu Claro;Dupla;Reta;Sim;2;0;0;0;1;1;0;2;-29,44526794;-49,90912604;SPRF-RS;DEL03-RS;UOP02-DEL03-RS
618914;03/08/2024;sábado;23:20:00;RO;425;83;NOVA MAMORE;Velocidade Incompatível;Colisão com objeto;Com Vítimas Feridas;Plena Noite;Crescente;Céu Claro;Simples;Reta;Sim;2;0;0;1;0;1;1;2;-10,26452;-65,291702;SPRF-RO;DEL01-RO;UOP03-DEL01-RO
619384;05/08/2024;segunda-feira;16:10:00;AM;174;946;MANAUS;Problema com o freio;Incêndio;Sem Vítimas;Pleno dia;Decrescente;Sol;Simples;Reta;Não;1;0;0;0;1;0;0;1;-2,43441504;-60,0280072;SPRF-AM;DEL01-AM;UOP01-DEL01-AM
620211;09/08/2024;sexta-feira;18:00:00;PA;163;633;TRAIRAO;Reação tardia ou ineficiente do condutor;Colisão traseira;Sem Vítimas;Pleno dia;Crescente;Céu Claro;Simples;Curva;Não;2;0;0;0;1;1;0;2;-4,647112;-55,952896;SPRF-PA;DEL05-PA;UOP03-DEL05-PA
620375;10/08/2024;sábado;14:17:00;MT;364;238;JUSCIMEIRA;Reação tardia ou ineficiente do condutor;Colisão traseira;Sem Vítimas;Pleno dia;Crescente;Céu Claro;Dupla;Reta;Não;2;0;0;0;1;1;0;2;-16,19634212;-54,78316547;SPRF-MT;DEL02-MT;UOP01-DEL02-MT
621339;18/07/2024;quinta-feira;13:00:00;PR;163;3;BARRACAO;Transitar na contramão;Colisão lateral sentido oposto;Com Vítimas Feridas;Pleno dia;Decrescente;Céu Claro;Simples;Reta;Não;3;0;1;1;1;0;2;2;-26,25066;-53,635523;SPRF-PR;DEL02-PR;UOP02-DEL02-PR
621699;17/08/2024;sábado;05:30:00;SC;480;126,2;CHAPECO;Ausência de reação do condutor;Colisão traseira;Com Vítimas Feridas;Amanhecer;Decrescente;Nublado;Dupla;"Reta;Aclive";Sim;2;0;1;0;0;1;1;2;-27,020083;-52,636024;SPRF-SC;DEL07-SC;UOP01-DEL07-SC
622870;06/08/2024;terça-feira;08:45:00;SC;101;102;BALNEARIO PICARRAS;Acessar a via sem observar a presença dos outros veículos;Colisão traseira;Com Vítimas Feridas;Pleno dia;Crescente;Nublado;Múltipla;Interseção de Vias;Não;2;0;1;0;0;1;1;2;-26,77383397;-48,68594062;SPRF-SC;DEL03-SC;UOP02-DEL03-SC
625433;03/09/2024;terça-feira;02:00:00;BA;324;598;SIMOES FILHO;Demais falhas mecânicas ou elétricas;Incêndio;Sem Vítimas;Plena Noite;Decrescente;Céu Claro;Simples;Reta;Não;1;0;0;0;1;0;0;1;-12,73432323;-38,44227717;SPRF-BA;DEL01-BA;UOP01-DEL01-BA
625803;05/09/2024;quinta-feira;00:03:00;PR;369;65;BANDEIRANTES;Demais falhas mecânicas ou elétricas;Colisão com objeto;Com Vítimas Feridas;Plena Noite;Crescente;Céu Claro;Simples;"Reta;Ponte";Não;3;0;1;0;1;1;1;2;-23,1276919;-50,454669;SPRF-PR;DEL07-PR;UOP05-DEL07-PR
626598;08/09/2024;domingo;06:01:00;MT;70;731;CACERES;Acessar a via sem observar a presença dos outros veículos;Colisão lateral sentido oposto;Com Vítimas Feridas;Pleno dia;Decrescente;Céu Claro;Simples;Interseção de Vias;Sim;2;0;0;1;0;1;1;2;-16,15109224;-57,62618406;SPRF-MT;DEL03-MT;UOP01-DEL03-MT
626922;09/09/2024;segunda-feira;12:47:00;PE;101;67;RECIFE;Reação tardia ou ineficiente do condutor;Colisão traseira;Com Vítimas Feridas;Pleno dia;Decrescente;Céu Claro;Dupla;Reta;Sim;4;0;2;0;1;1;2;3;-8,042334;-34,943096;SPRF-PE;DEL01-PE;UOP01-DEL01-PE
626981;09/09/2024;segunda-feira;15:40:00;SC;280;159;MAFRA;Condutor deixou de manter distância do veículo da frente;Colisão traseira;Com Vítimas Feridas;Pleno dia;Crescente;Céu Claro;Simples;Declive;Não;4;0;2;0;1;1;2;2;-26,20208315;-49,76143098;SPRF-SC;DEL06-SC;UOP03-DEL06-SC
627041;09/09/2024;segunda-feira;23:00:00;RS;116;498;PELOTAS;Entrada inopinada do pedestre;Atropelamento de Pedestre;Com Vítimas Fatais;Plena Noite;Crescente;Chuva;Dupla;Reta;Não;2;1;0;0;0;1;0;2;-31,53831617;-52,23395077;SPRF-RS;DEL07-RS;UOP01-DEL07-RS
627499;12/09/2024;quinta-feira;11:00:00;SE;101;31;CAPELA;Ausência de reação do condutor;Saída de leito carroçável;Sem Vítimas;Pleno dia;Decrescente;Céu Claro;Dupla;Reta;Não;1;0;0;0;0;1;0;1;-10,45377004;-36,94004289;SPRF-SE;DEL02-SE;UOP02-DEL02-SE
628682;17/09/2024;terça-feira;07:35:00;MG;40;521,5;CONTAGEM;Condutor deixou de manter distância do veículo da frente;Colisão traseira;Com Vítimas Feridas;Pleno dia;Crescente;Céu Claro;Dupla;Curva;Não;4;0;0;2;1;1;2;3;-19,85651501;-44,07213222;SPRF-MG;DEL01-MG;UOP02-DEL01-MG
628932;18/09/2024;quarta-feira;15:00:00;MG;381;869;POUSO ALEGRE;Ausência de reação do condutor;Colisão traseira;Com Vítimas Feridas;Pleno dia;Crescente;Céu Claro;Simples;Reta;Não;3;0;1;0;1;1;1;2;-22,42671983;-45,97163217;SPRF-MG;DEL16-MG;UOP01-DEL16-MG
629830;22/09/2024;domingo;13:00:00;MG;365;10,5;MONTES CLAROS;Reação tardia ou ineficiente do condutor;Colisão traseira;Com Vítimas Feridas;Pleno dia;Crescente;Sol;Simples;"Reta;Aclive";Não;3;0;0;1;0;2;1;3;-16,83478113;-43,95261496;SPRF-MG;DEL12-MG;UOP01-DEL12-MG
630810;27/09/2024;sexta-feira;05:30:00;PI;316;156,9;ELESBAO VELOSO;Avarias e/ou desgaste excessivo no pneu;Incêndio;Sem Vítimas;Amanhecer;Crescente;Céu Claro;Simples;Reta;Não;1;0;0;0;1;0;0;1;-6,15952702;-42,1292751;SPRF-PI;DEL04-PI;UOP02-DEL04-PI
631950;01/10/2024;terça-feira;00:20:00;PR;277;718;FOZ DO IGUACU;Demais falhas mecânicas ou elétricas;Colisão traseira;Com Vítimas Feridas;Plena Noite;Decrescente;Céu Claro;Dupla;"Reta;Declive";Não;4;0;0;2;1;1;2;3;-25,48013487;-54,48530406;SPRF-PR;DEL05-PR;UOP03-DEL05-PR
632684;05/10/2024;sábado;07:50:00;ES;101;69,5;SAO MATEUS;Demais falhas mecânicas ou elétricas;Eventos atípicos;Com Vítimas Feridas;Pleno dia;Decrescente;Nublado;Simples;Reta;Não;2;0;1;0;0;1;1;2;-18,73556097;-39,86069526;SPRF-ES;DEL04-ES;UOP02-DEL04-ES
637353;25/10/2024;sexta-feira;17:10:00;PR;376;635,8;TIJUCAS DO SUL;Objeto estático sobre o leito carroçável;Colisão com objeto;Com Vítimas Feridas;Pleno dia;Crescente;Céu Claro;Dupla;Declive;Não;2;0;1;0;0;1;1;2;-25,7527733;-49,12678891;SPRF-PR;DEL01-PR;UOP04-DEL01-PR
638353;30/10/2024;quarta-feira;08:45:00;SP;116;281;EMBU DAS ARTES;Manobra de mudança de faixa;Colisão traseira;Com Vítimas Feridas;Pleno dia;Decrescente;Nublado;Dupla;Reta;Sim;2;0;1;0;0;1;1;2;-23,67784787;-46,85769227;SPRF-SP;DEL04-SP;UOP01-DEL04-SP
575302;17/01/2024;quarta-feira;04:30:00;PE;424;23;PEDRA;Ausência de reação do condutor;Colisão traseira;Com Vítimas Feridas;Amanhecer;Decrescente;Céu Claro;Simples;Reta;Não;4;0;1;0;2;1;1;3;-8,53329903;-36,91533905;SPRF-PE;DEL04-PE;UOP02-DEL04-PE
576716;23/01/2024;terça-feira;14:00:00;MT;70;112;GENERAL CARNEIRO;Acumulo de água sobre o pavimento;Saída de leito carroçável;Sem Vítimas;Pleno dia;Decrescente;Chuva;Simples;Curva;Não;2;0;0;0;1;9;0;10;-15,59286112;-53,05797982;SPRF-MT;DEL07-MT;UOP01-DEL07-MT
580845;12/02/2024;segunda-feira;19:50:00;PB;230;111,8;INGA;Reação tardia ou ineficiente do condutor;Colisão traseira;Sem Vítimas;Plena Noite;Crescente;Céu Claro;Dupla;Reta;Não;4;0;0;0;2;2;0;3;-7,2086;-35,5736;SPRF-PB;DEL01-PB;UOP03-DEL01-PB
581227;15/02/2024;quinta-feira;02:25:00;MG;251;461,1;GRAO MOGOL;Velocidade Incompatível;Saída de leito carroçável;Com Vítimas Feridas;Plena Noite;Crescente;Céu Claro;Simples;Curva;Não;6;0;4;0;1;1;4;2;-16,43416418;-43,39185866;SPRF-MG;DEL12-MG;UOP01-DEL12-MG
587112;13/03/2024;quarta-feira;21:10:00;RO;425;129;GUAJARA-MIRIM;Deficiência do Sistema de Iluminação/Sinalização;Colisão traseira;Com Vítimas Feridas;Plena Noite;Crescente;Céu Claro;Simples;Reta;Não;4;0;0;1;2;1;1;3;-10,706122;-65,27331;SPRF-RO;DEL01-RO;UOP03-DEL01-RO
591390;02/04/2024;terça-feira;13:35:00;MT;364;405;CUIABA;Ausência de reação do condutor;Colisão traseira;Sem Vítimas;Pleno dia;Decrescente;Céu Claro;Múltipla;Reta;Não;3;0;0;0;1;2;0;3;-15,64176135;-56,02020335;SPRF-MT;DEL01-MT;UOP02-DEL01-MT
591823;04/04/2024;quinta-feira;21:40:00;BA;242;755;BARREIRAS;Carga excessiva e/ou mal acondicionada;Colisão lateral sentido oposto;Com Vítimas Feridas;Plena Noite;Crescente;Céu Claro;Simples;Curva;Não;5;0;0;2;2;2;2;4;-12,15480097;-44,68414307;SPRF-BA;DEL10-BA;UOP01-DEL10-BA
595445;21/04/2024;domingo;13:30:00;MG;40;559;NOVA LIMA;Reação tardia ou ineficiente do condutor;Colisão com objeto;Com Vítimas Feridas;Pleno dia;Crescente;Céu Claro;Dupla;Reta;Sim;3;0;0;1;1;2;1;4;-20,11861708;-43,96783926;SPRF-MG;DEL01-MG;UOP02-DEL01-MG
604743;02/06/2024;domingo;17:00:00;PR;376;227,4;APUCARANA;Transitar no Acostamento;Colisão lateral mesmo sentido;Sem Vítimas;Pleno dia;Crescente;Céu Claro;Dupla;Reta;Não;4;0;0;0;3;1;0;3;-23,56925406;-51,54729492;SPRF-PR;DEL07-PR;UOP03-DEL07-PR
613712;11/07/2024;quinta-feira;13:55:00;SP;116;545;BARRA DO TURVO;Reação tardia ou ineficiente do condutor;Colisão traseira;Com Vítimas Feridas;Pleno dia;Decrescente;Nublado;Simples;"Declive;Curva";Não;5;0;1;0;3;1;1;3;-24,95016699;-48,42400302;SPRF-SP;DEL05-SP;UOP02-DEL05-SP
615142;17/07/2024;quarta-feira;20:00:00;SP;116;497;CAJATI;Acessar a via sem observar a presença dos outros veículos;Colisão traseira;Com Vítimas Feridas;Plena Noite;Decrescente;Céu Claro;Dupla;"Retorno Regulamentado;Reta";Não;7;0;5;0;1;1;5;3;-24,76728682;-48,16859721;SPRF-SP;DEL05-SP;UOP01-DEL05-SP
620794;12/08/2024;segunda-feira;11:10:00;MS;163;16;MUNDO NOVO;Reação tardia ou ineficiente do condutor;Saída de leito carroçável;Sem Vítimas;Pleno dia;Crescente;Céu Claro;Simples;Reta;Sim;3;0;0;0;2;1;0;2;-23,95437523;-54,29279479;SPRF-MS;DEL09-MS;UOP02-DEL09-MS
621062;13/08/2024;terça-feira;20:30:00;BA;101;492,5;BARRO PRETO;Avarias e/ou desgaste excessivo no pneu;Colisão frontal;Com Vítimas Feridas;Plena Noite;Decrescente;Chuva;Simples;"Declive;Curva";Não;3;0;2;0;0;1;2;3;-14,712796;-39,360308;SPRF-BA;DEL05-BA;UOP01-DEL05-BA
623211;23/08/2024;sexta-feira;22:15:00;SP;116;513,8;CAJATI;Reação tardia ou ineficiente do condutor;Saída de leito carroçável;Com Vítimas Feridas;Plena Noite;Decrescente;Chuva;Simples;"Curva;Declive";Não;2;0;1;0;0;1;1;2;-24,85109616;-48,21802405;SPRF-SP;DEL05-SP;UOP02-DEL05-SP
623866;26/08/2024;segunda-feira;20:00:00;RN;101;58,5;CEARA-MIRIM;Deficiência do Sistema de Iluminação/Sinalização;Colisão traseira;Com Vítimas Feridas;Plena Noite;Decrescente;Céu Claro;Simples;Reta;Não;4;0;1;0;2;1;1;3;-5,591373;-35,273365;SPRF-RN;DEL02-RN;UOP01-DEL02-RN
627772;01/09/2024;domingo;19:00:00;PA;230;140;MARABA;Manobra de mudança de faixa;Colisão lateral sentido oposto;Com Vítimas Feridas;Plena Noite;Crescente;Céu Claro;Simples;Reta;Não;4;0;0;1;2;1;1;3;-5,32134782;-49,24231676;SPRF-PA;DEL03-PA;UOP01-DEL03-PA
628963;18/09/2024;quarta-feira;16:30:00;RO;364;725;PORTO VELHO;Reação tardia ou ineficiente do condutor;Colisão traseira;Com Vítimas Feridas;Pleno dia;Decrescente;Nevoeiro/Neblina;Simples;"Reta;Aclive";Não;5;0;2;1;0;2;3;4;-8,85112482;-63,93965083;SPRF-RO;DEL01-RO;UOP01-DEL01-RO
629219;19/09/2024;quinta-feira;18:00:00;RO;364;506,5;ARIQUEMES;Transitar na contramão;Colisão lateral sentido oposto;Sem Vítimas;Plena Noite;Decrescente;Chuva;Simples;Reta;Não;6;0;0;0;5;1;0;3;-9,99000286;-63,01741583;SPRF-RO;DEL03-RO;UOP01-DEL03-RO
632640;05/10/2024;sábado;01:00:00;SC;101;396;CRICIUMA;Ingestão de álcool pelo condutor;Colisão traseira;Com Vítimas Feridas;Plena Noite;Decrescente;Nublado;Múltipla;Reta;Não;5;0;4;0;0;1;4;3;-28,84077355;-49,42664266;SPRF-SC;DEL02-SC;UOP02-DEL02-SC
635165;15/10/2024;terça-feira;13:00:00;MG;365;56;CLARO DOS POCOES;Demais falhas mecânicas ou elétricas;Saída de leito carroçável;Com Vítimas Feridas;Pleno dia;Decrescente;Céu Claro;Simples;Reta;Não;4;0;2;0;1;2;2;3;-16,98387905;-44,27035282;SPRF-MG;DEL12-MG;UOP01-DEL12-MG
636645;22/10/2024;terça-feira;11:30:00;MG;116;282;TEOFILO OTONI;Ausência de reação do condutor;Saída de leito carroçável;Com Vítimas Feridas;Pleno dia;Decrescente;Céu Claro;Simples;"Curva;Aclive";Não;4;0;1;1;1;2;2;3;-17,902369;-41,522926;SPRF-MG;DEL11-MG;UOP01-DEL11-MG
572109;02/01/2024;terça-feira;08:30:00;AL;316;241;ATALAIA;Retorno proibido;Colisão transversal;Com Vítimas Feridas;Pleno dia;Decrescente;Céu Claro;Simples;"Reta;Aclive";Sim;3;0;1;0;1;1;1;3;-9,5015368;-36,0262847;SPRF-AL;DEL01-AL;UOP01-DEL01-AL
572587;04/01/2024;quinta-feira;14:00:00;SC;101;148;ITAPEMA;Reação tardia ou ineficiente do condutor;Colisão traseira;Sem Vítimas;Pleno dia;Decrescente;Nublado;Múltipla;"Reta;Aclive;Viaduto";Sim;3;0;0;0;2;1;0;3;-27,10123686;-48,61807962;SPRF-SC;DEL04-SC;UOP03-DEL04-SC
572890;06/01/2024;sábado;08:40:00;PR;277;55;SAO JOSE DOS PINHAIS;Retorno proibido;Colisão transversal;Com Vítimas Feridas;Pleno dia;Crescente;Garoa/Chuvisco;Dupla;Reta;Não;4;0;1;0;2;1;1;3;-25,58844984;-48,94524097;SPRF-PR;DEL01-PR;UOP01-DEL01-PR
573240;07/01/2024;domingo;21:00:00;SC;101;157;PORTO BELO;Acessar a via sem observar a presença dos outros veículos;Colisão transversal;Com Vítimas Feridas;Plena Noite;Decrescente;Nublado;Dupla;Retorno Regulamentado;Não;6;0;3;1;1;1;4;3;-27,181625;-48,6121179;SPRF-SC;DEL04-SC;UOP03-DEL04-SC
573349;08/01/2024;segunda-feira;12:00:00;MG;50;21,6;UBERLANDIA;Acessar a via sem observar a presença dos outros veículos;Colisão transversal;Com Vítimas Feridas;Pleno dia;Crescente;Sol;Simples;Reta;Sim;3;0;0;1;1;1;1;3;-18,93877353;-48,22184801;SPRF-MG;DEL15-MG;UOP01-DEL15-MG
573403;08/01/2024;segunda-feira;14:55:00;DF;80;16,8;BRASILIA;Reação tardia ou ineficiente do condutor;Colisão frontal;Com Vítimas Feridas;Pleno dia;Crescente;Nublado;Simples;"Reta;Declive";Não;5;0;3;0;1;1;3;3;-15,701065;-48,202263;SPRF-DF;DEL03-DF;UOP02-DEL03-DF
573440;08/01/2024;segunda-feira;18:30:00;PR;369;173,3;ROLANDIA;Acessar a via sem observar a presença dos outros veículos;Colisão traseira;Com Vítimas Feridas;Anoitecer;Crescente;Nublado;Simples;"Reta;Retorno Regulamentado";Sim;4;0;1;0;1;2;1;4;-23,30989918;-51,36939347;SPRF-PR;DEL07-PR;UOP01-DEL07-PR
573854;10/01/2024;quarta-feira;15:35:00;RJ;116;184;NOVA IGUACU;Condutor deixou de manter distância do veículo da frente;Colisão traseira;Com Vítimas Feridas;Pleno dia;Decrescente;Céu Claro;Múltipla;Reta;Sim;3;0;0;1;1;1;1;3;-22,74647215;-43,44594311;SPRF-RJ;DEL06-RJ;UOP01-DEL06-RJ
574366;13/01/2024;sábado;02:30:00;MS;163;832;SONORA;Ausência de reação do condutor;Saída de leito carroçável;Sem Vítimas;Plena Noite;Decrescente;Nublado;Simples;Reta;Não;2;0;0;0;1;1;0;2;-17,645239;-54,747734;SPRF-MS;DEL06-MS;UOP01-DEL06-MS
574685;14/01/2024;domingo;15:00:00;GO;50;107;CRISTALINA;Demais falhas mecânicas ou elétricas;Saída de leito carroçável;Com Vítimas Feridas;Pleno dia;Crescente;Céu Claro;Dupla;Reta;Não;6;0;1;0;4;1;1;2;-16,9309;-47,7117;SPRF-DF;DEL01-DF;UOP02-DEL01-DF
574960;15/01/2024;segunda-feira;15:30:00;RJ;356;27;ITAPERUNA;Condutor Dormindo;Saída de leito carroçável;Com Vítimas Feridas;Pleno dia;Decrescente;Céu Claro;Simples;Declive;Não;5;0;4;0;0;1;4;2;-21,18163338;-41,94541519;SPRF-RJ;DEL08-RJ;UOP03-DEL08-RJ
575438;18/01/2024;quinta-feira;06:30:00;AL;101;81;RIO LARGO;Ultrapassagem Indevida;Colisão traseira;Com Vítimas Feridas;Pleno dia;Crescente;Céu Claro;Dupla;Curva;Não;3;0;1;0;1;1;1;3;-9,44701176;-35,851915;SPRF-AL;DEL01-AL;UOP01-DEL01-AL
575468;18/01/2024;quinta-feira;09:30:00;RS;116;239;NOVO HAMBURGO;Acessar a via sem observar a presença dos outros veículos;Colisão lateral mesmo sentido;Com Vítimas Feridas;Pleno dia;Crescente;Nublado;Múltipla;"Reta;Interseção de Vias;Aclive";Sim;6;0;2;0;3;1;2;3;-29,69062623;-51,14312351;SPRF-RS;DEL01-RS;UOP02-DEL01-RS
575690;19/01/2024;sexta-feira;11:20:00;SP;116;59,4;GUARATINGUETA;Transitar no Acostamento;Colisão lateral mesmo sentido;Com Vítimas Feridas;Pleno dia;Decrescente;Nublado;Dupla;Reta;Não;3;0;1;0;1;1;1;3;-22,78555649;-45,15339465;SPRF-SP;DEL08-SP;UOP01-DEL08-SP
575743;19/01/2024;sexta-feira;12:20:00;AL;316;87,7;SANTANA DO IPANEMA;Ausência de reação do condutor;Colisão traseira;Com Vítimas Feridas;Pleno dia;Crescente;Céu Claro;Simples;"Aclive;Reta";Não;4;0;1;0;2;1;1;3;-9,37623216;-37,22677605;SPRF-AL;DEL03-AL;UOP02-DEL03-AL
575783;19/01/2024;sexta-feira;14:15:00;RS;287;280;SAO PEDRO DO SUL;Ausência de reação do condutor;Colisão traseira;Sem Vítimas;Pleno dia;Crescente;Céu Claro;Simples;Reta;Não;6;0;0;0;4;2;0;4;-29,6410317;-54,17002483;SPRF-RS;DEL09-RS;UOP01-DEL09-RS
576400;22/01/2024;segunda-feira;10:58:00;GO;153;175;CAMPINORTE;Acessar a via sem observar a presença dos outros veículos;Colisão transversal;Com Vítimas Feridas;Pleno dia;Crescente;Céu Claro;Simples;"Reta;Interseção de Vias";Sim;4;0;0;1;2;3;1;6;-14,301579;-49,14817;SPRF-GO;DEL07-GO;UOP02-DEL07-GO
576805;24/01/2024;quarta-feira;12:50:00;MG;50;78,6;UBERLANDIA;Ausência de reação do condutor;Colisão traseira;Com Vítimas Feridas;Pleno dia;Crescente;Céu Claro;Dupla;Reta;Não;3;0;1;0;1;1;1;3;-18,986906;-48,211853;SPRF-MG;DEL15-MG;UOP01-DEL15-MG
577175;26/01/2024;sexta-feira;10:55:00;RS;287;401,8;SANTIAGO;Reação tardia ou ineficiente do condutor;Atropelamento de Pedestre;Com Vítimas Feridas;Pleno dia;Decrescente;Céu Claro;Simples;Reta;Não;3;0;0;1;1;1;1;3;-29,15697512;-54,88198218;SPRF-RS;DEL12-RS;UOP02-DEL12-RS
577265;26/01/2024;sexta-feira;18:10:00;SC;282;341,8;CAMPOS NOVOS;Condutor deixou de manter distância do veículo da frente;Engavetamento;Com Vítimas Feridas;Anoitecer;Crescente;Chuva;Simples;Reta;Sim;8;0;0;1;5;2;1;4;-27,389957;-51,213387;SPRF-SC;DEL07-SC;UOP06-DEL07-SC
577287;26/01/2024;sexta-feira;20:10:00;PR;369;141;IBIPORA;Ingestão de álcool pelo condutor;Colisão com objeto;Sem Vítimas;Plena Noite;Decrescente;Céu Claro;Dupla;Rotatória;Sim;2;0;0;0;1;1;0;2;-23,28571741;-51,07445776;SPRF-PR;DEL07-PR;UOP01-DEL07-PR
577662;28/01/2024;domingo;19:47:00;SC;101;331,7;TUBARAO;Desrespeitar a preferência no cruzamento;Colisão transversal;Com Vítimas Feridas;Plena Noite;Crescente;Garoa/Chuvisco;Múltipla;Interseção de Vias;Sim;5;0;1;0;3;1;1;3;-28,46567318;-48,99627686;SPRF-SC;DEL02-SC;UOP01-DEL02-SC
577843;29/01/2024;segunda-feira;16:20:00;RS;293;35,3;CAPAO DO LEAO;Demais falhas mecânicas ou elétricas;Colisão com objeto;Com Vítimas Feridas;Pleno dia;Decrescente;Nublado;Simples;Reta;Não;3;0;1;0;0;2;1;3;-31,73851383;-52,67295601;SPRF-RS;DEL07-RS;UOP01-DEL07-RS
578066;30/01/2024;terça-feira;17:40:00;SC;280;166,3;MAFRA;Acessar a via sem observar a presença dos outros veículos;Colisão transversal;Com Vítimas Feridas;Pleno dia;Decrescente;Céu Claro;Simples;"Curva;Interseção de Vias";Sim;3;0;1;0;1;1;1;3;-26,17713619;-49,81611416;SPRF-SC;DEL06-SC;UOP01-DEL06-SC
578129;31/01/2024;quarta-feira;04:00:00;BA;110;228;OLINDINA;Animais na Pista;Saída de leito carroçável;Com Vítimas Fatais;Plena Noite;Decrescente;Céu Claro;Simples;Reta;Não;4;1;0;2;0;1;2;2;-11,31272;-38,38791;SPRF-BA;DEL07-BA;UOP02-DEL07-BA
578922;30/01/2024;terça-feira;09:30:00;RJ;116;171;RIO DE JANEIRO;Ausência de reação do condutor;Colisão lateral mesmo sentido;Com Vítimas Feridas;Pleno dia;Decrescente;Céu Claro;Dupla;Reta;Não;4;0;1;0;2;1;1;3;-22,8060415;-43,34289573;SPRF-RJ;DEL06-RJ;UOP01-DEL06-RJ
579129;05/02/2024;segunda-feira;05:40:00;MG;116;665,2;SAO FRANCISCO DO GLORIA;Ingestão de álcool pelo condutor;Colisão frontal;Com Vítimas Feridas;Amanhecer;Decrescente;Nublado;Simples;Curva;Não;3;0;2;0;0;1;2;3;-20,82713698;-42,32223579;SPRF-MG;DEL07-MG;UOP02-DEL07-MG
580255;10/02/2024;sábado;12:25:00;SC;470;76,7;INDAIAL;Condutor deixou de manter distância do veículo da frente;Colisão traseira;Com Vítimas Feridas;Pleno dia;Crescente;Céu Claro;Simples;"Em Obras;Reta";Não;5;0;3;0;0;2;3;4;-26,933308;-49,287426;SPRF-SC;DEL04-SC;UOP01-DEL04-SC
580758;12/02/2024;segunda-feira;13:40:00;SE;235;22,6;LARANJEIRAS;Afundamento ou ondulação no pavimento;Capotamento;Com Vítimas Feridas;Pleno dia;Crescente;Céu Claro;Simples;Reta;Não;2;0;1;0;0;1;1;2;-10,823149;-37,235428;SPRF-SE;DEL01-SE;UOP02-DEL01-SE
580777;12/02/2024;segunda-feira;13:10:00;PI;343;307;ALTOS;Condutor desrespeitou a iluminação vermelha do semáforo;Colisão transversal;Com Vítimas Fatais;Pleno dia;Decrescente;Céu Claro;Simples;"Reta;Interseção de Vias";Sim;3;1;0;0;1;1;0;3;-5,03960413;-42,46107459;SPRF-PI;DEL01-PI;UOP01-DEL01-PI
580915;13/02/2024;terça-feira;12:50:00;RS;448;11;CANOAS;Demais falhas mecânicas ou elétricas;Colisão com objeto;Com Vítimas Feridas;Pleno dia;Crescente;Chuva;Dupla;Reta;Sim;3;0;1;0;1;1;1;3;-29,909166;-51,241253;SPRF-RS;DEL01-RS;UOP01-DEL01-RS
581201;14/02/2024;quarta-feira;19:30:00;ES;101;209;IBIRACU;Ultrapassagem Indevida;Colisão frontal;Com Vítimas Feridas;Plena Noite;Crescente;Céu Claro;Simples;Reta;Sim;3;0;1;0;0;2;1;3;-19,789689;-40,37132;SPRF-ES;DEL02-ES;UOP01-DEL02-ES
581349;15/02/2024;quinta-feira;17:40:00;SC;101;119,6;ITAJAI;Manobra de mudança de faixa;Colisão lateral mesmo sentido;Com Vítimas Feridas;Anoitecer;Decrescente;Nublado;Dupla;Reta;Não;3;0;1;0;1;1;1;3;-26,9043179;-48,71555481;SPRF-SC;DEL04-SC;UOP04-DEL04-SC