id;data_inversa;dia_semana;horario;uf;br;km;municipio;causa_acidente;tipo_acidente;classificacao_acidente;fase_dia;sentido_via;condicao_metereologica;tipo_pista;tracado_via;uso_solo;pessoas;mortos;feridos_leves;feridos_graves;ilesos;ignorados;feridos;veiculos;latitude;longitude;regional;delegacia;uop
581507;16/02/2024;sexta-feira;15:30:00;MG;381;629,8;OLIVEIRA;Ausência de reação do condutor;Colisão traseira;Sem Vítimas;Pleno dia;Decrescente;Nublado;Dupla;Retorno Regulamentado;Não;3;0;0;0;2;1;0;3;-20,84106606;-44,82613492;SPRF-MG;DEL04-MG;UOP01-DEL04-MG
581557;16/02/2024;sexta-feira;20:30:00;GO;60;210;GUAPO;Reação tardia ou ineficiente do condutor;Saída de leito carroçável;Com Vítimas Feridas;Plena Noite;Decrescente;Céu Claro;Simples;"Reta;Interseção de Vias";Não;5;0;0;4;0;1;4;2;-16,9406;-49,6717;SPRF-GO;DEL01-GO;UOP02-DEL01-GO
581643;17/02/2024;sábado;08:56:00;RN;226;55;BOM JESUS;Transitar na contramão;Colisão frontal;Com Vítimas Fatais;Pleno dia;Crescente;Céu Claro;Simples;Curva;Não;7;2;2;2;0;1;4;3;-6,0128699;-35,63923302;SPRF-RN;DEL01-RN;UOP02-DEL01-RN
581712;17/02/2024;sábado;17:20:00;SP;116;294;ITAPECERICA DA SERRA;Acessar a via sem observar a presença dos outros veículos;Atropelamento de Pedestre;Com Vítimas Feridas;Anoitecer;Decrescente;Nublado;Dupla;Reta;Sim;3;0;0;1;1;1;1;3;-23,76154691;-46,90483412;SPRF-SP;DEL04-SP;UOP01-DEL04-SP
581912;18/02/2024;domingo;15:50:00;MG;365;295;JOAO PINHEIRO;Ausência de reação do condutor;Saída de leito carroçável;Com Vítimas Feridas;Pleno dia;Crescente;Chuva;Simples;Curva;Não;3;0;2;0;0;1;2;2;-18,12248194;-45,71922803;SPRF-MG;DEL10-MG;UOP02-DEL010-MG
581923;18/02/2024;domingo;18:50:00;MS;163;814;SONORA;Transitar na contramão;Colisão lateral sentido oposto;Com Vítimas Feridas;Plena Noite;Crescente;Céu Claro;Simples;Reta;Não;4;0;0;1;2;1;1;3;-17,80362123;-54,73763448;SPRF-MS;DEL06-MS;UOP01-DEL06-MS
582036;19/02/2024;segunda-feira;10:35:00;MG;116;273,9;TEOFILO OTONI;Reação tardia ou ineficiente do condutor;Colisão lateral mesmo sentido;Com Vítimas Feridas;Pleno dia;Crescente;Céu Claro;Simples;Reta;Sim;5;0;1;0;3;1;1;3;-17,82616139;-41,50619857;SPRF-MG;DEL11-MG;UOP01-DEL11-MG
582307;20/02/2024;terça-feira;20:06:00;ES;262;27;VIANA;Ingestão de álcool pelo condutor;Colisão lateral sentido oposto;Sem Vítimas;Plena Noite;Crescente;Chuva;Simples;Reta;Não;3;0;0;0;2;1;0;3;-20,38398959;-40,55226465;SPRF-ES;DEL01-ES;UOP01-DEL01-ES
582801;23/02/2024;sexta-feira;14:25:00;CE;116;38;HORIZONTE;Ausência de reação do condutor;Queda de ocupante de veículo;Com Vítimas Feridas;Pleno dia;Decrescente;Céu Claro;Dupla;"Reta;Declive";Sim;2;0;1;0;0;1;1;2;-4,07911598;-38,49945391;SPRF-CE;DEL01-CE;UOP02-DEL01-CE
582918;24/02/2024;sábado;02:30:00;MG;381;684;RIBEIRAO VERMELHO;Pedestre andava na pista;Atropelamento de Pedestre;Com Vítimas Fatais;Plena Noite;Crescente;Nublado;Dupla;"Curva;Declive";Não;5;1;0;0;3;1;0;4;-21,15739902;-45,11698723;SPRF-MG;DEL04-MG;UOP02-DEL04-MG
583229;25/02/2024;domingo;11:20:00;RJ;356;25;ITAPERUNA;Manobra de mudança de faixa;Colisão lateral mesmo sentido;Com Vítimas Feridas;Pleno dia;Crescente;Céu Claro;Simples;Reta;Não;10;0;2;0;7;1;2;3;-21,17930593;-41,96405499;SPRF-RJ;DEL08-RJ;UOP03-DEL08-RJ
583450;26/02/2024;segunda-feira;10:00:00;PR;277;1;FOZ DO IGUACU;Manobra de mudança de faixa;Colisão lateral mesmo sentido;Com Vítimas Feridas;Pleno dia;Crescente;Céu Claro;Dupla;Reta;Sim;3;0;1;0;1;1;1;3;-25,5469;-54,5882;SPRF-PR;DEL05-PR;UOP03-DEL05-PR
584151;01/03/2024;sexta-feira;02:30:00;RJ;101;68;CAMPOS DOS GOYTACAZES;Ingestão de álcool pelo condutor;Colisão traseira;Sem Vítimas;Plena Noite;Decrescente;Céu Claro;Simples;Reta;Não;3;0;0;0;2;1;0;3;-21,77186768;-41,35705017;SPRF-RJ;DEL08-RJ;UOP02-DEL08-RJ
584809;03/03/2024;domingo;17:00:00;RO;429;228;SERINGUEIRAS;Demais falhas mecânicas ou elétricas;Saída de leito carroçável;Com Vítimas Feridas;Anoitecer;Decrescente;Chuva;Simples;Reta;Não;6;0;1;0;4;1;1;2;-11,93302717;-63,24344779;SPRF-RO;DEL02-RO;UOP03-DEL02-RO
585528;06/03/2024;quarta-feira;19:30:00;MG;116;547,8;SANTA BARBARA DO LESTE;Deficiência do Sistema de Iluminação/Sinalização;Colisão traseira;Com Vítimas Feridas;Plena Noite;Decrescente;Céu Claro;Dupla;Curva;Não;3;0;0;1;1;1;1;3;-19,94406896;-42,1320258;SPRF-MG;DEL06-MG;UOP02-DEL06-MG
585616;07/03/2024;quinta-feira;09:45:00;MS;158;159,1;APARECIDA DO TABOADO;Demais falhas mecânicas ou elétricas;Incêndio;Sem Vítimas;Pleno dia;Decrescente;Céu Claro;Simples;Reta;Não;4;0;0;0;3;1;0;2;-20,16982117;-51,21021961;SPRF-MS;DEL08-MS;UOP01-DEL08-MS
586191;09/03/2024;sábado;19:50:00;RS;116;246;SAO LEOPOLDO;Pedestre andava na pista;Atropelamento de Pedestre;Com Vítimas Feridas;Plena Noite;Decrescente;Nublado;Dupla;"Ponte;Reta";Sim;5;0;0;1;3;1;1;3;-29,758751;-51,15186806;SPRF-RS;DEL01-RS;UOP02-DEL01-RS
586593;11/03/2024;segunda-feira;15:30:00;SC;282;21;PALHOCA;Condutor deixou de manter distância do veículo da frente;Engavetamento;Com Vítimas Feridas;Pleno dia;Decrescente;Céu Claro;Simples;Reta;Não;6;0;0;1;4;1;1;5;-27,68907;-48,717541;SPRF-SC;DEL01-SC;UOP02-DEL01-SC
586637;11/03/2024;segunda-feira;18:30:00;DF;40;3;BRASILIA;Demais falhas mecânicas ou elétricas;Colisão com objeto;Com Vítimas Feridas;Anoitecer;Decrescente;Céu Claro;Dupla;Viaduto;Sim;3;0;1;0;1;1;1;3;-16,003145;-47,983944;SPRF-DF;DEL01-DF;UOP01-DEL01-DF
586761;11/01/2024;quinta-feira;21:50:00;SC;101;274;IMBITUBA;Reação tardia ou ineficiente do condutor;Colisão traseira;Com Vítimas Feridas;Plena Noite;Crescente;Chuva;Múltipla;Reta;Sim;6;0;1;1;3;1;2;3;-28,13603157;-48,69222164;SPRF-SC;DEL02-SC;UOP03-DEL02-SC
586772;12/03/2024;terça-feira;11:30:00;RJ;101;46;CAMPOS DOS GOYTACAZES;Velocidade Incompatível;Colisão traseira;Com Vítimas Feridas;Pleno dia;Decrescente;Céu Claro;Simples;Reta;Sim;3;0;1;0;1;1;1;3;-21,59839998;-41,3168335;SPRF-RJ;DEL08-RJ;UOP01-DEL08-RJ
586865;12/03/2024;terça-feira;10:00:00;PA;155;331;MARABA;Reação tardia ou ineficiente do condutor;Colisão traseira;Sem Vítimas;Pleno dia;Decrescente;Céu Claro;Simples;Declive;Não;4;0;0;0;3;1;0;4;-5,47732298;-49,07593648;SPRF-PA;DEL03-PA;UOP01-DEL03-PA
587656;16/03/2024;sábado;11:10:00;TO;10;463;PALMAS;Acesso irregular;Colisão transversal;Com Vítimas Feridas;Pleno dia;Crescente;Chuva;Simples;Reta;Sim;4;0;0;1;2;1;1;3;-10,15618788;-48,16564032;SPRF-TO;DEL01-TO;UOP03-DEL01-TO
587723;16/03/2024;sábado;20:00:00;PE;428;185,4;PETROLINA;Ingestão de álcool pelo condutor;Colisão traseira;Com Vítimas Feridas;Plena Noite;Crescente;Céu Claro;Dupla;"Retorno Regulamentado;Reta";Sim;3;0;1;0;1;1;1;3;-9,35591652;-40,47878265;SPRF-PE;DEL06-PE;UOP01-DEL06-PE
588532;20/03/2024;quarta-feira;09:50:00;PR;163;164,9;LINDOESTE;Reação tardia ou ineficiente do condutor;Colisão lateral mesmo sentido;Com Vítimas Feridas;Pleno dia;Decrescente;Sol;Simples;"Reta;Aclive";Sim;5;0;3;0;1;1;3;3;-25,30707401;-53,58023998;SPRF-PR;DEL05-PR;UOP05-DEL05-PR
589020;22/03/2024;sexta-feira;14:30:00;RJ;116;219;SEROPEDICA;Ausência de reação do condutor;Saída de leito carroçável;Com Vítimas Feridas;Pleno dia;Decrescente;Chuva;Dupla;Curva;Não;2;0;1;0;0;2;1;3;-22,698075;-43,765978;SPRF-RJ;DEL06-RJ;UOP02-DEL06-RJ
589207;23/03/2024;sábado;11:00:00;DF;60;9;BRASILIA;Reação tardia ou ineficiente do condutor;Saída de leito carroçável;Sem Vítimas;Pleno dia;Crescente;Garoa/Chuvisco;Dupla;"Reta;Aclive";Sim;3;0;0;0;2;1;0;2;-15,907116;-48,142382;SPRF-DF;DEL03-DF;UOP01-DEL03-DF
589243;23/03/2024;sábado;13:00:00;MT;163;117;RONDONOPOLIS;Carga excessiva e/ou mal acondicionada;Colisão lateral mesmo sentido;Com Vítimas Feridas;Pleno dia;Decrescente;Céu Claro;Dupla;"Declive;Reta";Não;7;0;1;0;5;1;1;3;-16,52182818;-54,65882461;SPRF-MT;DEL02-MT;UOP01-DEL02-MT
589497;07/03/2024;quinta-feira;13:32:00;SC;470;168;POUSO REDONDO;Acessar a via sem observar a presença dos outros veículos;Colisão transversal;Com Vítimas Feridas;Pleno dia;Decrescente;Nublado;Simples;Reta;Não;3;0;0;1;1;1;1;3;-27,266994;-49,872524;SPRF-SC;DEL04-SC;UOP02-DEL04-SC
589936;26/03/2024;terça-feira;19:10:00;GO;40;5;VALPARAISO DE GOIAS;Ausência de reação do condutor;Colisão traseira;Sem Vítimas;Plena Noite;Crescente;Chuva;Dupla;Reta;Sim;5;0;0;0;4;1;0;3;-16,09604158;-47,98045993;SPRF-DF;DEL01-DF;UOP01-DEL01-DF
590002;27/03/2024;quarta-feira;07:30:00;MG;40;369,7;FELIXLANDIA;Velocidade Incompatível;Colisão com objeto;Com Vítimas Fatais;Pleno dia;Decrescente;Céu Claro;Simples;"Declive;Reta";Não;5;1;0;3;0;1;3;2;-18,80797985;-44,79616366;SPRF-MG;DEL02-MG;UOP01-DEL02-MG
590368;28/03/2024;quinta-feira;19:30:00;CE;116;157,6;RUSSAS;Deficiência do Sistema de Iluminação/Sinalização;Colisão traseira;Com Vítimas Feridas;Plena Noite;Crescente;Nublado;Simples;Reta;Não;5;0;1;3;0;1;4;3;-4,89917199;-38,00907599;SPRF-CE;DEL03-CE;UOP01-DEL03-CE
590471;29/03/2024;sexta-feira;05:19:00;RN;101;98,7;PARNAMIRIM;Avarias e/ou desgaste excessivo no pneu;Colisão traseira;Com Vítimas Feridas;Amanhecer;Decrescente;Garoa/Chuvisco;Dupla;"Viaduto;Reta";Sim;4;0;2;0;0;2;2;3;-5,86567888;-35,21651625;SPRF-RN;DEL01-RN;UOP01-DEL01-RN
591010;31/03/2024;domingo;19:05:00;RS;116;233;ESTANCIA VELHA;Condutor deixou de manter distância do veículo da frente;Colisão traseira;Sem Vítimas;Plena Noite;Crescente;Céu Claro;Simples;Reta;Sim;3;0;0;0;2;1;0;3;-29,64206007;-51,14268362;SPRF-RS;DEL01-RS;UOP02-DEL01-RS
591329;02/04/2024;terça-feira;08:40:00;MG;40;553;NOVA LIMA;Manobra de mudança de faixa;Colisão transversal;Sem Vítimas;Pleno dia;Crescente;Sol;Dupla;Reta;Não;3;0;0;0;2;1;0;3;-20,06863326;-43,98194759;SPRF-MG;DEL01-MG;UOP02-DEL01-MG
591426;02/04/2024;terça-feira;15:15:00;RO;364;345;JI-PARANA;Carga excessiva e/ou mal acondicionada;Tombamento;Com Vítimas Feridas;Pleno dia;Crescente;Céu Claro;Dupla;Reta;Sim;2;0;1;0;0;1;1;2;-10,87020648;-61,95773005;SPRF-RO;DEL02-RO;UOP01-DEL02-RO
591466;02/04/2024;terça-feira;20:15:00;SC;101;284,6;IMBITUBA;Reação tardia ou ineficiente do condutor;Colisão traseira;Com Vítimas Feridas;Plena Noite;Decrescente;Nublado;Múltipla;Reta;Não;3;0;1;0;1;1;1;3;-28,23571368;-48,70072961;SPRF-SC;DEL02-SC;UOP03-DEL02-SC
591717;04/04/2024;quinta-feira;11:10:00;BA;135;195;BARREIRAS;Velocidade Incompatível;Saída de leito carroçável;Com Vítimas Feridas;Pleno dia;Crescente;Céu Claro;Simples;Reta;Não;2;0;0;1;0;1;1;2;-12,28177812;-45,02108624;SPRF-BA;DEL08-BA;N/A
591798;04/04/2024;quinta-feira;18:30:00;RN;101;115;SAO JOSE DE MIPIBU;Manobra de mudança de faixa;Colisão traseira;Com Vítimas Feridas;Plena Noite;Crescente;Céu Claro;Dupla;Reta;Não;5;0;1;0;3;1;1;4;-5,99096804;-35,26381408;SPRF-RN;DEL01-RN;UOP01-DEL01-RN
592024;05/04/2024;sexta-feira;21:20:00;BA;410;5;RIBEIRA DO POMBAL;Ausência de reação do condutor;Saída de leito carroçável;Com Vítimas Feridas;Pleno dia;Decrescente;Céu Claro;Simples;Reta;Não;4;0;2;0;1;1;2;2;-10,83904026;-38,56813884;SPRF-BA;DEL07-BA;UOP02-DEL07-BA
592657;08/04/2024;segunda-feira;14:15:00;DF;20;12,8;BRASILIA;Frear bruscamente;Colisão traseira;Com Vítimas Feridas;Pleno dia;Crescente;Nublado;Dupla;Reta;Sim;5;0;0;1;3;1;1;3;-15,639449;-47,750582;SPRF-DF;DEL02-DF;UOP01-DEL02-DF
593068;10/04/2024;quarta-feira;11:40:00;RN;110;46,9;MOSSORO;Condutor deixou de manter distância do veículo da frente;Colisão traseira;Com Vítimas Feridas;Pleno dia;Decrescente;Céu Claro;Simples;Reta;Sim;3;0;1;0;1;1;1;3;-5,19797675;-37,31839819;SPRF-RN;DEL04-RN;UOP01-DEL04-RN
593342;11/04/2024;quinta-feira;19:15:00;MA;10;155,2;PORTO FRANCO;Animais na Pista;Atropelamento de Animal;Com Vítimas Feridas;Plena Noite;Crescente;Céu Claro;Simples;"Aclive;Reta";Não;3;0;1;0;1;1;1;2;-6,364955;-47,378895;SPRF-MA;DEL04-MA;UOP02-DEL04-MA
593363;11/04/2024;quinta-feira;20:35:00;PE;104;20,9;TAQUARITINGA DO NORTE;Ultrapassagem Indevida;Colisão lateral sentido oposto;Com Vítimas Feridas;Plena Noite;Crescente;Céu Claro;Simples;Curva;Não;5;0;0;1;2;2;1;4;-7,956497;-36,128529;SPRF-PE;DEL02-PE;UOP01-DEL02-PE
593500;12/04/2024;sexta-feira;13:45:00;GO;153;570;PROFESSOR JAMIL;Chuva;Saída de leito carroçável;Com Vítimas Feridas;Pleno dia;Crescente;Chuva;Dupla;Curva;Não;4;0;2;0;1;1;2;2;-17,3032;-49,2355;SPRF-GO;DEL03-GO;UOP01-DEL03-GO
593535;12/04/2024;sexta-feira;17:00:00;RS;392;1,5;RIO GRANDE;Condutor deixou de manter distância do veículo da frente;Colisão traseira;Com Vítimas Feridas;Pleno dia;Crescente;Nublado;Simples;"Interseção de Vias;Retorno Regulamentado";Sim;3;0;1;0;1;1;1;3;-32,04835841;-52,08522141;SPRF-RS;DEL07-RS;UOP02-DEL07-RS
593572;12/04/2024;sexta-feira;19:00:00;PE;232;130;CARUARU;Condutor deixou de manter distância do veículo da frente;Colisão traseira;Com Vítimas Feridas;Plena Noite;Crescente;Céu Claro;Dupla;"Declive;Reta";Sim;3;0;1;0;1;1;1;3;-8,29971;-35,99306;SPRF-PE;DEL02-PE;UOP01-DEL02-PE
593789;13/04/2024;sábado;20:00:00;RJ;356;115,1;CARDOSO MOREIRA;Acessar a via sem observar a presença dos outros veículos;Colisão traseira;Com Vítimas Feridas;Plena Noite;Decrescente;Céu Claro;Simples;Reta;Não;4;0;1;0;2;1;1;3;-21,59645262;-41,43013155;SPRF-RJ;DEL08-RJ;UOP03-DEL08-RJ
594109;15/04/2024;segunda-feira;09:00:00;MG;40;731;OLIVEIRA FORTES;Velocidade Incompatível;Colisão com objeto;Com Vítimas Feridas;Pleno dia;Crescente;Garoa/Chuvisco;Dupla;Curva;Não;4;0;1;0;2;1;1;3;-21,34218094;-43,58845595;SPRF-MG;DEL05-MG;UOP01-DEL05-MG
594159;15/04/2024;segunda-feira;11:30:00;BA;101;195;CONCEICAO DA FEIRA;Condutor deixou de manter distância do veículo da frente;Engavetamento;Com Vítimas Feridas;Pleno dia;Crescente;Chuva;Simples;"Reta;Aclive";Não;8;0;1;0;6;1;1;5;-12,54017107;-38,97912925;SPRF-BA;DEL01-BA;UOP03-DEL01-BA
594209;15/04/2024;segunda-feira;17:40:00;PE;101;64;RECIFE;Reação tardia ou ineficiente do condutor;Colisão traseira;Com Vítimas Feridas;Anoitecer;Decrescente;Chuva;Dupla;Reta;Sim;3;0;0;1;1;1;1;3;-8,0162921;-34,94045886;SPRF-PE;DEL01-PE;UOP01-DEL01-PE
594711;18/04/2024;quinta-feira;10:40:00;PR;163;284;MARECHAL CANDIDO RONDON;Avarias e/ou desgaste excessivo no pneu;Eventos atípicos;Sem Vítimas;Pleno dia;Crescente;Céu Claro;Dupla;Reta;Não;5;0;0;0;4;1;0;2;-24,53993;-54,04715;SPRF-PR;DEL06-PR;UOP02-DEL06-PR
595013;19/04/2024;sexta-feira;17:00:00;PA;230;697;BRASIL NOVO;Acessar a via sem observar a presença dos outros veículos;Colisão lateral mesmo sentido;Com Vítimas Fatais;Pleno dia;Decrescente;Céu Claro;Simples;Reta;Sim;3;1;0;0;1;1;0;3;-3,30774068;-52,52129799;SPRF-PA;DEL04-PA;UOP01-DEL04-PA
595079;19/04/2024;sexta-feira;17:45:00;MG;50;21;UBERLANDIA;Avarias e/ou desgaste excessivo no pneu;Saída de leito carroçável;Sem Vítimas;Anoitecer;Crescente;Céu Claro;Dupla;Reta;Não;2;0;0;0;1;1;0;2;-18,936997;-48,208965;SPRF-MG;DEL15-MG;UOP01-DEL15-MG
595299;20/04/2024;sábado;18:30:00;SC;280;26,5;ARAQUARI;Condutor deixou de manter distância do veículo da frente;Colisão traseira;Com Vítimas Feridas;Plena Noite;Crescente;Céu Claro;Simples;Reta;Sim;3;0;1;0;1;1;1;3;-26,38972308;-48,73411593;SPRF-SC;DEL03-SC;UOP03-DEL03-SC
595443;21/04/2024;domingo;08:55:00;SC;470;172,2;POUSO REDONDO;Condutor deixou de manter distância do veículo da frente;Colisão traseira;Sem Vítimas;Pleno dia;Decrescente;Céu Claro;Simples;Reta;Não;3;0;0;0;1;2;0;3;-27,2592362;-49,9167788;SPRF-SC;DEL04-SC;UOP02-DEL04-SC
595495;21/04/2024;domingo;17:30:00;SC;470;22,7;ILHOTA;Condutor deixou de manter distância do veículo da frente;Colisão traseira;Com Vítimas Feridas;Pleno dia;Crescente;Céu Claro;Dupla;Reta;Não;3;0;1;0;1;1;1;3;-26,881754;-48,856251;SPRF-SC;DEL04-SC;UOP04-DEL04-SC
595546;21/04/2024;domingo;19:40:00;PR;369;72,8;SANTA MARIANA;Pedestre cruzava a pista fora da faixa;Atropelamento de Pedestre;Com Vítimas Feridas;Plena Noite;Decrescente;Céu Claro;Simples;Reta;Não;4;0;1;1;1;1;2;3;-23,15496729;-50,51371515;SPRF-PR;DEL07-PR;UOP05-DEL07-PR
595715;22/04/2024;segunda-feira;15:50:00;MG;381;499,5;BETIM;Condutor deixou de manter distância do veículo da frente;Engavetamento;Com Vítimas Feridas;Pleno dia;Decrescente;Céu Claro;Dupla;Reta;Não;4;0;2;0;1;1;2;4;-20,01792651;-44,2261448;SPRF-MG;DEL01-MG;UOP03-DEL01-MG
595779;22/04/2024;segunda-feira;21:20:00;SC;282;491,7;FAXINAL DOS GUEDES;Condutor deixou de manter distância do veículo da frente;Colisão traseira;Sem Vítimas;Plena Noite;Crescente;Chuva;Simples;Reta;Não;4;0;0;0;3;1;0;4;-26,872433;-52,291599;SPRF-SC;DEL07-SC;UOP01-DEL07-SC
595847;08/04/2024;segunda-feira;05:30:00;RN;304;287;MACAIBA;Avarias e/ou desgaste excessivo no pneu;Colisão traseira;Com Vítimas Feridas;Pleno dia;Crescente;Chuva;Dupla;Declive;Não;10;0;2;1;6;1;3;3;-5,8711714;-35,42930088;SPRF-RN;DEL01-RN;UOP02-DEL01-RN
595912;23/04/2024;terça-feira;15:57:00;RS;386;436;NOVA SANTA RITA;Acessar a via sem observar a presença dos outros veículos;Colisão transversal;Com Vítimas Feridas;Pleno dia;Crescente;Céu Claro;Dupla;Reta;Não;4;0;1;0;2;1;1;3;-29,850487;-51,266758;SPRF-RS;DEL04-RS;UOP02-DEL04-RS
595962;24/04/2024;quarta-feira;03:10:00;PE;104;79,7;AGRESTINA;Reação tardia ou ineficiente do condutor;Saída de leito carroçável;Com Vítimas Fatais;Amanhecer;Crescente;Céu Claro;Simples;Reta;Não;3;1;1;0;0;1;1;2;-8,389074;-35,974712;SPRF-PE;DEL02-PE;UOP01-DEL02-PE
596061;14/04/2024;domingo;14:30:00;MT;163;829;SINOP;Ausência de reação do condutor;Colisão traseira;Com Vítimas Feridas;Pleno dia;Crescente;Céu Claro;Dupla;"Retorno Regulamentado;Reta";Sim;6;0;1;0;4;1;1;3;-11,91335281;-55,50883239;SPRF-MT;DEL06-MT;UOP02-DEL06-MT
596068;24/04/2024;quarta-feira;12:00:00;MG;50;179;UBERABA;Ausência de reação do condutor;Colisão traseira;Com Vítimas Feridas;Pleno dia;Crescente;Céu Claro;Dupla;Reta;Sim;4;0;1;1;1;1;2;3;-19,77827047;-47,93140998;SPRF-MG;DEL13-MG;UOP01-DEL13-MG
596099;24/04/2024;quarta-feira;14:20:00;MT;70;513;VARZEA GRANDE;Ausência de reação do condutor;Colisão traseira;Com Vítimas Feridas;Pleno dia;Crescente;Céu Claro;Simples;Reta;Sim;2;0;0;1;0;1;1;2;-15,70580062;-56,12721032;SPRF-MT;DEL01-MT;UOP02-DEL01-MT
596644;27/04/2024;sábado;03:32:00;ES;101;27,7;CONCEICAO DA BARRA;Ausência de sinalização;Colisão traseira;Com Vítimas Feridas;Plena Noite;Crescente;Céu Claro;Simples;Reta;Não;3;0;0;1;1;1;1;3;-18,38365905;-39,94481814;SPRF-ES;DEL04-ES;UOP02-DEL04-ES
596672;27/04/2024;sábado;07:00:00;SP;153;11;ICEM;Reação tardia ou ineficiente do condutor;Colisão traseira;Com Vítimas Feridas;Pleno dia;Crescente;Céu Claro;Simples;Reta;Não;5;0;0;1;2;2;1;4;-20,3960062;-49,24059667;SPRF-SP;DEL09-SP;UOP01-DEL09-SP
596897;28/04/2024;domingo;04:30:00;RJ;493;21;MAGE;Reação tardia ou ineficiente do condutor;Colisão traseira;Sem Vítimas;Plena Noite;Crescente;Céu Claro;Simples;Reta;Sim;3;0;0;0;2;1;0;3;-22,66151289;-43,04480692;SPRF-RJ;DEL04-RJ;UOP02-DEL04-RJ
597306;29/04/2024;segunda-feira;18:40:00;BA;116;549;MILAGRES;Frear bruscamente;Colisão traseira;Sem Vítimas;Plena Noite;Crescente;Nublado;Simples;Curva;Não;4;0;0;0;3;1;0;3;-12,9020489;-39,86114502;SPRF-BA;DEL03-BA;UOP02-DEL03-BA
597332;30/04/2024;terça-feira;00:40:00;RS;386;272,7;FONTOURA XAVIER;Ausência de reação do condutor;Saída de leito carroçável;Com Vítimas Feridas;Plena Noite;Crescente;Chuva;Simples;"Declive;Curva";Não;3;0;0;1;1;1;1;2;-28,98914;-52,366314;SPRF-RS;DEL04-RS;UOP03-DEL04-RS
597663;01/05/2024;quarta-feira;19:00:00;PR;277;705;SAO MIGUEL DO IGUACU;Reação tardia ou ineficiente do condutor;Colisão traseira;Sem Vítimas;Plena Noite;Crescente;Céu Claro;Dupla;Declive;Não;4;0;0;0;3;1;0;3;-25,43019901;-54,369603;SPRF-PR;DEL05-PR;UOP01-DEL05-PR
598104;03/05/2024;sexta-feira;19:25:00;RS;290;61,8;GRAVATAI;Demais falhas mecânicas ou elétricas;Saída de leito carroçável;Sem Vítimas;Plena Noite;Decrescente;Chuva;Múltipla;Reta;Não;3;0;0;0;2;1;0;2;-29,927965;-50,868099;SPRF-RS;DEL03-RS;UOP01-DEL03-RS
598191;03/05/2024;sexta-feira;18:00:00;BA;407;177,7;PONTO NOVO;Deficiência do Sistema de Iluminação/Sinalização;Colisão traseira;Com Vítimas Feridas;Plena Noite;Crescente;Céu Claro;Simples;Reta;Não;5;0;3;0;1;1;3;3;-10,90205298;-40,10854569;SPRF-BA;DEL04-BA;UOP02-DEL04-BA
598216;04/05/2024;sábado;11:00:00;AC;364;136;RIO BRANCO;Ausência de reação do condutor;Colisão traseira;Com Vítimas Feridas;Pleno dia;Crescente;Céu Claro;Dupla;Reta;Sim;3;0;1;0;1;1;1;3;-9,977578;-67,8489;SPRF-AC;DEL01-AC;UOP01-DEL01-AC
598751;07/05/2024;terça-feira;00:00:00;MS;359;200;COXIM;Objeto estático sobre o leito carroçável;Tombamento;Com Vítimas Feridas;Plena Noite;Crescente;Céu Claro;Simples;Curva;Não;7;0;1;0;5;1;1;3;-18,44154802;-54,47690964;SPRF-MS;DEL06-MS;UOP01-DEL06-MS
598815;07/05/2024;terça-feira;08:00:00;MT;364;1222;COMODORO;Acessar a via sem observar a presença dos outros veículos;Colisão transversal;Com Vítimas Feridas;Pleno dia;Decrescente;Céu Claro;Simples;Reta;Não;3;0;1;0;1;1;1;3;-13,80917028;-59,52418893;SPRF-MT;DEL04-MT;UOP02-DEL04-MT
598906;16/03/2024;sábado;20:00:00;MG;50;95;UBERLANDIA;Condutor deixou de manter distância do veículo da frente;Colisão traseira;Com Vítimas Feridas;Plena Noite;Decrescente;Céu Claro;Dupla;Reta;Não;3;0;0;1;1;1;1;3;-19,09239812;-48,1837074;SPRF-MG;DEL15-MG;UOP01-DEL15-MG
598921;07/05/2024;terça-feira;18:30:00;GO;414;376;COCALZINHO DE GOIAS;Animais na Pista;Atropelamento de Animal;Com Vítimas Feridas;Anoitecer;Decrescente;Céu Claro;Simples;"Declive;Reta";Não;3;0;2;0;0;1;2;2;-15,81681989;-48,78018572;SPRF-GO;DEL02-GO;UOP01-DEL02-GO
599110;08/05/2024;quarta-feira;18:30:00;PR;277;13,9;PARANAGUA;Ingestão de álcool pelo condutor;Saída de leito carroçável;Sem Vítimas;Plena Noite;Crescente;Céu Claro;Dupla;Reta;Não;2;0;0;0;1;1;0;2;-25,568198;-48,615292;SPRF-PR;DEL01-PR;UOP05-DEL01-PR
599258;09/05/2024;quinta-feira;11:25:00;MS;163;487;CAMPO GRANDE;Acessar a via sem observar a presença dos outros veículos;Colisão transversal;Com Vítimas Feridas;Pleno dia;Crescente;Céu Claro;Simples;"Reta;Declive";Sim;3;0;1;0;1;1;1;3;-20,42493093;-54,54550758;SPRF-MS;DEL01-MS;UOP02-DEL01-MS
599736;11/05/2024;sábado;10:20:00;MT;70;6;BARRA DO GARCAS;Reação tardia ou ineficiente do condutor;Queda de ocupante de veículo;Com Vítimas Feridas;Pleno dia;Decrescente;Céu Claro;Dupla;Reta;Sim;3;0;1;0;1;1;1;3;-15,878268;-52,306705;SPRF-MT;DEL07-MT;UOP01-DEL07-MT