id;data_inversa;dia_semana;horario;uf;br;km;municipio;causa_acidente;tipo_acidente;classificacao_acidente;fase_dia;sentido_via;condicao_metereologica;tipo_pista;tracado_via;uso_solo;pessoas;mortos;feridos_leves;feridos_graves;ilesos;ignorados;feridos;veiculos;latitude;longitude;regional;delegacia;uop
599766;11/05/2024;sábado;09:35:00;PE;104;129;PANELAS;Manobra de mudança de faixa;Colisão frontal;Com Vítimas Fatais;Pleno dia;Crescente;Sol;Simples;Reta;Não;4;1;1;1;0;1;2;3;-8,769944;-36,024506;SPRF-PE;DEL02-PE;UOP03-DEL02-PE
600056;12/05/2024;domingo;17:40:00;DF;251;57,2;BRASILIA;Condutor deixou de manter distância do veículo da frente;Colisão traseira;Com Vítimas Feridas;Pleno dia;Decrescente;Céu Claro;Simples;"Reta;Aclive";Não;7;0;3;0;3;1;3;4;-15,94201807;-47,83224106;SPRF-DF;DEL01-DF;UOP01-DEL01-DF
600180;13/05/2024;segunda-feira;07:50:00;MG;153;95,2;PRATA;Condutor Dormindo;Saída de leito carroçável;Com Vítimas Feridas;Pleno dia;Decrescente;Céu Claro;Simples;"Reta;Declive";Não;2;0;1;0;0;1;1;2;-19,1858341;-48,94751032;SPRF-MG;DEL15-MG;UOP03-DEL15-MG
600409;14/05/2024;terça-feira;07:05:00;SC;101;282;IMBITUBA;Acessar a via sem observar a presença dos outros veículos;Colisão transversal;Com Vítimas Feridas;Pleno dia;Decrescente;Nublado;Dupla;Rotatória;Sim;5;0;2;0;2;1;2;3;-28,19626005;-48,69739859;SPRF-SC;DEL02-SC;UOP03-DEL02-SC
600685;15/05/2024;quarta-feira;14:40:00;SC;101;288,4;IMBITUBA;Desrespeitar a preferência no cruzamento;Colisão transversal;Com Vítimas Feridas;Pleno dia;Decrescente;Céu Claro;Múltipla;Rotatória;Não;4;0;3;0;0;1;3;3;-28,24598003;-48,70010284;SPRF-SC;DEL02-SC;UOP03-DEL02-SC
600803;16/05/2024;quinta-feira;04:50:00;GO;60;177,8;ABADIA DE GOIAS;Condutor Dormindo;Saída de leito carroçável;Com Vítimas Feridas;Plena Noite;Decrescente;Céu Claro;Dupla;"Reta;Retorno Regulamentado;Declive";Não;9;0;3;0;5;1;3;2;-16,7562;-49,4492;SPRF-GO;DEL01-GO;UOP02-DEL01-GO
600993;08/05/2024;quarta-feira;19:25:00;GO;452;21;RIO VERDE;Conversão proibida;Colisão transversal;Com Vítimas Feridas;Plena Noite;Crescente;Céu Claro;Simples;Declive;Não;3;0;0;1;1;1;1;3;-17,87416193;-50,72575996;SPRF-GO;DEL04-GO;UOP01-DEL04-GO
601187;17/05/2024;sexta-feira;22:10:00;GO;60;167,9;GOIANIA;Deficiência do Sistema de Iluminação/Sinalização;Colisão traseira;Com Vítimas Feridas;Plena Noite;Crescente;Céu Claro;Dupla;"Retorno Regulamentado;Aclive;Curva";Sim;3;0;0;1;1;1;1;3;-16,7175;-49,3663;SPRF-GO;DEL01-GO;UOP02-DEL01-GO
601354;18/05/2024;sábado;11:50:00;AM;174;891;MANAUS;Reação tardia ou ineficiente do condutor;Queda de ocupante de veículo;Com Vítimas Feridas;Pleno dia;Crescente;Garoa/Chuvisco;Simples;Aclive;Não;4;0;2;0;1;1;2;3;-2,91557503;-60,03880044;SPRF-AM;DEL01-AM;UOP01-DEL01-AM
601391;18/05/2024;sábado;17:50:00;SC;101;191,3;BIGUACU;Reação tardia ou ineficiente do condutor;Colisão traseira;Com Vítimas Feridas;Plena Noite;Decrescente;Chuva;Dupla;Reta;Sim;3;0;1;0;1;1;1;3;-27,47730273;-48,64127329;SPRF-SC;DEL01-SC;UOP01-DEL01-SC
601587;19/05/2024;domingo;13:35:00;RS;290;114;ELDORADO DO SUL;Demais falhas mecânicas ou elétricas;Saída de leito carroçável;Com Vítimas Feridas;Pleno dia;Decrescente;Nublado;Simples;"Reta;Em Obras";Não;7;0;3;0;3;1;3;2;-30,044607;-51,347553;SPRF-RS;DEL02-RS;UOP01-DEL02-RS
601621;19/05/2024;domingo;15:00:00;RO;364;707,9;PORTO VELHO;Manobra de mudança de faixa;Colisão lateral mesmo sentido;Com Vítimas Fatais;Pleno dia;Decrescente;Nublado;Dupla;Reta;Não;5;1;0;1;2;1;1;3;-8,80037213;-63,83262707;SPRF-RO;DEL01-RO;UOP01-DEL01-RO
601842;20/05/2024;segunda-feira;15:20:00;SC;470;143;RIO DO SUL;Ausência de reação do condutor;Colisão traseira;Com Vítimas Feridas;Pleno dia;Decrescente;Céu Claro;Simples;"Aclive;Reta";Sim;4;0;1;0;2;1;1;3;-27,233143;-49,672886;SPRF-SC;DEL04-SC;UOP02-DEL04-SC
601846;12/05/2024;domingo;16:35:00;MS;163;337;RIO BRILHANTE;Demais falhas mecânicas ou elétricas;Eventos atípicos;Com Vítimas Feridas;Pleno dia;Crescente;Céu Claro;Simples;Reta;Não;4;0;1;0;2;1;1;3;-21,67779139;-54,47084773;SPRF-MS;DEL02-MS;UOP02-DEL02-MS
601851;20/05/2024;segunda-feira;17:06:00;TO;153;147;ARAGUAINA;Ausência de reação do condutor;Colisão traseira;Com Vítimas Feridas;Pleno dia;Decrescente;Céu Claro;Dupla;Reta;Sim;3;0;1;0;1;1;1;3;-7,22175693;-48,24826214;SPRF-TO;DEL02-TO;UOP01-DEL02-TO
601898;20/05/2024;segunda-feira;18:50:00;PR;163;82,8;PLANALTO;Acessar a via sem observar a presença dos outros veículos;Colisão transversal;Com Vítimas Feridas;Plena Noite;Decrescente;Céu Claro;Simples;Interseção de Vias;Não;3;0;1;0;0;2;1;3;-25,71016992;-53,76882792;SPRF-PR;DEL02-PR;UOP02-DEL02-PR
601996;21/05/2024;terça-feira;12:00:00;DF;70;0,3;BRASILIA;Velocidade Incompatível;Capotamento;Com Vítimas Feridas;Pleno dia;Crescente;Céu Claro;Múltipla;Reta;Sim;2;0;1;0;0;1;1;2;-15,792352;-48,054509;SPRF-DF;DEL03-DF;UOP02-DEL03-DF
602425;23/05/2024;quinta-feira;13:40:00;SP;101;41;UBATUBA;Carga excessiva e/ou mal acondicionada;Tombamento;Com Vítimas Feridas;Pleno dia;Decrescente;Céu Claro;Simples;Reta;Não;2;0;1;0;0;1;1;2;-23,41971433;-45,0428663;SPRF-SP;DEL06-SP;UOP01-DEL06-SP
602659;24/05/2024;sexta-feira;16:00:00;PR;277;81;CURITIBA;Avarias e/ou desgaste excessivo no pneu;Queda de ocupante de veículo;Com Vítimas Feridas;Pleno dia;Decrescente;Céu Claro;Dupla;Reta;Não;2;0;1;0;0;1;1;2;-25,46156465;-49,21977997;SPRF-PR;DEL01-PR;UOP07-DEL01-PR
602836;25/05/2024;sábado;07:45:00;GO;153;522,5;HIDROLANDIA;Mal súbito do condutor;Atropelamento de Pedestre;Com Vítimas Feridas;Pleno dia;Crescente;Céu Claro;Dupla;"Reta;Aclive";Não;7;0;0;1;5;1;1;3;-16,9027;-49,2546;SPRF-GO;DEL01-GO;UOP03-DEL01-GO
602870;25/05/2024;sábado;11:05:00;CE;116;6;FORTALEZA;Velocidade Incompatível;Tombamento;Com Vítimas Feridas;Pleno dia;Decrescente;Céu Claro;Múltipla;Reta;Não;3;0;2;0;0;1;2;2;-3,802624;-38,50400499;SPRF-CE;DEL01-CE;UOP02-DEL01-CE
603174;26/05/2024;domingo;18:20:00;SP;381;34;ATIBAIA;Ausência de reação do condutor;Colisão lateral mesmo sentido;Com Vítimas Feridas;Plena Noite;Decrescente;Garoa/Chuvisco;Múltipla;"Aclive;Reta";Não;7;0;1;1;4;1;2;6;-23,079939;-46,569862;SPRF-SP;DEL03-SP;UOP02-DEL03-SP
603399;27/05/2024;segunda-feira;16:10:00;RS;116;527,4;PELOTAS;Transitar na contramão;Colisão lateral sentido oposto;Com Vítimas Feridas;Pleno dia;Crescente;Chuva;Simples;Reta;Sim;6;0;2;0;3;1;2;5;-31,7470243;-52,40899728;SPRF-RS;DEL07-RS;UOP01-DEL07-RS
604431;01/06/2024;sábado;09:00:00;SP;116;215;GUARULHOS;Condutor Dormindo;Colisão com objeto;Com Vítimas Feridas;Pleno dia;Decrescente;Céu Claro;Dupla;"Reta;Declive";Sim;3;0;1;0;1;1;1;3;-23,44695693;-46,45394103;SPRF-SP;DEL01-SP;UOP01-DEL01-SP
604441;28/04/2024;domingo;13:40:00;MA;230;561,8;CAROLINA;Transitar na contramão;Colisão frontal;Com Vítimas Fatais;Pleno dia;Crescente;Céu Claro;Simples;Reta;Não;5;1;0;3;0;1;3;3;-7,36456311;-47,40038402;SPRF-MA;DEL05-MA;UOP01-DEL05-MA
604614;02/06/2024;domingo;06:10:00;RO;364;425;JARU;Reação tardia ou ineficiente do condutor;Colisão traseira;Com Vítimas Feridas;Amanhecer;Decrescente;Sol;Dupla;"Interseção de Vias;Em Obras";Sim;4;0;2;0;1;1;2;3;-10,43752488;-62,47169791;SPRF-RO;DEL03-RO;UOP02-DEL03-RO
604663;02/06/2024;domingo;12:20:00;MG;40;454;CAETANOPOLIS;Condutor deixou de manter distância do veículo da frente;Colisão traseira;Com Vítimas Feridas;Pleno dia;Crescente;Sol;Dupla;Reta;Sim;4;0;1;0;2;1;1;3;-19,349653;-44,352543;SPRF-MG;DEL02-MG;UOP01-DEL02-MG
604714;02/06/2024;domingo;16:45:00;ES;101;57;SAO MATEUS;Condutor deixou de manter distância do veículo da frente;Colisão traseira;Sem Vítimas;Anoitecer;Crescente;Céu Claro;Simples;Reta;Não;8;0;0;0;7;1;0;4;-18,64677697;-39,87407788;SPRF-ES;DEL04-ES;UOP02-DEL04-ES
605417;05/06/2024;quarta-feira;17:50:00;PE;424;27,2;VENTUROSA;Deficiência do Sistema de Iluminação/Sinalização;Colisão traseira;Com Vítimas Feridas;Anoitecer;Crescente;Chuva;Simples;Reta;Não;4;0;0;1;0;3;1;3;-8,56086912;-36,89281312;SPRF-PE;DEL04-PE;UOP02-DEL04-PE
605815;12/05/2024;domingo;19:31:00;GO;40;11;LUZIANIA;Trafegar com motocicleta (ou similar) entre as faixas;Colisão traseira;Com Vítimas Feridas;Plena Noite;Decrescente;Céu Claro;Dupla;Reta;Sim;4;0;0;1;2;1;1;4;-16,138336;-47,951644;SPRF-DF;DEL01-DF;UOP01-DEL01-DF
605974;08/06/2024;sábado;10:42:00;SE;101;129,8;ESTANCIA;Demais falhas mecânicas ou elétricas;Saída de leito carroçável;Sem Vítimas;Pleno dia;Decrescente;Chuva;Dupla;Reta;Não;3;0;0;0;2;1;0;2;-11,08895002;-37,37075877;SPRF-SE;DEL02-SE;UOP01-DEL02-SE
606068;08/06/2024;sábado;16:25:00;MG;262;67,9;MATIPO;Ausência de reação do condutor;Colisão lateral mesmo sentido;Com Vítimas Feridas;Pleno dia;Crescente;Céu Claro;Simples;"Interseção de Vias;Declive";Não;4;0;1;1;1;1;2;3;-20,30577418;-42,26805605;SPRF-MG;DEL06-MG;UOP03-DEL06-MG
606322;09/06/2024;domingo;18:05:00;MG;381;929;ITAPEVA;Ausência de reação do condutor;Colisão lateral mesmo sentido;Com Vítimas Feridas;Anoitecer;Decrescente;Céu Claro;Dupla;Reta;Não;5;0;1;0;2;2;1;4;-22,79911462;-46,26123692;SPRF-MG;DEL16-MG;UOP03-DEL16-MG
606553;10/06/2024;segunda-feira;14:12:00;MT;70;2;BARRA DO GARCAS;Manobra de mudança de faixa;Colisão traseira;Com Vítimas Feridas;Pleno dia;Crescente;Céu Claro;Simples;Reta;Sim;4;0;1;0;2;1;1;3;-15,88749699;-52,26810568;SPRF-MT;DEL07-MT;UOP01-DEL07-MT
606587;10/06/2024;segunda-feira;17:30:00;RJ;116;299;RESENDE;Reação tardia ou ineficiente do condutor;Colisão traseira;Com Vítimas Feridas;Anoitecer;Decrescente;Céu Claro;Dupla;Reta;Sim;4;0;1;0;2;1;1;3;-22,45153554;-44,34627905;SPRF-RJ;DEL07-RJ;UOP02-DEL07-RJ
607441;07/06/2024;sexta-feira;16:39:00;GO;40;4;VALPARAISO DE GOIAS;Reação tardia ou ineficiente do condutor;Engavetamento;Sem Vítimas;Pleno dia;Decrescente;Céu Claro;Dupla;Reta;Sim;4;0;0;0;3;1;0;4;-16,085241;-47,986752;SPRF-DF;DEL01-DF;UOP01-DEL01-DF
607546;14/06/2024;sexta-feira;22:38:00;GO;60;167,6;GOIANIA;Estacionar ou parar em local proibido;Colisão traseira;Com Vítimas Feridas;Plena Noite;Decrescente;Céu Claro;Dupla;"Curva;Aclive";Sim;4;0;2;0;1;1;2;4;-16,7175;-49,3663;SPRF-GO;DEL01-GO;UOP02-DEL01-GO
607623;15/06/2024;sábado;07:55:00;SC;280;17;SAO FRANCISCO DO SUL;Transitar na contramão;Colisão lateral mesmo sentido;Com Vítimas Fatais;Pleno dia;Decrescente;Céu Claro;Simples;Reta;Não;8;1;0;0;5;2;0;5;-26,35609813;-48,66029868;SPRF-SC;DEL03-SC;UOP03-DEL03-SC
608032;17/06/2024;segunda-feira;00:00:00;SC;101;233;PALHOCA;Demais falhas na via;Saída de leito carroçável;Com Vítimas Feridas;Plena Noite;Decrescente;Chuva;Dupla;"Curva;Declive";Não;4;0;1;0;2;1;1;3;-27,80376397;-48,63826211;SPRF-SC;DEL01-SC;UOP02-DEL01-SC
608145;17/06/2024;segunda-feira;10:30:00;GO;153;657;GOIATUBA;Velocidade Incompatível;Saída de leito carroçável;Com Vítimas Feridas;Pleno dia;Decrescente;Céu Claro;Dupla;"Reta;Declive";Não;3;0;0;2;0;1;2;2;-18,0277;-49,265;SPRF-GO;DEL03-GO;UOP01-DEL03-GO
608405;18/06/2024;terça-feira;10:00:00;GO;153;400,6;PIRENOPOLIS;Acessar a via sem observar a presença dos outros veículos;Colisão frontal;Com Vítimas Fatais;Pleno dia;Decrescente;Céu Claro;Simples;"Interseção de Vias;Reta";Não;6;1;0;0;4;1;0;3;-16,029528;-49,093914;SPRF-GO;DEL02-GO;UOP02-DEL02-GO
608437;18/06/2024;terça-feira;14:35:00;RJ;116;198;QUEIMADOS;Ausência de reação do condutor;Colisão traseira;Sem Vítimas;Pleno dia;Decrescente;Céu Claro;Dupla;Reta;Não;3;0;0;0;2;1;0;3;-22,72952183;-43,57481597;SPRF-RJ;DEL06-RJ;UOP02-DEL06-RJ
608506;03/06/2024;segunda-feira;10:30:00;PE;232;220,4;PESQUEIRA;Reação tardia ou ineficiente do condutor;Saída de leito carroçável;Com Vítimas Feridas;Pleno dia;Crescente;Nublado;Simples;Reta;Não;3;0;0;1;1;1;1;2;-8,39925903;-36,78286999;SPRF-PE;DEL03-PE;UOP02-DEL03-PE
609200;22/06/2024;sábado;06:10:00;GO;60;87,4;ANAPOLIS;Carga excessiva e/ou mal acondicionada;Saída de leito carroçável;Sem Vítimas;Amanhecer;Decrescente;Céu Claro;Dupla;"Reta;Declive";Não;2;0;0;0;1;1;0;2;-16,3258;-48,8803;SPRF-GO;DEL02-GO;UOP01-DEL02-GO
609216;22/06/2024;sábado;09:45:00;PE;101;67;RECIFE;Manobra de mudança de faixa;Colisão traseira;Com Vítimas Feridas;Pleno dia;Crescente;Céu Claro;Múltipla;Reta;Sim;3;0;1;0;1;1;1;3;-8,042334;-34,943096;SPRF-PE;DEL01-PE;UOP01-DEL01-PE
609478;28/04/2024;domingo;21:00:00;PR;277;139;BALSA NOVA;Reação tardia ou ineficiente do condutor;Colisão traseira;Sem Vítimas;Plena Noite;Crescente;Céu Claro;Dupla;"Curva;Declive";Não;4;0;0;0;3;1;0;3;-25,47415682;-49,72235419;SPRF-PR;DEL03-PR;UOP03-DEL03-PR
609708;24/06/2024;segunda-feira;11:38:00;GO;153;642,8;MORRINHOS;Ausência de reação do condutor;Saída de leito carroçável;Com Vítimas Fatais;Pleno dia;Decrescente;Céu Claro;Dupla;Curva;Não;7;2;3;0;1;1;3;2;-17,8972;-49,2348;SPRF-GO;DEL03-GO;UOP01-DEL03-GO
609899;25/06/2024;terça-feira;08:00:00;PR;163;285;MARECHAL CANDIDO RONDON;Demais falhas mecânicas ou elétricas;Colisão frontal;Sem Vítimas;Pleno dia;Crescente;Nevoeiro/Neblina;Dupla;Reta;Não;9;0;0;0;8;1;0;4;-24,568102;-54,034168;SPRF-PR;DEL06-PR;UOP02-DEL06-PR
609937;25/06/2024;terça-feira;11:31:00;RO;319;61;PORTO VELHO;Carga excessiva e/ou mal acondicionada;Tombamento;Com Vítimas Feridas;Pleno dia;Decrescente;Sol;Dupla;Rotatória;Sim;2;0;1;0;0;1;1;2;-8,73988227;-63,89033139;SPRF-RO;DEL01-RO;UOP01-DEL01-RO
609988;25/06/2024;terça-feira;16:46:00;PA;316;143;PEIXE-BOI;Condutor deixou de manter distância do veículo da frente;Colisão traseira;Com Vítimas Feridas;Pleno dia;Crescente;Céu Claro;Simples;"Reta;Aclive";Não;6;0;3;0;2;1;3;3;-1,24766892;-47,24422205;SPRF-PA;DEL01-PA;UOP03-DEL01-PA
610146;22/06/2024;sábado;16:30:00;MS;376;133;IVINHEMA;Demais falhas mecânicas ou elétricas;Saída de leito carroçável;Com Vítimas Feridas;Pleno dia;Crescente;Céu Claro;Simples;Reta;Não;3;0;1;0;0;2;1;2;-22,36021748;-53,70728925;SPRF-MS;DEL04-MS;UOP04-DEL04-MS
610243;26/06/2024;quarta-feira;19:30:00;GO;60;166,4;GOIANIA;Condutor deixou de manter distância do veículo da frente;Colisão traseira;Sem Vítimas;Plena Noite;Crescente;Céu Claro;Múltipla;"Aclive;Viaduto;Reta";Sim;4;0;0;0;3;1;0;3;-16,72339262;-49,37637269;SPRF-GO;DEL01-GO;UOP02-DEL01-GO
610507;28/06/2024;sexta-feira;04:20:00;PE;101;11,3;GOIANA;Ingestão de álcool pelo condutor;Colisão traseira;Sem Vítimas;Plena Noite;Decrescente;Nublado;Dupla;Reta;Não;3;0;0;0;2;1;0;3;-7,59514001;-34,98460002;SPRF-PE;DEL01-PE;UOP02-DEL01-PE
610607;26/06/2024;quarta-feira;21:50:00;CE;122;36,8;OCARA;Desrespeitar a preferência no cruzamento;Colisão transversal;Com Vítimas Feridas;Plena Noite;Crescente;Céu Claro;Simples;Interseção de Vias;Sim;4;0;1;0;2;1;1;3;-4,58361169;-38,61694336;SPRF-CE;DEL03-CE;UOP02-DEL03-CE
610696;28/06/2024;sexta-feira;19:50:00;AC;317;40;SENADOR GUIOMARD;Transitar na contramão;Colisão lateral sentido oposto;Sem Vítimas;Plena Noite;Decrescente;Céu Claro;Simples;Reta;Não;5;0;0;0;3;2;0;3;-9,890138;-67,44179;SPRF-AC;DEL01-AC;UOP01-DEL01-AC
610835;29/06/2024;sábado;12:10:00;RR;174;493;BOA VISTA;Carga excessiva e/ou mal acondicionada;Tombamento;Sem Vítimas;Pleno dia;Crescente;Céu Claro;Simples;Declive;Sim;3;0;0;0;2;1;0;2;2,7446734;-60,7491374;SPRF-RR;DEL01-RR;UOP01-DEL01-RR
610873;29/06/2024;sábado;18:50:00;RS;472;180,8;SANTO CRISTO;Ingestão de álcool pelo condutor;Colisão lateral sentido oposto;Sem Vítimas;Plena Noite;Crescente;Céu Claro;Simples;"Declive;Curva";Não;3;0;0;0;2;1;0;3;-27,83854482;-54,56737518;SPRF-RS;DEL10-RS;UOP01-DEL10-RS
610884;29/06/2024;sábado;10:25:00;SP;459;11,5;PIQUETE;Velocidade Incompatível;Tombamento;Com Vítimas Feridas;Pleno dia;Crescente;Céu Claro;Simples;Curva;Não;2;0;1;0;0;1;1;2;-22,590729;-45,183041;SPRF-SP;DEL08-SP;UOP02-DEL08-SP
611021;29/06/2024;sábado;17:40:00;PB;361;112,2;ITAPORANGA;Acesso irregular;Colisão transversal;Com Vítimas Feridas;Anoitecer;Decrescente;Céu Claro;Simples;Reta;Sim;3;0;1;0;1;1;1;3;-7,30036449;-38,13712122;SPRF-PB;DEL03-PB;UOP01-DEL03-PB
611560;02/07/2024;terça-feira;19:00:00;MG;153;87;PRATA;Objeto estático sobre o leito carroçável;Incêndio;Com Vítimas Feridas;Plena Noite;Crescente;Céu Claro;Simples;Aclive;Não;2;0;1;0;0;1;1;2;-19,11737199;-48,96972196;SPRF-MG;DEL15-MG;UOP03-DEL15-MG
611998;04/07/2024;quinta-feira;17:00:00;GO;70;1;AGUAS LINDAS DE GOIAS;Avarias e/ou desgaste excessivo no pneu;Saída de leito carroçável;Com Vítimas Feridas;Pleno dia;Decrescente;Céu Claro;Dupla;"Reta;Declive";Não;3;0;1;0;1;1;1;2;-15,77579351;-48,23259001;SPRF-DF;DEL03-DF;UOP02-DEL03-DF
612044;04/07/2024;quinta-feira;16:00:00;RJ;40;58,9;PETROPOLIS;Condutor deixou de manter distância do veículo da frente;Colisão traseira;Com Vítimas Feridas;Pleno dia;Crescente;Céu Claro;Dupla;Curva;Não;4;0;0;1;1;2;1;4;-22,378777;-43,131523;SPRF-RJ;DEL05-RJ;UOP02-DEL05-RJ
612093;05/07/2024;sexta-feira;06:58:00;RN;101;94;NATAL;Manobra de mudança de faixa;Colisão lateral mesmo sentido;Com Vítimas Feridas;Pleno dia;Crescente;Chuva;Dupla;Curva;Sim;4;0;1;0;1;2;1;4;-5,83176615;-35,21191342;SPRF-RN;DEL01-RN;UOP01-DEL01-RN
612253;05/07/2024;sexta-feira;17:00:00;MG;40;522,9;CONTAGEM;Ingestão de álcool pelo condutor;Engavetamento;Sem Vítimas;Pleno dia;Decrescente;Céu Claro;Dupla;Reta;Sim;12;0;0;0;11;1;0;4;-19,8638731;-44,06749809;SPRF-MG;DEL01-MG;UOP02-DEL01-MG
612347;05/07/2024;sexta-feira;23:30:00;MT;163;834;SINOP;Velocidade Incompatível;Colisão transversal;Com Vítimas Feridas;Plena Noite;Decrescente;Céu Claro;Dupla;"Curva;Interseção de Vias";Sim;4;0;0;1;0;3;1;3;-11,86651589;-55,49611625;SPRF-MT;DEL06-MT;UOP02-DEL06-MT
612603;06/07/2024;sábado;22:00:00;SP;116;448;REGISTRO;Ingestão de álcool pelo condutor;Saída de leito carroçável;Sem Vítimas;Plena Noite;Decrescente;Ignorado;Dupla;Reta;Não;5;0;0;0;4;1;0;3;-24,52099699;-47,85336602;SPRF-SP;DEL05-SP;UOP01-DEL05-SP
613129;08/07/2024;segunda-feira;20:15:00;RS;386;259,3;FONTOURA XAVIER;Falta de elemento de contenção que evite a saída do leito carroçável;Saída de leito carroçável;Com Vítimas Feridas;Plena Noite;Decrescente;Nublado;Simples;Curva;Não;4;0;3;0;0;1;3;2;-28,892323;-52,40966;SPRF-RS;DEL04-RS;UOP03-DEL04-RS
613263;09/07/2024;terça-feira;15:30:00;PI;343;6,7;PARNAIBA;Demais falhas mecânicas ou elétricas;Eventos atípicos;Com Vítimas Feridas;Pleno dia;Crescente;Sol;Simples;Reta;Sim;4;0;2;0;1;1;2;2;-2,896709;-41,705811;SPRF-PI;DEL05-PI;UOP01-DEL05-PI
613413;21/03/2024;quinta-feira;12:30:00;MG;40;142;JOAO PINHEIRO;Acessar a via sem observar a presença dos outros veículos;Colisão transversal;Com Vítimas Feridas;Pleno dia;Decrescente;Céu Claro;Simples;Reta;Sim;3;0;0;1;1;1;1;3;-17,740382;-46,185728;SPRF-MG;DEL14-MG;UOP01-DEL14-MG
613578;10/07/2024;quarta-feira;22:30:00;BA;116;386;SANTA BARBARA;Reação tardia ou ineficiente do condutor;Colisão traseira;Sem Vítimas;Plena Noite;Decrescente;Nevoeiro/Neblina;Simples;"Aclive;Reta";Não;5;0;0;0;3;2;0;3;-11,90345104;-38,98262068;SPRF-BA;DEL02-BA;UOP01-DEL02-BA
613776;11/07/2024;quinta-feira;19:40:00;SP;153;35,3;NOVA GRANADA;Reação tardia ou ineficiente do condutor;Colisão lateral mesmo sentido;Com Vítimas Feridas;Plena Noite;Decrescente;Céu Claro;Simples;Reta;Não;4;0;1;1;1;1;2;3;-20,58054802;-49,31936791;SPRF-SP;DEL09-SP;UOP01-DEL09-SP
613838;11/07/2024;quinta-feira;16:00:00;GO;414;284;VILA PROPICIO;Reação tardia ou ineficiente do condutor;Colisão com objeto;Com Vítimas Feridas;Pleno dia;Decrescente;Céu Claro;Simples;"Reta;Declive";Não;3;0;2;0;0;1;2;2;-15,09800192;-48,74729517;SPRF-GO;DEL07-GO;UOP02-DEL07-GO
614205;13/07/2024;sábado;17:50:00;RS;293;38,8;CAPAO DO LEAO;Reação tardia ou ineficiente do condutor;Capotamento;Com Vítimas Fatais;Anoitecer;Decrescente;Nublado;Simples;Reta;Não;6;1;1;1;1;2;2;3;-31,73961024;-52,70400299;SPRF-RS;DEL07-RS;UOP01-DEL07-RS
614422;14/07/2024;domingo;15:20:00;SE;101;87;NOSSA SENHORA DO SOCORRO;Reação tardia ou ineficiente do condutor;Colisão traseira;Sem Vítimas;Pleno dia;Crescente;Nublado;Dupla;"Em Obras;Aclive;Reta";Não;4;0;0;0;3;1;0;4;-10,86174498;-37,13526579;SPRF-SE;DEL01-SE;UOP01-DEL01-SE
614468;14/07/2024;domingo;17:30:00;PI;226;227;ALTOS;Ingestão de álcool pelo condutor;Colisão frontal;Com Vítimas Feridas;Pleno dia;Crescente;Sol;Simples;Reta;Não;4;0;2;1;0;1;3;4;-5,03097;-42,43945;SPRF-PI;DEL01-PI;UOP01-DEL01-PI
614665;15/07/2024;segunda-feira;13:00:00;RS;158;148,8;PANAMBI;Demais falhas mecânicas ou elétricas;Saída de leito carroçável;Com Vítimas Feridas;Pleno dia;Decrescente;Nublado;Simples;Reta;Não;2;0;1;0;0;1;1;2;-28,26667843;-53,48019004;SPRF-RS;DEL10-RS;UOP02-DEL10-RS
614815;16/07/2024;terça-feira;06:50:00;PI;316;317;PICOS;Reação tardia ou ineficiente do condutor;Atropelamento de Pedestre;Com Vítimas Feridas;Pleno dia;Decrescente;Céu Claro;Dupla;"Declive;Reta";Sim;6;0;0;1;4;1;1;3;-7,08317297;-41,41458999;SPRF-PI;DEL04-PI;UOP01-DEL04-PI
614819;16/07/2024;terça-feira;13:25:00;RJ;101;268;RIO BONITO;Ausência de reação do condutor;Capotamento;Com Vítimas Feridas;Pleno dia;Crescente;Céu Claro;Dupla;Reta;Sim;2;0;1;0;0;1;1;2;-22,7112997;-42,66922613;SPRF-RJ;DEL02-RJ;UOP03-DEL02-RJ
614826;16/07/2024;terça-feira;14:10:00;SP;153;72,4;SAO JOSE DO RIO PRETO;Demais falhas mecânicas ou elétricas;Colisão lateral mesmo sentido;Com Vítimas Feridas;Pleno dia;Decrescente;Céu Claro;Dupla;"Declive;Reta";Não;5;0;1;1;2;1;2;3;-20,86715501;-49,41334398;SPRF-SP;DEL09-SP;UOP01-DEL09-SP
615559;19/07/2024;sexta-feira;20:20:00;PA;230;119;MARABA;Ausência de reação do condutor;Colisão lateral mesmo sentido;Sem Vítimas;Plena Noite;Crescente;Céu Claro;Dupla;Reta;Sim;4;0;0;0;3;1;0;4;-5,350407;-49,105981;SPRF-PA;DEL03-PA;UOP01-DEL03-PA
615793;20/07/2024;sábado;20:00:00;PR;369;418,8;UBIRATA;Acessar a via sem observar a presença dos outros veículos;Colisão transversal;Com Vítimas Feridas;Plena Noite;Crescente;Céu Claro;Simples;"Interseção de Vias;Declive;Reta";Não;5;0;2;0;2;1;2;3;-24,48855165;-52,89376795;SPRF-PR;DEL04-PR;UOP03-DEL04-PR
616751;25/07/2024;quinta-feira;11:40:00;PB;101;88,4;JOAO PESSOA;Condutor deixou de manter distância do veículo da frente;Colisão traseira;Com Vítimas Feridas;Pleno dia;Crescente;Céu Claro;Dupla;Reta;Sim;4;0;1;1;1;1;2;4;-7,1651;-34,8941;SPRF-PB;DEL01-PB;UOP02-DEL01-PB
616774;25/07/2024;quinta-feira;13:29:00;PB;101;123,8;CAAPORA;Carga excessiva e/ou mal acondicionada;Colisão com objeto;Com Vítimas Feridas;Pleno dia;Decrescente;Céu Claro;Dupla;Reta;Não;6;0;3;0;2;1;3;2;-7,45909075;-34,98049935;SPRF-PB;DEL01-PB;UOP02-DEL01-PB