id;data_inversa;dia_semana;horario;uf;br;km;municipio;causa_acidente;tipo_acidente;classificacao_acidente;fase_dia;sentido_via;condicao_metereologica;tipo_pista;tracado_via;uso_solo;pessoas;mortos;feridos_leves;feridos_graves;ilesos;ignorados;feridos;veiculos;latitude;longitude;regional;delegacia;uop
617482;28/07/2024;domingo;17:55:00;CE;222;65;SAO GONCALO DO AMARANTE;Acessar a via sem observar a presença dos outros veículos;Queda de ocupante de veículo;Com Vítimas Feridas;Plena Noite;Decrescente;Céu Claro;Simples;Reta;Não;3;0;1;0;1;1;1;3;-3,67082503;-39,12589788;SPRF-CE;DEL01-CE;UOP03-DEL01-CE
617685;29/07/2024;segunda-feira;13:35:00;MG;365;26;MONTES CLAROS;Manobra de mudança de faixa;Colisão transversal;Com Vítimas Feridas;Pleno dia;Crescente;Sol;Simples;"Aclive;Reta";Não;3;0;0;1;1;1;1;3;-16,85144573;-44,06967486;SPRF-MG;DEL12-MG;UOP01-DEL12-MG
618196;01/08/2024;quinta-feira;05:30:00;SP;116;149;SAO JOSE DOS CAMPOS;Reação tardia ou ineficiente do condutor;Colisão com objeto;Com Vítimas Feridas;Amanhecer;Crescente;Céu Claro;Dupla;Reta;Sim;5;0;1;0;3;1;1;2;-23,21335525;-45,8930588;SPRF-SP;DEL02-SP;UOP01-DEL02-SP
618273;01/08/2024;quinta-feira;13:42:00;PI;316;381;ALEGRETE DO PIAUI;Acessar a via sem observar a presença dos outros veículos;Colisão transversal;Com Vítimas Feridas;Pleno dia;Decrescente;Sol;Simples;Reta;Sim;3;0;1;0;1;1;1;3;-7,21648689;-40,88322287;SPRF-PI;DEL04-PI;UOP03-DEL04-PI
618590;02/08/2024;sexta-feira;15:50:00;MT;158;740,8;BARRA DO GARCAS;Ingestão de álcool pelo condutor;Saída de leito carroçável;Com Vítimas Feridas;Pleno dia;Crescente;Céu Claro;Simples;Reta;Não;2;0;1;0;0;1;1;2;-15,39672701;-52,20075969;SPRF-MT;DEL07-MT;UOP01-DEL07-MT
618639;02/08/2024;sexta-feira;16:10:00;SC;280;240;CANOINHAS;Reação tardia ou ineficiente do condutor;Saída de leito carroçável;Com Vítimas Feridas;Pleno dia;Decrescente;Céu Claro;Simples;Reta;Não;3;0;1;0;1;1;1;2;-26,2173631;-50,45390288;SPRF-SC;DEL06-SC;UOP04-DEL06-SC
619413;05/08/2024;segunda-feira;22:30:00;RJ;40;115;DUQUE DE CAXIAS;Reação tardia ou ineficiente do condutor;Colisão traseira;Com Vítimas Feridas;Plena Noite;Decrescente;Céu Claro;Dupla;Reta;Sim;3;0;0;1;1;1;1;3;-22,72756999;-43,2891609;SPRF-RJ;DEL01-RJ;UOP02-DEL01-RJ
619446;06/08/2024;terça-feira;12:10:00;PB;426;72;PIANCO;Condutor Dormindo;Saída de leito carroçável;Com Vítimas Feridas;Pleno dia;Crescente;Céu Claro;Simples;Reta;Não;4;0;1;1;0;2;2;3;-7,24102702;-37,93775996;SPRF-PB;DEL03-PB;UOP01-DEL03-PB
619654;07/08/2024;quarta-feira;08:15:00;GO;364;276;MINEIROS;Reação tardia ou ineficiente do condutor;Saída de leito carroçável;Com Vítimas Feridas;Pleno dia;Crescente;Céu Claro;Simples;Aclive;Não;3;0;2;0;0;1;2;2;-17,649042;-52,358006;SPRF-GO;DEL05-GO;UOP01-DEL05-GO
619684;07/08/2024;quarta-feira;15:00:00;SC;282;390;JOACABA;Acesso irregular;Colisão traseira;Com Vítimas Feridas;Pleno dia;Crescente;Nublado;Simples;Reta;Sim;3;0;1;0;1;1;1;3;-27,175066;-51,550556;SPRF-SC;DEL07-SC;UOP05-DEL07-SC
619695;07/08/2024;quarta-feira;16:41:00;RN;101;99;NATAL;Demais falhas mecânicas ou elétricas;Colisão com objeto;Sem Vítimas;Pleno dia;Decrescente;Céu Claro;Múltipla;Aclive;Sim;2;0;0;0;1;1;0;2;-5,87359183;-35,22063023;SPRF-RN;DEL01-RN;UOP01-DEL01-RN
619780;07/08/2024;quarta-feira;11:00:00;SC;101;7,6;GARUVA;Ausência de reação do condutor;Saída de leito carroçável;Com Vítimas Feridas;Pleno dia;Crescente;Céu Claro;Dupla;Reta;Não;2;0;1;0;0;1;1;2;-26,03593;-48,860302;SPRF-SC;DEL03-SC;UOP01-DEL03-SC
620049;09/08/2024;sexta-feira;08:00:00;MG;381;221,2;BELO ORIENTE;Conversão proibida;Colisão transversal;Com Vítimas Feridas;Pleno dia;Crescente;Céu Claro;Simples;Reta;Não;5;0;1;0;2;2;1;4;-19,30494882;-42,38538712;SPRF-MG;DEL06-MG;UOP01-DEL06-MG
620372;10/08/2024;sábado;15:45:00;PR;116;124;FAZENDA RIO GRANDE;Condutor deixou de manter distância do veículo da frente;Colisão traseira;Com Vítimas Feridas;Pleno dia;Crescente;Céu Claro;Dupla;Reta;Sim;3;0;1;0;1;1;1;3;-25,58620703;-49,31436887;SPRF-PR;DEL01-PR;UOP03-DEL01-PR
620513;30/07/2024;terça-feira;12:50:00;SP;381;41,5;ATIBAIA;Demais falhas mecânicas ou elétricas;Colisão traseira;Com Vítimas Feridas;Pleno dia;Decrescente;Chuva;Múltipla;Reta;Sim;3;0;1;0;1;1;1;3;-23,13863999;-46,57584088;SPRF-SP;DEL03-SP;UOP01-DEL03-SP
621180;14/08/2024;quarta-feira;13:20:00;PR;116;68;CAMPINA GRANDE DO SUL;Acessar a via sem observar a presença dos outros veículos;Colisão transversal;Com Vítimas Feridas;Pleno dia;Decrescente;Céu Claro;Simples;Interseção de Vias;Não;4;0;1;0;2;1;1;3;-25,32365502;-49,02531697;SPRF-PR;DEL01-PR;UOP02-DEL01-PR
621270;14/08/2024;quarta-feira;17:30:00;RO;364;341;JI-PARANA;Ultrapassagem Indevida;Colisão lateral mesmo sentido;Com Vítimas Feridas;Pleno dia;Crescente;Céu Claro;Dupla;Interseção de Vias;Sim;3;0;1;0;1;1;1;3;-10,88987987;-61,93126772;SPRF-RO;DEL02-RO;UOP01-DEL02-RO
621363;15/08/2024;quinta-feira;13:24:00;RS;116;264,5;CANOAS;Condutor deixou de manter distância do veículo da frente;Colisão lateral mesmo sentido;Com Vítimas Feridas;Pleno dia;Crescente;Céu Claro;Dupla;Reta;Sim;6;0;2;0;3;1;2;5;-29,914435;-51,17754495;SPRF-RS;DEL01-RS;UOP01-DEL01-RS
621897;17/08/2024;sábado;18:20:00;AL;104;63;MURICI;Manobra de mudança de faixa;Colisão transversal;Com Vítimas Feridas;Plena Noite;Decrescente;Céu Claro;Simples;Curva;Não;4;0;2;0;1;1;2;3;-9,33174225;-35,91402602;SPRF-AL;DEL01-AL;UOP02-DEL01-AL
622013;18/08/2024;domingo;09:15:00;RJ;40;108;DUQUE DE CAXIAS;Avarias e/ou desgaste excessivo no pneu;Queda de ocupante de veículo;Com Vítimas Feridas;Pleno dia;Decrescente;Céu Claro;Dupla;Reta;Sim;2;0;1;0;0;1;1;2;-22,67374628;-43,28638368;SPRF-RJ;DEL01-RJ;UOP02-DEL01-RJ
622127;18/08/2024;domingo;14:00:00;RJ;493;52,9;DUQUE DE CAXIAS;Conversão proibida;Colisão traseira;Com Vítimas Feridas;Pleno dia;Decrescente;Céu Claro;Dupla;Curva;Não;7;0;3;0;3;1;3;3;-22,666051;-43,330731;SPRF-RJ;DEL01-RJ;UOP03-DEL01-RJ
622193;18/08/2024;domingo;19:40:00;MA;230;387;BALSAS;Ingestão de álcool pelo condutor;Colisão frontal;Com Vítimas Feridas;Plena Noite;Crescente;Céu Claro;Simples;Reta;Não;5;0;1;0;3;1;1;3;-7,37624085;-45,9758663;SPRF-MA;DEL05-MA;UOP01-DEL05-MA
622194;18/08/2024;domingo;19:24:00;GO;60;296;ACREUNA;Reação tardia ou ineficiente do condutor;Saída de leito carroçável;Com Vítimas Feridas;Plena Noite;Crescente;Céu Claro;Dupla;Reta;Não;2;0;1;0;0;1;1;2;-17,3374;-50,3116;SPRF-GO;DEL04-GO;UOP02-DEL04-GO
622233;19/08/2024;segunda-feira;04:40:00;PR;373;455,2;CHOPINZINHO;Ausência de reação do condutor;Saída de leito carroçável;Com Vítimas Feridas;Plena Noite;Crescente;Céu Claro;Simples;Curva;Não;4;0;1;0;2;1;1;2;-25,910253;-52,3809279;SPRF-PR;DEL02-PR;UOP01-DEL02-PR
622298;19/08/2024;segunda-feira;12:05:00;SC;282;653;SAO MIGUEL DO OESTE;Conversão proibida;Colisão transversal;Com Vítimas Feridas;Pleno dia;Decrescente;Céu Claro;Simples;"Declive;Curva";Sim;5;0;1;0;3;1;1;3;-26,708202;-53,514313;SPRF-SC;DEL07-SC;UOP03-DEL07-SC
622322;19/08/2024;segunda-feira;14:30:00;RS;116;263;CANOAS;Desrespeitar a preferência no cruzamento;Colisão transversal;Com Vítimas Feridas;Pleno dia;Decrescente;Céu Claro;Múltipla;"Reta;Interseção de Vias";Sim;3;0;1;0;1;1;1;3;-29,90952418;-51,17694497;SPRF-RS;DEL01-RS;UOP01-DEL01-RS
622429;20/08/2024;terça-feira;05:00:00;SC;470;54,4;BLUMENAU;Conversão proibida;Colisão transversal;Com Vítimas Feridas;Plena Noite;Decrescente;Nevoeiro/Neblina;Simples;"Reta;Em Obras";Sim;3;0;1;0;1;1;1;3;-26,87656448;-49,12201881;SPRF-SC;DEL04-SC;UOP01-DEL04-SC
623609;25/08/2024;domingo;18:40:00;MS;60;528,4;NIOAQUE;Animais na Pista;Atropelamento de Animal;Com Vítimas Feridas;Plena Noite;Decrescente;Nublado;Simples;Reta;Não;6;0;0;1;4;1;1;2;-21,12904108;-55,73015002;SPRF-MS;DEL05-MS;UOP01-DEL05-MS
623617;26/06/2024;quarta-feira;05:39:00;PB;104;130;CAMPINA GRANDE;Ausência de reação do condutor;Colisão traseira;Sem Vítimas;Pleno dia;Crescente;Céu Claro;Simples;"Em Obras;Retorno Regulamentado;Reta";Não;3;0;0;0;2;1;0;3;-7,29013399;-35,89029705;SPRF-PB;DEL02-PB;UOP01-DEL02-PB
623733;24/08/2024;sábado;22:00:00;RO;364;340;JI-PARANA;Acessar a via sem observar a presença dos outros veículos;Colisão traseira;Com Vítimas Feridas;Plena Noite;Crescente;Céu Claro;Múltipla;"Reta;Interseção de Vias";Sim;3;0;1;0;1;1;1;3;-10,898802;-61,93046;SPRF-RO;DEL02-RO;UOP01-DEL02-RO
623969;27/08/2024;terça-feira;15:00:00;PR;277;19,1;PARANAGUA;Reação tardia ou ineficiente do condutor;Saída de leito carroçável;Com Vítimas Feridas;Pleno dia;Decrescente;Sol;Dupla;Reta;Não;2;0;0;1;0;1;1;2;-25,5373631;-48,6978984;SPRF-PR;DEL01-PR;UOP05-DEL01-PR
624338;29/08/2024;quinta-feira;14:15:00;MG;116;740;LARANJAL;Reação tardia ou ineficiente do condutor;Colisão traseira;Com Vítimas Feridas;Pleno dia;Crescente;Céu Claro;Simples;Reta;Não;6;0;2;0;3;1;2;3;-21,39205;-42,489685;SPRF-MG;DEL07-MG;UOP01-DEL07-MG
624481;30/08/2024;sexta-feira;05:15:00;MT;174;295;PONTES E LACERDA;Reação tardia ou ineficiente do condutor;Saída de leito carroçável;Com Vítimas Feridas;Amanhecer;Crescente;Céu Claro;Simples;Reta;Não;2;0;1;0;0;1;1;2;-15,17211317;-59,32105563;SPRF-MT;DEL04-MT;UOP01-DEL04-MT
624674;30/08/2024;sexta-feira;22:00:00;MG;40;422,9;CURVELO;Acessar a via sem observar a presença dos outros veículos;Colisão lateral mesmo sentido;Sem Vítimas;Pleno dia;Decrescente;Céu Claro;Dupla;Reta;Não;5;0;0;0;4;1;0;3;-19,15372286;-44,54767401;SPRF-MG;DEL02-MG;UOP01-DEL02-MG
624714;31/08/2024;sábado;01:20:00;ES;101;147,4;LINHARES;Condutor desrespeitou a iluminação vermelha do semáforo;Colisão transversal;Sem Vítimas;Plena Noite;Crescente;Céu Claro;Dupla;"Interseção de Vias;Reta";Sim;3;0;0;0;2;1;0;3;-19,37887202;-40,06657892;SPRF-ES;DEL04-ES;UOP01-DEL04-ES
624805;31/08/2024;sábado;10:00:00;BA;116;388;SANTA BARBARA;Acesso irregular;Colisão transversal;Com Vítimas Feridas;Pleno dia;Crescente;Chuva;Dupla;"Curva;Em Obras";Sim;3;0;0;1;1;1;1;3;-11,92130802;-38,98299014;SPRF-BA;DEL02-BA;UOP01-DEL02-BA
624851;31/08/2024;sábado;10:40:00;MT;163;648;LUCAS DO RIO VERDE;Avarias e/ou desgaste excessivo no pneu;Saída de leito carroçável;Com Vítimas Feridas;Pleno dia;Decrescente;Céu Claro;Simples;Reta;Não;6;0;2;0;3;1;2;2;-13,39516168;-56,08962536;SPRF-MT;DEL06-MT;UOP01-DEL06-MT
625156;01/09/2024;domingo;19:20:00;BA;330;804;JITAUNA;Ingestão de álcool pelo condutor;Colisão lateral sentido oposto;Sem Vítimas;Plena Noite;Decrescente;Céu Claro;Simples;Curva;Não;3;0;0;0;2;1;0;3;-13,9747696;-39,95416081;SPRF-BA;DEL03-BA;UOP01-DEL03-BA
625188;01/09/2024;domingo;18:40:00;MG;116;552,5;SANTA BARBARA DO LESTE;Transitar na contramão;Colisão lateral sentido oposto;Com Vítimas Feridas;Plena Noite;Crescente;Nublado;Simples;Reta;Não;6;0;0;1;4;1;1;3;-19,98476697;-42,1434265;SPRF-MG;DEL06-MG;UOP02-DEL06-MG
625193;01/09/2024;domingo;18:50:00;MS;262;358;CAMPO GRANDE;Pista esburacada;Capotamento;Com Vítimas Feridas;Plena Noite;Decrescente;Céu Claro;Simples;"Reta;Em Obras";Não;4;0;1;0;2;1;1;2;-20,5395608;-54,69741178;SPRF-MS;DEL01-MS;UOP03-DEL01-MS
625435;03/09/2024;terça-feira;07:20:00;PI;343;592,8;FLORIANO;Ausência de reação do condutor;Colisão traseira;Com Vítimas Feridas;Pleno dia;Crescente;Céu Claro;Simples;Reta;Sim;3;0;1;0;1;1;1;3;-6,788374;-43,044399;SPRF-PI;DEL03-PI;UOP01-DEL03-PI
625651;04/09/2024;quarta-feira;08:02:00;TO;153;163;ARAGUAINA;Carga excessiva e/ou mal acondicionada;Capotamento;Com Vítimas Feridas;Pleno dia;Crescente;Sol;Simples;Reta;Não;4;0;0;1;2;1;1;2;-7,32892789;-48,31009819;SPRF-TO;DEL02-TO;UOP01-DEL02-TO
625699;04/09/2024;quarta-feira;13:24:00;PR;369;465,5;CORBELIA;Transitar no Acostamento;Colisão traseira;Com Vítimas Feridas;Pleno dia;Crescente;Céu Claro;Simples;"Declive;Curva";Não;3;0;1;0;1;1;1;3;-24,6547787;-53,219193;SPRF-PR;DEL04-PR;UOP03-DEL04-PR
625712;04/09/2024;quarta-feira;15:30:00;RS;470;71,9;LAGOA VERMELHA;Carga excessiva e/ou mal acondicionada;Capotamento;Com Vítimas Feridas;Pleno dia;Decrescente;Vento;Simples;"Curva;Declive";Não;3;0;2;0;0;1;2;2;-28,179391;-51,523942;SPRF-RS;DEL08-RS;UOP05-DEL08-RS
625729;04/09/2024;quarta-feira;17:30:00;SC;101;228;PALHOCA;Demais falhas mecânicas ou elétricas;Incêndio;Sem Vítimas;Anoitecer;Decrescente;Céu Claro;Dupla;Reta;Sim;2;0;0;0;1;1;0;2;-27,7688932;-48,63205379;SPRF-SC;DEL01-SC;UOP02-DEL01-SC
625773;04/09/2024;quarta-feira;20:30:00;SC;101;375,5;ICARA;Reação tardia ou ineficiente do condutor;Colisão traseira;Com Vítimas Feridas;Plena Noite;Decrescente;Chuva;Múltipla;Curva;Não;3;0;1;0;1;1;1;3;-28,72736111;-49,24066084;SPRF-SC;DEL02-SC;UOP01-DEL02-SC
625944;05/09/2024;quinta-feira;15:45:00;GO;153;506,9;APARECIDA DE GOIANIA;Carga excessiva e/ou mal acondicionada;Colisão com objeto;Com Vítimas Feridas;Pleno dia;Decrescente;Céu Claro;Múltipla;"Reta;Declive";Sim;2;0;1;0;0;1;1;2;-16,7633;-49,24;SPRF-GO;DEL01-GO;UOP01-DEL01-GO
626326;07/09/2024;sábado;05:30:00;RS;158;332;SANTA MARIA;Ausência de reação do condutor;Queda de ocupante de veículo;Com Vítimas Feridas;Plena Noite;Crescente;Nublado;Dupla;Interseção de Vias;Sim;5;0;0;2;2;1;2;3;-29,7075633;-53,85413894;SPRF-RS;DEL09-RS;UOP01-DEL09-RS
626356;07/09/2024;sábado;07:00:00;MG;40;340,5;FELIXLANDIA;Ultrapassagem Indevida;Colisão frontal;Com Vítimas Feridas;Amanhecer;Decrescente;Céu Claro;Simples;Reta;Não;8;0;3;2;2;1;5;4;-18,65983207;-44,99744032;SPRF-MG;DEL02-MG;UOP01-DEL02-MG
626359;07/09/2024;sábado;07:45:00;RS;116;361,8;TAPES;Retorno proibido;Colisão transversal;Com Vítimas Feridas;Pleno dia;Crescente;Nublado;Simples;"Reta;Em Obras";Não;3;0;1;1;0;1;2;3;-30,63341897;-51,54988909;SPRF-RS;DEL02-RS;UOP02-DEL02-RS
626921;09/09/2024;segunda-feira;10:30:00;RJ;101;486;ANGRA DOS REIS;Condutor deixou de manter distância do veículo da frente;Engavetamento;Com Vítimas Feridas;Pleno dia;Decrescente;Sol;Simples;Reta;Sim;6;0;1;0;4;1;1;5;-22,97708786;-44,29634653;SPRF-RJ;DEL03-RJ;UOP03-DEL03-RJ
627249;11/09/2024;quarta-feira;02:40:00;MT;70;614;POCONE;Transitar na contramão;Colisão frontal;Com Vítimas Feridas;Amanhecer;Decrescente;Céu Claro;Simples;"Reta;Em Obras";Não;5;0;1;0;3;1;1;3;-15,85189218;-56,84941294;SPRF-MT;DEL03-MT;UOP02-DEL03-MT
627346;11/09/2024;quarta-feira;14:30:00;MS;158;68;PARANAIBA;Ausência de reação do condutor;Colisão traseira;Sem Vítimas;Pleno dia;Decrescente;Sol;Simples;Reta;Não;7;0;0;0;6;1;0;3;-19,47795147;-51,30858284;SPRF-MS;DEL08-MS;UOP01-DEL08-MS
627366;11/09/2024;quarta-feira;17:30:00;DF;20;16;BRASILIA;Demais falhas mecânicas ou elétricas;Colisão lateral mesmo sentido;Com Vítimas Feridas;Anoitecer;Crescente;Céu Claro;Dupla;Reta;Sim;3;0;1;0;1;1;1;3;-15,625675;-47,725159;SPRF-DF;DEL02-DF;UOP01-DEL02-DF
627477;12/09/2024;quinta-feira;08:30:00;PR;116;16,5;COLOMBO;Manobra de mudança de faixa;Colisão lateral mesmo sentido;Com Vítimas Feridas;Pleno dia;Crescente;Céu Claro;Dupla;"Reta;Aclive";Não;3;0;1;0;1;1;1;3;-25,3874;-49,1774;SPRF-PR;DEL01-PR;UOP02-DEL01-PR
627848;13/09/2024;sexta-feira;20:00:00;RR;174;210;RORAINOPOLIS;Deficiência do Sistema de Iluminação/Sinalização;Colisão traseira;Com Vítimas Feridas;Plena Noite;Decrescente;Céu Claro;Simples;"Reta;Interseção de Vias";Sim;3;0;0;1;1;1;1;3;0,927564;-60,429466;SPRF-RR;DEL01-RR;UOP01-DEL01-RR
628040;14/09/2024;sábado;16:15:00;MS;163;644;SAO GABRIEL DO OESTE;Demais falhas mecânicas ou elétricas;Incêndio;Sem Vítimas;Pleno dia;Decrescente;Nublado;Dupla;Reta;Não;4;0;0;0;3;1;0;2;-19,21156296;-54,74141388;SPRF-MS;DEL06-MS;UOP02-DEL06-MS
628100;14/09/2024;sábado;20:30:00;PR;277;17,5;PARANAGUA;Pedestre cruzava a pista fora da faixa;Colisão transversal;Com Vítimas Fatais;Plena Noite;Crescente;Garoa/Chuvisco;Múltipla;Reta;Não;7;1;0;0;5;1;0;3;-25,56380488;-48,63457397;SPRF-PR;DEL01-PR;UOP05-DEL01-PR
628309;15/09/2024;domingo;17:45:00;ES;101;166,9;LINHARES;Acessar a via sem observar a presença dos outros veículos;Colisão transversal;Com Vítimas Fatais;Plena Noite;Decrescente;Céu Claro;Simples;Reta;Não;3;1;0;0;1;1;0;3;-19,52751674;-40,15234709;SPRF-ES;DEL04-ES;UOP01-DEL04-ES
628364;15/09/2024;domingo;20:55:00;GO;153;492,8;GOIANIA;Ingestão de álcool pelo condutor;Colisão frontal;Com Vítimas Fatais;Plena Noite;Decrescente;Céu Claro;Dupla;Reta;Sim;3;1;0;0;1;1;0;3;-16,6614;-49,2218;SPRF-GO;DEL01-GO;UOP01-DEL01-GO
628434;16/09/2024;segunda-feira;04:15:00;SC;282;440;PONTE SERRADA;Estacionar ou parar em local proibido;Colisão traseira;Com Vítimas Feridas;Plena Noite;Decrescente;Garoa/Chuvisco;Simples;Reta;Não;5;0;1;1;1;2;2;4;-26,937757;-51,868366;SPRF-SC;DEL07-SC;UOP04-DEL07-SC
628443;16/09/2024;segunda-feira;06:45:00;PE;101;72,9;RECIFE;Carga excessiva e/ou mal acondicionada;Tombamento;Com Vítimas Feridas;Pleno dia;Crescente;Céu Claro;Dupla;Reta;Sim;3;0;1;0;1;1;1;3;-8,094402;-34,948335;SPRF-PE;DEL01-PE;UOP01-DEL01-PE
629307;19/09/2024;quinta-feira;09:30:00;BA;407;0,9;JUAZEIRO;Transitar no Acostamento;Colisão lateral mesmo sentido;Com Vítimas Feridas;Pleno dia;Crescente;Nublado;Simples;Reta;Sim;3;0;1;0;1;1;1;3;-9,41807122;-40,50725102;SPRF-BA;DEL04-BA;UOP01-DEL04-BA
629894;22/09/2024;domingo;18:50:00;SC;282;523;XAXIM;Condutor deixou de manter distância do veículo da frente;Colisão traseira;Sem Vítimas;Plena Noite;Decrescente;Nublado;Simples;"Reta;Aclive";Não;4;0;0;0;3;1;0;3;-26,963129;-52,548851;SPRF-SC;DEL07-SC;UOP01-DEL07-SC
629939;22/09/2024;domingo;19:58:00;PR;376;123;ALTO PARANA;Ausência de reação do condutor;Saída de leito carroçável;Sem Vítimas;Plena Noite;Crescente;Céu Claro;Dupla;Reta;Não;2;0;0;0;0;2;0;2;-23,13828666;-52,28944077;SPRF-PR;DEL09-PR;UOP02-DEL09-PR
629957;22/09/2024;domingo;20:20:00;RS;290;695;URUGUAIANA;Reação tardia ou ineficiente do condutor;Colisão com objeto;Sem Vítimas;Plena Noite;Crescente;Céu Claro;Simples;Reta;Não;2;0;0;0;1;1;0;2;-29,871431;-56,843742;SPRF-RS;DEL13-RS;UOP01-DEL13-RS
630002;23/09/2024;segunda-feira;06:24:00;MS;163;524;JARAGUARI;Avarias e/ou desgaste excessivo no pneu;Capotamento;Com Vítimas Feridas;Pleno dia;Decrescente;Céu Claro;Dupla;Reta;Não;4;0;2;0;1;1;2;2;-20,12675594;-54,44250563;SPRF-MS;DEL01-MS;UOP02-DEL01-MS
630242;24/09/2024;terça-feira;13:25:00;DF;40;1;BRASILIA;Avarias e/ou desgaste excessivo no pneu;Colisão traseira;Com Vítimas Feridas;Pleno dia;Crescente;Céu Claro;Dupla;Reta;Sim;3;0;1;0;1;1;1;3;-15,985532;-47,987747;SPRF-DF;DEL01-DF;UOP01-DEL01-DF
630723;26/09/2024;quinta-feira;18:20:00;PE;232;516,7;SALGUEIRO;Deficiência do Sistema de Iluminação/Sinalização;Colisão traseira;Com Vítimas Feridas;Plena Noite;Crescente;Céu Claro;Simples;Reta;Não;4;0;2;1;0;1;3;3;-8,06595076;-39,18871694;SPRF-PE;DEL05-PE;UOP01-DEL05-PE
630771;26/09/2024;quinta-feira;16:17:00;MS;163;222,3;CAARAPO;Ausência de reação do condutor;Colisão traseira;Com Vítimas Feridas;Pleno dia;Crescente;Chuva;Simples;"Declive;Ponte;Em Obras";Não;3;0;1;0;1;1;1;3;-22,52568393;-54,85591891;SPRF-MS;DEL04-MS;UOP02-DEL04-MS
631246;28/09/2024;sábado;21:50:00;PR;116;132;FAZENDA RIO GRANDE;Demais falhas mecânicas ou elétricas;Saída de leito carroçável;Com Vítimas Feridas;Plena Noite;Crescente;Céu Claro;Dupla;"Reta;Declive";Não;4;0;1;0;2;1;1;4;-25,65733698;-49,31212612;SPRF-PR;DEL01-PR;UOP03-DEL01-PR
631762;01/10/2024;terça-feira;06:15:00;RS;290;90;PORTO ALEGRE;Ausência de reação do condutor;Colisão traseira;Com Vítimas Feridas;Amanhecer;Decrescente;Nublado;Múltipla;Reta;Sim;4;0;2;0;1;1;2;3;-29,96853317;-51,1612916;SPRF-RS;DEL01-RS;UOP01-DEL01-RS
631807;01/10/2024;terça-feira;10:40:00;MG;381;900;CAMBUI;Condutor deixou de manter distância do veículo da frente;Colisão traseira;Sem Vítimas;Pleno dia;Crescente;Sol;Simples;Reta;Não;3;0;0;0;2;1;0;3;-22,66197715;-46,08921986;SPRF-MG;DEL16-MG;UOP03-DEL16-MG
632536;04/10/2024;sexta-feira;11:00:00;RJ;101;496;ANGRA DOS REIS;Acumulo de água sobre o pavimento;Colisão traseira;Sem Vítimas;Pleno dia;Crescente;Chuva;Simples;"Curva;Interseção de Vias";Não;4;0;0;0;3;1;0;3;-22,95605138;-44,30404997;SPRF-RJ;DEL03-RJ;UOP03-DEL03-RJ
632662;05/10/2024;sábado;05:30:00;TO;153;709;CARIRI DO TOCANTINS;Transitar na contramão;Colisão frontal;Com Vítimas Fatais;Amanhecer;Decrescente;Céu Claro;Simples;Reta;Não;5;1;0;1;2;1;1;3;-12,03359559;-49,19883728;SPRF-TO;DEL01-TO;UOP02-DEL01-TO
632765;17/08/2024;sábado;17:50:00;ES;101;54;SAO MATEUS;Velocidade Incompatível;Colisão traseira;Com Vítimas Feridas;Plena Noite;Crescente;Céu Claro;Simples;Reta;Não;3;0;0;1;1;1;1;3;-18,62067908;-39,88189225;SPRF-ES;DEL04-ES;UOP02-DEL04-ES
633457;08/10/2024;terça-feira;13:47:00;ES;101;269;SERRA;Condutor deixou de manter distância do veículo da frente;Colisão traseira;Com Vítimas Feridas;Pleno dia;Decrescente;Céu Claro;Múltipla;Reta;Sim;4;0;1;0;2;1;1;3;-20,21740496;-40,26990578;SPRF-ES;DEL02-ES;UOP01-DEL02-ES
633661;09/10/2024;quarta-feira;12:45:00;MG;251;521;MONTES CLAROS;Velocidade Incompatível;Colisão frontal;Com Vítimas Feridas;Pleno dia;Decrescente;Chuva;Simples;Reta;Não;5;0;0;1;3;1;1;3;-16,67039297;-43,79223002;SPRF-MG;DEL12-MG;UOP01-DEL12-MG
634004;10/10/2024;quinta-feira;22:30:00;MG;153;42;CANAPOLIS;Retorno proibido;Saída de leito carroçável;Com Vítimas Feridas;Plena Noite;Crescente;Nublado;Dupla;Reta;Não;3;0;1;0;1;1;1;3;-18,7557052;-49,07788634;SPRF-MG;DEL15-MG;UOP03-DEL15-MG
634043;11/10/2024;sexta-feira;05:00:00;RS;158;498,4;SANTANA DO LIVRAMENTO;Transitar na contramão;Colisão frontal;Com Vítimas Fatais;Plena Noite;Crescente;Garoa/Chuvisco;Simples;Reta;Não;7;2;3;1;0;1;4;3;-30,50327487;-55,06751554;SPRF-RS;DEL11-RS;UOP01-DEL11-RS
634379;12/10/2024;sábado;09:15:00;MG;365;830,3;SANTA VITORIA;Ausência de reação do condutor;Saída de leito carroçável;Sem Vítimas;Pleno dia;Crescente;Nublado;Simples;Reta;Não;2;0;0;0;1;1;0;2;-18,89876227;-50,18583791;SPRF-MG;DEL15-MG;UOP03-DEL15-MG
634512;12/10/2024;sábado;21:45:00;SP;153;7;ICEM;Ausência de reação do condutor;Colisão traseira;Sem Vítimas;Plena Noite;Crescente;Céu Claro;Simples;"Aclive;Reta";Não;3;0;0;0;1;2;0;3;-20,36460498;-49,22157203;SPRF-SP;DEL09-SP;UOP01-DEL09-SP
635048;15/10/2024;terça-feira;05:00:00;MA;316;354,4;BACABAL;Deficiência do Sistema de Iluminação/Sinalização;Colisão traseira;Com Vítimas Feridas;Amanhecer;Decrescente;Céu Claro;Simples;Reta;Não;4;0;0;2;1;1;2;3;-4,223215;-44,844193;SPRF-MA;DEL02-MA;UOP01-DEL02-MA