id;data_inversa;dia_semana;horario;uf;br;km;municipio;causa_acidente;tipo_acidente;classificacao_acidente;fase_dia;sentido_via;condicao_metereologica;tipo_pista;tracado_via;uso_solo;pessoas;mortos;feridos_leves;feridos_graves;ilesos;ignorados;feridos;veiculos;latitude;longitude;regional;delegacia;uop
572075;02/01/2024;terça-feira;08:40:00;PE;101;56;RECIFE;Manobra de mudança de faixa;Colisão lateral mesmo sentido;Com Vítimas Feridas;Pleno dia;Crescente;Céu Claro;Dupla;Reta;Não;3;0;2;0;1;0;2;2;-7,9554509;-34,91140727;SPRF-PE;DEL01-PE;UOP02-DEL01-PE
572076;02/01/2024;terça-feira;07:40:00;BA;101;385;IBIRAPITANGA;Velocidade Incompatível;Saída de leito carroçável;Com Vítimas Feridas;Pleno dia;Decrescente;Céu Claro;Simples;Reta;Não;5;0;3;0;2;0;3;1;-14,00704057;-39,44548763;SPRF-BA;DEL05-BA;UOP03-DEL05-BA
572077;02/01/2024;terça-feira;08:30:00;AL;104;93;RIO LARGO;Área urbana sem a presença de local apropriado para a travessia de pedestres;Colisão traseira;Com Vítimas Feridas;Pleno dia;Crescente;Céu Claro;Dupla;Reta;Sim;5;0;1;0;3;1;1;4;-9,52891696;-35,79807693;SPRF-AL;DEL01-AL;UOP01-DEL01-AL
572078;02/01/2024;terça-feira;09:30:00;SP;101;51;UBATUBA;Trafegar com motocicleta (ou similar) entre as faixas;Colisão transversal;Com Vítimas Feridas;Pleno dia;Crescente;Céu Claro;Dupla;"Interseção de Vias;Reta";Sim;5;0;0;1;4;0;1;2;-23,45627795;-45,07111896;SPRF-SP;DEL06-SP;UOP01-DEL06-SP
572079;02/01/2024;terça-feira;09:30:00;GO;452;40;SANTA HELENA DE GOIAS;Manobra de mudança de faixa;Colisão transversal;Com Vítimas Feridas;Pleno dia;Decrescente;Céu Claro;Múltipla;"Curva;Declive";Não;5;0;1;0;4;0;1;2;-17,92761132;-50,55878055;SPRF-GO;DEL04-GO;UOP01-DEL04-GO
572081;02/01/2024;terça-feira;07:50:00;SC;163;103;SAO JOSE DO CEDRO;Transitar na contramão;Colisão lateral sentido oposto;Com Vítimas Feridas;Pleno dia;Decrescente;Céu Claro;Simples;Reta;Sim;4;0;3;0;1;0;3;2;-26,46209088;-53,5077059;SPRF-SC;DEL07-SC;UOP03-DEL07-SC
572082;02/01/2024;terça-feira;08:00:00;PR;369;14,6;CAMBARA;Condutor Dormindo;Colisão com objeto;Com Vítimas Feridas;Pleno dia;Decrescente;Céu Claro;Simples;"Declive;Reta";Não;2;0;2;0;0;0;2;1;-23,0206392;-50,02835803;SPRF-PR;DEL07-PR;UOP05-DEL07-PR
572083;02/01/2024;terça-feira;09:01:00;PE;104;82,7;AGRESTINA;Reação tardia ou ineficiente do condutor;Colisão com objeto;Sem Vítimas;Pleno dia;Crescente;Céu Claro;Simples;"Reta;Ponte";Não;2;0;0;0;0;2;0;2;-8,414513;-35,967102;SPRF-PE;DEL02-PE;UOP01-DEL02-PE
572084;02/01/2024;terça-feira;09:00:00;RJ;116;174;SAO JOAO DE MERITI;Demais falhas mecânicas ou elétricas;Queda de ocupante de veículo;Com Vítimas Feridas;Pleno dia;Crescente;Céu Claro;Dupla;Reta;Sim;2;0;1;0;1;0;1;1;-22,79423806;-43,36403759;SPRF-RJ;DEL06-RJ;UOP01-DEL06-RJ
572086;02/01/2024;terça-feira;08:50:00;RJ;0;0;SEROPEDICA;Ausência de reação do condutor;Colisão transversal;Sem Vítimas;Pleno dia;Não Informado;Céu Claro;Simples;Reta;Não;2;0;0;0;2;0;0;2;-22,70335517;-43,69949341;SPRF-RJ;DEL01-RJ;UOP03-DEL01-RJ
572087;02/01/2024;terça-feira;09:02:00;RS;290;25;SANTO ANTONIO DA PATRULHA;Manobra de mudança de faixa;Colisão lateral mesmo sentido;Com Vítimas Feridas;Pleno dia;Crescente;Céu Claro;Dupla;Reta;Não;4;0;1;0;3;0;1;2;-29,880203;-50,503971;SPRF-RS;DEL03-RS;UOP01-DEL03-RS
572089;02/01/2024;terça-feira;08:00:00;SC;101;141;BALNEARIO CAMBORIU;Reação tardia ou ineficiente do condutor;Saída de leito carroçável;Com Vítimas Feridas;Pleno dia;Decrescente;Chuva;Dupla;Reta;Sim;1;0;1;0;0;0;1;1;-27,04761729;-48,59995855;SPRF-SC;DEL04-SC;UOP03-DEL04-SC
572090;02/01/2024;terça-feira;09:10:00;PR;158;538,8;PATO BRANCO;Velocidade Incompatível;Saída de leito carroçável;Com Vítimas Feridas;Pleno dia;Crescente;Céu Claro;Simples;Curva;Sim;2;0;0;1;0;1;1;2;-26,25603095;-52,70878155;SPRF-PR;DEL02-PR;UOP01-DEL02-PR
572091;02/01/2024;terça-feira;10:00:00;SC;101;226;PALHOCA;Condutor deixou de manter distância do veículo da frente;Colisão traseira;Com Vítimas Feridas;Pleno dia;Crescente;Nublado;Dupla;Reta;Não;9;0;2;0;7;0;2;5;-27,74200001;-48,63806504;SPRF-SC;DEL01-SC;UOP02-DEL01-SC
572093;02/01/2024;terça-feira;10:20:00;RS;290;20,5;SANTO ANTONIO DA PATRULHA;Trafegar com motocicleta (ou similar) entre as faixas;Colisão lateral mesmo sentido;Com Vítimas Feridas;Pleno dia;Decrescente;Céu Claro;Dupla;Reta;Não;2;0;1;0;1;0;1;2;-29,889786;-50,464596;SPRF-RS;DEL03-RS;UOP01-DEL03-RS
572094;02/01/2024;terça-feira;09:30:00;MS;163;548;BANDEIRANTES;Ausência de reação do condutor;Colisão traseira;Com Vítimas Feridas;Pleno dia;Crescente;Céu Claro;Simples;Reta;Sim;8;0;3;0;5;0;3;2;-19,91869106;-54,36860922;SPRF-MS;DEL01-MS;UOP02-DEL01-MS
572095;02/01/2024;terça-feira;08:30:00;MG;381;686,7;LAVRAS;Velocidade Incompatível;Saída de leito carroçável;Com Vítimas Feridas;Pleno dia;Crescente;Chuva;Dupla;"Declive;Curva";Não;2;0;2;0;0;0;2;1;-21,20030689;-45,11944438;SPRF-MG;DEL04-MG;UOP02-DEL04-MG
572096;02/01/2024;terça-feira;08:50:00;MG;381;688,2;LAVRAS;Ausência de reação do condutor;Colisão com objeto;Com Vítimas Feridas;Pleno dia;Decrescente;Nublado;Dupla;"Curva;Declive";Não;3;0;1;0;2;0;1;1;-21,21737985;-45,1265452;SPRF-MG;DEL04-MG;UOP02-DEL04-MG
572097;02/01/2024;terça-feira;10:20:00;MG;365;74,5;JEQUITAI;Chuva;Saída de leito carroçável;Com Vítimas Feridas;Pleno dia;Crescente;Chuva;Simples;Reta;Não;4;0;3;0;1;0;3;1;-17,11607791;-44,35073032;SPRF-MG;DEL12-MG;UOP01-DEL12-MG
572098;02/01/2024;terça-feira;10:45:00;MG;381;617;OLIVEIRA;Ausência de reação do condutor;Colisão com objeto;Com Vítimas Feridas;Pleno dia;Decrescente;Nublado;Simples;"Curva;Viaduto";Não;3;0;2;1;0;0;3;1;-20,728838;-44,773088;SPRF-MG;DEL04-MG;UOP01-DEL04-MG
572100;02/01/2024;terça-feira;09:30:00;PE;101;68,1;RECIFE;Condutor deixou de manter distância do veículo da frente;Colisão traseira;Com Vítimas Feridas;Pleno dia;Decrescente;Céu Claro;Dupla;Viaduto;Não;2;0;0;1;1;0;1;2;-8,042334;-34,943096;SPRF-PE;DEL01-PE;UOP01-DEL01-PE
572101;02/01/2024;terça-feira;08:45:00;PR;277;520;GUARANIACU;Acessar a via sem observar a presença dos outros veículos;Colisão transversal;Com Vítimas Feridas;Pleno dia;Crescente;Céu Claro;Simples;"Declive;Reta";Não;6;0;1;0;5;0;1;2;-25,11018112;-52,85167802;SPRF-PR;DEL04-PR;UOP04-DEL04-PR
572102;02/01/2024;terça-feira;11:00:00;PB;230;24;JOAO PESSOA;Ausência de reação do condutor;Colisão traseira;Sem Vítimas;Pleno dia;Crescente;Céu Claro;Dupla;Interseção de Vias;Não;3;0;0;0;2;1;0;3;-7,1637;-34,8618;SPRF-PB;DEL01-PB;UOP01-DEL01-PB
572103;02/01/2024;terça-feira;10:40:00;MG;40;524,8;CONTAGEM;Velocidade Incompatível;Saída de leito carroçável;Com Vítimas Feridas;Pleno dia;Crescente;Garoa/Chuvisco;Dupla;Reta;Não;2;0;1;0;1;0;1;1;-19,84761911;-44,07276144;SPRF-MG;DEL01-MG;UOP02-DEL01-MG
572104;02/01/2024;terça-feira;10:30:00;SP;101;42;UBATUBA;Ausência de reação do condutor;Engavetamento;Com Vítimas Feridas;Pleno dia;Decrescente;Nublado;Simples;Reta;Não;5;0;1;0;3;1;1;4;-23,41271925;-45,04909808;SPRF-SP;DEL06-SP;UOP01-DEL06-SP
572106;02/01/2024;terça-feira;10:20:00;MG;365;68,5;JEQUITAI;Chuva;Saída de leito carroçável;Com Vítimas Feridas;Pleno dia;Decrescente;Chuva;Simples;"Declive;Curva";Não;3;0;1;0;2;0;1;1;-17,06346094;-44,3372752;SPRF-MG;DEL12-MG;UOP01-DEL12-MG
572107;02/01/2024;terça-feira;10:45:00;SP;101;44;UBATUBA;Acessar a via sem observar a presença dos outros veículos;Colisão transversal;Com Vítimas Feridas;Pleno dia;Crescente;Céu Claro;Simples;Reta;Sim;2;0;0;2;0;0;2;2;-23,41014346;-45,06455371;SPRF-SP;DEL06-SP;UOP01-DEL06-SP
572108;02/01/2024;terça-feira;11:10:00;ES;101;83;SAO MATEUS;Condutor deixou de manter distância do veículo da frente;Colisão traseira;Com Vítimas Feridas;Pleno dia;Crescente;Garoa/Chuvisco;Simples;Reta;Não;3;0;2;0;1;0;2;2;-18,84352214;-39,92324081;SPRF-ES;DEL04-ES;UOP02-DEL04-ES
572110;02/01/2024;terça-feira;08:50:00;MT;364;379;SANTO ANTONIO DO LEVERGER;Acumulo de água sobre o pavimento;Saída de leito carroçável;Com Vítimas Feridas;Pleno dia;Decrescente;Chuva;Dupla;Reta;Não;2;0;1;0;1;0;1;1;-15,70392394;-55,75265408;SPRF-MT;DEL01-MT;UOP02-DEL01-MT
572111;02/01/2024;terça-feira;10:45:00;PE;232;149;SAO CAITANO;Conversão proibida;Colisão lateral mesmo sentido;Com Vítimas Feridas;Pleno dia;Crescente;Sol;Dupla;Reta;Não;4;0;1;0;3;0;1;2;-8,32744699;-36,15405;SPRF-PE;DEL03-PE;UOP02-DEL03-PE
572112;02/01/2024;terça-feira;10:45:00;SP;116;117;TAUBATE;Condutor deixou de manter distância do veículo da frente;Colisão traseira;Com Vítimas Feridas;Pleno dia;Decrescente;Céu Claro;Dupla;Reta;Não;3;0;2;0;1;0;2;2;-23,060517;-45,62240982;SPRF-SP;DEL02-SP;UOP02-DEL02-SP
572113;02/01/2024;terça-feira;11:00:00;PE;423;98,6;GARANHUNS;Acessar a via sem observar a presença dos outros veículos;Colisão lateral sentido oposto;Com Vítimas Feridas;Pleno dia;Decrescente;Céu Claro;Simples;"Reta;Declive";Sim;2;0;1;1;0;0;2;2;-8,87617488;-36,50363499;SPRF-PE;DEL03-PE;UOP01-DEL03-PE
572114;02/01/2024;terça-feira;11:10:00;PR;277;554,2;CASCAVEL;Condutor usando celular;Colisão transversal;Com Vítimas Feridas;Pleno dia;Crescente;Sol;Simples;"Declive;Reta";Não;6;0;5;0;0;1;5;3;-25,08169296;-53,16022601;SPRF-PR;DEL04-PR;UOP04-DEL04-PR
572115;02/01/2024;terça-feira;10:00:00;PE;101;88;JABOATAO DOS GUARARAPES;Reação tardia ou ineficiente do condutor;Colisão traseira;Sem Vítimas;Pleno dia;Decrescente;Céu Claro;Dupla;Reta;Não;5;0;0;0;5;0;0;5;-8,19971387;-34,9785382;SPRF-PE;DEL01-PE;UOP01-DEL01-PE
572116;02/01/2024;terça-feira;10:45:00;DF;70;9;BRASILIA;Ausência de reação do condutor;Colisão traseira;Com Vítimas Feridas;Pleno dia;Decrescente;Garoa/Chuvisco;Dupla;Reta;Sim;3;0;1;0;2;0;1;1;-15,784615;-48,132023;SPRF-DF;DEL03-DF;UOP02-DEL03-DF
572117;02/01/2024;terça-feira;11:30:00;PR;476;106;COLOMBO;Velocidade Incompatível;Colisão traseira;Com Vítimas Feridas;Pleno dia;Crescente;Céu Claro;Simples;Curva;Não;2;0;1;0;0;1;1;2;-25,285248;-49,14677;SPRF-PR;DEL01-PR;UOP01-DEL01-PR
572118;02/01/2024;terça-feira;11:30:00;CE;116;45;HORIZONTE;Reação tardia ou ineficiente do condutor;Colisão traseira;Com Vítimas Feridas;Pleno dia;Decrescente;Chuva;Dupla;Reta;Sim;4;0;1;0;3;0;1;3;-4,1312959;-38,48313475;SPRF-CE;DEL01-CE;UOP02-DEL01-CE
572119;02/01/2024;terça-feira;10:10:00;SC;101;139;BALNEARIO CAMBORIU;Reação tardia ou ineficiente do condutor;Capotamento;Com Vítimas Feridas;Pleno dia;Crescente;Nublado;Dupla;Curva;Não;4;0;3;1;0;0;4;1;-27,02982303;-48,60115006;SPRF-SC;DEL04-SC;UOP03-DEL04-SC
572120;02/01/2024;terça-feira;10:20:00;RS;470;218;BENTO GONCALVES;Reação tardia ou ineficiente do condutor;Colisão transversal;Com Vítimas Feridas;Pleno dia;Decrescente;Chuva;Simples;"Declive;Curva";Sim;3;0;3;0;0;0;3;2;-29,17292214;-51,52424936;SPRF-RS;DEL06-RS;UOP01-DEL06-RS
572122;02/01/2024;terça-feira;12:29:00;PE;428;186,7;PETROLINA;Desrespeitar a preferência no cruzamento;Colisão transversal;Com Vítimas Feridas;Pleno dia;Crescente;Céu Claro;Múltipla;Interseção de Vias;Sim;3;0;2;0;1;0;2;2;-9,348078259;-40,47441248;SPRF-PE;DEL06-PE;UOP01-DEL06-PE
572123;02/01/2024;terça-feira;12:20:00;PR;376;600;CURITIBA;Condutor deixou de manter distância do veículo da frente;Colisão traseira;Com Vítimas Feridas;Pleno dia;Decrescente;Céu Claro;Múltipla;Curva;Sim;3;0;0;1;1;1;1;3;-25,52848171;-49,32771206;SPRF-PR;DEL01-PR;UOP06-DEL01-PR
572126;02/01/2024;terça-feira;12:00:00;RJ;40;122;DUQUE DE CAXIAS;Ausência de reação do condutor;Colisão lateral mesmo sentido;Com Vítimas Feridas;Pleno dia;Crescente;Céu Claro;Simples;Reta;Sim;3;0;2;0;1;0;2;2;-22,79083113;-43,28611569;SPRF-RJ;DEL01-RJ;UOP02-DEL01-RJ
572127;02/01/2024;terça-feira;13:00:00;MG;381;430;CAETE;Afundamento ou ondulação no pavimento;Colisão com objeto;Com Vítimas Feridas;Pleno dia;Decrescente;Céu Claro;Dupla;"Reta;Viaduto";Sim;2;0;1;0;1;0;1;1;-19,78496805;-43,72311799;SPRF-MG;DEL01-MG;UOP01-DEL01-MG
572128;02/01/2024;terça-feira;02:55:00;MA;135;91,4;ITAPECURU MIRIM;Reação tardia ou ineficiente do condutor;Atropelamento de Pedestre;Com Vítimas Fatais;Plena Noite;Decrescente;Céu Claro;Simples;Reta;Não;2;1;0;0;1;0;0;2;-3,30084116;-44,41853282;SPRF-MA;DEL01-MA;UOP02-DEL01-MA
572130;02/01/2024;terça-feira;10:00:00;RJ;40;11;COMENDADOR LEVY GASPARIAN;Demais falhas mecânicas ou elétricas;Saída de leito carroçável;Com Vítimas Feridas;Pleno dia;Decrescente;Nublado;Simples;"Reta;Declive";Não;2;0;1;0;1;0;1;1;-22,05001673;-43,19798574;SPRF-RJ;DEL05-RJ;UOP02-DEL05-RJ
572131;02/01/2024;terça-feira;13:30:00;PE;101;84;JABOATAO DOS GUARARAPES;Ausência de reação do condutor;Colisão traseira;Com Vítimas Feridas;Pleno dia;Crescente;Sol;Dupla;Reta;Não;2;0;1;0;1;0;1;2;-8,175172;-34,942642;SPRF-PE;DEL01-PE;UOP01-DEL01-PE
572132;02/01/2024;terça-feira;13:20:00;GO;40;5,4;VALPARAISO DE GOIAS;Ausência de reação do condutor;Tombamento;Com Vítimas Feridas;Pleno dia;Crescente;Céu Claro;Múltipla;Reta;Sim;2;0;1;1;0;0;2;1;-16,093134;-47,982236;SPRF-DF;DEL01-DF;UOP01-DEL01-DF
572134;02/01/2024;terça-feira;10:50:00;MT;70;278;PRIMAVERA DO LESTE;Acessar a via sem observar a presença dos outros veículos;Colisão lateral mesmo sentido;Com Vítimas Feridas;Pleno dia;Decrescente;Chuva;Simples;Rotatória;Sim;4;0;2;0;2;0;2;3;-15,55739918;-54,27981896;SPRF-MT;DEL05-MT;UOP01-DEL05-MT
572135;02/01/2024;terça-feira;10:30:00;SC;101;103,1;BALNEARIO PICARRAS;Manobra de mudança de faixa;Colisão lateral mesmo sentido;Com Vítimas Feridas;Pleno dia;Decrescente;Céu Claro;Dupla;Reta;Não;6;0;0;2;4;0;2;2;-26,784135;-48,682639;SPRF-SC;DEL03-SC;UOP02-DEL03-SC
572136;02/01/2024;terça-feira;13:50:00;SC;101;193;BIGUACU;Ausência de reação do condutor;Colisão lateral mesmo sentido;Com Vítimas Feridas;Pleno dia;Crescente;Céu Claro;Múltipla;Reta;Sim;2;0;1;0;1;0;1;2;-27,489574;-48,655914;SPRF-SC;DEL01-SC;UOP01-DEL01-SC
572137;02/01/2024;terça-feira;11:50:00;MA;230;1;BARAO DE GRAJAU;Manobra de mudança de faixa;Colisão frontal;Com Vítimas Feridas;Pleno dia;Decrescente;Céu Claro;Simples;Reta;Sim;2;0;1;0;1;0;1;2;-6,75491021;-43,01659198;SPRF-PI;DEL03-PI;UOP01-DEL03-PI
572138;02/01/2024;terça-feira;14:00:00;RJ;493;86;JAPERI;Reação tardia ou ineficiente do condutor;Capotamento;Com Vítimas Feridas;Pleno dia;Decrescente;Céu Claro;Dupla;Reta;Não;2;0;2;0;0;0;2;1;-22,67516414;-43,65520477;SPRF-RJ;DEL01-RJ;UOP03-DEL01-RJ
572139;02/01/2024;terça-feira;13:50:00;SC;101;198;BIGUACU;Ausência de reação do condutor;Colisão traseira;Com Vítimas Feridas;Pleno dia;Crescente;Sol;Múltipla;Reta;Sim;5;0;2;0;3;0;2;2;-27,52658712;-48,63506019;SPRF-SC;DEL01-SC;UOP01-DEL01-SC
572140;02/01/2024;terça-feira;13:20:00;RN;304;296,5;MACAIBA;Transitar no Acostamento;Colisão lateral mesmo sentido;Com Vítimas Feridas;Pleno dia;Decrescente;Céu Claro;Simples;Interseção de Vias;Sim;2;0;1;0;1;0;1;2;-5,86518353;-35,35265207;SPRF-RN;DEL01-RN;UOP02-DEL01-RN
572141;02/01/2024;terça-feira;13:20:00;SC;101;119,7;ITAJAI;Ausência de reação do condutor;Colisão lateral mesmo sentido;Com Vítimas Feridas;Pleno dia;Decrescente;Céu Claro;Dupla;Reta;Não;2;0;1;0;0;1;1;2;-26,9043179;-48,71555481;SPRF-SC;DEL04-SC;UOP04-DEL04-SC
572142;02/01/2024;terça-feira;13:30:00;MG;381;925,1;ITAPEVA;Chuva;Colisão traseira;Com Vítimas Feridas;Pleno dia;Crescente;Chuva;Dupla;Curva;Não;2;0;1;0;1;0;1;2;-22,777207;-46,23911301;SPRF-MG;DEL16-MG;UOP03-DEL16-MG
572143;02/01/2024;terça-feira;12:45:00;SP;381;17,3;BRAGANCA PAULISTA;Condutor deixou de manter distância do veículo da frente;Engavetamento;Com Vítimas Feridas;Pleno dia;Crescente;Sol;Dupla;"Aclive;Reta";Não;6;0;1;0;4;1;1;5;-22,96631992;-46,48449317;SPRF-SP;DEL03-SP;UOP02-DEL03-SP
572146;02/01/2024;terça-feira;13:30:00;RS;285;540,9;CAIBATE;Pista Escorregadia;Colisão frontal;Com Vítimas Feridas;Pleno dia;Crescente;Chuva;Simples;Reta;Não;2;0;0;2;0;0;2;2;-28,406702;-54,692398;SPRF-RS;DEL10-RS;UOP01-DEL10-RS
572148;02/01/2024;terça-feira;12:40:00;PR;277;39;MORRETES;Demais falhas mecânicas ou elétricas;Incêndio;Sem Vítimas;Pleno dia;Crescente;Céu Claro;Dupla;Aclive;Não;4;0;0;0;4;0;0;1;-25,571233;-48,817137;SPRF-PR;DEL01-PR;UOP05-DEL01-PR
572153;02/01/2024;terça-feira;12:50:00;RO;364;425;JARU;Acessar a via sem observar a presença dos outros veículos;Colisão transversal;Com Vítimas Feridas;Pleno dia;Crescente;Céu Claro;Simples;Interseção de Vias;Não;2;0;0;1;1;0;1;2;-10,438223;-62,47051;SPRF-RO;DEL03-RO;UOP02-DEL03-RO
572154;02/01/2024;terça-feira;14:40:00;RS;290;73,6;GRAVATAI;Chuva;Queda de ocupante de veículo;Com Vítimas Fatais;Pleno dia;Decrescente;Nublado;Dupla;Reta;Não;1;1;0;0;0;0;0;1;-29,952868;-50,986462;SPRF-RS;DEL03-RS;UOP01-DEL03-RS
572155;02/01/2024;terça-feira;15:17:00;RJ;101;67;CAMPOS DOS GOYTACAZES;Condutor deixou de manter distância do veículo da frente;Colisão traseira;Com Vítimas Feridas;Pleno dia;Decrescente;Nublado;Simples;Reta;Sim;6;0;1;0;5;0;1;2;-21,76751094;-41,34876249;SPRF-RJ;DEL08-RJ;UOP02-DEL08-RJ
572156;02/01/2024;terça-feira;13:00:00;RJ;101;295;ITABORAI;Ausência de reação do condutor;Colisão lateral mesmo sentido;Com Vítimas Feridas;Pleno dia;Crescente;Nublado;Dupla;Reta;Sim;3;0;2;0;1;0;2;2;-22,76365068;-42,90223623;SPRF-RJ;DEL02-RJ;UOP02-DEL02-RJ
572157;02/01/2024;terça-feira;12:00:00;SC;470;153;AGRONOMICA;Acumulo de óleo sobre o pavimento;Colisão frontal;Com Vítimas Feridas;Pleno dia;Decrescente;Chuva;Simples;"Aclive;Curva";Não;6;0;5;1;0;0;6;2;-27,272911;-49,734741;SPRF-SC;DEL04-SC;UOP02-DEL04-SC
572160;02/01/2024;terça-feira;14:30:00;PE;232;49,5;VITORIA DE SANTO ANTAO;Acessar a via sem observar a presença dos outros veículos;Colisão traseira;Com Vítimas Feridas;Pleno dia;Decrescente;Céu Claro;Dupla;"Reta;Retorno Regulamentado;Aclive";Não;2;0;1;1;0;0;2;2;-8,143676;-35,314419;SPRF-PE;DEL01-PE;UOP01-DEL01-PE
572163;02/01/2024;terça-feira;15:25:00;SC;101;30,2;JOINVILLE;Manobra de mudança de faixa;Colisão traseira;Com Vítimas Feridas;Pleno dia;Decrescente;Nublado;Dupla;Viaduto;Não;4;0;1;0;2;1;1;3;-26,216931;-48,91612807;SPRF-SC;DEL03-SC;UOP01-DEL03-SC
572164;02/01/2024;terça-feira;14:50:00;CE;222;205;FORQUILHA;Ausência de reação do condutor;Saída de leito carroçável;Com Vítimas Feridas;Pleno dia;Crescente;Chuva;Simples;Curva;Não;5;0;5;0;0;0;5;1;-3,781798;-40,230502;SPRF-CE;DEL04-CE;UOP01-DEL04-CE
572165;02/01/2024;terça-feira;14:40:00;MS;163;162;JUTI;Ausência de reação do condutor;Colisão traseira;Com Vítimas Feridas;Pleno dia;Crescente;Céu Claro;Simples;Reta;Não;2;0;1;0;1;0;1;2;-22,90973524;-54,52748811;SPRF-MS;DEL09-MS;UOP01-DEL09-MS
572166;02/01/2024;terça-feira;11:45:00;RJ;101;294;ITABORAI;Pedestre cruzava a pista fora da faixa;Atropelamento de Pedestre;Com Vítimas Feridas;Pleno dia;Crescente;Céu Claro;Dupla;Reta;Não;3;0;2;1;0;0;3;2;-22,7584434;-42,89502344;SPRF-RJ;DEL02-RJ;UOP02-DEL02-RJ
572167;02/01/2024;terça-feira;12:48:00;RO;364;617;ITAPUA DO OESTE;Reação tardia ou ineficiente do condutor;Saída de leito carroçável;Com Vítimas Feridas;Pleno dia;Decrescente;Nublado;Simples;Reta;Não;3;0;1;1;1;0;2;1;-9,10673501;-63,26770706;SPRF-RO;DEL01-RO;UOP04-DEL01-RO
572169;02/01/2024;terça-feira;15:10:00;PR;158;515,7;PATO BRANCO;Chuva;Colisão frontal;Com Vítimas Fatais;Pleno dia;Decrescente;Chuva;Simples;"Aclive;Curva";Não;7;2;2;3;0;0;5;2;-26,04287282;-52,62090924;SPRF-PR;DEL02-PR;UOP01-DEL02-PR
572171;02/01/2024;terça-feira;15:25:00;RS;158;333,2;SANTA MARIA;Desrespeitar a preferência no cruzamento;Colisão transversal;Com Vítimas Feridas;Pleno dia;Crescente;Céu Claro;Dupla;"Reta;Interseção de Vias;Rotatória;Aclive";Sim;3;0;0;1;1;1;1;3;-29,706993;-53,852287;SPRF-RS;DEL09-RS;UOP01-DEL09-RS
572172;02/01/2024;terça-feira;15:10:00;MG;40;771,3;JUIZ DE FORA;Ausência de reação do condutor;Colisão com objeto;Com Vítimas Feridas;Pleno dia;Decrescente;Nublado;Simples;Interseção de Vias;Não;1;0;0;1;0;0;1;1;-21,60932712;-43,45892723;SPRF-MG;DEL05-MG;UOP01-DEL05-MG
572174;02/01/2024;terça-feira;15:50:00;PE;101;83;JABOATAO DOS GUARARAPES;Demais falhas mecânicas ou elétricas;Colisão com objeto;Com Vítimas Feridas;Pleno dia;Crescente;Céu Claro;Dupla;Viaduto;Sim;2;0;2;0;0;0;2;1;-8,175172;-34,942642;SPRF-PE;DEL01-PE;UOP01-DEL01-PE
572176;02/01/2024;terça-feira;16:00:00;PB;230;26;JOAO PESSOA;Ausência de reação do condutor;Tombamento;Com Vítimas Feridas;Pleno dia;Crescente;Céu Claro;Múltipla;Reta;Sim;2;0;0;2;0;0;2;1;-7,1693;-34,8782;SPRF-PB;DEL01-PB;UOP01-DEL01-PB
572177;02/01/2024;terça-feira;15:40:00;MG;381;592,5;CARMOPOLIS DE MINAS;Reação tardia ou ineficiente do condutor;Colisão traseira;Com Vítimas Feridas;Pleno dia;Decrescente;Chuva;Dupla;Reta;Não;3;0;1;0;2;0;1;2;-20,5606551;-44,66372609;SPRF-MG;DEL04-MG;UOP01-DEL04-MG
572179;02/01/2024;terça-feira;15:40:00;SP;101;44,5;UBATUBA;Acessar a via sem observar a presença dos outros veículos;Colisão transversal;Com Vítimas Feridas;Pleno dia;Crescente;Céu Claro;Dupla;"Interseção de Vias;Reta";Não;5;0;1;0;4;0;1;2;-23,41014346;-45,06455371;SPRF-SP;DEL06-SP;UOP01-DEL06-SP
572180;02/01/2024;terça-feira;12:40:00;MG;153;88;PRATA;Pista Escorregadia;Capotamento;Com Vítimas Feridas;Pleno dia;Crescente;Nublado;Simples;"Declive;Curva";Não;5;0;4;0;1;0;4;1;-19,12589594;-48,96661173;SPRF-MG;DEL15-MG;UOP03-DEL15-MG
572182;02/01/2024;terça-feira;15:30:00;SC;101;72,7;ARAQUARI;Manobra de mudança de faixa;Colisão lateral mesmo sentido;Com Vítimas Feridas;Pleno dia;Decrescente;Nublado;Dupla;Reta;Sim;3;0;2;0;1;0;2;2;-26,52700004;-48,71551117;SPRF-SC;DEL03-SC;UOP02-DEL03-SC
572183;02/01/2024;terça-feira;15:45:00;BA;324;622;SALVADOR;Velocidade Incompatível;Colisão traseira;Com Vítimas Feridas;Pleno dia;Decrescente;Sol;Múltipla;Reta;Sim;2;0;1;0;1;0;1;2;-12,91888605;-38,46502095;SPRF-BA;DEL01-BA;UOP01-DEL01-BA
572184;02/01/2024;terça-feira;16:23:00;PB;230;24;JOAO PESSOA;Manobra de mudança de faixa;Colisão lateral mesmo sentido;Com Vítimas Feridas;Pleno dia;Crescente;Sol;Dupla;"Desvio Temporário;Curva;Em Obras";Sim;2;0;0;1;1;0;1;2;-7,16824927;-34,86437664;SPRF-PB;DEL01-PB;UOP01-DEL01-PB
572185;02/01/2024;terça-feira;08:20:00;SC;282;310;VARGEM;Velocidade Incompatível;Colisão frontal;Com Vítimas Feridas;Pleno dia;Decrescente;Céu Claro;Simples;"Aclive;Curva";Não;9;0;3;0;6;0;3;2;-27,49235971;-50,97266793;SPRF-SC;DEL07-SC;UOP06-DEL07-SC