id;data_inversa;dia_semana;horario;uf;br;km;municipio;causa_acidente;tipo_acidente;classificacao_acidente;fase_dia;sentido_via;condicao_metereologica;tipo_pista;tracado_via;uso_solo;pessoas;mortos;feridos_leves;feridos_graves;ilesos;ignorados;feridos;veiculos;latitude;longitude;regional;delegacia;uop
572186;02/01/2024;terça-feira;14:00:00;PE;316;22;ARARIPINA;Reação tardia ou ineficiente do condutor;Colisão com objeto;Com Vítimas Fatais;Pleno dia;Crescente;Nublado;Simples;"Aclive;Reta";Sim;1;1;0;0;0;0;0;1;-7,57538187;-40,51709091;SPRF-PE;DEL05-PE;UOP02-DEL05-PE
572187;02/01/2024;terça-feira;14:45:00;SC;282;135,2;BOM RETIRO;Acessar a via sem observar a presença dos outros veículos;Colisão transversal;Com Vítimas Feridas;Pleno dia;Crescente;Chuva;Simples;Curva;Não;4;0;2;0;2;0;2;2;-27,81867689;-49,55057144;SPRF-SC;DEL05-SC;UOP01-DEL05-SC
572189;02/01/2024;terça-feira;16:00:00;RJ;101;291;ITABORAI;Reação tardia ou ineficiente do condutor;Colisão traseira;Com Vítimas Feridas;Pleno dia;Crescente;Céu Claro;Dupla;Reta;Sim;7;0;1;0;6;0;1;5;-22,76457445;-42,86989322;SPRF-RJ;DEL02-RJ;UOP02-DEL02-RJ
572191;02/01/2024;terça-feira;14:30:00;SC;282;211,5;LAGES;Ausência de reação do condutor;Colisão traseira;Sem Vítimas;Pleno dia;Crescente;Chuva;Simples;"Aclive;Reta";Não;3;0;0;0;3;0;0;3;-27,780222;-50,241741;SPRF-SC;DEL05-SC;UOP01-DEL05-SC
572193;02/01/2024;terça-feira;16:00:00;PI;316;392;ALEGRETE DO PIAUI;Acessar a via sem observar a presença dos outros veículos;Tombamento;Com Vítimas Feridas;Pleno dia;Decrescente;Céu Claro;Dupla;Reta;Sim;1;0;1;0;0;0;1;1;-7,29317616;-40,8198092;SPRF-PI;DEL04-PI;UOP03-DEL04-PI
572194;02/01/2024;terça-feira;16:40:00;RN;101;94;NATAL;Pedestre cruzava a pista fora da faixa;Atropelamento de Pedestre;Com Vítimas Feridas;Pleno dia;Crescente;Céu Claro;Múltipla;Reta;Sim;2;0;1;0;1;0;1;2;-5,83176615;-35,21191342;SPRF-RN;DEL01-RN;UOP01-DEL01-RN
572195;02/01/2024;terça-feira;15:00:00;MG;381;230;NAQUE;Condutor deixou de manter distância do veículo da frente;Engavetamento;Sem Vítimas;Pleno dia;Crescente;Céu Claro;Simples;Ponte;Sim;6;0;0;0;6;0;0;3;-19,23161566;-42,3276797;SPRF-MG;DEL06-MG;UOP01-DEL06-MG
572196;02/01/2024;terça-feira;16:40:00;GO;364;376;SANTA RITA DO ARAGUAIA;Reação tardia ou ineficiente do condutor;Colisão traseira;Com Vítimas Feridas;Pleno dia;Decrescente;Céu Claro;Simples;Curva;Não;4;0;1;0;3;0;1;2;-17,380096;-53,131821;SPRF-GO;DEL05-GO;UOP01-DEL05-GO
572197;02/01/2024;terça-feira;17:10:00;RS;287;248,4;SANTA MARIA;Conversão proibida;Colisão transversal;Com Vítimas Feridas;Pleno dia;Crescente;Céu Claro;Simples;"Em Obras;Reta";Sim;3;0;2;1;0;0;3;2;-29,696114;-53,850295;SPRF-RS;DEL09-RS;UOP01-DEL09-RS
572198;02/01/2024;terça-feira;15:30:00;MT;163;937;ITAUBA;Condutor deixou de manter distância do veículo da frente;Engavetamento;Sem Vítimas;Pleno dia;Crescente;Sol;Simples;"Reta;Aclive";Não;4;0;0;0;4;0;0;4;-11,111434;-55,30521;SPRF-MT;DEL06-MT;UOP02-DEL06-MT
572199;02/01/2024;terça-feira;17:40:00;ES;101;222,5;IBIRACU;Ausência de reação do condutor;Queda de ocupante de veículo;Com Vítimas Feridas;Pleno dia;Crescente;Chuva;Simples;Curva;Não;1;0;1;0;0;0;1;1;-19,86967622;-40,40915873;SPRF-ES;DEL02-ES;UOP01-DEL02-ES
572200;02/01/2024;terça-feira;17:42:00;MG;50;86,5;UBERLANDIA;Velocidade Incompatível;Saída de leito carroçável;Com Vítimas Feridas;Pleno dia;Decrescente;Nublado;Dupla;Reta;Não;2;0;2;0;0;0;2;1;-19,017713;-48,20603;SPRF-MG;DEL15-MG;UOP01-DEL15-MG
572201;02/01/2024;terça-feira;16:30:00;PR;476;349;PAULA FREITAS;Chuva;Saída de leito carroçável;Sem Vítimas;Pleno dia;Crescente;Chuva;Simples;Reta;Não;9;0;0;0;9;0;0;2;-26,183485;-50,969498;SPRF-PR;DEL02-PR;UOP03-DEL02-PR
572202;02/01/2024;terça-feira;17:40:00;PR;277;315;GUARAPUAVA;Reação tardia ou ineficiente do condutor;Saída de leito carroçável;Com Vítimas Feridas;Pleno dia;Crescente;Chuva;Simples;"Aclive;Reta";Não;4;0;1;0;3;0;1;1;-25,30825309;-51,20948921;SPRF-PR;DEL08-PR;UOP01-DEL08-PR
572203;02/01/2024;terça-feira;17:45:00;RS;116;523,2;PELOTAS;Ausência de reação do condutor;Tombamento;Com Vítimas Feridas;Pleno dia;Crescente;Sol;Dupla;Reta;Sim;1;0;0;1;0;0;1;1;-31,72136584;-52,38140629;SPRF-RS;DEL07-RS;UOP01-DEL07-RS
572207;02/01/2024;terça-feira;16:15:00;RS;158;362;DILERMANDO DE AGUIAR;Ausência de reação do condutor;Saída de leito carroçável;Com Vítimas Feridas;Pleno dia;Crescente;Céu Claro;Simples;Curva;Não;2;0;2;0;0;0;2;1;-29,7920903;-54,11865234;SPRF-RS;DEL09-RS;UOP01-DEL09-RS
572208;02/01/2024;terça-feira;16:40:00;RJ;101;312;SAO GONCALO;Trafegar com motocicleta (ou similar) entre as faixas;Colisão traseira;Com Vítimas Feridas;Pleno dia;Decrescente;Céu Claro;Dupla;Reta;Sim;2;0;1;0;1;0;1;2;-22,80546555;-43,06156967;SPRF-RJ;DEL02-RJ;UOP02-DEL02-RJ
572210;02/01/2024;terça-feira;17:35:00;MS;163;484;CAMPO GRANDE;Acessar a via sem observar a presença dos outros veículos;Colisão transversal;Com Vítimas Feridas;Pleno dia;Crescente;Céu Claro;Simples;"Interseção de Vias;Reta";Sim;2;0;2;0;0;0;2;2;-20,45104898;-54,5403266;SPRF-MS;DEL01-MS;UOP02-DEL01-MS
572211;02/01/2024;terça-feira;18:10:00;PB;230;145;CAMPINA GRANDE;Acessar a via sem observar a presença dos outros veículos;Colisão transversal;Com Vítimas Feridas;Plena Noite;Decrescente;Céu Claro;Dupla;"Reta;Retorno Regulamentado";Sim;2;0;1;0;1;0;1;2;-7,2512;-35,8399;SPRF-PB;DEL02-PB;UOP01-DEL02-PB
572212;02/01/2024;terça-feira;17:30:00;MG;381;732,5;CARMO DA CACHOEIRA;Velocidade Incompatível;Saída de leito carroçável;Com Vítimas Feridas;Pleno dia;Decrescente;Chuva;Dupla;Curva;Não;4;0;2;0;2;0;2;2;-21,55413799;-45,24499427;SPRF-MG;DEL16-MG;UOP02-DEL16-MG
572213;02/01/2024;terça-feira;08:00:00;RO;364;687;CANDEIAS DO JAMARI;Demais falhas mecânicas ou elétricas;Queda de ocupante de veículo;Com Vítimas Feridas;Pleno dia;Decrescente;Céu Claro;Simples;Reta;Não;2;0;2;0;0;0;2;1;-8,79239259;-63,65100604;SPRF-RO;DEL01-RO;UOP01-DEL01-RO
572214;02/01/2024;terça-feira;17:00:00;CE;116;374,3;ICO;Ingestão de álcool pelo condutor;Saída de leito carroçável;Com Vítimas Feridas;Pleno dia;Crescente;Céu Claro;Simples;Reta;Sim;2;0;2;0;0;0;2;1;-6,38981779;-38,82378617;SPRF-CE;DEL05-CE;UOP01-DEL05-CE
572215;02/01/2024;terça-feira;17:35:00;CE;222;2,7;FORTALEZA;Entrada inopinada do pedestre;Atropelamento de Pedestre;Com Vítimas Fatais;Anoitecer;Decrescente;Céu Claro;Dupla;"Reta;Interseção de Vias";Sim;4;1;1;0;0;2;1;2;-3,74021007;-38,59374225;SPRF-CE;DEL01-CE;UOP01-DEL01-CE
572216;02/01/2024;terça-feira;18:45:00;SC;282;16,3;PALHOCA;Acessar a via sem observar a presença dos outros veículos;Colisão transversal;Com Vítimas Feridas;Anoitecer;Crescente;Garoa/Chuvisco;Simples;Interseção de Vias;Sim;2;0;1;0;1;0;1;2;-27,658611;-48,681847;SPRF-SC;DEL01-SC;UOP02-DEL01-SC
572217;02/01/2024;terça-feira;18:05:00;CE;304;47,5;ARACATI;Velocidade Incompatível;Colisão traseira;Com Vítimas Feridas;Plena Noite;Decrescente;Céu Claro;Dupla;"Reta;Ponte";Sim;3;0;2;0;0;1;2;2;-4,57723773;-37,78490067;SPRF-CE;DEL03-CE;UOP03-DEL03-CE
572218;02/01/2024;terça-feira;17:20:00;PR;153;358;REBOUCAS;Reação tardia ou ineficiente do condutor;Saída de leito carroçável;Sem Vítimas;Pleno dia;Crescente;Chuva;Simples;Curva;Não;1;0;0;0;1;0;0;1;-25,66294277;-50,7370991;SPRF-PR;DEL08-PR;UOP02-DEL08-PR
572219;02/01/2024;terça-feira;14:00:00;PE;428;43;OROCO;Acessar a via sem observar a presença dos outros veículos;Colisão frontal;Com Vítimas Feridas;Pleno dia;Crescente;Céu Claro;Simples;Reta;Não;3;0;2;0;1;0;2;2;-8,57544913;-39,58080878;SPRF-PE;DEL05-PE;UOP03-DEL05-PE
572220;02/01/2024;terça-feira;18:50:00;RN;110;49,8;MOSSORO;Ausência de reação do condutor;Colisão traseira;Com Vítimas Feridas;Plena Noite;Crescente;Céu Claro;Dupla;Reta;Sim;2;0;1;0;1;0;1;2;-5,21645975;-37,32927128;SPRF-RN;DEL04-RN;UOP01-DEL04-RN
572222;02/01/2024;terça-feira;18:25:00;RS;470;222;GARIBALDI;Velocidade Incompatível;Saída de leito carroçável;Com Vítimas Feridas;Anoitecer;Decrescente;Chuva;Dupla;Reta;Não;4;0;2;0;2;0;2;1;-29,20372835;-51,51786908;SPRF-RS;DEL06-RS;UOP01-DEL06-RS
572223;02/01/2024;terça-feira;19:30:00;RJ;101;274;TANGUA;Ausência de reação do condutor;Colisão traseira;Com Vítimas Feridas;Plena Noite;Crescente;Céu Claro;Dupla;Reta;Não;2;0;1;0;1;0;1;2;-22,73506292;-42,71948103;SPRF-RJ;DEL02-RJ;UOP03-DEL02-RJ
572225;02/01/2024;terça-feira;15:10:00;MG;381;215,3;NAQUE;Ultrapassagem Indevida;Colisão lateral sentido oposto;Com Vítimas Feridas;Pleno dia;Crescente;Céu Claro;Simples;Reta;Não;2;0;1;0;1;0;1;2;-19,23212467;-42,32837331;SPRF-MG;DEL06-MG;UOP01-DEL06-MG
572227;02/01/2024;terça-feira;19:32:00;PI;343;1,5;TERESINA;Condutor deixou de manter distância do veículo da frente;Colisão traseira;Com Vítimas Feridas;Plena Noite;Crescente;Ignorado;Dupla;Interseção de Vias;Sim;2;0;1;0;1;0;1;2;-5,089569;-42,802288;SPRF-PI;DEL01-PI;UOP01-DEL01-PI
572229;02/01/2024;terça-feira;20:00:00;PR;376;650;TIJUCAS DO SUL;Reação tardia ou ineficiente do condutor;Colisão lateral mesmo sentido;Com Vítimas Feridas;Plena Noite;Decrescente;Céu Claro;Dupla;Reta;Não;4;0;2;0;1;1;2;3;-25,84564757;-49,08816197;SPRF-PR;DEL01-PR;UOP04-DEL01-PR
572230;02/01/2024;terça-feira;12:00:00;RO;364;429;JARU;Ausência de reação do condutor;Queda de ocupante de veículo;Com Vítimas Feridas;Pleno dia;Decrescente;Céu Claro;Simples;Curva;Não;1;0;1;0;0;0;1;1;-10,41628317;-62,5026501;SPRF-RO;DEL03-RO;UOP02-DEL03-RO
572231;02/01/2024;terça-feira;19:10:00;BA;116;567;NOVA ITARANA;Acesso irregular;Colisão frontal;Com Vítimas Feridas;Plena Noite;Crescente;Céu Claro;Simples;Retorno Regulamentado;Não;4;0;2;0;2;0;2;2;-12,98625197;-39,94414505;SPRF-BA;DEL03-BA;UOP02-DEL03-BA
572232;02/01/2024;terça-feira;20:00:00;SP;116;432;REGISTRO;Desvio temporário;Saída de leito carroçável;Com Vítimas Feridas;Plena Noite;Decrescente;Céu Claro;Dupla;Reta;Não;6;0;5;0;1;0;5;1;-24,416593;-47,76187;SPRF-SP;DEL05-SP;UOP01-DEL05-SP
572233;02/01/2024;terça-feira;20:00:00;PE;232;5,8;RECIFE;Condutor deixou de manter distância do veículo da frente;Colisão traseira;Com Vítimas Feridas;Plena Noite;Decrescente;Céu Claro;Múltipla;Reta;Não;2;0;0;1;0;1;1;2;-8,06795766;-34,94535414;SPRF-PE;DEL01-PE;UOP01-DEL01-PE
572234;02/01/2024;terça-feira;15:00:00;SC;101;131;BALNEARIO CAMBORIU;Reação tardia ou ineficiente do condutor;Colisão lateral mesmo sentido;Com Vítimas Feridas;Pleno dia;Decrescente;Chuva;Dupla;Reta;Sim;2;0;1;0;1;0;1;2;-26,99064209;-48,66310912;SPRF-SC;DEL04-SC;UOP03-DEL04-SC
572237;02/01/2024;terça-feira;18:35:00;SC;101;137;BALNEARIO CAMBORIU;Manobra de mudança de faixa;Colisão traseira;Com Vítimas Feridas;Anoitecer;Crescente;Nublado;Múltipla;Reta;Sim;2;0;1;0;1;0;1;2;-27,0157238;-48,61192763;SPRF-SC;DEL04-SC;UOP03-DEL04-SC
572238;02/01/2024;terça-feira;20:30:00;SC;101;204;SAO JOSE;Reação tardia ou ineficiente do condutor;Colisão traseira;Com Vítimas Feridas;Plena Noite;Decrescente;Garoa/Chuvisco;Dupla;Aclive;Sim;2;0;0;1;1;0;1;2;-27,57413014;-48,61363083;SPRF-SC;DEL01-SC;UOP01-DEL01-SC
572239;02/01/2024;terça-feira;19:55:00;MS;163;232;CAARAPO;Demais falhas mecânicas ou elétricas;Tombamento;Com Vítimas Feridas;Plena Noite;Crescente;Céu Claro;Dupla;Reta;Não;2;0;1;0;1;0;1;1;-22,44905506;-54,83362894;SPRF-MS;DEL04-MS;UOP02-DEL04-MS
572240;02/01/2024;terça-feira;20:55:00;SC;101;130,4;BALNEARIO CAMBORIU;Ausência de reação do condutor;Colisão traseira;Com Vítimas Feridas;Plena Noite;Decrescente;Chuva;Dupla;Reta;Não;2;0;1;0;1;0;1;2;-26,98407618;-48,66977107;SPRF-SC;DEL04-SC;UOP03-DEL04-SC
572241;02/01/2024;terça-feira;15:40:00;MT;70;162;GENERAL CARNEIRO;Ausência de reação do condutor;Saída de leito carroçável;Com Vítimas Feridas;Pleno dia;Decrescente;Nublado;Simples;"Declive;Reta";Não;4;0;3;1;0;0;4;1;-15,56570581;-53,46899267;SPRF-MT;DEL05-MT;UOP01-DEL05-MT
572242;02/01/2024;terça-feira;19:25:00;SC;101;61,9;ARAQUARI;Manobra de mudança de faixa;Colisão traseira;Com Vítimas Feridas;Plena Noite;Decrescente;Nublado;Dupla;Reta;Não;3;0;2;0;1;0;2;2;-26,454849;-48,767477;SPRF-SC;DEL03-SC;UOP02-DEL03-SC
572243;02/01/2024;terça-feira;17:00:00;SC;282;72;RANCHO QUEIMADO;Reação tardia ou ineficiente do condutor;Colisão frontal;Com Vítimas Feridas;Pleno dia;Crescente;Chuva;Simples;Curva;Não;3;0;3;0;0;0;3;2;-27,683439;-49,105259;SPRF-SC;DEL01-SC;UOP03-DEL01-SC
572245;02/01/2024;terça-feira;18:30:00;RS;158;327;SANTA MARIA;Acessar a via sem observar a presença dos outros veículos;Colisão transversal;Com Vítimas Feridas;Pleno dia;Crescente;Céu Claro;Dupla;"Reta;Em Obras";Sim;2;0;0;1;1;0;1;2;-29,71044745;-53,8210237;SPRF-RS;DEL09-RS;UOP01-DEL09-RS
572246;02/01/2024;terça-feira;20:30:00;SP;381;37,5;ATIBAIA;Reação tardia ou ineficiente do condutor;Colisão lateral mesmo sentido;Com Vítimas Feridas;Plena Noite;Crescente;Céu Claro;Dupla;"Reta;Declive";Sim;2;0;1;0;1;0;1;2;-23,10506237;-46,56881577;SPRF-SP;DEL03-SP;UOP01-DEL03-SP
572248;02/01/2024;terça-feira;20:26:00;PE;232;9;JABOATAO DOS GUARARAPES;Desrespeitar a preferência no cruzamento;Colisão transversal;Com Vítimas Feridas;Plena Noite;Crescente;Céu Claro;Dupla;Reta;Sim;2;0;0;2;0;0;2;2;-8,07764447;-34,97863609;SPRF-PE;DEL01-PE;UOP01-DEL01-PE
572249;02/01/2024;terça-feira;21:00:00;SC;470;65,1;INDAIAL;Acessar a via sem observar a presença dos outros veículos;Colisão traseira;Com Vítimas Feridas;Plena Noite;Crescente;Garoa/Chuvisco;Simples;"Declive;Reta;Em Obras";Sim;2;0;0;1;1;0;1;2;-26,87035342;-49,21186209;SPRF-SC;DEL04-SC;UOP01-DEL04-SC
572250;02/01/2024;terça-feira;18:02:00;PI;343;548;FRANCISCO AYRES;Reação tardia ou ineficiente do condutor;Saída de leito carroçável;Com Vítimas Feridas;Anoitecer;Decrescente;Nublado;Simples;Reta;Não;3;0;3;0;0;0;3;1;-6,596315;-42,807438;SPRF-PI;DEL03-PI;UOP01-DEL03-PI
572252;02/01/2024;terça-feira;22:00:00;RS;116;249;SAO LEOPOLDO;Velocidade Incompatível;Tombamento;Com Vítimas Feridas;Plena Noite;Decrescente;Nublado;Múltipla;"Reta;Viaduto";Sim;1;0;1;0;0;0;1;1;-29,7831804;-51,16099063;SPRF-RS;DEL01-RS;UOP02-DEL01-RS
572254;02/01/2024;terça-feira;16:45:00;PI;135;556;SAO GONCALO DO GURGUEIA;Ausência de reação do condutor;Colisão com objeto;Com Vítimas Feridas;Pleno dia;Crescente;Chuva;Simples;"Declive;Curva";Não;3;0;3;0;0;0;3;1;-10,14113986;-45,20179291;SPRF-PI;DEL03-PI;UOP02-DEL03-PI
572255;02/01/2024;terça-feira;21:00:00;GO;70;34;COCALZINHO DE GOIAS;Demais falhas mecânicas ou elétricas;Incêndio;Sem Vítimas;Plena Noite;Decrescente;Chuva;Simples;Reta;Não;1;0;0;0;0;1;0;1;-15,78552378;-48,48180875;SPRF-DF;DEL03-DF;UOP02-DEL03-DF
572256;02/01/2024;terça-feira;21:30:00;SC;101;210,7;SAO JOSE;Ultrapassagem Indevida;Colisão com objeto;Sem Vítimas;Plena Noite;Crescente;Chuva;Dupla;Reta;Sim;7;0;0;0;2;5;0;5;-27,62329313;-48,65245588;SPRF-SC;DEL01-SC;UOP01-DEL01-SC
572257;02/01/2024;terça-feira;19:52:00;GO;50;226;CAMPO ALEGRE DE GOIAS;Ausência de reação do condutor;Saída de leito carroçável;Sem Vítimas;Plena Noite;Decrescente;Nublado;Dupla;Reta;Não;3;0;0;0;3;0;0;1;-17,7713;-47,7494;SPRF-GO;DEL06-GO;UOP01-DEL06-GO
572258;02/01/2024;terça-feira;22:50:00;CE;116;16,8;EUSEBIO;Condutor deixou de manter distância do veículo da frente;Colisão traseira;Sem Vítimas;Plena Noite;Crescente;Céu Claro;Dupla;Declive;Sim;2;0;0;0;2;0;0;2;-3,88732794;-38,50185439;SPRF-CE;DEL01-CE;UOP02-DEL01-CE
572261;02/01/2024;terça-feira;22:15:00;RN;101;83,7;NATAL;Entrada inopinada do pedestre;Atropelamento de Pedestre;Com Vítimas Feridas;Plena Noite;Crescente;Chuva;Múltipla;Reta;Sim;2;0;1;1;0;0;2;2;-5,7710445;-35,26616981;SPRF-RN;DEL02-RN;UOP01-DEL02-RN
572263;02/01/2024;terça-feira;16:15:00;PI;135;556;SAO GONCALO DO GURGUEIA;Pista Escorregadia;Colisão com objeto;Com Vítimas Feridas;Pleno dia;Crescente;Chuva;Simples;"Declive;Curva";Não;3;0;2;0;1;0;2;1;-10,14113986;-45,20179291;SPRF-PI;DEL03-PI;UOP02-DEL03-PI
572264;02/01/2024;terça-feira;14:00:00;PI;135;556;SAO GONCALO DO GURGUEIA;Pista Escorregadia;Saída de leito carroçável;Com Vítimas Feridas;Pleno dia;Crescente;Chuva;Simples;"Declive;Curva";Não;2;0;1;0;1;0;1;1;-10,14113986;-45,20179291;SPRF-PI;DEL03-PI;UOP02-DEL03-PI
572267;02/01/2024;terça-feira;22:35:00;SP;116;65;GUARATINGUETA;Ausência de reação do condutor;Saída de leito carroçável;Com Vítimas Feridas;Plena Noite;Crescente;Chuva;Dupla;Curva;Sim;1;0;1;0;0;0;1;1;-22,823273;-45,192806;SPRF-SP;DEL08-SP;UOP01-DEL08-SP
572268;02/01/2024;terça-feira;22:42:00;PR;153;41,6;SANTO ANTONIO DA PLATINA;Transitar na contramão;Colisão frontal;Com Vítimas Feridas;Plena Noite;Crescente;Céu Claro;Simples;"Rotatória;Reta;Interseção de Vias";Sim;2;0;2;0;0;0;2;2;-23,29400513;-50,06425202;SPRF-PR;DEL07-PR;UOP04-DEL07-PR
572269;02/01/2024;terça-feira;23:30:00;SP;116;215;GUARULHOS;Ingestão de álcool pelo condutor;Colisão com objeto;Sem Vítimas;Plena Noite;Decrescente;Céu Claro;Múltipla;Reta;Sim;1;0;0;0;1;0;0;1;-23,44695693;-46,45394103;SPRF-SP;DEL01-SP;UOP01-DEL01-SP
572272;02/01/2024;terça-feira;23:00:00;GO;20;130;FLORES DE GOIAS;Chuva;Saída de leito carroçável;Sem Vítimas;Plena Noite;Crescente;Chuva;Simples;Reta;Não;3;0;0;0;3;0;0;1;-14,84403;-46,738926;SPRF-DF;DEL02-DF;UOP03-DEL02-DF
572273;02/01/2024;terça-feira;23:30:00;SC;282;6;SAO JOSE;Acumulo de água sobre o pavimento;Queda de ocupante de veículo;Com Vítimas Feridas;Plena Noite;Crescente;Chuva;Dupla;Curva;Não;2;0;2;0;0;0;2;1;-27,591936;-48,618244;SPRF-SC;DEL01-SC;UOP01-DEL01-SC
572274;02/01/2024;terça-feira;23:55:00;SC;101;307,9;LAGUNA;Acessar a via sem observar a presença dos outros veículos;Colisão transversal;Com Vítimas Feridas;Plena Noite;Crescente;Céu Claro;Simples;"Interseção de Vias;Reta";Sim;2;0;0;1;1;0;1;2;-28,399616;-48,7854;SPRF-SC;DEL02-SC;UOP01-DEL02-SC
572275;03/01/2024;quarta-feira;01:00:00;RS;290;44,5;GLORINHA;Condutor Dormindo;Colisão lateral mesmo sentido;Com Vítimas Feridas;Plena Noite;Crescente;Céu Claro;Dupla;Reta;Não;5;0;2;0;3;0;2;3;-29,890198;-50,709991;SPRF-RS;DEL03-RS;UOP01-DEL03-RS
572276;02/01/2024;terça-feira;22:30:00;SC;101;16;GARUVA;Avarias e/ou desgaste excessivo no pneu;Saída de leito carroçável;Com Vítimas Feridas;Plena Noite;Decrescente;Nublado;Dupla;"Aclive;Reta";Não;2;0;2;0;0;0;2;1;-26,11427473;-48,87647034;SPRF-SC;DEL03-SC;UOP01-DEL03-SC
572278;03/01/2024;quarta-feira;01:40:00;MG;40;561,8;NOVA LIMA;Condutor Dormindo;Saída de leito carroçável;Com Vítimas Feridas;Plena Noite;Decrescente;Nublado;Dupla;Reta;Não;3;0;2;0;1;0;2;1;-20,13588082;-43,96237943;SPRF-MG;DEL01-MG;UOP02-DEL01-MG
572279;02/01/2024;terça-feira;14:00:00;PR;376;546,6;BALSA NOVA;Reação tardia ou ineficiente do condutor;Saída de leito carroçável;Com Vítimas Feridas;Pleno dia;Crescente;Céu Claro;Dupla;Curva;Não;1;0;1;0;0;0;1;1;-25,43761654;-49,75068569;SPRF-PR;DEL03-PR;UOP03-DEL03-PR
572280;02/01/2024;terça-feira;23:30:00;PI;316;5;TERESINA;Ausência de reação do condutor;Colisão traseira;Com Vítimas Fatais;Plena Noite;Crescente;Chuva;Simples;"Reta;Interseção de Vias";Sim;2;1;1;0;0;0;1;2;-5,1418527;-42,78200626;SPRF-PI;DEL01-PI;UOP02-DEL01-PI
572281;03/01/2024;quarta-feira;02:25:00;SC;101;189;BIGUACU;Pista Escorregadia;Colisão lateral mesmo sentido;Com Vítimas Feridas;Plena Noite;Crescente;Chuva;Dupla;Curva;Não;7;0;1;0;6;0;1;3;-27,459393;-48,638914;SPRF-SC;DEL01-SC;UOP01-DEL01-SC
572282;03/01/2024;quarta-feira;02:40:00;RJ;116;232;PIRAI;Acumulo de água sobre o pavimento;Saída de leito carroçável;Com Vítimas Feridas;Plena Noite;Crescente;Garoa/Chuvisco;Dupla;Curva;Não;2;0;1;0;1;0;1;1;-22,65604007;-43,83713888;SPRF-RJ;DEL07-RJ;UOP01-DEL07-RJ
572283;03/01/2024;quarta-feira;03:30:00;MG;40;611,2;CONGONHAS;Reação tardia ou ineficiente do condutor;Colisão com objeto;Com Vítimas Feridas;Plena Noite;Decrescente;Nublado;Simples;"Retorno Regulamentado;Curva";Sim;3;0;3;0;0;0;3;1;-20,51549567;-43,83886803;SPRF-MG;DEL05-MG;UOP02-DEL05-MG
572286;03/01/2024;quarta-feira;04:12:00;RJ;116;171;RIO DE JANEIRO;Iluminação deficiente;Atropelamento de Pedestre;Com Vítimas Fatais;Plena Noite;Decrescente;Céu Claro;Dupla;Reta;Sim;4;1;0;0;3;0;0;4;-22,8060415;-43,34289573;SPRF-RJ;DEL06-RJ;UOP01-DEL06-RJ
572288;03/01/2024;quarta-feira;05:35:00;BA;110;4;PAULO AFONSO;Acessar a via sem observar a presença dos outros veículos;Colisão frontal;Com Vítimas Feridas;Amanhecer;Decrescente;Céu Claro;Simples;"Interseção de Vias;Reta";Não;2;0;0;1;0;1;1;2;-9,48807313;-38,21260176;SPRF-BA;DEL07-BA;UOP01-DEL07-BA
572290;03/01/2024;quarta-feira;05:40:00;GO;153;443;ANAPOLIS;Reação tardia ou ineficiente do condutor;Colisão traseira;Com Vítimas Feridas;Amanhecer;Crescente;Céu Claro;Dupla;Viaduto;Sim;2;0;1;0;1;0;1;2;-16,334681;-48,922447;SPRF-GO;DEL02-GO;UOP01-DEL02-GO
572292;03/01/2024;quarta-feira;05:30:00;MG;381;454;BELO HORIZONTE;Condutor Dormindo;Colisão frontal;Com Vítimas Feridas;Pleno dia;Decrescente;Nublado;Simples;Reta;Sim;2;0;0;1;1;0;1;2;-19,841331;-43,871225;SPRF-MG;DEL01-MG;UOP01-DEL01-MG
572296;03/01/2024;quarta-feira;04:55:00;MG;381;590,9;CARMOPOLIS DE MINAS;Ausência de reação do condutor;Colisão traseira;Com Vítimas Feridas;Amanhecer;Decrescente;Chuva;Dupla;Curva;Não;5;0;4;0;1;0;4;2;-20,547;-44,65797;SPRF-MG;DEL04-MG;UOP01-DEL04-MG
572297;03/01/2024;quarta-feira;06:37:00;SP;153;64,5;SAO JOSE DO RIO PRETO;Reação tardia ou ineficiente do condutor;Colisão traseira;Com Vítimas Feridas;Pleno dia;Crescente;Nublado;Dupla;"Aclive;Reta";Sim;3;0;1;0;2;0;1;2;-20,833297;-49,363817;SPRF-SP;DEL09-SP;UOP01-DEL09-SP
572299;03/01/2024;quarta-feira;06:10:00;SC;280;33;ARAQUARI;Desrespeitar a preferência no cruzamento;Colisão transversal;Com Vítimas Feridas;Pleno dia;Crescente;Garoa/Chuvisco;Simples;Reta;Não;3;0;3;0;0;0;3;2;-26,42576441;-48,78741376;SPRF-SC;DEL03-SC;UOP03-DEL03-SC
572300;02/01/2024;terça-feira;21:00:00;PR;376;643;TIJUCAS DO SUL;Condutor deixou de manter distância do veículo da frente;Engavetamento;Sem Vítimas;Plena Noite;Decrescente;Céu Claro;Dupla;"Reta;Declive";Não;5;0;0;0;5;0;0;3;-25,805819;-49,13522705;SPRF-PR;DEL01-PR;UOP04-DEL01-PR
572301;03/01/2024;quarta-feira;00:30:00;PE;232;79;GRAVATA;Animais na Pista;Atropelamento de Animal;Com Vítimas Feridas;Plena Noite;Decrescente;Céu Claro;Dupla;Reta;Sim;1;0;1;0;0;0;1;1;-8,19460572;-35,56074803;SPRF-PE;DEL02-PE;UOP02-DEL02PE