id;data_inversa;dia_semana;horario;uf;br;km;municipio;causa_acidente;tipo_acidente;classificacao_acidente;fase_dia;sentido_via;condicao_metereologica;tipo_pista;tracado_via;uso_solo;pessoas;mortos;feridos_leves;feridos_graves;ilesos;ignorados;feridos;veiculos;latitude;longitude;regional;delegacia;uop
572447;03/01/2024;quarta-feira;17:00:00;PR;376;407,7;TIBAGI;Velocidade Incompatível;Colisão com objeto;Com Vítimas Feridas;Pleno dia;Decrescente;Nublado;Dupla;"Declive;Curva";Não;3;0;3;0;0;0;3;1;-24,60403406;-50,6635012;SPRF-PR;DEL03-PR;UOP02-DEL03-PR
572448;03/01/2024;quarta-feira;15:50:00;RJ;101;432;MANGARATIBA;Ingestão de álcool pelo condutor;Capotamento;Sem Vítimas;Pleno dia;Decrescente;Chuva;Dupla;"Aclive;Curva";Sim;1;0;0;0;1;0;0;1;-22,93437472;-44,02919087;SPRF-RJ;DEL03-RJ;UOP02-DEL03-RJ
572451;03/01/2024;quarta-feira;18:49:00;MG;262;368,8;JUATUBA;Ausência de reação do condutor;Queda de ocupante de veículo;Com Vítimas Feridas;Plena Noite;Decrescente;Garoa/Chuvisco;Dupla;Curva;Não;1;0;1;0;0;0;1;1;-19,97239513;-44,28042402;SPRF-MG;DEL01-MG;UOP03-DEL01-MG
572452;03/01/2024;quarta-feira;15:30:00;MT;70;703;CACERES;Chuva;Saída de leito carroçável;Com Vítimas Feridas;Pleno dia;Crescente;Chuva;Simples;"Reta;Declive";Não;2;0;2;0;0;0;2;1;-16,25105077;-57,45540642;SPRF-MT;DEL03-MT;UOP01-DEL03-MT
572453;03/01/2024;quarta-feira;18:40:00;PI;343;347;TERESINA;Animais na Pista;Atropelamento de Animal;Com Vítimas Feridas;Plena Noite;Crescente;Céu Claro;Simples;Reta;Sim;2;0;1;0;1;0;1;2;-5,11877574;-42,78683662;SPRF-PI;DEL01-PI;UOP01-DEL01-PI
572454;03/01/2024;quarta-feira;15:40:00;MG;116;685;MURIAE;Ausência de reação do condutor;Saída de leito carroçável;Com Vítimas Feridas;Pleno dia;Crescente;Chuva;Simples;Curva;Não;2;0;1;0;0;1;1;2;-20,98224297;-42,35482631;SPRF-MG;DEL07-MG;UOP02-DEL07-MG
572457;03/01/2024;quarta-feira;17:00:00;RJ;101;99;CAMPOS DOS GOYTACAZES;Ausência de reação do condutor;Colisão com objeto;Com Vítimas Feridas;Pleno dia;Decrescente;Chuva;Dupla;Curva;Não;2;0;1;0;1;0;1;1;-21,8758198;-41,5832851;SPRF-RJ;DEL08-RJ;UOP02-DEL08-RJ
572458;03/01/2024;quarta-feira;17:25:00;MG;116;734;LARANJAL;Ausência de reação do condutor;Saída de leito carroçável;Com Vítimas Feridas;Pleno dia;Decrescente;Chuva;Simples;Reta;Não;3;0;2;0;1;0;2;1;-21,34565238;-42,4637625;SPRF-MG;DEL07-MG;UOP02-DEL07-MG
572459;03/01/2024;quarta-feira;17:40:00;SC;470;153,6;AGRONOMICA;Acessar a via sem observar a presença dos outros veículos;Colisão transversal;Com Vítimas Feridas;Pleno dia;Decrescente;Nublado;Simples;Reta;Não;2;0;1;0;1;0;1;2;-27,27539513;-49,74316478;SPRF-SC;DEL04-SC;UOP02-DEL04-SC
572460;03/01/2024;quarta-feira;16:10:00;MG;116;702,2;MURIAE;Acessar a via sem observar a presença dos outros veículos;Colisão transversal;Com Vítimas Feridas;Pleno dia;Decrescente;Chuva;Simples;"Reta;Interseção de Vias";Sim;2;0;1;0;1;0;1;2;-21,12484713;-42,38134861;SPRF-MG;DEL07-MG;UOP02-DEL07-MG
572461;03/01/2024;quarta-feira;19:00:00;PE;101;58,8;RECIFE;Condutor deixou de manter distância do veículo da frente;Colisão traseira;Com Vítimas Feridas;Plena Noite;Crescente;Céu Claro;Dupla;Reta;Sim;5;0;0;2;3;0;2;2;-7,97708575;-34,92607318;SPRF-PE;DEL01-PE;UOP02-DEL01-PE
572463;03/01/2024;quarta-feira;17:20:00;PR;376;527,2;PONTA GROSSA;Reação tardia ou ineficiente do condutor;Queda de ocupante de veículo;Com Vítimas Feridas;Pleno dia;Decrescente;Céu Claro;Dupla;"Reta;Declive";Não;1;0;1;0;0;0;1;1;-25,327481;-49,862779;SPRF-PR;DEL03-PR;UOP04-DEL03-PR
572465;03/01/2024;quarta-feira;19:00:00;DF;80;19;BRASILIA;Reação tardia ou ineficiente do condutor;Saída de leito carroçável;Com Vítimas Feridas;Plena Noite;Crescente;Nublado;Dupla;Reta;Sim;1;0;1;0;0;0;1;1;-15,675205;-48,204636;SPRF-DF;DEL03-DF;UOP02-DEL03-DF
572468;03/01/2024;quarta-feira;20:00:00;BA;116;811;VITORIA DA CONQUISTA;Demais falhas mecânicas ou elétricas;Saída de leito carroçável;Com Vítimas Feridas;Plena Noite;Decrescente;Céu Claro;Simples;Reta;Não;6;0;4;0;2;0;4;1;-14,75613602;-40,68942499;SPRF-BA;DEL08-BA;UOP01-DEL08-BA
572470;03/01/2024;quarta-feira;16:30:00;GO;60;460;JATAI;Ausência de reação do condutor;Saída de leito carroçável;Com Vítimas Feridas;Pleno dia;Crescente;Chuva;Dupla;Curva;Não;4;0;4;0;0;0;4;1;-17,8715;-51,6163;SPRF-GO;DEL05-GO;UOP01-DEL05-GO
572472;03/01/2024;quarta-feira;16:55:00;MG;381;521;BRUMADINHO;Chuva;Saída de leito carroçável;Com Vítimas Feridas;Anoitecer;Decrescente;Chuva;Dupla;"Curva;Aclive";Não;4;0;1;0;3;0;1;1;-20,13846621;-44,31715274;SPRF-MG;DEL04-MG;UOP03-DEL04-MG
572475;03/01/2024;quarta-feira;19:40:00;MG;40;356,1;FELIXLANDIA;Desrespeitar a preferência no cruzamento;Colisão transversal;Com Vítimas Feridas;Plena Noite;Decrescente;Chuva;Simples;"Reta;Interseção de Vias";Sim;2;0;0;1;1;0;1;2;-18,73053982;-44,88268599;SPRF-MG;DEL02-MG;UOP01-DEL02-MG
572477;03/01/2024;quarta-feira;18:00:00;RO;364;16;VILHENA;Acessar a via sem observar a presença dos outros veículos;Queda de ocupante de veículo;Com Vítimas Feridas;Plena Noite;Crescente;Chuva;Simples;Interseção de Vias;Não;2;0;1;0;1;0;1;2;-12,73437947;-60,15696986;SPRF-RO;DEL04-RO;UOP01-DEL04-RO
572481;03/01/2024;quarta-feira;18:30:00;RS;116;267;CANOAS;Frear bruscamente;Queda de ocupante de veículo;Com Vítimas Feridas;Anoitecer;Decrescente;Céu Claro;Dupla;Reta;Sim;1;0;1;0;0;0;1;1;-29,94142398;-51,17697062;SPRF-RS;DEL01-RS;UOP01-DEL01-RS
572484;03/01/2024;quarta-feira;19:15:00;MG;116;499,9;INHAPIM;Reação tardia ou ineficiente do condutor;Colisão traseira;Com Vítimas Feridas;Plena Noite;Decrescente;Chuva;Simples;Reta;Não;4;0;1;1;2;0;2;3;-19,55247801;-42,12429712;SPRF-MG;DEL06-MG;UOP02-DEL06-MG
572485;03/01/2024;quarta-feira;22:15:00;ES;101;142;LINHARES;Reação tardia ou ineficiente do condutor;Colisão transversal;Com Vítimas Feridas;Plena Noite;Decrescente;Céu Claro;Múltipla;Reta;Sim;2;0;2;0;0;0;2;2;-19,33458987;-40,06755477;SPRF-ES;DEL04-ES;UOP01-DEL04-ES
572486;03/01/2024;quarta-feira;19:02:00;RS;468;97,7;TRES PASSOS;Ultrapassagem Indevida;Colisão lateral mesmo sentido;Com Vítimas Feridas;Anoitecer;Crescente;Céu Claro;Simples;"Declive;Reta";Não;3;0;2;0;1;0;2;2;-27,48845026;-53,89320218;SPRF-RS;DEL08-RS;UOP02-DEL08-RS
572488;03/01/2024;quarta-feira;22:25:00;MG;116;576,9;MANHUACU;Ausência de reação do condutor;Saída de leito carroçável;Com Vítimas Feridas;Plena Noite;Crescente;Céu Claro;Simples;Curva;Não;2;0;1;0;1;0;1;1;-20,15473996;-42,18629605;SPRF-MG;DEL06-MG;UOP03-DEL06-MG
572490;03/01/2024;quarta-feira;23:30:00;ES;101;272,2;SERRA;Acessar a via sem observar a presença dos outros veículos;Colisão lateral mesmo sentido;Com Vítimas Feridas;Plena Noite;Decrescente;Nublado;Dupla;"Reta;Aclive";Não;2;0;0;1;1;0;1;2;-20,22724888;-40,28426988;SPRF-ES;DEL02-ES;UOP01-DEL02-ES
572491;03/01/2024;quarta-feira;22:51:00;GO;40;22;LUZIANIA;Entrada inopinada do pedestre;Atropelamento de Pedestre;Com Vítimas Fatais;Plena Noite;Crescente;Céu Claro;Dupla;Reta;Sim;5;1;0;0;4;0;0;2;-16,227484;-47,914109;SPRF-DF;DEL01-DF;UOP01-DEL01-DF
572492;03/01/2024;quarta-feira;21:19:00;GO;80;19,4;PADRE BERNARDO;Ausência de reação do condutor;Saída de leito carroçável;Com Vítimas Feridas;Plena Noite;Decrescente;Chuva;Dupla;"Interseção de Vias;Reta";Não;1;0;0;1;0;0;1;1;-15,384497;-48,208798;SPRF-DF;DEL03-DF;UOP02-DEL03-DF
572494;04/01/2024;quinta-feira;00:05:00;SP;381;62;MAIRIPORA;Ausência de reação do condutor;Capotamento;Com Vítimas Feridas;Plena Noite;Decrescente;Céu Claro;Dupla;Reta;Não;1;0;1;0;0;0;1;1;-23,29437896;-46,57254696;SPRF-SP;DEL03-SP;UOP01-DEL03-SP
572495;03/01/2024;quarta-feira;23:00:00;MA;226;299;BARRA DO CORDA;Conversão proibida;Colisão transversal;Com Vítimas Feridas;Plena Noite;Crescente;Chuva;Múltipla;Reta;Sim;3;0;1;0;2;0;1;2;-5,49791235;-45,24263176;SPRF-MA;DEL06-MA;UOP01-DEL06-MA
572496;04/01/2024;quinta-feira;00:40:00;PI;343;52;BURITI DOS LOPES;Transitar na contramão;Colisão frontal;Com Vítimas Fatais;Plena Noite;Crescente;Céu Claro;Simples;Reta;Não;2;1;0;0;1;0;0;2;-3,194594;-41,841324;SPRF-PI;DEL05-PI;UOP01-DEL05-PI
572497;04/01/2024;quinta-feira;00:20:00;RN;427;2,1;CURRAIS NOVOS;Animais na Pista;Saída de leito carroçável;Com Vítimas Feridas;Plena Noite;Decrescente;Nublado;Simples;Curva;Não;3;0;3;0;0;0;3;1;-6,282889;-36,521175;SPRF-RN;DEL03-RN;UOP02-DEL03-RN
572502;04/01/2024;quinta-feira;01:10:00;SC;101;186;BIGUACU;Ingestão de álcool pelo condutor;Saída de leito carroçável;Sem Vítimas;Plena Noite;Decrescente;Chuva;Múltipla;Curva;Não;1;0;0;0;0;1;0;1;-27,4341098;-48,62567129;SPRF-SC;DEL01-SC;UOP01-DEL01-SC
572504;04/01/2024;quinta-feira;03:40:00;SC;101;194,5;BIGUACU;Pista Escorregadia;Queda de ocupante de veículo;Com Vítimas Feridas;Plena Noite;Decrescente;Garoa/Chuvisco;Múltipla;Reta;Sim;1;0;1;0;0;0;1;1;-27,49815117;-48,65661236;SPRF-SC;DEL01-SC;UOP01-DEL01-SC
572507;04/01/2024;quinta-feira;03:00:00;MG;153;87,9;PRATA;Pista Escorregadia;Saída de leito carroçável;Com Vítimas Feridas;Plena Noite;Crescente;Chuva;Simples;"Curva;Aclive";Não;5;0;2;0;3;0;2;1;-19,127673;-48,966483;SPRF-MG;DEL15-MG;UOP03-DEL15-MG
572509;04/01/2024;quinta-feira;04:30:00;SC;101;128;ITAJAI;Ingestão de álcool pelo condutor;Colisão com objeto;Com Vítimas Feridas;Amanhecer;Decrescente;Céu Claro;Dupla;Reta;Não;2;0;1;1;0;0;2;1;-26,97284292;-48,68299451;SPRF-SC;DEL04-SC;UOP04-DEL04-SC
572511;03/01/2024;quarta-feira;16:40:00;MG;153;87,9;PRATA;Pista Escorregadia;Saída de leito carroçável;Com Vítimas Feridas;Pleno dia;Crescente;Chuva;Simples;"Curva;Declive";Não;4;0;4;0;0;0;4;1;-19,11737199;-48,96972196;SPRF-MG;DEL15-MG;UOP03-DEL15-MG
572512;04/01/2024;quinta-feira;05:30:00;SC;282;72,1;RANCHO QUEIMADO;Acumulo de água sobre o pavimento;Saída de leito carroçável;Com Vítimas Feridas;Amanhecer;Crescente;Chuva;Simples;"Aclive;Curva";Não;4;0;1;0;3;0;1;1;-27,683439;-49,105259;SPRF-SC;DEL01-SC;UOP03-DEL01-SC
572513;04/01/2024;quinta-feira;04:40:00;MT;163;118;RONDONOPOLIS;Área urbana sem a presença de local apropriado para a travessia de pedestres;Atropelamento de Pedestre;Com Vítimas Feridas;Amanhecer;Decrescente;Nublado;Dupla;"Aclive;Reta";Sim;2;0;1;1;0;0;2;2;-16,51361392;-54,65519619;SPRF-MT;DEL02-MT;UOP01-DEL02-MT
572514;04/01/2024;quinta-feira;07:00:00;SC;101;200;SAO JOSE;Condutor deixou de manter distância do veículo da frente;Colisão traseira;Com Vítimas Feridas;Pleno dia;Crescente;Céu Claro;Múltipla;Reta;Sim;4;0;2;0;2;0;2;2;-27,54018513;-48,62287714;SPRF-SC;DEL01-SC;UOP01-DEL01-SC
572515;04/01/2024;quinta-feira;07:25:00;SC;101;206,8;SAO JOSE;Reação tardia ou ineficiente do condutor;Tombamento;Com Vítimas Feridas;Pleno dia;Crescente;Nublado;Múltipla;Reta;Sim;2;0;1;0;0;1;1;2;-27,59907246;-48,62173319;SPRF-SC;DEL01-SC;UOP01-DEL01-SC
572516;04/01/2024;quinta-feira;06:30:00;PR;116;38;CAMPINA GRANDE DO SUL;Reação tardia ou ineficiente do condutor;Saída de leito carroçável;Com Vítimas Feridas;Amanhecer;Decrescente;Chuva;Dupla;Curva;Não;3;0;2;0;1;0;2;1;-25,14802509;-48,85922071;SPRF-PR;DEL01-PR;UOP02-DEL01-PR
572517;04/01/2024;quinta-feira;06:55:00;SC;101;137;BALNEARIO CAMBORIU;Problema com o freio;Tombamento;Com Vítimas Feridas;Pleno dia;Decrescente;Nublado;Múltipla;Reta;Sim;2;0;1;1;0;0;2;1;-27,0157238;-48,61192763;SPRF-SC;DEL04-SC;UOP03-DEL04-SC
572518;04/01/2024;quinta-feira;07:15:00;PR;376;215;JANDAIA DO SUL;Reação tardia ou ineficiente do condutor;Colisão com objeto;Com Vítimas Feridas;Pleno dia;Decrescente;Céu Claro;Dupla;Reta;Não;1;0;1;0;0;0;1;1;-23,59537856;-51,64222304;SPRF-PR;DEL09-PR;UOP01-DEL09-PR
572520;04/01/2024;quinta-feira;07:35:00;RS;386;350;ESTRELA;Condutor deixou de manter distância do veículo da frente;Colisão traseira;Com Vítimas Feridas;Pleno dia;Crescente;Céu Claro;Dupla;"Em Obras;Ponte;Reta";Não;2;0;1;0;1;0;1;2;-29,4743;-51,952923;SPRF-RS;DEL04-RS;UOP01-DEL04-RS
572521;04/01/2024;quinta-feira;07:00:00;GO;153;504;APARECIDA DE GOIANIA;Demais falhas mecânicas ou elétricas;Tombamento;Com Vítimas Feridas;Pleno dia;Crescente;Chuva;Dupla;Reta;Sim;2;0;2;0;0;0;2;1;-16,7451;-49,2408;SPRF-GO;DEL01-GO;UOP01-DEL01-GO
572522;04/01/2024;quinta-feira;05:40:00;RJ;101;384;RIO DE JANEIRO;Acessar a via sem observar a presença dos outros veículos;Colisão transversal;Com Vítimas Feridas;Amanhecer;Decrescente;Chuva;Dupla;Reta;Sim;2;0;1;0;1;0;1;2;-22,87911609;-43,62323999;SPRF-RJ;DEL03-RJ;UOP01-DEL03-RJ
572524;04/01/2024;quinta-feira;07:36:00;RJ;116;191;NOVA IGUACU;Acesso irregular;Colisão com objeto;Sem Vítimas;Amanhecer;Decrescente;Céu Claro;Simples;Reta;Não;1;0;0;0;0;1;0;1;-22,74421443;-43,509822;SPRF-RJ;DEL06-RJ;UOP01-DEL06-RJ
572526;04/01/2024;quinta-feira;08:10:00;PE;101;116,3;IPOJUCA;Condutor Dormindo;Saída de leito carroçável;Com Vítimas Feridas;Pleno dia;Crescente;Céu Claro;Dupla;Curva;Não;2;0;2;0;0;0;2;1;-8,34532196;-35,14676704;SPRF-PE;DEL01-PE;UOP03-DEL01-PE
572527;04/01/2024;quinta-feira;08:09:00;MG;365;634;UBERLANDIA;Ausência de reação do condutor;Colisão com objeto;Com Vítimas Feridas;Pleno dia;Crescente;Chuva;Dupla;Retorno Regulamentado;Não;2;0;2;0;0;0;2;1;-18,89398203;-48,409205;SPRF-MG;DEL15-MG;UOP01-DEL15-MG
572528;04/01/2024;quinta-feira;06:30:00;RJ;393;198;PARAIBA DO SUL;Acumulo de água sobre o pavimento;Saída de leito carroçável;Com Vítimas Feridas;Pleno dia;Crescente;Chuva;Simples;Reta;Não;3;0;2;0;1;0;2;1;-22,20864263;-43,38170217;SPRF-RJ;DEL05-RJ;UOP03-DEL05-RJ
572529;04/01/2024;quinta-feira;08:10:00;RN;101;115;SAO JOSE DE MIPIBU;Manobra de mudança de faixa;Colisão lateral mesmo sentido;Com Vítimas Feridas;Pleno dia;Decrescente;Céu Claro;Dupla;Reta;Sim;2;0;1;0;1;0;1;2;-5,99096804;-35,26381408;SPRF-RN;DEL01-RN;UOP01-DEL01-RN
572530;04/01/2024;quinta-feira;08:30:00;GO;50;261;CATALAO;Acumulo de água sobre o pavimento;Saída de leito carroçável;Com Vítimas Feridas;Pleno dia;Decrescente;Chuva;Dupla;Curva;Não;3;0;2;0;1;0;2;1;-18,0377;-47,853;SPRF-GO;DEL06-GO;UOP01-DEL06-GO
572531;04/01/2024;quinta-feira;07:15:00;PR;369;186,7;ARAPONGAS;Condutor Dormindo;Colisão com objeto;Sem Vítimas;Pleno dia;Decrescente;Céu Claro;Simples;Reta;Sim;4;0;0;0;4;0;0;1;-23,42098684;-51,42483871;SPRF-PR;DEL07-PR;UOP03-DEL07-PR
572532;04/01/2024;quinta-feira;06:30:00;SC;282;583;PINHALZINHO;Condutor Dormindo;Saída de leito carroçável;Com Vítimas Feridas;Amanhecer;Crescente;Céu Claro;Simples;"Aclive;Curva";Não;4;0;1;0;3;0;1;1;-26,828905;-53,009552;SPRF-SC;DEL07-SC;UOP02-DEL07-SC
572535;03/01/2024;quarta-feira;21:45:00;RJ;40;103;DUQUE DE CAXIAS;Sistema de drenagem ineficiente;Colisão lateral mesmo sentido;Com Vítimas Feridas;Plena Noite;Crescente;Chuva;Múltipla;Reta;Sim;2;0;1;0;1;0;1;2;-22,62009;-43,286922;SPRF-RJ;DEL01-RJ;UOP02-DEL01-RJ
572536;04/01/2024;quinta-feira;09:15:00;BA;116;12;VITORIA DA CONQUISTA;Condutor deixou de manter distância do veículo da frente;Colisão traseira;Com Vítimas Feridas;Pleno dia;Crescente;Céu Claro;Simples;Reta;Sim;2;0;1;0;1;0;1;2;-14,878;-40,8712;SPRF-BA;DEL08-BA;UOP01-DEL08-BA
572537;04/01/2024;quinta-feira;05:00:00;SP;116;327;JUQUITIBA;Chuva;Saída de leito carroçável;Com Vítimas Feridas;Amanhecer;Decrescente;Chuva;Dupla;Curva;Sim;1;0;1;0;0;0;1;1;-23,93901304;-47,06241203;SPRF-SP;DEL04-SP;UOP03-DEL04-SP
572539;04/01/2024;quinta-feira;09:10:00;SC;282;48;AGUAS MORNAS;Velocidade Incompatível;Colisão com objeto;Com Vítimas Feridas;Pleno dia;Crescente;Chuva;Dupla;Curva;Não;5;0;1;0;4;0;1;1;-27,714352;-48,938072;SPRF-SC;DEL01-SC;UOP03-DEL01-SC
572542;04/01/2024;quinta-feira;09:30:00;SC;101;210;SAO JOSE;Ausência de reação do condutor;Colisão traseira;Com Vítimas Feridas;Pleno dia;Decrescente;Céu Claro;Simples;Reta;Sim;3;0;2;0;1;0;2;2;-27,6167305;-48,6457265;SPRF-SC;DEL01-SC;UOP01-DEL01-SC
572545;04/01/2024;quinta-feira;10:10:00;RS;293;12;CAPAO DO LEAO;Acessar a via sem observar a presença dos outros veículos;Colisão lateral mesmo sentido;Com Vítimas Feridas;Pleno dia;Crescente;Nublado;Simples;Reta;Não;2;0;1;0;1;0;1;2;-31,75636452;-52,44078991;SPRF-RS;DEL07-RS;UOP01-DEL07-RS
572546;04/01/2024;quinta-feira;08:40:00;PA;230;117;MARABA;Ausência de reação do condutor;Colisão transversal;Com Vítimas Feridas;Pleno dia;Decrescente;Céu Claro;Dupla;"Reta;Retorno Regulamentado";Sim;3;0;1;1;1;0;2;2;-5,35569904;-49,09047302;SPRF-PA;DEL03-PA;UOP01-DEL03-PA
572553;04/01/2024;quinta-feira;10:40:00;CE;20;189,5;BOA VIAGEM;Reação tardia ou ineficiente do condutor;Saída de leito carroçável;Com Vítimas Feridas;Pleno dia;Crescente;Céu Claro;Simples;"Ponte;Declive";Não;4;0;2;2;0;0;4;1;-5,21919537;-39,80596861;SPRF-CE;DEL02-CE;UOP02-DEL02-CE
572556;04/01/2024;quinta-feira;10:40:00;SC;101;144,3;ITAPEMA;Trafegar com motocicleta (ou similar) entre as faixas;Colisão lateral mesmo sentido;Com Vítimas Feridas;Pleno dia;Decrescente;Céu Claro;Dupla;Reta;Sim;4;0;1;1;2;0;2;2;-27,0732659;-48,59672716;SPRF-SC;DEL04-SC;UOP03-DEL04-SC
572557;04/01/2024;quinta-feira;11:40:00;PR;376;623;SAO JOSE DOS PINHAIS;Ausência de reação do condutor;Saída de leito carroçável;Com Vítimas Feridas;Pleno dia;Decrescente;Nublado;Dupla;Reta;Não;2;0;2;0;0;0;2;1;-25,63462416;-49,16182135;SPRF-PR;DEL01-PR;UOP04-DEL01-PR
572559;04/01/2024;quinta-feira;10:40:00;SP;116;391;MIRACATU;Avarias e/ou desgaste excessivo no pneu;Saída de leito carroçável;Sem Vítimas;Pleno dia;Decrescente;Nublado;Dupla;Reta;Sim;4;0;0;0;4;0;0;1;-24,27988597;-47,42392801;SPRF-SP;DEL04-SP;UOP02-DEL04-SP
572560;04/01/2024;quinta-feira;10:10:00;MT;163;694;LUCAS DO RIO VERDE;Acessar a via sem observar a presença dos outros veículos;Colisão transversal;Com Vítimas Feridas;Pleno dia;Crescente;Nublado;Simples;Interseção de Vias;Não;2;0;1;0;1;0;1;2;-13,12620914;-55,96026168;SPRF-MT;DEL06-MT;UOP01-DEL06-MT
572566;04/01/2024;quinta-feira;10:44:00;MT;364;436;VARZEA GRANDE;Acessar a via sem observar a presença dos outros veículos;Colisão transversal;Com Vítimas Feridas;Pleno dia;Crescente;Céu Claro;Dupla;Reta;Sim;2;0;0;1;1;0;1;2;-15,63709882;-56,20400548;SPRF-MT;DEL01-MT;UOP02-DEL01-MT
572569;04/01/2024;quinta-feira;12:12:00;DF;60;28;BRASILIA;Chuva;Saída de leito carroçável;Com Vítimas Feridas;Pleno dia;Crescente;Chuva;Dupla;Curva;Não;4;0;3;0;1;0;3;1;-16,020638;-48,250832;SPRF-DF;DEL03-DF;UOP01-DEL03-DF
572570;04/01/2024;quinta-feira;11:40:00;MT;163;697;SORRISO;Reação tardia ou ineficiente do condutor;Colisão transversal;Com Vítimas Fatais;Pleno dia;Crescente;Chuva;Simples;"Reta;Declive";Não;5;1;0;4;0;0;4;2;-13,000802;-55,886957;SPRF-MT;DEL06-MT;UOP01-DEL06-MT
572571;04/01/2024;quinta-feira;13:10:00;SP;116;10,5;QUELUZ;Reação tardia ou ineficiente do condutor;Colisão com objeto;Com Vítimas Feridas;Pleno dia;Decrescente;Sol;Dupla;Reta;Não;5;0;2;2;0;1;4;2;-22,5443706;-44,78777297;SPRF-SP;DEL08-SP;UOP02-DEL08-SP
572573;04/01/2024;quinta-feira;07:20:00;MG;116;222;CATUJI;Reação tardia ou ineficiente do condutor;Saída de leito carroçável;Com Vítimas Feridas;Amanhecer;Decrescente;Céu Claro;Simples;"Curva;Declive";Não;5;0;0;1;4;0;1;1;-17,42343294;-41,51418802;SPRF-MG;DEL11-MG;UOP01-DEL11-MG
572574;04/01/2024;quinta-feira;13:15:00;MG;40;746,5;SANTOS DUMONT;Chuva;Saída de leito carroçável;Com Vítimas Feridas;Pleno dia;Crescente;Chuva;Simples;Curva;Não;3;0;2;0;1;0;2;1;-21,43028197;-43,55615283;SPRF-MG;DEL05-MG;UOP01-DEL05-MG
572578;04/01/2024;quinta-feira;13:30:00;SP;116;347;MIRACATU;Chuva;Saída de leito carroçável;Com Vítimas Feridas;Pleno dia;Decrescente;Chuva;Dupla;Curva;Não;1;0;1;0;0;0;1;1;-24,04699491;-47,19706111;SPRF-SP;DEL04-SP;UOP03-DEL04-SP
572579;04/01/2024;quinta-feira;13:25:00;SP;116;74,4;APARECIDA;Ausência de reação do condutor;Colisão traseira;Com Vítimas Feridas;Pleno dia;Crescente;Nublado;Dupla;Reta;Não;2;0;0;1;1;0;1;2;-22,87353809;-45,25320023;SPRF-SP;DEL08-SP;UOP01-DEL08-SP
572580;04/01/2024;quinta-feira;14:00:00;RS;116;243;SAO LEOPOLDO;Condutor deixou de manter distância do veículo da frente;Colisão traseira;Com Vítimas Feridas;Pleno dia;Decrescente;Céu Claro;Dupla;"Reta;Aclive;Viaduto";Sim;3;0;1;0;2;0;1;2;-29,73196199;-51,14952004;SPRF-RS;DEL01-RS;UOP02-DEL01-RS
572581;04/01/2024;quinta-feira;13:00:00;MT;163;829,2;SINOP;Manobra de mudança de faixa;Colisão lateral mesmo sentido;Com Vítimas Feridas;Pleno dia;Decrescente;Nublado;Dupla;"Reta;Retorno Regulamentado";Sim;2;0;1;0;1;0;1;2;-11,90957671;-55,50753021;SPRF-MT;DEL06-MT;UOP02-DEL06-MT
572583;04/01/2024;quinta-feira;13:05:00;MT;364;299,3;JACIARA;Reação tardia ou ineficiente do condutor;Saída de leito carroçável;Com Vítimas Feridas;Pleno dia;Decrescente;Chuva;Dupla;Curva;Sim;2;0;0;1;1;0;1;1;-15,84691555;-55,14590671;SPRF-MT;DEL05-MT;UOP02-DEL05-MT
572592;04/01/2024;quinta-feira;14:25:00;MG;381;497,6;BETIM;Manobra de mudança de faixa;Colisão lateral mesmo sentido;Com Vítimas Feridas;Pleno dia;Crescente;Nublado;Dupla;"Declive;Reta";Sim;2;0;0;1;1;0;1;2;-19,98351264;-44,20218229;SPRF-MG;DEL01-MG;UOP03-DEL01-MG
572594;04/01/2024;quinta-feira;14:35:00;PE;101;69;RECIFE;Condutor deixou de manter distância do veículo da frente;Queda de ocupante de veículo;Com Vítimas Feridas;Pleno dia;Crescente;Céu Claro;Dupla;Reta;Sim;1;0;0;1;0;0;1;1;-8,05951606;-34,94581024;SPRF-PE;DEL01-PE;UOP01-DEL01-PE
572595;04/01/2024;quinta-feira;12:55:00;SP;116;104,6;TAUBATE;Condutor deixou de manter distância do veículo da frente;Engavetamento;Com Vítimas Feridas;Pleno dia;Crescente;Nublado;Dupla;Reta;Sim;6;0;2;0;4;0;2;4;-23,00340176;-45,50626912;SPRF-SP;DEL02-SP;UOP02-DEL02-SP
572596;04/01/2024;quinta-feira;14:15:00;PI;343;2,5;TERESINA;Transitar no Acostamento;Colisão lateral mesmo sentido;Com Vítimas Feridas;Pleno dia;Crescente;Céu Claro;Dupla;Reta;Sim;2;0;0;1;1;0;1;2;-5,089569;-42,802288;SPRF-PI;DEL01-PI;UOP01-DEL01-PI
572602;04/01/2024;quinta-feira;14:30:00;SC;101;148,5;ITAPEMA;Reação tardia ou ineficiente do condutor;Colisão traseira;Com Vítimas Feridas;Pleno dia;Decrescente;Céu Claro;Dupla;Reta;Sim;7;0;1;1;5;0;2;4;-27,10123686;-48,61807962;SPRF-SC;DEL04-SC;UOP03-DEL04-SC
572603;04/01/2024;quinta-feira;10:20:00;MG;365;337;VARJAO DE MINAS;Reação tardia ou ineficiente do condutor;Saída de leito carroçável;Com Vítimas Feridas;Pleno dia;Crescente;Chuva;Simples;Reta;Não;3;0;0;3;0;0;3;1;-18,329179;-46,010077;SPRF-MG;DEL10-MG;UOP01-DEL10-MG