id;data_inversa;dia_semana;horario;uf;br;km;municipio;causa_acidente;tipo_acidente;classificacao_acidente;fase_dia;sentido_via;condicao_metereologica;tipo_pista;tracado_via;uso_solo;pessoas;mortos;feridos_leves;feridos_graves;ilesos;ignorados;feridos;veiculos;latitude;longitude;regional;delegacia;uop
572742;05/01/2024;sexta-feira;13:20:00;AL;316;203,1;MARIBONDO;Reação tardia ou ineficiente do condutor;Colisão transversal;Com Vítimas Feridas;Pleno dia;Decrescente;Céu Claro;Simples;Reta;Não;4;0;2;0;2;0;2;2;-9,58217756;-36,3088256;SPRF-AL;DEL03-AL;UOP01-DEL03-AL
572743;05/01/2024;sexta-feira;08:00:00;MT;174;209;FIGUEIROPOLIS DOESTE;Chuva;Colisão lateral sentido oposto;Com Vítimas Feridas;Pleno dia;Crescente;Chuva;Simples;"Curva;Declive";Não;4;0;1;0;3;0;1;2;-15,64829298;-58,74536299;SPRF-MT;DEL04-MT;UOP01-DEL04-MT
572744;05/01/2024;sexta-feira;10:24:00;AC;364;136;RIO BRANCO;Acessar a via sem observar a presença dos outros veículos;Colisão transversal;Com Vítimas Feridas;Pleno dia;Crescente;Céu Claro;Dupla;Rotatória;Sim;4;0;3;0;1;0;3;2;-9,977578;-67,8489;SPRF-AC;DEL01-AC;UOP01-DEL01-AC
572745;05/01/2024;sexta-feira;13:05:00;RN;406;169;SAO GONCALO DO AMARANTE;Acessar a via sem observar a presença dos outros veículos;Colisão lateral mesmo sentido;Com Vítimas Feridas;Pleno dia;Crescente;Céu Claro;Simples;Reta;Sim;2;0;1;0;1;0;1;2;-5,75570118;-35,30728507;SPRF-RN;DEL02-RN;UOP01-DEL02-RN
572746;05/01/2024;sexta-feira;13:30:00;GO;153;418;ANAPOLIS;Condutor Dormindo;Saída de leito carroçável;Com Vítimas Feridas;Pleno dia;Crescente;Céu Claro;Dupla;"Aclive;Reta";Não;1;0;1;0;0;0;1;1;-16,159821;-49,04351;SPRF-GO;DEL02-GO;UOP01-DEL02-GO
572748;05/01/2024;sexta-feira;13:00:00;RS;392;78,5;PELOTAS;Ausência de reação do condutor;Saída de leito carroçável;Com Vítimas Feridas;Pleno dia;Decrescente;Céu Claro;Simples;"Declive;Reta";Não;4;0;3;0;1;0;3;1;-31,68713798;-52,43812999;SPRF-RS;DEL07-RS;UOP01-DEL07-RS
572750;05/01/2024;sexta-feira;11:40:00;RJ;40;74;PETROPOLIS;Pista Escorregadia;Colisão com objeto;Com Vítimas Feridas;Pleno dia;Decrescente;Chuva;Simples;"Curva;Aclive";Não;2;0;1;0;1;0;1;1;-22,47224973;-43,22332717;SPRF-RJ;DEL01-RJ;UOP01-DEL01-RJ
572751;03/01/2024;quarta-feira;20:20:00;MT;70;732;CACERES;Condutor usando celular;Atropelamento de Pedestre;Com Vítimas Feridas;Plena Noite;Crescente;Céu Claro;Simples;Reta;Sim;2;0;1;0;0;1;1;2;-16,10147782;-57,67752886;SPRF-MT;DEL03-MT;UOP01-DEL03-MT
572752;05/01/2024;sexta-feira;14:15:00;RJ;116;79;TERESOPOLIS;Demais falhas mecânicas ou elétricas;Colisão traseira;Sem Vítimas;Pleno dia;Crescente;Céu Claro;Simples;"Reta;Aclive";Não;2;0;0;0;2;0;0;2;-22,327388;-42,93858185;SPRF-RJ;DEL04-RJ;UOP01-DEL04-RJ
572753;05/01/2024;sexta-feira;13:00:00;ES;101;352;ANCHIETA;Demais falhas mecânicas ou elétricas;Queda de ocupante de veículo;Com Vítimas Feridas;Pleno dia;Crescente;Nublado;Simples;Reta;Não;1;0;0;1;0;0;1;1;-20,66934502;-40,66332593;SPRF-ES;DEL03-ES;UOP01-DEL03-ES
572754;05/01/2024;sexta-feira;13:30:00;GO;40;9;LUZIANIA;Acessar a via sem observar a presença dos outros veículos;Colisão lateral mesmo sentido;Com Vítimas Feridas;Pleno dia;Crescente;Sol;Dupla;Reta;Sim;2;0;1;0;1;0;1;2;-16,130492;-47,958097;SPRF-DF;DEL01-DF;UOP01-DEL01-DF
572755;05/01/2024;sexta-feira;12:17:00;PI;343;588;FLORIANO;Pista Escorregadia;Tombamento;Com Vítimas Feridas;Pleno dia;Crescente;Céu Claro;Dupla;Interseção de Vias;Sim;2;0;2;0;0;0;2;1;-6,780452;-43,002651;SPRF-PI;DEL03-PI;UOP01-DEL03-PI
572758;05/01/2024;sexta-feira;13:30:00;PE;232;322;CUSTODIA;Ultrapassagem Indevida;Colisão lateral sentido oposto;Sem Vítimas;Pleno dia;Decrescente;Céu Claro;Simples;Reta;Não;5;0;0;0;5;0;0;2;-8,10901595;-37,55608396;SPRF-PE;DEL04-PE;UOP02-DEL04-PE
572759;05/01/2024;sexta-feira;12:30:00;SC;101;158,4;PORTO BELO;Reação tardia ou ineficiente do condutor;Colisão traseira;Com Vítimas Feridas;Pleno dia;Crescente;Chuva;Dupla;Retorno Regulamentado;Sim;2;0;1;0;1;0;1;2;-27,19096301;-48,61259017;SPRF-SC;DEL04-SC;UOP03-DEL04-SC
572763;05/01/2024;sexta-feira;14:30:00;PB;230;88;JOAO PESSOA;Manobra de mudança de faixa;Colisão lateral mesmo sentido;Com Vítimas Feridas;Pleno dia;Decrescente;Céu Claro;Dupla;Reta;Sim;3;0;1;1;1;0;2;2;-7,16745758;-34,89662647;SPRF-PB;DEL01-PB;UOP03-DEL01-PB
572764;05/01/2024;sexta-feira;15:00:00;ES;101;149,2;LINHARES;Condutor desrespeitou a iluminação vermelha do semáforo;Colisão transversal;Com Vítimas Feridas;Pleno dia;Crescente;Chuva;Dupla;Interseção de Vias;Sim;2;0;0;1;1;0;1;2;-19,39619083;-40,06435871;SPRF-ES;DEL04-ES;UOP01-DEL04-ES
572765;05/01/2024;sexta-feira;15:00:00;CE;116;44,6;HORIZONTE;Desrespeitar a preferência no cruzamento;Colisão transversal;Com Vítimas Fatais;Pleno dia;Crescente;Sol;Dupla;"Reta;Retorno Regulamentado";Sim;2;1;1;0;0;0;1;2;-4,13262511;-38,48269343;SPRF-CE;DEL01-CE;UOP02-DEL01-CE
572770;05/01/2024;sexta-feira;13:50:00;PR;373;181;PONTA GROSSA;Problema na suspensão;Saída de leito carroçável;Com Vítimas Feridas;Pleno dia;Decrescente;Sol;Dupla;Reta;Sim;2;0;2;0;0;0;2;1;-25,04266233;-50,25791089;SPRF-PR;DEL03-PR;UOP01-DEL03-PR
572771;05/01/2024;sexta-feira;13:40:00;PE;101;182;PALMARES;Demais falhas mecânicas ou elétricas;Tombamento;Com Vítimas Feridas;Pleno dia;Crescente;Sol;Dupla;Reta;Não;2;0;1;1;0;0;2;1;-8,65284995;-35,5638211;SPRF-PE;DEL01-PE;UOP03-DEL01-PE
572774;05/01/2024;sexta-feira;14:30:00;DF;20;9,5;BRASILIA;Ausência de reação do condutor;Colisão traseira;Com Vítimas Feridas;Pleno dia;Decrescente;Céu Claro;Dupla;Reta;Sim;2;0;1;0;1;0;1;2;-15,654671;-47,782917;SPRF-DF;DEL02-DF;UOP01-DEL02-DF
572780;05/01/2024;sexta-feira;16:05:00;PE;232;9,5;JABOATAO DOS GUARARAPES;Condutor usando celular;Colisão traseira;Com Vítimas Feridas;Pleno dia;Crescente;Céu Claro;Simples;Reta;Sim;2;0;1;0;1;0;1;2;-8,07764447;-34,97863609;SPRF-PE;DEL01-PE;UOP01-DEL01-PE
572782;05/01/2024;sexta-feira;16:10:00;SP;116;147;SAO JOSE DOS CAMPOS;Reação tardia ou ineficiente do condutor;Colisão traseira;Com Vítimas Feridas;Pleno dia;Crescente;Céu Claro;Dupla;Reta;Sim;2;0;1;0;1;0;1;2;-23,19542994;-45,87176303;SPRF-SP;DEL02-SP;UOP01-DEL02-SP
572783;05/01/2024;sexta-feira;14:30:00;ES;262;138,5;MUNIZ FREIRE;Velocidade Incompatível;Colisão traseira;Sem Vítimas;Pleno dia;Crescente;Nublado;Simples;Reta;Não;2;0;0;0;1;1;0;2;-20,23406291;-41,35253988;SPRF-ES;DEL01-ES;UOP02-DEL01-ES
572784;05/01/2024;sexta-feira;16:50:00;RS;116;267;CANOAS;Acessar a via sem observar a presença dos outros veículos;Colisão transversal;Com Vítimas Feridas;Pleno dia;Decrescente;Céu Claro;Simples;Reta;Sim;2;0;1;0;1;0;1;2;-29,93894374;-51,17694194;SPRF-RS;DEL01-RS;UOP01-DEL01-RS
572785;05/01/2024;sexta-feira;16:00:00;PA;316;55;CASTANHAL;Acessar a via sem observar a presença dos outros veículos;Colisão transversal;Com Vítimas Feridas;Pleno dia;Crescente;Chuva;Dupla;Reta;Não;2;0;0;1;1;0;1;2;-1,30561339;-47,99919919;SPRF-PA;DEL01-PA;UOP01-DEL01-PA
572786;05/01/2024;sexta-feira;16:17:00;PE;232;10;JABOATAO DOS GUARARAPES;Reação tardia ou ineficiente do condutor;Engavetamento;Sem Vítimas;Pleno dia;Decrescente;Céu Claro;Dupla;"Aclive;Em Obras;Reta";Não;3;0;0;0;2;1;0;3;-8,07917241;-34,98718609;SPRF-PE;DEL01-PE;UOP01-DEL01-PE
572788;05/01/2024;sexta-feira;12:55:00;MG;116;394,8;GOVERNADOR VALADARES;Avarias e/ou desgaste excessivo no pneu;Capotamento;Com Vítimas Feridas;Pleno dia;Decrescente;Chuva;Simples;"Curva;Declive";Não;2;0;2;0;0;0;2;1;-18,732496;-41,98694203;SPRF-MG;DEL06-MG;UOP01-DEL06-MG
572789;05/01/2024;sexta-feira;14:00:00;PR;277;378;GUARAPUAVA;Demais falhas mecânicas ou elétricas;Incêndio;Sem Vítimas;Pleno dia;Crescente;Nublado;Simples;Reta;Não;2;0;0;0;2;0;0;1;-25,40525468;-51,72149594;SPRF-PR;DEL08-PR;UOP01-DEL08-PR
572790;05/01/2024;sexta-feira;17:10:00;AL;104;18;SAO JOSE DA LAJE;Acessar a via sem observar a presença dos outros veículos;Colisão lateral mesmo sentido;Com Vítimas Feridas;Anoitecer;Crescente;Céu Claro;Simples;Reta;Não;2;0;0;1;1;0;1;2;-9,04193899;-36,03775187;SPRF-AL;DEL01-AL;UOP02-DEL01-AL
572791;05/01/2024;sexta-feira;15:45:00;SC;101;28,1;JOINVILLE;Ingestão de álcool pelo condutor;Colisão traseira;Com Vítimas Feridas;Pleno dia;Crescente;Nublado;Dupla;Reta;Não;2;0;1;0;1;0;1;2;-26,20697505;-48,91482635;SPRF-SC;DEL03-SC;UOP01-DEL03-SC
572794;05/01/2024;sexta-feira;17:20:00;SC;101;145;ITAPEMA;Manobra de mudança de faixa;Colisão lateral mesmo sentido;Com Vítimas Feridas;Pleno dia;Decrescente;Ignorado;Dupla;"Aclive;Reta";Sim;2;0;1;0;1;0;1;2;-27,08139206;-48,60130993;SPRF-SC;DEL04-SC;UOP03-DEL04-SC
572796;05/01/2024;sexta-feira;17:40:00;RS;290;91;PORTO ALEGRE;Manobra de mudança de faixa;Colisão lateral mesmo sentido;Sem Vítimas;Pleno dia;Decrescente;Céu Claro;Múltipla;Reta;Sim;4;0;0;0;4;0;0;2;-29,96955555;-51,16954207;SPRF-RS;DEL01-RS;UOP01-DEL01-RS
572798;05/01/2024;sexta-feira;17:12:00;PI;343;347;TERESINA;Animais na Pista;Atropelamento de Animal;Com Vítimas Feridas;Pleno dia;Decrescente;Céu Claro;Simples;Reta;Sim;3;0;1;0;2;0;1;1;-5,114822;-42,778355;SPRF-PI;DEL01-PI;UOP01-DEL01-PI
572800;05/01/2024;sexta-feira;17:45:00;MG;40;700,1;BARBACENA;Reação tardia ou ineficiente do condutor;Colisão com objeto;Com Vítimas Feridas;Anoitecer;Crescente;Garoa/Chuvisco;Dupla;"Aclive;Reta";Não;1;0;1;0;0;0;1;1;-21,17760699;-43,75627477;SPRF-MG;DEL05-MG;UOP02-DEL05-MG
572806;05/01/2024;sexta-feira;18:30:00;RS;290;102;PORTO ALEGRE;Ausência de reação do condutor;Colisão traseira;Com Vítimas Feridas;Pleno dia;Crescente;Céu Claro;Dupla;Reta;Não;5;0;2;0;3;0;2;4;-29,987228;-51,25613;SPRF-RS;DEL01-RS;UOP01-DEL01-RS
572807;05/01/2024;sexta-feira;18:00:00;PR;277;50;MORRETES;Objeto estático sobre o leito carroçável;Colisão com objeto;Com Vítimas Feridas;Pleno dia;Crescente;Céu Claro;Dupla;Reta;Não;6;0;3;0;3;0;3;2;-25,58953351;-48,93562138;SPRF-PR;DEL01-PR;UOP01-DEL01-PR
572808;05/01/2024;sexta-feira;19:00:00;BA;101;502;ITABUNA;Ausência de sinalização;Colisão frontal;Com Vítimas Feridas;Plena Noite;Crescente;Céu Claro;Simples;Reta;Não;3;0;1;0;2;0;1;2;-14,75587634;-39,31097031;SPRF-BA;DEL05-BA;UOP01-DEL05-BA
572809;05/01/2024;sexta-feira;15:00:00;SC;101;386,3;ICARA;Condutor Dormindo;Saída de leito carroçável;Com Vítimas Feridas;Pleno dia;Crescente;Nublado;Dupla;"Declive;Reta";Não;2;0;1;1;0;0;2;1;-28,78720017;-49,3409729;SPRF-SC;DEL02-SC;UOP02-DEL02-SC
572812;05/01/2024;sexta-feira;19:20:00;SC;470;67,6;INDAIAL;Desrespeitar a preferência no cruzamento;Colisão frontal;Com Vítimas Feridas;Plena Noite;Crescente;Nublado;Simples;"Reta;Viaduto";Sim;2;0;0;1;1;0;1;2;-26,872158;-49,23127;SPRF-SC;DEL04-SC;UOP01-DEL04-SC
572813;05/01/2024;sexta-feira;18:15:00;RN;226;68,1;SERRA CAIADA;Acessar a via sem observar a presença dos outros veículos;Colisão transversal;Com Vítimas Feridas;Plena Noite;Decrescente;Céu Claro;Simples;"Interseção de Vias;Reta";Não;2;0;2;0;0;0;2;2;-6,10373269;-35,70531524;SPRF-RN;DEL01-RN;UOP02-DEL01-RN
572814;05/01/2024;sexta-feira;18:02:00;MS;163;256;DOURADOS;Pista Escorregadia;Tombamento;Com Vítimas Feridas;Anoitecer;Decrescente;Céu Claro;Dupla;Rotatória;Sim;1;0;1;0;0;0;1;1;-22,25886483;-54,80359197;SPRF-MS;DEL04-MS;UOP01-DEL04-MS
572815;05/01/2024;sexta-feira;18:45:00;PR;376;104;PARANAVAI;Reação tardia ou ineficiente do condutor;Colisão traseira;Com Vítimas Feridas;Anoitecer;Decrescente;Céu Claro;Simples;"Declive;Interseção de Vias";Não;6;0;2;0;4;0;2;2;-23,05157684;-52,44672491;SPRF-PR;DEL09-PR;UOP02-DEL09-PR
572817;05/01/2024;sexta-feira;10:30:00;SC;101;390,9;CRICIUMA;Chuva;Colisão com objeto;Com Vítimas Feridas;Pleno dia;Decrescente;Chuva;Dupla;Declive;Não;4;0;2;0;2;0;2;1;-28,79513029;-49,35435084;SPRF-SC;DEL02-SC;UOP02-DEL02-SC
572818;05/01/2024;sexta-feira;16:50:00;MG;262;47,7;MANHUACU;Ausência de reação do condutor;Saída de leito carroçável;Com Vítimas Feridas;Pleno dia;Decrescente;Nublado;Simples;Reta;Não;1;0;1;0;0;0;1;1;-20,256748;-42,113142;SPRF-MG;DEL06-MG;UOP03-DEL06-MG
572819;05/01/2024;sexta-feira;16:40:00;MT;174;3;PONTES E LACERDA;Ausência de reação do condutor;Colisão transversal;Com Vítimas Feridas;Pleno dia;Decrescente;Céu Claro;Simples;Reta;Sim;2;0;1;0;1;0;1;2;-15,239971;-59,336494;SPRF-MT;DEL03-MT;UOP01-DEL03-MT
572820;05/01/2024;sexta-feira;19:40:00;SP;116;168,1;JACAREI;Avarias e/ou desgaste excessivo no pneu;Tombamento;Com Vítimas Feridas;Plena Noite;Decrescente;Céu Claro;Múltipla;"Reta;Aclive";Não;2;0;2;0;0;0;2;1;-23,30545902;-46,03567599;SPRF-SP;DEL02-SP;UOP01-DEL02-SP
572821;05/01/2024;sexta-feira;18:30:00;MS;163;14,8;MUNDO NOVO;Ausência de reação do condutor;Colisão traseira;Sem Vítimas;Anoitecer;Decrescente;Céu Claro;Simples;Reta;Não;6;0;0;0;6;0;0;2;-23,95007428;-54,30870967;SPRF-MS;DEL09-MS;UOP02-DEL09-MS
572822;05/01/2024;sexta-feira;18:30:00;SC;280;82,2;CORUPA;Acessar a via sem observar a presença dos outros veículos;Colisão transversal;Com Vítimas Feridas;Plena Noite;Decrescente;Nublado;Simples;"Interseção de Vias;Rotatória";Sim;2;0;1;0;1;0;1;2;-26,44009491;-49,22605498;SPRF-SC;DEL06-SC;UOP03-DEL06-SC
572823;05/01/2024;sexta-feira;20:00:00;RJ;101;313;SAO GONCALO;Ausência de reação do condutor;Colisão com objeto;Com Vítimas Feridas;Plena Noite;Crescente;Céu Claro;Dupla;Reta;Sim;1;0;1;0;0;0;1;1;-22,81049093;-43,06983304;SPRF-RJ;DEL02-RJ;UOP02-DEL02-RJ
572825;05/01/2024;sexta-feira;20:30:00;RJ;116;185;NOVA IGUACU;Mal súbito do condutor;Colisão traseira;Com Vítimas Feridas;Plena Noite;Decrescente;Céu Claro;Dupla;Reta;Sim;5;0;1;0;4;0;1;4;-22,74151051;-43,45351823;SPRF-RJ;DEL06-RJ;UOP01-DEL06-RJ
572828;05/01/2024;sexta-feira;21:30:00;PR;376;176;MARINGA;Acessar a via sem observar a presença dos outros veículos;Colisão lateral mesmo sentido;Com Vítimas Feridas;Plena Noite;Decrescente;Céu Claro;Dupla;Reta;Sim;2;0;2;0;0;0;2;2;-23,41386;-51,928189;SPRF-PR;DEL09-PR;UOP01-DEL09-PR
572830;05/01/2024;sexta-feira;19:30:00;GO;251;20,1;CRISTALINA;Deficiência do Sistema de Iluminação/Sinalização;Colisão traseira;Com Vítimas Feridas;Plena Noite;Crescente;Nublado;Simples;Reta;Não;3;0;2;0;1;0;2;2;-16,16208583;-47,47793198;SPRF-DF;DEL01-DF;UOP01-DEL01-DF
572831;05/01/2024;sexta-feira;18:45:00;PE;232;371;FLORES;Animais na Pista;Atropelamento de Animal;Sem Vítimas;Plena Noite;Crescente;Céu Claro;Simples;"Aclive;Reta";Não;4;0;0;0;4;0;0;1;-8,03126926;-37,96862125;SPRF-PE;DEL04-PE;UOP01-DEL04-PE
572832;05/01/2024;sexta-feira;21:00:00;BA;101;713,8;EUNAPOLIS;Ausência de reação do condutor;Colisão lateral sentido oposto;Com Vítimas Feridas;Plena Noite;Crescente;Céu Claro;Simples;"Reta;Declive";Sim;2;0;0;1;0;1;1;2;-16,5089598;-39,5770756;SPRF-BA;DEL09-BA;UOP01-DEL09-BA
572833;05/01/2024;sexta-feira;20:35:00;SC;282;388,6;JOACABA;Velocidade Incompatível;Colisão frontal;Com Vítimas Fatais;Plena Noite;Decrescente;Céu Claro;Simples;"Reta;Declive";Sim;3;1;1;1;0;0;2;2;-27,177313;-51,530122;SPRF-SC;DEL07-SC;UOP05-DEL07-SC
572835;05/01/2024;sexta-feira;21:10:00;MG;153;55;MONTE ALEGRE DE MINAS;Velocidade Incompatível;Tombamento;Com Vítimas Feridas;Plena Noite;Crescente;Chuva;Dupla;Reta;Não;2;0;1;0;0;1;1;2;-18,85909243;-49,07626033;SPRF-MG;DEL15-MG;UOP03-DEL15-MG
572836;05/01/2024;sexta-feira;21:30:00;SC;101;2,5;GARUVA;Reação tardia ou ineficiente do condutor;Colisão com objeto;Com Vítimas Feridas;Plena Noite;Crescente;Nublado;Dupla;Reta;Não;2;0;2;0;0;0;2;1;-25,99699834;-48,87891655;SPRF-SC;DEL03-SC;UOP01-DEL03-SC
572838;05/01/2024;sexta-feira;20:40:00;RO;319;56;PORTO VELHO;Transitar na contramão;Colisão transversal;Com Vítimas Feridas;Plena Noite;Crescente;Nublado;Simples;"Aclive;Reta";Não;3;0;3;0;0;0;3;2;-8,74204249;-63,9410162;SPRF-RO;DEL01-RO;UOP01-DEL01-RO
572839;05/01/2024;sexta-feira;21:30:00;SC;101;6,2;GARUVA;Acumulo de água sobre o pavimento;Saída de leito carroçável;Com Vítimas Feridas;Plena Noite;Crescente;Chuva;Dupla;"Declive;Curva";Sim;4;0;2;0;2;0;2;1;-26,02880906;-48,8613081;SPRF-SC;DEL03-SC;UOP01-DEL03-SC
572840;05/01/2024;sexta-feira;20:50:00;RN;110;43,6;MOSSORO;Animais na Pista;Atropelamento de Animal;Com Vítimas Feridas;Plena Noite;Decrescente;Céu Claro;Simples;"Aclive;Reta";Sim;2;0;1;0;1;0;1;1;-5,18223639;-37,29640087;SPRF-RN;DEL04-RN;UOP01-DEL04-RN
572841;05/01/2024;sexta-feira;22:00:00;SC;101;124;ITAJAI;Manobra de mudança de faixa;Colisão lateral mesmo sentido;Com Vítimas Feridas;Plena Noite;Crescente;Céu Claro;Múltipla;Reta;Sim;3;0;2;0;1;0;2;2;-26,94335064;-48,69198648;SPRF-SC;DEL04-SC;UOP04-DEL04-SC
572842;05/01/2024;sexta-feira;18:30:00;PB;230;276,8;SANTA LUZIA;Problema com o freio;Saída de leito carroçável;Sem Vítimas;Plena Noite;Crescente;Céu Claro;Simples;"Declive;Curva";Não;4;0;0;0;4;0;0;1;-6,957167;-36,83241;SPRF-PB;DEL03-PB;UOP01-DEL03-PB
572844;05/01/2024;sexta-feira;20:00:00;SC;101;149;ITAPEMA;Acessar a via sem observar a presença dos outros veículos;Queda de ocupante de veículo;Com Vítimas Feridas;Plena Noite;Crescente;Garoa/Chuvisco;Simples;Reta;Sim;2;0;1;0;1;0;1;2;-27,1089649;-48,61277586;SPRF-SC;DEL04-SC;UOP03-DEL04-SC
572845;05/01/2024;sexta-feira;23:00:00;MG;40;511;RIBEIRAO DAS NEVES;Demais falhas na via;Eventos atípicos;Com Vítimas Feridas;Plena Noite;Decrescente;Nublado;Dupla;Reta;Não;2;0;1;0;1;0;1;1;-19,78164295;-44,11733194;SPRF-MG;DEL01-MG;UOP02-DEL01-MG
572846;05/01/2024;sexta-feira;21:40:00;SP;116;48,3;CANAS;Transitar no Acostamento;Tombamento;Com Vítimas Feridas;Plena Noite;Decrescente;Céu Claro;Dupla;Reta;Não;1;0;1;0;0;0;1;1;-22,72498915;-45,06884189;SPRF-SP;DEL08-SP;UOP02-DEL08-SP
572847;05/01/2024;sexta-feira;19:30:00;PI;316;54;MONSENHOR GIL;Ausência de reação do condutor;Colisão traseira;Com Vítimas Feridas;Plena Noite;Decrescente;Céu Claro;Simples;Reta;Não;3;0;0;2;1;0;2;2;-5,52853582;-42,6350258;SPRF-PI;DEL01-PI;UOP02-DEL01-PI
572849;05/01/2024;sexta-feira;18:40:00;MT;163;744;SORRISO;Ingestão de álcool pelo condutor;Tombamento;Com Vítimas Feridas;Plena Noite;Decrescente;Garoa/Chuvisco;Simples;Reta;Não;1;0;1;0;0;0;1;1;-12,6176;-55,7636;SPRF-MT;DEL06-MT;UOP01-DEL06-MT
572851;05/01/2024;sexta-feira;23:20:00;SC;101;163;TIJUCAS;Acumulo de água sobre o pavimento;Tombamento;Com Vítimas Feridas;Plena Noite;Crescente;Chuva;Múltipla;"Declive;Reta";Sim;1;0;1;0;0;0;1;1;-27,23461699;-48,63039809;SPRF-SC;DEL04-SC;UOP03-DEL04-SC
572852;06/01/2024;sábado;00:40:00;ES;262;158,4;IBATIBA;Ingestão de álcool pelo condutor;Colisão traseira;Com Vítimas Feridas;Plena Noite;Crescente;Céu Claro;Simples;"Aclive;Curva";Sim;3;0;1;1;0;1;2;2;-20,23111383;-41,49626094;SPRF-ES;DEL01-ES;UOP02-DEL01-ES
572853;05/01/2024;sexta-feira;23:50:00;MG;381;159,5;GOVERNADOR VALADARES;Ingestão de álcool pelo condutor;Saída de leito carroçável;Com Vítimas Feridas;Plena Noite;Crescente;Nublado;Simples;Retorno Regulamentado;Não;1;0;1;0;0;0;1;1;-18,89048218;-42,00524205;SPRF-MG;DEL06-MG;UOP01-DEL06-MG
572854;06/01/2024;sábado;00:57:00;SC;101;199,1;SAO JOSE;Velocidade Incompatível;Colisão lateral mesmo sentido;Com Vítimas Feridas;Plena Noite;Decrescente;Garoa/Chuvisco;Múltipla;Reta;Sim;5;0;2;0;3;0;2;5;-27,53413705;-48,63003205;SPRF-SC;DEL01-SC;UOP01-DEL01-SC
572855;06/01/2024;sábado;01:15:00;GO;50;273;CATALAO;Ingestão de substâncias psicoativas pelo condutor;Colisão com objeto;Com Vítimas Feridas;Plena Noite;Crescente;Céu Claro;Simples;"Interseção de Vias;Rotatória";Sim;1;0;1;0;0;0;1;1;-18,1302;-47,9047;SPRF-GO;DEL06-GO;UOP01-DEL06-GO
572856;06/01/2024;sábado;00:50:00;SC;282;2,9;FLORIANOPOLIS;Velocidade Incompatível;Colisão traseira;Com Vítimas Feridas;Plena Noite;Crescente;Chuva;Múltipla;Curva;Sim;5;0;5;0;0;0;5;2;-27,603289;-48,590416;SPRF-SC;DEL01-SC;UOP01-DEL01-SC
572857;06/01/2024;sábado;01:20:00;RJ;393;188;PARAIBA DO SUL;Condutor Dormindo;Saída de leito carroçável;Com Vítimas Feridas;Plena Noite;Crescente;Céu Claro;Simples;Reta;Não;1;0;1;0;0;0;1;1;-22,15621776;-43,3079422;SPRF-RJ;DEL05-RJ;UOP03-DEL05-RJ
572858;06/01/2024;sábado;02:49:00;TO;153;761;ALVORADA;Objeto estático sobre o leito carroçável;Colisão com objeto;Sem Vítimas;Plena Noite;Decrescente;Nublado;Simples;Reta;Sim;1;0;0;0;1;0;0;1;-12,48124904;-49,11773068;SPRF-TO;DEL01-TO;UOP02-DEL01-TO
572859;06/01/2024;sábado;00:30:00;SC;470;136,7;RIO DO SUL;Reação tardia ou ineficiente do condutor;Saída de leito carroçável;Com Vítimas Fatais;Plena Noite;Crescente;Céu Claro;Simples;"Curva;Em Obras";Não;2;1;0;1;0;0;1;1;-27,1881332;-49,6102315;SPRF-SC;DEL04-SC;UOP02-DEL04-SC
572860;06/01/2024;sábado;01:00:00;PE;408;105;JABOATAO DOS GUARARAPES;Ausência de reação do condutor;Colisão com objeto;Sem Vítimas;Plena Noite;Crescente;Nublado;Simples;Curva;Sim;1;0;0;0;1;0;0;1;-8,0730937;-34,99190714;SPRF-PE;DEL01-PE;UOP01-DEL01-PE
572861;06/01/2024;sábado;02:30:00;PR;277;590,1;CASCAVEL;Desrespeitar a preferência no cruzamento;Colisão transversal;Sem Vítimas;Plena Noite;Decrescente;Céu Claro;Simples;"Interseção de Vias;Reta";Sim;2;0;0;0;1;1;0;2;-24,98120697;-53,45591501;SPRF-PR;DEL04-PR;UOP01-DEL04-PR
572862;06/01/2024;sábado;02:40:00;MT;163;828;SINOP;Ausência de reação do condutor;Saída de leito carroçável;Sem Vítimas;Plena Noite;Crescente;Nublado;Simples;Reta;Sim;1;0;0;0;0;1;0;1;-11,92275863;-55,51122492;SPRF-MT;DEL06-MT;UOP02-DEL06-MT
572863;06/01/2024;sábado;02:20:00;RS;290;574,5;ALEGRETE;Ausência de sinalização;Colisão com objeto;Com Vítimas Feridas;Plena Noite;Decrescente;Céu Claro;Simples;Interseção de Vias;Não;4;0;1;0;3;0;1;1;-29,822521;-55,719505;SPRF-RS;DEL13-RS;UOP02-DEL13-RS
572864;06/01/2024;sábado;01:00:00;MG;365;282;JOAO PINHEIRO;Transitar na contramão;Colisão frontal;Com Vítimas Fatais;Plena Noite;Decrescente;Nublado;Simples;Reta;Não;38;1;2;0;35;0;2;2;-18,022523;-45,636737;SPRF-MG;DEL10-MG;UOP02-DEL010-MG
572866;06/01/2024;sábado;03:00:00;SC;101;287,3;IMBITUBA;Velocidade Incompatível;Saída de leito carroçável;Sem Vítimas;Plena Noite;Decrescente;Chuva;Dupla;Curva;Não;1;0;0;0;1;0;0;1;-28,25918091;-48,7044096;SPRF-SC;DEL02-SC;UOP03-DEL02-SC
572868;06/01/2024;sábado;03:50:00;PR;376;180,1;MARINGA;Mal súbito do condutor;Saída de leito carroçável;Com Vítimas Feridas;Plena Noite;Crescente;Céu Claro;Múltipla;Reta;Sim;1;0;0;1;0;0;1;1;-23,42244278;-51,90360392;SPRF-PR;DEL09-PR;UOP01-DEL09-PR