id;data_inversa;dia_semana;horario;uf;br;km;municipio;causa_acidente;tipo_acidente;classificacao_acidente;fase_dia;sentido_via;condicao_metereologica;tipo_pista;tracado_via;uso_solo;pessoas;mortos;feridos_leves;feridos_graves;ilesos;ignorados;feridos;veiculos;latitude;longitude;regional;delegacia;uop
572995;06/01/2024;sábado;17:20:00;MG;365;626;UBERLANDIA;Velocidade Incompatível;Colisão com objeto;Com Vítimas Feridas;Pleno dia;Decrescente;Chuva;Dupla;Curva;Sim;1;0;1;0;0;0;1;1;-18,90659356;-48,33469405;SPRF-MG;DEL15-MG;UOP01-DEL15-MG
572996;06/01/2024;sábado;17:50:00;SP;116;497,9;CAJATI;Reação tardia ou ineficiente do condutor;Colisão lateral mesmo sentido;Com Vítimas Feridas;Anoitecer;Crescente;Céu Claro;Dupla;"Retorno Regulamentado;Reta";Não;2;0;1;0;1;0;1;2;-24,77566399;-48,17082817;SPRF-SP;DEL05-SP;UOP02-DEL05-SP
572998;06/01/2024;sábado;17:45:00;SC;101;133;BALNEARIO CAMBORIU;Transitar na contramão;Colisão frontal;Com Vítimas Feridas;Pleno dia;Decrescente;Céu Claro;Simples;Reta;Sim;2;0;0;1;1;0;1;2;-26,99936;-48,64609;SPRF-SC;DEL04-SC;UOP03-DEL04-SC
572999;06/01/2024;sábado;17:20:00;RJ;393;171;TRES RIOS;Ultrapassagem Indevida;Colisão lateral mesmo sentido;Com Vítimas Feridas;Pleno dia;Crescente;Céu Claro;Simples;Reta;Não;2;0;1;0;1;0;1;2;-22,12300119;-43,16875093;SPRF-RJ;DEL05-RJ;UOP03-DEL05-RJ
573001;06/01/2024;sábado;18:30:00;RS;290;26,8;SANTO ANTONIO DA PATRULHA;Demais falhas mecânicas ou elétricas;Queda de ocupante de veículo;Com Vítimas Feridas;Anoitecer;Decrescente;Céu Claro;Múltipla;Reta;Não;2;0;2;0;0;0;2;1;-29,8803182;-50,51108122;SPRF-RS;DEL03-RS;UOP01-DEL03-RS
573002;06/01/2024;sábado;18:00:00;PE;101;75;RECIFE;Reação tardia ou ineficiente do condutor;Engavetamento;Sem Vítimas;Plena Noite;Decrescente;Céu Claro;Dupla;Reta;Sim;4;0;0;0;3;1;0;4;-8,115289;-34,944327;SPRF-PE;DEL01-PE;UOP01-DEL01-PE
573006;06/01/2024;sábado;19:21:00;DF;20;21;BRASILIA;Chuva;Colisão traseira;Com Vítimas Feridas;Plena Noite;Crescente;Chuva;Dupla;Reta;Sim;5;0;2;0;3;0;2;2;-15,603384;-47,684692;SPRF-DF;DEL02-DF;UOP01-DEL02-DF
573007;06/01/2024;sábado;19:00:00;SC;101;116,9;ITAJAI;Ausência de reação do condutor;Tombamento;Com Vítimas Feridas;Plena Noite;Decrescente;Nublado;Dupla;Reta;Não;1;0;0;1;0;0;1;1;-26,87905605;-48,72603512;SPRF-SC;DEL04-SC;UOP04-DEL04-SC
573011;06/01/2024;sábado;19:25:00;PE;407;124;PETROLINA;Pedestre cruzava a pista fora da faixa;Atropelamento de Pedestre;Com Vítimas Feridas;Plena Noite;Decrescente;Céu Claro;Dupla;"Retorno Regulamentado;Reta";Sim;2;0;0;1;1;0;1;2;-9,36929881;-40,54137139;SPRF-PE;DEL06-PE;UOP01-DEL06-PE
573012;06/01/2024;sábado;20:10:00;PI;316;313;PICOS;Ausência de reação do condutor;Colisão transversal;Sem Vítimas;Plena Noite;Decrescente;Céu Claro;Simples;Reta;Sim;1;0;0;0;1;0;0;1;-7,07959049;-41,44975182;SPRF-PI;DEL04-PI;UOP01-DEL04-PI
573013;06/01/2024;sábado;19:40:00;PR;376;168,6;MARINGA;Velocidade Incompatível;Capotamento;Com Vítimas Feridas;Plena Noite;Crescente;Céu Claro;Dupla;"Reta;Aclive";Não;4;0;4;0;0;0;4;1;-23,409788;-51,987453;SPRF-PR;DEL09-PR;UOP01-DEL09-PR
573014;06/01/2024;sábado;19:45:00;SC;282;16,3;PALHOCA;Acessar a via sem observar a presença dos outros veículos;Colisão transversal;Com Vítimas Feridas;Plena Noite;Decrescente;Nublado;Simples;"Reta;Interseção de Vias";Sim;2;0;1;0;1;0;1;2;-27,658611;-48,681847;SPRF-SC;DEL01-SC;UOP02-DEL01-SC
573015;06/01/2024;sábado;18:45:00;RS;285;297,7;PASSO FUNDO;Acessar a via sem observar a presença dos outros veículos;Colisão com objeto;Sem Vítimas;Pleno dia;Decrescente;Céu Claro;Simples;Interseção de Vias;Não;3;0;0;0;3;0;0;2;-28,235136;-52,413391;SPRF-RS;DEL08-RS;UOP03-DEL08-RS
573016;06/01/2024;sábado;18:30:00;MA;135;111;MIRANDA DO NORTE;Manobra de mudança de faixa;Colisão frontal;Com Vítimas Feridas;Anoitecer;Crescente;Ignorado;Simples;"Reta;Declive";Não;2;0;0;1;0;1;1;2;-3,44372711;-44,52377369;SPRF-MA;DEL01-MA;UOP02-DEL01-MA
573017;06/01/2024;sábado;20:20:00;RJ;393;280;BARRA DO PIRAI;Acessar a via sem observar a presença dos outros veículos;Colisão frontal;Com Vítimas Feridas;Plena Noite;Crescente;Céu Claro;Simples;Reta;Sim;2;0;1;0;1;0;1;2;-22,47750785;-44,01954402;SPRF-RJ;DEL05-RJ;UOP04-DEL05-RJ
573018;06/01/2024;sábado;20:18:00;MG;381;529;BRUMADINHO;Demais falhas mecânicas ou elétricas;Incêndio;Sem Vítimas;Plena Noite;Crescente;Nublado;Dupla;Curva;Não;1;0;0;0;1;0;0;1;-20,16619722;-44,36914378;SPRF-MG;DEL04-MG;UOP03-DEL04-MG
573019;06/01/2024;sábado;20:45:00;RS;472;180,8;SANTO CRISTO;Ingestão de álcool pelo condutor;Colisão frontal;Com Vítimas Feridas;Plena Noite;Crescente;Céu Claro;Simples;"Aclive;Curva";Não;4;0;4;0;0;0;4;2;-27,838514;-54,566691;SPRF-RS;DEL10-RS;UOP01-DEL10-RS
573022;06/01/2024;sábado;19:45:00;RJ;356;72;ITALVA;Mal súbito do condutor;Queda de ocupante de veículo;Com Vítimas Feridas;Plena Noite;Crescente;Céu Claro;Simples;Reta;Sim;1;0;0;1;0;0;1;1;-21,39690599;-41,69222213;SPRF-RJ;DEL08-RJ;UOP03-DEL08-RJ
573025;06/01/2024;sábado;21:00:00;MG;381;488,5;BETIM;Demais falhas mecânicas ou elétricas;Tombamento;Com Vítimas Feridas;Plena Noite;Crescente;Nublado;Dupla;Reta;Não;2;0;2;0;0;0;2;1;-19,95626218;-44,12778068;SPRF-MG;DEL01-MG;UOP03-DEL01-MG
573026;06/01/2024;sábado;20:45:00;PR;277;596;CASCAVEL;Acessar a via sem observar a presença dos outros veículos;Colisão transversal;Com Vítimas Feridas;Plena Noite;Crescente;Céu Claro;Simples;"Reta;Interseção de Vias";Sim;2;0;1;0;1;0;1;2;-24,98837665;-53,50778641;SPRF-PR;DEL04-PR;UOP01-DEL04-PR
573027;06/01/2024;sábado;18:25:00;RO;364;424;JARU;Acessar a via sem observar a presença dos outros veículos;Colisão lateral mesmo sentido;Com Vítimas Feridas;Anoitecer;Crescente;Céu Claro;Simples;Reta;Sim;3;0;1;0;2;0;1;2;-10,44457274;-62,46568412;SPRF-RO;DEL03-RO;UOP02-DEL03-RO
573029;06/01/2024;sábado;21:00:00;SC;101;210;SAO JOSE;Ausência de reação do condutor;Tombamento;Com Vítimas Feridas;Plena Noite;Decrescente;Garoa/Chuvisco;Múltipla;Reta;Sim;1;0;1;0;0;0;1;1;-27,6167305;-48,6457265;SPRF-SC;DEL01-SC;UOP01-DEL01-SC
573030;06/01/2024;sábado;21:10:00;PA;230;647;ALTAMIRA;Iluminação deficiente;Colisão traseira;Com Vítimas Feridas;Plena Noite;Decrescente;Céu Claro;Simples;"Declive;Reta";Sim;2;0;1;0;0;1;1;2;-3,22320618;-52,25794799;SPRF-PA;DEL04-PA;UOP01-DEL04-PA
573031;06/01/2024;sábado;19:10:00;PR;163;8,7;BARRACAO;Condutor deixou de manter distância do veículo da frente;Colisão traseira;Sem Vítimas;Pleno dia;Crescente;Sol;Simples;Reta;Sim;2;0;0;0;2;0;0;2;-26,255687;-53,630241;SPRF-PR;DEL02-PR;UOP02-DEL02-PR
573034;06/01/2024;sábado;22:00:00;RN;304;114,6;ACU;Animais na Pista;Atropelamento de Animal;Com Vítimas Feridas;Plena Noite;Crescente;Céu Claro;Simples;Reta;Não;3;0;1;2;0;0;3;3;-5,60985893;-36,90493696;SPRF-RN;DEL04-RN;UOP01-DEL04-RN
573035;06/01/2024;sábado;21:50:00;RJ;116;169;RIO DE JANEIRO;Iluminação deficiente;Colisão com objeto;Sem Vítimas;Plena Noite;Crescente;Nublado;Múltipla;Reta;Sim;3;0;0;0;3;0;0;1;-22,816206;-43,324463;SPRF-RJ;DEL06-RJ;UOP01-DEL06-RJ
573036;06/01/2024;sábado;16:50:00;PA;316;100;SANTA MARIA DO PARA;Ausência de reação do condutor;Colisão traseira;Com Vítimas Feridas;Pleno dia;Decrescente;Céu Claro;Simples;Reta;Não;2;0;1;0;1;0;1;2;-1,33498375;-47,60407895;SPRF-PA;DEL01-PA;UOP02-DEL01-PA
573040;06/01/2024;sábado;21:20:00;PR;277;589,2;CASCAVEL;Condutor deixou de manter distância do veículo da frente;Colisão traseira;Com Vítimas Feridas;Plena Noite;Crescente;Céu Claro;Simples;"Aclive;Reta";Sim;3;0;2;0;1;0;2;2;-24,97777319;-53,44688591;SPRF-PR;DEL04-PR;UOP01-DEL04-PR
573041;06/01/2024;sábado;21:00:00;MG;116;411,8;GOVERNADOR VALADARES;Velocidade Incompatível;Colisão traseira;Com Vítimas Feridas;Plena Noite;Crescente;Ignorado;Dupla;"Reta;Viaduto";Não;3;0;0;2;0;1;2;2;-18,87395368;-41,9666221;SPRF-MG;DEL06-MG;UOP01-DEL06-MG
573043;06/01/2024;sábado;18:00:00;GO;364;113,8;APARECIDA DO RIO DOCE;Acessar a via sem observar a presença dos outros veículos;Colisão transversal;Com Vítimas Feridas;Plena Noite;Decrescente;Céu Claro;Simples;Reta;Sim;2;0;0;1;0;1;1;2;-18,307617;-51,143929;SPRF-GO;DEL05-GO;UOP02-DEL05-GO
573044;06/01/2024;sábado;21:30:00;MA;135;8;SAO LUIS;Animais na Pista;Atropelamento de Animal;Com Vítimas Feridas;Plena Noite;Crescente;Céu Claro;Dupla;Reta;Sim;1;0;1;0;0;0;1;1;-2,64342093;-44,27374175;SPRF-MA;DEL01-MA;UOP01-DEL01-MA
573045;06/01/2024;sábado;21:45:00;RS;392;348,1;SANTA MARIA;Acessar a via sem observar a presença dos outros veículos;Colisão transversal;Com Vítimas Feridas;Plena Noite;Decrescente;Nublado;Simples;"Aclive;Reta";Sim;4;0;2;0;2;0;2;2;-29,756937;-53,788302;SPRF-RS;DEL09-RS;UOP01-DEL09-RS
573048;06/01/2024;sábado;21:40:00;CE;116;172,1;RUSSAS;Animais na Pista;Atropelamento de Animal;Com Vítimas Feridas;Plena Noite;Decrescente;Céu Claro;Simples;Reta;Não;2;0;1;1;0;0;2;1;-4,9974291;-38,04117988;SPRF-CE;DEL03-CE;UOP01-DEL03-CE
573049;06/01/2024;sábado;22:30:00;BA;415;19,4;ILHEUS;Transitar no Acostamento;Atropelamento de Pedestre;Com Vítimas Fatais;Plena Noite;Crescente;Céu Claro;Simples;Reta;Não;2;1;0;0;0;1;0;2;-14,8482;-39,281986;SPRF-BA;DEL05-BA;UOP01-DEL05-BA
573050;06/01/2024;sábado;22:30:00;SP;116;228;SAO PAULO;Mal súbito do condutor;Colisão com objeto;Com Vítimas Feridas;Plena Noite;Decrescente;Nublado;Múltipla;Reta;Não;1;0;1;0;0;0;1;1;-23,50343484;-46,56638712;SPRF-SP;DEL01-SP;UOP01-DEL01-SP
573052;06/01/2024;sábado;23:25:00;RJ;116;142;DUQUE DE CAXIAS;Ingestão de álcool pelo condutor;Saída de leito carroçável;Com Vítimas Feridas;Plena Noite;Decrescente;Garoa/Chuvisco;Dupla;Reta;Sim;1;0;1;0;0;0;1;1;-22,64876087;-43,23031638;SPRF-RJ;DEL01-RJ;UOP02-DEL01-RJ
573054;06/01/2024;sábado;20:00:00;RS;392;350;SANTA MARIA;Reação tardia ou ineficiente do condutor;Colisão transversal;Com Vítimas Feridas;Plena Noite;Decrescente;Céu Claro;Dupla;"Declive;Reta";Não;3;0;1;0;0;2;1;3;-29,73610908;-53,79788213;SPRF-RS;DEL09-RS;UOP01-DEL09-RS
573055;06/01/2024;sábado;23:47:00;PB;230;10;CABEDELO;Iluminação deficiente;Colisão com objeto;Com Vítimas Feridas;Plena Noite;Crescente;Céu Claro;Dupla;Reta;Sim;1;0;1;0;0;0;1;1;-7,0514;-34,8499;SPRF-PB;DEL01-PB;UOP01-DEL01-PB
573057;06/01/2024;sábado;23:30:00;SC;101;103;BALNEARIO PICARRAS;Manobra de mudança de faixa;Colisão traseira;Com Vítimas Feridas;Plena Noite;Crescente;Garoa/Chuvisco;Dupla;Reta;Não;4;0;2;0;2;0;2;2;-26,7832381;-48,68314632;SPRF-SC;DEL03-SC;UOP02-DEL03-SC
573059;06/01/2024;sábado;20:30:00;MT;364;198;RONDONOPOLIS;Reação tardia ou ineficiente do condutor;Saída de leito carroçável;Com Vítimas Feridas;Plena Noite;Decrescente;Céu Claro;Dupla;Retorno Regulamentado;Sim;3;0;1;0;1;1;1;1;-16,50621198;-54,62294799;SPRF-MT;DEL02-MT;UOP01-DEL02-MT
573060;06/01/2024;sábado;23:45:00;PE;428;188;PETROLINA;Manobra de mudança de faixa;Colisão lateral mesmo sentido;Com Vítimas Feridas;Plena Noite;Decrescente;Céu Claro;Dupla;Rotatória;Sim;3;0;2;0;0;1;2;2;-9,36400596;-40,48266808;SPRF-PE;DEL06-PE;UOP01-DEL06-PE
573061;06/01/2024;sábado;23:10:00;PI;343;254,2;CAMPO MAIOR;Animais na Pista;Queda de ocupante de veículo;Com Vítimas Feridas;Plena Noite;Decrescente;Céu Claro;Simples;Reta;Não;2;0;1;0;1;0;1;1;-4,77180215;-42,11327121;SPRF-PI;DEL01-PI;UOP03-DEL01-PI
573063;06/01/2024;sábado;23:30:00;MS;463;63;PONTA PORA;Ingestão de álcool pelo condutor;Colisão com objeto;Sem Vítimas;Plena Noite;Decrescente;Céu Claro;Simples;Reta;Não;1;0;0;0;1;0;0;1;-22,41977737;-55,35147067;SPRF-MS;DEL04-MS;UOP03-DEL04-MS
573064;06/01/2024;sábado;20:00:00;BA;101;828;ITAMARAJU;Ausência de reação do condutor;Saída de leito carroçável;Com Vítimas Feridas;Plena Noite;Decrescente;Céu Claro;Simples;Curva;Não;1;0;1;0;0;0;1;1;-17,16135173;-39,57395631;SPRF-BA;DEL09-BA;UOP02-DEL09-BA
573065;07/01/2024;domingo;00:40:00;PR;277;70;SAO JOSE DOS PINHAIS;Ausência de reação do condutor;Colisão com objeto;Com Vítimas Feridas;Plena Noite;Crescente;Céu Claro;Dupla;Reta;Não;5;0;5;0;0;0;5;1;-25,51219323;-49,12599251;SPRF-PR;DEL01-PR;UOP01-DEL01-PR
573066;07/01/2024;domingo;00:30:00;SP;381;87;SAO PAULO;Condutor deixou de manter distância do veículo da frente;Colisão traseira;Com Vítimas Feridas;Plena Noite;Decrescente;Céu Claro;Múltipla;Curva;Não;2;0;1;0;1;0;1;2;-23,46885001;-46,56996601;SPRF-SP;DEL03-SP;UOP01-DEL03-SP
573067;06/01/2024;sábado;23:50:00;DF;80;21,3;BRASILIA;Pedestre andava na pista;Atropelamento de Pedestre;Com Vítimas Feridas;Plena Noite;Crescente;Chuva;Dupla;Reta;Sim;2;0;0;1;1;0;1;2;-15,658299;-48,20282;SPRF-DF;DEL03-DF;UOP02-DEL03-DF
573068;07/01/2024;domingo;00:15:00;GO;60;222;CEZARINA;Demais falhas mecânicas ou elétricas;Incêndio;Sem Vítimas;Plena Noite;Crescente;Céu Claro;Dupla;"Reta;Declive";Não;1;0;0;0;1;0;0;1;-16,9927;-49,7616;SPRF-GO;DEL01-GO;UOP02-DEL01-GO
573070;07/01/2024;domingo;01:25:00;RS;290;721,2;URUGUAIANA;Reação tardia ou ineficiente do condutor;Colisão traseira;Com Vítimas Feridas;Plena Noite;Decrescente;Céu Claro;Dupla;"Rotatória;Interseção de Vias";Sim;4;0;1;0;3;0;1;1;-29,758587;-57,060295;SPRF-RS;DEL13-RS;UOP01-DEL13-RS
573071;07/01/2024;domingo;01:00:00;RJ;101;484,8;ANGRA DOS REIS;Frear bruscamente;Colisão traseira;Com Vítimas Feridas;Plena Noite;Crescente;Nublado;Simples;Reta;Sim;2;0;1;0;1;0;1;2;-22,99096308;-44,30429882;SPRF-RJ;DEL03-RJ;UOP03-DEL03-RJ
573072;07/01/2024;domingo;00:15:00;SP;101;48;UBATUBA;Acessar a via sem observar a presença dos outros veículos;Colisão transversal;Com Vítimas Feridas;Plena Noite;Crescente;Céu Claro;Dupla;Reta;Sim;2;0;2;0;0;0;2;2;-23,43696329;-45,08768768;SPRF-SP;DEL06-SP;UOP01-DEL06-SP
573074;07/01/2024;domingo;01:00:00;PA;10;17,3;DOM ELISEU;Acesso irregular;Colisão transversal;Com Vítimas Feridas;Plena Noite;Decrescente;Chuva;Simples;Reta;Não;2;0;0;2;0;0;2;2;-4,30201297;-47,55571979;SPRF-PA;DEL02-PA;UOP02-DEL02-PA
573076;07/01/2024;domingo;01:10:00;SP;381;87;SAO PAULO;Ausência de reação do condutor;Colisão com objeto;Sem Vítimas;Plena Noite;Decrescente;Céu Claro;Múltipla;Curva;Sim;1;0;0;0;1;0;0;1;-23,46885001;-46,56996601;SPRF-SP;DEL03-SP;UOP01-DEL03-SP
573077;07/01/2024;domingo;01:47:00;DF;20;7;BRASILIA;Velocidade Incompatível;Capotamento;Sem Vítimas;Plena Noite;Crescente;Céu Claro;Dupla;"Reta;Declive";Sim;1;0;0;0;0;1;0;1;-15,662208;-47,799866;SPRF-DF;DEL02-DF;UOP01-DEL02-DF
573078;07/01/2024;domingo;02:10:00;PB;230;40,1;SANTA RITA;Demais falhas mecânicas ou elétricas;Incêndio;Sem Vítimas;Plena Noite;Decrescente;Céu Claro;Dupla;"Reta;Declive";Não;1;0;0;0;1;0;0;1;-7,1414;-34,9778;SPRF-PB;DEL01-PB;UOP03-DEL01-PB
573080;07/01/2024;domingo;01:00:00;RJ;101;4,3;CAMPOS DOS GOYTACAZES;Ausência de reação do condutor;Tombamento;Com Vítimas Feridas;Plena Noite;Decrescente;Céu Claro;Simples;Reta;Não;1;0;1;0;0;0;1;1;-21,25155306;-41,32614715;SPRF-RJ;DEL08-RJ;UOP01-DEL08-RJ
573081;06/01/2024;sábado;21:00:00;MT;70;611;POCONE;Avarias e/ou desgaste excessivo no pneu;Saída de leito carroçável;Sem Vítimas;Plena Noite;Crescente;Céu Claro;Simples;Curva;Não;4;0;0;0;4;0;0;1;-15,85262815;-56,82197101;SPRF-MT;DEL03-MT;UOP02-DEL03-MT
573082;07/01/2024;domingo;02:30:00;MG;365;603;UBERLANDIA;Velocidade Incompatível;Saída de leito carroçável;Sem Vítimas;Plena Noite;Decrescente;Nublado;Simples;Curva;Não;1;0;0;0;0;1;0;1;-18,89492;-48,130775;SPRF-MG;DEL15-MG;UOP01-DEL15-MG
573084;07/01/2024;domingo;03:30:00;BA;242;850;BARREIRAS;Ingestão de álcool pelo condutor;Colisão com objeto;Com Vítimas Feridas;Plena Noite;Crescente;Céu Claro;Simples;Reta;Não;3;0;0;1;2;0;1;2;-12,10967583;-45,28842497;SPRF-BA;DEL10-BA;UOP01-DEL10-BA
573086;07/01/2024;domingo;02:40:00;SC;163;70;SAO MIGUEL DO OESTE;Ingestão de álcool pelo condutor;Colisão com objeto;Com Vítimas Feridas;Plena Noite;Crescente;Céu Claro;Dupla;Curva;Sim;1;0;1;0;0;0;1;1;-26,73259865;-53,51011276;SPRF-SC;DEL07-SC;UOP03-DEL07-SC
573087;07/01/2024;domingo;02:20:00;RO;319;63;PORTO VELHO;Ingestão de álcool pelo condutor;Colisão traseira;Com Vítimas Feridas;Plena Noite;Crescente;Nublado;Múltipla;"Interseção de Vias;Reta";Sim;2;0;1;0;1;0;1;2;-8,75553578;-63,88687563;SPRF-RO;DEL01-RO;UOP01-DEL01-RO
573088;07/01/2024;domingo;02:10:00;MT;163;685;LUCAS DO RIO VERDE;Reação tardia ou ineficiente do condutor;Tombamento;Com Vítimas Feridas;Plena Noite;Crescente;Céu Claro;Simples;Reta;Sim;1;0;0;1;0;0;1;1;-13,09489;-55,946049;SPRF-MT;DEL06-MT;UOP01-DEL06-MT
573089;07/01/2024;domingo;03:00:00;SP;116;166,3;JACAREI;Demais falhas mecânicas ou elétricas;Incêndio;Sem Vítimas;Plena Noite;Decrescente;Nublado;Dupla;Reta;Sim;1;0;0;0;1;0;0;1;-23,30055667;-46,01686506;SPRF-SP;DEL02-SP;UOP01-DEL02-SP
573090;07/01/2024;domingo;03:50:00;SC;280;49;GUARAMIRIM;Ausência de sinalização;Tombamento;Com Vítimas Feridas;Plena Noite;Crescente;Céu Claro;Simples;Reta;Sim;1;0;1;0;0;0;1;1;-26,45850039;-48,93692786;SPRF-SC;DEL03-SC;UOP03-DEL03-SC
573091;07/01/2024;domingo;03:30:00;MG;262;772,9;UBERABA;Reação tardia ou ineficiente do condutor;Tombamento;Com Vítimas Feridas;Plena Noite;Decrescente;Céu Claro;Simples;"Curva;Rotatória";Não;1;0;1;0;0;0;1;1;-19,71372977;-47,70846322;SPRF-MG;DEL13-MG;UOP01-DEL13-MG
573093;06/01/2024;sábado;22:30:00;SC;101;1;ARARANGUA;Condutor deixou de manter distância do veículo da frente;Colisão traseira;Com Vítimas Feridas;Plena Noite;Crescente;Céu Claro;Simples;Rotatória;Não;2;0;1;0;1;0;1;2;-28,9356;-49,4864;SPRF-SC;DEL02-SC;UOP02-DEL02-SC
573094;07/01/2024;domingo;03:50:00;MG;381;548,9;RIO MANSO;Ausência de reação do condutor;Queda de ocupante de veículo;Com Vítimas Feridas;Plena Noite;Decrescente;Céu Claro;Dupla;Reta;Não;1;0;1;0;0;0;1;1;-20,3102109;-44,44993116;SPRF-MG;DEL04-MG;UOP03-DEL04-MG
573095;07/01/2024;domingo;04:45:00;RJ;116;172;SAO JOAO DE MERITI;Reação tardia ou ineficiente do condutor;Colisão traseira;Com Vítimas Feridas;Amanhecer;Decrescente;Céu Claro;Múltipla;Reta;Não;3;0;1;0;2;0;1;2;-22,80188151;-43,35043673;SPRF-RJ;DEL06-RJ;UOP01-DEL06-RJ
573096;06/01/2024;sábado;20:45:00;SP;153;70,1;SAO JOSE DO RIO PRETO;Ausência de reação do condutor;Colisão traseira;Com Vítimas Feridas;Plena Noite;Decrescente;Nublado;Dupla;Reta;Sim;3;0;2;0;0;1;2;2;-20,85197874;-49,40070263;SPRF-SP;DEL09-SP;UOP01-DEL09-SP
573097;07/01/2024;domingo;04:30:00;GO;414;380,6;CORUMBA DE GOIAS;Ingestão de álcool pelo condutor;Saída de leito carroçável;Com Vítimas Feridas;Plena Noite;Crescente;Nublado;Simples;Curva;Não;2;0;0;2;0;0;2;1;-15,831619;-48,780258;SPRF-GO;DEL02-GO;UOP01-DEL02-GO
573098;07/01/2024;domingo;04:30:00;SC;101;139;BALNEARIO CAMBORIU;Ausência de reação do condutor;Capotamento;Sem Vítimas;Amanhecer;Decrescente;Nublado;Dupla;Curva;Sim;1;0;0;0;1;0;0;1;-27,02982303;-48,60115006;SPRF-SC;DEL04-SC;UOP03-DEL04-SC
573099;07/01/2024;domingo;05:00:00;RJ;101;484;ANGRA DOS REIS;Transitar na contramão;Colisão frontal;Com Vítimas Feridas;Amanhecer;Decrescente;Céu Claro;Simples;"Aclive;Curva";Não;3;0;0;2;0;1;2;2;-22,99096308;-44,30429882;SPRF-RJ;DEL03-RJ;UOP03-DEL03-RJ
573100;07/01/2024;domingo;05:24:00;SC;101;191;BIGUACU;Pista Escorregadia;Saída de leito carroçável;Com Vítimas Feridas;Amanhecer;Decrescente;Chuva;Dupla;Curva;Não;5;0;1;0;4;0;1;2;-27,47730273;-48,64127329;SPRF-SC;DEL01-SC;UOP01-DEL01-SC
573101;07/01/2024;domingo;05:55:00;GO;60;130;GOIANIA;Condutor Dormindo;Colisão traseira;Sem Vítimas;Amanhecer;Decrescente;Céu Claro;Dupla;Reta;Não;4;0;0;0;4;0;0;2;-16,5675;-49,1554;SPRF-GO;DEL01-GO;UOP01-DEL01-GO
573102;07/01/2024;domingo;05:00:00;AL;104;60,9;MURICI;Animais na Pista;Atropelamento de Animal;Com Vítimas Fatais;Amanhecer;Crescente;Céu Claro;Simples;Reta;Não;1;1;0;0;0;0;0;1;-9,31312007;-35,93329509;SPRF-AL;DEL01-AL;UOP02-DEL01-AL
573103;07/01/2024;domingo;04:47:00;GO;20;167,7;ALVORADA DO NORTE;Ingestão de álcool pelo condutor;Saída de leito carroçável;Sem Vítimas;Amanhecer;Decrescente;Céu Claro;Simples;Reta;Não;1;0;0;0;0;1;0;1;-14,567964;-46,57032;SPRF-DF;DEL02-DF;UOP03-DEL02-DF
573104;07/01/2024;domingo;05:15:00;SC;163;1,5;DIONISIO CERQUEIRA;Ingestão de álcool pelo condutor;Colisão com objeto;Com Vítimas Feridas;Amanhecer;Crescente;Céu Claro;Simples;"Em Obras;Reta";Sim;2;0;0;2;0;0;2;1;-26,268284;-53,628391;SPRF-SC;DEL07-SC;UOP03-DEL07-SC
573105;07/01/2024;domingo;04:55:00;RS;392;352,5;SANTA MARIA;Pedestre cruzava a pista fora da faixa;Atropelamento de Pedestre;Com Vítimas Fatais;Plena Noite;Crescente;Céu Claro;Dupla;Reta;Sim;4;1;0;0;1;2;0;2;-29,72361353;-53,80644321;SPRF-RS;DEL09-RS;UOP01-DEL09-RS
573106;07/01/2024;domingo;02:40:00;MG;116;582,7;MANHUACU;Transitar na contramão;Colisão frontal;Com Vítimas Feridas;Plena Noite;Crescente;Céu Claro;Simples;Reta;Não;2;0;1;0;1;0;1;2;-20,20514103;-42,18239627;SPRF-MG;DEL06-MG;UOP03-DEL06-MG
573108;07/01/2024;domingo;05:17:00;SC;101;457,9;SAO JOAO DO SUL;Condutor Dormindo;Colisão com objeto;Sem Vítimas;Pleno dia;Crescente;Céu Claro;Múltipla;Reta;Não;1;0;0;0;1;0;0;1;-29,243574;-49,754735;SPRF-SC;DEL02-SC;UOP02-DEL02-SC
573109;07/01/2024;domingo;05:51:00;GO;60;33;ALEXANIA;Reação tardia ou ineficiente do condutor;Capotamento;Sem Vítimas;Amanhecer;Decrescente;Céu Claro;Dupla;Aclive;Sim;2;0;0;0;0;2;0;1;-16,0963;-48,5202;SPRF-DF;DEL03-DF;UOP01-DEL03-DF
573110;07/01/2024;domingo;05:00:00;SP;116;511;CAJATI;Condutor Dormindo;Colisão com objeto;Com Vítimas Feridas;Amanhecer;Crescente;Nublado;Simples;Reta;Não;3;0;1;0;2;0;1;1;-24,83558399;-48,2223738;SPRF-SP;DEL05-SP;UOP02-DEL05-SP
573111;06/01/2024;sábado;19:40:00;MT;158;642,1;NOVA XAVANTINA;Animais na Pista;Atropelamento de Animal;Com Vítimas Feridas;Plena Noite;Crescente;Nublado;Simples;Reta;Não;4;0;1;1;2;0;2;1;-14,57856201;-52,36195191;SPRF-MT;DEL07-MT;UOP02-DEL07-MT
573112;07/01/2024;domingo;06:26:00;CE;222;4;CAUCAIA;Ausência de reação do condutor;Colisão traseira;Sem Vítimas;Amanhecer;Decrescente;Céu Claro;Múltipla;Reta;Não;3;0;0;0;3;0;0;2;-3,7403769;-38,59569202;SPRF-CE;DEL01-CE;UOP01-DEL01-CE
573113;07/01/2024;domingo;07:15:00;SC;470;74,1;INDAIAL;Demais falhas mecânicas ou elétricas;Incêndio;Sem Vítimas;Pleno dia;Decrescente;Céu Claro;Simples;"Reta;Aclive";Não;1;0;0;0;0;1;0;1;-26,916288;-49,280807;SPRF-SC;DEL04-SC;UOP01-DEL04-SC
573114;07/01/2024;domingo;07:00:00;MG;262;818;UBERABA;Animais na Pista;Atropelamento de Animal;Com Vítimas Feridas;Pleno dia;Decrescente;Céu Claro;Dupla;Reta;Não;2;0;2;0;0;0;2;1;-19,76344636;-48,13141707;SPRF-MG;DEL13-MG;UOP01-DEL13-MG