id;data_inversa;dia_semana;horario;uf;br;km;municipio;causa_acidente;tipo_acidente;classificacao_acidente;fase_dia;sentido_via;condicao_metereologica;tipo_pista;tracado_via;uso_solo;pessoas;mortos;feridos_leves;feridos_graves;ilesos;ignorados;feridos;veiculos;latitude;longitude;regional;delegacia;uop
573466;08/01/2024;segunda-feira;20:30:00;MS;163;77,7;ITAQUIRAI;Ausência de reação do condutor;Atropelamento de Pedestre;Com Vítimas Feridas;Plena Noite;Crescente;Céu Claro;Simples;Reta;Sim;3;0;2;1;0;0;3;2;-23,4831998;-54,18609129;SPRF-MS;DEL09-MS;UOP01-DEL09-MS
573467;08/01/2024;segunda-feira;20:00:00;MG;365;581;INDIANOPOLIS;Ausência de reação do condutor;Saída de leito carroçável;Com Vítimas Feridas;Plena Noite;Crescente;Ignorado;Dupla;Rotatória;Não;2;0;1;0;1;0;1;1;-18,87146919;-47,96460406;SPRF-MG;DEL15-MG;UOP02-DEL15-MG
573468;08/01/2024;segunda-feira;16:20:00;PE;428;187,3;PETROLINA;Ausência de reação do condutor;Colisão lateral mesmo sentido;Com Vítimas Feridas;Pleno dia;Crescente;Céu Claro;Dupla;Reta;Sim;2;0;1;0;1;0;1;2;-9,35604301;-40,47854198;SPRF-PE;DEL06-PE;UOP01-DEL06-PE
573469;08/01/2024;segunda-feira;21:50:00;RJ;101;299;SAO GONCALO;Trafegar com motocicleta (ou similar) entre as faixas;Queda de ocupante de veículo;Sem Vítimas;Plena Noite;Decrescente;Chuva;Dupla;Reta;Sim;1;0;0;0;0;1;0;1;-22,77432673;-42,93823207;SPRF-RJ;DEL02-RJ;UOP02-DEL02-RJ
573471;08/01/2024;segunda-feira;22:50:00;RJ;101;59;CAMPOS DOS GOYTACAZES;Reação tardia ou ineficiente do condutor;Colisão traseira;Com Vítimas Feridas;Plena Noite;Decrescente;Céu Claro;Simples;"Reta;Interseção de Vias";Sim;3;0;1;0;1;1;1;3;-21,71864695;-41,312204;SPRF-RJ;DEL08-RJ;UOP01-DEL08-RJ
573472;08/01/2024;segunda-feira;21:50:00;MS;267;151,5;NOVA ANDRADINA;Pedestre andava na pista;Atropelamento de Pedestre;Com Vítimas Fatais;Plena Noite;Crescente;Céu Claro;Simples;"Reta;Interseção de Vias";Não;2;1;0;0;1;0;0;2;-21,642473;-53,488925;SPRF-MS;DEL02-MS;UOP03-DEL02-MS
573473;08/01/2024;segunda-feira;21:30:00;MG;381;425;CAETE;Chuva;Colisão lateral mesmo sentido;Com Vítimas Feridas;Plena Noite;Decrescente;Chuva;Dupla;"Viaduto;Reta";Não;1;0;0;1;0;0;1;1;-19,789917;-43,68234;SPRF-MG;DEL01-MG;UOP01-DEL01-MG
573474;08/01/2024;segunda-feira;21:00:00;SC;470;354;CAMPOS NOVOS;Demais falhas mecânicas ou elétricas;Incêndio;Sem Vítimas;Plena Noite;Decrescente;Céu Claro;Simples;Curva;Não;1;0;0;0;0;1;0;1;-27,579763;-51,470905;SPRF-SC;DEL07-SC;UOP06-DEL07-SC
573475;08/01/2024;segunda-feira;23:10:00;MG;116;405;GOVERNADOR VALADARES;Ausência de reação do condutor;Saída de leito carroçável;Com Vítimas Feridas;Plena Noite;Decrescente;Nublado;Simples;Reta;Não;1;0;1;0;0;0;1;1;-18,81853329;-41,98467936;SPRF-MG;DEL06-MG;UOP01-DEL06-MG
573476;08/01/2024;segunda-feira;22:00:00;MG;381;264,8;TIMOTEO;Ultrapassagem Indevida;Colisão traseira;Com Vítimas Feridas;Plena Noite;Crescente;Nublado;Simples;Reta;Não;2;0;0;1;1;0;1;2;-19,52389212;-42,65444398;SPRF-MG;DEL03-MG;UOP02-DEL03-MG
573477;08/01/2024;segunda-feira;22:22:00;MS;163;266;DOURADOS;Iluminação deficiente;Colisão lateral mesmo sentido;Com Vítimas Feridas;Plena Noite;Crescente;Céu Claro;Dupla;Reta;Não;4;0;4;0;0;0;4;2;-22,21821026;-54,72287079;SPRF-MS;DEL04-MS;UOP01-DEL04-MS
573479;08/01/2024;segunda-feira;22:30:00;PA;230;116;MARABA;Retorno proibido;Colisão transversal;Com Vítimas Feridas;Plena Noite;Crescente;Nublado;Dupla;Reta;Sim;4;0;0;2;1;1;2;3;-5,35947454;-49,08301084;SPRF-PA;DEL03-PA;UOP01-DEL03-PA
573480;08/01/2024;segunda-feira;22:26:00;GO;20;101;FLORES DE GOIAS;Demais falhas mecânicas ou elétricas;Incêndio;Sem Vítimas;Plena Noite;Crescente;Nublado;Simples;Reta;Não;1;0;0;0;0;1;0;1;-14,940716;-46,986126;SPRF-DF;DEL02-DF;UOP02-DEL02-DF
573481;09/01/2024;terça-feira;00:20:00;RJ;101;454;MANGARATIBA;Condutor Dormindo;Saída de leito carroçável;Com Vítimas Feridas;Plena Noite;Crescente;Céu Claro;Simples;Reta;Não;2;0;1;0;1;0;1;1;-23,0340287;-44,15061917;SPRF-RJ;DEL03-RJ;UOP02-DEL03-RJ
573482;09/01/2024;terça-feira;01:45:00;PR;116;125;FAZENDA RIO GRANDE;Velocidade Incompatível;Saída de leito carroçável;Sem Vítimas;Plena Noite;Decrescente;Garoa/Chuvisco;Dupla;Reta;Sim;1;0;0;0;0;1;0;1;-25,59505309;-49,31630659;SPRF-PR;DEL01-PR;UOP03-DEL01-PR
573485;09/01/2024;terça-feira;03:50:00;GO;153;509,1;APARECIDA DE GOIANIA;Condutor Dormindo;Saída de leito carroçável;Com Vítimas Fatais;Plena Noite;Crescente;Céu Claro;Dupla;Reta;Sim;2;1;0;1;0;0;1;1;-16,7888;-49,2379;SPRF-GO;DEL01-GO;UOP03-DEL01-GO
573486;09/01/2024;terça-feira;03:10:00;PR;277;693;SAO MIGUEL DO IGUACU;Ausência de reação do condutor;Queda de ocupante de veículo;Com Vítimas Feridas;Plena Noite;Crescente;Céu Claro;Dupla;Aclive;Não;2;0;0;1;0;1;1;2;-25,37239725;-54,27033988;SPRF-PR;DEL05-PR;UOP01-DEL05-PR
573487;09/01/2024;terça-feira;04:52:00;GO;60;7,9;SANTO ANTONIO DO DESCOBERTO;Condutor Dormindo;Saída de leito carroçável;Sem Vítimas;Pleno dia;Decrescente;Céu Claro;Dupla;Reta;Não;1;0;0;0;1;0;0;1;-16,10387569;-48,29349518;SPRF-DF;DEL03-DF;UOP01-DEL03-DF
573489;09/01/2024;terça-feira;05:20:00;PB;230;265;JUNCO DO SERIDO;Acessar a via sem observar a presença dos outros veículos;Colisão transversal;Com Vítimas Fatais;Amanhecer;Crescente;Céu Claro;Simples;Reta;Não;2;1;0;0;1;0;0;2;-6,9757;-36,7421;SPRF-PB;DEL03-PB;UOP01-DEL03-PB
573490;04/01/2024;quinta-feira;14:30:00;RJ;40;115;DUQUE DE CAXIAS;Pista esburacada;Tombamento;Com Vítimas Feridas;Pleno dia;Decrescente;Céu Claro;Múltipla;Reta;Sim;2;0;1;0;1;0;1;1;-22,72756999;-43,2891609;SPRF-RJ;DEL01-RJ;UOP02-DEL01-RJ
573495;08/01/2024;segunda-feira;22:30:00;MG;116;415;GOVERNADOR VALADARES;Acessar a via sem observar a presença dos outros veículos;Colisão lateral mesmo sentido;Com Vítimas Feridas;Plena Noite;Crescente;Céu Claro;Simples;Reta;Não;1;0;1;0;0;0;1;1;-18,88401297;-41,94924399;SPRF-MG;DEL06-MG;UOP01-DEL06-MG
573497;09/01/2024;terça-feira;07:00:00;SP;116;228;SAO PAULO;Reação tardia ou ineficiente do condutor;Colisão traseira;Com Vítimas Feridas;Pleno dia;Crescente;Céu Claro;Múltipla;Reta;Sim;2;0;1;0;1;0;1;2;-23,50343484;-46,56638712;SPRF-SP;DEL01-SP;UOP01-DEL01-SP
573498;09/01/2024;terça-feira;07:05:00;PB;230;20;JOAO PESSOA;Condutor deixou de manter distância do veículo da frente;Tombamento;Com Vítimas Feridas;Pleno dia;Decrescente;Céu Claro;Dupla;"Reta;Declive";Sim;2;0;2;0;0;0;2;1;-7,1337;-34,8544;SPRF-PB;DEL01-PB;UOP01-DEL01-PB
573499;09/01/2024;terça-feira;07:00:00;MG;40;521,9;CONTAGEM;Trafegar com motocicleta (ou similar) entre as faixas;Colisão traseira;Com Vítimas Feridas;Pleno dia;Crescente;Chuva;Dupla;Reta;Não;2;0;1;0;1;0;1;2;-19,86614483;-44,06493902;SPRF-MG;DEL01-MG;UOP02-DEL01-MG
573500;09/01/2024;terça-feira;07:10:00;BA;116;16;VITORIA DA CONQUISTA;Desrespeitar a preferência no cruzamento;Colisão transversal;Com Vítimas Feridas;Pleno dia;Decrescente;Céu Claro;Simples;Interseção de Vias;Não;2;0;1;0;1;0;1;2;-14,9024;-40,8442;SPRF-BA;DEL08-BA;UOP01-DEL08-BA
573501;08/01/2024;segunda-feira;21:30:00;RJ;40;119;DUQUE DE CAXIAS;Transitar na contramão;Colisão frontal;Com Vítimas Feridas;Plena Noite;Crescente;Céu Claro;Simples;Curva;Sim;6;0;4;1;1;0;5;2;-22,76375592;-43,28683062;SPRF-RJ;DEL01-RJ;UOP02-DEL01-RJ
573502;09/01/2024;terça-feira;07:30:00;ES;101;143,8;LINHARES;Mal súbito do condutor;Colisão frontal;Com Vítimas Feridas;Pleno dia;Decrescente;Céu Claro;Simples;Reta;Não;2;0;2;0;0;0;2;2;-19,34286596;-40,0638568;SPRF-ES;DEL04-ES;UOP01-DEL04-ES
573503;09/01/2024;terça-feira;07:30:00;RS;116;242;NOVO HAMBURGO;Manobra de mudança de faixa;Colisão lateral sentido oposto;Com Vítimas Feridas;Pleno dia;Decrescente;Céu Claro;Dupla;"Interseção de Vias;Reta";Sim;2;0;1;0;1;0;1;2;-29,72297087;-51,14858729;SPRF-RS;DEL01-RS;UOP02-DEL01-RS
573504;09/01/2024;terça-feira;07:00:00;PR;277;660;MATELANDIA;Demais falhas mecânicas ou elétricas;Colisão com objeto;Com Vítimas Feridas;Amanhecer;Decrescente;Nublado;Dupla;Curva;Não;1;0;0;1;0;0;1;1;-25,25136237;-53,99027796;SPRF-PR;DEL05-PR;UOP02-DEL05-PR
573505;09/01/2024;terça-feira;01:05:00;RO;364;514;ARIQUEMES;Reação tardia ou ineficiente do condutor;Atropelamento de Pedestre;Com Vítimas Feridas;Plena Noite;Decrescente;Céu Claro;Simples;Reta;Sim;1;0;0;1;0;0;1;1;-9,93398403;-63,05522959;SPRF-RO;DEL03-RO;UOP01-DEL03-RO
573506;09/01/2024;terça-feira;08:00:00;PE;428;187;PETROLINA;Ausência de reação do condutor;Colisão traseira;Com Vítimas Feridas;Pleno dia;Crescente;Nublado;Dupla;Rotatória;Sim;3;0;1;0;2;0;1;2;-9,35604301;-40,47854198;SPRF-PE;DEL06-PE;UOP01-DEL06-PE
573508;01/01/2024;segunda-feira;17:20:00;MG;153;222;FRUTAL;Demais falhas na via;Tombamento;Com Vítimas Feridas;Pleno dia;Decrescente;Céu Claro;Simples;Reta;Não;1;0;0;1;0;0;1;1;-20,172567;-49,11351;SPRF-MG;DEL13-MG;UOP02-DEL13-MG
573510;09/01/2024;terça-feira;07:10:00;ES;101;64,9;SAO MATEUS;Demais falhas mecânicas ou elétricas;Incêndio;Sem Vítimas;Pleno dia;Crescente;Nublado;Simples;Aclive;Não;1;0;0;0;1;0;0;1;-18,70428583;-39,87065983;SPRF-ES;DEL04-ES;UOP02-DEL04-ES
573512;09/01/2024;terça-feira;08:00:00;RS;290;22;PORTO ALEGRE;Reação tardia ou ineficiente do condutor;Queda de ocupante de veículo;Com Vítimas Feridas;Pleno dia;Crescente;Céu Claro;Múltipla;Curva;Sim;1;0;1;0;0;0;1;1;-29,97462942;-51,19962275;SPRF-RS;DEL03-RS;UOP01-DEL03-RS
573515;09/01/2024;terça-feira;08:40:00;MG;116;524,8;CARATINGA;Ultrapassagem Indevida;Colisão lateral mesmo sentido;Com Vítimas Feridas;Pleno dia;Crescente;Céu Claro;Simples;Curva;Sim;2;0;0;1;1;0;1;2;-19,76027352;-42,13398823;SPRF-MG;DEL06-MG;UOP02-DEL06-MG
573517;09/01/2024;terça-feira;08:40:00;PR;277;631,8;CEU AZUL;Reação tardia ou ineficiente do condutor;Saída de leito carroçável;Com Vítimas Feridas;Pleno dia;Crescente;Céu Claro;Simples;Reta;Não;1;0;1;0;0;0;1;1;-25,1191791;-53,80080296;SPRF-PR;DEL05-PR;UOP02-DEL05-PR
573518;09/01/2024;terça-feira;08:45:00;SP;116;186;SANTA ISABEL;Avarias e/ou desgaste excessivo no pneu;Tombamento;Com Vítimas Feridas;Pleno dia;Decrescente;Céu Claro;Dupla;Reta;Não;2;0;2;0;0;0;2;1;-23,35220682;-46,19934905;SPRF-SP;DEL01-SP;UOP01-DEL01-SP
573521;09/01/2024;terça-feira;06:40:00;MG;381;568,4;ITAGUARA;Velocidade Incompatível;Saída de leito carroçável;Com Vítimas Feridas;Amanhecer;Crescente;Chuva;Dupla;"Curva;Declive";Não;1;0;1;0;0;0;1;1;-20,40795732;-44,52510925;SPRF-MG;DEL04-MG;UOP03-DEL04-MG
573526;09/01/2024;terça-feira;08:30:00;MG;381;785,2;SAO GONCALO DO SAPUCAI;Velocidade Incompatível;Saída de leito carroçável;Com Vítimas Fatais;Pleno dia;Decrescente;Céu Claro;Dupla;Reta;Não;5;1;2;2;0;0;4;1;-21,88255302;-45,54451394;SPRF-MG;DEL16-MG;UOP02-DEL16-MG
573529;09/01/2024;terça-feira;08:11:00;PR;153;104,5;IBAITI;Acessar a via sem observar a presença dos outros veículos;Colisão transversal;Com Vítimas Feridas;Pleno dia;Crescente;Céu Claro;Simples;Reta;Não;2;0;0;1;1;0;1;2;-23,80536791;-50,17863853;SPRF-PR;DEL07-PR;UOP04-DEL07-PR
573530;09/01/2024;terça-feira;08:00:00;SC;282;17,1;PALHOCA;Conversão proibida;Colisão transversal;Com Vítimas Feridas;Pleno dia;Decrescente;Céu Claro;Simples;Reta;Sim;2;0;0;1;1;0;1;2;-27,665707;-48,688065;SPRF-SC;DEL01-SC;UOP02-DEL01-SC
573535;09/01/2024;terça-feira;08:00:00;PE;424;91,6;GARANHUNS;Conversão proibida;Colisão transversal;Com Vítimas Feridas;Pleno dia;Decrescente;Céu Claro;Simples;Curva;Não;3;0;2;0;1;0;2;2;-8,90409633;-36,49974647;SPRF-PE;DEL03-PE;UOP01-DEL03-PE
573536;09/01/2024;terça-feira;09:18:00;PE;232;409,5;SERRA TALHADA;Transitar no Acostamento;Atropelamento de Pedestre;Com Vítimas Feridas;Pleno dia;Decrescente;Céu Claro;Simples;Reta;Não;2;0;0;1;0;1;1;2;-7,981767;-38,29185;SPRF-PE;DEL04-PE;UOP01-DEL04-PE
573543;06/01/2024;sábado;00:45:00;RJ;0;0;QUEIMADOS;Velocidade Incompatível;Colisão lateral mesmo sentido;Com Vítimas Feridas;Plena Noite;Não Informado;Chuva;Simples;Reta;Não;5;0;1;0;4;0;1;2;-22,74961824;-43,54064226;SPRF-RJ;DEL06-RJ;N/A
573544;09/01/2024;terça-feira;09:40:00;PI;316;3,9;TERESINA;Condutor desrespeitou a iluminação vermelha do semáforo;Colisão transversal;Sem Vítimas;Pleno dia;Crescente;Céu Claro;Simples;"Interseção de Vias;Viaduto";Sim;2;0;0;0;2;0;0;2;-5,12826443;-42,79292384;SPRF-PI;DEL01-PI;UOP02-DEL01-PI
573552;09/01/2024;terça-feira;10:40:00;SC;101;232;PALHOCA;Condutor deixou de manter distância do veículo da frente;Colisão traseira;Sem Vítimas;Pleno dia;Decrescente;Céu Claro;Dupla;"Reta;Aclive";Não;2;0;0;0;2;0;0;2;-27,795666;-48,638153;SPRF-SC;DEL01-SC;UOP02-DEL01-SC
573554;09/01/2024;terça-feira;10:45:00;SC;101;150;ITAPEMA;Manobra de mudança de faixa;Colisão transversal;Com Vítimas Feridas;Pleno dia;Decrescente;Céu Claro;Dupla;Reta;Não;4;0;1;1;2;0;2;3;-27,11744799;-48,60940987;SPRF-SC;DEL04-SC;UOP03-DEL04-SC
573555;07/01/2024;domingo;20:00:00;RJ;116;41;TERESOPOLIS;Acessar a via sem observar a presença dos outros veículos;Colisão transversal;Sem Vítimas;Plena Noite;Crescente;Céu Claro;Simples;Reta;Não;2;0;0;0;2;0;0;2;-22,13943547;-42,78660142;SPRF-RJ;DEL04-RJ;UOP01-DEL04-RJ
573558;03/01/2024;quarta-feira;13:45:00;BA;116;227;EUCLIDES DA CUNHA;Reação tardia ou ineficiente do condutor;Colisão lateral sentido oposto;Com Vítimas Feridas;Pleno dia;Crescente;Nublado;Simples;Reta;Não;5;0;1;0;4;0;1;2;-10,60949696;-38,97018591;SPRF-BA;DEL07-BA;UOP02-DEL07-BA
573561;09/01/2024;terça-feira;12:00:00;BA;116;420,5;FEIRA DE SANTANA;Demais Fenômenos da natureza;Eventos atípicos;Com Vítimas Feridas;Pleno dia;Crescente;Céu Claro;Dupla;"Reta;Desvio Temporário;Em Obras";Sim;3;0;1;0;2;0;1;1;-12,21476852;-38,96581369;SPRF-BA;DEL02-BA;UOP01-DEL02-BA
573563;09/01/2024;terça-feira;11:47:00;PE;101;43;IGARASSU;Condutor deixou de manter distância do veículo da frente;Colisão traseira;Com Vítimas Feridas;Pleno dia;Decrescente;Sol;Múltipla;Reta;Sim;3;0;2;0;1;0;2;2;-7,84753808;-34,90977038;SPRF-PE;DEL01-PE;UOP02-DEL01-PE
573564;09/01/2024;terça-feira;11:10:00;RO;319;62;PORTO VELHO;Desrespeitar a preferência no cruzamento;Colisão transversal;Com Vítimas Feridas;Pleno dia;Crescente;Céu Claro;Dupla;"Retorno Regulamentado;Reta";Sim;2;0;1;0;1;0;1;2;-8,766685;-63,884052;SPRF-RO;DEL01-RO;UOP01-DEL01-RO
573566;09/01/2024;terça-feira;13:00:00;GO;414;384;CORUMBA DE GOIAS;Ingestão de álcool pelo condutor;Saída de leito carroçável;Com Vítimas Feridas;Pleno dia;Crescente;Céu Claro;Simples;Reta;Não;1;0;0;1;0;0;1;1;-15,86700306;-48,77386088;SPRF-GO;DEL02-GO;UOP01-DEL02-GO
573567;09/01/2024;terça-feira;13:06:00;TO;153;259,1;COLINAS DO TOCANTINS;Condutor Dormindo;Saída de leito carroçável;Com Vítimas Feridas;Pleno dia;Decrescente;Céu Claro;Simples;Reta;Não;3;0;2;1;0;0;3;1;-8,163769;-48,464999;SPRF-TO;DEL02-TO;UOP02-DEL02-TO
573574;09/01/2024;terça-feira;14:00:00;MG;40;700,6;BARBACENA;Acessar a via sem observar a presença dos outros veículos;Colisão transversal;Com Vítimas Feridas;Pleno dia;Crescente;Sol;Dupla;"Reta;Declive";Não;2;0;2;0;0;0;2;2;-21,211363;-43,749588;SPRF-MG;DEL05-MG;UOP02-DEL05-MG
573576;09/01/2024;terça-feira;13:00:00;PE;101;68;RECIFE;Condutor deixou de manter distância do veículo da frente;Engavetamento;Com Vítimas Feridas;Pleno dia;Decrescente;Sol;Simples;"Reta;Viaduto";Sim;5;0;1;0;4;0;1;3;-8,051487;-34,946057;SPRF-PE;DEL01-PE;UOP01-DEL01-PE
573577;09/01/2024;terça-feira;11:30:00;MG;116;764,9;LEOPOLDINA;Pedestre cruzava a pista fora da faixa;Atropelamento de Pedestre;Com Vítimas Feridas;Pleno dia;Crescente;Céu Claro;Múltipla;"Declive;Interseção de Vias";Não;2;0;1;0;1;0;1;2;-21,52171912;-42,64030314;SPRF-MG;DEL07-MG;UOP01-DEL07-MG
573579;09/01/2024;terça-feira;13:40:00;SP;116;55,1;LORENA;Mal súbito do condutor;Colisão com objeto;Com Vítimas Feridas;Pleno dia;Crescente;Céu Claro;Dupla;Reta;Não;3;0;2;0;1;0;2;1;-22,76356421;-45,12272385;SPRF-SP;DEL08-SP;UOP02-DEL08-SP
573581;09/01/2024;terça-feira;12:45:00;PE;104;65,8;CARUARU;Ausência de reação do condutor;Colisão traseira;Com Vítimas Feridas;Pleno dia;Crescente;Nublado;Dupla;"Declive;Reta";Sim;3;0;1;0;2;0;1;3;-8,2867;-35,9838;SPRF-PE;DEL02-PE;UOP01-DEL02-PE
573582;09/01/2024;terça-feira;11:50:00;MG;116;808,3;ALEM PARAIBA;Acessar a via sem observar a presença dos outros veículos;Colisão transversal;Com Vítimas Feridas;Pleno dia;Decrescente;Sol;Simples;Reta;Não;4;0;3;0;1;0;3;3;-21,81917799;-42,68924498;SPRF-MG;DEL07-MG;UOP01-DEL07-MG
573583;09/01/2024;terça-feira;12:25:00;RS;101;1,9;TORRES;Acessar a via sem observar a presença dos outros veículos;Tombamento;Com Vítimas Feridas;Pleno dia;Decrescente;Nublado;Dupla;Reta;Não;1;0;1;0;0;0;1;1;-29,31602055;-49,77423549;SPRF-RS;DEL03-RS;UOP02-DEL03-RS
573584;02/01/2024;terça-feira;22:45:00;MG;116;412,1;GOVERNADOR VALADARES;Retorno proibido;Colisão transversal;Com Vítimas Feridas;Plena Noite;Decrescente;Chuva;Simples;Reta;Sim;2;0;1;0;1;0;1;2;-18,8781889;-41,96228027;SPRF-MG;DEL06-MG;UOP01-DEL06-MG
573586;09/01/2024;terça-feira;13:30:00;SC;101;193,2;BIGUACU;Ingestão de álcool pelo condutor;Saída de leito carroçável;Sem Vítimas;Pleno dia;Crescente;Céu Claro;Múltipla;Curva;Sim;1;0;0;0;1;0;0;1;-27,489574;-48,655914;SPRF-SC;DEL01-SC;UOP01-DEL01-SC
573587;09/01/2024;terça-feira;12:00:00;RJ;40;123;DUQUE DE CAXIAS;Ausência de reação do condutor;Saída de leito carroçável;Com Vítimas Feridas;Pleno dia;Decrescente;Céu Claro;Dupla;Reta;Sim;1;0;1;0;0;0;1;1;-22,79907687;-43,29015739;SPRF-RJ;DEL01-RJ;UOP02-DEL01-RJ
573590;09/01/2024;terça-feira;14:40:00;PR;116;33,8;CAMPINA GRANDE DO SUL;Reação tardia ou ineficiente do condutor;Tombamento;Com Vítimas Feridas;Pleno dia;Decrescente;Chuva;Dupla;"Declive;Curva";Não;1;0;1;0;0;0;1;1;-25,1152842;-48,85224223;SPRF-PR;DEL01-PR;UOP02-DEL01-PR
573591;09/01/2024;terça-feira;15:00:00;SC;101;136;BALNEARIO CAMBORIU;Acessar a via sem observar a presença dos outros veículos;Colisão lateral mesmo sentido;Com Vítimas Feridas;Pleno dia;Decrescente;Céu Claro;Dupla;Reta;Não;3;0;2;0;1;0;2;2;-27,008113;-48,617245;SPRF-SC;DEL04-SC;UOP03-DEL04-SC
573592;09/01/2024;terça-feira;15:30:00;SP;116;282;EMBU DAS ARTES;Ausência de reação do condutor;Queda de ocupante de veículo;Com Vítimas Feridas;Pleno dia;Crescente;Nublado;Dupla;"Declive;Curva";Não;1;0;1;0;0;0;1;1;-23,68570216;-46,85970975;SPRF-SP;DEL04-SP;UOP01-DEL04-SP
573593;09/01/2024;terça-feira;15:00:00;PR;116;30;CAMPINA GRANDE DO SUL;Reação tardia ou ineficiente do condutor;Saída de leito carroçável;Com Vítimas Feridas;Pleno dia;Crescente;Garoa/Chuvisco;Dupla;"Curva;Declive";Não;3;0;3;0;0;0;3;1;-25,10003092;-48,82089801;SPRF-PR;DEL01-PR;UOP02-DEL01-PR
573594;01/01/2024;segunda-feira;16:00:00;MG;153;88,9;PRATA;Acumulo de água sobre o pavimento;Saída de leito carroçável;Com Vítimas Feridas;Pleno dia;Crescente;Chuva;Simples;"Curva;Aclive";Não;5;0;5;0;0;0;5;1;-19,12589594;-48,96661173;SPRF-MG;DEL15-MG;UOP03-DEL15-MG
573596;09/01/2024;terça-feira;16:00:00;PR;277;641,8;CEU AZUL;Avarias e/ou desgaste excessivo no pneu;Colisão transversal;Com Vítimas Fatais;Pleno dia;Crescente;Chuva;Simples;Curva;Não;5;1;1;2;1;0;3;3;-25,17656952;-53,86489517;SPRF-PR;DEL05-PR;UOP02-DEL05-PR
573599;09/01/2024;terça-feira;15:45:00;PR;376;190;MARIALVA;Avarias e/ou desgaste excessivo no pneu;Tombamento;Com Vítimas Feridas;Pleno dia;Crescente;Céu Claro;Dupla;Curva;Sim;1;0;0;1;0;0;1;1;-23,47560277;-51,81167587;SPRF-PR;DEL09-PR;UOP01-DEL09-PR
573600;09/01/2024;terça-feira;15:00:00;PR;158;525,1;PATO BRANCO;Reação tardia ou ineficiente do condutor;Colisão com objeto;Com Vítimas Feridas;Pleno dia;Crescente;Vento;Simples;Reta;Não;1;0;1;0;0;0;1;1;-26,15019792;-52,66273226;SPRF-PR;DEL02-PR;UOP01-DEL02-PR
573601;09/01/2024;terça-feira;16:30:00;SE;235;52;ITABAIANA;Desrespeitar a preferência no cruzamento;Colisão transversal;Com Vítimas Feridas;Pleno dia;Crescente;Céu Claro;Simples;Reta;Sim;3;0;2;0;1;0;2;2;-10,693279;-37,437557;SPRF-SE;DEL01-SE;UOP02-DEL01-SE
573602;09/01/2024;terça-feira;15:00:00;MS;262;752,8;CORUMBA;Demais falhas mecânicas ou elétricas;Incêndio;Sem Vítimas;Pleno dia;Crescente;Céu Claro;Simples;Reta;Não;60;0;0;0;60;0;0;1;-19,21265799;-57,64541874;SPRF-MS;DEL03-MS;UOP03-DEL03-MS
573604;09/01/2024;terça-feira;16:40:00;SC;101;274,8;IMBITUBA;Pedestre andava na pista;Atropelamento de Pedestre;Com Vítimas Feridas;Pleno dia;Decrescente;Nublado;Múltipla;Reta;Não;2;0;1;1;0;0;2;2;-28,129852;-48,69322;SPRF-SC;DEL02-SC;UOP03-DEL02-SC
573605;09/01/2024;terça-feira;16:10:00;PR;116;109;CURITIBA;Ausência de reação do condutor;Colisão lateral mesmo sentido;Com Vítimas Feridas;Pleno dia;Crescente;Chuva;Dupla;Reta;Sim;3;0;2;0;1;0;2;2;-25,57140489;-49,20748999;SPRF-PR;DEL01-PR;UOP07-DEL01-PR
573606;09/01/2024;terça-feira;16:00:00;BA;242;417;SEABRA;Ingestão de álcool pelo condutor;Colisão frontal;Com Vítimas Feridas;Pleno dia;Decrescente;Céu Claro;Simples;"Declive;Reta";Não;3;0;1;0;1;1;1;3;-12,43099561;-41,79739105;SPRF-BA;DEL06-BA;UOP01-DEL06-BA
573608;09/01/2024;terça-feira;17:20:00;PB;230;18,8;JOAO PESSOA;Condutor deixou de manter distância do veículo da frente;Colisão traseira;Com Vítimas Feridas;Pleno dia;Crescente;Céu Claro;Dupla;Reta;Sim;2;0;1;0;1;0;1;2;-7,1198;-34,8453;SPRF-PB;DEL01-PB;UOP01-DEL01-PB
573610;09/01/2024;terça-feira;14:30:00;BA;116;567;NOVA ITARANA;Acessar a via sem observar a presença dos outros veículos;Colisão transversal;Com Vítimas Feridas;Pleno dia;Crescente;Sol;Simples;Interseção de Vias;Não;8;0;3;0;5;0;3;2;-12,98625197;-39,94414505;SPRF-BA;DEL03-BA;UOP02-DEL03-BA
573612;09/01/2024;terça-feira;17:30:00;DF;40;4,3;BRASILIA;Condutor deixou de manter distância do veículo da frente;Colisão traseira;Com Vítimas Feridas;Pleno dia;Crescente;Nublado;Dupla;Reta;Sim;2;0;1;0;1;0;1;2;-16,012033;-47,982124;SPRF-DF;DEL01-DF;UOP01-DEL01-DF
573613;09/01/2024;terça-feira;16:35:00;RS;158;565,8;SANTANA DO LIVRAMENTO;Desrespeitar a preferência no cruzamento;Colisão transversal;Com Vítimas Feridas;Pleno dia;Crescente;Céu Claro;Simples;Interseção de Vias;Não;4;0;0;1;3;0;1;2;-30,8765186;-55,51091194;SPRF-RS;DEL11-RS;UOP01-DEL11-RS
573614;09/01/2024;terça-feira;17:35:00;MG;116;548,6;SANTA BARBARA DO LESTE;Acessar a via sem observar a presença dos outros veículos;Colisão lateral mesmo sentido;Com Vítimas Feridas;Pleno dia;Crescente;Chuva;Simples;"Curva;Declive";Não;3;0;1;0;2;0;1;2;-19,95272398;-42,13044183;SPRF-MG;DEL06-MG;UOP02-DEL06-MG