id;data_inversa;dia_semana;horario;uf;br;km;municipio;causa_acidente;tipo_acidente;classificacao_acidente;fase_dia;sentido_via;condicao_metereologica;tipo_pista;tracado_via;uso_solo;pessoas;mortos;feridos_leves;feridos_graves;ilesos;ignorados;feridos;veiculos;latitude;longitude;regional;delegacia;uop
573615;04/01/2024;quinta-feira;10:40:00;RJ;101;328;RIO DE JANEIRO;Demais falhas mecânicas ou elétricas;Incêndio;Sem Vítimas;Pleno dia;Decrescente;Nublado;Dupla;Reta;Não;1;0;0;0;1;0;0;1;-22,87028692;-43,16579699;SPRF-RJ;DEL02-RJ;UOP01-DEL02-RJ
573616;09/01/2024;terça-feira;17:00:00;RJ;40;124;RIO DE JANEIRO;Ausência de reação do condutor;Colisão traseira;Com Vítimas Feridas;Pleno dia;Decrescente;Céu Claro;Simples;Reta;Sim;2;0;1;0;1;0;1;2;-22,807953;-43,289124;SPRF-RJ;DEL01-RJ;UOP02-DEL01-RJ
573617;09/01/2024;terça-feira;17:00:00;PI;316;295;PICOS;Acessar a via sem observar a presença dos outros veículos;Colisão transversal;Com Vítimas Feridas;Pleno dia;Decrescente;Céu Claro;Simples;"Reta;Interseção de Vias";Não;2;0;2;0;0;0;2;2;-7,0181459;-41,57975095;SPRF-PI;DEL04-PI;UOP01-DEL04-PI
573620;09/01/2024;terça-feira;16:00:00;MG;50;73;UBERLANDIA;Reação tardia ou ineficiente do condutor;Colisão traseira;Com Vítimas Feridas;Pleno dia;Crescente;Nublado;Dupla;Reta;Sim;2;0;1;0;1;0;1;2;-18,85140204;-48,25345932;SPRF-MG;DEL15-MG;UOP01-DEL15-MG
573621;09/01/2024;terça-feira;17:45:00;CE;116;41,3;HORIZONTE;Acessar a via sem observar a presença dos outros veículos;Colisão transversal;Com Vítimas Feridas;Plena Noite;Crescente;Céu Claro;Dupla;Reta;Sim;3;0;2;0;1;0;2;2;-4,1024351;-38,50001011;SPRF-CE;DEL01-CE;UOP02-DEL01-CE
573622;09/01/2024;terça-feira;17:45:00;SC;101;329,5;TUBARAO;Ausência de reação do condutor;Colisão traseira;Com Vítimas Feridas;Anoitecer;Decrescente;Nublado;Dupla;Reta;Não;2;0;1;0;1;0;1;2;-28,44404822;-48,96611372;SPRF-SC;DEL02-SC;UOP01-DEL02-SC
573623;09/01/2024;terça-feira;17:50:00;SP;116;164,8;JACAREI;Manobra de mudança de faixa;Colisão lateral mesmo sentido;Com Vítimas Feridas;Pleno dia;Crescente;Sol;Dupla;Reta;Não;2;0;1;0;1;0;1;2;-23,29691791;-46,00798704;SPRF-SP;DEL02-SP;UOP01-DEL02-SP
573624;09/01/2024;terça-feira;15:30:00;RS;386;165,9;CARAZINHO;Acumulo de água sobre o pavimento;Saída de leito carroçável;Com Vítimas Feridas;Pleno dia;Crescente;Chuva;Simples;Reta;Não;2;0;2;0;0;0;2;1;-28,197134;-52,827736;SPRF-RS;DEL08-RS;UOP01-DEL08-RS
573628;09/01/2024;terça-feira;17:22:00;BA;101;526;BUERAREMA;Velocidade Incompatível;Atropelamento de Pedestre;Com Vítimas Fatais;Anoitecer;Decrescente;Céu Claro;Simples;Reta;Não;2;1;0;0;0;1;0;2;-14,97094689;-39,3210876;SPRF-BA;DEL05-BA;UOP01-DEL05-BA
573629;09/01/2024;terça-feira;18:00:00;RN;304;297;MACAIBA;Manobra de mudança de faixa;Colisão lateral mesmo sentido;Com Vítimas Feridas;Plena Noite;Crescente;Céu Claro;Dupla;"Rotatória;Reta";Sim;2;0;1;0;1;0;1;2;-5,864618;-35,343445;SPRF-RN;DEL01-RN;UOP02-DEL01-RN
573631;09/01/2024;terça-feira;17:50:00;MS;163;484,4;CAMPO GRANDE;Desrespeitar a preferência no cruzamento;Colisão transversal;Com Vítimas Feridas;Pleno dia;Decrescente;Céu Claro;Simples;"Reta;Interseção de Vias";Sim;4;0;2;0;2;0;2;2;-20,45104898;-54,5403266;SPRF-MS;DEL01-MS;UOP02-DEL01-MS
573632;09/01/2024;terça-feira;18:20:00;SP;116;225;GUARULHOS;Chuva;Tombamento;Com Vítimas Feridas;Anoitecer;Decrescente;Chuva;Dupla;Reta;Sim;1;0;1;0;0;0;1;1;-23,48586772;-46,54075317;SPRF-SP;DEL01-SP;UOP01-DEL01-SP
573633;09/01/2024;terça-feira;18:20:00;SC;101;211,8;PALHOCA;Manobra de mudança de faixa;Colisão lateral mesmo sentido;Com Vítimas Feridas;Anoitecer;Decrescente;Garoa/Chuvisco;Múltipla;Reta;Não;2;0;0;1;1;0;1;2;-27,62329313;-48,65245588;SPRF-SC;DEL01-SC;UOP02-DEL01-SC
573635;09/01/2024;terça-feira;18:55:00;CE;222;222,2;SOBRAL;Entrada inopinada do pedestre;Atropelamento de Pedestre;Com Vítimas Feridas;Plena Noite;Crescente;Céu Claro;Simples;Reta;Sim;2;0;1;0;0;1;1;2;-3,72134641;-40,32871618;SPRF-CE;DEL04-CE;UOP01-DEL04-CE
573636;09/01/2024;terça-feira;19:00:00;CE;222;13;CAUCAIA;Acessar a via sem observar a presença dos outros veículos;Atropelamento de Pedestre;Com Vítimas Feridas;Plena Noite;Crescente;Céu Claro;Simples;"Em Obras;Reta";Não;2;0;1;0;1;0;1;2;-3,762488;-38,681833;SPRF-CE;DEL01-CE;UOP01-DEL01-CE
573638;09/01/2024;terça-feira;18:45:00;DF;40;3,7;BRASILIA;Ausência de reação do condutor;Colisão traseira;Com Vítimas Feridas;Plena Noite;Crescente;Nublado;Dupla;"Aclive;Reta";Não;2;0;1;0;1;0;1;2;-16,003145;-47,983944;SPRF-DF;DEL01-DF;UOP01-DEL01-DF
573639;09/01/2024;terça-feira;19:18:00;ES;101;277,5;SERRA;Acessar a via sem observar a presença dos outros veículos;Tombamento;Com Vítimas Feridas;Pleno dia;Crescente;Céu Claro;Dupla;Reta;Sim;2;0;2;0;0;0;2;1;-20,218122;-40,339325;SPRF-ES;DEL02-ES;UOP01-DEL02-ES
573640;09/01/2024;terça-feira;18:50:00;RJ;40;113;DUQUE DE CAXIAS;Demais falhas mecânicas ou elétricas;Queda de ocupante de veículo;Com Vítimas Feridas;Plena Noite;Decrescente;Céu Claro;Dupla;"Aclive;Reta";Não;2;0;2;0;0;0;2;1;-22,70948502;-43,29040354;SPRF-RJ;DEL01-RJ;UOP02-DEL01-RJ
573641;09/01/2024;terça-feira;19:42:00;RN;304;33;MOSSORO;Animais na Pista;Atropelamento de Animal;Com Vítimas Feridas;Plena Noite;Decrescente;Céu Claro;Múltipla;Reta;Sim;1;0;1;0;0;0;1;1;-5,1436187;-37,34679947;SPRF-RN;DEL04-RN;UOP02-DEL04-RN
573642;09/01/2024;terça-feira;19:30:00;DF;70;12,5;BRASILIA;Trafegar com motocicleta (ou similar) entre as faixas;Colisão transversal;Com Vítimas Feridas;Plena Noite;Crescente;Nublado;Dupla;Reta;Não;3;0;1;0;2;0;1;2;-15,792243;-48,158543;SPRF-DF;DEL03-DF;UOP02-DEL03-DF
573649;09/01/2024;terça-feira;20:15:00;SC;470;22;ILHOTA;Ausência de reação do condutor;Tombamento;Com Vítimas Feridas;Plena Noite;Decrescente;Nublado;Dupla;Viaduto;Não;1;0;0;1;0;0;1;1;-26,880066;-48,836224;SPRF-SC;DEL04-SC;UOP04-DEL04-SC
573651;09/01/2024;terça-feira;19:10:00;SP;116;226;GUARULHOS;Chuva;Queda de ocupante de veículo;Com Vítimas Feridas;Plena Noite;Decrescente;Chuva;Dupla;"Aclive;Reta";Não;1;0;1;0;0;0;1;1;-23,49102507;-46,54878195;SPRF-SP;DEL01-SP;UOP01-DEL01-SP
573652;09/01/2024;terça-feira;19:45:00;PE;101;51,6;PAULISTA;Desrespeitar a preferência no cruzamento;Colisão transversal;Com Vítimas Feridas;Plena Noite;Decrescente;Céu Claro;Simples;Reta;Sim;3;0;1;2;0;0;3;2;-7,9169968;-34,89689272;SPRF-PE;DEL01-PE;UOP02-DEL01-PE
573653;09/01/2024;terça-feira;17:00:00;PR;277;216;TEIXEIRA SOARES;Demais falhas mecânicas ou elétricas;Queda de ocupante de veículo;Com Vítimas Feridas;Pleno dia;Crescente;Céu Claro;Simples;Reta;Não;2;0;2;0;0;0;2;1;-25,45928696;-50,34213707;SPRF-PR;DEL08-PR;UOP02-DEL08-PR
573654;09/01/2024;terça-feira;19:30:00;MS;163;630,4;SAO GABRIEL DO OESTE;Demais falhas mecânicas ou elétricas;Incêndio;Sem Vítimas;Plena Noite;Crescente;Céu Claro;Dupla;Reta;Não;1;0;0;0;1;0;0;1;-19,28588606;-54,64282106;SPRF-MS;DEL06-MS;UOP02-DEL06-MS
573655;09/01/2024;terça-feira;19:50:00;MG;381;929,2;ITAPEVA;Ingestão de álcool pelo condutor;Saída de leito carroçável;Com Vítimas Fatais;Plena Noite;Decrescente;Nublado;Dupla;Curva;Não;1;1;0;0;0;0;0;1;-22,77097808;-46,23617649;SPRF-MG;DEL16-MG;UOP03-DEL16-MG
573656;09/01/2024;terça-feira;10:10:00;PA;230;1;ALTAMIRA;Reação tardia ou ineficiente do condutor;Tombamento;Com Vítimas Feridas;Pleno dia;Decrescente;Céu Claro;Dupla;"Declive;Reta;Interseção de Vias";Sim;2;0;0;1;1;0;1;2;-3,203721;-52,206787;SPRF-PA;DEL04-PA;UOP01-DEL04-PA
573659;09/01/2024;terça-feira;20:30:00;SP;116;489;CAJATI;Reação tardia ou ineficiente do condutor;Queda de ocupante de veículo;Com Vítimas Feridas;Plena Noite;Decrescente;Céu Claro;Simples;"Rotatória;Curva";Sim;1;0;1;0;0;0;1;1;-24,73034183;-48,10760707;SPRF-SP;DEL05-SP;UOP01-DEL05-SP
573660;09/01/2024;terça-feira;19:10:00;RO;429;156;SAO MIGUEL DO GUAPORE;Objeto estático sobre o leito carroçável;Queda de ocupante de veículo;Com Vítimas Feridas;Plena Noite;Decrescente;Céu Claro;Simples;Reta;Não;1;0;0;1;0;0;1;1;-11,71037389;-62,68764797;SPRF-RO;DEL02-RO;UOP03-DEL02-RO
573662;09/01/2024;terça-feira;22:05:00;PA;316;105;SANTA MARIA DO PARA;Acesso irregular;Colisão transversal;Sem Vítimas;Plena Noite;Crescente;Céu Claro;Simples;Reta;Não;2;0;0;0;2;0;0;2;-1,34280151;-47,55991892;SPRF-PA;DEL01-PA;UOP02-DEL01-PA
573663;09/01/2024;terça-feira;09:50:00;RS;116;269;CANOAS;Ausência de reação do condutor;Tombamento;Com Vítimas Feridas;Plena Noite;Decrescente;Céu Claro;Dupla;Reta;Sim;2;0;1;0;0;1;1;2;-29,95942501;-51,17608515;SPRF-RS;DEL01-RS;UOP01-DEL01-RS
573665;09/01/2024;terça-feira;23:00:00;GO;40;0;VALPARAISO DE GOIAS;Transitar na contramão;Colisão frontal;Sem Vítimas;Plena Noite;Crescente;Nublado;Dupla;Reta;Sim;3;0;0;0;3;0;0;3;-16,05393824;-47,98216581;SPRF-DF;DEL01-DF;UOP01-DEL01-DF
573666;09/01/2024;terça-feira;22:30:00;PE;423;87,4;SAO JOAO;Ausência de reação do condutor;Queda de ocupante de veículo;Com Vítimas Fatais;Plena Noite;Decrescente;Céu Claro;Simples;Reta;Não;1;1;0;0;0;0;0;1;-8,821927;-36,448862;SPRF-PE;DEL03-PE;UOP01-DEL03-PE
573670;10/01/2024;quarta-feira;00:13:00;RO;319;63;PORTO VELHO;Condutor desrespeitou a iluminação vermelha do semáforo;Colisão transversal;Com Vítimas Feridas;Plena Noite;Crescente;Céu Claro;Dupla;"Reta;Interseção de Vias";Sim;3;0;2;0;1;0;2;2;-8,766685;-63,884052;SPRF-RO;DEL01-RO;UOP01-DEL01-RO
573671;10/01/2024;quarta-feira;00:30:00;RS;290;583,7;ALEGRETE;Reação tardia ou ineficiente do condutor;Colisão traseira;Com Vítimas Fatais;Plena Noite;Crescente;Céu Claro;Simples;Aclive;Sim;4;1;0;0;3;0;0;2;-29,813101;-55,806679;SPRF-RS;DEL13-RS;UOP02-DEL13-RS
573673;10/01/2024;quarta-feira;01:20:00;MG;381;864;POUSO ALEGRE;Ingestão de álcool pelo condutor;Colisão com objeto;Sem Vítimas;Plena Noite;Decrescente;Céu Claro;Dupla;Reta;Não;1;0;0;0;1;0;0;1;-22,38757269;-45,95265452;SPRF-MG;DEL16-MG;UOP01-DEL16-MG
573674;10/01/2024;quarta-feira;02:00:00;SP;116;275;EMBU DAS ARTES;Transitar na contramão;Colisão frontal;Com Vítimas Feridas;Plena Noite;Crescente;Céu Claro;Dupla;Reta;Sim;2;0;1;0;1;0;1;2;-23,63638826;-46,83251584;SPRF-SP;DEL04-SP;UOP01-DEL04-SP
573676;10/01/2024;quarta-feira;01:45:00;BA;101;881;TEIXEIRA DE FREITAS;Condutor Dormindo;Colisão frontal;Com Vítimas Feridas;Plena Noite;Decrescente;Céu Claro;Simples;Reta;Não;3;0;1;0;2;0;1;2;-17,56810211;-39,7310257;SPRF-BA;DEL09-BA;UOP02-DEL09-BA
573677;10/01/2024;quarta-feira;02:10:00;MG;381;909,5;CAMANDUCAIA;Condutor Dormindo;Colisão com objeto;Com Vítimas Feridas;Plena Noite;Crescente;Céu Claro;Dupla;"Reta;Declive";Não;1;0;1;0;0;0;1;1;-22,68988213;-46,10799573;SPRF-MG;DEL16-MG;UOP03-DEL16-MG
573680;10/01/2024;quarta-feira;02:30:00;MG;50;183;UBERABA;Animais na Pista;Atropelamento de Animal;Com Vítimas Feridas;Plena Noite;Crescente;Céu Claro;Dupla;Reta;Sim;57;0;1;0;56;0;1;1;-19,80163169;-47,90598553;SPRF-MG;DEL13-MG;UOP01-DEL13-MG
573681;10/01/2024;quarta-feira;02:20:00;RS;386;262;CANOAS;Ausência de reação do condutor;Capotamento;Sem Vítimas;Plena Noite;Crescente;Céu Claro;Dupla;Reta;Sim;1;0;0;0;0;1;0;1;-29,90057451;-51,17645681;SPRF-RS;DEL04-RS;UOP03-DEL04-RS
573686;10/01/2024;quarta-feira;04:50:00;RJ;116;275;BARRA MANSA;Ausência de reação do condutor;Tombamento;Com Vítimas Feridas;Amanhecer;Decrescente;Céu Claro;Dupla;Reta;Não;1;0;0;1;0;0;1;1;-22,56207185;-44,15671311;SPRF-RJ;DEL07-RJ;UOP02-DEL07-RJ
573687;10/01/2024;quarta-feira;04:15:00;GO;20;192,9;POSSE;Ultrapassagem Indevida;Colisão lateral sentido oposto;Com Vítimas Feridas;Amanhecer;Crescente;Céu Claro;Simples;"Curva;Declive";Não;61;0;1;2;57;1;3;3;-14,330847;-46,439438;SPRF-DF;DEL02-DF;UOP03-DEL02-DF
573688;09/01/2024;terça-feira;22:00:00;PR;369;174;ROLANDIA;Condutor desrespeitou a iluminação vermelha do semáforo;Colisão transversal;Com Vítimas Feridas;Plena Noite;Crescente;Garoa/Chuvisco;Simples;Interseção de Vias;Sim;2;0;1;0;1;0;1;2;-23,31612621;-51,37660325;SPRF-PR;DEL07-PR;UOP01-DEL07-PR
573689;09/01/2024;terça-feira;19:30:00;MG;40;25;PARACATU;Chuva;Saída de leito carroçável;Com Vítimas Feridas;Plena Noite;Crescente;Chuva;Simples;"Reta;Declive";Não;1;0;1;0;0;0;1;1;-17,133504;-46,973414;SPRF-MG;DEL14-MG;UOP01-DEL14-MG
573690;10/01/2024;quarta-feira;06:20:00;PB;230;69;SOBRADO;Trafegar com motocicleta (ou similar) entre as faixas;Tombamento;Com Vítimas Feridas;Pleno dia;Crescente;Céu Claro;Dupla;Reta;Sim;2;0;2;0;0;0;2;1;-7,1887;-35,2151;SPRF-PB;DEL01-PB;UOP03-DEL01-PB
573693;10/01/2024;quarta-feira;06:35:00;RJ;116;173;SAO JOAO DE MERITI;Demais falhas na via;Atropelamento de Pedestre;Com Vítimas Feridas;Pleno dia;Decrescente;Céu Claro;Dupla;Reta;Sim;2;0;0;1;1;0;1;2;-22,80048459;-43,35364938;SPRF-RJ;DEL06-RJ;UOP01-DEL06-RJ
573696;10/01/2024;quarta-feira;06:30:00;SP;116;207;GUARULHOS;Reação tardia ou ineficiente do condutor;Colisão traseira;Sem Vítimas;Pleno dia;Crescente;Céu Claro;Múltipla;Reta;Não;3;0;0;0;3;0;0;2;-23,41972188;-46,38419203;SPRF-SP;DEL01-SP;UOP01-DEL01-SP
573698;10/01/2024;quarta-feira;07:15:00;SP;153;61,9;SAO JOSE DO RIO PRETO;Manobra de mudança de faixa;Colisão lateral mesmo sentido;Com Vítimas Feridas;Pleno dia;Crescente;Céu Claro;Dupla;Reta;Não;2;0;1;0;1;0;1;2;-20,80502876;-49,35574909;SPRF-SP;DEL09-SP;UOP01-DEL09-SP
573699;10/01/2024;quarta-feira;06:50:00;TO;10;456;PALMAS;Estacionar ou parar em local proibido;Colisão traseira;Com Vítimas Feridas;Pleno dia;Crescente;Céu Claro;Múltipla;Reta;Sim;3;0;1;0;2;0;1;2;-10,29108024;-48,29757214;SPRF-TO;DEL01-TO;UOP03-DEL01-TO
573702;10/01/2024;quarta-feira;07:10:00;PR;369;507,2;CASCAVEL;Desrespeitar a preferência no cruzamento;Colisão transversal;Com Vítimas Feridas;Pleno dia;Decrescente;Sol;Simples;"Reta;Declive;Interseção de Vias";Sim;2;0;1;0;1;0;1;2;-24,95982474;-53,39882439;SPRF-PR;DEL04-PR;UOP01-DEL04-PR
573703;10/01/2024;quarta-feira;07:40:00;PR;116;116;CURITIBA;Manobra de mudança de faixa;Colisão lateral mesmo sentido;Com Vítimas Feridas;Pleno dia;Decrescente;Céu Claro;Dupla;Reta;Sim;2;0;1;0;1;0;1;2;-25,55468195;-49,27402397;SPRF-PR;DEL01-PR;UOP03-DEL01-PR
573706;10/01/2024;quarta-feira;07:55:00;SP;153;61;SAO JOSE DO RIO PRETO;Condutor deixou de manter distância do veículo da frente;Colisão traseira;Com Vítimas Feridas;Pleno dia;Decrescente;Nublado;Dupla;Reta;Sim;2;0;1;0;1;0;1;2;-20,80502876;-49,35574909;SPRF-SP;DEL09-SP;UOP01-DEL09-SP
573707;10/01/2024;quarta-feira;07:55:00;RS;116;270;CANOAS;Reação tardia ou ineficiente do condutor;Queda de ocupante de veículo;Com Vítimas Feridas;Pleno dia;Decrescente;Céu Claro;Dupla;Reta;Sim;1;0;1;0;0;0;1;1;-29,96839095;-51,17623895;SPRF-RS;DEL01-RS;UOP01-DEL01-RS
573708;10/01/2024;quarta-feira;07:00:00;DF;70;16;BRASILIA;Acessar a via sem observar a presença dos outros veículos;Colisão transversal;Com Vítimas Feridas;Pleno dia;Crescente;Nublado;Dupla;"Interseção de Vias;Rotatória";Não;2;0;1;0;1;0;1;2;-15,796144;-48,194225;SPRF-DF;DEL03-DF;UOP02-DEL03-DF
573709;10/01/2024;quarta-feira;08:10:00;TO;153;141;ARAGUAINA;Acessar a via sem observar a presença dos outros veículos;Colisão traseira;Com Vítimas Feridas;Pleno dia;Crescente;Céu Claro;Simples;"Reta;Interseção de Vias";Sim;2;0;1;0;1;0;1;2;-7,175959;-48,219548;SPRF-TO;DEL02-TO;UOP01-DEL02-TO
573711;10/01/2024;quarta-feira;07:45:00;SP;116;218;GUARULHOS;Condutor deixou de manter distância do veículo da frente;Colisão traseira;Com Vítimas Feridas;Amanhecer;Crescente;Céu Claro;Múltipla;Declive;Sim;2;0;0;1;0;1;1;2;-23,457972;-46,479927;SPRF-SP;DEL01-SP;UOP01-DEL01-SP
573713;10/01/2024;quarta-feira;08:00:00;PR;277;592,9;CASCAVEL;Condutor deixou de manter distância do veículo da frente;Engavetamento;Sem Vítimas;Pleno dia;Decrescente;Sol;Simples;"Reta;Declive";Sim;5;0;0;0;4;1;0;3;-24,98285697;-53,47319399;SPRF-PR;DEL04-PR;UOP01-DEL04-PR
573714;10/01/2024;quarta-feira;07:00:00;BA;110;75;JEREMOABO;Acessar a via sem observar a presença dos outros veículos;Colisão transversal;Com Vítimas Feridas;Pleno dia;Decrescente;Céu Claro;Simples;Reta;Não;3;0;2;1;0;0;3;2;-10,08112514;-38,33453894;SPRF-BA;DEL07-BA;UOP01-DEL07-BA
573716;10/01/2024;quarta-feira;08:10:00;GO;153;87;PORANGATU;Ausência de reação do condutor;Saída de leito carroçável;Com Vítimas Feridas;Pleno dia;Decrescente;Chuva;Simples;"Reta;Declive";Não;4;0;3;0;1;0;3;1;-13,556277;-49,065784;SPRF-GO;DEL07-GO;UOP01-DEL07-GO
573720;10/01/2024;quarta-feira;06:00:00;MG;381;456,2;BELO HORIZONTE;Condutor deixou de manter distância do veículo da frente;Colisão traseira;Com Vítimas Feridas;Amanhecer;Decrescente;Ignorado;Dupla;"Reta;Declive";Sim;2;0;0;1;1;0;1;2;-19,841797;-43,885307;SPRF-MG;DEL01-MG;UOP01-DEL01-MG
573721;10/01/2024;quarta-feira;07:20:00;RJ;493;78;JAPERI;Condutor Dormindo;Queda de ocupante de veículo;Com Vítimas Feridas;Pleno dia;Crescente;Céu Claro;Dupla;Reta;Não;1;0;1;0;0;0;1;1;-22,66185849;-43,60027313;SPRF-RJ;DEL01-RJ;UOP03-DEL01-RJ
573722;10/01/2024;quarta-feira;07:17:00;RO;319;63,6;PORTO VELHO;Desrespeitar a preferência no cruzamento;Colisão transversal;Com Vítimas Feridas;Pleno dia;Decrescente;Céu Claro;Dupla;Reta;Não;2;0;1;0;1;0;1;2;-8,76310139;-63,88479853;SPRF-RO;DEL01-RO;UOP01-DEL01-RO
573723;10/01/2024;quarta-feira;08:50:00;RJ;40;109;DUQUE DE CAXIAS;Acumulo de óleo sobre o pavimento;Queda de ocupante de veículo;Com Vítimas Feridas;Pleno dia;Decrescente;Céu Claro;Dupla;Curva;Não;1;0;1;0;0;0;1;1;-22,67374628;-43,28638368;SPRF-RJ;DEL01-RJ;UOP02-DEL01-RJ
573725;10/01/2024;quarta-feira;06:30:00;PE;316;288;BELEM DE SAO FRANCISCO;Animais na Pista;Atropelamento de Animal;Sem Vítimas;Pleno dia;Decrescente;Nublado;Simples;Reta;Não;2;0;0;0;2;0;0;1;-8,64782573;-38,70730609;SPRF-PE;DEL04-PE;UOP03-DEL04-PE
573727;10/01/2024;quarta-feira;09:00:00;SP;101;52;UBATUBA;Ausência de reação do condutor;Colisão traseira;Com Vítimas Feridas;Pleno dia;Crescente;Céu Claro;Simples;Rotatória;Sim;2;0;1;0;1;0;1;2;-23,4623355;-45,06476561;SPRF-SP;DEL06-SP;UOP01-DEL06-SP
573728;10/01/2024;quarta-feira;07:51:00;PE;232;411;SERRA TALHADA;Acessar a via sem observar a presença dos outros veículos;Colisão transversal;Com Vítimas Feridas;Pleno dia;Crescente;Garoa/Chuvisco;Simples;Reta;Sim;5;0;2;0;3;0;2;2;-7,981247;-38,305227;SPRF-PE;DEL04-PE;UOP01-DEL04-PE
573732;10/01/2024;quarta-feira;07:50:00;SP;116;497;CAJATI;Acessar a via sem observar a presença dos outros veículos;Atropelamento de Pedestre;Com Vítimas Feridas;Pleno dia;Crescente;Céu Claro;Dupla;Curva;Não;2;0;1;0;1;0;1;2;-24,76728682;-48,16859721;SPRF-SP;DEL05-SP;UOP01-DEL05-SP
573733;10/01/2024;quarta-feira;09:00:00;RN;406;163;SAO GONCALO DO AMARANTE;Desrespeitar a preferência no cruzamento;Colisão transversal;Com Vítimas Feridas;Pleno dia;Decrescente;Céu Claro;Simples;Reta;Não;2;0;0;1;1;0;1;2;-5,73527201;-35,35543901;SPRF-RN;DEL02-RN;UOP01-DEL02-RN
573734;01/01/2024;segunda-feira;12:05:00;GO;153;590,9;PIRACANJUBA;Velocidade Incompatível;Saída de leito carroçável;Com Vítimas Feridas;Pleno dia;Decrescente;Chuva;Dupla;Curva;Não;2;0;2;0;0;0;2;1;-17,4675;-49,2187;SPRF-GO;DEL03-GO;UOP01-DEL03-GO
573735;10/01/2024;quarta-feira;07:25:00;MG;153;34;CANAPOLIS;Pista Escorregadia;Queda de ocupante de veículo;Com Vítimas Feridas;Pleno dia;Crescente;Nublado;Simples;Aclive;Não;1;0;1;0;0;0;1;1;-18,71074793;-49,13692422;SPRF-MG;DEL15-MG;UOP03-DEL15-MG
573736;10/01/2024;quarta-feira;09:30:00;RS;116;246;SAO LEOPOLDO;Trafegar com motocicleta (ou similar) entre as faixas;Colisão lateral mesmo sentido;Com Vítimas Feridas;Pleno dia;Decrescente;Céu Claro;Dupla;"Ponte;Reta";Sim;3;0;0;1;1;1;1;3;-29,758751;-51,15186806;SPRF-RS;DEL01-RS;UOP02-DEL01-RS
573738;10/01/2024;quarta-feira;09:30:00;MG;153;129;PRATA;Ausência de reação do condutor;Tombamento;Com Vítimas Feridas;Pleno dia;Crescente;Chuva;Dupla;Reta;Não;2;0;1;1;0;0;2;1;-19,48466991;-48,86193486;SPRF-MG;DEL15-MG;UOP03-DEL15-MG
573742;10/01/2024;quarta-feira;10:00:00;SC;101;204;SAO JOSE;Condutor deixou de manter distância do veículo da frente;Colisão lateral mesmo sentido;Com Vítimas Feridas;Pleno dia;Decrescente;Céu Claro;Múltipla;"Reta;Declive";Sim;2;0;0;1;1;0;1;2;-27,57413014;-48,61363083;SPRF-SC;DEL01-SC;UOP01-DEL01-SC
573743;10/01/2024;quarta-feira;09:00:00;BA;324;619;SALVADOR;Condutor deixou de manter distância do veículo da frente;Engavetamento;Sem Vítimas;Pleno dia;Crescente;Céu Claro;Dupla;Reta;Sim;2;0;0;0;2;0;0;2;-12,89820999;-38,45012202;SPRF-BA;DEL01-BA;UOP01-DEL01-BA
573744;10/01/2024;quarta-feira;09:25:00;RJ;101;103,2;CAMPOS DOS GOYTACAZES;Condutor Dormindo;Colisão com objeto;Com Vítimas Feridas;Pleno dia;Decrescente;Céu Claro;Dupla;Reta;Não;1;0;1;0;0;0;1;1;-21,90551505;-41,60719065;SPRF-RJ;DEL08-RJ;UOP02-DEL08-RJ
573746;10/01/2024;quarta-feira;10:01:00;RJ;493;92;SEROPEDICA;Ausência de reação do condutor;Saída de leito carroçável;Com Vítimas Feridas;Pleno dia;Decrescente;Céu Claro;Dupla;Reta;Não;1;0;1;0;0;0;1;1;-22,66571593;-43,63250256;SPRF-RJ;DEL01-RJ;UOP03-DEL01-RJ
573751;10/01/2024;quarta-feira;10:45:00;PB;405;32,9;SAO JOAO DO RIO DO PEIXE;Entrada inopinada do pedestre;Atropelamento de Pedestre;Com Vítimas Feridas;Pleno dia;Crescente;Sol;Simples;Reta;Sim;2;0;0;1;0;1;1;2;-6,736044;-38,446316;SPRF-PB;DEL03-PB;UOP03-DEL03-PB
573756;09/01/2024;terça-feira;07:30:00;PA;222;65;DOM ELISEU;Avarias e/ou desgaste excessivo no pneu;Saída de leito carroçável;Com Vítimas Feridas;Pleno dia;Crescente;Céu Claro;Simples;Reta;Não;1;0;0;1;0;0;1;1;-4,529181;-47,828461;SPRF-PA;DEL02-PA;UOP02-DEL02-PA
573757;10/01/2024;quarta-feira;11:15:00;SC;101;118,1;ITAJAI;Ausência de reação do condutor;Colisão lateral mesmo sentido;Com Vítimas Feridas;Pleno dia;Crescente;Sol;Dupla;Reta;Não;2;0;1;0;1;0;1;2;-26,895859;-48,71903;SPRF-SC;DEL04-SC;UOP04-DEL04-SC
573760;10/01/2024;quarta-feira;10:20:00;MA;230;437;RIACHAO;Acessar a via sem observar a presença dos outros veículos;Colisão transversal;Com Vítimas Fatais;Pleno dia;Decrescente;Céu Claro;Simples;Aclive;Não;6;1;0;0;5;0;0;2;-7,44514217;-46,32653612;SPRF-MA;DEL05-MA;UOP01-DEL05-MA
573765;10/01/2024;quarta-feira;10:30:00;MT;70;150,5;GENERAL CARNEIRO;Reação tardia ou ineficiente do condutor;Colisão frontal;Com Vítimas Fatais;Pleno dia;Crescente;Chuva;Simples;"Declive;Reta";Não;8;4;3;1;0;0;4;2;-15,57764391;-53,37038799;SPRF-MT;DEL07-MT;UOP01-DEL07-MT