id;data_inversa;dia_semana;horario;uf;br;km;municipio;causa_acidente;tipo_acidente;classificacao_acidente;fase_dia;sentido_via;condicao_metereologica;tipo_pista;tracado_via;uso_solo;pessoas;mortos;feridos_leves;feridos_graves;ilesos;ignorados;feridos;veiculos;latitude;longitude;regional;delegacia;uop
573766;10/01/2024;quarta-feira;13:30:00;RJ;101;324;NITEROI;Manobra de mudança de faixa;Colisão lateral mesmo sentido;Com Vítimas Feridas;Pleno dia;Decrescente;Céu Claro;Dupla;Reta;Não;2;0;1;0;1;0;1;2;-22,87381074;-43,12640997;SPRF-RJ;DEL02-RJ;UOP01-DEL02-RJ
573768;10/01/2024;quarta-feira;08:00:00;MT;70;513;VARZEA GRANDE;Reação tardia ou ineficiente do condutor;Colisão traseira;Sem Vítimas;Pleno dia;Crescente;Céu Claro;Simples;Reta;Não;5;0;0;0;5;0;0;2;-15,63725379;-56,04194641;SPRF-MT;DEL01-MT;UOP02-DEL01-MT
573770;10/01/2024;quarta-feira;10:10:00;MG;116;702,8;MURIAE;Retorno proibido;Colisão transversal;Com Vítimas Feridas;Pleno dia;Crescente;Céu Claro;Simples;Reta;Sim;2;0;1;0;1;0;1;2;-21,11938311;-42,38006362;SPRF-MG;DEL07-MG;UOP02-DEL07-MG
573771;10/01/2024;quarta-feira;08:45:00;SC;101;92,2;BARRA VELHA;Frear bruscamente;Colisão traseira;Com Vítimas Feridas;Pleno dia;Decrescente;Céu Claro;Dupla;Reta;Sim;2;0;1;0;1;0;1;2;-26,61085222;-48,72204472;SPRF-SC;DEL03-SC;UOP02-DEL03-SC
573773;10/01/2024;quarta-feira;08:10:00;SC;101;59,3;ARAQUARI;Reação tardia ou ineficiente do condutor;Colisão com objeto;Com Vítimas Feridas;Pleno dia;Decrescente;Sol;Dupla;Curva;Sim;2;0;2;0;0;0;2;1;-26,44651734;-48,79426826;SPRF-SC;DEL03-SC;UOP02-DEL03-SC
573776;10/01/2024;quarta-feira;10:30:00;RS;285;585;SAO LUIZ GONZAGA;Acumulo de água sobre o pavimento;Queda de ocupante de veículo;Com Vítimas Feridas;Pleno dia;Crescente;Chuva;Simples;Reta;Não;2;0;2;0;0;0;2;1;-28,4481664;-55,11737823;SPRF-RS;DEL12-RS;UOP01-DEL12-RS
573778;10/01/2024;quarta-feira;13:00:00;AL;101;219,6;PORTO REAL DO COLEGIO;Acumulo de água sobre o pavimento;Saída de leito carroçável;Com Vítimas Feridas;Pleno dia;Crescente;Chuva;Dupla;Declive;Não;4;0;1;0;3;0;1;3;-10,04787311;-36,67004799;SPRF-AL;DEL02-AL;UOP02-DEL02-AL
573780;10/01/2024;quarta-feira;12:30:00;PE;232;330;CUSTODIA;Mal súbito do condutor;Queda de ocupante de veículo;Com Vítimas Feridas;Pleno dia;Decrescente;Céu Claro;Simples;Reta;Não;1;0;1;0;0;0;1;1;-8,09012961;-37,60830897;SPRF-PE;DEL04-PE;UOP02-DEL04-PE
573781;10/01/2024;quarta-feira;14:40:00;SP;116;209;GUARULHOS;Trafegar com motocicleta (ou similar) entre as faixas;Colisão traseira;Com Vítimas Feridas;Pleno dia;Decrescente;Céu Claro;Múltipla;Reta;Sim;2;0;1;0;1;0;1;2;-23,42511799;-46,40221101;SPRF-SP;DEL01-SP;UOP01-DEL01-SP
573784;10/01/2024;quarta-feira;14:00:00;RJ;116;138;MAGE;Transitar no Acostamento;Colisão lateral mesmo sentido;Com Vítimas Feridas;Pleno dia;Crescente;Céu Claro;Dupla;Reta;Não;2;0;1;0;1;0;1;2;-22,64697319;-43,19165101;SPRF-RJ;DEL04-RJ;UOP02-DEL04-RJ
573785;10/01/2024;quarta-feira;07:30:00;BA;101;283;LAJE;Ultrapassagem Indevida;Colisão frontal;Com Vítimas Fatais;Pleno dia;Decrescente;Céu Claro;Simples;Reta;Não;5;2;2;1;0;0;3;2;-13,25171307;-39,32329328;SPRF-BA;DEL01-BA;UOP02-DEL01-BA
573786;10/01/2024;quarta-feira;15:50:00;MG;50;70;UBERLANDIA;Condutor desrespeitou a iluminação vermelha do semáforo;Colisão transversal;Com Vítimas Feridas;Pleno dia;Decrescente;Céu Claro;Dupla;"Reta;Interseção de Vias;Viaduto";Sim;2;0;2;0;0;0;2;2;-18,85140204;-48,25345932;SPRF-MG;DEL15-MG;UOP01-DEL15-MG
573790;10/01/2024;quarta-feira;15:19:00;MG;381;591,5;CARMOPOLIS DE MINAS;Demais falhas mecânicas ou elétricas;Tombamento;Com Vítimas Feridas;Pleno dia;Crescente;Céu Claro;Dupla;Reta;Sim;2;0;2;0;0;0;2;1;-20,55284534;-44,66074133;SPRF-MG;DEL04-MG;UOP01-DEL04-MG
573791;10/01/2024;quarta-feira;15:30:00;SC;101;137;BALNEARIO CAMBORIU;Trafegar com motocicleta (ou similar) entre as faixas;Colisão lateral mesmo sentido;Com Vítimas Feridas;Pleno dia;Decrescente;Céu Claro;Dupla;Reta;Sim;2;0;1;0;1;0;1;2;-27,0157238;-48,61192763;SPRF-SC;DEL04-SC;UOP03-DEL04-SC
573793;10/01/2024;quarta-feira;15:30:00;RO;364;17;VILHENA;Ingestão de álcool pelo condutor;Colisão traseira;Com Vítimas Feridas;Pleno dia;Decrescente;Nublado;Simples;"Declive;Reta";Não;4;0;2;0;2;0;2;2;-12,73207998;-60,16589399;SPRF-RO;DEL04-RO;UOP01-DEL04-RO
573795;10/01/2024;quarta-feira;15:40:00;GO;20;120;FLORES DE GOIAS;Ausência de reação do condutor;Colisão traseira;Com Vítimas Feridas;Pleno dia;Crescente;Céu Claro;Simples;Reta;Não;5;0;2;0;3;0;2;2;-14,870433;-46,826354;SPRF-DF;DEL02-DF;UOP03-DEL02-DF
573796;10/01/2024;quarta-feira;16:30:00;GO;60;138;GOIANIA;Ausência de reação do condutor;Colisão com objeto;Com Vítimas Feridas;Pleno dia;Crescente;Sol;Simples;Curva;Sim;5;0;0;2;2;1;2;4;-16,6176283;-49,2065111;SPRF-GO;DEL01-GO;UOP01-DEL01-GO
573798;10/01/2024;quarta-feira;16:30:00;RJ;101;428;MANGARATIBA;Acessar a via sem observar a presença dos outros veículos;Colisão transversal;Com Vítimas Feridas;Pleno dia;Decrescente;Sol;Dupla;"Reta;Retorno Regulamentado";Sim;5;0;4;1;0;0;5;2;-22,93391858;-43,9899979;SPRF-RJ;DEL03-RJ;UOP02-DEL03-RJ
573799;10/01/2024;quarta-feira;11:30:00;SC;280;240;CANOINHAS;Condutor Dormindo;Saída de leito carroçável;Sem Vítimas;Pleno dia;Crescente;Céu Claro;Simples;Reta;Não;1;0;0;0;1;0;0;1;-26,2173631;-50,45390288;SPRF-SC;DEL06-SC;UOP04-DEL06-SC
573802;10/01/2024;quarta-feira;17:00:00;PE;101;50;ABREU E LIMA;Manobra de mudança de faixa;Colisão traseira;Com Vítimas Feridas;Anoitecer;Crescente;Céu Claro;Múltipla;Reta;Sim;2;0;2;0;0;0;2;2;-7,90938602;-34,90123228;SPRF-PE;DEL01-PE;UOP02-DEL01-PE
573804;10/01/2024;quarta-feira;17:18:00;DF;20;16;BRASILIA;Reação tardia ou ineficiente do condutor;Saída de leito carroçável;Com Vítimas Feridas;Pleno dia;Crescente;Nublado;Dupla;"Reta;Declive";Sim;2;0;1;0;1;0;1;1;-15,625675;-47,725159;SPRF-DF;DEL02-DF;UOP01-DEL02-DF
573806;10/01/2024;quarta-feira;16:40:00;BA;324;596;CANDEIAS;Condutor deixou de manter distância do veículo da frente;Colisão traseira;Sem Vítimas;Pleno dia;Crescente;Céu Claro;Dupla;Curva;Não;2;0;0;0;2;0;0;2;-12,72003796;-38,45130588;SPRF-BA;DEL01-BA;UOP01-DEL01-BA
573807;10/01/2024;quarta-feira;18:05:00;PR;277;584;CASCAVEL;Manobra de mudança de faixa;Colisão lateral mesmo sentido;Sem Vítimas;Pleno dia;Crescente;Sol;Múltipla;"Curva;Interseção de Vias;Viaduto";Sim;2;0;0;0;2;0;0;2;-24,96455187;-53,40569085;SPRF-PR;DEL04-PR;UOP01-DEL04-PR
573808;10/01/2024;quarta-feira;15:00:00;MG;116;295;TEOFILO OTONI;Mal súbito do condutor;Queda de ocupante de veículo;Com Vítimas Feridas;Pleno dia;Decrescente;Céu Claro;Simples;Reta;Não;1;0;1;0;0;0;1;1;-17,99801182;-41,57578804;SPRF-MG;DEL11-MG;UOP01-DEL11-MG
573811;10/01/2024;quarta-feira;17:50:00;MG;116;526,3;CARATINGA;Ausência de reação do condutor;Colisão traseira;Com Vítimas Feridas;Pleno dia;Decrescente;Garoa/Chuvisco;Simples;"Declive;Reta";Sim;2;0;1;0;1;0;1;2;-19,77654011;-42,13327989;SPRF-MG;DEL06-MG;UOP02-DEL06-MG
573813;10/01/2024;quarta-feira;16:00:00;BA;101;114;ALAGOINHAS;Condutor deixou de manter distância do veículo da frente;Colisão traseira;Com Vítimas Feridas;Pleno dia;Decrescente;Céu Claro;Simples;Reta;Não;2;0;0;1;0;1;1;2;-12,15401817;-38,51205106;SPRF-BA;DEL01-BA;UOP04-DEL01-BA
573814;10/01/2024;quarta-feira;17:35:00;PE;101;36,9;IGARASSU;Manobra de mudança de faixa;Colisão transversal;Com Vítimas Feridas;Pleno dia;Crescente;Céu Claro;Dupla;Reta;Não;2;0;1;0;0;1;1;2;-7,788367;-34,92981702;SPRF-PE;DEL01-PE;UOP02-DEL01-PE
573815;10/01/2024;quarta-feira;18:45:00;MG;40;747,9;SANTOS DUMONT;Animais na Pista;Saída de leito carroçável;Com Vítimas Feridas;Anoitecer;Decrescente;Nublado;Simples;Curva;Não;2;0;1;1;0;0;2;1;-21,4328731;-43,55221915;SPRF-MG;DEL05-MG;UOP01-DEL05-MG
573816;10/01/2024;quarta-feira;13:00:00;RJ;116;180;NOVA IGUACU;Reação tardia ou ineficiente do condutor;Colisão traseira;Com Vítimas Feridas;Pleno dia;Decrescente;Céu Claro;Dupla;Reta;Não;4;0;1;0;3;0;1;3;-22,7651616;-43,4154728;SPRF-RJ;DEL06-RJ;UOP01-DEL06-RJ
573818;10/01/2024;quarta-feira;18:00:00;SP;153;110,1;JOSE BONIFACIO;Ausência de reação do condutor;Colisão traseira;Com Vítimas Feridas;Plena Noite;Decrescente;Nublado;Simples;Reta;Não;2;0;1;0;1;0;1;2;-21,08845219;-49,67466361;SPRF-SP;DEL09-SP;UOP01-DEL09-SP
573819;10/01/2024;quarta-feira;17:30:00;SC;101;328;CAPIVARI DE BAIXO;Demais falhas mecânicas ou elétricas;Colisão traseira;Com Vítimas Feridas;Pleno dia;Crescente;Céu Claro;Dupla;"Reta;Aclive";Sim;2;0;0;1;1;0;1;2;-28,43648094;-48,95989307;SPRF-SC;DEL02-SC;UOP01-DEL02-SC
573820;10/01/2024;quarta-feira;18:25:00;AL;104;30,4;UNIAO DOS PALMARES;Ausência de reação do condutor;Queda de ocupante de veículo;Com Vítimas Feridas;Plena Noite;Crescente;Nublado;Simples;Reta;Não;1;0;0;1;0;0;1;1;-9,12603274;-36,03386675;SPRF-AL;DEL01-AL;UOP02-DEL01-AL
573823;10/01/2024;quarta-feira;18:50:00;SC;101;205,5;SAO JOSE;Manobra de mudança de faixa;Colisão lateral mesmo sentido;Com Vítimas Feridas;Anoitecer;Crescente;Céu Claro;Dupla;Reta;Sim;2;0;0;1;0;1;1;2;-27,58313237;-48,61532885;SPRF-SC;DEL01-SC;UOP01-DEL01-SC
573824;10/01/2024;quarta-feira;19:00:00;MG;365;623;UBERLANDIA;Afundamento ou ondulação no pavimento;Colisão com objeto;Com Vítimas Feridas;Plena Noite;Decrescente;Nublado;Dupla;Reta;Sim;1;0;1;0;0;0;1;1;-18,9100325;-48,30694985;SPRF-MG;DEL15-MG;UOP01-DEL15-MG
573825;10/01/2024;quarta-feira;18:50:00;ES;259;33,5;COLATINA;Conversão proibida;Colisão transversal;Com Vítimas Feridas;Plena Noite;Crescente;Céu Claro;Simples;Reta;Sim;2;0;0;1;1;0;1;2;-19,5706707;-40,50497334;SPRF-ES;DEL02-ES;UOP01-DEL02-ES
573827;10/01/2024;quarta-feira;18:20:00;CE;222;4;CAUCAIA;Manobra de mudança de faixa;Colisão lateral mesmo sentido;Com Vítimas Feridas;Plena Noite;Crescente;Céu Claro;Múltipla;Reta;Sim;2;0;0;1;1;0;1;2;-3,741515;-38,605295;SPRF-CE;DEL01-CE;UOP01-DEL01-CE
573828;10/01/2024;quarta-feira;19:00:00;PR;277;19;MORRETES;Demais falhas mecânicas ou elétricas;Colisão com objeto;Com Vítimas Feridas;Anoitecer;Crescente;Céu Claro;Dupla;Reta;Não;2;0;1;1;0;0;2;1;-25,53862164;-48,69474292;SPRF-PR;DEL01-PR;UOP05-DEL01-PR
573831;10/01/2024;quarta-feira;17:30:00;PA;155;343;MARABA;Acessar a via sem observar a presença dos outros veículos;Atropelamento de Pedestre;Com Vítimas Feridas;Pleno dia;Decrescente;Nublado;Simples;"Declive;Reta";Sim;3;0;1;1;0;1;2;2;-5,36957395;-49,07796968;SPRF-PA;DEL03-PA;UOP01-DEL03-PA
573832;10/01/2024;quarta-feira;18:00:00;CE;20;83,1;TAUA;Entrada inopinada do pedestre;Atropelamento de Pedestre;Com Vítimas Fatais;Anoitecer;Decrescente;Céu Claro;Simples;Reta;Sim;2;1;0;0;1;0;0;2;-6,00760337;-40,28674757;SPRF-CE;DEL02-CE;UOP02-DEL02-CE
573834;10/01/2024;quarta-feira;18:05:00;PR;369;39;ANDIRA;Acessar a via sem observar a presença dos outros veículos;Colisão transversal;Com Vítimas Feridas;Pleno dia;Decrescente;Céu Claro;Simples;"Reta;Interseção de Vias;Rotatória";Não;6;0;5;0;1;0;5;2;-23,05832875;-50,24824083;SPRF-PR;DEL07-PR;UOP05-DEL07-PR
573835;10/01/2024;quarta-feira;17:23:00;AC;364;135;RIO BRANCO;Acessar a via sem observar a presença dos outros veículos;Colisão lateral mesmo sentido;Com Vítimas Feridas;Pleno dia;Decrescente;Sol;Dupla;Reta;Sim;2;0;1;0;1;0;1;2;-9,98588117;-67,84523538;SPRF-AC;DEL01-AC;UOP01-DEL01-AC
573836;10/01/2024;quarta-feira;19:50:00;SC;101;217,3;PALHOCA;Ingestão de álcool pelo condutor;Tombamento;Com Vítimas Feridas;Plena Noite;Decrescente;Céu Claro;Múltipla;Reta;Sim;1;0;1;0;0;0;1;1;-27,66779034;-48,67393586;SPRF-SC;DEL01-SC;UOP02-DEL01-SC
573837;10/01/2024;quarta-feira;19:40:00;SP;116;226;GUARULHOS;Reação tardia ou ineficiente do condutor;Engavetamento;Com Vítimas Feridas;Plena Noite;Decrescente;Ignorado;Múltipla;Reta;Sim;3;0;1;0;2;0;1;3;-23,49102507;-46,54878195;SPRF-SP;DEL01-SP;UOP01-DEL01-SP
573839;10/01/2024;quarta-feira;19:45:00;SC;101;121;ITAJAI;Ausência de reação do condutor;Colisão lateral mesmo sentido;Com Vítimas Feridas;Plena Noite;Decrescente;Nublado;Dupla;Reta;Sim;3;0;0;2;1;0;2;2;-26,92103178;-48,70856446;SPRF-SC;DEL04-SC;UOP04-DEL04-SC
573840;10/01/2024;quarta-feira;19:09:00;PE;101;50;ABREU E LIMA;Manobra de mudança de faixa;Colisão transversal;Com Vítimas Feridas;Plena Noite;Decrescente;Céu Claro;Múltipla;Curva;Sim;2;0;1;0;0;1;1;2;-7,90938602;-34,90123228;SPRF-PE;DEL01-PE;UOP02-DEL01-PE
573842;10/01/2024;quarta-feira;18:50:00;PR;376;176,8;MARINGA;Acessar a via sem observar a presença dos outros veículos;Colisão lateral mesmo sentido;Com Vítimas Feridas;Plena Noite;Decrescente;Céu Claro;Dupla;"Interseção de Vias;Reta";Sim;2;0;1;0;1;0;1;2;-23,41269173;-51,93158327;SPRF-PR;DEL09-PR;UOP01-DEL09-PR
573843;10/01/2024;quarta-feira;19:00:00;RJ;116;110;GUAPIMIRIM;Ausência de reação do condutor;Queda de ocupante de veículo;Com Vítimas Feridas;Plena Noite;Crescente;Nublado;Dupla;Reta;Sim;1;0;1;0;0;0;1;1;-22,55073275;-42,98968744;SPRF-RJ;DEL04-RJ;UOP02-DEL04-RJ
573844;10/01/2024;quarta-feira;20:05:00;SP;116;469;PARIQUERA-ACU;Velocidade Incompatível;Queda de ocupante de veículo;Com Vítimas Feridas;Plena Noite;Decrescente;Céu Claro;Dupla;Reta;Não;1;0;1;0;0;0;1;1;-24,65247192;-47,95005601;SPRF-SP;DEL05-SP;UOP01-DEL05-SP
573845;10/01/2024;quarta-feira;19:30:00;BA;330;812;JITAUNA;Acessar a via sem observar a presença dos outros veículos;Colisão transversal;Com Vítimas Feridas;Plena Noite;Crescente;Céu Claro;Simples;Reta;Sim;2;0;1;1;0;0;2;2;-14,01344317;-39,89243031;SPRF-BA;DEL03-BA;UOP01-DEL03-BA
573846;10/01/2024;quarta-feira;19:00:00;MG;262;36,1;MANHUACU;Conversão proibida;Colisão transversal;Com Vítimas Feridas;Plena Noite;Decrescente;Nublado;Simples;Reta;Sim;3;0;1;0;2;0;1;2;-20,25932046;-42,02298331;SPRF-MG;DEL06-MG;UOP03-DEL06-MG
573847;10/01/2024;quarta-feira;19:00:00;SC;101;144;ITAPEMA;Reação tardia ou ineficiente do condutor;Colisão traseira;Com Vítimas Feridas;Pleno dia;Crescente;Céu Claro;Dupla;Reta;Sim;2;0;1;0;1;0;1;2;-27,0732659;-48,59672716;SPRF-SC;DEL04-SC;UOP03-DEL04-SC
573848;10/01/2024;quarta-feira;19:54:00;SC;101;135;BALNEARIO CAMBORIU;Acessar a via sem observar a presença dos outros veículos;Colisão transversal;Com Vítimas Feridas;Plena Noite;Crescente;Céu Claro;Simples;Reta;Sim;2;0;0;1;1;0;1;2;-27,0050108;-48,62677494;SPRF-SC;DEL04-SC;UOP03-DEL04-SC
573849;10/01/2024;quarta-feira;20:15:00;PR;277;454,3;LARANJEIRAS DO SUL;Desrespeitar a preferência no cruzamento;Colisão transversal;Com Vítimas Feridas;Plena Noite;Decrescente;Céu Claro;Simples;"Reta;Declive";Sim;2;0;1;0;1;0;1;2;-25,36980336;-52,37913399;SPRF-PR;DEL04-PR;UOP02-DEL04-PR
573850;10/01/2024;quarta-feira;19:55:00;RO;319;64;PORTO VELHO;Entrada inopinada do pedestre;Atropelamento de Pedestre;Com Vítimas Feridas;Plena Noite;Crescente;Chuva;Múltipla;"Reta;Interseção de Vias";Sim;2;0;0;1;1;0;1;2;-8,766685;-63,884052;SPRF-RO;DEL01-RO;UOP01-DEL01-RO
573851;10/01/2024;quarta-feira;18:00:00;RJ;40;108;DUQUE DE CAXIAS;Condutor deixou de manter distância do veículo da frente;Engavetamento;Com Vítimas Feridas;Pleno dia;Decrescente;Céu Claro;Múltipla;Reta;Sim;5;0;2;0;3;0;2;3;-22,66476979;-43,28495144;SPRF-RJ;DEL01-RJ;UOP02-DEL01-RJ
573853;10/01/2024;quarta-feira;21:20:00;GO;40;12;LUZIANIA;Ausência de reação do condutor;Queda de ocupante de veículo;Com Vítimas Feridas;Plena Noite;Decrescente;Nublado;Dupla;Reta;Não;1;0;1;0;0;0;1;1;-16,145123;-47,945382;SPRF-DF;DEL01-DF;UOP01-DEL01-DF
573856;10/01/2024;quarta-feira;21:00:00;RS;158;485,9;ROSARIO DO SUL;Acesso irregular;Saída de leito carroçável;Sem Vítimas;Plena Noite;Decrescente;Nublado;Simples;"Reta;Interseção de Vias";Não;1;0;0;0;0;1;0;1;-30,38885306;-55,03889871;SPRF-RS;DEL11-RS;UOP02-DEL11-RS
573857;10/01/2024;quarta-feira;21:20:00;GO;40;1;VALPARAISO DE GOIAS;Acesso irregular;Atropelamento de Pedestre;Com Vítimas Feridas;Plena Noite;Decrescente;Nublado;Dupla;Reta;Sim;2;0;1;0;1;0;1;2;-16,067129;-47,984235;SPRF-DF;DEL01-DF;UOP01-DEL01-DF
573858;10/01/2024;quarta-feira;21:00:00;AL;316;142;PALMEIRA DOS INDIOS;Demais falhas mecânicas ou elétricas;Incêndio;Sem Vítimas;Plena Noite;Crescente;Céu Claro;Simples;Reta;Sim;1;0;0;0;1;0;0;1;-9,39355673;-36,74054595;SPRF-AL;DEL03-AL;UOP01-DEL03-AL
573860;10/01/2024;quarta-feira;21:40:00;PB;230;144,8;CAMPINA GRANDE;Reação tardia ou ineficiente do condutor;Tombamento;Com Vítimas Feridas;Plena Noite;Crescente;Nublado;Dupla;Reta;Sim;2;0;0;1;1;0;1;1;-7,2536;-35,8317;SPRF-PB;DEL02-PB;UOP01-DEL02-PB
573861;10/01/2024;quarta-feira;17:40:00;RJ;101;572;PARATY;Acessar a via sem observar a presença dos outros veículos;Colisão transversal;Com Vítimas Feridas;Anoitecer;Decrescente;Céu Claro;Simples;Reta;Sim;5;0;1;1;2;1;2;3;-23,1916318;-44,72742319;SPRF-RJ;DEL03-RJ;UOP04-DEL03-RJ
573862;10/01/2024;quarta-feira;21:05:00;MG;459;84;CONGONHAL;Demais falhas mecânicas ou elétricas;Colisão com objeto;Sem Vítimas;Plena Noite;Decrescente;Nublado;Simples;Reta;Não;1;0;0;0;0;1;0;1;-22,153194;-46,06242;SPRF-MG;DEL09-MG;UOP01-DEL09-MG
573863;10/01/2024;quarta-feira;20:05:00;RJ;101;328;NITEROI;Ausência de reação do condutor;Tombamento;Com Vítimas Feridas;Plena Noite;Crescente;Céu Claro;Dupla;Reta;Não;1;0;1;0;0;0;1;1;-22,87028692;-43,16579699;SPRF-RJ;DEL02-RJ;UOP01-DEL02-RJ
573865;10/01/2024;quarta-feira;21:30:00;PR;376;627;SAO JOSE DOS PINHAIS;Ingestão de álcool pelo condutor;Saída de leito carroçável;Sem Vítimas;Plena Noite;Crescente;Céu Claro;Dupla;Reta;Não;1;0;0;0;1;0;0;1;-25,66963786;-49,15231858;SPRF-PR;DEL01-PR;UOP04-DEL01-PR
573867;10/01/2024;quarta-feira;22:10:00;SC;101;425,1;ARARANGUA;Avarias e/ou desgaste excessivo no pneu;Tombamento;Com Vítimas Feridas;Plena Noite;Decrescente;Céu Claro;Dupla;"Curva;Declive;Viaduto";Não;2;0;2;0;0;0;2;1;-29,02095789;-49,59124506;SPRF-SC;DEL02-SC;UOP02-DEL02-SC
573868;10/01/2024;quarta-feira;20:50:00;SC;101;328;CAPIVARI DE BAIXO;Ingestão de álcool pelo condutor;Colisão traseira;Sem Vítimas;Plena Noite;Crescente;Céu Claro;Dupla;Reta;Não;1;0;0;0;1;0;0;1;-28,43648094;-48,95989307;SPRF-SC;DEL02-SC;UOP01-DEL02-SC
573869;10/01/2024;quarta-feira;21:40:00;RO;364;199,9;PIMENTA BUENO;Ausência de reação do condutor;Saída de leito carroçável;Com Vítimas Feridas;Plena Noite;Decrescente;Chuva;Simples;Reta;Não;1;0;0;1;0;0;1;1;-11,661617;-61,191055;SPRF-RO;DEL02-RO;UOP02-DEL02-RO
573870;10/01/2024;quarta-feira;22:40:00;MS;262;246;RIBAS DO RIO PARDO;Acessar a via sem observar a presença dos outros veículos;Colisão frontal;Com Vítimas Feridas;Plena Noite;Crescente;Céu Claro;Simples;Reta;Não;4;0;2;2;0;0;4;2;-20,44481685;-53,81931889;SPRF-MS;DEL01-MS;UOP01-DEL01-MS
573871;10/01/2024;quarta-feira;22:30:00;SP;116;439;REGISTRO;Pista Escorregadia;Queda de ocupante de veículo;Com Vítimas Feridas;Plena Noite;Decrescente;Garoa/Chuvisco;Simples;"Curva;Retorno Regulamentado";Não;2;0;1;0;1;0;1;1;-24,45434475;-47,81204635;SPRF-SP;DEL05-SP;UOP01-DEL05-SP
573872;10/01/2024;quarta-feira;22:45:00;AL;316;148;PALMEIRA DOS INDIOS;Ausência de reação do condutor;Saída de leito carroçável;Com Vítimas Feridas;Plena Noite;Crescente;Céu Claro;Simples;Reta;Sim;1;0;0;1;0;0;1;1;-9,40718239;-36,68829724;SPRF-AL;DEL03-AL;UOP01-DEL03-AL
573873;10/01/2024;quarta-feira;19:30:00;PA;163;659;ITAITUBA;Ausência de reação do condutor;Tombamento;Com Vítimas Feridas;Plena Noite;Decrescente;Céu Claro;Simples;Reta;Não;2;0;2;0;0;0;2;1;-4,45985712;-55,84675684;SPRF-PA;DEL05-PA;UOP02-DEL05-PA
573875;10/01/2024;quarta-feira;22:50:00;RS;392;349,7;SANTA MARIA;Ausência de reação do condutor;Colisão com objeto;Com Vítimas Feridas;Plena Noite;Crescente;Nublado;Simples;"Aclive;Reta;Rotatória";Sim;1;0;0;1;0;0;1;1;-29,743073;-53,793525;SPRF-RS;DEL09-RS;UOP01-DEL09-RS
573876;10/01/2024;quarta-feira;20:00:00;MA;316;218;GOVERNADOR NEWTON BELLO;Ingestão de álcool pelo condutor;Saída de leito carroçável;Sem Vítimas;Plena Noite;Crescente;Céu Claro;Simples;Reta;Não;2;0;0;0;1;1;0;2;-3,45764;-45,672226;SPRF-MA;DEL02-MA;UOP01-DEL02-MA
573877;10/01/2024;quarta-feira;18:30:00;RJ;40;72;PETROPOLIS;Reação tardia ou ineficiente do condutor;Saída de leito carroçável;Com Vítimas Feridas;Anoitecer;Decrescente;Garoa/Chuvisco;Dupla;"Curva;Declive";Não;1;0;1;0;0;0;1;1;-22,4585308;-43,21600514;SPRF-RJ;DEL01-RJ;UOP01-DEL01-RJ
573878;11/01/2024;quinta-feira;01:00:00;SP;116;228;SAO PAULO;Reação tardia ou ineficiente do condutor;Colisão traseira;Com Vítimas Feridas;Plena Noite;Crescente;Nublado;Múltipla;Reta;Sim;2;0;1;0;0;1;1;2;-23,50343484;-46,56638712;SPRF-SP;DEL01-SP;UOP01-DEL01-SP
573879;11/01/2024;quinta-feira;00:33:00;GO;60;197;GUAPO;Avarias e/ou desgaste excessivo no pneu;Capotamento;Com Vítimas Feridas;Plena Noite;Decrescente;Céu Claro;Dupla;Reta;Não;1;0;1;0;0;0;1;1;-16,8546;-49,5945;SPRF-GO;DEL01-GO;UOP02-DEL01-GO
573880;11/01/2024;quinta-feira;01:40:00;MG;40;500,3;ESMERALDAS;Animais na Pista;Atropelamento de Animal;Com Vítimas Feridas;Plena Noite;Decrescente;Céu Claro;Dupla;"Reta;Declive";Sim;1;0;0;1;0;0;1;1;-19,70073502;-44,17382703;SPRF-MG;DEL02-MG;UOP01-DEL02-MG
573881;09/01/2024;terça-feira;02:45:00;MG;262;483;BOM DESPACHO;Animais na Pista;Atropelamento de Animal;Sem Vítimas;Plena Noite;Decrescente;Chuva;Simples;Reta;Não;2;0;0;0;2;0;0;1;-19,78475619;-45,27534199;SPRF-MG;DEL08-MG;UOP03-DEL08-MG
573883;10/01/2024;quarta-feira;22:20:00;GO;414;304,2;VILA PROPICIO;Velocidade Incompatível;Saída de leito carroçável;Com Vítimas Feridas;Plena Noite;Crescente;Nublado;Simples;Reta;Não;2;0;0;2;0;0;2;1;-15,24488;-48,690133;SPRF-GO;DEL02-GO;UOP01-DEL02-GO
573886;11/01/2024;quinta-feira;05:25:00;MG;50;80,8;UBERLANDIA;Acessar a via sem observar a presença dos outros veículos;Atropelamento de Pedestre;Com Vítimas Feridas;Amanhecer;Crescente;Céu Claro;Dupla;Reta;Sim;2;0;0;1;1;0;1;2;-18,986906;-48,211853;SPRF-MG;DEL15-MG;UOP01-DEL15-MG
573890;11/01/2024;quinta-feira;04:50:00;MT;364;352;SANTO ANTONIO DO LEVERGER;Reação tardia ou ineficiente do condutor;Saída de leito carroçável;Com Vítimas Feridas;Amanhecer;Decrescente;Chuva;Dupla;Reta;Não;2;0;1;0;1;0;1;1;-15,80114637;-55,57413507;SPRF-MT;DEL05-MT;UOP02-DEL05-MT