id;data_inversa;dia_semana;horario;uf;br;km;municipio;causa_acidente;tipo_acidente;classificacao_acidente;fase_dia;sentido_via;condicao_metereologica;tipo_pista;tracado_via;uso_solo;pessoas;mortos;feridos_leves;feridos_graves;ilesos;ignorados;feridos;veiculos;latitude;longitude;regional;delegacia;uop
573891;11/01/2024;quinta-feira;06:30:00;SP;116;269;TABOAO DA SERRA;Trafegar com motocicleta (ou similar) entre as faixas;Colisão lateral mesmo sentido;Com Vítimas Feridas;Pleno dia;Decrescente;Céu Claro;Dupla;Reta;Sim;3;0;1;0;2;0;1;2;-23,61593059;-46,78826044;SPRF-SP;DEL04-SP;UOP01-DEL04-SP
573892;11/01/2024;quinta-feira;05:20:00;SE;101;31,7;CAPELA;Acumulo de areia ou detritos sobre o pavimento;Colisão com objeto;Sem Vítimas;Amanhecer;Crescente;Chuva;Dupla;Reta;Não;1;0;0;0;1;0;0;1;-10,45377004;-36,94004289;SPRF-SE;DEL02-SE;UOP02-DEL02-SE
573895;11/01/2024;quinta-feira;00:00:00;MG;116;507,3;UBAPORANGA;Ultrapassagem Indevida;Colisão lateral mesmo sentido;Com Vítimas Feridas;Plena Noite;Decrescente;Nevoeiro/Neblina;Simples;Curva;Sim;3;0;0;1;1;1;1;2;-19,61953715;-42,10872923;SPRF-MG;DEL06-MG;UOP02-DEL06-MG
573900;11/01/2024;quinta-feira;07:25:00;RS;116;1;PORTO ALEGRE;Manobra de mudança de faixa;Colisão lateral mesmo sentido;Com Vítimas Feridas;Pleno dia;Crescente;Nublado;Dupla;Reta;Não;3;0;1;0;2;0;1;3;-29,9731875;-51,1774783;SPRF-RS;DEL05-RS;UOP03-DEL05-RS
573901;11/01/2024;quinta-feira;06:43:00;SP;116;374;MIRACATU;Reação tardia ou ineficiente do condutor;Atropelamento de Pedestre;Com Vítimas Feridas;Pleno dia;Crescente;Céu Claro;Dupla;Reta;Não;3;0;1;0;2;0;1;2;-24,17696369;-47,34705324;SPRF-SP;DEL04-SP;UOP02-DEL04-SP
573903;11/01/2024;quinta-feira;07:00:00;BA;324;2;FEIRA DE SANTANA;Trafegar com motocicleta (ou similar) entre as faixas;Colisão lateral mesmo sentido;Com Vítimas Feridas;Pleno dia;Decrescente;Céu Claro;Dupla;Reta;Sim;3;0;2;0;1;0;2;2;-12,28359459;-38,94781178;SPRF-BA;DEL02-BA;UOP01-DEL02-BA
573904;11/01/2024;quinta-feira;06:30:00;PB;101;85;BAYEUX;Demais falhas mecânicas ou elétricas;Incêndio;Sem Vítimas;Pleno dia;Crescente;Chuva;Dupla;Reta;Sim;1;0;0;0;1;0;0;1;-7,14538184;-34,91662887;SPRF-PB;DEL01-PB;UOP01-DEL01-PB
573906;11/01/2024;quinta-feira;06:50:00;PR;163;239,3;TOLEDO;Velocidade Incompatível;Colisão traseira;Sem Vítimas;Pleno dia;Crescente;Céu Claro;Dupla;Reta;Não;3;0;0;0;3;0;0;2;-24,717822;-53,711597;SPRF-PR;DEL04-PR;UOP01-DEL04-PR
573907;11/01/2024;quinta-feira;08:00:00;MG;381;834,1;SAO SEBASTIAO DA BELA VISTA;Reação tardia ou ineficiente do condutor;Saída de leito carroçável;Com Vítimas Feridas;Pleno dia;Decrescente;Céu Claro;Dupla;Reta;Não;4;0;2;0;2;0;2;1;-22,14509897;-45,81876904;SPRF-MG;DEL16-MG;UOP01-DEL16-MG
573908;11/01/2024;quinta-feira;07:30:00;SP;381;37;ATIBAIA;Reação tardia ou ineficiente do condutor;Colisão lateral mesmo sentido;Sem Vítimas;Pleno dia;Crescente;Céu Claro;Dupla;Curva;Não;3;0;0;0;3;0;0;2;-23,10506237;-46,56881577;SPRF-SP;DEL03-SP;UOP01-DEL03-SP
573911;11/01/2024;quinta-feira;08:30:00;RS;392;67;PELOTAS;Desrespeitar a preferência no cruzamento;Colisão transversal;Com Vítimas Feridas;Pleno dia;Decrescente;Nublado;Dupla;"Reta;Interseção de Vias;Rotatória";Sim;2;0;0;1;1;0;1;2;-31,75652467;-52,40087986;SPRF-RS;DEL07-RS;UOP01-DEL07-RS
573912;11/01/2024;quinta-feira;07:20:00;PR;476;152,9;ARAUCARIA;Condutor deixou de manter distância do veículo da frente;Colisão traseira;Com Vítimas Feridas;Pleno dia;Decrescente;Céu Claro;Dupla;Reta;Sim;3;0;2;0;1;0;2;2;-25,570036;-49,384193;SPRF-PR;DEL01-PR;UOP06-DEL01-PR
573915;11/01/2024;quinta-feira;08:30:00;SC;470;68,1;INDAIAL;Acessar a via sem observar a presença dos outros veículos;Colisão lateral mesmo sentido;Com Vítimas Feridas;Pleno dia;Decrescente;Céu Claro;Dupla;"Reta;Em Obras";Sim;3;0;2;0;1;0;2;2;-26,87874376;-49,2407012;SPRF-SC;DEL04-SC;UOP01-DEL04-SC
573916;11/01/2024;quinta-feira;08:05:00;GO;60;38;GOIANIA;Reação tardia ou ineficiente do condutor;Engavetamento;Sem Vítimas;Pleno dia;Crescente;Céu Claro;Dupla;Reta;Sim;8;0;0;0;8;0;0;6;-16,72670228;-49,35183786;SPRF-DF;DEL03-DF;UOP01-DEL03-DF
573917;11/01/2024;quinta-feira;08:30:00;RS;101;36;TRES CACHOEIRAS;Acumulo de água sobre o pavimento;Saída de leito carroçável;Com Vítimas Feridas;Pleno dia;Crescente;Chuva;Dupla;Curva;Não;2;0;2;0;0;0;2;1;-29,52220183;-49,99975009;SPRF-RS;DEL03-RS;UOP02-DEL03-RS
573920;11/01/2024;quinta-feira;09:05:00;RS;392;24;RIO GRANDE;Condutor Dormindo;Saída de leito carroçável;Sem Vítimas;Pleno dia;Crescente;Céu Claro;Dupla;Reta;Não;1;0;0;0;1;0;0;1;-32,0858159;-52,23789595;SPRF-RS;DEL07-RS;UOP02-DEL07-RS
573921;03/01/2024;quarta-feira;05:40:00;RJ;101;209,6;CASIMIRO DE ABREU;Condutor Dormindo;Saída de leito carroçável;Com Vítimas Feridas;Amanhecer;Decrescente;Chuva;Dupla;Curva;Não;1;0;1;0;0;0;1;1;-22,48133694;-42,22930101;SPRF-RJ;DEL08-RJ;UOP04-DEL08-RJ
573924;11/01/2024;quinta-feira;09:15:00;SC;101;157;PORTO BELO;Ausência de reação do condutor;Colisão traseira;Com Vítimas Feridas;Pleno dia;Decrescente;Céu Claro;Múltipla;Reta;Sim;3;0;1;0;2;0;1;2;-27,181625;-48,6121179;SPRF-SC;DEL04-SC;UOP03-DEL04-SC
573926;11/01/2024;quinta-feira;09:25:00;ES;101;293,6;CARIACICA;Trafegar com motocicleta (ou similar) entre as faixas;Colisão lateral mesmo sentido;Com Vítimas Feridas;Pleno dia;Decrescente;Céu Claro;Dupla;Reta;Sim;3;0;1;0;2;0;1;3;-20,31526144;-40,39567044;SPRF-ES;DEL01-ES;UOP01-DEL01-ES
573928;11/01/2024;quinta-feira;08:50:00;SC;280;138;RIO NEGRINHO;Manobra de mudança de faixa;Saída de leito carroçável;Com Vítimas Feridas;Pleno dia;Crescente;Céu Claro;Simples;"Declive;Reta;Em Obras";Não;1;0;1;0;0;0;1;1;-26,26237708;-49,59785109;SPRF-SC;DEL06-SC;UOP03-DEL06-SC
573929;11/01/2024;quinta-feira;09:00:00;RO;319;62;PORTO VELHO;Desrespeitar a preferência no cruzamento;Colisão transversal;Com Vítimas Feridas;Pleno dia;Crescente;Nublado;Dupla;Reta;Sim;2;0;1;0;1;0;1;2;-8,766685;-63,884052;SPRF-RO;DEL01-RO;UOP01-DEL01-RO
573931;11/01/2024;quinta-feira;10:00:00;PR;476;121;CURITIBA;Reação tardia ou ineficiente do condutor;Colisão traseira;Com Vítimas Feridas;Pleno dia;Crescente;Céu Claro;Múltipla;Reta;Sim;2;0;1;0;1;0;1;2;-25,379221;-49,197685;SPRF-PR;DEL01-PR;UOP01-DEL01-PR
573932;11/01/2024;quinta-feira;10:50:00;ES;101;395,5;RIO NOVO DO SUL;Acessar a via sem observar a presença dos outros veículos;Queda de ocupante de veículo;Com Vítimas Feridas;Pleno dia;Crescente;Sol;Simples;Reta;Não;2;0;1;1;0;0;2;2;-20,86594262;-40,93257592;SPRF-ES;DEL03-ES;UOP02-DEL03-ES
573933;11/01/2024;quinta-feira;10:45:00;RS;386;423;MONTENEGRO;Velocidade Incompatível;Saída de leito carroçável;Com Vítimas Feridas;Pleno dia;Decrescente;Chuva;Dupla;Curva;Não;2;0;1;0;1;0;1;2;-29,816875;-51,392719;SPRF-RS;DEL04-RS;UOP02-DEL04-RS
573935;11/01/2024;quinta-feira;10:57:00;DF;60;0;BRASILIA;Acessar a via sem observar a presença dos outros veículos;Colisão lateral mesmo sentido;Com Vítimas Feridas;Pleno dia;Decrescente;Céu Claro;Dupla;Curva;Sim;2;0;1;0;1;0;1;2;-15,882499;-48,060212;SPRF-DF;DEL03-DF;UOP01-DEL03-DF
573940;11/01/2024;quinta-feira;11:00:00;TO;153;337;GUARAI;Acesso irregular;Colisão transversal;Com Vítimas Feridas;Pleno dia;Crescente;Nublado;Simples;Reta;Sim;3;0;1;0;1;1;1;3;-8,863007;-48,50835;SPRF-TO;DEL02-TO;UOP02-DEL02-TO
573942;11/01/2024;quinta-feira;11:00:00;RN;304;298;MACAIBA;Reação tardia ou ineficiente do condutor;Colisão traseira;Com Vítimas Feridas;Pleno dia;Crescente;Céu Claro;Dupla;Rotatória;Sim;3;0;1;0;2;0;1;2;-5,8682343;-35,3321791;SPRF-RN;DEL01-RN;UOP02-DEL01-RN
573943;11/01/2024;quinta-feira;09:50:00;MS;267;106,7;NOVA ANDRADINA;Demais falhas mecânicas ou elétricas;Saída de leito carroçável;Com Vítimas Feridas;Pleno dia;Decrescente;Céu Claro;Simples;Reta;Não;5;0;1;0;4;0;1;1;-21,82883084;-53,10089494;SPRF-MS;DEL02-MS;UOP03-DEL02-MS
573944;11/01/2024;quinta-feira;11:10:00;PB;101;75;SANTA RITA;Acumulo de água sobre o pavimento;Saída de leito carroçável;Sem Vítimas;Pleno dia;Decrescente;Chuva;Dupla;Curva;Não;2;0;0;0;2;0;0;2;-7,08342296;-34,97202399;SPRF-PB;DEL01-PB;UOP04-DEL01-PB
573945;11/01/2024;quinta-feira;12:25:00;MG;459;88,3;CONGONHAL;Acessar a via sem observar a presença dos outros veículos;Colisão transversal;Com Vítimas Feridas;Pleno dia;Crescente;Céu Claro;Simples;Reta;Sim;3;0;2;1;0;0;3;2;-22,149559;-46,023994;SPRF-MG;DEL09-MG;UOP01-DEL09-MG
573946;11/01/2024;quinta-feira;11:50:00;PR;277;2,5;PARANAGUA;Conversão proibida;Colisão transversal;Com Vítimas Feridas;Pleno dia;Decrescente;Céu Claro;Simples;Reta;Sim;3;0;2;0;1;0;2;2;-25,544594;-48,559759;SPRF-PR;DEL01-PR;UOP05-DEL01-PR
573948;11/01/2024;quinta-feira;12:00:00;RJ;101;132;CONCEICAO DE MACABU;Demais falhas mecânicas ou elétricas;Incêndio;Com Vítimas Feridas;Pleno dia;Decrescente;Céu Claro;Dupla;Reta;Não;1;0;1;0;0;0;1;1;-22,12299312;-41,70695979;SPRF-RJ;DEL08-RJ;UOP04-DEL08-RJ
573949;11/01/2024;quinta-feira;12:45:00;GO;60;92,4;ANAPOLIS;Acessar a via sem observar a presença dos outros veículos;Colisão transversal;Com Vítimas Feridas;Pleno dia;Crescente;Céu Claro;Dupla;Reta;Sim;3;0;1;2;0;0;3;2;-16,353;-48,9178;SPRF-GO;DEL02-GO;UOP01-DEL02-GO
573950;11/01/2024;quinta-feira;09:00:00;MG;116;527;CARATINGA;Manobra de mudança de faixa;Colisão lateral mesmo sentido;Com Vítimas Feridas;Pleno dia;Decrescente;Céu Claro;Dupla;"Aclive;Reta";Sim;2;0;1;0;1;0;1;2;-19,78510701;-42,13445297;SPRF-MG;DEL06-MG;UOP02-DEL06-MG
573952;11/01/2024;quinta-feira;12:10:00;SP;488;1,3;APARECIDA;Pedestre cruzava a pista fora da faixa;Atropelamento de Pedestre;Com Vítimas Feridas;Pleno dia;Decrescente;Céu Claro;Dupla;Reta;Sim;3;0;1;0;0;2;1;2;-22,8488899;-45,23165703;SPRF-SP;DEL08-SP;UOP01-DEL08-SP
573957;11/01/2024;quinta-feira;12:50:00;MG;50;9,9;ARAGUARI;Transtornos Mentais (exceto suicidio);Saída de leito carroçável;Com Vítimas Feridas;Pleno dia;Crescente;Céu Claro;Dupla;"Reta;Declive";Não;1;0;1;0;0;0;1;1;-18,50601025;-48,04052945;SPRF-MG;DEL15-MG;UOP02-DEL15-MG
573958;11/01/2024;quinta-feira;09:50:00;MT;163;538;DIAMANTINO;Ausência de reação do condutor;Saída de leito carroçável;Com Vítimas Feridas;Pleno dia;Crescente;Chuva;Simples;Curva;Não;1;0;1;0;0;0;1;1;-14,39790283;-56,11054979;SPRF-MT;DEL01-MT;UOP01-DEL01-MT
573960;01/01/2024;segunda-feira;02:00:00;GO;158;239;JATAI;Ausência de reação do condutor;Saída de leito carroçável;Com Vítimas Feridas;Plena Noite;Crescente;Céu Claro;Simples;"Reta;Declive";Não;1;0;0;1;0;0;1;1;-17,63745783;-51,85095077;SPRF-GO;DEL05-GO;UOP01-DEL05-GO
573961;11/01/2024;quinta-feira;12:21:00;PE;101;75,8;RECIFE;Manobra de mudança de faixa;Colisão lateral mesmo sentido;Sem Vítimas;Pleno dia;Crescente;Nublado;Dupla;Reta;Sim;3;0;0;0;2;1;0;3;-8,10973523;-34,94660151;SPRF-PE;DEL01-PE;UOP01-DEL01-PE
573962;11/01/2024;quinta-feira;11:07:00;GO;153;28;PORANGATU;Condutor usando celular;Saída de leito carroçável;Com Vítimas Feridas;Pleno dia;Crescente;Céu Claro;Simples;Reta;Não;1;0;1;0;0;0;1;1;-13,070325;-49,185505;SPRF-GO;DEL07-GO;UOP01-DEL07-GO
573963;11/01/2024;quinta-feira;13:15:00;PR;376;248,7;APUCARANA;Ausência de reação do condutor;Colisão traseira;Com Vítimas Feridas;Pleno dia;Decrescente;Céu Claro;Dupla;Reta;Não;6;0;3;0;3;0;3;2;-23,6077617;-51,40623093;SPRF-PR;DEL07-PR;UOP03-DEL07-PR
573965;11/01/2024;quinta-feira;11:50:00;SP;116;74;APARECIDA;Condutor deixou de manter distância do veículo da frente;Engavetamento;Com Vítimas Feridas;Pleno dia;Crescente;Céu Claro;Dupla;"Em Obras;Reta";Não;5;0;3;0;2;0;3;3;-22,87353809;-45,25320023;SPRF-SP;DEL08-SP;UOP01-DEL08-SP
573966;11/01/2024;quinta-feira;12:30:00;RJ;116;184;NOVA IGUACU;Acesso irregular;Colisão lateral mesmo sentido;Com Vítimas Feridas;Pleno dia;Crescente;Céu Claro;Dupla;Reta;Não;2;0;1;0;0;1;1;2;-22,74647215;-43,44594311;SPRF-RJ;DEL06-RJ;UOP01-DEL06-RJ
573967;11/01/2024;quinta-feira;12:00:00;SC;101;207;SAO JOSE;Trafegar com motocicleta (ou similar) entre as faixas;Queda de ocupante de veículo;Com Vítimas Feridas;Pleno dia;Crescente;Céu Claro;Dupla;Reta;Sim;1;0;1;0;0;0;1;1;-27,60001226;-48,6226467;SPRF-SC;DEL01-SC;UOP01-DEL01-SC
573970;11/01/2024;quinta-feira;12:40:00;RS;290;50,7;GLORINHA;Reação tardia ou ineficiente do condutor;Saída de leito carroçável;Com Vítimas Feridas;Pleno dia;Crescente;Garoa/Chuvisco;Dupla;Reta;Não;1;0;1;0;0;0;1;1;-29,906633;-50,757706;SPRF-RS;DEL03-RS;UOP01-DEL03-RS
573972;11/01/2024;quinta-feira;14:20:00;SP;101;48;UBATUBA;Acessar a via sem observar a presença dos outros veículos;Colisão transversal;Com Vítimas Feridas;Pleno dia;Crescente;Céu Claro;Simples;Rotatória;Sim;2;0;1;0;1;0;1;2;-23,43696329;-45,08768768;SPRF-SP;DEL06-SP;UOP01-DEL06-SP
573974;11/01/2024;quinta-feira;13:15:00;RJ;101;387;RIO DE JANEIRO;Ausência de reação do condutor;Colisão lateral mesmo sentido;Com Vítimas Feridas;Pleno dia;Decrescente;Sol;Dupla;Reta;Sim;2;0;1;0;1;0;1;2;-22,88537839;-43,64965688;SPRF-RJ;DEL03-RJ;UOP01-DEL03-RJ
573984;11/01/2024;quinta-feira;13:28:00;SP;116;470;JACUPIRANGA;Reação tardia ou ineficiente do condutor;Saída de leito carroçável;Com Vítimas Feridas;Pleno dia;Decrescente;Céu Claro;Dupla;Reta;Não;2;0;1;1;0;0;2;1;-24,65403826;-47,95945895;SPRF-SP;DEL05-SP;UOP01-DEL05-SP
573989;11/01/2024;quinta-feira;15:30:00;RJ;116;178;SAO JOAO DE MERITI;Manobra de mudança de faixa;Colisão traseira;Com Vítimas Feridas;Pleno dia;Crescente;Chuva;Dupla;"Interseção de Vias;Reta";Sim;2;0;1;0;1;0;1;2;-22,77496393;-43,40081465;SPRF-RJ;DEL06-RJ;UOP01-DEL06-RJ
573991;11/01/2024;quinta-feira;14:50:00;SP;101;47,8;UBATUBA;Condutor deixou de manter distância do veículo da frente;Colisão lateral mesmo sentido;Com Vítimas Feridas;Pleno dia;Decrescente;Sol;Simples;Rotatória;Sim;3;0;1;0;2;0;1;2;-23,434023;-45,08571267;SPRF-SP;DEL06-SP;UOP01-DEL06-SP
573992;11/01/2024;quinta-feira;10:40:00;RJ;101;323;NITEROI;Demais falhas mecânicas ou elétricas;Tombamento;Com Vítimas Feridas;Pleno dia;Crescente;Céu Claro;Dupla;Reta;Sim;1;0;1;0;0;0;1;1;-22,87684786;-43,11728689;SPRF-RJ;DEL02-RJ;UOP01-DEL02-RJ
573996;01/01/2024;segunda-feira;14:20:00;MG;40;715,9;BARBACENA;Velocidade Incompatível;Colisão com objeto;Com Vítimas Feridas;Pleno dia;Decrescente;Chuva;Dupla;"Declive;Curva";Não;3;0;3;0;0;0;3;1;-21,25161698;-43,67181701;SPRF-MG;DEL05-MG;UOP01-DEL05-MG
573997;11/01/2024;quinta-feira;14:45:00;GO;60;21,4;ALEXANIA;Reação tardia ou ineficiente do condutor;Capotamento;Com Vítimas Feridas;Pleno dia;Crescente;Nublado;Dupla;Reta;Não;1;0;1;0;0;0;1;1;-16,120594;-48,404826;SPRF-DF;DEL03-DF;UOP01-DEL03-DF
574003;11/01/2024;quinta-feira;16:15:00;PB;101;88,6;JOAO PESSOA;Condutor deixou de manter distância do veículo da frente;Colisão traseira;Com Vítimas Feridas;Pleno dia;Decrescente;Sol;Dupla;Reta;Sim;5;0;0;1;4;0;1;3;-7,16470016;-34,89993643;SPRF-PB;DEL01-PB;UOP02-DEL01-PB
574006;11/01/2024;quinta-feira;14:05:00;AL;101;14;NOVO LINO;Chuva;Saída de leito carroçável;Com Vítimas Feridas;Pleno dia;Decrescente;Chuva;Dupla;Curva;Não;1;0;1;0;0;0;1;1;-8,98160808;-35,67369277;SPRF-AL;DEL01-AL;UOP02-DEL01-AL
574008;11/01/2024;quinta-feira;16:55:00;RN;304;293,9;MACAIBA;Pedestre cruzava a pista fora da faixa;Atropelamento de Pedestre;Com Vítimas Feridas;Pleno dia;Crescente;Nublado;Múltipla;"Reta;Em Obras;Desvio Temporário";Não;2;0;1;0;1;0;1;2;-5,86846237;-35,37602795;SPRF-RN;DEL01-RN;UOP02-DEL01-RN
574010;11/01/2024;quinta-feira;17:45:00;ES;101;304,6;VIANA;Ausência de reação do condutor;Colisão traseira;Com Vítimas Feridas;Pleno dia;Crescente;Céu Claro;Dupla;Reta;Sim;2;0;1;0;1;0;1;2;-20,3800645;-40,45431391;SPRF-ES;DEL01-ES;UOP01-DEL01-ES
574013;03/01/2024;quarta-feira;12:30:00;RJ;101;303;SAO GONCALO;Ausência de reação do condutor;Colisão traseira;Com Vítimas Feridas;Pleno dia;Decrescente;Céu Claro;Dupla;Reta;Sim;2;0;1;0;1;0;1;2;-22,7828205;-42,9766681;SPRF-RJ;DEL02-RJ;UOP02-DEL02-RJ
574014;11/01/2024;quinta-feira;17:39:00;TO;153;342;FORTALEZA DO TABOCAO;Avarias e/ou desgaste excessivo no pneu;Queda de ocupante de veículo;Com Vítimas Feridas;Pleno dia;Crescente;Céu Claro;Simples;Reta;Não;2;0;1;1;0;0;2;1;-8,90868999;-48,5092584;SPRF-TO;DEL02-TO;UOP02-DEL02-TO
574018;11/01/2024;quinta-feira;15:45:00;PE;104;64,4;CARUARU;Ausência de reação do condutor;Colisão com objeto;Com Vítimas Feridas;Pleno dia;Crescente;Céu Claro;Dupla;Reta;Sim;2;0;2;0;0;0;2;1;-8,2783;-35,9815;SPRF-PE;DEL02-PE;UOP01-DEL02-PE
574019;11/01/2024;quinta-feira;18:00:00;RJ;116;184;NOVA IGUACU;Condutor deixou de manter distância do veículo da frente;Colisão traseira;Sem Vítimas;Anoitecer;Crescente;Céu Claro;Dupla;Reta;Sim;2;0;0;0;2;0;0;2;-22,74647215;-43,44594311;SPRF-RJ;DEL06-RJ;UOP01-DEL06-RJ
574020;11/01/2024;quinta-feira;18:00:00;SC;101;41;JOINVILLE;Acumulo de água sobre o pavimento;Tombamento;Com Vítimas Feridas;Pleno dia;Crescente;Chuva;Múltipla;Reta;Não;1;0;1;0;0;0;1;1;-26,31578047;-48,87378573;SPRF-SC;DEL03-SC;UOP01-DEL03-SC
574021;11/01/2024;quinta-feira;14:30:00;PR;376;631;SAO JOSE DOS PINHAIS;Acessar a via sem observar a presença dos outros veículos;Colisão lateral mesmo sentido;Sem Vítimas;Pleno dia;Crescente;Céu Claro;Múltipla;Reta;Sim;2;0;0;0;2;0;0;2;-25,70434399;-49,14198595;SPRF-PR;DEL01-PR;UOP04-DEL01-PR
574023;11/01/2024;quinta-feira;17:25:00;RN;406;152,2;CEARA-MIRIM;Acessar a via sem observar a presença dos outros veículos;Colisão transversal;Com Vítimas Feridas;Anoitecer;Decrescente;Céu Claro;Simples;"Reta;Interseção de Vias";Não;2;0;1;0;1;0;1;2;-5,65094554;-35,42341594;SPRF-RN;DEL02-RN;UOP01-DEL02-RN
574024;11/01/2024;quinta-feira;16:55:00;SC;101;323;PESCARIA BRAVA;Chuva;Saída de leito carroçável;Sem Vítimas;Pleno dia;Crescente;Chuva;Dupla;Curva;Não;1;0;0;0;0;1;0;1;-28,42789556;-48,91248313;SPRF-SC;DEL02-SC;UOP01-DEL02-SC
574025;11/01/2024;quinta-feira;17:00:00;SP;116;101,7;PINDAMONHANGABA;Trafegar com motocicleta (ou similar) entre as faixas;Colisão lateral mesmo sentido;Com Vítimas Feridas;Pleno dia;Crescente;Nublado;Dupla;Declive;Não;3;0;1;0;2;0;1;2;-22,99142462;-45,48287272;SPRF-SP;DEL08-SP;UOP01-DEL08-SP
574027;11/01/2024;quinta-feira;16:30:00;RJ;40;77;PETROPOLIS;Reação tardia ou ineficiente do condutor;Colisão com objeto;Com Vítimas Feridas;Pleno dia;Crescente;Garoa/Chuvisco;Dupla;Curva;Não;5;0;3;1;1;0;4;1;-22,48005592;-43,23543994;SPRF-RJ;DEL01-RJ;UOP01-DEL01-RJ
574031;11/01/2024;quinta-feira;15:08:00;AM;319;55;CAREIRO;Condutor Dormindo;Capotamento;Com Vítimas Fatais;Pleno dia;Crescente;Sol;Simples;Reta;Não;6;1;4;0;0;1;4;2;-3,45532333;-60,02054996;SPRF-AM;DEL01-AM;UOP04-DEL01-AM
574032;11/01/2024;quinta-feira;17:16:00;BA;324;618;SALVADOR;Ingestão de álcool pelo condutor;Colisão com objeto;Com Vítimas Feridas;Anoitecer;Decrescente;Céu Claro;Múltipla;Reta;Não;1;0;1;0;0;0;1;1;-12,891109;-38,445374;SPRF-BA;DEL01-BA;UOP01-DEL01-BA
574034;11/01/2024;quinta-feira;16:30:00;RJ;40;104;DUQUE DE CAXIAS;Acumulo de água sobre o pavimento;Saída de leito carroçável;Sem Vítimas;Plena Noite;Crescente;Chuva;Múltipla;Reta;Não;1;0;0;0;1;0;0;1;-22,62897902;-43,28579508;SPRF-RJ;DEL01-RJ;UOP02-DEL01-RJ
574035;11/01/2024;quinta-feira;19:18:00;PI;343;13;PARNAIBA;Animais na Pista;Atropelamento de Animal;Com Vítimas Feridas;Plena Noite;Crescente;Céu Claro;Dupla;Reta;Sim;1;0;1;0;0;0;1;1;-2,919029;-41,754124;SPRF-PI;DEL05-PI;UOP01-DEL05-PI
574038;11/01/2024;quinta-feira;18:00:00;MG;381;868,8;POUSO ALEGRE;Ultrapassagem Indevida;Colisão frontal;Com Vítimas Feridas;Anoitecer;Decrescente;Nublado;Simples;Reta;Não;2;0;1;0;1;0;1;2;-22,42008488;-45,96507626;SPRF-MG;DEL16-MG;UOP01-DEL16-MG
574039;11/01/2024;quinta-feira;19:30:00;SC;101;118;ITAJAI;Reação tardia ou ineficiente do condutor;Tombamento;Com Vítimas Feridas;Plena Noite;Crescente;Chuva;Dupla;Reta;Não;1;0;0;1;0;0;1;1;-26,895859;-48,71903;SPRF-SC;DEL04-SC;UOP04-DEL04-SC
574041;11/01/2024;quinta-feira;14:00:00;MG;116;132,9;PONTO DOS VOLANTES;Ultrapassagem Indevida;Colisão frontal;Com Vítimas Fatais;Pleno dia;Crescente;Céu Claro;Simples;"Aclive;Reta";Não;8;1;2;4;0;1;6;3;-16,715023;-41,499625;SPRF-MG;DEL11-MG;UOP02-DEL11-MG
574044;11/01/2024;quinta-feira;19:36:00;GO;153;509;APARECIDA DE GOIANIA;Ingestão de álcool pelo condutor;Colisão traseira;Com Vítimas Feridas;Plena Noite;Crescente;Céu Claro;Dupla;"Reta;Aclive";Sim;3;0;1;0;2;0;1;2;-16,779994;-49,237021;SPRF-GO;DEL01-GO;UOP03-DEL01-GO
574045;11/01/2024;quinta-feira;17:00:00;MT;70;667;CACERES;Chuva;Saída de leito carroçável;Com Vítimas Feridas;Pleno dia;Crescente;Chuva;Simples;Reta;Não;2;0;1;1;0;0;2;1;-16,0304352;-57,24467585;SPRF-MT;DEL03-MT;UOP02-DEL03-MT
574046;11/01/2024;quinta-feira;14:15:00;RO;435;84;COLORADO DO OESTE;Ultrapassagem Indevida;Colisão lateral mesmo sentido;Com Vítimas Feridas;Pleno dia;Decrescente;Céu Claro;Dupla;Interseção de Vias;Sim;2;0;1;0;1;0;1;2;-13,1173435;-60,52293293;SPRF-RO;DEL04-RO;UOP02-DEL04-RO
574047;11/01/2024;quinta-feira;18:30:00;RO;364;188,2;PIMENTA BUENO;Reação tardia ou ineficiente do condutor;Saída de leito carroçável;Com Vítimas Feridas;Plena Noite;Crescente;Chuva;Simples;Curva;Não;1;0;1;0;0;0;1;1;-11,731346;-61,126001;SPRF-RO;DEL02-RO;UOP02-DEL02-RO
574048;11/01/2024;quinta-feira;18:00:00;RJ;116;137;MAGE;Reação tardia ou ineficiente do condutor;Colisão lateral mesmo sentido;Com Vítimas Feridas;Anoitecer;Decrescente;Chuva;Dupla;Reta;Sim;3;0;2;0;1;0;2;2;-22,64791994;-43,18200799;SPRF-RJ;DEL04-RJ;UOP02-DEL04-RJ
574051;11/01/2024;quinta-feira;16:40:00;RJ;465;5;SEROPEDICA;Transitar no Acostamento;Colisão lateral mesmo sentido;Com Vítimas Feridas;Pleno dia;Decrescente;Chuva;Simples;Reta;Sim;3;0;2;0;1;0;2;2;-22,747673;-43,699196;SPRF-RJ;DEL06-RJ;UOP02-DEL06-RJ
574053;11/01/2024;quinta-feira;19:26:00;RS;116;152,8;CAXIAS DO SUL;Pista Escorregadia;Tombamento;Com Vítimas Fatais;Plena Noite;Crescente;Chuva;Múltipla;Reta;Não;3;1;0;0;1;1;0;3;-29,1829343;-51,16801501;SPRF-RS;DEL05-RS;UOP01-DEL05-RS
574054;11/01/2024;quinta-feira;16:10:00;RJ;101;262;RIO BONITO;Reação tardia ou ineficiente do condutor;Saída de leito carroçável;Sem Vítimas;Pleno dia;Crescente;Céu Claro;Dupla;Reta;Sim;1;0;0;0;1;0;0;1;-22,71367506;-42,62052996;SPRF-RJ;DEL02-RJ;UOP03-DEL02-RJ
574055;11/01/2024;quinta-feira;19:00:00;CE;20;396;CAUCAIA;Animais na Pista;Atropelamento de Animal;Com Vítimas Feridas;Plena Noite;Crescente;Céu Claro;Simples;Reta;Não;5;0;1;0;3;1;1;2;-3,817837;-38,740605;SPRF-CE;DEL01-CE;UOP01-DEL01-CE