id;data_inversa;dia_semana;horario;uf;br;km;municipio;causa_acidente;tipo_acidente;classificacao_acidente;fase_dia;sentido_via;condicao_metereologica;tipo_pista;tracado_via;uso_solo;pessoas;mortos;feridos_leves;feridos_graves;ilesos;ignorados;feridos;veiculos;latitude;longitude;regional;delegacia;uop
574056;11/01/2024;quinta-feira;21:00:00;RJ;116;176;SAO JOAO DE MERITI;Reação tardia ou ineficiente do condutor;Colisão lateral mesmo sentido;Com Vítimas Feridas;Plena Noite;Decrescente;Chuva;Múltipla;Interseção de Vias;Sim;4;0;1;0;3;0;1;3;-22,7839538;-43,38195488;SPRF-RJ;DEL06-RJ;UOP01-DEL06-RJ
574057;11/01/2024;quinta-feira;20:35:00;RS;116;533,3;CAPAO DO LEAO;Ausência de reação do condutor;Atropelamento de Pedestre;Com Vítimas Feridas;Plena Noite;Crescente;Céu Claro;Simples;Reta;Não;2;0;2;0;0;0;2;2;-31,77636406;-52,46074195;SPRF-RS;DEL07-RS;UOP01-DEL07-RS
574058;11/01/2024;quinta-feira;19:40:00;SC;101;210;SAO JOSE;Condutor deixou de manter distância do veículo da frente;Colisão traseira;Sem Vítimas;Plena Noite;Decrescente;Céu Claro;Múltipla;Reta;Sim;2;0;0;0;2;0;0;2;-27,6167305;-48,6457265;SPRF-SC;DEL01-SC;UOP01-DEL01-SC
574060;11/01/2024;quinta-feira;19:55:00;PR;277;614,3;CEU AZUL;Ultrapassagem Indevida;Colisão frontal;Com Vítimas Fatais;Pleno dia;Crescente;Céu Claro;Simples;"Reta;Declive";Não;5;2;0;1;0;2;1;3;-25,067571;-53,658006;SPRF-PR;DEL05-PR;UOP02-DEL05-PR
574061;11/01/2024;quinta-feira;19:00:00;SC;282;54,4;RANCHO QUEIMADO;Velocidade Incompatível;Saída de leito carroçável;Com Vítimas Feridas;Pleno dia;Decrescente;Céu Claro;Simples;Curva;Não;1;0;1;0;0;0;1;1;-27,685799;-48,974514;SPRF-SC;DEL01-SC;UOP03-DEL01-SC
574062;11/01/2024;quinta-feira;21:05:00;SP;101;45,7;UBATUBA;Entrada inopinada do pedestre;Atropelamento de Pedestre;Com Vítimas Feridas;Plena Noite;Decrescente;Chuva;Simples;Reta;Sim;3;0;2;0;1;0;2;2;-23,42080198;-45,07083178;SPRF-SP;DEL06-SP;UOP01-DEL06-SP
574063;11/01/2024;quinta-feira;12:40:00;PI;316;309;PICOS;Ausência de reação do condutor;Colisão traseira;Sem Vítimas;Pleno dia;Decrescente;Céu Claro;Simples;Reta;Sim;2;0;0;0;2;0;0;2;-7,07778744;-41,48370094;SPRF-PI;DEL04-PI;UOP01-DEL04-PI
574064;11/01/2024;quinta-feira;19:45:00;RO;364;352,5;JI-PARANA;Animais na Pista;Atropelamento de Animal;Com Vítimas Feridas;Plena Noite;Crescente;Nublado;Simples;Reta;Não;1;0;1;0;0;0;1;1;-10,83322284;-62,01156957;SPRF-RO;DEL02-RO;UOP01-DEL02-RO
574065;11/01/2024;quinta-feira;21:00:00;PE;101;62,5;RECIFE;Trafegar com motocicleta (ou similar) entre as faixas;Colisão transversal;Com Vítimas Feridas;Plena Noite;Crescente;Chuva;Dupla;Reta;Sim;2;0;1;0;1;0;1;2;-7,99905898;-34,93899295;SPRF-PE;DEL01-PE;UOP02-DEL01-PE
574066;11/01/2024;quinta-feira;13:00:00;PI;135;538;SAO GONCALO DO GURGUEIA;Acumulo de água sobre o pavimento;Saída de leito carroçável;Com Vítimas Fatais;Pleno dia;Crescente;Chuva;Simples;Reta;Não;2;1;1;0;0;0;1;1;-10,02621404;-45,30289676;SPRF-PI;DEL03-PI;UOP02-DEL03-PI
574067;11/01/2024;quinta-feira;18:30:00;PR;153;209,5;PAULO FRONTIN;Reação tardia ou ineficiente do condutor;Colisão traseira;Com Vítimas Feridas;Pleno dia;Crescente;Céu Claro;Simples;Declive;Não;6;0;1;0;4;1;1;3;-26,0488324;-50,82034217;SPRF-PR;DEL03-PR;UOP02-DEL03-PR
574068;11/01/2024;quinta-feira;20:30:00;AL;423;63,8;AGUA BRANCA;Animais na Pista;Atropelamento de Animal;Com Vítimas Fatais;Plena Noite;Decrescente;Céu Claro;Simples;Reta;Não;4;1;1;0;2;0;1;2;-9,29390121;-37,83582496;SPRF-AL;DEL03-AL;UOP02-DEL03-AL
574070;11/01/2024;quinta-feira;22:00:00;SP;101;39;UBATUBA;Conversão proibida;Colisão transversal;Com Vítimas Feridas;Plena Noite;Crescente;Chuva;Simples;"Aclive;Curva";Não;3;0;2;0;1;0;2;2;-23,41370139;-45,02666492;SPRF-SP;DEL06-SP;UOP01-DEL06-SP
574074;11/01/2024;quinta-feira;22:35:00;ES;101;126;SOORETAMA;Condutor deixou de manter distância do veículo da frente;Colisão traseira;Com Vítimas Feridas;Plena Noite;Decrescente;Céu Claro;Dupla;Reta;Não;2;0;1;0;1;0;1;2;-19,193953;-40,0951;SPRF-ES;DEL04-ES;UOP01-DEL04-ES
574075;11/01/2024;quinta-feira;19:00:00;MT;163;843;SINOP;Ausência de reação do condutor;Queda de ocupante de veículo;Com Vítimas Feridas;Plena Noite;Decrescente;Chuva;Simples;Reta;Não;2;0;2;0;0;0;2;1;-11,78122552;-55,47483623;SPRF-MT;DEL06-MT;UOP02-DEL06-MT
574076;11/01/2024;quinta-feira;22:45:00;RN;101;82,8;NATAL;Acessar a via sem observar a presença dos outros veículos;Colisão transversal;Com Vítimas Feridas;Plena Noite;Decrescente;Céu Claro;Dupla;"Em Obras;Reta";Não;4;0;0;2;2;0;2;2;-5,76791511;-35,27456305;SPRF-RN;DEL02-RN;UOP01-DEL02-RN
574077;11/01/2024;quinta-feira;19:40:00;MT;364;175;PEDRA PRETA;Transitar na contramão;Colisão frontal;Com Vítimas Fatais;Plena Noite;Crescente;Nublado;Simples;Reta;Não;8;1;0;2;5;0;2;2;-16,62450703;-54,44905469;SPRF-MT;DEL02-MT;UOP01-DEL02-MT
574078;11/01/2024;quinta-feira;19:10:00;PE;424;67,7;CAETES;Transitar na contramão;Colisão frontal;Com Vítimas Fatais;Plena Noite;Decrescente;Céu Claro;Simples;Reta;Não;2;1;0;0;0;1;0;2;-8,767265;-36,637479;SPRF-PE;DEL03-PE;UOP01-DEL03-PE
574080;11/01/2024;quinta-feira;16:00:00;BA;242;525;OLIVEIRA DOS BREJINHOS;Velocidade Incompatível;Saída de leito carroçável;Com Vítimas Fatais;Pleno dia;Crescente;Céu Claro;Simples;Reta;Não;2;1;0;1;0;0;1;1;-12,28868181;-42,66556593;SPRF-BA;DEL06-BA;UOP01-DEL06-BA
574081;11/01/2024;quinta-feira;22:50:00;BA;110;4;PAULO AFONSO;Animais na Pista;Atropelamento de Animal;Sem Vítimas;Plena Noite;Decrescente;Céu Claro;Simples;Reta;Não;1;0;0;0;0;1;0;1;-9,48807313;-38,21260176;SPRF-BA;DEL07-BA;UOP01-DEL07-BA
574083;11/01/2024;quinta-feira;22:21:00;RJ;465;8,9;SEROPEDICA;Pedestre cruzava a pista fora da faixa;Atropelamento de Pedestre;Com Vítimas Fatais;Plena Noite;Decrescente;Ignorado;Simples;Reta;Não;2;1;0;0;0;1;0;2;-22,767147;-43,678768;SPRF-RJ;DEL06-RJ;UOP02-DEL06-RJ
574084;11/01/2024;quinta-feira;23:40:00;PR;277;27;MORRETES;Ausência de reação do condutor;Colisão lateral mesmo sentido;Sem Vítimas;Plena Noite;Crescente;Chuva;Dupla;Reta;Não;2;0;0;0;2;0;0;2;-25,52935033;-48,72534598;SPRF-PR;DEL01-PR;UOP05-DEL01-PR
574086;11/01/2024;quinta-feira;21:30:00;PE;232;245;ARCOVERDE;Animais na Pista;Atropelamento de Animal;Com Vítimas Feridas;Plena Noite;Crescente;Céu Claro;Simples;Declive;Não;2;0;0;2;0;0;2;1;-8,41869672;-37,00744604;SPRF-PE;DEL04-PE;UOP02-DEL04-PE
574087;11/01/2024;quinta-feira;19:48:00;SC;280;28,8;ARAQUARI;Acessar a via sem observar a presença dos outros veículos;Colisão transversal;Com Vítimas Feridas;Plena Noite;Decrescente;Chuva;Simples;Reta;Sim;2;0;1;0;1;0;1;2;-26,40801439;-48,7494278;SPRF-SC;DEL03-SC;UOP03-DEL03-SC
574088;11/01/2024;quinta-feira;21:15:00;MS;436;7,3;APARECIDA DO TABOADO;Reação tardia ou ineficiente do condutor;Colisão com objeto;Com Vítimas Feridas;Plena Noite;Crescente;Chuva;Simples;Rotatória;Não;1;0;0;1;0;0;1;1;-20,10693842;-51,08721542;SPRF-MS;DEL08-MS;UOP01-DEL08-MS
574089;11/01/2024;quinta-feira;23:15:00;DF;70;9,3;BRASILIA;Reação tardia ou ineficiente do condutor;Colisão traseira;Sem Vítimas;Plena Noite;Crescente;Nublado;Dupla;Reta;Sim;2;0;0;0;2;0;0;2;-15,784615;-48,132023;SPRF-DF;DEL03-DF;UOP02-DEL03-DF
574092;12/01/2024;sexta-feira;00:20:00;SC;101;203,6;SAO JOSE;Mal súbito do condutor;Queda de ocupante de veículo;Com Vítimas Feridas;Plena Noite;Decrescente;Céu Claro;Múltipla;Reta;Sim;1;0;1;0;0;0;1;1;-27,5650044;-48,61460082;SPRF-SC;DEL01-SC;UOP01-DEL01-SC
574093;11/01/2024;quinta-feira;23:30:00;PB;230;37,8;SANTA RITA;Ausência de reação do condutor;Colisão traseira;Com Vítimas Feridas;Plena Noite;Decrescente;Céu Claro;Dupla;"Reta;Declive";Sim;2;0;1;0;0;1;1;2;-7,13601307;-34,96585022;SPRF-PB;DEL01-PB;UOP03-DEL01-PB
574096;12/01/2024;sexta-feira;00:00:00;RS;470;36;SAO JOSE DO OURO;Velocidade Incompatível;Saída de leito carroçável;Com Vítimas Feridas;Plena Noite;Decrescente;Céu Claro;Simples;"Rotatória;Interseção de Vias;Curva";Não;9;0;9;0;0;0;9;1;-27,72669062;-51,45549774;SPRF-RS;DEL08-RS;UOP05-DEL08-RS
574097;12/01/2024;sexta-feira;00:35:00;MG;40;652;CRISTIANO OTONI;Sinalização mal posicionada;Colisão com objeto;Com Vítimas Feridas;Plena Noite;Decrescente;Nublado;Dupla;Curva;Não;1;0;0;1;0;0;1;1;-20,84548058;-43,79784557;SPRF-MG;DEL05-MG;UOP02-DEL05-MG
574100;12/01/2024;sexta-feira;02:35:00;SP;116;499;CAJATI;Reação tardia ou ineficiente do condutor;Saída de leito carroçável;Com Vítimas Feridas;Plena Noite;Crescente;Chuva;Múltipla;Curva;Não;2;0;1;0;1;0;1;1;-24,78228753;-48,17695233;SPRF-SP;DEL05-SP;UOP02-DEL05-SP
574101;11/01/2024;quinta-feira;11:00:00;RJ;101;294;ITABORAI;Pedestre cruzava a pista fora da faixa;Atropelamento de Pedestre;Com Vítimas Feridas;Pleno dia;Decrescente;Céu Claro;Dupla;Reta;Não;2;0;1;0;1;0;1;2;-22,7584434;-42,89502344;SPRF-RJ;DEL02-RJ;UOP02-DEL02-RJ
574102;11/01/2024;quinta-feira;11:20:00;RJ;101;294;ITABORAI;Trafegar com motocicleta (ou similar) entre as faixas;Queda de ocupante de veículo;Com Vítimas Feridas;Pleno dia;Crescente;Céu Claro;Dupla;Reta;Sim;2;0;1;0;1;0;1;2;-22,7584434;-42,89502344;SPRF-RJ;DEL02-RJ;UOP02-DEL02-RJ
574103;11/01/2024;quinta-feira;17:30:00;RJ;101;295;ITABORAI;Chuva;Queda de ocupante de veículo;Com Vítimas Feridas;Anoitecer;Decrescente;Céu Claro;Dupla;Reta;Não;1;0;1;0;0;0;1;1;-22,76365068;-42,90223623;SPRF-RJ;DEL02-RJ;UOP02-DEL02-RJ
574105;12/01/2024;sexta-feira;05:20:00;GO;153;442,2;ANAPOLIS;Ausência de reação do condutor;Colisão com objeto;Com Vítimas Feridas;Amanhecer;Decrescente;Céu Claro;Dupla;"Reta;Declive";Sim;1;0;1;0;0;0;1;1;-16,34969664;-48,92779134;SPRF-GO;DEL02-GO;UOP01-DEL02-GO
574107;11/01/2024;quinta-feira;12:10:00;RJ;40;83;PETROPOLIS;Acessar a via sem observar a presença dos outros veículos;Colisão lateral mesmo sentido;Com Vítimas Feridas;Pleno dia;Crescente;Céu Claro;Simples;Curva;Sim;3;0;2;0;1;0;2;2;-22,51910302;-43,22873364;SPRF-RJ;DEL01-RJ;UOP01-DEL01-RJ
574109;12/01/2024;sexta-feira;06:40:00;RN;101;85,4;NATAL;Acesso irregular;Queda de ocupante de veículo;Com Vítimas Feridas;Pleno dia;Decrescente;Nublado;Dupla;"Declive;Curva;Em Obras;Desvio Temporário";Sim;2;0;1;0;1;0;1;2;-5,777664;-35,24937;SPRF-RN;DEL02-RN;UOP01-DEL02-RN
574111;12/01/2024;sexta-feira;06:43:00;PR;277;580,7;CASCAVEL;Manobra de mudança de faixa;Colisão lateral mesmo sentido;Com Vítimas Feridas;Amanhecer;Decrescente;Céu Claro;Dupla;Reta;Não;2;0;1;0;1;0;1;2;-24,982467;-53,375518;SPRF-PR;DEL04-PR;UOP01-DEL04-PR
574113;12/01/2024;sexta-feira;06:16:00;PI;343;21;PARNAIBA;Ausência de reação do condutor;Saída de leito carroçável;Sem Vítimas;Pleno dia;Crescente;Sol;Simples;Reta;Não;1;0;0;0;0;1;0;1;-2,990041;-41,764046;SPRF-PI;DEL05-PI;UOP01-DEL05-PI
574116;12/01/2024;sexta-feira;06:15:00;SC;101;95,2;BARRA VELHA;Desrespeitar a preferência no cruzamento;Colisão transversal;Com Vítimas Feridas;Pleno dia;Decrescente;Nublado;Múltipla;"Reta;Declive;Interseção de Vias;Viaduto";Sim;2;0;1;0;1;0;1;2;-26,70876413;-48,70221065;SPRF-SC;DEL03-SC;UOP02-DEL03-SC
574117;12/01/2024;sexta-feira;07:00:00;SP;116;211;GUARULHOS;Reação tardia ou ineficiente do condutor;Colisão traseira;Com Vítimas Feridas;Pleno dia;Crescente;Céu Claro;Dupla;Reta;Sim;3;0;1;1;1;0;2;2;-23,4324306;-46,4194352;SPRF-SP;DEL01-SP;UOP01-DEL01-SP
574119;12/01/2024;sexta-feira;06:40:00;ES;101;258,8;SERRA;Reação tardia ou ineficiente do condutor;Tombamento;Com Vítimas Feridas;Pleno dia;Crescente;Céu Claro;Dupla;Reta;Sim;1;0;1;0;0;0;1;1;-20,13059888;-40,2961019;SPRF-ES;DEL02-ES;UOP01-DEL02-ES
574120;12/01/2024;sexta-feira;06:45:00;ES;101;258;SERRA;Reação tardia ou ineficiente do condutor;Tombamento;Com Vítimas Feridas;Pleno dia;Crescente;Céu Claro;Múltipla;"Interseção de Vias;Curva;Viaduto";Sim;1;0;0;1;0;0;1;1;-20,13059888;-40,2961019;SPRF-ES;DEL02-ES;UOP01-DEL02-ES
574122;12/01/2024;sexta-feira;07:10:00;MG;40;549,6;NOVA LIMA;Manobra de mudança de faixa;Colisão lateral mesmo sentido;Com Vítimas Feridas;Pleno dia;Crescente;Céu Claro;Dupla;"Curva;Aclive";Não;2;0;1;0;1;0;1;2;-20,03972326;-43,96703232;SPRF-MG;DEL01-MG;UOP02-DEL01-MG
574123;12/01/2024;sexta-feira;07:00:00;PR;116;144;MANDIRITUBA;Conversão proibida;Colisão transversal;Com Vítimas Feridas;Pleno dia;Crescente;Céu Claro;Simples;Reta;Não;2;0;1;0;1;0;1;2;-25,76405694;-49,32116324;SPRF-PR;DEL01-PR;UOP03-DEL01-PR
574124;12/01/2024;sexta-feira;07:30:00;RJ;116;181;NOVA IGUACU;Trafegar com motocicleta (ou similar) entre as faixas;Queda de ocupante de veículo;Com Vítimas Feridas;Pleno dia;Crescente;Céu Claro;Dupla;Reta;Sim;1;0;1;0;0;0;1;1;-22,761312;-43,423492;SPRF-RJ;DEL06-RJ;UOP01-DEL06-RJ
574125;12/01/2024;sexta-feira;07:00:00;RS;116;329,3;BARRA DO RIBEIRO;Reação tardia ou ineficiente do condutor;Saída de leito carroçável;Com Vítimas Feridas;Pleno dia;Crescente;Céu Claro;Dupla;Reta;Não;2;0;1;0;1;0;1;1;-30,37216496;-51,43111745;SPRF-RS;DEL02-RS;UOP02-DEL02-RS
574126;11/01/2024;quinta-feira;23:00:00;MT;364;271;JACIARA;Ausência de reação do condutor;Tombamento;Com Vítimas Feridas;Plena Noite;Crescente;Nublado;Dupla;Reta;Sim;4;0;3;0;1;0;3;1;-15,96962998;-54,95363;SPRF-MT;DEL05-MT;UOP02-DEL05-MT
574129;12/01/2024;sexta-feira;07:05:00;RJ;116;282,9;BARRA MANSA;Ausência de reação do condutor;Colisão traseira;Com Vítimas Feridas;Pleno dia;Crescente;Céu Claro;Simples;"Aclive;Reta";Não;2;0;1;0;1;0;1;2;-22,52405173;-44,20072574;SPRF-RJ;DEL07-RJ;UOP02-DEL07-RJ
574130;12/01/2024;sexta-feira;07:40:00;SP;101;50,6;UBATUBA;Condutor deixou de manter distância do veículo da frente;Colisão lateral mesmo sentido;Com Vítimas Feridas;Pleno dia;Crescente;Nublado;Simples;Reta;Sim;2;0;2;0;0;0;2;2;-23,45391604;-45,07366419;SPRF-SP;DEL06-SP;UOP01-DEL06-SP
574131;12/01/2024;sexta-feira;07:25:00;SE;235;4;NOSSA SENHORA DO SOCORRO;Condutor deixou de manter distância do veículo da frente;Colisão traseira;Com Vítimas Feridas;Pleno dia;Decrescente;Céu Claro;Simples;Reta;Sim;3;0;1;1;1;0;2;2;-10,9064;-37,1197;SPRF-SE;DEL01-SE;UOP01-DEL01-SE
574134;12/01/2024;sexta-feira;07:00:00;PR;369;182,2;ARAPONGAS;Acessar a via sem observar a presença dos outros veículos;Colisão transversal;Com Vítimas Feridas;Pleno dia;Crescente;Céu Claro;Simples;Reta;Sim;2;0;1;0;1;0;1;2;-23,384604;-51,419372;SPRF-PR;DEL07-PR;UOP03-DEL07-PR
574135;12/01/2024;sexta-feira;08:20:00;SP;116;505;CAJATI;Demais falhas mecânicas ou elétricas;Colisão com objeto;Com Vítimas Feridas;Pleno dia;Decrescente;Chuva;Dupla;"Declive;Curva";Não;3;0;3;0;0;0;3;1;-24,79028098;-48,21075278;SPRF-SP;DEL05-SP;UOP02-DEL05-SP
574136;12/01/2024;sexta-feira;07:55:00;BA;324;575;SAO SEBASTIAO DO PASSE;Mal súbito do condutor;Colisão traseira;Com Vítimas Feridas;Pleno dia;Crescente;Sol;Dupla;Reta;Não;3;0;0;1;2;0;1;2;-12,57298496;-38,54513072;SPRF-BA;DEL01-BA;UOP01-DEL01-BA
574137;12/01/2024;sexta-feira;08:39:00;RN;101;96;NATAL;Condutor deixou de manter distância do veículo da frente;Colisão traseira;Com Vítimas Feridas;Pleno dia;Decrescente;Céu Claro;Dupla;Reta;Sim;2;0;1;0;1;0;1;1;-5,84949622;-35,20890752;SPRF-RN;DEL01-RN;UOP01-DEL01-RN
574138;12/01/2024;sexta-feira;07:50:00;PR;373;172,4;PONTA GROSSA;Ultrapassagem Indevida;Colisão frontal;Com Vítimas Feridas;Pleno dia;Decrescente;Sol;Simples;"Curva;Declive";Sim;3;0;0;1;2;0;1;3;-25,0804635;-50,1961995;SPRF-PR;DEL03-PR;UOP01-DEL03-PR
574140;12/01/2024;sexta-feira;08:57:00;SP;116;541;BARRA DO TURVO;Chuva;Capotamento;Com Vítimas Feridas;Pleno dia;Crescente;Garoa/Chuvisco;Dupla;Curva;Não;4;0;1;0;3;0;1;1;-24,97245688;-48,39976606;SPRF-SP;DEL05-SP;UOP02-DEL05-SP
574141;12/01/2024;sexta-feira;08:30:00;RS;290;36,6;SANTO ANTONIO DA PATRULHA;Mal súbito do condutor;Saída de leito carroçável;Com Vítimas Feridas;Pleno dia;Crescente;Céu Claro;Dupla;Reta;Não;1;0;1;0;0;0;1;1;-29,884756;-50,61729;SPRF-RS;DEL03-RS;UOP01-DEL03-RS
574143;12/01/2024;sexta-feira;07:50:00;SP;116;345,1;MIRACATU;Reação tardia ou ineficiente do condutor;Colisão traseira;Com Vítimas Feridas;Amanhecer;Crescente;Céu Claro;Dupla;"Reta;Declive";Não;4;0;1;1;2;0;2;2;-24,03551364;-47,18593225;SPRF-SP;DEL04-SP;UOP03-DEL04-SP
574144;12/01/2024;sexta-feira;07:30:00;SC;470;66;INDAIAL;Manobra de mudança de faixa;Colisão lateral mesmo sentido;Com Vítimas Feridas;Pleno dia;Crescente;Nublado;Simples;Rotatória;Sim;2;0;1;0;0;1;1;2;-26,870407;-49,221844;SPRF-SC;DEL04-SC;UOP01-DEL04-SC
574148;12/01/2024;sexta-feira;07:30:00;RJ;116;316;ITATIAIA;Avarias e/ou desgaste excessivo no pneu;Queda de ocupante de veículo;Com Vítimas Feridas;Pleno dia;Decrescente;Céu Claro;Dupla;Reta;Sim;2;0;2;0;0;0;2;1;-22,46560057;-44,49102813;SPRF-RJ;DEL07-RJ;UOP02-DEL07-RJ
574149;12/01/2024;sexta-feira;09:26:00;MG;381;595,8;CARMOPOLIS DE MINAS;Ausência de reação do condutor;Saída de leito carroçável;Com Vítimas Feridas;Pleno dia;Crescente;Céu Claro;Dupla;Reta;Não;3;0;1;0;2;0;1;1;-20,59692997;-44,70822603;SPRF-MG;DEL04-MG;UOP01-DEL04-MG
574153;12/01/2024;sexta-feira;09:35:00;SP;116;499;CAJATI;Reação tardia ou ineficiente do condutor;Saída de leito carroçável;Com Vítimas Feridas;Pleno dia;Crescente;Garoa/Chuvisco;Dupla;Curva;Não;2;0;1;0;1;0;1;1;-24,78228753;-48,17695233;SPRF-SP;DEL05-SP;UOP02-DEL05-SP
574162;05/01/2024;sexta-feira;06:50:00;MS;463;43;PONTA PORA;Avarias e/ou desgaste excessivo no pneu;Saída de leito carroçável;Com Vítimas Feridas;Amanhecer;Crescente;Céu Claro;Simples;Reta;Não;3;0;2;1;0;0;3;1;-22,33187305;-55,18420897;SPRF-MS;DEL04-MS;UOP03-DEL04-MS
574163;12/01/2024;sexta-feira;11:00:00;MG;116;312;ITAMBACURI;Ausência de reação do condutor;Saída de leito carroçável;Com Vítimas Feridas;Pleno dia;Decrescente;Céu Claro;Simples;Curva;Não;4;0;0;1;3;0;1;1;-18,08475408;-41,68643781;SPRF-MG;DEL11-MG;UOP01-DEL11-MG
574166;12/01/2024;sexta-feira;10:30:00;MA;10;249;IMPERATRIZ;Manobra de mudança de faixa;Colisão transversal;Com Vítimas Feridas;Pleno dia;Decrescente;Céu Claro;Múltipla;Reta;Sim;2;0;0;1;1;0;1;2;-5,558508;-47,45417;SPRF-MA;DEL04-MA;UOP01-DEL04-MA
574167;12/01/2024;sexta-feira;10:40:00;PR;277;96;CURITIBA;Reação tardia ou ineficiente do condutor;Colisão traseira;Com Vítimas Feridas;Pleno dia;Decrescente;Nublado;Simples;"Reta;Declive";Sim;2;0;0;1;1;0;1;2;-25,4303071;-49,3364597;SPRF-PR;DEL01-PR;UOP06-DEL01-PR
574168;12/01/2024;sexta-feira;11:15:00;PE;101;40,2;IGARASSU;Ausência de reação do condutor;Queda de ocupante de veículo;Com Vítimas Feridas;Pleno dia;Decrescente;Céu Claro;Dupla;Reta;Não;1;0;0;1;0;0;1;1;-7,821475;-34,916545;SPRF-PE;DEL01-PE;UOP02-DEL01-PE
574169;12/01/2024;sexta-feira;11:45:00;MG;146;450,6;CABO VERDE;Velocidade Incompatível;Saída de leito carroçável;Com Vítimas Feridas;Pleno dia;Crescente;Céu Claro;Simples;"Reta;Aclive";Não;2;0;1;1;0;0;2;1;-21,539238;-46,406883;SPRF-MG;DEL09-MG;UOP01-DEL09-MG
574170;12/01/2024;sexta-feira;11:00:00;SP;116;80,7;ROSEIRA;Condutor deixou de manter distância do veículo da frente;Colisão traseira;Com Vítimas Feridas;Pleno dia;Decrescente;Nublado;Dupla;Reta;Não;2;0;1;0;1;0;1;2;-22,89958454;-45,30245564;SPRF-SP;DEL08-SP;UOP01-DEL08-SP
574171;12/01/2024;sexta-feira;10:30:00;RS;158;162,2;PANAMBI;Velocidade Incompatível;Saída de leito carroçável;Com Vítimas Fatais;Pleno dia;Crescente;Céu Claro;Simples;Reta;Não;1;1;0;0;0;0;0;1;-28,37999821;-53,51401806;SPRF-RS;DEL10-RS;UOP02-DEL10-RS
574172;12/01/2024;sexta-feira;10:50:00;RJ;101;524;ANGRA DOS REIS;Manobra de mudança de faixa;Colisão lateral mesmo sentido;Com Vítimas Feridas;Pleno dia;Decrescente;Céu Claro;Simples;Curva;Não;2;0;1;0;1;0;1;2;-22,99959786;-44,47765217;SPRF-RJ;DEL03-RJ;UOP03-DEL03-RJ
574173;12/01/2024;sexta-feira;09:20:00;BA;116;563,4;NOVA ITARANA;Condutor deixou de manter distância do veículo da frente;Colisão traseira;Com Vítimas Feridas;Pleno dia;Crescente;Céu Claro;Simples;Reta;Não;49;0;1;0;48;0;1;2;-12,95610303;-39,92190696;SPRF-BA;DEL03-BA;UOP02-DEL03-BA
574174;12/01/2024;sexta-feira;07:24:00;SC;116;227,3;CORREIA PINTO;Transitar na contramão;Colisão frontal;Com Vítimas Fatais;Pleno dia;Crescente;Céu Claro;Simples;Reta;Não;17;1;5;1;10;0;6;3;-27,6464543;-50,3378133;SPRF-SC;DEL05-SC;UOP03-DEL05-SC
574176;12/01/2024;sexta-feira;11:16:00;BA;324;626;SALVADOR;Manobra de mudança de faixa;Colisão lateral mesmo sentido;Com Vítimas Feridas;Pleno dia;Crescente;Céu Claro;Dupla;Reta;Sim;3;0;2;0;0;1;2;2;-12,95020997;-38,47073108;SPRF-BA;DEL01-BA;UOP01-DEL01-BA
574177;12/01/2024;sexta-feira;10:10:00;RJ;101;195;CASIMIRO DE ABREU;Ausência de reação do condutor;Colisão com objeto;Com Vítimas Feridas;Pleno dia;Decrescente;Céu Claro;Dupla;Reta;Não;2;0;1;0;1;0;1;1;-22,49220783;-42,10020136;SPRF-RJ;DEL08-RJ;UOP04-DEL08-RJ
574178;12/01/2024;sexta-feira;12:10:00;RS;386;416,4;MONTENEGRO;Reação tardia ou ineficiente do condutor;Saída de leito carroçável;Sem Vítimas;Pleno dia;Decrescente;Sol;Simples;"Aclive;Reta";Não;1;0;0;0;1;0;0;1;-29,817648;-51,463001;SPRF-RS;DEL04-RS;UOP02-DEL04-RS
574179;12/01/2024;sexta-feira;09:30:00;SC;101;116;ITAJAI;Mal súbito do condutor;Colisão traseira;Com Vítimas Feridas;Pleno dia;Crescente;Céu Claro;Dupla;Reta;Sim;2;0;1;0;1;0;1;2;-26,87905605;-48,72603512;SPRF-SC;DEL04-SC;UOP04-DEL04-SC
574180;12/01/2024;sexta-feira;09:25:00;PI;343;338,8;TERESINA;Acumulo de água sobre o pavimento;Saída de leito carroçável;Com Vítimas Fatais;Pleno dia;Decrescente;Chuva;Dupla;Curva;Não;1;1;0;0;0;0;0;1;-5,063362;-42,722912;SPRF-PI;DEL01-PI;UOP01-DEL01-PI
574182;12/01/2024;sexta-feira;13:11:00;ES;262;17;VIANA;Transitar na contramão;Colisão lateral sentido oposto;Com Vítimas Feridas;Pleno dia;Crescente;Céu Claro;Simples;Reta;Sim;3;0;1;0;2;0;1;3;-20,38635961;-40,47272969;SPRF-ES;DEL01-ES;UOP01-DEL01-ES
574184;12/01/2024;sexta-feira;11:40:00;MT;364;188;RONDONOPOLIS;Avarias e/ou desgaste excessivo no pneu;Saída de leito carroçável;Com Vítimas Feridas;Pleno dia;Crescente;Sol;Simples;Reta;Não;2;0;2;0;0;0;2;1;-16,57389919;-54,53948513;SPRF-MT;DEL02-MT;UOP01-DEL02-MT
574185;06/01/2024;sábado;05:40:00;MT;158;637;NOVA XAVANTINA;Animais na Pista;Atropelamento de Animal;Com Vítimas Feridas;Amanhecer;Decrescente;Céu Claro;Simples;Curva;Não;1;0;1;0;0;0;1;1;-14,53457492;-52,363506;SPRF-MT;DEL07-MT;UOP02-DEL07-MT