id;data_inversa;dia_semana;horario;uf;br;km;municipio;causa_acidente;tipo_acidente;classificacao_acidente;fase_dia;sentido_via;condicao_metereologica;tipo_pista;tracado_via;uso_solo;pessoas;mortos;feridos_leves;feridos_graves;ilesos;ignorados;feridos;veiculos;latitude;longitude;regional;delegacia;uop
574186;12/01/2024;sexta-feira;11:50:00;MG;50;194;DELTA;Demais falhas mecânicas ou elétricas;Incêndio;Sem Vítimas;Pleno dia;Decrescente;Nublado;Dupla;"Reta;Aclive";Não;5;0;0;0;5;0;0;1;-19,887439;-47,848374;SPRF-MG;DEL13-MG;UOP01-DEL13-MG
574191;12/01/2024;sexta-feira;12:23:00;MT;163;832;SINOP;Mal súbito do condutor;Colisão com objeto;Sem Vítimas;Pleno dia;Decrescente;Céu Claro;Dupla;Reta;Sim;1;0;0;0;1;0;0;1;-11,88385868;-55,50115299;SPRF-MT;DEL06-MT;UOP02-DEL06-MT
574192;12/01/2024;sexta-feira;13:05:00;MG;262;579,2;CORREGO DANTA;Ausência de reação do condutor;Colisão traseira;Sem Vítimas;Pleno dia;Decrescente;Chuva;Simples;"Reta;Em Obras";Não;6;0;0;0;6;0;0;2;-19,66704253;-46,05642815;SPRF-MG;DEL08-MG;UOP02-DEL08-MG
574197;12/01/2024;sexta-feira;13:35:00;RN;101;85;NATAL;Condutor deixou de manter distância do veículo da frente;Engavetamento;Com Vítimas Feridas;Pleno dia;Decrescente;Céu Claro;Simples;"Ponte;Reta;Desvio Temporário";Sim;12;0;1;0;11;0;1;4;-5,78023559;-35,24813175;SPRF-RN;DEL02-RN;UOP01-DEL02-RN
574198;12/01/2024;sexta-feira;10:50:00;BA;116;424;FEIRA DE SANTANA;Acesso irregular;Colisão transversal;Com Vítimas Feridas;Pleno dia;Decrescente;Sol;Dupla;"Reta;Aclive";Sim;2;0;0;2;0;0;2;2;-12,25041;-38,9881;SPRF-BA;DEL02-BA;UOP01-DEL02-BA
574200;12/01/2024;sexta-feira;14:25:00;MG;262;363;JUATUBA;Acumulo de areia ou detritos sobre o pavimento;Tombamento;Com Vítimas Feridas;Pleno dia;Crescente;Céu Claro;Dupla;Reta;Não;2;0;2;0;0;0;2;1;-19,98332997;-44,23572401;SPRF-MG;DEL01-MG;UOP03-DEL01-MG
574201;12/01/2024;sexta-feira;07:00:00;PE;423;125,5;PARANATAMA;Pedestre andava na pista;Atropelamento de Pedestre;Com Vítimas Fatais;Pleno dia;Decrescente;Sol;Simples;"Reta;Declive";Não;3;1;0;0;0;2;0;2;-8,943312;-36,721176;SPRF-PE;DEL03-PE;UOP01-DEL03-PE
574202;11/01/2024;quinta-feira;17:30:00;MA;135;51;BACABEIRA;Ausência de reação do condutor;Eventos atípicos;Com Vítimas Feridas;Plena Noite;Crescente;Chuva;Dupla;Reta;Não;1;0;1;0;0;0;1;1;-2,972108;-44,317272;SPRF-MA;DEL01-MA;UOP01-DEL01-MA
574205;03/01/2024;quarta-feira;21:22:00;RJ;116;102;GUAPIMIRIM;Demais falhas mecânicas ou elétricas;Incêndio;Sem Vítimas;Plena Noite;Decrescente;Chuva;Simples;Aclive;Não;1;0;0;0;1;0;0;1;-22,49820581;-42,99844401;SPRF-RJ;DEL04-RJ;UOP01-DEL04-RJ
574207;12/01/2024;sexta-feira;14:30:00;RN;101;112,8;SAO JOSE DE MIPIBU;Acessar a via sem observar a presença dos outros veículos;Colisão transversal;Com Vítimas Feridas;Pleno dia;Decrescente;Sol;Dupla;"Retorno Regulamentado;Reta";Sim;4;0;1;0;3;0;1;2;-5,96429;-35,264877;SPRF-RN;DEL01-RN;UOP01-DEL01-RN
574209;12/01/2024;sexta-feira;14:15:00;PI;343;3;TERESINA;Manobra de mudança de faixa;Colisão lateral mesmo sentido;Com Vítimas Feridas;Pleno dia;Decrescente;Céu Claro;Dupla;Reta;Sim;2;0;1;0;1;0;1;2;-5,08122689;-42,77676171;SPRF-PI;DEL01-PI;UOP01-DEL01-PI
574212;12/01/2024;sexta-feira;11:20:00;RJ;493;95;SEROPEDICA;Ausência de reação do condutor;Saída de leito carroçável;Com Vítimas Feridas;Pleno dia;Crescente;Céu Claro;Dupla;Reta;Não;2;0;2;0;0;0;2;1;-22,72425713;-43,71047974;SPRF-RJ;DEL01-RJ;UOP03-DEL01-RJ
574213;12/01/2024;sexta-feira;14:45:00;RJ;493;83;DUQUE DE CAXIAS;Reação tardia ou ineficiente do condutor;Saída de leito carroçável;Com Vítimas Feridas;Pleno dia;Crescente;Céu Claro;Dupla;Reta;Não;2;0;2;0;0;0;2;1;-22,672089;-43,285053;SPRF-RJ;DEL01-RJ;UOP03-DEL01-RJ
574215;12/01/2024;sexta-feira;09:50:00;PA;163;648;ITAITUBA;Reação tardia ou ineficiente do condutor;Colisão lateral mesmo sentido;Com Vítimas Feridas;Pleno dia;Crescente;Garoa/Chuvisco;Simples;"Reta;Declive";Não;3;0;1;0;2;0;1;2;-4,53404005;-55,89418797;SPRF-PA;DEL05-PA;UOP02-DEL05-PA
574218;12/01/2024;sexta-feira;14:30:00;DF;70;9,5;BRASILIA;Reação tardia ou ineficiente do condutor;Queda de ocupante de veículo;Com Vítimas Feridas;Pleno dia;Decrescente;Céu Claro;Dupla;Reta;Não;1;0;1;0;0;0;1;1;-15,784615;-48,132023;SPRF-DF;DEL03-DF;UOP02-DEL03-DF
574219;12/01/2024;sexta-feira;14:30:00;PR;116;38,5;CAMPINA GRANDE DO SUL;Acumulo de água sobre o pavimento;Saída de leito carroçável;Com Vítimas Feridas;Pleno dia;Crescente;Chuva;Dupla;Reta;Não;2;0;1;0;1;0;1;1;-25,14802509;-48,85922071;SPRF-PR;DEL01-PR;UOP02-DEL01-PR
574220;12/01/2024;sexta-feira;15:20:00;RN;405;1;MOSSORO;Ausência de reação do condutor;Colisão traseira;Com Vítimas Feridas;Pleno dia;Crescente;Céu Claro;Dupla;Reta;Sim;3;0;1;0;2;0;1;2;-5,19170196;-37,361471;SPRF-RN;DEL04-RN;UOP02-DEL04-RN
574222;12/01/2024;sexta-feira;10:00:00;PR;373;413;FOZ DO JORDAO;Demais falhas mecânicas ou elétricas;Incêndio;Sem Vítimas;Pleno dia;Crescente;Céu Claro;Simples;"Reta;Declive";Não;1;0;0;0;0;1;0;1;-25,63525859;-52,09991455;SPRF-PR;DEL08-PR;UOP01-DEL08-PR
574223;12/01/2024;sexta-feira;15:50:00;RS;116;263;CANOAS;Ausência de reação do condutor;Tombamento;Com Vítimas Feridas;Pleno dia;Decrescente;Céu Claro;Dupla;Reta;Sim;2;0;2;0;0;0;2;1;-29,90545398;-51,17674031;SPRF-RS;DEL01-RS;UOP01-DEL01-RS
574225;12/01/2024;sexta-feira;16:00:00;MT;70;1;BARRA DO GARCAS;Semáforo com defeito;Colisão transversal;Com Vítimas Feridas;Pleno dia;Decrescente;Chuva;Simples;Declive;Sim;2;0;1;0;1;0;1;2;-15,89320617;-52,25950599;SPRF-MT;DEL07-MT;UOP01-DEL07-MT
574226;12/01/2024;sexta-feira;13:25:00;RJ;101;413;ITAGUAI;Ausência de reação do condutor;Colisão com objeto;Com Vítimas Feridas;Pleno dia;Decrescente;Nublado;Dupla;Curva;Sim;3;0;2;0;1;0;2;1;-22,90306957;-43,87033939;SPRF-RJ;DEL03-RJ;UOP01-DEL03-RJ
574229;12/01/2024;sexta-feira;16:40:00;SP;116;225;GUARULHOS;Acumulo de água sobre o pavimento;Tombamento;Com Vítimas Feridas;Pleno dia;Decrescente;Chuva;Múltipla;Reta;Sim;1;0;1;0;0;0;1;1;-23,48586772;-46,54075317;SPRF-SP;DEL01-SP;UOP01-DEL01-SP
574230;12/01/2024;sexta-feira;14:00:00;CE;20;345,2;CARIDADE;Animais na Pista;Queda de ocupante de veículo;Com Vítimas Feridas;Pleno dia;Crescente;Nublado;Simples;Reta;Não;2;0;1;1;0;0;2;1;-4,12546359;-39,07438129;SPRF-CE;DEL02-CE;UOP01-DEL02-CE
574231;12/01/2024;sexta-feira;16:30:00;PA;155;341;MARABA;Ausência de reação do condutor;Tombamento;Com Vítimas Feridas;Pleno dia;Crescente;Sol;Simples;Reta;Sim;1;0;1;0;0;0;1;1;-5,387271;-49,079014;SPRF-PA;DEL03-PA;UOP01-DEL03-PA
574233;12/01/2024;sexta-feira;16:00:00;SP;116;225;GUARULHOS;Acumulo de água sobre o pavimento;Queda de ocupante de veículo;Com Vítimas Feridas;Pleno dia;Decrescente;Nublado;Múltipla;Reta;Não;1;0;1;0;0;0;1;1;-23,48586772;-46,54075317;SPRF-SP;DEL01-SP;UOP01-DEL01-SP
574234;12/01/2024;sexta-feira;02:30:00;AP;210;134;PORTO GRANDE;Ausência de reação do condutor;Saída de leito carroçável;Com Vítimas Feridas;Amanhecer;Decrescente;Ignorado;Simples;Declive;Não;1;0;0;1;0;0;1;1;0,70564616;-51,41271608;SPRF-AP;DEL01-AP;UOP01-DEL01-AP
574236;12/01/2024;sexta-feira;16:45:00;CE;116;20;ITAITINGA;Condutor deixou de manter distância do veículo da frente;Colisão traseira;Com Vítimas Feridas;Pleno dia;Crescente;Céu Claro;Dupla;Reta;Sim;3;0;1;0;2;0;1;3;-3,92277497;-38,50762327;SPRF-CE;DEL01-CE;UOP02-DEL01-CE
574237;12/01/2024;sexta-feira;14:00:00;RS;116;422;CRISTAL;Ausência de reação do condutor;Saída de leito carroçável;Com Vítimas Feridas;Pleno dia;Crescente;Céu Claro;Simples;Reta;Não;1;0;1;0;0;0;1;1;-30,96928866;-51,99520216;SPRF-RS;DEL02-RS;UOP02-DEL02-RS
574238;12/01/2024;sexta-feira;15:20:00;BA;116;813,1;VITORIA DA CONQUISTA;Ausência de reação do condutor;Queda de ocupante de veículo;Com Vítimas Feridas;Pleno dia;Crescente;Céu Claro;Simples;Reta;Não;2;0;2;0;0;0;2;1;-14,80255;-40,77818;SPRF-BA;DEL08-BA;UOP01-DEL08-BA
574239;12/01/2024;sexta-feira;13:00:00;BA;410;15;TUCANO;Avarias e/ou desgaste excessivo no pneu;Saída de leito carroçável;Com Vítimas Fatais;Pleno dia;Decrescente;Céu Claro;Simples;Reta;Não;8;1;0;7;0;0;7;1;-10,88352517;-38,64735791;SPRF-BA;DEL07-BA;UOP02-DEL07-BA
574240;12/01/2024;sexta-feira;15:30:00;PI;316;2,4;TERESINA;Estacionar ou parar em local proibido;Colisão traseira;Com Vítimas Feridas;Pleno dia;Crescente;Nublado;Simples;"Aclive;Reta;Viaduto";Sim;4;0;2;0;2;0;2;3;-5,12477477;-42,79848465;SPRF-PI;DEL01-PI;UOP02-DEL01-PI
574241;12/01/2024;sexta-feira;16:10:00;PE;232;258,1;ARCOVERDE;Manobra de mudança de faixa;Colisão transversal;Com Vítimas Feridas;Pleno dia;Crescente;Sol;Simples;Reta;Sim;3;0;0;1;2;0;1;2;-8,40763741;-37,11127205;SPRF-PE;DEL04-PE;UOP02-DEL04-PE
574242;12/01/2024;sexta-feira;16:00:00;MG;267;166,5;LIMA DUARTE;Condutor deixou de manter distância do veículo da frente;Colisão traseira;Sem Vítimas;Pleno dia;Decrescente;Chuva;Simples;"Curva;Declive";Não;2;0;0;0;2;0;0;2;-21,85623502;-43,835793;SPRF-MG;DEL05-MG;UOP01-DEL05-MG
574243;12/01/2024;sexta-feira;16:00:00;RS;290;400;SANTA MARGARIDA DO SUL;Ausência de reação do condutor;Saída de leito carroçável;Com Vítimas Feridas;Pleno dia;Crescente;Céu Claro;Simples;Reta;Não;3;0;0;2;0;1;2;2;-30,35437;-54,147533;SPRF-RS;DEL09-RS;UOP02-DEL09-RS
574246;12/01/2024;sexta-feira;16:20:00;PB;230;23;JOAO PESSOA;Condutor deixou de manter distância do veículo da frente;Colisão traseira;Com Vítimas Feridas;Pleno dia;Decrescente;Céu Claro;Dupla;Curva;Sim;2;0;1;0;1;0;1;2;-7,1562;-34,8574;SPRF-PB;DEL01-PB;UOP01-DEL01-PB
574249;12/01/2024;sexta-feira;13:00:00;MG;381;728,6;CARMO DA CACHOEIRA;Velocidade Incompatível;Saída de leito carroçável;Com Vítimas Feridas;Pleno dia;Crescente;Chuva;Dupla;Curva;Não;2;0;1;0;1;0;1;1;-21,52361199;-45,22481701;SPRF-MG;DEL04-MG;UOP02-DEL04-MG
574252;12/01/2024;sexta-feira;18:10:00;SE;235;5;NOSSA SENHORA DO SOCORRO;Acessar a via sem observar a presença dos outros veículos;Colisão frontal;Com Vítimas Feridas;Plena Noite;Crescente;Céu Claro;Dupla;"Reta;Declive";Sim;2;0;1;0;0;1;1;2;-10,9041;-37,1278;SPRF-SE;DEL01-SE;UOP01-DEL01-SE
574253;12/01/2024;sexta-feira;17:55:00;PE;424;94,5;GARANHUNS;Ingestão de álcool pelo condutor;Saída de leito carroçável;Com Vítimas Feridas;Pleno dia;Decrescente;Céu Claro;Simples;Curva;Não;1;0;1;0;0;0;1;1;-8,91590392;-36,48883344;SPRF-PE;DEL03-PE;UOP01-DEL03-PE
574254;12/01/2024;sexta-feira;17:27:00;RN;101;129;NISIA FLORESTA;Condutor deixou de manter distância do veículo da frente;Colisão traseira;Com Vítimas Feridas;Anoitecer;Crescente;Céu Claro;Dupla;Reta;Não;2;0;1;0;1;0;1;2;-6,112119;-35,233627;SPRF-RN;DEL01-RN;UOP01-DEL01-RN
574255;12/01/2024;sexta-feira;16:25:00;MG;40;695;ALFREDO VASCONCELOS;Acessar a via sem observar a presença dos outros veículos;Colisão lateral mesmo sentido;Com Vítimas Feridas;Pleno dia;Decrescente;Chuva;Simples;"Reta;Declive";Sim;2;0;1;0;1;0;1;2;-21,1391999;-43,76576512;SPRF-MG;DEL05-MG;UOP02-DEL05-MG
574256;12/01/2024;sexta-feira;17:10:00;PE;232;117;CARUARU;Pedestre cruzava a pista fora da faixa;Atropelamento de Pedestre;Com Vítimas Feridas;Pleno dia;Decrescente;Céu Claro;Dupla;Reta;Não;2;0;0;1;0;1;1;2;-8,29529153;-35,8754959;SPRF-PE;DEL02-PE;UOP01-DEL02-PE
574257;12/01/2024;sexta-feira;18:30:00;BA;116;826;VITORIA DA CONQUISTA;Ingestão de álcool pelo condutor;Colisão traseira;Com Vítimas Feridas;Anoitecer;Decrescente;Céu Claro;Simples;Reta;Não;3;0;0;1;1;1;1;3;-14,885474;-40,859052;SPRF-BA;DEL08-BA;UOP01-DEL08-BA
574258;12/01/2024;sexta-feira;18:20:00;MG;381;490,7;BETIM;Condutor deixou de manter distância do veículo da frente;Colisão traseira;Com Vítimas Feridas;Anoitecer;Crescente;Nublado;Múltipla;Reta;Sim;2;0;1;0;0;1;1;2;-19,95624622;-44,14272308;SPRF-MG;DEL01-MG;UOP03-DEL01-MG
574262;12/01/2024;sexta-feira;17:31:00;PE;428;11;CABROBO;Acessar a via sem observar a presença dos outros veículos;Colisão frontal;Com Vítimas Feridas;Anoitecer;Decrescente;Céu Claro;Simples;Reta;Sim;3;0;0;1;2;0;1;2;-8,5063914;-39,3161128;SPRF-PE;DEL05-PE;UOP03-DEL05-PE
574263;12/01/2024;sexta-feira;16:40:00;MA;316;499,1;CODO;Velocidade Incompatível;Saída de leito carroçável;Com Vítimas Feridas;Pleno dia;Crescente;Chuva;Simples;Curva;Não;1;0;1;0;0;0;1;1;-4,71293;-43,764786;SPRF-MA;DEL03-MA;UOP02-DEL03-MA
574264;12/01/2024;sexta-feira;18:00:00;RJ;101;434;MANGARATIBA;Demais falhas mecânicas ou elétricas;Colisão frontal;Com Vítimas Feridas;Anoitecer;Crescente;Chuva;Simples;"Reta;Aclive";Não;6;0;2;0;4;0;2;2;-22,93724723;-44,04629489;SPRF-RJ;DEL03-RJ;UOP02-DEL03-RJ
574265;12/01/2024;sexta-feira;18:45:00;SE;101;1;PROPRIA;Animais na Pista;Atropelamento de Animal;Com Vítimas Feridas;Plena Noite;Decrescente;Céu Claro;Dupla;Reta;Sim;2;0;1;1;0;0;2;1;-10,21497574;-36,82283067;SPRF-SE;DEL02-SE;UOP02-DEL02-SE
574266;12/01/2024;sexta-feira;13:51:00;AC;317;43;SENADOR GUIOMARD;Reação tardia ou ineficiente do condutor;Saída de leito carroçável;Sem Vítimas;Pleno dia;Decrescente;Nublado;Simples;Reta;Não;1;0;0;0;0;1;0;1;-9,91575387;-67,44800634;SPRF-AC;DEL01-AC;UOP01-DEL01-AC
574267;12/01/2024;sexta-feira;17:05:00;MG;40;35,8;PARACATU;Demais falhas mecânicas ou elétricas;Incêndio;Sem Vítimas;Pleno dia;Crescente;Céu Claro;Simples;Curva;Não;2;0;0;0;2;0;0;1;-17,193207;-46,917147;SPRF-MG;DEL14-MG;UOP01-DEL14-MG
574269;12/01/2024;sexta-feira;16:20:00;MG;381;432;SABARA;Condutor Dormindo;Queda de ocupante de veículo;Com Vítimas Feridas;Pleno dia;Crescente;Chuva;Simples;"Reta;Declive";Não;1;0;1;0;0;0;1;1;-19,78750571;-43,73981096;SPRF-MG;DEL01-MG;UOP01-DEL01-MG
574270;12/01/2024;sexta-feira;17:30:00;RJ;40;123;DUQUE DE CAXIAS;Condutor deixou de manter distância do veículo da frente;Colisão traseira;Com Vítimas Feridas;Pleno dia;Decrescente;Céu Claro;Dupla;Reta;Sim;3;0;1;0;1;1;1;2;-22,79907687;-43,29015739;SPRF-RJ;DEL01-RJ;UOP02-DEL01-RJ
574272;12/01/2024;sexta-feira;17:50:00;SC;470;132,9;RIO DO SUL;Condutor Dormindo;Colisão transversal;Com Vítimas Feridas;Pleno dia;Decrescente;Nublado;Dupla;Curva;Não;7;0;2;0;5;0;2;3;-27,170237;-49,574718;SPRF-SC;DEL04-SC;UOP02-DEL04-SC
574276;12/01/2024;sexta-feira;10:30:00;RJ;116;25;SAPUCAIA;Pista Escorregadia;Colisão com objeto;Sem Vítimas;Pleno dia;Decrescente;Céu Claro;Simples;Curva;Não;1;0;0;0;1;0;0;1;-22,03820204;-42,78241995;SPRF-RJ;DEL05-RJ;UOP01-DEL05-RJ
574277;12/01/2024;sexta-feira;19:30:00;SP;116;448;REGISTRO;Transitar na contramão;Colisão frontal;Com Vítimas Feridas;Plena Noite;Decrescente;Nublado;Dupla;Reta;Sim;2;0;2;0;0;0;2;2;-24,52099699;-47,85336602;SPRF-SP;DEL05-SP;UOP01-DEL05-SP
574278;12/01/2024;sexta-feira;19:40:00;MG;381;907,5;CAMBUI;Velocidade Incompatível;Tombamento;Com Vítimas Feridas;Anoitecer;Crescente;Céu Claro;Dupla;"Aclive;Curva";Não;1;0;1;0;0;0;1;1;-22,67464936;-46,09794617;SPRF-MG;DEL16-MG;UOP03-DEL16-MG
574279;12/01/2024;sexta-feira;19:00:00;GO;452;0;RIO VERDE;Ingestão de álcool pelo condutor;Colisão com objeto;Com Vítimas Feridas;Plena Noite;Decrescente;Nublado;Dupla;"Retorno Regulamentado;Viaduto";Sim;1;0;1;0;0;0;1;1;-17,786345;-50,901516;SPRF-GO;DEL04-GO;UOP01-DEL04-GO
574280;12/01/2024;sexta-feira;16:50:00;RJ;116;144;DUQUE DE CAXIAS;Acesso irregular;Colisão transversal;Com Vítimas Feridas;Pleno dia;Crescente;Chuva;Múltipla;Reta;Sim;2;0;2;0;0;0;2;2;-22,65737709;-43,24724694;SPRF-RJ;DEL01-RJ;UOP02-DEL01-RJ
574284;12/01/2024;sexta-feira;20:10:00;RS;116;268;CANOAS;Acessar a via sem observar a presença dos outros veículos;Colisão transversal;Com Vítimas Feridas;Plena Noite;Decrescente;Céu Claro;Dupla;Reta;Não;3;0;2;0;1;0;2;2;-29,95673237;-51,17597938;SPRF-RS;DEL01-RS;UOP01-DEL01-RS
574285;12/01/2024;sexta-feira;19:40:00;PR;369;147,3;LONDRINA;Condutor deixou de manter distância do veículo da frente;Colisão traseira;Com Vítimas Feridas;Plena Noite;Decrescente;Nublado;Dupla;"Declive;Reta";Sim;3;0;1;0;2;0;1;3;-23,293165;-51,136102;SPRF-PR;DEL07-PR;UOP01-DEL07-PR
574287;12/01/2024;sexta-feira;16:00:00;BA;242;413;SEABRA;Acessar a via sem observar a presença dos outros veículos;Colisão frontal;Com Vítimas Feridas;Pleno dia;Crescente;Céu Claro;Simples;Reta;Sim;2;0;0;1;1;0;1;2;-12,42772116;-41,76143939;SPRF-BA;DEL06-BA;UOP01-DEL06-BA
574288;12/01/2024;sexta-feira;16:20:00;BA;101;36;ESPLANADA;Ausência de reação do condutor;Colisão com objeto;Com Vítimas Feridas;Pleno dia;Crescente;Céu Claro;Simples;Reta;Não;1;0;0;1;0;0;1;1;-11,82457761;-37,98451325;SPRF-SE;DEL02-SE;UOP03-DEL02-SE
574289;12/01/2024;sexta-feira;18:00:00;PI;343;589;FLORIANO;Manobra de mudança de faixa;Colisão lateral mesmo sentido;Com Vítimas Feridas;Plena Noite;Crescente;Ignorado;Dupla;Reta;Sim;3;0;2;0;1;0;2;2;-6,776695;-43,009346;SPRF-PI;DEL03-PI;UOP01-DEL03-PI
574290;12/01/2024;sexta-feira;20:40:00;BA;116;721,1;MANOEL VITORINO;Manobra de mudança de faixa;Colisão frontal;Com Vítimas Feridas;Plena Noite;Decrescente;Céu Claro;Simples;"Reta;Aclive";Não;6;0;3;3;0;0;6;2;-14,20471303;-40,27150419;SPRF-BA;DEL08-BA;UOP02-DEL08-BA
574291;12/01/2024;sexta-feira;18:30:00;DF;80;16;BRASILIA;Ausência de reação do condutor;Saída de leito carroçável;Com Vítimas Feridas;Plena Noite;Decrescente;Céu Claro;Simples;"Aclive;Reta";Sim;1;0;1;0;0;0;1;1;-15,710013;-48,199486;SPRF-DF;DEL03-DF;UOP02-DEL03-DF
574292;12/01/2024;sexta-feira;19:00:00;RS;116;209,5;MORRO REUTER;Acumulo de areia ou detritos sobre o pavimento;Tombamento;Com Vítimas Feridas;Plena Noite;Decrescente;Céu Claro;Simples;Curva;Não;1;0;1;0;0;0;1;1;-29,50328115;-51,10764995;SPRF-RS;DEL05-RS;UOP02-DEL05-RS
574293;12/01/2024;sexta-feira;18:20:00;RJ;101;295;ITABORAI;Trafegar com motocicleta (ou similar) entre as faixas;Colisão lateral mesmo sentido;Com Vítimas Feridas;Plena Noite;Decrescente;Chuva;Múltipla;Reta;Sim;2;0;1;0;1;0;1;2;-22,76365068;-42,90223623;SPRF-RJ;DEL02-RJ;UOP02-DEL02-RJ
574294;12/01/2024;sexta-feira;20:30:00;ES;101;220,2;IBIRACU;Retorno proibido;Colisão transversal;Com Vítimas Feridas;Pleno dia;Decrescente;Céu Claro;Simples;Reta;Não;3;0;1;1;0;1;2;2;-19,86379124;-40,39171492;SPRF-ES;DEL02-ES;UOP01-DEL02-ES
574295;12/01/2024;sexta-feira;16:30:00;RJ;116;275;BARRA MANSA;Manobra de mudança de faixa;Colisão lateral mesmo sentido;Com Vítimas Feridas;Anoitecer;Decrescente;Chuva;Múltipla;"Ponte;Reta;Declive";Sim;3;0;2;0;1;0;2;2;-22,56207185;-44,15671311;SPRF-RJ;DEL07-RJ;UOP02-DEL07-RJ
574296;12/01/2024;sexta-feira;20:40:00;PR;376;177,5;MARINGA;Manobra de mudança de faixa;Colisão lateral mesmo sentido;Com Vítimas Feridas;Plena Noite;Crescente;Nublado;Múltipla;Interseção de Vias;Sim;2;0;0;1;1;0;1;2;-23,41495398;-51,9259572;SPRF-PR;DEL09-PR;UOP01-DEL09-PR
574298;12/01/2024;sexta-feira;20:00:00;RJ;116;286;BARRA MANSA;Ausência de reação do condutor;Colisão traseira;Com Vítimas Feridas;Plena Noite;Crescente;Chuva;Dupla;Reta;Não;3;0;2;0;1;0;2;2;-22,49846046;-44,23342487;SPRF-RJ;DEL07-RJ;UOP02-DEL07-RJ
574299;12/01/2024;sexta-feira;19:15:00;RO;364;716,4;PORTO VELHO;Entrada inopinada do pedestre;Atropelamento de Pedestre;Com Vítimas Fatais;Plena Noite;Decrescente;Céu Claro;Dupla;Reta;Não;2;1;0;0;1;0;0;2;-8,79076116;-63,90327573;SPRF-RO;DEL01-RO;UOP01-DEL01-RO
574301;12/01/2024;sexta-feira;18:50:00;RJ;465;13;SEROPEDICA;Ausência de reação do condutor;Colisão transversal;Com Vítimas Feridas;Anoitecer;Decrescente;Chuva;Simples;Reta;Sim;2;0;0;1;1;0;1;2;-22,798468;-43,645508;SPRF-RJ;DEL06-RJ;UOP02-DEL06-RJ
574302;12/01/2024;sexta-feira;20:10:00;RJ;101;585;PARATY;Chuva;Atropelamento de Pedestre;Com Vítimas Feridas;Plena Noite;Decrescente;Chuva;Simples;Reta;Não;2;0;0;1;1;0;1;2;-23,27179821;-44,68485182;SPRF-RJ;DEL03-RJ;UOP04-DEL03-RJ
574304;12/01/2024;sexta-feira;21:30:00;MG;365;164;PIRAPORA;Transitar na contramão;Colisão frontal;Com Vítimas Fatais;Plena Noite;Decrescente;Céu Claro;Simples;Reta;Não;5;1;0;0;4;0;0;2;-17,37659084;-44,95293512;SPRF-MG;DEL10-MG;UOP02-DEL010-MG
574305;12/01/2024;sexta-feira;21:10:00;PB;230;10;CABEDELO;Iluminação deficiente;Tombamento;Com Vítimas Feridas;Plena Noite;Crescente;Garoa/Chuvisco;Dupla;Reta;Não;1;0;0;1;0;0;1;1;-7,0514;-34,8499;SPRF-PB;DEL01-PB;UOP01-DEL01-PB
574306;12/01/2024;sexta-feira;21:30:00;MG;40;462,3;SETE LAGOAS;Chuva;Colisão lateral sentido oposto;Com Vítimas Feridas;Plena Noite;Decrescente;Chuva;Dupla;"Curva;Declive";Não;2;0;0;1;1;0;1;2;-19,45038924;-44,3166822;SPRF-MG;DEL02-MG;UOP01-DEL02-MG
574307;12/01/2024;sexta-feira;15:10:00;MG;116;343;CAMPANARIO;Demais falhas mecânicas ou elétricas;Colisão lateral sentido oposto;Com Vítimas Fatais;Pleno dia;Crescente;Céu Claro;Simples;"Reta;Ponte";Não;51;6;10;30;3;2;40;3;-18,34490304;-41,77128292;SPRF-MG;DEL11-MG;UOP01-DEL11-MG
574308;12/01/2024;sexta-feira;20:00:00;CE;230;80,3;VARZEA ALEGRE;Pedestre andava na pista;Atropelamento de Pedestre;Com Vítimas Fatais;Plena Noite;Crescente;Céu Claro;Dupla;Reta;Sim;2;1;0;0;0;1;0;2;-6,793341;-39,305819;SPRF-CE;DEL05-CE;UOP01-DEL05-CE
574311;12/01/2024;sexta-feira;19:40:00;MG;262;802;UBERABA;Acumulo de areia ou detritos sobre o pavimento;Tombamento;Com Vítimas Feridas;Plena Noite;Decrescente;Céu Claro;Dupla;Reta;Sim;1;0;1;0;0;0;1;1;-19,779234;-47,964844;SPRF-MG;DEL13-MG;UOP01-DEL13-MG
574312;12/01/2024;sexta-feira;20:00:00;SC;282;488,1;FAXINAL DOS GUEDES;Ingestão de álcool pelo condutor;Colisão traseira;Sem Vítimas;Plena Noite;Crescente;Céu Claro;Simples;Rotatória;Sim;3;0;0;0;3;0;0;2;-26,863047;-52,270107;SPRF-SC;DEL07-SC;UOP01-DEL07-SC
574313;12/01/2024;sexta-feira;21:55:00;CE;116;5;FORTALEZA;Velocidade Incompatível;Colisão com objeto;Com Vítimas Feridas;Plena Noite;Crescente;Céu Claro;Múltipla;Reta;Sim;1;0;0;1;0;0;1;1;-3,79467116;-38,50772734;SPRF-CE;DEL01-CE;UOP02-DEL01-CE
574314;12/01/2024;sexta-feira;21:40:00;PR;369;418,8;UBIRATA;Reação tardia ou ineficiente do condutor;Saída de leito carroçável;Com Vítimas Fatais;Plena Noite;Decrescente;Céu Claro;Simples;"Declive;Interseção de Vias";Não;4;1;2;0;1;0;2;1;-24,48839833;-52,89281845;SPRF-PR;DEL04-PR;UOP03-DEL04-PR
574316;12/01/2024;sexta-feira;20:10:00;SP;101;51,9;UBATUBA;Acessar a via sem observar a presença dos outros veículos;Colisão transversal;Com Vítimas Feridas;Plena Noite;Crescente;Chuva;Simples;Reta;Sim;3;0;0;1;0;2;1;3;-23,46159291;-45,06570339;SPRF-SP;DEL06-SP;UOP01-DEL06-SP