id;data_inversa;dia_semana;horario;uf;br;km;municipio;causa_acidente;tipo_acidente;classificacao_acidente;fase_dia;sentido_via;condicao_metereologica;tipo_pista;tracado_via;uso_solo;pessoas;mortos;feridos_leves;feridos_graves;ilesos;ignorados;feridos;veiculos;latitude;longitude;regional;delegacia;uop
575908;20/01/2024;sábado;04:30:00;GO;60;211;GUAPO;Acumulo de água sobre o pavimento;Colisão com objeto;Com Vítimas Feridas;Plena Noite;Decrescente;Chuva;Dupla;Interseção de Vias;Não;1;0;1;0;0;0;1;1;-16,9488;-49,6748;SPRF-GO;DEL01-GO;UOP02-DEL01-GO
575909;20/01/2024;sábado;09:30:00;RJ;116;201;QUEIMADOS;Avarias e/ou desgaste excessivo no pneu;Queda de ocupante de veículo;Com Vítimas Feridas;Pleno dia;Decrescente;Sol;Dupla;Reta;Sim;2;0;2;0;0;0;2;1;-22,73124742;-43,60364806;SPRF-RJ;DEL06-RJ;UOP02-DEL06-RJ
575910;20/01/2024;sábado;06:25:00;RJ;40;82;PETROPOLIS;Transitar na contramão;Colisão frontal;Com Vítimas Feridas;Pleno dia;Decrescente;Céu Claro;Dupla;Curva;Sim;3;0;2;1;0;0;3;2;-22,51183137;-43,23076171;SPRF-RJ;DEL01-RJ;UOP01-DEL01-RJ
575915;20/01/2024;sábado;07:30:00;BA;101;479,5;URUCUCA;Velocidade Incompatível;Capotamento;Com Vítimas Feridas;Amanhecer;Crescente;Nublado;Simples;Curva;Não;3;0;2;1;0;0;3;1;-14,610345;-39,330134;SPRF-BA;DEL05-BA;UOP01-DEL05-BA
575917;20/01/2024;sábado;10:17:00;RN;226;82;TANGARA;Transitar na contramão;Colisão frontal;Com Vítimas Feridas;Pleno dia;Crescente;Céu Claro;Simples;"Reta;Declive";Sim;3;0;1;1;1;0;2;2;-6,19172946;-35,79119344;SPRF-RN;DEL01-RN;UOP02-DEL01-RN
575918;20/01/2024;sábado;09:30:00;DF;70;16,3;BRASILIA;Acessar a via sem observar a presença dos outros veículos;Colisão traseira;Com Vítimas Feridas;Pleno dia;Decrescente;Céu Claro;Dupla;"Reta;Rotatória";Sim;2;0;1;0;1;0;1;2;-15,795828;-48,196706;SPRF-DF;DEL03-DF;UOP02-DEL03-DF
575919;20/01/2024;sábado;09:30:00;SC;101;110;PENHA;Reação tardia ou ineficiente do condutor;Colisão traseira;Com Vítimas Feridas;Pleno dia;Crescente;Céu Claro;Dupla;Reta;Não;2;0;0;1;1;0;1;2;-26,83477;-48,706151;SPRF-SC;DEL03-SC;UOP02-DEL03-SC
575920;20/01/2024;sábado;09:45:00;RO;174;16,3;VILHENA;Acessar a via sem observar a presença dos outros veículos;Colisão transversal;Com Vítimas Feridas;Pleno dia;Decrescente;Sol;Simples;"Reta;Interseção de Vias";Sim;3;0;1;0;1;1;1;3;-12,71452302;-60,1262149;SPRF-RO;DEL04-RO;UOP01-DEL04-RO
575923;20/01/2024;sábado;09:50:00;RJ;393;176;TRES RIOS;Pedestre andava na pista;Atropelamento de Pedestre;Com Vítimas Feridas;Pleno dia;Decrescente;Céu Claro;Simples;Reta;Não;3;0;0;2;1;0;2;2;-22,12586166;-43,21215519;SPRF-RJ;DEL05-RJ;UOP03-DEL05-RJ
575924;20/01/2024;sábado;11:05:00;RN;101;125,6;SAO JOSE DE MIPIBU;Manobra de mudança de faixa;Colisão transversal;Com Vítimas Feridas;Pleno dia;Decrescente;Sol;Dupla;"Retorno Regulamentado;Reta";Sim;4;0;2;0;2;0;2;3;-6,07815599;-35,23412006;SPRF-RN;DEL01-RN;UOP01-DEL01-RN
575925;20/01/2024;sábado;10:45:00;PE;101;43,1;IGARASSU;Ausência de reação do condutor;Colisão traseira;Com Vítimas Feridas;Pleno dia;Crescente;Sol;Múltipla;Reta;Sim;3;0;0;2;1;0;2;2;-7,84753808;-34,90977038;SPRF-PE;DEL01-PE;UOP02-DEL01-PE
575926;20/01/2024;sábado;09:20:00;SC;282;0,1;FLORIANOPOLIS;Reação tardia ou ineficiente do condutor;Colisão lateral mesmo sentido;Com Vítimas Feridas;Pleno dia;Decrescente;Céu Claro;Múltipla;Curva;Sim;3;0;1;0;1;1;1;2;-27,59845;-48,571995;SPRF-SC;DEL01-SC;UOP01-DEL01-SC
575927;20/01/2024;sábado;09:30:00;BA;101;362,9;GANDU;Pedestre andava na pista;Engavetamento;Com Vítimas Feridas;Pleno dia;Crescente;Céu Claro;Simples;"Reta;Declive";Não;6;0;2;0;3;1;2;5;-13,856841;-39,49252598;SPRF-BA;DEL05-BA;UOP03-DEL05-BA
575928;20/01/2024;sábado;09:10:00;BA;415;47;ITABUNA;Ausência de sinalização;Colisão transversal;Com Vítimas Feridas;Pleno dia;Decrescente;Céu Claro;Simples;"Interseção de Vias;Reta";Sim;2;0;1;0;1;0;1;2;-14,81695319;-39,30075645;SPRF-BA;DEL05-BA;UOP01-DEL05-BA
575930;20/01/2024;sábado;09:00:00;SC;282;420,8;VARGEM BONITA;Pista Escorregadia;Saída de leito carroçável;Com Vítimas Feridas;Pleno dia;Crescente;Céu Claro;Simples;Curva;Não;2;0;1;0;1;0;1;1;-27,014505;-51,736427;SPRF-SC;DEL07-SC;UOP05-DEL07-SC
575931;20/01/2024;sábado;10:29:00;RJ;101;272;RIO BONITO;Conversão proibida;Colisão transversal;Com Vítimas Feridas;Pleno dia;Crescente;Sol;Dupla;Reta;Sim;4;0;1;0;3;0;1;2;-22,72935968;-42,70112512;SPRF-RJ;DEL02-RJ;UOP03-DEL02-RJ
575932;20/01/2024;sábado;11:30:00;GO;153;191;URUACU;Ausência de reação do condutor;Saída de leito carroçável;Sem Vítimas;Pleno dia;Crescente;Céu Claro;Simples;"Reta;Declive";Não;1;0;0;0;1;0;0;1;-14,437541;-49,156738;SPRF-GO;DEL07-GO;UOP02-DEL07-GO
575935;20/01/2024;sábado;12:18:00;GO;40;3;VALPARAISO DE GOIAS;Ausência de reação do condutor;Colisão traseira;Com Vítimas Feridas;Pleno dia;Decrescente;Céu Claro;Dupla;Reta;Sim;2;0;1;0;1;0;1;2;-16,076081;-47,985671;SPRF-DF;DEL01-DF;UOP01-DEL01-DF
575936;20/01/2024;sábado;08:27:00;ES;101;69,8;SAO MATEUS;Reação tardia ou ineficiente do condutor;Tombamento;Com Vítimas Feridas;Pleno dia;Decrescente;Céu Claro;Simples;Reta;Sim;2;0;2;0;0;0;2;1;-18,73556097;-39,86069526;SPRF-ES;DEL04-ES;UOP02-DEL04-ES
575937;20/01/2024;sábado;11:20:00;ES;262;125;CONCEICAO DO CASTELO;Curva acentuada;Tombamento;Com Vítimas Feridas;Pleno dia;Crescente;Sol;Simples;"Curva;Declive";Não;2;0;2;0;0;0;2;1;-20,27994144;-41,26114078;SPRF-ES;DEL01-ES;UOP02-DEL01-ES
575938;20/01/2024;sábado;13:10:00;RS;116;254,4;SAPUCAIA DO SUL;Ausência de reação do condutor;Colisão lateral mesmo sentido;Com Vítimas Feridas;Pleno dia;Decrescente;Chuva;Dupla;Reta;Sim;2;0;1;0;1;0;1;2;-29,82654797;-51,17241311;SPRF-RS;DEL01-RS;UOP02-DEL01-RS
575940;09/01/2024;terça-feira;15:00:00;MS;163;181;JUTI;Ultrapassagem Indevida;Saída de leito carroçável;Com Vítimas Feridas;Pleno dia;Decrescente;Céu Claro;Simples;Reta;Não;5;0;4;0;1;0;4;2;-22,82799837;-54,6870281;SPRF-MS;DEL09-MS;UOP01-DEL09-MS
575941;20/01/2024;sábado;13:05:00;RS;290;142,8;ELDORADO DO SUL;Acessar a via sem observar a presença dos outros veículos;Colisão transversal;Sem Vítimas;Pleno dia;Crescente;Nublado;Simples;Reta;Não;4;0;0;0;4;0;0;3;-30,089678;-51,628311;SPRF-RS;DEL02-RS;UOP01-DEL02-RS
575944;20/01/2024;sábado;09:47:00;MG;381;844;POUSO ALEGRE;Ausência de reação do condutor;Saída de leito carroçável;Com Vítimas Feridas;Pleno dia;Crescente;Céu Claro;Dupla;Reta;Não;1;0;1;0;0;0;1;1;-22,229838;-45,876144;SPRF-MG;DEL16-MG;UOP01-DEL16-MG
575945;20/01/2024;sábado;11:45:00;MG;116;281;TEOFILO OTONI;Demais falhas mecânicas ou elétricas;Incêndio;Sem Vítimas;Pleno dia;Crescente;Céu Claro;Simples;Reta;Não;2;0;0;0;2;0;0;1;-17,89352518;-41,52352462;SPRF-MG;DEL11-MG;UOP01-DEL11-MG
575946;20/01/2024;sábado;14:05:00;PR;116;17;COLOMBO;Condutor deixou de manter distância do veículo da frente;Colisão traseira;Com Vítimas Feridas;Pleno dia;Crescente;Nublado;Dupla;Reta;Sim;5;0;2;0;2;1;2;2;-25,38962848;-49,20055389;SPRF-PR;DEL01-PR;UOP02-DEL01-PR
575947;20/01/2024;sábado;11:00:00;SC;101;112;ITAJAI;Acessar a via sem observar a presença dos outros veículos;Colisão lateral mesmo sentido;Com Vítimas Feridas;Pleno dia;Decrescente;Céu Claro;Dupla;Curva;Sim;3;0;3;0;0;0;3;2;-26,84589005;-48,72131295;SPRF-SC;DEL04-SC;UOP04-DEL04-SC
575948;20/01/2024;sábado;14:00:00;PR;376;5;APUCARANA;Acessar a via sem observar a presença dos outros veículos;Colisão transversal;Com Vítimas Feridas;Pleno dia;Crescente;Chuva;Simples;"Interseção de Vias;Reta";Sim;3;0;2;0;1;0;2;2;-23,5513;-51,461266;SPRF-PR;DEL07-PR;UOP03-DEL07-PR
575949;20/01/2024;sábado;13:00:00;MG;40;522;CONTAGEM;Avarias e/ou desgaste excessivo no pneu;Saída de leito carroçável;Com Vítimas Feridas;Pleno dia;Crescente;Céu Claro;Dupla;Reta;Sim;1;0;1;0;0;0;1;1;-19,8638731;-44,06749809;SPRF-MG;DEL01-MG;UOP02-DEL01-MG
575950;20/01/2024;sábado;14:10:00;PI;135;363,9;BOM JESUS;Ultrapassagem Indevida;Colisão frontal;Com Vítimas Feridas;Pleno dia;Crescente;Céu Claro;Simples;"Aclive;Reta";Não;10;0;5;0;5;0;5;2;-9,14779614;-44,41230285;SPRF-PI;DEL03-PI;UOP02-DEL03-PI
575951;20/01/2024;sábado;14:20:00;PI;343;18,7;PARNAIBA;Acessar a via sem observar a presença dos outros veículos;Colisão lateral mesmo sentido;Com Vítimas Feridas;Pleno dia;Crescente;Céu Claro;Simples;Reta;Sim;2;0;1;0;1;0;1;2;-2,96772409;-41,76027959;SPRF-PI;DEL05-PI;UOP01-DEL05-PI
575953;20/01/2024;sábado;13:55:00;SC;101;360,9;SANGAO;Manobra de mudança de faixa;Colisão com objeto;Com Vítimas Feridas;Pleno dia;Crescente;Nublado;Múltipla;Curva;Não;4;0;4;0;0;0;4;1;-28,67096645;-49,12202954;SPRF-SC;DEL02-SC;UOP01-DEL02-SC
575954;20/01/2024;sábado;14:23:00;RN;101;79;NATAL;Manobra de mudança de faixa;Colisão traseira;Com Vítimas Feridas;Pleno dia;Decrescente;Céu Claro;Dupla;Reta;Sim;3;0;2;0;1;0;2;2;-5,749543;-35,289096;SPRF-RN;DEL02-RN;UOP01-DEL02-RN
575955;20/01/2024;sábado;15:05:00;PE;101;72;RECIFE;Condutor deixou de manter distância do veículo da frente;Colisão traseira;Com Vítimas Feridas;Pleno dia;Crescente;Céu Claro;Dupla;Reta;Sim;5;0;3;0;2;0;3;3;-8,09896785;-34,95022416;SPRF-PE;DEL01-PE;UOP01-DEL01-PE
575956;20/01/2024;sábado;14:55:00;ES;101;222,1;IBIRACU;Condutor Dormindo;Colisão frontal;Com Vítimas Fatais;Pleno dia;Crescente;Sol;Simples;Curva;Não;6;1;4;1;0;0;5;3;-19,86967622;-40,40915873;SPRF-ES;DEL02-ES;UOP01-DEL02-ES
575957;20/01/2024;sábado;14:30:00;SP;116;221;GUARULHOS;Trafegar com motocicleta (ou similar) entre as faixas;Colisão lateral mesmo sentido;Com Vítimas Feridas;Pleno dia;Crescente;Nublado;Múltipla;Reta;Sim;3;0;2;0;1;0;2;2;-23,46802395;-46,50704901;SPRF-SP;DEL01-SP;UOP01-DEL01-SP
575958;20/01/2024;sábado;15:15:00;PE;101;20,4;GOIANA;Manobra de mudança de faixa;Saída de leito carroçável;Com Vítimas Feridas;Pleno dia;Crescente;Céu Claro;Dupla;Reta;Não;2;0;0;1;1;0;1;2;-7,66042701;-34,93780401;SPRF-PE;DEL01-PE;UOP02-DEL01-PE
575960;20/01/2024;sábado;15:00:00;GO;60;126;GOIANAPOLIS;Avarias e/ou desgaste excessivo no pneu;Queda de ocupante de veículo;Com Vítimas Feridas;Pleno dia;Crescente;Céu Claro;Dupla;Reta;Não;2;0;2;0;0;0;2;1;-16,5324;-49,1473;SPRF-GO;DEL01-GO;UOP01-DEL01-GO
575961;20/01/2024;sábado;13:15:00;MA;10;253,6;IMPERATRIZ;Condutor desrespeitou a iluminação vermelha do semáforo;Colisão transversal;Com Vítimas Feridas;Pleno dia;Decrescente;Céu Claro;Simples;"Interseção de Vias;Reta";Sim;3;0;1;0;2;0;1;2;-5,526911;-47,471455;SPRF-MA;DEL04-MA;UOP01-DEL04-MA
575962;20/01/2024;sábado;11:00:00;MG;381;242,5;SANTANA DO PARAISO;Objeto estático sobre o leito carroçável;Colisão com objeto;Com Vítimas Feridas;Pleno dia;Decrescente;Céu Claro;Simples;Reta;Não;5;0;2;0;3;0;2;1;-19,42980464;-42,50381335;SPRF-MG;DEL06-MG;UOP01-DEL06-MG
575963;20/01/2024;sábado;14:40:00;BA;324;611;SIMOES FILHO;Condutor deixou de manter distância do veículo da frente;Colisão traseira;Com Vítimas Feridas;Pleno dia;Decrescente;Céu Claro;Dupla;Reta;Não;2;0;1;0;1;0;1;2;-12,83798396;-38,41427011;SPRF-BA;DEL01-BA;UOP01-DEL01-BA
575964;20/01/2024;sábado;15:34:00;PI;343;18,7;PARNAIBA;Ingestão de álcool pelo condutor;Colisão traseira;Sem Vítimas;Pleno dia;Decrescente;Sol;Simples;Reta;Não;2;0;0;0;2;0;0;2;-2,963282;-41,759464;SPRF-PI;DEL05-PI;UOP01-DEL05-PI
575965;20/01/2024;sábado;14:08:00;ES;262;103;VENDA NOVA DO IMIGRANTE;Frear bruscamente;Tombamento;Com Vítimas Feridas;Pleno dia;Crescente;Sol;Simples;Curva;Sim;2;0;1;0;0;1;1;2;-20,33657022;-41,12201819;SPRF-ES;DEL01-ES;UOP02-DEL01-ES
575967;20/01/2024;sábado;14:50:00;PB;101;76;SANTA RITA;Manobra de mudança de faixa;Colisão lateral mesmo sentido;Com Vítimas Feridas;Pleno dia;Decrescente;Céu Claro;Dupla;"Reta;Desvio Temporário;Ponte";Não;4;0;2;0;0;2;2;3;-7,09085711;-34,96857932;SPRF-PB;DEL01-PB;UOP04-DEL01-PB
575969;20/01/2024;sábado;15:35:00;SC;101;137,7;BALNEARIO CAMBORIU;Trafegar com motocicleta (ou similar) entre as faixas;Colisão traseira;Com Vítimas Feridas;Pleno dia;Decrescente;Chuva;Múltipla;Reta;Sim;2;0;0;1;1;0;1;2;-27,0157238;-48,61192763;SPRF-SC;DEL04-SC;UOP03-DEL04-SC
575971;20/01/2024;sábado;14:40:00;AL;101;129;SAO MIGUEL DOS CAMPOS;Velocidade Incompatível;Queda de ocupante de veículo;Com Vítimas Feridas;Pleno dia;Crescente;Céu Claro;Simples;Viaduto;Não;1;0;1;0;0;0;1;1;-9,74963266;-36,06531248;SPRF-AL;DEL02-AL;UOP01-DEL02-AL
575973;20/01/2024;sábado;16:00:00;PI;316;2,8;TERESINA;Transitar na contramão;Colisão frontal;Sem Vítimas;Pleno dia;Crescente;Céu Claro;Múltipla;Reta;Sim;2;0;0;0;2;0;0;2;-5,130648;-42,792034;SPRF-PI;DEL01-PI;UOP02-DEL01-PI
575975;20/01/2024;sábado;16:30:00;SP;116;505,8;CAJATI;Reação tardia ou ineficiente do condutor;Saída de leito carroçável;Com Vítimas Feridas;Pleno dia;Crescente;Chuva;Simples;Curva;Não;2;0;1;0;1;0;1;1;-24,79028098;-48,21075278;SPRF-SP;DEL05-SP;UOP02-DEL05-SP
575976;20/01/2024;sábado;16:20:00;RJ;101;276;TANGUA;Manobra de mudança de faixa;Colisão lateral mesmo sentido;Com Vítimas Feridas;Pleno dia;Crescente;Céu Claro;Dupla;Reta;Não;3;0;1;0;2;0;1;2;-22,73796393;-42,73871802;SPRF-RJ;DEL02-RJ;UOP03-DEL02-RJ
575978;20/01/2024;sábado;16:25:00;PR;469;12,4;FOZ DO IGUACU;Condutor deixou de manter distância do veículo da frente;Colisão traseira;Com Vítimas Feridas;Pleno dia;Crescente;Nublado;Simples;Reta;Não;2;0;1;0;1;0;1;2;-25,5754;-54,5489;SPRF-PR;DEL05-PR;UOP04-DEL05-PR
575979;20/01/2024;sábado;13:45:00;PR;376;279,5;MARILANDIA DO SUL;Ausência de reação do condutor;Saída de leito carroçável;Com Vítimas Feridas;Pleno dia;Decrescente;Chuva;Dupla;"Declive;Reta";Não;1;0;1;0;0;0;1;1;-23,84271577;-51,25922441;SPRF-PR;DEL07-PR;UOP02-DEL07-PR
575981;20/01/2024;sábado;16:40:00;PR;277;165;PORTO AMAZONAS;Pedestre cruzava a pista fora da faixa;Atropelamento de Pedestre;Com Vítimas Feridas;Pleno dia;Crescente;Nublado;Simples;Reta;Não;4;0;0;1;3;0;1;2;-25,47289;-49,895964;SPRF-PR;DEL03-PR;UOP03-DEL03-PR
575982;20/01/2024;sábado;15:40:00;MG;262;40,8;MANHUACU;Transitar na contramão;Colisão lateral sentido oposto;Com Vítimas Feridas;Pleno dia;Decrescente;Céu Claro;Simples;Reta;Não;3;0;1;0;2;0;1;2;-20,27334219;-42,04913988;SPRF-MG;DEL06-MG;UOP03-DEL06-MG
575984;20/01/2024;sábado;16:30:00;SP;101;25;UBATUBA;Reação tardia ou ineficiente do condutor;Colisão lateral mesmo sentido;Com Vítimas Feridas;Pleno dia;Crescente;Céu Claro;Múltipla;Reta;Não;4;0;2;0;2;0;2;2;-23,35526999;-44,94599221;SPRF-SP;DEL06-SP;UOP01-DEL06-SP
575985;20/01/2024;sábado;17:15:00;ES;101;149;LINHARES;Condutor desrespeitou a iluminação vermelha do semáforo;Colisão transversal;Com Vítimas Feridas;Pleno dia;Crescente;Céu Claro;Dupla;Interseção de Vias;Sim;3;0;2;1;0;0;3;2;-19,39619083;-40,06435871;SPRF-ES;DEL04-ES;UOP01-DEL04-ES
575988;20/01/2024;sábado;17:20:00;SC;101;228,1;PALHOCA;Animais na Pista;Colisão com objeto;Com Vítimas Feridas;Pleno dia;Decrescente;Céu Claro;Dupla;"Aclive;Reta";Não;2;0;1;0;1;0;1;1;-27,7597249;-48,63078869;SPRF-SC;DEL01-SC;UOP02-DEL01-SC
575989;20/01/2024;sábado;16:20:00;RS;290;122;ELDORADO DO SUL;Acessar a via sem observar a presença dos outros veículos;Colisão transversal;Com Vítimas Feridas;Pleno dia;Decrescente;Céu Claro;Simples;"Interseção de Vias;Reta";Não;6;0;1;0;5;0;1;2;-30,052313;-51,428188;SPRF-RS;DEL02-RS;UOP01-DEL02-RS
575990;20/01/2024;sábado;16:25:00;RS;290;122;ELDORADO DO SUL;Reação tardia ou ineficiente do condutor;Colisão traseira;Com Vítimas Feridas;Pleno dia;Decrescente;Céu Claro;Simples;Reta;Não;6;0;1;0;5;0;1;2;-30,05267678;-51,43309593;SPRF-RS;DEL02-RS;UOP01-DEL02-RS
575991;20/01/2024;sábado;17:15:00;RS;290;122;ELDORADO DO SUL;Reação tardia ou ineficiente do condutor;Colisão traseira;Sem Vítimas;Pleno dia;Decrescente;Nublado;Simples;Reta;Não;2;0;0;0;2;0;0;2;-30,052313;-51,428188;SPRF-RS;DEL02-RS;UOP01-DEL02-RS
575992;20/01/2024;sábado;17:05:00;RS;290;122;ELDORADO DO SUL;Reação tardia ou ineficiente do condutor;Colisão traseira;Sem Vítimas;Pleno dia;Decrescente;Nublado;Simples;Reta;Não;2;0;0;0;2;0;0;2;-30,052313;-51,428188;SPRF-RS;DEL02-RS;UOP01-DEL02-RS
575993;20/01/2024;sábado;17:30:00;PR;277;7;PARANAGUA;Transitar na contramão;Colisão frontal;Com Vítimas Feridas;Anoitecer;Decrescente;Garoa/Chuvisco;Dupla;"Curva;Ponte";Sim;3;0;1;0;2;0;1;2;-25,568198;-48,615292;SPRF-PR;DEL01-PR;UOP05-DEL01-PR
575994;20/01/2024;sábado;08:30:00;RJ;356;13;ITAPERUNA;Transitar na contramão;Colisão frontal;Com Vítimas Feridas;Pleno dia;Decrescente;Céu Claro;Simples;"Aclive;Curva";Não;2;0;1;0;1;0;1;2;-21,17615652;-42,0721221;SPRF-RJ;DEL08-RJ;UOP03-DEL08-RJ
575995;20/01/2024;sábado;16:15:00;SC;470;56;BLUMENAU;Conversão proibida;Colisão transversal;Com Vítimas Feridas;Pleno dia;Crescente;Nublado;Simples;Reta;Sim;2;0;1;0;1;0;1;2;-26,87674;-49,127743;SPRF-SC;DEL04-SC;UOP01-DEL04-SC
575998;20/01/2024;sábado;17:30:00;SC;101;219,2;PALHOCA;Avarias e/ou desgaste excessivo no pneu;Tombamento;Com Vítimas Feridas;Pleno dia;Decrescente;Nublado;Dupla;Reta;Não;2;0;2;0;0;0;2;1;-27,68392194;-48,66710085;SPRF-SC;DEL01-SC;UOP02-DEL01-SC
576000;20/01/2024;sábado;17:15:00;PB;230;221,9;SOLEDADE;Chuva;Saída de leito carroçável;Com Vítimas Feridas;Anoitecer;Decrescente;Chuva;Simples;Reta;Não;1;0;1;0;0;0;1;1;-7,0409;-36,4063;SPRF-PB;DEL02-PB;UOP02-DEL02-PB
576001;20/01/2024;sábado;16:00:00;GO;153;345;JARAGUA;Ausência de reação do condutor;Saída de leito carroçável;Sem Vítimas;Pleno dia;Crescente;Céu Claro;Simples;Reta;Não;2;0;0;0;2;0;0;1;-15,631001;-49,380325;SPRF-GO;DEL02-GO;UOP02-DEL02-GO
576002;20/01/2024;sábado;18:00:00;RJ;101;438;MANGARATIBA;Acessar a via sem observar a presença dos outros veículos;Colisão transversal;Com Vítimas Feridas;Anoitecer;Crescente;Nublado;Simples;Reta;Sim;6;0;3;0;3;0;3;2;-22,9502606;-44,07417802;SPRF-RJ;DEL03-RJ;UOP02-DEL03-RJ
576003;20/01/2024;sábado;16:20:00;RN;226;287,1;AUGUSTO SEVERO;Ingestão de álcool pelo condutor;Saída de leito carroçável;Com Vítimas Feridas;Pleno dia;Decrescente;Céu Claro;Simples;Reta;Não;2;0;2;0;0;0;2;1;-5,86309181;-37,28921889;SPRF-RN;DEL03-RN;UOP01-DEL03-RN
576004;20/01/2024;sábado;18:30:00;MG;40;697,1;BARBACENA;Velocidade Incompatível;Colisão frontal;Com Vítimas Fatais;Anoitecer;Crescente;Céu Claro;Simples;"Curva;Declive";Não;4;2;0;2;0;0;2;2;-21,15466699;-43,76265769;SPRF-MG;DEL05-MG;UOP02-DEL05-MG
576005;20/01/2024;sábado;18:30:00;MG;50;6,1;UBERLANDIA;Ingestão de álcool pelo condutor;Saída de leito carroçável;Com Vítimas Fatais;Anoitecer;Crescente;Garoa/Chuvisco;Múltipla;Declive;Não;1;1;0;0;0;0;0;1;-18,9113;-48,2622;SPRF-MG;DEL15-MG;UOP01-DEL15-MG
576006;20/01/2024;sábado;18:00:00;MG;262;382;MATEUS LEME;Velocidade Incompatível;Saída de leito carroçável;Com Vítimas Feridas;Anoitecer;Decrescente;Nublado;Dupla;Reta;Não;2;0;1;0;1;0;1;1;-19,93049825;-44,40182;SPRF-MG;DEL01-MG;UOP03-DEL01-MG
576008;20/01/2024;sábado;17:10:00;MT;364;200;RONDONOPOLIS;Ausência de reação do condutor;Colisão traseira;Com Vítimas Feridas;Anoitecer;Decrescente;Garoa/Chuvisco;Dupla;Rotatória;Sim;4;0;1;0;3;0;1;2;-16,49612525;-54,63849716;SPRF-MT;DEL02-MT;UOP01-DEL02-MT
576009;16/01/2024;terça-feira;16:30:00;RJ;101;322;NITEROI;Condutor deixou de manter distância do veículo da frente;Engavetamento;Com Vítimas Feridas;Pleno dia;Decrescente;Céu Claro;Dupla;Reta;Não;4;0;1;0;3;0;1;3;-22,878923;-43,110676;SPRF-RJ;DEL02-RJ;UOP01-DEL02-RJ
576010;20/01/2024;sábado;14:30:00;RJ;465;17;NOVA IGUACU;Reação tardia ou ineficiente do condutor;Colisão traseira;Com Vítimas Feridas;Pleno dia;Decrescente;Céu Claro;Dupla;"Reta;Em Obras";Sim;2;0;1;0;1;0;1;2;-22,823448;-43,619843;SPRF-RJ;DEL06-RJ;UOP02-DEL06-RJ
576011;20/01/2024;sábado;18:20:00;CE;116;3;FORTALEZA;Ausência de reação do condutor;Tombamento;Com Vítimas Feridas;Plena Noite;Crescente;Céu Claro;Múltipla;Reta;Sim;2;0;1;1;0;0;2;1;-3,77866493;-38,51490171;SPRF-CE;DEL01-CE;UOP02-DEL01-CE
576012;20/01/2024;sábado;18:20:00;PE;408;102;RECIFE;Ausência de reação do condutor;Colisão traseira;Sem Vítimas;Plena Noite;Crescente;Céu Claro;Dupla;Reta;Não;2;0;0;0;1;1;0;2;-8,05323195;-35,00247996;SPRF-PE;DEL01-PE;UOP01-DEL01-PE
576013;20/01/2024;sábado;15:00:00;RS;293;51,5;CERRITO;Reação tardia ou ineficiente do condutor;Saída de leito carroçável;Sem Vítimas;Pleno dia;Crescente;Céu Claro;Simples;Reta;Não;1;0;0;0;0;1;0;1;-31,72933964;-52,83680696;SPRF-RS;DEL07-RS;UOP01-DEL07-RS
576014;20/01/2024;sábado;18:27:00;PE;428;188;PETROLINA;Ingestão de álcool pelo condutor;Colisão com objeto;Com Vítimas Feridas;Plena Noite;Decrescente;Céu Claro;Simples;Rotatória;Sim;1;0;1;0;0;0;1;1;-9,37508295;-40,48790082;SPRF-PE;DEL06-PE;UOP01-DEL06-PE
576016;20/01/2024;sábado;17:01:00;MG;381;529,4;ITATIAIUCU;Velocidade Incompatível;Capotamento;Com Vítimas Feridas;Pleno dia;Decrescente;Chuva;Dupla;Reta;Não;2;0;2;0;0;0;2;1;-20,16619722;-44,36914378;SPRF-MG;DEL04-MG;UOP03-DEL04-MG
576019;20/01/2024;sábado;17:20:00;SC;282;43,1;AGUAS MORNAS;Conversão proibida;Colisão transversal;Sem Vítimas;Pleno dia;Decrescente;Nublado;Simples;Reta;Não;2;0;0;0;2;0;0;2;-27,719458;-48,897526;SPRF-SC;DEL01-SC;UOP03-DEL01-SC
576021;20/01/2024;sábado;19:10:00;CE;116;20;ITAITINGA;Ausência de sinalização;Tombamento;Com Vítimas Feridas;Plena Noite;Crescente;Céu Claro;Dupla;"Reta;Em Obras";Sim;2;0;0;1;1;0;1;1;-3,92277497;-38,50762327;SPRF-CE;DEL01-CE;UOP02-DEL01-CE
576022;20/01/2024;sábado;17:15:00;SC;282;246;SAO JOSE DO CERRITO;Velocidade Incompatível;Saída de leito carroçável;Com Vítimas Feridas;Pleno dia;Decrescente;Céu Claro;Simples;Curva;Não;1;0;0;1;0;0;1;1;-27,72682358;-50,53024292;SPRF-SC;DEL05-SC;UOP02-DEL05-SC
576023;20/01/2024;sábado;14:30:00;RO;364;383;OURO PRETO DO OESTE;Reação tardia ou ineficiente do condutor;Colisão traseira;Sem Vítimas;Pleno dia;Crescente;Garoa/Chuvisco;Simples;"Declive;Curva";Sim;3;0;0;0;3;0;0;2;-10,72104014;-62,24385208;SPRF-RO;DEL02-RO;UOP01-DEL02-RO
576025;20/01/2024;sábado;19:10:00;TO;10;456;PALMAS;Iluminação deficiente;Colisão com objeto;Com Vítimas Feridas;Plena Noite;Decrescente;Céu Claro;Dupla;Declive;Não;2;0;1;0;1;0;1;2;-10,20863984;-48,15545194;SPRF-TO;DEL01-TO;UOP03-DEL01-TO
576026;20/01/2024;sábado;19:20:00;TO;10;456;PALMAS;Ingestão de álcool pelo condutor;Colisão com objeto;Com Vítimas Feridas;Pleno dia;Decrescente;Sol;Múltipla;"Curva;Declive";Não;3;0;1;0;2;0;1;1;-10,21491133;-48,15620573;SPRF-TO;DEL01-TO;UOP03-DEL01-TO