id;data_inversa;dia_semana;horario;uf;br;km;municipio;causa_acidente;tipo_acidente;classificacao_acidente;fase_dia;sentido_via;condicao_metereologica;tipo_pista;tracado_via;uso_solo;pessoas;mortos;feridos_leves;feridos_graves;ilesos;ignorados;feridos;veiculos;latitude;longitude;regional;delegacia;uop
577244;26/01/2024;sexta-feira;16:48:00;MT;163;101;RONDONOPOLIS;Reação tardia ou ineficiente do condutor;Saída de leito carroçável;Com Vítimas Feridas;Pleno dia;Crescente;Chuva;Dupla;"Reta;Declive";Não;1;0;1;0;0;0;1;1;-16,65297112;-54,68569822;SPRF-MT;DEL02-MT;UOP03-DEL02-MT
577245;26/01/2024;sexta-feira;18:20:00;GO;153;517;APARECIDA DE GOIANIA;Ingestão de álcool pelo condutor;Saída de leito carroçável;Sem Vítimas;Pleno dia;Crescente;Céu Claro;Dupla;"Aclive;Reta";Não;1;0;0;0;1;0;0;1;-16,8581;-49,2488;SPRF-GO;DEL01-GO;UOP03-DEL01-GO
577247;26/01/2024;sexta-feira;18:05:00;SC;470;58,4;BLUMENAU;Conversão proibida;Colisão frontal;Com Vítimas Feridas;Pleno dia;Decrescente;Nublado;Simples;"Reta;Em Obras;Aclive";Sim;5;0;1;0;4;0;1;3;-26,88408619;-49,14987087;SPRF-SC;DEL04-SC;UOP01-DEL04-SC
577248;26/01/2024;sexta-feira;14:40:00;SC;101;285;IMBITUBA;Ausência de reação do condutor;Saída de leito carroçável;Com Vítimas Feridas;Pleno dia;Decrescente;Nublado;Dupla;Curva;Não;2;0;1;0;1;0;1;1;-28,22116606;-48,70063047;SPRF-SC;DEL02-SC;UOP03-DEL02-SC
577249;26/01/2024;sexta-feira;18:50:00;SP;116;289;ITAPECERICA DA SERRA;Frear bruscamente;Tombamento;Com Vítimas Feridas;Plena Noite;Decrescente;Nublado;Dupla;Curva;Não;3;0;3;0;0;0;3;1;-23,72290969;-46,89096614;SPRF-SP;DEL04-SP;UOP01-DEL04-SP
577250;26/01/2024;sexta-feira;18:10:00;RO;364;226,7;CACOAL;Acessar a via sem observar a presença dos outros veículos;Colisão transversal;Com Vítimas Feridas;Pleno dia;Crescente;Céu Claro;Simples;"Reta;Aclive";Não;3;0;2;1;0;0;3;2;-11,49861314;-61,37213945;SPRF-RO;DEL02-RO;UOP02-DEL02-RO
577252;26/01/2024;sexta-feira;19:15:00;SC;282;23;PALHOCA;Desrespeitar a preferência no cruzamento;Colisão transversal;Com Vítimas Feridas;Plena Noite;Crescente;Nublado;Simples;Interseção de Vias;Sim;2;0;0;1;1;0;1;2;-27,687958;-48,736794;SPRF-SC;DEL01-SC;UOP02-DEL01-SC
577253;26/01/2024;sexta-feira;19:00:00;PA;316;53;CASTANHAL;Ausência de reação do condutor;Colisão traseira;Com Vítimas Feridas;Plena Noite;Crescente;Céu Claro;Dupla;Reta;Não;2;0;1;0;1;0;1;2;-1,30643485;-48,01696002;SPRF-PA;DEL01-PA;UOP01-DEL01-PA
577254;26/01/2024;sexta-feira;18:30:00;MG;381;517;IGARAPE;Ausência de reação do condutor;Capotamento;Com Vítimas Feridas;Anoitecer;Decrescente;Chuva;Dupla;Reta;Não;1;0;1;0;0;0;1;1;-20,11382303;-44,30720801;SPRF-MG;DEL01-MG;UOP03-DEL01-MG
577255;06/01/2024;sábado;13:50:00;RJ;101;545;PARATY;Acessar a via sem observar a presença dos outros veículos;Colisão transversal;Com Vítimas Feridas;Pleno dia;Crescente;Sol;Simples;Reta;Sim;2;0;0;1;1;0;1;2;-23,0428643;-44,61880587;SPRF-RJ;DEL03-RJ;UOP04-DEL03-RJ
577256;26/01/2024;sexta-feira;18:45:00;SC;101;139;BALNEARIO CAMBORIU;Reação tardia ou ineficiente do condutor;Colisão com objeto;Com Vítimas Feridas;Plena Noite;Decrescente;Chuva;Dupla;Curva;Sim;1;0;1;0;0;0;1;1;-27,02873574;-48,6052376;SPRF-SC;DEL04-SC;UOP03-DEL04-SC
577257;26/01/2024;sexta-feira;17:20:00;PE;101;43;ABREU E LIMA;Ausência de reação do condutor;Colisão lateral mesmo sentido;Sem Vítimas;Plena Noite;Decrescente;Céu Claro;Múltipla;Reta;Sim;2;0;0;0;2;0;0;2;-7,84753808;-34,90977038;SPRF-PE;DEL01-PE;UOP02-DEL01-PE
577259;26/01/2024;sexta-feira;19:15:00;PR;376;99,7;PARANAVAI;Demais falhas mecânicas ou elétricas;Colisão com objeto;Sem Vítimas;Anoitecer;Crescente;Céu Claro;Simples;Reta;Não;2;0;0;0;2;0;0;2;-23,02707029;-52,48539824;SPRF-PR;DEL09-PR;UOP02-DEL09-PR
577260;26/01/2024;sexta-feira;18:20:00;RJ;465;14,5;SEROPEDICA;Acessar a via sem observar a presença dos outros veículos;Colisão frontal;Com Vítimas Feridas;Plena Noite;Crescente;Garoa/Chuvisco;Dupla;Reta;Sim;3;0;1;1;1;0;2;2;-22,804979;-43,638828;SPRF-RJ;DEL06-RJ;UOP02-DEL06-RJ
577262;26/01/2024;sexta-feira;19:45:00;PE;232;6;RECIFE;Trafegar com motocicleta (ou similar) entre as faixas;Colisão traseira;Com Vítimas Feridas;Plena Noite;Crescente;Garoa/Chuvisco;Múltipla;Reta;Não;3;0;2;0;1;0;2;2;-8,07079525;-34,9535389;SPRF-PE;DEL01-PE;UOP01-DEL01-PE
577263;26/01/2024;sexta-feira;19:40:00;RJ;393;255;BARRA DO PIRAI;Restrição de visibilidade em curvas horizontais;Atropelamento de Pedestre;Com Vítimas Feridas;Plena Noite;Crescente;Céu Claro;Simples;"Reta;Interseção de Vias";Sim;3;0;1;0;0;2;1;2;-22,45028541;-43,7987758;SPRF-RJ;DEL05-RJ;UOP04-DEL05-RJ
577264;26/01/2024;sexta-feira;18:55:00;ES;101;285;CARIACICA;Acessar a via sem observar a presença dos outros veículos;Colisão transversal;Com Vítimas Feridas;Plena Noite;Crescente;Nublado;Dupla;"Aclive;Reta;Retorno Regulamentado;Interseção de Vias";Não;2;0;1;0;1;0;1;2;-20,25148171;-40,37270066;SPRF-ES;DEL01-ES;UOP01-DEL01-ES
577267;26/01/2024;sexta-feira;12:30:00;RO;364;711;PORTO VELHO;Ausência de reação do condutor;Atropelamento de Pedestre;Com Vítimas Feridas;Pleno dia;Decrescente;Céu Claro;Dupla;Reta;Sim;1;0;0;1;0;0;1;1;-8,78153947;-63,86531369;SPRF-RO;DEL01-RO;UOP01-DEL01-RO
577268;26/01/2024;sexta-feira;19:28:00;MS;60;25;CHAPADAO DO SUL;Animais na Pista;Atropelamento de Animal;Com Vítimas Fatais;Plena Noite;Crescente;Céu Claro;Simples;Reta;Não;3;1;1;1;0;0;2;2;-18,88902203;-52,71499479;SPRF-MS;DEL08-MS;UOP01-DEL08-MS
577269;26/01/2024;sexta-feira;19:29:00;RN;101;100;PARNAMIRIM;Avarias e/ou desgaste excessivo no pneu;Queda de ocupante de veículo;Com Vítimas Feridas;Plena Noite;Crescente;Céu Claro;Múltipla;Reta;Sim;2;0;1;0;0;1;1;2;-5,88106901;-35,22542396;SPRF-RN;DEL01-RN;UOP01-DEL01-RN
577270;26/01/2024;sexta-feira;18:30:00;AL;423;104;DELMIRO GOUVEIA;Manobra de mudança de faixa;Colisão frontal;Com Vítimas Feridas;Plena Noite;Crescente;Nublado;Simples;Curva;Não;3;0;0;2;0;1;2;2;-9,40684276;-38,18998212;SPRF-BA;DEL07-BA;UOP01-DEL07-BA
577271;26/01/2024;sexta-feira;20:50:00;PE;424;86,3;GARANHUNS;Animais na Pista;Atropelamento de Animal;Com Vítimas Feridas;Plena Noite;Decrescente;Céu Claro;Simples;"Reta;Declive";Sim;2;0;2;0;0;0;2;1;-8,86552886;-36,50934159;SPRF-PE;DEL03-PE;UOP01-DEL03-PE
577273;26/01/2024;sexta-feira;20:25:00;DF;70;5;BRASILIA;Ingestão de álcool pelo condutor;Colisão traseira;Com Vítimas Feridas;Plena Noite;Crescente;Céu Claro;Simples;Reta;Sim;3;0;1;0;2;0;1;2;-15,794656;-48,096779;SPRF-DF;DEL03-DF;UOP02-DEL03-DF
577274;26/01/2024;sexta-feira;20:20:00;SC;101;191;BIGUACU;Acumulo de água sobre o pavimento;Saída de leito carroçável;Com Vítimas Feridas;Plena Noite;Crescente;Céu Claro;Dupla;Curva;Não;5;0;1;0;4;0;1;1;-27,47730273;-48,64127329;SPRF-SC;DEL01-SC;UOP01-DEL01-SC
577275;26/01/2024;sexta-feira;19:00:00;RJ;116;108;GUAPIMIRIM;Velocidade Incompatível;Tombamento;Com Vítimas Feridas;Plena Noite;Decrescente;Chuva;Dupla;"Aclive;Reta";Não;1;0;1;0;0;0;1;1;-22,535843;-42,99125;SPRF-RJ;DEL04-RJ;UOP01-DEL04-RJ
577276;26/01/2024;sexta-feira;20:15:00;SC;101;207;SAO JOSE;Reação tardia ou ineficiente do condutor;Saída de leito carroçável;Com Vítimas Feridas;Plena Noite;Decrescente;Garoa/Chuvisco;Dupla;"Reta;Declive";Sim;1;0;1;0;0;0;1;1;-27,600574;-48,622675;SPRF-SC;DEL01-SC;UOP01-DEL01-SC
577277;26/01/2024;sexta-feira;20:00:00;AL;101;173;TEOTONIO VILELA;Ausência de reação do condutor;Colisão frontal;Com Vítimas Feridas;Plena Noite;Decrescente;Céu Claro;Simples;Reta;Sim;2;0;1;0;1;0;1;2;-9,90706536;-36,35090419;SPRF-AL;DEL02-AL;UOP02-DEL02-AL
577278;26/01/2024;sexta-feira;19:10:00;RJ;101;571,8;PARATY;Acessar a via sem observar a presença dos outros veículos;Colisão transversal;Com Vítimas Feridas;Plena Noite;Decrescente;Nublado;Simples;Curva;Sim;4;0;0;2;2;0;2;2;-23,18579921;-44,72424085;SPRF-RJ;DEL03-RJ;UOP04-DEL03-RJ
577279;26/01/2024;sexta-feira;19:30:00;GO;60;37;GOIANIA;Reação tardia ou ineficiente do condutor;Colisão lateral mesmo sentido;Com Vítimas Feridas;Plena Noite;Decrescente;Céu Claro;Dupla;Rotatória;Sim;2;0;1;0;1;0;1;2;-16,6777;-49,2676;SPRF-GO;DEL01-GO;UOP02-DEL01-GO
577280;26/01/2024;sexta-feira;21:26:00;TO;153;99;WANDERLANDIA;Transitar na contramão;Colisão frontal;Sem Vítimas;Plena Noite;Crescente;Céu Claro;Simples;Reta;Não;2;0;0;0;1;1;0;2;-6,80497646;-48,0510798;SPRF-TO;DEL02-TO;UOP01-DEL02-TO
577281;26/01/2024;sexta-feira;20:30:00;RJ;40;121;DUQUE DE CAXIAS;Reação tardia ou ineficiente do condutor;Capotamento;Sem Vítimas;Plena Noite;Decrescente;Céu Claro;Múltipla;Reta;Sim;1;0;0;0;1;0;0;1;-22,78185499;-43,28571273;SPRF-RJ;DEL01-RJ;UOP02-DEL01-RJ
577282;26/01/2024;sexta-feira;21:20:00;PR;277;602;CASCAVEL;Condutor deixou de manter distância do veículo da frente;Colisão traseira;Com Vítimas Feridas;Plena Noite;Decrescente;Céu Claro;Dupla;Reta;Não;2;0;1;0;1;0;1;2;-25,00282;-53,523851;SPRF-PR;DEL04-PR;UOP01-DEL04-PR
577283;26/01/2024;sexta-feira;22:15:00;RJ;116;316;RESENDE;Demais falhas mecânicas ou elétricas;Colisão com objeto;Com Vítimas Feridas;Plena Noite;Crescente;Nublado;Dupla;Reta;Sim;1;0;1;0;0;0;1;1;-22,46560057;-44,49102813;SPRF-RJ;DEL07-RJ;UOP02-DEL07-RJ
577284;26/01/2024;sexta-feira;20:00:00;MG;116;307,7;ITAMBACURI;Transitar na contramão;Colisão frontal;Com Vítimas Feridas;Plena Noite;Crescente;Chuva;Simples;Curva;Não;6;0;1;1;4;0;2;2;-18,04670104;-41,66254208;SPRF-MG;DEL11-MG;UOP01-DEL11-MG
577289;26/01/2024;sexta-feira;21:03:00;MS;163;304,9;DOURADINA;Ingestão de álcool pelo condutor;Colisão lateral sentido oposto;Sem Vítimas;Plena Noite;Crescente;Céu Claro;Simples;Reta;Não;2;0;0;0;2;0;0;2;-21,94678716;-54,53348285;SPRF-MS;DEL02-MS;UOP02-DEL02-MS
577292;26/01/2024;sexta-feira;21:20:00;RS;101;50,5;TERRA DE AREIA;Ingestão de álcool pelo condutor;Saída de leito carroçável;Sem Vítimas;Plena Noite;Decrescente;Céu Claro;Dupla;Reta;Sim;1;0;0;0;1;0;0;1;-29,60955652;-50,08763921;SPRF-RS;DEL03-RS;UOP02-DEL03-RS
577293;26/01/2024;sexta-feira;22:45:00;PR;277;591;CASCAVEL;Ingestão de álcool pelo condutor;Queda de ocupante de veículo;Com Vítimas Feridas;Plena Noite;Crescente;Céu Claro;Simples;Reta;Sim;1;0;1;0;0;0;1;1;-24,98473242;-53,46501885;SPRF-PR;DEL04-PR;UOP01-DEL04-PR
577295;26/01/2024;sexta-feira;22:10:00;BA;101;350;WENCESLAU GUIMARAES;Transitar na contramão;Colisão lateral sentido oposto;Sem Vítimas;Plena Noite;Crescente;Garoa/Chuvisco;Simples;"Reta;Declive";Sim;3;0;0;0;3;0;0;2;-13,69218186;-39,48027092;SPRF-BA;DEL05-BA;UOP03-DEL05-BA
577296;26/01/2024;sexta-feira;23:35:00;MG;50;177,4;UBERABA;Reação tardia ou ineficiente do condutor;Colisão com objeto;Sem Vítimas;Plena Noite;Crescente;Nublado;Dupla;"Reta;Aclive";Sim;1;0;0;0;1;0;0;1;-19,77914852;-47,95047701;SPRF-MG;DEL13-MG;UOP01-DEL13-MG
577298;26/01/2024;sexta-feira;23:50:00;ES;101;68;SAO MATEUS;Ausência de reação do condutor;Colisão frontal;Com Vítimas Feridas;Plena Noite;Crescente;Chuva;Simples;"Aclive;Interseção de Vias";Sim;2;0;2;0;0;0;2;2;-18,726597;-39,85975;SPRF-ES;DEL04-ES;UOP02-DEL04-ES
577300;26/01/2024;sexta-feira;20:30:00;MT;70;516;CUIABA;Manobra de mudança de faixa;Colisão lateral sentido oposto;Com Vítimas Feridas;Plena Noite;Decrescente;Céu Claro;Simples;Reta;Sim;2;0;0;2;0;0;2;2;-15,65051022;-55,99823809;SPRF-MT;DEL01-MT;UOP02-DEL01-MT
577301;27/01/2024;sábado;00:00:00;ES;101;176;ARACRUZ;Transitar na contramão;Colisão frontal;Com Vítimas Feridas;Plena Noite;Crescente;Nublado;Simples;Reta;Sim;2;0;0;1;1;0;1;2;-19,59523801;-40,19835299;SPRF-ES;DEL04-ES;UOP01-DEL04-ES
577303;27/01/2024;sábado;00:30:00;SP;116;107;TAUBATE;Animais na Pista;Atropelamento de Animal;Com Vítimas Feridas;Plena Noite;Decrescente;Nublado;Dupla;Reta;Sim;1;0;0;1;0;0;1;1;-23,01791287;-45,53009409;SPRF-SP;DEL02-SP;UOP02-DEL02-SP
577304;26/01/2024;sexta-feira;23:50:00;MG;40;520;CONTAGEM;Ausência de reação do condutor;Capotamento;Com Vítimas Feridas;Plena Noite;Crescente;Céu Claro;Dupla;Reta;Não;1;0;0;1;0;0;1;1;-19,84761911;-44,07276144;SPRF-MG;DEL01-MG;UOP02-DEL01-MG
577305;27/01/2024;sábado;01:20:00;MG;146;442;CABO VERDE;Velocidade Incompatível;Saída de leito carroçável;Com Vítimas Feridas;Plena Noite;Decrescente;Céu Claro;Simples;Curva;Sim;1;0;0;1;0;0;1;1;-21,466259;-46,403891;SPRF-MG;DEL09-MG;UOP01-DEL09-MG
577306;27/01/2024;sábado;00:50:00;RS;392;67;PELOTAS;Desrespeitar a preferência no cruzamento;Colisão transversal;Sem Vítimas;Plena Noite;Crescente;Nublado;Simples;Rotatória;Não;2;0;0;0;2;0;0;2;-31,75709532;-52,39980728;SPRF-RS;DEL07-RS;UOP01-DEL07-RS
577309;26/01/2024;sexta-feira;19:30:00;RO;364;956;PORTO VELHO;Acumulo de água sobre o pavimento;Saída de leito carroçável;Com Vítimas Feridas;Plena Noite;Decrescente;Chuva;Simples;Reta;Não;1;0;1;0;0;0;1;1;-9,64631731;-65,60019099;SPRF-RO;DEL01-RO;UOP03-DEL01-RO
577310;26/01/2024;sexta-feira;20:30:00;MA;135;2,3;SAO LUIS;Manobra de mudança de faixa;Saída de leito carroçável;Com Vítimas Fatais;Plena Noite;Crescente;Céu Claro;Dupla;Reta;Sim;1;1;0;0;0;0;0;1;-2,59806699;-44,24573511;SPRF-MA;DEL01-MA;UOP01-DEL01-MA
577312;27/01/2024;sábado;03:20:00;ES;259;57,7;COLATINA;Condutor Dormindo;Colisão com objeto;Com Vítimas Feridas;Plena Noite;Crescente;Céu Claro;Simples;Reta;Não;1;0;0;1;0;0;1;1;-19,50865703;-40,65581416;SPRF-ES;DEL02-ES;UOP01-DEL02-ES
577313;27/01/2024;sábado;03:10:00;RS;116;67,6;CAMPESTRE DA SERRA;Reação tardia ou ineficiente do condutor;Capotamento;Com Vítimas Feridas;Plena Noite;Decrescente;Nublado;Simples;Curva;Não;1;0;1;0;0;0;1;1;-28,70037526;-51,0755682;SPRF-RS;DEL05-RS;UOP03-DEL05-RS
577314;27/01/2024;sábado;03:10:00;PR;277;664;MEDIANEIRA;Velocidade Incompatível;Colisão traseira;Sem Vítimas;Plena Noite;Crescente;Céu Claro;Dupla;Reta;Não;2;0;0;0;1;1;0;2;-25,25301037;-54,02857196;SPRF-PR;DEL05-PR;UOP02-DEL05-PR
577315;27/01/2024;sábado;03:30:00;MS;262;486,1;ANASTACIO;Ausência de reação do condutor;Colisão com objeto;Com Vítimas Feridas;Plena Noite;Crescente;Céu Claro;Simples;Reta;Não;2;0;1;0;1;0;1;1;-20,50015885;-55,77788898;SPRF-MS;DEL03-MS;UOP01-DEL03-MS
577316;27/01/2024;sábado;03:50:00;PR;277;672;MEDIANEIRA;Velocidade Incompatível;Colisão traseira;Com Vítimas Feridas;Plena Noite;Crescente;Céu Claro;Dupla;Reta;Sim;2;0;1;0;1;0;1;2;-25,28740438;-54,09701091;SPRF-PR;DEL05-PR;UOP02-DEL05-PR
577319;27/01/2024;sábado;04:36:00;TO;153;671;GURUPI;Chuva;Saída de leito carroçável;Sem Vítimas;Plena Noite;Decrescente;Chuva;Dupla;Reta;Sim;1;0;0;0;1;0;0;1;-11,72075725;-49,07713594;SPRF-TO;DEL01-TO;UOP02-DEL01-TO
577321;27/01/2024;sábado;04:20:00;RJ;101;521;ANGRA DOS REIS;Condutor Dormindo;Saída de leito carroçável;Com Vítimas Feridas;Plena Noite;Crescente;Nublado;Simples;Reta;Sim;1;0;0;1;0;0;1;1;-23,003503;-44,46175;SPRF-RJ;DEL03-RJ;UOP03-DEL03-RJ
577322;27/01/2024;sábado;05:30:00;RJ;116;144;DUQUE DE CAXIAS;Condutor Dormindo;Queda de ocupante de veículo;Com Vítimas Feridas;Amanhecer;Crescente;Nublado;Dupla;Interseção de Vias;Não;1;0;0;1;0;0;1;1;-22,65737709;-43,24724694;SPRF-RJ;DEL01-RJ;UOP02-DEL01-RJ
577323;26/01/2024;sexta-feira;23:30:00;RJ;40;107,9;DUQUE DE CAXIAS;Condutor deixou de manter distância do veículo da frente;Colisão lateral mesmo sentido;Com Vítimas Feridas;Plena Noite;Crescente;Céu Claro;Múltipla;Reta;Sim;4;0;0;1;1;2;1;3;-22,65581497;-43,28378546;SPRF-RJ;DEL01-RJ;UOP02-DEL01-RJ
577324;26/01/2024;sexta-feira;22:30:00;SC;280;25,3;ARAQUARI;Acesso irregular;Colisão frontal;Com Vítimas Feridas;Plena Noite;Crescente;Garoa/Chuvisco;Simples;Interseção de Vias;Não;2;0;1;0;1;0;1;2;-26,38352781;-48,72677516;SPRF-SC;DEL03-SC;UOP03-DEL03-SC
577325;26/01/2024;sexta-feira;17:40:00;GO;60;93;ANAPOLIS;Reação tardia ou ineficiente do condutor;Tombamento;Com Vítimas Feridas;Pleno dia;Decrescente;Céu Claro;Dupla;"Reta;Declive";Sim;1;0;1;0;0;0;1;1;-16,3538;-48,9268;SPRF-GO;DEL02-GO;UOP01-DEL02-GO
577326;27/01/2024;sábado;05:40:00;MG;116;410,4;GOVERNADOR VALADARES;Ausência de reação do condutor;Colisão com objeto;Com Vítimas Feridas;Pleno dia;Crescente;Nublado;Dupla;"Aclive;Reta";Sim;1;0;1;0;0;0;1;1;-18,855625;-41,975623;SPRF-MG;DEL06-MG;UOP01-DEL06-MG
577327;27/01/2024;sábado;06:50:00;SP;116;210;GUARULHOS;Trafegar com motocicleta (ou similar) entre as faixas;Colisão lateral mesmo sentido;Com Vítimas Feridas;Pleno dia;Crescente;Céu Claro;Múltipla;Reta;Sim;2;0;1;0;0;1;1;2;-23,42870023;-46,41085991;SPRF-SP;DEL01-SP;UOP01-DEL01-SP
577328;27/01/2024;sábado;07:00:00;SP;116;207;GUARULHOS;Manobra de mudança de faixa;Colisão lateral mesmo sentido;Com Vítimas Feridas;Pleno dia;Crescente;Nublado;Dupla;Reta;Sim;3;0;2;0;1;0;2;2;-23,41722629;-46,37510292;SPRF-SP;DEL01-SP;UOP01-DEL01-SP
577329;27/01/2024;sábado;06:20:00;MG;40;522;CONTAGEM;Reação tardia ou ineficiente do condutor;Saída de leito carroçável;Com Vítimas Feridas;Amanhecer;Decrescente;Chuva;Dupla;Reta;Não;1;0;1;0;0;0;1;1;-19,8638731;-44,06749809;SPRF-MG;DEL01-MG;UOP02-DEL01-MG
577330;27/01/2024;sábado;01:46:00;SC;116;7,5;MAFRA;Ausência de reação do condutor;Saída de leito carroçável;Com Vítimas Feridas;Plena Noite;Decrescente;Céu Claro;Simples;Reta;Não;1;0;1;0;0;0;1;1;-26,15196176;-49,83102416;SPRF-SC;DEL06-SC;UOP01-DEL06-SC
577331;27/01/2024;sábado;07:10:00;RS;290;240;RIO PARDO;Transitar na contramão;Colisão lateral sentido oposto;Sem Vítimas;Pleno dia;Crescente;Céu Claro;Simples;Aclive;Não;7;0;0;0;7;0;0;2;-30,2216155;-52,63366342;SPRF-RS;DEL02-RS;UOP03-DEL02-RS
577332;27/01/2024;sábado;03:00:00;SC;470;176,6;POUSO REDONDO;Ausência de reação do condutor;Saída de leito carroçável;Com Vítimas Feridas;Plena Noite;Crescente;Nevoeiro/Neblina;Simples;"Declive;Reta";Sim;2;0;2;0;0;0;2;1;-27,25213067;-49,95578885;SPRF-SC;DEL04-SC;UOP02-DEL04-SC
577333;27/01/2024;sábado;03:00:00;TO;153;471;MIRACEMA DO TOCANTINS;Condutor Dormindo;Colisão frontal;Sem Vítimas;Plena Noite;Crescente;Nublado;Simples;Declive;Não;2;0;0;0;2;0;0;2;-10,011625;-48,770067;SPRF-TO;DEL01-TO;UOP01-DEL01-TO
577334;27/01/2024;sábado;07:45:00;MG;459;87,3;CONGONHAL;Acesso irregular;Colisão transversal;Com Vítimas Feridas;Pleno dia;Crescente;Céu Claro;Simples;Reta;Sim;3;0;0;1;2;0;1;2;-22,150578;-46,043282;SPRF-MG;DEL09-MG;UOP01-DEL09-MG
577335;27/01/2024;sábado;07:35:00;MG;381;494;BETIM;Velocidade Incompatível;Colisão com objeto;Com Vítimas Feridas;Pleno dia;Crescente;Nublado;Dupla;"Curva;Declive";Sim;1;0;1;0;0;0;1;1;-19,985563;-44,20318;SPRF-MG;DEL01-MG;UOP03-DEL01-MG
577336;23/01/2024;terça-feira;12:00:00;RS;116;523;PELOTAS;Curva acentuada;Tombamento;Com Vítimas Feridas;Pleno dia;Decrescente;Nublado;Simples;Curva;Não;2;0;2;0;0;0;2;1;-31,72136584;-52,38140629;SPRF-RS;DEL07-RS;UOP01-DEL07-RS
577337;27/01/2024;sábado;08:25:00;SP;116;141,7;SAO JOSE DOS CAMPOS;Condutor deixou de manter distância do veículo da frente;Colisão traseira;Com Vítimas Feridas;Pleno dia;Decrescente;Céu Claro;Dupla;Reta;Sim;3;0;1;1;0;1;2;2;-23,17004717;-45,82091491;SPRF-SP;DEL02-SP;UOP01-DEL02-SP
577338;27/01/2024;sábado;07:15:00;SP;381;2;VARGEM;Transitar no Acostamento;Colisão lateral mesmo sentido;Com Vítimas Feridas;Pleno dia;Crescente;Sol;Dupla;Curva;Não;3;0;2;0;1;0;2;2;-22,88187369;-46,39059388;SPRF-SP;DEL03-SP;UOP02-DEL03-SP
577343;27/01/2024;sábado;09:00:00;RS;290;76;GRAVATAI;Avarias e/ou desgaste excessivo no pneu;Queda de ocupante de veículo;Com Vítimas Feridas;Pleno dia;Decrescente;Céu Claro;Dupla;Reta;Não;2;0;2;0;0;0;2;1;-29,956612;-51,017124;SPRF-RS;DEL01-RS;UOP01-DEL01-RS
577344;27/01/2024;sábado;09:15:00;SP;116;226,1;GUARULHOS;Avarias e/ou desgaste excessivo no pneu;Tombamento;Com Vítimas Feridas;Pleno dia;Decrescente;Nublado;Múltipla;"Reta;Aclive";Sim;2;0;2;0;0;0;2;1;-23,49102507;-46,54878195;SPRF-SP;DEL01-SP;UOP01-DEL01-SP
577345;27/01/2024;sábado;07:40:00;PB;361;1;PATOS;Reação tardia ou ineficiente do condutor;Colisão traseira;Com Vítimas Feridas;Pleno dia;Crescente;Céu Claro;Simples;Reta;Sim;2;0;1;0;1;0;1;2;-7,02239904;-37,26888498;SPRF-PB;DEL03-PB;UOP01-DEL03-PB
577347;27/01/2024;sábado;09:25:00;RN;101;99,8;NATAL;Trafegar com motocicleta (ou similar) entre as faixas;Colisão lateral mesmo sentido;Com Vítimas Feridas;Pleno dia;Crescente;Céu Claro;Múltipla;Viaduto;Sim;3;0;2;0;1;0;2;2;-5,87359183;-35,22063023;SPRF-RN;DEL01-RN;UOP01-DEL01-RN
577348;27/01/2024;sábado;09:40:00;CE;116;3;FORTALEZA;Acumulo de óleo sobre o pavimento;Queda de ocupante de veículo;Com Vítimas Feridas;Pleno dia;Crescente;Céu Claro;Múltipla;"Viaduto;Curva;Retorno Regulamentado";Sim;1;0;1;0;0;0;1;1;-3,77866493;-38,51490171;SPRF-CE;DEL01-CE;UOP02-DEL01-CE
577349;27/01/2024;sábado;09:50:00;ES;101;262,4;SERRA;Demais falhas mecânicas ou elétricas;Incêndio;Sem Vítimas;Pleno dia;Decrescente;Céu Claro;Dupla;Reta;Sim;1;0;0;0;1;0;0;1;-20,1572331;-40,27678329;SPRF-ES;DEL02-ES;UOP01-DEL02-ES
577350;27/01/2024;sábado;09:40:00;GO;40;2;VALPARAISO DE GOIAS;Condutor deixou de manter distância do veículo da frente;Colisão traseira;Com Vítimas Feridas;Pleno dia;Crescente;Céu Claro;Dupla;Reta;Sim;2;0;1;0;1;0;1;2;-16,067129;-47,984235;SPRF-DF;DEL01-DF;UOP01-DEL01-DF
577351;27/01/2024;sábado;07:45:00;GO;40;11;LUZIANIA;Ausência de reação do condutor;Queda de ocupante de veículo;Com Vítimas Feridas;Pleno dia;Decrescente;Nublado;Dupla;Reta;Sim;1;0;1;0;0;0;1;1;-16,138336;-47,951644;SPRF-DF;DEL01-DF;UOP01-DEL01-DF
577353;27/01/2024;sábado;09:20:00;PR;277;128;BALSA NOVA;Afundamento ou ondulação no pavimento;Tombamento;Com Vítimas Feridas;Pleno dia;Crescente;Nublado;Dupla;Curva;Não;2;0;1;0;1;0;1;1;-25,44935868;-49,6161139;SPRF-PR;DEL03-PR;UOP03-DEL03-PR
577354;27/01/2024;sábado;08:45:00;RN;427;92;CAICO;Avarias e/ou desgaste excessivo no pneu;Queda de ocupante de veículo;Com Vítimas Feridas;Pleno dia;Crescente;Céu Claro;Simples;Curva;Não;2;0;2;0;0;0;2;1;-6,48413207;-37,04516103;SPRF-RN;DEL03-RN;UOP01-DEL03-RN
577355;27/01/2024;sábado;10:00:00;MG;381;685;RIBEIRAO VERMELHO;Manobra de mudança de faixa;Colisão transversal;Com Vítimas Feridas;Pleno dia;Decrescente;Chuva;Dupla;Reta;Não;2;0;1;0;1;0;1;1;-21,19177791;-45,11670723;SPRF-MG;DEL04-MG;UOP02-DEL04-MG
577356;27/01/2024;sábado;09:00:00;MG;381;456;BELO HORIZONTE;Conversão proibida;Colisão transversal;Com Vítimas Feridas;Pleno dia;Decrescente;Nublado;Simples;Reta;Não;2;0;1;1;0;0;2;2;-19,85862954;-43,91292495;SPRF-MG;DEL01-MG;UOP01-DEL01-MG