id;data_inversa;dia_semana;horario;uf;br;km;municipio;causa_acidente;tipo_acidente;classificacao_acidente;fase_dia;sentido_via;condicao_metereologica;tipo_pista;tracado_via;uso_solo;pessoas;mortos;feridos_leves;feridos_graves;ilesos;ignorados;feridos;veiculos;latitude;longitude;regional;delegacia;uop
578404;01/02/2024;quinta-feira;17:33:00;ES;101;295,9;CARIACICA;Acessar a via sem observar a presença dos outros veículos;Colisão transversal;Com Vítimas Feridas;Pleno dia;Crescente;Céu Claro;Simples;Reta;Sim;3;0;2;0;1;0;2;2;-20,34152857;-40,40561199;SPRF-ES;DEL01-ES;UOP01-DEL01-ES
578405;01/02/2024;quinta-feira;17:00:00;BA;101;187;CONCEICAO DA FEIRA;Demais falhas mecânicas ou elétricas;Incêndio;Sem Vítimas;Pleno dia;Decrescente;Céu Claro;Simples;"Reta;Aclive;Em Obras";Não;1;0;0;0;1;0;0;1;-12,56988374;-38,97579924;SPRF-BA;DEL01-BA;UOP03-DEL01-BA
578406;01/02/2024;quinta-feira;08:21:00;PE;104;29,9;TORITAMA;Acessar a via sem observar a presença dos outros veículos;Colisão transversal;Com Vítimas Feridas;Pleno dia;Decrescente;Sol;Simples;"Em Obras;Reta";Sim;3;0;0;1;2;0;1;2;-8,0078;-36,0621;SPRF-PE;DEL02-PE;UOP01-DEL02-PE
578408;01/02/2024;quinta-feira;17:30:00;RS;287;257;SANTA MARIA;Demais falhas mecânicas ou elétricas;Tombamento;Com Vítimas Feridas;Pleno dia;Crescente;Céu Claro;Simples;Reta;Não;2;0;2;0;0;0;2;1;-29,68138871;-53,94121388;SPRF-RS;DEL09-RS;UOP01-DEL09-RS
578409;01/02/2024;quinta-feira;17:00:00;PE;101;104;CABO DE SANTO AGOSTINHO;Curva acentuada;Colisão com objeto;Sem Vítimas;Pleno dia;Decrescente;Garoa/Chuvisco;Dupla;Curva;Não;1;0;0;0;0;1;0;1;-8,29739778;-35,06293971;SPRF-PE;DEL01-PE;UOP03-DEL01-PE
578410;01/02/2024;quinta-feira;18:15:00;GO;40;3;VALPARAISO DE GOIAS;Acesso irregular;Colisão transversal;Com Vítimas Feridas;Pleno dia;Crescente;Nublado;Dupla;Reta;Sim;2;0;1;0;1;0;1;2;-16,076081;-47,985671;SPRF-DF;DEL01-DF;UOP01-DEL01-DF
578411;01/02/2024;quinta-feira;17:50:00;SC;101;208;SAO JOSE;Manobra de mudança de faixa;Colisão lateral mesmo sentido;Com Vítimas Feridas;Pleno dia;Decrescente;Céu Claro;Múltipla;Reta;Sim;4;0;1;0;3;0;1;4;-27,60327979;-48,63201818;SPRF-SC;DEL01-SC;UOP01-DEL01-SC
578413;01/02/2024;quinta-feira;17:25:00;SP;116;99,5;PINDAMONHANGABA;Velocidade Incompatível;Saída de leito carroçável;Com Vítimas Feridas;Pleno dia;Decrescente;Céu Claro;Dupla;Curva;Não;1;0;0;1;0;0;1;1;-22,98416709;-45,4675299;SPRF-SP;DEL08-SP;UOP01-DEL08-SP
578414;01/02/2024;quinta-feira;17:55:00;PE;428;187,5;PETROLINA;Ausência de reação do condutor;Colisão traseira;Sem Vítimas;Anoitecer;Crescente;Céu Claro;Dupla;Reta;Não;2;0;0;0;2;0;0;2;-9,37149;-40,48665;SPRF-PE;DEL06-PE;UOP01-DEL06-PE
578415;01/02/2024;quinta-feira;18:10:00;ES;101;266,7;SERRA;Acessar a via sem observar a presença dos outros veículos;Colisão transversal;Com Vítimas Feridas;Anoitecer;Decrescente;Céu Claro;Múltipla;Reta;Sim;3;0;2;0;1;0;2;2;-20,1966221;-40,2687183;SPRF-ES;DEL02-ES;UOP01-DEL02-ES
578416;31/01/2024;quarta-feira;11:30:00;SP;101;47,9;UBATUBA;Pedestre cruzava a pista fora da faixa;Atropelamento de Pedestre;Com Vítimas Feridas;Pleno dia;Crescente;Céu Claro;Simples;Curva;Sim;2;0;1;0;1;0;1;2;-23,429897;-45,082436;SPRF-SP;DEL06-SP;UOP01-DEL06-SP
578418;01/02/2024;quinta-feira;18:40:00;DF;60;0,6;BRASILIA;Reação tardia ou ineficiente do condutor;Colisão lateral mesmo sentido;Com Vítimas Feridas;Anoitecer;Crescente;Chuva;Dupla;Reta;Sim;2;0;1;0;1;0;1;2;-15,883678;-48,066003;SPRF-DF;DEL03-DF;UOP01-DEL03-DF
578421;01/02/2024;quinta-feira;15:56:00;SP;381;86,3;SAO PAULO;Manobra de mudança de faixa;Colisão lateral mesmo sentido;Com Vítimas Feridas;Pleno dia;Decrescente;Céu Claro;Múltipla;Curva;Sim;2;0;0;1;1;0;1;2;-23,466594;-46,571284;SPRF-SP;DEL03-SP;UOP01-DEL03-SP
578422;01/02/2024;quinta-feira;17:50:00;SP;116;154,2;SAO JOSE DOS CAMPOS;Reação tardia ou ineficiente do condutor;Colisão traseira;Com Vítimas Feridas;Anoitecer;Crescente;Nublado;Dupla;Reta;Sim;2;0;1;0;1;0;1;2;-23,24524337;-45,92772774;SPRF-SP;DEL02-SP;UOP01-DEL02-SP
578423;01/02/2024;quinta-feira;18:00:00;PE;424;88,4;GARANHUNS;Animais na Pista;Colisão lateral mesmo sentido;Com Vítimas Feridas;Plena Noite;Crescente;Céu Claro;Simples;Reta;Não;2;0;0;1;1;0;1;2;-8,88289772;-36,50848532;SPRF-PE;DEL03-PE;UOP01-DEL03-PE
578424;01/02/2024;quinta-feira;17:30:00;PE;232;196,6;SANHARO;Reação tardia ou ineficiente do condutor;Colisão traseira;Com Vítimas Feridas;Anoitecer;Crescente;Nublado;Simples;Reta;Não;3;0;1;1;1;0;2;2;-8,36842483;-36,57130201;SPRF-PE;DEL03-PE;UOP02-DEL03-PE
578426;01/02/2024;quinta-feira;16:38:00;PR;116;11;CAMPINA GRANDE DO SUL;Ausência de reação do condutor;Queda de ocupante de veículo;Com Vítimas Feridas;Pleno dia;Decrescente;Céu Claro;Dupla;Reta;Sim;1;0;1;0;0;0;1;1;-25,09123278;-48,6477702;SPRF-PR;DEL01-PR;UOP02-DEL01-PR
578427;01/02/2024;quinta-feira;19:25:00;DF;60;14;BRASILIA;Pedestre - Ingestão de álcool/ substâncias psicoativas;Atropelamento de Pedestre;Com Vítimas Feridas;Plena Noite;Crescente;Céu Claro;Dupla;Reta;Não;2;0;1;0;1;0;1;2;-15,935141;-48,169449;SPRF-DF;DEL03-DF;UOP01-DEL03-DF
578428;01/02/2024;quinta-feira;18:50:00;MG;356;268,2;MURIAE;Conversão proibida;Colisão transversal;Com Vítimas Feridas;Plena Noite;Crescente;Chuva;Simples;Curva;Sim;2;0;1;0;1;0;1;2;-21,12690881;-42,34244401;SPRF-MG;DEL07-MG;UOP02-DEL07-MG
578430;20/01/2024;sábado;18:50:00;PB;230;22;JOAO PESSOA;Condutor deixou de manter distância do veículo da frente;Colisão traseira;Com Vítimas Feridas;Plena Noite;Decrescente;Céu Claro;Dupla;Reta;Sim;2;0;1;0;1;0;1;2;-7,1495;-34,8517;SPRF-PB;DEL01-PB;UOP01-DEL01-PB
578431;01/02/2024;quinta-feira;19:40:00;PE;101;50;ABREU E LIMA;Manobra de mudança de faixa;Colisão transversal;Com Vítimas Feridas;Plena Noite;Decrescente;Vento;Dupla;Reta;Sim;2;0;0;1;1;0;1;2;-7,90938602;-34,90123228;SPRF-PE;DEL01-PE;UOP02-DEL01-PE
578433;01/02/2024;quinta-feira;18:45:00;CE;116;43;HORIZONTE;Demais falhas mecânicas ou elétricas;Capotamento;Com Vítimas Feridas;Plena Noite;Decrescente;Céu Claro;Dupla;Reta;Sim;1;0;1;0;0;0;1;1;-4,11528518;-38,48917049;SPRF-CE;DEL01-CE;UOP02-DEL01-CE
578435;01/02/2024;quinta-feira;19:40:00;RS;116;240;NOVO HAMBURGO;Ingestão de álcool pelo condutor;Colisão traseira;Sem Vítimas;Anoitecer;Decrescente;Céu Claro;Dupla;Reta;Não;2;0;0;0;2;0;0;2;-29,70115483;-51,14603609;SPRF-RS;DEL01-RS;UOP02-DEL01-RS
578436;01/02/2024;quinta-feira;19:38:00;PE;101;85;JABOATAO DOS GUARARAPES;Transitar no Acostamento;Queda de ocupante de veículo;Com Vítimas Feridas;Plena Noite;Decrescente;Céu Claro;Dupla;Reta;Sim;1;0;1;0;0;0;1;1;-8,183608;-34,965242;SPRF-PE;DEL01-PE;UOP01-DEL01-PE
578437;01/02/2024;quinta-feira;12:00:00;RJ;101;331;RIO DE JANEIRO;Avarias e/ou desgaste excessivo no pneu;Queda de ocupante de veículo;Com Vítimas Feridas;Pleno dia;Crescente;Céu Claro;Dupla;Reta;Sim;2;0;1;1;0;0;2;1;-22,867662;-43,195337;SPRF-RJ;DEL02-RJ;UOP01-DEL02-RJ
578440;01/02/2024;quinta-feira;20:00:00;MG;40;554,5;NOVA LIMA;Avarias e/ou desgaste excessivo no pneu;Queda de ocupante de veículo;Com Vítimas Feridas;Plena Noite;Decrescente;Nublado;Dupla;Reta;Não;2;0;2;0;0;0;2;1;-20,08189061;-43,97964478;SPRF-MG;DEL01-MG;UOP02-DEL01-MG
578441;01/02/2024;quinta-feira;19:30:00;RJ;101;570;PARATY;Chuva;Colisão frontal;Com Vítimas Feridas;Plena Noite;Decrescente;Chuva;Simples;Curva;Não;3;0;1;0;1;1;1;2;-23,18216501;-44,71777595;SPRF-RJ;DEL03-RJ;UOP04-DEL03-RJ
578443;01/02/2024;quinta-feira;20:25:00;RS;290;690;URUGUAIANA;Reação tardia ou ineficiente do condutor;Saída de leito carroçável;Com Vítimas Feridas;Plena Noite;Crescente;Céu Claro;Simples;Reta;Não;3;0;2;0;1;0;2;1;-29,87693;-56,7924;SPRF-RS;DEL13-RS;UOP01-DEL13-RS
578444;01/02/2024;quinta-feira;20:50:00;RN;110;48;MOSSORO;Acessar a via sem observar a presença dos outros veículos;Colisão transversal;Com Vítimas Feridas;Plena Noite;Crescente;Céu Claro;Simples;Reta;Sim;3;0;3;0;0;0;3;2;-5,20881178;-37,33285083;SPRF-RN;DEL04-RN;UOP01-DEL04-RN
578445;01/02/2024;quinta-feira;17:35:00;MT;364;286,9;JACIARA;Animais na Pista;Atropelamento de Animal;Sem Vítimas;Pleno dia;Decrescente;Céu Claro;Dupla;Reta;Não;2;0;0;0;0;2;0;1;-15,90151807;-55,056197;SPRF-MT;DEL05-MT;UOP02-DEL05-MT
578446;01/02/2024;quinta-feira;16:30:00;SC;116;139;SANTA CECILIA;Acessar a via sem observar a presença dos outros veículos;Colisão transversal;Com Vítimas Feridas;Pleno dia;Crescente;Sol;Simples;Reta;Não;2;0;1;0;1;0;1;2;-26,96007677;-50,41626976;SPRF-SC;DEL06-SC;UOP02-DEL06-SC
578450;01/02/2024;quinta-feira;21:00:00;SP;116;156;SAO JOSE DOS CAMPOS;Ausência de reação do condutor;Saída de leito carroçável;Com Vítimas Feridas;Plena Noite;Crescente;Céu Claro;Dupla;Declive;Não;1;0;1;0;0;0;1;1;-23,25044084;-45,93572909;SPRF-SP;DEL02-SP;UOP01-DEL02-SP
578451;01/02/2024;quinta-feira;20:40:00;GO;70;3;AGUAS LINDAS DE GOIAS;Ausência de reação do condutor;Colisão traseira;Com Vítimas Feridas;Plena Noite;Crescente;Nublado;Dupla;Aclive;Sim;3;0;1;0;2;0;1;3;-15,761523;-48,237755;SPRF-DF;DEL03-DF;UOP02-DEL03-DF
578452;01/02/2024;quinta-feira;21:45:00;MT;70;1,6;BARRA DO GARCAS;Conversão proibida;Colisão transversal;Com Vítimas Feridas;Plena Noite;Crescente;Chuva;Dupla;"Aclive;Reta";Sim;2;0;1;0;1;0;1;2;-15,88749699;-52,26810568;SPRF-MT;DEL07-MT;UOP01-DEL07-MT
578453;01/02/2024;quinta-feira;19:55:00;GO;60;14,4;SANTO ANTONIO DO DESCOBERTO;Animais na Pista;Atropelamento de Animal;Com Vítimas Feridas;Pleno dia;Crescente;Nublado;Dupla;"Curva;Aclive";Não;2;0;1;0;1;0;1;1;-16,110269;-48,35578;SPRF-DF;DEL03-DF;UOP01-DEL03-DF
578454;01/02/2024;quinta-feira;22:45:00;TO;153;570;SANTA RITA DO TOCANTINS;Pedestre andava na pista;Atropelamento de Pedestre;Com Vítimas Feridas;Plena Noite;Crescente;Nublado;Simples;Reta;Não;2;0;0;1;0;1;1;2;-10,82855598;-48,90383333;SPRF-TO;DEL01-TO;UOP01-DEL01-TO
578455;01/02/2024;quinta-feira;22:35:00;BA;101;715,4;EUNAPOLIS;Transitar na contramão;Colisão frontal;Com Vítimas Feridas;Plena Noite;Crescente;Céu Claro;Simples;Reta;Sim;6;0;4;1;0;1;5;2;-16,357628;-39,579387;SPRF-BA;DEL09-BA;UOP01-DEL09-BA
578456;01/02/2024;quinta-feira;19:20:00;ES;101;398;ITAPEMIRIM;Demais Fenômenos da natureza;Colisão com objeto;Com Vítimas Feridas;Plena Noite;Decrescente;Chuva;Simples;Reta;Não;1;0;1;0;0;0;1;1;-20,87530245;-40,95792915;SPRF-ES;DEL03-ES;UOP02-DEL03-ES
578457;01/02/2024;quinta-feira;18:30:00;MG;381;510;SAO JOAQUIM DE BICAS;Condutor deixou de manter distância do veículo da frente;Engavetamento;Com Vítimas Feridas;Anoitecer;Crescente;Céu Claro;Múltipla;Reta;Sim;3;0;1;0;0;2;1;3;-20,05883377;-44,29069519;SPRF-MG;DEL01-MG;UOP03-DEL01-MG
578458;01/02/2024;quinta-feira;19:20:00;RS;470;227;GARIBALDI;Ausência de reação do condutor;Saída de leito carroçável;Com Vítimas Feridas;Pleno dia;Decrescente;Céu Claro;Dupla;Reta;Sim;1;0;1;0;0;0;1;1;-29,21657705;-51,51722624;SPRF-RS;DEL06-RS;UOP01-DEL06-RS
578460;01/02/2024;quinta-feira;22:30:00;SC;101;414,9;ARARANGUA;Avarias e/ou desgaste excessivo no pneu;Colisão com objeto;Com Vítimas Feridas;Plena Noite;Decrescente;Céu Claro;Dupla;Curva;Sim;1;0;1;0;0;0;1;1;-28,95360392;-49,50985011;SPRF-SC;DEL02-SC;UOP02-DEL02-SC
578462;01/02/2024;quinta-feira;19:00:00;PA;230;93,9;SAO JOAO DO ARAGUAIA;Acessar a via sem observar a presença dos outros veículos;Colisão transversal;Com Vítimas Feridas;Plena Noite;Decrescente;Nublado;Simples;"Reta;Aclive";Não;2;0;0;1;0;1;1;2;-5,44787864;-48,90256682;SPRF-PA;DEL03-PA;UOP01-DEL03-PA
578463;01/02/2024;quinta-feira;23:30:00;GO;153;505,6;APARECIDA DE GOIANIA;Ausência de reação do condutor;Saída de leito carroçável;Com Vítimas Feridas;Plena Noite;Decrescente;Céu Claro;Simples;Reta;Sim;1;0;1;0;0;0;1;1;-16,7537;-49,2411;SPRF-GO;DEL01-GO;UOP01-DEL01-GO
578465;02/02/2024;sexta-feira;00:10:00;SC;101;213,7;PALHOCA;Desrespeitar a preferência no cruzamento;Colisão transversal;Com Vítimas Feridas;Plena Noite;Decrescente;Céu Claro;Múltipla;"Reta;Interseção de Vias";Sim;2;0;1;0;0;1;1;2;-27,63697369;-48,66514142;SPRF-SC;DEL01-SC;UOP02-DEL01-SC
578466;01/02/2024;quinta-feira;17:30:00;SP;116;210;GUARULHOS;Frear bruscamente;Tombamento;Com Vítimas Feridas;Pleno dia;Crescente;Garoa/Chuvisco;Múltipla;Reta;Sim;2;0;1;0;1;0;1;2;-23,42870023;-46,41085991;SPRF-SP;DEL01-SP;UOP01-DEL01-SP
578467;02/02/2024;sexta-feira;00:45:00;SP;116;275,4;TABOAO DA SERRA;Entrada inopinada do pedestre;Tombamento;Com Vítimas Feridas;Plena Noite;Decrescente;Nublado;Dupla;Reta;Sim;2;0;2;0;0;0;2;1;-23,63638826;-46,83251584;SPRF-SP;DEL04-SP;UOP01-DEL04-SP
578468;02/02/2024;sexta-feira;01:15:00;RJ;116;185;NOVA IGUACU;Ausência de reação do condutor;Tombamento;Com Vítimas Feridas;Plena Noite;Decrescente;Nublado;Múltipla;Reta;Não;1;0;1;0;0;0;1;1;-22,74151051;-43,45351823;SPRF-RJ;DEL06-RJ;UOP01-DEL06-RJ
578472;02/02/2024;sexta-feira;03:25:00;SC;470;52,7;BLUMENAU;Chuva;Tombamento;Com Vítimas Feridas;Plena Noite;Crescente;Chuva;Dupla;"Interseção de Vias;Em Obras";Não;1;0;1;0;0;0;1;1;-26,86524343;-49,0996711;SPRF-SC;DEL04-SC;UOP01-DEL04-SC
578473;02/02/2024;sexta-feira;03:00:00;PR;277;727;FOZ DO IGUACU;Pedestre andava na pista;Atropelamento de Pedestre;Com Vítimas Fatais;Plena Noite;Crescente;Céu Claro;Dupla;Reta;Sim;2;1;0;0;0;1;0;2;-25,51017487;-54,56454899;SPRF-PR;DEL05-PR;UOP03-DEL05-PR
578475;02/02/2024;sexta-feira;02:00:00;AL;316;258;PILAR;Ingestão de álcool pelo condutor;Saída de leito carroçável;Com Vítimas Feridas;Plena Noite;Crescente;Vento;Simples;Rotatória;Não;1;0;1;0;0;0;1;1;-9,59138313;-35,923087;SPRF-AL;DEL02-AL;UOP01-DEL02-AL
578477;02/02/2024;sexta-feira;03:50:00;BA;324;606;SIMOES FILHO;Ausência de reação do condutor;Colisão com objeto;Com Vítimas Feridas;Pleno dia;Decrescente;Céu Claro;Dupla;Reta;Sim;1;0;1;0;0;0;1;1;-12,79340512;-38,40485325;SPRF-BA;DEL01-BA;UOP01-DEL01-BA
578478;02/02/2024;sexta-feira;04:00:00;PI;343;0,9;TERESINA;Ingestão de álcool pelo condutor;Saída de leito carroçável;Sem Vítimas;Plena Noite;Decrescente;Céu Claro;Dupla;Reta;Sim;1;0;0;0;1;0;0;1;-5,089569;-42,802288;SPRF-PI;DEL01-PI;UOP01-DEL01-PI
578479;02/02/2024;sexta-feira;04:00:00;BA;324;587;CANDEIAS;Condutor Dormindo;Saída de leito carroçável;Com Vítimas Feridas;Amanhecer;Decrescente;Nublado;Dupla;Reta;Não;6;0;4;2;0;0;6;1;-12,64715411;-38,47504041;SPRF-BA;DEL01-BA;UOP01-DEL01-BA
578480;02/02/2024;sexta-feira;05:21:00;RN;101;163;CANGUARETAMA;Manobra de mudança de faixa;Colisão lateral mesmo sentido;Com Vítimas Feridas;Pleno dia;Crescente;Céu Claro;Dupla;Reta;Não;2;0;1;0;1;0;1;2;-6,393516;-35,13976;SPRF-RN;DEL01-RN;UOP01-DEL01-RN
578481;02/02/2024;sexta-feira;06:10:00;GO;60;171;GOIANIA;Condutor deixou de manter distância do veículo da frente;Colisão traseira;Com Vítimas Feridas;Pleno dia;Crescente;Céu Claro;Dupla;Reta;Sim;2;0;1;0;1;0;1;2;-16,7333;-49,3996;SPRF-GO;DEL01-GO;UOP02-DEL01-GO
578482;01/02/2024;quinta-feira;17:25:00;RN;101;107,9;PARNAMIRIM;Manobra de mudança de faixa;Colisão lateral mesmo sentido;Com Vítimas Feridas;Anoitecer;Decrescente;Céu Claro;Dupla;Reta;Sim;2;0;0;1;1;0;1;2;-5,91920796;-35,26412409;SPRF-RN;DEL01-RN;UOP01-DEL01-RN
578485;02/02/2024;sexta-feira;05:40:00;GO;60;100;ANAPOLIS;Afundamento ou ondulação no pavimento;Queda de ocupante de veículo;Com Vítimas Feridas;Amanhecer;Decrescente;Garoa/Chuvisco;Dupla;Reta;Sim;1;0;1;0;0;0;1;1;-16,3979;-48,9664;SPRF-GO;DEL02-GO;UOP01-DEL02-GO
578486;02/02/2024;sexta-feira;06:21:00;CE;222;1,7;FORTALEZA;Condutor deixou de manter distância do veículo da frente;Colisão traseira;Sem Vítimas;Pleno dia;Decrescente;Céu Claro;Múltipla;Reta;Sim;2;0;0;0;2;0;0;2;-3,737804;-38,578061;SPRF-CE;DEL01-CE;UOP01-DEL01-CE
578487;02/02/2024;sexta-feira;06:40:00;SC;101;97;BALNEARIO PICARRAS;Ausência de reação do condutor;Colisão lateral mesmo sentido;Com Vítimas Feridas;Pleno dia;Crescente;Nublado;Múltipla;Curva;Sim;2;0;1;0;0;1;1;2;-26,72823703;-48,70224928;SPRF-SC;DEL03-SC;UOP02-DEL03-SC
578490;02/02/2024;sexta-feira;07:01:00;SP;116;515,7;CAJATI;Reação tardia ou ineficiente do condutor;Capotamento;Com Vítimas Feridas;Amanhecer;Decrescente;Garoa/Chuvisco;Dupla;Curva;Não;2;0;1;0;1;0;1;1;-24,86704083;-48,21738184;SPRF-SP;DEL05-SP;UOP02-DEL05-SP
578491;02/02/2024;sexta-feira;05:15:00;MG;381;799,3;SAO GONCALO DO SAPUCAI;Pedestre cruzava a pista fora da faixa;Atropelamento de Pedestre;Com Vítimas Fatais;Amanhecer;Crescente;Céu Claro;Dupla;"Curva;Declive";Não;4;1;0;0;3;0;0;2;-21,97237106;-45,63123585;SPRF-MG;DEL16-MG;UOP02-DEL16-MG
578493;02/02/2024;sexta-feira;01:34:00;PR;116;17;COLOMBO;Reação tardia ou ineficiente do condutor;Saída de leito carroçável;Sem Vítimas;Plena Noite;Decrescente;Céu Claro;Simples;Reta;Sim;1;0;0;0;0;1;0;1;-25,389;-49,1867;SPRF-PR;DEL01-PR;UOP02-DEL01-PR
578494;02/02/2024;sexta-feira;05:00:00;MG;251;264;SALINAS;Animais na Pista;Atropelamento de Animal;Com Vítimas Feridas;Amanhecer;Crescente;Céu Claro;Simples;Reta;Não;1;0;1;0;0;0;1;1;-15,99768863;-41,97955297;SPRF-MG;DEL12-MG;UOP02-DEL12-MG
578495;02/02/2024;sexta-feira;07:50:00;SC;101;41;JOINVILLE;Condutor deixou de manter distância do veículo da frente;Colisão traseira;Com Vítimas Feridas;Pleno dia;Decrescente;Céu Claro;Dupla;Reta;Sim;3;0;1;0;2;0;1;3;-26,28215489;-48,88973081;SPRF-SC;DEL03-SC;UOP01-DEL03-SC
578496;01/02/2024;quinta-feira;22:20:00;CE;304;54;ARACATI;Animais na Pista;Atropelamento de Animal;Com Vítimas Feridas;Plena Noite;Crescente;Céu Claro;Simples;Reta;Sim;1;0;1;0;0;0;1;1;-4,58046268;-37,71961988;SPRF-CE;DEL03-CE;UOP03-DEL03-CE
578498;02/02/2024;sexta-feira;07:40:00;MG;116;525,8;CARATINGA;Acessar a via sem observar a presença dos outros veículos;Colisão transversal;Com Vítimas Feridas;Pleno dia;Decrescente;Céu Claro;Dupla;Reta;Sim;2;0;1;0;1;0;1;2;-19,76833785;-42,13105238;SPRF-MG;DEL06-MG;UOP02-DEL06-MG
578501;02/02/2024;sexta-feira;07:10:00;MS;262;6;TRES LAGOAS;Acessar a via sem observar a presença dos outros veículos;Colisão transversal;Com Vítimas Feridas;Pleno dia;Crescente;Sol;Dupla;"Curva;Interseção de Vias";Sim;2;0;0;1;1;0;1;2;-20,78237921;-51,67197438;SPRF-MS;DEL07-MS;UOP01-DEL07-MS
578503;02/02/2024;sexta-feira;02:00:00;RJ;116;146;DUQUE DE CAXIAS;Pista Escorregadia;Queda de ocupante de veículo;Com Vítimas Feridas;Plena Noite;Crescente;Céu Claro;Dupla;Reta;Não;2;0;1;1;0;0;2;1;-22,66687859;-43,26368215;SPRF-RJ;DEL01-RJ;UOP02-DEL01-RJ
578504;02/02/2024;sexta-feira;07:35:00;PE;101;2;GOIANA;Condutor deixou de manter distância do veículo da frente;Colisão traseira;Com Vítimas Feridas;Pleno dia;Crescente;Céu Claro;Dupla;Reta;Não;2;0;1;0;1;0;1;2;-7,51675334;-34,99198357;SPRF-PE;DEL01-PE;UOP02-DEL01-PE
578505;02/02/2024;sexta-feira;08:10:00;RN;101;98;NATAL;Ingestão de álcool pelo condutor;Colisão traseira;Sem Vítimas;Pleno dia;Decrescente;Céu Claro;Múltipla;Viaduto;Sim;2;0;0;0;2;0;0;2;-5,86567888;-35,21651625;SPRF-RN;DEL01-RN;UOP01-DEL01-RN
578507;02/02/2024;sexta-feira;07:50:00;PR;116;40;CAMPINA GRANDE DO SUL;Reação tardia ou ineficiente do condutor;Colisão com objeto;Com Vítimas Feridas;Pleno dia;Decrescente;Céu Claro;Dupla;Curva;Não;4;0;1;0;3;0;1;1;-25,16445203;-48,86237697;SPRF-PR;DEL01-PR;UOP02-DEL01-PR
578508;02/02/2024;sexta-feira;08:00:00;RS;293;151,6;CANDIOTA;Ausência de reação do condutor;Saída de leito carroçável;Com Vítimas Fatais;Pleno dia;Decrescente;Céu Claro;Simples;"Curva;Aclive;Desvio Temporário;Em Obras";Não;3;1;0;1;0;1;1;2;-31,395278;-53,786991;SPRF-RS;DEL11-RS;UOP03-DEL11-RS
578509;02/02/2024;sexta-feira;05:40:00;MG;365;364;PRESIDENTE OLEGARIO;Acumulo de água sobre o pavimento;Tombamento;Com Vítimas Feridas;Amanhecer;Decrescente;Chuva;Simples;Reta;Não;3;0;2;0;1;0;2;1;-18,46158508;-46,08350681;SPRF-MG;DEL10-MG;UOP01-DEL10-MG
578511;02/02/2024;sexta-feira;08:25:00;RS;116;249;SAO LEOPOLDO;Objeto estático sobre o leito carroçável;Colisão com objeto;Com Vítimas Feridas;Pleno dia;Crescente;Céu Claro;Dupla;Reta;Sim;2;0;1;1;0;0;2;1;-29,7831804;-51,16099063;SPRF-RS;DEL01-RS;UOP02-DEL01-RS
578512;02/02/2024;sexta-feira;08:40:00;GO;50;262,3;CATALAO;Reação tardia ou ineficiente do condutor;Colisão traseira;Com Vítimas Feridas;Pleno dia;Crescente;Nublado;Dupla;Reta;Não;6;0;4;0;2;0;4;2;-18,0438;-47,8596;SPRF-GO;DEL06-GO;UOP01-DEL06-GO
578513;02/02/2024;sexta-feira;08:20:00;MG;262;367;JUATUBA;Acumulo de óleo sobre o pavimento;Queda de ocupante de veículo;Com Vítimas Feridas;Pleno dia;Crescente;Nublado;Dupla;Reta;Não;1;0;1;0;0;0;1;1;-19,97391261;-44,27096197;SPRF-MG;DEL01-MG;UOP03-DEL01-MG
578515;02/02/2024;sexta-feira;07:50:00;RS;285;295,5;PASSO FUNDO;Avarias e/ou desgaste excessivo no pneu;Tombamento;Com Vítimas Feridas;Pleno dia;Decrescente;Sol;Simples;Reta;Sim;2;0;2;0;0;0;2;1;-28,231071;-52,394299;SPRF-RS;DEL08-RS;UOP03-DEL08-RS
578518;02/02/2024;sexta-feira;08:10:00;MG;381;774;CAMPANHA;Reação tardia ou ineficiente do condutor;Colisão lateral mesmo sentido;Com Vítimas Feridas;Pleno dia;Crescente;Nublado;Dupla;Curva;Não;3;0;1;0;2;0;1;2;-21,78692906;-45,43686748;SPRF-MG;DEL16-MG;UOP02-DEL16-MG
578519;22/01/2024;segunda-feira;15:20:00;MS;163;254;DOURADOS;Reação tardia ou ineficiente do condutor;Colisão traseira;Com Vítimas Feridas;Pleno dia;Crescente;Céu Claro;Dupla;Reta;Sim;2;0;1;0;1;0;1;2;-22,27184267;-54,81657129;SPRF-MS;DEL04-MS;UOP01-DEL04-MS
578520;02/02/2024;sexta-feira;08:35:00;SP;116;229;SAO PAULO;Ausência de reação do condutor;Colisão traseira;Com Vítimas Feridas;Pleno dia;Crescente;Nublado;Múltipla;Reta;Não;2;0;1;0;1;0;1;2;-23,51291902;-46,57604698;SPRF-SP;DEL01-SP;UOP01-DEL01-SP
578523;02/02/2024;sexta-feira;08:40:00;SC;101;428,7;SOMBRIO;Acessar a via sem observar a presença dos outros veículos;Colisão transversal;Com Vítimas Feridas;Pleno dia;Decrescente;Céu Claro;Simples;"Interseção de Vias;Curva;Declive";Não;2;0;1;0;0;1;1;2;-29,05078628;-49,62098479;SPRF-SC;DEL02-SC;UOP02-DEL02-SC
578524;02/02/2024;sexta-feira;07:40:00;SP;116;145;SAO JOSE DOS CAMPOS;Trafegar com motocicleta (ou similar) entre as faixas;Queda de ocupante de veículo;Com Vítimas Feridas;Pleno dia;Crescente;Céu Claro;Dupla;Reta;Não;2;0;2;0;0;0;2;1;-23,1869844;-45,8548078;SPRF-SP;DEL02-SP;UOP01-DEL02-SP