id;data_inversa;dia_semana;horario;uf;br;km;municipio;causa_acidente;tipo_acidente;classificacao_acidente;fase_dia;sentido_via;condicao_metereologica;tipo_pista;tracado_via;uso_solo;pessoas;mortos;feridos_leves;feridos_graves;ilesos;ignorados;feridos;veiculos;latitude;longitude;regional;delegacia;uop
579141;05/02/2024;segunda-feira;08:30:00;PE;104;75,7;CARUARU;Ausência de reação do condutor;Colisão com objeto;Com Vítimas Feridas;Pleno dia;Crescente;Céu Claro;Simples;Reta;Não;1;0;1;0;0;0;1;1;-8,358562;-35,985699;SPRF-PE;DEL02-PE;UOP01-DEL02-PE
579142;05/02/2024;segunda-feira;07:50:00;SC;280;17;SAO FRANCISCO DO SUL;Mal súbito do condutor;Colisão com objeto;Com Vítimas Feridas;Pleno dia;Crescente;Céu Claro;Dupla;Reta;Sim;1;0;1;0;0;0;1;1;-26,35609813;-48,66029868;SPRF-SC;DEL03-SC;UOP03-DEL03-SC
579144;05/02/2024;segunda-feira;08:00:00;MS;163;61;ELDORADO;Reação tardia ou ineficiente do condutor;Saída de leito carroçável;Com Vítimas Feridas;Pleno dia;Decrescente;Céu Claro;Simples;Reta;Não;1;0;1;0;0;0;1;1;-23,61499083;-54,22931826;SPRF-MS;DEL09-MS;UOP02-DEL09-MS
579146;05/02/2024;segunda-feira;08:18:00;SP;116;532;BARRA DO TURVO;Demais falhas mecânicas ou elétricas;Incêndio;Sem Vítimas;Pleno dia;Crescente;Céu Claro;Dupla;Reta;Não;1;0;0;0;1;0;0;1;-24,953383;-48,324095;SPRF-SP;DEL05-SP;UOP02-DEL05-SP
579147;05/02/2024;segunda-feira;10:00:00;SC;101;203,2;SAO JOSE;Desrespeitar a preferência no cruzamento;Colisão transversal;Com Vítimas Feridas;Pleno dia;Decrescente;Sol;Dupla;"Interseção de Vias;Rotatória";Sim;2;0;1;0;1;0;1;2;-27,56611274;-48,61304283;SPRF-SC;DEL01-SC;UOP01-DEL01-SC
579149;05/02/2024;segunda-feira;09:05:00;PB;101;14;MAMANGUAPE;Condutor Dormindo;Saída de leito carroçável;Com Vítimas Feridas;Pleno dia;Decrescente;Sol;Dupla;Reta;Não;2;0;2;0;0;0;2;1;-6,61713815;-35,13803934;SPRF-PB;DEL01-PB;UOP04-DEL01-PB
579151;05/02/2024;segunda-feira;10:10:00;MG;262;359;BETIM;Demais falhas mecânicas ou elétricas;Colisão traseira;Com Vítimas Feridas;Pleno dia;Crescente;Sol;Dupla;Reta;Sim;2;0;0;1;1;0;1;2;-19,9785035;-44,2537898;SPRF-MG;DEL01-MG;UOP03-DEL01-MG
579152;05/02/2024;segunda-feira;10:05:00;RJ;393;255;BARRA DO PIRAI;Demais falhas mecânicas ou elétricas;Incêndio;Sem Vítimas;Pleno dia;Crescente;Céu Claro;Simples;Reta;Sim;1;0;0;0;1;0;0;1;-22,45028541;-43,7987758;SPRF-RJ;DEL05-RJ;UOP04-DEL05-RJ
579153;05/02/2024;segunda-feira;10:00:00;PE;424;95;GARANHUNS;Reação tardia ou ineficiente do condutor;Colisão traseira;Com Vítimas Feridas;Pleno dia;Crescente;Céu Claro;Simples;Reta;Não;3;0;1;0;2;0;1;2;-8,92487901;-36,48949333;SPRF-PE;DEL03-PE;UOP01-DEL03-PE
579154;05/02/2024;segunda-feira;06:30:00;BA;101;604;MASCOTE;Transitar na contramão;Colisão frontal;Com Vítimas Fatais;Pleno dia;Crescente;Chuva;Simples;"Aclive;Reta";Não;4;2;0;1;0;1;1;2;-15,68838297;-39,4383318;SPRF-BA;DEL05-BA;UOP02-DEL05-BA
579155;05/02/2024;segunda-feira;09:20:00;BA;101;301;VALENCA;Transitar na contramão;Colisão frontal;Com Vítimas Feridas;Pleno dia;Crescente;Céu Claro;Simples;"Aclive;Curva";Não;7;0;1;2;4;0;3;3;-13,37206889;-39,3788512;SPRF-BA;DEL01-BA;UOP02-DEL01-BA
579156;04/02/2024;domingo;18:20:00;AM;230;590;HUMAITA;Pista Escorregadia;Saída de leito carroçável;Sem Vítimas;Anoitecer;Crescente;Chuva;Simples;Reta;Não;1;0;0;0;1;0;0;1;-7,54718106;-62,87869309;SPRF-AM;DEL01-AM;UOP05-DEL01-AM
579157;05/02/2024;segunda-feira;08:00:00;SC;470;1,4;NAVEGANTES;Desrespeitar a preferência no cruzamento;Colisão transversal;Com Vítimas Feridas;Pleno dia;Crescente;Céu Claro;Múltipla;Reta;Sim;2;0;2;0;0;0;2;2;-26,875383;-48,668285;SPRF-SC;DEL04-SC;UOP04-DEL04-SC
579159;05/02/2024;segunda-feira;07:55:00;CE;222;279,1;FRECHEIRINHA;Acessar a via sem observar a presença dos outros veículos;Colisão lateral mesmo sentido;Com Vítimas Fatais;Pleno dia;Decrescente;Céu Claro;Simples;Reta;Não;3;1;0;0;2;0;0;2;-3,750088;-40,81569;SPRF-CE;DEL04-CE;UOP02-DEL04-CE
579160;05/02/2024;segunda-feira;10:35:00;PR;277;4,6;FOZ DO IGUACU;Transtornos Mentais (exceto suicidio);Atropelamento de Pedestre;Com Vítimas Feridas;Pleno dia;Decrescente;Céu Claro;Dupla;Reta;Sim;2;0;1;0;1;0;1;2;-25,5469;-54,5882;SPRF-PR;DEL05-PR;UOP03-DEL05-PR
579161;05/02/2024;segunda-feira;11:40:00;RS;116;237;NOVO HAMBURGO;Trafegar com motocicleta (ou similar) entre as faixas;Colisão traseira;Sem Vítimas;Pleno dia;Decrescente;Céu Claro;Dupla;Reta;Sim;2;0;0;0;1;1;0;2;-29,67839398;-51,1422266;SPRF-RS;DEL01-RS;UOP02-DEL01-RS
579162;05/02/2024;segunda-feira;11:50:00;AP;210;1;MACAPA;Acesso irregular;Colisão lateral mesmo sentido;Sem Vítimas;Pleno dia;Crescente;Céu Claro;Dupla;Retorno Regulamentado;Sim;2;0;0;0;2;0;0;2;0,07816717;-51,06998693;SPRF-AP;DEL01-AP;UOP01-DEL01-AP
579164;05/02/2024;segunda-feira;12:11:00;RN;304;295;MACAIBA;Acesso irregular;Colisão transversal;Com Vítimas Feridas;Pleno dia;Crescente;Céu Claro;Dupla;"Reta;Em Obras";Sim;2;0;1;0;1;0;1;2;-5,86605927;-35,35822096;SPRF-RN;DEL01-RN;UOP02-DEL01-RN
579165;05/02/2024;segunda-feira;12:10:00;DF;80;19;BRASILIA;Manobra de mudança de faixa;Colisão lateral mesmo sentido;Com Vítimas Feridas;Pleno dia;Crescente;Céu Claro;Dupla;Reta;Sim;2;0;0;1;1;0;1;2;-15,675205;-48,204636;SPRF-DF;DEL03-DF;UOP02-DEL03-DF
579166;05/02/2024;segunda-feira;08:50:00;SP;116;228,5;GUARULHOS;Reação tardia ou ineficiente do condutor;Queda de ocupante de veículo;Sem Vítimas;Pleno dia;Crescente;Nublado;Múltipla;Reta;Sim;1;0;0;0;0;1;0;1;-23,50343484;-46,56638712;SPRF-SP;DEL01-SP;UOP01-DEL01-SP
579167;05/02/2024;segunda-feira;09:30:00;SP;116;211;GUARULHOS;Trafegar com motocicleta (ou similar) entre as faixas;Queda de ocupante de veículo;Com Vítimas Feridas;Pleno dia;Crescente;Céu Claro;Dupla;"Em Obras;Reta";Sim;1;0;1;0;0;0;1;1;-23,4324306;-46,4194352;SPRF-SP;DEL01-SP;UOP01-DEL01-SP
579168;05/02/2024;segunda-feira;12:10:00;SC;101;38,5;JOINVILLE;Desrespeitar a preferência no cruzamento;Colisão transversal;Com Vítimas Feridas;Pleno dia;Decrescente;Sol;Dupla;Interseção de Vias;Sim;2;0;0;1;1;0;1;2;-26,296366;-48,884204;SPRF-SC;DEL03-SC;UOP01-DEL03-SC
579169;05/02/2024;segunda-feira;12:00:00;BA;324;560;SAO SEBASTIAO DO PASSE;Manobra de mudança de faixa;Colisão lateral mesmo sentido;Sem Vítimas;Pleno dia;Decrescente;Céu Claro;Dupla;Reta;Não;2;0;0;0;2;0;0;2;-12,49250283;-38,65366887;SPRF-BA;DEL01-BA;UOP01-DEL01-BA
579170;05/02/2024;segunda-feira;12:00:00;AL;101;189,4;JUNQUEIRO;Acessar a via sem observar a presença dos outros veículos;Colisão transversal;Com Vítimas Feridas;Pleno dia;Crescente;Céu Claro;Simples;Reta;Sim;5;0;4;0;0;1;4;3;-9,91622613;-36,47311473;SPRF-AL;DEL02-AL;UOP02-DEL02-AL
579171;05/02/2024;segunda-feira;11:45:00;RO;364;11;VILHENA;Acessar a via sem observar a presença dos outros veículos;Colisão lateral mesmo sentido;Com Vítimas Feridas;Pleno dia;Crescente;Céu Claro;Dupla;Rotatória;Sim;2;0;1;0;1;0;1;2;-12,74605898;-60,11270299;SPRF-RO;DEL04-RO;UOP01-DEL04-RO
579172;05/02/2024;segunda-feira;11:26:00;SC;480;131;CHAPECO;Condutor deixou de manter distância do veículo da frente;Colisão traseira;Com Vítimas Feridas;Pleno dia;Crescente;Céu Claro;Dupla;"Curva;Em Obras;Desvio Temporário";Sim;3;0;1;0;2;0;1;2;-27,06314223;-52,63234636;SPRF-SC;DEL07-SC;UOP01-DEL07-SC
579175;05/02/2024;segunda-feira;10:37:00;MA;230;404,9;BALSAS;Acessar a via sem observar a presença dos outros veículos;Colisão transversal;Com Vítimas Feridas;Pleno dia;Crescente;Céu Claro;Simples;"Rotatória;Reta";Sim;3;0;2;0;1;0;2;2;-7,52197667;-46,04781216;SPRF-MA;DEL05-MA;UOP01-DEL05-MA
579177;05/02/2024;segunda-feira;12:39:00;SP;381;42,8;ATIBAIA;Ausência de reação do condutor;Colisão traseira;Com Vítimas Feridas;Pleno dia;Decrescente;Céu Claro;Dupla;Reta;Não;5;0;4;0;1;0;4;2;-23,147306;-46,57493202;SPRF-SP;DEL03-SP;UOP01-DEL03-SP
579178;05/02/2024;segunda-feira;01:30:00;MT;174;75;VILA BELA DA SANTISSIMA TRINDADE;Condutor Dormindo;Capotamento;Com Vítimas Feridas;Plena Noite;Crescente;Ignorado;Simples;Reta;Não;1;0;1;0;0;0;1;1;-15,02123034;-59,90530372;SPRF-MT;DEL04-MT;UOP01-DEL04-MT
579181;05/02/2024;segunda-feira;11:35:00;RJ;101;303;SAO GONCALO;Manobra de mudança de faixa;Colisão com objeto;Com Vítimas Feridas;Pleno dia;Decrescente;Céu Claro;Múltipla;Reta;Sim;5;0;1;0;2;2;1;3;-22,7828205;-42,9766681;SPRF-RJ;DEL02-RJ;UOP02-DEL02-RJ
579183;05/02/2024;segunda-feira;14:00:00;SP;116;221;GUARULHOS;Trafegar com motocicleta (ou similar) entre as faixas;Colisão lateral mesmo sentido;Com Vítimas Feridas;Pleno dia;Crescente;Céu Claro;Dupla;Reta;Sim;3;0;1;0;2;0;1;2;-23,46802395;-46,50704901;SPRF-SP;DEL01-SP;UOP01-DEL01-SP
579186;29/01/2024;segunda-feira;14:50:00;PE;408;92;SAO LOURENCO DA MATA;Reação tardia ou ineficiente do condutor;Colisão traseira;Com Vítimas Feridas;Pleno dia;Decrescente;Céu Claro;Dupla;"Aclive;Reta";Não;6;0;3;2;1;0;5;2;-7,99979861;-35,06313386;SPRF-PE;DEL01-PE;UOP01-DEL01-PE
579187;05/02/2024;segunda-feira;12:45:00;PR;369;400,4;JURANDA;Acumulo de areia ou detritos sobre o pavimento;Saída de leito carroçável;Com Vítimas Feridas;Pleno dia;Decrescente;Chuva;Simples;Curva;Não;3;0;1;0;2;0;1;1;-24,36429887;-52,75497437;SPRF-PR;DEL04-PR;UOP03-DEL04-PR
579189;05/02/2024;segunda-feira;15:10:00;RN;101;94,7;NATAL;Condutor deixou de manter distância do veículo da frente;Colisão traseira;Sem Vítimas;Pleno dia;Crescente;Céu Claro;Dupla;Reta;Sim;2;0;0;0;2;0;0;2;-5,83176615;-35,21191342;SPRF-RN;DEL01-RN;UOP01-DEL01-RN
579190;05/02/2024;segunda-feira;09:00:00;RJ;116;273;BARRA MANSA;Velocidade Incompatível;Tombamento;Com Vítimas Feridas;Pleno dia;Decrescente;Sol;Dupla;Curva;Não;1;0;1;0;0;0;1;1;-22,56100142;-44,13833993;SPRF-RJ;DEL07-RJ;UOP02-DEL07-RJ
579191;05/02/2024;segunda-feira;15:00:00;MG;153;133;PRATA;Demais falhas mecânicas ou elétricas;Saída de leito carroçável;Com Vítimas Feridas;Pleno dia;Decrescente;Chuva;Simples;"Reta;Aclive";Não;1;0;1;0;0;0;1;1;-19,50726701;-48,84613801;SPRF-MG;DEL15-MG;UOP03-DEL15-MG
579192;05/02/2024;segunda-feira;11:05:00;RJ;40;117;DUQUE DE CAXIAS;Objeto estático sobre o leito carroçável;Colisão com objeto;Com Vítimas Feridas;Pleno dia;Decrescente;Céu Claro;Múltipla;Reta;Sim;2;0;2;0;0;0;2;2;-22,745676;-43,2881;SPRF-RJ;DEL01-RJ;UOP02-DEL01-RJ
579193;05/02/2024;segunda-feira;15:25:00;RS;290;144;ELDORADO DO SUL;Acessar a via sem observar a presença dos outros veículos;Colisão transversal;Com Vítimas Feridas;Pleno dia;Decrescente;Céu Claro;Simples;Reta;Sim;2;0;2;0;0;0;2;2;-30,096939;-51,647282;SPRF-RS;DEL02-RS;UOP01-DEL02-RS
579194;05/02/2024;segunda-feira;15:00:00;GO;40;10;LUZIANIA;Trafegar com motocicleta (ou similar) entre as faixas;Colisão lateral mesmo sentido;Com Vítimas Feridas;Pleno dia;Crescente;Céu Claro;Dupla;Reta;Sim;2;0;0;1;1;0;1;2;-16,13263614;-47,95652032;SPRF-DF;DEL01-DF;UOP01-DEL01-DF
579197;05/02/2024;segunda-feira;14:00:00;MT;70;521;VARZEA GRANDE;Ultrapassagem Indevida;Colisão lateral sentido oposto;Com Vítimas Feridas;Pleno dia;Crescente;Nublado;Simples;Reta;Sim;2;0;1;0;1;0;1;2;-15,670593;-56,179966;SPRF-MT;DEL01-MT;UOP02-DEL01-MT
579201;05/02/2024;segunda-feira;16:10:00;SC;101;206,2;SAO JOSE;Reação tardia ou ineficiente do condutor;Colisão traseira;Com Vítimas Feridas;Pleno dia;Decrescente;Céu Claro;Dupla;Reta;Sim;2;0;1;0;1;0;1;2;-27,59193546;-48,61824557;SPRF-SC;DEL01-SC;UOP01-DEL01-SC
579204;05/02/2024;segunda-feira;16:30:00;RS;158;306;ITAARA;Acessar a via sem observar a presença dos outros veículos;Colisão traseira;Sem Vítimas;Pleno dia;Crescente;Céu Claro;Simples;"Curva;Aclive";Sim;2;0;0;0;2;0;0;2;-29,577898;-53,767208;SPRF-RS;DEL09-RS;UOP01-DEL09-RS
579206;05/02/2024;segunda-feira;08:10:00;RS;158;95;PALMEIRA DAS MISSOES;Acessar a via sem observar a presença dos outros veículos;Colisão transversal;Com Vítimas Feridas;Pleno dia;Crescente;Céu Claro;Simples;"Interseção de Vias;Rotatória";Não;2;0;1;0;1;0;1;2;-27,86667444;-53,3330692;SPRF-RS;DEL08-RS;UOP02-DEL08-RS
579207;05/02/2024;segunda-feira;16:20:00;BA;116;416;FEIRA DE SANTANA;Transitar na contramão;Colisão frontal;Com Vítimas Feridas;Pleno dia;Crescente;Céu Claro;Dupla;Reta;Sim;3;0;2;0;0;1;2;2;-12,168362;-38,964993;SPRF-BA;DEL02-BA;UOP01-DEL02-BA
579208;05/02/2024;segunda-feira;16:40:00;PI;316;310;PICOS;Ausência de reação do condutor;Colisão traseira;Sem Vítimas;Pleno dia;Decrescente;Céu Claro;Simples;Reta;Sim;3;0;0;0;3;0;0;2;-7,07639186;-41,47475001;SPRF-PI;DEL04-PI;UOP01-DEL04-PI
579209;05/02/2024;segunda-feira;16:55:00;SE;235;5,5;NOSSA SENHORA DO SOCORRO;Condutor deixou de manter distância do veículo da frente;Colisão traseira;Com Vítimas Feridas;Anoitecer;Crescente;Céu Claro;Dupla;Reta;Sim;4;0;2;0;2;0;2;2;-10,9041;-37,1278;SPRF-SE;DEL01-SE;UOP01-DEL01-SE
579210;05/02/2024;segunda-feira;15:30:00;BA;116;567;BREJOES;Desrespeitar a preferência no cruzamento;Colisão transversal;Com Vítimas Feridas;Pleno dia;Crescente;Céu Claro;Simples;Interseção de Vias;Não;9;0;3;0;6;0;3;2;-12,98625197;-39,94414505;SPRF-BA;DEL03-BA;UOP02-DEL03-BA
579211;05/02/2024;segunda-feira;17:14:00;RJ;101;469;ANGRA DOS REIS;Transitar na contramão;Tombamento;Com Vítimas Fatais;Pleno dia;Decrescente;Nublado;Simples;"Aclive;Curva";Não;3;1;2;0;0;0;2;2;-23,01160388;-44,23091089;SPRF-RJ;DEL03-RJ;UOP03-DEL03-RJ
579214;05/02/2024;segunda-feira;17:50:00;SP;101;50;UBATUBA;Acessar a via sem observar a presença dos outros veículos;Colisão transversal;Com Vítimas Feridas;Pleno dia;Crescente;Céu Claro;Simples;Reta;Sim;2;0;1;0;1;0;1;2;-23,45018939;-45,07743735;SPRF-SP;DEL06-SP;UOP01-DEL06-SP
579215;02/01/2024;terça-feira;13:30:00;RJ;493;2;ITABORAI;Transitar no Acostamento;Colisão lateral mesmo sentido;Com Vítimas Feridas;Pleno dia;Decrescente;Céu Claro;Dupla;Reta;Sim;3;0;2;0;1;0;2;2;-22,75950214;-42,93544822;SPRF-RJ;DEL02-RJ;UOP02-DEL02-RJ
579217;05/02/2024;segunda-feira;15:05:00;SC;101;333,4;TUBARAO;Condutor deixou de manter distância do veículo da frente;Colisão traseira;Com Vítimas Feridas;Pleno dia;Decrescente;Céu Claro;Múltipla;Reta;Sim;2;0;1;0;1;0;1;2;-28,46630107;-48,99653096;SPRF-SC;DEL02-SC;UOP01-DEL02-SC
579219;05/02/2024;segunda-feira;17:55:00;SC;116;246,9;LAGES;Desrespeitar a preferência no cruzamento;Colisão transversal;Com Vítimas Feridas;Pleno dia;Decrescente;Nublado;Simples;Rotatória;Sim;2;0;1;0;1;0;1;2;-27,81188263;-50,36785126;SPRF-SC;DEL05-SC;UOP02-DEL05-SC
579220;05/02/2024;segunda-feira;18:00:00;SC;101;212;PALHOCA;Trafegar com motocicleta (ou similar) entre as faixas;Colisão lateral mesmo sentido;Com Vítimas Feridas;Pleno dia;Crescente;Nublado;Múltipla;Reta;Sim;2;0;1;0;1;0;1;2;-27,62996929;-48,65903871;SPRF-SC;DEL01-SC;UOP02-DEL01-SC
579221;05/02/2024;segunda-feira;17:45:00;SP;101;52;UBATUBA;Desrespeitar a preferência no cruzamento;Colisão transversal;Com Vítimas Feridas;Anoitecer;Decrescente;Céu Claro;Simples;Rotatória;Sim;4;0;1;0;3;0;1;2;-23,4623355;-45,06476561;SPRF-SP;DEL06-SP;UOP01-DEL06-SP
579222;05/02/2024;segunda-feira;18:00:00;DF;20;15;BRASILIA;Frear bruscamente;Capotamento;Com Vítimas Feridas;Anoitecer;Crescente;Céu Claro;Múltipla;Reta;Não;5;0;5;0;0;0;5;1;-15,630189;-47,733288;SPRF-DF;DEL02-DF;UOP01-DEL02-DF
579223;05/02/2024;segunda-feira;17:15:00;MG;381;651,5;SANTO ANTONIO DO AMPARO;Chuva;Colisão com objeto;Sem Vítimas;Pleno dia;Decrescente;Chuva;Dupla;Curva;Não;1;0;0;0;1;0;0;1;-20,97575268;-44,93997846;SPRF-MG;DEL04-MG;UOP02-DEL04-MG
579225;05/02/2024;segunda-feira;18:00:00;MG;116;628;ORIZANIA;Reação tardia ou ineficiente do condutor;Queda de ocupante de veículo;Com Vítimas Feridas;Anoitecer;Crescente;Chuva;Simples;Reta;Não;1;0;1;0;0;0;1;1;-20,56556999;-42,20675484;SPRF-MG;DEL07-MG;UOP02-DEL07-MG
579230;05/02/2024;segunda-feira;18:20:00;PI;343;1;TERESINA;Ausência de reação do condutor;Colisão lateral mesmo sentido;Com Vítimas Feridas;Plena Noite;Crescente;Céu Claro;Múltipla;Reta;Sim;2;0;1;0;1;0;1;2;-5,08070872;-42,76001442;SPRF-PI;DEL01-PI;UOP01-DEL01-PI
579231;05/02/2024;segunda-feira;17:48:00;RO;364;241;CACOAL;Condutor deixou de manter distância do veículo da frente;Colisão traseira;Com Vítimas Feridas;Pleno dia;Crescente;Céu Claro;Simples;Curva;Sim;5;0;0;1;4;0;1;2;-11,44070217;-61,4786063;SPRF-RO;DEL02-RO;UOP02-DEL02-RO
579232;05/02/2024;segunda-feira;16:50:00;PE;428;186;PETROLINA;Reação tardia ou ineficiente do condutor;Colisão transversal;Com Vítimas Feridas;Pleno dia;Crescente;Céu Claro;Dupla;Reta;Sim;2;0;1;0;1;0;1;2;-9,35998157;-40,48084259;SPRF-PE;DEL06-PE;UOP01-DEL06-PE
579233;05/02/2024;segunda-feira;09:45:00;PR;277;626,4;CEU AZUL;Ingestão de substâncias psicoativas pelo condutor;Saída de leito carroçável;Com Vítimas Feridas;Pleno dia;Crescente;Céu Claro;Simples;Reta;Não;1;0;0;1;0;0;1;1;-25,10711186;-53,75918799;SPRF-PR;DEL05-PR;UOP02-DEL05-PR
579235;05/02/2024;segunda-feira;17:30:00;MG;381;864;POUSO ALEGRE;Problema com o freio;Saída de leito carroçável;Sem Vítimas;Pleno dia;Decrescente;Chuva;Dupla;Reta;Não;2;0;0;0;2;0;0;1;-22,38757269;-45,95265452;SPRF-MG;DEL16-MG;UOP01-DEL16-MG
579237;05/02/2024;segunda-feira;17:30:00;MG;40;42;PARACATU;Desrespeitar a preferência no cruzamento;Colisão transversal;Com Vítimas Feridas;Anoitecer;Crescente;Nublado;Simples;"Reta;Interseção de Vias;Aclive";Sim;2;0;1;0;1;0;1;2;-17,2188441;-46,8666753;SPRF-MG;DEL14-MG;UOP01-DEL14-MG
579238;05/02/2024;segunda-feira;17:30:00;RJ;101;531,5;ANGRA DOS REIS;Manobra de mudança de faixa;Colisão transversal;Com Vítimas Feridas;Pleno dia;Decrescente;Céu Claro;Simples;Curva;Sim;2;0;1;0;1;0;1;2;-23,02147898;-44,52344494;SPRF-RJ;DEL03-RJ;UOP03-DEL03-RJ
579239;05/02/2024;segunda-feira;19:00:00;RS;158;326;SANTA MARIA;Manobra de mudança de faixa;Colisão lateral mesmo sentido;Com Vítimas Feridas;Anoitecer;Crescente;Céu Claro;Múltipla;Reta;Sim;3;0;1;1;1;0;2;2;-29,70975376;-53,80284617;SPRF-RS;DEL09-RS;UOP01-DEL09-RS
579240;05/02/2024;segunda-feira;17:40:00;AC;364;122;RIO BRANCO;Acessar a via sem observar a presença dos outros veículos;Colisão lateral mesmo sentido;Com Vítimas Feridas;Anoitecer;Crescente;Céu Claro;Simples;Reta;Sim;5;0;2;0;3;0;2;2;-10,01188291;-67,773345;SPRF-AC;DEL01-AC;UOP01-DEL01-AC
579241;05/02/2024;segunda-feira;19:30:00;DF;60;2,6;BRASILIA;Avarias e/ou desgaste excessivo no pneu;Queda de ocupante de veículo;Com Vítimas Feridas;Plena Noite;Crescente;Chuva;Dupla;Reta;Sim;2;0;1;1;0;0;2;1;-15,887383;-48,077988;SPRF-DF;DEL03-DF;UOP01-DEL03-DF
579242;05/02/2024;segunda-feira;19:27:00;MA;226;305,3;BARRA DO CORDA;Condutor deixou de manter distância do veículo da frente;Colisão traseira;Com Vítimas Feridas;Plena Noite;Crescente;Céu Claro;Simples;Reta;Não;3;0;2;0;0;1;2;2;-5,47585787;-45,27913477;SPRF-MA;DEL06-MA;UOP01-DEL06-MA
579243;05/02/2024;segunda-feira;18:00:00;RJ;101;297;ITABORAI;Acessar a via sem observar a presença dos outros veículos;Colisão lateral mesmo sentido;Com Vítimas Feridas;Pleno dia;Crescente;Céu Claro;Simples;Reta;Não;3;0;1;0;2;0;1;2;-22,76942037;-42,91873581;SPRF-RJ;DEL02-RJ;UOP02-DEL02-RJ
579244;05/02/2024;segunda-feira;14:50:00;MT;364;561,9;NOBRES;Demais falhas mecânicas ou elétricas;Incêndio;Sem Vítimas;Pleno dia;Crescente;Céu Claro;Dupla;"Reta;Declive";Sim;1;0;0;0;1;0;0;1;-14,7824259;-56,37807902;SPRF-MT;DEL01-MT;UOP01-DEL01-MT
579246;05/02/2024;segunda-feira;17:50:00;RO;364;421,5;JARU;Acessar a via sem observar a presença dos outros veículos;Colisão lateral mesmo sentido;Com Vítimas Feridas;Pleno dia;Decrescente;Céu Claro;Simples;"Reta;Declive;Interseção de Vias";Não;3;0;2;0;1;0;2;2;-10,46296659;-62,45379925;SPRF-RO;DEL03-RO;UOP02-DEL03-RO
579247;05/02/2024;segunda-feira;16:40:00;MG;262;408;PARA DE MINAS;Velocidade Incompatível;Saída de leito carroçável;Sem Vítimas;Pleno dia;Crescente;Chuva;Dupla;Reta;Não;1;0;0;0;1;0;0;1;-19,88464192;-44,61618402;SPRF-MG;DEL08-MG;UOP03-DEL08-MG
579248;05/02/2024;segunda-feira;17:10:00;PR;153;34,5;SANTO ANTONIO DA PLATINA;Condutor Dormindo;Saída de leito carroçável;Com Vítimas Feridas;Pleno dia;Crescente;Céu Claro;Simples;"Reta;Aclive";Não;2;0;0;2;0;0;2;1;-23,24053595;-50,03827052;SPRF-PR;DEL07-PR;UOP04-DEL07-PR
579249;05/02/2024;segunda-feira;20:00:00;SC;282;3,4;FLORIANOPOLIS;Manobra de mudança de faixa;Colisão lateral mesmo sentido;Com Vítimas Feridas;Plena Noite;Crescente;Céu Claro;Múltipla;Reta;Sim;4;0;2;0;1;1;2;3;-27,600384;-48,599705;SPRF-SC;DEL01-SC;UOP01-DEL01-SC
579250;05/02/2024;segunda-feira;19:50:00;MG;50;176;UBERABA;Velocidade Incompatível;Colisão com objeto;Sem Vítimas;Plena Noite;Crescente;Garoa/Chuvisco;Dupla;"Reta;Declive";Sim;1;0;0;0;0;1;0;1;-19,77919981;-47,960032;SPRF-MG;DEL13-MG;UOP01-DEL13-MG
579254;05/02/2024;segunda-feira;19:00:00;RS;116;60,3;CAMPESTRE DA SERRA;Demais falhas mecânicas ou elétricas;Incêndio;Sem Vítimas;Anoitecer;Decrescente;Céu Claro;Simples;"Reta;Aclive";Não;2;0;0;0;2;0;0;1;-28,64204709;-51,04492367;SPRF-RS;DEL05-RS;UOP03-DEL05-RS
579255;05/02/2024;segunda-feira;20:15:00;MG;381;494,4;BETIM;Acumulo de água sobre o pavimento;Colisão traseira;Com Vítimas Feridas;Plena Noite;Decrescente;Chuva;Múltipla;Reta;Sim;5;0;1;0;4;0;1;2;-19,985563;-44,20318;SPRF-MG;DEL01-MG;UOP03-DEL01-MG
579256;05/02/2024;segunda-feira;18:40:00;RJ;101;574;PARATY;Acessar a via sem observar a presença dos outros veículos;Colisão transversal;Com Vítimas Feridas;Plena Noite;Crescente;Céu Claro;Simples;Reta;Não;2;0;1;0;1;0;1;2;-23,2138813;-44,73478966;SPRF-RJ;DEL03-RJ;UOP04-DEL03-RJ
579257;05/02/2024;segunda-feira;20:15:00;MG;40;423,2;CURVELO;Transitar no Acostamento;Atropelamento de Pedestre;Com Vítimas Feridas;Plena Noite;Crescente;Nublado;Dupla;Reta;Sim;2;0;1;0;0;1;1;2;-19,15337404;-44,538155;SPRF-MG;DEL02-MG;UOP01-DEL02-MG
579258;05/02/2024;segunda-feira;20:20:00;PE;232;4;RECIFE;Condutor deixou de manter distância do veículo da frente;Colisão lateral mesmo sentido;Com Vítimas Feridas;Plena Noite;Crescente;Céu Claro;Dupla;Reta;Sim;4;0;0;1;3;0;1;3;-8,066081;-34,940656;SPRF-PE;DEL01-PE;UOP01-DEL01-PE
579260;05/02/2024;segunda-feira;18:00:00;MG;365;676;MONTE ALEGRE DE MINAS;Acumulo de água sobre o pavimento;Saída de leito carroçável;Com Vítimas Feridas;Plena Noite;Decrescente;Chuva;Dupla;Curva;Não;5;0;0;1;4;0;1;1;-18,85288291;-48,78157697;SPRF-MG;DEL15-MG;UOP01-DEL15-MG