id;data_inversa;dia_semana;horario;uf;br;km;municipio;causa_acidente;tipo_acidente;classificacao_acidente;fase_dia;sentido_via;condicao_metereologica;tipo_pista;tracado_via;uso_solo;pessoas;mortos;feridos_leves;feridos_graves;ilesos;ignorados;feridos;veiculos;latitude;longitude;regional;delegacia;uop
579405;06/02/2024;terça-feira;14:30:00;PB;230;7,1;CABEDELO;Manobra de mudança de faixa;Colisão lateral mesmo sentido;Com Vítimas Feridas;Pleno dia;Crescente;Céu Claro;Simples;Reta;Sim;3;0;2;0;1;0;2;2;-7,026;-34,8385;SPRF-PB;DEL01-PB;UOP01-DEL01-PB
579413;06/02/2024;terça-feira;14:30:00;PB;230;156,5;CAMPINA GRANDE;Pista Escorregadia;Tombamento;Com Vítimas Feridas;Pleno dia;Decrescente;Céu Claro;Simples;"Reta;Declive";Sim;2;0;2;0;0;0;2;1;-7,2693;-35,9138;SPRF-PB;DEL02-PB;UOP01-DEL02-PB
579414;06/02/2024;terça-feira;15:30:00;RS;290;48,5;GLORINHA;Reação tardia ou ineficiente do condutor;Saída de leito carroçável;Sem Vítimas;Pleno dia;Crescente;Sol;Dupla;Reta;Não;1;0;0;0;1;0;0;1;-29,90422135;-50,75108159;SPRF-RS;DEL03-RS;UOP01-DEL03-RS
579418;06/02/2024;terça-feira;16:30:00;SP;116;53,5;LORENA;Reação tardia ou ineficiente do condutor;Queda de ocupante de veículo;Com Vítimas Feridas;Pleno dia;Crescente;Chuva;Dupla;Reta;Não;1;0;0;1;0;0;1;1;-22,75255433;-45,10741076;SPRF-SP;DEL08-SP;UOP02-DEL08-SP
579419;06/02/2024;terça-feira;13:40:00;MG;365;710;MONTE ALEGRE DE MINAS;Ultrapassagem Indevida;Saída de leito carroçável;Com Vítimas Feridas;Pleno dia;Crescente;Nublado;Simples;Reta;Não;1;0;1;0;0;0;1;1;-18,87927867;-49,092531;SPRF-MG;DEL15-MG;UOP03-DEL15-MG
579420;06/02/2024;terça-feira;15:40:00;MG;40;461;SETE LAGOAS;Reação tardia ou ineficiente do condutor;Colisão com objeto;Com Vítimas Feridas;Pleno dia;Crescente;Chuva;Dupla;Reta;Não;2;0;1;1;0;0;2;1;-19,4065509;-44,33367766;SPRF-MG;DEL02-MG;UOP01-DEL02-MG
579421;06/02/2024;terça-feira;17:00:00;SC;470;53;BLUMENAU;Acessar a via sem observar a presença dos outros veículos;Colisão transversal;Com Vítimas Feridas;Pleno dia;Decrescente;Céu Claro;Simples;Reta;Sim;2;0;1;0;1;0;1;2;-26,867121;-49,102066;SPRF-SC;DEL04-SC;UOP01-DEL04-SC
579422;06/02/2024;terça-feira;16:40:00;ES;259;41,3;COLATINA;Velocidade Incompatível;Colisão traseira;Com Vítimas Feridas;Pleno dia;Crescente;Nublado;Simples;Reta;Não;2;0;0;1;0;1;1;2;-19,55497477;-40,55429757;SPRF-ES;DEL02-ES;UOP01-DEL02-ES
579423;06/02/2024;terça-feira;14:10:00;PB;230;462;SOUSA;Ultrapassagem Indevida;Saída de leito carroçável;Com Vítimas Feridas;Pleno dia;Decrescente;Céu Claro;Simples;Reta;Sim;1;0;1;0;0;0;1;1;-6,77861015;-38,23404908;SPRF-PB;DEL03-PB;UOP03-DEL03-PB
579424;06/02/2024;terça-feira;16:45:00;RJ;101;454;MANGARATIBA;Acessar a via sem observar a presença dos outros veículos;Colisão traseira;Com Vítimas Feridas;Pleno dia;Crescente;Sol;Simples;Reta;Não;2;0;0;1;1;0;1;2;-23,0340287;-44,15061917;SPRF-RJ;DEL03-RJ;UOP02-DEL03-RJ
579426;06/02/2024;terça-feira;16:50:00;PR;376;217;JANDAIA DO SUL;Desrespeitar a preferência no cruzamento;Colisão transversal;Com Vítimas Feridas;Pleno dia;Crescente;Céu Claro;Simples;"Interseção de Vias;Em Obras";Sim;2;0;2;0;0;0;2;2;-23,59517752;-51,64132118;SPRF-PR;DEL09-PR;UOP01-DEL09-PR
579427;06/02/2024;terça-feira;17:30:00;SP;116;215;GUARULHOS;Manobra de mudança de faixa;Colisão traseira;Com Vítimas Feridas;Pleno dia;Decrescente;Céu Claro;Múltipla;Reta;Sim;2;0;1;0;1;0;1;2;-23,44695693;-46,45394103;SPRF-SP;DEL01-SP;UOP01-DEL01-SP
579428;06/02/2024;terça-feira;17:30:00;MG;381;897,2;CAMBUI;Pedestre cruzava a pista fora da faixa;Atropelamento de Pedestre;Com Vítimas Feridas;Pleno dia;Crescente;Céu Claro;Dupla;Reta;Não;2;0;1;0;1;0;1;2;-22,63961103;-46,08077997;SPRF-MG;DEL16-MG;UOP03-DEL16-MG
579429;06/02/2024;terça-feira;18:00:00;SC;101;206,4;SAO JOSE;Trafegar com motocicleta (ou similar) entre as faixas;Colisão traseira;Com Vítimas Feridas;Pleno dia;Crescente;Nublado;Múltipla;Reta;Sim;2;0;2;0;0;0;2;2;-27,59193546;-48,61824557;SPRF-SC;DEL01-SC;UOP01-DEL01-SC
579433;06/02/2024;terça-feira;17:50:00;RJ;493;18;GUAPIMIRIM;Ausência de reação do condutor;Colisão traseira;Com Vítimas Feridas;Anoitecer;Crescente;Céu Claro;Simples;Reta;Sim;2;0;1;0;1;0;1;2;-22,6687122;-43,01862696;SPRF-RJ;DEL04-RJ;UOP02-DEL04-RJ
579434;06/02/2024;terça-feira;16:00:00;RS;290;144;ELDORADO DO SUL;Acessar a via sem observar a presença dos outros veículos;Colisão transversal;Com Vítimas Feridas;Pleno dia;Decrescente;Céu Claro;Simples;Reta;Sim;3;0;2;0;1;0;2;2;-30,096939;-51,647282;SPRF-RS;DEL02-RS;UOP01-DEL02-RS
579435;06/02/2024;terça-feira;18:20:00;SE;235;54,6;ITABAIANA;Pista esburacada;Colisão com objeto;Com Vítimas Feridas;Plena Noite;Crescente;Céu Claro;Simples;Reta;Sim;1;0;1;0;0;0;1;1;-10,667386;-37,446014;SPRF-SE;DEL01-SE;UOP02-DEL01-SE
579436;06/02/2024;terça-feira;17:25:00;SC;101;207,7;SAO JOSE;Reação tardia ou ineficiente do condutor;Tombamento;Com Vítimas Feridas;Anoitecer;Crescente;Céu Claro;Dupla;"Declive;Reta";Sim;1;0;1;0;0;0;1;1;-27,60184595;-48,62742132;SPRF-SC;DEL01-SC;UOP01-DEL01-SC
579440;06/02/2024;terça-feira;17:50:00;SC;282;354;CAMPOS NOVOS;Ausência de reação do condutor;Saída de leito carroçável;Com Vítimas Feridas;Pleno dia;Decrescente;Céu Claro;Simples;Curva;Não;1;0;1;0;0;0;1;1;-27,35796;-51,330452;SPRF-SC;DEL07-SC;UOP06-DEL07-SC
579444;06/02/2024;terça-feira;18:35:00;TO;153;497,7;PARAISO DO TOCANTINS;Ausência de sinalização;Colisão frontal;Com Vítimas Feridas;Plena Noite;Crescente;Chuva;Simples;"Reta;Interseção de Vias";Não;2;0;1;0;1;0;1;2;-10,18390502;-48,88017144;SPRF-TO;DEL01-TO;UOP01-DEL01-TO
579447;06/02/2024;terça-feira;16:30:00;SC;101;283,1;IMBITUBA;Ingestão de álcool pelo condutor;Colisão com objeto;Com Vítimas Feridas;Pleno dia;Crescente;Céu Claro;Dupla;Reta;Não;1;0;0;1;0;0;1;1;-28,2219;-48,700659;SPRF-SC;DEL02-SC;UOP03-DEL02-SC
579448;06/02/2024;terça-feira;16:50:00;MA;316;620,8;TIMON;Condutor deixou de manter distância do veículo da frente;Colisão traseira;Com Vítimas Feridas;Pleno dia;Decrescente;Céu Claro;Simples;Reta;Sim;2;0;0;1;1;0;1;2;-5,12020318;-42,82403111;SPRF-MA;DEL03-MA;UOP02-DEL03-MA
579449;06/02/2024;terça-feira;09:53:00;BA;101;742;ITABELA;Demais falhas mecânicas ou elétricas;Incêndio;Sem Vítimas;Pleno dia;Decrescente;Nublado;Múltipla;"Aclive;Curva";Não;1;0;0;0;0;1;0;1;-16,55097614;-39,57126618;SPRF-BA;DEL09-BA;UOP01-DEL09-BA
579450;06/02/2024;terça-feira;18:30:00;SC;101;195,6;SAO JOSE;Acessar a via sem observar a presença dos outros veículos;Colisão transversal;Com Vítimas Feridas;Anoitecer;Decrescente;Garoa/Chuvisco;Múltipla;Reta;Sim;2;0;1;0;1;0;1;2;-27,5047092;-48,65010819;SPRF-SC;DEL01-SC;UOP01-DEL01-SC
579454;06/02/2024;terça-feira;18:10:00;SP;116;106;TAUBATE;Ausência de reação do condutor;Colisão lateral mesmo sentido;Com Vítimas Feridas;Anoitecer;Decrescente;Céu Claro;Dupla;Reta;Não;2;0;1;0;1;0;1;2;-23,01250593;-45,52256005;SPRF-SP;DEL02-SP;UOP02-DEL02-SP
579456;06/02/2024;terça-feira;18:15:00;SC;101;425,2;ARARANGUA;Desrespeitar a preferência no cruzamento;Colisão transversal;Com Vítimas Feridas;Anoitecer;Crescente;Céu Claro;Simples;"Reta;Interseção de Vias";Sim;6;0;5;0;1;0;5;2;-29,02095789;-49,59124506;SPRF-SC;DEL02-SC;UOP02-DEL02-SC
579457;06/02/2024;terça-feira;19:25:00;MG;459;82;CONGONHAL;Transitar no Acostamento;Atropelamento de Pedestre;Com Vítimas Feridas;Plena Noite;Decrescente;Céu Claro;Simples;Reta;Não;2;0;0;2;0;0;2;2;-22,155767;-46,081566;SPRF-MG;DEL09-MG;UOP01-DEL09-MG
579459;06/02/2024;terça-feira;18:10:00;PR;277;577;CASCAVEL;Acostamento em desnível;Tombamento;Com Vítimas Feridas;Pleno dia;Crescente;Nublado;Dupla;Reta;Não;1;0;1;0;0;0;1;1;-24,98510305;-53,33984701;SPRF-PR;DEL04-PR;UOP01-DEL04-PR
579460;06/02/2024;terça-feira;19:20:00;SC;101;334,9;TUBARAO;Avarias e/ou desgaste excessivo no pneu;Colisão com objeto;Com Vítimas Feridas;Plena Noite;Crescente;Garoa/Chuvisco;Simples;Reta;Sim;2;0;1;1;0;0;2;1;-28,46927473;-49,01557908;SPRF-SC;DEL02-SC;UOP01-DEL02-SC
579462;06/02/2024;terça-feira;20:00:00;RS;116;269;CANOAS;Acumulo de óleo sobre o pavimento;Queda de ocupante de veículo;Com Vítimas Feridas;Plena Noite;Decrescente;Céu Claro;Múltipla;Interseção de Vias;Sim;2;0;2;0;0;0;2;1;-29,96284862;-51,17615104;SPRF-RS;DEL01-RS;UOP01-DEL01-RS
579463;06/02/2024;terça-feira;18:55:00;MG;50;143,8;UBERABA;Velocidade Incompatível;Saída de leito carroçável;Com Vítimas Feridas;Plena Noite;Crescente;Garoa/Chuvisco;Dupla;"Aclive;Reta";Não;1;0;1;0;0;0;1;1;-19,50261301;-48,04531304;SPRF-MG;DEL13-MG;UOP01-DEL13-MG
579464;14/01/2024;domingo;09:00:00;RS;392;110;CANGUCU;Acessar a via sem observar a presença dos outros veículos;Colisão transversal;Com Vítimas Feridas;Pleno dia;Crescente;Céu Claro;Simples;Curva;Sim;2;0;1;0;1;0;1;2;-31,46286685;-52,63497175;SPRF-RS;DEL07-RS;UOP01-DEL07-RS
579465;06/02/2024;terça-feira;18:37:00;PA;230;157;ITUPIRANGA;Animais na Pista;Atropelamento de Animal;Com Vítimas Feridas;Plena Noite;Decrescente;Céu Claro;Simples;"Reta;Declive";Não;2;0;1;0;0;1;1;2;-5,193521;-49,361963;SPRF-PA;DEL03-PA;UOP01-DEL03-PA
579466;06/02/2024;terça-feira;20:00:00;MG;40;532;BELO HORIZONTE;Avarias e/ou desgaste excessivo no pneu;Tombamento;Com Vítimas Feridas;Plena Noite;Decrescente;Nublado;Dupla;Reta;Sim;2;0;1;0;1;0;1;1;-19,92372561;-44,01700789;SPRF-MG;DEL01-MG;UOP02-DEL01-MG
579469;06/02/2024;terça-feira;19:25:00;RS;153;1,3;CACHOEIRA DO SUL;Manobra de mudança de faixa;Colisão frontal;Com Vítimas Feridas;Anoitecer;Crescente;Céu Claro;Simples;"Reta;Interseção de Vias";Sim;3;0;2;0;1;0;2;2;-30,00185578;-52,90889476;SPRF-RS;DEL08-RS;UOP04-DEL08-RS
579470;06/02/2024;terça-feira;21:20:00;RN;101;95;NATAL;Manobra de mudança de faixa;Colisão traseira;Com Vítimas Feridas;Plena Noite;Decrescente;Céu Claro;Múltipla;Reta;Sim;3;0;1;0;2;0;1;2;-5,84076841;-35,21035949;SPRF-RN;DEL01-RN;UOP01-DEL01-RN
579471;06/02/2024;terça-feira;17:00:00;MG;365;213;BURITIZEIRO;Ausência de reação do condutor;Saída de leito carroçável;Com Vítimas Feridas;Anoitecer;Crescente;Chuva;Simples;Reta;Não;2;0;1;1;0;0;2;1;-17,56727915;-45,3223819;SPRF-MG;DEL10-MG;UOP02-DEL010-MG
579472;06/02/2024;terça-feira;20:20:00;SC;101;278,8;IMBITUBA;Ingestão de álcool pelo condutor;Colisão traseira;Com Vítimas Feridas;Plena Noite;Decrescente;Nublado;Múltipla;Declive;Não;2;0;2;0;0;0;2;2;-28,16300604;-48,6939345;SPRF-SC;DEL02-SC;UOP03-DEL02-SC
579473;06/02/2024;terça-feira;21:07:00;MG;459;95,5;POUSO ALEGRE;Pista Escorregadia;Queda de ocupante de veículo;Com Vítimas Feridas;Plena Noite;Crescente;Céu Claro;Simples;Reta;Não;1;0;0;1;0;0;1;1;-22,189781;-45,983028;SPRF-MG;DEL09-MG;UOP01-DEL09-MG
579474;06/02/2024;terça-feira;22:00:00;GO;60;96;ANAPOLIS;Pedestre cruzava a pista fora da faixa;Atropelamento de Pedestre;Com Vítimas Fatais;Plena Noite;Decrescente;Chuva;Dupla;Reta;Sim;3;1;0;0;1;1;0;2;-16,371;-48,9422;SPRF-GO;DEL02-GO;UOP01-DEL02-GO
579476;06/02/2024;terça-feira;21:20:00;PE;428;186,7;PETROLINA;Manobra de mudança de faixa;Colisão transversal;Com Vítimas Feridas;Plena Noite;Decrescente;Céu Claro;Dupla;"Reta;Retorno Regulamentado;Interseção de Vias";Sim;2;0;0;1;1;0;1;2;-9,34807826;-40,47441248;SPRF-PE;DEL06-PE;UOP01-DEL06-PE
579478;06/02/2024;terça-feira;22:00:00;SC;101;333,2;TUBARAO;Desrespeitar a preferência no cruzamento;Colisão transversal;Com Vítimas Feridas;Plena Noite;Decrescente;Céu Claro;Simples;Interseção de Vias;Não;3;0;1;0;2;0;1;2;-28,46630107;-48,99653096;SPRF-SC;DEL02-SC;UOP01-DEL02-SC
579479;06/02/2024;terça-feira;19:40:00;MG;116;6;DIVISA ALEGRE;Ausência de reação do condutor;Capotamento;Com Vítimas Fatais;Plena Noite;Crescente;Céu Claro;Simples;Interseção de Vias;Não;3;1;1;1;0;0;2;1;-15,75408068;-41,33057378;SPRF-BA;DEL08-BA;UOP03-DEL08-BA
579480;06/02/2024;terça-feira;20:30:00;AL;316;256;PILAR;Reação tardia ou ineficiente do condutor;Queda de ocupante de veículo;Com Vítimas Feridas;Plena Noite;Crescente;Céu Claro;Simples;Reta;Não;1;0;1;0;0;0;1;1;-9,59085179;-35,94104899;SPRF-AL;DEL02-AL;UOP01-DEL02-AL
579481;06/02/2024;terça-feira;23:30:00;RS;386;346;LAJEADO;Acumulo de óleo sobre o pavimento;Tombamento;Com Vítimas Feridas;Plena Noite;Decrescente;Céu Claro;Dupla;"Curva;Em Obras";Não;1;0;1;0;0;0;1;1;-29,44763263;-51,97258472;SPRF-RS;DEL04-RS;UOP01-DEL04-RS
579484;06/02/2024;terça-feira;23:26:00;DF;60;0,9;BRASILIA;Demais falhas mecânicas ou elétricas;Incêndio;Sem Vítimas;Plena Noite;Crescente;Nublado;Dupla;Reta;Sim;1;0;0;0;1;0;0;1;-15,882499;-48,060212;SPRF-DF;DEL03-DF;UOP01-DEL03-DF
579486;07/02/2024;quarta-feira;00:15:00;GO;153;506;APARECIDA DE GOIANIA;Velocidade Incompatível;Colisão traseira;Sem Vítimas;Plena Noite;Crescente;Garoa/Chuvisco;Dupla;Reta;Sim;5;0;0;0;5;0;0;2;-16,75468066;-49,24103379;SPRF-GO;DEL01-GO;UOP01-DEL01-GO
579487;07/02/2024;quarta-feira;00:15:00;PE;232;34;MORENO;Falta de elemento de contenção que evite a saída do leito carroçável;Saída de leito carroçável;Com Vítimas Feridas;Plena Noite;Crescente;Céu Claro;Dupla;Curva;Não;1;0;1;0;0;0;1;1;-8,10702537;-35,18394691;SPRF-PE;DEL01-PE;UOP01-DEL01-PE
579488;07/02/2024;quarta-feira;00:25:00;SP;116;222,6;GUARULHOS;Ausência de reação do condutor;Colisão traseira;Com Vítimas Feridas;Plena Noite;Decrescente;Nublado;Simples;Reta;Sim;2;0;1;0;1;0;1;2;-23,47093408;-46,51631097;SPRF-SP;DEL01-SP;UOP01-DEL01-SP
579489;06/02/2024;terça-feira;18:00:00;RJ;101;316;SAO GONCALO;Manobra de mudança de faixa;Colisão traseira;Com Vítimas Feridas;Pleno dia;Decrescente;Céu Claro;Dupla;Reta;Não;2;0;1;0;1;0;1;2;-22,82835879;-43,09208739;SPRF-RJ;DEL02-RJ;UOP02-DEL02-RJ
579490;06/02/2024;terça-feira;22:30:00;SC;101;202,3;SAO JOSE;Frear bruscamente;Queda de ocupante de veículo;Com Vítimas Feridas;Plena Noite;Crescente;Chuva;Simples;Reta;Sim;1;0;0;1;0;0;1;1;-27,55711595;-48,61897889;SPRF-SC;DEL01-SC;UOP01-DEL01-SC
579491;06/02/2024;terça-feira;19:30:00;BA;242;740;BARREIRAS;Animais na Pista;Atropelamento de Animal;Com Vítimas Feridas;Plena Noite;Crescente;Céu Claro;Simples;Reta;Não;2;0;2;0;0;0;2;1;-12,16733829;-44,55918803;SPRF-BA;DEL10-BA;UOP01-DEL10-BA
579492;07/02/2024;quarta-feira;00:30:00;MS;262;355;CAMPO GRANDE;Ausência de reação do condutor;Atropelamento de Pedestre;Com Vítimas Feridas;Plena Noite;Crescente;Céu Claro;Simples;Reta;Sim;2;0;1;1;0;0;2;2;-20,55085314;-54,67160768;SPRF-MS;DEL01-MS;UOP03-DEL01-MS
579493;07/02/2024;quarta-feira;00:50:00;SP;381;86;SAO PAULO;Reação tardia ou ineficiente do condutor;Capotamento;Com Vítimas Feridas;Plena Noite;Decrescente;Céu Claro;Múltipla;Curva;Sim;2;0;1;0;1;0;1;1;-23,45930499;-46,57161179;SPRF-SP;DEL03-SP;UOP01-DEL03-SP
579494;06/02/2024;terça-feira;22:20:00;PI;407;458,5;JAICOS;Ausência de reação do condutor;Colisão traseira;Com Vítimas Fatais;Plena Noite;Crescente;Céu Claro;Simples;Reta;Não;3;1;0;1;1;0;1;2;-7,28660083;-41,19554088;SPRF-PI;DEL04-PI;UOP01-DEL04-PI
579497;07/02/2024;quarta-feira;01:40:00;SC;101;350,7;JAGUARUNA;Condutor Dormindo;Saída de leito carroçável;Com Vítimas Feridas;Plena Noite;Decrescente;Chuva;Dupla;"Aclive;Reta;Viaduto";Não;1;0;1;0;0;0;1;1;-28,5977641;-49,04943589;SPRF-SC;DEL02-SC;UOP01-DEL02-SC
579499;07/02/2024;quarta-feira;03:24:00;PE;101;45,1;IGARASSU;Reação tardia ou ineficiente do condutor;Colisão com objeto;Sem Vítimas;Plena Noite;Crescente;Céu Claro;Múltipla;Reta;Sim;1;0;0;0;1;0;0;1;-7,86521297;-34,90715176;SPRF-PE;DEL01-PE;UOP02-DEL01-PE
579501;07/02/2024;quarta-feira;04:00:00;GO;70;315;JUSSARA;Ingestão de álcool pelo condutor;Saída de leito carroçável;Com Vítimas Feridas;Plena Noite;Decrescente;Ignorado;Dupla;Interseção de Vias;Sim;1;0;1;0;0;0;1;1;-15,87284632;-50,84953308;SPRF-GO;DEL04-GO;UOP02-DEL04-GO
579502;07/02/2024;quarta-feira;04:40:00;MG;116;453,8;ENGENHEIRO CALDAS;Animais na Pista;Atropelamento de Animal;Com Vítimas Feridas;Amanhecer;Crescente;Céu Claro;Simples;Curva;Não;1;0;0;1;0;0;1;1;-19,17637694;-42,0358701;SPRF-MG;DEL06-MG;UOP02-DEL06-MG
579504;07/02/2024;quarta-feira;05:30:00;BA;242;779;BARREIRAS;Acumulo de água sobre o pavimento;Saída de leito carroçável;Sem Vítimas;Pleno dia;Crescente;Chuva;Simples;Curva;Não;1;0;0;0;1;0;0;1;-12,15048602;-44,70085001;SPRF-BA;DEL10-BA;UOP01-DEL10-BA
579505;07/02/2024;quarta-feira;02:30:00;PR;376;503;PONTA GROSSA;Ingestão de álcool pelo condutor;Saída de leito carroçável;Sem Vítimas;Plena Noite;Decrescente;Céu Claro;Dupla;Reta;Não;1;0;0;0;1;0;0;1;-25,22314697;-50,05150696;SPRF-PR;DEL03-PR;UOP04-DEL03-PR
579506;06/02/2024;terça-feira;22:50:00;SC;116;69;MONTE CASTELO;Ausência de reação do condutor;Saída de leito carroçável;Com Vítimas Feridas;Plena Noite;Decrescente;Céu Claro;Simples;Rotatória;Sim;1;0;1;0;0;0;1;1;-26,46036818;-50,22889671;SPRF-SC;DEL06-SC;UOP02-DEL06-SC
579507;07/02/2024;quarta-feira;06:30:00;SP;116;105;TAUBATE;Reação tardia ou ineficiente do condutor;Queda de ocupante de veículo;Com Vítimas Feridas;Amanhecer;Crescente;Céu Claro;Dupla;Reta;Não;1;0;1;0;0;0;1;1;-23,00757973;-45,51466613;SPRF-SP;DEL02-SP;UOP02-DEL02-SP
579508;07/02/2024;quarta-feira;07:20:00;RS;293;0;PELOTAS;Ausência de reação do condutor;Colisão frontal;Sem Vítimas;Amanhecer;Crescente;Céu Claro;Simples;Reta;Sim;1;0;0;0;0;1;0;1;-31,760326;-52,356205;SPRF-RS;DEL07-RS;UOP01-DEL07-RS
579509;07/02/2024;quarta-feira;06:40:00;SP;153;61,9;SAO JOSE DO RIO PRETO;Trafegar com motocicleta (ou similar) entre as faixas;Colisão traseira;Com Vítimas Feridas;Pleno dia;Crescente;Céu Claro;Dupla;Reta;Sim;2;0;1;0;1;0;1;2;-20,80502876;-49,35574909;SPRF-SP;DEL09-SP;UOP01-DEL09-SP
579512;07/02/2024;quarta-feira;07:10:00;BA;324;619,9;SALVADOR;Condutor deixou de manter distância do veículo da frente;Colisão traseira;Com Vítimas Feridas;Pleno dia;Crescente;Sol;Múltipla;Reta;Sim;3;0;2;0;1;0;2;2;-12,90482172;-38,45556535;SPRF-BA;DEL01-BA;UOP01-DEL01-BA
579513;07/02/2024;quarta-feira;07:30:00;CE;116;22;AQUIRAZ;Avarias e/ou desgaste excessivo no pneu;Queda de ocupante de veículo;Com Vítimas Feridas;Pleno dia;Decrescente;Garoa/Chuvisco;Dupla;Reta;Não;1;0;1;0;0;0;1;1;-3,94070798;-38,50918633;SPRF-CE;DEL01-CE;UOP02-DEL01-CE
579514;07/02/2024;quarta-feira;07:24:00;RN;101;98;NATAL;Condutor deixou de manter distância do veículo da frente;Colisão traseira;Sem Vítimas;Pleno dia;Decrescente;Céu Claro;Múltipla;Reta;Sim;2;0;0;0;2;0;0;2;-5,86567888;-35,21651625;SPRF-RN;DEL01-RN;UOP01-DEL01-RN
579515;07/02/2024;quarta-feira;07:45:00;PR;116;121;CURITIBA;Ausência de reação do condutor;Colisão traseira;Com Vítimas Feridas;Pleno dia;Decrescente;Céu Claro;Dupla;Reta;Não;2;0;1;0;1;0;1;2;-25,5599323;-49,30743945;SPRF-PR;DEL01-PR;UOP03-DEL01-PR
579517;05/02/2024;segunda-feira;22:00:00;PE;0;0;CABROBO;Acumulo de areia ou detritos sobre o pavimento;Colisão com objeto;Sem Vítimas;Plena Noite;Não Informado;Nublado;Simples;"Aclive;Interseção de Vias";Não;4;0;0;0;4;0;0;1;-8,449298;-39,264414;SPRF-PE;DEL05-PE;UOP03-DEL05-PE
579518;07/02/2024;quarta-feira;07:20:00;PE;428;189;PETROLINA;Reação tardia ou ineficiente do condutor;Colisão transversal;Com Vítimas Feridas;Pleno dia;Crescente;Céu Claro;Múltipla;Reta;Sim;2;0;0;1;1;0;1;2;-9,37675839;-40,49742308;SPRF-PE;DEL06-PE;UOP01-DEL06-PE
579519;07/02/2024;quarta-feira;07:40:00;RS;116;264;CANOAS;Mal súbito do condutor;Colisão traseira;Sem Vítimas;Pleno dia;Crescente;Céu Claro;Dupla;Reta;Sim;2;0;0;0;2;0;0;2;-29,914435;-51,17754495;SPRF-RS;DEL01-RS;UOP01-DEL01-RS
579520;07/02/2024;quarta-feira;08:00:00;PR;369;149;LONDRINA;Condutor deixou de manter distância do veículo da frente;Colisão traseira;Com Vítimas Feridas;Pleno dia;Crescente;Céu Claro;Dupla;"Interseção de Vias;Reta";Sim;2;0;1;0;1;0;1;2;-23,29296498;-51,15367144;SPRF-PR;DEL07-PR;UOP01-DEL07-PR
579521;07/02/2024;quarta-feira;08:15:00;SC;101;212,4;PALHOCA;Trafegar com motocicleta (ou similar) entre as faixas;Colisão lateral mesmo sentido;Com Vítimas Feridas;Pleno dia;Decrescente;Céu Claro;Múltipla;Reta;Sim;2;0;1;0;1;0;1;2;-27,62996929;-48,65903871;SPRF-SC;DEL01-SC;UOP02-DEL01-SC
579522;07/02/2024;quarta-feira;05:30:00;PA;10;351;SANTA MARIA DO PARA;Ausência de reação do condutor;Atropelamento de Animal;Com Vítimas Feridas;Pleno dia;Crescente;Céu Claro;Simples;Reta;Não;3;0;3;0;0;0;3;1;-1,37081;-47,569096;SPRF-PA;DEL01-PA;UOP02-DEL01-PA
579523;07/02/2024;quarta-feira;08:00:00;SP;381;33,3;ATIBAIA;Reação tardia ou ineficiente do condutor;Colisão com objeto;Com Vítimas Feridas;Pleno dia;Crescente;Sol;Dupla;Curva;Não;1;0;1;0;0;0;1;1;-23,0728028;-46,56673562;SPRF-SP;DEL03-SP;UOP02-DEL03-SP
579524;07/02/2024;quarta-feira;07:15:00;RJ;101;329;RIO DE JANEIRO;Reação tardia ou ineficiente do condutor;Tombamento;Com Vítimas Feridas;Pleno dia;Decrescente;Céu Claro;Múltipla;Reta;Não;1;0;1;0;0;0;1;1;-22,86939305;-43,175642;SPRF-RJ;DEL02-RJ;UOP01-DEL02-RJ
579525;07/02/2024;quarta-feira;07:50:00;DF;40;0,2;BRASILIA;Reação tardia ou ineficiente do condutor;Saída de leito carroçável;Com Vítimas Feridas;Pleno dia;Decrescente;Nublado;Dupla;Viaduto;Não;1;0;1;0;0;0;1;1;-15,976897;-47,990129;SPRF-DF;DEL01-DF;UOP01-DEL01-DF
579526;19/01/2024;sexta-feira;07:30:00;PR;476;149;ARAUCARIA;Manobra de mudança de faixa;Colisão lateral mesmo sentido;Com Vítimas Feridas;Amanhecer;Crescente;Nublado;Dupla;Reta;Sim;2;0;1;0;0;1;1;2;-25,55874102;-49,36908782;SPRF-PR;DEL01-PR;UOP06-DEL01-PR
579527;07/02/2024;quarta-feira;08:30:00;ES;101;265;SERRA;Ausência de reação do condutor;Colisão lateral mesmo sentido;Sem Vítimas;Pleno dia;Decrescente;Céu Claro;Simples;Curva;Sim;3;0;0;0;2;1;0;3;-20,1816849;-40,26536036;SPRF-ES;DEL02-ES;UOP01-DEL02-ES
579528;07/02/2024;quarta-feira;08:07:00;PE;407;124;PETROLINA;Reação tardia ou ineficiente do condutor;Colisão transversal;Com Vítimas Feridas;Pleno dia;Decrescente;Sol;Dupla;Reta;Sim;2;0;1;0;1;0;1;2;-9,36929881;-40,54137139;SPRF-PE;DEL06-PE;UOP01-DEL06-PE
579529;07/02/2024;quarta-feira;08:30:00;GO;60;94;ANAPOLIS;Avarias e/ou desgaste excessivo no pneu;Tombamento;Com Vítimas Feridas;Pleno dia;Crescente;Céu Claro;Múltipla;"Reta;Interseção de Vias;Aclive";Sim;2;0;2;0;0;0;2;1;-16,3611;-48,9328;SPRF-GO;DEL02-GO;UOP01-DEL02-GO
579530;07/02/2024;quarta-feira;08:30:00;CE;20;308;CANINDE;Animais na Pista;Queda de ocupante de veículo;Com Vítimas Feridas;Pleno dia;Decrescente;Céu Claro;Simples;Reta;Sim;1;0;1;0;0;0;1;1;-4,34943993;-39,29934009;SPRF-CE;DEL02-CE;UOP01-DEL02-CE