id;data_inversa;dia_semana;horario;uf;br;km;municipio;causa_acidente;tipo_acidente;classificacao_acidente;fase_dia;sentido_via;condicao_metereologica;tipo_pista;tracado_via;uso_solo;pessoas;mortos;feridos_leves;feridos_graves;ilesos;ignorados;feridos;veiculos;latitude;longitude;regional;delegacia;uop
579531;07/02/2024;quarta-feira;06:40:00;AC;317;144;CAPIXABA;Ausência de reação do condutor;Colisão com objeto;Com Vítimas Feridas;Pleno dia;Crescente;Sol;Dupla;Rotatória;Não;1;0;1;0;0;0;1;1;-10,566394;-67,67609;SPRF-AC;DEL01-AC;UOP01-DEL01-AC
579532;07/02/2024;quarta-feira;08:45:00;SC;282;17;PALHOCA;Acessar a via sem observar a presença dos outros veículos;Colisão transversal;Sem Vítimas;Pleno dia;Crescente;Céu Claro;Simples;Reta;Não;2;0;0;0;2;0;0;2;-27,665707;-48,688065;SPRF-SC;DEL01-SC;UOP02-DEL01-SC
579533;07/02/2024;quarta-feira;09:00:00;SP;116;220;GUARULHOS;Trafegar com motocicleta (ou similar) entre as faixas;Colisão lateral sentido oposto;Com Vítimas Feridas;Pleno dia;Crescente;Sol;Múltipla;Reta;Sim;2;0;1;0;1;0;1;2;-23,46472809;-46,49793962;SPRF-SP;DEL01-SP;UOP01-DEL01-SP
579537;07/02/2024;quarta-feira;07:20:00;PR;369;37,8;ANDIRA;Acessar a via sem observar a presença dos outros veículos;Colisão transversal;Com Vítimas Feridas;Pleno dia;Crescente;Céu Claro;Simples;Interseção de Vias;Sim;2;0;0;1;0;1;1;2;-23,04865617;-50,23685753;SPRF-PR;DEL07-PR;UOP05-DEL07-PR
579538;04/02/2024;domingo;09:00:00;RJ;40;108;DUQUE DE CAXIAS;Acumulo de óleo sobre o pavimento;Queda de ocupante de veículo;Com Vítimas Feridas;Pleno dia;Decrescente;Nublado;Simples;"Aclive;Curva";Não;1;0;1;0;0;0;1;1;-22,66476979;-43,28495144;SPRF-RJ;DEL01-RJ;UOP02-DEL01-RJ
579539;07/02/2024;quarta-feira;09:00:00;MT;70;7;BARRA DO GARCAS;Desrespeitar a preferência no cruzamento;Colisão lateral mesmo sentido;Com Vítimas Feridas;Pleno dia;Crescente;Céu Claro;Dupla;Rotatória;Sim;3;0;1;0;2;0;1;2;-15,878143;-52,316788;SPRF-MT;DEL07-MT;UOP01-DEL07-MT
579540;07/02/2024;quarta-feira;09:25:00;GO;40;3;VALPARAISO DE GOIAS;Condutor deixou de manter distância do veículo da frente;Engavetamento;Com Vítimas Feridas;Pleno dia;Decrescente;Nublado;Dupla;Reta;Sim;4;0;2;0;2;0;2;3;-16,076081;-47,985671;SPRF-DF;DEL01-DF;UOP01-DEL01-DF
579541;03/02/2024;sábado;22:35:00;RJ;101;319;NITEROI;Avarias e/ou desgaste excessivo no pneu;Queda de ocupante de veículo;Com Vítimas Feridas;Plena Noite;Decrescente;Céu Claro;Dupla;Reta;Sim;2;0;2;0;0;0;2;1;-22,85411774;-43,1018014;SPRF-RJ;DEL02-RJ;UOP02-DEL02-RJ
579545;03/02/2024;sábado;18:30:00;PE;101;66,6;RECIFE;Pedestre - Ingestão de álcool/ substâncias psicoativas;Atropelamento de Pedestre;Com Vítimas Feridas;Plena Noite;Decrescente;Céu Claro;Dupla;Reta;Sim;4;0;0;1;2;1;1;3;-8,056825;-34,946191;SPRF-PE;DEL01-PE;UOP01-DEL01-PE
579547;07/02/2024;quarta-feira;11:30:00;SC;101;201;BIGUACU;Trafegar com motocicleta (ou similar) entre as faixas;Colisão lateral mesmo sentido;Com Vítimas Feridas;Pleno dia;Crescente;Céu Claro;Múltipla;Reta;Não;2;0;1;0;1;0;1;2;-27,54836599;-48,61977975;SPRF-SC;DEL01-SC;UOP01-DEL01-SC
579548;07/02/2024;quarta-feira;11:10:00;PB;230;88;JOAO PESSOA;Ausência de reação do condutor;Colisão traseira;Com Vítimas Feridas;Pleno dia;Crescente;Céu Claro;Dupla;Reta;Sim;2;0;1;0;1;0;1;2;-7,16684328;-34,89676237;SPRF-PB;DEL01-PB;UOP03-DEL01-PB
579549;07/02/2024;quarta-feira;10:40:00;RS;290;720;URUGUAIANA;Ausência de reação do condutor;Colisão com objeto;Com Vítimas Feridas;Pleno dia;Crescente;Céu Claro;Dupla;"Reta;Declive;Viaduto";Sim;2;0;0;1;0;1;1;2;-29,766502;-57,058228;SPRF-RS;DEL13-RS;UOP01-DEL13-RS
579550;07/02/2024;quarta-feira;08:50:00;RJ;393;215;VASSOURAS;Avarias e/ou desgaste excessivo no pneu;Saída de leito carroçável;Com Vítimas Feridas;Pleno dia;Crescente;Céu Claro;Simples;Aclive;Não;1;0;1;0;0;0;1;1;-22,29076364;-43,48259416;SPRF-RJ;DEL05-RJ;UOP03-DEL05-RJ
579552;07/02/2024;quarta-feira;06:30:00;PR;153;360;RIO AZUL;Acesso irregular;Colisão transversal;Com Vítimas Feridas;Amanhecer;Decrescente;Céu Claro;Simples;Reta;Não;3;0;2;1;0;0;3;2;-25,67503796;-50,75089805;SPRF-PR;DEL08-PR;UOP02-DEL08-PR
579553;07/02/2024;quarta-feira;11:45:00;PR;369;138;IBIPORA;Ultrapassagem Indevida;Colisão lateral mesmo sentido;Com Vítimas Feridas;Pleno dia;Decrescente;Céu Claro;Simples;"Reta;Interseção de Vias";Sim;3;0;1;0;2;0;1;2;-23,27309959;-51,0524261;SPRF-PR;DEL07-PR;UOP01-DEL07-PR
579554;07/02/2024;quarta-feira;11:00:00;RS;392;7,3;RIO GRANDE;Ultrapassagem Indevida;Colisão lateral mesmo sentido;Com Vítimas Feridas;Pleno dia;Decrescente;Céu Claro;Simples;Reta;Sim;2;0;1;0;1;0;1;2;-32,093615;-52,108877;SPRF-RS;DEL07-RS;UOP02-DEL07-RS
579556;07/02/2024;quarta-feira;05:00:00;PR;277;608;SANTA TEREZA DO OESTE;Ausência de reação do condutor;Capotamento;Sem Vítimas;Amanhecer;Crescente;Céu Claro;Simples;Reta;Sim;1;0;0;0;0;1;0;1;-25,043823;-53,6063749;SPRF-PR;DEL05-PR;UOP02-DEL05-PR
579560;07/02/2024;quarta-feira;13:30:00;SP;381;10;VARGEM;Manobra de mudança de faixa;Colisão lateral mesmo sentido;Com Vítimas Feridas;Pleno dia;Crescente;Sol;Dupla;"Declive;Reta";Não;2;0;1;0;1;0;1;2;-22,92240388;-46,44345503;SPRF-SP;DEL03-SP;UOP02-DEL03-SP
579562;27/01/2024;sábado;14:20:00;AC;364;129;RIO BRANCO;Ausência de reação do condutor;Colisão traseira;Com Vítimas Feridas;Pleno dia;Crescente;Nublado;Simples;Reta;Não;2;0;0;1;1;0;1;2;-10,0240943;-67,8369574;SPRF-AC;DEL01-AC;UOP01-DEL01-AC
579565;07/02/2024;quarta-feira;07:55:00;MG;262;478;BOM DESPACHO;Conversão proibida;Colisão transversal;Com Vítimas Feridas;Pleno dia;Crescente;Céu Claro;Simples;Reta;Não;2;0;1;0;1;0;1;2;-19,78767779;-45,22989387;SPRF-MG;DEL08-MG;UOP03-DEL08-MG
579567;07/02/2024;quarta-feira;13:58:00;MG;381;621,3;OLIVEIRA;Velocidade Incompatível;Colisão com objeto;Com Vítimas Feridas;Pleno dia;Decrescente;Chuva;Dupla;"Declive;Curva";Não;40;0;33;3;4;0;36;1;-20,79358497;-44,78938914;SPRF-MG;DEL04-MG;UOP01-DEL04-MG
579568;07/02/2024;quarta-feira;12:35:00;SC;282;323,2;CAMPOS NOVOS;Mal súbito do condutor;Saída de leito carroçável;Com Vítimas Feridas;Pleno dia;Crescente;Nublado;Simples;Curva;Não;3;0;3;0;0;0;3;1;-27,394375;-51,0495;SPRF-SC;DEL07-SC;UOP06-DEL07-SC
579569;07/02/2024;quarta-feira;14:15:00;SP;116;222;GUARULHOS;Reação tardia ou ineficiente do condutor;Queda de ocupante de veículo;Com Vítimas Feridas;Pleno dia;Crescente;Céu Claro;Dupla;Reta;Sim;1;0;1;0;0;0;1;1;-23,47093408;-46,51631097;SPRF-SP;DEL01-SP;UOP01-DEL01-SP
579570;22/01/2024;segunda-feira;14:05:00;BA;324;514;FEIRA DE SANTANA;Reação tardia ou ineficiente do condutor;Tombamento;Com Vítimas Feridas;Pleno dia;Decrescente;Céu Claro;Simples;Reta;Sim;1;0;0;1;0;0;1;1;-12,23229233;-38,95215305;SPRF-BA;DEL02-BA;UOP01-DEL02-BA
579571;07/02/2024;quarta-feira;13:40:00;SP;116;147;SAO JOSE DOS CAMPOS;Condutor deixou de manter distância do veículo da frente;Colisão traseira;Com Vítimas Feridas;Pleno dia;Crescente;Céu Claro;Dupla;Reta;Sim;3;0;1;0;1;1;1;3;-23,19542994;-45,87176303;SPRF-SP;DEL02-SP;UOP01-DEL02-SP
579578;07/02/2024;quarta-feira;11:35:00;RJ;393;236;VASSOURAS;Acessar a via sem observar a presença dos outros veículos;Colisão transversal;Com Vítimas Feridas;Pleno dia;Crescente;Nublado;Simples;Reta;Sim;2;0;1;0;1;0;1;2;-22,38996804;-43,64928296;SPRF-RJ;DEL05-RJ;UOP03-DEL05-RJ
579583;07/02/2024;quarta-feira;14:15:00;MG;40;668,7;CARANDAI;Velocidade Incompatível;Saída de leito carroçável;Com Vítimas Feridas;Pleno dia;Crescente;Nublado;Simples;Curva;Não;1;0;1;0;0;0;1;1;-20,95232841;-43,79297337;SPRF-MG;DEL05-MG;UOP02-DEL05-MG
579586;07/02/2024;quarta-feira;15:00:00;MA;230;254;LORETO;Ausência de reação do condutor;Saída de leito carroçável;Com Vítimas Feridas;Pleno dia;Crescente;Céu Claro;Simples;"Aclive;Reta";Não;3;0;3;0;0;0;3;1;-6,82107727;-44,98675893;SPRF-MA;DEL05-MA;UOP01-DEL05-MA
579588;11/01/2024;quinta-feira;03:30:00;ES;101;404,1;ITAPEMIRIM;Ultrapassagem Indevida;Colisão frontal;Com Vítimas Fatais;Plena Noite;Crescente;Céu Claro;Simples;Curva;Não;3;1;0;0;2;0;0;3;-20,89541789;-41,00720306;SPRF-ES;DEL03-ES;UOP02-DEL03-ES
579589;07/02/2024;quarta-feira;15:24:00;ES;101;258;SERRA;Acessar a via sem observar a presença dos outros veículos;Colisão transversal;Com Vítimas Feridas;Pleno dia;Decrescente;Céu Claro;Simples;Interseção de Vias;Sim;2;0;1;0;1;0;1;2;-20,13435065;-40,2930522;SPRF-ES;DEL02-ES;UOP01-DEL02-ES
579590;07/02/2024;quarta-feira;15:00:00;SC;101;133,8;BALNEARIO CAMBORIU;Reação tardia ou ineficiente do condutor;Tombamento;Com Vítimas Feridas;Pleno dia;Decrescente;Céu Claro;Dupla;Reta;Sim;1;0;0;1;0;0;1;1;-26,99936;-48,64609;SPRF-SC;DEL04-SC;UOP03-DEL04-SC
579592;07/02/2024;quarta-feira;14:10:00;MS;163;360;NOVA ALVORADA DO SUL;Ausência de reação do condutor;Engavetamento;Sem Vítimas;Pleno dia;Crescente;Chuva;Simples;"Em Obras;Reta";Não;3;0;0;0;3;0;0;3;-21,50729115;-54,39820755;SPRF-MS;DEL02-MS;UOP01-DEL02-MS
579593;30/01/2024;terça-feira;21:30:00;AM;319;308;BERURI;Afundamento ou ondulação no pavimento;Saída de leito carroçável;Com Vítimas Feridas;Plena Noite;Decrescente;Nublado;Simples;Reta;Não;38;0;24;0;4;10;24;1;-4,999947;-61,593998;SPRF-AM;DEL01-AM;UOP04-DEL01-AM
579594;07/02/2024;quarta-feira;12:30:00;RO;364;209,7;PIMENTA BUENO;Acumulo de água sobre o pavimento;Saída de leito carroçável;Sem Vítimas;Pleno dia;Crescente;Chuva;Simples;Reta;Não;3;0;0;0;3;0;0;2;-11,59057021;-61,25208378;SPRF-RO;DEL02-RO;UOP02-DEL02-RO
579595;07/02/2024;quarta-feira;15:37:00;RS;392;677,1;SAO PEDRO DO BUTIA;Ingestão de álcool pelo condutor;Colisão traseira;Sem Vítimas;Pleno dia;Decrescente;Céu Claro;Simples;"Reta;Em Obras";Não;3;0;0;0;3;0;0;3;-28,13043051;-54,87773895;SPRF-RS;DEL10-RS;UOP01-DEL10-RS
579596;07/02/2024;quarta-feira;15:00:00;SC;101;210,4;SAO JOSE;Ausência de reação do condutor;Colisão lateral mesmo sentido;Com Vítimas Feridas;Pleno dia;Crescente;Nublado;Simples;Reta;Não;4;0;2;0;1;1;2;4;-27,6167305;-48,6457265;SPRF-SC;DEL01-SC;UOP01-DEL01-SC
579598;07/02/2024;quarta-feira;16:20:00;SP;116;227;SAO PAULO;Reação tardia ou ineficiente do condutor;Colisão com objeto;Com Vítimas Feridas;Pleno dia;Crescente;Céu Claro;Múltipla;Reta;Sim;2;0;1;0;0;1;1;2;-23,49659264;-46,55648754;SPRF-SP;DEL01-SP;UOP01-DEL01-SP
579601;07/02/2024;quarta-feira;16:30:00;SC;282;208,2;SAO JOSE;Reação tardia ou ineficiente do condutor;Colisão traseira;Com Vítimas Feridas;Pleno dia;Decrescente;Céu Claro;Múltipla;Reta;Sim;2;0;1;0;1;0;1;2;-27,60483417;-48,63356709;SPRF-SC;DEL05-SC;UOP01-DEL05-SC
579603;07/02/2024;quarta-feira;16:00:00;BA;116;456,8;SANTO ESTEVAO;Ausência de reação do condutor;Colisão com objeto;Com Vítimas Feridas;Pleno dia;Crescente;Sol;Dupla;Declive;Não;1;0;1;0;0;0;1;1;-12,4269;-39,2084;SPRF-BA;DEL02-BA;UOP01-DEL02-BA
579605;07/02/2024;quarta-feira;14:30:00;MT;163;769;SORRISO;Acessar a via sem observar a presença dos outros veículos;Colisão transversal;Com Vítimas Feridas;Pleno dia;Decrescente;Céu Claro;Simples;"Aclive;Reta";Não;5;0;1;0;4;0;1;2;-12,42468167;-55,64104384;SPRF-MT;DEL06-MT;UOP01-DEL06-MT
579607;07/02/2024;quarta-feira;15:40:00;SC;470;245,9;CURITIBANOS;Conversão proibida;Colisão lateral mesmo sentido;Com Vítimas Feridas;Pleno dia;Decrescente;Sol;Simples;Reta;Sim;2;0;1;0;1;0;1;2;-27,31513949;-50,5462718;SPRF-SC;DEL05-SC;UOP03-DEL05-SC
579608;07/02/2024;quarta-feira;15:30:00;SE;235;51,6;ITABAIANA;Acessar a via sem observar a presença dos outros veículos;Colisão transversal;Sem Vítimas;Pleno dia;Decrescente;Céu Claro;Simples;Reta;Sim;2;0;0;0;2;0;0;2;-10,700226;-37,431423;SPRF-SE;DEL01-SE;UOP02-DEL01-SE
579609;07/02/2024;quarta-feira;16:00:00;RJ;101;442;MANGARATIBA;Ausência de reação do condutor;Saída de leito carroçável;Com Vítimas Fatais;Pleno dia;Decrescente;Nublado;Simples;Curva;Não;1;1;0;0;0;0;0;1;-22,973969;-44,087093;SPRF-RJ;DEL03-RJ;UOP02-DEL03-RJ
579610;07/02/2024;quarta-feira;14:05:00;RJ;101;310;SAO GONCALO;Manobra de mudança de faixa;Colisão lateral mesmo sentido;Com Vítimas Feridas;Pleno dia;Crescente;Sol;Dupla;"Reta;Declive";Sim;3;0;2;0;1;0;2;2;-22,79726025;-43,04523826;SPRF-RJ;DEL02-RJ;UOP02-DEL02-RJ
579611;07/02/2024;quarta-feira;17:00:00;SP;101;51;UBATUBA;Trafegar com motocicleta (ou similar) entre as faixas;Colisão transversal;Com Vítimas Feridas;Pleno dia;Decrescente;Céu Claro;Simples;Reta;Sim;5;0;1;1;3;0;2;3;-23,45627795;-45,07111896;SPRF-SP;DEL06-SP;UOP01-DEL06-SP
579613;07/02/2024;quarta-feira;15:45:00;RJ;393;182;PARAIBA DO SUL;Conversão proibida;Colisão transversal;Com Vítimas Feridas;Pleno dia;Decrescente;Céu Claro;Simples;Curva;Sim;2;0;1;0;1;0;1;2;-22,14087772;-43,25915397;SPRF-RJ;DEL05-RJ;UOP03-DEL05-RJ
579617;07/02/2024;quarta-feira;17:30:00;BA;116;16;VITORIA DA CONQUISTA;Retorno proibido;Colisão transversal;Com Vítimas Feridas;Pleno dia;Crescente;Céu Claro;Simples;Reta;Sim;2;0;1;0;1;0;1;2;-14,90240408;-40,84823227;SPRF-BA;DEL08-BA;UOP01-DEL08-BA
579619;07/02/2024;quarta-feira;17:20:00;PR;369;150;LONDRINA;Condutor deixou de manter distância do veículo da frente;Colisão traseira;Com Vítimas Feridas;Pleno dia;Decrescente;Nublado;Dupla;Reta;Não;4;0;1;1;2;0;2;4;-23,29286403;-51,16133988;SPRF-PR;DEL07-PR;UOP01-DEL07-PR
579621;07/02/2024;quarta-feira;17:00:00;RJ;116;182;NOVA IGUACU;Demais falhas mecânicas ou elétricas;Colisão com objeto;Com Vítimas Feridas;Pleno dia;Decrescente;Céu Claro;Dupla;Reta;Sim;1;0;0;1;0;0;1;1;-22,7567755;-43,43107234;SPRF-RJ;DEL06-RJ;UOP01-DEL06-RJ
579623;07/02/2024;quarta-feira;17:00:00;MG;251;457,2;FRANCISCO SA;Chuva;Saída de leito carroçável;Com Vítimas Feridas;Pleno dia;Crescente;Chuva;Simples;Curva;Não;3;0;2;0;1;0;2;1;-16,41786952;-43,35991682;SPRF-MG;DEL12-MG;UOP01-DEL12-MG
579624;07/02/2024;quarta-feira;17:00:00;PB;230;83,5;CALDAS BRANDAO;Manobra de mudança de faixa;Saída de leito carroçável;Com Vítimas Feridas;Anoitecer;Decrescente;Céu Claro;Dupla;Reta;Sim;1;0;0;1;0;0;1;1;-7,16861783;-35,34677804;SPRF-PB;DEL01-PB;UOP03-DEL01-PB
579625;07/02/2024;quarta-feira;16:50:00;SC;470;45;GASPAR;Ausência de reação do condutor;Colisão lateral mesmo sentido;Com Vítimas Feridas;Pleno dia;Crescente;Céu Claro;Simples;"Reta;Em Obras";Sim;2;0;1;0;1;0;1;2;-26,867064;-49,031109;SPRF-SC;DEL04-SC;UOP01-DEL04-SC
579626;07/02/2024;quarta-feira;17:38:00;MA;135;12,7;SAO LUIS;Entrada inopinada do pedestre;Atropelamento de Pedestre;Com Vítimas Feridas;Anoitecer;Decrescente;Nublado;Simples;"Retorno Regulamentado;Reta";Sim;2;0;1;0;1;0;1;2;-2,67223553;-44,29173767;SPRF-MA;DEL01-MA;UOP01-DEL01-MA
579627;07/02/2024;quarta-feira;18:00:00;SC;101;215,7;PALHOCA;Reação tardia ou ineficiente do condutor;Tombamento;Com Vítimas Feridas;Anoitecer;Crescente;Céu Claro;Múltipla;"Reta;Declive";Sim;1;0;0;1;0;0;1;1;-27,65184843;-48,67604941;SPRF-SC;DEL01-SC;UOP02-DEL01-SC
579628;07/02/2024;quarta-feira;17:30:00;PR;376;175;MARINGA;Pedestre cruzava a pista fora da faixa;Atropelamento de Pedestre;Com Vítimas Feridas;Pleno dia;Decrescente;Nublado;Múltipla;Reta;Sim;2;0;1;1;0;0;2;2;-23,4113569;-51,9407767;SPRF-PR;DEL09-PR;UOP01-DEL09-PR
579629;07/02/2024;quarta-feira;16:40:00;SC;101;134,3;BALNEARIO CAMBORIU;Acessar a via sem observar a presença dos outros veículos;Colisão transversal;Com Vítimas Feridas;Pleno dia;Decrescente;Céu Claro;Dupla;Reta;Sim;2;0;1;0;1;0;1;2;-27,00218;-48,636433;SPRF-SC;DEL04-SC;UOP03-DEL04-SC
579630;07/02/2024;quarta-feira;18:20:00;ES;101;267,9;SERRA;Reação tardia ou ineficiente do condutor;Colisão transversal;Com Vítimas Feridas;Anoitecer;Crescente;Céu Claro;Múltipla;"Retorno Regulamentado;Reta";Sim;2;0;2;0;0;0;2;2;-20,19930999;-40,26884609;SPRF-ES;DEL02-ES;UOP01-DEL02-ES
579635;07/02/2024;quarta-feira;16:55:00;RJ;40;121;DUQUE DE CAXIAS;Manobra de mudança de faixa;Colisão transversal;Com Vítimas Feridas;Pleno dia;Decrescente;Céu Claro;Múltipla;Reta;Não;4;0;2;0;2;0;2;2;-22,78185499;-43,28571273;SPRF-RJ;DEL01-RJ;UOP02-DEL01-RJ
579638;02/02/2024;sexta-feira;00:35:00;MS;359;210;COXIM;Condutor Dormindo;Tombamento;Com Vítimas Feridas;Plena Noite;Crescente;Nublado;Simples;Reta;Não;1;0;1;0;0;0;1;1;-18,47101612;-54,56250897;SPRF-MS;DEL06-MS;UOP01-DEL06-MS
579639;07/02/2024;quarta-feira;18:50:00;PE;232;18,6;JABOATAO DOS GUARARAPES;Entrada inopinada do pedestre;Atropelamento de Pedestre;Com Vítimas Feridas;Plena Noite;Crescente;Céu Claro;Dupla;Reta;Não;2;0;2;0;0;0;2;2;-8,09696393;-35,054484;SPRF-PE;DEL01-PE;UOP01-DEL01-PE
579640;07/02/2024;quarta-feira;18:30:00;PR;277;622,5;CEU AZUL;Ultrapassagem Indevida;Colisão lateral sentido oposto;Com Vítimas Feridas;Anoitecer;Decrescente;Céu Claro;Simples;Reta;Não;2;0;1;0;1;0;1;2;-25,09721181;-53,73467528;SPRF-PR;DEL05-PR;UOP02-DEL05-PR
579641;07/02/2024;quarta-feira;19:10:00;SE;235;32,9;AREIA BRANCA;Condutor deixou de manter distância do veículo da frente;Colisão traseira;Com Vítimas Feridas;Plena Noite;Crescente;Nublado;Simples;"Reta;Declive";Sim;2;0;0;1;1;0;1;2;-10,769286;-37,299343;SPRF-SE;DEL01-SE;UOP02-DEL01-SE
579642;07/02/2024;quarta-feira;18:00:00;PR;277;96,7;CURITIBA;Acessar a via sem observar a presença dos outros veículos;Colisão frontal;Sem Vítimas;Anoitecer;Crescente;Nublado;Simples;Interseção de Vias;Sim;3;0;0;0;1;2;0;2;-25,43029049;-49,33679683;SPRF-PR;DEL01-PR;UOP06-DEL01-PR
579643;07/02/2024;quarta-feira;18:00:00;RJ;101;325;NITEROI;Trafegar com motocicleta (ou similar) entre as faixas;Colisão lateral mesmo sentido;Com Vítimas Feridas;Anoitecer;Decrescente;Céu Claro;Dupla;"Reta;Declive";Não;2;0;1;0;1;0;1;2;-22,87292569;-43,13625699;SPRF-RJ;DEL02-RJ;UOP01-DEL02-RJ
579644;07/02/2024;quarta-feira;18:15:00;RN;226;323,9;MESSIAS TARGINO;Acessar a via sem observar a presença dos outros veículos;Colisão transversal;Com Vítimas Feridas;Plena Noite;Crescente;Céu Claro;Simples;Interseção de Vias;Sim;3;0;1;1;1;0;2;2;-6,07551242;-37,5175488;SPRF-RN;DEL04-RN;UOP01-DEL04-RN
579647;07/02/2024;quarta-feira;18:50:00;PE;232;5,4;RECIFE;Demais falhas na via;Colisão com objeto;Com Vítimas Feridas;Plena Noite;Decrescente;Céu Claro;Dupla;Em Obras;Não;1;0;1;0;0;0;1;1;-8,06795766;-34,94535414;SPRF-PE;DEL01-PE;UOP01-DEL01-PE
579652;07/02/2024;quarta-feira;19:44:00;ES;101;94,7;JAGUARE;Iluminação deficiente;Colisão frontal;Com Vítimas Fatais;Plena Noite;Decrescente;Céu Claro;Simples;"Aclive;Reta";Sim;3;1;1;0;0;1;1;3;-18,93086484;-39,97180828;SPRF-ES;DEL04-ES;UOP02-DEL04-ES
579653;07/02/2024;quarta-feira;19:30:00;PE;101;60;RECIFE;Acessar a via sem observar a presença dos outros veículos;Colisão lateral mesmo sentido;Com Vítimas Feridas;Plena Noite;Decrescente;Céu Claro;Dupla;Reta;Sim;2;0;1;0;1;0;1;2;-7,98344307;-34,93176727;SPRF-PE;DEL01-PE;UOP02-DEL01-PE
579654;07/02/2024;quarta-feira;19:30:00;SP;153;114,6;JOSE BONIFACIO;Ausência de reação do condutor;Colisão lateral sentido oposto;Com Vítimas Feridas;Plena Noite;Crescente;Chuva;Simples;Reta;Não;2;0;0;1;1;0;1;2;-21,12117412;-49,69084075;SPRF-SP;DEL09-SP;UOP01-DEL09-SP
579656;07/02/2024;quarta-feira;19:30:00;SC;101;205,6;SAO JOSE;Trafegar com motocicleta (ou similar) entre as faixas;Colisão lateral mesmo sentido;Com Vítimas Feridas;Plena Noite;Crescente;Céu Claro;Múltipla;Reta;Sim;2;0;1;0;1;0;1;2;-27,59193546;-48,61824557;SPRF-SC;DEL01-SC;UOP01-DEL01-SC
579657;07/02/2024;quarta-feira;18:00:00;PB;101;86;JOAO PESSOA;Condutor deixou de manter distância do veículo da frente;Tombamento;Com Vítimas Feridas;Plena Noite;Crescente;Céu Claro;Dupla;Reta;Sim;1;0;0;1;0;0;1;1;-7,15118983;-34,91012184;SPRF-PB;DEL01-PB;UOP01-DEL01-PB
579658;07/02/2024;quarta-feira;18:10:00;SC;101;317;PESCARIA BRAVA;Acessar a via sem observar a presença dos outros veículos;Atropelamento de Pedestre;Com Vítimas Feridas;Anoitecer;Decrescente;Nublado;Dupla;Curva;Sim;2;0;0;1;1;0;1;2;-28,42708421;-48,85211624;SPRF-SC;DEL02-SC;UOP01-DEL02-SC
579659;07/02/2024;quarta-feira;18:05:00;PR;116;88;PIRAQUARA;Ausência de reação do condutor;Saída de leito carroçável;Com Vítimas Feridas;Pleno dia;Decrescente;Céu Claro;Dupla;Reta;Não;1;0;0;1;0;0;1;1;-25,44781497;-49,09096994;SPRF-PR;DEL01-PR;UOP07-DEL01-PR
579660;07/02/2024;quarta-feira;20:00:00;RJ;101;65,5;CAMPOS DOS GOYTACAZES;Demais falhas na via;Tombamento;Com Vítimas Feridas;Plena Noite;Crescente;Céu Claro;Dupla;Reta;Sim;2;0;1;0;1;0;1;1;-21,75371806;-41,344292;SPRF-RJ;DEL08-RJ;UOP02-DEL08-RJ
579661;07/02/2024;quarta-feira;20:00:00;RS;116;363;TAPES;Reação tardia ou ineficiente do condutor;Saída de leito carroçável;Com Vítimas Feridas;Plena Noite;Decrescente;Ignorado;Simples;Reta;Não;1;0;1;0;0;0;1;1;-30,64814964;-51,56101323;SPRF-RS;DEL02-RS;UOP02-DEL02-RS
579662;07/02/2024;quarta-feira;20:00:00;RJ;493;104;SEROPEDICA;Demais falhas mecânicas ou elétricas;Queda de ocupante de veículo;Com Vítimas Feridas;Plena Noite;Decrescente;Céu Claro;Dupla;Reta;Não;2;0;2;0;0;0;2;1;-22,74167299;-43,72249603;SPRF-RJ;DEL01-RJ;UOP03-DEL01-RJ
579665;07/02/2024;quarta-feira;18:00:00;BA;110;268;INHAMBUPE;Transitar na contramão;Colisão frontal;Com Vítimas Feridas;Plena Noite;Crescente;Céu Claro;Simples;Reta;Não;2;0;0;1;1;0;1;2;-11,63097099;-38,3021182;SPRF-BA;DEL01-BA;UOP04-DEL01-BA
579667;07/02/2024;quarta-feira;20:07:00;RO;319;54;PORTO VELHO;Velocidade Incompatível;Capotamento;Com Vítimas Feridas;Plena Noite;Crescente;Céu Claro;Simples;"Curva;Declive";Não;2;0;1;0;1;0;1;1;-8,74350592;-63,94936497;SPRF-RO;DEL01-RO;UOP01-DEL01-RO
579670;07/02/2024;quarta-feira;21:30:00;CE;116;10;FORTALEZA;Condutor deixou de manter distância do veículo da frente;Colisão traseira;Com Vítimas Feridas;Plena Noite;Decrescente;Nublado;Múltipla;Reta;Sim;3;0;2;0;1;0;2;2;-3,8359056;-38,50252569;SPRF-CE;DEL01-CE;UOP02-DEL01-CE
579671;07/02/2024;quarta-feira;18:00:00;MG;116;543;SANTA BARBARA DO LESTE;Ausência de reação do condutor;Saída de leito carroçável;Com Vítimas Feridas;Pleno dia;Crescente;Céu Claro;Simples;Reta;Não;3;0;3;0;0;0;3;1;-19,91184896;-42,1350328;SPRF-MG;DEL06-MG;UOP02-DEL06-MG
579672;07/02/2024;quarta-feira;20:20:00;PE;316;232;BELEM DE SAO FRANCISCO;Animais na Pista;Atropelamento de Animal;Com Vítimas Feridas;Plena Noite;Crescente;Céu Claro;Simples;Reta;Não;1;0;0;1;0;0;1;1;-8,6573448;-39,0107999;SPRF-PE;DEL05-PE;UOP03-DEL05-PE