id;data_inversa;dia_semana;horario;uf;br;km;municipio;causa_acidente;tipo_acidente;classificacao_acidente;fase_dia;sentido_via;condicao_metereologica;tipo_pista;tracado_via;uso_solo;pessoas;mortos;feridos_leves;feridos_graves;ilesos;ignorados;feridos;veiculos;latitude;longitude;regional;delegacia;uop
580309;10/02/2024;sábado;15:00:00;SC;101;89;BARRA VELHA;Condutor Dormindo;Capotamento;Com Vítimas Feridas;Pleno dia;Decrescente;Céu Claro;Múltipla;Reta;Não;2;0;2;0;0;0;2;1;-26,65175997;-48,68721921;SPRF-SC;DEL03-SC;UOP02-DEL03-SC
580311;10/02/2024;sábado;14:10:00;MS;262;611,5;MIRANDA;Demais falhas mecânicas ou elétricas;Incêndio;Sem Vítimas;Pleno dia;Decrescente;Céu Claro;Simples;Reta;Não;4;0;0;0;4;0;0;1;-20,0229278;-56,80398576;SPRF-MS;DEL03-MS;UOP02-DEL03-MS
580312;10/02/2024;sábado;17:00:00;SP;116;338;JUQUITIBA;Reação tardia ou ineficiente do condutor;Saída de leito carroçável;Com Vítimas Feridas;Pleno dia;Crescente;Céu Claro;Dupla;Reta;Sim;3;0;3;0;0;0;3;1;-23,990126;-47,147995;SPRF-SP;DEL04-SP;UOP03-DEL04-SP
580313;10/02/2024;sábado;16:00:00;SP;116;436;REGISTRO;Ausência de reação do condutor;Tombamento;Com Vítimas Feridas;Pleno dia;Decrescente;Céu Claro;Dupla;Reta;Não;1;0;0;1;0;0;1;1;-24,43589911;-47,7922419;SPRF-SP;DEL05-SP;UOP01-DEL05-SP
580314;10/02/2024;sábado;16:30:00;MG;381;524,8;ITATIAIUCU;Reação tardia ou ineficiente do condutor;Colisão com objeto;Com Vítimas Feridas;Pleno dia;Decrescente;Céu Claro;Dupla;"Aclive;Curva";Não;1;0;1;0;0;0;1;1;-20,160736;-44,329843;SPRF-MG;DEL04-MG;UOP03-DEL04-MG
580315;10/02/2024;sábado;17:10:00;CE;116;67,5;CHOROZINHO;Acessar a via sem observar a presença dos outros veículos;Atropelamento de Pedestre;Com Vítimas Feridas;Pleno dia;Decrescente;Céu Claro;Simples;Reta;Não;3;0;2;1;0;0;3;2;-4,3061949;-38,50142278;SPRF-CE;DEL03-CE;UOP02-DEL03-CE
580316;10/02/2024;sábado;15:00:00;MA;10;210;RIBAMAR FIQUENE;Ultrapassagem Indevida;Saída de leito carroçável;Com Vítimas Feridas;Pleno dia;Decrescente;Nublado;Simples;Curva;Não;4;0;3;0;1;0;3;1;-5,880962;-47,361721;SPRF-MA;DEL04-MA;UOP01-DEL04-MA
580317;10/02/2024;sábado;16:30:00;MG;40;790,2;JUIZ DE FORA;Acesso irregular;Colisão frontal;Com Vítimas Feridas;Pleno dia;Decrescente;Sol;Dupla;Reta;Não;1;0;1;0;0;0;1;1;-21,75969297;-43,44077628;SPRF-MG;DEL05-MG;UOP01-DEL05-MG
580318;10/02/2024;sábado;15:40:00;RJ;101;318;NITEROI;Avarias e/ou desgaste excessivo no pneu;Queda de ocupante de veículo;Com Vítimas Feridas;Pleno dia;Decrescente;Céu Claro;Dupla;Reta;Não;2;0;2;0;0;0;2;1;-22,84562994;-43,09841211;SPRF-RJ;DEL02-RJ;UOP02-DEL02-RJ
580319;10/02/2024;sábado;17:35:00;MG;50;175;UBERABA;Ausência de reação do condutor;Colisão traseira;Com Vítimas Feridas;Pleno dia;Crescente;Céu Claro;Dupla;"Reta;Aclive";Sim;2;0;1;0;1;0;1;2;-19,77880359;-47,9695118;SPRF-MG;DEL13-MG;UOP01-DEL13-MG
580322;10/02/2024;sábado;16:37:00;RS;386;413;MONTENEGRO;Ausência de reação do condutor;Capotamento;Com Vítimas Feridas;Pleno dia;Crescente;Céu Claro;Dupla;Reta;Não;1;0;1;0;0;0;1;1;-29,814081;-51,493126;SPRF-RS;DEL04-RS;UOP02-DEL04-RS
580323;10/02/2024;sábado;17:50:00;PR;116;118;CURITIBA;Manobra de mudança de faixa;Colisão lateral mesmo sentido;Com Vítimas Feridas;Pleno dia;Crescente;Céu Claro;Dupla;Reta;Não;1;0;1;0;0;0;1;1;-25,54657438;-49,29173608;SPRF-PR;DEL01-PR;UOP03-DEL01-PR
580324;10/02/2024;sábado;16:20:00;MG;116;494,1;INHAPIM;Condutor Dormindo;Saída de leito carroçável;Com Vítimas Feridas;Pleno dia;Decrescente;Céu Claro;Simples;"Aclive;Reta";Não;3;0;2;0;1;0;2;1;-19,50998002;-42,12818892;SPRF-MG;DEL06-MG;UOP02-DEL06-MG
580325;10/02/2024;sábado;16:40:00;BA;20;197,6;LUIS EDUARDO MAGALHAES;Acumulo de água sobre o pavimento;Saída de leito carroçável;Sem Vítimas;Pleno dia;Crescente;Chuva;Simples;Reta;Não;1;0;0;0;1;0;0;1;-12,2127;-45,8309;SPRF-BA;DEL10-BA;UOP01-DEL10-BA
580326;10/02/2024;sábado;18:10:00;RJ;101;74;CAMPOS DOS GOYTACAZES;Acessar a via sem observar a presença dos outros veículos;Atropelamento de Pedestre;Com Vítimas Feridas;Anoitecer;Decrescente;Céu Claro;Simples;Reta;Sim;2;0;1;0;1;0;1;2;-21,807232;-41,39734312;SPRF-RJ;DEL08-RJ;UOP02-DEL08-RJ
580328;10/02/2024;sábado;17:05:00;RJ;101;306;SAO GONCALO;Manobra de mudança de faixa;Colisão lateral mesmo sentido;Com Vítimas Feridas;Pleno dia;Decrescente;Sol;Dupla;Reta;Não;2;0;1;0;1;0;1;2;-22,78913759;-43,00550909;SPRF-RJ;DEL02-RJ;UOP02-DEL02-RJ
580330;10/02/2024;sábado;17:10:00;PR;376;149,6;PRESIDENTE CASTELO BRANCO;Ingestão de álcool pelo condutor;Saída de leito carroçável;Sem Vítimas;Pleno dia;Crescente;Céu Claro;Dupla;Reta;Não;1;0;0;0;1;0;0;1;-23,29627096;-52,11834898;SPRF-PR;DEL09-PR;UOP01-DEL09-PR
580332;10/02/2024;sábado;18:20:00;BA;324;567;SAO SEBASTIAO DO PASSE;Condutor deixou de manter distância do veículo da frente;Colisão traseira;Com Vítimas Feridas;Anoitecer;Crescente;Céu Claro;Dupla;Reta;Não;2;0;1;0;1;0;1;2;-12,529901;-38,603207;SPRF-BA;DEL01-BA;UOP01-DEL01-BA
580333;10/02/2024;sábado;18:20:00;RS;290;25;SANTO ANTONIO DA PATRULHA;Ingestão de álcool pelo condutor;Colisão traseira;Sem Vítimas;Pleno dia;Decrescente;Sol;Dupla;Reta;Não;2;0;0;0;2;0;0;2;-29,880203;-50,503971;SPRF-RS;DEL03-RS;UOP01-DEL03-RS
580334;10/02/2024;sábado;18:00:00;RJ;101;424;MANGARATIBA;Reação tardia ou ineficiente do condutor;Colisão frontal;Com Vítimas Feridas;Pleno dia;Crescente;Céu Claro;Simples;Reta;Não;3;0;0;2;1;0;2;2;-22,92127842;-43,95599173;SPRF-RJ;DEL03-RJ;UOP02-DEL03-RJ
580335;10/02/2024;sábado;16:44:00;MG;381;671,5;PERDOES;Reação tardia ou ineficiente do condutor;Saída de leito carroçável;Com Vítimas Feridas;Pleno dia;Crescente;Céu Claro;Dupla;"Curva;Declive";Não;3;0;2;0;1;0;2;1;-21,08945416;-45,06864195;SPRF-MG;DEL04-MG;UOP02-DEL04-MG
580336;10/02/2024;sábado;18:00:00;SC;101;330,3;TUBARAO;Avarias e/ou desgaste excessivo no pneu;Tombamento;Com Vítimas Feridas;Pleno dia;Decrescente;Céu Claro;Múltipla;Reta;Não;2;0;2;0;0;0;2;1;-28,45115639;-48,97286879;SPRF-SC;DEL02-SC;UOP01-DEL02-SC
580338;10/02/2024;sábado;18:35:00;PR;369;432;UBIRATA;Demais falhas mecânicas ou elétricas;Incêndio;Sem Vítimas;Anoitecer;Crescente;Sol;Simples;Reta;Sim;2;0;0;0;2;0;0;1;-24,557064;-52,989244;SPRF-PR;DEL04-PR;UOP03-DEL04-PR
580339;10/02/2024;sábado;09:50:00;GO;158;70;PIRANHAS;Condutor Dormindo;Saída de leito carroçável;Com Vítimas Feridas;Pleno dia;Decrescente;Céu Claro;Simples;Reta;Não;2;0;1;0;1;0;1;1;-16,34414294;-51,9333639;SPRF-GO;DEL04-GO;UOP02-DEL04-GO
580340;10/02/2024;sábado;17:40:00;MS;163;479,8;CAMPO GRANDE;Avarias e/ou desgaste excessivo no pneu;Tombamento;Com Vítimas Feridas;Pleno dia;Decrescente;Nublado;Simples;Reta;Não;2;0;2;0;0;0;2;1;-20,487322;-54,55929095;SPRF-MS;DEL01-MS;UOP01-DEL01-MS
580341;10/02/2024;sábado;19:00:00;PE;101;55;PAULISTA;Ingestão de álcool pelo condutor;Colisão lateral mesmo sentido;Com Vítimas Feridas;Plena Noite;Decrescente;Céu Claro;Dupla;Reta;Não;3;0;0;1;2;0;1;3;-7,94806621;-34,9062148;SPRF-PE;DEL01-PE;UOP02-DEL01-PE
580342;10/02/2024;sábado;17:50:00;PI;316;178;VALENCA DO PIAUI;Acumulo de água sobre o pavimento;Saída de leito carroçável;Com Vítimas Feridas;Anoitecer;Crescente;Chuva;Simples;"Declive;Curva";Não;2;0;2;0;0;0;2;1;-6,23305;-41,969242;SPRF-PI;DEL04-PI;UOP02-DEL04-PI
580344;10/02/2024;sábado;19:00:00;PI;343;19;PARNAIBA;Entrada inopinada do pedestre;Atropelamento de Pedestre;Com Vítimas Fatais;Plena Noite;Crescente;Nublado;Simples;Reta;Não;2;1;0;0;0;1;0;2;-2,972207;-41,760967;SPRF-PI;DEL05-PI;UOP01-DEL05-PI
580345;10/02/2024;sábado;18:45:00;RS;470;180;VERANOPOLIS;Reação tardia ou ineficiente do condutor;Saída de leito carroçável;Com Vítimas Feridas;Anoitecer;Crescente;Céu Claro;Simples;Reta;Sim;5;0;1;2;2;0;3;1;-28,96481707;-51,56355732;SPRF-RS;DEL06-RS;UOP02-DEL06-RS
580346;10/02/2024;sábado;17:25:00;SC;282;527,9;CORDILHEIRA ALTA;Reação tardia ou ineficiente do condutor;Tombamento;Com Vítimas Feridas;Pleno dia;Decrescente;Nublado;Simples;Curva;Não;2;0;0;2;0;0;2;1;-26,977688;-52,588146;SPRF-SC;DEL07-SC;UOP01-DEL07-SC
580347;10/02/2024;sábado;18:55:00;BA;324;515;FEIRA DE SANTANA;Ingestão de álcool pelo condutor;Colisão frontal;Com Vítimas Feridas;Plena Noite;Crescente;Céu Claro;Simples;Reta;Não;2;0;1;0;1;0;1;2;-12,23229233;-38,95215305;SPRF-BA;DEL02-BA;UOP01-DEL02-BA
580349;10/02/2024;sábado;17:50:00;PE;232;404;SERRA TALHADA;Animais na Pista;Atropelamento de Animal;Com Vítimas Feridas;Pleno dia;Decrescente;Céu Claro;Simples;Curva;Não;2;0;2;0;0;0;2;1;-7,992986;-38,245927;SPRF-PE;DEL04-PE;UOP01-DEL04-PE
580350;10/02/2024;sábado;19:00:00;MG;381;488;BETIM;Demais falhas mecânicas ou elétricas;Incêndio;Sem Vítimas;Plena Noite;Decrescente;Céu Claro;Múltipla;"Reta;Aclive";Sim;1;0;0;0;1;0;0;1;-19,9598656;-44,15489715;SPRF-MG;DEL01-MG;UOP03-DEL01-MG
580352;10/02/2024;sábado;19:20:00;PR;369;34;CAMBARA;Ingestão de álcool pelo condutor;Colisão frontal;Com Vítimas Fatais;Plena Noite;Crescente;Céu Claro;Simples;"Curva;Declive";Não;3;1;1;0;1;0;1;3;-23,02857588;-50,2086963;SPRF-PR;DEL07-PR;UOP05-DEL07-PR
580354;10/02/2024;sábado;18:20:00;SC;470;277;BRUNOPOLIS;Ingestão de álcool pelo condutor;Colisão lateral mesmo sentido;Com Vítimas Feridas;Pleno dia;Decrescente;Céu Claro;Simples;Rotatória;Não;2;0;1;0;1;0;1;2;-27,328163;-50,834103;SPRF-SC;DEL07-SC;UOP06-DEL07-SC
580355;09/02/2024;sexta-feira;20:30:00;SC;470;60;BLUMENAU;Ingestão de álcool pelo condutor;Colisão com objeto;Sem Vítimas;Plena Noite;Decrescente;Ignorado;Simples;Reta;Sim;2;0;0;0;0;2;0;2;-26,88138;-49,164543;SPRF-SC;DEL04-SC;UOP01-DEL04-SC
580356;10/02/2024;sábado;19:30:00;PR;153;1;IMBITUVA;Ingestão de álcool pelo condutor;Colisão transversal;Sem Vítimas;Plena Noite;Crescente;Céu Claro;Simples;Interseção de Vias;Não;3;0;0;0;3;0;0;2;-25,18111411;-50,59678853;SPRF-PR;DEL07-PR;UOP04-DEL07-PR
580357;10/02/2024;sábado;20:15:00;MG;116;478,3;DOM CAVATI;Ausência de reação do condutor;Colisão lateral mesmo sentido;Com Vítimas Feridas;Plena Noite;Crescente;Céu Claro;Simples;Reta;Sim;3;0;3;0;0;0;3;2;-19,37735625;-42,1085357;SPRF-MG;DEL06-MG;UOP02-DEL06-MG
580358;10/02/2024;sábado;14:30:00;MG;40;346,9;FELIXLANDIA;Velocidade Incompatível;Saída de leito carroçável;Sem Vítimas;Pleno dia;Decrescente;Nublado;Simples;Reta;Não;1;0;0;0;1;0;0;1;-18,69991936;-44,96574619;SPRF-MG;DEL02-MG;UOP01-DEL02-MG
580359;10/02/2024;sábado;19:29:00;RS;116;244;SAO LEOPOLDO;Velocidade Incompatível;Saída de leito carroçável;Com Vítimas Feridas;Plena Noite;Crescente;Céu Claro;Dupla;Reta;Sim;5;0;4;0;0;1;4;2;-29,74088003;-51,15039566;SPRF-RS;DEL01-RS;UOP02-DEL01-RS
580360;10/02/2024;sábado;19:02:00;SC;282;22,5;SANTO AMARO DA IMPERATRIZ;Trafegar com motocicleta (ou similar) entre as faixas;Colisão frontal;Com Vítimas Feridas;Anoitecer;Crescente;Nublado;Simples;Curva;Sim;3;0;0;3;0;0;3;2;-27,688507;-48,72739;SPRF-SC;DEL01-SC;UOP02-DEL01-SC
580362;10/02/2024;sábado;17:05:00;RJ;40;12,7;TRES RIOS;Condutor deixou de manter distância do veículo da frente;Colisão lateral mesmo sentido;Com Vítimas Feridas;Pleno dia;Crescente;Céu Claro;Dupla;"Aclive;Curva";Não;3;0;3;0;0;0;3;2;-22,06265309;-43,19862843;SPRF-RJ;DEL05-RJ;UOP02-DEL05-RJ
580363;10/02/2024;sábado;18:00:00;RS;392;294;SAO SEPE;Ingestão de álcool pelo condutor;Saída de leito carroçável;Com Vítimas Feridas;Plena Noite;Decrescente;Céu Claro;Simples;"Reta;Interseção de Vias";Não;2;0;2;0;0;0;2;1;-30,18664127;-53,5656134;SPRF-RS;DEL09-RS;UOP02-DEL09-RS
580364;10/02/2024;sábado;17:45:00;SC;470;60,2;BLUMENAU;Transitar no Acostamento;Colisão frontal;Com Vítimas Feridas;Pleno dia;Decrescente;Nublado;Simples;"Reta;Em Obras";Sim;2;0;2;0;0;0;2;2;-26,88138;-49,164543;SPRF-SC;DEL04-SC;UOP01-DEL04-SC
580367;10/02/2024;sábado;21:00:00;RN;405;75;APODI;Ingestão de álcool pelo condutor;Tombamento;Com Vítimas Feridas;Plena Noite;Decrescente;Chuva;Dupla;Reta;Sim;2;0;2;0;0;0;2;1;-5,6430151;-37,79996162;SPRF-RN;DEL04-RN;UOP02-DEL04-RN
580368;10/02/2024;sábado;21:00:00;SC;101;218;PALHOCA;Ausência de reação do condutor;Saída de leito carroçável;Sem Vítimas;Plena Noite;Decrescente;Céu Claro;Dupla;Reta;Sim;1;0;0;0;0;1;0;1;-27,6758601;-48,67052525;SPRF-SC;DEL01-SC;UOP02-DEL01-SC
580370;10/02/2024;sábado;19:50:00;PA;10;353;SANTA MARIA DO PARA;Transitar na contramão;Colisão frontal;Com Vítimas Feridas;Plena Noite;Decrescente;Céu Claro;Simples;Reta;Sim;2;0;0;2;0;0;2;2;-1,35646249;-47,57423141;SPRF-PA;DEL01-PA;UOP02-DEL01-PA
580372;10/02/2024;sábado;20:50:00;RN;101;97,1;NATAL;Pedestre cruzava a pista fora da faixa;Atropelamento de Pedestre;Com Vítimas Feridas;Plena Noite;Decrescente;Céu Claro;Múltipla;Reta;Sim;4;0;0;1;3;0;1;2;-5,85691522;-35,21238689;SPRF-RN;DEL01-RN;UOP01-DEL01-RN
580373;10/02/2024;sábado;21:10:00;SP;116;146;SAO JOSE DOS CAMPOS;Demais falhas mecânicas ou elétricas;Colisão traseira;Com Vítimas Feridas;Plena Noite;Decrescente;Céu Claro;Dupla;Reta;Não;2;0;2;0;0;0;2;2;-23,19122919;-45,86327591;SPRF-SP;DEL02-SP;UOP01-DEL02-SP
580376;10/02/2024;sábado;21:20:00;RJ;393;283;VOLTA REDONDA;Conversão proibida;Colisão lateral sentido oposto;Com Vítimas Feridas;Plena Noite;Crescente;Céu Claro;Simples;Reta;Não;2;0;0;1;1;0;1;2;-22,49408115;-44,06720281;SPRF-RJ;DEL05-RJ;UOP04-DEL05-RJ
580377;10/02/2024;sábado;17:20:00;SC;101;161,5;TIJUCAS;Pista esburacada;Colisão com objeto;Com Vítimas Feridas;Pleno dia;Decrescente;Céu Claro;Múltipla;Reta;Não;2;0;2;0;0;0;2;2;-27,21673911;-48,6244238;SPRF-SC;DEL04-SC;UOP03-DEL04-SC
580378;10/02/2024;sábado;17:00:00;GO;153;307,9;RIALMA;Ausência de reação do condutor;Saída de leito carroçável;Com Vítimas Feridas;Pleno dia;Decrescente;Chuva;Simples;"Declive;Reta";Não;1;0;0;1;0;0;1;1;-15,338693;-49,569584;SPRF-GO;DEL02-GO;UOP02-DEL02-GO
580380;10/02/2024;sábado;21:00:00;MS;463;0,5;DOURADOS;Ultrapassagem Indevida;Colisão frontal;Com Vítimas Feridas;Plena Noite;Decrescente;Céu Claro;Simples;Reta;Sim;3;0;1;2;0;0;3;2;-22,258694;-54,804096;SPRF-MS;DEL04-MS;UOP01-DEL04-MS
580381;10/02/2024;sábado;21:40:00;RS;116;247,4;SAO LEOPOLDO;Conversão proibida;Colisão lateral mesmo sentido;Com Vítimas Feridas;Plena Noite;Decrescente;Céu Claro;Simples;Viaduto;Sim;4;0;1;0;3;0;1;2;-29,76733091;-51,1535296;SPRF-RS;DEL01-RS;UOP02-DEL01-RS
580382;10/02/2024;sábado;19:00:00;RS;285;195,3;LAGOA VERMELHA;Acessar a via sem observar a presença dos outros veículos;Colisão transversal;Com Vítimas Feridas;Anoitecer;Decrescente;Céu Claro;Simples;Reta;Não;3;0;2;0;1;0;2;2;-28,234371;-51,50174;SPRF-RS;DEL08-RS;UOP05-DEL08-RS
580383;10/02/2024;sábado;22:00:00;SC;101;179,7;BIGUACU;Desrespeitar a preferência no cruzamento;Colisão transversal;Com Vítimas Feridas;Plena Noite;Decrescente;Nublado;Múltipla;Viaduto;Sim;2;0;1;0;1;0;1;2;-27,37281717;-48,63322708;SPRF-SC;DEL01-SC;UOP01-DEL01-SC
580384;10/02/2024;sábado;22:30:00;MG;153;224;FRONTEIRA;Ausência de reação do condutor;Saída de leito carroçável;Com Vítimas Feridas;Plena Noite;Crescente;Céu Claro;Simples;Aclive;Não;2;0;1;0;1;0;1;1;-20,18906911;-49,12022586;SPRF-MG;DEL13-MG;UOP02-DEL13-MG
580386;10/02/2024;sábado;19:30:00;PE;116;30;SALGUEIRO;Animais na Pista;Atropelamento de Animal;Com Vítimas Feridas;Plena Noite;Crescente;Chuva;Simples;Reta;Não;2;0;0;1;1;0;1;1;-8,103991;-39,12421;SPRF-PE;DEL05-PE;UOP01-DEL05-PE
580387;10/02/2024;sábado;19:25:00;RJ;101;519;ANGRA DOS REIS;Ausência de reação do condutor;Colisão lateral sentido oposto;Com Vítimas Feridas;Plena Noite;Decrescente;Céu Claro;Simples;Curva;Não;2;0;1;0;1;0;1;2;-23,00804213;-44,44745093;SPRF-RJ;DEL03-RJ;UOP03-DEL03-RJ
580388;10/02/2024;sábado;22:00:00;RS;293;341,2;SANTANA DO LIVRAMENTO;Desrespeitar a preferência no cruzamento;Colisão transversal;Com Vítimas Feridas;Plena Noite;Decrescente;Céu Claro;Simples;Reta;Não;2;0;1;0;1;0;1;2;-30,85109755;-55,55395935;SPRF-RS;DEL11-RS;UOP01-DEL11-RS
580390;10/02/2024;sábado;16:20:00;RS;101;31,5;TRES CACHOEIRAS;Ausência de reação do condutor;Saída de leito carroçável;Com Vítimas Feridas;Pleno dia;Decrescente;Céu Claro;Múltipla;"Em Obras;Curva";Sim;2;0;1;0;1;0;1;1;-29,48566666;-49,97371445;SPRF-RS;DEL03-RS;UOP02-DEL03-RS
580391;10/02/2024;sábado;22:20:00;SC;282;52;AGUAS MORNAS;Ausência de reação do condutor;Saída de leito carroçável;Com Vítimas Feridas;Plena Noite;Crescente;Nublado;Simples;Curva;Não;1;0;1;0;0;0;1;1;-27,708536;-48,952251;SPRF-SC;DEL01-SC;UOP03-DEL01-SC
580394;10/02/2024;sábado;19:00:00;MT;174;0;PONTES E LACERDA;Acessar a via sem observar a presença dos outros veículos;Colisão frontal;Com Vítimas Feridas;Plena Noite;Crescente;Chuva;Simples;Reta;Sim;2;0;0;1;1;0;1;2;-15,24689306;-59,31983113;SPRF-MT;DEL03-MT;UOP01-DEL03-MT
580395;10/02/2024;sábado;19:20:00;RO;364;9;VILHENA;Falta de acostamento;Atropelamento de Pedestre;Com Vítimas Feridas;Plena Noite;Decrescente;Nublado;Simples;"Aclive;Reta";Não;1;0;1;0;0;0;1;1;-12,75881009;-60,1001711;SPRF-RO;DEL04-RO;UOP01-DEL04-RO
580396;10/02/2024;sábado;21:00:00;AC;364;143;RIO BRANCO;Condutor deixou de manter distância do veículo da frente;Colisão traseira;Com Vítimas Feridas;Plena Noite;Decrescente;Céu Claro;Dupla;"Aclive;Reta";Não;5;0;4;0;0;1;4;3;-9,92858308;-67,88590139;SPRF-AC;DEL01-AC;UOP01-DEL01-AC
580397;10/02/2024;sábado;23:00:00;SC;101;214;PALHOCA;Manobra de mudança de faixa;Colisão lateral mesmo sentido;Com Vítimas Feridas;Plena Noite;Decrescente;Céu Claro;Múltipla;"Interseção de Vias;Reta";Sim;2;0;1;0;1;0;1;2;-27,64443;-48,67057;SPRF-SC;DEL01-SC;UOP02-DEL01-SC
580399;10/02/2024;sábado;22:50:00;MS;267;363;MARACAJU;Ausência de reação do condutor;Saída de leito carroçável;Com Vítimas Fatais;Plena Noite;Decrescente;Céu Claro;Simples;Curva;Não;2;1;1;0;0;0;1;1;-21,64265676;-55,12117088;SPRF-MS;DEL02-MS;UOP02-DEL02-MS
580400;10/02/2024;sábado;23:27:00;SC;470;73,8;INDAIAL;Ausência de reação do condutor;Colisão frontal;Com Vítimas Fatais;Plena Noite;Decrescente;Céu Claro;Simples;"Reta;Em Obras";Não;3;1;0;0;2;0;0;2;-26,9155504;-49,2805602;SPRF-SC;DEL04-SC;UOP01-DEL04-SC
580404;10/02/2024;sábado;23:30:00;PR;376;2;MANDAGUARI;Ausência de reação do condutor;Colisão traseira;Sem Vítimas;Plena Noite;Decrescente;Céu Claro;Simples;Reta;Sim;2;0;0;0;2;0;0;2;-23,547966;-51,671265;SPRF-PR;DEL07-PR;UOP03-DEL07-PR
580405;11/02/2024;domingo;00:15:00;RS;287;248;SANTA MARIA;Ausência de reação do condutor;Atropelamento de Pedestre;Com Vítimas Feridas;Plena Noite;Decrescente;Nublado;Simples;"Desvio Temporário;Reta;Em Obras";Sim;3;0;0;1;0;2;1;2;-29,696018;-53,850956;SPRF-RS;DEL09-RS;UOP01-DEL09-RS
580406;10/02/2024;sábado;23:50:00;BA;235;348;JUAZEIRO;Ingestão de álcool pelo condutor;Colisão traseira;Com Vítimas Feridas;Plena Noite;Crescente;Céu Claro;Dupla;Reta;Sim;2;0;2;0;0;0;2;2;-9,45098798;-40,48451185;SPRF-PE;DEL06-PE;UOP01-DEL06-PE
580407;10/02/2024;sábado;22:11:00;PI;343;590,1;FLORIANO;Ausência de reação do condutor;Colisão com objeto;Com Vítimas Fatais;Plena Noite;Crescente;Chuva;Dupla;"Interseção de Vias;Rotatória";Sim;1;1;0;0;0;0;0;1;-6,783895;-43,015095;SPRF-PI;DEL03-PI;UOP01-DEL03-PI
580408;10/02/2024;sábado;23:20:00;SC;101;2,2;GARUVA;Velocidade Incompatível;Saída de leito carroçável;Sem Vítimas;Plena Noite;Crescente;Céu Claro;Dupla;Curva;Sim;1;0;0;0;1;0;0;1;-25,99841781;-48,87825966;SPRF-SC;DEL03-SC;UOP01-DEL03-SC
580409;10/02/2024;sábado;20:30:00;SC;470;274;BRUNOPOLIS;Condutor deixou de manter distância do veículo da frente;Colisão traseira;Sem Vítimas;Plena Noite;Decrescente;Céu Claro;Simples;Reta;Não;2;0;0;0;1;1;0;2;-27,328598;-50,803162;SPRF-SC;DEL07-SC;UOP06-DEL07-SC
580410;11/02/2024;domingo;00:05:00;RS;116;254;SAPUCAIA DO SUL;Velocidade Incompatível;Colisão traseira;Sem Vítimas;Plena Noite;Crescente;Céu Claro;Dupla;Reta;Sim;3;0;0;0;3;0;0;2;-29,82654797;-51,17241311;SPRF-RS;DEL01-RS;UOP02-DEL01-RS
580411;10/02/2024;sábado;22:50:00;SC;470;223;SAO CRISTOVAO DO SUL;Ingestão de álcool pelo condutor;Saída de leito carroçável;Com Vítimas Feridas;Plena Noite;Crescente;Céu Claro;Simples;"Declive;Curva";Não;5;0;4;1;0;0;5;1;-27,319908;-50,336388;SPRF-SC;DEL05-SC;UOP03-DEL05-SC
580412;11/02/2024;domingo;00:15:00;MS;163;256,4;DOURADOS;Pedestre andava na pista;Atropelamento de Pedestre;Com Vítimas Fatais;Plena Noite;Crescente;Céu Claro;Dupla;"Reta;Declive";Sim;2;1;0;0;0;1;0;2;-22,25907335;-54,79933262;SPRF-MS;DEL04-MS;UOP01-DEL04-MS
580413;10/02/2024;sábado;22:30:00;RJ;101;597;PARATY;Velocidade Incompatível;Queda de ocupante de veículo;Com Vítimas Feridas;Plena Noite;Decrescente;Céu Claro;Simples;Curva;Não;2;0;1;1;0;0;2;1;-23,34025796;-44,74508227;SPRF-RJ;DEL03-RJ;UOP04-DEL03-RJ
580414;11/02/2024;domingo;00:10:00;MS;163;257;DOURADOS;Entrada inopinada do pedestre;Capotamento;Com Vítimas Feridas;Plena Noite;Crescente;Céu Claro;Dupla;Reta;Não;3;0;2;0;0;1;2;2;-22,25888398;-54,793819;SPRF-MS;DEL04-MS;UOP01-DEL04-MS
580415;10/02/2024;sábado;22:00:00;PR;277;179;PALMEIRA;Manobra de mudança de faixa;Colisão traseira;Sem Vítimas;Plena Noite;Decrescente;Céu Claro;Simples;Reta;Não;2;0;0;0;0;2;0;2;-25,435076;-50,011779;SPRF-PR;DEL08-PR;UOP02-DEL08-PR
580416;11/02/2024;domingo;00:40:00;PR;376;214,7;JANDAIA DO SUL;Condutor Dormindo;Saída de leito carroçável;Sem Vítimas;Plena Noite;Crescente;Céu Claro;Dupla;Reta;Não;1;0;0;0;1;0;0;1;-23,588165;-51,64554;SPRF-PR;DEL09-PR;UOP01-DEL09-PR
580417;11/02/2024;domingo;01:20:00;PE;104;67;CARUARU;Condutor deixou de manter distância do veículo da frente;Colisão traseira;Sem Vítimas;Plena Noite;Crescente;Céu Claro;Dupla;"Aclive;Reta";Sim;2;0;0;0;2;0;0;2;-8,29111672;-35,98540823;SPRF-PE;DEL02-PE;UOP01-DEL02-PE
580419;11/02/2024;domingo;01:49:00;SP;153;219,5;MARILIA;Demais falhas mecânicas ou elétricas;Tombamento;Com Vítimas Feridas;Plena Noite;Crescente;Céu Claro;Simples;"Reta;Declive";Não;2;0;1;0;1;0;1;1;-21,98796487;-49,9149076;SPRF-SP;DEL07-SP;UOP02-DEL07-SP
580420;11/02/2024;domingo;00:34:00;SP;153;208;GUAIMBE;Ausência de reação do condutor;Colisão com objeto;Sem Vítimas;Plena Noite;Crescente;Céu Claro;Simples;Interseção de Vias;Não;1;0;0;0;0;1;0;1;-21,89112308;-49,91013961;SPRF-SP;DEL07-SP;UOP01-DEL07-SP