id;data_inversa;dia_semana;horario;uf;br;km;municipio;causa_acidente;tipo_acidente;classificacao_acidente;fase_dia;sentido_via;condicao_metereologica;tipo_pista;tracado_via;uso_solo;pessoas;mortos;feridos_leves;feridos_graves;ilesos;ignorados;feridos;veiculos;latitude;longitude;regional;delegacia;uop
580541;11/02/2024;domingo;13:00:00;MT;163;750,6;SORRISO;Velocidade Incompatível;Colisão lateral mesmo sentido;Com Vítimas Feridas;Pleno dia;Decrescente;Nublado;Dupla;Reta;Sim;5;0;2;0;2;1;2;3;-12,58696803;-55,73850811;SPRF-MT;DEL06-MT;UOP01-DEL06-MT
580543;11/02/2024;domingo;14:30:00;BA;415;48;ITABUNA;Demais falhas mecânicas ou elétricas;Incêndio;Sem Vítimas;Pleno dia;Decrescente;Céu Claro;Simples;Reta;Sim;3;0;0;0;3;0;0;1;-14,81894717;-39,30376053;SPRF-BA;DEL05-BA;UOP01-DEL05-BA
580544;11/02/2024;domingo;15:35:00;PE;101;41;IGARASSU;Acesso irregular;Colisão transversal;Com Vítimas Feridas;Pleno dia;Crescente;Céu Claro;Dupla;Reta;Sim;2;0;1;0;1;0;1;2;-7,828852;-34,914474;SPRF-PE;DEL01-PE;UOP02-DEL01-PE
580545;11/02/2024;domingo;14:50:00;PE;101;157,8;GAMELEIRA;Ingestão de álcool pelo condutor;Colisão com objeto;Sem Vítimas;Pleno dia;Decrescente;Céu Claro;Dupla;Reta;Não;1;0;0;0;1;0;0;1;-8,55352976;-35,3964161;SPRF-PE;DEL01-PE;UOP03-DEL01-PE
580546;11/02/2024;domingo;14:50:00;RJ;101;456;ANGRA DOS REIS;Pedestre cruzava a pista fora da faixa;Atropelamento de Pedestre;Com Vítimas Feridas;Pleno dia;Crescente;Sol;Simples;Reta;Sim;3;0;1;0;1;1;1;2;-23,03288558;-44,16793391;SPRF-RJ;DEL03-RJ;UOP02-DEL03-RJ
580548;11/02/2024;domingo;09:00:00;RJ;101;313;SAO GONCALO;Reação tardia ou ineficiente do condutor;Tombamento;Com Vítimas Feridas;Pleno dia;Decrescente;Céu Claro;Dupla;Reta;Sim;2;0;2;0;0;0;2;1;-22,81049093;-43,06983304;SPRF-RJ;DEL02-RJ;UOP02-DEL02-RJ
580549;11/02/2024;domingo;16:15:00;SC;282;18;PALHOCA;Trafegar com motocicleta (ou similar) entre as faixas;Colisão lateral sentido oposto;Com Vítimas Feridas;Pleno dia;Crescente;Céu Claro;Simples;"Em Obras;Curva";Sim;2;0;0;1;1;0;1;2;-27,672798;-48,694286;SPRF-SC;DEL01-SC;UOP02-DEL01-SC
580551;11/02/2024;domingo;12:15:00;RS;116;168;CAXIAS DO SUL;Reação tardia ou ineficiente do condutor;Colisão lateral mesmo sentido;Com Vítimas Feridas;Pleno dia;Crescente;Céu Claro;Simples;Reta;Não;4;0;2;0;2;0;2;2;-29,28313396;-51,16252272;SPRF-RS;DEL05-RS;UOP02-DEL05-RS
580552;11/02/2024;domingo;16:00:00;SP;381;89;SAO PAULO;Ingestão de álcool pelo condutor;Colisão traseira;Sem Vítimas;Pleno dia;Crescente;Céu Claro;Simples;"Curva;Declive";Sim;2;0;0;0;2;0;0;2;-23,48469299;-46,55983288;SPRF-SP;DEL03-SP;UOP01-DEL03-SP
580553;11/02/2024;domingo;14:30:00;RS;116;151,8;CAXIAS DO SUL;Reação tardia ou ineficiente do condutor;Queda de ocupante de veículo;Com Vítimas Feridas;Pleno dia;Crescente;Céu Claro;Dupla;"Curva;Declive";Sim;3;0;0;2;0;1;2;2;-29,18072584;-51,16418839;SPRF-RS;DEL05-RS;UOP01-DEL05-RS
580554;11/02/2024;domingo;14:25:00;SC;116;74;MONTE CASTELO;Problema na suspensão;Colisão com objeto;Com Vítimas Feridas;Pleno dia;Decrescente;Céu Claro;Simples;Reta;Não;1;0;1;0;0;0;1;1;-26,50510886;-50,23328349;SPRF-SC;DEL06-SC;UOP02-DEL06-SC
580555;14/01/2024;domingo;19:30:00;PI;316;44,1;LAGOA DO PIAUI;Animais na Pista;Atropelamento de Animal;Com Vítimas Feridas;Plena Noite;Decrescente;Nublado;Simples;"Interseção de Vias;Reta";Não;4;0;3;0;1;0;3;1;-5,44807;-42,633837;SPRF-PI;DEL01-PI;UOP02-DEL01-PI
580557;11/02/2024;domingo;16:30:00;RN;304;295,3;MACAIBA;Condutor deixou de manter distância do veículo da frente;Engavetamento;Sem Vítimas;Pleno dia;Decrescente;Sol;Simples;Aclive;Não;3;0;0;0;3;0;0;3;-5,86670972;-35,36335945;SPRF-RN;DEL01-RN;UOP02-DEL01-RN
580558;11/02/2024;domingo;15:53:00;GO;153;103;SANTA TEREZA DE GOIAS;Avarias e/ou desgaste excessivo no pneu;Eventos atípicos;Com Vítimas Feridas;Pleno dia;Crescente;Nublado;Simples;Reta;Não;2;0;2;0;0;0;2;1;-13,676991;-49,025154;SPRF-GO;DEL07-GO;UOP01-DEL07-GO
580559;11/02/2024;domingo;14:30:00;GO;153;597;MORRINHOS;Reação tardia ou ineficiente do condutor;Saída de leito carroçável;Com Vítimas Feridas;Pleno dia;Crescente;Chuva;Dupla;Curva;Não;3;0;1;0;2;0;1;1;-17,5271;-49,2152;SPRF-GO;DEL03-GO;UOP01-DEL03-GO
580561;11/02/2024;domingo;16:25:00;GO;20;114,1;FLORES DE GOIAS;Demais falhas mecânicas ou elétricas;Saída de leito carroçável;Com Vítimas Feridas;Pleno dia;Decrescente;Nublado;Simples;Reta;Não;5;0;2;3;0;0;5;1;-14,889873;-46,879147;SPRF-DF;DEL02-DF;UOP03-DEL02-DF
580562;11/02/2024;domingo;14:00:00;MG;116;678,2;MIRADOURO;Reação tardia ou ineficiente do condutor;Saída de leito carroçável;Sem Vítimas;Pleno dia;Crescente;Nublado;Simples;Reta;Não;3;0;0;0;0;3;0;2;-20,924714;-42,33700999;SPRF-MG;DEL07-MG;UOP02-DEL07-MG
580563;11/02/2024;domingo;17:00:00;PB;230;76,7;RIACHAO DO POCO;Acessar a via sem observar a presença dos outros veículos;Colisão transversal;Com Vítimas Feridas;Pleno dia;Crescente;Nublado;Dupla;Reta;Não;3;0;0;2;1;0;2;2;-7,1852162;-35,29422283;SPRF-PB;DEL01-PB;UOP03-DEL01-PB
580564;11/02/2024;domingo;17:45:00;SP;116;283;EMBU DAS ARTES;Reação tardia ou ineficiente do condutor;Colisão com objeto;Sem Vítimas;Pleno dia;Decrescente;Céu Claro;Dupla;Reta;Sim;1;0;0;0;1;0;0;1;-23,69297005;-46,86352786;SPRF-SP;DEL04-SP;UOP01-DEL04-SP
580565;11/02/2024;domingo;17:10:00;RS;290;114;ELDORADO DO SUL;Reação tardia ou ineficiente do condutor;Colisão transversal;Com Vítimas Feridas;Pleno dia;Decrescente;Céu Claro;Simples;Reta;Não;6;0;1;0;5;0;1;2;-30,044607;-51,347553;SPRF-RS;DEL02-RS;UOP01-DEL02-RS
580566;11/02/2024;domingo;17:20:00;PB;230;4;CABEDELO;Reação tardia ou ineficiente do condutor;Colisão com objeto;Sem Vítimas;Anoitecer;Decrescente;Chuva;Dupla;Viaduto;Sim;1;0;0;0;1;0;0;1;-7,0004;-34,8284;SPRF-PB;DEL01-PB;UOP01-DEL01-PB
580567;11/02/2024;domingo;16:40:00;RJ;393;284;VOLTA REDONDA;Reação tardia ou ineficiente do condutor;Colisão com objeto;Com Vítimas Feridas;Pleno dia;Crescente;Céu Claro;Simples;Curva;Não;1;0;0;1;0;0;1;1;-22,47341979;-44,05990606;SPRF-RJ;DEL05-RJ;UOP04-DEL05-RJ
580568;11/02/2024;domingo;17:00:00;PR;373;219,9;IMBITUVA;Ultrapassagem Indevida;Saída de leito carroçável;Com Vítimas Feridas;Pleno dia;Decrescente;Sol;Dupla;Reta;Não;3;0;2;0;1;0;2;1;-25,168;-50,566;SPRF-PR;DEL03-PR;UOP01-DEL03-PR
580569;11/02/2024;domingo;17:20:00;PR;116;128,7;FAZENDA RIO GRANDE;Velocidade Incompatível;Saída de leito carroçável;Com Vítimas Feridas;Pleno dia;Crescente;Céu Claro;Dupla;Retorno Regulamentado;Não;5;0;1;0;4;0;1;2;-25,66224934;-49,31355536;SPRF-PR;DEL01-PR;UOP03-DEL01-PR
580570;11/02/2024;domingo;18:00:00;RS;101;9,6;TORRES;Acessar a via sem observar a presença dos outros veículos;Colisão lateral mesmo sentido;Com Vítimas Feridas;Pleno dia;Decrescente;Céu Claro;Dupla;Retorno Regulamentado;Sim;7;0;5;0;1;1;5;3;-29,36685801;-49,81514399;SPRF-RS;DEL03-RS;UOP02-DEL03-RS
580571;11/02/2024;domingo;15:25:00;SC;282;354,5;CAMPOS NOVOS;Ingestão de álcool pelo condutor;Colisão frontal;Com Vítimas Feridas;Pleno dia;Crescente;Céu Claro;Simples;"Declive;Reta";Não;3;0;1;0;1;1;1;2;-27,35796;-51,330452;SPRF-SC;DEL07-SC;UOP06-DEL07-SC
580572;11/02/2024;domingo;18:10:00;RS;290;584;URUGUAIANA;Reação tardia ou ineficiente do condutor;Capotamento;Com Vítimas Feridas;Pleno dia;Crescente;Céu Claro;Simples;Reta;Não;2;0;1;0;0;1;1;2;-29,821992;-57,09992;SPRF-RS;DEL13-RS;UOP02-DEL13-RS
580573;11/02/2024;domingo;18:00:00;RJ;101;428;MANGARATIBA;Acessar a via sem observar a presença dos outros veículos;Colisão transversal;Com Vítimas Feridas;Pleno dia;Decrescente;Sol;Múltipla;"Reta;Retorno Regulamentado";Sim;4;0;1;0;3;0;1;2;-22,93391858;-43,9899979;SPRF-RJ;DEL03-RJ;UOP02-DEL03-RJ
580574;11/02/2024;domingo;14:10:00;RJ;116;181;NOVA IGUACU;Frear bruscamente;Colisão traseira;Com Vítimas Feridas;Pleno dia;Decrescente;Céu Claro;Dupla;Reta;Sim;3;0;0;1;2;0;1;2;-22,761312;-43,423492;SPRF-RJ;DEL06-RJ;UOP01-DEL06-RJ
580575;11/02/2024;domingo;18:30:00;PB;101;88;JOAO PESSOA;Acessar a via sem observar a presença dos outros veículos;Colisão lateral mesmo sentido;Com Vítimas Feridas;Plena Noite;Crescente;Chuva;Dupla;"Interseção de Vias;Viaduto;Reta";Sim;3;0;1;0;2;0;1;3;-7,16470016;-34,89993643;SPRF-PB;DEL01-PB;UOP01-DEL01-PB
580576;11/02/2024;domingo;16:45:00;MT;163;825;SINOP;Acesso irregular;Colisão transversal;Com Vítimas Feridas;Pleno dia;Decrescente;Céu Claro;Simples;Reta;Sim;2;0;1;0;1;0;1;2;-11,94843713;-55,51694155;SPRF-MT;DEL06-MT;UOP02-DEL06-MT
580577;11/02/2024;domingo;16:00:00;MG;262;403;PARA DE MINAS;Reação tardia ou ineficiente do condutor;Tombamento;Com Vítimas Feridas;Pleno dia;Decrescente;Nublado;Dupla;Reta;Não;3;0;2;0;1;0;2;2;-19,89468798;-44,57131499;SPRF-MG;DEL01-MG;UOP03-DEL01-MG
580578;11/02/2024;domingo;17:35:00;MG;40;510;RIBEIRAO DAS NEVES;Acessar a via sem observar a presença dos outros veículos;Colisão traseira;Com Vítimas Feridas;Anoitecer;Decrescente;Céu Claro;Dupla;Reta;Sim;3;0;2;0;1;0;2;2;-19,77463885;-44,12321882;SPRF-MG;DEL01-MG;UOP02-DEL01-MG
580579;11/02/2024;domingo;15:10:00;MT;364;1160;CAMPOS DE JULIO;Reação tardia ou ineficiente do condutor;Saída de leito carroçável;Com Vítimas Fatais;Pleno dia;Crescente;Chuva;Simples;Reta;Não;1;1;0;0;0;0;0;1;-13,58134277;-59,0708192;SPRF-MT;DEL04-MT;UOP02-DEL04-MT
580580;11/02/2024;domingo;17:00:00;MG;381;455;SABARA;Conversão proibida;Colisão transversal;Com Vítimas Feridas;Pleno dia;Decrescente;Céu Claro;Simples;Reta;Sim;2;0;1;0;1;0;1;2;-19,85777408;-43,90468298;SPRF-MG;DEL01-MG;UOP01-DEL01-MG
580581;11/02/2024;domingo;15:20:00;BA;330;830;IPIAU;Velocidade Incompatível;Colisão frontal;Com Vítimas Feridas;Pleno dia;Decrescente;Chuva;Simples;Curva;Não;3;0;3;0;0;0;3;2;-14,08149106;-39,78114237;SPRF-BA;DEL03-BA;UOP01-DEL03-BA
580582;11/02/2024;domingo;17:55:00;PI;316;32;DEMERVAL LOBAO;Manobra de mudança de faixa;Colisão transversal;Sem Vítimas;Anoitecer;Crescente;Nublado;Dupla;Reta;Sim;2;0;0;0;1;1;0;2;-5,34217984;-42,68627493;SPRF-PI;DEL01-PI;UOP02-DEL01-PI
580583;11/02/2024;domingo;18:20:00;GO;60;30;ALEXANIA;Chuva;Saída de leito carroçável;Com Vítimas Feridas;Plena Noite;Crescente;Chuva;Dupla;"Reta;Aclive";Sim;1;0;1;0;0;0;1;1;-16,09579418;-48,48678589;SPRF-DF;DEL03-DF;UOP01-DEL03-DF
580585;11/02/2024;domingo;19:00:00;RN;406;104,1;JOAO CAMARA;Pedestre andava na pista;Atropelamento de Pedestre;Com Vítimas Fatais;Plena Noite;Decrescente;Nublado;Simples;Declive;Sim;2;1;0;0;0;1;0;2;-5,54067796;-35,80553967;SPRF-RN;DEL02-RN;UOP01-DEL02-RN
580586;11/02/2024;domingo;18:20:00;MG;381;385;SAO GONCALO DO RIO ABAIXO;Ausência de reação do condutor;Colisão traseira;Com Vítimas Feridas;Anoitecer;Decrescente;Céu Claro;Simples;"Declive;Em Obras;Reta";Não;2;0;1;0;1;0;1;2;-19,829364;-43,381285;SPRF-MG;DEL01-MG;UOP01-DEL01-MG
580587;11/02/2024;domingo;13:50:00;MG;50;191;UBERABA;Avarias e/ou desgaste excessivo no pneu;Colisão com objeto;Sem Vítimas;Pleno dia;Crescente;Chuva;Dupla;Declive;Não;6;0;0;0;6;0;0;1;-19,8640909;-47,86418486;SPRF-MG;DEL13-MG;UOP01-DEL13-MG
580588;11/02/2024;domingo;18:00:00;MA;135;5;SAO LUIS;Manobra de mudança de faixa;Saída de leito carroçável;Com Vítimas Fatais;Anoitecer;Decrescente;Nublado;Dupla;Reta;Sim;2;1;0;0;0;1;0;2;-2,62145385;-44,25797421;SPRF-MA;DEL01-MA;UOP01-DEL01-MA
580589;11/02/2024;domingo;19:15:00;SC;470;12,7;NAVEGANTES;Ausência de reação do condutor;Tombamento;Com Vítimas Feridas;Plena Noite;Decrescente;Nublado;Dupla;"Reta;Declive";Não;2;0;0;2;0;0;2;1;-26,835169;-48,757267;SPRF-SC;DEL04-SC;UOP04-DEL04-SC
580590;11/02/2024;domingo;19:25:00;PE;101;46;IGARASSU;Acesso irregular;Colisão transversal;Com Vítimas Feridas;Plena Noite;Decrescente;Vento;Múltipla;Reta;Sim;2;0;1;0;0;1;1;2;-7,87406004;-34,90588126;SPRF-PE;DEL01-PE;UOP02-DEL01-PE
580591;10/01/2024;quarta-feira;15:40:00;GO;40;41;LUZIANIA;Chuva;Colisão lateral sentido oposto;Com Vítimas Fatais;Pleno dia;Crescente;Chuva;Simples;Curva;Não;5;1;0;0;4;0;0;3;-16,367802;-47,826972;SPRF-DF;DEL01-DF;UOP02-DEL01-DF
580595;11/02/2024;domingo;20:00:00;PR;277;716;SANTA TEREZINHA DE ITAIPU;Demais falhas mecânicas ou elétricas;Incêndio;Sem Vítimas;Plena Noite;Crescente;Céu Claro;Dupla;Reta;Não;2;0;0;0;2;0;0;1;-25,47252277;-54,46707409;SPRF-PR;DEL05-PR;UOP01-DEL05-PR
580596;11/02/2024;domingo;18:15:00;PE;424;97;GARANHUNS;Faróis desregulados;Colisão lateral mesmo sentido;Com Vítimas Feridas;Plena Noite;Decrescente;Céu Claro;Simples;Reta;Não;2;0;0;1;0;1;1;2;-8,91590392;-36,48883344;SPRF-PE;DEL03-PE;UOP01-DEL03-PE
580598;11/02/2024;domingo;20:20:00;SC;101;193,5;BIGUACU;Manobra de mudança de faixa;Queda de ocupante de veículo;Com Vítimas Feridas;Plena Noite;Decrescente;Nublado;Múltipla;Reta;Sim;2;0;1;0;0;1;1;2;-27,489574;-48,655914;SPRF-SC;DEL01-SC;UOP01-DEL01-SC
580599;11/02/2024;domingo;17:00:00;MG;381;377,5;SAO GONCALO DO RIO ABAIXO;Ausência de reação do condutor;Saída de leito carroçável;Com Vítimas Feridas;Pleno dia;Decrescente;Céu Claro;Simples;"Aclive;Curva";Não;2;0;1;1;0;0;2;1;-19,842701;-43,319737;SPRF-MG;DEL01-MG;UOP01-DEL01-MG
580600;11/02/2024;domingo;19:00:00;TO;153;701,4;CARIRI DO TOCANTINS;Reação tardia ou ineficiente do condutor;Saída de leito carroçável;Com Vítimas Feridas;Plena Noite;Crescente;Nublado;Simples;"Interseção de Vias;Rotatória";Não;1;0;1;0;0;0;1;1;-11,9609026;-49,19947692;SPRF-TO;DEL01-TO;UOP02-DEL01-TO
580601;11/02/2024;domingo;18:00:00;PB;230;514;CAJAZEIRAS;Chuva;Queda de ocupante de veículo;Com Vítimas Feridas;Anoitecer;Crescente;Chuva;Simples;Aclive;Não;2;0;0;1;1;0;1;1;-6,8753;-38,6397;SPRF-PB;DEL03-PB;UOP03-DEL03-PB
580602;11/02/2024;domingo;20:15:00;RJ;101;57;CAMPOS DOS GOYTACAZES;Reação tardia ou ineficiente do condutor;Colisão transversal;Com Vítimas Feridas;Plena Noite;Crescente;Céu Claro;Simples;Reta;Sim;2;0;1;0;1;0;1;2;-21,69602101;-41,31017467;SPRF-RJ;DEL08-RJ;UOP01-DEL08-RJ
580603;11/02/2024;domingo;06:40:00;PR;277;72;SAO JOSE DOS PINHAIS;Condutor deixou de manter distância do veículo da frente;Colisão traseira;Sem Vítimas;Plena Noite;Crescente;Nublado;Dupla;Reta;Não;3;0;0;0;3;0;0;3;-25,52522628;-49,09755612;SPRF-PR;DEL01-PR;UOP07-DEL01-PR
580604;11/02/2024;domingo;16:15:00;RJ;40;121;DUQUE DE CAXIAS;Acesso irregular;Colisão transversal;Com Vítimas Feridas;Pleno dia;Decrescente;Sol;Múltipla;Reta;Sim;2;0;1;0;1;0;1;2;-22,78185499;-43,28571273;SPRF-RJ;DEL01-RJ;UOP02-DEL01-RJ
580606;11/02/2024;domingo;19:00:00;MT;163;1058;GUARANTA DO NORTE;Transitar na contramão;Colisão lateral sentido oposto;Com Vítimas Feridas;Plena Noite;Crescente;Nublado;Simples;Reta;Não;1;0;0;1;0;0;1;1;-10,012513;-54,908274;SPRF-MT;DEL06-MT;UOP03-DEL06-MT
580607;11/02/2024;domingo;18:00:00;RJ;493;18;GUAPIMIRIM;Ausência de reação do condutor;Queda de ocupante de veículo;Com Vítimas Feridas;Anoitecer;Decrescente;Céu Claro;Simples;Reta;Sim;2;0;2;0;0;0;2;1;-22,6687122;-43,01862696;SPRF-RJ;DEL04-RJ;UOP02-DEL04-RJ
580608;11/02/2024;domingo;16:45:00;SC;101;221;PALHOCA;Avarias e/ou desgaste excessivo no pneu;Queda de ocupante de veículo;Com Vítimas Feridas;Pleno dia;Decrescente;Céu Claro;Simples;Reta;Não;1;0;1;0;0;0;1;1;-27,70012652;-48,66021182;SPRF-SC;DEL01-SC;UOP02-DEL01-SC
580609;11/02/2024;domingo;14:00:00;MA;10;44;CAROLINA;Acessar a via sem observar a presença dos outros veículos;Colisão transversal;Com Vítimas Feridas;Pleno dia;Decrescente;Céu Claro;Simples;"Reta;Declive";Não;3;0;0;1;2;0;1;2;-7,259534;-47,446739;SPRF-MA;DEL04-MA;UOP02-DEL04-MA
580610;11/02/2024;domingo;15:40:00;SP;381;61,8;MAIRIPORA;Ausência de reação do condutor;Tombamento;Com Vítimas Feridas;Pleno dia;Crescente;Céu Claro;Dupla;Curva;Não;2;0;2;0;0;0;2;1;-23,29011611;-46,5800681;SPRF-SP;DEL03-SP;UOP01-DEL03-SP
580611;11/02/2024;domingo;20:30:00;RN;110;33,4;MOSSORO;Animais na Pista;Atropelamento de Animal;Com Vítimas Feridas;Plena Noite;Decrescente;Céu Claro;Simples;Reta;Não;1;0;1;0;0;0;1;1;-5,15244618;-37,21790957;SPRF-RN;DEL04-RN;UOP01-DEL04-RN
580612;11/02/2024;domingo;19:50:00;SC;282;668;SAO MIGUEL DO OESTE;Reação tardia ou ineficiente do condutor;Queda de ocupante de veículo;Com Vítimas Feridas;Plena Noite;Crescente;Céu Claro;Simples;Reta;Não;1;0;1;0;0;0;1;1;-26,641872;-53,625648;SPRF-SC;DEL07-SC;UOP03-DEL07-SC
580613;11/02/2024;domingo;20:15:00;RJ;116;316;ITATIAIA;Ausência de reação do condutor;Atropelamento de Pedestre;Com Vítimas Feridas;Plena Noite;Crescente;Garoa/Chuvisco;Simples;Curva;Não;2;0;1;0;0;1;1;2;-22,46624383;-44,50012207;SPRF-RJ;DEL07-RJ;UOP02-DEL07-RJ
580614;11/02/2024;domingo;18:00:00;RS;290;353,2;SAO SEPE;Reação tardia ou ineficiente do condutor;Colisão lateral mesmo sentido;Com Vítimas Fatais;Pleno dia;Crescente;Nublado;Simples;"Reta;Em Obras;Declive";Não;16;1;4;2;8;1;6;5;-30,374231;-53,702789;SPRF-RS;DEL09-RS;UOP02-DEL09-RS
580615;11/02/2024;domingo;21:45:00;RS;290;22,6;SANTO ANTONIO DA PATRULHA;Avarias e/ou desgaste excessivo no pneu;Capotamento;Com Vítimas Feridas;Plena Noite;Decrescente;Céu Claro;Dupla;Reta;Não;2;0;2;0;0;0;2;1;-29,888826;-50,474819;SPRF-RS;DEL03-RS;UOP01-DEL03-RS
580616;11/02/2024;domingo;21:00:00;PR;277;104;CAMPO LARGO;Transitar na contramão;Colisão frontal;Com Vítimas Feridas;Plena Noite;Crescente;Céu Claro;Simples;Viaduto;Não;2;0;1;0;1;0;1;2;-25,43444925;-49,41352987;SPRF-PR;DEL01-PR;UOP06-DEL01-PR
580617;11/02/2024;domingo;20:15:00;MT;163;850;SINOP;Ausência de reação do condutor;Atropelamento de Pedestre;Com Vítimas Feridas;Plena Noite;Crescente;Chuva;Simples;Reta;Não;2;0;2;0;0;0;2;2;-11,724;-55,459;SPRF-MT;DEL06-MT;UOP02-DEL06-MT
580618;11/02/2024;domingo;21:45:00;SE;101;3;PROPRIA;Animais na Pista;Atropelamento de Animal;Com Vítimas Feridas;Plena Noite;Crescente;Céu Claro;Dupla;"Reta;Declive";Não;4;0;1;0;3;0;1;1;-10,229956;-36,839184;SPRF-SE;DEL02-SE;UOP02-DEL02-SE
580619;11/02/2024;domingo;20:30:00;PR;376;142;NOVA ESPERANCA;Ausência de reação do condutor;Colisão traseira;Com Vítimas Feridas;Plena Noite;Decrescente;Céu Claro;Dupla;Reta;Não;3;0;0;2;1;0;2;2;-23,246198;-52,169348;SPRF-PR;DEL09-PR;UOP02-DEL09-PR
580620;11/02/2024;domingo;20:45:00;MG;381;654,8;SANTO ANTONIO DO AMPARO;Demais falhas mecânicas ou elétricas;Tombamento;Com Vítimas Feridas;Plena Noite;Decrescente;Ignorado;Dupla;"Reta;Declive";Não;2;0;2;0;0;0;2;1;-20,99437964;-44,96041633;SPRF-MG;DEL04-MG;UOP02-DEL04-MG
580622;11/02/2024;domingo;21:15:00;SC;282;264,3;SAO JOSE DO CERRITO;Animais na Pista;Atropelamento de Animal;Com Vítimas Feridas;Plena Noite;Decrescente;Céu Claro;Simples;Reta;Não;6;0;1;0;4;1;1;2;-27,627396;-50,623634;SPRF-SC;DEL05-SC;UOP02-DEL05-SC
580623;11/02/2024;domingo;21:30:00;RJ;465;4,9;SEROPEDICA;Ausência de reação do condutor;Colisão traseira;Com Vítimas Feridas;Plena Noite;Decrescente;Céu Claro;Simples;Reta;Sim;3;0;1;0;2;0;1;2;-22,740971;-43,705597;SPRF-RJ;DEL06-RJ;UOP02-DEL06-RJ
580624;11/02/2024;domingo;21:17:00;MS;262;504,9;ANASTACIO;Animais na Pista;Saída de leito carroçável;Com Vítimas Feridas;Plena Noite;Decrescente;Nublado;Simples;Reta;Não;4;0;4;0;0;0;4;1;-20,48812287;-55,94510593;SPRF-MS;DEL03-MS;UOP01-DEL03-MS
580625;11/02/2024;domingo;14:30:00;RJ;116;148;DUQUE DE CAXIAS;Manobra de mudança de faixa;Colisão lateral mesmo sentido;Com Vítimas Feridas;Pleno dia;Crescente;Céu Claro;Múltipla;"Aclive;Viaduto";Sim;2;0;1;0;0;1;1;2;-22,6723488;-43,28215398;SPRF-RJ;DEL01-RJ;UOP02-DEL01-RJ
580626;11/02/2024;domingo;22:20:00;MG;40;351,9;FELIXLANDIA;Velocidade Incompatível;Saída de leito carroçável;Com Vítimas Feridas;Plena Noite;Crescente;Céu Claro;Simples;Interseção de Vias;Não;2;0;2;0;0;0;2;1;-18,728718;-44,91955;SPRF-MG;DEL02-MG;UOP01-DEL02-MG
580630;11/02/2024;domingo;19:00:00;SC;282;547;CHAPECO;Ultrapassagem Indevida;Colisão frontal;Com Vítimas Feridas;Anoitecer;Decrescente;Céu Claro;Simples;Reta;Não;2;0;0;2;0;0;2;2;-26,973904;-52,745403;SPRF-SC;DEL07-SC;UOP01-DEL07-SC
580631;11/02/2024;domingo;18:00:00;ES;262;105;VENDA NOVA DO IMIGRANTE;Pedestre - Ingestão de álcool/ substâncias psicoativas;Atropelamento de Pedestre;Com Vítimas Feridas;Anoitecer;Crescente;Chuva;Simples;Reta;Não;2;0;0;1;1;0;1;2;-20,32624656;-41,13598921;SPRF-ES;DEL01-ES;UOP02-DEL01-ES
580632;11/02/2024;domingo;21:30:00;CE;222;210;FORQUILHA;Ingestão de álcool pelo condutor;Colisão frontal;Com Vítimas Feridas;Plena Noite;Crescente;Céu Claro;Simples;"Curva;Interseção de Vias";Não;4;0;2;1;0;1;3;2;-3,79403057;-40,27587891;SPRF-CE;DEL04-CE;UOP01-DEL04-CE
580634;11/02/2024;domingo;12:33:00;AC;364;202;BUJARI;Pista esburacada;Saída de leito carroçável;Sem Vítimas;Pleno dia;Crescente;Nublado;Simples;Reta;Não;1;0;0;0;1;0;0;1;-9,57761387;-68,27623886;SPRF-AC;DEL01-AC;UOP01-DEL01-AC
580635;11/02/2024;domingo;23:00:00;RS;158;332;SANTA MARIA;Acumulo de areia ou detritos sobre o pavimento;Tombamento;Com Vítimas Feridas;Plena Noite;Crescente;Nublado;Dupla;Retorno Regulamentado;Sim;1;0;1;0;0;0;1;1;-29,70557379;-53,84774923;SPRF-RS;DEL09-RS;UOP01-DEL09-RS
580636;11/02/2024;domingo;22:30:00;SC;101;65;ARAQUARI;Avarias e/ou desgaste excessivo no pneu;Colisão com objeto;Com Vítimas Feridas;Pleno dia;Crescente;Céu Claro;Dupla;Reta;Sim;3;0;1;0;2;0;1;2;-26,47135714;-48,74457217;SPRF-SC;DEL03-SC;UOP02-DEL03-SC
580637;11/02/2024;domingo;22:00:00;SC;101;155;ITAPEMA;Avarias e/ou desgaste excessivo no pneu;Queda de ocupante de veículo;Com Vítimas Feridas;Plena Noite;Crescente;Céu Claro;Dupla;Reta;Não;2;0;2;0;0;0;2;1;-27,16292;-48,61129;SPRF-SC;DEL04-SC;UOP03-DEL04-SC
580638;11/02/2024;domingo;22:31:00;RO;319;64;PORTO VELHO;Ingestão de álcool pelo condutor;Colisão traseira;Sem Vítimas;Plena Noite;Decrescente;Nublado;Dupla;Reta;Sim;3;0;0;0;3;0;0;2;-8,766685;-63,884052;SPRF-RO;DEL01-RO;UOP01-DEL01-RO
580640;11/02/2024;domingo;19:20:00;MT;174;384;CONQUISTA DOESTE;Manobra de mudança de faixa;Colisão frontal;Com Vítimas Feridas;Plena Noite;Crescente;Céu Claro;Simples;Reta;Não;2;0;0;1;1;0;1;2;-14,5025286;-59,5674037;SPRF-MT;DEL04-MT;UOP01-DEL04-MT
580641;11/02/2024;domingo;23:10:00;GO;60;19,1;ALEXANIA;Transitar na contramão;Colisão frontal;Com Vítimas Fatais;Plena Noite;Crescente;Chuva;Dupla;"Aclive;Reta";Não;4;1;2;1;0;0;3;2;-16,116914;-48,393592;SPRF-DF;DEL03-DF;UOP01-DEL03-DF
580642;11/02/2024;domingo;22:35:00;MA;10;308;ACAILANDIA;Transitar na contramão;Colisão frontal;Com Vítimas Fatais;Plena Noite;Decrescente;Céu Claro;Simples;Curva;Não;2;1;0;0;1;0;0;2;-5,044079;-47,551216;SPRF-MA;DEL04-MA;UOP03-DEL04-MA