id;data_inversa;dia_semana;horario;uf;br;km;municipio;causa_acidente;tipo_acidente;classificacao_acidente;fase_dia;sentido_via;condicao_metereologica;tipo_pista;tracado_via;uso_solo;pessoas;mortos;feridos_leves;feridos_graves;ilesos;ignorados;feridos;veiculos;latitude;longitude;regional;delegacia;uop
580643;11/02/2024;domingo;21:10:00;RS;290;134;ELDORADO DO SUL;Demais falhas mecânicas ou elétricas;Incêndio;Sem Vítimas;Plena Noite;Decrescente;Nublado;Simples;Reta;Não;1;0;0;0;0;1;0;1;-30,064959;-51,551262;SPRF-RS;DEL02-RS;UOP01-DEL02-RS
580645;11/02/2024;domingo;22:30:00;SC;101;139;BALNEARIO CAMBORIU;Manobra de mudança de faixa;Colisão lateral mesmo sentido;Com Vítimas Feridas;Plena Noite;Crescente;Céu Claro;Dupla;Reta;Não;1;0;1;0;0;0;1;1;-27,03881189;-48,60025148;SPRF-SC;DEL04-SC;UOP03-DEL04-SC
580646;11/02/2024;domingo;21:15:00;RJ;101;511;ANGRA DOS REIS;Ausência de reação do condutor;Colisão transversal;Com Vítimas Feridas;Plena Noite;Crescente;Nublado;Simples;Reta;Não;4;0;1;0;1;2;1;3;-22,9609111;-44,4382966;SPRF-RJ;DEL03-RJ;UOP03-DEL03-RJ
580648;12/02/2024;segunda-feira;00:40:00;DF;40;2,9;BRASILIA;Acumulo de água sobre o pavimento;Tombamento;Com Vítimas Feridas;Plena Noite;Crescente;Chuva;Dupla;"Interseção de Vias;Ponte;Reta";Sim;2;0;2;0;0;0;2;1;-15,99435;-47,985947;SPRF-DF;DEL01-DF;UOP01-DEL01-DF
580649;11/02/2024;domingo;20:30:00;MG;381;549,3;ITATIAIUCU;Condutor Dormindo;Saída de leito carroçável;Com Vítimas Fatais;Plena Noite;Decrescente;Céu Claro;Dupla;"Aclive;Curva";Não;1;1;0;0;0;0;0;1;-20,31815092;-44,45448614;SPRF-MG;DEL04-MG;UOP03-DEL04-MG
580653;11/02/2024;domingo;19:00:00;PI;135;307;CRISTINO CASTRO;Transitar na contramão;Colisão frontal;Com Vítimas Fatais;Plena Noite;Decrescente;Nublado;Simples;"Reta;Declive";Não;3;1;0;0;2;0;0;2;-8,750607;-44,154432;SPRF-PI;DEL03-PI;UOP02-DEL03-PI
580654;11/02/2024;domingo;23:30:00;RR;174;473,3;BOA VISTA;Manobra de mudança de faixa;Colisão frontal;Com Vítimas Feridas;Plena Noite;Crescente;Céu Claro;Simples;Reta;Não;2;0;0;1;0;1;1;2;2,599424;-60,876957;SPRF-RR;DEL01-RR;UOP01-DEL01-RR
580655;11/02/2024;domingo;23:10:00;GO;60;394;RIO VERDE;Ingestão de álcool pelo condutor;Saída de leito carroçável;Sem Vítimas;Plena Noite;Crescente;Nublado;Dupla;Reta;Sim;2;0;0;0;2;0;0;1;-17,8228;-50,9983;SPRF-GO;DEL04-GO;UOP02-DEL04-GO
580656;12/02/2024;segunda-feira;00:50:00;RS;470;229,5;GARIBALDI;Ausência de reação do condutor;Saída de leito carroçável;Sem Vítimas;Plena Noite;Crescente;Nublado;Simples;Curva;Sim;2;0;0;0;1;1;0;2;-29,27470891;-51,49431467;SPRF-RS;DEL06-RS;UOP01-DEL06-RS
580659;12/02/2024;segunda-feira;01:35:00;SC;101;211,2;SAO JOSE;Reação tardia ou ineficiente do condutor;Tombamento;Com Vítimas Feridas;Plena Noite;Crescente;Céu Claro;Dupla;"Interseção de Vias;Reta";Sim;2;0;1;0;1;0;1;2;-27,62329313;-48,65245588;SPRF-SC;DEL01-SC;UOP02-DEL01-SC
580660;11/02/2024;domingo;23:05:00;RJ;101;485,2;ANGRA DOS REIS;Acessar a via sem observar a presença dos outros veículos;Colisão transversal;Com Vítimas Feridas;Plena Noite;Crescente;Céu Claro;Dupla;Reta;Sim;2;0;1;0;1;0;1;2;-22,98573526;-44,29709764;SPRF-RJ;DEL03-RJ;UOP03-DEL03-RJ
580661;12/02/2024;segunda-feira;01:45:00;PE;232;9,6;JABOATAO DOS GUARARAPES;Ausência de reação do condutor;Colisão traseira;Com Vítimas Feridas;Plena Noite;Crescente;Garoa/Chuvisco;Dupla;"Reta;Em Obras";Não;2;0;0;1;1;0;1;2;-8,07764447;-34,97863609;SPRF-PE;DEL01-PE;UOP01-DEL01-PE
580662;12/02/2024;segunda-feira;02:40:00;SC;101;215;PALHOCA;Condutor Dormindo;Colisão com objeto;Com Vítimas Feridas;Plena Noite;Decrescente;Céu Claro;Múltipla;"Reta;Aclive";Sim;1;0;1;0;0;0;1;1;-27,65184843;-48,67604941;SPRF-SC;DEL01-SC;UOP02-DEL01-SC
580664;12/02/2024;segunda-feira;01:40:00;MG;262;669,9;IBIA;Demais falhas mecânicas ou elétricas;Incêndio;Sem Vítimas;Plena Noite;Crescente;Céu Claro;Simples;Reta;Não;26;0;0;0;26;0;0;1;-19,55172772;-46,79118955;SPRF-MG;DEL08-MG;UOP01-DEL08-MG
580667;12/02/2024;segunda-feira;02:30:00;SP;116;391,3;MIRACATU;Animais na Pista;Atropelamento de Animal;Com Vítimas Feridas;Plena Noite;Decrescente;Nublado;Dupla;Curva;Não;2;0;1;0;1;0;1;1;-24,27280624;-47,4062269;SPRF-SP;DEL04-SP;UOP02-DEL04-SP
580669;12/02/2024;segunda-feira;04:23:00;DF;40;0;BRASILIA;Ausência de reação do condutor;Colisão lateral mesmo sentido;Sem Vítimas;Plena Noite;Crescente;Céu Claro;Dupla;Reta;Sim;2;0;0;0;2;0;0;2;-15,976897;-47,990129;SPRF-DF;DEL01-DF;UOP01-DEL01-DF
580670;12/02/2024;segunda-feira;03:00:00;SC;101;143;BALNEARIO CAMBORIU;Ausência de reação do condutor;Colisão traseira;Com Vítimas Feridas;Plena Noite;Crescente;Céu Claro;Dupla;Reta;Sim;3;0;0;1;2;0;1;2;-27,06436;-48,59599405;SPRF-SC;DEL04-SC;UOP03-DEL04-SC
580672;12/02/2024;segunda-feira;03:23:00;RJ;116;136;MAGE;Velocidade Incompatível;Colisão lateral mesmo sentido;Com Vítimas Feridas;Plena Noite;Crescente;Céu Claro;Dupla;Reta;Não;3;0;2;0;0;1;2;2;-22,64988985;-43,17250297;SPRF-RJ;DEL04-RJ;UOP02-DEL04-RJ
580673;11/02/2024;domingo;11:50:00;BA;324;613;SALVADOR;Chuva;Queda de ocupante de veículo;Com Vítimas Feridas;Pleno dia;Crescente;Chuva;Dupla;Reta;Sim;1;0;0;1;0;0;1;1;-12,85531601;-38,42055197;SPRF-BA;DEL01-BA;UOP01-DEL01-BA
580674;12/02/2024;segunda-feira;03:50:00;RJ;101;484;ANGRA DOS REIS;Ultrapassagem Indevida;Colisão frontal;Com Vítimas Feridas;Plena Noite;Crescente;Céu Claro;Simples;Curva;Sim;3;0;2;0;1;0;2;2;-22,99096308;-44,30429882;SPRF-RJ;DEL03-RJ;UOP03-DEL03-RJ
580675;12/02/2024;segunda-feira;04:38:00;DF;20;20;BRASILIA;Demais falhas mecânicas ou elétricas;Capotamento;Com Vítimas Feridas;Plena Noite;Crescente;Chuva;Dupla;"Ponte;Reta";Sim;1;0;1;0;0;0;1;1;-15,607905;-47,692791;SPRF-DF;DEL02-DF;UOP01-DEL02-DF
580677;12/02/2024;segunda-feira;04:45:00;MG;381;765;CAMPANHA;Demais falhas mecânicas ou elétricas;Tombamento;Com Vítimas Feridas;Amanhecer;Decrescente;Chuva;Dupla;Curva;Não;2;0;2;0;0;0;2;1;-21,75667108;-45,40552196;SPRF-MG;DEL16-MG;UOP02-DEL16-MG
580678;12/02/2024;segunda-feira;04:00:00;PE;232;145;SAO CAITANO;Ingestão de álcool pelo condutor;Queda de ocupante de veículo;Com Vítimas Feridas;Amanhecer;Decrescente;Céu Claro;Dupla;Reta;Não;1;0;1;0;0;0;1;1;-8,32868;-36,120811;SPRF-PE;DEL03-PE;UOP02-DEL03-PE
580680;12/02/2024;segunda-feira;06:00:00;SC;101;149;ITAPEMA;Reação tardia ou ineficiente do condutor;Tombamento;Com Vítimas Feridas;Pleno dia;Crescente;Sol;Múltipla;Curva;Não;1;0;1;0;0;0;1;1;-27,1089649;-48,61277586;SPRF-SC;DEL04-SC;UOP03-DEL04-SC
580682;12/02/2024;segunda-feira;06:00:00;RJ;116;291;BARRA MANSA;Condutor Dormindo;Colisão com objeto;Com Vítimas Feridas;Amanhecer;Crescente;Céu Claro;Dupla;Curva;Não;2;0;2;0;0;0;2;1;-22,47234102;-44,27715902;SPRF-RJ;DEL07-RJ;UOP02-DEL07-RJ
580683;12/02/2024;segunda-feira;05:00:00;RN;226;276,6;TRIUNFO POTIGUAR;Desrespeitar a preferência no cruzamento;Colisão transversal;Com Vítimas Feridas;Amanhecer;Decrescente;Céu Claro;Simples;"Interseção de Vias;Rotatória";Não;2;0;1;1;0;0;2;2;-5,85895066;-37,19635963;SPRF-RN;DEL03-RN;UOP01-DEL03-RN
580684;12/02/2024;segunda-feira;05:40:00;SP;116;274;TABOAO DA SERRA;Manobra de mudança de faixa;Queda de ocupante de veículo;Com Vítimas Feridas;Amanhecer;Decrescente;Céu Claro;Dupla;Reta;Sim;2;0;1;1;0;0;2;1;-23,63445084;-46,82418514;SPRF-SP;DEL04-SP;UOP01-DEL04-SP
580686;12/02/2024;segunda-feira;06:40:00;TO;10;463;PALMAS;Reação tardia ou ineficiente do condutor;Atropelamento de Pedestre;Com Vítimas Feridas;Plena Noite;Crescente;Céu Claro;Simples;Curva;Sim;2;0;1;0;0;1;1;2;-10,15618788;-48,16564032;SPRF-TO;DEL01-TO;UOP03-DEL01-TO
580689;12/02/2024;segunda-feira;06:00:00;MG;381;484;BETIM;Demais falhas mecânicas ou elétricas;Incêndio;Sem Vítimas;Amanhecer;Decrescente;Céu Claro;Múltipla;Viaduto;Sim;1;0;0;0;1;0;0;1;-19,95531717;-44,11722196;SPRF-MG;DEL01-MG;UOP03-DEL01-MG
580691;11/02/2024;domingo;21:30:00;BA;324;536;AMELIA RODRIGUES;Ausência de reação do condutor;Saída de leito carroçável;Com Vítimas Feridas;Plena Noite;Crescente;Céu Claro;Dupla;Curva;Sim;1;0;1;0;0;0;1;1;-12,363585;-38,820976;SPRF-BA;DEL01-BA;UOP03-DEL01-BA
580693;11/02/2024;domingo;21:50:00;SC;470;22,3;ILHOTA;Ausência de reação do condutor;Tombamento;Com Vítimas Feridas;Plena Noite;Crescente;Nublado;Dupla;Reta;Não;1;0;1;0;0;0;1;1;-26,880066;-48,836224;SPRF-SC;DEL04-SC;UOP04-DEL04-SC
580695;12/02/2024;segunda-feira;07:00:00;MG;40;511,5;RIBEIRAO DAS NEVES;Condutor deixou de manter distância do veículo da frente;Colisão traseira;Com Vítimas Feridas;Pleno dia;Decrescente;Sol;Dupla;Reta;Sim;2;0;0;1;1;0;1;2;-19,77348837;-44,12439823;SPRF-MG;DEL01-MG;UOP02-DEL01-MG
580696;11/02/2024;domingo;22:00:00;RJ;116;148;DUQUE DE CAXIAS;Reação tardia ou ineficiente do condutor;Colisão com objeto;Com Vítimas Feridas;Plena Noite;Crescente;Céu Claro;Simples;Reta;Não;1;0;1;0;0;0;1;1;-22,6723488;-43,28215398;SPRF-RJ;DEL01-RJ;UOP02-DEL01-RJ
580698;12/02/2024;segunda-feira;06:30:00;MG;267;48,5;MARIPA DE MINAS;Velocidade Incompatível;Saída de leito carroçável;Com Vítimas Fatais;Amanhecer;Crescente;Céu Claro;Simples;Curva;Não;1;1;0;0;0;0;0;1;-21,69635151;-42,98366547;SPRF-MG;DEL07-MG;UOP01-DEL07-MG
580701;12/02/2024;segunda-feira;02:30:00;MG;381;159,5;GOVERNADOR VALADARES;Ausência de reação do condutor;Saída de leito carroçável;Com Vítimas Feridas;Plena Noite;Decrescente;Nublado;Simples;Curva;Não;1;0;1;0;0;0;1;1;-18,88898998;-42,00506687;SPRF-MG;DEL06-MG;UOP01-DEL06-MG
580702;12/02/2024;segunda-feira;01:30:00;SP;116;279;EMBU DAS ARTES;Ausência de reação do condutor;Capotamento;Sem Vítimas;Plena Noite;Decrescente;Chuva;Dupla;Reta;Sim;1;0;0;0;0;1;0;1;-23,66233697;-46,85292907;SPRF-SP;DEL04-SP;UOP01-DEL04-SP
580703;12/02/2024;segunda-feira;06:56:00;SC;163;82,2;GUARACIABA;Acessar a via sem observar a presença dos outros veículos;Colisão transversal;Com Vítimas Feridas;Pleno dia;Decrescente;Céu Claro;Simples;"Reta;Declive";Não;2;0;1;0;1;0;1;2;-26,6327579;-53,51856923;SPRF-SC;DEL07-SC;UOP03-DEL07-SC
580704;12/02/2024;segunda-feira;07:30:00;RS;116;262,4;CANOAS;Acumulo de areia ou detritos sobre o pavimento;Colisão lateral mesmo sentido;Com Vítimas Feridas;Pleno dia;Crescente;Nublado;Dupla;"Reta;Em Obras";Sim;4;0;2;0;2;0;2;2;-29,8965193;-51,1761564;SPRF-RS;DEL01-RS;UOP01-DEL01-RS
580705;12/02/2024;segunda-feira;06:50:00;RJ;116;179;BELFORD ROXO;Curva acentuada;Colisão com objeto;Com Vítimas Feridas;Pleno dia;Crescente;Céu Claro;Múltipla;Curva;Sim;2;0;2;0;0;0;2;1;-22,769902;-43,408036;SPRF-RJ;DEL06-RJ;UOP01-DEL06-RJ
580706;12/02/2024;segunda-feira;07:10:00;PE;232;5,2;RECIFE;Reação tardia ou ineficiente do condutor;Colisão com objeto;Com Vítimas Feridas;Pleno dia;Decrescente;Céu Claro;Dupla;Curva;Não;1;0;0;1;0;0;1;1;-8,06795766;-34,94535414;SPRF-PE;DEL01-PE;UOP01-DEL01-PE
580707;12/02/2024;segunda-feira;07:50:00;RJ;101;322;NITEROI;Manobra de mudança de faixa;Colisão transversal;Sem Vítimas;Pleno dia;Decrescente;Céu Claro;Múltipla;Reta;Não;2;0;0;0;2;0;0;2;-22,878923;-43,110676;SPRF-RJ;DEL02-RJ;UOP01-DEL02-RJ
580708;12/02/2024;segunda-feira;06:50:00;RJ;116;251;PIRAI;Reação tardia ou ineficiente do condutor;Saída de leito carroçável;Sem Vítimas;Pleno dia;Crescente;Céu Claro;Dupla;Reta;Não;2;0;0;0;2;0;0;1;-22,58482223;-43,95961921;SPRF-RJ;DEL07-RJ;UOP01-DEL07-RJ
580709;12/02/2024;segunda-feira;04:00:00;SE;101;94;NOSSA SENHORA DO SOCORRO;Animais na Pista;Atropelamento de Animal;Com Vítimas Feridas;Plena Noite;Decrescente;Céu Claro;Dupla;Reta;Sim;1;0;1;0;0;0;1;1;-10,90732013;-37,15236691;SPRF-SE;DEL01-SE;UOP01-DEL01-SE
580710;12/02/2024;segunda-feira;06:15:00;RJ;101;128;QUISSAMA;Condutor Dormindo;Capotamento;Com Vítimas Feridas;Pleno dia;Decrescente;Céu Claro;Dupla;Reta;Não;1;0;1;0;0;0;1;1;-22,09332808;-41,69019757;SPRF-RJ;DEL08-RJ;UOP04-DEL08-RJ
580711;12/02/2024;segunda-feira;08:00:00;RS;116;262,5;CANOAS;Acumulo de areia ou detritos sobre o pavimento;Tombamento;Com Vítimas Feridas;Pleno dia;Crescente;Sol;Dupla;"Reta;Em Obras";Não;1;0;1;0;0;0;1;1;-29,896475;-51,17593;SPRF-RS;DEL01-RS;UOP01-DEL01-RS
580712;12/02/2024;segunda-feira;07:01:00;MA;135;7;SAO LUIS;Reação tardia ou ineficiente do condutor;Colisão traseira;Com Vítimas Feridas;Pleno dia;Crescente;Céu Claro;Dupla;Reta;Sim;3;0;2;0;1;0;2;2;-2,63608835;-44,26848552;SPRF-MA;DEL01-MA;UOP01-DEL01-MA
580714;12/02/2024;segunda-feira;08:00:00;SP;116;290;ITAPECERICA DA SERRA;Demais falhas na via;Queda de ocupante de veículo;Com Vítimas Feridas;Plena Noite;Crescente;Céu Claro;Dupla;Reta;Sim;1;0;1;0;0;0;1;1;-23,7303281;-46,89425963;SPRF-SP;DEL04-SP;UOP01-DEL04-SP
580716;12/02/2024;segunda-feira;05:50:00;MT;163;832;SINOP;Manobra de mudança de faixa;Colisão transversal;Com Vítimas Feridas;Pleno dia;Decrescente;Céu Claro;Dupla;Retorno Regulamentado;Sim;2;0;1;0;1;0;1;2;-11,893;-55,503;SPRF-MT;DEL06-MT;UOP02-DEL06-MT
580717;12/02/2024;segunda-feira;08:30:00;MG;381;848;POUSO ALEGRE;Ausência de reação do condutor;Saída de leito carroçável;Com Vítimas Feridas;Pleno dia;Crescente;Céu Claro;Dupla;Reta;Não;1;0;1;0;0;0;1;1;-22,22479311;-45,87538719;SPRF-MG;DEL16-MG;UOP01-DEL16-MG
580718;06/02/2024;terça-feira;17:30:00;RS;290;19;SANTO ANTONIO DA PATRULHA;Velocidade Incompatível;Saída de leito carroçável;Sem Vítimas;Pleno dia;Decrescente;Céu Claro;Dupla;Reta;Não;2;0;0;0;2;0;0;1;-29,884407;-50,444893;SPRF-RS;DEL03-RS;UOP01-DEL03-RS
580719;12/02/2024;segunda-feira;08:15:00;GO;153;622,2;MORRINHOS;Condutor usando celular;Saída de leito carroçável;Com Vítimas Feridas;Pleno dia;Crescente;Céu Claro;Dupla;Reta;Não;4;0;4;0;0;0;4;1;-17,7397;-49,1575;SPRF-GO;DEL03-GO;UOP01-DEL03-GO
580720;12/02/2024;segunda-feira;08:50:00;PR;277;43;MORRETES;Ausência de reação do condutor;Queda de ocupante de veículo;Com Vítimas Feridas;Pleno dia;Decrescente;Céu Claro;Dupla;Reta;Não;1;0;1;0;0;0;1;1;-25,57437908;-48,85418905;SPRF-PR;DEL01-PR;UOP01-DEL01-PR
580721;12/02/2024;segunda-feira;09:21:00;PE;316;20;ARARIPINA;Pista Escorregadia;Tombamento;Com Vítimas Feridas;Pleno dia;Crescente;Garoa/Chuvisco;Simples;Reta;Sim;1;0;1;0;0;0;1;1;-7,55997805;-40,53416406;SPRF-PE;DEL05-PE;UOP02-DEL05-PE
580722;08/02/2024;quinta-feira;17:25:00;GO;20;2;FORMOSA;Pista esburacada;Eventos atípicos;Sem Vítimas;Pleno dia;Decrescente;Chuva;Simples;"Interseção de Vias;Reta";Sim;2;0;0;0;2;0;0;1;-15,57387;-47,327488;SPRF-DF;DEL02-DF;UOP02-DEL02-DF
580724;12/02/2024;segunda-feira;04:39:00;AL;101;126;SAO MIGUEL DOS CAMPOS;Demais falhas mecânicas ou elétricas;Incêndio;Sem Vítimas;Amanhecer;Crescente;Céu Claro;Dupla;Reta;Não;1;0;0;0;1;0;0;1;-9,72616116;-36,05167975;SPRF-AL;DEL02-AL;UOP01-DEL02-AL
580726;12/02/2024;segunda-feira;06:28:00;SC;101;184,9;BIGUACU;Reação tardia ou ineficiente do condutor;Queda de ocupante de veículo;Com Vítimas Feridas;Pleno dia;Crescente;Céu Claro;Múltipla;Reta;Não;2;0;1;0;1;0;1;1;-27,41613807;-48,6266443;SPRF-SC;DEL01-SC;UOP01-DEL01-SC
580727;12/02/2024;segunda-feira;08:50:00;RJ;101;66;CAMPOS DOS GOYTACAZES;Falta de acostamento;Queda de ocupante de veículo;Com Vítimas Feridas;Pleno dia;Crescente;Céu Claro;Dupla;Curva;Sim;1;0;1;0;0;0;1;1;-21,76090387;-41,34788959;SPRF-RJ;DEL08-RJ;UOP02-DEL08-RJ
580728;12/02/2024;segunda-feira;08:30:00;MG;40;526;CONTAGEM;Reação tardia ou ineficiente do condutor;Tombamento;Com Vítimas Feridas;Pleno dia;Decrescente;Céu Claro;Dupla;Reta;Sim;1;0;1;0;0;0;1;1;-19,89255399;-44,04985478;SPRF-MG;DEL01-MG;UOP02-DEL01-MG
580729;12/02/2024;segunda-feira;09:10:00;MA;230;404,7;BALSAS;Desrespeitar a preferência no cruzamento;Colisão transversal;Com Vítimas Feridas;Pleno dia;Crescente;Céu Claro;Simples;Reta;Sim;2;0;0;1;1;0;1;2;-7,52197982;-46,04785323;SPRF-MA;DEL05-MA;UOP01-DEL05-MA
580730;12/02/2024;segunda-feira;08:10:00;RS;470;179;VERANOPOLIS;Manobra de mudança de faixa;Colisão lateral mesmo sentido;Sem Vítimas;Pleno dia;Decrescente;Céu Claro;Dupla;Reta;Não;5;0;0;0;5;0;0;2;-28,95614928;-51,56242466;SPRF-RS;DEL06-RS;UOP02-DEL06-RS
580732;12/02/2024;segunda-feira;05:21:00;MS;463;91;PONTA PORA;Falta de elemento de contenção que evite a saída do leito carroçável;Saída de leito carroçável;Sem Vítimas;Amanhecer;Crescente;Céu Claro;Simples;Reta;Não;2;0;0;0;0;2;0;2;-22,597691;-55,538864;SPRF-MS;DEL04-MS;UOP03-DEL04-MS
580735;12/02/2024;segunda-feira;08:45:00;SC;282;133,5;BOM RETIRO;Demais falhas mecânicas ou elétricas;Queda de ocupante de veículo;Com Vítimas Feridas;Pleno dia;Decrescente;Céu Claro;Simples;Reta;Não;2;0;2;0;0;0;2;1;-27,807491;-49,532272;SPRF-SC;DEL05-SC;UOP01-DEL05-SC
580737;12/02/2024;segunda-feira;06:51:00;PA;308;202;BRAGANCA;Transitar na contramão;Colisão frontal;Com Vítimas Fatais;Amanhecer;Decrescente;Céu Claro;Simples;"Curva;Rotatória";Sim;3;1;0;0;2;0;0;3;-1,065242;-46,764686;SPRF-PA;DEL01-PA;UOP03-DEL01-PA
580738;12/02/2024;segunda-feira;10:30:00;MG;381;491;BETIM;Manobra de mudança de faixa;Colisão lateral mesmo sentido;Com Vítimas Feridas;Pleno dia;Crescente;Céu Claro;Dupla;Reta;Sim;3;0;2;0;1;0;2;2;-19,95720861;-44,15125738;SPRF-MG;DEL01-MG;UOP03-DEL01-MG
580741;12/02/2024;segunda-feira;07:10:00;GO;20;149,5;ALVORADA DO NORTE;Ausência de reação do condutor;Colisão traseira;Com Vítimas Feridas;Pleno dia;Crescente;Céu Claro;Simples;Reta;Não;6;0;0;3;1;2;3;3;-14,707157;-46,649918;SPRF-DF;DEL02-DF;UOP03-DEL02-DF
580742;12/02/2024;segunda-feira;01:30:00;MT;70;537;VARZEA GRANDE;Acumulo de água sobre o pavimento;Saída de leito carroçável;Com Vítimas Feridas;Plena Noite;Decrescente;Chuva;Simples;Curva;Não;2;0;2;0;0;0;2;1;-15,67948556;-56,2651062;SPRF-MT;DEL01-MT;UOP02-DEL01-MT
580745;12/02/2024;segunda-feira;12:00:00;DF;251;33;BRASILIA;Ausência de reação do condutor;Capotamento;Com Vítimas Feridas;Pleno dia;Crescente;Céu Claro;Simples;Reta;Sim;2;0;1;0;1;0;1;2;-15,937679;-47,748878;SPRF-DF;DEL01-DF;UOP01-DEL01-DF
580746;12/02/2024;segunda-feira;12:00:00;BA;324;585;CANDEIAS;Avarias e/ou desgaste excessivo no pneu;Tombamento;Com Vítimas Feridas;Pleno dia;Crescente;Céu Claro;Dupla;Reta;Não;1;0;0;1;0;0;1;1;-12,63012705;-38,47968619;SPRF-BA;DEL01-BA;UOP01-DEL01-BA
580748;12/02/2024;segunda-feira;12:45:00;PR;116;124;CURITIBA;Avarias e/ou desgaste excessivo no pneu;Tombamento;Com Vítimas Feridas;Pleno dia;Crescente;Sol;Dupla;Reta;Não;1;0;1;0;0;0;1;1;-25,58620703;-49,31436887;SPRF-PR;DEL01-PR;UOP03-DEL01-PR
580749;12/02/2024;segunda-feira;12:30:00;GO;60;104,2;GOIANAPOLIS;Velocidade Incompatível;Saída de leito carroçável;Com Vítimas Feridas;Pleno dia;Crescente;Céu Claro;Dupla;Curva;Não;2;0;1;0;1;0;1;1;-16,4118;-49,0004;SPRF-GO;DEL02-GO;UOP01-DEL02-GO
580750;12/02/2024;segunda-feira;08:30:00;MG;262;817;UBERABA;Transitar no Acostamento;Colisão lateral mesmo sentido;Com Vítimas Feridas;Pleno dia;Crescente;Sol;Dupla;Reta;Não;2;0;1;0;0;1;1;2;-19,76384526;-48,12927805;SPRF-MG;DEL13-MG;UOP01-DEL13-MG
580752;12/02/2024;segunda-feira;12:30:00;MG;40;442;PARAOPEBA;Curva acentuada;Saída de leito carroçável;Com Vítimas Feridas;Pleno dia;Crescente;Sol;Dupla;Retorno Regulamentado;Não;2;0;1;0;1;0;1;1;-19,28815;-44,392;SPRF-MG;DEL02-MG;UOP01-DEL02-MG
580753;12/02/2024;segunda-feira;12:20:00;PB;101;115,7;PEDRAS DE FOGO;Reação tardia ou ineficiente do condutor;Colisão traseira;Com Vítimas Feridas;Pleno dia;Decrescente;Sol;Dupla;"Aclive;Reta";Não;3;0;1;0;2;0;1;2;-7,396321;-34,95577703;SPRF-PB;DEL01-PB;UOP02-DEL01-PB
580754;12/02/2024;segunda-feira;12:10:00;DF;251;32,3;BRASILIA;Condutor deixou de manter distância do veículo da frente;Colisão traseira;Com Vítimas Feridas;Pleno dia;Crescente;Céu Claro;Simples;Reta;Não;3;0;1;1;1;0;2;2;-15,940314;-47,740455;SPRF-DF;DEL01-DF;UOP01-DEL01-DF
580756;12/02/2024;segunda-feira;11:30:00;SC;101;323;PESCARIA BRAVA;Ausência de reação do condutor;Colisão traseira;Sem Vítimas;Pleno dia;Decrescente;Céu Claro;Múltipla;Reta;Não;4;0;0;0;3;1;0;2;-28,42789556;-48,91248313;SPRF-SC;DEL02-SC;UOP01-DEL02-SC
580757;12/02/2024;segunda-feira;12:10:00;RJ;101;532;ANGRA DOS REIS;Condutor deixou de manter distância do veículo da frente;Colisão traseira;Com Vítimas Feridas;Pleno dia;Crescente;Céu Claro;Simples;Reta;Não;2;0;0;1;1;0;1;2;-23,01786953;-44,53024067;SPRF-RJ;DEL03-RJ;UOP03-DEL03-RJ
580759;12/02/2024;segunda-feira;13:40:00;MG;262;448,5;NOVA SERRANA;Mal súbito do condutor;Queda de ocupante de veículo;Com Vítimas Feridas;Pleno dia;Decrescente;Céu Claro;Simples;Reta;Não;2;0;1;0;0;1;1;2;-19,85536797;-45,01974106;SPRF-MG;DEL08-MG;UOP03-DEL08-MG
580760;12/02/2024;segunda-feira;11:40:00;SC;282;304;VARGEM;Condutor Dormindo;Colisão frontal;Com Vítimas Feridas;Pleno dia;Crescente;Sol;Simples;"Aclive;Reta";Não;2;0;2;0;0;0;2;2;-27,49730858;-50,93467712;SPRF-SC;DEL07-SC;UOP06-DEL07-SC
580761;12/02/2024;segunda-feira;12:45:00;PI;316;302,7;PICOS;Condutor deixou de manter distância do veículo da frente;Colisão traseira;Sem Vítimas;Pleno dia;Crescente;Céu Claro;Simples;Reta;Sim;3;0;0;0;3;0;0;2;-7,05254229;-41,53174821;SPRF-PI;DEL04-PI;UOP01-DEL04-PI
580764;12/02/2024;segunda-feira;14:00:00;SC;470;151;AGRONOMICA;Ingestão de álcool pelo condutor;Colisão lateral sentido oposto;Sem Vítimas;Pleno dia;Decrescente;Céu Claro;Simples;Reta;Não;2;0;0;0;2;0;0;2;-27,26028504;-49,71904983;SPRF-SC;DEL04-SC;UOP02-DEL04-SC
580765;12/02/2024;segunda-feira;08:10:00;PI;135;456;MONTE ALEGRE DO PIAUI;Condutor Dormindo;Saída de leito carroçável;Com Vítimas Feridas;Pleno dia;Decrescente;Céu Claro;Simples;Reta;Não;2;0;2;0;0;0;2;1;-9,56522397;-44,96010299;SPRF-PI;DEL03-PI;UOP02-DEL03-PI
580768;12/02/2024;segunda-feira;14:02:00;TO;153;141;ARAGUAINA;Velocidade Incompatível;Colisão traseira;Com Vítimas Feridas;Pleno dia;Crescente;Céu Claro;Dupla;"Rotatória;Reta";Sim;2;0;1;0;1;0;1;2;-7,1783291;-48,2215476;SPRF-TO;DEL02-TO;UOP01-DEL02-TO
580769;12/02/2024;segunda-feira;13:55:00;RJ;495;1,6;TERESOPOLIS;Conversão proibida;Colisão lateral mesmo sentido;Com Vítimas Feridas;Pleno dia;Crescente;Céu Claro;Simples;Reta;Sim;2;0;1;0;1;0;1;2;-22,40114933;-42,97924519;SPRF-RJ;DEL04-RJ;UOP01-DEL04-RJ