id;data_inversa;dia_semana;horario;uf;br;km;municipio;causa_acidente;tipo_acidente;classificacao_acidente;fase_dia;sentido_via;condicao_metereologica;tipo_pista;tracado_via;uso_solo;pessoas;mortos;feridos_leves;feridos_graves;ilesos;ignorados;feridos;veiculos;latitude;longitude;regional;delegacia;uop
580770;25/01/2024;quinta-feira;01:48:00;PI;316;300;PICOS;Ingestão de álcool pelo condutor;Colisão lateral mesmo sentido;Sem Vítimas;Plena Noite;Decrescente;Céu Claro;Simples;Reta;Sim;4;0;0;0;4;0;0;2;-7,04184237;-41,54636128;SPRF-PI;DEL04-PI;UOP01-DEL04-PI
580771;12/02/2024;segunda-feira;15:10:00;RS;290;91;PORTO ALEGRE;Manobra de mudança de faixa;Colisão traseira;Com Vítimas Feridas;Pleno dia;Decrescente;Sol;Dupla;Reta;Sim;3;0;1;0;2;0;1;3;-29,969055;-51,167439;SPRF-RS;DEL01-RS;UOP01-DEL01-RS
580772;12/02/2024;segunda-feira;11:40:00;RJ;116;212;SEROPEDICA;Condutor deixou de manter distância do veículo da frente;Colisão traseira;Sem Vítimas;Pleno dia;Crescente;Céu Claro;Múltipla;Reta;Não;4;0;0;0;4;0;0;2;-22,71844298;-43,700897;SPRF-RJ;DEL06-RJ;UOP02-DEL06-RJ
580773;12/02/2024;segunda-feira;14:30:00;AL;104;89,5;RIO LARGO;Demais falhas mecânicas ou elétricas;Tombamento;Com Vítimas Feridas;Pleno dia;Crescente;Chuva;Dupla;Reta;Sim;2;0;2;0;0;0;2;1;-9,49216808;-35,81471324;SPRF-AL;DEL01-AL;UOP01-DEL01-AL
580774;12/02/2024;segunda-feira;14:45:00;PB;104;104;ESPERANCA;Condutor Dormindo;Saída de leito carroçável;Com Vítimas Feridas;Pleno dia;Crescente;Céu Claro;Simples;Reta;Não;2;0;2;0;0;0;2;1;-7,08061598;-35,85413977;SPRF-PB;DEL02-PB;UOP04-DEL02-PB
580775;12/02/2024;segunda-feira;15:30:00;CE;20;202;BOA VIAGEM;Conversão proibida;Colisão transversal;Com Vítimas Feridas;Pleno dia;Decrescente;Céu Claro;Simples;Curva;Sim;2;0;1;0;1;0;1;2;-5,0975698;-39,7128386;SPRF-CE;DEL02-CE;UOP02-DEL02-CE
580778;12/02/2024;segunda-feira;15:00:00;RJ;393;169;TRES RIOS;Reação tardia ou ineficiente do condutor;Colisão traseira;Com Vítimas Feridas;Pleno dia;Crescente;Céu Claro;Simples;Reta;Não;5;0;0;1;4;0;1;2;-22,1251196;-43,1800772;SPRF-RJ;DEL05-RJ;UOP02-DEL05-RJ
580779;12/02/2024;segunda-feira;15:40:00;RS;285;146,2;MUITOS CAPOES;Avarias e/ou desgaste excessivo no pneu;Tombamento;Com Vítimas Feridas;Pleno dia;Decrescente;Céu Claro;Simples;Reta;Não;2;0;2;0;0;0;2;1;-28,357988;-51,106682;SPRF-RS;DEL05-RS;UOP03-DEL05-RS
580780;12/02/2024;segunda-feira;10:50:00;MG;116;744;LEOPOLDINA;Ausência de reação do condutor;Tombamento;Com Vítimas Feridas;Pleno dia;Crescente;Céu Claro;Simples;Reta;Não;1;0;1;0;0;0;1;1;-21,42227206;-42,50880191;SPRF-MG;DEL07-MG;UOP01-DEL07-MG
580781;12/02/2024;segunda-feira;12:15:00;MA;316;263;SANTA INES;Acessar a via sem observar a presença dos outros veículos;Colisão transversal;Com Vítimas Feridas;Pleno dia;Crescente;Céu Claro;Simples;Interseção de Vias;Sim;2;0;0;1;1;0;1;2;-3,675226;-45,371643;SPRF-MA;DEL02-MA;UOP01-DEL02-MA
580782;12/02/2024;segunda-feira;13:30:00;GO;452;146,9;BOM JESUS DE GOIAS;Ingestão de álcool pelo condutor;Capotamento;Com Vítimas Feridas;Pleno dia;Decrescente;Céu Claro;Simples;Reta;Não;1;0;1;0;0;0;1;1;-18,28356456;-49,6162008;SPRF-GO;DEL03-GO;UOP02-DEL03-GO
580783;12/02/2024;segunda-feira;16:00:00;SE;235;46,4;ITABAIANA;Velocidade Incompatível;Colisão traseira;Com Vítimas Fatais;Pleno dia;Decrescente;Céu Claro;Simples;"Declive;Reta;Ponte";Não;4;1;2;1;0;0;3;3;-10,739394;-37,405602;SPRF-SE;DEL01-SE;UOP02-DEL01-SE
580784;12/02/2024;segunda-feira;13:45:00;SP;116;89;PINDAMONHANGABA;Avarias e/ou desgaste excessivo no pneu;Tombamento;Com Vítimas Feridas;Pleno dia;Crescente;Céu Claro;Dupla;Reta;Sim;2;0;2;0;0;0;2;1;-22,93930884;-45,37874708;SPRF-SP;DEL08-SP;UOP01-DEL08-SP
580786;12/02/2024;segunda-feira;16:15:00;MG;251;487;FRANCISCO SA;Ultrapassagem Indevida;Colisão frontal;Com Vítimas Fatais;Pleno dia;Crescente;Céu Claro;Simples;"Reta;Declive";Não;4;1;2;0;1;0;2;2;-16,51784211;-43,55947992;SPRF-MG;DEL12-MG;UOP01-DEL12-MG
580788;12/02/2024;segunda-feira;16:30:00;SC;101;438,2;SOMBRIO;Demais falhas mecânicas ou elétricas;Saída de leito carroçável;Com Vítimas Feridas;Pleno dia;Decrescente;Céu Claro;Dupla;Reta;Sim;1;0;1;0;0;0;1;1;-29,12374811;-49,65150833;SPRF-SC;DEL02-SC;UOP02-DEL02-SC
580791;12/02/2024;segunda-feira;16:30:00;MG;381;732;CARMO DA CACHOEIRA;Chuva;Capotamento;Com Vítimas Feridas;Pleno dia;Decrescente;Chuva;Dupla;Curva;Não;5;0;2;0;3;0;2;1;-21,55413799;-45,24499427;SPRF-MG;DEL16-MG;UOP02-DEL16-MG
580792;12/02/2024;segunda-feira;17:10:00;MG;365;627;UBERLANDIA;Reação tardia ou ineficiente do condutor;Queda de ocupante de veículo;Sem Vítimas;Pleno dia;Crescente;Céu Claro;Dupla;Reta;Não;2;0;0;0;0;2;0;1;-18,90359335;-48,34361612;SPRF-MG;DEL15-MG;UOP01-DEL15-MG
580797;12/02/2024;segunda-feira;16:00:00;MT;364;81;ALTO GARCAS;Mal súbito do condutor;Saída de leito carroçável;Com Vítimas Feridas;Pleno dia;Decrescente;Céu Claro;Simples;Declive;Não;1;0;1;0;0;0;1;1;-16,87954682;-53,67865184;SPRF-MT;DEL02-MT;UOP02-DEL02-MT
580798;12/02/2024;segunda-feira;18:00:00;PE;101;73;RECIFE;Entrada inopinada do pedestre;Colisão com objeto;Com Vítimas Feridas;Plena Noite;Crescente;Nublado;Dupla;Curva;Sim;3;0;1;0;2;0;1;2;-8,09920153;-34,95018125;SPRF-PE;DEL01-PE;UOP01-DEL01-PE
580799;12/02/2024;segunda-feira;18:05:00;SP;116;65,8;GUARATINGUETA;Curva acentuada;Colisão com objeto;Com Vítimas Feridas;Anoitecer;Crescente;Chuva;Dupla;Curva;Não;2;0;2;0;0;0;2;1;-22,823273;-45,192806;SPRF-SP;DEL08-SP;UOP01-DEL08-SP
580801;12/02/2024;segunda-feira;17:30:00;RJ;116;258;PIRAI;Pista Escorregadia;Queda de ocupante de veículo;Com Vítimas Feridas;Pleno dia;Crescente;Chuva;Dupla;Reta;Não;2;0;2;0;0;0;2;1;-22,58138777;-44,02160689;SPRF-RJ;DEL07-RJ;UOP02-DEL07-RJ
580803;12/02/2024;segunda-feira;14:30:00;MT;163;929;ITAUBA;Demais falhas mecânicas ou elétricas;Saída de leito carroçável;Com Vítimas Feridas;Pleno dia;Decrescente;Céu Claro;Simples;Reta;Não;2;0;1;0;1;0;1;1;-11,0600558;-55,2730939;SPRF-MT;DEL06-MT;UOP02-DEL06-MT
580804;12/02/2024;segunda-feira;18:30:00;MG;40;774;JUIZ DE FORA;Reação tardia ou ineficiente do condutor;Saída de leito carroçável;Com Vítimas Feridas;Amanhecer;Decrescente;Céu Claro;Dupla;Curva;Não;2;0;1;0;1;0;1;1;-21,63264999;-43,44311998;SPRF-MG;DEL05-MG;UOP01-DEL05-MG
580805;12/02/2024;segunda-feira;16:10:00;MG;50;192;UBERABA;Ausência de reação do condutor;Colisão com objeto;Com Vítimas Feridas;Pleno dia;Crescente;Chuva;Dupla;Declive;Não;3;0;2;1;0;0;3;1;-19,87187797;-47,85892196;SPRF-MG;DEL13-MG;UOP01-DEL13-MG
580806;12/02/2024;segunda-feira;16:30:00;MG;40;194;JOAO PINHEIRO;Ultrapassagem Indevida;Colisão frontal;Com Vítimas Fatais;Pleno dia;Crescente;Céu Claro;Simples;"Declive;Reta";Não;5;1;3;1;0;0;4;2;-18,00126118;-45,85592693;SPRF-MG;DEL14-MG;UOP02-DEL14-MG
580807;12/02/2024;segunda-feira;18:20:00;ES;101;231,5;FUNDAO;Ultrapassagem Indevida;Colisão lateral sentido oposto;Com Vítimas Feridas;Plena Noite;Crescente;Céu Claro;Simples;Reta;Não;4;0;0;2;1;1;2;3;-19,97811606;-40,40780888;SPRF-ES;DEL02-ES;UOP01-DEL02-ES
580808;12/02/2024;segunda-feira;17:58:00;RJ;40;110;DUQUE DE CAXIAS;Transitar no Acostamento;Colisão traseira;Com Vítimas Feridas;Pleno dia;Crescente;Céu Claro;Dupla;Reta;Sim;3;0;1;0;2;0;1;2;-22,68289906;-43,28549346;SPRF-RJ;DEL01-RJ;UOP02-DEL01-RJ
580809;12/02/2024;segunda-feira;18:10:00;RN;304;300,9;MACAIBA;Ingestão de álcool pelo condutor;Colisão traseira;Com Vítimas Feridas;Plena Noite;Crescente;Céu Claro;Dupla;Reta;Sim;2;0;1;0;0;1;1;2;-5,87578879;-35,30953288;SPRF-RN;DEL01-RN;UOP02-DEL01-RN
580810;12/02/2024;segunda-feira;18:15:00;GO;70;0,8;AGUAS LINDAS DE GOIAS;Reação tardia ou ineficiente do condutor;Colisão com objeto;Com Vítimas Feridas;Anoitecer;Crescente;Céu Claro;Dupla;"Reta;Aclive";Não;4;0;3;0;1;0;3;1;-15,783543;-48,2326;SPRF-DF;DEL03-DF;UOP02-DEL03-DF
580811;12/02/2024;segunda-feira;18:10:00;RJ;116;193,7;QUEIMADOS;Velocidade Incompatível;Queda de ocupante de veículo;Com Vítimas Feridas;Anoitecer;Decrescente;Nublado;Dupla;Reta;Sim;3;0;2;0;1;0;2;2;-22,73960178;-43,52859094;SPRF-RJ;DEL06-RJ;UOP01-DEL06-RJ
580812;12/02/2024;segunda-feira;19:20:00;GO;60;164,7;GOIANIA;Ausência de reação do condutor;Colisão com objeto;Com Vítimas Feridas;Plena Noite;Crescente;Garoa/Chuvisco;Simples;Reta;Sim;7;0;1;2;4;0;3;2;-16,7002;-49,3335;SPRF-GO;DEL01-GO;UOP02-DEL01-GO
580813;12/02/2024;segunda-feira;18:30:00;RS;285;181;LAGOA VERMELHA;Ultrapassagem Indevida;Saída de leito carroçável;Com Vítimas Feridas;Pleno dia;Crescente;Céu Claro;Simples;Curva;Não;1;0;1;0;0;0;1;1;-28,292761;-51,413475;SPRF-RS;DEL08-RS;UOP05-DEL08-RS
580815;12/02/2024;segunda-feira;18:45:00;BA;407;2,3;JUAZEIRO;Demais falhas mecânicas ou elétricas;Colisão lateral sentido oposto;Com Vítimas Feridas;Plena Noite;Crescente;Céu Claro;Simples;"Retorno Regulamentado;Rotatória";Sim;3;0;1;0;2;0;1;3;-9,42481471;-40,50535798;SPRF-PE;DEL06-PE;UOP01-DEL06-PE
580816;12/02/2024;segunda-feira;12:40:00;RJ;40;115;DUQUE DE CAXIAS;Ausência de reação do condutor;Colisão traseira;Com Vítimas Feridas;Pleno dia;Crescente;Céu Claro;Múltipla;Reta;Sim;2;0;1;0;1;0;1;2;-22,72756999;-43,2891609;SPRF-RJ;DEL01-RJ;UOP02-DEL01-RJ
580818;11/02/2024;domingo;13:44:00;PA;316;19;BENEVIDES;Manobra de mudança de faixa;Colisão traseira;Com Vítimas Feridas;Pleno dia;Crescente;Sol;Dupla;Reta;Sim;3;0;2;0;1;0;2;2;-1,3642339;-48,266582;SPRF-PA;DEL01-PA;UOP01-DEL01-PA
580819;12/02/2024;segunda-feira;19:20:00;MG;381;773,2;CAMPANHA;Demais falhas mecânicas ou elétricas;Incêndio;Sem Vítimas;Plena Noite;Decrescente;Céu Claro;Múltipla;Reta;Não;1;0;0;0;1;0;0;1;-21,80014143;-45,46715288;SPRF-MG;DEL16-MG;UOP02-DEL16-MG
580820;12/02/2024;segunda-feira;19:24:00;RJ;101;532,2;ANGRA DOS REIS;Acessar a via sem observar a presença dos outros veículos;Colisão lateral sentido oposto;Com Vítimas Feridas;Plena Noite;Crescente;Céu Claro;Simples;Reta;Sim;2;0;1;0;1;0;1;2;-23,01786953;-44,53024067;SPRF-RJ;DEL03-RJ;UOP03-DEL03-RJ
580821;12/02/2024;segunda-feira;17:30:00;SC;282;24,6;SANTO AMARO DA IMPERATRIZ;Desrespeitar a preferência no cruzamento;Colisão lateral sentido oposto;Com Vítimas Feridas;Pleno dia;Decrescente;Céu Claro;Múltipla;"Interseção de Vias;Viaduto";Sim;4;0;1;0;3;0;1;2;-27,68268;-48,744614;SPRF-SC;DEL01-SC;UOP03-DEL01-SC
580823;12/02/2024;segunda-feira;17:50:00;SC;116;53,7;PAPANDUVA;Ausência de reação do condutor;Colisão com objeto;Com Vítimas Feridas;Pleno dia;Decrescente;Céu Claro;Simples;Rotatória;Sim;1;0;1;0;0;0;1;1;-26,3932492;-50,15515026;SPRF-SC;DEL06-SC;UOP02-DEL06-SC
580825;12/02/2024;segunda-feira;21:00:00;SP;116;222,5;GUARULHOS;Reação tardia ou ineficiente do condutor;Tombamento;Com Vítimas Feridas;Plena Noite;Decrescente;Nublado;Múltipla;Reta;Sim;1;0;1;0;0;0;1;1;-23,47093408;-46,51631097;SPRF-SP;DEL01-SP;UOP01-DEL01-SP
580828;12/02/2024;segunda-feira;20:00:00;MG;116;529,9;CARATINGA;Desrespeitar a preferência no cruzamento;Colisão transversal;Com Vítimas Feridas;Plena Noite;Decrescente;Céu Claro;Simples;"Interseção de Vias;Reta";Não;2;0;1;0;1;0;1;2;-19,80209596;-42,13678193;SPRF-MG;DEL06-MG;UOP02-DEL06-MG
580829;12/02/2024;segunda-feira;20:30:00;ES;101;144;LINHARES;Manobra de mudança de faixa;Colisão lateral mesmo sentido;Sem Vítimas;Plena Noite;Crescente;Céu Claro;Dupla;Reta;Não;2;0;0;0;2;0;0;2;-19,35188295;-40,0636685;SPRF-ES;DEL04-ES;UOP01-DEL04-ES
580830;12/02/2024;segunda-feira;01:15:00;RJ;116;251;PIRAI;Reação tardia ou ineficiente do condutor;Colisão com objeto;Com Vítimas Feridas;Plena Noite;Crescente;Céu Claro;Dupla;Reta;Não;1;0;1;0;0;0;1;1;-22,58482223;-43,95961921;SPRF-RJ;DEL07-RJ;UOP01-DEL07-RJ
580831;12/02/2024;segunda-feira;20:48:00;PE;101;51;ABREU E LIMA;Reação tardia ou ineficiente do condutor;Colisão traseira;Com Vítimas Feridas;Plena Noite;Decrescente;Garoa/Chuvisco;Dupla;Reta;Sim;4;0;1;0;3;0;1;2;-7,9169968;-34,89689272;SPRF-PE;DEL01-PE;UOP02-DEL01-PE
580832;12/02/2024;segunda-feira;21:00:00;SC;101;415,5;ARARANGUA;Manobra de mudança de faixa;Colisão transversal;Com Vítimas Feridas;Plena Noite;Decrescente;Céu Claro;Múltipla;"Reta;Interseção de Vias";Sim;2;0;1;0;1;0;1;2;-28,96040535;-49,51653267;SPRF-SC;DEL02-SC;UOP02-DEL02-SC
580834;12/02/2024;segunda-feira;19:40:00;BA;135;147;RIACHAO DAS NEVES;Reação tardia ou ineficiente do condutor;Capotamento;Com Vítimas Feridas;Plena Noite;Decrescente;Céu Claro;Simples;Reta;Não;4;0;2;1;1;0;3;1;-11,91582065;-44,88421236;SPRF-BA;DEL08-BA;N/A
580836;12/02/2024;segunda-feira;08:10:00;RJ;101;425;MANGARATIBA;Acessar a via sem observar a presença dos outros veículos;Colisão transversal;Com Vítimas Feridas;Pleno dia;Decrescente;Céu Claro;Simples;"Reta;Declive";Não;4;0;2;0;2;0;2;2;-22,92618815;-43,96323294;SPRF-RJ;DEL03-RJ;UOP02-DEL03-RJ
580837;12/02/2024;segunda-feira;14:00:00;RJ;101;421;MANGARATIBA;Transitar no Acostamento;Colisão lateral mesmo sentido;Com Vítimas Feridas;Pleno dia;Crescente;Céu Claro;Simples;Reta;Sim;3;0;1;1;1;0;2;2;-22,91666975;-43,93080593;SPRF-RJ;DEL03-RJ;UOP02-DEL03-RJ
580838;12/02/2024;segunda-feira;22:30:00;RS;116;264;CANOAS;Manobra de mudança de faixa;Colisão traseira;Com Vítimas Feridas;Plena Noite;Decrescente;Céu Claro;Simples;Reta;Não;2;0;1;0;1;0;1;2;-29,914435;-51,17754495;SPRF-RS;DEL01-RS;UOP01-DEL01-RS
580839;12/02/2024;segunda-feira;22:30:00;RJ;101;320;NITEROI;Reação tardia ou ineficiente do condutor;Tombamento;Com Vítimas Feridas;Plena Noite;Decrescente;Céu Claro;Simples;Curva;Sim;1;0;1;0;0;0;1;1;-22,872023;-43,144062;SPRF-RJ;DEL02-RJ;UOP01-DEL02-RJ
580840;12/02/2024;segunda-feira;21:40:00;SC;101;415,1;ARARANGUA;Velocidade Incompatível;Colisão lateral mesmo sentido;Com Vítimas Feridas;Plena Noite;Crescente;Ignorado;Simples;Reta;Sim;2;0;0;1;1;0;1;2;-28,96729786;-49,52259064;SPRF-SC;DEL02-SC;UOP02-DEL02-SC
580841;12/02/2024;segunda-feira;22:40:00;RN;101;110,8;PARNAMIRIM;Demais falhas mecânicas ou elétricas;Tombamento;Com Vítimas Feridas;Plena Noite;Decrescente;Nublado;Dupla;Reta;Não;2;0;2;0;0;0;2;1;-5,946376;-35,26485;SPRF-RN;DEL01-RN;UOP01-DEL01-RN
580842;12/02/2024;segunda-feira;21:50:00;GO;60;102,6;ANAPOLIS;Animais na Pista;Atropelamento de Animal;Com Vítimas Feridas;Plena Noite;Decrescente;Céu Claro;Dupla;"Reta;Aclive";Não;2;0;1;0;1;0;1;2;-16,406;-48,9831;SPRF-GO;DEL02-GO;UOP01-DEL02-GO
580844;12/02/2024;segunda-feira;22:40:00;RJ;393;268;BARRA DO PIRAI;Acessar a via sem observar a presença dos outros veículos;Colisão transversal;Com Vítimas Feridas;Plena Noite;Decrescente;Nublado;Simples;Reta;Não;4;0;2;0;2;0;2;2;-22,48780458;-43,90932706;SPRF-RJ;DEL05-RJ;UOP04-DEL05-RJ
580846;12/02/2024;segunda-feira;20:34:00;MT;163;886;CLAUDIA;Ausência de reação do condutor;Saída de leito carroçável;Sem Vítimas;Plena Noite;Decrescente;Céu Claro;Simples;Reta;Não;1;0;0;0;1;0;0;1;-11,52541078;-55,38351238;SPRF-MT;DEL06-MT;UOP02-DEL06-MT
580847;12/02/2024;segunda-feira;23:10:00;SC;101;145;ITAPEMA;Avarias e/ou desgaste excessivo no pneu;Tombamento;Com Vítimas Feridas;Plena Noite;Crescente;Nublado;Dupla;"Declive;Reta";Sim;2;0;2;0;0;0;2;1;-27,08139206;-48,60130993;SPRF-SC;DEL04-SC;UOP03-DEL04-SC
580849;12/02/2024;segunda-feira;18:10:00;GO;60;166,7;GOIANIA;Ingestão de álcool pelo condutor;Colisão com objeto;Sem Vítimas;Anoitecer;Crescente;Garoa/Chuvisco;Dupla;Aclive;Sim;2;0;0;0;2;0;0;1;-16,7129;-49,358;SPRF-GO;DEL01-GO;UOP02-DEL01-GO
580850;12/02/2024;segunda-feira;19:45:00;RS;471;176;RIO PARDO;Acessar a via sem observar a presença dos outros veículos;Colisão traseira;Com Vítimas Feridas;Plena Noite;Decrescente;Nublado;Simples;Reta;Não;2;0;1;0;1;0;1;2;-30,00162498;-52,36804962;SPRF-RS;DEL02-RS;UOP03-DEL02-RS
580852;12/02/2024;segunda-feira;21:28:00;MT;163;829;SINOP;Velocidade Incompatível;Colisão lateral mesmo sentido;Com Vítimas Feridas;Plena Noite;Crescente;Nublado;Simples;Reta;Não;2;0;1;0;0;1;1;2;-11,91194923;-55,50831556;SPRF-MT;DEL06-MT;UOP02-DEL06-MT
580853;12/02/2024;segunda-feira;23:20:00;SP;116;89;PINDAMONHANGABA;Ausência de reação do condutor;Saída de leito carroçável;Com Vítimas Feridas;Plena Noite;Decrescente;Nublado;Dupla;Reta;Não;1;0;0;1;0;0;1;1;-22,941544;-45,38306;SPRF-SP;DEL08-SP;UOP01-DEL08-SP
580854;12/02/2024;segunda-feira;23:50:00;BA;101;715;EUNAPOLIS;Reação tardia ou ineficiente do condutor;Queda de ocupante de veículo;Com Vítimas Feridas;Plena Noite;Crescente;Nublado;Simples;Reta;Sim;2;0;2;0;0;0;2;1;-16,34284543;-39,57916263;SPRF-BA;DEL09-BA;UOP01-DEL09-BA
580855;12/02/2024;segunda-feira;23:30:00;MG;50;58,6;ARAGUARI;Ausência de reação do condutor;Atropelamento de Animal;Sem Vítimas;Plena Noite;Decrescente;Céu Claro;Dupla;Reta;Não;2;0;0;0;2;0;0;1;-18,79408225;-48,23421867;SPRF-MG;DEL15-MG;UOP02-DEL15-MG
580856;13/02/2024;terça-feira;00:10:00;BA;116;3,9;VITORIA DA CONQUISTA;Ingestão de álcool pelo condutor;Colisão frontal;Com Vítimas Feridas;Plena Noite;Crescente;Nublado;Simples;Reta;Não;6;0;2;2;2;0;4;3;-14,82589628;-40,86729527;SPRF-BA;DEL08-BA;UOP01-DEL08-BA
580858;13/02/2024;terça-feira;00:30:00;GO;70;311;JUSSARA;Ausência de reação do condutor;Saída de leito carroçável;Com Vítimas Feridas;Plena Noite;Decrescente;Céu Claro;Simples;"Reta;Declive";Sim;2;0;1;1;0;0;2;1;-15,8755031;-50,857176;SPRF-GO;DEL04-GO;UOP02-DEL04-GO
580859;13/02/2024;terça-feira;01:20:00;PR;369;189;ARAPONGAS;Frear bruscamente;Colisão traseira;Com Vítimas Feridas;Plena Noite;Crescente;Nublado;Dupla;"Retorno Regulamentado;Reta";Sim;3;0;1;0;2;0;1;2;-23,442937;-51,42273;SPRF-PR;DEL07-PR;UOP03-DEL07-PR
580860;13/02/2024;terça-feira;02:45:00;RJ;356;174;SAO JOAO DA BARRA;Ausência de reação do condutor;Colisão traseira;Com Vítimas Feridas;Plena Noite;Crescente;Céu Claro;Simples;Reta;Sim;3;0;1;1;1;0;2;2;-21,707642;-41,05687;SPRF-RJ;DEL08-RJ;UOP02-DEL08-RJ
580861;13/02/2024;terça-feira;02:23:00;SC;101;139;BALNEARIO CAMBORIU;Ausência de reação do condutor;Colisão lateral mesmo sentido;Sem Vítimas;Plena Noite;Crescente;Céu Claro;Múltipla;Curva;Sim;2;0;0;0;2;0;0;2;-27,02982303;-48,60115006;SPRF-SC;DEL04-SC;UOP03-DEL04-SC
580863;13/02/2024;terça-feira;03:30:00;RS;392;627,5;SETE DE SETEMBRO;Velocidade Incompatível;Saída de leito carroçável;Com Vítimas Feridas;Plena Noite;Crescente;Chuva;Simples;Curva;Não;3;0;3;0;0;0;3;2;-28,17099378;-54,4152832;SPRF-RS;DEL10-RS;UOP01-DEL10-RS
580864;13/02/2024;terça-feira;02:52:00;TO;153;722;FIGUEIROPOLIS;Entrada inopinada do pedestre;Atropelamento de Pedestre;Com Vítimas Feridas;Plena Noite;Crescente;Nublado;Simples;Reta;Sim;2;0;0;1;1;0;1;2;-12,13719423;-49,16925477;SPRF-TO;DEL01-TO;UOP02-DEL01-TO
580865;13/02/2024;terça-feira;03:00:00;PA;316;26,5;BENEVIDES;Ausência de reação do condutor;Colisão traseira;Sem Vítimas;Plena Noite;Decrescente;Nublado;Dupla;Reta;Não;4;0;0;0;3;1;0;2;-1,3252697;-48,232117;SPRF-PA;DEL01-PA;UOP01-DEL01-PA
580866;13/02/2024;terça-feira;04:00:00;MG;116;687,8;MURIAE;Ingestão de álcool pelo condutor;Colisão lateral sentido oposto;Sem Vítimas;Plena Noite;Decrescente;Céu Claro;Simples;Reta;Não;3;0;0;0;2;1;0;3;-20,99763992;-42,36258307;SPRF-MG;DEL07-MG;UOP02-DEL07-MG
580867;13/02/2024;terça-feira;04:25:00;DF;20;3;BRASILIA;Condutor Dormindo;Colisão com objeto;Sem Vítimas;Plena Noite;Decrescente;Céu Claro;Dupla;Reta;Sim;1;0;0;0;1;0;0;1;-15,679851;-47,832211;SPRF-DF;DEL02-DF;UOP01-DEL02-DF
580868;13/02/2024;terça-feira;06:15:00;MG;50;44,6;ARAGUARI;Ausência de reação do condutor;Saída de leito carroçável;Com Vítimas Feridas;Amanhecer;Crescente;Céu Claro;Dupla;Reta;Não;1;0;1;0;0;0;1;1;-18,70561658;-48,19108255;SPRF-MG;DEL15-MG;UOP02-DEL15-MG
580869;13/02/2024;terça-feira;05:45:00;GO;153;644;MORRINHOS;Ingestão de álcool pelo condutor;Saída de leito carroçável;Sem Vítimas;Amanhecer;Decrescente;Céu Claro;Dupla;Reta;Não;1;0;0;0;1;0;0;1;-17,9146;-49,2398;SPRF-GO;DEL03-GO;UOP01-DEL03-GO
580870;13/02/2024;terça-feira;06:20:00;SC;101;374;ICARA;Ausência de reação do condutor;Colisão com objeto;Com Vítimas Feridas;Pleno dia;Crescente;Céu Claro;Dupla;Reta;Sim;2;0;2;0;0;0;2;1;-28,72423;-49,23838;SPRF-SC;DEL02-SC;UOP01-DEL02-SC
580872;13/02/2024;terça-feira;07:00:00;SC;101;203,1;SAO JOSE;Reação tardia ou ineficiente do condutor;Tombamento;Com Vítimas Feridas;Pleno dia;Crescente;Céu Claro;Dupla;Reta;Sim;1;0;1;0;0;0;1;1;-27,5650044;-48,61460082;SPRF-SC;DEL01-SC;UOP01-DEL01-SC
580875;13/02/2024;terça-feira;05:10:00;SC;101;138;BALNEARIO CAMBORIU;Demais falhas mecânicas ou elétricas;Incêndio;Sem Vítimas;Plena Noite;Decrescente;Nublado;Múltipla;Reta;Sim;1;0;0;0;1;0;0;1;-27,02397426;-48,60761649;SPRF-SC;DEL04-SC;UOP03-DEL04-SC
580876;13/02/2024;terça-feira;06:30:00;SC;101;397,7;MARACAJA;Reação tardia ou ineficiente do condutor;Colisão com objeto;Com Vítimas Feridas;Pleno dia;Crescente;Céu Claro;Múltipla;Reta;Sim;2;0;1;0;1;0;1;2;-28,83036461;-49,41244828;SPRF-SC;DEL02-SC;UOP02-DEL02-SC
580877;13/02/2024;terça-feira;05:10:00;RO;364;368,9;OURO PRETO DO OESTE;Entrada inopinada do pedestre;Atropelamento de Pedestre;Com Vítimas Feridas;Amanhecer;Crescente;Nublado;Simples;Reta;Não;3;0;0;1;2;0;1;2;-10,76480193;-62,12786798;SPRF-RO;DEL02-RO;UOP01-DEL02-RO
580878;13/02/2024;terça-feira;07:45:00;PR;277;586;CASCAVEL;Desrespeitar a preferência no cruzamento;Colisão transversal;Sem Vítimas;Pleno dia;Crescente;Céu Claro;Simples;Interseção de Vias;Não;2;0;0;0;2;0;0;2;-24,9649472;-53,4210459;SPRF-PR;DEL04-PR;UOP01-DEL04-PR
580880;12/02/2024;segunda-feira;23:50:00;GO;50;260,7;CATALAO;Ausência de reação do condutor;Colisão com objeto;Sem Vítimas;Plena Noite;Crescente;Céu Claro;Dupla;"Aclive;Curva";Não;1;0;0;0;0;1;0;1;-18,0387255;-47,85471175;SPRF-GO;DEL06-GO;UOP01-DEL06-GO
580881;13/02/2024;terça-feira;06:57:00;GO;153;57,9;PORANGATU;Reação tardia ou ineficiente do condutor;Queda de ocupante de veículo;Com Vítimas Feridas;Pleno dia;Decrescente;Céu Claro;Simples;Reta;Não;1;0;1;0;0;0;1;1;-13,31013;-49,118004;SPRF-GO;DEL07-GO;UOP01-DEL07-GO
580882;13/02/2024;terça-feira;06:05:00;MT;364;270;JACIARA;Acumulo de óleo sobre o pavimento;Queda de ocupante de veículo;Com Vítimas Feridas;Pleno dia;Decrescente;Céu Claro;Dupla;Reta;Sim;2;0;2;0;0;0;2;1;-15,9689785;-54,94463002;SPRF-MT;DEL05-MT;UOP02-DEL05-MT
580883;13/02/2024;terça-feira;07:39:00;PB;230;91,8;GURINHEM;Pista Escorregadia;Tombamento;Com Vítimas Fatais;Pleno dia;Decrescente;Chuva;Dupla;Reta;Não;3;1;1;0;1;0;1;2;-7,1746;-35,4022;SPRF-PB;DEL01-PB;UOP03-DEL01-PB