id;data_inversa;dia_semana;horario;uf;br;km;municipio;causa_acidente;tipo_acidente;classificacao_acidente;fase_dia;sentido_via;condicao_metereologica;tipo_pista;tracado_via;uso_solo;pessoas;mortos;feridos_leves;feridos_graves;ilesos;ignorados;feridos;veiculos;latitude;longitude;regional;delegacia;uop
580884;13/02/2024;terça-feira;07:30:00;RJ;116;184;NOVA IGUACU;Manobra de mudança de faixa;Colisão lateral mesmo sentido;Com Vítimas Feridas;Pleno dia;Crescente;Céu Claro;Dupla;Reta;Não;4;0;2;0;2;0;2;2;-22,74647215;-43,44594311;SPRF-RJ;DEL06-RJ;UOP01-DEL06-RJ
580887;09/02/2024;sexta-feira;12:30:00;BA;101;543;SAO JOSE DA VITORIA;Chuva;Saída de leito carroçável;Com Vítimas Feridas;Pleno dia;Decrescente;Chuva;Simples;Curva;Não;4;0;2;0;2;0;2;1;-15,09587628;-39,35412884;SPRF-BA;DEL05-BA;UOP02-DEL05-BA
580888;13/02/2024;terça-feira;06:40:00;PE;101;117;ESCADA;Acumulo de água sobre o pavimento;Saída de leito carroçável;Sem Vítimas;Pleno dia;Crescente;Chuva;Múltipla;Curva;Não;1;0;0;0;1;0;0;1;-8,35274267;-35,15136019;SPRF-PE;DEL01-PE;UOP03-DEL01-PE
580889;13/02/2024;terça-feira;06:22:00;GO;80;44;PADRE BERNARDO;Ingestão de álcool pelo condutor;Saída de leito carroçável;Com Vítimas Fatais;Pleno dia;Crescente;Céu Claro;Simples;Reta;Sim;2;1;0;0;0;1;0;1;-15,18501;-48,284472;SPRF-DF;DEL03-DF;UOP02-DEL03-DF
580890;13/02/2024;terça-feira;07:35:00;PE;101;51,1;PAULISTA;Velocidade Incompatível;Saída de leito carroçável;Com Vítimas Feridas;Pleno dia;Decrescente;Céu Claro;Dupla;Reta;Não;1;0;1;0;0;0;1;1;-7,9169968;-34,89689272;SPRF-PE;DEL01-PE;UOP02-DEL01-PE
580891;13/02/2024;terça-feira;08:40:00;RJ;40;108;DUQUE DE CAXIAS;Reação tardia ou ineficiente do condutor;Colisão lateral mesmo sentido;Com Vítimas Feridas;Pleno dia;Decrescente;Céu Claro;Múltipla;Retorno Regulamentado;Sim;3;0;1;0;2;0;1;2;-22,6734218;-43,28544617;SPRF-RJ;DEL01-RJ;UOP02-DEL01-RJ
580892;13/02/2024;terça-feira;09:10:00;SP;381;89;GUARULHOS;Objeto estático sobre o leito carroçável;Colisão com objeto;Com Vítimas Feridas;Pleno dia;Crescente;Céu Claro;Dupla;Curva;Sim;1;0;1;0;0;0;1;1;-23,48469299;-46,55983288;SPRF-SP;DEL03-SP;UOP01-DEL03-SP
580895;13/02/2024;terça-feira;10:00:00;SC;101;114;ITAJAI;Trafegar com motocicleta (ou similar) entre as faixas;Queda de ocupante de veículo;Com Vítimas Feridas;Pleno dia;Decrescente;Céu Claro;Dupla;Reta;Sim;3;0;0;2;0;1;2;2;-26,86192886;-48,7286704;SPRF-SC;DEL04-SC;UOP04-DEL04-SC
580898;13/02/2024;terça-feira;10:20:00;SC;101;99;BALNEARIO PICARRAS;Avarias e/ou desgaste excessivo no pneu;Queda de ocupante de veículo;Com Vítimas Feridas;Pleno dia;Crescente;Sol;Dupla;Reta;Não;1;0;1;0;0;0;1;1;-26,7471002;-48,69654831;SPRF-SC;DEL03-SC;UOP02-DEL03-SC
580900;13/02/2024;terça-feira;10:30:00;MG;381;503,4;BETIM;Manobra de mudança de faixa;Colisão lateral mesmo sentido;Com Vítimas Feridas;Pleno dia;Crescente;Céu Claro;Dupla;"Reta;Aclive";Sim;2;0;1;0;1;0;1;2;-20,02813;-44,23418;SPRF-MG;DEL01-MG;UOP03-DEL01-MG
580901;13/02/2024;terça-feira;10:20:00;RS;285;312,6;PASSO FUNDO;Condutor deixou de manter distância do veículo da frente;Colisão traseira;Com Vítimas Feridas;Pleno dia;Decrescente;Chuva;Simples;"Curva;Ponte";Não;6;0;1;0;5;0;1;2;-28,241541;-52,553028;SPRF-RS;DEL08-RS;UOP03-DEL08-RS
580902;13/02/2024;terça-feira;10:15:00;PR;376;325,1;ORTIGUEIRA;Reação tardia ou ineficiente do condutor;Saída de leito carroçável;Com Vítimas Feridas;Pleno dia;Decrescente;Garoa/Chuvisco;Simples;Curva;Não;2;0;1;1;0;0;2;1;-24,053077;-51,066205;SPRF-PR;DEL07-PR;UOP02-DEL07-PR
580907;13/02/2024;terça-feira;12:00:00;MG;251;481,3;FRANCISCO SA;Condutor Dormindo;Saída de leito carroçável;Com Vítimas Feridas;Pleno dia;Crescente;Céu Claro;Simples;Reta;Sim;2;0;2;0;0;0;2;1;-16,48846512;-43,5126989;SPRF-MG;DEL12-MG;UOP01-DEL12-MG
580910;13/02/2024;terça-feira;12:00:00;RJ;101;281;TANGUA;Velocidade Incompatível;Colisão com objeto;Com Vítimas Feridas;Pleno dia;Crescente;Céu Claro;Dupla;Reta;Sim;1;0;1;0;0;0;1;1;-22,73786208;-42,78692501;SPRF-RJ;DEL02-RJ;UOP02-DEL02-RJ
580912;13/02/2024;terça-feira;12:40:00;RS;386;396,7;TRIUNFO;Acumulo de água sobre o pavimento;Saída de leito carroçável;Com Vítimas Feridas;Pleno dia;Decrescente;Chuva;Dupla;"Curva;Declive";Não;4;0;2;0;2;0;2;1;-29,732574;-51,631935;SPRF-RS;DEL04-RS;UOP02-DEL04-RS
580913;13/02/2024;terça-feira;13:00:00;PR;277;39;MORRETES;Demais falhas mecânicas ou elétricas;Incêndio;Sem Vítimas;Pleno dia;Crescente;Céu Claro;Múltipla;Reta;Sim;3;0;0;0;3;0;0;1;-25,571233;-48,817137;SPRF-PR;DEL01-PR;UOP05-DEL01-PR
580916;13/02/2024;terça-feira;11:00:00;RJ;40;124;DUQUE DE CAXIAS;Manobra de mudança de faixa;Colisão transversal;Sem Vítimas;Pleno dia;Crescente;Céu Claro;Simples;Curva;Sim;2;0;0;0;2;0;0;2;-22,807953;-43,289124;SPRF-RJ;DEL01-RJ;UOP02-DEL01-RJ
580917;13/02/2024;terça-feira;10:40:00;PR;277;367,9;GUARAPUAVA;Acessar a via sem observar a presença dos outros veículos;Colisão transversal;Com Vítimas Feridas;Pleno dia;Crescente;Céu Claro;Simples;"Interseção de Vias;Reta";Não;6;0;2;0;4;0;2;2;-25,439212;-51,625785;SPRF-PR;DEL08-PR;UOP01-DEL08-PR
580919;13/02/2024;terça-feira;13:30:00;SP;116;301,9;SAO LOURENCO DA SERRA;Demais falhas mecânicas ou elétricas;Tombamento;Com Vítimas Feridas;Pleno dia;Decrescente;Sol;Dupla;Reta;Não;2;0;1;0;1;0;1;2;-23,81147602;-46,92298208;SPRF-SP;DEL04-SP;UOP01-DEL04-SP
580920;13/02/2024;terça-feira;14:10:00;SP;101;47,9;UBATUBA;Ingestão de álcool pelo condutor;Colisão lateral mesmo sentido;Sem Vítimas;Pleno dia;Crescente;Céu Claro;Simples;Rotatória;Sim;2;0;0;0;2;0;0;2;-23,429897;-45,082436;SPRF-SP;DEL06-SP;UOP01-DEL06-SP
580922;13/02/2024;terça-feira;10:50:00;PR;376;391;IMBAU;Reação tardia ou ineficiente do condutor;Saída de leito carroçável;Com Vítimas Feridas;Pleno dia;Decrescente;Céu Claro;Dupla;"Curva;Declive";Não;1;0;1;0;0;0;1;1;-24,48370189;-50,73413372;SPRF-PR;DEL03-PR;UOP02-DEL03-PR
580925;13/02/2024;terça-feira;12:00:00;SC;280;80;CORUPA;Condutor deixou de manter distância do veículo da frente;Colisão lateral mesmo sentido;Com Vítimas Feridas;Pleno dia;Decrescente;Céu Claro;Simples;Rotatória;Sim;3;0;1;0;2;0;1;2;-26,44049878;-49,22178626;SPRF-SC;DEL06-SC;UOP03-DEL06-SC
580926;13/02/2024;terça-feira;07:20:00;SC;470;7;NAVEGANTES;Velocidade Incompatível;Saída de leito carroçável;Com Vítimas Feridas;Pleno dia;Decrescente;Céu Claro;Dupla;Viaduto;Sim;1;0;1;0;0;0;1;1;-26,83955734;-48,71418074;SPRF-SC;DEL04-SC;UOP04-DEL04-SC
580927;13/02/2024;terça-feira;12:55:00;RS;293;139,6;CANDIOTA;Condutor Dormindo;Saída de leito carroçável;Com Vítimas Feridas;Pleno dia;Crescente;Céu Claro;Simples;"Reta;Declive";Não;1;0;1;0;0;0;1;1;-31,45195006;-53,67868423;SPRF-RS;DEL11-RS;UOP03-DEL11-RS
580929;13/02/2024;terça-feira;13:40:00;RS;386;307,5;POUSO NOVO;Chuva;Saída de leito carroçável;Com Vítimas Feridas;Pleno dia;Decrescente;Chuva;Simples;"Curva;Aclive";Não;2;0;1;0;1;0;1;1;-29,209391;-52,178665;SPRF-RS;DEL04-RS;UOP01-DEL04-RS
580931;13/02/2024;terça-feira;13:00:00;PR;277;404,2;CANDOI;Chuva;Saída de leito carroçável;Com Vítimas Feridas;Pleno dia;Decrescente;Chuva;Simples;"Aclive;Reta";Não;1;0;1;0;0;0;1;1;-25,45842513;-51,96393708;SPRF-PR;DEL04-PR;UOP02-DEL04-PR
580933;13/02/2024;terça-feira;14:40:00;RS;392;17,5;RIO GRANDE;Retorno proibido;Colisão transversal;Com Vítimas Feridas;Pleno dia;Decrescente;Nublado;Dupla;"Retorno Regulamentado;Reta";Sim;5;0;1;0;4;0;1;2;-32,09017991;-52,17651198;SPRF-RS;DEL07-RS;UOP02-DEL07-RS
580934;13/02/2024;terça-feira;14:30:00;RJ;116;105;GUAPIMIRIM;Ausência de reação do condutor;Colisão traseira;Com Vítimas Feridas;Pleno dia;Crescente;Chuva;Simples;"Reta;Declive";Não;2;0;1;0;1;0;1;2;-22,51502902;-43,00052292;SPRF-RJ;DEL04-RJ;UOP01-DEL04-RJ
580935;13/02/2024;terça-feira;13:45:00;PR;373;188,4;PONTA GROSSA;Velocidade Incompatível;Capotamento;Com Vítimas Feridas;Pleno dia;Crescente;Chuva;Simples;Curva;Não;3;0;3;0;0;0;3;1;-25,052328;-50,320107;SPRF-PR;DEL03-PR;UOP01-DEL03-PR
580936;13/02/2024;terça-feira;15:30:00;PB;230;16;JOAO PESSOA;Manobra de mudança de faixa;Colisão lateral mesmo sentido;Com Vítimas Feridas;Pleno dia;Decrescente;Céu Claro;Dupla;Reta;Não;2;0;1;0;1;0;1;2;-7,1039;-34,8458;SPRF-PB;DEL01-PB;UOP01-DEL01-PB
580938;13/02/2024;terça-feira;15:45:00;PE;101;66,1;RECIFE;Acessar a via sem observar a presença dos outros veículos;Colisão traseira;Com Vítimas Feridas;Pleno dia;Decrescente;Céu Claro;Dupla;Interseção de Vias;Não;3;0;1;0;1;1;1;3;-8,035056;-34,941393;SPRF-PE;DEL01-PE;UOP01-DEL01-PE
580939;13/02/2024;terça-feira;15:30:00;PA;230;119;MARABA;Avarias e/ou desgaste excessivo no pneu;Eventos atípicos;Com Vítimas Feridas;Pleno dia;Crescente;Nublado;Dupla;Reta;Sim;2;0;2;0;0;0;2;1;-5,350407;-49,105981;SPRF-PA;DEL03-PA;UOP01-DEL03-PA
580940;13/02/2024;terça-feira;15:40:00;SP;381;32;ATIBAIA;Reação tardia ou ineficiente do condutor;Colisão traseira;Sem Vítimas;Pleno dia;Crescente;Céu Claro;Dupla;"Aclive;Reta";Não;2;0;0;0;2;0;0;2;-23,06461405;-46,57048121;SPRF-SP;DEL03-SP;UOP02-DEL03-SP
580941;13/02/2024;terça-feira;16:00:00;SC;101;369,2;ICARA;Reação tardia ou ineficiente do condutor;Colisão com objeto;Com Vítimas Feridas;Pleno dia;Crescente;Garoa/Chuvisco;Múltipla;Reta;Não;4;0;2;0;2;0;2;1;-28,69775604;-49,182934;SPRF-SC;DEL02-SC;UOP01-DEL02-SC
580942;13/02/2024;terça-feira;16:16:00;MG;381;1;BETIM;Condutor deixou de manter distância do veículo da frente;Engavetamento;Com Vítimas Feridas;Pleno dia;Decrescente;Sol;Dupla;"Declive;Reta";Sim;4;0;2;0;2;0;2;3;-19,96848;-44,15974;SPRF-MG;DEL01-MG;UOP03-DEL01-MG
580943;13/02/2024;terça-feira;14:30:00;MG;262;874;CAMPO FLORIDO;Reação tardia ou ineficiente do condutor;Saída de leito carroçável;Com Vítimas Feridas;Pleno dia;Decrescente;Céu Claro;Dupla;"Aclive;Reta";Não;1;0;1;0;0;0;1;1;-19,77842718;-48,49424696;SPRF-MG;DEL13-MG;UOP01-DEL13-MG
580944;13/02/2024;terça-feira;15:50:00;RO;364;241,9;CACOAL;Desrespeitar a preferência no cruzamento;Colisão transversal;Com Vítimas Feridas;Pleno dia;Crescente;Chuva;Simples;"Rotatória;Reta";Sim;2;0;1;0;1;0;1;2;-11,44082;-61,487685;SPRF-RO;DEL02-RO;UOP02-DEL02-RO
580945;13/02/2024;terça-feira;16:30:00;RS;116;238,5;SAO LEOPOLDO;Acumulo de água sobre o pavimento;Tombamento;Com Vítimas Feridas;Pleno dia;Decrescente;Chuva;Dupla;Curva;Sim;1;0;1;0;0;0;1;1;-29,68739789;-51,14197352;SPRF-RS;DEL01-RS;UOP02-DEL01-RS
580947;13/02/2024;terça-feira;12:30:00;CE;116;439,7;BARRO;Reação tardia ou ineficiente do condutor;Colisão traseira;Sem Vítimas;Pleno dia;Crescente;Chuva;Simples;"Aclive;Reta";Não;2;0;0;0;1;1;0;2;-7,02102292;-38,76387013;SPRF-CE;DEL05-CE;UOP03-DEL05-CE
580948;13/02/2024;terça-feira;16:30:00;SC;101;190;BIGUACU;Condutor deixou de manter distância do veículo da frente;Colisão traseira;Sem Vítimas;Pleno dia;Crescente;Garoa/Chuvisco;Dupla;Reta;Sim;2;0;0;0;2;0;0;2;-27,468056;-48,641712;SPRF-SC;DEL01-SC;UOP01-DEL01-SC
580949;13/02/2024;terça-feira;16:45:00;MG;381;907;CAMBUI;Velocidade Incompatível;Capotamento;Com Vítimas Feridas;Pleno dia;Decrescente;Chuva;Dupla;"Declive;Curva";Não;3;0;2;0;1;0;2;1;-22,71022398;-46,12178305;SPRF-MG;DEL16-MG;UOP03-DEL16-MG
580950;13/02/2024;terça-feira;17:20:00;SC;101;44;JOINVILLE;Acessar a via sem observar a presença dos outros veículos;Colisão lateral mesmo sentido;Com Vítimas Feridas;Pleno dia;Crescente;Nublado;Simples;Reta;Sim;2;0;1;0;1;0;1;2;-26,34006642;-48,85910869;SPRF-SC;DEL03-SC;UOP01-DEL03-SC
580951;13/02/2024;terça-feira;17:20:00;SP;116;210;GUARULHOS;Reação tardia ou ineficiente do condutor;Colisão traseira;Com Vítimas Feridas;Anoitecer;Crescente;Céu Claro;Múltipla;Reta;Sim;3;0;2;0;1;0;2;2;-23,42870023;-46,41085991;SPRF-SP;DEL01-SP;UOP01-DEL01-SP
580952;13/02/2024;terça-feira;17:22:00;SC;101;70,8;ARAQUARI;Ausência de reação do condutor;Colisão traseira;Com Vítimas Feridas;Pleno dia;Crescente;Garoa/Chuvisco;Múltipla;Reta;Sim;5;0;1;0;4;0;1;4;-26,51082007;-48,72345612;SPRF-SC;DEL03-SC;UOP02-DEL03-SC
580953;13/02/2024;terça-feira;16:00:00;PR;116;45;CAMPINA GRANDE DO SUL;Demais falhas mecânicas ou elétricas;Colisão com objeto;Com Vítimas Feridas;Pleno dia;Crescente;Nublado;Dupla;"Curva;Declive";Não;3;0;1;0;2;0;1;1;-25,199368;-48,895087;SPRF-PR;DEL01-PR;UOP02-DEL01-PR
580954;13/02/2024;terça-feira;16:45:00;PA;10;221,2;IPIXUNA DO PARA;Condutor Dormindo;Saída de leito carroçável;Com Vítimas Feridas;Pleno dia;Decrescente;Céu Claro;Simples;Curva;Não;4;0;2;0;2;0;2;1;-2,49604797;-47,50976192;SPRF-PA;DEL02-PA;UOP01-DEL02-PA
580955;13/02/2024;terça-feira;16:30:00;MS;163;519;JARAGUARI;Condutor Dormindo;Saída de leito carroçável;Com Vítimas Feridas;Pleno dia;Decrescente;Céu Claro;Simples;"Aclive;Reta";Não;2;0;2;0;0;0;2;1;-20,16993505;-54,4490649;SPRF-MS;DEL01-MS;UOP02-DEL01-MS
580957;13/02/2024;terça-feira;17:10:00;MG;459;72,1;SENADOR JOSE BENTO;Velocidade Incompatível;Colisão com objeto;Com Vítimas Feridas;Pleno dia;Decrescente;Céu Claro;Simples;"Curva;Aclive";Não;1;0;1;0;0;0;1;1;-22,1350568;-46,1614193;SPRF-MG;DEL09-MG;UOP01-DEL09-MG
580958;13/02/2024;terça-feira;13:30:00;SP;381;73;SAO PAULO;Ultrapassagem Indevida;Colisão traseira;Com Vítimas Feridas;Pleno dia;Crescente;Chuva;Dupla;"Curva;Declive";Não;2;0;1;0;1;0;1;2;-23,36553404;-46,55253934;SPRF-SP;DEL03-SP;UOP01-DEL03-SP
580959;13/02/2024;terça-feira;15:54:00;RN;304;100,8;ACU;Acumulo de água sobre o pavimento;Saída de leito carroçável;Com Vítimas Feridas;Pleno dia;Decrescente;Chuva;Simples;Reta;Não;2;0;1;0;1;0;1;1;-5,57799445;-37,02489374;SPRF-RN;DEL04-RN;UOP01-DEL04-RN
580960;13/02/2024;terça-feira;17:30:00;BA;116;778,2;PLANALTO;Manobra de mudança de faixa;Colisão traseira;Com Vítimas Feridas;Pleno dia;Crescente;Céu Claro;Simples;Reta;Não;2;0;1;0;1;0;1;2;-14,6157981;-40,44411375;SPRF-BA;DEL08-BA;UOP02-DEL08-BA
580961;13/02/2024;terça-feira;16:40:00;RS;116;40,5;VACARIA;Acessar a via sem observar a presença dos outros veículos;Colisão transversal;Com Vítimas Feridas;Pleno dia;Crescente;Chuva;Simples;Interseção de Vias;Sim;4;0;4;0;0;0;4;2;-28,52107961;-50,94231606;SPRF-RS;DEL05-RS;UOP03-DEL05-RS
580963;13/02/2024;terça-feira;15:00:00;PE;428;98,2;SANTA MARIA DA BOA VISTA;Demais falhas mecânicas ou elétricas;Capotamento;Sem Vítimas;Pleno dia;Crescente;Nublado;Simples;"Aclive;Reta";Não;1;0;0;0;1;0;0;1;-8,82848588;-39,94244307;SPRF-PE;DEL06-PE;UOP03-DEL06-PE
580964;13/02/2024;terça-feira;17:00:00;RJ;101;428;MANGARATIBA;Trafegar com motocicleta (ou similar) entre as faixas;Colisão transversal;Com Vítimas Feridas;Pleno dia;Decrescente;Céu Claro;Dupla;"Retorno Regulamentado;Interseção de Vias";Sim;3;0;2;0;1;0;2;2;-22,93391858;-43,9899979;SPRF-RJ;DEL03-RJ;UOP02-DEL03-RJ
580965;13/02/2024;terça-feira;16:40:00;RS;470;210;BENTO GONCALVES;Transitar na contramão;Colisão frontal;Com Vítimas Feridas;Pleno dia;Crescente;Garoa/Chuvisco;Simples;"Curva;Declive";Não;3;0;0;1;2;0;1;2;-29,11647449;-51,54258383;SPRF-RS;DEL06-RS;UOP01-DEL06-RS
580966;13/02/2024;terça-feira;17:35:00;PB;101;81,5;BAYEUX;Manobra de mudança de faixa;Colisão lateral mesmo sentido;Com Vítimas Feridas;Anoitecer;Decrescente;Céu Claro;Dupla;"Reta;Retorno Regulamentado";Sim;3;0;2;0;1;0;2;2;-7,12911;-34,93714;SPRF-PB;DEL01-PB;UOP01-DEL01-PB
580967;10/02/2024;sábado;08:41:00;RJ;116;289,8;BARRA MANSA;Condutor deixou de manter distância do veículo da frente;Colisão traseira;Com Vítimas Feridas;Pleno dia;Crescente;Céu Claro;Dupla;Curva;Não;3;0;2;0;1;0;2;2;-22,44937197;-44,32171194;SPRF-RJ;DEL07-RJ;UOP02-DEL07-RJ
580968;13/02/2024;terça-feira;17:00:00;RS;386;400,2;TRIUNFO;Velocidade Incompatível;Colisão frontal;Com Vítimas Feridas;Pleno dia;Decrescente;Chuva;Simples;Reta;Não;7;0;2;0;5;0;2;3;-29,751001;-51,599842;SPRF-RS;DEL04-RS;UOP02-DEL04-RS
580969;13/02/2024;terça-feira;15:30:00;RO;364;423;JARU;Desrespeitar a preferência no cruzamento;Colisão transversal;Com Vítimas Feridas;Pleno dia;Decrescente;Céu Claro;Simples;"Reta;Interseção de Vias";Sim;2;0;1;0;1;0;1;2;-10,44313339;-62,46678341;SPRF-RO;DEL03-RO;UOP02-DEL03-RO
580970;13/02/2024;terça-feira;17:40:00;SC;282;501,1;XANXERE;Manobra de mudança de faixa;Tombamento;Com Vítimas Feridas;Pleno dia;Crescente;Nublado;Dupla;"Rotatória;Reta";Sim;1;0;1;0;0;0;1;1;-26,88252479;-52,38010168;SPRF-SC;DEL07-SC;UOP01-DEL07-SC
580971;13/02/2024;terça-feira;18:00:00;RS;290;94;PORTO ALEGRE;Chuva;Tombamento;Com Vítimas Feridas;Pleno dia;Decrescente;Chuva;Dupla;"Curva;Viaduto;Aclive";Sim;1;0;1;0;0;0;1;1;-29,973856;-51,197853;SPRF-RS;DEL01-RS;UOP01-DEL01-RS
580973;13/02/2024;terça-feira;18:31:00;TO;153;670;GURUPI;Ingestão de álcool pelo condutor;Atropelamento de Pedestre;Com Vítimas Feridas;Pleno dia;Crescente;Chuva;Simples;Interseção de Vias;Sim;2;0;1;0;1;0;1;2;-11,70998005;-49,07471975;SPRF-TO;DEL01-TO;UOP02-DEL01-TO
580974;13/02/2024;terça-feira;18:20:00;SC;101;305,5;LAGUNA;Ausência de reação do condutor;Colisão com objeto;Com Vítimas Feridas;Anoitecer;Decrescente;Chuva;Múltipla;Reta;Sim;2;0;1;1;0;0;2;1;-28,37674574;-48,76400229;SPRF-SC;DEL02-SC;UOP03-DEL02-SC
580975;13/02/2024;terça-feira;18:30:00;PR;277;1;PARANAGUA;Reação tardia ou ineficiente do condutor;Queda de ocupante de veículo;Com Vítimas Feridas;Plena Noite;Decrescente;Chuva;Dupla;Reta;Sim;2;0;1;0;1;0;1;1;-25,552447;-48,553635;SPRF-PR;DEL01-PR;UOP05-DEL01-PR
580977;13/02/2024;terça-feira;18:50:00;PR;277;62;SAO JOSE DOS PINHAIS;Reação tardia ou ineficiente do condutor;Tombamento;Com Vítimas Feridas;Anoitecer;Crescente;Nublado;Dupla;Reta;Não;2;0;0;2;0;0;2;1;-25,56498129;-49,00825813;SPRF-PR;DEL01-PR;UOP01-DEL01-PR
580978;13/02/2024;terça-feira;17:50:00;RS;290;43;GLORINHA;Ausência de reação do condutor;Colisão lateral mesmo sentido;Com Vítimas Feridas;Pleno dia;Crescente;Chuva;Múltipla;Reta;Não;2;0;1;0;1;0;1;2;-29,889574;-50,689316;SPRF-RS;DEL03-RS;UOP01-DEL03-RS
580979;13/02/2024;terça-feira;18:30:00;SP;116;492,5;CAJATI;Acostamento em desnível;Saída de leito carroçável;Com Vítimas Feridas;Anoitecer;Decrescente;Nublado;Dupla;Reta;Sim;3;0;1;0;2;0;1;1;-24,74308052;-48,1325941;SPRF-SP;DEL05-SP;UOP01-DEL05-SP
580980;13/02/2024;terça-feira;18:40:00;RJ;101;419;MANGARATIBA;Trafegar com motocicleta (ou similar) entre as faixas;Queda de ocupante de veículo;Com Vítimas Feridas;Plena Noite;Decrescente;Céu Claro;Simples;Reta;Não;2;0;2;0;0;0;2;1;-22,91808988;-43,91359106;SPRF-RJ;DEL03-RJ;UOP02-DEL03-RJ
580981;13/02/2024;terça-feira;19:15:00;RS;116;517;PELOTAS;Desrespeitar a preferência no cruzamento;Colisão transversal;Com Vítimas Feridas;Anoitecer;Crescente;Céu Claro;Simples;Interseção de Vias;Não;2;0;0;1;1;0;1;2;-31,67908686;-52,34256731;SPRF-RS;DEL07-RS;UOP01-DEL07-RS
580982;13/02/2024;terça-feira;19:00:00;RJ;101;306;SAO GONCALO;Manobra de mudança de faixa;Colisão com objeto;Com Vítimas Feridas;Plena Noite;Crescente;Céu Claro;Múltipla;Reta;Sim;2;0;0;1;1;0;1;2;-22,78702832;-42,99589293;SPRF-RJ;DEL02-RJ;UOP02-DEL02-RJ
580983;13/02/2024;terça-feira;17:20:00;RJ;465;3;SEROPEDICA;Conversão proibida;Colisão transversal;Com Vítimas Feridas;Pleno dia;Crescente;Céu Claro;Simples;Reta;Não;4;0;1;1;2;0;2;2;-22,73427;-43,711994;SPRF-RJ;DEL06-RJ;UOP02-DEL06-RJ
580985;13/02/2024;terça-feira;19:55:00;MG;50;179;UBERABA;Condutor deixou de manter distância do veículo da frente;Colisão traseira;Com Vítimas Feridas;Plena Noite;Crescente;Nublado;Dupla;Reta;Sim;5;0;4;0;1;0;4;2;-19,77827047;-47,93140998;SPRF-MG;DEL13-MG;UOP01-DEL13-MG
580986;13/02/2024;terça-feira;18:40:00;MG;381;938,5;EXTREMA;Velocidade Incompatível;Tombamento;Com Vítimas Feridas;Plena Noite;Crescente;Chuva;Dupla;Reta;Não;3;0;1;1;0;1;2;2;-22,83909203;-46,32850893;SPRF-MG;DEL16-MG;UOP03-DEL16-MG
580987;13/02/2024;terça-feira;16:50:00;MG;381;704,5;LAVRAS;Chuva;Capotamento;Com Vítimas Feridas;Anoitecer;Decrescente;Nublado;Dupla;Curva;Não;2;0;1;0;1;0;1;1;-21,34177704;-45,17643719;SPRF-MG;DEL04-MG;UOP02-DEL04-MG
580990;13/02/2024;terça-feira;19:40:00;BA;116;5;VITORIA DA CONQUISTA;Animais na Pista;Atropelamento de Animal;Com Vítimas Feridas;Plena Noite;Decrescente;Nublado;Simples;"Reta;Declive";Não;2;0;2;0;0;0;2;1;-14,82556;-40,873963;SPRF-BA;DEL08-BA;UOP01-DEL08-BA
580991;13/02/2024;terça-feira;19:40:00;GO;414;399;CORUMBA DE GOIAS;Avarias e/ou desgaste excessivo no pneu;Queda de ocupante de veículo;Sem Vítimas;Plena Noite;Crescente;Nublado;Simples;Reta;Não;1;0;0;0;1;0;0;1;-15,96674819;-48,82199767;SPRF-GO;DEL02-GO;UOP01-DEL02-GO
580993;13/02/2024;terça-feira;19:00:00;MT;174;3;PONTES E LACERDA;Ultrapassagem Indevida;Colisão lateral mesmo sentido;Sem Vítimas;Anoitecer;Crescente;Chuva;Simples;Reta;Sim;2;0;0;0;2;0;0;2;-15,2409896;-59,3351677;SPRF-MT;DEL04-MT;UOP01-DEL04-MT
580994;13/02/2024;terça-feira;20:44:00;GO;40;9,3;LUZIANIA;Velocidade Incompatível;Atropelamento de Pedestre;Com Vítimas Feridas;Plena Noite;Crescente;Céu Claro;Dupla;Reta;Sim;3;0;0;1;2;0;1;2;-16,131158;-47,957739;SPRF-DF;DEL01-DF;UOP01-DEL01-DF
580996;13/02/2024;terça-feira;19:55:00;RS;290;372;VILA NOVA DO SUL;Acesso irregular;Colisão traseira;Com Vítimas Feridas;Plena Noite;Crescente;Céu Claro;Simples;Reta;Sim;3;0;0;1;1;1;1;3;-30,34336067;-53,88762295;SPRF-RS;DEL09-RS;UOP02-DEL09-RS
580997;13/02/2024;terça-feira;20:40:00;MG;116;410;GOVERNADOR VALADARES;Acessar a via sem observar a presença dos outros veículos;Colisão frontal;Com Vítimas Feridas;Plena Noite;Decrescente;Céu Claro;Simples;Reta;Não;4;0;2;1;1;0;3;2;-18,855625;-41,975623;SPRF-MG;DEL06-MG;UOP01-DEL06-MG
580998;13/02/2024;terça-feira;20:00:00;RS;116;148;CAXIAS DO SUL;Chuva;Saída de leito carroçável;Com Vítimas Feridas;Plena Noite;Crescente;Chuva;Dupla;Curva;Sim;1;0;1;0;0;0;1;1;-29,15444539;-51,15101681;SPRF-RS;DEL05-RS;UOP01-DEL05-RS
580999;13/02/2024;terça-feira;20:35:00;PR;116;121;CURITIBA;Avarias e/ou desgaste excessivo no pneu;Queda de ocupante de veículo;Com Vítimas Feridas;Plena Noite;Decrescente;Céu Claro;Dupla;Declive;Não;1;0;1;0;0;0;1;1;-25,56000019;-49,30728436;SPRF-PR;DEL01-PR;UOP03-DEL01-PR
581001;13/02/2024;terça-feira;14:10:00;RJ;101;325;NITEROI;Transtornos Mentais (exceto suicidio);Queda de ocupante de veículo;Com Vítimas Feridas;Pleno dia;Decrescente;Céu Claro;Dupla;"Ponte;Declive";Não;2;0;1;0;1;0;1;1;-22,87292569;-43,13625699;SPRF-RJ;DEL02-RJ;UOP01-DEL02-RJ