id;data_inversa;dia_semana;horario;uf;br;km;municipio;causa_acidente;tipo_acidente;classificacao_acidente;fase_dia;sentido_via;condicao_metereologica;tipo_pista;tracado_via;uso_solo;pessoas;mortos;feridos_leves;feridos_graves;ilesos;ignorados;feridos;veiculos;latitude;longitude;regional;delegacia;uop
581367;15/02/2024;quinta-feira;18:45:00;RJ;101;480;ANGRA DOS REIS;Reação tardia ou ineficiente do condutor;Capotamento;Com Vítimas Feridas;Plena Noite;Crescente;Chuva;Simples;Curva;Não;2;0;1;0;1;0;1;1;-23,01331268;-44,28361913;SPRF-RJ;DEL03-RJ;UOP03-DEL03-RJ
581370;15/02/2024;quinta-feira;19:52:00;TO;10;454;PALMAS;Ingestão de álcool pelo condutor;Colisão traseira;Com Vítimas Feridas;Plena Noite;Crescente;Céu Claro;Dupla;Reta;Sim;2;0;1;1;0;0;2;2;-10,18165389;-48,17412734;SPRF-TO;DEL01-TO;UOP03-DEL01-TO
581371;15/02/2024;quinta-feira;16:50:00;ES;101;149;LINHARES;Condutor deixou de manter distância do veículo da frente;Colisão traseira;Com Vítimas Feridas;Pleno dia;Decrescente;Céu Claro;Múltipla;Reta;Sim;2;0;1;0;1;0;1;2;-19,39619083;-40,06435871;SPRF-ES;DEL04-ES;UOP01-DEL04-ES
581372;15/02/2024;quinta-feira;18:35:00;MT;70;520;VARZEA GRANDE;Acessar a via sem observar a presença dos outros veículos;Colisão transversal;Com Vítimas Feridas;Anoitecer;Decrescente;Céu Claro;Simples;Reta;Sim;2;0;1;0;1;0;1;2;-15,675473;-56,176493;SPRF-MT;DEL01-MT;UOP02-DEL01-MT
581374;15/02/2024;quinta-feira;18:30:00;SP;116;272;TABOAO DA SERRA;Ausência de reação do condutor;Colisão traseira;Sem Vítimas;Plena Noite;Crescente;Céu Claro;Dupla;Reta;Sim;2;0;0;0;2;0;0;2;-23,621691;-46,813288;SPRF-SP;DEL04-SP;UOP01-DEL04-SP
581376;15/02/2024;quinta-feira;18:50:00;CE;222;41,3;CAUCAIA;Animais na Pista;Atropelamento de Animal;Sem Vítimas;Plena Noite;Decrescente;Chuva;Dupla;Reta;Não;1;0;0;0;0;1;0;1;-3,68442213;-38,91593973;SPRF-CE;DEL01-CE;UOP03-DEL01-CE
581377;15/02/2024;quinta-feira;17:00:00;PR;376;450,8;TIBAGI;Velocidade Incompatível;Saída de leito carroçável;Com Vítimas Feridas;Pleno dia;Crescente;Chuva;Dupla;"Declive;Curva";Não;3;0;1;0;2;0;1;1;-24,876603;-50,442921;SPRF-PR;DEL03-PR;UOP02-DEL03-PR
581378;15/02/2024;quinta-feira;21:00:00;ES;101;393,9;RIO NOVO DO SUL;Condutor deixou de manter distância do veículo da frente;Colisão traseira;Com Vítimas Feridas;Plena Noite;Decrescente;Nublado;Simples;Reta;Não;2;0;1;0;1;0;1;2;-20,868874;-40,94103;SPRF-ES;DEL03-ES;UOP02-DEL03-ES
581379;15/02/2024;quinta-feira;20:27:00;PE;101;45;IGARASSU;Reação tardia ou ineficiente do condutor;Colisão com objeto;Com Vítimas Feridas;Plena Noite;Decrescente;Céu Claro;Múltipla;"Declive;Reta";Sim;2;0;1;0;1;0;1;2;-7,867734;-34,906824;SPRF-PE;DEL01-PE;UOP02-DEL01-PE
581381;15/02/2024;quinta-feira;18:03:00;MG;381;584,1;CARMOPOLIS DE MINAS;Ausência de reação do condutor;Colisão com objeto;Com Vítimas Feridas;Anoitecer;Decrescente;Chuva;Dupla;Curva;Não;4;0;2;0;2;0;2;1;-20,52949002;-44,63874994;SPRF-MG;DEL04-MG;UOP01-DEL04-MG
581382;15/02/2024;quinta-feira;18:00:00;RO;425;129;GUAJARA-MIRIM;Acessar a via sem observar a presença dos outros veículos;Colisão transversal;Com Vítimas Feridas;Pleno dia;Crescente;Céu Claro;Dupla;Rotatória;Sim;3;0;2;0;1;0;2;2;-10,77395219;-65,32646656;SPRF-RO;DEL01-RO;UOP03-DEL01-RO
581385;15/02/2024;quinta-feira;18:40:00;MT;174;18;PONTES E LACERDA;Animais na Pista;Capotamento;Com Vítimas Feridas;Anoitecer;Crescente;Nublado;Simples;Reta;Não;1;0;1;0;0;0;1;1;-15,226537;-59,335728;SPRF-MT;DEL04-MT;UOP01-DEL04-MT
581387;15/02/2024;quinta-feira;19:30:00;BA;407;174;PONTO NOVO;Animais na Pista;Atropelamento de Animal;Com Vítimas Feridas;Plena Noite;Decrescente;Céu Claro;Simples;Reta;Não;4;0;4;0;0;0;4;1;-10,87506101;-40,11063423;SPRF-BA;DEL04-BA;UOP02-DEL04-BA
581388;15/02/2024;quinta-feira;16:00:00;RJ;101;429;MANGARATIBA;Reação tardia ou ineficiente do condutor;Colisão com objeto;Com Vítimas Feridas;Pleno dia;Decrescente;Chuva;Simples;"Curva;Declive";Não;2;0;2;0;0;0;2;1;-22,935335;-44,0004;SPRF-RJ;DEL03-RJ;UOP02-DEL03-RJ
581389;15/02/2024;quinta-feira;20:10:00;MG;116;411,5;GOVERNADOR VALADARES;Manobra de mudança de faixa;Colisão traseira;Com Vítimas Feridas;Plena Noite;Decrescente;Chuva;Dupla;Reta;Sim;2;0;1;0;1;0;1;2;-18,86244705;-41,97405237;SPRF-MG;DEL06-MG;UOP01-DEL06-MG
581390;14/02/2024;quarta-feira;01:40:00;MG;40;64;PARACATU;Ausência de reação do condutor;Saída de leito carroçável;Com Vítimas Feridas;Plena Noite;Decrescente;Nublado;Simples;Reta;Não;4;0;2;0;2;0;2;1;-17,35198021;-46,74998034;SPRF-MG;DEL14-MG;UOP01-DEL14-MG
581391;15/02/2024;quinta-feira;19:45:00;PR;277;477,9;NOVA LARANJEIRAS;Pedestre - Ingestão de álcool/ substâncias psicoativas;Atropelamento de Pedestre;Com Vítimas Feridas;Plena Noite;Crescente;Nublado;Simples;Curva;Não;2;0;0;1;1;0;1;2;-25,2994712;-52,55864812;SPRF-PR;DEL04-PR;UOP02-DEL04-PR
581392;15/02/2024;quinta-feira;14:30:00;MG;116;404;GOVERNADOR VALADARES;Demais falhas mecânicas ou elétricas;Incêndio;Sem Vítimas;Pleno dia;Crescente;Céu Claro;Simples;Reta;Não;1;0;0;0;1;0;0;1;-18,81054997;-41,98453386;SPRF-MG;DEL06-MG;UOP01-DEL06-MG
581393;15/02/2024;quinta-feira;19:00:00;PE;101;51;ABREU E LIMA;Acesso irregular;Colisão traseira;Com Vítimas Feridas;Plena Noite;Crescente;Vento;Múltipla;Reta;Sim;3;0;2;0;1;0;2;2;-7,9169968;-34,89689272;SPRF-PE;DEL01-PE;UOP02-DEL01-PE
581394;15/02/2024;quinta-feira;22:30:00;CE;116;9;FORTALEZA;Ausência de reação do condutor;Tombamento;Com Vítimas Feridas;Plena Noite;Crescente;Céu Claro;Dupla;Reta;Sim;2;0;2;0;0;0;2;1;-3,82779096;-38,50486117;SPRF-CE;DEL01-CE;UOP02-DEL01-CE
581395;15/02/2024;quinta-feira;17:30:00;SP;116;140;SAO JOSE DOS CAMPOS;Ausência de reação do condutor;Colisão lateral mesmo sentido;Com Vítimas Feridas;Anoitecer;Crescente;Céu Claro;Dupla;Reta;Não;2;0;1;0;1;0;1;2;-23,16577714;-45,81246193;SPRF-SP;DEL02-SP;UOP01-DEL02-SP
581396;15/02/2024;quinta-feira;19:30:00;MG;116;374;FREI INOCENCIO;Pedestre cruzava a pista fora da faixa;Atropelamento de Pedestre;Com Vítimas Feridas;Plena Noite;Decrescente;Garoa/Chuvisco;Simples;Retorno Regulamentado;Sim;3;0;0;1;2;0;1;2;-18,56876496;-41,9075954;SPRF-MG;DEL11-MG;UOP01-DEL11-MG
581398;15/02/2024;quinta-feira;17:35:00;MS;262;440,4;DOIS IRMAOS DO BURITI;Transitar na contramão;Colisão lateral sentido oposto;Com Vítimas Feridas;Pleno dia;Crescente;Céu Claro;Simples;Reta;Não;3;0;0;1;1;1;1;3;-20,51547173;-55,36492909;SPRF-MS;DEL03-MS;UOP01-DEL03-MS
581399;15/02/2024;quinta-feira;22:45:00;PE;232;251,8;ARCOVERDE;Acessar a via sem observar a presença dos outros veículos;Colisão lateral sentido oposto;Com Vítimas Feridas;Plena Noite;Crescente;Céu Claro;Simples;Reta;Sim;2;0;0;1;1;0;1;2;-8,429241;-37,060127;SPRF-PE;DEL04-PE;UOP02-DEL04-PE
581400;15/02/2024;quinta-feira;22:18:00;MS;163;459,2;CAMPO GRANDE;Animais na Pista;Atropelamento de Animal;Com Vítimas Feridas;Plena Noite;Decrescente;Céu Claro;Simples;Reta;Não;1;0;1;0;0;0;1;1;-20,64663492;-54,56591872;SPRF-MS;DEL01-MS;UOP01-DEL01-MS
581401;22/01/2024;segunda-feira;21:20:00;RS;116;530;CAPAO DO LEAO;Desrespeitar a preferência no cruzamento;Colisão transversal;Com Vítimas Feridas;Plena Noite;Decrescente;Nublado;Simples;Interseção de Vias;Sim;4;0;1;0;3;0;1;2;-31,7590834;-52,43687971;SPRF-RS;DEL07-RS;UOP01-DEL07-RS
581402;16/02/2024;sexta-feira;03:00:00;SC;101;34,3;JOINVILLE;Frear bruscamente;Colisão traseira;Sem Vítimas;Plena Noite;Crescente;Garoa/Chuvisco;Dupla;Reta;Não;2;0;0;0;2;0;0;2;-26,23667403;-48,91486706;SPRF-SC;DEL03-SC;UOP01-DEL03-SC
581405;15/02/2024;quinta-feira;22:00:00;MG;381;892;CAMBUI;Reação tardia ou ineficiente do condutor;Saída de leito carroçável;Sem Vítimas;Plena Noite;Crescente;Céu Claro;Dupla;"Aclive;Reta";Não;2;0;0;0;2;0;0;1;-22,60214538;-46,05862156;SPRF-MG;DEL16-MG;UOP03-DEL16-MG
581406;16/02/2024;sexta-feira;05:05:00;SE;101;89;NOSSA SENHORA DO SOCORRO;Animais na Pista;Atropelamento de Animal;Com Vítimas Feridas;Amanhecer;Crescente;Céu Claro;Múltipla;"Declive;Reta";Não;2;0;1;0;1;0;1;2;-10,88051024;-37,13355535;SPRF-SE;DEL01-SE;UOP01-DEL01-SE
581407;16/02/2024;sexta-feira;04:30:00;SC;280;66,5;JARAGUA DO SUL;Acessar a via sem observar a presença dos outros veículos;Colisão transversal;Com Vítimas Feridas;Pleno dia;Decrescente;Nublado;Simples;"Interseção de Vias;Reta";Sim;2;0;1;0;1;0;1;2;-26,47606607;-49,09568797;SPRF-SC;DEL03-SC;UOP03-DEL03-SC
581408;16/02/2024;sexta-feira;05:00:00;MG;40;619,2;CONGONHAS;Falta de elemento de contenção que evite a saída do leito carroçável;Saída de leito carroçável;Com Vítimas Feridas;Amanhecer;Decrescente;Nublado;Simples;Curva;Sim;1;0;1;0;0;0;1;1;-20,57720757;-43,81173673;SPRF-MG;DEL05-MG;UOP02-DEL05-MG
581409;16/02/2024;sexta-feira;05:00:00;RS;290;141,6;ELDORADO DO SUL;Chuva;Saída de leito carroçável;Com Vítimas Feridas;Plena Noite;Crescente;Chuva;Simples;Reta;Não;2;0;0;1;1;0;1;1;-30,086048;-51,61882;SPRF-RS;DEL02-RS;UOP01-DEL02-RS
581415;16/02/2024;sexta-feira;05:45:00;MS;163;470,5;CAMPO GRANDE;Ausência de reação do condutor;Saída de leito carroçável;Sem Vítimas;Pleno dia;Crescente;Céu Claro;Simples;Reta;Não;1;0;0;0;1;0;0;1;-20,55998503;-54,55711228;SPRF-MS;DEL01-MS;UOP01-DEL01-MS
581416;16/02/2024;sexta-feira;06:45:00;MG;40;514;RIBEIRAO DAS NEVES;Reação tardia ou ineficiente do condutor;Colisão traseira;Com Vítimas Feridas;Pleno dia;Crescente;Céu Claro;Dupla;Reta;Não;2;0;1;0;1;0;1;2;-19,80151928;-44,10000333;SPRF-MG;DEL01-MG;UOP02-DEL01-MG
581417;12/02/2024;segunda-feira;18:50:00;SC;101;137;BALNEARIO CAMBORIU;Acessar a via sem observar a presença dos outros veículos;Colisão lateral mesmo sentido;Com Vítimas Feridas;Anoitecer;Decrescente;Céu Claro;Dupla;Reta;Não;6;0;1;0;5;0;1;3;-27,0157238;-48,61192763;SPRF-SC;DEL04-SC;UOP03-DEL04-SC
581422;16/02/2024;sexta-feira;06:30:00;RS;116;248;SAO LEOPOLDO;Ausência de reação do condutor;Colisão traseira;Com Vítimas Feridas;Amanhecer;Decrescente;Nublado;Múltipla;"Interseção de Vias;Reta";Sim;2;0;1;0;1;0;1;2;-29,77286259;-51,15397037;SPRF-RS;DEL01-RS;UOP02-DEL01-RS
581425;16/02/2024;sexta-feira;07:00:00;RS;153;44;ERECHIM;Desrespeitar a preferência no cruzamento;Colisão transversal;Com Vítimas Feridas;Pleno dia;Crescente;Chuva;Simples;"Interseção de Vias;Aclive";Sim;2;0;0;1;1;0;1;2;-27,62312752;-52,23687793;SPRF-RS;DEL08-RS;UOP04-DEL08-RS
581426;16/02/2024;sexta-feira;07:45:00;CE;116;15;FORTALEZA;Condutor deixou de manter distância do veículo da frente;Colisão traseira;Sem Vítimas;Pleno dia;Decrescente;Céu Claro;Múltipla;Reta;Sim;2;0;0;0;2;0;0;2;-3,87839882;-38,50066893;SPRF-CE;DEL01-CE;UOP02-DEL01-CE
581427;16/02/2024;sexta-feira;07:10:00;ES;101;264;SERRA;Condutor desrespeitou a iluminação vermelha do semáforo;Colisão transversal;Com Vítimas Feridas;Pleno dia;Decrescente;Chuva;Dupla;"Interseção de Vias;Retorno Regulamentado";Sim;3;0;1;1;1;0;2;2;-20,17292791;-40,26736384;SPRF-ES;DEL02-ES;UOP01-DEL02-ES
581428;16/02/2024;sexta-feira;07:45:00;SP;116;138,5;SAO JOSE DOS CAMPOS;Manobra de mudança de faixa;Colisão lateral mesmo sentido;Com Vítimas Feridas;Pleno dia;Crescente;Nublado;Dupla;Reta;Sim;2;0;1;0;0;1;1;2;-23,1572739;-45,79554605;SPRF-SP;DEL02-SP;UOP01-DEL02-SP
581429;05/02/2024;segunda-feira;13:30:00;PE;101;38;IGARASSU;Ausência de reação do condutor;Tombamento;Com Vítimas Fatais;Pleno dia;Decrescente;Céu Claro;Dupla;Reta;Não;2;1;0;1;0;0;1;1;-7,80600806;-34,92522908;SPRF-PE;DEL01-PE;UOP02-DEL01-PE
581431;16/02/2024;sexta-feira;05:40:00;RJ;101;160;MACAE;Reação tardia ou ineficiente do condutor;Colisão frontal;Com Vítimas Fatais;Amanhecer;Decrescente;Nevoeiro/Neblina;Simples;Reta;Não;5;2;2;0;1;0;2;2;-22,28567504;-41,87590791;SPRF-RJ;DEL08-RJ;UOP04-DEL08-RJ
581433;16/02/2024;sexta-feira;08:45:00;SC;101;223,8;PALHOCA;Acessar a via sem observar a presença dos outros veículos;Colisão transversal;Com Vítimas Feridas;Pleno dia;Crescente;Céu Claro;Múltipla;Reta;Sim;2;0;0;1;1;0;1;2;-27,71552634;-48,64881251;SPRF-SC;DEL01-SC;UOP02-DEL01-SC
581436;16/02/2024;sexta-feira;09:00:00;MG;381;356;JOAO MONLEVADE;Trafegar com motocicleta (ou similar) entre as faixas;Colisão transversal;Com Vítimas Feridas;Pleno dia;Crescente;Nublado;Simples;Reta;Não;2;0;1;0;1;0;1;2;-19,84765404;-43,20566395;SPRF-MG;DEL03-MG;UOP01-DEL03-MG
581438;16/02/2024;sexta-feira;09:00:00;SC;101;137;BALNEARIO CAMBORIU;Demais falhas mecânicas ou elétricas;Colisão traseira;Com Vítimas Feridas;Pleno dia;Crescente;Céu Claro;Dupla;Reta;Não;2;0;0;1;1;0;1;2;-27,0157238;-48,61192763;SPRF-SC;DEL04-SC;UOP03-DEL04-SC
581439;16/02/2024;sexta-feira;07:10:00;MG;262;35,5;MANHUACU;Pedestre cruzava a pista fora da faixa;Atropelamento de Pedestre;Com Vítimas Feridas;Pleno dia;Crescente;Chuva;Simples;Curva;Sim;2;0;1;0;1;0;1;2;-20,2592562;-42,01698194;SPRF-MG;DEL06-MG;UOP03-DEL06-MG
581441;16/02/2024;sexta-feira;05:30:00;BA;101;126;TEODORO SAMPAIO;Acessar a via sem observar a presença dos outros veículos;Atropelamento de Pedestre;Com Vítimas Fatais;Amanhecer;Decrescente;Céu Claro;Simples;Aclive;Não;2;1;0;0;0;1;0;2;-12,19979483;-38,59985325;SPRF-BA;DEL01-BA;UOP04-DEL01-BA
581442;16/02/2024;sexta-feira;09:50:00;PR;277;62;SAO JOSE DOS PINHAIS;Ausência de reação do condutor;Colisão traseira;Com Vítimas Feridas;Pleno dia;Crescente;Nublado;Dupla;Reta;Sim;2;0;0;1;1;0;1;2;-25,56895101;-48,99932401;SPRF-PR;DEL01-PR;UOP01-DEL01-PR
581444;16/02/2024;sexta-feira;07:50:00;SC;116;57,8;PAPANDUVA;Acessar a via sem observar a presença dos outros veículos;Colisão transversal;Com Vítimas Feridas;Pleno dia;Decrescente;Nublado;Simples;Reta;Não;4;0;1;0;3;0;1;2;-26,38204782;-50,18999277;SPRF-SC;DEL06-SC;UOP02-DEL06-SC
581445;22/01/2024;segunda-feira;10:00:00;PR;116;39,2;CAMPINA GRANDE DO SUL;Pista Escorregadia;Colisão com objeto;Com Vítimas Feridas;Pleno dia;Crescente;Chuva;Dupla;Reta;Não;2;0;0;1;1;0;1;2;-25,161143;-48,86216;SPRF-PR;DEL01-PR;UOP02-DEL01-PR
581446;16/02/2024;sexta-feira;09:12:00;PA;316;32;SANTA IZABEL DO PARA;Ausência de reação do condutor;Colisão com objeto;Com Vítimas Feridas;Pleno dia;Crescente;Céu Claro;Dupla;Curva;Não;2;0;1;0;1;0;1;1;-1,29833956;-48,18889696;SPRF-PA;DEL01-PA;UOP01-DEL01-PA
581449;16/02/2024;sexta-feira;06:25:00;RS;287;333,2;SAO VICENTE DO SUL;Ausência de reação do condutor;Colisão lateral sentido oposto;Com Vítimas Fatais;Amanhecer;Decrescente;Garoa/Chuvisco;Simples;"Reta;Declive";Não;6;1;2;1;0;2;3;4;-29,66508438;-54,67277527;SPRF-RS;DEL12-RS;UOP02-DEL12-RS
581450;16/02/2024;sexta-feira;07:50:00;SP;116;222,9;GUARULHOS;Condutor deixou de manter distância do veículo da frente;Colisão traseira;Com Vítimas Feridas;Pleno dia;Crescente;Nublado;Múltipla;Reta;Não;2;0;0;1;0;1;1;2;-23,47093408;-46,51631097;SPRF-SP;DEL01-SP;UOP01-DEL01-SP
581451;16/02/2024;sexta-feira;09:50:00;CE;222;310;TIANGUA;Ausência de reação do condutor;Colisão lateral mesmo sentido;Sem Vítimas;Pleno dia;Decrescente;Nublado;Múltipla;Interseção de Vias;Sim;2;0;0;0;1;1;0;2;-3,71365506;-40,9862271;SPRF-CE;DEL04-CE;UOP02-DEL04-CE
581453;16/02/2024;sexta-feira;10:00:00;PI;316;10,9;TERESINA;Desrespeitar a preferência no cruzamento;Colisão transversal;Com Vítimas Feridas;Pleno dia;Crescente;Chuva;Múltipla;"Interseção de Vias;Rotatória";Sim;4;0;1;1;2;0;2;2;-5,19113305;-42,76127815;SPRF-PI;DEL01-PI;UOP02-DEL01-PI
581455;16/02/2024;sexta-feira;11:10:00;SC;470;104;APIUNA;Reação tardia ou ineficiente do condutor;Saída de leito carroçável;Com Vítimas Feridas;Pleno dia;Crescente;Garoa/Chuvisco;Simples;Curva;Não;1;0;0;1;0;0;1;1;-27,06361344;-49,41609085;SPRF-SC;DEL04-SC;UOP02-DEL04-SC
581456;16/02/2024;sexta-feira;09:40:00;MA;135;43,7;BACABEIRA;Ausência de reação do condutor;Colisão traseira;Com Vítimas Feridas;Pleno dia;Crescente;Céu Claro;Dupla;Reta;Sim;2;0;1;0;1;0;1;2;-2,91264134;-44,35402453;SPRF-MA;DEL01-MA;UOP01-DEL01-MA
581458;16/02/2024;sexta-feira;11:35:00;MG;381;498;BETIM;Ausência de reação do condutor;Tombamento;Com Vítimas Feridas;Pleno dia;Crescente;Céu Claro;Simples;"Curva;Retorno Regulamentado";Sim;1;0;0;1;0;0;1;1;-20,01172662;-44,21976041;SPRF-MG;DEL01-MG;UOP03-DEL01-MG
581460;16/02/2024;sexta-feira;10:00:00;PR;376;315;ORTIGUEIRA;Avarias e/ou desgaste excessivo no pneu;Colisão com objeto;Com Vítimas Feridas;Pleno dia;Decrescente;Chuva;Dupla;Curva;Sim;4;0;1;0;3;0;1;1;-23,9479365;-51,11966908;SPRF-PR;DEL07-PR;UOP02-DEL07-PR
581461;16/02/2024;sexta-feira;11:50:00;MG;381;357;JOAO MONLEVADE;Acessar a via sem observar a presença dos outros veículos;Colisão transversal;Com Vítimas Feridas;Pleno dia;Crescente;Nublado;Simples;Curva;Sim;5;0;2;0;3;0;2;2;-19,84145181;-43,17591548;SPRF-MG;DEL03-MG;UOP01-DEL03-MG
581462;16/02/2024;sexta-feira;09:00:00;MG;116;531,5;CARATINGA;Transitar na contramão;Colisão lateral sentido oposto;Com Vítimas Feridas;Pleno dia;Crescente;Nublado;Simples;Curva;Não;3;0;3;0;0;0;3;2;-19,81937899;-42,13692704;SPRF-MG;DEL06-MG;UOP02-DEL06-MG
581463;16/02/2024;sexta-feira;09:45:00;MG;381;525;ITATIAIUCU;Ausência de reação do condutor;Tombamento;Com Vítimas Feridas;Pleno dia;Crescente;Céu Claro;Dupla;Curva;Não;1;0;1;0;0;0;1;1;-20,16710798;-44,33422398;SPRF-MG;DEL04-MG;UOP03-DEL04-MG
581466;16/02/2024;sexta-feira;11:30:00;SC;101;153;ITAPEMA;Reação tardia ou ineficiente do condutor;Colisão com objeto;Sem Vítimas;Pleno dia;Crescente;Nublado;Dupla;Reta;Não;1;0;0;0;1;0;0;1;-27,144717;-48,61063935;SPRF-SC;DEL04-SC;UOP03-DEL04-SC
581473;16/02/2024;sexta-feira;12:15:00;PE;424;86;GARANHUNS;Acessar a via sem observar a presença dos outros veículos;Colisão frontal;Com Vítimas Feridas;Pleno dia;Decrescente;Céu Claro;Simples;"Reta;Interseção de Vias;Declive";Sim;2;0;0;1;1;0;1;2;-8,86976481;-36,50816917;SPRF-PE;DEL03-PE;UOP01-DEL03-PE
581475;16/02/2024;sexta-feira;12:25:00;RJ;101;421;MANGARATIBA;Conversão proibida;Colisão transversal;Com Vítimas Feridas;Pleno dia;Decrescente;Céu Claro;Simples;Curva;Sim;3;0;1;0;2;0;1;2;-22,91783007;-43,94223558;SPRF-RJ;DEL03-RJ;UOP02-DEL03-RJ
581476;16/02/2024;sexta-feira;12:00:00;MT;163;831;SINOP;Acessar a via sem observar a presença dos outros veículos;Colisão transversal;Com Vítimas Feridas;Pleno dia;Decrescente;Nublado;Simples;Interseção de Vias;Não;2;0;0;1;1;0;1;2;-12,022768;-55,51723;SPRF-MT;DEL06-MT;UOP02-DEL06-MT
581477;16/02/2024;sexta-feira;11:40:00;PR;277;427;CANTAGALO;Problema com o freio;Saída de leito carroçável;Com Vítimas Feridas;Pleno dia;Decrescente;Chuva;Simples;Reta;Não;2;0;2;0;0;0;2;1;-25,38373525;-52,15656281;SPRF-PR;DEL04-PR;UOP02-DEL04-PR
581478;16/02/2024;sexta-feira;12:49:00;RJ;101;329;RIO DE JANEIRO;Ausência de reação do condutor;Colisão traseira;Com Vítimas Feridas;Pleno dia;Decrescente;Céu Claro;Dupla;Reta;Não;2;0;0;1;1;0;1;2;-22,86939305;-43,175642;SPRF-RJ;DEL02-RJ;UOP01-DEL02-RJ
581479;16/02/2024;sexta-feira;11:39:00;RO;364;340,3;JI-PARANA;Condutor desrespeitou a iluminação vermelha do semáforo;Tombamento;Com Vítimas Feridas;Pleno dia;Crescente;Céu Claro;Dupla;"Reta;Interseção de Vias";Sim;2;0;1;0;1;0;1;2;-10,898802;-61,93046;SPRF-RO;DEL02-RO;UOP01-DEL02-RO
581480;16/02/2024;sexta-feira;13:25:00;PR;116;39;CAMPINA GRANDE DO SUL;Chuva;Saída de leito carroçável;Com Vítimas Feridas;Pleno dia;Crescente;Nublado;Simples;Curva;Não;2;0;1;0;1;0;1;1;-25,156168;-48,8613401;SPRF-PR;DEL01-PR;UOP02-DEL01-PR
581483;16/02/2024;sexta-feira;13:30:00;RJ;116;169;RIO DE JANEIRO;Reação tardia ou ineficiente do condutor;Colisão lateral mesmo sentido;Sem Vítimas;Pleno dia;Crescente;Céu Claro;Dupla;Interseção de Vias;Sim;7;0;0;0;7;0;0;2;-22,81959862;-43,31740201;SPRF-RJ;DEL06-RJ;UOP01-DEL06-RJ
581484;16/02/2024;sexta-feira;12:55:00;SP;101;35;UBATUBA;Acessar a via sem observar a presença dos outros veículos;Colisão transversal;Com Vítimas Feridas;Pleno dia;Decrescente;Céu Claro;Simples;"Interseção de Vias;Reta";Não;7;0;4;0;3;0;4;2;-23,39315463;-45,00980616;SPRF-SP;DEL06-SP;UOP01-DEL06-SP
581486;16/02/2024;sexta-feira;13:30:00;SC;101;148;ITAPEMA;Reação tardia ou ineficiente do condutor;Atropelamento de Pedestre;Com Vítimas Feridas;Pleno dia;Crescente;Nublado;Múltipla;Reta;Sim;2;0;1;0;1;0;1;2;-27,10123686;-48,61807962;SPRF-SC;DEL04-SC;UOP03-DEL04-SC
581488;16/02/2024;sexta-feira;14:05:00;DF;20;26;BRASILIA;Manobra de mudança de faixa;Colisão transversal;Com Vítimas Feridas;Pleno dia;Decrescente;Chuva;Dupla;Reta;Não;3;0;1;0;2;0;1;2;-15,596223;-47,640285;SPRF-DF;DEL02-DF;UOP01-DEL02-DF
581489;16/02/2024;sexta-feira;11:30:00;CE;116;185,1;LIMOEIRO DO NORTE;Demais falhas mecânicas ou elétricas;Queda de ocupante de veículo;Com Vítimas Feridas;Pleno dia;Decrescente;Céu Claro;Simples;Reta;Não;3;0;3;0;0;0;3;1;-5,07414894;-38,1121391;SPRF-CE;DEL03-CE;UOP01-DEL03-CE
581490;16/02/2024;sexta-feira;13:00:00;PB;230;460;SOUSA;Acessar a via sem observar a presença dos outros veículos;Colisão lateral sentido oposto;Com Vítimas Feridas;Pleno dia;Crescente;Céu Claro;Simples;Reta;Sim;2;0;0;1;1;0;1;2;-6,7752;-38,1982;SPRF-PB;DEL03-PB;UOP03-DEL03-PB
581492;12/02/2024;segunda-feira;07:20:00;BA;101;713;EUNAPOLIS;Acesso irregular;Colisão transversal;Com Vítimas Feridas;Amanhecer;Decrescente;Céu Claro;Simples;"Reta;Aclive";Sim;2;0;2;0;0;0;2;2;-16,5089598;-39,5770756;SPRF-BA;DEL09-BA;UOP01-DEL09-BA
581494;16/02/2024;sexta-feira;11:15:00;SC;153;97;CONCORDIA;Velocidade Incompatível;Queda de ocupante de veículo;Com Vítimas Feridas;Pleno dia;Crescente;Nevoeiro/Neblina;Simples;Rotatória;Sim;2;0;2;0;0;0;2;1;-27,22502055;-51,95031166;SPRF-SC;DEL07-SC;UOP04-DEL07-SC
581496;16/02/2024;sexta-feira;11:40:00;SC;282;577,8;PINHALZINHO;Reação tardia ou ineficiente do condutor;Tombamento;Com Vítimas Feridas;Pleno dia;Crescente;Chuva;Simples;Reta;Sim;1;0;1;0;0;0;1;1;-26,85496023;-52,98018873;SPRF-SC;DEL07-SC;UOP02-DEL07-SC
581499;16/02/2024;sexta-feira;13:20:00;PI;343;302,6;ALTOS;Acessar a via sem observar a presença dos outros veículos;Colisão transversal;Com Vítimas Feridas;Pleno dia;Decrescente;Céu Claro;Simples;Reta;Sim;2;0;0;2;0;0;2;2;-5,017174;-42,423988;SPRF-PI;DEL01-PI;UOP03-DEL01-PI
581501;16/02/2024;sexta-feira;12:15:00;MA;10;254;IMPERATRIZ;Ausência de reação do condutor;Colisão traseira;Com Vítimas Feridas;Pleno dia;Decrescente;Céu Claro;Múltipla;Reta;Sim;2;0;1;0;1;0;1;2;-5,517879;-47,471581;SPRF-MA;DEL04-MA;UOP01-DEL04-MA