id;data_inversa;dia_semana;horario;uf;br;km;municipio;causa_acidente;tipo_acidente;classificacao_acidente;fase_dia;sentido_via;condicao_metereologica;tipo_pista;tracado_via;uso_solo;pessoas;mortos;feridos_leves;feridos_graves;ilesos;ignorados;feridos;veiculos;latitude;longitude;regional;delegacia;uop
582308;20/02/2024;terça-feira;17:50:00;AC;364;99;SENADOR GUIOMARD;Ausência de reação do condutor;Saída de leito carroçável;Com Vítimas Feridas;Anoitecer;Decrescente;Céu Claro;Simples;Rotatória;Não;1;0;1;0;0;0;1;1;-10,06854519;-67,58357633;SPRF-AC;DEL01-AC;UOP03-DEL01-AC
582309;20/02/2024;terça-feira;21:09:00;MG;381;487;BETIM;Mal súbito do condutor;Queda de ocupante de veículo;Com Vítimas Feridas;Plena Noite;Crescente;Garoa/Chuvisco;Dupla;"Declive;Reta";Não;1;0;1;0;0;0;1;1;-19,9556008;-44,11319733;SPRF-MG;DEL01-MG;UOP03-DEL01-MG
582312;20/02/2024;terça-feira;20:35:00;PE;424;91,6;GARANHUNS;Ausência de reação do condutor;Saída de leito carroçável;Com Vítimas Feridas;Pleno dia;Decrescente;Céu Claro;Simples;Reta;Sim;1;0;1;0;0;0;1;1;-8,90409633;-36,49974647;SPRF-PE;DEL03-PE;UOP01-DEL03-PE
582313;20/02/2024;terça-feira;21:30:00;RN;101;77,7;NATAL;Objeto estático sobre o leito carroçável;Colisão transversal;Com Vítimas Feridas;Plena Noite;Decrescente;Garoa/Chuvisco;Simples;Reta;Sim;2;0;2;0;0;0;2;2;-5,73180495;-35,29112135;SPRF-RN;DEL02-RN;UOP01-DEL02-RN
582316;20/02/2024;terça-feira;19:30:00;RS;386;41;SEBERI;Manobra de mudança de faixa;Colisão transversal;Sem Vítimas;Plena Noite;Crescente;Céu Claro;Simples;Reta;Sim;3;0;0;0;3;0;0;2;-27,412638;-53,416378;SPRF-RS;DEL08-RS;UOP02-DEL08-RS
582317;20/02/2024;terça-feira;21:30:00;BA;116;12,1;VITORIA DA CONQUISTA;Acessar a via sem observar a presença dos outros veículos;Colisão frontal;Com Vítimas Fatais;Plena Noite;Decrescente;Chuva;Simples;Reta;Sim;2;1;0;0;0;1;0;2;-14,87766536;-40,8711791;SPRF-BA;DEL08-BA;UOP01-DEL08-BA
582318;20/02/2024;terça-feira;22:15:00;ES;447;13,9;VILA VELHA;Acumulo de água sobre o pavimento;Colisão traseira;Com Vítimas Feridas;Plena Noite;Crescente;Chuva;Dupla;Reta;Sim;2;0;1;0;0;1;1;2;-20,36563213;-40,32798019;SPRF-ES;DEL01-ES;UOP01-DEL01-ES
582320;20/02/2024;terça-feira;22:40:00;MG;381;939;EXTREMA;Ingestão de álcool pelo condutor;Tombamento;Com Vítimas Feridas;Plena Noite;Decrescente;Nublado;Dupla;Curva;Sim;1;0;1;0;0;0;1;1;-22,821677;-46,300583;SPRF-MG;DEL16-MG;UOP03-DEL16-MG
582323;20/02/2024;terça-feira;15:40:00;CE;0;0;FORTALEZA;Frear bruscamente;Colisão traseira;Com Vítimas Feridas;Pleno dia;Não Informado;Céu Claro;Simples;Reta;Não;3;0;2;0;1;0;2;2;-3,854565;-38,509238;SPRF-CE;DEL01-CE;UOP02-DEL01-CE
582325;20/02/2024;terça-feira;19:50:00;MT;174;35;VILA BELA DA SANTISSIMA TRINDADE;Velocidade Incompatível;Saída de leito carroçável;Com Vítimas Fatais;Plena Noite;Decrescente;Céu Claro;Simples;Reta;Não;1;1;0;0;0;0;0;1;-15,13798067;-59,61671948;SPRF-MT;DEL03-MT;UOP01-DEL03-MT
582327;20/02/2024;terça-feira;21:35:00;PR;476;325;PAULO FRONTIN;Reação tardia ou ineficiente do condutor;Colisão com objeto;Com Vítimas Feridas;Plena Noite;Decrescente;Nublado;Simples;Curva;Não;1;0;1;0;0;0;1;1;-26,0944936;-50,77466726;SPRF-PR;DEL02-PR;UOP03-DEL02-PR
582328;21/02/2024;quarta-feira;01:00:00;SC;116;245,6;LAGES;Ingestão de álcool pelo condutor;Colisão com objeto;Sem Vítimas;Plena Noite;Crescente;Nublado;Simples;"Interseção de Vias;Rotatória";Não;1;0;0;0;0;1;0;1;-27,79544281;-50,36187437;SPRF-SC;DEL05-SC;UOP02-DEL05-SC
582332;21/02/2024;quarta-feira;05:00:00;RJ;40;118;DUQUE DE CAXIAS;Ausência de reação do condutor;Colisão frontal;Com Vítimas Feridas;Amanhecer;Crescente;Céu Claro;Simples;"Viaduto;Retorno Regulamentado";Sim;4;0;3;0;0;1;3;3;-22,75470802;-43,28737838;SPRF-RJ;DEL01-RJ;UOP02-DEL01-RJ
582333;21/02/2024;quarta-feira;06:10:00;GO;40;6,8;VALPARAISO DE GOIAS;Condutor deixou de manter distância do veículo da frente;Colisão traseira;Com Vítimas Feridas;Pleno dia;Decrescente;Céu Claro;Dupla;Reta;Sim;3;0;1;0;2;0;1;2;-16,100814;-47,977351;SPRF-DF;DEL01-DF;UOP01-DEL01-DF
582335;21/02/2024;quarta-feira;06:30:00;SC;101;214,2;PALHOCA;Reação tardia ou ineficiente do condutor;Tombamento;Com Vítimas Feridas;Pleno dia;Decrescente;Céu Claro;Dupla;Reta;Sim;1;0;0;1;0;0;1;1;-27,64443;-48,67057;SPRF-SC;DEL01-SC;UOP02-DEL01-SC
582336;21/02/2024;quarta-feira;06:00:00;SP;101;22;UBATUBA;Ausência de reação do condutor;Saída de leito carroçável;Sem Vítimas;Pleno dia;Decrescente;Céu Claro;Simples;Curva;Não;1;0;0;0;0;1;0;1;-23,3353068;-44,93187711;SPRF-SP;DEL06-SP;UOP01-DEL06-SP
582337;21/02/2024;quarta-feira;04:30:00;MS;60;134,2;PARAISO DAS AGUAS;Ausência de reação do condutor;Saída de leito carroçável;Com Vítimas Feridas;Plena Noite;Crescente;Nublado;Simples;Curva;Não;5;0;3;2;0;0;5;1;-19,353131;-53,525375;SPRF-MS;DEL06-MS;UOP02-DEL06-MS
582338;21/02/2024;quarta-feira;06:50:00;SP;116;220;GUARULHOS;Manobra de mudança de faixa;Colisão lateral mesmo sentido;Com Vítimas Feridas;Pleno dia;Decrescente;Nublado;Múltipla;"Reta;Em Obras";Sim;2;0;1;0;0;1;1;2;-23,46472809;-46,49793962;SPRF-SP;DEL01-SP;UOP01-DEL01-SP
582340;21/02/2024;quarta-feira;06:25:00;RS;101;82,6;OSORIO;Ingestão de álcool pelo condutor;Colisão com objeto;Com Vítimas Feridas;Pleno dia;Crescente;Céu Claro;Dupla;Reta;Não;1;0;1;0;0;0;1;1;-29,851554;-50,246399;SPRF-RS;DEL03-RS;UOP01-DEL03-RS
582341;21/02/2024;quarta-feira;07:20:00;TO;153;772;ALVORADA;Chuva;Saída de leito carroçável;Com Vítimas Feridas;Pleno dia;Crescente;Chuva;Simples;Curva;Não;5;0;1;0;4;0;1;1;-12,57003684;-49,07919681;SPRF-TO;DEL01-TO;UOP02-DEL01-TO
582344;21/02/2024;quarta-feira;07:34:00;RJ;116;185;NOVA IGUACU;Ausência de reação do condutor;Queda de ocupante de veículo;Com Vítimas Feridas;Pleno dia;Decrescente;Céu Claro;Dupla;Reta;Sim;1;0;1;0;0;0;1;1;-22,74151051;-43,45351823;SPRF-RJ;DEL06-RJ;UOP01-DEL06-RJ
582345;21/02/2024;quarta-feira;04:20:00;MT;163;598;NOVA MUTUM;Reação tardia ou ineficiente do condutor;Saída de leito carroçável;Sem Vítimas;Amanhecer;Crescente;Ignorado;Dupla;Curva;Sim;1;0;0;0;0;1;0;1;-13,92549497;-56,09416031;SPRF-MT;DEL01-MT;UOP01-DEL01-MT
582346;21/02/2024;quarta-feira;07:55:00;ES;101;267,2;SERRA;Manobra de mudança de faixa;Colisão lateral mesmo sentido;Com Vítimas Feridas;Pleno dia;Crescente;Nublado;Múltipla;Reta;Sim;2;0;0;1;1;0;1;2;-20,19930999;-40,26884609;SPRF-ES;DEL02-ES;UOP01-DEL02-ES
582347;21/02/2024;quarta-feira;07:55:00;RS;116;245;SAO LEOPOLDO;Demais falhas na via;Queda de ocupante de veículo;Com Vítimas Feridas;Pleno dia;Crescente;Sol;Simples;Reta;Não;2;0;1;0;1;0;1;2;-29,74980902;-51,15125361;SPRF-RS;DEL01-RS;UOP02-DEL01-RS
582349;21/02/2024;quarta-feira;07:31:00;GO;414;439;ANAPOLIS;Reação tardia ou ineficiente do condutor;Colisão traseira;Com Vítimas Feridas;Pleno dia;Decrescente;Chuva;Simples;Rotatória;Sim;3;0;0;1;1;1;1;3;-16,28128823;-48,94258908;SPRF-GO;DEL02-GO;UOP01-DEL02-GO
582350;20/02/2024;terça-feira;18:30:00;CE;222;290;FRECHEIRINHA;Ingestão de álcool pelo condutor;Colisão transversal;Com Vítimas Fatais;Plena Noite;Crescente;Chuva;Simples;Reta;Não;2;1;0;0;0;1;0;2;-3,68097505;-40,88424683;SPRF-CE;DEL04-CE;UOP02-DEL04-CE
582351;21/02/2024;quarta-feira;06:00:00;RO;364;709;PORTO VELHO;Manobra de mudança de faixa;Colisão transversal;Com Vítimas Feridas;Pleno dia;Decrescente;Chuva;Múltipla;Reta;Sim;2;0;1;1;0;0;2;2;-8,78897674;-63,85297358;SPRF-RO;DEL01-RO;UOP01-DEL01-RO
582352;21/02/2024;quarta-feira;08:00:00;RS;290;88;PORTO ALEGRE;Condutor deixou de manter distância do veículo da frente;Colisão lateral mesmo sentido;Com Vítimas Feridas;Pleno dia;Crescente;Céu Claro;Dupla;Reta;Não;3;0;1;0;2;0;1;3;-29,967531;-51,137264;SPRF-RS;DEL01-RS;UOP01-DEL01-RS
582353;21/02/2024;quarta-feira;08:15:00;SC;101;206,4;SAO JOSE;Acessar a via sem observar a presença dos outros veículos;Colisão transversal;Com Vítimas Feridas;Pleno dia;Crescente;Céu Claro;Dupla;Reta;Sim;2;0;1;0;1;0;1;2;-27,59193546;-48,61824557;SPRF-SC;DEL01-SC;UOP01-DEL01-SC
582354;21/02/2024;quarta-feira;08:00:00;PR;277;83;CURITIBA;Ausência de reação do condutor;Colisão lateral mesmo sentido;Com Vítimas Feridas;Pleno dia;Crescente;Céu Claro;Dupla;Reta;Não;2;0;1;0;1;0;1;2;-25,568939;-49,181978;SPRF-PR;DEL01-PR;UOP07-DEL01-PR
582355;21/02/2024;quarta-feira;06:30:00;RO;364;9;VILHENA;Acessar a via sem observar a presença dos outros veículos;Colisão transversal;Com Vítimas Feridas;Amanhecer;Crescente;Céu Claro;Simples;Interseção de Vias;Sim;2;0;1;0;1;0;1;2;-12,75881009;-60,1001711;SPRF-RO;DEL04-RO;UOP01-DEL04-RO
582356;21/02/2024;quarta-feira;07:55:00;PE;101;67,5;RECIFE;Reação tardia ou ineficiente do condutor;Colisão traseira;Com Vítimas Feridas;Pleno dia;Decrescente;Céu Claro;Dupla;Reta;Sim;2;0;1;0;1;0;1;2;-8,042334;-34,943096;SPRF-PE;DEL01-PE;UOP01-DEL01-PE
582359;21/02/2024;quarta-feira;07:15:00;MG;116;501,4;INHAPIM;Acumulo de óleo sobre o pavimento;Colisão frontal;Com Vítimas Feridas;Pleno dia;Crescente;Chuva;Simples;Reta;Não;2;0;1;1;0;0;2;2;-19,58095467;-42,11473033;SPRF-MG;DEL06-MG;UOP02-DEL06-MG
582360;21/02/2024;quarta-feira;09:00:00;RJ;116;177;SAO JOAO DE MERITI;Avarias e/ou desgaste excessivo no pneu;Queda de ocupante de veículo;Com Vítimas Feridas;Pleno dia;Decrescente;Céu Claro;Dupla;Reta;Sim;2;0;1;0;0;1;1;1;-22,78055198;-43,39208599;SPRF-RJ;DEL06-RJ;UOP01-DEL06-RJ
582361;21/02/2024;quarta-feira;08:11:00;RN;101;109;PARNAMIRIM;Acessar a via sem observar a presença dos outros veículos;Colisão transversal;Com Vítimas Feridas;Pleno dia;Decrescente;Nublado;Múltipla;Retorno Regulamentado;Sim;4;0;1;0;1;2;1;3;-5,937378;-35,26483;SPRF-RN;DEL01-RN;UOP01-DEL01-RN
582362;21/02/2024;quarta-feira;08:46:00;GO;40;12,3;LUZIANIA;Acessar a via sem observar a presença dos outros veículos;Colisão transversal;Com Vítimas Feridas;Pleno dia;Decrescente;Garoa/Chuvisco;Dupla;Reta;Sim;2;0;1;0;1;0;1;2;-16,150057;-47,940343;SPRF-DF;DEL01-DF;UOP01-DEL01-DF
582365;21/02/2024;quarta-feira;09:40:00;ES;101;265,8;SERRA;Reação tardia ou ineficiente do condutor;Tombamento;Com Vítimas Feridas;Pleno dia;Decrescente;Garoa/Chuvisco;Múltipla;"Reta;Interseção de Vias";Sim;1;0;1;0;0;0;1;1;-20,1898495;-40,2682165;SPRF-ES;DEL02-ES;UOP01-DEL02-ES
582368;16/02/2024;sexta-feira;22:00:00;SC;101;216,8;PALHOCA;Reação tardia ou ineficiente do condutor;Colisão traseira;Com Vítimas Feridas;Plena Noite;Decrescente;Nublado;Dupla;Reta;Sim;2;0;1;0;1;0;1;2;-27,65981409;-48,67747798;SPRF-SC;DEL01-SC;UOP02-DEL01-SC
582369;21/02/2024;quarta-feira;07:00:00;RJ;393;298;BARRA MANSA;Retorno proibido;Colisão traseira;Com Vítimas Feridas;Pleno dia;Decrescente;Céu Claro;Simples;Curva;Sim;2;0;2;0;0;0;2;2;-22,54313289;-44,11298586;SPRF-RJ;DEL07-RJ;UOP02-DEL07-RJ
582370;21/02/2024;quarta-feira;08:30:00;PR;469;13,4;FOZ DO IGUACU;Acessar a via sem observar a presença dos outros veículos;Colisão transversal;Com Vítimas Feridas;Pleno dia;Crescente;Céu Claro;Simples;Reta;Sim;2;0;1;0;1;0;1;2;-25,5754;-54,5489;SPRF-PR;DEL05-PR;UOP04-DEL05-PR
582371;21/02/2024;quarta-feira;10:05:00;MG;381;789,1;SAO GONCALO DO SAPUCAI;Velocidade Incompatível;Saída de leito carroçável;Com Vítimas Feridas;Pleno dia;Crescente;Nublado;Dupla;"Reta;Declive";Não;2;0;2;0;0;0;2;1;-21,87154031;-45,53908646;SPRF-MG;DEL16-MG;UOP02-DEL16-MG
582372;09/02/2024;sexta-feira;11:10:00;SC;470;43;GASPAR;Retorno proibido;Colisão transversal;Com Vítimas Feridas;Pleno dia;Crescente;Céu Claro;Dupla;Reta;Não;2;0;0;2;0;0;2;2;-26,874519;-49,013454;SPRF-SC;DEL04-SC;UOP01-DEL04-SC
582374;21/02/2024;quarta-feira;09:30:00;MG;381;531;ITATIAIUCU;Pista Escorregadia;Saída de leito carroçável;Com Vítimas Feridas;Pleno dia;Crescente;Chuva;Dupla;Curva;Não;1;0;1;0;0;0;1;1;-20,16262328;-44,35813665;SPRF-MG;DEL04-MG;UOP03-DEL04-MG
582377;21/02/2024;quarta-feira;09:40:00;PA;316;49;SANTA IZABEL DO PARA;Avarias e/ou desgaste excessivo no pneu;Queda de ocupante de veículo;Com Vítimas Feridas;Pleno dia;Decrescente;Céu Claro;Simples;Reta;Não;1;0;0;1;0;0;1;1;-1,29792183;-48,04943584;SPRF-PA;DEL01-PA;UOP01-DEL01-PA
582379;21/02/2024;quarta-feira;08:40:00;PA;316;65;CASTANHAL;Retorno proibido;Colisão transversal;Com Vítimas Feridas;Pleno dia;Decrescente;Céu Claro;Dupla;Reta;Sim;2;0;1;0;1;0;1;2;-1,29580361;-47,91084002;SPRF-PA;DEL01-PA;UOP01-DEL01-PA
582383;21/02/2024;quarta-feira;09:30:00;PB;361;103;PIANCO;Animais na Pista;Atropelamento de Animal;Sem Vítimas;Pleno dia;Crescente;Nublado;Simples;Reta;Não;1;0;0;0;1;0;0;1;-7,26918302;-38,06443198;SPRF-PB;DEL03-PB;UOP01-DEL03-PB
582384;21/02/2024;quarta-feira;10:50:00;SC;101;416;ARARANGUA;Reação tardia ou ineficiente do condutor;Colisão traseira;Com Vítimas Feridas;Pleno dia;Crescente;Céu Claro;Múltipla;"Em Obras;Reta";Sim;5;0;2;0;3;0;2;3;-28,97231679;-49,52878654;SPRF-SC;DEL02-SC;UOP02-DEL02-SC
582386;21/02/2024;quarta-feira;11:36:00;GO;40;13;LUZIANIA;Acessar a via sem observar a presença dos outros veículos;Colisão transversal;Com Vítimas Feridas;Pleno dia;Crescente;Nublado;Dupla;Reta;Sim;2;0;1;0;0;1;1;2;-16,151832;-47,939162;SPRF-DF;DEL01-DF;UOP01-DEL01-DF
582388;21/02/2024;quarta-feira;11:50:00;SC;101;113,9;ITAJAI;Condutor deixou de manter distância do veículo da frente;Colisão traseira;Com Vítimas Feridas;Pleno dia;Decrescente;Nublado;Múltipla;Reta;Sim;2;0;0;1;1;0;1;2;-26,85311393;-48,72689927;SPRF-SC;DEL04-SC;UOP04-DEL04-SC
582391;21/02/2024;quarta-feira;11:00:00;BA;101;875;TEIXEIRA DE FREITAS;Ausência de reação do condutor;Colisão lateral mesmo sentido;Sem Vítimas;Pleno dia;Crescente;Céu Claro;Simples;Interseção de Vias;Não;2;0;0;0;2;0;0;2;-17,52464652;-39,70785141;SPRF-BA;DEL09-BA;UOP02-DEL09-BA
582392;21/02/2024;quarta-feira;11:25:00;SE;101;37,5;CAPELA;Pista Escorregadia;Saída de leito carroçável;Sem Vítimas;Pleno dia;Crescente;Garoa/Chuvisco;Dupla;Reta;Não;2;0;0;0;2;0;0;1;-10,50122699;-36,94528014;SPRF-SE;DEL02-SE;UOP02-DEL02-SE
582394;21/02/2024;quarta-feira;11:21:00;PE;232;43;VITORIA DE SANTO ANTAO;Ausência de reação do condutor;Colisão com objeto;Sem Vítimas;Pleno dia;Crescente;Garoa/Chuvisco;Dupla;"Reta;Ponte";Não;1;0;0;0;1;0;0;1;-8,11603;-35,26763;SPRF-PE;DEL01-PE;UOP01-DEL01-PE
582395;21/02/2024;quarta-feira;12:40:00;RS;101;73,6;OSORIO;Reação tardia ou ineficiente do condutor;Colisão traseira;Com Vítimas Feridas;Pleno dia;Crescente;Céu Claro;Dupla;Reta;Sim;3;0;1;0;2;0;1;2;-29,77364194;-50,21889907;SPRF-RS;DEL03-RS;UOP01-DEL03-RS
582396;21/02/2024;quarta-feira;12:00:00;PR;376;249,5;APUCARANA;Acumulo de areia ou detritos sobre o pavimento;Saída de leito carroçável;Sem Vítimas;Pleno dia;Decrescente;Céu Claro;Dupla;Curva;Não;1;0;0;0;1;0;0;1;-23,62524965;-51,37962593;SPRF-PR;DEL07-PR;UOP03-DEL07-PR
582398;21/02/2024;quarta-feira;10:15:00;BA;110;315;ALAGOINHAS;Avarias e/ou desgaste excessivo no pneu;Saída de leito carroçável;Com Vítimas Feridas;Pleno dia;Decrescente;Chuva;Simples;Reta;Não;2;0;1;0;0;1;1;2;-11,995621;-38,369099;SPRF-BA;DEL01-BA;UOP04-DEL01-BA
582399;21/02/2024;quarta-feira;07:35:00;PR;369;201,9;APUCARANA;Reação tardia ou ineficiente do condutor;Colisão transversal;Com Vítimas Feridas;Pleno dia;Decrescente;Céu Claro;Simples;Declive;Sim;2;0;1;0;0;1;1;2;-23,542436;-51,455721;SPRF-PR;DEL07-PR;UOP03-DEL07-PR
582400;21/02/2024;quarta-feira;11:37:00;MT;364;270,3;JACIARA;Ausência de reação do condutor;Queda de ocupante de veículo;Com Vítimas Feridas;Pleno dia;Crescente;Nublado;Dupla;"Declive;Reta";Sim;2;0;0;1;1;0;1;1;-15,9689785;-54,94463002;SPRF-MT;DEL05-MT;UOP02-DEL05-MT
582401;21/02/2024;quarta-feira;12:00:00;SC;163;69;SAO MIGUEL DO OESTE;Afundamento ou ondulação no pavimento;Tombamento;Com Vítimas Feridas;Pleno dia;Decrescente;Nublado;Dupla;"Em Obras;Curva";Sim;1;0;1;0;0;0;1;1;-26,74132699;-53,50120591;SPRF-SC;DEL07-SC;UOP03-DEL07-SC
582402;21/02/2024;quarta-feira;13:15:00;SC;101;201,1;SAO JOSE;Reação tardia ou ineficiente do condutor;Tombamento;Com Vítimas Feridas;Pleno dia;Crescente;Céu Claro;Múltipla;Reta;Sim;1;0;1;0;0;0;1;1;-27,54836599;-48,61977975;SPRF-SC;DEL01-SC;UOP01-DEL01-SC
582404;21/02/2024;quarta-feira;13:00:00;PB;230;16;JOAO PESSOA;Condutor deixou de manter distância do veículo da frente;Colisão traseira;Com Vítimas Feridas;Pleno dia;Decrescente;Céu Claro;Dupla;Reta;Sim;4;0;1;0;3;0;1;4;-7,1039;-34,8458;SPRF-PB;DEL01-PB;UOP01-DEL01-PB
582405;21/02/2024;quarta-feira;13:25:00;SC;101;147,2;ITAPEMA;Reação tardia ou ineficiente do condutor;Tombamento;Com Vítimas Feridas;Pleno dia;Crescente;Nublado;Múltipla;"Declive;Reta";Sim;1;0;1;0;0;0;1;1;-27,09237407;-48,61730888;SPRF-SC;DEL04-SC;UOP03-DEL04-SC
582409;21/02/2024;quarta-feira;07:25:00;MA;135;23;SAO LUIS;Acessar a via sem observar a presença dos outros veículos;Colisão transversal;Com Vítimas Feridas;Pleno dia;Decrescente;Nublado;Dupla;Reta;Sim;2;0;1;0;1;0;1;2;-2,551143;-44,307028;SPRF-MA;DEL01-MA;UOP01-DEL01-MA
582411;21/02/2024;quarta-feira;07:20:00;RJ;116;288;BARRA MANSA;Condutor deixou de manter distância do veículo da frente;Colisão traseira;Sem Vítimas;Pleno dia;Crescente;Céu Claro;Dupla;"Declive;Reta";Não;3;0;0;0;3;0;0;2;-22,48686584;-44,25027602;SPRF-RJ;DEL07-RJ;UOP02-DEL07-RJ
582412;21/02/2024;quarta-feira;14:10:00;MG;459;80;CONGONHAL;Velocidade Incompatível;Colisão traseira;Com Vítimas Feridas;Pleno dia;Decrescente;Nublado;Simples;"Aclive;Reta";Não;2;0;0;1;1;0;1;2;-22,157689;-46,095696;SPRF-MG;DEL09-MG;UOP01-DEL09-MG
582413;21/02/2024;quarta-feira;12:58:00;BA;235;350;JUAZEIRO;Conversão proibida;Colisão traseira;Com Vítimas Feridas;Pleno dia;Crescente;Céu Claro;Simples;Reta;Sim;3;0;1;0;2;0;1;2;-9,42503135;-40,50388907;SPRF-PE;DEL06-PE;UOP01-DEL06-PE
582415;21/02/2024;quarta-feira;13:40:00;PB;230;16;JOAO PESSOA;Reação tardia ou ineficiente do condutor;Colisão traseira;Com Vítimas Feridas;Pleno dia;Crescente;Céu Claro;Dupla;Reta;Sim;4;0;3;0;1;0;3;2;-7,10695074;-34,84390855;SPRF-PB;DEL01-PB;UOP01-DEL01-PB
582416;21/02/2024;quarta-feira;13:30:00;MG;40;263;SAO GONCALO DO ABAETE;Acumulo de água sobre o pavimento;Saída de leito carroçável;Com Vítimas Feridas;Pleno dia;Crescente;Chuva;Simples;Curva;Não;1;0;1;0;0;0;1;1;-18,1422631;-45,32605706;SPRF-MG;DEL14-MG;UOP02-DEL14-MG
582417;10/02/2024;sábado;06:30:00;PR;369;147;LONDRINA;Reação tardia ou ineficiente do condutor;Colisão lateral mesmo sentido;Com Vítimas Feridas;Pleno dia;Crescente;Céu Claro;Dupla;Reta;Sim;2;0;0;1;1;0;1;2;-23,29310839;-51,13415301;SPRF-PR;DEL07-PR;UOP01-DEL07-PR
582421;21/02/2024;quarta-feira;13:20:00;PR;153;322;IRATI;Conversão proibida;Colisão transversal;Com Vítimas Feridas;Pleno dia;Crescente;Nublado;Simples;"Interseção de Vias;Curva";Sim;3;0;1;0;2;0;1;2;-25,472655;-50,637766;SPRF-PR;DEL08-PR;UOP02-DEL08-PR
582423;21/02/2024;quarta-feira;14:50:00;MG;146;448,4;CABO VERDE;Velocidade Incompatível;Saída de leito carroçável;Com Vítimas Feridas;Pleno dia;Crescente;Chuva;Simples;Curva;Não;2;0;2;0;0;0;2;1;-21,524578;-46,404525;SPRF-MG;DEL09-MG;UOP01-DEL09-MG
582426;27/01/2024;sábado;15:40:00;SE;235;6,2;NOSSA SENHORA DO SOCORRO;Ausência de reação do condutor;Tombamento;Com Vítimas Feridas;Pleno dia;Decrescente;Céu Claro;Dupla;Reta;Sim;2;0;1;1;0;0;2;1;-10,903851;-37,128677;SPRF-SE;DEL01-SE;UOP01-DEL01-SE
582427;24/01/2024;quarta-feira;10:30:00;PI;343;306;ALTOS;Ausência de reação do condutor;Colisão lateral mesmo sentido;Com Vítimas Feridas;Pleno dia;Crescente;Céu Claro;Simples;Reta;Sim;2;0;1;1;0;0;2;2;-5,038756;-42,450893;SPRF-PI;DEL01-PI;UOP01-DEL01-PI
582428;21/02/2024;quarta-feira;14:25:00;MS;262;390,6;TERENOS;Ausência de reação do condutor;Saída de leito carroçável;Com Vítimas Fatais;Pleno dia;Decrescente;Céu Claro;Simples;Curva;Não;2;1;0;1;0;0;1;1;-20,42990839;-54,93335724;SPRF-MS;DEL01-MS;UOP03-DEL01-MS
582429;21/02/2024;quarta-feira;16:10:00;SC;101;208;SAO JOSE;Reação tardia ou ineficiente do condutor;Colisão traseira;Com Vítimas Feridas;Pleno dia;Crescente;Céu Claro;Múltipla;Reta;Sim;2;0;1;0;1;0;1;2;-27,60327979;-48,63201818;SPRF-SC;DEL01-SC;UOP01-DEL01-SC
582431;21/02/2024;quarta-feira;12:00:00;MG;365;309,2;JOAO PINHEIRO;Velocidade Incompatível;Saída de leito carroçável;Com Vítimas Feridas;Pleno dia;Crescente;Chuva;Simples;Curva;Não;9;0;9;0;0;0;9;1;-18,19154292;-45,82802507;SPRF-MG;DEL10-MG;UOP01-DEL10-MG
582432;21/02/2024;quarta-feira;16:10:00;SC;101;134,2;BALNEARIO CAMBORIU;Acessar a via sem observar a presença dos outros veículos;Colisão transversal;Com Vítimas Feridas;Pleno dia;Crescente;Nublado;Múltipla;"Reta;Interseção de Vias";Sim;2;0;1;0;1;0;1;2;-27,00218;-48,636433;SPRF-SC;DEL04-SC;UOP03-DEL04-SC
582433;21/02/2024;quarta-feira;09:50:00;RS;448;9;CANOAS;Acumulo de areia ou detritos sobre o pavimento;Tombamento;Com Vítimas Feridas;Pleno dia;Crescente;Sol;Simples;Curva;Não;1;0;1;0;0;0;1;1;-29,896093;-51,244072;SPRF-RS;DEL01-RS;UOP02-DEL01-RS
582434;21/02/2024;quarta-feira;14:40:00;RJ;116;269,3;BARRA MANSA;Acumulo de água sobre o pavimento;Saída de leito carroçável;Com Vítimas Feridas;Pleno dia;Crescente;Chuva;Dupla;Curva;Não;3;0;2;0;1;0;2;1;-22,57510092;-44,11542461;SPRF-RJ;DEL07-RJ;UOP02-DEL07-RJ
582437;21/02/2024;quarta-feira;16:15:00;MG;381;360;JOAO MONLEVADE;Transitar na contramão;Colisão frontal;Com Vítimas Feridas;Pleno dia;Crescente;Chuva;Simples;Curva;Não;2;0;1;1;0;0;2;2;-19,85985912;-43,22566968;SPRF-MG;DEL03-MG;UOP01-DEL03-MG
582438;21/02/2024;quarta-feira;13:40:00;ES;262;149;IBATIBA;Ausência de reação do condutor;Atropelamento de Pedestre;Com Vítimas Feridas;Pleno dia;Crescente;Nublado;Simples;Reta;Não;2;0;0;1;0;1;1;2;-20,21798822;-41,43190573;SPRF-ES;DEL01-ES;UOP02-DEL01-ES
582444;21/02/2024;quarta-feira;16:55:00;SC;470;74;INDAIAL;Transitar no Acostamento;Colisão traseira;Com Vítimas Feridas;Pleno dia;Crescente;Céu Claro;Dupla;Reta;Não;2;0;1;0;1;0;1;2;-26,916288;-49,280807;SPRF-SC;DEL04-SC;UOP01-DEL04-SC
582445;21/02/2024;quarta-feira;16:50:00;SC;101;160,8;TIJUCAS;Ingestão de álcool pelo condutor;Colisão transversal;Com Vítimas Feridas;Pleno dia;Decrescente;Céu Claro;Simples;Reta;Sim;2;0;0;1;1;0;1;2;-27,20831288;-48,61987922;SPRF-SC;DEL04-SC;UOP03-DEL04-SC
582446;21/02/2024;quarta-feira;17:00:00;SC;101;195,5;BIGUACU;Reação tardia ou ineficiente do condutor;Colisão lateral mesmo sentido;Sem Vítimas;Pleno dia;Decrescente;Nublado;Dupla;Reta;Sim;2;0;0;0;2;0;0;2;-27,5047092;-48,65010819;SPRF-SC;DEL01-SC;UOP01-DEL01-SC