id;data_inversa;dia_semana;horario;uf;br;km;municipio;causa_acidente;tipo_acidente;classificacao_acidente;fase_dia;sentido_via;condicao_metereologica;tipo_pista;tracado_via;uso_solo;pessoas;mortos;feridos_leves;feridos_graves;ilesos;ignorados;feridos;veiculos;latitude;longitude;regional;delegacia;uop
582455;28/01/2024;domingo;16:55:00;PE;232;7,2;RECIFE;Reação tardia ou ineficiente do condutor;Tombamento;Com Vítimas Feridas;Pleno dia;Crescente;Céu Claro;Dupla;Reta;Não;1;0;0;1;0;0;1;1;-8,074195;-34,964863;SPRF-PE;DEL01-PE;UOP01-DEL01-PE
582456;21/02/2024;quarta-feira;17:30:00;RJ;101;311;SAO GONCALO;Condutor deixou de manter distância do veículo da frente;Colisão traseira;Com Vítimas Feridas;Anoitecer;Decrescente;Céu Claro;Múltipla;Reta;Não;2;0;1;0;1;0;1;2;-22,80062246;-43,05318779;SPRF-RJ;DEL02-RJ;UOP02-DEL02-RJ
582460;21/02/2024;quarta-feira;18:30:00;SP;116;225;GUARULHOS;Reação tardia ou ineficiente do condutor;Colisão traseira;Com Vítimas Feridas;Plena Noite;Decrescente;Céu Claro;Múltipla;Reta;Sim;2;0;1;0;1;0;1;2;-23,48586772;-46,54075317;SPRF-SP;DEL01-SP;UOP01-DEL01-SP
582462;21/02/2024;quarta-feira;16:10:00;RJ;356;147;CAMPOS DOS GOYTACAZES;Desrespeitar a preferência no cruzamento;Colisão transversal;Com Vítimas Feridas;Pleno dia;Decrescente;Céu Claro;Simples;"Reta;Interseção de Vias";Sim;2;0;1;0;1;0;1;2;-21,77663745;-41,28774762;SPRF-RJ;DEL08-RJ;UOP02-DEL08-RJ
582463;21/02/2024;quarta-feira;18:40:00;SP;116;159;JACAREI;Manobra de mudança de faixa;Colisão lateral mesmo sentido;Com Vítimas Feridas;Plena Noite;Decrescente;Chuva;Dupla;Reta;Sim;3;0;1;0;1;1;1;2;-23,26585409;-45,95983994;SPRF-SP;DEL02-SP;UOP01-DEL02-SP
582464;21/02/2024;quarta-feira;18:00:00;RJ;116;113;GUAPIMIRIM;Animais na Pista;Saída de leito carroçável;Com Vítimas Feridas;Plena Noite;Crescente;Céu Claro;Dupla;Reta;Não;2;0;1;0;1;0;1;1;-22,57214;-43,007291;SPRF-RJ;DEL04-RJ;UOP02-DEL04-RJ
582465;21/02/2024;quarta-feira;18:30:00;PR;476;115;COLOMBO;Mal súbito do condutor;Eventos atípicos;Sem Vítimas;Plena Noite;Crescente;Nublado;Simples;Reta;Sim;2;0;0;0;2;0;0;2;-25,344196;-49,159679;SPRF-PR;DEL01-PR;UOP01-DEL01-PR
582467;21/02/2024;quarta-feira;17:10:00;GO;414;407;ABADIANIA;Reação tardia ou ineficiente do condutor;Saída de leito carroçável;Sem Vítimas;Pleno dia;Crescente;Nublado;Simples;Reta;Não;1;0;0;0;0;1;0;1;-16,03064;-48,85042;SPRF-GO;DEL02-GO;UOP01-DEL02-GO
582469;21/02/2024;quarta-feira;19:30:00;SP;116;227;GUARULHOS;Demais falhas na via;Queda de ocupante de veículo;Com Vítimas Fatais;Plena Noite;Decrescente;Chuva;Múltipla;Reta;Sim;1;1;0;0;0;0;0;1;-23,49659264;-46,55648754;SPRF-SP;DEL01-SP;UOP01-DEL01-SP
582471;21/02/2024;quarta-feira;18:15:00;RJ;101;275;TANGUA;Manobra de mudança de faixa;Tombamento;Com Vítimas Feridas;Plena Noite;Decrescente;Garoa/Chuvisco;Dupla;Reta;Sim;2;0;1;0;0;1;1;2;-22,73653355;-42,72909106;SPRF-RJ;DEL02-RJ;UOP03-DEL02-RJ
582472;21/02/2024;quarta-feira;19:30:00;SC;282;19,5;PALHOCA;Acessar a via sem observar a presença dos outros veículos;Colisão transversal;Com Vítimas Feridas;Plena Noite;Decrescente;Nublado;Simples;Reta;Sim;2;0;1;0;1;0;1;2;-27,6823975;-48,70757461;SPRF-SC;DEL01-SC;UOP02-DEL01-SC
582474;21/02/2024;quarta-feira;19:30:00;RJ;493;1;ITABORAI;Reação tardia ou ineficiente do condutor;Colisão com objeto;Com Vítimas Feridas;Plena Noite;Decrescente;Céu Claro;Dupla;Reta;Sim;1;0;1;0;0;0;1;1;-22,76398788;-42,92731895;SPRF-RJ;DEL02-RJ;UOP02-DEL02-RJ
582476;21/02/2024;quarta-feira;19:45:00;RS;290;69,5;GRAVATAI;Objeto estático sobre o leito carroçável;Colisão com objeto;Com Vítimas Feridas;Plena Noite;Crescente;Céu Claro;Dupla;Reta;Sim;4;0;2;0;2;0;2;3;-29,947548;-50,95470082;SPRF-RS;DEL03-RS;UOP01-DEL03-RS
582477;21/02/2024;quarta-feira;20:00:00;SP;116;229,2;SAO PAULO;Reação tardia ou ineficiente do condutor;Queda de ocupante de veículo;Com Vítimas Feridas;Plena Noite;Decrescente;Chuva;Múltipla;Reta;Sim;1;0;1;0;0;0;1;1;-23,51291902;-46,57604698;SPRF-SP;DEL01-SP;UOP01-DEL01-SP
582478;21/02/2024;quarta-feira;16:00:00;PR;163;25;SANTO ANTONIO DO SUDOESTE;Conversão proibida;Colisão transversal;Sem Vítimas;Pleno dia;Crescente;Céu Claro;Simples;"Reta;Declive";Não;2;0;0;0;2;0;0;2;-26,17492292;-53,66749187;SPRF-PR;DEL02-PR;UOP02-DEL02-PR
582479;21/02/2024;quarta-feira;18:30:00;GO;153;500;GOIANIA;Manobra de mudança de faixa;Colisão transversal;Com Vítimas Feridas;Anoitecer;Crescente;Céu Claro;Dupla;"Reta;Declive";Sim;2;0;1;0;1;0;1;2;-16,7118;-49,2324;SPRF-GO;DEL01-GO;UOP01-DEL01-GO
582480;21/02/2024;quarta-feira;17:20:00;MT;163;773;SORRISO;Demais falhas mecânicas ou elétricas;Incêndio;Sem Vítimas;Anoitecer;Decrescente;Nublado;Simples;Reta;Não;4;0;0;0;4;0;0;1;-12,391808;-55,617725;SPRF-MT;DEL06-MT;UOP01-DEL06-MT
582484;21/02/2024;quarta-feira;19:45:00;SC;101;295;IMBITUBA;Reação tardia ou ineficiente do condutor;Colisão lateral mesmo sentido;Com Vítimas Feridas;Plena Noite;Crescente;Nublado;Múltipla;"Declive;Reta";Não;3;0;3;0;0;0;3;2;-28,32380675;-48,72985303;SPRF-SC;DEL02-SC;UOP03-DEL02-SC
582485;21/02/2024;quarta-feira;20:50:00;ES;101;268,7;SERRA;Manobra de mudança de faixa;Colisão lateral mesmo sentido;Com Vítimas Feridas;Plena Noite;Crescente;Garoa/Chuvisco;Múltipla;Reta;Sim;2;0;1;0;1;0;1;2;-20,20842;-40,269405;SPRF-ES;DEL02-ES;UOP01-DEL02-ES
582486;21/02/2024;quarta-feira;20:40:00;RN;110;1,9;AREIA BRANCA;Retorno proibido;Colisão transversal;Com Vítimas Feridas;Plena Noite;Decrescente;Nublado;Simples;Reta;Sim;2;0;1;0;1;0;1;2;-4,94222116;-37,11670339;SPRF-RN;DEL04-RN;UOP01-DEL04-RN
582488;21/02/2024;quarta-feira;20:50:00;SC;282;17,5;PALHOCA;Desrespeitar a preferência no cruzamento;Colisão transversal;Com Vítimas Feridas;Plena Noite;Decrescente;Céu Claro;Simples;Reta;Sim;2;0;1;0;0;1;1;2;-27,66743275;-48,68956089;SPRF-SC;DEL01-SC;UOP02-DEL01-SC
582490;21/02/2024;quarta-feira;21:00:00;RJ;40;87;PETROPOLIS;Demais falhas mecânicas ou elétricas;Incêndio;Sem Vítimas;Plena Noite;Decrescente;Chuva;Simples;"Curva;Aclive";Não;1;0;0;0;1;0;0;1;-22,54413793;-43,23287799;SPRF-RJ;DEL01-RJ;UOP01-DEL01-RJ
582495;21/02/2024;quarta-feira;21:20:00;SP;116;213;GUARULHOS;Ausência de reação do condutor;Colisão com objeto;Com Vítimas Feridas;Plena Noite;Decrescente;Chuva;Múltipla;Reta;Sim;1;0;1;0;0;0;1;1;-23,43971486;-46,43667806;SPRF-SP;DEL01-SP;UOP01-DEL01-SP
582496;21/02/2024;quarta-feira;21:30:00;PR;116;72;QUATRO BARRAS;Pedestre cruzava a pista fora da faixa;Atropelamento de Pedestre;Com Vítimas Fatais;Plena Noite;Decrescente;Nublado;Dupla;Reta;Não;2;1;0;0;1;0;0;2;-25,351671;-49,0425;SPRF-PR;DEL01-PR;UOP07-DEL01-PR
582497;21/02/2024;quarta-feira;21:15:00;PB;230;20,7;JOAO PESSOA;Ausência de reação do condutor;Tombamento;Com Vítimas Feridas;Plena Noite;Crescente;Nublado;Dupla;Reta;Sim;1;0;1;0;0;0;1;1;-7,1337;-34,8544;SPRF-PB;DEL01-PB;UOP01-DEL01-PB
582500;21/02/2024;quarta-feira;21:45:00;BA;116;754,9;POCOES;Pedestre andava na pista;Atropelamento de Pedestre;Com Vítimas Feridas;Plena Noite;Decrescente;Chuva;Simples;Reta;Sim;2;0;0;1;1;0;1;2;-14,508826;-40,361787;SPRF-BA;DEL08-BA;UOP02-DEL08-BA
582501;21/02/2024;quarta-feira;21:30:00;RJ;116;110;GUAPIMIRIM;Iluminação deficiente;Atropelamento de Pedestre;Com Vítimas Feridas;Plena Noite;Crescente;Garoa/Chuvisco;Simples;Reta;Sim;2;0;1;0;1;0;1;2;-22,55073275;-42,98968744;SPRF-RJ;DEL04-RJ;UOP02-DEL04-RJ
582502;21/02/2024;quarta-feira;23:25:00;RJ;40;57;PETROPOLIS;Ausência de reação do condutor;Colisão com objeto;Sem Vítimas;Plena Noite;Crescente;Céu Claro;Dupla;Reta;Não;1;0;0;0;0;1;0;1;-22,37836704;-43,13147664;SPRF-RJ;DEL05-RJ;UOP02-DEL05-RJ
582503;21/02/2024;quarta-feira;22:03:00;MS;163;730;COXIM;Ingestão de álcool pelo condutor;Saída de leito carroçável;Sem Vítimas;Plena Noite;Crescente;Céu Claro;Simples;"Reta;Interseção de Vias";Sim;3;0;0;0;3;0;0;1;-18,50978886;-54,73602351;SPRF-MS;DEL06-MS;UOP01-DEL06-MS
582504;21/02/2024;quarta-feira;23:30:00;SC;101;135,8;BALNEARIO CAMBORIU;Ingestão de álcool pelo condutor;Colisão traseira;Sem Vítimas;Plena Noite;Crescente;Nublado;Múltipla;Curva;Sim;2;0;0;0;2;0;0;2;-27,0050108;-48,62677494;SPRF-SC;DEL04-SC;UOP03-DEL04-SC
582505;21/02/2024;quarta-feira;22:00:00;PE;101;74;RECIFE;Ausência de reação do condutor;Colisão lateral mesmo sentido;Sem Vítimas;Plena Noite;Crescente;Céu Claro;Dupla;Reta;Sim;1;0;0;0;0;1;0;1;-8,109841;-34,946754;SPRF-PE;DEL01-PE;UOP01-DEL01-PE
582506;21/02/2024;quarta-feira;23:15:00;MG;40;596,5;OURO PRETO;Demais falhas mecânicas ou elétricas;Incêndio;Sem Vítimas;Plena Noite;Crescente;Nublado;Simples;"Declive;Reta";Não;2;0;0;0;2;0;0;1;-20,41181186;-43,89476664;SPRF-MG;DEL05-MG;UOP02-DEL05-MG
582508;21/02/2024;quarta-feira;23:50:00;PE;408;100;SAO LOURENCO DA MATA;Ausência de reação do condutor;Colisão traseira;Com Vítimas Feridas;Plena Noite;Crescente;Céu Claro;Simples;Reta;Sim;4;0;1;0;3;0;1;3;-8,045702;-35,010672;SPRF-PE;DEL01-PE;UOP01-DEL01-PE
582510;22/02/2024;quinta-feira;00:45:00;MG;40;513;RIBEIRAO DAS NEVES;Chuva;Saída de leito carroçável;Com Vítimas Feridas;Plena Noite;Crescente;Chuva;Dupla;Reta;Sim;1;0;1;0;0;0;1;1;-19,7970544;-44,1080512;SPRF-MG;DEL01-MG;UOP02-DEL01-MG
582513;22/02/2024;quinta-feira;03:15:00;PR;376;179;MARINGA;Ausência de reação do condutor;Atropelamento de Pedestre;Com Vítimas Feridas;Plena Noite;Crescente;Céu Claro;Múltipla;Reta;Sim;2;0;0;1;0;1;1;2;-23,41948275;-51,91235304;SPRF-PR;DEL09-PR;UOP01-DEL09-PR
582514;22/02/2024;quinta-feira;01:00:00;RS;472;618;BARRA DO QUARAI;Acumulo de areia ou detritos sobre o pavimento;Saída de leito carroçável;Com Vítimas Feridas;Plena Noite;Decrescente;Céu Claro;Simples;"Reta;Em Obras";Não;1;0;0;1;0;0;1;1;-30,02595912;-57,23684484;SPRF-RS;DEL13-RS;UOP01-DEL13-RS
582518;22/02/2024;quinta-feira;05:30:00;SP;116;276;TABOAO DA SERRA;Trafegar com motocicleta (ou similar) entre as faixas;Tombamento;Com Vítimas Feridas;Pleno dia;Decrescente;Céu Claro;Dupla;Reta;Não;2;0;2;0;0;0;2;1;-23,62809795;-46,81870306;SPRF-SP;DEL04-SP;UOP01-DEL04-SP
582519;22/02/2024;quinta-feira;06:00:00;SC;101;290;IMBITUBA;Reação tardia ou ineficiente do condutor;Tombamento;Com Vítimas Feridas;Pleno dia;Crescente;Céu Claro;Dupla;"Aclive;Reta";Não;2;0;2;0;0;0;2;1;-28,26202477;-48,70403355;SPRF-SC;DEL02-SC;UOP03-DEL02-SC
582520;22/02/2024;quinta-feira;06:20:00;AL;101;205;SAO SEBASTIAO;Animais na Pista;Colisão traseira;Com Vítimas Feridas;Pleno dia;Crescente;Céu Claro;Dupla;Curva;Não;3;0;1;0;2;0;1;3;-9,9814749;-36,56002124;SPRF-AL;DEL02-AL;UOP02-DEL02-AL
582521;24/01/2024;quarta-feira;19:43:00;RN;101;95;NATAL;Reação tardia ou ineficiente do condutor;Colisão traseira;Com Vítimas Feridas;Plena Noite;Crescente;Céu Claro;Dupla;Reta;Não;2;0;0;1;1;0;1;2;-5,84059316;-35,21077394;SPRF-RN;DEL01-RN;UOP01-DEL01-RN
582523;21/02/2024;quarta-feira;23:32:00;MG;116;416;GOVERNADOR VALADARES;Ingestão de álcool pelo condutor;Colisão frontal;Sem Vítimas;Plena Noite;Crescente;Chuva;Simples;Curva;Sim;2;0;0;0;2;0;0;2;-18,89215187;-41,94699543;SPRF-MG;DEL06-MG;UOP01-DEL06-MG
582524;22/02/2024;quinta-feira;07:20:00;PE;101;75;RECIFE;Ausência de reação do condutor;Colisão traseira;Com Vítimas Feridas;Pleno dia;Crescente;Céu Claro;Dupla;Reta;Não;2;0;0;1;1;0;1;2;-8,110643;-34,946296;SPRF-PE;DEL01-PE;UOP01-DEL01-PE
582525;22/02/2024;quinta-feira;07:15:00;RJ;116;296;BARRA MANSA;Pista Escorregadia;Colisão com objeto;Com Vítimas Feridas;Amanhecer;Crescente;Nublado;Dupla;Curva;Não;1;0;0;1;0;0;1;1;-22,44937197;-44,32171194;SPRF-RJ;DEL07-RJ;UOP02-DEL07-RJ
582526;22/02/2024;quinta-feira;07:20:00;GO;70;1;AGUAS LINDAS DE GOIAS;Reação tardia ou ineficiente do condutor;Colisão traseira;Com Vítimas Feridas;Pleno dia;Decrescente;Nublado;Dupla;Reta;Sim;2;0;1;0;1;0;1;2;-15,77579351;-48,23259001;SPRF-DF;DEL03-DF;UOP02-DEL03-DF
582530;22/02/2024;quinta-feira;06:40:00;SC;101;137;BALNEARIO CAMBORIU;Reação tardia ou ineficiente do condutor;Queda de ocupante de veículo;Com Vítimas Feridas;Pleno dia;Decrescente;Nublado;Dupla;Reta;Sim;1;0;0;1;0;0;1;1;-27,0157238;-48,61192763;SPRF-SC;DEL04-SC;UOP03-DEL04-SC
582531;22/02/2024;quinta-feira;07:40:00;RS;287;397,7;SANTIAGO;Ultrapassagem Indevida;Queda de ocupante de veículo;Com Vítimas Feridas;Pleno dia;Decrescente;Sol;Simples;Rotatória;Sim;1;0;1;0;0;0;1;1;-29,17669787;-54,85093832;SPRF-RS;DEL12-RS;UOP02-DEL12-RS
582532;22/02/2024;quinta-feira;07:50:00;RS;293;4,5;PELOTAS;Acessar a via sem observar a presença dos outros veículos;Colisão transversal;Com Vítimas Feridas;Amanhecer;Decrescente;Nublado;Simples;Interseção de Vias;Sim;3;0;1;0;2;0;1;3;-31,73357732;-52,37275615;SPRF-RS;DEL07-RS;UOP01-DEL07-RS
582534;22/02/2024;quinta-feira;07:00:00;MT;364;201;RONDONOPOLIS;Acessar a via sem observar a presença dos outros veículos;Colisão lateral mesmo sentido;Com Vítimas Feridas;Pleno dia;Decrescente;Céu Claro;Dupla;"Declive;Rotatória;Interseção de Vias";Sim;3;0;2;0;1;0;2;2;-16,491405;-54,646378;SPRF-MT;DEL02-MT;UOP01-DEL02-MT
582535;22/02/2024;quinta-feira;08:00:00;PE;232;85,4;GRAVATA;Avarias e/ou desgaste excessivo no pneu;Queda de ocupante de veículo;Com Vítimas Feridas;Pleno dia;Decrescente;Céu Claro;Dupla;Reta;Sim;2;0;1;1;0;0;2;1;-8,20951081;-35,61182408;SPRF-PE;DEL02-PE;UOP02-DEL02PE
582536;22/02/2024;quinta-feira;07:40:00;SP;116;142,9;SAO JOSE DOS CAMPOS;Condutor deixou de manter distância do veículo da frente;Colisão traseira;Com Vítimas Feridas;Pleno dia;Decrescente;Sol;Dupla;Reta;Sim;2;0;0;1;1;0;1;2;-23,17426078;-45,82940111;SPRF-SP;DEL02-SP;UOP01-DEL02-SP
582537;21/02/2024;quarta-feira;20:40:00;MG;251;493,8;FRANCISCO SA;Objeto estático sobre o leito carroçável;Colisão frontal;Com Vítimas Feridas;Plena Noite;Crescente;Chuva;Simples;Reta;Não;8;0;4;2;2;0;6;2;-16,5500591;-43,60261992;SPRF-MG;DEL12-MG;UOP01-DEL12-MG
582538;22/02/2024;quinta-feira;07:38:00;PR;277;587,6;CASCAVEL;Ultrapassagem Indevida;Colisão frontal;Com Vítimas Feridas;Pleno dia;Decrescente;Sol;Simples;Reta;Sim;3;0;1;1;0;1;2;3;-24,96941255;-53,42959722;SPRF-PR;DEL04-PR;UOP01-DEL04-PR
582539;22/02/2024;quinta-feira;08:40:00;PE;101;69;RECIFE;Manobra de mudança de faixa;Colisão lateral mesmo sentido;Com Vítimas Feridas;Pleno dia;Crescente;Céu Claro;Dupla;"Interseção de Vias;Reta";Não;3;0;2;0;0;1;2;2;-8,05951606;-34,94581024;SPRF-PE;DEL01-PE;UOP01-DEL01-PE
582540;21/02/2024;quarta-feira;22:00:00;SP;116;214;GUARULHOS;Demais falhas mecânicas ou elétricas;Incêndio;Com Vítimas Feridas;Plena Noite;Decrescente;Garoa/Chuvisco;Múltipla;Reta;Sim;1;0;1;0;0;0;1;1;-23,44333014;-46,44531294;SPRF-SP;DEL01-SP;UOP01-DEL01-SP
582544;02/02/2024;sexta-feira;19:00:00;MG;40;511;RIBEIRAO DAS NEVES;Trafegar com motocicleta (ou similar) entre as faixas;Colisão lateral mesmo sentido;Com Vítimas Feridas;Plena Noite;Decrescente;Céu Claro;Dupla;Reta;Não;3;0;1;0;2;0;1;3;-19,78164295;-44,11733194;SPRF-MG;DEL01-MG;UOP02-DEL01-MG
582545;22/02/2024;quinta-feira;08:00:00;SC;282;3;FLORIANOPOLIS;Manobra de mudança de faixa;Colisão lateral mesmo sentido;Com Vítimas Feridas;Pleno dia;Decrescente;Céu Claro;Múltipla;Curva;Sim;3;0;0;1;2;0;1;3;-27,600384;-48,599705;SPRF-SC;DEL01-SC;UOP01-DEL01-SC
582546;22/02/2024;quinta-feira;07:45:00;RO;364;713;PORTO VELHO;Carga excessiva e/ou mal acondicionada;Colisão lateral mesmo sentido;Com Vítimas Feridas;Pleno dia;Crescente;Céu Claro;Simples;Reta;Sim;3;0;2;0;1;0;2;2;-8,77331583;-63,87969248;SPRF-RO;DEL01-RO;UOP01-DEL01-RO
582549;05/01/2024;sexta-feira;22:00:00;RN;101;106;PARNAMIRIM;Retorno proibido;Colisão transversal;Com Vítimas Feridas;Plena Noite;Crescente;Céu Claro;Dupla;Reta;Sim;2;0;0;1;1;0;1;2;-5,91056401;-35,26130795;SPRF-RN;DEL01-RN;UOP01-DEL01-RN
582550;22/02/2024;quinta-feira;08:50:00;BA;116;673;JEQUIE;Desrespeitar a preferência no cruzamento;Colisão transversal;Com Vítimas Feridas;Pleno dia;Decrescente;Nublado;Simples;"Reta;Rotatória;Interseção de Vias";Não;2;0;1;0;1;0;1;2;-13,80845298;-40,11215229;SPRF-BA;DEL03-BA;UOP01-DEL03-BA
582551;10/01/2024;quarta-feira;17:45:00;GO;153;357,1;JARAGUA;Acessar a via sem observar a presença dos outros veículos;Colisão transversal;Com Vítimas Feridas;Pleno dia;Decrescente;Nublado;Simples;"Aclive;Reta";Sim;2;0;0;1;1;0;1;2;-15,74216345;-49,32033154;SPRF-GO;DEL02-GO;UOP02-DEL02-GO
582552;22/02/2024;quinta-feira;07:35:00;SP;381;29;ATIBAIA;Animais na Pista;Atropelamento de Animal;Com Vítimas Feridas;Pleno dia;Decrescente;Céu Claro;Múltipla;Reta;Sim;2;0;1;0;1;0;1;1;-23,04177622;-46,55896672;SPRF-SP;DEL03-SP;UOP02-DEL03-SP
582553;22/02/2024;quinta-feira;09:15:00;GO;153;501;GOIANIA;Reação tardia ou ineficiente do condutor;Colisão traseira;Com Vítimas Feridas;Pleno dia;Crescente;Sol;Dupla;Reta;Sim;3;0;1;0;2;0;1;2;-16,7189;-49,2382;SPRF-GO;DEL01-GO;UOP01-DEL01-GO
582556;22/02/2024;quinta-feira;05:00:00;MT;174;376;CONQUISTA DOESTE;Animais na Pista;Saída de leito carroçável;Com Vítimas Feridas;Amanhecer;Crescente;Céu Claro;Simples;Reta;Não;2;0;1;0;1;0;1;1;-14,57104493;-59,53299483;SPRF-MT;DEL04-MT;UOP01-DEL04-MT
582559;22/02/2024;quinta-feira;10:05:00;PB;230;74;SOBRADO;Acumulo de água sobre o pavimento;Saída de leito carroçável;Com Vítimas Feridas;Pleno dia;Crescente;Chuva;Dupla;Reta;Não;3;0;3;0;0;0;3;1;-7,1894;-35,2596;SPRF-PB;DEL01-PB;UOP03-DEL01-PB
582563;22/02/2024;quinta-feira;08:55:00;RS;285;269,3;MATO CASTELHANO;Mal súbito do condutor;Tombamento;Com Vítimas Feridas;Pleno dia;Decrescente;Sol;Simples;Reta;Não;1;0;1;0;0;0;1;1;-28,292225;-52,161327;SPRF-RS;DEL08-RS;UOP03-DEL08-RS
582564;22/02/2024;quinta-feira;09:50:00;RJ;101;407;ITAGUAI;Manobra de mudança de faixa;Colisão traseira;Com Vítimas Feridas;Pleno dia;Decrescente;Céu Claro;Múltipla;Reta;Sim;2;0;1;0;1;0;1;2;-22,87672058;-43,81631971;SPRF-RJ;DEL03-RJ;UOP01-DEL03-RJ
582565;22/02/2024;quinta-feira;08:00:00;RJ;101;267;RIO BONITO;Pista Escorregadia;Colisão com objeto;Com Vítimas Feridas;Pleno dia;Decrescente;Chuva;Dupla;Reta;Não;1;0;1;0;0;0;1;1;-22,70728329;-42,66059086;SPRF-RJ;DEL02-RJ;UOP03-DEL02-RJ
582570;14/02/2024;quarta-feira;07:50:00;RJ;116;185;NOVA IGUACU;Ausência de reação do condutor;Tombamento;Com Vítimas Feridas;Pleno dia;Crescente;Nublado;Múltipla;Reta;Sim;1;0;1;0;0;0;1;1;-22,74151051;-43,45351823;SPRF-RJ;DEL06-RJ;UOP01-DEL06-RJ
582571;22/02/2024;quinta-feira;11:40:00;SC;470;49,8;BLUMENAU;Ausência de reação do condutor;Tombamento;Com Vítimas Feridas;Pleno dia;Decrescente;Céu Claro;Simples;Reta;Não;1;0;1;0;0;0;1;1;-26,860662;-49,065159;SPRF-SC;DEL04-SC;UOP01-DEL04-SC
582573;22/02/2024;quinta-feira;11:50:00;MG;267;303,1;CAXAMBU;Velocidade Incompatível;Saída de leito carroçável;Com Vítimas Feridas;Pleno dia;Decrescente;Chuva;Simples;Curva;Não;4;0;2;1;0;1;3;2;-21,96181091;-44,91892623;SPRF-MG;DEL17-MG;UOP01-DEL17-MG
582574;22/02/2024;quinta-feira;11:40:00;PR;153;44,7;SANTO ANTONIO DA PLATINA;Acessar a via sem observar a presença dos outros veículos;Colisão transversal;Com Vítimas Feridas;Pleno dia;Crescente;Céu Claro;Simples;Reta;Não;3;0;1;0;2;0;1;2;-23,31948992;-50,06836564;SPRF-PR;DEL07-PR;UOP04-DEL07-PR
582575;22/02/2024;quinta-feira;08:00:00;RN;226;91,9;TANGARA;Animais na Pista;Atropelamento de Animal;Sem Vítimas;Pleno dia;Crescente;Céu Claro;Simples;Curva;Não;1;0;0;0;1;0;0;1;-6,24133196;-35,85238402;SPRF-RN;DEL03-RN;UOP02-DEL03-RN
582576;22/02/2024;quinta-feira;11:40:00;RN;304;274,5;IELMO MARINHO;Condutor Dormindo;Saída de leito carroçável;Com Vítimas Feridas;Pleno dia;Decrescente;Céu Claro;Simples;Reta;Não;11;0;9;0;2;0;9;1;-5,8842657;-35,51590794;SPRF-RN;DEL01-RN;UOP02-DEL01-RN
582581;22/02/2024;quinta-feira;12:00:00;RS;116;250;SAO LEOPOLDO;Manobra de mudança de faixa;Colisão transversal;Com Vítimas Feridas;Pleno dia;Crescente;Céu Claro;Dupla;Reta;Sim;3;0;0;1;2;0;1;2;-29,79148798;-51,16399615;SPRF-RS;DEL01-RS;UOP02-DEL01-RS
582583;22/02/2024;quinta-feira;09:30:00;RJ;40;52;PETROPOLIS;Reação tardia ou ineficiente do condutor;Colisão com objeto;Com Vítimas Feridas;Pleno dia;Decrescente;Chuva;Dupla;"Curva;Declive";Não;1;0;1;0;0;0;1;1;-22,33571319;-43,13320403;SPRF-RJ;DEL05-RJ;UOP02-DEL05-RJ
582588;29/01/2024;segunda-feira;06:50:00;PE;101;84;CABO DE SANTO AGOSTINHO;Condutor deixou de manter distância do veículo da frente;Colisão traseira;Com Vítimas Feridas;Pleno dia;Decrescente;Ignorado;Dupla;Reta;Não;3;0;1;0;1;1;1;2;-8,177782;-34,951267;SPRF-PE;DEL01-PE;UOP01-DEL01-PE
582590;09/01/2024;terça-feira;10:40:00;RN;101;77;NATAL;Ausência de reação do condutor;Colisão traseira;Com Vítimas Feridas;Pleno dia;Decrescente;Céu Claro;Múltipla;Reta;Sim;3;0;0;2;1;0;2;2;-5,73180495;-35,29112135;SPRF-RN;DEL02-RN;UOP01-DEL02-RN
582593;22/02/2024;quinta-feira;13:30:00;MT;70;44,5;BARRA DO GARCAS;Avarias e/ou desgaste excessivo no pneu;Queda de ocupante de veículo;Com Vítimas Feridas;Pleno dia;Decrescente;Céu Claro;Simples;Reta;Não;1;0;1;0;0;0;1;1;-15,75646817;-52,59058616;SPRF-MT;DEL07-MT;UOP01-DEL07-MT
582595;22/02/2024;quinta-feira;07:35:00;PI;316;2;TERESINA;Reação tardia ou ineficiente do condutor;Colisão traseira;Com Vítimas Feridas;Amanhecer;Decrescente;Céu Claro;Múltipla;Reta;Não;3;0;0;2;1;0;2;2;-5,12477477;-42,79848465;SPRF-PI;DEL01-PI;UOP02-DEL01-PI
582596;22/02/2024;quinta-feira;12:30:00;MG;40;608;CONGONHAS;Área urbana sem a presença de local apropriado para a travessia de pedestres;Atropelamento de Pedestre;Com Vítimas Feridas;Pleno dia;Decrescente;Chuva;Simples;Reta;Sim;2;0;1;0;1;0;1;2;-20,48427186;-43,83895771;SPRF-MG;DEL05-MG;UOP02-DEL05-MG
582597;22/02/2024;quinta-feira;12:45:00;RO;319;61;PORTO VELHO;Reação tardia ou ineficiente do condutor;Engavetamento;Com Vítimas Feridas;Pleno dia;Decrescente;Céu Claro;Múltipla;Reta;Sim;4;0;1;0;3;0;1;4;-8,7416033;-63,88954282;SPRF-RO;DEL01-RO;UOP01-DEL01-RO
582598;22/02/2024;quinta-feira;13:40:00;RJ;101;484;ANGRA DOS REIS;Reação tardia ou ineficiente do condutor;Colisão traseira;Com Vítimas Feridas;Pleno dia;Crescente;Nublado;Simples;Reta;Sim;4;0;1;0;3;0;1;3;-22,99096308;-44,30429882;SPRF-RJ;DEL03-RJ;UOP03-DEL03-RJ