id;data_inversa;dia_semana;horario;uf;br;km;municipio;causa_acidente;tipo_acidente;classificacao_acidente;fase_dia;sentido_via;condicao_metereologica;tipo_pista;tracado_via;uso_solo;pessoas;mortos;feridos_leves;feridos_graves;ilesos;ignorados;feridos;veiculos;latitude;longitude;regional;delegacia;uop
582735;23/02/2024;sexta-feira;08:30:00;SC;101;202,7;SAO JOSE;Condutor deixou de manter distância do veículo da frente;Engavetamento;Com Vítimas Feridas;Pleno dia;Decrescente;Céu Claro;Dupla;Reta;Não;9;0;1;0;8;0;1;4;-27,55711595;-48,61897889;SPRF-SC;DEL01-SC;UOP01-DEL01-SC
582736;23/02/2024;sexta-feira;06:10:00;AC;364;121;RIO BRANCO;Manobra de mudança de faixa;Colisão lateral mesmo sentido;Com Vítimas Feridas;Pleno dia;Decrescente;Céu Claro;Dupla;Rotatória;Sim;2;0;1;0;1;0;1;2;-10,012119;-67,770767;SPRF-AC;DEL01-AC;UOP01-DEL01-AC
582738;23/02/2024;sexta-feira;08:10:00;RS;158;407,7;SAO GABRIEL;Demais falhas na via;Capotamento;Com Vítimas Feridas;Pleno dia;Decrescente;Céu Claro;Simples;Reta;Não;2;0;1;0;1;0;1;1;-29,99016322;-54,48532698;SPRF-RS;DEL11-RS;UOP02-DEL11-RS
582742;23/02/2024;sexta-feira;08:00:00;BA;324;521;FEIRA DE SANTANA;Manobra de mudança de faixa;Tombamento;Com Vítimas Feridas;Pleno dia;Decrescente;Nublado;Dupla;Reta;Sim;1;0;1;0;0;0;1;1;-12,27918591;-38,92645693;SPRF-BA;DEL01-BA;UOP03-DEL01-BA
582746;21/02/2024;quarta-feira;11:54:00;PR;376;258;CALIFORNIA;Ultrapassagem Indevida;Colisão lateral mesmo sentido;Sem Vítimas;Pleno dia;Crescente;Céu Claro;Simples;Reta;Sim;2;0;0;0;1;1;0;2;-23,66802522;-51,35860562;SPRF-PR;DEL07-PR;UOP03-DEL07-PR
582747;23/02/2024;sexta-feira;07:45:00;PR;376;498;PONTA GROSSA;Reação tardia ou ineficiente do condutor;Colisão com objeto;Sem Vítimas;Pleno dia;Decrescente;Céu Claro;Dupla;Reta;Sim;1;0;0;0;1;0;0;1;-25,14964819;-50,14526659;SPRF-PR;DEL03-PR;UOP04-DEL03-PR
582748;23/02/2024;sexta-feira;10:40:00;MG;40;511,8;RIBEIRAO DAS NEVES;Condutor deixou de manter distância do veículo da frente;Colisão traseira;Sem Vítimas;Pleno dia;Decrescente;Chuva;Dupla;"Retorno Regulamentado;Reta;Aclive";Sim;2;0;0;0;2;0;0;2;-19,78164295;-44,11733194;SPRF-MG;DEL01-MG;UOP02-DEL01-MG
582749;23/02/2024;sexta-feira;09:30:00;SP;116;201;ARUJA;Demais falhas mecânicas ou elétricas;Incêndio;Sem Vítimas;Pleno dia;Crescente;Céu Claro;Dupla;Reta;Sim;1;0;0;0;1;0;0;1;-23,40362877;-46,33050107;SPRF-SP;DEL01-SP;UOP01-DEL01-SP
582750;23/02/2024;sexta-feira;09:45:00;GO;40;96,1;CRISTALINA;Acessar a via sem observar a presença dos outros veículos;Colisão transversal;Com Vítimas Feridas;Pleno dia;Crescente;Céu Claro;Simples;Interseção de Vias;Sim;2;0;0;1;1;0;1;2;-16,75768;-47,601613;SPRF-DF;DEL01-DF;UOP02-DEL01-DF
582751;23/02/2024;sexta-feira;10:10:00;RS;290;25,5;SANTO ANTONIO DA PATRULHA;Demais falhas mecânicas ou elétricas;Incêndio;Sem Vítimas;Pleno dia;Crescente;Sol;Dupla;Reta;Não;1;0;0;0;1;0;0;1;-29,879961;-50,509163;SPRF-RS;DEL03-RS;UOP01-DEL03-RS
582752;23/02/2024;sexta-feira;09:00:00;RS;116;530;CAPAO DO LEAO;Desrespeitar a preferência no cruzamento;Colisão transversal;Com Vítimas Feridas;Pleno dia;Decrescente;Céu Claro;Simples;Interseção de Vias;Sim;2;0;1;0;1;0;1;2;-31,7590834;-52,43687971;SPRF-RS;DEL07-RS;UOP01-DEL07-RS
582753;21/02/2024;quarta-feira;22:15:00;BA;101;69;ENTRE RIOS;Reação tardia ou ineficiente do condutor;Saída de leito carroçável;Sem Vítimas;Plena Noite;Decrescente;Nublado;Dupla;"Desvio Temporário;Em Obras";Não;2;0;0;0;2;0;0;1;-11,97325877;-38,18950106;SPRF-BA;DEL01-BA;UOP04-DEL01-BA
582754;23/02/2024;sexta-feira;07:45:00;RJ;101;50,9;CAMPOS DOS GOYTACAZES;Conversão proibida;Colisão transversal;Com Vítimas Feridas;Pleno dia;Crescente;Céu Claro;Simples;Reta;Não;2;0;1;0;1;0;1;2;-21,63390905;-41,31292839;SPRF-RJ;DEL08-RJ;UOP01-DEL08-RJ
582757;23/02/2024;sexta-feira;10:00:00;PI;343;264,5;CAMPO MAIOR;Condutor deixou de manter distância do veículo da frente;Colisão traseira;Sem Vítimas;Pleno dia;Decrescente;Nublado;Simples;Reta;Sim;2;0;0;0;1;1;0;2;-4,827662;-42,162594;SPRF-PI;DEL01-PI;UOP03-DEL01-PI
582760;23/02/2024;sexta-feira;11:00:00;PR;277;134;BALSA NOVA;Ausência de reação do condutor;Colisão traseira;Sem Vítimas;Pleno dia;Crescente;Nublado;Dupla;"Reta;Declive";Não;2;0;0;0;2;0;0;2;-25,47033;-49,686345;SPRF-PR;DEL03-PR;UOP03-DEL03-PR
582763;23/02/2024;sexta-feira;10:35:00;PR;476;159,2;ARAUCARIA;Manobra de mudança de faixa;Colisão frontal;Com Vítimas Feridas;Pleno dia;Crescente;Céu Claro;Simples;Reta;Não;4;0;3;0;1;0;3;2;-25,613539;-49,424255;SPRF-PR;DEL01-PR;UOP06-DEL01-PR
582764;23/02/2024;sexta-feira;12:00:00;DF;40;0,9;BRASILIA;Condutor deixou de manter distância do veículo da frente;Queda de ocupante de veículo;Com Vítimas Feridas;Pleno dia;Decrescente;Céu Claro;Dupla;Reta;Sim;2;0;1;0;1;0;1;2;-15,98433068;-47,98784137;SPRF-DF;DEL01-DF;UOP01-DEL01-DF
582770;23/02/2024;sexta-feira;11:50:00;MS;163;568;BANDEIRANTES;Pedestre andava na pista;Atropelamento de Pedestre;Com Vítimas Feridas;Pleno dia;Crescente;Chuva;Simples;Reta;Não;2;0;0;1;0;1;1;2;-19,74936496;-54,35623816;SPRF-MS;DEL01-MS;UOP02-DEL01-MS
582772;23/02/2024;sexta-feira;11:43:00;SC;470;135,7;RIO DO SUL;Acessar a via sem observar a presença dos outros veículos;Colisão transversal;Com Vítimas Feridas;Pleno dia;Crescente;Céu Claro;Simples;"Interseção de Vias;Reta";Sim;2;0;0;1;1;0;1;2;-27,18326455;-49,60237026;SPRF-SC;DEL04-SC;UOP02-DEL04-SC
582773;23/02/2024;sexta-feira;12:30:00;RS;290;144,5;ELDORADO DO SUL;Acessar a via sem observar a presença dos outros veículos;Colisão transversal;Sem Vítimas;Pleno dia;Decrescente;Sol;Simples;Reta;Sim;2;0;0;0;2;0;0;2;-30,1007307;-51,65725979;SPRF-RS;DEL02-RS;UOP01-DEL02-RS
582774;23/02/2024;sexta-feira;11:00:00;RJ;116;170;RIO DE JANEIRO;Manobra de mudança de faixa;Queda de ocupante de veículo;Com Vítimas Feridas;Pleno dia;Crescente;Céu Claro;Múltipla;Reta;Não;1;0;1;0;0;0;1;1;-22,81113183;-43,3336729;SPRF-RJ;DEL06-RJ;UOP01-DEL06-RJ
582776;23/02/2024;sexta-feira;11:15:00;MG;116;780,1;LEOPOLDINA;Avarias e/ou desgaste excessivo no pneu;Saída de leito carroçável;Com Vítimas Feridas;Pleno dia;Decrescente;Chuva;Simples;Curva;Não;1;0;1;0;0;0;1;1;-21,61482397;-42,69263203;SPRF-MG;DEL07-MG;UOP01-DEL07-MG
582777;23/02/2024;sexta-feira;08:45:00;RJ;101;320;NITEROI;Avarias e/ou desgaste excessivo no pneu;Tombamento;Com Vítimas Feridas;Pleno dia;Crescente;Nublado;Dupla;Curva;Sim;1;0;1;0;0;0;1;1;-22,86171098;-43,10714015;SPRF-RJ;DEL02-RJ;UOP01-DEL02-RJ
582778;23/02/2024;sexta-feira;12:20:00;CE;222;11,5;CAUCAIA;Ausência de reação do condutor;Colisão traseira;Com Vítimas Feridas;Pleno dia;Crescente;Céu Claro;Simples;"Interseção de Vias;Viaduto;Reta";Não;2;0;1;0;1;0;1;2;-3,76597908;-38,66221996;SPRF-CE;DEL01-CE;UOP01-DEL01-CE
582779;23/02/2024;sexta-feira;13:15:00;SP;116;156;SAO JOSE DOS CAMPOS;Demais falhas mecânicas ou elétricas;Incêndio;Sem Vítimas;Pleno dia;Crescente;Céu Claro;Múltipla;Reta;Sim;1;0;0;0;1;0;0;1;-23,25044084;-45,93572909;SPRF-SP;DEL02-SP;UOP01-DEL02-SP
582780;23/02/2024;sexta-feira;13:25:00;PR;116;38;CAMPINA GRANDE DO SUL;Velocidade Incompatível;Saída de leito carroçável;Sem Vítimas;Pleno dia;Crescente;Nublado;Múltipla;Reta;Não;1;0;0;0;1;0;0;1;-25,14802509;-48,85922071;SPRF-PR;DEL01-PR;UOP02-DEL01-PR
582781;23/02/2024;sexta-feira;13:05:00;SC;282;6;SAO JOSE;Manobra de mudança de faixa;Colisão lateral mesmo sentido;Sem Vítimas;Pleno dia;Crescente;Céu Claro;Dupla;Curva;Não;1;0;0;0;1;0;0;1;-27,591936;-48,618244;SPRF-SC;DEL01-SC;UOP01-DEL01-SC
582782;23/02/2024;sexta-feira;13:20:00;PE;101;79,5;JABOATAO DOS GUARARAPES;Ausência de reação do condutor;Colisão traseira;Sem Vítimas;Pleno dia;Crescente;Sol;Dupla;"Curva;Declive";Sim;3;0;0;0;3;0;0;3;-8,14366112;-34,94723453;SPRF-PE;DEL01-PE;UOP01-DEL01-PE
582784;23/02/2024;sexta-feira;13:30:00;RJ;101;276;TANGUA;Reação tardia ou ineficiente do condutor;Queda de ocupante de veículo;Com Vítimas Feridas;Pleno dia;Decrescente;Céu Claro;Dupla;Reta;Sim;1;0;1;0;0;0;1;1;-22,73796393;-42,73871802;SPRF-RJ;DEL02-RJ;UOP03-DEL02-RJ
582787;23/02/2024;sexta-feira;14:00:00;RS;470;232,1;CARLOS BARBOSA;Reação tardia ou ineficiente do condutor;Saída de leito carroçável;Com Vítimas Feridas;Pleno dia;Crescente;Nublado;Simples;"Reta;Declive";Sim;1;0;1;0;0;0;1;1;-29,29409781;-51,4850235;SPRF-RS;DEL06-RS;UOP01-DEL06-RS
582788;23/02/2024;sexta-feira;13:00:00;BA;324;550;AMELIA RODRIGUES;Condutor deixou de manter distância do veículo da frente;Colisão traseira;Com Vítimas Feridas;Pleno dia;Crescente;Nublado;Múltipla;Reta;Não;3;0;1;2;0;0;3;2;-12,43832718;-38,72506515;SPRF-BA;DEL01-BA;UOP03-DEL01-BA
582789;23/02/2024;sexta-feira;13:15:00;TO;153;623,2;ALIANCA DO TOCANTINS;Acessar a via sem observar a presença dos outros veículos;Colisão transversal;Com Vítimas Feridas;Pleno dia;Crescente;Céu Claro;Simples;Reta;Sim;2;0;0;1;1;0;1;2;-11,30071704;-48,94011265;SPRF-TO;DEL01-TO;UOP02-DEL01-TO
582793;23/02/2024;sexta-feira;13:55:00;SC;101;286;IMBITUBA;Frear bruscamente;Colisão traseira;Com Vítimas Feridas;Pleno dia;Decrescente;Céu Claro;Dupla;"Curva;Aclive";Não;3;0;1;0;2;0;1;2;-28,22947996;-48,70163526;SPRF-SC;DEL02-SC;UOP03-DEL02-SC
582794;23/02/2024;sexta-feira;11:30:00;MT;70;277;PRIMAVERA DO LESTE;Condutor deixou de manter distância do veículo da frente;Engavetamento;Com Vítimas Feridas;Pleno dia;Crescente;Sol;Dupla;Reta;Sim;4;0;1;0;3;0;1;4;-15,560139;-54,292033;SPRF-MT;DEL05-MT;UOP01-DEL05-MT
582797;23/02/2024;sexta-feira;14:17:00;PI;343;177;PIRIPIRI;Avarias e/ou desgaste excessivo no pneu;Tombamento;Com Vítimas Feridas;Pleno dia;Crescente;Céu Claro;Simples;Reta;Não;1;0;1;0;0;0;1;1;-4,21867;-41,774715;SPRF-PI;DEL02-PI;UOP01-DEL02-PI
582798;26/01/2024;sexta-feira;13:00:00;RN;101;72;NATAL;Condutor deixou de manter distância do veículo da frente;Colisão traseira;Com Vítimas Feridas;Pleno dia;Decrescente;Céu Claro;Simples;Reta;Não;3;0;1;1;0;1;2;2;-5,69866248;-35,26316835;SPRF-RN;DEL02-RN;UOP01-DEL02-RN
582800;23/02/2024;sexta-feira;15:00:00;PR;476;158;ARAUCARIA;Demais falhas mecânicas ou elétricas;Incêndio;Sem Vítimas;Pleno dia;Crescente;Sol;Simples;Reta;Sim;1;0;0;0;1;0;0;1;-25,613539;-49,424255;SPRF-PR;DEL01-PR;UOP06-DEL01-PR
582802;23/02/2024;sexta-feira;15:20:00;RJ;101;530;PARATY;Ausência de reação do condutor;Colisão lateral mesmo sentido;Com Vítimas Feridas;Pleno dia;Decrescente;Vento;Simples;Curva;Não;3;0;1;0;1;1;1;3;-23,0232454;-44,51684972;SPRF-RJ;DEL03-RJ;UOP03-DEL03-RJ
582803;23/02/2024;sexta-feira;14:30:00;RJ;116;201;QUEIMADOS;Mal súbito do condutor;Colisão com objeto;Com Vítimas Feridas;Pleno dia;Decrescente;Céu Claro;Dupla;Reta;Não;1;0;0;1;0;0;1;1;-22,73124742;-43,60364806;SPRF-RJ;DEL06-RJ;UOP02-DEL06-RJ
582805;23/02/2024;sexta-feira;14:40:00;RJ;116;207;SEROPEDICA;Retorno proibido;Colisão transversal;Com Vítimas Feridas;Pleno dia;Decrescente;Nublado;Dupla;Reta;Não;2;0;1;0;1;0;1;2;-22,72454443;-43,66145706;SPRF-RJ;DEL06-RJ;UOP02-DEL06-RJ
582808;23/02/2024;sexta-feira;07:23:00;MA;316;613;TIMON;Pista esburacada;Saída de leito carroçável;Sem Vítimas;Pleno dia;Decrescente;Garoa/Chuvisco;Simples;Declive;Não;4;0;0;0;4;0;0;1;-5,075249;-42,850487;SPRF-MA;DEL03-MA;UOP02-DEL03-MA
582809;23/02/2024;sexta-feira;11:20:00;GO;50;250,5;CATALAO;Ausência de reação do condutor;Colisão traseira;Com Vítimas Feridas;Pleno dia;Decrescente;Chuva;Dupla;Reta;Não;2;0;0;1;1;0;1;2;-17,9676;-47,7962;SPRF-GO;DEL06-GO;UOP01-DEL06-GO
582810;23/02/2024;sexta-feira;16:00:00;RN;304;298,7;MACAIBA;Reação tardia ou ineficiente do condutor;Colisão traseira;Com Vítimas Feridas;Pleno dia;Crescente;Céu Claro;Dupla;Reta;Sim;2;0;1;0;1;0;1;2;-5,8737673;-35,3150361;SPRF-RN;DEL01-RN;UOP02-DEL01-RN
582815;23/02/2024;sexta-feira;13:00:00;GO;153;584;PROFESSOR JAMIL;Chuva;Saída de leito carroçável;Sem Vítimas;Pleno dia;Decrescente;Chuva;Dupla;Curva;Não;2;0;0;0;2;0;0;1;-17,4164;-49,2263;SPRF-GO;DEL03-GO;UOP01-DEL03-GO
582816;23/02/2024;sexta-feira;15:40:00;RJ;101;262;RIO BONITO;Ausência de reação do condutor;Tombamento;Com Vítimas Feridas;Pleno dia;Decrescente;Céu Claro;Dupla;Curva;Não;1;0;1;0;0;0;1;1;-22,71367506;-42,62052996;SPRF-RJ;DEL02-RJ;UOP03-DEL02-RJ
582820;23/02/2024;sexta-feira;15:35:00;PE;101;65;RECIFE;Ausência de reação do condutor;Colisão transversal;Com Vítimas Feridas;Pleno dia;Decrescente;Céu Claro;Múltipla;Reta;Sim;2;0;1;0;1;0;1;2;-8,02478597;-34,94276635;SPRF-PE;DEL01-PE;UOP01-DEL01-PE
582821;23/02/2024;sexta-feira;16:15:00;SC;101;200,3;SAO JOSE;Condutor deixou de manter distância do veículo da frente;Colisão traseira;Com Vítimas Feridas;Pleno dia;Crescente;Céu Claro;Múltipla;Reta;Sim;2;0;1;0;1;0;1;2;-27,54018513;-48,62287714;SPRF-SC;DEL01-SC;UOP01-DEL01-SC
582822;23/02/2024;sexta-feira;16:45:00;SP;116;229;SAO PAULO;Reação tardia ou ineficiente do condutor;Capotamento;Com Vítimas Feridas;Pleno dia;Crescente;Garoa/Chuvisco;Múltipla;Reta;Sim;4;0;2;0;2;0;2;3;-23,51291902;-46,57604698;SPRF-SP;DEL01-SP;UOP01-DEL01-SP
582826;23/02/2024;sexta-feira;11:00:00;PR;153;449,9;UNIAO DA VITORIA;Reação tardia ou ineficiente do condutor;Colisão com objeto;Com Vítimas Feridas;Pleno dia;Decrescente;Nublado;Simples;Viaduto;Não;1;0;0;1;0;0;1;1;-26,20114783;-51,06087327;SPRF-PR;DEL02-PR;UOP03-DEL02-PR
582827;23/02/2024;sexta-feira;16:50:00;MG;381;778,7;CAMPANHA;Demais falhas mecânicas ou elétricas;Capotamento;Com Vítimas Feridas;Pleno dia;Crescente;Nublado;Dupla;"Declive;Curva";Não;2;0;1;0;1;0;1;1;-21,83280868;-45,50064606;SPRF-MG;DEL16-MG;UOP02-DEL16-MG
582828;23/02/2024;sexta-feira;17:45:00;PB;230;36;SANTA RITA;Ingestão de álcool pelo condutor;Colisão com objeto;Com Vítimas Feridas;Anoitecer;Crescente;Céu Claro;Dupla;Curva;Não;1;0;0;1;0;0;1;1;-7,1246;-34,9473;SPRF-PB;DEL01-PB;UOP03-DEL01-PB
582829;23/02/2024;sexta-feira;16:20:00;SP;153;122;UBARANA;Mal súbito do condutor;Saída de leito carroçável;Com Vítimas Feridas;Pleno dia;Crescente;Nublado;Simples;Reta;Não;1;0;1;0;0;0;1;1;-21,18661376;-49,72333446;SPRF-SP;DEL09-SP;UOP01-DEL09-SP
582830;23/02/2024;sexta-feira;14:34:00;GO;60;105;GOIANAPOLIS;Acumulo de água sobre o pavimento;Tombamento;Com Vítimas Feridas;Pleno dia;Crescente;Chuva;Dupla;"Reta;Declive";Sim;1;0;0;1;0;0;1;1;-16,4156;-49,0087;SPRF-GO;DEL02-GO;UOP01-DEL02-GO
582831;23/02/2024;sexta-feira;17:00:00;SC;470;45,6;GASPAR;Acessar a via sem observar a presença dos outros veículos;Colisão lateral mesmo sentido;Com Vítimas Feridas;Pleno dia;Crescente;Nublado;Simples;"Em Obras;Reta;Interseção de Vias";Sim;2;0;1;0;1;0;1;2;-26,867064;-49,031109;SPRF-SC;DEL04-SC;UOP01-DEL04-SC
582832;23/02/2024;sexta-feira;18:10:00;PB;101;99;CONDE;Acessar a via sem observar a presença dos outros veículos;Colisão lateral mesmo sentido;Com Vítimas Feridas;Plena Noite;Decrescente;Chuva;Dupla;Retorno Regulamentado;Não;2;0;1;0;1;0;1;2;-7,26088953;-34,93581176;SPRF-PB;DEL01-PB;UOP02-DEL01-PB
582833;23/02/2024;sexta-feira;14:30:00;SC;470;123;IBIRAMA;Ausência de reação do condutor;Saída de leito carroçável;Com Vítimas Feridas;Pleno dia;Decrescente;Céu Claro;Dupla;Curva;Não;1;0;1;0;0;0;1;1;-27,106783;-49,522049;SPRF-SC;DEL04-SC;UOP02-DEL04-SC
582835;23/02/2024;sexta-feira;17:45:00;RS;470;225,6;GARIBALDI;Desrespeitar a preferência no cruzamento;Colisão transversal;Com Vítimas Feridas;Pleno dia;Decrescente;Sol;Simples;Retorno Regulamentado;Sim;3;0;1;0;2;0;1;2;-29,24605996;-51,51613712;SPRF-RS;DEL06-RS;UOP01-DEL06-RS
582836;23/02/2024;sexta-feira;18:00:00;RS;116;262;CANOAS;Manobra de mudança de faixa;Colisão lateral mesmo sentido;Com Vítimas Feridas;Pleno dia;Decrescente;Céu Claro;Dupla;Reta;Sim;3;0;0;1;2;0;1;2;-29,896475;-51,17593;SPRF-RS;DEL01-RS;UOP01-DEL01-RS
582838;23/02/2024;sexta-feira;16:30:00;BA;116;778;PLANALTO;Reação tardia ou ineficiente do condutor;Colisão traseira;Com Vítimas Feridas;Pleno dia;Crescente;Nublado;Simples;Reta;Sim;3;0;2;0;1;0;2;2;-14,6157981;-40,44411375;SPRF-BA;DEL08-BA;UOP02-DEL08-BA
582839;23/02/2024;sexta-feira;18:20:00;ES;101;66;SAO MATEUS;Reação tardia ou ineficiente do condutor;Tombamento;Com Vítimas Feridas;Plena Noite;Decrescente;Nublado;Múltipla;Reta;Sim;1;0;1;0;0;0;1;1;-18,7165195;-39,87436378;SPRF-ES;DEL04-ES;UOP02-DEL04-ES
582840;23/02/2024;sexta-feira;16:20:00;AL;316;118,5;CACIMBINHAS;Condutor deixou de manter distância do veículo da frente;Colisão traseira;Com Vítimas Feridas;Pleno dia;Crescente;Céu Claro;Simples;Reta;Não;3;0;0;1;2;0;1;2;-9,3996897;-36,957234;SPRF-AL;DEL03-AL;UOP01-DEL03-AL
582842;23/02/2024;sexta-feira;17:39:00;MS;163;373;NOVA ALVORADA DO SUL;Ausência de reação do condutor;Colisão com objeto;Com Vítimas Feridas;Anoitecer;Decrescente;Céu Claro;Dupla;Reta;Não;4;0;3;1;0;0;4;1;-21,40151579;-54,40400077;SPRF-MS;DEL02-MS;UOP01-DEL02-MS
582843;23/02/2024;sexta-feira;12:00:00;SP;381;49;ATIBAIA;Objeto estático sobre o leito carroçável;Queda de ocupante de veículo;Com Vítimas Feridas;Pleno dia;Crescente;Céu Claro;Dupla;Reta;Não;1;0;1;0;0;0;1;1;-23,20535293;-46,59066516;SPRF-SP;DEL03-SP;UOP01-DEL03-SP
582845;03/02/2024;sábado;20:20:00;PE;423;143;SAO CAITANO;Ausência de reação do condutor;Colisão traseira;Com Vítimas Feridas;Plena Noite;Crescente;Céu Claro;Dupla;Reta;Não;3;0;3;0;0;0;3;2;-8,342421;-36,110232;SPRF-PE;DEL03-PE;UOP01-DEL03-PE
582846;23/02/2024;sexta-feira;16:45:00;SC;280;78,8;CORUPA;Transitar na contramão;Colisão frontal;Com Vítimas Feridas;Pleno dia;Decrescente;Chuva;Simples;Reta;Sim;4;0;1;3;0;0;4;2;-26,44270827;-49,21107888;SPRF-SC;DEL06-SC;UOP03-DEL06-SC
582847;23/02/2024;sexta-feira;18:51:00;RS;290;101,6;PORTO ALEGRE;Ausência de reação do condutor;Colisão traseira;Com Vítimas Feridas;Anoitecer;Crescente;Céu Claro;Múltipla;Reta;Sim;5;0;1;0;4;0;1;2;-29,985779;-51,246201;SPRF-RS;DEL01-RS;UOP01-DEL01-RS
582848;22/02/2024;quinta-feira;13:45:00;RJ;0;0;RIO DE JANEIRO;Afundamento ou ondulação no pavimento;Colisão com objeto;Com Vítimas Feridas;Pleno dia;Não Informado;Nublado;Múltipla;"Reta;Em Obras";Sim;1;0;1;0;0;0;1;1;-22,85766384;-43,24780053;SPRF-RJ;DEL06-RJ;UOP01-DEL06-RJ
582850;23/02/2024;sexta-feira;19:00:00;RJ;101;280,9;TANGUA;Pedestre cruzava a pista fora da faixa;Atropelamento de Pedestre;Com Vítimas Feridas;Plena Noite;Crescente;Céu Claro;Dupla;Reta;Sim;2;0;1;0;1;0;1;2;-22,73840017;-42,77718501;SPRF-RJ;DEL02-RJ;UOP02-DEL02-RJ
582852;23/02/2024;sexta-feira;16:53:00;MG;381;603,8;OLIVEIRA;Ausência de reação do condutor;Capotamento;Com Vítimas Feridas;Pleno dia;Crescente;Chuva;Dupla;Curva;Não;3;0;2;0;1;0;2;1;-20,64973798;-44,73551891;SPRF-MG;DEL04-MG;UOP01-DEL04-MG
582853;23/02/2024;sexta-feira;18:09:00;SP;153;70,7;SAO JOSE DO RIO PRETO;Avarias e/ou desgaste excessivo no pneu;Tombamento;Com Vítimas Feridas;Anoitecer;Crescente;Céu Claro;Dupla;Reta;Sim;2;0;2;0;0;0;2;1;-20,85197874;-49,40070263;SPRF-SP;DEL09-SP;UOP01-DEL09-SP
582855;20/02/2024;terça-feira;07:25:00;SC;470;45,5;BLUMENAU;Acessar a via sem observar a presença dos outros veículos;Queda de ocupante de veículo;Com Vítimas Feridas;Pleno dia;Decrescente;Céu Claro;Simples;"Reta;Interseção de Vias;Em Obras";Sim;2;0;1;0;1;0;1;2;-26,867064;-49,031109;SPRF-SC;DEL04-SC;UOP01-DEL04-SC
582856;23/02/2024;sexta-feira;19:30:00;GO;414;410,7;ABADIANIA;Pedestre andava na pista;Atropelamento de Pedestre;Com Vítimas Feridas;Plena Noite;Crescente;Nublado;Simples;"Interseção de Vias;Reta";Sim;2;0;0;1;1;0;1;2;-16,05664986;-48,85388374;SPRF-GO;DEL02-GO;UOP01-DEL02-GO
582857;15/02/2024;quinta-feira;08:30:00;PB;230;16;JOAO PESSOA;Ausência de reação do condutor;Engavetamento;Com Vítimas Feridas;Pleno dia;Decrescente;Chuva;Dupla;"Declive;Reta";Sim;9;0;3;0;5;1;3;5;-7,1039;-34,8458;SPRF-PB;DEL01-PB;UOP01-DEL01-PB
582858;23/02/2024;sexta-feira;19:35:00;RS;116;241,7;NOVO HAMBURGO;Ingestão de álcool pelo condutor;Colisão com objeto;Sem Vítimas;Plena Noite;Decrescente;Céu Claro;Múltipla;"Em Obras;Reta";Sim;1;0;0;0;1;0;0;1;-29,71396796;-51,1476744;SPRF-RS;DEL01-RS;UOP02-DEL01-RS
582859;23/02/2024;sexta-feira;18:20:00;BA;242;748;BARREIRAS;Reação tardia ou ineficiente do condutor;Queda de ocupante de veículo;Com Vítimas Feridas;Anoitecer;Decrescente;Chuva;Simples;Reta;Não;3;0;0;1;0;2;1;2;-12,14271815;-44,72302437;SPRF-BA;DEL10-BA;UOP01-DEL10-BA
582861;23/02/2024;sexta-feira;20:00:00;PB;101;45;MAMANGUAPE;Ingestão de álcool pelo condutor;Colisão com objeto;Com Vítimas Feridas;Plena Noite;Decrescente;Céu Claro;Dupla;Reta;Não;1;0;0;1;0;0;1;1;-6,88322894;-35,1303459;SPRF-PB;DEL01-PB;UOP04-DEL01-PB
582862;23/02/2024;sexta-feira;19:20:00;SP;116;151,4;SAO JOSE DOS CAMPOS;Ausência de reação do condutor;Tombamento;Com Vítimas Fatais;Plena Noite;Decrescente;Nublado;Múltipla;Reta;Sim;2;1;0;0;1;0;0;2;-23,21980694;-45,89991605;SPRF-SP;DEL02-SP;UOP01-DEL02-SP
582863;23/02/2024;sexta-feira;20:00:00;SP;101;46,2;UBATUBA;Acessar a via sem observar a presença dos outros veículos;Colisão transversal;Com Vítimas Feridas;Plena Noite;Crescente;Céu Claro;Simples;Reta;Sim;2;0;1;0;1;0;1;2;-23,42403383;-45,07492113;SPRF-SP;DEL06-SP;UOP01-DEL06-SP
582865;23/02/2024;sexta-feira;20:15:00;RS;468;66,8;SANTO AUGUSTO;Ausência de reação do condutor;Colisão lateral mesmo sentido;Com Vítimas Feridas;Plena Noite;Decrescente;Céu Claro;Simples;Reta;Não;2;0;0;1;1;0;1;2;-27,74402797;-53,83268092;SPRF-RS;DEL08-RS;UOP02-DEL08-RS
582866;23/02/2024;sexta-feira;20:01:00;PR;369;81,5;SANTA MARIANA;Deficiência do Sistema de Iluminação/Sinalização;Colisão traseira;Com Vítimas Fatais;Plena Noite;Decrescente;Céu Claro;Simples;Reta;Não;9;1;0;0;8;0;0;3;-23,14457255;-50,58465958;SPRF-PR;DEL07-PR;UOP05-DEL07-PR
582867;23/02/2024;sexta-feira;20:10:00;PR;376;223;CAMBIRA;Desrespeitar a preferência no cruzamento;Queda de ocupante de veículo;Com Vítimas Fatais;Plena Noite;Crescente;Céu Claro;Dupla;Interseção de Vias;Sim;3;1;0;0;2;0;0;2;-23,59598373;-51,58043504;SPRF-PR;DEL07-PR;UOP03-DEL07-PR
582869;23/02/2024;sexta-feira;19:30:00;RJ;116;214;SEROPEDICA;Entrada inopinada do pedestre;Atropelamento de Pedestre;Com Vítimas Feridas;Plena Noite;Decrescente;Ignorado;Dupla;Reta;Não;3;0;0;1;1;1;1;2;-22,713438;-43,734085;SPRF-RJ;DEL06-RJ;UOP02-DEL06-RJ