id;data_inversa;dia_semana;horario;uf;br;km;municipio;causa_acidente;tipo_acidente;classificacao_acidente;fase_dia;sentido_via;condicao_metereologica;tipo_pista;tracado_via;uso_solo;pessoas;mortos;feridos_leves;feridos_graves;ilesos;ignorados;feridos;veiculos;latitude;longitude;regional;delegacia;uop
583860;28/02/2024;quarta-feira;13:40:00;RN;226;60,9;SENADOR ELOI DE SOUZA;Acessar a via sem observar a presença dos outros veículos;Colisão transversal;Com Vítimas Feridas;Pleno dia;Crescente;Céu Claro;Simples;"Reta;Interseção de Vias";Sim;2;0;0;1;1;0;1;2;-6,04942096;-35,67377472;SPRF-RN;DEL01-RN;UOP02-DEL01-RN
583862;28/02/2024;quarta-feira;14:00:00;SC;101;101;BALNEARIO PICARRAS;Velocidade Incompatível;Queda de ocupante de veículo;Com Vítimas Feridas;Pleno dia;Crescente;Sol;Dupla;Reta;Não;1;0;0;1;0;0;1;1;-26,76404198;-48,68657667;SPRF-SC;DEL03-SC;UOP02-DEL03-SC
583865;28/02/2024;quarta-feira;13:30:00;RJ;116;133;MAGE;Ausência de reação do condutor;Saída de leito carroçável;Com Vítimas Feridas;Pleno dia;Crescente;Céu Claro;Dupla;Reta;Sim;6;0;5;0;0;1;5;2;-22,65418284;-43,14382995;SPRF-RJ;DEL04-RJ;UOP02-DEL04-RJ
583867;28/02/2024;quarta-feira;14:08:00;BA;20;65;SAO DESIDERIO;Reação tardia ou ineficiente do condutor;Saída de leito carroçável;Com Vítimas Feridas;Pleno dia;Crescente;Sol;Simples;Reta;Não;5;0;5;0;0;0;5;1;-13;-46;SPRF-BA;DEL10-BA;UOP01-DEL10-BA
583868;28/02/2024;quarta-feira;14:00:00;MG;40;623,5;CONSELHEIRO LAFAIETE;Demais falhas mecânicas ou elétricas;Saída de leito carroçável;Com Vítimas Feridas;Pleno dia;Decrescente;Céu Claro;Simples;"Declive;Curva";Não;2;0;1;0;1;0;1;1;-20,60236514;-43,80699874;SPRF-MG;DEL05-MG;UOP02-DEL05-MG
583869;28/02/2024;quarta-feira;14:50:00;PR;277;1,8;PARANAGUA;Mal súbito do condutor;Colisão transversal;Com Vítimas Feridas;Pleno dia;Crescente;Nublado;Simples;Curva;Sim;3;0;1;0;2;0;1;2;-25,568198;-48,615292;SPRF-PR;DEL01-PR;UOP05-DEL01-PR
583871;28/02/2024;quarta-feira;16:08:00;SP;116;154;SAO JOSE DOS CAMPOS;Acessar a via sem observar a presença dos outros veículos;Saída de leito carroçável;Com Vítimas Feridas;Pleno dia;Crescente;Céu Claro;Dupla;Reta;Sim;1;0;1;0;0;0;1;1;-23,23903999;-45,92061901;SPRF-SP;DEL02-SP;UOP01-DEL02-SP
583877;28/02/2024;quarta-feira;14:45:00;RJ;101;569;PARATY;Pista Escorregadia;Tombamento;Com Vítimas Feridas;Pleno dia;Decrescente;Garoa/Chuvisco;Simples;Curva;Não;1;0;1;0;0;0;1;1;-23,180887;-44,711845;SPRF-RJ;DEL03-RJ;UOP04-DEL03-RJ
583878;28/02/2024;quarta-feira;16:42:00;BA;324;623;SALVADOR;Condutor deixou de manter distância do veículo da frente;Engavetamento;Com Vítimas Feridas;Pleno dia;Decrescente;Céu Claro;Dupla;Reta;Não;3;0;1;0;2;0;1;3;-12,91888605;-38,46502095;SPRF-BA;DEL01-BA;UOP01-DEL01-BA
583879;28/02/2024;quarta-feira;16:40:00;BA;101;853;TEIXEIRA DE FREITAS;Reação tardia ou ineficiente do condutor;Saída de leito carroçável;Com Vítimas Feridas;Pleno dia;Crescente;Céu Claro;Simples;"Declive;Reta";Não;1;0;0;1;0;0;1;1;-17,351866;-39,629372;SPRF-BA;DEL09-BA;UOP02-DEL09-BA
583880;28/02/2024;quarta-feira;14:00:00;PR;163;193;SANTA TEREZA DO OESTE;Chuva;Saída de leito carroçável;Com Vítimas Feridas;Pleno dia;Decrescente;Chuva;Dupla;Curva;Não;1;0;1;0;0;0;1;1;-25,08630803;-53,59006897;SPRF-PR;DEL05-PR;UOP05-DEL05-PR
583882;28/02/2024;quarta-feira;13:00:00;SP;116;51;LORENA;Ausência de reação do condutor;Tombamento;Com Vítimas Feridas;Pleno dia;Decrescente;Céu Claro;Múltipla;Curva;Não;1;0;1;0;0;0;1;1;-22,74157511;-45,09206392;SPRF-SP;DEL08-SP;UOP02-DEL08-SP
583883;16/02/2024;sexta-feira;21:30:00;MS;262;327;CAMPO GRANDE;Ausência de reação do condutor;Saída de leito carroçável;Com Vítimas Feridas;Plena Noite;Crescente;Céu Claro;Dupla;Curva;Sim;1;0;0;1;0;0;1;1;-20,46657314;-54,54372903;SPRF-MS;DEL01-MS;UOP01-DEL01-MS
583884;28/02/2024;quarta-feira;17:30:00;CE;116;3;FORTALEZA;Ausência de reação do condutor;Engavetamento;Com Vítimas Feridas;Pleno dia;Decrescente;Nublado;Dupla;Reta;Sim;3;0;1;0;2;0;1;3;-3,77866493;-38,51490171;SPRF-CE;DEL01-CE;UOP02-DEL01-CE
583887;28/02/2024;quarta-feira;17:50:00;RS;158;195;CRUZ ALTA;Desrespeitar a preferência no cruzamento;Colisão transversal;Com Vítimas Feridas;Pleno dia;Decrescente;Garoa/Chuvisco;Dupla;"Declive;Interseção de Vias";Sim;5;0;2;0;3;0;2;2;-28,6460613;-53,57589779;SPRF-RS;DEL10-RS;UOP02-DEL10-RS
583888;28/02/2024;quarta-feira;17:40:00;PE;101;49;ABREU E LIMA;Entrada inopinada do pedestre;Atropelamento de Pedestre;Com Vítimas Feridas;Plena Noite;Decrescente;Garoa/Chuvisco;Dupla;Reta;Sim;2;0;2;0;0;0;2;2;-7,9005152;-34,90180641;SPRF-PE;DEL01-PE;UOP02-DEL01-PE
583889;28/02/2024;quarta-feira;17:48:00;DF;40;0;BRASILIA;Velocidade Incompatível;Colisão traseira;Com Vítimas Feridas;Anoitecer;Crescente;Céu Claro;Múltipla;Reta;Sim;2;0;1;0;1;0;1;2;-15,976897;-47,990129;SPRF-DF;DEL01-DF;UOP01-DEL01-DF
583890;28/02/2024;quarta-feira;15:40:00;SC;101;89;BARRA VELHA;Avarias e/ou desgaste excessivo no pneu;Tombamento;Com Vítimas Feridas;Pleno dia;Decrescente;Sol;Múltipla;Reta;Sim;2;0;2;0;0;0;2;1;-26,65679442;-48,68779993;SPRF-SC;DEL03-SC;UOP02-DEL03-SC
583891;28/02/2024;quarta-feira;18:10:00;SC;101;113,7;ITAJAI;Ausência de reação do condutor;Queda de ocupante de veículo;Com Vítimas Feridas;Pleno dia;Crescente;Céu Claro;Múltipla;Reta;Não;1;0;1;0;0;0;1;1;-26,85311393;-48,72689927;SPRF-SC;DEL04-SC;UOP04-DEL04-SC
583892;28/02/2024;quarta-feira;18:00:00;SC;101;113;ITAJAI;Condutor deixou de manter distância do veículo da frente;Colisão traseira;Com Vítimas Feridas;Pleno dia;Decrescente;Céu Claro;Dupla;Reta;Não;2;0;1;0;1;0;1;2;-26,85311393;-48,72689927;SPRF-SC;DEL04-SC;UOP04-DEL04-SC
583894;28/02/2024;quarta-feira;17:50:00;RJ;101;436;MANGARATIBA;Condutor deixou de manter distância do veículo da frente;Colisão traseira;Com Vítimas Feridas;Pleno dia;Decrescente;Céu Claro;Simples;"Aclive;Reta";Não;2;0;1;0;1;0;1;2;-22,94335387;-44,06046308;SPRF-RJ;DEL03-RJ;UOP02-DEL03-RJ
583895;28/02/2024;quarta-feira;18:15:00;GO;60;101,5;ANAPOLIS;Ingestão de álcool pelo condutor;Colisão traseira;Sem Vítimas;Pleno dia;Crescente;Céu Claro;Dupla;"Interseção de Vias;Reta";Sim;4;0;0;0;4;0;0;3;-16,4022;-48,9745;SPRF-GO;DEL02-GO;UOP01-DEL02-GO
583896;28/02/2024;quarta-feira;16:23:00;PR;153;337;IRATI;Acessar a via sem observar a presença dos outros veículos;Colisão transversal;Com Vítimas Feridas;Pleno dia;Crescente;Céu Claro;Simples;Reta;Sim;2;0;0;1;1;0;1;2;-25,50616511;-50,6512107;SPRF-PR;DEL08-PR;UOP02-DEL08-PR
583897;28/02/2024;quarta-feira;08:00:00;SC;101;330;TUBARAO;Demais falhas mecânicas ou elétricas;Queda de ocupante de veículo;Com Vítimas Feridas;Pleno dia;Decrescente;Nublado;Dupla;Reta;Não;2;0;2;0;0;0;2;1;-28,45115639;-48,97286879;SPRF-SC;DEL02-SC;UOP01-DEL02-SC
583899;28/02/2024;quarta-feira;19:05:00;SE;101;92;NOSSA SENHORA DO SOCORRO;Entrada inopinada do pedestre;Atropelamento de Pedestre;Com Vítimas Feridas;Plena Noite;Crescente;Céu Claro;Dupla;Reta;Sim;4;0;1;0;3;0;1;2;-10,90169474;-37,13619222;SPRF-SE;DEL01-SE;UOP01-DEL01-SE
583900;13/02/2024;terça-feira;18:15:00;PR;376;590;CURITIBA;Demais falhas mecânicas ou elétricas;Queda de ocupante de veículo;Com Vítimas Feridas;Anoitecer;Decrescente;Céu Claro;Dupla;Reta;Sim;1;0;1;0;0;0;1;1;-25,43521371;-49,36500549;SPRF-PR;DEL01-PR;UOP06-DEL01-PR
583903;28/02/2024;quarta-feira;17:10:00;RJ;101;488;ANGRA DOS REIS;Acessar a via sem observar a presença dos outros veículos;Colisão transversal;Com Vítimas Feridas;Pleno dia;Crescente;Nublado;Simples;"Rotatória;Reta;Interseção de Vias";Não;2;0;0;1;1;0;1;2;-22,96228558;-44,29734707;SPRF-RJ;DEL03-RJ;UOP03-DEL03-RJ
583904;28/02/2024;quarta-feira;19:40:00;MG;381;831;SAO SEBASTIAO DA BELA VISTA;Ausência de reação do condutor;Atropelamento de Pedestre;Com Vítimas Feridas;Pleno dia;Crescente;Céu Claro;Dupla;Reta;Não;2;0;0;1;0;1;1;2;-22,12169;-45,773262;SPRF-MG;DEL16-MG;UOP01-DEL16-MG
583905;28/02/2024;quarta-feira;19:00:00;RJ;116;191;NOVA IGUACU;Ausência de reação do condutor;Colisão transversal;Com Vítimas Feridas;Plena Noite;Crescente;Céu Claro;Dupla;Curva;Sim;2;0;1;0;1;0;1;2;-22,74421443;-43,509822;SPRF-RJ;DEL06-RJ;UOP01-DEL06-RJ
583906;28/02/2024;quarta-feira;19:23:00;RS;285;297;PASSO FUNDO;Acumulo de água sobre o pavimento;Tombamento;Com Vítimas Feridas;Plena Noite;Decrescente;Chuva;Simples;Reta;Sim;1;0;1;0;0;0;1;1;-28,235136;-52,413391;SPRF-RS;DEL08-RS;UOP03-DEL08-RS
583907;28/02/2024;quarta-feira;19:15:00;SP;116;448;REGISTRO;Acessar a via sem observar a presença dos outros veículos;Colisão traseira;Com Vítimas Feridas;Plena Noite;Crescente;Céu Claro;Dupla;Reta;Sim;2;0;1;0;1;0;1;2;-24,52099699;-47,85336602;SPRF-SP;DEL05-SP;UOP01-DEL05-SP
583908;28/02/2024;quarta-feira;19:50:00;PB;230;35,8;SANTA RITA;Ingestão de álcool pelo condutor;Colisão transversal;Sem Vítimas;Plena Noite;Crescente;Céu Claro;Dupla;Curva;Sim;2;0;0;0;2;0;0;2;-7,1268;-34,9412;SPRF-PB;DEL01-PB;UOP03-DEL01-PB
583909;28/02/2024;quarta-feira;19:00:00;PA;230;105;MARABA;Manobra de mudança de faixa;Colisão frontal;Com Vítimas Feridas;Plena Noite;Decrescente;Céu Claro;Simples;"Aclive;Reta";Não;3;0;1;1;1;0;2;2;-5,38442309;-48,98761403;SPRF-PA;DEL03-PA;UOP01-DEL03-PA
583910;28/02/2024;quarta-feira;20:05:00;MG;40;699;BARBACENA;Animais na Pista;Atropelamento de Animal;Sem Vítimas;Plena Noite;Crescente;Nublado;Dupla;Curva;Não;3;0;0;0;3;0;0;1;-21,16945;-43,756498;SPRF-MG;DEL05-MG;UOP02-DEL05-MG
583911;28/02/2024;quarta-feira;19:55:00;MS;163;486;CAMPO GRANDE;Acessar a via sem observar a presença dos outros veículos;Colisão transversal;Com Vítimas Feridas;Plena Noite;Crescente;Céu Claro;Simples;"Interseção de Vias;Reta";Sim;2;0;2;0;0;0;2;2;-20,447491;-54,540693;SPRF-MS;DEL01-MS;UOP02-DEL01-MS
583914;28/02/2024;quarta-feira;19:20:00;GO;50;278,9;CATALAO;Reação tardia ou ineficiente do condutor;Tombamento;Sem Vítimas;Plena Noite;Crescente;Céu Claro;Simples;Reta;Sim;1;0;0;0;0;1;0;1;-18,1696;-47,92;SPRF-GO;DEL06-GO;UOP01-DEL06-GO
583915;28/02/2024;quarta-feira;20:35:00;RJ;101;330;RIO DE JANEIRO;Demais falhas mecânicas ou elétricas;Incêndio;Sem Vítimas;Plena Noite;Decrescente;Céu Claro;Dupla;Reta;Sim;1;0;0;0;1;0;0;1;-22,8684989;-43,18548699;SPRF-RJ;DEL02-RJ;UOP01-DEL02-RJ
583917;28/02/2024;quarta-feira;21:25:00;RJ;101;327;RIO DE JANEIRO;Demais falhas mecânicas ou elétricas;Colisão traseira;Com Vítimas Feridas;Plena Noite;Decrescente;Nublado;Simples;"Reta;Ponte";Sim;3;0;2;0;1;0;2;2;-22,87117393;-43,15595099;SPRF-RJ;DEL02-RJ;UOP01-DEL02-RJ
583919;28/02/2024;quarta-feira;19:40:00;ES;259;102;BAIXO GUANDU;Acessar a via sem observar a presença dos outros veículos;Colisão frontal;Com Vítimas Feridas;Plena Noite;Crescente;Nublado;Simples;Reta;Não;2;0;1;1;0;0;2;2;-19,522022;-41,01212;SPRF-ES;DEL02-ES;UOP01-DEL02-ES
583920;19/01/2024;sexta-feira;17:20:00;MG;262;362;BETIM;Afundamento ou ondulação no pavimento;Queda de ocupante de veículo;Com Vítimas Feridas;Pleno dia;Crescente;Garoa/Chuvisco;Múltipla;"Reta;Declive";Não;1;0;1;0;0;0;1;1;-19,98025969;-44,22672112;SPRF-MG;DEL01-MG;UOP03-DEL01-MG
583921;28/02/2024;quarta-feira;19:00:00;PR;277;129,8;BALSA NOVA;Chuva;Saída de leito carroçável;Com Vítimas Feridas;Plena Noite;Decrescente;Chuva;Dupla;"Declive;Curva";Não;2;0;1;0;1;0;1;1;-25,47301946;-49,63487729;SPRF-PR;DEL03-PR;UOP03-DEL03-PR
583927;28/02/2024;quarta-feira;20:10:00;PA;163;624;TRAIRAO;Curva acentuada;Colisão lateral sentido oposto;Com Vítimas Feridas;Plena Noite;Crescente;Nublado;Simples;"Curva;Aclive";Sim;9;0;2;1;6;0;3;2;-4,70629765;-56,00399883;SPRF-PA;DEL05-PA;UOP02-DEL05-PA
583930;28/02/2024;quarta-feira;22:20:00;SC;470;126;LONTRAS;Reação tardia ou ineficiente do condutor;Saída de leito carroçável;Com Vítimas Fatais;Plena Noite;Crescente;Chuva;Simples;Curva;Não;1;1;0;0;0;0;0;1;-27,131186;-49,5384827;SPRF-SC;DEL04-SC;UOP02-DEL04-SC
583932;28/02/2024;quarta-feira;23:15:00;PE;428;188,9;PETROLINA;Acessar a via sem observar a presença dos outros veículos;Colisão traseira;Com Vítimas Feridas;Plena Noite;Crescente;Céu Claro;Dupla;Reta;Sim;5;0;1;0;3;1;1;3;-9,37197508;-40,48679585;SPRF-PE;DEL06-PE;UOP01-DEL06-PE
583934;28/02/2024;quarta-feira;23:50:00;SP;116;141,4;SAO JOSE DOS CAMPOS;Demais falhas mecânicas ou elétricas;Tombamento;Com Vítimas Feridas;Plena Noite;Decrescente;Céu Claro;Dupla;Reta;Não;2;0;2;0;0;0;2;1;-23,17004717;-45,82091491;SPRF-SP;DEL02-SP;UOP01-DEL02-SP
583936;28/02/2024;quarta-feira;23:15:00;PR;373;183,5;PONTA GROSSA;Reação tardia ou ineficiente do condutor;Saída de leito carroçável;Sem Vítimas;Plena Noite;Crescente;Céu Claro;Dupla;Curva;Não;1;0;0;0;1;0;0;1;-25,03935712;-50,2767641;SPRF-PR;DEL03-PR;UOP01-DEL03-PR
583937;28/02/2024;quarta-feira;23:30:00;SP;116;95,2;PINDAMONHANGABA;Reação tardia ou ineficiente do condutor;Tombamento;Com Vítimas Feridas;Plena Noite;Crescente;Nublado;Dupla;Reta;Não;1;0;1;0;0;0;1;1;-22,96622293;-45,43259525;SPRF-SP;DEL08-SP;UOP01-DEL08-SP
583938;29/02/2024;quinta-feira;00:31:00;RJ;40;111;DUQUE DE CAXIAS;Animais na Pista;Atropelamento de Animal;Com Vítimas Feridas;Plena Noite;Decrescente;Céu Claro;Múltipla;"Aclive;Reta";Sim;1;0;1;0;0;0;1;1;-22,691868;-43,287453;SPRF-RJ;DEL01-RJ;UOP02-DEL01-RJ
583939;28/02/2024;quarta-feira;23:50:00;MG;116;503;INHAPIM;Ausência de reação do condutor;Tombamento;Com Vítimas Feridas;Plena Noite;Crescente;Céu Claro;Simples;Curva;Não;1;0;1;0;0;0;1;1;-19,58559493;-42,11244886;SPRF-MG;DEL06-MG;UOP02-DEL06-MG
583940;29/02/2024;quinta-feira;01:00:00;SC;101;198,9;SAO JOSE;Reação tardia ou ineficiente do condutor;Tombamento;Com Vítimas Feridas;Plena Noite;Decrescente;Nublado;Múltipla;Curva;Sim;2;0;2;0;0;0;2;1;-27,52658712;-48,63506019;SPRF-SC;DEL01-SC;UOP01-DEL01-SC
583941;29/02/2024;quinta-feira;00:50:00;BA;324;622;SALVADOR;Transitar na contramão;Colisão frontal;Com Vítimas Feridas;Plena Noite;Crescente;Céu Claro;Dupla;Curva;Sim;3;0;1;0;2;0;1;2;-12,91888605;-38,46502095;SPRF-BA;DEL01-BA;UOP01-DEL01-BA
583942;29/02/2024;quinta-feira;00:30:00;BA;20;187;LUIS EDUARDO MAGALHAES;Animais na Pista;Atropelamento de Animal;Sem Vítimas;Plena Noite;Decrescente;Céu Claro;Simples;Reta;Não;1;0;0;0;0;1;0;1;-12,353653;-45,859799;SPRF-BA;DEL10-BA;UOP01-DEL10-BA
583943;29/02/2024;quinta-feira;00:20:00;BA;110;150;RIBEIRA DO POMBAL;Animais na Pista;Atropelamento de Animal;Com Vítimas Feridas;Plena Noite;Crescente;Céu Claro;Simples;Reta;Não;2;0;1;1;0;0;2;1;-10,69245302;-38,44478799;SPRF-BA;DEL07-BA;UOP02-DEL07-BA
583944;28/02/2024;quarta-feira;23:50:00;PR;369;66;SANTA MARIANA;Animais na Pista;Atropelamento de Animal;Com Vítimas Feridas;Plena Noite;Decrescente;Céu Claro;Simples;Reta;Não;2;0;2;0;0;0;2;1;-23,15658799;-50,52852631;SPRF-PR;DEL07-PR;UOP05-DEL07-PR
583946;29/02/2024;quinta-feira;02:30:00;SP;116;230;SAO PAULO;Ausência de reação do condutor;Queda de ocupante de veículo;Com Vítimas Feridas;Plena Noite;Decrescente;Nublado;Múltipla;Reta;Não;1;0;1;0;0;0;1;1;-23,52251783;-46,5855702;SPRF-SP;DEL01-SP;UOP01-DEL01-SP
583947;28/02/2024;quarta-feira;19:30:00;GO;80;237;ALTO HORIZONTE;Animais na Pista;Atropelamento de Animal;Sem Vítimas;Plena Noite;Decrescente;Céu Claro;Simples;Reta;Não;2;0;0;0;1;1;0;2;-14,192757;-49,447757;SPRF-GO;DEL07-GO;UOP01-DEL07-GO
583949;29/02/2024;quinta-feira;02:00:00;SC;101;149;ITAPEMA;Ingestão de álcool pelo condutor;Colisão com objeto;Sem Vítimas;Plena Noite;Decrescente;Nublado;Múltipla;Reta;Sim;1;0;0;0;0;1;0;1;-27,1089649;-48,61277586;SPRF-SC;DEL04-SC;UOP03-DEL04-SC
583961;29/02/2024;quinta-feira;04:50:00;PR;369;437,3;UBIRATA;Animais na Pista;Atropelamento de Animal;Com Vítimas Feridas;Plena Noite;Crescente;Céu Claro;Simples;Reta;Não;3;0;1;0;2;0;1;1;-24,549917;-53,033805;SPRF-PR;DEL04-PR;UOP03-DEL04-PR
583962;28/02/2024;quarta-feira;09:30:00;SC;101;20;JOINVILLE;Demais falhas mecânicas ou elétricas;Incêndio;Sem Vítimas;Pleno dia;Decrescente;Céu Claro;Múltipla;Reta;Não;3;0;0;0;3;0;0;1;-26,14068354;-48,90289307;SPRF-SC;DEL03-SC;UOP01-DEL03-SC
583964;29/02/2024;quinta-feira;04:40:00;MG;381;293;ANTONIO DIAS;Condutor Dormindo;Colisão com objeto;Com Vítimas Feridas;Plena Noite;Crescente;Céu Claro;Dupla;"Curva;Aclive";Não;3;0;2;0;1;0;2;1;-19,61823684;-42,84746491;SPRF-MG;DEL03-MG;UOP02-DEL03-MG
583965;29/02/2024;quinta-feira;05:52:00;PB;101;113;ALHANDRA;Ausência de reação do condutor;Colisão lateral mesmo sentido;Sem Vítimas;Pleno dia;Decrescente;Céu Claro;Dupla;"Aclive;Reta";Não;1;0;0;0;0;1;0;1;-7,37852293;-34,95673822;SPRF-PB;DEL01-PB;UOP02-DEL01-PB
583967;29/02/2024;quinta-feira;02:30:00;RJ;101;503;ANGRA DOS REIS;Área urbana sem a presença de local apropriado para a travessia de pedestres;Atropelamento de Pedestre;Com Vítimas Feridas;Plena Noite;Crescente;Céu Claro;Simples;Reta;Sim;2;0;0;1;1;0;1;2;-22,93053171;-44,38440084;SPRF-RJ;DEL03-RJ;UOP03-DEL03-RJ
583969;29/02/2024;quinta-feira;05:20:00;SC;101;33;JOINVILLE;Ausência de reação do condutor;Colisão traseira;Com Vítimas Feridas;Plena Noite;Decrescente;Garoa/Chuvisco;Múltipla;Curva;Não;2;0;1;0;1;0;1;2;-26,23320493;-48,91666889;SPRF-SC;DEL03-SC;UOP01-DEL03-SC
583973;29/02/2024;quinta-feira;05:00:00;MG;153;106,5;PRATA;Ausência de reação do condutor;Saída de leito carroçável;Com Vítimas Feridas;Amanhecer;Crescente;Céu Claro;Simples;Reta;Não;1;0;1;0;0;0;1;1;-19,28824388;-48,91115575;SPRF-MG;DEL15-MG;UOP03-DEL15-MG
583974;29/02/2024;quinta-feira;05:00:00;PE;101;205;XEXEU;Retorno proibido;Colisão transversal;Com Vítimas Feridas;Amanhecer;Decrescente;Céu Claro;Dupla;Curva;Não;4;0;2;0;2;0;2;2;-8,813152;-35,63283;SPRF-PE;DEL01-PE;UOP03-DEL01-PE
583975;28/02/2024;quarta-feira;18:30:00;MG;381;942;EXTREMA;Reação tardia ou ineficiente do condutor;Saída de leito carroçável;Com Vítimas Feridas;Plena Noite;Decrescente;Céu Claro;Dupla;"Aclive;Reta";Não;1;0;1;0;0;0;1;1;-22,86605937;-46,34940386;SPRF-MG;DEL16-MG;UOP03-DEL16-MG
583976;29/02/2024;quinta-feira;06:15:00;DF;40;2;BRASILIA;Manobra de mudança de faixa;Colisão lateral mesmo sentido;Com Vítimas Feridas;Pleno dia;Crescente;Sol;Dupla;Reta;Sim;3;0;1;0;2;0;1;2;-15,99435;-47,985947;SPRF-DF;DEL01-DF;UOP01-DEL01-DF
583977;29/02/2024;quinta-feira;06:35:00;RS;470;216;BENTO GONCALVES;Acessar a via sem observar a presença dos outros veículos;Colisão transversal;Com Vítimas Feridas;Pleno dia;Decrescente;Nevoeiro/Neblina;Dupla;Retorno Regulamentado;Sim;3;0;0;1;2;0;1;3;-29,17154558;-51,52436614;SPRF-RS;DEL06-RS;UOP01-DEL06-RS
583978;29/02/2024;quinta-feira;07:00:00;RS;290;92;PORTO ALEGRE;Demais falhas mecânicas ou elétricas;Colisão com objeto;Com Vítimas Feridas;Pleno dia;Crescente;Céu Claro;Dupla;"Viaduto;Curva";Sim;1;0;0;1;0;0;1;1;-29,96839095;-51,17623895;SPRF-RS;DEL01-RS;UOP01-DEL01-RS
583979;29/02/2024;quinta-feira;07:00:00;SC;282;3;FLORIANOPOLIS;Condutor deixou de manter distância do veículo da frente;Queda de ocupante de veículo;Com Vítimas Feridas;Pleno dia;Decrescente;Céu Claro;Dupla;Reta;Sim;1;0;1;0;0;0;1;1;-27,600384;-48,599705;SPRF-SC;DEL01-SC;UOP01-DEL01-SC
583981;29/02/2024;quinta-feira;06:45:00;SC;280;92;CORUPA;Velocidade Incompatível;Saída de leito carroçável;Com Vítimas Feridas;Pleno dia;Decrescente;Garoa/Chuvisco;Simples;"Curva;Declive";Não;2;0;2;0;0;0;2;1;-26,39448258;-49,2950379;SPRF-SC;DEL06-SC;UOP03-DEL06-SC
583982;29/01/2024;segunda-feira;12:01:00;BA;324;615;SALVADOR;Condutor deixou de manter distância do veículo da frente;Colisão traseira;Com Vítimas Feridas;Pleno dia;Decrescente;Céu Claro;Dupla;Reta;Não;1;0;1;0;0;0;1;1;-12,87206398;-38,42746403;SPRF-BA;DEL01-BA;UOP01-DEL01-BA
583983;29/02/2024;quinta-feira;07:00:00;PR;153;39;SANTO ANTONIO DA PLATINA;Acesso irregular;Tombamento;Com Vítimas Feridas;Amanhecer;Crescente;Céu Claro;Simples;Rotatória;Não;1;0;1;0;0;0;1;1;-23,27231767;-50,05734289;SPRF-PR;DEL07-PR;UOP04-DEL07-PR
583984;29/02/2024;quinta-feira;07:30:00;SP;116;227;GUARULHOS;Reação tardia ou ineficiente do condutor;Queda de ocupante de veículo;Com Vítimas Feridas;Pleno dia;Crescente;Céu Claro;Múltipla;"Reta;Em Obras";Sim;1;0;1;0;0;0;1;1;-23,49659264;-46,55648754;SPRF-SP;DEL01-SP;UOP01-DEL01-SP
583985;28/02/2024;quarta-feira;23:05:00;PR;163;11;BARRACAO;Ingestão de álcool pelo condutor;Saída de leito carroçável;Sem Vítimas;Plena Noite;Decrescente;Chuva;Simples;"Declive;Reta";Não;1;0;0;0;0;1;0;1;-26,25066;-53,635523;SPRF-PR;DEL02-PR;UOP02-DEL02-PR
583987;29/02/2024;quinta-feira;03:00:00;RJ;495;29;PETROPOLIS;Ausência de reação do condutor;Colisão com objeto;Com Vítimas Feridas;Plena Noite;Crescente;Nublado;Simples;Reta;Não;2;0;1;1;0;0;2;1;-22,391611;-43,126202;SPRF-RJ;DEL05-RJ;UOP02-DEL05-RJ
583990;29/02/2024;quinta-feira;08:00:00;PR;376;617;SAO JOSE DOS PINHAIS;Reação tardia ou ineficiente do condutor;Saída de leito carroçável;Com Vítimas Feridas;Pleno dia;Crescente;Nublado;Dupla;"Declive;Curva";Sim;1;0;1;0;0;0;1;1;-25,58426494;-49,17618795;SPRF-PR;DEL01-PR;UOP04-DEL01-PR
583991;29/02/2024;quinta-feira;06:40:00;MG;40;136,8;JOAO PINHEIRO;Condutor deixou de manter distância do veículo da frente;Colisão traseira;Com Vítimas Feridas;Pleno dia;Decrescente;Céu Claro;Simples;Reta;Não;3;0;1;0;2;0;1;2;-17,7219829;-46,23179198;SPRF-MG;DEL14-MG;UOP01-DEL14-MG
583992;29/02/2024;quinta-feira;07:45:00;PB;101;101,1;CONDE;Ausência de reação do condutor;Tombamento;Com Vítimas Feridas;Pleno dia;Crescente;Céu Claro;Dupla;"Reta;Em Obras";Não;2;0;1;0;0;1;1;2;-7,27367006;-34,93816262;SPRF-PB;DEL01-PB;UOP02-DEL01-PB
583993;29/02/2024;quinta-feira;07:30:00;MG;381;478;CONTAGEM;Trafegar com motocicleta (ou similar) entre as faixas;Colisão lateral mesmo sentido;Com Vítimas Feridas;Pleno dia;Decrescente;Céu Claro;Dupla;Reta;Sim;3;0;2;0;1;0;2;2;-19,959707;-44,033887;SPRF-MG;DEL01-MG;UOP03-DEL01-MG
583994;29/02/2024;quinta-feira;08:00:00;MG;381;486;BETIM;Pista Escorregadia;Tombamento;Com Vítimas Feridas;Pleno dia;Decrescente;Nublado;Múltipla;Reta;Sim;2;0;1;0;0;1;1;2;-19,9545821;-44,1099118;SPRF-MG;DEL01-MG;UOP03-DEL01-MG
583995;29/02/2024;quinta-feira;08:10:00;PR;476;153;ARAUCARIA;Demais falhas mecânicas ou elétricas;Tombamento;Com Vítimas Feridas;Pleno dia;Decrescente;Chuva;Dupla;Reta;Não;1;0;1;0;0;0;1;1;-25,577307;-49,392338;SPRF-PR;DEL01-PR;UOP06-DEL01-PR