id;data_inversa;dia_semana;horario;uf;br;km;municipio;causa_acidente;tipo_acidente;classificacao_acidente;fase_dia;sentido_via;condicao_metereologica;tipo_pista;tracado_via;uso_solo;pessoas;mortos;feridos_leves;feridos_graves;ilesos;ignorados;feridos;veiculos;latitude;longitude;regional;delegacia;uop
584145;01/03/2024;sexta-feira;01:09:00;PE;101;71,3;JABOATAO DOS GUARARAPES;Acessar a via sem observar a presença dos outros veículos;Colisão transversal;Sem Vítimas;Plena Noite;Crescente;Céu Claro;Dupla;Reta;Sim;2;0;0;0;0;2;0;2;-8,079742;-34,943248;SPRF-PE;DEL01-PE;UOP01-DEL01-PE
584146;01/03/2024;sexta-feira;00:10:00;ES;101;29,1;CONCEICAO DA BARRA;Reação tardia ou ineficiente do condutor;Queda de ocupante de veículo;Com Vítimas Feridas;Plena Noite;Crescente;Céu Claro;Simples;Reta;Não;2;0;2;0;0;0;2;1;-18,39992188;-39,93877968;SPRF-ES;DEL04-ES;UOP02-DEL04-ES
584147;01/03/2024;sexta-feira;01:00:00;BA;116;13,8;VITORIA DA CONQUISTA;Animais na Pista;Atropelamento de Animal;Com Vítimas Feridas;Plena Noite;Decrescente;Céu Claro;Simples;Reta;Sim;1;0;1;0;0;0;1;1;-14,892401;-40,867035;SPRF-BA;DEL08-BA;UOP01-DEL08-BA
584149;01/03/2024;sexta-feira;00:01:00;PR;277;332;GUARAPUAVA;Ausência de reação do condutor;Saída de leito carroçável;Com Vítimas Feridas;Plena Noite;Decrescente;Céu Claro;Dupla;Reta;Não;1;0;1;0;0;0;1;1;-25,35298;-51,37435;SPRF-PR;DEL08-PR;UOP01-DEL08-PR
584150;01/03/2024;sexta-feira;02:00:00;SC;101;397,5;MARACAJA;Ausência de reação do condutor;Capotamento;Sem Vítimas;Plena Noite;Crescente;Céu Claro;Múltipla;Curva;Sim;1;0;0;0;1;0;0;1;-28,84429777;-49,4318676;SPRF-SC;DEL02-SC;UOP02-DEL02-SC
584153;01/03/2024;sexta-feira;04:40:00;PR;376;623;SAO JOSE DOS PINHAIS;Reação tardia ou ineficiente do condutor;Saída de leito carroçável;Sem Vítimas;Plena Noite;Decrescente;Nublado;Dupla;Reta;Sim;1;0;0;0;0;1;0;1;-25,64334;-49,159135;SPRF-PR;DEL01-PR;UOP04-DEL01-PR
584154;01/03/2024;sexta-feira;05:20:00;GO;20;177,7;ALVORADA DO NORTE;Velocidade Incompatível;Colisão com objeto;Com Vítimas Fatais;Amanhecer;Decrescente;Céu Claro;Dupla;Reta;Sim;1;1;0;0;0;0;0;1;-14,493582;-46,505816;SPRF-DF;DEL02-DF;UOP03-DEL02-DF
584155;01/03/2024;sexta-feira;03:47:00;RN;110;127,5;AUGUSTO SEVERO;Transitar na contramão;Colisão com objeto;Sem Vítimas;Amanhecer;Crescente;Ignorado;Dupla;Reta;Sim;2;0;0;0;1;1;0;1;-5,86264;-37,31192;SPRF-RN;DEL04-RN;UOP01-DEL04-RN
584158;01/03/2024;sexta-feira;06:19:00;RN;101;72,8;NATAL;Condutor deixou de manter distância do veículo da frente;Colisão traseira;Com Vítimas Feridas;Pleno dia;Crescente;Céu Claro;Simples;Rotatória;Não;2;0;1;0;1;0;1;2;-5,69866248;-35,26316835;SPRF-RN;DEL02-RN;UOP01-DEL02-RN
584160;01/03/2024;sexta-feira;06:05:00;SC;101;139;ITAPEMA;Reação tardia ou ineficiente do condutor;Colisão com objeto;Com Vítimas Feridas;Pleno dia;Crescente;Nublado;Simples;Curva;Sim;1;0;1;0;0;0;1;1;-27,02982303;-48,60115006;SPRF-SC;DEL04-SC;UOP03-DEL04-SC
584162;01/03/2024;sexta-feira;06:50:00;SC;280;51,9;GUARAMIRIM;Acessar a via sem observar a presença dos outros veículos;Colisão transversal;Sem Vítimas;Pleno dia;Crescente;Nublado;Simples;Rotatória;Não;2;0;0;0;2;0;0;2;-26,46538871;-48,95544449;SPRF-SC;DEL03-SC;UOP03-DEL03-SC
584165;01/03/2024;sexta-feira;05:30:00;RO;319;60;PORTO VELHO;Ausência de reação do condutor;Saída de leito carroçável;Com Vítimas Feridas;Amanhecer;Crescente;Céu Claro;Dupla;Reta;Sim;1;0;0;1;0;0;1;1;-8,766685;-63,884052;SPRF-RO;DEL01-RO;UOP01-DEL01-RO
584166;01/03/2024;sexta-feira;06:00:00;RS;290;54,8;GLORINHA;Demais falhas mecânicas ou elétricas;Tombamento;Com Vítimas Feridas;Amanhecer;Decrescente;Céu Claro;Dupla;Reta;Não;1;0;1;0;0;0;1;1;-29,912643;-50,798103;SPRF-RS;DEL03-RS;UOP01-DEL03-RS
584167;01/03/2024;sexta-feira;06:00:00;MS;163;298,1;DOURADINA;Afundamento ou ondulação no pavimento;Tombamento;Com Vítimas Feridas;Pleno dia;Decrescente;Céu Claro;Simples;Reta;Não;1;0;1;0;0;0;1;1;-21,99873694;-54,54100712;SPRF-MS;DEL02-MS;UOP02-DEL02-MS
584168;01/03/2024;sexta-feira;07:20:00;ES;101;120;SOORETAMA;Demais falhas mecânicas ou elétricas;Incêndio;Sem Vítimas;Pleno dia;Decrescente;Céu Claro;Simples;Reta;Não;1;0;0;0;1;0;0;1;-19,1438532;-40,0751016;SPRF-ES;DEL04-ES;UOP01-DEL04-ES
584169;01/03/2024;sexta-feira;07:12:00;DF;20;18,5;BRASILIA;Manobra de mudança de faixa;Colisão traseira;Com Vítimas Feridas;Pleno dia;Decrescente;Céu Claro;Dupla;"Aclive;Interseção de Vias;Reta";Não;2;0;1;0;1;0;1;2;-15,616901;-47,708927;SPRF-DF;DEL02-DF;UOP01-DEL02-DF
584172;01/03/2024;sexta-feira;07:20:00;BA;324;623;SALVADOR;Condutor deixou de manter distância do veículo da frente;Colisão lateral mesmo sentido;Com Vítimas Feridas;Pleno dia;Crescente;Céu Claro;Dupla;Reta;Sim;3;0;1;0;2;0;1;2;-12,92628699;-38,46838679;SPRF-BA;DEL01-BA;UOP01-DEL01-BA
584173;01/03/2024;sexta-feira;07:33:00;RN;101;98;NATAL;Condutor deixou de manter distância do veículo da frente;Colisão traseira;Com Vítimas Feridas;Pleno dia;Decrescente;Céu Claro;Dupla;"Aclive;Reta";Sim;2;0;1;0;1;0;1;2;-5,86567888;-35,21651625;SPRF-RN;DEL01-RN;UOP01-DEL01-RN
584174;01/03/2024;sexta-feira;07:45:00;RS;285;498,1;ENTRE-IJUIS;Acessar a via sem observar a presença dos outros veículos;Colisão transversal;Com Vítimas Feridas;Pleno dia;Crescente;Nublado;Simples;"Reta;Declive";Sim;4;0;2;0;2;0;2;3;-28,37782713;-54,26053047;SPRF-RS;DEL10-RS;UOP01-DEL10-RS
584175;01/03/2024;sexta-feira;07:00:00;MG;116;411;GOVERNADOR VALADARES;Condutor deixou de manter distância do veículo da frente;Colisão traseira;Com Vítimas Feridas;Pleno dia;Decrescente;Céu Claro;Dupla;Reta;Sim;3;0;2;0;1;0;2;2;-18,86244705;-41,97405237;SPRF-MG;DEL06-MG;UOP01-DEL06-MG
584176;01/03/2024;sexta-feira;08:00:00;MG;381;482;BETIM;Manobra de mudança de faixa;Colisão traseira;Com Vítimas Feridas;Pleno dia;Decrescente;Céu Claro;Dupla;Reta;Sim;3;0;1;0;1;1;1;3;-19,955532;-44,097209;SPRF-MG;DEL01-MG;UOP03-DEL01-MG
584177;01/03/2024;sexta-feira;07:59:00;SP;116;138;SAO JOSE DOS CAMPOS;Trafegar com motocicleta (ou similar) entre as faixas;Colisão lateral mesmo sentido;Com Vítimas Feridas;Pleno dia;Crescente;Sol;Dupla;"Aclive;Reta";Não;3;0;2;0;1;0;2;2;-23,1572739;-45,79554605;SPRF-SP;DEL02-SP;UOP01-DEL02-SP
584178;01/03/2024;sexta-feira;08:11:00;PB;101;88;JOAO PESSOA;Ausência de reação do condutor;Tombamento;Com Vítimas Feridas;Pleno dia;Crescente;Céu Claro;Dupla;Reta;Sim;2;0;2;0;0;0;2;1;-7,16470016;-34,89993643;SPRF-PB;DEL01-PB;UOP01-DEL01-PB
584179;01/03/2024;sexta-feira;07:30:00;TO;153;725;FIGUEIROPOLIS;Animais na Pista;Atropelamento de Animal;Sem Vítimas;Pleno dia;Crescente;Céu Claro;Simples;Reta;Sim;1;0;0;0;1;0;0;1;-12,16324694;-49,16108882;SPRF-TO;DEL01-TO;UOP02-DEL01-TO
584182;01/03/2024;sexta-feira;08:30:00;TO;153;795;TALISMA;Avarias e/ou desgaste excessivo no pneu;Queda de ocupante de veículo;Com Vítimas Feridas;Pleno dia;Crescente;Céu Claro;Simples;Reta;Não;1;0;1;0;0;0;1;1;-12,7714991;-49,08834754;SPRF-TO;DEL01-TO;UOP02-DEL01-TO
584183;01/03/2024;sexta-feira;08:30:00;MG;381;502;BETIM;Pedestre andava na pista;Atropelamento de Pedestre;Com Vítimas Feridas;Pleno dia;Crescente;Céu Claro;Simples;Reta;Sim;2;0;1;0;1;0;1;2;-20,03619694;-44,24586303;SPRF-MG;DEL01-MG;UOP03-DEL01-MG
584184;01/03/2024;sexta-feira;03:30:00;SP;153;9,4;ICEM;Reação tardia ou ineficiente do condutor;Saída de leito carroçável;Com Vítimas Feridas;Plena Noite;Crescente;Céu Claro;Simples;"Declive;Reta";Não;1;0;1;0;0;0;1;1;-20,38030406;-49,23117399;SPRF-SP;DEL09-SP;UOP01-DEL09-SP
584186;01/03/2024;sexta-feira;08:10:00;PB;230;13,8;CABEDELO;Manobra de mudança de faixa;Colisão lateral mesmo sentido;Com Vítimas Feridas;Pleno dia;Crescente;Céu Claro;Dupla;Reta;Sim;2;0;1;0;1;0;1;2;-7,0772;-34,8494;SPRF-PB;DEL01-PB;UOP01-DEL01-PB
584189;01/03/2024;sexta-feira;09:00:00;RS;116;247,2;SAO LEOPOLDO;Reação tardia ou ineficiente do condutor;Colisão traseira;Com Vítimas Feridas;Pleno dia;Crescente;Céu Claro;Múltipla;Reta;Sim;2;0;1;0;1;0;1;2;-29,76733091;-51,1535296;SPRF-RS;DEL01-RS;UOP02-DEL01-RS
584191;01/03/2024;sexta-feira;08:25:00;RS;290;83;CACHOEIRINHA;Reação tardia ou ineficiente do condutor;Tombamento;Com Vítimas Feridas;Pleno dia;Crescente;Nublado;Múltipla;Reta;Não;2;0;1;0;1;0;1;1;-29,959141;-51,088791;SPRF-RS;DEL01-RS;UOP01-DEL01-RS
584192;22/02/2024;quinta-feira;18:50:00;BA;101;895;CARAVELAS;Deficiência do Sistema de Iluminação/Sinalização;Colisão frontal;Com Vítimas Feridas;Plena Noite;Decrescente;Céu Claro;Simples;Aclive;Não;3;0;1;1;1;0;2;2;-17,68720358;-39,77325439;SPRF-BA;DEL09-BA;UOP02-DEL09-BA
584195;01/03/2024;sexta-feira;07:30:00;RJ;101;308;SAO GONCALO;Trafegar com motocicleta (ou similar) entre as faixas;Colisão traseira;Com Vítimas Feridas;Amanhecer;Crescente;Céu Claro;Dupla;Reta;Sim;2;0;1;0;1;0;1;2;-22,79309326;-43,02479595;SPRF-RJ;DEL02-RJ;UOP02-DEL02-RJ
584198;01/03/2024;sexta-feira;09:25:00;SC;282;529,1;CORDILHEIRA ALTA;Ausência de reação do condutor;Colisão traseira;Com Vítimas Feridas;Pleno dia;Decrescente;Céu Claro;Simples;"Reta;Declive";Não;2;0;1;0;1;0;1;2;-26,982185;-52,59734;SPRF-SC;DEL07-SC;UOP01-DEL07-SC
584200;01/03/2024;sexta-feira;07:30:00;PR;277;509,3;GUARANIACU;Conversão proibida;Colisão lateral mesmo sentido;Com Vítimas Feridas;Pleno dia;Decrescente;Céu Claro;Simples;"Aclive;Reta";Não;4;0;2;0;2;0;2;2;-25,1220122;-52,77166843;SPRF-PR;DEL04-PR;UOP04-DEL04-PR
584201;01/03/2024;sexta-feira;09:00:00;PE;232;80;GRAVATA;Entrada inopinada do pedestre;Atropelamento de Pedestre;Com Vítimas Feridas;Pleno dia;Crescente;Céu Claro;Simples;Reta;Sim;2;0;0;1;1;0;1;2;-8,19579864;-35,56962305;SPRF-PE;DEL02-PE;UOP02-DEL02PE
584202;01/03/2024;sexta-feira;07:50:00;RO;364;14;VILHENA;Acessar a via sem observar a presença dos outros veículos;Colisão transversal;Com Vítimas Feridas;Pleno dia;Crescente;Céu Claro;Dupla;Rotatória;Sim;2;0;1;0;0;1;1;2;-12,73898138;-60,13911417;SPRF-RO;DEL04-RO;UOP01-DEL04-RO
584203;16/01/2024;terça-feira;20:35:00;SP;116;500;CAJATI;Reação tardia ou ineficiente do condutor;Queda de ocupante de veículo;Com Vítimas Feridas;Plena Noite;Crescente;Nublado;Dupla;Curva;Não;1;0;1;0;0;0;1;1;-24,78162109;-48,18342711;SPRF-SP;DEL05-SP;UOP02-DEL05-SP
584204;01/03/2024;sexta-feira;06:53:00;MG;381;939;EXTREMA;Ausência de reação do condutor;Tombamento;Com Vítimas Feridas;Pleno dia;Crescente;Céu Claro;Dupla;Reta;Não;1;0;1;0;0;0;1;1;-22,84701434;-46,33321175;SPRF-MG;DEL16-MG;UOP03-DEL16-MG
584206;01/03/2024;sexta-feira;07:30:00;PI;135;374;BOM JESUS;Reação tardia ou ineficiente do condutor;Colisão traseira;Com Vítimas Feridas;Pleno dia;Decrescente;Céu Claro;Simples;Reta;Sim;2;0;0;1;1;0;1;2;-9,23222695;-44,45708609;SPRF-PI;DEL03-PI;UOP02-DEL03-PI
584208;01/03/2024;sexta-feira;09:40:00;RO;364;688;CANDEIAS DO JAMARI;Reação tardia ou ineficiente do condutor;Tombamento;Com Vítimas Feridas;Amanhecer;Crescente;Céu Claro;Simples;Reta;Não;3;0;2;0;1;0;2;2;-8,79333792;-63,65996601;SPRF-RO;DEL01-RO;UOP01-DEL01-RO
584211;01/03/2024;sexta-feira;11:00:00;SC;101;210,3;SAO JOSE;Velocidade Incompatível;Colisão com objeto;Com Vítimas Feridas;Pleno dia;Decrescente;Sol;Múltipla;"Reta;Aclive";Sim;1;0;1;0;0;0;1;1;-27,6167305;-48,6457265;SPRF-SC;DEL01-SC;UOP01-DEL01-SC
584213;01/03/2024;sexta-feira;11:40:00;PB;101;89,3;JOAO PESSOA;Animais na Pista;Atropelamento de Animal;Com Vítimas Feridas;Pleno dia;Decrescente;Céu Claro;Dupla;Reta;Sim;1;0;1;0;0;0;1;1;-7,1710694;-34,89765372;SPRF-PB;DEL01-PB;UOP02-DEL01-PB
584214;01/03/2024;sexta-feira;11:45:00;SP;116;228;SAO PAULO;Acumulo de óleo sobre o pavimento;Queda de ocupante de veículo;Com Vítimas Feridas;Pleno dia;Crescente;Céu Claro;Múltipla;"Aclive;Reta";Não;1;0;0;1;0;0;1;1;-23,50343484;-46,56638712;SPRF-SP;DEL01-SP;UOP01-DEL01-SP
584215;01/03/2024;sexta-feira;11:04:00;DF;70;2;BRASILIA;Reação tardia ou ineficiente do condutor;Colisão lateral mesmo sentido;Com Vítimas Feridas;Pleno dia;Crescente;Céu Claro;Dupla;Reta;Sim;2;0;1;0;1;0;1;2;-15,798048;-48,073235;SPRF-DF;DEL03-DF;UOP02-DEL03-DF
584216;01/03/2024;sexta-feira;11:40:00;CE;304;45;ARACATI;Reação tardia ou ineficiente do condutor;Colisão lateral mesmo sentido;Com Vítimas Feridas;Pleno dia;Crescente;Céu Claro;Múltipla;Reta;Sim;3;0;2;0;1;0;2;2;-4,57812347;-37,80669819;SPRF-CE;DEL03-CE;UOP03-DEL03-CE
584222;10/02/2024;sábado;14:40:00;PR;277;344;GUARAPUAVA;Ausência de reação do condutor;Colisão com objeto;Com Vítimas Feridas;Pleno dia;Crescente;Céu Claro;Dupla;Curva;Não;3;0;2;0;1;0;2;3;-25,36555131;-51,47905075;SPRF-PR;DEL08-PR;UOP01-DEL08-PR
584224;01/03/2024;sexta-feira;12:25:00;CE;304;54;ARACATI;Reação tardia ou ineficiente do condutor;Colisão lateral mesmo sentido;Com Vítimas Feridas;Pleno dia;Crescente;Céu Claro;Dupla;Aclive;Sim;4;0;2;0;2;0;2;2;-4,57724403;-37,72799601;SPRF-CE;DEL03-CE;UOP03-DEL03-CE
584225;01/03/2024;sexta-feira;12:00:00;RJ;493;98;SEROPEDICA;Acessar a via sem observar a presença dos outros veículos;Atropelamento de Pedestre;Com Vítimas Fatais;Pleno dia;Crescente;Céu Claro;Dupla;Reta;Não;3;1;0;0;2;0;0;2;-22,68577605;-43,67357254;SPRF-RJ;DEL01-RJ;UOP03-DEL01-RJ
584228;01/03/2024;sexta-feira;12:20:00;SC;101;255,9;PAULO LOPES;Condutor deixou de manter distância do veículo da frente;Colisão traseira;Com Vítimas Feridas;Pleno dia;Crescente;Céu Claro;Dupla;Reta;Não;3;0;1;0;2;0;1;2;-27,98242299;-48,67898469;SPRF-SC;DEL02-SC;UOP03-DEL02-SC
584230;01/03/2024;sexta-feira;13:14:00;PE;423;99;GARANHUNS;Ausência de reação do condutor;Colisão traseira;Sem Vítimas;Pleno dia;Crescente;Céu Claro;Simples;Declive;Não;2;0;0;0;2;0;0;2;-8,87808191;-36,51252399;SPRF-PE;DEL03-PE;UOP01-DEL03-PE
584235;01/03/2024;sexta-feira;12:50:00;PR;153;42,7;SANTO ANTONIO DA PLATINA;Frear bruscamente;Colisão traseira;Com Vítimas Feridas;Pleno dia;Crescente;Céu Claro;Simples;"Interseção de Vias;Reta";Sim;3;0;1;0;2;0;1;2;-23,30149712;-50,0703299;SPRF-PR;DEL07-PR;UOP04-DEL07-PR
584237;01/03/2024;sexta-feira;11:00:00;TO;153;222;COLINAS DO TOCANTINS;Ausência de reação do condutor;Saída de leito carroçável;Com Vítimas Feridas;Pleno dia;Crescente;Nublado;Simples;Reta;Não;1;0;1;0;0;0;1;1;-7,83624803;-48,45598386;SPRF-TO;DEL02-TO;UOP01-DEL02-TO
584238;01/03/2024;sexta-feira;13:00:00;ES;101;354,5;ANCHIETA;Reação tardia ou ineficiente do condutor;Saída de leito carroçável;Com Vítimas Feridas;Pleno dia;Crescente;Sol;Simples;Interseção de Vias;Não;1;0;1;0;0;0;1;1;-20,68448741;-40,67131406;SPRF-ES;DEL03-ES;UOP01-DEL03-ES
584240;01/03/2024;sexta-feira;13:20:00;SP;381;58;MAIRIPORA;Reação tardia ou ineficiente do condutor;Colisão traseira;Com Vítimas Feridas;Pleno dia;Crescente;Céu Claro;Múltipla;Reta;Sim;2;0;0;1;1;0;1;2;-23,27438497;-46,58530615;SPRF-SP;DEL03-SP;UOP01-DEL03-SP
584241;01/03/2024;sexta-feira;09:40:00;MG;40;547;NOVA LIMA;Pista esburacada;Queda de ocupante de veículo;Com Vítimas Feridas;Pleno dia;Crescente;Céu Claro;Dupla;"Curva;Declive";Não;2;0;1;0;0;1;1;2;-20,02460503;-43,96943092;SPRF-MG;DEL01-MG;UOP02-DEL01-MG
584242;01/03/2024;sexta-feira;13:30:00;MG;40;632,5;CONSELHEIRO LAFAIETE;Retorno proibido;Colisão transversal;Com Vítimas Feridas;Pleno dia;Crescente;Nublado;Simples;"Aclive;Curva";Sim;2;0;1;0;1;0;1;2;-20,68228254;-43,79418254;SPRF-MG;DEL05-MG;UOP02-DEL05-MG
584246;01/03/2024;sexta-feira;13:52:00;SC;101;214,3;PALHOCA;Desrespeitar a preferência no cruzamento;Colisão transversal;Com Vítimas Feridas;Pleno dia;Crescente;Céu Claro;Dupla;"Retorno Regulamentado;Reta";Sim;2;0;1;0;1;0;1;2;-27,64707459;-48,67268259;SPRF-SC;DEL01-SC;UOP02-DEL01-SC
584247;01/03/2024;sexta-feira;13:10:00;SC;282;2,1;FLORIANOPOLIS;Manobra de mudança de faixa;Colisão lateral mesmo sentido;Com Vítimas Feridas;Pleno dia;Crescente;Céu Claro;Múltipla;Reta;Sim;1;0;1;0;0;0;1;1;-27,603289;-48,590416;SPRF-SC;DEL01-SC;UOP01-DEL01-SC
584250;01/03/2024;sexta-feira;13:30:00;BA;367;61;PORTO SEGURO;Transitar na contramão;Colisão frontal;Com Vítimas Feridas;Pleno dia;Crescente;Céu Claro;Simples;Reta;Sim;5;0;1;0;4;0;1;3;-16,39073805;-39,392441;SPRF-BA;DEL09-BA;UOP03-DEL09-BA
584253;01/03/2024;sexta-feira;13:39:00;PI;343;262;CAMPO MAIOR;Ultrapassagem Indevida;Colisão frontal;Com Vítimas Feridas;Pleno dia;Decrescente;Sol;Simples;Reta;Não;2;0;0;1;0;1;1;2;-4,81223;-42,153191;SPRF-PI;DEL01-PI;UOP03-DEL01-PI
584255;01/03/2024;sexta-feira;14:20:00;MG;262;363,9;JUATUBA;Frear bruscamente;Colisão traseira;Com Vítimas Feridas;Pleno dia;Decrescente;Céu Claro;Dupla;Reta;Não;2;0;1;0;0;1;1;2;-19,98332997;-44,23572401;SPRF-MG;DEL01-MG;UOP03-DEL01-MG
584261;01/03/2024;sexta-feira;15:00:00;PE;101;46;IGARASSU;Manobra de mudança de faixa;Colisão lateral mesmo sentido;Com Vítimas Feridas;Pleno dia;Decrescente;Céu Claro;Múltipla;Reta;Não;2;0;1;0;1;0;1;2;-7,87406004;-34,90588126;SPRF-PE;DEL01-PE;UOP02-DEL01-PE
584263;01/03/2024;sexta-feira;13:56:00;PE;232;408,7;SERRA TALHADA;Acessar a via sem observar a presença dos outros veículos;Atropelamento de Pedestre;Com Vítimas Feridas;Pleno dia;Decrescente;Nublado;Simples;Reta;Não;3;0;3;0;0;0;3;2;-7,98371447;-38,28047709;SPRF-PE;DEL04-PE;UOP01-DEL04-PE
584265;01/03/2024;sexta-feira;16:10:00;RJ;116;173;SAO JOAO DE MERITI;Condutor deixou de manter distância do veículo da frente;Colisão traseira;Com Vítimas Feridas;Pleno dia;Crescente;Nublado;Dupla;Reta;Sim;2;0;1;0;1;0;1;2;-22,79810324;-43,35726614;SPRF-RJ;DEL06-RJ;UOP01-DEL06-RJ
584266;01/03/2024;sexta-feira;14:20:00;MT;163;523;VARZEA GRANDE;Acesso irregular;Colisão transversal;Com Vítimas Feridas;Pleno dia;Crescente;Céu Claro;Simples;Reta;Sim;2;0;0;1;1;0;1;2;-15,655889;-56,190225;SPRF-MT;DEL01-MT;UOP01-DEL01-MT
584268;01/03/2024;sexta-feira;15:50:00;MG;40;605,8;CONGONHAS;Demais Fenômenos da natureza;Eventos atípicos;Com Vítimas Feridas;Pleno dia;Crescente;Chuva;Simples;"Curva;Declive";Não;1;0;1;0;0;0;1;1;-20,46954919;-43,8434707;SPRF-MG;DEL05-MG;UOP02-DEL05-MG
584270;20/01/2024;sábado;17:30:00;SC;282;138;BOM RETIRO;Acessar a via sem observar a presença dos outros veículos;Colisão transversal;Com Vítimas Feridas;Pleno dia;Crescente;Sol;Simples;Reta;Sim;7;0;6;1;0;0;7;2;-27,825998;-49,575924;SPRF-SC;DEL05-SC;UOP01-DEL05-SC
584271;01/03/2024;sexta-feira;16:00:00;MS;262;375,7;TERENOS;Demais falhas mecânicas ou elétricas;Incêndio;Sem Vítimas;Pleno dia;Crescente;Sol;Simples;Reta;Não;2;0;0;0;2;0;0;1;-20,48824462;-54,82201518;SPRF-MS;DEL01-MS;UOP03-DEL01-MS
584273;01/03/2024;sexta-feira;17:27:00;PR;116;10;CAMPINA GRANDE DO SUL;Curva acentuada;Saída de leito carroçável;Com Vítimas Feridas;Anoitecer;Crescente;Garoa/Chuvisco;Dupla;Curva;Não;1;0;1;0;0;0;1;1;-25,08357197;-48,64281407;SPRF-PR;DEL01-PR;UOP02-DEL01-PR
584274;01/03/2024;sexta-feira;16:26:00;GO;153;511,7;APARECIDA DE GOIANIA;Condutor deixou de manter distância do veículo da frente;Colisão traseira;Com Vítimas Feridas;Pleno dia;Decrescente;Sol;Dupla;Reta;Sim;2;0;1;0;1;0;1;2;-16,8067;-49,2394;SPRF-GO;DEL01-GO;UOP03-DEL01-GO
584275;01/03/2024;sexta-feira;17:20:00;MA;135;350;PRESIDENTE DUTRA;Ingestão de álcool pelo condutor;Colisão transversal;Com Vítimas Fatais;Pleno dia;Crescente;Céu Claro;Simples;Reta;Sim;2;1;0;0;0;1;0;2;-5,377186;-44,46705818;SPRF-MA;DEL06-MA;UOP01-DEL06-MA
584276;01/03/2024;sexta-feira;17:40:00;SP;116;218;GUARULHOS;Ausência de reação do condutor;Colisão traseira;Com Vítimas Feridas;Anoitecer;Crescente;Céu Claro;Múltipla;Reta;Sim;2;0;0;1;1;0;1;2;-23,457972;-46,479927;SPRF-SP;DEL01-SP;UOP01-DEL01-SP
584279;01/03/2024;sexta-feira;17:25:00;MG;381;500,3;BETIM;Ingestão de álcool pelo condutor;Colisão lateral mesmo sentido;Sem Vítimas;Pleno dia;Crescente;Garoa/Chuvisco;Dupla;"Declive;Curva";Não;2;0;0;0;2;0;0;2;-20,02513493;-44,23112709;SPRF-MG;DEL01-MG;UOP03-DEL01-MG
584280;01/03/2024;sexta-feira;15:40:00;RJ;101;487;ANGRA DOS REIS;Acessar a via sem observar a presença dos outros veículos;Colisão transversal;Com Vítimas Feridas;Pleno dia;Crescente;Nublado;Dupla;"Retorno Regulamentado;Reta";Sim;2;0;1;0;1;0;1;2;-22,96828891;-44,29864663;SPRF-RJ;DEL03-RJ;UOP03-DEL03-RJ
584282;01/03/2024;sexta-feira;18:05:00;GO;40;7,1;VALPARAISO DE GOIAS;Acesso irregular;Colisão transversal;Com Vítimas Feridas;Anoitecer;Crescente;Céu Claro;Dupla;Reta;Sim;2;0;1;0;1;0;1;2;-16,108482;-47,972524;SPRF-DF;DEL01-DF;UOP01-DEL01-DF
584283;01/03/2024;sexta-feira;17:45:00;SC;101;206;SAO JOSE;Condutor deixou de manter distância do veículo da frente;Colisão lateral mesmo sentido;Com Vítimas Feridas;Anoitecer;Decrescente;Céu Claro;Dupla;Reta;Não;2;0;1;0;1;0;1;2;-27,59193546;-48,61824557;SPRF-SC;DEL01-SC;UOP01-DEL01-SC
584285;01/03/2024;sexta-feira;17:40:00;MG;381;499;BETIM;Manobra de mudança de faixa;Colisão traseira;Com Vítimas Feridas;Anoitecer;Crescente;Garoa/Chuvisco;Dupla;Reta;Sim;3;0;1;0;2;0;1;2;-20,01792651;-44,2261448;SPRF-MG;DEL01-MG;UOP03-DEL01-MG
584286;01/03/2024;sexta-feira;15:50:00;RO;364;236,6;CACOAL;Ausência de reação do condutor;Tombamento;Com Vítimas Feridas;Pleno dia;Crescente;Céu Claro;Simples;"Retorno Regulamentado;Reta";Sim;1;0;1;0;0;0;1;1;-11,443783;-61,444961;SPRF-RO;DEL02-RO;UOP02-DEL02-RO
584287;14/02/2024;quarta-feira;19:10:00;PR;277;63;SAO JOSE DOS PINHAIS;Condutor deixou de manter distância do veículo da frente;Engavetamento;Com Vítimas Feridas;Anoitecer;Crescente;Garoa/Chuvisco;Dupla;Reta;Não;8;0;3;0;5;0;3;3;-25,56100984;-49,01719293;SPRF-PR;DEL01-PR;UOP01-DEL01-PR
584289;01/03/2024;sexta-feira;17:40:00;PR;369;148,6;LONDRINA;Reação tardia ou ineficiente do condutor;Colisão traseira;Com Vítimas Feridas;Pleno dia;Decrescente;Céu Claro;Dupla;Aclive;Não;3;0;0;1;1;1;1;3;-23,293058;-51,148802;SPRF-PR;DEL07-PR;UOP01-DEL07-PR
584291;21/01/2024;domingo;18:24:00;BA;116;674;JEQUIE;Ausência de reação do condutor;Queda de ocupante de veículo;Com Vítimas Feridas;Anoitecer;Decrescente;Céu Claro;Simples;"Reta;Ponte";Não;2;0;1;1;0;0;2;1;-13,81715;-40,11209098;SPRF-BA;DEL03-BA;UOP01-DEL03-BA
584292;01/03/2024;sexta-feira;18:20:00;PB;230;19,9;JOAO PESSOA;Reação tardia ou ineficiente do condutor;Tombamento;Com Vítimas Feridas;Plena Noite;Crescente;Céu Claro;Dupla;Reta;Sim;1;0;1;0;0;0;1;1;-7,1281;-34,8466;SPRF-PB;DEL01-PB;UOP01-DEL01-PB