id;data_inversa;dia_semana;horario;uf;br;km;municipio;causa_acidente;tipo_acidente;classificacao_acidente;fase_dia;sentido_via;condicao_metereologica;tipo_pista;tracado_via;uso_solo;pessoas;mortos;feridos_leves;feridos_graves;ilesos;ignorados;feridos;veiculos;latitude;longitude;regional;delegacia;uop
585074;05/03/2024;terça-feira;00:30:00;RJ;116;291,8;BARRA MANSA;Ausência de reação do condutor;Colisão lateral mesmo sentido;Sem Vítimas;Plena Noite;Decrescente;Nublado;Dupla;"Declive;Reta";Não;1;0;0;0;0;1;0;1;-22,47234102;-44,27715902;SPRF-RJ;DEL07-RJ;UOP02-DEL07-RJ
585075;04/03/2024;segunda-feira;23:50:00;PA;10;27;DOM ELISEU;Deficiência do Sistema de Iluminação/Sinalização;Colisão traseira;Com Vítimas Feridas;Plena Noite;Crescente;Nublado;Simples;"Declive;Reta";Não;5;0;1;0;4;0;1;2;-4,216738;-47,54512;SPRF-PA;DEL02-PA;UOP02-DEL02-PA
585076;05/03/2024;terça-feira;00:30:00;CE;116;491,4;MILAGRES;Pista esburacada;Saída de leito carroçável;Com Vítimas Feridas;Plena Noite;Crescente;Nublado;Simples;Reta;Não;5;0;4;0;1;0;4;1;-7,3971957;-38,96266937;SPRF-CE;DEL05-CE;UOP03-DEL05-CE
585079;05/03/2024;terça-feira;03:00:00;TO;153;244;COLINAS DO TOCANTINS;Reação tardia ou ineficiente do condutor;Tombamento;Com Vítimas Feridas;Plena Noite;Crescente;Garoa/Chuvisco;Dupla;Reta;Sim;3;0;1;0;2;0;1;1;-8,02983501;-48,46574949;SPRF-TO;DEL02-TO;UOP01-DEL02-TO
585081;05/03/2024;terça-feira;04:45:00;PR;272;565;GUAIRA;Afundamento ou ondulação no pavimento;Tombamento;Com Vítimas Feridas;Plena Noite;Crescente;Céu Claro;Simples;"Aclive;Reta";Não;1;0;1;0;0;0;1;1;-24,09384703;-54,19790798;SPRF-PR;DEL06-PR;UOP01-DEL06-PR
585082;05/03/2024;terça-feira;04:30:00;PR;116;110;CURITIBA;Ausência de reação do condutor;Tombamento;Com Vítimas Feridas;Plena Noite;Crescente;Nublado;Múltipla;Reta;Sim;1;0;1;0;0;0;1;1;-25,560025;-49,264743;SPRF-PR;DEL01-PR;UOP07-DEL01-PR
585084;05/03/2024;terça-feira;05:30:00;SP;116;222;GUARULHOS;Reação tardia ou ineficiente do condutor;Atropelamento de Pedestre;Com Vítimas Feridas;Amanhecer;Decrescente;Céu Claro;Dupla;Reta;Sim;2;0;0;1;1;0;1;2;-23,47093408;-46,51631097;SPRF-SP;DEL01-SP;UOP01-DEL01-SP
585085;05/03/2024;terça-feira;04:15:00;SC;101;272,9;IMBITUBA;Velocidade Incompatível;Saída de leito carroçável;Sem Vítimas;Plena Noite;Crescente;Céu Claro;Dupla;Viaduto;Não;1;0;0;0;0;1;0;1;-28,13031416;-48,69305313;SPRF-SC;DEL02-SC;UOP03-DEL02-SC
585086;05/03/2024;terça-feira;05:10:00;GO;80;126;BARRO ALTO;Ausência de reação do condutor;Saída de leito carroçável;Sem Vítimas;Amanhecer;Crescente;Céu Claro;Dupla;Curva;Não;1;0;0;0;1;0;0;1;-15,01982108;-48,89716387;SPRF-GO;DEL07-GO;UOP02-DEL07-GO
585087;05/03/2024;terça-feira;04:40:00;PR;376;0,8;MARINGA;Curva acentuada;Saída de leito carroçável;Sem Vítimas;Plena Noite;Crescente;Céu Claro;Dupla;"Viaduto;Curva;Aclive";Sim;1;0;0;0;0;1;0;1;-23,40977524;-51,98807716;SPRF-PR;DEL09-PR;UOP01-DEL09-PR
585088;05/03/2024;terça-feira;06:30:00;SC;101;215;PALHOCA;Ausência de reação do condutor;Colisão traseira;Com Vítimas Feridas;Amanhecer;Decrescente;Nublado;Dupla;Reta;Sim;2;0;2;0;0;0;2;2;-27,65184843;-48,67604941;SPRF-SC;DEL01-SC;UOP02-DEL01-SC
585090;05/03/2024;terça-feira;06:37:00;PE;232;9;RECIFE;Condutor deixou de manter distância do veículo da frente;Colisão traseira;Com Vítimas Feridas;Pleno dia;Decrescente;Céu Claro;Múltipla;"Viaduto;Reta;Aclive";Sim;2;0;1;0;1;0;1;2;-8,07764447;-34,97863609;SPRF-PE;DEL01-PE;UOP01-DEL01-PE
585092;05/03/2024;terça-feira;04:30:00;MT;163;832;SINOP;Ausência de reação do condutor;Queda de ocupante de veículo;Com Vítimas Feridas;Plena Noite;Decrescente;Céu Claro;Dupla;Reta;Sim;1;0;1;0;0;0;1;1;-11,878;-55,49988222;SPRF-MT;DEL06-MT;UOP02-DEL06-MT
585098;05/03/2024;terça-feira;07:50:00;RS;116;268;CANOAS;Trafegar com motocicleta (ou similar) entre as faixas;Colisão lateral mesmo sentido;Com Vítimas Feridas;Pleno dia;Crescente;Céu Claro;Múltipla;Reta;Não;1;0;1;0;0;0;1;1;-29,95042502;-51,17652939;SPRF-RS;DEL01-RS;UOP01-DEL01-RS
585099;05/03/2024;terça-feira;07:00:00;SP;116;106;TAUBATE;Manobra de mudança de faixa;Capotamento;Com Vítimas Feridas;Pleno dia;Crescente;Céu Claro;Dupla;Reta;Sim;1;0;1;0;0;0;1;1;-23,01250593;-45,52256005;SPRF-SP;DEL02-SP;UOP02-DEL02-SP
585101;04/03/2024;segunda-feira;22:35:00;GO;364;120;APARECIDA DO RIO DOCE;Ausência de reação do condutor;Saída de leito carroçável;Sem Vítimas;Plena Noite;Crescente;Céu Claro;Simples;Reta;Não;1;0;0;0;1;0;0;1;-18,280489;-51,196602;SPRF-GO;DEL05-GO;UOP02-DEL05-GO
585102;05/03/2024;terça-feira;07:50:00;PR;376;179;MARINGA;Velocidade Incompatível;Colisão traseira;Com Vítimas Feridas;Amanhecer;Crescente;Céu Claro;Dupla;Reta;Sim;2;0;1;1;0;0;2;2;-23,419769;-51,911904;SPRF-PR;DEL09-PR;UOP01-DEL09-PR
585103;05/03/2024;terça-feira;07:48:00;RS;158;329,9;SANTA MARIA;Acessar a via sem observar a presença dos outros veículos;Colisão lateral mesmo sentido;Com Vítimas Feridas;Pleno dia;Crescente;Céu Claro;Dupla;Reta;Sim;2;0;1;0;1;0;1;2;-29,70656383;-53,82849988;SPRF-RS;DEL09-RS;UOP01-DEL09-RS
585104;05/03/2024;terça-feira;08:00:00;SP;116;512;CAJATI;Reação tardia ou ineficiente do condutor;Queda de ocupante de veículo;Com Vítimas Feridas;Pleno dia;Decrescente;Garoa/Chuvisco;Simples;Curva;Não;1;0;1;0;0;0;1;1;-24,84304306;-48,22027915;SPRF-SP;DEL05-SP;UOP02-DEL05-SP
585106;05/03/2024;terça-feira;07:20:00;RJ;40;123;DUQUE DE CAXIAS;Ausência de reação do condutor;Colisão traseira;Com Vítimas Feridas;Pleno dia;Crescente;Céu Claro;Múltipla;Reta;Sim;2;0;0;1;1;0;1;2;-22,79907687;-43,29015739;SPRF-RJ;DEL01-RJ;UOP02-DEL01-RJ
585108;05/03/2024;terça-feira;08:20:00;GO;60;235;INDIARA;Velocidade Incompatível;Saída de leito carroçável;Com Vítimas Feridas;Pleno dia;Crescente;Chuva;Dupla;Declive;Não;2;0;2;0;0;0;2;1;-17,0794;-49,8299;SPRF-GO;DEL01-GO;UOP02-DEL01-GO
585110;05/03/2024;terça-feira;08:01:00;TO;10;463;PALMAS;Manobra de mudança de faixa;Colisão lateral mesmo sentido;Com Vítimas Feridas;Pleno dia;Crescente;Céu Claro;Dupla;Reta;Não;1;0;1;0;0;0;1;1;-10,24497118;-48,31182003;SPRF-TO;DEL01-TO;UOP03-DEL01-TO
585112;05/03/2024;terça-feira;08:13:00;DF;20;2;BRASILIA;Reação tardia ou ineficiente do condutor;Colisão traseira;Com Vítimas Feridas;Pleno dia;Decrescente;Chuva;Dupla;Reta;Sim;2;0;1;0;1;0;1;2;-15,682896;-47,840729;SPRF-DF;DEL02-DF;UOP01-DEL02-DF
585115;05/03/2024;terça-feira;07:30:00;MG;381;634,1;OLIVEIRA;Velocidade Incompatível;Colisão com objeto;Com Vítimas Feridas;Pleno dia;Crescente;Céu Claro;Dupla;"Curva;Declive";Não;1;0;1;0;0;0;1;1;-20,87602422;-44,84695195;SPRF-MG;DEL04-MG;UOP01-DEL04-MG
585116;05/03/2024;terça-feira;08:19:00;SC;101;119;ITAJAI;Ausência de reação do condutor;Colisão traseira;Com Vítimas Feridas;Pleno dia;Decrescente;Nublado;Múltipla;Reta;Não;2;0;1;0;1;0;1;2;-26,9043179;-48,71555481;SPRF-SC;DEL04-SC;UOP04-DEL04-SC
585119;05/03/2024;terça-feira;08:45:00;PR;116;39;CAMPINA GRANDE DO SUL;Chuva;Capotamento;Com Vítimas Feridas;Pleno dia;Crescente;Chuva;Dupla;Curva;Não;3;0;1;0;2;0;1;1;-25,156168;-48,8613401;SPRF-PR;DEL01-PR;UOP02-DEL01-PR
585120;05/03/2024;terça-feira;08:00:00;PR;277;82;CURITIBA;Condutor deixou de manter distância do veículo da frente;Colisão traseira;Com Vítimas Feridas;Pleno dia;Crescente;Nublado;Dupla;Reta;Sim;2;0;1;0;1;0;1;2;-25,46022424;-49,22059536;SPRF-PR;DEL01-PR;UOP07-DEL01-PR
585123;05/03/2024;terça-feira;09:25:00;RJ;101;267;RIO BONITO;Ausência de reação do condutor;Colisão traseira;Com Vítimas Feridas;Pleno dia;Decrescente;Céu Claro;Dupla;Reta;Sim;1;0;1;0;0;0;1;1;-22,70728329;-42,66059086;SPRF-RJ;DEL02-RJ;UOP03-DEL02-RJ
585124;05/03/2024;terça-feira;08:22:00;BA;101;508;ITABUNA;Ausência de reação do condutor;Colisão transversal;Com Vítimas Feridas;Pleno dia;Crescente;Céu Claro;Simples;Reta;Não;4;0;1;0;3;0;1;2;-14,97000197;-39,31996203;SPRF-BA;DEL05-BA;UOP01-DEL05-BA
585125;05/03/2024;terça-feira;09:40:00;GO;153;643;MORRINHOS;Velocidade Incompatível;Saída de leito carroçável;Com Vítimas Feridas;Pleno dia;Crescente;Chuva;Dupla;Retorno Regulamentado;Não;1;0;0;1;0;0;1;1;-17,89287537;-49,23399925;SPRF-GO;DEL03-GO;UOP01-DEL03-GO
585131;05/03/2024;terça-feira;09:05:00;MT;163;521;VARZEA GRANDE;Ultrapassagem Indevida;Colisão transversal;Com Vítimas Feridas;Pleno dia;Decrescente;Nublado;Simples;Reta;Sim;2;0;0;1;1;0;1;2;-15,668799;-56,181251;SPRF-MT;DEL01-MT;UOP01-DEL01-MT
585132;05/03/2024;terça-feira;08:40:00;MT;364;270,8;JACIARA;Reação tardia ou ineficiente do condutor;Queda de ocupante de veículo;Com Vítimas Feridas;Pleno dia;Crescente;Nublado;Dupla;"Aclive;Reta";Sim;1;0;1;0;0;0;1;1;-15,9689785;-54,94463002;SPRF-MT;DEL05-MT;UOP02-DEL05-MT
585134;05/03/2024;terça-feira;09:50:00;MG;262;147;SAO DOMINGOS DO PRATA;Acessar a via sem observar a presença dos outros veículos;Colisão transversal;Sem Vítimas;Pleno dia;Decrescente;Sol;Simples;"Interseção de Vias;Reta";Não;2;0;0;0;2;0;0;2;-20,02007782;-42,74457075;SPRF-MG;DEL03-MG;UOP03-DEL03-MG
585135;05/03/2024;terça-feira;09:51:00;PA;230;123;MARABA;Acessar a via sem observar a presença dos outros veículos;Colisão transversal;Com Vítimas Feridas;Pleno dia;Decrescente;Sol;Dupla;"Retorno Regulamentado;Reta";Não;3;0;1;0;1;1;1;2;-5,36838526;-49,12886078;SPRF-PA;DEL03-PA;UOP01-DEL03-PA
585139;05/03/2024;terça-feira;10:05:00;RJ;101;385;RIO DE JANEIRO;Demais falhas mecânicas ou elétricas;Colisão traseira;Com Vítimas Feridas;Pleno dia;Crescente;Céu Claro;Dupla;Reta;Sim;4;0;2;0;2;0;2;2;-22,88064129;-43,63218994;SPRF-RJ;DEL03-RJ;UOP01-DEL03-RJ
585140;05/03/2024;terça-feira;09:50:00;TO;153;496;PARAISO DO TOCANTINS;Ultrapassagem Indevida;Colisão transversal;Com Vítimas Feridas;Pleno dia;Crescente;Céu Claro;Simples;"Reta;Interseção de Vias";Sim;2;0;1;0;1;0;1;2;-10,16527794;-48,88094578;SPRF-TO;DEL01-TO;UOP01-DEL01-TO
585142;05/03/2024;terça-feira;10:30:00;MG;262;99;ABRE CAMPO;Condutor Dormindo;Saída de leito carroçável;Com Vítimas Feridas;Pleno dia;Decrescente;Sol;Simples;Reta;Não;2;0;2;0;0;0;2;1;-20,2909942;-42,50611695;SPRF-MG;DEL03-MG;UOP03-DEL03-MG
585146;05/03/2024;terça-feira;10:30:00;CE;116;190,2;LIMOEIRO DO NORTE;Retorno proibido;Colisão traseira;Com Vítimas Feridas;Pleno dia;Decrescente;Nublado;Dupla;Reta;Não;2;0;1;0;1;0;1;2;-5,11745762;-38,14382945;SPRF-CE;DEL03-CE;UOP01-DEL03-CE
585147;05/03/2024;terça-feira;11:35:00;PB;230;20,2;JOAO PESSOA;Acumulo de água sobre o pavimento;Tombamento;Com Vítimas Feridas;Pleno dia;Decrescente;Chuva;Simples;Retorno Regulamentado;Sim;1;0;0;1;0;0;1;1;-7,1337;-34,8544;SPRF-PB;DEL01-PB;UOP01-DEL01-PB
585148;05/03/2024;terça-feira;10:40:00;SP;116;446;REGISTRO;Ausência de reação do condutor;Queda de ocupante de veículo;Com Vítimas Feridas;Pleno dia;Crescente;Céu Claro;Dupla;"Curva;Aclive";Sim;1;0;1;0;0;0;1;1;-24,5073942;-47,84926236;SPRF-SP;DEL05-SP;UOP01-DEL05-SP
585154;05/03/2024;terça-feira;11:20:00;SC;101;329,1;TUBARAO;Avarias e/ou desgaste excessivo no pneu;Saída de leito carroçável;Com Vítimas Feridas;Pleno dia;Crescente;Nublado;Dupla;Curva;Sim;2;0;2;0;0;0;2;1;-28,45208499;-48,97435784;SPRF-SC;DEL02-SC;UOP01-DEL02-SC
585157;05/03/2024;terça-feira;13:00:00;MG;381;502,7;BETIM;Ultrapassagem Indevida;Colisão lateral mesmo sentido;Com Vítimas Feridas;Pleno dia;Decrescente;Nublado;Simples;Rotatória;Sim;2;0;1;0;1;0;1;2;-20,03619694;-44,24586303;SPRF-MG;DEL01-MG;UOP03-DEL01-MG
585158;05/03/2024;terça-feira;12:40:00;RN;226;323,6;MESSIAS TARGINO;Velocidade Incompatível;Capotamento;Com Vítimas Feridas;Pleno dia;Crescente;Nublado;Simples;Curva;Não;1;0;1;0;0;0;1;1;-6,0740959;-37,51075002;SPRF-RN;DEL04-RN;UOP01-DEL04-RN
585160;05/03/2024;terça-feira;12:10:00;RJ;101;321;NITEROI;Avarias e/ou desgaste excessivo no pneu;Queda de ocupante de veículo;Com Vítimas Feridas;Pleno dia;Crescente;Céu Claro;Múltipla;Curva;Não;2;0;2;0;0;0;2;1;-22,86981096;-43,11046465;SPRF-RJ;DEL02-RJ;UOP01-DEL02-RJ
585162;10/02/2024;sábado;21:00:00;SC;470;122;IBIRAMA;Reação tardia ou ineficiente do condutor;Saída de leito carroçável;Sem Vítimas;Plena Noite;Decrescente;Céu Claro;Simples;Reta;Não;1;0;0;0;1;0;0;1;-27,09056217;-49,5206219;SPRF-SC;DEL04-SC;UOP02-DEL04-SC
585164;05/03/2024;terça-feira;07:30:00;MT;70;522;VARZEA GRANDE;Acesso irregular;Colisão transversal;Com Vítimas Feridas;Pleno dia;Crescente;Céu Claro;Simples;Reta;Não;2;0;1;0;1;0;1;2;-15,664863;-56,1839051;SPRF-MT;DEL01-MT;UOP02-DEL01-MT
585165;05/03/2024;terça-feira;12:35:00;MG;381;671;PERDOES;Avarias e/ou desgaste excessivo no pneu;Saída de leito carroçável;Com Vítimas Feridas;Pleno dia;Crescente;Chuva;Dupla;"Declive;Curva";Não;4;0;1;1;2;0;2;1;-21,08945416;-45,06864195;SPRF-MG;DEL04-MG;UOP02-DEL04-MG
585166;05/03/2024;terça-feira;13:50:00;BA;116;486;RAFAEL JAMBEIRO;Acessar a via sem observar a presença dos outros veículos;Colisão transversal;Com Vítimas Feridas;Pleno dia;Decrescente;Céu Claro;Dupla;Reta;Não;2;0;0;1;1;0;1;2;-12,53299173;-39,41711114;SPRF-BA;DEL02-BA;UOP01-DEL02-BA
585167;05/03/2024;terça-feira;13:15:00;CE;116;5;FORTALEZA;Manobra de mudança de faixa;Colisão lateral mesmo sentido;Com Vítimas Fatais;Pleno dia;Crescente;Céu Claro;Múltipla;Reta;Sim;2;1;0;0;1;0;0;2;-3,79467116;-38,50772734;SPRF-CE;DEL01-CE;UOP02-DEL01-CE
585169;05/03/2024;terça-feira;12:15:00;AC;364;121;RIO BRANCO;Acessar a via sem observar a presença dos outros veículos;Colisão transversal;Com Vítimas Feridas;Pleno dia;Decrescente;Céu Claro;Dupla;Rotatória;Sim;2;0;1;0;0;1;1;2;-10,01215705;-67,77022945;SPRF-AC;DEL01-AC;UOP01-DEL01-AC
585172;05/03/2024;terça-feira;13:00:00;MS;163;263,1;DOURADOS;Ausência de reação do condutor;Colisão lateral mesmo sentido;Com Vítimas Feridas;Pleno dia;Crescente;Céu Claro;Dupla;Reta;Sim;2;0;1;0;1;0;1;2;-22,2316424;-54,7478208;SPRF-MS;DEL04-MS;UOP01-DEL04-MS
585176;05/03/2024;terça-feira;14:20:00;DF;60;6,7;BRASILIA;Manobra de mudança de faixa;Colisão traseira;Com Vítimas Feridas;Pleno dia;Decrescente;Nublado;Dupla;Reta;Sim;2;0;1;0;1;0;1;2;-15,897939;-48,113056;SPRF-DF;DEL03-DF;UOP01-DEL03-DF
585177;05/03/2024;terça-feira;14:30:00;RS;285;553,1;SAO LUIZ GONZAGA;Reação tardia ou ineficiente do condutor;Saída de leito carroçável;Com Vítimas Feridas;Pleno dia;Crescente;Sol;Simples;Reta;Não;4;0;3;0;1;0;3;1;-28,417257;-54,824177;SPRF-RS;DEL10-RS;UOP01-DEL10-RS
585179;05/03/2024;terça-feira;13:09:00;MG;381;380;SAO GONCALO DO RIO ABAIXO;Manobra de mudança de faixa;Colisão transversal;Com Vítimas Feridas;Pleno dia;Crescente;Chuva;Simples;Reta;Sim;2;0;0;1;1;0;1;2;-19,8358771;-43,3476308;SPRF-MG;DEL01-MG;UOP01-DEL01-MG
585180;05/03/2024;terça-feira;09:30:00;SC;282;591;SAUDADES;Demais falhas mecânicas ou elétricas;Colisão frontal;Com Vítimas Feridas;Pleno dia;Crescente;Garoa/Chuvisco;Simples;Curva;Não;4;0;3;0;1;0;3;2;-26,82728772;-53,07608843;SPRF-SC;DEL07-SC;UOP02-DEL07-SC
585182;21/01/2024;domingo;22:20:00;ES;101;314,3;VILA VELHA;Chuva;Queda de ocupante de veículo;Com Vítimas Feridas;Plena Noite;Crescente;Chuva;Dupla;"Interseção de Vias;Curva";Não;2;0;0;2;0;0;2;1;-20,461157;-40,46533;SPRF-ES;DEL01-ES;UOP01-DEL01-ES
585184;05/03/2024;terça-feira;14:45:00;GO;60;385;RIO VERDE;Condutor deixou de manter distância do veículo da frente;Colisão traseira;Sem Vítimas;Pleno dia;Decrescente;Céu Claro;Dupla;Reta;Sim;2;0;0;0;2;0;0;2;-17,7964;-50,914;SPRF-GO;DEL04-GO;UOP02-DEL04-GO
585186;05/03/2024;terça-feira;15:30:00;RS;386;354,4;ESTRELA;Reação tardia ou ineficiente do condutor;Tombamento;Com Vítimas Feridas;Pleno dia;Decrescente;Sol;Dupla;"Reta;Em Obras";Não;1;0;1;0;0;0;1;1;-29,506611;-51,943012;SPRF-RS;DEL04-RS;UOP01-DEL04-RS
585189;05/03/2024;terça-feira;13:40:00;PI;343;343;TERESINA;Manobra de mudança de faixa;Colisão lateral mesmo sentido;Com Vítimas Feridas;Pleno dia;Crescente;Céu Claro;Simples;"Rotatória;Viaduto;Interseção de Vias";Sim;3;0;1;0;2;0;1;2;-5,09021749;-42,76076317;SPRF-PI;DEL01-PI;UOP01-DEL01-PI
585193;05/03/2024;terça-feira;15:50:00;PB;101;89,9;JOAO PESSOA;Desrespeitar a preferência no cruzamento;Colisão lateral mesmo sentido;Com Vítimas Feridas;Pleno dia;Crescente;Nublado;Dupla;Reta;Sim;3;0;0;2;1;0;2;2;-7,179652;-34,900417;SPRF-PB;DEL01-PB;UOP02-DEL01-PB
585195;05/03/2024;terça-feira;13:55:00;PR;153;10,4;JACAREZINHO;Manobra de mudança de faixa;Colisão lateral mesmo sentido;Com Vítimas Feridas;Pleno dia;Decrescente;Céu Claro;Simples;"Aclive;Reta";Não;3;0;1;1;1;0;2;2;-23,08185;-49,93573;SPRF-PR;DEL07-PR;UOP04-DEL07-PR
585196;05/03/2024;terça-feira;16:20:00;SP;116;281;EMBU DAS ARTES;Problema na suspensão;Queda de ocupante de veículo;Com Vítimas Feridas;Pleno dia;Decrescente;Nublado;Dupla;Reta;Sim;1;0;1;0;0;0;1;1;-23,67784787;-46,85769227;SPRF-SP;DEL04-SP;UOP01-DEL04-SP
585197;16/02/2024;sexta-feira;22:30:00;SP;116;231;SAO PAULO;Manobra de mudança de faixa;Colisão traseira;Com Vítimas Feridas;Plena Noite;Decrescente;Céu Claro;Múltipla;Reta;Sim;2;0;0;1;1;0;1;2;-23,5290581;-46,59398303;SPRF-SP;DEL01-SP;UOP01-DEL01-SP
585200;05/03/2024;terça-feira;16:14:00;RO;319;62;PORTO VELHO;Condutor deixou de manter distância do veículo da frente;Colisão traseira;Sem Vítimas;Pleno dia;Crescente;Chuva;Múltipla;Interseção de Vias;Sim;2;0;0;0;2;0;0;2;-8,75587;-63,88687503;SPRF-RO;DEL01-RO;UOP01-DEL01-RO
585202;05/03/2024;terça-feira;15:00:00;RJ;116;94;GUAPIMIRIM;Ausência de reação do condutor;Colisão traseira;Com Vítimas Feridas;Pleno dia;Decrescente;Céu Claro;Simples;"Aclive;Reta";Não;4;0;1;0;3;0;1;3;-22,46643519;-43,00088701;SPRF-RJ;DEL04-RJ;UOP01-DEL04-RJ
585204;05/03/2024;terça-feira;15:15:00;RS;290;53;GLORINHA;Reação tardia ou ineficiente do condutor;Queda de ocupante de veículo;Com Vítimas Feridas;Pleno dia;Decrescente;Céu Claro;Múltipla;Reta;Não;2;0;1;0;1;0;1;1;-29,912077;-50,787758;SPRF-RS;DEL03-RS;UOP01-DEL03-RS
585205;05/03/2024;terça-feira;11:05:00;BA;116;460;SANTO ESTEVAO;Acessar a via sem observar a presença dos outros veículos;Colisão transversal;Com Vítimas Feridas;Pleno dia;Decrescente;Céu Claro;Dupla;Reta;Não;2;0;1;0;0;1;1;2;-12,42571818;-39,20648189;SPRF-BA;DEL02-BA;UOP01-DEL02-BA
585207;05/03/2024;terça-feira;17:25:00;CE;116;20,6;ITAITINGA;Ausência de reação do condutor;Colisão lateral mesmo sentido;Com Vítimas Feridas;Plena Noite;Crescente;Céu Claro;Dupla;Reta;Não;2;0;1;0;0;1;1;2;-3,92277497;-38,50762327;SPRF-CE;DEL01-CE;UOP02-DEL01-CE
585208;05/03/2024;terça-feira;15:30:00;MG;381;556,2;ITAGUARA;Chuva;Saída de leito carroçável;Com Vítimas Feridas;Pleno dia;Decrescente;Chuva;Dupla;Curva;Não;1;0;1;0;0;0;1;1;-20,36068712;-44,46666568;SPRF-MG;DEL04-MG;UOP03-DEL04-MG
585209;05/03/2024;terça-feira;09:20:00;BA;116;590,4;IRAJUBA;Demais falhas mecânicas ou elétricas;Queda de ocupante de veículo;Com Vítimas Feridas;Pleno dia;Crescente;Céu Claro;Simples;Reta;Não;2;0;1;0;1;0;1;1;-13,13736057;-40,00011212;SPRF-BA;DEL03-BA;UOP02-DEL03-BA
585210;05/03/2024;terça-feira;12:30:00;MG;381;545,8;ITATIAIUCU;Chuva;Tombamento;Com Vítimas Feridas;Pleno dia;Crescente;Nublado;Dupla;"Aclive;Curva";Não;1;0;1;0;0;0;1;1;-20,28766303;-44,43572087;SPRF-MG;DEL04-MG;UOP03-DEL04-MG
585211;05/03/2024;terça-feira;18:05:00;RS;472;573;URUGUAIANA;Retorno proibido;Colisão transversal;Com Vítimas Feridas;Pleno dia;Crescente;Céu Claro;Simples;Curva;Sim;3;0;2;0;1;0;2;2;-29,76465212;-57,04239428;SPRF-RS;DEL13-RS;UOP01-DEL13-RS
585212;05/03/2024;terça-feira;18:25:00;MG;116;701,1;MURIAE;Desrespeitar a preferência no cruzamento;Colisão transversal;Com Vítimas Feridas;Plena Noite;Crescente;Nublado;Simples;Interseção de Vias;Sim;4;0;0;1;3;0;1;2;-21,11938311;-42,38006362;SPRF-MG;DEL07-MG;UOP02-DEL07-MG
585214;05/03/2024;terça-feira;18:00:00;PB;101;85;BAYEUX;Acessar a via sem observar a presença dos outros veículos;Colisão lateral mesmo sentido;Com Vítimas Feridas;Plena Noite;Decrescente;Céu Claro;Dupla;"Reta;Interseção de Vias";Sim;4;0;2;0;2;0;2;2;-7,14859768;-34,91249809;SPRF-PB;DEL01-PB;UOP01-DEL01-PB
585215;05/03/2024;terça-feira;17:40:00;ES;259;58;COLATINA;Condutor deixou de manter distância do veículo da frente;Colisão traseira;Com Vítimas Feridas;Plena Noite;Crescente;Céu Claro;Simples;Curva;Não;1;0;0;1;0;0;1;1;-19,52530482;-40,67461308;SPRF-ES;DEL02-ES;UOP01-DEL02-ES
585216;05/03/2024;terça-feira;16:30:00;PR;369;365,5;MAMBORE;Ultrapassagem Indevida;Colisão frontal;Com Vítimas Feridas;Pleno dia;Decrescente;Sol;Simples;"Reta;Declive";Não;3;0;1;1;1;0;2;2;-24,231215;-52,519478;SPRF-PR;DEL09-PR;UOP03-DEL09-PR
585219;05/03/2024;terça-feira;10:00:00;PA;316;34;SANTA IZABEL DO PARA;Reação tardia ou ineficiente do condutor;Colisão traseira;Sem Vítimas;Pleno dia;Crescente;Sol;Dupla;Reta;Sim;4;0;0;0;4;0;0;2;-1,29444763;-48,17249938;SPRF-PA;DEL01-PA;UOP01-DEL01-PA
585220;05/03/2024;terça-feira;17:35:00;PR;369;186;ARAPONGAS;Ultrapassagem Indevida;Colisão transversal;Com Vítimas Feridas;Anoitecer;Decrescente;Céu Claro;Simples;Interseção de Vias;Sim;2;0;1;0;1;0;1;2;-23,42448917;-51,42366236;SPRF-PR;DEL07-PR;UOP03-DEL07-PR
585221;05/03/2024;terça-feira;18:50:00;RS;472;566;URUGUAIANA;Reação tardia ou ineficiente do condutor;Queda de ocupante de veículo;Com Vítimas Feridas;Anoitecer;Decrescente;Céu Claro;Simples;Reta;Não;1;0;1;0;0;0;1;1;-29,70536312;-56,92141479;SPRF-RS;DEL13-RS;UOP01-DEL13-RS
585222;05/03/2024;terça-feira;19:00:00;GO;60;99;ANAPOLIS;Entrada inopinada do pedestre;Atropelamento de Pedestre;Com Vítimas Fatais;Plena Noite;Crescente;Céu Claro;Dupla;Reta;Sim;2;1;0;0;1;0;0;2;-16,3924;-48,9588;SPRF-GO;DEL02-GO;UOP01-DEL02-GO
585223;05/03/2024;terça-feira;18:20:00;PE;232;5;RECIFE;Ausência de reação do condutor;Colisão traseira;Com Vítimas Feridas;Plena Noite;Crescente;Nublado;Dupla;Reta;Sim;2;0;1;0;1;0;1;2;-8,068413;-34,946683;SPRF-PE;DEL01-PE;UOP01-DEL01-PE
585225;05/03/2024;terça-feira;17:09:00;PI;343;340;TERESINA;Retorno proibido;Colisão transversal;Sem Vítimas;Pleno dia;Crescente;Céu Claro;Múltipla;Reta;Sim;2;0;0;0;2;0;0;2;-5,074137;-42,73629;SPRF-PI;DEL01-PI;UOP01-DEL01-PI
585226;05/03/2024;terça-feira;09:20:00;BA;242;892;LUIS EDUARDO MAGALHAES;Ausência de reação do condutor;Saída de leito carroçável;Com Vítimas Feridas;Pleno dia;Decrescente;Céu Claro;Simples;Reta;Não;1;0;1;0;0;0;1;1;-12,10665;-45,909438;SPRF-BA;DEL10-BA;UOP01-DEL10-BA