id;data_inversa;dia_semana;horario;uf;br;km;municipio;causa_acidente;tipo_acidente;classificacao_acidente;fase_dia;sentido_via;condicao_metereologica;tipo_pista;tracado_via;uso_solo;pessoas;mortos;feridos_leves;feridos_graves;ilesos;ignorados;feridos;veiculos;latitude;longitude;regional;delegacia;uop
585589;25/01/2024;quinta-feira;17:50:00;BA;101;162;CONCEICAO DO JACUIPE;Reação tardia ou ineficiente do condutor;Capotamento;Com Vítimas Feridas;Plena Noite;Decrescente;Ignorado;Dupla;Reta;Sim;2;0;2;0;0;0;2;1;-12,35551436;-38,782478;SPRF-BA;DEL01-BA;UOP03-DEL01-BA
585591;29/02/2024;quinta-feira;02:04:00;SP;262;321,7;CASTILHO;Animais na Pista;Colisão traseira;Com Vítimas Feridas;Plena Noite;Decrescente;Céu Claro;Dupla;Curva;Não;2;0;0;1;0;1;1;2;-20,78935176;-51,61112808;SPRF-MS;DEL07-MS;UOP01-DEL07-MS
585592;07/03/2024;quinta-feira;07:35:00;RS;392;24,5;RIO GRANDE;Objeto estático sobre o leito carroçável;Queda de ocupante de veículo;Com Vítimas Feridas;Pleno dia;Decrescente;Céu Claro;Dupla;Reta;Não;1;0;1;0;0;0;1;1;-32,0858159;-52,23789595;SPRF-RS;DEL07-RS;UOP02-DEL07-RS
585593;06/03/2024;quarta-feira;20:15:00;RJ;116;178;BELFORD ROXO;Avarias e/ou desgaste excessivo no pneu;Tombamento;Com Vítimas Feridas;Plena Noite;Crescente;Céu Claro;Dupla;Reta;Sim;1;0;1;0;0;0;1;1;-22,77496393;-43,40081465;SPRF-RJ;DEL06-RJ;UOP01-DEL06-RJ
585595;05/03/2024;terça-feira;11:45:00;PE;407;122,9;PETROLINA;Ausência de reação do condutor;Colisão traseira;Com Vítimas Feridas;Pleno dia;Crescente;Nublado;Simples;"Em Obras;Reta";Sim;3;0;1;0;2;0;1;2;-9,35368726;-40,55051642;SPRF-PE;DEL06-PE;UOP01-DEL06-PE
585596;07/03/2024;quinta-feira;08:13:00;SC;470;76;INDAIAL;Conversão proibida;Colisão transversal;Com Vítimas Feridas;Pleno dia;Decrescente;Nublado;Simples;"Curva;Em Obras";Não;4;0;1;1;2;0;2;2;-26,924833;-49,284004;SPRF-SC;DEL04-SC;UOP01-DEL04-SC
585597;07/03/2024;quinta-feira;08:30:00;PI;343;282;ALTOS;Transitar na contramão;Colisão transversal;Com Vítimas Feridas;Pleno dia;Decrescente;Céu Claro;Simples;Reta;Não;4;0;1;0;3;0;1;2;-4,940879;-42,326392;SPRF-PI;DEL01-PI;UOP03-DEL01-PI
585598;07/03/2024;quinta-feira;06:46:00;MT;163;674;LUCAS DO RIO VERDE;Ultrapassagem Indevida;Colisão frontal;Com Vítimas Fatais;Pleno dia;Decrescente;Sol;Simples;Reta;Não;4;1;1;2;0;0;3;2;-13,29032613;-56,03348571;SPRF-MT;DEL06-MT;UOP01-DEL06-MT
585599;07/03/2024;quinta-feira;08:30:00;SC;101;121;ITAJAI;Reação tardia ou ineficiente do condutor;Colisão traseira;Com Vítimas Feridas;Pleno dia;Crescente;Nublado;Dupla;Viaduto;Sim;2;0;1;0;1;0;1;2;-26,92103178;-48,70856446;SPRF-SC;DEL04-SC;UOP04-DEL04-SC
585605;07/03/2024;quinta-feira;07:30:00;SC;280;154;MAFRA;Condutor deixou de manter distância do veículo da frente;Colisão traseira;Sem Vítimas;Pleno dia;Decrescente;Nublado;Simples;Curva;Não;2;0;0;0;2;0;0;2;-26,21362587;-49,7181449;SPRF-SC;DEL06-SC;UOP03-DEL06-SC
585608;07/03/2024;quinta-feira;08:15:00;RJ;356;185;SAO JOAO DA BARRA;Condutor deixou de manter distância do veículo da frente;Engavetamento;Com Vítimas Feridas;Pleno dia;Decrescente;Céu Claro;Simples;Reta;Sim;3;0;1;0;2;0;1;3;-21,63133405;-41,03952199;SPRF-RJ;DEL08-RJ;UOP02-DEL08-RJ
585609;07/03/2024;quinta-feira;08:00:00;RS;153;381,9;NOVO CABRAIS;Acessar a via sem observar a presença dos outros veículos;Colisão frontal;Com Vítimas Feridas;Pleno dia;Decrescente;Céu Claro;Simples;"Declive;Reta";Não;3;0;2;0;0;1;2;2;-29,83175395;-52,96911346;SPRF-RS;DEL02-RS;UOP03-DEL02-RS
585611;07/03/2024;quinta-feira;08:30:00;SC;101;86;BARRA VELHA;Acessar a via sem observar a presença dos outros veículos;Colisão frontal;Com Vítimas Feridas;Pleno dia;Decrescente;Nublado;Simples;Viaduto;Não;2;0;1;0;1;0;1;2;-26,63277317;-48,70232513;SPRF-SC;DEL03-SC;UOP02-DEL03-SC
585613;07/03/2024;quinta-feira;10:00:00;RJ;116;184;NOVA IGUACU;Manobra de mudança de faixa;Colisão lateral mesmo sentido;Com Vítimas Feridas;Pleno dia;Crescente;Céu Claro;Dupla;Curva;Sim;2;0;1;0;1;0;1;2;-22,74647215;-43,44594311;SPRF-RJ;DEL06-RJ;UOP01-DEL06-RJ
585615;29/02/2024;quinta-feira;21:57:00;SC;101;252,8;PAULO LOPES;Reação tardia ou ineficiente do condutor;Colisão frontal;Com Vítimas Feridas;Plena Noite;Crescente;Nublado;Múltipla;Reta;Sim;6;0;4;1;1;0;5;3;-27,96488448;-48,67937708;SPRF-SC;DEL02-SC;UOP03-DEL02-SC
585617;07/03/2024;quinta-feira;10:00:00;PI;343;343,2;TERESINA;Desrespeitar a preferência no cruzamento;Colisão transversal;Com Vítimas Feridas;Pleno dia;Decrescente;Céu Claro;Múltipla;"Rotatória;Viaduto;Interseção de Vias";Sim;2;0;0;1;1;0;1;2;-5,0904635;-42,76048064;SPRF-PI;DEL01-PI;UOP01-DEL01-PI
585621;07/03/2024;quinta-feira;10:30:00;MG;40;512;RIBEIRAO DAS NEVES;Trafegar com motocicleta (ou similar) entre as faixas;Tombamento;Com Vítimas Feridas;Pleno dia;Crescente;Céu Claro;Dupla;"Reta;Aclive";Não;2;0;0;1;0;1;1;2;-19,78946999;-44,11290699;SPRF-MG;DEL01-MG;UOP02-DEL01-MG
585622;07/03/2024;quinta-feira;10:20:00;RJ;116;170;RIO DE JANEIRO;Reação tardia ou ineficiente do condutor;Colisão lateral mesmo sentido;Com Vítimas Feridas;Pleno dia;Decrescente;Céu Claro;Múltipla;Reta;Não;2;0;1;0;1;0;1;2;-22,81113183;-43,3336729;SPRF-RJ;DEL06-RJ;UOP01-DEL06-RJ
585623;07/03/2024;quinta-feira;09:00:00;RJ;101;574;PARATY;Condutor deixou de manter distância do veículo da frente;Colisão traseira;Com Vítimas Feridas;Pleno dia;Decrescente;Garoa/Chuvisco;Simples;Reta;Não;4;0;1;0;3;0;1;3;-23,21106418;-44,73373262;SPRF-RJ;DEL03-RJ;UOP04-DEL03-RJ
585625;05/02/2024;segunda-feira;07:30:00;PB;101;76;SANTA RITA;Ausência de reação do condutor;Saída de leito carroçável;Com Vítimas Feridas;Pleno dia;Crescente;Céu Claro;Dupla;"Declive;Reta";Não;1;0;0;1;0;0;1;1;-7,09085711;-34,96857932;SPRF-PB;DEL01-PB;UOP04-DEL01-PB
585627;07/03/2024;quinta-feira;07:10:00;RJ;101;488;ANGRA DOS REIS;Conversão proibida;Colisão traseira;Com Vítimas Feridas;Pleno dia;Decrescente;Nublado;Simples;Reta;Sim;3;0;1;1;1;0;2;2;-22,95677315;-44,30073738;SPRF-RJ;DEL03-RJ;UOP03-DEL03-RJ
585631;07/03/2024;quinta-feira;11:45:00;MG;262;440,8;NOVA SERRANA;Manobra de mudança de faixa;Colisão lateral mesmo sentido;Com Vítimas Feridas;Pleno dia;Decrescente;Céu Claro;Dupla;"Declive;Reta";Não;2;0;0;1;1;0;1;2;-19,87363169;-44,95947719;SPRF-MG;DEL08-MG;UOP03-DEL08-MG
585633;07/03/2024;quinta-feira;11:30:00;MS;60;420,5;SIDROLANDIA;Condutor deixou de manter distância do veículo da frente;Colisão traseira;Com Vítimas Feridas;Pleno dia;Crescente;Céu Claro;Simples;Reta;Não;2;0;1;0;1;0;1;2;-20,90053615;-54,92368799;SPRF-MS;DEL01-MS;UOP04-DEL01-MS
585635;07/03/2024;quinta-feira;10:50:00;MG;381;485;BETIM;Condutor deixou de manter distância do veículo da frente;Colisão traseira;Sem Vítimas;Pleno dia;Crescente;Céu Claro;Múltipla;Declive;Sim;2;0;0;0;2;0;0;2;-19,95659361;-44,12622893;SPRF-MG;DEL01-MG;UOP03-DEL01-MG
585637;07/03/2024;quinta-feira;10:00:00;RJ;40;71;PETROPOLIS;Pista Escorregadia;Tombamento;Com Vítimas Feridas;Pleno dia;Crescente;Chuva;Dupla;Retorno Regulamentado;Não;2;0;2;0;0;0;2;1;-22,45304974;-43,20832411;SPRF-RJ;DEL01-RJ;UOP01-DEL01-RJ
585639;07/03/2024;quinta-feira;12:00:00;RJ;40;51;PETROPOLIS;Velocidade Incompatível;Saída de leito carroçável;Com Vítimas Feridas;Pleno dia;Crescente;Chuva;Dupla;Reta;Sim;1;0;1;0;0;0;1;1;-22,32705315;-43,13253559;SPRF-RJ;DEL05-RJ;UOP02-DEL05-RJ
585641;07/03/2024;quinta-feira;11:40:00;RO;319;63;PORTO VELHO;Manobra de mudança de faixa;Colisão lateral mesmo sentido;Sem Vítimas;Pleno dia;Crescente;Céu Claro;Dupla;"Reta;Interseção de Vias";Sim;2;0;0;0;2;0;0;2;-8,75877857;-63,88612568;SPRF-RO;DEL01-RO;UOP01-DEL01-RO
585643;07/03/2024;quinta-feira;13:27:00;SP;116;218,7;GUARULHOS;Ausência de reação do condutor;Capotamento;Com Vítimas Feridas;Pleno dia;Decrescente;Nublado;Múltipla;Reta;Sim;4;0;3;0;1;0;3;1;-23,457972;-46,479927;SPRF-SP;DEL01-SP;UOP01-DEL01-SP
585644;07/03/2024;quinta-feira;12:20:00;PE;101;68;RECIFE;Ultrapassagem Indevida;Colisão lateral mesmo sentido;Com Vítimas Feridas;Pleno dia;Decrescente;Sol;Dupla;Reta;Sim;2;0;1;0;1;0;1;2;-8,05074296;-34,94580619;SPRF-PE;DEL01-PE;UOP01-DEL01-PE
585645;21/02/2024;quarta-feira;14:10:00;RS;290;39;SANTO ANTONIO DA PATRULHA;Manobra de mudança de faixa;Colisão lateral mesmo sentido;Com Vítimas Feridas;Pleno dia;Decrescente;Céu Claro;Dupla;Reta;Não;2;0;1;0;1;0;1;2;-29,88664379;-50,65263748;SPRF-RS;DEL03-RS;UOP01-DEL03-RS
585646;07/03/2024;quinta-feira;12:38:00;BA;116;440,7;FEIRA DE SANTANA;Velocidade Incompatível;Colisão com objeto;Com Vítimas Feridas;Pleno dia;Crescente;Céu Claro;Dupla;"Curva;Declive";Não;2;0;1;1;0;0;2;1;-12,32646656;-39,05847632;SPRF-BA;DEL02-BA;UOP01-DEL02-BA
585647;21/02/2024;quarta-feira;17:40:00;PI;0;0;PAULISTANA;Demais falhas mecânicas ou elétricas;Eventos atípicos;Sem Vítimas;Anoitecer;Não Informado;Chuva;Simples;Reta;Não;2;0;0;0;2;0;0;1;-8;-41;SPRF-PI;DEL04-PI;UOP01-DEL04-PI
585648;07/03/2024;quinta-feira;12:20:00;PI;316;11;TERESINA;Desrespeitar a preferência no cruzamento;Colisão transversal;Sem Vítimas;Pleno dia;Crescente;Sol;Múltipla;"Viaduto;Rotatória;Reta";Sim;2;0;0;0;2;0;0;2;-5,191739;-42,76076102;SPRF-PI;DEL01-PI;UOP02-DEL01-PI
585649;07/03/2024;quinta-feira;14:05:00;SC;101;205;SAO JOSE;Acessar a via sem observar a presença dos outros veículos;Colisão transversal;Com Vítimas Feridas;Pleno dia;Decrescente;Nublado;Múltipla;Reta;Sim;2;0;1;0;1;0;1;2;-27,58313237;-48,61532885;SPRF-SC;DEL01-SC;UOP01-DEL01-SC
585651;07/03/2024;quinta-feira;13:00:00;BA;324;355;CAPIM GROSSO;Condutor deixou de manter distância do veículo da frente;Colisão traseira;Sem Vítimas;Pleno dia;Crescente;Céu Claro;Simples;Reta;Não;2;0;0;0;2;0;0;2;-11,37365967;-40,00722582;SPRF-BA;DEL04-BA;UOP02-DEL04-BA
585652;28/02/2024;quarta-feira;10:00:00;RJ;101;317;SAO GONCALO;Demais falhas mecânicas ou elétricas;Incêndio;Com Vítimas Feridas;Pleno dia;Crescente;Céu Claro;Dupla;Reta;Sim;1;0;1;0;0;0;1;1;-22,83707798;-43,09492006;SPRF-RJ;DEL02-RJ;UOP02-DEL02-RJ
585653;29/02/2024;quinta-feira;18:15:00;CE;116;16;FORTALEZA;Avarias e/ou desgaste excessivo no pneu;Queda de ocupante de veículo;Com Vítimas Feridas;Plena Noite;Decrescente;Céu Claro;Dupla;Reta;Sim;2;0;2;0;0;0;2;1;-3,88732794;-38,50185439;SPRF-CE;DEL01-CE;UOP02-DEL01-CE
585655;07/03/2024;quinta-feira;07:40:00;MG;381;229,6;BELO ORIENTE;Velocidade Incompatível;Tombamento;Sem Vítimas;Pleno dia;Crescente;Ignorado;Dupla;"Retorno Regulamentado;Reta";Não;1;0;0;0;0;1;0;1;-19,35211898;-42,43413106;SPRF-MG;DEL06-MG;UOP01-DEL06-MG
585656;07/03/2024;quinta-feira;14:00:00;PE;104;29;TORITAMA;Ultrapassagem Indevida;Colisão transversal;Com Vítimas Feridas;Pleno dia;Decrescente;Sol;Simples;Reta;Sim;3;0;2;0;1;0;2;2;-8,0078;-36,0621;SPRF-PE;DEL02-PE;UOP01-DEL02-PE
585658;07/03/2024;quinta-feira;15:15:00;SE;101;81,7;LARANJEIRAS;Mal súbito do condutor;Tombamento;Com Vítimas Feridas;Pleno dia;Crescente;Sol;Dupla;Reta;Não;1;0;0;1;0;0;1;1;-10,80904288;-37,14002862;SPRF-SE;DEL01-SE;UOP01-DEL01-SE
585659;01/02/2024;quinta-feira;03:30:00;RJ;101;309;SAO GONCALO;Demais falhas mecânicas ou elétricas;Incêndio;Com Vítimas Feridas;Plena Noite;Decrescente;Ignorado;Dupla;Reta;Não;1;0;1;0;0;0;1;1;-22,79498873;-43,03446105;SPRF-RJ;DEL02-RJ;UOP02-DEL02-RJ
585660;07/03/2024;quinta-feira;10:30:00;PA;230;94;SAO JOAO DO ARAGUAIA;Ausência de reação do condutor;Colisão traseira;Com Vítimas Feridas;Pleno dia;Decrescente;Céu Claro;Simples;Reta;Não;3;0;1;0;1;1;1;3;-5,44399464;-48,91070283;SPRF-PA;DEL03-PA;UOP01-DEL03-PA
585661;07/03/2024;quinta-feira;13:10:00;SC;282;564,7;PONTE SERRADA;Transitar na contramão;Colisão lateral sentido oposto;Com Vítimas Feridas;Pleno dia;Decrescente;Chuva;Simples;"Aclive;Curva";Não;2;0;2;0;0;0;2;2;-26,8577534;-52,04927353;SPRF-SC;DEL07-SC;UOP02-DEL07-SC
585669;07/03/2024;quinta-feira;15:35:00;PE;424;84;GARANHUNS;Ausência de reação do condutor;Saída de leito carroçável;Com Vítimas Feridas;Pleno dia;Decrescente;Céu Claro;Simples;Curva;Sim;1;0;0;1;0;0;1;1;-8,84941934;-36,51641817;SPRF-PE;DEL03-PE;UOP01-DEL03-PE
585672;07/03/2024;quinta-feira;15:59:00;PR;163;291;MARECHAL CANDIDO RONDON;Pista Escorregadia;Queda de ocupante de veículo;Com Vítimas Feridas;Pleno dia;Crescente;Sol;Dupla;Rotatória;Não;1;0;1;0;0;0;1;1;-24,526948;-54,053809;SPRF-PR;DEL06-PR;UOP02-DEL06-PR
585674;07/03/2024;quinta-feira;16:43:00;SP;153;41,4;ONDA VERDE;Avarias e/ou desgaste excessivo no pneu;Saída de leito carroçável;Com Vítimas Feridas;Pleno dia;Decrescente;Chuva;Simples;"Reta;Declive";Não;1;0;1;0;0;0;1;1;-20,62848304;-49,33623886;SPRF-SP;DEL09-SP;UOP01-DEL09-SP
585676;07/03/2024;quinta-feira;17:00:00;RS;116;133,1;CAXIAS DO SUL;Reação tardia ou ineficiente do condutor;Colisão frontal;Com Vítimas Feridas;Pleno dia;Crescente;Céu Claro;Simples;Curva;Não;21;0;0;1;19;1;1;4;-29,05590302;-51,09689605;SPRF-RS;DEL05-RS;UOP01-DEL05-RS
585678;07/03/2024;quinta-feira;17:40:00;RS;386;348,7;LAJEADO;Acessar a via sem observar a presença dos outros veículos;Colisão transversal;Com Vítimas Feridas;Pleno dia;Decrescente;Céu Claro;Dupla;"Interseção de Vias;Reta";Sim;2;0;1;1;0;0;2;2;-29,46368217;-51,95536494;SPRF-RS;DEL04-RS;UOP01-DEL04-RS
585683;07/03/2024;quinta-feira;17:35:00;RS;285;120,3;VACARIA;Trafegar com motocicleta (ou similar) entre as faixas;Atropelamento de Pedestre;Com Vítimas Feridas;Pleno dia;Decrescente;Céu Claro;Simples;Reta;Sim;2;0;2;0;0;0;2;2;-28,506767;-50,926594;SPRF-RS;DEL05-RS;UOP03-DEL05-RS
585684;14/01/2024;domingo;23:45:00;RJ;101;477;ANGRA DOS REIS;Acessar a via sem observar a presença dos outros veículos;Colisão transversal;Com Vítimas Feridas;Plena Noite;Decrescente;Céu Claro;Simples;Interseção de Vias;Sim;3;0;3;0;0;0;3;2;-22,99820396;-44,26554599;SPRF-RJ;DEL03-RJ;UOP03-DEL03-RJ
585685;07/03/2024;quinta-feira;17:20:00;SC;282;2;FLORIANOPOLIS;Trafegar com motocicleta (ou similar) entre as faixas;Colisão traseira;Com Vítimas Feridas;Pleno dia;Crescente;Céu Claro;Dupla;Reta;Sim;2;0;1;0;1;0;1;2;-27,603289;-48,590416;SPRF-SC;DEL01-SC;UOP01-DEL01-SC
585686;07/03/2024;quinta-feira;16:40:00;SC;101;92,1;BARRA VELHA;Demais falhas mecânicas ou elétricas;Tombamento;Com Vítimas Feridas;Pleno dia;Decrescente;Nublado;Dupla;Reta;Sim;2;0;2;0;0;0;2;1;-26,6806041;-48,6931497;SPRF-SC;DEL03-SC;UOP02-DEL03-SC
585687;12/02/2024;segunda-feira;12:20:00;SC;470;62;INDAIAL;Acessar a via sem observar a presença dos outros veículos;Colisão transversal;Com Vítimas Feridas;Pleno dia;Decrescente;Céu Claro;Simples;Reta;Não;3;0;2;0;1;0;2;2;-26,87448778;-49,18597341;SPRF-SC;DEL04-SC;UOP01-DEL04-SC
585690;07/03/2024;quinta-feira;17:15:00;SC;101;330;TUBARAO;Demais falhas mecânicas ou elétricas;Colisão traseira;Com Vítimas Feridas;Pleno dia;Decrescente;Céu Claro;Dupla;Reta;Não;2;0;1;0;1;0;1;2;-28,45115639;-48,97286879;SPRF-SC;DEL02-SC;UOP01-DEL02-SC
585691;07/03/2024;quinta-feira;17:20:00;DF;70;11,2;BRASILIA;Pedestre cruzava a pista fora da faixa;Atropelamento de Pedestre;Com Vítimas Feridas;Pleno dia;Decrescente;Céu Claro;Dupla;Reta;Sim;2;0;1;1;0;0;2;2;-15,789762;-48,148727;SPRF-DF;DEL03-DF;UOP02-DEL03-DF
585694;07/03/2024;quinta-feira;18:20:00;PR;476;152,1;ARAUCARIA;Velocidade Incompatível;Colisão traseira;Com Vítimas Feridas;Pleno dia;Decrescente;Céu Claro;Dupla;Reta;Sim;4;0;1;1;2;0;2;3;-25,56966896;-49,38388824;SPRF-PR;DEL01-PR;UOP06-DEL01-PR
585695;07/03/2024;quinta-feira;18:45:00;SC;101;210,1;SAO JOSE;Trafegar com motocicleta (ou similar) entre as faixas;Colisão traseira;Com Vítimas Feridas;Plena Noite;Decrescente;Nublado;Múltipla;Reta;Sim;3;0;2;0;1;0;2;2;-27,6167305;-48,6457265;SPRF-SC;DEL01-SC;UOP01-DEL01-SC
585696;07/03/2024;quinta-feira;18:40:00;PB;101;89;JOAO PESSOA;Acumulo de areia ou detritos sobre o pavimento;Tombamento;Com Vítimas Feridas;Plena Noite;Crescente;Nublado;Dupla;"Em Obras;Retorno Regulamentado";Sim;1;0;1;0;0;0;1;1;-7,1710694;-34,89765372;SPRF-PB;DEL01-PB;UOP02-DEL01-PB
585697;07/03/2024;quinta-feira;17:00:00;PE;407;129;PETROLINA;Acumulo de areia ou detritos sobre o pavimento;Queda de ocupante de veículo;Com Vítimas Feridas;Anoitecer;Crescente;Céu Claro;Dupla;Rotatória;Não;1;0;1;0;0;0;1;1;-9,39885116;-40,50523996;SPRF-PE;DEL06-PE;UOP01-DEL06-PE
585700;07/03/2024;quinta-feira;19:10:00;PA;230;115;MARABA;Ausência de reação do condutor;Colisão traseira;Com Vítimas Feridas;Plena Noite;Crescente;Céu Claro;Dupla;"Reta;Declive";Sim;2;0;0;1;1;0;1;2;-5,36241425;-49,07496007;SPRF-PA;DEL03-PA;UOP01-DEL03-PA
585701;07/03/2024;quinta-feira;18:40:00;TO;10;459;PALMAS;Ausência de reação do condutor;Queda de ocupante de veículo;Com Vítimas Feridas;Plena Noite;Crescente;Céu Claro;Dupla;"Aclive;Reta";Não;2;0;1;1;0;0;2;1;-10,271446;-48,305382;SPRF-TO;DEL01-TO;UOP03-DEL01-TO
585702;07/03/2024;quinta-feira;16:10:00;RJ;101;247;SILVA JARDIM;Chuva;Saída de leito carroçável;Com Vítimas Feridas;Pleno dia;Decrescente;Chuva;Dupla;Curva;Sim;2;0;1;0;1;0;1;1;-22,65885276;-42,49422728;SPRF-RJ;DEL02-RJ;UOP03-DEL02-RJ
585703;24/02/2024;sábado;12:48:00;AC;364;122;RIO BRANCO;Acessar a via sem observar a presença dos outros veículos;Colisão transversal;Com Vítimas Feridas;Pleno dia;Crescente;Nublado;Dupla;Rotatória;Sim;2;0;1;0;1;0;1;2;-10,01188291;-67,773345;SPRF-AC;DEL01-AC;UOP01-DEL01-AC
585704;07/03/2024;quinta-feira;18:18:00;SC;116;180;SAO CRISTOVAO DO SUL;Acessar a via sem observar a presença dos outros veículos;Colisão transversal;Com Vítimas Feridas;Anoitecer;Crescente;Garoa/Chuvisco;Simples;Reta;Sim;2;0;1;0;1;0;1;2;-27,27041426;-50,44097161;SPRF-SC;DEL05-SC;UOP03-DEL05-SC
585705;07/03/2024;quinta-feira;18:20:00;PR;277;359;GUARAPUAVA;Acessar a via sem observar a presença dos outros veículos;Colisão transversal;Sem Vítimas;Anoitecer;Decrescente;Chuva;Simples;Reta;Não;2;0;0;0;2;0;0;2;-25,39994261;-51,53936821;SPRF-PR;DEL08-PR;UOP01-DEL08-PR
585706;07/03/2024;quinta-feira;19:13:00;ES;101;264;SERRA;Transitar na contramão;Colisão frontal;Com Vítimas Feridas;Plena Noite;Crescente;Nublado;Dupla;Curva;Sim;5;0;2;2;1;0;4;3;-20,17292791;-40,26736384;SPRF-ES;DEL02-ES;UOP01-DEL02-ES
585707;07/03/2024;quinta-feira;18:45:00;BA;101;753;ITABELA;Entrada inopinada do pedestre;Atropelamento de Pedestre;Com Vítimas Feridas;Plena Noite;Crescente;Nublado;Simples;Reta;Não;2;0;0;1;1;0;1;2;-16,7842129;-39,47493222;SPRF-BA;DEL09-BA;UOP01-DEL09-BA
585708;07/03/2024;quinta-feira;18:00:00;SC;280;116;SAO BENTO DO SUL;Acessar a via sem observar a presença dos outros veículos;Colisão transversal;Com Vítimas Feridas;Anoitecer;Decrescente;Céu Claro;Simples;Interseção de Vias;Não;2;0;2;0;0;0;2;2;-26,2808956;-49,4169527;SPRF-SC;DEL06-SC;UOP03-DEL06-SC
585709;07/03/2024;quinta-feira;16:40:00;ES;393;24;MUQUI;Reação tardia ou ineficiente do condutor;Saída de leito carroçável;Com Vítimas Feridas;Pleno dia;Crescente;Céu Claro;Simples;Curva;Não;3;0;3;0;0;0;3;1;-20,94743652;-41,33924325;SPRF-ES;DEL03-ES;UOP02-DEL03-ES
585710;07/03/2024;quinta-feira;19:15:00;PE;101;70;RECIFE;Área urbana sem a presença de local apropriado para a travessia de pedestres;Atropelamento de Pedestre;Com Vítimas Feridas;Plena Noite;Decrescente;Céu Claro;Dupla;Reta;Sim;2;0;0;2;0;0;2;2;-8,0702454;-34,9397099;SPRF-PE;DEL01-PE;UOP01-DEL01-PE
585711;07/03/2024;quinta-feira;17:20:00;SP;116;48,2;CANAS;Avarias e/ou desgaste excessivo no pneu;Colisão traseira;Com Vítimas Feridas;Pleno dia;Decrescente;Chuva;Dupla;Reta;Não;2;0;1;0;1;0;1;2;-22,72498915;-45,06884189;SPRF-SP;DEL08-SP;UOP02-DEL08-SP
585713;07/03/2024;quinta-feira;19:40:00;PR;116;115;CURITIBA;Reação tardia ou ineficiente do condutor;Engavetamento;Sem Vítimas;Plena Noite;Decrescente;Nublado;Dupla;Reta;Sim;3;0;0;0;3;0;0;3;-25,54987568;-49,30423737;SPRF-PR;DEL01-PR;UOP07-DEL01-PR
585714;07/03/2024;quinta-feira;19:45:00;PR;116;115;CURITIBA;Reação tardia ou ineficiente do condutor;Tombamento;Com Vítimas Feridas;Pleno dia;Decrescente;Céu Claro;Múltipla;Reta;Sim;1;0;1;0;0;0;1;1;-25,545694;-49,3035078;SPRF-PR;DEL01-PR;UOP07-DEL01-PR
585715;07/03/2024;quinta-feira;17:50:00;RO;364;424,3;JARU;Reação tardia ou ineficiente do condutor;Tombamento;Com Vítimas Feridas;Pleno dia;Crescente;Nublado;Simples;Reta;Sim;2;0;1;0;0;1;1;2;-10,44457274;-62,46568412;SPRF-RO;DEL03-RO;UOP02-DEL03-RO
585716;07/03/2024;quinta-feira;18:00:00;PR;116;201,7;RIO NEGRO;Transitar na contramão;Colisão frontal;Com Vítimas Feridas;Amanhecer;Decrescente;Nublado;Simples;"Curva;Declive";Não;3;0;0;3;0;0;3;2;-26,05967435;-49,72967863;SPRF-SC;DEL06-SC;UOP01-DEL06-SC
585718;26/01/2024;sexta-feira;01:00:00;SC;101;189;BIGUACU;Ingestão de álcool pelo condutor;Colisão com objeto;Com Vítimas Feridas;Plena Noite;Decrescente;Garoa/Chuvisco;Dupla;Curva;Não;3;0;1;0;2;0;1;2;-27,459393;-48,638914;SPRF-SC;DEL01-SC;UOP01-DEL01-SC
585720;07/03/2024;quinta-feira;18:15:00;RS;285;202;LAGOA VERMELHA;Transitar na contramão;Colisão frontal;Com Vítimas Feridas;Anoitecer;Decrescente;Chuva;Dupla;Curva;Não;4;0;3;1;0;0;4;2;-28,211273;-51,546356;SPRF-RS;DEL08-RS;UOP05-DEL08-RS
585721;07/03/2024;quinta-feira;20:20:00;PR;376;596,5;CURITIBA;Transitar no Acostamento;Colisão traseira;Com Vítimas Feridas;Plena Noite;Crescente;Céu Claro;Dupla;Reta;Sim;2;0;1;0;1;0;1;2;-25,50540591;-49,340837;SPRF-PR;DEL01-PR;UOP06-DEL01-PR
585726;07/03/2024;quinta-feira;19:45:00;SC;101;358;SANGAO;Transitar na contramão;Saída de leito carroçável;Com Vítimas Feridas;Plena Noite;Decrescente;Ignorado;Dupla;Reta;Sim;1;0;1;0;0;0;1;1;-28,648278;-49,103548;SPRF-SC;DEL02-SC;UOP01-DEL02-SC
585727;07/03/2024;quinta-feira;19:30:00;BA;116;550;MILAGRES;Animais na Pista;Atropelamento de Animal;Com Vítimas Feridas;Plena Noite;Crescente;Céu Claro;Simples;Reta;Não;1;0;1;0;0;0;1;1;-12,86744895;-39,85551617;SPRF-BA;DEL03-BA;UOP02-DEL03-BA
585728;07/03/2024;quinta-feira;20:50:00;RJ;40;119;DUQUE DE CAXIAS;Pista Escorregadia;Tombamento;Com Vítimas Feridas;Plena Noite;Crescente;Céu Claro;Dupla;"Aclive;Curva;Retorno Regulamentado";Sim;2;0;1;0;1;0;1;1;-22,76375592;-43,28683062;SPRF-RJ;DEL01-RJ;UOP02-DEL01-RJ
585734;07/03/2024;quinta-feira;07:20:00;BA;116;862;VITORIA DA CONQUISTA;Acostamento em desnível;Saída de leito carroçável;Com Vítimas Feridas;Amanhecer;Decrescente;Céu Claro;Simples;Reta;Não;32;0;8;0;1;23;8;1;-15,06993464;-41,00109327;SPRF-BA;DEL08-BA;UOP01-DEL08-BA