id;data_inversa;dia_semana;horario;uf;br;km;municipio;causa_acidente;tipo_acidente;classificacao_acidente;fase_dia;sentido_via;condicao_metereologica;tipo_pista;tracado_via;uso_solo;pessoas;mortos;feridos_leves;feridos_graves;ilesos;ignorados;feridos;veiculos;latitude;longitude;regional;delegacia;uop
585874;23/01/2024;terça-feira;12:40:00;BA;242;580;IBOTIRAMA;Reação tardia ou ineficiente do condutor;Capotamento;Com Vítimas Feridas;Pleno dia;Crescente;Chuva;Simples;Reta;Não;5;0;4;1;0;0;5;1;-12,03422686;-43,0649211;SPRF-BA;DEL06-BA;UOP03-DEL06-BA
585875;08/03/2024;sexta-feira;13:15:00;RS;290;11;OSORIO;Chuva;Saída de leito carroçável;Com Vítimas Feridas;Pleno dia;Decrescente;Chuva;Dupla;Curva;Não;1;0;1;0;0;0;1;1;-29,888996;-50,383354;SPRF-RS;DEL03-RS;UOP01-DEL03-RS
585877;08/03/2024;sexta-feira;13:20:00;PB;230;8;CABEDELO;Condutor deixou de manter distância do veículo da frente;Colisão transversal;Com Vítimas Feridas;Pleno dia;Decrescente;Sol;Dupla;Reta;Sim;2;0;1;0;1;0;1;2;-7,0355;-34,8429;SPRF-PB;DEL01-PB;UOP01-DEL01-PB
585878;08/03/2024;sexta-feira;14:30:00;SP;116;222,6;GUARULHOS;Chuva;Tombamento;Com Vítimas Feridas;Pleno dia;Crescente;Chuva;Múltipla;Reta;Sim;1;0;1;0;0;0;1;1;-23,47093408;-46,51631097;SPRF-SP;DEL01-SP;UOP01-DEL01-SP
585880;08/03/2024;sexta-feira;14:40:00;RS;101;76;OSORIO;Chuva;Saída de leito carroçável;Com Vítimas Feridas;Pleno dia;Crescente;Chuva;Dupla;Reta;Não;3;0;2;0;1;0;2;2;-29,80280592;-50,23688813;SPRF-RS;DEL03-RS;UOP01-DEL03-RS
585881;08/03/2024;sexta-feira;14:50:00;RS;290;22,1;SANTO ANTONIO DA PATRULHA;Ausência de reação do condutor;Colisão lateral mesmo sentido;Com Vítimas Feridas;Pleno dia;Decrescente;Chuva;Dupla;Curva;Não;3;0;1;1;1;0;2;2;-29,889047;-50,475339;SPRF-RS;DEL03-RS;UOP01-DEL03-RS
585883;08/03/2024;sexta-feira;07:30:00;AL;101;169;TEOTONIO VILELA;Acumulo de água sobre o pavimento;Saída de leito carroçável;Com Vítimas Feridas;Pleno dia;Crescente;Chuva;Dupla;Reta;Não;1;0;1;0;0;0;1;1;-9,9062329;-36,31798404;SPRF-AL;DEL02-AL;UOP02-DEL02-AL
585885;08/03/2024;sexta-feira;13:50:00;PR;369;138;IBIPORA;Acessar a via sem observar a presença dos outros veículos;Colisão lateral mesmo sentido;Com Vítimas Feridas;Pleno dia;Decrescente;Sol;Dupla;Rotatória;Sim;3;0;2;0;1;0;2;2;-23,27378257;-51,0562402;SPRF-PR;DEL07-PR;UOP01-DEL07-PR
585887;08/03/2024;sexta-feira;01:00:00;CE;20;347,7;CARIDADE;Acumulo de água sobre o pavimento;Colisão com objeto;Com Vítimas Feridas;Plena Noite;Decrescente;Chuva;Simples;Reta;Não;3;0;3;0;0;0;3;1;-4,11194614;-39,06253979;SPRF-CE;DEL02-CE;UOP01-DEL02-CE
585888;08/03/2024;sexta-feira;13:25:00;MG;116;548,7;SANTA BARBARA DO LESTE;Velocidade Incompatível;Colisão com objeto;Com Vítimas Feridas;Pleno dia;Decrescente;Chuva;Simples;"Reta;Declive";Não;3;0;2;0;1;0;2;1;-19,94847;-42,13088393;SPRF-MG;DEL06-MG;UOP02-DEL06-MG
585889;08/03/2024;sexta-feira;09:55:00;RJ;116;197;QUEIMADOS;Manobra de mudança de faixa;Queda de ocupante de veículo;Com Vítimas Feridas;Pleno dia;Crescente;Céu Claro;Dupla;Reta;Não;2;0;1;0;1;0;1;2;-22,72980637;-43,56512004;SPRF-RJ;DEL06-RJ;UOP02-DEL06-RJ
585890;08/03/2024;sexta-feira;12:50:00;SC;280;32;ARAQUARI;Condutor deixou de manter distância do veículo da frente;Colisão traseira;Com Vítimas Feridas;Pleno dia;Decrescente;Chuva;Simples;Reta;Não;2;0;1;0;1;0;1;2;-26,420618;-48,779335;SPRF-SC;DEL03-SC;UOP03-DEL03-SC
585896;08/03/2024;sexta-feira;15:00:00;RS;116;152,6;CAXIAS DO SUL;Acesso irregular;Colisão lateral mesmo sentido;Com Vítimas Feridas;Pleno dia;Crescente;Chuva;Múltipla;Curva;Sim;2;0;1;0;1;0;1;2;-29,1829343;-51,16801501;SPRF-RS;DEL05-RS;UOP01-DEL05-RS
585897;08/03/2024;sexta-feira;15:20:00;MG;381;924,6;ITAPEVA;Reação tardia ou ineficiente do condutor;Colisão com objeto;Com Vítimas Feridas;Pleno dia;Crescente;Chuva;Dupla;Curva;Não;1;0;1;0;0;0;1;1;-22,77050246;-46,23490598;SPRF-MG;DEL16-MG;UOP03-DEL16-MG
585900;08/03/2024;sexta-feira;14:18:00;MT;70;1,6;BARRA DO GARCAS;Condutor desrespeitou a iluminação vermelha do semáforo;Colisão transversal;Com Vítimas Feridas;Pleno dia;Decrescente;Sol;Simples;Reta;Sim;3;0;0;3;0;0;3;2;-15,88749699;-52,26810568;SPRF-MT;DEL07-MT;UOP01-DEL07-MT
585901;08/03/2024;sexta-feira;14:30:00;PE;101;175;JOAQUIM NABUCO;Ausência de reação do condutor;Saída de leito carroçável;Com Vítimas Feridas;Pleno dia;Decrescente;Nublado;Dupla;"Curva;Declive";Não;2;0;2;0;0;0;2;1;-8,60296585;-35,535297;SPRF-PE;DEL01-PE;UOP03-DEL01-PE
585903;08/03/2024;sexta-feira;13:00:00;RN;304;161;FERNANDO PEDROZA;Condutor deixou de manter distância do veículo da frente;Colisão traseira;Com Vítimas Feridas;Pleno dia;Decrescente;Céu Claro;Simples;Reta;Não;4;0;2;0;2;0;2;2;-5,68198485;-36,50597621;SPRF-RN;DEL01-RN;UOP03-DEL01-RN
585904;08/03/2024;sexta-feira;13:40:00;RO;364;235,7;CACOAL;Desrespeitar a preferência no cruzamento;Colisão transversal;Com Vítimas Feridas;Pleno dia;Crescente;Garoa/Chuvisco;Simples;Interseção de Vias;Não;2;0;1;0;1;0;1;2;-11,4506169;-61,4302469;SPRF-RO;DEL02-RO;UOP02-DEL02-RO
585905;08/03/2024;sexta-feira;16:00:00;SC;101;122;ITAJAI;Demais falhas mecânicas ou elétricas;Tombamento;Com Vítimas Feridas;Pleno dia;Decrescente;Chuva;Múltipla;Reta;Sim;1;0;1;0;0;0;1;1;-26,92955916;-48,70499836;SPRF-SC;DEL04-SC;UOP04-DEL04-SC
585906;08/03/2024;sexta-feira;16:30:00;MG;381;488;BETIM;Ausência de reação do condutor;Engavetamento;Com Vítimas Feridas;Pleno dia;Crescente;Céu Claro;Múltipla;"Declive;Reta";Sim;5;0;1;1;3;0;2;4;-19,9569812;-44,1191094;SPRF-MG;DEL01-MG;UOP03-DEL01-MG
585909;08/03/2024;sexta-feira;16:10:00;RS;470;219;BENTO GONCALVES;Condutor deixou de manter distância do veículo da frente;Colisão traseira;Com Vítimas Feridas;Pleno dia;Decrescente;Nublado;Simples;Curva;Não;2;0;1;0;1;0;1;1;-29,17909489;-51,51855675;SPRF-RS;DEL06-RS;UOP01-DEL06-RS
585912;08/03/2024;sexta-feira;12:00:00;BA;30;728,2;BOA NOVA;Velocidade Incompatível;Capotamento;Com Vítimas Feridas;Pleno dia;Decrescente;Céu Claro;Simples;Reta;Não;3;0;3;0;0;0;3;1;-14,3951425;-40,1743888;SPRF-BA;DEL05-BA;UOP01-DEL05-BA
585913;08/03/2024;sexta-feira;17:00:00;PI;343;343;TERESINA;Reação tardia ou ineficiente do condutor;Colisão lateral mesmo sentido;Com Vítimas Feridas;Pleno dia;Crescente;Céu Claro;Dupla;"Interseção de Vias;Reta";Sim;3;0;2;0;1;0;2;2;-5,087362;-42,757851;SPRF-PI;DEL01-PI;UOP01-DEL01-PI
585914;08/03/2024;sexta-feira;16:30:00;PE;232;412;SERRA TALHADA;Acessar a via sem observar a presença dos outros veículos;Colisão traseira;Com Vítimas Feridas;Pleno dia;Crescente;Céu Claro;Simples;Reta;Sim;3;0;2;0;0;1;2;2;-7,98377927;-38,3208774;SPRF-PE;DEL04-PE;UOP01-DEL04-PE
585915;08/03/2024;sexta-feira;17:15:00;SP;153;61;SAO JOSE DO RIO PRETO;Manobra de mudança de faixa;Tombamento;Com Vítimas Feridas;Pleno dia;Crescente;Céu Claro;Dupla;"Reta;Declive";Sim;3;0;1;0;2;0;1;2;-20,80564439;-49,3559755;SPRF-SP;DEL09-SP;UOP01-DEL09-SP
585916;08/03/2024;sexta-feira;15:34:00;PE;407;125;PETROLINA;Acessar a via sem observar a presença dos outros veículos;Colisão lateral mesmo sentido;Com Vítimas Feridas;Pleno dia;Decrescente;Céu Claro;Dupla;Reta;Sim;3;0;2;0;1;0;2;2;-9,37739336;-40,53595733;SPRF-PE;DEL06-PE;UOP01-DEL06-PE
585918;08/03/2024;sexta-feira;16:55:00;RS;448;22;PORTO ALEGRE;Chuva;Colisão com objeto;Com Vítimas Feridas;Pleno dia;Decrescente;Chuva;Dupla;Curva;Sim;2;0;2;0;0;0;2;1;-29,972212;-51,199139;SPRF-RS;DEL01-RS;UOP01-DEL01-RS
585919;08/03/2024;sexta-feira;17:40:00;PB;101;89;JOAO PESSOA;Reação tardia ou ineficiente do condutor;Colisão traseira;Sem Vítimas;Anoitecer;Decrescente;Céu Claro;Dupla;Reta;Não;2;0;0;0;2;0;0;2;-7,1710694;-34,89765372;SPRF-PB;DEL01-PB;UOP02-DEL01-PB
585923;08/03/2024;sexta-feira;17:00:00;DF;40;1;BRASILIA;Reação tardia ou ineficiente do condutor;Colisão traseira;Com Vítimas Feridas;Pleno dia;Crescente;Céu Claro;Dupla;Reta;Sim;4;0;2;0;2;0;2;2;-15,985532;-47,987747;SPRF-DF;DEL01-DF;UOP01-DEL01-DF
585924;08/03/2024;sexta-feira;17:30:00;PB;230;23,3;JOAO PESSOA;Condutor deixou de manter distância do veículo da frente;Colisão traseira;Com Vítimas Feridas;Anoitecer;Crescente;Céu Claro;Dupla;Reta;Sim;3;0;2;0;1;0;2;2;-7,1562;-34,8574;SPRF-PB;DEL01-PB;UOP01-DEL01-PB
585926;08/03/2024;sexta-feira;17:20:00;SP;116;307;SAO LOURENCO DA SERRA;Ausência de reação do condutor;Colisão com objeto;Com Vítimas Feridas;Pleno dia;Decrescente;Chuva;Dupla;"Declive;Reta";Sim;2;0;2;0;0;0;2;1;-23,85630016;-46,94096988;SPRF-SP;DEL04-SP;UOP01-DEL04-SP
585927;08/03/2024;sexta-feira;16:52:00;RO;364;11;VILHENA;Acessar a via sem observar a presença dos outros veículos;Colisão lateral mesmo sentido;Com Vítimas Feridas;Pleno dia;Crescente;Céu Claro;Simples;Rotatória;Sim;2;0;0;1;1;0;1;2;-12,74605898;-60,11270299;SPRF-RO;DEL04-RO;UOP01-DEL04-RO
585928;08/03/2024;sexta-feira;17:40:00;MG;381;838;SAO SEBASTIAO DA BELA VISTA;Chuva;Capotamento;Com Vítimas Feridas;Anoitecer;Crescente;Chuva;Dupla;Reta;Não;5;0;1;0;4;0;1;1;-22,19252695;-45,84775906;SPRF-MG;DEL16-MG;UOP01-DEL16-MG
585929;08/03/2024;sexta-feira;17:20:00;PB;101;52;SANTA RITA;Reação tardia ou ineficiente do condutor;Tombamento;Com Vítimas Feridas;Pleno dia;Decrescente;Céu Claro;Dupla;"Reta;Declive;Ponte";Não;1;0;1;0;0;0;1;1;-6,93821564;-35,09935736;SPRF-PB;DEL01-PB;UOP04-DEL01-PB
585930;08/03/2024;sexta-feira;15:20:00;GO;153;405,4;PIRENOPOLIS;Manobra de mudança de faixa;Tombamento;Com Vítimas Feridas;Pleno dia;Decrescente;Céu Claro;Simples;"Declive;Reta";Não;1;0;1;0;0;0;1;1;-16,079566;-49,048472;SPRF-GO;DEL02-GO;UOP02-DEL02-GO
585933;08/03/2024;sexta-feira;11:10:00;GO;158;10;ARAGARCAS;Ausência de reação do condutor;Colisão frontal;Com Vítimas Feridas;Pleno dia;Decrescente;Céu Claro;Simples;Reta;Não;5;0;1;0;4;0;1;2;-15,95453203;-52,21127574;SPRF-GO;DEL04-GO;UOP02-DEL04-GO
585934;08/03/2024;sexta-feira;18:25:00;ES;101;144;LINHARES;Pedestre cruzava a pista fora da faixa;Atropelamento de Pedestre;Com Vítimas Feridas;Anoitecer;Decrescente;Céu Claro;Múltipla;Reta;Sim;2;0;1;1;0;0;2;2;-19,35188295;-40,0636685;SPRF-ES;DEL04-ES;UOP01-DEL04-ES
585936;08/03/2024;sexta-feira;17:20:00;RS;116;517;PELOTAS;Acessar a via sem observar a presença dos outros veículos;Colisão transversal;Com Vítimas Feridas;Pleno dia;Decrescente;Céu Claro;Simples;Reta;Sim;2;0;1;0;1;0;1;2;-31,67908686;-52,34256731;SPRF-RS;DEL07-RS;UOP01-DEL07-RS
585937;08/03/2024;sexta-feira;17:50:00;RS;116;517;PELOTAS;Acessar a via sem observar a presença dos outros veículos;Colisão transversal;Com Vítimas Feridas;Pleno dia;Decrescente;Céu Claro;Simples;Viaduto;Sim;2;0;1;0;1;0;1;2;-31,67908686;-52,34256731;SPRF-RS;DEL07-RS;UOP01-DEL07-RS
585938;08/03/2024;sexta-feira;16:50:00;RJ;393;265;BARRA DO PIRAI;Reação tardia ou ineficiente do condutor;Queda de ocupante de veículo;Com Vítimas Feridas;Pleno dia;Decrescente;Nublado;Simples;Reta;Não;2;0;0;2;0;0;2;1;-22,47699772;-43,88450513;SPRF-RJ;DEL05-RJ;UOP04-DEL05-RJ
585939;08/03/2024;sexta-feira;18:20:00;SP;116;55,6;LORENA;Avarias e/ou desgaste excessivo no pneu;Queda de ocupante de veículo;Com Vítimas Feridas;Anoitecer;Decrescente;Céu Claro;Dupla;Reta;Sim;2;0;1;1;0;0;2;1;-22,76356421;-45,12272385;SPRF-SP;DEL08-SP;UOP02-DEL08-SP
585940;08/03/2024;sexta-feira;16:30:00;MT;364;0,8;ALTO ARAGUAIA;Manobra de mudança de faixa;Colisão lateral mesmo sentido;Sem Vítimas;Pleno dia;Crescente;Céu Claro;Dupla;Reta;Sim;2;0;0;0;2;0;0;2;-17,31871;-53,211903;SPRF-MT;DEL02-MT;UOP02-DEL02-MT
585942;08/03/2024;sexta-feira;18:36:00;ES;101;147,1;LINHARES;Acessar a via sem observar a presença dos outros veículos;Colisão transversal;Com Vítimas Feridas;Plena Noite;Crescente;Céu Claro;Simples;Interseção de Vias;Não;2;0;1;0;1;0;1;2;-19,37887202;-40,06657892;SPRF-ES;DEL04-ES;UOP01-DEL04-ES
585943;08/03/2024;sexta-feira;18:30:00;PR;277;80;CURITIBA;Condutor deixou de manter distância do veículo da frente;Colisão traseira;Com Vítimas Feridas;Plena Noite;Decrescente;Céu Claro;Dupla;Reta;Não;2;0;0;1;1;0;1;2;-25,568939;-49,181978;SPRF-PR;DEL01-PR;UOP07-DEL01-PR
585944;08/03/2024;sexta-feira;17:00:00;RJ;40;120;DUQUE DE CAXIAS;Condutor deixou de manter distância do veículo da frente;Colisão traseira;Com Vítimas Feridas;Pleno dia;Decrescente;Céu Claro;Múltipla;Reta;Não;2;0;1;0;1;0;1;2;-22,77280597;-43,28626763;SPRF-RJ;DEL01-RJ;UOP02-DEL01-RJ
585945;08/03/2024;sexta-feira;14:45:00;RS;386;147;SARANDI;Acumulo de água sobre o pavimento;Saída de leito carroçável;Com Vítimas Feridas;Pleno dia;Decrescente;Chuva;Simples;"Curva;Aclive";Não;2;0;2;0;0;0;2;1;-28,056545;-52,870819;SPRF-RS;DEL08-RS;UOP01-DEL08-RS
585947;08/03/2024;sexta-feira;16:05:00;RR;432;175;CANTA;Velocidade Incompatível;Saída de leito carroçável;Com Vítimas Feridas;Pleno dia;Decrescente;Céu Claro;Simples;Reta;Não;1;0;1;0;0;0;1;1;2,49345201;-60,63583589;SPRF-RR;DEL01-RR;UOP01-DEL01-RR
585950;08/03/2024;sexta-feira;19:00:00;SP;153;51,6;SAO JOSE DO RIO PRETO;Ingestão de álcool pelo condutor;Colisão transversal;Com Vítimas Feridas;Plena Noite;Crescente;Céu Claro;Simples;Reta;Não;2;0;2;0;0;0;2;2;-20,71801801;-49,33874223;SPRF-SP;DEL09-SP;UOP01-DEL09-SP
585952;15/01/2024;segunda-feira;14:00:00;RJ;101;321;NITEROI;Ausência de reação do condutor;Colisão traseira;Com Vítimas Feridas;Pleno dia;Crescente;Céu Claro;Dupla;Reta;Não;4;0;2;0;2;0;2;3;-22,86981096;-43,11046465;SPRF-RJ;DEL02-RJ;UOP01-DEL02-RJ
585953;08/03/2024;sexta-feira;16:00:00;SC;101;403,2;MARACAJA;Condutor deixou de manter distância do veículo da frente;Colisão com objeto;Com Vítimas Feridas;Pleno dia;Crescente;Chuva;Dupla;"Viaduto;Reta";Não;3;0;1;0;2;0;1;2;-28,87065022;-49,45169172;SPRF-SC;DEL02-SC;UOP02-DEL02-SC
585954;08/03/2024;sexta-feira;19:30:00;SP;116;216;GUARULHOS;Ausência de reação do condutor;Colisão traseira;Com Vítimas Feridas;Plena Noite;Crescente;Chuva;Múltipla;Reta;Sim;5;0;1;0;4;0;1;2;-23,45056589;-46,46258105;SPRF-SP;DEL01-SP;UOP01-DEL01-SP
585955;08/03/2024;sexta-feira;17:40:00;BA;367;23;PORTO SEGURO;Ultrapassagem Indevida;Tombamento;Com Vítimas Feridas;Anoitecer;Crescente;Céu Claro;Simples;Reta;Sim;2;0;1;0;1;0;1;2;-16,43517732;-39,07201198;SPRF-BA;DEL09-BA;UOP03-DEL09-BA
585957;08/03/2024;sexta-feira;17:00:00;PR;376;4,7;APUCARANA;Retorno proibido;Colisão transversal;Com Vítimas Feridas;Plena Noite;Decrescente;Nublado;Simples;Reta;Sim;2;0;1;0;1;0;1;2;-23,5513;-51,461266;SPRF-PR;DEL07-PR;UOP03-DEL07-PR
585958;08/03/2024;sexta-feira;16:00:00;SC;101;403,4;ARARANGUA;Condutor deixou de manter distância do veículo da frente;Colisão traseira;Com Vítimas Feridas;Pleno dia;Crescente;Chuva;Dupla;Reta;Não;3;0;0;1;2;0;1;3;-28,88920653;-49,46629107;SPRF-SC;DEL02-SC;UOP02-DEL02-SC
585959;08/03/2024;sexta-feira;18:30:00;PR;277;106;CAMPO LARGO;Condutor deixou de manter distância do veículo da frente;Colisão traseira;Com Vítimas Feridas;Anoitecer;Decrescente;Garoa/Chuvisco;Dupla;"Declive;Reta";Sim;2;0;1;0;1;0;1;1;-25,47984808;-49,3494472;SPRF-PR;DEL01-PR;UOP06-DEL01-PR
585960;08/03/2024;sexta-feira;15:25:00;MA;402;25;AXIXA;Acessar a via sem observar a presença dos outros veículos;Colisão transversal;Com Vítimas Feridas;Pleno dia;Crescente;Céu Claro;Simples;"Aclive;Reta";Não;3;0;0;1;1;1;1;3;-2,90818;-44,127811;SPRF-MA;DEL01-MA;UOP01-DEL01-MA
585962;08/03/2024;sexta-feira;20:00:00;RJ;116;181;NOVA IGUACU;Manobra de mudança de faixa;Colisão lateral mesmo sentido;Com Vítimas Feridas;Plena Noite;Crescente;Céu Claro;Múltipla;Reta;Sim;2;0;1;0;1;0;1;2;-22,761312;-43,423492;SPRF-RJ;DEL06-RJ;UOP01-DEL06-RJ
585966;08/03/2024;sexta-feira;17:40:00;RJ;465;13;SEROPEDICA;Entrada inopinada do pedestre;Atropelamento de Pedestre;Com Vítimas Feridas;Anoitecer;Decrescente;Nublado;Simples;Reta;Sim;4;0;3;0;1;0;3;3;-22,798468;-43,645508;SPRF-RJ;DEL06-RJ;UOP02-DEL06-RJ
585967;08/03/2024;sexta-feira;17:28:00;RO;319;64;PORTO VELHO;Manobra de mudança de faixa;Colisão lateral mesmo sentido;Com Vítimas Feridas;Pleno dia;Crescente;Céu Claro;Dupla;Reta;Sim;3;0;2;0;1;0;2;2;-8,766685;-63,884052;SPRF-RO;DEL01-RO;UOP01-DEL01-RO
585968;08/03/2024;sexta-feira;20:10:00;SE;101;86;NOSSA SENHORA DO SOCORRO;Estacionar ou parar em local proibido;Colisão traseira;Com Vítimas Feridas;Plena Noite;Crescente;Céu Claro;Dupla;"Reta;Aclive";Não;2;0;0;1;1;0;1;2;-10,85236473;-37,13618222;SPRF-SE;DEL01-SE;UOP01-DEL01-SE
585969;08/03/2024;sexta-feira;20:20:00;MG;381;493,3;BETIM;Ausência de reação do condutor;Tombamento;Com Vítimas Feridas;Plena Noite;Crescente;Céu Claro;Múltipla;Reta;Sim;1;0;0;1;0;0;1;1;-19,964552;-44,172325;SPRF-MG;DEL01-MG;UOP03-DEL01-MG
585970;08/03/2024;sexta-feira;20:40:00;SP;381;35;ATIBAIA;Chuva;Tombamento;Sem Vítimas;Plena Noite;Decrescente;Chuva;Dupla;"Aclive;Reta";Não;1;0;0;0;1;0;0;1;-23,079939;-46,569862;SPRF-SP;DEL03-SP;UOP02-DEL03-SP
585973;08/03/2024;sexta-feira;19:45:00;BA;116;12,5;VITORIA DA CONQUISTA;Desrespeitar a preferência no cruzamento;Colisão transversal;Com Vítimas Feridas;Plena Noite;Decrescente;Nublado;Simples;Reta;Sim;2;0;1;0;1;0;1;2;-14,8846;-40,8707;SPRF-BA;DEL08-BA;UOP01-DEL08-BA
585978;08/03/2024;sexta-feira;21:20:00;MG;381;478,5;CONTAGEM;Entrada inopinada do pedestre;Atropelamento de Pedestre;Com Vítimas Fatais;Plena Noite;Decrescente;Céu Claro;Múltipla;"Reta;Declive";Sim;3;1;1;0;1;0;1;2;-19,9621456;-44,03911471;SPRF-MG;DEL01-MG;UOP03-DEL01-MG
585979;08/03/2024;sexta-feira;21:20:00;RS;116;250;SAO LEOPOLDO;Condutor deixou de manter distância do veículo da frente;Colisão traseira;Com Vítimas Feridas;Plena Noite;Crescente;Céu Claro;Dupla;Reta;Sim;4;0;1;0;3;0;1;2;-29,79148798;-51,16399615;SPRF-RS;DEL01-RS;UOP02-DEL01-RS
585980;08/03/2024;sexta-feira;20:30:00;RS;116;238;NOVO HAMBURGO;Pedestre cruzava a pista fora da faixa;Atropelamento de Pedestre;Com Vítimas Feridas;Plena Noite;Decrescente;Nublado;Dupla;Reta;Sim;3;0;1;0;2;0;1;2;-29,68739789;-51,14197352;SPRF-RS;DEL01-RS;UOP02-DEL01-RS
585981;08/03/2024;sexta-feira;20:45:00;BA;116;858;VITORIA DA CONQUISTA;Deixar de acionar o farol da motocicleta (ou similar);Colisão transversal;Sem Vítimas;Plena Noite;Crescente;Céu Claro;Simples;"Interseção de Vias;Rotatória";Não;2;0;0;0;1;1;0;2;-15,046301;-40,973644;SPRF-BA;DEL08-BA;UOP01-DEL08-BA
585982;08/03/2024;sexta-feira;17:30:00;SC;116;53,2;PAPANDUVA;Pista Escorregadia;Tombamento;Com Vítimas Feridas;Pleno dia;Crescente;Nublado;Simples;"Reta;Declive";Não;2;0;2;0;0;0;2;1;-26,39398399;-50,15735149;SPRF-SC;DEL06-SC;UOP01-DEL06-SC
585983;08/03/2024;sexta-feira;21:00:00;SC;116;206,2;PONTE ALTA;Ultrapassagem Indevida;Saída de leito carroçável;Sem Vítimas;Plena Noite;Decrescente;Chuva;Simples;"Curva;Declive";Sim;1;0;0;0;1;0;0;1;-27,47335386;-50,3816746;SPRF-SC;DEL05-SC;UOP03-DEL05-SC
585984;08/03/2024;sexta-feira;21:40:00;RS;116;146,8;CAXIAS DO SUL;Pedestre andava na pista;Atropelamento de Pedestre;Com Vítimas Feridas;Plena Noite;Crescente;Garoa/Chuvisco;Dupla;Reta;Sim;3;0;0;1;2;0;1;2;-29,14228897;-51,13622202;SPRF-RS;DEL05-RS;UOP01-DEL05-RS
585985;08/03/2024;sexta-feira;21:00:00;CE;222;74;SAO GONCALO DO AMARANTE;Ingestão de substâncias psicoativas pelo condutor;Saída de leito carroçável;Sem Vítimas;Plena Noite;Crescente;Céu Claro;Simples;Reta;Não;1;0;0;0;1;0;0;1;-3,6706332;-39,20640601;SPRF-CE;DEL01-CE;UOP03-DEL01-CE
585986;08/03/2024;sexta-feira;21:40:00;SC;101;335,4;TUBARAO;Ingestão de álcool pelo condutor;Saída de leito carroçável;Sem Vítimas;Plena Noite;Crescente;Garoa/Chuvisco;Simples;Interseção de Vias;Sim;1;0;0;0;1;0;0;1;-28,46927473;-49,01557908;SPRF-SC;DEL02-SC;UOP01-DEL02-SC
585987;08/03/2024;sexta-feira;22:45:00;RS;290;4,8;OSORIO;Ausência de reação do condutor;Saída de leito carroçável;Com Vítimas Feridas;Plena Noite;Decrescente;Nublado;Dupla;Reta;Sim;1;0;0;1;0;0;1;1;-29,898134;-50,31419;SPRF-RS;DEL03-RS;UOP01-DEL03-RS
585989;08/03/2024;sexta-feira;22:35:00;RN;101;97;NATAL;Manobra de mudança de faixa;Colisão lateral mesmo sentido;Com Vítimas Feridas;Plena Noite;Crescente;Céu Claro;Múltipla;Reta;Sim;3;0;1;0;2;0;1;2;-5,85758898;-35,21271205;SPRF-RN;DEL01-RN;UOP01-DEL01-RN
585991;08/03/2024;sexta-feira;16:30:00;MT;158;510,3;CANARANA;Velocidade Incompatível;Saída de leito carroçável;Com Vítimas Feridas;Anoitecer;Decrescente;Céu Claro;Simples;Reta;Não;1;0;0;1;0;0;1;1;-13,60919196;-51,94248804;SPRF-MT;DEL07-MT;UOP02-DEL07-MT
585992;08/03/2024;sexta-feira;22:10:00;RJ;101;294;ITABORAI;Reação tardia ou ineficiente do condutor;Colisão traseira;Com Vítimas Feridas;Plena Noite;Decrescente;Céu Claro;Dupla;Reta;Não;3;0;1;0;2;0;1;2;-22,7584434;-42,89502344;SPRF-RJ;DEL02-RJ;UOP02-DEL02-RJ
585993;08/03/2024;sexta-feira;22:00:00;CE;116;80;CHOROZINHO;Animais na Pista;Atropelamento de Animal;Com Vítimas Feridas;Plena Noite;Crescente;Garoa/Chuvisco;Simples;Reta;Não;1;0;0;1;0;0;1;1;-4,39558323;-38,42673827;SPRF-CE;DEL03-CE;UOP02-DEL03-CE
585994;08/03/2024;sexta-feira;13:00:00;MS;163;359,5;NOVA ALVORADA DO SUL;Ausência de reação do condutor;Colisão traseira;Com Vítimas Feridas;Pleno dia;Crescente;Nublado;Simples;Reta;Não;2;0;1;0;1;0;1;2;-21,51594796;-54,40122012;SPRF-MS;DEL02-MS;UOP01-DEL02-MS
585995;08/03/2024;sexta-feira;22:00:00;BA;116;17,5;VITORIA DA CONQUISTA;Ausência de reação do condutor;Colisão traseira;Com Vítimas Feridas;Plena Noite;Decrescente;Nublado;Simples;Reta;Sim;2;0;0;1;1;0;1;2;-14,90049705;-40,85420609;SPRF-BA;DEL08-BA;UOP01-DEL08-BA
585996;08/03/2024;sexta-feira;21:00:00;PB;434;8,1;UIRAUNA;Animais na Pista;Atropelamento de Animal;Com Vítimas Fatais;Plena Noite;Decrescente;Céu Claro;Simples;Aclive;Não;1;1;0;0;0;0;0;1;-6,45648691;-38,44497693;SPRF-PB;DEL03-PB;UOP03-DEL03-PB
585997;08/03/2024;sexta-feira;21:56:00;TO;230;45;NAZARE;Animais na Pista;Atropelamento de Animal;Sem Vítimas;Plena Noite;Decrescente;Céu Claro;Simples;Reta;Não;1;0;0;0;1;0;0;1;-6,35419789;-47,72181085;SPRF-TO;DEL02-TO;UOP03-DEL02-TO
585998;08/03/2024;sexta-feira;23:15:00;TO;153;673;GURUPI;Ingestão de álcool pelo condutor;Queda de ocupante de veículo;Com Vítimas Feridas;Plena Noite;Decrescente;Nublado;Dupla;"Em Obras;Interseção de Vias;Retorno Regulamentado";Sim;1;0;1;0;0;0;1;1;-11,73820383;-49,08104077;SPRF-TO;DEL01-TO;UOP02-DEL01-TO