id;data_inversa;dia_semana;horario;uf;br;km;municipio;causa_acidente;tipo_acidente;classificacao_acidente;fase_dia;sentido_via;condicao_metereologica;tipo_pista;tracado_via;uso_solo;pessoas;mortos;feridos_leves;feridos_graves;ilesos;ignorados;feridos;veiculos;latitude;longitude;regional;delegacia;uop
586243;10/03/2024;domingo;03:45:00;PR;153;329,2;IRATI;Ausência de reação do condutor;Queda de ocupante de veículo;Com Vítimas Feridas;Plena Noite;Decrescente;Céu Claro;Dupla;"Interseção de Vias;Rotatória";Sim;2;0;2;0;0;0;2;1;-25,44654712;-50,61562676;SPRF-PR;DEL08-PR;UOP02-DEL08-PR
586244;10/03/2024;domingo;05:30:00;SC;116;198,8;PONTE ALTA;Reação tardia ou ineficiente do condutor;Saída de leito carroçável;Sem Vítimas;Amanhecer;Crescente;Nevoeiro/Neblina;Simples;"Aclive;Curva";Não;1;0;0;0;0;1;0;1;-27,41377628;-50,41680458;SPRF-SC;DEL05-SC;UOP03-DEL05-SC
586245;10/03/2024;domingo;05:40:00;RS;386;236,8;SOLEDADE;Ingestão de álcool pelo condutor;Colisão frontal;Com Vítimas Fatais;Amanhecer;Crescente;Nevoeiro/Neblina;Simples;Reta;Não;5;1;1;0;3;0;1;3;-28,744764;-52,549455;SPRF-RS;DEL04-RS;UOP03-DEL04-RS
586247;09/03/2024;sábado;19:00:00;CE;116;375;ICO;Ausência de reação do condutor;Queda de ocupante de veículo;Com Vítimas Feridas;Plena Noite;Crescente;Céu Claro;Simples;Interseção de Vias;Não;1;0;1;0;0;0;1;1;-6,3951252;-38,83101685;SPRF-CE;DEL05-CE;UOP01-DEL05-CE
586249;10/03/2024;domingo;03:20:00;RJ;101;390;RIO DE JANEIRO;Reação tardia ou ineficiente do condutor;Colisão com objeto;Com Vítimas Feridas;Plena Noite;Decrescente;Céu Claro;Dupla;Reta;Não;1;0;1;0;0;0;1;1;-22,89346927;-43,67542992;SPRF-RJ;DEL03-RJ;UOP01-DEL03-RJ
586250;10/03/2024;domingo;05:25:00;SC;101;81;BARRA VELHA;Velocidade Incompatível;Saída de leito carroçável;Com Vítimas Feridas;Amanhecer;Crescente;Céu Claro;Dupla;Reta;Não;3;0;1;1;1;0;2;1;-26,60256101;-48,72553524;SPRF-SC;DEL03-SC;UOP02-DEL03-SC
586251;10/03/2024;domingo;05:30:00;RS;386;51,5;SEBERI;Reação tardia ou ineficiente do condutor;Colisão com objeto;Sem Vítimas;Plena Noite;Crescente;Nevoeiro/Neblina;Simples;"Interseção de Vias;Rotatória";Não;1;0;0;0;0;1;0;1;-27,49799379;-53,38982105;SPRF-RS;DEL08-RS;UOP02-DEL08-RS
586252;10/03/2024;domingo;05:00:00;RS;116;507,2;PELOTAS;Ingestão de álcool pelo condutor;Saída de leito carroçável;Sem Vítimas;Amanhecer;Decrescente;Céu Claro;Dupla;"Curva;Retorno Regulamentado";Não;1;0;0;0;1;0;0;1;-31,60593355;-52,29719287;SPRF-RS;DEL07-RS;UOP01-DEL07-RS
586254;10/03/2024;domingo;06:40:00;PR;277;587;CASCAVEL;Ingestão de álcool pelo condutor;Colisão com objeto;Com Vítimas Feridas;Amanhecer;Decrescente;Céu Claro;Simples;"Declive;Reta";Sim;1;0;1;0;0;0;1;1;-24,96941255;-53,42959722;SPRF-PR;DEL04-PR;UOP01-DEL04-PR
586255;10/03/2024;domingo;05:15:00;BA;418;47;CARAVELAS;Ausência de reação do condutor;Colisão traseira;Com Vítimas Fatais;Amanhecer;Crescente;Céu Claro;Simples;Reta;Sim;2;1;1;0;0;0;1;2;-17,71917412;-39,52051096;SPRF-BA;DEL09-BA;UOP02-DEL09-BA
586256;10/03/2024;domingo;02:00:00;MG;365;496;PATROCINIO;Chuva;Saída de leito carroçável;Com Vítimas Feridas;Plena Noite;Decrescente;Chuva;Simples;"Declive;Curva";Não;2;0;1;0;1;0;1;1;-18,92492587;-47,20904222;SPRF-MG;DEL10-MG;UOP01-DEL10-MG
586258;10/03/2024;domingo;06:40:00;SC;282;531;CORDILHEIRA ALTA;Ausência de reação do condutor;Colisão com objeto;Sem Vítimas;Pleno dia;Crescente;Céu Claro;Simples;Curva;Sim;1;0;0;0;1;0;0;1;-26,990747;-52,609776;SPRF-SC;DEL07-SC;UOP01-DEL07-SC
586259;10/03/2024;domingo;05:40:00;MG;381;486,9;BETIM;Demais falhas mecânicas ou elétricas;Tombamento;Com Vítimas Feridas;Amanhecer;Crescente;Céu Claro;Múltipla;Reta;Sim;1;0;1;0;0;0;1;1;-19,95644414;-44,13611598;SPRF-MG;DEL01-MG;UOP03-DEL01-MG
586260;26/02/2024;segunda-feira;14:25:00;SC;101;138;BALNEARIO CAMBORIU;Ultrapassagem Indevida;Colisão lateral mesmo sentido;Com Vítimas Feridas;Pleno dia;Crescente;Ignorado;Dupla;Reta;Sim;2;0;1;0;1;0;1;2;-27,02397426;-48,60761649;SPRF-SC;DEL04-SC;UOP03-DEL04-SC
586261;10/03/2024;domingo;06:15:00;PR;376;179,5;MARINGA;Ausência de reação do condutor;Colisão com objeto;Com Vítimas Feridas;Amanhecer;Crescente;Céu Claro;Dupla;Viaduto;Sim;2;0;2;0;0;0;2;1;-23,42244278;-51,90360392;SPRF-PR;DEL09-PR;UOP01-DEL09-PR
586262;10/03/2024;domingo;06:40:00;PR;376;435,8;TIBAGI;Ausência de reação do condutor;Saída de leito carroçável;Sem Vítimas;Pleno dia;Decrescente;Céu Claro;Dupla;Curva;Não;1;0;0;0;0;1;0;1;-24,780752;-50,513617;SPRF-PR;DEL03-PR;UOP02-DEL03-PR
586264;10/03/2024;domingo;05:10:00;MG;251;300,6;SALINAS;Ausência de reação do condutor;Saída de leito carroçável;Com Vítimas Feridas;Amanhecer;Crescente;Céu Claro;Simples;"Declive;Curva";Não;3;0;1;0;2;0;1;1;-16,10091887;-42,21077728;SPRF-MG;DEL12-MG;UOP02-DEL12-MG
586267;10/03/2024;domingo;06:00:00;MG;356;285,3;PATROCINIO DO MURIAE;Transitar na contramão;Colisão lateral sentido oposto;Com Vítimas Feridas;Pleno dia;Crescente;Nublado;Simples;Reta;Não;3;0;2;0;1;0;2;2;-21,12384447;-42,2057464;SPRF-MG;DEL07-MG;UOP02-DEL07-MG
586268;10/03/2024;domingo;06:30:00;MG;40;275;TRES MARIAS;Reação tardia ou ineficiente do condutor;Tombamento;Com Vítimas Feridas;Amanhecer;Decrescente;Céu Claro;Simples;Reta;Não;1;0;1;0;0;0;1;1;-18,19945877;-45,23770577;SPRF-MG;DEL14-MG;UOP02-DEL14-MG
586269;10/03/2024;domingo;07:15:00;MG;381;428;CAETE;Velocidade Incompatível;Queda de ocupante de veículo;Com Vítimas Feridas;Pleno dia;Decrescente;Céu Claro;Dupla;Curva;Não;1;0;1;0;0;0;1;1;-19,79305067;-43,68018335;SPRF-MG;DEL01-MG;UOP01-DEL01-MG
586270;10/03/2024;domingo;07:00:00;SE;101;84;NOSSA SENHORA DO SOCORRO;Condutor Dormindo;Saída de leito carroçável;Sem Vítimas;Pleno dia;Crescente;Nublado;Dupla;"Viaduto;Reta";Não;1;0;0;0;0;1;0;1;-10,835002;-37,13775504;SPRF-SE;DEL01-SE;UOP01-DEL01-SE
586271;10/03/2024;domingo;08:25:00;MG;40;725;BARBACENA;Chuva;Saída de leito carroçável;Com Vítimas Feridas;Pleno dia;Crescente;Nublado;Dupla;"Declive;Curva";Não;2;0;2;0;0;0;2;1;-21,3046231;-43,61086009;SPRF-MG;DEL05-MG;UOP01-DEL05-MG
586272;09/03/2024;sábado;21:25:00;MG;381;729,3;CARMO DA CACHOEIRA;Ausência de reação do condutor;Colisão com objeto;Com Vítimas Feridas;Plena Noite;Decrescente;Chuva;Dupla;Curva;Não;2;0;1;0;1;0;1;1;-21,53065495;-45,23082007;SPRF-MG;DEL04-MG;UOP02-DEL04-MG
586273;10/03/2024;domingo;04:27:00;MG;381;603;OLIVEIRA;Ausência de reação do condutor;Saída de leito carroçável;Com Vítimas Fatais;Plena Noite;Crescente;Chuva;Dupla;"Aclive;Curva";Não;3;1;1;0;1;0;1;1;-20,64973798;-44,73551891;SPRF-MG;DEL04-MG;UOP01-DEL04-MG
586274;10/03/2024;domingo;05:45:00;MG;381;617;OLIVEIRA;Reação tardia ou ineficiente do condutor;Saída de leito carroçável;Sem Vítimas;Amanhecer;Crescente;Nublado;Simples;Curva;Não;1;0;0;0;1;0;0;1;-20,76156591;-44,77700024;SPRF-MG;DEL04-MG;UOP01-DEL04-MG
586275;09/03/2024;sábado;16:30:00;MG;381;533,7;ITATIAIUCU;Chuva;Colisão com objeto;Com Vítimas Feridas;Pleno dia;Decrescente;Chuva;Dupla;Reta;Não;1;0;1;0;0;0;1;1;-20,19896036;-44,38641307;SPRF-MG;DEL04-MG;UOP03-DEL04-MG
586276;06/03/2024;quarta-feira;07:15:00;MG;116;278;TEOFILO OTONI;Desrespeitar a preferência no cruzamento;Colisão transversal;Com Vítimas Feridas;Pleno dia;Crescente;Céu Claro;Simples;Rotatória;Sim;3;0;1;0;2;0;1;2;-17,87097674;-41,51839614;SPRF-MG;DEL11-MG;UOP01-DEL11-MG
586277;10/03/2024;domingo;08:15:00;GO;60;357;SANTO ANTONIO DA BARRA;Condutor Dormindo;Saída de leito carroçável;Com Vítimas Feridas;Pleno dia;Crescente;Nublado;Dupla;Reta;Não;3;0;1;0;2;0;1;1;-17,5959;-50,7164;SPRF-GO;DEL04-GO;UOP02-DEL04-GO
586279;10/03/2024;domingo;08:45:00;PR;277;43,5;MORRETES;Afundamento ou ondulação no pavimento;Queda de ocupante de veículo;Com Vítimas Feridas;Pleno dia;Decrescente;Céu Claro;Dupla;"Declive;Reta";Não;3;0;0;1;0;2;1;2;-25,59338755;-48,88570547;SPRF-PR;DEL01-PR;UOP01-DEL01-PR
586280;10/03/2024;domingo;09:15:00;GO;414;437,5;ANAPOLIS;Pista Escorregadia;Tombamento;Com Vítimas Feridas;Pleno dia;Crescente;Garoa/Chuvisco;Simples;"Interseção de Vias;Retorno Regulamentado";Sim;1;0;0;1;0;0;1;1;-16,25919842;-48,9373297;SPRF-GO;DEL02-GO;UOP01-DEL02-GO
586281;10/03/2024;domingo;09:15:00;PB;101;88;JOAO PESSOA;Acumulo de areia ou detritos sobre o pavimento;Colisão com objeto;Com Vítimas Feridas;Pleno dia;Crescente;Céu Claro;Dupla;Curva;Sim;2;0;1;1;0;0;2;1;-7,16470016;-34,89993643;SPRF-PB;DEL01-PB;UOP01-DEL01-PB
586282;10/03/2024;domingo;09:30:00;SP;116;220;GUARULHOS;Reação tardia ou ineficiente do condutor;Colisão com objeto;Com Vítimas Feridas;Pleno dia;Decrescente;Céu Claro;Múltipla;Reta;Sim;1;0;1;0;0;0;1;1;-23,46472809;-46,49793962;SPRF-SP;DEL01-SP;UOP01-DEL01-SP
586283;10/03/2024;domingo;09:10:00;PE;428;185,4;PETROLINA;Condutor Dormindo;Colisão traseira;Com Vítimas Feridas;Pleno dia;Crescente;Céu Claro;Dupla;Reta;Sim;3;0;1;0;2;0;1;3;-9,35289632;-40,47691768;SPRF-PE;DEL06-PE;UOP01-DEL06-PE
586284;10/03/2024;domingo;09:10:00;GO;364;21;SAO SIMAO;Acostamento em desnível;Eventos atípicos;Com Vítimas Feridas;Pleno dia;Decrescente;Céu Claro;Simples;Reta;Não;3;0;1;0;1;1;1;2;-18,92555;-50,654079;SPRF-GO;DEL05-GO;UOP02-DEL05-GO
586286;10/03/2024;domingo;10:00:00;MG;40;474,6;SETE LAGOAS;Velocidade Incompatível;Saída de leito carroçável;Com Vítimas Feridas;Pleno dia;Decrescente;Chuva;Múltipla;"Declive;Curva";Sim;3;0;0;1;2;0;1;1;-19,50083;-44,27674;SPRF-MG;DEL02-MG;UOP01-DEL02-MG
586288;10/03/2024;domingo;01:52:00;RO;364;1055;PORTO VELHO;Ausência de reação do condutor;Atropelamento de Animal;Com Vítimas Feridas;Plena Noite;Decrescente;Nublado;Simples;"Declive;Reta";Não;2;0;2;0;0;0;2;1;-9,7947667;-66,50398104;SPRF-AC;DEL01-AC;UOP03-DEL01-AC
586289;10/03/2024;domingo;07:00:00;MT;163;786;VERA;Ingestão de álcool pelo condutor;Saída de leito carroçável;Com Vítimas Feridas;Pleno dia;Decrescente;Céu Claro;Simples;Interseção de Vias;Não;1;0;0;1;0;0;1;1;-12,28699228;-55,56216024;SPRF-MT;DEL06-MT;UOP02-DEL06-MT
586290;10/03/2024;domingo;09:45:00;SC;101;111,1;NAVEGANTES;Ausência de reação do condutor;Queda de ocupante de veículo;Com Vítimas Feridas;Pleno dia;Crescente;Sol;Dupla;Reta;Não;2;0;1;0;1;0;1;1;-26,83955734;-48,71418074;SPRF-SC;DEL04-SC;UOP04-DEL04-SC
586291;10/03/2024;domingo;10:00:00;BA;324;622;SALVADOR;Acesso irregular;Colisão lateral mesmo sentido;Com Vítimas Feridas;Pleno dia;Crescente;Céu Claro;Dupla;Reta;Sim;2;0;1;0;1;0;1;2;-12,91888605;-38,46502095;SPRF-BA;DEL01-BA;UOP01-DEL01-BA
586293;10/03/2024;domingo;08:30:00;BA;324;555,4;AMELIA RODRIGUES;Demais falhas mecânicas ou elétricas;Tombamento;Com Vítimas Feridas;Pleno dia;Decrescente;Sol;Dupla;Reta;Não;2;0;2;0;0;0;2;1;-12,46574407;-38,68963508;SPRF-BA;DEL01-BA;UOP03-DEL01-BA
586296;10/03/2024;domingo;05:15:00;SE;101;82,8;LARANJEIRAS;Transitar no Acostamento;Atropelamento de Pedestre;Com Vítimas Fatais;Amanhecer;Decrescente;Chuva;Dupla;"Reta;Declive";Não;2;1;0;0;0;1;0;2;-10,81787508;-37,13924106;SPRF-SE;DEL01-SE;UOP01-DEL01-SE
586297;10/03/2024;domingo;09:15:00;MG;116;420,8;ALPERCATA;Ultrapassagem Indevida;Colisão traseira;Com Vítimas Feridas;Pleno dia;Crescente;Céu Claro;Simples;Reta;Não;3;0;0;3;0;0;3;2;-18,93758018;-41,94828618;SPRF-MG;DEL06-MG;UOP01-DEL06-MG
586301;27/02/2024;terça-feira;15:35:00;PR;277;596,4;CASCAVEL;Avarias e/ou desgaste excessivo no pneu;Saída de leito carroçável;Com Vítimas Feridas;Pleno dia;Decrescente;Céu Claro;Dupla;Reta;Sim;1;0;0;1;0;0;1;1;-24,9794792;-53,49232599;SPRF-PR;DEL04-PR;UOP01-DEL04-PR
586302;10/03/2024;domingo;10:00:00;MG;40;617;CONGONHAS;Acessar a via sem observar a presença dos outros veículos;Colisão transversal;Com Vítimas Feridas;Pleno dia;Decrescente;Céu Claro;Simples;"Retorno Regulamentado;Reta";Não;3;0;0;2;1;0;2;2;-20,55295397;-43,81450989;SPRF-MG;DEL05-MG;UOP02-DEL05-MG
586305;17/01/2024;quarta-feira;06:05:00;SC;282;423;VARGEM BONITA;Acumulo de óleo sobre o pavimento;Saída de leito carroçável;Com Vítimas Feridas;Pleno dia;Decrescente;Chuva;Simples;Curva;Não;3;0;2;0;1;0;2;1;-26,99556;-51,752289;SPRF-SC;DEL07-SC;UOP05-DEL07-SC
586306;07/03/2024;quinta-feira;07:00:00;MS;163;614,3;SAO GABRIEL DO OESTE;Acessar a via sem observar a presença dos outros veículos;Colisão transversal;Com Vítimas Feridas;Pleno dia;Decrescente;Nublado;Simples;"Rotatória;Reta";Sim;2;0;0;1;1;0;1;2;-19,39955983;-54,56517935;SPRF-MS;DEL06-MS;UOP02-DEL06-MS
586307;10/03/2024;domingo;11:00:00;MG;262;380;JUATUBA;Ausência de reação do condutor;Saída de leito carroçável;Com Vítimas Feridas;Pleno dia;Crescente;Chuva;Dupla;Curva;Sim;2;0;2;0;0;0;2;1;-19,947864;-44,381226;SPRF-MG;DEL01-MG;UOP03-DEL01-MG
586308;10/03/2024;domingo;11:15:00;MG;381;503;BETIM;Acumulo de água sobre o pavimento;Colisão lateral mesmo sentido;Sem Vítimas;Pleno dia;Decrescente;Chuva;Múltipla;Curva;Não;2;0;0;0;2;0;0;2;-20,03855134;-44,25495493;SPRF-MG;DEL01-MG;UOP03-DEL01-MG
586310;10/03/2024;domingo;08:00:00;MS;158;236;TRES LAGOAS;Ingestão de álcool pelo condutor;Tombamento;Com Vítimas Feridas;Pleno dia;Crescente;Céu Claro;Simples;Reta;Não;2;0;2;0;0;0;2;1;-20,613862;-51,674793;SPRF-MS;DEL07-MS;UOP01-DEL07-MS
586311;10/03/2024;domingo;12:09:00;SC;280;122,4;SAO BENTO DO SUL;Acessar a via sem observar a presença dos outros veículos;Colisão transversal;Com Vítimas Feridas;Pleno dia;Crescente;Sol;Simples;Rotatória;Não;2;0;1;0;1;0;1;2;-26,24855895;-49,45712883;SPRF-SC;DEL06-SC;UOP03-DEL06-SC
586313;10/03/2024;domingo;11:30:00;BA;101;279;LAJE;Ausência de reação do condutor;Saída de leito carroçável;Com Vítimas Fatais;Pleno dia;Decrescente;Sol;Simples;"Reta;Declive";Não;1;1;0;0;0;0;0;1;-13,21708809;-39,32423862;SPRF-BA;DEL01-BA;UOP02-DEL01-BA
586314;10/03/2024;domingo;13:00:00;PR;277;474,4;NOVA LARANJEIRAS;Condutor Dormindo;Saída de leito carroçável;Com Vítimas Feridas;Pleno dia;Crescente;Céu Claro;Múltipla;Curva;Não;3;0;2;0;1;0;2;1;-25,30767734;-52,53721208;SPRF-PR;DEL04-PR;UOP02-DEL04-PR
586315;10/03/2024;domingo;12:50:00;DF;80;13;BRASILIA;Ausência de reação do condutor;Colisão com objeto;Sem Vítimas;Pleno dia;Crescente;Céu Claro;Simples;Declive;Sim;1;0;0;0;1;0;0;1;-15,728034;-48,193768;SPRF-DF;DEL03-DF;UOP02-DEL03-DF
586316;10/03/2024;domingo;09:30:00;SC;280;51,6;GUARAMIRIM;Acessar a via sem observar a presença dos outros veículos;Colisão transversal;Com Vítimas Fatais;Pleno dia;Decrescente;Céu Claro;Dupla;Reta;Sim;2;1;0;0;1;0;0;2;-26,46817198;-48,96263123;SPRF-SC;DEL03-SC;UOP03-DEL03-SC
586317;10/03/2024;domingo;12:50:00;SC;101;413,5;ARARANGUA;Demais falhas mecânicas ou elétricas;Incêndio;Sem Vítimas;Pleno dia;Crescente;Céu Claro;Dupla;Reta;Não;1;0;0;0;1;0;0;1;-28,94605997;-49,50428402;SPRF-SC;DEL02-SC;UOP02-DEL02-SC
586320;10/03/2024;domingo;13:50:00;MG;40;375;CURVELO;Demais falhas mecânicas ou elétricas;Saída de leito carroçável;Com Vítimas Feridas;Pleno dia;Crescente;Céu Claro;Simples;Reta;Não;2;0;1;1;0;0;2;1;-18,84931222;-44,75943022;SPRF-MG;DEL02-MG;UOP01-DEL02-MG
586321;10/03/2024;domingo;13:17:00;SC;101;157;PORTO BELO;Velocidade Incompatível;Colisão traseira;Com Vítimas Feridas;Pleno dia;Decrescente;Céu Claro;Dupla;Reta;Sim;3;0;1;0;2;0;1;2;-27,181625;-48,6121179;SPRF-SC;DEL04-SC;UOP03-DEL04-SC
586322;10/03/2024;domingo;13:35:00;PR;277;586,7;CASCAVEL;Acessar a via sem observar a presença dos outros veículos;Colisão transversal;Com Vítimas Feridas;Pleno dia;Crescente;Sol;Simples;"Reta;Declive;Interseção de Vias";Sim;3;0;1;0;2;0;1;2;-24,9649472;-53,4210459;SPRF-PR;DEL04-PR;UOP01-DEL04-PR
586324;08/03/2024;sexta-feira;02:00:00;PR;116;171;QUITANDINHA;Ausência de reação do condutor;Saída de leito carroçável;Com Vítimas Fatais;Plena Noite;Crescente;Ignorado;Simples;Curva;Não;1;1;0;0;0;0;0;1;-25,8914;-49,53448;SPRF-PR;DEL01-PR;UOP03-DEL01-PR
586325;10/03/2024;domingo;14:00:00;PR;369;125,5;JATAIZINHO;Demais falhas mecânicas ou elétricas;Incêndio;Sem Vítimas;Pleno dia;Decrescente;Sol;Dupla;"Viaduto;Reta";Não;1;0;0;0;1;0;0;1;-23,28364093;-50,95242262;SPRF-PR;DEL07-PR;UOP05-DEL07-PR
586326;10/03/2024;domingo;14:45:00;RS;116;489,7;TURUCU;Mal súbito do condutor;Saída de leito carroçável;Sem Vítimas;Pleno dia;Crescente;Céu Claro;Simples;"Reta;Em Obras";Não;3;0;0;0;3;0;0;1;-31,4689871;-52,21265316;SPRF-RS;DEL07-RS;UOP01-DEL07-RS
586327;10/03/2024;domingo;12:30:00;RS;470;20,3;BARRACAO;Condutor Dormindo;Saída de leito carroçável;Com Vítimas Feridas;Pleno dia;Decrescente;Céu Claro;Simples;Reta;Não;1;0;1;0;0;0;1;1;-27,755418;-51,45589;SPRF-RS;DEL08-RS;UOP05-DEL08-RS
586329;10/03/2024;domingo;12:00:00;MG;40;644;CRISTIANO OTONI;Ingestão de álcool pelo condutor;Colisão lateral mesmo sentido;Sem Vítimas;Pleno dia;Decrescente;Céu Claro;Simples;Reta;Não;2;0;0;0;2;0;0;2;-20,77533396;-43,80993426;SPRF-MG;DEL05-MG;UOP02-DEL05-MG
586330;02/03/2024;sábado;11:40:00;BA;324;606;SIMOES FILHO;Condutor deixou de manter distância do veículo da frente;Colisão traseira;Com Vítimas Feridas;Pleno dia;Crescente;Céu Claro;Dupla;Reta;Sim;4;0;1;0;3;0;1;2;-12,79340512;-38,40485325;SPRF-BA;DEL01-BA;UOP01-DEL01-BA
586331;27/02/2024;terça-feira;18:10:00;SC;470;1,4;NAVEGANTES;Pedestre andava na pista;Atropelamento de Pedestre;Com Vítimas Fatais;Anoitecer;Decrescente;Nublado;Dupla;"Reta;Em Obras";Sim;3;1;1;0;0;1;1;2;-26,875383;-48,668285;SPRF-SC;DEL04-SC;UOP04-DEL04-SC
586334;10/03/2024;domingo;13:56:00;MT;70;4;BARRA DO GARCAS;Reação tardia ou ineficiente do condutor;Queda de ocupante de veículo;Com Vítimas Feridas;Pleno dia;Crescente;Céu Claro;Dupla;Rotatória;Sim;1;0;1;0;0;0;1;1;-15,87907036;-52,28563311;SPRF-MT;DEL07-MT;UOP01-DEL07-MT
586335;10/03/2024;domingo;13:40:00;PR;376;195;MARIALVA;Animais na Pista;Colisão com objeto;Com Vítimas Feridas;Pleno dia;Decrescente;Céu Claro;Dupla;Reta;Não;3;0;1;1;1;0;2;1;-23,49796205;-51,77372722;SPRF-PR;DEL09-PR;UOP01-DEL09-PR
586336;10/03/2024;domingo;14:20:00;BA;324;591,5;CANDEIAS;Reação tardia ou ineficiente do condutor;Colisão com objeto;Com Vítimas Feridas;Pleno dia;Crescente;Sol;Dupla;Reta;Não;1;0;1;0;0;0;1;1;-12,68723422;-38,46656799;SPRF-BA;DEL01-BA;UOP01-DEL01-BA
586338;10/03/2024;domingo;14:55:00;MS;376;15,9;FATIMA DO SUL;Demais falhas mecânicas ou elétricas;Tombamento;Com Vítimas Feridas;Pleno dia;Decrescente;Céu Claro;Simples;Reta;Não;2;0;2;0;0;0;2;1;-22,31650221;-54,58420923;SPRF-MS;DEL04-MS;UOP01-DEL04-MS
586339;10/03/2024;domingo;15:30:00;PB;230;213;SOLEDADE;Acessar a via sem observar a presença dos outros veículos;Colisão lateral sentido oposto;Com Vítimas Feridas;Pleno dia;Crescente;Céu Claro;Simples;Reta;Sim;2;0;1;0;1;0;1;2;-7,0705;-36,348;SPRF-PB;DEL02-PB;UOP02-DEL02-PB
586340;10/03/2024;domingo;10:40:00;ES;101;144;LINHARES;Ausência de reação do condutor;Colisão traseira;Com Vítimas Feridas;Pleno dia;Crescente;Céu Claro;Múltipla;Reta;Sim;2;0;0;1;1;0;1;2;-19,35188295;-40,0636685;SPRF-ES;DEL04-ES;UOP01-DEL04-ES
586341;10/03/2024;domingo;06:00:00;MA;222;659,4;ACAILANDIA;Condutor Dormindo;Saída de leito carroçável;Com Vítimas Feridas;Pleno dia;Crescente;Nublado;Simples;Reta;Não;2;0;2;0;0;0;2;1;-4,86775987;-47,32915222;SPRF-MA;DEL04-MA;UOP03-DEL04-MA
586342;10/03/2024;domingo;15:45:00;BA;20;74,1;SAO DESIDERIO;Reação tardia ou ineficiente do condutor;Saída de leito carroçável;Com Vítimas Feridas;Pleno dia;Crescente;Ignorado;Simples;"Declive;Reta";Não;1;0;1;0;0;0;1;1;-13,29341115;-46,05743408;SPRF-BA;DEL10-BA;UOP01-DEL10-BA
586343;24/02/2024;sábado;20:03:00;PI;343;345;TERESINA;Ausência de reação do condutor;Colisão transversal;Com Vítimas Feridas;Plena Noite;Decrescente;Céu Claro;Simples;"Interseção de Vias;Reta";Sim;3;0;1;0;1;1;1;3;-5,102889;-42,766506;SPRF-PI;DEL01-PI;UOP01-DEL01-PI
586345;10/03/2024;domingo;15:50:00;SP;101;31,8;UBATUBA;Ingestão de álcool pelo condutor;Engavetamento;Sem Vítimas;Pleno dia;Crescente;Céu Claro;Simples;Curva;Não;7;0;0;0;7;0;0;2;-23,38434701;-44,97217398;SPRF-SP;DEL06-SP;UOP01-DEL06-SP
586346;10/03/2024;domingo;13:40:00;MT;364;263;JACIARA;Ingestão de álcool pelo condutor;Saída de leito carroçável;Com Vítimas Feridas;Pleno dia;Crescente;Céu Claro;Dupla;Reta;Não;4;0;4;0;0;0;4;1;-16,01673751;-54,90686447;SPRF-MT;DEL02-MT;UOP01-DEL02-MT
586347;10/03/2024;domingo;16:30:00;DF;70;2;BRASILIA;Ausência de reação do condutor;Saída de leito carroçável;Sem Vítimas;Pleno dia;Decrescente;Nublado;Dupla;Reta;Sim;5;0;0;0;5;0;0;1;-15,798048;-48,073235;SPRF-DF;DEL03-DF;UOP02-DEL03-DF
586348;10/03/2024;domingo;16:55:00;RS;116;243,9;SAO LEOPOLDO;Reação tardia ou ineficiente do condutor;Colisão traseira;Com Vítimas Feridas;Pleno dia;Crescente;Céu Claro;Dupla;Reta;Sim;2;0;1;0;1;0;1;2;-29,73196199;-51,14952004;SPRF-RS;DEL01-RS;UOP02-DEL01-RS
586349;10/03/2024;domingo;15:30:00;BA;101;523;BUERAREMA;Ausência de reação do condutor;Colisão traseira;Com Vítimas Feridas;Pleno dia;Crescente;Céu Claro;Simples;Reta;Não;7;0;2;0;5;0;2;2;-14,942872;-39,303955;SPRF-BA;DEL05-BA;UOP01-DEL05-BA
586350;10/03/2024;domingo;15:48:00;SC;470;35,7;GASPAR;Manobra de mudança de faixa;Colisão lateral mesmo sentido;Sem Vítimas;Pleno dia;Decrescente;Céu Claro;Simples;"Reta;Em Obras";Sim;3;0;0;0;3;0;0;2;-26,912857;-48,958965;SPRF-SC;DEL04-SC;UOP01-DEL04-SC
586352;10/03/2024;domingo;17:10:00;PB;230;17;JOAO PESSOA;Reação tardia ou ineficiente do condutor;Colisão lateral mesmo sentido;Com Vítimas Feridas;Pleno dia;Decrescente;Céu Claro;Dupla;Retorno Regulamentado;Sim;2;0;1;0;1;0;1;2;-7,1121;-34,8426;SPRF-PB;DEL01-PB;UOP01-DEL01-PB
586353;10/03/2024;domingo;15:40:00;CE;20;257;MADALENA;Pista esburacada;Colisão traseira;Com Vítimas Feridas;Pleno dia;Crescente;Chuva;Simples;"Declive;Reta";Não;7;0;4;0;3;0;4;2;-4,77674169;-39,50292828;SPRF-CE;DEL02-CE;UOP01-DEL02-CE
586354;10/03/2024;domingo;16:40:00;CE;222;238;SOBRAL;Condutor usando celular;Saída de leito carroçável;Com Vítimas Feridas;Anoitecer;Decrescente;Chuva;Simples;Reta;Não;2;0;0;2;0;0;2;1;-3,72314305;-40,46060998;SPRF-CE;DEL04-CE;UOP01-DEL04-CE
586365;10/03/2024;domingo;16:58:00;PB;230;43;SANTA RITA;Velocidade Incompatível;Tombamento;Com Vítimas Feridas;Pleno dia;Decrescente;Céu Claro;Dupla;Reta;Não;1;0;1;0;0;0;1;1;-7,1479;-35,0029;SPRF-PB;DEL01-PB;UOP03-DEL01-PB
586376;10/03/2024;domingo;16:30:00;RS;290;91;PORTO ALEGRE;Acessar a via sem observar a presença dos outros veículos;Colisão lateral mesmo sentido;Sem Vítimas;Pleno dia;Decrescente;Céu Claro;Múltipla;Reta;Sim;2;0;0;0;1;1;0;2;-29,96976932;-51,16985321;SPRF-RS;DEL01-RS;UOP01-DEL01-RS