id;data_inversa;dia_semana;horario;uf;br;km;municipio;causa_acidente;tipo_acidente;classificacao_acidente;fase_dia;sentido_via;condicao_metereologica;tipo_pista;tracado_via;uso_solo;pessoas;mortos;feridos_leves;feridos_graves;ilesos;ignorados;feridos;veiculos;latitude;longitude;regional;delegacia;uop
587026;13/03/2024;quarta-feira;15:30:00;RS;116;188,3;PICADA CAFE;Frear bruscamente;Colisão traseira;Com Vítimas Feridas;Pleno dia;Crescente;Céu Claro;Simples;Curva;Não;2;0;2;0;0;0;2;2;-29,408326;-51,13290998;SPRF-RS;DEL05-RS;UOP02-DEL05-RS
587030;13/03/2024;quarta-feira;17:00:00;SC;101;208;SAO JOSE;Desrespeitar a preferência no cruzamento;Colisão lateral mesmo sentido;Com Vítimas Feridas;Pleno dia;Decrescente;Céu Claro;Múltipla;"Reta;Declive";Sim;2;0;1;1;0;0;2;2;-27,60327979;-48,63201818;SPRF-SC;DEL01-SC;UOP01-DEL01-SC
587031;13/03/2024;quarta-feira;17:30:00;RJ;393;282;VOLTA REDONDA;Ultrapassagem Indevida;Colisão transversal;Com Vítimas Feridas;Pleno dia;Crescente;Sol;Simples;Reta;Sim;2;0;1;0;1;0;1;2;-22,48082784;-44,04047201;SPRF-RJ;DEL05-RJ;UOP04-DEL05-RJ
587033;13/03/2024;quarta-feira;15:00:00;SC;101;38,6;JOINVILLE;Desrespeitar a preferência no cruzamento;Colisão transversal;Com Vítimas Feridas;Pleno dia;Decrescente;Sol;Dupla;"Viaduto;Interseção de Vias;Rotatória";Sim;2;0;1;0;1;0;1;2;-26,25472505;-48,90561309;SPRF-SC;DEL03-SC;UOP01-DEL03-SC
587037;13/03/2024;quarta-feira;16:30:00;RO;364;721;PORTO VELHO;Reação tardia ou ineficiente do condutor;Colisão traseira;Com Vítimas Feridas;Pleno dia;Decrescente;Chuva;Dupla;"Reta;Declive";Não;3;0;0;1;1;1;1;3;-8,82143666;-63,92563725;SPRF-RO;DEL01-RO;UOP01-DEL01-RO
587038;13/03/2024;quarta-feira;17:10:00;BA;101;503;ITABUNA;Conversão proibida;Colisão transversal;Sem Vítimas;Pleno dia;Crescente;Sol;Simples;Reta;Sim;3;0;0;0;3;0;0;2;-14,77335845;-39,28930196;SPRF-BA;DEL05-BA;UOP01-DEL05-BA
587039;13/03/2024;quarta-feira;18:15:00;MG;262;366;JUATUBA;Demais falhas mecânicas ou elétricas;Tombamento;Com Vítimas Feridas;Plena Noite;Crescente;Céu Claro;Dupla;"Declive;Reta";Não;1;0;1;0;0;0;1;1;-19,974217;-44,261798;SPRF-MG;DEL01-MG;UOP03-DEL01-MG
587040;13/03/2024;quarta-feira;18:44:00;MG;116;523;CARATINGA;Acessar a via sem observar a presença dos outros veículos;Colisão transversal;Com Vítimas Feridas;Plena Noite;Decrescente;Céu Claro;Simples;"Rotatória;Interseção de Vias";Sim;2;0;0;1;1;0;1;2;-19,75187896;-42,1326603;SPRF-MG;DEL06-MG;UOP02-DEL06-MG
587041;13/03/2024;quarta-feira;18:18:00;BA;116;12,9;VITORIA DA CONQUISTA;Acessar a via sem observar a presença dos outros veículos;Colisão transversal;Com Vítimas Feridas;Anoitecer;Crescente;Céu Claro;Simples;Reta;Sim;2;0;1;0;1;0;1;2;-14,884604;-40,870686;SPRF-BA;DEL08-BA;UOP01-DEL08-BA
587042;07/02/2024;quarta-feira;14:00:00;RS;116;143,1;CAXIAS DO SUL;Transitar na contramão;Colisão frontal;Com Vítimas Feridas;Pleno dia;Decrescente;Céu Claro;Dupla;Interseção de Vias;Sim;2;0;1;0;1;0;1;2;-29,1201739;-51,12260651;SPRF-RS;DEL05-RS;UOP01-DEL05-RS
587043;13/03/2024;quarta-feira;18:00:00;MG;40;507,2;RIBEIRAO DAS NEVES;Condutor deixou de manter distância do veículo da frente;Colisão traseira;Com Vítimas Feridas;Plena Noite;Crescente;Céu Claro;Dupla;Reta;Sim;1;0;0;1;0;0;1;1;-19,75431705;-44,14152606;SPRF-MG;DEL02-MG;UOP01-DEL02-MG
587044;01/01/2024;segunda-feira;06:30:00;MA;316;260;SANTA INES;Condutor Dormindo;Tombamento;Com Vítimas Feridas;Amanhecer;Crescente;Ignorado;Simples;"Rotatória;Reta";Não;1;0;0;1;0;0;1;1;-3,675335;-45,390854;SPRF-MA;DEL02-MA;UOP01-DEL02-MA
587049;13/03/2024;quarta-feira;18:45:00;SC;470;141;RIO DO SUL;Acesso irregular;Colisão transversal;Com Vítimas Feridas;Anoitecer;Crescente;Céu Claro;Simples;Interseção de Vias;Sim;2;0;1;0;1;0;1;2;-27,207214;-49,648476;SPRF-SC;DEL04-SC;UOP02-DEL04-SC
587050;13/03/2024;quarta-feira;18:50:00;SC;101;213,6;PALHOCA;Manobra de mudança de faixa;Colisão lateral mesmo sentido;Com Vítimas Feridas;Plena Noite;Decrescente;Céu Claro;Múltipla;Reta;Sim;2;0;1;0;1;0;1;2;-27,63697369;-48,66514142;SPRF-SC;DEL01-SC;UOP02-DEL01-SC
587051;13/03/2024;quarta-feira;18:50:00;SP;116;342;MIRACATU;Entrada inopinada do pedestre;Atropelamento de Pedestre;Com Vítimas Fatais;Plena Noite;Crescente;Céu Claro;Dupla;"Declive;Reta";Sim;3;1;0;0;1;1;0;2;-24,01625202;-47,16797896;SPRF-SP;DEL04-SP;UOP03-DEL04-SP
587054;13/03/2024;quarta-feira;16:35:00;PR;376;672,8;GUARATUBA;Reação tardia ou ineficiente do condutor;Colisão com objeto;Sem Vítimas;Pleno dia;Decrescente;Céu Claro;Dupla;Reta;Não;3;0;0;0;2;1;0;2;-25,89358488;-48,93146782;SPRF-PR;DEL01-PR;UOP04-DEL01-PR
587055;13/03/2024;quarta-feira;18:10:00;PI;343;310,1;ALTOS;Ingestão de álcool pelo condutor;Colisão frontal;Sem Vítimas;Anoitecer;Decrescente;Céu Claro;Simples;Reta;Sim;2;0;0;0;2;0;0;2;-5,040502;-42,485443;SPRF-PI;DEL01-PI;UOP01-DEL01-PI
587056;13/03/2024;quarta-feira;15:40:00;PI;316;382;ALEGRETE DO PIAUI;Animais na Pista;Atropelamento de Animal;Sem Vítimas;Pleno dia;Decrescente;Nublado;Simples;"Aclive;Reta";Sim;3;0;0;0;2;1;0;2;-7,22344216;-40,8774342;SPRF-PI;DEL04-PI;UOP03-DEL04-PI
587058;13/03/2024;quarta-feira;19:10:00;RN;110;43,1;MOSSORO;Manobra de mudança de faixa;Colisão frontal;Com Vítimas Feridas;Plena Noite;Decrescente;Céu Claro;Simples;Reta;Sim;3;0;0;2;1;0;2;2;-5,18223639;-37,29640087;SPRF-RN;DEL04-RN;UOP01-DEL04-RN
587060;13/03/2024;quarta-feira;19:30:00;SC;101;150;ITAPEMA;Ultrapassagem Indevida;Colisão lateral mesmo sentido;Com Vítimas Feridas;Anoitecer;Crescente;Sol;Dupla;Reta;Sim;3;0;1;0;0;2;1;3;-27,11744799;-48,60940987;SPRF-SC;DEL04-SC;UOP03-DEL04-SC
587063;13/03/2024;quarta-feira;19:40:00;ES;101;7,9;SERRA;Animais na Pista;Atropelamento de Animal;Com Vítimas Feridas;Plena Noite;Crescente;Céu Claro;Dupla;Reta;Não;1;0;1;0;0;0;1;1;-20,129093;-40,308125;SPRF-ES;DEL02-ES;UOP01-DEL02-ES
587065;13/03/2024;quarta-feira;19:26:00;DF;70;0,9;BRASILIA;Ausência de reação do condutor;Colisão traseira;Com Vítimas Feridas;Plena Noite;Crescente;Chuva;Múltipla;Reta;Não;3;0;1;0;2;0;1;2;-15,792352;-48,054509;SPRF-DF;DEL03-DF;UOP02-DEL03-DF
587066;13/03/2024;quarta-feira;16:40:00;RJ;393;167;TRES RIOS;Acessar a via sem observar a presença dos outros veículos;Colisão transversal;Com Vítimas Feridas;Pleno dia;Crescente;Céu Claro;Simples;Reta;Sim;2;0;1;0;1;0;1;2;-22,12236191;-43,13976623;SPRF-RJ;DEL05-RJ;UOP01-DEL05-RJ
587067;13/03/2024;quarta-feira;19:05:00;SC;101;25;JOINVILLE;Acessar a via sem observar a presença dos outros veículos;Colisão transversal;Com Vítimas Feridas;Plena Noite;Decrescente;Céu Claro;Simples;Reta;Sim;2;0;1;0;1;0;1;2;-26,17984401;-48,90908793;SPRF-SC;DEL03-SC;UOP01-DEL03-SC
587070;13/03/2024;quarta-feira;18:47:00;MA;135;7;SAO LUIS;Acessar a via sem observar a presença dos outros veículos;Colisão transversal;Com Vítimas Feridas;Plena Noite;Decrescente;Céu Claro;Dupla;Reta;Sim;2;0;1;1;0;0;2;2;-2,63608835;-44,26848552;SPRF-MA;DEL01-MA;UOP01-DEL01-MA
587071;13/03/2024;quarta-feira;19:38:00;ES;101;148,9;LINHARES;Manobra de mudança de faixa;Colisão lateral mesmo sentido;Com Vítimas Feridas;Plena Noite;Crescente;Céu Claro;Múltipla;Reta;Sim;2;0;1;0;0;1;1;2;-19,36990998;-40,06560718;SPRF-ES;DEL04-ES;UOP01-DEL04-ES
587072;13/03/2024;quarta-feira;20:40:00;MG;262;36,6;MANHUACU;Reação tardia ou ineficiente do condutor;Tombamento;Com Vítimas Feridas;Plena Noite;Decrescente;Nublado;Dupla;Reta;Sim;1;0;1;0;0;0;1;1;-20,25932046;-42,02298331;SPRF-MG;DEL06-MG;UOP03-DEL06-MG
587073;13/03/2024;quarta-feira;19:45:00;PR;153;32;SANTO ANTONIO DA PLATINA;Afundamento ou ondulação no pavimento;Tombamento;Com Vítimas Feridas;Plena Noite;Decrescente;Céu Claro;Simples;Reta;Não;1;0;1;0;0;0;1;1;-23,22711873;-50,02866715;SPRF-PR;DEL07-PR;UOP04-DEL07-PR
587075;13/03/2024;quarta-feira;21:10:00;SC;470;139;RIO DO SUL;Acessar a via sem observar a presença dos outros veículos;Colisão transversal;Com Vítimas Feridas;Plena Noite;Decrescente;Céu Claro;Simples;"Retorno Regulamentado;Interseção de Vias;Reta";Sim;2;0;0;1;1;0;1;2;-27,217564;-49,65461;SPRF-SC;DEL04-SC;UOP02-DEL04-SC
587077;09/03/2024;sábado;12:50:00;MS;463;108;PONTA PORA;Ausência de reação do condutor;Saída de leito carroçável;Com Vítimas Feridas;Pleno dia;Decrescente;Céu Claro;Dupla;Reta;Não;1;0;1;0;0;0;1;1;-22,58039272;-55,68886181;SPRF-MS;DEL04-MS;UOP03-DEL04-MS
587078;13/03/2024;quarta-feira;20:34:00;PR;376;626,5;SAO JOSE DOS PINHAIS;Demais falhas mecânicas ou elétricas;Eventos atípicos;Com Vítimas Feridas;Plena Noite;Crescente;Céu Claro;Dupla;Reta;Sim;2;0;2;0;0;0;2;1;-25,66095117;-49,15500053;SPRF-PR;DEL01-PR;UOP04-DEL01-PR
587079;13/03/2024;quarta-feira;20:25:00;SE;235;42;ITABAIANA;Ausência de reação do condutor;Queda de ocupante de veículo;Com Vítimas Feridas;Plena Noite;Crescente;Chuva;Simples;Aclive;Sim;1;0;1;0;0;0;1;1;-10,766954;-37,381672;SPRF-SE;DEL01-SE;UOP02-DEL01-SE
587080;13/03/2024;quarta-feira;18:40:00;GO;40;17;LUZIANIA;Acumulo de água sobre o pavimento;Saída de leito carroçável;Sem Vítimas;Plena Noite;Decrescente;Chuva;Dupla;"Reta;Declive";Sim;1;0;0;0;1;0;0;1;-16,18487;-47,928641;SPRF-DF;DEL01-DF;UOP01-DEL01-DF
587082;13/03/2024;quarta-feira;21:24:00;RJ;116;176;SAO JOAO DE MERITI;Avarias e/ou desgaste excessivo no pneu;Queda de ocupante de veículo;Com Vítimas Feridas;Plena Noite;Decrescente;Céu Claro;Simples;Curva;Não;3;0;0;1;1;1;1;2;-22,7839538;-43,38195488;SPRF-RJ;DEL06-RJ;UOP01-DEL06-RJ
587083;13/03/2024;quarta-feira;21:45:00;SE;235;55;ITABAIANA;Acessar a via sem observar a presença dos outros veículos;Colisão transversal;Com Vítimas Feridas;Plena Noite;Crescente;Chuva;Simples;"Reta;Interseção de Vias";Não;3;0;1;1;0;1;2;2;-10,667386;-37,446014;SPRF-SE;DEL01-SE;UOP02-DEL01-SE
587084;13/03/2024;quarta-feira;19:00:00;MG;40;666,8;CARANDAI;Desrespeitar a preferência no cruzamento;Colisão transversal;Com Vítimas Feridas;Plena Noite;Crescente;Céu Claro;Simples;"Interseção de Vias;Retorno Regulamentado";Sim;3;0;1;0;2;0;1;2;-20,94471215;-43,8086221;SPRF-MG;DEL05-MG;UOP02-DEL05-MG
587086;13/03/2024;quarta-feira;21:00:00;MT;364;201;RONDONOPOLIS;Pista Escorregadia;Tombamento;Com Vítimas Feridas;Plena Noite;Decrescente;Céu Claro;Dupla;Reta;Sim;1;0;1;0;0;0;1;1;-16,491405;-54,646378;SPRF-MT;DEL02-MT;UOP01-DEL02-MT
587087;13/03/2024;quarta-feira;12:30:00;RJ;116;303,1;PORTO REAL;Demais falhas mecânicas ou elétricas;Tombamento;Com Vítimas Feridas;Pleno dia;Decrescente;Céu Claro;Dupla;Reta;Não;1;0;1;0;0;0;1;1;-22,453464;-44,368353;SPRF-RJ;DEL07-RJ;UOP02-DEL07-RJ
587088;13/03/2024;quarta-feira;16:50:00;DF;40;0,6;BRASILIA;Ausência de reação do condutor;Colisão lateral mesmo sentido;Com Vítimas Feridas;Pleno dia;Crescente;Nublado;Dupla;Reta;Não;2;0;1;0;1;0;1;2;-15,9835365;-47,98836708;SPRF-DF;DEL01-DF;UOP01-DEL01-DF
587090;13/03/2024;quarta-feira;21:50:00;BA;324;5,9;FEIRA DE SANTANA;Ausência de reação do condutor;Colisão traseira;Com Vítimas Feridas;Plena Noite;Crescente;Céu Claro;Dupla;"Reta;Declive";Sim;2;0;1;0;1;0;1;2;-12,27650047;-38,98234606;SPRF-BA;DEL02-BA;UOP01-DEL02-BA
587091;13/03/2024;quarta-feira;21:34:00;PB;230;90,7;GURINHEM;Ingestão de álcool pelo condutor;Tombamento;Com Vítimas Feridas;Plena Noite;Decrescente;Nublado;Dupla;Reta;Não;1;0;0;1;0;0;1;1;-7,173;-35,3934;SPRF-PB;DEL01-PB;UOP03-DEL01-PB
587092;13/03/2024;quarta-feira;22:26:00;PE;101;67;RECIFE;Acessar a via sem observar a presença dos outros veículos;Colisão transversal;Com Vítimas Feridas;Plena Noite;Crescente;Céu Claro;Múltipla;Reta;Não;2;0;0;2;0;0;2;2;-8,042334;-34,943096;SPRF-PE;DEL01-PE;UOP01-DEL01-PE
587093;13/03/2024;quarta-feira;20:25:00;MT;70;513;VARZEA GRANDE;Reação tardia ou ineficiente do condutor;Colisão lateral sentido oposto;Sem Vítimas;Plena Noite;Crescente;Céu Claro;Simples;Reta;Não;2;0;0;0;1;1;0;2;-15,70112396;-56,11580556;SPRF-MT;DEL01-MT;UOP02-DEL01-MT
587094;13/03/2024;quarta-feira;20:20:00;SC;470;138,1;RIO DO SUL;Acessar a via sem observar a presença dos outros veículos;Colisão transversal;Com Vítimas Feridas;Plena Noite;Decrescente;Céu Claro;Simples;Reta;Sim;2;0;1;0;1;0;1;2;-27,203201;-49,635063;SPRF-SC;DEL04-SC;UOP02-DEL04-SC
587095;13/03/2024;quarta-feira;23:10:00;SC;101;346;JAGUARUNA;Condutor Dormindo;Saída de leito carroçável;Com Vítimas Feridas;Plena Noite;Crescente;Céu Claro;Dupla;Reta;Não;1;0;0;1;0;0;1;1;-28,55485199;-49,0540891;SPRF-SC;DEL02-SC;UOP01-DEL02-SC
587096;13/03/2024;quarta-feira;20:48:00;BA;110;394;SAO SEBASTIAO DO PASSE;Acessar a via sem observar a presença dos outros veículos;Colisão transversal;Com Vítimas Feridas;Plena Noite;Decrescente;Céu Claro;Simples;Reta;Sim;3;0;2;0;0;1;2;2;-12,50766107;-38,49626949;SPRF-BA;DEL01-BA;UOP01-DEL01-BA
587097;13/03/2024;quarta-feira;19:00:00;MT;174;273;PONTES E LACERDA;Reação tardia ou ineficiente do condutor;Colisão traseira;Com Vítimas Fatais;Plena Noite;Decrescente;Céu Claro;Simples;Reta;Não;2;1;0;0;1;0;0;2;-15,33936011;-59,21533126;SPRF-MT;DEL04-MT;UOP01-DEL04-MT
587098;26/02/2024;segunda-feira;14:25:00;SC;101;138;BALNEARIO CAMBORIU;Trafegar com motocicleta (ou similar) entre as faixas;Colisão lateral mesmo sentido;Sem Vítimas;Pleno dia;Crescente;Ignorado;Dupla;Reta;Sim;2;0;0;0;0;2;0;2;-27,02330722;-48,60796273;SPRF-SC;DEL04-SC;UOP03-DEL04-SC
587099;13/03/2024;quarta-feira;22:30:00;MA;222;662,5;ACAILANDIA;Transitar na contramão;Colisão frontal;Com Vítimas Feridas;Plena Noite;Crescente;Nublado;Simples;Reta;Sim;2;0;0;1;1;0;1;2;-4,88027519;-47,36113789;SPRF-MA;DEL04-MA;UOP03-DEL04-MA
587106;14/03/2024;quinta-feira;00:15:00;SC;101;206,1;SAO JOSE;Transitar na contramão;Colisão frontal;Com Vítimas Feridas;Plena Noite;Crescente;Céu Claro;Múltipla;Reta;Sim;4;0;1;1;2;0;2;3;-27,59193546;-48,61824557;SPRF-SC;DEL01-SC;UOP01-DEL01-SC
587108;13/03/2024;quarta-feira;23:00:00;SC;280;226;TRES BARRAS;Ausência de reação do condutor;Saída de leito carroçável;Com Vítimas Feridas;Plena Noite;Crescente;Céu Claro;Simples;"Reta;Declive";Não;1;0;1;0;0;0;1;1;-26,18105839;-50,32269294;SPRF-SC;DEL06-SC;UOP04-DEL06-SC
587116;14/03/2024;quinta-feira;00:15:00;AL;316;88,8;SANTANA DO IPANEMA;Reação tardia ou ineficiente do condutor;Atropelamento de Animal;Com Vítimas Feridas;Plena Noite;Decrescente;Céu Claro;Simples;Reta;Não;1;0;1;0;0;0;1;1;-9,38256709;-37,2204121;SPRF-AL;DEL03-AL;UOP02-DEL03-AL
587120;14/03/2024;quinta-feira;05:30:00;SP;153;57,7;SAO JOSE DO RIO PRETO;Ausência de reação do condutor;Colisão com objeto;Sem Vítimas;Amanhecer;Crescente;Céu Claro;Dupla;"Curva;Ponte";Sim;1;0;0;0;0;1;0;1;-20,76991095;-49,34982212;SPRF-SP;DEL09-SP;UOP01-DEL09-SP
587121;14/03/2024;quinta-feira;03:20:00;MS;163;593,4;SAO GABRIEL DO OESTE;Animais na Pista;Atropelamento de Animal;Sem Vítimas;Plena Noite;Crescente;Céu Claro;Dupla;Curva;Não;4;0;0;0;4;0;0;1;-19,54929742;-54,43337661;SPRF-MS;DEL06-MS;UOP02-DEL06-MS
587122;01/03/2024;sexta-feira;20:15:00;PR;163;239,5;TOLEDO;Acessar a via sem observar a presença dos outros veículos;Colisão lateral mesmo sentido;Sem Vítimas;Plena Noite;Crescente;Céu Claro;Dupla;"Reta;Aclive";Não;2;0;0;0;2;0;0;2;-24,72738162;-53,70340347;SPRF-PR;DEL04-PR;UOP01-DEL04-PR
587125;14/03/2024;quinta-feira;07:09:00;MG;40;521,9;CONTAGEM;Ausência de reação do condutor;Colisão traseira;Com Vítimas Feridas;Pleno dia;Crescente;Céu Claro;Dupla;Reta;Sim;3;0;1;0;2;0;1;3;-19,85651501;-44,07213222;SPRF-MG;DEL01-MG;UOP02-DEL01-MG
587126;13/03/2024;quarta-feira;19:10:00;RO;364;426;JARU;Manobra de mudança de faixa;Colisão lateral mesmo sentido;Com Vítimas Feridas;Plena Noite;Decrescente;Céu Claro;Simples;Reta;Sim;1;0;1;0;0;0;1;1;-10,432443;-62,479584;SPRF-RO;DEL03-RO;UOP02-DEL03-RO
587128;14/03/2024;quinta-feira;07:15:00;GO;153;434;ANAPOLIS;Acessar a via sem observar a presença dos outros veículos;Colisão lateral mesmo sentido;Com Vítimas Feridas;Amanhecer;Decrescente;Céu Claro;Dupla;Retorno Regulamentado;Sim;2;0;1;0;1;0;1;2;-16,275604;-48,967766;SPRF-GO;DEL02-GO;UOP01-DEL02-GO
587129;14/03/2024;quinta-feira;06:50:00;SC;282;17,1;PALHOCA;Acessar a via sem observar a presença dos outros veículos;Colisão transversal;Com Vítimas Feridas;Pleno dia;Decrescente;Céu Claro;Simples;"Interseção de Vias;Rotatória";Sim;2;0;1;0;1;0;1;2;-27,66748976;-48,68951797;SPRF-SC;DEL01-SC;UOP02-DEL01-SC
587131;14/03/2024;quinta-feira;06:50:00;SC;101;7,1;GARUVA;Acessar a via sem observar a presença dos outros veículos;Colisão transversal;Com Vítimas Feridas;Pleno dia;Decrescente;Céu Claro;Múltipla;Reta;Não;2;0;2;0;0;0;2;2;-26,03593;-48,860302;SPRF-SC;DEL03-SC;UOP01-DEL03-SC
587133;14/03/2024;quinta-feira;07:28:00;MG;40;516;RIBEIRAO DAS NEVES;Reação tardia ou ineficiente do condutor;Colisão transversal;Com Vítimas Feridas;Pleno dia;Crescente;Céu Claro;Dupla;Reta;Não;2;0;1;0;1;0;1;2;-19,81628624;-44,08960124;SPRF-MG;DEL01-MG;UOP02-DEL01-MG
587134;22/02/2024;quinta-feira;08:50:00;RS;116;2;PORTO ALEGRE;Trafegar com motocicleta (ou similar) entre as faixas;Colisão lateral mesmo sentido;Com Vítimas Feridas;Pleno dia;Crescente;Céu Claro;Dupla;Reta;Não;2;0;1;0;1;0;1;2;-29,97354185;-51,1776799;SPRF-RS;DEL01-RS;UOP01-DEL01-RS
587136;14/03/2024;quinta-feira;07:20:00;SC;101;211,1;PALHOCA;Condutor deixou de manter distância do veículo da frente;Colisão traseira;Com Vítimas Feridas;Pleno dia;Decrescente;Céu Claro;Múltipla;Reta;Sim;4;0;1;0;2;1;1;3;-27,62329313;-48,65245588;SPRF-SC;DEL01-SC;UOP02-DEL01-SC
587137;14/03/2024;quinta-feira;07:30:00;PR;116;113;CURITIBA;Ausência de reação do condutor;Colisão traseira;Com Vítimas Feridas;Pleno dia;Crescente;Sol;Dupla;Reta;Sim;2;0;0;1;1;0;1;2;-25,54998609;-49,28174268;SPRF-PR;DEL01-PR;UOP07-DEL01-PR
587138;14/03/2024;quinta-feira;07:00:00;RS;290;484,3;ROSARIO DO SUL;Demais falhas mecânicas ou elétricas;Incêndio;Sem Vítimas;Pleno dia;Crescente;Céu Claro;Simples;Reta;Sim;4;0;0;0;4;0;0;1;-30,240904;-54,961258;SPRF-RS;DEL11-RS;UOP02-DEL11-RS
587139;14/03/2024;quinta-feira;06:50:00;MG;262;33,5;MANHUACU;Condutor deixou de manter distância do veículo da frente;Colisão traseira;Com Vítimas Feridas;Pleno dia;Decrescente;Nublado;Simples;"Declive;Reta";Não;2;0;1;0;0;1;1;2;-20,25550548;-42,00465315;SPRF-MG;DEL06-MG;UOP03-DEL06-MG
587141;14/03/2024;quinta-feira;06:35:00;PB;230;18,7;JOAO PESSOA;Condutor deixou de manter distância do veículo da frente;Queda de ocupante de veículo;Com Vítimas Feridas;Pleno dia;Decrescente;Céu Claro;Dupla;Reta;Sim;1;0;1;0;0;0;1;1;-7,1198;-34,8453;SPRF-PB;DEL01-PB;UOP01-DEL01-PB
587142;14/03/2024;quinta-feira;07:45:00;SC;101;349,8;JAGUARUNA;Condutor Dormindo;Saída de leito carroçável;Com Vítimas Feridas;Pleno dia;Decrescente;Céu Claro;Dupla;"Aclive;Reta";Não;1;0;0;1;0;0;1;1;-28,5820168;-49,05059372;SPRF-SC;DEL02-SC;UOP01-DEL02-SC
587144;14/03/2024;quinta-feira;07:00:00;RJ;101;503;ANGRA DOS REIS;Manobra de mudança de faixa;Colisão frontal;Com Vítimas Feridas;Pleno dia;Crescente;Céu Claro;Simples;Reta;Sim;2;0;0;1;1;0;1;2;-22,92894705;-44,37879998;SPRF-RJ;DEL03-RJ;UOP03-DEL03-RJ
587147;14/03/2024;quinta-feira;08:30:00;SC;282;17;PALHOCA;Acessar a via sem observar a presença dos outros veículos;Queda de ocupante de veículo;Com Vítimas Feridas;Pleno dia;Decrescente;Céu Claro;Simples;Reta;Não;2;0;1;0;1;0;1;2;-27,665707;-48,688065;SPRF-SC;DEL01-SC;UOP02-DEL01-SC
587148;14/03/2024;quinta-feira;08:20:00;TO;153;141;ARAGUAINA;Acessar a via sem observar a presença dos outros veículos;Colisão lateral mesmo sentido;Com Vítimas Feridas;Pleno dia;Crescente;Céu Claro;Dupla;"Curva;Rotatória";Sim;2;0;1;0;1;0;1;2;-7,175959;-48,219548;SPRF-TO;DEL02-TO;UOP01-DEL02-TO
587151;11/03/2024;segunda-feira;08:05:00;MG;40;528,4;CONTAGEM;Trafegar com motocicleta (ou similar) entre as faixas;Atropelamento de Pedestre;Com Vítimas Feridas;Pleno dia;Crescente;Nublado;Dupla;"Aclive;Curva";Sim;2;0;1;0;1;0;1;2;-19,91635592;-44,03966566;SPRF-MG;DEL01-MG;UOP02-DEL01-MG
587152;14/03/2024;quinta-feira;07:25:00;MS;158;270;TRES LAGOAS;Acessar a via sem observar a presença dos outros veículos;Colisão transversal;Com Vítimas Feridas;Pleno dia;Decrescente;Céu Claro;Simples;Curva;Sim;2;0;1;0;1;0;1;2;-20,7738105;-51,6710092;SPRF-MS;DEL07-MS;UOP01-DEL07-MS
587155;25/02/2024;domingo;05:00:00;PI;343;589,1;FLORIANO;Ausência de reação do condutor;Colisão com objeto;Com Vítimas Feridas;Amanhecer;Crescente;Céu Claro;Dupla;Reta;Sim;2;0;0;1;0;1;1;2;-6,776695;-43,009346;SPRF-PI;DEL03-PI;UOP01-DEL03-PI
587158;14/03/2024;quinta-feira;09:30:00;ES;101;270,7;SERRA;Condutor desrespeitou a iluminação vermelha do semáforo;Colisão transversal;Com Vítimas Feridas;Pleno dia;Decrescente;Céu Claro;Dupla;Interseção de Vias;Sim;2;0;1;0;1;0;1;2;-20,22662056;-40,27075088;SPRF-ES;DEL02-ES;UOP01-DEL02-ES
587159;14/03/2024;quinta-feira;08:40:00;PR;476;113;COLOMBO;Condutor deixou de manter distância do veículo da frente;Engavetamento;Com Vítimas Feridas;Pleno dia;Crescente;Céu Claro;Simples;Reta;Não;3;0;2;0;1;0;2;3;-25,327227;-49,15984;SPRF-PR;DEL01-PR;UOP01-DEL01-PR
587160;14/03/2024;quinta-feira;08:45:00;SC;101;46;JOINVILLE;Reação tardia ou ineficiente do condutor;Colisão traseira;Com Vítimas Feridas;Pleno dia;Decrescente;Céu Claro;Dupla;Reta;Não;4;0;1;0;3;0;1;4;-26,33150083;-48,86187762;SPRF-SC;DEL03-SC;UOP01-DEL03-SC
587162;14/03/2024;quinta-feira;08:05:00;SC;280;51;GUARAMIRIM;Manobra de mudança de faixa;Colisão lateral mesmo sentido;Com Vítimas Feridas;Pleno dia;Decrescente;Céu Claro;Dupla;Reta;Sim;2;0;1;0;1;0;1;2;-26,46538871;-48,95544449;SPRF-SC;DEL03-SC;UOP03-DEL03-SC
587164;14/03/2024;quinta-feira;09:00:00;GO;153;627,5;MORRINHOS;Condutor Dormindo;Saída de leito carroçável;Com Vítimas Feridas;Pleno dia;Crescente;Céu Claro;Dupla;Reta;Não;1;0;1;0;0;0;1;1;-17,775;-49,1754;SPRF-GO;DEL03-GO;UOP01-DEL03-GO
587165;02/01/2024;terça-feira;15:10:00;PI;343;52,7;BURITI DOS LOPES;Chuva;Saída de leito carroçável;Com Vítimas Fatais;Pleno dia;Decrescente;Chuva;Simples;Reta;Não;5;1;4;0;0;0;4;1;-3,194594;-41,841324;SPRF-PI;DEL05-PI;UOP01-DEL05-PI
587166;14/03/2024;quinta-feira;08:50:00;SC;101;118,3;ITAJAI;Ausência de reação do condutor;Colisão traseira;Sem Vítimas;Pleno dia;Crescente;Sol;Dupla;Reta;Não;3;0;0;0;3;0;0;3;-26,895859;-48,71903;SPRF-SC;DEL04-SC;UOP04-DEL04-SC