id;data_inversa;dia_semana;horario;uf;br;km;municipio;causa_acidente;tipo_acidente;classificacao_acidente;fase_dia;sentido_via;condicao_metereologica;tipo_pista;tracado_via;uso_solo;pessoas;mortos;feridos_leves;feridos_graves;ilesos;ignorados;feridos;veiculos;latitude;longitude;regional;delegacia;uop
587443;15/03/2024;sexta-feira;16:30:00;RS;116;149,3;CAXIAS DO SUL;Reação tardia ou ineficiente do condutor;Colisão traseira;Com Vítimas Feridas;Pleno dia;Crescente;Chuva;Dupla;"Declive;Reta";Sim;2;0;1;0;1;0;1;2;-29,15996905;-51,15645292;SPRF-RS;DEL05-RS;UOP01-DEL05-RS
587445;15/03/2024;sexta-feira;16:15:00;SP;116;279;EMBU DAS ARTES;Reação tardia ou ineficiente do condutor;Colisão frontal;Sem Vítimas;Pleno dia;Decrescente;Céu Claro;Múltipla;Reta;Sim;2;0;0;0;2;0;0;2;-23,66233697;-46,85292907;SPRF-SP;DEL04-SP;UOP01-DEL04-SP
587446;15/03/2024;sexta-feira;16:50:00;SC;470;70,1;INDAIAL;Ausência de reação do condutor;Colisão lateral mesmo sentido;Com Vítimas Feridas;Pleno dia;Crescente;Céu Claro;Simples;"Em Obras;Desvio Temporário";Sim;2;0;1;0;1;0;1;2;-26,8899884;-49,25548616;SPRF-SC;DEL04-SC;UOP01-DEL04-SC
587447;29/02/2024;quinta-feira;19:15:00;PB;230;60,8;CRUZ DO ESPIRITO SANTO;Acesso irregular;Colisão traseira;Com Vítimas Feridas;Plena Noite;Crescente;Céu Claro;Dupla;Reta;Não;2;0;1;0;1;0;1;2;-7,205;-35,1393;SPRF-PB;DEL01-PB;UOP03-DEL01-PB
587451;15/03/2024;sexta-feira;17:25:00;PI;343;331,7;TERESINA;Chuva;Tombamento;Com Vítimas Feridas;Pleno dia;Crescente;Céu Claro;Simples;Reta;Não;1;0;1;0;0;0;1;1;-5,05826;-42,666482;SPRF-PI;DEL01-PI;UOP01-DEL01-PI
587453;15/03/2024;sexta-feira;17:45:00;SC;101;130;BALNEARIO CAMBORIU;Ausência de reação do condutor;Colisão frontal;Com Vítimas Feridas;Pleno dia;Crescente;Céu Claro;Múltipla;Interseção de Vias;Sim;2;0;0;1;1;0;1;2;-26,99654133;-48,65564711;SPRF-SC;DEL04-SC;UOP03-DEL04-SC
587454;15/03/2024;sexta-feira;13:00:00;RJ;393;297;VOLTA REDONDA;Trafegar com motocicleta (ou similar) entre as faixas;Colisão lateral mesmo sentido;Com Vítimas Feridas;Pleno dia;Decrescente;Céu Claro;Simples;Reta;Sim;3;0;1;0;0;2;1;3;-22,5337622;-44,11657385;SPRF-RJ;DEL07-RJ;UOP02-DEL07-RJ
587455;15/03/2024;sexta-feira;17:45:00;PR;158;530,9;PATO BRANCO;Conversão proibida;Colisão lateral mesmo sentido;Com Vítimas Feridas;Pleno dia;Decrescente;Nublado;Simples;Retorno Regulamentado;Sim;3;0;1;0;2;0;1;2;-26,19442709;-52,67299292;SPRF-PR;DEL02-PR;UOP01-DEL02-PR
587457;15/03/2024;sexta-feira;17:20:00;MA;10;257;IMPERATRIZ;Conversão proibida;Colisão transversal;Com Vítimas Feridas;Pleno dia;Decrescente;Nublado;Simples;Reta;Sim;2;0;1;0;1;0;1;2;-5,490634;-47,471973;SPRF-MA;DEL04-MA;UOP01-DEL04-MA
587458;15/03/2024;sexta-feira;18:20:00;RN;304;65,2;MOSSORO;Condutor Dormindo;Colisão lateral mesmo sentido;Com Vítimas Feridas;Anoitecer;Decrescente;Nublado;Simples;Reta;Não;4;0;3;0;0;1;3;3;-5,363392;-37,24743;SPRF-RN;DEL04-RN;UOP01-DEL04-RN
587461;15/03/2024;sexta-feira;18:00:00;MG;365;610;UBERLANDIA;Conversão proibida;Colisão transversal;Com Vítimas Feridas;Pleno dia;Crescente;Céu Claro;Simples;Reta;Sim;2;0;1;0;1;0;1;2;-18,92793854;-48,19198317;SPRF-MG;DEL15-MG;UOP01-DEL15-MG
587463;15/03/2024;sexta-feira;16:00:00;MG;116;360;FREI INOCENCIO;Reação tardia ou ineficiente do condutor;Saída de leito carroçável;Com Vítimas Feridas;Pleno dia;Crescente;Céu Claro;Simples;Reta;Não;1;0;1;0;0;0;1;1;-18,46116482;-41,85181837;SPRF-MG;DEL11-MG;UOP01-DEL11-MG
587464;15/03/2024;sexta-feira;15:28:00;BA;367;33,3;PORTO SEGURO;Condutor deixou de manter distância do veículo da frente;Colisão traseira;Com Vítimas Feridas;Pleno dia;Crescente;Sol;Simples;Reta;Sim;3;0;2;0;1;0;2;2;-16,41808735;-39,15338816;SPRF-BA;DEL09-BA;UOP03-DEL09-BA
587465;15/03/2024;sexta-feira;18:00:00;PB;104;118;CAMPINA GRANDE;Animais na Pista;Atropelamento de Animal;Com Vítimas Feridas;Plena Noite;Crescente;Céu Claro;Simples;Reta;Não;1;0;1;0;0;0;1;1;-7,19637839;-35,87571339;SPRF-PB;DEL02-PB;UOP04-DEL02-PB
587467;15/03/2024;sexta-feira;18:20:00;PR;277;588;CASCAVEL;Acessar a via sem observar a presença dos outros veículos;Colisão transversal;Com Vítimas Feridas;Plena Noite;Crescente;Céu Claro;Simples;Interseção de Vias;Sim;2;0;1;0;1;0;1;2;-24,97369293;-53,43816604;SPRF-PR;DEL04-PR;UOP01-DEL04-PR
587468;15/03/2024;sexta-feira;17:00:00;PE;408;83,4;PAUDALHO;Reação tardia ou ineficiente do condutor;Colisão traseira;Sem Vítimas;Anoitecer;Crescente;Nublado;Dupla;Reta;Sim;2;0;0;0;1;1;0;2;-7,94549251;-35,11580722;SPRF-PE;DEL01-PE;UOP01-DEL01-PE
587469;15/03/2024;sexta-feira;18:00:00;PE;104;53;CARUARU;Condutor deixou de manter distância do veículo da frente;Colisão traseira;Com Vítimas Feridas;Plena Noite;Decrescente;Céu Claro;Dupla;"Reta;Declive";Sim;2;0;1;0;0;1;1;2;-8,1837;-35,967;SPRF-PE;DEL02-PE;UOP01-DEL02-PE
587471;15/03/2024;sexta-feira;17:50:00;SP;101;52;UBATUBA;Velocidade Incompatível;Colisão frontal;Com Vítimas Feridas;Anoitecer;Crescente;Céu Claro;Simples;Reta;Não;4;0;1;0;2;1;1;4;-23,4623355;-45,06476561;SPRF-SP;DEL06-SP;UOP01-DEL06-SP
587475;15/03/2024;sexta-feira;18:30:00;PB;230;506;CAJAZEIRAS;Acessar a via sem observar a presença dos outros veículos;Colisão transversal;Com Vítimas Feridas;Plena Noite;Crescente;Céu Claro;Simples;Reta;Sim;4;0;1;1;2;0;2;2;-6,9008;-38,5559;SPRF-PB;DEL03-PB;UOP03-DEL03-PB
587476;15/03/2024;sexta-feira;18:00:00;SC;470;140;RIO DO SUL;Acessar a via sem observar a presença dos outros veículos;Colisão transversal;Com Vítimas Feridas;Pleno dia;Crescente;Céu Claro;Simples;"Interseção de Vias;Reta";Sim;2;0;1;0;1;0;1;2;-27,222485;-49,662827;SPRF-SC;DEL04-SC;UOP02-DEL04-SC
587477;15/03/2024;sexta-feira;19:00:00;SC;282;154;BOM RETIRO;Transitar na contramão;Colisão frontal;Com Vítimas Feridas;Anoitecer;Decrescente;Céu Claro;Simples;Reta;Não;2;0;0;1;1;0;1;2;-27,754395;-49,69775;SPRF-SC;DEL05-SC;UOP01-DEL05-SC
587480;15/03/2024;sexta-feira;19:30:00;SP;116;225,8;GUARULHOS;Ausência de reação do condutor;Tombamento;Com Vítimas Feridas;Plena Noite;Crescente;Céu Claro;Múltipla;"Declive;Interseção de Vias;Em Obras;Curva";Sim;1;0;1;0;0;0;1;1;-23,48586772;-46,54075317;SPRF-SP;DEL01-SP;UOP01-DEL01-SP
587481;15/03/2024;sexta-feira;17:00:00;PR;373;252,9;GUAMIRANGA;Acessar a via sem observar a presença dos outros veículos;Colisão transversal;Com Vítimas Feridas;Pleno dia;Crescente;Céu Claro;Dupla;Reta;Não;5;0;1;3;0;1;4;3;-25,189;-50,866;SPRF-PR;DEL03-PR;UOP01-DEL03-PR
587482;15/03/2024;sexta-feira;17:00:00;AP;210;8;MACAPA;Condutor deixou de manter distância do veículo da frente;Colisão traseira;Com Vítimas Feridas;Anoitecer;Crescente;Chuva;Dupla;Rotatória;Não;2;0;0;1;1;0;1;2;0,1045;-51,126076;SPRF-AP;DEL01-AP;UOP01-DEL01-AP
587483;15/03/2024;sexta-feira;19:15:00;CE;116;16;EUSEBIO;Condutor deixou de manter distância do veículo da frente;Colisão traseira;Com Vítimas Feridas;Plena Noite;Decrescente;Céu Claro;Múltipla;Reta;Sim;3;0;2;0;1;0;2;2;-3,88732794;-38,50185439;SPRF-CE;DEL01-CE;UOP02-DEL01-CE
587485;15/03/2024;sexta-feira;19:00:00;MS;163;125;NAVIRAI;Reação tardia ou ineficiente do condutor;Tombamento;Com Vítimas Feridas;Plena Noite;Crescente;Céu Claro;Simples;"Reta;Aclive";Não;1;0;1;0;0;0;1;1;-23,06821687;-54,23075795;SPRF-MS;DEL09-MS;UOP01-DEL09-MS
587487;15/03/2024;sexta-feira;19:35:00;PR;272;561;GUAIRA;Avarias e/ou desgaste excessivo no pneu;Saída de leito carroçável;Com Vítimas Feridas;Plena Noite;Decrescente;Céu Claro;Simples;Curva;Não;2;0;2;0;0;0;2;1;-24,08060631;-54,1621199;SPRF-PR;DEL06-PR;UOP01-DEL06-PR
587488;15/03/2024;sexta-feira;19:00:00;SP;116;285,2;ITAPECERICA DA SERRA;Pedestre andava na pista;Atropelamento de Pedestre;Com Vítimas Feridas;Plena Noite;Decrescente;Céu Claro;Dupla;Reta;Não;4;0;0;1;3;0;1;2;-23,70407794;-46,87249709;SPRF-SP;DEL04-SP;UOP01-DEL04-SP
587489;15/03/2024;sexta-feira;19:25:00;SC;282;3;FLORIANOPOLIS;Reação tardia ou ineficiente do condutor;Colisão traseira;Com Vítimas Feridas;Plena Noite;Decrescente;Céu Claro;Múltipla;Reta;Sim;3;0;1;0;1;1;1;2;-27,600384;-48,599705;SPRF-SC;DEL01-SC;UOP01-DEL01-SC
587490;15/03/2024;sexta-feira;19:38:00;GO;40;16;LUZIANIA;Entrada inopinada do pedestre;Atropelamento de Pedestre;Com Vítimas Feridas;Plena Noite;Decrescente;Céu Claro;Dupla;Reta;Sim;2;0;0;2;0;0;2;2;-16,175176;-47,92964;SPRF-DF;DEL01-DF;UOP01-DEL01-DF
587491;15/03/2024;sexta-feira;20:00:00;SC;101;203,7;SAO JOSE;Trafegar com motocicleta (ou similar) entre as faixas;Queda de ocupante de veículo;Com Vítimas Feridas;Plena Noite;Decrescente;Céu Claro;Dupla;Reta;Sim;1;0;1;0;0;0;1;1;-27,5650044;-48,61460082;SPRF-SC;DEL01-SC;UOP01-DEL01-SC
587494;15/03/2024;sexta-feira;19:00:00;PI;343;29;PARNAIBA;Acessar a via sem observar a presença dos outros veículos;Colisão frontal;Com Vítimas Feridas;Plena Noite;Decrescente;Garoa/Chuvisco;Simples;Reta;Não;3;0;3;0;0;0;3;2;-3,061236;-41,777115;SPRF-PI;DEL05-PI;UOP01-DEL05-PI
587496;15/03/2024;sexta-feira;17:15:00;RJ;40;110;DUQUE DE CAXIAS;Reação tardia ou ineficiente do condutor;Colisão traseira;Com Vítimas Feridas;Pleno dia;Decrescente;Céu Claro;Múltipla;Reta;Sim;3;0;1;0;2;0;1;2;-22,68289906;-43,28549346;SPRF-RJ;DEL01-RJ;UOP02-DEL01-RJ
587498;15/03/2024;sexta-feira;20:15:00;ES;101;149,8;LINHARES;Reação tardia ou ineficiente do condutor;Saída de leito carroçável;Com Vítimas Feridas;Plena Noite;Crescente;Céu Claro;Dupla;Curva;Sim;1;0;0;1;0;0;1;1;-19,39619083;-40,06435871;SPRF-ES;DEL04-ES;UOP01-DEL04-ES
587499;15/03/2024;sexta-feira;15:30:00;MG;365;458,8;PATROCINIO;Demais falhas mecânicas ou elétricas;Queda de ocupante de veículo;Com Vítimas Feridas;Pleno dia;Crescente;Céu Claro;Simples;Reta;Não;2;0;2;0;0;0;2;1;-18,8652659;-46,89487938;SPRF-MG;DEL10-MG;UOP01-DEL10-MG
587501;15/03/2024;sexta-feira;19:40:00;PB;230;23;JOAO PESSOA;Ausência de reação do condutor;Tombamento;Com Vítimas Feridas;Plena Noite;Decrescente;Céu Claro;Dupla;"Reta;Viaduto";Sim;1;0;1;0;0;0;1;1;-7,16366418;-34,86153603;SPRF-PB;DEL01-PB;UOP01-DEL01-PB
587503;15/03/2024;sexta-feira;20:49:00;RS;392;22,8;RIO GRANDE;Problema com o freio;Colisão traseira;Com Vítimas Feridas;Pleno dia;Crescente;Nublado;Dupla;Reta;Não;2;0;1;0;1;0;1;2;-32,08800222;-52,22782002;SPRF-RS;DEL07-RS;UOP02-DEL07-RS
587504;15/03/2024;sexta-feira;17:30:00;RJ;465;5;SEROPEDICA;Entrada inopinada do pedestre;Colisão transversal;Com Vítimas Feridas;Pleno dia;Crescente;Céu Claro;Simples;Reta;Sim;2;0;2;0;0;0;2;2;-22,747673;-43,699196;SPRF-RJ;DEL06-RJ;UOP02-DEL06-RJ
587505;15/03/2024;sexta-feira;19:45:00;SC;101;1,3;GARUVA;Acumulo de óleo sobre o pavimento;Tombamento;Com Vítimas Feridas;Plena Noite;Crescente;Céu Claro;Dupla;Reta;Sim;2;0;2;0;0;0;2;1;-25,98895627;-48,88356133;SPRF-SC;DEL03-SC;UOP01-DEL03-SC
587506;15/03/2024;sexta-feira;20:00:00;RS;116;267;CANOAS;Acessar a via sem observar a presença dos outros veículos;Colisão lateral mesmo sentido;Com Vítimas Feridas;Pleno dia;Decrescente;Céu Claro;Dupla;Reta;Sim;1;0;1;0;0;0;1;1;-29,94142398;-51,17697062;SPRF-RS;DEL01-RS;UOP01-DEL01-RS
587507;15/03/2024;sexta-feira;20:30:00;SC;282;0,8;FLORIANOPOLIS;Ausência de reação do condutor;Engavetamento;Com Vítimas Feridas;Plena Noite;Crescente;Céu Claro;Dupla;Reta;Sim;4;0;1;0;3;0;1;4;-27,59845;-48,571995;SPRF-SC;DEL01-SC;UOP01-DEL01-SC
587508;15/03/2024;sexta-feira;21:00:00;PR;369;154,2;LONDRINA;Reação tardia ou ineficiente do condutor;Saída de leito carroçável;Com Vítimas Feridas;Plena Noite;Crescente;Céu Claro;Dupla;Reta;Sim;1;0;1;0;0;0;1;1;-23,29780758;-51,20027885;SPRF-PR;DEL07-PR;UOP01-DEL07-PR
587511;15/03/2024;sexta-feira;20:40:00;BA;324;612;SALVADOR;Ingestão de álcool pelo condutor;Colisão com objeto;Com Vítimas Feridas;Plena Noite;Decrescente;Céu Claro;Dupla;Reta;Não;1;0;1;0;0;0;1;1;-12,86012;-38,421998;SPRF-BA;DEL01-BA;UOP01-DEL01-BA
587512;15/03/2024;sexta-feira;20:42:00;RJ;116;173;SAO JOAO DE MERITI;Manobra de mudança de faixa;Colisão lateral mesmo sentido;Com Vítimas Feridas;Plena Noite;Decrescente;Céu Claro;Múltipla;Reta;Não;2;0;1;0;1;0;1;2;-22,79810324;-43,35726614;SPRF-RJ;DEL06-RJ;UOP01-DEL06-RJ
587513;15/03/2024;sexta-feira;20:10:00;PR;369;199;APUCARANA;Ingestão de álcool pelo condutor;Colisão frontal;Com Vítimas Feridas;Plena Noite;Crescente;Céu Claro;Simples;Curva;Não;2;0;0;2;0;0;2;2;-23,528079;-51,446785;SPRF-PR;DEL07-PR;UOP03-DEL07-PR
587514;15/03/2024;sexta-feira;18:30:00;PE;104;141,5;QUIPAPA;Ultrapassagem Indevida;Colisão frontal;Com Vítimas Fatais;Plena Noite;Crescente;Céu Claro;Simples;Reta;Não;2;1;0;0;1;0;0;2;-8,852131;-36,03056;SPRF-PE;DEL02-PE;UOP03-DEL02-PE
587517;15/03/2024;sexta-feira;21:30:00;ES;101;260;SERRA;Conversão proibida;Colisão transversal;Com Vítimas Feridas;Plena Noite;Decrescente;Céu Claro;Dupla;Reta;Sim;2;0;0;1;1;0;1;2;-20,14616415;-40,28836206;SPRF-ES;DEL02-ES;UOP01-DEL02-ES
587519;15/03/2024;sexta-feira;11:20:00;RS;116;265;CANOAS;Acessar a via sem observar a presença dos outros veículos;Colisão lateral mesmo sentido;Com Vítimas Feridas;Pleno dia;Decrescente;Céu Claro;Dupla;Interseção de Vias;Não;2;0;1;0;1;0;1;2;-29,92342302;-51,17780944;SPRF-RS;DEL01-RS;UOP01-DEL01-RS
587527;15/03/2024;sexta-feira;20:00:00;PI;343;344,8;TERESINA;Ausência de reação do condutor;Colisão traseira;Com Vítimas Feridas;Plena Noite;Decrescente;Céu Claro;Simples;Reta;Sim;3;0;1;1;1;0;2;2;-5,102547;-42,766538;SPRF-PI;DEL01-PI;UOP01-DEL01-PI
587528;15/03/2024;sexta-feira;14:40:00;BA;116;425;FEIRA DE SANTANA;Retorno proibido;Colisão transversal;Com Vítimas Feridas;Pleno dia;Decrescente;Sol;Dupla;Reta;Sim;2;0;0;1;1;0;1;2;-12,23736613;-38,97999588;SPRF-BA;DEL02-BA;UOP01-DEL02-BA
587530;15/03/2024;sexta-feira;16:25:00;RJ;356;76;ITALVA;Acessar a via sem observar a presença dos outros veículos;Colisão transversal;Com Vítimas Feridas;Pleno dia;Decrescente;Céu Claro;Simples;Reta;Sim;2;0;2;0;0;0;2;2;-21,4292092;-41,6933554;SPRF-RJ;DEL08-RJ;UOP03-DEL08-RJ
587531;15/03/2024;sexta-feira;18:30:00;RS;116;412;CAMAQUA;Acumulo de água sobre o pavimento;Saída de leito carroçável;Com Vítimas Feridas;Anoitecer;Crescente;Chuva;Dupla;Reta;Não;1;0;1;0;0;0;1;1;-30,92659213;-51,90929593;SPRF-RS;DEL02-RS;UOP02-DEL02-RS
587532;15/03/2024;sexta-feira;16:50:00;RJ;101;590;PARATY;Acessar a via sem observar a presença dos outros veículos;Colisão transversal;Com Vítimas Feridas;Pleno dia;Crescente;Céu Claro;Simples;Reta;Não;2;0;1;0;1;0;1;2;-23,30840813;-44,70725998;SPRF-RJ;DEL03-RJ;UOP04-DEL03-RJ
587535;15/03/2024;sexta-feira;17:00:00;MT;364;1;ALTO ARAGUAIA;Desrespeitar a preferência no cruzamento;Colisão transversal;Com Vítimas Feridas;Pleno dia;Crescente;Céu Claro;Dupla;Interseção de Vias;Sim;2;0;0;1;1;0;1;2;-17,31871;-53,211903;SPRF-MT;DEL02-MT;UOP02-DEL02-MT
587536;15/03/2024;sexta-feira;21:00:00;PB;230;35,8;SANTA RITA;Acostamento em desnível;Queda de ocupante de veículo;Com Vítimas Feridas;Plena Noite;Decrescente;Céu Claro;Dupla;Declive;Sim;1;0;1;0;0;0;1;1;-7,1268;-34,9412;SPRF-PB;DEL01-PB;UOP03-DEL01-PB
587537;15/03/2024;sexta-feira;21:20:00;PR;369;91;CORNELIO PROCOPIO;Desrespeitar a preferência no cruzamento;Colisão transversal;Com Vítimas Feridas;Plena Noite;Crescente;Céu Claro;Simples;Interseção de Vias;Sim;2;0;1;0;0;1;1;2;-23,19886729;-50,65406442;SPRF-PR;DEL07-PR;UOP05-DEL07-PR
587538;15/03/2024;sexta-feira;21:45:00;MS;158;268;TRES LAGOAS;Condutor deixou de manter distância do veículo da frente;Colisão traseira;Com Vítimas Feridas;Plena Noite;Decrescente;Céu Claro;Simples;Reta;Sim;2;0;1;0;0;1;1;2;-20,76319918;-51,6886941;SPRF-MS;DEL07-MS;UOP01-DEL07-MS
587540;15/03/2024;sexta-feira;22:30:00;CE;116;23;EUSEBIO;Pista Escorregadia;Queda de ocupante de veículo;Com Vítimas Feridas;Plena Noite;Crescente;Nublado;Dupla;Retorno Regulamentado;Sim;1;0;1;0;0;0;1;1;-3,94905489;-38,51212845;SPRF-CE;DEL01-CE;UOP02-DEL01-CE
587541;15/03/2024;sexta-feira;21:45:00;RJ;101;450;MANGARATIBA;Animais na Pista;Atropelamento de Animal;Com Vítimas Feridas;Plena Noite;Decrescente;Céu Claro;Simples;Curva;Não;1;0;0;1;0;0;1;1;-23,02288754;-44,11624415;SPRF-RJ;DEL03-RJ;UOP02-DEL03-RJ
587542;15/03/2024;sexta-feira;21:40:00;PR;376;50;NOVA LONDRINA;Pista esburacada;Tombamento;Com Vítimas Feridas;Plena Noite;Decrescente;Céu Claro;Simples;Reta;Não;2;0;2;0;0;0;2;1;-22,89538724;-52,91616517;SPRF-PR;DEL09-PR;UOP02-DEL09-PR
587544;15/03/2024;sexta-feira;20:20:00;AL;104;88,5;RIO LARGO;Ingestão de álcool pelo condutor;Colisão traseira;Com Vítimas Fatais;Plena Noite;Decrescente;Nublado;Dupla;Reta;Sim;4;1;1;1;0;1;2;4;-9,48375193;-35,81815581;SPRF-AL;DEL01-AL;UOP01-DEL01-AL
587545;15/03/2024;sexta-feira;20:35:00;AL;104;89,1;RIO LARGO;Ingestão de álcool pelo condutor;Colisão traseira;Com Vítimas Feridas;Plena Noite;Crescente;Céu Claro;Dupla;Reta;Não;2;0;0;1;0;1;1;2;-9,50059087;-35,81127569;SPRF-AL;DEL01-AL;UOP01-DEL01-AL
587546;15/03/2024;sexta-feira;23:01:00;MG;381;489,6;BETIM;Reação tardia ou ineficiente do condutor;Queda de ocupante de veículo;Com Vítimas Feridas;Plena Noite;Decrescente;Céu Claro;Múltipla;Reta;Sim;2;0;1;1;0;0;2;1;-19,96245618;-44,16455495;SPRF-MG;DEL01-MG;UOP03-DEL01-MG
587547;15/03/2024;sexta-feira;23:20:00;GO;153;437;ANAPOLIS;Ausência de reação do condutor;Tombamento;Com Vítimas Feridas;Plena Noite;Decrescente;Céu Claro;Dupla;Reta;Sim;1;0;1;0;0;0;1;1;-16,286884;-48,942978;SPRF-GO;DEL02-GO;UOP01-DEL02-GO
587549;15/03/2024;sexta-feira;22:40:00;SC;101;252,5;PAULO LOPES;Acesso irregular;Colisão transversal;Com Vítimas Feridas;Plena Noite;Crescente;Céu Claro;Dupla;Reta;Sim;3;0;0;1;2;0;1;2;-27,95672412;-48,6767588;SPRF-SC;DEL02-SC;UOP03-DEL02-SC
587550;15/03/2024;sexta-feira;18:10:00;RS;470;257;SALVADOR DO SUL;Conversão proibida;Colisão traseira;Com Vítimas Feridas;Pleno dia;Decrescente;Nublado;Simples;Reta;Sim;2;0;1;0;1;0;1;2;-29,44071;-51,50798;SPRF-RS;DEL06-RS;UOP01-DEL06-RS
587551;15/03/2024;sexta-feira;20:20:00;RS;470;175;VERANOPOLIS;Acessar a via sem observar a presença dos outros veículos;Atropelamento de Pedestre;Com Vítimas Feridas;Plena Noite;Crescente;Nublado;Simples;"Interseção de Vias;Reta";Sim;2;0;1;0;1;0;1;2;-28,91926201;-51,53914905;SPRF-RS;DEL06-RS;UOP02-DEL06-RS
587552;15/03/2024;sexta-feira;21:10:00;PR;153;376;MALLET;Ausência de reação do condutor;Saída de leito carroçável;Sem Vítimas;Plena Noite;Crescente;Céu Claro;Simples;"Aclive;Reta";Não;1;0;0;0;1;0;0;1;-25,77257801;-50,84657489;SPRF-PR;DEL08-PR;UOP02-DEL08-PR
587553;15/03/2024;sexta-feira;20:45:00;RS;470;194;BENTO GONCALVES;Reação tardia ou ineficiente do condutor;Colisão frontal;Com Vítimas Feridas;Plena Noite;Crescente;Céu Claro;Simples;Curva;Não;3;0;1;0;2;0;1;3;-29,05030203;-51,57387285;SPRF-RS;DEL06-RS;UOP02-DEL06-RS
587554;15/03/2024;sexta-feira;23:30:00;SC;101;213,1;PALHOCA;Demais falhas mecânicas ou elétricas;Incêndio;Com Vítimas Feridas;Plena Noite;Crescente;Céu Claro;Múltipla;Reta;Sim;2;0;1;0;1;0;1;1;-27,63697369;-48,66514142;SPRF-SC;DEL01-SC;UOP02-DEL01-SC
587555;15/03/2024;sexta-feira;23:50:00;SC;101;212,9;PALHOCA;Condutor deixou de manter distância do veículo da frente;Colisão traseira;Com Vítimas Feridas;Plena Noite;Decrescente;Céu Claro;Dupla;Declive;Sim;3;0;0;1;2;0;1;2;-27,62996929;-48,65903871;SPRF-SC;DEL01-SC;UOP02-DEL01-SC
587557;15/03/2024;sexta-feira;23:00:00;SP;116;151;SAO JOSE DOS CAMPOS;Ausência de reação do condutor;Colisão com objeto;Sem Vítimas;Plena Noite;Decrescente;Céu Claro;Dupla;Reta;Sim;1;0;0;0;0;1;0;1;-23,21980694;-45,89991605;SPRF-SP;DEL02-SP;UOP01-DEL02-SP
587558;15/03/2024;sexta-feira;22:45:00;SC;101;215,4;PALHOCA;Ausência de reação do condutor;Queda de ocupante de veículo;Com Vítimas Feridas;Plena Noite;Crescente;Céu Claro;Dupla;Reta;Não;1;0;0;1;0;0;1;1;-27,65184843;-48,67604941;SPRF-SC;DEL01-SC;UOP02-DEL01-SC
587559;15/03/2024;sexta-feira;22:20:00;MS;158;266;TRES LAGOAS;Ingestão de álcool pelo condutor;Saída de leito carroçável;Sem Vítimas;Plena Noite;Crescente;Céu Claro;Simples;Reta;Não;1;0;0;0;1;0;0;1;-20,75394198;-51,70516399;SPRF-MS;DEL07-MS;UOP01-DEL07-MS
587560;16/03/2024;sábado;00:10:00;SC;280;29;ARAQUARI;Ingestão de álcool pelo condutor;Colisão com objeto;Com Vítimas Feridas;Plena Noite;Decrescente;Céu Claro;Simples;Reta;Sim;3;0;2;1;0;0;3;1;-26,41066264;-48,75295628;SPRF-SC;DEL03-SC;UOP03-DEL03-SC
587561;16/03/2024;sábado;00:00:00;MS;463;2;DOURADOS;Velocidade Incompatível;Saída de leito carroçável;Sem Vítimas;Plena Noite;Crescente;Céu Claro;Simples;"Reta;Em Obras";Sim;1;0;0;0;0;1;0;1;-22,2591541;-54,823354;SPRF-MS;DEL04-MS;UOP01-DEL04-MS
587562;15/03/2024;sexta-feira;23:01:00;MT;364;498,3;JANGADA;Acessar a via sem observar a presença dos outros veículos;Colisão transversal;Com Vítimas Feridas;Plena Noite;Decrescente;Céu Claro;Simples;Reta;Não;2;0;1;0;1;0;1;2;-15,26383164;-56,45548663;SPRF-MT;DEL01-MT;UOP01-DEL01-MT
587563;15/03/2024;sexta-feira;23:45:00;RJ;101;573,9;PARATY;Reação tardia ou ineficiente do condutor;Colisão frontal;Com Vítimas Feridas;Plena Noite;Crescente;Céu Claro;Simples;Reta;Não;6;0;5;1;0;0;6;2;-23,20276908;-44,72989482;SPRF-RJ;DEL03-RJ;UOP04-DEL03-RJ
587564;16/03/2024;sábado;00:30:00;PE;428;188,5;PETROLINA;Condutor desrespeitou a iluminação vermelha do semáforo;Colisão transversal;Com Vítimas Feridas;Plena Noite;Crescente;Céu Claro;Dupla;Retorno Regulamentado;Sim;2;0;0;1;1;0;1;2;-9,36400596;-40,48266808;SPRF-PE;DEL06-PE;UOP01-DEL06-PE
587565;16/03/2024;sábado;01:35:00;ES;101;97,7;JAGUARE;Ingestão de álcool pelo condutor;Colisão traseira;Com Vítimas Feridas;Plena Noite;Crescente;Céu Claro;Simples;Reta;Não;2;0;1;0;1;0;1;2;-18,96518378;-39,98828357;SPRF-ES;DEL04-ES;UOP02-DEL04-ES
587568;16/03/2024;sábado;01:14:00;GO;70;9;AGUAS LINDAS DE GOIAS;Reação tardia ou ineficiente do condutor;Colisão lateral mesmo sentido;Com Vítimas Feridas;Plena Noite;Crescente;Céu Claro;Dupla;Retorno Regulamentado;Sim;1;0;0;1;0;0;1;1;-15,73576731;-48,28288046;SPRF-DF;DEL03-DF;UOP02-DEL03-DF
587569;16/03/2024;sábado;01:45:00;RS;116;477;SAO LOURENCO DO SUL;Condutor Dormindo;Saída de leito carroçável;Com Vítimas Feridas;Plena Noite;Decrescente;Nevoeiro/Neblina;Simples;Reta;Não;1;0;1;0;0;0;1;1;-31,38161704;-52,12712598;SPRF-RS;DEL07-RS;UOP01-DEL07-RS