id;data_inversa;dia_semana;horario;uf;br;km;municipio;causa_acidente;tipo_acidente;classificacao_acidente;fase_dia;sentido_via;condicao_metereologica;tipo_pista;tracado_via;uso_solo;pessoas;mortos;feridos_leves;feridos_graves;ilesos;ignorados;feridos;veiculos;latitude;longitude;regional;delegacia;uop
587920;17/03/2024;domingo;18:13:00;SP;116;104;TAUBATE;Reação tardia ou ineficiente do condutor;Tombamento;Com Vítimas Feridas;Plena Noite;Decrescente;Nublado;Dupla;Reta;Não;3;0;1;1;1;0;2;2;-23,00340176;-45,50626912;SPRF-SP;DEL02-SP;UOP02-DEL02-SP
587921;17/03/2024;domingo;17:30:00;PR;376;446;PONTA GROSSA;Reação tardia ou ineficiente do condutor;Colisão com objeto;Com Vítimas Feridas;Anoitecer;Crescente;Chuva;Dupla;"Declive;Curva";Não;3;0;2;0;1;0;2;1;-24,90359202;-50,42244741;SPRF-PR;DEL03-PR;UOP02-DEL03-PR
587922;17/03/2024;domingo;14:20:00;PA;230;10,2;ALTAMIRA;Conversão proibida;Colisão transversal;Com Vítimas Feridas;Pleno dia;Decrescente;Céu Claro;Simples;"Declive;Reta";Sim;2;0;1;0;1;0;1;2;-3,203721;-52,206787;SPRF-PA;DEL04-PA;UOP01-DEL04-PA
587924;17/03/2024;domingo;18:00:00;RJ;40;109;DUQUE DE CAXIAS;Ausência de reação do condutor;Colisão traseira;Com Vítimas Feridas;Anoitecer;Crescente;Céu Claro;Múltipla;Reta;Sim;2;0;1;0;1;0;1;2;-22,67374628;-43,28638368;SPRF-RJ;DEL01-RJ;UOP02-DEL01-RJ
587925;17/03/2024;domingo;19:20:00;BA;324;6;FEIRA DE SANTANA;Condutor deixou de manter distância do veículo da frente;Colisão traseira;Com Vítimas Feridas;Plena Noite;Decrescente;Céu Claro;Dupla;Reta;Sim;3;0;2;0;1;0;2;2;-12,267113;-38,966988;SPRF-BA;DEL02-BA;UOP01-DEL02-BA
587926;17/03/2024;domingo;18:20:00;SC;101;41;JOINVILLE;Reação tardia ou ineficiente do condutor;Colisão traseira;Com Vítimas Feridas;Anoitecer;Crescente;Chuva;Dupla;Curva;Sim;5;0;1;0;4;0;1;4;-26,28215489;-48,88973081;SPRF-SC;DEL03-SC;UOP01-DEL03-SC
587927;17/03/2024;domingo;18:10:00;RJ;101;481;ANGRA DOS REIS;Manobra de mudança de faixa;Colisão frontal;Com Vítimas Feridas;Anoitecer;Crescente;Céu Claro;Simples;"Curva;Declive";Sim;2;0;0;1;1;0;1;2;-23,00976021;-44,29153237;SPRF-RJ;DEL03-RJ;UOP03-DEL03-RJ
587928;17/03/2024;domingo;18:24:00;SC;470;96,8;APIUNA;Ausência de reação do condutor;Colisão traseira;Com Vítimas Feridas;Anoitecer;Decrescente;Céu Claro;Simples;Reta;Sim;2;0;1;0;1;0;1;2;-26,98908907;-49,37444687;SPRF-SC;DEL04-SC;UOP01-DEL04-SC
587929;17/03/2024;domingo;18:45:00;SE;101;79,8;LARANJEIRAS;Ausência de reação do condutor;Colisão com objeto;Com Vítimas Feridas;Plena Noite;Crescente;Céu Claro;Dupla;Aclive;Não;1;0;0;1;0;0;1;1;-10,79083797;-37,14163167;SPRF-SE;DEL01-SE;UOP01-DEL01-SE
587931;17/03/2024;domingo;18:30:00;RJ;116;212;SEROPEDICA;Ausência de reação do condutor;Colisão traseira;Sem Vítimas;Anoitecer;Crescente;Céu Claro;Múltipla;Reta;Não;9;0;0;0;9;0;0;2;-22,71844298;-43,700897;SPRF-RJ;DEL06-RJ;UOP02-DEL06-RJ
587932;17/03/2024;domingo;19:15:00;RS;101;13,5;MAQUINE;Animais na Pista;Atropelamento de Animal;Com Vítimas Feridas;Plena Noite;Decrescente;Céu Claro;Simples;Reta;Não;2;0;1;0;1;0;1;1;-29,77181678;-50,17183542;SPRF-RS;DEL03-RS;UOP01-DEL03-RS
587933;17/03/2024;domingo;17:30:00;BA;242;419;SEABRA;Reação tardia ou ineficiente do condutor;Queda de ocupante de veículo;Com Vítimas Feridas;Anoitecer;Decrescente;Céu Claro;Simples;Reta;Não;2;0;1;0;1;0;1;1;-12,43288;-41,81167;SPRF-BA;DEL06-BA;UOP01-DEL06-BA
587934;17/03/2024;domingo;18:24:00;PB;230;501;CAJAZEIRAS;Ingestão de álcool pelo condutor;Colisão frontal;Com Vítimas Feridas;Plena Noite;Crescente;Nublado;Simples;Reta;Sim;6;0;3;3;0;0;6;2;-6,899;-38,5159;SPRF-PB;DEL03-PB;UOP03-DEL03-PB
587935;17/03/2024;domingo;18:10:00;BA;116;909,6;CANDIDO SALES;Pedestre andava na pista;Atropelamento de Pedestre;Com Vítimas Feridas;Plena Noite;Decrescente;Céu Claro;Simples;Reta;Sim;2;0;1;1;0;0;2;2;-15,51187;-41,236613;SPRF-BA;DEL08-BA;UOP03-DEL08-BA
587936;17/03/2024;domingo;19:50:00;GO;60;81;ANAPOLIS;Entrada inopinada do pedestre;Atropelamento de Pedestre;Com Vítimas Feridas;Plena Noite;Decrescente;Céu Claro;Dupla;Reta;Não;2;0;0;1;1;0;1;2;-16,3116;-48,8277;SPRF-GO;DEL02-GO;UOP01-DEL02-GO
587938;17/03/2024;domingo;18:45:00;RJ;393;285,5;VOLTA REDONDA;Ingestão de álcool pelo condutor;Colisão traseira;Sem Vítimas;Plena Noite;Crescente;Céu Claro;Dupla;Curva;Sim;3;0;0;0;3;0;0;3;-22,481726;-44,06308602;SPRF-RJ;DEL05-RJ;UOP04-DEL05-RJ
587939;17/03/2024;domingo;20:20:00;MG;381;537;ITATIAIUCU;Velocidade Incompatível;Colisão traseira;Sem Vítimas;Plena Noite;Decrescente;Céu Claro;Dupla;"Curva;Aclive";Não;3;0;0;0;3;0;0;2;-20,23206636;-44,39955388;SPRF-MG;DEL04-MG;UOP03-DEL04-MG
587940;17/03/2024;domingo;20:00:00;SC;101;48,7;JOINVILLE;Velocidade Incompatível;Saída de leito carroçável;Com Vítimas Feridas;Amanhecer;Crescente;Céu Claro;Múltipla;"Declive;Curva";Não;2;0;2;0;0;0;2;1;-26,35345909;-48,85867862;SPRF-SC;DEL03-SC;UOP01-DEL03-SC
587941;17/03/2024;domingo;19:13:00;RJ;493;48;DUQUE DE CAXIAS;Ausência de reação do condutor;Colisão com objeto;Com Vítimas Feridas;Plena Noite;Decrescente;Céu Claro;Dupla;Reta;Sim;1;0;1;0;0;0;1;1;-22,672089;-43,285053;SPRF-RJ;DEL01-RJ;UOP02-DEL01-RJ
587942;17/03/2024;domingo;19:30:00;AL;104;92;RIO LARGO;Condutor deixou de manter distância do veículo da frente;Colisão traseira;Com Vítimas Feridas;Plena Noite;Crescente;Céu Claro;Dupla;"Viaduto;Reta;Aclive";Sim;6;0;1;0;5;0;1;5;-9,51818474;-35,80329441;SPRF-AL;DEL01-AL;UOP01-DEL01-AL
587943;17/03/2024;domingo;19:00:00;GO;70;24;COCALZINHO DE GOIAS;Problema com o freio;Colisão lateral mesmo sentido;Sem Vítimas;Plena Noite;Crescente;Nublado;Dupla;Reta;Sim;6;0;0;0;6;0;0;3;-15,7404865;-48,40963905;SPRF-DF;DEL03-DF;UOP02-DEL03-DF
587944;17/03/2024;domingo;20:06:00;SP;116;206;GUARULHOS;Trafegar com motocicleta (ou similar) entre as faixas;Colisão traseira;Com Vítimas Feridas;Plena Noite;Crescente;Céu Claro;Dupla;Reta;Não;2;0;1;0;1;0;1;2;-23,41722629;-46,37510292;SPRF-SP;DEL01-SP;UOP01-DEL01-SP
587945;17/03/2024;domingo;19:00:00;SC;101;420,7;ARARANGUA;Animais na Pista;Atropelamento de Animal;Com Vítimas Feridas;Plena Noite;Crescente;Céu Claro;Simples;Reta;Não;1;0;1;0;0;0;1;1;-29,00320483;-49,56109643;SPRF-SC;DEL02-SC;UOP02-DEL02-SC
587946;17/03/2024;domingo;18:40:00;PE;232;378;FLORES;Condutor deixou de manter distância do veículo da frente;Colisão traseira;Com Vítimas Feridas;Plena Noite;Crescente;Céu Claro;Simples;Reta;Não;5;0;1;0;4;0;1;2;-8,03888707;-38,03255195;SPRF-PE;DEL04-PE;UOP01-DEL04-PE
587947;17/03/2024;domingo;18:00:00;SC;470;256;CURITIBANOS;Velocidade Incompatível;Colisão lateral sentido oposto;Com Vítimas Feridas;Anoitecer;Decrescente;Céu Claro;Simples;Reta;Não;2;0;0;1;1;0;1;2;-27,309309;-50,630985;SPRF-SC;DEL05-SC;UOP03-DEL05-SC
587948;17/03/2024;domingo;17:30:00;PR;376;438,8;TIBAGI;Velocidade Incompatível;Saída de leito carroçável;Com Vítimas Feridas;Pleno dia;Crescente;Chuva;Dupla;Curva;Não;2;0;1;0;1;0;1;1;-24,84975558;-50,46706404;SPRF-PR;DEL03-PR;UOP02-DEL03-PR
587949;17/03/2024;domingo;20:50:00;RS;392;127,2;CANGUCU;Ausência de reação do condutor;Tombamento;Com Vítimas Feridas;Plena Noite;Crescente;Nublado;Simples;"Reta;Declive";Não;1;0;1;0;0;0;1;1;-31,346957;-52,735889;SPRF-RS;DEL07-RS;UOP01-DEL07-RS
587950;17/03/2024;domingo;21:03:00;TO;153;761;ALVORADA;Acessar a via sem observar a presença dos outros veículos;Colisão transversal;Com Vítimas Feridas;Plena Noite;Crescente;Céu Claro;Dupla;Rotatória;Não;4;0;1;0;3;0;1;2;-12,48124904;-49,11773068;SPRF-TO;DEL01-TO;UOP02-DEL01-TO
587951;17/03/2024;domingo;20:09:00;RN;304;295;MACAIBA;Ausência de reação do condutor;Colisão com objeto;Com Vítimas Feridas;Plena Noite;Crescente;Céu Claro;Simples;"Declive;Em Obras";Não;1;0;1;0;0;0;1;1;-5,866992;-35,365677;SPRF-RN;DEL01-RN;UOP02-DEL01-RN
587952;17/03/2024;domingo;21:13:00;ES;101;263;SERRA;Acesso irregular;Colisão transversal;Com Vítimas Feridas;Plena Noite;Decrescente;Céu Claro;Múltipla;Reta;Sim;2;0;1;0;1;0;1;2;-20,16554736;-40,27301648;SPRF-ES;DEL02-ES;UOP01-DEL02-ES
587953;17/03/2024;domingo;20:30:00;PR;277;11,5;PARANAGUA;Ingestão de álcool pelo condutor;Saída de leito carroçável;Sem Vítimas;Plena Noite;Decrescente;Nublado;Dupla;Reta;Não;1;0;0;0;1;0;0;1;-25,56567186;-48,62995148;SPRF-PR;DEL01-PR;UOP05-DEL01-PR
587954;01/01/2024;segunda-feira;18:25:00;RS;386;12,7;IRAI;Ausência de reação do condutor;Saída de leito carroçável;Com Vítimas Feridas;Pleno dia;Crescente;Céu Claro;Simples;Curva;Não;5;0;5;0;0;0;5;1;-27,22331;-53,32372;SPRF-RS;DEL08-RS;UOP02-DEL08-RS
587955;17/03/2024;domingo;20:35:00;RS;116;237;NOVO HAMBURGO;Pedestre andava na pista;Atropelamento de Pedestre;Com Vítimas Fatais;Plena Noite;Crescente;Céu Claro;Dupla;Reta;Sim;4;1;0;0;2;1;0;2;-29,67839398;-51,1422266;SPRF-RS;DEL01-RS;UOP02-DEL01-RS
587956;17/03/2024;domingo;19:20:00;PR;153;413;PAULO FRONTIN;Reação tardia ou ineficiente do condutor;Colisão frontal;Com Vítimas Feridas;Plena Noite;Crescente;Nublado;Simples;Curva;Não;2;0;0;2;0;0;2;2;-26,04304709;-50,82658736;SPRF-PR;DEL08-PR;UOP02-DEL08-PR
587959;17/03/2024;domingo;21:45:00;AL;101;115;PILAR;Velocidade Incompatível;Queda de ocupante de veículo;Com Vítimas Feridas;Plena Noite;Crescente;Céu Claro;Simples;Curva;Não;1;0;0;1;0;0;1;1;-9,64267498;-36,02457883;SPRF-AL;DEL02-AL;UOP01-DEL02-AL
587960;17/03/2024;domingo;17:30:00;SC;282;318,4;VARGEM;Desrespeitar a preferência no cruzamento;Colisão transversal;Com Vítimas Feridas;Pleno dia;Decrescente;Céu Claro;Simples;Curva;Não;6;0;2;0;4;0;2;2;-27,432497;-51,028515;SPRF-SC;DEL07-SC;UOP06-DEL07-SC
587963;17/03/2024;domingo;19:30:00;MG;381;439;SABARA;Suicídio (presumido);Queda de ocupante de veículo;Com Vítimas Feridas;Plena Noite;Crescente;Céu Claro;Simples;Reta;Não;3;0;2;0;1;0;2;1;-19,80927691;-43,78706001;SPRF-MG;DEL01-MG;UOP01-DEL01-MG
587964;17/03/2024;domingo;21:20:00;PR;376;651;TIJUCAS DO SUL;Manobra de mudança de faixa;Colisão traseira;Com Vítimas Feridas;Plena Noite;Decrescente;Garoa/Chuvisco;Dupla;Curva;Não;4;0;1;0;3;0;1;3;-25,845243;-49,078578;SPRF-PR;DEL01-PR;UOP04-DEL01-PR
587965;17/03/2024;domingo;21:45:00;GO;40;11,1;LUZIANIA;Ingestão de álcool pelo condutor;Colisão transversal;Sem Vítimas;Plena Noite;Decrescente;Céu Claro;Dupla;"Aclive;Reta";Sim;2;0;0;0;2;0;0;2;-16,138336;-47,951644;SPRF-DF;DEL01-DF;UOP01-DEL01-DF
587967;17/03/2024;domingo;21:20:00;AL;316;242;ATALAIA;Transitar na contramão;Colisão frontal;Com Vítimas Feridas;Plena Noite;Decrescente;Céu Claro;Simples;Curva;Sim;3;0;0;1;1;1;1;2;-9,50727405;-36,02113501;SPRF-AL;DEL01-AL;UOP01-DEL01-AL
587968;17/03/2024;domingo;21:06:00;PI;316;12;TERESINA;Ausência de reação do condutor;Saída de leito carroçável;Com Vítimas Feridas;Plena Noite;Decrescente;Chuva;Dupla;Reta;Sim;1;0;1;0;0;0;1;1;-5,20064401;-42,75799889;SPRF-PI;DEL01-PI;UOP02-DEL01-PI
587969;17/03/2024;domingo;20:38:00;PE;101;90;CABO DE SANTO AGOSTINHO;Trafegar com motocicleta (ou similar) entre as faixas;Colisão lateral mesmo sentido;Com Vítimas Feridas;Plena Noite;Decrescente;Céu Claro;Dupla;Reta;Sim;1;0;0;1;0;0;1;1;-8,21612792;-34,98772817;SPRF-PE;DEL01-PE;UOP01-DEL01-PE
587970;17/03/2024;domingo;22:06:00;ES;262;21,2;VIANA;Condutor Dormindo;Colisão com objeto;Com Vítimas Feridas;Pleno dia;Crescente;Céu Claro;Simples;Reta;Não;3;0;3;0;0;0;3;1;-20,38054389;-40,50497908;SPRF-ES;DEL01-ES;UOP01-DEL01-ES
587971;17/03/2024;domingo;19:20:00;SC;101;331,6;TUBARAO;Ingestão de álcool pelo condutor;Colisão traseira;Com Vítimas Feridas;Plena Noite;Crescente;Nublado;Dupla;Reta;Sim;2;0;1;0;1;0;1;2;-28,46487384;-48,99481773;SPRF-SC;DEL02-SC;UOP01-DEL02-SC
587972;17/03/2024;domingo;20:20:00;PB;230;426;POMBAL;Pista Escorregadia;Saída de leito carroçável;Com Vítimas Feridas;Plena Noite;Crescente;Chuva;Simples;Reta;Não;3;0;2;0;1;0;2;1;-6,734995;-37,917375;SPRF-PB;DEL03-PB;UOP02-DEL03-PB
587973;17/03/2024;domingo;22:00:00;RS;116;44,8;VACARIA;Manobra de mudança de faixa;Colisão lateral mesmo sentido;Sem Vítimas;Plena Noite;Decrescente;Nublado;Dupla;Reta;Não;5;0;0;0;5;0;0;2;-28,54577493;-50,97450256;SPRF-RS;DEL05-RS;UOP03-DEL05-RS
587974;17/03/2024;domingo;21:00:00;BA;407;1;JUAZEIRO;Ingestão de álcool pelo condutor;Saída de leito carroçável;Sem Vítimas;Plena Noite;Decrescente;Céu Claro;Simples;Reta;Sim;1;0;0;0;1;0;0;1;-9,41448142;-40,50630748;SPRF-PE;DEL06-PE;UOP01-DEL06-PE
587976;17/03/2024;domingo;21:50:00;PR;277;678;MEDIANEIRA;Animais na Pista;Saída de leito carroçável;Com Vítimas Feridas;Plena Noite;Decrescente;Garoa/Chuvisco;Dupla;"Declive;Reta";Não;2;0;2;0;0;0;2;1;-25,31261205;-54,14871997;SPRF-PR;DEL05-PR;UOP01-DEL05-PR
587977;17/03/2024;domingo;23:00:00;ES;262;19;VIANA;Acessar a via sem observar a presença dos outros veículos;Colisão transversal;Sem Vítimas;Plena Noite;Crescente;Céu Claro;Simples;Reta;Sim;6;0;0;0;6;0;0;2;-20,3919143;-40,49002338;SPRF-ES;DEL01-ES;UOP01-DEL01-ES
587979;17/03/2024;domingo;15:45:00;MT;163;745;SORRISO;Ingestão de álcool pelo condutor;Colisão frontal;Sem Vítimas;Pleno dia;Crescente;Céu Claro;Simples;"Reta;Interseção de Vias";Sim;2;0;0;0;2;0;0;2;-12,60401946;-55,75209618;SPRF-MT;DEL06-MT;UOP01-DEL06-MT
587980;17/03/2024;domingo;22:40:00;SP;116;117;TAUBATE;Reação tardia ou ineficiente do condutor;Saída de leito carroçável;Sem Vítimas;Plena Noite;Decrescente;Céu Claro;Dupla;Reta;Não;1;0;0;0;1;0;0;1;-23,0582298;-45,6176951;SPRF-SP;DEL02-SP;UOP02-DEL02-SP
587982;17/03/2024;domingo;23:05:00;PE;101;45;IGARASSU;Manobra de mudança de faixa;Colisão lateral mesmo sentido;Com Vítimas Feridas;Plena Noite;Crescente;Chuva;Dupla;Reta;Sim;2;0;1;0;1;0;1;2;-7,86521297;-34,90715176;SPRF-PE;DEL01-PE;UOP02-DEL01-PE
587983;17/03/2024;domingo;23:30:00;PB;427;31,2;POMBAL;Animais na Pista;Atropelamento de Animal;Com Vítimas Feridas;Plena Noite;Decrescente;Céu Claro;Simples;Reta;Não;1;0;0;1;0;0;1;1;-6,7395559;-37,74453807;SPRF-PB;DEL03-PB;UOP02-DEL03-PB
587985;17/03/2024;domingo;23:20:00;PR;373;177,5;PONTA GROSSA;Manobra de mudança de faixa;Colisão lateral mesmo sentido;Sem Vítimas;Plena Noite;Decrescente;Céu Claro;Dupla;Curva;Sim;2;0;0;0;2;0;0;2;-25,05596766;-50,22677884;SPRF-PR;DEL03-PR;UOP01-DEL03-PR
587986;17/03/2024;domingo;19:15:00;PR;476;104,3;COLOMBO;Reação tardia ou ineficiente do condutor;Saída de leito carroçável;Com Vítimas Feridas;Anoitecer;Crescente;Garoa/Chuvisco;Simples;Curva;Não;1;0;1;0;0;0;1;1;-25,271278;-49,140888;SPRF-PR;DEL01-PR;UOP01-DEL01-PR
587987;17/03/2024;domingo;22:40:00;RS;386;289;SAO JOSE DO HERVAL;Ausência de reação do condutor;Colisão com objeto;Sem Vítimas;Plena Noite;Crescente;Nevoeiro/Neblina;Simples;"Curva;Aclive";Não;1;0;0;0;1;0;0;1;-29,083664;-52,260605;SPRF-RS;DEL04-RS;UOP03-DEL04-RS
587989;17/03/2024;domingo;18:00:00;SP;116;508;CAJATI;Reação tardia ou ineficiente do condutor;Saída de leito carroçável;Com Vítimas Feridas;Anoitecer;Decrescente;Garoa/Chuvisco;Simples;"Declive;Curva";Não;1;0;1;0;0;0;1;1;-24,81333299;-48,21310484;SPRF-SP;DEL05-SP;UOP02-DEL05-SP
587990;17/03/2024;domingo;23:50:00;RJ;116;178;MESQUITA;Reação tardia ou ineficiente do condutor;Colisão transversal;Sem Vítimas;Plena Noite;Decrescente;Céu Claro;Dupla;Reta;Não;4;0;0;0;3;1;0;3;-22,77496393;-43,40081465;SPRF-RJ;DEL06-RJ;UOP01-DEL06-RJ
587991;17/03/2024;domingo;23:40:00;RJ;101;504;ANGRA DOS REIS;Ausência de reação do condutor;Colisão frontal;Com Vítimas Feridas;Plena Noite;Crescente;Chuva;Simples;Reta;Sim;2;0;2;0;0;0;2;2;-22,93155828;-44,38812093;SPRF-RJ;DEL03-RJ;UOP03-DEL03-RJ
587992;17/03/2024;domingo;18:48:00;MT;174;152;GLORIA DOESTE;Faróis desregulados;Colisão frontal;Com Vítimas Fatais;Plena Noite;Crescente;Garoa/Chuvisco;Simples;Reta;Não;4;1;0;1;2;0;1;2;-15,81306921;-58,32394002;SPRF-MT;DEL03-MT;UOP01-DEL03-MT
587993;17/03/2024;domingo;23:40:00;MT;364;141;PEDRA PRETA;Ausência de reação do condutor;Saída de leito carroçável;Com Vítimas Feridas;Plena Noite;Crescente;Céu Claro;Simples;"Curva;Aclive";Não;2;0;2;0;0;0;2;1;-16,79378293;-54,13118898;SPRF-MT;DEL02-MT;UOP01-DEL02-MT
587994;17/03/2024;domingo;20:25:00;RJ;465;13;SEROPEDICA;Reação tardia ou ineficiente do condutor;Colisão traseira;Com Vítimas Feridas;Plena Noite;Decrescente;Céu Claro;Simples;Reta;Sim;4;0;1;1;2;0;2;3;-22,798468;-43,645508;SPRF-RJ;DEL06-RJ;UOP02-DEL06-RJ
587995;17/03/2024;domingo;23:40:00;RJ;393;106;SAPUCAIA;Reação tardia ou ineficiente do condutor;Saída de leito carroçável;Com Vítimas Feridas;Plena Noite;Decrescente;Nublado;Simples;Curva;Sim;1;0;1;0;0;0;1;1;-21,87764485;-42,67025797;SPRF-RJ;DEL05-RJ;UOP01-DEL05-RJ
587996;18/03/2024;segunda-feira;00:20:00;PR;116;71,8;QUATRO BARRAS;Reação tardia ou ineficiente do condutor;Saída de leito carroçável;Com Vítimas Fatais;Plena Noite;Decrescente;Céu Claro;Múltipla;"Declive;Curva;Interseção de Vias";Não;2;1;1;0;0;0;1;1;-25,345781;-49,043697;SPRF-PR;DEL01-PR;UOP07-DEL01-PR
587999;18/03/2024;segunda-feira;00:30:00;RJ;393;285;VOLTA REDONDA;Ingestão de álcool pelo condutor;Colisão lateral mesmo sentido;Sem Vítimas;Plena Noite;Decrescente;Chuva;Simples;"Reta;Em Obras";Sim;2;0;0;0;2;0;0;2;-22,481726;-44,06308602;SPRF-RJ;DEL05-RJ;UOP04-DEL05-RJ
588003;17/03/2024;domingo;23:18:00;RJ;356;118;CAMPOS DOS GOYTACAZES;Pedestre - Ingestão de álcool/ substâncias psicoativas;Atropelamento de Pedestre;Com Vítimas Fatais;Plena Noite;Decrescente;Céu Claro;Simples;Reta;Sim;2;1;0;0;1;0;0;2;-21,61891217;-41,41426832;SPRF-RJ;DEL08-RJ;UOP01-DEL08-RJ
588004;18/03/2024;segunda-feira;02:00:00;RS;290;77;GRAVATAI;Ausência de reação do condutor;Colisão traseira;Com Vítimas Feridas;Plena Noite;Decrescente;Céu Claro;Múltipla;Reta;Não;3;0;3;0;0;0;3;2;-29,955027;-51,027363;SPRF-RS;DEL01-RS;UOP01-DEL01-RS
588009;18/03/2024;segunda-feira;01:30:00;BA;101;265,3;SANTO ANTONIO DE JESUS;Reação tardia ou ineficiente do condutor;Colisão traseira;Com Vítimas Fatais;Plena Noite;Decrescente;Céu Claro;Simples;"Aclive;Reta";Não;3;1;0;0;1;1;0;3;-13,10710514;-39,28471362;SPRF-BA;DEL01-BA;UOP02-DEL01-BA
588026;18/03/2024;segunda-feira;02:00:00;MG;40;713,3;BARBACENA;Ausência de reação do condutor;Saída de leito carroçável;Com Vítimas Feridas;Plena Noite;Decrescente;Ignorado;Dupla;Curva;Não;2;0;0;1;1;0;1;1;-21,24440412;-43,68834208;SPRF-MG;DEL05-MG;UOP02-DEL05-MG
588027;18/03/2024;segunda-feira;05:20:00;PR;373;212,9;IMBITUVA;Reação tardia ou ineficiente do condutor;Colisão traseira;Sem Vítimas;Plena Noite;Crescente;Nevoeiro/Neblina;Simples;"Reta;Aclive";Não;2;0;0;0;2;0;0;2;-25,15350676;-50,50509611;SPRF-PR;DEL03-PR;UOP01-DEL03-PR
588029;18/03/2024;segunda-feira;03:00:00;PR;116;113;CURITIBA;Ausência de reação do condutor;Saída de leito carroçável;Com Vítimas Feridas;Plena Noite;Crescente;Garoa/Chuvisco;Dupla;Reta;Não;2;0;2;0;0;0;2;1;-25,56513636;-49,24675108;SPRF-PR;DEL01-PR;UOP07-DEL01-PR
588030;18/03/2024;segunda-feira;06:10:00;MG;40;508,9;RIBEIRAO DAS NEVES;Acessar a via sem observar a presença dos outros veículos;Colisão lateral mesmo sentido;Com Vítimas Feridas;Pleno dia;Crescente;Céu Claro;Dupla;Reta;Sim;2;0;1;0;1;0;1;2;-19,76061249;-44,1347544;SPRF-MG;DEL01-MG;UOP02-DEL01-MG
588033;18/03/2024;segunda-feira;03:00:00;RS;116;240;NOVO HAMBURGO;Pedestre andava na pista;Atropelamento de Pedestre;Com Vítimas Fatais;Plena Noite;Decrescente;Nublado;Dupla;"Aclive;Reta";Sim;2;1;0;0;0;1;0;2;-29,70222836;-51,14630049;SPRF-RS;DEL01-RS;UOP02-DEL01-RS
588037;18/03/2024;segunda-feira;05:30:00;MG;116;812;ALEM PARAIBA;Reação tardia ou ineficiente do condutor;Tombamento;Com Vítimas Feridas;Pleno dia;Crescente;Céu Claro;Simples;Curva;Não;2;0;2;0;0;0;2;1;-21,8449291;-42,67297203;SPRF-MG;DEL07-MG;UOP01-DEL07-MG
588038;18/03/2024;segunda-feira;06:40:00;MG;262;440;NOVA SERRANA;Ausência de reação do condutor;Saída de leito carroçável;Com Vítimas Feridas;Pleno dia;Crescente;Céu Claro;Dupla;Reta;Não;5;0;5;0;0;0;5;1;-19,88607114;-44,89407411;SPRF-MG;DEL08-MG;UOP03-DEL08-MG
588039;18/03/2024;segunda-feira;06:00:00;SC;470;121;IBIRAMA;Desvio temporário;Tombamento;Com Vítimas Feridas;Pleno dia;Crescente;Céu Claro;Simples;Curva;Não;1;0;1;0;0;0;1;1;-27,095861;-49,526859;SPRF-SC;DEL04-SC;UOP02-DEL04-SC
588042;18/03/2024;segunda-feira;06:30:00;PR;277;60;SAO JOSE DOS PINHAIS;Reação tardia ou ineficiente do condutor;Colisão com objeto;Com Vítimas Feridas;Pleno dia;Crescente;Céu Claro;Dupla;Reta;Não;1;0;1;0;0;0;1;1;-25,57289907;-48,99037703;SPRF-PR;DEL01-PR;UOP01-DEL01-PR
588043;18/03/2024;segunda-feira;06:20:00;PE;408;101,3;SAO LOURENCO DA MATA;Avarias e/ou desgaste excessivo no pneu;Colisão com objeto;Com Vítimas Feridas;Pleno dia;Crescente;Garoa/Chuvisco;Dupla;"Declive;Reta";Não;2;0;1;0;1;0;1;2;-8,04710272;-35,00887967;SPRF-PE;DEL01-PE;UOP01-DEL01-PE
588044;18/03/2024;segunda-feira;06:35:00;SC;282;16,3;PALHOCA;Trafegar com motocicleta (ou similar) entre as faixas;Colisão transversal;Com Vítimas Feridas;Pleno dia;Crescente;Nublado;Simples;"Reta;Interseção de Vias";Sim;3;0;1;0;2;0;1;2;-27,65902309;-48,68221164;SPRF-SC;DEL01-SC;UOP02-DEL01-SC
588045;18/03/2024;segunda-feira;07:05:00;SC;280;51,1;GUARAMIRIM;Condutor deixou de manter distância do veículo da frente;Colisão traseira;Com Vítimas Feridas;Pleno dia;Decrescente;Céu Claro;Simples;Retorno Regulamentado;Não;2;0;1;0;1;0;1;2;-26,466825;-48,959827;SPRF-SC;DEL03-SC;UOP03-DEL03-SC
588046;18/03/2024;segunda-feira;06:20:00;RJ;40;43;AREAL;Reação tardia ou ineficiente do condutor;Engavetamento;Com Vítimas Feridas;Pleno dia;Crescente;Céu Claro;Dupla;"Aclive;Reta";Não;12;0;2;0;10;0;2;3;-22,265139;-43,108506;SPRF-RJ;DEL05-RJ;UOP02-DEL05-RJ
588047;18/03/2024;segunda-feira;07:02:00;GO;153;67;PORANGATU;Ausência de reação do condutor;Saída de leito carroçável;Com Vítimas Feridas;Pleno dia;Decrescente;Céu Claro;Simples;"Aclive;Reta";Não;1;0;1;0;0;0;1;1;-13,419951;-49,130875;SPRF-GO;DEL07-GO;UOP01-DEL07-GO
588050;18/03/2024;segunda-feira;07:50:00;RJ;116;176;SAO JOAO DE MERITI;Ausência de reação do condutor;Colisão traseira;Com Vítimas Feridas;Pleno dia;Crescente;Céu Claro;Dupla;Reta;Sim;2;0;1;0;1;0;1;2;-22,7839538;-43,38195488;SPRF-RJ;DEL06-RJ;UOP01-DEL06-RJ