id;data_inversa;dia_semana;horario;uf;br;km;municipio;causa_acidente;tipo_acidente;classificacao_acidente;fase_dia;sentido_via;condicao_metereologica;tipo_pista;tracado_via;uso_solo;pessoas;mortos;feridos_leves;feridos_graves;ilesos;ignorados;feridos;veiculos;latitude;longitude;regional;delegacia;uop
588052;18/03/2024;segunda-feira;07:10:00;SP;116;218;GUARULHOS;Trafegar com motocicleta (ou similar) entre as faixas;Colisão traseira;Com Vítimas Feridas;Pleno dia;Crescente;Céu Claro;Múltipla;Reta;Não;3;0;2;0;1;0;2;2;-23,457972;-46,479927;SPRF-SP;DEL01-SP;UOP01-DEL01-SP
588053;18/03/2024;segunda-feira;08:00:00;CE;116;8;FORTALEZA;Condutor deixou de manter distância do veículo da frente;Colisão traseira;Com Vítimas Feridas;Pleno dia;Decrescente;Nublado;Múltipla;Reta;Sim;2;0;1;0;1;0;1;2;-3,8192799;-38,50268337;SPRF-CE;DEL01-CE;UOP02-DEL01-CE
588054;18/03/2024;segunda-feira;07:05:00;RO;364;342;JI-PARANA;Condutor deixou de manter distância do veículo da frente;Colisão traseira;Com Vítimas Feridas;Amanhecer;Crescente;Céu Claro;Simples;"Reta;Ponte";Sim;2;0;2;0;0;0;2;2;-10,88381227;-61,93741416;SPRF-RO;DEL02-RO;UOP01-DEL02-RO
588055;11/03/2024;segunda-feira;16:10:00;PA;230;701;BRASIL NOVO;Ingestão de álcool pelo condutor;Queda de ocupante de veículo;Com Vítimas Feridas;Pleno dia;Decrescente;Céu Claro;Simples;"Ponte;Reta";Não;1;0;1;0;0;0;1;1;-3,31018997;-52,54836303;SPRF-PA;DEL04-PA;UOP01-DEL04-PA
588056;18/03/2024;segunda-feira;06:45:00;GO;153;437,1;ANAPOLIS;Reação tardia ou ineficiente do condutor;Tombamento;Com Vítimas Feridas;Pleno dia;Decrescente;Céu Claro;Dupla;"Reta;Desvio Temporário";Sim;1;0;0;1;0;0;1;1;-16,286884;-48,942978;SPRF-GO;DEL02-GO;UOP01-DEL02-GO
588057;18/03/2024;segunda-feira;08:10:00;SP;153;61,7;SAO JOSE DO RIO PRETO;Reação tardia ou ineficiente do condutor;Queda de ocupante de veículo;Com Vítimas Feridas;Pleno dia;Crescente;Sol;Dupla;Reta;Sim;1;0;1;0;0;0;1;1;-20,80502876;-49,35574909;SPRF-SP;DEL09-SP;UOP01-DEL09-SP
588058;18/03/2024;segunda-feira;07:40:00;RJ;116;178;BELFORD ROXO;Ausência de reação do condutor;Colisão traseira;Com Vítimas Feridas;Pleno dia;Crescente;Sol;Dupla;Reta;Não;2;0;1;0;1;0;1;2;-22,77496393;-43,40081465;SPRF-RJ;DEL06-RJ;UOP01-DEL06-RJ
588062;18/03/2024;segunda-feira;08:15:00;SC;470;64,3;INDAIAL;Reação tardia ou ineficiente do condutor;Colisão traseira;Com Vítimas Feridas;Pleno dia;Crescente;Céu Claro;Simples;Reta;Sim;2;0;1;0;1;0;1;2;-26,869867;-49,201859;SPRF-SC;DEL04-SC;UOP01-DEL04-SC
588063;18/03/2024;segunda-feira;08:10:00;PR;277;80,8;CURITIBA;Reação tardia ou ineficiente do condutor;Colisão traseira;Com Vítimas Feridas;Pleno dia;Crescente;Nublado;Dupla;Reta;Sim;3;0;2;0;1;0;2;2;-25,465742;-49,215844;SPRF-PR;DEL01-PR;UOP07-DEL01-PR
588064;18/03/2024;segunda-feira;07:40:00;BA;116;818;VITORIA DA CONQUISTA;Manobra de mudança de faixa;Colisão transversal;Com Vítimas Feridas;Pleno dia;Crescente;Céu Claro;Simples;"Aclive;Reta";Não;2;0;0;1;1;0;1;2;-14,78621813;-40,74705093;SPRF-BA;DEL08-BA;UOP01-DEL08-BA
588066;02/03/2024;sábado;21:05:00;SC;470;329;CAMPOS NOVOS;Reação tardia ou ineficiente do condutor;Saída de leito carroçável;Com Vítimas Feridas;Plena Noite;Decrescente;Céu Claro;Simples;Reta;Não;4;0;3;0;1;0;3;1;-27,468428;-51,288605;SPRF-SC;DEL07-SC;UOP06-DEL07-SC
588067;18/03/2024;segunda-feira;08:00:00;AL;316;86;SANTANA DO IPANEMA;Ausência de reação do condutor;Queda de ocupante de veículo;Com Vítimas Feridas;Pleno dia;Crescente;Céu Claro;Simples;Reta;Não;1;0;1;0;0;0;1;1;-9,37323821;-37,23532807;SPRF-AL;DEL03-AL;UOP02-DEL03-AL
588069;04/02/2024;domingo;16:25:00;BA;110;363;POJUCA;Animais na Pista;Queda de ocupante de veículo;Com Vítimas Feridas;Pleno dia;Decrescente;Céu Claro;Simples;Reta;Sim;1;0;1;0;0;0;1;1;-12,39805;-38,373071;SPRF-BA;DEL01-BA;UOP04-DEL01-BA
588070;18/03/2024;segunda-feira;07:40:00;MG;116;261,9;TEOFILO OTONI;Transitar na contramão;Colisão frontal;Com Vítimas Feridas;Pleno dia;Decrescente;Céu Claro;Simples;"Declive;Curva";Não;2;0;0;1;1;0;1;2;-17,739185;-41,500945;SPRF-MG;DEL11-MG;UOP01-DEL11-MG
588071;18/03/2024;segunda-feira;09:07:00;SP;381;24,9;BRAGANCA PAULISTA;Demais falhas mecânicas ou elétricas;Incêndio;Sem Vítimas;Pleno dia;Crescente;Céu Claro;Dupla;"Declive;Reta";Sim;1;0;0;0;1;0;0;1;-23,01316393;-46,52386219;SPRF-SP;DEL03-SP;UOP02-DEL03-SP
588072;18/03/2024;segunda-feira;07:20:00;RO;364;422,7;JARU;Acesso irregular;Colisão lateral mesmo sentido;Com Vítimas Feridas;Pleno dia;Decrescente;Céu Claro;Dupla;"Aclive;Reta";Sim;2;0;1;0;1;0;1;2;-10,4597532;-62,4558043;SPRF-RO;DEL03-RO;UOP02-DEL03-RO
588074;18/03/2024;segunda-feira;09:47:00;PB;230;23;JOAO PESSOA;Condutor deixou de manter distância do veículo da frente;Colisão traseira;Com Vítimas Feridas;Pleno dia;Crescente;Céu Claro;Dupla;"Aclive;Reta";Sim;2;0;0;1;0;1;1;2;-7,1562;-34,8574;SPRF-PB;DEL01-PB;UOP01-DEL01-PB
588075;18/03/2024;segunda-feira;01:30:00;MS;60;65,6;PARAISO DAS AGUAS;Ausência de reação do condutor;Saída de leito carroçável;Com Vítimas Feridas;Plena Noite;Decrescente;Céu Claro;Simples;"Reta;Ponte";Não;1;0;1;0;0;0;1;1;-19,05690557;-53,01868916;SPRF-MS;DEL06-MS;UOP02-DEL06-MS
588076;18/03/2024;segunda-feira;08:20:00;RJ;465;4;SEROPEDICA;Ausência de reação do condutor;Engavetamento;Com Vítimas Feridas;Pleno dia;Crescente;Céu Claro;Simples;Reta;Não;4;0;1;0;3;0;1;3;-22,740971;-43,705597;SPRF-RJ;DEL06-RJ;UOP02-DEL06-RJ
588079;18/03/2024;segunda-feira;09:30:00;RJ;40;109;DUQUE DE CAXIAS;Condutor deixou de manter distância do veículo da frente;Colisão lateral mesmo sentido;Com Vítimas Feridas;Pleno dia;Crescente;Céu Claro;Simples;Curva;Sim;3;0;2;0;1;0;2;2;-22,67374628;-43,28638368;SPRF-RJ;DEL01-RJ;UOP02-DEL01-RJ
588081;18/03/2024;segunda-feira;09:35:00;MG;40;768;JUIZ DE FORA;Demais falhas mecânicas ou elétricas;Incêndio;Sem Vítimas;Pleno dia;Decrescente;Céu Claro;Simples;Reta;Não;1;0;0;0;1;0;0;1;-21,58240015;-43,46596328;SPRF-MG;DEL05-MG;UOP01-DEL05-MG
588082;18/03/2024;segunda-feira;04:30:00;RO;435;92;COLORADO DO OESTE;Reação tardia ou ineficiente do condutor;Queda de ocupante de veículo;Com Vítimas Feridas;Amanhecer;Crescente;Nevoeiro/Neblina;Simples;Rotatória;Não;1;0;1;0;0;0;1;1;-13,1863439;-60,59219897;SPRF-RO;DEL04-RO;UOP02-DEL04-RO
588083;18/03/2024;segunda-feira;09:30:00;MG;40;673;CARANDAI;Manobra de mudança de faixa;Colisão lateral mesmo sentido;Com Vítimas Feridas;Pleno dia;Decrescente;Céu Claro;Simples;Reta;Não;3;0;1;0;2;0;1;2;-20,98990688;-43,7813578;SPRF-MG;DEL05-MG;UOP02-DEL05-MG
588084;18/03/2024;segunda-feira;10:00:00;PE;428;188;PETROLINA;Ingestão de álcool pelo condutor;Colisão traseira;Com Vítimas Feridas;Pleno dia;Crescente;Céu Claro;Dupla;"Viaduto;Reta;Declive";Sim;2;0;1;0;1;0;1;2;-9,36400596;-40,48266808;SPRF-PE;DEL06-PE;UOP01-DEL06-PE
588086;18/03/2024;segunda-feira;10:20:00;RN;101;113;SAO JOSE DE MIPIBU;Condutor deixou de manter distância do veículo da frente;Colisão traseira;Sem Vítimas;Pleno dia;Crescente;Sol;Dupla;Reta;Não;2;0;0;0;2;0;0;2;-5,973247;-35,26489;SPRF-RN;DEL01-RN;UOP01-DEL01-RN
588095;18/03/2024;segunda-feira;11:25:00;DF;20;21;BRASILIA;Condutor Dormindo;Colisão com objeto;Com Vítimas Feridas;Pleno dia;Crescente;Céu Claro;Dupla;Reta;Sim;1;0;1;0;0;0;1;1;-15,607905;-47,692791;SPRF-DF;DEL02-DF;UOP01-DEL02-DF
588103;18/03/2024;segunda-feira;12:00:00;GO;153;494;GOIANIA;Velocidade Incompatível;Colisão lateral mesmo sentido;Com Vítimas Fatais;Pleno dia;Crescente;Céu Claro;Dupla;"Reta;Aclive";Sim;2;1;0;0;1;0;0;2;-16,6614;-49,2218;SPRF-GO;DEL01-GO;UOP01-DEL01-GO
588106;18/03/2024;segunda-feira;11:40:00;ES;101;91;SAO MATEUS;Reação tardia ou ineficiente do condutor;Tombamento;Com Vítimas Feridas;Pleno dia;Decrescente;Céu Claro;Dupla;Reta;Sim;2;0;2;0;0;0;2;1;-18,90626994;-39,95995813;SPRF-ES;DEL04-ES;UOP02-DEL04-ES
588108;18/03/2024;segunda-feira;05:30:00;PE;101;64;RECIFE;Chuva;Colisão lateral mesmo sentido;Com Vítimas Feridas;Pleno dia;Crescente;Chuva;Múltipla;"Ponte;Reta";Não;2;0;1;0;0;1;1;2;-8,0162921;-34,94045886;SPRF-PE;DEL01-PE;UOP01-DEL01-PE
588109;18/03/2024;segunda-feira;08:20:00;RS;470;195;BENTO GONCALVES;Problema com o freio;Tombamento;Com Vítimas Feridas;Pleno dia;Crescente;Céu Claro;Simples;Reta;Não;1;0;1;0;0;0;1;1;-29,05083141;-51,57747053;SPRF-RS;DEL06-RS;UOP02-DEL06-RS
588110;18/03/2024;segunda-feira;11:45:00;PR;116;122;CURITIBA;Condutor deixou de manter distância do veículo da frente;Colisão traseira;Com Vítimas Feridas;Pleno dia;Decrescente;Céu Claro;Dupla;"Retorno Regulamentado;Reta";Não;2;0;1;0;1;0;1;2;-25,60933278;-49,31918263;SPRF-PR;DEL01-PR;UOP03-DEL01-PR
588111;18/03/2024;segunda-feira;11:45:00;PR;277;6,8;PARANAGUA;Reação tardia ou ineficiente do condutor;Saída de leito carroçável;Com Vítimas Feridas;Pleno dia;Crescente;Céu Claro;Simples;Curva;Sim;2;0;1;1;0;0;2;1;-25,568198;-48,615292;SPRF-PR;DEL01-PR;UOP05-DEL01-PR
588113;18/03/2024;segunda-feira;11:00:00;ES;101;323;GUARAPARI;Ausência de reação do condutor;Saída de leito carroçável;Com Vítimas Feridas;Pleno dia;Decrescente;Céu Claro;Dupla;Aclive;Não;1;0;1;0;0;0;1;1;-20,53698408;-40,48275222;SPRF-ES;DEL03-ES;UOP01-DEL03-ES
588114;18/03/2024;segunda-feira;12:57:00;RS;116;262;CANOAS;Reação tardia ou ineficiente do condutor;Tombamento;Com Vítimas Feridas;Pleno dia;Decrescente;Céu Claro;Dupla;Reta;Sim;2;0;1;0;0;1;1;2;-29,896475;-51,17593;SPRF-RS;DEL01-RS;UOP01-DEL01-RS
588117;18/03/2024;segunda-feira;11:45:00;SC;101;119;ITAJAI;Ausência de reação do condutor;Colisão lateral mesmo sentido;Sem Vítimas;Pleno dia;Decrescente;Sol;Dupla;Reta;Não;2;0;0;0;1;1;0;2;-26,9043179;-48,71555481;SPRF-SC;DEL04-SC;UOP04-DEL04-SC
588120;18/03/2024;segunda-feira;13:10:00;PB;230;25;JOAO PESSOA;Pista Escorregadia;Tombamento;Com Vítimas Feridas;Pleno dia;Crescente;Chuva;Dupla;Reta;Sim;1;0;1;0;0;0;1;1;-7,1707;-34,8684;SPRF-PB;DEL01-PB;UOP01-DEL01-PB
588122;18/03/2024;segunda-feira;13:20:00;RJ;101;539;PARATY;Velocidade Incompatível;Capotamento;Com Vítimas Feridas;Pleno dia;Crescente;Céu Claro;Simples;Reta;Não;2;0;1;0;1;0;1;1;-23,054095;-44,581914;SPRF-RJ;DEL03-RJ;UOP04-DEL03-RJ
588123;16/03/2024;sábado;16:40:00;RJ;101;324;NITEROI;Ausência de reação do condutor;Colisão traseira;Com Vítimas Feridas;Pleno dia;Decrescente;Céu Claro;Dupla;Reta;Não;5;0;2;0;3;0;2;3;-22,87381074;-43,12640997;SPRF-RJ;DEL02-RJ;UOP01-DEL02-RJ
588124;18/03/2024;segunda-feira;08:30:00;MG;381;162,7;GOVERNADOR VALADARES;Acessar a via sem observar a presença dos outros veículos;Saída de leito carroçável;Com Vítimas Feridas;Pleno dia;Decrescente;Céu Claro;Simples;Reta;Não;2;0;1;0;1;0;1;2;-18,91688087;-42,01264512;SPRF-MG;DEL06-MG;UOP01-DEL06-MG
588125;18/03/2024;segunda-feira;11:20:00;RS;290;42;SANTO ANTONIO DA PATRULHA;Manobra de mudança de faixa;Colisão lateral mesmo sentido;Com Vítimas Feridas;Pleno dia;Crescente;Céu Claro;Dupla;Reta;Não;4;0;1;0;2;1;1;3;-29,888767;-50,679028;SPRF-RS;DEL03-RS;UOP01-DEL03-RS
588128;18/03/2024;segunda-feira;13:15:00;PR;476;153;ARAUCARIA;Reação tardia ou ineficiente do condutor;Atropelamento de Pedestre;Com Vítimas Feridas;Pleno dia;Decrescente;Céu Claro;Dupla;Reta;Sim;2;0;1;0;1;0;1;2;-25,577307;-49,392338;SPRF-PR;DEL01-PR;UOP06-DEL01-PR
588129;18/03/2024;segunda-feira;12:30:00;RJ;356;72;ITALVA;Pedestre - Ingestão de álcool/ substâncias psicoativas;Atropelamento de Pedestre;Com Vítimas Feridas;Pleno dia;Crescente;Céu Claro;Simples;Reta;Não;2;0;1;0;1;0;1;2;-21,39690599;-41,69222213;SPRF-RJ;DEL08-RJ;UOP03-DEL08-RJ
588130;18/03/2024;segunda-feira;13:35:00;SE;101;95,8;NOSSA SENHORA DO SOCORRO;Ausência de reação do condutor;Tombamento;Com Vítimas Feridas;Pleno dia;Crescente;Céu Claro;Dupla;Reta;Não;1;0;1;0;0;0;1;1;-10,91256274;-37,15981218;SPRF-SE;DEL02-SE;UOP01-DEL02-SE
588131;04/03/2024;segunda-feira;17:30:00;MG;262;96;ABRE CAMPO;Acessar a via sem observar a presença dos outros veículos;Colisão transversal;Sem Vítimas;Plena Noite;Crescente;Céu Claro;Simples;"Rotatória;Reta";Sim;6;0;0;0;6;0;0;2;-20,295544;-42,48012;SPRF-MG;DEL03-MG;UOP03-DEL03-MG
588134;18/03/2024;segunda-feira;13:00:00;RN;110;42;MOSSORO;Condutor deixou de manter distância do veículo da frente;Colisão traseira;Com Vítimas Feridas;Pleno dia;Decrescente;Céu Claro;Simples;Reta;Não;7;0;2;0;2;3;2;2;-5,17931909;-37,28785097;SPRF-RN;DEL04-RN;UOP01-DEL04-RN
588136;04/02/2024;domingo;14:50:00;RN;101;80,4;SAO GONCALO DO AMARANTE;Manobra de mudança de faixa;Colisão transversal;Com Vítimas Feridas;Pleno dia;Crescente;Sol;Dupla;"Rotatória;Interseção de Vias";Sim;3;0;1;1;1;0;2;3;-5,7630083;-35,28737068;SPRF-RN;DEL02-RN;UOP01-DEL02-RN
588139;24/01/2024;quarta-feira;08:00:00;RS;392;67;PELOTAS;Acessar a via sem observar a presença dos outros veículos;Colisão transversal;Com Vítimas Feridas;Pleno dia;Crescente;Céu Claro;Dupla;"Viaduto;Rotatória";Sim;2;0;0;1;1;0;1;2;-31,75685309;-52,40060091;SPRF-RS;DEL07-RS;UOP01-DEL07-RS
588140;18/03/2024;segunda-feira;13:05:00;RS;153;46,5;ERECHIM;Manobra de mudança de faixa;Colisão lateral mesmo sentido;Com Vítimas Feridas;Pleno dia;Decrescente;Céu Claro;Simples;Reta;Sim;2;0;1;0;1;0;1;2;-27,6394671;-52,24218389;SPRF-RS;DEL08-RS;UOP04-DEL08-RS
588141;02/03/2024;sábado;23:07:00;RS;471;661;SANTA VITORIA DO PALMAR;Pedestre andava na pista;Atropelamento de Pedestre;Com Vítimas Fatais;Plena Noite;Crescente;Nublado;Simples;"Interseção de Vias;Reta";Sim;2;1;0;0;1;0;0;2;-33,618935;-53,407661;SPRF-RS;DEL07-RS;UOP04-DEL07-RS
588148;17/03/2024;domingo;06:50:00;BA;324;535;CONCEICAO DO JACUIPE;Reação tardia ou ineficiente do condutor;Colisão traseira;Com Vítimas Feridas;Pleno dia;Decrescente;Céu Claro;Dupla;Reta;Sim;2;0;1;0;1;0;1;2;-12,35775097;-38,82802597;SPRF-BA;DEL01-BA;UOP03-DEL01-BA
588159;18/03/2024;segunda-feira;14:30:00;MG;153;44;MONTE ALEGRE DE MINAS;Reação tardia ou ineficiente do condutor;Saída de leito carroçável;Com Vítimas Feridas;Pleno dia;Crescente;Céu Claro;Dupla;"Curva;Aclive";Não;2;0;1;0;1;0;1;1;-18,77297399;-49,07332603;SPRF-MG;DEL15-MG;UOP03-DEL15-MG
588160;18/03/2024;segunda-feira;12:45:00;BA;407;7;JUAZEIRO;Entrada inopinada do pedestre;Atropelamento de Pedestre;Com Vítimas Feridas;Pleno dia;Crescente;Sol;Dupla;Interseção de Vias;Sim;2;0;0;1;1;0;1;2;-9,46406081;-40,48272061;SPRF-PE;DEL06-PE;UOP01-DEL06-PE
588164;12/03/2024;terça-feira;18:30:00;SC;282;4,5;SAO JOSE;Reação tardia ou ineficiente do condutor;Colisão lateral mesmo sentido;Com Vítimas Feridas;Anoitecer;Decrescente;Nublado;Múltipla;Reta;Sim;2;0;1;0;1;0;1;2;-27,592646;-48,604034;SPRF-SC;DEL01-SC;UOP01-DEL01-SC
588166;18/03/2024;segunda-feira;13:40:00;MG;116;496,4;INHAPIM;Reação tardia ou ineficiente do condutor;Tombamento;Com Vítimas Feridas;Pleno dia;Crescente;Sol;Simples;Curva;Não;1;0;1;0;0;0;1;1;-19,52772702;-42,12719586;SPRF-MG;DEL06-MG;UOP02-DEL06-MG
588168;18/03/2024;segunda-feira;15:15:00;PE;101;64;RECIFE;Demais falhas mecânicas ou elétricas;Tombamento;Com Vítimas Feridas;Pleno dia;Crescente;Céu Claro;Múltipla;Reta;Sim;2;0;2;0;0;0;2;1;-8,00800604;-34,93756535;SPRF-PE;DEL01-PE;UOP01-DEL01-PE
588169;18/03/2024;segunda-feira;14:40:00;PR;369;113;URAI;Demais falhas mecânicas ou elétricas;Saída de leito carroçável;Com Vítimas Fatais;Pleno dia;Decrescente;Céu Claro;Dupla;Curva;Não;2;1;0;0;0;1;0;2;-23,27910567;-50,84170103;SPRF-PR;DEL07-PR;UOP05-DEL07-PR
588171;12/01/2024;sexta-feira;22:00:00;RS;116;488;TURUCU;Demais falhas mecânicas ou elétricas;Saída de leito carroçável;Com Vítimas Feridas;Plena Noite;Crescente;Céu Claro;Simples;Reta;Não;2;0;1;0;1;0;1;1;-31,45150701;-52,20482999;SPRF-RS;DEL07-RS;UOP01-DEL07-RS
588172;08/01/2024;segunda-feira;08:01:00;RS;293;2;CAPAO DO LEAO;Acessar a via sem observar a presença dos outros veículos;Colisão transversal;Com Vítimas Feridas;Pleno dia;Crescente;Céu Claro;Simples;Rotatória;Sim;3;0;2;0;1;0;2;2;-31,76298328;-52,41851807;SPRF-RS;DEL07-RS;UOP01-DEL07-RS
588173;17/02/2024;sábado;03:15:00;AL;101;46,9;FLEXEIRAS;Condutor Dormindo;Colisão com objeto;Com Vítimas Feridas;Plena Noite;Crescente;Céu Claro;Dupla;Curva;Não;26;0;5;0;21;0;5;1;-9,20835728;-35,78500271;SPRF-AL;DEL01-AL;UOP02-DEL01-AL
588174;18/03/2024;segunda-feira;11:20:00;MT;70;518;VARZEA GRANDE;Ultrapassagem Indevida;Colisão lateral mesmo sentido;Com Vítimas Feridas;Pleno dia;Decrescente;Sol;Simples;"Aclive;Reta";Não;2;0;1;0;1;0;1;2;-15,69312018;-56,16794586;SPRF-MT;DEL01-MT;UOP02-DEL01-MT
588176;18/03/2024;segunda-feira;15:40:00;SP;116;166;JACAREI;Trafegar com motocicleta (ou similar) entre as faixas;Colisão traseira;Com Vítimas Feridas;Pleno dia;Crescente;Chuva;Dupla;Declive;Sim;2;0;1;0;1;0;1;2;-23,30055667;-46,01686506;SPRF-SP;DEL02-SP;UOP01-DEL02-SP
588177;12/02/2024;segunda-feira;19:00:00;RJ;101;487;ANGRA DOS REIS;Reação tardia ou ineficiente do condutor;Queda de ocupante de veículo;Com Vítimas Feridas;Plena Noite;Crescente;Céu Claro;Simples;Reta;Não;2;0;1;0;1;0;1;2;-22,96904245;-44,29853797;SPRF-RJ;DEL03-RJ;UOP03-DEL03-RJ
588179;18/03/2024;segunda-feira;11:00:00;RO;364;343;JI-PARANA;Acessar a via sem observar a presença dos outros veículos;Colisão transversal;Com Vítimas Feridas;Pleno dia;Decrescente;Sol;Dupla;"Retorno Regulamentado;Declive";Sim;3;0;3;0;0;0;3;2;-10,87878519;-61,94499012;SPRF-RO;DEL02-RO;UOP01-DEL02-RO
588180;18/03/2024;segunda-feira;15:25:00;SC;101;140;BALNEARIO CAMBORIU;Reação tardia ou ineficiente do condutor;Colisão com objeto;Com Vítimas Feridas;Pleno dia;Crescente;Céu Claro;Simples;Declive;Não;1;0;1;0;0;0;1;1;-27,03881189;-48,60025148;SPRF-SC;DEL04-SC;UOP03-DEL04-SC
588181;18/03/2024;segunda-feira;15:45:00;PR;277;111;CAMPO LARGO;Reação tardia ou ineficiente do condutor;Tombamento;Com Vítimas Feridas;Pleno dia;Crescente;Chuva;Dupla;"Reta;Aclive";Sim;1;0;1;0;0;0;1;1;-25,4464525;-49,4727117;SPRF-PR;DEL03-PR;UOP03-DEL03-PR
588183;18/03/2024;segunda-feira;16:00:00;PE;316;24;ARARIPINA;Entrada inopinada do pedestre;Atropelamento de Pedestre;Com Vítimas Feridas;Pleno dia;Crescente;Céu Claro;Simples;Reta;Sim;3;0;0;1;2;0;1;2;-7,588004;-40,49662;SPRF-PE;DEL05-PE;UOP02-DEL05-PE
588184;18/03/2024;segunda-feira;14:40:00;RN;304;74,9;MOSSORO;Demais falhas mecânicas ou elétricas;Colisão frontal;Com Vítimas Feridas;Pleno dia;Crescente;Sol;Simples;Reta;Não;7;0;4;3;0;0;7;3;-5,43028812;-37,20332515;SPRF-RN;DEL04-RN;UOP01-DEL04-RN
588185;18/03/2024;segunda-feira;16:00:00;GO;414;402,8;ABADIANIA;Velocidade Incompatível;Saída de leito carroçável;Com Vítimas Feridas;Pleno dia;Decrescente;Chuva;Simples;Curva;Não;3;0;1;1;1;0;2;1;-15,99146056;-48,83559539;SPRF-GO;DEL02-GO;UOP01-DEL02-GO
588186;18/03/2024;segunda-feira;17:00:00;CE;222;2,5;FORTALEZA;Manobra de mudança de faixa;Tombamento;Sem Vítimas;Pleno dia;Crescente;Céu Claro;Múltipla;Reta;Sim;3;0;0;0;3;0;0;3;-3,73911117;-38,58687498;SPRF-CE;DEL01-CE;UOP01-DEL01-CE
588189;18/03/2024;segunda-feira;15:22:00;PE;407;127;PETROLINA;Condutor desrespeitou a iluminação vermelha do semáforo;Colisão transversal;Com Vítimas Feridas;Pleno dia;Crescente;Sol;Simples;"Em Obras;Interseção de Vias";Sim;3;0;2;0;1;0;2;2;-9,3908678;-40,52038627;SPRF-PE;DEL06-PE;UOP01-DEL06-PE
588190;16/01/2024;terça-feira;18:15:00;RO;364;239,5;CACOAL;Demais falhas na via;Queda de ocupante de veículo;Com Vítimas Feridas;Pleno dia;Crescente;Céu Claro;Simples;Curva;Sim;2;0;0;1;1;0;1;1;-11,43401078;-61,46878481;SPRF-RO;DEL02-RO;UOP02-DEL02-RO
588193;18/03/2024;segunda-feira;16:30:00;ES;101;60,6;SAO MATEUS;Acesso irregular;Colisão lateral mesmo sentido;Com Vítimas Feridas;Anoitecer;Decrescente;Céu Claro;Simples;Reta;Sim;4;0;0;1;3;0;1;2;-18,67286757;-39,86626189;SPRF-ES;DEL04-ES;UOP02-DEL04-ES
588194;18/03/2024;segunda-feira;17:05:00;RN;110;49,2;MOSSORO;Manobra de mudança de faixa;Colisão traseira;Com Vítimas Feridas;Pleno dia;Crescente;Nublado;Dupla;Reta;Sim;2;0;0;1;1;0;1;2;-5,21645975;-37,32927128;SPRF-RN;DEL04-RN;UOP01-DEL04-RN
588195;18/03/2024;segunda-feira;17:23:00;SC;101;205;SAO JOSE;Ausência de reação do condutor;Colisão lateral mesmo sentido;Com Vítimas Feridas;Pleno dia;Crescente;Nublado;Dupla;Reta;Sim;2;0;1;0;1;0;1;2;-27,58313237;-48,61532885;SPRF-SC;DEL01-SC;UOP01-DEL01-SC
588196;18/03/2024;segunda-feira;17:45:00;SE;101;87;NOSSA SENHORA DO SOCORRO;Demais falhas mecânicas ou elétricas;Queda de ocupante de veículo;Com Vítimas Feridas;Anoitecer;Decrescente;Céu Claro;Dupla;Reta;Sim;2;0;2;0;0;0;2;1;-10,86174498;-37,13526579;SPRF-SE;DEL01-SE;UOP01-DEL01-SE
588197;18/03/2024;segunda-feira;14:35:00;PE;428;187,6;PETROLINA;Acessar a via sem observar a presença dos outros veículos;Colisão transversal;Com Vítimas Feridas;Pleno dia;Crescente;Céu Claro;Dupla;Reta;Sim;3;0;3;0;0;0;3;2;-9,35604301;-40,47854198;SPRF-PE;DEL06-PE;UOP01-DEL06-PE
588199;18/03/2024;segunda-feira;12:00:00;MT;163;629;NOVA MUTUM;Demais falhas mecânicas ou elétricas;Saída de leito carroçável;Sem Vítimas;Pleno dia;Decrescente;Céu Claro;Simples;Reta;Não;1;0;0;0;1;0;0;1;-13,655916;-56,03628006;SPRF-MT;DEL01-MT;UOP01-DEL01-MT
588200;18/03/2024;segunda-feira;17:50:00;RS;290;108;ELDORADO DO SUL;Desrespeitar a preferência no cruzamento;Colisão com objeto;Com Vítimas Feridas;Pleno dia;Crescente;Chuva;Simples;Rotatória;Sim;1;0;0;1;0;0;1;1;-30,006546;-51,312927;SPRF-RS;DEL02-RS;UOP01-DEL02-RS
588201;18/03/2024;segunda-feira;18:05:00;SP;116;220;GUARULHOS;Manobra de mudança de faixa;Colisão lateral mesmo sentido;Com Vítimas Feridas;Anoitecer;Crescente;Chuva;Múltipla;Reta;Sim;2;0;1;0;1;0;1;2;-23,46472809;-46,49793962;SPRF-SP;DEL01-SP;UOP01-DEL01-SP
588203;05/03/2024;terça-feira;21:10:00;PE;408;101,6;RECIFE;Demais falhas mecânicas ou elétricas;Incêndio;Sem Vítimas;Plena Noite;Decrescente;Céu Claro;Dupla;Declive;Não;1;0;0;0;0;1;0;1;-8,04710272;-35,00887967;SPRF-PE;DEL01-PE;UOP01-DEL01-PE
588205;18/03/2024;segunda-feira;07:10:00;SC;470;247,5;CURITIBANOS;Velocidade Incompatível;Saída de leito carroçável;Com Vítimas Feridas;Pleno dia;Decrescente;Céu Claro;Simples;"Interseção de Vias;Rotatória";Sim;2;0;2;0;0;0;2;1;-27,315269;-50,541786;SPRF-SC;DEL05-SC;UOP03-DEL05-SC
588206;18/03/2024;segunda-feira;18:15:00;MG;40;464,9;SETE LAGOAS;Pista Escorregadia;Saída de leito carroçável;Com Vítimas Feridas;Plena Noite;Decrescente;Chuva;Dupla;"Declive;Reta";Não;1;0;1;0;0;0;1;1;-19,43110896;-44,33657482;SPRF-MG;DEL02-MG;UOP01-DEL02-MG