id;data_inversa;dia_semana;horario;uf;br;km;municipio;causa_acidente;tipo_acidente;classificacao_acidente;fase_dia;sentido_via;condicao_metereologica;tipo_pista;tracado_via;uso_solo;pessoas;mortos;feridos_leves;feridos_graves;ilesos;ignorados;feridos;veiculos;latitude;longitude;regional;delegacia;uop
588207;18/03/2024;segunda-feira;17:50:00;MG;381;496;BETIM;Condutor deixou de manter distância do veículo da frente;Engavetamento;Com Vítimas Feridas;Pleno dia;Crescente;Céu Claro;Dupla;Reta;Sim;4;0;1;0;3;0;1;3;-19,99676497;-44,20958506;SPRF-MG;DEL01-MG;UOP03-DEL01-MG
588208;18/03/2024;segunda-feira;17:40:00;PE;101;46;IGARASSU;Condutor deixou de manter distância do veículo da frente;Engavetamento;Com Vítimas Feridas;Plena Noite;Crescente;Céu Claro;Múltipla;Reta;Sim;5;0;1;0;4;0;1;4;-7,87355263;-34,90627885;SPRF-PE;DEL01-PE;UOP02-DEL01-PE
588209;18/03/2024;segunda-feira;18:30:00;MG;381;830;SAO SEBASTIAO DA BELA VISTA;Demais falhas mecânicas ou elétricas;Tombamento;Com Vítimas Feridas;Anoitecer;Crescente;Nublado;Dupla;Reta;Não;2;0;1;0;1;0;1;1;-22,12108828;-45,76781988;SPRF-MG;DEL16-MG;UOP01-DEL16-MG
588210;18/03/2024;segunda-feira;18:20:00;RJ;393;282;VOLTA REDONDA;Acesso irregular;Colisão lateral sentido oposto;Sem Vítimas;Pleno dia;Crescente;Chuva;Simples;"Interseção de Vias;Reta";Sim;2;0;0;0;1;1;0;2;-22,48082784;-44,04047201;SPRF-RJ;DEL05-RJ;UOP04-DEL05-RJ
588211;18/03/2024;segunda-feira;17:40:00;SC;470;142;RIO DO SUL;Condutor deixou de manter distância do veículo da frente;Colisão traseira;Com Vítimas Feridas;Anoitecer;Decrescente;Céu Claro;Dupla;Reta;Sim;3;0;1;0;2;0;1;3;-27,229801;-49,6693;SPRF-SC;DEL04-SC;UOP02-DEL04-SC
588212;18/03/2024;segunda-feira;18:30:00;ES;101;268;SERRA;Condutor deixou de manter distância do veículo da frente;Colisão traseira;Com Vítimas Feridas;Anoitecer;Decrescente;Céu Claro;Dupla;Reta;Não;2;0;1;0;0;1;1;2;-20,20842;-40,269405;SPRF-ES;DEL02-ES;UOP01-DEL02-ES
588213;18/03/2024;segunda-feira;17:40:00;ES;101;298,3;VIANA;Trafegar com motocicleta (ou similar) entre as faixas;Colisão lateral mesmo sentido;Com Vítimas Feridas;Anoitecer;Decrescente;Céu Claro;Múltipla;Reta;Sim;2;0;0;1;1;0;1;2;-20,35374444;-40,4156433;SPRF-ES;DEL01-ES;UOP01-DEL01-ES
588215;18/03/2024;segunda-feira;19:00:00;MG;50;181,7;UBERABA;Animais na Pista;Atropelamento de Animal;Com Vítimas Feridas;Plena Noite;Decrescente;Céu Claro;Dupla;Reta;Sim;1;0;0;1;0;0;1;1;-19,785967;-47,916336;SPRF-MG;DEL13-MG;UOP01-DEL13-MG
588216;18/03/2024;segunda-feira;15:50:00;MS;163;113;ITAQUIRAI;Problema com o freio;Colisão com objeto;Sem Vítimas;Pleno dia;Crescente;Céu Claro;Dupla;Reta;Não;1;0;0;0;1;0;0;1;-23,17022102;-54,19924375;SPRF-MS;DEL09-MS;UOP01-DEL09-MS
588217;12/03/2024;terça-feira;19:00:00;MG;40;581,9;ITABIRITO;Conversão proibida;Colisão transversal;Com Vítimas Feridas;Plena Noite;Crescente;Céu Claro;Simples;Curva;Sim;3;0;1;0;2;0;1;2;-20,30234388;-43,93887077;SPRF-MG;DEL01-MG;UOP02-DEL01-MG
588219;18/03/2024;segunda-feira;17:25:00;SC;116;211,1;PONTE ALTA;Reação tardia ou ineficiente do condutor;Colisão com objeto;Com Vítimas Feridas;Pleno dia;Decrescente;Céu Claro;Simples;Curva;Não;1;0;0;1;0;0;1;1;-27,51040007;-50,36397936;SPRF-SC;DEL05-SC;UOP03-DEL05-SC
588221;18/03/2024;segunda-feira;17:30:00;MT;364;405;CUIABA;Manobra de mudança de faixa;Colisão lateral mesmo sentido;Com Vítimas Feridas;Pleno dia;Decrescente;Céu Claro;Dupla;"Reta;Rotatória";Sim;2;0;1;0;0;1;1;2;-15,64116212;-56,02166247;SPRF-MT;DEL01-MT;UOP02-DEL01-MT
588222;18/03/2024;segunda-feira;18:45:00;MG;381;486;BETIM;Trafegar com motocicleta (ou similar) entre as faixas;Colisão lateral mesmo sentido;Com Vítimas Feridas;Pleno dia;Crescente;Céu Claro;Dupla;Reta;Sim;2;0;0;1;1;0;1;2;-19,95644414;-44,13611598;SPRF-MG;DEL01-MG;UOP03-DEL01-MG
588223;18/03/2024;segunda-feira;18:35:00;PB;230;121,2;RIACHAO DO BACAMARTE;Manobra de mudança de faixa;Colisão transversal;Com Vítimas Feridas;Plena Noite;Crescente;Céu Claro;Dupla;Reta;Não;5;0;2;0;3;0;2;2;-7,246471;-35,657018;SPRF-PB;DEL02-PB;UOP01-DEL02-PB
588224;18/03/2024;segunda-feira;19:28:00;ES;101;268,5;SERRA;Manobra de mudança de faixa;Colisão lateral mesmo sentido;Com Vítimas Feridas;Plena Noite;Decrescente;Céu Claro;Múltipla;Reta;Sim;2;0;1;0;1;0;1;2;-20,20842;-40,269405;SPRF-ES;DEL02-ES;UOP01-DEL02-ES
588226;18/03/2024;segunda-feira;19:40:00;MG;459;29,5;CALDAS;Transitar na contramão;Colisão frontal;Com Vítimas Fatais;Plena Noite;Crescente;Céu Claro;Simples;Curva;Não;3;1;2;0;0;0;2;2;-21,90761345;-46,38092995;SPRF-MG;DEL09-MG;UOP01-DEL09-MG
588231;18/03/2024;segunda-feira;20:30:00;PR;116;121;CURITIBA;Velocidade Incompatível;Colisão lateral mesmo sentido;Com Vítimas Feridas;Plena Noite;Crescente;Nublado;Dupla;"Declive;Reta";Não;2;0;0;1;1;0;1;2;-25,59943892;-49,31733727;SPRF-PR;DEL01-PR;UOP03-DEL01-PR
588232;18/03/2024;segunda-feira;17:15:00;RJ;465;22;RIO DE JANEIRO;Trafegar com motocicleta (ou similar) entre as faixas;Colisão transversal;Com Vítimas Feridas;Pleno dia;Crescente;Céu Claro;Simples;Reta;Sim;2;0;1;0;1;0;1;2;-22,863579;-43,601479;SPRF-RJ;DEL03-RJ;UOP01-DEL03-RJ
588234;18/03/2024;segunda-feira;18:30:00;PE;101;52;PAULISTA;Curva acentuada;Colisão frontal;Com Vítimas Fatais;Plena Noite;Crescente;Céu Claro;Simples;Curva;Sim;2;1;0;1;0;0;1;1;-7,92358799;-34,89607201;SPRF-PE;DEL01-PE;UOP02-DEL01-PE
588235;18/03/2024;segunda-feira;17:45:00;SC;101;43,9;JOINVILLE;Desrespeitar a preferência no cruzamento;Colisão transversal;Com Vítimas Feridas;Anoitecer;Crescente;Nublado;Simples;Interseção de Vias;Não;2;0;1;0;1;0;1;2;-26,31238996;-48,87458997;SPRF-SC;DEL03-SC;UOP01-DEL03-SC
588237;18/03/2024;segunda-feira;11:45:00;SC;470;5;NAVEGANTES;Transitar no Acostamento;Colisão transversal;Com Vítimas Feridas;Pleno dia;Decrescente;Nublado;Simples;Interseção de Vias;Não;3;0;2;0;1;0;2;2;-26,855688;-48,700333;SPRF-SC;DEL04-SC;UOP04-DEL04-SC
588240;18/03/2024;segunda-feira;20:30:00;MG;40;497;ESMERALDAS;Animais na Pista;Atropelamento de Animal;Com Vítimas Feridas;Plena Noite;Crescente;Chuva;Dupla;"Reta;Aclive";Sim;3;0;1;0;2;0;1;2;-19,67802022;-44,18830216;SPRF-MG;DEL02-MG;UOP01-DEL02-MG
588241;18/03/2024;segunda-feira;20:26:00;CE;0;0;CHOROZINHO;Ingestão de álcool pelo condutor;Colisão lateral sentido oposto;Sem Vítimas;Plena Noite;Não Informado;Nublado;Simples;Reta;Sim;2;0;0;0;2;0;0;2;-4,33249129;-38,48143816;SPRF-CE;DEL03-CE;UOP02-DEL03-CE
588242;18/03/2024;segunda-feira;19:30:00;MG;365;591,5;ARAGUARI;Demais falhas mecânicas ou elétricas;Incêndio;Sem Vítimas;Plena Noite;Decrescente;Céu Claro;Simples;"Aclive;Reta";Não;1;0;0;0;1;0;0;1;-18,88151863;-48,05235386;SPRF-MG;DEL15-MG;UOP02-DEL15-MG
588244;18/03/2024;segunda-feira;20:20:00;PR;277;94;CURITIBA;Ausência de reação do condutor;Colisão transversal;Com Vítimas Feridas;Plena Noite;Crescente;Céu Claro;Dupla;Reta;Sim;2;0;2;0;0;0;2;2;-25,4307151;-49,32631195;SPRF-PR;DEL01-PR;UOP06-DEL01-PR
588245;18/03/2024;segunda-feira;20:00:00;RJ;101;506;ANGRA DOS REIS;Demais falhas mecânicas ou elétricas;Incêndio;Sem Vítimas;Plena Noite;Crescente;Chuva;Simples;Reta;Não;1;0;0;0;1;0;0;1;-22,93493041;-44,40487313;SPRF-RJ;DEL03-RJ;UOP03-DEL03-RJ
588246;18/03/2024;segunda-feira;15:40:00;RJ;465;6;SEROPEDICA;Ultrapassagem Indevida;Colisão transversal;Com Vítimas Feridas;Pleno dia;Decrescente;Céu Claro;Dupla;Reta;Não;2;0;1;0;1;0;1;2;-22,754314;-43,692879;SPRF-RJ;DEL06-RJ;UOP02-DEL06-RJ
588247;18/03/2024;segunda-feira;19:15:00;MS;163;517;JARAGUARI;Avarias e/ou desgaste excessivo no pneu;Saída de leito carroçável;Com Vítimas Feridas;Plena Noite;Crescente;Céu Claro;Dupla;Reta;Não;2;0;2;0;0;0;2;1;-20,18628579;-54,4576544;SPRF-MS;DEL01-MS;UOP02-DEL01-MS
588248;10/03/2024;domingo;22:10:00;PR;163;308;MERCEDES;Acessar a via sem observar a presença dos outros veículos;Eventos atípicos;Com Vítimas Feridas;Plena Noite;Decrescente;Céu Claro;Simples;Reta;Não;2;0;1;0;1;0;1;1;-24,4032992;-54,1567426;SPRF-PR;DEL06-PR;UOP02-DEL06-PR
588249;18/03/2024;segunda-feira;18:30:00;MG;40;674,5;CARANDAI;Condutor Dormindo;Saída de leito carroçável;Com Vítimas Feridas;Plena Noite;Crescente;Nublado;Simples;Reta;Não;2;0;2;0;0;0;2;1;-21,0081664;-43,7820174;SPRF-MG;DEL05-MG;UOP02-DEL05-MG
588250;18/03/2024;segunda-feira;21:00:00;MG;40;789,1;JUIZ DE FORA;Acessar a via sem observar a presença dos outros veículos;Colisão transversal;Com Vítimas Feridas;Plena Noite;Crescente;Céu Claro;Dupla;"Reta;Retorno Regulamentado";Não;2;0;2;0;0;0;2;2;-21,75969297;-43,44077628;SPRF-MG;DEL05-MG;UOP01-DEL05-MG
588251;18/03/2024;segunda-feira;17:30:00;PI;343;457,4;SAO PEDRO DO PIAUI;Reação tardia ou ineficiente do condutor;Saída de leito carroçável;Com Vítimas Feridas;Pleno dia;Crescente;Chuva;Simples;Reta;Não;2;0;2;0;0;0;2;1;-5,96172;-42,728764;SPRF-PI;DEL01-PI;UOP02-DEL01-PI
588252;18/03/2024;segunda-feira;18:00:00;RJ;101;21;CAMPOS DOS GOYTACAZES;Iluminação deficiente;Colisão lateral mesmo sentido;Com Vítimas Feridas;Anoitecer;Crescente;Céu Claro;Simples;"Reta;Aclive";Não;2;0;0;1;1;0;1;2;-21,39099193;-41,34415107;SPRF-RJ;DEL08-RJ;UOP01-DEL08-RJ
588253;18/03/2024;segunda-feira;22:05:00;SP;116;221;GUARULHOS;Reação tardia ou ineficiente do condutor;Colisão lateral mesmo sentido;Com Vítimas Feridas;Plena Noite;Crescente;Vento;Múltipla;Reta;Sim;3;0;1;0;2;0;1;2;-23,46802395;-46,50704901;SPRF-SP;DEL01-SP;UOP01-DEL01-SP
588255;18/03/2024;segunda-feira;19:30:00;RJ;116;196;QUEIMADOS;Pedestre cruzava a pista fora da faixa;Atropelamento de Pedestre;Com Vítimas Feridas;Plena Noite;Crescente;Nublado;Dupla;Reta;Não;2;0;1;0;1;0;1;2;-22,73336575;-43,55659479;SPRF-RJ;DEL06-RJ;UOP01-DEL06-RJ
588256;18/03/2024;segunda-feira;21:30:00;PR;116;211;RIO NEGRO;Ingestão de álcool pelo condutor;Colisão transversal;Com Vítimas Feridas;Plena Noite;Decrescente;Céu Claro;Simples;Reta;Sim;3;0;2;0;1;0;2;2;-26,07980928;-49,76934983;SPRF-SC;DEL06-SC;UOP01-DEL06-SC
588260;18/03/2024;segunda-feira;20:30:00;MG;262;42,1;MANHUACU;Transitar na contramão;Colisão frontal;Com Vítimas Fatais;Plena Noite;Crescente;Chuva;Simples;Curva;Não;3;1;2;0;0;0;2;2;-20,26976316;-42,06894006;SPRF-MG;DEL06-MG;UOP03-DEL06-MG
588261;18/03/2024;segunda-feira;21:00:00;RJ;356;20;ITAPERUNA;Velocidade Incompatível;Colisão traseira;Com Vítimas Feridas;Plena Noite;Decrescente;Céu Claro;Simples;Reta;Não;3;0;2;0;1;0;2;2;-21,17557977;-42,01087805;SPRF-RJ;DEL08-RJ;UOP03-DEL08-RJ
588262;18/03/2024;segunda-feira;23:00:00;SC;101;322;PESCARIA BRAVA;Objeto estático sobre o leito carroçável;Colisão com objeto;Com Vítimas Feridas;Plena Noite;Decrescente;Céu Claro;Dupla;Reta;Não;1;0;1;0;0;0;1;1;-28,42491971;-48,90238108;SPRF-SC;DEL02-SC;UOP01-DEL02-SC
588263;18/03/2024;segunda-feira;23:00:00;PR;376;188;MARIALVA;Ingestão de álcool pelo condutor;Colisão traseira;Com Vítimas Feridas;Plena Noite;Crescente;Céu Claro;Dupla;Reta;Não;2;0;1;0;1;0;1;2;-23,46634923;-51,82808011;SPRF-PR;DEL09-PR;UOP01-DEL09-PR
588265;08/02/2024;quinta-feira;04:30:00;BA;116;413;FEIRA DE SANTANA;Animais na Pista;Atropelamento de Animal;Com Vítimas Feridas;Amanhecer;Decrescente;Céu Claro;Dupla;Reta;Não;2;0;1;0;1;0;1;1;-12,14246805;-38,96658117;SPRF-BA;DEL02-BA;UOP01-DEL02-BA
588267;19/03/2024;terça-feira;01:00:00;GO;60;96,4;ANAPOLIS;Chuva;Colisão com objeto;Sem Vítimas;Plena Noite;Decrescente;Chuva;Dupla;Reta;Sim;1;0;0;0;0;1;0;1;-16,373075;-48,944123;SPRF-GO;DEL02-GO;UOP01-DEL02-GO
588268;19/03/2024;terça-feira;00:05:00;SC;101;113,3;ITAJAI;Ausência de reação do condutor;Colisão traseira;Sem Vítimas;Plena Noite;Crescente;Nublado;Dupla;Curva;Não;2;0;0;0;2;0;0;2;-26,85311393;-48,72689927;SPRF-SC;DEL04-SC;UOP04-DEL04-SC
588270;19/03/2024;terça-feira;01:20:00;MG;365;771;ITUIUTABA;Ausência de reação do condutor;Saída de leito carroçável;Com Vítimas Feridas;Plena Noite;Crescente;Céu Claro;Simples;Reta;Não;1;0;1;0;0;0;1;1;-18,96099683;-49,62478599;SPRF-MG;DEL15-MG;UOP03-DEL15-MG
588271;19/03/2024;terça-feira;01:00:00;SC;101;372,7;ICARA;Ausência de reação do condutor;Saída de leito carroçável;Com Vítimas Feridas;Plena Noite;Crescente;Céu Claro;Dupla;Reta;Não;1;0;1;0;0;0;1;1;-28,70864509;-49,20924696;SPRF-SC;DEL02-SC;UOP01-DEL02-SC
588273;19/03/2024;terça-feira;05:50:00;PB;101;99;CONDE;Transitar na contramão;Colisão frontal;Com Vítimas Feridas;Pleno dia;Decrescente;Céu Claro;Dupla;Reta;Sim;2;0;0;1;1;0;1;2;-7,27202509;-34,93763924;SPRF-PB;DEL01-PB;UOP02-DEL01-PB
588274;19/03/2024;terça-feira;06:12:00;PB;230;15;CABEDELO;Ausência de reação do condutor;Tombamento;Com Vítimas Feridas;Pleno dia;Decrescente;Sol;Dupla;"Declive;Reta";Não;1;0;1;0;0;0;1;1;-7,093;-34,8482;SPRF-PB;DEL01-PB;UOP01-DEL01-PB
588277;19/03/2024;terça-feira;07:20:00;PB;230;13,7;CABEDELO;Condutor deixou de manter distância do veículo da frente;Tombamento;Com Vítimas Feridas;Pleno dia;Decrescente;Sol;Dupla;Reta;Sim;1;0;1;0;0;0;1;1;-7,0844;-34,8488;SPRF-PB;DEL01-PB;UOP01-DEL01-PB
588278;19/03/2024;terça-feira;07:10:00;PR;277;730,5;FOZ DO IGUACU;Trafegar com motocicleta (ou similar) entre as faixas;Colisão lateral mesmo sentido;Com Vítimas Feridas;Pleno dia;Crescente;Céu Claro;Simples;Reta;Sim;3;0;1;0;1;1;1;2;-25,50950181;-54,59939539;SPRF-PR;DEL05-PR;UOP03-DEL05-PR
588280;19/03/2024;terça-feira;07:32:00;PR;116;124;CURITIBA;Trafegar com motocicleta (ou similar) entre as faixas;Colisão lateral mesmo sentido;Com Vítimas Feridas;Pleno dia;Decrescente;Nublado;Dupla;Reta;Não;3;0;2;0;1;0;2;2;-25,58620703;-49,31436887;SPRF-PR;DEL01-PR;UOP03-DEL01-PR
588282;19/03/2024;terça-feira;05:15:00;PR;376;596;CURITIBA;Ausência de reação do condutor;Saída de leito carroçável;Com Vítimas Feridas;Amanhecer;Crescente;Céu Claro;Dupla;Interseção de Vias;Não;1;0;1;0;0;0;1;1;-25,50194708;-49,3415524;SPRF-PR;DEL01-PR;UOP06-DEL01-PR
588283;19/03/2024;terça-feira;07:30:00;GO;40;6;VALPARAISO DE GOIAS;Ausência de reação do condutor;Colisão traseira;Sem Vítimas;Pleno dia;Crescente;Céu Claro;Dupla;Reta;Sim;2;0;0;0;2;0;0;2;-16,105717;-47,973914;SPRF-DF;DEL01-DF;UOP01-DEL01-DF
588284;19/03/2024;terça-feira;07:04:00;SC;101;202;SAO JOSE;Acessar a via sem observar a presença dos outros veículos;Colisão lateral mesmo sentido;Com Vítimas Feridas;Pleno dia;Crescente;Céu Claro;Múltipla;Reta;Sim;2;0;1;0;0;1;1;2;-27,55711595;-48,61897889;SPRF-SC;DEL01-SC;UOP01-DEL01-SC
588289;19/03/2024;terça-feira;07:50:00;BA;242;796;BARREIRAS;Condutor deixou de manter distância do veículo da frente;Colisão traseira;Com Vítimas Feridas;Pleno dia;Crescente;Céu Claro;Simples;Reta;Sim;2;0;1;0;1;0;1;2;-12,12818576;-45,02112996;SPRF-BA;DEL10-BA;UOP01-DEL10-BA
588291;19/03/2024;terça-feira;07:05:00;RS;116;517;PELOTAS;Ausência de reação do condutor;Atropelamento de Pedestre;Com Vítimas Feridas;Pleno dia;Decrescente;Chuva;Dupla;"Viaduto;Interseção de Vias";Sim;2;0;0;1;0;1;1;2;-31,67908686;-52,34256731;SPRF-RS;DEL07-RS;UOP01-DEL07-RS
588292;11/03/2024;segunda-feira;19:15:00;BA;110;278,7;INHAMBUPE;Transitar na contramão;Colisão frontal;Com Vítimas Feridas;Plena Noite;Decrescente;Céu Claro;Simples;Reta;Não;2;0;1;0;1;0;1;2;-11,6744979;-38,31183625;SPRF-BA;DEL01-BA;UOP04-DEL01-BA
588293;19/03/2024;terça-feira;08:17:00;DF;60;4,1;BRASILIA;Trafegar com motocicleta (ou similar) entre as faixas;Colisão lateral mesmo sentido;Com Vítimas Feridas;Pleno dia;Decrescente;Céu Claro;Dupla;Reta;Sim;1;0;0;1;0;0;1;1;-15,892721;-48,095741;SPRF-DF;DEL03-DF;UOP01-DEL03-DF
588294;19/03/2024;terça-feira;08:30:00;GO;153;503,4;GOIANIA;Condutor deixou de manter distância do veículo da frente;Colisão traseira;Sem Vítimas;Pleno dia;Decrescente;Céu Claro;Múltipla;Reta;Não;2;0;0;0;2;0;0;2;-16,72617923;-49,24093908;SPRF-GO;DEL01-GO;UOP01-DEL01-GO
588295;19/03/2024;terça-feira;07:50:00;PR;476;343;PAULA FREITAS;Ausência de reação do condutor;Colisão transversal;Com Vítimas Feridas;Amanhecer;Decrescente;Chuva;Simples;Curva;Não;3;0;1;0;2;0;1;2;-26,176411;-50,91721;SPRF-PR;DEL02-PR;UOP03-DEL02-PR
588296;19/03/2024;terça-feira;08:10:00;PE;101;56,8;RECIFE;Acesso irregular;Colisão transversal;Com Vítimas Feridas;Pleno dia;Decrescente;Céu Claro;Dupla;"Retorno Regulamentado;Curva";Sim;2;0;1;0;1;0;1;2;-7,9554509;-34,91140727;SPRF-PE;DEL01-PE;UOP02-DEL01-PE
588297;19/03/2024;terça-feira;06:36:00;MT;364;204;RONDONOPOLIS;Reação tardia ou ineficiente do condutor;Tombamento;Com Vítimas Feridas;Pleno dia;Decrescente;Céu Claro;Dupla;Reta;Não;1;0;1;0;0;0;1;1;-16,467325;-54,657196;SPRF-MT;DEL02-MT;UOP01-DEL02-MT
588298;19/03/2024;terça-feira;06:00:00;RJ;116;148;DUQUE DE CAXIAS;Manobra de mudança de faixa;Colisão transversal;Com Vítimas Feridas;Amanhecer;Decrescente;Céu Claro;Dupla;"Reta;Interseção de Vias";Sim;2;0;1;0;1;0;1;2;-22,67239;-43,28137;SPRF-RJ;DEL01-RJ;UOP02-DEL01-RJ
588299;18/03/2024;segunda-feira;21:30:00;RO;364;410;JARU;Demais falhas mecânicas ou elétricas;Incêndio;Sem Vítimas;Plena Noite;Decrescente;Nublado;Simples;Curva;Não;1;0;0;0;0;1;0;1;-10,532781;-62,398327;SPRF-RO;DEL03-RO;UOP02-DEL03-RO
588300;18/02/2024;domingo;21:00:00;SC;470;65;INDAIAL;Acessar a via sem observar a presença dos outros veículos;Colisão traseira;Sem Vítimas;Plena Noite;Crescente;Nublado;Simples;Reta;Não;3;0;0;0;3;0;0;3;-26,87029988;-49,21146512;SPRF-SC;DEL04-SC;UOP01-DEL04-SC
588301;28/01/2024;domingo;02:30:00;PR;153;17;JACAREZINHO;Transitar na contramão;Colisão lateral sentido oposto;Com Vítimas Feridas;Plena Noite;Decrescente;Céu Claro;Simples;Reta;Não;2;0;0;1;1;0;1;2;-23,135487;-49,9450358;SPRF-PR;DEL07-PR;UOP04-DEL07-PR
588305;09/02/2024;sexta-feira;19:20:00;ES;101;149,2;LINHARES;Condutor desrespeitou a iluminação vermelha do semáforo;Colisão transversal;Com Vítimas Feridas;Anoitecer;Decrescente;Céu Claro;Dupla;"Reta;Interseção de Vias";Sim;5;0;1;2;2;0;3;3;-19,39619083;-40,06435871;SPRF-ES;DEL04-ES;UOP01-DEL04-ES
588317;03/03/2024;domingo;07:00:00;MG;365;623;UBERLANDIA;Pista esburacada;Tombamento;Com Vítimas Feridas;Pleno dia;Crescente;Ignorado;Dupla;Reta;Sim;1;0;0;1;0;0;1;1;-18,90441888;-48,28559875;SPRF-MG;DEL15-MG;UOP01-DEL15-MG
588318;19/03/2024;terça-feira;10:45:00;GO;60;94;ANAPOLIS;Ausência de reação do condutor;Tombamento;Com Vítimas Feridas;Pleno dia;Crescente;Céu Claro;Dupla;"Declive;Reta";Sim;1;0;1;0;0;0;1;1;-16,3611;-48,9328;SPRF-GO;DEL02-GO;UOP01-DEL02-GO
588319;19/03/2024;terça-feira;09:35:00;MG;116;137;ITAOBIM;Reação tardia ou ineficiente do condutor;Colisão transversal;Com Vítimas Feridas;Pleno dia;Decrescente;Céu Claro;Simples;Reta;Sim;2;0;1;0;0;1;1;2;-16,74953496;-41,50421089;SPRF-MG;DEL11-MG;UOP02-DEL11-MG
588321;19/03/2024;terça-feira;09:00:00;SP;488;0;APARECIDA;Problema com o freio;Colisão traseira;Sem Vítimas;Pleno dia;Crescente;Céu Claro;Simples;Interseção de Vias;Não;3;0;0;0;3;0;0;2;-22,85856;-45,233116;SPRF-SP;DEL08-SP;UOP01-DEL08-SP
588322;15/03/2024;sexta-feira;06:50:00;PR;369;186,5;ARAPONGAS;Condutor deixou de manter distância do veículo da frente;Colisão lateral mesmo sentido;Com Vítimas Feridas;Pleno dia;Decrescente;Céu Claro;Simples;Interseção de Vias;Sim;3;0;1;0;2;0;1;2;-23,419951;-51,425349;SPRF-PR;DEL07-PR;UOP03-DEL07-PR
588324;19/03/2024;terça-feira;11:38:00;DF;20;13,5;BRASILIA;Condutor deixou de manter distância do veículo da frente;Colisão traseira;Sem Vítimas;Pleno dia;Crescente;Céu Claro;Dupla;Reta;Sim;2;0;0;0;2;0;0;2;-15,638752;-47,749599;SPRF-DF;DEL02-DF;UOP01-DEL02-DF
588327;19/03/2024;terça-feira;11:45:00;MG;116;767;LEOPOLDINA;Ausência de reação do condutor;Colisão lateral mesmo sentido;Com Vítimas Feridas;Pleno dia;Crescente;Céu Claro;Simples;Curva;Não;2;0;1;0;1;0;1;2;-21,5356551;-42,65610863;SPRF-MG;DEL07-MG;UOP01-DEL07-MG
588328;19/03/2024;terça-feira;10:00:00;MS;163;614;SAO GABRIEL DO OESTE;Ausência de reação do condutor;Colisão frontal;Com Vítimas Feridas;Pleno dia;Crescente;Nublado;Simples;Reta;Sim;3;0;1;0;2;0;1;2;-19,40628803;-54,56100005;SPRF-MS;DEL06-MS;UOP02-DEL06-MS
588329;19/03/2024;terça-feira;10:40:00;MS;163;680;RIO VERDE DE MATO GROSSO;Desrespeitar a preferência no cruzamento;Colisão lateral mesmo sentido;Com Vítimas Feridas;Pleno dia;Crescente;Céu Claro;Simples;"Reta;Rotatória";Sim;2;0;0;1;1;0;1;2;-18,92417173;-54,83538529;SPRF-MS;DEL06-MS;UOP02-DEL06-MS
588330;19/03/2024;terça-feira;11:53:00;ES;101;125;SOORETAMA;Transitar na contramão;Colisão transversal;Com Vítimas Feridas;Pleno dia;Crescente;Céu Claro;Dupla;Interseção de Vias;Sim;2;0;1;0;1;0;1;2;-19,18496498;-40,09429827;SPRF-ES;DEL04-ES;UOP01-DEL04-ES
588332;19/03/2024;terça-feira;10:55:00;PR;116;110;CURITIBA;Demais falhas mecânicas ou elétricas;Incêndio;Sem Vítimas;Pleno dia;Crescente;Céu Claro;Múltipla;Reta;Sim;1;0;0;0;1;0;0;1;-25,560997;-49,262746;SPRF-PR;DEL01-PR;UOP07-DEL01-PR
588333;19/03/2024;terça-feira;12:25:00;SP;116;165;JACAREI;Mal súbito do condutor;Tombamento;Com Vítimas Feridas;Pleno dia;Decrescente;Céu Claro;Múltipla;Declive;Não;2;0;2;0;0;0;2;1;-23,29691791;-46,00798704;SPRF-SP;DEL02-SP;UOP01-DEL02-SP
588335;04/02/2024;domingo;17:10:00;BA;324;514;FEIRA DE SANTANA;Conversão proibida;Colisão transversal;Com Vítimas Feridas;Pleno dia;Crescente;Céu Claro;Simples;Interseção de Vias;Sim;2;0;0;1;1;0;1;2;-12,23229233;-38,95215305;SPRF-BA;DEL02-BA;UOP01-DEL02-BA
588336;19/03/2024;terça-feira;08:57:00;BA;101;52;ENTRE RIOS;Condutor Dormindo;Saída de leito carroçável;Com Vítimas Feridas;Pleno dia;Decrescente;Céu Claro;Dupla;Reta;Não;1;0;1;0;0;0;1;1;-11,88304;-38,01352;SPRF-BA;DEL01-BA;UOP04-DEL01-BA
588337;19/03/2024;terça-feira;12:40:00;SC;101;132,3;BALNEARIO CAMBORIU;Transitar na contramão;Colisão transversal;Com Vítimas Feridas;Pleno dia;Decrescente;Nublado;Múltipla;Reta;Sim;2;0;1;0;1;0;1;2;-26,99654133;-48,65564711;SPRF-SC;DEL04-SC;UOP03-DEL04-SC
588338;04/02/2024;domingo;19:55:00;RN;406;6,5;MACAU;Ausência de reação do condutor;Colisão traseira;Com Vítimas Feridas;Plena Noite;Crescente;Céu Claro;Simples;Reta;Não;2;0;0;1;1;0;1;2;-5,154483;-36,586954;SPRF-RN;DEL02-RN;UOP01-DEL02-RN
588339;19/03/2024;terça-feira;12:35:00;RJ;465;6;SEROPEDICA;Condutor deixou de manter distância do veículo da frente;Colisão lateral mesmo sentido;Com Vítimas Feridas;Pleno dia;Crescente;Céu Claro;Simples;Reta;Não;1;0;0;1;0;0;1;1;-22,754314;-43,692879;SPRF-RJ;DEL06-RJ;UOP02-DEL06-RJ