id;data_inversa;dia_semana;horario;uf;br;km;municipio;causa_acidente;tipo_acidente;classificacao_acidente;fase_dia;sentido_via;condicao_metereologica;tipo_pista;tracado_via;uso_solo;pessoas;mortos;feridos_leves;feridos_graves;ilesos;ignorados;feridos;veiculos;latitude;longitude;regional;delegacia;uop
588478;20/03/2024;quarta-feira;06:40:00;BA;116;423,2;FEIRA DE SANTANA;Reação tardia ou ineficiente do condutor;Colisão traseira;Com Vítimas Feridas;Pleno dia;Decrescente;Céu Claro;Simples;"Reta;Aclive;Desvio Temporário";Sim;3;0;2;0;0;1;2;2;-12,2326;-38,9726;SPRF-BA;DEL02-BA;UOP01-DEL02-BA
588480;20/03/2024;quarta-feira;06:30:00;MG;40;525;CONTAGEM;Estacionar ou parar em local proibido;Eventos atípicos;Com Vítimas Feridas;Pleno dia;Crescente;Céu Claro;Dupla;"Interseção de Vias;Reta;Retorno Regulamentado";Sim;2;0;0;1;1;0;1;2;-19,88361702;-44,05039336;SPRF-MG;DEL01-MG;UOP02-DEL01-MG
588481;20/03/2024;quarta-feira;07:00:00;BA;324;624;SALVADOR;Condutor deixou de manter distância do veículo da frente;Colisão traseira;Com Vítimas Feridas;Pleno dia;Crescente;Céu Claro;Múltipla;Reta;Não;4;0;1;0;3;0;1;3;-12,933839;-38,47190701;SPRF-BA;DEL01-BA;UOP01-DEL01-BA
588486;20/03/2024;quarta-feira;06:30:00;PI;343;1,5;TERESINA;Ingestão de álcool pelo condutor;Colisão traseira;Sem Vítimas;Pleno dia;Crescente;Nublado;Dupla;Reta;Sim;2;0;0;0;2;0;0;2;-5,08104839;-42,76352048;SPRF-PI;DEL01-PI;UOP01-DEL01-PI
588487;20/03/2024;quarta-feira;06:30:00;BA;101;742;ITABELA;Acessar a via sem observar a presença dos outros veículos;Colisão transversal;Com Vítimas Feridas;Pleno dia;Crescente;Céu Claro;Simples;Curva;Não;2;0;1;0;1;0;1;2;-16,70807721;-39,4602152;SPRF-BA;DEL09-BA;UOP01-DEL09-BA
588489;20/03/2024;quarta-feira;07:10:00;BA;242;410;SEABRA;Demais falhas mecânicas ou elétricas;Tombamento;Com Vítimas Feridas;Pleno dia;Crescente;Sol;Simples;Reta;Não;2;0;2;0;0;0;2;1;-12,45619;-41,74967;SPRF-BA;DEL06-BA;UOP01-DEL06-BA
588492;05/02/2024;segunda-feira;06:31:00;RN;304;40,9;MOSSORO;Ausência de reação do condutor;Colisão lateral mesmo sentido;Com Vítimas Feridas;Pleno dia;Crescente;Céu Claro;Dupla;Reta;Não;2;0;0;1;1;0;1;2;-5,196199;-37,3785;SPRF-RN;DEL04-RN;UOP01-DEL04-RN
588493;20/03/2024;quarta-feira;08:10:00;RJ;116;188;NOVA IGUACU;Demais falhas mecânicas ou elétricas;Queda de ocupante de veículo;Com Vítimas Feridas;Pleno dia;Decrescente;Céu Claro;Dupla;Reta;Sim;2;0;2;0;0;0;2;1;-22,7380709;-43,48213999;SPRF-RJ;DEL06-RJ;UOP01-DEL06-RJ
588494;20/03/2024;quarta-feira;07:50:00;PE;101;63,9;RECIFE;Acessar a via sem observar a presença dos outros veículos;Colisão lateral mesmo sentido;Com Vítimas Feridas;Pleno dia;Crescente;Céu Claro;Dupla;"Interseção de Vias;Reta";Sim;3;0;2;0;1;0;2;2;-8,015657;-34,940253;SPRF-PE;DEL01-PE;UOP01-DEL01-PE
588495;20/03/2024;quarta-feira;06:30:00;BA;324;625;SALVADOR;Condutor deixou de manter distância do veículo da frente;Queda de ocupante de veículo;Com Vítimas Feridas;Pleno dia;Crescente;Céu Claro;Dupla;Reta;Sim;5;0;3;0;2;0;3;4;-12,94194706;-38,47081224;SPRF-BA;DEL01-BA;UOP01-DEL01-BA
588496;20/03/2024;quarta-feira;08:10:00;SC;101;201,1;SAO JOSE;Manobra de mudança de faixa;Tombamento;Com Vítimas Feridas;Pleno dia;Crescente;Nublado;Múltipla;Reta;Sim;2;0;1;0;1;0;1;2;-27,54836599;-48,61977975;SPRF-SC;DEL01-SC;UOP01-DEL01-SC
588499;20/03/2024;quarta-feira;07:50:00;SP;116;74,8;APARECIDA;Acessar a via sem observar a presença dos outros veículos;Colisão transversal;Com Vítimas Feridas;Pleno dia;Crescente;Nublado;Dupla;Retorno Regulamentado;Sim;2;0;1;0;1;0;1;2;-22,87353809;-45,25320023;SPRF-SP;DEL08-SP;UOP01-DEL08-SP
588500;09/02/2024;sexta-feira;15:30:00;MG;365;414,9;PATOS DE MINAS;Acumulo de água sobre o pavimento;Colisão frontal;Com Vítimas Feridas;Pleno dia;Crescente;Chuva;Simples;Curva;Não;4;0;2;1;1;0;3;2;-18,67838606;-46,55249299;SPRF-MG;DEL10-MG;UOP01-DEL10-MG
588501;20/03/2024;quarta-feira;07:55:00;PE;407;126;PETROLINA;Acessar a via sem observar a presença dos outros veículos;Colisão lateral mesmo sentido;Com Vítimas Feridas;Pleno dia;Decrescente;Céu Claro;Simples;"Em Obras;Interseção de Vias;Curva;Rotatória";Sim;3;0;1;0;2;0;1;2;-9,38491309;-40,52809509;SPRF-PE;DEL06-PE;UOP01-DEL06-PE
588502;20/03/2024;quarta-feira;07:50:00;DF;20;8;BRASILIA;Acessar a via sem observar a presença dos outros veículos;Colisão lateral mesmo sentido;Com Vítimas Feridas;Pleno dia;Decrescente;Nublado;Simples;Reta;Sim;2;0;1;0;1;0;1;2;-15,658386;-47,791534;SPRF-DF;DEL02-DF;UOP01-DEL02-DF
588503;20/03/2024;quarta-feira;08:15:00;MG;381;480,6;CONTAGEM;Velocidade Incompatível;Colisão traseira;Com Vítimas Feridas;Pleno dia;Crescente;Céu Claro;Dupla;Reta;Sim;2;0;1;0;1;0;1;2;-19,95749597;-44,07899901;SPRF-MG;DEL01-MG;UOP03-DEL01-MG
588506;20/03/2024;quarta-feira;07:28:00;CE;222;4;CAUCAIA;Condutor deixou de manter distância do veículo da frente;Colisão traseira;Sem Vítimas;Pleno dia;Crescente;Nublado;Dupla;Reta;Sim;2;0;0;0;1;1;0;2;-3,74164754;-38,60449792;SPRF-CE;DEL01-CE;UOP01-DEL01-CE
588507;20/03/2024;quarta-feira;04:45:00;RO;435;77;COLORADO DO OESTE;Reação tardia ou ineficiente do condutor;Tombamento;Com Vítimas Feridas;Amanhecer;Decrescente;Céu Claro;Simples;Reta;Não;2;0;1;0;1;0;1;1;-13,10900126;-60,46158606;SPRF-RO;DEL04-RO;UOP02-DEL04-RO
588508;20/03/2024;quarta-feira;07:45:00;BA;116;11,3;VITORIA DA CONQUISTA;Acessar a via sem observar a presença dos outros veículos;Colisão transversal;Com Vítimas Feridas;Pleno dia;Crescente;Céu Claro;Simples;Reta;Sim;2;0;1;0;1;0;1;2;-14,87272958;-40,87142587;SPRF-BA;DEL08-BA;UOP01-DEL08-BA
588509;20/03/2024;quarta-feira;07:50:00;MG;40;632,5;CONSELHEIRO LAFAIETE;Retorno proibido;Colisão transversal;Com Vítimas Feridas;Pleno dia;Crescente;Céu Claro;Simples;"Aclive;Reta";Sim;9;0;1;0;8;0;1;2;-20,67348593;-43,7968977;SPRF-MG;DEL05-MG;UOP02-DEL05-MG
588510;20/03/2024;quarta-feira;08:00:00;RJ;493;0,1;ITABORAI;Acesso irregular;Colisão transversal;Com Vítimas Feridas;Pleno dia;Decrescente;Céu Claro;Simples;Reta;Sim;2;0;0;1;1;0;1;2;-22,77062;-42,92223;SPRF-RJ;DEL02-RJ;UOP02-DEL02-RJ
588511;20/03/2024;quarta-feira;07:30:00;MG;251;498,1;FRANCISCO SA;Demais falhas mecânicas ou elétricas;Incêndio;Sem Vítimas;Pleno dia;Decrescente;Sol;Simples;Reta;Não;1;0;0;0;1;0;0;1;-16,58313895;-43,63386007;SPRF-MG;DEL12-MG;UOP01-DEL12-MG
588513;20/03/2024;quarta-feira;06:45:00;PE;232;105;BEZERROS;Acessar a via sem observar a presença dos outros veículos;Saída de leito carroçável;Com Vítimas Feridas;Pleno dia;Decrescente;Sol;Dupla;Reta;Não;2;0;0;1;1;0;1;2;-8,26000483;-35,78586102;SPRF-PE;DEL02-PE;UOP02-DEL02PE
588514;20/03/2024;quarta-feira;09:10:00;PR;369;159;CAMBE;Manobra de mudança de faixa;Colisão lateral mesmo sentido;Com Vítimas Feridas;Pleno dia;Decrescente;Céu Claro;Dupla;Reta;Não;2;0;0;1;1;0;1;2;-23,29819921;-51,19862453;SPRF-PR;DEL07-PR;UOP01-DEL07-PR
588515;19/03/2024;terça-feira;16:10:00;CE;20;314,2;CANINDE;Ultrapassagem Indevida;Colisão transversal;Com Vítimas Feridas;Pleno dia;Crescente;Chuva;Simples;"Reta;Aclive";Não;7;0;2;0;5;0;2;2;-4,31121804;-39,26572594;SPRF-CE;DEL02-CE;UOP01-DEL02-CE
588516;20/03/2024;quarta-feira;09:31:00;RN;101;104;PARNAMIRIM;Manobra de mudança de faixa;Colisão traseira;Com Vítimas Feridas;Pleno dia;Decrescente;Céu Claro;Múltipla;"Aclive;Curva";Sim;2;0;1;0;1;0;1;2;-5,892745;-35,257225;SPRF-RN;DEL01-RN;UOP01-DEL01-RN
588518;20/03/2024;quarta-feira;09:40:00;PR;277;1,3;PARANAGUA;Manobra de mudança de faixa;Colisão lateral mesmo sentido;Com Vítimas Feridas;Pleno dia;Crescente;Céu Claro;Simples;Reta;Não;2;0;1;0;1;0;1;2;-25,54043764;-48,53636384;SPRF-PR;DEL01-PR;UOP05-DEL01-PR
588519;23/02/2024;sexta-feira;10:15:00;PR;476;145;CURITIBA;Reação tardia ou ineficiente do condutor;Colisão lateral mesmo sentido;Com Vítimas Feridas;Pleno dia;Crescente;Sol;Dupla;Reta;Sim;2;0;0;1;1;0;1;2;-25,547749;-49,32095;SPRF-PR;DEL01-PR;UOP06-DEL01-PR
588521;20/03/2024;quarta-feira;09:45:00;MG;381;0,3;BETIM;Trafegar com motocicleta (ou similar) entre as faixas;Colisão lateral mesmo sentido;Com Vítimas Feridas;Pleno dia;Decrescente;Nublado;Dupla;"Curva;Aclive";Não;3;0;0;1;1;1;1;3;-19,963855;-44,157759;SPRF-MG;DEL01-MG;UOP03-DEL01-MG
588522;20/03/2024;quarta-feira;04:00:00;PE;408;49;NAZARE DA MATA;Animais na Pista;Atropelamento de Animal;Sem Vítimas;Plena Noite;Crescente;Ignorado;Simples;Reta;Não;1;0;0;0;0;1;0;1;-7,72110607;-35,2389439;SPRF-PE;DEL01-PE;UOP02-DEL01-PE
588524;20/03/2024;quarta-feira;09:30:00;MG;262;368;JUATUBA;Reação tardia ou ineficiente do condutor;Engavetamento;Com Vítimas Feridas;Pleno dia;Decrescente;Céu Claro;Dupla;Reta;Não;4;0;1;0;2;1;1;4;-19,97354;-44,32765;SPRF-MG;DEL01-MG;UOP03-DEL01-MG
588528;20/03/2024;quarta-feira;11:00:00;RS;101;77,2;OSORIO;Reação tardia ou ineficiente do condutor;Saída de leito carroçável;Com Vítimas Feridas;Pleno dia;Decrescente;Céu Claro;Dupla;Reta;Não;2;0;2;0;0;0;2;1;-29,81058704;-50,24122892;SPRF-RS;DEL03-RS;UOP01-DEL03-RS
588533;20/03/2024;quarta-feira;11:40:00;RJ;116;169;RIO DE JANEIRO;Ausência de reação do condutor;Colisão traseira;Com Vítimas Feridas;Pleno dia;Decrescente;Céu Claro;Dupla;Reta;Sim;2;0;1;0;1;0;1;2;-22,816206;-43,324463;SPRF-RJ;DEL06-RJ;UOP01-DEL06-RJ
588535;20/03/2024;quarta-feira;11:45:00;ES;101;66;SAO MATEUS;Manobra de mudança de faixa;Tombamento;Com Vítimas Feridas;Pleno dia;Decrescente;Céu Claro;Dupla;Curva;Sim;2;0;0;1;0;1;1;2;-18,7165195;-39,87436378;SPRF-ES;DEL04-ES;UOP02-DEL04-ES
588536;20/03/2024;quarta-feira;11:59:00;RN;101;94;NATAL;Ausência de reação do condutor;Colisão traseira;Com Vítimas Feridas;Pleno dia;Crescente;Céu Claro;Dupla;Interseção de Vias;Sim;7;0;1;3;3;0;4;4;-5,83176615;-35,21191342;SPRF-RN;DEL01-RN;UOP01-DEL01-RN
588537;20/03/2024;quarta-feira;12:15:00;RS;116;150;CAXIAS DO SUL;Manobra de mudança de faixa;Colisão lateral mesmo sentido;Com Vítimas Feridas;Pleno dia;Crescente;Céu Claro;Dupla;"Retorno Regulamentado;Curva";Não;3;0;1;0;2;0;1;3;-29,1684513;-51,15865767;SPRF-RS;DEL05-RS;UOP01-DEL05-RS
588538;11/02/2024;domingo;14:30:00;RS;116;253,3;SAPUCAIA DO SUL;Manobra de mudança de faixa;Queda de ocupante de veículo;Com Vítimas Feridas;Pleno dia;Decrescente;Céu Claro;Múltipla;Viaduto;Sim;1;0;1;0;0;0;1;1;-29,81784209;-51,16996166;SPRF-RS;DEL01-RS;UOP02-DEL01-RS
588539;19/01/2024;sexta-feira;03:45:00;RJ;101;305;SAO GONCALO;Reação tardia ou ineficiente do condutor;Atropelamento de Animal;Com Vítimas Feridas;Plena Noite;Decrescente;Céu Claro;Dupla;Reta;Não;3;0;1;1;1;0;2;1;-22,78702832;-42,99589293;SPRF-RJ;DEL02-RJ;UOP02-DEL02-RJ
588540;20/03/2024;quarta-feira;12:05:00;SC;101;224,8;PALHOCA;Avarias e/ou desgaste excessivo no pneu;Tombamento;Com Vítimas Feridas;Pleno dia;Crescente;Céu Claro;Dupla;Reta;Não;2;0;2;0;0;0;2;1;-27,72384789;-48,64386769;SPRF-SC;DEL01-SC;UOP02-DEL01-SC
588542;20/03/2024;quarta-feira;12:00:00;PR;476;160;ARAUCARIA;Entrada inopinada do pedestre;Atropelamento de Pedestre;Com Vítimas Fatais;Pleno dia;Crescente;Sol;Simples;Reta;Sim;2;1;1;0;0;0;1;2;-25,61833006;-49,43714619;SPRF-PR;DEL01-PR;UOP06-DEL01-PR
588544;20/03/2024;quarta-feira;12:10:00;GO;40;29;LUZIANIA;Acessar a via sem observar a presença dos outros veículos;Colisão transversal;Com Vítimas Feridas;Pleno dia;Crescente;Céu Claro;Dupla;Reta;Sim;2;0;0;1;1;0;1;2;-16,27601405;-47,86621571;SPRF-DF;DEL01-DF;UOP01-DEL01-DF
588546;21/02/2024;quarta-feira;15:30:00;RJ;116;184;NOVA IGUACU;Ausência de reação do condutor;Tombamento;Com Vítimas Feridas;Pleno dia;Crescente;Chuva;Dupla;Reta;Sim;1;0;0;1;0;0;1;1;-22,73841263;-43,49607468;SPRF-RJ;DEL06-RJ;UOP01-DEL06-RJ
588549;20/03/2024;quarta-feira;12:50:00;PR;116;210,7;RIO NEGRO;Acessar a via sem observar a presença dos outros veículos;Colisão transversal;Com Vítimas Feridas;Pleno dia;Crescente;Céu Claro;Simples;"Retorno Regulamentado;Interseção de Vias;Reta";Sim;2;0;1;0;1;0;1;2;-26,07479435;-49,76117178;SPRF-SC;DEL06-SC;UOP01-DEL06-SC
588552;20/03/2024;quarta-feira;12:30:00;SP;381;88,9;GUARULHOS;Acesso irregular;Colisão traseira;Com Vítimas Feridas;Pleno dia;Crescente;Nublado;Dupla;Reta;Sim;2;0;1;0;1;0;1;2;-23,47469314;-46,56112919;SPRF-SP;DEL03-SP;UOP01-DEL03-SP
588554;20/03/2024;quarta-feira;11:35:00;RO;364;423,9;JARU;Acessar a via sem observar a presença dos outros veículos;Colisão transversal;Sem Vítimas;Pleno dia;Crescente;Céu Claro;Simples;"Reta;Interseção de Vias";Sim;2;0;0;0;2;0;0;2;-10,44115992;-62,46794879;SPRF-RO;DEL03-RO;UOP02-DEL03-RO
588556;20/03/2024;quarta-feira;13:15:00;GO;153;434;ANAPOLIS;Velocidade Incompatível;Colisão traseira;Sem Vítimas;Pleno dia;Crescente;Céu Claro;Dupla;Reta;Sim;2;0;0;0;2;0;0;2;-16,275604;-48,967766;SPRF-GO;DEL02-GO;UOP01-DEL02-GO
588557;20/03/2024;quarta-feira;14:00:00;PR;116;4;CAMPINA GRANDE DO SUL;Manobra de mudança de faixa;Colisão lateral mesmo sentido;Com Vítimas Feridas;Pleno dia;Decrescente;Sol;Dupla;Reta;Não;2;0;1;0;1;0;1;2;-25,07606967;-48,5937452;SPRF-PR;DEL01-PR;UOP02-DEL01-PR
588558;20/03/2024;quarta-feira;12:16:00;PR;376;3,1;MANDAGUARI;Velocidade Incompatível;Capotamento;Com Vítimas Feridas;Pleno dia;Crescente;Céu Claro;Simples;"Aclive;Reta";Sim;3;0;0;1;0;2;1;1;-23,51591567;-51,69228852;SPRF-PR;DEL09-PR;UOP01-DEL09-PR
588559;20/03/2024;quarta-feira;08:10:00;SC;470;5;NAVEGANTES;Entrada inopinada do pedestre;Saída de leito carroçável;Com Vítimas Feridas;Pleno dia;Crescente;Garoa/Chuvisco;Múltipla;Reta;Sim;1;0;1;0;0;0;1;1;-26,855688;-48,700333;SPRF-SC;DEL04-SC;UOP04-DEL04-SC
588561;20/03/2024;quarta-feira;13:30:00;MG;50;89;UBERLANDIA;Demais falhas mecânicas ou elétricas;Saída de leito carroçável;Com Vítimas Feridas;Pleno dia;Decrescente;Nublado;Dupla;"Declive;Reta";Não;3;0;2;0;1;0;2;1;-19,0417219;-48,1990747;SPRF-MG;DEL15-MG;UOP01-DEL15-MG
588564;20/03/2024;quarta-feira;08:30:00;AM;0;0;MANAUS;Manobra de mudança de faixa;Colisão traseira;Com Vítimas Feridas;Pleno dia;Não Informado;Nublado;Múltipla;Declive;Sim;2;0;1;1;0;0;2;2;-3,13158473;-59,97375798;SPRF-AM;DEL01-AM;UOP03-DEL01-AM
588566;20/03/2024;quarta-feira;14:15:00;RS;285;336,6;CARAZINHO;Condutor deixou de manter distância do veículo da frente;Tombamento;Com Vítimas Feridas;Pleno dia;Crescente;Sol;Simples;Reta;Não;2;0;0;1;1;0;1;2;-28,31778;-52,759102;SPRF-RS;DEL08-RS;UOP03-DEL08-RS
588569;15/02/2024;quinta-feira;15:00:00;RJ;101;276;TANGUA;Trafegar com motocicleta (ou similar) entre as faixas;Colisão traseira;Com Vítimas Feridas;Pleno dia;Crescente;Nublado;Dupla;Reta;Não;2;0;0;1;1;0;1;2;-22,73796393;-42,73871802;SPRF-RJ;DEL02-RJ;UOP03-DEL02-RJ
588570;20/03/2024;quarta-feira;14:30:00;MG;381;857,1;POUSO ALEGRE;Ausência de reação do condutor;Saída de leito carroçável;Com Vítimas Feridas;Pleno dia;Decrescente;Céu Claro;Dupla;Reta;Não;16;0;6;0;10;0;6;1;-22,3341773;-45,92156967;SPRF-MG;DEL16-MG;UOP01-DEL16-MG
588571;20/03/2024;quarta-feira;12:01:00;PI;316;13;TERESINA;Reação tardia ou ineficiente do condutor;Colisão traseira;Com Vítimas Feridas;Pleno dia;Decrescente;Céu Claro;Dupla;Reta;Não;2;0;1;0;1;0;1;2;-5,2096314;-42,75526995;SPRF-PI;DEL01-PI;UOP02-DEL01-PI
588577;20/03/2024;quarta-feira;11:36:00;BA;116;277;TUCANO;Desrespeitar a preferência no cruzamento;Colisão transversal;Com Vítimas Feridas;Pleno dia;Decrescente;Céu Claro;Simples;Interseção de Vias;Sim;2;0;0;1;1;0;1;2;-10,98605827;-38,80013655;SPRF-BA;DEL07-BA;UOP02-DEL07-BA
588592;20/03/2024;quarta-feira;14:00:00;RJ;493;55;DUQUE DE CAXIAS;Reação tardia ou ineficiente do condutor;Saída de leito carroçável;Com Vítimas Feridas;Pleno dia;Decrescente;Céu Claro;Dupla;Reta;Não;1;0;1;0;0;0;1;1;-22,672089;-43,285053;SPRF-RJ;DEL01-RJ;UOP03-DEL01-RJ
588594;20/03/2024;quarta-feira;15:10:00;MS;158;269;TRES LAGOAS;Acesso irregular;Colisão lateral mesmo sentido;Com Vítimas Feridas;Pleno dia;Crescente;Céu Claro;Simples;Reta;Sim;4;0;2;0;1;1;2;3;-20,767932;-51,680243;SPRF-MS;DEL07-MS;UOP01-DEL07-MS
588596;17/03/2024;domingo;19:30:00;BA;101;505;ITABUNA;Condutor deixou de manter distância do veículo da frente;Colisão traseira;Com Vítimas Feridas;Plena Noite;Decrescente;Nublado;Simples;Reta;Não;2;0;1;0;0;1;1;2;-14,77853416;-39,28899765;SPRF-BA;DEL05-BA;UOP01-DEL05-BA
588597;20/03/2024;quarta-feira;15:40:00;SC;101;203,6;SAO JOSE;Acessar a via sem observar a presença dos outros veículos;Colisão lateral mesmo sentido;Com Vítimas Feridas;Pleno dia;Crescente;Céu Claro;Dupla;Reta;Não;2;0;1;0;1;0;1;2;-27,5650044;-48,61460082;SPRF-SC;DEL01-SC;UOP01-DEL01-SC
588605;20/03/2024;quarta-feira;14:20:00;MS;376;121,1;IVINHEMA;Manobra de mudança de faixa;Colisão frontal;Com Vítimas Feridas;Pleno dia;Crescente;Chuva;Simples;Reta;Sim;2;0;0;1;1;0;1;2;-22,31739233;-53,81754413;SPRF-MS;DEL04-MS;UOP04-DEL04-MS
588607;20/03/2024;quarta-feira;15:20:00;RS;290;103;PORTO ALEGRE;Reação tardia ou ineficiente do condutor;Colisão lateral mesmo sentido;Com Vítimas Feridas;Pleno dia;Crescente;Céu Claro;Dupla;"Reta;Viaduto";Não;2;0;1;0;1;0;1;2;-29,99017;-51,265766;SPRF-RS;DEL01-RS;UOP01-DEL01-RS
588608;20/03/2024;quarta-feira;16:20:00;PI;343;344,9;TERESINA;Ausência de reação do condutor;Colisão traseira;Com Vítimas Feridas;Pleno dia;Decrescente;Céu Claro;Simples;Reta;Sim;2;0;1;0;1;0;1;2;-5,094729;-42,762775;SPRF-PI;DEL01-PI;UOP01-DEL01-PI
588609;20/03/2024;quarta-feira;15:50:00;MS;163;281;DOURADOS;Ingestão de álcool pelo condutor;Queda de ocupante de veículo;Com Vítimas Feridas;Pleno dia;Crescente;Céu Claro;Dupla;Retorno Regulamentado;Sim;1;0;1;0;0;0;1;1;-22,13222947;-54,61222966;SPRF-MS;DEL04-MS;UOP01-DEL04-MS
588611;20/03/2024;quarta-feira;16:31:00;MG;381;485,5;BETIM;Manobra de mudança de faixa;Colisão lateral mesmo sentido;Com Vítimas Feridas;Pleno dia;Crescente;Garoa/Chuvisco;Múltipla;"Reta;Aclive";Sim;2;0;1;0;0;1;1;2;-19,9555296;-44,0994665;SPRF-MG;DEL01-MG;UOP03-DEL01-MG
588612;20/03/2024;quarta-feira;14:45:00;GO;60;220,1;CEZARINA;Condutor Dormindo;Saída de leito carroçável;Sem Vítimas;Pleno dia;Crescente;Sol;Dupla;Reta;Não;1;0;0;0;0;1;0;1;-16,9809;-49,7475;SPRF-GO;DEL01-GO;UOP02-DEL01-GO
588616;20/03/2024;quarta-feira;17:00:00;MG;381;484,1;BETIM;Reação tardia ou ineficiente do condutor;Colisão traseira;Com Vítimas Feridas;Pleno dia;Crescente;Nublado;Múltipla;"Reta;Declive";Sim;2;0;1;0;1;0;1;2;-19,95531717;-44,11722196;SPRF-MG;DEL01-MG;UOP03-DEL01-MG
588617;20/03/2024;quarta-feira;12:20:00;MS;60;603,5;JARDIM;Demais Fenômenos da natureza;Incêndio;Sem Vítimas;Pleno dia;Crescente;Céu Claro;Simples;Reta;Não;1;0;0;0;0;1;0;1;-21,56768196;-56,17000445;SPRF-MS;DEL05-MS;UOP01-DEL05-MS
588618;20/03/2024;quarta-feira;17:40:00;SC;101;213,6;PALHOCA;Trafegar com motocicleta (ou similar) entre as faixas;Colisão traseira;Com Vítimas Feridas;Anoitecer;Crescente;Céu Claro;Dupla;Reta;Sim;3;0;1;1;1;0;2;2;-27,63697369;-48,66514142;SPRF-SC;DEL01-SC;UOP02-DEL01-SC
588620;20/03/2024;quarta-feira;15:30:00;ES;101;206;IBIRACU;Reação tardia ou ineficiente do condutor;Tombamento;Com Vítimas Feridas;Pleno dia;Crescente;Nublado;Múltipla;Declive;Não;1;0;1;0;0;0;1;1;-19,76435421;-40,37263919;SPRF-ES;DEL02-ES;UOP01-DEL02-ES
588621;20/03/2024;quarta-feira;17:20:00;MS;463;100;PONTA PORA;Ausência de reação do condutor;Queda de ocupante de veículo;Com Vítimas Feridas;Anoitecer;Crescente;Céu Claro;Simples;Rotatória;Sim;1;0;1;0;0;0;1;1;-22,5893478;-55,51968813;SPRF-MS;DEL04-MS;UOP03-DEL04-MS
588624;20/03/2024;quarta-feira;18:00:00;PR;369;156;LONDRINA;Ausência de reação do condutor;Queda de ocupante de veículo;Com Vítimas Feridas;Anoitecer;Crescente;Céu Claro;Dupla;"Declive;Reta";Não;1;0;1;0;0;0;1;1;-23,29428106;-51,21128261;SPRF-PR;DEL07-PR;UOP01-DEL07-PR
588626;20/03/2024;quarta-feira;17:15:00;BA;415;49;ITABUNA;Velocidade Incompatível;Queda de ocupante de veículo;Com Vítimas Feridas;Pleno dia;Crescente;Céu Claro;Simples;Reta;Sim;1;0;0;1;0;0;1;1;-14,81574494;-39,29612388;SPRF-BA;DEL05-BA;UOP01-DEL05-BA
588627;20/03/2024;quarta-feira;17:00:00;RJ;493;1;ITABORAI;Pedestre cruzava a pista fora da faixa;Atropelamento de Pedestre;Com Vítimas Fatais;Anoitecer;Decrescente;Céu Claro;Dupla;Reta;Não;2;1;1;0;0;0;1;2;-22,76398788;-42,92731895;SPRF-RJ;DEL02-RJ;UOP02-DEL02-RJ
588628;20/03/2024;quarta-feira;18:25:00;SP;116;441;REGISTRO;Ausência de reação do condutor;Colisão traseira;Com Vítimas Feridas;Anoitecer;Decrescente;Céu Claro;Dupla;Reta;Não;2;0;1;0;1;0;1;2;-24,4688528;-47,82223728;SPRF-SP;DEL05-SP;UOP01-DEL05-SP
588629;26/02/2024;segunda-feira;04:55:00;MG;381;387;SAO GONCALO DO RIO ABAIXO;Transitar na contramão;Colisão lateral sentido oposto;Com Vítimas Feridas;Plena Noite;Crescente;Nevoeiro/Neblina;Simples;Curva;Sim;3;0;1;0;2;0;1;2;-19,82692046;-43,38405945;SPRF-MG;DEL01-MG;UOP01-DEL01-MG
588630;20/03/2024;quarta-feira;18:40:00;TO;153;141;ARAGUAINA;Reação tardia ou ineficiente do condutor;Colisão traseira;Com Vítimas Feridas;Plena Noite;Decrescente;Céu Claro;Simples;Retorno Regulamentado;Sim;3;0;1;0;1;1;1;2;-7,175959;-48,219548;SPRF-TO;DEL02-TO;UOP01-DEL02-TO
588633;20/03/2024;quarta-feira;18:40:00;GO;40;27;LUZIANIA;Transitar na contramão;Colisão lateral sentido oposto;Sem Vítimas;Anoitecer;Crescente;Céu Claro;Dupla;Reta;Não;2;0;0;0;2;0;0;2;-16,266185;-47,888241;SPRF-DF;DEL01-DF;UOP01-DEL01-DF
588634;20/03/2024;quarta-feira;13:30:00;MG;50;136,3;UBERABA;Ausência de reação do condutor;Tombamento;Com Vítimas Feridas;Pleno dia;Decrescente;Céu Claro;Dupla;Reta;Não;2;0;2;0;0;0;2;1;-19,44197927;-48,06433797;SPRF-MG;DEL13-MG;UOP01-DEL13-MG
588636;20/03/2024;quarta-feira;18:40:00;RN;110;46,6;MOSSORO;Ausência de reação do condutor;Tombamento;Com Vítimas Feridas;Plena Noite;Decrescente;Céu Claro;Dupla;Rotatória;Sim;1;0;0;1;0;0;1;1;-5,20192464;-37,32337832;SPRF-RN;DEL04-RN;UOP01-DEL04-RN
588637;20/03/2024;quarta-feira;19:20:00;PR;277;729;FOZ DO IGUACU;Pedestre andava na pista;Atropelamento de Pedestre;Com Vítimas Feridas;Plena Noite;Crescente;Céu Claro;Dupla;Reta;Sim;2;0;1;1;0;0;2;2;-25,50749887;-54,58379896;SPRF-PR;DEL05-PR;UOP03-DEL05-PR
588638;20/03/2024;quarta-feira;19:32:00;GO;40;4;VALPARAISO DE GOIAS;Condutor deixou de manter distância do veículo da frente;Colisão traseira;Com Vítimas Feridas;Plena Noite;Crescente;Céu Claro;Dupla;Reta;Sim;3;0;0;1;1;1;1;3;-16,085241;-47,986752;SPRF-DF;DEL01-DF;UOP01-DEL01-DF