id;data_inversa;dia_semana;horario;uf;br;km;municipio;causa_acidente;tipo_acidente;classificacao_acidente;fase_dia;sentido_via;condicao_metereologica;tipo_pista;tracado_via;uso_solo;pessoas;mortos;feridos_leves;feridos_graves;ilesos;ignorados;feridos;veiculos;latitude;longitude;regional;delegacia;uop
589036;22/03/2024;sexta-feira;16:10:00;PE;101;77,5;RECIFE;Acessar a via sem observar a presença dos outros veículos;Colisão lateral mesmo sentido;Com Vítimas Feridas;Pleno dia;Decrescente;Nublado;Dupla;Reta;Sim;3;0;1;1;1;0;2;2;-8,126982;-34,94386;SPRF-PE;DEL01-PE;UOP01-DEL01-PE
589038;22/03/2024;sexta-feira;16:45:00;SP;116;279;EMBU DAS ARTES;Trafegar com motocicleta (ou similar) entre as faixas;Colisão lateral mesmo sentido;Com Vítimas Feridas;Pleno dia;Crescente;Garoa/Chuvisco;Dupla;"Interseção de Vias;Declive;Curva";Sim;4;0;0;1;3;0;1;2;-23,63701235;-46,83353847;SPRF-SP;DEL04-SP;UOP01-DEL04-SP
589039;22/03/2024;sexta-feira;13:30:00;RJ;101;323;NITEROI;Chuva;Tombamento;Com Vítimas Feridas;Pleno dia;Decrescente;Chuva;Múltipla;Reta;Não;1;0;1;0;0;0;1;1;-22,87684786;-43,11728689;SPRF-RJ;DEL02-RJ;UOP01-DEL02-RJ
589041;22/03/2024;sexta-feira;14:25:00;RO;319;59;PORTO VELHO;Ingestão de álcool pelo condutor;Colisão traseira;Sem Vítimas;Pleno dia;Crescente;Nublado;Dupla;Reta;Sim;2;0;0;0;2;0;0;2;-8,74257889;-63,903265;SPRF-RO;DEL01-RO;UOP01-DEL01-RO
589042;22/03/2024;sexta-feira;16:23:00;RS;116;3;PORTO ALEGRE;Reação tardia ou ineficiente do condutor;Colisão lateral mesmo sentido;Com Vítimas Feridas;Pleno dia;Crescente;Céu Claro;Dupla;Reta;Sim;2;0;1;0;1;0;1;2;-29,98884587;-51,18301213;SPRF-RS;DEL05-RS;UOP03-DEL05-RS
589043;07/03/2024;quinta-feira;06:00:00;GO;60;391;RIO VERDE;Reação tardia ou ineficiente do condutor;Colisão lateral mesmo sentido;Com Vítimas Feridas;Amanhecer;Crescente;Céu Claro;Dupla;Declive;Sim;5;0;3;0;1;1;3;2;-17,8252;-50,9624;SPRF-GO;DEL04-GO;UOP02-DEL04-GO
589044;22/03/2024;sexta-feira;16:54:00;PB;230;10;CABEDELO;Ausência de reação do condutor;Colisão traseira;Com Vítimas Feridas;Pleno dia;Decrescente;Céu Claro;Dupla;Reta;Sim;2;0;1;0;1;0;1;2;-7,0514;-34,8499;SPRF-PB;DEL01-PB;UOP01-DEL01-PB
589045;22/03/2024;sexta-feira;17:00:00;MG;40;551;NOVA LIMA;Chuva;Colisão traseira;Sem Vítimas;Anoitecer;Decrescente;Chuva;Dupla;"Declive;Reta";Sim;3;0;0;0;3;0;0;2;-20,05411435;-43,97101875;SPRF-MG;DEL01-MG;UOP02-DEL01-MG
589046;22/03/2024;sexta-feira;15:50:00;MG;116;527,2;CARATINGA;Ausência de reação do condutor;Atropelamento de Pedestre;Com Vítimas Feridas;Pleno dia;Decrescente;Nublado;Dupla;Reta;Sim;2;0;2;0;0;0;2;2;-19,78510701;-42,13445297;SPRF-MG;DEL06-MG;UOP02-DEL06-MG
589047;22/03/2024;sexta-feira;17:25:00;BA;101;84;EUNAPOLIS;Desrespeitar a preferência no cruzamento;Colisão transversal;Com Vítimas Feridas;Anoitecer;Crescente;Céu Claro;Simples;Reta;Sim;3;0;1;0;2;0;1;2;-16,37449262;-39,578857;SPRF-BA;DEL01-BA;UOP04-DEL01-BA
589048;22/03/2024;sexta-feira;12:20:00;SP;116;223;GUARULHOS;Ausência de reação do condutor;Queda de ocupante de veículo;Com Vítimas Feridas;Pleno dia;Decrescente;Garoa/Chuvisco;Múltipla;Reta;Não;1;0;1;0;0;0;1;1;-23,47559815;-46,5246609;SPRF-SP;DEL01-SP;UOP01-DEL01-SP
589049;22/03/2024;sexta-feira;16:30:00;PR;376;471,6;PONTA GROSSA;Demais falhas mecânicas ou elétricas;Tombamento;Com Vítimas Feridas;Pleno dia;Decrescente;Nublado;Dupla;Curva;Não;1;0;1;0;0;0;1;1;-25,02445498;-50,32491446;SPRF-PR;DEL03-PR;UOP01-DEL03-PR
589050;22/03/2024;sexta-feira;17:00:00;SC;101;87;BARRA VELHA;Manobra de mudança de faixa;Colisão lateral mesmo sentido;Sem Vítimas;Pleno dia;Crescente;Céu Claro;Dupla;Reta;Sim;1;0;0;0;1;0;0;1;-26,63713377;-48,69651057;SPRF-SC;DEL03-SC;UOP02-DEL03-SC
589051;16/03/2024;sábado;07:00:00;RS;293;122;PINHEIRO MACHADO;Animais na Pista;Saída de leito carroçável;Com Vítimas Feridas;Amanhecer;Decrescente;Céu Claro;Simples;Reta;Não;2;0;1;0;1;0;1;1;-31,51975195;-53,51507297;SPRF-RS;DEL11-RS;UOP03-DEL11-RS
589053;22/03/2024;sexta-feira;15:45:00;RJ;101;214;SILVA JARDIM;Chuva;Saída de leito carroçável;Com Vítimas Feridas;Pleno dia;Decrescente;Chuva;Dupla;Curva;Não;1;0;1;0;0;0;1;1;-22,49876081;-42,26744726;SPRF-RJ;DEL08-RJ;UOP04-DEL08-RJ
589054;22/03/2024;sexta-feira;17:30:00;SC;101;146;ITAPEMA;Reação tardia ou ineficiente do condutor;Colisão traseira;Com Vítimas Feridas;Pleno dia;Decrescente;Nublado;Dupla;Reta;Sim;3;0;2;0;1;0;2;2;-27,08666525;-48,60955587;SPRF-SC;DEL04-SC;UOP03-DEL04-SC
589055;22/03/2024;sexta-feira;18:00:00;RN;101;129;SAO JOSE DE MIPIBU;Manobra de mudança de faixa;Colisão traseira;Com Vítimas Fatais;Plena Noite;Decrescente;Céu Claro;Múltipla;Reta;Sim;3;1;0;1;1;0;1;2;-6,112119;-35,233627;SPRF-RN;DEL01-RN;UOP01-DEL01-RN
589056;22/03/2024;sexta-feira;18:30:00;TO;10;459;PALMAS;Acessar a via sem observar a presença dos outros veículos;Colisão transversal;Com Vítimas Feridas;Anoitecer;Decrescente;Chuva;Múltipla;Reta;Sim;3;0;1;0;0;2;1;3;-10,18953902;-48,17153202;SPRF-TO;DEL01-TO;UOP03-DEL01-TO
589057;22/03/2024;sexta-feira;18:10:00;SP;116;224;GUARULHOS;Ausência de reação do condutor;Colisão traseira;Com Vítimas Feridas;Anoitecer;Decrescente;Chuva;Múltipla;"Reta;Interseção de Vias";Sim;2;0;1;0;1;0;1;2;-23,48071896;-46,53271603;SPRF-SP;DEL01-SP;UOP01-DEL01-SP
589058;22/03/2024;sexta-feira;18:15:00;SC;101;210;PALHOCA;Trafegar com motocicleta (ou similar) entre as faixas;Colisão lateral mesmo sentido;Com Vítimas Feridas;Anoitecer;Decrescente;Céu Claro;Múltipla;Reta;Sim;2;0;1;0;1;0;1;2;-27,6167305;-48,6457265;SPRF-SC;DEL01-SC;UOP01-DEL01-SC
589061;22/03/2024;sexta-feira;17:50:00;RS;116;259,6;CANOAS;Manobra de mudança de faixa;Colisão lateral mesmo sentido;Com Vítimas Feridas;Anoitecer;Crescente;Céu Claro;Simples;Curva;Sim;3;0;2;0;1;0;2;2;-29,870408;-51,179909;SPRF-RS;DEL01-RS;UOP01-DEL01-RS
589062;22/03/2024;sexta-feira;18:15:00;MG;365;568;INDIANOPOLIS;Manobra de mudança de faixa;Colisão frontal;Com Vítimas Feridas;Pleno dia;Crescente;Nublado;Simples;Reta;Não;3;0;1;0;2;0;1;2;-18,91664954;-47,85415081;SPRF-MG;DEL15-MG;UOP02-DEL15-MG
589063;22/03/2024;sexta-feira;18:45:00;BA;242;822;BARREIRAS;Pedestre cruzava a pista fora da faixa;Atropelamento de Pedestre;Com Vítimas Feridas;Plena Noite;Decrescente;Céu Claro;Simples;"Reta;Interseção de Vias";Sim;3;0;1;1;1;0;2;2;-12,11703;-45,239325;SPRF-BA;DEL10-BA;UOP01-DEL10-BA
589064;22/03/2024;sexta-feira;17:50:00;PR;277;83;CURITIBA;Trafegar com motocicleta (ou similar) entre as faixas;Colisão lateral mesmo sentido;Com Vítimas Feridas;Anoitecer;Decrescente;Nublado;Dupla;Reta;Sim;3;0;1;0;2;0;1;3;-25,44701422;-49,23095942;SPRF-PR;DEL01-PR;UOP07-DEL01-PR
589067;22/03/2024;sexta-feira;12:25:00;BA;367;36,6;PORTO SEGURO;Ultrapassagem Indevida;Capotamento;Com Vítimas Feridas;Pleno dia;Decrescente;Céu Claro;Simples;Reta;Não;2;0;1;0;1;0;1;2;-16,40291728;-39,17759119;SPRF-BA;DEL09-BA;UOP03-DEL09-BA
589069;22/03/2024;sexta-feira;19:00:00;GO;70;370;JUSSARA;Acessar a via sem observar a presença dos outros veículos;Colisão transversal;Com Vítimas Feridas;Plena Noite;Crescente;Céu Claro;Simples;"Retorno Regulamentado;Reta;Interseção de Vias";Não;4;0;0;1;3;0;1;2;-15,92922922;-51,32317543;SPRF-GO;DEL04-GO;UOP02-DEL04-GO
589072;21/02/2024;quarta-feira;07:10:00;PR;376;184;SARANDI;Manobra de mudança de faixa;Colisão lateral mesmo sentido;Com Vítimas Feridas;Pleno dia;Decrescente;Ignorado;Dupla;Declive;Sim;2;0;1;0;0;1;1;2;-23,44178962;-51,87048912;SPRF-PR;DEL09-PR;UOP01-DEL09-PR
589073;22/03/2024;sexta-feira;19:03:00;PE;408;80;PAUDALHO;Iluminação deficiente;Atropelamento de Pedestre;Com Vítimas Fatais;Plena Noite;Decrescente;Céu Claro;Dupla;Reta;Não;2;1;0;0;0;1;0;2;-7,9310439;-35,13844295;SPRF-PE;DEL01-PE;UOP01-DEL01-PE
589075;22/03/2024;sexta-feira;18:50:00;PR;369;144;LONDRINA;Retorno proibido;Colisão transversal;Com Vítimas Feridas;Anoitecer;Crescente;Nublado;Dupla;"Declive;Interseção de Vias;Reta";Sim;3;0;1;1;1;0;2;3;-23,29299014;-51,10008895;SPRF-PR;DEL07-PR;UOP01-DEL07-PR
589076;22/03/2024;sexta-feira;14:30:00;AC;364;6;ACRELANDIA;Pista esburacada;Colisão frontal;Com Vítimas Fatais;Pleno dia;Decrescente;Chuva;Simples;Reta;Não;6;4;0;2;0;0;2;2;-9,82847629;-66,88259576;SPRF-AC;DEL01-AC;UOP03-DEL01-AC
589077;22/03/2024;sexta-feira;18:15:00;SP;116;223;GUARULHOS;Reação tardia ou ineficiente do condutor;Colisão lateral mesmo sentido;Com Vítimas Feridas;Plena Noite;Decrescente;Garoa/Chuvisco;Múltipla;Reta;Sim;2;0;1;0;1;0;1;2;-23,47559815;-46,5246609;SPRF-SP;DEL01-SP;UOP01-DEL01-SP
589079;22/03/2024;sexta-feira;17:00:00;MA;10;252;IMPERATRIZ;Retorno proibido;Colisão transversal;Com Vítimas Feridas;Pleno dia;Decrescente;Céu Claro;Simples;"Interseção de Vias;Reta";Sim;2;0;1;1;0;0;2;2;-5,53562;-47,469585;SPRF-MA;DEL04-MA;UOP01-DEL04-MA
589082;22/03/2024;sexta-feira;14:30:00;RJ;101;424;MANGARATIBA;Demais falhas mecânicas ou elétricas;Colisão lateral sentido oposto;Sem Vítimas;Pleno dia;Decrescente;Chuva;Simples;"Declive;Curva";Não;2;0;0;0;2;0;0;2;-22,92127842;-43,95599173;SPRF-RJ;DEL03-RJ;UOP02-DEL03-RJ
589083;22/03/2024;sexta-feira;19:00:00;MT;163;832;SINOP;Condutor deixou de manter distância do veículo da frente;Colisão traseira;Com Vítimas Feridas;Plena Noite;Decrescente;Ignorado;Simples;Reta;Sim;2;0;1;0;1;0;1;2;-11,88573184;-55,50166553;SPRF-MT;DEL06-MT;UOP02-DEL06-MT
589084;22/03/2024;sexta-feira;19:00:00;SC;101;202,5;SAO JOSE;Manobra de mudança de faixa;Colisão lateral mesmo sentido;Com Vítimas Feridas;Plena Noite;Decrescente;Céu Claro;Dupla;Reta;Não;2;0;1;0;1;0;1;2;-27,55711595;-48,61897889;SPRF-SC;DEL01-SC;UOP01-DEL01-SC
589085;22/03/2024;sexta-feira;19:20:00;MG;262;397,2;PARA DE MINAS;Velocidade Incompatível;Saída de leito carroçável;Com Vítimas Feridas;Plena Noite;Decrescente;Chuva;Dupla;Retorno Regulamentado;Não;1;0;1;0;0;0;1;1;-19,90483585;-44,51518191;SPRF-MG;DEL01-MG;UOP03-DEL01-MG
589086;22/03/2024;sexta-feira;18:20:00;SP;116;225;GUARULHOS;Reação tardia ou ineficiente do condutor;Colisão lateral mesmo sentido;Com Vítimas Feridas;Plena Noite;Crescente;Ignorado;Múltipla;Reta;Sim;3;0;1;0;2;0;1;3;-23,48586772;-46,54075317;SPRF-SP;DEL01-SP;UOP01-DEL01-SP
589088;22/03/2024;sexta-feira;17:45:00;AC;364;123;RIO BRANCO;Reação tardia ou ineficiente do condutor;Atropelamento de Pedestre;Com Vítimas Feridas;Plena Noite;Decrescente;Garoa/Chuvisco;Dupla;Reta;Sim;2;0;2;0;0;0;2;2;-10,0117071;-67,782373;SPRF-AC;DEL01-AC;UOP01-DEL01-AC
589089;22/03/2024;sexta-feira;08:30:00;MG;262;34,1;MANHUACU;Ultrapassagem Indevida;Colisão lateral mesmo sentido;Com Vítimas Feridas;Pleno dia;Decrescente;Céu Claro;Simples;Rotatória;Sim;4;0;1;0;3;0;1;2;-20,25692664;-42,01099203;SPRF-MG;DEL06-MG;UOP03-DEL06-MG
589090;22/03/2024;sexta-feira;09:40:00;PR;376;647;TIJUCAS DO SUL;Velocidade Incompatível;Colisão traseira;Sem Vítimas;Pleno dia;Decrescente;Nublado;Dupla;Reta;Não;2;0;0;0;2;0;0;2;-25,83292397;-49,11120797;SPRF-PR;DEL01-PR;UOP04-DEL01-PR
589094;22/03/2024;sexta-feira;19:30:00;SC;101;99;BALNEARIO PICARRAS;Demais falhas mecânicas ou elétricas;Tombamento;Com Vítimas Feridas;Plena Noite;Decrescente;Ignorado;Dupla;Reta;Não;1;0;1;0;0;0;1;1;-26,7471002;-48,69654831;SPRF-SC;DEL03-SC;UOP02-DEL03-SC
589095;22/03/2024;sexta-feira;19:50:00;SE;101;193;CRISTINAPOLIS;Pedestre - Ingestão de álcool/ substâncias psicoativas;Atropelamento de Pedestre;Com Vítimas Feridas;Plena Noite;Decrescente;Céu Claro;Simples;"Reta;Aclive";Não;2;0;0;1;1;0;1;2;-11,44262788;-37,73258333;SPRF-SE;DEL02-SE;UOP03-DEL02-SE
589096;22/03/2024;sexta-feira;15:00:00;RJ;101;383;RIO DE JANEIRO;Reação tardia ou ineficiente do condutor;Colisão com objeto;Sem Vítimas;Pleno dia;Decrescente;Chuva;Múltipla;Ponte;Sim;1;0;0;0;0;1;0;1;-22,8765463;-43,61463385;SPRF-RJ;DEL03-RJ;UOP01-DEL03-RJ
589097;22/03/2024;sexta-feira;20:30:00;RS;290;95;PORTO ALEGRE;Manobra de mudança de faixa;Tombamento;Com Vítimas Feridas;Plena Noite;Decrescente;Céu Claro;Múltipla;Reta;Sim;3;0;2;0;0;1;2;2;-29,982832;-51,201572;SPRF-RS;DEL01-RS;UOP01-DEL01-RS
589098;22/03/2024;sexta-feira;20:00:00;MS;163;486;CAMPO GRANDE;Acessar a via sem observar a presença dos outros veículos;Colisão transversal;Com Vítimas Feridas;Plena Noite;Crescente;Céu Claro;Simples;"Reta;Declive";Não;3;0;0;2;1;0;2;2;-20,44233707;-54,54201834;SPRF-MS;DEL01-MS;UOP02-DEL01-MS
589100;22/03/2024;sexta-feira;14:37:00;AM;174;902;MANAUS;Reação tardia ou ineficiente do condutor;Colisão transversal;Com Vítimas Fatais;Pleno dia;Crescente;Céu Claro;Simples;Reta;Não;4;1;2;1;0;0;3;2;-2,81655004;-60,03586038;SPRF-AM;DEL01-AM;UOP01-DEL01-AM
589102;22/03/2024;sexta-feira;19:10:00;MT;163;806;SINOP;Reação tardia ou ineficiente do condutor;Saída de leito carroçável;Com Vítimas Feridas;Plena Noite;Decrescente;Céu Claro;Simples;Reta;Não;1;0;0;1;0;0;1;1;-12,116598;-55,516501;SPRF-MT;DEL06-MT;UOP02-DEL06-MT
589103;22/03/2024;sexta-feira;21:00:00;PI;316;313;PICOS;Pedestre cruzava a pista fora da faixa;Atropelamento de Pedestre;Com Vítimas Feridas;Plena Noite;Decrescente;Céu Claro;Múltipla;Reta;Não;2;0;1;0;0;1;1;2;-7,07959049;-41,44975182;SPRF-PI;DEL04-PI;UOP01-DEL04-PI
589104;22/03/2024;sexta-feira;20:26:00;GO;40;17;LUZIANIA;Pedestre cruzava a pista fora da faixa;Atropelamento de Pedestre;Com Vítimas Feridas;Plena Noite;Decrescente;Céu Claro;Dupla;"Declive;Reta";Sim;2;0;0;1;1;0;1;2;-16,18487;-47,928641;SPRF-DF;DEL01-DF;UOP01-DEL01-DF
589107;22/03/2024;sexta-feira;19:40:00;BA;407;126;SENHOR DO BONFIM;Ingestão de álcool pelo condutor;Colisão frontal;Com Vítimas Feridas;Plena Noite;Crescente;Céu Claro;Simples;Reta;Sim;3;0;2;0;0;1;2;2;-10,4558193;-40,18119143;SPRF-BA;DEL04-BA;UOP01-DEL04-BA
589109;22/03/2024;sexta-feira;18:40:00;PE;232;80,2;GRAVATA;Velocidade Incompatível;Colisão transversal;Com Vítimas Feridas;Plena Noite;Decrescente;Céu Claro;Simples;Reta;Não;3;0;0;2;1;0;2;2;-8,19579864;-35,56962305;SPRF-PE;DEL02-PE;UOP02-DEL02PE
589110;22/03/2024;sexta-feira;21:30:00;SC;101;204;SAO JOSE;Estacionar ou parar em local proibido;Colisão traseira;Com Vítimas Feridas;Plena Noite;Decrescente;Céu Claro;Dupla;Declive;Sim;2;0;1;0;0;1;1;2;-27,57413014;-48,61363083;SPRF-SC;DEL01-SC;UOP01-DEL01-SC
589111;22/03/2024;sexta-feira;21:20:00;PB;101;82,6;BAYEUX;Entrada inopinada do pedestre;Eventos atípicos;Com Vítimas Feridas;Plena Noite;Decrescente;Céu Claro;Dupla;Viaduto;Sim;2;0;1;0;0;1;1;2;-7,12911;-34,93714;SPRF-PB;DEL01-PB;UOP01-DEL01-PB
589112;22/03/2024;sexta-feira;20:30:00;RN;101;146,3;GOIANINHA;Ingestão de álcool pelo condutor;Colisão lateral sentido oposto;Com Vítimas Feridas;Plena Noite;Decrescente;Céu Claro;Múltipla;Interseção de Vias;Sim;2;0;1;0;1;0;1;2;-6,26255354;-35,21147156;SPRF-RN;DEL01-RN;UOP01-DEL01-RN
589113;22/03/2024;sexta-feira;21:20:00;SP;116;283;EMBU DAS ARTES;Reação tardia ou ineficiente do condutor;Colisão traseira;Com Vítimas Feridas;Plena Noite;Decrescente;Chuva;Dupla;Reta;Não;4;0;1;0;3;0;1;3;-23,69297005;-46,86352786;SPRF-SP;DEL04-SP;UOP01-DEL04-SP
589114;22/03/2024;sexta-feira;21:50:00;MG;116;278,3;TEOFILO OTONI;Acessar a via sem observar a presença dos outros veículos;Colisão transversal;Com Vítimas Feridas;Plena Noite;Crescente;Céu Claro;Simples;"Rotatória;Curva";Sim;3;0;1;0;2;0;1;2;-17,8709635;-41,51843369;SPRF-MG;DEL11-MG;UOP01-DEL11-MG
589116;22/03/2024;sexta-feira;19:30:00;RO;364;424;JARU;Desrespeitar a preferência no cruzamento;Colisão transversal;Com Vítimas Feridas;Anoitecer;Decrescente;Ignorado;Simples;Interseção de Vias;Sim;2;0;1;1;0;0;2;2;-10,44457274;-62,46568412;SPRF-RO;DEL03-RO;UOP02-DEL03-RO
589117;22/03/2024;sexta-feira;20:20:00;PA;10;15;DOM ELISEU;Pedestre andava na pista;Atropelamento de Pedestre;Com Vítimas Feridas;Plena Noite;Decrescente;Chuva;Simples;Curva;Sim;2;0;1;0;1;0;1;2;-4,31943382;-47,5520678;SPRF-PA;DEL02-PA;UOP02-DEL02-PA
589119;22/03/2024;sexta-feira;18:45:00;SC;116;84;MONTE CASTELO;Ausência de reação do condutor;Colisão com objeto;Com Vítimas Feridas;Anoitecer;Decrescente;Garoa/Chuvisco;Simples;"Reta;Aclive";Sim;1;0;0;1;0;0;1;1;-26,59235699;-50,22426607;SPRF-SC;DEL06-SC;UOP02-DEL06-SC
589120;22/03/2024;sexta-feira;22:45:00;RS;386;36,2;FREDERICO WESTPHALEN;Acessar a via sem observar a presença dos outros veículos;Colisão transversal;Sem Vítimas;Plena Noite;Crescente;Céu Claro;Simples;Interseção de Vias;Sim;3;0;0;0;3;0;0;2;-27,365112;-53,394897;SPRF-RS;DEL08-RS;UOP02-DEL08-RS
589124;22/03/2024;sexta-feira;23:40:00;BA;415;22;ILHEUS;Ausência de sinalização;Colisão frontal;Com Vítimas Feridas;Plena Noite;Crescente;Céu Claro;Simples;"Curva;Em Obras";Não;3;0;2;1;0;0;3;2;-14,79982039;-39,15995121;SPRF-BA;DEL05-BA;UOP01-DEL05-BA
589125;22/03/2024;sexta-feira;22:50:00;SP;116;222;GUARULHOS;Ingestão de álcool pelo condutor;Colisão traseira;Sem Vítimas;Plena Noite;Decrescente;Vento;Múltipla;Reta;Sim;2;0;0;0;2;0;0;2;-23,47093408;-46,51631097;SPRF-SP;DEL01-SP;UOP01-DEL01-SP
589126;22/03/2024;sexta-feira;22:10:00;MT;70;630;POCONE;Reação tardia ou ineficiente do condutor;Saída de leito carroçável;Sem Vítimas;Plena Noite;Crescente;Chuva;Simples;Reta;Sim;1;0;0;0;1;0;0;1;-15,92893488;-56,94977097;SPRF-MT;DEL03-MT;UOP02-DEL03-MT
589127;22/03/2024;sexta-feira;23:18:00;RS;290;98;PORTO ALEGRE;Reação tardia ou ineficiente do condutor;Saída de leito carroçável;Sem Vítimas;Plena Noite;Decrescente;Céu Claro;Dupla;Reta;Sim;1;0;0;0;0;1;0;1;-29,994816;-51,217403;SPRF-RS;DEL01-RS;UOP01-DEL01-RS
589128;22/03/2024;sexta-feira;23:30:00;MG;40;525;RIBEIRAO DAS NEVES;Ausência de reação do condutor;Colisão lateral mesmo sentido;Com Vítimas Feridas;Plena Noite;Decrescente;Chuva;Dupla;"Reta;Viaduto";Sim;2;0;0;1;1;0;1;2;-19,88361702;-44,05039336;SPRF-MG;DEL01-MG;UOP02-DEL01-MG
589130;22/03/2024;sexta-feira;23:30:00;PA;316;127;NOVA TIMBOTEUA;Transitar na contramão;Colisão frontal;Com Vítimas Feridas;Plena Noite;Crescente;Nublado;Simples;"Interseção de Vias;Reta";Sim;6;0;4;2;0;0;6;2;-1,29421671;-47,36798286;SPRF-PA;DEL01-PA;UOP02-DEL01-PA
589133;22/03/2024;sexta-feira;23:15:00;MG;116;595,1;MANHUACU;Velocidade Incompatível;Saída de leito carroçável;Com Vítimas Feridas;Plena Noite;Crescente;Chuva;Simples;Reta;Não;13;0;13;0;0;0;13;1;-20,29516807;-42,14747044;SPRF-MG;DEL06-MG;UOP03-DEL06-MG
589134;23/03/2024;sábado;01:20:00;RJ;101;271;RIO BONITO;Velocidade Incompatível;Saída de leito carroçável;Sem Vítimas;Plena Noite;Decrescente;Chuva;Dupla;Curva;Não;1;0;0;0;1;0;0;1;-22,72443147;-42,69368143;SPRF-RJ;DEL02-RJ;UOP03-DEL02-RJ
589135;23/03/2024;sábado;01:00:00;AL;101;55,9;FLEXEIRAS;Condutor Dormindo;Saída de leito carroçável;Com Vítimas Feridas;Plena Noite;Crescente;Céu Claro;Dupla;Curva;Não;2;0;2;0;0;0;2;1;-9,26188412;-35,77832284;SPRF-AL;DEL01-AL;UOP02-DEL01-AL
589136;22/03/2024;sexta-feira;18:00:00;SC;101;36,3;JOINVILLE;Demais falhas mecânicas ou elétricas;Colisão traseira;Com Vítimas Feridas;Pleno dia;Crescente;Céu Claro;Dupla;Reta;Sim;2;0;1;0;1;0;1;2;-26,24573198;-48,9101069;SPRF-SC;DEL03-SC;UOP01-DEL03-SC
589138;23/03/2024;sábado;01:00:00;SC;101;39,3;JOINVILLE;Ingestão de álcool pelo condutor;Colisão com objeto;Com Vítimas Feridas;Plena Noite;Crescente;Céu Claro;Dupla;Reta;Sim;1;0;1;0;0;0;1;1;-26,2628107;-48,90192257;SPRF-SC;DEL03-SC;UOP01-DEL03-SC
589139;22/03/2024;sexta-feira;23:30:00;SP;116;90;PINDAMONHANGABA;Ausência de reação do condutor;Incêndio;Sem Vítimas;Plena Noite;Decrescente;Garoa/Chuvisco;Dupla;Reta;Não;1;0;0;0;0;1;0;1;-22,94361839;-45,3873088;SPRF-SP;DEL08-SP;UOP01-DEL08-SP
589140;23/03/2024;sábado;03:00:00;SC;101;129;CAMBORIU;Reação tardia ou ineficiente do condutor;Tombamento;Com Vítimas Feridas;Plena Noite;Crescente;Nublado;Dupla;Reta;Não;2;0;2;0;0;0;2;1;-26,98064277;-48,6790679;SPRF-SC;DEL04-SC;UOP03-DEL04-SC
589141;23/03/2024;sábado;02:00:00;SP;381;61,3;MAIRIPORA;Reação tardia ou ineficiente do condutor;Capotamento;Sem Vítimas;Plena Noite;Crescente;Céu Claro;Dupla;Curva;Não;1;0;0;0;1;0;0;1;-23,29011611;-46,5800681;SPRF-SP;DEL03-SP;UOP01-DEL03-SP
589142;23/03/2024;sábado;02:35:00;PR;163;290;MARECHAL CANDIDO RONDON;Ausência de reação do condutor;Saída de leito carroçável;Com Vítimas Feridas;Plena Noite;Crescente;Céu Claro;Simples;Viaduto;Não;4;0;4;0;0;0;4;1;-24,53507184;-54,04952168;SPRF-PR;DEL06-PR;UOP02-DEL06-PR
589144;23/03/2024;sábado;04:30:00;SC;101;225,8;PALHOCA;Velocidade Incompatível;Colisão com objeto;Com Vítimas Feridas;Plena Noite;Crescente;Céu Claro;Dupla;Reta;Não;2;0;0;1;1;0;1;2;-27,73292191;-48,6409567;SPRF-SC;DEL01-SC;UOP02-DEL01-SC
589145;23/03/2024;sábado;04:00:00;PR;369;184;ARAPONGAS;Desrespeitar a preferência no cruzamento;Colisão transversal;Com Vítimas Feridas;Plena Noite;Crescente;Céu Claro;Simples;Interseção de Vias;Sim;2;0;1;0;1;0;1;2;-23,4094;-51,4277;SPRF-PR;DEL07-PR;UOP03-DEL07-PR
589146;23/03/2024;sábado;04:15:00;PR;369;151;LONDRINA;Condutor Dormindo;Colisão com objeto;Sem Vítimas;Plena Noite;Crescente;Céu Claro;Dupla;"Reta;Interseção de Vias";Não;2;0;0;0;0;2;0;2;-23,29297043;-51,16363585;SPRF-PR;DEL07-PR;UOP01-DEL07-PR
589147;23/03/2024;sábado;04:45:00;RS;116;239;NOVO HAMBURGO;Reação tardia ou ineficiente do condutor;Saída de leito carroçável;Com Vítimas Feridas;Plena Noite;Crescente;Céu Claro;Dupla;Curva;Sim;2;0;0;1;1;0;1;1;-29,6961491;-51,14455767;SPRF-RS;DEL01-RS;UOP02-DEL01-RS
589148;23/03/2024;sábado;04:50:00;AL;101;72;MESSIAS;Deficiência do Sistema de Iluminação/Sinalização;Atropelamento de Pedestre;Com Vítimas Fatais;Amanhecer;Crescente;Céu Claro;Dupla;Reta;Não;2;1;0;0;0;1;0;2;-9,37909108;-35,83407855;SPRF-AL;DEL01-AL;UOP01-DEL01-AL
589149;23/03/2024;sábado;06:30:00;PR;116;126;FAZENDA RIO GRANDE;Trafegar com motocicleta (ou similar) entre as faixas;Colisão traseira;Com Vítimas Feridas;Amanhecer;Decrescente;Nublado;Dupla;Reta;Sim;2;0;1;0;1;0;1;2;-25,64157866;-49,31287408;SPRF-PR;DEL01-PR;UOP03-DEL01-PR
589151;23/03/2024;sábado;06:30:00;DF;20;7;BRASILIA;Reação tardia ou ineficiente do condutor;Saída de leito carroçável;Sem Vítimas;Pleno dia;Crescente;Nublado;Dupla;Reta;Sim;1;0;0;0;0;1;0;1;-15,662208;-47,799866;SPRF-DF;DEL02-DF;UOP01-DEL02-DF