id;data_inversa;dia_semana;horario;uf;br;km;municipio;causa_acidente;tipo_acidente;classificacao_acidente;fase_dia;sentido_via;condicao_metereologica;tipo_pista;tracado_via;uso_solo;pessoas;mortos;feridos_leves;feridos_graves;ilesos;ignorados;feridos;veiculos;latitude;longitude;regional;delegacia;uop
589508;24/03/2024;domingo;16:30:00;GO;153;493;GOIANIA;Condutor deixou de manter distância do veículo da frente;Colisão traseira;Sem Vítimas;Plena Noite;Crescente;Nublado;Dupla;Reta;Sim;3;0;0;0;1;2;0;3;-16,6537;-49,2172;SPRF-GO;DEL01-GO;UOP01-DEL01-GO
589509;24/03/2024;domingo;17:35:00;RO;435;82;COLORADO DO OESTE;Avarias e/ou desgaste excessivo no pneu;Tombamento;Com Vítimas Feridas;Pleno dia;Crescente;Nublado;Simples;Reta;Não;2;0;1;1;0;0;2;1;-13,11453938;-60,50579894;SPRF-RO;DEL04-RO;UOP02-DEL04-RO
589514;24/03/2024;domingo;18:55:00;PE;101;16,8;GOIANA;Ausência de reação do condutor;Capotamento;Com Vítimas Feridas;Plena Noite;Crescente;Nublado;Dupla;Reta;Não;3;0;0;3;0;0;3;1;-7,63348482;-34,96143076;SPRF-PE;DEL01-PE;UOP02-DEL01-PE
589516;24/03/2024;domingo;19:00:00;BA;116;7;VITORIA DA CONQUISTA;Mal súbito do condutor;Queda de ocupante de veículo;Com Vítimas Fatais;Plena Noite;Decrescente;Céu Claro;Simples;Reta;Sim;1;1;0;0;0;0;0;1;-14,851;-40,8485;SPRF-BA;DEL08-BA;UOP01-DEL08-BA
589517;24/03/2024;domingo;19:20:00;RN;304;241;RIACHUELO;Animais na Pista;Atropelamento de Animal;Com Vítimas Feridas;Plena Noite;Crescente;Céu Claro;Simples;Reta;Não;1;0;1;0;0;0;1;1;-5,80596939;-35,82876231;SPRF-RN;DEL01-RN;UOP02-DEL01-RN
589518;24/03/2024;domingo;19:00:00;RS;470;231;CARLOS BARBOSA;Acessar a via sem observar a presença dos outros veículos;Colisão transversal;Com Vítimas Feridas;Plena Noite;Decrescente;Céu Claro;Dupla;"Retorno Regulamentado;Reta;Interseção de Vias";Sim;6;0;0;5;0;1;5;3;-29,23579206;-51,51193423;SPRF-RS;DEL06-RS;UOP01-DEL06-RS
589519;24/03/2024;domingo;18:35:00;RJ;40;69;PETROPOLIS;Acumulo de água sobre o pavimento;Colisão traseira;Com Vítimas Feridas;Plena Noite;Decrescente;Chuva;Dupla;Curva;Não;6;0;1;0;5;0;1;2;-22,44906429;-43,19987784;SPRF-RJ;DEL05-RJ;UOP02-DEL05-RJ
589520;24/03/2024;domingo;18:25:00;SE;101;197;CRISTINAPOLIS;Reação tardia ou ineficiente do condutor;Colisão traseira;Com Vítimas Feridas;Plena Noite;Decrescente;Céu Claro;Simples;"Curva;Aclive";Não;2;0;0;1;1;0;1;2;-11,46981308;-37,74693679;SPRF-SE;DEL02-SE;UOP03-DEL02-SE
589521;24/03/2024;domingo;18:34:00;PE;104;100,5;CUPIRA;Ultrapassagem Indevida;Colisão frontal;Com Vítimas Feridas;Plena Noite;Crescente;Nublado;Simples;"Reta;Aclive";Não;2;0;0;2;0;0;2;2;-8,563684;-35,947582;SPRF-PE;DEL02-PE;UOP03-DEL02-PE
589525;24/03/2024;domingo;19:30:00;RJ;393;106,1;SAPUCAIA;Acessar a via sem observar a presença dos outros veículos;Colisão transversal;Com Vítimas Feridas;Plena Noite;Crescente;Céu Claro;Simples;Reta;Sim;2;0;1;0;1;0;1;2;-21,87764485;-42,67025797;SPRF-RJ;DEL05-RJ;UOP01-DEL05-RJ
589526;24/03/2024;domingo;19:24:00;PE;232;24;MORENO;Ausência de reação do condutor;Colisão transversal;Com Vítimas Feridas;Plena Noite;Decrescente;Céu Claro;Dupla;Curva;Não;5;0;0;1;3;1;1;2;-8,10749;-35,104158;SPRF-PE;DEL01-PE;UOP01-DEL01-PE
589527;27/02/2024;terça-feira;21:00:00;PR;272;426;GOIOERE;Reação tardia ou ineficiente do condutor;Saída de leito carroçável;Com Vítimas Feridas;Plena Noite;Crescente;Céu Claro;Simples;Reta;Não;1;0;1;0;0;0;1;1;-24,17685207;-52,92710296;SPRF-PR;DEL09-PR;UOP03-DEL09-PR
589528;24/03/2024;domingo;19:45:00;RS;472;174;SANTA ROSA;Pedestre andava na pista;Atropelamento de Pedestre;Com Vítimas Feridas;Plena Noite;Crescente;Céu Claro;Simples;Reta;Não;2;0;1;1;0;0;2;2;-27,860922;-54,497623;SPRF-RS;DEL10-RS;UOP01-DEL10-RS
589529;24/03/2024;domingo;20:04:00;PE;101;69;RECIFE;Animais na Pista;Atropelamento de Animal;Com Vítimas Feridas;Plena Noite;Decrescente;Garoa/Chuvisco;Dupla;Reta;Sim;1;0;1;0;0;0;1;1;-8,05549036;-34,94627595;SPRF-PE;DEL01-PE;UOP01-DEL01-PE
589531;24/03/2024;domingo;18:48:00;PI;343;305;ALTOS;Ausência de reação do condutor;Colisão frontal;Com Vítimas Feridas;Plena Noite;Decrescente;Céu Claro;Simples;Reta;Sim;2;0;1;0;0;1;1;2;-5,03444;-42,443382;SPRF-PI;DEL01-PI;UOP01-DEL01-PI
589532;24/03/2024;domingo;18:00:00;PA;230;116;MARABA;Ausência de reação do condutor;Colisão traseira;Com Vítimas Feridas;Anoitecer;Crescente;Céu Claro;Dupla;Reta;Sim;3;0;1;0;2;0;1;2;-5,35947454;-49,08301084;SPRF-PA;DEL03-PA;UOP01-DEL03-PA
589533;24/03/2024;domingo;21:00:00;ES;101;146,5;LINHARES;Acessar a via sem observar a presença dos outros veículos;Colisão lateral mesmo sentido;Com Vítimas Feridas;Plena Noite;Decrescente;Céu Claro;Dupla;Reta;Não;3;0;1;0;1;1;1;3;-19,36990998;-40,06560718;SPRF-ES;DEL04-ES;UOP01-DEL04-ES
589535;24/03/2024;domingo;20:10:00;SE;235;53,1;ITABAIANA;Ingestão de álcool pelo condutor;Colisão traseira;Com Vítimas Feridas;Plena Noite;Decrescente;Céu Claro;Simples;Reta;Sim;2;0;1;0;0;1;1;2;-10,684707;-37,440544;SPRF-SE;DEL01-SE;UOP02-DEL01-SE
589536;24/03/2024;domingo;20:50:00;PR;376;102;SAO JOSE DOS PINHAIS;Reação tardia ou ineficiente do condutor;Colisão com objeto;Com Vítimas Feridas;Plena Noite;Crescente;Nublado;Dupla;Retorno Regulamentado;Sim;1;0;0;1;0;0;1;1;-25,56885994;-49,1835916;SPRF-PR;DEL09-PR;UOP02-DEL09-PR
589537;24/03/2024;domingo;21:00:00;PR;376;656;TIJUCAS DO SUL;Reação tardia ou ineficiente do condutor;Colisão traseira;Sem Vítimas;Plena Noite;Decrescente;Nublado;Simples;Curva;Não;2;0;0;0;2;0;0;2;-25,85300602;-49,02166198;SPRF-PR;DEL01-PR;UOP04-DEL01-PR
589538;24/03/2024;domingo;19:55:00;PI;316;44;LAGOA DO PIAUI;Animais na Pista;Atropelamento de Animal;Com Vítimas Feridas;Plena Noite;Decrescente;Céu Claro;Simples;Aclive;Não;1;0;1;0;0;0;1;1;-5,43754797;-42,63447174;SPRF-PI;DEL01-PI;UOP02-DEL01-PI
589539;24/03/2024;domingo;20:54:00;PR;376;593,9;CURITIBA;Condutor deixou de manter distância do veículo da frente;Colisão traseira;Com Vítimas Feridas;Plena Noite;Crescente;Nublado;Dupla;Reta;Sim;3;0;1;0;1;1;1;2;-25,48537242;-49,34736729;SPRF-PR;DEL01-PR;UOP06-DEL01-PR
589540;24/03/2024;domingo;20:00:00;MG;365;808;SANTA VITORIA;Ultrapassagem Indevida;Colisão frontal;Com Vítimas Fatais;Plena Noite;Decrescente;Chuva;Simples;Reta;Não;2;1;0;1;0;0;1;2;-18,89306434;-49,98270606;SPRF-MG;DEL15-MG;UOP03-DEL15-MG
589541;24/03/2024;domingo;19:10:00;RN;304;220;CAICARA DO RIO DO VENTO;Ausência de reação do condutor;Saída de leito carroçável;Com Vítimas Feridas;Plena Noite;Crescente;Céu Claro;Simples;Declive;Não;3;0;2;0;1;0;2;1;-5,757041;-35,98889;SPRF-RN;DEL01-RN;UOP03-DEL01-RN
589542;24/03/2024;domingo;20:10:00;MT;163;837;SINOP;Ausência de reação do condutor;Colisão traseira;Com Vítimas Feridas;Plena Noite;Decrescente;Céu Claro;Dupla;Reta;Sim;2;0;0;2;0;0;2;1;-11,8425363;-55,49039304;SPRF-MT;DEL06-MT;UOP02-DEL06-MT
589543;24/03/2024;domingo;17:54:00;RN;406;99,9;JOAO CAMARA;Ingestão de álcool pelo condutor;Capotamento;Com Vítimas Feridas;Anoitecer;Crescente;Céu Claro;Simples;Reta;Não;4;0;2;0;2;0;2;1;-5,51695989;-35,84011497;SPRF-RN;DEL02-RN;UOP01-DEL02-RN
589544;24/03/2024;domingo;20:30:00;SC;101;203,9;SAO JOSE;Acessar a via sem observar a presença dos outros veículos;Colisão transversal;Com Vítimas Feridas;Plena Noite;Decrescente;Céu Claro;Múltipla;"Rotatória;Interseção de Vias";Não;2;0;1;0;1;0;1;2;-27,5650044;-48,61460082;SPRF-SC;DEL01-SC;UOP01-DEL01-SC
589545;24/03/2024;domingo;08:50:00;RS;470;70,4;LAGOA VERMELHA;Ingestão de álcool pelo condutor;Saída de leito carroçável;Com Vítimas Feridas;Plena Noite;Decrescente;Céu Claro;Simples;Reta;Não;1;0;1;0;0;0;1;1;-28,167405;-51,515801;SPRF-RS;DEL08-RS;UOP05-DEL08-RS
589546;24/03/2024;domingo;19:45:00;MG;153;177,8;COMENDADOR GOMES;Ausência de reação do condutor;Saída de leito carroçável;Sem Vítimas;Plena Noite;Decrescente;Garoa/Chuvisco;Simples;"Reta;Aclive";Não;1;0;0;0;0;1;0;1;-19,83046896;-48,96611371;SPRF-MG;DEL13-MG;UOP02-DEL13-MG
589547;24/03/2024;domingo;19:00:00;PB;361;23;SANTA TERESINHA;Reação tardia ou ineficiente do condutor;Queda de ocupante de veículo;Com Vítimas Feridas;Plena Noite;Crescente;Céu Claro;Simples;Reta;Sim;1;0;1;0;0;0;1;1;-7,08514847;-37,44811299;SPRF-PB;DEL03-PB;UOP01-DEL03-PB
589548;24/03/2024;domingo;20:45:00;RJ;101;558;PARATY;Pista Escorregadia;Queda de ocupante de veículo;Com Vítimas Feridas;Plena Noite;Crescente;Chuva;Simples;Reta;Não;1;0;1;0;0;0;1;1;-23,09727792;-44,70328307;SPRF-RJ;DEL03-RJ;UOP04-DEL03-RJ
589549;24/03/2024;domingo;21:40:00;DF;70;15;BRASILIA;Ingestão de álcool pelo condutor;Saída de leito carroçável;Com Vítimas Feridas;Plena Noite;Crescente;Céu Claro;Dupla;Reta;Não;4;0;1;0;3;0;1;1;-15,79686;-48,192167;SPRF-DF;DEL03-DF;UOP02-DEL03-DF
589550;24/03/2024;domingo;21:45:00;PR;376;282;MAUA DA SERRA;Acesso irregular;Incêndio;Sem Vítimas;Plena Noite;Crescente;Céu Claro;Dupla;Reta;Não;1;0;0;0;0;1;0;1;-23,82970677;-51,25421405;SPRF-PR;DEL07-PR;UOP02-DEL07-PR
589551;24/03/2024;domingo;17:45:00;RJ;101;228;SILVA JARDIM;Reação tardia ou ineficiente do condutor;Saída de leito carroçável;Sem Vítimas;Plena Noite;Decrescente;Chuva;Dupla;Reta;Não;2;0;0;0;2;0;0;1;-22,56241824;-42,35993577;SPRF-RJ;DEL02-RJ;UOP03-DEL02-RJ
589552;24/03/2024;domingo;20:35:00;RJ;101;483;ANGRA DOS REIS;Ingestão de álcool pelo condutor;Colisão lateral sentido oposto;Com Vítimas Feridas;Plena Noite;Decrescente;Chuva;Simples;Curva;Sim;6;0;3;0;3;0;3;5;-22,99719001;-44,30136205;SPRF-RJ;DEL03-RJ;UOP03-DEL03-RJ
589555;24/03/2024;domingo;21:40:00;MG;40;276;TRES MARIAS;Reação tardia ou ineficiente do condutor;Colisão lateral mesmo sentido;Com Vítimas Feridas;Plena Noite;Crescente;Nublado;Simples;Aclive;Sim;2;0;0;1;1;0;1;2;-18,20602828;-45,23123233;SPRF-MG;DEL14-MG;UOP02-DEL14-MG
589556;24/03/2024;domingo;21:00:00;BA;407;1;JUAZEIRO;Acessar a via sem observar a presença dos outros veículos;Colisão transversal;Com Vítimas Feridas;Plena Noite;Crescente;Céu Claro;Simples;Reta;Sim;3;0;1;0;2;0;1;2;-9,4250917;-40,50357694;SPRF-PE;DEL06-PE;UOP01-DEL06-PE
589557;24/03/2024;domingo;22:00:00;SC;101;4,1;ARARANGUA;Pedestre cruzava a pista fora da faixa;Atropelamento de Pedestre;Com Vítimas Fatais;Plena Noite;Crescente;Nublado;Simples;Reta;Sim;2;1;0;0;0;1;0;2;-28,95709792;-49,51300979;SPRF-SC;DEL02-SC;UOP02-DEL02-SC
589558;24/03/2024;domingo;23:10:00;GO;153;435;ANAPOLIS;Pista Escorregadia;Colisão com objeto;Com Vítimas Feridas;Plena Noite;Decrescente;Chuva;Dupla;Reta;Não;3;0;2;0;1;0;2;2;-16,280523;-48,960049;SPRF-GO;DEL02-GO;UOP01-DEL02-GO
589560;24/03/2024;domingo;23:00:00;SC;101;131,5;CAMBORIU;Entrada inopinada do pedestre;Atropelamento de Pedestre;Com Vítimas Fatais;Plena Noite;Crescente;Céu Claro;Múltipla;Reta;Sim;2;1;1;0;0;0;1;2;-26,9944245;-48,6591476;SPRF-SC;DEL04-SC;UOP03-DEL04-SC
589561;24/03/2024;domingo;21:10:00;RS;470;223;GARIBALDI;Acessar a via sem observar a presença dos outros veículos;Colisão transversal;Sem Vítimas;Plena Noite;Crescente;Céu Claro;Simples;"Reta;Retorno Regulamentado";Não;3;0;0;0;3;0;0;2;-29,21249203;-51,51794436;SPRF-RS;DEL06-RS;UOP01-DEL06-RS
589562;24/03/2024;domingo;23:30:00;RS;116;248;SAO LEOPOLDO;Desrespeitar a preferência no cruzamento;Colisão frontal;Com Vítimas Feridas;Plena Noite;Crescente;Céu Claro;Dupla;"Viaduto;Interseção de Vias";Sim;3;0;1;0;2;0;1;2;-29,77605895;-51,15508618;SPRF-RS;DEL01-RS;UOP02-DEL01-RS
589563;24/03/2024;domingo;19:40:00;PI;230;306;FLORIANO;Acessar a via sem observar a presença dos outros veículos;Colisão transversal;Com Vítimas Feridas;Plena Noite;Decrescente;Céu Claro;Simples;Reta;Não;2;0;2;0;0;0;2;2;-6,79173488;-42,98594092;SPRF-PI;DEL03-PI;UOP01-DEL03-PI
589564;24/03/2024;domingo;22:20:00;MT;163;14,9;ITIQUIRA;Transitar na contramão;Colisão frontal;Com Vítimas Feridas;Plena Noite;Decrescente;Chuva;Dupla;Reta;Sim;3;0;0;1;2;0;1;2;-17,396683;-54,758442;SPRF-MT;DEL02-MT;UOP03-DEL02-MT
589565;24/03/2024;domingo;22:25:00;RJ;40;115;DUQUE DE CAXIAS;Ausência de reação do condutor;Saída de leito carroçável;Com Vítimas Fatais;Plena Noite;Decrescente;Chuva;Múltipla;Reta;Não;7;3;0;3;0;1;3;2;-22,72756999;-43,2891609;SPRF-RJ;DEL01-RJ;UOP02-DEL01-RJ
589567;25/03/2024;segunda-feira;01:00:00;MG;381;154;GOVERNADOR VALADARES;Animais na Pista;Atropelamento de Animal;Com Vítimas Feridas;Plena Noite;Decrescente;Ignorado;Simples;Reta;Sim;1;0;0;1;0;0;1;1;-18,88666107;-42,00230199;SPRF-MG;DEL06-MG;UOP01-DEL06-MG
589568;24/03/2024;domingo;17:00:00;RR;174;618;AMAJARI;Reação tardia ou ineficiente do condutor;Tombamento;Com Vítimas Feridas;Anoitecer;Decrescente;Céu Claro;Simples;Reta;Não;2;0;2;0;0;0;2;1;3,75543;-60,997845;SPRF-RR;DEL01-RR;UOP01-DEL01-RR
589569;25/03/2024;segunda-feira;01:10:00;SC;101;200,3;SAO JOSE;Reação tardia ou ineficiente do condutor;Tombamento;Com Vítimas Feridas;Plena Noite;Crescente;Céu Claro;Múltipla;Curva;Sim;1;0;1;0;0;0;1;1;-27,54018513;-48,62287714;SPRF-SC;DEL01-SC;UOP01-DEL01-SC
589570;24/03/2024;domingo;23:30:00;BA;20;178;LUIS EDUARDO MAGALHAES;Acessar a via sem observar a presença dos outros veículos;Colisão traseira;Com Vítimas Feridas;Pleno dia;Decrescente;Ignorado;Simples;Reta;Não;3;0;0;1;1;1;1;2;-12,380644;-45,865532;SPRF-BA;DEL10-BA;UOP01-DEL10-BA
589572;24/03/2024;domingo;23:10:00;PR;277;702,9;SAO MIGUEL DO IGUACU;Iluminação deficiente;Colisão traseira;Com Vítimas Feridas;Plena Noite;Decrescente;Céu Claro;Dupla;"Reta;Declive";Não;2;0;1;0;1;0;1;2;-25,420538;-54,353033;SPRF-PR;DEL05-PR;UOP01-DEL05-PR
589575;25/03/2024;segunda-feira;00:30:00;MA;226;0;TIMON;Ausência de reação do condutor;Colisão com objeto;Com Vítimas Feridas;Plena Noite;Decrescente;Chuva;Simples;"Ponte;Reta";Sim;1;0;1;0;0;0;1;1;-5,1311846;-42,815704;SPRF-MA;DEL03-MA;UOP02-DEL03-MA
589576;25/03/2024;segunda-feira;02:30:00;SC;470;34,8;GASPAR;Ingestão de álcool pelo condutor;Saída de leito carroçável;Sem Vítimas;Plena Noite;Crescente;Nublado;Simples;"Em Obras;Desvio Temporário;Reta";Não;1;0;0;0;1;0;0;1;-26,91205274;-48,9555491;SPRF-SC;DEL04-SC;UOP01-DEL04-SC
589577;25/03/2024;segunda-feira;04:30:00;GO;60;69,6;ABADIANIA;Ingestão de álcool pelo condutor;Saída de leito carroçável;Sem Vítimas;Amanhecer;Crescente;Garoa/Chuvisco;Dupla;"Curva;Declive";Não;1;0;0;0;1;0;0;1;-16,238599;-48,760074;SPRF-GO;DEL02-GO;UOP01-DEL02-GO
589578;25/03/2024;segunda-feira;05:30:00;ES;101;143;LINHARES;Ausência de reação do condutor;Saída de leito carroçável;Com Vítimas Feridas;Amanhecer;Crescente;Céu Claro;Dupla;Reta;Não;1;0;1;0;0;0;1;1;-19,34286596;-40,0638568;SPRF-ES;DEL04-ES;UOP01-DEL04-ES
589579;24/03/2024;domingo;20:30:00;PI;222;92;PIRIPIRI;Ingestão de álcool pelo condutor;Atropelamento de Animal;Com Vítimas Feridas;Plena Noite;Decrescente;Céu Claro;Simples;Reta;Sim;1;0;1;0;0;0;1;1;-4,22541522;-41,89356917;SPRF-PI;DEL02-PI;UOP01-DEL02-PI
589583;25/03/2024;segunda-feira;05:30:00;PR;163;225,5;CASCAVEL;Animais na Pista;Atropelamento de Animal;Sem Vítimas;Amanhecer;Crescente;Céu Claro;Dupla;Interseção de Vias;Não;1;0;0;0;1;0;0;1;-24,897235;-53,533793;SPRF-PR;DEL04-PR;UOP01-DEL04-PR
589584;25/03/2024;segunda-feira;06:20:00;DF;70;18;BRASILIA;Condutor deixou de manter distância do veículo da frente;Colisão traseira;Com Vítimas Feridas;Pleno dia;Decrescente;Sol;Dupla;Reta;Sim;3;0;1;0;1;1;1;3;-15,791093;-48,21096;SPRF-DF;DEL03-DF;UOP02-DEL03-DF
589586;25/03/2024;segunda-feira;06:15:00;SP;116;53,9;LORENA;Condutor deixou de manter distância do veículo da frente;Colisão traseira;Com Vítimas Feridas;Pleno dia;Crescente;Nublado;Dupla;"Reta;Aclive";Não;3;0;1;0;1;1;1;2;-22,75255433;-45,10741076;SPRF-SP;DEL08-SP;UOP02-DEL08-SP
589588;24/03/2024;domingo;23:50:00;MT;364;256;JUSCIMEIRA;Reação tardia ou ineficiente do condutor;Saída de leito carroçável;Sem Vítimas;Plena Noite;Crescente;Nublado;Dupla;Retorno Regulamentado;Não;1;0;0;0;0;1;0;1;-16,06162028;-54,87163258;SPRF-MT;DEL02-MT;UOP01-DEL02-MT
589590;25/03/2024;segunda-feira;00:10:00;DF;60;5,4;BRASILIA;Reação tardia ou ineficiente do condutor;Saída de leito carroçável;Sem Vítimas;Plena Noite;Crescente;Chuva;Dupla;"Reta;Declive";Sim;1;0;0;0;0;1;0;1;-15,896447;-48,108091;SPRF-DF;DEL03-DF;UOP01-DEL03-DF
589591;25/03/2024;segunda-feira;07:03:00;RN;304;30,9;MOSSORO;Acessar a via sem observar a presença dos outros veículos;Colisão traseira;Com Vítimas Feridas;Pleno dia;Crescente;Céu Claro;Simples;Reta;Não;3;0;2;0;1;0;2;2;-5,11703801;-37,34100094;SPRF-RN;DEL04-RN;UOP02-DEL04-RN
589593;25/03/2024;segunda-feira;07:35:00;GO;153;491,2;GOIANIA;Manobra de mudança de faixa;Colisão lateral mesmo sentido;Com Vítimas Feridas;Pleno dia;Crescente;Céu Claro;Dupla;"Declive;Reta";Sim;3;0;0;1;1;1;1;3;-16,63232665;-49,20525312;SPRF-GO;DEL01-GO;UOP01-DEL01-GO
589594;25/03/2024;segunda-feira;06:52:00;MS;60;418;SIDROLANDIA;Acesso irregular;Colisão transversal;Com Vítimas Feridas;Pleno dia;Crescente;Céu Claro;Simples;Reta;Não;6;0;0;1;5;0;1;2;-20,89868425;-54,89451098;SPRF-MS;DEL01-MS;UOP04-DEL01-MS
589595;25/03/2024;segunda-feira;07:30:00;PR;277;53;SAO JOSE DOS PINHAIS;Reação tardia ou ineficiente do condutor;Colisão lateral mesmo sentido;Sem Vítimas;Pleno dia;Crescente;Céu Claro;Múltipla;Reta;Não;1;0;0;0;1;0;0;1;-25,591842;-48,92584;SPRF-PR;DEL01-PR;UOP01-DEL01-PR
589596;25/03/2024;segunda-feira;07:10:00;SC;101;214,4;PALHOCA;Condutor deixou de manter distância do veículo da frente;Colisão traseira;Com Vítimas Feridas;Pleno dia;Decrescente;Céu Claro;Múltipla;"Reta;Aclive";Sim;3;0;3;0;0;0;3;2;-27,64443;-48,67057;SPRF-SC;DEL01-SC;UOP02-DEL01-SC
589597;25/03/2024;segunda-feira;06:50:00;MS;158;266;TRES LAGOAS;Animais na Pista;Tombamento;Com Vítimas Feridas;Pleno dia;Decrescente;Nublado;Simples;Reta;Sim;1;0;1;0;0;0;1;1;-20,75843528;-51,69717873;SPRF-MS;DEL07-MS;UOP01-DEL07-MS
589599;25/03/2024;segunda-feira;07:59:00;RN;405;3,1;MOSSORO;Conversão proibida;Colisão transversal;Com Vítimas Feridas;Pleno dia;Crescente;Sol;Simples;Reta;Sim;2;0;0;1;1;0;1;2;-5,19386547;-37,38052995;SPRF-RN;DEL04-RN;UOP02-DEL04-RN
589601;25/03/2024;segunda-feira;05:30:00;RN;226;381;ANTONIO MARTINS;Ausência de reação do condutor;Saída de leito carroçável;Com Vítimas Fatais;Pleno dia;Crescente;Céu Claro;Dupla;Reta;Não;1;1;0;0;0;0;0;1;-6,19499778;-37,97312737;SPRF-RN;DEL04-RN;UOP02-DEL04-RN
589602;25/03/2024;segunda-feira;07:15:00;GO;153;501,9;GOIANIA;Reação tardia ou ineficiente do condutor;Colisão traseira;Com Vítimas Feridas;Pleno dia;Decrescente;Nublado;Dupla;Reta;Sim;2;0;0;1;1;0;1;2;-16,7189;-49,2382;SPRF-GO;DEL01-GO;UOP01-DEL01-GO
589603;25/03/2024;segunda-feira;08:00:00;SP;116;214;GUARULHOS;Ausência de reação do condutor;Colisão traseira;Com Vítimas Feridas;Pleno dia;Decrescente;Sol;Múltipla;Reta;Não;3;0;1;0;1;1;1;3;-23,44333014;-46,44531294;SPRF-SP;DEL01-SP;UOP01-DEL01-SP
589604;25/03/2024;segunda-feira;07:40:00;PR;277;75;SAO JOSE DOS PINHAIS;Condutor deixou de manter distância do veículo da frente;Colisão traseira;Com Vítimas Feridas;Pleno dia;Crescente;Céu Claro;Dupla;Reta;Não;3;0;2;0;1;0;2;2;-25,51327981;-49,12433291;SPRF-PR;DEL01-PR;UOP07-DEL01-PR
589608;25/03/2024;segunda-feira;07:35:00;MG;40;698;BARBACENA;Condutor deixou de manter distância do veículo da frente;Colisão traseira;Com Vítimas Feridas;Pleno dia;Decrescente;Nublado;Simples;"Curva;Aclive";Não;3;0;2;0;1;0;2;2;-21,19022386;-43,75187159;SPRF-MG;DEL05-MG;UOP02-DEL05-MG
589609;25/03/2024;segunda-feira;08:00:00;RJ;356;174;SAO JOAO DA BARRA;Transitar na contramão;Colisão frontal;Com Vítimas Feridas;Pleno dia;Crescente;Céu Claro;Simples;"Curva;Rotatória;Interseção de Vias";Não;3;0;2;0;1;0;2;2;-21,707642;-41,05687;SPRF-RJ;DEL08-RJ;UOP02-DEL08-RJ
589610;25/03/2024;segunda-feira;07:00:00;RN;304;248;SANTA MARIA;Desrespeitar a preferência no cruzamento;Colisão transversal;Com Vítimas Feridas;Pleno dia;Crescente;Céu Claro;Simples;"Interseção de Vias;Reta";Não;3;0;3;0;0;0;3;2;-5,828252;-35,766157;SPRF-RN;DEL01-RN;UOP02-DEL01-RN
589611;25/03/2024;segunda-feira;08:00:00;SP;116;1;GUARULHOS;Trafegar com motocicleta (ou similar) entre as faixas;Colisão traseira;Com Vítimas Feridas;Pleno dia;Decrescente;Céu Claro;Simples;Reta;Sim;2;0;1;0;1;0;1;2;-23,463257;-46,53373;SPRF-SP;DEL01-SP;UOP01-DEL01-SP
589612;24/03/2024;domingo;21:20:00;PI;343;182,2;PIRIPIRI;Ingestão de álcool pelo condutor;Colisão lateral mesmo sentido;Sem Vítimas;Plena Noite;Crescente;Nublado;Simples;Em Obras;Sim;2;0;0;0;2;0;0;2;-4,257154;-41,759956;SPRF-PI;DEL02-PI;UOP01-DEL02-PI
589613;25/03/2024;segunda-feira;07:50:00;SC;101;199,8;SAO JOSE;Manobra de mudança de faixa;Colisão lateral mesmo sentido;Com Vítimas Feridas;Pleno dia;Crescente;Céu Claro;Dupla;"Interseção de Vias;Reta";Sim;2;0;1;0;1;0;1;2;-27,53413705;-48,63003205;SPRF-SC;DEL01-SC;UOP01-DEL01-SC
589614;25/03/2024;segunda-feira;06:45:00;MT;163;828;SINOP;Ausência de reação do condutor;Queda de ocupante de veículo;Com Vítimas Feridas;Pleno dia;Crescente;Chuva;Dupla;Reta;Sim;2;0;1;1;0;0;2;1;-12,049672;-55,51738084;SPRF-MT;DEL06-MT;UOP02-DEL06-MT
589615;25/03/2024;segunda-feira;08:30:00;PR;277;1;FOZ DO IGUACU;Trafegar com motocicleta (ou similar) entre as faixas;Colisão traseira;Com Vítimas Feridas;Pleno dia;Crescente;Céu Claro;Dupla;Reta;Sim;3;0;1;0;2;0;1;3;-25,49716074;-54,58359718;SPRF-PR;DEL05-PR;UOP03-DEL05-PR
589616;25/03/2024;segunda-feira;08:20:00;MG;381;486;BETIM;Manobra de mudança de faixa;Colisão lateral mesmo sentido;Com Vítimas Feridas;Pleno dia;Decrescente;Céu Claro;Dupla;Reta;Não;2;0;1;0;1;0;1;2;-19,95659361;-44,12622893;SPRF-MG;DEL01-MG;UOP03-DEL01-MG
589619;25/03/2024;segunda-feira;06:45:00;RJ;40;114;DUQUE DE CAXIAS;Avarias e/ou desgaste excessivo no pneu;Tombamento;Com Vítimas Feridas;Pleno dia;Decrescente;Céu Claro;Dupla;Reta;Não;2;0;1;0;1;0;1;1;-22,71853604;-43,28993324;SPRF-RJ;DEL01-RJ;UOP02-DEL01-RJ
589621;25/03/2024;segunda-feira;07:20:00;RJ;40;106;DUQUE DE CAXIAS;Transitar na contramão;Colisão frontal;Com Vítimas Feridas;Pleno dia;Crescente;Céu Claro;Simples;Reta;Não;2;0;1;0;1;0;1;2;-22,64679;-43,283726;SPRF-RJ;DEL01-RJ;UOP02-DEL01-RJ
589622;25/03/2024;segunda-feira;08:00:00;PR;277;593,6;CASCAVEL;Acessar a via sem observar a presença dos outros veículos;Colisão transversal;Com Vítimas Feridas;Pleno dia;Decrescente;Céu Claro;Dupla;"Interseção de Vias;Reta";Sim;2;0;0;1;1;0;1;2;-24,98082053;-53,48254989;SPRF-PR;DEL04-PR;UOP01-DEL04-PR