id;data_inversa;dia_semana;horario;uf;br;km;municipio;causa_acidente;tipo_acidente;classificacao_acidente;fase_dia;sentido_via;condicao_metereologica;tipo_pista;tracado_via;uso_solo;pessoas;mortos;feridos_leves;feridos_graves;ilesos;ignorados;feridos;veiculos;latitude;longitude;regional;delegacia;uop
589907;26/03/2024;terça-feira;17:00:00;SP;116;541,3;BARRA DO TURVO;Reação tardia ou ineficiente do condutor;Colisão com objeto;Com Vítimas Feridas;Anoitecer;Crescente;Chuva;Dupla;"Curva;Aclive";Não;2;0;1;0;1;0;1;1;-24,97245688;-48,39976606;SPRF-SP;DEL05-SP;UOP02-DEL05-SP
589908;26/03/2024;terça-feira;18:30:00;MS;267;246,2;NOVA ALVORADA DO SUL;Demais falhas mecânicas ou elétricas;Saída de leito carroçável;Com Vítimas Feridas;Plena Noite;Crescente;Nublado;Simples;"Reta;Aclive";Não;3;0;2;0;1;0;2;1;-21,47929648;-54,35521712;SPRF-MS;DEL02-MS;UOP01-DEL02-MS
589910;27/02/2024;terça-feira;17:10:00;MG;50;67,5;UBERLANDIA;Acessar a via sem observar a presença dos outros veículos;Colisão transversal;Com Vítimas Feridas;Pleno dia;Crescente;Ignorado;Dupla;Interseção de Vias;Sim;2;0;1;0;0;1;1;2;-18,87508;-48,25922;SPRF-MG;DEL15-MG;UOP02-DEL15-MG
589911;26/03/2024;terça-feira;18:50:00;PE;232;7;RECIFE;Acostamento em desnível;Queda de ocupante de veículo;Com Vítimas Feridas;Plena Noite;Decrescente;Céu Claro;Dupla;"Em Obras;Reta;Interseção de Vias";Sim;2;0;1;1;0;0;2;1;-8,075831;-34,969702;SPRF-PE;DEL01-PE;UOP01-DEL01-PE
589912;26/03/2024;terça-feira;19:30:00;PR;376;492;PONTA GROSSA;Ausência de reação do condutor;Colisão traseira;Com Vítimas Feridas;Plena Noite;Crescente;Céu Claro;Dupla;Reta;Não;1;0;0;1;0;0;1;1;-25,15559918;-50,13322909;SPRF-PR;DEL03-PR;UOP04-DEL03-PR
589913;26/03/2024;terça-feira;19:10:00;RJ;101;321;NITEROI;Chuva;Colisão lateral mesmo sentido;Com Vítimas Feridas;Plena Noite;Decrescente;Chuva;Dupla;Reta;Não;2;0;1;0;1;0;1;2;-22,86981096;-43,11046465;SPRF-RJ;DEL02-RJ;UOP01-DEL02-RJ
589915;26/03/2024;terça-feira;20:11:00;DF;40;6;BRASILIA;Trafegar com motocicleta (ou similar) entre as faixas;Colisão lateral mesmo sentido;Com Vítimas Feridas;Plena Noite;Crescente;Nublado;Dupla;Reta;Sim;4;0;1;0;3;0;1;4;-16,029741;-47,978867;SPRF-DF;DEL01-DF;UOP01-DEL01-DF
589917;26/03/2024;terça-feira;19:15:00;RJ;101;296;ITABORAI;Reação tardia ou ineficiente do condutor;Queda de ocupante de veículo;Com Vítimas Feridas;Plena Noite;Decrescente;Garoa/Chuvisco;Dupla;Curva;Não;1;0;1;0;0;0;1;1;-22,7670498;-42,91019601;SPRF-RJ;DEL02-RJ;UOP02-DEL02-RJ
589919;26/03/2024;terça-feira;19:20:00;RO;364;708;PORTO VELHO;Acumulo de areia ou detritos sobre o pavimento;Queda de ocupante de veículo;Com Vítimas Feridas;Plena Noite;Crescente;Céu Claro;Dupla;Reta;Sim;1;0;1;0;0;0;1;1;-8,79554083;-63,84072487;SPRF-RO;DEL01-RO;UOP01-DEL01-RO
589920;26/03/2024;terça-feira;21:05:00;RN;304;37,8;MOSSORO;Transitar na contramão;Colisão frontal;Com Vítimas Feridas;Plena Noite;Crescente;Nublado;Múltipla;"Declive;Viaduto;Reta";Sim;3;0;2;0;1;0;2;2;-5,17455933;-37,36227171;SPRF-RN;DEL04-RN;UOP02-DEL04-RN
589921;26/03/2024;terça-feira;16:40:00;RJ;40;81;PETROPOLIS;Chuva;Capotamento;Com Vítimas Feridas;Pleno dia;Crescente;Chuva;Dupla;Reta;Não;1;0;1;0;0;0;1;1;-22,50560003;-43,23186384;SPRF-RJ;DEL01-RJ;UOP01-DEL01-RJ
589923;26/03/2024;terça-feira;21:05:00;ES;101;300;VIANA;Acesso irregular;Colisão lateral mesmo sentido;Com Vítimas Feridas;Plena Noite;Decrescente;Céu Claro;Múltipla;Interseção de Vias;Sim;2;0;1;0;1;0;1;2;-20,358635;-40,432167;SPRF-ES;DEL01-ES;UOP01-DEL01-ES
589924;26/03/2024;terça-feira;18:40:00;RS;116;488;PELOTAS;Reação tardia ou ineficiente do condutor;Atropelamento de Pedestre;Com Vítimas Feridas;Anoitecer;Crescente;Céu Claro;Dupla;Reta;Não;3;0;0;1;2;0;1;2;-31,45150701;-52,20482999;SPRF-RS;DEL07-RS;UOP01-DEL07-RS
589926;26/03/2024;terça-feira;18:40:00;RO;364;518;ARIQUEMES;Pista esburacada;Tombamento;Com Vítimas Feridas;Plena Noite;Crescente;Garoa/Chuvisco;Dupla;Reta;Não;1;0;1;0;0;0;1;1;-9,897787;-63,05624596;SPRF-RO;DEL03-RO;UOP01-DEL03-RO
589929;26/03/2024;terça-feira;21:30:00;SC;101;151;ITAPEMA;Manobra de mudança de faixa;Colisão lateral mesmo sentido;Com Vítimas Feridas;Plena Noite;Decrescente;Céu Claro;Múltipla;Reta;Não;2;0;1;0;1;0;1;2;-27,126536;-48,609642;SPRF-SC;DEL04-SC;UOP03-DEL04-SC
589931;26/03/2024;terça-feira;20:50:00;PE;101;70;RECIFE;Condutor deixou de manter distância do veículo da frente;Colisão traseira;Com Vítimas Feridas;Plena Noite;Decrescente;Céu Claro;Dupla;Viaduto;Sim;2;0;0;1;1;0;1;2;-8,06776119;-34,94265074;SPRF-PE;DEL01-PE;UOP01-DEL01-PE
589932;26/03/2024;terça-feira;21:20:00;MG;381;611;OLIVEIRA;Pedestre cruzava a pista fora da faixa;Atropelamento de Pedestre;Com Vítimas Feridas;Plena Noite;Decrescente;Céu Claro;Dupla;"Viaduto;Curva";Não;2;0;1;0;1;0;1;2;-20,71328969;-44,76134722;SPRF-MG;DEL04-MG;UOP01-DEL04-MG
589934;26/03/2024;terça-feira;20:00:00;RJ;101;387;RIO DE JANEIRO;Chuva;Queda de ocupante de veículo;Com Vítimas Feridas;Plena Noite;Crescente;Chuva;Múltipla;Reta;Não;2;0;1;0;1;0;1;1;-22,88537839;-43,64965688;SPRF-RJ;DEL03-RJ;UOP01-DEL03-RJ
589935;26/03/2024;terça-feira;19:45:00;MG;40;358,1;FELIXLANDIA;Ingestão de álcool pelo condutor;Colisão com objeto;Sem Vítimas;Plena Noite;Crescente;Nublado;Simples;Reta;Não;2;0;0;0;1;1;0;2;-18,73919502;-44,86258507;SPRF-MG;DEL02-MG;UOP01-DEL02-MG
589938;26/03/2024;terça-feira;21:15:00;MA;316;268;SANTA INES;Transitar na contramão;Colisão frontal;Com Vítimas Feridas;Plena Noite;Decrescente;Céu Claro;Simples;"Reta;Retorno Regulamentado";Sim;3;0;1;1;1;0;2;2;-3,66269266;-45,39049929;SPRF-MA;DEL02-MA;UOP01-DEL02-MA
589941;26/03/2024;terça-feira;21:40:00;GO;40;72,5;CRISTALINA;Sinalização mal posicionada;Saída de leito carroçável;Com Vítimas Feridas;Plena Noite;Decrescente;Chuva;Dupla;Desvio Temporário;Não;2;0;1;1;0;0;2;1;-16,615897;-47,756002;SPRF-DF;DEL01-DF;UOP02-DEL01-DF
589942;26/03/2024;terça-feira;20:15:00;PE;428;80;SANTA MARIA DA BOA VISTA;Reação tardia ou ineficiente do condutor;Saída de leito carroçável;Sem Vítimas;Plena Noite;Crescente;Céu Claro;Simples;Reta;Não;2;0;0;0;2;0;0;1;-8,76871216;-39,81496461;SPRF-PE;DEL06-PE;UOP03-DEL06-PE
589943;26/03/2024;terça-feira;21:45:00;MG;40;355,8;FELIXLANDIA;Ultrapassagem Indevida;Colisão frontal;Com Vítimas Fatais;Plena Noite;Crescente;Céu Claro;Simples;Reta;Não;5;1;2;1;1;0;3;2;-18,730675;-44,882607;SPRF-MG;DEL02-MG;UOP01-DEL02-MG
589944;26/03/2024;terça-feira;21:15:00;MT;364;575;NOBRES;Condutor Dormindo;Saída de leito carroçável;Com Vítimas Feridas;Plena Noite;Crescente;Chuva;Dupla;"Curva;Aclive";Não;1;0;0;1;0;0;1;1;-14,69408213;-56,31033089;SPRF-MT;DEL01-MT;UOP01-DEL01-MT
589945;26/03/2024;terça-feira;22:00:00;DF;70;7;BRASILIA;Reação tardia ou ineficiente do condutor;Saída de leito carroçável;Com Vítimas Feridas;Plena Noite;Crescente;Nublado;Dupla;"Declive;Reta";Não;1;0;0;1;0;0;1;1;-15,786568;-48,120498;SPRF-DF;DEL03-DF;UOP02-DEL03-DF
589946;26/03/2024;terça-feira;21:55:00;MG;262;388;FLORESTAL;Velocidade Incompatível;Saída de leito carroçável;Com Vítimas Feridas;Plena Noite;Crescente;Chuva;Dupla;Reta;Não;1;0;1;0;0;0;1;1;-19,9366751;-44,44352695;SPRF-MG;DEL01-MG;UOP03-DEL01-MG
589948;26/03/2024;terça-feira;22:50:00;PR;373;174,2;PONTA GROSSA;Acessar a via sem observar a presença dos outros veículos;Colisão transversal;Sem Vítimas;Plena Noite;Crescente;Nublado;Dupla;"Reta;Retorno Regulamentado";Sim;2;0;0;0;2;0;0;2;-25,07391578;-50,21081346;SPRF-PR;DEL03-PR;UOP01-DEL03-PR
589950;26/03/2024;terça-feira;21:20:00;RS;287;249,2;SANTA MARIA;Ausência de reação do condutor;Colisão com objeto;Com Vítimas Feridas;Plena Noite;Crescente;Céu Claro;Dupla;"Em Obras;Reta;Viaduto";Sim;1;0;1;0;0;0;1;1;-29,695;-53,857;SPRF-RS;DEL09-RS;UOP01-DEL09-RS
589954;26/03/2024;terça-feira;22:35:00;RJ;393;236;VASSOURAS;Acessar a via sem observar a presença dos outros veículos;Colisão transversal;Com Vítimas Feridas;Plena Noite;Crescente;Chuva;Simples;Reta;Não;2;0;2;0;0;0;2;2;-22,413743;-43,675716;SPRF-RJ;DEL05-RJ;UOP03-DEL05-RJ
589955;27/03/2024;quarta-feira;00:10:00;SP;381;86;SAO PAULO;Pista Escorregadia;Queda de ocupante de veículo;Com Vítimas Feridas;Plena Noite;Decrescente;Céu Claro;Múltipla;Curva;Sim;1;0;0;1;0;0;1;1;-23,45930499;-46,57161179;SPRF-SP;DEL03-SP;UOP01-DEL03-SP
589957;26/03/2024;terça-feira;19:30:00;SP;116;298,5;ITAPECERICA DA SERRA;Ausência de reação do condutor;Tombamento;Com Vítimas Feridas;Plena Noite;Crescente;Céu Claro;Dupla;Aclive;Sim;2;0;1;0;1;0;1;1;-23,790858;-46,91450298;SPRF-SP;DEL04-SP;UOP01-DEL04-SP
589958;27/03/2024;quarta-feira;00:45:00;ES;101;263,1;SERRA;Ausência de reação do condutor;Queda de ocupante de veículo;Com Vítimas Feridas;Plena Noite;Decrescente;Céu Claro;Dupla;Reta;Sim;1;0;1;0;0;0;1;1;-20,16554736;-40,27301648;SPRF-ES;DEL02-ES;UOP01-DEL02-ES
589959;27/03/2024;quarta-feira;00:30:00;RS;116;153;CAXIAS DO SUL;Condutor desrespeitou a iluminação vermelha do semáforo;Colisão transversal;Com Vítimas Feridas;Plena Noite;Crescente;Nublado;Dupla;Reta;Sim;3;0;1;0;1;1;1;3;-29,18579758;-51,17713005;SPRF-RS;DEL05-RS;UOP01-DEL05-RS
589961;27/03/2024;quarta-feira;00:40:00;PB;230;67,2;SOBRADO;Ingestão de álcool pelo condutor;Saída de leito carroçável;Sem Vítimas;Plena Noite;Decrescente;Chuva;Dupla;Curva;Não;1;0;0;0;1;0;0;1;-7,18575907;-35,19450903;SPRF-PB;DEL01-PB;UOP03-DEL01-PB
589962;27/03/2024;quarta-feira;03:30:00;SC;101;207;SAO JOSE;Ingestão de álcool pelo condutor;Tombamento;Com Vítimas Feridas;Plena Noite;Decrescente;Céu Claro;Dupla;Reta;Sim;1;0;1;0;0;0;1;1;-27,60001226;-48,6226467;SPRF-SC;DEL01-SC;UOP01-DEL01-SC
589964;27/03/2024;quarta-feira;02:50:00;RS;116;449;SAO LOURENCO DO SUL;Reação tardia ou ineficiente do condutor;Tombamento;Com Vítimas Feridas;Plena Noite;Crescente;Céu Claro;Dupla;Reta;Não;2;0;1;0;1;0;1;1;-31,18667912;-52,02416843;SPRF-RS;DEL02-RS;UOP02-DEL02-RS
589965;27/03/2024;quarta-feira;04:25:00;RJ;101;321;NITEROI;Ausência de reação do condutor;Colisão com objeto;Com Vítimas Feridas;Plena Noite;Decrescente;Chuva;Dupla;Reta;Não;1;0;1;0;0;0;1;1;-22,86981096;-43,11046465;SPRF-RJ;DEL02-RJ;UOP01-DEL02-RJ
589966;27/03/2024;quarta-feira;04:00:00;PR;376;651,8;TIJUCAS DO SUL;Ausência de reação do condutor;Colisão com objeto;Com Vítimas Fatais;Plena Noite;Crescente;Céu Claro;Dupla;"Curva;Declive;Retorno Regulamentado";Não;1;1;0;0;0;0;0;1;-25,84675916;-49,0650981;SPRF-PR;DEL01-PR;UOP04-DEL01-PR
589967;27/03/2024;quarta-feira;05:00:00;SP;116;284;ITAPECERICA DA SERRA;Ausência de reação do condutor;Colisão lateral mesmo sentido;Com Vítimas Feridas;Plena Noite;Decrescente;Céu Claro;Dupla;Reta;Não;1;0;1;0;0;0;1;1;-23,69998;-46,867767;SPRF-SP;DEL04-SP;UOP01-DEL04-SP
589968;27/03/2024;quarta-feira;04:00:00;RJ;40;70;PETROPOLIS;Chuva;Saída de leito carroçável;Com Vítimas Fatais;Amanhecer;Decrescente;Chuva;Dupla;"Curva;Declive";Não;1;1;0;0;0;0;0;1;-22,44906429;-43,19987784;SPRF-RJ;DEL05-RJ;UOP02-DEL05-RJ
589969;27/03/2024;quarta-feira;05:40:00;PR;487;162;ARARUNA;Animais na Pista;Atropelamento de Animal;Sem Vítimas;Amanhecer;Decrescente;Céu Claro;Simples;"Declive;Reta";Não;4;0;0;0;4;0;0;1;-23,99763674;-52,49438388;SPRF-PR;DEL09-PR;UOP03-DEL09-PR
589970;27/03/2024;quarta-feira;06:25:00;MG;262;800,3;UBERABA;Acessar a via sem observar a presença dos outros veículos;Atropelamento de Pedestre;Com Vítimas Feridas;Pleno dia;Decrescente;Nevoeiro/Neblina;Dupla;Reta;Sim;2;0;0;1;1;0;1;2;-19,779129;-47,945794;SPRF-MG;DEL13-MG;UOP01-DEL13-MG
589971;27/03/2024;quarta-feira;06:00:00;RJ;116;173;SAO JOAO DE MERITI;Reação tardia ou ineficiente do condutor;Colisão traseira;Com Vítimas Feridas;Pleno dia;Decrescente;Céu Claro;Dupla;Reta;Sim;2;0;1;0;1;0;1;2;-22,7948044;-43,36365402;SPRF-RJ;DEL06-RJ;UOP01-DEL06-RJ
589972;27/03/2024;quarta-feira;05:20:00;MG;40;464,2;SETE LAGOAS;Condutor Dormindo;Saída de leito carroçável;Com Vítimas Feridas;Amanhecer;Crescente;Nublado;Dupla;"Curva;Aclive";Sim;2;0;2;0;0;0;2;1;-19,43236;-44,33628;SPRF-MG;DEL02-MG;UOP01-DEL02-MG
589974;27/03/2024;quarta-feira;06:15:00;RS;116;258,9;CANOAS;Ausência de reação do condutor;Colisão com objeto;Com Vítimas Feridas;Amanhecer;Crescente;Céu Claro;Dupla;"Reta;Ponte";Sim;1;0;1;0;0;0;1;1;-29,86656797;-51,1810863;SPRF-RS;DEL01-RS;UOP02-DEL01-RS
589975;23/02/2024;sexta-feira;22:00:00;PE;232;5;RECIFE;Condutor deixou de manter distância do veículo da frente;Tombamento;Com Vítimas Fatais;Plena Noite;Decrescente;Céu Claro;Múltipla;Reta;Não;2;1;1;0;0;0;1;1;-8,06795766;-34,94535414;SPRF-PE;DEL01-PE;UOP01-DEL01-PE
589978;27/03/2024;quarta-feira;06:50:00;BA;116;434;FEIRA DE SANTANA;Condutor Dormindo;Capotamento;Com Vítimas Feridas;Pleno dia;Decrescente;Céu Claro;Dupla;Reta;Não;2;0;1;0;1;0;1;1;-12,2921164;-39,02284246;SPRF-BA;DEL02-BA;UOP01-DEL02-BA
589979;26/03/2024;terça-feira;21:40:00;MT;70;508;CUIABA;Ausência de reação do condutor;Saída de leito carroçável;Com Vítimas Feridas;Plena Noite;Decrescente;Chuva;Simples;Reta;Não;1;0;1;0;0;0;1;1;-15,6538904;-55,98982818;SPRF-MT;DEL01-MT;UOP02-DEL01-MT
589980;27/03/2024;quarta-feira;07:00:00;PR;116;17,7;COLOMBO;Estacionar ou parar em local proibido;Colisão traseira;Com Vítimas Feridas;Pleno dia;Decrescente;Céu Claro;Dupla;"Reta;Viaduto";Sim;2;0;1;0;1;0;1;2;-25,38930863;-49,19138074;SPRF-PR;DEL01-PR;UOP02-DEL01-PR
589982;27/03/2024;quarta-feira;07:00:00;PR;277;68;SAO JOSE DOS PINHAIS;Reação tardia ou ineficiente do condutor;Capotamento;Com Vítimas Feridas;Pleno dia;Decrescente;Nublado;Dupla;Reta;Não;1;0;0;1;0;0;1;1;-25,54112281;-49,06183391;SPRF-PR;DEL01-PR;UOP01-DEL01-PR
589984;27/03/2024;quarta-feira;07:15:00;RS;116;145,8;CAXIAS DO SUL;Afundamento ou ondulação no pavimento;Colisão lateral mesmo sentido;Com Vítimas Feridas;Pleno dia;Crescente;Céu Claro;Dupla;"Em Obras;Reta";Sim;2;0;1;0;1;0;1;2;-29,1350217;-51,1302779;SPRF-RS;DEL05-RS;UOP01-DEL05-RS
589990;27/03/2024;quarta-feira;07:20:00;ES;259;49,9;COLATINA;Acessar a via sem observar a presença dos outros veículos;Colisão transversal;Com Vítimas Feridas;Pleno dia;Crescente;Céu Claro;Simples;Curva;Sim;3;0;0;1;2;0;1;2;-19,51873313;-40,60040662;SPRF-ES;DEL02-ES;UOP01-DEL02-ES
589991;16/02/2024;sexta-feira;11:20:00;SC;470;56;BLUMENAU;Acessar a via sem observar a presença dos outros veículos;Colisão transversal;Com Vítimas Feridas;Pleno dia;Crescente;Nublado;Simples;Reta;Sim;2;0;1;0;1;0;1;2;-26,87730829;-49,12982941;SPRF-SC;DEL04-SC;UOP01-DEL04-SC
589992;27/03/2024;quarta-feira;06:05:00;RS;116;251,1;SAO LEOPOLDO;Reação tardia ou ineficiente do condutor;Saída de leito carroçável;Sem Vítimas;Amanhecer;Crescente;Céu Claro;Dupla;Reta;Não;1;0;0;0;1;0;0;1;-29,80035406;-51,16550365;SPRF-RS;DEL01-RS;UOP02-DEL01-RS
589994;27/03/2024;quarta-feira;07:00:00;PI;343;343;TERESINA;Condutor deixou de manter distância do veículo da frente;Colisão traseira;Com Vítimas Feridas;Pleno dia;Crescente;Nublado;Simples;"Reta;Aclive";Sim;2;0;2;0;0;0;2;2;-5,087362;-42,757851;SPRF-PI;DEL01-PI;UOP01-DEL01-PI
589995;11/03/2024;segunda-feira;17:00:00;MG;262;801;UBERABA;Avarias e/ou desgaste excessivo no pneu;Saída de leito carroçável;Com Vítimas Feridas;Pleno dia;Decrescente;Garoa/Chuvisco;Dupla;"Declive;Reta";Sim;2;0;1;0;1;0;1;2;-19,77920263;-47,955319;SPRF-MG;DEL13-MG;UOP01-DEL13-MG
589996;27/03/2024;quarta-feira;07:00:00;GO;60;137,4;GOIANIA;Ultrapassagem Indevida;Atropelamento de Pedestre;Com Vítimas Feridas;Pleno dia;Crescente;Nublado;Simples;"Reta;Declive";Sim;3;0;2;0;0;1;2;2;-16,603;-49,2023;SPRF-GO;DEL01-GO;UOP01-DEL01-GO
589998;27/03/2024;quarta-feira;08:10:00;PB;230;25;JOAO PESSOA;Transitar na contramão;Colisão lateral sentido oposto;Com Vítimas Feridas;Pleno dia;Decrescente;Chuva;Simples;Reta;Sim;2;0;1;0;1;0;1;2;-7,17056214;-34,87128496;SPRF-PB;DEL01-PB;UOP01-DEL01-PB
589999;27/03/2024;quarta-feira;03:00:00;SP;116;279;EMBU DAS ARTES;Ausência de reação do condutor;Atropelamento de Pedestre;Com Vítimas Feridas;Plena Noite;Crescente;Céu Claro;Dupla;Reta;Não;2;0;1;0;0;1;1;2;-23,66233697;-46,85292907;SPRF-SP;DEL04-SP;UOP01-DEL04-SP
590001;27/03/2024;quarta-feira;06:00:00;SP;116;226;GUARULHOS;Ausência de reação do condutor;Queda de ocupante de veículo;Com Vítimas Feridas;Pleno dia;Crescente;Céu Claro;Múltipla;"Reta;Em Obras";Sim;1;0;1;0;0;0;1;1;-23,49102507;-46,54878195;SPRF-SP;DEL01-SP;UOP01-DEL01-SP
590003;26/03/2024;terça-feira;09:00:00;BA;101;362;GANDU;Velocidade Incompatível;Colisão transversal;Com Vítimas Feridas;Pleno dia;Decrescente;Sol;Simples;Reta;Não;2;0;0;1;1;0;1;2;-13,85004503;-39,49736204;SPRF-BA;DEL05-BA;UOP03-DEL05-BA
590004;27/03/2024;quarta-feira;07:43:00;RJ;101;305;SAO GONCALO;Reação tardia ou ineficiente do condutor;Colisão traseira;Com Vítimas Feridas;Pleno dia;Crescente;Chuva;Dupla;Reta;Sim;3;0;1;0;1;1;1;3;-22,78702832;-42,99589293;SPRF-RJ;DEL02-RJ;UOP02-DEL02-RJ
590007;27/03/2024;quarta-feira;06:50:00;RO;364;204;PIMENTA BUENO;Ausência de reação do condutor;Saída de leito carroçável;Com Vítimas Feridas;Pleno dia;Decrescente;Nublado;Simples;Reta;Não;1;0;0;1;0;0;1;1;-11,6221911;-61,21108913;SPRF-RO;DEL02-RO;UOP02-DEL02-RO
590009;27/03/2024;quarta-feira;07:30:00;PR;277;95,7;CURITIBA;Condutor deixou de manter distância do veículo da frente;Colisão traseira;Com Vítimas Feridas;Pleno dia;Crescente;Céu Claro;Dupla;Reta;Sim;3;0;1;0;2;0;1;2;-25,54838443;-49,28586717;SPRF-PR;DEL01-PR;UOP06-DEL01-PR
590010;27/03/2024;quarta-feira;05:00:00;AL;316;127;MINADOR DO NEGRAO;Ausência de reação do condutor;Saída de leito carroçável;Sem Vítimas;Amanhecer;Crescente;Céu Claro;Simples;Reta;Não;1;0;0;0;0;1;0;1;-9,39352708;-36,87591699;SPRF-AL;DEL03-AL;UOP01-DEL03-AL
590011;27/03/2024;quarta-feira;09:00:00;MG;40;675,5;CARANDAI;Ausência de reação do condutor;Colisão com objeto;Com Vítimas Feridas;Pleno dia;Crescente;Nublado;Simples;Reta;Não;1;0;1;0;0;0;1;1;-21,01947152;-43,78312111;SPRF-MG;DEL05-MG;UOP02-DEL05-MG
590014;13/03/2024;quarta-feira;14:00:00;CE;116;6;FORTALEZA;Ausência de reação do condutor;Colisão traseira;Com Vítimas Feridas;Pleno dia;Crescente;Céu Claro;Dupla;Reta;Sim;3;0;1;0;2;0;1;3;-3,802624;-38,50400499;SPRF-CE;DEL01-CE;UOP02-DEL01-CE
590015;27/03/2024;quarta-feira;09:00:00;PR;369;148,6;LONDRINA;Transitar no Acostamento;Colisão lateral mesmo sentido;Com Vítimas Feridas;Pleno dia;Crescente;Céu Claro;Dupla;Reta;Sim;2;0;2;0;0;0;2;2;-23,29311132;-51,14471555;SPRF-PR;DEL07-PR;UOP01-DEL07-PR
590016;11/03/2024;segunda-feira;19:00:00;CE;20;393;CAUCAIA;Animais na Pista;Atropelamento de Animal;Com Vítimas Feridas;Plena Noite;Decrescente;Nublado;Simples;Declive;Não;2;0;2;0;0;0;2;1;-3,83775146;-38,76518844;SPRF-CE;DEL01-CE;UOP01-DEL01-CE
590017;27/03/2024;quarta-feira;08:00:00;BA;101;235;CONCEICAO DO ALMEIDA;Ausência de reação do condutor;Capotamento;Com Vítimas Feridas;Pleno dia;Crescente;Chuva;Simples;"Curva;Em Obras";Não;1;0;1;0;0;0;1;1;-12,76101777;-39,18234682;SPRF-BA;DEL01-BA;UOP02-DEL01-BA
590019;26/03/2024;terça-feira;20:30:00;RJ;465;4;SEROPEDICA;Reação tardia ou ineficiente do condutor;Colisão traseira;Com Vítimas Feridas;Plena Noite;Decrescente;Chuva;Simples;Reta;Sim;3;0;1;0;2;0;1;2;-22,740971;-43,705597;SPRF-RJ;DEL06-RJ;UOP02-DEL06-RJ
590020;27/03/2024;quarta-feira;06:40:00;MG;381;686,6;LAVRAS;Ausência de reação do condutor;Saída de leito carroçável;Com Vítimas Feridas;Pleno dia;Crescente;Chuva;Dupla;"Curva;Declive";Não;4;0;4;0;0;0;4;1;-21,17728888;-45,12465835;SPRF-MG;DEL04-MG;UOP02-DEL04-MG
590022;27/03/2024;quarta-feira;09:45:00;MG;381;481;BETIM;Ausência de reação do condutor;Colisão com objeto;Com Vítimas Feridas;Pleno dia;Decrescente;Nublado;Dupla;Reta;Sim;1;0;1;0;0;0;1;1;-19,95931561;-44,08825597;SPRF-MG;DEL01-MG;UOP03-DEL01-MG
590023;27/03/2024;quarta-feira;09:00:00;PE;232;7,7;RECIFE;Manobra de mudança de faixa;Colisão lateral mesmo sentido;Sem Vítimas;Pleno dia;Decrescente;Sol;Dupla;Reta;Sim;3;0;0;0;1;2;0;2;-8,07333497;-34,96184301;SPRF-PE;DEL01-PE;UOP01-DEL01-PE
590026;27/03/2024;quarta-feira;08:00:00;GO;40;94;CRISTALINA;Reação tardia ou ineficiente do condutor;Tombamento;Com Vítimas Feridas;Pleno dia;Decrescente;Chuva;Simples;Reta;Sim;1;0;0;1;0;0;1;1;-16,743671;-47,613373;SPRF-DF;DEL01-DF;UOP02-DEL01-DF
590027;27/03/2024;quarta-feira;09:20:00;RN;304;300;MACAIBA;Manobra de mudança de faixa;Colisão transversal;Com Vítimas Feridas;Pleno dia;Decrescente;Nublado;Dupla;Reta;Sim;3;0;2;1;0;0;3;2;-5,8737673;-35,3150361;SPRF-RN;DEL01-RN;UOP02-DEL01-RN
590028;27/03/2024;quarta-feira;10:05:00;SC;282;0,8;FLORIANOPOLIS;Trafegar com motocicleta (ou similar) entre as faixas;Colisão traseira;Com Vítimas Feridas;Pleno dia;Decrescente;Céu Claro;Múltipla;Reta;Sim;4;0;2;0;2;0;2;2;-27,602955;-48,580509;SPRF-SC;DEL01-SC;UOP01-DEL01-SC
590036;27/03/2024;quarta-feira;10:10:00;SP;116;218,8;GUARULHOS;Condutor deixou de manter distância do veículo da frente;Colisão traseira;Com Vítimas Feridas;Pleno dia;Crescente;Nublado;Múltipla;Reta;Não;4;0;2;0;2;0;2;2;-23,457972;-46,479927;SPRF-SP;DEL01-SP;UOP01-DEL01-SP
590040;27/03/2024;quarta-feira;10:20:00;RS;386;246,6;SOLEDADE;Acessar a via sem observar a presença dos outros veículos;Colisão transversal;Com Vítimas Feridas;Pleno dia;Decrescente;Céu Claro;Simples;Reta;Sim;5;0;2;0;3;0;2;2;-28,808382;-52,502323;SPRF-RS;DEL04-RS;UOP03-DEL04-RS
590041;27/03/2024;quarta-feira;09:30:00;SP;381;49;ATIBAIA;Demais falhas mecânicas ou elétricas;Incêndio;Sem Vítimas;Pleno dia;Crescente;Céu Claro;Dupla;Reta;Sim;1;0;0;0;1;0;0;1;-23,20535293;-46,59066516;SPRF-SP;DEL03-SP;UOP01-DEL03-SP
590044;27/03/2024;quarta-feira;10:45:00;PI;343;3;TERESINA;Condutor deixou de manter distância do veículo da frente;Engavetamento;Sem Vítimas;Pleno dia;Crescente;Céu Claro;Múltipla;Reta;Sim;4;0;0;0;4;0;0;4;-5,08067436;-42,78259635;SPRF-PI;DEL01-PI;UOP01-DEL01-PI
590046;23/03/2024;sábado;23:50:00;BA;116;420;FEIRA DE SANTANA;Ausência de reação do condutor;Saída de leito carroçável;Sem Vítimas;Plena Noite;Decrescente;Nublado;Dupla;Reta;Sim;1;0;0;0;1;0;0;1;-12,20321398;-38,96555531;SPRF-BA;DEL02-BA;UOP01-DEL02-BA
590050;27/03/2024;quarta-feira;11:45:00;CE;116;7;FORTALEZA;Entrada inopinada do pedestre;Atropelamento de Pedestre;Com Vítimas Feridas;Pleno dia;Decrescente;Garoa/Chuvisco;Múltipla;Reta;Sim;3;0;0;2;0;1;2;2;-3,81073099;-38,50074867;SPRF-CE;DEL01-CE;UOP02-DEL01-CE