id;data_inversa;dia_semana;horario;uf;br;km;municipio;causa_acidente;tipo_acidente;classificacao_acidente;fase_dia;sentido_via;condicao_metereologica;tipo_pista;tracado_via;uso_solo;pessoas;mortos;feridos_leves;feridos_graves;ilesos;ignorados;feridos;veiculos;latitude;longitude;regional;delegacia;uop
590188;27/03/2024;quarta-feira;17:30:00;MG;365;305,7;JOAO PINHEIRO;Chuva;Saída de leito carroçável;Com Vítimas Feridas;Anoitecer;Crescente;Chuva;Simples;Reta;Não;1;0;1;0;0;0;1;1;-18,1772191;-45,79392997;SPRF-MG;DEL10-MG;UOP01-DEL10-MG
590189;27/03/2024;quarta-feira;22:50:00;PI;222;53;BRASILEIRA;Animais na Pista;Atropelamento de Animal;Com Vítimas Feridas;Plena Noite;Decrescente;Céu Claro;Simples;Reta;Não;4;0;1;0;3;0;1;1;-4,14204324;-41,63017287;SPRF-PI;DEL02-PI;UOP01-DEL02-PI
590190;27/03/2024;quarta-feira;23:15:00;MG;381;357;JOAO MONLEVADE;Acessar a via sem observar a presença dos outros veículos;Colisão transversal;Com Vítimas Feridas;Plena Noite;Decrescente;Nublado;Simples;Reta;Sim;2;0;0;2;0;0;2;2;-19,83977655;-43,17971349;SPRF-MG;DEL03-MG;UOP01-DEL03-MG
590191;27/03/2024;quarta-feira;22:03:00;PR;277;610,9;SANTA TEREZA DO OESTE;Desrespeitar a preferência no cruzamento;Colisão transversal;Com Vítimas Fatais;Plena Noite;Crescente;Céu Claro;Simples;"Reta;Interseção de Vias";Sim;5;1;0;0;4;0;0;2;-25,052074;-53,630959;SPRF-PR;DEL05-PR;UOP02-DEL05-PR
590192;27/03/2024;quarta-feira;22:45:00;RJ;101;274;TANGUA;Pedestre andava na pista;Atropelamento de Pedestre;Com Vítimas Fatais;Plena Noite;Crescente;Nublado;Dupla;"Aclive;Viaduto";Sim;3;1;0;0;1;1;0;2;-22,73506292;-42,71948103;SPRF-RJ;DEL02-RJ;UOP03-DEL02-RJ
590194;20/03/2024;quarta-feira;07:35:00;SC;101;328,5;CAPIVARI DE BAIXO;Ausência de reação do condutor;Colisão traseira;Com Vítimas Feridas;Pleno dia;Crescente;Céu Claro;Dupla;Reta;Não;4;0;1;0;3;0;1;2;-28,43648094;-48,95989307;SPRF-SC;DEL02-SC;UOP01-DEL02-SC
590195;27/03/2024;quarta-feira;22:30:00;SC;101;156;PORTO BELO;Ausência de reação do condutor;Saída de leito carroçável;Com Vítimas Feridas;Plena Noite;Decrescente;Céu Claro;Múltipla;Reta;Não;1;0;1;0;0;0;1;1;-27,172272;-48,61170204;SPRF-SC;DEL04-SC;UOP03-DEL04-SC
590197;27/03/2024;quarta-feira;22:30:00;MS;262;346,5;CAMPO GRANDE;Reação tardia ou ineficiente do condutor;Colisão com objeto;Com Vítimas Feridas;Plena Noite;Crescente;Nublado;Simples;Curva;Não;1;0;0;1;0;0;1;1;-20,57153364;-54,59607361;SPRF-MS;DEL01-MS;UOP03-DEL01-MS
590202;27/03/2024;quarta-feira;23:50:00;RJ;40;107;DUQUE DE CAXIAS;Reação tardia ou ineficiente do condutor;Capotamento;Com Vítimas Feridas;Plena Noite;Decrescente;Céu Claro;Dupla;Reta;Sim;2;0;2;0;0;0;2;1;-22,65581497;-43,28378546;SPRF-RJ;DEL01-RJ;UOP02-DEL01-RJ
590203;27/03/2024;quarta-feira;23:30:00;RS;470;252;SAO PEDRO DA SERRA;Pedestre - Ingestão de álcool/ substâncias psicoativas;Atropelamento de Pedestre;Com Vítimas Fatais;Plena Noite;Decrescente;Céu Claro;Simples;Reta;Não;1;1;0;0;0;0;0;1;-29,39918562;-51,49915714;SPRF-RS;DEL06-RS;UOP01-DEL06-RS
590204;27/03/2024;quarta-feira;20:00:00;RS;116;248;SAO LEOPOLDO;Ausência de reação do condutor;Tombamento;Com Vítimas Feridas;Plena Noite;Decrescente;Céu Claro;Dupla;Viaduto;Não;1;0;1;0;0;0;1;1;-29,77605895;-51,15508618;SPRF-RS;DEL01-RS;UOP02-DEL01-RS
590205;27/03/2024;quarta-feira;17:15:00;BA;101;228;SAPEACU;Velocidade Incompatível;Queda de ocupante de veículo;Com Vítimas Feridas;Pleno dia;Crescente;Céu Claro;Simples;Curva;Não;1;0;0;1;0;0;1;1;-12,81758597;-39,20011274;SPRF-BA;DEL01-BA;UOP02-DEL01-BA
590208;28/03/2024;quinta-feira;03:40:00;TO;153;469;BARROLANDIA;Animais na Pista;Atropelamento de Animal;Com Vítimas Feridas;Plena Noite;Crescente;Nublado;Simples;Reta;Não;4;0;1;0;3;0;1;1;-9,99061992;-48,75692212;SPRF-TO;DEL01-TO;UOP01-DEL01-TO
590209;28/03/2024;quinta-feira;04:30:00;RS;116;256;ESTEIO;Entrada inopinada do pedestre;Atropelamento de Pedestre;Com Vítimas Feridas;Pleno dia;Decrescente;Céu Claro;Dupla;Reta;Não;2;0;1;0;0;1;1;2;-29,84393699;-51,17728603;SPRF-RS;DEL01-RS;UOP02-DEL01-RS
590211;28/03/2024;quinta-feira;04:50:00;SC;280;48,4;GUARAMIRIM;Condutor deixou de manter distância do veículo da frente;Colisão traseira;Com Vítimas Feridas;Plena Noite;Crescente;Nublado;Dupla;"Em Obras;Aclive";Não;2;0;1;0;1;0;1;2;-26,45506795;-48,92766502;SPRF-SC;DEL03-SC;UOP03-DEL03-SC
590213;28/03/2024;quinta-feira;05:15:00;CE;222;61;SAO GONCALO DO AMARANTE;Ausência de reação do condutor;Queda de ocupante de veículo;Com Vítimas Feridas;Amanhecer;Decrescente;Garoa/Chuvisco;Simples;Reta;Sim;1;0;1;0;0;0;1;1;-3,67114761;-39,08954297;SPRF-CE;DEL01-CE;UOP03-DEL01-CE
590217;28/03/2024;quinta-feira;06:35:00;SC;101;195,7;BIGUACU;Trafegar com motocicleta (ou similar) entre as faixas;Queda de ocupante de veículo;Com Vítimas Feridas;Pleno dia;Crescente;Céu Claro;Dupla;Reta;Sim;1;0;1;0;0;0;1;1;-27,5047092;-48,65010819;SPRF-SC;DEL01-SC;UOP01-DEL01-SC
590218;28/03/2024;quinta-feira;06:50:00;SP;116;204;ARUJA;Ausência de reação do condutor;Queda de ocupante de veículo;Com Vítimas Feridas;Pleno dia;Decrescente;Nublado;Múltipla;Reta;Não;2;0;2;0;0;0;2;1;-23,41236123;-46,35692496;SPRF-SP;DEL01-SP;UOP01-DEL01-SP
590219;27/03/2024;quarta-feira;22:30:00;SC;282;448;PONTE SERRADA;Reação tardia ou ineficiente do condutor;Colisão traseira;Com Vítimas Feridas;Plena Noite;Decrescente;Céu Claro;Simples;Reta;Não;3;0;1;0;2;0;1;2;-26,919491;-51,933693;SPRF-SC;DEL07-SC;UOP04-DEL07-SC
590221;27/03/2024;quarta-feira;12:20:00;MG;116;592;MANHUACU;Transitar na contramão;Colisão frontal;Sem Vítimas;Pleno dia;Crescente;Nublado;Simples;Curva;Não;2;0;0;0;2;0;0;2;-20,27018211;-42,14428578;SPRF-MG;DEL06-MG;UOP03-DEL06-MG
590223;28/03/2024;quinta-feira;07:30:00;RJ;116;173;SAO JOAO DE MERITI;Pedestre cruzava a pista fora da faixa;Atropelamento de Pedestre;Com Vítimas Feridas;Pleno dia;Decrescente;Céu Claro;Múltipla;Reta;Não;2;0;2;0;0;0;2;2;-22,79810324;-43,35726614;SPRF-RJ;DEL06-RJ;UOP01-DEL06-RJ
590224;28/03/2024;quinta-feira;06:15:00;RJ;101;138;CARAPEBUS;Ausência de reação do condutor;Queda de ocupante de veículo;Com Vítimas Feridas;Pleno dia;Decrescente;Céu Claro;Simples;Curva;Não;2;0;2;0;0;0;2;1;-22,16283807;-41,74187091;SPRF-RJ;DEL08-RJ;UOP04-DEL08-RJ
590228;28/03/2024;quinta-feira;07:40:00;MG;381;697,5;LAVRAS;Chuva;Colisão lateral mesmo sentido;Com Vítimas Feridas;Pleno dia;Decrescente;Chuva;Dupla;Reta;Não;2;0;1;0;1;0;1;1;-21,29043096;-45,14791909;SPRF-MG;DEL04-MG;UOP02-DEL04-MG
590229;28/03/2024;quinta-feira;07:50:00;SC;101;205;SAO JOSE;Transitar na contramão;Colisão transversal;Com Vítimas Feridas;Pleno dia;Crescente;Céu Claro;Múltipla;Reta;Sim;2;0;1;0;1;0;1;2;-27,58313237;-48,61532885;SPRF-SC;DEL01-SC;UOP01-DEL01-SC
590230;28/03/2024;quinta-feira;07:20:00;SP;116;103,9;TAUBATE;Reação tardia ou ineficiente do condutor;Colisão traseira;Sem Vítimas;Pleno dia;Decrescente;Garoa/Chuvisco;Dupla;Reta;Não;2;0;0;0;2;0;0;2;-22,99919465;-45,49788917;SPRF-SP;DEL02-SP;UOP02-DEL02-SP
590231;28/03/2024;quinta-feira;07:45:00;SC;101;42;JOINVILLE;Trafegar com motocicleta (ou similar) entre as faixas;Colisão traseira;Com Vítimas Feridas;Pleno dia;Decrescente;Céu Claro;Múltipla;Reta;Não;2;0;1;0;1;0;1;2;-26,29251598;-48,88474385;SPRF-SC;DEL03-SC;UOP01-DEL03-SC
590232;28/03/2024;quinta-feira;07:50:00;MG;381;483;BETIM;Demais falhas mecânicas ou elétricas;Tombamento;Com Vítimas Feridas;Pleno dia;Decrescente;Chuva;Múltipla;Curva;Sim;1;0;1;0;0;0;1;1;-19,9577573;-44,0793969;SPRF-MG;DEL01-MG;UOP03-DEL01-MG
590233;28/03/2024;quinta-feira;07:50:00;MG;381;478;CONTAGEM;Trafegar com motocicleta (ou similar) entre as faixas;Colisão lateral mesmo sentido;Com Vítimas Feridas;Pleno dia;Decrescente;Chuva;Múltipla;"Declive;Reta";Não;2;0;1;0;0;1;1;2;-19,9601577;-44,0350699;SPRF-MG;DEL01-MG;UOP03-DEL01-MG
590234;28/03/2024;quinta-feira;07:35:00;SC;101;212,2;PALHOCA;Manobra de mudança de faixa;Colisão lateral mesmo sentido;Com Vítimas Feridas;Pleno dia;Decrescente;Sol;Múltipla;Reta;Sim;2;0;2;0;0;0;2;2;-27,62996929;-48,65903871;SPRF-SC;DEL01-SC;UOP02-DEL01-SC
590235;28/03/2024;quinta-feira;08:15:00;RN;110;46;MOSSORO;Condutor deixou de manter distância do veículo da frente;Colisão traseira;Com Vítimas Feridas;Pleno dia;Decrescente;Céu Claro;Simples;Reta;Sim;2;0;1;0;1;0;1;2;-5,19797675;-37,31839819;SPRF-RN;DEL04-RN;UOP01-DEL04-RN
590236;28/03/2024;quinta-feira;07:05:00;PR;277;80;CURITIBA;Ausência de reação do condutor;Colisão traseira;Com Vítimas Feridas;Pleno dia;Crescente;Céu Claro;Dupla;Reta;Sim;2;0;1;0;1;0;1;2;-25,568939;-49,181978;SPRF-PR;DEL01-PR;UOP07-DEL01-PR
590237;06/03/2024;quarta-feira;13:45:00;MG;365;30;MONTES CLAROS;Reação tardia ou ineficiente do condutor;Saída de leito carroçável;Com Vítimas Feridas;Pleno dia;Decrescente;Sol;Simples;Curva;Não;1;0;1;0;0;0;1;1;-16,84484393;-44,10249905;SPRF-MG;DEL12-MG;UOP01-DEL12-MG
590238;28/03/2024;quinta-feira;06:45:00;MG;116;413;GOVERNADOR VALADARES;Condutor deixou de manter distância do veículo da frente;Colisão traseira;Sem Vítimas;Pleno dia;Decrescente;Céu Claro;Simples;"Interseção de Vias;Curva";Sim;4;0;0;0;3;1;0;4;-18,873907;-41,966366;SPRF-MG;DEL06-MG;UOP01-DEL06-MG
590240;28/03/2024;quinta-feira;08:20:00;SP;116;210;GUARULHOS;Pista Escorregadia;Colisão lateral mesmo sentido;Com Vítimas Feridas;Pleno dia;Decrescente;Chuva;Múltipla;"Reta;Declive";Sim;2;0;0;1;1;0;1;2;-23,42870023;-46,41085991;SPRF-SP;DEL01-SP;UOP01-DEL01-SP
590243;28/03/2024;quinta-feira;08:00:00;SP;381;61;MAIRIPORA;Reação tardia ou ineficiente do condutor;Saída de leito carroçável;Com Vítimas Feridas;Pleno dia;Crescente;Chuva;Dupla;Curva;Não;1;0;1;0;0;0;1;1;-23,29011611;-46,5800681;SPRF-SP;DEL03-SP;UOP01-DEL03-SP
590245;28/03/2024;quinta-feira;07:45:00;PA;316;28;BENEVIDES;Condutor Dormindo;Colisão transversal;Com Vítimas Feridas;Pleno dia;Crescente;Céu Claro;Dupla;Reta;Não;4;0;2;0;2;0;2;3;-1,31121896;-48,22115206;SPRF-PA;DEL01-PA;UOP01-DEL01-PA
590246;28/03/2024;quinta-feira;08:15:00;PE;101;70,3;RECIFE;Trafegar com motocicleta (ou similar) entre as faixas;Tombamento;Com Vítimas Feridas;Pleno dia;Decrescente;Céu Claro;Dupla;Reta;Sim;1;0;1;0;0;0;1;1;-8,074679;-34,94276;SPRF-PE;DEL01-PE;UOP01-DEL01-PE
590247;28/03/2024;quinta-feira;07:40:00;RJ;493;21;MAGE;Reação tardia ou ineficiente do condutor;Colisão transversal;Com Vítimas Feridas;Pleno dia;Decrescente;Nublado;Simples;Reta;Sim;2;0;1;0;1;0;1;2;-22,66151289;-43,04480692;SPRF-RJ;DEL04-RJ;UOP02-DEL04-RJ
590248;28/03/2024;quinta-feira;08:20:00;MG;381;922,7;CAMANDUCAIA;Acumulo de água sobre o pavimento;Saída de leito carroçável;Com Vítimas Feridas;Pleno dia;Decrescente;Chuva;Dupla;Reta;Não;3;0;3;0;0;0;3;1;-22,76964542;-46,18098092;SPRF-MG;DEL16-MG;UOP03-DEL16-MG
590249;27/03/2024;quarta-feira;20:17:00;MT;70;533,4;VARZEA GRANDE;Manobra de mudança de faixa;Colisão frontal;Com Vítimas Fatais;Plena Noite;Decrescente;Céu Claro;Simples;Reta;Não;2;1;0;1;0;0;1;2;-15,67953377;-56,26758533;SPRF-MT;DEL01-MT;UOP02-DEL01-MT
590250;28/03/2024;quinta-feira;07:00:00;MG;381;568,8;ITAGUARA;Velocidade Incompatível;Capotamento;Com Vítimas Feridas;Amanhecer;Crescente;Chuva;Dupla;Curva;Não;3;0;2;0;1;0;2;1;-20,42649228;-44,54458383;SPRF-MG;DEL04-MG;UOP03-DEL04-MG
590251;28/03/2024;quinta-feira;09:10:00;PR;116;6;QUATRO BARRAS;Reação tardia ou ineficiente do condutor;Colisão lateral mesmo sentido;Com Vítimas Feridas;Pleno dia;Crescente;Céu Claro;Dupla;"Interseção de Vias;Reta";Não;2;0;1;0;1;0;1;2;-25,3669;-49,0996;SPRF-PR;DEL01-PR;UOP02-DEL01-PR
590252;28/03/2024;quinta-feira;09:30:00;RS;116;248;SAO LEOPOLDO;Acessar a via sem observar a presença dos outros veículos;Colisão lateral mesmo sentido;Com Vítimas Feridas;Pleno dia;Decrescente;Céu Claro;Dupla;Reta;Sim;2;0;1;0;0;1;1;2;-29,77605895;-51,15508618;SPRF-RS;DEL01-RS;UOP02-DEL01-RS
590253;28/03/2024;quinta-feira;09:00:00;PR;277;6,6;PARANAGUA;Desrespeitar a preferência no cruzamento;Colisão transversal;Com Vítimas Feridas;Pleno dia;Crescente;Sol;Dupla;"Retorno Regulamentado;Reta;Interseção de Vias";Sim;2;0;1;0;1;0;1;2;-25,514702;-48,522377;SPRF-PR;DEL01-PR;UOP05-DEL01-PR
590254;28/03/2024;quinta-feira;09:30:00;SC;101;214;PALHOCA;Trafegar com motocicleta (ou similar) entre as faixas;Colisão lateral mesmo sentido;Com Vítimas Feridas;Pleno dia;Decrescente;Céu Claro;Múltipla;Reta;Não;3;0;1;0;2;0;1;3;-27,64443;-48,67057;SPRF-SC;DEL01-SC;UOP02-DEL01-SC
590255;24/03/2024;domingo;18:44:00;TO;242;320;PEIXE;Ingestão de álcool pelo condutor;Saída de leito carroçável;Com Vítimas Fatais;Plena Noite;Crescente;Céu Claro;Simples;Reta;Não;2;1;0;1;0;0;1;1;-11,99757532;-48,60851401;SPRF-TO;DEL01-TO;UOP02-DEL01-TO
590257;28/03/2024;quinta-feira;08:40:00;GO;40;96,2;CRISTALINA;Reação tardia ou ineficiente do condutor;Colisão traseira;Com Vítimas Feridas;Pleno dia;Crescente;Chuva;Simples;"Declive;Reta";Sim;3;0;1;0;2;0;1;2;-16,75768;-47,601613;SPRF-DF;DEL01-DF;UOP02-DEL01-DF
590258;28/03/2024;quinta-feira;10:20:00;AL;316;243;ATALAIA;Demais falhas mecânicas ou elétricas;Colisão frontal;Com Vítimas Feridas;Pleno dia;Crescente;Céu Claro;Simples;Reta;Sim;3;0;1;1;1;0;2;2;-9,50948818;-36,01302293;SPRF-AL;DEL01-AL;UOP01-DEL01-AL
590260;18/03/2024;segunda-feira;10:50:00;PE;423;57,3;LAJEDO;Acessar a via sem observar a presença dos outros veículos;Colisão frontal;Com Vítimas Fatais;Pleno dia;Decrescente;Céu Claro;Simples;Curva;Não;3;1;0;0;2;0;0;3;-8,63241321;-36,30454473;SPRF-PE;DEL03-PE;UOP01-DEL03-PE
590261;28/03/2024;quinta-feira;10:40:00;RN;304;48;MOSSORO;Afundamento ou ondulação no pavimento;Queda de ocupante de veículo;Com Vítimas Feridas;Pleno dia;Crescente;Sol;Dupla;"Retorno Regulamentado;Reta";Sim;1;0;1;0;0;0;1;1;-5,22868577;-37,32203081;SPRF-RN;DEL04-RN;UOP01-DEL04-RN
590264;28/03/2024;quinta-feira;06:30:00;PE;232;412;SERRA TALHADA;Animais na Pista;Colisão traseira;Com Vítimas Feridas;Pleno dia;Crescente;Céu Claro;Simples;Curva;Sim;3;0;2;0;1;0;2;2;-7,98377927;-38,3208774;SPRF-PE;DEL04-PE;UOP01-DEL04-PE
590265;28/03/2024;quinta-feira;09:05:00;ES;259;48,1;COLATINA;Reação tardia ou ineficiente do condutor;Tombamento;Com Vítimas Feridas;Pleno dia;Decrescente;Nublado;Simples;"Reta;Em Obras";Não;1;0;1;0;0;0;1;1;-19,51938165;-40,597229;SPRF-ES;DEL02-ES;UOP01-DEL02-ES
590268;28/03/2024;quinta-feira;11:00:00;AL;104;87;RIO LARGO;Ausência de reação do condutor;Colisão traseira;Com Vítimas Feridas;Pleno dia;Crescente;Céu Claro;Dupla;Reta;Não;3;0;0;2;1;0;2;2;-9,47532901;-35,82160002;SPRF-AL;DEL01-AL;UOP01-DEL01-AL
590270;28/03/2024;quinta-feira;11:40:00;SC;280;124;RIO NEGRINHO;Acessar a via sem observar a presença dos outros veículos;Colisão lateral mesmo sentido;Com Vítimas Feridas;Pleno dia;Crescente;Céu Claro;Simples;Reta;Sim;2;0;1;0;1;0;1;2;-26,24130297;-49,47514499;SPRF-SC;DEL06-SC;UOP03-DEL06-SC
590271;28/03/2024;quinta-feira;11:58:00;MG;381;485,1;BETIM;Reação tardia ou ineficiente do condutor;Engavetamento;Com Vítimas Feridas;Pleno dia;Crescente;Nublado;Múltipla;"Reta;Aclive";Sim;3;0;1;0;2;0;1;3;-19,9556235;-44,0984712;SPRF-MG;DEL01-MG;UOP03-DEL01-MG
590275;28/03/2024;quinta-feira;12:20:00;MG;381;812,4;CAREACU;Velocidade Incompatível;Capotamento;Com Vítimas Feridas;Pleno dia;Decrescente;Chuva;Dupla;Curva;Não;1;0;1;0;0;0;1;1;-22,06199504;-45,70068392;SPRF-MG;DEL16-MG;UOP02-DEL16-MG
590277;28/03/2024;quinta-feira;11:49:00;ES;262;78;DOMINGOS MARTINS;Reação tardia ou ineficiente do condutor;Tombamento;Com Vítimas Feridas;Pleno dia;Crescente;Sol;Simples;"Curva;Declive";Não;1;0;0;1;0;0;1;1;-20,41115651;-40,92351223;SPRF-ES;DEL01-ES;UOP02-DEL01-ES
590282;28/03/2024;quinta-feira;13:20:00;MG;40;713,4;BARBACENA;Acumulo de água sobre o pavimento;Saída de leito carroçável;Com Vítimas Feridas;Pleno dia;Decrescente;Chuva;Dupla;Curva;Não;1;0;0;1;0;0;1;1;-21,24620275;-43,68433714;SPRF-MG;DEL05-MG;UOP02-DEL05-MG
590283;28/03/2024;quinta-feira;11:30:00;RJ;101;59;CAMPOS DOS GOYTACAZES;Reação tardia ou ineficiente do condutor;Colisão transversal;Com Vítimas Feridas;Pleno dia;Decrescente;Céu Claro;Simples;Reta;Sim;2;0;1;0;1;0;1;2;-21,723287;-41,318418;SPRF-RJ;DEL08-RJ;UOP01-DEL08-RJ
590284;28/03/2024;quinta-feira;13:00:00;RJ;116;173;SAO JOAO DE MERITI;Ausência de reação do condutor;Colisão lateral mesmo sentido;Com Vítimas Feridas;Pleno dia;Decrescente;Garoa/Chuvisco;Dupla;Reta;Sim;3;0;1;0;2;0;1;2;-22,79810324;-43,35726614;SPRF-RJ;DEL06-RJ;UOP01-DEL06-RJ
590285;28/03/2024;quinta-feira;13:16:00;PE;104;61;CARUARU;Manobra de mudança de faixa;Colisão transversal;Com Vítimas Feridas;Pleno dia;Decrescente;Céu Claro;Dupla;Retorno Regulamentado;Sim;2;0;1;0;1;0;1;2;-8,2529;-35,9751;SPRF-PE;DEL02-PE;UOP01-DEL02-PE
590291;28/03/2024;quinta-feira;13:18:00;PR;277;198;PALMEIRA;Ausência de reação do condutor;Tombamento;Com Vítimas Feridas;Pleno dia;Crescente;Céu Claro;Simples;Reta;Não;1;0;1;0;0;0;1;1;-25,44562052;-50,18540075;SPRF-PR;DEL08-PR;UOP02-DEL08-PR
590292;28/03/2024;quinta-feira;14:20:00;PR;369;131;IBIPORA;Acessar a via sem observar a presença dos outros veículos;Colisão transversal;Com Vítimas Feridas;Pleno dia;Crescente;Céu Claro;Dupla;"Retorno Regulamentado;Reta";Sim;5;0;4;0;1;0;4;2;-23,26063428;-50,98875582;SPRF-PR;DEL07-PR;UOP01-DEL07-PR
590293;28/03/2024;quinta-feira;09:45:00;RN;405;72,9;APODI;Acessar a via sem observar a presença dos outros veículos;Colisão transversal;Com Vítimas Feridas;Pleno dia;Crescente;Céu Claro;Simples;Curva;Sim;2;0;0;1;0;1;1;2;-5,62112166;-37,79091547;SPRF-RN;DEL04-RN;UOP02-DEL04-RN
590294;28/03/2024;quinta-feira;14:50:00;SP;116;221;GUARULHOS;Reação tardia ou ineficiente do condutor;Colisão traseira;Com Vítimas Feridas;Pleno dia;Decrescente;Garoa/Chuvisco;Múltipla;Reta;Sim;2;0;1;0;1;0;1;2;-23,46802395;-46,50704901;SPRF-SP;DEL01-SP;UOP01-DEL01-SP
590295;28/03/2024;quinta-feira;14:00:00;SP;116;286;ITAPECERICA DA SERRA;Manobra de mudança de faixa;Colisão frontal;Com Vítimas Feridas;Pleno dia;Decrescente;Nublado;Dupla;Reta;Sim;2;0;1;0;1;0;1;2;-23,70925128;-46,87588966;SPRF-SP;DEL04-SP;UOP01-DEL04-SP
590296;28/03/2024;quinta-feira;13:30:00;RJ;493;63;DUQUE DE CAXIAS;Reação tardia ou ineficiente do condutor;Saída de leito carroçável;Com Vítimas Feridas;Pleno dia;Crescente;Garoa/Chuvisco;Dupla;Reta;Sim;1;0;1;0;0;0;1;1;-22,672089;-43,285053;SPRF-RJ;DEL01-RJ;UOP03-DEL01-RJ
590298;28/03/2024;quinta-feira;11:45:00;MG;381;920;CAMANDUCAIA;Chuva;Saída de leito carroçável;Com Vítimas Feridas;Pleno dia;Crescente;Chuva;Dupla;Curva;Não;4;0;3;0;1;0;3;1;-22,7704869;-46,20021296;SPRF-MG;DEL16-MG;UOP03-DEL16-MG
590302;28/03/2024;quinta-feira;13:53:00;MS;163;18;MUNDO NOVO;Acesso irregular;Colisão com objeto;Sem Vítimas;Pleno dia;Crescente;Céu Claro;Simples;Reta;Sim;1;0;0;0;0;1;0;1;-23,943159;-54,280839;SPRF-MS;DEL09-MS;UOP02-DEL09-MS
590303;28/03/2024;quinta-feira;15:00:00;RJ;101;475;ANGRA DOS REIS;Transitar na contramão;Colisão frontal;Com Vítimas Feridas;Pleno dia;Crescente;Garoa/Chuvisco;Simples;Curva;Sim;2;0;0;1;1;0;1;2;-23,00030529;-44,25655988;SPRF-RJ;DEL03-RJ;UOP03-DEL03-RJ
590304;28/03/2024;quinta-feira;15:00:00;CE;116;63;CHOROZINHO;Reação tardia ou ineficiente do condutor;Colisão traseira;Sem Vítimas;Pleno dia;Crescente;Céu Claro;Simples;Reta;Não;3;0;0;0;3;0;0;3;-4,27263318;-38,49159144;SPRF-CE;DEL03-CE;UOP02-DEL03-CE
590306;28/03/2024;quinta-feira;14:40:00;PE;101;91,1;CABO DE SANTO AGOSTINHO;Mal súbito do condutor;Tombamento;Com Vítimas Fatais;Pleno dia;Crescente;Céu Claro;Dupla;Reta;Não;1;1;0;0;0;0;0;1;-8,22399812;-34,99290474;SPRF-PE;DEL01-PE;UOP01-DEL01-PE
590307;28/03/2024;quinta-feira;14:45:00;SC;282;19;PALHOCA;Acesso irregular;Colisão transversal;Com Vítimas Feridas;Pleno dia;Crescente;Sol;Simples;Reta;Sim;3;0;1;0;1;1;1;3;-27,678635;-48,70192;SPRF-SC;DEL01-SC;UOP02-DEL01-SC
590310;28/03/2024;quinta-feira;14:20:00;GO;364;179;JATAI;Velocidade Incompatível;Saída de leito carroçável;Sem Vítimas;Pleno dia;Crescente;Chuva;Simples;"Curva;Declive";Não;1;0;0;0;0;1;0;1;-17,971079;-51,601059;SPRF-GO;DEL05-GO;UOP01-DEL05-GO
590311;28/03/2024;quinta-feira;15:20:00;PE;101;167;AGUA PRETA;Chuva;Saída de leito carroçável;Com Vítimas Feridas;Pleno dia;Crescente;Chuva;Dupla;Curva;Não;2;0;1;0;1;0;1;1;-8,56679186;-35,47528312;SPRF-PE;DEL01-PE;UOP03-DEL01-PE
590313;28/03/2024;quinta-feira;16:00:00;MG;40;424,9;CURVELO;Afundamento ou ondulação no pavimento;Saída de leito carroçável;Com Vítimas Feridas;Pleno dia;Decrescente;Nublado;Dupla;Reta;Sim;4;0;1;0;3;0;1;1;-19,15639012;-44,52967927;SPRF-MG;DEL02-MG;UOP01-DEL02-MG
590317;28/03/2024;quinta-feira;16:25:00;PI;343;28;PARNAIBA;Reação tardia ou ineficiente do condutor;Colisão traseira;Sem Vítimas;Pleno dia;Decrescente;Céu Claro;Simples;Reta;Não;3;0;0;0;3;0;0;2;-3,052351;-41,77544;SPRF-PI;DEL05-PI;UOP01-DEL05-PI
590320;28/03/2024;quinta-feira;14:00:00;SP;381;80,8;SAO PAULO;Reação tardia ou ineficiente do condutor;Engavetamento;Com Vítimas Feridas;Pleno dia;Crescente;Garoa/Chuvisco;Dupla;Reta;Sim;7;0;1;0;5;1;1;4;-23,40889686;-46,58095945;SPRF-SP;DEL03-SP;UOP01-DEL03-SP
590321;28/03/2024;quinta-feira;16:20:00;MG;50;53,7;ARAGUARI;Frear bruscamente;Saída de leito carroçável;Sem Vítimas;Pleno dia;Crescente;Garoa/Chuvisco;Dupla;Reta;Não;1;0;0;0;1;0;0;1;-18,759049;-48,24054499;SPRF-MG;DEL15-MG;UOP02-DEL15-MG
590322;06/03/2024;quarta-feira;14:00:00;MG;267;292,2;BAEPENDI;Acessar a via sem observar a presença dos outros veículos;Colisão transversal;Com Vítimas Feridas;Pleno dia;Crescente;Nublado;Simples;Reta;Não;2;0;1;0;1;0;1;2;-21,928001;-44,82586;SPRF-MG;DEL17-MG;UOP01-DEL17-MG
590323;28/03/2024;quinta-feira;14:00:00;RS;392;114;CANGUCU;Objeto estático sobre o leito carroçável;Colisão com objeto;Com Vítimas Feridas;Pleno dia;Crescente;Nublado;Simples;"Aclive;Curva";Não;1;0;0;1;0;0;1;1;-31,43234525;-52,65622636;SPRF-RS;DEL07-RS;UOP01-DEL07-RS
590324;28/03/2024;quinta-feira;14:40:00;PI;343;247,5;CAMPO MAIOR;Pedestre cruzava a pista fora da faixa;Atropelamento de Pedestre;Com Vítimas Feridas;Pleno dia;Decrescente;Céu Claro;Simples;Reta;Não;2;0;0;1;1;0;1;2;-4,704566;-42,087029;SPRF-PI;DEL01-PI;UOP03-DEL01-PI
590325;28/03/2024;quinta-feira;16:50:00;MG;381;533,4;ITATIAIUCU;Velocidade Incompatível;Saída de leito carroçável;Com Vítimas Feridas;Pleno dia;Crescente;Chuva;Dupla;Curva;Sim;6;0;2;0;2;2;2;2;-20,1743138;-44,37593244;SPRF-MG;DEL04-MG;UOP03-DEL04-MG