id;data_inversa;dia_semana;horario;uf;br;km;municipio;causa_acidente;tipo_acidente;classificacao_acidente;fase_dia;sentido_via;condicao_metereologica;tipo_pista;tracado_via;uso_solo;pessoas;mortos;feridos_leves;feridos_graves;ilesos;ignorados;feridos;veiculos;latitude;longitude;regional;delegacia;uop
590794;30/03/2024;sábado;20:00:00;RS;470;43;TUPANCI DO SUL;Reação tardia ou ineficiente do condutor;Colisão transversal;Com Vítimas Feridas;Plena Noite;Crescente;Céu Claro;Simples;Reta;Não;4;0;3;0;1;0;3;2;-27,9483125;-51,46030426;SPRF-RS;DEL08-RS;UOP05-DEL08-RS
590796;30/03/2024;sábado;16:30:00;RO;364;454;JARU;Falta de elemento de contenção que evite a saída do leito carroçável;Saída de leito carroçável;Com Vítimas Feridas;Pleno dia;Crescente;Chuva;Simples;Reta;Não;4;0;0;1;3;0;1;1;-10,27805943;-62,68306531;SPRF-RO;DEL03-RO;UOP02-DEL03-RO
590797;30/03/2024;sábado;20:00:00;BA;116;14,2;VITORIA DA CONQUISTA;Velocidade Incompatível;Saída de leito carroçável;Com Vítimas Feridas;Plena Noite;Crescente;Céu Claro;Simples;Curva;Não;4;0;4;0;0;0;4;1;-14,89477;-40,86302;SPRF-PE;DEL05-PE;UOP03-DEL05-PE
590798;30/03/2024;sábado;20:55:00;MG;381;441;SABARA;Velocidade Incompatível;Colisão frontal;Com Vítimas Feridas;Plena Noite;Decrescente;Céu Claro;Simples;Curva;Não;4;0;2;1;0;1;3;3;-19,81604176;-43,80389901;SPRF-MG;DEL01-MG;UOP01-DEL01-MG
590799;30/03/2024;sábado;17:40:00;MG;381;592,5;CARMOPOLIS DE MINAS;Ausência de reação do condutor;Colisão com objeto;Com Vítimas Feridas;Pleno dia;Decrescente;Nublado;Dupla;Curva;Não;2;0;2;0;0;0;2;1;-20,56167973;-44,66444492;SPRF-MG;DEL04-MG;UOP01-DEL04-MG
590800;30/03/2024;sábado;18:05:00;MG;381;628,2;OLIVEIRA;Demais falhas mecânicas ou elétricas;Incêndio;Sem Vítimas;Anoitecer;Crescente;Nublado;Dupla;"Aclive;Reta";Não;1;0;0;0;1;0;0;1;-20,82183256;-44,80113029;SPRF-MG;DEL04-MG;UOP01-DEL04-MG
590802;30/03/2024;sábado;21:20:00;RS;158;191,9;CRUZ ALTA;Ingestão de álcool pelo condutor;Colisão transversal;Com Vítimas Feridas;Plena Noite;Decrescente;Céu Claro;Simples;"Interseção de Vias;Reta";Não;4;0;1;0;3;0;1;2;-28,61275316;-53,57466428;SPRF-RS;DEL10-RS;UOP02-DEL10-RS
590803;30/03/2024;sábado;21:00:00;RS;386;20;FREDERICO WESTPHALEN;Ausência de reação do condutor;Saída de leito carroçável;Sem Vítimas;Plena Noite;Decrescente;Céu Claro;Simples;Reta;Não;1;0;0;0;0;1;0;1;-27,264164;-53,344139;SPRF-RS;DEL08-RS;UOP02-DEL08-RS
590804;30/03/2024;sábado;20:00:00;SP;116;284;EMBU DAS ARTES;Ausência de reação do condutor;Queda de ocupante de veículo;Sem Vítimas;Plena Noite;Crescente;Céu Claro;Dupla;Reta;Não;1;0;0;0;1;0;0;1;-23,69998;-46,867767;SPRF-SP;DEL04-SP;UOP01-DEL04-SP
590805;30/03/2024;sábado;20:00:00;MT;163;835;SINOP;Ausência de reação do condutor;Saída de leito carroçável;Com Vítimas Feridas;Plena Noite;Crescente;Céu Claro;Simples;Reta;Sim;1;0;0;1;0;0;1;1;-11,861484;-55,495326;SPRF-MT;DEL06-MT;UOP02-DEL06-MT
590806;30/03/2024;sábado;11:49:00;BA;101;717;EUNAPOLIS;Condutor deixou de manter distância do veículo da frente;Colisão traseira;Sem Vítimas;Pleno dia;Crescente;Céu Claro;Dupla;Reta;Sim;2;0;0;0;2;0;0;2;-16,36586016;-39,58216109;SPRF-BA;DEL09-BA;UOP01-DEL09-BA
590808;30/03/2024;sábado;19:00:00;RO;425;100;GUAJARA-MIRIM;Animais na Pista;Atropelamento de Animal;Com Vítimas Feridas;Plena Noite;Crescente;Céu Claro;Simples;Declive;Não;3;0;1;0;2;0;1;3;-10,411559;-65,33094;SPRF-RO;DEL01-RO;UOP03-DEL01-RO
590809;30/03/2024;sábado;21:20:00;RS;448;22;PORTO ALEGRE;Ingestão de álcool pelo condutor;Capotamento;Com Vítimas Feridas;Plena Noite;Decrescente;Céu Claro;Dupla;Curva;Sim;1;0;1;0;0;0;1;1;-29,97532714;-51,1989069;SPRF-RS;DEL01-RS;UOP01-DEL01-RS
590811;30/03/2024;sábado;20:50:00;SP;153;206,4;GUAIMBE;Ultrapassagem Indevida;Colisão lateral sentido oposto;Com Vítimas Feridas;Plena Noite;Crescente;Nublado;Simples;"Declive;Reta";Não;3;0;1;0;2;0;1;2;-21,87629;-49,90778;SPRF-SP;DEL07-SP;UOP01-DEL07-SP
590812;30/03/2024;sábado;17:50:00;MA;10;251;IMPERATRIZ;Reação tardia ou ineficiente do condutor;Colisão transversal;Com Vítimas Feridas;Pleno dia;Crescente;Céu Claro;Simples;"Reta;Interseção de Vias";Sim;2;0;1;0;1;0;1;2;-5,543249;-47,464447;SPRF-MA;DEL04-MA;UOP01-DEL04-MA
590813;30/03/2024;sábado;20:45:00;GO;60;116;GOIANAPOLIS;Ausência de reação do condutor;Colisão traseira;Com Vítimas Feridas;Plena Noite;Decrescente;Céu Claro;Dupla;"Aclive;Reta";Não;3;0;0;1;2;0;1;2;-16,4732;-49,0789;SPRF-GO;DEL01-GO;UOP01-DEL01-GO
590815;30/03/2024;sábado;21:00:00;PR;277;26;MORRETES;Reação tardia ou ineficiente do condutor;Tombamento;Sem Vítimas;Plena Noite;Decrescente;Céu Claro;Dupla;Reta;Não;1;0;0;0;0;1;0;1;-25,53270001;-48,716296;SPRF-PR;DEL01-PR;UOP05-DEL01-PR
590816;30/03/2024;sábado;21:45:00;PR;476;342;PAULA FREITAS;Ingestão de álcool pelo condutor;Colisão traseira;Com Vítimas Feridas;Plena Noite;Crescente;Céu Claro;Simples;Reta;Não;3;0;1;0;1;1;1;2;-26,16979;-50,909458;SPRF-PR;DEL02-PR;UOP03-DEL02-PR
590818;30/03/2024;sábado;20:40:00;SC;101;294;IMBITUBA;Ingestão de álcool pelo condutor;Colisão transversal;Sem Vítimas;Plena Noite;Decrescente;Céu Claro;Dupla;Curva;Não;2;0;0;0;2;0;0;2;-28,29220304;-48,71018095;SPRF-SC;DEL02-SC;UOP03-DEL02-SC
590819;30/03/2024;sábado;22:30:00;SP;101;50;UBATUBA;Acessar a via sem observar a presença dos outros veículos;Colisão transversal;Com Vítimas Feridas;Plena Noite;Crescente;Nublado;Simples;Reta;Não;2;0;1;0;1;0;1;2;-23,45018939;-45,07743735;SPRF-SP;DEL06-SP;UOP01-DEL06-SP
590820;30/03/2024;sábado;22:15:00;DF;70;9,6;BRASILIA;Iluminação deficiente;Atropelamento de Pedestre;Com Vítimas Feridas;Plena Noite;Crescente;Nublado;Dupla;Reta;Sim;4;0;0;1;2;1;1;2;-15,784615;-48,132023;SPRF-DF;DEL03-DF;UOP02-DEL03-DF
590821;22/01/2024;segunda-feira;16:30:00;MG;251;375,8;GRAO MOGOL;Acessar a via sem observar a presença dos outros veículos;Colisão transversal;Com Vítimas Feridas;Pleno dia;Decrescente;Céu Claro;Simples;Curva;Não;3;0;1;0;2;0;1;2;-16,29923091;-42,728431;SPRF-MG;DEL12-MG;UOP01-DEL12-MG
590822;30/03/2024;sábado;21:35:00;SE;235;51,6;ITABAIANA;Acessar a via sem observar a presença dos outros veículos;Colisão transversal;Com Vítimas Feridas;Plena Noite;Crescente;Céu Claro;Simples;Retorno Regulamentado;Sim;3;0;2;0;0;1;2;2;-10,700226;-37,431423;SPRF-SE;DEL01-SE;UOP02-DEL01-SE
590823;30/03/2024;sábado;22:00:00;PR;116;17;CURITIBA;Ingestão de álcool pelo condutor;Colisão traseira;Sem Vítimas;Plena Noite;Crescente;Céu Claro;Múltipla;"Reta;Aclive";Sim;2;0;0;0;2;0;0;2;-25,389;-49,1867;SPRF-PR;DEL01-PR;UOP02-DEL01-PR
590824;30/03/2024;sábado;22:50:00;ES;101;146,4;LINHARES;Desrespeitar a preferência no cruzamento;Colisão lateral mesmo sentido;Sem Vítimas;Plena Noite;Crescente;Nublado;Dupla;Interseção de Vias;Sim;3;0;0;0;3;0;0;2;-19,36990998;-40,06560718;SPRF-ES;DEL04-ES;UOP01-DEL04-ES
590825;30/03/2024;sábado;08:40:00;RJ;493;81;JAPERI;Ausência de reação do condutor;Tombamento;Sem Vítimas;Pleno dia;Decrescente;Céu Claro;Dupla;Reta;Não;1;0;0;0;0;1;0;1;-22,66423088;-43,59741926;SPRF-RJ;DEL01-RJ;UOP03-DEL01-RJ
590826;30/03/2024;sábado;20:10:00;RO;174;14,3;VILHENA;Velocidade Incompatível;Colisão traseira;Sem Vítimas;Plena Noite;Crescente;Céu Claro;Simples;Reta;Sim;2;0;0;0;1;1;0;2;-12,73306632;-60,12981255;SPRF-RO;DEL04-RO;UOP01-DEL04-RO
590827;30/03/2024;sábado;22:50:00;RS;386;35,4;FREDERICO WESTPHALEN;Ausência de reação do condutor;Tombamento;Com Vítimas Feridas;Plena Noite;Decrescente;Céu Claro;Simples;"Declive;Reta";Sim;1;0;1;0;0;0;1;1;-27,365112;-53,394897;SPRF-RS;DEL08-RS;UOP02-DEL08-RS
590828;30/03/2024;sábado;22:00:00;SC;116;219,3;CORREIA PINTO;Ausência de reação do condutor;Colisão traseira;Com Vítimas Feridas;Plena Noite;Decrescente;Céu Claro;Simples;"Rotatória;Reta;Aclive";Sim;2;0;1;0;1;0;1;2;-27,57012897;-50,37318791;SPRF-SC;DEL05-SC;UOP03-DEL05-SC
590830;30/03/2024;sábado;18:30:00;GO;70;5;AGUAS LINDAS DE GOIAS;Condutor deixou de manter distância do veículo da frente;Colisão traseira;Sem Vítimas;Anoitecer;Crescente;Nublado;Dupla;Reta;Sim;2;0;0;0;2;0;0;2;-15,75683677;-48,25464732;SPRF-DF;DEL03-DF;UOP02-DEL03-DF
590831;30/03/2024;sábado;19:00:00;AM;174;991;PRESIDENTE FIGUEIREDO;Ausência de reação do condutor;Colisão com objeto;Com Vítimas Feridas;Plena Noite;Decrescente;Nublado;Simples;"Ponte;Reta";Sim;2;0;2;0;0;0;2;1;-2,04880208;-60,02601638;SPRF-AM;DEL01-AM;UOP02-DEL01-AM
590832;30/03/2024;sábado;22:55:00;RN;101;103;PARNAMIRIM;Avarias e/ou desgaste excessivo no pneu;Queda de ocupante de veículo;Com Vítimas Feridas;Plena Noite;Crescente;Nublado;Múltipla;Reta;Não;2;0;1;1;0;0;2;1;-5,89034022;-35,24894996;SPRF-RN;DEL01-RN;UOP01-DEL01-RN
590834;30/03/2024;sábado;23:00:00;SP;116;207;GUARULHOS;Acesso irregular;Tombamento;Sem Vítimas;Plena Noite;Decrescente;Nublado;Múltipla;"Em Obras;Declive";Sim;1;0;0;0;1;0;0;1;-23,41972188;-46,38419203;SPRF-SP;DEL01-SP;UOP01-DEL01-SP
590835;30/03/2024;sábado;22:00:00;MG;40;614,3;CONGONHAS;Manobra de mudança de faixa;Colisão lateral mesmo sentido;Com Vítimas Fatais;Plena Noite;Decrescente;Nublado;Simples;Curva;Sim;3;1;0;0;2;0;0;3;-20,52977973;-43,82351464;SPRF-MG;DEL05-MG;UOP02-DEL05-MG
590836;30/03/2024;sábado;23:10:00;TO;10;458;PALMAS;Ultrapassagem Indevida;Colisão lateral mesmo sentido;Com Vítimas Feridas;Plena Noite;Crescente;Céu Claro;Múltipla;Reta;Não;3;0;2;0;0;1;2;2;-10,28923802;-48,29771924;SPRF-TO;DEL01-TO;UOP03-DEL01-TO
590837;30/03/2024;sábado;23:50:00;MG;40;441;PARAOPEBA;Avarias e/ou desgaste excessivo no pneu;Saída de leito carroçável;Sem Vítimas;Plena Noite;Decrescente;Nublado;Dupla;Reta;Não;1;0;0;0;1;0;0;1;-19,23100428;-44,43562244;SPRF-MG;DEL02-MG;UOP01-DEL02-MG
590839;30/03/2024;sábado;23:20:00;GO;60;87;ANAPOLIS;Ingestão de álcool pelo condutor;Saída de leito carroçável;Sem Vítimas;Plena Noite;Decrescente;Céu Claro;Dupla;Declive;Não;1;0;0;0;1;0;0;1;-16,3258;-48,8803;SPRF-GO;DEL02-GO;UOP01-DEL02-GO
590840;30/03/2024;sábado;22:00:00;BA;242;466;IBITIARA;Manobra de mudança de faixa;Colisão frontal;Com Vítimas Feridas;Plena Noite;Decrescente;Céu Claro;Simples;Reta;Não;2;0;0;1;0;1;1;2;-12,45524019;-42,19269699;SPRF-BA;DEL06-BA;UOP01-DEL06-BA
590841;30/03/2024;sábado;20:00:00;BA;324;620;SALVADOR;Ausência de reação do condutor;Colisão traseira;Com Vítimas Feridas;Plena Noite;Crescente;Céu Claro;Dupla;Reta;Não;2;0;1;0;1;0;1;2;-12,90482172;-38,45556535;SPRF-BA;DEL01-BA;UOP01-DEL01-BA
590842;30/03/2024;sábado;23:55:00;RJ;101;252,2;RIO BONITO;Transitar na contramão;Colisão frontal;Com Vítimas Fatais;Plena Noite;Decrescente;Céu Claro;Dupla;Reta;Não;3;2;0;0;0;1;0;3;-22,68214756;-42,53377419;SPRF-RJ;DEL02-RJ;UOP03-DEL02-RJ
590843;30/03/2024;sábado;20:20:00;RO;364;80;VILHENA;Ultrapassagem Indevida;Colisão frontal;Com Vítimas Feridas;Plena Noite;Crescente;Céu Claro;Simples;Reta;Não;4;0;3;1;0;0;4;2;-12,43191774;-60,57657785;SPRF-RO;DEL04-RO;UOP01-DEL04-RO
590844;31/03/2024;domingo;00:20:00;RS;290;92;PORTO ALEGRE;Reação tardia ou ineficiente do condutor;Colisão com objeto;Sem Vítimas;Plena Noite;Decrescente;Céu Claro;Dupla;Viaduto;Sim;1;0;0;0;1;0;0;1;-29,971916;-51,176838;SPRF-RS;DEL01-RS;UOP01-DEL01-RS
590846;30/03/2024;sábado;19:30:00;MG;40;145,6;JOAO PINHEIRO;Acessar a via sem observar a presença dos outros veículos;Colisão transversal;Com Vítimas Fatais;Plena Noite;Crescente;Céu Claro;Simples;"Interseção de Vias;Reta";Não;4;1;1;2;0;0;3;2;-17,76661664;-46,14857764;SPRF-MG;DEL14-MG;UOP02-DEL14-MG
590848;30/03/2024;sábado;19:50:00;MG;40;128;JOAO PINHEIRO;Acessar a via sem observar a presença dos outros veículos;Colisão transversal;Com Vítimas Feridas;Plena Noite;Crescente;Céu Claro;Simples;"Rotatória;Reta";Sim;3;0;1;0;2;0;1;2;-17,70576518;-46,28715992;SPRF-MG;DEL14-MG;UOP01-DEL14-MG
590849;31/03/2024;domingo;00:00:00;MG;40;563;NOVA LIMA;Reação tardia ou ineficiente do condutor;Colisão com objeto;Com Vítimas Feridas;Plena Noite;Crescente;Céu Claro;Dupla;Curva;Não;1;0;1;0;0;0;1;1;-20,15241986;-43,96263156;SPRF-MG;DEL01-MG;UOP02-DEL01-MG
590850;31/03/2024;domingo;00:40:00;MG;153;12;CENTRALINA;Chuva;Saída de leito carroçável;Sem Vítimas;Plena Noite;Decrescente;Céu Claro;Dupla;Reta;Não;1;0;0;0;1;0;0;1;-18,52415703;-49,19080383;SPRF-MG;DEL15-MG;UOP03-DEL15-MG
590851;30/03/2024;sábado;23:00:00;DF;70;0,6;BRASILIA;Velocidade Incompatível;Colisão traseira;Com Vítimas Feridas;Plena Noite;Decrescente;Chuva;Múltipla;Reta;Sim;8;0;5;1;2;0;6;3;-15,792352;-48,054509;SPRF-DF;DEL03-DF;UOP02-DEL03-DF
590852;30/03/2024;sábado;20:10:00;RJ;101;313;SAO GONCALO;Acesso irregular;Colisão transversal;Com Vítimas Feridas;Plena Noite;Decrescente;Céu Claro;Dupla;Reta;Sim;3;0;3;0;0;0;3;2;-22,81049093;-43,06983304;SPRF-RJ;DEL02-RJ;UOP02-DEL02-RJ
590853;31/03/2024;domingo;00:10:00;SC;101;106;PENHA;Avarias e/ou desgaste excessivo no pneu;Tombamento;Com Vítimas Feridas;Plena Noite;Decrescente;Céu Claro;Dupla;Reta;Não;2;0;2;0;0;0;2;1;-26,81031601;-48,68293896;SPRF-SC;DEL03-SC;UOP02-DEL03-SC
590855;30/03/2024;sábado;23:30:00;PI;135;315;CRISTINO CASTRO;Reação tardia ou ineficiente do condutor;Atropelamento de Pedestre;Com Vítimas Feridas;Plena Noite;Decrescente;Céu Claro;Simples;Reta;Não;2;0;0;1;0;1;1;2;-8,80195784;-44,21400131;SPRF-PI;DEL03-PI;UOP02-DEL03-PI
590856;31/03/2024;domingo;00:59:00;DF;20;24;BRASILIA;Condutor Dormindo;Colisão com objeto;Com Vítimas Feridas;Plena Noite;Decrescente;Nublado;Dupla;Curva;Sim;1;0;1;0;0;0;1;1;-15,594831;-47,658615;SPRF-DF;DEL02-DF;UOP01-DEL02-DF
590857;30/03/2024;sábado;20:50:00;CE;230;54,3;LAVRAS DA MANGABEIRA;Acessar a via sem observar a presença dos outros veículos;Colisão frontal;Com Vítimas Feridas;Plena Noite;Crescente;Nublado;Simples;"Interseção de Vias;Reta";Não;2;0;0;2;0;0;2;2;-6,77210919;-39,08320203;SPRF-CE;DEL05-CE;UOP01-DEL05-CE
590858;31/03/2024;domingo;00:10:00;BA;110;186;RIBEIRA DO POMBAL;Animais na Pista;Atropelamento de Animal;Com Vítimas Feridas;Plena Noite;Crescente;Céu Claro;Simples;Reta;Sim;6;0;1;1;0;4;2;2;-10,98456904;-38,51340281;SPRF-BA;DEL07-BA;UOP02-DEL07-BA
590861;31/03/2024;domingo;00:50:00;RJ;101;331;RIO DE JANEIRO;Ingestão de substâncias psicoativas pelo condutor;Colisão com objeto;Com Vítimas Feridas;Plena Noite;Crescente;Nublado;Dupla;Reta;Não;6;0;4;0;2;0;4;1;-22,867662;-43,195337;SPRF-RJ;DEL02-RJ;UOP01-DEL02-RJ
590862;31/03/2024;domingo;00:15:00;AL;316;114;CACIMBINHAS;Ausência de reação do condutor;Colisão traseira;Com Vítimas Feridas;Plena Noite;Crescente;Céu Claro;Simples;Reta;Não;2;0;1;0;1;0;1;2;-9,4046948;-36,99317598;SPRF-AL;DEL03-AL;UOP01-DEL03-AL
590863;31/03/2024;domingo;00:50:00;PE;408;94,3;SAO LOURENCO DA MATA;Condutor Dormindo;Colisão com objeto;Com Vítimas Feridas;Plena Noite;Crescente;Nublado;Dupla;"Retorno Regulamentado;Viaduto";Não;1;0;1;0;0;0;1;1;-8,00448211;-35,04643006;SPRF-PE;DEL01-PE;UOP01-DEL01-PE
590864;31/03/2024;domingo;01:55:00;PE;104;36,9;TORITAMA;Transitar na contramão;Colisão lateral sentido oposto;Com Vítimas Feridas;Plena Noite;Decrescente;Céu Claro;Dupla;Reta;Não;2;0;1;0;1;0;1;2;-8,052739;-36,049232;SPRF-PE;DEL02-PE;UOP01-DEL02-PE
590865;31/03/2024;domingo;02:30:00;SP;116;147,7;SAO JOSE DOS CAMPOS;Ausência de reação do condutor;Colisão traseira;Com Vítimas Feridas;Plena Noite;Crescente;Céu Claro;Dupla;Reta;Não;5;0;3;0;2;0;3;3;-23,19542994;-45,87176303;SPRF-SP;DEL02-SP;UOP01-DEL02-SP
590866;30/03/2024;sábado;20:30:00;PR;163;3,5;BARRACAO;Estacionar ou parar em local proibido;Colisão traseira;Com Vítimas Feridas;Plena Noite;Decrescente;Céu Claro;Simples;"Reta;Retorno Regulamentado";Não;3;0;1;2;0;0;3;2;-26,25066;-53,635523;SPRF-PR;DEL02-PR;UOP02-DEL02-PR
590867;31/03/2024;domingo;02:30:00;PR;376;167,6;MARINGA;Velocidade Incompatível;Colisão traseira;Sem Vítimas;Plena Noite;Decrescente;Céu Claro;Dupla;Reta;Não;2;0;0;0;0;2;0;2;-23,38889484;-52,01765656;SPRF-PR;DEL09-PR;UOP01-DEL09-PR
590868;31/03/2024;domingo;02:50:00;GO;414;410;ABADIANIA;Neblina;Colisão com objeto;Sem Vítimas;Plena Noite;Crescente;Nevoeiro/Neblina;Simples;Interseção de Vias;Não;2;0;0;0;2;0;0;1;-16,05188645;-48,8538301;SPRF-GO;DEL02-GO;UOP01-DEL02-GO
590869;31/03/2024;domingo;00:50:00;BA;101;936,8;MUCURI;Ausência de reação do condutor;Saída de leito carroçável;Sem Vítimas;Plena Noite;Decrescente;Céu Claro;Simples;Reta;Não;3;0;0;0;2;1;0;3;-18,020804;-39,862305;SPRF-BA;DEL09-BA;UOP02-DEL09-BA
590870;31/03/2024;domingo;03:28:00;RS;158;302;ITAARA;Ausência de reação do condutor;Saída de leito carroçável;Sem Vítimas;Plena Noite;Crescente;Céu Claro;Simples;Curva;Não;1;0;0;0;0;1;0;1;-29,547158;-53,757016;SPRF-RS;DEL09-RS;UOP01-DEL09-RS
590871;31/03/2024;domingo;03:00:00;SP;116;284;ITAPECERICA DA SERRA;Reação tardia ou ineficiente do condutor;Capotamento;Sem Vítimas;Plena Noite;Decrescente;Nevoeiro/Neblina;Dupla;"Reta;Interseção de Vias";Sim;1;0;0;0;0;1;0;1;-23,69998;-46,867767;SPRF-SP;DEL04-SP;UOP01-DEL04-SP
590873;31/03/2024;domingo;03:30:00;SC;101;229;PALHOCA;Ingestão de álcool pelo condutor;Colisão com objeto;Sem Vítimas;Plena Noite;Decrescente;Céu Claro;Dupla;Reta;Não;1;0;0;0;1;0;0;1;-27,7688932;-48,63205379;SPRF-SC;DEL01-SC;UOP02-DEL01-SC
590875;31/03/2024;domingo;02:50:00;SC;101;277;IMBITUBA;Condutor deixou de manter distância do veículo da frente;Colisão traseira;Com Vítimas Feridas;Plena Noite;Crescente;Céu Claro;Dupla;Reta;Sim;3;0;0;3;0;0;3;2;-28,15478103;-48,69265474;SPRF-SC;DEL02-SC;UOP03-DEL02-SC
590876;31/03/2024;domingo;04:45:00;RS;116;240,6;NOVO HAMBURGO;Ingestão de álcool pelo condutor;Colisão lateral mesmo sentido;Com Vítimas Feridas;Plena Noite;Crescente;Céu Claro;Dupla;"Declive;Em Obras";Sim;5;0;1;0;4;0;1;2;-29,70496497;-51,14676523;SPRF-RS;DEL01-RS;UOP02-DEL01-RS
590877;31/03/2024;domingo;02:20:00;RJ;101;386;RIO DE JANEIRO;Manobra de mudança de faixa;Colisão lateral mesmo sentido;Com Vítimas Feridas;Plena Noite;Crescente;Nublado;Dupla;Reta;Sim;4;0;0;2;2;0;2;2;-22,883781;-43,644185;SPRF-RJ;DEL03-RJ;UOP01-DEL03-RJ
590878;31/03/2024;domingo;04:00:00;SC;282;1;FLORIANOPOLIS;Ingestão de álcool pelo condutor;Colisão traseira;Sem Vítimas;Pleno dia;Decrescente;Céu Claro;Múltipla;"Curva;Aclive";Sim;3;0;0;0;3;0;0;2;-27,602955;-48,580509;SPRF-SC;DEL01-SC;UOP01-DEL01-SC
590879;31/03/2024;domingo;03:20:00;MG;116;106;MEDINA;Reação tardia ou ineficiente do condutor;Capotamento;Com Vítimas Feridas;Plena Noite;Crescente;Céu Claro;Simples;Curva;Não;5;0;2;0;3;0;2;1;-16,479493;-41,507347;SPRF-MG;DEL11-MG;UOP02-DEL11-MG
590881;30/03/2024;sábado;14:00:00;RJ;116;174;RIO DE JANEIRO;Manobra de mudança de faixa;Queda de ocupante de veículo;Com Vítimas Feridas;Pleno dia;Crescente;Céu Claro;Múltipla;"Interseção de Vias;Reta";Sim;1;0;1;0;0;0;1;1;-22,79423806;-43,36403759;SPRF-RJ;DEL06-RJ;UOP01-DEL06-RJ
590883;31/03/2024;domingo;04:30:00;RJ;101;424;MANGARATIBA;Entrada inopinada do pedestre;Atropelamento de Pedestre;Com Vítimas Feridas;Plena Noite;Crescente;Céu Claro;Simples;Reta;Não;2;0;0;1;1;0;1;2;-22,92844041;-43,97409797;SPRF-RJ;DEL03-RJ;UOP02-DEL03-RJ
590884;31/03/2024;domingo;03:10:00;MS;163;349,7;NOVA ALVORADA DO SUL;Ausência de reação do condutor;Saída de leito carroçável;Com Vítimas Feridas;Plena Noite;Decrescente;Nublado;Simples;Reta;Não;2;0;0;1;1;0;1;1;-21,60002283;-54,43689149;SPRF-MS;DEL02-MS;UOP02-DEL02-MS
590885;31/03/2024;domingo;05:40:00;PE;101;65;RECIFE;Ausência de reação do condutor;Queda de ocupante de veículo;Com Vítimas Feridas;Pleno dia;Crescente;Sol;Múltipla;Reta;Sim;1;0;1;0;0;0;1;1;-8,02478597;-34,94276635;SPRF-PE;DEL01-PE;UOP01-DEL01-PE
590886;31/03/2024;domingo;04:15:00;MG;262;458,8;NOVA SERRANA;Ingestão de álcool pelo condutor;Saída de leito carroçável;Sem Vítimas;Plena Noite;Decrescente;Céu Claro;Simples;Reta;Não;1;0;0;0;0;1;0;1;-19,83697491;-45,05802994;SPRF-MG;DEL08-MG;UOP03-DEL08-MG
590887;31/03/2024;domingo;02:48:00;RO;319;64;PORTO VELHO;Condutor desrespeitou a iluminação vermelha do semáforo;Colisão transversal;Com Vítimas Fatais;Plena Noite;Crescente;Céu Claro;Dupla;Reta;Sim;9;1;0;1;0;7;1;3;-8,766685;-63,884052;SPRF-RO;DEL01-RO;UOP01-DEL01-RO
590888;31/03/2024;domingo;05:00:00;PR;376;238,8;APUCARANA;Ingestão de álcool pelo condutor;Atropelamento de Pedestre;Com Vítimas Feridas;Plena Noite;Crescente;Céu Claro;Dupla;"Aclive;Reta";Não;3;0;2;0;1;0;2;2;-23,5821404;-51,45390599;SPRF-PR;DEL07-PR;UOP03-DEL07-PR
590889;31/03/2024;domingo;05:00:00;MG;365;597;UBERLANDIA;Reação tardia ou ineficiente do condutor;Saída de leito carroçável;Sem Vítimas;Amanhecer;Decrescente;Chuva;Simples;Reta;Não;2;0;0;0;1;1;0;2;-18,8834487;-48,10395907;SPRF-MG;DEL15-MG;UOP01-DEL15-MG
590890;31/03/2024;domingo;05:15:00;SC;101;134,6;BALNEARIO CAMBORIU;Ausência de reação do condutor;Saída de leito carroçável;Sem Vítimas;Amanhecer;Crescente;Céu Claro;Múltipla;Reta;Sim;1;0;0;0;0;1;0;1;-26,99936;-48,64609;SPRF-SC;DEL04-SC;UOP03-DEL04-SC
590891;31/03/2024;domingo;06:00:00;GO;153;621;MORRINHOS;Condutor Dormindo;Saída de leito carroçável;Sem Vítimas;Amanhecer;Decrescente;Chuva;Simples;Viaduto;Não;1;0;0;0;1;0;0;1;-17,7309;-49,1552;SPRF-GO;DEL03-GO;UOP01-DEL03-GO
590892;31/03/2024;domingo;06:45:00;RS;386;129;SARANDI;Ausência de reação do condutor;Saída de leito carroçável;Com Vítimas Feridas;Pleno dia;Decrescente;Céu Claro;Simples;Reta;Não;2;0;1;0;1;0;1;1;-27,929603;-52,962897;SPRF-RS;DEL08-RS;UOP01-DEL08-RS
590893;31/03/2024;domingo;05:36:00;SP;116;88;PINDAMONHANGABA;Neblina;Colisão traseira;Com Vítimas Feridas;Amanhecer;Decrescente;Nublado;Dupla;Reta;Não;4;0;2;1;1;0;3;2;-22,93500994;-45,37019403;SPRF-SP;DEL08-SP;UOP01-DEL08-SP
590895;29/03/2024;sexta-feira;20:35:00;MT;364;378;SANTO ANTONIO DO LEVERGER;Velocidade Incompatível;Colisão traseira;Com Vítimas Feridas;Plena Noite;Crescente;Céu Claro;Dupla;Reta;Não;2;0;1;0;1;0;1;2;-15,70377454;-55,74613599;SPRF-MT;DEL01-MT;UOP02-DEL01-MT
590896;31/03/2024;domingo;05:55:00;MG;50;18;UBERLANDIA;Reação tardia ou ineficiente do condutor;Atropelamento de Animal;Sem Vítimas;Amanhecer;Decrescente;Céu Claro;Simples;Reta;Não;1;0;0;0;0;1;0;1;-18,92745428;-48,19517612;SPRF-MG;DEL15-MG;UOP01-DEL15-MG