id;data_inversa;dia_semana;horario;uf;br;km;municipio;causa_acidente;tipo_acidente;classificacao_acidente;fase_dia;sentido_via;condicao_metereologica;tipo_pista;tracado_via;uso_solo;pessoas;mortos;feridos_leves;feridos_graves;ilesos;ignorados;feridos;veiculos;latitude;longitude;regional;delegacia;uop
590898;31/03/2024;domingo;06:50:00;ES;101;281,9;SERRA;Velocidade Incompatível;Colisão com objeto;Sem Vítimas;Pleno dia;Crescente;Céu Claro;Dupla;Ponte;Sim;1;0;0;0;0;1;0;1;-20,22112792;-40,35720552;SPRF-ES;DEL02-ES;UOP01-DEL02-ES
590899;31/03/2024;domingo;06:00:00;PR;369;177;ROLANDIA;Ausência de reação do condutor;Tombamento;Com Vítimas Feridas;Amanhecer;Decrescente;Céu Claro;Simples;Curva;Sim;1;0;1;0;0;0;1;1;-23,34944;-51,3853;SPRF-PR;DEL07-PR;UOP01-DEL07-PR
590900;31/03/2024;domingo;07:13:00;RN;101;75;NATAL;Ingestão de álcool pelo condutor;Colisão com objeto;Com Vítimas Feridas;Pleno dia;Decrescente;Céu Claro;Dupla;Rotatória;Não;2;0;1;1;0;0;2;1;-5,721906;-35,27672;SPRF-RN;DEL02-RN;UOP01-DEL02-RN
590901;31/03/2024;domingo;07:30:00;GO;70;4;AGUAS LINDAS DE GOIAS;Ausência de reação do condutor;Colisão com objeto;Sem Vítimas;Pleno dia;Decrescente;Céu Claro;Dupla;Reta;Sim;1;0;0;0;0;1;0;1;-15,758997;-48,25036;SPRF-DF;DEL03-DF;UOP02-DEL03-DF
590903;31/03/2024;domingo;05:30:00;PR;163;1;BARRACAO;Ultrapassagem Indevida;Colisão frontal;Com Vítimas Feridas;Plena Noite;Decrescente;Céu Claro;Simples;Reta;Não;4;0;1;3;0;0;4;2;-26,25066;-53,635523;SPRF-PR;DEL02-PR;UOP02-DEL02-PR
590904;31/03/2024;domingo;04:00:00;RJ;116;190;NOVA IGUACU;Ausência de reação do condutor;Colisão lateral mesmo sentido;Com Vítimas Feridas;Amanhecer;Crescente;Céu Claro;Dupla;Reta;Sim;1;0;1;0;0;0;1;1;-22,74123776;-43,5007311;SPRF-RJ;DEL06-RJ;UOP01-DEL06-RJ
590905;31/03/2024;domingo;08:05:00;GO;40;4;VALPARAISO DE GOIAS;Manobra de mudança de faixa;Colisão lateral mesmo sentido;Com Vítimas Feridas;Pleno dia;Decrescente;Céu Claro;Dupla;Reta;Sim;2;0;1;0;1;0;1;2;-16,090278;-47,983739;SPRF-DF;DEL01-DF;UOP01-DEL01-DF
590909;31/03/2024;domingo;05:30:00;RO;364;710;PORTO VELHO;Acessar a via sem observar a presença dos outros veículos;Colisão transversal;Sem Vítimas;Amanhecer;Decrescente;Céu Claro;Múltipla;"Reta;Rotatória";Sim;2;0;0;0;2;0;0;2;-8,78621576;-63,85712687;SPRF-RO;DEL01-RO;UOP01-DEL01-RO
590910;31/03/2024;domingo;04:00:00;MA;226;43;MATOES;Ingestão de álcool pelo condutor;Colisão frontal;Com Vítimas Fatais;Plena Noite;Crescente;Ignorado;Simples;Reta;Não;3;1;0;1;0;1;1;2;-5,224909;-43,451706;SPRF-MA;DEL03-MA;UOP02-DEL03-MA
590911;31/03/2024;domingo;08:40:00;SP;101;31;UBATUBA;Acessar a via sem observar a presença dos outros veículos;Colisão lateral mesmo sentido;Com Vítimas Feridas;Pleno dia;Decrescente;Céu Claro;Simples;Reta;Não;2;0;1;0;1;0;1;2;-23,38434701;-44,97217398;SPRF-SP;DEL06-SP;UOP01-DEL06-SP
590912;31/03/2024;domingo;05:10:00;MA;316;494,9;CODO;Condutor deixou de manter distância do veículo da frente;Colisão traseira;Com Vítimas Feridas;Amanhecer;Crescente;Céu Claro;Simples;Reta;Não;4;0;2;0;2;0;2;2;-4,684628;-43,809547;SPRF-MA;DEL03-MA;UOP02-DEL03-MA
590914;31/03/2024;domingo;08:45:00;SC;282;38,6;AGUAS MORNAS;Transitar na contramão;Colisão lateral sentido oposto;Com Vítimas Feridas;Pleno dia;Crescente;Céu Claro;Simples;Curva;Sim;3;0;1;0;2;0;1;2;-27,709209;-48,852467;SPRF-SC;DEL01-SC;UOP03-DEL01-SC
590915;31/03/2024;domingo;08:30:00;SP;116;152;SAO JOSE DOS CAMPOS;Reação tardia ou ineficiente do condutor;Queda de ocupante de veículo;Com Vítimas Feridas;Pleno dia;Decrescente;Céu Claro;Dupla;Reta;Sim;2;0;2;0;0;0;2;1;-23,22620401;-45,90682999;SPRF-SP;DEL02-SP;UOP01-DEL02-SP
590916;31/03/2024;domingo;09:50:00;RN;226;175,4;CURRAIS NOVOS;Acessar a via sem observar a presença dos outros veículos;Colisão lateral mesmo sentido;Com Vítimas Feridas;Pleno dia;Decrescente;Nublado;Simples;Reta;Sim;3;0;0;2;1;0;2;2;-6,257745;-36,510166;SPRF-RN;DEL03-RN;UOP02-DEL03-RN
590918;31/03/2024;domingo;09:25:00;MS;262;7;TRES LAGOAS;Ausência de reação do condutor;Colisão traseira;Com Vítimas Feridas;Pleno dia;Crescente;Sol;Dupla;Reta;Sim;3;0;1;0;2;0;1;2;-20,78970603;-51,67753637;SPRF-MS;DEL07-MS;UOP01-DEL07-MS
590920;31/03/2024;domingo;05:35:00;MG;40;508;RIBEIRAO DAS NEVES;Ausência de reação do condutor;Tombamento;Com Vítimas Feridas;Pleno dia;Decrescente;Céu Claro;Dupla;Reta;Sim;2;0;1;1;0;0;2;1;-19,76061249;-44,1347544;SPRF-MG;DEL02-MG;UOP01-DEL02-MG
590921;31/03/2024;domingo;11:00:00;AL;316;254;PILAR;Desrespeitar a preferência no cruzamento;Colisão transversal;Com Vítimas Feridas;Pleno dia;Crescente;Nublado;Simples;"Interseção de Vias;Reta";Sim;2;0;1;0;1;0;1;2;-9,59025583;-35,95481873;SPRF-AL;DEL02-AL;UOP01-DEL02-AL
590922;31/03/2024;domingo;10:30:00;PR;277;119,9;CAMPO LARGO;Acessar a via sem observar a presença dos outros veículos;Colisão lateral mesmo sentido;Com Vítimas Feridas;Pleno dia;Crescente;Céu Claro;Dupla;Reta;Não;3;0;1;0;2;0;1;2;-25,43744214;-49,54788923;SPRF-PR;DEL03-PR;UOP03-DEL03-PR
590923;31/03/2024;domingo;10:45:00;MG;40;421;CURVELO;Reação tardia ou ineficiente do condutor;Engavetamento;Com Vítimas Feridas;Pleno dia;Crescente;Céu Claro;Simples;Reta;Não;5;0;2;2;1;0;4;3;-19,15478812;-44,55712798;SPRF-MG;DEL02-MG;UOP01-DEL02-MG
590924;31/03/2024;domingo;10:30:00;MS;163;566;BANDEIRANTES;Ausência de reação do condutor;Saída de leito carroçável;Com Vítimas Feridas;Pleno dia;Crescente;Céu Claro;Simples;Reta;Não;2;0;2;0;0;0;2;1;-19,7668671;-54,36081762;SPRF-MS;DEL01-MS;UOP02-DEL01-MS
590928;31/03/2024;domingo;11:40:00;ES;262;17;VIANA;Acessar a via sem observar a presença dos outros veículos;Colisão transversal;Com Vítimas Feridas;Pleno dia;Crescente;Nublado;Simples;Interseção de Vias;Sim;3;0;1;1;1;0;2;2;-20,38635961;-40,47272969;SPRF-ES;DEL01-ES;UOP01-DEL01-ES
590931;31/03/2024;domingo;11:45:00;MG;40;672,6;CARANDAI;Velocidade Incompatível;Colisão traseira;Com Vítimas Feridas;Pleno dia;Crescente;Sol;Simples;Reta;Não;2;0;0;1;1;0;1;2;-20,99406911;-43,77827346;SPRF-MG;DEL05-MG;UOP02-DEL05-MG
590932;31/03/2024;domingo;07:42:00;GO;50;96;CRISTALINA;Ingestão de álcool pelo condutor;Colisão com objeto;Sem Vítimas;Plena Noite;Crescente;Ignorado;Dupla;"Declive;Desvio Temporário;Em Obras";Sim;1;0;0;0;0;1;0;1;-16,9309;-47,7117;SPRF-DF;DEL01-DF;UOP02-DEL01-DF
590933;31/03/2024;domingo;12:00:00;PR;116;120;CURITIBA;Reação tardia ou ineficiente do condutor;Colisão traseira;Com Vítimas Feridas;Pleno dia;Decrescente;Céu Claro;Dupla;Reta;Sim;3;0;2;0;0;1;2;2;-25,58681727;-49,31434393;SPRF-PR;DEL01-PR;UOP03-DEL01-PR
590934;31/03/2024;domingo;12:45:00;SC;282;17;PALHOCA;Acessar a via sem observar a presença dos outros veículos;Colisão transversal;Com Vítimas Feridas;Pleno dia;Decrescente;Céu Claro;Simples;Reta;Não;2;0;0;1;1;0;1;2;-27,665707;-48,688065;SPRF-SC;DEL01-SC;UOP02-DEL01-SC
590935;31/03/2024;domingo;12:25:00;RJ;393;282,3;VOLTA REDONDA;Ausência de reação do condutor;Colisão traseira;Com Vítimas Feridas;Pleno dia;Crescente;Sol;Simples;Reta;Não;4;0;2;0;2;0;2;2;-22,48082784;-44,04047201;SPRF-RJ;DEL05-RJ;UOP04-DEL05-RJ
590937;31/03/2024;domingo;11:25:00;SC;101;340,2;TUBARAO;Reação tardia ou ineficiente do condutor;Colisão traseira;Com Vítimas Feridas;Pleno dia;Crescente;Céu Claro;Múltipla;Reta;Não;4;0;1;0;3;0;1;2;-28,501444;-49,04690399;SPRF-SC;DEL02-SC;UOP01-DEL02-SC
590938;31/03/2024;domingo;12:35:00;PR;369;195;APUCARANA;Reação tardia ou ineficiente do condutor;Colisão com objeto;Com Vítimas Feridas;Pleno dia;Crescente;Céu Claro;Dupla;Reta;Não;1;0;0;1;0;0;1;1;-23,499636;-51,423921;SPRF-PR;DEL07-PR;UOP03-DEL07-PR
590940;31/03/2024;domingo;11:25:00;RJ;116;143;DUQUE DE CAXIAS;Reação tardia ou ineficiente do condutor;Colisão traseira;Com Vítimas Feridas;Pleno dia;Crescente;Céu Claro;Dupla;Reta;Sim;6;0;2;0;4;0;2;2;-22,65237271;-43,23918118;SPRF-RJ;DEL01-RJ;UOP02-DEL01-RJ
590941;31/03/2024;domingo;13:00:00;MG;40;513,5;RIBEIRAO DAS NEVES;Ingestão de álcool pelo condutor;Engavetamento;Com Vítimas Feridas;Pleno dia;Crescente;Céu Claro;Dupla;Reta;Não;3;0;1;0;0;2;1;3;-19,7970544;-44,1080512;SPRF-MG;DEL01-MG;UOP02-DEL01-MG
590942;31/03/2024;domingo;13:50:00;MG;267;40,8;ARGIRITA;Transitar na contramão;Colisão frontal;Com Vítimas Fatais;Pleno dia;Decrescente;Céu Claro;Simples;"Declive;Reta";Não;3;1;1;1;0;0;2;2;-21,67774999;-42,906991;SPRF-MG;DEL07-MG;UOP01-DEL07-MG
590943;31/03/2024;domingo;13:15:00;GO;70;2,3;AGUAS LINDAS DE GOIAS;Manobra de mudança de faixa;Saída de leito carroçável;Com Vítimas Feridas;Pleno dia;Crescente;Céu Claro;Dupla;"Aclive;Reta";Sim;2;0;2;0;0;0;2;1;-15,767021;-48,229945;SPRF-DF;DEL03-DF;UOP02-DEL03-DF
590944;31/03/2024;domingo;12:15:00;GO;452;0,5;RIO VERDE;Reação tardia ou ineficiente do condutor;Colisão traseira;Sem Vítimas;Pleno dia;Decrescente;Céu Claro;Dupla;Reta;Sim;3;0;0;0;3;0;0;2;-17,79126493;-50,89368296;SPRF-GO;DEL04-GO;UOP01-DEL04-GO
590945;31/03/2024;domingo;14:05:00;RS;285;299,1;PASSO FUNDO;Condutor deixou de manter distância do veículo da frente;Colisão traseira;Com Vítimas Feridas;Pleno dia;Crescente;Nublado;Simples;Reta;Não;3;0;1;0;2;0;1;2;-28,234184;-52,43314;SPRF-RS;DEL08-RS;UOP03-DEL08-RS
590948;31/03/2024;domingo;13:40:00;ES;262;133;BREJETUBA;Reação tardia ou ineficiente do condutor;Saída de leito carroçável;Com Vítimas Feridas;Pleno dia;Crescente;Sol;Simples;Reta;Não;4;0;1;0;1;2;1;3;-20,24395403;-41,31727776;SPRF-ES;DEL01-ES;UOP02-DEL01-ES
590949;31/03/2024;domingo;14:15:00;RS;290;75;GRAVATAI;Curva acentuada;Colisão com objeto;Com Vítimas Feridas;Pleno dia;Decrescente;Céu Claro;Simples;"Curva;Retorno Regulamentado";Não;2;0;2;0;0;0;2;1;-29,95489185;-51,00215077;SPRF-RS;DEL01-RS;UOP01-DEL01-RS
590950;31/03/2024;domingo;14:40:00;MG;381;486;BETIM;Condutor deixou de manter distância do veículo da frente;Colisão traseira;Sem Vítimas;Pleno dia;Decrescente;Céu Claro;Dupla;Reta;Sim;3;0;0;0;3;0;0;3;-19,95644414;-44,13611598;SPRF-MG;DEL01-MG;UOP03-DEL01-MG
590951;31/03/2024;domingo;14:10:00;CE;116;9,5;FORTALEZA;Reação tardia ou ineficiente do condutor;Colisão com objeto;Com Vítimas Feridas;Pleno dia;Decrescente;Nublado;Múltipla;Reta;Sim;1;0;1;0;0;0;1;1;-3,82779096;-38,50486117;SPRF-CE;DEL01-CE;UOP02-DEL01-CE
590952;31/03/2024;domingo;13:40:00;MT;70;516;VARZEA GRANDE;Conversão proibida;Colisão frontal;Com Vítimas Feridas;Pleno dia;Crescente;Céu Claro;Simples;Reta;Não;2;0;1;0;1;0;1;2;-15,69402912;-56,16725922;SPRF-MT;DEL01-MT;UOP02-DEL01-MT
590954;26/02/2024;segunda-feira;06:36:00;RJ;101;396;RIO DE JANEIRO;Reação tardia ou ineficiente do condutor;Saída de leito carroçável;Com Vítimas Feridas;Amanhecer;Crescente;Nublado;Dupla;Reta;Não;30;0;18;6;6;0;24;1;-22,874033;-43,741343;SPRF-RJ;DEL03-RJ;UOP01-DEL03-RJ
590955;31/03/2024;domingo;14:40:00;PE;101;136;ESCADA;Avarias e/ou desgaste excessivo no pneu;Queda de ocupante de veículo;Com Vítimas Feridas;Pleno dia;Decrescente;Céu Claro;Dupla;Reta;Não;2;0;2;0;0;0;2;1;-8,41439454;-35,3044618;SPRF-PE;DEL01-PE;UOP03-DEL01-PE
590956;31/03/2024;domingo;15:05:00;BA;116;359;SERRINHA;Desrespeitar a preferência no cruzamento;Colisão transversal;Com Vítimas Feridas;Pleno dia;Crescente;Sol;Múltipla;Retorno Regulamentado;Sim;3;0;0;1;2;0;1;2;-11,66747;-39,0012;SPRF-BA;DEL02-BA;UOP01-DEL02-BA
590957;31/03/2024;domingo;15:05:00;PE;101;74;RECIFE;Pedestre cruzava a pista fora da faixa;Atropelamento de Pedestre;Com Vítimas Feridas;Pleno dia;Crescente;Céu Claro;Dupla;Curva;Sim;2;0;0;1;1;0;1;2;-8,10146485;-34,94901577;SPRF-PE;DEL01-PE;UOP01-DEL01-PE
590958;31/03/2024;domingo;15:10:00;SC;101;128;ITAJAI;Manobra de mudança de faixa;Colisão lateral mesmo sentido;Com Vítimas Feridas;Pleno dia;Crescente;Céu Claro;Dupla;Reta;Não;2;0;1;0;0;1;1;2;-26,97284292;-48,68299451;SPRF-SC;DEL04-SC;UOP04-DEL04-SC
590959;31/03/2024;domingo;15:50:00;PB;230;36;SANTA RITA;Acessar a via sem observar a presença dos outros veículos;Atropelamento de Pedestre;Com Vítimas Feridas;Pleno dia;Decrescente;Nublado;Dupla;Declive;Não;2;0;1;0;0;1;1;2;-7,1246;-34,9473;SPRF-PB;DEL01-PB;UOP03-DEL01-PB
590960;31/03/2024;domingo;13:05:00;AM;230;614;HUMAITA;Acessar a via sem observar a presença dos outros veículos;Tombamento;Com Vítimas Feridas;Pleno dia;Crescente;Nublado;Simples;Reta;Não;3;0;2;0;1;0;2;2;-7,52452713;-63,04076743;SPRF-AM;DEL01-AM;UOP05-DEL01-AM
590961;31/03/2024;domingo;13:10:00;RN;304;152,9;ANGICOS;Chuva;Saída de leito carroçável;Com Vítimas Feridas;Pleno dia;Crescente;Chuva;Simples;Reta;Não;4;0;1;0;3;0;1;1;-5,69341207;-36,58011701;SPRF-RN;DEL04-RN;UOP01-DEL04-RN
590962;31/03/2024;domingo;14:50:00;BA;324;570;SAO SEBASTIAO DO PASSE;Manobra de mudança de faixa;Colisão lateral mesmo sentido;Com Vítimas Feridas;Pleno dia;Crescente;Céu Claro;Dupla;Reta;Não;2;0;2;0;0;0;2;1;-12,54603889;-38,58142792;SPRF-BA;DEL01-BA;UOP01-DEL01-BA
590963;31/03/2024;domingo;14:00:00;MG;116;506,9;UBAPORANGA;Ausência de reação do condutor;Colisão traseira;Com Vítimas Feridas;Pleno dia;Decrescente;Céu Claro;Simples;Reta;Sim;2;0;0;1;1;0;1;2;-19,61173388;-42,11344072;SPRF-MG;DEL06-MG;UOP02-DEL06-MG
590964;31/03/2024;domingo;16:00:00;RS;285;341,2;CARAZINHO;Desrespeitar a preferência no cruzamento;Colisão transversal;Com Vítimas Feridas;Pleno dia;Decrescente;Céu Claro;Simples;Interseção de Vias;Não;3;0;2;0;0;1;2;2;-28,317753;-52,806843;SPRF-RS;DEL08-RS;UOP03-DEL08-RS
590967;31/03/2024;domingo;15:57:00;MG;40;510,4;RIBEIRAO DAS NEVES;Ingestão de álcool pelo condutor;Engavetamento;Sem Vítimas;Pleno dia;Crescente;Céu Claro;Dupla;"Reta;Aclive";Não;4;0;0;0;4;0;0;4;-19,77463885;-44,12321882;SPRF-MG;DEL01-MG;UOP02-DEL01-MG
590968;31/03/2024;domingo;16:00:00;RJ;116;184;NOVA IGUACU;Manobra de mudança de faixa;Colisão lateral mesmo sentido;Com Vítimas Feridas;Pleno dia;Decrescente;Céu Claro;Múltipla;Reta;Sim;3;0;2;0;1;0;2;2;-22,74647215;-43,44594311;SPRF-RJ;DEL06-RJ;UOP01-DEL06-RJ
590970;31/03/2024;domingo;16:10:00;SC;280;168,5;MAFRA;Ausência de reação do condutor;Colisão com objeto;Com Vítimas Feridas;Pleno dia;Decrescente;Céu Claro;Simples;"Aclive;Reta";Sim;2;0;1;0;1;0;1;1;-26,1600847;-49,81588937;SPRF-SC;DEL06-SC;UOP01-DEL06-SC
590971;31/03/2024;domingo;08:00:00;BA;235;243;UAUA;Condutor deixou de manter distância do veículo da frente;Colisão lateral mesmo sentido;Com Vítimas Fatais;Pleno dia;Crescente;Céu Claro;Simples;Reta;Não;2;1;0;0;0;1;0;2;-9,76966757;-39,60989875;SPRF-BA;DEL07-BA;UOP01-DEL07-BA
590972;31/03/2024;domingo;15:00:00;SP;116;99,1;PINDAMONHANGABA;Condutor deixou de manter distância do veículo da frente;Engavetamento;Com Vítimas Feridas;Pleno dia;Crescente;Céu Claro;Dupla;Reta;Não;5;0;2;0;2;1;2;4;-22,98236971;-45,46436617;SPRF-SP;DEL08-SP;UOP01-DEL08-SP
590973;31/03/2024;domingo;16:00:00;SC;282;26,7;SANTO AMARO DA IMPERATRIZ;Acessar a via sem observar a presença dos outros veículos;Colisão transversal;Com Vítimas Feridas;Pleno dia;Crescente;Céu Claro;Simples;"Reta;Interseção de Vias";Não;2;0;0;1;1;0;1;2;-27,67564892;-48,7678653;SPRF-SC;DEL01-SC;UOP03-DEL01-SC
590974;31/03/2024;domingo;16:20:00;RS;116;242;SAO LEOPOLDO;Reação tardia ou ineficiente do condutor;Colisão traseira;Com Vítimas Feridas;Pleno dia;Crescente;Céu Claro;Dupla;"Em Obras;Reta";Sim;5;0;2;0;3;0;2;2;-29,72297087;-51,14858729;SPRF-RS;DEL01-RS;UOP02-DEL01-RS
590975;31/03/2024;domingo;15:00:00;MS;262;232;RIBAS DO RIO PARDO;Reação tardia ou ineficiente do condutor;Colisão traseira;Sem Vítimas;Pleno dia;Crescente;Garoa/Chuvisco;Simples;Reta;Não;2;0;0;0;2;0;0;2;-20,46551195;-53,69034299;SPRF-MS;DEL07-MS;UOP02-DEL07-MS
590976;31/03/2024;domingo;16:00:00;PR;277;39,2;MORRETES;Demais falhas mecânicas ou elétricas;Incêndio;Sem Vítimas;Pleno dia;Crescente;Céu Claro;Dupla;"Reta;Aclive";Não;2;0;0;0;2;0;0;1;-25,571233;-48,817137;SPRF-PR;DEL01-PR;UOP05-DEL01-PR
590977;31/03/2024;domingo;16:25:00;RS;386;32,1;FREDERICO WESTPHALEN;Acessar a via sem observar a presença dos outros veículos;Colisão transversal;Com Vítimas Feridas;Pleno dia;Crescente;Céu Claro;Simples;Interseção de Vias;Sim;2;0;1;0;1;0;1;2;-27,341396;-53,387527;SPRF-RS;DEL08-RS;UOP02-DEL08-RS
590978;31/03/2024;domingo;16:30:00;RS;386;391,2;TRIUNFO;Acessar a via sem observar a presença dos outros veículos;Colisão transversal;Com Vítimas Feridas;Pleno dia;Decrescente;Céu Claro;Dupla;"Reta;Interseção de Vias";Não;3;0;1;0;2;0;1;2;-29,7029;-51,665871;SPRF-RS;DEL04-RS;UOP02-DEL04-RS
590979;31/03/2024;domingo;17:00:00;RN;304;177;FERNANDO PEDROZA;Pista esburacada;Tombamento;Com Vítimas Feridas;Pleno dia;Crescente;Chuva;Simples;Reta;Não;2;0;2;0;0;0;2;1;-5,68883;-36,366143;SPRF-RN;DEL01-RN;UOP03-DEL01-RN
590980;31/03/2024;domingo;15:39:00;ES;101;255,7;SERRA;Ausência de reação do condutor;Colisão traseira;Com Vítimas Feridas;Pleno dia;Decrescente;Sol;Simples;"Reta;Aclive";Sim;3;0;0;1;2;0;1;2;-20,11843401;-40,31229258;SPRF-ES;DEL02-ES;UOP01-DEL02-ES
590981;31/03/2024;domingo;16:30:00;RS;386;247,8;SOLEDADE;Reação tardia ou ineficiente do condutor;Colisão transversal;Com Vítimas Feridas;Pleno dia;Crescente;Céu Claro;Simples;"Em Obras;Reta";Sim;11;0;1;1;9;0;2;3;-28,817137;-52,485972;SPRF-RS;DEL04-RS;UOP03-DEL04-RS
590982;31/03/2024;domingo;16:20:00;CE;222;40,9;CAUCAIA;Condutor deixou de manter distância do veículo da frente;Colisão traseira;Com Vítimas Feridas;Pleno dia;Decrescente;Nublado;Simples;Reta;Sim;3;0;1;1;1;0;2;2;-3,68690023;-38,90730706;SPRF-CE;DEL01-CE;UOP03-DEL01-CE
590983;31/03/2024;domingo;16:50:00;CE;116;22;ITAITINGA;Condutor deixou de manter distância do veículo da frente;Engavetamento;Com Vítimas Feridas;Pleno dia;Decrescente;Céu Claro;Dupla;Reta;Sim;11;0;2;0;9;0;2;3;-3,94070798;-38,50918633;SPRF-CE;DEL01-CE;UOP02-DEL01-CE
590984;31/03/2024;domingo;17:00:00;PR;369;157;LONDRINA;Velocidade Incompatível;Colisão traseira;Com Vítimas Feridas;Pleno dia;Crescente;Céu Claro;Dupla;Reta;Sim;2;0;1;0;1;0;1;2;-23,28804607;-51,22474194;SPRF-PR;DEL07-PR;UOP01-DEL07-PR
590986;31/03/2024;domingo;17:00:00;SC;101;149;ITAPEMA;Manobra de mudança de faixa;Colisão lateral mesmo sentido;Com Vítimas Feridas;Pleno dia;Decrescente;Céu Claro;Dupla;Reta;Sim;2;0;1;0;1;0;1;2;-27,1089649;-48,61277586;SPRF-SC;DEL04-SC;UOP03-DEL04-SC
590987;31/03/2024;domingo;16:00:00;ES;262;16;VIANA;Acessar a via sem observar a presença dos outros veículos;Colisão transversal;Sem Vítimas;Pleno dia;Decrescente;Céu Claro;Simples;Curva;Sim;2;0;0;0;2;0;0;2;-20,38635961;-40,47272969;SPRF-ES;DEL01-ES;UOP01-DEL01-ES
590988;31/03/2024;domingo;16:10:00;RJ;393;170;TRES RIOS;Condutor Dormindo;Colisão lateral sentido oposto;Com Vítimas Feridas;Pleno dia;Decrescente;Céu Claro;Simples;Curva;Não;4;0;1;0;3;0;1;2;-22,11956789;-43,16009506;SPRF-RJ;DEL05-RJ;UOP03-DEL05-RJ
590989;31/03/2024;domingo;17:20:00;RS;116;242;SAO LEOPOLDO;Reação tardia ou ineficiente do condutor;Colisão traseira;Com Vítimas Feridas;Pleno dia;Crescente;Céu Claro;Dupla;"Reta;Em Obras";Sim;3;0;1;0;2;0;1;2;-29,72297087;-51,14858729;SPRF-RS;DEL01-RS;UOP02-DEL01-RS
590990;31/03/2024;domingo;15:50:00;BA;367;36;PORTO SEGURO;Ultrapassagem Indevida;Colisão frontal;Com Vítimas Feridas;Pleno dia;Crescente;Céu Claro;Simples;Reta;Não;5;0;0;1;4;0;1;4;-16,399183;-39,18136;SPRF-BA;DEL09-BA;UOP03-DEL09-BA
590991;31/03/2024;domingo;17:10:00;SP;116;176;GUARAREMA;Ausência de reação do condutor;Colisão com objeto;Com Vítimas Feridas;Pleno dia;Crescente;Céu Claro;Dupla;Reta;Não;4;0;1;0;3;0;1;1;-23,32188281;-46,110083;SPRF-SP;DEL01-SP;UOP01-DEL01-SP
590992;31/03/2024;domingo;16:50:00;RS;386;408,5;TRIUNFO;Acessar a via sem observar a presença dos outros veículos;Colisão transversal;Com Vítimas Feridas;Pleno dia;Crescente;Céu Claro;Dupla;"Reta;Declive";Não;3;0;1;0;2;0;1;2;-29,796766;-51,527248;SPRF-RS;DEL04-RS;UOP02-DEL04-RS
590993;31/03/2024;domingo;17:10:00;SC;101;149;ITAPEMA;Manobra de mudança de faixa;Colisão lateral mesmo sentido;Com Vítimas Feridas;Pleno dia;Decrescente;Céu Claro;Múltipla;Reta;Sim;2;0;1;0;1;0;1;2;-27,1089649;-48,61277586;SPRF-SC;DEL04-SC;UOP03-DEL04-SC
590994;31/03/2024;domingo;17:50:00;BA;101;883;TEIXEIRA DE FREITAS;Reação tardia ou ineficiente do condutor;Colisão traseira;Com Vítimas Feridas;Plena Noite;Decrescente;Chuva;Simples;Reta;Não;2;0;0;1;1;0;1;2;-17,593204;-39,74709;SPRF-BA;DEL09-BA;UOP02-DEL09-BA
590995;31/03/2024;domingo;17:45:00;SP;116;151;SAO JOSE DOS CAMPOS;Ausência de reação do condutor;Colisão lateral mesmo sentido;Com Vítimas Feridas;Anoitecer;Crescente;Sol;Dupla;Reta;Não;3;0;2;0;1;0;2;2;-23,21980694;-45,89991605;SPRF-SP;DEL02-SP;UOP01-DEL02-SP
590996;31/03/2024;domingo;17:34:00;SP;116;229,3;SAO PAULO;Ausência de reação do condutor;Colisão com objeto;Com Vítimas Feridas;Anoitecer;Crescente;Céu Claro;Múltipla;Reta;Sim;2;0;1;0;1;0;1;1;-23,51291902;-46,57604698;SPRF-SP;DEL01-SP;UOP01-DEL01-SP
590997;31/03/2024;domingo;15:40:00;CE;222;59,9;SAO GONCALO DO AMARANTE;Ausência de reação do condutor;Queda de ocupante de veículo;Com Vítimas Feridas;Pleno dia;Crescente;Céu Claro;Simples;Reta;Não;1;0;1;0;0;0;1;1;-3,67053434;-39,07182499;SPRF-CE;DEL01-CE;UOP03-DEL01-CE
590998;31/03/2024;domingo;14:10:00;ES;101;290;CARIACICA;Demais falhas mecânicas ou elétricas;Tombamento;Com Vítimas Feridas;Pleno dia;Crescente;Céu Claro;Dupla;"Aclive;Reta";Não;2;0;2;0;0;0;2;1;-20,28927747;-40,39181575;SPRF-ES;DEL01-ES;UOP01-DEL01-ES
590999;31/03/2024;domingo;18:00:00;RN;304;30,4;MOSSORO;Ausência de reação do condutor;Colisão traseira;Com Vítimas Feridas;Plena Noite;Crescente;Chuva;Dupla;Reta;Sim;2;0;1;0;1;0;1;2;-5,11703801;-37,34100094;SPRF-RN;DEL04-RN;UOP02-DEL04-RN
591001;31/03/2024;domingo;17:40:00;PR;116;102,3;SAO JOSE DOS PINHAIS;Reação tardia ou ineficiente do condutor;Colisão lateral mesmo sentido;Com Vítimas Fatais;Pleno dia;Crescente;Céu Claro;Dupla;"Reta;Viaduto";Sim;4;1;0;0;2;1;0;4;-25,5685144;-49,17894065;SPRF-PR;DEL01-PR;UOP07-DEL01-PR
591002;31/03/2024;domingo;18:00:00;RS;386;179,9;CARAZINHO;Desrespeitar a preferência no cruzamento;Colisão transversal;Com Vítimas Feridas;Pleno dia;Decrescente;Céu Claro;Simples;Rotatória;Não;2;0;1;0;1;0;1;2;-28,29827832;-52,74807572;SPRF-RS;DEL08-RS;UOP01-DEL08-RS