id;data_inversa;dia_semana;horario;uf;br;km;municipio;causa_acidente;tipo_acidente;classificacao_acidente;fase_dia;sentido_via;condicao_metereologica;tipo_pista;tracado_via;uso_solo;pessoas;mortos;feridos_leves;feridos_graves;ilesos;ignorados;feridos;veiculos;latitude;longitude;regional;delegacia;uop
591003;31/03/2024;domingo;17:40:00;GO;153;516;APARECIDA DE GOIANIA;Ingestão de álcool pelo condutor;Colisão traseira;Sem Vítimas;Pleno dia;Decrescente;Céu Claro;Dupla;Retorno Regulamentado;Não;3;0;0;0;3;0;0;2;-16,8504;-49,2473;SPRF-GO;DEL01-GO;UOP03-DEL01-GO
591007;31/03/2024;domingo;17:20:00;RJ;116;192;NOVA IGUACU;Condutor deixou de manter distância do veículo da frente;Colisão traseira;Com Vítimas Feridas;Anoitecer;Decrescente;Céu Claro;Dupla;Reta;Não;3;0;0;2;1;0;2;2;-22,74207737;-43,5192401;SPRF-RJ;DEL06-RJ;UOP01-DEL06-RJ
591008;31/03/2024;domingo;14:50:00;PA;316;24;BENEVIDES;Demais falhas mecânicas ou elétricas;Tombamento;Com Vítimas Feridas;Pleno dia;Decrescente;Céu Claro;Dupla;Reta;Sim;2;0;1;1;0;0;2;1;-1,34599732;-48,25152822;SPRF-PA;DEL01-PA;UOP01-DEL01-PA
591009;19/03/2024;terça-feira;18:20:00;ES;101;290;CARIACICA;Acessar a via sem observar a presença dos outros veículos;Colisão transversal;Com Vítimas Feridas;Plena Noite;Crescente;Céu Claro;Dupla;Reta;Sim;2;0;1;0;1;0;1;2;-20,28927747;-40,39181575;SPRF-ES;DEL01-ES;UOP01-DEL01-ES
591011;31/03/2024;domingo;18:15:00;PR;376;626,7;SAO JOSE DOS PINHAIS;Velocidade Incompatível;Colisão com objeto;Com Vítimas Feridas;Anoitecer;Decrescente;Céu Claro;Múltipla;Reta;Não;4;0;3;1;0;0;4;1;-25,66095117;-49,15500053;SPRF-PR;DEL01-PR;UOP04-DEL01-PR
591012;31/03/2024;domingo;19:15:00;CE;116;69;CHOROZINHO;Condutor deixou de manter distância do veículo da frente;Colisão traseira;Com Vítimas Feridas;Plena Noite;Decrescente;Céu Claro;Simples;Reta;Sim;3;0;0;1;1;1;1;2;-4,32059871;-38,4911177;SPRF-CE;DEL03-CE;UOP02-DEL03-CE
591013;31/03/2024;domingo;15:20:00;RJ;356;183;SAO JOAO DA BARRA;Acessar a via sem observar a presença dos outros veículos;Colisão transversal;Com Vítimas Feridas;Pleno dia;Crescente;Céu Claro;Simples;Reta;Sim;2;0;1;0;0;1;1;2;-21,64210794;-41,04911121;SPRF-RJ;DEL08-RJ;UOP02-DEL08-RJ
591014;31/03/2024;domingo;19:10:00;SC;101;229;PALHOCA;Condutor deixou de manter distância do veículo da frente;Colisão lateral mesmo sentido;Com Vítimas Feridas;Plena Noite;Decrescente;Céu Claro;Dupla;Declive;Não;3;0;0;1;2;0;1;3;-27,7688932;-48,63205379;SPRF-SC;DEL01-SC;UOP02-DEL01-SC
591016;31/03/2024;domingo;19:05:00;MG;381;484;BETIM;Ausência de reação do condutor;Colisão lateral mesmo sentido;Com Vítimas Feridas;Plena Noite;Decrescente;Céu Claro;Dupla;"Curva;Aclive";Sim;2;0;1;0;1;0;1;2;-19,95531717;-44,11722196;SPRF-MG;DEL01-MG;UOP03-DEL01-MG
591018;31/03/2024;domingo;19:30:00;ES;101;399;ITAPEMIRIM;Acesso irregular;Colisão com objeto;Com Vítimas Feridas;Plena Noite;Crescente;Céu Claro;Múltipla;Reta;Não;2;0;0;2;0;0;2;1;-20,87819123;-40,96568078;SPRF-ES;DEL03-ES;UOP02-DEL03-ES
591019;31/03/2024;domingo;18:15:00;SC;101;105,3;PENHA;Reação tardia ou ineficiente do condutor;Colisão traseira;Com Vítimas Feridas;Anoitecer;Crescente;Nublado;Dupla;"Declive;Curva";Não;4;0;1;0;3;0;1;3;-26,80341518;-48,67923975;SPRF-SC;DEL03-SC;UOP02-DEL03-SC
591020;31/03/2024;domingo;19:25:00;MG;40;570;NOVA LIMA;Ingestão de álcool pelo condutor;Engavetamento;Sem Vítimas;Plena Noite;Decrescente;Céu Claro;Simples;Reta;Sim;3;0;0;0;3;0;0;3;-20,21286706;-43,97263241;SPRF-MG;DEL01-MG;UOP02-DEL01-MG
591021;31/03/2024;domingo;19:00:00;PI;316;244;INHUMA;Acessar a via sem observar a presença dos outros veículos;Colisão lateral mesmo sentido;Com Vítimas Feridas;Plena Noite;Decrescente;Céu Claro;Simples;Reta;Não;2;0;0;1;1;0;1;2;-6,68806401;-41,71950685;SPRF-PI;DEL04-PI;UOP02-DEL04-PI
591022;31/03/2024;domingo;19:20:00;PR;277;139;BALSA NOVA;Condutor deixou de manter distância do veículo da frente;Colisão traseira;Com Vítimas Feridas;Plena Noite;Decrescente;Céu Claro;Dupla;Reta;Não;7;0;1;0;6;0;1;2;-25,469625;-49,725517;SPRF-PR;DEL03-PR;UOP03-DEL03-PR
591024;31/03/2024;domingo;14:40:00;SC;480;126,3;CHAPECO;Problema com o freio;Colisão traseira;Com Vítimas Feridas;Pleno dia;Decrescente;Sol;Dupla;"Reta;Aclive";Sim;3;0;0;1;2;0;1;2;-27,020083;-52,636024;SPRF-SC;DEL07-SC;UOP01-DEL07-SC
591025;31/03/2024;domingo;19:20:00;BA;116;393;SANTA BARBARA;Entrada inopinada do pedestre;Atropelamento de Pedestre;Com Vítimas Feridas;Plena Noite;Decrescente;Céu Claro;Dupla;Reta;Sim;3;0;0;1;1;1;1;2;-11,96469;-38,97369;SPRF-BA;DEL02-BA;UOP01-DEL02-BA
591026;31/03/2024;domingo;19:20:00;ES;101;414,8;ITAPEMIRIM;Reação tardia ou ineficiente do condutor;Colisão traseira;Com Vítimas Feridas;Plena Noite;Crescente;Céu Claro;Simples;Reta;Não;3;0;0;2;1;0;2;2;-20,92345849;-41,07835562;SPRF-ES;DEL03-ES;UOP02-DEL03-ES
591027;31/03/2024;domingo;18:20:00;PE;232;100;BEZERROS;Transitar na contramão;Colisão frontal;Com Vítimas Feridas;Plena Noite;Decrescente;Céu Claro;Simples;Curva;Sim;2;0;0;2;0;0;2;2;-8,23791176;-35,74297705;SPRF-PE;DEL02-PE;UOP02-DEL02PE
591028;31/03/2024;domingo;18:40:00;RJ;101;425;MANGARATIBA;Conversão proibida;Colisão transversal;Com Vítimas Feridas;Plena Noite;Crescente;Céu Claro;Simples;"Declive;Reta";Sim;4;0;3;1;0;0;4;2;-22,92618815;-43,96323294;SPRF-RJ;DEL03-RJ;UOP02-DEL03-RJ
591029;31/03/2024;domingo;20:10:00;MG;381;501;BETIM;Manobra de mudança de faixa;Colisão traseira;Com Vítimas Feridas;Plena Noite;Crescente;Céu Claro;Dupla;Reta;Não;2;0;1;0;1;0;1;2;-20,03146447;-44,2377893;SPRF-MG;DEL01-MG;UOP03-DEL01-MG
591031;31/03/2024;domingo;19:00:00;MG;262;443;NOVA SERRANA;Conversão proibida;Colisão lateral mesmo sentido;Com Vítimas Feridas;Plena Noite;Crescente;Céu Claro;Dupla;Declive;Sim;3;0;2;0;0;1;2;2;-19,88065393;-44,92197102;SPRF-MG;DEL08-MG;UOP03-DEL08-MG
591032;31/03/2024;domingo;19:50:00;PR;376;190;MARIALVA;Ingestão de álcool pelo condutor;Tombamento;Com Vítimas Feridas;Plena Noite;Crescente;Céu Claro;Simples;"Rotatória;Reta";Sim;1;0;1;0;0;0;1;1;-23,47085085;-51,82118475;SPRF-PR;DEL09-PR;UOP01-DEL09-PR
591033;31/03/2024;domingo;19:17:00;ES;101;164;LINHARES;Desrespeitar a preferência no cruzamento;Tombamento;Com Vítimas Feridas;Plena Noite;Crescente;Céu Claro;Simples;"Retorno Regulamentado;Reta";Sim;2;0;1;0;0;1;1;2;-19,50607582;-40,13470026;SPRF-ES;DEL04-ES;UOP01-DEL04-ES
591034;31/03/2024;domingo;19:30:00;RN;101;84,5;SAO GONCALO DO AMARANTE;Ausência de reação do condutor;Atropelamento de Pedestre;Com Vítimas Feridas;Plena Noite;Crescente;Nublado;Dupla;Reta;Sim;2;0;1;0;0;1;1;2;-5,774175;-35,2578;SPRF-RN;DEL02-RN;UOP01-DEL02-RN
591035;31/03/2024;domingo;19:25:00;MS;163;485;CAMPO GRANDE;Reação tardia ou ineficiente do condutor;Tombamento;Com Vítimas Feridas;Plena Noite;Crescente;Chuva;Simples;Reta;Não;1;0;0;1;0;0;1;1;-20,44233707;-54,54201834;SPRF-MS;DEL01-MS;UOP02-DEL01-MS
591036;31/03/2024;domingo;16:50:00;RS;470;250;SALVADOR DO SUL;Ausência de reação do condutor;Saída de leito carroçável;Sem Vítimas;Pleno dia;Decrescente;Céu Claro;Dupla;Curva;Não;1;0;0;0;1;0;0;1;-29,38948;-51,494038;SPRF-RS;DEL06-RS;UOP01-DEL06-RS
591037;31/03/2024;domingo;19:30:00;SP;153;109;JOSE BONIFACIO;Acessar a via sem observar a presença dos outros veículos;Colisão traseira;Com Vítimas Fatais;Plena Noite;Crescente;Nublado;Simples;Reta;Não;3;1;2;0;0;0;2;2;-21,08026506;-49,67062088;SPRF-SP;DEL09-SP;UOP01-DEL09-SP
591038;31/03/2024;domingo;19:00:00;SP;116;131;CACAPAVA;Reação tardia ou ineficiente do condutor;Colisão traseira;Com Vítimas Feridas;Plena Noite;Crescente;Céu Claro;Dupla;Reta;Não;2;0;1;0;1;0;1;2;-23,12742083;-45,73636609;SPRF-SP;DEL02-SP;UOP02-DEL02-SP
591039;31/03/2024;domingo;16:50:00;RJ;116;118;MAGE;Ausência de reação do condutor;Queda de ocupante de veículo;Com Vítimas Feridas;Pleno dia;Decrescente;Céu Claro;Dupla;Reta;Não;1;0;1;0;0;0;1;1;-22,60969336;-43,03076263;SPRF-RJ;DEL04-RJ;UOP02-DEL04-RJ
591040;31/03/2024;domingo;20:35:00;BA;324;518;FEIRA DE SANTANA;Ausência de reação do condutor;Colisão traseira;Sem Vítimas;Plena Noite;Crescente;Céu Claro;Simples;Curva;Sim;4;0;0;0;4;0;0;4;-12,24953308;-38,93362525;SPRF-BA;DEL02-BA;UOP01-DEL02-BA
591042;31/03/2024;domingo;19:40:00;MS;262;350,2;CAMPO GRANDE;Ingestão de álcool pelo condutor;Saída de leito carroçável;Com Vítimas Feridas;Plena Noite;Decrescente;Garoa/Chuvisco;Simples;Reta;Não;3;0;2;1;0;0;3;1;-20,56750706;-54,63127698;SPRF-MS;DEL01-MS;UOP03-DEL01-MS
591043;31/03/2024;domingo;20:34:00;MG;40;563;NOVA LIMA;Reação tardia ou ineficiente do condutor;Colisão traseira;Sem Vítimas;Plena Noite;Decrescente;Céu Claro;Dupla;"Declive;Reta";Não;2;0;0;0;2;0;0;2;-20,15241986;-43,96263156;SPRF-MG;DEL01-MG;UOP02-DEL01-MG
591046;31/03/2024;domingo;19:30:00;SP;381;79,9;SAO PAULO;Reação tardia ou ineficiente do condutor;Queda de ocupante de veículo;Com Vítimas Feridas;Plena Noite;Crescente;Céu Claro;Dupla;Reta;Sim;1;0;1;0;0;0;1;1;-23,40319901;-46,57564699;SPRF-SP;DEL03-SP;UOP01-DEL03-SP
591047;31/03/2024;domingo;19:35:00;MG;116;293;TEOFILO OTONI;Acessar a via sem observar a presença dos outros veículos;Colisão transversal;Com Vítimas Feridas;Plena Noite;Decrescente;Chuva;Simples;Reta;Não;3;0;2;0;0;1;2;2;-17,98818995;-41,56024311;SPRF-MG;DEL11-MG;UOP01-DEL11-MG
591049;31/03/2024;domingo;14:20:00;AM;319;89;CAREIRO;Pedestre cruzava a pista fora da faixa;Atropelamento de Pedestre;Com Vítimas Feridas;Pleno dia;Crescente;Céu Claro;Simples;Reta;Não;3;0;1;1;1;0;2;2;-3,64863097;-60,2596981;SPRF-AM;DEL01-AM;UOP04-DEL01-AM
591050;31/03/2024;domingo;20:30:00;SC;282;573,1;NOVA ERECHIM;Acessar a via sem observar a presença dos outros veículos;Colisão transversal;Com Vítimas Feridas;Plena Noite;Crescente;Nublado;Simples;"Interseção de Vias;Reta";Não;4;0;0;2;2;0;2;2;-26,872942;-52,956654;SPRF-SC;DEL07-SC;UOP02-DEL07-SC
591052;31/03/2024;domingo;19:00:00;AM;230;611;HUMAITA;Ingestão de álcool pelo condutor;Colisão lateral mesmo sentido;Sem Vítimas;Plena Noite;Decrescente;Céu Claro;Simples;Reta;Sim;3;0;0;0;2;1;0;3;-7,49870319;-63,02735209;SPRF-AM;DEL01-AM;UOP05-DEL01-AM
591053;31/03/2024;domingo;20:45:00;RN;101;100;PARNAMIRIM;Entrada inopinada do pedestre;Atropelamento de Pedestre;Com Vítimas Feridas;Plena Noite;Decrescente;Céu Claro;Dupla;Curva;Sim;3;0;1;0;1;1;1;2;-5,88106901;-35,22542396;SPRF-RN;DEL01-RN;UOP01-DEL01-RN
591054;31/03/2024;domingo;20:45:00;MS;163;839;SONORA;Ingestão de álcool pelo condutor;Tombamento;Com Vítimas Feridas;Plena Noite;Crescente;Céu Claro;Simples;Reta;Não;1;0;1;0;0;0;1;1;-17,58231308;-54,74314059;SPRF-MS;DEL06-MS;UOP01-DEL06-MS
591055;31/03/2024;domingo;21:00:00;SC;282;25,6;SANTO AMARO DA IMPERATRIZ;Condutor deixou de manter distância do veículo da frente;Engavetamento;Com Vítimas Feridas;Plena Noite;Decrescente;Céu Claro;Simples;Reta;Sim;6;0;1;0;5;0;1;4;-27,678228;-48,752895;SPRF-SC;DEL01-SC;UOP03-DEL01-SC
591056;31/03/2024;domingo;20:45:00;MG;116;587;MANHUACU;Ingestão de álcool pelo condutor;Colisão com objeto;Sem Vítimas;Plena Noite;Decrescente;Céu Claro;Simples;Reta;Sim;1;0;0;0;1;0;0;1;-20,24173903;-42,15868042;SPRF-MG;DEL06-MG;UOP03-DEL06-MG
591057;31/03/2024;domingo;21:15:00;PR;376;598,6;CURITIBA;Afundamento ou ondulação no pavimento;Saída de leito carroçável;Sem Vítimas;Pleno dia;Decrescente;Céu Claro;Dupla;Reta;Sim;1;0;0;0;1;0;0;1;-25,52383456;-49,33203578;SPRF-PR;DEL01-PR;UOP06-DEL01-PR
591059;31/03/2024;domingo;20:15:00;SC;101;102,7;BALNEARIO PICARRAS;Manobra de mudança de faixa;Colisão lateral mesmo sentido;Com Vítimas Feridas;Plena Noite;Crescente;Céu Claro;Dupla;"Aclive;Interseção de Vias;Reta";Não;3;0;2;0;1;0;2;2;-26,77383397;-48,68594062;SPRF-SC;DEL03-SC;UOP02-DEL03-SC
591060;31/03/2024;domingo;21:45:00;RS;116;266;CANOAS;Manobra de mudança de faixa;Tombamento;Com Vítimas Feridas;Plena Noite;Decrescente;Nublado;Simples;Reta;Sim;4;0;1;0;3;0;1;3;-29,93242399;-51,17742077;SPRF-RS;DEL01-RS;UOP01-DEL01-RS
591061;31/03/2024;domingo;20:55:00;RJ;101;568,9;PARATY;Reação tardia ou ineficiente do condutor;Capotamento;Com Vítimas Feridas;Plena Noite;Crescente;Nublado;Simples;Curva;Não;1;0;1;0;0;0;1;1;-23,17023697;-44,71037687;SPRF-RJ;DEL03-RJ;UOP04-DEL03-RJ
591063;31/03/2024;domingo;18:20:00;BA;324;435;RIACHAO DO JACUIPE;Pedestre cruzava a pista fora da faixa;Atropelamento de Pedestre;Com Vítimas Fatais;Plena Noite;Decrescente;Céu Claro;Simples;Reta;Sim;3;1;0;0;2;0;0;2;-11,79439978;-39,41559691;SPRF-BA;DEL04-BA;UOP02-DEL04-BA
591064;31/03/2024;domingo;21:48:00;ES;101;287,5;CARIACICA;Manobra de mudança de faixa;Colisão traseira;Com Vítimas Feridas;Plena Noite;Crescente;Céu Claro;Dupla;Reta;Não;2;0;0;1;1;0;1;2;-20,26493528;-40,38471702;SPRF-ES;DEL01-ES;UOP01-DEL01-ES
591065;31/03/2024;domingo;22:15:00;MG;40;514,9;CONTAGEM;Manobra de mudança de faixa;Colisão traseira;Com Vítimas Feridas;Plena Noite;Crescente;Céu Claro;Dupla;Reta;Sim;3;0;2;0;1;0;2;2;-19,80151928;-44,10000333;SPRF-MG;DEL01-MG;UOP02-DEL01-MG
591066;31/03/2024;domingo;20:30:00;MG;381;942;EXTREMA;Velocidade Incompatível;Colisão traseira;Com Vítimas Feridas;Plena Noite;Crescente;Céu Claro;Dupla;"Reta;Aclive";Não;2;0;0;1;0;1;1;2;-22,86605937;-46,34940386;SPRF-MG;DEL16-MG;UOP03-DEL16-MG
591067;31/03/2024;domingo;21:25:00;MG;116;702;MURIAE;Condutor deixou de manter distância do veículo da frente;Colisão traseira;Com Vítimas Feridas;Plena Noite;Decrescente;Céu Claro;Simples;Reta;Sim;3;0;2;0;1;0;2;2;-21,12365619;-42,38057613;SPRF-MG;DEL07-MG;UOP02-DEL07-MG
591068;31/03/2024;domingo;20:40:00;RJ;493;84;QUEIMADOS;Objeto estático sobre o leito carroçável;Colisão com objeto;Com Vítimas Feridas;Plena Noite;Decrescente;Céu Claro;Múltipla;Reta;Não;2;0;0;2;0;0;2;1;-22,65749848;-43,60398531;SPRF-RJ;DEL01-RJ;UOP03-DEL01-RJ
591069;31/03/2024;domingo;19:17:00;SC;470;324,9;CAMPOS NOVOS;Ultrapassagem Indevida;Colisão frontal;Com Vítimas Fatais;Plena Noite;Crescente;Céu Claro;Simples;Reta;Não;5;1;2;2;0;0;4;3;-27,4558764;-51,2547255;SPRF-SC;DEL07-SC;UOP06-DEL07-SC
591070;31/03/2024;domingo;21:14:00;PE;316;91,2;OURICURI;Reação tardia ou ineficiente do condutor;Colisão traseira;Com Vítimas Fatais;Plena Noite;Crescente;Garoa/Chuvisco;Simples;Reta;Não;2;1;0;0;0;1;0;2;-7,90682315;-40,02152506;SPRF-PE;DEL05-PE;UOP02-DEL05-PE
591071;31/03/2024;domingo;22:31:00;PE;101;43;IGARASSU;Ausência de sinalização;Saída de leito carroçável;Com Vítimas Feridas;Plena Noite;Crescente;Céu Claro;Dupla;Reta;Sim;4;0;1;0;2;1;1;3;-7,84753808;-34,90977038;SPRF-PE;DEL01-PE;UOP02-DEL01-PE
591072;31/03/2024;domingo;22:00:00;BA;367;65,9;PORTO SEGURO;Ausência de reação do condutor;Colisão frontal;Com Vítimas Feridas;Plena Noite;Crescente;Céu Claro;Simples;Curva;Não;3;0;2;1;0;0;3;2;-16,3858649;-39,43381693;SPRF-BA;DEL09-BA;UOP03-DEL09-BA
591074;31/03/2024;domingo;21:35:00;PE;232;198;SANHARO;Ingestão de álcool pelo condutor;Colisão frontal;Com Vítimas Feridas;Anoitecer;Decrescente;Chuva;Simples;Reta;Não;2;0;1;0;1;0;1;2;-8,36941743;-36,58942097;SPRF-PE;DEL03-PE;UOP02-DEL03-PE
591075;31/03/2024;domingo;19:20:00;SP;381;1;VARGEM;Reação tardia ou ineficiente do condutor;Saída de leito carroçável;Com Vítimas Fatais;Plena Noite;Decrescente;Céu Claro;Dupla;"Declive;Reta";Não;1;1;0;0;0;0;0;1;-22,88146043;-46,38105397;SPRF-SP;DEL03-SP;UOP02-DEL03-SP
591078;31/03/2024;domingo;23:25:00;SC;153;96,8;CONCORDIA;Condutor deixou de manter distância do veículo da frente;Colisão lateral mesmo sentido;Com Vítimas Feridas;Plena Noite;Crescente;Céu Claro;Simples;Rotatória;Sim;2;0;1;0;1;0;1;2;-27,22471526;-51,95022583;SPRF-SC;DEL07-SC;UOP04-DEL07-SC
591079;31/03/2024;domingo;22:37:00;RN;406;104,8;JOAO CAMARA;Animais na Pista;Tombamento;Com Vítimas Feridas;Plena Noite;Crescente;Nublado;Simples;Reta;Sim;1;0;1;0;0;0;1;1;-5,54067796;-35,80553967;SPRF-RN;DEL02-RN;UOP01-DEL02-RN
591081;31/03/2024;domingo;23:00:00;SP;153;169;GUAICARA;Velocidade Incompatível;Saída de leito carroçável;Com Vítimas Feridas;Plena Noite;Crescente;Céu Claro;Simples;Rotatória;Não;1;0;1;0;0;0;1;1;-21,58824202;-49,78449249;SPRF-SP;DEL07-SP;UOP01-DEL07-SP
591082;31/03/2024;domingo;23:32:00;GO;60;385;RIO VERDE;Ausência de reação do condutor;Tombamento;Com Vítimas Feridas;Plena Noite;Decrescente;Nublado;Dupla;Reta;Sim;1;0;0;1;0;0;1;1;-17,7964;-50,914;SPRF-GO;DEL04-GO;UOP02-DEL04-GO
591083;31/03/2024;domingo;23:10:00;PI;343;12;PARNAIBA;Condutor desrespeitou a iluminação vermelha do semáforo;Colisão transversal;Com Vítimas Feridas;Plena Noite;Decrescente;Céu Claro;Dupla;Interseção de Vias;Sim;3;0;1;1;0;1;2;2;-2,910035;-41,753662;SPRF-PI;DEL05-PI;UOP01-DEL05-PI
591084;31/03/2024;domingo;22:20:00;PA;308;184,5;TRACUATEUA;Transitar na contramão;Colisão frontal;Com Vítimas Feridas;Plena Noite;Crescente;Céu Claro;Simples;Reta;Não;3;0;1;2;0;0;3;2;-1,109593;-46,924723;SPRF-PA;DEL01-PA;UOP03-DEL01-PA
591086;01/04/2024;segunda-feira;00:22:00;SP;116;337;JUQUITIBA;Acesso irregular;Atropelamento de Pedestre;Com Vítimas Feridas;Plena Noite;Decrescente;Sol;Múltipla;Reta;Sim;2;0;0;1;1;0;1;2;-23,9818403;-47,14564419;SPRF-SP;DEL04-SP;UOP03-DEL04-SP
591087;31/03/2024;domingo;22:30:00;RS;116;261,5;CANOAS;Ingestão de álcool pelo condutor;Colisão com objeto;Sem Vítimas;Plena Noite;Crescente;Céu Claro;Dupla;Reta;Sim;1;0;0;0;1;0;0;1;-29,914435;-51,17754495;SPRF-RS;DEL01-RS;UOP01-DEL01-RS
591088;01/04/2024;segunda-feira;01:45:00;RS;116;525;PELOTAS;Pista Escorregadia;Tombamento;Com Vítimas Feridas;Plena Noite;Decrescente;Chuva;Simples;Reta;Sim;1;0;1;0;0;0;1;1;-31,7359522;-52,39349776;SPRF-RS;DEL07-RS;UOP01-DEL07-RS
591090;01/04/2024;segunda-feira;04:00:00;GO;153;506;APARECIDA DE GOIANIA;Condutor Dormindo;Saída de leito carroçável;Com Vítimas Feridas;Plena Noite;Crescente;Nublado;Dupla;Reta;Sim;1;0;1;0;0;0;1;1;-16,7633;-49,24;SPRF-GO;DEL01-GO;UOP01-DEL01-GO
591091;01/04/2024;segunda-feira;01:45:00;MG;40;520,2;CONTAGEM;Ausência de reação do condutor;Capotamento;Sem Vítimas;Plena Noite;Decrescente;Céu Claro;Dupla;Reta;Sim;1;0;0;0;0;1;0;1;-19,84761911;-44,07276144;SPRF-MG;DEL01-MG;UOP02-DEL01-MG
591092;01/04/2024;segunda-feira;05:50:00;SP;116;216;GUARULHOS;Demais falhas mecânicas ou elétricas;Incêndio;Sem Vítimas;Amanhecer;Crescente;Nevoeiro/Neblina;Múltipla;"Declive;Reta";Sim;2;0;0;0;2;0;0;1;-23,45056589;-46,46258105;SPRF-SP;DEL01-SP;UOP01-DEL01-SP
591094;31/03/2024;domingo;22:30:00;RS;116;264;CANOAS;Ausência de reação do condutor;Queda de ocupante de veículo;Com Vítimas Feridas;Plena Noite;Crescente;Céu Claro;Dupla;Reta;Sim;1;0;1;0;0;0;1;1;-29,914435;-51,17754495;SPRF-RS;DEL01-RS;UOP01-DEL01-RS
591096;01/04/2024;segunda-feira;06:15:00;SP;116;225;GUARULHOS;Ausência de reação do condutor;Colisão com objeto;Com Vítimas Feridas;Pleno dia;Crescente;Céu Claro;Múltipla;Reta;Sim;1;0;1;0;0;0;1;1;-23,48586772;-46,54075317;SPRF-SP;DEL01-SP;UOP01-DEL01-SP
591098;31/03/2024;domingo;20:40:00;MG;365;565;INDIANOPOLIS;Condutor Dormindo;Saída de leito carroçável;Com Vítimas Feridas;Plena Noite;Crescente;Nublado;Simples;Reta;Não;1;0;1;0;0;0;1;1;-18,9170246;-47,82585797;SPRF-MG;DEL15-MG;UOP02-DEL15-MG
591100;01/04/2024;segunda-feira;06:30:00;PE;101;78;JABOATAO DOS GUARARAPES;Condutor deixou de manter distância do veículo da frente;Colisão lateral mesmo sentido;Com Vítimas Feridas;Pleno dia;Decrescente;Céu Claro;Dupla;Reta;Sim;4;0;2;0;2;0;2;3;-8,13496499;-34,94738614;SPRF-PE;DEL01-PE;UOP01-DEL01-PE
591101;01/04/2024;segunda-feira;03:45:00;MT;174;291;PONTES E LACERDA;Ingestão de álcool pelo condutor;Saída de leito carroçável;Com Vítimas Feridas;Plena Noite;Crescente;Céu Claro;Simples;Reta;Sim;1;0;1;0;0;0;1;1;-15,20652;-59,32126296;SPRF-MT;DEL04-MT;UOP01-DEL04-MT
591102;01/04/2024;segunda-feira;06:17:00;RN;101;161;CANGUARETAMA;Demais falhas mecânicas ou elétricas;Atropelamento de Pedestre;Com Vítimas Feridas;Pleno dia;Crescente;Céu Claro;Dupla;Reta;Sim;3;0;1;1;1;0;2;2;-6,37832592;-35,14846487;SPRF-RN;DEL01-RN;UOP01-DEL01-RN
591103;31/03/2024;domingo;14:00:00;MG;116;422,5;ALPERCATA;Velocidade Incompatível;Saída de leito carroçável;Com Vítimas Feridas;Pleno dia;Crescente;Céu Claro;Simples;Reta;Sim;1;0;1;0;0;0;1;1;-18,94601944;-41,95023848;SPRF-MG;DEL06-MG;UOP01-DEL06-MG
591104;01/04/2024;segunda-feira;07:21:00;DF;40;2;BRASILIA;Condutor deixou de manter distância do veículo da frente;Colisão traseira;Com Vítimas Feridas;Pleno dia;Decrescente;Céu Claro;Dupla;Reta;Sim;2;0;1;0;1;0;1;2;-15,99435;-47,985947;SPRF-DF;DEL01-DF;UOP01-DEL01-DF
591106;01/04/2024;segunda-feira;07:40:00;CE;222;4;CAUCAIA;Ausência de reação do condutor;Colisão traseira;Com Vítimas Feridas;Pleno dia;Crescente;Sol;Múltipla;Reta;Sim;3;0;1;0;2;0;1;3;-3,74164754;-38,60449792;SPRF-CE;DEL01-CE;UOP01-DEL01-CE
591108;01/04/2024;segunda-feira;08:00:00;GO;153;499;GOIANIA;Condutor deixou de manter distância do veículo da frente;Colisão traseira;Sem Vítimas;Pleno dia;Crescente;Céu Claro;Múltipla;Reta;Sim;2;0;0;0;2;0;0;2;-16,7033;-49,2311;SPRF-GO;DEL01-GO;UOP01-DEL01-GO
591109;01/04/2024;segunda-feira;07:55:00;SP;153;62;SAO JOSE DO RIO PRETO;Acessar a via sem observar a presença dos outros veículos;Colisão lateral mesmo sentido;Com Vítimas Feridas;Pleno dia;Crescente;Céu Claro;Dupla;Reta;Sim;3;0;3;0;0;0;3;2;-20,81325404;-49,35675563;SPRF-SP;DEL09-SP;UOP01-DEL09-SP
591110;01/04/2024;segunda-feira;06:20:00;RJ;101;212;CASIMIRO DE ABREU;Condutor Dormindo;Saída de leito carroçável;Com Vítimas Feridas;Pleno dia;Decrescente;Céu Claro;Dupla;Reta;Não;2;0;0;2;0;0;2;1;-22,48798;-42,25707;SPRF-RJ;DEL08-RJ;UOP04-DEL08-RJ
591111;01/04/2024;segunda-feira;05:47:00;MT;163;118,5;RONDONOPOLIS;Acesso irregular;Colisão transversal;Com Vítimas Feridas;Amanhecer;Crescente;Céu Claro;Dupla;"Reta;Rotatória";Sim;2;0;0;1;1;0;1;2;-16,51361392;-54,65519619;SPRF-MT;DEL02-MT;UOP01-DEL02-MT
591113;01/04/2024;segunda-feira;08:10:00;MG;381;873;ESTIVA;Ausência de reação do condutor;Colisão com objeto;Com Vítimas Fatais;Pleno dia;Decrescente;Céu Claro;Dupla;Curva;Não;6;1;4;0;1;0;4;1;-22,450796;-46,000139;SPRF-MG;DEL16-MG;UOP01-DEL16-MG
591114;01/04/2024;segunda-feira;07:15:00;SC;101;342;TUBARAO;Reação tardia ou ineficiente do condutor;Engavetamento;Com Vítimas Feridas;Pleno dia;Crescente;Céu Claro;Dupla;Reta;Sim;6;0;2;0;4;0;2;3;-28,533148;-49,054391;SPRF-SC;DEL02-SC;UOP01-DEL02-SC