id;data_inversa;dia_semana;horario;uf;br;km;municipio;causa_acidente;tipo_acidente;classificacao_acidente;fase_dia;sentido_via;condicao_metereologica;tipo_pista;tracado_via;uso_solo;pessoas;mortos;feridos_leves;feridos_graves;ilesos;ignorados;feridos;veiculos;latitude;longitude;regional;delegacia;uop
591246;01/04/2024;segunda-feira;18:36:00;MS;163;732,7;COXIM;Acessar a via sem observar a presença dos outros veículos;Colisão transversal;Com Vítimas Feridas;Anoitecer;Decrescente;Chuva;Simples;Reta;Não;3;0;2;0;0;1;2;2;-18,49326992;-54,72854015;SPRF-MS;DEL06-MS;UOP01-DEL06-MS
591252;01/04/2024;segunda-feira;19:50:00;CE;116;5;FORTALEZA;Mal súbito do condutor;Tombamento;Com Vítimas Feridas;Plena Noite;Decrescente;Céu Claro;Múltipla;Reta;Sim;1;0;1;0;0;0;1;1;-3,79467116;-38,50772734;SPRF-CE;DEL01-CE;UOP02-DEL01-CE
591253;01/04/2024;segunda-feira;19:20:00;MS;158;97;PARANAIBA;Manobra de mudança de faixa;Colisão traseira;Com Vítimas Feridas;Plena Noite;Crescente;Céu Claro;Dupla;Reta;Sim;5;0;1;0;4;0;1;2;-19,69627676;-51,17701292;SPRF-MS;DEL08-MS;UOP01-DEL08-MS
591254;01/04/2024;segunda-feira;19:45:00;SE;235;54;ITABAIANA;Entrada inopinada do pedestre;Colisão transversal;Com Vítimas Feridas;Plena Noite;Decrescente;Céu Claro;Simples;"Declive;Reta";Sim;2;0;1;1;0;0;2;2;-10,676047;-37,443279;SPRF-SE;DEL01-SE;UOP02-DEL01-SE
591258;01/04/2024;segunda-feira;19:35:00;RS;158;117,4;PALMEIRA DAS MISSOES;Ausência de reação do condutor;Saída de leito carroçável;Com Vítimas Feridas;Plena Noite;Crescente;Céu Claro;Simples;Aclive;Não;3;0;1;2;0;0;3;1;-28,03509806;-53,36249669;SPRF-RS;DEL08-RS;UOP01-DEL08-RS
591260;01/04/2024;segunda-feira;19:38:00;MG;365;579;INDIANOPOLIS;Reação tardia ou ineficiente do condutor;Colisão traseira;Com Vítimas Feridas;Plena Noite;Crescente;Céu Claro;Simples;Reta;Não;3;0;2;0;1;0;2;2;-18,87688213;-47,94607204;SPRF-MG;DEL15-MG;UOP02-DEL15-MG
591261;01/04/2024;segunda-feira;19:00:00;MG;50;1;ARAGUARI;Velocidade Incompatível;Saída de leito carroçável;Com Vítimas Feridas;Plena Noite;Crescente;Garoa/Chuvisco;Dupla;"Reta;Declive";Não;2;0;2;0;0;0;2;1;-18,42982393;-48,06250588;SPRF-MG;DEL15-MG;UOP02-DEL15-MG
591265;01/04/2024;segunda-feira;17:30:00;SC;282;599;CUNHA PORA;Pista Escorregadia;Saída de leito carroçável;Com Vítimas Feridas;Pleno dia;Decrescente;Garoa/Chuvisco;Simples;Curva;Não;1;0;1;0;0;0;1;1;-26,820206;-53,155052;SPRF-SC;DEL07-SC;UOP02-DEL07-SC
591266;01/04/2024;segunda-feira;17:40:00;RJ;116;21;NOVA IGUACU;Velocidade Incompatível;Colisão transversal;Com Vítimas Feridas;Anoitecer;Crescente;Nublado;Simples;Reta;Sim;2;0;1;0;1;0;1;2;-22,854104;-43,602174;SPRF-RJ;DEL05-RJ;UOP01-DEL05-RJ
591270;01/04/2024;segunda-feira;21:30:00;RS;153;406;CACHOEIRA DO SUL;Desrespeitar a preferência no cruzamento;Colisão transversal;Com Vítimas Feridas;Plena Noite;Decrescente;Céu Claro;Simples;Rotatória;Sim;4;0;3;0;1;0;3;2;-30,06049811;-52,90390205;SPRF-RS;DEL02-RS;UOP03-DEL02-RS
591271;01/04/2024;segunda-feira;21:00:00;MT;364;0,5;ALTO ARAGUAIA;Entrada inopinada do pedestre;Atropelamento de Pedestre;Com Vítimas Feridas;Plena Noite;Decrescente;Chuva;Dupla;"Reta;Interseção de Vias";Sim;3;0;1;0;2;0;1;2;-17,31444132;-53,21610158;SPRF-MT;DEL02-MT;UOP02-DEL02-MT
591272;01/04/2024;segunda-feira;21:40:00;MG;50;40;ARAGUARI;Pedestre cruzava a pista fora da faixa;Atropelamento de Pedestre;Com Vítimas Feridas;Plena Noite;Crescente;Nublado;Dupla;"Reta;Declive";Não;2;0;0;1;1;0;1;2;-18,67497239;-48,17792123;SPRF-MG;DEL15-MG;UOP02-DEL15-MG
591273;01/04/2024;segunda-feira;22:00:00;RS;290;108;ELDORADO DO SUL;Manobra de mudança de faixa;Colisão frontal;Com Vítimas Feridas;Plena Noite;Decrescente;Céu Claro;Simples;Reta;Sim;2;0;1;0;1;0;1;2;-30,006546;-51,312927;SPRF-RS;DEL02-RS;UOP01-DEL02-RS
591274;01/04/2024;segunda-feira;21:15:00;SP;116;315;ITAPECERICA DA SERRA;Frear bruscamente;Colisão com objeto;Com Vítimas Feridas;Plena Noite;Crescente;Céu Claro;Dupla;"Rotatória;Retorno Regulamentado";Não;1;0;1;0;0;0;1;1;-23,719254;-46,883144;SPRF-SP;DEL04-SP;UOP03-DEL04-SP
591275;01/04/2024;segunda-feira;22:00:00;SC;282;19;PALHOCA;Conversão proibida;Colisão transversal;Com Vítimas Feridas;Plena Noite;Crescente;Céu Claro;Simples;"Interseção de Vias;Reta";Sim;2;0;0;1;1;0;1;2;-27,68033581;-48,70445251;SPRF-SC;DEL01-SC;UOP02-DEL01-SC
591276;01/04/2024;segunda-feira;20:30:00;PR;376;661;TIJUCAS DO SUL;Demais falhas mecânicas ou elétricas;Incêndio;Sem Vítimas;Plena Noite;Decrescente;Nublado;Dupla;Reta;Não;1;0;0;0;1;0;0;1;-25,85481693;-48,99472504;SPRF-PR;DEL01-PR;UOP04-DEL01-PR
591278;01/04/2024;segunda-feira;19:00:00;MG;50;102;UBERABA;Condutor deixou de manter distância do veículo da frente;Colisão traseira;Com Vítimas Feridas;Plena Noite;Decrescente;Céu Claro;Dupla;Reta;Não;3;0;0;1;2;0;1;2;-19,15357015;-48,16546551;SPRF-MG;DEL15-MG;UOP01-DEL15-MG
591280;01/04/2024;segunda-feira;20:00:00;PE;232;512;SALGUEIRO;Reação tardia ou ineficiente do condutor;Tombamento;Com Vítimas Feridas;Plena Noite;Crescente;Garoa/Chuvisco;Simples;Curva;Não;1;0;1;0;0;0;1;1;-8,07319601;-39,15511499;SPRF-PE;DEL05-PE;UOP01-DEL05-PE
591282;01/04/2024;segunda-feira;18:00:00;RS;470;195;BENTO GONCALVES;Reação tardia ou ineficiente do condutor;Tombamento;Com Vítimas Feridas;Anoitecer;Crescente;Garoa/Chuvisco;Simples;"Aclive;Curva";Não;1;0;1;0;0;0;1;1;-29,05097073;-51,58205288;SPRF-RS;DEL06-RS;UOP02-DEL06-RS
591283;01/04/2024;segunda-feira;22:35:00;GO;80;181;URUACU;Ingestão de álcool pelo condutor;Colisão com objeto;Sem Vítimas;Plena Noite;Crescente;Céu Claro;Simples;"Interseção de Vias;Rotatória";Não;1;0;0;0;1;0;0;1;-14,63554875;-49,17611003;SPRF-GO;DEL07-GO;UOP02-DEL07-GO
591284;01/04/2024;segunda-feira;23:10:00;CE;222;0;FORTALEZA;Ingestão de álcool pelo condutor;Colisão transversal;Sem Vítimas;Plena Noite;Crescente;Ignorado;Dupla;Reta;Sim;2;0;0;0;2;0;0;2;-3,7367737;-38,56923;SPRF-CE;DEL01-CE;UOP01-DEL01-CE
591286;01/04/2024;segunda-feira;22:50:00;RS;470;217;BENTO GONCALVES;Reação tardia ou ineficiente do condutor;Colisão traseira;Com Vítimas Feridas;Plena Noite;Decrescente;Garoa/Chuvisco;Dupla;"Declive;Retorno Regulamentado;Reta;Interseção de Vias";Sim;5;0;3;0;2;0;3;2;-29,16462512;-51,52551964;SPRF-RS;DEL06-RS;UOP01-DEL06-RS
591287;02/04/2024;terça-feira;00:25:00;SC;101;180,5;GOVERNADOR CELSO RAMOS;Ausência de reação do condutor;Queda de ocupante de veículo;Com Vítimas Feridas;Plena Noite;Crescente;Céu Claro;Múltipla;Reta;Sim;2;0;1;0;0;1;1;1;-27,3811238;-48,63090648;SPRF-SC;DEL01-SC;UOP01-DEL01-SC
591288;21/03/2024;quinta-feira;15:45:00;MS;267;469,1;GUIA LOPES DA LAGUNA;Acumulo de água sobre o pavimento;Saída de leito carroçável;Com Vítimas Feridas;Pleno dia;Crescente;Chuva;Simples;"Curva;Aclive";Não;4;0;1;0;3;0;1;1;-21,41410441;-56,0469259;SPRF-MS;DEL05-MS;UOP01-DEL05-MS
591289;01/04/2024;segunda-feira;23:55:00;RR;401;25;CANTA;Ausência de reação do condutor;Capotamento;Com Vítimas Feridas;Plena Noite;Decrescente;Céu Claro;Dupla;Curva;Não;3;0;0;1;2;0;1;2;2,81892908;-60,59952563;SPRF-RR;DEL01-RR;UOP01-DEL01-RR
591290;01/04/2024;segunda-feira;22:00:00;MG;381;723;CARMO DA CACHOEIRA;Reação tardia ou ineficiente do condutor;Colisão com objeto;Com Vítimas Feridas;Plena Noite;Crescente;Céu Claro;Dupla;"Reta;Aclive";Não;2;0;1;0;1;0;1;1;-21,484833;-45,2055;SPRF-MG;DEL04-MG;UOP02-DEL04-MG
591291;01/04/2024;segunda-feira;17:59:00;MS;163;257;DOURADOS;Reação tardia ou ineficiente do condutor;Atropelamento de Pedestre;Com Vítimas Feridas;Plena Noite;Decrescente;Céu Claro;Dupla;Reta;Sim;3;0;0;1;2;0;1;2;-22,25888398;-54,793819;SPRF-MS;DEL04-MS;UOP01-DEL04-MS
591293;02/04/2024;terça-feira;04:30:00;GO;60;168;GOIANIA;Condutor Dormindo;Colisão com objeto;Com Vítimas Feridas;Plena Noite;Decrescente;Céu Claro;Múltipla;Aclive;Sim;1;0;0;1;0;0;1;1;-16,7223;-49,3746;SPRF-GO;DEL01-GO;UOP02-DEL01-GO
591294;02/04/2024;terça-feira;05:10:00;RN;110;46,2;MOSSORO;Acessar a via sem observar a presença dos outros veículos;Colisão frontal;Com Vítimas Feridas;Amanhecer;Decrescente;Céu Claro;Simples;Reta;Sim;2;0;1;1;0;0;2;2;-5,20001209;-37,32109308;SPRF-RN;DEL04-RN;UOP01-DEL04-RN
591298;01/04/2024;segunda-feira;18:15:00;RJ;465;20;NOVA IGUACU;Reação tardia ou ineficiente do condutor;Colisão transversal;Com Vítimas Feridas;Plena Noite;Decrescente;Céu Claro;Simples;Reta;Sim;3;0;1;0;2;0;1;2;-22,846828;-43,605339;SPRF-RJ;DEL06-RJ;UOP02-DEL06-RJ
591300;02/04/2024;terça-feira;05:40:00;PR;153;38;SANTO ANTONIO DA PLATINA;Pista esburacada;Queda de ocupante de veículo;Com Vítimas Feridas;Amanhecer;Decrescente;Céu Claro;Simples;"Curva;Declive";Não;1;0;1;0;0;0;1;1;-23,26665491;-50,06410039;SPRF-PR;DEL07-PR;UOP04-DEL07-PR
591302;02/04/2024;terça-feira;06:10:00;SC;101;33,4;JOINVILLE;Acessar a via sem observar a presença dos outros veículos;Colisão traseira;Com Vítimas Feridas;Amanhecer;Decrescente;Nublado;Dupla;"Viaduto;Reta";Não;2;0;1;0;1;0;1;2;-26,25680788;-48,90458822;SPRF-SC;DEL03-SC;UOP01-DEL03-SC
591303;02/04/2024;terça-feira;06:50:00;PB;101;79,9;SANTA RITA;Ausência de reação do condutor;Colisão traseira;Com Vítimas Feridas;Pleno dia;Crescente;Céu Claro;Dupla;Reta;Sim;3;0;2;0;0;1;2;2;-7,1147526;-34,95793891;SPRF-PB;DEL01-PB;UOP04-DEL01-PB
591304;02/04/2024;terça-feira;06:50:00;BA;101;885;TEIXEIRA DE FREITAS;Reação tardia ou ineficiente do condutor;Saída de leito carroçável;Com Vítimas Feridas;Pleno dia;Crescente;Céu Claro;Simples;Curva;Não;1;0;1;0;0;0;1;1;-17,60166544;-39,74897105;SPRF-BA;DEL09-BA;UOP02-DEL09-BA
591305;02/04/2024;terça-feira;06:41:00;DF;251;31,6;BRASILIA;Avarias e/ou desgaste excessivo no pneu;Tombamento;Com Vítimas Feridas;Pleno dia;Crescente;Garoa/Chuvisco;Dupla;Reta;Sim;1;0;1;0;0;0;1;1;-15,938183;-47,74815;SPRF-DF;DEL01-DF;UOP01-DEL01-DF
591308;02/04/2024;terça-feira;06:50:00;SP;101;51;UBATUBA;Manobra de mudança de faixa;Colisão lateral mesmo sentido;Com Vítimas Feridas;Pleno dia;Crescente;Nublado;Simples;Reta;Sim;2;0;1;0;1;0;1;2;-23,45627795;-45,07111896;SPRF-SP;DEL06-SP;UOP01-DEL06-SP
591309;02/04/2024;terça-feira;06:40:00;PB;230;11,2;CABEDELO;Manobra de mudança de faixa;Colisão lateral mesmo sentido;Com Vítimas Feridas;Pleno dia;Decrescente;Céu Claro;Dupla;"Interseção de Vias;Em Obras;Reta;Retorno Regulamentado";Sim;3;0;1;0;2;0;1;3;-7,06471428;-34,85010266;SPRF-PB;DEL01-PB;UOP01-DEL01-PB
591311;02/04/2024;terça-feira;06:20:00;BA;110;156;RIBEIRA DO POMBAL;Reação tardia ou ineficiente do condutor;Colisão traseira;Com Vítimas Feridas;Pleno dia;Crescente;Céu Claro;Simples;Reta;Não;1;0;1;0;0;0;1;1;-10,729006;-38,485288;SPRF-BA;DEL07-BA;UOP02-DEL07-BA
591312;02/04/2024;terça-feira;07:30:00;SP;116;65;GUARATINGUETA;Pista esburacada;Queda de ocupante de veículo;Com Vítimas Feridas;Pleno dia;Crescente;Nublado;Dupla;"Curva;Viaduto";Sim;1;0;0;1;0;0;1;1;-22,823273;-45,192806;SPRF-SP;DEL08-SP;UOP01-DEL08-SP
591313;02/04/2024;terça-feira;06:39:00;RJ;101;86;CAMPOS DOS GOYTACAZES;Condutor Dormindo;Saída de leito carroçável;Com Vítimas Feridas;Pleno dia;Decrescente;Céu Claro;Dupla;Curva;Não;2;0;2;0;0;0;2;1;-21,82667291;-41,48736902;SPRF-RJ;DEL08-RJ;UOP02-DEL08-RJ
591314;01/04/2024;segunda-feira;23:40:00;RO;364;218,2;PIMENTA BUENO;Velocidade Incompatível;Saída de leito carroçável;Com Vítimas Feridas;Plena Noite;Crescente;Nublado;Simples;Curva;Não;1;0;1;0;0;0;1;1;-11,53984005;-61,30595904;SPRF-RO;DEL02-RO;UOP02-DEL02-RO
591315;02/04/2024;terça-feira;07:30:00;SC;101;213,9;PALHOCA;Manobra de mudança de faixa;Colisão lateral mesmo sentido;Com Vítimas Feridas;Pleno dia;Decrescente;Céu Claro;Múltipla;Reta;Sim;2;0;2;0;0;0;2;2;-27,63697369;-48,66514142;SPRF-SC;DEL01-SC;UOP02-DEL01-SC
591316;02/04/2024;terça-feira;04:00:00;SP;116;147,6;SAO JOSE DOS CAMPOS;Ausência de reação do condutor;Colisão com objeto;Sem Vítimas;Amanhecer;Crescente;Céu Claro;Dupla;Curva;Não;1;0;0;0;0;1;0;1;-23,19542994;-45,87176303;SPRF-SP;DEL02-SP;UOP01-DEL02-SP
591318;02/04/2024;terça-feira;06:50:00;PB;104;135;QUEIMADAS;Demais falhas mecânicas ou elétricas;Saída de leito carroçável;Com Vítimas Feridas;Pleno dia;Decrescente;Céu Claro;Simples;Reta;Não;4;0;4;0;0;0;4;1;-7,33449509;-35,89813347;SPRF-PB;DEL02-PB;UOP03-DEL02-PB
591320;02/04/2024;terça-feira;08:00:00;RS;116;304;GUAIBA;Ausência de reação do condutor;Saída de leito carroçável;Sem Vítimas;Pleno dia;Crescente;Nublado;Dupla;Desvio Temporário;Não;1;0;0;0;1;0;0;1;-30,15531808;-51,3705139;SPRF-RS;DEL02-RS;UOP01-DEL02-RS
591322;02/04/2024;terça-feira;07:25:00;PI;343;3;TERESINA;Condutor deixou de manter distância do veículo da frente;Colisão traseira;Sem Vítimas;Pleno dia;Decrescente;Céu Claro;Múltipla;Reta;Sim;3;0;0;0;2;1;0;3;-5,08131556;-42,77657747;SPRF-PI;DEL01-PI;UOP01-DEL01-PI
591323;02/04/2024;terça-feira;07:15:00;MG;116;533,9;SANTA RITA DE MINAS;Velocidade Incompatível;Tombamento;Com Vítimas Feridas;Pleno dia;Crescente;Céu Claro;Simples;Aclive;Não;1;0;1;0;0;0;1;1;-19,83624191;-42,13833241;SPRF-MG;DEL06-MG;UOP02-DEL06-MG
591324;02/04/2024;terça-feira;08:00:00;MG;381;486,9;BETIM;Transitar na contramão;Colisão frontal;Com Vítimas Feridas;Pleno dia;Crescente;Céu Claro;Simples;Reta;Sim;2;0;0;1;1;0;1;2;-19,95644414;-44,13611598;SPRF-MG;DEL01-MG;UOP03-DEL01-MG
591325;02/04/2024;terça-feira;06:55:00;MS;60;593;JARDIM;Acessar a via sem observar a presença dos outros veículos;Colisão transversal;Com Vítimas Feridas;Pleno dia;Decrescente;Céu Claro;Simples;Interseção de Vias;Sim;3;0;0;1;2;0;1;2;-21,48662608;-56,15342975;SPRF-MS;DEL05-MS;UOP01-DEL05-MS
591326;02/04/2024;terça-feira;07:30:00;MS;60;592,5;JARDIM;Acessar a via sem observar a presença dos outros veículos;Colisão transversal;Com Vítimas Feridas;Pleno dia;Decrescente;Céu Claro;Dupla;Reta;Sim;2;0;1;0;1;0;1;2;-21,48196992;-56,14179005;SPRF-MS;DEL05-MS;UOP01-DEL05-MS
591330;02/04/2024;terça-feira;07:35:00;GO;70;3;AGUAS LINDAS DE GOIAS;Acumulo de água sobre o pavimento;Colisão traseira;Com Vítimas Feridas;Pleno dia;Decrescente;Chuva;Múltipla;Reta;Sim;4;0;2;0;2;0;2;2;-15,76177302;-48,2368693;SPRF-DF;DEL03-DF;UOP02-DEL03-DF
591331;14/01/2024;domingo;16:23:00;BA;101;193;CONCEICAO DA FEIRA;Ultrapassagem Indevida;Saída de leito carroçável;Sem Vítimas;Pleno dia;Decrescente;Céu Claro;Simples;Reta;Não;1;0;0;0;0;1;0;1;-12,6027102;-39,01297297;SPRF-BA;DEL01-BA;UOP03-DEL01-BA
591332;02/04/2024;terça-feira;08:35:00;RS;116;147,3;CAXIAS DO SUL;Reação tardia ou ineficiente do condutor;Engavetamento;Com Vítimas Feridas;Pleno dia;Decrescente;Sol;Dupla;Curva;Não;4;0;0;1;3;0;1;3;-29,14908014;-51,1429969;SPRF-RS;DEL05-RS;UOP01-DEL05-RS
591333;02/04/2024;terça-feira;08:20:00;GO;60;390;RIO VERDE;Pista Escorregadia;Queda de ocupante de veículo;Com Vítimas Feridas;Pleno dia;Decrescente;Nublado;Dupla;Reta;Sim;1;0;1;0;0;0;1;1;-17,823;-50,9515;SPRF-GO;DEL04-GO;UOP02-DEL04-GO
591334;02/04/2024;terça-feira;08:50:00;RN;101;96,5;NATAL;Reação tardia ou ineficiente do condutor;Colisão lateral mesmo sentido;Com Vítimas Feridas;Pleno dia;Decrescente;Céu Claro;Múltipla;Reta;Sim;4;0;1;1;2;0;2;3;-5,85480643;-35,21138733;SPRF-RN;DEL01-RN;UOP01-DEL01-RN
591335;02/04/2024;terça-feira;07:00:00;RJ;493;59;DUQUE DE CAXIAS;Condutor deixou de manter distância do veículo da frente;Colisão traseira;Com Vítimas Feridas;Pleno dia;Decrescente;Céu Claro;Dupla;Reta;Não;2;0;1;0;1;0;1;2;-22,672089;-43,285053;SPRF-RJ;DEL01-RJ;UOP03-DEL01-RJ
591337;01/04/2024;segunda-feira;22:00:00;GO;70;473;ARAGARCAS;Ingestão de álcool pelo condutor;Tombamento;Com Vítimas Feridas;Plena Noite;Decrescente;Céu Claro;Simples;Reta;Não;1;0;1;0;0;0;1;1;-15,89768702;-52,22747371;SPRF-GO;DEL04-GO;UOP02-DEL04-GO
591338;02/04/2024;terça-feira;07:52:00;DF;70;2;BRASILIA;Manobra de mudança de faixa;Colisão lateral mesmo sentido;Com Vítimas Feridas;Pleno dia;Decrescente;Chuva;Dupla;Reta;Sim;2;0;1;0;1;0;1;2;-15,798048;-48,073235;SPRF-DF;DEL03-DF;UOP02-DEL03-DF
591340;02/04/2024;terça-feira;07:50:00;SC;101;27,8;JOINVILLE;Condutor deixou de manter distância do veículo da frente;Colisão traseira;Com Vítimas Feridas;Pleno dia;Decrescente;Sol;Dupla;Reta;Sim;2;0;1;0;1;0;1;2;-26,20130351;-48,91331794;SPRF-SC;DEL03-SC;UOP01-DEL03-SC
591341;02/04/2024;terça-feira;09:30:00;PB;230;21;JOAO PESSOA;Ausência de reação do condutor;Engavetamento;Com Vítimas Feridas;Pleno dia;Decrescente;Céu Claro;Dupla;Reta;Sim;8;0;2;0;5;1;2;5;-7,1415;-34,8519;SPRF-PB;DEL01-PB;UOP01-DEL01-PB
591343;02/04/2024;terça-feira;07:40:00;RS;116;516;PELOTAS;Condutor deixou de manter distância do veículo da frente;Colisão traseira;Sem Vítimas;Pleno dia;Crescente;Céu Claro;Múltipla;Reta;Não;2;0;0;0;2;0;0;2;-31,67013527;-52,34055575;SPRF-RS;DEL07-RS;UOP01-DEL07-RS
591344;02/04/2024;terça-feira;09:30:00;RJ;101;66;CAMPOS DOS GOYTACAZES;Manobra de mudança de faixa;Colisão lateral mesmo sentido;Com Vítimas Feridas;Pleno dia;Decrescente;Céu Claro;Simples;"Curva;Rotatória;Interseção de Vias";Sim;3;0;1;0;2;0;1;2;-21,7669797;-41,345949;SPRF-RJ;DEL08-RJ;UOP02-DEL08-RJ
591347;02/04/2024;terça-feira;10:15:00;RS;116;302;GUAIBA;Manobra de mudança de faixa;Colisão lateral mesmo sentido;Com Vítimas Feridas;Pleno dia;Decrescente;Céu Claro;Dupla;Reta;Sim;3;0;1;0;2;0;1;2;-30,13970487;-51,35942618;SPRF-RS;DEL02-RS;UOP01-DEL02-RS
591348;02/04/2024;terça-feira;07:00:00;PB;230;156,8;CAMPINA GRANDE;Acumulo de areia ou detritos sobre o pavimento;Tombamento;Com Vítimas Feridas;Pleno dia;Crescente;Céu Claro;Simples;"Declive;Reta";Sim;1;0;1;0;0;0;1;1;-7,2693;-35,9138;SPRF-PB;DEL02-PB;UOP01-DEL02-PB
591350;02/04/2024;terça-feira;09:30:00;RO;364;709;PORTO VELHO;Manobra de mudança de faixa;Colisão lateral mesmo sentido;Com Vítimas Feridas;Pleno dia;Decrescente;Céu Claro;Dupla;Reta;Não;2;0;1;0;1;0;1;2;-8,7909383;-63,84895617;SPRF-RO;DEL01-RO;UOP01-DEL01-RO
591353;02/04/2024;terça-feira;11:15:00;DF;40;7;BRASILIA;Ausência de reação do condutor;Colisão traseira;Com Vítimas Feridas;Pleno dia;Decrescente;Nublado;Dupla;"Reta;Aclive";Sim;2;0;1;0;1;0;1;2;-16,038666;-47,979691;SPRF-DF;DEL01-DF;UOP01-DEL01-DF
591354;02/04/2024;terça-feira;11:00:00;SC;470;52,7;BLUMENAU;Acessar a via sem observar a presença dos outros veículos;Colisão transversal;Com Vítimas Feridas;Pleno dia;Decrescente;Céu Claro;Simples;Interseção de Vias;Não;3;0;1;0;2;0;1;2;-26,862286;-49,093903;SPRF-SC;DEL04-SC;UOP01-DEL04-SC
591355;02/04/2024;terça-feira;10:40:00;RJ;116;180;MESQUITA;Trafegar com motocicleta (ou similar) entre as faixas;Colisão lateral mesmo sentido;Com Vítimas Feridas;Pleno dia;Decrescente;Céu Claro;Dupla;Reta;Sim;4;0;1;0;3;0;1;4;-22,7651616;-43,4154728;SPRF-RJ;DEL06-RJ;UOP01-DEL06-RJ
591356;02/04/2024;terça-feira;09:00:00;SC;101;123;ITAJAI;Acessar a via sem observar a presença dos outros veículos;Colisão transversal;Com Vítimas Feridas;Pleno dia;Crescente;Céu Claro;Dupla;"Retorno Regulamentado;Rotatória";Sim;2;0;1;0;1;0;1;2;-26,93668609;-48,69876905;SPRF-SC;DEL04-SC;UOP04-DEL04-SC
591358;02/04/2024;terça-feira;11:25:00;SE;101;89;NOSSA SENHORA DO SOCORRO;Retorno proibido;Colisão transversal;Com Vítimas Feridas;Pleno dia;Decrescente;Céu Claro;Simples;Reta;Não;2;0;0;1;1;0;1;2;-10,88051024;-37,13355535;SPRF-SE;DEL01-SE;UOP01-DEL01-SE
591359;02/04/2024;terça-feira;12:00:00;RS;290;65,9;GRAVATAI;Reação tardia ou ineficiente do condutor;Capotamento;Com Vítimas Feridas;Pleno dia;Decrescente;Nublado;Dupla;Reta;Não;2;0;1;1;0;0;2;1;-29,943108;-50,905231;SPRF-RS;DEL03-RS;UOP01-DEL03-RS
591360;02/04/2024;terça-feira;12:05:00;RS;116;528;PELOTAS;Acessar a via sem observar a presença dos outros veículos;Colisão transversal;Com Vítimas Feridas;Pleno dia;Crescente;Céu Claro;Simples;Reta;Não;6;0;6;0;0;0;6;2;-31,75074207;-52,41851397;SPRF-RS;DEL07-RS;UOP01-DEL07-RS
591361;02/04/2024;terça-feira;10:20:00;MS;463;68;PONTA PORA;Demais falhas mecânicas ou elétricas;Eventos atípicos;Sem Vítimas;Pleno dia;Decrescente;Céu Claro;Simples;"Declive;Reta";Não;2;0;0;0;2;0;0;1;-22,45316937;-55,38428166;SPRF-MS;DEL04-MS;UOP03-DEL04-MS
591362;02/04/2024;terça-feira;09:40:00;RJ;40;111;DUQUE DE CAXIAS;Manobra de mudança de faixa;Colisão lateral mesmo sentido;Com Vítimas Feridas;Pleno dia;Crescente;Sol;Múltipla;Reta;Sim;2;0;1;0;1;0;1;2;-22,691868;-43,287453;SPRF-RJ;DEL01-RJ;UOP02-DEL01-RJ
591364;31/03/2024;domingo;15:00:00;RJ;101;309;SAO GONCALO;Animais na Pista;Capotamento;Com Vítimas Feridas;Pleno dia;Decrescente;Céu Claro;Dupla;Reta;Sim;2;0;2;0;0;0;2;1;-22,79498873;-43,03446105;SPRF-RJ;DEL02-RJ;UOP02-DEL02-RJ
591365;02/04/2024;terça-feira;11:19:00;SP;116;375;MIRACATU;Condutor Dormindo;Colisão lateral mesmo sentido;Com Vítimas Feridas;Pleno dia;Decrescente;Céu Claro;Dupla;Reta;Sim;2;0;0;1;1;0;1;2;-24,18239098;-47,35448801;SPRF-SP;DEL04-SP;UOP02-DEL04-SP
591366;02/04/2024;terça-feira;10:35:00;MS;262;398,2;TERENOS;Ausência de reação do condutor;Saída de leito carroçável;Com Vítimas Feridas;Pleno dia;Crescente;Céu Claro;Simples;Reta;Não;1;0;1;0;0;0;1;1;-20,42154489;-55,00169899;SPRF-MS;DEL01-MS;UOP03-DEL01-MS
591367;02/04/2024;terça-feira;12:40:00;SC;101;207,7;SAO JOSE;Demais falhas mecânicas ou elétricas;Tombamento;Com Vítimas Feridas;Pleno dia;Crescente;Nublado;Múltipla;"Reta;Declive";Sim;2;0;2;0;0;0;2;1;-27,60001226;-48,6226467;SPRF-SC;DEL01-SC;UOP01-DEL01-SC
591368;02/04/2024;terça-feira;13:00:00;CE;20;229,7;MADALENA;Acesso irregular;Colisão transversal;Com Vítimas Feridas;Pleno dia;Crescente;Céu Claro;Simples;Reta;Não;4;0;2;2;0;0;4;2;-4,92584423;-39,62384464;SPRF-CE;DEL02-CE;UOP02-DEL02-CE
591369;02/04/2024;terça-feira;11:00:00;MG;50;121;UBERABA;Ausência de reação do condutor;Capotamento;Com Vítimas Feridas;Pleno dia;Decrescente;Chuva;Dupla;Reta;Não;1;0;1;0;0;0;1;1;-19,31647807;-48,10645516;SPRF-MG;DEL13-MG;UOP01-DEL13-MG
591370;02/04/2024;terça-feira;09:35:00;RS;386;186;CARAZINHO;Reação tardia ou ineficiente do condutor;Saída de leito carroçável;Com Vítimas Feridas;Pleno dia;Decrescente;Céu Claro;Simples;Reta;Não;2;0;1;0;1;0;1;1;-28,347277;-52,716736;SPRF-RS;DEL08-RS;UOP01-DEL08-RS
591372;02/04/2024;terça-feira;11:08:00;PB;412;97,2;SERRA BRANCA;Ausência de reação do condutor;Saída de leito carroçável;Com Vítimas Feridas;Pleno dia;Crescente;Céu Claro;Simples;Reta;Sim;4;0;0;2;2;0;2;2;-7,603167;-36,813839;SPRF-PB;DEL02-PB;UOP02-DEL02-PB