id;data_inversa;dia_semana;horario;uf;br;km;municipio;causa_acidente;tipo_acidente;classificacao_acidente;fase_dia;sentido_via;condicao_metereologica;tipo_pista;tracado_via;uso_solo;pessoas;mortos;feridos_leves;feridos_graves;ilesos;ignorados;feridos;veiculos;latitude;longitude;regional;delegacia;uop
591509;03/04/2024;quarta-feira;07:00:00;CE;116;15;FORTALEZA;Manobra de mudança de faixa;Colisão lateral mesmo sentido;Com Vítimas Feridas;Pleno dia;Decrescente;Nublado;Dupla;"Declive;Reta";Não;3;0;2;0;1;0;2;2;-3,87839882;-38,50066893;SPRF-CE;DEL01-CE;UOP02-DEL01-CE
591511;03/04/2024;quarta-feira;03:00:00;PB;230;168,5;CAMPINA GRANDE;Ausência de reação do condutor;Saída de leito carroçável;Com Vítimas Fatais;Plena Noite;Decrescente;Nublado;Simples;"Declive;Curva";Não;1;1;0;0;0;0;0;1;-7,188;-35,9687;SPRF-PB;DEL02-PB;UOP02-DEL02-PB
591513;03/04/2024;quarta-feira;07:45:00;BA;324;618;SALVADOR;Ingestão de álcool pelo condutor;Colisão lateral mesmo sentido;Com Vítimas Feridas;Pleno dia;Crescente;Céu Claro;Múltipla;Reta;Não;2;0;1;0;1;0;1;2;-12,891109;-38,445374;SPRF-BA;DEL01-BA;UOP01-DEL01-BA
591516;03/04/2024;quarta-feira;03:00:00;MS;267;386,2;MARACAJU;Animais na Pista;Atropelamento de Animal;Com Vítimas Fatais;Pleno dia;Decrescente;Céu Claro;Simples;Reta;Não;1;1;0;0;0;0;0;1;-21,63328004;-55,34030301;SPRF-MS;DEL05-MS;UOP01-DEL05-MS
591517;03/04/2024;quarta-feira;07:50:00;RJ;40;107;DUQUE DE CAXIAS;Animais na Pista;Atropelamento de Animal;Com Vítimas Feridas;Pleno dia;Decrescente;Céu Claro;Dupla;Reta;Não;1;0;1;0;0;0;1;1;-22,65581497;-43,28378546;SPRF-RJ;DEL01-RJ;UOP02-DEL01-RJ
591519;03/04/2024;quarta-feira;05:15:00;MT;163;520;DIAMANTINO;Reação tardia ou ineficiente do condutor;Saída de leito carroçável;Sem Vítimas;Amanhecer;Decrescente;Nevoeiro/Neblina;Dupla;Reta;Não;1;0;0;0;0;1;0;1;-14,51575087;-56,21122011;SPRF-MT;DEL01-MT;UOP01-DEL01-MT
591520;03/04/2024;quarta-feira;07:20:00;MT;70;523;CUIABA;Ultrapassagem Indevida;Colisão transversal;Com Vítimas Feridas;Pleno dia;Decrescente;Céu Claro;Simples;Reta;Não;2;0;1;0;1;0;1;2;-15,65051022;-55,99823809;SPRF-MT;DEL01-MT;UOP02-DEL01-MT
591523;03/04/2024;quarta-feira;14:40:00;MS;158;260;TRES LAGOAS;Ingestão de álcool pelo condutor;Colisão traseira;Sem Vítimas;Pleno dia;Crescente;Sol;Simples;Reta;Não;4;0;0;0;4;0;0;2;-20,71608891;-51,74993992;SPRF-MS;DEL07-MS;UOP01-DEL07-MS
591524;26/03/2024;terça-feira;06:05:00;PE;101;81,8;JABOATAO DOS GUARARAPES;Ultrapassagem Indevida;Atropelamento de Pedestre;Com Vítimas Fatais;Pleno dia;Crescente;Céu Claro;Dupla;Reta;Não;3;1;1;0;0;1;1;2;-8,164031;-34,939151;SPRF-PE;DEL01-PE;UOP01-DEL01-PE
591526;03/04/2024;quarta-feira;13:30:00;RS;386;430;NOVA SANTA RITA;Entrada inopinada do pedestre;Atropelamento de Pedestre;Com Vítimas Feridas;Pleno dia;Crescente;Céu Claro;Simples;Reta;Sim;3;0;1;0;2;0;1;2;-29,828415;-51,322445;SPRF-RS;DEL04-RS;UOP02-DEL04-RS
591527;03/04/2024;quarta-feira;07:50:00;RS;290;92;PORTO ALEGRE;Condutor deixou de manter distância do veículo da frente;Colisão traseira;Com Vítimas Feridas;Pleno dia;Crescente;Céu Claro;Dupla;Reta;Sim;3;0;2;0;1;0;2;2;-29,9696318;-51,17627356;SPRF-RS;DEL01-RS;UOP01-DEL01-RS
591530;03/04/2024;quarta-feira;08:00:00;RS;448;18,5;CANOAS;Condutor deixou de manter distância do veículo da frente;Colisão traseira;Com Vítimas Feridas;Pleno dia;Crescente;Céu Claro;Múltipla;Reta;Não;7;0;2;0;5;0;2;5;-29,944614;-51,204464;SPRF-RS;DEL01-RS;UOP01-DEL01-RS
591531;03/04/2024;quarta-feira;15:30:00;RS;293;158;HULHA NEGRA;Acessar a via sem observar a presença dos outros veículos;Colisão transversal;Com Vítimas Feridas;Pleno dia;Decrescente;Céu Claro;Simples;"Interseção de Vias;Reta";Não;2;0;2;0;0;0;2;2;-31,39057209;-53,85021399;SPRF-RS;DEL11-RS;UOP03-DEL11-RS
591532;03/04/2024;quarta-feira;14:15:00;RS;116;144,5;CAXIAS DO SUL;Demais falhas mecânicas ou elétricas;Capotamento;Com Vítimas Feridas;Pleno dia;Crescente;Céu Claro;Simples;Reta;Não;2;0;1;0;1;0;1;1;-29,13000868;-51,12796783;SPRF-RS;DEL05-RS;UOP01-DEL05-RS
591534;03/04/2024;quarta-feira;08:50:00;PR;369;150;LONDRINA;Condutor desrespeitou a iluminação vermelha do semáforo;Colisão transversal;Com Vítimas Feridas;Pleno dia;Crescente;Céu Claro;Dupla;Interseção de Vias;Sim;3;0;2;0;1;0;2;2;-23,29288867;-51,16280437;SPRF-PR;DEL07-PR;UOP01-DEL07-PR
591535;03/04/2024;quarta-feira;11:30:00;AP;210;1,5;MACAPA;Transitar na contramão;Colisão frontal;Com Vítimas Feridas;Pleno dia;Decrescente;Céu Claro;Simples;Reta;Sim;2;0;1;0;1;0;1;2;0,07816717;-51,06998693;SPRF-AP;DEL01-AP;UOP01-DEL01-AP
591536;03/04/2024;quarta-feira;15:45:00;PR;369;155,9;LONDRINA;Mal súbito do condutor;Colisão traseira;Com Vítimas Feridas;Pleno dia;Crescente;Sol;Dupla;"Retorno Regulamentado;Reta";Sim;2;0;1;0;1;0;1;2;-23,29212588;-51,21569753;SPRF-PR;DEL07-PR;UOP01-DEL07-PR
591537;03/04/2024;quarta-feira;14:00:00;SP;116;114;TAUBATE;Reação tardia ou ineficiente do condutor;Colisão traseira;Com Vítimas Feridas;Pleno dia;Decrescente;Céu Claro;Dupla;Reta;Sim;2;0;0;1;1;0;1;2;-23,04654177;-45,59018006;SPRF-SP;DEL02-SP;UOP02-DEL02-SP
591540;03/04/2024;quarta-feira;08:00:00;DF;40;4;BRASILIA;Trafegar com motocicleta (ou similar) entre as faixas;Colisão lateral mesmo sentido;Com Vítimas Feridas;Pleno dia;Decrescente;Nublado;Dupla;Reta;Sim;2;0;1;0;1;0;1;2;-16,012033;-47,982124;SPRF-DF;DEL01-DF;UOP01-DEL01-DF
591541;03/04/2024;quarta-feira;10:30:00;MG;381;456;BELO HORIZONTE;Acessar a via sem observar a presença dos outros veículos;Colisão lateral mesmo sentido;Com Vítimas Feridas;Pleno dia;Decrescente;Céu Claro;Dupla;Reta;Sim;2;0;1;0;1;0;1;2;-19,84486285;-43,88651848;SPRF-MG;DEL01-MG;UOP01-DEL01-MG
591542;03/04/2024;quarta-feira;14:38:00;PB;230;39;SANTA RITA;Ausência de reação do condutor;Tombamento;Com Vítimas Feridas;Pleno dia;Decrescente;Céu Claro;Dupla;Reta;Sim;1;0;1;0;0;0;1;1;-7,1381;-34,9707;SPRF-PB;DEL01-PB;UOP03-DEL01-PB
591543;03/04/2024;quarta-feira;11:40:00;MS;60;422;SIDROLANDIA;Acessar a via sem observar a presença dos outros veículos;Colisão transversal;Com Vítimas Feridas;Pleno dia;Crescente;Céu Claro;Simples;Reta;Não;4;0;1;1;2;0;2;2;-20,90960685;-54,94434949;SPRF-MS;DEL01-MS;UOP04-DEL01-MS
591544;03/04/2024;quarta-feira;15:50:00;RJ;465;21;NOVA IGUACU;Trafegar com motocicleta (ou similar) entre as faixas;Colisão transversal;Com Vítimas Feridas;Pleno dia;Decrescente;Sol;Simples;Reta;Sim;3;0;1;0;2;0;1;2;-22,854782;-43,601933;SPRF-RJ;DEL06-RJ;UOP02-DEL06-RJ
591547;03/04/2024;quarta-feira;07:50:00;SC;101;114;ITAJAI;Ausência de reação do condutor;Colisão lateral mesmo sentido;Com Vítimas Feridas;Pleno dia;Decrescente;Sol;Dupla;Reta;Não;2;0;1;0;1;0;1;2;-26,86192886;-48,7286704;SPRF-SC;DEL04-SC;UOP04-DEL04-SC
591548;03/04/2024;quarta-feira;13:50:00;RN;226;92,5;TANGARA;Reação tardia ou ineficiente do condutor;Colisão com objeto;Com Vítimas Feridas;Pleno dia;Decrescente;Céu Claro;Simples;"Declive;Em Obras;Curva";Não;2;0;2;0;0;0;2;1;-6,25187946;-35,86695019;SPRF-RN;DEL03-RN;UOP02-DEL03-RN
591549;03/04/2024;quarta-feira;10:00:00;PE;232;9;RECIFE;Demais falhas na via;Tombamento;Com Vítimas Feridas;Pleno dia;Crescente;Céu Claro;Dupla;Reta;Sim;1;0;1;0;0;0;1;1;-8,07764447;-34,97863609;SPRF-PE;DEL01-PE;UOP01-DEL01-PE
591550;03/04/2024;quarta-feira;14:09:00;RN;226;175,3;CURRAIS NOVOS;Acessar a via sem observar a presença dos outros veículos;Colisão frontal;Com Vítimas Feridas;Pleno dia;Crescente;Nublado;Simples;Curva;Sim;2;0;1;0;0;1;1;2;-6,257745;-36,510166;SPRF-RN;DEL03-RN;UOP02-DEL03-RN
591551;03/04/2024;quarta-feira;13:50:00;MG;116;525,9;CARATINGA;Ausência de reação do condutor;Colisão com objeto;Com Vítimas Feridas;Pleno dia;Decrescente;Nublado;Dupla;Rotatória;Sim;1;0;1;0;0;0;1;1;-19,76833785;-42,13105238;SPRF-MG;DEL06-MG;UOP02-DEL06-MG
591552;03/04/2024;quarta-feira;16:00:00;PR;116;116;CURITIBA;Manobra de mudança de faixa;Colisão traseira;Com Vítimas Feridas;Pleno dia;Decrescente;Céu Claro;Dupla;Reta;Sim;2;0;0;1;1;0;1;2;-25,55468195;-49,27402397;SPRF-PR;DEL01-PR;UOP03-DEL01-PR
591553;03/04/2024;quarta-feira;12:30:00;RS;116;530;CAPAO DO LEAO;Desrespeitar a preferência no cruzamento;Colisão transversal;Com Vítimas Feridas;Pleno dia;Decrescente;Céu Claro;Simples;Interseção de Vias;Sim;2;0;0;1;1;0;1;2;-31,7590834;-52,43687971;SPRF-RS;DEL07-RS;UOP01-DEL07-RS
591554;03/04/2024;quarta-feira;08:55:00;MS;267;481;JARDIM;Acessar a via sem observar a presença dos outros veículos;Colisão transversal;Com Vítimas Feridas;Pleno dia;Crescente;Céu Claro;Simples;Curva;Sim;2;0;1;0;1;0;1;2;-21,478745;-56,13899;SPRF-MS;DEL05-MS;UOP01-DEL05-MS
591557;03/04/2024;quarta-feira;13:00:00;MT;364;1,5;ALTO ARAGUAIA;Acessar a via sem observar a presença dos outros veículos;Colisão transversal;Com Vítimas Feridas;Pleno dia;Decrescente;Sol;Dupla;Curva;Sim;3;0;1;0;2;0;1;2;-17,31227325;-53,21828343;SPRF-MT;DEL02-MT;UOP02-DEL02-MT
591558;03/04/2024;quarta-feira;17:23:00;GO;40;15;LUZIANIA;Condutor deixou de manter distância do veículo da frente;Colisão traseira;Com Vítimas Feridas;Anoitecer;Crescente;Chuva;Dupla;Reta;Sim;4;0;2;0;1;1;2;2;-16,1671;-47,930161;SPRF-DF;DEL01-DF;UOP01-DEL01-DF
591559;26/03/2024;terça-feira;17:40:00;PE;232;86;GRAVATA;Velocidade Incompatível;Queda de ocupante de veículo;Com Vítimas Feridas;Anoitecer;Decrescente;Céu Claro;Dupla;Reta;Não;2;0;0;1;1;0;1;1;-8,21286855;-35,62011813;SPRF-PE;DEL02-PE;UOP02-DEL02PE
591560;03/04/2024;quarta-feira;08:25:00;RJ;101;487;ANGRA DOS REIS;Pedestre cruzava a pista fora da faixa;Atropelamento de Pedestre;Com Vítimas Feridas;Pleno dia;Decrescente;Céu Claro;Simples;Reta;Sim;2;0;1;1;0;0;2;2;-22,96828891;-44,29864663;SPRF-RJ;DEL03-RJ;UOP03-DEL03-RJ
591561;03/04/2024;quarta-feira;11:00:00;RO;435;84,5;COLORADO DO OESTE;Ultrapassagem Indevida;Colisão lateral mesmo sentido;Com Vítimas Feridas;Pleno dia;Crescente;Sol;Dupla;Reta;Sim;4;0;2;0;2;0;2;3;-13,1173435;-60,52293293;SPRF-RO;DEL04-RO;UOP02-DEL04-RO
591564;03/04/2024;quarta-feira;17:55:00;SP;116;35;CACHOEIRA PAULISTA;Reação tardia ou ineficiente do condutor;Queda de ocupante de veículo;Com Vítimas Feridas;Anoitecer;Crescente;Céu Claro;Dupla;Reta;Não;1;0;1;0;0;0;1;1;-22,65892521;-44,96708995;SPRF-SP;DEL08-SP;UOP02-DEL08-SP
591565;03/04/2024;quarta-feira;13:16:00;MT;364;163;SAO PEDRO DA CIPA;Acessar a via sem observar a presença dos outros veículos;Colisão traseira;Com Vítimas Feridas;Pleno dia;Crescente;Céu Claro;Dupla;Reta;Não;2;0;1;0;1;0;1;2;-16,010871;-54,912539;SPRF-MT;DEL02-MT;UOP01-DEL02-MT
591566;03/04/2024;quarta-feira;11:00:00;SC;101;134;BALNEARIO CAMBORIU;Reação tardia ou ineficiente do condutor;Colisão lateral mesmo sentido;Com Vítimas Feridas;Pleno dia;Decrescente;Nublado;Múltipla;Reta;Sim;2;0;1;0;1;0;1;2;-27,00218;-48,636433;SPRF-SC;DEL04-SC;UOP03-DEL04-SC
591567;03/04/2024;quarta-feira;07:40:00;PR;373;177,7;PONTA GROSSA;Condutor deixou de manter distância do veículo da frente;Colisão traseira;Sem Vítimas;Pleno dia;Decrescente;Sol;Dupla;Reta;Sim;6;0;0;0;6;0;0;2;-25,05596766;-50,22677884;SPRF-PR;DEL03-PR;UOP01-DEL03-PR
591569;03/04/2024;quarta-feira;17:40:00;RS;116;251;SAPUCAIA DO SUL;Reação tardia ou ineficiente do condutor;Engavetamento;Com Vítimas Feridas;Pleno dia;Crescente;Céu Claro;Dupla;Reta;Sim;4;0;1;0;3;0;1;4;-29,79931769;-51,16551174;SPRF-RS;DEL01-RS;UOP02-DEL01-RS
591572;03/04/2024;quarta-feira;12:10:00;SC;101;142;ITAPEMA;Desrespeitar a preferência no cruzamento;Colisão transversal;Com Vítimas Feridas;Pleno dia;Crescente;Nublado;Simples;Interseção de Vias;Não;2;0;1;0;1;0;1;2;-27,056089;-48,599449;SPRF-SC;DEL04-SC;UOP03-DEL04-SC
591573;03/04/2024;quarta-feira;11:35:00;RJ;116;174;SAO JOAO DE MERITI;Demais falhas mecânicas ou elétricas;Queda de ocupante de veículo;Com Vítimas Feridas;Pleno dia;Crescente;Céu Claro;Múltipla;Reta;Sim;2;0;2;0;0;0;2;1;-22,79423806;-43,36403759;SPRF-RJ;DEL06-RJ;UOP01-DEL06-RJ
591575;03/04/2024;quarta-feira;16:40:00;PR;376;540;BALSA NOVA;Reação tardia ou ineficiente do condutor;Saída de leito carroçável;Sem Vítimas;Pleno dia;Crescente;Céu Claro;Dupla;Reta;Não;1;0;0;0;0;1;0;1;-25,45551995;-49,73512888;SPRF-PR;DEL03-PR;UOP03-DEL03-PR
591576;03/04/2024;quarta-feira;14:30:00;PR;277;115;CAMPO LARGO;Manobra de mudança de faixa;Colisão lateral mesmo sentido;Sem Vítimas;Pleno dia;Crescente;Céu Claro;Dupla;Reta;Sim;3;0;0;0;2;1;0;2;-25,445249;-49,496748;SPRF-PR;DEL03-PR;UOP03-DEL03-PR
591579;03/04/2024;quarta-feira;15:15:00;RJ;101;409;ITAGUAI;Ausência de reação do condutor;Colisão com objeto;Sem Vítimas;Pleno dia;Decrescente;Céu Claro;Dupla;Reta;Não;1;0;0;0;1;0;0;1;-22,88503992;-43,83250205;SPRF-RJ;DEL03-RJ;UOP01-DEL03-RJ
591581;03/04/2024;quarta-feira;07:02:00;PB;230;503;CAJAZEIRAS;Conversão proibida;Colisão transversal;Com Vítimas Feridas;Pleno dia;Crescente;Sol;Simples;Reta;Sim;2;0;1;0;0;1;1;2;-6,8962;-38,534;SPRF-PB;DEL03-PB;UOP03-DEL03-PB
591582;03/04/2024;quarta-feira;18:20:00;RJ;101;281;TANGUA;Reação tardia ou ineficiente do condutor;Colisão traseira;Com Vítimas Feridas;Plena Noite;Decrescente;Céu Claro;Dupla;Reta;Sim;4;0;2;0;2;0;2;2;-22,73840017;-42,77718501;SPRF-RJ;DEL02-RJ;UOP02-DEL02-RJ
591583;03/04/2024;quarta-feira;18:05:00;PE;408;83;SANTA MARIA DA BOA VISTA;Animais na Pista;Atropelamento de Animal;Com Vítimas Feridas;Plena Noite;Crescente;Céu Claro;Simples;Reta;Sim;1;0;0;1;0;0;1;1;-8,791913;-39,824333;SPRF-PE;DEL01-PE;UOP01-DEL01-PE
591584;03/04/2024;quarta-feira;18:30:00;MG;262;34,5;MANHUACU;Desrespeitar a preferência no cruzamento;Colisão transversal;Com Vítimas Feridas;Anoitecer;Decrescente;Céu Claro;Simples;Curva;Sim;2;0;1;0;1;0;1;2;-20,25692664;-42,01099203;SPRF-MG;DEL06-MG;UOP03-DEL06-MG
591585;03/04/2024;quarta-feira;08:10:00;CE;222;2,4;FORTALEZA;Pedestre cruzava a pista fora da faixa;Atropelamento de Pedestre;Com Vítimas Feridas;Pleno dia;Crescente;Céu Claro;Múltipla;Reta;Sim;3;0;2;1;0;0;3;2;-3,73911117;-38,58687498;SPRF-CE;DEL01-CE;UOP01-DEL01-CE
591588;03/04/2024;quarta-feira;13:30:00;SC;280;82;CORUPA;Condutor Dormindo;Queda de ocupante de veículo;Com Vítimas Feridas;Pleno dia;Crescente;Céu Claro;Simples;Reta;Não;1;0;1;0;0;0;1;1;-26,44009491;-49,22605498;SPRF-SC;DEL06-SC;UOP03-DEL06-SC
591590;03/04/2024;quarta-feira;18:15:00;MG;50;24;ARAGUARI;Reação tardia ou ineficiente do condutor;Saída de leito carroçável;Com Vítimas Feridas;Anoitecer;Crescente;Céu Claro;Dupla;"Reta;Declive";Não;1;0;1;0;0;0;1;1;-18,61024882;-48,06820499;SPRF-MG;DEL15-MG;UOP02-DEL15-MG
591592;03/04/2024;quarta-feira;16:00:00;PE;116;30;SALGUEIRO;Ausência de reação do condutor;Colisão transversal;Com Vítimas Feridas;Pleno dia;Crescente;Céu Claro;Simples;"Aclive;Reta";Não;3;0;0;1;2;0;1;2;-8,10991895;-39,12429242;SPRF-PE;DEL05-PE;UOP01-DEL05-PE
591593;03/04/2024;quarta-feira;11:10:00;SP;101;51;UBATUBA;Trafegar com motocicleta (ou similar) entre as faixas;Colisão transversal;Com Vítimas Feridas;Pleno dia;Crescente;Céu Claro;Simples;Reta;Sim;3;0;2;0;1;0;2;2;-23,45627795;-45,07111896;SPRF-SP;DEL06-SP;UOP01-DEL06-SP
591594;03/04/2024;quarta-feira;18:35:00;RN;226;173,7;CURRAIS NOVOS;Condutor deixou de manter distância do veículo da frente;Colisão traseira;Com Vítimas Feridas;Plena Noite;Decrescente;Nublado;Simples;"Aclive;Reta";Sim;2;0;1;0;1;0;1;2;-6,25730594;-36,4946723;SPRF-RN;DEL03-RN;UOP02-DEL03-RN
591597;03/04/2024;quarta-feira;15:20:00;PE;232;122,8;CARUARU;Avarias e/ou desgaste excessivo no pneu;Saída de leito carroçável;Com Vítimas Feridas;Pleno dia;Decrescente;Chuva;Dupla;"Reta;Declive";Não;2;0;1;0;1;0;1;1;-8,30217741;-35,91946793;SPRF-PE;DEL02-PE;UOP01-DEL02-PE
591598;03/04/2024;quarta-feira;19:15:00;RS;116;268;CANOAS;Trafegar com motocicleta (ou similar) entre as faixas;Colisão lateral mesmo sentido;Com Vítimas Feridas;Plena Noite;Decrescente;Céu Claro;Dupla;Reta;Sim;3;0;0;1;2;0;1;2;-29,95042502;-51,17652939;SPRF-RS;DEL01-RS;UOP01-DEL01-RS
591599;03/04/2024;quarta-feira;17:10:00;RO;174;14;VILHENA;Acessar a via sem observar a presença dos outros veículos;Colisão transversal;Com Vítimas Feridas;Pleno dia;Crescente;Céu Claro;Dupla;Reta;Sim;2;0;2;0;0;0;2;2;-12,73306632;-60,12981255;SPRF-RO;DEL04-RO;UOP01-DEL04-RO
591601;03/04/2024;quarta-feira;08:10:00;SC;101;205;SAO JOSE;Condutor deixou de manter distância do veículo da frente;Engavetamento;Com Vítimas Feridas;Pleno dia;Crescente;Céu Claro;Dupla;Reta;Sim;3;0;1;0;2;0;1;3;-27,58313237;-48,61532885;SPRF-SC;DEL01-SC;UOP01-DEL01-SC
591602;03/04/2024;quarta-feira;18:23:00;PE;232;85,4;GRAVATA;Pedestre cruzava a pista fora da faixa;Atropelamento de Pedestre;Com Vítimas Fatais;Anoitecer;Decrescente;Céu Claro;Dupla;Reta;Não;2;1;0;0;1;0;0;2;-8,20951081;-35,61182408;SPRF-PE;DEL02-PE;UOP02-DEL02PE
591603;03/04/2024;quarta-feira;19:20:00;BA;101;12,1;RIO REAL;Reação tardia ou ineficiente do condutor;Colisão traseira;Com Vítimas Fatais;Plena Noite;Decrescente;Céu Claro;Dupla;Reta;Não;2;1;0;0;0;1;0;2;-11,64028212;-37,89002257;SPRF-SE;DEL02-SE;UOP03-DEL02-SE
591604;03/04/2024;quarta-feira;11:55:00;RS;290;1,4;OSORIO;Reação tardia ou ineficiente do condutor;Saída de leito carroçável;Sem Vítimas;Pleno dia;Decrescente;Sol;Múltipla;"Em Obras;Reta";Não;1;0;0;0;1;0;0;1;-29,894957;-50,286026;SPRF-RS;DEL03-RS;UOP01-DEL03-RS
591605;03/04/2024;quarta-feira;18:30:00;CE;222;2;FORTALEZA;Condutor deixou de manter distância do veículo da frente;Colisão traseira;Com Vítimas Feridas;Plena Noite;Crescente;Céu Claro;Dupla;Interseção de Vias;Sim;2;0;1;0;1;0;1;2;-3,73911117;-38,58687498;SPRF-CE;DEL01-CE;UOP01-DEL01-CE
591606;03/04/2024;quarta-feira;19:00:00;RS;392;20,7;RIO GRANDE;Acessar a via sem observar a presença dos outros veículos;Colisão traseira;Com Vítimas Feridas;Plena Noite;Decrescente;Nublado;Dupla;Reta;Não;2;0;1;0;1;0;1;2;-32,08573295;-52,19690099;SPRF-RS;DEL07-RS;UOP02-DEL07-RS
591607;03/04/2024;quarta-feira;19:25:00;PE;101;67,8;RECIFE;Reação tardia ou ineficiente do condutor;Colisão traseira;Com Vítimas Feridas;Plena Noite;Crescente;Céu Claro;Dupla;Reta;Sim;2;0;0;1;1;0;1;2;-8,042334;-34,943096;SPRF-PE;DEL01-PE;UOP01-DEL01-PE
591610;03/04/2024;quarta-feira;18:10:00;PR;277;606;SANTA TEREZA DO OESTE;Reação tardia ou ineficiente do condutor;Tombamento;Com Vítimas Feridas;Anoitecer;Crescente;Céu Claro;Simples;Reta;Não;1;0;1;0;0;0;1;1;-25,03330189;-53,58832406;SPRF-PR;DEL05-PR;UOP02-DEL05-PR
591611;03/04/2024;quarta-feira;16:45:00;PR;277;586,4;CASCAVEL;Desrespeitar a preferência no cruzamento;Colisão transversal;Sem Vítimas;Pleno dia;Crescente;Céu Claro;Simples;"Interseção de Vias;Reta";Sim;2;0;0;0;1;1;0;2;-24,9649472;-53,4210459;SPRF-PR;DEL04-PR;UOP01-DEL04-PR
591612;08/03/2024;sexta-feira;23:15:00;GO;20;233,9;POSSE;Ultrapassagem Indevida;Colisão frontal;Com Vítimas Fatais;Plena Noite;Decrescente;Céu Claro;Simples;Reta;Não;10;5;4;0;1;0;4;2;-14,086459;-46,295727;SPRF-DF;DEL02-DF;UOP03-DEL02-DF
591613;03/04/2024;quarta-feira;16:00:00;RJ;116;339;RESENDE;Avarias e/ou desgaste excessivo no pneu;Tombamento;Sem Vítimas;Pleno dia;Crescente;Céu Claro;Dupla;"Declive;Reta";Não;2;0;0;0;2;0;0;1;-22,51171;-44,69431;SPRF-RJ;DEL07-RJ;UOP02-DEL07-RJ
591615;03/04/2024;quarta-feira;18:45:00;RO;364;235,1;CACOAL;Desrespeitar a preferência no cruzamento;Colisão transversal;Com Vítimas Feridas;Plena Noite;Crescente;Céu Claro;Simples;"Interseção de Vias;Reta";Sim;3;0;1;1;1;0;2;2;-11,4506169;-61,4302469;SPRF-RO;DEL02-RO;UOP02-DEL02-RO
591616;03/04/2024;quarta-feira;19:50:00;SP;116;34;CACHOEIRA PAULISTA;Objeto estático sobre o leito carroçável;Queda de ocupante de veículo;Com Vítimas Feridas;Plena Noite;Crescente;Céu Claro;Dupla;"Aclive;Curva";Não;2;0;1;0;1;0;1;1;-22,65447396;-44,95940103;SPRF-SP;DEL08-SP;UOP02-DEL08-SP
591620;03/04/2024;quarta-feira;07:33:00;SC;101;210,8;SAO JOSE;Manobra de mudança de faixa;Colisão lateral mesmo sentido;Com Vítimas Feridas;Pleno dia;Decrescente;Céu Claro;Dupla;Reta;Sim;2;0;1;0;1;0;1;2;-27,6167305;-48,6457265;SPRF-SC;DEL01-SC;UOP01-DEL01-SC
591621;03/04/2024;quarta-feira;08:20:00;GO;153;432,4;ANAPOLIS;Avarias e/ou desgaste excessivo no pneu;Saída de leito carroçável;Com Vítimas Feridas;Pleno dia;Crescente;Céu Claro;Dupla;Reta;Não;2;0;2;0;0;0;2;1;-16,264801;-48,982357;SPRF-GO;DEL02-GO;UOP01-DEL02-GO
591623;03/04/2024;quarta-feira;11:30:00;RJ;493;22;MAGE;Ausência de reação do condutor;Queda de ocupante de veículo;Com Vítimas Feridas;Pleno dia;Crescente;Céu Claro;Simples;Curva;Sim;1;0;1;0;0;0;1;1;-22,659311;-43,053303;SPRF-RJ;DEL04-RJ;UOP02-DEL04-RJ
591624;31/03/2024;domingo;04:00:00;RJ;101;293;ITABORAI;Condutor Dormindo;Saída de leito carroçável;Com Vítimas Feridas;Plena Noite;Decrescente;Céu Claro;Múltipla;Reta;Sim;1;0;1;0;0;0;1;1;-22,756203;-42,88724;SPRF-RJ;DEL02-RJ;UOP02-DEL02-RJ
591626;03/04/2024;quarta-feira;19:42:00;RJ;485;0,5;ITATIAIA;Ultrapassagem Indevida;Colisão transversal;Com Vítimas Feridas;Plena Noite;Crescente;Nublado;Simples;Reta;Sim;3;0;1;0;2;0;1;3;-22,491928;-44,563503;SPRF-RJ;DEL07-RJ;UOP02-DEL07-RJ
591627;03/04/2024;quarta-feira;09:15:00;MT;163;14,6;ITIQUIRA;Ausência de reação do condutor;Saída de leito carroçável;Sem Vítimas;Pleno dia;Decrescente;Céu Claro;Dupla;Reta;Sim;1;0;0;0;1;0;0;1;-17,396683;-54,758442;SPRF-MT;DEL02-MT;UOP03-DEL02-MT
591628;03/04/2024;quarta-feira;20:30:00;RS;116;248;SAO LEOPOLDO;Ausência de reação do condutor;Colisão traseira;Com Vítimas Feridas;Plena Noite;Crescente;Céu Claro;Simples;Reta;Sim;3;0;1;0;2;0;1;2;-29,77605895;-51,15508618;SPRF-RS;DEL01-RS;UOP02-DEL01-RS
591632;27/03/2024;quarta-feira;08:25:00;MG;381;686,6;LAVRAS;Velocidade Incompatível;Colisão com objeto;Com Vítimas Feridas;Pleno dia;Crescente;Nublado;Dupla;Curva;Não;1;0;1;0;0;0;1;1;-21,20030689;-45,11944438;SPRF-MG;DEL04-MG;UOP02-DEL04-MG
591633;03/04/2024;quarta-feira;20:50:00;DF;70;5;BRASILIA;Acumulo de água sobre o pavimento;Colisão traseira;Com Vítimas Feridas;Plena Noite;Crescente;Chuva;Dupla;Reta;Sim;3;0;1;0;2;0;1;2;-15,794656;-48,096779;SPRF-DF;DEL03-DF;UOP02-DEL03-DF
591634;03/04/2024;quarta-feira;18:15:00;PR;277;587,6;CASCAVEL;Desrespeitar a preferência no cruzamento;Colisão transversal;Com Vítimas Feridas;Pleno dia;Crescente;Céu Claro;Simples;"Interseção de Vias;Reta";Sim;2;0;2;0;0;0;2;2;-24,97174238;-53,43486071;SPRF-PR;DEL04-PR;UOP01-DEL04-PR