id;data_inversa;dia_semana;horario;uf;br;km;municipio;causa_acidente;tipo_acidente;classificacao_acidente;fase_dia;sentido_via;condicao_metereologica;tipo_pista;tracado_via;uso_solo;pessoas;mortos;feridos_leves;feridos_graves;ilesos;ignorados;feridos;veiculos;latitude;longitude;regional;delegacia;uop
591635;03/04/2024;quarta-feira;20:15:00;SC;280;126;RIO NEGRINHO;Acessar a via sem observar a presença dos outros veículos;Colisão lateral mesmo sentido;Com Vítimas Feridas;Plena Noite;Crescente;Céu Claro;Simples;"Aclive;Reta";Sim;2;0;1;0;1;0;1;2;-26,23779604;-49,49427399;SPRF-SC;DEL06-SC;UOP03-DEL06-SC
591638;03/04/2024;quarta-feira;21:30:00;RS;386;350,3;ESTRELA;Reação tardia ou ineficiente do condutor;Tombamento;Com Vítimas Feridas;Plena Noite;Crescente;Céu Claro;Dupla;Reta;Sim;1;0;1;0;0;0;1;1;-29,4743;-51,952923;SPRF-RS;DEL04-RS;UOP01-DEL04-RS
591639;05/03/2024;terça-feira;08:05:00;SC;470;126,5;LONTRAS;Reação tardia ou ineficiente do condutor;Saída de leito carroçável;Com Vítimas Feridas;Pleno dia;Decrescente;Chuva;Simples;Curva;Não;1;0;1;0;0;0;1;1;-27,129;-49,538277;SPRF-SC;DEL04-SC;UOP02-DEL04-SC
591640;11/03/2024;segunda-feira;00:15:00;RJ;356;154,9;CAMPOS DOS GOYTACAZES;Ingestão de álcool pelo condutor;Colisão traseira;Com Vítimas Fatais;Plena Noite;Crescente;Nublado;Simples;Reta;Não;3;1;0;1;1;0;1;2;-21,7541204;-41,23034981;SPRF-RJ;DEL08-RJ;UOP02-DEL08-RJ
591645;03/04/2024;quarta-feira;20:25:00;MA;10;367;ITINGA DO MARANHAO;Transitar na contramão;Colisão frontal;Com Vítimas Feridas;Plena Noite;Decrescente;Nublado;Simples;Reta;Não;3;0;1;2;0;0;3;2;-4,540208;-47,49894;SPRF-MA;DEL04-MA;UOP03-DEL04-MA
591646;03/04/2024;quarta-feira;22:50:00;SP;116;228;SAO PAULO;Demais falhas mecânicas ou elétricas;Incêndio;Sem Vítimas;Plena Noite;Crescente;Céu Claro;Múltipla;Reta;Sim;1;0;0;0;0;1;0;1;-23,50343484;-46,56638712;SPRF-SP;DEL01-SP;UOP01-DEL01-SP
591647;03/04/2024;quarta-feira;22:10:00;MG;381;489;BETIM;Ausência de reação do condutor;Tombamento;Com Vítimas Feridas;Plena Noite;Crescente;Céu Claro;Dupla;"Reta;Declive";Sim;1;0;1;0;0;0;1;1;-19,96245618;-44,16455495;SPRF-MG;DEL01-MG;UOP03-DEL01-MG
591648;03/04/2024;quarta-feira;21:40:00;SC;282;369;ERVAL VELHO;Acessar a via sem observar a presença dos outros veículos;Colisão transversal;Com Vítimas Feridas;Plena Noite;Decrescente;Céu Claro;Simples;"Interseção de Vias;Rotatória";Sim;5;0;1;1;2;1;2;2;-27,275529;-51,441288;SPRF-SC;DEL07-SC;UOP05-DEL07-SC
591651;03/04/2024;quarta-feira;22:40:00;RJ;116;176;RIO DE JANEIRO;Pedestre andava na pista;Atropelamento de Pedestre;Com Vítimas Feridas;Plena Noite;Decrescente;Céu Claro;Múltipla;Reta;Sim;2;0;0;1;1;0;1;2;-22,7839538;-43,38195488;SPRF-RJ;DEL06-RJ;UOP01-DEL06-RJ
591652;03/04/2024;quarta-feira;16:20:00;SP;381;18;BRAGANCA PAULISTA;Ausência de reação do condutor;Tombamento;Com Vítimas Feridas;Pleno dia;Crescente;Céu Claro;Simples;"Declive;Curva";Não;2;0;2;0;0;0;2;1;-22,9746091;-46,48838277;SPRF-SP;DEL03-SP;UOP02-DEL03-SP
591654;03/04/2024;quarta-feira;23:20:00;RJ;101;587;PARATY;Acessar a via sem observar a presença dos outros veículos;Atropelamento de Pedestre;Com Vítimas Feridas;Plena Noite;Decrescente;Céu Claro;Simples;Reta;Não;2;0;1;0;1;0;1;2;-23,28619194;-44,6958121;SPRF-RJ;DEL03-RJ;UOP04-DEL03-RJ
591655;03/04/2024;quarta-feira;23:00:00;RJ;101;383;RIO DE JANEIRO;Condutor deixou de manter distância do veículo da frente;Colisão traseira;Com Vítimas Feridas;Plena Noite;Decrescente;Céu Claro;Múltipla;Reta;Sim;2;0;1;0;1;0;1;2;-22,86665409;-43,58896989;SPRF-RJ;DEL03-RJ;UOP01-DEL03-RJ
591661;04/04/2024;quinta-feira;02:20:00;SC;116;244;LAGES;Ausência de reação do condutor;Colisão com objeto;Sem Vítimas;Plena Noite;Decrescente;Nublado;Simples;Reta;Não;1;0;0;0;0;1;0;1;-27,78925388;-50,35413817;SPRF-SC;DEL05-SC;UOP01-DEL05-SC
591663;04/04/2024;quinta-feira;00:40:00;MT;163;833;SINOP;Ausência de reação do condutor;Queda de ocupante de veículo;Com Vítimas Feridas;Plena Noite;Decrescente;Céu Claro;Simples;Reta;Sim;1;0;1;0;0;0;1;1;-11,8782565;-55,4998209;SPRF-MT;DEL06-MT;UOP02-DEL06-MT
591665;04/04/2024;quinta-feira;02:00:00;MG;381;381,5;SAO GONCALO DO RIO ABAIXO;Transitar na contramão;Colisão frontal;Com Vítimas Feridas;Plena Noite;Decrescente;Ignorado;Simples;Reta;Sim;2;0;1;0;0;1;1;2;-19,835116;-43,349697;SPRF-MG;DEL01-MG;UOP01-DEL01-MG
591666;03/04/2024;quarta-feira;23:45:00;RJ;101;484;ANGRA DOS REIS;Acessar a via sem observar a presença dos outros veículos;Colisão transversal;Com Vítimas Feridas;Plena Noite;Decrescente;Céu Claro;Simples;Curva;Não;3;0;1;0;2;0;1;2;-22,99096308;-44,30429882;SPRF-RJ;DEL03-RJ;UOP03-DEL03-RJ
591667;04/04/2024;quinta-feira;00:05:00;SP;116;284;EMBU DAS ARTES;Manobra de mudança de faixa;Tombamento;Com Vítimas Feridas;Pleno dia;Decrescente;Céu Claro;Dupla;Reta;Sim;1;0;1;0;0;0;1;1;-23,68160429;-46,85863495;SPRF-SP;DEL04-SP;UOP01-DEL04-SP
591668;04/04/2024;quinta-feira;03:40:00;MS;163;528;JARAGUARI;Ingestão de álcool pelo condutor;Saída de leito carroçável;Sem Vítimas;Plena Noite;Decrescente;Céu Claro;Simples;"Declive;Reta";Não;1;0;0;0;1;0;0;1;-20,0849254;-54,4321708;SPRF-MS;DEL01-MS;UOP02-DEL01-MS
591669;04/04/2024;quinta-feira;05:00:00;SP;116;69,2;APARECIDA;Objeto estático sobre o leito carroçável;Colisão com objeto;Com Vítimas Feridas;Amanhecer;Crescente;Céu Claro;Dupla;Curva;Não;1;0;1;0;0;0;1;1;-22,84017188;-45,22364349;SPRF-SP;DEL08-SP;UOP01-DEL08-SP
591671;03/04/2024;quarta-feira;20:00:00;BA;116;523;MILAGRES;Acesso irregular;Atropelamento de Pedestre;Com Vítimas Feridas;Plena Noite;Decrescente;Céu Claro;Simples;Retorno Regulamentado;Não;2;0;0;1;0;1;1;2;-12,873116;-39,8608188;SPRF-BA;DEL03-BA;UOP02-DEL03-BA
591672;04/04/2024;quinta-feira;03:45:00;BA;116;319,8;ARACI;Animais na Pista;Atropelamento de Animal;Com Vítimas Feridas;Plena Noite;Crescente;Ignorado;Simples;Reta;Não;3;0;3;0;0;0;3;1;-11,32295708;-38,94963686;SPRF-BA;DEL02-BA;UOP01-DEL02-BA
591673;04/04/2024;quinta-feira;00:20:00;MG;365;279,9;JOAO PINHEIRO;Avarias e/ou desgaste excessivo no pneu;Sinistro pessoal de trânsito;Com Vítimas Feridas;Plena Noite;Crescente;Céu Claro;Simples;"Reta;Declive";Não;3;0;2;0;1;0;2;2;-18,01132385;-45,63081926;SPRF-MG;DEL10-MG;UOP02-DEL010-MG
591674;03/03/2024;domingo;14:30:00;PB;230;122;RIACHAO DO BACAMARTE;Ausência de reação do condutor;Colisão com objeto;Sem Vítimas;Pleno dia;Crescente;Garoa/Chuvisco;Dupla;Curva;Não;1;0;0;0;1;0;0;1;-7,2466;-35,6577;SPRF-PB;DEL02-PB;UOP01-DEL02-PB
591676;04/04/2024;quinta-feira;06:20:00;RJ;101;70,8;CAMPOS DOS GOYTACAZES;Animais na Pista;Engavetamento;Sem Vítimas;Pleno dia;Decrescente;Céu Claro;Simples;Reta;Não;3;0;0;0;3;0;0;3;-21,781011;-41,373363;SPRF-RJ;DEL08-RJ;UOP02-DEL08-RJ
591677;03/04/2024;quarta-feira;08:45:00;MG;116;499;INHAPIM;Condutor deixou de manter distância do veículo da frente;Colisão traseira;Com Vítimas Feridas;Pleno dia;Decrescente;Céu Claro;Simples;"Aclive;Reta";Sim;5;0;1;0;4;0;1;2;-19,55247801;-42,12429712;SPRF-MG;DEL06-MG;UOP02-DEL06-MG
591678;04/04/2024;quinta-feira;05:40:00;PB;230;440;APARECIDA;Pedestre - Ingestão de álcool/ substâncias psicoativas;Atropelamento de Pedestre;Com Vítimas Feridas;Pleno dia;Crescente;Céu Claro;Simples;Curva;Não;2;0;0;1;0;1;1;2;-6,77326;-38,034466;SPRF-PB;DEL03-PB;UOP02-DEL03-PB
591682;04/04/2024;quinta-feira;06:45:00;SP;153;60;SAO JOSE DO RIO PRETO;Condutor deixou de manter distância do veículo da frente;Colisão traseira;Com Vítimas Feridas;Pleno dia;Crescente;Céu Claro;Dupla;Reta;Sim;2;0;1;0;1;0;1;2;-20,79627979;-49,35480206;SPRF-SP;DEL09-SP;UOP01-DEL09-SP
591683;03/04/2024;quarta-feira;14:20:00;RJ;0;0;SEROPEDICA;Objeto estático sobre o leito carroçável;Colisão frontal;Sem Vítimas;Pleno dia;Não Informado;Céu Claro;Simples;Reta;Não;2;0;0;0;1;1;0;2;-22,80044503;-43,6058253;SPRF-RJ;N/A;N/A
591684;04/04/2024;quinta-feira;07:00:00;PR;116;209;RIO NEGRO;Acessar a via sem observar a presença dos outros veículos;Colisão transversal;Com Vítimas Feridas;Pleno dia;Decrescente;Nublado;Simples;"Interseção de Vias;Reta";Sim;2;0;1;0;1;0;1;2;-26,07620916;-49,75230908;SPRF-SC;DEL06-SC;UOP01-DEL06-SC
591685;04/04/2024;quinta-feira;07:25:00;AL;101;174,5;TEOTONIO VILELA;Pedestre cruzava a pista fora da faixa;Atropelamento de Pedestre;Com Vítimas Fatais;Pleno dia;Crescente;Céu Claro;Simples;Reta;Sim;3;1;0;0;0;2;0;2;-9,90270371;-36,35878384;SPRF-AL;DEL02-AL;UOP02-DEL02-AL
591687;03/04/2024;quarta-feira;09:00:00;GO;153;597;MORRINHOS;Demais falhas mecânicas ou elétricas;Incêndio;Sem Vítimas;Pleno dia;Decrescente;Céu Claro;Dupla;Reta;Não;1;0;0;0;1;0;0;1;-17,5271;-49,2152;SPRF-GO;DEL03-GO;UOP01-DEL03-GO
591688;04/04/2024;quinta-feira;07:30:00;SC;101;27;JOINVILLE;Desrespeitar a preferência no cruzamento;Colisão transversal;Com Vítimas Feridas;Pleno dia;Decrescente;Nublado;Dupla;"Rotatória;Viaduto";Sim;2;0;1;0;1;0;1;2;-26,20130351;-48,91331794;SPRF-SC;DEL03-SC;UOP01-DEL03-SC
591689;04/04/2024;quinta-feira;07:20:00;SC;101;158;PORTO BELO;Reação tardia ou ineficiente do condutor;Tombamento;Com Vítimas Feridas;Pleno dia;Crescente;Nublado;Dupla;Retorno Regulamentado;Sim;1;0;1;0;0;0;1;1;-27,19096301;-48,61259017;SPRF-SC;DEL04-SC;UOP03-DEL04-SC
591691;04/04/2024;quinta-feira;07:30:00;SP;153;53;SAO JOSE DO RIO PRETO;Acesso irregular;Saída de leito carroçável;Com Vítimas Feridas;Pleno dia;Crescente;Céu Claro;Simples;"Aclive;Curva";Não;1;0;1;0;0;0;1;1;-20,73603199;-49,33803779;SPRF-SP;DEL09-SP;UOP01-DEL09-SP
591693;04/04/2024;quinta-feira;08:05:00;RS;290;94;PORTO ALEGRE;Acessar a via sem observar a presença dos outros veículos;Colisão lateral mesmo sentido;Com Vítimas Feridas;Pleno dia;Crescente;Céu Claro;Múltipla;Reta;Não;5;0;1;0;3;1;1;3;-29,973856;-51,197853;SPRF-RS;DEL01-RS;UOP01-DEL01-RS
591694;04/04/2024;quinta-feira;07:20:00;BA;242;398;SEABRA;Pista Escorregadia;Tombamento;Com Vítimas Feridas;Amanhecer;Crescente;Garoa/Chuvisco;Simples;Reta;Não;2;0;1;0;1;0;1;1;-12,47346202;-41,67333299;SPRF-BA;DEL06-BA;UOP01-DEL06-BA
591695;04/04/2024;quinta-feira;07:35:00;MG;262;38;MANHUACU;Transitar na contramão;Colisão transversal;Com Vítimas Feridas;Pleno dia;Decrescente;Céu Claro;Simples;Reta;Sim;2;0;0;1;1;0;1;2;-20,26305859;-42,03684948;SPRF-MG;DEL06-MG;UOP03-DEL06-MG
591696;19/03/2024;terça-feira;16:28:00;PR;376;594;CURITIBA;Acumulo de óleo sobre o pavimento;Saída de leito carroçável;Com Vítimas Feridas;Pleno dia;Crescente;Céu Claro;Dupla;Reta;Sim;1;0;1;0;0;0;1;1;-25,47923205;-49,35002804;SPRF-PR;DEL01-PR;UOP06-DEL01-PR
591697;04/04/2024;quinta-feira;08:00:00;PR;277;13,4;PARANAGUA;Demais falhas mecânicas ou elétricas;Incêndio;Sem Vítimas;Pleno dia;Decrescente;Sol;Dupla;Reta;Não;1;0;0;0;1;0;0;1;-25,560411;-48,648102;SPRF-PR;DEL01-PR;UOP05-DEL01-PR
591699;04/04/2024;quinta-feira;07:32:00;SC;153;97,2;CONCORDIA;Acessar a via sem observar a presença dos outros veículos;Colisão transversal;Com Vítimas Feridas;Pleno dia;Crescente;Céu Claro;Simples;Interseção de Vias;Sim;2;0;1;0;1;0;1;2;-27,220152;-51,948879;SPRF-SC;DEL07-SC;UOP04-DEL07-SC
591700;04/04/2024;quinta-feira;09:15:00;MG;381;723,3;CARMO DA CACHOEIRA;Ausência de reação do condutor;Colisão com objeto;Com Vítimas Feridas;Pleno dia;Decrescente;Nublado;Dupla;Reta;Sim;1;0;1;0;0;0;1;1;-21,484833;-45,2055;SPRF-MG;DEL04-MG;UOP02-DEL04-MG
591701;04/04/2024;quinta-feira;08:00:00;GO;452;148,8;BOM JESUS DE GOIAS;Pista esburacada;Colisão traseira;Com Vítimas Feridas;Pleno dia;Crescente;Céu Claro;Simples;Reta;Não;1;0;1;0;0;0;1;1;-18,29079607;-49,60105405;SPRF-GO;DEL03-GO;UOP02-DEL03-GO
591703;04/04/2024;quinta-feira;08:55:00;GO;60;71;ABADIANIA;Reação tardia ou ineficiente do condutor;Colisão com objeto;Com Vítimas Feridas;Pleno dia;Crescente;Céu Claro;Dupla;Declive;Não;2;0;2;0;0;0;2;1;-16,2551;-48,7628;SPRF-GO;DEL02-GO;UOP01-DEL02-GO
591709;04/04/2024;quinta-feira;09:00:00;GO;60;301;ACREUNA;Acostamento em desnível;Saída de leito carroçável;Com Vítimas Feridas;Pleno dia;Crescente;Céu Claro;Dupla;Curva;Não;1;0;1;0;0;0;1;1;-17,3713;-50,3425;SPRF-GO;DEL04-GO;UOP02-DEL04-GO
591711;04/04/2024;quinta-feira;10:45:00;RS;116;292;ELDORADO DO SUL;Ausência de reação do condutor;Tombamento;Com Vítimas Feridas;Pleno dia;Crescente;Nublado;Simples;Curva;Não;1;0;0;1;0;0;1;1;-30,04404924;-51,33242726;SPRF-RS;DEL02-RS;UOP01-DEL02-RS
591713;04/04/2024;quinta-feira;08:20:00;BA;101;877,7;TEIXEIRA DE FREITAS;Acessar a via sem observar a presença dos outros veículos;Colisão lateral mesmo sentido;Com Vítimas Feridas;Pleno dia;Crescente;Céu Claro;Simples;Reta;Sim;2;0;1;0;1;0;1;2;-17,54170987;-39,71644705;SPRF-BA;DEL09-BA;UOP02-DEL09-BA
591715;04/04/2024;quinta-feira;11:15:00;PE;101;48,7;ABREU E LIMA;Acessar a via sem observar a presença dos outros veículos;Colisão lateral mesmo sentido;Com Vítimas Feridas;Pleno dia;Crescente;Chuva;Dupla;Reta;Sim;2;0;1;1;0;0;2;2;-7,89174705;-34,9033493;SPRF-PE;DEL01-PE;UOP02-DEL01-PE
591718;04/04/2024;quinta-feira;10:20:00;RS;470;217;BENTO GONCALVES;Ausência de reação do condutor;Tombamento;Com Vítimas Feridas;Pleno dia;Decrescente;Céu Claro;Dupla;"Rotatória;Declive";Sim;1;0;1;0;0;0;1;1;-29,16462512;-51,52551964;SPRF-RS;DEL06-RS;UOP01-DEL06-RS
591720;04/04/2024;quinta-feira;09:00:00;SC;470;55;BLUMENAU;Reação tardia ou ineficiente do condutor;Colisão lateral mesmo sentido;Com Vítimas Feridas;Pleno dia;Decrescente;Nublado;Simples;Reta;Sim;2;0;1;0;1;0;1;2;-26,87597114;-49,11880016;SPRF-SC;DEL04-SC;UOP01-DEL04-SC
591723;04/04/2024;quinta-feira;10:20:00;SP;116;389;MIRACATU;Ausência de reação do condutor;Queda de ocupante de veículo;Com Vítimas Feridas;Pleno dia;Decrescente;Céu Claro;Dupla;Reta;Não;2;0;2;0;0;0;2;1;-24,27280624;-47,4062269;SPRF-SP;DEL04-SP;UOP02-DEL04-SP
591725;04/04/2024;quinta-feira;11:45:00;SC;280;55,5;GUARAMIRIM;Trafegar com motocicleta (ou similar) entre as faixas;Colisão lateral mesmo sentido;Com Vítimas Feridas;Pleno dia;Crescente;Céu Claro;Dupla;"Rotatória;Interseção de Vias";Sim;2;0;1;0;1;0;1;2;-26,47584353;-48,9937858;SPRF-SC;DEL03-SC;UOP03-DEL03-SC
591726;29/02/2024;quinta-feira;18:00:00;RN;101;81;NATAL;Condutor deixou de manter distância do veículo da frente;Colisão lateral mesmo sentido;Com Vítimas Feridas;Plena Noite;Decrescente;Céu Claro;Dupla;Reta;Sim;3;0;1;1;1;0;2;2;-5,76469466;-35,28295988;SPRF-RN;DEL02-RN;UOP01-DEL02-RN
591729;04/04/2024;quinta-feira;12:10:00;RS;116;255;ESTEIO;Manobra de mudança de faixa;Queda de ocupante de veículo;Com Vítimas Feridas;Pleno dia;Crescente;Céu Claro;Múltipla;Reta;Sim;2;0;1;0;0;1;1;2;-29,83522986;-51,17484349;SPRF-RS;DEL01-RS;UOP02-DEL01-RS
591730;04/04/2024;quinta-feira;09:30:00;RJ;356;62;ITAPERUNA;Ultrapassagem Indevida;Saída de leito carroçável;Com Vítimas Feridas;Pleno dia;Crescente;Céu Claro;Simples;"Reta;Aclive";Não;4;0;1;0;3;0;1;2;-21,32476394;-41,70949227;SPRF-RJ;DEL08-RJ;UOP03-DEL08-RJ
591733;04/04/2024;quinta-feira;09:00:00;RN;406;1,1;MACAU;Velocidade Incompatível;Colisão com objeto;Com Vítimas Feridas;Pleno dia;Crescente;Sol;Simples;Curva;Não;1;0;1;0;0;0;1;1;-5,1242197;-36,62337763;SPRF-RN;DEL02-RN;UOP01-DEL02-RN
591734;03/04/2024;quarta-feira;19:15:00;SC;282;610;MARAVILHA;Acessar a via sem observar a presença dos outros veículos;Colisão transversal;Com Vítimas Feridas;Plena Noite;Crescente;Céu Claro;Simples;Curva;Não;2;0;0;1;1;0;1;2;-26,756321;-53,230247;SPRF-SC;DEL07-SC;UOP02-DEL07-SC
591735;03/04/2024;quarta-feira;21:30:00;RO;364;424;JARU;Acessar a via sem observar a presença dos outros veículos;Colisão frontal;Com Vítimas Feridas;Plena Noite;Decrescente;Céu Claro;Simples;Interseção de Vias;Sim;2;0;1;0;1;0;1;2;-10,45220802;-62,46072003;SPRF-RO;DEL03-RO;UOP02-DEL03-RO
591736;04/04/2024;quinta-feira;10:35:00;PA;316;20,6;BENEVIDES;Ausência de reação do condutor;Tombamento;Com Vítimas Feridas;Pleno dia;Crescente;Céu Claro;Dupla;Reta;Sim;2;0;2;0;0;0;2;1;-1,3642339;-48,266582;SPRF-PA;DEL01-PA;UOP01-DEL01-PA
591737;20/02/2024;terça-feira;18:30:00;MG;50;174;UBERABA;Ausência de reação do condutor;Tombamento;Com Vítimas Feridas;Plena Noite;Crescente;Céu Claro;Dupla;"Reta;Viaduto";Sim;1;0;1;0;0;0;1;1;-19,770817;-47,973434;SPRF-MG;DEL13-MG;UOP01-DEL13-MG
591738;18/03/2024;segunda-feira;01:15:00;PI;316;309;PICOS;Transitar na contramão;Colisão frontal;Com Vítimas Fatais;Plena Noite;Decrescente;Chuva;Simples;Reta;Sim;2;1;1;0;0;0;1;2;-7,07778744;-41,48370094;SPRF-PI;DEL04-PI;UOP01-DEL04-PI
591742;04/04/2024;quinta-feira;11:00:00;RS;116;137,2;CAXIAS DO SUL;Avarias e/ou desgaste excessivo no pneu;Saída de leito carroçável;Sem Vítimas;Pleno dia;Decrescente;Céu Claro;Simples;"Declive;Curva";Não;1;0;0;0;1;0;0;1;-29,08114701;-51,11228512;SPRF-RS;DEL05-RS;UOP01-DEL05-RS
591745;04/04/2024;quinta-feira;12:40:00;PB;361;0,6;PATOS;Acessar a via sem observar a presença dos outros veículos;Colisão transversal;Com Vítimas Feridas;Pleno dia;Crescente;Céu Claro;Simples;Reta;Sim;2;0;0;1;1;0;1;2;-7,02630643;-37,27694228;SPRF-PB;DEL03-PB;UOP01-DEL03-PB
591746;04/04/2024;quinta-feira;10:50:00;RS;116;121;SAO MARCOS;Acessar a via sem observar a presença dos outros veículos;Colisão transversal;Com Vítimas Feridas;Pleno dia;Decrescente;Céu Claro;Simples;"Ponte;Curva";Não;2;0;1;0;1;0;1;2;-29,00573128;-51,06932906;SPRF-RS;DEL05-RS;UOP01-DEL05-RS
591747;04/04/2024;quinta-feira;14:25:00;PR;116;90,2;SAO JOSE DOS PINHAIS;Manobra de mudança de faixa;Colisão lateral mesmo sentido;Com Vítimas Feridas;Pleno dia;Crescente;Sol;Dupla;Reta;Não;5;0;2;2;1;0;4;3;-25,493127;-49,114543;SPRF-PR;DEL01-PR;UOP07-DEL01-PR
591749;27/03/2024;quarta-feira;05:00:00;RJ;101;318;NITEROI;Condutor Dormindo;Incêndio;Sem Vítimas;Amanhecer;Crescente;Céu Claro;Dupla;Reta;Sim;1;0;0;0;1;0;0;1;-22,84562994;-43,09841211;SPRF-RJ;DEL02-RJ;UOP02-DEL02-RJ
591750;04/04/2024;quinta-feira;13:54:00;RO;364;237,1;CACOAL;Acessar a via sem observar a presença dos outros veículos;Colisão traseira;Com Vítimas Feridas;Pleno dia;Crescente;Céu Claro;Simples;"Interseção de Vias;Reta";Sim;2;0;0;1;1;0;1;2;-11,44151904;-61,44958019;SPRF-RO;DEL02-RO;UOP02-DEL02-RO
591751;03/01/2024;quarta-feira;16:50:00;DF;60;7;BRASILIA;Suicídio (presumido);Atropelamento de Pedestre;Com Vítimas Feridas;Pleno dia;Crescente;Céu Claro;Dupla;Reta;Sim;4;0;0;1;3;0;1;2;-15,901237;-48,122334;SPRF-DF;DEL03-DF;UOP01-DEL03-DF
591753;04/04/2024;quinta-feira;11:05:00;BA;242;2;BARREIRAS;Reação tardia ou ineficiente do condutor;Colisão lateral sentido oposto;Com Vítimas Feridas;Pleno dia;Decrescente;Sol;Simples;Curva;Sim;2;0;0;1;1;0;1;2;-12,10445227;-44,96635437;SPRF-BA;DEL10-BA;UOP01-DEL10-BA
591755;04/04/2024;quinta-feira;07:10:00;MG;356;265,5;MURIAE;Demais falhas mecânicas ou elétricas;Queda de ocupante de veículo;Com Vítimas Feridas;Pleno dia;Decrescente;Céu Claro;Simples;Reta;Sim;1;0;1;0;0;0;1;1;-21,12838898;-42,366803;SPRF-MG;DEL07-MG;UOP02-DEL07-MG
591756;04/04/2024;quinta-feira;15:00:00;SP;116;231;SAO PAULO;Trafegar com motocicleta (ou similar) entre as faixas;Colisão lateral mesmo sentido;Com Vítimas Feridas;Pleno dia;Crescente;Céu Claro;Múltipla;Reta;Sim;2;0;0;1;1;0;1;2;-23,5290581;-46,59398303;SPRF-SP;DEL01-SP;UOP01-DEL01-SP
591758;04/04/2024;quinta-feira;14:35:00;BA;116;11,7;VITORIA DA CONQUISTA;Acessar a via sem observar a presença dos outros veículos;Colisão transversal;Com Vítimas Feridas;Pleno dia;Crescente;Nublado;Simples;"Interseção de Vias;Rotatória";Sim;3;0;1;0;2;0;1;2;-14,87326;-40,871456;SPRF-BA;DEL08-BA;UOP01-DEL08-BA
591760;04/04/2024;quinta-feira;14:05:00;MG;116;578;MANHUACU;Ausência de reação do condutor;Saída de leito carroçável;Com Vítimas Feridas;Pleno dia;Crescente;Céu Claro;Simples;Curva;Não;2;0;1;0;1;0;1;1;-20,16991998;-42,18875093;SPRF-MG;DEL06-MG;UOP03-DEL06-MG
591761;21/03/2024;quinta-feira;23:05:00;SP;116;422;REGISTRO;Objeto estático sobre o leito carroçável;Capotamento;Com Vítimas Feridas;Plena Noite;Decrescente;Garoa/Chuvisco;Dupla;Curva;Não;2;0;1;1;0;0;2;1;-24,36454003;-47,69203096;SPRF-SP;DEL05-SP;UOP01-DEL05-SP
591762;04/04/2024;quinta-feira;15:30:00;SC;470;54,4;BLUMENAU;Acessar a via sem observar a presença dos outros veículos;Colisão transversal;Com Vítimas Feridas;Pleno dia;Crescente;Céu Claro;Dupla;Rotatória;Sim;2;0;1;0;1;0;1;2;-26,871065;-49,110374;SPRF-SC;DEL04-SC;UOP01-DEL04-SC
591763;04/04/2024;quinta-feira;15:30:00;PB;230;27;JOAO PESSOA;Avarias e/ou desgaste excessivo no pneu;Colisão com objeto;Com Vítimas Feridas;Pleno dia;Decrescente;Céu Claro;Dupla;Curva;Sim;1;0;1;0;0;0;1;1;-7,16618772;-34,89468098;SPRF-PB;DEL01-PB;UOP01-DEL01-PB
591764;04/04/2024;quinta-feira;10:00:00;MT;163;829;SINOP;Acessar a via sem observar a presença dos outros veículos;Colisão lateral mesmo sentido;Sem Vítimas;Pleno dia;Decrescente;Céu Claro;Dupla;Retorno Regulamentado;Sim;3;0;0;0;3;0;0;2;-12,040704;-55,51732275;SPRF-MT;DEL06-MT;UOP02-DEL06-MT
591765;04/04/2024;quinta-feira;09:51:00;RN;304;296;MACAIBA;Acessar a via sem observar a presença dos outros veículos;Colisão transversal;Com Vítimas Feridas;Pleno dia;Crescente;Céu Claro;Simples;Reta;Sim;3;0;1;1;1;0;2;2;-5,86484905;-35,34931012;SPRF-RN;DEL01-RN;UOP02-DEL01-RN
591769;15/03/2024;sexta-feira;08:45:00;MS;60;80;PARAISO DAS AGUAS;Demais falhas na via;Colisão com objeto;Com Vítimas Feridas;Pleno dia;Crescente;Céu Claro;Simples;Reta;Não;2;0;1;0;1;0;1;1;-19,17377415;-53,07105884;SPRF-MS;DEL06-MS;UOP02-DEL06-MS
591770;25/01/2024;quinta-feira;18:40:00;SC;101;182;BIGUACU;Objeto estático sobre o leito carroçável;Colisão com objeto;Com Vítimas Feridas;Anoitecer;Decrescente;Ignorado;Dupla;Reta;Sim;1;0;1;0;0;0;1;1;-27,39798985;-48,6303592;SPRF-SC;DEL01-SC;UOP01-DEL01-SC
591771;04/04/2024;quinta-feira;15:40:00;PR;153;335;IRATI;Acesso irregular;Colisão transversal;Com Vítimas Feridas;Pleno dia;Decrescente;Céu Claro;Simples;Reta;Não;2;0;1;0;1;0;1;2;-25,48894141;-50,64508883;SPRF-PR;DEL08-PR;UOP02-DEL08-PR
591772;04/04/2024;quinta-feira;16:15:00;BA;324;515;FEIRA DE SANTANA;Condutor deixou de manter distância do veículo da frente;Colisão traseira;Com Vítimas Feridas;Pleno dia;Crescente;Chuva;Simples;Reta;Sim;3;0;1;0;2;0;1;2;-12,23876766;-38,94028902;SPRF-BA;DEL02-BA;UOP01-DEL02-BA