id;data_inversa;dia_semana;horario;uf;br;km;municipio;causa_acidente;tipo_acidente;classificacao_acidente;fase_dia;sentido_via;condicao_metereologica;tipo_pista;tracado_via;uso_solo;pessoas;mortos;feridos_leves;feridos_graves;ilesos;ignorados;feridos;veiculos;latitude;longitude;regional;delegacia;uop
591922;21/02/2024;quarta-feira;07:20:00;ES;262;114;CONCEICAO DO CASTELO;Ultrapassagem Indevida;Colisão transversal;Com Vítimas Feridas;Amanhecer;Crescente;Chuva;Simples;"Interseção de Vias;Aclive";Não;2;0;0;1;1;0;1;2;-20,32544863;-41,21078488;SPRF-ES;DEL01-ES;UOP02-DEL01-ES
591923;25/03/2024;segunda-feira;19:45:00;BA;235;298;JUAZEIRO;Condutor Dormindo;Saída de leito carroçável;Com Vítimas Feridas;Plena Noite;Crescente;Céu Claro;Simples;Reta;Não;1;0;1;0;0;0;1;1;-9,58025334;-39,88778204;SPRF-BA;DEL07-BA;UOP01-DEL07-BA
591924;05/04/2024;sexta-feira;12:50:00;MS;163;261;DOURADOS;Demais falhas mecânicas ou elétricas;Tombamento;Com Vítimas Feridas;Pleno dia;Crescente;Céu Claro;Dupla;Reta;Não;2;0;1;0;1;0;1;1;-22,23864271;-54,76552912;SPRF-MS;DEL04-MS;UOP01-DEL04-MS
591925;05/04/2024;sexta-feira;13:50:00;SP;153;30;NOVA GRANADA;Acessar a via sem observar a presença dos outros veículos;Colisão transversal;Com Vítimas Feridas;Pleno dia;Decrescente;Céu Claro;Simples;"Rotatória;Reta";Sim;3;0;1;0;2;0;1;2;-20,53857207;-49,33057559;SPRF-SP;DEL09-SP;UOP01-DEL09-SP
591926;05/04/2024;sexta-feira;10:20:00;MT;174;560,5;COMODORO;Reação tardia ou ineficiente do condutor;Saída de leito carroçável;Com Vítimas Feridas;Pleno dia;Decrescente;Céu Claro;Simples;Aclive;Não;1;0;1;0;0;0;1;1;-13,06457609;-59,89848526;SPRF-MT;DEL04-MT;UOP02-DEL04-MT
591927;21/01/2024;domingo;14:00:00;SC;470;165;POUSO REDONDO;Ausência de reação do condutor;Saída de leito carroçável;Com Vítimas Feridas;Pleno dia;Crescente;Céu Claro;Simples;Curva;Não;1;0;0;1;0;0;1;1;-27,27663;-49,845661;SPRF-SC;DEL04-SC;UOP02-DEL04-SC
591928;05/04/2024;sexta-feira;12:30:00;MG;40;522;CONTAGEM;Demais falhas mecânicas ou elétricas;Incêndio;Sem Vítimas;Pleno dia;Decrescente;Céu Claro;Dupla;Reta;Sim;1;0;0;0;1;0;0;1;-19,8638731;-44,06749809;SPRF-MG;DEL01-MG;UOP02-DEL01-MG
591929;05/04/2024;sexta-feira;15:00:00;SC;470;65;INDAIAL;Acessar a via sem observar a presença dos outros veículos;Colisão transversal;Com Vítimas Feridas;Pleno dia;Crescente;Céu Claro;Simples;"Em Obras;Curva";Sim;2;0;1;0;1;0;1;2;-26,870411;-49,211864;SPRF-SC;DEL04-SC;UOP01-DEL04-SC
591931;09/03/2024;sábado;23:30:00;MG;116;702,6;MURIAE;Ingestão de álcool pelo condutor;Colisão frontal;Com Vítimas Feridas;Plena Noite;Decrescente;Nublado;Simples;Curva;Sim;3;0;1;0;2;0;1;2;-21,11938311;-42,38006362;SPRF-MG;DEL07-MG;UOP02-DEL07-MG
591934;05/04/2024;sexta-feira;11:00:00;BA;324;608;SALVADOR;Chuva;Tombamento;Com Vítimas Feridas;Pleno dia;Decrescente;Nublado;Dupla;Interseção de Vias;Sim;2;0;1;0;0;1;1;1;-12,82267;-38,408441;SPRF-BA;DEL01-BA;UOP01-DEL01-BA
591935;05/04/2024;sexta-feira;11:40:00;RJ;493;6;ITABORAI;Acessar a via sem observar a presença dos outros veículos;Colisão transversal;Com Vítimas Feridas;Pleno dia;Crescente;Céu Claro;Múltipla;Reta;Sim;2;0;1;0;1;0;1;2;-22,73124198;-42,95145305;SPRF-RJ;DEL02-RJ;UOP02-DEL02-RJ
591936;24/03/2024;domingo;03:46:00;PA;316;63,8;CASTANHAL;Acessar a via sem observar a presença dos outros veículos;Colisão transversal;Com Vítimas Feridas;Plena Noite;Crescente;Chuva;Dupla;"Interseção de Vias;Reta";Sim;3;0;1;1;1;0;2;2;-1,29679363;-47,92878096;SPRF-PA;DEL01-PA;UOP01-DEL01-PA
591937;05/04/2024;sexta-feira;14:50:00;PI;343;337,7;TERESINA;Chuva;Saída de leito carroçável;Sem Vítimas;Pleno dia;Decrescente;Chuva;Dupla;Curva;Não;1;0;0;0;0;1;0;1;-5,061969;-42,714039;SPRF-PI;DEL01-PI;UOP01-DEL01-PI
591940;05/04/2024;sexta-feira;15:45:00;MG;381;487,4;BETIM;Ausência de reação do condutor;Tombamento;Com Vítimas Feridas;Pleno dia;Decrescente;Céu Claro;Múltipla;"Curva;Aclive";Sim;1;0;0;1;0;0;1;1;-19,9577903;-44,1205916;SPRF-MG;DEL01-MG;UOP03-DEL01-MG
591941;05/04/2024;sexta-feira;15:45:00;ES;101;90,5;SAO MATEUS;Acessar a via sem observar a presença dos outros veículos;Colisão transversal;Com Vítimas Feridas;Pleno dia;Crescente;Céu Claro;Simples;Interseção de Vias;Sim;5;0;1;0;4;0;1;2;-18,89806708;-39,95602283;SPRF-ES;DEL04-ES;UOP02-DEL04-ES
591942;05/04/2024;sexta-feira;15:20:00;RS;386;46,3;SEBERI;Reação tardia ou ineficiente do condutor;Colisão traseira;Com Vítimas Feridas;Pleno dia;Crescente;Nublado;Simples;Reta;Não;5;0;3;0;2;0;3;3;-27,457483;-53,409458;SPRF-RS;DEL08-RS;UOP02-DEL08-RS
591943;01/02/2024;quinta-feira;12:00:00;RR;432;163,6;CANTA;Velocidade Incompatível;Saída de leito carroçável;Com Vítimas Feridas;Pleno dia;Decrescente;Céu Claro;Simples;Curva;Não;2;0;0;1;0;1;1;2;2,4220264;-60,667328;SPRF-RR;DEL01-RR;UOP01-DEL01-RR
591944;05/04/2024;sexta-feira;16:00:00;SC;470;59;BLUMENAU;Reação tardia ou ineficiente do condutor;Tombamento;Com Vítimas Feridas;Pleno dia;Crescente;Céu Claro;Simples;"Reta;Declive";Sim;1;0;1;0;0;0;1;1;-26,882812;-49,1548;SPRF-SC;DEL04-SC;UOP01-DEL04-SC
591945;05/04/2024;sexta-feira;15:11:00;MS;60;330;CAMPO GRANDE;Demais falhas mecânicas ou elétricas;Capotamento;Com Vítimas Feridas;Pleno dia;Decrescente;Céu Claro;Simples;"Reta;Declive";Não;3;0;1;0;2;0;1;1;-20,35683649;-54,52352436;SPRF-MS;DEL01-MS;UOP02-DEL01-MS
591949;05/04/2024;sexta-feira;15:30:00;RJ;101;206;CASIMIRO DE ABREU;Ausência de reação do condutor;Colisão transversal;Sem Vítimas;Pleno dia;Crescente;Céu Claro;Simples;Reta;Não;2;0;0;0;2;0;0;2;-22,47673341;-42,2017251;SPRF-RJ;DEL08-RJ;UOP04-DEL08-RJ
591950;05/04/2024;sexta-feira;16:30:00;PR;116;122,8;CURITIBA;Manobra de mudança de faixa;Colisão lateral mesmo sentido;Com Vítimas Feridas;Pleno dia;Crescente;Sol;Dupla;"Declive;Retorno Regulamentado;Reta";Sim;2;0;1;0;1;0;1;2;-25,609655;-49,319539;SPRF-PR;DEL01-PR;UOP03-DEL01-PR
591951;05/04/2024;sexta-feira;16:40:00;RJ;116;83;TERESOPOLIS;Ausência de reação do condutor;Colisão traseira;Com Vítimas Feridas;Pleno dia;Decrescente;Céu Claro;Simples;"Aclive;Reta";Não;2;0;1;0;1;0;1;2;-22,412682;-42,949731;SPRF-RJ;DEL04-RJ;UOP01-DEL04-RJ
591952;05/04/2024;sexta-feira;16:40:00;PR;116;38;CAMPINA GRANDE DO SUL;Ausência de reação do condutor;Saída de leito carroçável;Com Vítimas Feridas;Pleno dia;Crescente;Garoa/Chuvisco;Dupla;Curva;Não;1;0;1;0;0;0;1;1;-25,14802509;-48,85922071;SPRF-PR;DEL01-PR;UOP02-DEL01-PR
591953;05/04/2024;sexta-feira;16:30:00;PR;376;178,5;MARINGA;Ausência de reação do condutor;Colisão traseira;Com Vítimas Feridas;Pleno dia;Decrescente;Nublado;Dupla;Reta;Sim;2;0;0;1;1;0;1;2;-23,4192146;-51,91293985;SPRF-PR;DEL09-PR;UOP01-DEL09-PR
591954;05/04/2024;sexta-feira;15:00:00;GO;153;499;GOIANIA;Reação tardia ou ineficiente do condutor;Engavetamento;Com Vítimas Feridas;Pleno dia;Crescente;Nublado;Dupla;"Reta;Aclive";Sim;3;0;1;0;2;0;1;3;-16,7033;-49,2311;SPRF-GO;DEL01-GO;UOP01-DEL01-GO
591955;05/04/2024;sexta-feira;15:15:00;RS;386;270,1;FONTOURA XAVIER;Acessar a via sem observar a presença dos outros veículos;Colisão transversal;Com Vítimas Feridas;Pleno dia;Decrescente;Garoa/Chuvisco;Simples;Reta;Não;5;0;5;0;0;0;5;2;-28,97367118;-52,36883283;SPRF-RS;DEL04-RS;UOP03-DEL04-RS
591956;05/04/2024;sexta-feira;15:50:00;PR;116;115;CURITIBA;Condutor deixou de manter distância do veículo da frente;Colisão traseira;Com Vítimas Feridas;Pleno dia;Decrescente;Nublado;Dupla;Reta;Sim;2;0;1;0;1;0;1;2;-25,551259;-49,30469;SPRF-PR;DEL01-PR;UOP07-DEL01-PR
591957;05/04/2024;sexta-feira;15:45:00;RR;174;494,1;BOA VISTA;Conversão proibida;Colisão transversal;Com Vítimas Feridas;Pleno dia;Crescente;Céu Claro;Dupla;Reta;Sim;3;0;2;0;1;0;2;2;2,74890206;-60,74502122;SPRF-RR;DEL01-RR;UOP01-DEL01-RR
591959;05/04/2024;sexta-feira;16:15:00;PB;230;405,1;POMBAL;Retorno proibido;Colisão transversal;Sem Vítimas;Pleno dia;Decrescente;Nublado;Simples;"Aclive;Curva";Sim;2;0;0;0;2;0;0;2;-6,7888;-37,7923;SPRF-PB;DEL03-PB;UOP02-DEL03-PB
591960;05/04/2024;sexta-feira;17:30:00;SC;101;140;BALNEARIO CAMBORIU;Manobra de mudança de faixa;Colisão traseira;Com Vítimas Feridas;Anoitecer;Crescente;Chuva;Múltipla;Reta;Sim;2;0;1;0;1;0;1;2;-27,03881189;-48,60025148;SPRF-SC;DEL04-SC;UOP03-DEL04-SC
591961;05/04/2024;sexta-feira;17:00:00;PR;116;10;COLOMBO;Reação tardia ou ineficiente do condutor;Queda de ocupante de veículo;Com Vítimas Feridas;Pleno dia;Crescente;Chuva;Simples;"Aclive;Reta";Sim;1;0;1;0;0;0;1;1;-25,37165;-49,132528;SPRF-PR;DEL01-PR;UOP02-DEL01-PR
591964;05/04/2024;sexta-feira;17:30:00;ES;101;269,6;SERRA;Conversão proibida;Colisão lateral mesmo sentido;Com Vítimas Feridas;Plena Noite;Decrescente;Céu Claro;Múltipla;"Reta;Interseção de Vias";Sim;2;0;1;0;1;0;1;2;-20,2233294;-40,2701047;SPRF-ES;DEL02-ES;UOP01-DEL02-ES
591965;05/04/2024;sexta-feira;17:55:00;PE;232;509;SALGUEIRO;Reação tardia ou ineficiente do condutor;Colisão traseira;Sem Vítimas;Plena Noite;Crescente;Nublado;Simples;"Aclive;Reta";Sim;2;0;0;0;2;0;0;2;-8,06449154;-39,1298447;SPRF-PE;DEL05-PE;UOP01-DEL05-PE
591966;05/04/2024;sexta-feira;17:00:00;PR;116;65;CAMPINA GRANDE DO SUL;Ausência de reação do condutor;Colisão frontal;Sem Vítimas;Anoitecer;Crescente;Garoa/Chuvisco;Dupla;Curva;Não;2;0;0;0;2;0;0;1;-25,31031746;-49,00207969;SPRF-PR;DEL01-PR;UOP02-DEL01-PR
591967;05/04/2024;sexta-feira;17:50:00;PR;376;249,5;APUCARANA;Reação tardia ou ineficiente do condutor;Colisão com objeto;Com Vítimas Feridas;Anoitecer;Decrescente;Céu Claro;Dupla;"Curva;Aclive";Não;1;0;1;0;0;0;1;1;-23,62524965;-51,37962593;SPRF-PR;DEL07-PR;UOP03-DEL07-PR
591968;05/04/2024;sexta-feira;18:30:00;SP;116;209;GUARULHOS;Objeto estático sobre o leito carroçável;Eventos atípicos;Com Vítimas Feridas;Plena Noite;Decrescente;Céu Claro;Múltipla;Reta;Sim;1;0;0;1;0;0;1;1;-23,42511799;-46,40221101;SPRF-SP;DEL01-SP;UOP01-DEL01-SP
591970;05/04/2024;sexta-feira;18:20:00;RN;304;29,7;MOSSORO;Acessar a via sem observar a presença dos outros veículos;Colisão transversal;Com Vítimas Feridas;Pleno dia;Decrescente;Céu Claro;Simples;Reta;Sim;2;0;1;0;1;0;1;2;-5,10820698;-37,33904209;SPRF-RN;DEL04-RN;UOP02-DEL04-RN
591971;05/04/2024;sexta-feira;16:27:00;PA;230;118,8;MARABA;Ingestão de álcool pelo condutor;Colisão com objeto;Com Vítimas Feridas;Pleno dia;Crescente;Céu Claro;Dupla;Interseção de Vias;Sim;1;0;0;1;0;0;1;1;-5,35193706;-49,09794103;SPRF-PA;DEL03-PA;UOP01-DEL03-PA
591973;05/04/2024;sexta-feira;17:35:00;PR;163;287;MARECHAL CANDIDO RONDON;Ingestão de álcool pelo condutor;Queda de ocupante de veículo;Com Vítimas Feridas;Pleno dia;Crescente;Chuva;Múltipla;Reta;Sim;1;0;1;0;0;0;1;1;-24,52852084;-54,0525198;SPRF-PR;DEL06-PR;UOP02-DEL06-PR
591975;05/04/2024;sexta-feira;18:20:00;SC;101;369;ICARA;Demais falhas mecânicas ou elétricas;Tombamento;Com Vítimas Feridas;Plena Noite;Crescente;Garoa/Chuvisco;Múltipla;Reta;Não;1;0;1;0;0;0;1;1;-28,69775604;-49,182934;SPRF-SC;DEL02-SC;UOP01-DEL02-SC
591976;05/04/2024;sexta-feira;19:05:00;MG;381;486,9;BETIM;Ausência de reação do condutor;Colisão traseira;Sem Vítimas;Plena Noite;Decrescente;Céu Claro;Múltipla;"Reta;Aclive";Sim;2;0;0;0;1;1;0;2;-19,95592;-44,11161;SPRF-MG;DEL01-MG;UOP03-DEL01-MG
591977;05/04/2024;sexta-feira;16:20:00;MT;70;269;PRIMAVERA DO LESTE;Acumulo de água sobre o pavimento;Saída de leito carroçável;Com Vítimas Feridas;Pleno dia;Crescente;Chuva;Simples;Reta;Não;2;0;2;0;0;0;2;1;-15,5313333;-54,20482018;SPRF-MT;DEL05-MT;UOP01-DEL05-MT
591978;05/04/2024;sexta-feira;19:00:00;SP;116;215,6;GUARULHOS;Manobra de mudança de faixa;Colisão lateral mesmo sentido;Com Vítimas Feridas;Plena Noite;Decrescente;Nublado;Múltipla;"Reta;Declive";Sim;2;0;1;0;1;0;1;2;-23,44695693;-46,45394103;SPRF-SP;DEL01-SP;UOP01-DEL01-SP
591979;17/03/2024;domingo;03:50:00;SC;470;52,6;BLUMENAU;Ingestão de álcool pelo condutor;Saída de leito carroçável;Com Vítimas Feridas;Plena Noite;Decrescente;Céu Claro;Simples;"Interseção de Vias;Em Obras";Sim;1;0;1;0;0;0;1;1;-26,86634048;-49,10046643;SPRF-SC;DEL04-SC;UOP01-DEL04-SC
591980;05/04/2024;sexta-feira;16:40:00;PR;376;162,1;MARINGA;Reação tardia ou ineficiente do condutor;Saída de leito carroçável;Com Vítimas Feridas;Pleno dia;Crescente;Céu Claro;Dupla;Reta;Não;1;0;1;0;0;0;1;1;-23,37710685;-52,04510993;SPRF-PR;DEL09-PR;UOP01-DEL09-PR
591982;05/04/2024;sexta-feira;18:30:00;DF;60;7,5;BRASILIA;Acessar a via sem observar a presença dos outros veículos;Colisão traseira;Com Vítimas Feridas;Plena Noite;Crescente;Nublado;Dupla;"Reta;Retorno Regulamentado;Declive";Sim;2;0;0;1;1;0;1;2;-15,902016;-48,126738;SPRF-DF;DEL03-DF;UOP01-DEL03-DF
591985;05/04/2024;sexta-feira;19:15:00;MG;381;492;BETIM;Ausência de reação do condutor;Tombamento;Com Vítimas Feridas;Plena Noite;Crescente;Céu Claro;Múltipla;Reta;Sim;2;0;1;1;0;0;2;1;-19,95985647;-44,15503979;SPRF-MG;DEL01-MG;UOP03-DEL01-MG
591986;05/04/2024;sexta-feira;17:40:00;MG;262;76;MATIPO;Ultrapassagem Indevida;Colisão lateral sentido oposto;Com Vítimas Feridas;Anoitecer;Crescente;Céu Claro;Simples;"Aclive;Reta";Não;2;0;1;1;0;0;2;2;-20,32847234;-42,34701169;SPRF-MG;DEL03-MG;UOP03-DEL03-MG
591988;05/04/2024;sexta-feira;19:10:00;RJ;101;317;SAO GONCALO;Acessar a via sem observar a presença dos outros veículos;Colisão transversal;Com Vítimas Feridas;Plena Noite;Decrescente;Céu Claro;Dupla;Reta;Sim;3;0;2;0;1;0;2;2;-22,83707798;-43,09492006;SPRF-RJ;DEL02-RJ;UOP02-DEL02-RJ
591990;05/04/2024;sexta-feira;17:00:00;MT;158;653;NOVA XAVANTINA;Reação tardia ou ineficiente do condutor;Engavetamento;Com Vítimas Feridas;Anoitecer;Crescente;Nublado;Simples;Ponte;Sim;9;0;2;0;6;1;2;6;-14,67194721;-52,35980988;SPRF-MT;DEL07-MT;UOP01-DEL07-MT
591991;05/04/2024;sexta-feira;19:45:00;TO;153;149;ARAGUAINA;Chuva;Queda de ocupante de veículo;Com Vítimas Feridas;Plena Noite;Crescente;Chuva;Simples;Reta;Não;2;0;1;0;1;0;1;1;-7,25345348;-48,25761795;SPRF-TO;DEL02-TO;UOP01-DEL02-TO
591992;05/04/2024;sexta-feira;19:30:00;DF;60;6,4;BRASILIA;Acessar a via sem observar a presença dos outros veículos;Atropelamento de Pedestre;Com Vítimas Feridas;Plena Noite;Crescente;Céu Claro;Dupla;"Reta;Declive";Sim;2;0;1;0;1;0;1;2;-15,897939;-48,113056;SPRF-DF;DEL03-DF;UOP01-DEL03-DF
591994;05/04/2024;sexta-feira;20:00:00;MG;364;17;FRUTAL;Demais falhas mecânicas ou elétricas;Incêndio;Sem Vítimas;Plena Noite;Decrescente;Céu Claro;Simples;Reta;Não;1;0;0;0;1;0;0;1;-20,025185;-48,94096;SPRF-MG;DEL13-MG;UOP02-DEL13-MG
591995;05/04/2024;sexta-feira;20:10:00;MG;459;87,4;CONGONHAL;Ausência de reação do condutor;Colisão traseira;Com Vítimas Feridas;Plena Noite;Decrescente;Céu Claro;Simples;Reta;Sim;2;0;1;0;1;0;1;2;-22,15069956;-46,04441112;SPRF-MG;DEL09-MG;UOP01-DEL09-MG
591998;05/04/2024;sexta-feira;18:00:00;RS;285;122;VACARIA;Retorno proibido;Colisão transversal;Com Vítimas Feridas;Anoitecer;Crescente;Nublado;Simples;Reta;Sim;2;0;1;0;1;0;1;2;-28,505535;-50,944073;SPRF-RS;DEL05-RS;UOP03-DEL05-RS
591999;05/04/2024;sexta-feira;20:10:00;RS;470;217;BENTO GONCALVES;Desrespeitar a preferência no cruzamento;Colisão transversal;Sem Vítimas;Plena Noite;Crescente;Céu Claro;Simples;Rotatória;Sim;3;0;0;0;2;1;0;2;-29,17642343;-51,52150691;SPRF-RS;DEL06-RS;UOP01-DEL06-RS
592002;05/04/2024;sexta-feira;18:30:00;CE;116;189,1;LIMOEIRO DO NORTE;Condutor Dormindo;Saída de leito carroçável;Com Vítimas Feridas;Plena Noite;Decrescente;Garoa/Chuvisco;Simples;Reta;Não;1;0;1;0;0;0;1;1;-5,11140507;-38,13712494;SPRF-CE;DEL03-CE;UOP01-DEL03-CE
592004;05/04/2024;sexta-feira;20:20:00;SC;101;195;BIGUACU;Reação tardia ou ineficiente do condutor;Colisão lateral mesmo sentido;Sem Vítimas;Plena Noite;Crescente;Chuva;Dupla;Reta;Sim;3;0;0;0;3;0;0;2;-27,5047092;-48,65010819;SPRF-SC;DEL01-SC;UOP01-DEL01-SC
592005;05/04/2024;sexta-feira;18:50:00;RS;116;244,7;SAO LEOPOLDO;Reação tardia ou ineficiente do condutor;Colisão traseira;Com Vítimas Feridas;Plena Noite;Decrescente;Nublado;Múltipla;"Em Obras;Reta";Sim;2;0;1;0;1;0;1;2;-29,74088003;-51,15039566;SPRF-RS;DEL01-RS;UOP02-DEL01-RS
592006;05/04/2024;sexta-feira;15:00:00;RO;364;948;PORTO VELHO;Pista esburacada;Saída de leito carroçável;Com Vítimas Fatais;Pleno dia;Decrescente;Céu Claro;Simples;"Reta;Em Obras";Não;1;1;0;0;0;0;0;1;-9,65833971;-65,52800996;SPRF-RO;DEL01-RO;UOP03-DEL01-RO
592008;05/04/2024;sexta-feira;19:30:00;PR;476;344;PAULA FREITAS;Reação tardia ou ineficiente do condutor;Saída de leito carroçável;Com Vítimas Feridas;Plena Noite;Decrescente;Nublado;Simples;Curva;Não;2;0;1;0;1;0;1;1;-26,18211;-50,925163;SPRF-PR;DEL02-PR;UOP03-DEL02-PR
592009;05/04/2024;sexta-feira;18:40:00;RS;470;163;NOVA PRATA;Acessar a via sem observar a presença dos outros veículos;Colisão transversal;Com Vítimas Feridas;Plena Noite;Decrescente;Garoa/Chuvisco;Simples;"Reta;Interseção de Vias";Não;7;0;3;0;4;0;3;2;-28,82755543;-51,58058532;SPRF-RS;DEL06-RS;UOP02-DEL06-RS
592011;05/04/2024;sexta-feira;14:00:00;SC;116;139,9;SANTA CECILIA;Acessar a via sem observar a presença dos outros veículos;Colisão transversal;Com Vítimas Feridas;Pleno dia;Crescente;Sol;Simples;Reta;Sim;2;0;1;0;1;0;1;2;-26,96007677;-50,41626976;SPRF-SC;DEL06-SC;UOP02-DEL06-SC
592012;05/04/2024;sexta-feira;19:50:00;PR;476;253;ANTONIO OLINTO;Pista Escorregadia;Colisão frontal;Com Vítimas Feridas;Plena Noite;Crescente;Garoa/Chuvisco;Múltipla;Curva;Não;2;0;1;0;1;0;1;2;-25,885603;-50,182251;SPRF-PR;DEL02-PR;UOP03-DEL02-PR
592013;05/04/2024;sexta-feira;19:18:00;RJ;116;101;GUAPIMIRIM;Ultrapassagem Indevida;Colisão lateral sentido oposto;Com Vítimas Feridas;Plena Noite;Crescente;Céu Claro;Simples;"Curva;Aclive";Não;2;0;0;1;1;0;1;2;-22,49374115;-43,00365418;SPRF-RJ;DEL04-RJ;UOP01-DEL04-RJ
592014;05/04/2024;sexta-feira;20:16:00;PE;232;410,3;SERRA TALHADA;Condutor deixou de manter distância do veículo da frente;Colisão lateral mesmo sentido;Com Vítimas Feridas;Plena Noite;Crescente;Céu Claro;Simples;Reta;Não;3;0;2;0;1;0;2;2;-7,98261841;-38,30039606;SPRF-PE;DEL04-PE;UOP01-DEL04-PE
592016;05/04/2024;sexta-feira;20:45:00;RS;290;38,9;SANTO ANTONIO DA PATRULHA;Reação tardia ou ineficiente do condutor;Saída de leito carroçável;Com Vítimas Feridas;Plena Noite;Decrescente;Nublado;Dupla;Reta;Não;1;0;1;0;0;0;1;1;-29,88625;-50,648232;SPRF-RS;DEL03-RS;UOP01-DEL03-RS
592017;05/04/2024;sexta-feira;19:00:00;MT;163;765;SORRISO;Condutor deixou de manter distância do veículo da frente;Colisão traseira;Com Vítimas Feridas;Plena Noite;Crescente;Céu Claro;Simples;Reta;Não;3;0;0;1;2;0;1;2;-12,469236;-55,671576;SPRF-MT;DEL06-MT;UOP01-DEL06-MT
592018;05/04/2024;sexta-feira;21:40:00;MG;381;503,9;BETIM;Ausência de reação do condutor;Colisão com objeto;Com Vítimas Feridas;Plena Noite;Crescente;Céu Claro;Dupla;Reta;Sim;2;0;0;1;0;1;1;2;-20,0312317;-44,23748385;SPRF-MG;DEL01-MG;UOP03-DEL01-MG
592019;05/04/2024;sexta-feira;19:00:00;AM;319;25;CANUTAMA;Entrada inopinada do pedestre;Atropelamento de Pedestre;Com Vítimas Fatais;Plena Noite;Decrescente;Céu Claro;Simples;Reta;Não;4;1;0;0;3;0;0;2;-8,505047;-63,97991;SPRF-AM;DEL01-AM;UOP04-DEL01-AM
592020;05/04/2024;sexta-feira;21:40:00;SC;101;202;SAO JOSE;Reação tardia ou ineficiente do condutor;Colisão traseira;Com Vítimas Feridas;Plena Noite;Decrescente;Nublado;Simples;"Reta;Interseção de Vias";Sim;3;0;2;0;1;0;2;2;-27,55711595;-48,61897889;SPRF-SC;DEL01-SC;UOP01-DEL01-SC
592022;05/04/2024;sexta-feira;22:25:00;MG;381;339,8;NOVA ERA;Pedestre - Ingestão de álcool/ substâncias psicoativas;Atropelamento de Pedestre;Com Vítimas Feridas;Plena Noite;Crescente;Nublado;Simples;Reta;Não;2;0;0;1;1;0;1;2;-19,833665;-43,09613103;SPRF-MG;DEL03-MG;UOP01-DEL03-MG
592023;05/04/2024;sexta-feira;21:45:00;PR;277;618;CEU AZUL;Modificação proibida;Colisão frontal;Com Vítimas Feridas;Plena Noite;Crescente;Céu Claro;Simples;Curva;Não;4;0;0;3;1;0;3;2;-25,07577788;-53,69271805;SPRF-PR;DEL05-PR;UOP02-DEL05-PR
592025;05/04/2024;sexta-feira;18:15:00;SC;101;138;BALNEARIO CAMBORIU;Transitar no Acostamento;Colisão lateral mesmo sentido;Com Vítimas Feridas;Plena Noite;Crescente;Chuva;Múltipla;Reta;Sim;2;0;2;0;0;0;2;2;-27,02397426;-48,60761649;SPRF-SC;DEL04-SC;UOP03-DEL04-SC
592026;05/04/2024;sexta-feira;21:45:00;BA;367;80,6;EUNAPOLIS;Acessar a via sem observar a presença dos outros veículos;Colisão transversal;Com Vítimas Feridas;Plena Noite;Decrescente;Nublado;Simples;"Declive;Curva";Não;2;0;1;0;1;0;1;2;-16,36956642;-39,54444803;SPRF-BA;DEL09-BA;UOP03-DEL09-BA
592027;05/04/2024;sexta-feira;22:00:00;PR;476;182,1;LAPA;Reação tardia ou ineficiente do condutor;Colisão traseira;Com Vítimas Feridas;Plena Noite;Decrescente;Garoa/Chuvisco;Simples;Reta;Não;3;0;1;0;2;0;1;2;-25,71426852;-49,60797071;SPRF-PR;DEL01-PR;UOP06-DEL01-PR
592028;05/04/2024;sexta-feira;21:50:00;RJ;40;114;DUQUE DE CAXIAS;Condutor deixou de manter distância do veículo da frente;Colisão traseira;Com Vítimas Feridas;Plena Noite;Decrescente;Céu Claro;Dupla;Reta;Não;2;0;1;0;1;0;1;2;-22,71853604;-43,28993324;SPRF-RJ;DEL01-RJ;UOP02-DEL01-RJ
592029;05/04/2024;sexta-feira;19:45:00;RS;448;7;ESTEIO;Afundamento ou ondulação no pavimento;Tombamento;Com Vítimas Feridas;Plena Noite;Decrescente;Nublado;Simples;Reta;Não;1;0;1;0;0;0;1;1;-29,883022;-51,236874;SPRF-RS;DEL01-RS;UOP02-DEL01-RS
592030;05/04/2024;sexta-feira;16:44:00;AM;174;1137;PRESIDENTE FIGUEIREDO;Reação tardia ou ineficiente do condutor;Saída de leito carroçável;Com Vítimas Feridas;Pleno dia;Crescente;Nublado;Simples;Curva;Não;2;0;0;1;0;1;1;2;-0,87945925;-60,51620358;SPRF-AM;DEL01-AM;UOP02-DEL01-AM
592031;05/04/2024;sexta-feira;21:00:00;SC;101;114;ITAJAI;Chuva;Tombamento;Com Vítimas Feridas;Plena Noite;Decrescente;Chuva;Dupla;Reta;Sim;1;0;0;1;0;0;1;1;-26,86192886;-48,7286704;SPRF-SC;DEL04-SC;UOP04-DEL04-SC
592032;05/04/2024;sexta-feira;22:55:00;RS;101;79;OSORIO;Ingestão de álcool pelo condutor;Colisão com objeto;Com Vítimas Feridas;Plena Noite;Decrescente;Nublado;Dupla;Reta;Não;1;0;1;0;0;0;1;1;-29,81836971;-50,24552545;SPRF-RS;DEL03-RS;UOP01-DEL03-RS