id;data_inversa;dia_semana;horario;uf;br;km;municipio;causa_acidente;tipo_acidente;classificacao_acidente;fase_dia;sentido_via;condicao_metereologica;tipo_pista;tracado_via;uso_solo;pessoas;mortos;feridos_leves;feridos_graves;ilesos;ignorados;feridos;veiculos;latitude;longitude;regional;delegacia;uop
592033;05/04/2024;sexta-feira;23:00:00;RS;116;247;SAO LEOPOLDO;Acessar a via sem observar a presença dos outros veículos;Colisão lateral mesmo sentido;Com Vítimas Feridas;Plena Noite;Decrescente;Céu Claro;Dupla;Reta;Sim;2;0;1;0;1;0;1;2;-29,76733091;-51,1535296;SPRF-RS;DEL01-RS;UOP02-DEL01-RS
592034;05/04/2024;sexta-feira;21:40:00;CE;222;90;UMIRIM;Reação tardia ou ineficiente do condutor;Colisão traseira;Com Vítimas Feridas;Plena Noite;Crescente;Nublado;Simples;Reta;Não;2;0;0;1;1;0;1;2;-3,683222;-39,349902;SPRF-CE;DEL04-CE;UOP03-DEL04-CE
592035;05/04/2024;sexta-feira;21:20:00;PR;376;652;TIJUCAS DO SUL;Velocidade Incompatível;Colisão lateral mesmo sentido;Com Vítimas Feridas;Plena Noite;Crescente;Garoa/Chuvisco;Dupla;Curva;Não;2;0;1;0;1;0;1;2;-25,8461583;-49,068884;SPRF-PR;DEL01-PR;UOP04-DEL01-PR
592036;05/04/2024;sexta-feira;21:47:00;PE;316;21;ARARIPINA;Transitar na contramão;Colisão frontal;Sem Vítimas;Plena Noite;Crescente;Céu Claro;Simples;Reta;Não;2;0;0;0;2;0;0;2;-7,56839315;-40,52717307;SPRF-PE;DEL05-PE;UOP02-DEL05-PE
592037;05/04/2024;sexta-feira;18:30:00;RO;435;124;CEREJEIRAS;Acessar a via sem observar a presença dos outros veículos;Colisão transversal;Com Vítimas Feridas;Anoitecer;Decrescente;Céu Claro;Dupla;"Reta;Interseção de Vias";Sim;2;0;1;0;1;0;1;2;-13,188876;-60,817287;SPRF-RO;DEL04-RO;UOP02-DEL04-RO
592038;05/04/2024;sexta-feira;23:20:00;GO;60;100;ANAPOLIS;Reação tardia ou ineficiente do condutor;Queda de ocupante de veículo;Com Vítimas Fatais;Plena Noite;Crescente;Chuva;Dupla;Reta;Sim;2;1;0;0;1;0;0;2;-16,3979;-48,9664;SPRF-GO;DEL02-GO;UOP01-DEL02-GO
592041;06/04/2024;sábado;00:05:00;PR;476;197;LAPA;Ingestão de substâncias psicoativas pelo condutor;Colisão com objeto;Sem Vítimas;Plena Noite;Crescente;Nublado;Simples;"Rotatória;Curva";Sim;1;0;0;0;1;0;0;1;-25,759378;-49,73254;SPRF-PR;DEL01-PR;UOP06-DEL01-PR
592042;05/04/2024;sexta-feira;22:18:00;AC;364;138;RIO BRANCO;Transitar na contramão;Colisão frontal;Com Vítimas Feridas;Plena Noite;Decrescente;Céu Claro;Dupla;Reta;Sim;2;0;2;0;0;0;2;2;-9,96112502;-67,85646604;SPRF-AC;DEL01-AC;UOP01-DEL01-AC
592043;05/04/2024;sexta-feira;23:45:00;RJ;116;129,5;MAGE;Reação tardia ou ineficiente do condutor;Colisão com objeto;Com Vítimas Feridas;Plena Noite;Crescente;Nublado;Dupla;Reta;Sim;1;0;0;1;0;0;1;1;-22,66471224;-43,11056004;SPRF-RJ;DEL04-RJ;UOP02-DEL04-RJ
592046;05/04/2024;sexta-feira;22:30:00;RO;364;1043;PORTO VELHO;Ausência de reação do condutor;Queda de ocupante de veículo;Com Vítimas Feridas;Plena Noite;Crescente;Céu Claro;Simples;Reta;Sim;2;0;1;0;1;0;1;2;-9,77237202;-66,36643594;SPRF-AC;DEL01-AC;UOP03-DEL01-AC
592048;06/04/2024;sábado;00:00:00;GO;153;508;APARECIDA DE GOIANIA;Ingestão de álcool pelo condutor;Saída de leito carroçável;Com Vítimas Feridas;Plena Noite;Crescente;Céu Claro;Dupla;"Declive;Reta";Não;1;0;0;1;0;0;1;1;-16,7804;-49,2371;SPRF-GO;DEL01-GO;UOP03-DEL01-GO
592049;06/04/2024;sábado;01:00:00;SC;101;207,8;SAO JOSE;Reação tardia ou ineficiente do condutor;Colisão traseira;Com Vítimas Feridas;Plena Noite;Decrescente;Céu Claro;Múltipla;Reta;Sim;7;0;5;0;2;0;5;3;-27,60001226;-48,6226467;SPRF-SC;DEL01-SC;UOP01-DEL01-SC
592051;06/04/2024;sábado;00:30:00;RJ;101;484;ANGRA DOS REIS;Transitar na contramão;Colisão frontal;Com Vítimas Feridas;Plena Noite;Decrescente;Céu Claro;Simples;Curva;Não;3;0;3;0;0;0;3;2;-22,99096308;-44,30429882;SPRF-RJ;DEL03-RJ;UOP03-DEL03-RJ
592052;05/04/2024;sexta-feira;22:10:00;RS;116;40,3;VACARIA;Deficiência do Sistema de Iluminação/Sinalização;Colisão transversal;Sem Vítimas;Plena Noite;Crescente;Céu Claro;Simples;"Retorno Regulamentado;Reta";Sim;2;0;0;0;2;0;0;2;-28,51839098;-50,93942202;SPRF-RS;DEL05-RS;UOP03-DEL05-RS
592053;06/04/2024;sábado;00:30:00;PR;476;276;SAO MATEUS DO SUL;Ingestão de álcool pelo condutor;Colisão com objeto;Com Vítimas Feridas;Plena Noite;Crescente;Nublado;Simples;"Ponte;Reta";Sim;1;0;1;0;0;0;1;1;-25,877428;-50,384377;SPRF-PR;DEL02-PR;UOP03-DEL02-PR
592054;06/04/2024;sábado;01:00:00;PR;376;2,9;APUCARANA;Velocidade Incompatível;Saída de leito carroçável;Com Vítimas Feridas;Plena Noite;Decrescente;Céu Claro;Simples;"Declive;Curva";Não;2;0;1;0;0;1;1;1;-23,560424;-51,434921;SPRF-PR;DEL07-PR;UOP03-DEL07-PR
592055;05/04/2024;sexta-feira;09:20:00;BA;324;517;FEIRA DE SANTANA;Ultrapassagem Indevida;Colisão frontal;Com Vítimas Feridas;Pleno dia;Crescente;Chuva;Simples;Reta;Sim;2;0;1;0;1;0;1;2;-12,24953308;-38,93362525;SPRF-BA;DEL02-BA;UOP01-DEL02-BA
592057;06/04/2024;sábado;02:20:00;PR;116;122,1;CURITIBA;Ultrapassagem Indevida;Colisão com objeto;Com Vítimas Feridas;Plena Noite;Crescente;Garoa/Chuvisco;Dupla;"Reta;Aclive";Sim;2;0;1;0;1;0;1;2;-25,602442;-49,317952;SPRF-PR;DEL01-PR;UOP03-DEL01-PR
592059;06/04/2024;sábado;02:10:00;SC;101;210,7;SAO JOSE;Ausência de reação do condutor;Colisão com objeto;Com Vítimas Fatais;Plena Noite;Crescente;Nublado;Múltipla;Reta;Sim;1;1;0;0;0;0;0;1;-27,62189;-48,65087;SPRF-SC;DEL01-SC;UOP01-DEL01-SC
592061;06/04/2024;sábado;03:30:00;SC;101;89,5;BARRA VELHA;Ausência de reação do condutor;Saída de leito carroçável;Sem Vítimas;Pleno dia;Decrescente;Nublado;Dupla;"Reta;Interseção de Vias";Não;1;0;0;0;0;1;0;1;-26,65175997;-48,68721921;SPRF-SC;DEL03-SC;UOP02-DEL03-SC
592063;06/04/2024;sábado;04:37:00;GO;60;173;ABADIA DE GOIAS;Ingestão de álcool pelo condutor;Saída de leito carroçável;Com Vítimas Feridas;Plena Noite;Decrescente;Nublado;Dupla;Reta;Não;1;0;0;1;0;0;1;1;-16,75336261;-49,43344658;SPRF-GO;DEL01-GO;UOP02-DEL01-GO
592064;06/04/2024;sábado;03:45:00;SC;101;211,5;PALHOCA;Reação tardia ou ineficiente do condutor;Tombamento;Com Vítimas Feridas;Plena Noite;Decrescente;Nublado;Dupla;Reta;Sim;1;0;0;1;0;0;1;1;-27,62329313;-48,65245588;SPRF-SC;DEL01-SC;UOP02-DEL01-SC
592066;06/04/2024;sábado;02:00:00;MT;364;567;NOBRES;Transitar na contramão;Colisão lateral sentido oposto;Com Vítimas Fatais;Plena Noite;Decrescente;Céu Claro;Dupla;"Retorno Regulamentado;Reta;Declive";Não;3;1;1;0;0;1;1;3;-14,67824333;-56,30027166;SPRF-MT;DEL01-MT;UOP01-DEL01-MT
592067;06/04/2024;sábado;05:00:00;RS;392;65;PELOTAS;Ingestão de álcool pelo condutor;Colisão com objeto;Com Vítimas Feridas;Plena Noite;Crescente;Céu Claro;Dupla;Reta;Não;1;0;1;0;0;0;1;1;-31,765206;-52,381886;SPRF-RS;DEL07-RS;UOP01-DEL07-RS
592068;06/04/2024;sábado;04:40:00;PR;116;77,7;PIRAQUARA;Estacionar ou parar em local proibido;Atropelamento de Pedestre;Com Vítimas Feridas;Plena Noite;Decrescente;Chuva;Dupla;Reta;Não;2;0;1;0;1;0;1;2;-25,40274863;-49,05898154;SPRF-PR;DEL01-PR;UOP07-DEL01-PR
592070;06/04/2024;sábado;05:42:00;PB;230;30;BAYEUX;Ingestão de álcool pelo condutor;Colisão com objeto;Sem Vítimas;Amanhecer;Decrescente;Céu Claro;Dupla;Reta;Sim;1;0;0;0;1;0;0;1;-7,1549;-34,9077;SPRF-PB;DEL01-PB;UOP01-DEL01-PB
592071;06/04/2024;sábado;05:46:00;MG;381;484,9;BETIM;Ingestão de álcool pelo condutor;Colisão traseira;Com Vítimas Feridas;Amanhecer;Decrescente;Céu Claro;Múltipla;Curva;Sim;2;0;1;0;0;1;1;2;-19,9561201;-44,0951574;SPRF-MG;DEL01-MG;UOP03-DEL01-MG
592072;06/04/2024;sábado;05:12:00;RN;101;108,2;PARNAMIRIM;Ingestão de álcool pelo condutor;Colisão com objeto;Sem Vítimas;Amanhecer;Decrescente;Céu Claro;Múltipla;Reta;Não;1;0;0;0;0;1;0;1;-5,926395;-35,26482;SPRF-RN;DEL01-RN;UOP01-DEL01-RN
592073;06/04/2024;sábado;05:15:00;SC;116;225,2;CORREIA PINTO;Avarias e/ou desgaste excessivo no pneu;Saída de leito carroçável;Sem Vítimas;Amanhecer;Decrescente;Nublado;Simples;Rotatória;Não;1;0;0;0;0;1;0;1;-27,62912035;-50,34085214;SPRF-SC;DEL05-SC;UOP03-DEL05-SC
592074;05/04/2024;sexta-feira;16:05:00;MG;365;358,7;VARJAO DE MINAS;Ultrapassagem Indevida;Colisão frontal;Com Vítimas Fatais;Pleno dia;Crescente;Céu Claro;Simples;"Curva;Declive";Não;6;2;1;3;0;0;4;2;-18,39825512;-46,05314587;SPRF-MG;DEL10-MG;UOP01-DEL10-MG
592075;06/04/2024;sábado;03:00:00;MG;381;169,7;GOVERNADOR VALADARES;Ausência de reação do condutor;Saída de leito carroçável;Com Vítimas Fatais;Plena Noite;Decrescente;Céu Claro;Simples;Reta;Não;1;1;0;0;0;0;0;1;-18,96700208;-42,09033791;SPRF-MG;DEL06-MG;UOP01-DEL06-MG
592076;06/04/2024;sábado;06:00:00;RJ;101;60;CAMPOS DOS GOYTACAZES;Ausência de reação do condutor;Colisão traseira;Com Vítimas Feridas;Amanhecer;Crescente;Céu Claro;Simples;"Reta;Interseção de Vias";Sim;2;0;1;0;0;1;1;2;-21,72327462;-41,31842136;SPRF-RJ;DEL08-RJ;UOP01-DEL08-RJ
592077;06/04/2024;sábado;02:40:00;PI;316;309;PICOS;Ausência de reação do condutor;Tombamento;Com Vítimas Feridas;Plena Noite;Crescente;Céu Claro;Dupla;Reta;Sim;1;0;0;1;0;0;1;1;-7,07778744;-41,48370094;SPRF-PI;DEL04-PI;UOP01-DEL04-PI
592079;06/04/2024;sábado;05:50:00;AL;104;73;MESSIAS;Modificação proibida;Tombamento;Com Vítimas Feridas;Pleno dia;Decrescente;Céu Claro;Simples;Curva;Não;2;0;1;0;1;0;1;1;-9,36853494;-35,83122253;SPRF-AL;DEL01-AL;UOP02-DEL01-AL
592083;06/04/2024;sábado;06:20:00;PA;222;53;DOM ELISEU;Velocidade Incompatível;Saída de leito carroçável;Com Vítimas Feridas;Amanhecer;Crescente;Nevoeiro/Neblina;Simples;Reta;Não;2;0;1;1;0;0;2;1;-4,4273;-47,80125;SPRF-PA;DEL02-PA;UOP02-DEL02-PA
592084;06/04/2024;sábado;06:50:00;SC;101;208,2;SAO JOSE;Reação tardia ou ineficiente do condutor;Colisão traseira;Com Vítimas Feridas;Pleno dia;Decrescente;Céu Claro;Múltipla;Reta;Sim;2;0;1;0;1;0;1;2;-27,60327979;-48,63201818;SPRF-SC;DEL01-SC;UOP01-DEL01-SC
592085;06/04/2024;sábado;06:36:00;RJ;101;391;ITAGUAI;Ausência de reação do condutor;Capotamento;Com Vítimas Feridas;Pleno dia;Decrescente;Nevoeiro/Neblina;Dupla;Reta;Não;1;0;1;0;0;0;1;1;-22,894827;-43,68492;SPRF-RJ;DEL03-RJ;UOP01-DEL03-RJ
592086;06/04/2024;sábado;06:00:00;SC;101;389,1;CRICIUMA;Ingestão de álcool pelo condutor;Saída de leito carroçável;Com Vítimas Feridas;Amanhecer;Decrescente;Nublado;Múltipla;Reta;Não;1;0;1;0;0;0;1;1;-28,80213753;-49,36592281;SPRF-SC;DEL02-SC;UOP02-DEL02-SC
592088;06/04/2024;sábado;00:30:00;PR;373;175;PONTA GROSSA;Ausência de reação do condutor;Colisão com objeto;Com Vítimas Feridas;Plena Noite;Crescente;Nublado;Dupla;Reta;Sim;1;0;0;1;0;0;1;1;-25,06493417;-50,21296911;SPRF-PR;DEL03-PR;UOP01-DEL03-PR
592089;06/04/2024;sábado;05:30:00;SC;282;516,9;XAXIM;Avarias e/ou desgaste excessivo no pneu;Saída de leito carroçável;Sem Vítimas;Plena Noite;Crescente;Céu Claro;Simples;Reta;Não;1;0;0;0;0;1;0;1;-26,9354301;-52,4986499;SPRF-SC;DEL07-SC;UOP01-DEL07-SC
592091;05/04/2024;sexta-feira;18:40:00;SC;280;107;SAO BENTO DO SUL;Reação tardia ou ineficiente do condutor;Colisão com objeto;Com Vítimas Feridas;Plena Noite;Decrescente;Chuva;Simples;Reta;Não;2;0;2;0;0;0;2;1;-26,34306695;-49,37560427;SPRF-SC;DEL06-SC;UOP03-DEL06-SC
592092;06/04/2024;sábado;06:45:00;SC;101;212;PALHOCA;Reação tardia ou ineficiente do condutor;Colisão traseira;Com Vítimas Feridas;Pleno dia;Crescente;Céu Claro;Múltipla;Reta;Sim;2;0;0;1;1;0;1;2;-27,62996929;-48,65903871;SPRF-SC;DEL01-SC;UOP02-DEL01-SC
592094;05/04/2024;sexta-feira;22:45:00;SC;101;139;BALNEARIO CAMBORIU;Reação tardia ou ineficiente do condutor;Colisão com objeto;Sem Vítimas;Plena Noite;Decrescente;Garoa/Chuvisco;Dupla;Reta;Sim;1;0;0;0;0;1;0;1;-27,03206437;-48,60531807;SPRF-SC;DEL04-SC;UOP03-DEL04-SC
592095;05/04/2024;sexta-feira;16:45:00;MT;70;3;BARRA DO GARCAS;Conversão proibida;Colisão transversal;Com Vítimas Feridas;Pleno dia;Decrescente;Céu Claro;Simples;"Declive;Reta";Sim;2;0;2;0;0;0;2;2;-15,88252843;-52,27574027;SPRF-MT;DEL07-MT;UOP01-DEL07-MT
592096;06/04/2024;sábado;07:10:00;PE;104;32;CARUARU;Reação tardia ou ineficiente do condutor;Colisão traseira;Com Vítimas Feridas;Pleno dia;Decrescente;Céu Claro;Simples;Reta;Não;2;0;1;0;1;0;1;2;-8,0299;-36,0534;SPRF-PE;DEL02-PE;UOP01-DEL02-PE
592097;06/04/2024;sábado;08:00:00;ES;101;141;LINHARES;Velocidade Incompatível;Colisão traseira;Com Vítimas Feridas;Pleno dia;Crescente;Céu Claro;Dupla;Reta;Não;2;0;1;0;1;0;1;2;-19,32655693;-40,07192387;SPRF-ES;DEL04-ES;UOP01-DEL04-ES
592098;06/04/2024;sábado;06:45:00;PR;476;152;ARAUCARIA;Reação tardia ou ineficiente do condutor;Saída de leito carroçável;Com Vítimas Feridas;Amanhecer;Decrescente;Nublado;Simples;Curva;Sim;1;0;1;0;0;0;1;1;-25,570036;-49,384193;SPRF-PR;DEL01-PR;UOP06-DEL01-PR
592100;06/04/2024;sábado;07:10:00;SP;153;60,9;SAO JOSE DO RIO PRETO;Ausência de reação do condutor;Colisão lateral mesmo sentido;Com Vítimas Feridas;Pleno dia;Crescente;Nublado;Dupla;Declive;Não;3;0;1;0;2;0;1;2;-20,79627979;-49,35480206;SPRF-SP;DEL09-SP;UOP01-DEL09-SP
592101;06/04/2024;sábado;08:00:00;PE;101;65;RECIFE;Trafegar com motocicleta (ou similar) entre as faixas;Colisão lateral mesmo sentido;Com Vítimas Feridas;Pleno dia;Decrescente;Céu Claro;Múltipla;Reta;Sim;2;0;1;0;1;0;1;2;-8,02478597;-34,94276635;SPRF-PE;DEL01-PE;UOP01-DEL01-PE
592102;06/04/2024;sábado;06:30:00;RS;293;339;SANTANA DO LIVRAMENTO;Ingestão de álcool pelo condutor;Saída de leito carroçável;Sem Vítimas;Amanhecer;Decrescente;Céu Claro;Simples;Reta;Sim;1;0;0;0;1;0;0;1;-30,85505166;-55,52979469;SPRF-RS;DEL11-RS;UOP01-DEL11-RS
592105;06/04/2024;sábado;07:45:00;MG;40;642;CONSELHEIRO LAFAIETE;Condutor deixou de manter distância do veículo da frente;Colisão traseira;Sem Vítimas;Pleno dia;Decrescente;Céu Claro;Simples;Curva;Não;3;0;0;0;3;0;0;3;-20,76733691;-43,80662441;SPRF-MG;DEL05-MG;UOP02-DEL05-MG
592106;06/04/2024;sábado;07:50:00;MG;381;504;BETIM;Ausência de reação do condutor;Colisão traseira;Com Vítimas Feridas;Pleno dia;Crescente;Céu Claro;Dupla;Reta;Não;3;0;2;0;1;0;2;2;-20,04164508;-44,26386697;SPRF-MG;DEL01-MG;UOP03-DEL01-MG
592108;05/04/2024;sexta-feira;18:40:00;RO;364;940;PORTO VELHO;Condutor deixou de manter distância do veículo da frente;Colisão traseira;Sem Vítimas;Plena Noite;Crescente;Céu Claro;Simples;Reta;Não;2;0;0;0;2;0;0;2;-9,66851755;-65,45551293;SPRF-RO;DEL01-RO;UOP03-DEL01-RO
592109;25/03/2024;segunda-feira;02:30:00;BA;116;42;CHORROCHO;Ausência de reação do condutor;Saída de leito carroçável;Com Vítimas Feridas;Plena Noite;Decrescente;Céu Claro;Simples;Reta;Não;1;0;0;1;0;0;1;1;-9,00518935;-39,18784618;SPRF-PE;DEL05-PE;UOP03-DEL05-PE
592110;03/04/2024;quarta-feira;07:00:00;BA;367;84;EUNAPOLIS;Acessar a via sem observar a presença dos outros veículos;Colisão transversal;Com Vítimas Feridas;Pleno dia;Crescente;Sol;Simples;"Reta;Interseção de Vias";Sim;2;0;1;0;1;0;1;2;-16,37465;-39,579426;SPRF-BA;DEL09-BA;UOP03-DEL09-BA
592112;06/04/2024;sábado;08:50:00;SP;116;208;GUARULHOS;Reação tardia ou ineficiente do condutor;Engavetamento;Com Vítimas Feridas;Pleno dia;Crescente;Céu Claro;Dupla;Reta;Sim;3;0;1;0;1;1;1;3;-23,42222263;-46,3932771;SPRF-SP;DEL01-SP;UOP01-DEL01-SP
592114;06/04/2024;sábado;09:10:00;RS;116;150,4;CAXIAS DO SUL;Ingestão de álcool pelo condutor;Engavetamento;Sem Vítimas;Pleno dia;Crescente;Sol;Múltipla;Reta;Sim;3;0;0;0;3;0;0;3;-29,168428;-51,158337;SPRF-RS;DEL05-RS;UOP01-DEL05-RS
592115;06/04/2024;sábado;07:57:00;DF;70;18;BRASILIA;Ausência de reação do condutor;Colisão traseira;Sem Vítimas;Pleno dia;Crescente;Céu Claro;Dupla;"Aclive;Reta";Sim;5;0;0;0;5;0;0;3;-15,789058;-48,219952;SPRF-DF;DEL03-DF;UOP02-DEL03-DF
592116;06/04/2024;sábado;05:25:00;PE;428;68;SANTA MARIA DA BOA VISTA;Condutor deixou de manter distância do veículo da frente;Colisão traseira;Com Vítimas Feridas;Amanhecer;Crescente;Ignorado;Simples;Reta;Não;2;0;1;0;0;1;1;2;-8,67932636;-39,75659067;SPRF-PE;DEL06-PE;UOP03-DEL06-PE
592117;06/04/2024;sábado;04:00:00;PR;277;436,1;VIRMOND;Ausência de reação do condutor;Saída de leito carroçável;Com Vítimas Fatais;Plena Noite;Decrescente;Céu Claro;Simples;Curva;Não;1;1;0;0;0;0;0;1;-25,37374294;-52,22093399;SPRF-PR;DEL04-PR;UOP02-DEL04-PR
592118;06/04/2024;sábado;09:10:00;PR;116;114;CURITIBA;Ausência de reação do condutor;Colisão com objeto;Com Vítimas Feridas;Pleno dia;Crescente;Nublado;Dupla;Reta;Não;1;0;0;1;0;0;1;1;-25,56296907;-49,25643801;SPRF-PR;DEL01-PR;UOP07-DEL01-PR
592119;06/04/2024;sábado;09:38:00;RN;405;27,8;MOSSORO;Pista esburacada;Colisão com objeto;Com Vítimas Feridas;Pleno dia;Crescente;Céu Claro;Simples;Reta;Não;2;0;1;0;0;1;1;2;-5,29165665;-37,55327848;SPRF-RN;DEL04-RN;UOP02-DEL04-RN
592120;06/04/2024;sábado;09:25:00;BA;242;794;BARREIRAS;Ausência de reação do condutor;Colisão traseira;Sem Vítimas;Pleno dia;Decrescente;Sol;Simples;Ponte;Sim;2;0;0;0;2;0;0;2;-12,15523219;-44,83335493;SPRF-BA;DEL10-BA;UOP01-DEL10-BA
592121;06/04/2024;sábado;09:50:00;BA;367;83,5;EUNAPOLIS;Acessar a via sem observar a presença dos outros veículos;Colisão transversal;Com Vítimas Feridas;Pleno dia;Crescente;Sol;Simples;"Reta;Interseção de Vias";Sim;2;0;0;1;1;0;1;2;-16,374393;-39,57498;SPRF-BA;DEL09-BA;UOP03-DEL09-BA
592123;06/04/2024;sábado;09:00:00;MG;50;177;UBERABA;Demais falhas mecânicas ou elétricas;Tombamento;Com Vítimas Feridas;Pleno dia;Crescente;Céu Claro;Dupla;Curva;Não;2;0;2;0;0;0;2;1;-19,77914852;-47,95047701;SPRF-MG;DEL13-MG;UOP01-DEL13-MG
592124;06/04/2024;sábado;09:00:00;ES;101;239;SERRA;Ultrapassagem Indevida;Colisão lateral sentido oposto;Com Vítimas Feridas;Pleno dia;Crescente;Sol;Simples;Ponte;Não;2;0;1;0;1;0;1;2;-20,00782494;-40,40790907;SPRF-ES;DEL02-ES;UOP01-DEL02-ES
592125;06/04/2024;sábado;10:00:00;SP;116;228;SAO PAULO;Ausência de reação do condutor;Colisão traseira;Com Vítimas Feridas;Pleno dia;Crescente;Nublado;Múltipla;Reta;Sim;2;0;1;0;1;0;1;2;-23,50343484;-46,56638712;SPRF-SP;DEL01-SP;UOP01-DEL01-SP
592126;06/04/2024;sábado;08:30:00;CE;116;421,9;IPAUMIRIM;Condutor Dormindo;Tombamento;Com Vítimas Feridas;Pleno dia;Crescente;Sol;Simples;"Declive;Reta";Não;1;0;1;0;0;0;1;1;-6,790273;-38,761379;SPRF-CE;DEL05-CE;UOP01-DEL05-CE
592127;06/04/2024;sábado;10:23:00;SC;101;201,1;SAO JOSE;Reação tardia ou ineficiente do condutor;Tombamento;Com Vítimas Feridas;Pleno dia;Crescente;Céu Claro;Múltipla;Reta;Sim;2;0;1;0;1;0;1;2;-27,54836599;-48,61977975;SPRF-SC;DEL01-SC;UOP01-DEL01-SC
592130;29/03/2024;sexta-feira;08:20:00;BA;101;371;GANDU;Curva acentuada;Saída de leito carroçável;Com Vítimas Feridas;Pleno dia;Decrescente;Nublado;Simples;Curva;Não;4;0;2;2;0;0;4;1;-13,9178362;-39,48511279;SPRF-BA;DEL05-BA;UOP03-DEL05-BA
592131;06/04/2024;sábado;10:45:00;RS;158;322;SANTA MARIA;Ingestão de álcool pelo condutor;Colisão lateral mesmo sentido;Sem Vítimas;Pleno dia;Crescente;Céu Claro;Dupla;Rotatória;Sim;4;0;0;0;4;0;0;2;-29,69527312;-53,77575338;SPRF-RS;DEL09-RS;UOP01-DEL09-RS
592133;05/04/2024;sexta-feira;09:40:00;PR;158;394;LARANJEIRAS DO SUL;Ultrapassagem Indevida;Colisão frontal;Com Vítimas Feridas;Pleno dia;Crescente;Céu Claro;Simples;Reta;Não;2;0;0;1;1;0;1;2;-25,30706383;-52,31698917;SPRF-PR;DEL04-PR;UOP02-DEL04-PR
592134;06/04/2024;sábado;11:50:00;SP;116;147,5;SAO JOSE DOS CAMPOS;Manobra de mudança de faixa;Colisão lateral mesmo sentido;Com Vítimas Feridas;Pleno dia;Crescente;Sol;Dupla;Reta;Não;3;0;1;0;2;0;1;2;-23,19542994;-45,87176303;SPRF-SP;DEL02-SP;UOP01-DEL02-SP
592135;06/04/2024;sábado;12:10:00;RS;116;302;GUAIBA;Acessar a via sem observar a presença dos outros veículos;Atropelamento de Pedestre;Com Vítimas Feridas;Pleno dia;Crescente;Céu Claro;Dupla;Reta;Sim;2;0;1;0;1;0;1;2;-30,13970487;-51,35942618;SPRF-RS;DEL02-RS;UOP01-DEL02-RS
592137;06/04/2024;sábado;10:20:00;BA;242;252;BOA VISTA DO TUPIM;Velocidade Incompatível;Queda de ocupante de veículo;Com Vítimas Feridas;Pleno dia;Crescente;Céu Claro;Simples;Reta;Não;1;0;1;0;0;0;1;1;-12,5098637;-40,49413752;SPRF-BA;DEL06-BA;UOP02-DEL06-BA
592138;06/04/2024;sábado;11:40:00;BA;116;16;VITORIA DA CONQUISTA;Retorno proibido;Colisão transversal;Com Vítimas Feridas;Pleno dia;Crescente;Céu Claro;Simples;Interseção de Vias;Sim;2;0;1;0;1;0;1;2;-14,9024194;-40,8484273;SPRF-PE;DEL05-PE;UOP03-DEL05-PE
592139;06/02/2024;terça-feira;08:55:00;SP;116;222;GUARULHOS;Condutor deixou de manter distância do veículo da frente;Colisão lateral mesmo sentido;Com Vítimas Feridas;Pleno dia;Crescente;Céu Claro;Múltipla;Reta;Sim;3;0;2;0;1;0;2;2;-23,47093408;-46,51631097;SPRF-SP;DEL01-SP;UOP01-DEL01-SP
592140;06/04/2024;sábado;12:23:00;CE;116;15,5;ITAITINGA;Ausência de reação do condutor;Queda de ocupante de veículo;Com Vítimas Feridas;Pleno dia;Decrescente;Nublado;Dupla;Reta;Sim;2;0;1;0;0;1;1;1;-3,88732794;-38,50185439;SPRF-CE;DEL01-CE;UOP02-DEL01-CE
592141;06/04/2024;sábado;11:40:00;PR;376;181;MARINGA;Reação tardia ou ineficiente do condutor;Saída de leito carroçável;Com Vítimas Feridas;Pleno dia;Decrescente;Céu Claro;Dupla;Reta;Sim;4;0;4;0;0;0;4;2;-23,42634853;-51,8969357;SPRF-PR;DEL09-PR;UOP01-DEL09-PR
592142;06/04/2024;sábado;11:52:00;RJ;116;280;BARRA MANSA;Ausência de reação do condutor;Saída de leito carroçável;Com Vítimas Feridas;Pleno dia;Decrescente;Céu Claro;Dupla;Reta;Não;1;0;0;1;0;0;1;1;-22,542425;-44,19103833;SPRF-RJ;DEL07-RJ;UOP02-DEL07-RJ
592143;06/04/2024;sábado;08:00:00;SC;101;387;ICARA;Ausência de reação do condutor;Saída de leito carroçável;Sem Vítimas;Pleno dia;Decrescente;Céu Claro;Múltipla;Reta;Não;1;0;0;0;1;0;0;1;-28,790316;-49,345893;SPRF-SC;DEL02-SC;UOP02-DEL02-SC
592147;06/04/2024;sábado;13:00:00;ES;101;125,3;SOORETAMA;Ingestão de álcool pelo condutor;Colisão transversal;Com Vítimas Feridas;Pleno dia;Crescente;Céu Claro;Múltipla;Reta;Sim;3;0;3;0;0;0;3;2;-19,18823665;-40,09473056;SPRF-ES;DEL04-ES;UOP01-DEL04-ES
592148;06/04/2024;sábado;11:40:00;MS;163;125,6;NAVIRAI;Suicídio (presumido);Atropelamento de Pedestre;Com Vítimas Feridas;Pleno dia;Decrescente;Céu Claro;Simples;"Reta;Declive";Não;6;0;2;0;2;2;2;3;-23,07204869;-54,22991246;SPRF-MS;DEL09-MS;UOP01-DEL09-MS
592149;06/04/2024;sábado;09:35:00;SC;280;73,6;JARAGUA DO SUL;Ausência de reação do condutor;Saída de leito carroçável;Com Vítimas Feridas;Pleno dia;Crescente;Nublado;Simples;Reta;Não;1;0;1;0;0;0;1;1;-26,45917102;-49,15245;SPRF-SC;DEL03-SC;UOP03-DEL03-SC
592151;06/04/2024;sábado;09:50:00;RJ;495;17;PETROPOLIS;Acumulo de água sobre o pavimento;Queda de ocupante de veículo;Com Vítimas Feridas;Pleno dia;Decrescente;Céu Claro;Simples;Curva;Não;2;0;1;0;1;0;1;1;-22,427422;-43,055244;SPRF-RJ;DEL05-RJ;UOP02-DEL05-RJ