id;data_inversa;dia_semana;horario;uf;br;km;municipio;causa_acidente;tipo_acidente;classificacao_acidente;fase_dia;sentido_via;condicao_metereologica;tipo_pista;tracado_via;uso_solo;pessoas;mortos;feridos_leves;feridos_graves;ilesos;ignorados;feridos;veiculos;latitude;longitude;regional;delegacia;uop
592372;07/04/2024;domingo;02:40:00;PR;376;421,2;TIBAGI;Ausência de reação do condutor;Colisão com objeto;Com Vítimas Feridas;Plena Noite;Decrescente;Nublado;Dupla;Curva;Não;1;0;1;0;0;0;1;1;-24,72548801;-50,53830472;SPRF-PR;DEL03-PR;UOP02-DEL03-PR
592373;07/04/2024;domingo;08:10:00;MG;381;816;CAREACU;Ausência de reação do condutor;Tombamento;Com Vítimas Feridas;Pleno dia;Decrescente;Céu Claro;Dupla;Curva;Não;1;0;0;1;0;0;1;1;-22,0934877;-45,71077521;SPRF-MG;DEL16-MG;UOP02-DEL16-MG
592374;07/04/2024;domingo;08:00:00;RN;406;164,8;SAO GONCALO DO AMARANTE;Avarias e/ou desgaste excessivo no pneu;Saída de leito carroçável;Com Vítimas Feridas;Pleno dia;Decrescente;Sol;Simples;Reta;Não;2;0;1;1;0;0;2;1;-5,74043956;-35,34832484;SPRF-RN;DEL02-RN;UOP01-DEL02-RN
592375;07/04/2024;domingo;08:00:00;RS;116;234,9;NOVO HAMBURGO;Ingestão de álcool pelo condutor;Saída de leito carroçável;Sem Vítimas;Pleno dia;Decrescente;Garoa/Chuvisco;Simples;Interseção de Vias;Não;1;0;0;0;1;0;0;1;-29,65121313;-51,1444433;SPRF-RS;DEL01-RS;UOP02-DEL01-RS
592376;07/04/2024;domingo;07:10:00;BA;116;15;VITORIA DA CONQUISTA;Reação tardia ou ineficiente do condutor;Colisão traseira;Sem Vítimas;Amanhecer;Crescente;Nublado;Simples;Reta;Sim;2;0;0;0;2;0;0;2;-14,898914;-40,856103;SPRF-BA;DEL08-BA;UOP01-DEL08-BA
592377;07/04/2024;domingo;07:15:00;PR;277;273;IRATI;Reação tardia ou ineficiente do condutor;Saída de leito carroçável;Com Vítimas Feridas;Pleno dia;Decrescente;Céu Claro;Simples;Reta;Não;2;0;2;0;0;0;2;1;-25,38404543;-50,85639954;SPRF-PR;DEL08-PR;UOP02-DEL08-PR
592378;24/03/2024;domingo;19:00:00;BA;101;192;CONCEICAO DA FEIRA;Manobra de mudança de faixa;Tombamento;Com Vítimas Feridas;Anoitecer;Decrescente;Ignorado;Dupla;"Interseção de Vias;Em Obras;Reta";Não;2;0;2;0;0;0;2;1;-12,51957286;-38,97070158;SPRF-BA;DEL01-BA;UOP03-DEL01-BA
592379;07/04/2024;domingo;08:40:00;PR;376;202,5;MARIALVA;Ingestão de substâncias psicoativas pelo condutor;Queda de ocupante de veículo;Com Vítimas Feridas;Pleno dia;Decrescente;Sol;Dupla;"Reta;Declive";Não;1;0;1;0;0;0;1;1;-23,5091205;-51,72299981;SPRF-PR;DEL09-PR;UOP01-DEL09-PR
592381;07/04/2024;domingo;08:20:00;RJ;116;191;NOVA IGUACU;Reação tardia ou ineficiente do condutor;Engavetamento;Com Vítimas Feridas;Pleno dia;Crescente;Céu Claro;Dupla;Curva;Não;9;0;3;0;6;0;3;3;-22,74421443;-43,509822;SPRF-RJ;DEL06-RJ;UOP01-DEL06-RJ
592382;07/04/2024;domingo;06:30:00;SC;101;210;SAO JOSE;Reação tardia ou ineficiente do condutor;Colisão com objeto;Sem Vítimas;Pleno dia;Crescente;Nublado;Múltipla;Reta;Sim;1;0;0;0;0;1;0;1;-27,6167305;-48,6457265;SPRF-SC;DEL01-SC;UOP01-DEL01-SC
592385;07/04/2024;domingo;06:00:00;PR;373;223;IMBITUVA;Ausência de reação do condutor;Tombamento;Com Vítimas Feridas;Pleno dia;Crescente;Nublado;Simples;"Declive;Reta";Não;1;0;1;0;0;0;1;1;-25,18138256;-50,59549838;SPRF-PR;DEL03-PR;UOP01-DEL03-PR
592386;07/04/2024;domingo;09:30:00;MG;381;452,9;SABARA;Ingestão de álcool pelo condutor;Colisão frontal;Com Vítimas Feridas;Pleno dia;Decrescente;Céu Claro;Simples;Curva;Sim;5;0;3;0;2;0;3;2;-19,84188577;-43,86257172;SPRF-MG;DEL01-MG;UOP01-DEL01-MG
592388;07/04/2024;domingo;09:00:00;RS;470;219;BENTO GONCALVES;Pista Escorregadia;Colisão frontal;Com Vítimas Feridas;Pleno dia;Crescente;Nublado;Simples;Curva;Não;4;0;2;0;2;0;2;2;-29,17909489;-51,51855675;SPRF-RS;DEL06-RS;UOP01-DEL06-RS
592389;03/04/2024;quarta-feira;23:20:00;PE;232;409;SERRA TALHADA;Reação tardia ou ineficiente do condutor;Queda de ocupante de veículo;Com Vítimas Feridas;Plena Noite;Crescente;Garoa/Chuvisco;Simples;Reta;Sim;1;0;1;0;0;0;1;1;-7,981944;-38,289467;SPRF-PE;DEL04-PE;UOP01-DEL04-PE
592390;07/04/2024;domingo;09:23:00;DF;60;2,1;BRASILIA;Reação tardia ou ineficiente do condutor;Saída de leito carroçável;Sem Vítimas;Pleno dia;Crescente;Sol;Dupla;Reta;Sim;1;0;0;0;0;1;0;1;-15,887383;-48,077988;SPRF-DF;DEL03-DF;UOP01-DEL03-DF
592391;07/04/2024;domingo;09:25:00;DF;60;2;BRASILIA;Condutor deixou de manter distância do veículo da frente;Colisão lateral mesmo sentido;Com Vítimas Feridas;Pleno dia;Decrescente;Céu Claro;Dupla;Reta;Sim;3;0;1;0;2;0;1;2;-15,887383;-48,077988;SPRF-DF;DEL03-DF;UOP01-DEL03-DF
592392;07/04/2024;domingo;09:50:00;BA;324;526;FEIRA DE SANTANA;Acessar a via sem observar a presença dos outros veículos;Colisão com objeto;Sem Vítimas;Pleno dia;Decrescente;Chuva;Dupla;"Curva;Retorno Regulamentado";Sim;1;0;0;0;1;0;0;1;-12,30639712;-38,89051509;SPRF-BA;DEL01-BA;UOP03-DEL01-BA
592393;07/04/2024;domingo;07:30:00;SC;101;393,9;CRICIUMA;Ausência de reação do condutor;Saída de leito carroçável;Sem Vítimas;Pleno dia;Decrescente;Nublado;Simples;"Declive;Curva";Não;1;0;0;0;0;1;0;1;-28,8249272;-49,40401554;SPRF-SC;DEL02-SC;UOP02-DEL02-SC
592394;07/04/2024;domingo;10:00:00;RJ;101;390;RIO DE JANEIRO;Reação tardia ou ineficiente do condutor;Colisão com objeto;Com Vítimas Feridas;Pleno dia;Crescente;Céu Claro;Dupla;Curva;Sim;1;0;1;0;0;0;1;1;-22,89346927;-43,67542992;SPRF-RJ;DEL03-RJ;UOP01-DEL03-RJ
592397;07/04/2024;domingo;09:30:00;MG;365;635,2;UBERLANDIA;Manobra de mudança de faixa;Colisão com objeto;Com Vítimas Feridas;Pleno dia;Crescente;Sol;Dupla;"Retorno Regulamentado;Reta;Declive";Não;1;0;1;0;0;0;1;1;-18,89262095;-48,41859299;SPRF-MG;DEL15-MG;UOP01-DEL15-MG
592398;07/04/2024;domingo;11:00:00;RN;110;45,7;MOSSORO;Ausência de reação do condutor;Colisão traseira;Sem Vítimas;Pleno dia;Crescente;Sol;Simples;Reta;Sim;2;0;0;0;2;0;0;2;-5,19257993;-37,31114905;SPRF-RN;DEL04-RN;UOP01-DEL04-RN
592399;07/04/2024;domingo;09:50:00;AL;424;95,9;COQUEIRO SECO;Transitar na contramão;Colisão frontal;Com Vítimas Feridas;Pleno dia;Decrescente;Céu Claro;Simples;Curva;Não;5;0;2;0;3;0;2;2;-9,61304407;-35,87302606;SPRF-AL;DEL02-AL;UOP01-DEL02-AL
592400;07/04/2024;domingo;10:45:00;ES;101;277;SERRA;Demais falhas mecânicas ou elétricas;Queda de ocupante de veículo;Com Vítimas Feridas;Pleno dia;Crescente;Céu Claro;Dupla;Reta;Não;2;0;2;0;0;0;2;1;-20,21307738;-40,32125972;SPRF-ES;DEL02-ES;UOP01-DEL02-ES
592401;07/04/2024;domingo;11:00:00;SC;282;1;FLORIANOPOLIS;Trafegar com motocicleta (ou similar) entre as faixas;Colisão traseira;Com Vítimas Feridas;Pleno dia;Decrescente;Nublado;Múltipla;Reta;Sim;2;0;1;0;1;0;1;2;-27,602955;-48,580509;SPRF-SC;DEL01-SC;UOP01-DEL01-SC
592403;07/04/2024;domingo;03:00:00;ES;259;94,2;BAIXO GUANDU;Ingestão de álcool pelo condutor;Tombamento;Sem Vítimas;Plena Noite;Decrescente;Nublado;Simples;Reta;Não;4;0;0;0;0;4;0;2;-19,50330121;-40,94324306;SPRF-ES;DEL02-ES;UOP01-DEL02-ES
592404;07/04/2024;domingo;10:30:00;MG;262;379,9;JUATUBA;Ausência de reação do condutor;Tombamento;Com Vítimas Feridas;Pleno dia;Decrescente;Céu Claro;Dupla;"Declive;Curva";Não;1;0;1;0;0;0;1;1;-19,9349315;-44,4285924;SPRF-MG;DEL01-MG;UOP03-DEL01-MG
592405;07/04/2024;domingo;11:30:00;MG;381;519;IGARAPE;Ausência de reação do condutor;Tombamento;Com Vítimas Feridas;Pleno dia;Decrescente;Céu Claro;Dupla;"Declive;Curva";Não;1;0;1;0;0;0;1;1;-20,12834104;-44,30330781;SPRF-MG;DEL01-MG;UOP03-DEL01-MG
592406;07/04/2024;domingo;10:45:00;MT;158;794;BARRA DO GARCAS;Ausência de reação do condutor;Saída de leito carroçável;Com Vítimas Feridas;Pleno dia;Crescente;Céu Claro;Simples;Curva;Não;2;0;2;0;0;0;2;1;-15,85742032;-52,31382782;SPRF-MT;DEL07-MT;UOP01-DEL07-MT
592408;07/04/2024;domingo;11:40:00;CE;222;4,8;CAUCAIA;Desrespeitar a preferência no cruzamento;Colisão transversal;Com Vítimas Feridas;Pleno dia;Decrescente;Céu Claro;Múltipla;Reta;Sim;2;0;1;0;1;0;1;2;-3,74275809;-38,61200994;SPRF-CE;DEL01-CE;UOP01-DEL01-CE
592410;07/04/2024;domingo;11:03:00;MS;163;479;CAMPO GRANDE;Acessar a via sem observar a presença dos outros veículos;Colisão transversal;Com Vítimas Feridas;Pleno dia;Decrescente;Garoa/Chuvisco;Simples;"Interseção de Vias;Reta";Sim;3;0;1;0;2;0;1;2;-20,4866343;-54,559264;SPRF-MS;DEL01-MS;UOP01-DEL01-MS
592411;07/04/2024;domingo;11:40:00;SP;381;84;SAO PAULO;Condutor Dormindo;Colisão traseira;Com Vítimas Fatais;Pleno dia;Crescente;Sol;Múltipla;Reta;Sim;2;1;0;0;1;0;0;2;-23,43937;-46,56807;SPRF-SP;DEL03-SP;UOP01-DEL03-SP
592412;07/04/2024;domingo;10:15:00;MT;174;5;PONTES E LACERDA;Pedestre cruzava a pista fora da faixa;Atropelamento de Pedestre;Com Vítimas Feridas;Pleno dia;Crescente;Céu Claro;Simples;Reta;Sim;3;0;1;0;2;0;1;2;-15,226537;-59,335728;SPRF-MT;DEL04-MT;UOP01-DEL04-MT
592413;07/04/2024;domingo;08:40:00;MA;135;24;SAO LUIS;Acessar a via sem observar a presença dos outros veículos;Colisão transversal;Com Vítimas Feridas;Pleno dia;Crescente;Nublado;Dupla;Reta;Sim;2;0;0;1;1;0;1;2;-2,75938096;-44,35428204;SPRF-MA;DEL01-MA;UOP01-DEL01-MA
592414;07/04/2024;domingo;12:15:00;MG;381;533;ITATIAIUCU;Reação tardia ou ineficiente do condutor;Saída de leito carroçável;Com Vítimas Feridas;Pleno dia;Decrescente;Nublado;Dupla;Curva;Não;1;0;1;0;0;0;1;1;-20,19896036;-44,38641307;SPRF-MG;DEL04-MG;UOP03-DEL04-MG
592415;07/04/2024;domingo;10:10:00;PB;230;350;PATOS;Ausência de reação do condutor;Colisão traseira;Com Vítimas Feridas;Pleno dia;Decrescente;Céu Claro;Simples;Reta;Não;2;0;0;1;1;0;1;2;-6,9504;-37,3885;SPRF-PB;DEL03-PB;UOP01-DEL03-PB
592417;07/04/2024;domingo;10:40:00;MG;50;141;UBERABA;Velocidade Incompatível;Tombamento;Com Vítimas Feridas;Pleno dia;Decrescente;Céu Claro;Dupla;Reta;Não;1;0;0;1;0;0;1;1;-19,48525501;-48,05065502;SPRF-MG;DEL13-MG;UOP01-DEL13-MG
592421;07/04/2024;domingo;12:50:00;SC;282;68;RANCHO QUEIMADO;Neblina;Saída de leito carroçável;Com Vítimas Feridas;Pleno dia;Crescente;Garoa/Chuvisco;Simples;Curva;Não;1;0;1;0;0;0;1;1;-27,692406;-49,075939;SPRF-SC;DEL01-SC;UOP03-DEL01-SC
592423;04/04/2024;quinta-feira;06:50:00;RO;364;7,2;VILHENA;Ausência de reação do condutor;Colisão transversal;Com Vítimas Feridas;Pleno dia;Decrescente;Céu Claro;Simples;Reta;Não;2;0;2;0;0;0;2;2;-12,77528271;-60,09343457;SPRF-RO;DEL04-RO;UOP01-DEL04-RO
592424;07/04/2024;domingo;13:23:00;PE;101;67,5;RECIFE;Reação tardia ou ineficiente do condutor;Colisão traseira;Com Vítimas Feridas;Pleno dia;Crescente;Céu Claro;Dupla;Reta;Sim;3;0;0;2;1;0;2;2;-8,042334;-34,943096;SPRF-PE;DEL01-PE;UOP01-DEL01-PE
592425;07/04/2024;domingo;14:15:00;MG;381;359;JOAO MONLEVADE;Acessar a via sem observar a presença dos outros veículos;Colisão transversal;Com Vítimas Feridas;Pleno dia;Crescente;Céu Claro;Simples;"Interseção de Vias;Reta";Não;6;0;1;0;5;0;1;2;-19,84107841;-43,19888592;SPRF-MG;DEL03-MG;UOP01-DEL03-MG
592426;07/04/2024;domingo;12:40:00;RJ;40;106;DUQUE DE CAXIAS;Ultrapassagem Indevida;Colisão lateral mesmo sentido;Com Vítimas Feridas;Pleno dia;Crescente;Céu Claro;Dupla;Reta;Sim;4;0;1;1;2;0;2;2;-22,64679;-43,283726;SPRF-RJ;DEL01-RJ;UOP02-DEL01-RJ
592427;07/04/2024;domingo;14:05:00;SP;116;204;ARUJA;Manobra de mudança de faixa;Colisão traseira;Com Vítimas Feridas;Pleno dia;Crescente;Nublado;Dupla;"Reta;Declive";Sim;3;0;1;0;2;0;1;2;-23,41186251;-46,35507345;SPRF-SP;DEL01-SP;UOP01-DEL01-SP
592428;07/04/2024;domingo;10:00:00;SC;116;77,9;MONTE CASTELO;Mal súbito do condutor;Saída de leito carroçável;Com Vítimas Feridas;Pleno dia;Decrescente;Céu Claro;Simples;"Reta;Declive";Não;1;0;1;0;0;0;1;1;-26,52947196;-50,22592053;SPRF-SC;DEL06-SC;UOP02-DEL06-SC
592429;07/04/2024;domingo;13:09:00;RJ;40;22;TRES RIOS;Reação tardia ou ineficiente do condutor;Colisão lateral mesmo sentido;Com Vítimas Feridas;Pleno dia;Crescente;Céu Claro;Dupla;Curva;Não;2;0;2;0;0;0;2;2;-22,12244792;-43,1568498;SPRF-RJ;DEL05-RJ;UOP02-DEL05-RJ
592430;07/04/2024;domingo;14:50:00;MG;381;933,1;EXTREMA;Curva acentuada;Colisão com objeto;Com Vítimas Feridas;Pleno dia;Decrescente;Céu Claro;Dupla;Curva;Não;1;0;1;0;0;0;1;1;-22,79728416;-46,25397205;SPRF-MG;DEL16-MG;UOP03-DEL16-MG
592433;07/04/2024;domingo;15:15:00;SP;381;58;MAIRIPORA;Reação tardia ou ineficiente do condutor;Engavetamento;Sem Vítimas;Pleno dia;Crescente;Sol;Dupla;Reta;Não;10;0;0;0;10;0;0;3;-23,27438497;-46,58530615;SPRF-SP;DEL03-SP;UOP01-DEL03-SP
592435;07/04/2024;domingo;12:40:00;RN;110;47,4;MOSSORO;Ausência de reação do condutor;Engavetamento;Sem Vítimas;Pleno dia;Decrescente;Céu Claro;Simples;Reta;Sim;3;0;0;0;2;1;0;3;-5,20338376;-37,32563418;SPRF-RN;DEL04-RN;UOP01-DEL04-RN
592437;05/04/2024;sexta-feira;20:00:00;AM;319;531,4;TAPAUA;Ausência de reação do condutor;Saída de leito carroçável;Sem Vítimas;Plena Noite;Decrescente;Nublado;Simples;Reta;Não;4;0;0;0;4;0;0;1;-6,4992338;-62,90641421;SPRF-AM;DEL01-AM;UOP04-DEL01-AM
592438;07/04/2024;domingo;15:20:00;GO;60;58;ABADIANIA;Condutor Dormindo;Saída de leito carroçável;Com Vítimas Feridas;Pleno dia;Crescente;Céu Claro;Dupla;Reta;Não;4;0;2;0;2;0;2;1;-16,1865;-48,6872;SPRF-GO;DEL02-GO;UOP01-DEL02-GO
592439;07/04/2024;domingo;15:40:00;MG;40;259,9;SAO GONCALO DO ABAETE;Avarias e/ou desgaste excessivo no pneu;Tombamento;Com Vítimas Feridas;Pleno dia;Crescente;Sol;Simples;Reta;Não;2;0;2;0;0;0;2;1;-18,13757703;-45,363407;SPRF-MG;DEL14-MG;UOP02-DEL14-MG
592440;07/04/2024;domingo;13:30:00;SC;101;158,2;PORTO BELO;Chuva;Tombamento;Com Vítimas Feridas;Pleno dia;Crescente;Chuva;Dupla;Reta;Sim;1;0;1;0;0;0;1;1;-27,19096301;-48,61259017;SPRF-SC;DEL04-SC;UOP03-DEL04-SC
592441;07/04/2024;domingo;12:30:00;SC;282;301,9;VARGEM;Velocidade Incompatível;Saída de leito carroçável;Com Vítimas Feridas;Pleno dia;Decrescente;Chuva;Simples;Curva;Não;1;0;1;0;0;0;1;1;-27,510321;-50,922432;SPRF-SC;DEL07-SC;UOP06-DEL07-SC
592442;07/04/2024;domingo;15:30:00;PR;116;119;CURITIBA;Reação tardia ou ineficiente do condutor;Colisão traseira;Com Vítimas Feridas;Pleno dia;Crescente;Nublado;Dupla;"Reta;Aclive";Sim;2;0;1;0;1;0;1;2;-25,58271822;-49,31360364;SPRF-PR;DEL01-PR;UOP03-DEL01-PR
592443;07/04/2024;domingo;08:03:00;MS;163;800;SONORA;Ingestão de álcool pelo condutor;Saída de leito carroçável;Sem Vítimas;Pleno dia;Crescente;Céu Claro;Simples;Reta;Não;1;0;0;0;1;0;0;1;-17,91742306;-54,68897427;SPRF-MS;DEL06-MS;UOP01-DEL06-MS
592444;07/04/2024;domingo;15:00:00;SP;116;505;CAJATI;Reação tardia ou ineficiente do condutor;Saída de leito carroçável;Com Vítimas Feridas;Pleno dia;Decrescente;Garoa/Chuvisco;Dupla;"Declive;Curva";Não;2;0;1;0;1;0;1;1;-24,79028098;-48,21075278;SPRF-SP;DEL05-SP;UOP02-DEL05-SP
592445;07/04/2024;domingo;09:30:00;SC;470;284,1;BRUNOPOLIS;Velocidade Incompatível;Saída de leito carroçável;Com Vítimas Feridas;Pleno dia;Crescente;Chuva;Simples;Curva;Não;3;0;2;0;1;0;2;1;-27,331482;-50,902504;SPRF-SC;DEL07-SC;UOP06-DEL07-SC
592446;07/04/2024;domingo;15:40:00;MG;40;439,8;PARAOPEBA;Velocidade Incompatível;Saída de leito carroçável;Com Vítimas Feridas;Pleno dia;Crescente;Céu Claro;Dupla;"Reta;Declive";Não;5;0;4;0;1;0;4;1;-19,255043;-44,422787;SPRF-MG;DEL02-MG;UOP01-DEL02-MG
592447;07/04/2024;domingo;16:00:00;SC;101;117,1;ITAJAI;Ausência de reação do condutor;Colisão transversal;Com Vítimas Feridas;Pleno dia;Crescente;Nublado;Simples;Interseção de Vias;Não;3;0;1;0;2;0;1;2;-26,88747187;-48,72252969;SPRF-SC;DEL04-SC;UOP04-DEL04-SC
592448;07/04/2024;domingo;16:00:00;PI;343;345;TERESINA;Condutor desrespeitou a iluminação vermelha do semáforo;Colisão transversal;Com Vítimas Feridas;Pleno dia;Crescente;Céu Claro;Simples;Interseção de Vias;Sim;2;0;0;2;0;0;2;2;-5,102889;-42,766506;SPRF-PI;DEL01-PI;UOP01-DEL01-PI
592449;02/03/2024;sábado;23:01:00;RJ;40;112;DUQUE DE CAXIAS;Acessar a via sem observar a presença dos outros veículos;Atropelamento de Pedestre;Com Vítimas Feridas;Plena Noite;Crescente;Céu Claro;Dupla;Reta;Sim;1;0;1;0;0;0;1;1;-22,7004454;-43,29014851;SPRF-RJ;DEL01-RJ;UOP02-DEL01-RJ
592451;07/04/2024;domingo;15:30:00;PI;316;58,1;MONSENHOR GIL;Reação tardia ou ineficiente do condutor;Colisão traseira;Com Vítimas Feridas;Pleno dia;Crescente;Céu Claro;Simples;Reta;Sim;2;0;1;0;1;0;1;2;-5,55728008;-42,61182961;SPRF-PI;DEL01-PI;UOP02-DEL01-PI
592453;14/01/2024;domingo;14:30:00;MG;40;590;ITABIRITO;Reação tardia ou ineficiente do condutor;Colisão frontal;Com Vítimas Fatais;Pleno dia;Crescente;Nublado;Simples;Curva;Não;6;1;0;3;1;1;3;3;-20,36807799;-43,90982881;SPRF-MG;DEL01-MG;UOP02-DEL01-MG
592454;07/04/2024;domingo;15:55:00;PB;230;88,9;GURINHEM;Manobra de mudança de faixa;Colisão lateral mesmo sentido;Com Vítimas Feridas;Pleno dia;Crescente;Céu Claro;Dupla;Reta;Sim;4;0;2;0;1;1;2;3;-7,17324089;-35,39492369;SPRF-PB;DEL01-PB;UOP03-DEL01-PB
592457;03/04/2024;quarta-feira;06:40:00;BA;116;361;SERRINHA;Ausência de reação do condutor;Colisão lateral sentido oposto;Com Vítimas Feridas;Pleno dia;Crescente;Céu Claro;Simples;Curva;Não;5;0;1;1;1;2;2;3;-11,68178208;-38,99221112;SPRF-BA;DEL02-BA;UOP01-DEL02-BA
592458;03/04/2024;quarta-feira;13:30:00;RJ;40;95;DUQUE DE CAXIAS;Reação tardia ou ineficiente do condutor;Tombamento;Com Vítimas Feridas;Pleno dia;Decrescente;Céu Claro;Dupla;"Aclive;Curva";Não;1;0;1;0;0;0;1;1;-22,56473883;-43,2702971;SPRF-RJ;DEL01-RJ;UOP01-DEL01-RJ
592459;07/04/2024;domingo;16:32:00;PR;369;148;LONDRINA;Condutor desrespeitou a iluminação vermelha do semáforo;Colisão transversal;Com Vítimas Feridas;Pleno dia;Decrescente;Céu Claro;Dupla;"Reta;Interseção de Vias";Sim;3;0;1;0;2;0;1;3;-23,29306897;-51,1429364;SPRF-PR;DEL07-PR;UOP01-DEL07-PR
592462;07/04/2024;domingo;17:30:00;RN;226;61;SENADOR ELOI DE SOUZA;Condutor deixou de manter distância do veículo da frente;Colisão traseira;Com Vítimas Feridas;Anoitecer;Decrescente;Céu Claro;Simples;Reta;Não;4;0;2;0;1;1;2;3;-6,05016006;-35,67466683;SPRF-RN;DEL01-RN;UOP02-DEL01-RN
592463;07/04/2024;domingo;17:40:00;PR;369;236;JANDAIA DO SUL;Velocidade Incompatível;Colisão transversal;Com Vítimas Feridas;Pleno dia;Crescente;Céu Claro;Simples;Reta;Não;2;0;2;0;0;0;2;2;-23,63694646;-51,67779922;SPRF-PR;DEL09-PR;UOP01-DEL09-PR
592464;07/04/2024;domingo;16:40:00;RS;386;307;POUSO NOVO;Transitar na contramão;Colisão frontal;Com Vítimas Feridas;Pleno dia;Crescente;Chuva;Simples;"Aclive;Curva";Não;6;0;3;0;3;0;3;2;-29,202335;-52,183838;SPRF-RS;DEL04-RS;UOP01-DEL04-RS
592465;07/04/2024;domingo;18:00:00;GO;414;435;ANAPOLIS;Ingestão de álcool pelo condutor;Colisão traseira;Com Vítimas Feridas;Pleno dia;Crescente;Céu Claro;Simples;Reta;Sim;6;0;1;0;5;0;1;2;-16,25482505;-48,9361188;SPRF-GO;DEL02-GO;UOP01-DEL02-GO
592466;07/04/2024;domingo;18:05:00;SP;116;209;GUARULHOS;Manobra de mudança de faixa;Colisão lateral mesmo sentido;Com Vítimas Feridas;Plena Noite;Crescente;Vento;Múltipla;Aclive;Sim;2;0;1;0;0;1;1;2;-23,42511799;-46,40221101;SPRF-SP;DEL01-SP;UOP01-DEL01-SP
592467;07/04/2024;domingo;13:50:00;AM;174;941;MANAUS;Reação tardia ou ineficiente do condutor;Saída de leito carroçável;Com Vítimas Feridas;Pleno dia;Decrescente;Céu Claro;Simples;"Reta;Declive";Não;3;0;0;2;0;1;2;2;-2,47840908;-60,03104466;SPRF-AM;DEL01-AM;UOP01-DEL01-AM
592469;07/04/2024;domingo;17:30:00;MG;153;19;CENTRALINA;Pista esburacada;Queda de ocupante de veículo;Com Vítimas Feridas;Anoitecer;Decrescente;Céu Claro;Dupla;Reta;Não;1;0;1;0;0;0;1;1;-18,587774;-49,1929339;SPRF-MG;DEL15-MG;UOP03-DEL15-MG
592470;07/04/2024;domingo;16:50:00;BA;324;616;SALVADOR;Chuva;Capotamento;Sem Vítimas;Pleno dia;Decrescente;Chuva;Simples;Reta;Sim;1;0;0;0;0;1;0;1;-12,87957905;-38,43213893;SPRF-BA;DEL01-BA;UOP01-DEL01-BA
592472;07/04/2024;domingo;14:00:00;PR;163;173,1;LINDOESTE;Acumulo de água sobre o pavimento;Colisão com objeto;Com Vítimas Feridas;Pleno dia;Decrescente;Chuva;Dupla;Reta;Não;2;0;2;0;0;0;2;1;-25,23379293;-53,58962939;SPRF-PR;DEL05-PR;UOP05-DEL05-PR
592474;07/04/2024;domingo;18:10:00;SP;116;163,9;JACAREI;Ausência de reação do condutor;Colisão traseira;Com Vítimas Feridas;Plena Noite;Crescente;Céu Claro;Dupla;Reta;Não;2;0;0;1;1;0;1;2;-23,28649584;-45,9919851;SPRF-SP;DEL02-SP;UOP01-DEL02-SP
592476;07/04/2024;domingo;18:10:00;RN;226;348,2;ALMINO AFONSO;Ingestão de álcool pelo condutor;Colisão traseira;Com Vítimas Fatais;Plena Noite;Crescente;Céu Claro;Simples;Reta;Não;2;1;0;0;1;0;0;2;-6,13016113;-37,71117789;SPRF-RN;DEL04-RN;UOP01-DEL04-RN
592477;07/04/2024;domingo;14:50:00;MT;70;727;CACERES;Ausência de reação do condutor;Saída de leito carroçável;Com Vítimas Feridas;Pleno dia;Crescente;Céu Claro;Simples;Reta;Não;1;0;1;0;0;0;1;1;-16,123571;-57,661716;SPRF-MT;DEL03-MT;UOP01-DEL03-MT
592478;07/04/2024;domingo;15:15:00;MT;163;661;LUCAS DO RIO VERDE;Acumulo de água sobre o pavimento;Saída de leito carroçável;Com Vítimas Feridas;Pleno dia;Crescente;Chuva;Simples;Reta;Não;4;0;4;0;0;0;4;1;-13,291568;-56,033887;SPRF-MT;DEL06-MT;UOP01-DEL06-MT
592479;07/04/2024;domingo;10:25:00;TO;153;234;COLINAS DO TOCANTINS;Reação tardia ou ineficiente do condutor;Saída de leito carroçável;Com Vítimas Feridas;Pleno dia;Decrescente;Céu Claro;Simples;Declive;Não;1;0;1;0;0;0;1;1;-7,94085204;-48,46543729;SPRF-TO;DEL02-TO;UOP01-DEL02-TO
592480;07/04/2024;domingo;18:25:00;SP;381;36;ATIBAIA;Ingestão de álcool pelo condutor;Colisão com objeto;Com Vítimas Feridas;Plena Noite;Decrescente;Céu Claro;Dupla;Reta;Não;1;0;1;0;0;0;1;1;-23,09707232;-46,57180706;SPRF-SP;DEL03-SP;UOP01-DEL03-SP
592482;07/04/2024;domingo;11:00:00;SC;101;301;LAGUNA;Velocidade Incompatível;Capotamento;Com Vítimas Feridas;Pleno dia;Crescente;Céu Claro;Múltipla;Reta;Sim;2;0;1;1;0;0;2;1;-28,34625432;-48,73549064;SPRF-SC;DEL02-SC;UOP03-DEL02-SC
592483;07/04/2024;domingo;18:30:00;PR;277;99,1;CURITIBA;Ausência de reação do condutor;Tombamento;Com Vítimas Feridas;Anoitecer;Crescente;Céu Claro;Dupla;Reta;Não;2;0;1;0;1;0;1;1;-25,43123832;-49,36076224;SPRF-PR;DEL01-PR;UOP06-DEL01-PR
592484;07/04/2024;domingo;17:15:00;AL;101;9,9;NOVO LINO;Velocidade Incompatível;Colisão traseira;Sem Vítimas;Anoitecer;Decrescente;Nublado;Dupla;"Retorno Regulamentado;Reta";Sim;4;0;0;0;4;0;0;2;-8,94483876;-35,65853065;SPRF-AL;DEL01-AL;UOP02-DEL01-AL
592485;07/04/2024;domingo;18:30:00;SP;116;516;CAJATI;Reação tardia ou ineficiente do condutor;Queda de ocupante de veículo;Com Vítimas Feridas;Anoitecer;Decrescente;Garoa/Chuvisco;Simples;"Declive;Curva";Não;2;0;1;0;1;0;1;1;-24,87423036;-48,2190838;SPRF-SP;DEL05-SP;UOP02-DEL05-SP