id;data_inversa;dia_semana;horario;uf;br;km;municipio;causa_acidente;tipo_acidente;classificacao_acidente;fase_dia;sentido_via;condicao_metereologica;tipo_pista;tracado_via;uso_solo;pessoas;mortos;feridos_leves;feridos_graves;ilesos;ignorados;feridos;veiculos;latitude;longitude;regional;delegacia;uop
592487;07/04/2024;domingo;19:00:00;MG;116;640;DIVINO;Conversão proibida;Colisão frontal;Com Vítimas Feridas;Plena Noite;Crescente;Céu Claro;Simples;"Aclive;Reta";Não;7;0;6;0;1;0;6;2;-20,64979111;-42,24531979;SPRF-MG;DEL07-MG;UOP02-DEL07-MG
592488;07/04/2024;domingo;18:00:00;MG;262;797,2;UBERABA;Manobra de mudança de faixa;Colisão lateral sentido oposto;Com Vítimas Feridas;Plena Noite;Decrescente;Céu Claro;Simples;Reta;Não;4;0;1;0;3;0;1;2;-19,76522565;-47,86944866;SPRF-MG;DEL13-MG;UOP01-DEL13-MG
592489;07/04/2024;domingo;16:00:00;SC;470;267,8;CURITIBANOS;Ingestão de álcool pelo condutor;Saída de leito carroçável;Com Vítimas Feridas;Pleno dia;Decrescente;Nublado;Simples;"Aclive;Curva";Não;1;0;0;1;0;0;1;1;-27,312983;-50,73885;SPRF-SC;DEL05-SC;UOP03-DEL05-SC
592490;07/04/2024;domingo;17:40:00;MG;262;38,8;MANHUACU;Ausência de reação do condutor;Colisão traseira;Com Vítimas Feridas;Anoitecer;Decrescente;Céu Claro;Simples;"Reta;Ponte";Sim;2;0;1;1;0;0;2;2;-20,26305859;-42,03684948;SPRF-MG;DEL06-MG;UOP03-DEL06-MG
592491;07/04/2024;domingo;17:20:00;SC;280;78;CORUPA;Manobra de mudança de faixa;Colisão traseira;Com Vítimas Feridas;Anoitecer;Crescente;Céu Claro;Simples;Curva;Não;3;0;2;0;1;0;2;2;-26,45019273;-49,1935729;SPRF-SC;DEL06-SC;UOP03-DEL06-SC
592492;07/04/2024;domingo;19:30:00;SP;116;77,2;ROSEIRA;Ingestão de álcool pelo condutor;Saída de leito carroçável;Com Vítimas Feridas;Plena Noite;Crescente;Céu Claro;Dupla;Reta;Não;1;0;1;0;0;0;1;1;-22,88334222;-45,27934983;SPRF-SP;DEL08-SP;UOP01-DEL08-SP
592495;07/04/2024;domingo;19:20:00;BA;418;89;NOVA VICOSA;Ingestão de álcool pelo condutor;Colisão frontal;Sem Vítimas;Plena Noite;Crescente;Céu Claro;Simples;Reta;Sim;4;0;0;0;4;0;0;2;-17,88709248;-39,83068288;SPRF-BA;DEL09-BA;UOP02-DEL09-BA
592496;03/04/2024;quarta-feira;20:00:00;MG;365;411,7;PATOS DE MINAS;Reação tardia ou ineficiente do condutor;Saída de leito carroçável;Sem Vítimas;Plena Noite;Crescente;Nublado;Simples;Reta;Não;1;0;0;0;0;1;0;1;-18,66471509;-46,52792394;SPRF-MG;DEL10-MG;UOP01-DEL10-MG
592497;07/04/2024;domingo;20:01:00;DF;20;8;BRASILIA;Velocidade Incompatível;Colisão com objeto;Com Vítimas Feridas;Plena Noite;Crescente;Céu Claro;Dupla;"Aclive;Reta";Sim;2;0;0;2;0;0;2;1;-15,658386;-47,791534;SPRF-DF;DEL02-DF;UOP01-DEL02-DF
592498;07/04/2024;domingo;19:30:00;CE;222;4,1;CAUCAIA;Pedestre cruzava a pista fora da faixa;Atropelamento de Pedestre;Com Vítimas Feridas;Plena Noite;Decrescente;Nublado;Múltipla;Reta;Sim;3;0;2;1;0;0;3;2;-3,74164754;-38,60449792;SPRF-CE;DEL01-CE;UOP01-DEL01-CE
592499;07/04/2024;domingo;18:00:00;RJ;101;550;PARATY;Objeto estático sobre o leito carroçável;Tombamento;Com Vítimas Feridas;Plena Noite;Decrescente;Chuva;Simples;Reta;Não;1;0;1;0;0;0;1;1;-23,0475;-44,664867;SPRF-RJ;DEL03-RJ;UOP04-DEL03-RJ
592500;07/04/2024;domingo;20:40:00;RS;448;22;PORTO ALEGRE;Velocidade Incompatível;Saída de leito carroçável;Com Vítimas Feridas;Plena Noite;Crescente;Chuva;Dupla;Curva;Sim;2;0;1;0;1;0;1;1;-29,972212;-51,199139;SPRF-RS;DEL01-RS;UOP01-DEL01-RS
592504;07/04/2024;domingo;20:40:00;MG;40;686,1;RESSAQUINHA;Curva acentuada;Colisão com objeto;Com Vítimas Feridas;Plena Noite;Decrescente;Céu Claro;Simples;Curva;Não;1;0;1;0;0;0;1;1;-21,07382701;-43,766731;SPRF-MG;DEL05-MG;UOP02-DEL05-MG
592506;07/04/2024;domingo;20:00:00;PB;230;37;SANTA RITA;Ingestão de álcool pelo condutor;Saída de leito carroçável;Sem Vítimas;Plena Noite;Crescente;Céu Claro;Dupla;Reta;Sim;2;0;0;0;2;0;0;1;-7,13106399;-34,95620012;SPRF-PB;DEL01-PB;UOP03-DEL01-PB
592507;07/04/2024;domingo;16:40:00;SC;282;400,8;JOACABA;Curva acentuada;Saída de leito carroçável;Com Vítimas Feridas;Plena Noite;Crescente;Chuva;Dupla;Curva;Não;4;0;4;0;0;0;4;1;-27,132223;-51,627563;SPRF-SC;DEL07-SC;UOP05-DEL07-SC
592508;07/04/2024;domingo;19:50:00;RS;116;112,8;SAO MARCOS;Reação tardia ou ineficiente do condutor;Saída de leito carroçável;Com Vítimas Feridas;Plena Noite;Crescente;Nevoeiro/Neblina;Simples;Reta;Sim;2;0;0;1;0;1;1;2;-28,94827931;-51,08170135;SPRF-RS;DEL05-RS;UOP01-DEL05-RS
592509;07/04/2024;domingo;21:30:00;GO;40;2,9;VALPARAISO DE GOIAS;Reação tardia ou ineficiente do condutor;Queda de ocupante de veículo;Com Vítimas Feridas;Plena Noite;Crescente;Céu Claro;Dupla;Reta;Sim;3;0;2;0;1;0;2;2;-16,067129;-47,984235;SPRF-DF;DEL01-DF;UOP01-DEL01-DF
592510;07/04/2024;domingo;19:29:00;MS;262;16;TRES LAGOAS;Reação tardia ou ineficiente do condutor;Saída de leito carroçável;Com Vítimas Feridas;Plena Noite;Decrescente;Chuva;Simples;Reta;Não;3;0;3;0;0;0;3;1;-20,81380239;-51,74605698;SPRF-MS;DEL07-MS;UOP01-DEL07-MS
592512;07/04/2024;domingo;18:00:00;RN;406;100,8;JOAO CAMARA;Demais falhas mecânicas ou elétricas;Incêndio;Sem Vítimas;Plena Noite;Crescente;Ignorado;Simples;"Aclive;Reta";Não;1;0;0;0;0;1;0;1;-5,51949331;-35,83149109;SPRF-RN;DEL02-RN;UOP01-DEL02-RN
592514;07/04/2024;domingo;20:43:00;PE;232;397;SERRA TALHADA;Avarias e/ou desgaste excessivo no pneu;Tombamento;Com Vítimas Feridas;Plena Noite;Crescente;Céu Claro;Simples;Reta;Não;2;0;2;0;0;0;2;1;-8,01766271;-38,19979581;SPRF-PE;DEL04-PE;UOP01-DEL04-PE
592515;07/04/2024;domingo;18:55:00;PB;104;115,3;LAGOA SECA;Reação tardia ou ineficiente do condutor;Colisão frontal;Com Vítimas Feridas;Plena Noite;Decrescente;Céu Claro;Simples;"Aclive;Reta";Não;4;0;3;1;0;0;4;2;-7,1620139;-35,85712429;SPRF-PB;DEL02-PB;UOP04-DEL02-PB
592516;07/04/2024;domingo;19:00:00;GO;414;212,5;NIQUELANDIA;Entrada inopinada do pedestre;Atropelamento de Pedestre;Com Vítimas Fatais;Plena Noite;Crescente;Céu Claro;Simples;Reta;Não;3;1;1;1;0;0;2;2;-14,52524676;-48,5251062;SPRF-GO;DEL07-GO;UOP02-DEL07-GO
592518;07/04/2024;domingo;21:15:00;RJ;101;326;NITEROI;Trafegar com motocicleta (ou similar) entre as faixas;Colisão lateral mesmo sentido;Com Vítimas Feridas;Plena Noite;Decrescente;Céu Claro;Dupla;"Ponte;Reta";Não;5;0;2;0;3;0;2;2;-22,87206203;-43,146105;SPRF-RJ;DEL02-RJ;UOP01-DEL02-RJ
592520;07/04/2024;domingo;21:30:00;SC;101;120,5;ITAJAI;Manobra de mudança de faixa;Colisão lateral mesmo sentido;Com Vítimas Feridas;Plena Noite;Decrescente;Nublado;Dupla;Reta;Não;2;0;1;0;1;0;1;2;-26,912758;-48,711998;SPRF-SC;DEL04-SC;UOP04-DEL04-SC
592521;07/04/2024;domingo;17:10:00;RJ;40;123;DUQUE DE CAXIAS;Ultrapassagem Indevida;Colisão lateral mesmo sentido;Com Vítimas Feridas;Pleno dia;Decrescente;Nublado;Múltipla;Reta;Sim;4;0;2;0;1;1;2;3;-22,79907687;-43,29015739;SPRF-RJ;DEL01-RJ;UOP02-DEL01-RJ
592522;07/04/2024;domingo;18:50:00;SC;470;147;AGRONOMICA;Entrada inopinada do pedestre;Atropelamento de Pedestre;Com Vítimas Feridas;Plena Noite;Crescente;Céu Claro;Simples;Ponte;Não;2;0;1;0;1;0;1;2;-27,243439;-49,690025;SPRF-SC;DEL04-SC;UOP02-DEL04-SC
592523;07/04/2024;domingo;20:00:00;MA;135;51;BACABEIRA;Reação tardia ou ineficiente do condutor;Saída de leito carroçável;Com Vítimas Feridas;Plena Noite;Decrescente;Céu Claro;Simples;"Viaduto;Curva";Sim;2;0;2;0;0;0;2;1;-2,97381685;-44,31630135;SPRF-MA;DEL01-MA;UOP01-DEL01-MA
592524;07/04/2024;domingo;21:00:00;SP;381;33;ATIBAIA;Manobra de mudança de faixa;Queda de ocupante de veículo;Com Vítimas Feridas;Plena Noite;Decrescente;Céu Claro;Dupla;Reta;Não;2;0;0;1;1;0;1;1;-23,0728028;-46,56673562;SPRF-SP;DEL03-SP;UOP02-DEL03-SP
592525;07/04/2024;domingo;20:20:00;PR;116;10;COLOMBO;Reação tardia ou ineficiente do condutor;Colisão com objeto;Com Vítimas Feridas;Plena Noite;Crescente;Nublado;Dupla;Reta;Sim;1;0;1;0;0;0;1;1;-25,3719;-49,134;SPRF-PR;DEL01-PR;UOP02-DEL01-PR
592526;07/04/2024;domingo;21:50:00;GO;40;0,5;VALPARAISO DE GOIAS;Ausência de reação do condutor;Colisão traseira;Com Vítimas Feridas;Plena Noite;Decrescente;Céu Claro;Dupla;Reta;Sim;2;0;1;0;1;0;1;2;-16,053342;-47,981686;SPRF-DF;DEL01-DF;UOP01-DEL01-DF
592528;07/04/2024;domingo;19:47:00;PI;316;337;SANTO ANTONIO DE LISBOA;Pista esburacada;Tombamento;Com Vítimas Feridas;Plena Noite;Decrescente;Céu Claro;Simples;Reta;Não;1;0;1;0;0;0;1;1;-7,11059459;-41,23604807;SPRF-PI;DEL04-PI;UOP01-DEL04-PI
592529;07/04/2024;domingo;21:50:00;PE;407;124;PETROLINA;Ingestão de álcool pelo condutor;Colisão transversal;Com Vítimas Feridas;Plena Noite;Decrescente;Céu Claro;Dupla;"Interseção de Vias;Retorno Regulamentado";Sim;3;0;1;0;2;0;1;2;-9,37587508;-40,53793073;SPRF-PE;DEL06-PE;UOP01-DEL06-PE
592531;07/04/2024;domingo;21:00:00;PR;476;222;LAPA;Condutor Dormindo;Saída de leito carroçável;Sem Vítimas;Plena Noite;Crescente;Nublado;Simples;Reta;Não;1;0;0;0;1;0;0;1;-25,83713;-49,927334;SPRF-PR;DEL01-PR;UOP06-DEL01-PR
592533;07/04/2024;domingo;19:10:00;PA;222;97;RONDON DO PARA;Condutor deixou de manter distância do veículo da frente;Colisão traseira;Com Vítimas Fatais;Plena Noite;Decrescente;Nublado;Simples;Aclive;Não;3;2;0;0;0;1;0;2;-4,731023;-48,019905;SPRF-PA;DEL02-PA;UOP02-DEL02-PA
592535;07/04/2024;domingo;22:30:00;PB;230;8;CABEDELO;Ausência de reação do condutor;Colisão com objeto;Sem Vítimas;Plena Noite;Decrescente;Céu Claro;Dupla;Reta;Sim;1;0;0;0;1;0;0;1;-7,03460251;-34,84463096;SPRF-PB;DEL01-PB;UOP01-DEL01-PB
592536;07/04/2024;domingo;20:00:00;PE;116;50,4;SALGUEIRO;Ausência de reação do condutor;Saída de leito carroçável;Com Vítimas Feridas;Plena Noite;Crescente;Céu Claro;Simples;Reta;Não;2;0;2;0;0;0;2;1;-8,275598;-39,117893;SPRF-PE;DEL05-PE;UOP01-DEL05-PE
592539;07/04/2024;domingo;21:30:00;AM;230;612,7;HUMAITA;Reação tardia ou ineficiente do condutor;Colisão traseira;Sem Vítimas;Plena Noite;Decrescente;Céu Claro;Dupla;Reta;Sim;3;0;0;0;3;0;0;2;-7,513427;-63,029372;SPRF-AM;DEL01-AM;UOP05-DEL01-AM
592540;07/04/2024;domingo;22:27:00;SC;470;247,1;CURITIBANOS;Conversão proibida;Colisão frontal;Com Vítimas Fatais;Plena Noite;Crescente;Nublado;Simples;Reta;Não;5;1;1;0;3;0;1;2;-27,31297558;-50,55817008;SPRF-SC;DEL05-SC;UOP03-DEL05-SC
592541;07/04/2024;domingo;21:30:00;PI;222;15;SAO JOAO DA FRONTEIRA;Condutor Dormindo;Saída de leito carroçável;Sem Vítimas;Plena Noite;Crescente;Chuva;Simples;Reta;Não;1;0;0;0;1;0;0;1;-3,9783118;-41,34733407;SPRF-PI;DEL02-PI;UOP01-DEL02-PI
592542;07/04/2024;domingo;22:30:00;MG;40;523;CONTAGEM;Condutor Dormindo;Saída de leito carroçável;Sem Vítimas;Plena Noite;Crescente;Céu Claro;Dupla;Reta;Não;1;0;0;0;0;1;0;1;-19,86874894;-44,05962197;SPRF-MG;DEL01-MG;UOP02-DEL01-MG
592545;08/04/2024;segunda-feira;01:00:00;ES;101;404;ITAPEMIRIM;Condutor Dormindo;Saída de leito carroçável;Com Vítimas Feridas;Plena Noite;Crescente;Céu Claro;Simples;Curva;Não;5;0;5;0;0;0;5;1;-20,89541789;-41,00720306;SPRF-ES;DEL03-ES;UOP02-DEL03-ES
592546;08/04/2024;segunda-feira;00:30:00;GO;50;147,4;CAMPO ALEGRE DE GOIAS;Condutor Dormindo;Saída de leito carroçável;Com Vítimas Feridas;Plena Noite;Decrescente;Céu Claro;Dupla;Reta;Não;1;0;1;0;0;0;1;1;-17,1482;-47,7229;SPRF-GO;DEL06-GO;UOP01-DEL06-GO
592547;08/04/2024;segunda-feira;00:15:00;RN;406;143,6;CEARA-MIRIM;Animais na Pista;Atropelamento de Animal;Com Vítimas Feridas;Plena Noite;Decrescente;Chuva;Simples;"Aclive;Reta";Não;1;0;1;0;0;0;1;1;-5,64816875;-35,49487003;SPRF-RN;DEL02-RN;UOP01-DEL02-RN
592548;08/04/2024;segunda-feira;01:00:00;PR;277;67;SAO JOSE DOS PINHAIS;Ausência de reação do condutor;Capotamento;Sem Vítimas;Plena Noite;Crescente;Nublado;Dupla;Reta;Não;1;0;0;0;1;0;0;1;-25,54511074;-49,05291088;SPRF-PR;DEL01-PR;UOP01-DEL01-PR
592549;07/04/2024;domingo;19:45:00;MA;230;391;BALSAS;Deficiência do Sistema de Iluminação/Sinalização;Colisão traseira;Com Vítimas Feridas;Plena Noite;Crescente;Céu Claro;Simples;Reta;Não;4;0;1;2;1;0;3;2;-7,41720515;-45,99525969;SPRF-MA;DEL05-MA;UOP01-DEL05-MA
592550;08/04/2024;segunda-feira;00:30:00;PB;101;69;SANTA RITA;Acumulo de água sobre o pavimento;Saída de leito carroçável;Com Vítimas Feridas;Plena Noite;Crescente;Chuva;Dupla;Reta;Não;1;0;1;0;0;0;1;1;-7,06071589;-35,01964495;SPRF-PB;DEL01-PB;UOP04-DEL01-PB
592551;08/04/2024;segunda-feira;00:23:00;MG;381;654,9;SANTO ANTONIO DO AMPARO;Animais na Pista;Atropelamento de Animal;Com Vítimas Feridas;Plena Noite;Crescente;Céu Claro;Dupla;"Aclive;Curva";Não;3;0;3;0;0;0;3;1;-20,99437964;-44,96041633;SPRF-MG;DEL04-MG;UOP02-DEL04-MG
592552;08/04/2024;segunda-feira;01:15:00;PR;116;12;CAMPINA GRANDE DO SUL;Velocidade Incompatível;Colisão com objeto;Com Vítimas Feridas;Plena Noite;Crescente;Nevoeiro/Neblina;Múltipla;Curva;Não;5;0;1;0;4;0;1;1;-25,09706813;-48,65517895;SPRF-PR;DEL01-PR;UOP02-DEL01-PR
592553;08/04/2024;segunda-feira;00:15:00;MS;158;97,1;PARANAIBA;Ingestão de álcool pelo condutor;Saída de leito carroçável;Sem Vítimas;Plena Noite;Crescente;Chuva;Dupla;Reta;Sim;3;0;0;0;3;0;0;1;-19,69627676;-51,17701292;SPRF-MS;DEL08-MS;UOP01-DEL08-MS
592554;08/04/2024;segunda-feira;02:35:00;MG;40;774,4;JUIZ DE FORA;Pedestre cruzava a pista fora da faixa;Atropelamento de Pedestre;Com Vítimas Feridas;Plena Noite;Decrescente;Céu Claro;Dupla;Reta;Não;2;0;0;1;1;0;1;2;-21,63264999;-43,44311998;SPRF-MG;DEL05-MG;UOP01-DEL05-MG
592556;08/04/2024;segunda-feira;02:00:00;RJ;40;113;DUQUE DE CAXIAS;Reação tardia ou ineficiente do condutor;Colisão com objeto;Com Vítimas Feridas;Plena Noite;Crescente;Céu Claro;Dupla;Reta;Não;3;0;3;0;0;0;3;1;-22,70948502;-43,29040354;SPRF-RJ;DEL01-RJ;UOP02-DEL01-RJ
592557;08/04/2024;segunda-feira;03:30:00;RN;101;149,5;GOIANINHA;Reação tardia ou ineficiente do condutor;Saída de leito carroçável;Com Vítimas Fatais;Plena Noite;Crescente;Céu Claro;Dupla;Reta;Não;2;1;0;0;1;0;0;1;-6,28708712;-35,20055221;SPRF-RN;DEL01-RN;UOP01-DEL01-RN
592558;08/04/2024;segunda-feira;02:00:00;PR;373;180,2;PONTA GROSSA;Ingestão de álcool pelo condutor;Saída de leito carroçável;Com Vítimas Fatais;Plena Noite;Decrescente;Nublado;Simples;Reta;Sim;5;1;2;2;0;0;4;1;-25,04079885;-50,25222445;SPRF-PR;DEL03-PR;UOP01-DEL03-PR
592559;07/04/2024;domingo;23:20:00;MA;10;235;GOVERNADOR EDISON LOBAO;Manobra de mudança de faixa;Colisão transversal;Com Vítimas Feridas;Pleno dia;Decrescente;Nublado;Simples;Reta;Não;5;0;0;4;1;0;4;2;-5,663064;-47,384014;SPRF-MA;DEL04-MA;UOP01-DEL04-MA
592560;08/04/2024;segunda-feira;03:45:00;SC;101;28;JOINVILLE;Condutor Dormindo;Saída de leito carroçável;Com Vítimas Feridas;Plena Noite;Decrescente;Nublado;Dupla;Reta;Sim;2;0;1;0;1;0;1;1;-26,20697505;-48,91482635;SPRF-SC;DEL03-SC;UOP01-DEL03-SC
592563;08/04/2024;segunda-feira;04:45:00;PR;277;431,9;VIRMOND;Velocidade Incompatível;Saída de leito carroçável;Com Vítimas Feridas;Plena Noite;Decrescente;Chuva;Simples;"Declive;Curva";Não;5;0;1;0;4;0;1;1;-25,37416;-52,21886;SPRF-PR;DEL04-PR;UOP02-DEL04-PR
592565;07/04/2024;domingo;13:30:00;BA;110;180;RIBEIRA DO POMBAL;Ingestão de álcool pelo condutor;Saída de leito carroçável;Com Vítimas Fatais;Pleno dia;Decrescente;Céu Claro;Simples;Reta;Não;1;1;0;0;0;0;0;1;-10,893054;-38,5242952;SPRF-BA;DEL07-BA;UOP02-DEL07-BA
592567;08/04/2024;segunda-feira;05:10:00;SC;101;156;PORTO BELO;Reação tardia ou ineficiente do condutor;Capotamento;Com Vítimas Feridas;Amanhecer;Crescente;Nublado;Dupla;Reta;Não;5;0;2;2;1;0;4;3;-27,172272;-48,61170204;SPRF-SC;DEL04-SC;UOP03-DEL04-SC
592568;08/04/2024;segunda-feira;05:15:00;MG;381;272;CORONEL FABRICIANO;Animais na Pista;Atropelamento de Animal;Com Vítimas Fatais;Amanhecer;Decrescente;Céu Claro;Simples;"Aclive;Reta";Não;1;1;0;0;0;0;0;1;-19,525764;-42,664117;SPRF-MG;DEL03-MG;UOP02-DEL03-MG
592570;08/04/2024;segunda-feira;05:45:00;MG;40;62,5;PARACATU;Animais na Pista;Atropelamento de Animal;Com Vítimas Feridas;Amanhecer;Crescente;Céu Claro;Simples;"Reta;Declive";Não;1;0;1;0;0;0;1;1;-17,33582003;-46,75816707;SPRF-MG;DEL14-MG;UOP01-DEL14-MG
592571;08/04/2024;segunda-feira;07:00:00;SE;235;5,8;NOSSA SENHORA DO SOCORRO;Ausência de reação do condutor;Tombamento;Com Vítimas Feridas;Pleno dia;Decrescente;Chuva;Dupla;Reta;Sim;2;0;1;0;0;1;1;2;-10,9041;-37,1278;SPRF-SE;DEL01-SE;UOP01-DEL01-SE
592573;08/04/2024;segunda-feira;05:45:00;PR;163;213;CASCAVEL;Ausência de reação do condutor;Saída de leito carroçável;Com Vítimas Feridas;Amanhecer;Decrescente;Nublado;Dupla;Curva;Não;1;0;1;0;0;0;1;1;-24,89359947;-53,54804993;SPRF-PR;DEL04-PR;UOP01-DEL04-PR
592580;08/04/2024;segunda-feira;05:50:00;GO;158;74;PIRANHAS;Transitar na contramão;Colisão lateral sentido oposto;Com Vítimas Feridas;Amanhecer;Decrescente;Céu Claro;Simples;Reta;Não;4;0;2;0;2;0;2;2;-16,36948953;-51,90791314;SPRF-GO;DEL04-GO;UOP02-DEL04-GO
592581;08/04/2024;segunda-feira;07:10:00;SE;235;63,9;ITABAIANA;Acessar a via sem observar a presença dos outros veículos;Colisão transversal;Com Vítimas Feridas;Pleno dia;Crescente;Nublado;Simples;"Retorno Regulamentado;Reta;Interseção de Vias";Não;3;0;0;1;2;0;1;2;-10,59835184;-37,47903228;SPRF-SE;DEL01-SE;UOP02-DEL01-SE
592583;08/04/2024;segunda-feira;07:30:00;SC;101;201,9;SAO JOSE;Chuva;Tombamento;Com Vítimas Feridas;Pleno dia;Crescente;Chuva;Simples;Curva;Não;2;0;2;0;0;0;2;1;-27,54836599;-48,61977975;SPRF-SC;DEL01-SC;UOP01-DEL01-SC
592584;08/04/2024;segunda-feira;07:35:00;AP;210;2,5;MACAPA;Acessar a via sem observar a presença dos outros veículos;Colisão transversal;Com Vítimas Feridas;Pleno dia;Crescente;Céu Claro;Simples;Reta;Sim;2;0;1;0;1;0;1;2;0,08282017;-51,07776189;SPRF-AP;DEL01-AP;UOP01-DEL01-AP
592585;07/04/2024;domingo;19:00:00;RJ;116;100;GUAPIMIRIM;Transitar na contramão;Colisão lateral sentido oposto;Com Vítimas Feridas;Plena Noite;Crescente;Céu Claro;Simples;Reta;Não;4;0;2;0;2;0;2;3;-22,48909312;-43,00437599;SPRF-RJ;DEL04-RJ;UOP01-DEL04-RJ
592586;08/04/2024;segunda-feira;07:30:00;RN;406;171;SAO GONCALO DO AMARANTE;Condutor deixou de manter distância do veículo da frente;Colisão traseira;Com Vítimas Feridas;Pleno dia;Crescente;Garoa/Chuvisco;Dupla;Reta;Sim;6;0;2;0;4;0;2;3;-5,76172663;-35,29115323;SPRF-RN;DEL02-RN;UOP01-DEL02-RN
592587;08/04/2024;segunda-feira;07:30:00;RS;285;566;SAO LUIZ GONZAGA;Desrespeitar a preferência no cruzamento;Colisão transversal;Com Vítimas Feridas;Pleno dia;Decrescente;Nublado;Simples;Interseção de Vias;Não;2;0;1;0;1;0;1;2;-28,4172;-54,9384;SPRF-RS;DEL10-RS;UOP01-DEL10-RS
592588;08/04/2024;segunda-feira;07:40:00;MG;381;850,4;POUSO ALEGRE;Velocidade Incompatível;Colisão traseira;Com Vítimas Feridas;Pleno dia;Crescente;Nublado;Simples;Curva;Não;2;0;1;0;1;0;1;2;-22,24144982;-45,88284601;SPRF-MG;DEL16-MG;UOP01-DEL16-MG
592589;07/04/2024;domingo;18:00:00;BA;101;306;VALENCA;Pedestre - Ingestão de álcool/ substâncias psicoativas;Atropelamento de Pedestre;Com Vítimas Fatais;Plena Noite;Decrescente;Nublado;Simples;Reta;Sim;7;1;0;0;6;0;0;2;-13,3732535;-39,37911987;SPRF-BA;DEL05-BA;UOP03-DEL05-BA
592590;08/04/2024;segunda-feira;08:00:00;SC;101;191,3;BIGUACU;Frear bruscamente;Capotamento;Com Vítimas Feridas;Pleno dia;Crescente;Nublado;Dupla;Curva;Não;2;0;2;0;0;0;2;1;-27,47730273;-48,64127329;SPRF-SC;DEL01-SC;UOP01-DEL01-SC
592591;07/03/2024;quinta-feira;13:31:00;MG;50;115;UBERABA;Velocidade Incompatível;Tombamento;Com Vítimas Feridas;Pleno dia;Decrescente;Chuva;Dupla;Reta;Não;1;0;1;0;0;0;1;1;-19,26611991;-48,12839379;SPRF-MG;DEL13-MG;UOP01-DEL13-MG
592593;08/04/2024;segunda-feira;07:20:00;PI;343;1;TERESINA;Semáforo com defeito;Colisão transversal;Com Vítimas Feridas;Pleno dia;Crescente;Céu Claro;Dupla;"Interseção de Vias;Reta";Sim;2;0;0;1;1;0;1;2;-5,08127281;-42,7659452;SPRF-PI;DEL05-PI;UOP01-DEL05-PI
592594;08/04/2024;segunda-feira;07:20:00;RJ;101;320;NITEROI;Ausência de reação do condutor;Colisão traseira;Com Vítimas Feridas;Pleno dia;Crescente;Céu Claro;Dupla;Reta;Sim;3;0;1;0;2;0;1;3;-22,86171098;-43,10714015;SPRF-RJ;DEL02-RJ;UOP01-DEL02-RJ
592595;01/04/2024;segunda-feira;15:20:00;RS;158;78;BOA VISTA DAS MISSOES;Reação tardia ou ineficiente do condutor;Atropelamento de Pedestre;Com Vítimas Feridas;Pleno dia;Crescente;Céu Claro;Simples;"Reta;Em Obras;Declive";Não;2;0;1;1;0;0;2;2;-27,73277786;-53,32124556;SPRF-RS;DEL08-RS;UOP02-DEL08-RS
592596;07/04/2024;domingo;23:00:00;MG;40;599,9;OURO PRETO;Ingestão de álcool pelo condutor;Saída de leito carroçável;Sem Vítimas;Plena Noite;Crescente;Céu Claro;Simples;Reta;Sim;1;0;0;0;1;0;0;1;-20,42264639;-43,87103002;SPRF-MG;DEL05-MG;UOP02-DEL05-MG
592597;08/04/2024;segunda-feira;06:45:00;RJ;101;309;SAO GONCALO;Reação tardia ou ineficiente do condutor;Colisão traseira;Com Vítimas Feridas;Pleno dia;Crescente;Céu Claro;Dupla;Reta;Sim;2;0;1;0;1;0;1;2;-22,79498873;-43,03446105;SPRF-RJ;DEL02-RJ;UOP02-DEL02-RJ
592599;08/04/2024;segunda-feira;07:18:00;MA;135;18,7;SAO LUIS;Ultrapassagem Indevida;Colisão transversal;Com Vítimas Feridas;Pleno dia;Decrescente;Chuva;Simples;Reta;Não;3;0;1;0;2;0;1;2;-2,53073;-44,3068;SPRF-MA;DEL01-MA;UOP01-DEL01-MA
592601;08/04/2024;segunda-feira;07:40:00;PR;376;182;MARINGA;Trafegar com motocicleta (ou similar) entre as faixas;Colisão lateral mesmo sentido;Com Vítimas Feridas;Pleno dia;Decrescente;Céu Claro;Dupla;"Interseção de Vias;Rotatória";Sim;2;0;0;1;1;0;1;2;-23,43684112;-51,87880764;SPRF-PR;DEL09-PR;UOP01-DEL09-PR
592603;02/04/2024;terça-feira;07:30:00;PE;101;48;ABREU E LIMA;Velocidade Incompatível;Colisão traseira;Com Vítimas Feridas;Pleno dia;Crescente;Sol;Múltipla;Reta;Não;3;0;0;2;1;0;2;2;-7,89174705;-34,9033493;SPRF-PE;DEL01-PE;UOP02-DEL01-PE
592604;08/04/2024;segunda-feira;08:40:00;RJ;116;186;NOVA IGUACU;Trafegar com motocicleta (ou similar) entre as faixas;Queda de ocupante de veículo;Com Vítimas Feridas;Pleno dia;Decrescente;Céu Claro;Dupla;Reta;Não;1;0;1;0;0;0;1;1;-22,73962339;-43,46276495;SPRF-RJ;DEL06-RJ;UOP01-DEL06-RJ
592606;08/04/2024;segunda-feira;08:50:00;PR;116;114,5;CURITIBA;Reação tardia ou ineficiente do condutor;Tombamento;Com Vítimas Feridas;Pleno dia;Crescente;Chuva;Múltipla;Reta;Sim;1;0;1;0;0;0;1;1;-25,54491959;-49,29996729;SPRF-PR;DEL01-PR;UOP07-DEL01-PR