id;data_inversa;dia_semana;horario;uf;br;km;municipio;causa_acidente;tipo_acidente;classificacao_acidente;fase_dia;sentido_via;condicao_metereologica;tipo_pista;tracado_via;uso_solo;pessoas;mortos;feridos_leves;feridos_graves;ilesos;ignorados;feridos;veiculos;latitude;longitude;regional;delegacia;uop
592610;08/04/2024;segunda-feira;09:10:00;RS;290;130;ELDORADO DO SUL;Transitar na contramão;Colisão frontal;Com Vítimas Feridas;Pleno dia;Decrescente;Nublado;Simples;"Viaduto;Curva";Não;3;0;1;0;2;0;1;2;-30,06096;-51,51776791;SPRF-RS;DEL02-RS;UOP01-DEL02-RS
592612;16/03/2024;sábado;01:23:00;PE;316;51;TRINDADE;Estacionar ou parar em local proibido;Colisão traseira;Com Vítimas Feridas;Plena Noite;Decrescente;Céu Claro;Simples;Reta;Não;2;0;0;2;0;0;2;2;-7,72294032;-40,31620626;SPRF-PE;DEL05-PE;UOP02-DEL05-PE
592614;08/04/2024;segunda-feira;10:00:00;GO;20;31;FORMOSA;Conversão proibida;Colisão transversal;Com Vítimas Feridas;Pleno dia;Crescente;Céu Claro;Simples;Reta;Sim;5;0;5;0;0;0;5;2;-15,490478;-47,104832;SPRF-DF;DEL02-DF;UOP02-DEL02-DF
592616;08/04/2024;segunda-feira;05:00:00;SC;282;580;PINHALZINHO;Ingestão de álcool pelo condutor;Saída de leito carroçável;Sem Vítimas;Plena Noite;Crescente;Ignorado;Simples;Reta;Sim;1;0;0;0;0;1;0;1;-26,832148;-52,994308;SPRF-SC;DEL07-SC;UOP02-DEL07-SC
592618;08/04/2024;segunda-feira;07:00:00;PR;163;153;SANTA LUCIA;Acumulo de água sobre o pavimento;Saída de leito carroçável;Com Vítimas Feridas;Pleno dia;Decrescente;Chuva;Dupla;"Declive;Curva";Não;1;0;1;0;0;0;1;1;-25,39324795;-53,57661137;SPRF-PR;DEL05-PR;UOP05-DEL05-PR
592620;08/04/2024;segunda-feira;09:50:00;MG;381;509;SAO JOAQUIM DE BICAS;Manobra de mudança de faixa;Colisão traseira;Com Vítimas Feridas;Pleno dia;Crescente;Céu Claro;Dupla;Reta;Não;2;0;1;0;1;0;1;2;-20,05560876;-44,28554535;SPRF-MG;DEL01-MG;UOP03-DEL01-MG
592622;08/04/2024;segunda-feira;10:40:00;SC;280;58;GUARAMIRIM;Condutor deixou de manter distância do veículo da frente;Colisão traseira;Com Vítimas Feridas;Pleno dia;Crescente;Nublado;Dupla;Reta;Sim;3;0;2;0;1;0;2;2;-26,47415593;-49,021211;SPRF-SC;DEL03-SC;UOP03-DEL03-SC
592624;08/04/2024;segunda-feira;07:45:00;RN;427;58,2;JARDIM DO SERIDO;Reação tardia ou ineficiente do condutor;Capotamento;Com Vítimas Feridas;Pleno dia;Crescente;Céu Claro;Simples;Curva;Não;2;0;1;0;1;0;1;1;-6,59449717;-36,79708469;SPRF-RN;DEL03-RN;UOP01-DEL03-RN
592625;01/04/2024;segunda-feira;14:33:00;PE;101;51;ABREU E LIMA;Ausência de reação do condutor;Colisão traseira;Com Vítimas Feridas;Pleno dia;Crescente;Céu Claro;Múltipla;Reta;Não;4;0;1;0;3;0;1;2;-7,9169968;-34,89689272;SPRF-PE;DEL01-PE;UOP02-DEL01-PE
592626;08/04/2024;segunda-feira;10:45:00;PR;116;115;CURITIBA;Reação tardia ou ineficiente do condutor;Colisão lateral mesmo sentido;Com Vítimas Feridas;Pleno dia;Crescente;Garoa/Chuvisco;Simples;Reta;Sim;3;0;1;0;2;0;1;2;-25,54530679;-49,30329323;SPRF-PR;DEL01-PR;UOP07-DEL01-PR
592628;08/04/2024;segunda-feira;11:20:00;RN;304;306;PARNAMIRIM;Ultrapassagem Indevida;Colisão lateral mesmo sentido;Com Vítimas Feridas;Pleno dia;Decrescente;Céu Claro;Dupla;Rotatória;Sim;2;0;0;1;1;0;1;2;-5,89118906;-35,25886595;SPRF-RN;DEL01-RN;UOP02-DEL01-RN
592629;08/04/2024;segunda-feira;11:30:00;BA;101;860,2;TEIXEIRA DE FREITAS;Entrada inopinada do pedestre;Atropelamento de Pedestre;Com Vítimas Fatais;Pleno dia;Crescente;Céu Claro;Simples;"Reta;Declive";Não;2;1;0;0;1;0;0;2;-17,3997889;-39,6710941;SPRF-BA;DEL09-BA;UOP02-DEL09-BA
592630;08/04/2024;segunda-feira;11:40:00;SC;101;126;ITAJAI;Ausência de reação do condutor;Colisão traseira;Com Vítimas Feridas;Pleno dia;Crescente;Céu Claro;Dupla;Reta;Não;2;0;1;0;1;0;1;2;-26,95564404;-48,67978366;SPRF-SC;DEL04-SC;UOP04-DEL04-SC
592631;08/04/2024;segunda-feira;11:35:00;DF;60;3;BRASILIA;Acessar a via sem observar a presença dos outros veículos;Colisão lateral mesmo sentido;Com Vítimas Feridas;Pleno dia;Crescente;Céu Claro;Dupla;Reta;Não;6;0;4;0;2;0;4;2;-15,890521;-48,086864;SPRF-DF;DEL03-DF;UOP01-DEL03-DF
592632;08/04/2024;segunda-feira;11:50:00;SE;101;139,3;ESTANCIA;Ausência de reação do condutor;Colisão com objeto;Sem Vítimas;Pleno dia;Crescente;Céu Claro;Dupla;Reta;Não;1;0;0;0;1;0;0;1;-11,16432207;-37,39806827;SPRF-SE;DEL02-SE;UOP01-DEL02-SE
592633;08/04/2024;segunda-feira;09:40:00;PR;116;40;CAMPINA GRANDE DO SUL;Ausência de reação do condutor;Colisão com objeto;Sem Vítimas;Pleno dia;Decrescente;Chuva;Dupla;Curva;Não;1;0;0;0;1;0;0;1;-25,16445203;-48,86237697;SPRF-PR;DEL01-PR;UOP02-DEL01-PR
592634;08/04/2024;segunda-feira;12:10:00;PR;376;252;APUCARANA;Reação tardia ou ineficiente do condutor;Colisão com objeto;Com Vítimas Feridas;Pleno dia;Decrescente;Nublado;Dupla;Curva;Não;1;0;1;0;0;0;1;1;-23,650385;-51,37400796;SPRF-PR;DEL07-PR;UOP03-DEL07-PR
592637;08/04/2024;segunda-feira;11:00:00;RJ;116;279;BARRA MANSA;Demais falhas mecânicas ou elétricas;Queda de ocupante de veículo;Com Vítimas Feridas;Pleno dia;Crescente;Sol;Dupla;Curva;Sim;1;0;1;0;0;0;1;1;-22,54744306;-44,1836602;SPRF-RJ;DEL07-RJ;UOP02-DEL07-RJ
592638;08/04/2024;segunda-feira;12:00:00;RS;287;331;SAO VICENTE DO SUL;Reação tardia ou ineficiente do condutor;Capotamento;Com Vítimas Feridas;Pleno dia;Decrescente;Nublado;Simples;Reta;Não;2;0;2;0;0;0;2;1;-29,67358415;-54,66987142;SPRF-RS;DEL12-RS;UOP02-DEL12-RS
592639;08/04/2024;segunda-feira;09:00:00;RJ;116;148;DUQUE DE CAXIAS;Reação tardia ou ineficiente do condutor;Colisão lateral mesmo sentido;Com Vítimas Feridas;Pleno dia;Crescente;Sol;Múltipla;Reta;Sim;2;0;1;0;1;0;1;2;-22,671782;-43,280683;SPRF-RJ;DEL01-RJ;UOP02-DEL01-RJ
592640;08/04/2024;segunda-feira;11:40:00;PR;476;117;COLOMBO;Ausência de reação do condutor;Colisão traseira;Com Vítimas Feridas;Pleno dia;Crescente;Nublado;Dupla;"Retorno Regulamentado;Reta";Sim;2;0;1;0;1;0;1;2;-25,3520078;-49,17894178;SPRF-PR;DEL01-PR;UOP01-DEL01-PR
592642;08/04/2024;segunda-feira;13:10:00;BA;116;672;JEQUIE;Reação tardia ou ineficiente do condutor;Colisão lateral mesmo sentido;Sem Vítimas;Pleno dia;Decrescente;Céu Claro;Simples;Reta;Não;5;0;0;0;5;0;0;2;-13,79970305;-40,11130458;SPRF-BA;DEL03-BA;UOP01-DEL03-BA
592643;08/04/2024;segunda-feira;12:37:00;MA;222;672,5;ACAILANDIA;Acessar a via sem observar a presença dos outros veículos;Colisão transversal;Com Vítimas Feridas;Pleno dia;Crescente;Céu Claro;Simples;Reta;Sim;2;0;1;0;1;0;1;2;-4,92508085;-47,43821808;SPRF-MA;DEL04-MA;UOP03-DEL04-MA
592644;31/03/2024;domingo;17:30:00;SC;282;27;SANTO AMARO DA IMPERATRIZ;Condutor deixou de manter distância do veículo da frente;Colisão lateral mesmo sentido;Com Vítimas Feridas;Pleno dia;Decrescente;Céu Claro;Simples;Reta;Sim;2;0;0;1;0;1;1;2;-27,673981;-48,769676;SPRF-SC;DEL01-SC;UOP03-DEL01-SC
592645;08/04/2024;segunda-feira;13:00:00;PR;277;138;BALSA NOVA;Demais falhas mecânicas ou elétricas;Colisão com objeto;Com Vítimas Feridas;Pleno dia;Crescente;Chuva;Dupla;"Reta;Declive";Não;2;0;1;0;1;0;1;1;-25,475948;-49,715133;SPRF-PR;DEL03-PR;UOP03-DEL03-PR
592650;31/03/2024;domingo;18:45:00;MA;135;72;SANTA RITA;Reação tardia ou ineficiente do condutor;Colisão lateral mesmo sentido;Com Vítimas Feridas;Plena Noite;Decrescente;Céu Claro;Simples;Reta;Sim;5;0;1;0;4;0;1;2;-3,15759591;-44,33373316;SPRF-MA;DEL01-MA;UOP02-DEL01-MA
592652;08/04/2024;segunda-feira;11:05:00;PR;369;135;IBIPORA;Reação tardia ou ineficiente do condutor;Tombamento;Com Vítimas Feridas;Pleno dia;Decrescente;Céu Claro;Simples;Curva;Não;2;0;1;0;0;1;1;2;-23,261672;-51,029874;SPRF-PR;DEL07-PR;UOP01-DEL07-PR
592653;08/04/2024;segunda-feira;13:45:00;SC;101;123;ITAJAI;Reação tardia ou ineficiente do condutor;Colisão lateral mesmo sentido;Com Vítimas Feridas;Pleno dia;Crescente;Nublado;Dupla;Reta;Não;2;0;0;1;1;0;1;2;-26,93668609;-48,69876905;SPRF-SC;DEL04-SC;UOP04-DEL04-SC
592654;08/04/2024;segunda-feira;14:15:00;BA;324;523;FEIRA DE SANTANA;Condutor deixou de manter distância do veículo da frente;Colisão traseira;Com Vítimas Feridas;Pleno dia;Decrescente;Garoa/Chuvisco;Dupla;"Reta;Declive";Sim;3;0;2;0;1;0;2;2;-12,29007099;-38,91206799;SPRF-BA;DEL01-BA;UOP03-DEL01-BA
592656;08/04/2024;segunda-feira;13:30:00;RO;174;15;VILHENA;Conversão proibida;Colisão frontal;Com Vítimas Feridas;Pleno dia;Crescente;Céu Claro;Simples;Reta;Sim;3;0;0;1;2;0;1;3;-12,73306632;-60,12981255;SPRF-RO;DEL04-RO;UOP01-DEL04-RO
592659;08/04/2024;segunda-feira;14:08:00;PE;232;123;CARUARU;Acessar a via sem observar a presença dos outros veículos;Colisão transversal;Sem Vítimas;Pleno dia;Crescente;Sol;Dupla;"Retorno Regulamentado;Reta;Declive";Não;6;0;0;0;5;1;0;2;-8,30417276;-35,92823905;SPRF-PE;DEL02-PE;UOP01-DEL02-PE
592661;08/04/2024;segunda-feira;13:00:00;PR;277;33,2;MORRETES;Chuva;Tombamento;Com Vítimas Feridas;Pleno dia;Crescente;Chuva;Dupla;"Curva;Aclive";Não;1;0;1;0;0;0;1;1;-25,56717;-48,810998;SPRF-PR;DEL01-PR;UOP05-DEL01-PR
592662;08/04/2024;segunda-feira;12:20:00;SC;101;85;BARRA VELHA;Acessar a via sem observar a presença dos outros veículos;Colisão lateral mesmo sentido;Com Vítimas Feridas;Pleno dia;Decrescente;Nublado;Múltipla;Interseção de Vias;Não;2;0;1;0;1;0;1;2;-26,62840879;-48,70813584;SPRF-SC;DEL03-SC;UOP02-DEL03-SC
592663;04/04/2024;quinta-feira;17:39:00;RJ;101;303;SAO GONCALO;Ausência de reação do condutor;Colisão traseira;Com Vítimas Feridas;Anoitecer;Decrescente;Céu Claro;Dupla;Reta;Sim;5;0;2;0;3;0;2;2;-22,7828205;-42,9766681;SPRF-RJ;DEL02-RJ;UOP02-DEL02-RJ
592665;08/04/2024;segunda-feira;11:00:00;RO;364;712;PORTO VELHO;Ausência de reação do condutor;Colisão traseira;Com Vítimas Feridas;Pleno dia;Crescente;Céu Claro;Dupla;Reta;Sim;2;0;1;0;1;0;1;2;-8,7770354;-63,87316466;SPRF-RO;DEL01-RO;UOP01-DEL01-RO
592667;08/04/2024;segunda-feira;11:05:00;SC;280;26,5;ARAQUARI;Ausência de reação do condutor;Capotamento;Sem Vítimas;Pleno dia;Crescente;Nublado;Simples;Reta;Sim;1;0;0;0;0;1;0;1;-26,38972308;-48,73411593;SPRF-SC;DEL03-SC;UOP03-DEL03-SC
592668;08/04/2024;segunda-feira;13:20:00;BA;324;559;AMELIA RODRIGUES;Velocidade Incompatível;Saída de leito carroçável;Com Vítimas Feridas;Pleno dia;Decrescente;Nublado;Dupla;Reta;Não;4;0;3;1;0;0;4;1;-12,48716788;-38,66087791;SPRF-BA;DEL01-BA;UOP03-DEL01-BA
592670;08/04/2024;segunda-feira;14:20:00;AL;101;68,9;MESSIAS;Condutor Dormindo;Saída de leito carroçável;Com Vítimas Fatais;Pleno dia;Decrescente;Céu Claro;Dupla;Curva;Não;4;1;3;0;0;0;3;1;-9,34924699;-35,83289449;SPRF-AL;DEL01-AL;UOP02-DEL01-AL
592672;08/04/2024;segunda-feira;14:03:00;SC;101;216;PALHOCA;Acessar a via sem observar a presença dos outros veículos;Colisão frontal;Com Vítimas Feridas;Pleno dia;Crescente;Sol;Múltipla;"Interseção de Vias;Reta";Não;2;0;1;0;1;0;1;2;-27,65981409;-48,67747798;SPRF-SC;DEL01-SC;UOP02-DEL01-SC
592675;08/04/2024;segunda-feira;14:16:00;PR;277;339;GUARAPUAVA;Ingestão de álcool pelo condutor;Colisão com objeto;Sem Vítimas;Pleno dia;Crescente;Chuva;Dupla;"Declive;Reta";Não;2;0;0;0;2;0;0;1;-25,34632226;-51,38590684;SPRF-PR;DEL08-PR;UOP01-DEL08-PR
592676;08/04/2024;segunda-feira;15:50:00;DF;20;36;BRASILIA;Reação tardia ou ineficiente do condutor;Saída de leito carroçável;Com Vítimas Feridas;Pleno dia;Crescente;Céu Claro;Dupla;Reta;Não;1;0;1;0;0;0;1;1;-15,581923;-47,549881;SPRF-DF;DEL02-DF;UOP01-DEL02-DF
592677;08/04/2024;segunda-feira;14:00:00;PR;277;160,1;PORTO AMAZONAS;Chuva;Saída de leito carroçável;Com Vítimas Fatais;Pleno dia;Crescente;Chuva;Simples;Curva;Não;1;1;0;0;0;0;0;1;-25,47289;-49,895964;SPRF-PR;DEL03-PR;UOP03-DEL03-PR
592678;08/04/2024;segunda-feira;15:45:00;BA;101;715;EUNAPOLIS;Acessar a via sem observar a presença dos outros veículos;Colisão transversal;Com Vítimas Feridas;Pleno dia;Crescente;Nublado;Simples;Reta;Sim;2;0;1;0;1;0;1;2;-16,354039;-39,57963;SPRF-BA;DEL09-BA;UOP01-DEL09-BA
592679;08/04/2024;segunda-feira;11:40:00;PR;116;29;CAMPINA GRANDE DO SUL;Velocidade Incompatível;Colisão com objeto;Sem Vítimas;Pleno dia;Crescente;Chuva;Simples;Curva;Não;1;0;0;0;0;1;0;1;-25,10057871;-48,81128876;SPRF-PR;DEL01-PR;UOP02-DEL01-PR
592682;08/04/2024;segunda-feira;12:00:00;MS;463;70;PONTA PORA;Ausência de reação do condutor;Saída de leito carroçável;Com Vítimas Feridas;Pleno dia;Decrescente;Céu Claro;Simples;Reta;Não;2;0;1;0;1;0;1;1;-22,46653187;-55,39738313;SPRF-MS;DEL04-MS;UOP03-DEL04-MS
592683;08/04/2024;segunda-feira;12:00:00;RJ;493;0;ITABORAI;Conversão proibida;Colisão transversal;Com Vítimas Feridas;Pleno dia;Decrescente;Céu Claro;Simples;Reta;Sim;2;0;0;1;1;0;1;2;-22,76969204;-42,92259693;SPRF-RJ;DEL02-RJ;UOP02-DEL02-RJ
592686;30/03/2024;sábado;16:30:00;PE;232;401;SERRA TALHADA;Modificação proibida;Colisão lateral mesmo sentido;Com Vítimas Feridas;Pleno dia;Decrescente;Céu Claro;Simples;Reta;Não;2;0;1;0;1;0;1;2;-8,01192014;-38,23408003;SPRF-PE;DEL04-PE;UOP01-DEL04-PE
592687;08/04/2024;segunda-feira;12:40:00;MT;163;1027;TERRA NOVA DO NORTE;Ausência de reação do condutor;Saída de leito carroçável;Com Vítimas Feridas;Pleno dia;Decrescente;Céu Claro;Simples;"Reta;Declive";Não;1;0;1;0;0;0;1;1;-10,38691694;-55,05001929;SPRF-MT;DEL06-MT;UOP03-DEL06-MT
592688;08/04/2024;segunda-feira;15:20:00;SP;116;489;CAJATI;Desrespeitar a preferência no cruzamento;Colisão transversal;Com Vítimas Feridas;Pleno dia;Decrescente;Nublado;Simples;Interseção de Vias;Sim;2;0;1;1;0;0;2;2;-24,73034183;-48,10760707;SPRF-SP;DEL05-SP;UOP01-DEL05-SP
592691;08/04/2024;segunda-feira;11:30:00;PR;376;439;TIBAGI;Chuva;Saída de leito carroçável;Com Vítimas Feridas;Pleno dia;Crescente;Chuva;Dupla;Curva;Não;1;0;1;0;0;0;1;1;-24,85445193;-50,46069175;SPRF-PR;DEL03-PR;UOP02-DEL03-PR
592692;08/04/2024;segunda-feira;13:30:00;CE;116;524,7;JATI;Pista esburacada;Saída de leito carroçável;Com Vítimas Feridas;Pleno dia;Crescente;Sol;Simples;Reta;Não;2;0;1;0;1;0;1;1;-7,64286;-39,02366;SPRF-CE;DEL05-CE;UOP03-DEL05-CE
592693;08/04/2024;segunda-feira;08:20:00;SC;101;2,5;ARARANGUA;Condutor deixou de manter distância do veículo da frente;Tombamento;Com Vítimas Feridas;Pleno dia;Decrescente;Céu Claro;Simples;Reta;Sim;1;0;1;0;0;0;1;1;-28,9356;-49,4864;SPRF-SC;DEL02-SC;UOP02-DEL02-SC
592694;08/04/2024;segunda-feira;16:09:00;PR;116;69;CAMPINA GRANDE DO SUL;Ausência de reação do condutor;Queda de ocupante de veículo;Com Vítimas Feridas;Pleno dia;Crescente;Garoa/Chuvisco;Dupla;Reta;Não;1;0;1;0;0;0;1;1;-25,33112288;-49,03156015;SPRF-PR;DEL01-PR;UOP02-DEL01-PR
592695;08/04/2024;segunda-feira;16:40:00;BA;324;571;SAO SEBASTIAO DO PASSE;Manobra de mudança de faixa;Colisão lateral mesmo sentido;Com Vítimas Feridas;Pleno dia;Decrescente;Nublado;Dupla;Reta;Não;5;0;1;0;3;1;1;3;-12,560593;-38,561337;SPRF-BA;DEL01-BA;UOP01-DEL01-BA
592696;08/04/2024;segunda-feira;16:30:00;MG;40;818,8;SIMAO PEREIRA;Pedestre andava na pista;Atropelamento de Pedestre;Com Vítimas Feridas;Pleno dia;Decrescente;Céu Claro;Dupla;Reta;Não;3;0;0;1;2;0;1;2;-21,92272309;-43,32076611;SPRF-MG;DEL05-MG;UOP01-DEL05-MG
592698;08/04/2024;segunda-feira;17:50:00;SP;116;212;GUARULHOS;Reação tardia ou ineficiente do condutor;Colisão traseira;Com Vítimas Feridas;Plena Noite;Decrescente;Chuva;Múltipla;"Reta;Declive";Sim;4;0;1;0;3;0;1;3;-23,43608315;-46,42805094;SPRF-SP;DEL01-SP;UOP01-DEL01-SP
592699;03/03/2024;domingo;19:15:00;RJ;116;324;ITATIAIA;Pedestre - Ingestão de álcool/ substâncias psicoativas;Queda de ocupante de veículo;Com Vítimas Feridas;Anoitecer;Crescente;Ignorado;Dupla;Reta;Sim;2;0;1;0;0;1;1;2;-22,49106419;-44,56183985;SPRF-RJ;DEL07-RJ;UOP02-DEL07-RJ
592701;08/04/2024;segunda-feira;17:06:00;MG;381;815;CAREACU;Reação tardia ou ineficiente do condutor;Saída de leito carroçável;Com Vítimas Feridas;Pleno dia;Decrescente;Céu Claro;Dupla;Curva;Não;1;0;1;0;0;0;1;1;-22,08771284;-45,70503017;SPRF-MG;DEL16-MG;UOP02-DEL16-MG
592702;08/04/2024;segunda-feira;17:15:00;SC;282;3,6;FLORIANOPOLIS;Trafegar com motocicleta (ou similar) entre as faixas;Colisão lateral mesmo sentido;Com Vítimas Feridas;Anoitecer;Crescente;Nublado;Múltipla;Reta;Sim;2;0;1;0;1;0;1;2;-27,600384;-48,599705;SPRF-SC;DEL01-SC;UOP01-DEL01-SC
592703;08/04/2024;segunda-feira;18:00:00;PE;428;187,6;PETROLINA;Condutor deixou de manter distância do veículo da frente;Colisão traseira;Com Vítimas Feridas;Plena Noite;Crescente;Céu Claro;Dupla;Reta;Sim;2;0;1;0;1;0;1;2;-9,35604301;-40,47854198;SPRF-PE;DEL06-PE;UOP01-DEL06-PE
592704;08/04/2024;segunda-feira;16:37:00;SP;116;332;JUQUITIBA;Ausência de reação do condutor;Colisão traseira;Com Vítimas Feridas;Pleno dia;Crescente;Sol;Dupla;Reta;Não;2;0;1;0;1;0;1;2;-23,95597045;-47,1100868;SPRF-SP;DEL04-SP;UOP03-DEL04-SP
592706;08/04/2024;segunda-feira;18:05:00;GO;153;510;APARECIDA DE GOIANIA;Trafegar com motocicleta (ou similar) entre as faixas;Tombamento;Com Vítimas Feridas;Anoitecer;Decrescente;Céu Claro;Dupla;Reta;Sim;1;0;0;1;0;0;1;1;-16,7977;-49,2386;SPRF-GO;DEL01-GO;UOP03-DEL01-GO
592707;31/03/2024;domingo;18:00:00;MG;153;46;MONTE ALEGRE DE MINAS;Ausência de reação do condutor;Saída de leito carroçável;Com Vítimas Feridas;Pleno dia;Decrescente;Céu Claro;Dupla;Reta;Não;1;0;1;0;0;0;1;1;-18,7877321;-49,08400664;SPRF-MG;DEL15-MG;UOP03-DEL15-MG
592708;08/04/2024;segunda-feira;11:30:00;PR;376;402,8;TIBAGI;Avarias e/ou desgaste excessivo no pneu;Saída de leito carroçável;Com Vítimas Feridas;Pleno dia;Decrescente;Chuva;Dupla;"Curva;Aclive";Não;2;0;1;0;1;0;1;1;-24,5691877;-50,6868435;SPRF-PR;DEL03-PR;UOP02-DEL03-PR
592709;08/04/2024;segunda-feira;18:00:00;GO;414;393;CORUMBA DE GOIAS;Ingestão de álcool pelo condutor;Colisão lateral mesmo sentido;Com Vítimas Feridas;Anoitecer;Decrescente;Céu Claro;Simples;Reta;Sim;2;0;0;1;1;0;1;2;-15,91925897;-48,80882251;SPRF-GO;DEL02-GO;UOP01-DEL02-GO
592710;08/04/2024;segunda-feira;15:45:00;PR;376;437,3;TIBAGI;Velocidade Incompatível;Saída de leito carroçável;Com Vítimas Feridas;Pleno dia;Decrescente;Chuva;Dupla;"Curva;Declive";Não;2;0;1;0;1;0;1;1;-24,78735215;-50,50694358;SPRF-PR;DEL03-PR;UOP02-DEL03-PR
592713;08/04/2024;segunda-feira;15:50:00;RJ;101;590;PARATY;Reação tardia ou ineficiente do condutor;Tombamento;Com Vítimas Feridas;Pleno dia;Decrescente;Céu Claro;Simples;Curva;Não;1;0;1;0;0;0;1;1;-23,30840813;-44,70725998;SPRF-RJ;DEL03-RJ;UOP04-DEL03-RJ
592714;08/04/2024;segunda-feira;18:10:00;BA;367;82;EUNAPOLIS;Acessar a via sem observar a presença dos outros veículos;Colisão lateral mesmo sentido;Com Vítimas Feridas;Pleno dia;Decrescente;Nublado;Simples;Reta;Sim;3;0;2;0;1;0;2;2;-16,37205962;-39,56163401;SPRF-BA;DEL09-BA;UOP03-DEL09-BA
592716;08/04/2024;segunda-feira;14:00:00;MG;50;205;UBERABA;Reação tardia ou ineficiente do condutor;Colisão com objeto;Com Vítimas Feridas;Pleno dia;Crescente;Nublado;Dupla;Reta;Não;4;0;1;0;3;0;1;1;-19,966658;-47,79434;SPRF-MG;DEL13-MG;UOP01-DEL13-MG
592717;08/04/2024;segunda-feira;18:30:00;PB;101;84,1;BAYEUX;Reação tardia ou ineficiente do condutor;Colisão com objeto;Sem Vítimas;Plena Noite;Decrescente;Céu Claro;Dupla;Reta;Sim;1;0;0;0;1;0;0;1;-7,13957906;-34,92312806;SPRF-PB;DEL01-PB;UOP01-DEL01-PB
592718;08/04/2024;segunda-feira;19:04:00;PE;232;9,3;RECIFE;Transitar no Acostamento;Atropelamento de Pedestre;Com Vítimas Feridas;Plena Noite;Decrescente;Céu Claro;Dupla;Reta;Sim;3;0;1;1;1;0;2;2;-8,07764447;-34,97863609;SPRF-PE;DEL01-PE;UOP01-DEL01-PE
592721;08/04/2024;segunda-feira;19:00:00;MG;365;657;UBERLANDIA;Deficiência do Sistema de Iluminação/Sinalização;Colisão traseira;Com Vítimas Feridas;Plena Noite;Crescente;Céu Claro;Dupla;Reta;Não;2;0;1;0;1;0;1;2;-18,88680604;-48,61512899;SPRF-MG;DEL15-MG;UOP01-DEL15-MG
592722;08/04/2024;segunda-feira;15:15:00;RJ;40;116,9;DUQUE DE CAXIAS;Reação tardia ou ineficiente do condutor;Colisão traseira;Com Vítimas Feridas;Pleno dia;Crescente;Céu Claro;Múltipla;Reta;Sim;2;0;1;0;0;1;1;2;-22,74634323;-43,28810692;SPRF-RJ;DEL01-RJ;UOP02-DEL01-RJ
592724;08/04/2024;segunda-feira;18:45:00;MG;50;203;DELTA;Afundamento ou ondulação no pavimento;Tombamento;Com Vítimas Feridas;Plena Noite;Crescente;Céu Claro;Dupla;Reta;Não;1;0;1;0;0;0;1;1;-19,92627147;-47,82191068;SPRF-MG;DEL13-MG;UOP01-DEL13-MG
592726;08/04/2024;segunda-feira;16:52:00;SC;101;209,8;SAO JOSE;Acessar a via sem observar a presença dos outros veículos;Colisão lateral mesmo sentido;Com Vítimas Feridas;Anoitecer;Crescente;Céu Claro;Dupla;Reta;Sim;3;0;2;0;1;0;2;2;-27,61000542;-48,63895057;SPRF-SC;DEL01-SC;UOP01-DEL01-SC
592728;08/04/2024;segunda-feira;19:10:00;SP;116;151;SAO JOSE DOS CAMPOS;Condutor deixou de manter distância do veículo da frente;Colisão traseira;Com Vítimas Feridas;Plena Noite;Decrescente;Nublado;Dupla;Reta;Sim;2;0;0;1;1;0;1;2;-23,21980694;-45,89991605;SPRF-SP;DEL02-SP;UOP01-DEL02-SP
592729;08/04/2024;segunda-feira;18:45:00;RS;116;145,5;CAXIAS DO SUL;Reação tardia ou ineficiente do condutor;Tombamento;Com Vítimas Feridas;Plena Noite;Crescente;Céu Claro;Dupla;"Reta;Declive";Sim;1;0;1;0;0;0;1;1;-29,139505;-51,133551;SPRF-RS;DEL05-RS;UOP01-DEL05-RS
592730;08/04/2024;segunda-feira;17:15:00;MA;10;250,2;IMPERATRIZ;Condutor deixou de manter distância do veículo da frente;Colisão traseira;Com Vítimas Feridas;Pleno dia;Crescente;Céu Claro;Múltipla;"Reta;Em Obras";Sim;2;0;1;1;0;0;2;2;-5,550874;-47,459305;SPRF-MA;DEL04-MA;UOP01-DEL04-MA
592731;08/04/2024;segunda-feira;18:30:00;MS;262;325;CAMPO GRANDE;Condutor desrespeitou a iluminação vermelha do semáforo;Colisão transversal;Com Vítimas Feridas;Plena Noite;Crescente;Nublado;Dupla;Reta;Sim;2;0;1;0;1;0;1;2;-20,46851582;-54,52514592;SPRF-MS;DEL01-MS;UOP01-DEL01-MS
592733;08/04/2024;segunda-feira;19:25:00;MA;316;280,1;BELA VISTA DO MARANHAO;Ultrapassagem Indevida;Colisão transversal;Sem Vítimas;Plena Noite;Decrescente;Céu Claro;Simples;Reta;Não;2;0;0;0;1;1;0;2;-3,747769;-45,2397;SPRF-MA;DEL02-MA;UOP01-DEL02-MA
592735;08/04/2024;segunda-feira;19:30:00;ES;262;44;MARECHAL FLORIANO;Deficiência do Sistema de Iluminação/Sinalização;Colisão traseira;Com Vítimas Feridas;Plena Noite;Crescente;Céu Claro;Simples;Reta;Não;2;0;0;1;1;0;1;2;-20,38908904;-40,66911594;SPRF-ES;DEL01-ES;UOP01-DEL01-ES
592737;08/04/2024;segunda-feira;18:20:00;PR;277;423,1;CANTAGALO;Ingestão de álcool pelo condutor;Colisão transversal;Com Vítimas Feridas;Plena Noite;Decrescente;Céu Claro;Simples;Curva;Não;2;0;0;1;1;0;1;2;-25,39623005;-52,10550115;SPRF-PR;DEL04-PR;UOP02-DEL04-PR