id;data_inversa;dia_semana;horario;uf;br;km;municipio;causa_acidente;tipo_acidente;classificacao_acidente;fase_dia;sentido_via;condicao_metereologica;tipo_pista;tracado_via;uso_solo;pessoas;mortos;feridos_leves;feridos_graves;ilesos;ignorados;feridos;veiculos;latitude;longitude;regional;delegacia;uop
592739;29/03/2024;sexta-feira;08:20:00;RO;364;709;PORTO VELHO;Ausência de reação do condutor;Tombamento;Com Vítimas Feridas;Pleno dia;Crescente;Nublado;Dupla;Reta;Sim;2;0;1;1;0;0;2;1;-8,7909383;-63,84895617;SPRF-RO;DEL01-RO;UOP01-DEL01-RO
592740;08/04/2024;segunda-feira;20:15:00;RJ;101;319;NITEROI;Manobra de mudança de faixa;Tombamento;Com Vítimas Feridas;Plena Noite;Decrescente;Céu Claro;Múltipla;Reta;Não;2;0;1;0;1;0;1;2;-22,85411774;-43,1018014;SPRF-RJ;DEL02-RJ;UOP02-DEL02-RJ
592741;08/04/2024;segunda-feira;19:30:00;MS;163;615;SAO GABRIEL DO OESTE;Acessar a via sem observar a presença dos outros veículos;Colisão transversal;Com Vítimas Feridas;Plena Noite;Crescente;Nublado;Simples;"Reta;Interseção de Vias";Sim;4;0;1;0;3;0;1;3;-19,39850778;-54,56579964;SPRF-MS;DEL06-MS;UOP02-DEL06-MS
592742;08/04/2024;segunda-feira;20:11:00;PB;101;88;JOAO PESSOA;Ausência de reação do condutor;Colisão traseira;Com Vítimas Feridas;Plena Noite;Crescente;Céu Claro;Dupla;Reta;Sim;3;0;2;0;0;1;2;2;-7,16470016;-34,89993643;SPRF-PB;DEL01-PB;UOP01-DEL01-PB
592745;08/04/2024;segunda-feira;19:55:00;GO;153;623;MORRINHOS;Deficiência do Sistema de Iluminação/Sinalização;Colisão traseira;Com Vítimas Feridas;Plena Noite;Crescente;Céu Claro;Dupla;"Reta;Aclive";Não;2;0;2;0;0;0;2;1;-17,7483;-49,1598;SPRF-GO;DEL03-GO;UOP01-DEL03-GO
592746;08/04/2024;segunda-feira;14:20:00;RO;364;60;VILHENA;Animais na Pista;Tombamento;Com Vítimas Feridas;Pleno dia;Decrescente;Chuva;Simples;Reta;Não;2;0;1;0;1;0;1;1;-12,51426506;-60,43548101;SPRF-RO;DEL04-RO;UOP01-DEL04-RO
592747;08/04/2024;segunda-feira;05:00:00;MG;40;619;CONGONHAS;Condutor deixou de manter distância do veículo da frente;Colisão traseira;Com Vítimas Feridas;Amanhecer;Decrescente;Céu Claro;Simples;Reta;Não;2;0;1;0;1;0;1;2;-20,57051498;-43,81191334;SPRF-MG;DEL05-MG;UOP02-DEL05-MG
592748;08/04/2024;segunda-feira;20:15:00;PR;116;119;CURITIBA;Reação tardia ou ineficiente do condutor;Tombamento;Com Vítimas Feridas;Plena Noite;Crescente;Nublado;Dupla;Reta;Sim;1;0;1;0;0;0;1;1;-25,579911;-49,313038;SPRF-PR;DEL01-PR;UOP03-DEL01-PR
592749;08/04/2024;segunda-feira;19:25:00;DF;40;0;BRASILIA;Ingestão de álcool pelo condutor;Colisão traseira;Sem Vítimas;Plena Noite;Crescente;Nublado;Dupla;Reta;Sim;2;0;0;0;2;0;0;2;-15,976897;-47,990129;SPRF-DF;DEL01-DF;UOP01-DEL01-DF
592753;08/04/2024;segunda-feira;20:45:00;RJ;495;1;TERESOPOLIS;Acessar a via sem observar a presença dos outros veículos;Colisão transversal;Com Vítimas Feridas;Plena Noite;Crescente;Nublado;Simples;Reta;Sim;3;0;1;0;2;0;1;2;-22,400555;-42,976154;SPRF-RJ;DEL04-RJ;UOP01-DEL04-RJ
592754;08/04/2024;segunda-feira;21:00:00;BA;324;611,9;SIMOES FILHO;Pista esburacada;Tombamento;Com Vítimas Feridas;Plena Noite;Decrescente;Nublado;Dupla;Reta;Não;2;0;2;0;0;0;2;1;-12,83798396;-38,41427011;SPRF-BA;DEL01-BA;UOP01-DEL01-BA
592757;08/04/2024;segunda-feira;17:50:00;RN;427;98;CAICO;Reação tardia ou ineficiente do condutor;Saída de leito carroçável;Sem Vítimas;Anoitecer;Decrescente;Céu Claro;Simples;Curva;Não;1;0;0;0;1;0;0;1;-6,45676384;-37,05493662;SPRF-RN;DEL03-RN;UOP01-DEL03-RN
592759;08/04/2024;segunda-feira;22:00:00;MG;40;631;CONSELHEIRO LAFAIETE;Ultrapassagem Indevida;Colisão lateral mesmo sentido;Com Vítimas Feridas;Plena Noite;Decrescente;Nublado;Simples;Reta;Sim;2;0;0;1;1;0;1;2;-20,67187162;-43,79876029;SPRF-MG;DEL05-MG;UOP02-DEL05-MG
592762;08/04/2024;segunda-feira;21:30:00;AL;316;87;SANTANA DO IPANEMA;Condutor deixou de manter distância do veículo da frente;Colisão traseira;Com Vítimas Feridas;Plena Noite;Crescente;Céu Claro;Simples;Reta;Sim;2;0;1;0;1;0;1;2;-9,37623216;-37,22677605;SPRF-AL;DEL03-AL;UOP02-DEL03-AL
592769;08/04/2024;segunda-feira;22:30:00;MG;116;756;LEOPOLDINA;Ausência de reação do condutor;Saída de leito carroçável;Com Vítimas Feridas;Plena Noite;Decrescente;Céu Claro;Simples;Reta;Não;1;0;1;0;0;0;1;1;-21,49227013;-42,58527793;SPRF-MG;DEL07-MG;UOP01-DEL07-MG
592771;08/04/2024;segunda-feira;22:50:00;MG;116;276;TEOFILO OTONI;Reação tardia ou ineficiente do condutor;Tombamento;Com Vítimas Feridas;Plena Noite;Decrescente;Céu Claro;Simples;Curva;Sim;1;0;1;0;0;0;1;1;-17,85105696;-41,51454492;SPRF-MG;DEL11-MG;UOP01-DEL11-MG
592772;08/04/2024;segunda-feira;22:10:00;SC;101;427,4;SOMBRIO;Demais falhas mecânicas ou elétricas;Tombamento;Com Vítimas Feridas;Plena Noite;Crescente;Céu Claro;Múltipla;Reta;Não;2;0;2;0;0;0;2;1;-29,0329064;-49,60623553;SPRF-SC;DEL02-SC;UOP02-DEL02-SC
592774;08/04/2024;segunda-feira;22:45:00;PR;277;135,8;BALSA NOVA;Ausência de reação do condutor;Saída de leito carroçável;Com Vítimas Feridas;Plena Noite;Crescente;Garoa/Chuvisco;Dupla;"Declive;Reta";Não;3;0;1;1;1;0;2;1;-25,470443;-49,685269;SPRF-PR;DEL03-PR;UOP03-DEL03-PR
592778;08/04/2024;segunda-feira;22:00:00;RO;364;10;VILHENA;Pedestre cruzava a pista fora da faixa;Atropelamento de Pedestre;Com Vítimas Feridas;Plena Noite;Crescente;Céu Claro;Simples;Reta;Sim;2;0;2;0;0;0;2;2;-12,75194006;-60,10600907;SPRF-RO;DEL04-RO;UOP01-DEL04-RO
592779;08/04/2024;segunda-feira;22:50:00;SC;282;392,5;JOACABA;Reação tardia ou ineficiente do condutor;Colisão com objeto;Com Vítimas Feridas;Plena Noite;Crescente;Céu Claro;Dupla;Curva;Não;2;0;2;0;0;0;2;1;-27,164942;-51,56567;SPRF-SC;DEL07-SC;UOP05-DEL07-SC
592780;08/04/2024;segunda-feira;10:45:00;RS;470;175,9;VERANOPOLIS;Acessar a via sem observar a presença dos outros veículos;Colisão transversal;Com Vítimas Feridas;Plena Noite;Decrescente;Céu Claro;Simples;"Rotatória;Reta;Interseção de Vias;Declive";Sim;3;0;1;0;2;0;1;2;-28,92482692;-51,5392428;SPRF-RS;DEL06-RS;UOP02-DEL06-RS
592783;27/03/2024;quarta-feira;07:40:00;RS;285;297;PASSO FUNDO;Condutor deixou de manter distância do veículo da frente;Engavetamento;Com Vítimas Feridas;Pleno dia;Decrescente;Sol;Simples;"Aclive;Reta";Não;6;0;1;0;5;0;1;5;-28,235136;-52,413391;SPRF-RS;DEL08-RS;UOP03-DEL08-RS
592788;09/04/2024;terça-feira;00:11:00;GO;70;8,9;AGUAS LINDAS DE GOIAS;Reação tardia ou ineficiente do condutor;Colisão com objeto;Com Vítimas Feridas;Plena Noite;Decrescente;Céu Claro;Dupla;Reta;Sim;1;0;1;0;0;0;1;1;-15,73733681;-48,27407468;SPRF-DF;DEL03-DF;UOP02-DEL03-DF
592792;08/04/2024;segunda-feira;23:55:00;MT;364;270;JACIARA;Reação tardia ou ineficiente do condutor;Queda de ocupante de veículo;Com Vítimas Feridas;Plena Noite;Crescente;Céu Claro;Dupla;Reta;Sim;1;0;0;1;0;0;1;1;-15,9689785;-54,94463002;SPRF-MT;DEL05-MT;UOP02-DEL05-MT
592793;09/04/2024;terça-feira;03:22:00;PR;277;656;MATELANDIA;Demais falhas mecânicas ou elétricas;Incêndio;Sem Vítimas;Plena Noite;Decrescente;Céu Claro;Dupla;"Aclive;Reta";Sim;1;0;0;0;1;0;0;1;-25,23423637;-53,96184188;SPRF-PR;DEL05-PR;UOP02-DEL05-PR
592796;09/04/2024;terça-feira;04:30:00;SC;282;100,9;ALFREDO WAGNER;Condutor Dormindo;Colisão frontal;Com Vítimas Feridas;Plena Noite;Crescente;Céu Claro;Simples;Curva;Não;4;0;1;1;2;0;2;2;-27,698915;-49,297039;SPRF-SC;DEL01-SC;UOP03-DEL01-SC
592798;08/04/2024;segunda-feira;21:20:00;BA;367;38,1;PORTO SEGURO;Animais na Pista;Atropelamento de Animal;Com Vítimas Feridas;Plena Noite;Decrescente;Céu Claro;Simples;Reta;Não;1;0;0;1;0;0;1;1;-16,3959773;-39,1933471;SPRF-BA;DEL09-BA;UOP03-DEL09-BA
592800;09/04/2024;terça-feira;05:55:00;SC;101;197,7;BIGUACU;Condutor deixou de manter distância do veículo da frente;Colisão traseira;Com Vítimas Feridas;Pleno dia;Crescente;Céu Claro;Dupla;Reta;Não;2;0;1;0;1;0;1;2;-27,51844497;-48,63848496;SPRF-SC;DEL01-SC;UOP01-DEL01-SC
592801;09/04/2024;terça-feira;05:40:00;BA;101;535;SAO JOSE DA VITORIA;Demais falhas na via;Saída de leito carroçável;Com Vítimas Feridas;Amanhecer;Decrescente;Garoa/Chuvisco;Simples;"Declive;Curva";Não;4;0;2;0;2;0;2;1;-15,15775202;-39,41074199;SPRF-BA;DEL05-BA;UOP01-DEL05-BA
592802;09/04/2024;terça-feira;06:20:00;RS;153;52,7;ERECHIM;Velocidade Incompatível;Saída de leito carroçável;Com Vítimas Feridas;Amanhecer;Decrescente;Nevoeiro/Neblina;Simples;Reta;Sim;2;0;1;0;1;0;1;1;-27,66693813;-52,29069167;SPRF-RS;DEL08-RS;UOP04-DEL08-RS
592803;08/04/2024;segunda-feira;20:20:00;RJ;116;281;BARRA MANSA;Demais falhas mecânicas ou elétricas;Incêndio;Sem Vítimas;Plena Noite;Crescente;Céu Claro;Múltipla;Declive;Sim;1;0;0;0;1;0;0;1;-22,53244798;-44,19565304;SPRF-RJ;DEL07-RJ;UOP02-DEL07-RJ
592805;09/04/2024;terça-feira;05:43:00;TO;153;219;COLINAS DO TOCANTINS;Objeto estático sobre o leito carroçável;Tombamento;Com Vítimas Feridas;Amanhecer;Crescente;Nublado;Simples;Reta;Não;1;0;1;0;0;0;1;1;-7,81001595;-48,45426281;SPRF-TO;DEL02-TO;UOP01-DEL02-TO
592807;09/04/2024;terça-feira;07:15:00;GO;60;178;ABADIA DE GOIAS;Acessar a via sem observar a presença dos outros veículos;Colisão lateral mesmo sentido;Com Vítimas Feridas;Pleno dia;Crescente;Céu Claro;Dupla;Reta;Não;2;0;1;0;1;0;1;2;-16,7602;-49,4578;SPRF-GO;DEL01-GO;UOP02-DEL01-GO
592808;08/04/2024;segunda-feira;19:04:00;RS;471;174,5;RIO PARDO;Acessar a via sem observar a presença dos outros veículos;Atropelamento de Pedestre;Com Vítimas Feridas;Plena Noite;Decrescente;Céu Claro;Dupla;Rotatória;Sim;2;0;1;1;0;0;2;2;-30,022757;-52,373554;SPRF-RS;DEL02-RS;UOP03-DEL02-RS
592809;09/04/2024;terça-feira;06:45:00;RN;406;169,8;SAO GONCALO DO AMARANTE;Reação tardia ou ineficiente do condutor;Colisão traseira;Com Vítimas Feridas;Pleno dia;Crescente;Céu Claro;Dupla;Reta;Sim;5;0;4;0;1;0;4;3;-5,75570118;-35,30728507;SPRF-RN;DEL02-RN;UOP01-DEL02-RN
592811;09/04/2024;terça-feira;07:25:00;PR;153;41,6;SANTO ANTONIO DA PLATINA;Ausência de reação do condutor;Atropelamento de Pedestre;Com Vítimas Feridas;Pleno dia;Crescente;Céu Claro;Simples;Rotatória;Sim;2;0;1;0;1;0;1;2;-23,287931;-50,059216;SPRF-PR;DEL07-PR;UOP04-DEL07-PR
592812;09/04/2024;terça-feira;07:15:00;DF;40;5,5;BRASILIA;Reação tardia ou ineficiente do condutor;Colisão traseira;Sem Vítimas;Pleno dia;Decrescente;Céu Claro;Dupla;Reta;Não;2;0;0;0;2;0;0;2;-16,020903;-47,980541;SPRF-DF;DEL01-DF;UOP01-DEL01-DF
592813;08/04/2024;segunda-feira;21:30:00;RJ;493;57;NOVA IGUACU;Ausência de reação do condutor;Queda de ocupante de veículo;Com Vítimas Feridas;Plena Noite;Decrescente;Céu Claro;Dupla;"Ponte;Reta";Não;1;0;1;0;0;0;1;1;-22,67009253;-43,37878168;SPRF-RJ;DEL01-RJ;UOP03-DEL01-RJ
592814;09/04/2024;terça-feira;07:00:00;SP;116;228;SAO PAULO;Manobra de mudança de faixa;Colisão lateral mesmo sentido;Com Vítimas Feridas;Pleno dia;Crescente;Sol;Múltipla;"Reta;Aclive";Não;3;0;2;0;1;0;2;2;-23,50343484;-46,56638712;SPRF-SP;DEL01-SP;UOP01-DEL01-SP
592815;06/03/2024;quarta-feira;20:56:00;BA;324;519;FEIRA DE SANTANA;Acessar a via sem observar a presença dos outros veículos;Colisão transversal;Com Vítimas Feridas;Plena Noite;Decrescente;Céu Claro;Dupla;"Interseção de Vias;Reta";Sim;2;0;0;1;0;1;1;2;-12,2656817;-38,9329382;SPRF-BA;DEL02-BA;UOP01-DEL02-BA
592819;08/04/2024;segunda-feira;21:15:00;RJ;101;130;CARAPEBUS;Condutor deixou de manter distância do veículo da frente;Colisão traseira;Sem Vítimas;Plena Noite;Decrescente;Céu Claro;Dupla;Reta;Não;3;0;0;0;3;0;0;2;-22,10926264;-41,69530619;SPRF-RJ;DEL08-RJ;UOP04-DEL08-RJ
592820;09/04/2024;terça-feira;07:50:00;CE;222;1;FORTALEZA;Manobra de mudança de faixa;Colisão lateral mesmo sentido;Com Vítimas Feridas;Pleno dia;Decrescente;Céu Claro;Múltipla;Reta;Sim;2;0;1;0;1;0;1;2;-3,737804;-38,578061;SPRF-CE;DEL01-CE;UOP01-DEL01-CE
592821;09/04/2024;terça-feira;07:10:00;RN;101;103,9;PARNAMIRIM;Reação tardia ou ineficiente do condutor;Colisão traseira;Com Vítimas Feridas;Pleno dia;Decrescente;Sol;Múltipla;"Reta;Interseção de Vias";Sim;5;0;1;1;3;0;2;2;-5,89034022;-35,24894996;SPRF-RN;DEL01-RN;UOP01-DEL01-RN
592822;09/04/2024;terça-feira;03:00:00;RO;425;117;GUAJARA-MIRIM;Animais na Pista;Atropelamento de Animal;Com Vítimas Feridas;Plena Noite;Decrescente;Céu Claro;Simples;Reta;Não;1;0;1;0;0;0;1;1;-10,558484;-65,326225;SPRF-RO;DEL01-RO;UOP03-DEL01-RO
592824;04/03/2024;segunda-feira;13:49:00;PI;316;272;DOM EXPEDITO LOPES;Desrespeitar a preferência no cruzamento;Colisão transversal;Com Vítimas Feridas;Pleno dia;Crescente;Nublado;Simples;Curva;Não;4;0;3;0;1;0;3;2;-6,94059185;-41,74286485;SPRF-PI;DEL04-PI;UOP02-DEL04-PI
592825;09/04/2024;terça-feira;07:20:00;SP;116;148,6;SAO JOSE DOS CAMPOS;Ausência de reação do condutor;Tombamento;Com Vítimas Feridas;Pleno dia;Decrescente;Céu Claro;Dupla;Reta;Não;1;0;1;0;0;0;1;1;-23,2009818;-45,8798574;SPRF-SP;DEL02-SP;UOP01-DEL02-SP
592826;09/04/2024;terça-feira;08:15:00;CE;116;7;FORTALEZA;Demais falhas mecânicas ou elétricas;Queda de ocupante de veículo;Com Vítimas Feridas;Pleno dia;Crescente;Céu Claro;Dupla;Reta;Sim;5;0;2;0;3;0;2;4;-3,81073099;-38,50074867;SPRF-CE;DEL01-CE;UOP02-DEL01-CE
592827;09/04/2024;terça-feira;07:47:00;PR;277;6,1;PARANAGUA;Condutor deixou de manter distância do veículo da frente;Colisão traseira;Com Vítimas Feridas;Pleno dia;Decrescente;Céu Claro;Dupla;Reta;Sim;3;0;2;0;1;0;2;2;-25,5596837;-48,5775476;SPRF-PR;DEL01-PR;UOP05-DEL01-PR
592828;09/04/2024;terça-feira;06:45:00;PR;277;98,9;CURITIBA;Trafegar com motocicleta (ou similar) entre as faixas;Colisão lateral mesmo sentido;Com Vítimas Feridas;Pleno dia;Decrescente;Nevoeiro/Neblina;Dupla;Reta;Sim;3;0;1;0;1;1;1;3;-25,43122182;-49,35803175;SPRF-PR;DEL01-PR;UOP06-DEL01-PR
592831;09/04/2024;terça-feira;08:25:00;SC;101;207,8;SAO JOSE;Reação tardia ou ineficiente do condutor;Colisão traseira;Com Vítimas Feridas;Pleno dia;Decrescente;Céu Claro;Múltipla;Reta;Sim;2;0;1;0;1;0;1;2;-27,60001226;-48,6226467;SPRF-SC;DEL01-SC;UOP01-DEL01-SC
592832;09/04/2024;terça-feira;08:50:00;SC;101;276,3;IMBITUBA;Ultrapassagem Indevida;Colisão lateral mesmo sentido;Com Vítimas Feridas;Pleno dia;Decrescente;Céu Claro;Simples;Interseção de Vias;Sim;2;0;0;1;1;0;1;2;-28,16036254;-48,69297266;SPRF-SC;DEL02-SC;UOP03-DEL02-SC
592833;09/04/2024;terça-feira;09:00:00;SC;101;332;TUBARAO;Desrespeitar a preferência no cruzamento;Colisão transversal;Sem Vítimas;Pleno dia;Decrescente;Céu Claro;Múltipla;"Rotatória;Interseção de Vias";Sim;2;0;0;0;2;0;0;2;-28,46016431;-48,98968873;SPRF-SC;DEL02-SC;UOP01-DEL02-SC
592834;09/04/2024;terça-feira;07:50:00;PR;277;104;CAMPO LARGO;Reação tardia ou ineficiente do condutor;Engavetamento;Com Vítimas Feridas;Pleno dia;Decrescente;Nublado;Dupla;"Aclive;Reta";Sim;5;0;0;1;4;0;1;3;-25,4342415;-49,4105843;SPRF-PR;DEL01-PR;UOP06-DEL01-PR
592836;09/04/2024;terça-feira;07:30:00;BA;101;713;EUNAPOLIS;Acessar a via sem observar a presença dos outros veículos;Colisão transversal;Com Vítimas Feridas;Pleno dia;Crescente;Céu Claro;Simples;Reta;Sim;2;0;1;0;1;0;1;2;-16,33748834;-39,58126187;SPRF-BA;DEL09-BA;UOP01-DEL09-BA
592837;05/04/2024;sexta-feira;17:00:00;CE;116;7;FORTALEZA;Objeto estático sobre o leito carroçável;Tombamento;Com Vítimas Feridas;Pleno dia;Crescente;Céu Claro;Dupla;Reta;Não;1;0;1;0;0;0;1;1;-3,81073099;-38,50074867;SPRF-CE;DEL01-CE;UOP02-DEL01-CE
592838;09/04/2024;terça-feira;07:20:00;MT;163;829;SINOP;Ausência de reação do condutor;Colisão traseira;Com Vítimas Feridas;Pleno dia;Decrescente;Céu Claro;Dupla;"Reta;Retorno Regulamentado";Sim;2;0;1;0;1;0;1;2;-11,91318796;-55,50891638;SPRF-MT;DEL06-MT;UOP02-DEL06-MT
592840;09/04/2024;terça-feira;09:39:00;RN;101;83;NATAL;Manobra de mudança de faixa;Colisão traseira;Com Vítimas Feridas;Pleno dia;Decrescente;Céu Claro;Dupla;Reta;Sim;2;0;0;1;1;0;1;2;-5,7710445;-35,26616981;SPRF-RN;DEL02-RN;UOP01-DEL02-RN
592841;09/04/2024;terça-feira;09:30:00;RS;386;44,8;SEBERI;Reação tardia ou ineficiente do condutor;Saída de leito carroçável;Com Vítimas Feridas;Pleno dia;Crescente;Sol;Simples;Reta;Não;1;0;1;0;0;0;1;1;-27,439693;-53,417526;SPRF-RS;DEL08-RS;UOP02-DEL08-RS
592842;09/04/2024;terça-feira;10:00:00;SP;116;220,5;GUARULHOS;Ausência de reação do condutor;Colisão traseira;Com Vítimas Feridas;Pleno dia;Crescente;Céu Claro;Múltipla;Reta;Sim;2;0;1;0;1;0;1;2;-23,46472809;-46,49793962;SPRF-SP;DEL01-SP;UOP01-DEL01-SP
592843;09/04/2024;terça-feira;10:00:00;RS;116;241;NOVO HAMBURGO;Acessar a via sem observar a presença dos outros veículos;Colisão lateral mesmo sentido;Com Vítimas Feridas;Pleno dia;Decrescente;Céu Claro;Dupla;Reta;Sim;2;0;1;0;1;0;1;2;-29,71396796;-51,1476744;SPRF-RS;DEL01-RS;UOP02-DEL01-RS
592844;09/04/2024;terça-feira;08:50:00;RJ;40;121,9;DUQUE DE CAXIAS;Manobra de mudança de faixa;Colisão lateral mesmo sentido;Com Vítimas Feridas;Pleno dia;Crescente;Céu Claro;Múltipla;Curva;Sim;3;0;1;0;2;0;1;2;-22,78185499;-43,28571273;SPRF-RJ;DEL01-RJ;UOP02-DEL01-RJ
592845;09/04/2024;terça-feira;06:20:00;BA;116;337;TEOFILANDIA;Ausência de reação do condutor;Colisão traseira;Com Vítimas Feridas;Pleno dia;Crescente;Céu Claro;Simples;Declive;Não;2;0;0;1;1;0;1;2;-11,47624586;-38,99386633;SPRF-BA;DEL02-BA;UOP01-DEL02-BA
592846;09/04/2024;terça-feira;09:40:00;MG;365;611;UBERLANDIA;Condutor deixou de manter distância do veículo da frente;Colisão traseira;Sem Vítimas;Pleno dia;Decrescente;Céu Claro;Simples;Reta;Não;1;0;0;0;1;0;0;1;-18,92793854;-48,19198317;SPRF-MG;DEL15-MG;UOP01-DEL15-MG
592847;09/04/2024;terça-feira;09:20:00;RJ;101;488;ANGRA DOS REIS;Ausência de reação do condutor;Colisão transversal;Sem Vítimas;Pleno dia;Decrescente;Nublado;Simples;"Reta;Interseção de Vias";Sim;2;0;0;0;2;0;0;2;-22,96277972;-44,29800745;SPRF-RJ;DEL03-RJ;UOP03-DEL03-RJ
592851;09/04/2024;terça-feira;11:15:00;SC;470;68;INDAIAL;Acessar a via sem observar a presença dos outros veículos;Colisão transversal;Com Vítimas Feridas;Pleno dia;Decrescente;Céu Claro;Dupla;Reta;Sim;2;0;1;0;1;0;1;2;-26,877615;-49,239231;SPRF-SC;DEL04-SC;UOP01-DEL04-SC
592852;09/04/2024;terça-feira;10:20:00;SP;116;213;GUARULHOS;Trafegar com motocicleta (ou similar) entre as faixas;Colisão traseira;Com Vítimas Feridas;Pleno dia;Decrescente;Céu Claro;Múltipla;Reta;Sim;2;0;1;0;1;0;1;2;-23,43971486;-46,43667806;SPRF-SP;DEL01-SP;UOP01-DEL01-SP
592853;09/04/2024;terça-feira;10:54:00;RN;304;296;MACAIBA;Manobra de mudança de faixa;Colisão frontal;Com Vítimas Feridas;Pleno dia;Decrescente;Céu Claro;Simples;"Desvio Temporário;Em Obras;Reta";Não;2;0;1;0;1;0;1;2;-5,86484905;-35,34931012;SPRF-RN;DEL01-RN;UOP02-DEL01-RN
592858;31/03/2024;domingo;03:30:00;PB;230;10;CABEDELO;Avarias e/ou desgaste excessivo no pneu;Eventos atípicos;Sem Vítimas;Amanhecer;Decrescente;Céu Claro;Dupla;Aclive;Não;1;0;0;0;1;0;0;1;-7,0514;-34,8499;SPRF-PB;DEL01-PB;UOP01-DEL01-PB
592860;09/04/2024;terça-feira;11:26:00;RN;226;10;MACAIBA;Transitar na contramão;Colisão frontal;Com Vítimas Feridas;Pleno dia;Decrescente;Céu Claro;Simples;Curva;Sim;2;0;0;2;0;0;2;2;-5,842965;-35,296302;SPRF-RN;DEL01-RN;UOP02-DEL01-RN
592861;09/04/2024;terça-feira;12:00:00;PR;116;120,5;CURITIBA;Manobra de mudança de faixa;Colisão traseira;Com Vítimas Feridas;Pleno dia;Crescente;Nublado;Dupla;Reta;Sim;4;0;2;0;2;0;2;2;-25,58861;-49,31489;SPRF-PR;DEL01-PR;UOP03-DEL01-PR
592862;09/04/2024;terça-feira;12:30:00;MG;381;485,5;BETIM;Velocidade Incompatível;Colisão traseira;Com Vítimas Feridas;Pleno dia;Decrescente;Céu Claro;Múltipla;"Reta;Declive";Sim;2;0;1;0;1;0;1;2;-19,95753704;-44,12328243;SPRF-MG;DEL01-MG;UOP03-DEL01-MG
592863;09/04/2024;terça-feira;11:50:00;ES;101;334,5;GUARAPARI;Ausência de reação do condutor;Colisão com objeto;Com Vítimas Feridas;Pleno dia;Crescente;Nublado;Dupla;"Aclive;Reta";Não;1;0;0;1;0;0;1;1;-20,6213791;-40,52011191;SPRF-ES;DEL03-ES;UOP01-DEL03-ES
592865;02/03/2024;sábado;14:00:00;PI;316;302,7;PICOS;Transitar na contramão;Colisão lateral sentido oposto;Sem Vítimas;Pleno dia;Crescente;Céu Claro;Simples;Reta;Não;2;0;0;0;1;1;0;2;-7,05254229;-41,53174821;SPRF-PI;DEL04-PI;UOP01-DEL04-PI
592866;09/04/2024;terça-feira;12:45:00;RS;116;298;GUAIBA;Manobra de mudança de faixa;Colisão lateral mesmo sentido;Com Vítimas Feridas;Pleno dia;Crescente;Céu Claro;Dupla;Reta;Não;2;0;2;0;0;0;2;2;-30,10644302;-51,34381389;SPRF-RS;DEL02-RS;UOP01-DEL02-RS
592869;09/04/2024;terça-feira;10:20:00;GO;153;220;URUACU;Reação tardia ou ineficiente do condutor;Saída de leito carroçável;Com Vítimas Feridas;Pleno dia;Crescente;Céu Claro;Simples;Reta;Não;2;0;2;0;0;0;2;1;-14,687892;-49,210506;SPRF-GO;DEL07-GO;UOP02-DEL07-GO
592870;09/04/2024;terça-feira;12:30:00;MG;40;778;JUIZ DE FORA;Reação tardia ou ineficiente do condutor;Colisão frontal;Com Vítimas Feridas;Pleno dia;Crescente;Céu Claro;Dupla;"Retorno Regulamentado;Interseção de Vias";Sim;2;0;1;0;1;0;1;2;-21,67953322;-43,45167875;SPRF-MG;DEL05-MG;UOP01-DEL05-MG
592873;09/04/2024;terça-feira;13:10:00;PB;101;83;BAYEUX;Demais falhas mecânicas ou elétricas;Tombamento;Com Vítimas Feridas;Pleno dia;Decrescente;Céu Claro;Dupla;Reta;Sim;1;0;1;0;0;0;1;1;-7,1337703;-34,92963914;SPRF-PB;DEL01-PB;UOP01-DEL01-PB
592874;09/04/2024;terça-feira;13:20:00;BA;116;414,3;FEIRA DE SANTANA;Reação tardia ou ineficiente do condutor;Colisão traseira;Com Vítimas Feridas;Pleno dia;Crescente;Sol;Dupla;Reta;Sim;1;0;1;0;0;0;1;1;-12,14246805;-38,96658117;SPRF-BA;DEL02-BA;UOP01-DEL02-BA
592876;09/04/2024;terça-feira;11:45:00;RO;364;237,4;CACOAL;Desrespeitar a preferência no cruzamento;Colisão transversal;Com Vítimas Feridas;Pleno dia;Decrescente;Céu Claro;Simples;Reta;Sim;3;0;2;0;1;0;2;2;-11,44341056;-61,44672787;SPRF-RO;DEL02-RO;UOP02-DEL02-RO
592877;28/02/2024;quarta-feira;14:16:00;TO;10;459;PALMAS;Manobra de mudança de faixa;Colisão traseira;Sem Vítimas;Pleno dia;Decrescente;Céu Claro;Dupla;Declive;Sim;2;0;0;0;2;0;0;2;-10,18953902;-48,17153202;SPRF-TO;DEL01-TO;UOP03-DEL01-TO
592878;28/03/2024;quinta-feira;16:25:00;PE;232;20,5;MORENO;Demais falhas mecânicas ou elétricas;Incêndio;Sem Vítimas;Anoitecer;Crescente;Nublado;Dupla;Reta;Não;1;0;0;0;1;0;0;1;-8,09543537;-35,07136107;SPRF-PE;DEL01-PE;UOP01-DEL01-PE
592879;02/04/2024;terça-feira;23:05:00;MS;262;12,5;TRES LAGOAS;Ausência de reação do condutor;Eventos atípicos;Com Vítimas Feridas;Plena Noite;Decrescente;Nublado;Simples;Reta;Sim;2;0;1;0;0;1;1;2;-20,82021325;-51,71060594;SPRF-MS;DEL07-MS;UOP01-DEL07-MS