id;data_inversa;dia_semana;horario;uf;br;km;municipio;causa_acidente;tipo_acidente;classificacao_acidente;fase_dia;sentido_via;condicao_metereologica;tipo_pista;tracado_via;uso_solo;pessoas;mortos;feridos_leves;feridos_graves;ilesos;ignorados;feridos;veiculos;latitude;longitude;regional;delegacia;uop
592880;09/04/2024;terça-feira;12:30:00;RJ;101;144;MACAE;Pista Escorregadia;Queda de ocupante de veículo;Com Vítimas Feridas;Pleno dia;Crescente;Céu Claro;Simples;Curva;Não;1;0;1;0;0;0;1;1;-22,21328005;-41,75426573;SPRF-RJ;DEL08-RJ;UOP04-DEL08-RJ
592881;09/04/2024;terça-feira;14:20:00;SP;116;6;QUELUZ;Reação tardia ou ineficiente do condutor;Capotamento;Com Vítimas Feridas;Pleno dia;Crescente;Céu Claro;Dupla;Reta;Não;1;0;1;0;0;0;1;1;-22,53158181;-44,75374706;SPRF-SP;DEL08-SP;UOP02-DEL08-SP
592882;09/04/2024;terça-feira;13:00:00;RJ;40;60;PETROPOLIS;Velocidade Incompatível;Tombamento;Com Vítimas Feridas;Pleno dia;Decrescente;Céu Claro;Dupla;Reta;Não;1;0;1;0;0;0;1;1;-22,39450315;-43,13468983;SPRF-RJ;DEL05-RJ;UOP02-DEL05-RJ
592883;09/04/2024;terça-feira;14:00:00;SC;153;94;CONCORDIA;Ultrapassagem Indevida;Colisão frontal;Com Vítimas Feridas;Pleno dia;Crescente;Céu Claro;Simples;"Aclive;Reta";Não;2;0;1;0;1;0;1;2;-27,200716;-51,940483;SPRF-SC;DEL07-SC;UOP04-DEL07-SC
592884;09/04/2024;terça-feira;13:50:00;RJ;101;566;PARATY;Condutor deixou de manter distância do veículo da frente;Colisão traseira;Com Vítimas Feridas;Pleno dia;Decrescente;Nublado;Simples;Reta;Não;4;0;2;0;2;0;2;3;-23,1567219;-44,70844898;SPRF-RJ;DEL03-RJ;UOP04-DEL03-RJ
592887;09/04/2024;terça-feira;15:00:00;SP;381;68;MAIRIPORA;Trafegar com motocicleta (ou similar) entre as faixas;Colisão lateral mesmo sentido;Com Vítimas Feridas;Pleno dia;Crescente;Céu Claro;Dupla;"Reta;Aclive";Não;1;0;1;0;0;0;1;1;-23,34043796;-46,57433588;SPRF-SP;DEL03-SP;UOP01-DEL03-SP
592888;09/04/2024;terça-feira;13:11:00;RO;364;693;PORTO VELHO;Acessar a via sem observar a presença dos outros veículos;Colisão traseira;Com Vítimas Feridas;Pleno dia;Decrescente;Céu Claro;Dupla;Reta;Sim;2;0;1;1;0;0;2;2;-8,798112;-63,708916;SPRF-RO;DEL01-RO;UOP01-DEL01-RO
592890;09/04/2024;terça-feira;15:00:00;MG;381;499,5;BETIM;Avarias e/ou desgaste excessivo no pneu;Tombamento;Com Vítimas Feridas;Pleno dia;Decrescente;Nublado;Múltipla;"Reta;Aclive";Não;2;0;1;0;0;1;1;1;-20,01792651;-44,2261448;SPRF-MG;DEL01-MG;UOP03-DEL01-MG
592891;09/04/2024;terça-feira;11:40:00;RJ;116;205;SEROPEDICA;Mal súbito do condutor;Saída de leito carroçável;Com Vítimas Feridas;Pleno dia;Crescente;Céu Claro;Dupla;Reta;Sim;1;0;1;0;0;0;1;1;-22,72746688;-43,64167998;SPRF-RJ;DEL06-RJ;UOP02-DEL06-RJ
592892;09/04/2024;terça-feira;11:30:00;RJ;465;21;NOVA IGUACU;Conversão proibida;Colisão transversal;Com Vítimas Feridas;Pleno dia;Decrescente;Nublado;Simples;Reta;Não;4;0;1;1;1;1;2;3;-22,854782;-43,601933;SPRF-RJ;DEL06-RJ;UOP02-DEL06-RJ
592893;09/04/2024;terça-feira;14:45:00;PR;153;451;UNIAO DA VITORIA;Acessar a via sem observar a presença dos outros veículos;Colisão transversal;Com Vítimas Feridas;Pleno dia;Crescente;Céu Claro;Simples;Reta;Não;3;0;0;2;1;0;2;2;-26,19788025;-51,06805801;SPRF-PR;DEL02-PR;UOP03-DEL02-PR
592894;09/04/2024;terça-feira;15:40:00;MG;146;449,5;CABO VERDE;Velocidade Incompatível;Saída de leito carroçável;Com Vítimas Feridas;Pleno dia;Decrescente;Chuva;Simples;"Declive;Curva";Não;2;0;1;1;0;0;2;1;-21,533399;-46,404902;SPRF-MG;DEL09-MG;UOP01-DEL09-MG
592895;29/03/2024;sexta-feira;00:10:00;MT;70;713;CACERES;Reação tardia ou ineficiente do condutor;Colisão com objeto;Com Vítimas Feridas;Plena Noite;Crescente;Ignorado;Simples;Reta;Não;1;0;1;0;0;0;1;1;-16,24559649;-57,53816911;SPRF-MT;DEL03-MT;UOP01-DEL03-MT
592897;09/04/2024;terça-feira;14:33:00;SP;381;24,5;BRAGANCA PAULISTA;Demais falhas mecânicas ou elétricas;Incêndio;Sem Vítimas;Pleno dia;Decrescente;Céu Claro;Dupla;Curva;Não;1;0;0;0;1;0;0;1;-23,03614495;-46,55183601;SPRF-SP;DEL03-SP;UOP02-DEL03-SP
592898;09/04/2024;terça-feira;15:20:00;SP;116;406;MIRACATU;Estacionar ou parar em local proibido;Incêndio;Sem Vítimas;Pleno dia;Decrescente;Céu Claro;Dupla;Reta;Não;1;0;0;0;1;0;0;1;-24,3250391;-47,55598398;SPRF-SP;DEL04-SP;UOP02-DEL04-SP
592899;09/04/2024;terça-feira;16:00:00;PE;424;87;GARANHUNS;Acessar a via sem observar a presença dos outros veículos;Colisão lateral mesmo sentido;Com Vítimas Feridas;Pleno dia;Crescente;Céu Claro;Simples;Reta;Não;2;0;1;0;1;0;1;2;-8,874289;-36,507607;SPRF-PE;DEL03-PE;UOP01-DEL03-PE
592900;20/03/2024;quarta-feira;05:55:00;MG;381;524;IGARAPE;Reação tardia ou ineficiente do condutor;Colisão traseira;Sem Vítimas;Amanhecer;Decrescente;Garoa/Chuvisco;Dupla;"Aclive;Reta";Não;1;0;0;0;1;0;0;1;-20,160736;-44,329843;SPRF-MG;DEL04-MG;UOP03-DEL04-MG
592903;09/04/2024;terça-feira;15:50:00;MG;40;544;NOVA LIMA;Ausência de reação do condutor;Colisão traseira;Com Vítimas Feridas;Pleno dia;Decrescente;Nublado;Dupla;"Reta;Aclive";Não;2;0;1;0;1;0;1;2;-19,99848032;-43,96256558;SPRF-MG;DEL01-MG;UOP02-DEL01-MG
592905;09/04/2024;terça-feira;15:45:00;MG;50;177;UBERABA;Reação tardia ou ineficiente do condutor;Colisão com objeto;Com Vítimas Feridas;Pleno dia;Decrescente;Céu Claro;Dupla;Reta;Não;2;0;0;2;0;0;2;1;-19,77914852;-47,95047701;SPRF-MG;DEL13-MG;UOP01-DEL13-MG
592907;09/04/2024;terça-feira;17:07:00;RN;110;49,3;MOSSORO;Manobra de mudança de faixa;Colisão lateral mesmo sentido;Com Vítimas Feridas;Pleno dia;Decrescente;Céu Claro;Dupla;Reta;Sim;2;0;1;0;1;0;1;2;-5,21645975;-37,32927128;SPRF-RN;DEL04-RN;UOP01-DEL04-RN
592909;09/04/2024;terça-feira;16:40:00;ES;101;143,8;LINHARES;Acumulo de areia ou detritos sobre o pavimento;Tombamento;Com Vítimas Feridas;Pleno dia;Crescente;Céu Claro;Dupla;Reta;Sim;2;0;0;1;0;1;1;2;-19,34286596;-40,0638568;SPRF-ES;DEL04-ES;UOP01-DEL04-ES
592911;09/04/2024;terça-feira;17:15:00;RJ;116;176;SAO JOAO DE MERITI;Reação tardia ou ineficiente do condutor;Colisão traseira;Com Vítimas Feridas;Pleno dia;Crescente;Céu Claro;Dupla;Curva;Sim;2;0;0;1;1;0;1;2;-22,7839538;-43,38195488;SPRF-RJ;DEL06-RJ;UOP01-DEL06-RJ
592912;09/04/2024;terça-feira;17:00:00;SP;381;35;ATIBAIA;Reação tardia ou ineficiente do condutor;Colisão traseira;Com Vítimas Feridas;Pleno dia;Decrescente;Céu Claro;Dupla;"Declive;Curva";Não;2;0;1;0;1;0;1;2;-23,088586;-46,571798;SPRF-SP;DEL03-SP;UOP02-DEL03-SP
592913;24/02/2024;sábado;21:54:00;RJ;101;334;RIO DE JANEIRO;Transitar na contramão;Colisão frontal;Com Vítimas Feridas;Plena Noite;Decrescente;Céu Claro;Múltipla;Aclive;Não;4;0;0;2;2;0;2;2;-22,88517902;-43,21704364;SPRF-RJ;DEL02-RJ;UOP01-DEL02-RJ
592914;09/04/2024;terça-feira;16:15:00;SC;101;414,1;ARARANGUA;Demais falhas mecânicas ou elétricas;Saída de leito carroçável;Com Vítimas Feridas;Pleno dia;Decrescente;Céu Claro;Dupla;Reta;Não;5;0;0;1;4;0;1;1;-28,94132264;-49,52453105;SPRF-SC;DEL02-SC;UOP02-DEL02-SC
592916;09/04/2024;terça-feira;16:45:00;SC;470;120;IBIRAMA;Reação tardia ou ineficiente do condutor;Colisão traseira;Com Vítimas Feridas;Pleno dia;Decrescente;Céu Claro;Simples;Interseção de Vias;Não;3;0;1;0;2;0;1;2;-27,08216871;-49,52059507;SPRF-SC;DEL04-SC;UOP02-DEL04-SC
592917;09/04/2024;terça-feira;17:15:00;SP;116;315;SAO LOURENCO DA SERRA;Reação tardia ou ineficiente do condutor;Queda de ocupante de veículo;Com Vítimas Feridas;Plena Noite;Crescente;Nublado;Dupla;Reta;Sim;1;0;1;0;0;0;1;1;-23,90251888;-46,99049317;SPRF-SP;DEL04-SP;UOP03-DEL04-SP
592918;09/04/2024;terça-feira;16:35:00;RS;153;404;CACHOEIRA DO SUL;Acessar a via sem observar a presença dos outros veículos;Colisão transversal;Com Vítimas Feridas;Pleno dia;Crescente;Sol;Simples;Interseção de Vias;Não;2;0;1;0;1;0;1;2;-29,99839356;-52,92266119;SPRF-RS;DEL02-RS;UOP03-DEL02-RS
592919;09/04/2024;terça-feira;17:35:00;DF;20;19;BRASILIA;Trafegar com motocicleta (ou similar) entre as faixas;Colisão traseira;Com Vítimas Feridas;Pleno dia;Crescente;Nublado;Dupla;"Declive;Reta";Não;2;0;1;0;1;0;1;2;-15,612175;-47,700928;SPRF-DF;DEL02-DF;UOP01-DEL02-DF
592924;09/04/2024;terça-feira;17:40:00;ES;101;271;SERRA;Acessar a via sem observar a presença dos outros veículos;Colisão transversal;Com Vítimas Feridas;Anoitecer;Crescente;Chuva;Múltipla;Reta;Sim;2;0;0;1;1;0;1;2;-20,23267;-40,27658;SPRF-ES;DEL02-ES;UOP01-DEL02-ES
592925;09/04/2024;terça-feira;14:55:00;SC;280;129,1;RIO NEGRINHO;Conversão proibida;Colisão transversal;Com Vítimas Feridas;Pleno dia;Crescente;Sol;Simples;Reta;Sim;3;0;2;0;1;0;2;2;-26,24586437;-49,52284615;SPRF-SC;DEL06-SC;UOP03-DEL06-SC
592926;05/02/2024;segunda-feira;01:44:00;RJ;101;319;SAO GONCALO;Pedestre - Ingestão de álcool/ substâncias psicoativas;Atropelamento de Pedestre;Com Vítimas Feridas;Amanhecer;Decrescente;Céu Claro;Múltipla;Reta;Sim;2;0;0;1;0;1;1;2;-22,85411774;-43,1018014;SPRF-RJ;DEL02-RJ;UOP02-DEL02-RJ
592928;09/04/2024;terça-feira;17:46:00;RN;226;1;NATAL;Condutor deixou de manter distância do veículo da frente;Colisão traseira;Sem Vítimas;Plena Noite;Decrescente;Céu Claro;Simples;Reta;Sim;2;0;0;0;2;0;0;2;-5,80642132;-35,24167278;SPRF-RN;DEL01-RN;UOP02-DEL01-RN
592929;09/04/2024;terça-feira;18:15:00;RS;392;346;SANTA MARIA;Acessar a via sem observar a presença dos outros veículos;Colisão transversal;Com Vítimas Feridas;Pleno dia;Crescente;Céu Claro;Simples;Retorno Regulamentado;Sim;2;0;0;1;1;0;1;2;-29,7703471;-53,78424525;SPRF-RS;DEL09-RS;UOP01-DEL09-RS
592930;09/04/2024;terça-feira;17:00:00;RJ;101;307;SAO GONCALO;Demais falhas mecânicas ou elétricas;Queda de ocupante de veículo;Com Vítimas Feridas;Pleno dia;Decrescente;Céu Claro;Dupla;Reta;Sim;1;0;1;0;0;0;1;1;-22,79115777;-43,01514205;SPRF-RJ;DEL02-RJ;UOP02-DEL02-RJ
592931;09/04/2024;terça-feira;16:00:00;PR;476;354;UNIAO DA VITORIA;Ausência de reação do condutor;Incêndio;Sem Vítimas;Pleno dia;Crescente;Nublado;Simples;Reta;Não;1;0;0;0;0;1;0;1;-26,196825;-51,01252;SPRF-PR;DEL02-PR;UOP03-DEL02-PR
592932;09/04/2024;terça-feira;14:30:00;BA;110;345;ALAGOINHAS;Reação tardia ou ineficiente do condutor;Capotamento;Com Vítimas Feridas;Pleno dia;Decrescente;Sol;Simples;Reta;Sim;3;0;1;0;2;0;1;1;-12,250048;-38,393554;SPRF-BA;DEL01-BA;UOP04-DEL01-BA
592933;09/04/2024;terça-feira;15:10:00;RJ;101;313;SAO GONCALO;Acessar a via sem observar a presença dos outros veículos;Colisão transversal;Com Vítimas Feridas;Pleno dia;Decrescente;Céu Claro;Simples;Reta;Sim;3;0;2;0;1;0;2;2;-22,81049093;-43,06983304;SPRF-RJ;DEL02-RJ;UOP02-DEL02-RJ
592935;09/04/2024;terça-feira;18:30:00;SP;116;222;GUARULHOS;Ausência de sinalização;Capotamento;Com Vítimas Feridas;Plena Noite;Decrescente;Céu Claro;Múltipla;Reta;Sim;1;0;1;0;0;0;1;1;-23,47093408;-46,51631097;SPRF-SP;DEL01-SP;UOP01-DEL01-SP
592936;09/04/2024;terça-feira;18:25:00;SC;101;134;BALNEARIO CAMBORIU;Trafegar com motocicleta (ou similar) entre as faixas;Colisão traseira;Com Vítimas Feridas;Plena Noite;Decrescente;Nublado;Múltipla;Reta;Sim;2;0;1;0;1;0;1;2;-27,00218;-48,636433;SPRF-SC;DEL04-SC;UOP03-DEL04-SC
592938;09/04/2024;terça-feira;18:50:00;RJ;116;302;PORTO REAL;Avarias e/ou desgaste excessivo no pneu;Queda de ocupante de veículo;Com Vítimas Feridas;Plena Noite;Decrescente;Nublado;Dupla;Reta;Não;1;0;1;0;0;0;1;1;-22,45364576;-44,37040802;SPRF-RJ;DEL07-RJ;UOP02-DEL07-RJ
592939;09/04/2024;terça-feira;19:25:00;DF;80;11;BRASILIA;Acumulo de água sobre o pavimento;Queda de ocupante de veículo;Com Vítimas Feridas;Plena Noite;Decrescente;Nublado;Simples;Reta;Sim;1;0;1;0;0;0;1;1;-15,73092049;-48,18158269;SPRF-DF;DEL03-DF;UOP02-DEL03-DF
592942;09/04/2024;terça-feira;19:10:00;MG;40;633,5;CONSELHEIRO LAFAIETE;Desrespeitar a preferência no cruzamento;Colisão transversal;Com Vítimas Feridas;Plena Noite;Crescente;Céu Claro;Simples;Retorno Regulamentado;Sim;3;0;1;1;1;0;2;2;-20,68851982;-43,79070997;SPRF-MG;DEL05-MG;UOP02-DEL05-MG
592943;09/04/2024;terça-feira;18:00:00;MT;163;1038;MATUPA;Ausência de reação do condutor;Colisão transversal;Com Vítimas Feridas;Plena Noite;Crescente;Céu Claro;Simples;Interseção de Vias;Sim;2;0;1;0;1;0;1;2;-10,18481782;-54,94535208;SPRF-MT;DEL06-MT;UOP03-DEL06-MT
592944;09/04/2024;terça-feira;18:10:00;RS;386;440,7;CANOAS;Reação tardia ou ineficiente do condutor;Tombamento;Com Vítimas Feridas;Pleno dia;Crescente;Céu Claro;Simples;"Curva;Viaduto";Sim;1;0;0;1;0;0;1;1;-29,88293598;-51,23498797;SPRF-RS;DEL01-RS;UOP01-DEL01-RS
592945;09/04/2024;terça-feira;18:00:00;RN;427;110,1;CAICO;Reação tardia ou ineficiente do condutor;Colisão lateral mesmo sentido;Com Vítimas Feridas;Plena Noite;Crescente;Chuva;Simples;"Declive;Reta";Não;2;0;1;0;1;0;1;2;-6,44849167;-37,13759;SPRF-RN;DEL03-RN;UOP01-DEL03-RN
592946;09/04/2024;terça-feira;18:35:00;RO;435;120;CEREJEIRAS;Animais na Pista;Atropelamento de Animal;Com Vítimas Feridas;Anoitecer;Crescente;Nublado;Simples;Reta;Não;2;0;1;1;0;0;2;1;-13,18559264;-60,78330497;SPRF-RO;DEL04-RO;UOP02-DEL04-RO
592947;09/04/2024;terça-feira;19:30:00;SC;101;138;BALNEARIO CAMBORIU;Condutor deixou de manter distância do veículo da frente;Colisão traseira;Com Vítimas Feridas;Plena Noite;Decrescente;Céu Claro;Múltipla;Reta;Sim;2;0;1;0;1;0;1;2;-27,02397426;-48,60761649;SPRF-SC;DEL04-SC;UOP03-DEL04-SC
592949;09/04/2024;terça-feira;18:20:00;PI;316;9;TERESINA;Chuva;Queda de ocupante de veículo;Com Vítimas Feridas;Plena Noite;Decrescente;Garoa/Chuvisco;Dupla;Reta;Sim;1;0;1;0;0;0;1;1;-5,17381686;-42,76624952;SPRF-PI;DEL01-PI;UOP02-DEL01-PI
592950;09/04/2024;terça-feira;19:20:00;PI;343;305,7;ALTOS;Transitar no Acostamento;Colisão frontal;Com Vítimas Feridas;Plena Noite;Crescente;Céu Claro;Simples;Reta;Sim;2;0;1;0;0;1;1;2;-5,03444;-42,443382;SPRF-PI;DEL01-PI;UOP01-DEL01-PI
592952;09/04/2024;terça-feira;19:50:00;PB;361;4,5;PATOS;Acesso irregular;Colisão frontal;Com Vítimas Feridas;Plena Noite;Decrescente;Céu Claro;Simples;Reta;Sim;2;0;1;0;1;0;1;2;-7,03208047;-37,29365088;SPRF-PB;DEL03-PB;UOP01-DEL03-PB
592953;09/04/2024;terça-feira;20:15:00;PB;230;26;JOAO PESSOA;Avarias e/ou desgaste excessivo no pneu;Tombamento;Com Vítimas Feridas;Plena Noite;Crescente;Céu Claro;Dupla;"Aclive;Reta";Sim;1;0;1;0;0;0;1;1;-7,1693;-34,8782;SPRF-PB;DEL01-PB;UOP01-DEL01-PB
592954;09/04/2024;terça-feira;17:45:00;RJ;465;13;SEROPEDICA;Pedestre andava na pista;Atropelamento de Pedestre;Com Vítimas Feridas;Anoitecer;Crescente;Nublado;Simples;Reta;Sim;2;0;1;0;1;0;1;2;-22,798468;-43,645508;SPRF-RJ;DEL06-RJ;UOP02-DEL06-RJ
592955;09/04/2024;terça-feira;18:17:00;PR;153;366,7;RIO AZUL;Acessar a via sem observar a presença dos outros veículos;Colisão transversal;Com Vítimas Feridas;Anoitecer;Crescente;Céu Claro;Simples;"Interseção de Vias;Reta";Sim;3;0;1;0;2;0;1;2;-25,72462859;-50,79621077;SPRF-PR;DEL08-PR;UOP02-DEL08-PR
592958;09/04/2024;terça-feira;21:07:00;PI;343;0;LUIS CORREIA;Ingestão de álcool pelo condutor;Colisão com objeto;Com Vítimas Feridas;Plena Noite;Decrescente;Nublado;Simples;Reta;Sim;2;0;0;1;1;0;1;2;-2,881846;-41,665638;SPRF-PI;DEL05-PI;UOP01-DEL05-PI
592960;09/04/2024;terça-feira;19:00:00;AM;230;611;HUMAITA;Entrada inopinada do pedestre;Atropelamento de Pedestre;Com Vítimas Feridas;Plena Noite;Crescente;Céu Claro;Dupla;Reta;Sim;2;0;2;0;0;0;2;2;-7,502207;-63,028597;SPRF-AM;DEL01-AM;UOP05-DEL01-AM
592961;09/04/2024;terça-feira;21:00:00;PE;101;81;RECIFE;Acessar a via sem observar a presença dos outros veículos;Colisão transversal;Com Vítimas Feridas;Plena Noite;Crescente;Chuva;Dupla;Reta;Sim;2;0;1;0;1;0;1;2;-8,1597489;-34,94024569;SPRF-PE;DEL01-PE;UOP01-DEL01-PE
592962;09/04/2024;terça-feira;17:30:00;MA;135;18,1;SAO LUIS;Condutor deixou de manter distância do veículo da frente;Colisão lateral mesmo sentido;Com Vítimas Feridas;Anoitecer;Crescente;Chuva;Simples;"Reta;Declive";Não;1;0;0;1;0;0;1;1;-2,53073;-44,3068;SPRF-MA;DEL01-MA;UOP01-DEL01-MA
592963;09/04/2024;terça-feira;19:00:00;PI;343;592;FLORIANO;Acessar a via sem observar a presença dos outros veículos;Colisão transversal;Com Vítimas Feridas;Plena Noite;Crescente;Céu Claro;Simples;Reta;Sim;2;0;0;2;0;0;2;2;-6,777731;-43,031559;SPRF-PI;DEL03-PI;UOP01-DEL03-PI
592965;09/04/2024;terça-feira;21:00:00;TO;153;334;GUARAI;Ingestão de álcool pelo condutor;Saída de leito carroçável;Sem Vítimas;Plena Noite;Crescente;Céu Claro;Múltipla;Interseção de Vias;Sim;1;0;0;0;1;0;0;1;-8,83743176;-48,51229906;SPRF-TO;DEL02-TO;UOP02-DEL02-TO
592966;09/04/2024;terça-feira;21:30:00;RS;285;277;MATO CASTELHANO;Ausência de reação do condutor;Saída de leito carroçável;Sem Vítimas;Plena Noite;Crescente;Céu Claro;Simples;Reta;Não;1;0;0;0;0;1;0;1;-28,260334;-52,22662;SPRF-RS;DEL08-RS;UOP03-DEL08-RS
592967;09/04/2024;terça-feira;20:05:00;MS;158;338;BRASILANDIA;Avarias e/ou desgaste excessivo no pneu;Tombamento;Com Vítimas Feridas;Plena Noite;Decrescente;Garoa/Chuvisco;Simples;Reta;Não;1;0;1;0;0;0;1;1;-21,23829226;-52,02722964;SPRF-MS;DEL07-MS;UOP01-DEL07-MS
592968;09/04/2024;terça-feira;21:50:00;SC;101;275,7;IMBITUBA;Reação tardia ou ineficiente do condutor;Atropelamento de Pedestre;Com Vítimas Feridas;Plena Noite;Crescente;Céu Claro;Simples;"Em Obras;Reta";Sim;2;0;1;0;0;1;1;2;-28,138086;-48,69218292;SPRF-SC;DEL02-SC;UOP03-DEL02-SC
592969;09/04/2024;terça-feira;21:40:00;RJ;101;318;SAO GONCALO;Reação tardia ou ineficiente do condutor;Tombamento;Com Vítimas Feridas;Plena Noite;Decrescente;Céu Claro;Dupla;Reta;Sim;2;0;2;0;0;0;2;1;-22,84562994;-43,09841211;SPRF-RJ;DEL02-RJ;UOP02-DEL02-RJ
592970;09/04/2024;terça-feira;20:05:00;MS;267;481;JARDIM;Acessar a via sem observar a presença dos outros veículos;Colisão frontal;Com Vítimas Feridas;Plena Noite;Crescente;Céu Claro;Simples;"Interseção de Vias;Reta";Sim;2;0;0;1;1;0;1;2;-21,47914846;-56,16200209;SPRF-MS;DEL05-MS;UOP01-DEL05-MS
592971;09/04/2024;terça-feira;22:10:00;SE;101;107;SAO CRISTOVAO;Manobra de mudança de faixa;Colisão lateral mesmo sentido;Sem Vítimas;Anoitecer;Crescente;Céu Claro;Dupla;Reta;Não;4;0;0;0;4;0;0;2;-10,96046958;-37,25352078;SPRF-SE;DEL02-SE;UOP01-DEL02-SE
592973;09/04/2024;terça-feira;22:00:00;SC;101;330,8;TUBARAO;Ingestão de álcool pelo condutor;Colisão traseira;Com Vítimas Feridas;Plena Noite;Decrescente;Céu Claro;Dupla;Reta;Não;2;0;1;0;0;1;1;2;-28,45115639;-48,97286879;SPRF-SC;DEL02-SC;UOP01-DEL02-SC
592974;09/04/2024;terça-feira;21:45:00;PR;277;75;SAO JOSE DOS PINHAIS;Pedestre cruzava a pista fora da faixa;Atropelamento de Pedestre;Com Vítimas Fatais;Plena Noite;Decrescente;Nevoeiro/Neblina;Dupla;Reta;Sim;2;1;0;0;0;1;0;2;-25,51726115;-49,11540707;SPRF-PR;DEL01-PR;UOP07-DEL01-PR
592977;09/04/2024;terça-feira;21:38:00;PI;316;310,9;PICOS;Ausência de reação do condutor;Colisão com objeto;Com Vítimas Feridas;Plena Noite;Decrescente;Céu Claro;Simples;Reta;Sim;1;0;0;1;0;0;1;1;-7,07639186;-41,47475001;SPRF-PI;DEL04-PI;UOP01-DEL04-PI
592978;09/04/2024;terça-feira;17:29:00;AC;364;263;SENA MADUREIRA;Reação tardia ou ineficiente do condutor;Saída de leito carroçável;Com Vítimas Fatais;Pleno dia;Crescente;Céu Claro;Simples;Reta;Não;1;1;0;0;0;0;0;1;-9,12884191;-68,59844188;SPRF-AC;DEL01-AC;UOP01-DEL01-AC
592979;09/04/2024;terça-feira;21:50:00;PB;104;140;QUEIMADAS;Transitar na contramão;Colisão frontal;Com Vítimas Feridas;Plena Noite;Crescente;Chuva;Simples;Reta;Sim;2;0;1;0;1;0;1;2;-7,37289808;-35,89884639;SPRF-PB;DEL02-PB;UOP03-DEL02-PB
592982;09/04/2024;terça-feira;19:25:00;SE;235;52;ITABAIANA;Animais na Pista;Tombamento;Com Vítimas Feridas;Plena Noite;Crescente;Céu Claro;Simples;Reta;Sim;2;0;1;0;0;1;1;2;-10,693279;-37,437557;SPRF-SE;DEL01-SE;UOP02-DEL01-SE
592984;09/04/2024;terça-feira;23:00:00;PR;376;460,9;PONTA GROSSA;Ingestão de álcool pelo condutor;Colisão traseira;Sem Vítimas;Plena Noite;Crescente;Céu Claro;Dupla;Reta;Não;2;0;0;0;1;1;0;2;-24,95943673;-50,39100409;SPRF-PR;DEL03-PR;UOP01-DEL03-PR
592988;09/04/2024;terça-feira;23:00:00;PI;343;570;FLORIANO;Demais falhas mecânicas ou elétricas;Incêndio;Sem Vítimas;Plena Noite;Crescente;Céu Claro;Simples;Reta;Não;1;0;0;0;1;0;0;1;-6,731361;-42,930344;SPRF-PI;DEL03-PI;UOP01-DEL03-PI
592991;10/04/2024;quarta-feira;02:05:00;RS;158;504,4;SANTANA DO LIVRAMENTO;Ingestão de álcool pelo condutor;Colisão frontal;Com Vítimas Feridas;Plena Noite;Crescente;Céu Claro;Simples;Reta;Não;2;0;2;0;0;0;2;2;-30,55609386;-55,08073356;SPRF-RS;DEL11-RS;UOP01-DEL11-RS
592998;10/04/2024;quarta-feira;05:30:00;BA;116;820;VITORIA DA CONQUISTA;Pedestre cruzava a pista fora da faixa;Atropelamento de Pedestre;Com Vítimas Feridas;Amanhecer;Crescente;Nublado;Simples;Reta;Sim;2;0;0;1;1;0;1;2;-14,832;-40,838;SPRF-BA;DEL08-BA;UOP01-DEL08-BA
592999;10/04/2024;quarta-feira;05:30:00;SC;280;50,2;GUARAMIRIM;Velocidade Incompatível;Colisão com objeto;Com Vítimas Feridas;Amanhecer;Crescente;Nublado;Simples;"Em Obras;Desvio Temporário;Curva";Não;1;0;0;1;0;0;1;1;-26,4619489;-48,94618404;SPRF-SC;DEL03-SC;UOP03-DEL03-SC
593000;10/04/2024;quarta-feira;06:15:00;MG;381;484,2;BETIM;Demais falhas mecânicas ou elétricas;Tombamento;Com Vítimas Feridas;Pleno dia;Decrescente;Sol;Múltipla;Curva;Sim;2;0;1;0;1;0;1;1;-19,95531717;-44,11722196;SPRF-MG;DEL01-MG;UOP03-DEL01-MG
593005;10/04/2024;quarta-feira;05:35:00;SP;116;353,8;MIRACATU;Avarias e/ou desgaste excessivo no pneu;Queda de ocupante de veículo;Com Vítimas Feridas;Amanhecer;Crescente;Nublado;Dupla;Curva;Não;2;0;1;0;1;0;1;1;-24,07031103;-47,24202498;SPRF-SP;DEL04-SP;UOP03-DEL04-SP
593007;10/04/2024;quarta-feira;06:50:00;PB;101;88;JOAO PESSOA;Pista Escorregadia;Tombamento;Com Vítimas Feridas;Pleno dia;Decrescente;Céu Claro;Dupla;Interseção de Vias;Sim;2;0;1;0;0;1;1;1;-7,16470016;-34,89993643;SPRF-PB;DEL01-PB;UOP01-DEL01-PB
593008;15/03/2024;sexta-feira;23:29:00;SP;381;90;GUARULHOS;Reação tardia ou ineficiente do condutor;Colisão lateral mesmo sentido;Sem Vítimas;Plena Noite;Crescente;Céu Claro;Dupla;Reta;Sim;2;0;0;0;2;0;0;2;-23,49479479;-46,55959864;SPRF-SP;DEL03-SP;UOP01-DEL03-SP
593010;10/04/2024;quarta-feira;06:55:00;BA;324;617;SALVADOR;Trafegar com motocicleta (ou similar) entre as faixas;Colisão traseira;Com Vítimas Feridas;Pleno dia;Decrescente;Nublado;Dupla;Reta;Sim;2;0;1;0;1;0;1;2;-12,90150508;-38,45146179;SPRF-BA;DEL01-BA;UOP01-DEL01-BA