id;data_inversa;dia_semana;horario;uf;br;km;municipio;causa_acidente;tipo_acidente;classificacao_acidente;fase_dia;sentido_via;condicao_metereologica;tipo_pista;tracado_via;uso_solo;pessoas;mortos;feridos_leves;feridos_graves;ilesos;ignorados;feridos;veiculos;latitude;longitude;regional;delegacia;uop
593157;10/04/2024;quarta-feira;19:30:00;RS;153;47;ERECHIM;Desrespeitar a preferência no cruzamento;Colisão transversal;Com Vítimas Feridas;Plena Noite;Decrescente;Céu Claro;Simples;Rotatória;Sim;2;0;1;0;1;0;1;2;-27,64530366;-52,24998023;SPRF-RS;DEL08-RS;UOP04-DEL08-RS
593158;10/04/2024;quarta-feira;19:30:00;RJ;101;272;TANGUA;Manobra de mudança de faixa;Colisão lateral mesmo sentido;Com Vítimas Feridas;Plena Noite;Crescente;Céu Claro;Dupla;Reta;Sim;3;0;1;2;0;0;3;2;-22,72935968;-42,70112512;SPRF-RJ;DEL02-RJ;UOP03-DEL02-RJ
593159;10/04/2024;quarta-feira;20:30:00;GO;60;82;ANAPOLIS;Chuva;Saída de leito carroçável;Com Vítimas Feridas;Plena Noite;Crescente;Chuva;Dupla;Reta;Não;1;0;1;0;0;0;1;1;-16,3136;-48,8366;SPRF-GO;DEL02-GO;UOP01-DEL02-GO
593161;10/04/2024;quarta-feira;15:00:00;MT;163;1089;GUARANTA DO NORTE;Reação tardia ou ineficiente do condutor;Saída de leito carroçável;Com Vítimas Feridas;Pleno dia;Crescente;Céu Claro;Simples;Curva;Não;1;0;1;0;0;0;1;1;-9,87639419;-54,89679091;SPRF-MT;DEL06-MT;UOP03-DEL06-MT
593166;10/04/2024;quarta-feira;19:10:00;RJ;40;6,5;COMENDADOR LEVY GASPARIAN;Pedestre cruzava a pista fora da faixa;Atropelamento de Pedestre;Com Vítimas Fatais;Plena Noite;Crescente;Céu Claro;Dupla;Curva;Sim;2;1;0;0;1;0;0;2;-22,0261703;-43,23146528;SPRF-RJ;DEL05-RJ;UOP02-DEL05-RJ
593167;10/04/2024;quarta-feira;17:40:00;SP;116;34;CRUZEIRO;Curva acentuada;Saída de leito carroçável;Com Vítimas Feridas;Anoitecer;Crescente;Nublado;Dupla;"Viaduto;Curva;Ponte;Interseção de Vias";Não;1;0;0;1;0;0;1;1;-22,65107453;-44,95731547;SPRF-SP;DEL08-SP;UOP02-DEL08-SP
593168;03/04/2024;quarta-feira;02:15:00;PR;369;155;LONDRINA;Ingestão de álcool pelo condutor;Colisão com objeto;Com Vítimas Feridas;Plena Noite;Crescente;Céu Claro;Dupla;"Reta;Em Obras;Declive";Sim;3;0;1;2;0;0;3;2;-23,29261564;-51,21531031;SPRF-PR;DEL07-PR;UOP01-DEL07-PR
593173;10/04/2024;quarta-feira;20:00:00;RS;392;118;CANGUCU;Ausência de reação do condutor;Queda de ocupante de veículo;Com Vítimas Feridas;Plena Noite;Decrescente;Céu Claro;Simples;Declive;Não;2;0;2;0;0;0;2;1;-31,407131;-52,68174198;SPRF-RS;DEL07-RS;UOP01-DEL07-RS
593175;10/04/2024;quarta-feira;21:00:00;PR;476;147;CURITIBA;Reação tardia ou ineficiente do condutor;Tombamento;Com Vítimas Feridas;Plena Noite;Decrescente;Nublado;Dupla;Reta;Não;1;0;1;0;0;0;1;1;-25,554628;-49,339268;SPRF-PR;DEL01-PR;UOP06-DEL01-PR
593177;10/04/2024;quarta-feira;17:15:00;RJ;101;334;RIO DE JANEIRO;Trafegar com motocicleta (ou similar) entre as faixas;Colisão lateral mesmo sentido;Com Vítimas Feridas;Pleno dia;Decrescente;Céu Claro;Dupla;Reta;Sim;3;0;1;0;1;1;1;3;-22,88517902;-43,21704364;SPRF-RJ;DEL02-RJ;UOP01-DEL02-RJ
593178;10/04/2024;quarta-feira;20:30:00;PE;232;187,1;SANHARO;Ingestão de álcool pelo condutor;Saída de leito carroçável;Com Vítimas Fatais;Plena Noite;Crescente;Céu Claro;Simples;"Declive;Reta";Não;2;1;1;0;0;0;1;1;-8,35374275;-36,49159602;SPRF-PE;DEL03-PE;UOP02-DEL03-PE
593179;10/04/2024;quarta-feira;21:00:00;PR;153;105;IBAITI;Demais falhas mecânicas ou elétricas;Incêndio;Com Vítimas Feridas;Plena Noite;Decrescente;Nublado;Dupla;"Rotatória;Reta";Não;2;0;2;0;0;0;2;1;-23,81585128;-50,17986596;SPRF-PR;DEL07-PR;UOP04-DEL07-PR
593180;10/04/2024;quarta-feira;20:45:00;BA;116;817;VITORIA DA CONQUISTA;Ingestão de álcool pelo condutor;Colisão transversal;Com Vítimas Feridas;Plena Noite;Crescente;Nevoeiro/Neblina;Simples;Reta;Não;2;0;1;0;1;0;1;2;-14,82171339;-40,81492966;SPRF-BA;DEL08-BA;UOP01-DEL08-BA
593183;10/04/2024;quarta-feira;20:35:00;TO;10;454;PALMAS;Pedestre andava na pista;Atropelamento de Pedestre;Com Vítimas Feridas;Plena Noite;Crescente;Céu Claro;Dupla;Reta;Sim;2;0;0;1;1;0;1;2;-10,22066983;-48,16302307;SPRF-TO;DEL01-TO;UOP03-DEL01-TO
593186;10/04/2024;quarta-feira;20:45:00;RS;392;285;SAO SEPE;Reação tardia ou ineficiente do condutor;Colisão com objeto;Sem Vítimas;Plena Noite;Crescente;Céu Claro;Dupla;Reta;Não;3;0;0;0;3;0;0;1;-30,263745;-53,54402901;SPRF-RS;DEL09-RS;UOP02-DEL09-RS
593187;10/04/2024;quarta-feira;23:00:00;PR;369;185;ARAPONGAS;Acesso irregular;Colisão transversal;Com Vítimas Feridas;Plena Noite;Decrescente;Céu Claro;Simples;Reta;Sim;2;0;1;0;1;0;1;2;-23,40790162;-51,42802656;SPRF-PR;DEL07-PR;UOP03-DEL07-PR
593189;10/04/2024;quarta-feira;23:10:00;RN;304;34;MOSSORO;Animais na Pista;Atropelamento de Animal;Com Vítimas Feridas;Plena Noite;Crescente;Céu Claro;Dupla;Reta;Sim;2;0;1;0;0;1;1;2;-5,15255798;-37,34873808;SPRF-RN;DEL04-RN;UOP02-DEL04-RN
593190;10/04/2024;quarta-feira;20:20:00;PR;153;6,7;JACAREZINHO;Frear bruscamente;Queda de ocupante de veículo;Com Vítimas Feridas;Plena Noite;Decrescente;Céu Claro;Simples;Reta;Não;2;0;2;0;0;0;2;1;-23,04202092;-49,92476412;SPRF-PR;DEL07-PR;UOP04-DEL07-PR
593191;10/04/2024;quarta-feira;23:10:00;SC;101;90,1;BARRA VELHA;Velocidade Incompatível;Saída de leito carroçável;Com Vítimas Feridas;Plena Noite;Decrescente;Céu Claro;Dupla;Reta;Sim;1;0;0;1;0;0;1;1;-26,66148503;-48,68866176;SPRF-SC;DEL03-SC;UOP02-DEL03-SC
593192;10/04/2024;quarta-feira;22:51:00;PI;316;4,9;TERESINA;Condutor deixou de manter distância do veículo da frente;Colisão traseira;Com Vítimas Feridas;Plena Noite;Crescente;Céu Claro;Simples;"Declive;Reta";Não;2;0;1;0;1;0;1;2;-5,13655894;-42,78900388;SPRF-PI;DEL01-PI;UOP02-DEL01-PI
593193;10/04/2024;quarta-feira;23:40:00;RJ;116;311,7;RESENDE;Reação tardia ou ineficiente do condutor;Colisão traseira;Sem Vítimas;Plena Noite;Crescente;Céu Claro;Dupla;Reta;Não;3;0;0;0;1;2;0;3;-22,46086624;-44,44296321;SPRF-RJ;DEL07-RJ;UOP02-DEL07-RJ
593194;11/04/2024;quinta-feira;00:30:00;PR;116;108;CURITIBA;Ausência de reação do condutor;Saída de leito carroçável;Sem Vítimas;Plena Noite;Crescente;Céu Claro;Dupla;Reta;Não;1;0;0;0;1;0;0;1;-25,56934313;-49,22361374;SPRF-PR;DEL01-PR;UOP07-DEL01-PR
593200;11/04/2024;quinta-feira;01:30:00;MG;40;508;RIBEIRAO DAS NEVES;Ausência de reação do condutor;Colisão com objeto;Sem Vítimas;Plena Noite;Crescente;Céu Claro;Dupla;Reta;Sim;1;0;0;0;0;1;0;1;-19,761718;-44,133743;SPRF-MG;DEL02-MG;UOP01-DEL02-MG
593201;11/04/2024;quinta-feira;00:24:00;MT;364;464,7;VARZEA GRANDE;Chuva;Saída de leito carroçável;Com Vítimas Feridas;Plena Noite;Crescente;Garoa/Chuvisco;Simples;Reta;Não;1;0;1;0;0;0;1;1;-15,49417155;-56,27739364;SPRF-MT;DEL01-MT;UOP02-DEL01-MT
593205;11/04/2024;quinta-feira;03:50:00;BA;101;884;TEIXEIRA DE FREITAS;Velocidade Incompatível;Tombamento;Com Vítimas Fatais;Plena Noite;Decrescente;Céu Claro;Simples;Curva;Não;34;8;17;6;2;1;23;2;-17,60125828;-39,74868393;SPRF-BA;DEL09-BA;UOP02-DEL09-BA
593207;11/04/2024;quinta-feira;03:59:00;PE;232;114;CARUARU;Demais falhas mecânicas ou elétricas;Colisão frontal;Sem Vítimas;Plena Noite;Crescente;Céu Claro;Dupla;Reta;Sim;3;0;0;0;3;0;0;2;-8,29893742;-35,85520148;SPRF-PE;DEL02-PE;UOP02-DEL02PE
593210;11/04/2024;quinta-feira;05:30:00;ES;101;246;SERRA;Ausência de reação do condutor;Atropelamento de Pedestre;Com Vítimas Feridas;Amanhecer;Crescente;Céu Claro;Simples;"Desvio Temporário;Declive;Curva";Não;3;0;3;0;0;0;3;2;-20,06198397;-40,37678888;SPRF-ES;DEL02-ES;UOP01-DEL02-ES
593212;11/04/2024;quinta-feira;06:40:00;SC;101;213,5;PALHOCA;Ingestão de álcool pelo condutor;Colisão com objeto;Sem Vítimas;Pleno dia;Crescente;Céu Claro;Múltipla;Reta;Sim;1;0;0;0;1;0;0;1;-27,63697369;-48,66514142;SPRF-SC;DEL01-SC;UOP02-DEL01-SC
593216;11/04/2024;quinta-feira;07:00:00;SE;235;31,9;AREIA BRANCA;Transitar na contramão;Colisão frontal;Com Vítimas Feridas;Pleno dia;Crescente;Nublado;Simples;Reta;Sim;2;0;1;1;0;0;2;2;-10,777317;-37,295372;SPRF-SE;DEL01-SE;UOP02-DEL01-SE
593217;11/04/2024;quinta-feira;07:10:00;RS;290;95;PORTO ALEGRE;Avarias e/ou desgaste excessivo no pneu;Colisão traseira;Com Vítimas Feridas;Pleno dia;Decrescente;Chuva;Dupla;Reta;Sim;2;0;2;0;0;0;2;2;-29,982832;-51,201572;SPRF-RS;DEL01-RS;UOP01-DEL01-RS
593218;11/04/2024;quinta-feira;05:40:00;GO;153;436;ANAPOLIS;Chuva;Tombamento;Com Vítimas Feridas;Amanhecer;Crescente;Garoa/Chuvisco;Dupla;Reta;Sim;2;0;1;1;0;0;2;1;-16,283987;-48,951763;SPRF-GO;DEL02-GO;UOP01-DEL02-GO
593219;11/04/2024;quinta-feira;07:10:00;DF;40;5;BRASILIA;Manobra de mudança de faixa;Colisão traseira;Com Vítimas Feridas;Pleno dia;Decrescente;Céu Claro;Dupla;Reta;Não;2;0;1;0;1;0;1;2;-16,020903;-47,980541;SPRF-DF;DEL01-DF;UOP01-DEL01-DF
593221;11/04/2024;quinta-feira;07:20:00;PR;116;121;CURITIBA;Reação tardia ou ineficiente do condutor;Colisão lateral mesmo sentido;Com Vítimas Feridas;Pleno dia;Decrescente;Nublado;Dupla;Reta;Não;2;0;1;0;1;0;1;2;-25,5599323;-49,30743945;SPRF-PR;DEL01-PR;UOP03-DEL01-PR
593223;11/04/2024;quinta-feira;06:00:00;RO;364;422,8;JARU;Pista esburacada;Queda de ocupante de veículo;Com Vítimas Feridas;Amanhecer;Decrescente;Céu Claro;Simples;Reta;Não;1;0;1;0;0;0;1;1;-10,4597532;-62,4558043;SPRF-RO;DEL03-RO;UOP02-DEL03-RO
593224;11/04/2024;quinta-feira;06:40:00;RS;392;350;SANTA MARIA;Reação tardia ou ineficiente do condutor;Tombamento;Com Vítimas Feridas;Pleno dia;Crescente;Nublado;Simples;"Retorno Regulamentado;Reta";Sim;2;0;2;0;0;0;2;1;-29,73956334;-53,79536033;SPRF-RS;DEL09-RS;UOP01-DEL09-RS
593225;11/04/2024;quinta-feira;07:40:00;MG;381;433;SABARA;Entrada inopinada do pedestre;Atropelamento de Pedestre;Com Vítimas Feridas;Pleno dia;Decrescente;Sol;Simples;"Aclive;Reta";Não;2;0;1;0;1;0;1;2;-19,788027;-43,730233;SPRF-MG;DEL01-MG;UOP01-DEL01-MG
593226;11/04/2024;quinta-feira;07:50:00;DF;40;2;BRASILIA;Demais falhas mecânicas ou elétricas;Queda de ocupante de veículo;Com Vítimas Feridas;Pleno dia;Decrescente;Nublado;Dupla;Reta;Não;2;0;1;0;1;0;1;1;-15,99435;-47,985947;SPRF-DF;DEL01-DF;UOP01-DEL01-DF
593227;11/04/2024;quinta-feira;07:43:00;RN;406;171;SAO GONCALO DO AMARANTE;Reação tardia ou ineficiente do condutor;Atropelamento de Pedestre;Com Vítimas Feridas;Pleno dia;Crescente;Céu Claro;Dupla;Reta;Sim;3;0;3;0;0;0;3;2;-5,76172663;-35,29115323;SPRF-RN;DEL02-RN;UOP01-DEL02-RN
593228;11/04/2024;quinta-feira;07:10:00;CE;222;23,1;CAUCAIA;Ausência de reação do condutor;Colisão traseira;Sem Vítimas;Pleno dia;Crescente;Céu Claro;Simples;"Em Obras;Reta";Não;2;0;0;0;2;0;0;2;-3,73178984;-38,75974197;SPRF-CE;DEL01-CE;UOP01-DEL01-CE
593229;11/04/2024;quinta-feira;07:20:00;RS;290;129;ELDORADO DO SUL;Avarias e/ou desgaste excessivo no pneu;Colisão frontal;Com Vítimas Feridas;Pleno dia;Crescente;Chuva;Simples;Reta;Não;2;0;2;0;0;0;2;2;-30,057785;-51,500351;SPRF-RS;DEL02-RS;UOP01-DEL02-RS
593230;11/04/2024;quinta-feira;06:55:00;SC;282;400,8;JOACABA;Velocidade Incompatível;Saída de leito carroçável;Com Vítimas Feridas;Pleno dia;Crescente;Chuva;Simples;Curva;Não;1;0;1;0;0;0;1;1;-27,131617;-51,62781;SPRF-SC;DEL07-SC;UOP05-DEL07-SC
593231;11/04/2024;quinta-feira;06:50:00;ES;101;151,6;LINHARES;Ausência de reação do condutor;Colisão traseira;Com Vítimas Feridas;Pleno dia;Crescente;Céu Claro;Simples;Reta;Não;2;0;2;0;0;0;2;2;-19,41156656;-40,06592463;SPRF-ES;DEL04-ES;UOP01-DEL04-ES
593232;11/04/2024;quinta-feira;07:25:00;AL;316;114,3;CACIMBINHAS;Demais falhas mecânicas ou elétricas;Incêndio;Sem Vítimas;Pleno dia;Decrescente;Céu Claro;Simples;"Interseção de Vias;Reta";Não;1;0;0;0;1;0;0;1;-9,4046948;-36,99317598;SPRF-AL;DEL03-AL;UOP01-DEL03-AL
593233;11/04/2024;quinta-feira;08:15:00;RS;448;20;PORTO ALEGRE;Ausência de reação do condutor;Colisão traseira;Com Vítimas Feridas;Pleno dia;Crescente;Chuva;Dupla;Reta;Não;4;0;1;0;3;0;1;3;-29,958729;-51,202465;SPRF-RS;DEL01-RS;UOP01-DEL01-RS
593234;11/04/2024;quinta-feira;07:00:00;MG;40;511;RIBEIRAO DAS NEVES;Acessar a via sem observar a presença dos outros veículos;Colisão lateral mesmo sentido;Com Vítimas Feridas;Pleno dia;Crescente;Céu Claro;Dupla;"Retorno Regulamentado;Reta";Não;4;0;2;0;1;1;2;2;-19,78794552;-44,1139698;SPRF-MG;DEL01-MG;UOP02-DEL01-MG
593235;11/04/2024;quinta-feira;08:00:00;SP;116;145;SAO JOSE DOS CAMPOS;Manobra de mudança de faixa;Colisão lateral mesmo sentido;Com Vítimas Feridas;Pleno dia;Crescente;Sol;Múltipla;Reta;Sim;3;0;2;0;1;0;2;2;-23,1869844;-45,8548078;SPRF-SP;DEL02-SP;UOP01-DEL02-SP
593236;11/04/2024;quinta-feira;08:10:00;SC;282;4;SAO JOSE;Manobra de mudança de faixa;Colisão lateral mesmo sentido;Com Vítimas Feridas;Pleno dia;Decrescente;Nublado;Múltipla;"Reta;Retorno Regulamentado";Sim;2;0;1;0;1;0;1;2;-27,592646;-48,604034;SPRF-SC;DEL01-SC;UOP01-DEL01-SC
593239;11/04/2024;quinta-feira;07:45:00;PE;104;61,6;CARUARU;Condutor deixou de manter distância do veículo da frente;Colisão traseira;Com Vítimas Feridas;Pleno dia;Decrescente;Céu Claro;Dupla;Reta;Não;4;0;3;0;0;1;3;3;-8,2529;-35,9751;SPRF-PE;DEL02-PE;UOP01-DEL02-PE
593240;11/04/2024;quinta-feira;09:00:00;RS;116;268;CANOAS;Acessar a via sem observar a presença dos outros veículos;Colisão transversal;Com Vítimas Feridas;Pleno dia;Decrescente;Chuva;Dupla;"Interseção de Vias;Reta";Sim;2;0;1;0;1;0;1;2;-29,95042502;-51,17652939;SPRF-RS;DEL01-RS;UOP01-DEL01-RS
593242;11/04/2024;quinta-feira;07:55:00;MG;116;539,9;SANTA RITA DE MINAS;Velocidade Incompatível;Saída de leito carroçável;Com Vítimas Feridas;Pleno dia;Crescente;Céu Claro;Simples;Curva;Não;1;0;1;0;0;0;1;1;-19,88240027;-42,13242591;SPRF-MG;DEL06-MG;UOP02-DEL06-MG
593243;11/04/2024;quinta-feira;08:10:00;RJ;465;11;SEROPEDICA;Ultrapassagem Indevida;Tombamento;Com Vítimas Feridas;Pleno dia;Crescente;Sol;Simples;Reta;Não;1;0;1;0;0;0;1;1;-22,784172;-43,656998;SPRF-RJ;DEL06-RJ;UOP02-DEL06-RJ
593245;14/02/2024;quarta-feira;18:40:00;ES;101;304;VIANA;Ausência de sinalização;Colisão com objeto;Sem Vítimas;Plena Noite;Crescente;Céu Claro;Dupla;Reta;Sim;1;0;0;0;1;0;0;1;-20,3800645;-40,45431391;SPRF-ES;DEL01-ES;UOP01-DEL01-ES
593246;30/03/2024;sábado;19:30:00;SP;101;47;UBATUBA;Ausência de reação do condutor;Colisão traseira;Sem Vítimas;Plena Noite;Decrescente;Nublado;Simples;Reta;Sim;2;0;0;0;1;1;0;2;-23,429897;-45,082436;SPRF-SP;DEL06-SP;UOP01-DEL06-SP
593247;11/04/2024;quinta-feira;09:10:00;MG;40;470,8;SETE LAGOAS;Reação tardia ou ineficiente do condutor;Colisão lateral mesmo sentido;Com Vítimas Feridas;Pleno dia;Crescente;Sol;Dupla;Aclive;Não;2;0;1;0;1;0;1;2;-19,46787403;-44,29555707;SPRF-MG;DEL02-MG;UOP01-DEL02-MG
593248;11/04/2024;quinta-feira;09:30:00;SE;101;59;ROSARIO DO CATETE;Desrespeitar a preferência no cruzamento;Colisão transversal;Sem Vítimas;Pleno dia;Decrescente;Nublado;Simples;Reta;Não;2;0;0;0;2;0;0;2;-10,659681;-37,02849;SPRF-SE;DEL02-SE;UOP02-DEL02-SE
593249;11/04/2024;quinta-feira;09:50:00;PB;101;85;BAYEUX;Reação tardia ou ineficiente do condutor;Colisão com objeto;Com Vítimas Feridas;Pleno dia;Crescente;Céu Claro;Dupla;"Reta;Retorno Regulamentado";Sim;2;0;2;0;0;0;2;1;-7,15007708;-34,9112463;SPRF-PB;DEL01-PB;UOP01-DEL01-PB
593252;11/04/2024;quinta-feira;06:50:00;MG;40;448;CAETANOPOLIS;Ausência de reação do condutor;Saída de leito carroçável;Sem Vítimas;Pleno dia;Decrescente;Céu Claro;Múltipla;Rotatória;Não;2;0;0;0;0;2;0;2;-19,30099759;-44,37693357;SPRF-MG;DEL02-MG;UOP01-DEL02-MG
593253;11/04/2024;quinta-feira;09:08:00;SP;116;113,7;TAUBATE;Avarias e/ou desgaste excessivo no pneu;Tombamento;Com Vítimas Feridas;Pleno dia;Crescente;Céu Claro;Dupla;Reta;Sim;2;0;1;1;0;0;2;1;-23,0440828;-45,58041405;SPRF-SP;DEL02-SP;UOP02-DEL02-SP
593254;10/04/2024;quarta-feira;22:30:00;MT;163;1033;PEIXOTO DE AZEVEDO;Reação tardia ou ineficiente do condutor;Saída de leito carroçável;Com Vítimas Feridas;Plena Noite;Crescente;Céu Claro;Simples;Reta;Não;1;0;1;0;0;0;1;1;-10,33413892;-55,03922841;SPRF-MT;DEL06-MT;UOP03-DEL06-MT
593256;26/02/2024;segunda-feira;10:40:00;GO;70;58;COCALZINHO DE GOIAS;Manobra de mudança de faixa;Colisão traseira;Com Vítimas Feridas;Pleno dia;Crescente;Céu Claro;Simples;"Reta;Declive";Não;5;0;0;4;1;0;4;3;-15,75845891;-48,68892482;SPRF-DF;DEL03-DF;UOP02-DEL03-DF
593258;11/04/2024;quinta-feira;09:40:00;MA;135;2;SAO LUIS;Manobra de mudança de faixa;Colisão lateral mesmo sentido;Com Vítimas Feridas;Pleno dia;Decrescente;Céu Claro;Dupla;Reta;Sim;3;0;3;0;0;0;3;2;-2,59806699;-44,24573511;SPRF-MA;DEL01-MA;UOP01-DEL01-MA
593260;11/04/2024;quinta-feira;09:45:00;MS;158;266,9;TRES LAGOAS;Reação tardia ou ineficiente do condutor;Colisão traseira;Com Vítimas Fatais;Pleno dia;Decrescente;Céu Claro;Simples;Reta;Sim;2;1;0;0;1;0;0;2;-20,75394198;-51,70516399;SPRF-MS;DEL07-MS;UOP01-DEL07-MS
593262;08/04/2024;segunda-feira;23:35:00;GO;60;380;RIO VERDE;Reação tardia ou ineficiente do condutor;Saída de leito carroçável;Com Vítimas Feridas;Plena Noite;Decrescente;Céu Claro;Dupla;Retorno Regulamentado;Não;2;0;2;0;0;0;2;1;-17,7646;-50,8822;SPRF-GO;DEL04-GO;UOP02-DEL04-GO
593265;11/04/2024;quinta-feira;07:00:00;PR;116;117;CURITIBA;Ingestão de álcool pelo condutor;Queda de ocupante de veículo;Com Vítimas Feridas;Pleno dia;Decrescente;Céu Claro;Dupla;Reta;Não;1;0;1;0;0;0;1;1;-25,5803821;-49,31290627;SPRF-PR;DEL01-PR;UOP03-DEL01-PR
593266;11/04/2024;quinta-feira;11:30:00;TO;153;609,8;CRIXAS DO TOCANTINS;Transitar na contramão;Colisão frontal;Com Vítimas Fatais;Pleno dia;Decrescente;Céu Claro;Simples;Reta;Não;2;1;0;0;1;0;0;2;-11,17595301;-48,92781585;SPRF-TO;DEL01-TO;UOP02-DEL01-TO
593267;11/04/2024;quinta-feira;11:54:00;PR;116;16,1;COLOMBO;Objeto estático sobre o leito carroçável;Tombamento;Com Vítimas Feridas;Pleno dia;Crescente;Céu Claro;Dupla;"Curva;Declive";Sim;1;0;1;0;0;0;1;1;-25,3874;-49,1774;SPRF-PR;DEL01-PR;UOP02-DEL01-PR
593268;11/04/2024;quinta-feira;11:16:00;MT;364;305;JACIARA;Acumulo de água sobre o pavimento;Saída de leito carroçável;Com Vítimas Fatais;Pleno dia;Decrescente;Chuva;Dupla;Reta;Não;2;1;0;0;1;0;0;1;-15,82596627;-55,1950521;SPRF-MT;DEL05-MT;UOP02-DEL05-MT
593269;11/04/2024;quinta-feira;12:18:00;RN;406;169;SAO GONCALO DO AMARANTE;Pedestre cruzava a pista fora da faixa;Colisão traseira;Com Vítimas Feridas;Pleno dia;Crescente;Sol;Dupla;Reta;Sim;2;0;1;1;0;0;2;2;-5,75570118;-35,30728507;SPRF-RN;DEL02-RN;UOP01-DEL02-RN
593270;09/03/2024;sábado;14:20:00;PR;277;698;SAO MIGUEL DO IGUACU;Avarias e/ou desgaste excessivo no pneu;Tombamento;Com Vítimas Feridas;Pleno dia;Decrescente;Céu Claro;Dupla;Reta;Não;1;0;1;0;0;0;1;1;-25,3964712;-54,31179289;SPRF-PR;DEL05-PR;UOP01-DEL05-PR
593271;11/04/2024;quinta-feira;06:50:00;PR;153;116,3;IBAITI;Mal súbito do condutor;Saída de leito carroçável;Com Vítimas Fatais;Amanhecer;Crescente;Céu Claro;Simples;Curva;Não;1;1;0;0;0;0;0;1;-23,9070222;-50,20681858;SPRF-PR;DEL07-PR;UOP04-DEL07-PR
593272;11/04/2024;quinta-feira;06:40:00;RJ;495;30;PETROPOLIS;Acessar a via sem observar a presença dos outros veículos;Colisão transversal;Com Vítimas Feridas;Pleno dia;Decrescente;Nublado;Simples;Curva;Sim;2;0;1;0;1;0;1;2;-22,3969088;-43,12279701;SPRF-RJ;DEL05-RJ;UOP02-DEL05-RJ
593274;11/04/2024;quinta-feira;13:02:00;RN;101;95;NATAL;Acessar a via sem observar a presença dos outros veículos;Atropelamento de Pedestre;Com Vítimas Feridas;Pleno dia;Crescente;Céu Claro;Dupla;Reta;Sim;2;0;0;1;1;0;1;2;-5,84076841;-35,21035949;SPRF-RN;DEL01-RN;UOP01-DEL01-RN
593275;11/04/2024;quinta-feira;12:30:00;RS;290;22;PORTO ALEGRE;Ausência de reação do condutor;Colisão com objeto;Com Vítimas Feridas;Pleno dia;Decrescente;Garoa/Chuvisco;Dupla;"Aclive;Curva";Não;1;0;1;0;0;0;1;1;-29,97478985;-51,19797388;SPRF-RS;DEL03-RS;UOP01-DEL03-RS
593278;11/04/2024;quinta-feira;13:00:00;DF;20;17;BRASILIA;Velocidade Incompatível;Saída de leito carroçável;Com Vítimas Feridas;Pleno dia;Crescente;Chuva;Dupla;Reta;Sim;2;0;1;0;1;0;1;1;-15,621374;-47,71698;SPRF-DF;DEL02-DF;UOP01-DEL02-DF
593281;11/04/2024;quinta-feira;08:30:00;PR;163;1,1;BARRACAO;Reação tardia ou ineficiente do condutor;Saída de leito carroçável;Com Vítimas Feridas;Pleno dia;Crescente;Nublado;Simples;Reta;Não;1;0;0;1;0;0;1;1;-26,28234;-53,564375;SPRF-PR;DEL02-PR;UOP02-DEL02-PR
593283;11/04/2024;quinta-feira;13:20:00;PR;369;477,3;CORBELIA;Condutor deixou de manter distância do veículo da frente;Colisão traseira;Com Vítimas Feridas;Pleno dia;Decrescente;Sol;Simples;Reta;Não;3;0;1;0;2;0;1;3;-24,744176;-53,269003;SPRF-PR;DEL04-PR;UOP03-DEL04-PR
593284;11/04/2024;quinta-feira;10:30:00;BA;110;105;ANTAS;Avarias e/ou desgaste excessivo no pneu;Saída de leito carroçável;Com Vítimas Feridas;Pleno dia;Crescente;Chuva;Simples;"Aclive;Curva";Não;2;0;1;1;0;0;2;1;-10,33996991;-38,32193412;SPRF-BA;DEL07-BA;UOP01-DEL07-BA
593286;11/04/2024;quinta-feira;13:30:00;MG;381;482,7;BETIM;Ausência de reação do condutor;Queda de ocupante de veículo;Com Vítimas Feridas;Pleno dia;Decrescente;Céu Claro;Dupla;Curva;Sim;1;0;0;1;0;0;1;1;-19,955532;-44,097209;SPRF-MG;DEL01-MG;UOP03-DEL01-MG
593287;11/04/2024;quinta-feira;12:47:00;PI;343;1,6;TERESINA;Acessar a via sem observar a presença dos outros veículos;Colisão transversal;Com Vítimas Feridas;Pleno dia;Crescente;Céu Claro;Dupla;Reta;Sim;2;0;1;0;1;0;1;2;-5,089569;-42,802288;SPRF-PI;DEL01-PI;UOP01-DEL01-PI
593288;11/04/2024;quinta-feira;14:00:00;RS;116;630,2;JAGUARAO;Demais falhas mecânicas ou elétricas;Incêndio;Sem Vítimas;Pleno dia;Decrescente;Céu Claro;Simples;Reta;Não;1;0;0;0;1;0;0;1;-32,38154925;-53,20023375;SPRF-RS;DEL07-RS;UOP03-DEL07-RS
593289;11/04/2024;quinta-feira;14:05:00;SP;116;451;REGISTRO;Demais falhas na via;Eventos atípicos;Sem Vítimas;Pleno dia;Crescente;Céu Claro;Dupla;Reta;Sim;1;0;0;0;1;0;0;1;-24,54542792;-47,86180224;SPRF-SP;DEL05-SP;UOP01-DEL05-SP
593290;11/04/2024;quinta-feira;12:00:00;RS;287;460;SAO BORJA;Reação tardia ou ineficiente do condutor;Saída de leito carroçável;Com Vítimas Feridas;Pleno dia;Crescente;Nublado;Simples;Curva;Não;1;0;0;1;0;0;1;1;-28,9721037;-55,37590027;SPRF-RS;DEL12-RS;UOP01-DEL12-RS