id;data_inversa;dia_semana;horario;uf;br;km;municipio;causa_acidente;tipo_acidente;classificacao_acidente;fase_dia;sentido_via;condicao_metereologica;tipo_pista;tracado_via;uso_solo;pessoas;mortos;feridos_leves;feridos_graves;ilesos;ignorados;feridos;veiculos;latitude;longitude;regional;delegacia;uop
593291;11/04/2024;quinta-feira;14:20:00;SC;101;134;BALNEARIO CAMBORIU;Reação tardia ou ineficiente do condutor;Colisão lateral mesmo sentido;Com Vítimas Feridas;Pleno dia;Decrescente;Céu Claro;Simples;Reta;Sim;2;0;1;0;1;0;1;2;-27,00218;-48,636433;SPRF-SC;DEL04-SC;UOP03-DEL04-SC
593292;11/04/2024;quinta-feira;12:40:00;PR;163;158;LINDOESTE;Condutor deixou de manter distância do veículo da frente;Saída de leito carroçável;Com Vítimas Feridas;Pleno dia;Decrescente;Céu Claro;Dupla;Declive;Não;2;0;1;0;1;0;1;1;-25,35274977;-53,58271385;SPRF-PR;DEL05-PR;UOP05-DEL05-PR
593293;11/04/2024;quinta-feira;07:00:00;GO;60;384;RIO VERDE;Pedestre cruzava a pista fora da faixa;Atropelamento de Pedestre;Com Vítimas Feridas;Pleno dia;Crescente;Céu Claro;Dupla;Reta;Sim;2;0;1;0;0;1;1;2;-17,7906;-50,9071;SPRF-GO;DEL04-GO;UOP02-DEL04-GO
593295;11/04/2024;quinta-feira;14:50:00;PB;230;125;RIACHAO DO BACAMARTE;Velocidade Incompatível;Colisão com objeto;Com Vítimas Feridas;Pleno dia;Crescente;Nublado;Simples;"Aclive;Curva";Não;1;0;1;0;0;0;1;1;-7,253204;-35,688195;SPRF-PB;DEL02-PB;UOP01-DEL02-PB
593297;11/04/2024;quinta-feira;08:10:00;MS;163;475;CAMPO GRANDE;Condutor deixou de manter distância do veículo da frente;Colisão traseira;Com Vítimas Feridas;Pleno dia;Crescente;Céu Claro;Simples;Rotatória;Sim;2;0;1;0;1;0;1;2;-20,51838231;-54,56658567;SPRF-MS;DEL01-MS;UOP01-DEL01-MS
593298;11/04/2024;quinta-feira;16:00:00;SC;282;4,2;FLORIANOPOLIS;Manobra de mudança de faixa;Colisão lateral mesmo sentido;Com Vítimas Feridas;Pleno dia;Crescente;Nublado;Múltipla;Reta;Sim;4;0;1;0;3;0;1;2;-27,592646;-48,604034;SPRF-SC;DEL01-SC;UOP01-DEL01-SC
593303;11/04/2024;quinta-feira;13:45:00;RO;364;424,8;JARU;Estacionar ou parar em local proibido;Colisão traseira;Com Vítimas Feridas;Pleno dia;Decrescente;Céu Claro;Simples;"Declive;Reta";Sim;2;0;1;0;1;0;1;2;-10,43909235;-62,47016522;SPRF-RO;DEL03-RO;UOP02-DEL03-RO
593308;11/04/2024;quinta-feira;15:40:00;RO;319;61;PORTO VELHO;Ausência de reação do condutor;Atropelamento de Pedestre;Com Vítimas Feridas;Pleno dia;Decrescente;Nublado;Dupla;"Reta;Interseção de Vias";Sim;2;0;0;1;1;0;1;2;-8,766685;-63,884052;SPRF-RO;DEL01-RO;UOP01-DEL01-RO
593309;11/04/2024;quinta-feira;17:10:00;RN;101;85;SAO GONCALO DO AMARANTE;Condutor deixou de manter distância do veículo da frente;Colisão traseira;Com Vítimas Feridas;Plena Noite;Crescente;Céu Claro;Simples;Viaduto;Sim;2;0;1;0;1;0;1;2;-5,777664;-35,24937;SPRF-RN;DEL02-RN;UOP01-DEL02-RN
593310;11/04/2024;quinta-feira;17:00:00;RS;386;296,1;POUSO NOVO;Transitar na contramão;Colisão frontal;Com Vítimas Feridas;Pleno dia;Crescente;Garoa/Chuvisco;Simples;"Curva;Declive";Não;3;0;2;0;1;0;2;2;-29,140182;-52,239331;SPRF-RS;DEL04-RS;UOP01-DEL04-RS
593312;11/04/2024;quinta-feira;17:05:00;AL;316;156;PALMEIRA DOS INDIOS;Acumulo de óleo sobre o pavimento;Queda de ocupante de veículo;Com Vítimas Feridas;Pleno dia;Crescente;Céu Claro;Simples;Rotatória;Sim;2;0;1;0;1;0;1;1;-9,42150066;-36,62537421;SPRF-AL;DEL03-AL;UOP01-DEL03-AL
593315;11/04/2024;quinta-feira;16:20:00;BA;367;21;PORTO SEGURO;Acessar a via sem observar a presença dos outros veículos;Colisão transversal;Com Vítimas Feridas;Pleno dia;Crescente;Céu Claro;Simples;Reta;Sim;2;0;1;0;1;0;1;2;-16,43660715;-39,06261839;SPRF-BA;DEL09-BA;UOP03-DEL09-BA
593316;11/04/2024;quinta-feira;17:50:00;SC;101;335,1;TUBARAO;Condutor deixou de manter distância do veículo da frente;Colisão traseira;Com Vítimas Feridas;Anoitecer;Crescente;Garoa/Chuvisco;Múltipla;Reta;Sim;2;0;1;0;1;0;1;2;-28,46927473;-49,01557908;SPRF-SC;DEL02-SC;UOP01-DEL02-SC
593317;11/04/2024;quinta-feira;17:00:00;SC;101;339,2;TUBARAO;Acessar a via sem observar a presença dos outros veículos;Colisão transversal;Com Vítimas Feridas;Pleno dia;Decrescente;Garoa/Chuvisco;Simples;"Reta;Interseção de Vias";Sim;2;0;0;1;1;0;1;2;-28,49351117;-49,04178985;SPRF-SC;DEL02-SC;UOP01-DEL02-SC
593318;11/04/2024;quinta-feira;14:00:00;MT;70;663;CACERES;Chuva;Saída de leito carroçável;Com Vítimas Fatais;Pleno dia;Crescente;Chuva;Simples;Reta;Não;1;1;0;0;0;0;0;1;-16,06162661;-57,27013176;SPRF-MT;DEL03-MT;UOP02-DEL03-MT
593320;11/04/2024;quinta-feira;18:15:00;SC;101;131,2;BALNEARIO CAMBORIU;Reação tardia ou ineficiente do condutor;Tombamento;Com Vítimas Feridas;Plena Noite;Decrescente;Nublado;Dupla;Reta;Sim;1;0;1;0;0;0;1;1;-26,99064209;-48,66310912;SPRF-SC;DEL04-SC;UOP03-DEL04-SC
593322;11/04/2024;quinta-feira;18:50:00;CE;116;15;ITAITINGA;Ausência de reação do condutor;Tombamento;Com Vítimas Feridas;Plena Noite;Crescente;Nublado;Dupla;"Reta;Declive";Não;1;0;1;0;0;0;1;1;-3,87839882;-38,50066893;SPRF-CE;DEL01-CE;UOP02-DEL01-CE
593323;11/04/2024;quinta-feira;18:40:00;RJ;116;305;RESENDE;Acesso irregular;Atropelamento de Pedestre;Com Vítimas Fatais;Plena Noite;Decrescente;Nublado;Dupla;Reta;Sim;2;1;0;0;1;0;0;2;-22,45573779;-44,39454802;SPRF-RJ;DEL07-RJ;UOP02-DEL07-RJ
593324;11/04/2024;quinta-feira;18:15:00;DF;70;6;BRASILIA;Transitar no Acostamento;Colisão traseira;Com Vítimas Feridas;Plena Noite;Crescente;Céu Claro;Dupla;Reta;Sim;3;0;1;0;2;0;1;2;-15,791242;-48,105759;SPRF-DF;DEL03-DF;UOP02-DEL03-DF
593325;11/04/2024;quinta-feira;18:25:00;GO;60;164,4;GOIANIA;Ultrapassagem Indevida;Colisão traseira;Com Vítimas Feridas;Plena Noite;Crescente;Nublado;Dupla;Reta;Sim;3;0;2;1;0;0;3;2;-16,711542;-49,355647;SPRF-GO;DEL01-GO;UOP02-DEL01-GO
593326;11/04/2024;quinta-feira;17:25:00;BA;101;23;RIO REAL;Avarias e/ou desgaste excessivo no pneu;Queda de ocupante de veículo;Com Vítimas Feridas;Anoitecer;Crescente;Céu Claro;Dupla;Reta;Não;2;0;2;0;0;0;2;1;-11,68372629;-37,90149093;SPRF-SE;DEL02-SE;UOP03-DEL02-SE
593328;11/04/2024;quinta-feira;17:10:00;MG;354;751,1;ITAMONTE;Ausência de reação do condutor;Colisão traseira;Com Vítimas Feridas;Pleno dia;Decrescente;Céu Claro;Simples;Reta;Sim;2;0;1;0;1;0;1;2;-22,28761498;-44,86860589;SPRF-MG;DEL17-MG;UOP01-DEL17-MG
593331;11/04/2024;quinta-feira;13:30:00;RO;435;107;COLORADO DO OESTE;Pista esburacada;Queda de ocupante de veículo;Com Vítimas Feridas;Pleno dia;Crescente;Céu Claro;Simples;Reta;Não;1;0;1;0;0;0;1;1;-13,19112095;-60,669045;SPRF-RO;DEL04-RO;UOP02-DEL04-RO
593332;11/04/2024;quinta-feira;19:00:00;PR;277;690,3;SAO MIGUEL DO IGUACU;Acessar a via sem observar a presença dos outros veículos;Colisão traseira;Com Vítimas Feridas;Plena Noite;Crescente;Céu Claro;Dupla;"Reta;Retorno Regulamentado";Não;3;0;1;0;2;0;1;2;-25,3582673;-54,24527283;SPRF-PR;DEL05-PR;UOP01-DEL05-PR
593334;11/04/2024;quinta-feira;18:37:00;MT;163;603;NOVA MUTUM;Acessar a via sem observar a presença dos outros veículos;Colisão lateral sentido oposto;Com Vítimas Feridas;Plena Noite;Crescente;Céu Claro;Simples;"Reta;Interseção de Vias";Sim;3;0;1;0;2;0;1;2;-13,78590357;-56,06323242;SPRF-MT;DEL01-MT;UOP01-DEL01-MT
593336;11/04/2024;quinta-feira;19:30:00;PR;376;598;CURITIBA;Pedestre andava na pista;Atropelamento de Pedestre;Com Vítimas Feridas;Plena Noite;Crescente;Céu Claro;Dupla;Reta;Não;2;0;0;1;0;1;1;2;-25,5188802;-49,33506947;SPRF-PR;DEL01-PR;UOP06-DEL01-PR
593337;11/04/2024;quinta-feira;18:40:00;PR;476;147,7;ARAUCARIA;Manobra de mudança de faixa;Colisão lateral mesmo sentido;Com Vítimas Feridas;Anoitecer;Crescente;Céu Claro;Dupla;Reta;Não;2;0;1;0;1;0;1;2;-25,55590309;-49,34329569;SPRF-PR;DEL01-PR;UOP06-DEL01-PR
593339;11/04/2024;quinta-feira;19:28:00;AP;210;1;MACAPA;Chuva;Colisão traseira;Sem Vítimas;Plena Noite;Crescente;Chuva;Dupla;Reta;Sim;1;0;0;0;1;0;0;1;0,07816717;-51,06998693;SPRF-AP;DEL01-AP;UOP01-DEL01-AP
593340;11/04/2024;quinta-feira;17:20:00;MS;163;257;DOURADOS;Condutor Dormindo;Tombamento;Com Vítimas Feridas;Anoitecer;Crescente;Nublado;Dupla;Reta;Não;1;0;1;0;0;0;1;1;-22,25888398;-54,793819;SPRF-MS;DEL04-MS;UOP01-DEL04-MS
593341;08/03/2024;sexta-feira;21:30:00;PI;316;145,6;ELESBAO VELOSO;Reação tardia ou ineficiente do condutor;Saída de leito carroçável;Com Vítimas Feridas;Plena Noite;Crescente;Céu Claro;Simples;"Declive;Curva";Não;3;0;2;0;1;0;2;1;-6,10607368;-42,20452811;SPRF-PI;DEL04-PI;UOP02-DEL04-PI
593343;11/04/2024;quinta-feira;19:50:00;PE;428;189,5;PETROLINA;Condutor desrespeitou a iluminação vermelha do semáforo;Atropelamento de Pedestre;Com Vítimas Feridas;Plena Noite;Crescente;Céu Claro;Dupla;Reta;Sim;2;0;0;1;1;0;1;2;-9,37197508;-40,48679585;SPRF-PE;DEL06-PE;UOP01-DEL06-PE
593344;11/04/2024;quinta-feira;15:15:00;PR;369;142,7;IBIPORA;Ingestão de álcool pelo condutor;Queda de ocupante de veículo;Com Vítimas Feridas;Pleno dia;Decrescente;Céu Claro;Simples;Reta;Sim;2;0;1;0;0;1;1;2;-23,292212;-51,08992;SPRF-PR;DEL07-PR;UOP01-DEL07-PR
593348;11/04/2024;quinta-feira;17:25:00;RO;364;15;VILHENA;Reação tardia ou ineficiente do condutor;Colisão traseira;Com Vítimas Feridas;Anoitecer;Decrescente;Céu Claro;Simples;Reta;Não;3;0;1;0;2;0;1;2;-12,73672751;-60,14804088;SPRF-RO;DEL04-RO;UOP01-DEL04-RO
593349;11/04/2024;quinta-feira;20:45:00;RN;101;96;NATAL;Entrada inopinada do pedestre;Atropelamento de Pedestre;Com Vítimas Fatais;Plena Noite;Decrescente;Céu Claro;Múltipla;Reta;Sim;2;1;0;0;1;0;0;2;-5,84949622;-35,20890752;SPRF-RN;DEL01-RN;UOP01-DEL01-RN
593353;11/04/2024;quinta-feira;19:30:00;SC;153;65;IRANI;Pedestre cruzava a pista fora da faixa;Atropelamento de Pedestre;Com Vítimas Feridas;Plena Noite;Decrescente;Céu Claro;Simples;Reta;Não;3;0;1;0;2;0;1;2;-27,011721;-51,876862;SPRF-SC;DEL07-SC;UOP04-DEL07-SC
593354;11/04/2024;quinta-feira;19:20:00;GO;153;597;MORRINHOS;Velocidade Incompatível;Saída de leito carroçável;Com Vítimas Feridas;Plena Noite;Crescente;Chuva;Dupla;Reta;Não;2;0;1;0;1;0;1;1;-17,5271;-49,2152;SPRF-GO;DEL03-GO;UOP01-DEL03-GO
593356;11/04/2024;quinta-feira;20:10:00;PB;101;52;SANTA RITA;Acesso irregular;Colisão transversal;Com Vítimas Fatais;Plena Noite;Crescente;Céu Claro;Dupla;Reta;Não;2;1;0;0;1;0;0;2;-6,93821564;-35,09935736;SPRF-PB;DEL01-PB;UOP04-DEL01-PB
593357;23/02/2024;sexta-feira;07:30:00;SC;101;205;SAO JOSE;Manobra de mudança de faixa;Queda de ocupante de veículo;Com Vítimas Feridas;Pleno dia;Crescente;Ignorado;Múltipla;Reta;Não;2;0;1;0;0;1;1;2;-27,58313237;-48,61532885;SPRF-SC;DEL01-SC;UOP01-DEL01-SC
593365;11/04/2024;quinta-feira;22:02:00;PB;230;28;JOAO PESSOA;Frear bruscamente;Tombamento;Com Vítimas Feridas;Plena Noite;Crescente;Céu Claro;Dupla;Reta;Sim;1;0;1;0;0;0;1;1;-7,1651;-34,8941;SPRF-PB;DEL01-PB;UOP01-DEL01-PB
593366;11/04/2024;quinta-feira;17:30:00;BA;101;713;EUNAPOLIS;Acessar a via sem observar a presença dos outros veículos;Colisão transversal;Com Vítimas Feridas;Anoitecer;Crescente;Céu Claro;Simples;Reta;Não;2;0;1;0;1;0;1;2;-16,5089598;-39,5770756;SPRF-BA;DEL09-BA;UOP01-DEL09-BA
593367;24/02/2024;sábado;07:30:00;RJ;40;123;DUQUE DE CAXIAS;Manobra de mudança de faixa;Tombamento;Com Vítimas Feridas;Pleno dia;Crescente;Nublado;Múltipla;Reta;Sim;1;0;1;0;0;0;1;1;-22,79907687;-43,29015739;SPRF-RJ;DEL01-RJ;UOP02-DEL01-RJ
593368;11/04/2024;quinta-feira;22:15:00;PR;163;237,7;TOLEDO;Manobra de mudança de faixa;Colisão traseira;Sem Vítimas;Plena Noite;Crescente;Céu Claro;Dupla;Reta;Não;2;0;0;0;2;0;0;2;-24,717822;-53,711597;SPRF-PR;DEL04-PR;UOP01-DEL04-PR
593369;11/04/2024;quinta-feira;18:40:00;MG;262;591,2;CAMPOS ALTOS;Velocidade Incompatível;Saída de leito carroçável;Com Vítimas Feridas;Anoitecer;Decrescente;Céu Claro;Simples;Interseção de Vias;Não;2;0;1;0;1;0;1;1;-19,66593786;-46,14284708;SPRF-MG;DEL08-MG;UOP02-DEL08-MG
593370;11/04/2024;quinta-feira;21:15:00;RS;470;224,5;GARIBALDI;Conversão proibida;Colisão frontal;Com Vítimas Feridas;Plena Noite;Decrescente;Garoa/Chuvisco;Simples;"Interseção de Vias;Reta;Declive";Não;4;0;1;0;3;0;1;3;-29,23595714;-51,51696682;SPRF-RS;DEL06-RS;UOP01-DEL06-RS
593372;11/04/2024;quinta-feira;18:15:00;RJ;101;322;NITEROI;Manobra de mudança de faixa;Colisão lateral mesmo sentido;Com Vítimas Feridas;Plena Noite;Decrescente;Céu Claro;Dupla;Reta;Não;2;0;1;0;1;0;1;2;-22,878923;-43,110676;SPRF-RJ;DEL02-RJ;UOP01-DEL02-RJ
593373;11/04/2024;quinta-feira;22:40:00;RN;101;159,5;CANGUARETAMA;Animais na Pista;Atropelamento de Animal;Com Vítimas Feridas;Plena Noite;Decrescente;Nublado;Dupla;Reta;Sim;2;0;1;0;1;0;1;1;-6,36312911;-35,15714218;SPRF-RN;DEL01-RN;UOP01-DEL01-RN
593375;11/04/2024;quinta-feira;23:20:00;SC;101;210;SAO JOSE;Ingestão de álcool pelo condutor;Colisão traseira;Sem Vítimas;Plena Noite;Crescente;Chuva;Múltipla;Reta;Sim;2;0;0;0;2;0;0;2;-27,6167305;-48,6457265;SPRF-SC;DEL01-SC;UOP01-DEL01-SC
593376;11/04/2024;quinta-feira;23:15:00;PR;376;590;CURITIBA;Ausência de reação do condutor;Colisão traseira;Com Vítimas Feridas;Plena Noite;Decrescente;Garoa/Chuvisco;Simples;Reta;Não;2;0;0;1;1;0;1;2;-25,45155592;-49,36237578;SPRF-PR;DEL01-PR;UOP06-DEL01-PR
593377;11/04/2024;quinta-feira;22:30:00;CE;222;210;SOBRAL;Reação tardia ou ineficiente do condutor;Colisão com objeto;Com Vítimas Feridas;Plena Noite;Crescente;Céu Claro;Simples;Interseção de Vias;Sim;1;0;1;0;0;0;1;1;-3,726199;-40,32325745;SPRF-CE;DEL04-CE;UOP01-DEL04-CE
593378;12/04/2024;sexta-feira;00:10:00;RS;386;219,9;TIO HUGO;Velocidade Incompatível;Saída de leito carroçável;Com Vítimas Feridas;Plena Noite;Crescente;Garoa/Chuvisco;Simples;Curva;Não;1;0;0;1;0;0;1;1;-28,610207;-52,607746;SPRF-RS;DEL04-RS;UOP03-DEL04-RS
593382;12/04/2024;sexta-feira;03:50:00;SC;101;159,8;PORTO BELO;Condutor Dormindo;Saída de leito carroçável;Sem Vítimas;Plena Noite;Decrescente;Nublado;Múltipla;Reta;Sim;1;0;0;0;1;0;0;1;-27,1998778;-48,61534236;SPRF-SC;DEL04-SC;UOP03-DEL04-SC
593386;12/04/2024;sexta-feira;05:40:00;ES;101;66;SAO MATEUS;Condutor desrespeitou a iluminação vermelha do semáforo;Colisão transversal;Com Vítimas Feridas;Amanhecer;Crescente;Céu Claro;Múltipla;Interseção de Vias;Sim;2;0;2;0;0;0;2;2;-18,7165195;-39,87436378;SPRF-ES;DEL04-ES;UOP02-DEL04-ES
593387;12/04/2024;sexta-feira;05:10:00;MG;40;323,5;TRES MARIAS;Animais na Pista;Atropelamento de Animal;Sem Vítimas;Amanhecer;Crescente;Céu Claro;Simples;Reta;Não;1;0;0;0;1;0;0;1;-18,52616436;-45,05783129;SPRF-MG;DEL14-MG;UOP02-DEL14-MG
593389;12/04/2024;sexta-feira;05:00:00;MG;381;919,2;CAMANDUCAIA;Ausência de reação do condutor;Colisão com objeto;Sem Vítimas;Plena Noite;Crescente;Céu Claro;Dupla;"Aclive;Reta";Não;1;0;0;0;0;1;0;1;-22,75605342;-46,1514473;SPRF-MG;DEL16-MG;UOP03-DEL16-MG
593390;12/04/2024;sexta-feira;06:30:00;GO;40;2;VALPARAISO DE GOIAS;Condutor deixou de manter distância do veículo da frente;Colisão lateral mesmo sentido;Com Vítimas Feridas;Pleno dia;Decrescente;Sol;Dupla;Reta;Sim;2;0;1;0;1;0;1;2;-16,067129;-47,984235;SPRF-DF;DEL01-DF;UOP01-DEL01-DF
593391;11/04/2024;quinta-feira;18:40:00;MG;116;214;CATUJI;Ausência de reação do condutor;Colisão transversal;Com Vítimas Feridas;Plena Noite;Decrescente;Céu Claro;Simples;Reta;Não;1;0;1;0;0;0;1;1;-17,35861213;-41,53122852;SPRF-MG;DEL11-MG;UOP01-DEL11-MG
593394;12/04/2024;sexta-feira;06:50:00;MG;381;941;EXTREMA;Avarias e/ou desgaste excessivo no pneu;Queda de ocupante de veículo;Com Vítimas Feridas;Pleno dia;Decrescente;Céu Claro;Dupla;"Declive;Curva";Não;2;0;1;0;0;1;1;2;-22,84701434;-46,33321175;SPRF-MG;DEL16-MG;UOP03-DEL16-MG
593395;12/04/2024;sexta-feira;05:20:00;GO;20;118,5;FLORES DE GOIAS;Animais na Pista;Atropelamento de Animal;Sem Vítimas;Amanhecer;Decrescente;Nublado;Simples;Reta;Não;5;0;0;0;5;0;0;1;-14,877173;-46,844711;SPRF-DF;DEL02-DF;UOP03-DEL02-DF
593397;12/04/2024;sexta-feira;07:00:00;CE;116;19;EUSEBIO;Frear bruscamente;Tombamento;Com Vítimas Feridas;Pleno dia;Decrescente;Nublado;Dupla;Reta;Sim;1;0;1;0;0;0;1;1;-3,91384397;-38,50667231;SPRF-CE;DEL01-CE;UOP02-DEL01-CE
593398;12/04/2024;sexta-feira;06:40:00;DF;40;6;BRASILIA;Ausência de reação do condutor;Colisão lateral mesmo sentido;Com Vítimas Feridas;Amanhecer;Decrescente;Céu Claro;Dupla;Reta;Sim;4;0;2;0;1;1;2;3;-16,029741;-47,978867;SPRF-DF;DEL01-DF;UOP01-DEL01-DF
593399;12/04/2024;sexta-feira;04:50:00;RO;364;240,9;CACOAL;Frear bruscamente;Tombamento;Com Vítimas Feridas;Amanhecer;Crescente;Nublado;Simples;"Reta;Declive";Sim;2;0;1;0;0;1;1;2;-11,440137;-61,477843;SPRF-RO;DEL02-RO;UOP02-DEL02-RO
593400;12/04/2024;sexta-feira;07:10:00;SC;101;140,5;BALNEARIO CAMBORIU;Manobra de mudança de faixa;Colisão traseira;Com Vítimas Feridas;Pleno dia;Decrescente;Garoa/Chuvisco;Simples;Reta;Não;4;0;2;1;1;0;3;3;-27,03881189;-48,60025148;SPRF-SC;DEL04-SC;UOP03-DEL04-SC
593402;12/04/2024;sexta-feira;04:50:00;MG;381;571;ITAGUARA;Ausência de reação do condutor;Capotamento;Com Vítimas Feridas;Plena Noite;Crescente;Céu Claro;Dupla;Curva;Não;3;0;1;0;1;1;1;1;-20,44411687;-44,56483443;SPRF-MG;DEL04-MG;UOP03-DEL04-MG
593403;12/04/2024;sexta-feira;07:10:00;SP;116;160,7;JACAREI;Ultrapassagem Indevida;Colisão lateral mesmo sentido;Com Vítimas Feridas;Pleno dia;Decrescente;Céu Claro;Múltipla;Reta;Sim;2;0;1;0;1;0;1;2;-23,27617003;-45,97592098;SPRF-SP;DEL02-SP;UOP01-DEL02-SP
593405;12/04/2024;sexta-feira;07:10:00;PR;369;188;ARAPONGAS;Reação tardia ou ineficiente do condutor;Tombamento;Com Vítimas Feridas;Pleno dia;Decrescente;Nublado;Simples;Reta;Sim;1;0;1;0;0;0;1;1;-23,43142;-51,422589;SPRF-PR;DEL07-PR;UOP03-DEL07-PR
593406;12/04/2024;sexta-feira;08:00:00;SC;101;118,5;ITAJAI;Ausência de reação do condutor;Tombamento;Com Vítimas Feridas;Pleno dia;Decrescente;Chuva;Múltipla;Reta;Não;1;0;1;0;0;0;1;1;-26,895859;-48,71903;SPRF-SC;DEL04-SC;UOP04-DEL04-SC
593407;12/04/2024;sexta-feira;08:10:00;DF;70;13;BRASILIA;Ausência de reação do condutor;Queda de ocupante de veículo;Com Vítimas Feridas;Pleno dia;Decrescente;Sol;Dupla;Reta;Sim;2;0;1;0;0;1;1;2;-15,794558;-48,166584;SPRF-DF;DEL03-DF;UOP02-DEL03-DF
593409;12/04/2024;sexta-feira;07:45:00;RS;386;409;TRIUNFO;Avarias e/ou desgaste excessivo no pneu;Saída de leito carroçável;Sem Vítimas;Pleno dia;Decrescente;Nublado;Simples;Curva;Não;1;0;0;0;1;0;0;1;-29,796766;-51,527248;SPRF-RS;DEL04-RS;UOP02-DEL04-RS
593410;12/04/2024;sexta-feira;08:05:00;RS;116;249;SAO LEOPOLDO;Reação tardia ou ineficiente do condutor;Tombamento;Com Vítimas Feridas;Pleno dia;Decrescente;Nublado;Dupla;"Declive;Reta";Sim;1;0;1;0;0;0;1;1;-29,7831804;-51,16099063;SPRF-RS;DEL01-RS;UOP02-DEL01-RS
593411;12/04/2024;sexta-feira;07:50:00;PE;408;105;JABOATAO DOS GUARARAPES;Acessar a via sem observar a presença dos outros veículos;Colisão transversal;Com Vítimas Feridas;Pleno dia;Decrescente;Céu Claro;Dupla;Reta;Sim;2;0;1;0;1;0;1;2;-8,073475;-34,991862;SPRF-PE;DEL01-PE;UOP01-DEL01-PE
593412;12/04/2024;sexta-feira;05:00:00;PR;277;296;PRUDENTOPOLIS;Velocidade Incompatível;Capotamento;Com Vítimas Feridas;Amanhecer;Crescente;Nublado;Simples;Curva;Não;5;0;4;1;0;0;5;1;-25,31539475;-51,05956598;SPRF-PR;DEL08-PR;UOP02-DEL08-PR
593414;12/04/2024;sexta-feira;08:35:00;SC;101;42;JOINVILLE;Ausência de reação do condutor;Colisão traseira;Com Vítimas Feridas;Pleno dia;Decrescente;Nublado;Múltipla;Reta;Não;2;0;1;0;1;0;1;2;-26,32419109;-48,86710167;SPRF-SC;DEL03-SC;UOP01-DEL03-SC
593415;12/04/2024;sexta-feira;07:00:00;RJ;101;88,1;CAMPOS DOS GOYTACAZES;Velocidade Incompatível;Capotamento;Com Vítimas Feridas;Pleno dia;Decrescente;Garoa/Chuvisco;Dupla;Curva;Não;2;0;1;0;1;0;1;1;-21,83354897;-41,50191804;SPRF-RJ;DEL08-RJ;UOP02-DEL08-RJ
593417;12/04/2024;sexta-feira;08:40:00;PE;232;9;RECIFE;Condutor deixou de manter distância do veículo da frente;Colisão traseira;Com Vítimas Feridas;Pleno dia;Decrescente;Céu Claro;Dupla;Reta;Sim;3;0;2;0;1;0;2;2;-8,07764447;-34,97863609;SPRF-PE;DEL01-PE;UOP01-DEL01-PE
593418;12/04/2024;sexta-feira;07:01:00;MA;135;19;SAO LUIS;Condutor deixou de manter distância do veículo da frente;Colisão traseira;Com Vítimas Feridas;Pleno dia;Decrescente;Sol;Dupla;Reta;Sim;3;0;1;0;2;0;1;2;-2,56566965;-44,33031863;SPRF-MA;DEL01-MA;UOP01-DEL01-MA
593421;12/04/2024;sexta-feira;09:00:00;RJ;101;247;SILVA JARDIM;Reação tardia ou ineficiente do condutor;Saída de leito carroçável;Com Vítimas Feridas;Pleno dia;Crescente;Chuva;Dupla;Curva;Não;1;0;1;0;0;0;1;1;-22,65885276;-42,49422728;SPRF-RJ;DEL02-RJ;UOP03-DEL02-RJ
593422;12/04/2024;sexta-feira;09:00:00;PR;376;619;SAO JOSE DOS PINHAIS;Ausência de reação do condutor;Tombamento;Com Vítimas Feridas;Pleno dia;Decrescente;Garoa/Chuvisco;Simples;Reta;Sim;1;0;1;0;0;0;1;1;-25,60034699;-49,17355691;SPRF-PR;DEL01-PR;UOP04-DEL01-PR
593424;12/04/2024;sexta-feira;08:18:00;PE;408;59,1;TRACUNHAEM;Acessar a via sem observar a presença dos outros veículos;Colisão transversal;Sem Vítimas;Pleno dia;Decrescente;Céu Claro;Simples;"Declive;Curva";Sim;2;0;0;0;1;1;0;2;-7,80575494;-35,24395484;SPRF-PE;DEL01-PE;UOP01-DEL01-PE
593426;12/04/2024;sexta-feira;08:30:00;RO;364;713;PORTO VELHO;Manobra de mudança de faixa;Colisão lateral mesmo sentido;Com Vítimas Feridas;Pleno dia;Crescente;Céu Claro;Dupla;Interseção de Vias;Sim;2;0;1;0;1;0;1;2;-8,77331583;-63,87969248;SPRF-RO;DEL01-RO;UOP01-DEL01-RO
593427;12/04/2024;sexta-feira;07:55:00;RS;116;142,3;CAXIAS DO SUL;Reação tardia ou ineficiente do condutor;Saída de leito carroçável;Sem Vítimas;Pleno dia;Crescente;Chuva;Dupla;Curva;Sim;2;0;0;0;1;1;0;2;-29,11727;-51,115208;SPRF-RS;DEL05-RS;UOP01-DEL05-RS
593428;12/04/2024;sexta-feira;08:58:00;ES;101;4,6;SERRA;Demais falhas mecânicas ou elétricas;Saída de leito carroçável;Com Vítimas Feridas;Pleno dia;Decrescente;Céu Claro;Dupla;"Declive;Reta";Não;2;0;1;0;1;0;1;1;-20,129093;-40,308125;SPRF-ES;DEL02-ES;UOP01-DEL02-ES
593429;12/04/2024;sexta-feira;08:15:00;RO;364;703;PORTO VELHO;Frear bruscamente;Queda de ocupante de veículo;Com Vítimas Feridas;Pleno dia;Decrescente;Céu Claro;Dupla;"Aclive;Reta";Sim;1;0;1;0;0;0;1;1;-8,80021523;-63,79557792;SPRF-RO;DEL01-RO;UOP01-DEL01-RO
593430;12/04/2024;sexta-feira;09:45:00;RS;158;333;SANTA MARIA;Avarias e/ou desgaste excessivo no pneu;Tombamento;Com Vítimas Feridas;Pleno dia;Decrescente;Chuva;Dupla;Rotatória;Sim;2;0;1;0;0;1;1;2;-29,70722322;-53,85241628;SPRF-RS;DEL09-RS;UOP01-DEL09-RS