id;data_inversa;dia_semana;horario;uf;br;km;municipio;causa_acidente;tipo_acidente;classificacao_acidente;fase_dia;sentido_via;condicao_metereologica;tipo_pista;tracado_via;uso_solo;pessoas;mortos;feridos_leves;feridos_graves;ilesos;ignorados;feridos;veiculos;latitude;longitude;regional;delegacia;uop
593678;13/04/2024;sábado;07:40:00;PB;230;406;POMBAL;Frear bruscamente;Colisão transversal;Com Vítimas Feridas;Pleno dia;Crescente;Céu Claro;Simples;Reta;Sim;2;0;1;0;1;0;1;2;-6,7842;-37,7987;SPRF-PB;DEL03-PB;UOP02-DEL03-PB
593684;13/04/2024;sábado;07:50:00;ES;101;182;ARACRUZ;Ausência de reação do condutor;Saída de leito carroçável;Com Vítimas Feridas;Pleno dia;Decrescente;Céu Claro;Simples;Reta;Não;2;0;2;0;0;0;2;1;-19,6386808;-40,23155029;SPRF-ES;DEL04-ES;UOP01-DEL04-ES
593685;13/04/2024;sábado;08:30:00;RS;392;119;CANGUCU;Ingestão de álcool pelo condutor;Saída de leito carroçável;Sem Vítimas;Pleno dia;Decrescente;Chuva;Dupla;Curva;Sim;1;0;0;0;1;0;0;1;-31,39884811;-52,68472032;SPRF-RS;DEL07-RS;UOP01-DEL07-RS
593687;09/04/2024;terça-feira;12:00:00;MG;262;491;BETIM;Ausência de reação do condutor;Tombamento;Com Vítimas Feridas;Pleno dia;Decrescente;Céu Claro;Múltipla;Reta;Sim;1;0;1;0;0;0;1;1;-19,96001782;-44,15384674;SPRF-MG;DEL08-MG;UOP03-DEL08-MG
593689;13/04/2024;sábado;09:20:00;SC;282;50,3;AGUAS MORNAS;Velocidade Incompatível;Colisão com objeto;Com Vítimas Feridas;Pleno dia;Decrescente;Chuva;Simples;Curva;Não;5;0;3;1;1;0;4;3;-27,708536;-48,952251;SPRF-SC;DEL01-SC;UOP03-DEL01-SC
593690;13/04/2024;sábado;10:00:00;RJ;116;99;GUAPIMIRIM;Acumulo de óleo sobre o pavimento;Tombamento;Com Vítimas Feridas;Pleno dia;Crescente;Céu Claro;Simples;Curva;Não;2;0;2;0;0;0;2;1;-22,48851488;-42,99935184;SPRF-RJ;DEL04-RJ;UOP01-DEL04-RJ
593691;10/04/2024;quarta-feira;04:30:00;GO;50;109,1;CRISTALINA;Demais falhas mecânicas ou elétricas;Incêndio;Sem Vítimas;Amanhecer;Crescente;Garoa/Chuvisco;Dupla;Reta;Não;1;0;0;0;1;0;0;1;-16,9309;-47,7117;SPRF-DF;DEL01-DF;UOP02-DEL01-DF
593692;13/04/2024;sábado;10:00:00;RJ;116;139;MAGE;Avarias e/ou desgaste excessivo no pneu;Tombamento;Com Vítimas Feridas;Pleno dia;Decrescente;Céu Claro;Dupla;Reta;Sim;2;0;2;0;0;0;2;1;-22,64655224;-43,20138601;SPRF-RJ;DEL04-RJ;UOP02-DEL04-RJ
593694;13/04/2024;sábado;08:00:00;AL;316;248;ATALAIA;Conversão proibida;Colisão transversal;Com Vítimas Feridas;Pleno dia;Decrescente;Sol;Simples;Reta;Não;2;0;1;0;1;0;1;2;-9,54078106;-35,98549809;SPRF-AL;DEL01-AL;UOP01-DEL01-AL
593696;13/04/2024;sábado;08:50:00;MG;262;93,4;ABRE CAMPO;Ausência de reação do condutor;Saída de leito carroçável;Com Vítimas Feridas;Pleno dia;Crescente;Sol;Simples;Reta;Sim;3;0;2;0;1;0;2;2;-20,31531995;-42,46661228;SPRF-MG;DEL03-MG;UOP03-DEL03-MG
593700;13/04/2024;sábado;11:10:00;RJ;116;175;SAO JOAO DE MERITI;Reação tardia ou ineficiente do condutor;Queda de ocupante de veículo;Com Vítimas Feridas;Pleno dia;Crescente;Céu Claro;Dupla;Reta;Sim;1;0;1;0;0;0;1;1;-22,78923555;-43,37275272;SPRF-RJ;DEL06-RJ;UOP01-DEL06-RJ
593701;13/04/2024;sábado;11:30:00;GO;40;1,5;VALPARAISO DE GOIAS;Trafegar com motocicleta (ou similar) entre as faixas;Colisão lateral mesmo sentido;Com Vítimas Feridas;Pleno dia;Crescente;Nublado;Dupla;Reta;Sim;2;0;1;0;1;0;1;2;-16,058245;-47,982825;SPRF-DF;DEL01-DF;UOP01-DEL01-DF
593703;13/04/2024;sábado;11:50:00;PR;376;614;SAO JOSE DOS PINHAIS;Manobra de mudança de faixa;Colisão traseira;Com Vítimas Feridas;Pleno dia;Decrescente;Céu Claro;Dupla;Reta;Não;2;0;0;1;1;0;1;2;-25,57084314;-49,19356398;SPRF-PR;DEL01-PR;UOP06-DEL01-PR
593704;13/04/2024;sábado;11:55:00;SP;116;219;GUARULHOS;Trafegar com motocicleta (ou similar) entre as faixas;Colisão traseira;Com Vítimas Feridas;Pleno dia;Crescente;Nublado;Múltipla;Reta;Sim;3;0;1;0;2;0;1;2;-23,46323649;-46,49482543;SPRF-SP;DEL01-SP;UOP01-DEL01-SP
593705;13/04/2024;sábado;11:00:00;RJ;493;72;DUQUE DE CAXIAS;Demais falhas mecânicas ou elétricas;Incêndio;Sem Vítimas;Pleno dia;Crescente;Céu Claro;Dupla;Reta;Não;1;0;0;0;1;0;0;1;-22,66059122;-43,3568573;SPRF-RJ;DEL01-RJ;UOP03-DEL01-RJ
593707;13/04/2024;sábado;12:01:00;DF;70;14,4;BRASILIA;Mal súbito do condutor;Colisão lateral mesmo sentido;Com Vítimas Feridas;Pleno dia;Decrescente;Céu Claro;Dupla;Curva;Sim;3;0;1;0;1;1;1;3;-15,797312;-48,176056;SPRF-DF;DEL03-DF;UOP02-DEL03-DF
593708;13/04/2024;sábado;12:00:00;BA;101;265;SANTO ANTONIO DE JESUS;Conversão proibida;Saída de leito carroçável;Com Vítimas Feridas;Pleno dia;Crescente;Céu Claro;Simples;"Reta;Declive";Não;2;0;1;0;1;0;1;2;-13,10710514;-39,28471362;SPRF-BA;DEL01-BA;UOP02-DEL01-BA
593710;13/04/2024;sábado;11:50:00;ES;101;58;SAO MATEUS;Demais falhas mecânicas ou elétricas;Tombamento;Com Vítimas Feridas;Pleno dia;Crescente;Céu Claro;Simples;Reta;Não;2;0;2;0;0;0;2;1;-18,65547194;-39,87148278;SPRF-ES;DEL04-ES;UOP02-DEL04-ES
593711;13/04/2024;sábado;11:30:00;PB;230;158,6;CAMPINA GRANDE;Acessar a via sem observar a presença dos outros veículos;Colisão transversal;Com Vítimas Feridas;Pleno dia;Crescente;Céu Claro;Simples;Retorno Regulamentado;Sim;3;0;1;0;2;0;1;2;-7,2582;-35,9267;SPRF-PB;DEL02-PB;UOP01-DEL02-PB
593715;13/04/2024;sábado;12:14:00;RJ;116;243,6;PIRAI;Demais falhas mecânicas ou elétricas;Incêndio;Sem Vítimas;Pleno dia;Crescente;Céu Claro;Simples;Reta;Não;1;0;0;0;1;0;0;1;-22,63023454;-43,91033921;SPRF-RJ;DEL07-RJ;UOP01-DEL07-RJ
593716;13/04/2024;sábado;12:42:00;RN;101;102;PARNAMIRIM;Reação tardia ou ineficiente do condutor;Colisão traseira;Com Vítimas Feridas;Pleno dia;Decrescente;Céu Claro;Dupla;Reta;Sim;3;0;3;0;0;0;3;3;-5,88858217;-35,24018997;SPRF-RN;DEL01-RN;UOP01-DEL01-RN
593717;13/04/2024;sábado;12:15:00;MG;50;176;UBERABA;Condutor deixou de manter distância do veículo da frente;Colisão traseira;Com Vítimas Feridas;Pleno dia;Decrescente;Céu Claro;Dupla;"Reta;Declive";Sim;2;0;1;0;1;0;1;2;-19,77919981;-47,960032;SPRF-MG;DEL13-MG;UOP01-DEL13-MG
593719;13/04/2024;sábado;10:55:00;MG;262;446,9;NOVA SERRANA;Conversão proibida;Colisão lateral mesmo sentido;Com Vítimas Feridas;Pleno dia;Crescente;Céu Claro;Simples;"Interseção de Vias;Reta";Sim;2;0;1;0;1;0;1;2;-19,87514825;-44,95031205;SPRF-MG;DEL08-MG;UOP03-DEL08-MG
593720;13/04/2024;sábado;12:10:00;SP;116;112,3;TAUBATE;Acessar a via sem observar a presença dos outros veículos;Colisão traseira;Com Vítimas Feridas;Pleno dia;Crescente;Sol;Dupla;Interseção de Vias;Sim;4;0;1;0;3;0;1;2;-23,04159343;-45,57065616;SPRF-SP;DEL02-SP;UOP02-DEL02-SP
593725;13/04/2024;sábado;12:25:00;MA;222;340,9;IGARAPE DO MEIO;Pista esburacada;Colisão transversal;Com Vítimas Fatais;Pleno dia;Decrescente;Céu Claro;Simples;Reta;Não;4;1;0;2;1;0;2;2;-3,59458384;-45,1024651;SPRF-MA;DEL02-MA;UOP01-DEL02-MA
593726;13/04/2024;sábado;10:00:00;PR;277;323,6;GUARAPUAVA;Demais falhas mecânicas ou elétricas;Incêndio;Sem Vítimas;Pleno dia;Decrescente;Nublado;Simples;"Reta;Aclive";Não;1;0;0;0;1;0;0;1;-25,37364831;-51,3021934;SPRF-PR;DEL08-PR;UOP01-DEL08-PR
593727;13/04/2024;sábado;13:30:00;PI;343;1,3;TERESINA;Velocidade Incompatível;Colisão traseira;Com Vítimas Feridas;Pleno dia;Crescente;Céu Claro;Dupla;"Reta;Retorno Regulamentado";Sim;2;0;1;0;1;0;1;2;-5,0809629;-42,76129961;SPRF-PI;DEL01-PI;UOP01-DEL01-PI
593733;13/04/2024;sábado;14:10:00;CE;116;11;FORTALEZA;Acessar a via sem observar a presença dos outros veículos;Colisão lateral mesmo sentido;Com Vítimas Feridas;Pleno dia;Crescente;Céu Claro;Dupla;Reta;Sim;3;0;0;2;0;1;2;2;-3,84394724;-38,49891546;SPRF-CE;DEL01-CE;UOP02-DEL01-CE
593734;13/04/2024;sábado;14:30:00;PR;376;492,9;PONTA GROSSA;Velocidade Incompatível;Saída de leito carroçável;Com Vítimas Feridas;Pleno dia;Decrescente;Céu Claro;Dupla;Curva;Sim;2;0;1;0;1;0;1;1;-25,15559918;-50,13322909;SPRF-PR;DEL03-PR;UOP04-DEL03-PR
593736;13/04/2024;sábado;15:15:00;MG;354;753,9;ITAMONTE;Acessar a via sem observar a presença dos outros veículos;Tombamento;Com Vítimas Feridas;Pleno dia;Crescente;Céu Claro;Simples;Reta;Sim;3;0;0;1;2;0;1;2;-22,30074263;-44,86208652;SPRF-MG;DEL17-MG;UOP01-DEL17-MG
593737;13/04/2024;sábado;14:05:00;MG;381;340;BELA VISTA DE MINAS;Ausência de reação do condutor;Saída de leito carroçável;Com Vítimas Fatais;Pleno dia;Decrescente;Céu Claro;Simples;"Aclive;Curva";Sim;3;1;1;0;1;0;1;2;-19,84087497;-43,09635354;SPRF-MG;DEL03-MG;UOP01-DEL03-MG
593738;13/04/2024;sábado;10:20:00;SC;101;335,6;TUBARAO;Velocidade Incompatível;Colisão com objeto;Com Vítimas Feridas;Pleno dia;Decrescente;Chuva;Múltipla;Curva;Sim;3;0;3;0;0;0;3;1;-28,46729543;-49,00628686;SPRF-SC;DEL02-SC;UOP01-DEL02-SC
593740;09/04/2024;terça-feira;07:05:00;CE;20;331,9;CARIDADE;Avarias e/ou desgaste excessivo no pneu;Saída de leito carroçável;Com Vítimas Feridas;Pleno dia;Crescente;Chuva;Simples;Reta;Não;3;0;2;0;1;0;2;1;-4,1919981;-39,17945881;SPRF-CE;DEL02-CE;UOP01-DEL02-CE
593741;13/04/2024;sábado;15:30:00;PR;277;77;SAO JOSE DOS PINHAIS;Acessar a via sem observar a presença dos outros veículos;Colisão transversal;Com Vítimas Feridas;Pleno dia;Crescente;Nublado;Dupla;Reta;Não;3;0;0;1;2;0;1;2;-25,4858276;-49,18550134;SPRF-PR;DEL01-PR;UOP07-DEL01-PR
593743;13/04/2024;sábado;15:45:00;RS;116;246;SAO LEOPOLDO;Trafegar com motocicleta (ou similar) entre as faixas;Colisão traseira;Com Vítimas Feridas;Pleno dia;Crescente;Céu Claro;Múltipla;Reta;Sim;3;0;0;1;2;0;1;2;-29,758751;-51,15186806;SPRF-RS;DEL01-RS;UOP02-DEL01-RS
593744;13/04/2024;sábado;14:40:00;ES;101;52;CONCEICAO DA BARRA;Demais falhas mecânicas ou elétricas;Tombamento;Com Vítimas Feridas;Pleno dia;Decrescente;Céu Claro;Simples;Reta;Não;2;0;2;0;0;0;2;1;-18,60928207;-39,88523427;SPRF-ES;DEL04-ES;UOP02-DEL04-ES
593745;13/04/2024;sábado;15:50:00;BA;116;18,5;VITORIA DA CONQUISTA;Conversão proibida;Colisão transversal;Com Vítimas Feridas;Pleno dia;Crescente;Sol;Simples;Reta;Sim;4;0;3;0;1;0;3;2;-14,8965;-40,8303;SPRF-PE;DEL05-PE;UOP03-DEL05-PE
593746;13/04/2024;sábado;15:49:00;DF;20;11,8;BRASILIA;Condutor deixou de manter distância do veículo da frente;Colisão traseira;Com Vítimas Feridas;Pleno dia;Crescente;Céu Claro;Dupla;Retorno Regulamentado;Sim;2;0;0;1;1;0;1;2;-15,64654;-47,766422;SPRF-DF;DEL02-DF;UOP01-DEL02-DF
593747;13/04/2024;sábado;16:20:00;ES;101;66;SAO MATEUS;Condutor deixou de manter distância do veículo da frente;Colisão traseira;Com Vítimas Feridas;Pleno dia;Decrescente;Sol;Simples;Reta;Sim;4;0;1;0;2;1;1;3;-18,71667814;-39,87345912;SPRF-ES;DEL04-ES;UOP02-DEL04-ES
593748;13/04/2024;sábado;16:30:00;PE;104;69;CARUARU;Reação tardia ou ineficiente do condutor;Colisão traseira;Com Vítimas Feridas;Pleno dia;Crescente;Céu Claro;Dupla;Curva;Não;3;0;0;2;1;0;2;2;-8,31553064;-35,99144697;SPRF-PE;DEL02-PE;UOP01-DEL02-PE
593750;13/04/2024;sábado;15:00:00;PE;101;43,5;IGARASSU;Condutor deixou de manter distância do veículo da frente;Colisão traseira;Com Vítimas Feridas;Pleno dia;Crescente;Céu Claro;Múltipla;Reta;Não;6;0;0;1;5;0;1;5;-7,85637001;-34,90842109;SPRF-PE;DEL01-PE;UOP02-DEL01-PE
593751;13/04/2024;sábado;17:00:00;SP;116;180;GUARAREMA;Reação tardia ou ineficiente do condutor;Queda de ocupante de veículo;Com Vítimas Feridas;Pleno dia;Crescente;Céu Claro;Dupla;Reta;Não;1;0;1;0;0;0;1;1;-23,336372;-46,14513;SPRF-SP;DEL01-SP;UOP01-DEL01-SP
593752;13/04/2024;sábado;11:00:00;RJ;40;121;DUQUE DE CAXIAS;Reação tardia ou ineficiente do condutor;Colisão traseira;Com Vítimas Feridas;Pleno dia;Decrescente;Céu Claro;Simples;Viaduto;Não;2;0;1;0;1;0;1;2;-22,78185499;-43,28571273;SPRF-RJ;DEL01-RJ;UOP02-DEL01-RJ
593753;13/04/2024;sábado;16:37:00;PE;101;72;RECIFE;Acessar a via sem observar a presença dos outros veículos;Colisão lateral mesmo sentido;Com Vítimas Feridas;Pleno dia;Crescente;Céu Claro;Dupla;Interseção de Vias;Sim;3;0;1;1;1;0;2;2;-8,08493106;-34,9450639;SPRF-PE;DEL01-PE;UOP01-DEL01-PE
593754;13/04/2024;sábado;16:30:00;PR;272;563;GUAIRA;Ingestão de álcool pelo condutor;Colisão transversal;Com Vítimas Feridas;Pleno dia;Crescente;Nublado;Simples;"Interseção de Vias;Rotatória;Retorno Regulamentado;Curva";Não;2;0;1;0;1;0;1;2;-24,08447467;-54,1812031;SPRF-PR;DEL06-PR;UOP01-DEL06-PR
593755;13/04/2024;sábado;07:10:00;MT;163;756;SORRISO;Falta de acostamento;Queda de ocupante de veículo;Com Vítimas Feridas;Amanhecer;Crescente;Céu Claro;Múltipla;"Aclive;Reta";Não;2;0;1;0;0;1;1;2;-12,62504399;-55,76969001;SPRF-MT;DEL06-MT;UOP01-DEL06-MT
593756;13/04/2024;sábado;16:35:00;RN;101;83,4;NATAL;Manobra de mudança de faixa;Colisão lateral mesmo sentido;Com Vítimas Feridas;Anoitecer;Decrescente;Céu Claro;Dupla;Reta;Sim;1;0;1;0;0;0;1;1;-5,7710445;-35,26616981;SPRF-RN;DEL02-RN;UOP01-DEL02-RN
593757;13/04/2024;sábado;17:00:00;RS;468;89,2;BOM PROGRESSO;Reação tardia ou ineficiente do condutor;Saída de leito carroçável;Com Vítimas Feridas;Pleno dia;Decrescente;Nublado;Simples;Reta;Não;1;0;1;0;0;0;1;1;-27,54337108;-53,87173415;SPRF-RS;DEL08-RS;UOP02-DEL08-RS
593759;13/04/2024;sábado;17:50:00;BA;101;715,8;EUNAPOLIS;Condutor deixou de manter distância do veículo da frente;Colisão lateral mesmo sentido;Com Vítimas Feridas;Anoitecer;Decrescente;Garoa/Chuvisco;Dupla;Reta;Não;2;0;0;1;0;1;1;2;-16,361448;-39,580029;SPRF-BA;DEL09-BA;UOP01-DEL09-BA
593760;13/04/2024;sábado;17:50:00;PB;230;490;SAO JOAO DO RIO DO PEIXE;Ingestão de álcool pelo condutor;Saída de leito carroçável;Sem Vítimas;Plena Noite;Decrescente;Céu Claro;Simples;Reta;Não;1;0;0;0;0;1;0;1;-6,8676;-38,4242;SPRF-PB;DEL03-PB;UOP03-DEL03-PB
593762;13/04/2024;sábado;18:24:00;RN;226;62;SENADOR ELOI DE SOUZA;Demais falhas mecânicas ou elétricas;Queda de ocupante de veículo;Com Vítimas Feridas;Plena Noite;Crescente;Céu Claro;Simples;Reta;Não;1;0;0;1;0;0;1;1;-6,05016006;-35,67466683;SPRF-RN;DEL01-RN;UOP02-DEL01-RN
593764;13/04/2024;sábado;18:55:00;MG;153;1;ARAPORA;Ausência de reação do condutor;Saída de leito carroçável;Com Vítimas Feridas;Anoitecer;Crescente;Céu Claro;Dupla;Reta;Sim;1;0;1;0;0;0;1;1;-18,42608911;-49,19359032;SPRF-MG;DEL15-MG;UOP03-DEL15-MG
593765;06/04/2024;sábado;23:50:00;GO;153;529,2;HIDROLANDIA;Velocidade Incompatível;Atropelamento de Animal;Com Vítimas Feridas;Plena Noite;Decrescente;Nublado;Simples;Reta;Não;3;0;1;2;0;0;3;2;-16,9603;-49,2384;SPRF-GO;DEL01-GO;UOP03-DEL01-GO
593766;13/04/2024;sábado;16:30:00;RJ;465;17;NOVA IGUACU;Conversão proibida;Colisão traseira;Com Vítimas Feridas;Pleno dia;Crescente;Sol;Simples;Reta;Não;4;0;2;0;2;0;2;2;-22,823448;-43,619843;SPRF-RJ;DEL06-RJ;UOP02-DEL06-RJ
593767;13/04/2024;sábado;17:30:00;PR;163;265;TOLEDO;Demais falhas mecânicas ou elétricas;Incêndio;Sem Vítimas;Pleno dia;Decrescente;Nublado;Dupla;Declive;Não;1;0;0;0;1;0;0;1;-24,63855056;-53,86145174;SPRF-PR;DEL06-PR;UOP02-DEL06-PR
593769;13/04/2024;sábado;16:50:00;MT;364;369;SANTO ANTONIO DO LEVERGER;Reação tardia ou ineficiente do condutor;Saída de leito carroçável;Com Vítimas Feridas;Pleno dia;Crescente;Céu Claro;Dupla;Reta;Não;4;0;2;0;2;0;2;1;-15,72654502;-55,67097603;SPRF-MT;DEL01-MT;UOP02-DEL01-MT
593771;13/04/2024;sábado;19:00:00;PE;101;82;JABOATAO DOS GUARARAPES;Condutor deixou de manter distância do veículo da frente;Colisão traseira;Com Vítimas Feridas;Plena Noite;Crescente;Céu Claro;Dupla;Reta;Sim;2;0;0;1;1;0;1;2;-8,172294;-34,9401;SPRF-PE;DEL01-PE;UOP01-DEL01-PE
593774;13/04/2024;sábado;19:30:00;SC;280;28,8;ARAQUARI;Reação tardia ou ineficiente do condutor;Colisão traseira;Com Vítimas Feridas;Plena Noite;Crescente;Garoa/Chuvisco;Simples;Reta;Sim;3;0;1;0;2;0;1;2;-26,40450077;-48,74561031;SPRF-SC;DEL03-SC;UOP03-DEL03-SC
593775;13/04/2024;sábado;19:30:00;PR;369;434;UBIRATA;Suicídio (presumido);Atropelamento de Pedestre;Com Vítimas Feridas;Plena Noite;Crescente;Nublado;Simples;Reta;Sim;2;0;0;1;1;0;1;2;-24,55539868;-53,00216675;SPRF-PR;DEL04-PR;UOP03-DEL04-PR
593776;13/04/2024;sábado;18:50:00;PR;476;120,6;COLOMBO;Reação tardia ou ineficiente do condutor;Colisão frontal;Sem Vítimas;Plena Noite;Decrescente;Nublado;Múltipla;Interseção de Vias;Sim;3;0;0;0;3;0;0;2;-25,37524;-49,19387;SPRF-PR;DEL01-PR;UOP01-DEL01-PR
593777;13/04/2024;sábado;16:30:00;GO;251;29;CRISTALINA;Conversão proibida;Colisão lateral mesmo sentido;Com Vítimas Feridas;Pleno dia;Decrescente;Céu Claro;Simples;Reta;Sim;2;0;1;0;1;0;1;2;-16,08811703;-47,51565164;SPRF-DF;DEL01-DF;UOP01-DEL01-DF
593779;13/04/2024;sábado;16:00:00;RO;364;8;VILHENA;Acumulo de água sobre o pavimento;Saída de leito carroçável;Com Vítimas Feridas;Pleno dia;Decrescente;Chuva;Simples;"Declive;Reta";Sim;1;0;1;0;0;0;1;1;-12,76679409;-60,09631128;SPRF-RO;DEL04-RO;UOP01-DEL04-RO
593781;13/04/2024;sábado;19:10:00;SC;470;66;INDAIAL;Ausência de reação do condutor;Colisão transversal;Com Vítimas Feridas;Plena Noite;Crescente;Chuva;Simples;Reta;Sim;2;0;1;0;1;0;1;2;-26,870407;-49,221844;SPRF-SC;DEL04-SC;UOP01-DEL04-SC
593782;13/04/2024;sábado;18:10:00;MG;116;478,4;DOM CAVATI;Entrada inopinada do pedestre;Atropelamento de Pedestre;Com Vítimas Feridas;Plena Noite;Crescente;Céu Claro;Simples;"Reta;Interseção de Vias";Sim;2;0;0;1;1;0;1;2;-19,37735625;-42,1085357;SPRF-MG;DEL06-MG;UOP02-DEL06-MG
593784;13/04/2024;sábado;19:35:00;GO;40;14;LUZIANIA;Animais na Pista;Atropelamento de Animal;Com Vítimas Feridas;Plena Noite;Crescente;Céu Claro;Dupla;Aclive;Sim;1;0;1;0;0;0;1;1;-16,16621136;-47,93006301;SPRF-DF;DEL01-DF;UOP01-DEL01-DF
593785;13/04/2024;sábado;20:00:00;SC;101;189;BIGUACU;Reação tardia ou ineficiente do condutor;Colisão traseira;Com Vítimas Feridas;Plena Noite;Decrescente;Chuva;Dupla;Curva;Não;5;0;2;0;3;0;2;3;-27,46464198;-48,6420536;SPRF-SC;DEL01-SC;UOP01-DEL01-SC
593786;13/04/2024;sábado;21:00:00;PR;163;36;SANTO ANTONIO DO SUDOESTE;Acesso irregular;Colisão transversal;Com Vítimas Feridas;Plena Noite;Crescente;Céu Claro;Simples;Reta;Não;2;0;0;1;1;0;1;2;-26,10094502;-53,71147602;SPRF-PR;DEL02-PR;UOP02-DEL02-PR
593787;13/04/2024;sábado;19:30:00;RJ;116;10;SAPUCAIA;Ingestão de álcool pelo condutor;Colisão frontal;Com Vítimas Feridas;Plena Noite;Crescente;Céu Claro;Simples;Reta;Não;3;0;0;1;2;0;1;2;-21,93688258;-42,71048212;SPRF-RJ;DEL05-RJ;UOP01-DEL05-RJ
593788;13/04/2024;sábado;18:00:00;SC;101;192,9;BIGUACU;Reação tardia ou ineficiente do condutor;Colisão transversal;Com Vítimas Feridas;Anoitecer;Decrescente;Chuva;Múltipla;Curva;Sim;3;0;1;0;1;1;1;2;-27,48443781;-48,64765238;SPRF-SC;DEL01-SC;UOP01-DEL01-SC
593790;13/04/2024;sábado;20:15:00;BA;116;757,7;POCOES;Ingestão de álcool pelo condutor;Saída de leito carroçável;Sem Vítimas;Plena Noite;Crescente;Nublado;Simples;Reta;Sim;2;0;0;0;2;0;0;1;-14,52592241;-40,37885796;SPRF-BA;DEL08-BA;UOP02-DEL08-BA
593791;13/04/2024;sábado;21:45:00;GO;60;389;RIO VERDE;Ausência de reação do condutor;Saída de leito carroçável;Sem Vítimas;Plena Noite;Decrescente;Chuva;Dupla;Desvio Temporário;Sim;3;0;0;0;3;0;0;1;-17,819;-50,943;SPRF-GO;DEL04-GO;UOP02-DEL04-GO
593792;13/04/2024;sábado;20:10:00;MS;163;484;CAMPO GRANDE;Acessar a via sem observar a presença dos outros veículos;Colisão transversal;Com Vítimas Feridas;Plena Noite;Decrescente;Céu Claro;Simples;"Interseção de Vias;Reta";Sim;3;0;1;0;2;0;1;2;-20,45104898;-54,5403266;SPRF-MS;DEL01-MS;UOP02-DEL01-MS
593793;13/04/2024;sábado;22:00:00;GO;70;0;AGUAS LINDAS DE GOIAS;Ausência de reação do condutor;Queda de ocupante de veículo;Com Vítimas Feridas;Plena Noite;Crescente;Céu Claro;Múltipla;Reta;Não;1;0;0;1;0;0;1;1;-15,783543;-48,2326;SPRF-DF;DEL03-DF;UOP02-DEL03-DF
593795;13/04/2024;sábado;22:40:00;MG;50;75;UBERLANDIA;Pista esburacada;Queda de ocupante de veículo;Com Vítimas Feridas;Plena Noite;Crescente;Céu Claro;Dupla;Reta;Sim;2;0;2;0;0;0;2;1;-18,986906;-48,211853;SPRF-MG;DEL15-MG;UOP01-DEL15-MG
593796;13/04/2024;sábado;22:10:00;MG;381;516,1;IGARAPE;Ingestão de álcool pelo condutor;Saída de leito carroçável;Sem Vítimas;Plena Noite;Decrescente;Céu Claro;Dupla;"Aclive;Reta";Não;1;0;0;0;0;1;0;1;-20,10866993;-44,31488799;SPRF-MG;DEL01-MG;UOP03-DEL01-MG
593797;13/04/2024;sábado;21:30:00;MG;116;762,9;LEOPOLDINA;Entrada inopinada do pedestre;Atropelamento de Pedestre;Com Vítimas Feridas;Plena Noite;Decrescente;Céu Claro;Simples;"Declive;Reta";Sim;4;0;1;1;2;0;2;3;-21,52887723;-42,62360898;SPRF-MG;DEL07-MG;UOP01-DEL07-MG
593799;13/04/2024;sábado;22:30:00;MG;146;477,9;BANDEIRA DO SUL;Desrespeitar a preferência no cruzamento;Colisão transversal;Com Vítimas Feridas;Plena Noite;Decrescente;Céu Claro;Simples;"Curva;Aclive;Interseção de Vias";Não;5;0;3;0;2;0;3;2;-21,74525696;-46,40418118;SPRF-MG;DEL09-MG;UOP01-DEL09-MG
593801;13/04/2024;sábado;22:30:00;PR;277;648;CEU AZUL;Ingestão de álcool pelo condutor;Saída de leito carroçável;Sem Vítimas;Plena Noite;Crescente;Céu Claro;Simples;Reta;Não;2;0;0;0;2;0;0;1;-25,18030737;-53,92161654;SPRF-PR;DEL05-PR;UOP02-DEL05-PR
593802;13/04/2024;sábado;21:30:00;PE;232;62;POMBOS;Reação tardia ou ineficiente do condutor;Tombamento;Com Vítimas Fatais;Plena Noite;Crescente;Céu Claro;Dupla;Aclive;Não;3;1;0;0;2;0;0;2;-8,15598579;-35,42308007;SPRF-PE;DEL02-PE;UOP02-DEL02PE
593803;13/04/2024;sábado;16:00:00;CE;230;58;LAVRAS DA MANGABEIRA;Acessar a via sem observar a presença dos outros veículos;Colisão transversal;Com Vítimas Feridas;Pleno dia;Decrescente;Céu Claro;Simples;Reta;Não;2;0;1;0;1;0;1;2;-6,7604454;-39,11654724;SPRF-CE;DEL05-CE;UOP01-DEL05-CE
593804;13/04/2024;sábado;22:45:00;PR;153;19,2;JACAREZINHO;Animais na Pista;Atropelamento de Animal;Com Vítimas Feridas;Plena Noite;Decrescente;Nublado;Simples;Reta;Não;2;0;2;0;0;0;2;1;-23,15816552;-49,95960461;SPRF-PR;DEL07-PR;UOP04-DEL07-PR
593805;13/04/2024;sábado;23:30:00;PR;277;10;PARANAGUA;Reação tardia ou ineficiente do condutor;Tombamento;Com Vítimas Feridas;Plena Noite;Crescente;Nublado;Dupla;Reta;Não;1;0;1;0;0;0;1;1;-25,568198;-48,615292;SPRF-PR;DEL01-PR;UOP05-DEL01-PR
593806;13/04/2024;sábado;23:30:00;MG;381;502;BETIM;Ausência de reação do condutor;Colisão traseira;Com Vítimas Feridas;Plena Noite;Decrescente;Céu Claro;Dupla;"Reta;Declive";Sim;5;0;3;0;2;0;3;3;-20,01787129;-44,22580719;SPRF-MG;DEL01-MG;UOP03-DEL01-MG