id;data_inversa;dia_semana;horario;uf;br;km;municipio;causa_acidente;tipo_acidente;classificacao_acidente;fase_dia;sentido_via;condicao_metereologica;tipo_pista;tracado_via;uso_solo;pessoas;mortos;feridos_leves;feridos_graves;ilesos;ignorados;feridos;veiculos;latitude;longitude;regional;delegacia;uop
594290;16/04/2024;terça-feira;07:00:00;BA;324;616;SALVADOR;Trafegar com motocicleta (ou similar) entre as faixas;Colisão lateral mesmo sentido;Com Vítimas Feridas;Pleno dia;Crescente;Chuva;Dupla;Reta;Sim;2;0;0;1;1;0;1;2;-12,87957905;-38,43213893;SPRF-BA;DEL01-BA;UOP01-DEL01-BA
594291;16/04/2024;terça-feira;07:48:00;DF;70;2;BRASILIA;Manobra de mudança de faixa;Colisão lateral mesmo sentido;Com Vítimas Feridas;Pleno dia;Decrescente;Céu Claro;Dupla;Reta;Sim;2;0;1;0;1;0;1;2;-15,798048;-48,073235;SPRF-DF;DEL03-DF;UOP02-DEL03-DF
594292;16/04/2024;terça-feira;07:00:00;PR;476;117;COLOMBO;Velocidade Incompatível;Colisão com objeto;Com Vítimas Feridas;Pleno dia;Decrescente;Céu Claro;Simples;Curva;Sim;1;0;1;0;0;0;1;1;-25,348623;-49,175663;SPRF-PR;DEL01-PR;UOP01-DEL01-PR
594293;16/04/2024;terça-feira;07:35:00;PB;101;83;BAYEUX;Ausência de reação do condutor;Colisão traseira;Com Vítimas Feridas;Pleno dia;Crescente;Sol;Dupla;"Viaduto;Reta";Sim;4;0;1;0;3;0;1;3;-7,12823596;-34,93893385;SPRF-PB;DEL01-PB;UOP01-DEL01-PB
594294;16/04/2024;terça-feira;08:20:00;SC;101;203;SAO JOSE;Ausência de reação do condutor;Queda de ocupante de veículo;Com Vítimas Feridas;Pleno dia;Crescente;Chuva;Dupla;Rotatória;Sim;2;0;1;0;1;0;1;2;-27,5650044;-48,61460082;SPRF-SC;DEL01-SC;UOP01-DEL01-SC
594296;16/04/2024;terça-feira;07:00:00;MT;163;750;SORRISO;Pista Escorregadia;Queda de ocupante de veículo;Com Vítimas Feridas;Pleno dia;Decrescente;Nublado;Dupla;Reta;Não;1;0;1;0;0;0;1;1;-12,571405;-55,726753;SPRF-MT;DEL06-MT;UOP01-DEL06-MT
594297;21/03/2024;quinta-feira;02:30:00;RS;116;508,5;PELOTAS;Chuva;Eventos atípicos;Sem Vítimas;Plena Noite;Crescente;Vento;Dupla;Reta;Não;1;0;0;0;1;0;0;1;-31,616018;-52,308135;SPRF-RS;DEL07-RS;UOP01-DEL07-RS
594299;16/04/2024;terça-feira;08:20:00;GO;153;434;ANAPOLIS;Condutor deixou de manter distância do veículo da frente;Tombamento;Com Vítimas Feridas;Pleno dia;Crescente;Céu Claro;Dupla;Reta;Sim;2;0;2;0;0;0;2;1;-16,275604;-48,967766;SPRF-GO;DEL02-GO;UOP01-DEL02-GO
594300;16/04/2024;terça-feira;08:10:00;MG;262;421;IGARATINGA;Demais falhas mecânicas ou elétricas;Incêndio;Sem Vítimas;Pleno dia;Decrescente;Céu Claro;Dupla;Reta;Não;1;0;0;0;1;0;0;1;-19,88573008;-44,72054503;SPRF-MG;DEL08-MG;UOP03-DEL08-MG
594302;16/04/2024;terça-feira;08:05:00;SC;280;51,5;GUARAMIRIM;Condutor deixou de manter distância do veículo da frente;Engavetamento;Com Vítimas Feridas;Pleno dia;Decrescente;Céu Claro;Dupla;"Em Obras;Reta";Não;4;0;1;0;3;0;1;4;-26,46538871;-48,95544449;SPRF-SC;DEL03-SC;UOP03-DEL03-SC
594303;16/04/2024;terça-feira;08:30:00;SC;101;123,1;ITAJAI;Reação tardia ou ineficiente do condutor;Colisão transversal;Com Vítimas Feridas;Pleno dia;Crescente;Chuva;Múltipla;Rotatória;Sim;2;0;1;0;0;1;1;2;-26,93668609;-48,69876905;SPRF-SC;DEL04-SC;UOP04-DEL04-SC
594304;19/03/2024;terça-feira;10:35:00;DF;20;11,4;BRASILIA;Manobra de mudança de faixa;Colisão lateral mesmo sentido;Com Vítimas Feridas;Pleno dia;Crescente;Céu Claro;Dupla;Reta;Sim;2;0;0;1;1;0;1;2;-15,64654;-47,766422;SPRF-DF;DEL02-DF;UOP01-DEL02-DF
594305;16/04/2024;terça-feira;08:45:00;SP;116;222;GUARULHOS;Ausência de reação do condutor;Colisão traseira;Com Vítimas Feridas;Pleno dia;Crescente;Céu Claro;Múltipla;Reta;Sim;2;0;1;0;0;1;1;2;-23,47093408;-46,51631097;SPRF-SP;DEL01-SP;UOP01-DEL01-SP
594306;16/04/2024;terça-feira;08:00:00;RS;285;560,4;SAO LUIZ GONZAGA;Acumulo de água sobre o pavimento;Saída de leito carroçável;Com Vítimas Feridas;Pleno dia;Crescente;Chuva;Simples;Reta;Não;4;0;2;0;2;0;2;1;-28,4186;-54,895786;SPRF-RS;DEL10-RS;UOP01-DEL10-RS
594309;16/04/2024;terça-feira;10:00:00;ES;101;62;SAO MATEUS;Acessar a via sem observar a presença dos outros veículos;Colisão transversal;Com Vítimas Feridas;Pleno dia;Crescente;Sol;Simples;Interseção de Vias;Sim;3;0;1;0;1;1;1;2;-18,69020499;-39,86154403;SPRF-ES;DEL04-ES;UOP02-DEL04-ES
594310;16/04/2024;terça-feira;07:00:00;RO;364;774;PORTO VELHO;Ultrapassagem Indevida;Saída de leito carroçável;Com Vítimas Feridas;Amanhecer;Crescente;Nublado;Simples;Reta;Não;3;0;1;2;0;0;3;1;-9,1630582;-64,20175389;SPRF-RO;DEL01-RO;UOP02-DEL01-RO
594313;16/04/2024;terça-feira;08:30:00;BA;110;374;CATU;Ausência de reação do condutor;Saída de leito carroçável;Com Vítimas Feridas;Pleno dia;Decrescente;Chuva;Simples;"Declive;Curva";Não;1;0;1;0;0;0;1;1;-12,407899;-38,400687;SPRF-BA;DEL01-BA;UOP01-DEL01-BA
594315;16/04/2024;terça-feira;10:40:00;PE;101;70;RECIFE;Acumulo de areia ou detritos sobre o pavimento;Queda de ocupante de veículo;Com Vítimas Feridas;Pleno dia;Crescente;Céu Claro;Dupla;"Interseção de Vias;Curva";Não;1;0;1;0;0;0;1;1;-8,06776119;-34,94265074;SPRF-PE;DEL01-PE;UOP01-DEL01-PE
594318;16/04/2024;terça-feira;08:00:00;RJ;101;312;SAO GONCALO;Reação tardia ou ineficiente do condutor;Colisão traseira;Com Vítimas Feridas;Pleno dia;Crescente;Céu Claro;Dupla;Reta;Sim;3;0;2;0;1;0;2;2;-22,80546555;-43,06156967;SPRF-RJ;DEL02-RJ;UOP02-DEL02-RJ
594320;16/04/2024;terça-feira;10:00:00;RS;116;2;PORTO ALEGRE;Manobra de mudança de faixa;Colisão lateral mesmo sentido;Com Vítimas Feridas;Pleno dia;Decrescente;Garoa/Chuvisco;Dupla;Reta;Sim;2;0;1;0;1;0;1;2;-29,99205173;-51,18549049;SPRF-RS;DEL05-RS;UOP03-DEL05-RS
594323;16/04/2024;terça-feira;11:00:00;MG;50;141,9;UBERABA;Avarias e/ou desgaste excessivo no pneu;Saída de leito carroçável;Com Vítimas Feridas;Pleno dia;Crescente;Céu Claro;Dupla;"Aclive;Reta";Não;2;0;0;2;0;0;2;1;-19,49393401;-48,04798403;SPRF-MG;DEL13-MG;UOP01-DEL13-MG
594326;16/04/2024;terça-feira;10:20:00;GO;20;103,1;FLORES DE GOIAS;Condutor deixou de manter distância do veículo da frente;Colisão lateral mesmo sentido;Com Vítimas Feridas;Pleno dia;Crescente;Céu Claro;Dupla;Reta;Não;2;0;1;0;1;0;1;2;-14,927938;-46,972652;SPRF-DF;DEL02-DF;UOP02-DEL02-DF
594329;16/04/2024;terça-feira;09:35:00;BA;324;519;FEIRA DE SANTANA;Acesso irregular;Colisão lateral mesmo sentido;Com Vítimas Feridas;Pleno dia;Decrescente;Nublado;Dupla;"Viaduto;Reta";Sim;1;0;1;0;0;0;1;1;-12,26687642;-38,93349875;SPRF-BA;DEL02-BA;UOP01-DEL02-BA
594331;16/04/2024;terça-feira;11:30:00;MG;40;524;CONTAGEM;Ingestão de álcool pelo condutor;Colisão lateral mesmo sentido;Sem Vítimas;Pleno dia;Crescente;Céu Claro;Dupla;"Retorno Regulamentado;Reta;Interseção de Vias";Sim;3;0;0;0;3;0;0;2;-19,8754469;-44,05345586;SPRF-MG;DEL01-MG;UOP02-DEL01-MG
594333;24/02/2024;sábado;12:00:00;PI;316;415;MARCOLANDIA;Condutor deixou de manter distância do veículo da frente;Colisão traseira;Com Vítimas Feridas;Pleno dia;Decrescente;Céu Claro;Simples;Reta;Sim;3;0;1;0;2;0;1;2;-7,43280012;-40,68261908;SPRF-PI;DEL04-PI;UOP03-DEL04-PI
594334;16/04/2024;terça-feira;11:00:00;DF;20;21;BRASILIA;Condutor deixou de manter distância do veículo da frente;Colisão traseira;Com Vítimas Feridas;Pleno dia;Crescente;Sol;Dupla;Reta;Sim;2;0;1;0;1;0;1;2;-15,603384;-47,684692;SPRF-DF;DEL02-DF;UOP01-DEL02-DF
594335;18/03/2024;segunda-feira;17:00:00;SP;116;166,3;JACAREI;Manobra de mudança de faixa;Colisão lateral mesmo sentido;Com Vítimas Feridas;Pleno dia;Decrescente;Nublado;Múltipla;"Declive;Curva";Sim;2;0;1;0;1;0;1;2;-23,30055667;-46,01686506;SPRF-SP;DEL02-SP;UOP01-DEL02-SP
594336;16/04/2024;terça-feira;07:30:00;PR;163;180;SANTA TEREZA DO OESTE;Condutor Dormindo;Saída de leito carroçável;Com Vítimas Feridas;Amanhecer;Crescente;Garoa/Chuvisco;Dupla;"Curva;Aclive";Não;2;0;1;0;1;0;1;1;-25,17526492;-53,60316959;SPRF-PR;DEL05-PR;UOP05-DEL05-PR
594337;16/04/2024;terça-feira;05:00:00;BA;135;169;BARREIRAS;Reação tardia ou ineficiente do condutor;Colisão frontal;Com Vítimas Feridas;Amanhecer;Crescente;Céu Claro;Dupla;Reta;Não;3;0;2;1;0;0;3;2;-12,081188;-44,96973301;SPRF-BA;DEL08-BA;N/A
594339;16/04/2024;terça-feira;09:55:00;MG;356;278,8;EUGENOPOLIS;Ausência de reação do condutor;Saída de leito carroçável;Com Vítimas Feridas;Pleno dia;Decrescente;Sol;Simples;Curva;Sim;2;0;2;0;0;0;2;1;-21,12646716;-42,26316902;SPRF-MG;DEL07-MG;UOP02-DEL07-MG
594340;16/04/2024;terça-feira;12:45:00;MG;50;140;UBERABA;Condutor Dormindo;Saída de leito carroçável;Com Vítimas Feridas;Pleno dia;Decrescente;Céu Claro;Dupla;Reta;Não;1;0;1;0;0;0;1;1;-19,480272;-48,052273;SPRF-MG;DEL13-MG;UOP01-DEL13-MG
594341;16/04/2024;terça-feira;07:15:00;SC;153;99;CONCORDIA;Condutor deixou de manter distância do veículo da frente;Colisão traseira;Com Vítimas Feridas;Pleno dia;Crescente;Chuva;Simples;Curva;Não;2;0;1;0;1;0;1;2;-27,235508;-51,951069;SPRF-SC;DEL07-SC;UOP04-DEL07-SC
594342;12/04/2024;sexta-feira;10:00:00;SC;280;93;CORUPA;Reação tardia ou ineficiente do condutor;Saída de leito carroçável;Com Vítimas Feridas;Pleno dia;Decrescente;Chuva;Simples;"Aclive;Curva";Não;2;0;1;0;1;0;1;1;-26,39962904;-49,29783103;SPRF-SC;DEL06-SC;UOP03-DEL06-SC
594345;16/04/2024;terça-feira;10:00:00;RJ;101;451;MANGARATIBA;Reação tardia ou ineficiente do condutor;Colisão lateral mesmo sentido;Com Vítimas Feridas;Pleno dia;Crescente;Céu Claro;Dupla;"Curva;Aclive";Sim;2;0;1;0;0;1;1;2;-23,02634366;-44,1250205;SPRF-RJ;DEL03-RJ;UOP02-DEL03-RJ
594346;02/04/2024;terça-feira;03:50:00;GO;364;8;SAO SIMAO;Ausência de reação do condutor;Colisão com objeto;Com Vítimas Feridas;Plena Noite;Crescente;Chuva;Simples;Reta;Sim;1;0;1;0;0;0;1;1;-19,00415;-50,555191;SPRF-GO;DEL05-GO;UOP02-DEL05-GO
594347;16/04/2024;terça-feira;13:35:00;PR;277;661;MATELANDIA;Condutor deixou de manter distância do veículo da frente;Colisão traseira;Com Vítimas Feridas;Pleno dia;Decrescente;Céu Claro;Dupla;Reta;Não;3;0;1;0;2;0;1;2;-25,25275526;-53,99939905;SPRF-PR;DEL05-PR;UOP02-DEL05-PR
594348;12/04/2024;sexta-feira;14:50:00;MG;381;456;BELO HORIZONTE;Trafegar com motocicleta (ou similar) entre as faixas;Colisão lateral mesmo sentido;Com Vítimas Feridas;Pleno dia;Decrescente;Céu Claro;Dupla;Reta;Sim;3;0;3;0;0;0;3;2;-19,85862954;-43,91292495;SPRF-MG;DEL01-MG;UOP01-DEL01-MG
594350;16/04/2024;terça-feira;10:40:00;PI;343;229,5;COCAL DE TELHA;Acessar a via sem observar a presença dos outros veículos;Colisão lateral mesmo sentido;Com Vítimas Feridas;Pleno dia;Decrescente;Céu Claro;Simples;Reta;Não;3;0;2;0;1;0;2;2;-4,60338203;-41,98756921;SPRF-PI;DEL01-PI;UOP03-DEL01-PI
594351;14/03/2024;quinta-feira;18:45:00;RS;116;360;TAPES;Objeto estático sobre o leito carroçável;Colisão com objeto;Sem Vítimas;Plena Noite;Crescente;Céu Claro;Simples;Reta;Não;2;0;0;0;2;0;0;1;-30,63994236;-51,55691954;SPRF-RS;DEL02-RS;UOP02-DEL02-RS
594352;16/04/2024;terça-feira;11:30:00;MT;174;260;PONTES E LACERDA;Acessar a via sem observar a presença dos outros veículos;Colisão transversal;Com Vítimas Feridas;Pleno dia;Decrescente;Chuva;Simples;Reta;Não;4;0;3;0;1;0;3;2;-15,42317224;-59,12597719;SPRF-MT;DEL04-MT;UOP01-DEL04-MT
594353;16/04/2024;terça-feira;13:15:00;RS;392;108;CANGUCU;Mal súbito do condutor;Saída de leito carroçável;Com Vítimas Feridas;Pleno dia;Crescente;Chuva;Simples;Reta;Não;2;0;1;0;1;0;1;1;-31,47814089;-52,62386287;SPRF-RS;DEL07-RS;UOP01-DEL07-RS
594354;16/04/2024;terça-feira;11:50:00;RN;226;107,5;SANTA CRUZ;Demais falhas mecânicas ou elétricas;Incêndio;Sem Vítimas;Pleno dia;Crescente;Nublado;Simples;Declive;Não;1;0;0;0;1;0;0;1;-6,2449684;-35,98651488;SPRF-RN;DEL03-RN;UOP02-DEL03-RN
594356;16/04/2024;terça-feira;15:00:00;CE;116;189,9;LIMOEIRO DO NORTE;Acessar a via sem observar a presença dos outros veículos;Colisão transversal;Com Vítimas Feridas;Pleno dia;Decrescente;Céu Claro;Simples;Interseção de Vias;Não;5;0;1;0;4;0;1;2;-5,12014658;-38,14685756;SPRF-CE;DEL03-CE;UOP01-DEL03-CE
594357;16/04/2024;terça-feira;15:50:00;BA;116;422;FEIRA DE SANTANA;Animais na Pista;Atropelamento de Animal;Com Vítimas Feridas;Pleno dia;Crescente;Céu Claro;Múltipla;"Interseção de Vias;Reta";Sim;1;0;1;0;0;0;1;1;-12,23112399;-38,96794796;SPRF-BA;DEL02-BA;UOP01-DEL02-BA
594361;16/04/2024;terça-feira;16:30:00;ES;101;304,6;VIANA;Ausência de reação do condutor;Colisão traseira;Com Vítimas Feridas;Pleno dia;Decrescente;Nublado;Dupla;Reta;Sim;2;0;0;1;1;0;1;2;-20,3800645;-40,45431391;SPRF-ES;DEL01-ES;UOP01-DEL01-ES
594362;16/04/2024;terça-feira;13:20:00;RJ;116;169;RIO DE JANEIRO;Condutor Dormindo;Saída de leito carroçável;Com Vítimas Feridas;Pleno dia;Decrescente;Céu Claro;Dupla;Reta;Sim;1;0;1;0;0;0;1;1;-22,816206;-43,324463;SPRF-RJ;DEL06-RJ;UOP01-DEL06-RJ
594366;16/04/2024;terça-feira;13:00:00;RO;364;424,4;JARU;Ausência de reação do condutor;Colisão lateral mesmo sentido;Com Vítimas Feridas;Pleno dia;Decrescente;Céu Claro;Dupla;Reta;Sim;2;0;1;0;0;1;1;2;-10,44457274;-62,46568412;SPRF-RO;DEL03-RO;UOP02-DEL03-RO
594367;16/04/2024;terça-feira;16:30:00;RS;116;251,5;SAPUCAIA DO SUL;Ausência de reação do condutor;Saída de leito carroçável;Com Vítimas Feridas;Pleno dia;Decrescente;Chuva;Dupla;"Aclive;Reta";Sim;1;0;1;0;0;0;1;1;-29,80170527;-51,16552615;SPRF-RS;DEL01-RS;UOP02-DEL01-RS
594369;16/04/2024;terça-feira;12:30:00;RS;472;575;URUGUAIANA;Acessar a via sem observar a presença dos outros veículos;Colisão transversal;Com Vítimas Fatais;Pleno dia;Decrescente;Céu Claro;Simples;Curva;Sim;2;1;0;0;1;0;0;2;-29,763134;-57,055115;SPRF-RS;DEL13-RS;UOP01-DEL13-RS
594370;16/04/2024;terça-feira;16:30:00;SC;282;47,1;AGUAS MORNAS;Ultrapassagem Indevida;Colisão lateral sentido oposto;Com Vítimas Feridas;Anoitecer;Crescente;Chuva;Simples;Reta;Não;3;0;2;0;1;0;2;2;-27,721771;-48,934837;SPRF-SC;DEL01-SC;UOP03-DEL01-SC
594371;16/04/2024;terça-feira;17:00:00;ES;262;52,2;MARECHAL FLORIANO;Acessar a via sem observar a presença dos outros veículos;Colisão transversal;Com Vítimas Fatais;Pleno dia;Crescente;Nublado;Simples;Reta;Sim;7;1;4;1;1;0;5;3;-20,41363499;-40,723665;SPRF-ES;DEL01-ES;UOP01-DEL01-ES
594373;16/04/2024;terça-feira;17:10:00;ES;101;297,5;VIANA;Reação tardia ou ineficiente do condutor;Colisão lateral sentido oposto;Com Vítimas Feridas;Anoitecer;Decrescente;Nublado;Dupla;Reta;Sim;2;0;1;0;1;0;1;2;-20,35037084;-40,41270375;SPRF-ES;DEL01-ES;UOP01-DEL01-ES
594374;16/04/2024;terça-feira;16:05:00;GO;153;509;APARECIDA DE GOIANIA;Animais na Pista;Atropelamento de Animal;Com Vítimas Feridas;Pleno dia;Decrescente;Céu Claro;Dupla;"Declive;Reta";Não;1;0;0;1;0;0;1;1;-16,7888;-49,2379;SPRF-GO;DEL01-GO;UOP03-DEL01-GO
594376;16/04/2024;terça-feira;16:50:00;PR;272;552;TERRA ROXA;Desrespeitar a preferência no cruzamento;Colisão transversal;Sem Vítimas;Pleno dia;Crescente;Garoa/Chuvisco;Simples;"Interseção de Vias;Reta";Não;4;0;0;0;4;0;0;2;-24,08463175;-54,07708305;SPRF-PR;DEL06-PR;UOP01-DEL06-PR
594377;16/04/2024;terça-feira;17:15:00;TO;153;123;WANDERLANDIA;Demais falhas mecânicas ou elétricas;Queda de ocupante de veículo;Com Vítimas Feridas;Pleno dia;Crescente;Céu Claro;Simples;Reta;Não;1;0;1;0;0;0;1;1;-7,06272688;-48,11708226;SPRF-TO;DEL02-TO;UOP01-DEL02-TO
594378;16/04/2024;terça-feira;17:00:00;SC;101;114;ITAJAI;Ausência de reação do condutor;Queda de ocupante de veículo;Com Vítimas Feridas;Pleno dia;Crescente;Chuva;Dupla;Reta;Não;2;0;0;1;0;1;1;2;-26,86192886;-48,7286704;SPRF-SC;DEL04-SC;UOP04-DEL04-SC
594379;16/04/2024;terça-feira;16:40:00;SC;101;106;PENHA;Reação tardia ou ineficiente do condutor;Saída de leito carroçável;Com Vítimas Feridas;Pleno dia;Crescente;Chuva;Simples;Reta;Não;1;0;1;0;0;0;1;1;-26,81053181;-48,68331671;SPRF-SC;DEL03-SC;UOP02-DEL03-SC
594380;16/04/2024;terça-feira;18:07:00;MG;381;487;BETIM;Ausência de reação do condutor;Colisão traseira;Com Vítimas Feridas;Anoitecer;Crescente;Céu Claro;Dupla;"Declive;Curva";Sim;3;0;1;0;2;0;1;2;-19,95586853;-44,14609501;SPRF-MG;DEL01-MG;UOP03-DEL01-MG
594381;16/04/2024;terça-feira;18:10:00;RN;304;47,8;MOSSORO;Acostamento em desnível;Tombamento;Com Vítimas Feridas;Plena Noite;Decrescente;Nublado;Simples;Reta;Sim;2;0;0;1;1;0;1;1;-5,22868577;-37,32203081;SPRF-RN;DEL04-RN;UOP01-DEL04-RN
594383;16/04/2024;terça-feira;17:45:00;SP;153;64;SAO JOSE DO RIO PRETO;Ausência de reação do condutor;Tombamento;Com Vítimas Feridas;Anoitecer;Crescente;Céu Claro;Dupla;"Declive;Curva";Sim;1;0;1;0;0;0;1;1;-20,82919401;-49,36046325;SPRF-SP;DEL09-SP;UOP01-DEL09-SP
594384;16/04/2024;terça-feira;10:30:00;PE;101;174,4;JOAQUIM NABUCO;Acumulo de água sobre o pavimento;Saída de leito carroçável;Com Vítimas Feridas;Pleno dia;Decrescente;Chuva;Múltipla;Reta;Não;1;0;1;0;0;0;1;1;-8,59769309;-35,52838291;SPRF-PE;DEL01-PE;UOP03-DEL01-PE
594385;16/04/2024;terça-feira;17:40:00;BA;324;616;SALVADOR;Reação tardia ou ineficiente do condutor;Colisão traseira;Com Vítimas Feridas;Plena Noite;Decrescente;Nublado;Múltipla;Reta;Sim;4;0;2;0;2;0;2;2;-12,87957905;-38,43213893;SPRF-BA;DEL01-BA;UOP01-DEL01-BA
594386;16/04/2024;terça-feira;18:00:00;RN;101;103;PARNAMIRIM;Chuva;Tombamento;Com Vítimas Feridas;Plena Noite;Crescente;Garoa/Chuvisco;Dupla;Reta;Não;1;0;1;0;0;0;1;1;-5,89034022;-35,24894996;SPRF-RN;DEL01-RN;UOP01-DEL01-RN
594387;16/04/2024;terça-feira;17:30:00;RS;287;330,2;SAO VICENTE DO SUL;Reação tardia ou ineficiente do condutor;Colisão frontal;Sem Vítimas;Pleno dia;Crescente;Nublado;Simples;"Interseção de Vias;Curva";Não;3;0;0;0;3;0;0;2;-29,68456936;-54,66546308;SPRF-RS;DEL12-RS;UOP02-DEL12-RS
594388;16/04/2024;terça-feira;18:40:00;GO;60;183;ABADIA DE GOIAS;Velocidade Incompatível;Colisão traseira;Com Vítimas Feridas;Plena Noite;Crescente;Céu Claro;Dupla;Reta;Não;4;0;1;1;0;2;2;3;-16,7848;-49,4946;SPRF-GO;DEL01-GO;UOP02-DEL01-GO
594389;16/04/2024;terça-feira;19:00:00;SP;116;224;GUARULHOS;Reação tardia ou ineficiente do condutor;Colisão com objeto;Com Vítimas Feridas;Plena Noite;Crescente;Garoa/Chuvisco;Múltipla;"Reta;Em Obras";Sim;1;0;1;0;0;0;1;1;-23,48071896;-46,53271603;SPRF-SP;DEL01-SP;UOP01-DEL01-SP
594390;16/04/2024;terça-feira;15:40:00;RJ;101;319;SAO GONCALO;Manobra de mudança de faixa;Colisão traseira;Com Vítimas Feridas;Pleno dia;Crescente;Céu Claro;Dupla;"Em Obras;Reta";Sim;2;0;1;0;1;0;1;2;-22,85411774;-43,1018014;SPRF-RJ;DEL02-RJ;UOP02-DEL02-RJ
594392;16/04/2024;terça-feira;18:30:00;PR;277;16,5;PARANAGUA;Ausência de reação do condutor;Colisão transversal;Com Vítimas Feridas;Pleno dia;Crescente;Chuva;Dupla;Reta;Não;6;0;0;1;5;0;1;2;-25,56147568;-48,6441859;SPRF-PR;DEL01-PR;UOP05-DEL01-PR
594393;16/04/2024;terça-feira;17:55:00;MG;116;702,2;MURIAE;Condutor deixou de manter distância do veículo da frente;Colisão traseira;Com Vítimas Feridas;Plena Noite;Crescente;Nublado;Simples;Interseção de Vias;Sim;2;0;1;0;1;0;1;2;-21,12477707;-42,38126278;SPRF-MG;DEL07-MG;UOP02-DEL07-MG
594394;16/04/2024;terça-feira;18:30:00;SC;101;122,7;ITAJAI;Reação tardia ou ineficiente do condutor;Tombamento;Com Vítimas Feridas;Anoitecer;Crescente;Chuva;Dupla;Reta;Sim;1;0;1;0;0;0;1;1;-26,92955916;-48,70499836;SPRF-SC;DEL04-SC;UOP04-DEL04-SC
594395;16/04/2024;terça-feira;19:00:00;SP;101;51,6;UBATUBA;Acessar a via sem observar a presença dos outros veículos;Colisão transversal;Com Vítimas Feridas;Plena Noite;Crescente;Nublado;Simples;Reta;Sim;3;0;2;0;0;1;2;2;-23,45995915;-45,06737709;SPRF-SP;DEL06-SP;UOP01-DEL06-SP
594396;16/04/2024;terça-feira;18:59:00;CE;222;4,7;CAUCAIA;Entrada inopinada do pedestre;Atropelamento de Pedestre;Com Vítimas Feridas;Plena Noite;Decrescente;Chuva;Múltipla;Reta;Sim;2;0;0;1;1;0;1;2;-3,7403769;-38,59569202;SPRF-CE;DEL01-CE;UOP01-DEL01-CE
594397;16/04/2024;terça-feira;18:50:00;MG;381;442;SABARA;Retorno proibido;Colisão transversal;Com Vítimas Feridas;Plena Noite;Crescente;Céu Claro;Simples;"Curva;Aclive";Sim;3;0;1;1;1;0;2;2;-19,8183901;-43,81131985;SPRF-MG;DEL01-MG;UOP01-DEL01-MG
594398;16/04/2024;terça-feira;18:45:00;BA;242;858;BARREIRAS;Transitar na contramão;Colisão lateral sentido oposto;Com Vítimas Feridas;Plena Noite;Crescente;Nublado;Simples;Reta;Não;6;0;1;0;5;0;1;2;-12,09870003;-45,361021;SPRF-BA;DEL10-BA;UOP01-DEL10-BA
594399;16/04/2024;terça-feira;15:20:00;SC;101;406;ARARANGUA;Chuva;Saída de leito carroçável;Com Vítimas Feridas;Pleno dia;Decrescente;Chuva;Dupla;Reta;Não;2;0;1;0;1;0;1;1;-28,89284011;-49,46880088;SPRF-SC;DEL02-SC;UOP02-DEL02-SC
594400;16/04/2024;terça-feira;19:00:00;CE;20;390;CAUCAIA;Demais falhas na via;Capotamento;Com Vítimas Feridas;Plena Noite;Decrescente;Chuva;Simples;Reta;Não;3;0;0;1;2;0;1;1;-3,849037;-38,779447;SPRF-CE;DEL01-CE;UOP01-DEL01-CE
594401;16/04/2024;terça-feira;19:00:00;BA;101;878;TEIXEIRA DE FREITAS;Acessar a via sem observar a presença dos outros veículos;Colisão transversal;Com Vítimas Feridas;Plena Noite;Crescente;Céu Claro;Simples;Reta;Sim;2;0;1;0;1;0;1;2;-17,547297;-39,719507;SPRF-BA;DEL09-BA;UOP02-DEL09-BA
594402;16/04/2024;terça-feira;18:46:00;RJ;116;248,2;PIRAI;Entrada inopinada do pedestre;Atropelamento de Pedestre;Com Vítimas Feridas;Plena Noite;Decrescente;Céu Claro;Dupla;Reta;Sim;2;0;1;0;1;0;1;2;-22,59976123;-43,94042912;SPRF-RJ;DEL07-RJ;UOP01-DEL07-RJ
594403;16/04/2024;terça-feira;18:55:00;GO;414;429,6;ABADIANIA;Pedestre - Ingestão de álcool/ substâncias psicoativas;Atropelamento de Pedestre;Com Vítimas Feridas;Plena Noite;Crescente;Nublado;Simples;Reta;Não;3;0;0;1;0;2;1;2;-16,1952683;-48,9078;SPRF-GO;DEL02-GO;UOP01-DEL02-GO
594404;16/04/2024;terça-feira;09:30:00;PA;230;117;MARABA;Reação tardia ou ineficiente do condutor;Colisão traseira;Com Vítimas Feridas;Pleno dia;Crescente;Nublado;Dupla;Aclive;Sim;3;0;2;0;1;0;2;2;-5,35569904;-49,09047302;SPRF-PA;DEL03-PA;UOP01-DEL03-PA
594405;16/04/2024;terça-feira;18:00:00;PR;116;39;CAMPINA GRANDE DO SUL;Velocidade Incompatível;Colisão com objeto;Com Vítimas Fatais;Anoitecer;Crescente;Chuva;Dupla;Curva;Não;1;1;0;0;0;0;0;1;-25,156168;-48,8613401;SPRF-PR;DEL01-PR;UOP02-DEL01-PR
594407;16/04/2024;terça-feira;19:40:00;DF;40;3;BRASILIA;Condutor deixou de manter distância do veículo da frente;Colisão traseira;Com Vítimas Feridas;Plena Noite;Crescente;Céu Claro;Dupla;Reta;Não;2;0;2;0;0;0;2;2;-16,003145;-47,983944;SPRF-DF;DEL01-DF;UOP01-DEL01-DF