id;data_inversa;dia_semana;horario;uf;br;km;municipio;causa_acidente;tipo_acidente;classificacao_acidente;fase_dia;sentido_via;condicao_metereologica;tipo_pista;tracado_via;uso_solo;pessoas;mortos;feridos_leves;feridos_graves;ilesos;ignorados;feridos;veiculos;latitude;longitude;regional;delegacia;uop
594408;16/04/2024;terça-feira;16:45:00;RS;470;218,9;BENTO GONCALVES;Reação tardia ou ineficiente do condutor;Saída de leito carroçável;Com Vítimas Feridas;Pleno dia;Decrescente;Chuva;Simples;"Aclive;Curva";Não;2;0;1;0;1;0;1;1;-29,18786999;-51,52157849;SPRF-RS;DEL06-RS;UOP01-DEL06-RS
594410;16/04/2024;terça-feira;16:35:00;SC;101;336;TUBARAO;Acessar a via sem observar a presença dos outros veículos;Colisão traseira;Com Vítimas Feridas;Pleno dia;Decrescente;Chuva;Simples;"Interseção de Vias;Rotatória;Viaduto;Curva";Sim;2;0;1;0;0;1;1;2;-28,47311347;-49,02437375;SPRF-SC;DEL02-SC;UOP01-DEL02-SC
594412;16/04/2024;terça-feira;19:20:00;AL;104;92,5;RIO LARGO;Ingestão de álcool pelo condutor;Colisão transversal;Sem Vítimas;Plena Noite;Crescente;Céu Claro;Dupla;Reta;Sim;3;0;0;0;3;0;0;3;-9,51818474;-35,80329441;SPRF-AL;DEL01-AL;UOP01-DEL01-AL
594413;16/04/2024;terça-feira;20:00:00;RJ;116;182;NOVA IGUACU;Acessar a via sem observar a presença dos outros veículos;Colisão lateral mesmo sentido;Com Vítimas Feridas;Pleno dia;Crescente;Céu Claro;Simples;Reta;Não;2;0;1;0;1;0;1;2;-22,7567755;-43,43107234;SPRF-RJ;DEL06-RJ;UOP01-DEL06-RJ
594414;16/04/2024;terça-feira;19:30:00;PR;376;617;SAO JOSE DOS PINHAIS;Reação tardia ou ineficiente do condutor;Colisão traseira;Com Vítimas Feridas;Plena Noite;Crescente;Garoa/Chuvisco;Múltipla;"Reta;Declive";Sim;2;0;1;0;1;0;1;2;-25,58426494;-49,17618795;SPRF-PR;DEL01-PR;UOP04-DEL01-PR
594415;16/04/2024;terça-feira;20:10:00;BA;101;228;SAPEACU;Pedestre - Ingestão de álcool/ substâncias psicoativas;Atropelamento de Pedestre;Com Vítimas Fatais;Plena Noite;Crescente;Chuva;Simples;Reta;Sim;3;1;0;0;2;0;0;2;-12,81758597;-39,20011274;SPRF-BA;DEL01-BA;UOP02-DEL01-BA
594416;16/04/2024;terça-feira;19:50:00;RN;101;6,1;TOUROS;Condutor deixou de manter distância do veículo da frente;Colisão lateral mesmo sentido;Sem Vítimas;Plena Noite;Decrescente;Céu Claro;Simples;"Reta;Interseção de Vias";Não;2;0;0;0;2;0;0;2;-5,20317589;-35,49684492;SPRF-RN;DEL02-RN;UOP01-DEL02-RN
594417;16/04/2024;terça-feira;19:30:00;RO;364;716;PORTO VELHO;Frear bruscamente;Colisão traseira;Com Vítimas Feridas;Plena Noite;Decrescente;Céu Claro;Dupla;"Declive;Reta";Sim;2;0;1;0;0;1;1;2;-8,78573785;-63,89817015;SPRF-RO;DEL01-RO;UOP01-DEL01-RO
594418;16/04/2024;terça-feira;19:30:00;SC;282;578,1;PINHALZINHO;Desrespeitar a preferência no cruzamento;Colisão transversal;Com Vítimas Feridas;Plena Noite;Decrescente;Garoa/Chuvisco;Simples;Rotatória;Sim;2;0;1;0;1;0;1;2;-26,85245524;-52,98030138;SPRF-SC;DEL07-SC;UOP02-DEL07-SC
594419;16/04/2024;terça-feira;19:00:00;GO;60;71;ABADIANIA;Reação tardia ou ineficiente do condutor;Colisão traseira;Com Vítimas Feridas;Plena Noite;Crescente;Céu Claro;Dupla;Reta;Não;2;0;1;0;1;0;1;2;-16,2551;-48,7628;SPRF-GO;DEL02-GO;UOP01-DEL02-GO
594420;16/04/2024;terça-feira;20:30:00;PR;369;174,9;ROLANDIA;Acessar a via sem observar a presença dos outros veículos;Colisão lateral mesmo sentido;Com Vítimas Feridas;Plena Noite;Decrescente;Céu Claro;Simples;Reta;Não;2;0;0;1;1;0;1;2;-23,321559;-51,382547;SPRF-PR;DEL07-PR;UOP01-DEL07-PR
594421;16/04/2024;terça-feira;20:20:00;SC;280;22,4;ARAQUARI;Ausência de reação do condutor;Colisão lateral mesmo sentido;Com Vítimas Feridas;Plena Noite;Decrescente;Garoa/Chuvisco;Simples;Reta;Sim;3;0;2;0;1;0;2;3;-26,37092616;-48,70204099;SPRF-SC;DEL03-SC;UOP03-DEL03-SC
594422;16/04/2024;terça-feira;21:00:00;MG;40;525;CONTAGEM;Reação tardia ou ineficiente do condutor;Colisão com objeto;Com Vítimas Feridas;Plena Noite;Decrescente;Céu Claro;Dupla;Reta;Sim;1;0;1;0;0;0;1;1;-19,88361702;-44,05039336;SPRF-MG;DEL01-MG;UOP02-DEL01-MG
594424;16/04/2024;terça-feira;18:40:00;MT;163;840;SINOP;Ausência de reação do condutor;Colisão traseira;Com Vítimas Feridas;Plena Noite;Crescente;Céu Claro;Simples;Reta;Sim;3;0;3;0;0;0;3;2;-11,81207584;-55,48241615;SPRF-MT;DEL06-MT;UOP02-DEL06-MT
594425;16/04/2024;terça-feira;21:51:00;PR;277;29;MORRETES;Desrespeitar a preferência no cruzamento;Colisão transversal;Com Vítimas Feridas;Plena Noite;Crescente;Chuva;Simples;"Viaduto;Interseção de Vias";Não;3;0;2;0;0;1;2;3;-25,52874613;-48,73512603;SPRF-PR;DEL01-PR;UOP05-DEL01-PR
594429;16/04/2024;terça-feira;20:45:00;PE;232;411;SERRA TALHADA;Acessar a via sem observar a presença dos outros veículos;Colisão transversal;Com Vítimas Feridas;Plena Noite;Crescente;Céu Claro;Simples;Reta;Sim;4;0;0;4;0;0;4;2;-7,97976163;-38,31087404;SPRF-PE;DEL04-PE;UOP01-DEL04-PE
594430;16/04/2024;terça-feira;22:55:00;SE;101;2,5;ARACAJU;Retorno proibido;Colisão transversal;Com Vítimas Feridas;Plena Noite;Decrescente;Céu Claro;Simples;Reta;Sim;2;0;1;0;1;0;1;2;-10,907437;-37,095112;SPRF-SE;DEL02-SE;UOP02-DEL02-SE
594431;16/04/2024;terça-feira;20:30:00;PR;369;467;CORBELIA;Ausência de reação do condutor;Saída de leito carroçável;Com Vítimas Feridas;Plena Noite;Decrescente;Chuva;Simples;Reta;Não;1;0;1;0;0;0;1;1;-24,66979;-53,22232;SPRF-PR;DEL04-PR;UOP03-DEL04-PR
594432;16/04/2024;terça-feira;19:30:00;RS;392;116;CANGUCU;Ingestão de álcool pelo condutor;Colisão traseira;Sem Vítimas;Plena Noite;Decrescente;Céu Claro;Simples;"Curva;Declive";Não;2;0;0;0;2;0;0;2;-31,41716683;-52,66667892;SPRF-RS;DEL07-RS;UOP01-DEL07-RS
594433;16/04/2024;terça-feira;23:00:00;PA;10;50,5;SANTA IZABEL DO PARA;Ausência de reação do condutor;Saída de leito carroçável;Com Vítimas Feridas;Plena Noite;Decrescente;Céu Claro;Dupla;Curva;Não;1;0;1;0;0;0;1;1;-1,306765;-48,039771;SPRF-PA;DEL02-PA;UOP02-DEL02-PA
594434;16/04/2024;terça-feira;19:50:00;RJ;101;61;CAMPOS DOS GOYTACAZES;Reação tardia ou ineficiente do condutor;Colisão transversal;Com Vítimas Feridas;Plena Noite;Decrescente;Céu Claro;Simples;"Reta;Interseção de Vias";Sim;2;0;0;1;1;0;1;2;-21,72655788;-41,32133519;SPRF-RJ;DEL08-RJ;UOP01-DEL08-RJ
594435;16/04/2024;terça-feira;23:20:00;RN;304;35;MOSSORO;Ingestão de álcool pelo condutor;Queda de ocupante de veículo;Com Vítimas Feridas;Plena Noite;Decrescente;Céu Claro;Dupla;Rotatória;Sim;2;0;2;0;0;0;2;1;-5,1658095;-37,35096216;SPRF-RN;DEL04-RN;UOP02-DEL04-RN
594438;16/04/2024;terça-feira;21:41:00;AC;364;120;RIO BRANCO;Animais na Pista;Atropelamento de Animal;Com Vítimas Feridas;Plena Noite;Decrescente;Céu Claro;Dupla;Reta;Não;2;0;2;0;0;0;2;1;-10,01226643;-67,75533501;SPRF-AC;DEL01-AC;UOP01-DEL01-AC
594439;16/04/2024;terça-feira;23:20:00;PR;373;174;PONTA GROSSA;Ausência de reação do condutor;Colisão transversal;Com Vítimas Feridas;Plena Noite;Crescente;Céu Claro;Dupla;"Retorno Regulamentado;Reta;Interseção de Vias";Sim;2;0;1;0;1;0;1;2;-25,07594908;-50,20995715;SPRF-PR;DEL03-PR;UOP01-DEL03-PR
594440;16/04/2024;terça-feira;23:50:00;PR;277;704;SAO MIGUEL DO IGUACU;Reação tardia ou ineficiente do condutor;Saída de leito carroçável;Com Vítimas Feridas;Plena Noite;Crescente;Céu Claro;Dupla;Reta;Não;1;0;1;0;0;0;1;1;-25,42529621;-54,36142389;SPRF-PR;DEL05-PR;UOP01-DEL05-PR
594442;17/04/2024;quarta-feira;00:27:00;DF;20;46;BRASILIA;Reação tardia ou ineficiente do condutor;Saída de leito carroçável;Com Vítimas Feridas;Plena Noite;Crescente;Céu Claro;Dupla;"Curva;Declive";Não;1;0;1;0;0;0;1;1;-15,580584;-47,458492;SPRF-DF;DEL02-DF;UOP01-DEL02-DF
594443;16/04/2024;terça-feira;23:20:00;GO;452;24,5;RIO VERDE;Pedestre andava na pista;Atropelamento de Pedestre;Com Vítimas Fatais;Plena Noite;Crescente;Nublado;Simples;Aclive;Não;2;1;0;0;0;1;0;2;-17,88129763;-50,69837389;SPRF-GO;DEL04-GO;UOP01-DEL04-GO
594444;16/04/2024;terça-feira;23:55:00;SC;280;83;CORUPA;Suicídio (presumido);Queda de ocupante de veículo;Sem Vítimas;Plena Noite;Decrescente;Garoa/Chuvisco;Simples;Rotatória;Não;1;0;0;0;1;0;0;1;-26,43533708;-49,24541652;SPRF-SC;DEL06-SC;UOP03-DEL06-SC
594446;16/04/2024;terça-feira;18:40:00;PI;343;340,8;TERESINA;Condutor deixou de manter distância do veículo da frente;Colisão traseira;Com Vítimas Feridas;Plena Noite;Decrescente;Céu Claro;Múltipla;Retorno Regulamentado;Sim;2;0;1;0;1;0;1;2;-5,074137;-42,73629;SPRF-PI;DEL01-PI;UOP01-DEL01-PI
594447;17/04/2024;quarta-feira;01:50:00;SC;470;57,6;BLUMENAU;Ausência de reação do condutor;Saída de leito carroçável;Sem Vítimas;Plena Noite;Decrescente;Garoa/Chuvisco;Simples;"Desvio Temporário;Em Obras";Sim;1;0;0;0;1;0;0;1;-26,88340413;-49,14324045;SPRF-SC;DEL04-SC;UOP01-DEL04-SC
594448;16/04/2024;terça-feira;20:20:00;SC;282;313;VARGEM;Acumulo de água sobre o pavimento;Colisão traseira;Com Vítimas Feridas;Plena Noite;Crescente;Chuva;Simples;"Curva;Aclive";Não;3;0;2;0;1;0;2;2;-27,46136717;-50,98926544;SPRF-SC;DEL07-SC;UOP06-DEL07-SC
594449;12/04/2024;sexta-feira;00:39:00;RJ;101;318;SAO GONCALO;Transitar na contramão;Colisão transversal;Com Vítimas Feridas;Plena Noite;Crescente;Céu Claro;Dupla;"Interseção de Vias;Reta";Sim;2;0;2;0;0;0;2;2;-22,84562994;-43,09841211;SPRF-RJ;DEL02-RJ;UOP02-DEL02-RJ
594451;17/04/2024;quarta-feira;06:05:00;DF;40;6,8;BRASILIA;Frear bruscamente;Colisão traseira;Com Vítimas Feridas;Pleno dia;Crescente;Céu Claro;Dupla;Reta;Sim;3;0;1;0;1;1;1;2;-16,029741;-47,978867;SPRF-DF;DEL01-DF;UOP01-DEL01-DF
594453;17/04/2024;quarta-feira;06:00:00;PB;101;122;CAAPORA;Ausência de reação do condutor;Colisão traseira;Com Vítimas Feridas;Pleno dia;Decrescente;Céu Claro;Dupla;"Reta;Aclive";Não;1;0;1;0;0;0;1;1;-7,45038197;-34,97994215;SPRF-PB;DEL01-PB;UOP02-DEL01-PB
594454;17/04/2024;quarta-feira;05:50:00;PE;407;120;PETROLINA;Condutor deixou de manter distância do veículo da frente;Colisão traseira;Com Vítimas Feridas;Pleno dia;Decrescente;Céu Claro;Simples;Reta;Não;2;0;1;0;1;0;1;2;-9,33807091;-40,55965785;SPRF-PE;DEL06-PE;UOP01-DEL06-PE
594455;17/04/2024;quarta-feira;02:45:00;BA;116;882;VITORIA DA CONQUISTA;Demais falhas mecânicas ou elétricas;Incêndio;Sem Vítimas;Plena Noite;Decrescente;Céu Claro;Simples;Reta;Não;45;0;0;0;45;0;0;1;-15,22398993;-41,09579712;SPRF-BA;DEL08-BA;UOP03-DEL08-BA
594456;17/04/2024;quarta-feira;06:20:00;RJ;465;13;SEROPEDICA;Ultrapassagem Indevida;Colisão lateral mesmo sentido;Com Vítimas Feridas;Pleno dia;Decrescente;Céu Claro;Simples;Reta;Sim;2;0;1;0;1;0;1;2;-22,798468;-43,645508;SPRF-RJ;DEL06-RJ;UOP02-DEL06-RJ
594457;17/04/2024;quarta-feira;07:00:00;SP;116;213;GUARULHOS;Manobra de mudança de faixa;Colisão traseira;Com Vítimas Feridas;Pleno dia;Crescente;Nublado;Dupla;"Reta;Declive";Sim;4;0;0;1;3;0;1;2;-23,43971486;-46,43667806;SPRF-SP;DEL01-SP;UOP01-DEL01-SP
594458;17/04/2024;quarta-feira;02:30:00;RJ;493;58;DUQUE DE CAXIAS;Reação tardia ou ineficiente do condutor;Saída de leito carroçável;Com Vítimas Feridas;Plena Noite;Crescente;Céu Claro;Múltipla;Reta;Não;1;0;1;0;0;0;1;1;-22,672089;-43,285053;SPRF-RJ;DEL01-RJ;UOP03-DEL01-RJ
594459;17/04/2024;quarta-feira;06:45:00;GO;153;97,7;ANAPOLIS;Velocidade Incompatível;Colisão traseira;Com Vítimas Feridas;Pleno dia;Crescente;Céu Claro;Dupla;Reta;Sim;2;0;0;1;1;0;1;2;-16,382079;-48,952866;SPRF-GO;DEL07-GO;UOP01-DEL07-GO
594461;17/04/2024;quarta-feira;01:30:00;RS;116;143,7;CAXIAS DO SUL;Reação tardia ou ineficiente do condutor;Colisão com objeto;Sem Vítimas;Plena Noite;Decrescente;Chuva;Dupla;"Aclive;Curva";Sim;2;0;0;0;0;2;0;2;-29,1201739;-51,12260651;SPRF-RS;DEL05-RS;UOP01-DEL05-RS
594462;17/04/2024;quarta-feira;07:05:00;DF;60;9,9;BRASILIA;Condutor deixou de manter distância do veículo da frente;Queda de ocupante de veículo;Com Vítimas Feridas;Pleno dia;Decrescente;Céu Claro;Dupla;Declive;Sim;7;0;3;0;4;0;3;5;-15,906293;-48,139965;SPRF-DF;DEL03-DF;UOP01-DEL03-DF
594463;17/04/2024;quarta-feira;06:40:00;SP;116;290;ITAPECERICA DA SERRA;Reação tardia ou ineficiente do condutor;Saída de leito carroçável;Com Vítimas Feridas;Amanhecer;Decrescente;Céu Claro;Dupla;Curva;Sim;3;0;1;0;1;1;1;1;-23,7303281;-46,89425963;SPRF-SP;DEL04-SP;UOP01-DEL04-SP
594464;17/04/2024;quarta-feira;07:10:00;SP;153;77;SAO JOSE DO RIO PRETO;Avarias e/ou desgaste excessivo no pneu;Tombamento;Com Vítimas Feridas;Pleno dia;Crescente;Céu Claro;Dupla;Reta;Não;1;0;1;0;0;0;1;1;-20,90184734;-49,45243991;SPRF-SP;DEL09-SP;UOP01-DEL09-SP
594465;17/04/2024;quarta-feira;06:50:00;SC;282;5,4;SAO JOSE;Reação tardia ou ineficiente do condutor;Saída de leito carroçável;Com Vítimas Feridas;Pleno dia;Crescente;Garoa/Chuvisco;Dupla;"Declive;Curva";Sim;1;0;1;0;0;0;1;1;-27,588425;-48,612919;SPRF-SC;DEL01-SC;UOP01-DEL01-SC
594468;17/04/2024;quarta-feira;06:50:00;MS;60;592,9;JARDIM;Desrespeitar a preferência no cruzamento;Colisão transversal;Com Vítimas Feridas;Pleno dia;Decrescente;Céu Claro;Simples;"Reta;Interseção de Vias";Sim;2;0;1;0;1;0;1;2;-21,48542331;-56,15040947;SPRF-MS;DEL05-MS;UOP01-DEL05-MS
594469;17/04/2024;quarta-feira;07:10:00;ES;101;144;LINHARES;Ausência de reação do condutor;Tombamento;Com Vítimas Feridas;Pleno dia;Decrescente;Céu Claro;Múltipla;Curva;Não;1;0;0;1;0;0;1;1;-19,35188295;-40,0636685;SPRF-ES;DEL04-ES;UOP01-DEL04-ES
594470;17/04/2024;quarta-feira;07:15:00;ES;101;144;LINHARES;Reação tardia ou ineficiente do condutor;Engavetamento;Com Vítimas Feridas;Pleno dia;Decrescente;Céu Claro;Dupla;"Reta;Declive";Sim;3;0;1;0;2;0;1;3;-19,35188295;-40,0636685;SPRF-ES;DEL04-ES;UOP01-DEL04-ES
594471;17/04/2024;quarta-feira;07:20:00;ES;101;144;LINHARES;Ausência de reação do condutor;Colisão traseira;Com Vítimas Feridas;Pleno dia;Decrescente;Céu Claro;Múltipla;Reta;Sim;2;0;0;1;1;0;1;2;-19,35188295;-40,0636685;SPRF-ES;DEL04-ES;UOP01-DEL04-ES
594472;17/04/2024;quarta-feira;07:50:00;CE;116;7;FORTALEZA;Condutor deixou de manter distância do veículo da frente;Colisão lateral mesmo sentido;Com Vítimas Feridas;Pleno dia;Crescente;Céu Claro;Dupla;Curva;Não;2;0;1;1;0;0;2;2;-3,81073099;-38,50074867;SPRF-CE;DEL01-CE;UOP02-DEL01-CE
594473;17/04/2024;quarta-feira;07:10:00;ES;101;29;CONCEICAO DA BARRA;Reação tardia ou ineficiente do condutor;Tombamento;Com Vítimas Feridas;Pleno dia;Crescente;Chuva;Simples;"Reta;Aclive";Não;2;0;2;0;0;0;2;1;-18,39992188;-39,93877968;SPRF-ES;DEL04-ES;UOP02-DEL04-ES
594474;17/04/2024;quarta-feira;07:50:00;PE;408;105;RECIFE;Acessar a via sem observar a presença dos outros veículos;Colisão transversal;Com Vítimas Feridas;Pleno dia;Crescente;Céu Claro;Dupla;"Declive;Curva";Sim;2;0;1;0;1;0;1;2;-8,0730937;-34,99190714;SPRF-PE;DEL01-PE;UOP01-DEL01-PE
594475;17/04/2024;quarta-feira;07:45:00;PR;277;74,3;SAO JOSE DOS PINHAIS;Reação tardia ou ineficiente do condutor;Tombamento;Com Vítimas Feridas;Pleno dia;Decrescente;Nublado;Dupla;"Aclive;Reta;Viaduto";Não;1;0;1;0;0;0;1;1;-25,49558664;-49,16400611;SPRF-PR;DEL01-PR;UOP07-DEL01-PR
594477;11/03/2024;segunda-feira;13:55:00;DF;0;0;BRASILIA;Acessar a via sem observar a presença dos outros veículos;Colisão lateral mesmo sentido;Sem Vítimas;Pleno dia;Não Informado;Nublado;Dupla;"Retorno Regulamentado;Aclive";Sim;2;0;0;0;2;0;0;2;-15,7824444;-47,8721302;SPRF-DF;N/A;N/A
594478;17/04/2024;quarta-feira;07:50:00;PB;230;19;JOAO PESSOA;Demais falhas mecânicas ou elétricas;Tombamento;Com Vítimas Feridas;Pleno dia;Decrescente;Céu Claro;Dupla;Curva;Sim;2;0;2;0;0;0;2;1;-7,1281;-34,8466;SPRF-PB;DEL01-PB;UOP01-DEL01-PB
594479;17/04/2024;quarta-feira;07:40:00;ES;101;163,4;LINHARES;Demais falhas mecânicas ou elétricas;Queda de ocupante de veículo;Com Vítimas Feridas;Pleno dia;Crescente;Céu Claro;Simples;Curva;Não;1;0;1;0;0;0;1;1;-19,49806194;-40,13058524;SPRF-ES;DEL04-ES;UOP01-DEL04-ES
594480;13/03/2024;quarta-feira;17:30:00;PI;316;307,1;PICOS;Acessar a via sem observar a presença dos outros veículos;Colisão transversal;Com Vítimas Feridas;Anoitecer;Crescente;Garoa/Chuvisco;Simples;"Aclive;Reta";Sim;2;0;1;0;1;0;1;2;-7,077744;-41,499324;SPRF-PI;DEL04-PI;UOP01-DEL04-PI
594481;17/04/2024;quarta-feira;08:00:00;RJ;116;316;ITATIAIA;Acumulo de óleo sobre o pavimento;Colisão com objeto;Com Vítimas Feridas;Pleno dia;Decrescente;Céu Claro;Dupla;Reta;Não;2;0;1;0;1;0;1;1;-22,46560057;-44,49102813;SPRF-RJ;DEL07-RJ;UOP02-DEL07-RJ
594482;17/04/2024;quarta-feira;08:30:00;MG;40;531,9;BELO HORIZONTE;Ausência de reação do condutor;Colisão traseira;Com Vítimas Feridas;Pleno dia;Crescente;Céu Claro;Dupla;Reta;Sim;3;0;1;0;2;0;1;2;-19,91962483;-44,02522683;SPRF-MG;DEL01-MG;UOP02-DEL01-MG
594484;17/04/2024;quarta-feira;07:30:00;MG;381;701;LAVRAS;Pista Escorregadia;Colisão com objeto;Com Vítimas Feridas;Pleno dia;Decrescente;Céu Claro;Dupla;"Aclive;Reta";Não;1;0;1;0;0;0;1;1;-21,31899514;-45,16696812;SPRF-MG;DEL04-MG;UOP02-DEL04-MG
594485;17/04/2024;quarta-feira;07:30:00;PR;277;81,8;CURITIBA;Manobra de mudança de faixa;Colisão lateral mesmo sentido;Com Vítimas Feridas;Pleno dia;Crescente;Céu Claro;Simples;Reta;Sim;2;0;1;0;1;0;1;2;-25,568939;-49,181978;SPRF-PR;DEL01-PR;UOP07-DEL01-PR
594489;17/04/2024;quarta-feira;09:00:00;RJ;101;334;RIO DE JANEIRO;Demais falhas mecânicas ou elétricas;Queda de ocupante de veículo;Com Vítimas Feridas;Pleno dia;Crescente;Céu Claro;Dupla;Reta;Não;2;0;1;0;1;0;1;1;-22,88517902;-43,21704364;SPRF-RJ;DEL02-RJ;UOP01-DEL02-RJ
594491;17/04/2024;quarta-feira;09:25:00;RS;392;71,6;PELOTAS;Reação tardia ou ineficiente do condutor;Colisão lateral mesmo sentido;Com Vítimas Feridas;Pleno dia;Crescente;Céu Claro;Simples;"Declive;Curva";Sim;2;0;0;1;1;0;1;2;-31,72790198;-52,38685478;SPRF-RS;DEL07-RS;UOP01-DEL07-RS
594492;17/04/2024;quarta-feira;07:10:00;SC;282;506,6;XANXERE;Problema na suspensão;Saída de leito carroçável;Sem Vítimas;Pleno dia;Crescente;Céu Claro;Dupla;Declive;Sim;1;0;0;0;1;0;0;1;-26,885712;-52,42907;SPRF-SC;DEL07-SC;UOP01-DEL07-SC
594493;17/04/2024;quarta-feira;10:05:00;RS;290;67;GRAVATAI;Demais falhas mecânicas ou elétricas;Tombamento;Com Vítimas Feridas;Pleno dia;Crescente;Céu Claro;Dupla;Reta;Não;2;0;2;0;0;0;2;1;-29,94256;-50,925896;SPRF-RS;DEL03-RS;UOP01-DEL03-RS
594494;17/04/2024;quarta-feira;09:00:00;SC;101;243;PALHOCA;Ausência de reação do condutor;Colisão traseira;Com Vítimas Feridas;Pleno dia;Crescente;Nublado;Múltipla;Reta;Não;2;0;1;0;1;0;1;2;-27,88419902;-48,64750077;SPRF-SC;DEL01-SC;UOP02-DEL01-SC
594496;17/04/2024;quarta-feira;10:05:00;ES;101;145;LINHARES;Pedestre andava na pista;Atropelamento de Pedestre;Com Vítimas Feridas;Pleno dia;Decrescente;Céu Claro;Dupla;Reta;Sim;3;0;1;0;2;0;1;3;-19,36089598;-40,06464018;SPRF-ES;DEL04-ES;UOP01-DEL04-ES
594497;17/04/2024;quarta-feira;08:45:00;SP;116;220;GUARULHOS;Ausência de reação do condutor;Colisão traseira;Com Vítimas Feridas;Pleno dia;Crescente;Sol;Múltipla;Reta;Não;2;0;1;0;1;0;1;2;-23,46472809;-46,49793962;SPRF-SP;DEL01-SP;UOP01-DEL01-SP
594499;17/04/2024;quarta-feira;09:52:00;PE;101;61;RECIFE;Acesso irregular;Colisão transversal;Com Vítimas Feridas;Pleno dia;Crescente;Sol;Simples;"Reta;Interseção de Vias";Sim;2;0;1;0;1;0;1;2;-7,99097103;-34,93598295;SPRF-PE;DEL01-PE;UOP02-DEL01-PE
594500;17/04/2024;quarta-feira;10:00:00;BA;116;15,5;VITORIA DA CONQUISTA;Desrespeitar a preferência no cruzamento;Colisão transversal;Com Vítimas Feridas;Pleno dia;Decrescente;Céu Claro;Simples;Retorno Regulamentado;Não;2;0;1;0;1;0;1;2;-14,8999791;-40,854549;SPRF-BA;DEL08-BA;UOP01-DEL08-BA
594502;17/04/2024;quarta-feira;10:00:00;SP;116;222;GUARULHOS;Demais falhas mecânicas ou elétricas;Colisão traseira;Com Vítimas Feridas;Pleno dia;Crescente;Sol;Múltipla;Reta;Sim;3;0;2;0;1;0;2;2;-23,47093408;-46,51631097;SPRF-SP;DEL01-SP;UOP01-DEL01-SP
594504;17/04/2024;quarta-feira;09:10:00;BA;367;26;PORTO SEGURO;Acessar a via sem observar a presença dos outros veículos;Queda de ocupante de veículo;Com Vítimas Feridas;Pleno dia;Decrescente;Céu Claro;Simples;Reta;Sim;2;0;1;0;1;0;1;2;-16,43071712;-39,09561713;SPRF-BA;DEL09-BA;UOP03-DEL09-BA
594505;17/04/2024;quarta-feira;10:00:00;BA;101;260;SANTO ANTONIO DE JESUS;Acessar a via sem observar a presença dos outros veículos;Colisão transversal;Com Vítimas Feridas;Pleno dia;Decrescente;Chuva;Dupla;Reta;Sim;2;0;1;0;1;0;1;2;-13,06514836;-39,27837343;SPRF-BA;DEL01-BA;UOP02-DEL01-BA
594506;17/04/2024;quarta-feira;07:30:00;ES;393;2;CACHOEIRO DE ITAPEMIRIM;Conversão proibida;Colisão frontal;Com Vítimas Feridas;Pleno dia;Decrescente;Céu Claro;Simples;Reta;Sim;2;0;2;0;0;0;2;2;-20,83242503;-41,17491003;SPRF-ES;DEL03-ES;UOP02-DEL03-ES
594507;17/04/2024;quarta-feira;10:20:00;RJ;116;180;NOVA IGUACU;Condutor deixou de manter distância do veículo da frente;Colisão traseira;Com Vítimas Feridas;Pleno dia;Decrescente;Céu Claro;Múltipla;Reta;Não;2;0;1;0;1;0;1;2;-22,7651616;-43,4154728;SPRF-RJ;DEL06-RJ;UOP01-DEL06-RJ
594508;17/04/2024;quarta-feira;08:15:00;RJ;40;111;DUQUE DE CAXIAS;Trafegar com motocicleta (ou similar) entre as faixas;Colisão lateral mesmo sentido;Com Vítimas Feridas;Pleno dia;Crescente;Céu Claro;Múltipla;Reta;Sim;3;0;1;1;0;1;2;2;-22,691868;-43,287453;SPRF-RJ;DEL01-RJ;UOP02-DEL01-RJ
594511;17/04/2024;quarta-feira;10:00:00;SC;280;6,1;SAO FRANCISCO DO SUL;Retorno proibido;Colisão transversal;Com Vítimas Feridas;Pleno dia;Crescente;Céu Claro;Simples;Reta;Sim;3;0;2;0;1;0;2;2;-26,26569095;-48,63361804;SPRF-SC;DEL03-SC;UOP03-DEL03-SC
594513;17/04/2024;quarta-feira;11:10:00;ES;101;212,3;IBIRACU;Ausência de reação do condutor;Tombamento;Com Vítimas Feridas;Pleno dia;Decrescente;Céu Claro;Simples;Reta;Sim;1;0;1;0;0;0;1;1;-19,81537521;-40,36655964;SPRF-ES;DEL02-ES;UOP01-DEL02-ES
594515;17/04/2024;quarta-feira;10:24:00;MG;381;679,2;PERDOES;Manobra de mudança de faixa;Colisão lateral mesmo sentido;Com Vítimas Feridas;Pleno dia;Decrescente;Céu Claro;Dupla;Reta;Não;2;0;1;0;1;0;1;2;-21,14734508;-45,10983682;SPRF-MG;DEL04-MG;UOP02-DEL04-MG
594516;17/04/2024;quarta-feira;09:15:00;MT;163;87;RONDONOPOLIS;Chuva;Saída de leito carroçável;Com Vítimas Feridas;Pleno dia;Crescente;Chuva;Dupla;Declive;Não;3;0;1;0;2;0;1;1;-16,76443595;-54,65835311;SPRF-MT;DEL02-MT;UOP03-DEL02-MT
594517;17/04/2024;quarta-feira;11:40:00;ES;101;267,9;SERRA;Reação tardia ou ineficiente do condutor;Tombamento;Com Vítimas Feridas;Pleno dia;Crescente;Sol;Múltipla;Reta;Sim;1;0;0;1;0;0;1;1;-20,2075775;-40,2695459;SPRF-ES;DEL02-ES;UOP01-DEL02-ES