id;data_inversa;dia_semana;horario;uf;br;km;municipio;causa_acidente;tipo_acidente;classificacao_acidente;fase_dia;sentido_via;condicao_metereologica;tipo_pista;tracado_via;uso_solo;pessoas;mortos;feridos_leves;feridos_graves;ilesos;ignorados;feridos;veiculos;latitude;longitude;regional;delegacia;uop
594518;17/04/2024;quarta-feira;08:00:00;MG;262;632,8;IBIA;Ausência de reação do condutor;Colisão traseira;Com Vítimas Feridas;Pleno dia;Decrescente;Céu Claro;Simples;Reta;Não;5;0;0;2;3;0;2;2;-19,58664709;-46,47394096;SPRF-MG;DEL08-MG;UOP01-DEL08-MG
594520;17/04/2024;quarta-feira;11:20:00;RJ;101;321;NITEROI;Reação tardia ou ineficiente do condutor;Queda de ocupante de veículo;Com Vítimas Feridas;Pleno dia;Crescente;Céu Claro;Dupla;Reta;Sim;1;0;1;0;0;0;1;1;-22,86981096;-43,11046465;SPRF-RJ;DEL02-RJ;UOP01-DEL02-RJ
594522;17/04/2024;quarta-feira;12:00:00;GO;50;269;CATALAO;Mal súbito do condutor;Saída de leito carroçável;Com Vítimas Feridas;Pleno dia;Crescente;Céu Claro;Dupla;Reta;Não;1;0;1;0;0;0;1;1;-18,1013;-47,8817;SPRF-GO;DEL06-GO;UOP01-DEL06-GO
594525;17/04/2024;quarta-feira;11:50:00;MG;50;179;UBERABA;Demais falhas mecânicas ou elétricas;Queda de ocupante de veículo;Com Vítimas Feridas;Pleno dia;Decrescente;Céu Claro;Dupla;Reta;Sim;1;0;1;0;0;0;1;1;-19,77827047;-47,93140998;SPRF-MG;DEL13-MG;UOP01-DEL13-MG
594526;17/04/2024;quarta-feira;12:45:00;SC;280;127,8;RIO NEGRINHO;Desrespeitar a preferência no cruzamento;Colisão transversal;Com Vítimas Feridas;Pleno dia;Decrescente;Céu Claro;Simples;"Interseção de Vias;Declive;Curva";Sim;2;0;0;1;1;0;1;2;-26,24294379;-49,51244116;SPRF-SC;DEL06-SC;UOP03-DEL06-SC
594528;17/04/2024;quarta-feira;13:15:00;RN;101;143,3;ARES;Manobra de mudança de faixa;Saída de leito carroçável;Com Vítimas Feridas;Pleno dia;Decrescente;Sol;Dupla;Reta;Não;1;0;1;0;0;0;1;1;-6,23449707;-35,21637886;SPRF-RN;DEL01-RN;UOP01-DEL01-RN
594529;08/02/2024;quinta-feira;19:48:00;ES;101;270,5;SERRA;Pista esburacada;Queda de ocupante de veículo;Com Vítimas Feridas;Pleno dia;Crescente;Ignorado;Múltipla;Reta;Sim;1;0;1;0;0;0;1;1;-20,23101094;-40,27371526;SPRF-ES;DEL02-ES;UOP01-DEL02-ES
594532;15/04/2024;segunda-feira;17:15:00;RS;158;164;PEJUCARA;Acumulo de água sobre o pavimento;Colisão frontal;Com Vítimas Feridas;Anoitecer;Decrescente;Chuva;Simples;Curva;Não;2;0;1;0;1;0;1;2;-28,38895428;-53,52473167;SPRF-RS;DEL10-RS;UOP02-DEL10-RS
594533;17/04/2024;quarta-feira;13:40:00;RS;116;243;SAO LEOPOLDO;Ausência de reação do condutor;Colisão traseira;Com Vítimas Feridas;Pleno dia;Crescente;Céu Claro;Dupla;"Reta;Viaduto";Sim;4;0;1;0;3;0;1;2;-29,75593906;-51,24735052;SPRF-RS;DEL01-RS;UOP02-DEL01-RS
594535;17/04/2024;quarta-feira;07:50:00;ES;101;67,7;SAO MATEUS;Reação tardia ou ineficiente do condutor;Colisão transversal;Com Vítimas Feridas;Pleno dia;Crescente;Céu Claro;Simples;Rotatória;Sim;2;0;1;0;1;0;1;2;-18,72054021;-39,8658931;SPRF-ES;DEL04-ES;UOP02-DEL04-ES
594536;15/04/2024;segunda-feira;17:50:00;AC;364;127;RIO BRANCO;Acessar a via sem observar a presença dos outros veículos;Colisão transversal;Com Vítimas Feridas;Anoitecer;Decrescente;Céu Claro;Dupla;Reta;Não;2;0;1;0;1;0;1;2;-10,01980906;-67,81433091;SPRF-AC;DEL01-AC;UOP01-DEL01-AC
594539;17/04/2024;quarta-feira;13:40:00;MG;116;275;TEOFILO OTONI;Ausência de reação do condutor;Atropelamento de Pedestre;Com Vítimas Feridas;Pleno dia;Crescente;Céu Claro;Simples;Curva;Sim;2;0;0;2;0;0;2;2;-17,84235093;-41,51410418;SPRF-MG;DEL11-MG;UOP01-DEL11-MG
594542;17/04/2024;quarta-feira;10:00:00;RS;116;185;NOVA PETROPOLIS;Manobra de mudança de faixa;Colisão lateral sentido oposto;Com Vítimas Feridas;Pleno dia;Decrescente;Céu Claro;Dupla;"Curva;Aclive;Rotatória";Sim;2;0;1;0;1;0;1;2;-29,39221114;-51,12482919;SPRF-RS;DEL05-RS;UOP02-DEL05-RS
594543;17/04/2024;quarta-feira;14:30:00;PR;277;32;MORRETES;Acessar a via sem observar a presença dos outros veículos;Colisão lateral mesmo sentido;Sem Vítimas;Pleno dia;Decrescente;Nublado;Dupla;Curva;Não;2;0;0;0;2;0;0;2;-25,547373;-48,790559;SPRF-PR;DEL01-PR;UOP05-DEL01-PR
594544;17/04/2024;quarta-feira;15:08:00;RN;101;101;PARNAMIRIM;Desrespeitar a preferência no cruzamento;Colisão transversal;Com Vítimas Feridas;Pleno dia;Crescente;Céu Claro;Múltipla;Interseção de Vias;Sim;2;0;0;1;1;0;1;2;-5,886258;-35,23033;SPRF-RN;DEL01-RN;UOP01-DEL01-RN
594546;17/04/2024;quarta-feira;12:30:00;MG;354;753,7;ITAMONTE;Desrespeitar a preferência no cruzamento;Colisão lateral sentido oposto;Com Vítimas Feridas;Pleno dia;Crescente;Céu Claro;Simples;"Reta;Interseção de Vias";Sim;3;0;0;1;2;0;1;2;-22,30074263;-44,86208652;SPRF-MG;DEL17-MG;UOP01-DEL17-MG
594547;09/04/2024;terça-feira;07:40:00;MS;262;440,9;DOIS IRMAOS DO BURITI;Reação tardia ou ineficiente do condutor;Tombamento;Com Vítimas Feridas;Pleno dia;Crescente;Céu Claro;Simples;"Declive;Reta";Não;1;0;0;1;0;0;1;1;-20,51547173;-55,36492909;SPRF-MS;DEL03-MS;UOP01-DEL03-MS
594548;17/04/2024;quarta-feira;15:00:00;MG;381;496;BETIM;Condutor deixou de manter distância do veículo da frente;Colisão traseira;Com Vítimas Feridas;Pleno dia;Crescente;Sol;Múltipla;Interseção de Vias;Sim;3;0;2;0;1;0;2;2;-19,97512347;-44,19367433;SPRF-MG;DEL01-MG;UOP03-DEL01-MG
594549;17/04/2024;quarta-feira;15:50:00;RN;101;81;NATAL;Reação tardia ou ineficiente do condutor;Queda de ocupante de veículo;Com Vítimas Feridas;Pleno dia;Decrescente;Céu Claro;Simples;Reta;Sim;2;0;2;0;0;0;2;1;-5,76469466;-35,28295988;SPRF-RN;DEL02-RN;UOP01-DEL02-RN
594550;17/04/2024;quarta-feira;16:18:00;ES;262;58,7;MARECHAL FLORIANO;Acessar a via sem observar a presença dos outros veículos;Colisão transversal;Com Vítimas Feridas;Pleno dia;Decrescente;Céu Claro;Simples;Interseção de Vias;Não;3;0;1;0;2;0;1;2;-20,42076276;-40,76927908;SPRF-ES;DEL01-ES;UOP01-DEL01-ES
594551;17/04/2024;quarta-feira;15:55:00;DF;20;3,6;BRASILIA;Ausência de reação do condutor;Colisão traseira;Com Vítimas Feridas;Pleno dia;Decrescente;Céu Claro;Dupla;"Curva;Aclive";Sim;2;0;1;0;0;1;1;2;-15,67729568;-47,82627583;SPRF-DF;DEL02-DF;UOP01-DEL02-DF
594553;17/04/2024;quarta-feira;15:20:00;BA;101;248;CONCEICAO DO ALMEIDA;Velocidade Incompatível;Saída de leito carroçável;Com Vítimas Feridas;Pleno dia;Decrescente;Chuva;Simples;Reta;Não;3;0;2;0;1;0;2;1;-12,984957;-39,291156;SPRF-BA;DEL01-BA;UOP02-DEL01-BA
594554;17/04/2024;quarta-feira;16:43:00;SC;101;198,5;BIGUACU;Reação tardia ou ineficiente do condutor;Tombamento;Com Vítimas Feridas;Pleno dia;Decrescente;Nublado;Dupla;Reta;Sim;1;0;1;0;0;0;1;1;-27,52658712;-48,63506019;SPRF-SC;DEL01-SC;UOP01-DEL01-SC
594556;17/04/2024;quarta-feira;16:45:00;SC;101;221;PALHOCA;Reação tardia ou ineficiente do condutor;Colisão traseira;Com Vítimas Feridas;Pleno dia;Crescente;Céu Claro;Dupla;"Reta;Ponte";Não;6;0;1;0;5;0;1;3;-27,70012652;-48,66021182;SPRF-SC;DEL01-SC;UOP02-DEL01-SC
594557;17/04/2024;quarta-feira;14:20:00;MG;356;265,7;MURIAE;Acessar a via sem observar a presença dos outros veículos;Colisão transversal;Com Vítimas Feridas;Pleno dia;Crescente;Céu Claro;Simples;Reta;Sim;2;0;1;0;1;0;1;2;-21,12823134;-42,35802453;SPRF-MG;DEL07-MG;UOP02-DEL07-MG
594558;17/04/2024;quarta-feira;15:10:00;MS;163;248,1;DOURADOS;Reação tardia ou ineficiente do condutor;Tombamento;Com Vítimas Feridas;Pleno dia;Crescente;Céu Claro;Simples;"Reta;Declive";Não;2;0;1;0;1;0;1;1;-22,3238991;-54,81909239;SPRF-MS;DEL04-MS;UOP02-DEL04-MS
594561;17/04/2024;quarta-feira;15:00:00;MT;364;289,6;JACIARA;Ausência de reação do condutor;Saída de leito carroçável;Com Vítimas Feridas;Pleno dia;Decrescente;Nublado;Dupla;Curva;Não;1;0;0;1;0;0;1;1;-15,90640833;-55,08298593;SPRF-MT;DEL05-MT;UOP02-DEL05-MT
594563;17/04/2024;quarta-feira;17:05:00;PE;101;64;RECIFE;Acessar a via sem observar a presença dos outros veículos;Colisão transversal;Sem Vítimas;Pleno dia;Decrescente;Céu Claro;Dupla;Reta;Sim;2;0;0;0;1;1;0;2;-8,02118794;-34,94261026;SPRF-PE;DEL01-PE;UOP01-DEL01-PE
594564;17/04/2024;quarta-feira;17:30:00;MG;40;391;CURVELO;Demais falhas mecânicas ou elétricas;Incêndio;Com Vítimas Feridas;Anoitecer;Crescente;Céu Claro;Simples;"Aclive;Reta";Não;2;0;1;0;1;0;1;1;-18,95827303;-44,68333703;SPRF-MG;DEL02-MG;UOP01-DEL02-MG
594565;17/04/2024;quarta-feira;14:48:00;ES;101;414,6;ITAPEMIRIM;Acessar a via sem observar a presença dos outros veículos;Colisão transversal;Sem Vítimas;Pleno dia;Crescente;Céu Claro;Simples;Curva;Não;3;0;0;0;2;1;0;3;-20,92345849;-41,07835562;SPRF-ES;DEL03-ES;UOP02-DEL03-ES
594566;17/04/2024;quarta-feira;16:30:00;PR;116;12;COLOMBO;Reação tardia ou ineficiente do condutor;Colisão traseira;Com Vítimas Feridas;Pleno dia;Crescente;Céu Claro;Dupla;Reta;Sim;5;0;3;0;2;0;3;2;-25,3755;-49,1496;SPRF-PR;DEL01-PR;UOP02-DEL01-PR
594567;17/04/2024;quarta-feira;15:10:00;SC;470;48,6;BLUMENAU;Velocidade Incompatível;Queda de ocupante de veículo;Com Vítimas Fatais;Pleno dia;Crescente;Céu Claro;Dupla;Curva;Não;2;1;0;0;0;1;0;2;-26,86002074;-49,06338573;SPRF-SC;DEL04-SC;UOP01-DEL04-SC
594569;17/04/2024;quarta-feira;18:00:00;BA;242;786;BARREIRAS;Condutor deixou de manter distância do veículo da frente;Colisão lateral mesmo sentido;Com Vítimas Feridas;Anoitecer;Crescente;Céu Claro;Simples;Reta;Sim;3;0;3;0;0;0;3;2;-12,140714;-44,94475;SPRF-BA;DEL10-BA;UOP01-DEL10-BA
594571;17/04/2024;quarta-feira;17:40:00;PR;376;4;APUCARANA;Acesso irregular;Colisão transversal;Com Vítimas Feridas;Anoitecer;Crescente;Céu Claro;Simples;Reta;Sim;2;0;1;0;1;0;1;2;-23,5513;-51,461266;SPRF-PR;DEL07-PR;UOP03-DEL07-PR
594573;17/04/2024;quarta-feira;18:00:00;SC;101;265,2;PAULO LOPES;Acessar a via sem observar a presença dos outros veículos;Colisão transversal;Com Vítimas Feridas;Anoitecer;Decrescente;Céu Claro;Múltipla;Reta;Sim;2;0;1;0;1;0;1;2;-28,06001385;-48,71690948;SPRF-SC;DEL02-SC;UOP03-DEL02-SC
594575;17/04/2024;quarta-feira;18:00:00;SC;280;24,8;ARAQUARI;Trafegar com motocicleta (ou similar) entre as faixas;Colisão transversal;Com Vítimas Feridas;Anoitecer;Crescente;Céu Claro;Simples;"Reta;Interseção de Vias";Sim;3;0;0;1;1;1;1;3;-26,37724921;-48,71953282;SPRF-SC;DEL03-SC;UOP03-DEL03-SC
594576;17/04/2024;quarta-feira;17:50:00;PR;369;136;IBIPORA;Acessar a via sem observar a presença dos outros veículos;Colisão transversal;Com Vítimas Feridas;Plena Noite;Crescente;Céu Claro;Simples;"Interseção de Vias;Curva";Sim;2;0;1;0;1;0;1;2;-23,270611;-51,039879;SPRF-PR;DEL07-PR;UOP01-DEL07-PR
594577;17/04/2024;quarta-feira;17:50:00;ES;259;57;COLATINA;Animais na Pista;Tombamento;Com Vítimas Feridas;Anoitecer;Crescente;Céu Claro;Simples;Reta;Sim;1;0;1;0;0;0;1;1;-19,50865703;-40,65581416;SPRF-ES;DEL02-ES;UOP01-DEL02-ES
594578;17/04/2024;quarta-feira;18:20:00;RJ;101;67;CAMPOS DOS GOYTACAZES;Reação tardia ou ineficiente do condutor;Colisão traseira;Com Vítimas Feridas;Plena Noite;Decrescente;Céu Claro;Dupla;Rotatória;Sim;5;0;1;0;4;0;1;2;-21,7652528;-41,3459016;SPRF-RJ;DEL08-RJ;UOP02-DEL08-RJ
594579;17/04/2024;quarta-feira;18:40:00;CE;116;5;FORTALEZA;Condutor deixou de manter distância do veículo da frente;Colisão lateral mesmo sentido;Com Vítimas Feridas;Plena Noite;Decrescente;Céu Claro;Múltipla;Reta;Sim;2;0;0;1;1;0;1;2;-3,79467116;-38,50772734;SPRF-CE;DEL01-CE;UOP02-DEL01-CE
594583;17/04/2024;quarta-feira;18:30:00;SC;101;215,8;PALHOCA;Acessar a via sem observar a presença dos outros veículos;Colisão lateral mesmo sentido;Com Vítimas Feridas;Plena Noite;Decrescente;Céu Claro;Múltipla;Curva;Sim;3;0;1;0;2;0;1;2;-27,65184843;-48,67604941;SPRF-SC;DEL01-SC;UOP02-DEL01-SC
594584;25/01/2024;quinta-feira;20:50:00;SC;101;125,7;ITAJAI;Ausência de reação do condutor;Eventos atípicos;Com Vítimas Fatais;Plena Noite;Crescente;Nublado;Múltipla;"Viaduto;Curva";Não;1;1;0;0;0;0;0;1;-26,9526866;-48,6795371;SPRF-SC;DEL04-SC;UOP04-DEL04-SC
594585;17/04/2024;quarta-feira;18:10:00;SC;470;151;AGRONOMICA;Deficiência do Sistema de Iluminação/Sinalização;Colisão com objeto;Com Vítimas Feridas;Plena Noite;Crescente;Céu Claro;Simples;"Reta;Em Obras";Não;1;0;1;0;0;0;1;1;-27,260792;-49,719761;SPRF-SC;DEL04-SC;UOP02-DEL04-SC
594586;17/04/2024;quarta-feira;17:45:00;RS;116;38;VACARIA;Acessar a via sem observar a presença dos outros veículos;Colisão transversal;Sem Vítimas;Pleno dia;Decrescente;Céu Claro;Simples;"Interseção de Vias;Reta";Sim;4;0;0;0;4;0;0;3;-28,50548;-50,92516;SPRF-RS;DEL05-RS;UOP03-DEL05-RS
594587;17/04/2024;quarta-feira;18:20:00;PB;230;112;INGA;Condutor deixou de manter distância do veículo da frente;Colisão traseira;Sem Vítimas;Plena Noite;Crescente;Nublado;Dupla;Reta;Não;2;0;0;0;2;0;0;2;-7,2117;-35,5822;SPRF-PB;DEL01-PB;UOP03-DEL01-PB
594590;17/04/2024;quarta-feira;13:55:00;RS;470;230,2;CARLOS BARBOSA;Conversão proibida;Colisão transversal;Com Vítimas Feridas;Pleno dia;Decrescente;Céu Claro;Simples;"Declive;Reta";Sim;4;0;4;0;0;0;4;2;-29,27749013;-51,49326324;SPRF-RS;DEL06-RS;UOP01-DEL06-RS
594592;17/04/2024;quarta-feira;18:20:00;DF;70;11,5;BRASILIA;Transitar no Acostamento;Atropelamento de Pedestre;Com Vítimas Feridas;Plena Noite;Crescente;Céu Claro;Dupla;Reta;Não;3;0;1;0;1;1;1;2;-15,790959;-48,154066;SPRF-DF;DEL03-DF;UOP02-DEL03-DF
594594;17/04/2024;quarta-feira;17:40:00;SC;282;454,3;PONTE SERRADA;Condutor deixou de manter distância do veículo da frente;Colisão traseira;Com Vítimas Feridas;Pleno dia;Crescente;Céu Claro;Simples;Reta;Não;2;0;1;0;1;0;1;2;-26,891756;-51,98447;SPRF-SC;DEL07-SC;UOP04-DEL07-SC
594597;17/04/2024;quarta-feira;18:20:00;RS;386;348,2;LAJEADO;Manobra de mudança de faixa;Colisão lateral mesmo sentido;Com Vítimas Feridas;Plena Noite;Decrescente;Céu Claro;Dupla;Curva;Sim;2;0;1;1;0;0;2;2;-29,456644;-51,957329;SPRF-RS;DEL04-RS;UOP01-DEL04-RS
594599;17/04/2024;quarta-feira;18:38:00;PR;277;421,9;CANTAGALO;Desrespeitar a preferência no cruzamento;Colisão transversal;Com Vítimas Feridas;Plena Noite;Crescente;Céu Claro;Simples;"Curva;Interseção de Vias";Sim;3;0;2;0;1;0;2;2;-25,40516876;-52,09591501;SPRF-PR;DEL04-PR;UOP02-DEL04-PR
594600;17/04/2024;quarta-feira;16:40:00;PR;153;98;IBAITI;Acesso irregular;Colisão transversal;Com Vítimas Feridas;Pleno dia;Decrescente;Céu Claro;Simples;Reta;Não;2;0;1;0;1;0;1;2;-23,75551706;-50,18407866;SPRF-PR;DEL07-PR;UOP04-DEL07-PR
594601;24/03/2024;domingo;17:40:00;ES;101;147,8;LINHARES;Ausência de reação do condutor;Tombamento;Com Vítimas Feridas;Anoitecer;Decrescente;Céu Claro;Dupla;Reta;Não;1;0;1;0;0;0;1;1;-19,37887202;-40,06657892;SPRF-ES;DEL04-ES;UOP01-DEL04-ES
594602;17/04/2024;quarta-feira;20:45:00;MG;40;516;RIBEIRAO DAS NEVES;Manobra de mudança de faixa;Colisão lateral mesmo sentido;Com Vítimas Feridas;Plena Noite;Decrescente;Céu Claro;Dupla;Reta;Sim;2;0;0;1;1;0;1;2;-19,81628624;-44,08960124;SPRF-MG;DEL01-MG;UOP02-DEL01-MG
594605;17/04/2024;quarta-feira;20:30:00;BA;324;513,8;FEIRA DE SANTANA;Ultrapassagem Indevida;Colisão frontal;Com Vítimas Feridas;Plena Noite;Crescente;Nublado;Simples;Reta;Sim;3;0;0;1;2;0;1;3;-12,2319733;-38,95424724;SPRF-BA;DEL02-BA;UOP01-DEL02-BA
594607;17/04/2024;quarta-feira;18:25:00;RO;364;344,5;JI-PARANA;Reação tardia ou ineficiente do condutor;Colisão transversal;Com Vítimas Feridas;Anoitecer;Decrescente;Chuva;Dupla;Interseção de Vias;Sim;2;0;1;0;1;0;1;2;-10,87376391;-61,95256893;SPRF-RO;DEL02-RO;UOP01-DEL02-RO
594610;17/04/2024;quarta-feira;15:40:00;GO;70;474;ARAGARCAS;Transitar na contramão;Colisão frontal;Com Vítimas Feridas;Pleno dia;Decrescente;Céu Claro;Dupla;Reta;Sim;2;0;0;2;0;0;2;2;-15,89621805;-52,24898529;SPRF-GO;DEL04-GO;UOP02-DEL04-GO
594612;17/04/2024;quarta-feira;20:10:00;PR;277;692;SAO MIGUEL DO IGUACU;Pedestre andava na pista;Atropelamento de Pedestre;Com Vítimas Feridas;Plena Noite;Decrescente;Céu Claro;Dupla;Reta;Não;6;0;0;1;4;1;1;2;-25,36774473;-54,26181715;SPRF-PR;DEL05-PR;UOP01-DEL05-PR
594614;17/04/2024;quarta-feira;19:00:00;RO;174;15;VILHENA;Ingestão de álcool pelo condutor;Tombamento;Com Vítimas Feridas;Plena Noite;Crescente;Chuva;Simples;Reta;Sim;1;0;1;0;0;0;1;1;-12,723321;-60,12801;SPRF-RO;DEL04-RO;UOP01-DEL04-RO
594617;17/04/2024;quarta-feira;13:30:00;RO;364;344;JI-PARANA;Condutor desrespeitou a iluminação vermelha do semáforo;Colisão transversal;Com Vítimas Feridas;Pleno dia;Crescente;Céu Claro;Dupla;Reta;Sim;3;0;0;1;1;1;1;3;-10,87376391;-61,95256893;SPRF-RO;DEL02-RO;UOP01-DEL02-RO
594619;17/04/2024;quarta-feira;22:40:00;SE;235;4;NOSSA SENHORA DO SOCORRO;Retorno proibido;Colisão transversal;Com Vítimas Feridas;Plena Noite;Crescente;Chuva;Dupla;Reta;Não;4;0;2;0;2;0;2;2;-10,9064;-37,1197;SPRF-SE;DEL01-SE;UOP01-DEL01-SE
594624;17/04/2024;quarta-feira;21:35:00;PR;277;592;CASCAVEL;Desrespeitar a preferência no cruzamento;Colisão transversal;Com Vítimas Feridas;Plena Noite;Decrescente;Céu Claro;Simples;Interseção de Vias;Sim;2;0;1;0;1;0;1;2;-24,98285697;-53,47319399;SPRF-PR;DEL04-PR;UOP01-DEL04-PR
594625;17/04/2024;quarta-feira;23:31:00;PE;101;43;IGARASSU;Reação tardia ou ineficiente do condutor;Colisão traseira;Com Vítimas Feridas;Plena Noite;Decrescente;Vento;Múltipla;Reta;Sim;3;0;1;0;2;0;1;2;-7,84753808;-34,90977038;SPRF-PE;DEL01-PE;UOP02-DEL01-PE
594626;17/04/2024;quarta-feira;23:05:00;PE;407;126;PETROLINA;Condutor Dormindo;Saída de leito carroçável;Com Vítimas Feridas;Plena Noite;Crescente;Céu Claro;Simples;"Reta;Em Obras";Sim;1;0;1;0;0;0;1;1;-9,38491309;-40,52809509;SPRF-PE;DEL06-PE;UOP01-DEL06-PE
594627;18/04/2024;quinta-feira;00:02:00;PR;277;74,1;SAO JOSE DOS PINHAIS;Acessar a via sem observar a presença dos outros veículos;Colisão traseira;Sem Vítimas;Plena Noite;Decrescente;Céu Claro;Dupla;Reta;Sim;2;0;0;0;2;0;0;2;-25,49308441;-49,16938127;SPRF-PR;DEL01-PR;UOP07-DEL01-PR
594629;18/04/2024;quinta-feira;01:00:00;RS;116;293;ELDORADO DO SUL;Animais na Pista;Atropelamento de Animal;Com Vítimas Feridas;Plena Noite;Decrescente;Nublado;Dupla;Reta;Sim;2;0;1;1;0;0;2;1;-30,06190803;-51,33968194;SPRF-RS;DEL02-RS;UOP01-DEL02-RS
594630;18/04/2024;quinta-feira;01:40:00;RS;116;266;CANOAS;Participar de racha;Colisão lateral mesmo sentido;Com Vítimas Feridas;Plena Noite;Decrescente;Céu Claro;Dupla;Reta;Sim;4;0;2;0;0;2;2;3;-29,93242399;-51,17742077;SPRF-RS;DEL01-RS;UOP01-DEL01-RS
594631;18/04/2024;quinta-feira;02:10:00;MG;40;454,9;CAETANOPOLIS;Ausência de reação do condutor;Saída de leito carroçável;Com Vítimas Feridas;Plena Noite;Crescente;Céu Claro;Dupla;Declive;Não;2;0;1;0;1;0;1;1;-19,34996189;-44,35227779;SPRF-MG;DEL02-MG;UOP01-DEL02-MG
594633;18/04/2024;quinta-feira;01:45:00;RS;116;265;CANOAS;Acessar a via sem observar a presença dos outros veículos;Colisão traseira;Com Vítimas Feridas;Plena Noite;Decrescente;Céu Claro;Dupla;Reta;Sim;5;0;4;1;0;0;5;3;-29,92342302;-51,17780944;SPRF-RS;DEL01-RS;UOP01-DEL01-RS
594635;18/04/2024;quinta-feira;03:00:00;SP;116;213;GUARULHOS;Reação tardia ou ineficiente do condutor;Colisão com objeto;Com Vítimas Feridas;Plena Noite;Decrescente;Céu Claro;Múltipla;Reta;Não;3;0;1;0;1;1;1;3;-23,43971486;-46,43667806;SPRF-SP;DEL01-SP;UOP01-DEL01-SP
594639;18/04/2024;quinta-feira;03:10:00;RJ;356;113,9;CARDOSO MOREIRA;Reação tardia ou ineficiente do condutor;Queda de ocupante de veículo;Com Vítimas Feridas;Plena Noite;Crescente;Nublado;Simples;Curva;Não;1;0;0;1;0;0;1;1;-21,5888881;-41,43661022;SPRF-RJ;DEL08-RJ;UOP03-DEL08-RJ
594641;17/04/2024;quarta-feira;17:40:00;BA;235;349,6;JUAZEIRO;Acesso irregular;Colisão transversal;Com Vítimas Feridas;Anoitecer;Crescente;Chuva;Simples;"Em Obras;Reta";Sim;4;0;1;1;2;0;2;2;-9,43174507;-40,49803816;SPRF-PE;DEL06-PE;UOP01-DEL06-PE
594643;14/04/2024;domingo;19:00:00;RJ;493;2;ITABORAI;Condutor deixou de manter distância do veículo da frente;Colisão traseira;Com Vítimas Feridas;Pleno dia;Decrescente;Ignorado;Dupla;Reta;Sim;2;0;1;0;1;0;1;2;-22,75950214;-42,93544822;SPRF-RJ;DEL02-RJ;UOP02-DEL02-RJ
594644;18/04/2024;quinta-feira;06:00:00;PE;101;67,2;RECIFE;Condutor deixou de manter distância do veículo da frente;Colisão traseira;Com Vítimas Feridas;Pleno dia;Crescente;Céu Claro;Dupla;Reta;Sim;3;0;1;0;2;0;1;2;-8,04432;-34,944112;SPRF-PE;DEL01-PE;UOP01-DEL01-PE
594647;17/04/2024;quarta-feira;21:30:00;PR;163;242;TOLEDO;Reação tardia ou ineficiente do condutor;Colisão com objeto;Sem Vítimas;Plena Noite;Decrescente;Ignorado;Simples;Reta;Sim;1;0;0;0;0;1;0;1;-24,717822;-53,711597;SPRF-PR;DEL06-PR;UOP02-DEL06-PR
594650;09/04/2024;terça-feira;22:40:00;BA;116;486;RAFAEL JAMBEIRO;Pedestre cruzava a pista fora da faixa;Atropelamento de Pedestre;Com Vítimas Feridas;Plena Noite;Decrescente;Nublado;Dupla;Reta;Não;2;0;1;0;0;1;1;2;-12,53299173;-39,41711114;SPRF-BA;DEL02-BA;UOP01-DEL02-BA
594651;18/04/2024;quinta-feira;06:30:00;MG;40;532,6;BELO HORIZONTE;Manobra de mudança de faixa;Colisão traseira;Com Vítimas Feridas;Pleno dia;Crescente;Céu Claro;Dupla;Reta;Sim;2;0;1;0;1;0;1;2;-19,92372561;-44,01700789;SPRF-MG;DEL01-MG;UOP02-DEL01-MG
594653;18/04/2024;quinta-feira;07:05:00;BA;324;609;SIMOES FILHO;Condutor deixou de manter distância do veículo da frente;Colisão traseira;Com Vítimas Feridas;Pleno dia;Decrescente;Céu Claro;Dupla;Reta;Não;2;0;1;0;1;0;1;2;-12,82066;-38,40798;SPRF-BA;DEL01-BA;UOP01-DEL01-BA
594654;01/04/2024;segunda-feira;20:15:00;RS;470;210;BENTO GONCALVES;Reação tardia ou ineficiente do condutor;Colisão transversal;Sem Vítimas;Plena Noite;Crescente;Garoa/Chuvisco;Simples;Curva;Não;2;0;0;0;2;0;0;2;-29,11647449;-51,54258383;SPRF-RS;DEL06-RS;UOP01-DEL06-RS
594656;18/04/2024;quinta-feira;07:04:00;RN;405;1;MOSSORO;Acessar a via sem observar a presença dos outros veículos;Colisão lateral mesmo sentido;Com Vítimas Feridas;Pleno dia;Decrescente;Céu Claro;Dupla;Reta;Sim;4;0;4;0;0;0;4;2;-5,19170196;-37,361471;SPRF-RN;DEL04-RN;UOP02-DEL04-RN
594657;18/04/2024;quinta-feira;07:00:00;SP;116;219,9;GUARULHOS;Manobra de mudança de faixa;Colisão traseira;Com Vítimas Feridas;Pleno dia;Crescente;Céu Claro;Múltipla;Reta;Sim;2;0;2;0;0;0;2;1;-23,46143954;-46,48885316;SPRF-SP;DEL01-SP;UOP01-DEL01-SP
594658;18/04/2024;quinta-feira;05:15:00;RJ;116;321;ITATIAIA;Pista Escorregadia;Colisão com objeto;Com Vítimas Feridas;Amanhecer;Decrescente;Chuva;Dupla;Curva;Não;2;0;1;0;1;0;1;2;-22,48093378;-44,53547807;SPRF-RJ;DEL07-RJ;UOP02-DEL07-RJ