id;data_inversa;dia_semana;horario;uf;br;km;municipio;causa_acidente;tipo_acidente;classificacao_acidente;fase_dia;sentido_via;condicao_metereologica;tipo_pista;tracado_via;uso_solo;pessoas;mortos;feridos_leves;feridos_graves;ilesos;ignorados;feridos;veiculos;latitude;longitude;regional;delegacia;uop
594659;18/04/2024;quinta-feira;04:32:00;PR;116;3,7;CAMPINA GRANDE DO SUL;Reação tardia ou ineficiente do condutor;Colisão com objeto;Com Vítimas Feridas;Amanhecer;Crescente;Céu Claro;Dupla;"Aclive;Reta";Não;1;0;1;0;0;0;1;1;-25,3593;-49,0744;SPRF-PR;DEL01-PR;UOP02-DEL01-PR
594660;18/04/2024;quinta-feira;07:00:00;RJ;101;322;NITEROI;Pedestre cruzava a pista fora da faixa;Atropelamento de Pedestre;Com Vítimas Feridas;Pleno dia;Crescente;Nublado;Dupla;Reta;Sim;2;0;0;1;0;1;1;2;-22,878923;-43,110676;SPRF-RJ;DEL02-RJ;UOP01-DEL02-RJ
594661;18/04/2024;quinta-feira;07:30:00;SC;101;183;BIGUACU;Trafegar com motocicleta (ou similar) entre as faixas;Colisão lateral mesmo sentido;Com Vítimas Feridas;Pleno dia;Crescente;Céu Claro;Dupla;Reta;Não;2;0;1;0;1;0;1;2;-27,40688892;-48,6285296;SPRF-SC;DEL01-SC;UOP01-DEL01-SC
594662;18/04/2024;quinta-feira;07:15:00;RJ;101;401;ITAGUAI;Condutor deixou de manter distância do veículo da frente;Colisão traseira;Com Vítimas Feridas;Pleno dia;Crescente;Garoa/Chuvisco;Dupla;Curva;Sim;4;0;1;0;3;0;1;3;-22,84853075;-43,77998836;SPRF-RJ;DEL03-RJ;UOP01-DEL03-RJ
594664;18/04/2024;quinta-feira;06:00:00;MG;381;525,5;BRUMADINHO;Ingestão de substâncias psicoativas pelo condutor;Tombamento;Com Vítimas Feridas;Pleno dia;Crescente;Céu Claro;Dupla;"Declive;Curva";Não;1;0;1;0;0;0;1;1;-20,14698799;-44,32392642;SPRF-MG;DEL04-MG;UOP03-DEL04-MG
594665;18/04/2024;quinta-feira;07:45:00;SC;282;3;FLORIANOPOLIS;Trafegar com motocicleta (ou similar) entre as faixas;Colisão traseira;Com Vítimas Feridas;Pleno dia;Decrescente;Céu Claro;Múltipla;Reta;Sim;2;0;0;1;1;0;1;2;-27,600384;-48,599705;SPRF-SC;DEL01-SC;UOP01-DEL01-SC
594666;18/04/2024;quinta-feira;06:50:00;PR;476;151;ARAUCARIA;Entrada inopinada do pedestre;Atropelamento de Pedestre;Com Vítimas Feridas;Pleno dia;Decrescente;Céu Claro;Dupla;Reta;Sim;2;0;0;2;0;0;2;2;-25,56843;-49,38269;SPRF-PR;DEL01-PR;UOP06-DEL01-PR
594669;18/04/2024;quinta-feira;07:30:00;SC;101;210;SAO JOSE;Animais na Pista;Atropelamento de Animal;Com Vítimas Feridas;Pleno dia;Decrescente;Céu Claro;Múltipla;Reta;Sim;2;0;2;0;0;0;2;1;-27,6167305;-48,6457265;SPRF-SC;DEL01-SC;UOP01-DEL01-SC
594672;15/04/2024;segunda-feira;11:15:00;BA;101;670;ITAPEBI;Reação tardia ou ineficiente do condutor;Saída de leito carroçável;Com Vítimas Feridas;Pleno dia;Crescente;Chuva;Simples;Curva;Não;4;0;1;0;3;0;1;1;-16,002;-39,585;SPRF-BA;DEL09-BA;UOP01-DEL09-BA
594674;18/04/2024;quinta-feira;07:35:00;MG;40;799;JUIZ DE FORA;Avarias e/ou desgaste excessivo no pneu;Saída de leito carroçável;Com Vítimas Feridas;Pleno dia;Crescente;Chuva;Dupla;"Curva;Declive;Viaduto";Sim;1;0;1;0;0;0;1;1;-21,82857001;-43,37364401;SPRF-MG;DEL05-MG;UOP01-DEL05-MG
594678;18/04/2024;quinta-feira;06:30:00;RJ;116;140;DUQUE DE CAXIAS;Demais falhas mecânicas ou elétricas;Queda de ocupante de veículo;Com Vítimas Feridas;Pleno dia;Decrescente;Chuva;Dupla;Reta;Não;2;0;2;0;0;0;2;1;-22,6466198;-43,21112001;SPRF-RJ;DEL01-RJ;UOP02-DEL01-RJ
594679;17/04/2024;quarta-feira;11:46:00;GO;153;140;MARA ROSA;Reação tardia ou ineficiente do condutor;Queda de ocupante de veículo;Com Vítimas Feridas;Pleno dia;Crescente;Céu Claro;Simples;Reta;Não;2;0;1;0;0;1;1;2;-13,994013;-49,089703;SPRF-GO;DEL07-GO;UOP01-DEL07-GO
594680;18/04/2024;quinta-feira;08:40:00;RJ;116;82;TERESOPOLIS;Acesso irregular;Colisão lateral mesmo sentido;Com Vítimas Feridas;Pleno dia;Decrescente;Chuva;Simples;"Reta;Declive";Sim;2;0;1;0;1;0;1;2;-22,42545591;-42,95329571;SPRF-RJ;DEL04-RJ;UOP01-DEL04-RJ
594681;04/04/2024;quinta-feira;14:00:00;PE;316;20;ARARIPINA;Ausência de reação do condutor;Colisão traseira;Com Vítimas Feridas;Pleno dia;Decrescente;Céu Claro;Simples;Reta;Sim;2;0;1;0;1;0;1;2;-7,55997805;-40,53416406;SPRF-PE;DEL05-PE;UOP02-DEL05-PE
594683;18/04/2024;quinta-feira;07:25:00;RO;364;518;ARIQUEMES;Acesso irregular;Colisão transversal;Com Vítimas Feridas;Pleno dia;Crescente;Céu Claro;Simples;Reta;Não;3;0;2;0;1;0;2;2;-9,897787;-63,05624596;SPRF-RO;DEL03-RO;UOP01-DEL03-RO
594684;18/04/2024;quinta-feira;07:30:00;RO;364;712;PORTO VELHO;Ausência de reação do condutor;Colisão traseira;Com Vítimas Feridas;Pleno dia;Crescente;Nublado;Dupla;Curva;Sim;3;0;1;0;1;1;1;3;-8,7770354;-63,87316466;SPRF-RO;DEL01-RO;UOP01-DEL01-RO
594687;18/04/2024;quinta-feira;08:15:00;RJ;40;122;DUQUE DE CAXIAS;Ausência de sinalização;Colisão lateral mesmo sentido;Com Vítimas Feridas;Pleno dia;Crescente;Garoa/Chuvisco;Dupla;Reta;Não;2;0;1;0;1;0;1;2;-22,79083113;-43,28611569;SPRF-RJ;DEL01-RJ;UOP02-DEL01-RJ
594691;15/04/2024;segunda-feira;06:25:00;SC;101;141;BALNEARIO CAMBORIU;Acumulo de óleo sobre o pavimento;Colisão com objeto;Com Vítimas Feridas;Pleno dia;Crescente;Sol;Múltipla;"Declive;Curva";Sim;1;0;1;0;0;0;1;1;-27,04761729;-48,59995855;SPRF-SC;DEL04-SC;UOP03-DEL04-SC
594693;06/02/2024;terça-feira;17:30:00;SC;116;247,9;LAGES;Acessar a via sem observar a presença dos outros veículos;Colisão lateral mesmo sentido;Com Vítimas Feridas;Pleno dia;Crescente;Céu Claro;Simples;"Reta;Interseção de Vias";Sim;2;0;2;0;0;0;2;2;-27,81262488;-50,36859817;SPRF-SC;DEL05-SC;UOP02-DEL05-SC
594695;18/04/2024;quinta-feira;07:50:00;MT;163;522;VARZEA GRANDE;Ausência de reação do condutor;Queda de ocupante de veículo;Com Vítimas Feridas;Pleno dia;Crescente;Nublado;Simples;Reta;Sim;1;0;1;0;0;0;1;1;-15,66162297;-56,186378;SPRF-MT;DEL01-MT;UOP01-DEL01-MT
594696;18/04/2024;quinta-feira;06:30:00;MG;40;360,6;FELIXLANDIA;Acessar a via sem observar a presença dos outros veículos;Colisão transversal;Com Vítimas Feridas;Amanhecer;Decrescente;Céu Claro;Simples;"Interseção de Vias;Rotatória;Reta";Não;5;0;1;0;4;0;1;2;-18,75436148;-44,84757207;SPRF-MG;DEL02-MG;UOP01-DEL02-MG
594697;18/04/2024;quinta-feira;10:05:00;PE;101;49;ABREU E LIMA;Acessar a via sem observar a presença dos outros veículos;Colisão lateral mesmo sentido;Com Vítimas Feridas;Pleno dia;Crescente;Céu Claro;Múltipla;"Reta;Interseção de Vias";Sim;2;0;1;0;1;0;1;2;-7,9005152;-34,90180641;SPRF-PE;DEL01-PE;UOP02-DEL01-PE
594698;18/04/2024;quinta-feira;07:50:00;RJ;101;494;ANGRA DOS REIS;Chuva;Colisão com objeto;Com Vítimas Feridas;Pleno dia;Crescente;Chuva;Simples;Curva;Não;1;0;1;0;0;0;1;1;-22,93752781;-44,3185162;SPRF-RJ;DEL03-RJ;UOP03-DEL03-RJ
594699;18/04/2024;quinta-feira;08:20:00;SP;381;70;MAIRIPORA;Velocidade Incompatível;Saída de leito carroçável;Com Vítimas Feridas;Pleno dia;Decrescente;Garoa/Chuvisco;Dupla;"Declive;Curva";Não;1;0;1;0;0;0;1;1;-23,34875131;-46,55487657;SPRF-SP;DEL03-SP;UOP01-DEL03-SP
594700;18/04/2024;quinta-feira;09:40:00;ES;101;266;SERRA;Acostamento em desnível;Queda de ocupante de veículo;Com Vítimas Feridas;Pleno dia;Crescente;Céu Claro;Dupla;"Reta;Aclive";Sim;1;0;1;0;0;0;1;1;-20,19048823;-40,26849747;SPRF-ES;DEL02-ES;UOP01-DEL02-ES
594701;18/04/2024;quinta-feira;10:00:00;MA;135;14;SAO LUIS;Reação tardia ou ineficiente do condutor;Colisão traseira;Sem Vítimas;Pleno dia;Decrescente;Chuva;Dupla;Reta;Sim;3;0;0;0;3;0;0;2;-2,68792341;-44,30009651;SPRF-MA;DEL01-MA;UOP01-DEL01-MA
594702;18/04/2024;quinta-feira;08:30:00;RJ;465;20;NOVA IGUACU;Trafegar com motocicleta (ou similar) entre as faixas;Colisão lateral sentido oposto;Com Vítimas Feridas;Pleno dia;Decrescente;Nublado;Simples;Reta;Sim;2;0;0;1;1;0;1;2;-22,846828;-43,605339;SPRF-RJ;DEL06-RJ;UOP02-DEL06-RJ
594703;17/04/2024;quarta-feira;14:25:00;MA;0;0;SAO LUIS;Ausência de reação do condutor;Colisão com objeto;Sem Vítimas;Pleno dia;Não Informado;Chuva;Simples;Reta;Sim;2;0;0;0;1;1;0;2;-2,56882506;-44,22908898;SPRF-MA;N/A;N/A
594705;18/04/2024;quinta-feira;09:30:00;BA;367;75;EUNAPOLIS;Demais falhas mecânicas ou elétricas;Tombamento;Com Vítimas Feridas;Pleno dia;Decrescente;Nublado;Simples;Reta;Não;2;0;1;0;1;0;1;1;-16,3739602;-39,50263423;SPRF-BA;DEL09-BA;UOP03-DEL09-BA
594706;18/04/2024;quinta-feira;08:55:00;PA;230;616;VITORIA DO XINGU;Acesso irregular;Colisão transversal;Com Vítimas Feridas;Pleno dia;Decrescente;Céu Claro;Simples;Declive;Não;4;0;2;1;1;0;3;2;-3,17010353;-52,03298199;SPRF-PA;DEL04-PA;UOP01-DEL04-PA
594707;18/04/2024;quinta-feira;10:30:00;ES;262;170,9;IBATIBA;Conversão proibida;Colisão transversal;Com Vítimas Feridas;Pleno dia;Decrescente;Sol;Simples;Reta;Não;5;0;4;0;1;0;4;2;-20,2647513;-41,58453796;SPRF-ES;DEL01-ES;UOP02-DEL01-ES
594708;17/03/2024;domingo;09:00:00;SP;116;500;CAJATI;Pedestre cruzava a pista fora da faixa;Atropelamento de Pedestre;Com Vítimas Feridas;Pleno dia;Decrescente;Céu Claro;Simples;Reta;Não;2;0;0;1;0;1;1;2;-24,78162109;-48,18342711;SPRF-SP;DEL05-SP;UOP02-DEL05-SP
594710;18/04/2024;quinta-feira;10:40:00;RN;101;116;SAO JOSE DE MIPIBU;Reação tardia ou ineficiente do condutor;Colisão traseira;Sem Vítimas;Pleno dia;Crescente;Céu Claro;Dupla;Interseção de Vias;Sim;2;0;0;0;2;0;0;2;-5,99923408;-35,26039018;SPRF-RN;DEL01-RN;UOP01-DEL01-RN
594713;18/04/2024;quinta-feira;07:00:00;RJ;493;6;ITABORAI;Retorno proibido;Colisão transversal;Com Vítimas Feridas;Pleno dia;Decrescente;Chuva;Simples;"Reta;Interseção de Vias";Sim;2;0;0;1;1;0;1;2;-22,73124198;-42,95145305;SPRF-RJ;DEL02-RJ;UOP02-DEL02-RJ
594716;18/04/2024;quinta-feira;11:00:00;PR;476;150;ARAUCARIA;Trafegar com motocicleta (ou similar) entre as faixas;Colisão traseira;Com Vítimas Feridas;Pleno dia;Crescente;Sol;Dupla;Curva;Não;2;0;1;0;1;0;1;2;-25,558477;-49,368313;SPRF-PR;DEL01-PR;UOP06-DEL01-PR
594718;18/04/2024;quinta-feira;11:00:00;MS;262;367;CAMPO GRANDE;Acessar a via sem observar a presença dos outros veículos;Colisão transversal;Com Vítimas Feridas;Pleno dia;Crescente;Céu Claro;Dupla;Reta;Não;2;0;0;1;1;0;1;2;-20,47734957;-54,75069718;SPRF-MS;DEL01-MS;UOP03-DEL01-MS
594719;18/04/2024;quinta-feira;09:10:00;MG;40;705,3;BARBACENA;Manobra de mudança de faixa;Colisão traseira;Com Vítimas Feridas;Pleno dia;Crescente;Nublado;Dupla;"Retorno Regulamentado;Curva";Não;4;0;1;0;3;0;1;3;-21,240724;-43,723198;SPRF-MG;DEL05-MG;UOP02-DEL05-MG
594720;18/04/2024;quinta-feira;11:54:00;SC;282;17,4;PALHOCA;Acessar a via sem observar a presença dos outros veículos;Colisão transversal;Com Vítimas Feridas;Pleno dia;Decrescente;Sol;Simples;Reta;Sim;2;0;0;1;1;0;1;2;-27,665707;-48,688065;SPRF-SC;DEL01-SC;UOP02-DEL01-SC
594722;18/04/2024;quinta-feira;08:00:00;RJ;101;591;PARATY;Reação tardia ou ineficiente do condutor;Colisão transversal;Com Vítimas Feridas;Pleno dia;Decrescente;Chuva;Simples;Reta;Não;2;0;1;1;0;0;2;2;-23,31079094;-44,71658005;SPRF-RJ;DEL03-RJ;UOP04-DEL03-RJ
594723;18/04/2024;quinta-feira;11:35:00;RS;290;14,4;SANTO ANTONIO DA PATRULHA;Condutor Dormindo;Colisão com objeto;Com Vítimas Feridas;Pleno dia;Decrescente;Sol;Dupla;Reta;Não;2;0;2;0;0;0;2;1;-29,867395;-50,401199;SPRF-RS;DEL03-RS;UOP01-DEL03-RS
594727;18/04/2024;quinta-feira;11:40:00;GO;153;436;ANAPOLIS;Reação tardia ou ineficiente do condutor;Queda de ocupante de veículo;Com Vítimas Feridas;Pleno dia;Decrescente;Céu Claro;Dupla;Interseção de Vias;Sim;1;0;1;0;0;0;1;1;-16,283987;-48,951763;SPRF-GO;DEL02-GO;UOP01-DEL02-GO
594728;18/04/2024;quinta-feira;13:10:00;CE;116;17;ITAITINGA;Acumulo de óleo sobre o pavimento;Tombamento;Com Vítimas Feridas;Pleno dia;Crescente;Céu Claro;Dupla;Reta;Não;1;0;1;0;0;0;1;1;-3,89617918;-38,50336042;SPRF-CE;DEL01-CE;UOP02-DEL01-CE
594729;18/04/2024;quinta-feira;12:00:00;MG;262;580;CAMPOS ALTOS;Mal súbito do condutor;Tombamento;Com Vítimas Feridas;Pleno dia;Crescente;Nublado;Simples;"Interseção de Vias;Curva";Não;1;0;1;0;0;0;1;1;-19,6646721;-46,06563103;SPRF-MG;DEL08-MG;UOP02-DEL08-MG
594731;18/04/2024;quinta-feira;09:35:00;MT;70;666;CACERES;Ausência de reação do condutor;Colisão traseira;Com Vítimas Feridas;Pleno dia;Decrescente;Nublado;Simples;Reta;Sim;2;0;1;0;1;0;1;2;-16,090245;-57,287448;SPRF-MT;DEL03-MT;UOP02-DEL03-MT
594732;18/04/2024;quinta-feira;12:35:00;MG;40;530;BELO HORIZONTE;Acumulo de óleo sobre o pavimento;Colisão traseira;Com Vítimas Feridas;Pleno dia;Crescente;Céu Claro;Dupla;"Curva;Aclive";Sim;2;0;1;0;1;0;1;2;-19,92064782;-44,0335681;SPRF-MG;DEL01-MG;UOP02-DEL01-MG
594734;18/04/2024;quinta-feira;10:33:00;PA;230;1120;ITAITUBA;Reação tardia ou ineficiente do condutor;Tombamento;Sem Vítimas;Pleno dia;Crescente;Céu Claro;Simples;"Reta;Aclive";Não;1;0;0;0;0;1;0;1;-4,3739758;-55,84671907;SPRF-PA;DEL05-PA;UOP02-DEL05-PA
594737;18/04/2024;quinta-feira;11:25:00;SC;470;300,1;CAMPOS NOVOS;Reação tardia ou ineficiente do condutor;Colisão lateral mesmo sentido;Com Vítimas Feridas;Pleno dia;Crescente;Nublado;Simples;Reta;Não;2;0;0;1;1;0;1;2;-27,372538;-51,046467;SPRF-SC;DEL07-SC;UOP06-DEL07-SC
594738;19/03/2024;terça-feira;12:00:00;PA;308;152;CAPANEMA;Acessar a via sem observar a presença dos outros veículos;Colisão transversal;Com Vítimas Feridas;Pleno dia;Decrescente;Céu Claro;Simples;Reta;Sim;2;0;1;0;1;0;1;2;-1,20776503;-47,17798818;SPRF-PA;DEL01-PA;UOP03-DEL01-PA
594739;18/04/2024;quinta-feira;07:00:00;SC;163;109,4;GUARUJA DO SUL;Reação tardia ou ineficiente do condutor;Colisão frontal;Com Vítimas Fatais;Pleno dia;Crescente;Céu Claro;Simples;"Curva;Declive";Não;2;1;0;1;0;0;1;2;-26,4106825;-53,5222391;SPRF-SC;DEL07-SC;UOP03-DEL07-SC
594741;18/04/2024;quinta-feira;13:45:00;PB;230;16,8;JOAO PESSOA;Reação tardia ou ineficiente do condutor;Colisão traseira;Com Vítimas Feridas;Pleno dia;Crescente;Céu Claro;Múltipla;Reta;Sim;2;0;1;0;1;0;1;2;-7,1039;-34,8458;SPRF-PB;DEL01-PB;UOP01-DEL01-PB
594742;18/04/2024;quinta-feira;13:00:00;RJ;493;102;ITAGUAI;Avarias e/ou desgaste excessivo no pneu;Saída de leito carroçável;Sem Vítimas;Pleno dia;Decrescente;Nublado;Dupla;Reta;Não;1;0;0;0;1;0;0;1;-22,76080221;-43,73411536;SPRF-RJ;DEL01-RJ;UOP03-DEL01-RJ
594743;18/04/2024;quinta-feira;11:05:00;MA;10;251;IMPERATRIZ;Manobra de mudança de faixa;Colisão lateral mesmo sentido;Com Vítimas Feridas;Pleno dia;Crescente;Céu Claro;Simples;Reta;Sim;2;0;0;1;1;0;1;2;-5,543249;-47,464447;SPRF-MA;DEL04-MA;UOP01-DEL04-MA
594744;18/04/2024;quinta-feira;08:30:00;BA;101;507,9;ITABUNA;Reação tardia ou ineficiente do condutor;Colisão traseira;Com Vítimas Feridas;Plena Noite;Decrescente;Céu Claro;Simples;Reta;Sim;2;0;1;0;1;0;1;2;-14,81699107;-39,29548156;SPRF-BA;DEL05-BA;UOP01-DEL05-BA
594746;18/04/2024;quinta-feira;14:45:00;RS;285;458,3;IJUI;Reação tardia ou ineficiente do condutor;Colisão lateral mesmo sentido;Com Vítimas Feridas;Pleno dia;Crescente;Céu Claro;Simples;Curva;Não;2;0;1;0;1;0;1;2;-28,40850132;-53,90154362;SPRF-RS;DEL10-RS;UOP01-DEL10-RS
594747;18/04/2024;quinta-feira;14:05:00;MG;381;649;SANTO ANTONIO DO AMPARO;Acumulo de água sobre o pavimento;Colisão com objeto;Com Vítimas Feridas;Pleno dia;Crescente;Chuva;Dupla;Curva;Não;3;0;0;1;2;0;1;1;-20,96227294;-44,92925305;SPRF-MG;DEL04-MG;UOP02-DEL04-MG
594749;18/04/2024;quinta-feira;10:30:00;MT;70;1,5;BARRA DO GARCAS;Ausência de reação do condutor;Colisão lateral mesmo sentido;Com Vítimas Feridas;Pleno dia;Crescente;Céu Claro;Simples;Reta;Não;3;0;1;0;0;2;1;3;-15,89164596;-52,26202884;SPRF-MT;DEL07-MT;UOP01-DEL07-MT
594750;18/04/2024;quinta-feira;15:20:00;RS;116;264;CANOAS;Condutor deixou de manter distância do veículo da frente;Colisão traseira;Sem Vítimas;Pleno dia;Decrescente;Céu Claro;Múltipla;Reta;Sim;2;0;0;0;2;0;0;2;-29,914435;-51,17754495;SPRF-RS;DEL01-RS;UOP01-DEL01-RS
594751;18/04/2024;quinta-feira;16:00:00;MG;381;369;SAO GONCALO DO RIO ABAIXO;Acessar a via sem observar a presença dos outros veículos;Colisão transversal;Com Vítimas Feridas;Pleno dia;Crescente;Nublado;Simples;Reta;Não;2;0;1;0;1;0;1;2;-19,85129538;-43,29305902;SPRF-MG;DEL03-MG;UOP01-DEL03-MG
594753;18/04/2024;quinta-feira;14:10:00;MG;365;659;MONTE ALEGRE DE MINAS;Acumulo de água sobre o pavimento;Saída de leito carroçável;Com Vítimas Feridas;Pleno dia;Crescente;Chuva;Dupla;"Declive;Reta";Não;2;0;1;0;1;0;1;1;-18,89058755;-48,63361089;SPRF-MG;DEL15-MG;UOP01-DEL15-MG
594754;18/04/2024;quinta-feira;14:10:00;MG;365;665;MONTE ALEGRE DE MINAS;Acumulo de água sobre o pavimento;Saída de leito carroçável;Com Vítimas Feridas;Pleno dia;Crescente;Chuva;Dupla;Reta;Não;2;0;2;0;0;0;2;1;-18,89197446;-48,68891308;SPRF-MG;DEL15-MG;UOP01-DEL15-MG
594755;18/04/2024;quinta-feira;11:20:00;MG;116;412;GOVERNADOR VALADARES;Retorno proibido;Colisão transversal;Com Vítimas Feridas;Pleno dia;Decrescente;Nublado;Simples;Reta;Sim;2;0;0;1;1;0;1;2;-18,8756408;-41,96469426;SPRF-MG;DEL06-MG;UOP01-DEL06-MG
594756;18/04/2024;quinta-feira;15:40:00;RS;158;174;PEJUCARA;Condutor deixou de manter distância do veículo da frente;Engavetamento;Com Vítimas Feridas;Pleno dia;Decrescente;Sol;Simples;"Aclive;Reta;Em Obras";Não;8;0;2;0;6;0;2;4;-28,466524;-53,547962;SPRF-RS;DEL10-RS;UOP02-DEL10-RS
594757;18/04/2024;quinta-feira;14:58:00;AL;316;262;PILAR;Acesso irregular;Colisão transversal;Com Vítimas Feridas;Pleno dia;Decrescente;Céu Claro;Simples;Reta;Não;3;0;2;0;1;0;2;2;-9,58778036;-35,8801353;SPRF-AL;DEL02-AL;UOP01-DEL02-AL
594758;22/03/2024;sexta-feira;07:00:00;PR;476;149;ARAUCARIA;Demais falhas mecânicas ou elétricas;Colisão frontal;Com Vítimas Feridas;Pleno dia;Crescente;Sol;Dupla;Reta;Sim;2;0;1;1;0;0;2;2;-25,557926;-49,358585;SPRF-PR;DEL01-PR;UOP06-DEL01-PR
594760;18/04/2024;quinta-feira;16:22:00;PE;101;92,4;CABO DE SANTO AGOSTINHO;Demais falhas mecânicas ou elétricas;Tombamento;Com Vítimas Feridas;Pleno dia;Decrescente;Céu Claro;Múltipla;Reta;Sim;2;0;0;1;0;1;1;1;-8,234947;-35,000012;SPRF-PE;DEL01-PE;UOP01-DEL01-PE
594763;18/04/2024;quinta-feira;16:35:00;PR;153;12,8;JACAREZINHO;Objeto estático sobre o leito carroçável;Colisão com objeto;Com Vítimas Feridas;Pleno dia;Crescente;Céu Claro;Simples;Reta;Não;1;0;1;0;0;0;1;1;-23,09110164;-49,93801117;SPRF-PR;DEL07-PR;UOP04-DEL07-PR
594765;18/04/2024;quinta-feira;17:00:00;ES;101;144;LINHARES;Condutor deixou de manter distância do veículo da frente;Colisão traseira;Com Vítimas Feridas;Anoitecer;Crescente;Nublado;Múltipla;"Interseção de Vias;Reta";Sim;2;0;1;0;1;0;1;2;-19,35188295;-40,0636685;SPRF-ES;DEL04-ES;UOP01-DEL04-ES
594768;18/04/2024;quinta-feira;17:35:00;GO;40;6,9;VALPARAISO DE GOIAS;Entrada inopinada do pedestre;Atropelamento de Pedestre;Com Vítimas Feridas;Pleno dia;Crescente;Sol;Dupla;"Declive;Reta";Sim;2;0;1;0;1;0;1;2;-16,10631129;-47,97385526;SPRF-DF;DEL01-DF;UOP01-DEL01-DF
594769;18/04/2024;quinta-feira;17:30:00;SC;282;5,2;SAO JOSE;Reação tardia ou ineficiente do condutor;Colisão traseira;Com Vítimas Feridas;Pleno dia;Crescente;Nublado;Dupla;Reta;Sim;2;0;0;1;1;0;1;2;-27,588425;-48,612919;SPRF-SC;DEL01-SC;UOP01-DEL01-SC
594771;18/04/2024;quinta-feira;17:40:00;RS;386;441;CANOAS;Condutor deixou de manter distância do veículo da frente;Colisão lateral mesmo sentido;Com Vítimas Feridas;Anoitecer;Crescente;Céu Claro;Simples;"Reta;Ponte";Sim;3;0;1;0;2;0;1;3;-29,8842886;-51,22828245;SPRF-RS;DEL01-RS;UOP01-DEL01-RS
594772;18/04/2024;quinta-feira;16:42:00;PE;101;76,2;RECIFE;Acostamento em desnível;Tombamento;Com Vítimas Feridas;Pleno dia;Decrescente;Nublado;Dupla;"Reta;Declive";Sim;2;0;2;0;0;0;2;1;-8,1199;-34,942747;SPRF-PE;DEL01-PE;UOP01-DEL01-PE
594773;18/04/2024;quinta-feira;16:00:00;PR;373;209;IPIRANGA;Ausência de reação do condutor;Tombamento;Com Vítimas Feridas;Pleno dia;Crescente;Céu Claro;Simples;Reta;Não;1;0;0;1;0;0;1;1;-25,13939392;-50,48003706;SPRF-PR;DEL03-PR;UOP01-DEL03-PR
594775;18/04/2024;quinta-feira;17:15:00;SC;101;443,9;SANTA ROSA DO SUL;Acessar a via sem observar a presença dos outros veículos;Colisão transversal;Com Vítimas Feridas;Pleno dia;Crescente;Céu Claro;Simples;"Reta;Interseção de Vias";Sim;2;0;1;0;1;0;1;2;-29,13743089;-49,71326351;SPRF-SC;DEL02-SC;UOP02-DEL02-SC
594776;18/04/2024;quinta-feira;17:35:00;RN;101;96;NATAL;Pedestre cruzava a pista fora da faixa;Atropelamento de Pedestre;Com Vítimas Feridas;Anoitecer;Decrescente;Céu Claro;Dupla;Curva;Sim;2;0;1;0;1;0;1;2;-5,847628;-35,208398;SPRF-RN;DEL01-RN;UOP01-DEL01-RN
594778;18/04/2024;quinta-feira;18:15:00;PB;230;19;JOAO PESSOA;Acessar a via sem observar a presença dos outros veículos;Colisão lateral mesmo sentido;Com Vítimas Feridas;Plena Noite;Crescente;Céu Claro;Dupla;Reta;Não;2;0;1;0;1;0;1;2;-7,1281;-34,8466;SPRF-PB;DEL01-PB;UOP01-DEL01-PB
594779;18/04/2024;quinta-feira;17:30:00;PE;232;7,6;RECIFE;Condutor deixou de manter distância do veículo da frente;Colisão traseira;Com Vítimas Feridas;Anoitecer;Decrescente;Céu Claro;Dupla;"Em Obras;Reta";Sim;2;0;1;0;1;0;1;2;-8,07333497;-34,96184301;SPRF-PE;DEL01-PE;UOP01-DEL01-PE
594781;18/04/2024;quinta-feira;17:30:00;GO;60;162,8;GOIANIA;Acessar a via sem observar a presença dos outros veículos;Colisão traseira;Com Vítimas Feridas;Pleno dia;Crescente;Nublado;Dupla;Reta;Não;2;0;0;1;1;0;1;2;-16,6953;-49,3255;SPRF-GO;DEL01-GO;UOP02-DEL01-GO
594782;18/04/2024;quinta-feira;18:00:00;TO;0;0;PARAISO DO TOCANTINS;Desrespeitar a preferência no cruzamento;Colisão transversal;Com Vítimas Feridas;Pleno dia;Não Informado;Nublado;Simples;"Declive;Reta;Interseção de Vias";Sim;2;0;1;0;1;0;1;2;-10,17483505;-48,88054838;SPRF-TO;DEL01-TO;UOP01-DEL01-TO
594784;18/04/2024;quinta-feira;11:00:00;PA;222;161;ABEL FIGUEIREDO;Afundamento ou ondulação no pavimento;Saída de leito carroçável;Com Vítimas Feridas;Pleno dia;Crescente;Chuva;Simples;Reta;Não;1;0;1;0;0;0;1;1;-5,007687;-48,499268;SPRF-PA;DEL03-PA;UOP01-DEL03-PA
594785;18/04/2024;quinta-feira;18:00:00;RJ;116;181;NOVA IGUACU;Trafegar com motocicleta (ou similar) entre as faixas;Queda de ocupante de veículo;Com Vítimas Feridas;Anoitecer;Crescente;Céu Claro;Dupla;Reta;Não;1;0;1;0;0;0;1;1;-22,761312;-43,423492;SPRF-RJ;DEL06-RJ;UOP01-DEL06-RJ
594786;18/04/2024;quinta-feira;17:40:00;PR;369;155;LONDRINA;Reação tardia ou ineficiente do condutor;Saída de leito carroçável;Com Vítimas Feridas;Pleno dia;Decrescente;Céu Claro;Dupla;"Em Obras;Reta";Não;2;0;1;0;1;0;1;2;-23,295158;-51,209874;SPRF-PR;DEL07-PR;UOP01-DEL07-PR