id;data_inversa;dia_semana;horario;uf;br;km;municipio;causa_acidente;tipo_acidente;classificacao_acidente;fase_dia;sentido_via;condicao_metereologica;tipo_pista;tracado_via;uso_solo;pessoas;mortos;feridos_leves;feridos_graves;ilesos;ignorados;feridos;veiculos;latitude;longitude;regional;delegacia;uop
594934;19/04/2024;sexta-feira;11:30:00;PE;101;85,6;JABOATAO DOS GUARARAPES;Condutor deixou de manter distância do veículo da frente;Colisão traseira;Com Vítimas Feridas;Pleno dia;Decrescente;Céu Claro;Dupla;"Reta;Em Obras";Não;3;0;0;1;2;0;1;2;-8,183296;-34,964436;SPRF-PE;DEL01-PE;UOP01-DEL01-PE
594935;19/04/2024;sexta-feira;07:00:00;CE;116;341;JAGUARIBE;Demais falhas mecânicas ou elétricas;Incêndio;Sem Vítimas;Pleno dia;Decrescente;Céu Claro;Simples;Reta;Não;2;0;0;0;2;0;0;1;-6,16740522;-38,66023558;SPRF-CE;DEL05-CE;UOP02-DEL05-CE
594936;19/04/2024;sexta-feira;11:10:00;PR;476;136,9;CURITIBA;Reação tardia ou ineficiente do condutor;Colisão traseira;Com Vítimas Feridas;Pleno dia;Decrescente;Sol;Múltipla;"Interseção de Vias;Reta";Sim;3;0;1;0;2;0;1;2;-25,49771999;-49,27672863;SPRF-PR;DEL01-PR;UOP03-DEL01-PR
594937;19/04/2024;sexta-feira;09:40:00;PB;230;415;POMBAL;Acessar a via sem observar a presença dos outros veículos;Colisão transversal;Com Vítimas Feridas;Pleno dia;Crescente;Céu Claro;Simples;"Reta;Declive";Não;2;0;2;0;0;0;2;2;-6,7174;-37,8107;SPRF-PB;DEL03-PB;UOP02-DEL03-PB
594939;19/04/2024;sexta-feira;11:55:00;MG;40;497,3;ESMERALDAS;Ausência de reação do condutor;Colisão traseira;Com Vítimas Feridas;Pleno dia;Decrescente;Céu Claro;Dupla;Reta;Sim;2;0;1;0;1;0;1;2;-19,67802;-44,188215;SPRF-MG;DEL02-MG;UOP01-DEL02-MG
594940;19/04/2024;sexta-feira;11:40:00;MS;163;683;RIO VERDE DE MATO GROSSO;Ausência de reação do condutor;Tombamento;Com Vítimas Feridas;Pleno dia;Crescente;Céu Claro;Simples;Reta;Não;1;0;1;0;0;0;1;1;-18,89822905;-54,84291719;SPRF-MS;DEL06-MS;UOP01-DEL06-MS
594942;19/04/2024;sexta-feira;09:25:00;BA;235;352,1;JUAZEIRO;Manobra de mudança de faixa;Colisão lateral mesmo sentido;Com Vítimas Feridas;Pleno dia;Crescente;Sol;Dupla;Rotatória;Sim;2;0;1;0;1;0;1;2;-9,4077522;-40,50490917;SPRF-PE;DEL06-PE;UOP01-DEL06-PE
594943;19/04/2024;sexta-feira;12:10:00;PR;277;6,8;PARANAGUA;Entrada inopinada do pedestre;Atropelamento de Pedestre;Com Vítimas Feridas;Pleno dia;Decrescente;Céu Claro;Simples;Reta;Sim;2;0;1;0;1;0;1;2;-25,5143751;-48,52221251;SPRF-PR;DEL01-PR;UOP05-DEL01-PR
594944;19/04/2024;sexta-feira;07:05:00;MT;70;42;BARRA DO GARCAS;Condutor Dormindo;Saída de leito carroçável;Com Vítimas Feridas;Pleno dia;Decrescente;Céu Claro;Simples;"Reta;Declive";Não;1;0;1;0;0;0;1;1;-15,7690862;-52,5780752;SPRF-MT;DEL07-MT;UOP01-DEL07-MT
594947;19/04/2024;sexta-feira;12:50:00;SP;116;215;GUARULHOS;Ausência de reação do condutor;Colisão com objeto;Com Vítimas Feridas;Pleno dia;Decrescente;Céu Claro;Múltipla;Reta;Sim;3;0;1;0;2;0;1;1;-23,44695693;-46,45394103;SPRF-SP;DEL01-SP;UOP01-DEL01-SP
594949;19/04/2024;sexta-feira;12:00:00;RJ;101;67;CAMPOS DOS GOYTACAZES;Ingestão de álcool pelo condutor;Colisão transversal;Sem Vítimas;Pleno dia;Crescente;Céu Claro;Simples;Reta;Sim;2;0;0;0;2;0;0;2;-21,76751094;-41,34876249;SPRF-RJ;DEL08-RJ;UOP02-DEL08-RJ
594951;14/03/2024;quinta-feira;15:10:00;PE;424;80,6;GARANHUNS;Chuva;Saída de leito carroçável;Com Vítimas Feridas;Pleno dia;Crescente;Nublado;Simples;Reta;Não;2;0;1;0;1;0;1;1;-8,82538475;-36,55412583;SPRF-PE;DEL03-PE;UOP01-DEL03-PE
594952;19/04/2024;sexta-feira;11:40:00;RO;364;235,4;CACOAL;Reação tardia ou ineficiente do condutor;Colisão traseira;Sem Vítimas;Pleno dia;Decrescente;Céu Claro;Dupla;"Retorno Regulamentado;Reta";Sim;2;0;0;0;2;0;0;2;-11,4506169;-61,4302469;SPRF-RO;DEL02-RO;UOP02-DEL02-RO
594953;19/04/2024;sexta-feira;12:00:00;PR;277;83;CURITIBA;Trafegar com motocicleta (ou similar) entre as faixas;Colisão traseira;Com Vítimas Feridas;Pleno dia;Decrescente;Céu Claro;Dupla;Reta;Sim;3;0;0;1;2;0;1;2;-25,568939;-49,181978;SPRF-PR;DEL01-PR;UOP07-DEL01-PR
594954;19/04/2024;sexta-feira;13:00:00;SC;101;201;SAO JOSE;Manobra de mudança de faixa;Colisão lateral mesmo sentido;Com Vítimas Feridas;Pleno dia;Crescente;Céu Claro;Múltipla;Reta;Sim;3;0;2;0;1;0;2;2;-27,54836599;-48,61977975;SPRF-SC;DEL01-SC;UOP01-DEL01-SC
594955;19/04/2024;sexta-feira;13:30:00;GO;414;410,5;ABADIANIA;Ausência de reação do condutor;Queda de ocupante de veículo;Com Vítimas Feridas;Pleno dia;Crescente;Céu Claro;Simples;Reta;Sim;1;0;1;0;0;0;1;1;-16,05858626;-48,85401759;SPRF-GO;DEL02-GO;UOP01-DEL02-GO
594957;26/01/2024;sexta-feira;08:45:00;CE;20;325,8;CARIDADE;Acessar a via sem observar a presença dos outros veículos;Colisão transversal;Com Vítimas Fatais;Pleno dia;Crescente;Céu Claro;Simples;Interseção de Vias;Sim;4;1;0;0;3;0;0;2;-4,24158307;-39,2043639;SPRF-CE;DEL02-CE;UOP01-DEL02-CE
594959;19/04/2024;sexta-feira;11:00:00;RJ;101;492;ANGRA DOS REIS;Ausência de reação do condutor;Queda de ocupante de veículo;Com Vítimas Feridas;Pleno dia;Decrescente;Céu Claro;Simples;Reta;Sim;1;0;1;0;0;0;1;1;-22,94874989;-44,3279949;SPRF-RJ;DEL03-RJ;UOP03-DEL03-RJ
594960;19/04/2024;sexta-feira;11:25:00;PI;316;315;PICOS;Desrespeitar a preferência no cruzamento;Colisão transversal;Com Vítimas Feridas;Pleno dia;Decrescente;Céu Claro;Simples;Interseção de Vias;Sim;3;0;1;1;1;0;2;2;-7,07951262;-41,43236492;SPRF-PI;DEL04-PI;UOP01-DEL04-PI
594962;06/04/2024;sábado;20:11:00;PR;376;258;CALIFORNIA;Condutor desrespeitou a iluminação vermelha do semáforo;Colisão transversal;Com Vítimas Feridas;Plena Noite;Crescente;Céu Claro;Simples;Interseção de Vias;Sim;2;0;1;0;0;1;1;2;-23,66871599;-51,35796726;SPRF-PR;DEL07-PR;UOP03-DEL07-PR
594963;13/04/2024;sábado;02:15:00;SC;153;65,1;IRANI;Ultrapassagem Indevida;Colisão frontal;Com Vítimas Feridas;Plena Noite;Crescente;Céu Claro;Simples;Reta;Sim;7;0;4;2;1;0;6;2;-27,018208;-51,883216;SPRF-SC;DEL07-SC;UOP04-DEL07-SC
594964;19/04/2024;sexta-feira;13:00:00;MT;364;239;JUSCIMEIRA;Ausência de reação do condutor;Saída de leito carroçável;Com Vítimas Feridas;Pleno dia;Decrescente;Céu Claro;Dupla;Declive;Não;1;0;1;0;0;0;1;1;-16,1876524;-54,78578459;SPRF-MT;DEL02-MT;UOP01-DEL02-MT
594965;19/04/2024;sexta-feira;10:52:00;RJ;101;327;RIO DE JANEIRO;Ausência de reação do condutor;Colisão traseira;Com Vítimas Feridas;Pleno dia;Decrescente;Nublado;Dupla;Reta;Não;3;0;2;0;1;0;2;2;-22,87117393;-43,15595099;SPRF-RJ;DEL02-RJ;UOP01-DEL02-RJ
594966;08/04/2024;segunda-feira;08:10:00;SP;116;220;GUARULHOS;Reação tardia ou ineficiente do condutor;Colisão traseira;Com Vítimas Feridas;Pleno dia;Crescente;Nublado;Múltipla;Reta;Sim;2;0;1;0;1;0;1;2;-23,46472809;-46,49793962;SPRF-SP;DEL01-SP;UOP01-DEL01-SP
594969;19/04/2024;sexta-feira;14:35:00;CE;116;25;ITAITINGA;Transitar no Acostamento;Colisão transversal;Com Vítimas Feridas;Pleno dia;Crescente;Céu Claro;Dupla;"Reta;Aclive";Sim;3;0;3;0;0;0;3;2;-3,92277497;-38,50762327;SPRF-CE;DEL01-CE;UOP02-DEL01-CE
594970;19/04/2024;sexta-feira;11:55:00;SC;101;106,3;PENHA;Carga excessiva e/ou mal acondicionada;Colisão com objeto;Com Vítimas Feridas;Pleno dia;Crescente;Céu Claro;Dupla;Curva;Sim;4;0;1;1;1;1;2;3;-26,81031601;-48,68293896;SPRF-SC;DEL03-SC;UOP02-DEL03-SC
594973;19/04/2024;sexta-feira;14:40:00;ES;101;259;SERRA;Demais falhas mecânicas ou elétricas;Colisão traseira;Com Vítimas Feridas;Pleno dia;Crescente;Céu Claro;Simples;"Reta;Aclive";Sim;6;0;0;1;5;0;1;2;-20,138397;-40,292213;SPRF-ES;DEL02-ES;UOP01-DEL02-ES
594975;19/04/2024;sexta-feira;13:20:00;SC;280;4,6;SAO FRANCISCO DO SUL;Acumulo de areia ou detritos sobre o pavimento;Tombamento;Com Vítimas Feridas;Pleno dia;Decrescente;Céu Claro;Múltipla;Rotatória;Sim;1;0;1;0;0;0;1;1;-26,25329566;-48,61916042;SPRF-SC;DEL03-SC;UOP03-DEL03-SC
594976;19/04/2024;sexta-feira;14:30:00;SC;101;197,8;BIGUACU;Manobra de mudança de faixa;Colisão lateral sentido oposto;Com Vítimas Feridas;Pleno dia;Crescente;Céu Claro;Múltipla;Reta;Sim;2;0;0;1;1;0;1;2;-27,51844497;-48,63848496;SPRF-SC;DEL01-SC;UOP01-DEL01-SC
594977;31/03/2024;domingo;18:00:00;PB;110;76,5;PATOS;Reação tardia ou ineficiente do condutor;Saída de leito carroçável;Com Vítimas Feridas;Plena Noite;Crescente;Chuva;Simples;"Interseção de Vias;Declive";Não;2;0;2;0;0;0;2;1;-6,93528683;-37,40673626;SPRF-PB;DEL03-PB;UOP01-DEL03-PB
594978;19/04/2024;sexta-feira;09:20:00;PB;230;162,3;CAMPINA GRANDE;Acessar a via sem observar a presença dos outros veículos;Colisão transversal;Com Vítimas Feridas;Pleno dia;Crescente;Céu Claro;Simples;Reta;Não;4;0;2;1;1;0;3;2;-7,2277;-35,9439;SPRF-PB;DEL02-PB;UOP01-DEL02-PB
594980;19/04/2024;sexta-feira;15:00:00;DF;251;56;BRASILIA;Condutor Dormindo;Saída de leito carroçável;Com Vítimas Feridas;Pleno dia;Crescente;Céu Claro;Simples;Curva;Não;1;0;1;0;0;0;1;1;-15,98320306;-47,94448505;SPRF-DF;DEL01-DF;UOP01-DEL01-DF
594981;19/04/2024;sexta-feira;15:00:00;MG;365;623;UBERLANDIA;Acessar a via sem observar a presença dos outros veículos;Atropelamento de Pedestre;Com Vítimas Feridas;Pleno dia;Crescente;Céu Claro;Dupla;Reta;Sim;2;0;1;0;1;0;1;2;-18,9100325;-48,30694985;SPRF-MG;DEL15-MG;UOP01-DEL15-MG
594983;19/04/2024;sexta-feira;15:00:00;PR;277;3;FOZ DO IGUACU;Condutor deixou de manter distância do veículo da frente;Colisão traseira;Com Vítimas Feridas;Pleno dia;Crescente;Céu Claro;Dupla;Reta;Sim;2;0;1;0;1;0;1;2;-25,5469;-54,5882;SPRF-PR;DEL05-PR;UOP03-DEL05-PR
594986;19/04/2024;sexta-feira;15:00:00;MS;60;423;SIDROLANDIA;Acessar a via sem observar a presença dos outros veículos;Colisão transversal;Com Vítimas Feridas;Pleno dia;Crescente;Céu Claro;Simples;"Reta;Rotatória;Interseção de Vias";Sim;7;0;2;0;5;0;2;2;-20,91374372;-54,9470444;SPRF-MS;DEL01-MS;UOP04-DEL01-MS
594987;02/03/2024;sábado;10:07:00;AC;364;138;RIO BRANCO;Acessar a via sem observar a presença dos outros veículos;Colisão transversal;Com Vítimas Feridas;Pleno dia;Crescente;Céu Claro;Dupla;Reta;Não;6;0;2;0;4;0;2;2;-9,96112502;-67,85646604;SPRF-AC;DEL01-AC;UOP01-DEL01-AC
594988;31/03/2024;domingo;18:22:00;AC;364;119;RIO BRANCO;Transitar na contramão;Colisão frontal;Com Vítimas Feridas;Plena Noite;Decrescente;Céu Claro;Dupla;Reta;Não;4;0;0;2;2;0;2;2;-10,012444;-67,746305;SPRF-AC;DEL01-AC;UOP01-DEL01-AC
594989;19/04/2024;sexta-feira;12:30:00;ES;262;156;IBATIBA;Acessar a via sem observar a presença dos outros veículos;Colisão transversal;Com Vítimas Feridas;Anoitecer;Crescente;Céu Claro;Simples;"Curva;Aclive";Não;2;0;0;1;1;0;1;2;-20,22986514;-41,47989798;SPRF-ES;DEL01-ES;UOP02-DEL01-ES
594990;19/04/2024;sexta-feira;16:00:00;CE;116;12;FORTALEZA;Velocidade Incompatível;Colisão com objeto;Com Vítimas Feridas;Pleno dia;Crescente;Nublado;Simples;"Declive;Curva";Sim;1;0;1;0;0;0;1;1;-3,852077;-38,495525;SPRF-CE;DEL01-CE;UOP02-DEL01-CE
594993;19/04/2024;sexta-feira;12:00:00;RS;290;357;VILA NOVA DO SUL;Ausência de reação do condutor;Saída de leito carroçável;Com Vítimas Feridas;Pleno dia;Decrescente;Céu Claro;Simples;"Reta;Aclive";Não;1;0;1;0;0;0;1;1;-30,377998;-53,743103;SPRF-RS;DEL09-RS;UOP02-DEL09-RS
594994;19/04/2024;sexta-feira;15:20:00;RR;0;0;BONFIM;Manobra de mudança de faixa;Colisão lateral mesmo sentido;Sem Vítimas;Pleno dia;Não Informado;Nublado;Simples;Reta;Não;3;0;0;0;3;0;0;2;3,01385239;-60,4097314;SPRF-RR;DEL01-RR;UOP01-DEL01-RR
594996;19/04/2024;sexta-feira;17:00:00;MG;40;616,9;CONGONHAS;Desrespeitar a preferência no cruzamento;Colisão transversal;Com Vítimas Feridas;Pleno dia;Decrescente;Ignorado;Simples;"Interseção de Vias;Reta";Sim;2;0;1;0;1;0;1;2;-20,55683393;-43,81417215;SPRF-MG;DEL05-MG;UOP02-DEL05-MG
594997;15/04/2024;segunda-feira;21:30:00;SP;116;297;ITAPECERICA DA SERRA;Ausência de reação do condutor;Colisão lateral mesmo sentido;Sem Vítimas;Plena Noite;Decrescente;Céu Claro;Dupla;Reta;Sim;1;0;0;0;1;0;0;1;-23,78323219;-46,91437053;SPRF-SP;DEL04-SP;UOP01-DEL04-SP
594998;19/04/2024;sexta-feira;16:50:00;RN;101;103;PARNAMIRIM;Condutor deixou de manter distância do veículo da frente;Colisão traseira;Com Vítimas Feridas;Pleno dia;Crescente;Céu Claro;Dupla;Reta;Não;2;0;1;0;1;0;1;2;-5,89034022;-35,24894996;SPRF-RN;DEL01-RN;UOP01-DEL01-RN
595001;19/04/2024;sexta-feira;16:59:00;RS;116;263;CANOAS;Manobra de mudança de faixa;Colisão lateral mesmo sentido;Com Vítimas Feridas;Pleno dia;Decrescente;Céu Claro;Dupla;Reta;Sim;2;0;1;0;1;0;1;2;-29,90545398;-51,17674031;SPRF-RS;DEL01-RS;UOP01-DEL01-RS
595003;19/04/2024;sexta-feira;17:00:00;SC;470;63,3;INDAIAL;Condutor deixou de manter distância do veículo da frente;Colisão traseira;Com Vítimas Feridas;Pleno dia;Decrescente;Céu Claro;Simples;"Declive;Reta";Não;3;0;1;1;1;0;2;2;-26,872396;-49,19228;SPRF-SC;DEL04-SC;UOP01-DEL04-SC
595005;19/04/2024;sexta-feira;17:20:00;PR;476;162,3;ARAUCARIA;Acessar a via sem observar a presença dos outros veículos;Colisão transversal;Com Vítimas Feridas;Anoitecer;Decrescente;Céu Claro;Dupla;Curva;Não;2;0;1;0;0;1;1;2;-25,6290263;-49,45616305;SPRF-PR;DEL01-PR;UOP06-DEL01-PR
595006;19/04/2024;sexta-feira;17:00:00;PE;101;48;ABREU E LIMA;Manobra de mudança de faixa;Colisão lateral mesmo sentido;Com Vítimas Feridas;Anoitecer;Crescente;Céu Claro;Múltipla;Reta;Sim;2;0;1;0;0;1;1;2;-7,89466;-34,903159;SPRF-PE;DEL01-PE;UOP02-DEL01-PE
595007;19/04/2024;sexta-feira;17:00:00;SP;116;222;GUARULHOS;Ausência de reação do condutor;Colisão lateral mesmo sentido;Sem Vítimas;Anoitecer;Decrescente;Céu Claro;Múltipla;Reta;Sim;2;0;0;0;0;2;0;2;-23,47093408;-46,51631097;SPRF-SP;DEL01-SP;UOP01-DEL01-SP
595008;19/04/2024;sexta-feira;17:00:00;PR;369;56;BANDEIRANTES;Ausência de reação do condutor;Colisão traseira;Com Vítimas Feridas;Pleno dia;Crescente;Céu Claro;Simples;"Declive;Reta";Sim;4;0;0;2;2;0;2;2;-23,12203638;-50,37997484;SPRF-PR;DEL07-PR;UOP05-DEL07-PR
595009;19/04/2024;sexta-feira;17:10:00;RS;285;339,6;CARAZINHO;Acessar a via sem observar a presença dos outros veículos;Colisão transversal;Com Vítimas Feridas;Pleno dia;Decrescente;Céu Claro;Simples;"Retorno Regulamentado;Reta";Sim;3;0;1;0;2;0;1;2;-28,31284;-52,788609;SPRF-RS;DEL08-RS;UOP03-DEL08-RS
595011;14/03/2024;quinta-feira;08:00:00;RJ;493;2;ITABORAI;Demais falhas mecânicas ou elétricas;Incêndio;Sem Vítimas;Pleno dia;Crescente;Céu Claro;Simples;Reta;Sim;1;0;0;0;1;0;0;1;-22,75950214;-42,93544822;SPRF-RJ;DEL02-RJ;UOP02-DEL02-RJ
595012;19/04/2024;sexta-feira;14:00:00;SC;116;207,4;PONTE ALTA;Demais falhas mecânicas ou elétricas;Incêndio;Com Vítimas Feridas;Pleno dia;Decrescente;Céu Claro;Simples;Reta;Sim;1;0;1;0;0;0;1;1;-27,48199748;-50,37911479;SPRF-SC;DEL05-SC;UOP03-DEL05-SC
595014;19/04/2024;sexta-feira;16:50:00;BA;324;624;SALVADOR;Trafegar com motocicleta (ou similar) entre as faixas;Colisão lateral mesmo sentido;Com Vítimas Feridas;Pleno dia;Decrescente;Céu Claro;Dupla;Reta;Sim;3;0;2;0;1;0;2;2;-12,941257;-38,470847;SPRF-BA;DEL01-BA;UOP01-DEL01-BA
595015;19/04/2024;sexta-feira;17:30:00;ES;101;57,9;SAO MATEUS;Acessar a via sem observar a presença dos outros veículos;Colisão transversal;Com Vítimas Feridas;Anoitecer;Decrescente;Nublado;Simples;Reta;Não;3;0;2;1;0;0;3;2;-18,64677697;-39,87407788;SPRF-ES;DEL04-ES;UOP02-DEL04-ES
595016;19/04/2024;sexta-feira;15:00:00;MT;364;604;DIAMANTINO;Reação tardia ou ineficiente do condutor;Colisão frontal;Com Vítimas Feridas;Pleno dia;Decrescente;Nublado;Simples;"Declive;Curva";Não;3;0;0;1;2;0;1;2;-14,48029884;-56,23795488;SPRF-MT;DEL01-MT;UOP01-DEL01-MT
595017;19/04/2024;sexta-feira;17:45:00;ES;101;285;CARIACICA;Acessar a via sem observar a presença dos outros veículos;Colisão transversal;Com Vítimas Feridas;Anoitecer;Crescente;Céu Claro;Dupla;"Retorno Regulamentado;Reta";Não;2;0;1;0;1;0;1;2;-20,25148171;-40,37270066;SPRF-ES;DEL01-ES;UOP01-DEL01-ES
595018;19/04/2024;sexta-feira;18:00:00;PR;376;167,8;MARINGA;Ausência de reação do condutor;Colisão com objeto;Sem Vítimas;Anoitecer;Decrescente;Céu Claro;Dupla;Reta;Não;2;0;0;0;2;0;0;1;-23,40324167;-51,99632075;SPRF-PR;DEL09-PR;UOP01-DEL09-PR
595022;19/04/2024;sexta-feira;18:38:00;PE;104;69;CARUARU;Ausência de reação do condutor;Colisão traseira;Com Vítimas Feridas;Plena Noite;Crescente;Céu Claro;Dupla;Reta;Sim;2;0;1;0;1;0;1;2;-8,3196;-35,9912;SPRF-PE;DEL02-PE;UOP01-DEL02-PE
595023;19/04/2024;sexta-feira;18:30:00;SC;101;211,5;PALHOCA;Acessar a via sem observar a presença dos outros veículos;Colisão lateral mesmo sentido;Com Vítimas Feridas;Plena Noite;Decrescente;Céu Claro;Dupla;Reta;Sim;2;0;1;0;1;0;1;2;-27,62329313;-48,65245588;SPRF-SC;DEL01-SC;UOP02-DEL01-SC
595024;19/04/2024;sexta-feira;18:30:00;CE;0;0;FORTALEZA;Ausência de reação do condutor;Colisão lateral mesmo sentido;Sem Vítimas;Plena Noite;Não Informado;Céu Claro;Dupla;Reta;Sim;2;0;0;0;2;0;0;2;-3,761217;-38,522213;SPRF-CE;DEL01-CE;UOP02-DEL01-CE
595025;19/04/2024;sexta-feira;12:00:00;MA;316;197,5;ZE DOCA;Manobra de mudança de faixa;Colisão transversal;Com Vítimas Feridas;Pleno dia;Crescente;Sol;Simples;Reta;Sim;3;0;0;2;1;0;2;2;-3,268695;-45,655586;SPRF-MA;DEL02-MA;UOP01-DEL02-MA
595026;19/04/2024;sexta-feira;18:30:00;MG;40;530;CONTAGEM;Ausência de sinalização;Colisão traseira;Com Vítimas Feridas;Anoitecer;Crescente;Céu Claro;Dupla;"Reta;Aclive";Não;2;0;1;0;1;0;1;2;-19,92064782;-44,0335681;SPRF-MG;DEL01-MG;UOP02-DEL01-MG
595027;19/04/2024;sexta-feira;19:00:00;SC;280;26,9;ARAQUARI;Reação tardia ou ineficiente do condutor;Colisão traseira;Com Vítimas Feridas;Plena Noite;Crescente;Céu Claro;Múltipla;Reta;Sim;2;0;1;0;1;0;1;2;-26,38972308;-48,73411593;SPRF-SC;DEL03-SC;UOP03-DEL03-SC
595028;19/04/2024;sexta-feira;17:50:00;MA;222;673,5;ACAILANDIA;Ausência de reação do condutor;Colisão traseira;Com Vítimas Feridas;Anoitecer;Crescente;Chuva;Simples;"Reta;Aclive";Sim;3;0;0;1;1;1;1;3;-4,92960481;-47,44590111;SPRF-MA;DEL04-MA;UOP03-DEL04-MA
595030;19/04/2024;sexta-feira;18:14:00;RO;435;13;VILHENA;Acessar a via sem observar a presença dos outros veículos;Colisão transversal;Com Vítimas Feridas;Anoitecer;Crescente;Céu Claro;Dupla;Rotatória;Sim;3;0;1;0;2;0;1;2;-12,74086454;-60,13312697;SPRF-RO;DEL04-RO;UOP01-DEL04-RO
595033;19/04/2024;sexta-feira;19:00:00;RS;472;146,7;SANTA ROSA;Ingestão de álcool pelo condutor;Colisão frontal;Com Vítimas Fatais;Plena Noite;Decrescente;Céu Claro;Simples;Curva;Não;6;1;2;2;1;0;4;2;-27,78108874;-54,37308669;SPRF-RS;DEL10-RS;UOP01-DEL10-RS
595034;21/03/2024;quinta-feira;13:25:00;ES;101;267,9;SERRA;Trafegar com motocicleta (ou similar) entre as faixas;Colisão lateral mesmo sentido;Com Vítimas Feridas;Pleno dia;Crescente;Céu Claro;Dupla;Reta;Sim;3;0;0;2;1;0;2;2;-20,19930999;-40,26884609;SPRF-ES;DEL02-ES;UOP01-DEL02-ES
595035;19/04/2024;sexta-feira;16:20:00;BA;324;616;SALVADOR;Ultrapassagem Indevida;Colisão lateral mesmo sentido;Com Vítimas Feridas;Pleno dia;Crescente;Céu Claro;Simples;Curva;Sim;2;0;1;0;1;0;1;2;-12,87957905;-38,43213893;SPRF-BA;DEL01-BA;UOP01-DEL01-BA
595036;19/04/2024;sexta-feira;18:30:00;SC;282;18;PALHOCA;Acessar a via sem observar a presença dos outros veículos;Colisão transversal;Com Vítimas Feridas;Plena Noite;Crescente;Céu Claro;Simples;Reta;Não;2;0;1;0;1;0;1;2;-27,672798;-48,694286;SPRF-SC;DEL01-SC;UOP02-DEL01-SC
595037;19/04/2024;sexta-feira;19:10:00;RS;386;36;FREDERICO WESTPHALEN;Acessar a via sem observar a presença dos outros veículos;Colisão transversal;Com Vítimas Feridas;Plena Noite;Crescente;Céu Claro;Simples;"Reta;Interseção de Vias";Sim;2;0;0;1;1;0;1;2;-27,373381;-53,39772;SPRF-RS;DEL08-RS;UOP02-DEL08-RS
595038;19/04/2024;sexta-feira;17:30:00;PR;369;183,3;ARAPONGAS;Acesso irregular;Colisão transversal;Com Vítimas Feridas;Anoitecer;Decrescente;Céu Claro;Dupla;Reta;Sim;2;0;1;0;1;0;1;2;-23,393;-51,423;SPRF-PR;DEL07-PR;UOP03-DEL07-PR
595039;19/04/2024;sexta-feira;19:00:00;PR;116;123,5;CURITIBA;Trafegar com motocicleta (ou similar) entre as faixas;Colisão lateral mesmo sentido;Com Vítimas Feridas;Plena Noite;Crescente;Céu Claro;Dupla;Reta;Sim;5;0;1;0;4;0;1;4;-25,61542416;-49,31784153;SPRF-PR;DEL01-PR;UOP03-DEL01-PR
595040;19/04/2024;sexta-feira;18:00:00;BA;235;180,1;CANUDOS;Animais na Pista;Atropelamento de Animal;Com Vítimas Feridas;Plena Noite;Decrescente;Céu Claro;Simples;Reta;Não;1;0;1;0;0;0;1;1;-9,9401075;-39,09416199;SPRF-BA;DEL07-BA;UOP01-DEL07-BA
595041;19/04/2024;sexta-feira;18:15:00;SC;101;117,3;ITAJAI;Trafegar com motocicleta (ou similar) entre as faixas;Colisão lateral mesmo sentido;Com Vítimas Feridas;Plena Noite;Crescente;Nublado;Dupla;"Reta;Viaduto";Sim;2;0;0;1;1;0;1;2;-26,88747187;-48,72252969;SPRF-SC;DEL04-SC;UOP04-DEL04-SC
595042;19/04/2024;sexta-feira;18:25:00;PE;232;256,4;ARCOVERDE;Ultrapassagem Indevida;Colisão lateral sentido oposto;Sem Vítimas;Plena Noite;Crescente;Céu Claro;Simples;Reta;Sim;5;0;0;0;3;2;0;5;-8,40988226;-37,09335003;SPRF-PE;DEL04-PE;UOP02-DEL04-PE
595047;19/04/2024;sexta-feira;19:50:00;SC;101;118,3;ITAJAI;Mal súbito do condutor;Tombamento;Com Vítimas Feridas;Plena Noite;Decrescente;Nublado;Dupla;Reta;Não;1;0;0;1;0;0;1;1;-26,895859;-48,71903;SPRF-SC;DEL04-SC;UOP04-DEL04-SC
595048;19/04/2024;sexta-feira;18:10:00;AC;364;124;RIO BRANCO;Manobra de mudança de faixa;Colisão lateral mesmo sentido;Com Vítimas Feridas;Anoitecer;Decrescente;Céu Claro;Dupla;Rotatória;Não;3;0;1;0;0;2;1;2;-10,01200277;-67,79796124;SPRF-AC;DEL01-AC;UOP01-DEL01-AC
595049;19/04/2024;sexta-feira;17:30:00;MT;163;690;LUCAS DO RIO VERDE;Acessar a via sem observar a presença dos outros veículos;Colisão transversal;Sem Vítimas;Anoitecer;Decrescente;Céu Claro;Simples;Reta;Sim;3;0;0;0;3;0;0;2;-13,15897005;-55,97504688;SPRF-MT;DEL06-MT;UOP01-DEL06-MT
595050;19/04/2024;sexta-feira;16:20:00;MG;381;486;BETIM;Ausência de reação do condutor;Colisão traseira;Com Vítimas Feridas;Pleno dia;Decrescente;Céu Claro;Dupla;Reta;Não;2;0;0;1;1;0;1;2;-19,95644414;-44,13611598;SPRF-MG;DEL01-MG;UOP03-DEL01-MG
595051;19/04/2024;sexta-feira;19:08:00;PE;101;71,9;RECIFE;Manobra de mudança de faixa;Colisão traseira;Com Vítimas Feridas;Plena Noite;Decrescente;Céu Claro;Dupla;Reta;Sim;2;0;1;0;0;1;1;2;-8,07663102;-34,94277871;SPRF-PE;DEL01-PE;UOP01-DEL01-PE
595052;19/04/2024;sexta-feira;19:30:00;RS;101;8,3;TORRES;Reação tardia ou ineficiente do condutor;Atropelamento de Pedestre;Com Vítimas Feridas;Plena Noite;Decrescente;Céu Claro;Dupla;Reta;Sim;3;0;2;1;0;0;3;2;-29,36042487;-49,80779711;SPRF-RS;DEL03-RS;UOP02-DEL03-RS