id;data_inversa;dia_semana;horario;uf;br;km;municipio;causa_acidente;tipo_acidente;classificacao_acidente;fase_dia;sentido_via;condicao_metereologica;tipo_pista;tracado_via;uso_solo;pessoas;mortos;feridos_leves;feridos_graves;ilesos;ignorados;feridos;veiculos;latitude;longitude;regional;delegacia;uop
595053;19/04/2024;sexta-feira;18:20:00;BA;324;613;SIMOES FILHO;Trafegar com motocicleta (ou similar) entre as faixas;Colisão lateral mesmo sentido;Com Vítimas Feridas;Plena Noite;Crescente;Céu Claro;Dupla;Reta;Sim;2;0;1;0;1;0;1;2;-12,85531601;-38,42055197;SPRF-BA;DEL01-BA;UOP01-DEL01-BA
595054;19/04/2024;sexta-feira;19:30:00;SC;101;115,5;ITAJAI;Velocidade Incompatível;Colisão lateral mesmo sentido;Com Vítimas Feridas;Plena Noite;Decrescente;Nublado;Dupla;Reta;Sim;2;0;1;0;1;0;1;2;-26,87064015;-48,72954134;SPRF-SC;DEL04-SC;UOP04-DEL04-SC
595055;19/04/2024;sexta-feira;18:30:00;PR;369;129;JATAIZINHO;Entrada inopinada do pedestre;Atropelamento de Pedestre;Com Vítimas Feridas;Anoitecer;Crescente;Céu Claro;Simples;Reta;Não;2;0;1;0;1;0;1;2;-23,26186637;-50,97780168;SPRF-PR;DEL07-PR;UOP01-DEL07-PR
595056;19/04/2024;sexta-feira;20:10:00;SC;101;212,2;PALHOCA;Condutor deixou de manter distância do veículo da frente;Engavetamento;Com Vítimas Feridas;Plena Noite;Decrescente;Céu Claro;Dupla;Reta;Sim;5;0;1;0;3;1;1;4;-27,62996929;-48,65903871;SPRF-SC;DEL01-SC;UOP02-DEL01-SC
595057;19/04/2024;sexta-feira;19:50:00;MG;459;15;POCOS DE CALDAS;Iluminação deficiente;Saída de leito carroçável;Com Vítimas Feridas;Plena Noite;Crescente;Céu Claro;Simples;Reta;Sim;1;0;1;0;0;0;1;1;-21,838104;-46,443806;SPRF-MG;DEL09-MG;UOP01-DEL09-MG
595059;19/04/2024;sexta-feira;20:00:00;PR;369;342;CAMPO MOURAO;Ultrapassagem Indevida;Colisão lateral sentido oposto;Com Vítimas Feridas;Plena Noite;Crescente;Céu Claro;Simples;"Declive;Reta";Não;6;0;2;0;4;0;2;2;-24,088898;-52,395732;SPRF-PR;DEL09-PR;UOP03-DEL09-PR
595060;19/04/2024;sexta-feira;20:25:00;ES;101;167;LINHARES;Acessar a via sem observar a presença dos outros veículos;Colisão transversal;Com Vítimas Feridas;Plena Noite;Decrescente;Céu Claro;Simples;Reta;Não;4;0;1;0;3;0;1;2;-19,52734804;-40,15218496;SPRF-ES;DEL04-ES;UOP01-DEL04-ES
595061;19/04/2024;sexta-feira;18:00:00;RJ;40;94;PETROPOLIS;Curva acentuada;Tombamento;Com Vítimas Feridas;Plena Noite;Crescente;Céu Claro;Dupla;Curva;Sim;1;0;0;1;0;0;1;1;-22,56775856;-43,25093335;SPRF-RJ;DEL01-RJ;UOP01-DEL01-RJ
595062;19/04/2024;sexta-feira;12:30:00;RJ;101;503;ANGRA DOS REIS;Demais falhas mecânicas ou elétricas;Incêndio;Sem Vítimas;Pleno dia;Decrescente;Céu Claro;Simples;Reta;Sim;1;0;0;0;1;0;0;1;-22,92894705;-44,37879998;SPRF-RJ;DEL03-RJ;UOP03-DEL03-RJ
595064;19/04/2024;sexta-feira;19:28:00;SP;116;484;CAJATI;Acessar a via sem observar a presença dos outros veículos;Colisão transversal;Com Vítimas Fatais;Plena Noite;Crescente;Céu Claro;Dupla;Reta;Sim;3;1;0;0;2;0;0;2;-24,72231195;-48,062511;SPRF-SP;DEL05-SP;UOP01-DEL05-SP
595066;19/04/2024;sexta-feira;16:30:00;PE;232;368,4;FLORES;Ausência de reação do condutor;Colisão lateral sentido oposto;Com Vítimas Feridas;Pleno dia;Decrescente;Nublado;Simples;Reta;Não;2;0;0;1;1;0;1;2;-8,03761774;-37,94838391;SPRF-PE;DEL04-PE;UOP01-DEL04-PE
595067;19/04/2024;sexta-feira;18:15:00;MT;70;513;VARZEA GRANDE;Acessar a via sem observar a presença dos outros veículos;Colisão transversal;Com Vítimas Feridas;Plena Noite;Decrescente;Nublado;Simples;Reta;Não;3;0;0;2;1;0;2;2;-15,705835;-56,12621;SPRF-MT;DEL01-MT;UOP02-DEL01-MT
595068;19/04/2024;sexta-feira;19:40:00;SC;101;131;BALNEARIO CAMBORIU;Desrespeitar a preferência no cruzamento;Colisão frontal;Com Vítimas Feridas;Plena Noite;Decrescente;Céu Claro;Simples;Reta;Sim;2;0;0;1;1;0;1;2;-26,99064209;-48,66310912;SPRF-SC;DEL04-SC;UOP03-DEL04-SC
595069;19/04/2024;sexta-feira;19:00:00;RS;472;115,5;BOA VISTA DO BURICA;Acessar a via sem observar a presença dos outros veículos;Colisão transversal;Com Vítimas Feridas;Plena Noite;Decrescente;Céu Claro;Simples;Reta;Sim;2;0;0;1;0;1;1;2;-27,67099527;-54,10441294;SPRF-RS;DEL10-RS;UOP01-DEL10-RS
595072;19/04/2024;sexta-feira;13:30:00;RR;174;223;RORAINOPOLIS;Ausência de reação do condutor;Saída de leito carroçável;Com Vítimas Fatais;Pleno dia;Decrescente;Nublado;Simples;Curva;Não;2;2;0;0;0;0;0;1;1,033659;-60,387623;SPRF-RR;DEL01-RR;UOP01-DEL01-RR
595074;19/04/2024;sexta-feira;19:00:00;RJ;40;111;DUQUE DE CAXIAS;Demais falhas mecânicas ou elétricas;Incêndio;Sem Vítimas;Plena Noite;Crescente;Céu Claro;Múltipla;Reta;Sim;1;0;0;0;1;0;0;1;-22,691868;-43,287453;SPRF-RJ;DEL01-RJ;UOP02-DEL01-RJ
595075;19/04/2024;sexta-feira;18:30:00;MG;262;12,8;MARTINS SOARES;Ausência de reação do condutor;Colisão com objeto;Com Vítimas Feridas;Plena Noite;Crescente;Nublado;Simples;Reta;Não;1;0;0;1;0;0;1;1;-20,25303293;-41,85361008;SPRF-MG;DEL06-MG;UOP03-DEL06-MG
595076;19/04/2024;sexta-feira;20:50:00;PE;423;92,6;GARANHUNS;Ingestão de álcool pelo condutor;Colisão frontal;Sem Vítimas;Plena Noite;Decrescente;Chuva;Simples;Curva;Sim;2;0;0;0;2;0;0;2;-8,8619549;-36,46381174;SPRF-PE;DEL03-PE;UOP01-DEL03-PE
595077;19/04/2024;sexta-feira;17:58:00;RJ;40;73;PETROPOLIS;Acessar a via sem observar a presença dos outros veículos;Colisão transversal;Sem Vítimas;Anoitecer;Crescente;Nublado;Simples;Interseção de Vias;Sim;2;0;0;0;1;1;0;2;-22,46352401;-43,22321103;SPRF-RJ;DEL01-RJ;UOP01-DEL01-RJ
595080;19/04/2024;sexta-feira;19:30:00;RJ;40;122;DUQUE DE CAXIAS;Reação tardia ou ineficiente do condutor;Colisão traseira;Com Vítimas Feridas;Plena Noite;Decrescente;Nublado;Múltipla;Reta;Sim;5;0;2;0;3;0;2;3;-22,79083113;-43,28611569;SPRF-RJ;DEL01-RJ;UOP02-DEL01-RJ
595081;19/04/2024;sexta-feira;21:50:00;RJ;116;82,1;TERESOPOLIS;Transitar na contramão;Colisão frontal;Com Vítimas Feridas;Plena Noite;Decrescente;Nublado;Simples;"Declive;Curva";Não;2;0;0;1;1;0;1;2;-22,4065491;-42,95136745;SPRF-RJ;DEL04-RJ;UOP01-DEL04-RJ
595084;19/04/2024;sexta-feira;22:10:00;RN;101;108;PARNAMIRIM;Ausência de reação do condutor;Queda de ocupante de veículo;Com Vítimas Feridas;Plena Noite;Decrescente;Céu Claro;Simples;Reta;Sim;1;0;1;0;0;0;1;1;-5,92825102;-35,26465683;SPRF-RN;DEL01-RN;UOP01-DEL01-RN
595085;19/04/2024;sexta-feira;21:50:00;PB;230;166;CAMPINA GRANDE;Acesso irregular;Colisão transversal;Com Vítimas Feridas;Plena Noite;Decrescente;Céu Claro;Simples;Reta;Sim;3;0;0;2;1;0;2;2;-7,1976;-35,955;SPRF-PB;DEL02-PB;UOP02-DEL02-PB
595086;19/04/2024;sexta-feira;21:30:00;MG;116;410;GOVERNADOR VALADARES;Ingestão de álcool pelo condutor;Colisão com objeto;Sem Vítimas;Plena Noite;Crescente;Céu Claro;Dupla;Curva;Sim;1;0;0;0;1;0;0;1;-18,855625;-41,975623;SPRF-MG;DEL06-MG;UOP01-DEL06-MG
595090;19/04/2024;sexta-feira;22:40:00;SP;101;49;UBATUBA;Reação tardia ou ineficiente do condutor;Saída de leito carroçável;Com Vítimas Feridas;Plena Noite;Crescente;Nublado;Simples;Reta;Sim;2;0;1;0;0;1;1;2;-23,44410908;-45,08375708;SPRF-SP;DEL06-SP;UOP01-DEL06-SP
595091;19/04/2024;sexta-feira;23:05:00;PR;277;4,5;FOZ DO IGUACU;Velocidade Incompatível;Colisão traseira;Sem Vítimas;Plena Noite;Decrescente;Céu Claro;Dupla;Reta;Sim;2;0;0;0;2;0;0;2;-25,5469;-54,5882;SPRF-PR;DEL05-PR;UOP03-DEL05-PR
595092;19/04/2024;sexta-feira;21:00:00;PR;153;336;IRATI;Conversão proibida;Colisão transversal;Com Vítimas Feridas;Plena Noite;Decrescente;Céu Claro;Simples;"Reta;Interseção de Vias";Não;2;0;0;1;1;0;1;2;-25,49925397;-50,6487;SPRF-PR;DEL08-PR;UOP02-DEL08-PR
595095;19/04/2024;sexta-feira;22:50:00;TO;153;687;CARIRI DO TOCANTINS;Reação tardia ou ineficiente do condutor;Queda de ocupante de veículo;Com Vítimas Feridas;Plena Noite;Decrescente;Céu Claro;Simples;Reta;Não;4;0;2;0;1;1;2;3;-11,84661586;-49,14494829;SPRF-TO;DEL01-TO;UOP02-DEL01-TO
595096;19/04/2024;sexta-feira;22:40:00;MS;262;410,9;TERENOS;Ausência de reação do condutor;Tombamento;Com Vítimas Feridas;Plena Noite;Decrescente;Céu Claro;Simples;"Aclive;Reta";Não;1;0;0;1;0;0;1;1;-20,44270057;-55,12657914;SPRF-MS;DEL01-MS;UOP03-DEL01-MS
595097;19/04/2024;sexta-feira;21:20:00;BA;330;804;JEQUIE;Acessar a via sem observar a presença dos outros veículos;Colisão frontal;Sem Vítimas;Plena Noite;Crescente;Chuva;Simples;Curva;Não;2;0;0;0;2;0;0;1;-13,9747696;-39,95416081;SPRF-BA;DEL03-BA;UOP01-DEL03-BA
595099;19/04/2024;sexta-feira;23:20:00;BA;116;5,9;VITORIA DA CONQUISTA;Pista Escorregadia;Saída de leito carroçável;Com Vítimas Feridas;Plena Noite;Decrescente;Nevoeiro/Neblina;Múltipla;Curva;Não;1;0;1;0;0;0;1;1;-14,82568;-40,88434;SPRF-BA;DEL08-BA;UOP01-DEL08-BA
595100;19/04/2024;sexta-feira;23:30:00;PR;116;105;SAO JOSE DOS PINHAIS;Ausência de reação do condutor;Saída de leito carroçável;Sem Vítimas;Plena Noite;Decrescente;Céu Claro;Dupla;Reta;Não;1;0;0;0;0;1;0;1;-25,56635207;-49,16833598;SPRF-PR;DEL01-PR;UOP07-DEL01-PR
595102;19/04/2024;sexta-feira;23:45:00;SC;282;4;FLORIANOPOLIS;Ingestão de álcool pelo condutor;Colisão traseira;Sem Vítimas;Plena Noite;Crescente;Céu Claro;Múltipla;Reta;Sim;2;0;0;0;2;0;0;2;-27,592646;-48,604034;SPRF-SC;DEL01-SC;UOP01-DEL01-SC
595103;20/04/2024;sábado;00:25:00;SC;101;89;BARRA VELHA;Velocidade Incompatível;Colisão com objeto;Com Vítimas Feridas;Plena Noite;Crescente;Céu Claro;Múltipla;"Declive;Reta";Não;1;0;0;1;0;0;1;1;-26,65175997;-48,68721921;SPRF-SC;DEL03-SC;UOP02-DEL03-SC
595106;20/04/2024;sábado;01:30:00;SC;101;207;SAO JOSE;Reação tardia ou ineficiente do condutor;Colisão traseira;Com Vítimas Feridas;Plena Noite;Crescente;Céu Claro;Múltipla;Reta;Não;2;0;2;0;0;0;2;2;-27,60001226;-48,6226467;SPRF-SC;DEL01-SC;UOP01-DEL01-SC
595107;20/04/2024;sábado;00:15:00;RO;364;520;ARIQUEMES;Animais na Pista;Atropelamento de Animal;Com Vítimas Feridas;Plena Noite;Decrescente;Céu Claro;Simples;Reta;Não;1;0;0;1;0;0;1;1;-9,87961004;-63,05725347;SPRF-RO;DEL03-RO;UOP01-DEL03-RO
595110;19/04/2024;sexta-feira;22:10:00;RS;470;210,5;BENTO GONCALVES;Velocidade Incompatível;Colisão frontal;Com Vítimas Fatais;Plena Noite;Decrescente;Céu Claro;Simples;Curva;Não;4;1;2;0;1;0;2;2;-29,13007252;-51,5419507;SPRF-RS;DEL06-RS;UOP01-DEL06-RS
595112;19/04/2024;sexta-feira;23:40:00;PI;316;5,8;TERESINA;Estacionar ou parar em local proibido;Colisão com objeto;Com Vítimas Feridas;Plena Noite;Crescente;Nublado;Simples;Reta;Sim;3;0;0;2;1;0;2;2;-5,14169858;-42,78157276;SPRF-PI;DEL01-PI;UOP02-DEL01-PI
595114;20/04/2024;sábado;01:37:00;MG;40;524,1;CONTAGEM;Iluminação deficiente;Atropelamento de Pedestre;Com Vítimas Feridas;Plena Noite;Decrescente;Céu Claro;Dupla;Reta;Sim;2;0;0;1;0;1;1;2;-19,8754469;-44,05345586;SPRF-MG;DEL01-MG;UOP02-DEL01-MG
595116;20/04/2024;sábado;03:15:00;GO;153;495;GOIANIA;Velocidade Incompatível;Capotamento;Sem Vítimas;Plena Noite;Decrescente;Céu Claro;Dupla;"Declive;Reta";Sim;1;0;0;0;0;1;0;1;-16,6681;-49,2263;SPRF-GO;DEL01-GO;UOP01-DEL01-GO
595117;20/04/2024;sábado;01:06:00;MS;262;195;RIBAS DO RIO PARDO;Transitar na contramão;Colisão frontal;Com Vítimas Feridas;Plena Noite;Decrescente;Céu Claro;Simples;"Reta;Aclive";Não;3;0;2;1;0;0;3;2;-20,45324988;-53,33869702;SPRF-MS;DEL01-MS;UOP05-DEL01-MS
595118;20/04/2024;sábado;02:30:00;RJ;493;20;MAGE;Conversão proibida;Colisão transversal;Com Vítimas Feridas;Plena Noite;Decrescente;Céu Claro;Simples;Reta;Sim;5;0;2;0;3;0;2;2;-22,66364;-43,036495;SPRF-RJ;DEL04-RJ;UOP02-DEL04-RJ
595119;20/04/2024;sábado;03:45:00;AP;210;3;MACAPA;Transitar na contramão;Colisão lateral sentido oposto;Sem Vítimas;Plena Noite;Decrescente;Ignorado;Dupla;Curva;Sim;2;0;0;0;1;1;0;2;0,08723365;-51,08569007;SPRF-AP;DEL01-AP;UOP01-DEL01-AP
595121;20/04/2024;sábado;02:40:00;RS;290;353,8;SAO SEPE;Ausência de reação do condutor;Colisão com objeto;Com Vítimas Feridas;Plena Noite;Crescente;Céu Claro;Simples;"Em Obras;Reta;Ponte";Não;6;0;4;0;1;1;4;2;-30,37698492;-53,71541977;SPRF-RS;DEL09-RS;UOP02-DEL09-RS
595122;20/04/2024;sábado;03:30:00;TO;226;31;PALMEIRAS DO TOCANTINS;Ausência de reação do condutor;Colisão com objeto;Com Vítimas Feridas;Plena Noite;Decrescente;Céu Claro;Simples;"Declive;Reta";Não;5;0;5;0;0;0;5;1;-6,674898;-47,734661;SPRF-TO;DEL02-TO;UOP03-DEL02-TO
595123;20/04/2024;sábado;02:15:00;SC;282;255;SAO JOSE DO CERRITO;Ausência de reação do condutor;Saída de leito carroçável;Com Vítimas Feridas;Plena Noite;Crescente;Céu Claro;Simples;Rotatória;Sim;2;0;1;0;1;0;1;1;-27,673826;-50,572021;SPRF-SC;DEL05-SC;UOP02-DEL05-SC
595124;20/04/2024;sábado;04:00:00;MG;50;5,5;UBERLANDIA;Ingestão de álcool pelo condutor;Tombamento;Com Vítimas Feridas;Plena Noite;Decrescente;Céu Claro;Dupla;"Curva;Aclive";Não;1;0;1;0;0;0;1;1;-18,8550675;-48,2107818;SPRF-MG;DEL15-MG;UOP01-DEL15-MG
595126;20/04/2024;sábado;03:50:00;PR;376;222;CAMBIRA;Condutor Dormindo;Saída de leito carroçável;Sem Vítimas;Plena Noite;Crescente;Céu Claro;Dupla;Curva;Não;1;0;0;0;1;0;0;1;-23,59676737;-51,58132214;SPRF-PR;DEL09-PR;UOP01-DEL09-PR
595127;20/04/2024;sábado;03:30:00;PR;277;664;MEDIANEIRA;Reação tardia ou ineficiente do condutor;Tombamento;Com Vítimas Feridas;Plena Noite;Crescente;Céu Claro;Dupla;"Reta;Aclive";Não;2;0;1;1;0;0;2;1;-25,25301037;-54,02857196;SPRF-PR;DEL05-PR;UOP02-DEL05-PR
595128;20/04/2024;sábado;00:30:00;PI;343;311;ALTOS;Animais na Pista;Atropelamento de Animal;Sem Vítimas;Plena Noite;Crescente;Nublado;Simples;Reta;Sim;1;0;0;0;1;0;0;1;-5,039865;-42,49408;SPRF-PI;DEL01-PI;UOP01-DEL01-PI
595129;20/04/2024;sábado;03:10:00;PR;116;44;CAMPINA GRANDE DO SUL;Velocidade Incompatível;Colisão com objeto;Com Vítimas Feridas;Plena Noite;Crescente;Nevoeiro/Neblina;Múltipla;Curva;Não;4;0;3;0;0;1;3;1;-25,1882321;-48,88492529;SPRF-PR;DEL01-PR;UOP02-DEL01-PR
595130;20/04/2024;sábado;04:16:00;PR;158;532,5;PATO BRANCO;Mal súbito do condutor;Saída de leito carroçável;Com Vítimas Feridas;Plena Noite;Decrescente;Céu Claro;Simples;Reta;Sim;1;0;1;0;0;0;1;1;-26,21099702;-52,6807167;SPRF-PR;DEL02-PR;UOP01-DEL02-PR
595131;20/04/2024;sábado;05:30:00;SP;116;213;GUARULHOS;Avarias e/ou desgaste excessivo no pneu;Eventos atípicos;Com Vítimas Feridas;Amanhecer;Crescente;Nublado;Múltipla;Reta;Não;2;0;1;0;1;0;1;1;-23,43971486;-46,43667806;SPRF-SP;DEL01-SP;UOP01-DEL01-SP
595135;20/04/2024;sábado;06:25:00;PR;369;426,3;UBIRATA;Transitar na contramão;Colisão frontal;Com Vítimas Fatais;Amanhecer;Decrescente;Céu Claro;Simples;Curva;Não;3;1;0;0;1;1;0;3;-24,533009;-52,948034;SPRF-PR;DEL04-PR;UOP03-DEL04-PR
595136;20/04/2024;sábado;06:50:00;MG;40;525,4;CONTAGEM;Manobra de mudança de faixa;Colisão transversal;Com Vítimas Feridas;Pleno dia;Crescente;Céu Claro;Dupla;"Reta;Viaduto";Sim;2;0;1;0;1;0;1;2;-19,88361702;-44,05039336;SPRF-MG;DEL01-MG;UOP02-DEL01-MG
595137;20/04/2024;sábado;05:30:00;SP;116;157,2;SAO JOSE DOS CAMPOS;Ausência de reação do condutor;Saída de leito carroçável;Sem Vítimas;Amanhecer;Crescente;Céu Claro;Múltipla;Reta;Sim;1;0;0;0;1;0;0;1;-23,25558031;-45,9437828;SPRF-SP;DEL02-SP;UOP01-DEL02-SP
595138;18/04/2024;quinta-feira;05:00:00;MG;262;687;ARAXA;Velocidade Incompatível;Capotamento;Sem Vítimas;Amanhecer;Crescente;Céu Claro;Simples;Curva;Não;1;0;0;0;0;1;0;1;-19,54865;-46,948124;SPRF-MG;DEL08-MG;UOP01-DEL08-MG
595139;20/04/2024;sábado;06:35:00;SC;282;2,9;FLORIANOPOLIS;Velocidade Incompatível;Colisão com objeto;Com Vítimas Feridas;Pleno dia;Crescente;Céu Claro;Múltipla;Reta;Sim;2;0;1;0;0;1;1;2;-27,603289;-48,590416;SPRF-SC;DEL01-SC;UOP01-DEL01-SC
595140;20/04/2024;sábado;06:00:00;RS;392;116,9;CANGUCU;Ingestão de álcool pelo condutor;Saída de leito carroçável;Sem Vítimas;Amanhecer;Crescente;Ignorado;Simples;Reta;Sim;1;0;0;0;1;0;0;1;-31,41716683;-52,66667892;SPRF-RS;DEL07-RS;UOP01-DEL07-RS
595142;23/03/2024;sábado;07:15:00;PI;316;307,9;PICOS;Acessar a via sem observar a presença dos outros veículos;Colisão transversal;Com Vítimas Feridas;Pleno dia;Crescente;Sol;Simples;Reta;Não;2;0;0;2;0;0;2;2;-7,07827269;-41,50174881;SPRF-PI;DEL04-PI;UOP01-DEL04-PI
595143;20/04/2024;sábado;05:30:00;BA;330;792,4;JEQUIE;Animais na Pista;Atropelamento de Animal;Com Vítimas Feridas;Amanhecer;Crescente;Nublado;Simples;"Reta;Aclive";Não;2;0;2;0;0;0;2;1;-13,887287;-40,030036;SPRF-BA;DEL03-BA;UOP01-DEL03-BA
595144;20/04/2024;sábado;06:30:00;SP;116;162;JACAREI;Reação tardia ou ineficiente do condutor;Saída de leito carroçável;Com Vítimas Feridas;Pleno dia;Decrescente;Céu Claro;Dupla;Reta;Não;1;0;1;0;0;0;1;1;-23,28133317;-45,98394689;SPRF-SP;DEL02-SP;UOP01-DEL02-SP
595145;20/04/2024;sábado;06:10:00;DF;60;3;BRASILIA;Acessar a via sem observar a presença dos outros veículos;Colisão traseira;Com Vítimas Feridas;Pleno dia;Decrescente;Céu Claro;Dupla;"Retorno Regulamentado;Reta";Sim;2;0;1;0;0;1;1;2;-15,890521;-48,086864;SPRF-DF;DEL03-DF;UOP01-DEL03-DF
595146;20/04/2024;sábado;07:30:00;RJ;116;194;QUEIMADOS;Reação tardia ou ineficiente do condutor;Colisão traseira;Sem Vítimas;Amanhecer;Decrescente;Céu Claro;Múltipla;Reta;Sim;2;0;0;0;2;0;0;2;-22,73711632;-43,53793909;SPRF-RJ;DEL06-RJ;UOP01-DEL06-RJ
595147;20/04/2024;sábado;06:00:00;RS;153;635,8;BAGE;Ingestão de álcool pelo condutor;Saída de leito carroçável;Sem Vítimas;Amanhecer;Crescente;Céu Claro;Simples;Reta;Não;1;0;0;0;1;0;0;1;-31,37496657;-54,09059406;SPRF-RS;DEL11-RS;UOP03-DEL11-RS
595150;20/04/2024;sábado;06:30:00;RN;101;35;RIO DO FOGO;Ausência de reação do condutor;Tombamento;Com Vítimas Feridas;Pleno dia;Crescente;Garoa/Chuvisco;Dupla;Reta;Não;2;0;2;0;0;0;2;1;-5,408551;-35,35684;SPRF-RN;DEL02-RN;UOP01-DEL02-RN
595155;20/04/2024;sábado;08:00:00;RS;116;265;CANOAS;Fumaça;Incêndio;Sem Vítimas;Pleno dia;Decrescente;Céu Claro;Simples;Reta;Sim;1;0;0;0;1;0;0;1;-29,93083728;-51,1773634;SPRF-RS;DEL01-RS;UOP01-DEL01-RS
595157;20/04/2024;sábado;08:10:00;SP;116;157;SAO JOSE DOS CAMPOS;Trafegar com motocicleta (ou similar) entre as faixas;Colisão lateral mesmo sentido;Com Vítimas Feridas;Pleno dia;Decrescente;Céu Claro;Múltipla;Reta;Sim;2;0;0;1;1;0;1;2;-23,25558031;-45,9437828;SPRF-SP;DEL02-SP;UOP01-DEL02-SP
595159;20/04/2024;sábado;07:40:00;MS;163;370,5;NOVA ALVORADA DO SUL;Avarias e/ou desgaste excessivo no pneu;Tombamento;Com Vítimas Feridas;Pleno dia;Crescente;Céu Claro;Dupla;Reta;Não;1;0;1;0;0;0;1;1;-21,42250376;-54,38565772;SPRF-MS;DEL02-MS;UOP01-DEL02-MS
595161;20/04/2024;sábado;08:30:00;PR;116;1;CAMPINA GRANDE DO SUL;Ausência de reação do condutor;Queda de ocupante de veículo;Com Vítimas Feridas;Pleno dia;Decrescente;Céu Claro;Dupla;Reta;Não;1;0;1;0;0;0;1;1;-25,3514;-49,0599;SPRF-PR;DEL01-PR;UOP02-DEL01-PR
595163;20/04/2024;sábado;08:30:00;RN;226;130,9;CAMPO REDONDO;Chuva;Saída de leito carroçável;Com Vítimas Feridas;Pleno dia;Crescente;Chuva;Simples;"Declive;Curva";Não;2;0;2;0;0;0;2;1;-6,20000973;-36,15312304;SPRF-RN;DEL03-RN;UOP02-DEL03-RN
595164;27/03/2024;quarta-feira;13:00:00;PR;116;121,8;CURITIBA;Ausência de reação do condutor;Queda de ocupante de veículo;Com Vítimas Feridas;Pleno dia;Crescente;Céu Claro;Dupla;Reta;Não;2;0;1;0;1;0;1;1;-25,5599323;-49,30743945;SPRF-PR;DEL01-PR;UOP03-DEL01-PR
595165;20/04/2024;sábado;08:30:00;MG;381;410;NOVA UNIAO;Avarias e/ou desgaste excessivo no pneu;Colisão lateral mesmo sentido;Sem Vítimas;Amanhecer;Decrescente;Nublado;Dupla;Reta;Não;1;0;0;0;0;1;0;1;-19,730993;-43,559857;SPRF-MG;DEL01-MG;UOP01-DEL01-MG
595166;20/04/2024;sábado;08:30:00;PB;230;27;JOAO PESSOA;Velocidade Incompatível;Colisão com objeto;Com Vítimas Feridas;Pleno dia;Decrescente;Chuva;Dupla;Curva;Sim;2;0;1;0;1;0;1;1;-7,16603451;-34,89461405;SPRF-PB;DEL01-PB;UOP01-DEL01-PB
595167;20/04/2024;sábado;08:20:00;SP;381;38;ATIBAIA;Objeto estático sobre o leito carroçável;Colisão com objeto;Com Vítimas Feridas;Pleno dia;Crescente;Céu Claro;Dupla;"Reta;Ponte";Sim;1;0;0;1;0;0;1;1;-23,1133221;-46,57174974;SPRF-SP;DEL03-SP;UOP01-DEL03-SP
595168;20/04/2024;sábado;09:15:00;PR;277;59,9;SAO JOSE DOS PINHAIS;Demais falhas mecânicas ou elétricas;Colisão com objeto;Com Vítimas Feridas;Pleno dia;Decrescente;Sol;Dupla;"Declive;Reta";Não;1;0;1;0;0;0;1;1;-25,57488091;-48,980886;SPRF-PR;DEL01-PR;UOP01-DEL01-PR
595169;20/04/2024;sábado;08:50:00;RN;406;129,4;TAIPU;Velocidade Incompatível;Colisão com objeto;Com Vítimas Feridas;Pleno dia;Crescente;Chuva;Simples;"Curva;Aclive";Não;1;0;1;0;0;0;1;1;-5,6219933;-35,6040879;SPRF-RN;DEL02-RN;UOP01-DEL02-RN
595171;20/04/2024;sábado;08:00:00;RS;116;208,3;PICADA CAFE;Reação tardia ou ineficiente do condutor;Tombamento;Com Vítimas Fatais;Pleno dia;Decrescente;Céu Claro;Simples;Curva;Não;1;1;0;0;0;0;0;1;-29,50493622;-51,1171341;SPRF-RS;DEL05-RS;UOP02-DEL05-RS
595172;20/04/2024;sábado;08:00:00;RJ;101;310;SAO GONCALO;Velocidade Incompatível;Colisão traseira;Com Vítimas Feridas;Pleno dia;Crescente;Céu Claro;Dupla;Reta;Não;3;0;2;0;1;0;2;2;-22,79717023;-43,04404993;SPRF-RJ;DEL02-RJ;UOP02-DEL02-RJ
595176;20/04/2024;sábado;10:15:00;DF;70;14;BRASILIA;Condutor deixou de manter distância do veículo da frente;Colisão traseira;Com Vítimas Feridas;Pleno dia;Decrescente;Céu Claro;Dupla;Reta;Sim;2;0;1;0;1;0;1;2;-15,797312;-48,176056;SPRF-DF;DEL03-DF;UOP02-DEL03-DF
595179;20/04/2024;sábado;08:34:00;TO;153;674;GURUPI;Reação tardia ou ineficiente do condutor;Saída de leito carroçável;Sem Vítimas;Pleno dia;Crescente;Céu Claro;Dupla;"Desvio Temporário;Em Obras";Não;1;0;0;0;1;0;0;1;-11,74596399;-49,08518001;SPRF-TO;DEL01-TO;UOP02-DEL01-TO
595182;20/04/2024;sábado;10:00:00;SC;101;77,2;ARAQUARI;Reação tardia ou ineficiente do condutor;Tombamento;Com Vítimas Feridas;Pleno dia;Crescente;Sol;Dupla;Curva;Não;2;0;2;0;0;0;2;1;-26,57262666;-48,72275591;SPRF-SC;DEL03-SC;UOP02-DEL03-SC
595183;20/04/2024;sábado;10:35:00;MG;365;631;UBERLANDIA;Ausência de reação do condutor;Saída de leito carroçável;Com Vítimas Feridas;Pleno dia;Crescente;Sol;Dupla;Reta;Sim;1;0;1;0;0;0;1;1;-18,89793861;-48,38105894;SPRF-MG;DEL15-MG;UOP01-DEL15-MG
595184;20/04/2024;sábado;11:00:00;CE;222;2;FORTALEZA;Manobra de mudança de faixa;Colisão lateral mesmo sentido;Com Vítimas Feridas;Pleno dia;Decrescente;Garoa/Chuvisco;Múltipla;Declive;Sim;6;0;1;1;4;0;2;2;-3,73911117;-38,58687498;SPRF-CE;DEL01-CE;UOP01-DEL01-CE