id;data_inversa;dia_semana;horario;uf;br;km;municipio;causa_acidente;tipo_acidente;classificacao_acidente;fase_dia;sentido_via;condicao_metereologica;tipo_pista;tracado_via;uso_solo;pessoas;mortos;feridos_leves;feridos_graves;ilesos;ignorados;feridos;veiculos;latitude;longitude;regional;delegacia;uop
595402;20/04/2024;sábado;20:15:00;RO;425;99,7;NOVA MAMORE;Acessar a via sem observar a presença dos outros veículos;Colisão transversal;Com Vítimas Feridas;Plena Noite;Decrescente;Céu Claro;Simples;Reta;Sim;2;0;2;0;0;0;2;2;-10,403116;-65,32756;SPRF-RO;DEL01-RO;UOP03-DEL01-RO
595403;21/04/2024;domingo;05:30:00;GO;153;405,7;PIRENOPOLIS;Condutor Dormindo;Saída de leito carroçável;Com Vítimas Feridas;Amanhecer;Crescente;Céu Claro;Simples;"Reta;Declive";Não;1;0;0;1;0;0;1;1;-16,062551;-49,063637;SPRF-GO;DEL02-GO;UOP02-DEL02-GO
595404;21/04/2024;domingo;07:50:00;GO;70;173;ITAGUARI;Ingestão de álcool pelo condutor;Colisão frontal;Com Vítimas Feridas;Pleno dia;Crescente;Céu Claro;Simples;Reta;Não;3;0;2;0;1;0;2;2;-15,95227697;-49,64479602;SPRF-GO;DEL02-GO;UOP02-DEL02-GO
595405;21/04/2024;domingo;07:40:00;SC;101;150,1;ITAPEMA;Ingestão de álcool pelo condutor;Colisão traseira;Sem Vítimas;Pleno dia;Crescente;Céu Claro;Múltipla;Reta;Sim;4;0;0;0;4;0;0;2;-27,11744799;-48,60940987;SPRF-SC;DEL04-SC;UOP03-DEL04-SC
595406;21/04/2024;domingo;07:30:00;RO;364;199,8;PIMENTA BUENO;Ultrapassagem Indevida;Colisão frontal;Com Vítimas Feridas;Pleno dia;Crescente;Nublado;Simples;Reta;Não;18;0;0;2;16;0;2;2;-11,656226;-61,192055;SPRF-RO;DEL02-RO;UOP02-DEL02-RO
595408;20/04/2024;sábado;05:15:00;PA;230;120;MARABA;Reação tardia ou ineficiente do condutor;Queda de ocupante de veículo;Com Vítimas Fatais;Amanhecer;Crescente;Céu Claro;Dupla;Reta;Sim;2;1;0;1;0;0;1;1;-5,35038318;-49,11434;SPRF-PA;DEL03-PA;UOP01-DEL03-PA
595409;21/04/2024;domingo;04:15:00;RS;392;57,4;RIO GRANDE;Condutor Dormindo;Saída de leito carroçável;Sem Vítimas;Plena Noite;Decrescente;Nevoeiro/Neblina;Dupla;Curva;Não;1;0;0;0;1;0;0;1;-31,81173799;-52,32339689;SPRF-RS;DEL07-RS;UOP02-DEL07-RS
595410;21/04/2024;domingo;08:50:00;PE;101;82;RECIFE;Acessar a via sem observar a presença dos outros veículos;Colisão traseira;Com Vítimas Feridas;Pleno dia;Crescente;Céu Claro;Dupla;Interseção de Vias;Sim;3;0;1;0;2;0;1;2;-8,168383;-34,9376;SPRF-PE;DEL01-PE;UOP01-DEL01-PE
595411;21/04/2024;domingo;08:40:00;PR;277;33,1;MORRETES;Reação tardia ou ineficiente do condutor;Colisão com objeto;Com Vítimas Feridas;Pleno dia;Crescente;Sol;Dupla;"Aclive;Curva";Não;1;0;1;0;0;0;1;1;-25,566684;-48,810855;SPRF-PR;DEL01-PR;UOP05-DEL01-PR
595412;21/04/2024;domingo;09:00:00;PR;116;0;QUATRO BARRAS;Curva acentuada;Saída de leito carroçável;Sem Vítimas;Pleno dia;Crescente;Céu Claro;Dupla;Curva;Sim;1;0;0;0;1;0;0;1;-25,3478;-49,0493;SPRF-PR;DEL01-PR;UOP02-DEL01-PR
595413;17/04/2024;quarta-feira;00:10:00;RS;116;248;SAO LEOPOLDO;Ingestão de álcool pelo condutor;Colisão com objeto;Sem Vítimas;Plena Noite;Decrescente;Céu Claro;Dupla;Reta;Sim;3;0;0;0;2;1;0;2;-29,77749637;-51,15534246;SPRF-RS;DEL01-RS;UOP02-DEL01-RS
595416;21/04/2024;domingo;05:30:00;RJ;101;563;PARATY;Ausência de reação do condutor;Saída de leito carroçável;Sem Vítimas;Amanhecer;Crescente;Céu Claro;Simples;Reta;Não;1;0;0;0;1;0;0;1;-23,13977791;-44,69977498;SPRF-RJ;DEL03-RJ;UOP04-DEL03-RJ
595417;21/04/2024;domingo;08:50:00;MG;116;564;MANHUACU;Reação tardia ou ineficiente do condutor;Saída de leito carroçável;Com Vítimas Feridas;Pleno dia;Decrescente;Nublado;Simples;Curva;Não;2;0;2;0;0;0;2;1;-20,06216515;-42,17191471;SPRF-MG;DEL06-MG;UOP03-DEL06-MG
595418;21/04/2024;domingo;06:45:00;RR;401;66;BONFIM;Ausência de reação do condutor;Saída de leito carroçável;Com Vítimas Feridas;Pleno dia;Decrescente;Céu Claro;Simples;Curva;Não;2;0;1;1;0;0;2;1;3,14970383;-60,2622499;SPRF-RR;DEL01-RR;UOP01-DEL01-RR
595419;21/04/2024;domingo;09:30:00;MG;153;166;COMENDADOR GOMES;Acessar a via sem observar a presença dos outros veículos;Colisão transversal;Com Vítimas Feridas;Pleno dia;Decrescente;Céu Claro;Simples;"Reta;Rotatória;Interseção de Vias";Não;3;0;2;0;1;0;2;2;-19,73158503;-48,97319012;SPRF-MG;DEL13-MG;UOP02-DEL13-MG
595420;21/04/2024;domingo;10:20:00;RN;304;32;MOSSORO;Ausência de reação do condutor;Saída de leito carroçável;Com Vítimas Feridas;Pleno dia;Crescente;Céu Claro;Dupla;Reta;Sim;1;0;0;1;0;0;1;1;-5,13471117;-37,34486327;SPRF-RN;DEL04-RN;UOP02-DEL04-RN
595421;21/04/2024;domingo;07:00:00;PB;116;7,6;CACHOEIRA DOS INDIOS;Reação tardia ou ineficiente do condutor;Saída de leito carroçável;Com Vítimas Feridas;Pleno dia;Crescente;Céu Claro;Simples;"Declive;Reta";Não;3;0;3;0;0;0;3;1;-6,961358;-38,725948;SPRF-CE;DEL05-CE;UOP03-DEL05-CE
595422;18/04/2024;quinta-feira;07:22:00;RJ;116;169;RIO DE JANEIRO;Trafegar com motocicleta (ou similar) entre as faixas;Tombamento;Com Vítimas Feridas;Pleno dia;Decrescente;Garoa/Chuvisco;Dupla;Reta;Sim;1;0;0;1;0;0;1;1;-22,816206;-43,324463;SPRF-RJ;DEL06-RJ;UOP01-DEL06-RJ
595423;21/04/2024;domingo;09:30:00;GO;153;550,6;PIRACANJUBA;Ausência de reação do condutor;Queda de ocupante de veículo;Com Vítimas Feridas;Pleno dia;Crescente;Céu Claro;Dupla;Reta;Não;1;0;1;0;0;0;1;1;-17,141;-49,2154;SPRF-GO;DEL01-GO;UOP03-DEL01-GO
595424;21/04/2024;domingo;10:15:00;RS;116;258;ESTEIO;Afundamento ou ondulação no pavimento;Tombamento;Com Vítimas Feridas;Pleno dia;Decrescente;Céu Claro;Dupla;"Reta;Em Obras";Sim;2;0;2;0;0;0;2;1;-29,85848794;-51,18062806;SPRF-RS;DEL01-RS;UOP02-DEL01-RS
595427;21/04/2024;domingo;10:50:00;GO;50;210;CAMPO ALEGRE DE GOIAS;Ausência de reação do condutor;Saída de leito carroçável;Com Vítimas Feridas;Pleno dia;Crescente;Céu Claro;Dupla;Reta;Não;1;0;1;0;0;0;1;1;-17,647;-47,757;SPRF-GO;DEL06-GO;UOP01-DEL06-GO
595432;21/04/2024;domingo;10:40:00;SC;101;158,2;PORTO BELO;Reação tardia ou ineficiente do condutor;Tombamento;Com Vítimas Feridas;Pleno dia;Decrescente;Céu Claro;Dupla;Reta;Sim;2;0;2;0;0;0;2;1;-27,19096301;-48,61259017;SPRF-SC;DEL04-SC;UOP03-DEL04-SC
595433;21/04/2024;domingo;11:30:00;SC;280;22;ARAQUARI;Acessar a via sem observar a presença dos outros veículos;Colisão transversal;Com Vítimas Feridas;Pleno dia;Crescente;Céu Claro;Simples;Reta;Sim;3;0;2;0;1;0;2;2;-26,37092616;-48,70204099;SPRF-SC;DEL03-SC;UOP03-DEL03-SC
595435;21/04/2024;domingo;10:30:00;RO;319;51;PORTO VELHO;Acessar a via sem observar a presença dos outros veículos;Colisão transversal;Com Vítimas Feridas;Pleno dia;Crescente;Céu Claro;Simples;"Declive;Reta";Não;6;0;2;2;1;1;4;2;-8,72974196;-63,97199897;SPRF-RO;DEL01-RO;UOP01-DEL01-RO
595436;21/04/2024;domingo;12:10:00;MG;40;442,8;PARAOPEBA;Afundamento ou ondulação no pavimento;Queda de ocupante de veículo;Com Vítimas Feridas;Pleno dia;Decrescente;Céu Claro;Dupla;Aclive;Não;1;0;1;0;0;0;1;1;-19,28815;-44,392;SPRF-MG;DEL02-MG;UOP01-DEL02-MG
595437;21/04/2024;domingo;12:00:00;PR;376;4,1;MANDAGUARI;Ausência de sinalização;Colisão lateral mesmo sentido;Com Vítimas Feridas;Pleno dia;Decrescente;Céu Claro;Simples;"Interseção de Vias;Reta";Sim;2;0;1;0;1;0;1;2;-23,547966;-51,671265;SPRF-PR;DEL09-PR;UOP01-DEL09-PR
595440;21/04/2024;domingo;11:55:00;RS;101;83;OSORIO;Demais falhas mecânicas ou elétricas;Queda de ocupante de veículo;Com Vítimas Feridas;Pleno dia;Decrescente;Céu Claro;Dupla;Reta;Não;2;0;2;0;0;0;2;1;-29,85169301;-50,24642896;SPRF-RS;DEL03-RS;UOP01-DEL03-RS
595441;21/04/2024;domingo;12:15:00;MG;40;630,5;CONSELHEIRO LAFAIETE;Ausência de reação do condutor;Colisão traseira;Com Vítimas Feridas;Pleno dia;Decrescente;Céu Claro;Simples;"Declive;Reta";Não;2;0;1;0;1;0;1;2;-20,65824152;-43,80259134;SPRF-MG;DEL05-MG;UOP02-DEL05-MG
595446;21/04/2024;domingo;11:45:00;MT;70;276;PRIMAVERA DO LESTE;Ultrapassagem Indevida;Colisão lateral mesmo sentido;Com Vítimas Feridas;Pleno dia;Decrescente;Céu Claro;Simples;Reta;Sim;2;0;1;0;1;0;1;2;-15,55357814;-54,26204493;SPRF-MT;DEL05-MT;UOP01-DEL05-MT
595448;21/04/2024;domingo;11:10:00;SE;101;73;MARUIM;Acessar a via sem observar a presença dos outros veículos;Colisão transversal;Sem Vítimas;Pleno dia;Decrescente;Sol;Dupla;Reta;Não;3;0;0;0;1;2;0;3;-10,75674403;-37,10467696;SPRF-SE;DEL01-SE;UOP01-DEL01-SE
595449;21/04/2024;domingo;13:40:00;SC;101;145;ITAPEMA;Reação tardia ou ineficiente do condutor;Colisão traseira;Com Vítimas Feridas;Pleno dia;Decrescente;Céu Claro;Múltipla;Reta;Sim;6;0;0;2;4;0;2;5;-27,08139206;-48,60130993;SPRF-SC;DEL04-SC;UOP03-DEL04-SC
595450;21/04/2024;domingo;13:00:00;RJ;116;63;TERESOPOLIS;Reação tardia ou ineficiente do condutor;Capotamento;Com Vítimas Feridas;Pleno dia;Crescente;Céu Claro;Simples;Curva;Sim;1;0;1;0;0;0;1;1;-22,253632;-42,919903;SPRF-RJ;DEL04-RJ;UOP01-DEL04-RJ
595451;21/04/2024;domingo;12:20:00;SC;101;298;LAGUNA;Condutor deixou de manter distância do veículo da frente;Colisão com objeto;Com Vítimas Feridas;Pleno dia;Crescente;Céu Claro;Dupla;Reta;Sim;4;0;1;0;3;0;1;2;-28,32102597;-48,72829906;SPRF-SC;DEL02-SC;UOP03-DEL02-SC
595452;21/04/2024;domingo;11:00:00;SC;470;238,1;CURITIBANOS;Reação tardia ou ineficiente do condutor;Colisão traseira;Com Vítimas Feridas;Pleno dia;Crescente;Sol;Simples;"Curva;Em Obras";Não;3;0;1;0;1;1;1;2;-27,304041;-50,464909;SPRF-SC;DEL05-SC;UOP03-DEL05-SC
595457;21/04/2024;domingo;15:00:00;SE;235;54;ITABAIANA;Ausência de reação do condutor;Colisão traseira;Com Vítimas Feridas;Pleno dia;Crescente;Céu Claro;Simples;Reta;Sim;2;0;0;1;1;0;1;2;-10,676047;-37,443279;SPRF-SE;DEL01-SE;UOP02-DEL01-SE
595458;21/04/2024;domingo;13:30:00;PR;376;236;APUCARANA;Velocidade Incompatível;Colisão com objeto;Com Vítimas Feridas;Pleno dia;Crescente;Céu Claro;Dupla;"Curva;Viaduto";Não;2;0;2;0;0;0;2;1;-23,58521682;-51,47297601;SPRF-PR;DEL07-PR;UOP03-DEL07-PR
595459;21/04/2024;domingo;14:50:00;SC;101;131;BALNEARIO CAMBORIU;Reação tardia ou ineficiente do condutor;Colisão traseira;Com Vítimas Feridas;Pleno dia;Decrescente;Céu Claro;Dupla;Reta;Sim;2;0;1;0;1;0;1;2;-26,99064209;-48,66310912;SPRF-SC;DEL04-SC;UOP03-DEL04-SC
595460;21/04/2024;domingo;14:10:00;RJ;116;103;GUAPIMIRIM;Reação tardia ou ineficiente do condutor;Queda de ocupante de veículo;Com Vítimas Feridas;Pleno dia;Crescente;Céu Claro;Dupla;"Curva;Aclive";Não;2;0;1;0;1;0;1;1;-22,5031646;-42,99910415;SPRF-RJ;DEL04-RJ;UOP01-DEL04-RJ
595461;21/04/2024;domingo;15:30:00;SC;101;185,6;BIGUACU;Reação tardia ou ineficiente do condutor;Colisão traseira;Com Vítimas Feridas;Pleno dia;Crescente;Céu Claro;Dupla;Curva;Sim;3;0;2;0;1;0;2;2;-27,42536698;-48,62465876;SPRF-SC;DEL01-SC;UOP01-DEL01-SC
595462;21/04/2024;domingo;15:15:00;RN;101;122,9;SAO JOSE DE MIPIBU;Ingestão de álcool pelo condutor;Colisão traseira;Sem Vítimas;Pleno dia;Decrescente;Sol;Dupla;Reta;Sim;7;0;0;0;7;0;0;2;-6,0525261;-35,24358535;SPRF-RN;DEL01-RN;UOP01-DEL01-RN
595463;21/04/2024;domingo;16:00:00;PB;101;99;CONDE;Velocidade Incompatível;Tombamento;Com Vítimas Feridas;Pleno dia;Decrescente;Céu Claro;Dupla;Reta;Sim;1;0;1;0;0;0;1;1;-7,2557332;-34,93469152;SPRF-PB;DEL01-PB;UOP02-DEL01-PB
595464;21/04/2024;domingo;15:30:00;MG;40;786,7;JUIZ DE FORA;Velocidade Incompatível;Colisão com objeto;Com Vítimas Feridas;Pleno dia;Decrescente;Céu Claro;Dupla;Curva;Não;1;0;1;0;0;0;1;1;-21,749239;-43,444893;SPRF-MG;DEL05-MG;UOP01-DEL05-MG
595465;21/04/2024;domingo;10:50:00;SP;116;130,8;CACAPAVA;Velocidade Incompatível;Tombamento;Com Vítimas Feridas;Pleno dia;Crescente;Céu Claro;Simples;Interseção de Vias;Não;2;0;0;2;0;0;2;1;-23,12742083;-45,73636609;SPRF-SP;DEL02-SP;UOP02-DEL02-SP
595467;21/04/2024;domingo;15:40:00;ES;101;34;CONCEICAO DA BARRA;Ingestão de álcool pelo condutor;Tombamento;Com Vítimas Feridas;Pleno dia;Crescente;Nublado;Simples;Reta;Não;2;0;1;0;1;0;1;1;-18,45387898;-39,93080307;SPRF-ES;DEL04-ES;UOP02-DEL04-ES
595470;21/04/2024;domingo;16:40:00;BA;324;530;FEIRA DE SANTANA;Velocidade Incompatível;Capotamento;Com Vítimas Feridas;Pleno dia;Crescente;Chuva;Dupla;Curva;Não;2;0;1;0;1;0;1;1;-12,32818491;-38,86174193;SPRF-BA;DEL01-BA;UOP03-DEL01-BA
595471;21/04/2024;domingo;15:30:00;RN;110;34;MOSSORO;Demais falhas mecânicas ou elétricas;Incêndio;Sem Vítimas;Pleno dia;Crescente;Céu Claro;Simples;Reta;Não;1;0;0;0;1;0;0;1;-5,16077999;-37,22144202;SPRF-RN;DEL04-RN;UOP01-DEL04-RN
595473;21/04/2024;domingo;15:10:00;MG;116;763,1;LEOPOLDINA;Ingestão de álcool pelo condutor;Colisão com objeto;Com Vítimas Feridas;Pleno dia;Crescente;Nublado;Simples;Curva;Sim;1;0;1;0;0;0;1;1;-21,52635545;-42,63256914;SPRF-MG;DEL07-MG;UOP01-DEL07-MG
595474;21/04/2024;domingo;16:00:00;CE;222;40,3;CAUCAIA;Acessar a via sem observar a presença dos outros veículos;Colisão transversal;Com Vítimas Feridas;Pleno dia;Decrescente;Céu Claro;Simples;Reta;Não;2;0;2;0;0;0;2;2;-3,68690023;-38,90730706;SPRF-CE;DEL01-CE;UOP03-DEL01-CE
595475;21/04/2024;domingo;15:10:00;MT;163;759;SORRISO;Ingestão de álcool pelo condutor;Saída de leito carroçável;Com Vítimas Feridas;Pleno dia;Decrescente;Chuva;Dupla;"Reta;Retorno Regulamentado";Sim;3;0;0;3;0;0;3;1;-12,50123304;-55,68934321;SPRF-MT;DEL06-MT;UOP01-DEL06-MT
595476;21/04/2024;domingo;17:10:00;RS;471;192;PANTANO GRANDE;Transitar na contramão;Colisão frontal;Com Vítimas Feridas;Pleno dia;Crescente;Céu Claro;Simples;Rotatória;Não;5;0;3;0;2;0;3;2;-30,16532671;-52,37427603;SPRF-RS;DEL02-RS;UOP03-DEL02-RS
595477;21/04/2024;domingo;15:30:00;PI;343;315,4;ALTOS;Avarias e/ou desgaste excessivo no pneu;Colisão transversal;Com Vítimas Feridas;Pleno dia;Decrescente;Garoa/Chuvisco;Simples;Reta;Não;7;0;2;1;4;0;3;3;-5,047249;-42,527164;SPRF-PI;DEL01-PI;UOP01-DEL01-PI
595478;21/04/2024;domingo;14:10:00;RJ;495;1,8;TERESOPOLIS;Retorno proibido;Colisão transversal;Com Vítimas Feridas;Pleno dia;Crescente;Sol;Simples;Reta;Sim;4;0;3;0;1;0;3;2;-22,400555;-42,976154;SPRF-RJ;DEL04-RJ;UOP01-DEL04-RJ
595479;21/04/2024;domingo;15:45:00;RS;158;251,5;JULIO DE CASTILHOS;Ausência de reação do condutor;Saída de leito carroçável;Com Vítimas Feridas;Pleno dia;Crescente;Céu Claro;Simples;Reta;Não;2;0;1;0;1;0;1;1;-29,12788398;-53,64938818;SPRF-RS;DEL10-RS;UOP02-DEL10-RS
595480;21/04/2024;domingo;17:20:00;SP;116;85,5;PINDAMONHANGABA;Ausência de reação do condutor;Engavetamento;Com Vítimas Feridas;Pleno dia;Crescente;Nublado;Dupla;Reta;Sim;4;0;2;0;2;0;2;3;-22,92399602;-45,34815598;SPRF-SP;DEL08-SP;UOP01-DEL08-SP
595481;21/04/2024;domingo;16:30:00;PI;343;25,5;DEMERVAL LOBAO;Chuva;Saída de leito carroçável;Com Vítimas Feridas;Pleno dia;Crescente;Chuva;Dupla;Declive;Sim;2;0;1;0;0;1;1;2;-5,30731981;-42,70586014;SPRF-PI;DEL05-PI;UOP01-DEL05-PI
595482;21/04/2024;domingo;16:00:00;RN;406;159;CEARA-MIRIM;Demais falhas mecânicas ou elétricas;Tombamento;Com Vítimas Feridas;Pleno dia;Crescente;Céu Claro;Simples;Reta;Não;2;0;1;0;1;0;1;1;-5,7065959;-35,37766687;SPRF-RN;DEL02-RN;UOP01-DEL02-RN
595484;21/04/2024;domingo;14:45:00;SC;470;318;CAMPOS NOVOS;Velocidade Incompatível;Saída de leito carroçável;Com Vítimas Feridas;Pleno dia;Crescente;Céu Claro;Simples;Reta;Não;2;0;0;1;0;1;1;2;-27,408455;-51,214985;SPRF-SC;DEL07-SC;UOP06-DEL07-SC
595485;21/04/2024;domingo;16:20:00;GO;60;183;ABADIA DE GOIAS;Frear bruscamente;Colisão com objeto;Sem Vítimas;Pleno dia;Decrescente;Sol;Simples;Reta;Não;2;0;0;0;2;0;0;1;-16,7848;-49,4946;SPRF-GO;DEL01-GO;UOP02-DEL01-GO
595486;21/04/2024;domingo;17:50:00;PE;232;71;GRAVATA;Acessar a via sem observar a presença dos outros veículos;Colisão lateral mesmo sentido;Com Vítimas Feridas;Plena Noite;Decrescente;Céu Claro;Dupla;"Interseção de Vias;Reta;Em Obras;Aclive;Retorno Regulamentado";Não;3;0;1;0;2;0;1;2;-8,18344403;-35,49296599;SPRF-PE;DEL02-PE;UOP02-DEL02PE
595487;21/04/2024;domingo;17:56:00;GO;364;292;MINEIROS;Ingestão de álcool pelo condutor;Colisão com objeto;Com Vítimas Feridas;Pleno dia;Decrescente;Céu Claro;Simples;"Declive;Reta;Ponte";Não;1;0;0;1;0;0;1;1;-17,592047;-52,485863;SPRF-GO;DEL05-GO;UOP01-DEL05-GO
595488;21/04/2024;domingo;18:00:00;PE;424;89,5;GARANHUNS;Animais na Pista;Atropelamento de Animal;Com Vítimas Feridas;Plena Noite;Decrescente;Céu Claro;Simples;Curva;Não;1;0;0;1;0;0;1;1;-8,89138375;-36,50571483;SPRF-PE;DEL03-PE;UOP01-DEL03-PE
595489;21/04/2024;domingo;18:00:00;SP;381;31;ATIBAIA;Ausência de reação do condutor;Queda de ocupante de veículo;Com Vítimas Feridas;Plena Noite;Crescente;Céu Claro;Dupla;Reta;Sim;3;0;1;0;2;0;1;2;-23,0559669;-46,57063716;SPRF-SP;DEL03-SP;UOP02-DEL03-SP
595490;21/04/2024;domingo;18:34:00;MG;381;482;CONTAGEM;Ingestão de álcool pelo condutor;Colisão traseira;Com Vítimas Feridas;Plena Noite;Decrescente;Céu Claro;Dupla;"Aclive;Curva";Sim;3;0;1;0;1;1;1;3;-19,955532;-44,097209;SPRF-MG;DEL01-MG;UOP03-DEL01-MG
595491;21/04/2024;domingo;17:50:00;MG;40;787;JUIZ DE FORA;Velocidade Incompatível;Colisão com objeto;Sem Vítimas;Anoitecer;Crescente;Céu Claro;Dupla;Curva;Não;1;0;0;0;1;0;0;1;-21,73607735;-43,44262787;SPRF-MG;DEL05-MG;UOP01-DEL05-MG
595492;21/04/2024;domingo;17:20:00;PR;476;155;ARAUCARIA;Ausência de reação do condutor;Colisão com objeto;Sem Vítimas;Pleno dia;Crescente;Céu Claro;Dupla;Reta;Sim;1;0;0;0;0;1;0;1;-25,590897;-49,410622;SPRF-PR;DEL01-PR;UOP06-DEL01-PR
595493;21/04/2024;domingo;18:10:00;MG;381;427;CAETE;Ausência de reação do condutor;Saída de leito carroçável;Com Vítimas Feridas;Plena Noite;Decrescente;Céu Claro;Dupla;Curva;Sim;3;0;0;3;0;0;3;1;-19,78854826;-43,69815304;SPRF-MG;DEL01-MG;UOP01-DEL01-MG
595496;21/04/2024;domingo;18:20:00;MG;381;477,2;CONTAGEM;Trafegar com motocicleta (ou similar) entre as faixas;Colisão traseira;Com Vítimas Feridas;Plena Noite;Decrescente;Céu Claro;Múltipla;Reta;Sim;2;0;0;1;1;0;1;2;-19,9587787;-44,0319977;SPRF-MG;DEL01-MG;UOP03-DEL01-MG
595497;21/04/2024;domingo;17:50:00;BA;116;831;VITORIA DA CONQUISTA;Reação tardia ou ineficiente do condutor;Engavetamento;Sem Vítimas;Anoitecer;Decrescente;Garoa/Chuvisco;Simples;Reta;Não;4;0;0;0;4;0;0;4;-14,915778;-40,877833;SPRF-BA;DEL08-BA;UOP01-DEL08-BA
595498;21/04/2024;domingo;17:50:00;MS;158;152,6;APARECIDA DO TABOADO;Animais na Pista;Atropelamento de Animal;Com Vítimas Feridas;Plena Noite;Decrescente;Céu Claro;Simples;Reta;Não;2;0;2;0;0;0;2;1;-20,11578496;-51,17867303;SPRF-MS;DEL08-MS;UOP01-DEL08-MS
595499;21/04/2024;domingo;18:30:00;PR;277;26;MORRETES;Acumulo de areia ou detritos sobre o pavimento;Queda de ocupante de veículo;Com Vítimas Feridas;Plena Noite;Decrescente;Céu Claro;Dupla;Interseção de Vias;Não;1;0;1;0;0;0;1;1;-25,537361;-48,767217;SPRF-PR;DEL01-PR;UOP05-DEL01-PR
595500;21/04/2024;domingo;17:11:00;PR;277;660,3;MATELANDIA;Acumulo de areia ou detritos sobre o pavimento;Saída de leito carroçável;Com Vítimas Fatais;Pleno dia;Decrescente;Céu Claro;Dupla;Curva;Não;1;1;0;0;0;0;0;1;-25,25136237;-53,99027796;SPRF-PR;DEL05-PR;UOP02-DEL05-PR
595501;21/04/2024;domingo;16:20:00;GO;153;248;SAO LUIZ DO NORTE;Reação tardia ou ineficiente do condutor;Queda de ocupante de veículo;Com Vítimas Feridas;Pleno dia;Crescente;Céu Claro;Simples;"Declive;Reta";Não;2;0;2;0;0;0;2;1;-14,900861;-49,348507;SPRF-GO;DEL07-GO;UOP02-DEL07-GO
595502;21/04/2024;domingo;17:30:00;ES;101;17;PEDRO CANARIO;Ausência de reação do condutor;Tombamento;Com Vítimas Feridas;Anoitecer;Decrescente;Céu Claro;Simples;Curva;Não;1;0;1;0;0;0;1;1;-18,30705804;-39,95727392;SPRF-ES;DEL04-ES;UOP02-DEL04-ES
595504;21/04/2024;domingo;17:28:00;SP;381;26;ATIBAIA;Manobra de mudança de faixa;Colisão lateral mesmo sentido;Com Vítimas Feridas;Anoitecer;Crescente;Céu Claro;Múltipla;Reta;Não;2;0;1;0;1;0;1;2;-23,02679312;-46,53612988;SPRF-SP;DEL03-SP;UOP02-DEL03-SP
595505;21/04/2024;domingo;19:20:00;GO;40;1,9;VALPARAISO DE GOIAS;Entrada inopinada do pedestre;Atropelamento de Pedestre;Com Vítimas Feridas;Plena Noite;Decrescente;Céu Claro;Dupla;Reta;Sim;2;0;1;0;1;0;1;2;-16,068982;-47,984243;SPRF-DF;DEL01-DF;UOP01-DEL01-DF
595506;21/04/2024;domingo;19:00:00;RS;386;345,5;LAJEADO;Ingestão de álcool pelo condutor;Tombamento;Sem Vítimas;Plena Noite;Crescente;Céu Claro;Simples;"Curva;Em Obras";Sim;1;0;0;0;1;0;0;1;-29,443069;-51,984135;SPRF-RS;DEL04-RS;UOP01-DEL04-RS
595507;21/04/2024;domingo;18:50:00;MG;365;0,2;MONTES CLAROS;Ausência de reação do condutor;Tombamento;Com Vítimas Feridas;Plena Noite;Crescente;Céu Claro;Simples;Rotatória;Não;1;0;0;1;0;0;1;1;-16,716154;-43,863327;SPRF-MG;DEL12-MG;UOP01-DEL12-MG
595508;21/04/2024;domingo;16:00:00;RN;226;245,8;JUCURUTU;Reação tardia ou ineficiente do condutor;Colisão com objeto;Com Vítimas Feridas;Pleno dia;Crescente;Nublado;Simples;"Declive;Curva";Sim;1;0;0;1;0;0;1;1;-6,0331186;-37,01394951;SPRF-RN;DEL03-RN;UOP01-DEL03-RN
595510;21/04/2024;domingo;17:30:00;SC;101;309,4;LAGUNA;Velocidade Incompatível;Colisão com objeto;Com Vítimas Fatais;Anoitecer;Decrescente;Céu Claro;Múltipla;Reta;Sim;1;1;0;0;0;0;0;1;-28,4296376;-48,8033845;SPRF-SC;DEL02-SC;UOP01-DEL02-SC
595511;21/04/2024;domingo;19:40:00;SC;101;143;ITAPEMA;Ingestão de álcool pelo condutor;Colisão lateral mesmo sentido;Sem Vítimas;Plena Noite;Decrescente;Céu Claro;Dupla;Reta;Sim;2;0;0;0;2;0;0;2;-27,06436;-48,59599405;SPRF-SC;DEL04-SC;UOP03-DEL04-SC
595512;21/04/2024;domingo;17:00:00;MG;365;751,2;ITUIUTABA;Ingestão de álcool pelo condutor;Colisão com objeto;Com Vítimas Feridas;Pleno dia;Decrescente;Sol;Dupla;Curva;Sim;1;0;1;0;0;0;1;1;-18,95086956;-49,46432233;SPRF-MG;DEL15-MG;UOP03-DEL15-MG
595514;21/04/2024;domingo;19:40:00;RS;116;269;CANOAS;Acessar a via sem observar a presença dos outros veículos;Colisão traseira;Com Vítimas Feridas;Plena Noite;Decrescente;Céu Claro;Múltipla;Reta;Sim;2;0;1;0;1;0;1;2;-29,95942501;-51,17608515;SPRF-RS;DEL01-RS;UOP01-DEL01-RS
595515;21/04/2024;domingo;18:05:00;MT;163;831;SINOP;Desrespeitar a preferência no cruzamento;Colisão transversal;Com Vítimas Feridas;Plena Noite;Crescente;Céu Claro;Dupla;"Interseção de Vias;Retorno Regulamentado;Curva";Sim;3;0;0;1;1;1;1;3;-11,89184946;-55,50311208;SPRF-MT;DEL06-MT;UOP02-DEL06-MT
595517;21/04/2024;domingo;19:28:00;RS;470;217;BENTO GONCALVES;Acessar a via sem observar a presença dos outros veículos;Colisão transversal;Com Vítimas Feridas;Plena Noite;Decrescente;Céu Claro;Dupla;"Interseção de Vias;Rotatória";Sim;2;0;1;0;1;0;1;2;-29,16462512;-51,52551964;SPRF-RS;DEL06-RS;UOP01-DEL06-RS