id;data_inversa;dia_semana;horario;uf;br;km;municipio;causa_acidente;tipo_acidente;classificacao_acidente;fase_dia;sentido_via;condicao_metereologica;tipo_pista;tracado_via;uso_solo;pessoas;mortos;feridos_leves;feridos_graves;ilesos;ignorados;feridos;veiculos;latitude;longitude;regional;delegacia;uop
595634;22/04/2024;segunda-feira;08:02:00;SC;101;132,6;BALNEARIO CAMBORIU;Reação tardia ou ineficiente do condutor;Colisão lateral mesmo sentido;Com Vítimas Feridas;Pleno dia;Crescente;Céu Claro;Múltipla;Reta;Sim;3;0;1;0;2;0;1;3;-26,99654133;-48,65564711;SPRF-SC;DEL04-SC;UOP03-DEL04-SC
595635;22/04/2024;segunda-feira;08:16:00;SC;101;203,6;SAO JOSE;Manobra de mudança de faixa;Colisão lateral mesmo sentido;Com Vítimas Feridas;Pleno dia;Crescente;Céu Claro;Múltipla;Reta;Sim;3;0;0;2;1;0;2;2;-27,5650044;-48,61460082;SPRF-SC;DEL01-SC;UOP01-DEL01-SC
595637;22/04/2024;segunda-feira;09:15:00;BA;116;415;FEIRA DE SANTANA;Condutor deixou de manter distância do veículo da frente;Colisão traseira;Com Vítimas Feridas;Pleno dia;Crescente;Céu Claro;Dupla;Reta;Sim;2;0;1;0;1;0;1;2;-12,159639;-38,9648641;SPRF-BA;DEL02-BA;UOP01-DEL02-BA
595638;22/04/2024;segunda-feira;07:50:00;RJ;116;148;DUQUE DE CAXIAS;Acessar a via sem observar a presença dos outros veículos;Colisão lateral mesmo sentido;Com Vítimas Feridas;Pleno dia;Crescente;Céu Claro;Dupla;Curva;Sim;4;0;1;1;2;0;2;2;-22,6723488;-43,28215398;SPRF-RJ;DEL01-RJ;UOP02-DEL01-RJ
595639;06/04/2024;sábado;12:30:00;RJ;40;50;PETROPOLIS;Ausência de reação do condutor;Queda de ocupante de veículo;Com Vítimas Feridas;Pleno dia;Decrescente;Céu Claro;Dupla;Reta;Não;2;0;0;1;1;0;1;1;-22,31806204;-43,13158166;SPRF-RJ;DEL05-RJ;UOP02-DEL05-RJ
595640;22/04/2024;segunda-feira;08:20:00;RJ;101;61;CAMPOS DOS GOYTACAZES;Ausência de reação do condutor;Colisão lateral mesmo sentido;Com Vítimas Feridas;Pleno dia;Crescente;Sol;Simples;Reta;Sim;2;0;1;0;0;1;1;2;-21,72655788;-41,32133519;SPRF-RJ;DEL08-RJ;UOP01-DEL08-RJ
595641;22/04/2024;segunda-feira;09:30:00;MG;381;493,4;BETIM;Ausência de reação do condutor;Saída de leito carroçável;Sem Vítimas;Pleno dia;Decrescente;Céu Claro;Múltipla;Reta;Sim;1;0;0;0;1;0;0;1;-19,95594491;-44,10721699;SPRF-MG;DEL01-MG;UOP03-DEL01-MG
595642;22/04/2024;segunda-feira;07:00:00;RJ;393;107;SAPUCAIA;Reação tardia ou ineficiente do condutor;Saída de leito carroçável;Com Vítimas Fatais;Pleno dia;Crescente;Céu Claro;Simples;Reta;Sim;2;1;1;0;0;0;1;1;-21,87869149;-42,67853056;SPRF-RJ;DEL05-RJ;UOP01-DEL05-RJ
595643;22/04/2024;segunda-feira;08:40:00;PI;343;3;TERESINA;Condutor deixou de manter distância do veículo da frente;Colisão lateral mesmo sentido;Com Vítimas Feridas;Pleno dia;Decrescente;Céu Claro;Simples;Reta;Sim;3;0;1;0;2;0;1;3;-5,0566583;-42,684149;SPRF-PI;DEL01-PI;UOP01-DEL01-PI
595644;22/04/2024;segunda-feira;08:22:00;SC;101;205,1;PENHA;Manobra de mudança de faixa;Colisão lateral mesmo sentido;Com Vítimas Feridas;Pleno dia;Crescente;Céu Claro;Dupla;Reta;Sim;2;0;1;0;0;1;1;2;-26,80215497;-48,67891041;SPRF-SC;DEL01-SC;UOP01-DEL01-SC
595645;22/04/2024;segunda-feira;07:50:00;GO;153;493,1;GOIANIA;Reação tardia ou ineficiente do condutor;Saída de leito carroçável;Com Vítimas Feridas;Pleno dia;Decrescente;Céu Claro;Dupla;Reta;Sim;2;0;1;0;1;0;1;1;-16,6537;-49,2172;SPRF-GO;DEL01-GO;UOP01-DEL01-GO
595646;22/04/2024;segunda-feira;08:55:00;MG;381;477,5;CONTAGEM;Ausência de reação do condutor;Engavetamento;Sem Vítimas;Pleno dia;Decrescente;Céu Claro;Dupla;"Aclive;Reta";Sim;3;0;0;0;3;0;0;3;-19,95967195;-44,03383076;SPRF-MG;DEL01-MG;UOP03-DEL01-MG
595651;21/04/2024;domingo;15:45:00;BA;324;580;CANDEIAS;Chuva;Queda de ocupante de veículo;Com Vítimas Feridas;Pleno dia;Crescente;Chuva;Dupla;Reta;Sim;1;0;1;0;0;0;1;1;-12,59913862;-38,50896481;SPRF-BA;DEL01-BA;UOP01-DEL01-BA
595653;22/04/2024;segunda-feira;01:40:00;MA;316;481;CODO;Reação tardia ou ineficiente do condutor;Capotamento;Com Vítimas Feridas;Plena Noite;Crescente;Céu Claro;Simples;"Curva;Aclive";Não;1;0;0;1;0;0;1;1;-4,625178;-43,905014;SPRF-MA;DEL03-MA;UOP02-DEL03-MA
595656;22/04/2024;segunda-feira;09:00:00;GO;60;24;ALEXANIA;Reação tardia ou ineficiente do condutor;Colisão transversal;Com Vítimas Feridas;Pleno dia;Crescente;Céu Claro;Dupla;"Aclive;Retorno Regulamentado";Não;3;0;1;0;1;1;1;3;-16,0963;-48,5202;SPRF-DF;DEL03-DF;UOP01-DEL03-DF
595658;22/04/2024;segunda-feira;06:40:00;SC;280;113,5;SAO BENTO DO SUL;Condutor Dormindo;Saída de leito carroçável;Com Vítimas Feridas;Amanhecer;Crescente;Nevoeiro/Neblina;Simples;Reta;Não;1;0;0;1;0;0;1;1;-26,29873518;-49,39799743;SPRF-SC;DEL06-SC;UOP03-DEL06-SC
595659;03/04/2024;quarta-feira;20:15:00;BA;324;617;SALVADOR;Reação tardia ou ineficiente do condutor;Queda de ocupante de veículo;Com Vítimas Feridas;Plena Noite;Crescente;Ignorado;Dupla;Reta;Sim;2;0;2;0;0;0;2;1;-12,8860325;-38,43806469;SPRF-BA;DEL01-BA;UOP01-DEL01-BA
595660;22/04/2024;segunda-feira;09:40:00;BA;410;15;TUCANO;Avarias e/ou desgaste excessivo no pneu;Capotamento;Com Vítimas Feridas;Pleno dia;Decrescente;Céu Claro;Simples;Curva;Não;3;0;1;0;2;0;1;1;-10,88352517;-38,64735791;SPRF-BA;DEL07-BA;UOP02-DEL07-BA
595662;22/04/2024;segunda-feira;11:15:00;SC;101;252,9;PAULO LOPES;Reação tardia ou ineficiente do condutor;Saída de leito carroçável;Com Vítimas Feridas;Pleno dia;Crescente;Céu Claro;Simples;"Curva;Interseção de Vias";Não;2;0;2;0;0;0;2;1;-27,96605966;-48,6799854;SPRF-SC;DEL02-SC;UOP03-DEL02-SC
595663;29/03/2024;sexta-feira;05:49:00;BA;324;520;FEIRA DE SANTANA;Reação tardia ou ineficiente do condutor;Tombamento;Com Vítimas Feridas;Amanhecer;Decrescente;Céu Claro;Dupla;Reta;Sim;1;0;1;0;0;0;1;1;-12,27376054;-38,93366564;SPRF-BA;DEL01-BA;UOP03-DEL01-BA
595664;22/04/2024;segunda-feira;06:00:00;CE;116;293;JAGUARIBE;Conversão proibida;Colisão transversal;Com Vítimas Fatais;Pleno dia;Decrescente;Céu Claro;Simples;Reta;Não;2;1;0;0;1;0;0;2;-5,802092;-38,530334;SPRF-CE;DEL05-CE;UOP02-DEL05-CE
595665;22/04/2024;segunda-feira;11:30:00;MG;262;366;JUATUBA;Ausência de reação do condutor;Queda de ocupante de veículo;Com Vítimas Feridas;Pleno dia;Crescente;Céu Claro;Dupla;Reta;Não;1;0;0;1;0;0;1;1;-19,974217;-44,261798;SPRF-MG;DEL01-MG;UOP03-DEL01-MG
595666;22/04/2024;segunda-feira;10:30:00;MT;70;2,9;BARRA DO GARCAS;Acessar a via sem observar a presença dos outros veículos;Colisão transversal;Com Vítimas Feridas;Pleno dia;Decrescente;Céu Claro;Dupla;"Reta;Retorno Regulamentado";Sim;2;0;1;0;1;0;1;2;-15,88749699;-52,26810568;SPRF-MT;DEL07-MT;UOP01-DEL07-MT
595669;07/04/2024;domingo;06:20:00;PR;277;445;LARANJEIRAS DO SUL;Velocidade Incompatível;Colisão com objeto;Com Vítimas Feridas;Amanhecer;Crescente;Céu Claro;Simples;Reta;Não;1;0;1;0;0;0;1;1;-25,37128515;-52,31179997;SPRF-PR;DEL04-PR;UOP02-DEL04-PR
595670;22/04/2024;segunda-feira;12:20:00;RJ;116;171;RIO DE JANEIRO;Avarias e/ou desgaste excessivo no pneu;Tombamento;Com Vítimas Feridas;Pleno dia;Crescente;Céu Claro;Dupla;Reta;Sim;2;0;2;0;0;0;2;1;-22,80820297;-43,33895087;SPRF-RJ;DEL06-RJ;UOP01-DEL06-RJ
595672;16/02/2024;sexta-feira;13:10:00;TO;153;137;ARAGUAINA;Velocidade Incompatível;Colisão traseira;Com Vítimas Feridas;Pleno dia;Crescente;Nublado;Dupla;"Retorno Regulamentado;Reta";Sim;4;0;2;0;2;0;2;3;-7,14630299;-48,20255603;SPRF-TO;DEL02-TO;UOP01-DEL02-TO
595674;22/04/2024;segunda-feira;12:28:00;RN;101;84,1;NATAL;Manobra de mudança de faixa;Colisão transversal;Com Vítimas Feridas;Pleno dia;Crescente;Céu Claro;Dupla;Reta;Sim;2;0;2;0;0;0;2;2;-5,774175;-35,2578;SPRF-RN;DEL02-RN;UOP01-DEL02-RN
595675;22/04/2024;segunda-feira;12:00:00;SC;470;33,1;GASPAR;Acessar a via sem observar a presença dos outros veículos;Colisão lateral mesmo sentido;Com Vítimas Feridas;Pleno dia;Crescente;Céu Claro;Simples;Reta;Sim;3;0;2;0;1;0;2;2;-26,906223;-48,940575;SPRF-SC;DEL04-SC;UOP01-DEL04-SC
595676;22/04/2024;segunda-feira;10:40:00;PR;376;592;CURITIBA;Trafegar com motocicleta (ou similar) entre as faixas;Tombamento;Com Vítimas Feridas;Pleno dia;Crescente;Sol;Dupla;Reta;Sim;1;0;1;0;0;0;1;1;-25,46833525;-49,35524543;SPRF-PR;DEL01-PR;UOP06-DEL01-PR
595680;22/04/2024;segunda-feira;13:00:00;PA;230;121;MARABA;Ausência de reação do condutor;Colisão transversal;Com Vítimas Feridas;Pleno dia;Crescente;Céu Claro;Dupla;Retorno Regulamentado;Sim;2;0;1;0;1;0;1;2;-5,35297407;-49,12143673;SPRF-PA;DEL03-PA;UOP01-DEL03-PA
595681;22/04/2024;segunda-feira;03:00:00;RS;470;285;MONTENEGRO;Ingestão de álcool pelo condutor;Saída de leito carroçável;Sem Vítimas;Plena Noite;Crescente;Nublado;Simples;Reta;Não;1;0;0;0;1;0;0;1;-29,63478984;-51,46930678;SPRF-RS;DEL06-RS;UOP01-DEL06-RS
595682;22/04/2024;segunda-feira;13:00:00;GO;50;176;CAMPO ALEGRE DE GOIAS;Condutor Dormindo;Saída de leito carroçável;Com Vítimas Feridas;Pleno dia;Decrescente;Céu Claro;Dupla;Reta;Não;2;0;2;0;0;0;2;1;-17,3808;-47,7853;SPRF-GO;DEL06-GO;UOP01-DEL06-GO
595684;22/04/2024;segunda-feira;08:40:00;SC;163;72;SAO MIGUEL DO OESTE;Acessar a via sem observar a presença dos outros veículos;Colisão transversal;Com Vítimas Feridas;Pleno dia;Decrescente;Céu Claro;Dupla;Reta;Sim;2;0;1;0;1;0;1;2;-26,71908804;-53,5157791;SPRF-SC;DEL07-SC;UOP03-DEL07-SC
595685;22/04/2024;segunda-feira;13:30:00;RJ;101;478;ANGRA DOS REIS;Conversão proibida;Colisão traseira;Com Vítimas Feridas;Pleno dia;Decrescente;Sol;Simples;Curva;Sim;2;0;1;0;1;0;1;2;-23,00246527;-44,27270594;SPRF-RJ;DEL03-RJ;UOP03-DEL03-RJ
595686;22/04/2024;segunda-feira;13:10:00;MG;116;522,1;UBAPORANGA;Acessar a via sem observar a presença dos outros veículos;Colisão transversal;Com Vítimas Feridas;Pleno dia;Decrescente;Sol;Simples;Retorno Regulamentado;Sim;2;0;1;0;1;0;1;2;-19,748342;-42,132805;SPRF-MG;DEL06-MG;UOP02-DEL06-MG
595687;21/04/2024;domingo;12:37:00;MA;402;50,5;MORROS;Avarias e/ou desgaste excessivo no pneu;Saída de leito carroçável;Com Vítimas Feridas;Pleno dia;Decrescente;Céu Claro;Simples;Reta;Não;3;0;3;0;0;0;3;1;-2,854027;-43,946232;SPRF-MA;DEL01-MA;UOP01-DEL01-MA
595696;22/04/2024;segunda-feira;13:15:00;RJ;101;313;SAO GONCALO;Manobra de mudança de faixa;Colisão traseira;Com Vítimas Feridas;Pleno dia;Crescente;Céu Claro;Dupla;Reta;Não;3;0;2;0;1;0;2;2;-22,81049093;-43,06983304;SPRF-RJ;DEL02-RJ;UOP02-DEL02-RJ
595697;13/04/2024;sábado;19:45:00;BA;110;225;NOVA SOURE;Ultrapassagem Indevida;Colisão frontal;Com Vítimas Feridas;Plena Noite;Decrescente;Céu Claro;Simples;Reta;Não;8;0;2;4;2;0;6;3;-11,29856097;-38,41511398;SPRF-BA;DEL07-BA;UOP02-DEL07-BA
595699;22/04/2024;segunda-feira;14:20:00;SC;101;38;JOINVILLE;Desrespeitar a preferência no cruzamento;Colisão transversal;Com Vítimas Feridas;Pleno dia;Decrescente;Sol;Simples;Interseção de Vias;Sim;2;0;1;0;1;0;1;2;-26,29643241;-48,8838011;SPRF-SC;DEL03-SC;UOP01-DEL03-SC
595701;26/01/2024;sexta-feira;09:42:00;RS;158;334;SANTA MARIA;Acessar a via sem observar a presença dos outros veículos;Colisão frontal;Com Vítimas Feridas;Pleno dia;Decrescente;Céu Claro;Simples;"Interseção de Vias;Reta";Sim;3;0;1;1;1;0;2;2;-29,70756801;-53,87385249;SPRF-RS;DEL09-RS;UOP01-DEL09-RS
595704;09/03/2024;sábado;09:00:00;RS;470;231;CARLOS BARBOSA;Acessar a via sem observar a presença dos outros veículos;Colisão lateral mesmo sentido;Com Vítimas Feridas;Pleno dia;Crescente;Céu Claro;Dupla;Reta;Sim;2;0;1;0;1;0;1;2;-29,23579206;-51,51193423;SPRF-RS;DEL06-RS;UOP01-DEL06-RS
595706;22/04/2024;segunda-feira;15:45:00;RJ;40;91;PETROPOLIS;Reação tardia ou ineficiente do condutor;Queda de ocupante de veículo;Com Vítimas Feridas;Pleno dia;Crescente;Céu Claro;Dupla;Curva;Não;2;0;2;0;0;0;2;1;-22,54903566;-43,24229724;SPRF-RJ;DEL01-RJ;UOP01-DEL01-RJ
595707;22/04/2024;segunda-feira;12:49:00;MG;116;724;LARANJAL;Manobra de mudança de faixa;Colisão lateral mesmo sentido;Com Vítimas Feridas;Pleno dia;Crescente;Sol;Múltipla;Reta;Não;3;0;1;0;1;1;1;3;-21,27874453;-42,41237825;SPRF-MG;DEL07-MG;UOP02-DEL07-MG
595709;22/04/2024;segunda-feira;16:00:00;RJ;116;185;NOVA IGUACU;Ausência de reação do condutor;Colisão traseira;Com Vítimas Feridas;Pleno dia;Crescente;Sol;Múltipla;Reta;Não;3;0;1;1;1;0;2;2;-22,74151051;-43,45351823;SPRF-RJ;DEL06-RJ;UOP01-DEL06-RJ
595710;22/04/2024;segunda-feira;16:18:00;ES;101;127;SOORETAMA;Manobra de mudança de faixa;Colisão lateral mesmo sentido;Sem Vítimas;Pleno dia;Crescente;Nublado;Múltipla;Reta;Sim;3;0;0;0;3;0;0;2;-19,202898;-40,095524;SPRF-ES;DEL04-ES;UOP01-DEL04-ES
595711;22/04/2024;segunda-feira;15:00:00;SC;282;529;XAXIM;Reação tardia ou ineficiente do condutor;Colisão traseira;Sem Vítimas;Pleno dia;Decrescente;Garoa/Chuvisco;Simples;Curva;Não;2;0;0;0;2;0;0;2;-26,982185;-52,59734;SPRF-SC;DEL07-SC;UOP01-DEL07-SC
595714;22/04/2024;segunda-feira;16:45:00;SC;282;16,5;PALHOCA;Trafegar com motocicleta (ou similar) entre as faixas;Atropelamento de Pedestre;Com Vítimas Feridas;Pleno dia;Decrescente;Céu Claro;Simples;Reta;Sim;2;0;1;0;1;0;1;2;-27,658611;-48,681847;SPRF-SC;DEL01-SC;UOP02-DEL01-SC
595717;22/04/2024;segunda-feira;12:25:00;MG;381;556,5;ITAGUARA;Condutor Dormindo;Saída de leito carroçável;Com Vítimas Feridas;Pleno dia;Decrescente;Céu Claro;Dupla;Curva;Não;2;0;0;2;0;0;2;1;-20,36068712;-44,46666568;SPRF-MG;DEL04-MG;UOP03-DEL04-MG
595718;22/04/2024;segunda-feira;17:15:00;PE;101;72,1;RECIFE;Acessar a via sem observar a presença dos outros veículos;Atropelamento de Pedestre;Com Vítimas Feridas;Anoitecer;Crescente;Céu Claro;Dupla;Curva;Sim;2;0;2;0;0;0;2;2;-8,085917;-34,946117;SPRF-PE;DEL01-PE;UOP01-DEL01-PE
595719;22/04/2024;segunda-feira;17:00:00;CE;222;4;CAUCAIA;Frear bruscamente;Queda de ocupante de veículo;Com Vítimas Feridas;Pleno dia;Crescente;Céu Claro;Múltipla;Reta;Não;1;0;1;0;0;0;1;1;-3,74219385;-38,60896111;SPRF-CE;DEL01-CE;UOP01-DEL01-CE
595720;21/04/2024;domingo;14:00:00;SC;101;133,7;BALNEARIO CAMBORIU;Frear bruscamente;Colisão traseira;Com Vítimas Feridas;Pleno dia;Decrescente;Céu Claro;Dupla;Reta;Sim;4;0;2;0;2;0;2;2;-26,99936;-48,64609;SPRF-SC;DEL04-SC;UOP03-DEL04-SC
595721;22/04/2024;segunda-feira;16:40:00;PR;277;82;CURITIBA;Ausência de reação do condutor;Queda de ocupante de veículo;Com Vítimas Feridas;Pleno dia;Decrescente;Céu Claro;Dupla;Reta;Sim;2;0;1;0;1;0;1;1;-25,46063472;-49,22046661;SPRF-PR;DEL01-PR;UOP07-DEL01-PR
595722;22/04/2024;segunda-feira;17:00:00;BA;116;16;VITORIA DA CONQUISTA;Conversão proibida;Colisão lateral mesmo sentido;Sem Vítimas;Anoitecer;Decrescente;Céu Claro;Simples;Curva;Não;3;0;0;0;3;0;0;2;-14,902533;-40,848517;SPRF-PE;DEL05-PE;UOP03-DEL05-PE
595725;22/04/2024;segunda-feira;17:42:00;PB;101;86;JOAO PESSOA;Manobra de mudança de faixa;Colisão lateral mesmo sentido;Com Vítimas Feridas;Anoitecer;Crescente;Céu Claro;Dupla;Reta;Sim;3;0;1;0;2;0;1;3;-7,15118983;-34,91012184;SPRF-PB;DEL01-PB;UOP01-DEL01-PB
595726;22/04/2024;segunda-feira;17:35:00;PR;369;146,1;LONDRINA;Acessar a via sem observar a presença dos outros veículos;Colisão transversal;Com Vítimas Feridas;Pleno dia;Crescente;Céu Claro;Dupla;"Retorno Regulamentado;Reta";Sim;5;0;2;1;0;2;3;4;-23,29318723;-51,12398207;SPRF-PR;DEL07-PR;UOP01-DEL07-PR
595728;22/04/2024;segunda-feira;18:10:00;SC;282;2,6;SAO JOSE;Trafegar com motocicleta (ou similar) entre as faixas;Colisão lateral mesmo sentido;Com Vítimas Feridas;Plena Noite;Crescente;Céu Claro;Múltipla;Reta;Sim;2;0;1;0;1;0;1;2;-27,603289;-48,590416;SPRF-SC;DEL01-SC;UOP01-DEL01-SC
595729;22/04/2024;segunda-feira;17:15:00;MG;40;453;CAETANOPOLIS;Avarias e/ou desgaste excessivo no pneu;Saída de leito carroçável;Com Vítimas Feridas;Anoitecer;Crescente;Céu Claro;Dupla;Reta;Não;1;0;1;0;0;0;1;1;-19,34189163;-44,35667832;SPRF-MG;DEL02-MG;UOP01-DEL02-MG
595730;22/04/2024;segunda-feira;13:40:00;MT;70;2;BARRA DO GARCAS;Retorno proibido;Colisão transversal;Com Vítimas Feridas;Pleno dia;Crescente;Céu Claro;Dupla;Reta;Sim;2;0;1;0;0;1;1;2;-15,88749699;-52,26810568;SPRF-MT;DEL07-MT;UOP01-DEL07-MT
595731;22/04/2024;segunda-feira;07:55:00;MG;116;410,9;GOVERNADOR VALADARES;Ultrapassagem Indevida;Colisão transversal;Com Vítimas Feridas;Pleno dia;Decrescente;Céu Claro;Dupla;Reta;Sim;2;0;1;0;1;0;1;2;-18,855625;-41,975623;SPRF-MG;DEL06-MG;UOP01-DEL06-MG
595732;22/04/2024;segunda-feira;17:05:00;MT;70;279;PRIMAVERA DO LESTE;Acessar a via sem observar a presença dos outros veículos;Colisão transversal;Com Vítimas Feridas;Pleno dia;Crescente;Céu Claro;Simples;"Interseção de Vias;Reta";Sim;3;0;1;1;1;0;2;2;-15,5590689;-54,28878402;SPRF-MT;DEL05-MT;UOP01-DEL05-MT
595734;22/04/2024;segunda-feira;17:50:00;RJ;116;180;BELFORD ROXO;Trafegar com motocicleta (ou similar) entre as faixas;Queda de ocupante de veículo;Com Vítimas Feridas;Anoitecer;Crescente;Céu Claro;Dupla;Reta;Sim;1;0;1;0;0;0;1;1;-22,7651616;-43,4154728;SPRF-RJ;DEL06-RJ;UOP01-DEL06-RJ
595735;22/04/2024;segunda-feira;13:00:00;MG;459;87;CONGONHAL;Acessar a via sem observar a presença dos outros veículos;Queda de ocupante de veículo;Com Vítimas Feridas;Pleno dia;Decrescente;Céu Claro;Simples;Reta;Sim;2;0;1;0;1;0;1;2;-22,150208;-46,033627;SPRF-MG;DEL09-MG;UOP01-DEL09-MG
595736;22/04/2024;segunda-feira;15:30:00;SC;470;173;POUSO REDONDO;Desrespeitar a preferência no cruzamento;Colisão transversal;Com Vítimas Feridas;Pleno dia;Crescente;Céu Claro;Simples;"Viaduto;Interseção de Vias";Não;2;0;0;1;1;0;1;2;-27,25984;-49,919285;SPRF-SC;DEL04-SC;UOP02-DEL04-SC
595738;22/04/2024;segunda-feira;13:20:00;RJ;493;101;ITAGUAI;Ausência de reação do condutor;Saída de leito carroçável;Com Vítimas Feridas;Pleno dia;Crescente;Céu Claro;Múltipla;Reta;Não;3;0;1;2;0;0;3;1;-22,75148529;-43,72769415;SPRF-RJ;DEL01-RJ;UOP03-DEL01-RJ
595739;22/04/2024;segunda-feira;18:10:00;PB;230;19;JOAO PESSOA;Trafegar com motocicleta (ou similar) entre as faixas;Tombamento;Com Vítimas Feridas;Plena Noite;Crescente;Nublado;Dupla;Reta;Sim;1;0;0;1;0;0;1;1;-7,1281;-34,8466;SPRF-PB;DEL01-PB;UOP01-DEL01-PB
595740;22/04/2024;segunda-feira;18:05:00;PE;232;82,3;GRAVATA;Reação tardia ou ineficiente do condutor;Colisão lateral mesmo sentido;Com Vítimas Feridas;Plena Noite;Crescente;Céu Claro;Simples;Reta;Sim;2;0;1;0;1;0;1;2;-8,1989477;-35,58731767;SPRF-PE;DEL02-PE;UOP02-DEL02PE
595741;22/04/2024;segunda-feira;16:20:00;MT;158;548,2;AGUA BOA;Reação tardia ou ineficiente do condutor;Saída de leito carroçável;Sem Vítimas;Pleno dia;Decrescente;Nublado;Simples;Reta;Não;1;0;0;0;0;1;0;1;-13,90174917;-52,0735887;SPRF-MT;DEL07-MT;UOP02-DEL07-MT
595742;22/04/2024;segunda-feira;15:50:00;SC;280;6,5;SAO FRANCISCO DO SUL;Conversão proibida;Colisão transversal;Com Vítimas Feridas;Pleno dia;Crescente;Céu Claro;Simples;Reta;Não;2;0;1;0;1;0;1;2;-26,26569095;-48,63361804;SPRF-SC;DEL03-SC;UOP03-DEL03-SC
595743;22/04/2024;segunda-feira;17:15:00;SP;116;106;TAUBATE;Reação tardia ou ineficiente do condutor;Capotamento;Com Vítimas Feridas;Pleno dia;Decrescente;Céu Claro;Dupla;Reta;Sim;1;0;1;0;0;0;1;1;-23,01250593;-45,52256005;SPRF-SP;DEL02-SP;UOP02-DEL02-SP
595744;22/04/2024;segunda-feira;18:20:00;SP;116;147;SAO JOSE DOS CAMPOS;Manobra de mudança de faixa;Colisão lateral mesmo sentido;Com Vítimas Feridas;Plena Noite;Decrescente;Céu Claro;Dupla;Reta;Sim;2;0;1;0;1;0;1;2;-23,19542994;-45,87176303;SPRF-SP;DEL02-SP;UOP01-DEL02-SP
595745;22/04/2024;segunda-feira;10:00:00;SP;381;82;GUARULHOS;Demais falhas mecânicas ou elétricas;Incêndio;Sem Vítimas;Pleno dia;Crescente;Céu Claro;Dupla;Reta;Sim;1;0;0;0;0;1;0;1;-23,42399;-46,575112;SPRF-SP;DEL03-SP;UOP01-DEL03-SP
595746;22/04/2024;segunda-feira;17:30:00;SC;280;51;GUARAMIRIM;Acessar a via sem observar a presença dos outros veículos;Colisão transversal;Com Vítimas Feridas;Anoitecer;Crescente;Nublado;Dupla;Interseção de Vias;Não;2;0;1;0;1;0;1;2;-26,46719234;-48,96057129;SPRF-SC;DEL03-SC;UOP03-DEL03-SC
595747;22/04/2024;segunda-feira;18:00:00;GO;60;36,4;GOIANIA;Reação tardia ou ineficiente do condutor;Colisão traseira;Com Vítimas Feridas;Anoitecer;Crescente;Céu Claro;Dupla;Reta;Sim;2;0;1;0;1;0;1;2;-16,732109;-49,349153;SPRF-DF;DEL03-DF;UOP01-DEL03-DF
595748;22/04/2024;segunda-feira;18:45:00;PR;277;71;SAO JOSE DOS PINHAIS;Iluminação deficiente;Colisão traseira;Com Vítimas Feridas;Plena Noite;Decrescente;Céu Claro;Dupla;"Curva;Interseção de Vias";Não;2;0;1;0;1;0;1;2;-25,52920381;-49,08862791;SPRF-PR;DEL01-PR;UOP07-DEL01-PR
595750;22/04/2024;segunda-feira;19:15:00;GO;153;436;ANAPOLIS;Reação tardia ou ineficiente do condutor;Tombamento;Com Vítimas Feridas;Plena Noite;Crescente;Céu Claro;Dupla;Declive;Não;1;0;1;0;0;0;1;1;-16,283987;-48,951763;SPRF-GO;DEL02-GO;UOP01-DEL02-GO
595752;22/04/2024;segunda-feira;19:30:00;SC;282;4,4;FLORIANOPOLIS;Trafegar com motocicleta (ou similar) entre as faixas;Colisão traseira;Com Vítimas Feridas;Plena Noite;Crescente;Céu Claro;Múltipla;"Reta;Declive";Sim;2;0;1;0;1;0;1;2;-27,592646;-48,604034;SPRF-SC;DEL01-SC;UOP01-DEL01-SC
595754;22/04/2024;segunda-feira;18:20:00;PR;116;17;CURITIBA;Ausência de reação do condutor;Colisão lateral mesmo sentido;Com Vítimas Feridas;Plena Noite;Crescente;Nublado;Dupla;Reta;Sim;3;0;1;0;2;0;1;2;-25,389;-49,1867;SPRF-PR;DEL01-PR;UOP02-DEL01-PR
595756;22/04/2024;segunda-feira;19:20:00;MG;381;864;POUSO ALEGRE;Ingestão de substâncias psicoativas pelo condutor;Saída de leito carroçável;Sem Vítimas;Plena Noite;Crescente;Céu Claro;Dupla;Reta;Não;1;0;0;0;1;0;0;1;-22,35117081;-45,92775732;SPRF-MG;DEL16-MG;UOP01-DEL16-MG
595758;22/04/2024;segunda-feira;17:00:00;MT;163;977;NOVA SANTA HELENA;Reação tardia ou ineficiente do condutor;Saída de leito carroçável;Com Vítimas Feridas;Anoitecer;Crescente;Chuva;Simples;Curva;Não;1;0;0;1;0;0;1;1;-10,79004304;-55,1618609;SPRF-MT;DEL06-MT;UOP03-DEL06-MT
595761;22/04/2024;segunda-feira;18:32:00;MT;174;293;PONTES E LACERDA;Animais na Pista;Tombamento;Com Vítimas Feridas;Plena Noite;Decrescente;Nublado;Simples;"Declive;Reta";Não;1;0;1;0;0;0;1;1;-15,20638339;-59,32138349;SPRF-MT;DEL04-MT;UOP01-DEL04-MT
595763;22/04/2024;segunda-feira;21:20:00;DF;60;4;BRASILIA;Ausência de reação do condutor;Tombamento;Com Vítimas Feridas;Plena Noite;Crescente;Céu Claro;Dupla;Reta;Sim;1;0;1;0;0;0;1;1;-15,892721;-48,095741;SPRF-DF;DEL03-DF;UOP01-DEL03-DF