id;data_inversa;dia_semana;horario;uf;br;km;municipio;causa_acidente;tipo_acidente;classificacao_acidente;fase_dia;sentido_via;condicao_metereologica;tipo_pista;tracado_via;uso_solo;pessoas;mortos;feridos_leves;feridos_graves;ilesos;ignorados;feridos;veiculos;latitude;longitude;regional;delegacia;uop
595764;22/04/2024;segunda-feira;20:10:00;SC;101;333;TUBARAO;Acumulo de areia ou detritos sobre o pavimento;Tombamento;Com Vítimas Feridas;Plena Noite;Decrescente;Céu Claro;Dupla;"Interseção de Vias;Rotatória;Curva";Sim;1;0;1;0;0;0;1;1;-28,46630107;-48,99653096;SPRF-SC;DEL02-SC;UOP01-DEL02-SC
595765;22/01/2024;segunda-feira;08:30:00;MG;365;623,9;UBERLANDIA;Ultrapassagem Indevida;Colisão lateral sentido oposto;Com Vítimas Feridas;Pleno dia;Crescente;Ignorado;Simples;Viaduto;Sim;2;0;0;1;0;1;1;2;-18,90496664;-48,28892823;SPRF-MG;DEL15-MG;UOP01-DEL15-MG
595766;22/04/2024;segunda-feira;21:30:00;GO;153;359;JARAGUA;Animais na Pista;Atropelamento de Animal;Com Vítimas Feridas;Plena Noite;Crescente;Céu Claro;Simples;Reta;Sim;1;0;1;0;0;0;1;1;-15,75830583;-49,31363583;SPRF-GO;DEL02-GO;UOP02-DEL02-GO
595767;22/04/2024;segunda-feira;18:20:00;MT;174;280;PONTES E LACERDA;Acessar a via sem observar a presença dos outros veículos;Colisão transversal;Com Vítimas Feridas;Anoitecer;Decrescente;Céu Claro;Simples;Reta;Não;8;0;1;0;7;0;1;2;-15,29569329;-59,26930904;SPRF-MT;DEL04-MT;UOP01-DEL04-MT
595768;22/04/2024;segunda-feira;09:25:00;RJ;101;325;NITEROI;Demais falhas mecânicas ou elétricas;Queda de ocupante de veículo;Com Vítimas Feridas;Pleno dia;Crescente;Céu Claro;Múltipla;Reta;Não;1;0;1;0;0;0;1;1;-22,87292569;-43,13625699;SPRF-RJ;DEL02-RJ;UOP01-DEL02-RJ
595770;22/04/2024;segunda-feira;05:45:00;AM;174;984;PRESIDENTE FIGUEIREDO;Pista Escorregadia;Queda de ocupante de veículo;Com Vítimas Feridas;Amanhecer;Crescente;Garoa/Chuvisco;Simples;Curva;Não;1;0;1;0;0;0;1;1;-2,10232632;-59,9948895;SPRF-AM;DEL01-AM;UOP02-DEL01-AM
595772;22/04/2024;segunda-feira;20:00:00;PI;316;284;DOM EXPEDITO LOPES;Entrada inopinada do pedestre;Atropelamento de Pedestre;Com Vítimas Fatais;Plena Noite;Crescente;Céu Claro;Simples;Reta;Não;2;1;0;0;1;0;0;2;-6,97050903;-41,66156599;SPRF-PI;DEL04-PI;UOP01-DEL04-PI
595773;22/04/2024;segunda-feira;20:45:00;PR;376;10;MARINGA;Ausência de reação do condutor;Colisão com objeto;Com Vítimas Feridas;Plena Noite;Crescente;Céu Claro;Dupla;"Aclive;Reta";Sim;1;0;1;0;0;0;1;1;-23,4273;-51,9375;SPRF-PR;DEL09-PR;UOP01-DEL09-PR
595774;22/04/2024;segunda-feira;22:40:00;MG;381;456;BELO HORIZONTE;Reação tardia ou ineficiente do condutor;Colisão com objeto;Com Vítimas Feridas;Plena Noite;Crescente;Céu Claro;Dupla;"Curva;Aclive";Sim;2;0;1;0;1;0;1;1;-19,8481628;-43,88784885;SPRF-MG;DEL01-MG;UOP01-DEL01-MG
595776;22/04/2024;segunda-feira;22:20:00;GO;40;8;VALPARAISO DE GOIAS;Condutor deixou de manter distância do veículo da frente;Colisão lateral mesmo sentido;Com Vítimas Feridas;Plena Noite;Crescente;Céu Claro;Dupla;Reta;Sim;2;0;1;0;1;0;1;2;-16,116158;-47,96761;SPRF-DF;DEL01-DF;UOP01-DEL01-DF
595777;22/04/2024;segunda-feira;22:35:00;RJ;101;276;TANGUA;Retorno proibido;Queda de ocupante de veículo;Com Vítimas Feridas;Plena Noite;Crescente;Céu Claro;Dupla;Retorno Regulamentado;Sim;1;0;0;1;0;0;1;1;-22,73796393;-42,73871802;SPRF-RJ;DEL02-RJ;UOP03-DEL02-RJ
595780;22/04/2024;segunda-feira;22:00:00;PR;116;17;CURITIBA;Transitar na contramão;Colisão frontal;Com Vítimas Feridas;Plena Noite;Crescente;Céu Claro;Dupla;"Interseção de Vias;Curva;Viaduto";Sim;6;0;3;0;3;0;3;2;-25,38870481;-49,18983042;SPRF-PR;DEL01-PR;UOP02-DEL01-PR
595781;22/04/2024;segunda-feira;23:00:00;PE;423;74,8;JUCATI;Pedestre andava na pista;Atropelamento de Pedestre;Com Vítimas Feridas;Plena Noite;Decrescente;Céu Claro;Simples;Reta;Não;2;0;0;1;0;1;1;2;-8,71781039;-36,42290446;SPRF-PE;DEL03-PE;UOP01-DEL03-PE
595782;22/04/2024;segunda-feira;12:30:00;MA;230;46;BARAO DE GRAJAU;Ausência de reação do condutor;Saída de leito carroçável;Com Vítimas Fatais;Pleno dia;Crescente;Céu Claro;Simples;Reta;Não;1;1;0;0;0;0;0;1;-6,62443163;-43,37551983;SPRF-PI;DEL03-PI;UOP01-DEL03-PI
595784;22/04/2024;segunda-feira;22:00:00;ES;101;227,5;FUNDAO;Iluminação deficiente;Atropelamento de Pedestre;Com Vítimas Feridas;Plena Noite;Crescente;Nublado;Simples;Reta;Não;2;0;0;1;0;1;1;2;-19,909845;-40,406837;SPRF-ES;DEL02-ES;UOP01-DEL02-ES
595785;23/04/2024;terça-feira;00:30:00;MG;381;479,7;CONTAGEM;Ingestão de álcool pelo condutor;Colisão com objeto;Sem Vítimas;Plena Noite;Crescente;Céu Claro;Dupla;"Aclive;Reta";Sim;1;0;0;0;0;1;0;1;-19,96294226;-44,04884577;SPRF-MG;DEL01-MG;UOP03-DEL01-MG
595786;22/04/2024;segunda-feira;20:35:00;MT;364;479;JANGADA;Reação tardia ou ineficiente do condutor;Colisão com objeto;Com Vítimas Feridas;Plena Noite;Decrescente;Nublado;Múltipla;Curva;Não;1;0;1;0;0;0;1;1;-15,40475654;-56,37242084;SPRF-MT;DEL01-MT;UOP02-DEL01-MT
595788;23/04/2024;terça-feira;01:10:00;SC;101;212,5;PALHOCA;Reação tardia ou ineficiente do condutor;Tombamento;Com Vítimas Feridas;Plena Noite;Crescente;Nublado;Múltipla;Reta;Sim;1;0;0;1;0;0;1;1;-27,62996929;-48,65903871;SPRF-SC;DEL01-SC;UOP02-DEL01-SC
595789;23/04/2024;terça-feira;00:20:00;BA;101;0,1;JANDAIRA;Ausência de reação do condutor;Saída de leito carroçável;Com Vítimas Feridas;Plena Noite;Decrescente;Chuva;Simples;Curva;Não;4;0;1;0;3;0;1;1;-11,539233;-37,857036;SPRF-SE;DEL02-SE;UOP03-DEL02-SE
595791;23/04/2024;terça-feira;00:50:00;SC;101;306,7;LAGUNA;Ausência de reação do condutor;Colisão com objeto;Com Vítimas Feridas;Plena Noite;Crescente;Céu Claro;Dupla;Curva;Não;1;0;0;1;0;0;1;1;-28,40573452;-48,79086256;SPRF-SC;DEL02-SC;UOP03-DEL02-SC
595794;22/04/2024;segunda-feira;19:30:00;GO;153;202;URUACU;Acesso irregular;Saída de leito carroçável;Com Vítimas Feridas;Plena Noite;Decrescente;Céu Claro;Simples;Reta;Não;1;0;0;1;0;0;1;1;-14,527802;-49,159687;SPRF-GO;DEL07-GO;UOP02-DEL07-GO
595796;23/04/2024;terça-feira;05:57:00;RS;116;255;ESTEIO;Avarias e/ou desgaste excessivo no pneu;Tombamento;Com Vítimas Feridas;Amanhecer;Decrescente;Nublado;Múltipla;Reta;Sim;3;0;2;0;0;1;2;2;-29,83522986;-51,17484349;SPRF-RS;DEL01-RS;UOP02-DEL01-RS
595797;22/04/2024;segunda-feira;12:20:00;GO;153;501;GOIANIA;Estacionar ou parar em local proibido;Colisão traseira;Com Vítimas Feridas;Pleno dia;Decrescente;Céu Claro;Dupla;Reta;Sim;2;0;0;1;1;0;1;2;-16,7189;-49,2382;SPRF-GO;DEL01-GO;UOP01-DEL01-GO
595798;23/04/2024;terça-feira;06:15:00;ES;101;161,1;LINHARES;Conversão proibida;Colisão transversal;Com Vítimas Feridas;Pleno dia;Crescente;Céu Claro;Simples;Reta;Não;2;0;1;0;1;0;1;2;-19,48358708;-40,11977894;SPRF-ES;DEL04-ES;UOP01-DEL04-ES
595799;23/04/2024;terça-feira;07:10:00;SP;116;220;GUARULHOS;Reação tardia ou ineficiente do condutor;Tombamento;Com Vítimas Feridas;Pleno dia;Crescente;Céu Claro;Múltipla;Reta;Sim;1;0;1;0;0;0;1;1;-23,46472809;-46,49793962;SPRF-SP;DEL01-SP;UOP01-DEL01-SP
595800;23/04/2024;terça-feira;07:20:00;PB;230;17,1;JOAO PESSOA;Acessar a via sem observar a presença dos outros veículos;Colisão lateral mesmo sentido;Com Vítimas Feridas;Pleno dia;Decrescente;Céu Claro;Dupla;"Retorno Regulamentado;Curva";Sim;2;0;0;1;0;1;1;2;-7,1121;-34,8426;SPRF-PB;DEL01-PB;UOP01-DEL01-PB
595801;23/04/2024;terça-feira;07:10:00;SC;470;67,7;INDAIAL;Acessar a via sem observar a presença dos outros veículos;Colisão transversal;Com Vítimas Feridas;Pleno dia;Decrescente;Céu Claro;Simples;"Interseção de Vias;Viaduto";Sim;2;0;1;0;1;0;1;2;-26,872158;-49,23127;SPRF-SC;DEL04-SC;UOP01-DEL04-SC
595802;23/04/2024;terça-feira;07:10:00;PR;376;167,8;MARINGA;Acessar a via sem observar a presença dos outros veículos;Colisão transversal;Com Vítimas Feridas;Pleno dia;Crescente;Sol;Dupla;"Retorno Regulamentado;Declive";Não;4;0;1;2;1;0;3;2;-23,40324167;-51,99632075;SPRF-PR;DEL09-PR;UOP01-DEL09-PR
595808;19/04/2024;sexta-feira;23:20:00;RJ;101;303;SAO GONCALO;Reação tardia ou ineficiente do condutor;Tombamento;Com Vítimas Fatais;Plena Noite;Decrescente;Céu Claro;Dupla;Reta;Não;1;1;0;0;0;0;0;1;-22,7828205;-42,9766681;SPRF-RJ;DEL02-RJ;UOP02-DEL02-RJ
595809;23/04/2024;terça-feira;08:00:00;SC;280;164,5;MAFRA;Acessar a via sem observar a presença dos outros veículos;Colisão transversal;Com Vítimas Feridas;Pleno dia;Decrescente;Céu Claro;Simples;Reta;Sim;2;0;1;0;1;0;1;2;-26,19131398;-49,80487298;SPRF-SC;DEL06-SC;UOP01-DEL06-SC
595810;23/04/2024;terça-feira;04:00:00;RJ;465;8;SEROPEDICA;Velocidade Incompatível;Tombamento;Sem Vítimas;Amanhecer;Crescente;Céu Claro;Simples;Reta;Não;3;0;0;0;0;3;0;1;-22,767147;-43,678768;SPRF-RJ;DEL06-RJ;UOP02-DEL06-RJ
595811;23/04/2024;terça-feira;07:20:00;GO;40;3,5;VALPARAISO DE GOIAS;Manobra de mudança de faixa;Colisão lateral mesmo sentido;Com Vítimas Feridas;Pleno dia;Decrescente;Sol;Dupla;Reta;Sim;3;0;1;0;2;0;1;2;-16,08099097;-47,98627496;SPRF-DF;DEL01-DF;UOP01-DEL01-DF
595812;23/04/2024;terça-feira;07:20:00;MG;262;34;MANHUACU;Desrespeitar a preferência no cruzamento;Colisão transversal;Com Vítimas Feridas;Pleno dia;Decrescente;Céu Claro;Simples;"Rotatória;Reta";Sim;2;0;1;0;0;1;1;2;-20,25692664;-42,01099203;SPRF-MG;DEL06-MG;UOP03-DEL06-MG
595815;23/04/2024;terça-feira;07:35:00;SC;280;115,6;SAO BENTO DO SUL;Acessar a via sem observar a presença dos outros veículos;Colisão transversal;Com Vítimas Feridas;Amanhecer;Crescente;Céu Claro;Simples;"Reta;Rotatória";Não;2;0;1;0;1;0;1;2;-26,284761;-49,408313;SPRF-SC;DEL06-SC;UOP03-DEL06-SC
595817;23/04/2024;terça-feira;08:10:00;SP;381;35;ATIBAIA;Condutor deixou de manter distância do veículo da frente;Colisão traseira;Sem Vítimas;Pleno dia;Decrescente;Céu Claro;Dupla;"Reta;Declive";Sim;2;0;0;0;2;0;0;2;-23,088586;-46,571798;SPRF-SP;DEL03-SP;UOP02-DEL03-SP
595820;23/04/2024;terça-feira;08:43:00;PE;232;23,2;MORENO;Demais falhas mecânicas ou elétricas;Incêndio;Sem Vítimas;Pleno dia;Crescente;Céu Claro;Dupla;Reta;Sim;1;0;0;0;1;0;0;1;-8,0992185;-35,09713887;SPRF-PE;DEL01-PE;UOP01-DEL01-PE
595821;23/04/2024;terça-feira;08:45:00;RJ;40;113;DUQUE DE CAXIAS;Manobra de mudança de faixa;Colisão lateral mesmo sentido;Com Vítimas Feridas;Pleno dia;Decrescente;Sol;Múltipla;Reta;Sim;2;0;1;0;0;1;1;2;-22,70948502;-43,29040354;SPRF-RJ;DEL01-RJ;UOP02-DEL01-RJ
595823;23/04/2024;terça-feira;07:10:00;SC;280;79,9;CORUPA;Condutor deixou de manter distância do veículo da frente;Colisão lateral mesmo sentido;Com Vítimas Feridas;Pleno dia;Crescente;Céu Claro;Simples;"Retorno Regulamentado;Rotatória";Não;2;0;1;0;1;0;1;2;-26,44657315;-49,20157809;SPRF-SC;DEL06-SC;UOP03-DEL06-SC
595825;23/04/2024;terça-feira;09:30:00;RN;101;82,8;NATAL;Acessar a via sem observar a presença dos outros veículos;Colisão transversal;Com Vítimas Feridas;Pleno dia;Decrescente;Céu Claro;Dupla;Reta;Não;3;0;0;1;2;0;1;3;-5,76791511;-35,27456305;SPRF-RN;DEL02-RN;UOP01-DEL02-RN
595830;23/04/2024;terça-feira;10:10:00;SC;282;23,2;SANTO AMARO DA IMPERATRIZ;Conversão proibida;Colisão lateral mesmo sentido;Com Vítimas Feridas;Pleno dia;Crescente;Céu Claro;Simples;Reta;Sim;2;0;1;0;1;0;1;2;-27,687958;-48,736794;SPRF-SC;DEL01-SC;UOP02-DEL01-SC
595838;23/04/2024;terça-feira;02:00:00;PE;232;116;CARUARU;Ausência de reação do condutor;Saída de leito carroçável;Sem Vítimas;Plena Noite;Crescente;Nublado;Dupla;Retorno Regulamentado;Sim;1;0;0;0;0;1;0;1;-8,2970005;-35,86666391;SPRF-PE;DEL02-PE;UOP01-DEL02-PE
595840;23/04/2024;terça-feira;11:25:00;BA;324;582;CANDEIAS;Demais falhas mecânicas ou elétricas;Tombamento;Com Vítimas Feridas;Pleno dia;Crescente;Céu Claro;Dupla;Reta;Não;2;0;2;0;0;0;2;1;-12,60856603;-38,49390902;SPRF-BA;DEL01-BA;UOP01-DEL01-BA
595841;05/04/2024;sexta-feira;02:45:00;SP;116;225;GUARULHOS;Ausência de reação do condutor;Colisão traseira;Com Vítimas Feridas;Plena Noite;Crescente;Céu Claro;Múltipla;Reta;Sim;2;0;1;0;0;1;1;2;-23,48586772;-46,54075317;SPRF-SP;DEL01-SP;UOP01-DEL01-SP
595843;23/04/2024;terça-feira;10:00:00;MA;135;82;ITAPECURU MIRIM;Ultrapassagem Indevida;Colisão transversal;Sem Vítimas;Pleno dia;Decrescente;Céu Claro;Simples;"Reta;Aclive";Não;3;0;0;0;2;1;0;2;-3,23619446;-44,37073844;SPRF-MA;DEL01-MA;UOP02-DEL01-MA
595845;23/04/2024;terça-feira;12:00:00;SC;101;199;BIGUACU;Ausência de reação do condutor;Colisão traseira;Com Vítimas Feridas;Pleno dia;Crescente;Céu Claro;Múltipla;"Interseção de Vias;Reta";Sim;2;0;1;0;1;0;1;2;-27,53413705;-48,63003205;SPRF-SC;DEL01-SC;UOP01-DEL01-SC
595848;23/04/2024;terça-feira;11:40:00;MG;116;530,2;CARATINGA;Ausência de reação do condutor;Colisão traseira;Com Vítimas Feridas;Pleno dia;Crescente;Sol;Simples;Reta;Não;2;0;0;1;1;0;1;2;-19,81067298;-42,13539446;SPRF-MG;DEL06-MG;UOP02-DEL06-MG
595849;23/04/2024;terça-feira;12:30:00;ES;262;19,5;VIANA;Condutor desrespeitou a iluminação vermelha do semáforo;Colisão transversal;Com Vítimas Feridas;Pleno dia;Decrescente;Céu Claro;Simples;"Retorno Regulamentado;Reta";Sim;3;0;1;1;0;1;2;3;-20,3919143;-40,49002338;SPRF-ES;DEL01-ES;UOP01-DEL01-ES
595850;23/04/2024;terça-feira;09:50:00;MG;116;702,8;MURIAE;Ausência de reação do condutor;Colisão traseira;Sem Vítimas;Pleno dia;Crescente;Sol;Simples;Reta;Sim;3;0;0;0;3;0;0;3;-21,12753272;-42,38360259;SPRF-MG;DEL07-MG;UOP02-DEL07-MG
595853;23/04/2024;terça-feira;13:00:00;SC;101;95;BARRA VELHA;Manobra de mudança de faixa;Colisão transversal;Com Vítimas Feridas;Pleno dia;Decrescente;Sol;Múltipla;Reta;Não;3;0;2;0;0;1;2;2;-26,70876413;-48,70221065;SPRF-SC;DEL03-SC;UOP02-DEL03-SC
595854;23/04/2024;terça-feira;13:10:00;ES;101;268;SERRA;Condutor deixou de manter distância do veículo da frente;Colisão traseira;Com Vítimas Feridas;Pleno dia;Decrescente;Sol;Dupla;Reta;Sim;2;0;1;0;1;0;1;2;-20,20842;-40,269405;SPRF-ES;DEL02-ES;UOP01-DEL02-ES
595855;23/04/2024;terça-feira;13:20:00;RS;470;178;VERANOPOLIS;Condutor deixou de manter distância do veículo da frente;Colisão traseira;Com Vítimas Feridas;Pleno dia;Crescente;Céu Claro;Simples;Interseção de Vias;Sim;2;0;1;0;1;0;1;2;-28,94490557;-51,55213773;SPRF-RS;DEL06-RS;UOP02-DEL06-RS
595856;23/04/2024;terça-feira;14:30:00;MG;50;187;UBERABA;Avarias e/ou desgaste excessivo no pneu;Tombamento;Com Vítimas Feridas;Pleno dia;Decrescente;Céu Claro;Dupla;Reta;Sim;2;0;2;0;0;0;2;1;-19,83290398;-47,88516697;SPRF-MG;DEL13-MG;UOP01-DEL13-MG
595859;23/04/2024;terça-feira;14:40:00;GO;70;7;AGUAS LINDAS DE GOIAS;Estacionar ou parar em local proibido;Colisão traseira;Com Vítimas Feridas;Pleno dia;Crescente;Nublado;Dupla;Curva;Sim;2;0;0;1;1;0;1;2;-15,74375533;-48,26779708;SPRF-DF;DEL03-DF;UOP02-DEL03-DF
595863;23/04/2024;terça-feira;14:14:00;GO;40;32;LUZIANIA;Demais falhas mecânicas ou elétricas;Capotamento;Com Vítimas Feridas;Pleno dia;Decrescente;Céu Claro;Dupla;Reta;Sim;1;0;1;0;0;0;1;1;-16,291947;-47,852139;SPRF-DF;DEL01-DF;UOP01-DEL01-DF
595864;23/04/2024;terça-feira;14:20:00;MG;365;572;INDIANOPOLIS;Ausência de reação do condutor;Saída de leito carroçável;Com Vítimas Feridas;Pleno dia;Decrescente;Sol;Simples;Reta;Não;1;0;1;0;0;0;1;1;-18,911947;-47,866112;SPRF-MG;DEL15-MG;UOP02-DEL15-MG
595865;23/04/2024;terça-feira;13:50:00;RS;290;173;BUTIA;Condutor deixou de manter distância do veículo da frente;Colisão traseira;Com Vítimas Feridas;Pleno dia;Decrescente;Céu Claro;Simples;"Aclive;Reta";Não;3;0;1;1;1;0;2;2;-30,12764621;-51,94640636;SPRF-RS;DEL02-RS;UOP03-DEL02-RS
595867;23/04/2024;terça-feira;13:30:00;RJ;116;199;QUEIMADOS;Demais falhas mecânicas ou elétricas;Queda de ocupante de veículo;Com Vítimas Feridas;Pleno dia;Decrescente;Céu Claro;Dupla;Reta;Não;1;0;1;0;0;0;1;1;-22,72898648;-43,58452101;SPRF-RJ;DEL06-RJ;UOP02-DEL06-RJ
595869;19/04/2024;sexta-feira;18:50:00;PR;376;677;GUARATUBA;Reação tardia ou ineficiente do condutor;Tombamento;Com Vítimas Feridas;Plena Noite;Decrescente;Céu Claro;Dupla;Reta;Não;1;0;1;0;0;0;1;1;-25,93357872;-48,90993118;SPRF-PR;DEL01-PR;UOP04-DEL01-PR
595870;23/04/2024;terça-feira;15:25:00;PI;343;343,3;TERESINA;Desrespeitar a preferência no cruzamento;Colisão transversal;Com Vítimas Feridas;Pleno dia;Decrescente;Nublado;Dupla;Interseção de Vias;Sim;3;0;1;0;2;0;1;2;-5,087362;-42,757851;SPRF-PI;DEL01-PI;UOP01-DEL01-PI
595871;23/04/2024;terça-feira;15:00:00;SC;101;119,8;ITAJAI;Ausência de reação do condutor;Tombamento;Com Vítimas Feridas;Pleno dia;Decrescente;Nublado;Dupla;Reta;Não;1;0;1;0;0;0;1;1;-26,9043179;-48,71555481;SPRF-SC;DEL04-SC;UOP04-DEL04-SC
595876;23/04/2024;terça-feira;15:00:00;PI;316;260;IPIRANGA DO PIAUI;Ausência de reação do condutor;Colisão traseira;Sem Vítimas;Pleno dia;Decrescente;Nublado;Simples;Reta;Sim;2;0;0;0;2;0;0;2;-6,82863401;-41,73743625;SPRF-PI;DEL04-PI;UOP02-DEL04-PI
595878;23/04/2024;terça-feira;16:30:00;ES;101;260;SERRA;Ausência de reação do condutor;Colisão traseira;Com Vítimas Feridas;Pleno dia;Decrescente;Céu Claro;Dupla;"Curva;Aclive";Sim;2;0;1;0;1;0;1;2;-20,14616415;-40,28836206;SPRF-ES;DEL02-ES;UOP01-DEL02-ES
595880;23/04/2024;terça-feira;15:30:00;RJ;116;139,7;MAGE;Manobra de mudança de faixa;Colisão lateral mesmo sentido;Com Vítimas Feridas;Pleno dia;Crescente;Sol;Dupla;Reta;Não;2;0;0;1;1;0;1;2;-22,64655224;-43,20138601;SPRF-RJ;DEL04-RJ;UOP02-DEL04-RJ
595886;23/04/2024;terça-feira;16:00:00;RS;116;252;SAPUCAIA DO SUL;Condutor desrespeitou a iluminação vermelha do semáforo;Colisão transversal;Com Vítimas Feridas;Pleno dia;Crescente;Céu Claro;Dupla;"Reta;Interseção de Vias";Sim;3;0;1;0;1;1;1;3;-29,80913395;-51,1675292;SPRF-RS;DEL01-RS;UOP02-DEL01-RS
595887;23/04/2024;terça-feira;17:00:00;SC;101;206;SAO JOSE;Reação tardia ou ineficiente do condutor;Colisão traseira;Sem Vítimas;Pleno dia;Decrescente;Céu Claro;Múltipla;Reta;Não;3;0;0;0;3;0;0;2;-27,59040081;-48,61769915;SPRF-SC;DEL01-SC;UOP01-DEL01-SC
595889;15/04/2024;segunda-feira;12:00:00;BA;101;219;CRUZ DAS ALMAS;Reação tardia ou ineficiente do condutor;Saída de leito carroçável;Com Vítimas Feridas;Pleno dia;Decrescente;Nublado;Simples;Reta;Não;2;0;1;0;0;1;1;2;-12,64624029;-39,10955572;SPRF-BA;DEL01-BA;UOP02-DEL01-BA
595890;23/04/2024;terça-feira;17:00:00;MG;50;174;UBERABA;Acumulo de óleo sobre o pavimento;Tombamento;Com Vítimas Feridas;Pleno dia;Crescente;Céu Claro;Dupla;"Interseção de Vias;Viaduto";Não;1;0;1;0;0;0;1;1;-19,770817;-47,973434;SPRF-MG;DEL13-MG;UOP01-DEL13-MG
595891;23/04/2024;terça-feira;13:30:00;PR;476;349,5;PAULA FREITAS;Condutor deixou de manter distância do veículo da frente;Colisão traseira;Com Vítimas Feridas;Pleno dia;Crescente;Garoa/Chuvisco;Simples;Reta;Não;2;0;1;0;1;0;1;2;-26,183485;-50,969498;SPRF-PR;DEL02-PR;UOP03-DEL02-PR
595895;23/04/2024;terça-feira;17:25:00;ES;101;129;SOORETAMA;Reação tardia ou ineficiente do condutor;Saída de leito carroçável;Com Vítimas Feridas;Anoitecer;Crescente;Céu Claro;Simples;"Declive;Curva";Não;1;0;1;0;0;0;1;1;-19,22093104;-40,0936152;SPRF-ES;DEL04-ES;UOP01-DEL04-ES
595896;23/04/2024;terça-feira;17:00:00;BA;101;877;TEIXEIRA DE FREITAS;Desrespeitar a preferência no cruzamento;Colisão transversal;Com Vítimas Feridas;Amanhecer;Crescente;Céu Claro;Simples;Reta;Sim;2;0;1;0;1;0;1;2;-17,54362062;-39,71749306;SPRF-BA;DEL09-BA;UOP02-DEL09-BA
595898;23/04/2024;terça-feira;16:30:00;RJ;493;97;SEROPEDICA;Demais falhas mecânicas ou elétricas;Incêndio;Sem Vítimas;Pleno dia;Crescente;Céu Claro;Múltipla;Reta;Não;2;0;0;0;2;0;0;1;-22,71612;-43,70606;SPRF-RJ;DEL01-RJ;UOP03-DEL01-RJ
595899;23/04/2024;terça-feira;17:45:00;SE;235;4,1;NOSSA SENHORA DO SOCORRO;Pedestre cruzava a pista fora da faixa;Atropelamento de Pedestre;Com Vítimas Feridas;Anoitecer;Decrescente;Nublado;Dupla;Reta;Sim;2;0;1;1;0;0;2;2;-10,9064;-37,1197;SPRF-SE;DEL01-SE;UOP01-DEL01-SE
595901;23/04/2024;terça-feira;18:00:00;MG;262;825;UBERABA;Ausência de reação do condutor;Saída de leito carroçável;Com Vítimas Feridas;Anoitecer;Crescente;Céu Claro;Dupla;Reta;Sim;2;0;1;0;1;0;1;1;-19,75377742;-48,16593111;SPRF-MG;DEL13-MG;UOP01-DEL13-MG
595902;23/04/2024;terça-feira;18:47:00;MG;381;506,7;SAO JOAQUIM DE BICAS;Acessar a via sem observar a presença dos outros veículos;Atropelamento de Pedestre;Com Vítimas Feridas;Anoitecer;Crescente;Céu Claro;Múltipla;Reta;Não;2;0;2;0;0;0;2;2;-20,05039397;-44,27962502;SPRF-MG;DEL01-MG;UOP03-DEL01-MG
595904;23/04/2024;terça-feira;17:35:00;RJ;40;115;DUQUE DE CAXIAS;Demais falhas mecânicas ou elétricas;Incêndio;Sem Vítimas;Anoitecer;Crescente;Céu Claro;Múltipla;Reta;Não;1;0;0;0;1;0;0;1;-22,72756999;-43,2891609;SPRF-RJ;DEL01-RJ;UOP02-DEL01-RJ
595910;11/04/2024;quinta-feira;07:30:00;BA;116;29,7;VITORIA DA CONQUISTA;Manobra de mudança de faixa;Colisão lateral mesmo sentido;Com Vítimas Feridas;Pleno dia;Crescente;Céu Claro;Múltipla;Declive;Não;2;0;1;0;1;0;1;2;-14,827784;-40,82813;SPRF-PE;DEL05-PE;UOP03-DEL05-PE
595911;08/04/2024;segunda-feira;06:15:00;RN;304;287;MACAIBA;Reação tardia ou ineficiente do condutor;Colisão traseira;Com Vítimas Feridas;Pleno dia;Crescente;Chuva;Dupla;Declive;Não;7;0;2;0;4;1;2;3;-5,8711714;-35,42930088;SPRF-RN;DEL01-RN;UOP02-DEL01-RN
595913;23/04/2024;terça-feira;19:25:00;SC;101;216;PALHOCA;Reação tardia ou ineficiente do condutor;Colisão traseira;Com Vítimas Feridas;Plena Noite;Decrescente;Céu Claro;Dupla;Reta;Sim;2;0;1;0;1;0;1;2;-27,65981409;-48,67747798;SPRF-SC;DEL01-SC;UOP02-DEL01-SC
595915;23/04/2024;terça-feira;19:00:00;GO;153;493;GOIANIA;Ausência de reação do condutor;Queda de ocupante de veículo;Com Vítimas Feridas;Plena Noite;Crescente;Céu Claro;Dupla;Reta;Sim;1;0;0;1;0;0;1;1;-16,6537;-49,2172;SPRF-GO;DEL01-GO;UOP01-DEL01-GO
595916;23/04/2024;terça-feira;19:45:00;SP;116;282;EMBU DAS ARTES;Ausência de reação do condutor;Colisão lateral mesmo sentido;Com Vítimas Feridas;Plena Noite;Crescente;Nublado;Dupla;Reta;Sim;2;0;1;0;1;0;1;2;-23,68570216;-46,85970975;SPRF-SP;DEL04-SP;UOP01-DEL04-SP
595918;23/04/2024;terça-feira;17:00:00;SP;116;91;PINDAMONHANGABA;Condutor deixou de manter distância do veículo da frente;Colisão lateral mesmo sentido;Com Vítimas Feridas;Pleno dia;Decrescente;Céu Claro;Dupla;Reta;Não;3;0;2;0;1;0;2;2;-22,94792286;-45,39587407;SPRF-SP;DEL08-SP;UOP01-DEL08-SP