id;data_inversa;dia_semana;horario;uf;br;km;municipio;causa_acidente;tipo_acidente;classificacao_acidente;fase_dia;sentido_via;condicao_metereologica;tipo_pista;tracado_via;uso_solo;pessoas;mortos;feridos_leves;feridos_graves;ilesos;ignorados;feridos;veiculos;latitude;longitude;regional;delegacia;uop
595919;23/04/2024;terça-feira;19:50:00;RS;471;538,6;SANTA VITORIA DO PALMAR;Animais na Pista;Atropelamento de Animal;Com Vítimas Feridas;Plena Noite;Crescente;Céu Claro;Simples;Reta;Não;2;0;1;1;0;0;2;1;-32,711197;-52,627316;SPRF-RS;DEL07-RS;UOP02-DEL07-RS
595921;23/04/2024;terça-feira;19:50:00;SP;381;89;GUARULHOS;Condutor deixou de manter distância do veículo da frente;Colisão traseira;Com Vítimas Feridas;Plena Noite;Crescente;Céu Claro;Múltipla;Reta;Não;2;0;1;0;1;0;1;2;-23,48469299;-46,55983288;SPRF-SP;DEL03-SP;UOP01-DEL03-SP
595922;23/04/2024;terça-feira;19:00:00;RJ;493;12;GUAPIMIRIM;Ausência de reação do condutor;Tombamento;Com Vítimas Feridas;Plena Noite;Crescente;Céu Claro;Dupla;Reta;Não;1;0;1;0;0;0;1;1;-22,67551484;-42,97451889;SPRF-RJ;DEL04-RJ;UOP02-DEL04-RJ
595923;23/04/2024;terça-feira;15:50:00;RJ;101;297;ITABORAI;Objeto estático sobre o leito carroçável;Colisão com objeto;Sem Vítimas;Pleno dia;Decrescente;Céu Claro;Simples;Curva;Não;5;0;0;0;5;0;0;2;-22,76942037;-42,91873581;SPRF-RJ;DEL02-RJ;UOP02-DEL02-RJ
595924;23/04/2024;terça-feira;18:50:00;MS;163;614,6;SAO GABRIEL DO OESTE;Transitar na contramão;Tombamento;Sem Vítimas;Plena Noite;Crescente;Céu Claro;Simples;Reta;Sim;4;0;0;0;2;2;0;2;-19,397649;-54,566343;SPRF-MS;DEL06-MS;UOP02-DEL06-MS
595925;23/04/2024;terça-feira;20:30:00;ES;101;268,5;SERRA;Condutor deixou de manter distância do veículo da frente;Colisão traseira;Com Vítimas Feridas;Plena Noite;Crescente;Céu Claro;Múltipla;Reta;Sim;2;0;1;0;1;0;1;2;-20,20842;-40,269405;SPRF-ES;DEL02-ES;UOP01-DEL02-ES
595926;23/04/2024;terça-feira;19:15:00;MS;163;625,8;SAO GABRIEL DO OESTE;Ausência de reação do condutor;Colisão traseira;Com Vítimas Fatais;Plena Noite;Crescente;Céu Claro;Dupla;Reta;Não;11;2;1;6;0;2;7;3;-19,32099712;-54,61351419;SPRF-MS;DEL06-MS;UOP02-DEL06-MS
595928;23/04/2024;terça-feira;19:15:00;SC;101;43,8;JOINVILLE;Acessar a via sem observar a presença dos outros veículos;Colisão transversal;Com Vítimas Feridas;Anoitecer;Crescente;Céu Claro;Simples;Reta;Sim;2;0;0;1;1;0;1;2;-26,30357106;-48,88225609;SPRF-SC;DEL03-SC;UOP01-DEL03-SC
595929;23/04/2024;terça-feira;19:35:00;MS;163;495;CAMPO GRANDE;Reação tardia ou ineficiente do condutor;Tombamento;Com Vítimas Feridas;Plena Noite;Crescente;Céu Claro;Dupla;Reta;Não;2;0;2;0;0;0;2;1;-20,36113379;-54,52664852;SPRF-MS;DEL01-MS;UOP02-DEL01-MS
595930;10/03/2024;domingo;19:19:00;ES;101;144;LINHARES;Reação tardia ou ineficiente do condutor;Colisão traseira;Com Vítimas Feridas;Plena Noite;Crescente;Nublado;Múltipla;Reta;Sim;3;0;1;1;1;0;2;2;-19,34286596;-40,0638568;SPRF-ES;DEL04-ES;UOP01-DEL04-ES
595934;23/04/2024;terça-feira;20:00:00;PB;230;334;PATOS;Suicídio (presumido);Sinistro pessoal de trânsito;Com Vítimas Feridas;Plena Noite;Crescente;Céu Claro;Simples;Reta;Não;3;0;0;1;0;2;1;2;-7,018;-37,2589;SPRF-PB;DEL03-PB;UOP01-DEL03-PB
595936;23/04/2024;terça-feira;21:07:00;DF;20;13;BRASILIA;Acumulo de água sobre o pavimento;Saída de leito carroçável;Com Vítimas Feridas;Plena Noite;Crescente;Chuva;Dupla;"Reta;Declive";Sim;9;0;9;0;0;0;9;1;-15,638752;-47,749599;SPRF-DF;DEL02-DF;UOP01-DEL02-DF
595937;23/04/2024;terça-feira;20:50:00;SP;116;280;ITAPECERICA DA SERRA;Manobra de mudança de faixa;Colisão lateral mesmo sentido;Com Vítimas Feridas;Plena Noite;Crescente;Céu Claro;Dupla;Reta;Sim;2;0;1;0;1;0;1;2;-23,66996108;-46,85590758;SPRF-SP;DEL04-SP;UOP01-DEL04-SP
595942;21/04/2024;domingo;02:00:00;AC;364;539;TARAUACA;Ingestão de álcool pelo condutor;Atropelamento de Pedestre;Com Vítimas Feridas;Plena Noite;Decrescente;Ignorado;Simples;Aclive;Não;2;0;1;1;0;0;2;2;-8,14212202;-70,77053547;SPRF-AC;DEL01-AC;UOP01-DEL01-AC
595943;23/04/2024;terça-feira;18:40:00;MG;116;544,6;SANTA BARBARA DO LESTE;Ausência de reação do condutor;Saída de leito carroçável;Com Vítimas Feridas;Anoitecer;Decrescente;Céu Claro;Simples;Curva;Não;2;0;2;0;0;0;2;1;-19,919262;-42,13155389;SPRF-MG;DEL06-MG;UOP02-DEL06-MG
595946;23/04/2024;terça-feira;19:40:00;RJ;493;67,5;NOVA IGUACU;Entrada inopinada do pedestre;Atropelamento de Pedestre;Com Vítimas Fatais;Plena Noite;Decrescente;Nublado;Dupla;Reta;Não;2;1;0;0;0;1;0;2;-22,68207385;-43,46030474;SPRF-RJ;DEL01-RJ;UOP03-DEL01-RJ
595948;23/04/2024;terça-feira;20:50:00;RJ;101;327;NITEROI;Condutor deixou de manter distância do veículo da frente;Colisão traseira;Com Vítimas Feridas;Plena Noite;Decrescente;Céu Claro;Dupla;Reta;Não;3;0;2;1;0;0;3;3;-22,87117393;-43,15595099;SPRF-RJ;DEL02-RJ;UOP01-DEL02-RJ
595949;23/04/2024;terça-feira;19:40:00;RJ;101;407;ITAGUAI;Transitar no Acostamento;Colisão frontal;Com Vítimas Feridas;Plena Noite;Crescente;Céu Claro;Dupla;Reta;Sim;3;0;0;2;0;1;2;2;-22,87672058;-43,81631971;SPRF-RJ;DEL03-RJ;UOP01-DEL03-RJ
595951;23/04/2024;terça-feira;22:40:00;RS;386;52,8;SEBERI;Ingestão de álcool pelo condutor;Tombamento;Sem Vítimas;Plena Noite;Crescente;Céu Claro;Simples;Reta;Não;1;0;0;0;1;0;0;1;-27,508551;-53,381039;SPRF-RS;DEL08-RS;UOP02-DEL08-RS
595953;23/04/2024;terça-feira;23:55:00;PB;230;87;GURINHEM;Velocidade Incompatível;Saída de leito carroçável;Com Vítimas Feridas;Plena Noite;Crescente;Céu Claro;Dupla;"Retorno Regulamentado;Declive;Reta";Não;2;0;2;0;0;0;2;1;-7,16946194;-35,37741423;SPRF-PB;DEL01-PB;UOP03-DEL01-PB
595955;24/04/2024;quarta-feira;00:20:00;RN;101;157;GOIANINHA;Condutor Dormindo;Colisão com objeto;Com Vítimas Feridas;Plena Noite;Crescente;Céu Claro;Dupla;Reta;Não;4;0;3;0;1;0;3;1;-6,34776857;-35,16608834;SPRF-RN;DEL01-RN;UOP01-DEL01-RN
595957;24/04/2024;quarta-feira;00:25:00;RN;304;62,4;MOSSORO;Animais na Pista;Atropelamento de Animal;Com Vítimas Feridas;Plena Noite;Decrescente;Céu Claro;Simples;Reta;Não;1;0;1;0;0;0;1;1;-5,33915992;-37,26079285;SPRF-RN;DEL04-RN;UOP01-DEL04-RN
595959;24/04/2024;quarta-feira;01:30:00;PR;163;131,6;CAPITAO LEONIDAS MARQUES;Pista Escorregadia;Saída de leito carroçável;Com Vítimas Feridas;Plena Noite;Decrescente;Chuva;Simples;Reta;Não;3;0;0;1;0;2;1;2;-25,54352565;-53,59336853;SPRF-PR;DEL05-PR;UOP05-DEL05-PR
595961;24/04/2024;quarta-feira;02:45:00;GO;60;96;ANAPOLIS;Reação tardia ou ineficiente do condutor;Saída de leito carroçável;Sem Vítimas;Plena Noite;Decrescente;Céu Claro;Dupla;Reta;Sim;1;0;0;0;0;1;0;1;-16,371;-48,9422;SPRF-GO;DEL02-GO;UOP01-DEL02-GO
595963;24/04/2024;quarta-feira;04:40:00;AP;156;402;FERREIRA GOMES;Condutor Dormindo;Capotamento;Com Vítimas Feridas;Plena Noite;Crescente;Céu Claro;Simples;Reta;Não;2;0;1;0;0;1;1;1;0,94626535;-51,18198395;SPRF-AP;DEL01-AP;UOP02-DEL01-AP
595964;02/03/2024;sábado;14:30:00;MG;381;456;BELO HORIZONTE;Condutor deixou de manter distância do veículo da frente;Engavetamento;Com Vítimas Feridas;Pleno dia;Crescente;Chuva;Dupla;Reta;Sim;7;0;2;0;4;1;2;5;-19,85862954;-43,91292495;SPRF-MG;DEL01-MG;UOP01-DEL01-MG
595966;24/04/2024;quarta-feira;04:00:00;RJ;116;78;TERESOPOLIS;Reação tardia ou ineficiente do condutor;Capotamento;Com Vítimas Feridas;Amanhecer;Crescente;Nublado;Simples;Aclive;Não;1;0;1;0;0;0;1;1;-22,37408687;-42,95260496;SPRF-RJ;DEL04-RJ;UOP01-DEL04-RJ
595967;24/04/2024;quarta-feira;05:20:00;SC;470;48;BLUMENAU;Ausência de reação do condutor;Colisão com objeto;Com Vítimas Feridas;Amanhecer;Crescente;Céu Claro;Simples;Curva;Não;1;0;1;0;0;0;1;1;-26,859823;-49,055393;SPRF-SC;DEL04-SC;UOP01-DEL04-SC
595968;24/04/2024;quarta-feira;05:45:00;SP;116;210,5;GUARULHOS;Reação tardia ou ineficiente do condutor;Colisão lateral mesmo sentido;Com Vítimas Feridas;Pleno dia;Crescente;Céu Claro;Múltipla;Aclive;Sim;4;0;1;0;2;1;1;3;-23,42870023;-46,41085991;SPRF-SP;DEL01-SP;UOP01-DEL01-SP
595975;24/04/2024;quarta-feira;05:40:00;SE;101;58;ROSARIO DO CATETE;Acessar a via sem observar a presença dos outros veículos;Colisão transversal;Com Vítimas Feridas;Amanhecer;Decrescente;Céu Claro;Simples;Reta;Não;2;0;0;1;1;0;1;2;-10,65178333;-37,02372954;SPRF-SE;DEL02-SE;UOP02-DEL02-SE
595976;24/04/2024;quarta-feira;02:00:00;SC;101;458;SAO JOAO DO SUL;Reação tardia ou ineficiente do condutor;Colisão com objeto;Com Vítimas Feridas;Plena Noite;Decrescente;Ignorado;Múltipla;Reta;Não;2;0;1;0;1;0;1;1;-29,244;-49,754;SPRF-SC;DEL02-SC;UOP02-DEL02-SC
595977;23/04/2024;terça-feira;20:00:00;SC;153;71,9;IRANI;Ausência de reação do condutor;Capotamento;Com Vítimas Feridas;Plena Noite;Crescente;Nevoeiro/Neblina;Simples;"Declive;Curva";Não;1;0;1;0;0;0;1;1;-27,05794;-51,890205;SPRF-SC;DEL07-SC;UOP04-DEL07-SC
595978;24/04/2024;quarta-feira;06:20:00;MG;116;446,3;ENGENHEIRO CALDAS;Ausência de reação do condutor;Saída de leito carroçável;Com Vítimas Feridas;Pleno dia;Decrescente;Céu Claro;Simples;Reta;Não;1;0;1;0;0;0;1;1;-19,12011982;-42,00851425;SPRF-MG;DEL06-MG;UOP02-DEL06-MG
595980;24/04/2024;quarta-feira;06:55:00;MG;40;519;RIBEIRAO DAS NEVES;Trafegar com motocicleta (ou similar) entre as faixas;Colisão lateral mesmo sentido;Com Vítimas Feridas;Pleno dia;Crescente;Céu Claro;Dupla;Reta;Sim;3;0;2;0;1;0;2;2;-19,84117933;-44,0760541;SPRF-MG;DEL01-MG;UOP02-DEL01-MG
595983;24/04/2024;quarta-feira;07:00:00;GO;60;388;RIO VERDE;Acesso irregular;Queda de ocupante de veículo;Com Vítimas Feridas;Pleno dia;Crescente;Céu Claro;Simples;"Reta;Em Obras";Não;1;0;1;0;0;0;1;1;-17,8151;-50,9343;SPRF-GO;DEL04-GO;UOP02-DEL04-GO
595984;24/04/2024;quarta-feira;07:40:00;SE;235;4,3;ARACAJU;Transitar na contramão;Colisão frontal;Com Vítimas Feridas;Pleno dia;Crescente;Céu Claro;Dupla;Reta;Não;2;0;1;0;1;0;1;2;-10,9064;-37,1197;SPRF-SE;DEL01-SE;UOP01-DEL01-SE
595985;24/04/2024;quarta-feira;07:30:00;CE;222;3,7;CAUCAIA;Afundamento ou ondulação no pavimento;Queda de ocupante de veículo;Com Vítimas Feridas;Pleno dia;Decrescente;Céu Claro;Múltipla;Interseção de Vias;Sim;2;0;1;1;0;0;2;1;-3,7403769;-38,59569202;SPRF-CE;DEL01-CE;UOP01-DEL01-CE
595986;23/04/2024;terça-feira;13:00:00;SC;470;181;POUSO REDONDO;Velocidade Incompatível;Saída de leito carroçável;Com Vítimas Feridas;Pleno dia;Crescente;Chuva;Simples;Curva;Não;2;0;1;1;0;0;2;1;-27,251818;-49,996815;SPRF-SC;DEL04-SC;UOP02-DEL04-SC
595987;24/04/2024;quarta-feira;06:40:00;PR;277;6;PARANAGUA;Ausência de reação do condutor;Colisão traseira;Com Vítimas Feridas;Amanhecer;Decrescente;Céu Claro;Dupla;Reta;Não;2;0;1;0;1;0;1;2;-25,56023928;-48,57987463;SPRF-PR;DEL01-PR;UOP05-DEL01-PR
595990;24/04/2024;quarta-feira;07:20:00;RS;472;559;URUGUAIANA;Ausência de reação do condutor;Saída de leito carroçável;Com Vítimas Feridas;Amanhecer;Crescente;Céu Claro;Simples;"Declive;Reta";Não;1;0;1;0;0;0;1;1;-29,64882704;-56,88901793;SPRF-RS;DEL13-RS;UOP01-DEL13-RS
595991;19/04/2024;sexta-feira;07:30:00;SC;470;99;APIUNA;Conversão proibida;Colisão lateral mesmo sentido;Com Vítimas Feridas;Pleno dia;Crescente;Céu Claro;Simples;Curva;Sim;2;0;2;0;0;0;2;2;-27,037956;-49,393417;SPRF-SC;DEL04-SC;UOP02-DEL04-SC
595992;24/04/2024;quarta-feira;06:20:00;RJ;40;119;DUQUE DE CAXIAS;Manobra de mudança de faixa;Tombamento;Com Vítimas Feridas;Pleno dia;Crescente;Céu Claro;Múltipla;Reta;Sim;2;0;1;0;0;1;1;2;-22,76375592;-43,28683062;SPRF-RJ;DEL01-RJ;UOP02-DEL01-RJ
595997;24/04/2024;quarta-feira;08:10:00;RS;116;254;SAPUCAIA DO SUL;Ausência de reação do condutor;Colisão traseira;Com Vítimas Feridas;Pleno dia;Crescente;Garoa/Chuvisco;Dupla;Reta;Sim;3;0;0;1;2;0;1;2;-29,82981075;-51,17358685;SPRF-RS;DEL01-RS;UOP02-DEL01-RS
595998;24/04/2024;quarta-feira;07:47:00;BA;324;527;FEIRA DE SANTANA;Ausência de reação do condutor;Colisão traseira;Com Vítimas Feridas;Pleno dia;Decrescente;Nublado;Dupla;Reta;Não;3;0;1;1;1;0;2;2;-12,31183923;-38,88331817;SPRF-BA;DEL01-BA;UOP03-DEL01-BA
595999;24/04/2024;quarta-feira;08:05:00;RJ;116;179;SAO JOAO DE MERITI;Ausência de reação do condutor;Colisão traseira;Com Vítimas Feridas;Pleno dia;Decrescente;Céu Claro;Múltipla;Reta;Sim;3;0;0;1;2;0;1;3;-22,769902;-43,408036;SPRF-RJ;DEL06-RJ;UOP01-DEL06-RJ
596004;24/04/2024;quarta-feira;08:00:00;PR;476;152;ARAUCARIA;Reação tardia ou ineficiente do condutor;Colisão lateral mesmo sentido;Com Vítimas Feridas;Pleno dia;Crescente;Céu Claro;Dupla;Reta;Sim;2;0;1;0;1;0;1;2;-25,570036;-49,384193;SPRF-PR;DEL01-PR;UOP06-DEL01-PR
596006;24/04/2024;quarta-feira;07:30:00;MG;40;517,7;CONTAGEM;Manobra de mudança de faixa;Colisão lateral mesmo sentido;Com Vítimas Feridas;Pleno dia;Crescente;Céu Claro;Dupla;Reta;Sim;2;0;1;0;1;0;1;2;-19,82351202;-44,08438913;SPRF-MG;DEL01-MG;UOP02-DEL01-MG
596008;24/04/2024;quarta-feira;08:35:00;PB;230;22,6;JOAO PESSOA;Reação tardia ou ineficiente do condutor;Colisão lateral mesmo sentido;Com Vítimas Feridas;Pleno dia;Decrescente;Sol;Dupla;Reta;Sim;2;0;1;0;1;0;1;2;-7,15558449;-34,85679388;SPRF-PB;DEL01-PB;UOP01-DEL01-PB
596009;24/04/2024;quarta-feira;08:32:00;SP;116;444;REGISTRO;Ausência de reação do condutor;Colisão lateral mesmo sentido;Com Vítimas Feridas;Pleno dia;Decrescente;Céu Claro;Simples;Curva;Sim;2;0;1;0;1;0;1;2;-24,49129421;-47,83614553;SPRF-SP;DEL05-SP;UOP01-DEL05-SP
596011;13/04/2024;sábado;04:15:00;SC;101;196,1;BIGUACU;Animais na Pista;Atropelamento de Animal;Sem Vítimas;Plena Noite;Crescente;Chuva;Dupla;Reta;Sim;1;0;0;0;1;0;0;1;-27,51101091;-48,64322292;SPRF-SC;DEL01-SC;UOP01-DEL01-SC
596014;04/04/2024;quinta-feira;11:50:00;RJ;116;112;GUAPIMIRIM;Velocidade Incompatível;Colisão traseira;Com Vítimas Feridas;Pleno dia;Crescente;Céu Claro;Simples;Curva;Não;2;0;1;0;1;0;1;2;-22,55073275;-42,98968744;SPRF-RJ;DEL04-RJ;UOP02-DEL04-RJ
596015;24/04/2024;quarta-feira;07:05:00;GO;153;323,4;RIANAPOLIS;Manobra de mudança de faixa;Saída de leito carroçável;Com Vítimas Feridas;Pleno dia;Crescente;Céu Claro;Simples;Declive;Não;2;0;2;0;0;0;2;1;-15,473006;-49,496449;SPRF-GO;DEL02-GO;UOP02-DEL02-GO
596016;24/04/2024;quarta-feira;08:05:00;PR;116;168;QUITANDINHA;Acessar a via sem observar a presença dos outros veículos;Colisão transversal;Com Vítimas Feridas;Pleno dia;Crescente;Céu Claro;Simples;"Reta;Interseção de Vias";Sim;3;0;2;1;0;0;3;2;-25,886565;-49,50626;SPRF-PR;DEL01-PR;UOP03-DEL01-PR
596018;24/04/2024;quarta-feira;07:00:00;RJ;101;415;MANGARATIBA;Transitar na contramão;Colisão lateral sentido oposto;Com Vítimas Feridas;Pleno dia;Decrescente;Sol;Dupla;Reta;Não;3;0;2;0;0;1;2;2;-22,90729503;-43,89024997;SPRF-RJ;DEL03-RJ;UOP01-DEL03-RJ
596019;24/04/2024;quarta-feira;06:20:00;BA;242;481;IBITIARA;Reação tardia ou ineficiente do condutor;Saída de leito carroçável;Com Vítimas Feridas;Pleno dia;Decrescente;Céu Claro;Simples;"Declive;Reta";Não;32;0;3;9;20;0;12;1;-12,45171991;-42,31907695;SPRF-BA;DEL06-BA;UOP01-DEL06-BA
596021;24/04/2024;quarta-feira;08:38:00;TO;153;677;GURUPI;Condutor Dormindo;Saída de leito carroçável;Com Vítimas Feridas;Pleno dia;Crescente;Nublado;Simples;"Declive;Reta;Em Obras";Não;1;0;1;0;0;0;1;1;-11,76744485;-49,10187819;SPRF-TO;DEL01-TO;UOP02-DEL01-TO
596022;24/04/2024;quarta-feira;09:20:00;BA;407;6;JUAZEIRO;Ausência de reação do condutor;Colisão com objeto;Com Vítimas Feridas;Pleno dia;Decrescente;Sol;Dupla;Reta;Sim;1;0;1;0;0;0;1;1;-9,45595491;-40,48655981;SPRF-PE;DEL06-PE;UOP01-DEL06-PE
596025;24/04/2024;quarta-feira;04:45:00;MT;364;404;CUIABA;Reação tardia ou ineficiente do condutor;Queda de ocupante de veículo;Com Vítimas Feridas;Plena Noite;Decrescente;Céu Claro;Simples;Reta;Sim;1;0;0;1;0;0;1;1;-15,68278673;-55,92170288;SPRF-MT;DEL01-MT;UOP02-DEL01-MT
596026;24/04/2024;quarta-feira;09:50:00;BA;116;421,8;FEIRA DE SANTANA;Manobra de mudança de faixa;Colisão lateral mesmo sentido;Com Vítimas Feridas;Pleno dia;Crescente;Nublado;Dupla;Reta;Sim;2;0;1;0;1;0;1;2;-12,211936;-38,96567;SPRF-BA;DEL02-BA;UOP01-DEL02-BA
596027;24/04/2024;quarta-feira;07:40:00;MG;381;421,9;CAETE;Ausência de reação do condutor;Colisão traseira;Com Vítimas Feridas;Pleno dia;Crescente;Céu Claro;Dupla;"Declive;Reta";Não;2;0;0;1;1;0;1;2;-19,783061;-43,66116123;SPRF-MG;DEL01-MG;UOP01-DEL01-MG
596028;24/04/2024;quarta-feira;08:40:00;PR;369;81,4;CORNELIO PROCOPIO;Reação tardia ou ineficiente do condutor;Colisão frontal;Com Vítimas Fatais;Pleno dia;Crescente;Céu Claro;Simples;Reta;Não;5;1;1;2;0;1;3;3;-23,148877;-50,595611;SPRF-PR;DEL07-PR;UOP05-DEL07-PR
596029;16/03/2024;sábado;06:00:00;RS;116;297;GUAIBA;Acessar a via sem observar a presença dos outros veículos;Colisão transversal;Com Vítimas Fatais;Amanhecer;Crescente;Céu Claro;Dupla;Reta;Não;4;1;0;0;3;0;0;2;-30,09753097;-51,34302937;SPRF-RS;DEL02-RS;UOP01-DEL02-RS
596033;24/04/2024;quarta-feira;07:40:00;SC;470;246,3;CURITIBANOS;Manobra de mudança de faixa;Colisão lateral mesmo sentido;Com Vítimas Feridas;Pleno dia;Decrescente;Nublado;Simples;Reta;Sim;2;0;1;0;1;0;1;2;-27,315086;-50,532715;SPRF-SC;DEL05-SC;UOP03-DEL05-SC
596035;29/03/2024;sexta-feira;08:45:00;SE;101;56;ROSARIO DO CATETE;Condutor deixou de manter distância do veículo da frente;Colisão traseira;Com Vítimas Feridas;Pleno dia;Decrescente;Céu Claro;Simples;Reta;Não;2;0;1;0;1;0;1;2;-10,6393067;-37,0106971;SPRF-SE;DEL02-SE;UOP02-DEL02-SE
596036;24/04/2024;quarta-feira;10:20:00;TO;153;149;ARAGUAINA;Ausência de reação do condutor;Colisão lateral mesmo sentido;Com Vítimas Feridas;Pleno dia;Crescente;Céu Claro;Simples;Reta;Sim;2;0;0;1;0;1;1;2;-7,239191;-48,254288;SPRF-TO;DEL02-TO;UOP01-DEL02-TO
596037;24/04/2024;quarta-feira;10:39:00;GO;50;277;CATALAO;Condutor deixou de manter distância do veículo da frente;Colisão traseira;Com Vítimas Feridas;Pleno dia;Crescente;Céu Claro;Simples;Reta;Sim;2;0;1;0;1;0;1;2;-18,1652;-47,9113;SPRF-GO;DEL06-GO;UOP01-DEL06-GO
596040;24/04/2024;quarta-feira;10:40:00;DF;70;6;BRASILIA;Acessar a via sem observar a presença dos outros veículos;Colisão traseira;Com Vítimas Feridas;Pleno dia;Crescente;Céu Claro;Múltipla;Reta;Sim;4;0;2;0;1;1;2;4;-15,791242;-48,105759;SPRF-DF;DEL03-DF;UOP02-DEL03-DF
596045;24/04/2024;quarta-feira;09:20:00;RJ;393;107;SAPUCAIA;Reação tardia ou ineficiente do condutor;Colisão lateral mesmo sentido;Com Vítimas Feridas;Pleno dia;Decrescente;Céu Claro;Simples;Reta;Sim;2;0;1;0;1;0;1;2;-21,87869149;-42,67853056;SPRF-RJ;DEL05-RJ;UOP01-DEL05-RJ
596046;24/04/2024;quarta-feira;07:40:00;SP;381;90;GUARULHOS;Ultrapassagem Indevida;Queda de ocupante de veículo;Com Vítimas Feridas;Pleno dia;Crescente;Céu Claro;Dupla;Reta;Sim;2;0;1;0;1;0;1;2;-23,49479479;-46,55959864;SPRF-SP;DEL03-SP;UOP01-DEL03-SP
596048;24/04/2024;quarta-feira;11:10:00;MG;116;274;TEOFILO OTONI;Acessar a via sem observar a presença dos outros veículos;Colisão lateral mesmo sentido;Com Vítimas Feridas;Pleno dia;Crescente;Céu Claro;Simples;Reta;Não;2;0;1;0;1;0;1;2;-17,83384514;-41,51094368;SPRF-MG;DEL11-MG;UOP01-DEL11-MG
596049;24/04/2024;quarta-feira;11:55:00;MG;381;358;JOAO MONLEVADE;Transitar no Acostamento;Atropelamento de Pedestre;Com Vítimas Feridas;Pleno dia;Decrescente;Céu Claro;Simples;Reta;Sim;3;0;0;1;0;2;1;2;-19,85592801;-43,21689055;SPRF-MG;DEL03-MG;UOP01-DEL03-MG
596050;24/04/2024;quarta-feira;12:10:00;SP;101;49;UBATUBA;Ultrapassagem Indevida;Colisão frontal;Com Vítimas Feridas;Pleno dia;Crescente;Céu Claro;Simples;Reta;Sim;3;0;1;0;2;0;1;2;-23,44410908;-45,08375708;SPRF-SP;DEL06-SP;UOP01-DEL06-SP
596051;24/04/2024;quarta-feira;12:32:00;RJ;116;189;NOVA IGUACU;Acesso irregular;Colisão lateral mesmo sentido;Com Vítimas Feridas;Pleno dia;Decrescente;Céu Claro;Múltipla;Reta;Sim;2;0;1;0;1;0;1;2;-22,73765712;-43,49182298;SPRF-RJ;DEL06-RJ;UOP01-DEL06-RJ
596053;24/04/2024;quarta-feira;07:30:00;MG;116;274;TEOFILO OTONI;Ausência de reação do condutor;Colisão lateral mesmo sentido;Com Vítimas Feridas;Pleno dia;Decrescente;Céu Claro;Simples;"Aclive;Retorno Regulamentado";Sim;2;0;1;0;0;1;1;2;-17,83384514;-41,51094368;SPRF-MG;DEL11-MG;UOP01-DEL11-MG
596054;24/04/2024;quarta-feira;12:00:00;SP;116;137,7;SAO JOSE DOS CAMPOS;Avarias e/ou desgaste excessivo no pneu;Saída de leito carroçável;Com Vítimas Feridas;Pleno dia;Decrescente;Sol;Dupla;Reta;Não;2;0;2;0;0;0;2;2;-23,15300766;-45,78709317;SPRF-SP;DEL02-SP;UOP01-DEL02-SP
596055;10/03/2024;domingo;07:00:00;PR;369;143;LONDRINA;Manobra de mudança de faixa;Tombamento;Com Vítimas Feridas;Pleno dia;Crescente;Céu Claro;Dupla;Reta;Sim;1;0;1;0;0;0;1;1;-23,2930286;-51,0988543;SPRF-PR;DEL07-PR;UOP01-DEL07-PR
596056;24/04/2024;quarta-feira;06:50:00;RJ;101;490,9;ANGRA DOS REIS;Velocidade Incompatível;Colisão frontal;Com Vítimas Feridas;Pleno dia;Decrescente;Sol;Simples;Reta;Não;2;0;1;1;0;0;2;2;-22,95640053;-44,31282898;SPRF-RJ;DEL03-RJ;UOP03-DEL03-RJ
596059;24/04/2024;quarta-feira;12:00:00;MG;40;668,9;CARANDAI;Conversão proibida;Colisão traseira;Com Vítimas Feridas;Pleno dia;Crescente;Céu Claro;Simples;Reta;Não;2;0;0;2;0;0;2;2;-20,96391132;-43,78759146;SPRF-MG;DEL05-MG;UOP02-DEL05-MG
596060;24/04/2024;quarta-feira;11:17:00;AC;364;138;RIO BRANCO;Reação tardia ou ineficiente do condutor;Colisão traseira;Com Vítimas Feridas;Pleno dia;Crescente;Nublado;Múltipla;Reta;Sim;2;0;1;0;1;0;1;2;-9,95817791;-67,8577745;SPRF-AC;DEL01-AC;UOP01-DEL01-AC
596067;24/04/2024;quarta-feira;09:52:00;RO;364;301;PRESIDENTE MEDICI;Pista esburacada;Saída de leito carroçável;Com Vítimas Feridas;Pleno dia;Crescente;Céu Claro;Simples;Reta;Não;1;0;0;1;0;0;1;1;-11,235692;-61,90194418;SPRF-RO;DEL02-RO;UOP01-DEL02-RO
596069;24/04/2024;quarta-feira;13:00:00;PE;232;6,3;RECIFE;Reação tardia ou ineficiente do condutor;Colisão traseira;Com Vítimas Feridas;Pleno dia;Decrescente;Sol;Dupla;Reta;Sim;2;0;0;1;1;0;1;2;-8,07079525;-34,9535389;SPRF-PE;DEL01-PE;UOP01-DEL01-PE
596071;24/04/2024;quarta-feira;10:55:00;PI;407;584,1;ACAUA;Acessar a via sem observar a presença dos outros veículos;Colisão transversal;Com Vítimas Feridas;Pleno dia;Decrescente;Céu Claro;Simples;Reta;Não;3;0;1;0;2;0;1;2;-8,2091117;-41,07848167;SPRF-PI;DEL04-PI;UOP01-DEL04-PI
596072;24/04/2024;quarta-feira;12:00:00;RJ;40;78;PETROPOLIS;Reação tardia ou ineficiente do condutor;Colisão com objeto;Com Vítimas Feridas;Pleno dia;Crescente;Céu Claro;Dupla;"Declive;Curva";Não;2;0;1;0;1;0;1;1;-22,48485874;-43,22843406;SPRF-RJ;DEL01-RJ;UOP01-DEL01-RJ