id;data_inversa;dia_semana;horario;uf;br;km;municipio;causa_acidente;tipo_acidente;classificacao_acidente;fase_dia;sentido_via;condicao_metereologica;tipo_pista;tracado_via;uso_solo;pessoas;mortos;feridos_leves;feridos_graves;ilesos;ignorados;feridos;veiculos;latitude;longitude;regional;delegacia;uop
596073;24/04/2024;quarta-feira;13:50:00;RJ;40;111;DUQUE DE CAXIAS;Demais falhas mecânicas ou elétricas;Colisão traseira;Com Vítimas Feridas;Pleno dia;Crescente;Céu Claro;Dupla;"Aclive;Reta";Sim;4;0;2;0;2;0;2;3;-22,691868;-43,287453;SPRF-RJ;DEL01-RJ;UOP02-DEL01-RJ
596074;24/04/2024;quarta-feira;12:30:00;AC;364;136;RIO BRANCO;Pista Escorregadia;Queda de ocupante de veículo;Com Vítimas Feridas;Pleno dia;Crescente;Garoa/Chuvisco;Dupla;Declive;Sim;2;0;1;0;1;0;1;2;-9,977578;-67,8489;SPRF-AC;DEL01-AC;UOP01-DEL01-AC
596075;19/04/2024;sexta-feira;23:40:00;PI;316;316;PICOS;Acessar a via sem observar a presença dos outros veículos;Colisão transversal;Com Vítimas Feridas;Plena Noite;Crescente;Céu Claro;Múltipla;Reta;Sim;2;0;1;0;1;0;1;2;-7,08133721;-41,42347604;SPRF-PI;DEL04-PI;UOP01-DEL04-PI
596076;24/04/2024;quarta-feira;14:00:00;ES;101;147;LINHARES;Ausência de reação do condutor;Colisão transversal;Com Vítimas Feridas;Pleno dia;Crescente;Sol;Múltipla;Interseção de Vias;Sim;2;0;1;0;1;0;1;2;-19,37887202;-40,06657892;SPRF-ES;DEL04-ES;UOP01-DEL04-ES
596078;24/04/2024;quarta-feira;13:55:00;MS;163;616;SAO GABRIEL DO OESTE;Acessar a via sem observar a presença dos outros veículos;Colisão transversal;Com Vítimas Feridas;Pleno dia;Decrescente;Céu Claro;Simples;"Reta;Interseção de Vias";Sim;3;0;2;0;1;0;2;2;-19,3892102;-54,5716989;SPRF-MS;DEL06-MS;UOP02-DEL06-MS
596079;24/04/2024;quarta-feira;13:50:00;MG;381;447;SANTA LUZIA;Condutor Dormindo;Saída de leito carroçável;Com Vítimas Feridas;Pleno dia;Crescente;Céu Claro;Simples;Curva;Não;1;0;0;1;0;0;1;1;-19,83447607;-43,85011601;SPRF-MG;DEL01-MG;UOP01-DEL01-MG
596081;24/04/2024;quarta-feira;14:30:00;RJ;116;281;BARRA MANSA;Condutor deixou de manter distância do veículo da frente;Colisão traseira;Com Vítimas Feridas;Pleno dia;Decrescente;Sol;Dupla;Reta;Sim;2;0;1;0;1;0;1;2;-22,53244798;-44,19565304;SPRF-RJ;DEL07-RJ;UOP02-DEL07-RJ
596082;24/04/2024;quarta-feira;14:00:00;BA;324;584;CANDEIAS;Condutor Dormindo;Saída de leito carroçável;Sem Vítimas;Pleno dia;Crescente;Nublado;Dupla;Reta;Não;1;0;0;0;1;0;0;1;-12,634125;-38,47856;SPRF-BA;DEL01-BA;UOP01-DEL01-BA
596084;24/04/2024;quarta-feira;14:30:00;PR;277;64;SAO JOSE DOS PINHAIS;Demais falhas mecânicas ou elétricas;Saída de leito carroçável;Sem Vítimas;Pleno dia;Crescente;Nublado;Dupla;"Aclive;Reta";Sim;1;0;0;0;1;0;0;1;-25,537542;-49,06969;SPRF-PR;DEL01-PR;UOP01-DEL01-PR
596086;12/04/2024;sexta-feira;19:00:00;MG;381;455;BELO HORIZONTE;Reação tardia ou ineficiente do condutor;Colisão traseira;Com Vítimas Feridas;Plena Noite;Decrescente;Céu Claro;Simples;Reta;Não;2;0;0;1;1;0;1;2;-19,85777408;-43,90468298;SPRF-MG;DEL01-MG;UOP01-DEL01-MG
596087;15/04/2024;segunda-feira;05:42:00;BA;324;622;SALVADOR;Condutor deixou de manter distância do veículo da frente;Queda de ocupante de veículo;Com Vítimas Feridas;Pleno dia;Decrescente;Céu Claro;Dupla;Reta;Sim;1;0;1;0;0;0;1;1;-12,91888605;-38,46502095;SPRF-BA;DEL01-BA;UOP01-DEL01-BA
596088;24/04/2024;quarta-feira;14:40:00;PI;343;4,8;TERESINA;Ausência de reação do condutor;Colisão traseira;Com Vítimas Feridas;Pleno dia;Decrescente;Céu Claro;Dupla;"Ponte;Reta";Sim;2;0;0;1;1;0;1;2;-5,08365593;-42,79702663;SPRF-PI;DEL01-PI;UOP01-DEL01-PI
596093;24/04/2024;quarta-feira;15:30:00;RN;226;73;TANGARA;Transitar na contramão;Colisão frontal;Com Vítimas Fatais;Pleno dia;Crescente;Céu Claro;Simples;Reta;Não;6;2;0;4;0;0;4;2;-6,13998101;-35,73043398;SPRF-RN;DEL01-RN;UOP02-DEL01-RN
596094;24/04/2024;quarta-feira;11:15:00;AL;104;62,3;MURICI;Demais Fenômenos da natureza;Colisão com objeto;Com Vítimas Feridas;Pleno dia;Decrescente;Céu Claro;Simples;Reta;Não;2;0;1;0;1;0;1;1;-9,32660303;-35,92126901;SPRF-AL;DEL01-AL;UOP02-DEL01-AL
596095;29/02/2024;quinta-feira;02:20:00;MG;262;418;PARA DE MINAS;Reação tardia ou ineficiente do condutor;Tombamento;Sem Vítimas;Plena Noite;Crescente;Ignorado;Dupla;Reta;Não;1;0;0;0;0;1;0;1;-19,89963382;-44,69608755;SPRF-MG;DEL08-MG;UOP03-DEL08-MG
596096;24/04/2024;quarta-feira;15:00:00;ES;101;270,4;SERRA;Pedestre cruzava a pista fora da faixa;Atropelamento de Pedestre;Com Vítimas Feridas;Pleno dia;Crescente;Nublado;Dupla;Interseção de Vias;Sim;2;0;0;1;1;0;1;2;-20,22662056;-40,27075088;SPRF-ES;DEL02-ES;UOP01-DEL02-ES
596098;20/04/2024;sábado;14:00:00;RJ;40;119;DUQUE DE CAXIAS;Ultrapassagem Indevida;Colisão frontal;Com Vítimas Feridas;Pleno dia;Decrescente;Céu Claro;Simples;Retorno Regulamentado;Não;2;0;1;0;1;0;1;2;-22,76375592;-43,28683062;SPRF-RJ;DEL01-RJ;UOP02-DEL01-RJ
596100;24/04/2024;quarta-feira;12:40:00;MG;365;216;JOAO PINHEIRO;Transitar na contramão;Saída de leito carroçável;Com Vítimas Feridas;Pleno dia;Crescente;Céu Claro;Simples;Reta;Não;1;0;1;0;0;0;1;1;-17,58172391;-45,34487205;SPRF-MG;DEL10-MG;UOP02-DEL010-MG
596101;24/04/2024;quarta-feira;16:45:00;SC;101;121,2;ITAJAI;Manobra de mudança de faixa;Colisão traseira;Com Vítimas Feridas;Pleno dia;Decrescente;Céu Claro;Múltipla;Reta;Não;2;0;1;0;1;0;1;2;-26,92103178;-48,70856446;SPRF-SC;DEL04-SC;UOP04-DEL04-SC
596102;24/04/2024;quarta-feira;15:00:00;SC;282;97,2;ALFREDO WAGNER;Velocidade Incompatível;Colisão frontal;Com Vítimas Feridas;Pleno dia;Decrescente;Nublado;Simples;Reta;Não;4;0;2;0;1;1;2;3;-27,707966;-49,272182;SPRF-SC;DEL01-SC;UOP03-DEL01-SC
596104;24/04/2024;quarta-feira;17:10:00;RS;116;246;SAO LEOPOLDO;Demais falhas na via;Tombamento;Com Vítimas Feridas;Pleno dia;Crescente;Nublado;Múltipla;Reta;Sim;1;0;0;1;0;0;1;1;-29,758751;-51,15186806;SPRF-RS;DEL01-RS;UOP02-DEL01-RS
596106;24/04/2024;quarta-feira;17:20:00;MG;381;490;BETIM;Condutor deixou de manter distância do veículo da frente;Colisão traseira;Com Vítimas Feridas;Anoitecer;Crescente;Céu Claro;Múltipla;"Curva;Interseção de Vias";Sim;9;0;7;0;2;0;7;2;-19,96502819;-44,17422195;SPRF-MG;DEL01-MG;UOP03-DEL01-MG
596107;24/04/2024;quarta-feira;17:10:00;MG;365;753,6;ITUIUTABA;Transitar na contramão;Colisão lateral sentido oposto;Com Vítimas Feridas;Pleno dia;Decrescente;Céu Claro;Simples;Interseção de Vias;Sim;2;0;0;1;1;0;1;2;-18,95974821;-49,47134972;SPRF-MG;DEL15-MG;UOP03-DEL15-MG
596108;24/04/2024;quarta-feira;16:50:00;SC;101;340,8;TUBARAO;Pedestre cruzava a pista fora da faixa;Atropelamento de Pedestre;Com Vítimas Feridas;Pleno dia;Decrescente;Chuva;Dupla;Reta;Sim;2;0;0;1;1;0;1;2;-28,501444;-49,04690399;SPRF-SC;DEL02-SC;UOP01-DEL02-SC
596110;24/04/2024;quarta-feira;17:50:00;SP;101;50,6;UBATUBA;Ingestão de álcool pelo condutor;Colisão frontal;Com Vítimas Feridas;Anoitecer;Crescente;Céu Claro;Simples;Reta;Sim;2;0;1;0;1;0;1;2;-23,45018939;-45,07743735;SPRF-SP;DEL06-SP;UOP01-DEL06-SP
596115;24/04/2024;quarta-feira;17:50:00;SP;116;101;PINDAMONHANGABA;Reação tardia ou ineficiente do condutor;Engavetamento;Sem Vítimas;Pleno dia;Decrescente;Céu Claro;Dupla;Reta;Sim;3;0;0;0;3;0;0;3;-22,99074204;-45,48115098;SPRF-SP;DEL08-SP;UOP01-DEL08-SP
596116;24/04/2024;quarta-feira;17:35:00;BA;324;610;SIMOES FILHO;Ausência de reação do condutor;Colisão traseira;Com Vítimas Feridas;Anoitecer;Decrescente;Céu Claro;Dupla;Reta;Não;2;0;0;1;0;1;1;2;-12,82931703;-38,41113193;SPRF-BA;DEL01-BA;UOP01-DEL01-BA
596117;24/04/2024;quarta-feira;17:28:00;MS;163;486,5;CAMPO GRANDE;Conversão proibida;Colisão traseira;Com Vítimas Feridas;Anoitecer;Crescente;Céu Claro;Simples;"Interseção de Vias;Declive;Reta";Não;3;0;2;0;1;0;2;2;-20,4336361;-54,54376745;SPRF-MS;DEL01-MS;UOP02-DEL01-MS
596118;24/04/2024;quarta-feira;18:00:00;DF;40;1,2;BRASILIA;Condutor usando celular;Colisão com objeto;Com Vítimas Feridas;Anoitecer;Decrescente;Céu Claro;Dupla;Reta;Sim;1;0;1;0;0;0;1;1;-15,985532;-47,987747;SPRF-DF;DEL01-DF;UOP01-DEL01-DF
596120;24/04/2024;quarta-feira;16:59:00;RJ;40;108;DUQUE DE CAXIAS;Reação tardia ou ineficiente do condutor;Tombamento;Com Vítimas Feridas;Pleno dia;Crescente;Céu Claro;Dupla;Interseção de Vias;Sim;1;0;0;1;0;0;1;1;-22,67055087;-43,28586459;SPRF-RJ;DEL01-RJ;UOP02-DEL01-RJ
596122;24/04/2024;quarta-feira;18:35:00;MG;262;444,3;NOVA SERRANA;Condutor deixou de manter distância do veículo da frente;Colisão lateral mesmo sentido;Com Vítimas Feridas;Plena Noite;Crescente;Céu Claro;Simples;"Declive;Interseção de Vias";Sim;3;0;2;1;0;0;3;2;-19,88065393;-44,92197102;SPRF-MG;DEL08-MG;UOP03-DEL08-MG
596125;24/04/2024;quarta-feira;19:15:00;RS;116;261;CANOAS;Ausência de reação do condutor;Tombamento;Com Vítimas Feridas;Plena Noite;Decrescente;Céu Claro;Simples;Reta;Sim;1;0;1;0;0;0;1;1;-29,870408;-51,179909;SPRF-RS;DEL01-RS;UOP01-DEL01-RS
596126;24/04/2024;quarta-feira;19:35:00;RJ;101;512;ANGRA DOS REIS;Reação tardia ou ineficiente do condutor;Queda de ocupante de veículo;Com Vítimas Feridas;Plena Noite;Crescente;Céu Claro;Simples;Reta;Sim;2;0;1;0;0;1;1;2;-22,96909;-44,44151;SPRF-RJ;DEL03-RJ;UOP03-DEL03-RJ
596128;24/04/2024;quarta-feira;17:35:00;RO;319;61;PORTO VELHO;Acessar a via sem observar a presença dos outros veículos;Colisão transversal;Com Vítimas Feridas;Anoitecer;Crescente;Céu Claro;Dupla;"Interseção de Vias;Reta";Sim;3;0;0;1;1;1;1;3;-8,74371038;-63,88938725;SPRF-RO;DEL01-RO;UOP01-DEL01-RO
596132;24/04/2024;quarta-feira;19:20:00;PR;116;128;FAZENDA RIO GRANDE;Acessar a via sem observar a presença dos outros veículos;Colisão lateral mesmo sentido;Sem Vítimas;Plena Noite;Decrescente;Nublado;Simples;"Interseção de Vias;Reta";Sim;2;0;0;0;2;0;0;2;-25,62150831;-49,31621728;SPRF-PR;DEL01-PR;UOP03-DEL01-PR
596133;24/04/2024;quarta-feira;18:40:00;MS;463;1;DOURADOS;Acessar a via sem observar a presença dos outros veículos;Colisão transversal;Com Vítimas Feridas;Plena Noite;Crescente;Céu Claro;Simples;Reta;Sim;3;0;2;0;0;1;2;2;-22,259064;-54,8137;SPRF-MS;DEL04-MS;UOP01-DEL04-MS
596135;24/04/2024;quarta-feira;18:00:00;MT;163;838;SINOP;Acessar a via sem observar a presença dos outros veículos;Colisão transversal;Com Vítimas Feridas;Anoitecer;Crescente;Céu Claro;Dupla;"Retorno Regulamentado;Interseção de Vias";Sim;4;0;2;0;2;0;2;2;-11,8274677;-55,48634475;SPRF-MT;DEL06-MT;UOP02-DEL06-MT
596136;24/04/2024;quarta-feira;19:10:00;RS;287;398;SANTIAGO;Acessar a via sem observar a presença dos outros veículos;Colisão transversal;Com Vítimas Feridas;Plena Noite;Crescente;Céu Claro;Simples;Reta;Sim;2;0;0;1;1;0;1;2;-29,17167156;-54,85781085;SPRF-RS;DEL12-RS;UOP02-DEL12-RS
596138;24/04/2024;quarta-feira;18:45:00;ES;101;263,2;SERRA;Animais na Pista;Colisão traseira;Com Vítimas Feridas;Plena Noite;Crescente;Céu Claro;Dupla;"Reta;Aclive";Sim;2;0;1;0;1;0;1;2;-20,16554736;-40,27301648;SPRF-ES;DEL02-ES;UOP01-DEL02-ES
596140;24/04/2024;quarta-feira;18:15:00;SC;282;504,1;XANXERE;Ausência de reação do condutor;Colisão com objeto;Com Vítimas Feridas;Plena Noite;Decrescente;Nublado;Dupla;Reta;Sim;1;0;1;0;0;0;1;1;-26,884279;-52,408466;SPRF-SC;DEL07-SC;UOP01-DEL07-SC
596141;24/04/2024;quarta-feira;16:04:00;MA;10;128,7;ESTREITO;Condutor deixou de manter distância do veículo da frente;Colisão traseira;Com Vítimas Feridas;Pleno dia;Decrescente;Céu Claro;Simples;Rotatória;Sim;2;0;0;1;1;0;1;2;-6,557684;-47,450219;SPRF-MA;DEL04-MA;UOP02-DEL04-MA
596142;20/04/2024;sábado;15:00:00;RO;364;380;OURO PRETO DO OESTE;Demais falhas na via;Queda de ocupante de veículo;Com Vítimas Feridas;Pleno dia;Decrescente;Céu Claro;Simples;Reta;Não;1;0;1;0;0;0;1;1;-10,73873806;-62,22637307;SPRF-RO;DEL02-RO;UOP01-DEL02-RO
596144;24/04/2024;quarta-feira;19:00:00;MT;163;724;SORRISO;Acessar a via sem observar a presença dos outros veículos;Colisão traseira;Com Vítimas Feridas;Plena Noite;Decrescente;Céu Claro;Simples;Reta;Não;3;0;0;1;2;0;1;2;-12,771726;-55,83603;SPRF-MT;DEL06-MT;UOP01-DEL06-MT
596145;24/04/2024;quarta-feira;11:00:00;MG;267;302,7;CAXAMBU;Demais falhas mecânicas ou elétricas;Tombamento;Com Vítimas Feridas;Pleno dia;Crescente;Céu Claro;Simples;Reta;Não;2;0;2;0;0;0;2;1;-21,95712221;-44,91126081;SPRF-MG;DEL17-MG;UOP01-DEL17-MG
596147;24/04/2024;quarta-feira;19:48:00;SC;101;149;ITAPEMA;Reação tardia ou ineficiente do condutor;Tombamento;Com Vítimas Feridas;Plena Noite;Decrescente;Céu Claro;Múltipla;Reta;Sim;1;0;1;0;0;0;1;1;-27,1089649;-48,61277586;SPRF-SC;DEL04-SC;UOP03-DEL04-SC
596148;24/04/2024;quarta-feira;20:00:00;RJ;116;277;BARRA MANSA;Reação tardia ou ineficiente do condutor;Capotamento;Com Vítimas Feridas;Plena Noite;Crescente;Céu Claro;Dupla;Reta;Não;2;0;1;1;0;0;2;1;-22,55905501;-44,17284006;SPRF-RJ;DEL07-RJ;UOP02-DEL07-RJ
596149;24/04/2024;quarta-feira;21:05:00;SC;280;115,6;SAO BENTO DO SUL;Reação tardia ou ineficiente do condutor;Saída de leito carroçável;Sem Vítimas;Plena Noite;Decrescente;Garoa/Chuvisco;Simples;"Retorno Regulamentado;Interseção de Vias";Sim;1;0;0;0;0;1;0;1;-26,284761;-49,408313;SPRF-SC;DEL06-SC;UOP03-DEL06-SC
596150;24/04/2024;quarta-feira;18:00:00;BA;116;634;JAGUAQUARA;Demais falhas na via;Queda de ocupante de veículo;Com Vítimas Feridas;Plena Noite;Crescente;Céu Claro;Simples;Reta;Sim;1;0;1;0;0;0;1;1;-13,48322495;-40,04338512;SPRF-BA;DEL03-BA;UOP01-DEL03-BA
596151;24/04/2024;quarta-feira;21:10:00;RS;0;0;CANOAS;Ingestão de álcool pelo condutor;Colisão com objeto;Sem Vítimas;Plena Noite;Não Informado;Ignorado;Simples;Interseção de Vias;Sim;4;0;0;0;4;0;0;2;-29,96410578;-51,1745118;SPRF-RS;DEL01-RS;UOP01-DEL01-RS
596154;24/04/2024;quarta-feira;21:40:00;SC;101;149;ITAPEMA;Manobra de mudança de faixa;Colisão lateral mesmo sentido;Com Vítimas Feridas;Plena Noite;Decrescente;Céu Claro;Dupla;Reta;Sim;3;0;2;0;1;0;2;2;-27,1089649;-48,61277586;SPRF-SC;DEL04-SC;UOP03-DEL04-SC
596155;24/04/2024;quarta-feira;19:00:00;RO;364;423;JARU;Iluminação deficiente;Colisão traseira;Com Vítimas Feridas;Plena Noite;Crescente;Nublado;Simples;Reta;Sim;3;0;2;0;1;0;2;2;-10,45220802;-62,46072003;SPRF-RO;DEL03-RO;UOP02-DEL03-RO
596156;24/04/2024;quarta-feira;21:40:00;BA;116;813,9;VITORIA DA CONQUISTA;Ingestão de álcool pelo condutor;Queda de ocupante de veículo;Com Vítimas Feridas;Plena Noite;Decrescente;Nublado;Simples;Reta;Sim;1;0;1;0;0;0;1;1;-14,80574;-40,78432;SPRF-BA;DEL08-BA;UOP01-DEL08-BA
596159;24/04/2024;quarta-feira;18:45:00;RO;364;425;JARU;Área urbana sem a presença de local apropriado para a travessia de pedestres;Atropelamento de Pedestre;Com Vítimas Feridas;Plena Noite;Decrescente;Céu Claro;Simples;Interseção de Vias;Sim;2;0;0;1;0;1;1;2;-10,43752488;-62,47169791;SPRF-RO;DEL03-RO;UOP02-DEL03-RO
596160;24/04/2024;quarta-feira;18:10:00;RJ;101;529;ANGRA DOS REIS;Ausência de reação do condutor;Colisão transversal;Com Vítimas Fatais;Anoitecer;Crescente;Céu Claro;Dupla;"Reta;Aclive";Não;2;1;0;0;1;0;0;2;-23,02483585;-44,50876994;SPRF-RJ;DEL03-RJ;UOP03-DEL03-RJ
596162;24/04/2024;quarta-feira;22:40:00;RN;110;47;MOSSORO;Reação tardia ou ineficiente do condutor;Colisão traseira;Com Vítimas Feridas;Plena Noite;Decrescente;Céu Claro;Simples;"Interseção de Vias;Reta";Sim;2;0;1;0;1;0;1;2;-5,20596025;-37,32899487;SPRF-RN;DEL04-RN;UOP01-DEL04-RN
596163;24/04/2024;quarta-feira;22:00:00;PR;116;140,8;MANDIRITUBA;Ausência de reação do condutor;Eventos atípicos;Com Vítimas Fatais;Plena Noite;Decrescente;Garoa/Chuvisco;Dupla;"Reta;Aclive";Não;2;1;0;0;0;1;0;2;-25,770359;-49,322478;SPRF-PR;DEL01-PR;UOP03-DEL01-PR
596165;24/04/2024;quarta-feira;23:20:00;SP;381;71,4;MAIRIPORA;Ausência de reação do condutor;Queda de ocupante de veículo;Com Vítimas Feridas;Plena Noite;Decrescente;Céu Claro;Dupla;Reta;Não;1;0;1;0;0;0;1;1;-23,35047979;-46,55267274;SPRF-SP;DEL03-SP;UOP01-DEL03-SP
596167;25/04/2024;quinta-feira;00:30:00;SC;280;127,2;RIO NEGRINHO;Desrespeitar a preferência no cruzamento;Colisão lateral mesmo sentido;Com Vítimas Feridas;Plena Noite;Crescente;Garoa/Chuvisco;Simples;"Interseção de Vias;Aclive;Reta";Sim;3;0;1;1;1;0;2;2;-26,23984515;-49,50631499;SPRF-SC;DEL06-SC;UOP03-DEL06-SC
596168;25/04/2024;quinta-feira;00:10:00;MG;153;80;PRATA;Demais falhas mecânicas ou elétricas;Incêndio;Sem Vítimas;Plena Noite;Crescente;Céu Claro;Simples;Reta;Não;1;0;0;0;1;0;0;1;-19,0652129;-49,00663485;SPRF-MG;DEL15-MG;UOP03-DEL15-MG
596169;24/04/2024;quarta-feira;22:50:00;RS;290;88;PORTO ALEGRE;Manobra de mudança de faixa;Colisão lateral mesmo sentido;Com Vítimas Feridas;Plena Noite;Decrescente;Céu Claro;Múltipla;Reta;Não;2;0;1;0;1;0;1;2;-29,967531;-51,137264;SPRF-RS;DEL01-RS;UOP01-DEL01-RS
596170;24/04/2024;quarta-feira;23:00:00;MT;163;112;RONDONOPOLIS;Reação tardia ou ineficiente do condutor;Colisão com objeto;Com Vítimas Feridas;Plena Noite;Crescente;Céu Claro;Dupla;"Reta;Em Obras";Não;2;0;2;0;0;0;2;1;-16,550835;-54,673361;SPRF-MT;DEL02-MT;UOP01-DEL02-MT
596171;25/04/2024;quinta-feira;00:30:00;PR;376;215,8;JANDAIA DO SUL;Ingestão de álcool pelo condutor;Saída de leito carroçável;Com Vítimas Feridas;Plena Noite;Crescente;Céu Claro;Dupla;"Curva;Desvio Temporário;Declive";Sim;2;0;2;0;0;0;2;1;-23,587966;-51,646021;SPRF-PR;DEL09-PR;UOP01-DEL09-PR
596173;25/04/2024;quinta-feira;02:45:00;CE;222;13;CAUCAIA;Ausência de reação do condutor;Colisão traseira;Com Vítimas Feridas;Plena Noite;Crescente;Céu Claro;Simples;Reta;Não;2;0;0;1;0;1;1;2;-3,76479979;-38,66897196;SPRF-CE;DEL01-CE;UOP01-DEL01-CE
596175;25/04/2024;quinta-feira;03:28:00;SC;101;21;JOINVILLE;Ingestão de álcool pelo condutor;Colisão com objeto;Sem Vítimas;Plena Noite;Crescente;Garoa/Chuvisco;Dupla;"Reta;Aclive";Não;1;0;0;0;1;0;0;1;-26,14793022;-48,90894562;SPRF-SC;DEL03-SC;UOP01-DEL03-SC
596177;25/04/2024;quinta-feira;05:00:00;CE;116;6;FORTALEZA;Condutor deixou de manter distância do veículo da frente;Colisão lateral mesmo sentido;Com Vítimas Feridas;Amanhecer;Crescente;Céu Claro;Dupla;Reta;Não;2;0;0;1;0;1;1;2;-3,802624;-38,50400499;SPRF-CE;DEL01-CE;UOP02-DEL01-CE
596178;12/04/2024;sexta-feira;21:15:00;RJ;101;310;SAO GONCALO;Condutor deixou de manter distância do veículo da frente;Colisão traseira;Com Vítimas Feridas;Plena Noite;Decrescente;Céu Claro;Dupla;Reta;Sim;2;0;1;0;1;0;1;2;-22,79717023;-43,04404993;SPRF-RJ;DEL02-RJ;UOP02-DEL02-RJ
596179;25/04/2024;quinta-feira;05:00:00;CE;222;2,9;FORTALEZA;Desrespeitar a preferência no cruzamento;Colisão transversal;Com Vítimas Feridas;Pleno dia;Crescente;Céu Claro;Múltipla;"Interseção de Vias;Reta";Sim;3;0;2;0;1;0;2;2;-3,73911117;-38,58687498;SPRF-CE;DEL01-CE;UOP01-DEL01-CE
596180;24/04/2024;quarta-feira;23:00:00;MG;262;756,9;SACRAMENTO;Condutor Dormindo;Saída de leito carroçável;Com Vítimas Feridas;Plena Noite;Crescente;Céu Claro;Simples;Reta;Não;1;0;1;0;0;0;1;1;-19,65641775;-47,56413107;SPRF-MG;DEL13-MG;UOP01-DEL13-MG
596181;25/04/2024;quinta-feira;06:10:00;CE;116;11;FORTALEZA;Velocidade Incompatível;Colisão traseira;Com Vítimas Feridas;Pleno dia;Crescente;Céu Claro;Múltipla;Reta;Sim;2;0;1;1;0;0;2;2;-3,84394724;-38,49891546;SPRF-CE;DEL01-CE;UOP02-DEL01-CE
596184;25/04/2024;quinta-feira;03:30:00;SP;459;16,5;PIQUETE;Pedestre andava na pista;Atropelamento de Pedestre;Com Vítimas Feridas;Plena Noite;Decrescente;Céu Claro;Simples;"Reta;Declive";Não;2;0;2;0;0;0;2;2;-22,625028;-45,161694;SPRF-SP;DEL08-SP;UOP02-DEL08-SP
596185;25/04/2024;quinta-feira;05:00:00;SC;470;70,3;INDAIAL;Transitar na contramão;Colisão frontal;Com Vítimas Feridas;Amanhecer;Crescente;Garoa/Chuvisco;Simples;Reta;Não;2;0;2;0;0;0;2;2;-26,889374;-49,254478;SPRF-SC;DEL04-SC;UOP01-DEL04-SC
596186;25/04/2024;quinta-feira;06:00:00;BA;116;815,3;VITORIA DA CONQUISTA;Ingestão de álcool pelo condutor;Colisão traseira;Sem Vítimas;Amanhecer;Decrescente;Nublado;Simples;Reta;Sim;2;0;0;0;2;0;0;2;-14,813;-40,79767;SPRF-BA;DEL08-BA;UOP01-DEL08-BA
596188;25/04/2024;quinta-feira;06:30:00;PR;476;145,9;CURITIBA;Manobra de mudança de faixa;Colisão lateral mesmo sentido;Com Vítimas Feridas;Amanhecer;Decrescente;Nublado;Dupla;Reta;Sim;2;0;1;0;1;0;1;2;-25,547749;-49,32095;SPRF-PR;DEL01-PR;UOP06-DEL01-PR
596191;25/04/2024;quinta-feira;06:20:00;DF;60;23,8;BRASILIA;Ausência de reação do condutor;Saída de leito carroçável;Com Vítimas Feridas;Pleno dia;Crescente;Céu Claro;Dupla;Reta;Não;2;0;1;0;1;0;1;1;-15,987903;-48,223103;SPRF-DF;DEL03-DF;UOP01-DEL03-DF
596192;25/04/2024;quinta-feira;07:00:00;DF;40;6,4;BRASILIA;Trafegar com motocicleta (ou similar) entre as faixas;Colisão lateral mesmo sentido;Com Vítimas Feridas;Pleno dia;Decrescente;Céu Claro;Dupla;Reta;Não;2;0;1;0;1;0;1;2;-16,029741;-47,978867;SPRF-DF;DEL01-DF;UOP01-DEL01-DF
596193;25/04/2024;quinta-feira;07:05:00;RS;392;85;PELOTAS;Ingestão de álcool pelo condutor;Saída de leito carroçável;Sem Vítimas;Pleno dia;Decrescente;Céu Claro;Simples;Reta;Não;2;0;0;0;2;0;0;1;-31,64218213;-52,48744409;SPRF-RS;DEL07-RS;UOP01-DEL07-RS
596194;25/04/2024;quinta-feira;05:41:00;PR;376;493;PONTA GROSSA;Acumulo de areia ou detritos sobre o pavimento;Queda de ocupante de veículo;Com Vítimas Feridas;Amanhecer;Crescente;Nublado;Dupla;Curva;Não;1;0;1;0;0;0;1;1;-25,12252151;-50,18399797;SPRF-PR;DEL03-PR;UOP04-DEL03-PR
596195;25/04/2024;quinta-feira;07:00:00;BA;324;620;SALVADOR;Condutor deixou de manter distância do veículo da frente;Colisão traseira;Com Vítimas Feridas;Pleno dia;Crescente;Chuva;Dupla;Reta;Não;2;0;1;0;1;0;1;2;-12,90482172;-38,45556535;SPRF-BA;DEL01-BA;UOP01-DEL01-BA
596196;20/04/2024;sábado;13:00:00;BA;101;105;ALAGOINHAS;Acesso irregular;Colisão frontal;Com Vítimas Feridas;Pleno dia;Decrescente;Céu Claro;Simples;Reta;Sim;2;0;1;0;1;0;1;2;-12,15963868;-38,41162324;SPRF-BA;DEL01-BA;UOP04-DEL01-BA
596197;25/04/2024;quinta-feira;07:20:00;PE;428;188;PETROLINA;Velocidade Incompatível;Colisão lateral mesmo sentido;Com Vítimas Feridas;Pleno dia;Decrescente;Céu Claro;Dupla;"Declive;Curva;Viaduto";Sim;3;0;2;0;1;0;2;2;-9,3755638;-40,4901123;SPRF-PE;DEL06-PE;UOP01-DEL06-PE
596198;25/04/2024;quinta-feira;07:10:00;PR;116;132;FAZENDA RIO GRANDE;Reação tardia ou ineficiente do condutor;Saída de leito carroçável;Com Vítimas Feridas;Pleno dia;Decrescente;Céu Claro;Simples;Rotatória;Sim;1;0;1;0;0;0;1;1;-25,65733698;-49,31212612;SPRF-PR;DEL01-PR;UOP03-DEL01-PR