id;data_inversa;dia_semana;horario;uf;br;km;municipio;causa_acidente;tipo_acidente;classificacao_acidente;fase_dia;sentido_via;condicao_metereologica;tipo_pista;tracado_via;uso_solo;pessoas;mortos;feridos_leves;feridos_graves;ilesos;ignorados;feridos;veiculos;latitude;longitude;regional;delegacia;uop
596331;25/04/2024;quinta-feira;18:25:00;MG;40;275;TRES MARIAS;Acessar a via sem observar a presença dos outros veículos;Colisão transversal;Com Vítimas Feridas;Plena Noite;Crescente;Céu Claro;Simples;"Rotatória;Reta";Sim;2;0;1;0;0;1;1;2;-18,19945877;-45,23770577;SPRF-MG;DEL14-MG;UOP02-DEL14-MG
596332;25/04/2024;quinta-feira;18:40:00;SC;101;195,9;BIGUACU;Reação tardia ou ineficiente do condutor;Engavetamento;Sem Vítimas;Plena Noite;Crescente;Céu Claro;Múltipla;Reta;Sim;6;0;0;0;6;0;0;3;-27,5047092;-48,65010819;SPRF-SC;DEL01-SC;UOP01-DEL01-SC
596333;25/04/2024;quinta-feira;18:50:00;RN;101;103,7;PARNAMIRIM;Acessar a via sem observar a presença dos outros veículos;Colisão transversal;Com Vítimas Feridas;Plena Noite;Decrescente;Chuva;Múltipla;"Reta;Interseção de Vias";Sim;4;0;1;0;3;0;1;2;-5,89034022;-35,24894996;SPRF-RN;DEL01-RN;UOP01-DEL01-RN
596337;25/04/2024;quinta-feira;18:50:00;SC;101;212;PALHOCA;Ingestão de substâncias psicoativas pelo condutor;Colisão lateral mesmo sentido;Com Vítimas Feridas;Plena Noite;Crescente;Nublado;Dupla;"Reta;Viaduto";Sim;3;0;1;0;2;0;1;3;-27,62996929;-48,65903871;SPRF-SC;DEL01-SC;UOP02-DEL01-SC
596338;25/04/2024;quinta-feira;18:15:00;PR;376;6,4;MANDAGUARI;Desrespeitar a preferência no cruzamento;Colisão frontal;Com Vítimas Feridas;Anoitecer;Decrescente;Céu Claro;Simples;Interseção de Vias;Sim;2;0;0;1;0;1;1;2;-23,53405075;-51,67298423;SPRF-PR;DEL09-PR;UOP01-DEL09-PR
596339;25/04/2024;quinta-feira;17:05:00;SC;101;170,5;TIJUCAS;Reação tardia ou ineficiente do condutor;Tombamento;Com Vítimas Feridas;Anoitecer;Crescente;Nublado;Dupla;Reta;Sim;1;0;1;0;0;0;1;1;-27,29669601;-48,63147594;SPRF-SC;DEL04-SC;UOP03-DEL04-SC
596340;25/04/2024;quinta-feira;19:13:00;RS;470;216;BENTO GONCALVES;Demais falhas mecânicas ou elétricas;Incêndio;Sem Vítimas;Plena Noite;Crescente;Nublado;Simples;"Reta;Aclive";Sim;1;0;0;0;1;0;0;1;-29,16404151;-51,52540684;SPRF-RS;DEL06-RS;UOP01-DEL06-RS
596341;25/04/2024;quinta-feira;19:30:00;RS;116;154;CAXIAS DO SUL;Acessar a via sem observar a presença dos outros veículos;Colisão transversal;Com Vítimas Feridas;Plena Noite;Crescente;Céu Claro;Simples;Reta;Não;2;0;1;0;1;0;1;2;-29,19074818;-51,18073734;SPRF-RS;DEL05-RS;UOP01-DEL05-RS
596342;25/04/2024;quinta-feira;18:56:00;RS;116;318,2;BARRA DO RIBEIRO;Ausência de reação do condutor;Saída de leito carroçável;Sem Vítimas;Plena Noite;Crescente;Céu Claro;Dupla;Ponte;Não;3;0;0;0;3;0;0;1;-30,27278604;-51,40935988;SPRF-RS;DEL02-RS;UOP01-DEL02-RS
596344;25/04/2024;quinta-feira;19:30:00;GO;153;434;ANAPOLIS;Pedestre - Ingestão de álcool/ substâncias psicoativas;Atropelamento de Pedestre;Com Vítimas Fatais;Plena Noite;Crescente;Ignorado;Dupla;Reta;Sim;2;1;0;0;1;0;0;2;-16,275604;-48,967766;SPRF-GO;DEL02-GO;UOP01-DEL02-GO
596345;25/04/2024;quinta-feira;19:40:00;PR;277;727;FOZ DO IGUACU;Deficiência do Sistema de Iluminação/Sinalização;Saída de leito carroçável;Com Vítimas Feridas;Plena Noite;Crescente;Nublado;Dupla;Declive;Não;2;0;0;1;1;0;1;1;-25,5096112;-54,57123756;SPRF-PR;DEL05-PR;UOP03-DEL05-PR
596347;25/04/2024;quinta-feira;19:30:00;GO;60;225;CEZARINA;Manobra de mudança de faixa;Colisão com objeto;Sem Vítimas;Plena Noite;Crescente;Céu Claro;Dupla;Reta;Não;1;0;0;0;0;1;0;1;-17,0148;-49,7762;SPRF-GO;DEL01-GO;UOP02-DEL01-GO
596348;25/04/2024;quinta-feira;17:45:00;RJ;393;106;SAPUCAIA;Retorno proibido;Colisão lateral mesmo sentido;Com Vítimas Feridas;Plena Noite;Decrescente;Céu Claro;Simples;Reta;Sim;2;0;1;0;0;1;1;2;-21,87764485;-42,67025797;SPRF-RJ;DEL05-RJ;UOP01-DEL05-RJ
596349;25/04/2024;quinta-feira;18:15:00;MA;230;403;BALSAS;Conversão proibida;Colisão frontal;Com Vítimas Feridas;Plena Noite;Decrescente;Céu Claro;Simples;Reta;Sim;5;0;1;0;2;2;1;3;-7,51686308;-46,03524183;SPRF-MA;DEL05-MA;UOP01-DEL05-MA
596350;25/04/2024;quinta-feira;17:35:00;SC;116;52,1;PAPANDUVA;Acessar a via sem observar a presença dos outros veículos;Colisão transversal;Com Vítimas Feridas;Anoitecer;Decrescente;Céu Claro;Simples;"Aclive;Reta";Sim;8;0;4;0;4;0;4;2;-26,39008273;-50,14576709;SPRF-SC;DEL06-SC;UOP01-DEL06-SC
596351;25/04/2024;quinta-feira;19:03:00;RO;364;13;VILHENA;Velocidade Incompatível;Colisão traseira;Com Vítimas Feridas;Plena Noite;Decrescente;Céu Claro;Dupla;Reta;Sim;3;0;3;0;0;0;3;2;-12,74140004;-60,13026401;SPRF-RO;DEL04-RO;UOP01-DEL04-RO
596353;25/04/2024;quinta-feira;18:15:00;MG;381;159;GOVERNADOR VALADARES;Ultrapassagem Indevida;Colisão frontal;Com Vítimas Feridas;Plena Noite;Crescente;Céu Claro;Simples;Reta;Não;3;0;2;0;1;0;2;2;-18,92455594;-42,01932801;SPRF-MG;DEL06-MG;UOP01-DEL06-MG
596354;25/04/2024;quinta-feira;19:55:00;PR;376;172,8;MARINGA;Acessar a via sem observar a presença dos outros veículos;Colisão transversal;Com Vítimas Feridas;Plena Noite;Decrescente;Céu Claro;Dupla;Rotatória;Sim;2;0;0;1;1;0;1;2;-23,41857701;-51,97206974;SPRF-PR;DEL09-PR;UOP01-DEL09-PR
596356;25/04/2024;quinta-feira;20:50:00;RS;285;458;IJUI;Chuva;Colisão traseira;Com Vítimas Feridas;Plena Noite;Crescente;Chuva;Simples;Reta;Sim;1;0;0;1;0;0;1;1;-28,400869;-53,898464;SPRF-RS;DEL10-RS;UOP01-DEL10-RS
596357;20/03/2024;quarta-feira;21:50:00;MG;381;938,3;EXTREMA;Velocidade Incompatível;Tombamento;Com Vítimas Feridas;Plena Noite;Crescente;Céu Claro;Dupla;Curva;Não;1;0;0;1;0;0;1;1;-22,81707486;-46,29367232;SPRF-MG;DEL16-MG;UOP03-DEL16-MG
596358;25/04/2024;quinta-feira;19:15:00;PE;232;185,6;BELO JARDIM;Acessar a via sem observar a presença dos outros veículos;Colisão frontal;Com Vítimas Feridas;Plena Noite;Decrescente;Céu Claro;Simples;Reta;Não;7;0;3;1;3;0;4;2;-8,35206156;-36,47352905;SPRF-PE;DEL03-PE;UOP02-DEL03-PE
596359;25/04/2024;quinta-feira;20:10:00;SC;101;201;SAO JOSE;Ausência de reação do condutor;Colisão com objeto;Sem Vítimas;Plena Noite;Decrescente;Nublado;Dupla;Reta;Sim;1;0;0;0;1;0;0;1;-27,54836599;-48,61977975;SPRF-SC;DEL01-SC;UOP01-DEL01-SC
596361;25/04/2024;quinta-feira;20:20:00;BA;116;818,8;VITORIA DA CONQUISTA;Manobra de mudança de faixa;Colisão lateral mesmo sentido;Com Vítimas Feridas;Plena Noite;Crescente;Nublado;Simples;Reta;Sim;2;0;1;0;1;0;1;2;-14,82745203;-40,82617164;SPRF-BA;DEL08-BA;UOP01-DEL08-BA
596362;25/04/2024;quinta-feira;20:00:00;PI;230;301;FLORIANO;Animais na Pista;Atropelamento de Animal;Com Vítimas Feridas;Plena Noite;Crescente;Céu Claro;Simples;Reta;Não;1;0;0;1;0;0;1;1;-6,8123728;-42,94586038;SPRF-PI;DEL03-PI;UOP01-DEL03-PI
596363;25/04/2024;quinta-feira;21:20:00;PA;316;65,8;CASTANHAL;Condutor deixou de manter distância do veículo da frente;Colisão traseira;Com Vítimas Feridas;Plena Noite;Decrescente;Garoa/Chuvisco;Dupla;Reta;Sim;3;0;1;0;2;0;1;2;-1,29580361;-47,91084002;SPRF-PA;DEL01-PA;UOP01-DEL01-PA
596365;25/04/2024;quinta-feira;21:30:00;SC;280;69;JARAGUA DO SUL;Transitar na contramão;Colisão lateral sentido oposto;Com Vítimas Feridas;Plena Noite;Crescente;Garoa/Chuvisco;Simples;"Reta;Viaduto";Não;5;0;3;0;2;0;3;3;-26,46803296;-49,11833097;SPRF-SC;DEL03-SC;UOP03-DEL03-SC
596366;25/04/2024;quinta-feira;20:42:00;MA;10;262,9;IMPERATRIZ;Ausência de reação do condutor;Queda de ocupante de veículo;Com Vítimas Fatais;Plena Noite;Decrescente;Céu Claro;Simples;Reta;Sim;2;1;0;0;1;0;0;2;-5,445326;-47,472542;SPRF-MA;DEL04-MA;UOP01-DEL04-MA
596375;26/04/2024;sexta-feira;00:20:00;DF;251;8,1;BRASILIA;Reação tardia ou ineficiente do condutor;Saída de leito carroçável;Com Vítimas Feridas;Plena Noite;Crescente;Céu Claro;Simples;"Interseção de Vias;Reta";Não;1;0;1;0;0;0;1;1;-15,99014771;-47,57483482;SPRF-DF;DEL01-DF;UOP01-DEL01-DF
596376;25/04/2024;quinta-feira;22:45:00;PR;376;130,5;NOVA ESPERANCA;Demais falhas mecânicas ou elétricas;Incêndio;Sem Vítimas;Plena Noite;Crescente;Céu Claro;Dupla;Reta;Não;1;0;0;0;0;1;0;1;-23,17504848;-52,23423918;SPRF-PR;DEL09-PR;UOP02-DEL09-PR
596377;25/04/2024;quinta-feira;20:10:00;BA;242;489;IBITIARA;Chuva;Capotamento;Com Vítimas Feridas;Plena Noite;Crescente;Chuva;Simples;Curva;Não;1;0;1;0;0;0;1;1;-12,41360616;-42,36805991;SPRF-BA;DEL06-BA;UOP01-DEL06-BA
596378;26/04/2024;sexta-feira;00:30:00;RS;290;100;PORTO ALEGRE;Reação tardia ou ineficiente do condutor;Colisão com objeto;Com Vítimas Feridas;Plena Noite;Crescente;Nublado;Simples;"Ponte;Reta";Sim;1;0;1;0;0;0;1;1;-29,988646;-51,236553;SPRF-RS;DEL01-RS;UOP01-DEL01-RS
596385;26/04/2024;sexta-feira;03:30:00;PE;232;158,2;TACAIMBO;Pedestre - Ingestão de álcool/ substâncias psicoativas;Atropelamento de Pedestre;Com Vítimas Fatais;Plena Noite;Decrescente;Céu Claro;Simples;Reta;Não;4;1;1;0;1;1;1;2;-8,33051268;-36,23532702;SPRF-PE;DEL03-PE;UOP02-DEL03-PE
596386;26/04/2024;sexta-feira;03:40:00;MG;40;513;RIBEIRAO DAS NEVES;Velocidade Incompatível;Saída de leito carroçável;Com Vítimas Feridas;Plena Noite;Crescente;Céu Claro;Dupla;Curva;Sim;1;0;1;0;0;0;1;1;-19,7970544;-44,1080512;SPRF-MG;DEL01-MG;UOP02-DEL01-MG
596387;26/04/2024;sexta-feira;01:36:00;GO;153;418;ANAPOLIS;Ausência de reação do condutor;Queda de ocupante de veículo;Com Vítimas Feridas;Plena Noite;Crescente;Ignorado;Dupla;Reta;Não;1;0;1;0;0;0;1;1;-16,17878;-49,04279;SPRF-GO;DEL02-GO;UOP01-DEL02-GO
596388;26/04/2024;sexta-feira;02:40:00;BA;101;820,1;ITAMARAJU;Velocidade Incompatível;Colisão frontal;Com Vítimas Fatais;Plena Noite;Crescente;Ignorado;Simples;Curva;Não;6;3;0;2;0;1;2;2;-17,1051423;-39,56008047;SPRF-BA;DEL09-BA;UOP02-DEL09-BA
596389;26/04/2024;sexta-feira;04:00:00;MG;40;558,4;NOVA LIMA;Reação tardia ou ineficiente do condutor;Saída de leito carroçável;Sem Vítimas;Plena Noite;Crescente;Céu Claro;Dupla;Reta;Sim;1;0;0;0;0;1;0;1;-20,11082646;-43,97221642;SPRF-MG;DEL01-MG;UOP02-DEL01-MG
596390;26/04/2024;sexta-feira;03:05:00;MG;381;164;GOVERNADOR VALADARES;Demais falhas mecânicas ou elétricas;Incêndio;Com Vítimas Feridas;Plena Noite;Decrescente;Céu Claro;Simples;Reta;Não;2;0;0;1;1;0;1;1;-18,94120195;-42,05863304;SPRF-MG;DEL06-MG;UOP01-DEL06-MG
596391;26/04/2024;sexta-feira;03:40:00;SP;116;506;CAJATI;Reação tardia ou ineficiente do condutor;Tombamento;Com Vítimas Feridas;Plena Noite;Crescente;Garoa/Chuvisco;Dupla;Curva;Não;38;0;8;0;30;0;8;1;-24,79704815;-48,2145174;SPRF-SP;DEL05-SP;UOP02-DEL05-SP
596393;26/04/2024;sexta-feira;04:30:00;BA;324;574;SAO SEBASTIAO DO PASSE;Ausência de reação do condutor;Saída de leito carroçável;Com Vítimas Feridas;Amanhecer;Decrescente;Céu Claro;Dupla;Reta;Não;3;0;1;0;1;1;1;2;-12,59773983;-38,51071447;SPRF-BA;DEL01-BA;UOP01-DEL01-BA
596396;26/04/2024;sexta-feira;03:30:00;MG;50;180;UBERABA;Demais falhas mecânicas ou elétricas;Colisão com objeto;Sem Vítimas;Plena Noite;Decrescente;Céu Claro;Dupla;Curva;Sim;1;0;0;0;1;0;0;1;-19,77848216;-47,92194709;SPRF-MG;DEL13-MG;UOP01-DEL13-MG
596397;26/04/2024;sexta-feira;03:30:00;GO;20;54;FORMOSA;Ausência de reação do condutor;Saída de leito carroçável;Com Vítimas Feridas;Plena Noite;Crescente;Céu Claro;Simples;Curva;Não;1;0;1;0;0;0;1;1;-15,298045;-47,148319;SPRF-DF;DEL02-DF;UOP02-DEL02-DF
596399;26/04/2024;sexta-feira;06:20:00;SP;116;71,2;APARECIDA;Acumulo de óleo sobre o pavimento;Tombamento;Com Vítimas Feridas;Amanhecer;Crescente;Céu Claro;Dupla;Reta;Sim;1;0;1;0;0;0;1;1;-22,8577445;-45,2327433;SPRF-SP;DEL08-SP;UOP01-DEL08-SP
596400;26/04/2024;sexta-feira;05:10:00;SP;101;50,4;UBATUBA;Transitar na contramão;Colisão frontal;Com Vítimas Feridas;Plena Noite;Decrescente;Nublado;Simples;Reta;Sim;2;0;1;0;0;1;1;2;-23,4513373;-45,07631421;SPRF-SP;DEL06-SP;UOP01-DEL06-SP
596402;26/04/2024;sexta-feira;05:20:00;PR;376;460;TIBAGI;Condutor Dormindo;Saída de leito carroçável;Com Vítimas Feridas;Amanhecer;Crescente;Ignorado;Dupla;Curva;Não;5;0;4;0;1;0;4;1;-24,94813755;-50,3950147;SPRF-PR;DEL03-PR;UOP01-DEL03-PR
596403;26/04/2024;sexta-feira;06:15:00;PB;101;105,7;ALHANDRA;Ausência de reação do condutor;Colisão com objeto;Com Vítimas Fatais;Pleno dia;Crescente;Garoa/Chuvisco;Dupla;Curva;Não;5;1;1;1;2;0;2;1;-7,30814609;-34,94344185;SPRF-PB;DEL01-PB;UOP02-DEL01-PB
596405;26/04/2024;sexta-feira;02:00:00;MG;262;33,5;MANHUACU;Velocidade Incompatível;Saída de leito carroçável;Com Vítimas Feridas;Plena Noite;Decrescente;Céu Claro;Simples;"Curva;Aclive";Não;2;0;1;0;1;0;1;1;-20,25550548;-42,00465315;SPRF-MG;DEL06-MG;UOP03-DEL06-MG
596408;26/04/2024;sexta-feira;05:09:00;RS;101;31;TRES CACHOEIRAS;Demais falhas mecânicas ou elétricas;Incêndio;Sem Vítimas;Plena Noite;Crescente;Nublado;Dupla;Reta;Sim;1;0;0;0;1;0;0;1;-29,48566666;-49,97371445;SPRF-RS;DEL03-RS;UOP02-DEL03-RS
596411;26/04/2024;sexta-feira;07:13:00;PB;230;89;GURINHEM;Reação tardia ou ineficiente do condutor;Queda de ocupante de veículo;Com Vítimas Feridas;Pleno dia;Crescente;Chuva;Dupla;Reta;Sim;2;0;1;0;1;0;1;1;-7,1708;-35,3831;SPRF-PB;DEL01-PB;UOP03-DEL01-PB
596413;26/04/2024;sexta-feira;07:25:00;SC;116;250,2;LAGES;Ausência de reação do condutor;Colisão traseira;Com Vítimas Feridas;Pleno dia;Crescente;Nublado;Simples;"Declive;Desvio Temporário;Reta;Em Obras";Não;3;0;1;0;2;0;1;2;-27,83626507;-50,38045026;SPRF-SC;DEL05-SC;UOP02-DEL05-SC
596416;26/04/2024;sexta-feira;07:10:00;RJ;116;311,4;RESENDE;Manobra de mudança de faixa;Colisão lateral mesmo sentido;Com Vítimas Feridas;Pleno dia;Decrescente;Céu Claro;Dupla;Reta;Sim;2;0;1;0;1;0;1;2;-22,46086624;-44,44296321;SPRF-RJ;DEL07-RJ;UOP02-DEL07-RJ
596418;26/04/2024;sexta-feira;08:15:00;SP;116;149;SAO JOSE DOS CAMPOS;Avarias e/ou desgaste excessivo no pneu;Queda de ocupante de veículo;Com Vítimas Feridas;Pleno dia;Crescente;Céu Claro;Múltipla;Reta;Sim;2;0;2;0;0;0;2;1;-23,20700047;-45,88626861;SPRF-SP;DEL02-SP;UOP01-DEL02-SP
596419;26/04/2024;sexta-feira;07:38:00;PR;163;40;PRANCHITA;Acessar a via sem observar a presença dos outros veículos;Colisão transversal;Com Vítimas Feridas;Pleno dia;Crescente;Céu Claro;Simples;Reta;Sim;2;0;1;0;1;0;1;2;-26,06679301;-53,72123694;SPRF-PR;DEL02-PR;UOP02-DEL02-PR
596420;25/03/2024;segunda-feira;08:10:00;SC;282;209;LAGES;Ultrapassagem Indevida;Colisão frontal;Com Vítimas Feridas;Pleno dia;Crescente;Céu Claro;Simples;"Declive;Reta";Não;3;0;1;1;1;0;2;2;-27,776926;-50,221893;SPRF-SC;DEL05-SC;UOP01-DEL05-SC
596422;11/04/2024;quinta-feira;07:10:00;SE;101;91;NOSSA SENHORA DO SOCORRO;Condutor deixou de manter distância do veículo da frente;Colisão traseira;Com Vítimas Feridas;Pleno dia;Decrescente;Chuva;Dupla;"Aclive;Reta";Sim;2;0;1;0;1;0;1;2;-10,896075;-37,132189;SPRF-SE;DEL01-SE;UOP01-DEL01-SE
596423;26/04/2024;sexta-feira;07:55:00;MG;381;897;CAMBUI;Demais falhas mecânicas ou elétricas;Queda de ocupante de veículo;Com Vítimas Feridas;Pleno dia;Crescente;Céu Claro;Dupla;Reta;Sim;1;0;1;0;0;0;1;1;-22,63961103;-46,08077997;SPRF-MG;DEL16-MG;UOP03-DEL16-MG
596425;06/04/2024;sábado;12:20:00;PR;476;51;TUNAS DO PARANA;Condutor deixou de manter distância do veículo da frente;Colisão transversal;Com Vítimas Feridas;Pleno dia;Decrescente;Céu Claro;Simples;Reta;Não;3;0;1;0;1;1;1;3;-24,944633;-49,093723;SPRF-PR;DEL01-PR;UOP01-DEL01-PR
596426;26/04/2024;sexta-feira;06:30:00;RJ;40;118;DUQUE DE CAXIAS;Ausência de reação do condutor;Colisão com objeto;Sem Vítimas;Pleno dia;Crescente;Céu Claro;Múltipla;Reta;Não;1;0;0;0;0;1;0;1;-22,75470802;-43,28737838;SPRF-RJ;DEL01-RJ;UOP02-DEL01-RJ
596427;26/04/2024;sexta-feira;07:50:00;RJ;116;172;SAO JOAO DE MERITI;Demais falhas mecânicas ou elétricas;Eventos atípicos;Com Vítimas Feridas;Pleno dia;Decrescente;Céu Claro;Múltipla;Reta;Sim;2;0;2;0;0;0;2;1;-22,80188151;-43,35043673;SPRF-RJ;DEL06-RJ;UOP01-DEL06-RJ
596428;21/03/2024;quinta-feira;17:10:00;MG;381;498;BETIM;Manobra de mudança de faixa;Colisão lateral mesmo sentido;Com Vítimas Feridas;Pleno dia;Crescente;Céu Claro;Dupla;Reta;Sim;2;0;1;0;1;0;1;2;-20,01172662;-44,21976041;SPRF-MG;DEL01-MG;UOP03-DEL01-MG
596430;26/04/2024;sexta-feira;07:20:00;ES;101;292,8;CARIACICA;Velocidade Incompatível;Queda de ocupante de veículo;Sem Vítimas;Pleno dia;Crescente;Sol;Dupla;Reta;Sim;2;0;0;0;1;1;0;1;-20,30650512;-40,39488717;SPRF-ES;DEL01-ES;UOP01-DEL01-ES
596432;26/04/2024;sexta-feira;08:20:00;BA;242;858;BARREIRAS;Reação tardia ou ineficiente do condutor;Colisão frontal;Com Vítimas Feridas;Pleno dia;Crescente;Garoa/Chuvisco;Simples;Reta;Não;12;0;3;8;1;0;11;2;-12,06710419;-45,57051659;SPRF-BA;DEL10-BA;UOP01-DEL10-BA
596433;26/04/2024;sexta-feira;06:15:00;PE;101;68;RECIFE;Chuva;Engavetamento;Sem Vítimas;Pleno dia;Decrescente;Garoa/Chuvisco;Dupla;"Viaduto;Declive";Sim;3;0;0;0;2;1;0;3;-8,05074296;-34,94580619;SPRF-PE;DEL01-PE;UOP01-DEL01-PE
596434;26/04/2024;sexta-feira;08:42:00;PE;101;68,1;RECIFE;Transitar na contramão;Colisão com objeto;Com Vítimas Feridas;Pleno dia;Decrescente;Nublado;Dupla;Rotatória;Sim;2;0;1;0;1;0;1;1;-8,051844;-34,94593;SPRF-PE;DEL01-PE;UOP01-DEL01-PE
596435;26/04/2024;sexta-feira;08:40:00;GO;414;308;VILA PROPICIO;Reação tardia ou ineficiente do condutor;Queda de ocupante de veículo;Com Vítimas Feridas;Pleno dia;Crescente;Céu Claro;Simples;"Reta;Declive";Não;1;0;1;0;0;0;1;1;-15,362991;-48,64643097;SPRF-GO;DEL02-GO;UOP01-DEL02-GO
596436;26/04/2024;sexta-feira;07:58:00;MS;163;486;CAMPO GRANDE;Ausência de reação do condutor;Colisão traseira;Com Vítimas Feridas;Pleno dia;Decrescente;Céu Claro;Simples;Reta;Sim;2;0;1;0;0;1;1;2;-20,4336361;-54,54376745;SPRF-MS;DEL01-MS;UOP02-DEL01-MS
596437;26/04/2024;sexta-feira;08:55:00;MG;40;494,2;ESMERALDAS;Velocidade Incompatível;Saída de leito carroçável;Com Vítimas Feridas;Pleno dia;Crescente;Céu Claro;Dupla;"Aclive;Curva";Não;1;0;1;0;0;0;1;1;-19,65390808;-44,19841023;SPRF-MG;DEL02-MG;UOP01-DEL02-MG
596438;26/04/2024;sexta-feira;08:06:00;PI;343;4,8;TERESINA;Velocidade Incompatível;Colisão lateral mesmo sentido;Com Vítimas Feridas;Pleno dia;Decrescente;Céu Claro;Múltipla;"Reta;Declive";Sim;4;0;1;1;2;0;2;4;-5,08124075;-42,79211283;SPRF-PI;DEL01-PI;UOP01-DEL01-PI
596441;26/04/2024;sexta-feira;08:30:00;MG;459;95,5;POUSO ALEGRE;Velocidade Incompatível;Saída de leito carroçável;Com Vítimas Feridas;Pleno dia;Crescente;Céu Claro;Simples;"Curva;Declive";Não;1;0;1;0;0;0;1;1;-22,185072;-45,989583;SPRF-MG;DEL09-MG;UOP01-DEL09-MG
596442;26/04/2024;sexta-feira;05:45:00;GO;153;404,8;PIRENOPOLIS;Condutor Dormindo;Saída de leito carroçável;Sem Vítimas;Plena Noite;Decrescente;Céu Claro;Simples;Reta;Não;1;0;0;0;1;0;0;1;-16,055285;-49,069035;SPRF-GO;DEL02-GO;UOP02-DEL02-GO
596443;09/04/2024;terça-feira;11:20:00;BA;324;607;SIMOES FILHO;Pedestre andava na pista;Atropelamento de Pedestre;Com Vítimas Fatais;Pleno dia;Crescente;Nublado;Dupla;Reta;Sim;3;1;0;0;2;0;0;2;-12,80271203;-38,40391318;SPRF-BA;DEL01-BA;UOP01-DEL01-BA
596445;26/04/2024;sexta-feira;07:00:00;RJ;101;310;SAO GONCALO;Condutor deixou de manter distância do veículo da frente;Colisão traseira;Com Vítimas Feridas;Pleno dia;Crescente;Céu Claro;Simples;Reta;Sim;2;0;1;0;1;0;1;2;-22,79717023;-43,04404993;SPRF-RJ;DEL02-RJ;UOP02-DEL02-RJ
596447;26/04/2024;sexta-feira;07:30:00;MG;50;177;UBERABA;Ausência de reação do condutor;Colisão traseira;Com Vítimas Feridas;Pleno dia;Crescente;Céu Claro;Simples;Viaduto;Não;4;0;2;0;2;0;2;2;-19,77914852;-47,95047701;SPRF-MG;DEL13-MG;UOP01-DEL13-MG
596448;26/04/2024;sexta-feira;09:00:00;BA;235;349;JUAZEIRO;Desrespeitar a preferência no cruzamento;Colisão transversal;Com Vítimas Feridas;Pleno dia;Crescente;Céu Claro;Simples;Reta;Sim;2;0;1;0;1;0;1;2;-9,43779;-40,497695;SPRF-PE;DEL06-PE;UOP01-DEL06-PE
596449;26/04/2024;sexta-feira;08:40:00;RJ;465;18;NOVA IGUACU;Animais na Pista;Queda de ocupante de veículo;Com Vítimas Feridas;Pleno dia;Decrescente;Nublado;Simples;Reta;Sim;1;0;1;0;0;0;1;1;-22,831354;-43,615128;SPRF-RJ;DEL06-RJ;UOP02-DEL06-RJ
596450;26/04/2024;sexta-feira;08:30:00;RJ;40;91;PETROPOLIS;Chuva;Queda de ocupante de veículo;Com Vítimas Feridas;Pleno dia;Crescente;Chuva;Dupla;"Declive;Curva";Não;1;0;1;0;0;0;1;1;-22,54903566;-43,24229724;SPRF-RJ;DEL01-RJ;UOP01-DEL01-RJ
596451;26/04/2024;sexta-feira;08:00:00;AP;210;105;PORTO GRANDE;Transitar na contramão;Colisão transversal;Com Vítimas Feridas;Pleno dia;Crescente;Céu Claro;Simples;Interseção de Vias;Sim;2;0;0;1;1;0;1;2;0,70564616;-51,41271608;SPRF-AP;DEL01-AP;UOP01-DEL01-AP
596452;26/04/2024;sexta-feira;09:20:00;PE;101;120;ESCADA;Pista Escorregadia;Tombamento;Com Vítimas Feridas;Pleno dia;Decrescente;Nublado;Dupla;Curva;Não;1;0;1;0;0;0;1;1;-8,35341615;-35,17830299;SPRF-PE;DEL01-PE;UOP03-DEL01-PE
596454;26/04/2024;sexta-feira;09:10:00;ES;101;294,6;CARIACICA;Manobra de mudança de faixa;Colisão lateral mesmo sentido;Com Vítimas Feridas;Pleno dia;Decrescente;Sol;Múltipla;Reta;Não;3;0;1;0;2;0;1;2;-20,32824912;-40,3979516;SPRF-ES;DEL01-ES;UOP01-DEL01-ES
596456;26/04/2024;sexta-feira;08:30:00;PB;104;114;LAGOA SECA;Ausência de reação do condutor;Colisão lateral mesmo sentido;Com Vítimas Feridas;Pleno dia;Crescente;Chuva;Simples;Reta;Sim;2;0;1;0;1;0;1;2;-7,1620139;-35,85712429;SPRF-PB;DEL02-PB;UOP04-DEL02-PB
596457;26/04/2024;sexta-feira;07:50:00;RS;116;148,5;CAXIAS DO SUL;Pista Escorregadia;Tombamento;Com Vítimas Feridas;Pleno dia;Decrescente;Chuva;Dupla;Curva;Sim;1;0;1;0;0;0;1;1;-29,15444539;-51,15101681;SPRF-RS;DEL05-RS;UOP01-DEL05-RS
596460;26/04/2024;sexta-feira;09:30:00;MS;163;7;MUNDO NOVO;Frear bruscamente;Colisão traseira;Sem Vítimas;Pleno dia;Crescente;Céu Claro;Simples;Reta;Não;3;0;0;0;2;1;0;2;-24,00094566;-54,32020706;SPRF-MS;DEL09-MS;UOP02-DEL09-MS
596461;26/04/2024;sexta-feira;09:40:00;PE;232;134;CARUARU;Acessar a via sem observar a presença dos outros veículos;Colisão traseira;Sem Vítimas;Pleno dia;Decrescente;Céu Claro;Simples;"Interseção de Vias;Viaduto";Sim;2;0;0;0;2;0;0;2;-8,30853497;-36,02442101;SPRF-PE;DEL02-PE;UOP01-DEL02-PE
596462;26/04/2024;sexta-feira;09:31:00;MG;381;653,1;SANTO ANTONIO DO AMPARO;Avarias e/ou desgaste excessivo no pneu;Tombamento;Com Vítimas Feridas;Pleno dia;Crescente;Céu Claro;Dupla;"Curva;Aclive";Não;1;0;1;0;0;0;1;1;-20,98800417;-44,95317291;SPRF-MG;DEL04-MG;UOP02-DEL04-MG