id;data_inversa;dia_semana;horario;uf;br;km;municipio;causa_acidente;tipo_acidente;classificacao_acidente;fase_dia;sentido_via;condicao_metereologica;tipo_pista;tracado_via;uso_solo;pessoas;mortos;feridos_leves;feridos_graves;ilesos;ignorados;feridos;veiculos;latitude;longitude;regional;delegacia;uop
596463;26/04/2024;sexta-feira;08:00:00;PR;116;122;CURITIBA;Avarias e/ou desgaste excessivo no pneu;Tombamento;Com Vítimas Feridas;Pleno dia;Crescente;Céu Claro;Dupla;Reta;Não;2;0;1;0;1;0;1;1;-25,56857207;-49,31023179;SPRF-PR;DEL01-PR;UOP03-DEL01-PR
596464;26/04/2024;sexta-feira;09:39:00;PE;101;70,1;RECIFE;Condutor deixou de manter distância do veículo da frente;Colisão traseira;Com Vítimas Feridas;Pleno dia;Crescente;Céu Claro;Dupla;Reta;Sim;2;0;1;0;1;0;1;2;-8,07161876;-34,94270258;SPRF-PE;DEL01-PE;UOP01-DEL01-PE
596466;26/04/2024;sexta-feira;08:45:00;BA;135;181;BARREIRAS;Reação tardia ou ineficiente do condutor;Engavetamento;Sem Vítimas;Pleno dia;Crescente;Céu Claro;Simples;Reta;Sim;3;0;0;0;3;0;0;3;-12,15764192;-45,00521717;SPRF-BA;DEL08-BA;N/A
596470;26/04/2024;sexta-feira;10:15:00;SC;101;195;BIGUACU;Condutor deixou de manter distância do veículo da frente;Colisão traseira;Sem Vítimas;Pleno dia;Decrescente;Nublado;Dupla;Reta;Sim;2;0;0;0;2;0;0;2;-27,5047092;-48,65010819;SPRF-SC;DEL01-SC;UOP01-DEL01-SC
596471;26/04/2024;sexta-feira;10:25:00;PE;232;182,4;BELO JARDIM;Chuva;Colisão traseira;Com Vítimas Feridas;Pleno dia;Decrescente;Chuva;Simples;"Ponte;Reta;Declive";Sim;2;0;1;1;0;0;2;2;-8,34804728;-36,44664994;SPRF-PE;DEL03-PE;UOP02-DEL03-PE
596473;26/04/2024;sexta-feira;10:30:00;ES;101;408;ITAPEMIRIM;Acumulo de água sobre o pavimento;Queda de ocupante de veículo;Com Vítimas Feridas;Pleno dia;Crescente;Chuva;Simples;Curva;Não;1;0;1;0;0;0;1;1;-20,89068697;-41,03879708;SPRF-ES;DEL03-ES;UOP02-DEL03-ES
596474;26/04/2024;sexta-feira;04:50:00;BA;101;812;ITAMARAJU;Animais na Pista;Colisão com objeto;Com Vítimas Feridas;Amanhecer;Decrescente;Céu Claro;Simples;Reta;Sim;1;0;0;1;0;0;1;1;-17,047811;-39,548135;SPRF-BA;DEL09-BA;UOP02-DEL09-BA
596475;26/04/2024;sexta-feira;09:30:00;MT;163;642,5;LUCAS DO RIO VERDE;Problema com o freio;Colisão traseira;Com Vítimas Feridas;Pleno dia;Decrescente;Céu Claro;Simples;Reta;Não;4;0;2;0;2;0;2;2;-13,443;-56,083;SPRF-MT;DEL06-MT;UOP01-DEL06-MT
596479;26/04/2024;sexta-feira;11:50:00;SE;235;53;ITABAIANA;Condutor deixou de manter distância do veículo da frente;Colisão traseira;Com Vítimas Feridas;Pleno dia;Crescente;Nublado;Múltipla;Reta;Sim;2;0;1;0;1;0;1;2;-10,684707;-37,440544;SPRF-SE;DEL01-SE;UOP02-DEL01-SE
596480;26/04/2024;sexta-feira;10:10:00;AC;364;139;RIO BRANCO;Pista esburacada;Queda de ocupante de veículo;Com Vítimas Feridas;Pleno dia;Crescente;Céu Claro;Dupla;Reta;Sim;1;0;0;1;0;0;1;1;-9,95359291;-67,86119892;SPRF-AC;DEL01-AC;UOP01-DEL01-AC
596483;26/04/2024;sexta-feira;12:45:00;MG;381;942;EXTREMA;Reação tardia ou ineficiente do condutor;Queda de ocupante de veículo;Com Vítimas Feridas;Pleno dia;Crescente;Céu Claro;Dupla;Reta;Não;1;0;1;0;0;0;1;1;-22,86605937;-46,34940386;SPRF-MG;DEL16-MG;UOP03-DEL16-MG
596485;26/04/2024;sexta-feira;12:04:00;TO;153;140;ARAGUAINA;Manobra de mudança de faixa;Colisão traseira;Sem Vítimas;Pleno dia;Crescente;Céu Claro;Múltipla;Reta;Sim;3;0;0;0;3;0;0;3;-7,169616;-48,21328;SPRF-TO;DEL02-TO;UOP01-DEL02-TO
596486;26/04/2024;sexta-feira;12:50:00;RS;116;265;CANOAS;Ausência de reação do condutor;Colisão traseira;Com Vítimas Feridas;Pleno dia;Crescente;Garoa/Chuvisco;Dupla;Reta;Sim;2;0;1;0;1;0;1;2;-29,92342302;-51,17780944;SPRF-RS;DEL01-RS;UOP01-DEL01-RS
596487;22/04/2024;segunda-feira;07:30:00;MT;70;158;GENERAL CARNEIRO;Reação tardia ou ineficiente do condutor;Saída de leito carroçável;Com Vítimas Feridas;Pleno dia;Decrescente;Céu Claro;Simples;Reta;Não;1;0;1;0;0;0;1;1;-15,56153398;-53,44055899;SPRF-MT;DEL05-MT;UOP01-DEL05-MT
596490;26/04/2024;sexta-feira;13:39:00;CE;222;311;TIANGUA;Acessar a via sem observar a presença dos outros veículos;Atropelamento de Pedestre;Com Vítimas Feridas;Pleno dia;Crescente;Céu Claro;Simples;Reta;Sim;2;0;1;0;1;0;1;2;-3,711973;-40,984356;SPRF-CE;DEL04-CE;UOP02-DEL04-CE
596495;26/04/2024;sexta-feira;13:20:00;RJ;393;282;VOLTA REDONDA;Acesso irregular;Tombamento;Sem Vítimas;Pleno dia;Decrescente;Céu Claro;Simples;Reta;Sim;2;0;0;0;2;0;0;2;-22,48030198;-44,06296492;SPRF-RJ;DEL05-RJ;UOP04-DEL05-RJ
596496;26/04/2024;sexta-feira;12:20:00;MT;70;148;GENERAL CARNEIRO;Ausência de reação do condutor;Saída de leito carroçável;Sem Vítimas;Pleno dia;Crescente;Céu Claro;Simples;"Aclive;Reta";Não;1;0;0;0;1;0;0;1;-15,58228642;-53,35265616;SPRF-MT;DEL07-MT;UOP01-DEL07-MT
596501;26/04/2024;sexta-feira;14:30:00;RN;101;108;PARNAMIRIM;Manobra de mudança de faixa;Colisão lateral mesmo sentido;Com Vítimas Feridas;Pleno dia;Crescente;Nublado;Dupla;"Reta;Interseção de Vias";Sim;2;0;1;0;1;0;1;2;-5,92825102;-35,26465683;SPRF-RN;DEL01-RN;UOP01-DEL01-RN
596502;26/04/2024;sexta-feira;13:30:00;PR;476;114;COLOMBO;Acessar a via sem observar a presença dos outros veículos;Colisão transversal;Com Vítimas Feridas;Pleno dia;Decrescente;Céu Claro;Simples;"Rotatória;Retorno Regulamentado";Sim;2;0;0;1;1;0;1;2;-25,335966;-49,158184;SPRF-PR;DEL01-PR;UOP01-DEL01-PR
596503;26/04/2024;sexta-feira;13:50:00;MG;116;414,5;GOVERNADOR VALADARES;Acessar a via sem observar a presença dos outros veículos;Colisão transversal;Com Vítimas Feridas;Pleno dia;Decrescente;Céu Claro;Simples;Interseção de Vias;Sim;2;0;1;0;1;0;1;2;-18,88448644;-41,94796443;SPRF-MG;DEL06-MG;UOP01-DEL06-MG
596507;26/04/2024;sexta-feira;15:19:00;PE;232;409;SERRA TALHADA;Condutor desrespeitou a iluminação vermelha do semáforo;Colisão transversal;Com Vítimas Feridas;Pleno dia;Decrescente;Nublado;Simples;"Interseção de Vias;Viaduto";Sim;2;0;2;0;0;0;2;2;-7,981944;-38,289467;SPRF-PE;DEL04-PE;UOP01-DEL04-PE
596508;26/04/2024;sexta-feira;14:15:00;RS;158;330;SANTA MARIA;Desrespeitar a preferência no cruzamento;Colisão transversal;Com Vítimas Feridas;Pleno dia;Crescente;Céu Claro;Simples;Rotatória;Sim;2;0;1;0;1;0;1;2;-29,70023392;-53,84096861;SPRF-RS;DEL09-RS;UOP01-DEL09-RS
596509;26/04/2024;sexta-feira;14:15:00;GO;60;61;ABADIANIA;Acessar a via sem observar a presença dos outros veículos;Colisão transversal;Com Vítimas Feridas;Pleno dia;Crescente;Céu Claro;Dupla;Retorno Regulamentado;Sim;2;0;1;0;1;0;1;2;-16,1903;-48,7114;SPRF-GO;DEL02-GO;UOP01-DEL02-GO
596510;10/04/2024;quarta-feira;05:35:00;PE;407;119;PETROLINA;Animais na Pista;Atropelamento de Animal;Com Vítimas Feridas;Amanhecer;Decrescente;Céu Claro;Simples;Reta;Não;1;0;0;1;0;0;1;1;-9,33026316;-40,56422728;SPRF-PE;DEL06-PE;UOP01-DEL06-PE
596512;26/04/2024;sexta-feira;15:05:00;RS;290;468,9;ROSARIO DO SUL;Reação tardia ou ineficiente do condutor;Capotamento;Com Vítimas Feridas;Pleno dia;Crescente;Céu Claro;Simples;Reta;Não;6;0;3;2;0;1;5;2;-30,243188;-54,806228;SPRF-RS;DEL11-RS;UOP02-DEL11-RS
596513;26/04/2024;sexta-feira;15:40:00;SC;280;128,1;RIO NEGRINHO;Acessar a via sem observar a presença dos outros veículos;Colisão transversal;Com Vítimas Feridas;Pleno dia;Crescente;Céu Claro;Simples;Reta;Não;2;0;1;0;1;0;1;2;-26,24317941;-49,51320018;SPRF-SC;DEL06-SC;UOP03-DEL06-SC
596514;26/04/2024;sexta-feira;14:00:00;MG;116;16,8;CACHOEIRA DE PAJEU;Acessar a via sem observar a presença dos outros veículos;Colisão transversal;Com Vítimas Feridas;Pleno dia;Crescente;Céu Claro;Simples;Curva;Não;3;0;2;0;1;0;2;2;-15,81176708;-41,38078596;SPRF-BA;DEL08-BA;UOP03-DEL08-BA
596515;26/04/2024;sexta-feira;16:30:00;MG;381;362;JOAO MONLEVADE;Acessar a via sem observar a presença dos outros veículos;Colisão transversal;Com Vítimas Feridas;Pleno dia;Crescente;Céu Claro;Simples;Reta;Não;3;0;0;1;2;0;1;2;-19,85643939;-43,24280693;SPRF-MG;DEL03-MG;UOP01-DEL03-MG
596517;15/04/2024;segunda-feira;09:00:00;SP;116;157;SAO JOSE DOS CAMPOS;Acesso irregular;Colisão transversal;Com Vítimas Feridas;Pleno dia;Crescente;Céu Claro;Dupla;Reta;Sim;2;0;1;0;1;0;1;2;-23,25558031;-45,9437828;SPRF-SP;DEL02-SP;UOP01-DEL02-SP
596518;26/04/2024;sexta-feira;15:30:00;MG;40;528;CONTAGEM;Reação tardia ou ineficiente do condutor;Tombamento;Com Vítimas Feridas;Pleno dia;Decrescente;Céu Claro;Dupla;"Reta;Declive";Sim;1;0;1;0;0;0;1;1;-19,90883179;-44,04436577;SPRF-MG;DEL01-MG;UOP02-DEL01-MG
596519;14/04/2024;domingo;06:00:00;RO;364;424;JARU;Ausência de reação do condutor;Tombamento;Com Vítimas Feridas;Amanhecer;Crescente;Ignorado;Múltipla;"Reta;Aclive";Sim;1;0;1;0;0;0;1;1;-10,43975903;-62,46905934;SPRF-RO;DEL03-RO;UOP02-DEL03-RO
596520;26/04/2024;sexta-feira;16:15:00;SC;101;201,6;SAO JOSE;Manobra de mudança de faixa;Colisão lateral mesmo sentido;Com Vítimas Feridas;Pleno dia;Decrescente;Céu Claro;Múltipla;Reta;Sim;3;0;1;1;1;0;2;2;-27,54836599;-48,61977975;SPRF-SC;DEL01-SC;UOP01-DEL01-SC
596521;12/04/2024;sexta-feira;11:55:00;MS;163;74;ITAQUIRAI;Reação tardia ou ineficiente do condutor;Colisão lateral mesmo sentido;Com Vítimas Feridas;Pleno dia;Decrescente;Nublado;Dupla;Reta;Sim;2;0;1;0;1;0;1;2;-23,50976209;-54,18919663;SPRF-MS;DEL09-MS;UOP02-DEL09-MS
596522;26/04/2024;sexta-feira;16:20:00;AL;316;271;SATUBA;Ausência de reação do condutor;Colisão traseira;Sem Vítimas;Pleno dia;Decrescente;Céu Claro;Simples;Reta;Sim;3;0;0;0;2;1;0;3;-9,57122709;-35,81523795;SPRF-AL;DEL02-AL;UOP01-DEL02-AL
596523;26/04/2024;sexta-feira;17:20:00;CE;304;53;ARACATI;Acesso irregular;Colisão lateral mesmo sentido;Com Vítimas Feridas;Anoitecer;Crescente;Céu Claro;Dupla;"Interseção de Vias;Reta";Não;5;0;1;0;4;0;1;2;-4,57402355;-37,73636121;SPRF-CE;DEL03-CE;UOP03-DEL03-CE
596525;26/04/2024;sexta-feira;17:12:00;RN;101;112;SAO JOSE DE MIPIBU;Demais falhas mecânicas ou elétricas;Colisão traseira;Com Vítimas Feridas;Plena Noite;Decrescente;Chuva;Dupla;Retorno Regulamentado;Não;2;0;0;1;1;0;1;2;-5,96429;-35,264877;SPRF-RN;DEL01-RN;UOP01-DEL01-RN
596527;26/04/2024;sexta-feira;16:50:00;BA;110;169;RIBEIRA DO POMBAL;Ausência de reação do condutor;Saída de leito carroçável;Com Vítimas Feridas;Pleno dia;Decrescente;Nublado;Simples;"Declive;Reta";Não;1;0;0;1;0;0;1;1;-10,83361802;-38,53206537;SPRF-BA;DEL07-BA;UOP02-DEL07-BA
596530;26/04/2024;sexta-feira;17:30:00;SC;282;17,5;PALHOCA;Trafegar com motocicleta (ou similar) entre as faixas;Colisão transversal;Com Vítimas Feridas;Anoitecer;Crescente;Céu Claro;Simples;Reta;Sim;2;0;1;0;1;0;1;2;-27,665707;-48,688065;SPRF-SC;DEL01-SC;UOP02-DEL01-SC
596532;26/04/2024;sexta-feira;17:30:00;GO;60;192;GUAPO;Demais falhas mecânicas ou elétricas;Incêndio;Sem Vítimas;Anoitecer;Crescente;Céu Claro;Dupla;Declive;Não;1;0;0;0;1;0;0;1;-16,8429;-49,5503;SPRF-GO;DEL01-GO;UOP02-DEL01-GO
596533;26/04/2024;sexta-feira;17:30:00;PR;376;616;SAO JOSE DOS PINHAIS;Reação tardia ou ineficiente do condutor;Saída de leito carroçável;Com Vítimas Feridas;Pleno dia;Crescente;Nublado;Dupla;Reta;Não;1;0;1;0;0;0;1;1;-25,57583659;-49,17953679;SPRF-PR;DEL01-PR;UOP04-DEL01-PR
596535;26/04/2024;sexta-feira;16:40:00;MG;381;502,5;BETIM;Manobra de mudança de faixa;Colisão lateral mesmo sentido;Com Vítimas Feridas;Plena Noite;Decrescente;Céu Claro;Dupla;Reta;Não;2;0;1;0;1;0;1;2;-20,01943379;-44,22825336;SPRF-MG;DEL01-MG;UOP03-DEL01-MG
596537;26/04/2024;sexta-feira;17:30:00;SC;470;125,2;LONTRAS;Acessar a via sem observar a presença dos outros veículos;Colisão transversal;Com Vítimas Feridas;Pleno dia;Crescente;Céu Claro;Simples;Reta;Não;1;0;1;0;0;0;1;1;-27,120506;-49,534946;SPRF-SC;DEL04-SC;UOP02-DEL04-SC
596538;26/04/2024;sexta-feira;17:30:00;RN;304;306;PARNAMIRIM;Acessar a via sem observar a presença dos outros veículos;Colisão traseira;Com Vítimas Feridas;Plena Noite;Crescente;Céu Claro;Dupla;Reta;Sim;2;0;1;0;1;0;1;2;-5,89012265;-35,26352022;SPRF-RN;DEL01-RN;UOP02-DEL01-RN
596539;26/04/2024;sexta-feira;16:30:00;MT;364;587;DIAMANTINO;Reação tardia ou ineficiente do condutor;Colisão traseira;Com Vítimas Feridas;Pleno dia;Crescente;Céu Claro;Dupla;Reta;Não;6;0;3;0;3;0;3;2;-14,61012536;-56,25164264;SPRF-MT;DEL01-MT;UOP01-DEL01-MT
596540;26/04/2024;sexta-feira;17:00:00;BA;324;623;SALVADOR;Condutor deixou de manter distância do veículo da frente;Engavetamento;Com Vítimas Feridas;Anoitecer;Decrescente;Céu Claro;Dupla;Reta;Não;4;0;1;0;3;0;1;4;-12,92628699;-38,46838679;SPRF-BA;DEL01-BA;UOP01-DEL01-BA
596541;26/04/2024;sexta-feira;18:10:00;MG;381;361;JOAO MONLEVADE;Transitar no Acostamento;Colisão lateral mesmo sentido;Com Vítimas Feridas;Anoitecer;Decrescente;Céu Claro;Simples;Reta;Sim;4;0;1;0;3;0;1;2;-19,85881293;-43,234108;SPRF-MG;DEL03-MG;UOP01-DEL03-MG
596542;26/04/2024;sexta-feira;17:20:00;MT;163;844;SINOP;Acessar a via sem observar a presença dos outros veículos;Colisão transversal;Com Vítimas Feridas;Anoitecer;Decrescente;Nublado;Simples;Reta;Não;2;0;1;0;1;0;1;2;-11,777859;-55,473567;SPRF-MT;DEL06-MT;UOP02-DEL06-MT
596543;26/04/2024;sexta-feira;18:00:00;SC;282;17,5;PALHOCA;Acessar a via sem observar a presença dos outros veículos;Colisão transversal;Com Vítimas Feridas;Anoitecer;Crescente;Nublado;Simples;"Interseção de Vias;Reta";Sim;5;0;4;0;1;0;4;2;-27,665707;-48,688065;SPRF-SC;DEL01-SC;UOP02-DEL01-SC
596544;26/04/2024;sexta-feira;18:30:00;MG;40;532;BELO HORIZONTE;Ausência de reação do condutor;Colisão lateral mesmo sentido;Com Vítimas Feridas;Plena Noite;Decrescente;Céu Claro;Dupla;Reta;Sim;2;0;1;0;0;1;1;2;-19,92372561;-44,01700789;SPRF-MG;DEL01-MG;UOP02-DEL01-MG
596545;26/04/2024;sexta-feira;17:25:00;SC;101;118;ITAJAI;Ingestão de álcool pelo condutor;Colisão traseira;Sem Vítimas;Anoitecer;Decrescente;Céu Claro;Dupla;Reta;Não;2;0;0;0;2;0;0;2;-26,895859;-48,71903;SPRF-SC;DEL04-SC;UOP04-DEL04-SC
596546;26/04/2024;sexta-feira;17:27:00;MS;262;369;TERENOS;Ultrapassagem Indevida;Colisão frontal;Com Vítimas Fatais;Anoitecer;Crescente;Céu Claro;Simples;Reta;Não;4;2;0;0;2;0;0;2;-20,48223445;-54,77540604;SPRF-MS;DEL01-MS;UOP03-DEL01-MS
596547;26/04/2024;sexta-feira;15:50:00;SC;101;157,9;PORTO BELO;Manobra de mudança de faixa;Colisão lateral mesmo sentido;Com Vítimas Feridas;Pleno dia;Decrescente;Nublado;Múltipla;Reta;Sim;2;0;1;0;1;0;1;2;-27,181625;-48,6121179;SPRF-SC;DEL04-SC;UOP03-DEL04-SC
596548;26/04/2024;sexta-feira;18:30:00;ES;101;268;SERRA;Chuva;Tombamento;Com Vítimas Feridas;Pleno dia;Decrescente;Chuva;Dupla;Reta;Sim;1;0;1;0;0;0;1;1;-20,20842;-40,269405;SPRF-ES;DEL02-ES;UOP01-DEL02-ES
596549;26/04/2024;sexta-feira;17:15:00;MG;262;811;UBERABA;Ingestão de álcool pelo condutor;Colisão lateral mesmo sentido;Com Vítimas Feridas;Pleno dia;Crescente;Céu Claro;Dupla;Reta;Não;3;0;2;0;1;0;2;2;-19,76527861;-48,11638905;SPRF-MG;DEL13-MG;UOP01-DEL13-MG
596551;26/04/2024;sexta-feira;18:25:00;PI;343;28;PARNAIBA;Manobra de mudança de faixa;Queda de ocupante de veículo;Com Vítimas Feridas;Plena Noite;Decrescente;Nublado;Simples;Reta;Não;3;0;0;1;2;0;1;3;-3,052351;-41,77544;SPRF-PI;DEL05-PI;UOP01-DEL05-PI
596552;26/04/2024;sexta-feira;18:30:00;SP;153;59,4;SAO JOSE DO RIO PRETO;Reação tardia ou ineficiente do condutor;Colisão com objeto;Com Vítimas Feridas;Plena Noite;Decrescente;Céu Claro;Dupla;Reta;Sim;2;0;1;0;1;0;1;1;-20,78733103;-49,35399276;SPRF-SP;DEL09-SP;UOP01-DEL09-SP
596553;26/04/2024;sexta-feira;18:20:00;RS;386;245,2;SOLEDADE;Manobra de mudança de faixa;Colisão frontal;Com Vítimas Feridas;Anoitecer;Decrescente;Céu Claro;Simples;Reta;Sim;3;0;1;0;2;0;1;2;-28,8026198;-52,50902653;SPRF-RS;DEL04-RS;UOP03-DEL04-RS
596554;21/04/2024;domingo;18:40:00;PE;232;206,7;PESQUEIRA;Ingestão de álcool pelo condutor;Saída de leito carroçável;Com Vítimas Feridas;Plena Noite;Decrescente;Céu Claro;Simples;"Reta;Aclive";Não;3;0;3;0;0;0;3;1;-8,37056848;-36,66177606;SPRF-PE;DEL03-PE;UOP02-DEL03-PE
596555;26/04/2024;sexta-feira;18:20:00;MG;381;478,1;CONTAGEM;Acessar a via sem observar a presença dos outros veículos;Colisão frontal;Com Vítimas Feridas;Anoitecer;Decrescente;Céu Claro;Simples;Reta;Sim;2;0;2;0;0;0;2;2;-19,95826094;-44,05921101;SPRF-MG;DEL01-MG;UOP03-DEL01-MG
596556;26/04/2024;sexta-feira;18:20:00;PR;376;242;APUCARANA;Mal súbito do condutor;Queda de ocupante de veículo;Com Vítimas Feridas;Anoitecer;Crescente;Céu Claro;Dupla;"Reta;Declive";Não;1;0;1;0;0;0;1;1;-23,58111976;-51,43531388;SPRF-PR;DEL07-PR;UOP03-DEL07-PR
596558;26/04/2024;sexta-feira;16:57:00;PE;101;151;RIBEIRAO;Reação tardia ou ineficiente do condutor;Colisão lateral sentido oposto;Com Vítimas Feridas;Anoitecer;Decrescente;Céu Claro;Simples;Reta;Não;3;0;1;0;1;1;1;2;-8,50224498;-35,38851271;SPRF-PE;DEL01-PE;UOP03-DEL01-PE
596559;26/04/2024;sexta-feira;17:50:00;SC;163;69,8;SAO MIGUEL DO OESTE;Pedestre cruzava a pista fora da faixa;Atropelamento de Pedestre;Com Vítimas Feridas;Anoitecer;Decrescente;Nublado;Dupla;"Reta;Interseção de Vias;Declive";Sim;2;0;0;2;0;0;2;2;-26,74132699;-53,50120591;SPRF-SC;DEL07-SC;UOP03-DEL07-SC
596560;26/04/2024;sexta-feira;18:10:00;SC;280;162;MAFRA;Conversão proibida;Colisão transversal;Com Vítimas Feridas;Plena Noite;Crescente;Céu Claro;Simples;Reta;Não;5;0;3;1;1;0;4;2;-26,20386631;-49,79088509;SPRF-SC;DEL06-SC;UOP03-DEL06-SC
596561;26/04/2024;sexta-feira;18:35:00;PR;469;13;FOZ DO IGUACU;Ingestão de álcool pelo condutor;Colisão transversal;Sem Vítimas;Plena Noite;Crescente;Céu Claro;Simples;"Interseção de Vias;Reta;Em Obras";Sim;3;0;0;0;3;0;0;2;-25,5754;-54,5489;SPRF-PR;DEL05-PR;UOP04-DEL05-PR
596562;26/04/2024;sexta-feira;19:00:00;RS;116;2;PORTO ALEGRE;Pedestre cruzava a pista fora da faixa;Atropelamento de Pedestre;Com Vítimas Feridas;Plena Noite;Decrescente;Nublado;Dupla;Curva;Sim;2;0;0;1;1;0;1;2;-30,033535;-51,230453;SPRF-RS;DEL01-RS;UOP01-DEL01-RS
596563;26/04/2024;sexta-feira;18:20:00;SP;116;107;TAUBATE;Reação tardia ou ineficiente do condutor;Engavetamento;Com Vítimas Feridas;Plena Noite;Crescente;Céu Claro;Dupla;Reta;Sim;5;0;1;0;3;1;1;5;-23,01791287;-45,53009409;SPRF-SP;DEL02-SP;UOP02-DEL02-SP
596564;26/04/2024;sexta-feira;19:00:00;MG;381;492,5;BETIM;Objeto estático sobre o leito carroçável;Colisão com objeto;Com Vítimas Feridas;Plena Noite;Crescente;Céu Claro;Dupla;Reta;Sim;2;0;0;1;1;0;1;2;-19,96301285;-44,16684151;SPRF-MG;DEL01-MG;UOP03-DEL01-MG
596565;26/04/2024;sexta-feira;19:29:00;PE;101;67,1;RECIFE;Ausência de reação do condutor;Colisão traseira;Sem Vítimas;Plena Noite;Decrescente;Céu Claro;Dupla;Reta;Sim;2;0;0;0;2;0;0;2;-8,042334;-34,943096;SPRF-PE;DEL01-PE;UOP01-DEL01-PE
596566;26/04/2024;sexta-feira;19:25:00;DF;70;11;BRASILIA;Manobra de mudança de faixa;Colisão lateral mesmo sentido;Com Vítimas Feridas;Plena Noite;Crescente;Céu Claro;Dupla;Reta;Não;2;0;1;0;1;0;1;2;-15,789762;-48,148727;SPRF-DF;DEL03-DF;UOP02-DEL03-DF
596567;26/04/2024;sexta-feira;18:35:00;SC;101;197,6;SAO JOSE;Ingestão de álcool pelo condutor;Colisão traseira;Sem Vítimas;Anoitecer;Crescente;Céu Claro;Dupla;Curva;Sim;16;0;0;0;15;1;0;8;-27,51844497;-48,63848496;SPRF-SC;DEL01-SC;UOP01-DEL01-SC
596568;26/04/2024;sexta-feira;19:30:00;SC;101;135;BALNEARIO CAMBORIU;Condutor deixou de manter distância do veículo da frente;Colisão traseira;Com Vítimas Feridas;Plena Noite;Crescente;Céu Claro;Dupla;Reta;Sim;4;0;0;2;2;0;2;3;-27,0050108;-48,62677494;SPRF-SC;DEL04-SC;UOP03-DEL04-SC
596570;26/04/2024;sexta-feira;18:00:00;BA;116;800;VITORIA DA CONQUISTA;Acessar a via sem observar a presença dos outros veículos;Colisão lateral mesmo sentido;Com Vítimas Feridas;Anoitecer;Crescente;Chuva;Simples;Reta;Não;2;0;1;0;1;0;1;2;-14,70938306;-40,60000997;SPRF-BA;DEL08-BA;UOP02-DEL08-BA
596571;26/04/2024;sexta-feira;17:00:00;RJ;356;30;ITAPERUNA;Ausência de reação do condutor;Colisão transversal;Com Vítimas Feridas;Anoitecer;Decrescente;Céu Claro;Simples;Reta;Sim;3;0;2;0;1;0;2;2;-21,18596948;-41,91700108;SPRF-RJ;DEL08-RJ;UOP03-DEL08-RJ
596572;26/04/2024;sexta-feira;19:00:00;RS;285;502,8;ENTRE-IJUIS;Demais falhas mecânicas ou elétricas;Queda de ocupante de veículo;Com Vítimas Feridas;Plena Noite;Crescente;Céu Claro;Simples;Reta;Não;2;0;0;1;1;0;1;1;-28,38373614;-54,30747986;SPRF-RS;DEL10-RS;UOP01-DEL10-RS
596573;26/04/2024;sexta-feira;18:10:00;BA;324;576;SAO SEBASTIAO DO PASSE;Acessar a via sem observar a presença dos outros veículos;Colisão transversal;Com Vítimas Feridas;Plena Noite;Crescente;Nublado;Dupla;Reta;Não;2;0;0;1;1;0;1;2;-12,57834312;-38,53790009;SPRF-BA;DEL01-BA;UOP01-DEL01-BA
596574;26/04/2024;sexta-feira;19:30:00;PR;116;164;QUITANDINHA;Reação tardia ou ineficiente do condutor;Colisão transversal;Com Vítimas Feridas;Plena Noite;Crescente;Céu Claro;Simples;Reta;Sim;2;0;0;1;1;0;1;2;-25,86460493;-49,42711473;SPRF-PR;DEL01-PR;UOP03-DEL01-PR
596575;26/04/2024;sexta-feira;18:35:00;GO;40;135,9;CRISTALINA;Ultrapassagem Indevida;Colisão frontal;Com Vítimas Fatais;Anoitecer;Crescente;Céu Claro;Simples;Reta;Não;4;1;1;2;0;0;3;2;-16,942453;-47,313547;SPRF-DF;DEL01-DF;UOP02-DEL01-DF
596576;26/04/2024;sexta-feira;17:30:00;MG;40;328;FELIXLANDIA;Pedestre andava na pista;Atropelamento de Pedestre;Com Vítimas Feridas;Pleno dia;Crescente;Céu Claro;Simples;Reta;Não;2;0;0;1;1;0;1;2;-18,55803995;-45,0251099;SPRF-MG;DEL14-MG;UOP02-DEL14-MG
596577;26/04/2024;sexta-feira;20:00:00;SP;381;42,8;ATIBAIA;Reação tardia ou ineficiente do condutor;Colisão traseira;Com Vítimas Feridas;Plena Noite;Decrescente;Céu Claro;Dupla;Reta;Sim;3;0;1;1;1;0;2;2;-23,147306;-46,57493202;SPRF-SP;DEL03-SP;UOP01-DEL03-SP
596579;26/04/2024;sexta-feira;18:45:00;MG;153;109;PRATA;Acessar a via sem observar a presença dos outros veículos;Colisão transversal;Com Vítimas Feridas;Plena Noite;Crescente;Céu Claro;Simples;Reta;Sim;2;0;1;0;1;0;1;2;-19,30196967;-48,90744209;SPRF-MG;DEL15-MG;UOP03-DEL15-MG
596580;26/04/2024;sexta-feira;19:00:00;MG;40;524,7;CONTAGEM;Manobra de mudança de faixa;Colisão lateral mesmo sentido;Com Vítimas Feridas;Plena Noite;Decrescente;Céu Claro;Dupla;Reta;Sim;2;0;1;0;1;0;1;2;-19,8754469;-44,05345586;SPRF-MG;DEL01-MG;UOP02-DEL01-MG
596581;26/04/2024;sexta-feira;11:30:00;RJ;465;5;SEROPEDICA;Ausência de reação do condutor;Colisão transversal;Com Vítimas Feridas;Pleno dia;Decrescente;Nublado;Simples;Reta;Sim;2;0;1;0;1;0;1;2;-22,747673;-43,699196;SPRF-RJ;DEL06-RJ;UOP02-DEL06-RJ