id;data_inversa;dia_semana;horario;uf;br;km;municipio;causa_acidente;tipo_acidente;classificacao_acidente;fase_dia;sentido_via;condicao_metereologica;tipo_pista;tracado_via;uso_solo;pessoas;mortos;feridos_leves;feridos_graves;ilesos;ignorados;feridos;veiculos;latitude;longitude;regional;delegacia;uop
596584;26/04/2024;sexta-feira;19:40:00;AL;104;88;RIO LARGO;Frear bruscamente;Tombamento;Com Vítimas Feridas;Plena Noite;Decrescente;Céu Claro;Dupla;Reta;Não;1;0;1;0;0;0;1;1;-9,48375193;-35,81815581;SPRF-AL;DEL01-AL;UOP01-DEL01-AL
596586;26/04/2024;sexta-feira;18:30:00;MS;163;270,5;DOURADOS;Desrespeitar a preferência no cruzamento;Colisão transversal;Com Vítimas Feridas;Plena Noite;Decrescente;Céu Claro;Dupla;Rotatória;Não;4;0;1;0;3;0;1;2;-22,2316424;-54,7478208;SPRF-MS;DEL04-MS;UOP01-DEL04-MS
596588;26/04/2024;sexta-feira;19:45:00;BA;367;39,7;PORTO SEGURO;Transitar na contramão;Colisão frontal;Com Vítimas Fatais;Plena Noite;Crescente;Céu Claro;Simples;Curva;Não;4;1;0;0;3;0;0;2;-16,39129187;-39,20169694;SPRF-BA;DEL09-BA;UOP03-DEL09-BA
596591;26/04/2024;sexta-feira;19:45:00;ES;101;439;MIMOSO DO SUL;Acesso irregular;Colisão frontal;Com Vítimas Feridas;Plena Noite;Crescente;Céu Claro;Simples;Curva;Não;3;0;2;0;1;0;2;2;-21,07264705;-41,22787382;SPRF-ES;DEL03-ES;UOP02-DEL03-ES
596592;26/04/2024;sexta-feira;19:05:00;SC;470;138,2;RIO DO SUL;Acessar a via sem observar a presença dos outros veículos;Colisão transversal;Com Vítimas Feridas;Plena Noite;Crescente;Garoa/Chuvisco;Simples;Interseção de Vias;Sim;2;0;0;1;1;0;1;2;-27,207214;-49,648476;SPRF-SC;DEL04-SC;UOP02-DEL04-SC
596594;26/04/2024;sexta-feira;17:05:00;RJ;101;329;RIO DE JANEIRO;Manobra de mudança de faixa;Colisão lateral mesmo sentido;Com Vítimas Feridas;Pleno dia;Crescente;Nublado;Múltipla;Reta;Não;2;0;1;0;1;0;1;2;-22,86939305;-43,175642;SPRF-RJ;DEL02-RJ;UOP01-DEL02-RJ
596595;26/04/2024;sexta-feira;19:10:00;RJ;116;320,9;ITATIAIA;Objeto estático sobre o leito carroçável;Colisão com objeto;Com Vítimas Feridas;Plena Noite;Crescente;Céu Claro;Dupla;Reta;Não;1;0;1;0;0;0;1;1;-22,47656315;-44,52710689;SPRF-RJ;DEL07-RJ;UOP02-DEL07-RJ
596596;26/04/2024;sexta-feira;19:10:00;PB;412;44,7;SAO JOAO DO CARIRI;Acessar a via sem observar a presença dos outros veículos;Colisão lateral sentido oposto;Com Vítimas Feridas;Plena Noite;Decrescente;Nublado;Simples;"Reta;Interseção de Vias";Não;3;0;2;0;1;0;2;2;-7,339356;-36,437454;SPRF-PB;DEL02-PB;UOP02-DEL02-PB
596597;26/04/2024;sexta-feira;16:23:00;RJ;465;20;NOVA IGUACU;Reação tardia ou ineficiente do condutor;Colisão frontal;Com Vítimas Feridas;Pleno dia;Crescente;Céu Claro;Simples;Reta;Não;2;0;1;0;1;0;1;2;-22,846828;-43,605339;SPRF-RJ;DEL06-RJ;UOP02-DEL06-RJ
596599;26/04/2024;sexta-feira;17:50:00;RS;116;318,7;BARRA DO RIBEIRO;Falta de elemento de contenção que evite a saída do leito carroçável;Saída de leito carroçável;Com Vítimas Feridas;Plena Noite;Crescente;Nublado;Dupla;"Retorno Regulamentado;Reta";Não;3;0;1;2;0;0;3;1;-30,27278604;-51,40935988;SPRF-RS;DEL02-RS;UOP01-DEL02-RS
596600;26/04/2024;sexta-feira;21:35:00;PA;163;984;SANTAREM;Conversão proibida;Colisão transversal;Com Vítimas Feridas;Plena Noite;Decrescente;Nublado;Simples;"Reta;Em Obras";Não;2;0;1;0;0;1;1;2;-2,60947104;-54,72295996;SPRF-PA;DEL05-PA;UOP01-DEL05-PA
596601;26/04/2024;sexta-feira;18:29:00;MS;376;75;DEODAPOLIS;Manobra de mudança de faixa;Colisão frontal;Com Vítimas Feridas;Plena Noite;Crescente;Céu Claro;Simples;Aclive;Não;4;0;4;0;0;0;4;2;-22,33554509;-54,19409878;SPRF-MS;DEL04-MS;UOP04-DEL04-MS
596603;26/04/2024;sexta-feira;20:43:00;PR;116;113;CURITIBA;Reação tardia ou ineficiente do condutor;Tombamento;Com Vítimas Feridas;Plena Noite;Crescente;Céu Claro;Dupla;Reta;Não;2;0;1;0;1;0;1;1;-25,56513636;-49,24675108;SPRF-PR;DEL01-PR;UOP07-DEL01-PR
596604;26/04/2024;sexta-feira;17:20:00;MA;135;19,5;SAO LUIS;Reação tardia ou ineficiente do condutor;Colisão frontal;Com Vítimas Feridas;Pleno dia;Crescente;Chuva;Simples;"Declive;Curva";Sim;3;0;1;0;2;0;1;3;-2,53073;-44,3068;SPRF-MA;DEL01-MA;UOP01-DEL01-MA
596605;26/04/2024;sexta-feira;18:00:00;RJ;101;412;MANGARATIBA;Desrespeitar a preferência no cruzamento;Colisão transversal;Com Vítimas Feridas;Plena Noite;Crescente;Céu Claro;Múltipla;Interseção de Vias;Sim;1;0;1;0;0;0;1;1;-22,89720365;-43,85639217;SPRF-RJ;DEL03-RJ;UOP01-DEL03-RJ
596606;26/04/2024;sexta-feira;21:30:00;PR;277;609,8;SANTA TEREZA DO OESTE;Reação tardia ou ineficiente do condutor;Colisão transversal;Com Vítimas Feridas;Plena Noite;Decrescente;Céu Claro;Simples;Reta;Sim;2;0;1;0;1;0;1;2;-25,04783521;-53,61298988;SPRF-PR;DEL05-PR;UOP02-DEL05-PR
596607;26/04/2024;sexta-feira;21:08:00;MT;163;821;SINOP;Transitar no Acostamento;Atropelamento de Pedestre;Com Vítimas Feridas;Plena Noite;Crescente;Céu Claro;Simples;Reta;Não;2;0;1;0;0;1;1;2;-12,112411;-55,51673304;SPRF-MT;DEL06-MT;UOP02-DEL06-MT
596608;26/04/2024;sexta-feira;20:30:00;ES;259;85,8;BAIXO GUANDU;Velocidade Incompatível;Colisão lateral mesmo sentido;Com Vítimas Feridas;Plena Noite;Crescente;Céu Claro;Simples;"Reta;Aclive";Não;6;0;5;1;0;0;6;2;-19,50982246;-40,87770788;SPRF-ES;DEL02-ES;UOP01-DEL02-ES
596610;26/04/2024;sexta-feira;19:30:00;AC;317;87;SENADOR GUIOMARD;Animais na Pista;Atropelamento de Animal;Com Vítimas Feridas;Plena Noite;Crescente;Céu Claro;Simples;Reta;Não;1;0;1;0;0;0;1;1;-10,12947808;-67,69748898;SPRF-AC;DEL01-AC;UOP01-DEL01-AC
596611;26/04/2024;sexta-feira;21:00:00;SP;381;22;BRAGANCA PAULISTA;Ingestão de álcool pelo condutor;Colisão traseira;Sem Vítimas;Plena Noite;Decrescente;Céu Claro;Dupla;Reta;Não;2;0;0;0;2;0;0;2;-22,99697186;-46,5163051;SPRF-SP;DEL03-SP;UOP02-DEL03-SP
596613;26/04/2024;sexta-feira;21:48:00;MT;163;835;SINOP;Acessar a via sem observar a presença dos outros veículos;Colisão transversal;Sem Vítimas;Plena Noite;Decrescente;Céu Claro;Simples;Rotatória;Sim;5;0;0;0;5;0;0;2;-11,986895;-55,517033;SPRF-MT;DEL06-MT;UOP02-DEL06-MT
596614;26/04/2024;sexta-feira;22:00:00;MG;40;661;CARANDAI;Reação tardia ou ineficiente do condutor;Colisão com objeto;Com Vítimas Feridas;Plena Noite;Decrescente;Céu Claro;Simples;"Curva;Aclive";Não;1;0;1;0;0;0;1;1;-20,90511396;-43,82787922;SPRF-MG;DEL05-MG;UOP02-DEL05-MG
596615;26/04/2024;sexta-feira;22:25:00;MG;381;850;POUSO ALEGRE;Demais falhas mecânicas ou elétricas;Saída de leito carroçável;Sem Vítimas;Plena Noite;Decrescente;Céu Claro;Múltipla;"Interseção de Vias;Viaduto";Sim;2;0;0;0;2;0;0;1;-22,24210595;-45,8817215;SPRF-MG;DEL16-MG;UOP01-DEL16-MG
596616;26/04/2024;sexta-feira;21:15:00;PI;316;314;PICOS;Ausência de reação do condutor;Colisão traseira;Com Vítimas Feridas;Plena Noite;Crescente;Céu Claro;Simples;Reta;Sim;3;0;2;0;1;0;2;2;-7,0776992;-41,44117384;SPRF-PI;DEL04-PI;UOP01-DEL04-PI
596617;26/04/2024;sexta-feira;22:45:00;RJ;40;85;PETROPOLIS;Condutor deixou de manter distância do veículo da frente;Colisão lateral mesmo sentido;Sem Vítimas;Plena Noite;Decrescente;Céu Claro;Dupla;Curva;Não;2;0;0;0;2;0;0;2;-22,52850694;-43,2349802;SPRF-RJ;DEL01-RJ;UOP01-DEL01-RJ
596619;26/04/2024;sexta-feira;18:25:00;PE;232;158,3;TACAIMBO;Ausência de reação do condutor;Saída de leito carroçável;Sem Vítimas;Plena Noite;Decrescente;Nublado;Simples;Reta;Não;1;0;0;0;0;1;0;1;-8,33051268;-36,23532702;SPRF-PE;DEL03-PE;UOP02-DEL03-PE
596621;26/04/2024;sexta-feira;22:07:00;GO;40;5;VALPARAISO DE GOIAS;Ingestão de álcool pelo condutor;Colisão transversal;Com Vítimas Feridas;Plena Noite;Decrescente;Ignorado;Dupla;Reta;Sim;2;0;0;1;1;0;1;2;-16,093134;-47,982236;SPRF-DF;DEL01-DF;UOP01-DEL01-DF
596622;26/04/2024;sexta-feira;21:15:00;MS;376;165,8;NOVA ANDRADINA;Animais na Pista;Atropelamento de Animal;Com Vítimas Fatais;Plena Noite;Crescente;Céu Claro;Simples;Reta;Não;2;1;0;1;0;0;1;1;-22,31130481;-53,40508306;SPRF-MS;DEL04-MS;UOP04-DEL04-MS
596626;26/04/2024;sexta-feira;22:00:00;RJ;116;207;SEROPEDICA;Condutor deixou de manter distância do veículo da frente;Colisão traseira;Com Vítimas Fatais;Plena Noite;Decrescente;Nublado;Dupla;Reta;Não;2;1;0;0;0;1;0;2;-22,72454443;-43,66145706;SPRF-RJ;DEL06-RJ;UOP02-DEL06-RJ
596627;27/04/2024;sábado;00:24:00;TO;153;702;CARIRI DO TOCANTINS;Demais falhas mecânicas ou elétricas;Queda de ocupante de veículo;Com Vítimas Feridas;Plena Noite;Crescente;Céu Claro;Simples;Reta;Não;2;0;2;0;0;0;2;1;-11,96911979;-49,2029167;SPRF-TO;DEL01-TO;UOP02-DEL01-TO
596628;27/04/2024;sábado;00:50:00;SC;282;206;LAGES;Velocidade Incompatível;Atropelamento de Animal;Sem Vítimas;Plena Noite;Crescente;Garoa/Chuvisco;Simples;"Reta;Aclive";Não;1;0;0;0;1;0;0;1;-27,771982;-50,192139;SPRF-SC;DEL05-SC;UOP01-DEL05-SC
596629;26/04/2024;sexta-feira;22:40:00;MG;116;480,5;DOM CAVATI;Velocidade Incompatível;Colisão traseira;Com Vítimas Feridas;Plena Noite;Decrescente;Céu Claro;Simples;Reta;Sim;2;0;1;0;1;0;1;2;-19,39396202;-42,11351393;SPRF-MG;DEL06-MG;UOP02-DEL06-MG
596630;27/04/2024;sábado;01:20:00;SP;116;146;SAO JOSE DOS CAMPOS;Reação tardia ou ineficiente do condutor;Colisão traseira;Com Vítimas Feridas;Plena Noite;Decrescente;Céu Claro;Múltipla;Reta;Não;3;0;2;0;1;0;2;2;-23,19122919;-45,86327591;SPRF-SP;DEL02-SP;UOP01-DEL02-SP
596631;27/04/2024;sábado;00:40:00;SC;480;126,3;CHAPECO;Animais na Pista;Atropelamento de Animal;Sem Vítimas;Plena Noite;Crescente;Céu Claro;Dupla;Reta;Sim;1;0;0;0;0;1;0;1;-27,020083;-52,636024;SPRF-SC;DEL07-SC;UOP01-DEL07-SC
596632;27/04/2024;sábado;00:20:00;SC;282;69;RANCHO QUEIMADO;Velocidade Incompatível;Saída de leito carroçável;Com Vítimas Feridas;Plena Noite;Decrescente;Nevoeiro/Neblina;Simples;"Curva;Declive";Não;1;0;1;0;0;0;1;1;-27,690144;-49,083813;SPRF-SC;DEL01-SC;UOP03-DEL01-SC
596633;26/04/2024;sexta-feira;20:15:00;MA;10;197,2;RIBAMAR FIQUENE;Ingestão de álcool pelo condutor;Colisão frontal;Com Vítimas Feridas;Plena Noite;Decrescente;Ignorado;Simples;Reta;Não;5;0;3;0;1;1;3;2;-5,99197;-47,383247;SPRF-MA;DEL04-MA;UOP02-DEL04-MA
596634;27/04/2024;sábado;00:10:00;PR;476;119,3;COLOMBO;Ingestão de álcool pelo condutor;Colisão traseira;Sem Vítimas;Plena Noite;Crescente;Céu Claro;Dupla;Reta;Sim;2;0;0;0;2;0;0;2;-25,36582;-49,187094;SPRF-PR;DEL01-PR;UOP01-DEL01-PR
596635;27/04/2024;sábado;00:30:00;RS;158;379,5;DILERMANDO DE AGUIAR;Animais na Pista;Atropelamento de Animal;Sem Vítimas;Plena Noite;Crescente;Céu Claro;Simples;Reta;Não;2;0;0;0;2;0;0;1;-29,873225;-54,261354;SPRF-RS;DEL09-RS;UOP01-DEL09-RS
596636;26/04/2024;sexta-feira;17:20:00;RJ;465;20;NOVA IGUACU;Ausência de reação do condutor;Colisão transversal;Com Vítimas Feridas;Pleno dia;Decrescente;Nublado;Simples;Reta;Sim;2;0;1;0;1;0;1;2;-22,846828;-43,605339;SPRF-RJ;DEL06-RJ;UOP02-DEL06-RJ
596638;27/04/2024;sábado;02:15:00;RS;285;566,5;SAO LUIZ GONZAGA;Ingestão de álcool pelo condutor;Colisão com objeto;Com Vítimas Feridas;Plena Noite;Crescente;Céu Claro;Simples;"Reta;Ponte";Sim;1;0;1;0;0;0;1;1;-28,41780565;-54,94161844;SPRF-RS;DEL10-RS;UOP01-DEL10-RS
596639;27/04/2024;sábado;02:30:00;MG;381;496,8;BETIM;Ausência de reação do condutor;Colisão traseira;Sem Vítimas;Plena Noite;Crescente;Céu Claro;Simples;Curva;Sim;2;0;0;0;1;1;0;2;-19,99676497;-44,20958506;SPRF-MG;DEL01-MG;UOP03-DEL01-MG
596642;27/04/2024;sábado;03:35:00;MG;40;463;SETE LAGOAS;Animais na Pista;Atropelamento de Animal;Com Vítimas Feridas;Plena Noite;Crescente;Céu Claro;Dupla;"Reta;Declive";Não;1;0;0;1;0;0;1;1;-19,42224803;-44,33870213;SPRF-MG;DEL02-MG;UOP01-DEL02-MG
596645;27/04/2024;sábado;03:20:00;SC;101;195,9;BIGUACU;Demais falhas mecânicas ou elétricas;Incêndio;Sem Vítimas;Plena Noite;Crescente;Céu Claro;Dupla;Reta;Sim;1;0;0;0;1;0;0;1;-27,5047092;-48,65010819;SPRF-SC;DEL01-SC;UOP01-DEL01-SC
596646;27/04/2024;sábado;01:30:00;PR;376;373;ORTIGUEIRA;Velocidade Incompatível;Saída de leito carroçável;Com Vítimas Feridas;Plena Noite;Crescente;Céu Claro;Simples;Curva;Não;2;0;2;0;0;0;2;1;-24,39914107;-50,78383753;SPRF-PR;DEL07-PR;UOP02-DEL07-PR
596649;27/04/2024;sábado;04:15:00;RS;386;342,4;LAJEADO;Ingestão de álcool pelo condutor;Saída de leito carroçável;Sem Vítimas;Plena Noite;Crescente;Céu Claro;Simples;"Interseção de Vias;Retorno Regulamentado;Em Obras";Sim;1;0;0;0;1;0;0;1;-29,434001;-52,007891;SPRF-RS;DEL04-RS;UOP01-DEL04-RS
596651;27/04/2024;sábado;04:10:00;PE;232;14,5;JABOATAO DOS GUARARAPES;Animais na Pista;Atropelamento de Animal;Com Vítimas Feridas;Amanhecer;Decrescente;Nublado;Dupla;Reta;Sim;2;0;0;1;1;0;1;1;-8,090578;-35,025322;SPRF-PE;DEL01-PE;UOP01-DEL01-PE
596652;27/04/2024;sábado;04:19:00;PE;408;94;SAO LOURENCO DA MATA;Ingestão de álcool pelo condutor;Capotamento;Sem Vítimas;Amanhecer;Decrescente;Céu Claro;Dupla;"Curva;Declive";Sim;1;0;0;0;1;0;0;1;-8,00448211;-35,04643006;SPRF-PE;DEL01-PE;UOP01-DEL01-PE
596653;27/04/2024;sábado;04:20:00;PI;316;385;ALEGRETE DO PIAUI;Transitar na contramão;Colisão lateral sentido oposto;Com Vítimas Feridas;Plena Noite;Crescente;Céu Claro;Simples;Reta;Não;5;0;1;0;4;0;1;2;-7,24435598;-40,86016897;SPRF-PI;DEL04-PI;UOP03-DEL04-PI
596654;27/04/2024;sábado;05:30:00;SP;116;230;SAO PAULO;Ausência de reação do condutor;Colisão traseira;Sem Vítimas;Amanhecer;Decrescente;Céu Claro;Múltipla;Reta;Sim;2;0;0;0;2;0;0;2;-23,52251783;-46,5855702;SPRF-SP;DEL01-SP;UOP01-DEL01-SP
596655;27/04/2024;sábado;04:20:00;PR;476;147;CURITIBA;Animais na Pista;Atropelamento de Animal;Com Vítimas Feridas;Plena Noite;Crescente;Nublado;Dupla;Reta;Sim;1;0;1;0;0;0;1;1;-25,554628;-49,339268;SPRF-PR;DEL01-PR;UOP06-DEL01-PR
596656;27/04/2024;sábado;04:40:00;PR;277;332;GUARAPUAVA;Ausência de reação do condutor;Colisão com objeto;Sem Vítimas;Plena Noite;Decrescente;Céu Claro;Dupla;Reta;Sim;1;0;0;0;1;0;0;1;-25,36964786;-51,32653697;SPRF-PR;DEL08-PR;UOP01-DEL08-PR
596658;27/04/2024;sábado;05:00:00;MS;158;333;BRASILANDIA;Ingestão de álcool pelo condutor;Queda de ocupante de veículo;Com Vítimas Feridas;Amanhecer;Crescente;Céu Claro;Simples;Reta;Não;1;0;1;0;0;0;1;1;-21,20106126;-52,00162863;SPRF-MS;DEL07-MS;UOP01-DEL07-MS
596659;27/04/2024;sábado;06:00:00;SP;381;61,5;MAIRIPORA;Ausência de reação do condutor;Engavetamento;Com Vítimas Feridas;Amanhecer;Decrescente;Nevoeiro/Neblina;Dupla;"Aclive;Curva";Não;4;0;2;1;1;0;3;3;-23,29202991;-46,57606309;SPRF-SP;DEL03-SP;UOP01-DEL03-SP
596662;26/04/2024;sexta-feira;19:50:00;BA;324;440;RIACHAO DO JACUIPE;Condutor deixou de manter distância do veículo da frente;Colisão traseira;Com Vítimas Feridas;Plena Noite;Decrescente;Céu Claro;Simples;Reta;Sim;2;0;2;0;0;0;2;2;-11,81728368;-39,37651582;SPRF-BA;DEL02-BA;UOP01-DEL02-BA
596663;27/04/2024;sábado;06:05:00;SE;101;84,3;NOSSA SENHORA DO SOCORRO;Ausência de reação do condutor;Queda de ocupante de veículo;Com Vítimas Feridas;Pleno dia;Decrescente;Nublado;Dupla;Reta;Não;1;0;0;1;0;0;1;1;-10,835002;-37,13775504;SPRF-SE;DEL01-SE;UOP01-DEL01-SE
596665;27/04/2024;sábado;06:10:00;RS;290;184,2;MINAS DO LEAO;Condutor deixou de manter distância do veículo da frente;Colisão traseira;Sem Vítimas;Amanhecer;Decrescente;Céu Claro;Simples;Reta;Não;2;0;0;0;2;0;0;2;-30,14566;-52,053452;SPRF-RS;DEL02-RS;UOP03-DEL02-RS
596666;27/04/2024;sábado;05:00:00;RJ;101;180;RIO DAS OSTRAS;Condutor Dormindo;Colisão com objeto;Sem Vítimas;Amanhecer;Crescente;Céu Claro;Simples;Curva;Não;2;0;0;0;2;0;0;1;-22,40868134;-41,99838761;SPRF-RJ;DEL08-RJ;UOP04-DEL08-RJ
596667;27/04/2024;sábado;05:50:00;SC;280;237;CANOINHAS;Ausência de reação do condutor;Saída de leito carroçável;Sem Vítimas;Amanhecer;Decrescente;Nublado;Simples;Reta;Não;1;0;0;0;0;1;0;1;-26,19844599;-50,43216601;SPRF-SC;DEL06-SC;UOP04-DEL06-SC
596668;27/04/2024;sábado;06:30:00;SC;101;152,5;PORTO BELO;Reação tardia ou ineficiente do condutor;Queda de ocupante de veículo;Com Vítimas Feridas;Pleno dia;Decrescente;Céu Claro;Múltipla;Reta;Sim;1;0;1;0;0;0;1;1;-27,13563503;-48,61004665;SPRF-SC;DEL04-SC;UOP03-DEL04-SC
596669;27/04/2024;sábado;06:05:00;PR;153;29,7;SANTO ANTONIO DA PLATINA;Ingestão de álcool pelo condutor;Colisão com objeto;Sem Vítimas;Amanhecer;Crescente;Céu Claro;Simples;Curva;Não;1;0;0;0;1;0;0;1;-23,21844118;-50,00194402;SPRF-PR;DEL07-PR;UOP04-DEL07-PR
596674;27/04/2024;sábado;07:10:00;RJ;101;75;CAMPOS DOS GOYTACAZES;Reação tardia ou ineficiente do condutor;Tombamento;Com Vítimas Feridas;Pleno dia;Decrescente;Céu Claro;Simples;Reta;Não;2;0;1;0;1;0;1;1;-21,816525;-41,397686;SPRF-RJ;DEL08-RJ;UOP02-DEL08-RJ
596675;27/04/2024;sábado;07:30:00;MG;381;340;NOVA ERA;Ingestão de álcool pelo condutor;Saída de leito carroçável;Com Vítimas Feridas;Pleno dia;Crescente;Céu Claro;Simples;Curva;Não;3;0;2;1;0;0;3;1;-19,84087497;-43,09635354;SPRF-MG;DEL03-MG;UOP01-DEL03-MG
596678;27/04/2024;sábado;07:20:00;RS;158;568,6;SANTANA DO LIVRAMENTO;Ingestão de álcool pelo condutor;Capotamento;Com Vítimas Feridas;Amanhecer;Crescente;Chuva;Simples;Reta;Sim;4;0;2;0;2;0;2;1;-30,89333002;-55,50767668;SPRF-RS;DEL11-RS;UOP01-DEL11-RS
596680;27/04/2024;sábado;08:00:00;GO;60;34,1;GOIANIA;Ausência de reação do condutor;Colisão transversal;Com Vítimas Feridas;Pleno dia;Decrescente;Céu Claro;Dupla;Aclive;Não;2;0;2;0;0;0;2;2;-16,71363411;-49,35655117;SPRF-DF;DEL03-DF;UOP01-DEL03-DF
596682;27/04/2024;sábado;08:28:00;RS;290;23,7;SANTO ANTONIO DA PATRULHA;Reação tardia ou ineficiente do condutor;Saída de leito carroçável;Com Vítimas Feridas;Pleno dia;Crescente;Céu Claro;Dupla;Reta;Não;2;0;1;1;0;0;2;1;-29,885357;-50,484364;SPRF-RS;DEL03-RS;UOP01-DEL03-RS
596685;27/04/2024;sábado;07:00:00;PE;104;71;CARUARU;Acessar a via sem observar a presença dos outros veículos;Colisão traseira;Com Vítimas Feridas;Pleno dia;Crescente;Nublado;Dupla;"Retorno Regulamentado;Aclive";Não;2;0;1;0;1;0;1;2;-8,3333;-35,9814;SPRF-PE;DEL02-PE;UOP01-DEL02-PE
596686;27/04/2024;sábado;09:00:00;MG;262;862;CAMPO FLORIDO;Acostamento em desnível;Tombamento;Com Vítimas Feridas;Pleno dia;Crescente;Céu Claro;Dupla;Reta;Não;1;0;1;0;0;0;1;1;-19,78880474;-48,41294808;SPRF-MG;DEL13-MG;UOP01-DEL13-MG
596687;27/04/2024;sábado;09:10:00;RJ;116;176;SAO JOAO DE MERITI;Ausência de reação do condutor;Saída de leito carroçável;Com Vítimas Feridas;Pleno dia;Crescente;Céu Claro;Dupla;Reta;Sim;2;0;1;0;1;0;1;2;-22,78427019;-43,38136733;SPRF-RJ;DEL06-RJ;UOP01-DEL06-RJ
596689;27/04/2024;sábado;07:12:00;DF;70;7,2;BRASILIA;Manobra de mudança de faixa;Colisão transversal;Com Vítimas Feridas;Pleno dia;Crescente;Céu Claro;Dupla;Reta;Sim;2;0;1;0;0;1;1;2;-15,787601;-48,114429;SPRF-DF;DEL03-DF;UOP02-DEL03-DF
596690;27/04/2024;sábado;08:09:00;MA;230;339,3;SAO RAIMUNDO DAS MANGABEIRAS;Reação tardia ou ineficiente do condutor;Colisão traseira;Com Vítimas Feridas;Pleno dia;Decrescente;Céu Claro;Simples;"Reta;Aclive";Não;2;0;1;0;1;0;1;2;-7,11880929;-45,66687785;SPRF-MA;DEL05-MA;UOP01-DEL05-MA
596691;27/04/2024;sábado;07:30:00;PR;369;44;BANDEIRANTES;Ingestão de álcool pelo condutor;Colisão lateral mesmo sentido;Sem Vítimas;Pleno dia;Decrescente;Céu Claro;Simples;Reta;Sim;3;0;0;0;3;0;0;3;-23,11026053;-50,37296187;SPRF-PR;DEL07-PR;UOP05-DEL07-PR
596693;27/04/2024;sábado;09:10:00;SP;116;160,8;JACAREI;Trafegar com motocicleta (ou similar) entre as faixas;Colisão lateral mesmo sentido;Com Vítimas Feridas;Pleno dia;Decrescente;Céu Claro;Múltipla;Reta;Sim;3;0;1;0;2;0;1;3;-23,27101606;-45,96787896;SPRF-SP;DEL02-SP;UOP01-DEL02-SP
596695;27/04/2024;sábado;09:20:00;SC;282;16,5;PALHOCA;Manobra de mudança de faixa;Colisão lateral mesmo sentido;Com Vítimas Feridas;Pleno dia;Decrescente;Céu Claro;Simples;Reta;Sim;3;0;1;0;2;0;1;2;-27,658611;-48,681847;SPRF-SC;DEL01-SC;UOP02-DEL01-SC
596696;27/04/2024;sábado;08:48:00;RN;101;100;PARNAMIRIM;Acesso irregular;Colisão lateral mesmo sentido;Com Vítimas Feridas;Pleno dia;Decrescente;Sol;Múltipla;"Reta;Interseção de Vias";Sim;2;0;1;0;1;0;1;2;-5,88106901;-35,22542396;SPRF-RN;DEL01-RN;UOP01-DEL01-RN
596697;27/04/2024;sábado;06:18:00;SC;282;407,5;CATANDUVAS;Ingestão de álcool pelo condutor;Colisão frontal;Com Vítimas Fatais;Amanhecer;Decrescente;Céu Claro;Simples;"Curva;Declive";Não;7;1;1;0;4;1;1;2;-27,086405;-51,661671;SPRF-SC;DEL07-SC;UOP05-DEL07-SC
596698;08/04/2024;segunda-feira;05:30:00;RN;406;92,4;JOAO CAMARA;Condutor Dormindo;Colisão lateral sentido oposto;Com Vítimas Feridas;Pleno dia;Crescente;Chuva;Simples;Reta;Não;7;0;0;2;5;0;2;2;-5,49108323;-35,89730318;SPRF-RN;DEL02-RN;UOP01-DEL02-RN
596699;27/04/2024;sábado;09:00:00;MT;70;1;BARRA DO GARCAS;Ausência de reação do condutor;Colisão lateral mesmo sentido;Com Vítimas Feridas;Pleno dia;Decrescente;Céu Claro;Simples;Reta;Sim;3;0;2;0;1;0;2;2;-15,89164596;-52,26202884;SPRF-MT;DEL07-MT;UOP01-DEL07-MT
596701;26/04/2024;sexta-feira;14:30:00;MA;135;348,5;PRESIDENTE DUTRA;Ausência de reação do condutor;Colisão traseira;Com Vítimas Feridas;Pleno dia;Decrescente;Céu Claro;Simples;"Aclive;Reta;Em Obras";Não;3;0;1;1;1;0;2;2;-5,35861999;-44,47063598;SPRF-MA;DEL06-MA;UOP01-DEL06-MA
596704;27/04/2024;sábado;09:40:00;MG;459;34,5;CALDAS;Demais falhas mecânicas ou elétricas;Incêndio;Sem Vítimas;Pleno dia;Decrescente;Céu Claro;Simples;"Curva;Declive";Sim;1;0;0;0;1;0;0;1;-21,943037;-46,349136;SPRF-MG;DEL09-MG;UOP01-DEL09-MG
596705;27/04/2024;sábado;07:59:00;RN;110;78,1;GOVERNADOR DIX-SEPT ROSADO;Condutor Dormindo;Saída de leito carroçável;Com Vítimas Fatais;Pleno dia;Crescente;Céu Claro;Simples;Reta;Não;1;1;0;0;0;0;0;1;-5,470569;-37,32649;SPRF-RN;DEL04-RN;UOP01-DEL04-RN
596706;27/04/2024;sábado;07:20:00;RJ;101;299;SAO GONCALO;Reação tardia ou ineficiente do condutor;Colisão traseira;Com Vítimas Feridas;Pleno dia;Decrescente;Céu Claro;Dupla;Reta;Não;2;0;0;1;1;0;1;2;-22,77432673;-42,93823207;SPRF-RJ;DEL02-RJ;UOP02-DEL02-RJ
596707;27/04/2024;sábado;10:25:00;SC;101;203,8;SAO JOSE;Acessar a via sem observar a presença dos outros veículos;Colisão transversal;Com Vítimas Feridas;Pleno dia;Decrescente;Sol;Simples;Viaduto;Sim;2;0;1;0;0;1;1;2;-27,5650044;-48,61460082;SPRF-SC;DEL01-SC;UOP01-DEL01-SC
596710;27/04/2024;sábado;10:40:00;SP;381;53;MAIRIPORA;Ausência de reação do condutor;Queda de ocupante de veículo;Com Vítimas Feridas;Pleno dia;Crescente;Céu Claro;Dupla;Reta;Não;2;0;2;0;0;0;2;1;-23,23727986;-46,59981085;SPRF-SP;DEL03-SP;UOP01-DEL03-SP