id;data_inversa;dia_semana;horario;uf;br;km;municipio;causa_acidente;tipo_acidente;classificacao_acidente;fase_dia;sentido_via;condicao_metereologica;tipo_pista;tracado_via;uso_solo;pessoas;mortos;feridos_leves;feridos_graves;ilesos;ignorados;feridos;veiculos;latitude;longitude;regional;delegacia;uop
596711;22/02/2024;quinta-feira;18:40:00;MS;262;6;TRES LAGOAS;Pista esburacada;Tombamento;Com Vítimas Feridas;Plena Noite;Decrescente;Céu Claro;Dupla;Reta;Sim;1;0;1;0;0;0;1;1;-20,78514516;-51,67434454;SPRF-MS;DEL07-MS;UOP01-DEL07-MS
596712;27/04/2024;sábado;08:00:00;MG;116;579,3;MANHUACU;Reação tardia ou ineficiente do condutor;Colisão frontal;Com Vítimas Fatais;Pleno dia;Crescente;Chuva;Simples;"Curva;Declive";Não;2;1;1;0;0;0;1;2;-20,17836097;-42,18664844;SPRF-MG;DEL06-MG;UOP03-DEL06-MG
596713;27/04/2024;sábado;10:55:00;SC;101;206;SAO JOSE;Reação tardia ou ineficiente do condutor;Colisão traseira;Com Vítimas Feridas;Pleno dia;Crescente;Céu Claro;Múltipla;"Reta;Aclive";Sim;2;0;1;0;1;0;1;2;-27,59193546;-48,61824557;SPRF-SC;DEL01-SC;UOP01-DEL01-SC
596716;27/04/2024;sábado;09:15:00;RO;364;237,7;CACOAL;Acessar a via sem observar a presença dos outros veículos;Colisão transversal;Com Vítimas Feridas;Pleno dia;Crescente;Céu Claro;Simples;Retorno Regulamentado;Sim;2;0;1;0;1;0;1;2;-11,439719;-61,453161;SPRF-RO;DEL02-RO;UOP02-DEL02-RO
596719;27/04/2024;sábado;08:35:00;RJ;116;211;SEROPEDICA;Velocidade Incompatível;Colisão traseira;Com Vítimas Feridas;Pleno dia;Crescente;Céu Claro;Dupla;Reta;Não;5;0;2;0;3;0;2;2;-22,71844298;-43,700897;SPRF-RJ;DEL06-RJ;UOP02-DEL06-RJ
596720;27/04/2024;sábado;11:31:00;PB;230;20;JOAO PESSOA;Reação tardia ou ineficiente do condutor;Tombamento;Com Vítimas Feridas;Pleno dia;Decrescente;Céu Claro;Dupla;Curva;Não;2;0;2;0;0;0;2;1;-7,1337;-34,8544;SPRF-PB;DEL01-PB;UOP01-DEL01-PB
596721;27/04/2024;sábado;08:20:00;PI;343;304,7;ALTOS;Acessar a via sem observar a presença dos outros veículos;Colisão transversal;Com Vítimas Feridas;Pleno dia;Decrescente;Céu Claro;Simples;Reta;Sim;2;0;0;1;0;1;1;2;-5,028232;-42,437134;SPRF-PI;DEL01-PI;UOP01-DEL01-PI
596724;27/04/2024;sábado;10:15:00;SC;101;425,2;ARARANGUA;Desrespeitar a preferência no cruzamento;Colisão transversal;Com Vítimas Feridas;Pleno dia;Decrescente;Sol;Simples;Interseção de Vias;Sim;3;0;1;1;0;1;2;2;-29,02640728;-49,60068583;SPRF-SC;DEL02-SC;UOP02-DEL02-SC
596726;27/04/2024;sábado;12:20:00;GO;40;0,5;VALPARAISO DE GOIAS;Entrada inopinada do pedestre;Atropelamento de Pedestre;Com Vítimas Feridas;Pleno dia;Crescente;Céu Claro;Múltipla;Reta;Sim;3;0;1;0;1;1;1;2;-16,058273;-47,982655;SPRF-DF;DEL01-DF;UOP01-DEL01-DF
596729;27/04/2024;sábado;12:30:00;MG;40;532;BELO HORIZONTE;Demais falhas mecânicas ou elétricas;Colisão traseira;Com Vítimas Feridas;Pleno dia;Decrescente;Céu Claro;Dupla;"Aclive;Reta";Sim;6;0;2;0;4;0;2;2;-19,92439582;-44,01468515;SPRF-MG;DEL01-MG;UOP02-DEL01-MG
596731;16/03/2024;sábado;16:55:00;SC;101;215;PALHOCA;Reação tardia ou ineficiente do condutor;Colisão com objeto;Com Vítimas Feridas;Pleno dia;Decrescente;Céu Claro;Múltipla;Reta;Não;2;0;1;0;1;0;1;2;-27,6951116;-48,661823;SPRF-SC;DEL01-SC;UOP02-DEL01-SC
596733;27/04/2024;sábado;06:00:00;PE;104;40;CARUARU;Ausência de reação do condutor;Saída de leito carroçável;Com Vítimas Feridas;Pleno dia;Crescente;Céu Claro;Dupla;Reta;Não;1;0;0;1;0;0;1;1;-8,08634;-36,03782;SPRF-PE;DEL02-PE;UOP01-DEL02-PE
596734;27/04/2024;sábado;12:45:00;SP;488;1;APARECIDA;Ausência de reação do condutor;Colisão traseira;Com Vítimas Feridas;Pleno dia;Decrescente;Céu Claro;Dupla;Reta;Não;2;0;1;0;1;0;1;2;-22,850164;-45,231808;SPRF-SP;DEL08-SP;UOP01-DEL08-SP
596735;25/04/2024;quinta-feira;18:50:00;RS;0;0;PORTO ALEGRE;Ausência de reação do condutor;Colisão lateral mesmo sentido;Sem Vítimas;Anoitecer;Não Informado;Céu Claro;Dupla;Reta;Não;1;0;0;0;1;0;0;1;-30,03086083;-51,21903849;SPRF-RS;DEL01-RS;N/A
596736;27/04/2024;sábado;13:30:00;DF;70;16;BRASILIA;Acessar a via sem observar a presença dos outros veículos;Colisão traseira;Com Vítimas Feridas;Pleno dia;Crescente;Sol;Dupla;Rotatória;Sim;2;0;1;0;1;0;1;2;-15,796144;-48,194225;SPRF-DF;DEL03-DF;UOP02-DEL03-DF
596739;27/04/2024;sábado;13:45:00;GO;60;105,9;GOIANAPOLIS;Demais falhas mecânicas ou elétricas;Incêndio;Sem Vítimas;Pleno dia;Decrescente;Céu Claro;Dupla;"Reta;Aclive";Não;1;0;0;0;0;1;0;1;-16,42177773;-49,01242825;SPRF-GO;DEL02-GO;UOP01-DEL02-GO
596742;27/04/2024;sábado;13:55:00;RS;116;302;GUAIBA;Ausência de reação do condutor;Tombamento;Com Vítimas Feridas;Pleno dia;Decrescente;Chuva;Simples;Desvio Temporário;Não;1;0;1;0;0;0;1;1;-30,13970487;-51,35942618;SPRF-RS;DEL02-RS;UOP01-DEL02-RS
596744;27/04/2024;sábado;11:15:00;SC;116;219,2;CORREIA PINTO;Acessar a via sem observar a presença dos outros veículos;Colisão lateral mesmo sentido;Com Vítimas Feridas;Pleno dia;Crescente;Sol;Simples;"Reta;Aclive";Não;2;0;0;1;0;1;1;2;-27,57012897;-50,37318791;SPRF-SC;DEL05-SC;UOP03-DEL05-SC
596745;27/04/2024;sábado;13:56:00;ES;259;62,8;COLATINA;Condutor deixou de manter distância do veículo da frente;Colisão lateral mesmo sentido;Com Vítimas Feridas;Pleno dia;Crescente;Céu Claro;Simples;Reta;Sim;3;0;1;1;1;0;2;2;-19,53124185;-40,68990791;SPRF-ES;DEL02-ES;UOP01-DEL02-ES
596747;27/04/2024;sábado;14:05:00;GO;153;338;JARAGUA;Objeto estático sobre o leito carroçável;Tombamento;Com Vítimas Feridas;Pleno dia;Decrescente;Céu Claro;Simples;Declive;Não;2;0;2;0;0;0;2;1;-15,579773;-49,416214;SPRF-GO;DEL02-GO;UOP02-DEL02-GO
596750;27/04/2024;sábado;12:40:00;MS;163;744;COXIM;Ausência de reação do condutor;Saída de leito carroçável;Com Vítimas Feridas;Pleno dia;Decrescente;Céu Claro;Simples;Reta;Não;1;0;1;0;0;0;1;1;-18,40063993;-54,67229416;SPRF-MS;DEL06-MS;UOP01-DEL06-MS
596751;27/04/2024;sábado;15:00:00;MG;459;72,4;SENADOR JOSE BENTO;Reação tardia ou ineficiente do condutor;Saída de leito carroçável;Com Vítimas Feridas;Pleno dia;Crescente;Céu Claro;Simples;"Declive;Curva";Não;1;0;1;0;0;0;1;1;-22,131153;-46,152573;SPRF-MG;DEL09-MG;UOP01-DEL09-MG
596752;27/04/2024;sábado;09:40:00;RJ;40;123;DUQUE DE CAXIAS;Acessar a via sem observar a presença dos outros veículos;Queda de ocupante de veículo;Com Vítimas Feridas;Pleno dia;Crescente;Céu Claro;Dupla;Reta;Sim;1;0;1;0;0;0;1;1;-22,79907687;-43,29015739;SPRF-RJ;DEL01-RJ;UOP02-DEL01-RJ
596754;27/04/2024;sábado;15:20:00;MG;365;590;ARAGUARI;Ausência de reação do condutor;Colisão traseira;Sem Vítimas;Pleno dia;Decrescente;Céu Claro;Simples;Reta;Não;2;0;0;0;2;0;0;2;-18,88309889;-48,04310394;SPRF-MG;DEL15-MG;UOP02-DEL15-MG
596755;27/04/2024;sábado;14:30:00;PR;369;178,3;ROLANDIA;Ausência de reação do condutor;Saída de leito carroçável;Com Vítimas Feridas;Pleno dia;Crescente;Céu Claro;Dupla;"Rotatória;Curva";Não;2;0;1;1;0;0;2;1;-23,35762208;-51,39550209;SPRF-PR;DEL07-PR;UOP01-DEL07-PR
596756;27/04/2024;sábado;10:00:00;RJ;101;321;NITEROI;Reação tardia ou ineficiente do condutor;Colisão com objeto;Com Vítimas Feridas;Pleno dia;Decrescente;Céu Claro;Dupla;Curva;Não;1;0;1;0;0;0;1;1;-22,86981096;-43,11046465;SPRF-RJ;DEL02-RJ;UOP01-DEL02-RJ
596757;27/04/2024;sábado;14:45:00;PB;230;367;MALTA;Condutor deixou de manter distância do veículo da frente;Colisão traseira;Com Vítimas Feridas;Pleno dia;Crescente;Céu Claro;Simples;Reta;Sim;5;0;1;0;4;0;1;2;-6,9048;-37,5252;SPRF-PB;DEL03-PB;UOP02-DEL03-PB
596758;27/04/2024;sábado;16:00:00;CE;116;7;FORTALEZA;Condutor deixou de manter distância do veículo da frente;Colisão traseira;Com Vítimas Feridas;Pleno dia;Crescente;Céu Claro;Múltipla;Curva;Sim;2;0;1;0;1;0;1;2;-3,81073099;-38,50074867;SPRF-CE;DEL01-CE;UOP02-DEL01-CE
596759;27/04/2024;sábado;15:45:00;SC;282;48;AGUAS MORNAS;Problema com o freio;Saída de leito carroçável;Com Vítimas Feridas;Pleno dia;Decrescente;Céu Claro;Simples;Curva;Não;1;0;1;0;0;0;1;1;-27,714352;-48,938072;SPRF-SC;DEL01-SC;UOP03-DEL01-SC
596760;26/03/2024;terça-feira;18:30:00;ES;101;276,6;SERRA;Entrada inopinada do pedestre;Atropelamento de Pedestre;Com Vítimas Fatais;Amanhecer;Decrescente;Céu Claro;Dupla;Reta;Sim;2;1;0;0;1;0;0;2;-20,2116483;-40,31907397;SPRF-ES;DEL02-ES;UOP01-DEL02-ES
596761;27/04/2024;sábado;12:15:00;SP;381;59;MAIRIPORA;Ingestão de substâncias psicoativas pelo condutor;Colisão traseira;Sem Vítimas;Pleno dia;Crescente;Sol;Dupla;Reta;Não;4;0;0;0;4;0;0;2;-23,28270705;-46,58787791;SPRF-SP;DEL03-SP;UOP01-DEL03-SP
596762;27/04/2024;sábado;16:34:00;SC;282;27;SANTO AMARO DA IMPERATRIZ;Ingestão de álcool pelo condutor;Colisão transversal;Sem Vítimas;Anoitecer;Decrescente;Céu Claro;Simples;Reta;Sim;2;0;0;0;2;0;0;2;-27,673981;-48,769676;SPRF-SC;DEL01-SC;UOP03-DEL01-SC
596763;27/04/2024;sábado;14:15:00;RS;153;531,4;CACAPAVA DO SUL;Reação tardia ou ineficiente do condutor;Saída de leito carroçável;Com Vítimas Feridas;Pleno dia;Crescente;Chuva;Simples;Reta;Não;2;0;2;0;0;0;2;1;-30,70501235;-53,49433473;SPRF-RS;DEL09-RS;UOP02-DEL09-RS
596764;27/04/2024;sábado;15:22:00;GO;153;111;SANTA TEREZA DE GOIAS;Reação tardia ou ineficiente do condutor;Saída de leito carroçável;Com Vítimas Feridas;Pleno dia;Crescente;Céu Claro;Simples;Declive;Não;2;0;2;0;0;0;2;1;-13,743605;-49,030827;SPRF-GO;DEL07-GO;UOP01-DEL07-GO
596765;27/04/2024;sábado;17:40:00;SP;116;42;CACHOEIRA PAULISTA;Manobra de mudança de faixa;Colisão traseira;Com Vítimas Feridas;Anoitecer;Crescente;Céu Claro;Dupla;Reta;Não;4;0;3;0;1;0;3;2;-22,69182132;-45,02240378;SPRF-SP;DEL08-SP;UOP02-DEL08-SP
596767;27/04/2024;sábado;16:30:00;PA;230;620;ALTAMIRA;Acessar a via sem observar a presença dos outros veículos;Colisão transversal;Com Vítimas Feridas;Pleno dia;Decrescente;Céu Claro;Simples;"Reta;Interseção de Vias";Não;2;0;2;0;0;0;2;2;-3,17136829;-52,12704778;SPRF-PA;DEL04-PA;UOP01-DEL04-PA
596769;27/04/2024;sábado;18:00:00;RN;406;166;SAO GONCALO DO AMARANTE;Condutor deixou de manter distância do veículo da frente;Colisão traseira;Com Vítimas Feridas;Plena Noite;Crescente;Céu Claro;Simples;Reta;Não;2;0;0;1;1;0;1;2;-5,7466896;-35,33149685;SPRF-RN;DEL02-RN;UOP01-DEL02-RN
596770;27/04/2024;sábado;17:15:00;PR;369;133;IBIPORA;Desrespeitar a preferência no cruzamento;Colisão transversal;Sem Vítimas;Pleno dia;Decrescente;Céu Claro;Dupla;"Curva;Interseção de Vias";Não;3;0;0;0;1;2;0;2;-23,26059485;-51,01271331;SPRF-PR;DEL07-PR;UOP01-DEL07-PR
596771;27/04/2024;sábado;16:30:00;SC;101;51;JOINVILLE;Ausência de reação do condutor;Queda de ocupante de veículo;Com Vítimas Feridas;Pleno dia;Decrescente;Céu Claro;Dupla;Reta;Não;1;0;1;0;0;0;1;1;-26,38506771;-48,84917582;SPRF-SC;DEL03-SC;UOP01-DEL03-SC
596772;27/04/2024;sábado;17:30:00;PR;476;343,5;PAULA FREITAS;Ingestão de álcool pelo condutor;Colisão transversal;Sem Vítimas;Anoitecer;Crescente;Nublado;Simples;Reta;Sim;2;0;0;0;2;0;0;2;-26,17821398;-50,91921473;SPRF-PR;DEL02-PR;UOP03-DEL02-PR
596773;27/04/2024;sábado;18:18:00;RS;285;341,2;CARAZINHO;Acessar a via sem observar a presença dos outros veículos;Colisão transversal;Com Vítimas Feridas;Anoitecer;Crescente;Nublado;Simples;Reta;Sim;5;0;2;0;3;0;2;2;-28,317753;-52,806843;SPRF-RS;DEL08-RS;UOP03-DEL08-RS
596776;27/04/2024;sábado;17:00:00;MG;356;264;MURIAE;Condutor deixou de manter distância do veículo da frente;Colisão lateral mesmo sentido;Com Vítimas Feridas;Pleno dia;Crescente;Sol;Simples;Reta;Sim;2;0;1;0;0;1;1;2;-21,12552649;-42,37547729;SPRF-MG;DEL05-MG;UOP01-DEL05-MG
596778;27/04/2024;sábado;16:00:00;RS;287;369,5;JAGUARI;Acumulo de água sobre o pavimento;Saída de leito carroçável;Com Vítimas Feridas;Pleno dia;Decrescente;Chuva;Simples;Curva;Não;1;0;1;0;0;0;1;1;-29,38874098;-54,74526309;SPRF-RS;DEL12-RS;UOP02-DEL12-RS
596779;27/04/2024;sábado;17:50:00;SP;116;110;TAUBATE;Reação tardia ou ineficiente do condutor;Tombamento;Com Vítimas Feridas;Anoitecer;Crescente;Céu Claro;Dupla;Reta;Sim;2;0;2;0;0;0;2;1;-23,03412614;-45,5526999;SPRF-SP;DEL02-SP;UOP02-DEL02-SP
596780;27/04/2024;sábado;18:26:00;BA;101;504;ITABUNA;Acessar a via sem observar a presença dos outros veículos;Colisão transversal;Com Vítimas Feridas;Plena Noite;Crescente;Garoa/Chuvisco;Simples;"Interseção de Vias;Reta;Declive";Sim;3;0;2;0;1;0;2;2;-14,94042206;-39,30397277;SPRF-BA;DEL05-BA;UOP01-DEL05-BA
596781;27/04/2024;sábado;19:40:00;MG;40;476,5;SETE LAGOAS;Afundamento ou ondulação no pavimento;Colisão com objeto;Com Vítimas Feridas;Plena Noite;Decrescente;Céu Claro;Dupla;"Retorno Regulamentado;Reta";Não;1;0;1;0;0;0;1;1;-19,51594851;-44,26861525;SPRF-MG;DEL02-MG;UOP01-DEL02-MG
596782;27/04/2024;sábado;19:20:00;SP;101;18;UBATUBA;Ausência de reação do condutor;Tombamento;Com Vítimas Feridas;Pleno dia;Decrescente;Céu Claro;Simples;Reta;Não;1;0;1;0;0;0;1;1;-23,31746811;-44,899601;SPRF-SP;DEL06-SP;UOP01-DEL06-SP
596783;27/04/2024;sábado;19:10:00;PR;277;76;SAO JOSE DOS PINHAIS;Condutor deixou de manter distância do veículo da frente;Colisão traseira;Com Vítimas Feridas;Plena Noite;Decrescente;Céu Claro;Dupla;Reta;Não;3;0;2;0;0;1;2;2;-25,4862103;-49,184979;SPRF-PR;DEL01-PR;UOP07-DEL01-PR
596785;27/04/2024;sábado;17:30:00;RS;116;136,9;CAXIAS DO SUL;Reação tardia ou ineficiente do condutor;Saída de leito carroçável;Com Vítimas Feridas;Anoitecer;Crescente;Garoa/Chuvisco;Simples;Curva;Não;1;0;1;0;0;0;1;1;-29,08122614;-51,11243248;SPRF-RS;DEL05-RS;UOP01-DEL05-RS
596786;27/04/2024;sábado;19:10:00;RS;158;194,6;CRUZ ALTA;Acessar a via sem observar a presença dos outros veículos;Colisão transversal;Sem Vítimas;Plena Noite;Crescente;Chuva;Simples;"Reta;Interseção de Vias";Sim;5;0;0;0;5;0;0;2;-28,63883986;-53,57203169;SPRF-RS;DEL10-RS;UOP02-DEL10-RS
596787;27/04/2024;sábado;19:45:00;BA;242;863;BARREIRAS;Ingestão de álcool pelo condutor;Colisão frontal;Com Vítimas Feridas;Plena Noite;Crescente;Chuva;Simples;"Reta;Declive";Não;6;0;2;2;2;0;4;2;-12,09594834;-45,37916805;SPRF-BA;DEL10-BA;UOP01-DEL10-BA
596788;27/04/2024;sábado;19:50:00;SP;116;103,6;TAUBATE;Avarias e/ou desgaste excessivo no pneu;Colisão com objeto;Com Vítimas Feridas;Plena Noite;Crescente;Céu Claro;Dupla;Reta;Não;1;0;1;0;0;0;1;1;-23,00106381;-45,50228119;SPRF-SP;DEL02-SP;UOP02-DEL02-SP
596789;27/04/2024;sábado;20:32:00;PB;230;1,6;CABEDELO;Acessar a via sem observar a presença dos outros veículos;Colisão frontal;Com Vítimas Feridas;Plena Noite;Decrescente;Céu Claro;Simples;Reta;Sim;2;0;0;1;1;0;1;2;-6,9753;-34,8318;SPRF-PB;DEL01-PB;UOP01-DEL01-PB
596790;27/04/2024;sábado;20:15:00;MG;365;625;UBERLANDIA;Ingestão de álcool pelo condutor;Colisão com objeto;Com Vítimas Feridas;Plena Noite;Decrescente;Céu Claro;Dupla;Reta;Sim;3;0;1;0;2;0;1;2;-18,90585472;-48,32526001;SPRF-MG;DEL15-MG;UOP01-DEL15-MG
596791;27/04/2024;sábado;16:30:00;AC;364;108;RIO BRANCO;Ultrapassagem Indevida;Colisão transversal;Com Vítimas Feridas;Pleno dia;Crescente;Céu Claro;Simples;Reta;Não;3;0;2;0;0;1;2;2;-10,02113175;-67,64916981;SPRF-AC;DEL01-AC;UOP01-DEL01-AC
596792;27/04/2024;sábado;16:45:00;PR;163;232,8;CASCAVEL;Velocidade Incompatível;Saída de leito carroçável;Com Vítimas Feridas;Pleno dia;Decrescente;Céu Claro;Dupla;"Reta;Aclive";Não;3;0;3;0;0;0;3;1;-24,78735793;-53,67782593;SPRF-PR;DEL04-PR;UOP01-DEL04-PR
596793;27/04/2024;sábado;19:30:00;RJ;116;138;MAGE;Ausência de reação do condutor;Colisão com objeto;Com Vítimas Feridas;Plena Noite;Crescente;Céu Claro;Múltipla;Reta;Não;2;0;1;0;0;1;1;2;-22,64697319;-43,19165101;SPRF-RJ;DEL04-RJ;UOP02-DEL04-RJ
596794;27/04/2024;sábado;19:10:00;PI;343;259,4;CAMPO MAIOR;Animais na Pista;Atropelamento de Animal;Com Vítimas Feridas;Plena Noite;Crescente;Céu Claro;Simples;Reta;Não;1;0;1;0;0;0;1;1;-4,80191719;-42,13634491;SPRF-PI;DEL01-PI;UOP03-DEL01-PI
596795;27/04/2024;sábado;20:30:00;BA;418;86,7;NOVA VICOSA;Desrespeitar a preferência no cruzamento;Colisão transversal;Com Vítimas Feridas;Plena Noite;Crescente;Céu Claro;Simples;"Reta;Rotatória";Sim;2;0;1;0;1;0;1;2;-17,89416138;-39,80761893;SPRF-BA;DEL09-BA;UOP02-DEL09-BA
596797;27/04/2024;sábado;18:15:00;SP;262;321;CASTILHO;Transitar na contramão;Colisão frontal;Com Vítimas Feridas;Plena Noite;Crescente;Céu Claro;Simples;Reta;Não;7;0;3;1;3;0;4;3;-20,78935176;-51,61112808;SPRF-MS;DEL07-MS;UOP01-DEL07-MS
596799;27/04/2024;sábado;20:40:00;RN;101;109;PARNAMIRIM;Ingestão de álcool pelo condutor;Colisão com objeto;Com Vítimas Feridas;Plena Noite;Crescente;Céu Claro;Múltipla;Reta;Sim;1;0;0;1;0;0;1;1;-5,937378;-35,26483;SPRF-RN;DEL01-RN;UOP01-DEL01-RN
596800;27/04/2024;sábado;20:10:00;PR;272;406;JANIOPOLIS;Ausência de reação do condutor;Saída de leito carroçável;Com Vítimas Feridas;Plena Noite;Crescente;Céu Claro;Simples;"Reta;Declive";Não;4;0;4;0;0;0;4;1;-24,11773088;-52,74501308;SPRF-PR;DEL09-PR;UOP03-DEL09-PR
596801;27/04/2024;sábado;19:20:00;CE;222;314;TIANGUA;Ingestão de álcool pelo condutor;Eventos atípicos;Com Vítimas Feridas;Plena Noite;Decrescente;Chuva;Múltipla;"Viaduto;Aclive";Sim;2;0;0;1;0;1;1;1;-3,73110045;-41,00095099;SPRF-CE;DEL04-CE;UOP02-DEL04-CE
596803;27/04/2024;sábado;20:45:00;RS;116;110,6;SAO MARCOS;Ingestão de álcool pelo condutor;Colisão traseira;Com Vítimas Feridas;Plena Noite;Decrescente;Chuva;Simples;"Reta;Aclive";Sim;3;0;1;0;2;0;1;2;-28,93751206;-51,09448306;SPRF-RS;DEL05-RS;UOP01-DEL05-RS
596804;27/04/2024;sábado;20:15:00;SP;116;88,7;PINDAMONHANGABA;Reação tardia ou ineficiente do condutor;Colisão traseira;Com Vítimas Feridas;Plena Noite;Crescente;Céu Claro;Dupla;Reta;Não;2;0;1;0;1;0;1;2;-22,93500994;-45,37019403;SPRF-SP;DEL08-SP;UOP01-DEL08-SP
596805;27/04/2024;sábado;18:55:00;AC;364;110;RIO BRANCO;Ingestão de álcool pelo condutor;Queda de ocupante de veículo;Com Vítimas Feridas;Plena Noite;Crescente;Céu Claro;Simples;Reta;Não;1;0;1;0;0;0;1;1;-10,01402531;-67,66508801;SPRF-AC;DEL01-AC;UOP01-DEL01-AC
596806;27/04/2024;sábado;19:30:00;PR;277;157,3;PORTO AMAZONAS;Ausência de reação do condutor;Saída de leito carroçável;Sem Vítimas;Plena Noite;Decrescente;Céu Claro;Simples;Rotatória;Não;1;0;0;0;0;1;0;1;-25,47289;-49,895964;SPRF-PR;DEL03-PR;UOP03-DEL03-PR
596807;27/04/2024;sábado;18:40:00;ES;262;95;DOMINGOS MARTINS;Desrespeitar a preferência no cruzamento;Colisão transversal;Com Vítimas Feridas;Plena Noite;Decrescente;Nublado;Simples;Interseção de Vias;Não;2;0;0;1;1;0;1;2;-20,3659225;-41,06040133;SPRF-ES;DEL01-ES;UOP02-DEL01-ES
596809;27/04/2024;sábado;20:40:00;RO;364;426;JARU;Ausência de reação do condutor;Saída de leito carroçável;Sem Vítimas;Plena Noite;Crescente;Céu Claro;Simples;"Reta;Interseção de Vias";Sim;1;0;0;0;1;0;0;1;-10,43069338;-62,48213213;SPRF-RO;DEL03-RO;UOP02-DEL03-RO
596810;27/04/2024;sábado;21:45:00;SC;470;92,3;APIUNA;Ingestão de álcool pelo condutor;Colisão com objeto;Com Vítimas Feridas;Plena Noite;Decrescente;Nublado;Simples;Reta;Sim;1;0;0;1;0;0;1;1;-26,98592;-49,373047;SPRF-SC;DEL04-SC;UOP01-DEL04-SC
596811;27/04/2024;sábado;19:20:00;AL;316;264;SATUBA;Pedestre - Ingestão de álcool/ substâncias psicoativas;Atropelamento de Pedestre;Com Vítimas Fatais;Plena Noite;Crescente;Céu Claro;Simples;Reta;Não;2;1;0;0;0;1;0;2;-9,58847626;-35,8696781;SPRF-AL;DEL02-AL;UOP01-DEL02-AL
596812;27/04/2024;sábado;18:49:00;PB;230;2;CABEDELO;Acessar a via sem observar a presença dos outros veículos;Colisão traseira;Sem Vítimas;Plena Noite;Crescente;Céu Claro;Dupla;Rotatória;Sim;4;0;0;0;4;0;0;2;-6,9837;-34,8295;SPRF-PB;DEL01-PB;UOP01-DEL01-PB
596814;27/04/2024;sábado;19:30:00;RS;386;294;POUSO NOVO;Pista Escorregadia;Queda de ocupante de veículo;Com Vítimas Feridas;Plena Noite;Crescente;Chuva;Simples;"Aclive;Curva";Não;1;0;1;0;0;0;1;1;-29,121178;-52,248886;SPRF-RS;DEL04-RS;UOP01-DEL04-RS
596817;27/04/2024;sábado;21:30:00;PR;369;137,6;IBIPORA;Desrespeitar a preferência no cruzamento;Atropelamento de Pedestre;Com Vítimas Feridas;Plena Noite;Crescente;Céu Claro;Simples;"Interseção de Vias;Reta";Sim;2;0;1;0;0;1;1;2;-23,27097363;-51,04824722;SPRF-PR;DEL07-PR;UOP01-DEL07-PR
596818;27/04/2024;sábado;21:30:00;SP;101;43;UBATUBA;Reação tardia ou ineficiente do condutor;Tombamento;Com Vítimas Feridas;Plena Noite;Decrescente;Céu Claro;Dupla;Reta;Não;1;0;1;0;0;0;1;1;-23,41217537;-45,05739148;SPRF-SP;DEL06-SP;UOP01-DEL06-SP
596819;27/04/2024;sábado;20:00:00;MG;116;313,1;ITAMBACURI;Condutor Dormindo;Saída de leito carroçável;Com Vítimas Feridas;Plena Noite;Decrescente;Nublado;Simples;"Reta;Ponte";Não;2;0;1;1;0;0;2;1;-18,09344397;-41,68893313;SPRF-MG;DEL11-MG;UOP01-DEL11-MG
596820;27/04/2024;sábado;12:15:00;AL;104;32,4;UNIAO DOS PALMARES;Pedestre andava na pista;Atropelamento de Pedestre;Com Vítimas Feridas;Pleno dia;Decrescente;Nublado;Simples;Reta;Não;2;0;0;1;0;1;1;2;-9,13743588;-36,01981091;SPRF-AL;DEL01-AL;UOP02-DEL01-AL
596821;27/04/2024;sábado;17:30:00;MA;316;384;BACABAL;Demais falhas na via;Queda de ocupante de veículo;Com Vítimas Feridas;Anoitecer;Decrescente;Chuva;Simples;Reta;Não;1;0;1;0;0;0;1;1;-4,202399;-44,5853;SPRF-MA;DEL03-MA;UOP01-DEL03-MA
596822;27/04/2024;sábado;20:45:00;RN;304;115;ITAJA;Animais na Pista;Atropelamento de Animal;Com Vítimas Feridas;Plena Noite;Decrescente;Céu Claro;Simples;Reta;Não;2;0;1;1;0;0;2;1;-5,61387215;-36,89679107;SPRF-RN;DEL04-RN;UOP01-DEL04-RN
596823;27/04/2024;sábado;22:30:00;PE;101;69;RECIFE;Condutor Dormindo;Queda de ocupante de veículo;Com Vítimas Feridas;Plena Noite;Crescente;Céu Claro;Dupla;Reta;Sim;1;0;1;0;0;0;1;1;-8,05951606;-34,94581024;SPRF-PE;DEL01-PE;UOP01-DEL01-PE
596824;27/04/2024;sábado;22:15:00;AL;104;87,7;RIO LARGO;Demais falhas mecânicas ou elétricas;Queda de ocupante de veículo;Com Vítimas Feridas;Plena Noite;Decrescente;Céu Claro;Dupla;Reta;Não;2;0;1;0;1;0;1;1;-9,47532901;-35,82160002;SPRF-AL;DEL01-AL;UOP01-DEL01-AL
596826;27/04/2024;sábado;19:55:00;SC;282;232,7;LAGES;Conversão proibida;Colisão transversal;Com Vítimas Feridas;Plena Noite;Decrescente;Nublado;Simples;Reta;Não;2;0;1;0;0;1;1;2;-27,785076;-50,445385;SPRF-SC;DEL05-SC;UOP02-DEL05-SC
596827;27/04/2024;sábado;21:35:00;MG;116;421,7;ALPERCATA;Desrespeitar a preferência no cruzamento;Colisão transversal;Com Vítimas Feridas;Plena Noite;Decrescente;Céu Claro;Simples;"Reta;Interseção de Vias";Não;3;0;0;1;2;0;1;2;-18,94533919;-41,95000648;SPRF-MG;DEL06-MG;UOP01-DEL06-MG