id;data_inversa;dia_semana;horario;uf;br;km;municipio;causa_acidente;tipo_acidente;classificacao_acidente;fase_dia;sentido_via;condicao_metereologica;tipo_pista;tracado_via;uso_solo;pessoas;mortos;feridos_leves;feridos_graves;ilesos;ignorados;feridos;veiculos;latitude;longitude;regional;delegacia;uop
596828;27/04/2024;sábado;22:50:00;SC;282;4,7;SAO JOSE;Condutor deixou de manter distância do veículo da frente;Colisão traseira;Com Vítimas Fatais;Plena Noite;Decrescente;Céu Claro;Múltipla;Reta;Sim;4;1;0;0;0;3;0;3;-27,590383;-48,609058;SPRF-SC;DEL01-SC;UOP01-DEL01-SC
596829;27/04/2024;sábado;21:45:00;PA;230;117;MARABA;Manobra de mudança de faixa;Colisão lateral mesmo sentido;Com Vítimas Feridas;Plena Noite;Crescente;Chuva;Dupla;Declive;Sim;5;0;2;0;3;0;2;2;-5,35569904;-49,09047302;SPRF-PA;DEL03-PA;UOP01-DEL03-PA
596830;27/04/2024;sábado;21:00:00;PR;277;617,8;CEU AZUL;Condutor Dormindo;Saída de leito carroçável;Sem Vítimas;Plena Noite;Decrescente;Céu Claro;Simples;Reta;Não;1;0;0;0;1;0;0;1;-25,07416578;-53,683266;SPRF-PR;DEL05-PR;UOP02-DEL05-PR
596833;27/04/2024;sábado;20:50:00;PI;343;448,2;AGUA BRANCA;Transitar na contramão;Colisão lateral sentido oposto;Sem Vítimas;Plena Noite;Decrescente;Nublado;Simples;Reta;Não;2;0;0;0;2;0;0;2;-5,880499;-42,638496;SPRF-PI;DEL01-PI;UOP02-DEL01-PI
596834;27/04/2024;sábado;22:30:00;PR;487;147,9;CIANORTE;Velocidade Incompatível;Saída de leito carroçável;Com Vítimas Feridas;Plena Noite;Crescente;Nublado;Dupla;"Reta;Interseção de Vias";Não;1;0;0;1;0;0;1;1;-23,93662272;-52,67583992;SPRF-PR;DEL09-PR;UOP03-DEL09-PR
596835;27/04/2024;sábado;19:50:00;MG;116;609,2;SAO JOAO DO MANHUACU;Ausência de reação do condutor;Colisão com objeto;Com Vítimas Feridas;Plena Noite;Crescente;Céu Claro;Simples;Reta;Não;1;0;1;0;0;0;1;1;-20,40488795;-42,15173121;SPRF-MG;DEL07-MG;UOP02-DEL07-MG
596836;27/04/2024;sábado;21:40:00;MT;163;836;SINOP;Reação tardia ou ineficiente do condutor;Colisão traseira;Com Vítimas Feridas;Plena Noite;Decrescente;Céu Claro;Dupla;Reta;Sim;3;0;1;0;0;2;1;2;-11,85649944;-55,49371898;SPRF-MT;DEL06-MT;UOP02-DEL06-MT
596837;27/04/2024;sábado;22:40:00;PB;230;0,2;PATOS;Ingestão de álcool pelo condutor;Colisão com objeto;Sem Vítimas;Plena Noite;Crescente;Céu Claro;Simples;Reta;Sim;1;0;0;0;0;1;0;1;-7,024862;-37,280304;SPRF-PB;DEL03-PB;UOP01-DEL03-PB
596838;27/04/2024;sábado;23:20:00;MG;40;630;CONSELHEIRO LAFAIETE;Reação tardia ou ineficiente do condutor;Colisão com objeto;Com Vítimas Feridas;Plena Noite;Crescente;Céu Claro;Simples;"Reta;Ponte";Não;2;0;0;2;0;0;2;1;-20,65824152;-43,80259134;SPRF-MG;DEL05-MG;UOP02-DEL05-MG
596839;27/04/2024;sábado;17:53:00;MS;262;486,5;ANASTACIO;Ingestão de álcool pelo condutor;Colisão com objeto;Com Vítimas Feridas;Plena Noite;Crescente;Céu Claro;Simples;Reta;Não;1;0;1;0;0;0;1;1;-20,50015885;-55,77788898;SPRF-MS;DEL03-MS;UOP01-DEL03-MS
596840;27/04/2024;sábado;22:15:00;MG;116;530,8;CARATINGA;Condutor deixou de manter distância do veículo da frente;Colisão traseira;Com Vítimas Feridas;Plena Noite;Crescente;Céu Claro;Simples;Reta;Não;2;0;0;1;1;0;1;2;-19,81067298;-42,13539446;SPRF-MG;DEL06-MG;UOP02-DEL06-MG
596841;27/04/2024;sábado;21:05:00;BA;367;30,6;PORTO SEGURO;Ultrapassagem Indevida;Colisão frontal;Com Vítimas Fatais;Plena Noite;Crescente;Chuva;Simples;Reta;Não;5;2;0;3;0;0;3;2;-16,41558116;-39,12658393;SPRF-BA;DEL09-BA;UOP03-DEL09-BA
596843;27/04/2024;sábado;21:30:00;SC;101;296;IMBITUBA;Reação tardia ou ineficiente do condutor;Colisão traseira;Com Vítimas Feridas;Plena Noite;Crescente;Chuva;Dupla;Reta;Não;5;0;3;0;2;0;3;2;-28,32873;-48,732254;SPRF-SC;DEL02-SC;UOP03-DEL02-SC
596844;28/04/2024;domingo;01:00:00;MG;381;499;BETIM;Ausência de reação do condutor;Tombamento;Com Vítimas Feridas;Plena Noite;Decrescente;Céu Claro;Múltipla;Reta;Sim;2;0;2;0;0;0;2;1;-20,01792651;-44,2261448;SPRF-MG;DEL01-MG;UOP03-DEL01-MG
596845;28/04/2024;domingo;00:15:00;MG;381;493;BETIM;Reação tardia ou ineficiente do condutor;Tombamento;Com Vítimas Feridas;Plena Noite;Crescente;Céu Claro;Dupla;Reta;Não;1;0;1;0;0;0;1;1;-19,97670801;-44,19962698;SPRF-MG;DEL01-MG;UOP03-DEL01-MG
596846;28/04/2024;domingo;01:30:00;RS;116;248;SAO LEOPOLDO;Ausência de reação do condutor;Saída de leito carroçável;Com Vítimas Feridas;Plena Noite;Decrescente;Garoa/Chuvisco;Dupla;Curva;Sim;5;0;2;2;1;0;4;1;-29,77605895;-51,15508618;SPRF-RS;DEL01-RS;UOP02-DEL01-RS
596847;28/04/2024;domingo;01:30:00;MG;40;824;SIMAO PEREIRA;Ausência de reação do condutor;Saída de leito carroçável;Com Vítimas Feridas;Plena Noite;Crescente;Nublado;Dupla;Retorno Regulamentado;Não;1;0;1;0;0;0;1;1;-21,96689732;-43,29126511;SPRF-MG;DEL05-MG;UOP01-DEL05-MG
596848;28/04/2024;domingo;01:00:00;PE;428;185;PETROLINA;Velocidade Incompatível;Capotamento;Sem Vítimas;Plena Noite;Crescente;Céu Claro;Dupla;Reta;Sim;1;0;0;0;0;1;0;1;-9,34009199;-40,47032001;SPRF-PE;DEL06-PE;UOP01-DEL06-PE
596849;28/04/2024;domingo;01:25:00;SP;381;83;SAO PAULO;Demais falhas mecânicas ou elétricas;Incêndio;Sem Vítimas;Plena Noite;Decrescente;Céu Claro;Simples;"Reta;Aclive";Sim;1;0;0;0;0;1;0;1;-23,4309671;-46,56998022;SPRF-SP;DEL03-SP;UOP01-DEL03-SP
596850;28/04/2024;domingo;01:36:00;PB;230;89;GURINHEM;Transitar na contramão;Colisão frontal;Com Vítimas Fatais;Plena Noite;Decrescente;Céu Claro;Dupla;Reta;Sim;7;1;3;3;0;0;6;5;-7,173587;-35,395921;SPRF-PB;DEL01-PB;UOP03-DEL01-PB
596851;28/04/2024;domingo;00:30:00;RO;174;15;VILHENA;Conversão proibida;Colisão transversal;Com Vítimas Feridas;Plena Noite;Decrescente;Céu Claro;Simples;Reta;Não;2;0;0;1;1;0;1;2;-12,723321;-60,12801;SPRF-RO;DEL04-RO;UOP01-DEL04-RO
596853;28/04/2024;domingo;02:10:00;SC;470;40;GASPAR;Ingestão de álcool pelo condutor;Tombamento;Com Vítimas Feridas;Plena Noite;Decrescente;Nublado;Dupla;"Reta;Em Obras";Não;1;0;0;1;0;0;1;1;-26,88936832;-48,99116993;SPRF-SC;DEL04-SC;UOP01-DEL04-SC
596854;28/04/2024;domingo;00:40:00;MS;163;25;MUNDO NOVO;Ausência de reação do condutor;Colisão transversal;Com Vítimas Feridas;Plena Noite;Crescente;Céu Claro;Simples;"Reta;Interseção de Vias";Não;5;0;1;0;3;1;1;2;-23,88324785;-54,31786537;SPRF-MS;DEL09-MS;UOP02-DEL09-MS
596855;28/04/2024;domingo;01:55:00;RJ;393;218;VASSOURAS;Ingestão de álcool pelo condutor;Colisão com objeto;Com Vítimas Feridas;Plena Noite;Decrescente;Céu Claro;Simples;"Reta;Declive";Não;3;0;1;0;2;0;1;1;-22,30906209;-43,50409593;SPRF-RJ;DEL05-RJ;UOP03-DEL05-RJ
596856;28/04/2024;domingo;02:00:00;SC;280;5;SAO FRANCISCO DO SUL;Ausência de reação do condutor;Colisão traseira;Sem Vítimas;Plena Noite;Decrescente;Nublado;Simples;Reta;Não;2;0;0;0;1;1;0;2;-26,26011706;-48,62571995;SPRF-SC;DEL03-SC;UOP03-DEL03-SC
596858;27/04/2024;sábado;22:00:00;SC;282;614;MARAVILHA;Afundamento ou ondulação no pavimento;Tombamento;Com Vítimas Feridas;Plena Noite;Crescente;Nublado;Simples;Reta;Não;1;0;0;1;0;0;1;1;-26,76932;-53,264568;SPRF-SC;DEL07-SC;UOP02-DEL07-SC
596859;28/04/2024;domingo;02:31:00;PB;101;84;BAYEUX;Ausência de reação do condutor;Colisão com objeto;Com Vítimas Feridas;Plena Noite;Crescente;Céu Claro;Dupla;Reta;Sim;2;0;0;1;0;1;1;2;-7,13957906;-34,92312806;SPRF-PB;DEL01-PB;UOP01-DEL01-PB
596860;28/04/2024;domingo;00:45:00;CE;116;23;ITAITINGA;Ingestão de álcool pelo condutor;Tombamento;Com Vítimas Feridas;Plena Noite;Decrescente;Céu Claro;Múltipla;Reta;Não;1;0;1;0;0;0;1;1;-3,94905489;-38,51212845;SPRF-CE;DEL01-CE;UOP02-DEL01-CE
596861;28/04/2024;domingo;00:05:00;MT;174;4;PONTES E LACERDA;Manobra de mudança de faixa;Colisão transversal;Com Vítimas Feridas;Plena Noite;Crescente;Ignorado;Simples;Reta;Sim;3;0;1;0;2;0;1;2;-15,24010623;-59,33642507;SPRF-MT;DEL04-MT;UOP01-DEL04-MT
596862;28/04/2024;domingo;03:07:00;PR;116;122;CURITIBA;Reação tardia ou ineficiente do condutor;Colisão traseira;Com Vítimas Feridas;Plena Noite;Crescente;Nublado;Dupla;Reta;Sim;5;0;2;0;2;1;2;4;-25,605418;-49,318492;SPRF-PR;DEL01-PR;UOP03-DEL01-PR
596866;28/04/2024;domingo;02:50:00;SP;101;47;UBATUBA;Ausência de reação do condutor;Colisão com objeto;Sem Vítimas;Plena Noite;Crescente;Céu Claro;Simples;Rotatória;Sim;1;0;0;0;0;1;0;1;-23,429897;-45,082436;SPRF-SP;DEL06-SP;UOP01-DEL06-SP
596867;28/04/2024;domingo;01:15:00;RS;392;276;SAO SEPE;Demais falhas mecânicas ou elétricas;Saída de leito carroçável;Sem Vítimas;Plena Noite;Decrescente;Nublado;Simples;"Reta;Declive";Não;1;0;0;0;1;0;0;1;-30,34025001;-53,52091605;SPRF-RS;DEL09-RS;UOP02-DEL09-RS
596868;28/04/2024;domingo;03:05:00;RJ;393;195;PARAIBA DO SUL;Velocidade Incompatível;Colisão traseira;Sem Vítimas;Plena Noite;Crescente;Céu Claro;Simples;Reta;Não;4;0;0;0;3;1;0;2;-22,19528783;-43,35705209;SPRF-RJ;DEL05-RJ;UOP03-DEL05-RJ
596869;28/04/2024;domingo;03:45:00;SC;101;137;BALNEARIO CAMBORIU;Reação tardia ou ineficiente do condutor;Colisão com objeto;Com Vítimas Feridas;Plena Noite;Crescente;Céu Claro;Simples;Reta;Sim;2;0;1;1;0;0;2;1;-27,0157238;-48,61192763;SPRF-SC;DEL04-SC;UOP03-DEL04-SC
596870;28/04/2024;domingo;03:40:00;SC;101;136;BALNEARIO CAMBORIU;Reação tardia ou ineficiente do condutor;Tombamento;Com Vítimas Feridas;Plena Noite;Crescente;Céu Claro;Múltipla;Reta;Sim;1;0;1;0;0;0;1;1;-27,008113;-48,617245;SPRF-SC;DEL04-SC;UOP03-DEL04-SC
596871;28/04/2024;domingo;04:30:00;PE;101;70,5;RECIFE;Acessar a via sem observar a presença dos outros veículos;Atropelamento de Pedestre;Com Vítimas Feridas;Amanhecer;Crescente;Céu Claro;Múltipla;Reta;Sim;2;0;0;1;1;0;1;2;-8,06776119;-34,94265074;SPRF-PE;DEL01-PE;UOP01-DEL01-PE
596872;28/04/2024;domingo;03:42:00;RN;110;39,4;MOSSORO;Animais na Pista;Atropelamento de Animal;Com Vítimas Feridas;Plena Noite;Decrescente;Céu Claro;Simples;Reta;Não;1;0;1;0;0;0;1;1;-5,1705185;-37,26222017;SPRF-RN;DEL04-RN;UOP01-DEL04-RN
596873;28/04/2024;domingo;03:50:00;PE;104;13,7;TAQUARITINGA DO NORTE;Transitar na contramão;Colisão frontal;Com Vítimas Fatais;Plena Noite;Crescente;Céu Claro;Simples;Curva;Não;2;1;0;0;1;0;0;2;-7,906447;-36,116384;SPRF-PE;DEL02-PE;UOP01-DEL02-PE
596874;28/04/2024;domingo;02:00:00;MT;174;280;PONTES E LACERDA;Ingestão de álcool pelo condutor;Queda de ocupante de veículo;Com Vítimas Feridas;Plena Noite;Crescente;Céu Claro;Simples;Reta;Não;1;0;1;0;0;0;1;1;-15,29559009;-59,26929706;SPRF-MT;DEL04-MT;UOP01-DEL04-MT
596876;28/04/2024;domingo;04:50:00;SC;101;205;SAO JOSE;Ingestão de álcool pelo condutor;Colisão com objeto;Com Vítimas Feridas;Plena Noite;Crescente;Nublado;Dupla;Interseção de Vias;Não;1;0;1;0;0;0;1;1;-27,58313237;-48,61532885;SPRF-SC;DEL01-SC;UOP01-DEL01-SC
596877;28/04/2024;domingo;05:00:00;RN;110;46,6;MOSSORO;Condutor Dormindo;Colisão com objeto;Sem Vítimas;Amanhecer;Decrescente;Céu Claro;Simples;Rotatória;Sim;1;0;0;0;0;1;0;1;-5,20189058;-37,32345343;SPRF-RN;DEL04-RN;UOP01-DEL04-RN
596878;28/04/2024;domingo;03:10:00;BA;116;230;QUIJINGUE;Velocidade Incompatível;Colisão traseira;Com Vítimas Feridas;Plena Noite;Decrescente;Céu Claro;Simples;Reta;Não;1;0;1;0;0;0;1;1;-10,62456901;-38,96349803;SPRF-BA;DEL07-BA;UOP02-DEL07-BA
596879;28/04/2024;domingo;05:20:00;GO;153;548,4;PIRACANJUBA;Ausência de reação do condutor;Saída de leito carroçável;Com Vítimas Feridas;Amanhecer;Crescente;Céu Claro;Dupla;Reta;Não;2;0;1;1;0;0;2;1;-17,1235;-49,211;SPRF-GO;DEL01-GO;UOP03-DEL01-GO
596880;28/04/2024;domingo;04:30:00;MG;50;62,1;UBERLANDIA;Transitar na contramão;Colisão lateral sentido oposto;Com Vítimas Feridas;Plena Noite;Decrescente;Céu Claro;Dupla;Reta;Não;3;0;2;0;1;0;2;2;-18,82501599;-48,24975071;SPRF-MG;DEL15-MG;UOP02-DEL15-MG
596881;28/04/2024;domingo;06:01:00;SP;116;495;CAJATI;Ausência de reação do condutor;Queda de ocupante de veículo;Com Vítimas Feridas;Amanhecer;Crescente;Céu Claro;Dupla;Reta;Sim;1;0;1;0;0;0;1;1;-24,7531624;-48,1580848;SPRF-SP;DEL05-SP;UOP01-DEL05-SP
596882;28/04/2024;domingo;05:50:00;PR;476;151,5;ARAUCARIA;Ultrapassagem Indevida;Colisão lateral mesmo sentido;Com Vítimas Feridas;Amanhecer;Crescente;Nublado;Dupla;Interseção de Vias;Não;2;0;1;0;0;1;1;2;-25,5662884;-49,3805784;SPRF-PR;DEL01-PR;UOP06-DEL01-PR
596884;28/04/2024;domingo;05:00:00;RJ;40;106;DUQUE DE CAXIAS;Condutor Dormindo;Tombamento;Com Vítimas Feridas;Amanhecer;Crescente;Céu Claro;Dupla;Reta;Não;1;0;0;1;0;0;1;1;-22,64679;-43,283726;SPRF-RJ;DEL01-RJ;UOP02-DEL01-RJ
596887;28/04/2024;domingo;04:20:00;PR;277;633;CEU AZUL;Ingestão de álcool pelo condutor;Saída de leito carroçável;Com Vítimas Feridas;Plena Noite;Decrescente;Céu Claro;Simples;Interseção de Vias;Não;1;0;0;1;0;0;1;1;-25,09042445;-53,72857283;SPRF-PR;DEL05-PR;UOP02-DEL05-PR
596889;28/04/2024;domingo;05:50:00;MG;381;483;BETIM;Estacionar ou parar em local proibido;Colisão traseira;Com Vítimas Feridas;Amanhecer;Crescente;Céu Claro;Dupla;Curva;Sim;2;0;1;0;1;0;1;2;-19,95624622;-44,09568787;SPRF-MG;DEL01-MG;UOP03-DEL01-MG
596892;28/04/2024;domingo;05:00:00;PR;376;644;TIJUCAS DO SUL;Ingestão de álcool pelo condutor;Saída de leito carroçável;Sem Vítimas;Plena Noite;Decrescente;Garoa/Chuvisco;Simples;Rotatória;Sim;4;0;0;0;4;0;0;1;-25,82094676;-49,12678242;SPRF-PR;DEL01-PR;UOP04-DEL01-PR
596893;28/04/2024;domingo;06:30:00;RJ;493;1,9;ITABORAI;Reação tardia ou ineficiente do condutor;Colisão com objeto;Com Vítimas Feridas;Pleno dia;Decrescente;Céu Claro;Dupla;"Viaduto;Declive;Reta";Sim;5;0;3;2;0;0;5;1;-22,76398788;-42,92731895;SPRF-RJ;DEL02-RJ;UOP02-DEL02-RJ
596895;27/04/2024;sábado;19:30:00;RJ;116;182;NOVA IGUACU;Ingestão de álcool pelo condutor;Colisão com objeto;Com Vítimas Feridas;Plena Noite;Decrescente;Céu Claro;Dupla;Reta;Sim;2;0;0;1;0;1;1;2;-22,7567755;-43,43107234;SPRF-RJ;DEL06-RJ;UOP01-DEL06-RJ
596896;22/01/2024;segunda-feira;09:00:00;SC;280;56,9;GUARAMIRIM;Acessar a via sem observar a presença dos outros veículos;Tombamento;Com Vítimas Feridas;Pleno dia;Crescente;Céu Claro;Simples;"Rotatória;Viaduto;Interseção de Vias;Reta";Sim;1;0;1;0;0;0;1;1;-26,47947677;-49,00298702;SPRF-SC;DEL03-SC;UOP03-DEL03-SC
596898;25/04/2024;quinta-feira;07:30:00;SP;381;53;ATIBAIA;Ausência de reação do condutor;Colisão com objeto;Sem Vítimas;Pleno dia;Decrescente;Céu Claro;Dupla;"Curva;Declive";Sim;1;0;0;0;1;0;0;1;-23,23727986;-46,59981085;SPRF-SP;DEL03-SP;UOP01-DEL03-SP
596900;28/04/2024;domingo;08:00:00;MG;262;365;JUATUBA;Ingestão de álcool pelo condutor;Saída de leito carroçável;Com Vítimas Feridas;Pleno dia;Decrescente;Céu Claro;Dupla;"Reta;Declive";Não;3;0;3;0;0;0;3;1;-19,97856934;-44,25336717;SPRF-MG;DEL01-MG;UOP03-DEL01-MG
596901;28/04/2024;domingo;04:30:00;PB;110;183,2;MONTEIRO;Reação tardia ou ineficiente do condutor;Colisão com objeto;Com Vítimas Fatais;Amanhecer;Decrescente;Céu Claro;Simples;Reta;Não;2;1;0;1;0;0;1;1;-7,90446874;-37,13829723;SPRF-PB;DEL02-PB;UOP02-DEL02-PB
596903;28/04/2024;domingo;08:30:00;MG;381;897,3;CAMBUI;Velocidade Incompatível;Saída de leito carroçável;Com Vítimas Feridas;Pleno dia;Crescente;Céu Claro;Dupla;Reta;Sim;2;0;2;0;0;0;2;1;-22,59948512;-46,05767727;SPRF-MG;DEL16-MG;UOP03-DEL16-MG
596904;28/04/2024;domingo;08:15:00;PA;316;35;SANTA IZABEL DO PARA;Acessar a via sem observar a presença dos outros veículos;Colisão transversal;Sem Vítimas;Pleno dia;Crescente;Céu Claro;Dupla;Interseção de Vias;Sim;2;0;0;0;1;1;0;2;-1,29146197;-48,164561;SPRF-PA;DEL01-PA;UOP01-DEL01-PA
596905;28/04/2024;domingo;08:36:00;SP;153;72;SAO JOSE DO RIO PRETO;Desrespeitar a preferência no cruzamento;Colisão lateral mesmo sentido;Com Vítimas Feridas;Pleno dia;Decrescente;Céu Claro;Dupla;"Aclive;Reta";Sim;2;0;1;0;1;0;1;2;-20,87199853;-49,41668272;SPRF-SP;DEL09-SP;UOP01-DEL09-SP
596906;28/04/2024;domingo;08:18:00;GO;40;93;CRISTALINA;Ingestão de álcool pelo condutor;Colisão traseira;Sem Vítimas;Pleno dia;Crescente;Céu Claro;Simples;Reta;Sim;2;0;0;0;2;0;0;2;-16,736824;-47,61925;SPRF-DF;DEL01-DF;UOP02-DEL01-DF
596907;28/04/2024;domingo;08:00:00;SC;101;381;ICARA;Condutor Dormindo;Colisão com objeto;Com Vítimas Feridas;Pleno dia;Decrescente;Céu Claro;Dupla;Declive;Não;2;0;2;0;0;0;2;1;-28,75478409;-49,27732095;SPRF-SC;DEL02-SC;UOP02-DEL02-SC
596908;28/04/2024;domingo;09:05:00;PI;343;310;ALTOS;Acessar a via sem observar a presença dos outros veículos;Colisão frontal;Com Vítimas Feridas;Pleno dia;Decrescente;Céu Claro;Simples;Reta;Sim;3;0;1;1;1;0;2;2;-5,040502;-42,485443;SPRF-PI;DEL01-PI;UOP01-DEL01-PI
596910;28/04/2024;domingo;06:50:00;MG;116;369;FREI INOCENCIO;Ausência de reação do condutor;Colisão lateral sentido oposto;Com Vítimas Fatais;Pleno dia;Decrescente;Céu Claro;Simples;Reta;Não;8;2;3;0;2;1;3;2;-18,53305602;-41,88904195;SPRF-MG;DEL11-MG;UOP01-DEL11-MG
596911;28/04/2024;domingo;09:00:00;SP;116;104,7;TAUBATE;Reação tardia ou ineficiente do condutor;Colisão traseira;Com Vítimas Feridas;Pleno dia;Decrescente;Céu Claro;Dupla;Reta;Não;11;0;2;0;9;0;2;3;-23,00340176;-45,50626912;SPRF-SP;DEL02-SP;UOP02-DEL02-SP
596916;28/04/2024;domingo;07:40:00;SP;381;87;GUARULHOS;Área urbana sem a presença de local apropriado para a travessia de pedestres;Atropelamento de Pedestre;Com Vítimas Fatais;Pleno dia;Crescente;Céu Claro;Múltipla;Reta;Sim;2;1;0;0;1;0;0;2;-23,46885001;-46,56996601;SPRF-SP;DEL03-SP;UOP01-DEL03-SP
596917;28/04/2024;domingo;10:45:00;AL;101;246;PORTO REAL DO COLEGIO;Pista esburacada;Saída de leito carroçável;Com Vítimas Feridas;Pleno dia;Crescente;Céu Claro;Dupla;Curva;Não;2;0;1;0;1;0;1;1;-10,19162376;-36,82542061;SPRF-AL;DEL02-AL;UOP02-DEL02-AL
596919;28/04/2024;domingo;10:05:00;AL;101;115;PILAR;Velocidade Incompatível;Saída de leito carroçável;Com Vítimas Feridas;Pleno dia;Crescente;Garoa/Chuvisco;Simples;Declive;Não;4;0;1;0;3;0;1;1;-9,64267498;-36,02457883;SPRF-AL;DEL02-AL;UOP01-DEL02-AL
596920;28/04/2024;domingo;08:30:00;SP;116;102;PINDAMONHANGABA;Reação tardia ou ineficiente do condutor;Engavetamento;Sem Vítimas;Pleno dia;Decrescente;Céu Claro;Dupla;Reta;Não;4;0;0;0;2;2;0;4;-22,99497994;-45,48951403;SPRF-SP;DEL08-SP;UOP01-DEL08-SP
596923;28/04/2024;domingo;11:05:00;MG;381;493;BETIM;Manobra de mudança de faixa;Colisão lateral mesmo sentido;Com Vítimas Feridas;Pleno dia;Crescente;Céu Claro;Dupla;Reta;Sim;3;0;2;0;1;0;2;2;-19,97670801;-44,19962698;SPRF-MG;DEL01-MG;UOP03-DEL01-MG
596926;28/04/2024;domingo;11:00:00;RJ;116;239;PIRAI;Reação tardia ou ineficiente do condutor;Saída de leito carroçável;Com Vítimas Feridas;Pleno dia;Decrescente;Sol;Dupla;Curva;Sim;2;0;0;1;0;1;1;2;-22,65832258;-43,88969593;SPRF-RJ;DEL07-RJ;UOP01-DEL07-RJ
596930;28/04/2024;domingo;04:30:00;PA;316;180;SANTA LUZIA DO PARA;Ausência de reação do condutor;Colisão com objeto;Com Vítimas Feridas;Amanhecer;Decrescente;Céu Claro;Simples;Reta;Não;1;0;0;1;0;0;1;1;-1,40583911;-47,00639613;SPRF-PA;DEL01-PA;UOP03-DEL01-PA
596931;28/04/2024;domingo;11:30:00;BA;324;622;SALVADOR;Condutor deixou de manter distância do veículo da frente;Colisão com objeto;Com Vítimas Feridas;Pleno dia;Crescente;Céu Claro;Dupla;Reta;Não;2;0;2;0;0;0;2;1;-12,91888605;-38,46502095;SPRF-BA;DEL01-BA;UOP01-DEL01-BA
596932;28/04/2024;domingo;08:15:00;SC;470;155,3;AGRONOMICA;Velocidade Incompatível;Colisão frontal;Com Vítimas Feridas;Pleno dia;Crescente;Chuva;Simples;Curva;Não;2;0;0;1;1;0;1;2;-27,277105;-49,751972;SPRF-SC;DEL04-SC;UOP02-DEL04-SC
596933;28/04/2024;domingo;08:10:00;SC;282;644,2;SAO MIGUEL DO OESTE;Ausência de reação do condutor;Saída de leito carroçável;Com Vítimas Feridas;Pleno dia;Crescente;Nublado;Simples;"Aclive;Reta";Não;2;0;0;1;0;1;1;1;-26,76717516;-53,48188519;SPRF-SC;DEL07-SC;UOP03-DEL07-SC
596935;28/04/2024;domingo;12:00:00;PR;369;91;CORNELIO PROCOPIO;Curva acentuada;Colisão com objeto;Com Vítimas Feridas;Pleno dia;Decrescente;Céu Claro;Dupla;Curva;Não;1;0;1;0;0;0;1;1;-23,20545743;-50,65495491;SPRF-PR;DEL07-PR;UOP05-DEL07-PR
596936;28/04/2024;domingo;12:50:00;MG;262;437;NOVA SERRANA;Ausência de reação do condutor;Colisão lateral mesmo sentido;Com Vítimas Feridas;Pleno dia;Decrescente;Sol;Dupla;"Reta;Aclive";Sim;3;0;2;0;1;0;2;2;-19,89622194;-44,86972815;SPRF-MG;DEL08-MG;UOP03-DEL08-MG
596937;28/04/2024;domingo;12:30:00;RN;110;51,5;MOSSORO;Acessar a via sem observar a presença dos outros veículos;Colisão transversal;Com Vítimas Feridas;Pleno dia;Crescente;Nublado;Simples;Reta;Sim;2;0;0;1;1;0;1;2;-5,22684393;-37,33197037;SPRF-RN;DEL04-RN;UOP01-DEL04-RN
596938;28/04/2024;domingo;11:25:00;SC;101;462;PASSO DE TORRES;Demais falhas mecânicas ou elétricas;Saída de leito carroçável;Com Vítimas Feridas;Pleno dia;Crescente;Nublado;Dupla;Reta;Não;3;0;1;0;2;0;1;2;-29,27574946;-49,7551918;SPRF-RS;DEL03-RS;UOP02-DEL03-RS
596939;28/04/2024;domingo;12:52:00;RS;290;92;PORTO ALEGRE;Demais falhas mecânicas ou elétricas;Queda de ocupante de veículo;Com Vítimas Feridas;Pleno dia;Crescente;Nublado;Múltipla;Reta;Não;2;0;2;0;0;0;2;1;-29,97095898;-51,18774891;SPRF-RS;DEL01-RS;UOP01-DEL01-RS
596940;28/04/2024;domingo;10:45:00;RJ;40;77;PETROPOLIS;Velocidade Incompatível;Tombamento;Com Vítimas Feridas;Pleno dia;Crescente;Céu Claro;Dupla;Curva;Não;2;0;2;0;0;0;2;1;-22,48005592;-43,23543994;SPRF-RJ;DEL01-RJ;UOP01-DEL01-RJ
596941;28/04/2024;domingo;11:00:00;SP;116;323;JUQUITIBA;Acessar a via sem observar a presença dos outros veículos;Colisão transversal;Com Vítimas Feridas;Pleno dia;Decrescente;Céu Claro;Dupla;Reta;Sim;2;0;1;0;1;0;1;2;-23,93663197;-47,03568002;SPRF-SP;DEL04-SP;UOP03-DEL04-SP
596942;28/04/2024;domingo;10:30:00;RJ;40;76;PETROPOLIS;Velocidade Incompatível;Saída de leito carroçável;Com Vítimas Feridas;Pleno dia;Crescente;Céu Claro;Dupla;Curva;Sim;1;0;1;0;0;0;1;1;-22,47192899;-43,23779321;SPRF-RJ;DEL01-RJ;UOP01-DEL01-RJ
596944;28/04/2024;domingo;13:20:00;SE;235;41,1;ITABAIANA;Ingestão de álcool pelo condutor;Tombamento;Com Vítimas Feridas;Pleno dia;Crescente;Céu Claro;Simples;"Aclive;Reta";Sim;2;0;1;1;0;0;2;1;-10,769856;-37,373135;SPRF-SE;DEL01-SE;UOP02-DEL01-SE
596946;28/04/2024;domingo;13:20:00;PR;277;36;MORRETES;Manobra de mudança de faixa;Colisão com objeto;Com Vítimas Feridas;Pleno dia;Crescente;Garoa/Chuvisco;Dupla;"Aclive;Curva";Não;3;0;3;0;0;0;3;1;-25,5585949;-48,80593311;SPRF-PR;DEL01-PR;UOP05-DEL01-PR