id;data_inversa;dia_semana;horario;uf;br;km;municipio;causa_acidente;tipo_acidente;classificacao_acidente;fase_dia;sentido_via;condicao_metereologica;tipo_pista;tracado_via;uso_solo;pessoas;mortos;feridos_leves;feridos_graves;ilesos;ignorados;feridos;veiculos;latitude;longitude;regional;delegacia;uop
597058;28/04/2024;domingo;21:30:00;ES;262;50,2;MARECHAL FLORIANO;Ingestão de álcool pelo condutor;Colisão com objeto;Sem Vítimas;Plena Noite;Crescente;Céu Claro;Simples;"Em Obras;Declive;Curva";Não;1;0;0;0;1;0;0;1;-20,41422895;-40,70596425;SPRF-ES;DEL01-ES;UOP01-DEL01-ES
597060;28/04/2024;domingo;18:40:00;SC;470;163,7;TROMBUDO CENTRAL;Desrespeitar a preferência no cruzamento;Colisão transversal;Com Vítimas Feridas;Plena Noite;Crescente;Chuva;Simples;Reta;Não;2;0;1;0;1;0;1;2;-27,278976;-49,825996;SPRF-SC;DEL04-SC;UOP02-DEL04-SC
597061;28/04/2024;domingo;21:14:00;GO;60;108,2;GOIANAPOLIS;Pedestre cruzava a pista fora da faixa;Atropelamento de Pedestre;Com Vítimas Fatais;Plena Noite;Decrescente;Céu Claro;Múltipla;Reta;Não;3;1;0;0;2;0;0;2;-16,4398;-49,0188;SPRF-GO;DEL01-GO;UOP01-DEL01-GO
597062;28/04/2024;domingo;19:00:00;SC;282;599,1;CUNHA PORA;Demais falhas na via;Saída de leito carroçável;Com Vítimas Fatais;Plena Noite;Decrescente;Nublado;Simples;"Reta;Declive";Não;1;1;0;0;0;0;0;1;-26,81877319;-53,15790117;SPRF-SC;DEL07-SC;UOP02-DEL07-SC
597063;28/04/2024;domingo;21:30:00;RN;304;37;MOSSORO;Ausência de sinalização;Colisão lateral mesmo sentido;Sem Vítimas;Plena Noite;Decrescente;Céu Claro;Dupla;"Reta;Viaduto";Sim;2;0;0;0;2;0;0;2;-5,18138457;-37,36832252;SPRF-RN;DEL04-RN;UOP02-DEL04-RN
597065;28/04/2024;domingo;21:30:00;BA;324;615;SALVADOR;Condutor deixou de manter distância do veículo da frente;Colisão traseira;Com Vítimas Feridas;Plena Noite;Crescente;Céu Claro;Dupla;Reta;Sim;6;0;1;0;5;0;1;2;-12,87206398;-38,42746403;SPRF-BA;DEL01-BA;UOP01-DEL01-BA
597066;28/04/2024;domingo;21:40:00;PB;230;18;JOAO PESSOA;Acumulo de água sobre o pavimento;Tombamento;Com Vítimas Feridas;Plena Noite;Crescente;Chuva;Dupla;Curva;Não;2;0;2;0;0;0;2;1;-7,1198;-34,8453;SPRF-PB;DEL01-PB;UOP01-DEL01-PB
597067;28/04/2024;domingo;21:00:00;RS;158;299;ITAARA;Transitar na contramão;Colisão frontal;Com Vítimas Fatais;Plena Noite;Crescente;Céu Claro;Simples;Reta;Não;5;1;0;0;4;0;0;2;-29,52738362;-53,73279838;SPRF-RS;DEL09-RS;UOP01-DEL09-RS
597068;28/04/2024;domingo;19:30:00;PR;277;243,2;IRATI;Ausência de reação do condutor;Saída de leito carroçável;Sem Vítimas;Plena Noite;Decrescente;Garoa/Chuvisco;Simples;"Reta;Rotatória";Não;1;0;0;0;0;1;0;1;-25,45209885;-50,65822989;SPRF-PR;DEL08-PR;UOP02-DEL08-PR
597069;28/04/2024;domingo;20:40:00;PR;116;187;CAMPO DO TENENTE;Transitar na contramão;Colisão lateral sentido oposto;Sem Vítimas;Plena Noite;Crescente;Céu Claro;Simples;Reta;Não;2;0;0;0;2;0;0;2;-25,96452691;-49,65545654;SPRF-PR;DEL01-PR;UOP03-DEL01-PR
597070;28/04/2024;domingo;22:00:00;GO;60;114;GOIANAPOLIS;Ingestão de álcool pelo condutor;Saída de leito carroçável;Com Vítimas Feridas;Plena Noite;Crescente;Céu Claro;Dupla;Declive;Não;1;0;1;0;0;0;1;1;-16,4633;-49,0636;SPRF-GO;DEL01-GO;UOP01-DEL01-GO
597071;28/04/2024;domingo;22:00:00;SP;116;218,6;GUARULHOS;Ausência de reação do condutor;Colisão com objeto;Sem Vítimas;Plena Noite;Crescente;Nublado;Múltipla;Reta;Não;1;0;0;0;1;0;0;1;-23,457972;-46,479927;SPRF-SP;DEL01-SP;UOP01-DEL01-SP
597072;28/04/2024;domingo;18:30:00;RR;174;213;RORAINOPOLIS;Chuva;Queda de ocupante de veículo;Com Vítimas Feridas;Plena Noite;Crescente;Garoa/Chuvisco;Simples;Reta;Não;1;0;1;0;0;0;1;1;0,95291;-60,420345;SPRF-RR;DEL01-RR;UOP01-DEL01-RR
597073;28/04/2024;domingo;19:00:00;BA;418;88;NOVA VICOSA;Entrada inopinada do pedestre;Atropelamento de Pedestre;Com Vítimas Feridas;Plena Noite;Crescente;Céu Claro;Simples;Reta;Não;2;0;2;0;0;0;2;2;-17,88949109;-39,82359738;SPRF-BA;DEL09-BA;UOP02-DEL09-BA
597075;28/04/2024;domingo;20:00:00;MG;40;699;BARBACENA;Animais na Pista;Atropelamento de Animal;Com Vítimas Feridas;Plena Noite;Crescente;Céu Claro;Dupla;Aclive;Não;2;0;1;0;1;0;1;1;-21,16945;-43,756498;SPRF-MG;DEL05-MG;UOP02-DEL05-MG
597076;28/04/2024;domingo;22:40:00;CE;116;11;FORTALEZA;Condutor usando celular;Colisão traseira;Com Vítimas Feridas;Plena Noite;Crescente;Chuva;Múltipla;Reta;Não;2;0;1;0;1;0;1;2;-3,84394724;-38,49891546;SPRF-CE;DEL01-CE;UOP02-DEL01-CE
597077;28/04/2024;domingo;22:10:00;ES;101;62;SAO MATEUS;Ingestão de álcool pelo condutor;Tombamento;Com Vítimas Feridas;Plena Noite;Crescente;Nublado;Simples;Curva;Não;1;0;1;0;0;0;1;1;-18,69020499;-39,86154403;SPRF-ES;DEL04-ES;UOP02-DEL04-ES
597078;28/04/2024;domingo;22:20:00;PR;277;65;SAO JOSE DOS PINHAIS;Ausência de reação do condutor;Queda de ocupante de veículo;Com Vítimas Feridas;Plena Noite;Crescente;Nublado;Dupla;Reta;Sim;2;0;1;0;1;0;1;1;-25,5530337;-49,03504085;SPRF-PR;DEL01-PR;UOP01-DEL01-PR
597079;28/04/2024;domingo;22:20:00;GO;414;332;COCALZINHO DE GOIAS;Acumulo de água sobre o pavimento;Saída de leito carroçável;Com Vítimas Feridas;Plena Noite;Decrescente;Chuva;Simples;"Declive;Curva";Não;1;0;1;0;0;0;1;1;-15,580993;-48,628662;SPRF-GO;DEL02-GO;UOP01-DEL02-GO
597080;28/04/2024;domingo;22:40:00;GO;60;96;ANAPOLIS;Manobra de mudança de faixa;Colisão lateral mesmo sentido;Com Vítimas Feridas;Plena Noite;Crescente;Céu Claro;Dupla;Reta;Sim;3;0;1;0;1;1;1;3;-16,371;-48,9422;SPRF-GO;DEL02-GO;UOP01-DEL02-GO
597081;28/04/2024;domingo;22:00:00;RJ;101;269;RIO BONITO;Velocidade Incompatível;Colisão lateral mesmo sentido;Com Vítimas Feridas;Plena Noite;Crescente;Céu Claro;Dupla;Reta;Não;7;0;1;0;4;2;1;5;-22,71495082;-42,67804708;SPRF-RJ;DEL02-RJ;UOP03-DEL02-RJ
597082;28/04/2024;domingo;21:10:00;SC;282;25,1;SANTO AMARO DA IMPERATRIZ;Acessar a via sem observar a presença dos outros veículos;Colisão transversal;Com Vítimas Fatais;Plena Noite;Crescente;Chuva;Simples;Reta;Não;4;1;0;0;1;2;0;3;-27,6788673;-48,7563217;SPRF-SC;DEL01-SC;UOP03-DEL01-SC
597084;28/04/2024;domingo;17:15:00;MG;116;634,8;DIVINO;Transitar na contramão;Colisão frontal;Com Vítimas Fatais;Anoitecer;Decrescente;Céu Claro;Simples;Curva;Não;8;1;5;0;1;1;5;3;-20,61516;-42,217882;SPRF-MG;DEL07-MG;UOP02-DEL07-MG
597085;28/04/2024;domingo;22:45:00;PA;230;121;MARABA;Ausência de reação do condutor;Colisão com objeto;Com Vítimas Fatais;Plena Noite;Crescente;Céu Claro;Dupla;Reta;Sim;2;1;1;0;0;0;1;1;-5,35297407;-49,12143673;SPRF-PA;DEL03-PA;UOP01-DEL03-PA
597088;28/04/2024;domingo;22:30:00;BA;324;623;SALVADOR;Chuva;Colisão traseira;Com Vítimas Feridas;Plena Noite;Decrescente;Chuva;Dupla;Reta;Não;6;0;5;0;1;0;5;2;-12,92628699;-38,46838679;SPRF-BA;DEL01-BA;UOP01-DEL01-BA
597089;28/04/2024;domingo;23:15:00;PR;116;58;CAMPINA GRANDE DO SUL;Velocidade Incompatível;Colisão com objeto;Sem Vítimas;Plena Noite;Crescente;Nublado;Dupla;Curva;Não;1;0;0;0;1;0;0;1;-25,30335724;-48,94378885;SPRF-PR;DEL01-PR;UOP02-DEL01-PR
597090;28/04/2024;domingo;23:20:00;SP;116;106,1;TAUBATE;Reação tardia ou ineficiente do condutor;Tombamento;Com Vítimas Feridas;Plena Noite;Crescente;Céu Claro;Dupla;Reta;Não;1;0;1;0;0;0;1;1;-23,01250593;-45,52256005;SPRF-SP;DEL02-SP;UOP02-DEL02-SP
597093;28/04/2024;domingo;21:30:00;BA;101;228;SAPEACU;Ultrapassagem Indevida;Colisão frontal;Com Vítimas Feridas;Plena Noite;Decrescente;Céu Claro;Simples;Reta;Não;3;0;1;2;0;0;3;2;-12,71672078;-39,17903781;SPRF-BA;DEL01-BA;UOP02-DEL01-BA
597094;28/04/2024;domingo;23:40:00;BA;101;228;SAPEACU;Ausência de reação do condutor;Colisão traseira;Sem Vítimas;Plena Noite;Decrescente;Céu Claro;Simples;Reta;Não;2;0;0;0;2;0;0;2;-12,70991;-39,1676;SPRF-BA;DEL01-BA;UOP02-DEL01-BA
597095;28/04/2024;domingo;22:30:00;MG;381;563,5;ITAGUARA;Demais falhas mecânicas ou elétricas;Incêndio;Sem Vítimas;Plena Noite;Crescente;Céu Claro;Dupla;Reta;Sim;1;0;0;0;1;0;0;1;-20,40233189;-44,509134;SPRF-MG;DEL04-MG;UOP03-DEL04-MG
597096;28/04/2024;domingo;21:40:00;RJ;116;197;QUEIMADOS;Reação tardia ou ineficiente do condutor;Colisão traseira;Com Vítimas Feridas;Plena Noite;Decrescente;Céu Claro;Múltipla;Reta;Sim;7;0;1;0;6;0;1;2;-22,72980637;-43,56512004;SPRF-RJ;DEL06-RJ;UOP02-DEL06-RJ
597100;28/04/2024;domingo;23:45:00;RS;392;13,8;RIO GRANDE;Demais falhas mecânicas ou elétricas;Tombamento;Com Vítimas Feridas;Plena Noite;Decrescente;Céu Claro;Dupla;Reta;Não;2;0;1;0;1;0;1;1;-32,12632387;-52,14931396;SPRF-RS;DEL07-RS;UOP02-DEL07-RS
597102;28/04/2024;domingo;23:00:00;BA;116;360;SERRINHA;Reação tardia ou ineficiente do condutor;Colisão traseira;Com Vítimas Feridas;Plena Noite;Decrescente;Céu Claro;Simples;Reta;Sim;6;0;3;2;1;0;5;3;-11,6747;-38,9969;SPRF-BA;DEL02-BA;UOP01-DEL02-BA
597103;28/04/2024;domingo;16:41:00;AC;364;320;SENA MADUREIRA;Ausência de reação do condutor;Saída de leito carroçável;Com Vítimas Feridas;Anoitecer;Decrescente;Céu Claro;Simples;Reta;Não;2;0;1;1;0;0;2;1;-8,96350488;-69,07128398;SPRF-AC;DEL01-AC;UOP01-DEL01-AC
597104;28/04/2024;domingo;23:15:00;SP;116;282;EMBU DAS ARTES;Ausência de reação do condutor;Colisão traseira;Com Vítimas Feridas;Plena Noite;Decrescente;Nublado;Dupla;Reta;Sim;4;0;0;1;2;1;1;3;-23,68570216;-46,85970975;SPRF-SP;DEL04-SP;UOP01-DEL04-SP
597107;29/04/2024;segunda-feira;01:00:00;PR;277;73,8;SAO JOSE DOS PINHAIS;Reação tardia ou ineficiente do condutor;Colisão traseira;Sem Vítimas;Plena Noite;Crescente;Céu Claro;Dupla;Reta;Não;2;0;0;0;2;0;0;2;-25,50230718;-49,14859951;SPRF-PR;DEL01-PR;UOP07-DEL01-PR
597109;29/04/2024;segunda-feira;00:50:00;RS;116;268;CANOAS;Ausência de reação do condutor;Colisão com objeto;Sem Vítimas;Plena Noite;Decrescente;Céu Claro;Dupla;Reta;Sim;1;0;0;0;1;0;0;1;-29,95042502;-51,17652939;SPRF-RS;DEL01-RS;UOP01-DEL01-RS
597110;29/04/2024;segunda-feira;01:30:00;MG;40;428,1;CURVELO;Animais na Pista;Atropelamento de Animal;Com Vítimas Feridas;Pleno dia;Crescente;Céu Claro;Simples;Reta;Não;2;0;1;1;0;0;2;1;-19,17978192;-44,50112094;SPRF-MG;DEL02-MG;UOP01-DEL02-MG
597111;28/04/2024;domingo;17:22:00;RO;435;112;CEREJEIRAS;Condutor deixou de manter distância do veículo da frente;Colisão traseira;Sem Vítimas;Plena Noite;Decrescente;Céu Claro;Simples;Reta;Não;4;0;0;0;4;0;0;2;-13,19078836;-60,71257403;SPRF-RO;DEL04-RO;UOP02-DEL04-RO
597113;28/04/2024;domingo;21:10:00;SC;280;206,5;MAFRA;Transitar na contramão;Colisão frontal;Com Vítimas Fatais;Plena Noite;Decrescente;Chuva;Simples;Curva;Não;8;1;3;3;0;1;6;3;-26,1612574;-50,13125904;SPRF-SC;DEL06-SC;UOP01-DEL06-SC
597114;29/04/2024;segunda-feira;02:30:00;SC;470;101;APIUNA;Ingestão de álcool pelo condutor;Saída de leito carroçável;Com Vítimas Feridas;Plena Noite;Crescente;Céu Claro;Simples;Curva;Não;1;0;1;0;0;0;1;1;-27,053085;-49,390018;SPRF-SC;DEL04-SC;UOP02-DEL04-SC
597116;31/03/2024;domingo;15:00:00;BA;110;398,7;SAO SEBASTIAO DO PASSE;Ausência de reação do condutor;Colisão traseira;Com Vítimas Feridas;Pleno dia;Crescente;Céu Claro;Simples;Reta;Não;5;0;0;1;4;0;1;2;-12,54192;-38,509997;SPRF-BA;DEL01-BA;UOP01-DEL01-BA
597117;29/04/2024;segunda-feira;02:30:00;SP;116;157;SAO JOSE DOS CAMPOS;Ausência de reação do condutor;Colisão traseira;Com Vítimas Feridas;Plena Noite;Decrescente;Céu Claro;Dupla;"Reta;Em Obras";Não;3;0;1;0;2;0;1;2;-23,25558031;-45,9437828;SPRF-SP;DEL02-SP;UOP01-DEL02-SP
597121;29/04/2024;segunda-feira;04:45:00;SC;101;102,6;BALNEARIO PICARRAS;Pedestre andava na pista;Atropelamento de Pedestre;Com Vítimas Fatais;Plena Noite;Crescente;Chuva;Múltipla;Reta;Sim;3;1;0;1;0;1;1;3;-26,7804912;-48,6842424;SPRF-SC;DEL03-SC;UOP02-DEL03-SC
597123;29/04/2024;segunda-feira;04:00:00;SC;101;41,5;JOINVILLE;Curva acentuada;Colisão com objeto;Com Vítimas Feridas;Plena Noite;Crescente;Garoa/Chuvisco;Múltipla;"Aclive;Curva";Não;2;0;1;0;1;0;1;1;-26,31403588;-48,87388229;SPRF-SC;DEL03-SC;UOP01-DEL03-SC
597124;29/04/2024;segunda-feira;05:25:00;PR;476;146;CURITIBA;Ausência de reação do condutor;Tombamento;Com Vítimas Feridas;Amanhecer;Decrescente;Ignorado;Dupla;Reta;Não;2;0;2;0;0;0;2;1;-25,551186;-49,330109;SPRF-PR;DEL01-PR;UOP06-DEL01-PR
597125;29/04/2024;segunda-feira;03:10:00;SC;282;194,1;LAGES;Velocidade Incompatível;Colisão frontal;Com Vítimas Fatais;Plena Noite;Decrescente;Garoa/Chuvisco;Simples;Reta;Não;12;1;0;2;9;0;2;2;-27,7422323;-50,0700938;SPRF-SC;DEL05-SC;UOP01-DEL05-SC
597128;29/04/2024;segunda-feira;05:30:00;RN;101;150,2;GOIANINHA;Animais na Pista;Atropelamento de Animal;Com Vítimas Feridas;Amanhecer;Decrescente;Céu Claro;Dupla;"Reta;Declive";Não;1;0;1;0;0;0;1;1;-6,29468817;-35,1962053;SPRF-RN;DEL01-RN;UOP01-DEL01-RN
597129;29/04/2024;segunda-feira;05:00:00;SC;282;378;HERVAL DOESTE;Demais falhas mecânicas ou elétricas;Incêndio;Sem Vítimas;Plena Noite;Decrescente;Chuva;Simples;Reta;Não;1;0;0;0;1;0;0;1;-27,214546;-51,47958;SPRF-SC;DEL07-SC;UOP05-DEL07-SC
597130;29/04/2024;segunda-feira;06:20:00;BA;324;613;SALVADOR;Condutor deixou de manter distância do veículo da frente;Colisão lateral mesmo sentido;Com Vítimas Feridas;Pleno dia;Crescente;Céu Claro;Dupla;Reta;Sim;2;0;1;0;1;0;1;2;-12,85531601;-38,42055197;SPRF-BA;DEL01-BA;UOP01-DEL01-BA
597131;28/04/2024;domingo;19:50:00;MA;316;367,4;BACABAL;Ausência de reação do condutor;Colisão frontal;Com Vítimas Fatais;Plena Noite;Crescente;Ignorado;Simples;Reta;Não;2;1;0;0;1;0;0;2;-4,220189;-44,733734;SPRF-MA;DEL03-MA;UOP01-DEL03-MA
597133;29/04/2024;segunda-feira;06:10:00;RJ;101;313;SAO GONCALO;Acessar a via sem observar a presença dos outros veículos;Colisão traseira;Com Vítimas Feridas;Pleno dia;Crescente;Céu Claro;Dupla;Reta;Sim;2;0;0;1;1;0;1;2;-22,81049093;-43,06983304;SPRF-RJ;DEL02-RJ;UOP02-DEL02-RJ
597134;29/04/2024;segunda-feira;01:15:00;SC;101;119,5;ITAJAI;Ingestão de álcool pelo condutor;Colisão com objeto;Sem Vítimas;Plena Noite;Decrescente;Nublado;Múltipla;Reta;Não;1;0;0;0;0;1;0;1;-26,9043179;-48,71555481;SPRF-SC;DEL04-SC;UOP04-DEL04-SC
597135;29/04/2024;segunda-feira;05:40:00;RJ;101;326;NITEROI;Demais Fenômenos da natureza;Colisão com objeto;Com Vítimas Fatais;Pleno dia;Decrescente;Céu Claro;Dupla;Reta;Sim;1;1;0;0;0;0;0;1;-22,87206203;-43,146105;SPRF-RJ;DEL02-RJ;UOP01-DEL02-RJ
597138;29/04/2024;segunda-feira;07:25:00;SC;101;118,2;ITAJAI;Trafegar com motocicleta (ou similar) entre as faixas;Colisão lateral mesmo sentido;Com Vítimas Feridas;Pleno dia;Crescente;Céu Claro;Múltipla;Reta;Sim;2;0;1;0;1;0;1;2;-26,895859;-48,71903;SPRF-SC;DEL04-SC;UOP04-DEL04-SC
597139;29/04/2024;segunda-feira;02:05:00;RJ;101;277;TANGUA;Ausência de reação do condutor;Saída de leito carroçável;Sem Vítimas;Plena Noite;Crescente;Céu Claro;Dupla;Reta;Sim;1;0;0;0;1;0;0;1;-22,73943906;-42,748279;SPRF-RJ;DEL02-RJ;UOP03-DEL02-RJ
597140;29/04/2024;segunda-feira;06:32:00;PB;230;21;JOAO PESSOA;Acostamento em desnível;Colisão transversal;Com Vítimas Feridas;Pleno dia;Crescente;Chuva;Dupla;Reta;Sim;2;0;1;0;1;0;1;2;-7,1415;-34,8519;SPRF-PB;DEL01-PB;UOP01-DEL01-PB
597141;29/04/2024;segunda-feira;07:00:00;MG;40;413;CURVELO;Velocidade Incompatível;Colisão transversal;Com Vítimas Feridas;Pleno dia;Decrescente;Céu Claro;Simples;Reta;Não;2;0;0;1;0;1;1;1;-19,13248388;-44,62252053;SPRF-MG;DEL02-MG;UOP01-DEL02-MG
597143;29/04/2024;segunda-feira;07:40:00;SC;101;193;BIGUACU;Reação tardia ou ineficiente do condutor;Colisão traseira;Sem Vítimas;Pleno dia;Decrescente;Céu Claro;Dupla;Ponte;Sim;2;0;0;0;2;0;0;2;-27,48443781;-48,64765238;SPRF-SC;DEL01-SC;UOP01-DEL01-SC
597144;29/04/2024;segunda-feira;07:20:00;DF;60;3,1;BRASILIA;Condutor deixou de manter distância do veículo da frente;Engavetamento;Sem Vítimas;Pleno dia;Crescente;Céu Claro;Dupla;Reta;Não;10;0;0;0;9;1;0;4;-15,889754;-48,085904;SPRF-DF;DEL03-DF;UOP01-DEL03-DF
597145;29/04/2024;segunda-feira;06:25:00;SC;282;227,3;LAGES;Acessar a via sem observar a presença dos outros veículos;Colisão transversal;Com Vítimas Feridas;Amanhecer;Decrescente;Nevoeiro/Neblina;Simples;Reta;Não;2;0;0;1;1;0;1;2;-27,795815;-50,399048;SPRF-SC;DEL05-SC;UOP02-DEL05-SC
597146;29/04/2024;segunda-feira;06:50:00;SE;101;87;NOSSA SENHORA DO SOCORRO;Avarias e/ou desgaste excessivo no pneu;Queda de ocupante de veículo;Com Vítimas Feridas;Pleno dia;Crescente;Céu Claro;Dupla;Aclive;Não;2;0;0;1;1;0;1;1;-10,86174498;-37,13526579;SPRF-SE;DEL01-SE;UOP01-DEL01-SE
597147;29/04/2024;segunda-feira;07:10:00;GO;153;507,3;APARECIDA DE GOIANIA;Velocidade Incompatível;Queda de ocupante de veículo;Com Vítimas Feridas;Pleno dia;Crescente;Céu Claro;Dupla;"Curva;Viaduto";Sim;1;0;1;0;0;0;1;1;-16,7715;-49,2387;SPRF-GO;DEL01-GO;UOP03-DEL01-GO
597149;29/04/2024;segunda-feira;06:40:00;RO;174;15;VILHENA;Condutor deixou de manter distância do veículo da frente;Colisão traseira;Com Vítimas Feridas;Pleno dia;Crescente;Céu Claro;Dupla;Reta;Sim;2;0;1;0;1;0;1;2;-12,723321;-60,12801;SPRF-RO;DEL04-RO;UOP01-DEL04-RO
597150;29/04/2024;segunda-feira;07:35:00;PR;277;721;FOZ DO IGUACU;Reação tardia ou ineficiente do condutor;Colisão traseira;Com Vítimas Feridas;Pleno dia;Crescente;Céu Claro;Dupla;Reta;Sim;2;0;0;1;1;0;1;2;-25,49149;-54,512879;SPRF-PR;DEL05-PR;UOP03-DEL05-PR
597152;29/04/2024;segunda-feira;06:50:00;MG;40;512;RIBEIRAO DAS NEVES;Transitar no Acostamento;Colisão traseira;Com Vítimas Feridas;Pleno dia;Crescente;Céu Claro;Dupla;Reta;Sim;3;0;2;0;1;0;2;2;-19,78946999;-44,11290699;SPRF-MG;DEL01-MG;UOP02-DEL01-MG
597153;29/04/2024;segunda-feira;06:05:00;MT;70;3;BARRA DO GARCAS;Ausência de reação do condutor;Colisão traseira;Com Vítimas Feridas;Pleno dia;Decrescente;Céu Claro;Dupla;Rotatória;Sim;4;0;1;0;0;3;1;3;-15,88252843;-52,27574027;SPRF-MT;DEL07-MT;UOP01-DEL07-MT
597154;26/03/2024;terça-feira;13:00:00;DF;0;0;BRASILIA;Acessar a via sem observar a presença dos outros veículos;Colisão traseira;Sem Vítimas;Pleno dia;Não Informado;Céu Claro;Dupla;Reta;Sim;2;0;0;0;2;0;0;2;-15,80279505;-47,96683073;SPRF-DF;N/A;N/A
597155;24/03/2024;domingo;13:15:00;SC;101;116;ITAJAI;Reação tardia ou ineficiente do condutor;Colisão traseira;Com Vítimas Feridas;Pleno dia;Decrescente;Nublado;Dupla;Reta;Sim;4;0;2;0;2;0;2;3;-26,87905605;-48,72603512;SPRF-SC;DEL04-SC;UOP04-DEL04-SC
597156;29/04/2024;segunda-feira;07:50:00;RJ;465;4;SEROPEDICA;Condutor deixou de manter distância do veículo da frente;Colisão lateral mesmo sentido;Com Vítimas Feridas;Pleno dia;Decrescente;Céu Claro;Simples;Curva;Sim;3;0;1;0;1;1;1;2;-22,740971;-43,705597;SPRF-RJ;DEL06-RJ;UOP02-DEL06-RJ
597157;29/04/2024;segunda-feira;06:28:00;MT;163;838;SINOP;Acessar a via sem observar a presença dos outros veículos;Colisão transversal;Com Vítimas Feridas;Pleno dia;Decrescente;Céu Claro;Dupla;Rotatória;Sim;2;0;1;0;0;1;1;2;-11,82786986;-55,48670769;SPRF-MT;DEL06-MT;UOP02-DEL06-MT
597158;29/04/2024;segunda-feira;05:45:00;MT;163;754;SORRISO;Ingestão de álcool pelo condutor;Saída de leito carroçável;Sem Vítimas;Pleno dia;Crescente;Céu Claro;Dupla;Retorno Regulamentado;Sim;1;0;0;0;1;0;0;1;-12,54272699;-55,70810469;SPRF-MT;DEL06-MT;UOP01-DEL06-MT
597159;29/04/2024;segunda-feira;08:05:00;MG;40;524;CONTAGEM;Condutor deixou de manter distância do veículo da frente;Colisão traseira;Com Vítimas Feridas;Pleno dia;Crescente;Céu Claro;Dupla;Reta;Sim;2;0;1;0;1;0;1;2;-19,8754469;-44,05345586;SPRF-MG;DEL01-MG;UOP02-DEL01-MG
597160;29/04/2024;segunda-feira;08:30:00;RJ;116;169;RIO DE JANEIRO;Desrespeitar a preferência no cruzamento;Colisão lateral sentido oposto;Com Vítimas Feridas;Pleno dia;Crescente;Céu Claro;Múltipla;Reta;Sim;2;0;1;0;1;0;1;2;-22,816206;-43,324463;SPRF-RJ;DEL06-RJ;UOP01-DEL06-RJ
597161;29/04/2024;segunda-feira;08:50:00;PI;407;424;PICOS;Ausência de reação do condutor;Atropelamento de Animal;Com Vítimas Feridas;Pleno dia;Decrescente;Céu Claro;Simples;Reta;Sim;1;0;1;0;0;0;1;1;-7,08641;-41,428508;SPRF-PI;DEL04-PI;UOP01-DEL04-PI
597163;29/04/2024;segunda-feira;08:45:00;BA;324;620;SALVADOR;Trafegar com motocicleta (ou similar) entre as faixas;Colisão lateral mesmo sentido;Com Vítimas Feridas;Pleno dia;Crescente;Céu Claro;Múltipla;Reta;Sim;2;0;2;0;0;0;2;1;-12,90482172;-38,45556535;SPRF-BA;DEL01-BA;UOP01-DEL01-BA
597164;29/04/2024;segunda-feira;08:30:00;MG;365;628;UBERLANDIA;Ausência de reação do condutor;Colisão traseira;Com Vítimas Feridas;Pleno dia;Crescente;Céu Claro;Dupla;Reta;Não;2;0;1;0;1;0;1;2;-18,90175741;-48,35287106;SPRF-MG;DEL15-MG;UOP01-DEL15-MG
597166;29/04/2024;segunda-feira;07:30:00;PA;230;111;MARABA;Ausência de reação do condutor;Engavetamento;Com Vítimas Feridas;Pleno dia;Crescente;Céu Claro;Simples;Reta;Sim;8;0;2;0;6;0;2;3;-5,37139594;-49,04004698;SPRF-PA;DEL03-PA;UOP01-DEL03-PA
597169;29/04/2024;segunda-feira;09:20:00;MG;40;556;NOVA LIMA;Avarias e/ou desgaste excessivo no pneu;Saída de leito carroçável;Com Vítimas Feridas;Pleno dia;Decrescente;Céu Claro;Simples;Reta;Sim;1;0;0;1;0;0;1;1;-20,09356202;-43,97554136;SPRF-MG;DEL01-MG;UOP02-DEL01-MG
597170;14/04/2024;domingo;02:35:00;SP;381;49;ATIBAIA;Pedestre cruzava a pista fora da faixa;Atropelamento de Pedestre;Com Vítimas Fatais;Plena Noite;Crescente;Céu Claro;Dupla;"Reta;Aclive";Sim;4;1;0;0;3;0;0;4;-23,208169;-46,591785;SPRF-SP;DEL03-SP;UOP01-DEL03-SP
597171;29/04/2024;segunda-feira;09:00:00;SP;116;43,2;CANAS;Reação tardia ou ineficiente do condutor;Colisão com objeto;Com Vítimas Feridas;Pleno dia;Crescente;Céu Claro;Dupla;Reta;Não;2;0;1;1;0;0;2;1;-22,69171879;-44,98548681;SPRF-SP;DEL08-SP;UOP02-DEL08-SP
597172;29/04/2024;segunda-feira;09:50:00;BA;101;910;IBIRAPUA;Ultrapassagem Indevida;Colisão frontal;Com Vítimas Fatais;Pleno dia;Crescente;Céu Claro;Simples;Declive;Não;6;1;1;1;3;0;2;4;-17,8055111;-39,7840916;SPRF-BA;DEL09-BA;UOP02-DEL09-BA
597174;29/04/2024;segunda-feira;09:45:00;SP;116;205,9;GUARULHOS;Reação tardia ou ineficiente do condutor;Colisão com objeto;Com Vítimas Feridas;Pleno dia;Decrescente;Sol;Múltipla;Reta;Sim;3;0;2;0;1;0;2;1;-23,41475243;-46,36600788;SPRF-SP;DEL01-SP;UOP01-DEL01-SP
597177;29/04/2024;segunda-feira;10:22:00;DF;40;0,7;BRASILIA;Condutor deixou de manter distância do veículo da frente;Colisão lateral mesmo sentido;Com Vítimas Feridas;Pleno dia;Decrescente;Céu Claro;Dupla;Reta;Sim;2;0;1;0;1;0;1;2;-15,976897;-47,990129;SPRF-DF;DEL01-DF;UOP01-DEL01-DF