id;data_inversa;dia_semana;horario;uf;br;km;municipio;causa_acidente;tipo_acidente;classificacao_acidente;fase_dia;sentido_via;condicao_metereologica;tipo_pista;tracado_via;uso_solo;pessoas;mortos;feridos_leves;feridos_graves;ilesos;ignorados;feridos;veiculos;latitude;longitude;regional;delegacia;uop
597300;29/04/2024;segunda-feira;18:50:00;MG;459;29,3;CALDAS;Animais na Pista;Atropelamento de Animal;Com Vítimas Feridas;Anoitecer;Crescente;Céu Claro;Simples;Reta;Não;1;0;1;0;0;0;1;1;-21,913517;-46,380814;SPRF-MG;DEL09-MG;UOP01-DEL09-MG
597302;29/04/2024;segunda-feira;20:20:00;SP;116;150;SAO JOSE DOS CAMPOS;Reação tardia ou ineficiente do condutor;Colisão com objeto;Com Vítimas Feridas;Plena Noite;Decrescente;Céu Claro;Dupla;Reta;Sim;1;0;1;0;0;0;1;1;-23,21335525;-45,8930588;SPRF-SP;DEL02-SP;UOP01-DEL02-SP
597303;29/04/2024;segunda-feira;18:30:00;RJ;101;276;TANGUA;Iluminação deficiente;Queda de ocupante de veículo;Com Vítimas Feridas;Plena Noite;Crescente;Céu Claro;Dupla;Retorno Regulamentado;Sim;1;0;1;0;0;0;1;1;-22,73796393;-42,73871802;SPRF-RJ;DEL02-RJ;UOP03-DEL02-RJ
597304;29/04/2024;segunda-feira;17:00:00;RS;285;648,5;SANTO ANTONIO DAS MISSOES;Pista Escorregadia;Saída de leito carroçável;Com Vítimas Feridas;Pleno dia;Decrescente;Chuva;Simples;"Reta;Em Obras";Não;2;0;2;0;0;0;2;1;-28,620085;-55,741142;SPRF-RS;DEL12-RS;UOP01-DEL12-RS
597305;29/04/2024;segunda-feira;19:45:00;RJ;40;44;AREAL;Ausência de reação do condutor;Colisão traseira;Com Vítimas Feridas;Plena Noite;Crescente;Céu Claro;Dupla;"Aclive;Reta";Não;5;0;1;0;4;0;1;2;-22,27275475;-43,10869115;SPRF-RJ;DEL05-RJ;UOP02-DEL05-RJ
597307;29/04/2024;segunda-feira;20:10:00;SE;235;52,4;ITABAIANA;Velocidade Incompatível;Atropelamento de Pedestre;Com Vítimas Fatais;Plena Noite;Crescente;Nublado;Simples;"Reta;Declive";Sim;2;1;0;0;1;0;0;2;-10,693279;-37,437557;SPRF-SE;DEL01-SE;UOP02-DEL01-SE
597313;29/04/2024;segunda-feira;20:30:00;SP;116;150,7;SAO JOSE DOS CAMPOS;Reação tardia ou ineficiente do condutor;Colisão traseira;Com Vítimas Feridas;Plena Noite;Decrescente;Céu Claro;Múltipla;Reta;Sim;5;0;1;0;4;0;1;3;-23,21335525;-45,8930588;SPRF-SP;DEL02-SP;UOP01-DEL02-SP
597314;29/04/2024;segunda-feira;20:45:00;MS;163;361;NOVA ALVORADA DO SUL;Animais na Pista;Atropelamento de Animal;Com Vítimas Feridas;Plena Noite;Crescente;Céu Claro;Simples;Reta;Não;2;0;1;1;0;0;2;1;-21,4986441;-54,39515773;SPRF-MS;DEL02-MS;UOP01-DEL02-MS
597315;29/04/2024;segunda-feira;18:30:00;RJ;101;319;NITEROI;Demais falhas mecânicas ou elétricas;Colisão traseira;Com Vítimas Feridas;Anoitecer;Decrescente;Céu Claro;Dupla;Reta;Sim;2;0;1;0;1;0;1;2;-22,85411774;-43,1018014;SPRF-RJ;DEL02-RJ;UOP02-DEL02-RJ
597316;29/04/2024;segunda-feira;21:05:00;RJ;101;27;CAMPOS DOS GOYTACAZES;Objeto estático sobre o leito carroçável;Colisão com objeto;Sem Vítimas;Plena Noite;Crescente;Céu Claro;Simples;Reta;Não;2;0;0;0;2;0;0;1;-21,44032904;-41,34283239;SPRF-RJ;DEL08-RJ;UOP01-DEL08-RJ
597319;29/04/2024;segunda-feira;20:05:00;RJ;101;323;NITEROI;Trafegar com motocicleta (ou similar) entre as faixas;Colisão lateral mesmo sentido;Com Vítimas Feridas;Plena Noite;Decrescente;Céu Claro;Dupla;Reta;Sim;2;0;1;0;1;0;1;2;-22,87684786;-43,11728689;SPRF-RJ;DEL02-RJ;UOP01-DEL02-RJ
597320;29/04/2024;segunda-feira;20:05:00;RS;471;174,6;RIO PARDO;Desrespeitar a preferência no cruzamento;Colisão transversal;Sem Vítimas;Plena Noite;Crescente;Chuva;Simples;Rotatória;Sim;2;0;0;0;2;0;0;2;-29,98177679;-52,36966968;SPRF-RS;DEL02-RS;UOP03-DEL02-RS
597321;29/04/2024;segunda-feira;21:15:00;PR;277;76;SAO JOSE DOS PINHAIS;Ingestão de álcool pelo condutor;Colisão com objeto;Com Vítimas Feridas;Plena Noite;Crescente;Céu Claro;Dupla;"Reta;Ponte";Não;2;0;1;0;1;0;1;2;-25,48762609;-49,18150485;SPRF-PR;DEL01-PR;UOP07-DEL01-PR
597322;29/04/2024;segunda-feira;21:35:00;MG;459;45,3;SANTA RITA DE CALDAS;Acessar a via sem observar a presença dos outros veículos;Colisão transversal;Com Vítimas Feridas;Pleno dia;Decrescente;Céu Claro;Simples;"Curva;Interseção de Vias";Não;3;0;0;2;1;0;2;2;-22,00625395;-46,3112998;SPRF-MG;DEL09-MG;UOP01-DEL09-MG
597324;29/04/2024;segunda-feira;22:26:00;PR;277;722;FOZ DO IGUACU;Acessar a via sem observar a presença dos outros veículos;Colisão transversal;Com Vítimas Fatais;Plena Noite;Crescente;Céu Claro;Dupla;"Interseção de Vias;Reta";Não;2;1;1;0;0;0;1;2;-25,49494908;-54,52095097;SPRF-PR;DEL05-PR;UOP03-DEL05-PR
597326;29/04/2024;segunda-feira;23:00:00;SP;116;216;GUARULHOS;Ausência de reação do condutor;Colisão traseira;Com Vítimas Feridas;Plena Noite;Crescente;Céu Claro;Múltipla;Reta;Sim;2;0;1;0;1;0;1;2;-23,45056589;-46,46258105;SPRF-SP;DEL01-SP;UOP01-DEL01-SP
597327;29/04/2024;segunda-feira;22:10:00;RO;364;710;PORTO VELHO;Pedestre cruzava a pista fora da faixa;Atropelamento de Pedestre;Com Vítimas Feridas;Plena Noite;Decrescente;Céu Claro;Dupla;Reta;Sim;3;0;0;3;0;0;3;2;-8,78621576;-63,85712687;SPRF-RO;DEL01-RO;UOP01-DEL01-RO
597328;29/04/2024;segunda-feira;22:30:00;PR;376;295;MAUA DA SERRA;Curva acentuada;Saída de leito carroçável;Com Vítimas Feridas;Plena Noite;Crescente;Céu Claro;Simples;Viaduto;Não;2;0;1;0;1;0;1;1;-23,90627712;-51,19218528;SPRF-PR;DEL07-PR;UOP02-DEL07-PR
597329;29/04/2024;segunda-feira;23:44:00;GO;70;4;AGUAS LINDAS DE GOIAS;Ausência de reação do condutor;Capotamento;Com Vítimas Feridas;Plena Noite;Decrescente;Céu Claro;Dupla;"Curva;Declive";Não;2;0;1;1;0;0;2;1;-15,759838;-48,246011;SPRF-DF;DEL03-DF;UOP02-DEL03-DF
597330;29/04/2024;segunda-feira;23:55:00;PR;277;720,6;FOZ DO IGUACU;Ingestão de álcool pelo condutor;Atropelamento de Pedestre;Com Vítimas Feridas;Plena Noite;Crescente;Céu Claro;Dupla;Reta;Não;3;0;2;0;1;0;2;3;-25,48750984;-54,50317706;SPRF-PR;DEL05-PR;UOP03-DEL05-PR
597331;17/04/2024;quarta-feira;19:40:00;PE;232;11;RECIFE;Afundamento ou ondulação no pavimento;Colisão traseira;Com Vítimas Feridas;Plena Noite;Decrescente;Céu Claro;Dupla;Reta;Não;2;0;1;0;1;0;1;2;-8,08195464;-34,99545022;SPRF-PE;DEL01-PE;UOP01-DEL01-PE
597333;29/04/2024;segunda-feira;23:00:00;BA;101;339;TEOLANDIA;Ausência de reação do condutor;Saída de leito carroçável;Com Vítimas Fatais;Plena Noite;Crescente;Nublado;Simples;Reta;Não;1;1;0;0;0;0;0;1;-13,65498999;-39,48515623;SPRF-BA;DEL05-BA;UOP03-DEL05-BA
597334;29/04/2024;segunda-feira;17:55:00;PR;0;0;SANTA MARIA DO OESTE;Ausência de reação do condutor;Colisão frontal;Sem Vítimas;Pleno dia;Não Informado;Céu Claro;Simples;Reta;Não;3;0;0;0;2;1;0;2;-24,85720173;-51,74452521;SPRF-PR;DEL08-PR;UOP01-DEL08-PR
597335;30/04/2024;terça-feira;00:09:00;PB;230;40;SANTA RITA;Ausência de reação do condutor;Tombamento;Com Vítimas Feridas;Plena Noite;Crescente;Céu Claro;Dupla;Reta;Não;1;0;1;0;0;0;1;1;-7,1414;-34,9778;SPRF-PB;DEL01-PB;UOP03-DEL01-PB
597337;30/04/2024;terça-feira;01:40:00;SC;101;129;BALNEARIO CAMBORIU;Ingestão de álcool pelo condutor;Colisão com objeto;Sem Vítimas;Plena Noite;Decrescente;Chuva;Múltipla;Reta;Sim;1;0;0;0;1;0;0;1;-26,98064277;-48,6790679;SPRF-SC;DEL04-SC;UOP03-DEL04-SC
597341;30/04/2024;terça-feira;03:00:00;RJ;116;181;NOVA IGUACU;Acesso irregular;Atropelamento de Pedestre;Com Vítimas Fatais;Plena Noite;Crescente;Céu Claro;Múltipla;Reta;Sim;2;1;0;0;0;1;0;2;-22,761312;-43,423492;SPRF-RJ;DEL06-RJ;UOP01-DEL06-RJ
597343;30/04/2024;terça-feira;02:30:00;MG;116;685,4;MURIAE;Ausência de reação do condutor;Colisão com objeto;Com Vítimas Fatais;Plena Noite;Crescente;Céu Claro;Simples;"Aclive;Reta";Não;1;1;0;0;0;0;0;1;-20,98224297;-42,35482631;SPRF-MG;DEL07-MG;UOP02-DEL07-MG
597348;30/04/2024;terça-feira;05:00:00;SC;101;332,1;TUBARAO;Ingestão de álcool pelo condutor;Saída de leito carroçável;Com Vítimas Feridas;Plena Noite;Decrescente;Chuva;Múltipla;Reta;Sim;2;0;1;1;0;0;2;1;-28,46016431;-48,98968873;SPRF-SC;DEL02-SC;UOP01-DEL02-SC
597349;30/04/2024;terça-feira;05:40:00;ES;101;36,1;CONCEICAO DA BARRA;Reação tardia ou ineficiente do condutor;Tombamento;Com Vítimas Feridas;Pleno dia;Crescente;Céu Claro;Simples;Declive;Não;1;0;1;0;0;0;1;1;-18,45416994;-39,9307555;SPRF-ES;DEL04-ES;UOP02-DEL04-ES
597350;30/04/2024;terça-feira;06:00:00;RJ;116;186;NOVA IGUACU;Ausência de reação do condutor;Colisão lateral mesmo sentido;Com Vítimas Feridas;Amanhecer;Decrescente;Céu Claro;Dupla;Reta;Sim;3;0;2;0;1;0;2;3;-22,73962339;-43,46276495;SPRF-RJ;DEL06-RJ;UOP01-DEL06-RJ
597351;30/04/2024;terça-feira;05:20:00;SC;101;95,3;BARRA VELHA;Demais falhas mecânicas ou elétricas;Tombamento;Com Vítimas Feridas;Plena Noite;Crescente;Nublado;Múltipla;Reta;Sim;1;0;1;0;0;0;1;1;-26,70876413;-48,70221065;SPRF-SC;DEL03-SC;UOP02-DEL03-SC
597352;30/04/2024;terça-feira;06:20:00;MG;40;430,4;PARAOPEBA;Condutor Dormindo;Colisão traseira;Com Vítimas Feridas;Pleno dia;Decrescente;Céu Claro;Dupla;"Reta;Aclive";Não;11;0;5;3;1;2;8;10;-19,19144984;-44,48681487;SPRF-MG;DEL02-MG;UOP01-DEL02-MG
597356;30/04/2024;terça-feira;06:35:00;ES;101;270;SERRA;Acumulo de óleo sobre o pavimento;Queda de ocupante de veículo;Com Vítimas Feridas;Pleno dia;Crescente;Sol;Simples;"Viaduto;Aclive;Curva";Sim;1;0;1;0;0;0;1;1;-20,22662056;-40,27075088;SPRF-ES;DEL02-ES;UOP01-DEL02-ES
597359;29/04/2024;segunda-feira;18:40:00;MG;381;776,1;CAMPANHA;Ingestão de álcool pelo condutor;Saída de leito carroçável;Com Vítimas Feridas;Anoitecer;Decrescente;Céu Claro;Dupla;Reta;Não;3;0;3;0;0;0;3;1;-21,795366;-45,453317;SPRF-MG;DEL16-MG;UOP02-DEL16-MG
597361;30/04/2024;terça-feira;01:10:00;PR;277;614;CEU AZUL;Reação tardia ou ineficiente do condutor;Saída de leito carroçável;Com Vítimas Feridas;Plena Noite;Crescente;Céu Claro;Simples;Reta;Não;1;0;1;0;0;0;1;1;-25,06670037;-53,65635176;SPRF-PR;DEL05-PR;UOP02-DEL05-PR
597362;30/04/2024;terça-feira;00:05:00;RJ;393;285;VOLTA REDONDA;Acessar a via sem observar a presença dos outros veículos;Colisão transversal;Com Vítimas Feridas;Plena Noite;Decrescente;Ignorado;Simples;Reta;Sim;2;0;1;0;1;0;1;2;-22,50113872;-44,07234192;SPRF-RJ;DEL05-RJ;UOP04-DEL05-RJ
597363;30/04/2024;terça-feira;07:15:00;PB;230;504;CAJAZEIRAS;Acessar a via sem observar a presença dos outros veículos;Colisão transversal;Com Vítimas Feridas;Pleno dia;Crescente;Céu Claro;Simples;"Rotatória;Reta";Sim;2;0;1;0;0;1;1;2;-6,8995;-38,5494;SPRF-PB;DEL03-PB;UOP03-DEL03-PB
597365;30/04/2024;terça-feira;07:40:00;CE;116;14,8;FORTALEZA;Manobra de mudança de faixa;Engavetamento;Com Vítimas Feridas;Pleno dia;Decrescente;Chuva;Múltipla;"Reta;Em Obras";Sim;3;0;2;0;0;1;2;3;-3,87731394;-38,50021362;SPRF-CE;DEL01-CE;UOP02-DEL01-CE
597367;30/04/2024;terça-feira;07:50:00;RS;386;349,7;ESTRELA;Ausência de reação do condutor;Engavetamento;Com Vítimas Feridas;Pleno dia;Decrescente;Chuva;Dupla;Ponte;Sim;3;0;1;0;2;0;1;3;-29,46980984;-51,95345521;SPRF-RS;DEL04-RS;UOP01-DEL04-RS
597368;30/04/2024;terça-feira;08:10:00;RJ;495;3;TERESOPOLIS;Reação tardia ou ineficiente do condutor;Colisão lateral sentido oposto;Com Vítimas Feridas;Pleno dia;Decrescente;Céu Claro;Simples;"Reta;Interseção de Vias";Sim;2;0;1;0;1;0;1;2;-22,393378;-42,987063;SPRF-RJ;DEL04-RJ;UOP01-DEL04-RJ
597371;30/04/2024;terça-feira;07:50:00;PR;158;532;PATO BRANCO;Conversão proibida;Colisão traseira;Com Vítimas Feridas;Pleno dia;Decrescente;Céu Claro;Simples;"Declive;Reta";Sim;2;0;0;1;1;0;1;2;-26,21099702;-52,6807167;SPRF-PR;DEL02-PR;UOP01-DEL02-PR
597374;30/04/2024;terça-feira;08:30:00;SP;116;218;GUARULHOS;Trafegar com motocicleta (ou similar) entre as faixas;Colisão lateral mesmo sentido;Com Vítimas Feridas;Pleno dia;Crescente;Sol;Múltipla;Reta;Sim;2;0;1;0;1;0;1;2;-23,457972;-46,479927;SPRF-SP;DEL01-SP;UOP01-DEL01-SP
597375;30/04/2024;terça-feira;06:40:00;GO;70;305;ITAPIRAPUA;Reação tardia ou ineficiente do condutor;Colisão traseira;Com Vítimas Feridas;Pleno dia;Decrescente;Céu Claro;Simples;Reta;Não;3;0;1;1;1;0;2;2;-15,85686244;-50,75704194;SPRF-GO;DEL04-GO;UOP02-DEL04-GO
597376;30/04/2024;terça-feira;08:45:00;SC;282;4,2;SAO JOSE;Condutor deixou de manter distância do veículo da frente;Colisão traseira;Sem Vítimas;Pleno dia;Crescente;Céu Claro;Dupla;"Reta;Aclive";Sim;2;0;0;0;2;0;0;2;-27,592646;-48,604034;SPRF-SC;DEL01-SC;UOP01-DEL01-SC
597377;20/04/2024;sábado;09:10:00;PE;428;189;PETROLINA;Condutor deixou de manter distância do veículo da frente;Colisão traseira;Com Vítimas Feridas;Pleno dia;Crescente;Céu Claro;Dupla;Curva;Sim;2;0;1;0;1;0;1;2;-9,37533952;-40,48811674;SPRF-PE;DEL06-PE;UOP01-DEL06-PE
597378;30/04/2024;terça-feira;06:45:00;MT;364;270,9;JACIARA;Acumulo de óleo sobre o pavimento;Tombamento;Com Vítimas Feridas;Pleno dia;Decrescente;Céu Claro;Dupla;Declive;Sim;1;0;0;1;0;0;1;1;-15,9689785;-54,94463002;SPRF-MT;DEL05-MT;UOP02-DEL05-MT
597381;30/04/2024;terça-feira;07:40:00;PE;101;56,4;RECIFE;Manobra de mudança de faixa;Colisão lateral mesmo sentido;Com Vítimas Feridas;Pleno dia;Crescente;Céu Claro;Dupla;Reta;Não;3;0;2;0;1;0;2;2;-7,9554509;-34,91140727;SPRF-PE;DEL01-PE;UOP02-DEL01-PE
597384;30/04/2024;terça-feira;08:49:00;ES;101;299;VIANA;Demais falhas mecânicas ou elétricas;Colisão com objeto;Com Vítimas Feridas;Pleno dia;Crescente;Céu Claro;Múltipla;Curva;Sim;2;0;1;0;1;0;1;1;-20,35800327;-40,43122105;SPRF-ES;DEL01-ES;UOP01-DEL01-ES
597385;30/04/2024;terça-feira;07:00:00;BA;324;524;FEIRA DE SANTANA;Avarias e/ou desgaste excessivo no pneu;Queda de ocupante de veículo;Com Vítimas Feridas;Pleno dia;Crescente;Chuva;Dupla;Reta;Sim;1;0;1;0;0;0;1;1;-12,2955119;-38,90487093;SPRF-BA;DEL01-BA;UOP03-DEL01-BA
597387;30/04/2024;terça-feira;07:30:00;TO;153;662;GURUPI;Mal súbito do condutor;Saída de leito carroçável;Sem Vítimas;Pleno dia;Crescente;Céu Claro;Simples;"Reta;Declive";Não;2;0;0;0;2;0;0;1;-11,6397959;-49,05342831;SPRF-TO;DEL01-TO;UOP02-DEL01-TO
597389;29/04/2024;segunda-feira;14:12:00;AM;0;0;MANAUS;Condutor deixou de manter distância do veículo da frente;Colisão lateral mesmo sentido;Sem Vítimas;Pleno dia;Não Informado;Céu Claro;Múltipla;Reta;Sim;3;0;0;0;3;0;0;2;-3,105185;-60,013331;SPRF-AM;DEL01-AM;N/A
597394;06/04/2024;sábado;01:15:00;RJ;101;51;CAMPOS DOS GOYTACAZES;Reação tardia ou ineficiente do condutor;Atropelamento de Pedestre;Com Vítimas Fatais;Plena Noite;Decrescente;Céu Claro;Simples;Reta;Não;2;1;0;0;0;1;0;2;-21,647515;-41,311367;SPRF-RJ;DEL08-RJ;UOP01-DEL08-RJ
597398;30/04/2024;terça-feira;09:00:00;MT;163;832;SINOP;Condutor deixou de manter distância do veículo da frente;Colisão traseira;Com Vítimas Feridas;Pleno dia;Decrescente;Céu Claro;Simples;Retorno Regulamentado;Sim;2;0;1;0;1;0;1;2;-11,88203623;-55,50405806;SPRF-MT;DEL06-MT;UOP02-DEL06-MT
597399;30/04/2024;terça-feira;08:50:00;SC;101;393,7;CRICIUMA;Acumulo de água sobre o pavimento;Colisão traseira;Com Vítimas Feridas;Pleno dia;Decrescente;Chuva;Dupla;Declive;Não;3;0;0;1;2;0;1;2;-28,823848;-49,403289;SPRF-SC;DEL02-SC;UOP02-DEL02-SC
597401;30/04/2024;terça-feira;05:40:00;MG;153;172;COMENDADOR GOMES;Reação tardia ou ineficiente do condutor;Capotamento;Sem Vítimas;Amanhecer;Decrescente;Céu Claro;Dupla;Reta;Não;8;0;0;0;8;0;0;1;-19,73176526;-48,97297382;SPRF-MG;DEL13-MG;UOP02-DEL13-MG
597402;30/04/2024;terça-feira;07:40:00;GO;153;299,5;RIALMA;Reação tardia ou ineficiente do condutor;Queda de ocupante de veículo;Com Vítimas Feridas;Pleno dia;Decrescente;Sol;Simples;Reta;Sim;1;0;1;0;0;0;1;1;-15,277585;-49,552872;SPRF-GO;DEL02-GO;UOP02-DEL02-GO
597404;26/04/2024;sexta-feira;13:35:00;PR;277;27,5;MORRETES;Frear bruscamente;Colisão traseira;Com Vítimas Feridas;Pleno dia;Decrescente;Céu Claro;Dupla;Reta;Não;4;0;1;0;3;0;1;2;-25,541683;-48,776979;SPRF-PR;DEL01-PR;UOP05-DEL01-PR
597405;30/04/2024;terça-feira;09:20:00;RO;364;715;PORTO VELHO;Acessar a via sem observar a presença dos outros veículos;Colisão traseira;Com Vítimas Feridas;Pleno dia;Decrescente;Céu Claro;Dupla;Reta;Sim;2;0;1;0;1;0;1;2;-8,77957291;-63,89174213;SPRF-RO;DEL01-RO;UOP01-DEL01-RO
597407;30/04/2024;terça-feira;10:45:00;MG;251;511,4;FRANCISCO SA;Pista Escorregadia;Tombamento;Com Vítimas Feridas;Pleno dia;Decrescente;Céu Claro;Simples;Curva;Não;2;0;2;0;0;0;2;1;-16,64971316;-43,71299785;SPRF-MG;DEL12-MG;UOP01-DEL12-MG
597409;30/04/2024;terça-feira;11:10:00;SC;282;3,5;FLORIANOPOLIS;Transitar na contramão;Colisão frontal;Com Vítimas Feridas;Pleno dia;Crescente;Céu Claro;Múltipla;Reta;Não;2;0;1;0;1;0;1;2;-27,600384;-48,599705;SPRF-SC;DEL01-SC;UOP01-DEL01-SC
597410;30/04/2024;terça-feira;10:45:00;PR;163;214,9;CASCAVEL;Acessar a via sem observar a presença dos outros veículos;Colisão transversal;Com Vítimas Feridas;Pleno dia;Crescente;Céu Claro;Dupla;"Curva;Retorno Regulamentado";Não;3;0;0;1;2;0;1;2;-24,88671874;-53,55586404;SPRF-PR;DEL04-PR;UOP01-DEL04-PR
597414;30/04/2024;terça-feira;06:10:00;RJ;40;104;DUQUE DE CAXIAS;Ultrapassagem Indevida;Colisão lateral mesmo sentido;Com Vítimas Feridas;Pleno dia;Decrescente;Céu Claro;Dupla;Reta;Não;5;0;1;0;4;0;1;2;-22,62897902;-43,28579508;SPRF-RJ;DEL01-RJ;UOP02-DEL01-RJ
597416;30/04/2024;terça-feira;09:00:00;PA;230;88;SAO JOAO DO ARAGUAIA;Acessar a via sem observar a presença dos outros veículos;Colisão transversal;Com Vítimas Fatais;Pleno dia;Crescente;Céu Claro;Simples;Reta;Não;2;1;0;0;1;0;0;2;-5,47572;-48,86145;SPRF-PA;DEL03-PA;UOP01-DEL03-PA
597417;30/04/2024;terça-feira;11:30:00;PR;376;3;APUCARANA;Conversão proibida;Colisão transversal;Com Vítimas Feridas;Pleno dia;Decrescente;Céu Claro;Simples;Interseção de Vias;Sim;2;0;1;0;1;0;1;2;-23,55938464;-51,4369154;SPRF-PR;DEL07-PR;UOP03-DEL07-PR
597418;30/04/2024;terça-feira;11:30:00;PR;369;118,5;JATAIZINHO;Avarias e/ou desgaste excessivo no pneu;Tombamento;Com Vítimas Feridas;Pleno dia;Crescente;Céu Claro;Dupla;Reta;Não;2;0;2;0;0;0;2;1;-23,285882;-50,885329;SPRF-PR;DEL07-PR;UOP05-DEL07-PR
597419;30/04/2024;terça-feira;11:00:00;RN;226;69;SERRA CAIADA;Ingestão de álcool pelo condutor;Colisão transversal;Sem Vítimas;Pleno dia;Crescente;Nublado;Simples;Curva;Não;4;0;0;0;4;0;0;2;-6,09696332;-35,69979825;SPRF-RN;DEL01-RN;UOP02-DEL01-RN
597420;30/04/2024;terça-feira;11:15:00;RJ;101;48;CAMPOS DOS GOYTACAZES;Transitar na contramão;Colisão lateral mesmo sentido;Com Vítimas Feridas;Pleno dia;Decrescente;Céu Claro;Simples;Reta;Não;2;0;0;1;1;0;1;2;-21,61625895;-41,31535762;SPRF-RJ;DEL08-RJ;UOP01-DEL08-RJ
597423;30/04/2024;terça-feira;11:43:00;GO;60;31;ALEXANIA;Acessar a via sem observar a presença dos outros veículos;Colisão transversal;Com Vítimas Feridas;Pleno dia;Decrescente;Céu Claro;Dupla;Reta;Sim;2;0;1;0;1;0;1;2;-16,0963;-48,5202;SPRF-DF;DEL03-DF;UOP01-DEL03-DF
597424;30/04/2024;terça-feira;11:45:00;GO;153;436;ANAPOLIS;Ausência de reação do condutor;Colisão com objeto;Sem Vítimas;Pleno dia;Crescente;Céu Claro;Dupla;"Aclive;Reta";Sim;1;0;0;0;1;0;0;1;-16,283987;-48,951763;SPRF-GO;DEL02-GO;UOP01-DEL02-GO
597426;30/04/2024;terça-feira;11:45:00;SP;116;99,4;PINDAMONHANGABA;Acessar a via sem observar a presença dos outros veículos;Colisão lateral mesmo sentido;Com Vítimas Feridas;Pleno dia;Crescente;Céu Claro;Dupla;Reta;Não;2;0;1;0;1;0;1;2;-22,98236971;-45,46436617;SPRF-SP;DEL08-SP;UOP01-DEL08-SP
597427;30/04/2024;terça-feira;10:40:00;RS;116;265;CANOAS;Acumulo de água sobre o pavimento;Tombamento;Com Vítimas Feridas;Pleno dia;Decrescente;Chuva;Múltipla;Reta;Não;1;0;1;0;0;0;1;1;-29,92342302;-51,17780944;SPRF-RS;DEL01-RS;UOP01-DEL01-RS
597428;30/04/2024;terça-feira;08:30:00;PI;343;591,9;FLORIANO;Manobra de mudança de faixa;Colisão transversal;Com Vítimas Feridas;Pleno dia;Crescente;Céu Claro;Dupla;Reta;Sim;2;0;1;1;0;0;2;2;-6,781361;-43,023224;SPRF-PI;DEL03-PI;UOP01-DEL03-PI
597429;30/04/2024;terça-feira;12:40:00;RS;290;54,3;GLORINHA;Acumulo de água sobre o pavimento;Saída de leito carroçável;Com Vítimas Feridas;Pleno dia;Crescente;Chuva;Dupla;Reta;Não;2;0;2;0;0;0;2;1;-29,912643;-50,798103;SPRF-RS;DEL03-RS;UOP01-DEL03-RS
597431;30/04/2024;terça-feira;13:00:00;RJ;40;109;DUQUE DE CAXIAS;Condutor deixou de manter distância do veículo da frente;Colisão lateral mesmo sentido;Com Vítimas Feridas;Pleno dia;Crescente;Céu Claro;Dupla;Reta;Sim;4;0;2;0;2;0;2;4;-22,67374628;-43,28638368;SPRF-RJ;DEL01-RJ;UOP02-DEL01-RJ
597433;30/04/2024;terça-feira;12:20:00;CE;230;82,8;VARZEA ALEGRE;Ausência de reação do condutor;Colisão traseira;Com Vítimas Feridas;Pleno dia;Crescente;Céu Claro;Simples;Reta;Sim;1;0;1;0;0;0;1;1;-6,79048954;-39,31133028;SPRF-CE;DEL05-CE;UOP01-DEL05-CE
597434;30/04/2024;terça-feira;12:30:00;PR;277;98;CURITIBA;Trafegar com motocicleta (ou similar) entre as faixas;Colisão lateral mesmo sentido;Com Vítimas Feridas;Pleno dia;Decrescente;Céu Claro;Dupla;Reta;Sim;3;0;0;1;2;0;1;3;-25,540113;-49,311317;SPRF-PR;DEL01-PR;UOP06-DEL01-PR
597436;30/04/2024;terça-feira;13:55:00;GO;40;7,5;VALPARAISO DE GOIAS;Acessar a via sem observar a presença dos outros veículos;Colisão lateral mesmo sentido;Com Vítimas Feridas;Pleno dia;Decrescente;Céu Claro;Dupla;"Reta;Retorno Regulamentado";Sim;2;0;1;0;1;0;1;2;-16,108482;-47,972524;SPRF-DF;DEL01-DF;UOP01-DEL01-DF
597439;30/04/2024;terça-feira;14:00:00;RJ;40;123;DUQUE DE CAXIAS;Frear bruscamente;Colisão traseira;Com Vítimas Feridas;Pleno dia;Decrescente;Céu Claro;Múltipla;Reta;Não;3;0;1;0;2;0;1;2;-22,79907687;-43,29015739;SPRF-RJ;DEL01-RJ;UOP02-DEL01-RJ
597440;19/04/2024;sexta-feira;03:05:00;MG;40;577;ITABIRITO;Ingestão de substâncias psicoativas pelo condutor;Saída de leito carroçável;Sem Vítimas;Plena Noite;Decrescente;Céu Claro;Simples;Curva;Não;1;0;0;0;0;1;0;1;-20,27233504;-43,95198504;SPRF-MG;DEL01-MG;UOP02-DEL01-MG
597441;30/04/2024;terça-feira;10:40:00;PB;427;37;POMBAL;Acessar a via sem observar a presença dos outros veículos;Colisão transversal;Com Vítimas Feridas;Pleno dia;Crescente;Céu Claro;Simples;Interseção de Vias;Sim;4;0;1;0;3;0;1;2;-6,77010454;-37,79630542;SPRF-PB;DEL03-PB;UOP02-DEL03-PB
597444;30/04/2024;terça-feira;14:08:00;SC;470;45,9;GASPAR;Condutor Dormindo;Colisão lateral sentido oposto;Com Vítimas Feridas;Pleno dia;Decrescente;Céu Claro;Simples;"Curva;Em Obras";Não;5;0;1;0;4;0;1;3;-26,86048584;-49,03747559;SPRF-SC;DEL04-SC;UOP01-DEL04-SC