id;data_inversa;dia_semana;horario;uf;br;km;municipio;causa_acidente;tipo_acidente;classificacao_acidente;fase_dia;sentido_via;condicao_metereologica;tipo_pista;tracado_via;uso_solo;pessoas;mortos;feridos_leves;feridos_graves;ilesos;ignorados;feridos;veiculos;latitude;longitude;regional;delegacia;uop
597446;30/04/2024;terça-feira;10:50:00;RS;116;270;PORTO ALEGRE;Acumulo de água sobre o pavimento;Capotamento;Com Vítimas Feridas;Pleno dia;Decrescente;Chuva;Dupla;Curva;Não;1;0;1;0;0;0;1;1;-29,96839095;-51,17623895;SPRF-RS;DEL01-RS;UOP01-DEL01-RS
597449;30/04/2024;terça-feira;13:53:00;PR;376;619,2;SAO JOSE DOS PINHAIS;Acessar a via sem observar a presença dos outros veículos;Colisão lateral mesmo sentido;Com Vítimas Feridas;Pleno dia;Decrescente;Céu Claro;Simples;Reta;Sim;2;0;1;0;1;0;1;2;-25,60034699;-49,17355691;SPRF-PR;DEL01-PR;UOP04-DEL01-PR
597450;30/04/2024;terça-feira;13:15:00;MG;381;377,4;SAO GONCALO DO RIO ABAIXO;Ultrapassagem Indevida;Colisão frontal;Com Vítimas Feridas;Pleno dia;Crescente;Céu Claro;Simples;"Curva;Declive";Não;3;0;2;0;1;0;2;2;-19,8414365;-43,3178499;SPRF-MG;DEL01-MG;UOP01-DEL01-MG
597451;30/04/2024;terça-feira;15:30:00;PR;376;202,5;MANDAGUARI;Demais falhas mecânicas ou elétricas;Incêndio;Sem Vítimas;Pleno dia;Crescente;Céu Claro;Dupla;Reta;Não;1;0;0;0;1;0;0;1;-23,5095337;-51,72277451;SPRF-PR;DEL09-PR;UOP01-DEL09-PR
597452;19/04/2024;sexta-feira;22:15:00;SC;101;18,6;JOINVILLE;Velocidade Incompatível;Saída de leito carroçável;Com Vítimas Feridas;Plena Noite;Crescente;Céu Claro;Dupla;Curva;Não;1;0;1;0;0;0;1;1;-26,128553;-48,888776;SPRF-SC;DEL03-SC;UOP01-DEL03-SC
597457;30/04/2024;terça-feira;13:00:00;PE;428;106;SANTA MARIA DA BOA VISTA;Velocidade Incompatível;Saída de leito carroçável;Com Vítimas Feridas;Pleno dia;Decrescente;Céu Claro;Simples;Reta;Não;3;0;2;0;1;0;2;1;-8,86431829;-40,00325882;SPRF-PE;DEL06-PE;UOP03-DEL06-PE
597458;18/04/2024;quinta-feira;22:41:00;PE;101;70;RECIFE;Ultrapassagem Indevida;Saída de leito carroçável;Com Vítimas Feridas;Plena Noite;Crescente;Céu Claro;Dupla;Reta;Sim;2;0;1;0;1;0;1;2;-8,06776119;-34,94265074;SPRF-PE;DEL01-PE;UOP01-DEL01-PE
597460;30/04/2024;terça-feira;15:00:00;RJ;116;307,4;RESENDE;Demais falhas mecânicas ou elétricas;Incêndio;Sem Vítimas;Pleno dia;Decrescente;Sol;Dupla;Reta;Sim;1;0;0;0;1;0;0;1;-22,4574295;-44,41290736;SPRF-RJ;DEL07-RJ;UOP02-DEL07-RJ
597461;30/04/2024;terça-feira;16:20:00;SC;101;117;ITAJAI;Desrespeitar a preferência no cruzamento;Colisão transversal;Com Vítimas Feridas;Pleno dia;Decrescente;Céu Claro;Dupla;Reta;Sim;2;0;1;0;1;0;1;2;-26,88747187;-48,72252969;SPRF-SC;DEL04-SC;UOP04-DEL04-SC
597463;30/04/2024;terça-feira;16:40:00;PR;277;662,8;MATELANDIA;Ausência de reação do condutor;Colisão transversal;Com Vítimas Feridas;Pleno dia;Crescente;Céu Claro;Dupla;Reta;Não;2;0;1;0;1;0;1;2;-25,25121745;-54,00913508;SPRF-PR;DEL05-PR;UOP02-DEL05-PR
597464;30/04/2024;terça-feira;15:00:00;MA;316;519,1;CAXIAS;Transitar na contramão;Colisão frontal;Com Vítimas Feridas;Plena Noite;Crescente;Chuva;Simples;Declive;Não;5;0;2;2;1;0;4;2;-4,7672515;-43,61579373;SPRF-MA;DEL03-MA;UOP02-DEL03-MA
597465;30/04/2024;terça-feira;17:15:00;BA;116;424;FEIRA DE SANTANA;Acessar a via sem observar a presença dos outros veículos;Colisão traseira;Com Vítimas Feridas;Pleno dia;Decrescente;Céu Claro;Dupla;"Reta;Viaduto";Sim;2;0;1;0;1;0;1;2;-12,23236125;-38,97187471;SPRF-BA;DEL02-BA;UOP01-DEL02-BA
597467;30/04/2024;terça-feira;15:00:00;RS;386;217,8;TIO HUGO;Velocidade Incompatível;Saída de leito carroçável;Com Vítimas Feridas;Pleno dia;Crescente;Chuva;Simples;"Curva;Declive";Não;1;0;1;0;0;0;1;1;-28,592888;-52,603817;SPRF-RS;DEL04-RS;UOP03-DEL04-RS
597468;30/04/2024;terça-feira;17:20:00;RS;386;272,8;FONTOURA XAVIER;Acumulo de água sobre o pavimento;Colisão frontal;Com Vítimas Feridas;Pleno dia;Decrescente;Chuva;Simples;Curva;Não;2;0;0;2;0;0;2;2;-28,98914;-52,366314;SPRF-RS;DEL04-RS;UOP03-DEL04-RS
597469;30/04/2024;terça-feira;14:30:00;RJ;101;332;RIO DE JANEIRO;Manobra de mudança de faixa;Colisão lateral mesmo sentido;Com Vítimas Feridas;Pleno dia;Decrescente;Céu Claro;Múltipla;Reta;Não;2;0;0;1;1;0;1;2;-22,87133305;-43,20407695;SPRF-RJ;DEL02-RJ;UOP01-DEL02-RJ
597470;30/04/2024;terça-feira;17:20:00;PE;101;77;RECIFE;Trafegar com motocicleta (ou similar) entre as faixas;Colisão lateral mesmo sentido;Com Vítimas Feridas;Anoitecer;Crescente;Céu Claro;Dupla;Reta;Sim;2;0;1;0;1;0;1;2;-8,126982;-34,94386;SPRF-PE;DEL01-PE;UOP01-DEL01-PE
597472;30/04/2024;terça-feira;16:10:00;RJ;101;186;RIO DAS OSTRAS;Condutor Dormindo;Saída de leito carroçável;Com Vítimas Feridas;Pleno dia;Crescente;Céu Claro;Simples;Reta;Não;1;0;1;0;0;0;1;1;-22,43520581;-42,04301228;SPRF-RJ;DEL08-RJ;UOP04-DEL08-RJ
597475;30/04/2024;terça-feira;17:00:00;MS;163;729,9;COXIM;Acessar a via sem observar a presença dos outros veículos;Colisão transversal;Com Vítimas Feridas;Anoitecer;Crescente;Céu Claro;Simples;Reta;Sim;2;0;1;0;1;0;1;2;-18,51499621;-54,73747015;SPRF-MS;DEL06-MS;UOP01-DEL06-MS
597477;30/04/2024;terça-feira;17:00:00;CE;222;3;FORTALEZA;Reação tardia ou ineficiente do condutor;Colisão traseira;Com Vítimas Feridas;Pleno dia;Decrescente;Nublado;Dupla;"Reta;Declive";Sim;2;0;1;0;1;0;1;2;-3,7403769;-38,59569202;SPRF-CE;DEL01-CE;UOP01-DEL01-CE
597478;30/04/2024;terça-feira;17:40:00;RN;101;97;NATAL;Condutor deixou de manter distância do veículo da frente;Colisão traseira;Com Vítimas Feridas;Anoitecer;Decrescente;Céu Claro;Simples;"Reta;Declive";Sim;2;0;1;0;1;0;1;2;-5,862177;-35,214892;SPRF-RN;DEL01-RN;UOP01-DEL01-RN
597479;30/04/2024;terça-feira;18:30:00;BA;324;613;SALVADOR;Condutor deixou de manter distância do veículo da frente;Colisão traseira;Com Vítimas Feridas;Pleno dia;Crescente;Céu Claro;Dupla;Reta;Não;3;0;1;0;2;0;1;3;-12,85531601;-38,42055197;SPRF-BA;DEL01-BA;UOP01-DEL01-BA
597480;29/01/2024;segunda-feira;18:20:00;PE;101;50;ABREU E LIMA;Pedestre cruzava a pista fora da faixa;Atropelamento de Pedestre;Com Vítimas Feridas;Plena Noite;Decrescente;Céu Claro;Múltipla;"Reta;Em Obras";Sim;2;0;0;1;1;0;1;2;-7,90938602;-34,90123228;SPRF-PE;DEL01-PE;UOP02-DEL01-PE
597481;30/04/2024;terça-feira;17:32:00;MA;222;674,1;ACAILANDIA;Reação tardia ou ineficiente do condutor;Colisão transversal;Sem Vítimas;Anoitecer;Decrescente;Céu Claro;Simples;"Reta;Declive";Sim;2;0;0;0;0;2;0;2;-4,94304617;-47,4690399;SPRF-MA;DEL04-MA;UOP03-DEL04-MA
597483;30/04/2024;terça-feira;17:50:00;RN;304;31,7;MOSSORO;Trafegar com motocicleta (ou similar) entre as faixas;Colisão lateral mesmo sentido;Com Vítimas Feridas;Plena Noite;Decrescente;Céu Claro;Simples;Reta;Não;2;0;1;0;1;0;1;2;-5,12587296;-37,34293919;SPRF-RN;DEL04-RN;UOP02-DEL04-RN
597484;30/04/2024;terça-feira;18:30:00;SP;116;216,8;GUARULHOS;Acumulo de óleo sobre o pavimento;Queda de ocupante de veículo;Com Vítimas Feridas;Plena Noite;Crescente;Nublado;Múltipla;Declive;Sim;2;0;2;0;0;0;2;1;-23,45056589;-46,46258105;SPRF-SP;DEL01-SP;UOP01-DEL01-SP
597485;30/04/2024;terça-feira;18:00:00;AL;101;76,5;RIO LARGO;Conversão proibida;Capotamento;Sem Vítimas;Plena Noite;Crescente;Céu Claro;Dupla;Curva;Não;1;0;0;0;1;0;0;1;-9,41358489;-35,8408463;SPRF-AL;DEL01-AL;UOP01-DEL01-AL
597486;30/04/2024;terça-feira;16:45:00;MG;40;524,1;CONTAGEM;Reação tardia ou ineficiente do condutor;Colisão traseira;Com Vítimas Feridas;Pleno dia;Decrescente;Céu Claro;Dupla;Reta;Sim;2;0;1;0;1;0;1;2;-19,8754469;-44,05345586;SPRF-MG;DEL01-MG;UOP02-DEL01-MG
597488;30/04/2024;terça-feira;18:15:00;MS;163;257;DOURADOS;Acesso irregular;Colisão transversal;Com Vítimas Fatais;Plena Noite;Crescente;Céu Claro;Dupla;Reta;Sim;3;1;0;0;2;0;0;2;-22,25888398;-54,793819;SPRF-MS;DEL04-MS;UOP01-DEL04-MS
597489;30/04/2024;terça-feira;18:02:00;PR;158;535,5;PATO BRANCO;Condutor deixou de manter distância do veículo da frente;Colisão traseira;Com Vítimas Feridas;Anoitecer;Decrescente;Céu Claro;Simples;"Interseção de Vias;Rotatória";Sim;3;0;1;0;2;0;1;2;-26,23547098;-52,69066504;SPRF-PR;DEL02-PR;UOP01-DEL02-PR
597490;30/04/2024;terça-feira;16:40:00;BA;324;517;FEIRA DE SANTANA;Acostamento em desnível;Queda de ocupante de veículo;Com Vítimas Feridas;Pleno dia;Decrescente;Céu Claro;Simples;Reta;Sim;1;0;1;0;0;0;1;1;-12,24953308;-38,93362525;SPRF-BA;DEL02-BA;UOP01-DEL02-BA
597491;30/04/2024;terça-feira;18:50:00;PR;376;180;MARINGA;Reação tardia ou ineficiente do condutor;Colisão traseira;Com Vítimas Feridas;Plena Noite;Crescente;Céu Claro;Dupla;Reta;Sim;2;0;0;1;1;0;1;2;-23,42725352;-51,89512271;SPRF-PR;DEL09-PR;UOP01-DEL09-PR
597492;30/04/2024;terça-feira;18:40:00;SC;116;5,3;MAFRA;Condutor deixou de manter distância do veículo da frente;Colisão lateral mesmo sentido;Com Vítimas Feridas;Plena Noite;Decrescente;Céu Claro;Simples;"Reta;Declive";Sim;3;0;1;0;2;0;1;2;-26,14094396;-49,81508303;SPRF-SC;DEL06-SC;UOP01-DEL06-SC
597494;30/04/2024;terça-feira;17:05:00;AC;364;134,5;RIO BRANCO;Condutor deixou de manter distância do veículo da frente;Colisão traseira;Com Vítimas Feridas;Anoitecer;Decrescente;Céu Claro;Dupla;Reta;Sim;2;0;0;1;1;0;1;2;-9,993501;-67,84868;SPRF-AC;DEL01-AC;UOP01-DEL01-AC
597497;30/04/2024;terça-feira;18:30:00;MT;163;914;ITAUBA;Reação tardia ou ineficiente do condutor;Saída de leito carroçável;Com Vítimas Feridas;Plena Noite;Crescente;Céu Claro;Simples;Reta;Não;1;0;1;0;0;0;1;1;-11,17516007;-55,3111732;SPRF-MT;DEL06-MT;UOP02-DEL06-MT
597498;30/04/2024;terça-feira;18:55:00;PR;373;175,8;PONTA GROSSA;Entrada inopinada do pedestre;Atropelamento de Pedestre;Com Vítimas Fatais;Plena Noite;Decrescente;Céu Claro;Dupla;"Aclive;Reta";Sim;5;1;0;0;4;0;0;2;-25,061;-50,218;SPRF-PR;DEL03-PR;UOP01-DEL03-PR
597499;30/04/2024;terça-feira;17:40:00;RJ;101;322;NITEROI;Condutor deixou de manter distância do veículo da frente;Colisão traseira;Com Vítimas Feridas;Plena Noite;Crescente;Céu Claro;Dupla;Reta;Sim;2;0;1;0;1;0;1;2;-22,878923;-43,110676;SPRF-RJ;DEL02-RJ;UOP01-DEL02-RJ
597500;30/04/2024;terça-feira;18:20:00;MG;267;61,9;BICAS;Acessar a via sem observar a presença dos outros veículos;Colisão transversal;Com Vítimas Feridas;Plena Noite;Crescente;Céu Claro;Simples;"Interseção de Vias;Reta";Não;4;0;1;0;3;0;1;2;-21,73011876;-43,076114;SPRF-MG;DEL05-MG;UOP01-DEL05-MG
597501;30/04/2024;terça-feira;18:40:00;RJ;116;116;GUAPIMIRIM;Transitar na contramão;Colisão frontal;Sem Vítimas;Plena Noite;Decrescente;Céu Claro;Simples;Reta;Não;2;0;0;0;2;0;0;2;-22,5943135;-43,02305931;SPRF-RJ;DEL04-RJ;UOP02-DEL04-RJ
597503;30/04/2024;terça-feira;19:55:00;AL;104;59,1;MURICI;Pedestre cruzava a pista fora da faixa;Atropelamento de Pedestre;Com Vítimas Feridas;Plena Noite;Decrescente;Céu Claro;Simples;Reta;Sim;5;0;1;0;4;0;1;2;-9,31312007;-35,93329509;SPRF-AL;DEL01-AL;UOP02-DEL01-AL
597505;30/04/2024;terça-feira;16:30:00;MT;364;240,9;JUSCIMEIRA;Reação tardia ou ineficiente do condutor;Saída de leito carroçável;Com Vítimas Feridas;Anoitecer;Decrescente;Céu Claro;Dupla;"Reta;Retorno Regulamentado;Declive";Não;2;0;2;0;0;0;2;1;-16,17914141;-54,78905337;SPRF-MT;DEL02-MT;UOP01-DEL02-MT
597506;30/04/2024;terça-feira;18:50:00;MS;163;20;MUNDO NOVO;Acessar a via sem observar a presença dos outros veículos;Colisão transversal;Com Vítimas Feridas;Plena Noite;Decrescente;Céu Claro;Simples;Reta;Sim;3;0;0;1;2;0;1;2;-23,92529776;-54,2835309;SPRF-MS;DEL09-MS;UOP02-DEL09-MS
597507;30/04/2024;terça-feira;16:30:00;SC;101;132,4;BALNEARIO CAMBORIU;Trafegar com motocicleta (ou similar) entre as faixas;Colisão lateral mesmo sentido;Com Vítimas Feridas;Pleno dia;Decrescente;Céu Claro;Múltipla;Reta;Sim;2;0;1;0;1;0;1;2;-26,99654133;-48,65564711;SPRF-SC;DEL04-SC;UOP03-DEL04-SC
597509;30/04/2024;terça-feira;20:25:00;MG;381;7;BETIM;Reação tardia ou ineficiente do condutor;Colisão com objeto;Sem Vítimas;Plena Noite;Crescente;Céu Claro;Dupla;Reta;Sim;1;0;0;0;1;0;0;1;-19,96825;-44,198708;SPRF-MG;DEL01-MG;UOP03-DEL01-MG
597510;30/04/2024;terça-feira;20:00:00;AC;364;114;RIO BRANCO;Ausência de reação do condutor;Colisão traseira;Com Vítimas Feridas;Plena Noite;Crescente;Céu Claro;Simples;Reta;Não;2;0;1;1;0;0;2;2;-10,01332906;-67,70117698;SPRF-AC;DEL01-AC;UOP01-DEL01-AC
597511;30/04/2024;terça-feira;14:40:00;BA;101;234;SAPEACU;Reação tardia ou ineficiente do condutor;Saída de leito carroçável;Com Vítimas Feridas;Pleno dia;Crescente;Chuva;Simples;Reta;Não;1;0;1;0;0;0;1;1;-12,745894;-39,184116;SPRF-BA;DEL01-BA;UOP02-DEL01-BA
597512;30/04/2024;terça-feira;20:20:00;SP;381;53,5;MAIRIPORA;Pedestre cruzava a pista fora da faixa;Atropelamento de Pedestre;Com Vítimas Feridas;Plena Noite;Decrescente;Céu Claro;Dupla;Curva;Sim;3;0;0;1;1;1;1;3;-23,23727986;-46,59981085;SPRF-SP;DEL03-SP;UOP01-DEL03-SP
597513;30/04/2024;terça-feira;20:20:00;RN;101;99;NATAL;Manobra de mudança de faixa;Colisão lateral mesmo sentido;Com Vítimas Feridas;Plena Noite;Decrescente;Céu Claro;Dupla;Reta;Não;3;0;3;0;0;0;3;2;-5,87359183;-35,22063023;SPRF-RN;DEL01-RN;UOP01-DEL01-RN
597514;30/04/2024;terça-feira;17:45:00;MG;116;414;GOVERNADOR VALADARES;Ingestão de álcool pelo condutor;Colisão traseira;Com Vítimas Feridas;Plena Noite;Crescente;Céu Claro;Simples;Reta;Sim;2;0;0;1;1;0;1;2;-18,888862;-41,946123;SPRF-MG;DEL06-MG;UOP01-DEL06-MG
597515;30/04/2024;terça-feira;20:30:00;RS;290;106,3;ELDORADO DO SUL;Pedestre andava na pista;Atropelamento de Pedestre;Com Vítimas Feridas;Plena Noite;Crescente;Chuva;Dupla;Reta;Sim;2;0;0;1;1;0;1;2;-29,998999;-51,294563;SPRF-RS;DEL02-RS;UOP01-DEL02-RS
597516;30/04/2024;terça-feira;19:15:00;PR;373;176;PONTA GROSSA;Trafegar com motocicleta (ou similar) entre as faixas;Atropelamento de Pedestre;Com Vítimas Feridas;Plena Noite;Decrescente;Céu Claro;Dupla;Reta;Não;2;0;1;0;1;0;1;2;-25,06082803;-50,21845202;SPRF-PR;DEL03-PR;UOP01-DEL03-PR
597517;30/04/2024;terça-feira;20:05:00;GO;452;1,5;RIO VERDE;Ausência de reação do condutor;Colisão traseira;Com Vítimas Feridas;Plena Noite;Decrescente;Céu Claro;Dupla;Reta;Sim;2;0;0;1;0;1;1;2;-17,79126493;-50,89368296;SPRF-GO;DEL04-GO;UOP01-DEL04-GO
597518;30/04/2024;terça-feira;15:15:00;MG;262;464,1;ARAUJOS;Velocidade Incompatível;Saída de leito carroçável;Com Vítimas Feridas;Pleno dia;Crescente;Céu Claro;Simples;Reta;Não;1;0;1;0;0;0;1;1;-19,8117408;-45,10677395;SPRF-MG;DEL08-MG;UOP03-DEL08-MG
597520;30/04/2024;terça-feira;19:35:00;RJ;356;83;ITALVA;Iluminação deficiente;Tombamento;Com Vítimas Feridas;Plena Noite;Decrescente;Nublado;Simples;"Curva;Declive";Não;2;0;1;0;0;1;1;2;-21,47511498;-41,66873932;SPRF-RJ;DEL08-RJ;UOP03-DEL08-RJ
597521;30/04/2024;terça-feira;21:00:00;PR;376;15,4;MARINGA;Velocidade Incompatível;Colisão com objeto;Com Vítimas Feridas;Plena Noite;Decrescente;Céu Claro;Dupla;Curva;Sim;2;0;2;0;0;0;2;1;-23,41357563;-51,88059568;SPRF-PR;DEL09-PR;UOP01-DEL09-PR
597522;30/04/2024;terça-feira;21:30:00;SC;101;203;SAO JOSE;Ultrapassagem Indevida;Colisão lateral mesmo sentido;Com Vítimas Feridas;Plena Noite;Decrescente;Céu Claro;Múltipla;Reta;Sim;2;0;1;0;1;0;1;2;-27,5650044;-48,61460082;SPRF-SC;DEL01-SC;UOP01-DEL01-SC
597523;30/04/2024;terça-feira;21:20:00;RJ;101;308,3;SAO GONCALO;Animais na Pista;Atropelamento de Animal;Com Vítimas Feridas;Plena Noite;Crescente;Céu Claro;Dupla;Reta;Não;2;0;1;0;1;0;1;1;-22,79309326;-43,02479595;SPRF-RJ;DEL02-RJ;UOP02-DEL02-RJ
597524;30/04/2024;terça-feira;19:20:00;RJ;40;112;DUQUE DE CAXIAS;Ausência de reação do condutor;Colisão lateral mesmo sentido;Com Vítimas Feridas;Plena Noite;Decrescente;Céu Claro;Múltipla;Reta;Sim;2;0;1;0;1;0;1;2;-22,7004454;-43,29014851;SPRF-RJ;DEL01-RJ;UOP02-DEL01-RJ
597525;30/04/2024;terça-feira;22:20:00;RJ;116;76,8;TERESOPOLIS;Ausência de reação do condutor;Colisão frontal;Com Vítimas Feridas;Plena Noite;Decrescente;Céu Claro;Simples;Reta;Não;1;0;1;0;0;0;1;1;-22,36124312;-42,94876288;SPRF-RJ;DEL04-RJ;UOP01-DEL04-RJ
597526;30/04/2024;terça-feira;20:30:00;PI;343;262;CAMPO MAIOR;Acessar a via sem observar a presença dos outros veículos;Tombamento;Com Vítimas Feridas;Plena Noite;Crescente;Nublado;Simples;Reta;Sim;1;0;0;1;0;0;1;1;-4,81223;-42,153191;SPRF-PI;DEL01-PI;UOP03-DEL01-PI
597527;28/03/2024;quinta-feira;20:55:00;RN;101;125,5;SAO JOSE DE MIPIBU;Acessar a via sem observar a presença dos outros veículos;Colisão transversal;Com Vítimas Feridas;Plena Noite;Decrescente;Chuva;Dupla;"Interseção de Vias;Reta";Sim;3;0;1;1;1;0;2;2;-6,07815599;-35,23412006;SPRF-RN;DEL01-RN;UOP01-DEL01-RN
597528;30/04/2024;terça-feira;22:00:00;AP;210;0,7;MACAPA;Acessar a via sem observar a presença dos outros veículos;Colisão traseira;Com Vítimas Feridas;Plena Noite;Decrescente;Céu Claro;Dupla;Reta;Sim;2;0;1;0;1;0;1;2;0,07749056;-51,06866598;SPRF-AP;DEL01-AP;UOP01-DEL01-AP
597529;30/04/2024;terça-feira;22:40:00;RJ;101;59;CAMPOS DOS GOYTACAZES;Conversão proibida;Colisão transversal;Com Vítimas Feridas;Plena Noite;Crescente;Céu Claro;Simples;Reta;Sim;2;0;1;0;1;0;1;2;-21,720639;-41,314582;SPRF-RJ;DEL08-RJ;UOP01-DEL08-RJ
597530;30/04/2024;terça-feira;20:20:00;MG;116;665,1;SAO FRANCISCO DO GLORIA;Reação tardia ou ineficiente do condutor;Colisão com objeto;Com Vítimas Feridas;Plena Noite;Decrescente;Céu Claro;Simples;Curva;Não;1;0;1;0;0;0;1;1;-20,83342;-42,322115;SPRF-MG;DEL07-MG;UOP02-DEL07-MG
597532;30/04/2024;terça-feira;15:45:00;SC;480;129,6;CHAPECO;Ultrapassagem Indevida;Colisão frontal;Com Vítimas Feridas;Pleno dia;Crescente;Céu Claro;Simples;"Aclive;Reta";Sim;2;0;1;0;1;0;1;2;-27,05218905;-52,63605595;SPRF-SC;DEL07-SC;UOP01-DEL07-SC
597535;30/04/2024;terça-feira;21:05:00;MT;163;560;DIAMANTINO;Reação tardia ou ineficiente do condutor;Queda de ocupante de veículo;Com Vítimas Feridas;Plena Noite;Decrescente;Céu Claro;Simples;Declive;Não;1;0;1;0;0;0;1;1;-14,23756178;-56,11786216;SPRF-MT;DEL01-MT;UOP01-DEL01-MT
597537;30/04/2024;terça-feira;21:20:00;PB;230;475;SOUSA;Acessar a via sem observar a presença dos outros veículos;Colisão transversal;Com Vítimas Feridas;Plena Noite;Crescente;Céu Claro;Simples;"Interseção de Vias;Curva";Não;2;0;1;0;1;0;1;2;-6,835686;-38,315195;SPRF-PB;DEL03-PB;UOP03-DEL03-PB
597538;30/04/2024;terça-feira;23:00:00;PR;116;128,4;FAZENDA RIO GRANDE;Reação tardia ou ineficiente do condutor;Saída de leito carroçável;Com Vítimas Feridas;Plena Noite;Crescente;Céu Claro;Dupla;Reta;Sim;1;0;1;0;0;0;1;1;-25,69691616;-49,31934357;SPRF-PR;DEL01-PR;UOP03-DEL01-PR
597539;30/04/2024;terça-feira;22:40:00;SC;101;52,9;JOINVILLE;Manobra de mudança de faixa;Colisão lateral mesmo sentido;Com Vítimas Feridas;Plena Noite;Crescente;Nublado;Dupla;Reta;Não;2;0;1;0;1;0;1;2;-26,39111608;-48,83984239;SPRF-SC;DEL03-SC;UOP01-DEL03-SC
597547;01/05/2024;quarta-feira;00:40:00;RJ;101;58;CAMPOS DOS GOYTACAZES;Ingestão de álcool pelo condutor;Colisão frontal;Com Vítimas Feridas;Plena Noite;Decrescente;Céu Claro;Simples;Reta;Sim;4;0;1;1;2;0;2;2;-21,68714199;-41,31063697;SPRF-RJ;DEL08-RJ;UOP01-DEL08-RJ
597548;01/05/2024;quarta-feira;02:55:00;GO;40;1;VALPARAISO DE GOIAS;Ingestão de álcool pelo condutor;Colisão traseira;Com Vítimas Feridas;Plena Noite;Crescente;Céu Claro;Dupla;"Reta;Declive";Sim;3;0;1;0;1;1;1;3;-16,058245;-47,982825;SPRF-DF;DEL01-DF;UOP01-DEL01-DF
597549;01/05/2024;quarta-feira;03:30:00;SC;101;120;ITAJAI;Condutor Dormindo;Tombamento;Sem Vítimas;Plena Noite;Decrescente;Nevoeiro/Neblina;Dupla;Reta;Sim;1;0;0;0;1;0;0;1;-26,912758;-48,711998;SPRF-SC;DEL04-SC;UOP04-DEL04-SC
597551;01/05/2024;quarta-feira;03:30:00;PR;376;102,3;PARANAVAI;Ausência de reação do condutor;Saída de leito carroçável;Com Vítimas Fatais;Plena Noite;Decrescente;Céu Claro;Dupla;"Curva;Aclive";Não;1;1;0;0;0;0;0;1;-23,0415656;-52,47326195;SPRF-PR;DEL09-PR;UOP02-DEL09-PR
597552;01/05/2024;quarta-feira;02:15:00;MG;262;19,2;MARTINS SOARES;Ingestão de álcool pelo condutor;Colisão frontal;Com Vítimas Feridas;Pleno dia;Decrescente;Céu Claro;Simples;Curva;Não;3;0;1;2;0;0;3;2;-20,24812441;-41,90211694;SPRF-MG;DEL06-MG;UOP03-DEL06-MG
597553;01/05/2024;quarta-feira;02:30:00;PR;116;121;CURITIBA;Ausência de reação do condutor;Colisão com objeto;Sem Vítimas;Plena Noite;Decrescente;Céu Claro;Dupla;Reta;Não;1;0;0;0;1;0;0;1;-25,5599323;-49,30743945;SPRF-PR;DEL01-PR;UOP03-DEL01-PR
597554;30/04/2024;terça-feira;18:24:00;MT;364;384;SANTO ANTONIO DO LEVERGER;Acessar a via sem observar a presença dos outros veículos;Colisão transversal;Com Vítimas Feridas;Plena Noite;Decrescente;Céu Claro;Dupla;Reta;Não;3;0;1;0;2;0;1;2;-15,70242494;-55,809438;SPRF-MT;DEL01-MT;UOP02-DEL01-MT
597555;01/05/2024;quarta-feira;04:20:00;SC;282;516,1;XAXIM;Condutor Dormindo;Saída de leito carroçável;Com Vítimas Feridas;Plena Noite;Crescente;Céu Claro;Simples;Curva;Não;1;0;1;0;0;0;1;1;-26,92948723;-52,49959183;SPRF-SC;DEL07-SC;UOP01-DEL07-SC
597556;01/05/2024;quarta-feira;04:00:00;PR;369;53,8;BANDEIRANTES;Ingestão de álcool pelo condutor;Tombamento;Com Vítimas Feridas;Plena Noite;Crescente;Céu Claro;Simples;"Interseção de Vias;Reta";Sim;2;0;2;0;0;0;2;1;-23,10418472;-50,3508085;SPRF-PR;DEL07-PR;UOP05-DEL07-PR
597558;01/05/2024;quarta-feira;03:50:00;SC;470;58;BLUMENAU;Ingestão de álcool pelo condutor;Colisão transversal;Com Vítimas Feridas;Plena Noite;Decrescente;Céu Claro;Simples;Curva;Sim;3;0;1;1;1;0;2;2;-26,883879;-49,145622;SPRF-SC;DEL04-SC;UOP01-DEL04-SC
597559;01/05/2024;quarta-feira;04:30:00;RS;116;232;ESTANCIA VELHA;Ingestão de álcool pelo condutor;Colisão com objeto;Sem Vítimas;Plena Noite;Crescente;Chuva;Simples;"Aclive;Curva";Sim;1;0;0;0;1;0;0;1;-29,63300002;-51,14325106;SPRF-RS;DEL01-RS;UOP02-DEL01-RS
597560;01/05/2024;quarta-feira;05:00:00;GO;414;339,7;COCALZINHO DE GOIAS;Animais na Pista;Saída de leito carroçável;Com Vítimas Feridas;Plena Noite;Crescente;Ignorado;Simples;Reta;Não;2;0;2;0;0;0;2;1;-15,580993;-48,628662;SPRF-GO;DEL02-GO;UOP01-DEL02-GO
597561;01/05/2024;quarta-feira;04:58:00;SC;470;97,2;APIUNA;Acessar a via sem observar a presença dos outros veículos;Colisão transversal;Com Vítimas Fatais;Plena Noite;Crescente;Céu Claro;Simples;Reta;Sim;3;1;0;0;0;2;0;3;-27,02934067;-49,38222528;SPRF-SC;DEL04-SC;UOP01-DEL04-SC
597562;01/05/2024;quarta-feira;05:11:00;SC;280;51,5;GUARAMIRIM;Manobra de mudança de faixa;Colisão lateral mesmo sentido;Com Vítimas Feridas;Amanhecer;Decrescente;Céu Claro;Dupla;Reta;Sim;3;0;1;0;2;0;1;2;-26,46834486;-48,96297455;SPRF-SC;DEL03-SC;UOP03-DEL03-SC