id;data_inversa;dia_semana;horario;uf;br;km;municipio;causa_acidente;tipo_acidente;classificacao_acidente;fase_dia;sentido_via;condicao_metereologica;tipo_pista;tracado_via;uso_solo;pessoas;mortos;feridos_leves;feridos_graves;ilesos;ignorados;feridos;veiculos;latitude;longitude;regional;delegacia;uop
597669;01/05/2024;quarta-feira;19:00:00;PA;163;985,8;SANTAREM;Conversão proibida;Colisão frontal;Com Vítimas Feridas;Plena Noite;Crescente;Céu Claro;Simples;Reta;Sim;2;0;1;0;1;0;1;2;-2,60170904;-54,7193154;SPRF-PA;DEL05-PA;UOP01-DEL05-PA
597670;01/05/2024;quarta-feira;19:45:00;SC;101;89;BARRA VELHA;Ausência de reação do condutor;Colisão traseira;Com Vítimas Feridas;Plena Noite;Decrescente;Nublado;Simples;Reta;Sim;3;0;2;0;1;0;2;2;-26,65175997;-48,68721921;SPRF-SC;DEL03-SC;UOP02-DEL03-SC
597672;01/05/2024;quarta-feira;19:55:00;SP;116;194;ARUJA;Trafegar com motocicleta (ou similar) entre as faixas;Tombamento;Com Vítimas Feridas;Plena Noite;Crescente;Céu Claro;Múltipla;Reta;Sim;3;0;0;1;0;2;1;2;-23,38497189;-46,26686105;SPRF-SP;DEL01-SP;UOP01-DEL01-SP
597673;01/05/2024;quarta-feira;19:30:00;PR;277;77;CURITIBA;Ingestão de álcool pelo condutor;Colisão traseira;Com Vítimas Feridas;Plena Noite;Decrescente;Céu Claro;Dupla;Reta;Não;2;0;1;0;1;0;1;2;-25,48750988;-49,18214858;SPRF-PR;DEL01-PR;UOP07-DEL01-PR
597674;01/05/2024;quarta-feira;19:30:00;PE;101;1,3;RIBEIRAO;Ingestão de álcool pelo condutor;Colisão frontal;Sem Vítimas;Plena Noite;Crescente;Céu Claro;Simples;Reta;Sim;2;0;0;0;0;2;0;2;-8,50316;-35,3739;SPRF-PE;DEL01-PE;UOP03-DEL01-PE
597678;22/04/2024;segunda-feira;19:45:00;PE;407;124;PETROLINA;Manobra de mudança de faixa;Colisão transversal;Com Vítimas Feridas;Plena Noite;Crescente;Céu Claro;Dupla;Reta;Sim;2;0;1;0;1;0;1;2;-9,37514782;-40,53882306;SPRF-PE;DEL06-PE;UOP01-DEL06-PE
597679;01/05/2024;quarta-feira;20:15:00;SC;470;57,6;BLUMENAU;Falta de elemento de contenção que evite a saída do leito carroçável;Saída de leito carroçável;Com Vítimas Feridas;Plena Noite;Crescente;Céu Claro;Dupla;Desvio Temporário;Sim;1;0;1;0;0;0;1;1;-26,880428;-49,136532;SPRF-SC;DEL04-SC;UOP01-DEL04-SC
597680;01/05/2024;quarta-feira;19:50:00;RN;226;13,9;MACAIBA;Transitar na contramão;Colisão frontal;Com Vítimas Feridas;Plena Noite;Crescente;Nublado;Simples;Reta;Não;2;0;0;1;1;0;1;2;-5,85369361;-35,3275818;SPRF-RN;DEL01-RN;UOP02-DEL01-RN
597681;01/05/2024;quarta-feira;20:50:00;RJ;101;65;CAMPOS DOS GOYTACAZES;Ingestão de álcool pelo condutor;Colisão transversal;Sem Vítimas;Plena Noite;Crescente;Céu Claro;Dupla;Curva;Sim;2;0;0;0;2;0;0;2;-21,75371806;-41,344292;SPRF-RJ;DEL08-RJ;UOP02-DEL08-RJ
597682;01/05/2024;quarta-feira;18:40:00;PI;343;306;ALTOS;Condutor deixou de manter distância do veículo da frente;Colisão traseira;Com Vítimas Feridas;Anoitecer;Decrescente;Céu Claro;Simples;Reta;Sim;2;0;1;0;1;0;1;2;-5,038756;-42,450893;SPRF-PI;DEL01-PI;UOP01-DEL01-PI
597683;01/05/2024;quarta-feira;18:30:00;GO;153;490;GOIANIA;Avarias e/ou desgaste excessivo no pneu;Queda de ocupante de veículo;Com Vítimas Feridas;Plena Noite;Crescente;Céu Claro;Dupla;Curva;Sim;1;0;0;1;0;0;1;1;-16,6298;-49,2056;SPRF-GO;DEL01-GO;UOP01-DEL01-GO
597684;01/05/2024;quarta-feira;18:50:00;SC;470;103;APIUNA;Manobra de mudança de faixa;Colisão frontal;Com Vítimas Feridas;Plena Noite;Crescente;Céu Claro;Simples;Curva;Não;4;0;2;0;1;1;2;3;-27,064796;-49,401424;SPRF-SC;DEL04-SC;UOP02-DEL04-SC
597685;01/05/2024;quarta-feira;20:20:00;PR;116;12;COLOMBO;Reação tardia ou ineficiente do condutor;Capotamento;Com Vítimas Feridas;Plena Noite;Crescente;Céu Claro;Dupla;"Reta;Declive";Sim;2;0;2;0;0;0;2;1;-25,37718096;-49,15397465;SPRF-PR;DEL01-PR;UOP02-DEL01-PR
597686;01/05/2024;quarta-feira;20:30:00;BA;101;7,9;RIO REAL;Reação tardia ou ineficiente do condutor;Queda de ocupante de veículo;Com Vítimas Feridas;Plena Noite;Decrescente;Céu Claro;Dupla;Reta;Não;1;0;0;1;0;0;1;1;-11,60539795;-37,88039716;SPRF-SE;DEL02-SE;UOP03-DEL02-SE
597687;01/05/2024;quarta-feira;21:00:00;GO;20;181,1;SIMOLANDIA;Transitar na contramão;Atropelamento de Pedestre;Com Vítimas Fatais;Plena Noite;Crescente;Céu Claro;Dupla;"Reta;Retorno Regulamentado";Sim;4;1;0;0;3;0;0;3;-14,470801;-46,486183;SPRF-DF;DEL02-DF;UOP03-DEL02-DF
597688;01/05/2024;quarta-feira;20:50:00;PR;376;232;APUCARANA;Animais na Pista;Saída de leito carroçável;Com Vítimas Feridas;Plena Noite;Crescente;Céu Claro;Dupla;"Reta;Declive";Não;3;0;3;0;0;0;3;1;-23,57126885;-51,50557362;SPRF-PR;DEL07-PR;UOP03-DEL07-PR
597692;01/05/2024;quarta-feira;21:30:00;BA;324;608;SIMOES FILHO;Demais falhas mecânicas ou elétricas;Tombamento;Com Vítimas Feridas;Plena Noite;Decrescente;Céu Claro;Dupla;Reta;Sim;2;0;2;0;0;0;2;1;-12,83155228;-38,412323;SPRF-BA;DEL01-BA;UOP01-DEL01-BA
597693;01/05/2024;quarta-feira;18:30:00;SP;116;537;BARRA DO TURVO;Reação tardia ou ineficiente do condutor;Saída de leito carroçável;Com Vítimas Feridas;Plena Noite;Decrescente;Ignorado;Simples;Curva;Não;1;0;1;0;0;0;1;1;-24,96954537;-48,36403797;SPRF-SP;DEL05-SP;UOP02-DEL05-SP
597694;01/05/2024;quarta-feira;19:20:00;MG;262;33;MANHUACU;Reação tardia ou ineficiente do condutor;Colisão com objeto;Com Vítimas Feridas;Plena Noite;Crescente;Céu Claro;Simples;Reta;Não;1;0;0;1;0;0;1;1;-20,25550548;-42,00465315;SPRF-MG;DEL06-MG;UOP03-DEL06-MG
597695;01/05/2024;quarta-feira;19:37:00;RJ;101;326,9;NITEROI;Condutor deixou de manter distância do veículo da frente;Colisão lateral mesmo sentido;Com Vítimas Feridas;Plena Noite;Decrescente;Céu Claro;Dupla;Reta;Não;3;0;2;0;0;1;2;2;-22,87206203;-43,146105;SPRF-RJ;DEL02-RJ;UOP01-DEL02-RJ
597696;01/05/2024;quarta-feira;18:45:00;RS;468;89;BOM PROGRESSO;Ingestão de álcool pelo condutor;Saída de leito carroçável;Com Vítimas Feridas;Plena Noite;Crescente;Céu Claro;Simples;"Interseção de Vias;Reta";Não;5;0;0;5;0;0;5;1;-27,56720612;-53,86052773;SPRF-RS;DEL08-RS;UOP02-DEL08-RS
597697;23/03/2024;sábado;15:17:00;ES;259;100,3;BAIXO GUANDU;Ausência de reação do condutor;Colisão com objeto;Com Vítimas Feridas;Pleno dia;Crescente;Céu Claro;Dupla;Reta;Não;1;0;0;1;0;0;1;1;-19,51441295;-40,99560702;SPRF-ES;DEL02-ES;UOP01-DEL02-ES
597699;01/05/2024;quarta-feira;19:20:00;SC;101;141,5;BALNEARIO CAMBORIU;Demais falhas mecânicas ou elétricas;Colisão com objeto;Com Vítimas Feridas;Plena Noite;Decrescente;Nublado;Dupla;Reta;Sim;2;0;0;2;0;0;2;1;-27,05197884;-48,59780788;SPRF-SC;DEL04-SC;UOP03-DEL04-SC
597701;01/05/2024;quarta-feira;21:40:00;SC;101;11;GARUVA;Velocidade Incompatível;Capotamento;Sem Vítimas;Plena Noite;Crescente;Nublado;Dupla;Reta;Não;1;0;0;0;0;1;0;1;-26,07202503;-48,86100853;SPRF-SC;DEL03-SC;UOP01-DEL03-SC
597702;01/05/2024;quarta-feira;21:50:00;SC;101;157,3;PORTO BELO;Reação tardia ou ineficiente do condutor;Colisão lateral mesmo sentido;Sem Vítimas;Plena Noite;Crescente;Céu Claro;Dupla;Reta;Não;2;0;0;0;2;0;0;2;-27,181625;-48,6121179;SPRF-SC;DEL04-SC;UOP03-DEL04-SC
597703;01/05/2024;quarta-feira;19:30:00;SC;280;79;CORUPA;Reação tardia ou ineficiente do condutor;Colisão lateral mesmo sentido;Com Vítimas Feridas;Plena Noite;Crescente;Céu Claro;Simples;Curva;Não;2;0;1;1;0;0;2;2;-26,44657315;-49,20157809;SPRF-SC;DEL06-SC;UOP03-DEL06-SC
597704;01/05/2024;quarta-feira;21:30:00;MT;364;553,9;NOBRES;Ausência de reação do condutor;Colisão traseira;Com Vítimas Feridas;Plena Noite;Crescente;Céu Claro;Dupla;Reta;Não;2;0;2;0;0;0;2;2;-14,78569204;-56,38777971;SPRF-MT;DEL01-MT;UOP01-DEL01-MT
597705;01/05/2024;quarta-feira;18:00:00;MS;163;459;CAMPO GRANDE;Ingestão de álcool pelo condutor;Colisão com objeto;Sem Vítimas;Plena Noite;Crescente;Céu Claro;Simples;"Reta;Declive";Não;2;0;0;0;2;0;0;1;-20,64663492;-54,56591872;SPRF-MS;DEL01-MS;UOP01-DEL01-MS
597707;01/05/2024;quarta-feira;22:20:00;MG;116;413;GOVERNADOR VALADARES;Demais falhas na via;Colisão com objeto;Com Vítimas Feridas;Plena Noite;Crescente;Céu Claro;Simples;Interseção de Vias;Sim;2;0;2;0;0;0;2;1;-18,8803106;-41,96019888;SPRF-MG;DEL06-MG;UOP01-DEL06-MG
597708;01/05/2024;quarta-feira;22:35:00;PR;469;13;FOZ DO IGUACU;Demais falhas mecânicas ou elétricas;Queda de ocupante de veículo;Com Vítimas Feridas;Plena Noite;Crescente;Céu Claro;Simples;Desvio Temporário;Sim;2;0;1;1;0;0;2;1;-25,57591115;-54,5477736;SPRF-PR;DEL05-PR;UOP04-DEL05-PR
597709;01/05/2024;quarta-feira;20:50:00;BA;235;346;JUAZEIRO;Ausência de reação do condutor;Atropelamento de Pedestre;Com Vítimas Fatais;Plena Noite;Decrescente;Céu Claro;Simples;Reta;Não;3;1;0;0;0;2;0;2;-9,45259129;-40,48292825;SPRF-PE;DEL06-PE;UOP01-DEL06-PE
597710;01/05/2024;quarta-feira;23:00:00;RS;116;268;CANOAS;Acumulo de água sobre o pavimento;Colisão com objeto;Sem Vítimas;Plena Noite;Decrescente;Chuva;Simples;Reta;Sim;1;0;0;0;1;0;0;1;-29,9594895;-51,1760195;SPRF-RS;DEL01-RS;UOP01-DEL01-RS
597711;01/05/2024;quarta-feira;18:45:00;PR;373;440;CHOPINZINHO;Pedestre andava na pista;Atropelamento de Pedestre;Com Vítimas Fatais;Plena Noite;Crescente;Céu Claro;Simples;Reta;Não;4;1;0;0;3;0;0;2;-25,81075207;-52,28878093;SPRF-PR;DEL02-PR;UOP01-DEL02-PR
597712;01/05/2024;quarta-feira;21:45:00;RJ;116;173;SAO JOAO DE MERITI;Ausência de reação do condutor;Colisão com objeto;Com Vítimas Feridas;Plena Noite;Crescente;Céu Claro;Múltipla;Reta;Sim;2;0;1;0;1;0;1;1;-22,79810324;-43,35726614;SPRF-RJ;DEL06-RJ;UOP01-DEL06-RJ
597713;01/05/2024;quarta-feira;22:00:00;PE;104;80,4;AGRESTINA;Demais falhas mecânicas ou elétricas;Incêndio;Sem Vítimas;Plena Noite;Decrescente;Céu Claro;Simples;Reta;Não;1;0;0;0;0;1;0;1;-8,397874;-35,973396;SPRF-PE;DEL02-PE;UOP01-DEL02-PE
597714;01/05/2024;quarta-feira;22:15:00;MG;356;267,5;MURIAE;Ausência de reação do condutor;Colisão com objeto;Com Vítimas Feridas;Plena Noite;Crescente;Céu Claro;Simples;"Reta;Interseção de Vias";Sim;1;0;0;1;0;0;1;1;-21,12725696;-42,35052695;SPRF-MG;DEL07-MG;UOP02-DEL07-MG
597715;01/05/2024;quarta-feira;22:50:00;GO;70;5;AGUAS LINDAS DE GOIAS;Ausência de reação do condutor;Colisão com objeto;Com Vítimas Feridas;Plena Noite;Crescente;Céu Claro;Múltipla;Reta;Sim;2;0;2;0;0;0;2;1;-15,75683677;-48,25464732;SPRF-DF;DEL03-DF;UOP02-DEL03-DF
597718;01/05/2024;quarta-feira;23:30:00;RS;472;600;URUGUAIANA;Ingestão de álcool pelo condutor;Saída de leito carroçável;Sem Vítimas;Plena Noite;Crescente;Chuva;Simples;Reta;Não;2;0;0;0;1;1;0;2;-29,89417962;-57,12807126;SPRF-RS;DEL13-RS;UOP01-DEL13-RS
597719;01/05/2024;quarta-feira;23:29:00;MA;10;251,2;IMPERATRIZ;Transitar na contramão;Colisão frontal;Com Vítimas Fatais;Plena Noite;Decrescente;Céu Claro;Simples;"Reta;Interseção de Vias";Sim;3;1;1;0;0;1;1;2;-5,543249;-47,464447;SPRF-MA;DEL04-MA;UOP01-DEL04-MA
597720;02/05/2024;quinta-feira;01:57:00;TO;153;248,6;COLINAS DO TOCANTINS;Velocidade Incompatível;Queda de ocupante de veículo;Com Vítimas Feridas;Plena Noite;Crescente;Céu Claro;Dupla;Curva;Sim;1;0;0;1;0;0;1;1;-8,07399987;-48,46708852;SPRF-TO;DEL02-TO;UOP02-DEL02-TO
597722;01/05/2024;quarta-feira;22:35:00;MT;163;933;ITAUBA;Condutor Dormindo;Capotamento;Com Vítimas Feridas;Plena Noite;Decrescente;Céu Claro;Simples;Reta;Não;1;0;1;0;0;0;1;1;-11,14565794;-55,31453529;SPRF-MT;DEL06-MT;UOP02-DEL06-MT
597723;02/05/2024;quinta-feira;02:30:00;SC;470;146;RIO DO SUL;Condutor Dormindo;Colisão traseira;Com Vítimas Feridas;Plena Noite;Decrescente;Céu Claro;Simples;Reta;Não;2;0;1;0;1;0;1;2;-27,240673;-49,685822;SPRF-SC;DEL04-SC;UOP02-DEL04-SC
597724;02/05/2024;quinta-feira;03:15:00;PB;101;88,2;JOAO PESSOA;Transitar na contramão;Colisão frontal;Com Vítimas Feridas;Plena Noite;Crescente;Céu Claro;Dupla;"Curva;Viaduto";Sim;3;0;2;0;0;1;2;2;-7,16470016;-34,89993643;SPRF-PB;DEL01-PB;UOP01-DEL01-PB
597725;01/05/2024;quarta-feira;18:40:00;MT;70;499;CUIABA;Ausência de reação do condutor;Colisão traseira;Com Vítimas Feridas;Plena Noite;Decrescente;Céu Claro;Simples;Reta;Não;3;0;3;0;0;0;3;2;-15,68122093;-56,01448059;SPRF-MT;DEL01-MT;UOP02-DEL01-MT
597726;02/05/2024;quinta-feira;02:50:00;PI;343;183;PIRIPIRI;Acessar a via sem observar a presença dos outros veículos;Colisão transversal;Sem Vítimas;Plena Noite;Crescente;Nublado;Simples;Reta;Sim;2;0;0;0;1;1;0;2;-4,264742;-41,756226;SPRF-PI;DEL02-PI;UOP01-DEL02-PI
597727;02/05/2024;quinta-feira;03:15:00;ES;101;149;LINHARES;Condutor desrespeitou a iluminação vermelha do semáforo;Colisão transversal;Com Vítimas Feridas;Plena Noite;Decrescente;Nublado;Múltipla;Interseção de Vias;Sim;2;0;2;0;0;0;2;2;-19,39619083;-40,06435871;SPRF-ES;DEL04-ES;UOP01-DEL04-ES
597728;02/05/2024;quinta-feira;03:45:00;GO;50;298,9;CUMARI;Condutor Dormindo;Saída de leito carroçável;Com Vítimas Feridas;Plena Noite;Decrescente;Céu Claro;Dupla;Curva;Não;5;0;1;0;4;0;1;1;-18,3147;-48,0171;SPRF-GO;DEL06-GO;UOP01-DEL06-GO
597729;01/05/2024;quarta-feira;20:03:00;GO;153;97;SANTA TEREZA DE GOIAS;Animais na Pista;Atropelamento de Animal;Com Vítimas Feridas;Plena Noite;Crescente;Céu Claro;Simples;Aclive;Não;2;0;2;0;0;0;2;1;-13,629825;-49,042324;SPRF-GO;DEL07-GO;UOP01-DEL07-GO
597732;02/05/2024;quinta-feira;06:00:00;SP;116;223;GUARULHOS;Trafegar com motocicleta (ou similar) entre as faixas;Colisão traseira;Com Vítimas Feridas;Pleno dia;Crescente;Céu Claro;Múltipla;Reta;Sim;2;0;1;0;1;0;1;2;-23,47559815;-46,5246609;SPRF-SP;DEL01-SP;UOP01-DEL01-SP
597733;02/05/2024;quinta-feira;05:20:00;SC;101;132;BALNEARIO CAMBORIU;Velocidade Incompatível;Colisão com objeto;Sem Vítimas;Amanhecer;Decrescente;Céu Claro;Múltipla;Reta;Sim;1;0;0;0;1;0;0;1;-26,99654133;-48,65564711;SPRF-SC;DEL04-SC;UOP03-DEL04-SC
597734;02/05/2024;quinta-feira;06:30:00;DF;20;4;BRASILIA;Reação tardia ou ineficiente do condutor;Tombamento;Com Vítimas Feridas;Pleno dia;Decrescente;Sol;Dupla;Reta;Sim;1;0;1;0;0;0;1;1;-15,675484;-47,823761;SPRF-DF;DEL02-DF;UOP01-DEL02-DF
597736;02/05/2024;quinta-feira;06:50:00;MG;381;665,6;PERDOES;Ausência de reação do condutor;Colisão com objeto;Com Vítimas Feridas;Pleno dia;Decrescente;Sol;Dupla;Curva;Não;1;0;1;0;0;0;1;1;-21,05493912;-45,03103599;SPRF-MG;DEL04-MG;UOP02-DEL04-MG
597737;02/05/2024;quinta-feira;06:30:00;SC;101;332;TUBARAO;Chuva;Tombamento;Com Vítimas Feridas;Amanhecer;Crescente;Chuva;Dupla;Viaduto;Sim;1;0;1;0;0;0;1;1;-28,46016431;-48,98968873;SPRF-SC;DEL02-SC;UOP01-DEL02-SC
597738;02/05/2024;quinta-feira;01:30:00;RJ;493;19;MAGE;Ausência de reação do condutor;Tombamento;Com Vítimas Feridas;Plena Noite;Crescente;Céu Claro;Simples;Reta;Sim;2;0;2;0;0;0;2;1;-22,6663848;-43,02770248;SPRF-RJ;DEL04-RJ;UOP02-DEL04-RJ
597739;02/05/2024;quinta-feira;07:00:00;DF;40;7;BRASILIA;Ausência de reação do condutor;Queda de ocupante de veículo;Com Vítimas Feridas;Pleno dia;Crescente;Céu Claro;Dupla;Reta;Sim;1;0;1;0;0;0;1;1;-16,038666;-47,979691;SPRF-DF;DEL01-DF;UOP01-DEL01-DF
597740;02/05/2024;quinta-feira;06:50:00;MG;381;486,8;BETIM;Trafegar com motocicleta (ou similar) entre as faixas;Colisão lateral mesmo sentido;Com Vítimas Feridas;Pleno dia;Crescente;Céu Claro;Dupla;Reta;Não;3;0;1;0;2;0;1;3;-19,95644414;-44,13611598;SPRF-MG;DEL01-MG;UOP03-DEL01-MG
597741;02/05/2024;quinta-feira;07:00:00;RS;116;243;SAO LEOPOLDO;Avarias e/ou desgaste excessivo no pneu;Tombamento;Com Vítimas Feridas;Amanhecer;Decrescente;Garoa/Chuvisco;Dupla;Reta;Não;1;0;0;1;0;0;1;1;-29,73196199;-51,14952004;SPRF-RS;DEL01-RS;UOP02-DEL01-RS
597743;02/05/2024;quinta-feira;07:30:00;DF;40;4;BRASILIA;Ausência de reação do condutor;Queda de ocupante de veículo;Com Vítimas Feridas;Pleno dia;Decrescente;Céu Claro;Dupla;Reta;Sim;1;0;1;0;0;0;1;1;-16,012033;-47,982124;SPRF-DF;DEL01-DF;UOP01-DEL01-DF
597744;02/05/2024;quinta-feira;07:10:00;MG;146;478;BANDEIRA DO SUL;Acessar a via sem observar a presença dos outros veículos;Colisão transversal;Com Vítimas Feridas;Pleno dia;Crescente;Céu Claro;Simples;Reta;Não;3;0;1;0;2;0;1;2;-21,74727914;-46,40497729;SPRF-MG;DEL09-MG;UOP01-DEL09-MG
597745;02/05/2024;quinta-feira;07:23:00;RJ;116;280,6;BARRA MANSA;Manobra de mudança de faixa;Colisão com objeto;Com Vítimas Feridas;Pleno dia;Decrescente;Céu Claro;Dupla;Aclive;Sim;1;0;1;0;0;0;1;1;-22,54134895;-44,19176093;SPRF-RJ;DEL07-RJ;UOP02-DEL07-RJ
597746;02/05/2024;quinta-feira;07:10:00;PE;101;81,4;JABOATAO DOS GUARARAPES;Ausência de reação do condutor;Atropelamento de Pedestre;Com Vítimas Feridas;Pleno dia;Crescente;Sol;Dupla;Reta;Sim;2;0;1;1;0;0;2;2;-8,1597489;-34,94024569;SPRF-PE;DEL01-PE;UOP01-DEL01-PE
597747;02/05/2024;quinta-feira;07:50:00;RJ;101;306;SAO GONCALO;Velocidade Incompatível;Colisão traseira;Com Vítimas Feridas;Pleno dia;Crescente;Céu Claro;Dupla;Ponte;Não;2;0;1;0;1;0;1;2;-22,78913759;-43,00550909;SPRF-RJ;DEL02-RJ;UOP02-DEL02-RJ
597748;02/05/2024;quinta-feira;07:30:00;SP;116;141,6;SAO JOSE DOS CAMPOS;Manobra de mudança de faixa;Engavetamento;Com Vítimas Feridas;Pleno dia;Decrescente;Céu Claro;Múltipla;Reta;Sim;3;0;1;0;2;0;1;3;-23,17004717;-45,82091491;SPRF-SP;DEL02-SP;UOP01-DEL02-SP
597749;02/05/2024;quinta-feira;06:50:00;MS;163;490;CAMPO GRANDE;Ausência de reação do condutor;Colisão traseira;Com Vítimas Feridas;Pleno dia;Decrescente;Céu Claro;Simples;Rotatória;Sim;2;0;0;1;1;0;1;2;-20,40017983;-54,55539878;SPRF-MS;DEL01-MS;UOP02-DEL01-MS
597750;02/05/2024;quinta-feira;08:00:00;SC;101;209,8;SAO JOSE;Acumulo de óleo sobre o pavimento;Queda de ocupante de veículo;Com Vítimas Feridas;Pleno dia;Decrescente;Céu Claro;Dupla;Viaduto;Não;2;0;2;0;0;0;2;1;-27,61000542;-48,63895057;SPRF-SC;DEL01-SC;UOP01-DEL01-SC
597752;02/05/2024;quinta-feira;06:30:00;MS;262;29;TRES LAGOAS;Animais na Pista;Atropelamento de Animal;Com Vítimas Feridas;Pleno dia;Decrescente;Céu Claro;Simples;Reta;Não;1;0;1;0;0;0;1;1;-20,80237585;-51,86707796;SPRF-MS;DEL07-MS;UOP01-DEL07-MS
597753;02/05/2024;quinta-feira;08:10:00;SC;101;243,1;PALHOCA;Demais falhas mecânicas ou elétricas;Colisão traseira;Com Vítimas Feridas;Pleno dia;Decrescente;Céu Claro;Múltipla;Reta;Não;2;0;1;0;0;1;1;2;-27,88419902;-48,64750077;SPRF-SC;DEL01-SC;UOP02-DEL01-SC
597754;01/05/2024;quarta-feira;15:00:00;RS;116;94;CAMPESTRE DA SERRA;Acesso irregular;Eventos atípicos;Com Vítimas Feridas;Pleno dia;Crescente;Chuva;Simples;Reta;Não;2;0;0;1;1;0;1;1;-28,88002536;-51,13839776;SPRF-RS;DEL05-RS;UOP03-DEL05-RS
597755;02/05/2024;quinta-feira;07:35:00;SC;470;160;TROMBUDO CENTRAL;Acessar a via sem observar a presença dos outros veículos;Colisão transversal;Com Vítimas Feridas;Pleno dia;Crescente;Céu Claro;Simples;Reta;Não;4;0;1;2;1;0;3;2;-27,286278;-49,798035;SPRF-SC;DEL04-SC;UOP02-DEL04-SC
597756;02/05/2024;quinta-feira;07:00:00;RJ;40;70;PETROPOLIS;Animais na Pista;Atropelamento de Animal;Com Vítimas Feridas;Pleno dia;Crescente;Sol;Dupla;Curva;Não;1;0;1;0;0;0;1;1;-22,44906429;-43,19987784;SPRF-RJ;DEL05-RJ;UOP02-DEL05-RJ
597758;02/05/2024;quinta-feira;07:50:00;SC;470;141,6;RIO DO SUL;Ausência de reação do condutor;Colisão transversal;Com Vítimas Feridas;Pleno dia;Crescente;Nublado;Simples;Interseção de Vias;Sim;2;0;1;0;1;0;1;2;-27,21038483;-49,65203404;SPRF-SC;DEL04-SC;UOP02-DEL04-SC
597759;30/04/2024;terça-feira;17:50:00;MG;365;464,5;PATROCINIO;Acesso irregular;Colisão lateral sentido oposto;Com Vítimas Feridas;Anoitecer;Crescente;Céu Claro;Simples;Aclive;Não;5;0;3;1;1;0;4;2;-18,89425188;-46,94298207;SPRF-MG;DEL10-MG;UOP01-DEL10-MG
597761;02/05/2024;quinta-feira;08:30:00;RN;101;101;PARNAMIRIM;Acessar a via sem observar a presença dos outros veículos;Colisão transversal;Com Vítimas Feridas;Pleno dia;Decrescente;Sol;Dupla;Reta;Sim;2;0;1;0;1;0;1;2;-5,88681084;-35,23143404;SPRF-RN;DEL01-RN;UOP01-DEL01-RN
597762;02/05/2024;quinta-feira;06:30:00;PR;369;129;JATAIZINHO;Conversão proibida;Colisão transversal;Com Vítimas Feridas;Amanhecer;Crescente;Céu Claro;Simples;Reta;Não;2;0;1;0;1;0;1;2;-23,26498212;-50,97238898;SPRF-PR;DEL07-PR;UOP01-DEL07-PR
597763;02/05/2024;quinta-feira;08:59:00;PE;101;73;RECIFE;Reação tardia ou ineficiente do condutor;Colisão traseira;Com Vítimas Feridas;Pleno dia;Crescente;Céu Claro;Dupla;Reta;Sim;2;0;1;0;1;0;1;2;-8,101478;-34,949298;SPRF-PE;DEL01-PE;UOP01-DEL01-PE
597764;28/04/2024;domingo;11:00:00;MG;262;13;MARTINS SOARES;Demais falhas mecânicas ou elétricas;Incêndio;Sem Vítimas;Pleno dia;Decrescente;Céu Claro;Simples;Reta;Não;1;0;0;0;0;1;0;1;-20,25771509;-41,86161294;SPRF-MG;DEL06-MG;UOP03-DEL06-MG
597765;02/05/2024;quinta-feira;08:30:00;SP;116;428;REGISTRO;Avarias e/ou desgaste excessivo no pneu;Saída de leito carroçável;Com Vítimas Feridas;Pleno dia;Crescente;Céu Claro;Dupla;Curva;Não;1;0;1;0;0;0;1;1;-24,39812738;-47,73037075;SPRF-SP;DEL05-SP;UOP01-DEL05-SP
597766;02/05/2024;quinta-feira;07:50:00;PE;428;185;PETROLINA;Reação tardia ou ineficiente do condutor;Colisão lateral mesmo sentido;Com Vítimas Feridas;Pleno dia;Decrescente;Céu Claro;Dupla;Reta;Sim;2;0;1;0;1;0;1;2;-9,34009199;-40,47032001;SPRF-PE;DEL06-PE;UOP01-DEL06-PE
597767;02/05/2024;quinta-feira;08:40:00;PR;369;201,2;APUCARANA;Ausência de reação do condutor;Tombamento;Com Vítimas Feridas;Pleno dia;Crescente;Céu Claro;Simples;Reta;Sim;2;0;2;0;0;0;2;1;-23,537758;-51,456994;SPRF-PR;DEL07-PR;UOP03-DEL07-PR
597768;02/05/2024;quinta-feira;09:00:00;SP;381;55;MAIRIPORA;Demais falhas mecânicas ou elétricas;Incêndio;Sem Vítimas;Pleno dia;Crescente;Sol;Dupla;"Reta;Aclive";Não;2;0;0;0;2;0;0;1;-23,25207404;-46,59480386;SPRF-SP;DEL03-SP;UOP01-DEL03-SP
597769;02/05/2024;quinta-feira;07:40:00;SC;101;45,5;JOINVILLE;Ausência de reação do condutor;Colisão traseira;Com Vítimas Fatais;Pleno dia;Crescente;Céu Claro;Múltipla;"Curva;Declive";Não;2;1;0;0;1;0;0;2;-26,354432;-48,858765;SPRF-SC;DEL03-SC;UOP01-DEL03-SC
597770;02/05/2024;quinta-feira;06:50:00;AC;364;124;RIO BRANCO;Acessar a via sem observar a presença dos outros veículos;Colisão transversal;Com Vítimas Feridas;Pleno dia;Crescente;Céu Claro;Dupla;Rotatória;Sim;2;0;1;0;1;0;1;2;-10,01189712;-67,79857278;SPRF-AC;DEL01-AC;UOP01-DEL01-AC
597772;02/05/2024;quinta-feira;05:45:00;GO;414;231,4;NIQUELANDIA;Transitar na contramão;Colisão frontal;Com Vítimas Feridas;Amanhecer;Crescente;Céu Claro;Simples;Reta;Não;2;0;0;1;1;0;1;2;-14,66113798;-48,58881171;SPRF-GO;DEL07-GO;UOP02-DEL07-GO