id;data_inversa;dia_semana;horario;uf;br;km;municipio;causa_acidente;tipo_acidente;classificacao_acidente;fase_dia;sentido_via;condicao_metereologica;tipo_pista;tracado_via;uso_solo;pessoas;mortos;feridos_leves;feridos_graves;ilesos;ignorados;feridos;veiculos;latitude;longitude;regional;delegacia;uop
597774;02/05/2024;quinta-feira;09:40:00;SC;282;552,2;NOVA ITABERABA;Pista Escorregadia;Saída de leito carroçável;Com Vítimas Feridas;Pleno dia;Crescente;Garoa/Chuvisco;Simples;Reta;Não;1;0;0;1;0;0;1;1;-26,951487;-52,778172;SPRF-SC;DEL07-SC;UOP01-DEL07-SC
597775;02/05/2024;quinta-feira;08:35:00;RJ;493;22;MAGE;Condutor deixou de manter distância do veículo da frente;Colisão traseira;Com Vítimas Feridas;Pleno dia;Decrescente;Sol;Simples;Reta;Sim;2;0;0;1;1;0;1;2;-22,659311;-43,053303;SPRF-RJ;DEL04-RJ;UOP02-DEL04-RJ
597776;02/05/2024;quinta-feira;10:30:00;MG;262;173;SAO DOMINGOS DO PRATA;Acumulo de óleo sobre o pavimento;Saída de leito carroçável;Com Vítimas Feridas;Pleno dia;Crescente;Céu Claro;Simples;Reta;Não;1;0;1;0;0;0;1;1;-19,9308266;-42,9636919;SPRF-MG;DEL03-MG;UOP01-DEL03-MG
597779;02/05/2024;quinta-feira;10:00:00;MG;40;507,8;RIBEIRAO DAS NEVES;Manobra de mudança de faixa;Colisão lateral mesmo sentido;Com Vítimas Feridas;Pleno dia;Crescente;Céu Claro;Dupla;Reta;Não;3;0;2;0;1;0;2;2;-19,75431705;-44,14152606;SPRF-MG;DEL02-MG;UOP01-DEL02-MG
597780;16/03/2024;sábado;05:50:00;RO;364;80;VILHENA;Acessar a via sem observar a presença dos outros veículos;Colisão transversal;Com Vítimas Feridas;Pleno dia;Decrescente;Céu Claro;Simples;Reta;Não;1;0;0;1;0;0;1;1;-12,45065736;-60,54634094;SPRF-RO;DEL04-RO;UOP01-DEL04-RO
597781;25/01/2024;quinta-feira;21:45:00;RJ;465;5;SEROPEDICA;Acessar a via sem observar a presença dos outros veículos;Colisão frontal;Com Vítimas Feridas;Plena Noite;Crescente;Garoa/Chuvisco;Simples;"Reta;Interseção de Vias";Sim;2;0;1;0;1;0;1;2;-22,747673;-43,699196;SPRF-RJ;DEL06-RJ;UOP02-DEL06-RJ
597782;02/05/2024;quinta-feira;11:30:00;ES;101;264,5;SERRA;Avarias e/ou desgaste excessivo no pneu;Tombamento;Com Vítimas Feridas;Pleno dia;Decrescente;Céu Claro;Dupla;Interseção de Vias;Sim;1;0;1;0;0;0;1;1;-20,17292791;-40,26736384;SPRF-ES;DEL02-ES;UOP01-DEL02-ES
597784;02/05/2024;quinta-feira;11:45:00;PR;277;23,9;MORRETES;Reação tardia ou ineficiente do condutor;Saída de leito carroçável;Sem Vítimas;Pleno dia;Crescente;Céu Claro;Dupla;Reta;Não;2;0;0;0;2;0;0;1;-25,53773317;-48,69733007;SPRF-PR;DEL01-PR;UOP05-DEL01-PR
597785;02/05/2024;quinta-feira;12:20:00;TO;10;453;PALMAS;Reação tardia ou ineficiente do condutor;Colisão traseira;Com Vítimas Feridas;Pleno dia;Decrescente;Céu Claro;Múltipla;Reta;Sim;2;0;1;0;1;0;1;2;-10,32556955;-48,29755068;SPRF-TO;DEL01-TO;UOP03-DEL01-TO
597788;02/05/2024;quinta-feira;08:30:00;MG;365;495,2;PATROCINIO;Ultrapassagem Indevida;Saída de leito carroçável;Com Vítimas Feridas;Pleno dia;Crescente;Céu Claro;Simples;"Curva;Declive";Não;5;0;2;0;3;0;2;1;-18,917469;-47,203773;SPRF-MG;DEL10-MG;UOP01-DEL10-MG
597789;27/04/2024;sábado;19:10:00;BA;324;380;GAVIAO;Conversão proibida;Colisão transversal;Com Vítimas Feridas;Plena Noite;Decrescente;Céu Claro;Simples;"Reta;Declive";Sim;3;0;0;1;1;1;1;2;-11,47523013;-39,78286743;SPRF-BA;DEL04-BA;UOP02-DEL04-BA
597790;02/05/2024;quinta-feira;12:25:00;GO;40;3;VALPARAISO DE GOIAS;Condutor deixou de manter distância do veículo da frente;Colisão lateral mesmo sentido;Com Vítimas Feridas;Pleno dia;Decrescente;Sol;Dupla;Reta;Sim;2;0;1;0;0;1;1;2;-16,076081;-47,985671;SPRF-DF;DEL01-DF;UOP01-DEL01-DF
597791;02/05/2024;quinta-feira;08:30:00;MT;70;506;CUIABA;Ausência de reação do condutor;Queda de ocupante de veículo;Com Vítimas Feridas;Pleno dia;Crescente;Céu Claro;Simples;Reta;Sim;2;0;1;0;1;0;1;1;-15,70020182;-56,08127162;SPRF-MT;DEL01-MT;UOP02-DEL01-MT
597792;02/05/2024;quinta-feira;11:00:00;PB;230;333;PATOS;Acessar a via sem observar a presença dos outros veículos;Colisão transversal;Com Vítimas Feridas;Pleno dia;Decrescente;Céu Claro;Simples;Reta;Sim;2;0;1;0;1;0;1;2;-7,0173;-37,2249;SPRF-PB;DEL03-PB;UOP01-DEL03-PB
597794;02/05/2024;quinta-feira;13:10:00;SC;101;27,1;JOINVILLE;Entrada inopinada do pedestre;Atropelamento de Pedestre;Com Vítimas Feridas;Pleno dia;Crescente;Céu Claro;Dupla;Rotatória;Sim;2;0;0;1;1;0;1;2;-26,20697505;-48,91482635;SPRF-SC;DEL03-SC;UOP01-DEL03-SC
597796;02/05/2024;quinta-feira;13:37:00;CE;116;199,4;TABULEIRO DO NORTE;Condutor deixou de manter distância do veículo da frente;Colisão traseira;Com Vítimas Fatais;Pleno dia;Decrescente;Céu Claro;Simples;Reta;Não;2;1;0;0;1;0;0;2;-5,18070673;-38,18925503;SPRF-CE;DEL03-CE;UOP01-DEL03-CE
597797;01/05/2024;quarta-feira;23:15:00;SP;381;39;ATIBAIA;Velocidade Incompatível;Colisão com objeto;Sem Vítimas;Plena Noite;Crescente;Céu Claro;Dupla;Aclive;Não;1;0;0;0;1;0;0;1;-23,1215761;-46,57471572;SPRF-SP;DEL03-SP;UOP01-DEL03-SP
597799;16/04/2024;terça-feira;18:25:00;SP;116;219;GUARULHOS;Manobra de mudança de faixa;Colisão lateral mesmo sentido;Com Vítimas Feridas;Plena Noite;Crescente;Céu Claro;Múltipla;Reta;Sim;3;0;1;0;0;2;1;3;-23,46143954;-46,48885316;SPRF-SP;DEL01-SP;UOP01-DEL01-SP
597800;02/05/2024;quinta-feira;12:40:00;MT;70;2;BARRA DO GARCAS;Frear bruscamente;Colisão traseira;Com Vítimas Feridas;Pleno dia;Decrescente;Céu Claro;Simples;"Reta;Declive";Sim;2;0;1;0;0;1;1;2;-15,88749699;-52,26810568;SPRF-MT;DEL07-MT;UOP01-DEL07-MT
597801;02/05/2024;quinta-feira;11:10:00;MG;40;43;PARACATU;Acessar a via sem observar a presença dos outros veículos;Colisão transversal;Com Vítimas Feridas;Pleno dia;Crescente;Céu Claro;Simples;Interseção de Vias;Sim;3;0;2;0;1;0;2;2;-17,22598002;-46,86163701;SPRF-MG;DEL14-MG;UOP01-DEL14-MG
597802;02/05/2024;quinta-feira;12:30:00;MT;70;2;BARRA DO GARCAS;Acessar a via sem observar a presença dos outros veículos;Colisão transversal;Com Vítimas Feridas;Pleno dia;Crescente;Céu Claro;Simples;Aclive;Não;2;0;1;0;1;0;1;2;-15,88749699;-52,26810568;SPRF-MT;DEL07-MT;UOP01-DEL07-MT
597804;12/04/2024;sexta-feira;12:50:00;SC;470;113,8;IBIRAMA;Transitar na contramão;Colisão frontal;Com Vítimas Fatais;Pleno dia;Crescente;Garoa/Chuvisco;Simples;Curva;Não;3;1;0;2;0;0;2;2;-27,08663917;-49,47761536;SPRF-SC;DEL04-SC;UOP02-DEL04-SC
597809;02/05/2024;quinta-feira;13:40:00;RJ;495;24;PETROPOLIS;Ultrapassagem Indevida;Colisão frontal;Sem Vítimas;Pleno dia;Crescente;Sol;Dupla;Curva;Não;2;0;0;0;2;0;0;2;-22,409143;-43,094292;SPRF-RJ;DEL05-RJ;UOP02-DEL05-RJ
597810;02/05/2024;quinta-feira;14:50:00;BA;324;597;SIMOES FILHO;Manobra de mudança de faixa;Colisão lateral mesmo sentido;Com Vítimas Feridas;Pleno dia;Decrescente;Céu Claro;Dupla;Reta;Não;4;0;3;0;1;0;3;2;-12,738312;-38,439291;SPRF-BA;DEL01-BA;UOP01-DEL01-BA
597811;02/05/2024;quinta-feira;14:40:00;RJ;40;123,8;DUQUE DE CAXIAS;Acesso irregular;Queda de ocupante de veículo;Com Vítimas Feridas;Pleno dia;Crescente;Céu Claro;Dupla;Reta;Sim;1;0;0;1;0;0;1;1;-22,79907687;-43,29015739;SPRF-RJ;DEL01-RJ;UOP02-DEL01-RJ
597812;02/05/2024;quinta-feira;12:35:00;MG;116;700;MURIAE;Desrespeitar a preferência no cruzamento;Colisão transversal;Com Vítimas Feridas;Pleno dia;Crescente;Céu Claro;Simples;"Reta;Interseção de Vias";Sim;2;0;1;0;1;0;1;2;-21,11187641;-42,38091946;SPRF-MG;DEL07-MG;UOP02-DEL07-MG
597813;02/05/2024;quinta-feira;14:30:00;MG;40;531,8;BELO HORIZONTE;Acessar a via sem observar a presença dos outros veículos;Atropelamento de Pedestre;Com Vítimas Feridas;Pleno dia;Decrescente;Céu Claro;Dupla;Curva;Sim;1;0;1;0;0;0;1;1;-19,91962483;-44,02522683;SPRF-MG;DEL01-MG;UOP02-DEL01-MG
597817;02/05/2024;quinta-feira;13:45:00;BA;367;26;PORTO SEGURO;Acessar a via sem observar a presença dos outros veículos;Colisão transversal;Com Vítimas Feridas;Pleno dia;Crescente;Sol;Simples;Interseção de Vias;Sim;2;0;1;1;0;0;2;2;-16,43071712;-39,09561713;SPRF-BA;DEL09-BA;UOP03-DEL09-BA
597818;02/05/2024;quinta-feira;14:50:00;GO;153;514;APARECIDA DE GOIANIA;Desrespeitar a preferência no cruzamento;Colisão transversal;Com Vítimas Feridas;Pleno dia;Decrescente;Céu Claro;Dupla;Interseção de Vias;Sim;2;0;1;0;1;0;1;2;-16,82691956;-49,24225688;SPRF-GO;DEL01-GO;UOP03-DEL01-GO
597819;28/04/2024;domingo;09:45:00;SC;280;46,1;GUARAMIRIM;Acessar a via sem observar a presença dos outros veículos;Colisão transversal;Com Vítimas Feridas;Pleno dia;Decrescente;Nublado;Simples;"Interseção de Vias;Reta";Sim;7;0;4;1;2;0;5;2;-26,45295055;-48,90788103;SPRF-SC;DEL03-SC;UOP03-DEL03-SC
597820;02/05/2024;quinta-feira;15:50:00;MG;381;510;IGARAPE;Ausência de reação do condutor;Colisão com objeto;Com Vítimas Feridas;Pleno dia;Decrescente;Céu Claro;Dupla;Reta;Sim;1;0;1;0;0;0;1;1;-20,07738209;-44,30434488;SPRF-MG;DEL01-MG;UOP03-DEL01-MG
597821;01/05/2024;quarta-feira;22:47:00;RJ;116;184;NOVA IGUACU;Demais falhas mecânicas ou elétricas;Capotamento;Com Vítimas Feridas;Plena Noite;Decrescente;Céu Claro;Dupla;Reta;Sim;1;0;0;1;0;0;1;1;-22,74647215;-43,44594311;SPRF-RJ;DEL06-RJ;UOP01-DEL06-RJ
597822;27/04/2024;sábado;23:30:00;BA;367;31;PORTO SEGURO;Reação tardia ou ineficiente do condutor;Saída de leito carroçável;Sem Vítimas;Plena Noite;Decrescente;Garoa/Chuvisco;Simples;Reta;Não;1;0;0;0;0;1;0;1;-16,41927431;-39,13551087;SPRF-BA;DEL09-BA;UOP03-DEL09-BA
597823;02/05/2024;quinta-feira;14:45:00;PR;277;584,6;CASCAVEL;Transitar na contramão;Colisão transversal;Com Vítimas Feridas;Pleno dia;Decrescente;Nublado;Múltipla;Interseção de Vias;Sim;2;0;0;1;1;0;1;2;-24,96470066;-53,40947628;SPRF-PR;DEL04-PR;UOP01-DEL04-PR
597825;02/05/2024;quinta-feira;13:19:00;RO;364;341;JI-PARANA;Reação tardia ou ineficiente do condutor;Colisão traseira;Sem Vítimas;Pleno dia;Decrescente;Céu Claro;Simples;Reta;Sim;2;0;0;0;2;0;0;2;-10,88987987;-61,93126772;SPRF-RO;DEL02-RO;UOP01-DEL02-RO
597828;02/05/2024;quinta-feira;14:00:00;SC;470;279,4;BRUNOPOLIS;Avarias e/ou desgaste excessivo no pneu;Saída de leito carroçável;Com Vítimas Feridas;Pleno dia;Decrescente;Chuva;Simples;Curva;Não;3;0;2;0;1;0;2;1;-27,334526;-50,852642;SPRF-SC;DEL07-SC;UOP06-DEL07-SC
597830;02/05/2024;quinta-feira;14:45:00;PB;405;33,6;SAO JOAO DO RIO DO PEIXE;Ausência de reação do condutor;Colisão com objeto;Com Vítimas Feridas;Pleno dia;Crescente;Céu Claro;Simples;Ponte;Sim;1;0;1;0;0;0;1;1;-6,733593;-38,447523;SPRF-PB;DEL03-PB;UOP03-DEL03-PB
597833;02/05/2024;quinta-feira;17:00:00;RJ;101;65;CAMPOS DOS GOYTACAZES;Transitar no Acostamento;Colisão lateral mesmo sentido;Com Vítimas Feridas;Pleno dia;Decrescente;Céu Claro;Simples;Reta;Sim;3;0;1;1;1;0;2;2;-21,75371806;-41,344292;SPRF-RJ;DEL08-RJ;UOP02-DEL08-RJ
597834;02/05/2024;quinta-feira;17:20:00;MG;381;483;BETIM;Ausência de reação do condutor;Queda de ocupante de veículo;Com Vítimas Feridas;Plena Noite;Decrescente;Céu Claro;Dupla;Aclive;Não;1;0;1;0;0;0;1;1;-19,95594491;-44,10721699;SPRF-MG;DEL01-MG;UOP03-DEL01-MG
597835;02/05/2024;quinta-feira;16:40:00;SE;235;0,3;ARACAJU;Condutor deixou de manter distância do veículo da frente;Colisão traseira;Com Vítimas Feridas;Pleno dia;Decrescente;Céu Claro;Dupla;Reta;Sim;2;0;0;1;1;0;1;2;-10,9087;-37,0855;SPRF-SE;DEL01-SE;UOP01-DEL01-SE
597836;02/05/2024;quinta-feira;16:40:00;PB;230;16;JOAO PESSOA;Ausência de reação do condutor;Colisão traseira;Com Vítimas Feridas;Pleno dia;Crescente;Céu Claro;Dupla;Reta;Sim;2;0;1;0;1;0;1;2;-7,10843413;-34,84353304;SPRF-PB;DEL01-PB;UOP01-DEL01-PB
597837;02/05/2024;quinta-feira;15:40:00;MT;364;400;CUIABA;Acesso irregular;Colisão com objeto;Com Vítimas Feridas;Pleno dia;Crescente;Céu Claro;Simples;"Interseção de Vias;Reta";Sim;1;0;0;1;0;0;1;1;-15,67565189;-55,93822495;SPRF-MT;DEL01-MT;UOP02-DEL01-MT
597838;02/05/2024;quinta-feira;17:20:00;RN;226;13;MACAIBA;Acessar a via sem observar a presença dos outros veículos;Atropelamento de Pedestre;Com Vítimas Feridas;Anoitecer;Crescente;Céu Claro;Simples;Reta;Não;2;0;1;0;1;0;1;2;-5,85297459;-35,31897913;SPRF-RN;DEL01-RN;UOP02-DEL01-RN
597839;02/05/2024;quinta-feira;16:30:00;MG;146;469,9;BOTELHOS;Avarias e/ou desgaste excessivo no pneu;Saída de leito carroçável;Com Vítimas Feridas;Pleno dia;Crescente;Céu Claro;Simples;"Declive;Curva";Não;2;0;1;0;1;0;1;1;-21,715617;-46,420998;SPRF-MG;DEL09-MG;UOP01-DEL09-MG
597840;02/05/2024;quinta-feira;16:30:00;SP;116;111;TAUBATE;Reação tardia ou ineficiente do condutor;Queda de ocupante de veículo;Sem Vítimas;Pleno dia;Decrescente;Céu Claro;Dupla;Reta;Sim;2;0;0;0;0;2;0;1;-23,03887149;-45,56097419;SPRF-SP;DEL02-SP;UOP02-DEL02-SP
597841;02/05/2024;quinta-feira;17:25:00;SP;116;135,3;SAO JOSE DOS CAMPOS;Trafegar com motocicleta (ou similar) entre as faixas;Colisão traseira;Com Vítimas Feridas;Pleno dia;Crescente;Céu Claro;Dupla;Reta;Não;3;0;2;0;1;0;2;2;-23,144484;-45,77018;SPRF-SP;DEL02-SP;UOP01-DEL02-SP
597842;25/04/2024;quinta-feira;13:40:00;MT;70;126;GENERAL CARNEIRO;Ausência de reação do condutor;Saída de leito carroçável;Com Vítimas Feridas;Pleno dia;Crescente;Céu Claro;Simples;Reta;Não;1;0;1;0;0;0;1;1;-15,58797578;-53,17073277;SPRF-MT;DEL07-MT;UOP01-DEL07-MT
597843;02/05/2024;quinta-feira;17:55:00;SE;235;3;ARACAJU;Acessar a via sem observar a presença dos outros veículos;Queda de ocupante de veículo;Com Vítimas Feridas;Plena Noite;Crescente;Céu Claro;Dupla;Reta;Sim;2;0;2;0;0;0;2;1;-10,9059;-37,111;SPRF-SE;DEL01-SE;UOP01-DEL01-SE
597844;02/05/2024;quinta-feira;17:45:00;RN;226;81;TANGARA;Falta de elemento de contenção que evite a saída do leito carroçável;Saída de leito carroçável;Com Vítimas Feridas;Plena Noite;Crescente;Céu Claro;Dupla;Reta;Não;1;0;0;1;0;0;1;1;-6,18906331;-35,78272296;SPRF-RN;DEL01-RN;UOP02-DEL01-RN
597845;27/03/2024;quarta-feira;19:20:00;MG;40;22,9;PARACATU;Deficiência do Sistema de Iluminação/Sinalização;Colisão traseira;Com Vítimas Feridas;Plena Noite;Decrescente;Chuva;Simples;"Reta;Declive";Não;2;0;1;0;1;0;1;2;-17,113941;-46,992677;SPRF-MG;DEL14-MG;UOP01-DEL14-MG
597846;02/05/2024;quinta-feira;18:30:00;MG;381;501;BETIM;Condutor deixou de manter distância do veículo da frente;Engavetamento;Com Vítimas Feridas;Plena Noite;Decrescente;Céu Claro;Dupla;Reta;Sim;3;0;1;0;2;0;1;3;-20,03146447;-44,2377893;SPRF-MG;DEL01-MG;UOP03-DEL01-MG
597847;02/05/2024;quinta-feira;18:00:00;RN;304;295;MACAIBA;Avarias e/ou desgaste excessivo no pneu;Queda de ocupante de veículo;Com Vítimas Feridas;Plena Noite;Crescente;Céu Claro;Dupla;Reta;Sim;1;0;1;0;0;0;1;1;-5,86605927;-35,35822096;SPRF-RN;DEL01-RN;UOP02-DEL01-RN
597850;02/05/2024;quinta-feira;18:00:00;ES;101;143;LINHARES;Condutor deixou de manter distância do veículo da frente;Colisão traseira;Com Vítimas Feridas;Anoitecer;Decrescente;Céu Claro;Dupla;"Reta;Declive";Não;2;0;1;0;1;0;1;2;-19,34286596;-40,0638568;SPRF-ES;DEL04-ES;UOP01-DEL04-ES
597852;02/05/2024;quinta-feira;18:30:00;MG;262;79;MATIPO;Conversão proibida;Colisão transversal;Com Vítimas Feridas;Plena Noite;Crescente;Céu Claro;Simples;"Curva;Interseção de Vias";Não;2;0;1;0;1;0;1;2;-20,336371;-42,364402;SPRF-MG;DEL03-MG;UOP03-DEL03-MG
597853;02/05/2024;quinta-feira;13:40:00;RJ;493;61;NOVA IGUACU;Demais falhas mecânicas ou elétricas;Incêndio;Sem Vítimas;Pleno dia;Crescente;Céu Claro;Dupla;Reta;Não;2;0;0;0;2;0;0;1;-22,68132956;-43,40884924;SPRF-RJ;DEL01-RJ;UOP03-DEL01-RJ
597854;02/05/2024;quinta-feira;18:00:00;RN;304;34,1;MOSSORO;Velocidade Incompatível;Colisão traseira;Com Vítimas Feridas;Anoitecer;Crescente;Céu Claro;Dupla;"Viaduto;Reta;Em Obras";Sim;4;0;1;1;2;0;2;2;-5,15336856;-37,34892905;SPRF-RN;DEL04-RN;UOP02-DEL04-RN
597859;02/05/2024;quinta-feira;18:30:00;SC;101;202,4;SAO JOSE;Reação tardia ou ineficiente do condutor;Tombamento;Com Vítimas Feridas;Plena Noite;Decrescente;Garoa/Chuvisco;Dupla;Reta;Sim;1;0;1;0;0;0;1;1;-27,55711595;-48,61897889;SPRF-SC;DEL01-SC;UOP01-DEL01-SC
597860;02/05/2024;quinta-feira;17:10:00;MG;381;515;IGARAPE;Velocidade Incompatível;Tombamento;Com Vítimas Feridas;Anoitecer;Decrescente;Céu Claro;Dupla;Curva;Não;1;0;0;1;0;0;1;1;-20,11094229;-44,32385296;SPRF-MG;DEL01-MG;UOP03-DEL01-MG
597861;02/05/2024;quinta-feira;18:25:00;PR;376;593,5;CURITIBA;Trafegar com motocicleta (ou similar) entre as faixas;Tombamento;Com Vítimas Feridas;Plena Noite;Decrescente;Chuva;Dupla;"Reta;Viaduto";Não;1;0;0;1;0;0;1;1;-25,480851;-49,348984;SPRF-PR;DEL01-PR;UOP06-DEL01-PR
597863;02/05/2024;quinta-feira;18:00:00;MS;163;267;DOURADOS;Ausência de reação do condutor;Colisão traseira;Com Vítimas Feridas;Plena Noite;Decrescente;Céu Claro;Dupla;Reta;Sim;2;0;1;0;1;0;1;2;-22,21242493;-54,71536905;SPRF-MS;DEL04-MS;UOP01-DEL04-MS
597864;02/05/2024;quinta-feira;19:15:00;RN;101;80;SAO GONCALO DO AMARANTE;Acessar a via sem observar a presença dos outros veículos;Colisão frontal;Com Vítimas Feridas;Plena Noite;Crescente;Céu Claro;Múltipla;Reta;Sim;2;0;1;0;1;0;1;2;-5,75852229;-35,28806121;SPRF-RN;DEL02-RN;UOP01-DEL02-RN
597868;02/05/2024;quinta-feira;19:25:00;RS;116;148,4;CAXIAS DO SUL;Pista Escorregadia;Tombamento;Com Vítimas Feridas;Plena Noite;Decrescente;Chuva;Dupla;"Curva;Declive";Sim;2;0;2;0;0;0;2;1;-29,15444539;-51,15101681;SPRF-RS;DEL05-RS;UOP01-DEL05-RS
597869;02/05/2024;quinta-feira;18:48:00;GO;40;96;CRISTALINA;Acessar a via sem observar a presença dos outros veículos;Colisão transversal;Com Vítimas Feridas;Plena Noite;Crescente;Céu Claro;Simples;"Interseção de Vias;Reta";Sim;2;0;1;0;1;0;1;2;-16,75768;-47,601613;SPRF-DF;DEL01-DF;UOP02-DEL01-DF
597870;02/05/2024;quinta-feira;19:40:00;SC;282;17,1;PALHOCA;Condutor deixou de manter distância do veículo da frente;Colisão traseira;Com Vítimas Feridas;Plena Noite;Decrescente;Nublado;Simples;Reta;Sim;2;0;0;1;1;0;1;2;-27,665707;-48,688065;SPRF-SC;DEL01-SC;UOP02-DEL01-SC
597871;08/02/2024;quinta-feira;22:20:00;PR;376;190;MARIALVA;Velocidade Incompatível;Colisão traseira;Com Vítimas Feridas;Plena Noite;Decrescente;Céu Claro;Dupla;Curva;Sim;2;0;0;1;0;1;1;2;-23,47048965;-51,82126522;SPRF-PR;DEL09-PR;UOP01-DEL09-PR
597873;02/05/2024;quinta-feira;18:38:00;PE;316;33;ARARIPINA;Reação tardia ou ineficiente do condutor;Colisão traseira;Com Vítimas Fatais;Plena Noite;Decrescente;Céu Claro;Simples;Reta;Não;3;1;0;1;0;1;1;2;-7,63446174;-40,44091289;SPRF-PE;DEL05-PE;UOP02-DEL05-PE
597874;02/05/2024;quinta-feira;18:20:00;MG;40;583,2;ITABIRITO;Condutor Dormindo;Saída de leito carroçável;Com Vítimas Feridas;Plena Noite;Decrescente;Céu Claro;Simples;"Reta;Aclive";Não;1;0;1;0;0;0;1;1;-20,31930517;-43,93397532;SPRF-MG;DEL01-MG;UOP02-DEL01-MG
597875;02/05/2024;quinta-feira;17:30:00;MG;40;351;FELIXLANDIA;Demais falhas mecânicas ou elétricas;Saída de leito carroçável;Sem Vítimas;Pleno dia;Decrescente;Céu Claro;Simples;Reta;Não;1;0;0;0;1;0;0;1;-18,72830582;-44,92054099;SPRF-MG;DEL02-MG;UOP01-DEL02-MG
597876;02/05/2024;quinta-feira;18:00:00;RS;158;567,2;SANTANA DO LIVRAMENTO;Pedestre andava na pista;Atropelamento de Pedestre;Com Vítimas Fatais;Pleno dia;Decrescente;Nublado;Simples;"Declive;Curva";Sim;2;1;0;0;0;1;0;2;-30,88467695;-55,50805985;SPRF-RS;DEL11-RS;UOP01-DEL11-RS
597877;02/05/2024;quinta-feira;18:30:00;BA;116;819;VITORIA DA CONQUISTA;Ausência de reação do condutor;Colisão traseira;Com Vítimas Feridas;Plena Noite;Crescente;Céu Claro;Múltipla;Reta;Sim;2;0;1;0;1;0;1;2;-14,79057315;-40,75539592;SPRF-BA;DEL08-BA;UOP01-DEL08-BA
597878;02/05/2024;quinta-feira;19:00:00;SC;282;519,8;XAXIM;Ingestão de álcool pelo condutor;Colisão frontal;Com Vítimas Feridas;Plena Noite;Crescente;Chuva;Simples;Curva;Não;2;0;1;0;1;0;1;2;-26,947527;-52,517536;SPRF-SC;DEL07-SC;UOP01-DEL07-SC
597879;02/05/2024;quinta-feira;20:10:00;ES;101;279;SERRA;Ausência de reação do condutor;Colisão com objeto;Com Vítimas Feridas;Plena Noite;Crescente;Céu Claro;Dupla;Curva;Não;1;0;0;1;0;0;1;1;-20,218122;-40,339325;SPRF-ES;DEL02-ES;UOP01-DEL02-ES
597882;02/05/2024;quinta-feira;17:30:00;RS;285;211,7;LAGOA VERMELHA;Ultrapassagem Indevida;Colisão frontal;Sem Vítimas;Anoitecer;Decrescente;Chuva;Simples;"Aclive;Reta";Não;2;0;0;0;2;0;0;2;-28,231436;-51,629745;SPRF-RS;DEL08-RS;UOP05-DEL08-RS
597885;02/05/2024;quinta-feira;20:30:00;GO;60;377,5;RIO VERDE;Pedestre andava na pista;Atropelamento de Pedestre;Com Vítimas Feridas;Plena Noite;Crescente;Céu Claro;Dupla;Reta;Não;3;0;1;0;2;0;1;2;-17,7481;-50,8763;SPRF-GO;DEL04-GO;UOP02-DEL04-GO
597886;02/05/2024;quinta-feira;21:30:00;PE;232;14;JABOATAO DOS GUARARAPES;Acessar a via sem observar a presença dos outros veículos;Tombamento;Com Vítimas Feridas;Plena Noite;Decrescente;Céu Claro;Dupla;Reta;Não;1;0;1;0;0;0;1;1;-8,09025488;-35,02052302;SPRF-PE;DEL01-PE;UOP01-DEL01-PE
597887;02/05/2024;quinta-feira;20:55:00;RS;448;0;SAPUCAIA DO SUL;Condutor Dormindo;Colisão com objeto;Sem Vítimas;Plena Noite;Crescente;Garoa/Chuvisco;Dupla;"Viaduto;Curva";Sim;1;0;0;0;1;0;0;1;-29,827246;-51,173317;SPRF-RS;DEL01-RS;UOP02-DEL01-RS
597888;02/05/2024;quinta-feira;20:10:00;MG;116;276;TEOFILO OTONI;Desrespeitar a preferência no cruzamento;Colisão transversal;Com Vítimas Feridas;Plena Noite;Decrescente;Céu Claro;Simples;Interseção de Vias;Sim;2;0;1;0;1;0;1;2;-17,86846089;-41,5171394;SPRF-MG;DEL11-MG;UOP01-DEL11-MG
597889;02/05/2024;quinta-feira;09:10:00;SC;470;127;LONTRAS;Conversão proibida;Colisão lateral mesmo sentido;Com Vítimas Feridas;Pleno dia;Crescente;Céu Claro;Simples;Reta;Não;2;0;1;0;1;0;1;2;-27,136574;-49,543015;SPRF-SC;DEL04-SC;UOP02-DEL04-SC
597890;02/05/2024;quinta-feira;18:50:00;MT;364;391;CUIABA;Velocidade Incompatível;Saída de leito carroçável;Com Vítimas Feridas;Plena Noite;Crescente;Céu Claro;Dupla;Curva;Não;4;0;3;1;0;0;4;1;-15,69278966;-55,90220332;SPRF-MT;DEL01-MT;UOP02-DEL01-MT
597892;02/05/2024;quinta-feira;22:00:00;BA;324;515,5;FEIRA DE SANTANA;Acessar a via sem observar a presença dos outros veículos;Colisão transversal;Com Vítimas Feridas;Plena Noite;Decrescente;Céu Claro;Simples;Reta;Sim;2;0;2;0;0;0;2;2;-12,2417119;-38,93768485;SPRF-BA;DEL02-BA;UOP01-DEL02-BA
597893;02/05/2024;quinta-feira;21:20:00;PR;163;253;TOLEDO;Reação tardia ou ineficiente do condutor;Saída de leito carroçável;Com Vítimas Feridas;Plena Noite;Crescente;Céu Claro;Dupla;Reta;Não;1;0;1;0;0;0;1;1;-24,68980596;-53,759096;SPRF-PR;DEL06-PR;UOP02-DEL06-PR