id;data_inversa;dia_semana;horario;uf;br;km;municipio;causa_acidente;tipo_acidente;classificacao_acidente;fase_dia;sentido_via;condicao_metereologica;tipo_pista;tracado_via;uso_solo;pessoas;mortos;feridos_leves;feridos_graves;ilesos;ignorados;feridos;veiculos;latitude;longitude;regional;delegacia;uop
597894;02/05/2024;quinta-feira;22:30:00;ES;101;258,5;SERRA;Ausência de reação do condutor;Tombamento;Com Vítimas Feridas;Plena Noite;Crescente;Céu Claro;Simples;Viaduto;Sim;1;0;0;1;0;0;1;1;-20,13059888;-40,2961019;SPRF-ES;DEL02-ES;UOP01-DEL02-ES
597897;02/05/2024;quinta-feira;21:10:00;MA;226;270;BARRA DO CORDA;Reação tardia ou ineficiente do condutor;Saída de leito carroçável;Com Vítimas Feridas;Plena Noite;Decrescente;Céu Claro;Simples;Declive;Não;2;0;1;1;0;0;2;1;-5,425166;-45,01683;SPRF-MA;DEL06-MA;UOP01-DEL06-MA
597898;02/05/2024;quinta-feira;22:50:00;SC;282;3;FLORIANOPOLIS;Ausência de reação do condutor;Saída de leito carroçável;Com Vítimas Feridas;Plena Noite;Crescente;Céu Claro;Múltipla;Curva;Sim;1;0;0;1;0;0;1;1;-27,600384;-48,599705;SPRF-SC;DEL01-SC;UOP01-DEL01-SC
597899;02/05/2024;quinta-feira;22:00:00;PE;428;155,1;PETROLINA;Transitar na contramão;Colisão lateral sentido oposto;Com Vítimas Fatais;Plena Noite;Decrescente;Céu Claro;Simples;Reta;Não;3;1;0;0;2;0;0;2;-9,10860107;-40,33416488;SPRF-PE;DEL06-PE;UOP01-DEL06-PE
597900;02/05/2024;quinta-feira;19:30:00;RJ;40;108;DUQUE DE CAXIAS;Reação tardia ou ineficiente do condutor;Tombamento;Com Vítimas Feridas;Plena Noite;Decrescente;Céu Claro;Dupla;Interseção de Vias;Sim;2;0;1;0;0;1;1;2;-22,67272589;-43,28466833;SPRF-RJ;DEL01-RJ;UOP02-DEL01-RJ
597902;02/05/2024;quinta-feira;19:05:00;MT;364;552;ROSARIO OESTE;Reação tardia ou ineficiente do condutor;Queda de ocupante de veículo;Com Vítimas Feridas;Plena Noite;Crescente;Céu Claro;Dupla;Reta;Não;1;0;1;0;0;0;1;1;-14,83430567;-56,43363529;SPRF-MT;DEL01-MT;UOP01-DEL01-MT
597903;02/05/2024;quinta-feira;22:30:00;PE;232;318;CUSTODIA;Reação tardia ou ineficiente do condutor;Capotamento;Sem Vítimas;Plena Noite;Crescente;Céu Claro;Simples;"Reta;Aclive";Não;1;0;0;0;0;1;0;1;-8,12760745;-37,52513618;SPRF-PE;DEL04-PE;UOP02-DEL04-PE
597905;03/05/2024;sexta-feira;00:30:00;CE;222;225,5;SOBRAL;Pedestre andava na pista;Atropelamento de Pedestre;Com Vítimas Feridas;Plena Noite;Crescente;Céu Claro;Simples;Reta;Não;2;0;0;2;0;0;2;2;-3,70821338;-40,35209808;SPRF-CE;DEL04-CE;UOP01-DEL04-CE
597907;02/05/2024;quinta-feira;19:07:00;RO;364;345,9;JI-PARANA;Acessar a via sem observar a presença dos outros veículos;Colisão transversal;Com Vítimas Feridas;Plena Noite;Decrescente;Céu Claro;Dupla;Interseção de Vias;Sim;3;0;0;2;0;1;2;3;-10,86790955;-61,96591616;SPRF-RO;DEL02-RO;UOP01-DEL02-RO
597908;02/05/2024;quinta-feira;22:00:00;MT;364;282;JACIARA;Condutor Dormindo;Saída de leito carroçável;Com Vítimas Feridas;Plena Noite;Decrescente;Céu Claro;Simples;Reta;Não;2;0;1;0;1;0;1;2;-15,92006578;-55,02602378;SPRF-MT;DEL05-MT;UOP02-DEL05-MT
597910;28/02/2024;quarta-feira;13:15:00;SC;101;204;SAO JOSE;Acesso irregular;Colisão transversal;Com Vítimas Feridas;Pleno dia;Decrescente;Céu Claro;Múltipla;"Viaduto;Interseção de Vias";Sim;3;0;1;0;2;0;1;2;-27,57413014;-48,61363083;SPRF-SC;DEL01-SC;UOP01-DEL01-SC
597911;02/05/2024;quinta-feira;23:10:00;MT;174;4;PONTES E LACERDA;Transitar na contramão;Colisão lateral sentido oposto;Sem Vítimas;Plena Noite;Crescente;Céu Claro;Simples;Reta;Sim;1;0;0;0;0;1;0;1;-15,23597226;-59,34173942;SPRF-MT;DEL03-MT;UOP01-DEL03-MT
597912;02/05/2024;quinta-feira;14:10:00;SP;381;72;SAO PAULO;Reação tardia ou ineficiente do condutor;Colisão traseira;Com Vítimas Feridas;Pleno dia;Decrescente;Céu Claro;Dupla;Reta;Não;1;0;1;0;0;0;1;1;-23,35761806;-46,54970281;SPRF-SP;DEL03-SP;UOP01-DEL03-SP
597915;03/05/2024;sexta-feira;00:20:00;PE;101;84;JABOATAO DOS GUARARAPES;Pedestre andava na pista;Atropelamento de Pedestre;Com Vítimas Fatais;Plena Noite;Decrescente;Nublado;Dupla;Reta;Não;2;1;0;0;1;0;0;2;-8,17778559;-34,95087297;SPRF-PE;DEL01-PE;UOP01-DEL01-PE
597918;03/05/2024;sexta-feira;02:50:00;MT;158;551;AGUA BOA;Condutor Dormindo;Capotamento;Com Vítimas Feridas;Plena Noite;Crescente;Céu Claro;Simples;Reta;Não;2;0;2;0;0;0;2;1;-13,91987321;-52,09374055;SPRF-MT;DEL07-MT;UOP02-DEL07-MT
597921;03/05/2024;sexta-feira;04:16:00;RN;226;2;NATAL;Ingestão de álcool pelo condutor;Colisão com objeto;Sem Vítimas;Amanhecer;Crescente;Chuva;Dupla;Reta;Sim;2;0;0;0;1;1;0;2;-5,81364934;-35,2466547;SPRF-RN;DEL01-RN;UOP02-DEL01-RN
597922;03/05/2024;sexta-feira;05:10:00;RJ;393;284,5;VOLTA REDONDA;Reação tardia ou ineficiente do condutor;Colisão traseira;Sem Vítimas;Amanhecer;Decrescente;Nublado;Simples;Reta;Sim;2;0;0;0;2;0;0;2;-22,47341979;-44,05990606;SPRF-RJ;DEL05-RJ;UOP04-DEL05-RJ
597925;03/05/2024;sexta-feira;06:00:00;BA;101;64;ENTRE RIOS;Condutor Dormindo;Saída de leito carroçável;Com Vítimas Feridas;Amanhecer;Crescente;Chuva;Dupla;"Declive;Ponte;Reta";Não;1;0;0;1;0;0;1;1;-11,96618423;-38,14476501;SPRF-BA;DEL01-BA;UOP04-DEL01-BA
597926;03/05/2024;sexta-feira;06:35:00;RJ;116;171;RIO DE JANEIRO;Pedestre cruzava a pista fora da faixa;Atropelamento de Pedestre;Com Vítimas Feridas;Pleno dia;Crescente;Céu Claro;Múltipla;Reta;Sim;2;0;0;1;1;0;1;2;-22,8060415;-43,34289573;SPRF-RJ;DEL06-RJ;UOP01-DEL06-RJ
597927;03/05/2024;sexta-feira;05:51:00;SC;470;66,4;INDAIAL;Transitar no Acostamento;Colisão com objeto;Com Vítimas Feridas;Amanhecer;Decrescente;Garoa/Chuvisco;Dupla;"Reta;Em Obras";Sim;1;0;1;0;0;0;1;1;-26,870407;-49,221844;SPRF-SC;DEL04-SC;UOP01-DEL04-SC
597929;03/05/2024;sexta-feira;07:00:00;SP;116;219;GUARULHOS;Ausência de reação do condutor;Colisão transversal;Com Vítimas Feridas;Pleno dia;Crescente;Céu Claro;Dupla;Reta;Sim;2;0;1;0;1;0;1;2;-23,46143954;-46,48885316;SPRF-SP;DEL01-SP;UOP01-DEL01-SP
597930;03/05/2024;sexta-feira;00:30:00;PR;376;488;PONTA GROSSA;Ingestão de álcool pelo condutor;Saída de leito carroçável;Sem Vítimas;Plena Noite;Crescente;Céu Claro;Dupla;Reta;Sim;1;0;0;0;1;0;0;1;-25,13510082;-50,16497282;SPRF-PR;DEL03-PR;UOP04-DEL03-PR
597936;03/05/2024;sexta-feira;07:30:00;SC;282;1;FLORIANOPOLIS;Manobra de mudança de faixa;Colisão lateral mesmo sentido;Com Vítimas Feridas;Pleno dia;Decrescente;Céu Claro;Múltipla;Reta;Sim;3;0;1;0;1;1;1;3;-27,59845;-48,571995;SPRF-SC;DEL01-SC;UOP01-DEL01-SC
597938;03/05/2024;sexta-feira;07:45:00;DF;70;11;BRASILIA;Entrada inopinada do pedestre;Atropelamento de Pedestre;Com Vítimas Feridas;Pleno dia;Decrescente;Céu Claro;Dupla;Reta;Sim;2;0;1;0;1;0;1;2;-15,789762;-48,148727;SPRF-DF;DEL03-DF;UOP02-DEL03-DF
597941;03/05/2024;sexta-feira;07:20:00;ES;101;270,9;SERRA;Condutor deixou de manter distância do veículo da frente;Colisão traseira;Com Vítimas Feridas;Pleno dia;Decrescente;Sol;Múltipla;"Reta;Aclive";Sim;3;0;1;1;1;0;2;2;-20,22662056;-40,27075088;SPRF-ES;DEL02-ES;UOP01-DEL02-ES
597944;03/05/2024;sexta-feira;07:20:00;SP;116;155,2;SAO JOSE DOS CAMPOS;Reação tardia ou ineficiente do condutor;Colisão lateral mesmo sentido;Com Vítimas Feridas;Pleno dia;Crescente;Céu Claro;Dupla;"Aclive;Reta;Em Obras";Sim;2;0;1;0;1;0;1;2;-23,24524337;-45,92772774;SPRF-SP;DEL02-SP;UOP01-DEL02-SP
597945;03/05/2024;sexta-feira;06:30:00;SC;280;230;CANOINHAS;Ingestão de álcool pelo condutor;Saída de leito carroçável;Sem Vítimas;Amanhecer;Crescente;Nublado;Simples;Rotatória;Sim;1;0;0;0;1;0;0;1;-26,18756479;-50,36192211;SPRF-SC;DEL06-SC;UOP04-DEL06-SC
597947;03/05/2024;sexta-feira;07:10:00;MG;116;607;SAO JOAO DO MANHUACU;Fumaça;Engavetamento;Com Vítimas Feridas;Pleno dia;Decrescente;Nevoeiro/Neblina;Simples;Reta;Não;3;0;0;1;2;0;1;3;-20,38752606;-42,14687854;SPRF-MG;DEL06-MG;UOP03-DEL06-MG
597949;03/05/2024;sexta-feira;06:15:00;MG;354;764,5;ITAMONTE;Condutor Dormindo;Colisão frontal;Com Vítimas Feridas;Pleno dia;Decrescente;Céu Claro;Simples;Curva;Não;3;0;1;0;2;0;1;2;-22,34513016;-44,8153461;SPRF-MG;DEL17-MG;UOP01-DEL17-MG
597951;03/05/2024;sexta-feira;07:00:00;DF;70;8;BRASILIA;Manobra de mudança de faixa;Colisão traseira;Com Vítimas Feridas;Pleno dia;Decrescente;Céu Claro;Dupla;Reta;Sim;2;0;1;0;1;0;1;2;-15,784966;-48,122108;SPRF-DF;DEL03-DF;UOP02-DEL03-DF
597952;03/05/2024;sexta-feira;08:40:00;SC;101;214,9;PALHOCA;Ausência de reação do condutor;Colisão traseira;Com Vítimas Feridas;Pleno dia;Crescente;Céu Claro;Simples;Reta;Sim;2;0;1;0;0;1;1;2;-27,64443;-48,67057;SPRF-SC;DEL01-SC;UOP02-DEL01-SC
597953;03/05/2024;sexta-feira;08:40:00;RS;116;243;SAO LEOPOLDO;Acumulo de óleo sobre o pavimento;Tombamento;Com Vítimas Feridas;Pleno dia;Decrescente;Céu Claro;Dupla;Curva;Sim;1;0;1;0;0;0;1;1;-29,73196199;-51,14952004;SPRF-RS;DEL01-RS;UOP02-DEL01-RS
597956;03/05/2024;sexta-feira;07:45:00;SP;381;88;GUARULHOS;Ausência de reação do condutor;Colisão traseira;Com Vítimas Feridas;Pleno dia;Crescente;Céu Claro;Simples;Reta;Sim;3;0;1;1;1;0;2;2;-23,47469314;-46,56112919;SPRF-SP;DEL03-SP;UOP01-DEL03-SP
597957;03/05/2024;sexta-feira;06:45:00;MG;40;510,5;RIBEIRAO DAS NEVES;Reação tardia ou ineficiente do condutor;Colisão lateral mesmo sentido;Com Vítimas Feridas;Pleno dia;Crescente;Céu Claro;Dupla;"Aclive;Reta";Sim;3;0;2;0;0;1;2;2;-19,77463885;-44,12321882;SPRF-MG;DEL01-MG;UOP02-DEL01-MG
597958;03/05/2024;sexta-feira;08:00:00;RS;116;520,8;PELOTAS;Acessar a via sem observar a presença dos outros veículos;Colisão transversal;Com Vítimas Feridas;Pleno dia;Crescente;Nublado;Dupla;"Rotatória;Viaduto";Sim;2;0;1;0;1;0;1;2;-31,70750485;-52,36710548;SPRF-RS;DEL07-RS;UOP01-DEL07-RS
597960;03/05/2024;sexta-feira;08:20:00;PR;376;1;APUCARANA;Reação tardia ou ineficiente do condutor;Colisão traseira;Com Vítimas Feridas;Pleno dia;Decrescente;Céu Claro;Simples;Reta;Sim;2;0;1;0;1;0;1;2;-23,569519;-51,430229;SPRF-PR;DEL07-PR;UOP03-DEL07-PR
597961;03/05/2024;sexta-feira;08:30:00;MG;40;527;CONTAGEM;Demais falhas mecânicas ou elétricas;Incêndio;Sem Vítimas;Pleno dia;Crescente;Céu Claro;Dupla;Reta;Sim;1;0;0;0;1;0;0;1;-19,90149502;-44,04938939;SPRF-MG;DEL01-MG;UOP02-DEL01-MG
597962;03/05/2024;sexta-feira;08:30:00;SP;153;62,2;SAO JOSE DO RIO PRETO;Reação tardia ou ineficiente do condutor;Colisão traseira;Sem Vítimas;Pleno dia;Decrescente;Céu Claro;Dupla;Reta;Sim;3;0;0;0;3;0;0;2;-20,81325404;-49,35675563;SPRF-SP;DEL09-SP;UOP01-DEL09-SP
597965;03/05/2024;sexta-feira;08:30:00;SP;116;211,9;GUARULHOS;Ausência de reação do condutor;Colisão com objeto;Com Vítimas Feridas;Pleno dia;Crescente;Céu Claro;Múltipla;"Reta;Declive";Sim;1;0;0;1;0;0;1;1;-23,43608315;-46,42805094;SPRF-SP;DEL01-SP;UOP01-DEL01-SP
597966;03/05/2024;sexta-feira;08:50:00;BA;324;616;SALVADOR;Manobra de mudança de faixa;Tombamento;Com Vítimas Feridas;Pleno dia;Decrescente;Garoa/Chuvisco;Dupla;Reta;Sim;2;0;2;0;0;0;2;1;-12,87957905;-38,43213893;SPRF-BA;DEL01-BA;UOP01-DEL01-BA
597969;03/05/2024;sexta-feira;09:16:00;MG;50;157;UBERABA;Demais falhas mecânicas ou elétricas;Incêndio;Sem Vítimas;Pleno dia;Crescente;Céu Claro;Dupla;Reta;Sim;1;0;0;0;1;0;0;1;-19,62528388;-48,01556068;SPRF-MG;DEL13-MG;UOP01-DEL13-MG
597970;03/05/2024;sexta-feira;09:22:00;ES;262;0,7;CARIACICA;Reação tardia ou ineficiente do condutor;Queda de ocupante de veículo;Com Vítimas Feridas;Pleno dia;Decrescente;Céu Claro;Dupla;"Ponte;Reta";Não;1;0;0;1;0;0;1;1;-20,320793;-40,353315;SPRF-ES;DEL01-ES;UOP01-DEL01-ES
597971;03/05/2024;sexta-feira;09:50:00;RJ;101;495;ANGRA DOS REIS;Ausência de reação do condutor;Colisão traseira;Com Vítimas Feridas;Pleno dia;Crescente;Céu Claro;Simples;Reta;Sim;4;0;1;0;3;0;1;3;-22,93180313;-44,32178488;SPRF-RJ;DEL03-RJ;UOP03-DEL03-RJ
597972;03/05/2024;sexta-feira;10:10:00;ES;101;108;SOORETAMA;Ausência de reação do condutor;Tombamento;Com Vítimas Feridas;Pleno dia;Decrescente;Céu Claro;Simples;Reta;Não;1;0;1;0;0;0;1;1;-19,04580488;-40,02680125;SPRF-ES;DEL04-ES;UOP01-DEL04-ES
597973;23/04/2024;terça-feira;18:37:00;PE;232;292,5;SERTANIA;Transitar na contramão;Colisão frontal;Com Vítimas Fatais;Plena Noite;Crescente;Céu Claro;Simples;Reta;Não;4;2;1;1;0;0;2;2;-8,2909552;-37,37963148;SPRF-PE;DEL04-PE;UOP02-DEL04-PE
597974;03/05/2024;sexta-feira;09:27:00;RJ;116;148;DUQUE DE CAXIAS;Acumulo de óleo sobre o pavimento;Queda de ocupante de veículo;Com Vítimas Feridas;Pleno dia;Decrescente;Céu Claro;Dupla;Curva;Sim;1;0;1;0;0;0;1;1;-22,671963;-43,286963;SPRF-RJ;DEL01-RJ;UOP02-DEL01-RJ
597982;03/05/2024;sexta-feira;07:35:00;MS;419;237,5;AQUIDAUANA;Velocidade Incompatível;Saída de leito carroçável;Com Vítimas Feridas;Pleno dia;Crescente;Céu Claro;Simples;Reta;Não;1;0;1;0;0;0;1;1;-20,500391;-55,81333;SPRF-MS;DEL03-MS;UOP01-DEL03-MS
597983;03/05/2024;sexta-feira;10:45:00;MG;381;942;EXTREMA;Reação tardia ou ineficiente do condutor;Queda de ocupante de veículo;Com Vítimas Feridas;Pleno dia;Decrescente;Céu Claro;Dupla;"Reta;Aclive";Não;1;0;1;0;0;0;1;1;-22,86605937;-46,34940386;SPRF-MG;DEL16-MG;UOP03-DEL16-MG
597984;03/05/2024;sexta-feira;09:40:00;PR;376;450;TIBAGI;Reação tardia ou ineficiente do condutor;Saída de leito carroçável;Com Vítimas Feridas;Pleno dia;Decrescente;Sol;Dupla;"Curva;Declive";Não;2;0;2;0;0;0;2;1;-24,87623631;-50,44316769;SPRF-PR;DEL03-PR;UOP02-DEL03-PR
597987;03/05/2024;sexta-feira;09:30:00;GO;452;0,4;RIO VERDE;Reação tardia ou ineficiente do condutor;Colisão traseira;Com Vítimas Feridas;Pleno dia;Decrescente;Céu Claro;Múltipla;Reta;Sim;5;0;2;1;2;0;3;2;-17,788894;-50,897888;SPRF-GO;DEL04-GO;UOP01-DEL04-GO
597992;03/05/2024;sexta-feira;12:10:00;MG;381;534,2;ITATIAIUCU;Restrição de visibilidade em curvas horizontais;Colisão frontal;Com Vítimas Feridas;Pleno dia;Decrescente;Sol;Simples;Curva;Sim;2;0;1;0;1;0;1;2;-20,20728901;-44,39007699;SPRF-MG;DEL04-MG;UOP03-DEL04-MG
597993;09/03/2024;sábado;15:00:00;DF;20;18;BRASILIA;Ausência de reação do condutor;Queda de ocupante de veículo;Com Vítimas Feridas;Pleno dia;Crescente;Céu Claro;Dupla;"Reta;Declive";Sim;1;0;0;1;0;0;1;1;-15,616901;-47,708927;SPRF-DF;DEL02-DF;UOP01-DEL02-DF
597994;03/05/2024;sexta-feira;11:35:00;RO;364;11;VILHENA;Acessar a via sem observar a presença dos outros veículos;Colisão transversal;Com Vítimas Feridas;Pleno dia;Crescente;Céu Claro;Simples;Reta;Sim;2;0;0;1;1;0;1;2;-12,74605898;-60,11270299;SPRF-RO;DEL04-RO;UOP01-DEL04-RO
597996;03/05/2024;sexta-feira;13:20:00;PI;343;307,1;ALTOS;Condutor desrespeitou a iluminação vermelha do semáforo;Colisão transversal;Com Vítimas Feridas;Pleno dia;Crescente;Céu Claro;Simples;"Reta;Interseção de Vias";Sim;2;0;1;0;1;0;1;2;-5,039802;-42,459518;SPRF-PI;DEL01-PI;UOP01-DEL01-PI
597997;03/05/2024;sexta-feira;11:30:00;PA;316;36;SANTA IZABEL DO PARA;Entrada inopinada do pedestre;Atropelamento de Pedestre;Com Vítimas Feridas;Pleno dia;Decrescente;Céu Claro;Dupla;Reta;Sim;2;0;0;1;1;0;1;2;-1,29009976;-48,15602469;SPRF-PA;DEL01-PA;UOP01-DEL01-PA
597998;03/05/2024;sexta-feira;12:50:00;MG;356;268,4;MURIAE;Conversão proibida;Colisão transversal;Com Vítimas Feridas;Pleno dia;Crescente;Céu Claro;Simples;Reta;Sim;3;0;1;0;2;0;1;2;-21,12690881;-42,34244401;SPRF-MG;DEL07-MG;UOP02-DEL07-MG
597999;03/05/2024;sexta-feira;13:20:00;PB;230;24;JOAO PESSOA;Ausência de reação do condutor;Engavetamento;Com Vítimas Feridas;Pleno dia;Decrescente;Céu Claro;Dupla;Aclive;Não;5;0;2;0;3;0;2;3;-7,1637;-34,8618;SPRF-PB;DEL01-PB;UOP01-DEL01-PB
598001;03/05/2024;sexta-feira;14:10:00;RN;101;116,5;SAO JOSE DE MIPIBU;Reação tardia ou ineficiente do condutor;Colisão traseira;Com Vítimas Feridas;Pleno dia;Crescente;Sol;Dupla;"Interseção de Vias;Reta;Retorno Regulamentado";Sim;2;0;1;0;1;0;1;2;-5,99923408;-35,26039018;SPRF-RN;DEL01-RN;UOP01-DEL01-RN
598002;03/05/2024;sexta-feira;14:35:00;SC;101;46;JOINVILLE;Transitar na contramão;Atropelamento de Pedestre;Com Vítimas Feridas;Pleno dia;Decrescente;Nublado;Múltipla;Reta;Não;2;0;1;0;1;0;1;2;-26,33150083;-48,86187762;SPRF-SC;DEL03-SC;UOP01-DEL03-SC
598003;18/03/2024;segunda-feira;10:05:00;SC;280;5,4;SAO FRANCISCO DO SUL;Trafegar com motocicleta (ou similar) entre as faixas;Colisão frontal;Com Vítimas Feridas;Pleno dia;Decrescente;Céu Claro;Simples;"Reta;Interseção de Vias";Sim;2;0;1;0;1;0;1;2;-26,26274621;-48,62922192;SPRF-SC;DEL03-SC;UOP03-DEL03-SC
598004;03/05/2024;sexta-feira;13:00:00;BA;116;25;VITORIA DA CONQUISTA;Acumulo de óleo sobre o pavimento;Tombamento;Com Vítimas Feridas;Pleno dia;Crescente;Céu Claro;Simples;Rotatória;Sim;2;0;2;0;0;0;2;1;-14,851;-40,8485;SPRF-BA;DEL08-BA;UOP01-DEL08-BA
598005;03/05/2024;sexta-feira;14:15:00;MG;40;513;RIBEIRAO DAS NEVES;Condutor usando celular;Saída de leito carroçável;Com Vítimas Feridas;Pleno dia;Decrescente;Céu Claro;Dupla;Reta;Sim;1;0;1;0;0;0;1;1;-19,7970544;-44,1080512;SPRF-MG;DEL01-MG;UOP02-DEL01-MG
598007;03/05/2024;sexta-feira;12:49:00;ES;393;0,5;CACHOEIRO DE ITAPEMIRIM;Acessar a via sem observar a presença dos outros veículos;Colisão lateral sentido oposto;Com Vítimas Feridas;Pleno dia;Crescente;Sol;Simples;Reta;Sim;2;0;1;0;1;0;1;2;-20,841324;-41,15929;SPRF-ES;DEL03-ES;UOP02-DEL03-ES
598008;03/05/2024;sexta-feira;14:10:00;MG;381;489,7;BETIM;Demais falhas mecânicas ou elétricas;Incêndio;Sem Vítimas;Pleno dia;Decrescente;Céu Claro;Dupla;Reta;Sim;1;0;0;0;1;0;0;1;-19,956507;-44,135636;SPRF-MG;DEL01-MG;UOP03-DEL01-MG
598009;03/05/2024;sexta-feira;15:00:00;SP;381;89,9;GUARULHOS;Trafegar com motocicleta (ou similar) entre as faixas;Colisão lateral mesmo sentido;Com Vítimas Feridas;Pleno dia;Crescente;Céu Claro;Múltipla;Reta;Não;3;0;1;0;1;1;1;3;-23,48469299;-46,55983288;SPRF-SP;DEL03-SP;UOP01-DEL03-SP
598010;03/05/2024;sexta-feira;15:20:00;SC;101;186;BIGUACU;Reação tardia ou ineficiente do condutor;Saída de leito carroçável;Com Vítimas Feridas;Pleno dia;Crescente;Nublado;Dupla;Curva;Não;1;0;1;0;0;0;1;1;-27,4341098;-48,62567129;SPRF-SC;DEL01-SC;UOP01-DEL01-SC
598012;03/05/2024;sexta-feira;15:15:00;SC;101;214;PALHOCA;Manobra de mudança de faixa;Colisão traseira;Com Vítimas Feridas;Pleno dia;Crescente;Nublado;Múltipla;Reta;Sim;3;0;1;0;2;0;1;3;-27,64443;-48,67057;SPRF-SC;DEL01-SC;UOP02-DEL01-SC
598014;03/05/2024;sexta-feira;12:47:00;RO;364;422;JARU;Manobra de mudança de faixa;Colisão lateral mesmo sentido;Com Vítimas Feridas;Pleno dia;Decrescente;Céu Claro;Dupla;"Retorno Regulamentado;Aclive;Reta;Em Obras";Sim;3;0;1;0;2;0;1;2;-10,4597532;-62,4558043;SPRF-RO;DEL03-RO;UOP02-DEL03-RO
598016;03/05/2024;sexta-feira;14:30:00;PB;230;15;JOAO PESSOA;Condutor deixou de manter distância do veículo da frente;Engavetamento;Sem Vítimas;Pleno dia;Crescente;Céu Claro;Dupla;"Aclive;Reta";Sim;3;0;0;0;3;0;0;3;-7,10383111;-34,84627247;SPRF-PB;DEL01-PB;UOP01-DEL01-PB
598017;03/05/2024;sexta-feira;15:40:00;MG;381;491,3;BETIM;Demais falhas mecânicas ou elétricas;Incêndio;Sem Vítimas;Pleno dia;Decrescente;Sol;Dupla;Reta;Não;1;0;0;0;1;0;0;1;-19,96502819;-44,17422195;SPRF-MG;DEL01-MG;UOP03-DEL01-MG
598019;03/05/2024;sexta-feira;10:20:00;CE;20;332,5;CARIDADE;Mal súbito do condutor;Saída de leito carroçável;Com Vítimas Feridas;Pleno dia;Decrescente;Céu Claro;Simples;Reta;Não;1;0;0;1;0;0;1;1;-4,18486872;-39,17333728;SPRF-CE;DEL02-CE;UOP01-DEL02-CE
598020;03/05/2024;sexta-feira;15:00:00;RJ;493;19;MAGE;Acessar a via sem observar a presença dos outros veículos;Colisão transversal;Com Vítimas Feridas;Pleno dia;Crescente;Céu Claro;Simples;Reta;Sim;3;0;2;0;1;0;2;2;-22,6663848;-43,02770248;SPRF-RJ;DEL04-RJ;UOP02-DEL04-RJ
598023;03/05/2024;sexta-feira;16:00:00;SP;116;216;GUARULHOS;Reação tardia ou ineficiente do condutor;Colisão com objeto;Com Vítimas Feridas;Pleno dia;Crescente;Céu Claro;Dupla;Reta;Sim;1;0;1;0;0;0;1;1;-23,45423824;-46,47119028;SPRF-SP;DEL01-SP;UOP01-DEL01-SP
598025;03/05/2024;sexta-feira;15:50:00;RN;101;108,7;PARNAMIRIM;Reação tardia ou ineficiente do condutor;Queda de ocupante de veículo;Com Vítimas Feridas;Pleno dia;Decrescente;Céu Claro;Dupla;"Reta;Declive";Sim;2;0;2;0;0;0;2;1;-5,93229;-35,26474;SPRF-RN;DEL01-RN;UOP01-DEL01-RN
598026;03/05/2024;sexta-feira;15:00:00;SC;282;612,3;MARAVILHA;Chuva;Saída de leito carroçável;Com Vítimas Feridas;Pleno dia;Crescente;Chuva;Simples;"Aclive;Curva";Não;2;0;2;0;0;0;2;1;-26,75906;-53,248955;SPRF-SC;DEL07-SC;UOP02-DEL07-SC
598027;03/05/2024;sexta-feira;11:00:00;PR;153;161,3;VENTANIA;Condutor deixou de manter distância do veículo da frente;Colisão traseira;Com Vítimas Feridas;Pleno dia;Decrescente;Céu Claro;Simples;Rotatória;Sim;2;0;1;0;1;0;1;2;-24,23521354;-50,23195982;SPRF-PR;DEL03-PR;UOP02-DEL03-PR
598028;03/05/2024;sexta-feira;15:00:00;RO;319;58;PORTO VELHO;Manobra de mudança de faixa;Colisão lateral mesmo sentido;Com Vítimas Feridas;Pleno dia;Crescente;Céu Claro;Dupla;Reta;Sim;2;0;0;1;1;0;1;2;-8,7428483;-63,90479922;SPRF-RO;DEL01-RO;UOP01-DEL01-RO
598029;03/05/2024;sexta-feira;16:30:00;MG;40;554;NOVA LIMA;Reação tardia ou ineficiente do condutor;Engavetamento;Com Vítimas Feridas;Pleno dia;Decrescente;Céu Claro;Dupla;Reta;Sim;7;0;1;0;5;1;1;6;-20,07715896;-43,98213593;SPRF-MG;DEL01-MG;UOP02-DEL01-MG
598030;03/05/2024;sexta-feira;16:10:00;RS;285;455,5;IJUI;Acessar a via sem observar a presença dos outros veículos;Colisão transversal;Com Vítimas Feridas;Pleno dia;Crescente;Nublado;Simples;Interseção de Vias;Sim;2;0;1;0;1;0;1;2;-28,38483107;-53,88776779;SPRF-RS;DEL10-RS;UOP01-DEL10-RS
598031;03/05/2024;sexta-feira;16:20:00;BA;324;616,6;SALVADOR;Reação tardia ou ineficiente do condutor;Colisão traseira;Com Vítimas Feridas;Pleno dia;Decrescente;Céu Claro;Dupla;"Interseção de Vias;Retorno Regulamentado;Aclive";Sim;2;0;1;0;1;0;1;2;-12,87957905;-38,43213893;SPRF-BA;DEL01-BA;UOP01-DEL01-BA
598032;03/05/2024;sexta-feira;16:30:00;SP;116;113,9;TAUBATE;Velocidade Incompatível;Tombamento;Com Vítimas Feridas;Pleno dia;Decrescente;Sol;Dupla;Reta;Não;3;0;1;0;2;0;1;2;-23,0440828;-45,58041405;SPRF-SP;DEL02-SP;UOP02-DEL02-SP
598033;03/05/2024;sexta-feira;16:30:00;PR;277;120;CAMPO LARGO;Reação tardia ou ineficiente do condutor;Queda de ocupante de veículo;Com Vítimas Feridas;Pleno dia;Crescente;Céu Claro;Dupla;Reta;Não;1;0;1;0;0;0;1;1;-25,43651772;-49,44346612;SPRF-PR;DEL03-PR;UOP03-DEL03-PR
598034;03/05/2024;sexta-feira;17:15:00;MG;381;3;BETIM;Ausência de reação do condutor;Tombamento;Com Vítimas Feridas;Pleno dia;Decrescente;Sol;Dupla;Reta;Sim;1;0;1;0;0;0;1;1;-19,97657548;-44,16040421;SPRF-MG;DEL01-MG;UOP03-DEL01-MG