id;data_inversa;dia_semana;horario;uf;br;km;municipio;causa_acidente;tipo_acidente;classificacao_acidente;fase_dia;sentido_via;condicao_metereologica;tipo_pista;tracado_via;uso_solo;pessoas;mortos;feridos_leves;feridos_graves;ilesos;ignorados;feridos;veiculos;latitude;longitude;regional;delegacia;uop
598155;04/05/2024;sábado;06:55:00;ES;101;302;VIANA;Ausência de reação do condutor;Tombamento;Com Vítimas Feridas;Pleno dia;Crescente;Céu Claro;Dupla;Curva;Não;1;0;0;1;0;0;1;1;-20,36958283;-40,44384551;SPRF-ES;DEL01-ES;UOP01-DEL01-ES
598158;04/05/2024;sábado;07:00:00;DF;70;14;BRASILIA;Ausência de reação do condutor;Colisão traseira;Com Vítimas Feridas;Pleno dia;Decrescente;Céu Claro;Dupla;Reta;Sim;2;0;1;0;1;0;1;2;-15,797312;-48,176056;SPRF-DF;DEL03-DF;UOP02-DEL03-DF
598159;04/05/2024;sábado;06:30:00;PR;277;632,7;CEU AZUL;Ausência de reação do condutor;Colisão com objeto;Sem Vítimas;Amanhecer;Crescente;Nublado;Simples;Rotatória;Não;4;0;0;0;4;0;0;1;-25,12256565;-53,80997113;SPRF-PR;DEL05-PR;UOP02-DEL05-PR
598160;04/05/2024;sábado;01:20:00;MG;381;708,2;NEPOMUCENO;Pedestre andava na pista;Atropelamento de Pedestre;Com Vítimas Fatais;Plena Noite;Decrescente;Céu Claro;Dupla;"Reta;Declive";Não;3;1;0;0;2;0;0;2;-21,33995;-45,176308;SPRF-MG;DEL04-MG;UOP02-DEL04-MG
598161;04/05/2024;sábado;07:05:00;SP;116;78,2;ROSEIRA;Objeto estático sobre o leito carroçável;Tombamento;Com Vítimas Feridas;Pleno dia;Crescente;Céu Claro;Dupla;Reta;Sim;1;0;0;1;0;0;1;1;-22,88893407;-45,28690695;SPRF-SP;DEL08-SP;UOP01-DEL08-SP
598162;04/05/2024;sábado;04:30:00;SC;101;97;BALNEARIO PICARRAS;Ausência de reação do condutor;Saída de leito carroçável;Sem Vítimas;Plena Noite;Decrescente;Garoa/Chuvisco;Múltipla;Reta;Sim;1;0;0;0;0;1;0;1;-26,72823703;-48,70224928;SPRF-SC;DEL03-SC;UOP02-DEL03-SC
598163;04/05/2024;sábado;06:50:00;RJ;393;253;BARRA DO PIRAI;Reação tardia ou ineficiente do condutor;Queda de ocupante de veículo;Com Vítimas Feridas;Pleno dia;Crescente;Céu Claro;Simples;Curva;Não;1;0;1;0;0;0;1;1;-22,43940862;-43,78355221;SPRF-RJ;DEL05-RJ;UOP04-DEL05-RJ
598164;03/05/2024;sexta-feira;19:00:00;MG;365;791;GURINHATA;Animais na Pista;Colisão com objeto;Com Vítimas Feridas;Plena Noite;Decrescente;Céu Claro;Dupla;Reta;Não;2;0;1;0;1;0;1;2;-18,93503228;-49,82793338;SPRF-MG;DEL15-MG;UOP03-DEL15-MG
598165;04/05/2024;sábado;05:00:00;MG;267;31,5;ARGIRITA;Condutor Dormindo;Saída de leito carroçável;Com Vítimas Feridas;Plena Noite;Decrescente;Nublado;Simples;"Curva;Declive";Não;2;0;2;0;0;0;2;1;-21,64465779;-42,8469463;SPRF-MG;DEL07-MG;UOP01-DEL07-MG
598166;04/05/2024;sábado;07:40:00;GO;153;499,6;GOIANIA;Demais falhas mecânicas ou elétricas;Tombamento;Com Vítimas Feridas;Pleno dia;Decrescente;Céu Claro;Dupla;Reta;Sim;2;0;2;0;0;0;2;1;-16,7033;-49,2311;SPRF-GO;DEL01-GO;UOP01-DEL01-GO
598167;04/05/2024;sábado;03:30:00;BA;415;29;ILHEUS;Manobra de mudança de faixa;Colisão com objeto;Sem Vítimas;Plena Noite;Decrescente;Nublado;Simples;Reta;Não;1;0;0;0;1;0;0;1;-14,785503;-39,225721;SPRF-BA;DEL05-BA;UOP01-DEL05-BA
598168;04/05/2024;sábado;04:00:00;RJ;116;173;SAO JOAO DE MERITI;Condutor Dormindo;Tombamento;Com Vítimas Feridas;Plena Noite;Decrescente;Céu Claro;Múltipla;Reta;Sim;1;0;1;0;0;0;1;1;-22,79810324;-43,35726614;SPRF-RJ;DEL06-RJ;UOP01-DEL06-RJ
598169;04/05/2024;sábado;08:00:00;ES;101;64;SAO MATEUS;Velocidade Incompatível;Tombamento;Com Vítimas Feridas;Pleno dia;Decrescente;Sol;Simples;Reta;Não;1;0;1;0;0;0;1;1;-18,70428583;-39,87065983;SPRF-ES;DEL04-ES;UOP02-DEL04-ES
598170;04/05/2024;sábado;07:00:00;SC;280;69,8;JARAGUA DO SUL;Ausência de reação do condutor;Colisão transversal;Com Vítimas Feridas;Pleno dia;Decrescente;Nublado;Simples;Reta;Sim;2;0;1;0;1;0;1;2;-26,46803296;-49,11833097;SPRF-SC;DEL03-SC;UOP03-DEL03-SC
598171;04/05/2024;sábado;08:10:00;MG;381;4,9;BETIM;Ausência de reação do condutor;Saída de leito carroçável;Sem Vítimas;Pleno dia;Crescente;Céu Claro;Dupla;"Reta;Declive";Não;1;0;0;0;0;1;0;1;-19,98856407;-44,18746233;SPRF-MG;DEL01-MG;UOP03-DEL01-MG
598173;04/05/2024;sábado;08:40:00;PE;101;70;RECIFE;Condutor deixou de manter distância do veículo da frente;Colisão traseira;Sem Vítimas;Pleno dia;Decrescente;Sol;Dupla;Reta;Sim;3;0;0;0;3;0;0;2;-8,06776119;-34,94265074;SPRF-PE;DEL01-PE;UOP01-DEL01-PE
598174;04/05/2024;sábado;08:10:00;SC;282;0,5;FLORIANOPOLIS;Velocidade Incompatível;Colisão lateral mesmo sentido;Sem Vítimas;Pleno dia;Crescente;Chuva;Dupla;Curva;Sim;3;0;0;0;3;0;0;3;-27,59845;-48,571995;SPRF-SC;DEL01-SC;UOP01-DEL01-SC
598175;04/05/2024;sábado;01:30:00;AC;317;193;XAPURI;Reação tardia ou ineficiente do condutor;Saída de leito carroçável;Com Vítimas Fatais;Plena Noite;Crescente;Nevoeiro/Neblina;Simples;Reta;Não;4;1;2;0;1;0;2;1;-10,63373795;-68,07330006;SPRF-AC;DEL01-AC;UOP02-DEL01-AC
598177;04/05/2024;sábado;08:25:00;SP;101;51;UBATUBA;Conversão proibida;Colisão traseira;Com Vítimas Feridas;Pleno dia;Crescente;Céu Claro;Simples;Interseção de Vias;Sim;3;0;1;1;1;0;2;2;-23,45627795;-45,07111896;SPRF-SP;DEL06-SP;UOP01-DEL06-SP
598179;04/05/2024;sábado;08:45:00;DF;60;6,4;BRASILIA;Condutor Dormindo;Saída de leito carroçável;Com Vítimas Feridas;Pleno dia;Decrescente;Céu Claro;Dupla;Reta;Sim;2;0;1;0;0;1;1;2;-15,897939;-48,113056;SPRF-DF;DEL03-DF;UOP01-DEL03-DF
598180;22/04/2024;segunda-feira;17:21:00;MT;174;3,5;PONTES E LACERDA;Entrada inopinada do pedestre;Atropelamento de Pedestre;Com Vítimas Feridas;Pleno dia;Decrescente;Céu Claro;Simples;Reta;Sim;2;0;1;0;1;0;1;2;-15,2396678;-59,3369329;SPRF-MT;DEL04-MT;UOP01-DEL04-MT
598181;04/05/2024;sábado;07:20:00;AC;364;118;RIO BRANCO;Transitar na contramão;Colisão lateral sentido oposto;Sem Vítimas;Pleno dia;Decrescente;Céu Claro;Dupla;Reta;Não;2;0;0;0;2;0;0;2;-10,01262298;-67,737275;SPRF-AC;DEL01-AC;UOP01-DEL01-AC
598182;04/05/2024;sábado;08:40:00;DF;60;20,2;BRASILIA;Demais falhas mecânicas ou elétricas;Tombamento;Com Vítimas Feridas;Pleno dia;Decrescente;Céu Claro;Dupla;Reta;Não;2;0;2;0;0;0;2;1;-15,979909;-48,206978;SPRF-DF;DEL03-DF;UOP01-DEL03-DF
598183;04/05/2024;sábado;08:30:00;MS;158;199,8;SELVIRIA;Conversão proibida;Colisão transversal;Com Vítimas Feridas;Pleno dia;Crescente;Céu Claro;Simples;Reta;Sim;3;0;2;0;1;0;2;2;-20,37331413;-51,44148588;SPRF-MS;DEL07-MS;UOP01-DEL07-MS
598184;22/04/2024;segunda-feira;16:06:00;PE;104;58;CARUARU;Acessar a via sem observar a presença dos outros veículos;Colisão traseira;Com Vítimas Feridas;Pleno dia;Crescente;Céu Claro;Dupla;Retorno Regulamentado;Sim;2;0;1;0;1;0;1;2;-8,2265;-35,9779;SPRF-PE;DEL02-PE;UOP01-DEL02-PE
598185;04/05/2024;sábado;05:30:00;MT;163;605;NOVA MUTUM;Animais na Pista;Atropelamento de Animal;Com Vítimas Feridas;Amanhecer;Crescente;Ignorado;Simples;Curva;Não;1;0;1;0;0;0;1;1;-13,86351018;-56,08627166;SPRF-MT;DEL01-MT;UOP01-DEL01-MT
598186;04/05/2024;sábado;09:30:00;PE;101;82,3;JABOATAO DOS GUARARAPES;Manobra de mudança de faixa;Colisão transversal;Com Vítimas Feridas;Pleno dia;Decrescente;Céu Claro;Dupla;"Aclive;Reta";Sim;2;0;1;0;1;0;1;2;-8,170908;-34,937598;SPRF-PE;DEL01-PE;UOP01-DEL01-PE
598187;04/05/2024;sábado;10:00:00;MG;381;341;BELA VISTA DE MINAS;Acessar a via sem observar a presença dos outros veículos;Colisão transversal;Com Vítimas Feridas;Pleno dia;Decrescente;Céu Claro;Simples;"Reta;Interseção de Vias";Não;2;0;0;1;1;0;1;2;-19,84403064;-43,10352396;SPRF-MG;DEL03-MG;UOP01-DEL03-MG
598188;09/03/2024;sábado;05:30:00;MG;365;821;SANTA VITORIA;Velocidade Incompatível;Colisão com objeto;Com Vítimas Feridas;Pleno dia;Crescente;Céu Claro;Simples;"Interseção de Vias;Declive";Não;1;0;0;1;0;0;1;1;-18,87583416;-50,10508502;SPRF-MG;DEL15-MG;UOP03-DEL15-MG
598189;30/04/2024;terça-feira;17:00:00;RJ;101;323;NITEROI;Suicídio (presumido);Sinistro pessoal de trânsito;Com Vítimas Fatais;Pleno dia;Crescente;Céu Claro;Dupla;Reta;Sim;1;1;0;0;0;0;0;1;-22,87684786;-43,11728689;SPRF-RJ;DEL02-RJ;UOP01-DEL02-RJ
598192;04/05/2024;sábado;09:20:00;MA;10;254,9;IMPERATRIZ;Acessar a via sem observar a presença dos outros veículos;Colisão transversal;Com Vítimas Feridas;Pleno dia;Decrescente;Sol;Simples;Interseção de Vias;Sim;3;0;2;0;1;0;2;2;-5,517879;-47,471581;SPRF-MA;DEL04-MA;UOP01-DEL04-MA
598193;27/01/2024;sábado;06:30:00;RJ;116;214;SEROPEDICA;Ausência de reação do condutor;Colisão traseira;Sem Vítimas;Amanhecer;Crescente;Ignorado;Dupla;Curva;Sim;4;0;0;0;4;0;0;2;-22,713438;-43,734085;SPRF-RJ;DEL06-RJ;UOP02-DEL06-RJ
598194;04/05/2024;sábado;09:40:00;PR;277;10;PARANAGUA;Manobra de mudança de faixa;Colisão lateral mesmo sentido;Com Vítimas Feridas;Pleno dia;Decrescente;Céu Claro;Dupla;"Interseção de Vias;Curva";Não;4;0;2;0;2;0;2;2;-25,568198;-48,615292;SPRF-PR;DEL01-PR;UOP05-DEL01-PR
598195;04/05/2024;sábado;11:00:00;TO;153;631;ALIANCA DO TOCANTINS;Reação tardia ou ineficiente do condutor;Saída de leito carroçável;Com Vítimas Feridas;Pleno dia;Crescente;Céu Claro;Simples;Reta;Não;5;0;5;0;0;0;5;1;-11,36976213;-48,96428868;SPRF-TO;DEL01-TO;UOP02-DEL01-TO
598196;04/05/2024;sábado;10:30:00;DF;251;35;BRASILIA;Acessar a via sem observar a presença dos outros veículos;Colisão transversal;Com Vítimas Feridas;Pleno dia;Decrescente;Céu Claro;Simples;"Aclive;Reta";Não;2;0;1;0;0;1;1;2;-15,940731;-47,770015;SPRF-DF;DEL01-DF;UOP01-DEL01-DF
598197;04/05/2024;sábado;11:35:00;PR;277;723;SANTA TEREZINHA DE ITAIPU;Velocidade Incompatível;Colisão traseira;Com Vítimas Feridas;Pleno dia;Decrescente;Céu Claro;Dupla;"Retorno Regulamentado;Reta";Sim;2;0;2;0;0;0;2;2;-25,49878215;-54,52985294;SPRF-PR;DEL05-PR;UOP03-DEL05-PR
598199;04/05/2024;sábado;11:20:00;PR;116;141,5;MANDIRITUBA;Acessar a via sem observar a presença dos outros veículos;Colisão traseira;Com Vítimas Feridas;Pleno dia;Crescente;Céu Claro;Dupla;Rotatória;Não;3;0;0;2;1;0;2;2;-25,73749;-49,31762782;SPRF-PR;DEL01-PR;UOP03-DEL01-PR
598200;04/05/2024;sábado;12:00:00;MG;40;532,9;CONTAGEM;Reação tardia ou ineficiente do condutor;Colisão traseira;Com Vítimas Feridas;Pleno dia;Crescente;Céu Claro;Dupla;"Aclive;Curva";Sim;3;0;1;0;2;0;1;2;-19,92372561;-44,01700789;SPRF-MG;DEL01-MG;UOP02-DEL01-MG
598201;04/05/2024;sábado;11:42:00;RS;386;138;SARANDI;Chuva;Saída de leito carroçável;Com Vítimas Feridas;Pleno dia;Crescente;Chuva;Simples;Curva;Não;3;0;2;0;1;0;2;2;-27,984795;-52,90134;SPRF-RS;DEL08-RS;UOP01-DEL08-RS
598202;04/05/2024;sábado;05:00:00;RS;285;582,3;SAO LUIZ GONZAGA;Velocidade Incompatível;Saída de leito carroçável;Com Vítimas Fatais;Plena Noite;Crescente;Chuva;Simples;"Aclive;Curva";Não;1;1;0;0;0;0;0;1;-28,438412;-55,103848;SPRF-RS;DEL12-RS;UOP01-DEL12-RS
598205;03/05/2024;sexta-feira;21:35:00;PI;230;152,8;DOM EXPEDITO LOPES;Reação tardia ou ineficiente do condutor;Saída de leito carroçável;Com Vítimas Feridas;Plena Noite;Decrescente;Céu Claro;Simples;Curva;Não;2;0;2;0;0;0;2;1;-6,94086011;-41,74374394;SPRF-PI;DEL04-PI;UOP01-DEL04-PI
598206;04/05/2024;sábado;09:30:00;RJ;40;105;DUQUE DE CAXIAS;Entrada inopinada do pedestre;Atropelamento de Pedestre;Com Vítimas Feridas;Pleno dia;Decrescente;Sol;Múltipla;"Viaduto;Reta";Sim;2;0;1;0;0;1;1;2;-22,63784806;-43,28428824;SPRF-RJ;DEL01-RJ;UOP02-DEL01-RJ
598207;26/02/2024;segunda-feira;11:00:00;RJ;40;108;DUQUE DE CAXIAS;Ausência de reação do condutor;Atropelamento de Pedestre;Com Vítimas Feridas;Pleno dia;Crescente;Céu Claro;Dupla;Reta;Não;2;0;0;1;1;0;1;2;-22,66476979;-43,28495144;SPRF-RJ;DEL01-RJ;UOP02-DEL01-RJ
598208;04/05/2024;sábado;12:45:00;SE;235;1,9;ARACAJU;Pista Escorregadia;Tombamento;Com Vítimas Feridas;Pleno dia;Crescente;Nublado;Dupla;"Aclive;Viaduto;Curva";Sim;2;0;1;0;0;1;1;1;-10,90722884;-37,09018707;SPRF-SE;DEL01-SE;UOP01-DEL01-SE
598209;04/05/2024;sábado;12:00:00;MG;153;11,4;ARAPORA;Reação tardia ou ineficiente do condutor;Tombamento;Com Vítimas Feridas;Pleno dia;Crescente;Céu Claro;Dupla;Reta;Não;1;0;1;0;0;0;1;1;-18,51513597;-49,18936222;SPRF-MG;DEL15-MG;UOP03-DEL15-MG
598211;04/05/2024;sábado;08:55:00;PR;373;406;CANDOI;Ausência de reação do condutor;Saída de leito carroçável;Com Vítimas Feridas;Pleno dia;Crescente;Céu Claro;Simples;Reta;Não;5;0;1;0;4;0;1;2;-25,61423542;-52,05980587;SPRF-PR;DEL08-PR;UOP01-DEL08-PR
598212;04/05/2024;sábado;09:46:00;MG;116;416;GOVERNADOR VALADARES;Acessar a via sem observar a presença dos outros veículos;Colisão transversal;Com Vítimas Feridas;Pleno dia;Decrescente;Céu Claro;Simples;Reta;Sim;2;0;2;0;0;0;2;2;-18,89215187;-41,94699543;SPRF-MG;DEL06-MG;UOP01-DEL06-MG
598213;04/05/2024;sábado;12:00:00;MG;381;370;SAO GONCALO DO RIO ABAIXO;Ausência de reação do condutor;Engavetamento;Sem Vítimas;Pleno dia;Crescente;Céu Claro;Dupla;Reta;Não;5;0;0;0;5;0;0;2;-19,85037766;-43,30242668;SPRF-MG;DEL01-MG;UOP01-DEL01-MG
598214;04/05/2024;sábado;12:59:00;PR;277;586,4;CASCAVEL;Desrespeitar a preferência no cruzamento;Colisão transversal;Sem Vítimas;Pleno dia;Crescente;Céu Claro;Simples;"Retorno Regulamentado;Interseção de Vias";Sim;4;0;0;0;4;0;0;2;-24,96680155;-53,42460394;SPRF-PR;DEL04-PR;UOP01-DEL04-PR
598217;04/05/2024;sábado;11:00:00;RS;470;201;BENTO GONCALVES;Demais Fenômenos da natureza;Eventos atípicos;Sem Vítimas;Pleno dia;Crescente;Chuva;Simples;Curva;Não;1;0;0;0;0;1;0;1;-29,07245097;-51,58569103;SPRF-RS;DEL06-RS;UOP02-DEL06-RS
598218;04/05/2024;sábado;11:00:00;MG;40;628,6;CONSELHEIRO LAFAIETE;Ausência de reação do condutor;Queda de ocupante de veículo;Com Vítimas Feridas;Pleno dia;Decrescente;Céu Claro;Simples;"Reta;Interseção de Vias";Não;1;0;1;0;0;0;1;1;-20,64410984;-43,81128176;SPRF-MG;DEL05-MG;UOP02-DEL05-MG
598219;03/05/2024;sexta-feira;21:13:00;RS;285;123,5;VACARIA;Ausência de reação do condutor;Colisão traseira;Com Vítimas Feridas;Plena Noite;Decrescente;Chuva;Simples;Reta;Sim;7;0;2;1;4;0;3;3;-28,505535;-50,944073;SPRF-RS;DEL05-RS;UOP03-DEL05-RS
598221;04/05/2024;sábado;12:30:00;MT;163;1028;PEIXOTO DE AZEVEDO;Conversão proibida;Colisão transversal;Com Vítimas Feridas;Pleno dia;Crescente;Céu Claro;Simples;"Aclive;Reta";Sim;2;0;0;1;1;0;1;2;-10,254233;-54,997592;SPRF-MT;DEL06-MT;UOP03-DEL06-MT
598222;04/05/2024;sábado;12:10:00;MT;163;838;SINOP;Acessar a via sem observar a presença dos outros veículos;Colisão lateral mesmo sentido;Com Vítimas Feridas;Pleno dia;Decrescente;Céu Claro;Dupla;"Interseção de Vias;Retorno Regulamentado";Sim;4;0;1;0;3;0;1;2;-11,82844741;-55,48673987;SPRF-MT;DEL06-MT;UOP02-DEL06-MT
598223;04/05/2024;sábado;13:00:00;ES;262;1;CARIACICA;Reação tardia ou ineficiente do condutor;Colisão traseira;Com Vítimas Feridas;Pleno dia;Crescente;Céu Claro;Dupla;Reta;Sim;2;0;1;0;1;0;1;2;-20,320793;-40,353315;SPRF-ES;DEL01-ES;UOP01-DEL01-ES
598224;04/05/2024;sábado;13:30:00;PR;116;146;MANDIRITUBA;Ausência de reação do condutor;Colisão frontal;Com Vítimas Feridas;Pleno dia;Crescente;Sol;Dupla;Reta;Não;2;0;0;2;0;0;2;2;-25,78172684;-49,32535079;SPRF-PR;DEL01-PR;UOP03-DEL01-PR
598228;04/05/2024;sábado;13:00:00;SC;101;95;BARRA VELHA;Ausência de reação do condutor;Colisão com objeto;Com Vítimas Feridas;Pleno dia;Crescente;Nublado;Dupla;"Reta;Viaduto";Sim;2;0;2;0;0;0;2;1;-26,70876413;-48,70221065;SPRF-SC;DEL03-SC;UOP02-DEL03-SC
598229;04/05/2024;sábado;12:30:00;RO;364;706;PORTO VELHO;Reação tardia ou ineficiente do condutor;Colisão traseira;Com Vítimas Feridas;Pleno dia;Crescente;Céu Claro;Simples;"Reta;Interseção de Vias";Não;4;0;3;0;1;0;3;2;-8,80030539;-63,823428;SPRF-RO;DEL01-RO;UOP01-DEL01-RO
598230;05/01/2024;sexta-feira;17:00:00;MS;60;337;CAMPO GRANDE;Reação tardia ou ineficiente do condutor;Saída de leito carroçável;Com Vítimas Feridas;Pleno dia;Crescente;Céu Claro;Simples;Reta;Não;2;0;1;1;0;0;2;1;-20,37403529;-54,6594125;SPRF-MS;DEL01-MS;UOP02-DEL01-MS
598231;04/05/2024;sábado;12:50:00;MG;356;267,4;MURIAE;Desrespeitar a preferência no cruzamento;Colisão transversal;Com Vítimas Feridas;Pleno dia;Decrescente;Sol;Simples;Interseção de Vias;Não;2;0;1;0;1;0;1;2;-21,12571187;-42,35266339;SPRF-MG;DEL07-MG;UOP02-DEL07-MG
598232;04/05/2024;sábado;14:30:00;BA;116;423;FEIRA DE SANTANA;Acessar a via sem observar a presença dos outros veículos;Colisão frontal;Com Vítimas Feridas;Pleno dia;Crescente;Céu Claro;Múltipla;"Reta;Em Obras";Sim;2;0;1;0;1;0;1;2;-12,2323;-38,9723;SPRF-BA;DEL02-BA;UOP01-DEL02-BA
598233;04/05/2024;sábado;14:30:00;TO;153;335;GUARAI;Ausência de reação do condutor;Colisão traseira;Com Vítimas Feridas;Pleno dia;Crescente;Céu Claro;Dupla;Reta;Sim;2;0;0;1;1;0;1;2;-8,84481597;-48,5107318;SPRF-TO;DEL02-TO;UOP02-DEL02-TO
598234;04/05/2024;sábado;15:00:00;TO;153;141;ARAGUAINA;Manobra de mudança de faixa;Colisão lateral mesmo sentido;Sem Vítimas;Pleno dia;Crescente;Céu Claro;Múltipla;Reta;Sim;2;0;0;0;2;0;0;2;-7,175959;-48,219548;SPRF-TO;DEL02-TO;UOP01-DEL02-TO
598235;04/05/2024;sábado;14:55:00;PB;230;48;SANTA RITA;Acessar a via sem observar a presença dos outros veículos;Colisão lateral mesmo sentido;Com Vítimas Feridas;Pleno dia;Decrescente;Nublado;Dupla;"Interseção de Vias;Reta";Não;3;0;0;2;0;1;2;2;-7,174;-35,0397;SPRF-PB;DEL01-PB;UOP03-DEL01-PB
598238;04/05/2024;sábado;14:20:00;RO;364;711;PORTO VELHO;Acessar a via sem observar a presença dos outros veículos;Colisão traseira;Sem Vítimas;Pleno dia;Decrescente;Sol;Dupla;Interseção de Vias;Sim;2;0;0;0;2;0;0;2;-8,78277716;-63,86347175;SPRF-RO;DEL01-RO;UOP01-DEL01-RO
598239;04/05/2024;sábado;15:20:00;PR;376;246;APUCARANA;Velocidade Incompatível;Queda de ocupante de veículo;Com Vítimas Feridas;Pleno dia;Decrescente;Céu Claro;Simples;"Reta;Retorno Regulamentado;Aclive";Sim;1;0;0;1;0;0;1;1;-23,58911182;-51,41214337;SPRF-PR;DEL07-PR;UOP03-DEL07-PR
598240;01/05/2024;quarta-feira;07:00:00;BA;324;534;FEIRA DE SANTANA;Demais falhas mecânicas ou elétricas;Saída de leito carroçável;Com Vítimas Feridas;Pleno dia;Decrescente;Chuva;Dupla;Reta;Não;1;0;1;0;0;0;1;1;-12,35104617;-38,83402119;SPRF-BA;DEL01-BA;UOP03-DEL01-BA
598242;04/05/2024;sábado;09:00:00;PR;163;22;SANTO ANTONIO DO SUDOESTE;Transitar na contramão;Colisão frontal;Com Vítimas Feridas;Pleno dia;Decrescente;Nublado;Simples;Curva;Não;3;0;2;0;1;0;2;2;-26,1942302;-53,64766821;SPRF-PR;DEL02-PR;UOP02-DEL02-PR
598243;04/05/2024;sábado;15:10:00;MG;381;492;BETIM;Reação tardia ou ineficiente do condutor;Colisão com objeto;Com Vítimas Feridas;Pleno dia;Decrescente;Céu Claro;Múltipla;Curva;Não;1;0;1;0;0;0;1;1;-19,961746;-44,161032;SPRF-MG;DEL01-MG;UOP03-DEL01-MG
598245;04/05/2024;sábado;15:41:00;RN;406;170,9;SAO GONCALO DO AMARANTE;Ausência de reação do condutor;Colisão traseira;Com Vítimas Feridas;Pleno dia;Crescente;Nublado;Dupla;Reta;Sim;2;0;0;1;1;0;1;2;-5,76119756;-35,29264033;SPRF-RN;DEL02-RN;UOP01-DEL02-RN
598247;04/05/2024;sábado;15:40:00;SC;470;66;INDAIAL;Reação tardia ou ineficiente do condutor;Colisão transversal;Com Vítimas Feridas;Pleno dia;Crescente;Céu Claro;Simples;"Reta;Rotatória;Retorno Regulamentado";Sim;3;0;1;1;1;0;2;2;-26,870407;-49,221844;SPRF-SC;DEL04-SC;UOP01-DEL04-SC
598249;04/05/2024;sábado;15:10:00;RJ;116;119;MAGE;Reação tardia ou ineficiente do condutor;Colisão com objeto;Com Vítimas Feridas;Pleno dia;Decrescente;Céu Claro;Dupla;Curva;Não;1;0;1;0;0;0;1;1;-22,61573088;-43,03749507;SPRF-RJ;DEL04-RJ;UOP02-DEL04-RJ
598251;04/05/2024;sábado;15:35:00;SC;101;113;ITAJAI;Ausência de reação do condutor;Saída de leito carroçável;Com Vítimas Feridas;Pleno dia;Decrescente;Céu Claro;Múltipla;Reta;Não;1;0;1;0;0;0;1;1;-26,85311393;-48,72689927;SPRF-SC;DEL04-SC;UOP04-DEL04-SC
598253;04/05/2024;sábado;16:06:00;RN;110;47;MOSSORO;Ausência de reação do condutor;Colisão transversal;Com Vítimas Feridas;Pleno dia;Crescente;Nublado;Simples;Reta;Sim;2;0;1;0;0;1;1;2;-5,20338376;-37,32563418;SPRF-RN;DEL04-RN;UOP01-DEL04-RN
598254;04/05/2024;sábado;16:30:00;MG;381;483,8;BETIM;Condutor deixou de manter distância do veículo da frente;Colisão traseira;Com Vítimas Feridas;Pleno dia;Crescente;Céu Claro;Dupla;"Declive;Reta";Sim;2;0;1;0;0;1;1;2;-19,95594491;-44,10721699;SPRF-MG;DEL01-MG;UOP03-DEL01-MG
598255;04/05/2024;sábado;16:00:00;PR;277;724;FOZ DO IGUACU;Velocidade Incompatível;Capotamento;Sem Vítimas;Pleno dia;Crescente;Céu Claro;Dupla;"Viaduto;Curva";Não;1;0;0;0;0;1;0;1;-25,50257577;-54,53868311;SPRF-PR;DEL05-PR;UOP03-DEL05-PR
598256;04/05/2024;sábado;16:10:00;GO;153;514,3;APARECIDA DE GOIANIA;Desrespeitar a preferência no cruzamento;Colisão transversal;Com Vítimas Feridas;Pleno dia;Decrescente;Sol;Dupla;"Retorno Regulamentado;Interseção de Vias";Sim;2;0;1;0;1;0;1;2;-16,8315;-49,2434;SPRF-GO;DEL01-GO;UOP03-DEL01-GO
598257;04/05/2024;sábado;09:00:00;SC;101;143;ITAPEMA;Acessar a via sem observar a presença dos outros veículos;Colisão traseira;Com Vítimas Feridas;Pleno dia;Crescente;Sol;Dupla;"Viaduto;Interseção de Vias;Reta;Declive";Sim;2;0;2;0;0;0;2;2;-27,06436;-48,59599405;SPRF-SC;DEL04-SC;UOP03-DEL04-SC
598258;04/05/2024;sábado;14:30:00;RJ;40;51,7;PETROPOLIS;Velocidade Incompatível;Tombamento;Com Vítimas Fatais;Pleno dia;Crescente;Céu Claro;Dupla;Reta;Sim;2;1;0;0;0;1;0;2;-22,32705315;-43,13253559;SPRF-RJ;DEL05-RJ;UOP02-DEL05-RJ
598259;04/05/2024;sábado;16:32:00;RJ;101;61;CAMPOS DOS GOYTACAZES;Velocidade Incompatível;Colisão transversal;Com Vítimas Feridas;Pleno dia;Crescente;Céu Claro;Simples;Interseção de Vias;Sim;3;0;2;0;1;0;2;2;-21,72655788;-41,32133519;SPRF-RJ;DEL08-RJ;UOP01-DEL08-RJ
598260;04/05/2024;sábado;16:10:00;PR;277;128;BALSA NOVA;Reação tardia ou ineficiente do condutor;Eventos atípicos;Com Vítimas Feridas;Pleno dia;Decrescente;Céu Claro;Simples;"Curva;Declive";Não;2;0;1;0;1;0;1;1;-25,4680528;-49,623847;SPRF-PR;DEL03-PR;UOP03-DEL03-PR
598261;04/05/2024;sábado;17:00:00;MG;381;479;CONTAGEM;Pedestre cruzava a pista fora da faixa;Atropelamento de Pedestre;Com Vítimas Feridas;Pleno dia;Decrescente;Céu Claro;Dupla;Reta;Não;2;0;1;0;1;0;1;2;-19,964029;-44,043342;SPRF-MG;DEL01-MG;UOP03-DEL01-MG
598262;04/05/2024;sábado;16:35:00;SP;116;515;CAJATI;Reação tardia ou ineficiente do condutor;Queda de ocupante de veículo;Com Vítimas Feridas;Pleno dia;Decrescente;Céu Claro;Simples;"Curva;Declive";Não;3;0;1;0;1;1;1;2;-24,86253092;-48,21453094;SPRF-SP;DEL05-SP;UOP02-DEL05-SP