id;data_inversa;dia_semana;horario;uf;br;km;municipio;causa_acidente;tipo_acidente;classificacao_acidente;fase_dia;sentido_via;condicao_metereologica;tipo_pista;tracado_via;uso_solo;pessoas;mortos;feridos_leves;feridos_graves;ilesos;ignorados;feridos;veiculos;latitude;longitude;regional;delegacia;uop
598263;04/05/2024;sábado;17:20:00;ES;101;292,5;CARIACICA;Reação tardia ou ineficiente do condutor;Colisão traseira;Com Vítimas Feridas;Anoitecer;Crescente;Céu Claro;Dupla;"Em Obras;Reta";Sim;3;0;1;0;2;0;1;2;-20,30650512;-40,39488717;SPRF-ES;DEL01-ES;UOP01-DEL01-ES
598265;04/05/2024;sábado;16:30:00;PR;376;1,5;APUCARANA;Acessar a via sem observar a presença dos outros veículos;Colisão transversal;Com Vítimas Fatais;Pleno dia;Decrescente;Céu Claro;Simples;"Interseção de Vias;Reta;Declive";Sim;2;1;0;1;0;0;1;2;-23,57167433;-51,42782271;SPRF-PR;DEL07-PR;UOP03-DEL07-PR
598267;04/05/2024;sábado;17:08:00;PR;376;1,5;APUCARANA;Transitar na contramão;Colisão frontal;Com Vítimas Feridas;Pleno dia;Crescente;Céu Claro;Simples;"Desvio Temporário;Declive;Reta;Em Obras";Sim;2;0;0;1;1;0;1;2;-23,57184611;-51,42761798;SPRF-PR;DEL07-PR;UOP03-DEL07-PR
598269;04/05/2024;sábado;15:30:00;SC;101;446;SANTA ROSA DO SUL;Ausência de reação do condutor;Saída de leito carroçável;Com Vítimas Feridas;Pleno dia;Decrescente;Chuva;Múltipla;Curva;Não;1;0;1;0;0;0;1;1;-29,14529081;-49,72240128;SPRF-SC;DEL02-SC;UOP02-DEL02-SC
598270;04/05/2024;sábado;16:00:00;SC;101;414;ARARANGUA;Chuva;Colisão com objeto;Sem Vítimas;Pleno dia;Crescente;Chuva;Dupla;Reta;Não;1;0;0;0;1;0;0;1;-28,95360392;-49,50985011;SPRF-SC;DEL02-SC;UOP02-DEL02-SC
598271;04/05/2024;sábado;17:05:00;PB;230;12;CABEDELO;Acessar a via sem observar a presença dos outros veículos;Colisão transversal;Com Vítimas Feridas;Anoitecer;Crescente;Chuva;Múltipla;"Retorno Regulamentado;Reta;Em Obras";Sim;3;0;0;1;2;0;1;3;-7,07298723;-34,84977007;SPRF-PB;DEL01-PB;UOP01-DEL01-PB
598272;04/05/2024;sábado;16:00:00;RJ;101;443;MANGARATIBA;Ausência de reação do condutor;Saída de leito carroçável;Com Vítimas Feridas;Pleno dia;Decrescente;Céu Claro;Simples;Curva;Não;2;0;0;1;1;0;1;1;-22,98107919;-44,08441596;SPRF-RJ;DEL03-RJ;UOP02-DEL03-RJ
598273;04/05/2024;sábado;15:45:00;RJ;40;108;DUQUE DE CAXIAS;Demais falhas mecânicas ou elétricas;Queda de ocupante de veículo;Com Vítimas Feridas;Pleno dia;Crescente;Céu Claro;Dupla;Reta;Não;1;0;1;0;0;0;1;1;-22,66476979;-43,28495144;SPRF-RJ;DEL01-RJ;UOP02-DEL01-RJ
598274;04/05/2024;sábado;17:00:00;PB;230;117,8;INGA;Reação tardia ou ineficiente do condutor;Saída de leito carroçável;Com Vítimas Feridas;Pleno dia;Decrescente;Céu Claro;Dupla;Reta;Não;2;0;1;0;1;0;1;1;-7,2393;-35,6128;SPRF-PB;DEL02-PB;UOP01-DEL02-PB
598276;04/05/2024;sábado;16:20:00;MG;40;517;RIBEIRAO DAS NEVES;Manobra de mudança de faixa;Colisão lateral mesmo sentido;Com Vítimas Feridas;Pleno dia;Decrescente;Céu Claro;Dupla;Reta;Sim;3;0;1;2;0;0;3;2;-19,82351202;-44,08438913;SPRF-MG;DEL01-MG;UOP02-DEL01-MG
598277;04/05/2024;sábado;18:20:00;MG;381;425;CAETE;Ausência de reação do condutor;Colisão com objeto;Com Vítimas Feridas;Plena Noite;Crescente;Céu Claro;Dupla;Curva;Não;2;0;1;0;1;0;1;1;-19,789917;-43,68234;SPRF-MG;DEL01-MG;UOP01-DEL01-MG
598278;04/05/2024;sábado;17:00:00;MG;116;304,2;ITAMBACURI;Mal súbito do condutor;Tombamento;Com Vítimas Fatais;Pleno dia;Decrescente;Sol;Simples;"Reta;Aclive";Não;1;1;0;0;0;0;0;1;-18,025118;-41,64852;SPRF-MG;DEL11-MG;UOP01-DEL11-MG
598279;04/05/2024;sábado;19:00:00;RS;293;45,3;CERRITO;Ausência de reação do condutor;Colisão lateral sentido oposto;Com Vítimas Feridas;Plena Noite;Decrescente;Garoa/Chuvisco;Simples;Reta;Não;3;0;2;0;1;0;2;2;-31,74187865;-52,77644296;SPRF-RS;DEL07-RS;UOP01-DEL07-RS
598281;04/05/2024;sábado;18:40:00;TO;10;453,3;PALMAS;Reação tardia ou ineficiente do condutor;Colisão com objeto;Com Vítimas Feridas;Plena Noite;Crescente;Céu Claro;Múltipla;Reta;Não;1;0;0;1;0;0;1;1;-10,3236528;-48,29727542;SPRF-TO;DEL01-TO;UOP03-DEL01-TO
598282;04/05/2024;sábado;18:45:00;MG;40;780,9;JUIZ DE FORA;Animais na Pista;Atropelamento de Animal;Com Vítimas Feridas;Plena Noite;Crescente;Céu Claro;Dupla;Reta;Não;8;0;1;0;6;1;1;2;-21,67939981;-43,44987329;SPRF-MG;DEL05-MG;UOP01-DEL05-MG
598287;04/05/2024;sábado;19:00:00;RJ;116;170;RIO DE JANEIRO;Acessar a via sem observar a presença dos outros veículos;Colisão lateral mesmo sentido;Com Vítimas Feridas;Plena Noite;Decrescente;Céu Claro;Simples;Reta;Sim;2;0;1;0;1;0;1;2;-22,81113183;-43,3336729;SPRF-RJ;DEL06-RJ;UOP01-DEL06-RJ
598288;04/05/2024;sábado;18:00:00;BA;324;530;FEIRA DE SANTANA;Ingestão de álcool pelo condutor;Colisão traseira;Sem Vítimas;Plena Noite;Crescente;Céu Claro;Dupla;Reta;Não;2;0;0;0;2;0;0;2;-12,32818491;-38,86174193;SPRF-BA;DEL01-BA;UOP03-DEL01-BA
598289;04/05/2024;sábado;19:00:00;SC;101;206,8;SAO JOSE;Desrespeitar a preferência no cruzamento;Colisão transversal;Com Vítimas Feridas;Plena Noite;Decrescente;Céu Claro;Múltipla;Interseção de Vias;Não;2;0;2;0;0;0;2;2;-27,59193546;-48,61824557;SPRF-SC;DEL01-SC;UOP01-DEL01-SC
598290;04/05/2024;sábado;19:30:00;SP;381;83;SAO PAULO;Ingestão de álcool pelo condutor;Colisão com objeto;Com Vítimas Feridas;Plena Noite;Crescente;Céu Claro;Dupla;Reta;Não;4;0;3;0;1;0;3;1;-23,4309671;-46,56998022;SPRF-SP;DEL03-SP;UOP01-DEL03-SP
598291;04/05/2024;sábado;13:40:00;RJ;493;90;SEROPEDICA;Demais falhas mecânicas ou elétricas;Incêndio;Sem Vítimas;Pleno dia;Decrescente;Sol;Simples;Curva;Não;1;0;0;0;1;0;0;1;-22,71467452;-43,70416582;SPRF-RJ;DEL01-RJ;UOP03-DEL01-RJ
598293;04/05/2024;sábado;19:00:00;SC;470;50;BLUMENAU;Velocidade Incompatível;Colisão traseira;Com Vítimas Feridas;Plena Noite;Crescente;Nublado;Dupla;Curva;Não;2;0;1;0;0;1;1;2;-26,85977331;-49,07759527;SPRF-SC;DEL04-SC;UOP01-DEL04-SC
598295;04/05/2024;sábado;19:30:00;GO;40;4,2;VALPARAISO DE GOIAS;Entrada inopinada do pedestre;Atropelamento de Pedestre;Com Vítimas Fatais;Plena Noite;Crescente;Céu Claro;Dupla;"Curva;Declive";Sim;2;1;0;0;1;0;0;2;-16,08613189;-47,98650455;SPRF-DF;DEL01-DF;UOP01-DEL01-DF
598296;04/05/2024;sábado;19:00:00;MS;163;258;DOURADOS;Ausência de sinalização;Tombamento;Com Vítimas Feridas;Plena Noite;Crescente;Céu Claro;Dupla;Reta;Sim;2;0;1;0;1;0;1;2;-22,25859;-54,783592;SPRF-MS;DEL04-MS;UOP01-DEL04-MS
598297;04/05/2024;sábado;18:50:00;PI;316;292;PICOS;Animais na Pista;Atropelamento de Animal;Com Vítimas Feridas;Plena Noite;Decrescente;Céu Claro;Simples;Reta;Sim;1;0;1;0;0;0;1;1;-7,00534014;-41,60370207;SPRF-PI;DEL04-PI;UOP01-DEL04-PI
598298;04/05/2024;sábado;19:20:00;RJ;40;101;DUQUE DE CAXIAS;Conversão proibida;Colisão lateral sentido oposto;Com Vítimas Feridas;Plena Noite;Decrescente;Céu Claro;Simples;Reta;Não;2;0;1;0;1;0;1;2;-22,60246485;-43,28380739;SPRF-RJ;DEL01-RJ;UOP01-DEL01-RJ
598299;04/05/2024;sábado;17:30:00;SC;470;316,7;CAMPOS NOVOS;Velocidade Incompatível;Saída de leito carroçável;Com Vítimas Feridas;Anoitecer;Crescente;Chuva;Simples;Reta;Não;2;0;1;0;1;0;1;1;-27,399858;-51,198162;SPRF-SC;DEL07-SC;UOP06-DEL07-SC
598300;04/05/2024;sábado;18:30:00;PR;369;85,5;CORNELIO PROCOPIO;Acessar a via sem observar a presença dos outros veículos;Colisão transversal;Com Vítimas Feridas;Plena Noite;Decrescente;Céu Claro;Simples;Interseção de Vias;Sim;2;0;1;0;1;0;1;2;-23,173654;-50,620458;SPRF-PR;DEL07-PR;UOP05-DEL07-PR
598301;04/05/2024;sábado;19:40:00;TO;226;14;PALMEIRAS DO TOCANTINS;Ausência de reação do condutor;Colisão traseira;Com Vítimas Fatais;Plena Noite;Crescente;Céu Claro;Simples;Reta;Não;2;1;0;0;1;0;0;2;-6,621758;-47,561535;SPRF-TO;DEL02-TO;UOP03-DEL02-TO
598302;04/05/2024;sábado;19:57:00;PE;101;10,6;GOIANA;Ausência de reação do condutor;Colisão traseira;Com Vítimas Feridas;Plena Noite;Decrescente;Chuva;Dupla;Declive;Não;3;0;2;0;0;1;2;2;-7,58679204;-34,98736241;SPRF-PE;DEL01-PE;UOP02-DEL01-PE
598303;04/05/2024;sábado;20:00:00;RN;226;411;PAU DOS FERROS;Ausência de reação do condutor;Queda de ocupante de veículo;Com Vítimas Feridas;Plena Noite;Crescente;Céu Claro;Dupla;Rotatória;Não;1;0;1;0;0;0;1;1;-6,083039;-38,207243;SPRF-RN;DEL04-RN;UOP02-DEL04-RN
598304;04/05/2024;sábado;17:50:00;RJ;40;99;DUQUE DE CAXIAS;Reação tardia ou ineficiente do condutor;Capotamento;Sem Vítimas;Amanhecer;Crescente;Céu Claro;Dupla;Reta;Não;1;0;0;0;1;0;0;1;-22,58585204;-43,27716391;SPRF-RJ;DEL01-RJ;UOP01-DEL01-RJ
598305;04/05/2024;sábado;20:10:00;PE;104;28;TORITAMA;Condutor deixou de manter distância do veículo da frente;Colisão traseira;Com Vítimas Feridas;Plena Noite;Crescente;Céu Claro;Simples;Reta;Sim;2;0;2;0;0;0;2;2;-8,0065;-36,0709;SPRF-PE;DEL02-PE;UOP01-DEL02-PE
598306;04/05/2024;sábado;20:10:00;SC;280;12,3;SAO FRANCISCO DO SUL;Ausência de reação do condutor;Saída de leito carroçável;Com Vítimas Feridas;Plena Noite;Crescente;Nublado;Simples;Reta;Não;1;0;1;0;0;0;1;1;-26,315316;-48,645498;SPRF-SC;DEL03-SC;UOP03-DEL03-SC
598307;04/05/2024;sábado;19:45:00;SP;116;220;GUARULHOS;Ausência de reação do condutor;Colisão traseira;Com Vítimas Feridas;Plena Noite;Decrescente;Céu Claro;Múltipla;Reta;Não;4;0;1;0;3;0;1;2;-23,46472809;-46,49793962;SPRF-SP;DEL01-SP;UOP01-DEL01-SP
598308;04/05/2024;sábado;19:45:00;MS;163;273;DOURADOS;Animais na Pista;Atropelamento de Animal;Sem Vítimas;Plena Noite;Crescente;Céu Claro;Dupla;Reta;Não;1;0;0;0;1;0;0;1;-22,17808;-54,67083;SPRF-MS;DEL04-MS;UOP01-DEL04-MS
598310;04/05/2024;sábado;18:00:00;PA;230;134;MARABA;Ausência de reação do condutor;Colisão com objeto;Com Vítimas Feridas;Plena Noite;Decrescente;Céu Claro;Simples;Ponte;Não;1;0;1;0;0;0;1;1;-5,355738;-49,21170299;SPRF-PA;DEL03-PA;UOP01-DEL03-PA
598311;04/05/2024;sábado;20:45:00;PR;277;274;IRATI;Conversão proibida;Colisão lateral mesmo sentido;Sem Vítimas;Plena Noite;Decrescente;Céu Claro;Simples;Reta;Não;2;0;0;0;2;0;0;2;-25,38037508;-50,86558905;SPRF-PR;DEL08-PR;UOP02-DEL08-PR
598312;04/05/2024;sábado;20:50:00;SC;470;2;NAVEGANTES;Conversão proibida;Colisão transversal;Com Vítimas Feridas;Plena Noite;Crescente;Céu Claro;Múltipla;Reta;Sim;5;0;3;1;0;1;4;3;-26,868551;-48,674831;SPRF-SC;DEL04-SC;UOP04-DEL04-SC
598313;04/05/2024;sábado;21:00:00;RJ;101;71;CAMPOS DOS GOYTACAZES;Demais falhas mecânicas ou elétricas;Incêndio;Sem Vítimas;Plena Noite;Decrescente;Céu Claro;Simples;Reta;Não;1;0;0;0;1;0;0;1;-21,78577807;-41,38139396;SPRF-RJ;DEL08-RJ;UOP02-DEL08-RJ
598317;04/05/2024;sábado;21:20:00;RS;158;325;SANTA MARIA;Pedestre andava na pista;Atropelamento de Pedestre;Com Vítimas Feridas;Plena Noite;Decrescente;Chuva;Simples;Reta;Sim;7;0;1;0;6;0;1;2;-29,69762558;-53,78846438;SPRF-RS;DEL09-RS;UOP01-DEL09-RS
598318;04/05/2024;sábado;19:30:00;SE;235;45,7;ITABAIANA;Demais falhas na via;Queda de ocupante de veículo;Com Vítimas Feridas;Plena Noite;Crescente;Chuva;Simples;"Reta;Declive";Sim;1;0;0;1;0;0;1;1;-10,746924;-37,399899;SPRF-SE;DEL01-SE;UOP02-DEL01-SE
598319;04/05/2024;sábado;20:00:00;MT;163;831;SINOP;Condutor deixou de manter distância do veículo da frente;Colisão traseira;Sem Vítimas;Pleno dia;Crescente;Céu Claro;Simples;Retorno Regulamentado;Sim;2;0;0;0;2;0;0;2;-11,89277957;-55,50335884;SPRF-MT;DEL06-MT;UOP02-DEL06-MT
598320;04/05/2024;sábado;20:30:00;PR;373;466;CORONEL VIVIDA;Transitar na contramão;Colisão frontal;Com Vítimas Fatais;Plena Noite;Crescente;Nublado;Simples;Curva;Não;2;1;1;0;0;0;1;2;-25,970261;-52,446613;SPRF-PR;DEL02-PR;UOP01-DEL02-PR
598321;04/05/2024;sábado;21:00:00;GO;414;438,7;ANAPOLIS;Animais na Pista;Atropelamento de Animal;Com Vítimas Feridas;Plena Noite;Crescente;Céu Claro;Simples;"Reta;Aclive";Sim;1;0;1;0;0;0;1;1;-16,27247393;-48,94040427;SPRF-GO;DEL02-GO;UOP01-DEL02-GO
598322;04/05/2024;sábado;19:10:00;SC;282;645,8;SAO MIGUEL DO OESTE;Conversão proibida;Colisão lateral mesmo sentido;Com Vítimas Feridas;Plena Noite;Crescente;Nublado;Simples;"Reta;Aclive";Não;5;0;3;0;2;0;3;3;-26,76406188;-53,49663734;SPRF-SC;DEL07-SC;UOP03-DEL07-SC
598324;04/05/2024;sábado;20:50:00;MG;116;584,6;MANHUACU;Ingestão de álcool pelo condutor;Colisão transversal;Com Vítimas Feridas;Plena Noite;Decrescente;Céu Claro;Simples;Reta;Não;6;0;0;1;5;0;1;2;-20,22302088;-42,17880872;SPRF-MG;DEL06-MG;UOP03-DEL06-MG
598325;04/05/2024;sábado;17:00:00;MS;267;63,4;BATAGUASSU;Ingestão de álcool pelo condutor;Colisão com objeto;Sem Vítimas;Anoitecer;Crescente;Céu Claro;Simples;Declive;Não;1;0;0;0;1;0;0;1;-21,84636867;-52,70364507;SPRF-MS;DEL02-MS;UOP04-DEL02-MS
598326;04/05/2024;sábado;20:55:00;BA;116;796;VITORIA DA CONQUISTA;Demais falhas mecânicas ou elétricas;Tombamento;Com Vítimas Feridas;Plena Noite;Decrescente;Nublado;Simples;Reta;Não;2;0;1;1;0;0;2;1;-14,69237819;-40,5675019;SPRF-BA;DEL08-BA;UOP02-DEL08-BA
598328;04/05/2024;sábado;22:05:00;PR;376;247;APUCARANA;Ingestão de álcool pelo condutor;Queda de ocupante de veículo;Com Vítimas Feridas;Plena Noite;Crescente;Céu Claro;Dupla;"Reta;Desvio Temporário";Sim;1;0;1;0;0;0;1;1;-23,59896068;-51,41052202;SPRF-PR;DEL07-PR;UOP03-DEL07-PR
598329;04/05/2024;sábado;20:20:00;MA;10;323;ACAILANDIA;Ausência de reação do condutor;Colisão frontal;Com Vítimas Feridas;Plena Noite;Decrescente;Céu Claro;Simples;Reta;Sim;2;0;0;2;0;0;2;2;-4,925427;-47,503456;SPRF-MA;DEL04-MA;UOP03-DEL04-MA
598332;04/05/2024;sábado;22:45:00;SC;101;209;SAO JOSE;Manobra de mudança de faixa;Tombamento;Com Vítimas Feridas;Plena Noite;Decrescente;Céu Claro;Dupla;Reta;Sim;2;0;1;1;0;0;2;1;-27,61000542;-48,63895057;SPRF-SC;DEL01-SC;UOP01-DEL01-SC
598335;04/05/2024;sábado;20:45:00;AC;364;139;RIO BRANCO;Demais falhas na via;Tombamento;Com Vítimas Feridas;Plena Noite;Crescente;Céu Claro;Dupla;Reta;Não;1;0;1;0;0;0;1;1;-9,95359291;-67,86119892;SPRF-AC;DEL01-AC;UOP01-DEL01-AC
598337;04/05/2024;sábado;22:40:00;MS;163;275;DOURADOS;Ausência de reação do condutor;Colisão lateral sentido oposto;Com Vítimas Feridas;Plena Noite;Crescente;Céu Claro;Dupla;Reta;Não;2;0;1;0;1;0;1;2;-22,1666872;-54,65611485;SPRF-MS;DEL04-MS;UOP01-DEL04-MS
598339;04/05/2024;sábado;20:00:00;RO;364;538;ALTO PARAISO;Reação tardia ou ineficiente do condutor;Colisão traseira;Com Vítimas Fatais;Plena Noite;Decrescente;Céu Claro;Simples;Reta;Não;2;1;1;0;0;0;1;2;-9,740869;-63,11211008;SPRF-RO;DEL03-RO;UOP01-DEL03-RO
598340;04/05/2024;sábado;18:45:00;BA;415;51;ITABUNA;Pedestre andava na pista;Atropelamento de Pedestre;Com Vítimas Feridas;Plena Noite;Decrescente;Garoa/Chuvisco;Simples;Reta;Não;2;0;1;0;1;0;1;2;-14,81574494;-39,29612388;SPRF-BA;DEL05-BA;UOP01-DEL05-BA
598341;04/05/2024;sábado;19:45:00;BA;101;574;CAMACAN;Manobra de mudança de faixa;Colisão frontal;Com Vítimas Feridas;Anoitecer;Crescente;Nublado;Simples;Reta;Não;2;0;0;2;0;0;2;2;-15,488837;-39,432544;SPRF-BA;DEL05-BA;UOP02-DEL05-BA
598342;04/05/2024;sábado;20:30:00;RO;425;115;GUAJARA-MIRIM;Pista esburacada;Tombamento;Com Vítimas Feridas;Plena Noite;Crescente;Nublado;Simples;"Aclive;Reta;Em Obras";Não;2;0;2;0;0;0;2;1;-10,540277;-65,326958;SPRF-RO;DEL01-RO;UOP03-DEL01-RO
598343;04/05/2024;sábado;23:55:00;RJ;101;66;CAMPOS DOS GOYTACAZES;Transitar na contramão;Colisão frontal;Com Vítimas Feridas;Plena Noite;Decrescente;Céu Claro;Dupla;Reta;Sim;4;0;2;0;2;0;2;3;-21,76090387;-41,34788959;SPRF-RJ;DEL08-RJ;UOP02-DEL08-RJ
598345;04/05/2024;sábado;23:10:00;MS;262;479;ANASTACIO;Reação tardia ou ineficiente do condutor;Saída de leito carroçável;Com Vítimas Feridas;Plena Noite;Crescente;Céu Claro;Simples;Reta;Não;1;0;1;0;0;0;1;1;-20,50589351;-55,71102998;SPRF-MS;DEL03-MS;UOP01-DEL03-MS
598346;04/05/2024;sábado;19:45:00;PR;153;410;PAULO FRONTIN;Ingestão de álcool pelo condutor;Colisão lateral sentido oposto;Sem Vítimas;Plena Noite;Decrescente;Nublado;Simples;Aclive;Não;2;0;0;0;2;0;0;2;-26,04090202;-50,82709805;SPRF-PR;DEL08-PR;UOP02-DEL08-PR
598347;04/05/2024;sábado;22:00:00;RS;116;264;CANOAS;Ausência de reação do condutor;Tombamento;Com Vítimas Feridas;Plena Noite;Crescente;Chuva;Simples;Reta;Sim;1;0;1;0;0;0;1;1;-29,914435;-51,17754495;SPRF-RS;DEL01-RS;UOP01-DEL01-RS
598348;05/05/2024;domingo;00:50:00;PE;408;43,4;ALIANCA;Animais na Pista;Atropelamento de Animal;Com Vítimas Feridas;Plena Noite;Crescente;Garoa/Chuvisco;Simples;Reta;Não;2;0;2;0;0;0;2;2;-7,676553;-35,25179;SPRF-PE;DEL01-PE;UOP02-DEL01-PE
598349;05/05/2024;domingo;01:30:00;SP;381;76;SAO PAULO;Demais falhas mecânicas ou elétricas;Incêndio;Sem Vítimas;Plena Noite;Crescente;Céu Claro;Dupla;Declive;Não;1;0;0;0;1;0;0;1;-23,38372401;-46,56502116;SPRF-SP;DEL03-SP;UOP01-DEL03-SP
598350;04/05/2024;sábado;19:40:00;RR;432;12;CARACARAI;Ingestão de álcool pelo condutor;Colisão traseira;Com Vítimas Fatais;Plena Noite;Crescente;Ignorado;Dupla;Reta;Não;4;1;0;2;0;1;2;2;1,31787999;-60,33706496;SPRF-RR;DEL01-RR;UOP01-DEL01-RR
598351;05/05/2024;domingo;01:20:00;SP;116;151;SAO JOSE DOS CAMPOS;Ausência de reação do condutor;Colisão traseira;Com Vítimas Feridas;Plena Noite;Crescente;Céu Claro;Dupla;Reta;Não;7;0;2;0;5;0;2;2;-23,21980694;-45,89991605;SPRF-SP;DEL02-SP;UOP01-DEL02-SP
598352;04/05/2024;sábado;20:30:00;PR;373;391;CANDOI;Ultrapassagem Indevida;Colisão frontal;Com Vítimas Fatais;Plena Noite;Crescente;Céu Claro;Simples;Reta;Não;3;2;0;0;1;0;0;3;-25,5234934;-51,97924496;SPRF-PR;DEL08-PR;UOP01-DEL08-PR
598356;04/05/2024;sábado;20:15:00;RO;174;16;VILHENA;Conversão proibida;Colisão frontal;Com Vítimas Feridas;Plena Noite;Crescente;Céu Claro;Simples;Reta;Sim;2;0;1;0;0;1;1;2;-12,71452302;-60,1262149;SPRF-RO;DEL04-RO;UOP01-DEL04-RO
598358;05/05/2024;domingo;01:50:00;SC;470;245;CURITIBANOS;Ingestão de álcool pelo condutor;Saída de leito carroçável;Sem Vítimas;Plena Noite;Decrescente;Céu Claro;Simples;Reta;Não;1;0;0;0;1;0;0;1;-27,316158;-50,524006;SPRF-SC;DEL05-SC;UOP03-DEL05-SC
598359;05/05/2024;domingo;02:50:00;GO;60;92;ANAPOLIS;Animais na Pista;Queda de ocupante de veículo;Com Vítimas Feridas;Plena Noite;Crescente;Ignorado;Dupla;"Reta;Declive";Sim;1;0;1;0;0;0;1;1;-16,353;-48,9178;SPRF-GO;DEL02-GO;UOP01-DEL02-GO
598360;05/05/2024;domingo;02:10:00;MG;262;33,7;MANHUACU;Ingestão de álcool pelo condutor;Colisão com objeto;Com Vítimas Feridas;Plena Noite;Decrescente;Céu Claro;Simples;"Aclive;Reta";Sim;2;0;1;1;0;0;2;1;-20,25550548;-42,00465315;SPRF-MG;DEL06-MG;UOP03-DEL06-MG
598361;05/05/2024;domingo;01:30:00;PR;376;7;MANDAGUARI;Ultrapassagem Indevida;Colisão frontal;Com Vítimas Fatais;Plena Noite;Crescente;Céu Claro;Simples;Reta;Não;2;2;0;0;0;0;0;2;-23,540179;-51,670697;SPRF-PR;DEL09-PR;UOP01-DEL09-PR
598363;05/05/2024;domingo;03:10:00;PR;277;324;GUARAPUAVA;Reação tardia ou ineficiente do condutor;Colisão com objeto;Com Vítimas Feridas;Plena Noite;Decrescente;Céu Claro;Simples;Reta;Não;1;0;1;0;0;0;1;1;-25,37493;-51,29835;SPRF-PR;DEL08-PR;UOP01-DEL08-PR
598364;05/05/2024;domingo;03:40:00;SP;116;134;CACAPAVA;Ausência de reação do condutor;Engavetamento;Com Vítimas Feridas;Plena Noite;Crescente;Céu Claro;Dupla;Reta;Não;5;0;1;0;4;0;1;4;-23,1402216;-45,7617252;SPRF-SP;DEL02-SP;UOP02-DEL02-SP
598369;05/05/2024;domingo;05:00:00;RS;116;612,5;ARROIO GRANDE;Reação tardia ou ineficiente do condutor;Saída de leito carroçável;Sem Vítimas;Plena Noite;Decrescente;Nublado;Simples;"Reta;Interseção de Vias";Sim;1;0;0;0;1;0;0;1;-32,251217;-53,076706;SPRF-RS;DEL07-RS;UOP03-DEL07-RS
598370;05/05/2024;domingo;03:00:00;SC;101;426,8;SOMBRIO;Condutor Dormindo;Saída de leito carroçável;Com Vítimas Feridas;Plena Noite;Crescente;Céu Claro;Múltipla;Reta;Sim;2;0;1;0;1;0;1;1;-29,02593927;-49,59976914;SPRF-SC;DEL02-SC;UOP02-DEL02-SC
598371;05/05/2024;domingo;04:40:00;PE;428;189,7;PETROLINA;Condutor desrespeitou a iluminação vermelha do semáforo;Colisão transversal;Sem Vítimas;Amanhecer;Decrescente;Céu Claro;Múltipla;"Reta;Retorno Regulamentado";Sim;2;0;0;0;0;2;0;2;-9,37797;-40,504201;SPRF-PE;DEL06-PE;UOP01-DEL06-PE
598372;05/05/2024;domingo;04:40:00;SC;101;275,6;IMBITUBA;Condutor Dormindo;Colisão com objeto;Sem Vítimas;Plena Noite;Decrescente;Céu Claro;Múltipla;Reta;Não;1;0;0;0;1;0;0;1;-28,138086;-48,69218292;SPRF-SC;DEL02-SC;UOP03-DEL02-SC
598374;05/05/2024;domingo;05:00:00;RN;101;77;EXTREMOZ;Ausência de reação do condutor;Queda de ocupante de veículo;Com Vítimas Feridas;Pleno dia;Crescente;Céu Claro;Simples;Reta;Não;1;0;1;0;0;0;1;1;-5,73180495;-35,29112135;SPRF-RN;DEL02-RN;UOP01-DEL02-RN
598375;05/05/2024;domingo;05:00:00;MG;40;662,5;CARANDAI;Reação tardia ou ineficiente do condutor;Colisão com objeto;Com Vítimas Feridas;Amanhecer;Crescente;Nublado;Dupla;"Declive;Curva";Não;1;0;1;0;0;0;1;1;-20,91349375;-43,82687955;SPRF-MG;DEL05-MG;UOP02-DEL05-MG
598376;05/05/2024;domingo;05:00:00;SC;101;46,3;JOINVILLE;Ingestão de álcool pelo condutor;Colisão com objeto;Sem Vítimas;Amanhecer;Crescente;Nublado;Múltipla;Reta;Não;1;0;0;0;1;0;0;1;-26,33150083;-48,86187762;SPRF-SC;DEL03-SC;UOP01-DEL03-SC
598379;05/05/2024;domingo;05:30:00;PR;369;198,9;APUCARANA;Velocidade Incompatível;Saída de leito carroçável;Com Vítimas Feridas;Pleno dia;Crescente;Céu Claro;Dupla;Curva;Não;1;0;1;0;0;0;1;1;-23,52273017;-51,44299865;SPRF-PR;DEL07-PR;UOP03-DEL07-PR
598380;05/05/2024;domingo;05:12:00;PB;101;85;BAYEUX;Ausência de reação do condutor;Colisão traseira;Sem Vítimas;Pleno dia;Crescente;Céu Claro;Dupla;Reta;Sim;2;0;0;0;2;0;0;2;-7,14538184;-34,91662887;SPRF-PB;DEL01-PB;UOP01-DEL01-PB
598381;05/05/2024;domingo;05:00:00;SP;116;119;CACAPAVA;Reação tardia ou ineficiente do condutor;Capotamento;Com Vítimas Feridas;Plena Noite;Decrescente;Céu Claro;Dupla;Reta;Não;1;0;1;0;0;0;1;1;-23,06710044;-45,63562878;SPRF-SP;DEL02-SP;UOP02-DEL02-SP
598382;05/05/2024;domingo;04:30:00;SP;116;108;TAUBATE;Condutor Dormindo;Saída de leito carroçável;Sem Vítimas;Plena Noite;Decrescente;Céu Claro;Dupla;Reta;Sim;1;0;0;0;1;0;0;1;-23,0233097;-45,53763622;SPRF-SP;DEL02-SP;UOP02-DEL02-SP
598384;04/05/2024;sábado;21:10:00;MA;222;524,8;BURITICUPU;Pedestre andava na pista;Atropelamento de Pedestre;Com Vítimas Fatais;Plena Noite;Decrescente;Céu Claro;Simples;Reta;Não;2;1;0;0;0;1;0;2;-4,33048787;-46,43497079;SPRF-MA;DEL02-MA;UOP01-DEL02-MA
598387;04/05/2024;sábado;23:10:00;PB;361;103;PIANCO;Animais na Pista;Atropelamento de Animal;Com Vítimas Feridas;Plena Noite;Crescente;Nublado;Simples;Reta;Não;5;0;2;3;0;0;5;3;-7,26918302;-38,06443198;SPRF-PB;DEL03-PB;UOP01-DEL03-PB