id;data_inversa;dia_semana;horario;uf;br;km;municipio;causa_acidente;tipo_acidente;classificacao_acidente;fase_dia;sentido_via;condicao_metereologica;tipo_pista;tracado_via;uso_solo;pessoas;mortos;feridos_leves;feridos_graves;ilesos;ignorados;feridos;veiculos;latitude;longitude;regional;delegacia;uop
598389;04/05/2024;sábado;21:00:00;SC;280;4;SAO FRANCISCO DO SUL;Ingestão de álcool pelo condutor;Colisão frontal;Com Vítimas Feridas;Plena Noite;Crescente;Nublado;Simples;Reta;Não;3;0;1;0;2;0;1;2;-26,25329566;-48,61916042;SPRF-SC;DEL03-SC;UOP03-DEL03-SC
598390;05/05/2024;domingo;06:35:00;PR;277;725;FOZ DO IGUACU;Velocidade Incompatível;Saída de leito carroçável;Sem Vítimas;Amanhecer;Decrescente;Céu Claro;Dupla;Reta;Sim;1;0;0;0;0;1;0;1;-25,5084851;-54,54645932;SPRF-PR;DEL05-PR;UOP03-DEL05-PR
598392;05/05/2024;domingo;06:45:00;SP;116;143,2;SAO JOSE DOS CAMPOS;Reação tardia ou ineficiente do condutor;Colisão traseira;Com Vítimas Feridas;Pleno dia;Decrescente;Sol;Dupla;Reta;Sim;3;0;2;0;1;0;2;2;-23,17849879;-45,83787411;SPRF-SP;DEL02-SP;UOP01-DEL02-SP
598393;05/05/2024;domingo;06:27:00;PR;277;82;CURITIBA;Velocidade Incompatível;Colisão com objeto;Com Vítimas Feridas;Amanhecer;Crescente;Céu Claro;Dupla;Reta;Sim;1;0;1;0;0;0;1;1;-25,568939;-49,181978;SPRF-PR;DEL01-PR;UOP07-DEL01-PR
598394;05/05/2024;domingo;04:00:00;MT;364;440;VARZEA GRANDE;Ingestão de álcool pelo condutor;Saída de leito carroçável;Sem Vítimas;Plena Noite;Crescente;Céu Claro;Simples;Reta;Não;1;0;0;0;1;0;0;1;-15,59960149;-56,21283531;SPRF-MT;DEL01-MT;UOP02-DEL01-MT
598395;05/05/2024;domingo;06:30:00;PR;277;654,9;MATELANDIA;Ingestão de álcool pelo condutor;Saída de leito carroçável;Sem Vítimas;Amanhecer;Decrescente;Céu Claro;Simples;Curva;Não;1;0;0;0;1;0;0;1;-25,22232211;-53,9513177;SPRF-PR;DEL05-PR;UOP02-DEL05-PR
598397;05/05/2024;domingo;03:30:00;MT;163;605;NOVA MUTUM;Ingestão de álcool pelo condutor;Colisão com objeto;Sem Vítimas;Amanhecer;Decrescente;Céu Claro;Simples;Reta;Não;1;0;0;0;0;1;0;1;-13,86351018;-56,08627166;SPRF-MT;DEL01-MT;UOP01-DEL01-MT
598398;05/05/2024;domingo;06:55:00;MG;381;892,3;CAMBUI;Condutor Dormindo;Saída de leito carroçável;Com Vítimas Feridas;Pleno dia;Crescente;Céu Claro;Dupla;"Reta;Aclive";Não;4;0;1;0;3;0;1;1;-22,56004242;-46,04046664;SPRF-MG;DEL16-MG;UOP03-DEL16-MG
598399;05/05/2024;domingo;06:50:00;SC;101;209,9;SAO JOSE;Condutor Dormindo;Colisão com objeto;Sem Vítimas;Pleno dia;Decrescente;Sol;Múltipla;Reta;Sim;1;0;0;0;0;1;0;1;-27,61000542;-48,63895057;SPRF-SC;DEL01-SC;UOP01-DEL01-SC
598400;05/05/2024;domingo;00:20:00;PE;101;89,2;JABOATAO DOS GUARARAPES;Condutor Dormindo;Capotamento;Com Vítimas Feridas;Plena Noite;Crescente;Chuva;Dupla;"Reta;Retorno Regulamentado;Declive";Não;4;0;1;2;1;0;3;1;-8,20760697;-34,98372005;SPRF-PE;DEL01-PE;UOP01-DEL01-PE
598401;05/05/2024;domingo;06:10:00;MG;50;58;UBERLANDIA;Condutor Dormindo;Saída de leito carroçável;Com Vítimas Feridas;Amanhecer;Decrescente;Céu Claro;Dupla;"Curva;Declive";Não;1;0;1;0;0;0;1;1;-18,79408225;-48,23421867;SPRF-MG;DEL15-MG;UOP02-DEL15-MG
598402;05/05/2024;domingo;06:10:00;MT;70;6;BARRA DO GARCAS;Ausência de reação do condutor;Queda de ocupante de veículo;Com Vítimas Feridas;Pleno dia;Decrescente;Céu Claro;Dupla;Reta;Sim;1;0;1;0;0;0;1;1;-15,878268;-52,306705;SPRF-MT;DEL07-MT;UOP01-DEL07-MT
598403;27/04/2024;sábado;11:10:00;SC;101;281,4;IMBITUBA;Objeto estático sobre o leito carroçável;Colisão com objeto;Com Vítimas Feridas;Pleno dia;Crescente;Céu Claro;Múltipla;Reta;Sim;1;0;1;0;0;0;1;1;-28,18793595;-48,69652041;SPRF-SC;DEL02-SC;UOP03-DEL02-SC
598405;05/05/2024;domingo;07:05:00;PI;343;345;TERESINA;Conversão proibida;Colisão transversal;Com Vítimas Feridas;Pleno dia;Decrescente;Céu Claro;Simples;Interseção de Vias;Sim;2;0;1;0;1;0;1;2;-5,102889;-42,766506;SPRF-PI;DEL01-PI;UOP01-DEL01-PI
598406;02/05/2024;quinta-feira;00:20:00;RJ;101;434;MANGARATIBA;Reação tardia ou ineficiente do condutor;Saída de leito carroçável;Com Vítimas Feridas;Plena Noite;Crescente;Céu Claro;Simples;Declive;Não;1;0;1;0;0;0;1;1;-22,93724723;-44,04629489;SPRF-RJ;DEL03-RJ;UOP02-DEL03-RJ
598407;05/05/2024;domingo;06:30:00;ES;393;16,8;MUQUI;Ingestão de álcool pelo condutor;Saída de leito carroçável;Com Vítimas Fatais;Amanhecer;Crescente;Céu Claro;Simples;Reta;Não;2;1;0;1;0;0;1;1;-20,889292;-41,280143;SPRF-ES;DEL03-ES;UOP02-DEL03-ES
598409;05/05/2024;domingo;08:20:00;PE;101;167;AGUA PRETA;Ausência de reação do condutor;Queda de ocupante de veículo;Com Vítimas Feridas;Pleno dia;Decrescente;Céu Claro;Dupla;Reta;Não;1;0;0;1;0;0;1;1;-8,56679186;-35,47528312;SPRF-PE;DEL01-PE;UOP03-DEL01-PE
598410;05/05/2024;domingo;07:30:00;BA;324;592;CANDEIAS;Manobra de mudança de faixa;Colisão traseira;Com Vítimas Feridas;Pleno dia;Decrescente;Nublado;Dupla;Reta;Não;2;0;1;0;1;0;1;2;-12,69021804;-38,46568118;SPRF-BA;DEL01-BA;UOP01-DEL01-BA
598411;05/05/2024;domingo;07:50:00;MG;365;632,4;UBERLANDIA;Mal súbito do condutor;Saída de leito carroçável;Com Vítimas Fatais;Pleno dia;Crescente;Céu Claro;Dupla;Reta;Não;3;1;0;0;1;1;0;2;-18,89664394;-48,39041999;SPRF-MG;DEL15-MG;UOP01-DEL15-MG
598413;05/05/2024;domingo;09:15:00;GO;50;271,8;CATALAO;Condutor Dormindo;Saída de leito carroçável;Com Vítimas Feridas;Pleno dia;Crescente;Sol;Dupla;Reta;Não;1;0;0;1;0;0;1;1;-18,1158;-47,8936;SPRF-GO;DEL06-GO;UOP01-DEL06-GO
598414;05/05/2024;domingo;08:30:00;PR;369;446;UBIRATA;Condutor Dormindo;Saída de leito carroçável;Sem Vítimas;Pleno dia;Crescente;Sol;Simples;"Curva;Declive";Não;1;0;0;0;1;0;0;1;-24,55187;-53,11463;SPRF-PR;DEL04-PR;UOP03-DEL04-PR
598415;05/05/2024;domingo;05:00:00;PR;277;273;IRATI;Reação tardia ou ineficiente do condutor;Saída de leito carroçável;Com Vítimas Feridas;Amanhecer;Decrescente;Céu Claro;Simples;Reta;Não;2;0;1;0;1;0;1;1;-25,3831825;-50,85631993;SPRF-PR;DEL08-PR;UOP02-DEL08-PR
598417;05/05/2024;domingo;09:25:00;PE;232;112;BEZERROS;Chuva;Saída de leito carroçável;Com Vítimas Fatais;Pleno dia;Crescente;Chuva;Dupla;"Curva;Declive";Não;1;1;0;0;0;0;0;1;-8,29729696;-35,83146101;SPRF-PE;DEL02-PE;UOP02-DEL02PE
598418;05/05/2024;domingo;10:00:00;SP;116;214;GUARULHOS;Velocidade Incompatível;Capotamento;Sem Vítimas;Pleno dia;Decrescente;Céu Claro;Múltipla;Reta;Sim;3;0;0;0;3;0;0;1;-23,44333014;-46,44531294;SPRF-SP;DEL01-SP;UOP01-DEL01-SP
598420;05/05/2024;domingo;09:50:00;GO;414;336,9;COCALZINHO DE GOIAS;Demais falhas mecânicas ou elétricas;Saída de leito carroçável;Sem Vítimas;Pleno dia;Decrescente;Céu Claro;Simples;Reta;Não;1;0;0;0;1;0;0;1;-15,580993;-48,628662;SPRF-GO;DEL02-GO;UOP01-DEL02-GO
598421;05/05/2024;domingo;10:15:00;PR;116;102;SAO JOSE DOS PINHAIS;Ausência de reação do condutor;Colisão com objeto;Com Vítimas Fatais;Pleno dia;Decrescente;Céu Claro;Dupla;Interseção de Vias;Não;2;2;0;0;0;0;0;1;-25,56884345;-49,17978823;SPRF-PR;DEL01-PR;UOP07-DEL01-PR
598422;05/05/2024;domingo;09:10:00;PA;230;99;SAO JOAO DO ARAGUAIA;Manobra de mudança de faixa;Colisão frontal;Com Vítimas Fatais;Pleno dia;Decrescente;Céu Claro;Simples;Reta;Não;4;1;0;0;3;0;0;2;-5,41297822;-48,9430982;SPRF-PA;DEL03-PA;UOP01-DEL03-PA
598423;05/05/2024;domingo;08:05:00;RJ;101;489;ANGRA DOS REIS;Reação tardia ou ineficiente do condutor;Colisão traseira;Com Vítimas Feridas;Pleno dia;Crescente;Céu Claro;Simples;Reta;Sim;4;0;2;0;2;0;2;3;-22,95605138;-44,30404997;SPRF-RJ;DEL03-RJ;UOP03-DEL03-RJ
598424;27/04/2024;sábado;08:34:00;MG;381;882;CAMBUI;Trafegar com motocicleta (ou similar) entre as faixas;Queda de ocupante de veículo;Com Vítimas Feridas;Pleno dia;Decrescente;Céu Claro;Dupla;Reta;Não;2;0;1;0;1;0;1;2;-22,52371907;-46,0241579;SPRF-MG;DEL16-MG;UOP03-DEL16-MG
598426;05/05/2024;domingo;09:10:00;MG;262;385;MATEUS LEME;Ausência de reação do condutor;Saída de leito carroçável;Com Vítimas Feridas;Pleno dia;Crescente;Céu Claro;Dupla;Curva;Não;1;0;0;1;0;0;1;1;-19,93325094;-44,42077402;SPRF-MG;DEL01-MG;UOP03-DEL01-MG
598428;05/05/2024;domingo;09:20:00;RJ;493;51;DUQUE DE CAXIAS;Ausência de reação do condutor;Capotamento;Com Vítimas Feridas;Pleno dia;Decrescente;Céu Claro;Dupla;Reta;Não;1;0;1;0;0;0;1;1;-22,672089;-43,285053;SPRF-RJ;DEL01-RJ;UOP03-DEL01-RJ
598429;05/05/2024;domingo;11:50:00;BA;324;513;FEIRA DE SANTANA;Conversão proibida;Tombamento;Com Vítimas Feridas;Pleno dia;Crescente;Nublado;Simples;Reta;Não;1;0;1;0;0;0;1;1;-12,23098007;-38,96101401;SPRF-BA;DEL02-BA;UOP01-DEL02-BA
598430;05/05/2024;domingo;06:10:00;CE;222;226,3;SOBRAL;Ausência de reação do condutor;Saída de leito carroçável;Com Vítimas Feridas;Plena Noite;Crescente;Céu Claro;Simples;Reta;Sim;1;0;0;1;0;0;1;1;-3,70648417;-40,36099807;SPRF-CE;DEL04-CE;UOP01-DEL04-CE
598432;24/04/2024;quarta-feira;07:00:00;MG;381;502;BETIM;Acessar a via sem observar a presença dos outros veículos;Colisão traseira;Sem Vítimas;Pleno dia;Decrescente;Céu Claro;Dupla;Interseção de Vias;Não;3;0;0;0;3;0;0;3;-20,03619694;-44,24586303;SPRF-MG;DEL01-MG;UOP03-DEL01-MG
598433;05/05/2024;domingo;09:41:00;RJ;116;139;MAGE;Demais falhas mecânicas ou elétricas;Saída de leito carroçável;Com Vítimas Feridas;Pleno dia;Crescente;Céu Claro;Dupla;Reta;Sim;2;0;2;0;0;0;2;1;-22,64655224;-43,20138601;SPRF-RJ;DEL04-RJ;UOP02-DEL04-RJ
598434;05/05/2024;domingo;10:00:00;SP;381;87;SAO PAULO;Condutor Dormindo;Colisão com objeto;Sem Vítimas;Pleno dia;Decrescente;Céu Claro;Múltipla;Reta;Não;1;0;0;0;0;1;0;1;-23,46885001;-46,56996601;SPRF-SP;DEL03-SP;UOP01-DEL03-SP
598437;23/04/2024;terça-feira;07:15:00;BA;330;847;IPIAU;Transitar na contramão;Colisão frontal;Com Vítimas Feridas;Pleno dia;Decrescente;Chuva;Simples;Reta;Não;3;0;0;1;2;0;1;2;-14,17306203;-39,68148402;SPRF-BA;DEL03-BA;UOP01-DEL03-BA
598438;05/05/2024;domingo;11:40:00;SP;116;405;MIRACATU;Avarias e/ou desgaste excessivo no pneu;Tombamento;Com Vítimas Feridas;Pleno dia;Decrescente;Sol;Dupla;"Declive;Reta";Não;2;0;2;0;0;0;2;1;-24,32322982;-47,54625904;SPRF-SP;DEL04-SP;UOP02-DEL04-SP
598439;05/05/2024;domingo;11:30:00;MG;40;632,5;CONSELHEIRO LAFAIETE;Velocidade Incompatível;Colisão com objeto;Com Vítimas Feridas;Pleno dia;Decrescente;Sol;Simples;Curva;Sim;2;0;1;1;0;0;2;1;-20,68058;-43,794353;SPRF-MG;DEL05-MG;UOP02-DEL05-MG
598441;05/05/2024;domingo;10:30:00;MG;381;531,1;ITATIAIUCU;Velocidade Incompatível;Queda de ocupante de veículo;Com Vítimas Feridas;Pleno dia;Crescente;Sol;Dupla;Curva;Não;1;0;1;0;0;0;1;1;-20,18182886;-44,37895835;SPRF-MG;DEL04-MG;UOP03-DEL04-MG
598442;05/05/2024;domingo;12:55:00;PE;408;103,1;RECIFE;Demais falhas mecânicas ou elétricas;Queda de ocupante de veículo;Com Vítimas Feridas;Pleno dia;Crescente;Céu Claro;Dupla;Curva;Não;3;0;2;0;0;1;2;2;-8,06027;-34,991463;SPRF-PE;DEL01-PE;UOP01-DEL01-PE
598443;05/05/2024;domingo;13:40:00;ES;101;373;ICONHA;Condutor Dormindo;Colisão lateral sentido oposto;Com Vítimas Feridas;Pleno dia;Crescente;Céu Claro;Simples;Reta;Não;6;0;5;1;0;0;6;2;-20,78076895;-40,78058417;SPRF-ES;DEL03-ES;UOP01-DEL03-ES
598444;05/05/2024;domingo;13:30:00;MG;381;908,1;CAMBUI;Velocidade Incompatível;Colisão com objeto;Com Vítimas Feridas;Pleno dia;Decrescente;Céu Claro;Dupla;"Curva;Declive";Não;1;0;1;0;0;0;1;1;-22,68041431;-46,10100031;SPRF-MG;DEL16-MG;UOP03-DEL16-MG
598446;01/05/2024;quarta-feira;20:00:00;BA;101;263;SANTO ANTONIO DE JESUS;Pedestre andava na pista;Atropelamento de Pedestre;Com Vítimas Fatais;Plena Noite;Decrescente;Nublado;Simples;Reta;Sim;2;1;0;0;1;0;0;2;-13,09003799;-39,27863203;SPRF-BA;DEL01-BA;UOP02-DEL01-BA
598447;05/05/2024;domingo;14:30:00;SP;101;46;UBATUBA;Ausência de reação do condutor;Colisão transversal;Com Vítimas Feridas;Pleno dia;Decrescente;Céu Claro;Simples;Reta;Sim;2;0;1;0;1;0;1;2;-23,42403383;-45,07492113;SPRF-SP;DEL06-SP;UOP01-DEL06-SP
598448;05/05/2024;domingo;14:00:00;SP;116;108;TAUBATE;Manobra de mudança de faixa;Colisão lateral mesmo sentido;Com Vítimas Feridas;Pleno dia;Crescente;Céu Claro;Dupla;Reta;Sim;3;0;2;0;1;0;2;2;-23,0233097;-45,53763622;SPRF-SP;DEL02-SP;UOP02-DEL02-SP
598450;05/05/2024;domingo;13:10:00;SP;116;145;SAO JOSE DOS CAMPOS;Reação tardia ou ineficiente do condutor;Colisão traseira;Com Vítimas Feridas;Pleno dia;Crescente;Sol;Dupla;Reta;Não;2;0;0;1;1;0;1;2;-23,1869844;-45,8548078;SPRF-SP;DEL02-SP;UOP01-DEL02-SP
598451;05/05/2024;domingo;14:00:00;MG;459;59,3;IPUIUNA;Reação tardia ou ineficiente do condutor;Saída de leito carroçável;Com Vítimas Feridas;Pleno dia;Crescente;Céu Claro;Simples;Curva;Não;1;0;1;0;0;0;1;1;-22,088772;-46,224886;SPRF-MG;DEL09-MG;UOP01-DEL09-MG
598452;05/05/2024;domingo;13:30:00;SC;470;129;LONTRAS;Ingestão de álcool pelo condutor;Saída de leito carroçável;Com Vítimas Feridas;Pleno dia;Crescente;Céu Claro;Simples;Curva;Não;3;0;1;0;2;0;1;1;-27,148499;-49,556137;SPRF-SC;DEL04-SC;UOP02-DEL04-SC
598453;05/05/2024;domingo;13:24:00;PR;277;685;SAO MIGUEL DO IGUACU;Ausência de reação do condutor;Queda de ocupante de veículo;Com Vítimas Feridas;Pleno dia;Decrescente;Céu Claro;Dupla;"Curva;Aclive";Sim;3;0;0;1;0;2;1;2;-25,3350861;-54,207268;SPRF-PR;DEL05-PR;UOP01-DEL05-PR
598454;05/05/2024;domingo;15:20:00;GO;50;160;CAMPO ALEGRE DE GOIAS;Condutor Dormindo;Saída de leito carroçável;Com Vítimas Feridas;Pleno dia;Decrescente;Sol;Dupla;Reta;Não;2;0;1;1;0;0;2;1;-17,2544;-47,7671;SPRF-GO;DEL06-GO;UOP01-DEL06-GO
598455;28/04/2024;domingo;13:45:00;CE;116;19;ITAITINGA;Entrada inopinada do pedestre;Colisão com objeto;Com Vítimas Feridas;Pleno dia;Crescente;Céu Claro;Dupla;Reta;Sim;2;0;2;0;0;0;2;1;-3,91384397;-38,50667231;SPRF-CE;DEL01-CE;UOP02-DEL01-CE
598456;05/05/2024;domingo;15:00:00;SP;116;230;SAO PAULO;Acumulo de areia ou detritos sobre o pavimento;Queda de ocupante de veículo;Com Vítimas Feridas;Pleno dia;Decrescente;Céu Claro;Múltipla;Reta;Sim;1;0;1;0;0;0;1;1;-23,52251783;-46,5855702;SPRF-SP;DEL01-SP;UOP01-DEL01-SP
598457;05/05/2024;domingo;14:00:00;SC;101;54,5;JOINVILLE;Demais falhas mecânicas ou elétricas;Tombamento;Com Vítimas Feridas;Pleno dia;Crescente;Céu Claro;Dupla;Reta;Sim;2;0;2;0;0;0;2;1;-26,41319508;-48,83617332;SPRF-SC;DEL03-SC;UOP01-DEL03-SC
598458;05/05/2024;domingo;15:42:00;PE;101;63;RECIFE;Manobra de mudança de faixa;Colisão traseira;Com Vítimas Feridas;Pleno dia;Crescente;Céu Claro;Simples;Reta;Sim;2;0;1;0;0;1;1;2;-8,00800604;-34,93756535;SPRF-PE;DEL01-PE;UOP01-DEL01-PE
598459;15/04/2024;segunda-feira;18:00:00;PE;101;67,8;RECIFE;Acessar a via sem observar a presença dos outros veículos;Colisão traseira;Com Vítimas Feridas;Plena Noite;Crescente;Chuva;Múltipla;Reta;Não;3;0;2;0;1;0;2;2;-8,042334;-34,943096;SPRF-PE;DEL01-PE;UOP01-DEL01-PE
598460;05/05/2024;domingo;14:00:00;MG;262;26,7;REDUTO;Ingestão de álcool pelo condutor;Saída de leito carroçável;Com Vítimas Feridas;Pleno dia;Decrescente;Céu Claro;Simples;Curva;Não;1;0;0;1;0;0;1;1;-20,24439338;-41,95813313;SPRF-MG;DEL06-MG;UOP03-DEL06-MG
598461;05/05/2024;domingo;16:05:00;RS;290;33;SANTO ANTONIO DA PATRULHA;Reação tardia ou ineficiente do condutor;Tombamento;Com Vítimas Feridas;Pleno dia;Crescente;Nublado;Dupla;Reta;Não;2;0;2;0;0;0;2;1;-29,885815;-50,586334;SPRF-RS;DEL03-RS;UOP01-DEL03-RS
598462;05/05/2024;domingo;14:50:00;SP;116;515;CAJATI;Reação tardia ou ineficiente do condutor;Queda de ocupante de veículo;Com Vítimas Feridas;Pleno dia;Decrescente;Céu Claro;Simples;Curva;Não;2;0;1;0;1;0;1;1;-24,86704083;-48,21738184;SPRF-SP;DEL05-SP;UOP02-DEL05-SP
598464;05/05/2024;domingo;15:30:00;BA;324;530;FEIRA DE SANTANA;Reação tardia ou ineficiente do condutor;Colisão com objeto;Com Vítimas Feridas;Pleno dia;Decrescente;Nublado;Dupla;Curva;Não;2;0;1;0;1;0;1;1;-12,32818491;-38,86174193;SPRF-BA;DEL01-BA;UOP03-DEL01-BA
598465;05/05/2024;domingo;14:40:00;MG;40;645,9;CRISTIANO OTONI;Transitar na contramão;Saída de leito carroçável;Com Vítimas Feridas;Pleno dia;Decrescente;Céu Claro;Simples;"Interseção de Vias;Curva";Sim;1;0;1;0;0;0;1;1;-20,78218897;-43,81150169;SPRF-MG;DEL05-MG;UOP02-DEL05-MG
598466;05/05/2024;domingo;14:55:00;SC;470;154,2;AGRONOMICA;Ultrapassagem Indevida;Colisão lateral mesmo sentido;Com Vítimas Feridas;Pleno dia;Decrescente;Céu Claro;Simples;Reta;Não;2;0;1;0;1;0;1;2;-27,2745807;-49,74668384;SPRF-SC;DEL04-SC;UOP02-DEL04-SC
598467;05/05/2024;domingo;12:30:00;GO;452;73;MAURILANDIA;Manobra de mudança de faixa;Saída de leito carroçável;Com Vítimas Feridas;Pleno dia;Decrescente;Céu Claro;Simples;Declive;Não;1;0;1;0;0;0;1;1;-18,04024699;-50,275592;SPRF-GO;DEL04-GO;UOP01-DEL04-GO
598468;05/05/2024;domingo;15:30:00;PR;369;180;ARAPONGAS;Ingestão de álcool pelo condutor;Saída de leito carroçável;Sem Vítimas;Pleno dia;Crescente;Céu Claro;Dupla;Reta;Não;1;0;0;0;1;0;0;1;-23,374516;-51,413641;SPRF-PR;DEL07-PR;UOP03-DEL07-PR
598470;05/05/2024;domingo;12:15:00;MG;116;756,2;LEOPOLDINA;Ultrapassagem Indevida;Colisão transversal;Com Vítimas Feridas;Pleno dia;Crescente;Céu Claro;Simples;Reta;Não;8;0;8;0;0;0;8;3;-21,49227013;-42,58527793;SPRF-MG;DEL07-MG;UOP01-DEL07-MG
598471;05/05/2024;domingo;16:50:00;RS;386;346,6;LAJEADO;Transitar na contramão;Colisão frontal;Com Vítimas Feridas;Pleno dia;Decrescente;Nublado;Simples;Reta;Sim;2;0;1;0;1;0;1;2;-29,446793;-51,974564;SPRF-RS;DEL04-RS;UOP01-DEL04-RS
598473;05/05/2024;domingo;16:13:00;RN;101;74,7;NATAL;Pedestre andava na pista;Atropelamento de Pedestre;Com Vítimas Feridas;Pleno dia;Decrescente;Céu Claro;Simples;Reta;Não;2;0;0;1;1;0;1;2;-5,718265;-35,274443;SPRF-RN;DEL02-RN;UOP01-DEL02-RN
598475;05/05/2024;domingo;16:39:00;PB;101;39,2;MAMANGUAPE;Reação tardia ou ineficiente do condutor;Colisão com objeto;Com Vítimas Feridas;Pleno dia;Decrescente;Céu Claro;Dupla;"Reta;Em Obras";Não;1;0;0;1;0;0;1;1;-6,82975098;-35,13756194;SPRF-PB;DEL01-PB;UOP04-DEL01-PB
598477;05/05/2024;domingo;13:15:00;SP;116;107;TAUBATE;Condutor deixou de manter distância do veículo da frente;Colisão traseira;Com Vítimas Feridas;Pleno dia;Crescente;Céu Claro;Dupla;Reta;Sim;4;0;1;0;3;0;1;3;-23,01791287;-45,53009409;SPRF-SP;DEL02-SP;UOP02-DEL02-SP
598478;05/05/2024;domingo;15:50:00;SC;116;236;CORREIA PINTO;Conversão proibida;Colisão transversal;Com Vítimas Feridas;Pleno dia;Decrescente;Céu Claro;Simples;Reta;Não;3;0;2;0;0;1;2;3;-27,72090493;-50,33607643;SPRF-SC;DEL05-SC;UOP01-DEL05-SC
598479;05/05/2024;domingo;17:15:00;BA;116;15,5;VITORIA DA CONQUISTA;Acessar a via sem observar a presença dos outros veículos;Colisão transversal;Com Vítimas Feridas;Anoitecer;Decrescente;Chuva;Simples;"Interseção de Vias;Retorno Regulamentado;Reta";Não;3;0;1;0;2;0;1;2;-14,851;-40,8485;SPRF-BA;DEL08-BA;UOP01-DEL08-BA
598480;05/05/2024;domingo;17:15:00;BA;242;840;BARREIRAS;Reação tardia ou ineficiente do condutor;Atropelamento de Pedestre;Com Vítimas Feridas;Pleno dia;Crescente;Céu Claro;Simples;Reta;Não;2;0;0;1;1;0;1;2;-12,11858671;-45,19720999;SPRF-BA;DEL10-BA;UOP01-DEL10-BA
598483;05/05/2024;domingo;17:00:00;MS;163;18;MUNDO NOVO;Ausência de reação do condutor;Saída de leito carroçável;Sem Vítimas;Pleno dia;Decrescente;Céu Claro;Simples;Reta;Não;1;0;0;0;0;1;0;1;-23,94186304;-54,28068144;SPRF-MS;DEL09-MS;UOP02-DEL09-MS
598485;05/05/2024;domingo;17:45:00;RJ;101;488;ANGRA DOS REIS;Ingestão de álcool pelo condutor;Colisão traseira;Sem Vítimas;Anoitecer;Crescente;Céu Claro;Simples;Rotatória;Sim;2;0;0;0;2;0;0;2;-22,96020896;-44,29612622;SPRF-RJ;DEL03-RJ;UOP03-DEL03-RJ
598486;05/05/2024;domingo;15:51:00;AC;364;135;RIO BRANCO;Desrespeitar a preferência no cruzamento;Colisão transversal;Com Vítimas Feridas;Pleno dia;Decrescente;Céu Claro;Dupla;Rotatória;Sim;3;0;3;0;0;0;3;2;-9,98588117;-67,84523538;SPRF-AC;DEL01-AC;UOP01-DEL01-AC
598487;05/05/2024;domingo;18:00:00;MG;40;546;NOVA LIMA;Ausência de reação do condutor;Colisão com objeto;Com Vítimas Feridas;Anoitecer;Decrescente;Céu Claro;Dupla;Curva;Não;1;0;1;0;0;0;1;1;-20,01444685;-43,96893823;SPRF-MG;DEL01-MG;UOP02-DEL01-MG
598488;05/05/2024;domingo;16:50:00;SP;116;108;TAUBATE;Velocidade Incompatível;Colisão lateral mesmo sentido;Com Vítimas Feridas;Anoitecer;Crescente;Céu Claro;Dupla;Reta;Sim;4;0;2;0;2;0;2;3;-23,0233097;-45,53763622;SPRF-SP;DEL02-SP;UOP02-DEL02-SP
598489;05/05/2024;domingo;17:14:00;RO;364;342;JI-PARANA;Ingestão de álcool pelo condutor;Queda de ocupante de veículo;Com Vítimas Feridas;Pleno dia;Crescente;Céu Claro;Simples;Reta;Sim;1;0;0;1;0;0;1;1;-10,880607;-61,942282;SPRF-RO;DEL02-RO;UOP01-DEL02-RO
598491;05/05/2024;domingo;18:20:00;RJ;101;267;RIO BONITO;Condutor deixou de manter distância do veículo da frente;Colisão traseira;Sem Vítimas;Plena Noite;Crescente;Céu Claro;Dupla;Reta;Sim;2;0;0;0;2;0;0;2;-22,70728329;-42,66059086;SPRF-RJ;DEL02-RJ;UOP03-DEL02-RJ
598492;05/05/2024;domingo;16:40:00;SC;480;130;CHAPECO;Ausência de reação do condutor;Colisão lateral mesmo sentido;Com Vítimas Feridas;Pleno dia;Crescente;Céu Claro;Dupla;"Interseção de Vias;Reta";Sim;3;0;0;1;0;2;1;2;-27,05534298;-52,63652069;SPRF-SC;DEL07-SC;UOP01-DEL07-SC
598493;05/05/2024;domingo;16:30:00;AC;364;131;RIO BRANCO;Acessar a via sem observar a presença dos outros veículos;Colisão lateral mesmo sentido;Com Vítimas Feridas;Pleno dia;Decrescente;Céu Claro;Simples;Reta;Não;3;0;2;0;1;0;2;2;-10,01594689;-67,84093848;SPRF-AC;DEL01-AC;UOP01-DEL01-AC
598495;05/05/2024;domingo;18:50:00;RS;386;344,1;LAJEADO;Ausência de reação do condutor;Colisão frontal;Com Vítimas Feridas;Plena Noite;Decrescente;Nublado;Dupla;Reta;Sim;2;0;2;0;0;0;2;2;-29,439268;-51,993633;SPRF-RS;DEL04-RS;UOP01-DEL04-RS
598496;05/05/2024;domingo;17:30:00;MG;262;354;BETIM;Manobra de mudança de faixa;Colisão traseira;Com Vítimas Feridas;Anoitecer;Decrescente;Céu Claro;Dupla;"Reta;Aclive";Não;2;0;1;0;1;0;1;2;-19,96216513;-44,16346396;SPRF-MG;DEL01-MG;UOP03-DEL01-MG
598497;05/05/2024;domingo;12:39:00;RJ;116;104;GUAPIMIRIM;Acumulo de óleo sobre o pavimento;Queda de ocupante de veículo;Com Vítimas Feridas;Pleno dia;Crescente;Céu Claro;Simples;"Aclive;Curva";Não;1;0;1;0;0;0;1;1;-22,50841847;-42,99821493;SPRF-RJ;DEL04-RJ;UOP01-DEL04-RJ
598498;05/05/2024;domingo;13:30:00;RJ;116;34;SAPUCAIA;Ausência de reação do condutor;Queda de ocupante de veículo;Com Vítimas Feridas;Pleno dia;Crescente;Céu Claro;Simples;Curva;Não;1;0;1;0;0;0;1;1;-22,09396197;-42,80688484;SPRF-RJ;DEL05-RJ;UOP01-DEL05-RJ