id;data_inversa;dia_semana;horario;uf;br;km;municipio;causa_acidente;tipo_acidente;classificacao_acidente;fase_dia;sentido_via;condicao_metereologica;tipo_pista;tracado_via;uso_solo;pessoas;mortos;feridos_leves;feridos_graves;ilesos;ignorados;feridos;veiculos;latitude;longitude;regional;delegacia;uop
598622;06/05/2024;segunda-feira;09:00:00;BA;116;15,4;VITORIA DA CONQUISTA;Desrespeitar a preferência no cruzamento;Colisão transversal;Com Vítimas Feridas;Pleno dia;Decrescente;Nublado;Simples;"Interseção de Vias;Reta";Não;3;0;1;0;0;2;1;3;-14,90043783;-40,85348792;SPRF-BA;DEL08-BA;UOP01-DEL08-BA
598623;06/05/2024;segunda-feira;10:20:00;PE;101;67,9;RECIFE;Acumulo de óleo sobre o pavimento;Queda de ocupante de veículo;Com Vítimas Feridas;Pleno dia;Crescente;Céu Claro;Múltipla;"Reta;Viaduto";Sim;2;0;2;0;0;0;2;1;-8,042334;-34,943096;SPRF-PE;DEL01-PE;UOP01-DEL01-PE
598624;03/05/2024;sexta-feira;05:30:00;SC;101;117;ITAJAI;Ingestão de álcool pelo condutor;Colisão com objeto;Sem Vítimas;Amanhecer;Crescente;Nublado;Múltipla;Reta;Não;1;0;0;0;0;1;0;1;-26,88747187;-48,72252969;SPRF-SC;DEL04-SC;UOP04-DEL04-SC
598625;06/05/2024;segunda-feira;10:10:00;GO;60;220;CEZARINA;Manobra de mudança de faixa;Colisão lateral mesmo sentido;Sem Vítimas;Pleno dia;Crescente;Céu Claro;Dupla;Reta;Não;3;0;0;0;3;0;0;2;-16,9809;-49,7475;SPRF-GO;DEL01-GO;UOP02-DEL01-GO
598626;11/01/2024;quinta-feira;17:00:00;SC;101;137;BALNEARIO CAMBORIU;Acessar a via sem observar a presença dos outros veículos;Colisão lateral mesmo sentido;Com Vítimas Feridas;Pleno dia;Decrescente;Nublado;Dupla;Reta;Sim;3;0;1;0;1;1;1;3;-27,0157238;-48,61192763;SPRF-SC;DEL04-SC;UOP03-DEL04-SC
598627;06/05/2024;segunda-feira;09:45:00;PR;369;148;LONDRINA;Acumulo de óleo sobre o pavimento;Colisão lateral mesmo sentido;Com Vítimas Feridas;Pleno dia;Decrescente;Céu Claro;Dupla;"Reta;Interseção de Vias";Sim;2;0;1;0;1;0;1;2;-23,29303941;-51,14321887;SPRF-PR;DEL07-PR;UOP01-DEL07-PR
598628;06/05/2024;segunda-feira;09:50:00;PR;476;118,4;COLOMBO;Pedestre cruzava a pista fora da faixa;Atropelamento de Pedestre;Com Vítimas Feridas;Pleno dia;Crescente;Sol;Dupla;"Reta;Declive";Sim;2;0;0;2;0;0;2;2;-25,3588588;-49,1815649;SPRF-PR;DEL01-PR;UOP01-DEL01-PR
598629;06/05/2024;segunda-feira;09:15:00;BA;116;659;JEQUIE;Demais falhas mecânicas ou elétricas;Saída de leito carroçável;Sem Vítimas;Pleno dia;Crescente;Nublado;Simples;Reta;Não;4;0;0;0;4;0;0;1;-13,69872102;-40,09655721;SPRF-BA;DEL03-BA;UOP01-DEL03-BA
598631;06/05/2024;segunda-feira;07:20:00;MG;116;517;UBAPORANGA;Demais falhas mecânicas ou elétricas;Tombamento;Com Vítimas Feridas;Pleno dia;Crescente;Nublado;Simples;Reta;Não;2;0;2;0;0;0;2;1;-19,70492713;-42,11720373;SPRF-MG;DEL06-MG;UOP02-DEL06-MG
598634;06/05/2024;segunda-feira;09:00:00;BA;135;148;RIACHAO DAS NEVES;Demais falhas mecânicas ou elétricas;Incêndio;Sem Vítimas;Pleno dia;Crescente;Céu Claro;Simples;Reta;Não;1;0;0;0;1;0;0;1;-11,92201132;-44,89037668;SPRF-BA;DEL08-BA;N/A
598635;06/05/2024;segunda-feira;10:45:00;MG;116;414,4;GOVERNADOR VALADARES;Desrespeitar a preferência no cruzamento;Colisão transversal;Com Vítimas Feridas;Pleno dia;Decrescente;Céu Claro;Simples;Retorno Regulamentado;Sim;2;0;1;0;1;0;1;2;-18,88401297;-41,94924399;SPRF-MG;DEL06-MG;UOP01-DEL06-MG
598637;06/05/2024;segunda-feira;10:20:00;PI;316;21;TERESINA;Condutor deixou de manter distância do veículo da frente;Colisão traseira;Com Vítimas Feridas;Pleno dia;Decrescente;Sol;Múltipla;Reta;Não;2;0;1;0;1;0;1;2;-5,26746306;-42,72741334;SPRF-PI;DEL01-PI;UOP02-DEL01-PI
598639;06/05/2024;segunda-feira;07:40:00;MT;70;720;CACERES;Animais na Pista;Atropelamento de Animal;Com Vítimas Feridas;Pleno dia;Decrescente;Céu Claro;Simples;Reta;Não;1;0;1;0;0;0;1;1;-16,20833594;-57,57476078;SPRF-MT;DEL03-MT;UOP01-DEL03-MT
598640;06/05/2024;segunda-feira;11:00:00;GO;20;4;FORMOSA;Reação tardia ou ineficiente do condutor;Colisão lateral mesmo sentido;Com Vítimas Feridas;Pleno dia;Decrescente;Céu Claro;Simples;Reta;Sim;2;0;1;0;1;0;1;2;-15,561395;-47,313698;SPRF-DF;DEL02-DF;UOP02-DEL02-DF
598641;06/05/2024;segunda-feira;09:50:00;RJ;40;99;DUQUE DE CAXIAS;Condutor Dormindo;Saída de leito carroçável;Com Vítimas Feridas;Pleno dia;Crescente;Céu Claro;Simples;Reta;Sim;1;0;1;0;0;0;1;1;-22,58585204;-43,27716391;SPRF-RJ;DEL01-RJ;UOP01-DEL01-RJ
598643;06/05/2024;segunda-feira;12:00:00;SE;235;56;ITABAIANA;Ausência de reação do condutor;Colisão traseira;Com Vítimas Feridas;Pleno dia;Crescente;Nublado;Simples;Reta;Não;4;0;2;0;2;0;2;2;-10,658644;-37,448425;SPRF-SE;DEL01-SE;UOP02-DEL01-SE
598647;06/05/2024;segunda-feira;11:40:00;SP;381;60;MAIRIPORA;Pista Escorregadia;Tombamento;Com Vítimas Feridas;Pleno dia;Decrescente;Céu Claro;Dupla;Curva;Não;1;0;1;0;0;0;1;1;-23,28957673;-46,58729853;SPRF-SP;DEL03-SP;UOP01-DEL03-SP
598648;06/05/2024;segunda-feira;12:25:00;SC;282;16,4;PALHOCA;Acessar a via sem observar a presença dos outros veículos;Colisão transversal;Com Vítimas Feridas;Pleno dia;Crescente;Céu Claro;Simples;Reta;Sim;2;0;0;1;1;0;1;2;-27,658611;-48,681847;SPRF-SC;DEL01-SC;UOP02-DEL01-SC
598650;31/03/2024;domingo;11:10:00;PR;277;495;GUARANIACU;Transitar na contramão;Colisão frontal;Com Vítimas Feridas;Pleno dia;Crescente;Sol;Simples;"Interseção de Vias;Curva;Aclive";Sim;10;0;7;2;0;1;9;3;-25,20085392;-52,65444353;SPRF-PR;DEL04-PR;UOP04-DEL04-PR
598652;06/05/2024;segunda-feira;12:45:00;MG;50;48,1;ARAGUARI;Ausência de reação do condutor;Colisão lateral mesmo sentido;Com Vítimas Feridas;Pleno dia;Decrescente;Céu Claro;Dupla;"Aclive;Curva";Não;2;0;1;0;1;0;1;2;-18,72799811;-48,20659169;SPRF-MG;DEL15-MG;UOP02-DEL15-MG
598653;06/05/2024;segunda-feira;12:15:00;RJ;393;243,5;VASSOURAS;Velocidade Incompatível;Colisão lateral sentido oposto;Sem Vítimas;Pleno dia;Decrescente;Céu Claro;Simples;Curva;Não;2;0;0;0;1;1;0;2;-22,43047331;-43,69980995;SPRF-RJ;DEL05-RJ;UOP04-DEL05-RJ
598654;06/05/2024;segunda-feira;13:38:00;MG;381;483,6;BETIM;Ausência de reação do condutor;Colisão com objeto;Com Vítimas Feridas;Pleno dia;Decrescente;Céu Claro;Múltipla;"Reta;Aclive";Não;1;0;1;0;0;0;1;1;-19,95594491;-44,10721699;SPRF-MG;DEL01-MG;UOP03-DEL01-MG
598655;16/04/2024;terça-feira;17:31:00;PE;428;191;PETROLINA;Acessar a via sem observar a presença dos outros veículos;Colisão lateral mesmo sentido;Com Vítimas Feridas;Anoitecer;Crescente;Céu Claro;Múltipla;Reta;Sim;2;0;1;0;1;0;1;2;-9,37766429;-40,50269795;SPRF-PE;DEL06-PE;UOP01-DEL06-PE
598656;06/05/2024;segunda-feira;10:00:00;MA;135;5,4;SAO LUIS;Reação tardia ou ineficiente do condutor;Colisão traseira;Com Vítimas Feridas;Pleno dia;Crescente;Sol;Dupla;Reta;Sim;2;0;0;1;1;0;1;2;-2,62145385;-44,25797421;SPRF-MA;DEL01-MA;UOP01-DEL01-MA
598658;06/05/2024;segunda-feira;13:45:00;PR;116;16;COLOMBO;Acesso irregular;Colisão traseira;Com Vítimas Feridas;Pleno dia;Crescente;Céu Claro;Simples;Reta;Sim;2;0;1;0;1;0;1;2;-25,3874;-49,1774;SPRF-PR;DEL01-PR;UOP02-DEL01-PR
598660;06/05/2024;segunda-feira;14:10:00;PR;277;233,2;FERNANDES PINHEIRO;Ausência de reação do condutor;Colisão traseira;Com Vítimas Feridas;Pleno dia;Decrescente;Céu Claro;Simples;Reta;Não;5;0;2;0;3;0;2;2;-25,47255;-50,488056;SPRF-PR;DEL08-PR;UOP02-DEL08-PR
598663;06/05/2024;segunda-feira;14:00:00;MG;40;525;CONTAGEM;Transitar no Acostamento;Colisão lateral mesmo sentido;Com Vítimas Feridas;Pleno dia;Decrescente;Nublado;Dupla;"Reta;Declive";Sim;2;0;1;0;1;0;1;2;-19,88361702;-44,05039336;SPRF-MG;DEL01-MG;UOP02-DEL01-MG
598666;06/05/2024;segunda-feira;11:10:00;PR;369;181;ARAPONGAS;Ausência de reação do condutor;Capotamento;Com Vítimas Feridas;Pleno dia;Decrescente;Céu Claro;Simples;Curva;Não;1;0;1;0;0;0;1;1;-23,375736;-51,414618;SPRF-PR;DEL07-PR;UOP03-DEL07-PR
598667;06/05/2024;segunda-feira;15:00:00;SP;153;75,1;BADY BASSITT;Ausência de reação do condutor;Colisão traseira;Com Vítimas Feridas;Pleno dia;Crescente;Céu Claro;Dupla;Aclive;Não;2;0;1;0;1;0;1;2;-20,89418221;-49,43387582;SPRF-SP;DEL09-SP;UOP01-DEL09-SP
598668;03/05/2024;sexta-feira;06:45:00;RJ;40;111;DUQUE DE CAXIAS;Acumulo de areia ou detritos sobre o pavimento;Queda de ocupante de veículo;Com Vítimas Feridas;Pleno dia;Crescente;Céu Claro;Dupla;Reta;Não;1;0;1;0;0;0;1;1;-22,691868;-43,287453;SPRF-RJ;DEL01-RJ;UOP02-DEL01-RJ
598669;06/05/2024;segunda-feira;14:20:00;ES;259;93;BAIXO GUANDU;Avarias e/ou desgaste excessivo no pneu;Queda de ocupante de veículo;Com Vítimas Feridas;Pleno dia;Crescente;Céu Claro;Simples;Reta;Não;1;0;1;0;0;0;1;1;-19,50636034;-40,93463713;SPRF-ES;DEL02-ES;UOP01-DEL02-ES
598671;06/05/2024;segunda-feira;15:15:00;SP;116;221,3;GUARULHOS;Velocidade Incompatível;Colisão traseira;Com Vítimas Feridas;Pleno dia;Decrescente;Céu Claro;Múltipla;Reta;Sim;4;0;1;0;3;0;1;2;-23,46802395;-46,50704901;SPRF-SP;DEL01-SP;UOP01-DEL01-SP
598673;06/05/2024;segunda-feira;15:30:00;BA;116;441;ANTONIO CARDOSO;Demais falhas mecânicas ou elétricas;Queda de ocupante de veículo;Com Vítimas Feridas;Pleno dia;Crescente;Céu Claro;Dupla;Reta;Não;2;0;2;0;0;0;2;1;-12,33163605;-39,06586497;SPRF-BA;DEL02-BA;UOP01-DEL02-BA
598674;06/05/2024;segunda-feira;11:20:00;MA;402;5,4;ROSARIO;Velocidade Incompatível;Colisão transversal;Com Vítimas Fatais;Pleno dia;Decrescente;Céu Claro;Simples;Reta;Não;8;2;0;0;0;6;0;2;-2,950777;-44,28315;SPRF-MA;DEL01-MA;UOP01-DEL01-MA
598675;06/05/2024;segunda-feira;11:00:00;RO;425;80;NOVA MAMORE;Transitar na contramão;Colisão frontal;Com Vítimas Feridas;Pleno dia;Crescente;Sol;Simples;Reta;Não;2;0;0;1;1;0;1;2;-10,238111;-65,285896;SPRF-RO;DEL01-RO;UOP03-DEL01-RO
598676;06/05/2024;segunda-feira;08:30:00;ES;262;75;DOMINGOS MARTINS;Velocidade Incompatível;Saída de leito carroçável;Com Vítimas Feridas;Pleno dia;Crescente;Garoa/Chuvisco;Simples;Curva;Não;1;0;1;0;0;0;1;1;-20,414181;-40,907342;SPRF-ES;DEL01-ES;UOP02-DEL01-ES
598677;06/05/2024;segunda-feira;11:30:00;ES;262;105;VENDA NOVA DO IMIGRANTE;Reação tardia ou ineficiente do condutor;Colisão transversal;Com Vítimas Feridas;Pleno dia;Crescente;Nublado;Simples;"Reta;Interseção de Vias";Sim;2;0;0;1;1;0;1;2;-20,32624656;-41,13598921;SPRF-ES;DEL01-ES;UOP02-DEL01-ES
598678;06/05/2024;segunda-feira;10:30:00;MG;116;333;CAMPANARIO;Chuva;Saída de leito carroçável;Com Vítimas Feridas;Pleno dia;Decrescente;Chuva;Simples;Curva;Não;1;0;0;1;0;0;1;1;-18,26721;-41,73622;SPRF-MG;DEL11-MG;UOP01-DEL11-MG
598680;06/05/2024;segunda-feira;15:00:00;PA;230;113;MARABA;Ausência de reação do condutor;Colisão traseira;Com Vítimas Feridas;Pleno dia;Decrescente;Céu Claro;Simples;Reta;Não;2;0;0;1;1;0;1;2;-5,36689576;-49,05750094;SPRF-PA;DEL03-PA;UOP01-DEL03-PA
598681;06/05/2024;segunda-feira;15:45:00;SC;282;501,4;XANXERE;Desrespeitar a preferência no cruzamento;Colisão transversal;Com Vítimas Feridas;Pleno dia;Crescente;Sol;Dupla;"Reta;Interseção de Vias";Sim;2;0;1;0;1;0;1;2;-26,882715;-52,381729;SPRF-SC;DEL07-SC;UOP01-DEL07-SC
598682;28/04/2024;domingo;20:30:00;RJ;101;297,3;ITABORAI;Acessar a via sem observar a presença dos outros veículos;Queda de ocupante de veículo;Com Vítimas Feridas;Plena Noite;Crescente;Céu Claro;Dupla;Curva;Não;4;0;2;0;0;2;2;3;-22,76942037;-42,91873581;SPRF-RJ;DEL02-RJ;UOP02-DEL02-RJ
598683;17/01/2024;quarta-feira;08:26:00;TO;10;455;PALMAS;Ausência de reação do condutor;Queda de ocupante de veículo;Com Vítimas Feridas;Pleno dia;Crescente;Céu Claro;Múltipla;Reta;Sim;1;0;0;1;0;0;1;1;-10,30629339;-48,29707861;SPRF-TO;DEL01-TO;UOP03-DEL01-TO
598684;06/05/2024;segunda-feira;14:00:00;MG;116;310;ITAMBACURI;Reação tardia ou ineficiente do condutor;Colisão lateral mesmo sentido;Com Vítimas Feridas;Pleno dia;Decrescente;Nublado;Simples;"Reta;Em Obras";Não;10;0;1;2;7;0;3;4;-18,06936519;-41,67662169;SPRF-MG;DEL11-MG;UOP01-DEL11-MG
598687;06/05/2024;segunda-feira;16:48:00;TO;153;141;ARAGUAINA;Reação tardia ou ineficiente do condutor;Colisão traseira;Com Vítimas Feridas;Pleno dia;Crescente;Céu Claro;Múltipla;Reta;Sim;2;0;1;0;1;0;1;2;-7,175959;-48,219548;SPRF-TO;DEL02-TO;UOP01-DEL02-TO
598691;06/05/2024;segunda-feira;15:57:00;ES;101;143;LINHARES;Acessar a via sem observar a presença dos outros veículos;Colisão traseira;Com Vítimas Feridas;Pleno dia;Crescente;Céu Claro;Dupla;Reta;Sim;1;0;1;0;0;0;1;1;-19,34286596;-40,0638568;SPRF-ES;DEL04-ES;UOP01-DEL04-ES
598695;06/05/2024;segunda-feira;17:30:00;SP;116;385;MIRACATU;Reação tardia ou ineficiente do condutor;Colisão transversal;Com Vítimas Feridas;Pleno dia;Decrescente;Céu Claro;Dupla;"Retorno Regulamentado;Interseção de Vias";Não;5;0;1;2;2;0;3;2;-24,254993;-47,375412;SPRF-SP;DEL04-SP;UOP02-DEL04-SP
598696;06/05/2024;segunda-feira;16:24:00;TO;235;172;TUPIRAMA;Transitar na contramão;Colisão frontal;Com Vítimas Fatais;Pleno dia;Crescente;Céu Claro;Simples;Reta;Não;2;1;0;0;1;0;0;2;-8,96907773;-48,23964184;SPRF-TO;DEL02-TO;UOP02-DEL02-TO
598697;06/05/2024;segunda-feira;17:10:00;SC;101;207;SAO JOSE;Entrada inopinada do pedestre;Atropelamento de Pedestre;Com Vítimas Feridas;Anoitecer;Decrescente;Céu Claro;Dupla;"Reta;Interseção de Vias";Sim;2;0;1;0;1;0;1;2;-27,60001226;-48,6226467;SPRF-SC;DEL01-SC;UOP01-DEL01-SC
598698;06/05/2024;segunda-feira;17:00:00;RJ;116;81;TERESOPOLIS;Pedestre cruzava a pista fora da faixa;Atropelamento de Pedestre;Com Vítimas Feridas;Anoitecer;Decrescente;Céu Claro;Simples;Reta;Sim;2;0;1;0;1;0;1;2;-22,39843405;-42,95507553;SPRF-RJ;DEL04-RJ;UOP01-DEL04-RJ
598699;06/05/2024;segunda-feira;17:20:00;GO;153;518;HIDROLANDIA;Demais falhas mecânicas ou elétricas;Tombamento;Com Vítimas Feridas;Anoitecer;Decrescente;Céu Claro;Dupla;"Reta;Aclive";Não;2;0;0;1;0;1;1;2;-16,867;-49,2505;SPRF-GO;DEL01-GO;UOP03-DEL01-GO
598700;06/05/2024;segunda-feira;17:10:00;MG;381;5,4;BETIM;Demais falhas mecânicas ou elétricas;Tombamento;Com Vítimas Feridas;Anoitecer;Decrescente;Céu Claro;Dupla;Reta;Não;2;0;2;0;0;0;2;1;-19,98219514;-44,16217804;SPRF-MG;DEL01-MG;UOP03-DEL01-MG
598701;06/05/2024;segunda-feira;17:00:00;MG;153;2,9;ARAPORA;Manobra de mudança de faixa;Colisão traseira;Com Vítimas Feridas;Anoitecer;Decrescente;Céu Claro;Dupla;"Reta;Retorno Regulamentado";Não;4;0;0;1;3;0;1;2;-18,4343521;-49,19082831;SPRF-MG;DEL15-MG;UOP03-DEL15-MG
598704;06/05/2024;segunda-feira;18:20:00;PE;101;70;RECIFE;Chuva;Queda de ocupante de veículo;Com Vítimas Feridas;Plena Noite;Decrescente;Chuva;Dupla;Reta;Sim;2;0;2;0;0;0;2;1;-8,0713;-34,939033;SPRF-PE;DEL01-PE;UOP01-DEL01-PE
598705;06/05/2024;segunda-feira;17:00:00;MT;70;278;PRIMAVERA DO LESTE;Condutor deixou de manter distância do veículo da frente;Colisão traseira;Sem Vítimas;Pleno dia;Decrescente;Céu Claro;Simples;Reta;Sim;2;0;0;0;1;1;0;2;-15,55739918;-54,27981896;SPRF-MT;DEL05-MT;UOP01-DEL05-MT
598708;06/05/2024;segunda-feira;18:21:00;SC;101;225,8;PALHOCA;Demais falhas mecânicas ou elétricas;Queda de ocupante de veículo;Com Vítimas Feridas;Pleno dia;Crescente;Céu Claro;Dupla;Reta;Não;1;0;1;0;0;0;1;1;-27,73292191;-48,6409567;SPRF-SC;DEL01-SC;UOP02-DEL01-SC
598710;06/05/2024;segunda-feira;17:55:00;PE;407;122,7;PETROLINA;Acessar a via sem observar a presença dos outros veículos;Colisão transversal;Com Vítimas Feridas;Plena Noite;Decrescente;Céu Claro;Simples;"Reta;Em Obras";Sim;3;0;2;0;1;0;2;2;-9,35788554;-40,54809093;SPRF-PE;DEL06-PE;UOP01-DEL06-PE
598711;06/05/2024;segunda-feira;18:30:00;SC;101;138,8;BALNEARIO CAMBORIU;Objeto estático sobre o leito carroçável;Colisão com objeto;Com Vítimas Feridas;Plena Noite;Decrescente;Céu Claro;Dupla;Reta;Não;1;0;1;0;0;0;1;1;-27,02397426;-48,60761649;SPRF-SC;DEL04-SC;UOP03-DEL04-SC
598712;06/05/2024;segunda-feira;17:50:00;DF;70;5;BRASILIA;Ausência de reação do condutor;Colisão traseira;Com Vítimas Feridas;Anoitecer;Crescente;Céu Claro;Dupla;Reta;Sim;3;0;2;0;1;0;2;2;-15,794656;-48,096779;SPRF-DF;DEL03-DF;UOP02-DEL03-DF
598713;06/05/2024;segunda-feira;18:55:00;DF;20;5;BRASILIA;Ingestão de álcool pelo condutor;Colisão traseira;Sem Vítimas;Plena Noite;Crescente;Céu Claro;Dupla;Reta;Sim;2;0;0;0;2;0;0;2;-15,670546;-47,816044;SPRF-DF;DEL02-DF;UOP01-DEL02-DF
598714;06/05/2024;segunda-feira;17:55:00;MS;163;484;CAMPO GRANDE;Acesso irregular;Colisão transversal;Com Vítimas Feridas;Plena Noite;Crescente;Nublado;Simples;Reta;Não;2;0;2;0;0;0;2;2;-20,45104898;-54,5403266;SPRF-MS;DEL01-MS;UOP02-DEL01-MS
598715;06/05/2024;segunda-feira;19:00:00;PE;407;124;PETROLINA;Acessar a via sem observar a presença dos outros veículos;Colisão transversal;Com Vítimas Feridas;Plena Noite;Decrescente;Céu Claro;Dupla;Rotatória;Não;2;0;1;0;1;0;1;2;-9,37536267;-40,53773761;SPRF-PE;DEL06-PE;UOP01-DEL06-PE
598716;06/05/2024;segunda-feira;19:00:00;PR;277;76;SAO JOSE DOS PINHAIS;Trafegar com motocicleta (ou similar) entre as faixas;Colisão lateral mesmo sentido;Com Vítimas Feridas;Plena Noite;Crescente;Céu Claro;Dupla;Reta;Sim;3;0;1;0;2;0;1;3;-25,489793;-49,176244;SPRF-PR;DEL01-PR;UOP07-DEL01-PR
598717;06/05/2024;segunda-feira;18:30:00;GO;153;530;HIDROLANDIA;Transitar na contramão;Colisão frontal;Com Vítimas Feridas;Plena Noite;Decrescente;Céu Claro;Dupla;"Interseção de Vias;Reta";Sim;2;0;0;1;1;0;1;2;-16,9677;-49,2331;SPRF-GO;DEL01-GO;UOP03-DEL01-GO
598718;06/05/2024;segunda-feira;18:25:00;RJ;393;285;VOLTA REDONDA;Desrespeitar a preferência no cruzamento;Colisão transversal;Com Vítimas Feridas;Plena Noite;Crescente;Céu Claro;Simples;Curva;Sim;2;0;1;0;1;0;1;2;-22,5054212;-44,0729781;SPRF-RJ;DEL05-RJ;UOP04-DEL05-RJ
598719;06/05/2024;segunda-feira;18:35:00;SC;480;124,8;CHAPECO;Velocidade Incompatível;Colisão traseira;Com Vítimas Feridas;Plena Noite;Decrescente;Céu Claro;Dupla;Reta;Não;2;0;0;1;1;0;1;2;-27,00359519;-52,64391044;SPRF-SC;DEL07-SC;UOP01-DEL07-SC
598720;06/05/2024;segunda-feira;19:30:00;SC;101;110,6;PENHA;Demais falhas mecânicas ou elétricas;Queda de ocupante de veículo;Com Vítimas Feridas;Plena Noite;Decrescente;Céu Claro;Dupla;Curva;Sim;1;0;1;0;0;0;1;1;-26,83477;-48,706151;SPRF-SC;DEL04-SC;UOP04-DEL04-SC
598721;06/05/2024;segunda-feira;19:10:00;MG;116;702,3;MURIAE;Desrespeitar a preferência no cruzamento;Colisão transversal;Com Vítimas Feridas;Plena Noite;Decrescente;Céu Claro;Simples;Interseção de Vias;Sim;3;0;1;0;1;1;1;3;-21,11938311;-42,38006362;SPRF-MG;DEL07-MG;UOP02-DEL07-MG
598722;06/05/2024;segunda-feira;19:25:00;SC;101;213;PALHOCA;Trafegar com motocicleta (ou similar) entre as faixas;Colisão lateral mesmo sentido;Com Vítimas Feridas;Pleno dia;Crescente;Céu Claro;Múltipla;Reta;Sim;4;0;2;1;1;0;3;3;-27,63697369;-48,66514142;SPRF-SC;DEL01-SC;UOP02-DEL01-SC
598723;06/05/2024;segunda-feira;18:40:00;RJ;40;112;DUQUE DE CAXIAS;Ausência de reação do condutor;Tombamento;Com Vítimas Feridas;Plena Noite;Crescente;Céu Claro;Múltipla;"Reta;Aclive";Sim;2;0;1;0;1;0;1;2;-22,7004454;-43,29014851;SPRF-RJ;DEL01-RJ;UOP02-DEL01-RJ
598724;06/05/2024;segunda-feira;19:05:00;PR;369;132,5;IBIPORA;Demais falhas mecânicas ou elétricas;Queda de ocupante de veículo;Com Vítimas Feridas;Plena Noite;Crescente;Céu Claro;Dupla;Reta;Não;2;0;2;0;0;0;2;1;-23,26057314;-51,0025692;SPRF-PR;DEL07-PR;UOP01-DEL07-PR
598725;06/05/2024;segunda-feira;18:40:00;RJ;356;170;SAO JOAO DA BARRA;Acessar a via sem observar a presença dos outros veículos;Colisão transversal;Com Vítimas Feridas;Plena Noite;Crescente;Céu Claro;Simples;Reta;Sim;2;0;1;1;0;0;2;2;-21,71848947;-41,07761;SPRF-RJ;DEL08-RJ;UOP02-DEL08-RJ
598726;06/05/2024;segunda-feira;17:01:00;RO;364;341;JI-PARANA;Reação tardia ou ineficiente do condutor;Colisão traseira;Com Vítimas Feridas;Pleno dia;Decrescente;Céu Claro;Dupla;Reta;Sim;2;0;0;1;1;0;1;2;-10,88987987;-61,93126772;SPRF-RO;DEL02-RO;UOP01-DEL02-RO
598728;06/05/2024;segunda-feira;19:00:00;RJ;465;14;SEROPEDICA;Ultrapassagem Indevida;Colisão transversal;Com Vítimas Feridas;Plena Noite;Decrescente;Céu Claro;Simples;Reta;Não;2;0;1;0;1;0;1;2;-22,804979;-43,638828;SPRF-RJ;DEL06-RJ;UOP02-DEL06-RJ
598729;06/05/2024;segunda-feira;08:45:00;RJ;116;317;ITATIAIA;Reação tardia ou ineficiente do condutor;Colisão lateral mesmo sentido;Com Vítimas Feridas;Amanhecer;Decrescente;Céu Claro;Dupla;"Reta;Declive";Sim;2;0;1;0;1;0;1;2;-22,46708478;-44,50067002;SPRF-RJ;DEL07-RJ;UOP02-DEL07-RJ
598730;06/05/2024;segunda-feira;19:15:00;MG;267;153,4;LIMA DUARTE;Acessar a via sem observar a presença dos outros veículos;Atropelamento de Pedestre;Com Vítimas Feridas;Pleno dia;Crescente;Céu Claro;Simples;Reta;Sim;2;0;0;1;1;0;1;2;-21,83127186;-43,75733019;SPRF-MG;DEL05-MG;UOP01-DEL05-MG
598731;06/05/2024;segunda-feira;19:00:00;BA;110;365;CATU;Ultrapassagem Indevida;Saída de leito carroçável;Sem Vítimas;Plena Noite;Decrescente;Céu Claro;Simples;"Curva;Declive";Não;1;0;0;0;1;0;0;1;-12,40218146;-38,38093209;SPRF-BA;DEL01-BA;UOP04-DEL01-BA
598732;06/05/2024;segunda-feira;20:20:00;ES;101;6,5;SERRA;Animais na Pista;Atropelamento de Animal;Com Vítimas Feridas;Plena Noite;Decrescente;Céu Claro;Dupla;Viaduto;Não;1;0;0;1;0;0;1;1;-20,129093;-40,308125;SPRF-ES;DEL02-ES;UOP01-DEL02-ES
598734;06/05/2024;segunda-feira;19:20:00;MA;316;267;SANTA INES;Ingestão de álcool pelo condutor;Eventos atípicos;Com Vítimas Feridas;Plena Noite;Crescente;Céu Claro;Simples;Reta;Não;2;0;2;0;0;0;2;2;-3,686531;-45,339451;SPRF-MA;DEL02-MA;UOP01-DEL02-MA
598735;06/05/2024;segunda-feira;19:40:00;PB;230;1;CABEDELO;Ultrapassagem Indevida;Colisão transversal;Com Vítimas Feridas;Plena Noite;Decrescente;Céu Claro;Simples;Reta;Sim;2;0;1;0;1;0;1;2;-6,97697157;-34,83126283;SPRF-PB;DEL01-PB;UOP01-DEL01-PB
598736;06/05/2024;segunda-feira;19:45:00;ES;101;255;SERRA;Desrespeitar a preferência no cruzamento;Colisão transversal;Com Vítimas Feridas;Plena Noite;Crescente;Nublado;Simples;Retorno Regulamentado;Sim;2;0;2;0;0;0;2;2;-20,11487935;-40,31943619;SPRF-ES;DEL02-ES;UOP01-DEL02-ES
598737;06/05/2024;segunda-feira;20:00:00;PR;116;211;RIO NEGRO;Ausência de reação do condutor;Eventos atípicos;Com Vítimas Feridas;Plena Noite;Decrescente;Céu Claro;Simples;Interseção de Vias;Sim;4;0;0;1;0;3;1;3;-26,10000967;-49,78059232;SPRF-SC;DEL06-SC;UOP01-DEL06-SC
598740;06/05/2024;segunda-feira;21:08:00;PI;343;340;TERESINA;Acessar a via sem observar a presença dos outros veículos;Colisão lateral mesmo sentido;Com Vítimas Feridas;Plena Noite;Crescente;Céu Claro;Dupla;"Reta;Retorno Regulamentado";Não;2;0;1;0;1;0;1;2;-5,074137;-42,73629;SPRF-PI;DEL01-PI;UOP01-DEL01-PI