id;data_inversa;dia_semana;horario;uf;br;km;municipio;causa_acidente;tipo_acidente;classificacao_acidente;fase_dia;sentido_via;condicao_metereologica;tipo_pista;tracado_via;uso_solo;pessoas;mortos;feridos_leves;feridos_graves;ilesos;ignorados;feridos;veiculos;latitude;longitude;regional;delegacia;uop
598868;07/05/2024;terça-feira;12:15:00;MG;262;437,1;NOVA SERRANA;Demais falhas mecânicas ou elétricas;Tombamento;Com Vítimas Feridas;Pleno dia;Crescente;Sol;Dupla;Curva;Sim;1;0;1;0;0;0;1;1;-19,89622194;-44,86972815;SPRF-MG;DEL08-MG;UOP03-DEL08-MG
598869;07/05/2024;terça-feira;15:25:00;MS;158;289;TRES LAGOAS;Ingestão de álcool pelo condutor;Tombamento;Com Vítimas Feridas;Pleno dia;Crescente;Céu Claro;Simples;Reta;Não;1;0;1;0;0;0;1;1;-20,899132;-51,764786;SPRF-MS;DEL07-MS;UOP01-DEL07-MS
598870;07/05/2024;terça-feira;15:45:00;SC;101;360,1;SANGAO;Ultrapassagem Indevida;Colisão transversal;Com Vítimas Feridas;Pleno dia;Crescente;Céu Claro;Múltipla;Reta;Sim;2;0;1;0;1;0;1;2;-28,65823109;-49,10991486;SPRF-SC;DEL02-SC;UOP01-DEL02-SC
598871;07/05/2024;terça-feira;16:10:00;SC;101;212,9;PALHOCA;Avarias e/ou desgaste excessivo no pneu;Tombamento;Com Vítimas Feridas;Pleno dia;Crescente;Céu Claro;Múltipla;Reta;Sim;2;0;2;0;0;0;2;1;-27,62996929;-48,65903871;SPRF-SC;DEL01-SC;UOP02-DEL01-SC
598872;07/05/2024;terça-feira;15:25:00;SC;101;37,3;JOINVILLE;Condutor Dormindo;Colisão com objeto;Com Vítimas Feridas;Pleno dia;Decrescente;Céu Claro;Dupla;Reta;Não;1;0;1;0;0;0;1;1;-26,25050176;-48,90863867;SPRF-SC;DEL03-SC;UOP01-DEL03-SC
598873;07/05/2024;terça-feira;13:30:00;BA;367;83,5;EUNAPOLIS;Acessar a via sem observar a presença dos outros veículos;Colisão transversal;Com Vítimas Feridas;Pleno dia;Decrescente;Céu Claro;Simples;"Interseção de Vias;Reta";Sim;2;0;1;0;1;0;1;2;-16,37256267;-39,57064408;SPRF-BA;DEL09-BA;UOP03-DEL09-BA
598874;07/05/2024;terça-feira;15:45:00;SC;470;10,1;NAVEGANTES;Acessar a via sem observar a presença dos outros veículos;Colisão frontal;Com Vítimas Feridas;Pleno dia;Crescente;Nublado;Dupla;"Interseção de Vias;Retorno Regulamentado;Reta";Não;3;0;0;3;0;0;3;2;-26,833693;-48,73724;SPRF-SC;DEL04-SC;UOP04-DEL04-SC
598875;07/05/2024;terça-feira;16:30:00;SC;101;135;BALNEARIO CAMBORIU;Acessar a via sem observar a presença dos outros veículos;Colisão transversal;Com Vítimas Feridas;Pleno dia;Crescente;Céu Claro;Múltipla;Reta;Sim;2;0;1;0;0;1;1;2;-27,0050108;-48,62677494;SPRF-SC;DEL04-SC;UOP03-DEL04-SC
598878;07/05/2024;terça-feira;16:30:00;PE;407;128;PETROLINA;Desrespeitar a preferência no cruzamento;Colisão transversal;Com Vítimas Feridas;Pleno dia;Crescente;Céu Claro;Dupla;Interseção de Vias;Sim;2;0;0;1;1;0;1;2;-9,39387565;-40,51133888;SPRF-PE;DEL06-PE;UOP01-DEL06-PE
598879;07/05/2024;terça-feira;17:18:00;RN;101;79,7;NATAL;Acessar a via sem observar a presença dos outros veículos;Colisão transversal;Com Vítimas Feridas;Anoitecer;Crescente;Céu Claro;Dupla;Reta;Sim;2;0;0;2;0;0;2;2;-5,74962896;-35,28918369;SPRF-RN;DEL02-RN;UOP01-DEL02-RN
598880;07/05/2024;terça-feira;17:30:00;RS;285;298;PASSO FUNDO;Desrespeitar a preferência no cruzamento;Colisão transversal;Com Vítimas Feridas;Anoitecer;Crescente;Céu Claro;Simples;Interseção de Vias;Sim;2;0;1;0;1;0;1;2;-28,236414;-52,423466;SPRF-RS;DEL08-RS;UOP03-DEL08-RS
598882;07/05/2024;terça-feira;16:30:00;RJ;40;106;DUQUE DE CAXIAS;Ultrapassagem Indevida;Colisão frontal;Com Vítimas Feridas;Pleno dia;Crescente;Céu Claro;Simples;Reta;Não;2;0;0;1;1;0;1;2;-22,64679;-43,283726;SPRF-RJ;DEL01-RJ;UOP02-DEL01-RJ
598883;07/05/2024;terça-feira;17:15:00;SC;101;5,2;ARARANGUA;Desrespeitar a preferência no cruzamento;Colisão lateral mesmo sentido;Com Vítimas Feridas;Pleno dia;Crescente;Céu Claro;Simples;Rotatória;Sim;2;0;1;0;1;0;1;2;-28,95798592;-49,51427579;SPRF-SC;DEL02-SC;UOP02-DEL02-SC
598885;07/05/2024;terça-feira;15:00:00;AM;319;44;CANUTAMA;Animais na Pista;Colisão com objeto;Com Vítimas Feridas;Pleno dia;Decrescente;Céu Claro;Simples;Reta;Não;1;0;0;1;0;0;1;1;-8,66914203;-63,99500728;SPRF-AM;DEL01-AM;UOP04-DEL01-AM
598888;07/05/2024;terça-feira;18:10:00;SC;101;204,7;SAO JOSE;Ausência de reação do condutor;Colisão traseira;Com Vítimas Feridas;Plena Noite;Decrescente;Céu Claro;Dupla;Reta;Sim;2;0;1;0;1;0;1;2;-27,57413014;-48,61363083;SPRF-SC;DEL01-SC;UOP01-DEL01-SC
598889;07/05/2024;terça-feira;18:30:00;SP;116;218;GUARULHOS;Ausência de reação do condutor;Engavetamento;Com Vítimas Feridas;Anoitecer;Decrescente;Céu Claro;Múltipla;"Reta;Em Obras";Sim;6;0;3;0;3;0;3;3;-23,457972;-46,479927;SPRF-SP;DEL01-SP;UOP01-DEL01-SP
598891;07/05/2024;terça-feira;18:20:00;CE;116;1,3;FORTALEZA;Condutor deixou de manter distância do veículo da frente;Colisão lateral mesmo sentido;Com Vítimas Feridas;Plena Noite;Crescente;Céu Claro;Múltipla;Interseção de Vias;Sim;2;0;1;0;1;0;1;2;-3,76159894;-38,51900662;SPRF-CE;DEL01-CE;UOP02-DEL01-CE
598892;07/05/2024;terça-feira;18:20:00;PI;343;589;FLORIANO;Acessar a via sem observar a presença dos outros veículos;Atropelamento de Pedestre;Com Vítimas Feridas;Plena Noite;Decrescente;Céu Claro;Simples;Reta;Sim;2;0;2;0;0;0;2;2;-6,776695;-43,009346;SPRF-PI;DEL03-PI;UOP01-DEL03-PI
598893;07/05/2024;terça-feira;19:00:00;MG;40;524,3;CONTAGEM;Pedestre - Ingestão de álcool/ substâncias psicoativas;Atropelamento de Pedestre;Com Vítimas Feridas;Plena Noite;Decrescente;Céu Claro;Dupla;Curva;Sim;2;0;0;1;1;0;1;2;-19,86874894;-44,05962197;SPRF-MG;DEL01-MG;UOP02-DEL01-MG
598896;07/05/2024;terça-feira;17:45:00;SC;101;209,8;SAO JOSE;Ausência de reação do condutor;Atropelamento de Pedestre;Com Vítimas Feridas;Plena Noite;Crescente;Céu Claro;Dupla;Reta;Sim;2;0;0;1;1;0;1;2;-27,61000542;-48,63895057;SPRF-SC;DEL01-SC;UOP01-DEL01-SC
598897;07/05/2024;terça-feira;18:55:00;BA;110;300;INHAMBUPE;Iluminação deficiente;Queda de ocupante de veículo;Com Vítimas Fatais;Plena Noite;Crescente;Céu Claro;Simples;Reta;Não;6;1;0;0;5;0;0;2;-11,94270591;-38,36817053;SPRF-BA;DEL01-BA;UOP04-DEL01-BA
598898;30/04/2024;terça-feira;07:40:00;RO;364;424,1;JARU;Condutor deixou de manter distância do veículo da frente;Colisão lateral mesmo sentido;Com Vítimas Feridas;Pleno dia;Decrescente;Céu Claro;Simples;Reta;Sim;2;0;1;0;1;0;1;2;-10,45220802;-62,46072003;SPRF-RO;DEL03-RO;UOP02-DEL03-RO
598899;07/05/2024;terça-feira;19:10:00;MG;116;499,8;INHAPIM;Velocidade Incompatível;Queda de ocupante de veículo;Com Vítimas Feridas;Plena Noite;Decrescente;Nublado;Simples;Reta;Não;1;0;1;0;0;0;1;1;-19,55247801;-42,12429712;SPRF-MG;DEL06-MG;UOP02-DEL06-MG
598901;07/05/2024;terça-feira;18:30:00;RJ;495;30;PETROPOLIS;Velocidade Incompatível;Colisão com objeto;Com Vítimas Feridas;Plena Noite;Crescente;Céu Claro;Simples;Reta;Sim;2;0;1;0;1;0;1;2;-22,385458;-43,129604;SPRF-RJ;DEL05-RJ;UOP02-DEL05-RJ
598902;07/05/2024;terça-feira;19:10:00;SC;282;18;PALHOCA;Pedestre cruzava a pista fora da faixa;Atropelamento de Pedestre;Com Vítimas Feridas;Plena Noite;Crescente;Céu Claro;Simples;Reta;Sim;4;0;2;0;1;1;2;4;-27,672798;-48,694286;SPRF-SC;DEL01-SC;UOP02-DEL01-SC
598904;07/05/2024;terça-feira;18:00:00;CE;20;370,9;MARANGUAPE;Reação tardia ou ineficiente do condutor;Colisão traseira;Com Vítimas Fatais;Anoitecer;Crescente;Céu Claro;Simples;Reta;Não;2;1;0;0;1;0;0;2;-3,98009832;-38,91178381;SPRF-CE;DEL02-CE;UOP01-DEL02-CE
598905;07/05/2024;terça-feira;19:00:00;RJ;116;185;NOVA IGUACU;Trafegar com motocicleta (ou similar) entre as faixas;Colisão lateral mesmo sentido;Com Vítimas Feridas;Plena Noite;Crescente;Céu Claro;Dupla;Reta;Sim;3;0;1;0;2;0;1;2;-22,74148205;-43,45369041;SPRF-RJ;DEL06-RJ;UOP01-DEL06-RJ
598907;12/04/2024;sexta-feira;23:15:00;ES;101;148;LINHARES;Reação tardia ou ineficiente do condutor;Tombamento;Com Vítimas Feridas;Plena Noite;Crescente;Garoa/Chuvisco;Dupla;Curva;Sim;1;0;0;1;0;0;1;1;-19,38787399;-40,06752766;SPRF-ES;DEL04-ES;UOP01-DEL04-ES
598909;07/05/2024;terça-feira;18:20:00;SC;101;414,7;ARARANGUA;Pedestre cruzava a pista fora da faixa;Atropelamento de Pedestre;Com Vítimas Fatais;Plena Noite;Decrescente;Céu Claro;Dupla;"Viaduto;Curva";Sim;3;1;0;0;2;0;0;2;-28,96328031;-49,52182889;SPRF-SC;DEL02-SC;UOP02-DEL02-SC
598910;07/05/2024;terça-feira;19:30:00;MG;40;521;RIBEIRAO DAS NEVES;Trafegar com motocicleta (ou similar) entre as faixas;Queda de ocupante de veículo;Com Vítimas Feridas;Plena Noite;Decrescente;Céu Claro;Dupla;Reta;Não;1;0;1;0;0;0;1;1;-19,85651501;-44,07213222;SPRF-MG;DEL01-MG;UOP02-DEL01-MG
598912;07/05/2024;terça-feira;18:40:00;RJ;116;110,5;GUAPIMIRIM;Ausência de reação do condutor;Tombamento;Com Vítimas Feridas;Plena Noite;Crescente;Céu Claro;Múltipla;Reta;Sim;1;0;1;0;0;0;1;1;-22,55073275;-42,98968744;SPRF-RJ;DEL04-RJ;UOP02-DEL04-RJ
598916;07/05/2024;terça-feira;19:20:00;SC;101;213,9;PALHOCA;Ingestão de álcool pelo condutor;Colisão transversal;Sem Vítimas;Plena Noite;Crescente;Céu Claro;Dupla;Interseção de Vias;Sim;3;0;0;0;3;0;0;3;-27,63697369;-48,66514142;SPRF-SC;DEL01-SC;UOP02-DEL01-SC
598919;07/05/2024;terça-feira;19:30:00;MA;316;264,2;SANTA INES;Animais na Pista;Atropelamento de Animal;Com Vítimas Feridas;Plena Noite;Crescente;Céu Claro;Simples;Reta;Sim;1;0;0;1;0;0;1;1;-3,673308;-45,362946;SPRF-MA;DEL02-MA;UOP01-DEL02-MA
598920;07/05/2024;terça-feira;19:40:00;BA;135;172;BARREIRAS;Pedestre andava na pista;Atropelamento de Pedestre;Com Vítimas Feridas;Plena Noite;Decrescente;Céu Claro;Simples;Reta;Não;2;0;0;2;0;0;2;2;-12,13056263;-45,01164211;SPRF-BA;DEL10-BA;UOP01-DEL10-BA
598924;07/05/2024;terça-feira;16:00:00;MG;153;0;ARAPORA;Condutor deixou de manter distância do veículo da frente;Colisão traseira;Com Vítimas Feridas;Pleno dia;Decrescente;Céu Claro;Dupla;Declive;Não;2;0;0;1;0;1;1;2;-18,41758;-49,194427;SPRF-MG;DEL15-MG;UOP03-DEL15-MG
598925;07/05/2024;terça-feira;20:30:00;SC;101;154;PORTO BELO;Avarias e/ou desgaste excessivo no pneu;Tombamento;Com Vítimas Feridas;Plena Noite;Crescente;Nublado;Múltipla;Reta;Não;2;0;1;0;1;0;1;1;-27,153819;-48,61086393;SPRF-SC;DEL04-SC;UOP03-DEL04-SC
598929;07/05/2024;terça-feira;18:55:00;SC;282;210;LAGES;Animais na Pista;Atropelamento de Animal;Com Vítimas Feridas;Plena Noite;Decrescente;Céu Claro;Simples;"Reta;Declive";Não;4;0;2;0;2;0;2;2;-27,778582;-50,231815;SPRF-SC;DEL05-SC;UOP01-DEL05-SC
598932;07/05/2024;terça-feira;18:00:00;RS;290;214;PANTANO GRANDE;Ausência de reação do condutor;Colisão frontal;Com Vítimas Feridas;Anoitecer;Decrescente;Céu Claro;Dupla;Rotatória;Sim;2;0;1;0;1;0;1;2;-30,1896507;-52,37319946;SPRF-RS;DEL02-RS;UOP03-DEL02-RS
598936;07/05/2024;terça-feira;21:33:00;ES;262;50,7;MARECHAL FLORIANO;Condutor Dormindo;Saída de leito carroçável;Com Vítimas Feridas;Plena Noite;Crescente;Céu Claro;Simples;Curva;Não;1;0;1;0;0;0;1;1;-20,41422895;-40,70596425;SPRF-ES;DEL01-ES;UOP01-DEL01-ES
598937;07/05/2024;terça-feira;21:20:00;MA;316;616,6;TIMON;Manobra de mudança de faixa;Colisão frontal;Com Vítimas Feridas;Plena Noite;Decrescente;Céu Claro;Simples;Reta;Sim;2;0;0;2;0;0;2;2;-5,094195;-42,832569;SPRF-MA;DEL03-MA;UOP02-DEL03-MA
598939;07/05/2024;terça-feira;21:05:00;SC;101;397;MARACAJA;Condutor Dormindo;Colisão com objeto;Com Vítimas Feridas;Plena Noite;Decrescente;Céu Claro;Múltipla;"Reta;Viaduto";Não;3;0;0;2;0;1;2;2;-28,83036461;-49,41244828;SPRF-SC;DEL02-SC;UOP02-DEL02-SC
598941;07/05/2024;terça-feira;22:00:00;MG;381;519,2;BRUMADINHO;Velocidade Incompatível;Saída de leito carroçável;Com Vítimas Feridas;Plena Noite;Decrescente;Céu Claro;Dupla;"Curva;Declive";Não;1;0;1;0;0;0;1;1;-20,12834104;-44,30330781;SPRF-MG;DEL01-MG;UOP03-DEL01-MG
598942;07/05/2024;terça-feira;22:15:00;SC;280;67;JARAGUA DO SUL;Acessar a via sem observar a presença dos outros veículos;Colisão transversal;Com Vítimas Feridas;Plena Noite;Crescente;Céu Claro;Simples;Reta;Sim;2;0;1;0;1;0;1;2;-26,4775146;-49,10363575;SPRF-SC;DEL03-SC;UOP03-DEL03-SC
598944;07/05/2024;terça-feira;16:30:00;PR;116;119;CURITIBA;Trafegar com motocicleta (ou similar) entre as faixas;Tombamento;Com Vítimas Feridas;Pleno dia;Decrescente;Céu Claro;Dupla;"Reta;Aclive";Sim;1;0;1;0;0;0;1;1;-25,57916;-49,312615;SPRF-PR;DEL01-PR;UOP03-DEL01-PR
598947;07/05/2024;terça-feira;22:30:00;MG;381;1,3;BETIM;Ultrapassagem Indevida;Colisão lateral mesmo sentido;Com Vítimas Feridas;Plena Noite;Decrescente;Céu Claro;Dupla;Reta;Sim;3;0;2;0;0;1;2;2;-19,9720852;-44,1625544;SPRF-MG;DEL01-MG;UOP03-DEL01-MG
598948;07/05/2024;terça-feira;19:19:00;RO;364;1;VILHENA;Acostamento em desnível;Tombamento;Com Vítimas Feridas;Plena Noite;Crescente;Céu Claro;Simples;"Reta;Em Obras";Não;2;0;2;0;0;0;2;1;-12,830607;-60,075202;SPRF-RO;DEL04-RO;UOP01-DEL04-RO
598950;07/05/2024;terça-feira;22:09:00;MT;70;515;CUIABA;Acessar a via sem observar a presença dos outros veículos;Colisão transversal;Com Vítimas Feridas;Plena Noite;Crescente;Céu Claro;Simples;Reta;Sim;1;0;1;0;0;0;1;1;-15,705488;-56,145945;SPRF-MT;DEL01-MT;UOP02-DEL01-MT
598951;07/05/2024;terça-feira;23:55:00;GO;70;0;AGUAS LINDAS DE GOIAS;Ausência de reação do condutor;Saída de leito carroçável;Com Vítimas Feridas;Plena Noite;Crescente;Céu Claro;Múltipla;Curva;Sim;1;0;1;0;0;0;1;1;-15,783543;-48,2326;SPRF-DF;DEL03-DF;UOP02-DEL03-DF
598953;08/05/2024;quarta-feira;00:25:00;SC;282;664;PARAISO;Condutor deixou de manter distância do veículo da frente;Colisão traseira;Sem Vítimas;Plena Noite;Decrescente;Céu Claro;Simples;Curva;Não;3;0;0;0;1;2;0;2;-26,666431;-53,600082;SPRF-SC;DEL07-SC;UOP03-DEL07-SC
598954;08/05/2024;quarta-feira;01:35:00;CE;116;3;FORTALEZA;Velocidade Incompatível;Colisão com objeto;Sem Vítimas;Plena Noite;Decrescente;Céu Claro;Dupla;Curva;Sim;2;0;0;0;1;1;0;1;-3,77866493;-38,51490171;SPRF-CE;DEL01-CE;UOP02-DEL01-CE
598957;08/05/2024;quarta-feira;02:10:00;SC;101;248;PAULO LOPES;Condutor Dormindo;Colisão traseira;Com Vítimas Feridas;Plena Noite;Decrescente;Céu Claro;Dupla;Reta;Não;2;0;1;0;1;0;1;2;-27,929507;-48,659795;SPRF-SC;DEL02-SC;UOP03-DEL02-SC
598961;08/05/2024;quarta-feira;03:15:00;SP;381;44;ATIBAIA;Pedestre andava na pista;Atropelamento de Pedestre;Sem Vítimas;Plena Noite;Decrescente;Céu Claro;Simples;Reta;Sim;2;0;0;0;1;1;0;2;-23,163474;-46,573378;SPRF-SP;DEL03-SP;UOP01-DEL03-SP
598963;08/05/2024;quarta-feira;03:40:00;SP;101;50,7;UBATUBA;Ausência de reação do condutor;Colisão com objeto;Com Vítimas Feridas;Plena Noite;Decrescente;Céu Claro;Simples;Reta;Sim;1;0;1;0;0;0;1;1;-23,45018939;-45,07743735;SPRF-SP;DEL06-SP;UOP01-DEL06-SP
598965;08/05/2024;quarta-feira;01:58:00;RN;110;101,6;UPANEMA;Animais na Pista;Atropelamento de Animal;Com Vítimas Feridas;Plena Noite;Decrescente;Céu Claro;Simples;Reta;Não;1;0;0;1;0;0;1;1;-5,65522693;-37,25966329;SPRF-RN;DEL04-RN;UOP01-DEL04-RN
598968;08/05/2024;quarta-feira;06:10:00;RN;101;85;SAO GONCALO DO AMARANTE;Manobra de mudança de faixa;Colisão lateral mesmo sentido;Com Vítimas Feridas;Pleno dia;Crescente;Nublado;Dupla;Viaduto;Sim;2;0;1;0;1;0;1;2;-5,777664;-35,24937;SPRF-RN;DEL02-RN;UOP01-DEL02-RN
598970;08/05/2024;quarta-feira;05:05:00;GO;153;136;MARA ROSA;Reação tardia ou ineficiente do condutor;Capotamento;Com Vítimas Feridas;Amanhecer;Crescente;Céu Claro;Simples;Reta;Não;1;0;0;1;0;0;1;1;-13,958405;-49,087955;SPRF-GO;DEL07-GO;UOP01-DEL07-GO
598973;08/05/2024;quarta-feira;03:30:00;AL;316;77;POCO DAS TRINCHEIRAS;Condutor deixou de manter distância do veículo da frente;Colisão traseira;Com Vítimas Feridas;Plena Noite;Decrescente;Chuva;Simples;Reta;Não;5;0;0;1;4;0;1;2;-9,32973323;-37,30014015;SPRF-AL;DEL03-AL;UOP02-DEL03-AL
598974;07/05/2024;terça-feira;19:00:00;BA;101;665;ITAGIMIRIM;Transitar na contramão;Colisão lateral sentido oposto;Com Vítimas Feridas;Plena Noite;Crescente;Céu Claro;Simples;Curva;Não;2;0;1;0;1;0;1;2;-16,14579523;-39,59740645;SPRF-BA;DEL09-BA;UOP01-DEL09-BA
598975;08/05/2024;quarta-feira;06:50:00;PR;369;131;IBIPORA;Ingestão de álcool pelo condutor;Colisão transversal;Com Vítimas Feridas;Pleno dia;Decrescente;Céu Claro;Dupla;Curva;Sim;2;0;1;0;1;0;1;2;-23,26145239;-50,98996818;SPRF-PR;DEL07-PR;UOP01-DEL07-PR
598978;08/05/2024;quarta-feira;05:50:00;AL;316;148,6;PALMEIRA DOS INDIOS;Condutor Dormindo;Colisão frontal;Com Vítimas Feridas;Amanhecer;Decrescente;Nublado;Simples;Reta;Não;5;0;3;2;0;0;5;2;-9,40718239;-36,68829724;SPRF-AL;DEL03-AL;UOP01-DEL03-AL
598979;08/05/2024;quarta-feira;06:40:00;DF;20;12,2;BRASILIA;Manobra de mudança de faixa;Colisão lateral mesmo sentido;Com Vítimas Feridas;Pleno dia;Decrescente;Céu Claro;Dupla;Reta;Sim;4;0;1;0;3;0;1;2;-15,641503;-47,755561;SPRF-DF;DEL02-DF;UOP01-DEL02-DF
598980;08/05/2024;quarta-feira;06:50:00;SP;116;52,8;LORENA;Desrespeitar a preferência no cruzamento;Colisão transversal;Com Vítimas Feridas;Pleno dia;Decrescente;Sol;Simples;Interseção de Vias;Sim;2;0;1;0;1;0;1;2;-22,74708138;-45,09973038;SPRF-SP;DEL08-SP;UOP02-DEL08-SP
598981;08/05/2024;quarta-feira;01:00:00;SC;101;148;ITAPEMA;Condutor Dormindo;Capotamento;Com Vítimas Feridas;Plena Noite;Decrescente;Garoa/Chuvisco;Dupla;Reta;Sim;1;0;1;0;0;0;1;1;-27,10123686;-48,61807962;SPRF-SC;DEL04-SC;UOP03-DEL04-SC
598982;08/05/2024;quarta-feira;01:30:00;RJ;40;111;DUQUE DE CAXIAS;Condutor Dormindo;Saída de leito carroçável;Com Vítimas Feridas;Plena Noite;Decrescente;Nublado;Múltipla;Curva;Não;1;0;1;0;0;0;1;1;-22,691868;-43,287453;SPRF-RJ;DEL01-RJ;UOP02-DEL01-RJ
598983;08/05/2024;quarta-feira;07:00:00;DF;20;45,9;BRASILIA;Condutor Dormindo;Saída de leito carroçável;Com Vítimas Feridas;Pleno dia;Crescente;Céu Claro;Dupla;"Reta;Declive";Não;2;0;1;0;1;0;1;1;-15,58023901;-47,45946407;SPRF-DF;DEL02-DF;UOP01-DEL02-DF
598984;08/05/2024;quarta-feira;07:00:00;CE;116;481;MILAGRES;Ausência de reação do condutor;Tombamento;Com Vítimas Feridas;Pleno dia;Decrescente;Céu Claro;Simples;Reta;Sim;1;0;1;0;0;0;1;1;-7,30290296;-38,91153101;SPRF-CE;DEL05-CE;UOP03-DEL05-CE
598985;08/05/2024;quarta-feira;07:20:00;ES;101;269;SERRA;Reação tardia ou ineficiente do condutor;Queda de ocupante de veículo;Com Vítimas Feridas;Pleno dia;Crescente;Céu Claro;Múltipla;Reta;Sim;1;0;1;0;0;0;1;1;-20,21740496;-40,26990578;SPRF-ES;DEL02-ES;UOP01-DEL02-ES
598986;08/05/2024;quarta-feira;07:10:00;MG;262;36,5;MANHUACU;Reação tardia ou ineficiente do condutor;Colisão lateral mesmo sentido;Com Vítimas Feridas;Pleno dia;Decrescente;Nublado;Simples;Rotatória;Sim;3;0;2;0;1;0;2;2;-20,25932046;-42,02298331;SPRF-MG;DEL06-MG;UOP03-DEL06-MG
598987;08/05/2024;quarta-feira;06:00:00;RJ;101;324;NITEROI;Trafegar com motocicleta (ou similar) entre as faixas;Colisão traseira;Com Vítimas Feridas;Pleno dia;Crescente;Céu Claro;Múltipla;"Reta;Ponte";Não;2;0;1;0;1;0;1;2;-22,87381074;-43,12640997;SPRF-RJ;DEL02-RJ;UOP01-DEL02-RJ
598988;08/05/2024;quarta-feira;07:30:00;PR;153;494,9;GENERAL CARNEIRO;Pedestre cruzava a pista fora da faixa;Atropelamento de Pedestre;Com Vítimas Feridas;Amanhecer;Decrescente;Céu Claro;Simples;Curva;Não;3;0;1;0;2;0;1;2;-26,4509703;-51,31978655;SPRF-PR;DEL02-PR;UOP03-DEL02-PR
598989;08/05/2024;quarta-feira;07:30:00;SP;116;150;SAO JOSE DOS CAMPOS;Condutor deixou de manter distância do veículo da frente;Colisão traseira;Com Vítimas Feridas;Pleno dia;Decrescente;Céu Claro;Múltipla;Declive;Sim;3;0;1;0;1;1;1;2;-23,21335525;-45,8930588;SPRF-SP;DEL02-SP;UOP01-DEL02-SP
598991;08/05/2024;quarta-feira;06:59:00;MT;70;6,3;BARRA DO GARCAS;Ultrapassagem Indevida;Colisão traseira;Com Vítimas Feridas;Pleno dia;Crescente;Céu Claro;Dupla;"Declive;Reta";Sim;2;0;0;1;1;0;1;2;-15,878268;-52,306705;SPRF-MT;DEL07-MT;UOP01-DEL07-MT
598992;08/05/2024;quarta-feira;08:10:00;RJ;393;176;TRES RIOS;Demais Fenômenos da natureza;Colisão transversal;Com Vítimas Feridas;Pleno dia;Crescente;Sol;Simples;Reta;Sim;2;0;0;1;1;0;1;2;-22,12586166;-43,21215519;SPRF-RJ;DEL05-RJ;UOP03-DEL05-RJ
598993;08/05/2024;quarta-feira;07:40:00;MG;365;625,4;UBERLANDIA;Transitar na contramão;Colisão transversal;Com Vítimas Feridas;Pleno dia;Decrescente;Céu Claro;Dupla;Curva;Sim;2;0;1;0;1;0;1;2;-18,90585472;-48,32526001;SPRF-MG;DEL15-MG;UOP01-DEL15-MG
598994;08/05/2024;quarta-feira;07:45:00;PR;373;456,3;CHOPINZINHO;Mal súbito do condutor;Saída de leito carroçável;Com Vítimas Feridas;Pleno dia;Decrescente;Céu Claro;Simples;Curva;Não;4;0;2;0;2;0;2;1;-25,9125046;-52,38306999;SPRF-PR;DEL02-PR;UOP01-DEL02-PR
598996;08/05/2024;quarta-feira;08:25:00;MG;381;444;SANTA LUZIA;Condutor Dormindo;Saída de leito carroçável;Com Vítimas Feridas;Pleno dia;Crescente;Nublado;Simples;Curva;Não;2;0;2;0;0;0;2;1;-19,814503;-43,800906;SPRF-MG;DEL01-MG;UOP01-DEL01-MG
598998;08/05/2024;quarta-feira;08:10:00;PE;232;78,3;GRAVATA;Pedestre cruzava a pista fora da faixa;Atropelamento de Pedestre;Com Vítimas Feridas;Pleno dia;Crescente;Sol;Simples;Reta;Sim;2;0;0;1;1;0;1;2;-8,19328922;-35,55158615;SPRF-PE;DEL02-PE;UOP02-DEL02PE
598999;08/05/2024;quarta-feira;08:30:00;SC;282;32,5;SANTO AMARO DA IMPERATRIZ;Ultrapassagem Indevida;Colisão lateral mesmo sentido;Com Vítimas Feridas;Pleno dia;Decrescente;Céu Claro;Simples;Curva;Sim;2;0;1;0;0;1;1;2;-27,70389849;-48,8045054;SPRF-SC;DEL01-SC;UOP03-DEL01-SC
599000;08/05/2024;quarta-feira;07:42:00;CE;116;14;FORTALEZA;Ausência de reação do condutor;Colisão traseira;Com Vítimas Feridas;Pleno dia;Decrescente;Céu Claro;Dupla;Reta;Sim;3;0;1;1;1;0;2;2;-3,86973356;-38,49827361;SPRF-CE;DEL01-CE;UOP02-DEL01-CE
599001;08/05/2024;quarta-feira;07:00:00;AC;364;122;RIO BRANCO;Acessar a via sem observar a presença dos outros veículos;Colisão lateral mesmo sentido;Com Vítimas Feridas;Pleno dia;Crescente;Céu Claro;Dupla;Reta;Não;2;0;1;0;1;0;1;2;-10,01188291;-67,773345;SPRF-AC;DEL01-AC;UOP01-DEL01-AC
599005;14/04/2024;domingo;23:03:00;GO;40;2,9;VALPARAISO DE GOIAS;Acessar a via sem observar a presença dos outros veículos;Colisão transversal;Com Vítimas Feridas;Plena Noite;Crescente;Ignorado;Dupla;"Retorno Regulamentado;Reta;Interseção de Vias";Sim;2;0;0;1;0;1;1;2;-16,067129;-47,984235;SPRF-DF;DEL01-DF;UOP01-DEL01-DF
599008;08/05/2024;quarta-feira;08:50:00;GO;60;389;RIO VERDE;Acesso irregular;Colisão transversal;Com Vítimas Feridas;Pleno dia;Crescente;Sol;Dupla;Reta;Sim;4;0;1;1;1;1;2;3;-17,819;-50,943;SPRF-GO;DEL04-GO;UOP02-DEL04-GO