id;data_inversa;dia_semana;horario;uf;br;km;municipio;causa_acidente;tipo_acidente;classificacao_acidente;fase_dia;sentido_via;condicao_metereologica;tipo_pista;tracado_via;uso_solo;pessoas;mortos;feridos_leves;feridos_graves;ilesos;ignorados;feridos;veiculos;latitude;longitude;regional;delegacia;uop
599138;08/05/2024;quarta-feira;17:20:00;PE;423;93;GARANHUNS;Ausência de reação do condutor;Colisão traseira;Com Vítimas Feridas;Anoitecer;Crescente;Garoa/Chuvisco;Simples;Reta;Sim;2;0;1;0;1;0;1;2;-8,86972012;-36,46323792;SPRF-PE;DEL03-PE;UOP01-DEL03-PE
599139;08/05/2024;quarta-feira;20:00:00;SP;116;277,9;EMBU DAS ARTES;Reação tardia ou ineficiente do condutor;Colisão traseira;Com Vítimas Fatais;Plena Noite;Decrescente;Céu Claro;Dupla;Reta;Sim;4;1;0;0;3;0;0;2;-23,64870535;-46,84395469;SPRF-SP;DEL04-SP;UOP01-DEL04-SP
599140;08/05/2024;quarta-feira;17:50:00;AL;104;32;UNIAO DOS PALMARES;Iluminação deficiente;Atropelamento de Animal;Com Vítimas Feridas;Plena Noite;Decrescente;Céu Claro;Simples;Reta;Não;1;0;0;1;0;0;1;1;-9,13743588;-36,01981091;SPRF-AL;DEL01-AL;UOP02-DEL01-AL
599141;08/05/2024;quarta-feira;20:21:00;RS;471;458,9;RIO GRANDE;Pedestre andava na pista;Atropelamento de Pedestre;Com Vítimas Feridas;Plena Noite;Decrescente;Nublado;Simples;Reta;Sim;2;0;1;0;1;0;1;2;-32,066822;-52,266319;SPRF-RS;DEL07-RS;UOP02-DEL07-RS
599142;08/05/2024;quarta-feira;19:30:00;MS;376;33;VICENTINA;Transitar na contramão;Colisão frontal;Com Vítimas Feridas;Plena Noite;Crescente;Céu Claro;Simples;Reta;Não;3;0;3;0;0;0;3;2;-22,39275751;-54,47688722;SPRF-MS;DEL04-MS;UOP01-DEL04-MS
599144;08/05/2024;quarta-feira;17:20:00;RJ;465;15;SEROPEDICA;Ausência de reação do condutor;Colisão transversal;Com Vítimas Feridas;Anoitecer;Crescente;Céu Claro;Simples;Reta;Sim;2;0;0;1;1;0;1;2;-22,810925;-43,631504;SPRF-RJ;DEL06-RJ;UOP02-DEL06-RJ
599145;08/05/2024;quarta-feira;20:30:00;PE;232;507;SALGUEIRO;Ausência de reação do condutor;Colisão traseira;Com Vítimas Feridas;Plena Noite;Crescente;Céu Claro;Simples;Declive;Sim;5;0;1;0;4;0;1;2;-8,06038759;-39,11191706;SPRF-PE;DEL05-PE;UOP01-DEL05-PE
599147;08/05/2024;quarta-feira;20:00:00;GO;40;129,7;CRISTALINA;Ausência de reação do condutor;Saída de leito carroçável;Com Vítimas Fatais;Plena Noite;Crescente;Céu Claro;Dupla;Reta;Não;4;1;2;0;1;0;2;2;-16,900374;-47,353735;SPRF-DF;DEL01-DF;UOP02-DEL01-DF
599148;08/05/2024;quarta-feira;21:20:00;MG;381;486,5;BETIM;Entrada inopinada do pedestre;Atropelamento de Pedestre;Com Vítimas Fatais;Plena Noite;Crescente;Céu Claro;Dupla;Reta;Sim;2;1;0;0;1;0;0;2;-19,95644414;-44,13611598;SPRF-MG;DEL01-MG;UOP03-DEL01-MG
599149;08/05/2024;quarta-feira;18:20:00;MT;70;530;VARZEA GRANDE;Acessar a via sem observar a presença dos outros veículos;Colisão frontal;Com Vítimas Feridas;Plena Noite;Crescente;Céu Claro;Simples;Reta;Não;3;0;1;0;2;0;1;2;-15,650944;-56,198869;SPRF-MT;DEL01-MT;UOP02-DEL01-MT
599150;08/05/2024;quarta-feira;21:30:00;PE;104;64;CARUARU;Avarias e/ou desgaste excessivo no pneu;Tombamento;Com Vítimas Feridas;Plena Noite;Decrescente;Nublado;Dupla;"Reta;Viaduto";Sim;2;0;2;0;0;0;2;1;-8,2783;-35,9815;SPRF-PE;DEL02-PE;UOP01-DEL02-PE
599152;08/05/2024;quarta-feira;21:15:00;SC;101;219,6;PALHOCA;Ingestão de álcool pelo condutor;Colisão traseira;Com Vítimas Feridas;Plena Noite;Decrescente;Céu Claro;Dupla;Reta;Não;2;0;1;0;1;0;1;2;-27,68392194;-48,66710085;SPRF-SC;DEL01-SC;UOP02-DEL01-SC
599153;08/05/2024;quarta-feira;18:00:00;PB;104;145,9;QUEIMADAS;Demais falhas mecânicas ou elétricas;Incêndio;Sem Vítimas;Anoitecer;Decrescente;Nublado;Simples;Curva;Não;1;0;0;0;0;1;0;1;-7,425298;-35,895093;SPRF-PB;DEL02-PB;UOP03-DEL02-PB
599154;08/05/2024;quarta-feira;19:20:00;MA;135;61;SANTA RITA;Reação tardia ou ineficiente do condutor;Saída de leito carroçável;Com Vítimas Fatais;Plena Noite;Crescente;Céu Claro;Dupla;Reta;Sim;6;2;0;2;0;2;2;2;-3,06101506;-44,3210517;SPRF-MA;DEL01-MA;UOP02-DEL01-MA
599155;08/05/2024;quarta-feira;13:30:00;SC;101;146;ITAPEMA;Desrespeitar a preferência no cruzamento;Colisão transversal;Com Vítimas Feridas;Pleno dia;Crescente;Céu Claro;Dupla;"Interseção de Vias;Retorno Regulamentado;Túnel";Sim;2;0;1;0;1;0;1;2;-27,08666525;-48,60955587;SPRF-SC;DEL04-SC;UOP03-DEL04-SC
599156;01/05/2024;quarta-feira;18:30:00;SP;116;146;SAO JOSE DOS CAMPOS;Acumulo de areia ou detritos sobre o pavimento;Queda de ocupante de veículo;Com Vítimas Feridas;Plena Noite;Crescente;Céu Claro;Múltipla;Reta;Não;1;0;1;0;0;0;1;1;-23,19122919;-45,86327591;SPRF-SP;DEL02-SP;UOP01-DEL02-SP
599158;08/05/2024;quarta-feira;21:20:00;MG;381;423,6;CAETE;Velocidade Incompatível;Colisão traseira;Com Vítimas Feridas;Plena Noite;Crescente;Nublado;Dupla;"Curva;Declive";Não;3;0;1;0;1;1;1;3;-19,78973406;-43,67222724;SPRF-MG;DEL01-MG;UOP01-DEL01-MG
599161;08/05/2024;quarta-feira;21:45:00;PE;101;73,5;RECIFE;Ausência de reação do condutor;Colisão traseira;Com Vítimas Feridas;Plena Noite;Crescente;Céu Claro;Dupla;Curva;Sim;2;0;1;0;1;0;1;2;-8,093369;-34,947464;SPRF-PE;DEL01-PE;UOP01-DEL01-PE
599163;08/05/2024;quarta-feira;19:00:00;RJ;493;96;JAPERI;Fumaça;Saída de leito carroçável;Sem Vítimas;Anoitecer;Crescente;Céu Claro;Dupla;"Interseção de Vias;Curva";Não;2;0;0;0;2;0;0;1;-22,6628847;-43,625074;SPRF-RJ;DEL01-RJ;UOP03-DEL01-RJ
599165;08/05/2024;quarta-feira;22:40:00;BA;101;507;ITABUNA;Animais na Pista;Tombamento;Com Vítimas Feridas;Plena Noite;Decrescente;Nublado;Simples;Reta;Sim;1;0;0;1;0;0;1;1;-14,96379924;-39,31343385;SPRF-BA;DEL05-BA;UOP01-DEL05-BA
599166;08/05/2024;quarta-feira;23:30:00;SC;101;193,1;BIGUACU;Velocidade Incompatível;Saída de leito carroçável;Sem Vítimas;Plena Noite;Decrescente;Céu Claro;Simples;Curva;Sim;1;0;0;0;1;0;0;1;-27,489574;-48,655914;SPRF-SC;DEL01-SC;UOP01-DEL01-SC
599169;08/05/2024;quarta-feira;17:45:00;BA;324;621;SALVADOR;Condutor deixou de manter distância do veículo da frente;Queda de ocupante de veículo;Com Vítimas Feridas;Plena Noite;Crescente;Nublado;Dupla;Reta;Sim;3;0;2;0;0;1;2;2;-12,91233708;-38,45956983;SPRF-BA;DEL01-BA;UOP01-DEL01-BA
599170;08/05/2024;quarta-feira;20:30:00;MG;262;799;UBERABA;Animais na Pista;Atropelamento de Animal;Sem Vítimas;Plena Noite;Decrescente;Céu Claro;Simples;Reta;Não;4;0;0;0;4;0;0;1;-19,77864246;-47,93629597;SPRF-MG;DEL13-MG;UOP01-DEL13-MG
599173;09/05/2024;quinta-feira;00:10:00;PR;116;123;CURITIBA;Ausência de reação do condutor;Colisão com objeto;Sem Vítimas;Plena Noite;Decrescente;Céu Claro;Dupla;Reta;Não;1;0;0;0;1;0;0;1;-25,57736002;-49,31243589;SPRF-PR;DEL01-PR;UOP03-DEL01-PR
599176;09/05/2024;quinta-feira;01:30:00;SC;101;153,5;PORTO BELO;Avarias e/ou desgaste excessivo no pneu;Tombamento;Com Vítimas Feridas;Plena Noite;Crescente;Céu Claro;Múltipla;Reta;Não;2;0;2;0;0;0;2;1;-27,144717;-48,61063935;SPRF-SC;DEL04-SC;UOP03-DEL04-SC
599178;08/05/2024;quarta-feira;21:15:00;PI;343;474,1;ANGICAL DO PIAUI;Acessar a via sem observar a presença dos outros veículos;Colisão transversal;Com Vítimas Feridas;Plena Noite;Crescente;Céu Claro;Simples;Interseção de Vias;Não;4;0;2;2;0;0;4;2;-6,066753;-42,736717;SPRF-PI;DEL01-PI;UOP02-DEL01-PI
599181;09/05/2024;quinta-feira;03:00:00;PR;272;560;GUAIRA;Pedestre cruzava a pista fora da faixa;Atropelamento de Pedestre;Com Vítimas Feridas;Plena Noite;Crescente;Céu Claro;Simples;Reta;Não;2;0;0;1;1;0;1;2;-24,08095;-54,152461;SPRF-PR;DEL06-PR;UOP01-DEL06-PR
599182;09/05/2024;quinta-feira;03:20:00;SC;101;127;ITAJAI;Ausência de reação do condutor;Saída de leito carroçável;Com Vítimas Feridas;Plena Noite;Decrescente;Nublado;Dupla;Curva;Não;1;0;0;1;0;0;1;1;-26,9639319;-48,68328024;SPRF-SC;DEL04-SC;UOP04-DEL04-SC
599183;09/05/2024;quinta-feira;03:10:00;MG;262;356,2;BETIM;Animais na Pista;Atropelamento de Animal;Com Vítimas Feridas;Plena Noite;Crescente;Céu Claro;Dupla;Reta;Não;1;0;1;0;0;0;1;1;-19,98040409;-44,22696054;SPRF-MG;DEL01-MG;UOP03-DEL01-MG
599184;08/05/2024;quarta-feira;16:00:00;GO;80;137;VILA PROPICIO;Acessar a via sem observar a presença dos outros veículos;Colisão transversal;Com Vítimas Feridas;Pleno dia;Decrescente;Céu Claro;Simples;Reta;Não;2;0;1;0;1;0;1;2;-15,208875;-48,697312;SPRF-GO;DEL07-GO;UOP02-DEL07-GO
599185;09/05/2024;quinta-feira;03:40:00;SC;101;106;PENHA;Ingestão de álcool pelo condutor;Colisão com objeto;Com Vítimas Feridas;Plena Noite;Decrescente;Céu Claro;Dupla;"Declive;Curva";Não;3;0;2;0;1;0;2;1;-26,81031601;-48,68293896;SPRF-SC;DEL03-SC;UOP02-DEL03-SC
599186;08/05/2024;quarta-feira;13:30:00;RJ;101;326;NITEROI;Ausência de reação do condutor;Colisão traseira;Com Vítimas Feridas;Pleno dia;Decrescente;Céu Claro;Múltipla;Reta;Não;2;0;1;0;0;1;1;2;-22,87206203;-43,146105;SPRF-RJ;DEL02-RJ;UOP01-DEL02-RJ
599188;09/05/2024;quinta-feira;06:00:00;SP;381;63;MAIRIPORA;Ausência de reação do condutor;Saída de leito carroçável;Sem Vítimas;Pleno dia;Decrescente;Céu Claro;Dupla;"Curva;Aclive";Não;1;0;0;0;0;1;0;1;-23,302805;-46,572767;SPRF-SP;DEL03-SP;UOP01-DEL03-SP
599190;09/05/2024;quinta-feira;06:02:00;GO;60;93;ANAPOLIS;Entrada inopinada do pedestre;Atropelamento de Pedestre;Com Vítimas Feridas;Amanhecer;Crescente;Céu Claro;Dupla;Reta;Sim;2;0;1;1;0;0;2;2;-16,3538;-48,9268;SPRF-GO;DEL02-GO;UOP01-DEL02-GO
599191;09/05/2024;quinta-feira;05:10:00;SC;470;36;GASPAR;Condutor deixou de manter distância do veículo da frente;Colisão lateral mesmo sentido;Com Vítimas Feridas;Amanhecer;Crescente;Céu Claro;Múltipla;"Interseção de Vias;Retorno Regulamentado;Desvio Temporário;Em Obras";Não;2;0;1;0;0;1;1;2;-26,914196;-48,968948;SPRF-SC;DEL04-SC;UOP01-DEL04-SC
599192;09/05/2024;quinta-feira;05:30:00;MS;163;260;DOURADOS;Reação tardia ou ineficiente do condutor;Colisão traseira;Com Vítimas Feridas;Amanhecer;Crescente;Céu Claro;Dupla;Reta;Sim;3;0;2;0;0;1;2;2;-22,24489388;-54,77203018;SPRF-MS;DEL04-MS;UOP01-DEL04-MS
599193;09/05/2024;quinta-feira;06:20:00;GO;60;135;GOIANIA;Ausência de reação do condutor;Queda de ocupante de veículo;Com Vítimas Feridas;Pleno dia;Crescente;Sol;Dupla;Reta;Não;1;0;1;0;0;0;1;1;-16,589;-49,1945;SPRF-GO;DEL01-GO;UOP01-DEL01-GO
599194;08/05/2024;quarta-feira;22:00:00;MG;262;767,9;UBERABA;Condutor Dormindo;Saída de leito carroçável;Sem Vítimas;Plena Noite;Crescente;Céu Claro;Dupla;"Retorno Regulamentado;Reta";Não;1;0;0;0;0;1;0;1;-19,68520161;-47,67621209;SPRF-MG;DEL13-MG;UOP01-DEL13-MG
599195;09/05/2024;quinta-feira;06:50:00;SP;153;58,4;SAO JOSE DO RIO PRETO;Condutor deixou de manter distância do veículo da frente;Colisão traseira;Com Vítimas Feridas;Pleno dia;Crescente;Céu Claro;Dupla;Reta;Sim;2;0;1;0;1;0;1;2;-20,78733103;-49,35399276;SPRF-SP;DEL09-SP;UOP01-DEL09-SP
599196;09/05/2024;quinta-feira;00:40:00;MA;10;253,3;IMPERATRIZ;Demais falhas na via;Tombamento;Com Vítimas Feridas;Plena Noite;Crescente;Céu Claro;Simples;"Reta;Em Obras";Sim;1;0;0;1;0;0;1;1;-5,526911;-47,471455;SPRF-MA;DEL04-MA;UOP01-DEL04-MA
599198;09/05/2024;quinta-feira;02:40:00;MG;365;831,9;SANTA VITORIA;Animais na Pista;Atropelamento de Animal;Com Vítimas Feridas;Plena Noite;Crescente;Céu Claro;Simples;"Reta;Declive";Não;2;0;1;0;0;1;1;2;-18,90190394;-50,19473002;SPRF-MG;DEL15-MG;UOP03-DEL15-MG
599201;09/05/2024;quinta-feira;06:56:00;DF;20;16,3;BRASILIA;Manobra de mudança de faixa;Colisão lateral mesmo sentido;Com Vítimas Feridas;Pleno dia;Decrescente;Céu Claro;Múltipla;"Aclive;Reta";Sim;2;0;1;0;1;0;1;2;-15,625675;-47,725159;SPRF-DF;DEL02-DF;UOP01-DEL02-DF
599203;09/05/2024;quinta-feira;06:00:00;BA;407;1;JUAZEIRO;Condutor deixou de manter distância do veículo da frente;Colisão traseira;Com Vítimas Feridas;Pleno dia;Decrescente;Céu Claro;Simples;Interseção de Vias;Sim;3;0;1;1;1;0;2;2;-9,41845604;-40,50725978;SPRF-PE;DEL06-PE;UOP01-DEL06-PE
599204;09/05/2024;quinta-feira;06:38:00;ES;101;282,4;CARIACICA;Transitar na contramão;Colisão frontal;Com Vítimas Feridas;Pleno dia;Crescente;Céu Claro;Simples;Curva;Sim;3;0;2;0;0;1;2;2;-20,23438373;-40,3693577;SPRF-ES;DEL01-ES;UOP01-DEL01-ES
599205;09/05/2024;quinta-feira;07:20:00;PR;277;711;SANTA TEREZINHA DE ITAIPU;Animais na Pista;Atropelamento de Animal;Com Vítimas Feridas;Amanhecer;Decrescente;Garoa/Chuvisco;Dupla;Reta;Sim;1;0;1;0;0;0;1;1;-25,45408037;-54,42224885;SPRF-PR;DEL05-PR;UOP01-DEL05-PR
599206;09/05/2024;quinta-feira;06:30:00;MG;40;515,4;RIBEIRAO DAS NEVES;Reação tardia ou ineficiente do condutor;Colisão traseira;Com Vítimas Feridas;Pleno dia;Crescente;Céu Claro;Dupla;Reta;Sim;2;0;1;0;1;0;1;2;-19,8090079;-44,09493479;SPRF-MG;DEL01-MG;UOP02-DEL01-MG
599207;09/05/2024;quinta-feira;07:20:00;MG;40;545;NOVA LIMA;Ausência de reação do condutor;Tombamento;Com Vítimas Feridas;Pleno dia;Crescente;Céu Claro;Dupla;"Reta;Aclive";Sim;1;0;1;0;0;0;1;1;-20,00670404;-43,96418668;SPRF-MG;DEL01-MG;UOP02-DEL01-MG
599208;09/05/2024;quinta-feira;06:10:00;SC;282;16;PALHOCA;Desrespeitar a preferência no cruzamento;Colisão transversal;Com Vítimas Feridas;Pleno dia;Crescente;Nublado;Simples;"Reta;Interseção de Vias;Rotatória";Sim;2;0;0;1;1;0;1;2;-27,683958;-48,71006;SPRF-SC;DEL01-SC;UOP02-DEL01-SC
599209;09/05/2024;quinta-feira;07:15:00;BA;101;883;TEIXEIRA DE FREITAS;Animais na Pista;Atropelamento de Animal;Com Vítimas Feridas;Amanhecer;Crescente;Céu Claro;Simples;Reta;Sim;1;0;1;0;0;0;1;1;-17,58718;-39,74202;SPRF-BA;DEL09-BA;UOP02-DEL09-BA
599210;09/05/2024;quinta-feira;07:30:00;ES;101;296,3;CARIACICA;Velocidade Incompatível;Queda de ocupante de veículo;Com Vítimas Fatais;Pleno dia;Crescente;Sol;Dupla;"Declive;Viaduto;Curva";Sim;1;1;0;0;0;0;0;1;-20,34029997;-40,40405712;SPRF-ES;DEL01-ES;UOP01-DEL01-ES
599211;09/05/2024;quinta-feira;07:10:00;SC;282;17;PALHOCA;Acessar a via sem observar a presença dos outros veículos;Colisão transversal;Com Vítimas Feridas;Pleno dia;Crescente;Nublado;Simples;"Reta;Interseção de Vias";Sim;2;0;1;0;1;0;1;2;-27,665707;-48,688065;SPRF-SC;DEL01-SC;UOP02-DEL01-SC
599213;09/05/2024;quinta-feira;07:10:00;SC;282;5,3;SAO JOSE;Reação tardia ou ineficiente do condutor;Queda de ocupante de veículo;Com Vítimas Feridas;Pleno dia;Decrescente;Nublado;Simples;Curva;Não;1;0;1;0;0;0;1;1;-27,588425;-48,612919;SPRF-SC;DEL01-SC;UOP01-DEL01-SC
599214;09/05/2024;quinta-feira;07:00:00;PR;116;117;CURITIBA;Ausência de reação do condutor;Colisão lateral mesmo sentido;Com Vítimas Feridas;Pleno dia;Decrescente;Sol;Dupla;Reta;Sim;1;0;0;1;0;0;1;1;-25,55953326;-49,26560414;SPRF-PR;DEL01-PR;UOP03-DEL01-PR
599216;09/05/2024;quinta-feira;07:50:00;RJ;40;121;DUQUE DE CAXIAS;Condutor deixou de manter distância do veículo da frente;Colisão traseira;Com Vítimas Feridas;Pleno dia;Crescente;Céu Claro;Múltipla;Reta;Não;2;0;1;0;1;0;1;2;-22,78185499;-43,28571273;SPRF-RJ;DEL01-RJ;UOP02-DEL01-RJ
599218;09/05/2024;quinta-feira;07:10:00;PE;232;5;RECIFE;Ausência de reação do condutor;Colisão lateral mesmo sentido;Com Vítimas Feridas;Pleno dia;Decrescente;Nublado;Dupla;"Em Obras;Reta";Não;3;0;1;0;2;0;1;2;-8,06795766;-34,94535414;SPRF-PE;DEL01-PE;UOP01-DEL01-PE
599219;22/03/2024;sexta-feira;17:15:00;MG;50;190;UBERABA;Condutor deixou de manter distância do veículo da frente;Colisão traseira;Com Vítimas Feridas;Anoitecer;Crescente;Chuva;Dupla;Reta;Não;2;0;1;0;1;0;1;2;-19,85630175;-47,86944462;SPRF-MG;DEL13-MG;UOP01-DEL13-MG
599220;09/05/2024;quinta-feira;07:45:00;PR;277;75;SAO JOSE DOS PINHAIS;Trafegar com motocicleta (ou similar) entre as faixas;Colisão traseira;Com Vítimas Feridas;Pleno dia;Crescente;Céu Claro;Dupla;Reta;Não;3;0;0;1;2;0;1;2;-25,4922342;-49,1727299;SPRF-PR;DEL01-PR;UOP07-DEL01-PR
599221;09/05/2024;quinta-feira;06:40:00;RJ;116;305;RESENDE;Ultrapassagem Indevida;Colisão traseira;Com Vítimas Feridas;Pleno dia;Decrescente;Céu Claro;Dupla;Reta;Não;2;0;0;1;1;0;1;2;-22,45554499;-44,39170333;SPRF-RJ;DEL07-RJ;UOP02-DEL07-RJ
599223;09/05/2024;quinta-feira;07:20:00;MA;135;7;SAO LUIS;Ultrapassagem Indevida;Colisão transversal;Com Vítimas Feridas;Pleno dia;Decrescente;Céu Claro;Dupla;"Aclive;Rotatória;Retorno Regulamentado;Reta";Sim;2;0;1;0;1;0;1;2;-2,63608835;-44,26848552;SPRF-MA;DEL01-MA;UOP01-DEL01-MA
599225;09/05/2024;quinta-feira;08:15:00;PR;376;387,9;IMBAU;Acessar a via sem observar a presença dos outros veículos;Colisão lateral mesmo sentido;Sem Vítimas;Pleno dia;Crescente;Sol;Dupla;"Retorno Regulamentado;Reta;Declive";Não;3;0;0;0;3;0;0;2;-24,46115901;-50,75117648;SPRF-PR;DEL03-PR;UOP02-DEL03-PR
599226;09/05/2024;quinta-feira;07:30:00;MG;116;410,6;GOVERNADOR VALADARES;Ausência de reação do condutor;Colisão traseira;Com Vítimas Feridas;Pleno dia;Crescente;Céu Claro;Dupla;Reta;Sim;2;0;1;0;1;0;1;2;-18,855625;-41,975623;SPRF-MG;DEL06-MG;UOP01-DEL06-MG
599228;29/04/2024;segunda-feira;19:00:00;MG;40;416;CURVELO;Transitar na contramão;Colisão frontal;Com Vítimas Fatais;Plena Noite;Crescente;Céu Claro;Simples;Curva;Não;30;1;0;0;28;1;0;3;-19,15189442;-44,60268049;SPRF-MG;DEL02-MG;UOP01-DEL02-MG
599229;09/05/2024;quinta-feira;09:15:00;RJ;116;173;SAO JOAO DE MERITI;Avarias e/ou desgaste excessivo no pneu;Queda de ocupante de veículo;Com Vítimas Feridas;Pleno dia;Decrescente;Céu Claro;Dupla;Reta;Sim;2;0;2;0;0;0;2;1;-22,79810324;-43,35726614;SPRF-RJ;DEL06-RJ;UOP01-DEL06-RJ
599231;09/05/2024;quinta-feira;08:20:00;PR;277;165;PALMEIRA;Reação tardia ou ineficiente do condutor;Colisão traseira;Sem Vítimas;Pleno dia;Decrescente;Céu Claro;Simples;Reta;Não;4;0;0;0;4;0;0;2;-25,47289;-49,895964;SPRF-PR;DEL03-PR;UOP03-DEL03-PR
599232;09/05/2024;quinta-feira;08:00:00;PI;316;6,1;TERESINA;Ausência de reação do condutor;Colisão traseira;Com Vítimas Feridas;Pleno dia;Decrescente;Céu Claro;Múltipla;Reta;Sim;3;0;0;2;1;0;2;2;-5,151136;-42,773159;SPRF-PI;DEL01-PI;UOP02-DEL01-PI
599233;09/05/2024;quinta-feira;08:55:00;PR;163;350;GUAIRA;Transitar na contramão;Colisão frontal;Com Vítimas Feridas;Pleno dia;Crescente;Céu Claro;Simples;Reta;Não;9;0;2;0;6;1;2;5;-24,07412692;-54,24462497;SPRF-PR;DEL06-PR;UOP01-DEL06-PR
599235;09/05/2024;quinta-feira;09:50:00;PE;232;8,4;RECIFE;Ausência de reação do condutor;Colisão traseira;Com Vítimas Feridas;Pleno dia;Crescente;Céu Claro;Múltipla;"Reta;Em Obras";Sim;3;0;0;1;2;0;1;2;-8,07583727;-34,97015791;SPRF-PE;DEL01-PE;UOP01-DEL01-PE
599236;09/05/2024;quinta-feira;09:10:00;MG;365;620;UBERLANDIA;Manobra de mudança de faixa;Colisão lateral mesmo sentido;Com Vítimas Feridas;Pleno dia;Crescente;Sol;Múltipla;"Reta;Aclive";Sim;2;0;1;0;1;0;1;2;-18,90349687;-48,28130603;SPRF-MG;DEL15-MG;UOP01-DEL15-MG
599238;09/05/2024;quinta-feira;09:50:00;PE;101;51;PAULISTA;Manobra de mudança de faixa;Colisão lateral mesmo sentido;Com Vítimas Feridas;Pleno dia;Decrescente;Céu Claro;Múltipla;Reta;Sim;2;0;1;0;0;1;1;2;-7,922531;-34,892404;SPRF-PE;DEL01-PE;UOP02-DEL01-PE
599239;08/05/2024;quarta-feira;21:15:00;MG;365;397;PATOS DE MINAS;Ausência de reação do condutor;Saída de leito carroçável;Com Vítimas Feridas;Plena Noite;Crescente;Céu Claro;Simples;"Reta;Aclive";Não;5;0;3;0;0;2;3;2;-18,62583074;-46,39366503;SPRF-MG;DEL10-MG;UOP01-DEL10-MG
599241;09/05/2024;quinta-feira;10:20:00;RN;304;125,7;ITAJA;Transitar na contramão;Colisão transversal;Com Vítimas Fatais;Pleno dia;Decrescente;Céu Claro;Simples;Reta;Não;3;1;1;1;0;0;2;2;-5,65587499;-36,8091774;SPRF-RN;DEL04-RN;UOP01-DEL04-RN
599246;09/05/2024;quinta-feira;09:40:00;GO;364;293;MINEIROS;Transitar na contramão;Colisão frontal;Com Vítimas Feridas;Pleno dia;Crescente;Céu Claro;Simples;Curva;Não;3;0;1;1;1;0;2;2;-17,587059;-52,493782;SPRF-GO;DEL05-GO;UOP01-DEL05-GO
599249;09/05/2024;quinta-feira;11:05:00;PE;101;43,8;IGARASSU;Reação tardia ou ineficiente do condutor;Colisão transversal;Com Vítimas Fatais;Pleno dia;Decrescente;Céu Claro;Simples;"Reta;Interseção de Vias";Sim;2;1;1;0;0;0;1;2;-7,84753808;-34,90977038;SPRF-PE;DEL01-PE;UOP02-DEL01-PE
599250;09/05/2024;quinta-feira;09:00:00;PR;376;281,9;MARILANDIA DO SUL;Velocidade Incompatível;Saída de leito carroçável;Com Vítimas Feridas;Pleno dia;Decrescente;Céu Claro;Dupla;Reta;Não;1;0;1;0;0;0;1;1;-23,83779925;-51,26186371;SPRF-PR;DEL07-PR;UOP02-DEL07-PR
599251;09/05/2024;quinta-feira;09:50:00;SP;116;123;CACAPAVA;Falta de acostamento;Tombamento;Com Vítimas Feridas;Pleno dia;Crescente;Céu Claro;Dupla;Ponte;Não;1;0;1;0;0;0;1;1;-23,08754228;-45,66969781;SPRF-SP;DEL02-SP;UOP02-DEL02-SP
599252;09/05/2024;quinta-feira;09:00:00;RJ;465;22;NOVA IGUACU;Acessar a via sem observar a presença dos outros veículos;Colisão transversal;Com Vítimas Feridas;Pleno dia;Crescente;Céu Claro;Dupla;Declive;Sim;2;0;1;0;1;0;1;2;-22,863579;-43,601479;SPRF-RJ;DEL03-RJ;UOP01-DEL03-RJ
599254;09/05/2024;quinta-feira;11:00:00;RS;392;25;RIO GRANDE;Reação tardia ou ineficiente do condutor;Saída de leito carroçável;Com Vítimas Feridas;Pleno dia;Crescente;Céu Claro;Dupla;Curva;Sim;1;0;1;0;0;0;1;1;-32,08156917;-52,24713604;SPRF-RS;DEL07-RS;UOP02-DEL07-RS
599257;07/04/2024;domingo;15:25:00;PE;101;69;RECIFE;Condutor deixou de manter distância do veículo da frente;Colisão traseira;Com Vítimas Feridas;Pleno dia;Crescente;Céu Claro;Múltipla;Reta;Sim;4;0;3;1;0;0;4;2;-8,05951606;-34,94581024;SPRF-PE;DEL01-PE;UOP01-DEL01-PE
599259;09/05/2024;quinta-feira;10:43:00;RJ;116;146;DUQUE DE CAXIAS;Avarias e/ou desgaste excessivo no pneu;Tombamento;Com Vítimas Feridas;Pleno dia;Decrescente;Sol;Dupla;Reta;Sim;2;0;2;0;0;0;2;1;-22,66687859;-43,26368215;SPRF-RJ;DEL01-RJ;UOP02-DEL01-RJ
599260;15/04/2024;segunda-feira;08:10:00;PE;101;86;JABOATAO DOS GUARARAPES;Ausência de reação do condutor;Engavetamento;Com Vítimas Feridas;Pleno dia;Crescente;Céu Claro;Dupla;Reta;Não;6;0;1;0;5;0;1;5;-8,18470013;-34,96816895;SPRF-PE;DEL01-PE;UOP01-DEL01-PE
599262;09/05/2024;quinta-feira;11:50:00;ES;101;312;VIANA;Manobra de mudança de faixa;Colisão lateral mesmo sentido;Sem Vítimas;Pleno dia;Crescente;Céu Claro;Dupla;Reta;Não;2;0;0;0;2;0;0;2;-20,443811;-40,460402;SPRF-ES;DEL01-ES;UOP01-DEL01-ES
599263;09/05/2024;quinta-feira;11:45:00;PA;230;115;MARABA;Reação tardia ou ineficiente do condutor;Colisão traseira;Sem Vítimas;Pleno dia;Crescente;Céu Claro;Dupla;Retorno Regulamentado;Sim;3;0;0;0;3;0;0;2;-5,36241425;-49,07496007;SPRF-PA;DEL03-PA;UOP01-DEL03-PA