id;data_inversa;dia_semana;horario;uf;br;km;municipio;causa_acidente;tipo_acidente;classificacao_acidente;fase_dia;sentido_via;condicao_metereologica;tipo_pista;tracado_via;uso_solo;pessoas;mortos;feridos_leves;feridos_graves;ilesos;ignorados;feridos;veiculos;latitude;longitude;regional;delegacia;uop
599264;09/05/2024;quinta-feira;12:45:00;CE;116;7;FORTALEZA;Manobra de mudança de faixa;Colisão traseira;Com Vítimas Feridas;Pleno dia;Crescente;Céu Claro;Dupla;Reta;Sim;3;0;2;0;1;0;2;2;-3,81173382;-38,50075191;SPRF-CE;DEL01-CE;UOP02-DEL01-CE
599266;09/05/2024;quinta-feira;12:30:00;MG;381;479,5;CONTAGEM;Ausência de reação do condutor;Colisão com objeto;Com Vítimas Feridas;Pleno dia;Crescente;Céu Claro;Simples;Curva;Sim;1;0;0;1;0;0;1;1;-19,95826094;-44,05921101;SPRF-MG;DEL01-MG;UOP03-DEL01-MG
599267;09/05/2024;quinta-feira;12:50:00;DF;70;1,6;BRASILIA;Manobra de mudança de faixa;Saída de leito carroçável;Com Vítimas Feridas;Pleno dia;Crescente;Sol;Múltipla;Reta;Sim;3;0;2;1;0;0;3;1;-15,79685797;-48,06994915;SPRF-DF;DEL03-DF;UOP02-DEL03-DF
599269;09/05/2024;quinta-feira;11:40:00;BA;367;34;PORTO SEGURO;Velocidade Incompatível;Colisão lateral mesmo sentido;Com Vítimas Feridas;Pleno dia;Decrescente;Céu Claro;Simples;Reta;Sim;2;0;2;0;0;0;2;2;-16,41415489;-39,16220395;SPRF-BA;DEL09-BA;UOP03-DEL09-BA
599270;09/05/2024;quinta-feira;13:30:00;GO;60;246;INDIARA;Velocidade Incompatível;Colisão com objeto;Com Vítimas Fatais;Pleno dia;Crescente;Céu Claro;Dupla;Declive;Não;2;1;0;0;0;1;0;2;-17,1062;-49,9276;SPRF-GO;DEL01-GO;UOP02-DEL01-GO
599271;09/05/2024;quinta-feira;13:30:00;MG;262;185,5;SAO DOMINGOS DO PRATA;Ausência de reação do condutor;Colisão transversal;Com Vítimas Feridas;Pleno dia;Crescente;Sol;Simples;"Interseção de Vias;Curva";Não;2;0;1;0;1;0;1;2;-19,90042846;-43,03589608;SPRF-MG;DEL03-MG;UOP01-DEL03-MG
599272;09/05/2024;quinta-feira;10:50:00;RO;364;423,5;JARU;Ultrapassagem Indevida;Colisão lateral mesmo sentido;Sem Vítimas;Pleno dia;Decrescente;Céu Claro;Simples;"Aclive;Interseção de Vias";Sim;2;0;0;0;2;0;0;2;-10,45220802;-62,46072003;SPRF-RO;DEL03-RO;UOP02-DEL03-RO
599273;09/05/2024;quinta-feira;13:30:00;ES;101;147;LINHARES;Desrespeitar a preferência no cruzamento;Colisão lateral mesmo sentido;Com Vítimas Feridas;Pleno dia;Crescente;Chuva;Múltipla;Retorno Regulamentado;Sim;2;0;0;1;1;0;1;2;-19,37887202;-40,06657892;SPRF-ES;DEL04-ES;UOP01-DEL04-ES
599274;09/05/2024;quinta-feira;12:46:00;BA;324;612;SIMOES FILHO;Condutor deixou de manter distância do veículo da frente;Engavetamento;Sem Vítimas;Pleno dia;Decrescente;Céu Claro;Dupla;Reta;Não;3;0;0;0;3;0;0;3;-12,84664721;-38,41741648;SPRF-BA;DEL01-BA;UOP01-DEL01-BA
599277;23/04/2024;terça-feira;22:40:00;DF;70;8;BRASILIA;Manobra de mudança de faixa;Colisão lateral mesmo sentido;Com Vítimas Feridas;Pleno dia;Crescente;Nublado;Dupla;Reta;Sim;2;0;1;0;1;0;1;2;-15,784966;-48,122108;SPRF-DF;DEL03-DF;UOP02-DEL03-DF
599280;09/05/2024;quinta-feira;14:07:00;DF;20;10;BRASILIA;Ausência de reação do condutor;Saída de leito carroçável;Com Vítimas Feridas;Pleno dia;Crescente;Céu Claro;Múltipla;Reta;Sim;2;0;2;0;0;0;2;1;-15,650243;-47,773872;SPRF-DF;DEL02-DF;UOP01-DEL02-DF
599281;09/05/2024;quinta-feira;14:10:00;RN;304;48;MOSSORO;Ausência de reação do condutor;Colisão traseira;Com Vítimas Feridas;Pleno dia;Decrescente;Céu Claro;Dupla;Reta;Sim;2;0;1;0;1;0;1;2;-5,22868577;-37,32203081;SPRF-RN;DEL04-RN;UOP01-DEL04-RN
599282;08/05/2024;quarta-feira;20:25:00;BA;116;885,1;CANDIDO SALES;Ausência de reação do condutor;Saída de leito carroçável;Com Vítimas Fatais;Plena Noite;Decrescente;Nublado;Simples;Reta;Não;1;1;0;0;0;0;0;1;-15,24716706;-41,1099389;SPRF-BA;DEL08-BA;UOP03-DEL08-BA
599283;06/05/2024;segunda-feira;08:10:00;RJ;393;133;SAPUCAIA;Reação tardia ou ineficiente do condutor;Colisão traseira;Com Vítimas Feridas;Pleno dia;Decrescente;Céu Claro;Simples;Reta;Sim;2;0;1;0;1;0;1;2;-21,9787375;-42,89119628;SPRF-RJ;DEL05-RJ;UOP01-DEL05-RJ
599284;25/04/2024;quinta-feira;07:00:00;DF;70;0;BRASILIA;Manobra de mudança de faixa;Colisão lateral mesmo sentido;Com Vítimas Feridas;Pleno dia;Crescente;Céu Claro;Dupla;"Reta;Declive";Sim;2;0;1;0;1;0;1;2;-15,792352;-48,054509;SPRF-DF;DEL03-DF;UOP02-DEL03-DF
599285;09/05/2024;quinta-feira;14:50:00;RS;386;191,9;SANTO ANTONIO DO PLANALTO;Ausência de reação do condutor;Colisão com objeto;Com Vítimas Feridas;Pleno dia;Crescente;Céu Claro;Simples;"Curva;Rotatória";Sim;1;0;1;0;0;0;1;1;-28,389027;-52,699821;SPRF-RS;DEL08-RS;UOP01-DEL08-RS
599286;25/04/2024;quinta-feira;10:40:00;PR;369;185,8;ARAPONGAS;Ultrapassagem Indevida;Colisão lateral mesmo sentido;Com Vítimas Feridas;Pleno dia;Crescente;Céu Claro;Simples;Reta;Sim;2;0;1;0;1;0;1;2;-23,41434;-51,427108;SPRF-PR;DEL07-PR;UOP03-DEL07-PR
599290;28/03/2024;quinta-feira;16:10:00;MA;135;150;MATOES DO NORTE;Condutor deixou de manter distância do veículo da frente;Colisão traseira;Com Vítimas Feridas;Pleno dia;Crescente;Céu Claro;Simples;Reta;Não;7;0;0;1;6;0;1;2;-3,76035;-44,50991;SPRF-MA;DEL01-MA;UOP02-DEL01-MA
599291;09/05/2024;quinta-feira;15:00:00;RJ;116;104;GUAPIMIRIM;Ausência de reação do condutor;Tombamento;Com Vítimas Feridas;Pleno dia;Decrescente;Céu Claro;Simples;Curva;Não;1;0;1;0;0;0;1;1;-22,50841847;-42,99821493;SPRF-RJ;DEL04-RJ;UOP01-DEL04-RJ
599293;09/05/2024;quinta-feira;16:05:00;SP;116;288;ITAPECERICA DA SERRA;Trafegar com motocicleta (ou similar) entre as faixas;Tombamento;Com Vítimas Feridas;Pleno dia;Crescente;Céu Claro;Dupla;Reta;Sim;1;0;1;0;0;0;1;1;-23,719254;-46,883144;SPRF-SP;DEL04-SP;UOP01-DEL04-SP
599297;09/05/2024;quinta-feira;11:45:00;PE;101;69,3;RECIFE;Manobra de mudança de faixa;Colisão lateral mesmo sentido;Com Vítimas Feridas;Pleno dia;Crescente;Céu Claro;Múltipla;Interseção de Vias;Não;2;0;1;0;1;0;1;2;-8,05951606;-34,94581024;SPRF-PE;DEL01-PE;UOP01-DEL01-PE
599299;09/05/2024;quinta-feira;07:55:00;RJ;101;321;NITEROI;Ausência de reação do condutor;Colisão traseira;Com Vítimas Feridas;Pleno dia;Crescente;Céu Claro;Simples;Reta;Sim;4;0;1;0;3;0;1;4;-22,86981096;-43,11046465;SPRF-RJ;DEL02-RJ;UOP01-DEL02-RJ
599300;09/05/2024;quinta-feira;16:35:00;RS;290;110;ELDORADO DO SUL;Condutor deixou de manter distância do veículo da frente;Colisão traseira;Com Vítimas Feridas;Pleno dia;Decrescente;Céu Claro;Dupla;Reta;Não;2;0;1;0;1;0;1;2;-30,023552;-51,321091;SPRF-RS;DEL02-RS;UOP01-DEL02-RS
599301;09/05/2024;quinta-feira;16:42:00;PE;232;144;SAO CAITANO;Reação tardia ou ineficiente do condutor;Engavetamento;Sem Vítimas;Pleno dia;Crescente;Céu Claro;Dupla;Reta;Não;3;0;0;0;3;0;0;3;-8,32522249;-36,11250878;SPRF-PE;DEL03-PE;UOP02-DEL03-PE
599303;09/05/2024;quinta-feira;16:30:00;PE;232;142;SAO CAITANO;Reação tardia ou ineficiente do condutor;Engavetamento;Sem Vítimas;Pleno dia;Decrescente;Garoa/Chuvisco;Dupla;Reta;Não;5;0;0;0;5;0;0;3;-8,32242118;-36,09480698;SPRF-PE;DEL03-PE;UOP02-DEL03-PE
599305;09/05/2024;quinta-feira;15:15:00;PR;277;71;SAO JOSE DOS PINHAIS;Acessar a via sem observar a presença dos outros veículos;Saída de leito carroçável;Com Vítimas Feridas;Pleno dia;Decrescente;Sol;Dupla;Interseção de Vias;Sim;4;0;2;0;2;0;2;2;-25,51035103;-49,13110614;SPRF-PR;DEL01-PR;UOP07-DEL01-PR
599306;09/05/2024;quinta-feira;17:15:00;SC;282;535;CHAPECO;Ausência de reação do condutor;Colisão transversal;Com Vítimas Feridas;Pleno dia;Decrescente;Garoa/Chuvisco;Simples;Interseção de Vias;Não;2;0;1;0;1;0;1;2;-26,998245;-52,643768;SPRF-SC;DEL07-SC;UOP01-DEL07-SC
599309;09/05/2024;quinta-feira;17:30:00;SC;101;204;SAO JOSE;Chuva;Queda de ocupante de veículo;Com Vítimas Feridas;Anoitecer;Decrescente;Garoa/Chuvisco;Múltipla;Reta;Sim;2;0;1;0;1;0;1;1;-27,57531887;-48,61321449;SPRF-SC;DEL01-SC;UOP01-DEL01-SC
599310;09/05/2024;quinta-feira;17:20:00;ES;262;18,9;VIANA;Pedestre andava na pista;Atropelamento de Pedestre;Com Vítimas Feridas;Anoitecer;Decrescente;Céu Claro;Simples;Reta;Sim;3;0;2;0;1;0;2;2;-20,39202029;-40,48209786;SPRF-ES;DEL01-ES;UOP01-DEL01-ES
599311;09/05/2024;quinta-feira;17:10:00;PB;101;39,1;MAMANGUAPE;Desrespeitar a preferência no cruzamento;Colisão frontal;Com Vítimas Feridas;Anoitecer;Crescente;Chuva;Dupla;"Reta;Declive";Sim;2;0;1;1;0;0;2;2;-6,82975098;-35,13756194;SPRF-PB;DEL01-PB;UOP04-DEL01-PB
599312;09/05/2024;quinta-feira;17:18:00;PE;232;90;SAIRE;Reação tardia ou ineficiente do condutor;Colisão traseira;Com Vítimas Feridas;Anoitecer;Decrescente;Céu Claro;Dupla;Reta;Sim;2;0;1;0;1;0;1;2;-8,2172915;-35,65572305;SPRF-PE;DEL02-PE;UOP02-DEL02PE
599313;09/05/2024;quinta-feira;17:22:00;GO;40;1,5;VALPARAISO DE GOIAS;Reação tardia ou ineficiente do condutor;Colisão transversal;Com Vítimas Feridas;Pleno dia;Crescente;Céu Claro;Dupla;Reta;Sim;3;0;2;0;1;0;2;2;-16,058245;-47,982825;SPRF-DF;DEL01-DF;UOP01-DEL01-DF
599314;09/05/2024;quinta-feira;17:00:00;SC;101;203,7;SAO JOSE;Reação tardia ou ineficiente do condutor;Atropelamento de Pedestre;Com Vítimas Feridas;Plena Noite;Decrescente;Chuva;Simples;Viaduto;Sim;2;0;1;0;1;0;1;2;-27,5650044;-48,61460082;SPRF-SC;DEL01-SC;UOP01-DEL01-SC
599316;09/05/2024;quinta-feira;16:30:00;MS;158;97,5;PARANAIBA;Ausência de reação do condutor;Tombamento;Com Vítimas Feridas;Pleno dia;Crescente;Céu Claro;Dupla;Reta;Sim;1;0;1;0;0;0;1;1;-19,69627676;-51,17701292;SPRF-MS;DEL08-MS;UOP01-DEL08-MS
599317;09/05/2024;quinta-feira;17:30:00;MS;163;195;CAARAPO;Animais na Pista;Atropelamento de Animal;Sem Vítimas;Anoitecer;Crescente;Céu Claro;Dupla;Reta;Não;1;0;0;0;1;0;0;1;-22,74809491;-54,78913886;SPRF-MS;DEL04-MS;UOP02-DEL04-MS
599318;09/05/2024;quinta-feira;17:35:00;RJ;465;6;SEROPEDICA;Reação tardia ou ineficiente do condutor;Colisão transversal;Com Vítimas Feridas;Anoitecer;Crescente;Céu Claro;Simples;Reta;Não;2;0;1;0;1;0;1;2;-22,754314;-43,692879;SPRF-RJ;DEL06-RJ;UOP02-DEL06-RJ
599319;09/05/2024;quinta-feira;16:50:00;SC;470;10;NAVEGANTES;Ausência de reação do condutor;Tombamento;Com Vítimas Feridas;Pleno dia;Decrescente;Nublado;Simples;Curva;Não;1;0;1;0;0;0;1;1;-26,833693;-48,73724;SPRF-SC;DEL04-SC;UOP04-DEL04-SC
599320;09/05/2024;quinta-feira;18:10:00;RN;110;47,4;MOSSORO;Condutor deixou de manter distância do veículo da frente;Colisão traseira;Sem Vítimas;Plena Noite;Decrescente;Céu Claro;Simples;Interseção de Vias;Sim;2;0;0;0;2;0;0;2;-5,20338376;-37,32563418;SPRF-RN;DEL04-RN;UOP01-DEL04-RN
599321;09/05/2024;quinta-feira;18:10:00;RS;290;96;PORTO ALEGRE;Animais na Pista;Atropelamento de Animal;Com Vítimas Feridas;Plena Noite;Decrescente;Nublado;Múltipla;Reta;Não;2;0;2;0;0;0;2;1;-29,992107;-51,204525;SPRF-RS;DEL01-RS;UOP01-DEL01-RS
599322;09/05/2024;quinta-feira;17:20:00;BA;116;827,6;VITORIA DA CONQUISTA;Acessar a via sem observar a presença dos outros veículos;Colisão frontal;Com Vítimas Feridas;Pleno dia;Crescente;Nublado;Simples;Reta;Sim;3;0;1;1;1;0;2;2;-14,890639;-40,862235;SPRF-BA;DEL08-BA;UOP01-DEL08-BA
599324;09/05/2024;quinta-feira;18:10:00;PR;369;200,4;APUCARANA;Condutor deixou de manter distância do veículo da frente;Colisão traseira;Com Vítimas Feridas;Anoitecer;Crescente;Céu Claro;Simples;Reta;Sim;2;0;1;0;1;0;1;2;-23,530469;-51,451871;SPRF-PR;DEL07-PR;UOP03-DEL07-PR
599325;09/05/2024;quinta-feira;17:27:00;PE;232;136,9;CARUARU;Ausência de reação do condutor;Colisão traseira;Sem Vítimas;Anoitecer;Crescente;Nublado;Dupla;Reta;Não;4;0;0;0;4;0;0;4;-8,31339932;-36,04175591;SPRF-PE;DEL02-PE;UOP01-DEL02-PE
599328;09/05/2024;quinta-feira;18:00:00;PR;116;152;MANDIRITUBA;Acessar a via sem observar a presença dos outros veículos;Colisão transversal;Com Vítimas Feridas;Anoitecer;Crescente;Nublado;Dupla;Rotatória;Não;2;0;1;0;1;0;1;2;-25,862153;-49,36192;SPRF-PR;DEL01-PR;UOP03-DEL01-PR
599329;09/05/2024;quinta-feira;18:00:00;PR;376;7;MARINGA;Avarias e/ou desgaste excessivo no pneu;Queda de ocupante de veículo;Com Vítimas Feridas;Plena Noite;Crescente;Céu Claro;Dupla;"Reta;Declive";Não;2;0;2;0;0;0;2;1;-23,3726714;-51,92885399;SPRF-PR;DEL09-PR;UOP01-DEL09-PR
599330;09/05/2024;quinta-feira;17:40:00;MS;163;17,2;MUNDO NOVO;Acessar a via sem observar a presença dos outros veículos;Colisão traseira;Com Vítimas Fatais;Anoitecer;Crescente;Céu Claro;Simples;Reta;Não;2;1;0;0;0;1;0;2;-23,94823778;-54,28639519;SPRF-MS;DEL09-MS;UOP02-DEL09-MS
599331;09/05/2024;quinta-feira;18:41:00;PB;230;86;JOAO PESSOA;Ausência de reação do condutor;Colisão traseira;Sem Vítimas;Pleno dia;Crescente;Céu Claro;Dupla;Reta;Sim;2;0;0;0;1;1;0;2;-7,15630814;-34,90708941;SPRF-PB;DEL01-PB;UOP03-DEL01-PB
599332;09/05/2024;quinta-feira;18:30:00;GO;153;507,3;GOIANIA;Demais falhas mecânicas ou elétricas;Eventos atípicos;Com Vítimas Feridas;Anoitecer;Crescente;Céu Claro;Dupla;Reta;Sim;7;0;1;0;5;1;1;3;-16,7715;-49,2387;SPRF-GO;DEL01-GO;UOP03-DEL01-GO
599333;18/04/2024;quinta-feira;10:15:00;AL;101;44;FLEXEIRAS;Chuva;Saída de leito carroçável;Com Vítimas Feridas;Pleno dia;Decrescente;Chuva;Dupla;Curva;Não;1;0;1;0;0;0;1;1;-9,19437805;-35,78723641;SPRF-AL;DEL01-AL;UOP02-DEL01-AL
599335;09/05/2024;quinta-feira;18:50:00;TO;153;496,7;PARAISO DO TOCANTINS;Desrespeitar a preferência no cruzamento;Colisão frontal;Com Vítimas Feridas;Plena Noite;Decrescente;Céu Claro;Simples;"Reta;Declive";Sim;4;0;1;0;1;2;1;3;-10,16527794;-48,88094578;SPRF-TO;DEL01-TO;UOP01-DEL01-TO
599336;09/05/2024;quinta-feira;18:30:00;MG;40;525;CONTAGEM;Ausência de reação do condutor;Engavetamento;Com Vítimas Feridas;Plena Noite;Decrescente;Céu Claro;Dupla;Reta;Sim;4;0;1;0;3;0;1;3;-19,88415509;-44,05031562;SPRF-MG;DEL01-MG;UOP02-DEL01-MG
599337;09/05/2024;quinta-feira;19:00:00;PE;101;76,9;RECIFE;Acostamento em desnível;Colisão com objeto;Com Vítimas Feridas;Plena Noite;Crescente;Nublado;Dupla;"Reta;Interseção de Vias";Sim;2;0;2;0;0;0;2;1;-8,11813811;-34,94329214;SPRF-PE;DEL01-PE;UOP01-DEL01-PE
599338;09/05/2024;quinta-feira;18:30:00;RJ;40;54;PETROPOLIS;Reação tardia ou ineficiente do condutor;Colisão traseira;Com Vítimas Feridas;Plena Noite;Crescente;Céu Claro;Dupla;Reta;Não;2;0;1;0;1;0;1;2;-22,34627607;-43,12411304;SPRF-RJ;DEL05-RJ;UOP02-DEL05-RJ
599339;09/05/2024;quinta-feira;18:00:00;RJ;101;278;TANGUA;Iluminação deficiente;Colisão traseira;Com Vítimas Feridas;Plena Noite;Crescente;Céu Claro;Dupla;Reta;Não;2;0;1;0;1;0;1;2;-22,74024136;-42,75799897;SPRF-RJ;DEL02-RJ;UOP03-DEL02-RJ
599340;09/05/2024;quinta-feira;18:00:00;SC;280;139,7;RIO NEGRINHO;Ausência de reação do condutor;Saída de leito carroçável;Com Vítimas Feridas;Anoitecer;Crescente;Chuva;Simples;Curva;Não;2;0;1;0;1;0;1;1;-26,26237708;-49,59785109;SPRF-SC;DEL06-SC;UOP03-DEL06-SC
599341;09/05/2024;quinta-feira;16:40:00;MT;364;220;RONDONOPOLIS;Ausência de reação do condutor;Saída de leito carroçável;Com Vítimas Feridas;Pleno dia;Decrescente;Céu Claro;Dupla;Reta;Não;1;0;1;0;0;0;1;1;-16,34786395;-54,73950295;SPRF-MT;DEL02-MT;UOP01-DEL02-MT
599343;09/05/2024;quinta-feira;17:28:00;AC;364;127;RIO BRANCO;Ausência de reação do condutor;Colisão traseira;Com Vítimas Feridas;Anoitecer;Decrescente;Céu Claro;Simples;Reta;Não;2;0;1;0;1;0;1;2;-10,01980906;-67,81433091;SPRF-AC;DEL01-AC;UOP01-DEL01-AC
599344;09/05/2024;quinta-feira;19:15:00;RS;392;715,4;PORTO XAVIER;Acessar a via sem observar a presença dos outros veículos;Colisão transversal;Com Vítimas Feridas;Plena Noite;Decrescente;Céu Claro;Simples;"Curva;Aclive";Não;2;0;2;0;0;0;2;2;-27,95699988;-55,13418687;SPRF-RS;DEL10-RS;UOP01-DEL10-RS
599345;09/05/2024;quinta-feira;18:45:00;GO;60;31;ALEXANIA;Acessar a via sem observar a presença dos outros veículos;Colisão transversal;Com Vítimas Feridas;Plena Noite;Crescente;Céu Claro;Dupla;Interseção de Vias;Sim;3;0;2;0;1;0;2;2;-16,0963;-48,5202;SPRF-DF;DEL03-DF;UOP01-DEL03-DF
599346;09/05/2024;quinta-feira;19:40:00;MG;153;30,5;CANAPOLIS;Velocidade Incompatível;Saída de leito carroçável;Com Vítimas Feridas;Plena Noite;Decrescente;Céu Claro;Múltipla;Reta;Não;2;0;2;0;0;0;2;1;-18,68082528;-49,15506363;SPRF-MG;DEL15-MG;UOP03-DEL15-MG
599347;09/05/2024;quinta-feira;19:00:00;PE;232;95,3;SAIRE;Modificação proibida;Colisão com objeto;Com Vítimas Fatais;Plena Noite;Crescente;Céu Claro;Simples;"Reta;Declive";Não;5;1;0;1;1;2;1;5;-8,228844;-35,702419;SPRF-PE;DEL02-PE;UOP02-DEL02PE
599348;09/05/2024;quinta-feira;19:00:00;RS;290;20,9;SANTO ANTONIO DA PATRULHA;Condutor Dormindo;Colisão lateral mesmo sentido;Sem Vítimas;Plena Noite;Crescente;Céu Claro;Dupla;Reta;Não;2;0;0;0;2;0;0;2;-29,887421;-50,454643;SPRF-RS;DEL03-RS;UOP01-DEL03-RS
599349;09/05/2024;quinta-feira;19:20:00;SP;116;211;GUARULHOS;Ausência de reação do condutor;Queda de ocupante de veículo;Com Vítimas Feridas;Plena Noite;Crescente;Céu Claro;Múltipla;Reta;Sim;1;0;1;0;0;0;1;1;-23,4324306;-46,4194352;SPRF-SP;DEL01-SP;UOP01-DEL01-SP
599351;09/05/2024;quinta-feira;20:00:00;SC;101;204;SAO JOSE;Pista Escorregadia;Tombamento;Com Vítimas Feridas;Plena Noite;Decrescente;Chuva;Múltipla;Reta;Sim;2;0;1;0;0;1;1;2;-27,57413014;-48,61363083;SPRF-SC;DEL01-SC;UOP01-DEL01-SC
599353;09/05/2024;quinta-feira;20:55:00;RS;290;19;SANTO ANTONIO DA PATRULHA;Demais falhas mecânicas ou elétricas;Tombamento;Com Vítimas Feridas;Plena Noite;Crescente;Céu Claro;Simples;Reta;Não;2;0;1;1;0;0;2;1;-29,884407;-50,444893;SPRF-RS;DEL03-RS;UOP01-DEL03-RS
599354;09/05/2024;quinta-feira;20:30:00;DF;70;7;BRASILIA;Manobra de mudança de faixa;Colisão lateral mesmo sentido;Com Vítimas Feridas;Plena Noite;Decrescente;Céu Claro;Dupla;"Aclive;Reta";Sim;2;0;0;1;1;0;1;2;-15,787601;-48,114429;SPRF-DF;DEL03-DF;UOP02-DEL03-DF
599355;09/05/2024;quinta-feira;19:00:00;SC;163;70;SAO MIGUEL DO OESTE;Acessar a via sem observar a presença dos outros veículos;Colisão transversal;Com Vítimas Feridas;Pleno dia;Crescente;Nublado;Dupla;Reta;Sim;2;0;1;0;1;0;1;2;-26,73461723;-53,50680015;SPRF-SC;DEL07-SC;UOP03-DEL07-SC
599357;09/05/2024;quinta-feira;20:40:00;BA;324;616;SALVADOR;Acessar a via sem observar a presença dos outros veículos;Queda de ocupante de veículo;Com Vítimas Feridas;Plena Noite;Decrescente;Céu Claro;Múltipla;Reta;Sim;3;0;2;0;1;0;2;2;-12,87957905;-38,43213893;SPRF-BA;DEL01-BA;UOP01-DEL01-BA
599362;09/05/2024;quinta-feira;20:12:00;SC;101;403;MARACAJA;Reação tardia ou ineficiente do condutor;Colisão transversal;Sem Vítimas;Plena Noite;Decrescente;Céu Claro;Dupla;Reta;Não;2;0;0;0;2;0;0;2;-28,87801417;-49,45745479;SPRF-SC;DEL02-SC;UOP02-DEL02-SC
599365;09/05/2024;quinta-feira;16:50:00;MG;116;221;CATUJI;Ausência de reação do condutor;Tombamento;Com Vítimas Feridas;Pleno dia;Crescente;Chuva;Simples;Reta;Sim;3;0;1;0;1;1;1;1;-17,41867484;-41,51357889;SPRF-MG;DEL11-MG;UOP01-DEL11-MG
599366;09/05/2024;quinta-feira;21:10:00;SC;282;2,7;FLORIANOPOLIS;Reação tardia ou ineficiente do condutor;Colisão lateral mesmo sentido;Com Vítimas Feridas;Plena Noite;Crescente;Chuva;Múltipla;Reta;Sim;1;0;1;0;0;0;1;1;-27,603289;-48,590416;SPRF-SC;DEL01-SC;UOP01-DEL01-SC
599367;09/05/2024;quinta-feira;20:25:00;DF;251;49,5;BRASILIA;Conversão proibida;Colisão transversal;Com Vítimas Feridas;Plena Noite;Decrescente;Céu Claro;Simples;Reta;Não;2;0;0;1;1;0;1;2;-15,94761125;-47,84275337;SPRF-DF;DEL01-DF;UOP01-DEL01-DF
599368;09/05/2024;quinta-feira;19:45:00;PR;163;85,8;CAPANEMA;Desrespeitar a preferência no cruzamento;Colisão traseira;Com Vítimas Feridas;Plena Noite;Crescente;Garoa/Chuvisco;Simples;Reta;Não;2;0;0;1;1;0;1;2;-25,72429696;-53,77992115;SPRF-PR;DEL02-PR;UOP02-DEL02-PR
599369;09/05/2024;quinta-feira;20:00:00;SC;282;68,4;RANCHO QUEIMADO;Reação tardia ou ineficiente do condutor;Colisão frontal;Com Vítimas Feridas;Plena Noite;Decrescente;Garoa/Chuvisco;Simples;Curva;Não;3;0;0;1;2;0;1;3;-27,692406;-49,075939;SPRF-SC;DEL01-SC;UOP03-DEL01-SC
599370;09/05/2024;quinta-feira;19:25:00;RO;319;52;PORTO VELHO;Reação tardia ou ineficiente do condutor;Colisão traseira;Com Vítimas Fatais;Plena Noite;Crescente;Céu Claro;Simples;Reta;Não;3;1;1;0;1;0;1;2;-8,7344222;-63,96451012;SPRF-RO;DEL01-RO;UOP01-DEL01-RO
599371;09/05/2024;quinta-feira;19:00:00;GO;60;404;RIO VERDE;Reação tardia ou ineficiente do condutor;Saída de leito carroçável;Com Vítimas Feridas;Plena Noite;Decrescente;Céu Claro;Dupla;"Aclive;Curva";Não;1;0;1;0;0;0;1;1;-17,8146;-51,0888;SPRF-GO;DEL04-GO;UOP02-DEL04-GO
599372;09/05/2024;quinta-feira;20:40:00;SC;470;93;ASCURRA;Acessar a via sem observar a presença dos outros veículos;Colisão traseira;Com Vítimas Feridas;Plena Noite;Decrescente;Chuva;Simples;Reta;Sim;2;0;2;0;0;0;2;2;-26,994484;-49,375908;SPRF-SC;DEL04-SC;UOP01-DEL04-SC
599373;09/05/2024;quinta-feira;21:50:00;PB;104;10;CUITE;Conversão proibida;Colisão frontal;Com Vítimas Feridas;Plena Noite;Decrescente;Chuva;Simples;Curva;Sim;2;0;0;1;1;0;1;2;-6,4848007;-36,14867075;SPRF-PB;DEL02-PB;UOP04-DEL02-PB
599376;09/05/2024;quinta-feira;21:45:00;PB;230;20,2;JOAO PESSOA;Avarias e/ou desgaste excessivo no pneu;Tombamento;Com Vítimas Feridas;Plena Noite;Crescente;Céu Claro;Dupla;Viaduto;Sim;1;0;0;1;0;0;1;1;-7,13791299;-34,85337138;SPRF-PB;DEL01-PB;UOP01-DEL01-PB
599379;09/05/2024;quinta-feira;08:11:00;PR;277;230;FERNANDES PINHEIRO;Ausência de reação do condutor;Tombamento;Com Vítimas Feridas;Pleno dia;Crescente;Céu Claro;Múltipla;"Aclive;Curva";Não;1;0;1;0;0;0;1;1;-25,466405;-50,46313292;SPRF-PR;DEL08-PR;UOP02-DEL08-PR
599380;09/05/2024;quinta-feira;20:30:00;RS;287;307;SAO PEDRO DO SUL;Ausência de sinalização;Colisão com objeto;Sem Vítimas;Plena Noite;Decrescente;Céu Claro;Simples;Reta;Não;3;0;0;0;3;0;0;1;-29,65763669;-54,44440716;SPRF-RS;DEL09-RS;UOP01-DEL09-RS
599382;09/05/2024;quinta-feira;23:30:00;PR;376;177;MARINGA;Condutor desrespeitou a iluminação vermelha do semáforo;Colisão transversal;Com Vítimas Feridas;Plena Noite;Crescente;Céu Claro;Múltipla;Reta;Sim;6;0;1;1;2;2;2;3;-23,41595855;-51,92226484;SPRF-PR;DEL09-PR;UOP01-DEL09-PR
599384;09/05/2024;quinta-feira;23:40:00;RJ;116;310;RESENDE;Pedestre cruzava a pista fora da faixa;Atropelamento de Pedestre;Com Vítimas Feridas;Plena Noite;Crescente;Céu Claro;Simples;Reta;Sim;2;0;0;1;0;1;1;2;-22,45923593;-44,434776;SPRF-RJ;DEL07-RJ;UOP02-DEL07-RJ