id;data_inversa;dia_semana;horario;uf;br;km;municipio;causa_acidente;tipo_acidente;classificacao_acidente;fase_dia;sentido_via;condicao_metereologica;tipo_pista;tracado_via;uso_solo;pessoas;mortos;feridos_leves;feridos_graves;ilesos;ignorados;feridos;veiculos;latitude;longitude;regional;delegacia;uop
599386;10/05/2024;sexta-feira;00:00:00;CE;116;6;FORTALEZA;Reação tardia ou ineficiente do condutor;Tombamento;Com Vítimas Feridas;Plena Noite;Crescente;Nublado;Múltipla;"Reta;Aclive";Sim;1;0;1;0;0;0;1;1;-3,802624;-38,50400499;SPRF-CE;DEL01-CE;UOP02-DEL01-CE
599388;09/05/2024;quinta-feira;23:10:00;MG;365;628;UBERLANDIA;Transtornos Mentais (exceto suicidio);Colisão com objeto;Com Vítimas Feridas;Plena Noite;Crescente;Céu Claro;Dupla;"Reta;Aclive";Não;1;0;0;1;0;0;1;1;-18,9019354;-48,3514197;SPRF-MG;DEL15-MG;UOP01-DEL15-MG
599389;09/05/2024;quinta-feira;22:00:00;RR;174;541,7;BOA VISTA;Deficiência do Sistema de Iluminação/Sinalização;Colisão traseira;Com Vítimas Feridas;Plena Noite;Decrescente;Chuva;Simples;Reta;Não;2;0;1;0;1;0;1;2;3,09745;-60,818604;SPRF-RR;DEL01-RR;UOP01-DEL01-RR
599390;09/05/2024;quinta-feira;23:00:00;SC;101;368,3;ICARA;Ausência de reação do condutor;Tombamento;Com Vítimas Feridas;Plena Noite;Decrescente;Chuva;Dupla;"Reta;Viaduto";Sim;1;0;1;0;0;0;1;1;-28,69876;-49,18989;SPRF-SC;DEL02-SC;UOP01-DEL02-SC
599391;09/05/2024;quinta-feira;21:30:00;RO;174;14,1;VILHENA;Desrespeitar a preferência no cruzamento;Colisão transversal;Com Vítimas Feridas;Plena Noite;Crescente;Céu Claro;Dupla;"Reta;Interseção de Vias";Sim;2;0;1;0;1;0;1;2;-12,73306632;-60,12981255;SPRF-RO;DEL04-RO;UOP01-DEL04-RO
599392;10/05/2024;sexta-feira;02:00:00;SP;116;206;GUARULHOS;Pedestre cruzava a pista fora da faixa;Atropelamento de Pedestre;Com Vítimas Fatais;Plena Noite;Decrescente;Céu Claro;Múltipla;Reta;Sim;2;1;0;0;0;1;0;2;-23,41722629;-46,37510292;SPRF-SP;DEL01-SP;UOP01-DEL01-SP
599393;09/05/2024;quinta-feira;19:30:00;PA;316;82;SAO FRANCISCO DO PARA;Transitar na contramão;Colisão lateral sentido oposto;Com Vítimas Fatais;Plena Noite;Crescente;Céu Claro;Simples;Reta;Não;4;1;1;0;0;2;1;3;-1,30709738;-47,76215689;SPRF-PA;DEL01-PA;UOP02-DEL01-PA
599394;10/05/2024;sexta-feira;02:20:00;BA;407;1,7;JUAZEIRO;Ingestão de álcool pelo condutor;Colisão com objeto;Sem Vítimas;Plena Noite;Crescente;Céu Claro;Simples;Rotatória;Sim;1;0;0;0;0;1;0;1;-9,42497347;-40,50571203;SPRF-PE;DEL06-PE;UOP01-DEL06-PE
599396;10/05/2024;sexta-feira;01:30:00;MG;116;744,5;LEOPOLDINA;Acesso irregular;Colisão transversal;Com Vítimas Fatais;Plena Noite;Crescente;Nevoeiro/Neblina;Simples;"Reta;Interseção de Vias";Não;6;1;0;2;2;1;2;3;-21,42227206;-42,50880191;SPRF-MG;DEL07-MG;UOP01-DEL07-MG
599397;10/05/2024;sexta-feira;05:00:00;TO;10;455;PALMAS;Ausência de reação do condutor;Queda de ocupante de veículo;Com Vítimas Feridas;Plena Noite;Decrescente;Céu Claro;Múltipla;Reta;Sim;1;0;1;0;0;0;1;1;-10,21491133;-48,15620573;SPRF-TO;DEL01-TO;UOP03-DEL01-TO
599398;10/05/2024;sexta-feira;05:15:00;ES;101;397,9;RIO NOVO DO SUL;Reação tardia ou ineficiente do condutor;Queda de ocupante de veículo;Com Vítimas Feridas;Amanhecer;Crescente;Céu Claro;Simples;Reta;Não;1;0;0;1;0;0;1;1;-20,87297988;-40,94948206;SPRF-ES;DEL03-ES;UOP02-DEL03-ES
599399;10/05/2024;sexta-feira;04:45:00;RS;158;220,6;CRUZ ALTA;Condutor Dormindo;Saída de leito carroçável;Com Vítimas Feridas;Plena Noite;Crescente;Nublado;Simples;Curva;Não;3;0;1;0;2;0;1;1;-28,861118;-53,61617098;SPRF-RS;DEL10-RS;UOP02-DEL10-RS
599401;10/05/2024;sexta-feira;05:30:00;GO;60;98,5;ANAPOLIS;Animais na Pista;Atropelamento de Animal;Com Vítimas Feridas;Plena Noite;Decrescente;Céu Claro;Múltipla;Reta;Sim;1;0;0;1;0;0;1;1;-16,3846;-48,9541;SPRF-GO;DEL02-GO;UOP01-DEL02-GO
599403;10/05/2024;sexta-feira;05:50:00;RS;101;71;OSORIO;Acumulo de areia ou detritos sobre o pavimento;Saída de leito carroçável;Sem Vítimas;Amanhecer;Crescente;Céu Claro;Simples;Curva;Sim;1;0;0;0;0;1;0;1;-29,75769666;-50,21720951;SPRF-RS;DEL03-RS;UOP01-DEL03-RS
599404;10/05/2024;sexta-feira;06:20:00;RJ;116;102;GUAPIMIRIM;Ausência de reação do condutor;Eventos atípicos;Sem Vítimas;Amanhecer;Decrescente;Céu Claro;Simples;"Curva;Aclive";Não;1;0;0;0;1;0;0;1;-22,49820581;-42,99844401;SPRF-RJ;DEL04-RJ;UOP01-DEL04-RJ
599405;10/05/2024;sexta-feira;02:30:00;RO;364;174,5;PIMENTA BUENO;Condutor deixou de manter distância do veículo da frente;Colisão traseira;Com Vítimas Feridas;Plena Noite;Crescente;Céu Claro;Simples;Reta;Não;2;0;1;0;1;0;1;2;-11,813515;-61,039853;SPRF-RO;DEL02-RO;UOP02-DEL02-RO
599406;10/05/2024;sexta-feira;06:50:00;MG;262;362,4;BETIM;Manobra de mudança de faixa;Colisão lateral mesmo sentido;Com Vítimas Feridas;Pleno dia;Crescente;Céu Claro;Dupla;Reta;Não;3;0;1;0;2;0;1;2;-19,98025969;-44,22672112;SPRF-MG;DEL01-MG;UOP03-DEL01-MG
599410;10/05/2024;sexta-feira;06:00:00;PR;277;302;PRUDENTOPOLIS;Condutor Dormindo;Colisão com objeto;Sem Vítimas;Plena Noite;Crescente;Céu Claro;Simples;Reta;Não;1;0;0;0;1;0;0;1;-25,30869;-51,16675;SPRF-PR;DEL08-PR;UOP01-DEL08-PR
599411;10/05/2024;sexta-feira;05:00:00;SC;101;283;IMBITUBA;Ingestão de álcool pelo condutor;Saída de leito carroçável;Com Vítimas Feridas;Plena Noite;Decrescente;Céu Claro;Dupla;Reta;Não;1;0;1;0;0;0;1;1;-28,20457404;-48,6984006;SPRF-SC;DEL02-SC;UOP03-DEL02-SC
599413;09/05/2024;quinta-feira;23:35:00;MA;10;251;IMPERATRIZ;Manobra de mudança de faixa;Colisão lateral mesmo sentido;Sem Vítimas;Plena Noite;Crescente;Céu Claro;Simples;Reta;Sim;2;0;0;0;1;1;0;2;-5,543249;-47,464447;SPRF-MA;DEL04-MA;UOP01-DEL04-MA
599414;10/05/2024;sexta-feira;07:55:00;GO;70;1;AGUAS LINDAS DE GOIAS;Animais na Pista;Queda de ocupante de veículo;Com Vítimas Feridas;Pleno dia;Decrescente;Céu Claro;Dupla;Reta;Não;2;0;1;0;0;1;1;2;-15,77579351;-48,23259001;SPRF-DF;DEL03-DF;UOP02-DEL03-DF
599418;10/05/2024;sexta-feira;07:25:00;BA;116;6,8;VITORIA DA CONQUISTA;Manobra de mudança de faixa;Colisão lateral mesmo sentido;Com Vítimas Feridas;Amanhecer;Crescente;Garoa/Chuvisco;Simples;"Reta;Declive";Não;3;0;1;0;1;1;1;3;-14,851;-40,8485;SPRF-BA;DEL08-BA;UOP01-DEL08-BA
599420;10/05/2024;sexta-feira;06:20:00;RJ;116;185;NOVA IGUACU;Ausência de reação do condutor;Queda de ocupante de veículo;Com Vítimas Feridas;Amanhecer;Decrescente;Céu Claro;Dupla;Reta;Sim;2;0;0;1;1;0;1;1;-22,74151051;-43,45351823;SPRF-RJ;DEL06-RJ;UOP01-DEL06-RJ
599422;10/05/2024;sexta-feira;07:05:00;RJ;116;187;NOVA IGUACU;Ausência de reação do condutor;Colisão lateral mesmo sentido;Com Vítimas Feridas;Pleno dia;Decrescente;Céu Claro;Dupla;Reta;Sim;4;0;3;0;1;0;3;2;-22,73883756;-43,47245197;SPRF-RJ;DEL06-RJ;UOP01-DEL06-RJ
599427;10/05/2024;sexta-feira;06:40:00;MG;262;34;MANHUACU;Reação tardia ou ineficiente do condutor;Colisão lateral mesmo sentido;Sem Vítimas;Pleno dia;Crescente;Céu Claro;Simples;Reta;Sim;3;0;0;0;3;0;0;3;-20,25692664;-42,01099203;SPRF-MG;DEL06-MG;UOP03-DEL06-MG
599428;10/05/2024;sexta-feira;07:30:00;SP;101;23;UBATUBA;Reação tardia ou ineficiente do condutor;Colisão com objeto;Com Vítimas Feridas;Pleno dia;Decrescente;Chuva;Simples;Reta;Não;1;0;1;0;0;0;1;1;-23,3423119;-44,93802008;SPRF-SP;DEL06-SP;UOP01-DEL06-SP
599429;10/05/2024;sexta-feira;07:35:00;SC;282;35,5;AGUAS MORNAS;Demais falhas mecânicas ou elétricas;Tombamento;Com Vítimas Feridas;Pleno dia;Crescente;Céu Claro;Simples;Curva;Não;1;0;0;1;0;0;1;1;-27,702084;-48,826664;SPRF-SC;DEL01-SC;UOP03-DEL01-SC
599430;10/05/2024;sexta-feira;07:35:00;SC;280;91;CORUPA;Pista Escorregadia;Colisão com objeto;Com Vítimas Feridas;Amanhecer;Decrescente;Nevoeiro/Neblina;Simples;"Curva;Declive";Não;1;0;1;0;0;0;1;1;-26,40198057;-49,29053774;SPRF-SC;DEL06-SC;UOP03-DEL06-SC
599431;10/05/2024;sexta-feira;08:30:00;PR;277;81;CURITIBA;Velocidade Incompatível;Colisão com objeto;Com Vítimas Feridas;Pleno dia;Decrescente;Céu Claro;Dupla;Reta;Sim;2;0;1;0;1;0;1;2;-25,469067;-49,21361;SPRF-PR;DEL01-PR;UOP07-DEL01-PR
599432;16/04/2024;terça-feira;11:00:00;SP;116;216;GUARULHOS;Trafegar com motocicleta (ou similar) entre as faixas;Colisão traseira;Com Vítimas Feridas;Pleno dia;Crescente;Céu Claro;Múltipla;Reta;Sim;2;0;1;0;1;0;1;2;-23,45056589;-46,46258105;SPRF-SP;DEL01-SP;UOP01-DEL01-SP
599433;10/05/2024;sexta-feira;09:10:00;RJ;116;172;SAO JOAO DE MERITI;Manobra de mudança de faixa;Colisão lateral mesmo sentido;Com Vítimas Feridas;Pleno dia;Crescente;Sol;Múltipla;Reta;Sim;2;0;1;0;1;0;1;2;-22,80188151;-43,35043673;SPRF-RJ;DEL06-RJ;UOP01-DEL06-RJ
599434;10/05/2024;sexta-feira;09:00:00;CE;116;15;FORTALEZA;Reação tardia ou ineficiente do condutor;Colisão traseira;Com Vítimas Feridas;Pleno dia;Decrescente;Céu Claro;Múltipla;Reta;Sim;5;0;1;0;4;0;1;5;-3,87839882;-38,50066893;SPRF-CE;DEL01-CE;UOP02-DEL01-CE
599435;24/04/2024;quarta-feira;17:30:00;PA;316;60,9;CASTANHAL;Acessar a via sem observar a presença dos outros veículos;Colisão transversal;Com Vítimas Feridas;Anoitecer;Crescente;Ignorado;Dupla;"Reta;Retorno Regulamentado";Sim;2;0;1;0;1;0;1;2;-1,29686015;-47,94639002;SPRF-PA;DEL01-PA;UOP01-DEL01-PA
599436;10/05/2024;sexta-feira;08:10:00;MG;116;417,4;GOVERNADOR VALADARES;Conversão proibida;Colisão transversal;Com Vítimas Feridas;Pleno dia;Crescente;Nublado;Simples;Reta;Sim;2;0;0;1;1;0;1;2;-18,90130308;-41,94492414;SPRF-MG;DEL06-MG;UOP01-DEL06-MG
599437;10/05/2024;sexta-feira;08:53:00;BA;116;425;FEIRA DE SANTANA;Retorno proibido;Colisão transversal;Com Vítimas Feridas;Pleno dia;Decrescente;Sol;Dupla;Reta;Sim;2;0;1;0;1;0;1;2;-12,23736613;-38,97999588;SPRF-BA;DEL02-BA;UOP01-DEL02-BA
599438;10/05/2024;sexta-feira;09:15:00;SC;101;205;SAO JOSE;Condutor deixou de manter distância do veículo da frente;Colisão traseira;Com Vítimas Feridas;Pleno dia;Crescente;Céu Claro;Dupla;"Reta;Interseção de Vias";Sim;3;0;3;0;0;0;3;2;-27,58313237;-48,61532885;SPRF-SC;DEL01-SC;UOP01-DEL01-SC
599439;02/05/2024;quinta-feira;21:00:00;PE;104;93;AGRESTINA;Manobra de mudança de faixa;Colisão lateral sentido oposto;Com Vítimas Feridas;Plena Noite;Decrescente;Céu Claro;Simples;Reta;Não;2;0;0;1;1;0;1;2;-8,505129;-35,945644;SPRF-PE;DEL02-PE;UOP03-DEL02-PE
599440;10/05/2024;sexta-feira;08:15:00;PI;316;313;PICOS;Ausência de reação do condutor;Colisão traseira;Com Vítimas Feridas;Pleno dia;Decrescente;Céu Claro;Simples;Reta;Sim;2;0;1;0;1;0;1;2;-7,07959049;-41,44975182;SPRF-PI;DEL04-PI;UOP01-DEL04-PI
599442;10/05/2024;sexta-feira;06:30:00;RJ;40;120;DUQUE DE CAXIAS;Reação tardia ou ineficiente do condutor;Colisão lateral mesmo sentido;Com Vítimas Feridas;Pleno dia;Crescente;Céu Claro;Dupla;Reta;Sim;2;0;1;0;1;0;1;2;-22,77280597;-43,28626763;SPRF-RJ;DEL01-RJ;UOP02-DEL01-RJ
599444;10/05/2024;sexta-feira;07:30:00;MG;153;62;MONTE ALEGRE DE MINAS;Mal súbito do condutor;Saída de leito carroçável;Com Vítimas Feridas;Pleno dia;Crescente;Céu Claro;Simples;Reta;Não;1;0;1;0;0;0;1;1;-18,90963798;-49,03804997;SPRF-MG;DEL15-MG;UOP03-DEL15-MG
599445;10/05/2024;sexta-feira;09:40:00;BA;116;419;FEIRA DE SANTANA;Reação tardia ou ineficiente do condutor;Colisão traseira;Com Vítimas Feridas;Pleno dia;Decrescente;Céu Claro;Dupla;Reta;Sim;3;0;2;0;1;0;2;2;-12,194529;-38,965336;SPRF-BA;DEL02-BA;UOP01-DEL02-BA
599446;10/05/2024;sexta-feira;08:36:00;RN;406;168,8;SAO GONCALO DO AMARANTE;Acesso irregular;Colisão transversal;Com Vítimas Feridas;Pleno dia;Crescente;Céu Claro;Dupla;Reta;Sim;2;0;1;0;1;0;1;2;-5,75269453;-35,31535484;SPRF-RN;DEL02-RN;UOP01-DEL02-RN
599447;10/05/2024;sexta-feira;08:40:00;GO;60;322;ACREUNA;Reação tardia ou ineficiente do condutor;Saída de leito carroçável;Com Vítimas Feridas;Pleno dia;Crescente;Céu Claro;Dupla;Reta;Sim;1;0;1;0;0;0;1;1;-17,5025;-50,4672;SPRF-GO;DEL04-GO;UOP02-DEL04-GO
599450;10/05/2024;sexta-feira;08:50:00;ES;101;258,4;SERRA;Manobra de mudança de faixa;Capotamento;Com Vítimas Feridas;Pleno dia;Crescente;Céu Claro;Dupla;Declive;Sim;1;0;1;0;0;0;1;1;-20,13059888;-40,2961019;SPRF-ES;DEL02-ES;UOP01-DEL02-ES
599456;10/05/2024;sexta-feira;10:20:00;RJ;101;471;ANGRA DOS REIS;Condutor deixou de manter distância do veículo da frente;Colisão traseira;Com Vítimas Feridas;Pleno dia;Crescente;Céu Claro;Simples;Reta;Não;3;0;2;0;1;0;2;2;-22,99649604;-44,22906307;SPRF-RJ;DEL03-RJ;UOP03-DEL03-RJ
599458;10/05/2024;sexta-feira;09:30:00;MG;153;134;PRATA;Ausência de reação do condutor;Saída de leito carroçável;Com Vítimas Feridas;Pleno dia;Crescente;Céu Claro;Dupla;Ponte;Não;3;0;1;2;0;0;3;1;-19,51436207;-48,84030206;SPRF-MG;DEL15-MG;UOP03-DEL15-MG
599461;10/05/2024;sexta-feira;09:40:00;SP;116;99,5;PINDAMONHANGABA;Reação tardia ou ineficiente do condutor;Saída de leito carroçável;Com Vítimas Feridas;Pleno dia;Decrescente;Sol;Dupla;"Curva;Aclive";Não;1;0;0;1;0;0;1;1;-22,98420465;-45,46754122;SPRF-SP;DEL08-SP;UOP01-DEL08-SP
599463;07/04/2024;domingo;23:15:00;MG;262;460;NOVA SERRANA;Ingestão de álcool pelo condutor;Colisão frontal;Com Vítimas Fatais;Plena Noite;Decrescente;Céu Claro;Simples;Reta;Não;5;3;1;1;0;0;2;2;-19,81112269;-45,10954142;SPRF-MG;DEL08-MG;UOP03-DEL08-MG
599465;10/05/2024;sexta-feira;11:10:00;MG;40;492,5;SETE LAGOAS;Condutor usando celular;Saída de leito carroçável;Com Vítimas Feridas;Pleno dia;Decrescente;Sol;Dupla;Reta;Não;2;0;0;2;0;0;2;1;-19,63737896;-44,20372986;SPRF-MG;DEL02-MG;UOP01-DEL02-MG
599474;03/05/2024;sexta-feira;06:40:00;MS;163;105;ITAQUIRAI;Ausência de reação do condutor;Saída de leito carroçável;Com Vítimas Feridas;Pleno dia;Crescente;Céu Claro;Dupla;Reta;Não;2;0;1;1;0;0;2;1;-23,235432;-54,221735;SPRF-MS;DEL09-MS;UOP01-DEL09-MS
599475;10/05/2024;sexta-feira;08:00:00;GO;70;398;MONTES CLAROS DE GOIAS;Transtornos Mentais (exceto suicidio);Saída de leito carroçável;Com Vítimas Fatais;Pleno dia;Crescente;Céu Claro;Simples;Reta;Não;1;1;0;0;0;0;0;1;-15,86064;-51,595953;SPRF-GO;DEL04-GO;UOP02-DEL04-GO
599477;29/04/2024;segunda-feira;11:34:00;PE;428;192;PETROLINA;Transitar na contramão;Colisão frontal;Com Vítimas Feridas;Pleno dia;Decrescente;Céu Claro;Dupla;Reta;Sim;2;0;2;0;0;0;2;2;-9,38067769;-40,51113714;SPRF-PE;DEL06-PE;UOP01-DEL06-PE
599479;10/05/2024;sexta-feira;12:25:00;AL;101;230,7;PORTO REAL DO COLEGIO;Demais falhas mecânicas ou elétricas;Queda de ocupante de veículo;Com Vítimas Feridas;Pleno dia;Crescente;Nublado;Dupla;Curva;Não;2;0;2;0;0;0;2;1;-10,12025193;-36,73392699;SPRF-AL;DEL02-AL;UOP02-DEL02-AL
599480;08/05/2024;quarta-feira;06:18:00;RS;290;85;PORTO ALEGRE;Pista esburacada;Tombamento;Com Vítimas Feridas;Amanhecer;Decrescente;Ignorado;Dupla;Curva;Não;2;0;2;0;0;0;2;1;-29,967936;-51,106873;SPRF-RS;DEL01-RS;UOP01-DEL01-RS
599481;10/05/2024;sexta-feira;12:06:00;RO;319;62;PORTO VELHO;Condutor deixou de manter distância do veículo da frente;Engavetamento;Sem Vítimas;Pleno dia;Crescente;Sol;Dupla;Reta;Sim;3;0;0;0;3;0;0;3;-8,766685;-63,884052;SPRF-RO;DEL01-RO;UOP01-DEL01-RO
599484;10/05/2024;sexta-feira;11:40:00;SC;470;74;INDAIAL;Reação tardia ou ineficiente do condutor;Colisão traseira;Sem Vítimas;Pleno dia;Crescente;Nublado;Simples;Reta;Sim;2;0;0;0;2;0;0;2;-26,9182982;-49,2816056;SPRF-SC;DEL04-SC;UOP01-DEL04-SC
599485;10/05/2024;sexta-feira;14:03:00;RN;101;84,2;NATAL;Velocidade Incompatível;Colisão lateral mesmo sentido;Com Vítimas Feridas;Pleno dia;Decrescente;Sol;Dupla;"Interseção de Vias;Viaduto";Sim;3;0;0;1;2;0;1;3;-5,77504241;-35,25551504;SPRF-RN;DEL02-RN;UOP01-DEL02-RN
599486;10/05/2024;sexta-feira;14:08:00;RN;101;150;GOIANINHA;Acessar a via sem observar a presença dos outros veículos;Colisão traseira;Com Vítimas Feridas;Pleno dia;Crescente;Céu Claro;Dupla;Reta;Não;2;0;1;0;1;0;1;2;-6,29468817;-35,1962053;SPRF-RN;DEL01-RN;UOP01-DEL01-RN
599489;10/05/2024;sexta-feira;13:00:00;MS;262;7;TRES LAGOAS;Ausência de reação do condutor;Colisão traseira;Com Vítimas Feridas;Pleno dia;Crescente;Sol;Dupla;Reta;Sim;2;0;1;0;1;0;1;2;-20,78948908;-51,67723385;SPRF-MS;DEL07-MS;UOP01-DEL07-MS
599493;10/05/2024;sexta-feira;11:46:00;MG;354;755,5;ITAMONTE;Acessar a via sem observar a presença dos outros veículos;Colisão transversal;Com Vítimas Feridas;Pleno dia;Crescente;Sol;Simples;Reta;Não;2;0;1;0;1;0;1;2;-22,298372;-44,862895;SPRF-MG;DEL17-MG;UOP01-DEL17-MG
599496;10/05/2024;sexta-feira;14:00:00;MG;116;276,9;TEOFILO OTONI;Condutor deixou de manter distância do veículo da frente;Colisão traseira;Com Vítimas Feridas;Pleno dia;Crescente;Céu Claro;Dupla;Reta;Sim;2;0;0;1;1;0;1;2;-17,85105696;-41,51454492;SPRF-MG;DEL11-MG;UOP01-DEL11-MG
599497;10/05/2024;sexta-feira;14:40:00;PE;232;73,3;GRAVATA;Ausência de reação do condutor;Colisão traseira;Com Vítimas Feridas;Pleno dia;Crescente;Céu Claro;Dupla;Reta;Não;4;0;1;1;2;0;2;3;-8,19060018;-35,50931093;SPRF-PE;DEL02-PE;UOP02-DEL02PE
599498;10/05/2024;sexta-feira;13:00:00;MT;70;377,9;CAMPO VERDE;Conversão proibida;Colisão transversal;Com Vítimas Feridas;Pleno dia;Crescente;Sol;Simples;Reta;Sim;3;0;2;0;1;0;2;2;-15,49768472;-55,09730092;SPRF-MT;DEL05-MT;UOP02-DEL05-MT
599499;10/05/2024;sexta-feira;03:40:00;PB;0;0;AREIAL;Reação tardia ou ineficiente do condutor;Colisão traseira;Sem Vítimas;Plena Noite;Não Informado;Céu Claro;Simples;Reta;Sim;1;0;0;0;1;0;0;1;-7,0488793;-35,924387;SPRF-PB;DEL02-PB;UOP02-DEL02-PB
599502;10/05/2024;sexta-feira;15:47:00;MG;40;447,4;CAETANOPOLIS;Ausência de reação do condutor;Tombamento;Com Vítimas Feridas;Pleno dia;Decrescente;Céu Claro;Dupla;Reta;Não;1;0;1;0;0;0;1;1;-19,29359592;-44,38358492;SPRF-MG;DEL02-MG;UOP01-DEL02-MG
599504;10/05/2024;sexta-feira;15:15:00;CE;222;0,5;FORTALEZA;Manobra de mudança de faixa;Colisão traseira;Com Vítimas Feridas;Pleno dia;Decrescente;Céu Claro;Múltipla;Reta;Sim;3;0;1;0;2;0;1;2;-3,73714999;-38,57276555;SPRF-CE;DEL01-CE;UOP01-DEL01-CE
599507;10/05/2024;sexta-feira;14:00:00;ES;101;17,8;SERRA;Avarias e/ou desgaste excessivo no pneu;Queda de ocupante de veículo;Com Vítimas Feridas;Pleno dia;Decrescente;Céu Claro;Dupla;Reta;Não;1;0;1;0;0;0;1;1;-20,129093;-40,308125;SPRF-ES;DEL02-ES;UOP01-DEL02-ES
599508;10/05/2024;sexta-feira;15:30:00;RS;116;525,9;PELOTAS;Desrespeitar a preferência no cruzamento;Colisão transversal;Com Vítimas Feridas;Pleno dia;Decrescente;Chuva;Múltipla;"Rotatória;Viaduto;Interseção de Vias";Sim;2;0;1;0;1;0;1;2;-31,7359522;-52,39349776;SPRF-RS;DEL07-RS;UOP01-DEL07-RS
599510;10/05/2024;sexta-feira;16:05:00;SC;101;117,5;ITAJAI;Ausência de reação do condutor;Colisão traseira;Com Vítimas Feridas;Pleno dia;Decrescente;Nublado;Múltipla;Interseção de Vias;Não;3;0;1;0;2;0;1;3;-26,88747187;-48,72252969;SPRF-SC;DEL04-SC;UOP04-DEL04-SC
599512;29/04/2024;segunda-feira;11:20:00;MS;262;9;TRES LAGOAS;Acessar a via sem observar a presença dos outros veículos;Colisão transversal;Com Vítimas Feridas;Pleno dia;Decrescente;Céu Claro;Dupla;Reta;Sim;2;0;1;0;1;0;1;2;-20,80303598;-51,685902;SPRF-MS;DEL07-MS;UOP01-DEL07-MS
599513;10/05/2024;sexta-feira;13:30:00;PR;277;726;FOZ DO IGUACU;Condutor deixou de manter distância do veículo da frente;Colisão traseira;Com Vítimas Feridas;Pleno dia;Crescente;Nublado;Dupla;Reta;Sim;2;0;0;1;1;0;1;2;-25,5106015;-54,55481999;SPRF-PR;DEL05-PR;UOP03-DEL05-PR
599514;10/05/2024;sexta-feira;15:40:00;MG;116;582;MANHUACU;Acessar a via sem observar a presença dos outros veículos;Colisão transversal;Com Vítimas Feridas;Pleno dia;Decrescente;Céu Claro;Simples;Reta;Não;2;0;0;1;1;0;1;2;-20,21424995;-42,18135561;SPRF-MG;DEL06-MG;UOP03-DEL06-MG
599518;10/05/2024;sexta-feira;16:12:00;RN;101;94;NATAL;Carga excessiva e/ou mal acondicionada;Colisão com objeto;Com Vítimas Feridas;Pleno dia;Decrescente;Céu Claro;Dupla;Reta;Sim;3;0;0;2;1;0;2;2;-5,83176615;-35,21191342;SPRF-RN;DEL01-RN;UOP01-DEL01-RN
599519;10/05/2024;sexta-feira;16:05:00;ES;101;261,7;SERRA;Acesso irregular;Colisão transversal;Com Vítimas Feridas;Pleno dia;Decrescente;Céu Claro;Dupla;Declive;Sim;2;0;1;1;0;0;2;2;-20,1572331;-40,27678329;SPRF-ES;DEL02-ES;UOP01-DEL02-ES
599520;10/05/2024;sexta-feira;16:40:00;DF;40;2;BRASILIA;Manobra de mudança de faixa;Colisão lateral mesmo sentido;Com Vítimas Feridas;Pleno dia;Crescente;Céu Claro;Dupla;Reta;Sim;2;0;1;0;1;0;1;2;-15,99435;-47,985947;SPRF-DF;DEL01-DF;UOP01-DEL01-DF
599521;10/05/2024;sexta-feira;16:20:00;SC;282;17;PALHOCA;Acessar a via sem observar a presença dos outros veículos;Colisão transversal;Com Vítimas Feridas;Pleno dia;Decrescente;Nublado;Simples;Interseção de Vias;Não;2;0;1;0;1;0;1;2;-27,665707;-48,688065;SPRF-SC;DEL01-SC;UOP02-DEL01-SC
599522;10/05/2024;sexta-feira;16:25:00;SC;101;148;ITAPEMA;Reação tardia ou ineficiente do condutor;Colisão traseira;Com Vítimas Feridas;Pleno dia;Decrescente;Nublado;Múltipla;Reta;Sim;2;0;0;1;1;0;1;2;-27,10123686;-48,61807962;SPRF-SC;DEL04-SC;UOP03-DEL04-SC
599524;10/05/2024;sexta-feira;16:50:00;SP;116;185;SANTA ISABEL;Condutor deixou de manter distância do veículo da frente;Colisão com objeto;Com Vítimas Feridas;Anoitecer;Decrescente;Céu Claro;Dupla;Reta;Sim;1;0;1;0;0;0;1;1;-23,35176424;-46,18966001;SPRF-SP;DEL01-SP;UOP01-DEL01-SP
599525;10/05/2024;sexta-feira;16:10:00;GO;153;438;ANAPOLIS;Ausência de reação do condutor;Colisão com objeto;Com Vítimas Feridas;Pleno dia;Crescente;Céu Claro;Dupla;Reta;Sim;2;0;1;0;1;0;1;1;-16,291595;-48,934811;SPRF-GO;DEL02-GO;UOP01-DEL02-GO
599526;10/05/2024;sexta-feira;16:40:00;PR;376;3,8;APUCARANA;Condutor desrespeitou a iluminação vermelha do semáforo;Colisão transversal;Com Vítimas Feridas;Pleno dia;Crescente;Céu Claro;Simples;Interseção de Vias;Não;9;0;1;0;8;0;1;4;-23,5513;-51,461266;SPRF-PR;DEL07-PR;UOP03-DEL07-PR
599529;10/05/2024;sexta-feira;02:30:00;RS;472;423;SAO BORJA;Ausência de reação do condutor;Capotamento;Sem Vítimas;Plena Noite;Decrescente;Céu Claro;Simples;Reta;Não;2;0;0;0;0;2;0;2;-28,81296608;-56,05140871;SPRF-RS;DEL12-RS;UOP01-DEL12-RS
599530;04/05/2024;sábado;23:00:00;RS;101;2;TORRES;Reação tardia ou ineficiente do condutor;Saída de leito carroçável;Com Vítimas Feridas;Plena Noite;Decrescente;Nublado;Simples;Reta;Não;1;0;1;0;0;0;1;1;-29,316784;-49,774467;SPRF-RS;DEL03-RS;UOP02-DEL03-RS
599531;10/05/2024;sexta-feira;17:30:00;SC;101;121;ITAJAI;Acumulo de areia ou detritos sobre o pavimento;Tombamento;Com Vítimas Feridas;Anoitecer;Crescente;Nublado;Dupla;Reta;Sim;1;0;0;1;0;0;1;1;-26,92103178;-48,70856446;SPRF-SC;DEL04-SC;UOP04-DEL04-SC