id;data_inversa;dia_semana;horario;uf;br;km;municipio;causa_acidente;tipo_acidente;classificacao_acidente;fase_dia;sentido_via;condicao_metereologica;tipo_pista;tracado_via;uso_solo;pessoas;mortos;feridos_leves;feridos_graves;ilesos;ignorados;feridos;veiculos;latitude;longitude;regional;delegacia;uop
599532;10/05/2024;sexta-feira;16:20:00;RJ;465;19;NOVA IGUACU;Condutor deixou de manter distância do veículo da frente;Colisão traseira;Com Vítimas Feridas;Pleno dia;Crescente;Céu Claro;Simples;Interseção de Vias;Sim;2;0;1;0;1;0;1;2;-22,839184;-43,610451;SPRF-RJ;DEL06-RJ;UOP02-DEL06-RJ
599534;10/05/2024;sexta-feira;17:15:00;SC;282;17;PALHOCA;Transitar no Acostamento;Colisão transversal;Com Vítimas Feridas;Anoitecer;Decrescente;Céu Claro;Simples;"Retorno Regulamentado;Interseção de Vias";Sim;2;0;1;0;0;1;1;2;-27,665707;-48,688065;SPRF-SC;DEL01-SC;UOP02-DEL01-SC
599535;10/05/2024;sexta-feira;17:55:00;MG;381;486;BETIM;Reação tardia ou ineficiente do condutor;Colisão traseira;Com Vítimas Feridas;Anoitecer;Decrescente;Céu Claro;Dupla;Reta;Não;3;0;2;0;1;0;2;2;-19,95644414;-44,13611598;SPRF-MG;DEL01-MG;UOP03-DEL01-MG
599536;10/05/2024;sexta-feira;15:20:00;MT;174;480;COMODORO;Acesso irregular;Colisão lateral mesmo sentido;Com Vítimas Feridas;Pleno dia;Decrescente;Céu Claro;Simples;Reta;Não;2;0;1;0;1;0;1;2;-13,70885684;-59,78274157;SPRF-MT;DEL04-MT;UOP02-DEL04-MT
599537;10/05/2024;sexta-feira;16:15:00;MG;267;89,3;JUIZ DE FORA;Reação tardia ou ineficiente do condutor;Colisão transversal;Com Vítimas Feridas;Pleno dia;Crescente;Céu Claro;Simples;"Declive;Interseção de Vias";Sim;2;0;1;0;1;0;1;2;-21,74845016;-43,27285572;SPRF-MG;DEL05-MG;UOP01-DEL05-MG
599538;10/05/2024;sexta-feira;17:31:00;ES;101;142;LINHARES;Condutor deixou de manter distância do veículo da frente;Colisão traseira;Com Vítimas Feridas;Plena Noite;Crescente;Céu Claro;Simples;Reta;Sim;2;0;0;1;1;0;1;2;-19,32655693;-40,07192387;SPRF-ES;DEL04-ES;UOP01-DEL04-ES
599539;10/05/2024;sexta-feira;18:00:00;RN;101;98;NATAL;Pedestre cruzava a pista fora da faixa;Atropelamento de Pedestre;Com Vítimas Feridas;Plena Noite;Crescente;Céu Claro;Dupla;Reta;Sim;2;0;1;1;0;0;2;2;-5,86567888;-35,21651625;SPRF-RN;DEL01-RN;UOP01-DEL01-RN
599541;15/03/2024;sexta-feira;18:30:00;PB;230;75,5;SOBRADO;Entrada inopinada do pedestre;Atropelamento de Pedestre;Com Vítimas Fatais;Plena Noite;Decrescente;Céu Claro;Dupla;Reta;Sim;2;1;0;0;0;1;0;2;-7,1908;-35,2682;SPRF-PB;DEL01-PB;UOP03-DEL01-PB
599543;10/05/2024;sexta-feira;15:45:00;RJ;40;121;DUQUE DE CAXIAS;Reação tardia ou ineficiente do condutor;Colisão traseira;Com Vítimas Feridas;Pleno dia;Decrescente;Céu Claro;Múltipla;Reta;Sim;2;0;1;0;1;0;1;2;-22,78185499;-43,28571273;SPRF-RJ;DEL01-RJ;UOP02-DEL01-RJ
599544;10/05/2024;sexta-feira;16:30:00;PR;277;114;CAMPO LARGO;Ausência de reação do condutor;Queda de ocupante de veículo;Com Vítimas Feridas;Pleno dia;Decrescente;Sol;Dupla;Reta;Sim;1;0;0;1;0;0;1;1;-25,44549926;-49,49628353;SPRF-PR;DEL03-PR;UOP03-DEL03-PR
599545;10/05/2024;sexta-feira;15:30:00;MG;365;786;GURINHATA;Ingestão de álcool pelo condutor;Colisão traseira;Com Vítimas Feridas;Pleno dia;Decrescente;Céu Claro;Simples;Reta;Não;2;0;1;0;1;0;1;2;-18,94023449;-49,77902569;SPRF-MG;DEL15-MG;UOP03-DEL15-MG
599547;10/05/2024;sexta-feira;18:05:00;SP;116;212;GUARULHOS;Reação tardia ou ineficiente do condutor;Colisão traseira;Com Vítimas Feridas;Plena Noite;Decrescente;Céu Claro;Dupla;"Reta;Aclive";Sim;2;0;1;0;1;0;1;2;-23,43608315;-46,42805094;SPRF-SP;DEL01-SP;UOP01-DEL01-SP
599548;10/05/2024;sexta-feira;18:30:00;GO;153;538;HIDROLANDIA;Demais falhas mecânicas ou elétricas;Tombamento;Com Vítimas Feridas;Anoitecer;Crescente;Céu Claro;Dupla;Reta;Não;1;0;1;0;0;0;1;1;-17,0365;-49,2243;SPRF-GO;DEL01-GO;UOP03-DEL01-GO
599549;10/05/2024;sexta-feira;15:30:00;RO;435;86;COLORADO DO OESTE;Sinalização mal posicionada;Colisão transversal;Com Vítimas Feridas;Pleno dia;Decrescente;Céu Claro;Simples;Rotatória;Não;3;0;2;0;1;0;2;2;-13,12026846;-60,54055407;SPRF-RO;DEL04-RO;UOP02-DEL04-RO
599550;10/05/2024;sexta-feira;17:30:00;BA;101;505;ITABUNA;Ausência de reação do condutor;Colisão transversal;Com Vítimas Feridas;Plena Noite;Decrescente;Céu Claro;Simples;Reta;Sim;2;0;0;1;1;0;1;2;-14,799976;-39,291128;SPRF-BA;DEL05-BA;UOP01-DEL05-BA
599551;10/05/2024;sexta-feira;17:30:00;ES;262;95,2;DOMINGOS MARTINS;Animais na Pista;Atropelamento de Animal;Com Vítimas Feridas;Anoitecer;Decrescente;Chuva;Simples;Rotatória;Não;1;0;0;1;0;0;1;1;-20,3659225;-41,06040133;SPRF-ES;DEL01-ES;UOP02-DEL01-ES
599552;06/05/2024;segunda-feira;11:40:00;PR;116;127;FAZENDA RIO GRANDE;Reação tardia ou ineficiente do condutor;Colisão traseira;Sem Vítimas;Pleno dia;Decrescente;Céu Claro;Múltipla;Reta;Sim;2;0;0;0;1;1;0;2;-25,647937;-49,31247;SPRF-PR;DEL01-PR;UOP03-DEL01-PR
599553;10/05/2024;sexta-feira;18:35:00;SE;101;199;CRISTINAPOLIS;Manobra de mudança de faixa;Colisão frontal;Com Vítimas Feridas;Pleno dia;Crescente;Céu Claro;Simples;Reta;Sim;2;0;0;1;1;0;1;2;-11,48067309;-37,76331995;SPRF-SE;DEL02-SE;UOP03-DEL02-SE
599554;10/05/2024;sexta-feira;17:50:00;AL;104;93,1;RIO LARGO;Pedestre cruzava a pista fora da faixa;Atropelamento de Pedestre;Com Vítimas Fatais;Anoitecer;Decrescente;Nublado;Dupla;Reta;Sim;3;1;0;0;1;1;0;2;-9,52891696;-35,79807693;SPRF-AL;DEL01-AL;UOP01-DEL01-AL
599556;10/05/2024;sexta-feira;18:10:00;BA;324;528;FEIRA DE SANTANA;Reação tardia ou ineficiente do condutor;Colisão traseira;Com Vítimas Feridas;Plena Noite;Decrescente;Nublado;Dupla;Reta;Não;4;0;2;0;2;0;2;3;-12,31728191;-38,87612093;SPRF-BA;DEL01-BA;UOP03-DEL01-BA
599558;10/05/2024;sexta-feira;17:20:00;PR;369;55,4;BANDEIRANTES;Condutor desrespeitou a iluminação vermelha do semáforo;Colisão transversal;Com Vítimas Feridas;Pleno dia;Decrescente;Céu Claro;Simples;"Aclive;Reta";Sim;3;0;0;1;2;0;1;2;-23,10974046;-50,37100017;SPRF-PR;DEL07-PR;UOP05-DEL07-PR
599559;20/04/2024;sábado;09:20:00;PE;408;101;SAO LOURENCO DA MATA;Acumulo de água sobre o pavimento;Saída de leito carroçável;Com Vítimas Feridas;Pleno dia;Crescente;Chuva;Dupla;"Reta;Declive";Não;1;0;1;0;0;0;1;1;-8,04710272;-35,00887967;SPRF-PE;DEL01-PE;UOP01-DEL01-PE
599561;10/05/2024;sexta-feira;18:43:00;RJ;465;1;SEROPEDICA;Deficiência do Sistema de Iluminação/Sinalização;Atropelamento de Pedestre;Com Vítimas Feridas;Plena Noite;Decrescente;Céu Claro;Simples;Reta;Sim;2;0;0;1;1;0;1;2;-22,719835;-43,725739;SPRF-RJ;DEL06-RJ;UOP02-DEL06-RJ
599563;10/05/2024;sexta-feira;18:00:00;PA;316;53;CASTANHAL;Condutor deixou de manter distância do veículo da frente;Colisão traseira;Sem Vítimas;Anoitecer;Crescente;Nublado;Dupla;Reta;Não;2;0;0;0;2;0;0;2;-1,30643485;-48,01696002;SPRF-PA;DEL01-PA;UOP01-DEL01-PA
599564;10/05/2024;sexta-feira;19:00:00;PB;104;89;REMIGIO;Velocidade Incompatível;Tombamento;Com Vítimas Feridas;Plena Noite;Crescente;Céu Claro;Simples;"Aclive;Reta";Sim;1;0;1;0;0;0;1;1;-6,9732572;-35,80905795;SPRF-PB;DEL02-PB;UOP04-DEL02-PB
599565;10/05/2024;sexta-feira;18:45:00;RS;158;327;SANTA MARIA;Reação tardia ou ineficiente do condutor;Colisão lateral mesmo sentido;Sem Vítimas;Anoitecer;Crescente;Nublado;Dupla;"Reta;Interseção de Vias;Em Obras;Desvio Temporário";Sim;2;0;0;0;2;0;0;2;-29,70906656;-53,82337332;SPRF-RS;DEL09-RS;UOP01-DEL09-RS
599567;10/05/2024;sexta-feira;18:16:00;PE;232;413;SERRA TALHADA;Transitar na contramão;Colisão lateral sentido oposto;Sem Vítimas;Plena Noite;Crescente;Céu Claro;Simples;Reta;Sim;2;0;0;0;2;0;0;2;-7,98857087;-38,32972307;SPRF-PE;DEL04-PE;UOP01-DEL04-PE
599569;10/05/2024;sexta-feira;18:00:00;PR;369;154,3;LONDRINA;Acessar a via sem observar a presença dos outros veículos;Colisão transversal;Com Vítimas Feridas;Anoitecer;Decrescente;Céu Claro;Dupla;Reta;Sim;2;0;2;0;0;0;2;2;-23,29748366;-51,20085066;SPRF-PR;DEL07-PR;UOP01-DEL07-PR
599570;10/05/2024;sexta-feira;18:00:00;SC;480;129;CHAPECO;Transitar na contramão;Colisão transversal;Com Vítimas Feridas;Anoitecer;Crescente;Nublado;Dupla;"Reta;Em Obras";Sim;2;0;0;1;1;0;1;2;-27,04656607;-52,63577131;SPRF-SC;DEL07-SC;UOP01-DEL07-SC
599571;10/05/2024;sexta-feira;12:00:00;RO;364;14;VILHENA;Desrespeitar a preferência no cruzamento;Colisão transversal;Com Vítimas Feridas;Pleno dia;Crescente;Céu Claro;Simples;Interseção de Vias;Sim;2;0;0;1;1;0;1;2;-12,73898138;-60,13911417;SPRF-RO;DEL04-RO;UOP01-DEL04-RO
599573;10/05/2024;sexta-feira;18:25:00;MS;163;403,7;NOVA ALVORADA DO SUL;Demais falhas mecânicas ou elétricas;Tombamento;Com Vítimas Feridas;Plena Noite;Decrescente;Nublado;Simples;"Reta;Aclive";Não;1;0;1;0;0;0;1;1;-21,14128092;-54,4775677;SPRF-MS;DEL02-MS;UOP01-DEL02-MS
599574;10/05/2024;sexta-feira;19:10:00;PR;277;82,5;CURITIBA;Condutor deixou de manter distância do veículo da frente;Colisão lateral mesmo sentido;Com Vítimas Feridas;Plena Noite;Decrescente;Céu Claro;Dupla;Reta;Sim;2;0;1;0;1;0;1;2;-25,45433522;-49,22513902;SPRF-PR;DEL01-PR;UOP07-DEL01-PR
599576;10/05/2024;sexta-feira;18:15:00;PR;153;111,7;IBAITI;Acessar a via sem observar a presença dos outros veículos;Colisão transversal;Com Vítimas Feridas;Plena Noite;Crescente;Céu Claro;Simples;"Reta;Interseção de Vias";Sim;7;0;4;0;3;0;4;2;-23,86125206;-50,19948581;SPRF-PR;DEL07-PR;UOP04-DEL07-PR
599577;10/05/2024;sexta-feira;18:15:00;BA;330;801;JEQUIE;Ingestão de álcool pelo condutor;Colisão lateral sentido oposto;Sem Vítimas;Plena Noite;Crescente;Chuva;Simples;"Reta;Declive";Não;3;0;0;0;3;0;0;2;-13,95855493;-39,96727596;SPRF-BA;DEL03-BA;UOP01-DEL03-BA
599579;10/05/2024;sexta-feira;19:00:00;PE;232;128,9;CARUARU;Pedestre andava na pista;Atropelamento de Pedestre;Com Vítimas Fatais;Plena Noite;Crescente;Céu Claro;Dupla;Reta;Sim;2;1;0;1;0;0;1;2;-8,30193507;-35,98092002;SPRF-PE;DEL02-PE;UOP01-DEL02-PE
599580;10/05/2024;sexta-feira;19:48:00;SE;235;2;ARACAJU;Acessar a via sem observar a presença dos outros veículos;Colisão transversal;Com Vítimas Feridas;Plena Noite;Decrescente;Nublado;Simples;Reta;Sim;2;0;1;1;0;0;2;2;-10,9062;-37,1034;SPRF-SE;DEL01-SE;UOP01-DEL01-SE
599581;10/05/2024;sexta-feira;19:30:00;SC;101;207;SAO JOSE;Condutor deixou de manter distância do veículo da frente;Colisão traseira;Com Vítimas Feridas;Plena Noite;Crescente;Céu Claro;Múltipla;Reta;Sim;3;0;1;0;2;0;1;2;-27,60001226;-48,6226467;SPRF-SC;DEL01-SC;UOP01-DEL01-SC
599582;10/05/2024;sexta-feira;19:20:00;PR;277;663;MATELANDIA;Reação tardia ou ineficiente do condutor;Colisão transversal;Com Vítimas Feridas;Plena Noite;Crescente;Céu Claro;Dupla;Reta;Não;2;0;0;1;1;0;1;2;-25,25155419;-54,01878197;SPRF-PR;DEL05-PR;UOP02-DEL05-PR
599583;10/05/2024;sexta-feira;18:40:00;BA;116;17;VITORIA DA CONQUISTA;Reação tardia ou ineficiente do condutor;Colisão transversal;Com Vítimas Feridas;Plena Noite;Decrescente;Nublado;Simples;Curva;Sim;4;0;1;0;0;3;1;3;-14,851;-40,8485;SPRF-BA;DEL08-BA;UOP01-DEL08-BA
599584;10/05/2024;sexta-feira;19:00:00;SC;101;201;SAO JOSE;Acessar a via sem observar a presença dos outros veículos;Atropelamento de Pedestre;Com Vítimas Feridas;Plena Noite;Decrescente;Céu Claro;Dupla;Reta;Sim;2;0;0;1;0;1;1;2;-27,54836599;-48,61977975;SPRF-SC;DEL01-SC;UOP01-DEL01-SC
599585;10/05/2024;sexta-feira;19:20:00;RJ;101;477;ANGRA DOS REIS;Pedestre cruzava a pista fora da faixa;Atropelamento de Pedestre;Com Vítimas Feridas;Plena Noite;Crescente;Céu Claro;Simples;Curva;Sim;2;0;1;1;0;0;2;2;-22,99840717;-44,26509619;SPRF-RJ;DEL03-RJ;UOP03-DEL03-RJ
599587;10/05/2024;sexta-feira;19:40:00;SP;381;88,7;GUARULHOS;Área urbana sem a presença de local apropriado para a travessia de pedestres;Atropelamento de Pedestre;Com Vítimas Fatais;Plena Noite;Crescente;Céu Claro;Múltipla;Reta;Sim;2;1;0;0;0;1;0;2;-23,47469314;-46,56112919;SPRF-SP;DEL03-SP;UOP01-DEL03-SP
599588;10/05/2024;sexta-feira;19:30:00;PA;155;344;MARABA;Ultrapassagem Indevida;Colisão frontal;Com Vítimas Feridas;Plena Noite;Crescente;Céu Claro;Simples;Reta;Sim;2;0;1;0;1;0;1;2;-5,36957395;-49,07796968;SPRF-PA;DEL03-PA;UOP01-DEL03-PA
599590;26/01/2024;sexta-feira;04:40:00;TO;153;416;MIRANORTE;Transitar na contramão;Atropelamento de Pedestre;Com Vítimas Feridas;Amanhecer;Decrescente;Garoa/Chuvisco;Simples;Aclive;Sim;2;0;0;1;0;1;1;2;-9,54906574;-48,59904537;SPRF-TO;DEL01-TO;UOP01-DEL01-TO
599591;10/05/2024;sexta-feira;20:30:00;PR;376;179,9;MARINGA;Reação tardia ou ineficiente do condutor;Colisão lateral mesmo sentido;Com Vítimas Feridas;Plena Noite;Crescente;Céu Claro;Dupla;Reta;Sim;3;0;1;0;2;0;1;2;-23,421591;-51,906389;SPRF-PR;DEL09-PR;UOP01-DEL09-PR
599592;10/05/2024;sexta-feira;17:58:00;SC;101;204,7;SAO JOSE;Trafegar com motocicleta (ou similar) entre as faixas;Colisão lateral mesmo sentido;Com Vítimas Feridas;Anoitecer;Crescente;Céu Claro;Dupla;Reta;Sim;2;0;1;1;0;0;2;2;-27,57413014;-48,61363083;SPRF-SC;DEL01-SC;UOP01-DEL01-SC
599594;10/05/2024;sexta-feira;20:30:00;GO;60;109;GOIANAPOLIS;Reação tardia ou ineficiente do condutor;Saída de leito carroçável;Com Vítimas Feridas;Plena Noite;Crescente;Céu Claro;Dupla;"Curva;Declive";Não;2;0;1;1;0;0;2;1;-16,4478;-49,0224;SPRF-GO;DEL01-GO;UOP01-DEL01-GO
599595;10/05/2024;sexta-feira;20:00:00;RJ;116;251;PIRAI;Reação tardia ou ineficiente do condutor;Colisão traseira;Com Vítimas Feridas;Plena Noite;Crescente;Céu Claro;Dupla;Curva;Sim;2;0;1;0;1;0;1;2;-22,60655103;-43,93505207;SPRF-RJ;DEL07-RJ;UOP01-DEL07-RJ
599596;10/05/2024;sexta-feira;19:40:00;CE;20;302,9;CANINDE;Pedestre - Ingestão de álcool/ substâncias psicoativas;Atropelamento de Pedestre;Com Vítimas Feridas;Plena Noite;Decrescente;Céu Claro;Simples;Reta;Não;2;0;0;1;0;1;1;2;-4,40629748;-39,3236974;SPRF-CE;DEL02-CE;UOP01-DEL02-CE
599598;10/05/2024;sexta-feira;20:30:00;SC;282;17;PALHOCA;Acessar a via sem observar a presença dos outros veículos;Colisão transversal;Com Vítimas Feridas;Plena Noite;Crescente;Nublado;Simples;Interseção de Vias;Não;2;0;1;0;1;0;1;2;-27,665707;-48,688065;SPRF-SC;DEL01-SC;UOP02-DEL01-SC
599600;10/05/2024;sexta-feira;19:35:00;PE;408;40;ALIANCA;Acessar a via sem observar a presença dos outros veículos;Colisão transversal;Com Vítimas Feridas;Plena Noite;Decrescente;Céu Claro;Simples;"Reta;Interseção de Vias;Rotatória";Não;2;0;1;0;1;0;1;2;-7,64930515;-35,25214043;SPRF-PE;DEL01-PE;UOP02-DEL01-PE
599601;10/05/2024;sexta-feira;20:30:00;MG;116;522,1;CARATINGA;Entrada inopinada do pedestre;Atropelamento de Pedestre;Com Vítimas Feridas;Plena Noite;Decrescente;Céu Claro;Simples;Curva;Sim;2;0;2;0;0;0;2;2;-19,74300101;-42,13231969;SPRF-MG;DEL06-MG;UOP02-DEL06-MG
599602;10/05/2024;sexta-feira;20:30:00;MT;0;0;AGUA BOA;Reação tardia ou ineficiente do condutor;Colisão lateral sentido oposto;Sem Vítimas;Plena Noite;Não Informado;Céu Claro;Simples;Reta;Não;3;0;0;0;3;0;0;2;-14,088218;-52,160204;SPRF-MT;DEL07-MT;UOP02-DEL07-MT
599603;10/05/2024;sexta-feira;20:10:00;PB;104;118;LAGOA SECA;Pedestre andava na pista;Atropelamento de Pedestre;Com Vítimas Feridas;Plena Noite;Decrescente;Céu Claro;Simples;"Aclive;Reta";Não;2;0;1;1;0;0;2;2;-7,19244426;-35,86960316;SPRF-PB;DEL02-PB;UOP04-DEL02-PB
599606;10/05/2024;sexta-feira;21:00:00;SC;282;16;PALHOCA;Conversão proibida;Colisão frontal;Sem Vítimas;Plena Noite;Crescente;Céu Claro;Simples;Reta;Sim;2;0;0;0;1;1;0;2;-27,658611;-48,681847;SPRF-SC;DEL01-SC;UOP02-DEL01-SC
599607;10/05/2024;sexta-feira;18:15:00;RS;392;232;CACAPAVA DO SUL;Ausência de reação do condutor;Colisão com objeto;Com Vítimas Feridas;Anoitecer;Decrescente;Chuva;Simples;"Ponte;Reta";Não;1;0;1;0;0;0;1;1;-30,64545358;-53,29880834;SPRF-RS;DEL09-RS;UOP02-DEL09-RS
599608;10/05/2024;sexta-feira;16:20:00;SC;101;351;JAGUARUNA;Condutor usando celular;Saída de leito carroçável;Com Vítimas Feridas;Anoitecer;Decrescente;Céu Claro;Dupla;Reta;Sim;4;0;1;3;0;0;4;1;-28,5977641;-49,04943589;SPRF-SC;DEL02-SC;UOP01-DEL02-SC
599612;10/05/2024;sexta-feira;21:15:00;RN;427;56,7;JARDIM DO SERIDO;Ingestão de álcool pelo condutor;Queda de ocupante de veículo;Com Vítimas Feridas;Plena Noite;Crescente;Nublado;Simples;Reta;Sim;1;0;0;1;0;0;1;1;-6,59316304;-36,77945799;SPRF-RN;DEL03-RN;UOP01-DEL03-RN
599614;10/05/2024;sexta-feira;21:30:00;PR;376;616;SAO JOSE DOS PINHAIS;Reação tardia ou ineficiente do condutor;Colisão traseira;Sem Vítimas;Plena Noite;Crescente;Céu Claro;Múltipla;Reta;Não;2;0;0;0;1;1;0;2;-25,57583659;-49,17953679;SPRF-PR;DEL01-PR;UOP04-DEL01-PR
599616;10/05/2024;sexta-feira;16:15:00;GO;60;207;GUAPO;Ausência de reação do condutor;Capotamento;Com Vítimas Feridas;Pleno dia;Decrescente;Céu Claro;Dupla;"Reta;Aclive";Não;1;0;1;0;0;0;1;1;-16,9094;-49,6537;SPRF-GO;DEL01-GO;UOP02-DEL01-GO
599617;10/05/2024;sexta-feira;22:20:00;RN;101;78;NATAL;Demais falhas mecânicas ou elétricas;Tombamento;Com Vítimas Feridas;Plena Noite;Decrescente;Céu Claro;Dupla;Reta;Não;2;0;1;0;1;0;1;1;-5,74071896;-35,29021064;SPRF-RN;DEL02-RN;UOP01-DEL02-RN
599619;10/05/2024;sexta-feira;22:00:00;DF;60;2,1;BRASILIA;Ingestão de álcool pelo condutor;Colisão lateral mesmo sentido;Com Vítimas Feridas;Plena Noite;Crescente;Céu Claro;Dupla;Reta;Sim;3;0;1;0;2;0;1;3;-15,887383;-48,077988;SPRF-DF;DEL03-DF;UOP01-DEL03-DF
599620;10/05/2024;sexta-feira;20:15:00;MT;163;102;RONDONOPOLIS;Ausência de reação do condutor;Saída de leito carroçável;Com Vítimas Feridas;Plena Noite;Decrescente;Céu Claro;Dupla;Reta;Não;1;0;1;0;0;0;1;1;-16,63851509;-54,69572425;SPRF-MT;DEL02-MT;UOP03-DEL02-MT
599621;10/05/2024;sexta-feira;19:45:00;RJ;116;41;TERESOPOLIS;Pedestre cruzava a pista fora da faixa;Atropelamento de Pedestre;Com Vítimas Feridas;Plena Noite;Decrescente;Céu Claro;Simples;Reta;Sim;2;0;1;0;1;0;1;2;-22,13943547;-42,78660142;SPRF-RJ;DEL04-RJ;UOP01-DEL04-RJ
599622;10/05/2024;sexta-feira;19:50:00;BA;116;414;FEIRA DE SANTANA;Acumulo de areia ou detritos sobre o pavimento;Tombamento;Com Vítimas Feridas;Plena Noite;Decrescente;Garoa/Chuvisco;Dupla;"Retorno Regulamentado;Declive";Não;1;0;1;0;0;0;1;1;-12,15729;-38,96412;SPRF-BA;DEL02-BA;UOP01-DEL02-BA
599623;10/05/2024;sexta-feira;22:20:00;MG;40;532,8;BELO HORIZONTE;Ausência de reação do condutor;Colisão lateral mesmo sentido;Com Vítimas Feridas;Plena Noite;Crescente;Céu Claro;Dupla;"Reta;Aclive";Sim;2;0;1;0;1;0;1;2;-19,92661108;-44,00947094;SPRF-MG;DEL01-MG;UOP02-DEL01-MG
599625;10/05/2024;sexta-feira;22:40:00;MG;40;523;CONTAGEM;Demais falhas mecânicas ou elétricas;Incêndio;Sem Vítimas;Plena Noite;Decrescente;Céu Claro;Dupla;Reta;Sim;1;0;0;0;0;1;0;1;-19,86874894;-44,05962197;SPRF-MG;DEL01-MG;UOP02-DEL01-MG
599627;10/05/2024;sexta-feira;23:10:00;PR;277;25;MORRETES;Manobra de mudança de faixa;Colisão com objeto;Sem Vítimas;Plena Noite;Crescente;Céu Claro;Dupla;"Retorno Regulamentado;Reta";Não;1;0;0;0;0;1;0;1;-25,5343724;-48,70654307;SPRF-PR;DEL01-PR;UOP05-DEL01-PR
599631;10/05/2024;sexta-feira;21:20:00;RJ;101;295;ITABORAI;Manobra de mudança de faixa;Colisão traseira;Com Vítimas Feridas;Plena Noite;Decrescente;Céu Claro;Dupla;Reta;Sim;4;0;1;0;2;1;1;3;-22,76365068;-42,90223623;SPRF-RJ;DEL02-RJ;UOP02-DEL02-RJ
599633;10/05/2024;sexta-feira;20:30:00;MG;262;856;CAMPO FLORIDO;Acessar a via sem observar a presença dos outros veículos;Colisão transversal;Com Vítimas Feridas;Plena Noite;Crescente;Céu Claro;Dupla;"Retorno Regulamentado;Reta";Não;3;0;1;2;0;0;3;2;-19,77994983;-48,49914551;SPRF-MG;DEL13-MG;UOP01-DEL13-MG
599635;10/05/2024;sexta-feira;22:10:00;GO;153;92;SANTA TEREZA DE GOIAS;Velocidade Incompatível;Queda de ocupante de veículo;Com Vítimas Feridas;Plena Noite;Decrescente;Céu Claro;Simples;Reta;Não;1;0;1;0;0;0;1;1;-13,587679;-49,041557;SPRF-GO;DEL07-GO;UOP01-DEL07-GO
599638;11/05/2024;sábado;00:05:00;RJ;101;268;RIO BONITO;Ausência de reação do condutor;Queda de ocupante de veículo;Com Vítimas Fatais;Plena Noite;Decrescente;Céu Claro;Dupla;Reta;Não;2;1;0;0;1;0;0;2;-22,7112997;-42,66922613;SPRF-RJ;DEL02-RJ;UOP03-DEL02-RJ
599639;11/05/2024;sábado;00:01:00;PR;376;183,5;SARANDI;Pedestre andava na pista;Atropelamento de Pedestre;Com Vítimas Fatais;Plena Noite;Crescente;Céu Claro;Dupla;"Reta;Declive";Sim;2;1;0;0;1;0;0;2;-23,44159097;-51,87067398;SPRF-PR;DEL09-PR;UOP01-DEL09-PR
599640;11/05/2024;sábado;00:15:00;PR;376;183;SARANDI;Ausência de reação do condutor;Tombamento;Com Vítimas Feridas;Plena Noite;Crescente;Céu Claro;Dupla;Reta;Sim;1;0;1;0;0;0;1;1;-23,44159097;-51,87067398;SPRF-PR;DEL09-PR;UOP01-DEL09-PR
599641;11/05/2024;sábado;01:20:00;PB;230;24;JOAO PESSOA;Ausência de reação do condutor;Colisão com objeto;Com Vítimas Feridas;Plena Noite;Crescente;Céu Claro;Múltipla;"Reta;Desvio Temporário;Em Obras;Declive;Viaduto";Sim;2;0;1;1;0;0;2;1;-7,16758155;-34,86406803;SPRF-PB;DEL01-PB;UOP01-DEL01-PB
599643;11/05/2024;sábado;01:40:00;SC;101;131;BALNEARIO CAMBORIU;Velocidade Incompatível;Saída de leito carroçável;Sem Vítimas;Plena Noite;Crescente;Nublado;Múltipla;Reta;Sim;1;0;0;0;1;0;0;1;-26,99064209;-48,66310912;SPRF-SC;DEL04-SC;UOP03-DEL04-SC
599645;10/05/2024;sexta-feira;20:30:00;BA;116;28;ABARE;Condutor deixou de manter distância do veículo da frente;Colisão traseira;Sem Vítimas;Plena Noite;Crescente;Céu Claro;Simples;Reta;Não;2;0;0;0;0;2;0;2;-8,869238;-39,253388;SPRF-PE;DEL05-PE;UOP03-DEL05-PE
599646;11/05/2024;sábado;02:35:00;SP;116;448;REGISTRO;Manobra de mudança de faixa;Colisão com objeto;Com Vítimas Feridas;Plena Noite;Decrescente;Céu Claro;Dupla;Reta;Não;1;0;0;1;0;0;1;1;-24,51895508;-47,85246491;SPRF-SP;DEL05-SP;UOP01-DEL05-SP
599650;11/05/2024;sábado;02:50:00;SP;116;128,3;CACAPAVA;Ingestão de álcool pelo condutor;Saída de leito carroçável;Sem Vítimas;Plena Noite;Decrescente;Céu Claro;Dupla;Reta;Sim;1;0;0;0;0;1;0;1;-23,11454664;-45,71105567;SPRF-SP;DEL02-SP;UOP02-DEL02-SP
599651;11/05/2024;sábado;02:20:00;SC;101;298;LAGUNA;Condutor Dormindo;Capotamento;Com Vítimas Feridas;Plena Noite;Crescente;Céu Claro;Dupla;Reta;Não;1;0;1;0;0;0;1;1;-28,32102597;-48,72829906;SPRF-SC;DEL02-SC;UOP03-DEL02-SC
599652;11/05/2024;sábado;03:30:00;PR;277;708;SANTA TEREZINHA DE ITAIPU;Ingestão de álcool pelo condutor;Saída de leito carroçável;Sem Vítimas;Plena Noite;Decrescente;Céu Claro;Dupla;"Reta;Declive";Sim;1;0;0;0;0;1;0;1;-25,44290885;-54,39565306;SPRF-PR;DEL05-PR;UOP01-DEL05-PR