id;data_inversa;dia_semana;horario;uf;br;km;municipio;causa_acidente;tipo_acidente;classificacao_acidente;fase_dia;sentido_via;condicao_metereologica;tipo_pista;tracado_via;uso_solo;pessoas;mortos;feridos_leves;feridos_graves;ilesos;ignorados;feridos;veiculos;latitude;longitude;regional;delegacia;uop
599771;11/05/2024;sábado;13:47:00;SP;116;15,3;LAVRINHAS;Manobra de mudança de faixa;Tombamento;Com Vítimas Feridas;Pleno dia;Decrescente;Céu Claro;Dupla;Reta;Não;2;0;1;1;0;0;2;1;-22,56007021;-44,82886594;SPRF-SP;DEL08-SP;UOP02-DEL08-SP
599773;11/05/2024;sábado;10:50:00;PI;316;315;PICOS;Reação tardia ou ineficiente do condutor;Tombamento;Sem Vítimas;Pleno dia;Decrescente;Céu Claro;Simples;Reta;Sim;3;0;0;0;3;0;0;2;-7,07921579;-41,43394947;SPRF-PI;DEL04-PI;UOP01-DEL04-PI
599774;11/05/2024;sábado;15:20:00;PB;230;26;JOAO PESSOA;Ausência de reação do condutor;Colisão traseira;Com Vítimas Feridas;Pleno dia;Decrescente;Céu Claro;Dupla;Reta;Não;4;0;3;0;1;0;3;2;-7,1693;-34,8782;SPRF-PB;DEL01-PB;UOP01-DEL01-PB
599776;11/05/2024;sábado;14:57:00;CE;222;58,6;SAO GONCALO DO AMARANTE;Avarias e/ou desgaste excessivo no pneu;Queda de ocupante de veículo;Com Vítimas Feridas;Pleno dia;Crescente;Céu Claro;Simples;Reta;Não;1;0;1;0;0;0;1;1;-3,67025018;-39,06296199;SPRF-CE;DEL01-CE;UOP03-DEL01-CE
599778;11/05/2024;sábado;15:20:00;BA;242;798;BARREIRAS;Ingestão de álcool pelo condutor;Saída de leito carroçável;Sem Vítimas;Pleno dia;Decrescente;Céu Claro;Simples;Reta;Não;1;0;0;0;1;0;0;1;-12,16784996;-44,86771501;SPRF-BA;DEL10-BA;UOP01-DEL10-BA
599779;11/05/2024;sábado;16:00:00;RJ;116;181;NOVA IGUACU;Reação tardia ou ineficiente do condutor;Colisão lateral mesmo sentido;Com Vítimas Feridas;Pleno dia;Crescente;Céu Claro;Dupla;Reta;Sim;3;0;1;0;2;0;1;2;-22,761312;-43,423492;SPRF-RJ;DEL06-RJ;UOP01-DEL06-RJ
599780;11/05/2024;sábado;12:30:00;SC;101;117;ITAJAI;Velocidade Incompatível;Colisão traseira;Com Vítimas Feridas;Pleno dia;Crescente;Céu Claro;Dupla;Reta;Sim;2;0;1;0;0;1;1;2;-26,88747187;-48,72252969;SPRF-SC;DEL04-SC;UOP04-DEL04-SC
599781;11/05/2024;sábado;15:50:00;RS;116;140,4;CAXIAS DO SUL;Condutor deixou de manter distância do veículo da frente;Colisão traseira;Com Vítimas Feridas;Pleno dia;Decrescente;Chuva;Simples;"Aclive;Curva";Não;3;0;1;0;2;0;1;2;-29,10381619;-51,10968039;SPRF-RS;DEL05-RS;UOP01-DEL05-RS
599782;11/05/2024;sábado;16:20:00;SC;101;208;SAO JOSE;Reação tardia ou ineficiente do condutor;Colisão traseira;Com Vítimas Feridas;Pleno dia;Decrescente;Céu Claro;Múltipla;Reta;Sim;3;0;2;0;1;0;2;2;-27,60327979;-48,63201818;SPRF-SC;DEL01-SC;UOP01-DEL01-SC
599783;11/05/2024;sábado;11:00:00;PR;376;37,5;NOVA LONDRINA;Acesso irregular;Colisão transversal;Com Vítimas Feridas;Pleno dia;Crescente;Céu Claro;Simples;Reta;Não;3;0;1;0;2;0;1;2;-22,820871;-53,008878;SPRF-PR;DEL09-PR;UOP02-DEL09-PR
599785;11/05/2024;sábado;16:30:00;PE;423;95,7;GARANHUNS;Condutor deixou de manter distância do veículo da frente;Colisão traseira;Sem Vítimas;Pleno dia;Decrescente;Céu Claro;Simples;Reta;Sim;2;0;0;0;2;0;0;2;-8,87891989;-36,47796305;SPRF-PE;DEL03-PE;UOP01-DEL03-PE
599787;11/05/2024;sábado;16:15:00;PR;116;135;FAZENDA RIO GRANDE;Ausência de reação do condutor;Tombamento;Com Vítimas Feridas;Pleno dia;Decrescente;Céu Claro;Dupla;Retorno Regulamentado;Não;2;0;2;0;0;0;2;2;-25,717368;-49,31817;SPRF-PR;DEL01-PR;UOP03-DEL01-PR
599788;11/05/2024;sábado;16:20:00;RS;116;240,8;NOVO HAMBURGO;Acumulo de água sobre o pavimento;Capotamento;Com Vítimas Feridas;Pleno dia;Crescente;Chuva;Dupla;"Reta;Declive";Sim;3;0;1;0;2;0;1;1;-29,7062406;-51,1470268;SPRF-RS;DEL01-RS;UOP02-DEL01-RS
599789;11/05/2024;sábado;07:00:00;GO;70;410;MONTES CLAROS DE GOIAS;Reação tardia ou ineficiente do condutor;Saída de leito carroçável;Com Vítimas Feridas;Pleno dia;Crescente;Céu Claro;Simples;Reta;Não;4;0;2;1;1;0;3;1;-15,89012945;-51,77724838;SPRF-GO;DEL04-GO;UOP02-DEL04-GO
599790;11/05/2024;sábado;16:40:00;PR;277;662;MATELANDIA;Demais falhas mecânicas ou elétricas;Saída de leito carroçável;Com Vítimas Feridas;Pleno dia;Decrescente;Céu Claro;Dupla;Reta;Não;1;0;1;0;0;0;1;1;-25,25143046;-54,00891781;SPRF-PR;DEL05-PR;UOP02-DEL05-PR
599794;11/05/2024;sábado;17:35:00;PE;101;76;RECIFE;Acessar a via sem observar a presença dos outros veículos;Atropelamento de Pedestre;Com Vítimas Feridas;Anoitecer;Decrescente;Céu Claro;Dupla;Reta;Sim;2;0;0;1;0;1;1;2;-8,11813811;-34,94329214;SPRF-PE;DEL01-PE;UOP01-DEL01-PE
599795;11/05/2024;sábado;11:20:00;RJ;0;0;RIO DE JANEIRO;Manobra de mudança de faixa;Colisão lateral mesmo sentido;Com Vítimas Feridas;Pleno dia;Não Informado;Sol;Dupla;Reta;Não;4;0;2;0;2;0;2;3;-22,83096983;-43,23627993;SPRF-RJ;DEL01-RJ;UOP02-DEL01-RJ
599796;11/05/2024;sábado;16:30:00;PR;116;95,5;SAO JOSE DOS PINHAIS;Ingestão de álcool pelo condutor;Colisão traseira;Sem Vítimas;Pleno dia;Crescente;Céu Claro;Dupla;"Aclive;Reta";Sim;3;0;0;0;2;1;0;3;-25,4971982;-49,11761871;SPRF-PR;DEL01-PR;UOP07-DEL01-PR
599797;11/05/2024;sábado;17:40:00;BA;116;827;VITORIA DA CONQUISTA;Conversão proibida;Colisão transversal;Com Vítimas Feridas;Anoitecer;Crescente;Nublado;Simples;Reta;Sim;8;0;7;0;1;0;7;2;-14,888533;-40,86094;SPRF-BA;DEL08-BA;UOP01-DEL08-BA
599798;11/05/2024;sábado;17:00:00;DF;20;17;BRASILIA;Ausência de reação do condutor;Tombamento;Com Vítimas Feridas;Pleno dia;Crescente;Céu Claro;Dupla;"Reta;Declive";Sim;1;0;1;0;0;0;1;1;-15,621374;-47,71698;SPRF-DF;DEL02-DF;UOP01-DEL02-DF
599799;11/05/2024;sábado;16:00:00;ES;262;46,5;MARECHAL FLORIANO;Demais falhas mecânicas ou elétricas;Colisão lateral sentido oposto;Sem Vítimas;Pleno dia;Crescente;Nublado;Simples;Curva;Sim;3;0;0;0;3;0;0;2;-20,40995998;-40,67516327;SPRF-ES;DEL01-ES;UOP01-DEL01-ES
599800;11/05/2024;sábado;18:00:00;RN;304;295;MACAIBA;Sinalização mal posicionada;Tombamento;Com Vítimas Feridas;Plena Noite;Crescente;Nublado;Dupla;"Em Obras;Declive";Não;1;0;1;0;0;0;1;1;-5,86605927;-35,35822096;SPRF-RN;DEL01-RN;UOP02-DEL01-RN
599802;11/05/2024;sábado;14:00:00;SC;101;123,1;ITAJAI;Acessar a via sem observar a presença dos outros veículos;Colisão frontal;Com Vítimas Feridas;Pleno dia;Crescente;Nublado;Dupla;"Rotatória;Interseção de Vias";Sim;2;0;0;1;1;0;1;2;-26,93668609;-48,69876905;SPRF-SC;DEL04-SC;UOP04-DEL04-SC
599803;11/05/2024;sábado;16:10:00;PE;424;77;GARANHUNS;Manobra de mudança de faixa;Colisão traseira;Com Vítimas Fatais;Pleno dia;Crescente;Nublado;Simples;Reta;Não;4;1;1;1;0;1;2;3;-8,8151088;-36,56890186;SPRF-PE;DEL03-PE;UOP01-DEL03-PE
599804;11/05/2024;sábado;17:30:00;MS;262;446;DOIS IRMAOS DO BURITI;Acumulo de areia ou detritos sobre o pavimento;Tombamento;Com Vítimas Feridas;Plena Noite;Crescente;Céu Claro;Simples;"Interseção de Vias;Retorno Regulamentado";Não;2;0;1;0;1;0;1;1;-20,53317841;-55,41950226;SPRF-MS;DEL03-MS;UOP01-DEL03-MS
599806;11/05/2024;sábado;18:30:00;SC;280;27;ARAQUARI;Acessar a via sem observar a presença dos outros veículos;Atropelamento de Pedestre;Com Vítimas Feridas;Pleno dia;Crescente;Céu Claro;Simples;Reta;Sim;2;0;1;0;1;0;1;2;-26,39685622;-48,74021969;SPRF-SC;DEL03-SC;UOP03-DEL03-SC
599808;11/05/2024;sábado;18:40:00;SE;101;89;NOSSA SENHORA DO SOCORRO;Reação tardia ou ineficiente do condutor;Colisão com objeto;Sem Vítimas;Plena Noite;Decrescente;Nublado;Dupla;"Reta;Declive";Sim;1;0;0;0;1;0;0;1;-10,88051024;-37,13355535;SPRF-SE;DEL01-SE;UOP01-DEL01-SE
599809;11/05/2024;sábado;18:55:00;MG;40;498,7;ESMERALDAS;Entrada inopinada do pedestre;Atropelamento de Pedestre;Com Vítimas Feridas;Plena Noite;Crescente;Céu Claro;Dupla;Reta;Sim;6;0;2;0;4;0;2;4;-19,68467685;-44,18191183;SPRF-MG;DEL02-MG;UOP01-DEL02-MG
599810;11/05/2024;sábado;17:40:00;SC;101;169,9;TIJUCAS;Condutor deixou de manter distância do veículo da frente;Colisão traseira;Com Vítimas Feridas;Anoitecer;Decrescente;Nublado;Dupla;Reta;Não;5;0;3;0;2;0;3;2;-27,28790602;-48,63095745;SPRF-SC;DEL04-SC;UOP03-DEL04-SC
599812;11/05/2024;sábado;18:32:00;RN;101;94;NATAL;Ingestão de álcool pelo condutor;Colisão traseira;Sem Vítimas;Plena Noite;Decrescente;Céu Claro;Dupla;Reta;Sim;2;0;0;0;2;0;0;2;-5,83176615;-35,21191342;SPRF-RN;DEL01-RN;UOP01-DEL01-RN
599813;11/05/2024;sábado;19:05:00;SC;280;128,6;RIO NEGRINHO;Transitar na contramão;Colisão frontal;Sem Vítimas;Plena Noite;Decrescente;Céu Claro;Simples;"Aclive;Interseção de Vias;Reta";Sim;2;0;0;0;2;0;0;2;-26,24502234;-49,51931834;SPRF-SC;DEL06-SC;UOP03-DEL06-SC
599814;11/05/2024;sábado;18:50:00;SC;101;335;TUBARAO;Chuva;Saída de leito carroçável;Com Vítimas Feridas;Plena Noite;Decrescente;Chuva;Dupla;"Interseção de Vias;Curva";Não;2;0;1;0;1;0;1;1;-28,46927473;-49,01557908;SPRF-SC;DEL02-SC;UOP01-DEL02-SC
599815;11/05/2024;sábado;18:25:00;PR;158;536,2;PATO BRANCO;Ingestão de álcool pelo condutor;Colisão frontal;Com Vítimas Feridas;Anoitecer;Crescente;Céu Claro;Simples;Reta;Sim;3;0;2;0;0;1;2;2;-26,24248639;-52,69697646;SPRF-PR;DEL02-PR;UOP01-DEL02-PR
599816;11/05/2024;sábado;18:20:00;SC;101;227,8;PALHOCA;Ultrapassagem Indevida;Colisão frontal;Com Vítimas Feridas;Plena Noite;Crescente;Céu Claro;Simples;Reta;Sim;3;0;0;1;1;1;1;3;-27,7509149;-48,63460277;SPRF-SC;DEL01-SC;UOP02-DEL01-SC
599817;11/05/2024;sábado;19:30:00;SE;101;90;NOSSA SENHORA DO SOCORRO;Pedestre - Ingestão de álcool/ substâncias psicoativas;Atropelamento de Pedestre;Com Vítimas Feridas;Plena Noite;Crescente;Nublado;Dupla;Reta;Não;2;0;0;1;1;0;1;2;-10,88958218;-37,13256719;SPRF-SE;DEL01-SE;UOP01-DEL01-SE
599818;11/05/2024;sábado;18:50:00;RJ;465;5;SEROPEDICA;Ausência de reação do condutor;Colisão frontal;Com Vítimas Feridas;Plena Noite;Crescente;Céu Claro;Simples;Reta;Sim;3;0;1;1;1;0;2;2;-22,747673;-43,699196;SPRF-RJ;DEL06-RJ;UOP02-DEL06-RJ
599819;11/05/2024;sábado;18:35:00;MS;163;476,1;CAMPO GRANDE;Pedestre cruzava a pista fora da faixa;Atropelamento de Pedestre;Com Vítimas Feridas;Plena Noite;Crescente;Céu Claro;Simples;Reta;Sim;2;0;0;1;0;1;1;2;-20,51162825;-54,56030973;SPRF-MS;DEL01-MS;UOP01-DEL01-MS
599820;11/05/2024;sábado;18:37:00;MS;262;328,1;CAMPO GRANDE;Ausência de reação do condutor;Colisão lateral mesmo sentido;Com Vítimas Feridas;Plena Noite;Crescente;Céu Claro;Dupla;"Aclive;Curva";Sim;2;0;1;0;1;0;1;2;-20,46452794;-54,55291421;SPRF-MS;DEL01-MS;UOP01-DEL01-MS
599821;11/05/2024;sábado;19:30:00;PR;376;178;MARINGA;Velocidade Incompatível;Colisão traseira;Com Vítimas Feridas;Plena Noite;Crescente;Céu Claro;Dupla;Reta;Sim;2;0;0;1;1;0;1;2;-23,4192146;-51,91293985;SPRF-PR;DEL09-PR;UOP01-DEL09-PR
599822;11/05/2024;sábado;19:20:00;PR;153;48;SANTO ANTONIO DA PLATINA;Acessar a via sem observar a presença dos outros veículos;Colisão transversal;Com Vítimas Feridas;Plena Noite;Crescente;Céu Claro;Dupla;Reta;Não;3;0;0;1;2;0;1;2;-23,34623012;-50,0664882;SPRF-PR;DEL07-PR;UOP04-DEL07-PR
599823;11/05/2024;sábado;17:40:00;BA;101;538;SAO JOSE DA VITORIA;Reação tardia ou ineficiente do condutor;Queda de ocupante de veículo;Com Vítimas Feridas;Pleno dia;Decrescente;Céu Claro;Simples;Reta;Não;1;0;1;0;0;0;1;1;-15,17534217;-39,42808462;SPRF-BA;DEL05-BA;UOP01-DEL05-BA
599824;11/05/2024;sábado;18:00:00;PR;116;122;CURITIBA;Reação tardia ou ineficiente do condutor;Colisão com objeto;Sem Vítimas;Anoitecer;Decrescente;Céu Claro;Dupla;"Aclive;Reta";Sim;2;0;0;0;2;0;0;2;-25,6038642;-49,3181486;SPRF-PR;DEL01-PR;UOP03-DEL01-PR
599825;11/05/2024;sábado;19:05:00;RS;116;297;GUAIBA;Demais falhas mecânicas ou elétricas;Incêndio;Sem Vítimas;Plena Noite;Decrescente;Chuva;Dupla;Reta;Sim;1;0;0;0;1;0;0;1;-30,09753097;-51,34302937;SPRF-RS;DEL02-RS;UOP01-DEL02-RS
599829;11/05/2024;sábado;19:55:00;PE;101;58,4;RECIFE;Ausência de reação do condutor;Colisão traseira;Com Vítimas Feridas;Plena Noite;Crescente;Céu Claro;Dupla;Reta;Não;2;0;1;0;1;0;1;2;-7,97592;-34,924088;SPRF-PE;DEL01-PE;UOP02-DEL01-PE
599830;11/05/2024;sábado;18:52:00;ES;262;109,5;VENDA NOVA DO IMIGRANTE;Transitar na contramão;Colisão frontal;Sem Vítimas;Plena Noite;Decrescente;Céu Claro;Simples;Reta;Não;2;0;0;0;1;1;0;2;-20,33581177;-41,17107062;SPRF-ES;DEL01-ES;UOP02-DEL01-ES
599831;11/05/2024;sábado;19:15:00;ES;262;109,3;VENDA NOVA DO IMIGRANTE;Retorno proibido;Colisão transversal;Com Vítimas Feridas;Plena Noite;Crescente;Céu Claro;Simples;"Reta;Em Obras";Sim;2;0;1;1;0;0;2;2;-20,33581177;-41,17107062;SPRF-ES;DEL01-ES;UOP02-DEL01-ES
599832;11/05/2024;sábado;20:00:00;RN;406;169;SAO GONCALO DO AMARANTE;Ausência de reação do condutor;Colisão lateral mesmo sentido;Com Vítimas Feridas;Plena Noite;Crescente;Nublado;Dupla;Reta;Sim;4;0;3;0;1;0;3;3;-5,75570118;-35,30728507;SPRF-RN;DEL02-RN;UOP01-DEL02-RN
599834;11/05/2024;sábado;20:00:00;SP;116;211;GUARULHOS;Ausência de reação do condutor;Colisão traseira;Com Vítimas Feridas;Plena Noite;Decrescente;Nublado;Múltipla;Reta;Sim;3;0;1;0;2;0;1;2;-23,4324306;-46,4194352;SPRF-SP;DEL01-SP;UOP01-DEL01-SP
599835;11/05/2024;sábado;19:30:00;GO;40;22;LUZIANIA;Acessar a via sem observar a presença dos outros veículos;Colisão transversal;Com Vítimas Feridas;Plena Noite;Crescente;Céu Claro;Dupla;Reta;Sim;2;0;0;2;0;0;2;2;-16,227484;-47,914109;SPRF-DF;DEL01-DF;UOP01-DEL01-DF
599836;11/05/2024;sábado;19:35:00;PR;476;165,3;ARAUCARIA;Pedestre - Ingestão de álcool/ substâncias psicoativas;Atropelamento de Pedestre;Com Vítimas Feridas;Plena Noite;Decrescente;Nublado;Simples;Reta;Não;4;0;1;0;3;0;1;2;-25,643578;-49,472763;SPRF-PR;DEL01-PR;UOP06-DEL01-PR
599838;11/05/2024;sábado;20:20:00;ES;101;126;SOORETAMA;Mal súbito do condutor;Colisão com objeto;Com Vítimas Feridas;Plena Noite;Crescente;Céu Claro;Dupla;Reta;Não;1;0;1;0;0;0;1;1;-19,193953;-40,0951;SPRF-ES;DEL04-ES;UOP01-DEL04-ES
599841;11/05/2024;sábado;19:30:00;PR;277;178,9;PALMEIRA;Ausência de reação do condutor;Queda de ocupante de veículo;Com Vítimas Feridas;Plena Noite;Decrescente;Céu Claro;Simples;Reta;Não;1;0;0;1;0;0;1;1;-25,4208;-50,08535;SPRF-PR;DEL08-PR;UOP02-DEL08-PR
599842;11/05/2024;sábado;20:15:00;CE;116;10,9;FORTALEZA;Ausência de reação do condutor;Colisão traseira;Com Vítimas Feridas;Plena Noite;Crescente;Céu Claro;Múltipla;Reta;Sim;2;0;1;0;0;1;1;2;-3,84394724;-38,49891546;SPRF-CE;DEL01-CE;UOP02-DEL01-CE
599843;11/05/2024;sábado;18:45:00;SC;158;109;CUNHA PORA;Ingestão de álcool pelo condutor;Colisão frontal;Sem Vítimas;Plena Noite;Crescente;Nublado;Simples;Curva;Sim;3;0;0;0;2;1;0;2;-26,76435611;-53,17729026;SPRF-SC;DEL07-SC;UOP02-DEL07-SC
599844;11/05/2024;sábado;20:55:00;GO;40;92,9;CRISTALINA;Pedestre andava na pista;Atropelamento de Pedestre;Com Vítimas Feridas;Plena Noite;Decrescente;Nublado;Simples;Reta;Não;2;0;1;0;1;0;1;2;-16,73715348;-47,61920929;SPRF-DF;DEL01-DF;UOP02-DEL01-DF
599845;11/05/2024;sábado;20:08:00;RS;285;118,8;VACARIA;Pedestre andava na pista;Atropelamento de Pedestre;Com Vítimas Feridas;Plena Noite;Decrescente;Nublado;Simples;Reta;Sim;4;0;3;0;0;1;3;2;-28,508183;-50,912724;SPRF-RS;DEL05-RS;UOP03-DEL05-RS
599846;11/05/2024;sábado;18:35:00;MG;116;615;SAO JOAO DO MANHUACU;Reação tardia ou ineficiente do condutor;Colisão frontal;Com Vítimas Feridas;Anoitecer;Crescente;Céu Claro;Simples;Reta;Não;2;0;1;1;0;0;2;2;-20,45461779;-42,17182244;SPRF-MG;DEL07-MG;UOP02-DEL07-MG
599848;11/05/2024;sábado;21:20:00;RJ;393;281,9;VOLTA REDONDA;Entrada inopinada do pedestre;Colisão traseira;Com Vítimas Feridas;Plena Noite;Crescente;Céu Claro;Simples;Ponte;Sim;2;0;1;0;1;0;1;2;-22,48025569;-44,02974901;SPRF-RJ;DEL05-RJ;UOP04-DEL05-RJ
599849;11/05/2024;sábado;21:15:00;BA;324;524;FEIRA DE SANTANA;Demais falhas mecânicas ou elétricas;Queda de ocupante de veículo;Com Vítimas Feridas;Plena Noite;Crescente;Céu Claro;Dupla;Reta;Não;2;0;1;0;1;0;1;1;-12,2955119;-38,90487093;SPRF-BA;DEL01-BA;UOP03-DEL01-BA
599850;11/05/2024;sábado;19:00:00;MG;262;635,1;IBIA;Ausência de reação do condutor;Colisão com objeto;Com Vítimas Feridas;Plena Noite;Decrescente;Céu Claro;Dupla;Interseção de Vias;Não;1;0;1;0;0;0;1;1;-19,5885374;-46,4985892;SPRF-MG;DEL08-MG;UOP01-DEL08-MG
599851;11/05/2024;sábado;21:30:00;GO;414;372,5;COCALZINHO DE GOIAS;Ausência de reação do condutor;Colisão traseira;Com Vítimas Feridas;Plena Noite;Decrescente;Céu Claro;Dupla;Curva;Sim;3;0;1;0;2;0;1;2;-15,78671658;-48,77033272;SPRF-GO;DEL02-GO;UOP01-DEL02-GO
599853;11/05/2024;sábado;19:00:00;RO;425;98;NOVA MAMORE;Animais na Pista;Atropelamento de Animal;Com Vítimas Feridas;Plena Noite;Crescente;Céu Claro;Simples;Reta;Não;2;0;1;0;1;0;1;1;-10,39732536;-65,32539368;SPRF-RO;DEL01-RO;UOP03-DEL01-RO
599854;11/05/2024;sábado;22:30:00;GO;40;2,1;VALPARAISO DE GOIAS;Condutor deixou de manter distância do veículo da frente;Colisão traseira;Com Vítimas Feridas;Plena Noite;Decrescente;Céu Claro;Dupla;Reta;Sim;2;0;1;0;1;0;1;2;-16,06707329;-47,98434377;SPRF-DF;DEL01-DF;UOP01-DEL01-DF
599855;11/05/2024;sábado;19:47:00;SP;116;349,3;MIRACATU;Ingestão de álcool pelo condutor;Colisão frontal;Sem Vítimas;Plena Noite;Crescente;Nublado;Simples;"Curva;Declive";Não;5;0;0;0;5;0;0;2;-24,05190879;-47,213052;SPRF-SP;DEL04-SP;UOP03-DEL04-SP
599856;11/05/2024;sábado;19:30:00;RR;174;360;CARACARAI;Transitar na contramão;Colisão lateral sentido oposto;Com Vítimas Feridas;Plena Noite;Crescente;Céu Claro;Simples;Reta;Não;2;0;1;1;0;0;2;2;1,770848;-61,15667;SPRF-RR;DEL01-RR;UOP01-DEL01-RR
599857;11/05/2024;sábado;19:45:00;RR;174;11;BOA VISTA;Desrespeitar a preferência no cruzamento;Colisão transversal;Com Vítimas Feridas;Plena Noite;Crescente;Céu Claro;Simples;Reta;Sim;3;0;0;1;2;0;1;2;2,87199277;-60,6973297;SPRF-RR;DEL01-RR;UOP01-DEL01-RR
599858;11/05/2024;sábado;20:35:00;MA;10;148,7;PORTO FRANCO;Ingestão de álcool pelo condutor;Saída de leito carroçável;Com Vítimas Feridas;Plena Noite;Crescente;Céu Claro;Simples;Reta;Não;2;0;0;2;0;0;2;1;-6,424912;-47,397282;SPRF-MA;DEL04-MA;UOP02-DEL04-MA
599859;11/05/2024;sábado;17:30:00;BA;324;514;FEIRA DE SANTANA;Conversão proibida;Colisão lateral mesmo sentido;Com Vítimas Feridas;Anoitecer;Crescente;Céu Claro;Simples;Reta;Sim;3;0;2;0;1;0;2;2;-12,23444921;-38,94544101;SPRF-BA;DEL02-BA;UOP01-DEL02-BA
599860;11/05/2024;sábado;19:30:00;RJ;101;318;SAO GONCALO;Demais falhas mecânicas ou elétricas;Queda de ocupante de veículo;Com Vítimas Feridas;Plena Noite;Crescente;Céu Claro;Dupla;Reta;Sim;2;0;2;0;0;0;2;1;-22,84562994;-43,09841211;SPRF-RJ;DEL02-RJ;UOP02-DEL02-RJ
599861;11/05/2024;sábado;22:00:00;PE;232;79;GRAVATA;Transitar na contramão;Colisão frontal;Com Vítimas Feridas;Plena Noite;Crescente;Céu Claro;Simples;"Interseção de Vias;Reta";Sim;3;0;0;2;1;0;2;2;-8,19460572;-35,56074803;SPRF-PE;DEL02-PE;UOP02-DEL02PE
599862;11/05/2024;sábado;21:20:00;SC;101;205,1;SAO JOSE;Reação tardia ou ineficiente do condutor;Saída de leito carroçável;Com Vítimas Fatais;Plena Noite;Decrescente;Nublado;Múltipla;"Interseção de Vias;Reta";Sim;4;1;2;0;0;1;2;2;-27,58313237;-48,61532885;SPRF-SC;DEL01-SC;UOP01-DEL01-SC
599863;11/05/2024;sábado;19:50:00;SP;381;84;SAO PAULO;Pedestre andava na pista;Atropelamento de Pedestre;Com Vítimas Fatais;Plena Noite;Crescente;Céu Claro;Múltipla;Reta;Sim;2;1;0;0;1;0;0;2;-23,43937;-46,56807;SPRF-SP;DEL03-SP;UOP01-DEL03-SP
599864;11/05/2024;sábado;19:00:00;RJ;493;54;DUQUE DE CAXIAS;Pedestre andava na pista;Atropelamento de Pedestre;Com Vítimas Feridas;Plena Noite;Decrescente;Céu Claro;Dupla;Reta;Não;2;0;1;0;0;1;1;2;-22,672089;-43,285053;SPRF-RJ;DEL01-RJ;UOP03-DEL01-RJ
599866;11/05/2024;sábado;23:00:00;MG;365;626;UBERLANDIA;Avarias e/ou desgaste excessivo no pneu;Saída de leito carroçável;Com Vítimas Feridas;Plena Noite;Decrescente;Céu Claro;Dupla;Interseção de Vias;Sim;2;0;1;0;1;0;1;1;-18,90659356;-48,33469405;SPRF-MG;DEL15-MG;UOP01-DEL15-MG
599868;11/05/2024;sábado;22:10:00;MS;163;485,6;CAMPO GRANDE;Ausência de reação do condutor;Colisão traseira;Com Vítimas Feridas;Plena Noite;Crescente;Céu Claro;Simples;"Interseção de Vias;Reta";Sim;5;0;0;1;4;0;1;2;-20,44233707;-54,54201834;SPRF-MS;DEL01-MS;UOP02-DEL01-MS
599869;11/05/2024;sábado;17:45:00;MT;163;495;JANGADA;Conversão proibida;Colisão frontal;Com Vítimas Feridas;Anoitecer;Decrescente;Céu Claro;Simples;Reta;Sim;2;0;0;1;1;0;1;2;-15,24107366;-56,48539804;SPRF-MT;DEL01-MT;UOP01-DEL01-MT
599870;11/05/2024;sábado;23:03:00;ES;101;239;SERRA;Animais na Pista;Atropelamento de Animal;Com Vítimas Feridas;Plena Noite;Crescente;Céu Claro;Simples;Curva;Não;2;0;2;0;0;0;2;1;-20,00782494;-40,40790907;SPRF-ES;DEL02-ES;UOP01-DEL02-ES
599871;11/05/2024;sábado;22:00:00;SC;101;417,7;ARARANGUA;Avarias e/ou desgaste excessivo no pneu;Saída de leito carroçável;Com Vítimas Feridas;Plena Noite;Decrescente;Chuva;Dupla;Reta;Sim;7;0;3;1;3;0;4;1;-28,97376391;-49,53023409;SPRF-SC;DEL02-SC;UOP02-DEL02-SC
599872;11/05/2024;sábado;22:20:00;GO;70;18,3;COCALZINHO DE GOIAS;Ingestão de álcool pelo condutor;Atropelamento de Pedestre;Com Vítimas Feridas;Plena Noite;Crescente;Céu Claro;Simples;"Reta;Aclive";Não;2;0;1;0;1;0;1;2;-15,744032;-48,359165;SPRF-DF;DEL03-DF;UOP02-DEL03-DF
599873;11/05/2024;sábado;21:10:00;MG;262;22,5;MARTINS SOARES;Reação tardia ou ineficiente do condutor;Saída de leito carroçável;Com Vítimas Feridas;Plena Noite;Crescente;Céu Claro;Simples;Curva;Não;5;0;1;0;4;0;1;1;-20,24575292;-41,92502101;SPRF-MG;DEL06-MG;UOP03-DEL06-MG
599875;11/05/2024;sábado;23:00:00;PR;153;351;REBOUCAS;Ausência de reação do condutor;Saída de leito carroçável;Com Vítimas Feridas;Plena Noite;Decrescente;Céu Claro;Simples;Curva;Não;2;0;1;0;1;0;1;1;-25,617372;-50,703029;SPRF-PR;DEL08-PR;UOP02-DEL08-PR
599877;11/05/2024;sábado;23:30:00;CE;116;438,3;BARRO;Ingestão de álcool pelo condutor;Colisão frontal;Com Vítimas Feridas;Plena Noite;Crescente;Chuva;Simples;Reta;Não;2;0;0;1;0;1;1;2;-7,20089167;-38,80173833;SPRF-CE;DEL05-CE;UOP03-DEL05-CE
599879;11/05/2024;sábado;21:00:00;PR;376;591;CURITIBA;Ingestão de álcool pelo condutor;Saída de leito carroçável;Sem Vítimas;Plena Noite;Crescente;Céu Claro;Dupla;Reta;Sim;1;0;0;0;0;1;0;1;-25,4657759;-49,3568968;SPRF-PR;DEL01-PR;UOP06-DEL01-PR
599880;11/05/2024;sábado;20:30:00;MA;316;454,3;PERITORO;Entrada inopinada do pedestre;Atropelamento de Pedestre;Com Vítimas Fatais;Plena Noite;Crescente;Céu Claro;Simples;"Reta;Declive";Não;3;1;0;0;2;0;0;2;-4,499327;-44,10902;SPRF-MA;DEL03-MA;UOP01-DEL03-MA