id;data_inversa;dia_semana;horario;uf;br;km;municipio;causa_acidente;tipo_acidente;classificacao_acidente;fase_dia;sentido_via;condicao_metereologica;tipo_pista;tracado_via;uso_solo;pessoas;mortos;feridos_leves;feridos_graves;ilesos;ignorados;feridos;veiculos;latitude;longitude;regional;delegacia;uop
599881;12/05/2024;domingo;00:20:00;ES;262;0,5;VITORIA;Ausência de sinalização;Colisão traseira;Sem Vítimas;Plena Noite;Crescente;Céu Claro;Dupla;"Reta;Ponte";Sim;2;0;0;0;1;1;0;2;-20,320793;-40,353315;SPRF-ES;DEL01-ES;UOP01-DEL01-ES
599882;11/05/2024;sábado;19:10:00;MT;364;524,7;ROSARIO OESTE;Ausência de reação do condutor;Saída de leito carroçável;Com Vítimas Feridas;Plena Noite;Decrescente;Nublado;Simples;Curva;Não;1;0;1;0;0;0;1;1;-15,05826498;-56,51689234;SPRF-MT;DEL01-MT;UOP01-DEL01-MT
599883;11/05/2024;sábado;23:20:00;RN;406;133,9;TAIPU;Chuva;Colisão frontal;Sem Vítimas;Plena Noite;Crescente;Chuva;Simples;Curva;Não;2;0;0;0;0;2;0;2;-5,64868806;-35,58205808;SPRF-RN;DEL02-RN;UOP01-DEL02-RN
599884;11/05/2024;sábado;23:50:00;SC;101;434,8;SOMBRIO;Ingestão de álcool pelo condutor;Colisão com objeto;Com Vítimas Feridas;Plena Noite;Crescente;Chuva;Múltipla;Interseção de Vias;Sim;1;0;1;0;0;0;1;1;-29,104502;-49,63653624;SPRF-SC;DEL02-SC;UOP02-DEL02-SC
599885;11/05/2024;sábado;18:40:00;RO;421;49;MONTE NEGRO;Ingestão de álcool pelo condutor;Queda de ocupante de veículo;Com Vítimas Feridas;Plena Noite;Decrescente;Céu Claro;Simples;Reta;Sim;1;0;0;1;0;0;1;1;-10,260859;-63,29063;SPRF-RO;DEL03-RO;UOP01-DEL03-RO
599886;12/05/2024;domingo;00:20:00;RS;116;525;PELOTAS;Ausência de reação do condutor;Colisão traseira;Com Vítimas Feridas;Plena Noite;Decrescente;Nublado;Múltipla;Viaduto;Não;2;0;0;1;1;0;1;2;-31,7359522;-52,39349776;SPRF-RS;DEL07-RS;UOP01-DEL07-RS
599887;11/05/2024;sábado;23:00:00;BA;330;812;JITAUNA;Retorno proibido;Colisão lateral mesmo sentido;Com Vítimas Feridas;Plena Noite;Decrescente;Nevoeiro/Neblina;Simples;Reta;Sim;3;0;1;1;1;0;2;3;-14,01032761;-39,89551133;SPRF-BA;DEL03-BA;UOP01-DEL03-BA
599888;11/05/2024;sábado;23:44:00;GO;153;348;JARAGUA;Reação tardia ou ineficiente do condutor;Saída de leito carroçável;Com Vítimas Feridas;Plena Noite;Decrescente;Céu Claro;Simples;Reta;Não;4;0;3;1;0;0;4;1;-15,652904;-49,363586;SPRF-GO;DEL02-GO;UOP02-DEL02-GO
599889;11/05/2024;sábado;22:40:00;MT;70;281;PRIMAVERA DO LESTE;Acessar a via sem observar a presença dos outros veículos;Colisão transversal;Sem Vítimas;Plena Noite;Crescente;Céu Claro;Simples;"Reta;Interseção de Vias";Sim;2;0;0;0;2;0;0;2;-15,56702889;-54,30512706;SPRF-MT;DEL05-MT;UOP01-DEL05-MT
599890;12/05/2024;domingo;00:50:00;SP;116;60,1;GUARATINGUETA;Ausência de reação do condutor;Colisão traseira;Com Vítimas Feridas;Plena Noite;Decrescente;Céu Claro;Dupla;Reta;Sim;3;0;2;0;1;0;2;2;-22,79106843;-45,16105167;SPRF-SP;DEL08-SP;UOP01-DEL08-SP
599892;12/05/2024;domingo;01:10:00;SC;101;152;ITAPEMA;Reação tardia ou ineficiente do condutor;Atropelamento de Animal;Com Vítimas Feridas;Plena Noite;Crescente;Céu Claro;Dupla;Reta;Sim;1;0;1;0;0;0;1;1;-27,13563503;-48,61004665;SPRF-SC;DEL04-SC;UOP03-DEL04-SC
599893;11/05/2024;sábado;23:30:00;MG;356;275,6;EUGENOPOLIS;Transitar na contramão;Colisão frontal;Com Vítimas Feridas;Plena Noite;Crescente;Céu Claro;Simples;Curva;Não;3;0;0;1;1;1;1;3;-21,12733123;-42,28674468;SPRF-MG;DEL07-MG;UOP02-DEL07-MG
599894;12/05/2024;domingo;01:45:00;RS;472;180,7;SANTO CRISTO;Velocidade Incompatível;Colisão frontal;Com Vítimas Fatais;Plena Noite;Crescente;Nublado;Simples;"Curva;Aclive";Não;12;2;6;4;0;0;10;3;-27,8410494;-54,56171036;SPRF-RS;DEL10-RS;UOP01-DEL10-RS
599895;12/05/2024;domingo;00:30:00;PB;101;84;BAYEUX;Ausência de reação do condutor;Colisão lateral mesmo sentido;Com Vítimas Feridas;Plena Noite;Crescente;Céu Claro;Dupla;Reta;Sim;4;0;1;0;2;1;1;2;-7,13957906;-34,92312806;SPRF-PB;DEL01-PB;UOP01-DEL01-PB
599897;12/05/2024;domingo;00:25:00;RR;401;21;CANTA;Pedestre andava na pista;Atropelamento de Pedestre;Com Vítimas Feridas;Plena Noite;Decrescente;Chuva;Dupla;Reta;Sim;3;0;0;1;0;2;1;2;2,87562857;-60,5391742;SPRF-RR;DEL01-RR;UOP01-DEL01-RR
599898;12/05/2024;domingo;01:00:00;MG;40;527,6;CONTAGEM;Ausência de reação do condutor;Saída de leito carroçável;Sem Vítimas;Plena Noite;Decrescente;Céu Claro;Dupla;"Reta;Declive";Sim;1;0;0;0;1;0;0;1;-19,90149502;-44,04938939;SPRF-MG;DEL01-MG;UOP02-DEL01-MG
599899;12/05/2024;domingo;01:10:00;PR;277;77,8;CURITIBA;Ingestão de álcool pelo condutor;Colisão lateral mesmo sentido;Sem Vítimas;Plena Noite;Crescente;Céu Claro;Dupla;Reta;Não;2;0;0;0;2;0;0;2;-25,48311295;-49,19155777;SPRF-PR;DEL01-PR;UOP07-DEL01-PR
599900;12/05/2024;domingo;01:45:00;TO;153;144;ARAGUAINA;Ausência de reação do condutor;Queda de ocupante de veículo;Com Vítimas Feridas;Plena Noite;Decrescente;Céu Claro;Dupla;"Viaduto;Curva;Interseção de Vias;Rotatória";Sim;1;0;1;0;0;0;1;1;-7,19662811;-48,23636977;SPRF-TO;DEL02-TO;UOP01-DEL02-TO
599901;11/05/2024;sábado;22:25:00;SC;101;256;PAULO LOPES;Ausência de reação do condutor;Saída de leito carroçável;Com Vítimas Feridas;Plena Noite;Decrescente;Chuva;Dupla;"Reta;Em Obras";Não;1;0;1;0;0;0;1;1;-27,99084416;-48,68056684;SPRF-SC;DEL02-SC;UOP03-DEL02-SC
599902;12/05/2024;domingo;02:29:00;ES;101;285,1;CARIACICA;Velocidade Incompatível;Colisão com objeto;Sem Vítimas;Plena Noite;Crescente;Céu Claro;Dupla;Reta;Sim;1;0;0;0;0;1;0;1;-20,25148171;-40,37270066;SPRF-ES;DEL01-ES;UOP01-DEL01-ES
599904;12/05/2024;domingo;01:30:00;PE;101;123,8;ESCADA;Ausência de reação do condutor;Queda de ocupante de veículo;Com Vítimas Fatais;Plena Noite;Decrescente;Céu Claro;Dupla;Reta;Não;1;1;0;0;0;0;0;1;-8,35963442;-35,20419694;SPRF-PE;DEL01-PE;UOP03-DEL01-PE
599905;12/05/2024;domingo;02:00:00;PR;116;113;CURITIBA;Manobra de mudança de faixa;Colisão traseira;Com Vítimas Feridas;Plena Noite;Crescente;Céu Claro;Dupla;Reta;Sim;2;0;2;0;0;0;2;2;-25,54689431;-49,29003239;SPRF-PR;DEL01-PR;UOP07-DEL01-PR
599907;12/05/2024;domingo;01:56:00;PE;408;69;PAUDALHO;Objeto estático sobre o leito carroçável;Colisão com objeto;Com Vítimas Fatais;Plena Noite;Decrescente;Céu Claro;Dupla;Curva;Não;2;1;0;0;0;1;0;1;-7,87003147;-35,20278623;SPRF-PE;DEL01-PE;UOP01-DEL01-PE
599908;12/05/2024;domingo;00:20:00;BA;116;128;EUCLIDES DA CUNHA;Ingestão de álcool pelo condutor;Colisão com objeto;Com Vítimas Fatais;Plena Noite;Crescente;Céu Claro;Dupla;Reta;Sim;1;1;0;0;0;0;0;1;-10,516951;-39,006152;SPRF-BA;DEL07-BA;UOP01-DEL07-BA
599909;12/05/2024;domingo;04:15:00;SC;280;32;ARAQUARI;Condutor Dormindo;Saída de leito carroçável;Com Vítimas Feridas;Plena Noite;Crescente;Nublado;Simples;"Curva;Declive";Sim;1;0;1;0;0;0;1;1;-26,420618;-48,779335;SPRF-SC;DEL03-SC;UOP03-DEL03-SC
599910;12/05/2024;domingo;03:00:00;PR;277;655,5;MATELANDIA;Reação tardia ou ineficiente do condutor;Tombamento;Com Vítimas Feridas;Plena Noite;Decrescente;Céu Claro;Simples;Reta;Não;1;0;0;1;0;0;1;1;-25,2307921;-53,95278694;SPRF-PR;DEL05-PR;UOP02-DEL05-PR
599911;12/05/2024;domingo;03:00:00;PR;277;661,3;MATELANDIA;Condutor Dormindo;Saída de leito carroçável;Com Vítimas Feridas;Plena Noite;Crescente;Céu Claro;Dupla;Reta;Não;1;0;1;0;0;0;1;1;-25,25246587;-54,00175095;SPRF-PR;DEL05-PR;UOP02-DEL05-PR
599912;12/05/2024;domingo;03:25:00;SP;153;112;UBARANA;Ausência de reação do condutor;Saída de leito carroçável;Sem Vítimas;Amanhecer;Crescente;Céu Claro;Simples;Reta;Sim;1;0;0;0;0;1;0;1;-21,10480404;-49,68274492;SPRF-SP;DEL09-SP;UOP01-DEL09-SP
599913;12/05/2024;domingo;02:50:00;SC;101;330,7;TUBARAO;Ausência de reação do condutor;Saída de leito carroçável;Sem Vítimas;Plena Noite;Decrescente;Chuva;Dupla;Reta;Não;1;0;0;0;1;0;0;1;-28,45115639;-48,97286879;SPRF-SC;DEL02-SC;UOP01-DEL02-SC
599914;12/05/2024;domingo;04:30:00;BA;418;84;NOVA VICOSA;Ausência de reação do condutor;Tombamento;Com Vítimas Feridas;Amanhecer;Decrescente;Céu Claro;Simples;Rotatória;Sim;2;0;2;0;0;0;2;1;-17,891368;-39,818476;SPRF-BA;DEL09-BA;UOP02-DEL09-BA
599915;12/05/2024;domingo;04:10:00;MG;40;621,8;CONGONHAS;Ausência de reação do condutor;Colisão traseira;Com Vítimas Feridas;Plena Noite;Crescente;Nevoeiro/Neblina;Simples;"Reta;Declive";Não;3;0;2;0;1;0;2;2;-20,58556107;-43,80743334;SPRF-MG;DEL05-MG;UOP02-DEL05-MG
599916;12/05/2024;domingo;05:00:00;RS;116;263;CANOAS;Ingestão de álcool pelo condutor;Colisão com objeto;Sem Vítimas;Plena Noite;Decrescente;Chuva;Dupla;Reta;Sim;1;0;0;0;0;1;0;1;-29,90545398;-51,17674031;SPRF-RS;DEL01-RS;UOP01-DEL01-RS
599919;12/05/2024;domingo;03:27:00;RO;174;20;VILHENA;Ausência de reação do condutor;Tombamento;Com Vítimas Feridas;Plena Noite;Decrescente;Céu Claro;Dupla;Reta;Sim;2;0;1;1;0;0;2;1;-12,6830509;-60,1093422;SPRF-RO;DEL04-RO;UOP01-DEL04-RO
599920;12/05/2024;domingo;04:15:00;SC;101;334;TUBARAO;Ingestão de álcool pelo condutor;Atropelamento de Pedestre;Com Vítimas Feridas;Plena Noite;Decrescente;Chuva;Dupla;Reta;Sim;3;0;1;1;1;0;2;2;-28,470636;-49,018293;SPRF-SC;DEL02-SC;UOP01-DEL02-SC
599921;12/05/2024;domingo;05:00:00;RS;285;294,9;PASSO FUNDO;Desrespeitar a preferência no cruzamento;Colisão transversal;Com Vítimas Feridas;Plena Noite;Decrescente;Nublado;Simples;Interseção de Vias;Sim;3;0;0;2;1;0;2;2;-28,234547;-52,384975;SPRF-RS;DEL08-RS;UOP03-DEL08-RS
599922;12/05/2024;domingo;03:25:00;MG;50;124;UBERABA;Condutor Dormindo;Saída de leito carroçável;Com Vítimas Feridas;Plena Noite;Decrescente;Céu Claro;Dupla;Reta;Não;1;0;1;0;0;0;1;1;-19,34165402;-48,09547304;SPRF-MG;DEL13-MG;UOP01-DEL13-MG
599923;12/05/2024;domingo;04:50:00;PR;116;121;CURITIBA;Ausência de reação do condutor;Colisão traseira;Com Vítimas Feridas;Plena Noite;Crescente;Céu Claro;Dupla;Reta;Sim;4;0;1;0;3;0;1;2;-25,595659;-49,31641;SPRF-PR;DEL01-PR;UOP03-DEL01-PR
599924;12/05/2024;domingo;01:00:00;PB;104;6,6;CUITE;Ausência de reação do condutor;Tombamento;Com Vítimas Fatais;Plena Noite;Crescente;Céu Claro;Simples;Reta;Não;1;1;0;0;0;0;0;1;-6,475977;-36,173198;SPRF-PB;DEL02-PB;UOP04-DEL02-PB
599926;12/05/2024;domingo;04:30:00;SC;101;137;BALNEARIO CAMBORIU;Ingestão de álcool pelo condutor;Colisão lateral sentido oposto;Com Vítimas Feridas;Plena Noite;Decrescente;Céu Claro;Dupla;Reta;Não;2;0;0;1;0;1;1;2;-27,0157238;-48,61192763;SPRF-SC;DEL04-SC;UOP03-DEL04-SC
599927;11/05/2024;sábado;22:00:00;GO;452;3;RIO VERDE;Reação tardia ou ineficiente do condutor;Saída de leito carroçável;Com Vítimas Feridas;Plena Noite;Decrescente;Céu Claro;Múltipla;Reta;Sim;1;0;0;1;0;0;1;1;-17,80066089;-50,87743393;SPRF-GO;DEL04-GO;UOP01-DEL04-GO
599928;12/05/2024;domingo;06:00:00;MG;381;342;BELA VISTA DE MINAS;Ausência de reação do condutor;Capotamento;Com Vítimas Feridas;Amanhecer;Decrescente;Nublado;Simples;Curva;Não;5;0;1;0;4;0;1;1;-19,84962291;-43,10954212;SPRF-MG;DEL03-MG;UOP01-DEL03-MG
599929;12/05/2024;domingo;06:00:00;SP;116;217;GUARULHOS;Reação tardia ou ineficiente do condutor;Colisão com objeto;Com Vítimas Feridas;Pleno dia;Crescente;Céu Claro;Múltipla;Reta;Sim;1;0;1;0;0;0;1;1;-23,45423824;-46,47119028;SPRF-SP;DEL01-SP;UOP01-DEL01-SP
599931;12/05/2024;domingo;03:45:00;SC;101;328,6;CAPIVARI DE BAIXO;Ingestão de álcool pelo condutor;Saída de leito carroçável;Sem Vítimas;Plena Noite;Decrescente;Chuva;Múltipla;Reta;Não;1;0;0;0;1;0;0;1;-28,43648094;-48,95989307;SPRF-SC;DEL02-SC;UOP01-DEL02-SC
599932;12/05/2024;domingo;06:18:00;RN;101;84,2;NATAL;Pedestre cruzava a pista fora da faixa;Atropelamento de Pedestre;Com Vítimas Feridas;Pleno dia;Decrescente;Nublado;Dupla;Reta;Sim;2;0;0;1;1;0;1;2;-5,774175;-35,2578;SPRF-RN;DEL02-RN;UOP01-DEL02-RN
599933;11/05/2024;sábado;20:30:00;MA;10;252,5;IMPERATRIZ;Condutor desrespeitou a iluminação vermelha do semáforo;Colisão transversal;Com Vítimas Feridas;Plena Noite;Decrescente;Ignorado;Simples;"Interseção de Vias;Reta";Sim;2;0;0;1;0;1;1;2;-5,53586826;-47,46943474;SPRF-MA;DEL04-MA;UOP01-DEL04-MA
599934;12/05/2024;domingo;06:30:00;MG;50;62,9;UBERLANDIA;Demais falhas mecânicas ou elétricas;Tombamento;Com Vítimas Feridas;Amanhecer;Crescente;Céu Claro;Dupla;Reta;Não;2;0;1;0;1;0;1;1;-18,83652067;-48,25037306;SPRF-MG;DEL15-MG;UOP02-DEL15-MG
599935;12/05/2024;domingo;06:00:00;RS;386;161,6;ALMIRANTE TAMANDARE DO SUL;Transitar na contramão;Colisão frontal;Com Vítimas Feridas;Plena Noite;Decrescente;Céu Claro;Simples;Curva;Não;4;0;4;0;0;0;4;2;-28,166617;-52,836132;SPRF-RS;DEL08-RS;UOP01-DEL08-RS
599936;12/05/2024;domingo;05:45:00;RS;285;459;IJUI;Ingestão de álcool pelo condutor;Colisão lateral sentido oposto;Sem Vítimas;Amanhecer;Crescente;Chuva;Simples;Reta;Sim;3;0;0;0;3;0;0;2;-28,40918078;-53,90253067;SPRF-RS;DEL10-RS;UOP01-DEL10-RS
599938;11/05/2024;sábado;22:37:00;SC;101;362,1;SANGAO;Ingestão de álcool pelo condutor;Colisão com objeto;Sem Vítimas;Plena Noite;Crescente;Chuva;Múltipla;"Reta;Declive";Não;4;0;0;0;4;0;0;1;-28,67136197;-49,12225505;SPRF-SC;DEL02-SC;UOP01-DEL02-SC
599939;12/05/2024;domingo;06:30:00;SC;101;13,4;GARUVA;Ingestão de álcool pelo condutor;Saída de leito carroçável;Sem Vítimas;Amanhecer;Crescente;Garoa/Chuvisco;Dupla;"Reta;Retorno Regulamentado";Não;1;0;0;0;1;0;0;1;-26,08986803;-48,86345096;SPRF-SC;DEL03-SC;UOP01-DEL03-SC
599941;12/05/2024;domingo;05:50:00;RS;158;277;JULIO DE CASTILHOS;Reação tardia ou ineficiente do condutor;Saída de leito carroçável;Sem Vítimas;Amanhecer;Decrescente;Chuva;Simples;Reta;Não;1;0;0;0;0;1;0;1;-29,35220703;-53,67285229;SPRF-RS;DEL09-RS;UOP01-DEL09-RS
599942;11/05/2024;sábado;17:02:00;RO;364;386;OURO PRETO DO OESTE;Desrespeitar a preferência no cruzamento;Colisão transversal;Com Vítimas Feridas;Anoitecer;Decrescente;Céu Claro;Simples;Retorno Regulamentado;Não;2;0;1;0;1;0;1;2;-10,70116422;-62,26238327;SPRF-RO;DEL03-RO;UOP02-DEL03-RO
599943;12/05/2024;domingo;06:36:00;GO;60;38;ALEXANIA;Demais falhas mecânicas ou elétricas;Saída de leito carroçável;Com Vítimas Feridas;Amanhecer;Decrescente;Céu Claro;Dupla;"Curva;Declive";Não;2;0;1;1;0;0;2;1;-16,1148;-48,5476;SPRF-DF;DEL03-DF;UOP01-DEL03-DF
599944;11/05/2024;sábado;21:50:00;MT;174;89;CACERES;Animais na Pista;Atropelamento de Animal;Sem Vítimas;Plena Noite;Decrescente;Céu Claro;Simples;Reta;Não;1;0;0;0;1;0;0;1;-15,91432227;-57,8037704;SPRF-MT;DEL03-MT;UOP01-DEL03-MT
599945;12/05/2024;domingo;06:50:00;MG;381;432,4;CAETE;Acesso irregular;Colisão transversal;Com Vítimas Feridas;Pleno dia;Crescente;Céu Claro;Simples;Curva;Sim;3;0;1;0;2;0;1;2;-19,78509207;-43,7235716;SPRF-MG;DEL01-MG;UOP01-DEL01-MG
599946;12/05/2024;domingo;07:15:00;PE;408;99;SAO LOURENCO DA MATA;Demais falhas mecânicas ou elétricas;Saída de leito carroçável;Com Vítimas Feridas;Pleno dia;Decrescente;Céu Claro;Dupla;Reta;Não;2;0;2;0;0;0;2;1;-8,04133634;-35,02531212;SPRF-PE;DEL01-PE;UOP01-DEL01-PE
599947;12/05/2024;domingo;01:20:00;SC;470;54,5;BLUMENAU;Acessar a via sem observar a presença dos outros veículos;Colisão transversal;Sem Vítimas;Plena Noite;Crescente;Céu Claro;Dupla;Interseção de Vias;Sim;2;0;0;0;1;1;0;2;-26,871065;-49,110374;SPRF-SC;DEL04-SC;UOP01-DEL04-SC
599948;12/05/2024;domingo;05:30:00;RS;158;179,5;PEJUCARA;Chuva;Colisão com objeto;Sem Vítimas;Plena Noite;Decrescente;Chuva;Simples;Reta;Não;1;0;0;0;0;1;0;1;-28,51632839;-53,5532856;SPRF-RS;DEL10-RS;UOP02-DEL10-RS
599949;11/05/2024;sábado;22:25:00;RS;470;216;BENTO GONCALVES;Reação tardia ou ineficiente do condutor;Saída de leito carroçável;Sem Vítimas;Plena Noite;Decrescente;Chuva;Simples;Curva;Sim;1;0;0;0;1;0;0;1;-29,17424623;-51,52418804;SPRF-RS;DEL06-RS;UOP01-DEL06-RS
599951;12/05/2024;domingo;06:40:00;PR;116;110;CURITIBA;Condutor Dormindo;Colisão com objeto;Com Vítimas Feridas;Amanhecer;Crescente;Céu Claro;Dupla;Reta;Sim;1;0;1;0;0;0;1;1;-25,559122;-49,266329;SPRF-PR;DEL01-PR;UOP07-DEL01-PR
599952;12/05/2024;domingo;04:50:00;SC;101;121;ITAJAI;Ingestão de álcool pelo condutor;Saída de leito carroçável;Sem Vítimas;Plena Noite;Crescente;Nublado;Múltipla;Reta;Sim;1;0;0;0;1;0;0;1;-26,92103178;-48,70856446;SPRF-SC;DEL04-SC;UOP04-DEL04-SC
599954;12/05/2024;domingo;06:05:00;RJ;356;88;CARDOSO MOREIRA;Ausência de reação do condutor;Colisão traseira;Com Vítimas Feridas;Amanhecer;Crescente;Céu Claro;Simples;Reta;Sim;2;0;1;0;1;0;1;2;-21,49637484;-41,62333588;SPRF-RJ;DEL08-RJ;UOP03-DEL08-RJ
599955;12/05/2024;domingo;06:30:00;RJ;493;59;DUQUE DE CAXIAS;Reação tardia ou ineficiente do condutor;Queda de ocupante de veículo;Com Vítimas Feridas;Pleno dia;Crescente;Céu Claro;Dupla;Reta;Não;1;0;1;0;0;0;1;1;-22,672089;-43,285053;SPRF-RJ;DEL01-RJ;UOP03-DEL01-RJ
599957;12/05/2024;domingo;05:32:00;CE;222;139,9;IRAUCUBA;Reação tardia ou ineficiente do condutor;Saída de leito carroçável;Com Vítimas Feridas;Amanhecer;Decrescente;Ignorado;Simples;Reta;Não;2;0;2;0;0;0;2;1;-3,74550768;-39,70014474;SPRF-CE;DEL04-CE;UOP03-DEL04-CE
599961;12/05/2024;domingo;07:50:00;ES;262;29,5;DOMINGOS MARTINS;Transitar na contramão;Colisão lateral sentido oposto;Sem Vítimas;Pleno dia;Crescente;Céu Claro;Dupla;Curva;Não;2;0;0;0;2;0;0;2;-20,37585099;-40,56027297;SPRF-ES;DEL01-ES;UOP01-DEL01-ES
599962;12/05/2024;domingo;03:00:00;RJ;40;123;DUQUE DE CAXIAS;Reação tardia ou ineficiente do condutor;Colisão traseira;Com Vítimas Feridas;Plena Noite;Decrescente;Céu Claro;Múltipla;Reta;Sim;5;0;2;0;3;0;2;2;-22,79907687;-43,29015739;SPRF-RJ;DEL01-RJ;UOP02-DEL01-RJ
599963;12/05/2024;domingo;01:15:00;RJ;493;62;DUQUE DE CAXIAS;Ausência de reação do condutor;Colisão traseira;Sem Vítimas;Plena Noite;Crescente;Céu Claro;Dupla;Reta;Não;2;0;0;0;2;0;0;2;-22,672089;-43,285053;SPRF-RJ;DEL01-RJ;UOP03-DEL01-RJ
599964;12/05/2024;domingo;07:40:00;RS;470;236;CARLOS BARBOSA;Ingestão de álcool pelo condutor;Colisão com objeto;Sem Vítimas;Pleno dia;Decrescente;Chuva;Simples;Reta;Sim;1;0;0;0;1;0;0;1;-29,31940694;-51,49532318;SPRF-RS;DEL06-RS;UOP01-DEL06-RS
599965;12/05/2024;domingo;08:50:00;SP;116;219;GUARULHOS;Reação tardia ou ineficiente do condutor;Colisão lateral mesmo sentido;Com Vítimas Feridas;Pleno dia;Decrescente;Céu Claro;Múltipla;Reta;Não;2;0;0;1;1;0;1;2;-23,46143954;-46,48885316;SPRF-SP;DEL01-SP;UOP01-DEL01-SP
599966;12/05/2024;domingo;09:00:00;BA;116;414;FEIRA DE SANTANA;Manobra de mudança de faixa;Colisão traseira;Com Vítimas Feridas;Pleno dia;Decrescente;Sol;Dupla;"Reta;Declive";Não;3;0;1;1;1;0;2;2;-12,16157;-38,96558;SPRF-BA;DEL02-BA;UOP01-DEL02-BA
599967;12/05/2024;domingo;08:50:00;PR;116;0;QUATRO BARRAS;Reação tardia ou ineficiente do condutor;Colisão com objeto;Com Vítimas Feridas;Pleno dia;Decrescente;Céu Claro;Simples;"Curva;Retorno Regulamentado";Não;1;0;0;1;0;0;1;1;-25,3478;-49,0493;SPRF-PR;DEL01-PR;UOP02-DEL01-PR
599970;12/05/2024;domingo;09:20:00;ES;262;41,9;DOMINGOS MARTINS;Ausência de reação do condutor;Colisão com objeto;Com Vítimas Feridas;Pleno dia;Decrescente;Céu Claro;Simples;Curva;Não;1;0;1;0;0;0;1;1;-20,38521335;-40,64485887;SPRF-ES;DEL01-ES;UOP01-DEL01-ES
599971;12/05/2024;domingo;09:40:00;CE;222;2;FORTALEZA;Condutor desrespeitou a iluminação vermelha do semáforo;Colisão transversal;Com Vítimas Feridas;Pleno dia;Decrescente;Sol;Múltipla;Retorno Regulamentado;Sim;2;0;1;0;1;0;1;2;-3,73911117;-38,58687498;SPRF-CE;DEL01-CE;UOP01-DEL01-CE
599973;12/05/2024;domingo;09:05:00;SC;282;54,5;AGUAS MORNAS;Velocidade Incompatível;Colisão frontal;Com Vítimas Feridas;Pleno dia;Crescente;Nublado;Simples;Reta;Não;4;0;4;0;0;0;4;2;-27,685799;-48,974514;SPRF-SC;DEL01-SC;UOP03-DEL01-SC
599974;14/04/2024;domingo;09:20:00;RJ;354;16;RESENDE;Reação tardia ou ineficiente do condutor;Tombamento;Com Vítimas Feridas;Pleno dia;Decrescente;Sol;Simples;Curva;Não;1;0;0;1;0;0;1;1;-22,45019;-44,722034;SPRF-RJ;DEL07-RJ;UOP02-DEL07-RJ
599976;12/05/2024;domingo;09:40:00;MG;381;284;JAGUARACU;Reação tardia ou ineficiente do condutor;Colisão traseira;Com Vítimas Feridas;Pleno dia;Decrescente;Sol;Simples;Curva;Não;4;0;1;0;3;0;1;2;-19,61562462;-42,79145991;SPRF-MG;DEL03-MG;UOP02-DEL03-MG
599977;12/05/2024;domingo;10:01:00;RN;226;61;SENADOR ELOI DE SOUZA;Ausência de reação do condutor;Colisão traseira;Com Vítimas Feridas;Pleno dia;Crescente;Céu Claro;Simples;Reta;Não;3;0;2;0;1;0;2;2;-6,050153;-35,674737;SPRF-RN;DEL01-RN;UOP02-DEL01-RN
599979;12/05/2024;domingo;00:30:00;PR;277;235;FERNANDES PINHEIRO;Reação tardia ou ineficiente do condutor;Saída de leito carroçável;Sem Vítimas;Plena Noite;Decrescente;Céu Claro;Simples;"Reta;Aclive";Não;1;0;0;0;1;0;0;1;-25,46813144;-50,50708614;SPRF-PR;DEL08-PR;UOP02-DEL08-PR
599981;12/05/2024;domingo;09:30:00;PB;230;313;SAO MAMEDE;Ausência de reação do condutor;Colisão traseira;Com Vítimas Feridas;Pleno dia;Decrescente;Céu Claro;Simples;Reta;Não;2;0;1;0;1;0;1;2;-6,9371;-37,0949;SPRF-PB;DEL03-PB;UOP01-DEL03-PB
599982;12/05/2024;domingo;06:10:00;RS;285;325,9;CARAZINHO;Condutor Dormindo;Saída de leito carroçável;Com Vítimas Feridas;Plena Noite;Crescente;Garoa/Chuvisco;Simples;"Curva;Ponte";Não;1;0;1;0;0;0;1;1;-28,268545;-52,669102;SPRF-RS;DEL08-RS;UOP03-DEL08-RS
599983;12/05/2024;domingo;08:20:00;PE;408;20,3;TIMBAUBA;Desrespeitar a preferência no cruzamento;Colisão transversal;Com Vítimas Feridas;Pleno dia;Decrescente;Céu Claro;Simples;"Declive;Reta;Interseção de Vias";Sim;3;0;2;0;1;0;2;2;-7,521062;-35,305815;SPRF-PE;DEL01-PE;UOP02-DEL01-PE
599984;12/05/2024;domingo;10:26:00;SC;101;212,2;PALHOCA;Ingestão de álcool pelo condutor;Colisão traseira;Com Vítimas Feridas;Pleno dia;Decrescente;Nublado;Múltipla;Reta;Sim;3;0;1;0;2;0;1;2;-27,62996929;-48,65903871;SPRF-SC;DEL01-SC;UOP02-DEL01-SC
599985;12/05/2024;domingo;10:00:00;PE;101;95,2;CABO DE SANTO AGOSTINHO;Afundamento ou ondulação no pavimento;Capotamento;Com Vítimas Feridas;Pleno dia;Crescente;Sol;Dupla;Reta;Não;2;0;2;0;0;0;2;1;-8,25099;-35,01426;SPRF-PE;DEL01-PE;UOP03-DEL01-PE
599986;12/05/2024;domingo;05:00:00;PB;361;51,1;CATINGUEIRA;Ingestão de álcool pelo condutor;Saída de leito carroçável;Com Vítimas Fatais;Amanhecer;Crescente;Céu Claro;Simples;Curva;Não;1;1;0;0;0;0;0;1;-7,155562;-37,667228;SPRF-PB;DEL03-PB;UOP01-DEL03-PB
599987;12/05/2024;domingo;11:06:00;GO;70;8;AGUAS LINDAS DE GOIAS;Condutor deixou de manter distância do veículo da frente;Colisão traseira;Sem Vítimas;Pleno dia;Decrescente;Céu Claro;Dupla;"Reta;Declive";Sim;2;0;0;0;1;1;0;2;-15,73733681;-48,27407468;SPRF-DF;DEL03-DF;UOP02-DEL03-DF