id;data_inversa;dia_semana;horario;uf;br;km;municipio;causa_acidente;tipo_acidente;classificacao_acidente;fase_dia;sentido_via;condicao_metereologica;tipo_pista;tracado_via;uso_solo;pessoas;mortos;feridos_leves;feridos_graves;ilesos;ignorados;feridos;veiculos;latitude;longitude;regional;delegacia;uop
600209;26/04/2024;sexta-feira;15:50:00;SP;381;88;GUARULHOS;Estacionar ou parar em local proibido;Colisão lateral mesmo sentido;Com Vítimas Feridas;Pleno dia;Decrescente;Ignorado;Múltipla;Reta;Sim;2;0;1;0;1;0;1;2;-23,47469314;-46,56112919;SPRF-SP;DEL03-SP;UOP01-DEL03-SP
600211;13/05/2024;segunda-feira;09:40:00;PA;230;118;MARABA;Demais falhas mecânicas ou elétricas;Incêndio;Sem Vítimas;Pleno dia;Crescente;Céu Claro;Dupla;Reta;Sim;1;0;0;0;1;0;0;1;-5,35193706;-49,09794103;SPRF-PA;DEL03-PA;UOP01-DEL03-PA
600212;13/05/2024;segunda-feira;09:00:00;SC;470;60,2;BLUMENAU;Acessar a via sem observar a presença dos outros veículos;Colisão transversal;Com Vítimas Feridas;Pleno dia;Crescente;Nublado;Simples;Interseção de Vias;Não;2;0;0;1;1;0;1;2;-26,88138;-49,164543;SPRF-SC;DEL04-SC;UOP01-DEL04-SC
600214;13/05/2024;segunda-feira;07:02:00;AC;364;142;RIO BRANCO;Reação tardia ou ineficiente do condutor;Colisão transversal;Com Vítimas Feridas;Amanhecer;Crescente;Céu Claro;Dupla;Reta;Não;2;0;1;0;1;0;1;2;-9,93629479;-67,88193482;SPRF-AC;DEL01-AC;UOP01-DEL01-AC
600215;26/04/2024;sexta-feira;16:00:00;SP;381;88;GUARULHOS;Reação tardia ou ineficiente do condutor;Queda de ocupante de veículo;Com Vítimas Feridas;Pleno dia;Decrescente;Ignorado;Múltipla;Reta;Sim;2;0;1;0;0;1;1;2;-23,47469314;-46,56112919;SPRF-SP;DEL03-SP;UOP01-DEL03-SP
600216;02/05/2024;quinta-feira;09:40:00;DF;70;13;BRASILIA;Condutor deixou de manter distância do veículo da frente;Colisão traseira;Sem Vítimas;Pleno dia;Decrescente;Sol;Dupla;"Rotatória;Reta";Sim;2;0;0;0;2;0;0;2;-15,79658955;-48,17228079;SPRF-DF;DEL03-DF;UOP02-DEL03-DF
600217;13/05/2024;segunda-feira;09:50:00;PR;376;239,4;APUCARANA;Afundamento ou ondulação no pavimento;Tombamento;Com Vítimas Feridas;Pleno dia;Crescente;Céu Claro;Dupla;Curva;Não;2;0;2;0;0;0;2;1;-23,58256;-51,45756;SPRF-PR;DEL07-PR;UOP03-DEL07-PR
600218;13/05/2024;segunda-feira;10:00:00;DF;20;19;BRASILIA;Estacionar ou parar em local proibido;Queda de ocupante de veículo;Com Vítimas Feridas;Pleno dia;Decrescente;Céu Claro;Dupla;Declive;Sim;1;0;1;0;0;0;1;1;-15,612175;-47,700928;SPRF-DF;DEL02-DF;UOP01-DEL02-DF
600219;13/05/2024;segunda-feira;06:00:00;PI;343;559,9;AMARANTE;Ausência de reação do condutor;Queda de ocupante de veículo;Com Vítimas Feridas;Amanhecer;Crescente;Céu Claro;Simples;Curva;Não;1;0;0;1;0;0;1;1;-6,652987;-42,882874;SPRF-PI;DEL03-PI;UOP01-DEL03-PI
600220;13/05/2024;segunda-feira;07:35:00;AC;364;139;RIO BRANCO;Reação tardia ou ineficiente do condutor;Colisão lateral mesmo sentido;Com Vítimas Feridas;Pleno dia;Crescente;Céu Claro;Dupla;Reta;Não;3;0;2;0;1;0;2;2;-9,95359291;-67,86119892;SPRF-AC;DEL01-AC;UOP01-DEL01-AC
600221;13/05/2024;segunda-feira;10:20:00;MA;230;403;BALSAS;Acesso irregular;Colisão transversal;Com Vítimas Feridas;Pleno dia;Crescente;Céu Claro;Simples;Reta;Sim;2;0;1;0;1;0;1;2;-7,51686308;-46,03524183;SPRF-MA;DEL05-MA;UOP01-DEL05-MA
600223;13/05/2024;segunda-feira;06:50:00;BA;101;230;SAPEACU;Condutor deixou de manter distância do veículo da frente;Colisão traseira;Com Vítimas Feridas;Pleno dia;Decrescente;Sol;Simples;Reta;Não;2;0;0;1;1;0;1;2;-12,716188;-39,179743;SPRF-BA;DEL01-BA;UOP02-DEL01-BA
600226;01/05/2024;quarta-feira;10:50:00;PR;376;668;GUARATUBA;Reação tardia ou ineficiente do condutor;Colisão com objeto;Com Vítimas Feridas;Pleno dia;Crescente;Céu Claro;Dupla;"Curva;Declive";Não;1;0;1;0;0;0;1;1;-25,864159;-48,937538;SPRF-PR;DEL01-PR;UOP04-DEL01-PR
600227;13/05/2024;segunda-feira;10:00:00;PR;116;209;RIO NEGRO;Reação tardia ou ineficiente do condutor;Colisão lateral mesmo sentido;Com Vítimas Feridas;Pleno dia;Crescente;Nublado;Simples;Reta;Sim;2;0;1;0;1;0;1;2;-26,07620916;-49,75230908;SPRF-SC;DEL06-SC;UOP01-DEL06-SC
600228;13/05/2024;segunda-feira;08:20:00;PE;101;104,2;CABO DE SANTO AGOSTINHO;Ausência de reação do condutor;Capotamento;Com Vítimas Feridas;Pleno dia;Crescente;Céu Claro;Dupla;Curva;Sim;1;0;1;0;0;0;1;1;-8,29739778;-35,06293971;SPRF-PE;DEL01-PE;UOP03-DEL01-PE
600229;29/03/2024;sexta-feira;14:00:00;MG;356;265,7;MURIAE;Desrespeitar a preferência no cruzamento;Colisão transversal;Com Vítimas Feridas;Pleno dia;Crescente;Ignorado;Simples;Interseção de Vias;Não;2;0;1;0;1;0;1;2;-21,12764632;-42,36841148;SPRF-MG;DEL07-MG;UOP02-DEL07-MG
600231;13/05/2024;segunda-feira;09:23:00;RJ;101;435;MANGARATIBA;Condutor deixou de manter distância do veículo da frente;Colisão traseira;Com Vítimas Feridas;Pleno dia;Crescente;Sol;Simples;"Aclive;Curva";Não;3;0;2;0;1;0;2;2;-22,93945885;-44,0529249;SPRF-RJ;DEL03-RJ;UOP02-DEL03-RJ
600232;13/05/2024;segunda-feira;09:00:00;RJ;101;455;MANGARATIBA;Acessar a via sem observar a presença dos outros veículos;Colisão transversal;Com Vítimas Feridas;Pleno dia;Decrescente;Céu Claro;Simples;Reta;Sim;3;0;1;1;1;0;2;2;-23,03130715;-44,15918011;SPRF-RJ;DEL03-RJ;UOP02-DEL03-RJ
600234;13/05/2024;segunda-feira;09:10:00;PI;316;312;PICOS;Acessar a via sem observar a presença dos outros veículos;Colisão transversal;Com Vítimas Feridas;Pleno dia;Crescente;Sol;Simples;Reta;Sim;2;0;1;0;1;0;1;2;-7,08092534;-41,4582602;SPRF-PI;DEL04-PI;UOP01-DEL04-PI
600236;13/05/2024;segunda-feira;11:20:00;ES;101;37;CONCEICAO DA BARRA;Acessar a via sem observar a presença dos outros veículos;Colisão transversal;Com Vítimas Feridas;Pleno dia;Decrescente;Céu Claro;Simples;"Rotatória;Interseção de Vias;Reta";Não;3;0;1;0;2;0;1;2;-18,47332967;-39,92661186;SPRF-ES;DEL04-ES;UOP02-DEL04-ES
600237;13/05/2024;segunda-feira;06:30:00;RO;364;548,5;RIO CRESPO;Ausência de reação do condutor;Saída de leito carroçável;Com Vítimas Feridas;Pleno dia;Decrescente;Nublado;Dupla;Reta;Não;1;0;1;0;0;0;1;1;-9,662858;-63,090275;SPRF-RO;DEL03-RO;UOP01-DEL03-RO
600245;13/05/2024;segunda-feira;11:40:00;PR;376;617;SAO JOSE DOS PINHAIS;Reação tardia ou ineficiente do condutor;Tombamento;Com Vítimas Feridas;Pleno dia;Decrescente;Céu Claro;Dupla;Reta;Sim;1;0;1;0;0;0;1;1;-25,59195548;-49,17188644;SPRF-PR;DEL01-PR;UOP04-DEL01-PR
600246;13/05/2024;segunda-feira;12:20:00;RS;116;243;SAO LEOPOLDO;Pista Escorregadia;Tombamento;Com Vítimas Feridas;Pleno dia;Decrescente;Chuva;Dupla;Reta;Sim;1;0;1;0;0;0;1;1;-29,73196199;-51,14952004;SPRF-RS;DEL01-RS;UOP02-DEL01-RS
600247;13/05/2024;segunda-feira;11:45:00;SE;235;54,2;ITABAIANA;Condutor deixou de manter distância do veículo da frente;Colisão traseira;Com Vítimas Feridas;Pleno dia;Crescente;Nublado;Simples;Reta;Sim;4;0;1;0;3;0;1;4;-10,676047;-37,443279;SPRF-SE;DEL01-SE;UOP02-DEL01-SE
600248;28/03/2024;quinta-feira;07:30:00;MG;459;20;CALDAS;Velocidade Incompatível;Saída de leito carroçável;Com Vítimas Feridas;Pleno dia;Decrescente;Chuva;Simples;"Declive;Curva";Não;1;0;1;0;0;0;1;1;-21,86070215;-46,4258194;SPRF-MG;DEL09-MG;UOP01-DEL09-MG
600249;13/05/2024;segunda-feira;12:45:00;SP;116;221;GUARULHOS;Entrada inopinada do pedestre;Atropelamento de Pedestre;Com Vítimas Feridas;Pleno dia;Decrescente;Céu Claro;Dupla;Reta;Sim;2;0;1;0;0;1;1;2;-23,46802395;-46,50704901;SPRF-SP;DEL01-SP;UOP01-DEL01-SP
600250;13/05/2024;segunda-feira;12:00:00;SC;282;16,4;PALHOCA;Desrespeitar a preferência no cruzamento;Colisão transversal;Com Vítimas Feridas;Pleno dia;Decrescente;Chuva;Simples;Reta;Não;2;0;1;0;1;0;1;2;-27,658611;-48,681847;SPRF-SC;DEL01-SC;UOP02-DEL01-SC
600251;09/05/2024;quinta-feira;07:10:00;MG;365;419;PATOS DE MINAS;Frear bruscamente;Colisão traseira;Com Vítimas Feridas;Pleno dia;Decrescente;Sol;Dupla;Reta;Não;4;0;3;0;1;0;3;3;-18,69581421;-46,59448986;SPRF-MG;DEL10-MG;UOP01-DEL10-MG
600252;13/05/2024;segunda-feira;13:00:00;MG;262;400,3;PARA DE MINAS;Condutor deixou de manter distância do veículo da frente;Colisão traseira;Com Vítimas Feridas;Pleno dia;Crescente;Céu Claro;Dupla;Reta;Não;3;0;2;0;1;0;2;2;-19,90293517;-44,54364505;SPRF-MG;DEL01-MG;UOP03-DEL01-MG
600253;13/05/2024;segunda-feira;08:20:00;RJ;101;315;SAO GONCALO;Ultrapassagem Indevida;Colisão traseira;Com Vítimas Feridas;Pleno dia;Crescente;Céu Claro;Dupla;Reta;Não;3;0;1;0;1;1;1;2;-22,82262092;-43,08460805;SPRF-RJ;DEL02-RJ;UOP02-DEL02-RJ
600255;03/05/2024;sexta-feira;13:30:00;MG;116;274;TEOFILO OTONI;Ausência de reação do condutor;Colisão lateral mesmo sentido;Com Vítimas Feridas;Pleno dia;Decrescente;Céu Claro;Simples;Reta;Sim;2;0;0;1;1;0;1;2;-17,83384514;-41,51094368;SPRF-MG;DEL11-MG;UOP01-DEL11-MG
600256;13/05/2024;segunda-feira;11:10:00;ES;101;304,8;VIANA;Mal súbito do condutor;Saída de leito carroçável;Com Vítimas Fatais;Pleno dia;Decrescente;Céu Claro;Dupla;Reta;Sim;1;1;0;0;0;0;0;1;-20,3800645;-40,45431391;SPRF-ES;DEL01-ES;UOP01-DEL01-ES
600257;13/05/2024;segunda-feira;12:40:00;PR;277;1;PARANAGUA;Acumulo de óleo sobre o pavimento;Queda de ocupante de veículo;Com Vítimas Feridas;Pleno dia;Decrescente;Nublado;Simples;Rotatória;Sim;2;0;2;0;0;0;2;2;-25,52779146;-48,54757011;SPRF-PR;DEL01-PR;UOP05-DEL01-PR
600260;13/05/2024;segunda-feira;13:50:00;AL;104;34,6;UNIAO DOS PALMARES;Reação tardia ou ineficiente do condutor;Colisão transversal;Com Vítimas Feridas;Pleno dia;Decrescente;Céu Claro;Simples;Reta;Sim;2;0;1;0;0;1;1;2;-9,15381;-36,01296413;SPRF-AL;DEL01-AL;UOP02-DEL01-AL
600263;13/05/2024;segunda-feira;11:20:00;SC;282;500,1;XANXERE;Velocidade Incompatível;Colisão com objeto;Com Vítimas Feridas;Pleno dia;Decrescente;Chuva;Dupla;"Declive;Reta";Sim;1;0;1;0;0;0;1;1;-26,88233819;-52,37896442;SPRF-SC;DEL07-SC;UOP01-DEL07-SC
600264;13/05/2024;segunda-feira;13:20:00;RS;285;120;VACARIA;Acessar a via sem observar a presença dos outros veículos;Colisão transversal;Com Vítimas Feridas;Pleno dia;Crescente;Chuva;Simples;Reta;Sim;7;0;2;0;5;0;2;5;-28,506767;-50,926594;SPRF-RS;DEL05-RS;UOP03-DEL05-RS
600265;13/05/2024;segunda-feira;13:50:00;PR;116;116,2;CURITIBA;Velocidade Incompatível;Engavetamento;Com Vítimas Feridas;Pleno dia;Crescente;Nublado;Múltipla;"Aclive;Reta";Sim;4;0;2;0;2;0;2;3;-25,55712266;-49,30622756;SPRF-PR;DEL01-PR;UOP03-DEL01-PR
600266;19/04/2024;sexta-feira;15:34:00;BA;101;232;SAPEACU;Reação tardia ou ineficiente do condutor;Saída de leito carroçável;Com Vítimas Feridas;Pleno dia;Decrescente;Céu Claro;Simples;Reta;Sim;2;0;1;0;1;0;1;2;-12,7341215;-39,1834259;SPRF-BA;DEL01-BA;UOP02-DEL01-BA
600268;13/05/2024;segunda-feira;13:50:00;MG;40;524;CONTAGEM;Manobra de mudança de faixa;Colisão lateral mesmo sentido;Com Vítimas Feridas;Pleno dia;Crescente;Céu Claro;Dupla;Reta;Sim;3;0;2;0;1;0;2;2;-19,8754469;-44,05345586;SPRF-MG;DEL01-MG;UOP02-DEL01-MG
600269;27/04/2024;sábado;11:06:00;MG;50;22;UBERLANDIA;Ultrapassagem Indevida;Colisão lateral mesmo sentido;Com Vítimas Fatais;Pleno dia;Crescente;Céu Claro;Simples;"Viaduto;Reta";Não;7;1;0;3;3;0;3;5;-18,9113;-48,2622;SPRF-MG;DEL15-MG;UOP01-DEL15-MG
600270;13/05/2024;segunda-feira;13:30:00;ES;259;30,5;COLATINA;Condutor deixou de manter distância do veículo da frente;Colisão traseira;Com Vítimas Feridas;Pleno dia;Crescente;Céu Claro;Simples;Reta;Não;2;0;1;0;1;0;1;2;-19,59524502;-40,50646804;SPRF-ES;DEL02-ES;UOP01-DEL02-ES
600271;13/05/2024;segunda-feira;14:30:00;SC;101;235;PALHOCA;Chuva;Capotamento;Com Vítimas Feridas;Pleno dia;Decrescente;Chuva;Dupla;Curva;Não;4;0;2;0;2;0;2;1;-27,8177775;-48,6315025;SPRF-SC;DEL01-SC;UOP02-DEL01-SC
600274;31/03/2024;domingo;07:20:00;MG;381;485;BETIM;Reação tardia ou ineficiente do condutor;Colisão traseira;Com Vítimas Feridas;Pleno dia;Crescente;Céu Claro;Dupla;Reta;Não;2;0;1;0;1;0;1;2;-19,95659361;-44,12622893;SPRF-MG;DEL01-MG;UOP03-DEL01-MG
600275;13/05/2024;segunda-feira;07:55:00;RO;429;117,2;ALVORADA DOESTE;Acessar a via sem observar a presença dos outros veículos;Colisão traseira;Sem Vítimas;Pleno dia;Crescente;Céu Claro;Simples;Interseção de Vias;Não;4;0;0;0;4;0;0;2;-11,50786266;-62,44413711;SPRF-RO;DEL02-RO;UOP03-DEL02-RO
600277;13/05/2024;segunda-feira;15:10:00;SC;101;198;BIGUACU;Trafegar com motocicleta (ou similar) entre as faixas;Colisão lateral mesmo sentido;Com Vítimas Feridas;Pleno dia;Crescente;Chuva;Múltipla;Reta;Sim;2;0;1;0;1;0;1;2;-27,52658712;-48,63506019;SPRF-SC;DEL01-SC;UOP01-DEL01-SC
600278;13/05/2024;segunda-feira;15:35:00;SP;153;60;SAO JOSE DO RIO PRETO;Ausência de reação do condutor;Colisão com objeto;Com Vítimas Feridas;Pleno dia;Decrescente;Céu Claro;Dupla;Reta;Sim;1;0;1;0;0;0;1;1;-20,78733103;-49,35399276;SPRF-SP;DEL09-SP;UOP01-DEL09-SP
600279;13/05/2024;segunda-feira;15:15:00;SP;116;229;SAO PAULO;Transitar no Acostamento;Colisão traseira;Com Vítimas Feridas;Pleno dia;Decrescente;Céu Claro;Múltipla;Reta;Sim;2;0;1;0;1;0;1;2;-23,51291902;-46,57604698;SPRF-SP;DEL01-SP;UOP01-DEL01-SP
600280;13/05/2024;segunda-feira;15:20:00;RJ;116;172;RIO DE JANEIRO;Demais falhas mecânicas ou elétricas;Queda de ocupante de veículo;Com Vítimas Feridas;Pleno dia;Crescente;Céu Claro;Dupla;Reta;Não;1;0;1;0;0;0;1;1;-22,80188151;-43,35043673;SPRF-RJ;DEL06-RJ;UOP01-DEL06-RJ
600281;13/05/2024;segunda-feira;15:00:00;SP;116;168,4;JACAREI;Ausência de reação do condutor;Colisão traseira;Com Vítimas Feridas;Pleno dia;Crescente;Céu Claro;Dupla;"Aclive;Reta";Sim;4;0;1;1;2;0;2;3;-23,30581299;-46,03714585;SPRF-SP;DEL02-SP;UOP01-DEL02-SP
600282;13/05/2024;segunda-feira;14:45:00;SC;101;119;ITAJAI;Ausência de reação do condutor;Tombamento;Com Vítimas Feridas;Pleno dia;Crescente;Chuva;Dupla;Reta;Não;1;0;0;1;0;0;1;1;-26,9043179;-48,71555481;SPRF-SC;DEL04-SC;UOP04-DEL04-SC
600284;13/05/2024;segunda-feira;07:40:00;PE;424;86,7;GARANHUNS;Velocidade Incompatível;Colisão transversal;Com Vítimas Fatais;Pleno dia;Crescente;Céu Claro;Simples;Reta;Não;5;1;2;0;0;2;2;4;-8,86552886;-36,50934159;SPRF-PE;DEL03-PE;UOP01-DEL03-PE
600286;13/05/2024;segunda-feira;16:00:00;MG;153;140,9;PRATA;Demais falhas mecânicas ou elétricas;Incêndio;Sem Vítimas;Pleno dia;Crescente;Sol;Simples;Reta;Não;1;0;0;0;1;0;0;1;-19,56516701;-48,82571719;SPRF-MG;DEL15-MG;UOP03-DEL15-MG
600290;19/04/2024;sexta-feira;18:10:00;BA;324;560;SAO SEBASTIAO DO PASSE;Acessar a via sem observar a presença dos outros veículos;Colisão traseira;Com Vítimas Feridas;Anoitecer;Crescente;Céu Claro;Dupla;Reta;Não;3;0;1;0;2;0;1;2;-12,49250283;-38,65366887;SPRF-BA;DEL01-BA;UOP01-DEL01-BA
600292;13/05/2024;segunda-feira;16:30:00;MG;50;28;ARAGUARI;Demais Fenômenos da natureza;Tombamento;Com Vítimas Feridas;Pleno dia;Crescente;Céu Claro;Dupla;"Aclive;Curva";Não;1;0;1;0;0;0;1;1;-18,617686;-48,10409;SPRF-MG;DEL15-MG;UOP02-DEL15-MG
600293;13/05/2024;segunda-feira;14:22:00;MG;381;498;BETIM;Demais falhas mecânicas ou elétricas;Incêndio;Sem Vítimas;Pleno dia;Decrescente;Céu Claro;Dupla;Reta;Não;1;0;0;0;1;0;0;1;-20,01172662;-44,21976041;SPRF-MG;DEL01-MG;UOP03-DEL01-MG
600295;13/05/2024;segunda-feira;11:00:00;PA;316;62;CASTANHAL;Ausência de reação do condutor;Colisão traseira;Com Vítimas Feridas;Pleno dia;Crescente;Céu Claro;Dupla;Reta;Sim;4;0;2;0;2;0;2;2;-1,29786885;-47,93764104;SPRF-PA;DEL01-PA;UOP01-DEL01-PA
600296;30/03/2024;sábado;12:50:00;PR;376;638;TIJUCAS DO SUL;Acessar a via sem observar a presença dos outros veículos;Colisão traseira;Com Vítimas Feridas;Pleno dia;Decrescente;Céu Claro;Dupla;Curva;Não;4;0;1;1;2;0;2;2;-25,7765325;-49,1203022;SPRF-PR;DEL01-PR;UOP04-DEL01-PR
600298;13/05/2024;segunda-feira;17:50:00;PR;116;119;CURITIBA;Reação tardia ou ineficiente do condutor;Colisão traseira;Com Vítimas Feridas;Anoitecer;Crescente;Nublado;Dupla;Reta;Não;2;0;1;0;1;0;1;2;-25,54456009;-49,30146002;SPRF-PR;DEL01-PR;UOP03-DEL01-PR
600300;13/05/2024;segunda-feira;12:40:00;RJ;465;20;NOVA IGUACU;Trafegar com motocicleta (ou similar) entre as faixas;Colisão transversal;Com Vítimas Feridas;Pleno dia;Decrescente;Sol;Dupla;Reta;Sim;3;0;1;0;2;0;1;2;-22,846828;-43,605339;SPRF-RJ;DEL06-RJ;UOP02-DEL06-RJ
600301;13/05/2024;segunda-feira;17:35:00;TO;10;464;PALMAS;Reação tardia ou ineficiente do condutor;Colisão traseira;Com Vítimas Feridas;Anoitecer;Decrescente;Céu Claro;Múltipla;Reta;Sim;3;0;1;0;2;0;1;2;-10,14755806;-48,16361937;SPRF-TO;DEL01-TO;UOP03-DEL01-TO
600302;13/05/2024;segunda-feira;06:00:00;RJ;116;6;SAPUCAIA;Condutor Dormindo;Colisão com objeto;Sem Vítimas;Amanhecer;Crescente;Céu Claro;Simples;Curva;Não;1;0;0;0;0;1;0;1;-21,910113;-42,691817;SPRF-RJ;DEL05-RJ;UOP01-DEL05-RJ
600303;13/05/2024;segunda-feira;14:30:00;BA;110;361,3;CATU;Transitar na contramão;Colisão frontal;Com Vítimas Feridas;Pleno dia;Decrescente;Céu Claro;Simples;Curva;Não;2;0;0;1;1;0;1;2;-12,36659322;-38,38801135;SPRF-BA;DEL01-BA;UOP04-DEL01-BA
600304;10/05/2024;sexta-feira;07:20:00;RJ;101;315;SAO GONCALO;Demais falhas mecânicas ou elétricas;Colisão traseira;Com Vítimas Feridas;Pleno dia;Crescente;Céu Claro;Dupla;Reta;Sim;3;0;1;0;2;0;1;2;-22,82262092;-43,08460805;SPRF-RJ;DEL02-RJ;UOP02-DEL02-RJ
600305;27/03/2024;quarta-feira;19:40:00;ES;101;269;SERRA;Trafegar com motocicleta (ou similar) entre as faixas;Colisão traseira;Com Vítimas Feridas;Plena Noite;Crescente;Céu Claro;Dupla;Reta;Não;2;0;0;1;1;0;1;2;-20,21740496;-40,26990578;SPRF-ES;DEL02-ES;UOP01-DEL02-ES
600306;10/05/2024;sexta-feira;21:15:00;PR;277;716;SANTA TEREZINHA DE ITAIPU;Ingestão de álcool pelo condutor;Colisão traseira;Sem Vítimas;Plena Noite;Decrescente;Céu Claro;Dupla;Reta;Não;8;0;0;0;8;0;0;2;-25,47252277;-54,46707409;SPRF-PR;DEL05-PR;UOP01-DEL05-PR
600307;13/05/2024;segunda-feira;17:40:00;SC;101;210;SAO JOSE;Trafegar com motocicleta (ou similar) entre as faixas;Colisão traseira;Com Vítimas Feridas;Plena Noite;Crescente;Chuva;Múltipla;Reta;Sim;2;0;1;0;1;0;1;2;-27,6167305;-48,6457265;SPRF-SC;DEL01-SC;UOP01-DEL01-SC
600309;13/05/2024;segunda-feira;17:45:00;SC;101;27,3;JOINVILLE;Condutor deixou de manter distância do veículo da frente;Colisão lateral mesmo sentido;Com Vítimas Feridas;Anoitecer;Crescente;Chuva;Dupla;Reta;Não;3;0;1;0;2;0;1;3;-26,20130351;-48,91331794;SPRF-SC;DEL03-SC;UOP01-DEL03-SC
600310;13/05/2024;segunda-feira;18:35:00;SP;153;64;SAO JOSE DO RIO PRETO;Ausência de reação do condutor;Queda de ocupante de veículo;Com Vítimas Feridas;Plena Noite;Crescente;Céu Claro;Simples;"Curva;Declive";Não;1;0;1;0;0;0;1;1;-20,82924;-49,362288;SPRF-SP;DEL09-SP;UOP01-DEL09-SP
600311;13/05/2024;segunda-feira;18:30:00;DF;70;11;BRASILIA;Área urbana sem a presença de local apropriado para a travessia de pedestres;Atropelamento de Pedestre;Com Vítimas Feridas;Plena Noite;Crescente;Céu Claro;Dupla;Reta;Sim;2;0;1;1;0;0;2;2;-15,789762;-48,148727;SPRF-DF;DEL03-DF;UOP02-DEL03-DF
600313;13/05/2024;segunda-feira;18:03:00;MT;70;7,8;BARRA DO GARCAS;Ausência de reação do condutor;Colisão lateral sentido oposto;Com Vítimas Feridas;Anoitecer;Crescente;Céu Claro;Simples;Interseção de Vias;Não;2;0;2;0;0;0;2;2;-15,878143;-52,316788;SPRF-MT;DEL07-MT;UOP01-DEL07-MT
600314;13/05/2024;segunda-feira;18:30:00;SC;470;65;INDAIAL;Ausência de reação do condutor;Queda de ocupante de veículo;Com Vítimas Feridas;Plena Noite;Crescente;Chuva;Simples;Reta;Não;2;0;1;0;1;0;1;1;-26,870411;-49,211864;SPRF-SC;DEL04-SC;UOP01-DEL04-SC
600315;13/05/2024;segunda-feira;19:00:00;PR;476;151;ARAUCARIA;Manobra de mudança de faixa;Colisão lateral mesmo sentido;Com Vítimas Feridas;Plena Noite;Crescente;Nublado;Dupla;Reta;Não;2;0;0;1;1;0;1;2;-25,563601;-49,377041;SPRF-PR;DEL01-PR;UOP06-DEL01-PR
600317;13/05/2024;segunda-feira;16:40:00;SC;280;234,6;CANOINHAS;Acessar a via sem observar a presença dos outros veículos;Colisão transversal;Com Vítimas Feridas;Pleno dia;Crescente;Chuva;Simples;Declive;Sim;2;0;1;0;1;0;1;2;-26,19130591;-50,40255601;SPRF-SC;DEL06-SC;UOP04-DEL06-SC
600319;13/05/2024;segunda-feira;16:00:00;SP;101;11;UBATUBA;Transitar na contramão;Colisão transversal;Com Vítimas Feridas;Pleno dia;Crescente;Céu Claro;Simples;Reta;Não;2;0;2;0;0;0;2;2;-23,35410133;-44,84918112;SPRF-SP;DEL06-SP;UOP01-DEL06-SP
600322;09/05/2024;quinta-feira;22:00:00;BA;330;793,3;JEQUIE;Reação tardia ou ineficiente do condutor;Capotamento;Sem Vítimas;Plena Noite;Crescente;Nublado;Simples;Curva;Não;1;0;0;0;0;1;0;1;-13,91808405;-40,00990405;SPRF-BA;DEL03-BA;UOP01-DEL03-BA
600324;06/04/2024;sábado;15:30:00;SC;470;5;NAVEGANTES;Ausência de reação do condutor;Tombamento;Com Vítimas Feridas;Pleno dia;Crescente;Céu Claro;Dupla;Reta;Não;1;0;1;0;0;0;1;1;-26,855688;-48,700333;SPRF-SC;DEL04-SC;UOP04-DEL04-SC
600325;13/05/2024;segunda-feira;19:20:00;RJ;101;279;TANGUA;Demais falhas mecânicas ou elétricas;Incêndio;Sem Vítimas;Plena Noite;Crescente;Ignorado;Dupla;Reta;Não;2;0;0;0;1;1;0;2;-22,7383655;-42,76745405;SPRF-RJ;DEL02-RJ;UOP03-DEL02-RJ
600326;13/05/2024;segunda-feira;18:50:00;GO;70;9;AGUAS LINDAS DE GOIAS;Pedestre cruzava a pista fora da faixa;Atropelamento de Pedestre;Com Vítimas Feridas;Plena Noite;Crescente;Céu Claro;Dupla;Reta;Sim;3;0;1;0;0;2;1;2;-15,73576731;-48,28288046;SPRF-DF;DEL03-DF;UOP02-DEL03-DF
600328;13/05/2024;segunda-feira;19:20:00;PR;476;146,4;CURITIBA;Ausência de reação do condutor;Colisão traseira;Com Vítimas Feridas;Anoitecer;Decrescente;Nublado;Simples;"Interseção de Vias;Aclive";Não;2;0;1;0;1;0;1;2;-25,55297994;-49,33441222;SPRF-PR;DEL01-PR;UOP06-DEL01-PR
600331;13/05/2024;segunda-feira;19:45:00;SC;101;345;TUBARAO;Ausência de reação do condutor;Saída de leito carroçável;Com Vítimas Feridas;Plena Noite;Decrescente;Garoa/Chuvisco;Dupla;Reta;Não;3;0;2;0;1;0;2;1;-28,557109;-49,054278;SPRF-SC;DEL02-SC;UOP01-DEL02-SC
600333;13/05/2024;segunda-feira;19:11:00;BA;407;1;JUAZEIRO;Condutor deixou de manter distância do veículo da frente;Colisão traseira;Com Vítimas Feridas;Plena Noite;Crescente;Céu Claro;Simples;Reta;Não;2;0;2;0;0;0;2;2;-9,41845604;-40,50725978;SPRF-PE;DEL06-PE;UOP01-DEL06-PE
600334;13/05/2024;segunda-feira;18:45:00;RS;101;23,8;TRES CACHOEIRAS;Manobra de mudança de faixa;Saída de leito carroçável;Sem Vítimas;Plena Noite;Crescente;Nublado;Dupla;Reta;Sim;1;0;0;0;1;0;0;1;-29,44526794;-49,90912604;SPRF-RS;DEL03-RS;UOP02-DEL03-RS
600335;13/05/2024;segunda-feira;17:40:00;PE;424;14,1;PEDRA;Pedestre andava na pista;Atropelamento de Pedestre;Com Vítimas Fatais;Anoitecer;Crescente;Céu Claro;Simples;Reta;Não;2;1;0;0;1;0;0;2;-8,49873612;-36,97444401;SPRF-PE;DEL04-PE;UOP02-DEL04-PE