id;data_inversa;dia_semana;horario;uf;br;km;municipio;causa_acidente;tipo_acidente;classificacao_acidente;fase_dia;sentido_via;condicao_metereologica;tipo_pista;tracado_via;uso_solo;pessoas;mortos;feridos_leves;feridos_graves;ilesos;ignorados;feridos;veiculos;latitude;longitude;regional;delegacia;uop
600469;14/05/2024;terça-feira;13:12:00;GO;40;94,9;CRISTALINA;Acessar a via sem observar a presença dos outros veículos;Colisão transversal;Com Vítimas Feridas;Pleno dia;Decrescente;Céu Claro;Simples;Reta;Não;2;0;1;0;0;1;1;2;-16,743671;-47,613373;SPRF-DF;DEL01-DF;UOP02-DEL01-DF
600471;14/05/2024;terça-feira;13:40:00;SP;381;61;MAIRIPORA;Reação tardia ou ineficiente do condutor;Colisão traseira;Com Vítimas Feridas;Pleno dia;Crescente;Céu Claro;Dupla;"Curva;Declive";Não;2;0;1;0;1;0;1;2;-23,292234;-46,575568;SPRF-SP;DEL03-SP;UOP01-DEL03-SP
600472;02/05/2024;quinta-feira;14:55:00;RJ;40;124;DUQUE DE CAXIAS;Reação tardia ou ineficiente do condutor;Tombamento;Com Vítimas Feridas;Pleno dia;Crescente;Céu Claro;Múltipla;Reta;Sim;2;0;1;0;0;1;1;2;-22,807953;-43,289124;SPRF-RJ;DEL01-RJ;UOP02-DEL01-RJ
600473;14/05/2024;terça-feira;13:20:00;SC;282;3;FLORIANOPOLIS;Reação tardia ou ineficiente do condutor;Colisão lateral mesmo sentido;Com Vítimas Feridas;Pleno dia;Crescente;Céu Claro;Dupla;Reta;Sim;2;0;1;0;1;0;1;2;-27,600384;-48,599705;SPRF-SC;DEL01-SC;UOP01-DEL01-SC
600474;14/05/2024;terça-feira;13:00:00;RO;364;714;PORTO VELHO;Ultrapassagem Indevida;Colisão lateral mesmo sentido;Com Vítimas Feridas;Pleno dia;Crescente;Chuva;Dupla;Reta;Sim;2;0;1;0;1;0;1;2;-8,77323714;-63,88521091;SPRF-RO;DEL01-RO;UOP01-DEL01-RO
600476;07/05/2024;terça-feira;14:30:00;RJ;116;143;DUQUE DE CAXIAS;Reação tardia ou ineficiente do condutor;Colisão com objeto;Com Vítimas Feridas;Pleno dia;Decrescente;Céu Claro;Dupla;Reta;Não;1;0;1;0;0;0;1;1;-22,65237271;-43,23918118;SPRF-RJ;DEL01-RJ;UOP02-DEL01-RJ
600477;14/05/2024;terça-feira;12:30:00;SP;116;23,2;LAVRINHAS;Acumulo de óleo sobre o pavimento;Tombamento;Com Vítimas Feridas;Pleno dia;Decrescente;Céu Claro;Dupla;"Curva;Declive";Não;1;0;1;0;0;0;1;1;-22,58978112;-44,88535587;SPRF-SP;DEL08-SP;UOP02-DEL08-SP
600479;14/05/2024;terça-feira;13:30:00;MG;116;525,9;CARATINGA;Ausência de reação do condutor;Colisão transversal;Com Vítimas Feridas;Pleno dia;Decrescente;Céu Claro;Dupla;Interseção de Vias;Sim;2;0;1;0;1;0;1;2;-19,76833785;-42,13105238;SPRF-MG;DEL06-MG;UOP02-DEL06-MG
600481;12/05/2024;domingo;08:20:00;PE;232;158,5;TACAIMBO;Velocidade Incompatível;Colisão traseira;Com Vítimas Feridas;Pleno dia;Crescente;Céu Claro;Simples;Reta;Não;3;0;0;2;0;1;2;2;-8,33051268;-36,23532702;SPRF-PE;DEL03-PE;UOP02-DEL03-PE
600482;14/05/2024;terça-feira;12:45:00;MA;222;350;MONCAO;Pista esburacada;Saída de leito carroçável;Com Vítimas Fatais;Pleno dia;Decrescente;Céu Claro;Simples;Reta;Não;2;1;1;0;0;0;1;1;-3,63239102;-45,17058499;SPRF-MA;DEL02-MA;UOP01-DEL02-MA
600483;14/05/2024;terça-feira;14:10:00;BA;116;839;VITORIA DA CONQUISTA;Reação tardia ou ineficiente do condutor;Saída de leito carroçável;Com Vítimas Feridas;Pleno dia;Crescente;Nublado;Simples;Reta;Não;4;0;2;2;0;0;4;1;-14,90784523;-40,87301062;SPRF-BA;DEL08-BA;UOP01-DEL08-BA
600485;14/05/2024;terça-feira;14:00:00;RS;290;75;GRAVATAI;Entrada inopinada do pedestre;Atropelamento de Pedestre;Com Vítimas Fatais;Pleno dia;Decrescente;Céu Claro;Dupla;"Reta;Viaduto";Sim;4;1;1;0;1;1;1;2;-29,95464362;-51,0037834;SPRF-RS;DEL01-RS;UOP01-DEL01-RS
600486;14/05/2024;terça-feira;14:20:00;RS;116;655;JAGUARAO;Acessar a via sem observar a presença dos outros veículos;Colisão transversal;Com Vítimas Feridas;Pleno dia;Crescente;Céu Claro;Dupla;Reta;Não;2;0;1;0;1;0;1;2;-32,55333977;-53,38457215;SPRF-RS;DEL07-RS;UOP03-DEL07-RS
600487;05/05/2024;domingo;04:30:00;PB;230;510,1;CAJAZEIRAS;Ingestão de álcool pelo condutor;Saída de leito carroçável;Sem Vítimas;Plena Noite;Decrescente;Céu Claro;Simples;"Aclive;Reta";Não;1;0;0;0;1;0;0;1;-6,887867;-38,605415;SPRF-PB;DEL03-PB;UOP03-DEL03-PB
600488;28/04/2024;domingo;18:20:00;BA;116;293;TUCANO;Reação tardia ou ineficiente do condutor;Colisão traseira;Com Vítimas Fatais;Anoitecer;Decrescente;Céu Claro;Simples;Reta;Não;4;1;0;2;0;1;2;3;-11,1175;-38,8323;SPRF-BA;DEL02-BA;UOP01-DEL02-BA
600489;14/05/2024;terça-feira;15:00:00;GO;60;101,8;ANAPOLIS;Ingestão de álcool pelo condutor;Colisão traseira;Com Vítimas Feridas;Pleno dia;Crescente;Céu Claro;Dupla;Curva;Não;2;0;0;1;1;0;1;2;-16,404468;-48,981172;SPRF-GO;DEL02-GO;UOP01-DEL02-GO
600491;14/05/2024;terça-feira;15:30:00;RJ;116;172;SAO JOAO DE MERITI;Mal súbito do condutor;Colisão com objeto;Com Vítimas Feridas;Pleno dia;Crescente;Nublado;Múltipla;Reta;Sim;1;0;1;0;0;0;1;1;-22,80188151;-43,35043673;SPRF-RJ;DEL06-RJ;UOP01-DEL06-RJ
600493;14/05/2024;terça-feira;13:40:00;RO;364;423;JARU;Acessar a via sem observar a presença dos outros veículos;Colisão transversal;Com Vítimas Feridas;Pleno dia;Crescente;Céu Claro;Simples;"Reta;Interseção de Vias";Sim;2;0;1;0;1;0;1;2;-10,44470785;-62,46573199;SPRF-RO;DEL03-RO;UOP02-DEL03-RO
600494;14/05/2024;terça-feira;15:00:00;PI;316;33;DEMERVAL LOBAO;Reação tardia ou ineficiente do condutor;Colisão lateral mesmo sentido;Sem Vítimas;Pleno dia;Crescente;Céu Claro;Dupla;Reta;Sim;2;0;0;0;2;0;0;2;-5,35690807;-42,6764932;SPRF-PI;DEL01-PI;UOP02-DEL01-PI
600495;14/05/2024;terça-feira;16:00:00;ES;101;212;IBIRACU;Acessar a via sem observar a presença dos outros veículos;Colisão transversal;Com Vítimas Feridas;Pleno dia;Decrescente;Céu Claro;Simples;Retorno Regulamentado;Sim;2;0;1;0;1;0;1;2;-19,81537521;-40,36655964;SPRF-ES;DEL02-ES;UOP01-DEL02-ES
600496;14/05/2024;terça-feira;15:00:00;PE;101;44;IGARASSU;Acumulo de óleo sobre o pavimento;Queda de ocupante de veículo;Com Vítimas Feridas;Pleno dia;Crescente;Sol;Múltipla;Reta;Sim;1;0;1;0;0;0;1;1;-7,863992;-34,907815;SPRF-PE;DEL01-PE;UOP02-DEL01-PE
600497;14/05/2024;terça-feira;13:00:00;MT;163;838;SINOP;Acessar a via sem observar a presença dos outros veículos;Colisão transversal;Com Vítimas Feridas;Pleno dia;Decrescente;Céu Claro;Simples;Reta;Sim;3;0;3;0;0;0;3;2;-11,83647729;-55,488729;SPRF-MT;DEL06-MT;UOP02-DEL06-MT
600499;14/05/2024;terça-feira;13:40:00;SC;116;10,4;MAFRA;Ausência de reação do condutor;Colisão com objeto;Com Vítimas Feridas;Pleno dia;Decrescente;Chuva;Simples;Curva;Não;3;0;1;0;2;0;1;1;-26,17326891;-49,855147;SPRF-SC;DEL06-SC;UOP01-DEL06-SC
600500;14/05/2024;terça-feira;16:04:00;GO;60;245;INDIARA;Acesso irregular;Colisão traseira;Com Vítimas Feridas;Pleno dia;Crescente;Céu Claro;Dupla;Reta;Não;2;0;1;0;1;0;1;2;-17,1066;-49,9187;SPRF-GO;DEL01-GO;UOP02-DEL01-GO
600501;14/05/2024;terça-feira;16:05:00;PE;101;68,1;RECIFE;Desrespeitar a preferência no cruzamento;Colisão lateral mesmo sentido;Sem Vítimas;Pleno dia;Crescente;Céu Claro;Dupla;Rotatória;Sim;2;0;0;0;2;0;0;2;-8,05189978;-34,9464798;SPRF-PE;DEL01-PE;UOP01-DEL01-PE
600504;28/03/2024;quinta-feira;00:30:00;PE;232;25,8;MORENO;Acessar a via sem observar a presença dos outros veículos;Atropelamento de Pedestre;Com Vítimas Fatais;Plena Noite;Crescente;Nublado;Dupla;Reta;Não;2;1;0;0;0;1;0;2;-8,11399;-35,122543;SPRF-PE;DEL01-PE;UOP01-DEL01-PE
600507;14/05/2024;terça-feira;15:40:00;RJ;101;503;ANGRA DOS REIS;Acessar a via sem observar a presença dos outros veículos;Colisão transversal;Com Vítimas Feridas;Pleno dia;Crescente;Chuva;Simples;Reta;Não;3;0;2;0;1;0;2;2;-22,93563832;-44,40348778;SPRF-RJ;DEL03-RJ;UOP03-DEL03-RJ
600510;14/05/2024;terça-feira;16:30:00;PR;376;177,5;MARINGA;Condutor deixou de manter distância do veículo da frente;Tombamento;Com Vítimas Feridas;Pleno dia;Decrescente;Sol;Múltipla;Reta;Sim;1;0;1;0;0;0;1;1;-23,41595855;-51,92226484;SPRF-PR;DEL09-PR;UOP01-DEL09-PR
600511;14/05/2024;terça-feira;16:50:00;RJ;101;506;ANGRA DOS REIS;Conversão proibida;Colisão transversal;Com Vítimas Feridas;Pleno dia;Crescente;Chuva;Simples;Reta;Sim;2;0;1;0;1;0;1;2;-22,93499785;-44,40460324;SPRF-RJ;DEL03-RJ;UOP03-DEL03-RJ
600514;14/05/2024;terça-feira;17:00:00;PI;343;0,5;TERESINA;Estacionar ou parar em local proibido;Colisão traseira;Com Vítimas Feridas;Pleno dia;Crescente;Céu Claro;Múltipla;"Reta;Declive";Sim;3;0;2;0;1;0;2;2;-5,079278;-42,753692;SPRF-PI;DEL01-PI;UOP01-DEL01-PI
600518;14/05/2024;terça-feira;17:00:00;RJ;393;284;VOLTA REDONDA;Reação tardia ou ineficiente do condutor;Atropelamento de Pedestre;Com Vítimas Feridas;Pleno dia;Decrescente;Céu Claro;Dupla;Reta;Sim;2;0;1;0;1;0;1;2;-22,500529;-44,072904;SPRF-RJ;DEL05-RJ;UOP04-DEL05-RJ
600520;14/05/2024;terça-feira;16:30:00;SC;101;109;PENHA;Reação tardia ou ineficiente do condutor;Colisão lateral mesmo sentido;Com Vítimas Feridas;Pleno dia;Crescente;Garoa/Chuvisco;Dupla;Curva;Não;2;0;1;0;1;0;1;2;-26,8333519;-48,69632106;SPRF-SC;DEL03-SC;UOP02-DEL03-SC
600521;14/05/2024;terça-feira;18:02:00;RS;392;352;SANTA MARIA;Manobra de mudança de faixa;Colisão lateral mesmo sentido;Com Vítimas Feridas;Anoitecer;Crescente;Céu Claro;Dupla;Rotatória;Sim;2;0;1;0;1;0;1;2;-29,720404;-53,807632;SPRF-RS;DEL09-RS;UOP01-DEL09-RS
600522;14/05/2024;terça-feira;15:10:00;PR;476;143,3;CURITIBA;Ausência de reação do condutor;Saída de leito carroçável;Com Vítimas Feridas;Pleno dia;Crescente;Chuva;Dupla;"Curva;Declive";Não;1;0;1;0;0;0;1;1;-25,53864675;-49,31093216;SPRF-PR;DEL01-PR;UOP06-DEL01-PR
600526;14/05/2024;terça-feira;17:35:00;MS;376;79,8;DEODAPOLIS;Reação tardia ou ineficiente do condutor;Colisão traseira;Com Vítimas Fatais;Plena Noite;Crescente;Céu Claro;Simples;"Aclive;Reta";Não;3;1;0;1;1;0;1;2;-22,28568142;-54,1723609;SPRF-MS;DEL04-MS;UOP04-DEL04-MS
600527;14/05/2024;terça-feira;18:10:00;PE;116;26,8;SALGUEIRO;Animais na Pista;Atropelamento de Animal;Com Vítimas Feridas;Anoitecer;Crescente;Céu Claro;Simples;Reta;Sim;3;0;1;0;2;0;1;1;-8,069921;-39,13364;SPRF-PE;DEL05-PE;UOP01-DEL05-PE
600528;14/05/2024;terça-feira;16:30:00;RO;364;710;PORTO VELHO;Manobra de mudança de faixa;Colisão lateral mesmo sentido;Com Vítimas Feridas;Pleno dia;Decrescente;Céu Claro;Dupla;"Reta;Interseção de Vias";Sim;2;0;1;0;1;0;1;2;-8,78722726;-63,85530174;SPRF-RO;DEL01-RO;UOP01-DEL01-RO
600529;14/05/2024;terça-feira;17:40:00;SP;116;157,6;SAO JOSE DOS CAMPOS;Ausência de reação do condutor;Colisão traseira;Com Vítimas Feridas;Anoitecer;Crescente;Nublado;Dupla;"Reta;Declive";Não;3;0;2;0;1;0;2;2;-23,25558031;-45,9437828;SPRF-SP;DEL02-SP;UOP01-DEL02-SP
600531;14/05/2024;terça-feira;18:30:00;SP;116;221;GUARULHOS;Ausência de reação do condutor;Colisão lateral mesmo sentido;Com Vítimas Feridas;Plena Noite;Decrescente;Nublado;Múltipla;Reta;Sim;2;0;1;0;1;0;1;2;-23,46802395;-46,50704901;SPRF-SP;DEL01-SP;UOP01-DEL01-SP
600532;14/05/2024;terça-feira;17:30:00;SP;116;509;CAJATI;Reação tardia ou ineficiente do condutor;Saída de leito carroçável;Com Vítimas Feridas;Anoitecer;Crescente;Chuva;Simples;Curva;Não;5;0;1;0;4;0;1;1;-24,82288578;-48,21770668;SPRF-SP;DEL05-SP;UOP02-DEL05-SP
600533;14/05/2024;terça-feira;17:35:00;RS;386;34;FREDERICO WESTPHALEN;Acessar a via sem observar a presença dos outros veículos;Colisão lateral mesmo sentido;Com Vítimas Feridas;Anoitecer;Crescente;Nublado;Simples;"Reta;Interseção de Vias";Sim;2;0;1;0;1;0;1;2;-27,358442;-53,388298;SPRF-RS;DEL08-RS;UOP02-DEL08-RS
600534;14/05/2024;terça-feira;18:20:00;MG;381;484;BETIM;Ausência de reação do condutor;Queda de ocupante de veículo;Com Vítimas Feridas;Plena Noite;Crescente;Céu Claro;Dupla;"Curva;Declive";Não;1;0;1;0;0;0;1;1;-19,95531717;-44,11722196;SPRF-MG;DEL01-MG;UOP03-DEL01-MG
600535;14/05/2024;terça-feira;18:30:00;SC;470;56;BLUMENAU;Ingestão de álcool pelo condutor;Colisão lateral mesmo sentido;Sem Vítimas;Plena Noite;Decrescente;Nublado;Simples;Reta;Sim;2;0;0;0;2;0;0;2;-26,87728821;-49,12993313;SPRF-SC;DEL04-SC;UOP01-DEL04-SC
600536;14/05/2024;terça-feira;18:20:00;SP;116;16,4;LAVRINHAS;Demais falhas mecânicas ou elétricas;Tombamento;Com Vítimas Feridas;Plena Noite;Crescente;Céu Claro;Dupla;Reta;Não;2;0;2;0;0;0;2;1;-22,55822433;-44,83795788;SPRF-SP;DEL08-SP;UOP02-DEL08-SP
600537;14/05/2024;terça-feira;18:20:00;ES;101;294,9;CARIACICA;Manobra de mudança de faixa;Colisão lateral mesmo sentido;Com Vítimas Feridas;Plena Noite;Decrescente;Nublado;Múltipla;Reta;Sim;2;0;1;0;1;0;1;2;-20,32415948;-40,3952903;SPRF-ES;DEL01-ES;UOP01-DEL01-ES
600538;14/05/2024;terça-feira;19:20:00;PR;369;153,2;LONDRINA;Ausência de reação do condutor;Colisão com objeto;Com Vítimas Feridas;Plena Noite;Decrescente;Nublado;Simples;"Curva;Declive";Não;1;0;1;0;0;0;1;1;-23,29840994;-51,19461;SPRF-PR;DEL07-PR;UOP01-DEL07-PR
600539;02/04/2024;terça-feira;18:07:00;PB;230;36;SANTA RITA;Pedestre cruzava a pista fora da faixa;Atropelamento de Pedestre;Com Vítimas Feridas;Plena Noite;Crescente;Céu Claro;Dupla;Reta;Sim;3;0;1;2;0;0;3;2;-7,1246;-34,9473;SPRF-PB;DEL01-PB;UOP03-DEL01-PB
600540;19/04/2024;sexta-feira;08:30:00;BA;235;349;JUAZEIRO;Manobra de mudança de faixa;Colisão transversal;Com Vítimas Feridas;Pleno dia;Crescente;Céu Claro;Dupla;Reta;Sim;3;0;1;0;2;0;1;2;-9,43816;-40,49803816;SPRF-PE;DEL06-PE;UOP01-DEL06-PE
600542;14/05/2024;terça-feira;19:20:00;PE;101;6;GOIANA;Reação tardia ou ineficiente do condutor;Colisão traseira;Com Vítimas Fatais;Plena Noite;Crescente;Garoa/Chuvisco;Dupla;Reta;Não;2;1;0;0;0;1;0;2;-7,550887;-34,99136;SPRF-PE;DEL01-PE;UOP02-DEL01-PE
600543;14/05/2024;terça-feira;18:15:00;RS;153;410;CACHOEIRA DO SUL;Transitar na contramão;Colisão traseira;Com Vítimas Feridas;Anoitecer;Crescente;Céu Claro;Dupla;Reta;Sim;2;0;0;1;1;0;1;2;-30,08129021;-52,87412957;SPRF-RS;DEL02-RS;UOP03-DEL02-RS
600547;14/05/2024;terça-feira;19:55:00;RS;116;152,6;CAXIAS DO SUL;Pista esburacada;Tombamento;Com Vítimas Feridas;Plena Noite;Crescente;Céu Claro;Dupla;"Curva;Declive";Sim;1;0;1;0;0;0;1;1;-29,1829343;-51,16801501;SPRF-RS;DEL05-RS;UOP01-DEL05-RS
600548;14/05/2024;terça-feira;18:00:00;MS;163;626,2;SAO GABRIEL DO OESTE;Retorno proibido;Colisão transversal;Com Vítimas Feridas;Plena Noite;Crescente;Nublado;Simples;Reta;Não;3;0;2;0;1;0;2;2;-19,3136279;-54,61889488;SPRF-MS;DEL06-MS;UOP02-DEL06-MS
600549;14/05/2024;terça-feira;19:40:00;MG;116;610,5;SAO JOAO DO MANHUACU;Acessar a via sem observar a presença dos outros veículos;Colisão transversal;Com Vítimas Feridas;Plena Noite;Crescente;Nublado;Simples;Reta;Não;3;0;0;2;1;0;2;2;-20,42616826;-42,16136456;SPRF-MG;DEL07-MG;UOP02-DEL07-MG
600550;14/05/2024;terça-feira;19:30:00;MG;40;276;TRES MARIAS;Desrespeitar a preferência no cruzamento;Colisão transversal;Com Vítimas Feridas;Plena Noite;Crescente;Céu Claro;Simples;Declive;Sim;6;0;2;0;4;0;2;2;-18,20602828;-45,23123233;SPRF-MG;DEL14-MG;UOP02-DEL14-MG
600551;17/04/2024;quarta-feira;00:30:00;PR;277;69;SAO JOSE DOS PINHAIS;Acumulo de água sobre o pavimento;Saída de leito carroçável;Sem Vítimas;Plena Noite;Decrescente;Chuva;Simples;Retorno Regulamentado;Não;2;0;0;0;2;0;0;1;-25,53715243;-49,07076619;SPRF-PR;DEL01-PR;UOP01-DEL01-PR
600553;14/05/2024;terça-feira;20:30:00;SC;101;207;SAO JOSE;Avarias e/ou desgaste excessivo no pneu;Queda de ocupante de veículo;Com Vítimas Feridas;Plena Noite;Crescente;Nublado;Múltipla;"Reta;Declive";Sim;2;0;2;0;0;0;2;1;-27,60001226;-48,6226467;SPRF-SC;DEL01-SC;UOP01-DEL01-SC
600554;14/05/2024;terça-feira;19:30:00;SC;470;67,6;INDAIAL;Desrespeitar a preferência no cruzamento;Colisão transversal;Com Vítimas Feridas;Amanhecer;Decrescente;Céu Claro;Simples;"Interseção de Vias;Reta";Sim;2;0;0;1;1;0;1;2;-26,872158;-49,23127;SPRF-SC;DEL04-SC;UOP01-DEL04-SC
600555;14/05/2024;terça-feira;18:50:00;PA;316;91;SAO FRANCISCO DO PARA;Transitar no Acostamento;Colisão com objeto;Com Vítimas Feridas;Plena Noite;Crescente;Céu Claro;Simples;Reta;Não;1;0;1;0;0;0;1;1;-1,322976;-47,671758;SPRF-PA;DEL01-PA;UOP02-DEL01-PA
600556;14/05/2024;terça-feira;18:00:00;MS;163;52;ELDORADO;Acessar a via sem observar a presença dos outros veículos;Colisão transversal;Sem Vítimas;Plena Noite;Decrescente;Nublado;Simples;Reta;Não;5;0;0;0;5;0;0;2;-23,68711906;-54,26664154;SPRF-MS;DEL09-MS;UOP02-DEL09-MS
600558;14/05/2024;terça-feira;20:35:00;ES;262;88;DOMINGOS MARTINS;Velocidade Incompatível;Colisão traseira;Com Vítimas Feridas;Plena Noite;Crescente;Céu Claro;Simples;"Reta;Em Obras";Não;2;0;2;0;0;0;2;2;-20,39120365;-41,0098457;SPRF-ES;DEL01-ES;UOP02-DEL01-ES
600560;14/05/2024;terça-feira;21:20:00;CE;116;19;EUSEBIO;Ingestão de álcool pelo condutor;Colisão traseira;Com Vítimas Feridas;Plena Noite;Decrescente;Céu Claro;Dupla;Reta;Sim;2;0;1;0;1;0;1;2;-3,91384397;-38,50667231;SPRF-CE;DEL01-CE;UOP02-DEL01-CE
600562;14/05/2024;terça-feira;20:30:00;MG;40;633,8;CONSELHEIRO LAFAIETE;Ausência de reação do condutor;Saída de leito carroçável;Com Vítimas Feridas;Plena Noite;Crescente;Céu Claro;Simples;"Declive;Reta";Não;1;0;1;0;0;0;1;1;-20,68484326;-43,79296487;SPRF-MG;DEL05-MG;UOP02-DEL05-MG
600563;14/05/2024;terça-feira;21:15:00;SC;282;4;FLORIANOPOLIS;Transtornos Mentais (exceto suicidio);Saída de leito carroçável;Com Vítimas Feridas;Plena Noite;Decrescente;Nublado;Múltipla;Reta;Sim;1;0;1;0;0;0;1;1;-27,592646;-48,604034;SPRF-SC;DEL01-SC;UOP01-DEL01-SC
600564;14/05/2024;terça-feira;21:00:00;MG;381;449;SABARA;Reação tardia ou ineficiente do condutor;Colisão lateral mesmo sentido;Com Vítimas Feridas;Plena Noite;Crescente;Céu Claro;Simples;Interseção de Vias;Sim;2;0;1;0;1;0;1;2;-19,84164036;-43,86232683;SPRF-MG;DEL01-MG;UOP01-DEL01-MG
600565;14/05/2024;terça-feira;19:00:00;RJ;101;528;ANGRA DOS REIS;Chuva;Colisão frontal;Com Vítimas Fatais;Plena Noite;Crescente;Chuva;Simples;Curva;Não;4;1;2;0;1;0;2;3;-23,02314418;-44,50045173;SPRF-RJ;DEL03-RJ;UOP03-DEL03-RJ
600566;10/05/2024;sexta-feira;05:20:00;MS;163;253;DOURADOS;Reação tardia ou ineficiente do condutor;Tombamento;Com Vítimas Feridas;Amanhecer;Decrescente;Céu Claro;Dupla;Reta;Não;1;0;1;0;0;0;1;1;-22,27885392;-54,82235352;SPRF-MS;DEL04-MS;UOP02-DEL04-MS
600568;14/05/2024;terça-feira;19:25:00;SC;282;528,3;CORDILHEIRA ALTA;Transitar na contramão;Colisão frontal;Com Vítimas Fatais;Plena Noite;Crescente;Nublado;Simples;Reta;Não;4;1;0;1;0;2;1;2;-26,978798;-52,588566;SPRF-SC;DEL07-SC;UOP01-DEL07-SC
600571;14/05/2024;terça-feira;18:15:00;SC;282;154,8;BOM RETIRO;Conversão proibida;Colisão transversal;Com Vítimas Fatais;Plena Noite;Crescente;Nublado;Simples;Reta;Não;9;1;6;0;0;2;6;2;-27,74986064;-49,71132159;SPRF-SC;DEL05-SC;UOP01-DEL05-SC
600572;14/05/2024;terça-feira;22:30:00;PR;116;174;QUITANDINHA;Ausência de reação do condutor;Saída de leito carroçável;Sem Vítimas;Plena Noite;Crescente;Nublado;Simples;Reta;Não;1;0;0;0;0;1;0;1;-25,89000438;-49,51697175;SPRF-PR;DEL01-PR;UOP03-DEL01-PR
600573;14/05/2024;terça-feira;22:00:00;MG;262;356;BETIM;Demais falhas mecânicas ou elétricas;Tombamento;Sem Vítimas;Plena Noite;Decrescente;Céu Claro;Múltipla;"Reta;Declive";Não;1;0;0;0;0;1;0;1;-19,96890716;-44,18104581;SPRF-MG;DEL01-MG;UOP03-DEL01-MG
600576;14/05/2024;terça-feira;18:40:00;AM;174;896;MANAUS;Entrada inopinada do pedestre;Atropelamento de Pedestre;Com Vítimas Feridas;Plena Noite;Decrescente;Céu Claro;Simples;"Declive;Reta;Em Obras";Não;3;0;1;0;2;0;1;2;-2,87004999;-60,03491131;SPRF-AM;DEL01-AM;UOP01-DEL01-AM
600577;14/05/2024;terça-feira;23:00:00;MG;116;699,4;MURIAE;Ingestão de álcool pelo condutor;Colisão com objeto;Com Vítimas Feridas;Plena Noite;Decrescente;Céu Claro;Simples;Reta;Sim;1;0;0;1;0;0;1;1;-21,10127682;-42,37756133;SPRF-MG;DEL07-MG;UOP02-DEL07-MG
600580;15/05/2024;quarta-feira;00:10:00;TO;10;454;PALMAS;Entrada inopinada do pedestre;Atropelamento de Pedestre;Com Vítimas Feridas;Plena Noite;Decrescente;Céu Claro;Dupla;Reta;Sim;2;0;1;0;0;1;1;2;-10,312335;-48,297437;SPRF-TO;DEL01-TO;UOP03-DEL01-TO
600581;14/05/2024;terça-feira;22:05:00;SC;470;95;APIUNA;Ausência de reação do condutor;Capotamento;Com Vítimas Feridas;Plena Noite;Decrescente;Garoa/Chuvisco;Simples;Reta;Não;1;0;1;0;0;0;1;1;-27,00005328;-49,37542738;SPRF-SC;DEL04-SC;UOP01-DEL04-SC
600583;15/05/2024;quarta-feira;00:05:00;PB;230;14;CABEDELO;Acesso irregular;Colisão transversal;Com Vítimas Feridas;Plena Noite;Decrescente;Céu Claro;Dupla;Retorno Regulamentado;Sim;3;0;2;0;0;1;2;2;-7,08977215;-34,84831839;SPRF-PB;DEL01-PB;UOP01-DEL01-PB
600584;15/05/2024;quarta-feira;00:45:00;PR;376;178;ARAPONGAS;Ingestão de álcool pelo condutor;Colisão com objeto;Com Vítimas Feridas;Plena Noite;Crescente;Céu Claro;Múltipla;Reta;Não;2;0;1;1;0;0;2;1;-23,37438861;-51,43073559;SPRF-PR;DEL09-PR;UOP01-DEL09-PR
600587;15/05/2024;quarta-feira;02:40:00;MG;153;4;ARAPORA;Neblina;Saída de leito carroçável;Com Vítimas Feridas;Plena Noite;Crescente;Nevoeiro/Neblina;Dupla;"Interseção de Vias;Viaduto";Não;2;0;2;0;0;0;2;1;-18,45132998;-49,18791489;SPRF-MG;DEL15-MG;UOP03-DEL15-MG
600589;15/05/2024;quarta-feira;04:10:00;PR;116;124;FAZENDA RIO GRANDE;Carga excessiva e/ou mal acondicionada;Colisão com objeto;Com Vítimas Feridas;Plena Noite;Decrescente;Nublado;Dupla;Reta;Não;4;0;2;0;2;0;2;3;-25,58620703;-49,31436887;SPRF-PR;DEL01-PR;UOP03-DEL01-PR
600590;15/05/2024;quarta-feira;04:20:00;GO;153;509,5;APARECIDA DE GOIANIA;Ingestão de álcool pelo condutor;Saída de leito carroçável;Sem Vítimas;Plena Noite;Decrescente;Nevoeiro/Neblina;Simples;Reta;Sim;1;0;0;0;1;0;0;1;-16,7888;-49,2379;SPRF-GO;DEL01-GO;UOP03-DEL01-GO
600592;14/05/2024;terça-feira;21:00:00;MG;116;214;CATUJI;Reação tardia ou ineficiente do condutor;Colisão traseira;Com Vítimas Feridas;Plena Noite;Decrescente;Céu Claro;Simples;Reta;Não;2;0;1;0;1;0;1;2;-17,35861213;-41,53122852;SPRF-MG;DEL11-MG;UOP01-DEL11-MG
600595;13/05/2024;segunda-feira;05:24:00;BA;324;539;FEIRA DE SANTANA;Ausência de reação do condutor;Colisão traseira;Com Vítimas Feridas;Pleno dia;Crescente;Céu Claro;Dupla;Reta;Sim;2;0;1;0;1;0;1;2;-12,37995647;-38,79955259;SPRF-BA;DEL01-BA;UOP03-DEL01-BA
600596;15/05/2024;quarta-feira;05:50:00;PE;101;45;IGARASSU;Manobra de mudança de faixa;Colisão lateral mesmo sentido;Com Vítimas Feridas;Pleno dia;Crescente;Céu Claro;Múltipla;Reta;Sim;2;0;1;0;1;0;1;2;-7,86521297;-34,90715176;SPRF-PE;DEL01-PE;UOP02-DEL01-PE