id;data_inversa;dia_semana;horario;uf;br;km;municipio;causa_acidente;tipo_acidente;classificacao_acidente;fase_dia;sentido_via;condicao_metereologica;tipo_pista;tracado_via;uso_solo;pessoas;mortos;feridos_leves;feridos_graves;ilesos;ignorados;feridos;veiculos;latitude;longitude;regional;delegacia;uop
600853;11/05/2024;sábado;20:07:00;RN;406;170;SAO GONCALO DO AMARANTE;Ingestão de álcool pelo condutor;Colisão traseira;Com Vítimas Feridas;Plena Noite;Crescente;Chuva;Dupla;"Reta;Aclive";Sim;3;0;1;1;1;0;2;2;-5,75872063;-35,29921986;SPRF-RN;DEL02-RN;UOP01-DEL02-RN
600854;16/05/2024;quinta-feira;08:40:00;PA;316;110;SANTA MARIA DO PARA;Acessar a via sem observar a presença dos outros veículos;Colisão transversal;Com Vítimas Feridas;Pleno dia;Crescente;Céu Claro;Simples;"Reta;Interseção de Vias";Sim;4;0;3;0;1;0;3;2;-1,316513;-47,510799;SPRF-PA;DEL01-PA;UOP02-DEL01-PA
600855;16/05/2024;quinta-feira;10:00:00;GO;60;359;RIO VERDE;Demais falhas mecânicas ou elétricas;Incêndio;Sem Vítimas;Pleno dia;Crescente;Céu Claro;Dupla;Reta;Não;1;0;0;0;1;0;0;1;-17,6225;-50,7612;SPRF-GO;DEL04-GO;UOP02-DEL04-GO
600856;16/05/2024;quinta-feira;10:30:00;RS;0;0;CANOAS;Conversão proibida;Colisão lateral mesmo sentido;Com Vítimas Feridas;Pleno dia;Não Informado;Chuva;Múltipla;"Declive;Reta";Sim;3;0;1;0;2;0;1;2;-29,9040521;-51,1757479;SPRF-RS;DEL01-RS;UOP01-DEL01-RS
600859;16/05/2024;quinta-feira;10:20:00;PE;101;82,2;JABOATAO DOS GUARARAPES;Manobra de mudança de faixa;Colisão lateral mesmo sentido;Com Vítimas Feridas;Pleno dia;Decrescente;Sol;Dupla;Reta;Sim;2;0;1;0;1;0;1;2;-8,168383;-34,9376;SPRF-PE;DEL01-PE;UOP01-DEL01-PE
600862;16/05/2024;quinta-feira;10:00:00;MG;262;37,2;MANHUACU;Condutor deixou de manter distância do veículo da frente;Colisão traseira;Com Vítimas Feridas;Pleno dia;Crescente;Céu Claro;Simples;Reta;Sim;2;0;1;0;1;0;1;2;-20,25748975;-42,03048732;SPRF-MG;DEL06-MG;UOP03-DEL06-MG
600864;16/05/2024;quinta-feira;12:30:00;SC;101;210;SAO JOSE;Condutor deixou de manter distância do veículo da frente;Colisão traseira;Com Vítimas Feridas;Pleno dia;Crescente;Nublado;Múltipla;Reta;Sim;2;0;0;1;1;0;1;2;-27,6167305;-48,6457265;SPRF-SC;DEL01-SC;UOP01-DEL01-SC
600865;16/05/2024;quinta-feira;11:50:00;ES;101;91;JAGUARE;Demais falhas mecânicas ou elétricas;Queda de ocupante de veículo;Com Vítimas Feridas;Pleno dia;Crescente;Sol;Múltipla;Reta;Não;2;0;2;0;0;0;2;1;-18,90637785;-39,95979667;SPRF-ES;DEL04-ES;UOP02-DEL04-ES
600868;16/05/2024;quinta-feira;10:50:00;SC;280;67;JARAGUA DO SUL;Desrespeitar a preferência no cruzamento;Colisão transversal;Com Vítimas Feridas;Pleno dia;Decrescente;Nublado;Simples;Rotatória;Sim;2;0;1;0;1;0;1;2;-26,4775146;-49,10363575;SPRF-SC;DEL03-SC;UOP03-DEL03-SC
600869;16/05/2024;quinta-feira;12:10:00;SC;101;333;TUBARAO;Condutor deixou de manter distância do veículo da frente;Colisão lateral mesmo sentido;Com Vítimas Feridas;Pleno dia;Crescente;Nublado;Múltipla;Reta;Sim;2;0;1;0;1;0;1;2;-28,46630107;-48,99653096;SPRF-SC;DEL02-SC;UOP01-DEL02-SC
600873;16/05/2024;quinta-feira;10:50:00;MG;116;410,4;GOVERNADOR VALADARES;Acumulo de areia ou detritos sobre o pavimento;Tombamento;Com Vítimas Feridas;Pleno dia;Decrescente;Céu Claro;Dupla;Retorno Regulamentado;Sim;1;0;1;0;0;0;1;1;-18,855625;-41,975623;SPRF-MG;DEL06-MG;UOP01-DEL06-MG
600874;14/04/2024;domingo;05:02:00;RN;101;153;GOIANINHA;Pedestre andava na pista;Atropelamento de Pedestre;Com Vítimas Feridas;Amanhecer;Decrescente;Céu Claro;Dupla;Reta;Não;3;0;1;1;1;0;2;3;-6,31748925;-35,18316143;SPRF-RN;DEL01-RN;UOP01-DEL01-RN
600875;16/05/2024;quinta-feira;12:20:00;PE;423;61,3;LAJEDO;Acessar a via sem observar a presença dos outros veículos;Colisão transversal;Sem Vítimas;Pleno dia;Crescente;Céu Claro;Simples;"Reta;Interseção de Vias";Sim;2;0;0;0;2;0;0;2;-8,65805731;-36,32866993;SPRF-PE;DEL03-PE;UOP01-DEL03-PE
600876;16/05/2024;quinta-feira;10:00:00;MT;70;4;BARRA DO GARCAS;Ausência de reação do condutor;Tombamento;Com Vítimas Feridas;Pleno dia;Decrescente;Céu Claro;Dupla;Rotatória;Sim;1;0;1;0;0;0;1;1;-15,87907036;-52,28563311;SPRF-MT;DEL07-MT;UOP01-DEL07-MT
600878;16/05/2024;quinta-feira;09:20:00;MT;163;375;SANTO ANTONIO DO LEVERGER;Reação tardia ou ineficiente do condutor;Saída de leito carroçável;Com Vítimas Feridas;Pleno dia;Decrescente;Céu Claro;Dupla;Reta;Não;1;0;0;1;0;0;1;1;-15,703715;-55,757639;SPRF-MT;DEL01-MT;UOP02-DEL01-MT
600881;16/05/2024;quinta-feira;10:45:00;PR;277;42,1;MORRETES;Demais falhas mecânicas ou elétricas;Eventos atípicos;Com Vítimas Feridas;Pleno dia;Crescente;Nevoeiro/Neblina;Dupla;"Aclive;Curva;Em Obras";Não;3;0;0;2;1;0;2;2;-25,57361239;-48,84469597;SPRF-PR;DEL01-PR;UOP01-DEL01-PR
600883;14/05/2024;terça-feira;00:20:00;SC;470;123;IBIRAMA;Velocidade Incompatível;Saída de leito carroçável;Sem Vítimas;Plena Noite;Crescente;Chuva;Simples;Curva;Não;1;0;0;0;1;0;0;1;-27,106783;-49,522049;SPRF-SC;DEL04-SC;UOP02-DEL04-SC
600884;16/05/2024;quinta-feira;14:20:00;MG;381;386,1;SAO GONCALO DO RIO ABAIXO;Manobra de mudança de faixa;Colisão lateral mesmo sentido;Com Vítimas Fatais;Pleno dia;Decrescente;Sol;Simples;Reta;Não;4;1;0;1;2;0;1;4;-19,79575004;-43,42574708;SPRF-MG;DEL01-MG;UOP01-DEL01-MG
600885;16/05/2024;quinta-feira;13:45:00;GO;60;87;ANAPOLIS;Ingestão de álcool pelo condutor;Queda de ocupante de veículo;Sem Vítimas;Pleno dia;Decrescente;Céu Claro;Dupla;"Reta;Aclive";Não;1;0;0;0;1;0;0;1;-16,3258;-48,8803;SPRF-GO;DEL02-GO;UOP01-DEL02-GO
600887;16/05/2024;quinta-feira;15:00:00;ES;101;274,6;SERRA;Demais falhas mecânicas ou elétricas;Incêndio;Sem Vítimas;Pleno dia;Crescente;Sol;Dupla;Reta;Não;2;0;0;0;2;0;0;1;-20,21387883;-40,3220575;SPRF-ES;DEL02-ES;UOP01-DEL02-ES
600889;02/04/2024;terça-feira;15:40:00;PR;158;513,8;PATO BRANCO;Ausência de reação do condutor;Colisão frontal;Com Vítimas Fatais;Pleno dia;Decrescente;Céu Claro;Simples;Reta;Não;20;1;15;0;4;0;15;2;-26,06607388;-52,63644218;SPRF-PR;DEL02-PR;UOP01-DEL02-PR
600890;16/05/2024;quinta-feira;14:40:00;SC;101;69;ARAQUARI;Objeto estático sobre o leito carroçável;Colisão traseira;Com Vítimas Feridas;Pleno dia;Decrescente;Céu Claro;Dupla;Reta;Não;3;0;1;0;1;1;1;3;-26,50298009;-48,72814515;SPRF-SC;DEL03-SC;UOP02-DEL03-SC
600891;16/05/2024;quinta-feira;15:30:00;PE;104;66,2;CARUARU;Ausência de reação do condutor;Queda de ocupante de veículo;Com Vítimas Feridas;Pleno dia;Decrescente;Céu Claro;Dupla;"Aclive;Interseção de Vias";Sim;1;0;0;1;0;0;1;1;-8,2937;-35,9864;SPRF-PE;DEL02-PE;UOP01-DEL02-PE
600893;16/05/2024;quinta-feira;15:35:00;SP;101;48,7;UBATUBA;Conversão proibida;Colisão transversal;Com Vítimas Feridas;Pleno dia;Decrescente;Nublado;Simples;Curva;Sim;3;0;2;0;1;0;2;2;-23,43696329;-45,08768768;SPRF-SP;DEL06-SP;UOP01-DEL06-SP
600895;16/05/2024;quinta-feira;16:00:00;DF;40;0;BRASILIA;Manobra de mudança de faixa;Colisão lateral mesmo sentido;Com Vítimas Feridas;Pleno dia;Crescente;Céu Claro;Dupla;"Reta;Interseção de Vias";Sim;3;0;3;0;0;0;3;2;-15,976897;-47,990129;SPRF-DF;DEL01-DF;UOP01-DEL01-DF
600897;16/05/2024;quinta-feira;15:45:00;SC;282;340,4;CAMPOS NOVOS;Desrespeitar a preferência no cruzamento;Colisão transversal;Sem Vítimas;Pleno dia;Decrescente;Nublado;Simples;Interseção de Vias;Não;8;0;0;0;8;0;0;2;-27,39345965;-51,19214773;SPRF-SC;DEL07-SC;UOP06-DEL07-SC
600898;16/05/2024;quinta-feira;12:15:00;MG;267;64,2;BICAS;Reação tardia ou ineficiente do condutor;Saída de leito carroçável;Com Vítimas Feridas;Pleno dia;Crescente;Céu Claro;Simples;Curva;Não;1;0;1;0;0;0;1;1;-21,73176855;-43,08260711;SPRF-MG;DEL05-MG;UOP01-DEL05-MG
600899;29/01/2024;segunda-feira;10:40:00;RO;425;99;NOVA MAMORE;Ausência de reação do condutor;Colisão traseira;Sem Vítimas;Pleno dia;Crescente;Sol;Simples;Reta;Sim;2;0;0;0;2;0;0;2;-10,403116;-65,32756;SPRF-RO;DEL01-RO;UOP03-DEL01-RO
600905;20/03/2024;quarta-feira;09:30:00;MG;40;17,6;PARACATU;Ausência de reação do condutor;Colisão lateral mesmo sentido;Com Vítimas Feridas;Pleno dia;Decrescente;Chuva;Dupla;Reta;Não;4;0;0;1;3;0;1;2;-17,09398409;-47,02830419;SPRF-MG;DEL14-MG;UOP01-DEL14-MG
600907;16/05/2024;quinta-feira;17:10:00;SP;153;66,9;SAO JOSE DO RIO PRETO;Demais falhas mecânicas ou elétricas;Eventos atípicos;Sem Vítimas;Pleno dia;Decrescente;Céu Claro;Dupla;Reta;Sim;1;0;0;0;1;0;0;1;-20,84208514;-49,37074279;SPRF-SP;DEL09-SP;UOP01-DEL09-SP
600908;16/05/2024;quinta-feira;16:20:00;MG;262;44;MANHUACU;Acessar a via sem observar a presença dos outros veículos;Colisão transversal;Com Vítimas Feridas;Pleno dia;Crescente;Nublado;Simples;"Curva;Declive";Não;2;0;0;1;1;0;1;2;-20,26011575;-42,08811198;SPRF-MG;DEL06-MG;UOP03-DEL06-MG
600909;16/05/2024;quinta-feira;17:30:00;SC;101;201,8;SAO JOSE;Trafegar com motocicleta (ou similar) entre as faixas;Colisão traseira;Com Vítimas Feridas;Plena Noite;Decrescente;Céu Claro;Múltipla;Reta;Sim;3;0;2;0;1;0;2;2;-27,54836599;-48,61977975;SPRF-SC;DEL01-SC;UOP01-DEL01-SC
600911;16/05/2024;quinta-feira;16:30:00;RJ;101;575;PARATY;Acumulo de areia ou detritos sobre o pavimento;Queda de ocupante de veículo;Com Vítimas Feridas;Pleno dia;Decrescente;Nublado;Simples;Rotatória;Sim;2;0;2;0;0;0;2;1;-23,21978585;-44,73466957;SPRF-RJ;DEL03-RJ;UOP04-DEL03-RJ
600912;16/05/2024;quinta-feira;18:00:00;MG;40;548,5;NOVA LIMA;Manobra de mudança de faixa;Colisão lateral mesmo sentido;Com Vítimas Feridas;Plena Noite;Decrescente;Céu Claro;Dupla;"Reta;Declive";Sim;2;0;1;0;1;0;1;2;-20,03136499;-43,96967792;SPRF-MG;DEL01-MG;UOP02-DEL01-MG
600913;16/05/2024;quinta-feira;17:44:00;PE;101;67,9;RECIFE;Trafegar com motocicleta (ou similar) entre as faixas;Colisão traseira;Com Vítimas Feridas;Anoitecer;Crescente;Céu Claro;Múltipla;Reta;Não;3;0;1;1;1;0;2;2;-8,042334;-34,943096;SPRF-PE;DEL01-PE;UOP01-DEL01-PE
600914;16/05/2024;quinta-feira;18:00:00;SC;470;65;INDAIAL;Reação tardia ou ineficiente do condutor;Colisão traseira;Com Vítimas Feridas;Anoitecer;Crescente;Nublado;Simples;Reta;Sim;2;0;1;0;1;0;1;2;-26,870411;-49,211864;SPRF-SC;DEL04-SC;UOP01-DEL04-SC
600915;16/05/2024;quinta-feira;17:20:00;PR;376;136,2;NOVA ESPERANCA;Retorno proibido;Colisão traseira;Com Vítimas Feridas;Pleno dia;Decrescente;Céu Claro;Dupla;"Interseção de Vias;Retorno Regulamentado;Reta";Não;3;0;2;0;1;0;2;2;-23,20979042;-52,19209929;SPRF-PR;DEL09-PR;UOP02-DEL09-PR
600917;16/05/2024;quinta-feira;13:00:00;RJ;495;30;PETROPOLIS;Ausência de reação do condutor;Atropelamento de Pedestre;Com Vítimas Feridas;Pleno dia;Decrescente;Céu Claro;Simples;Curva;Sim;2;0;1;0;0;1;1;2;-22,385458;-43,129604;SPRF-RJ;DEL05-RJ;UOP02-DEL05-RJ
600918;16/05/2024;quinta-feira;18:30:00;SC;101;345,7;TUBARAO;Mal súbito do condutor;Saída de leito carroçável;Com Vítimas Feridas;Plena Noite;Decrescente;Garoa/Chuvisco;Dupla;Reta;Não;1;0;1;0;0;0;1;1;-28,55766809;-49,05438423;SPRF-SC;DEL02-SC;UOP01-DEL02-SC
600919;16/05/2024;quinta-feira;18:40:00;MG;381;489;BETIM;Ausência de reação do condutor;Colisão traseira;Com Vítimas Feridas;Plena Noite;Crescente;Céu Claro;Dupla;"Reta;Declive";Sim;3;0;1;0;2;0;1;2;-19,95631681;-44,13506269;SPRF-MG;DEL01-MG;UOP03-DEL01-MG
600920;16/05/2024;quinta-feira;18:45:00;PR;116;117;CURITIBA;Ausência de reação do condutor;Colisão traseira;Com Vítimas Feridas;Plena Noite;Crescente;Céu Claro;Dupla;Reta;Não;2;0;1;0;1;0;1;2;-25,54988723;-49,28248211;SPRF-PR;DEL01-PR;UOP03-DEL01-PR
600921;16/05/2024;quinta-feira;17:45:00;MS;163;260,7;DOURADOS;Objeto estático sobre o leito carroçável;Tombamento;Com Vítimas Feridas;Anoitecer;Crescente;Céu Claro;Dupla;Reta;Não;1;0;1;0;0;0;1;1;-22,24489388;-54,77203018;SPRF-MS;DEL04-MS;UOP01-DEL04-MS
600922;16/05/2024;quinta-feira;19:00:00;MG;40;523;CONTAGEM;Ausência de reação do condutor;Colisão traseira;Com Vítimas Feridas;Plena Noite;Decrescente;Céu Claro;Dupla;Reta;Sim;5;0;1;0;4;0;1;4;-19,86874894;-44,05962197;SPRF-MG;DEL01-MG;UOP02-DEL01-MG
600923;16/05/2024;quinta-feira;18:30:00;PR;369;86;CORNELIO PROCOPIO;Transitar na contramão;Colisão frontal;Com Vítimas Feridas;Plena Noite;Crescente;Céu Claro;Simples;Curva;Não;2;0;1;0;1;0;1;2;-23,17525424;-50,62368035;SPRF-PR;DEL07-PR;UOP05-DEL07-PR
600924;16/05/2024;quinta-feira;18:00:00;PB;230;468;SOUSA;Deficiência do Sistema de Iluminação/Sinalização;Colisão traseira;Com Vítimas Feridas;Plena Noite;Crescente;Céu Claro;Simples;Reta;Não;5;0;0;3;2;0;3;2;-6,7817;-38,2695;SPRF-PB;DEL03-PB;UOP03-DEL03-PB
600925;16/05/2024;quinta-feira;18:30:00;PR;369;149;LONDRINA;Frear bruscamente;Colisão traseira;Com Vítimas Feridas;Plena Noite;Decrescente;Céu Claro;Dupla;Reta;Sim;2;0;1;0;1;0;1;2;-23,29297043;-51,15341127;SPRF-PR;DEL07-PR;UOP01-DEL07-PR
600928;16/05/2024;quinta-feira;17:40:00;RJ;393;281;VOLTA REDONDA;Ultrapassagem Indevida;Colisão com objeto;Com Vítimas Feridas;Anoitecer;Crescente;Céu Claro;Simples;Reta;Sim;1;0;0;1;0;0;1;1;-22,48025569;-44,02974901;SPRF-RJ;DEL05-RJ;UOP04-DEL05-RJ
600929;16/05/2024;quinta-feira;19:00:00;PE;101;46;IGARASSU;Afundamento ou ondulação no pavimento;Queda de ocupante de veículo;Com Vítimas Feridas;Plena Noite;Crescente;Céu Claro;Múltipla;"Declive;Reta";Sim;1;0;1;0;0;0;1;1;-7,87406004;-34,90588126;SPRF-PE;DEL01-PE;UOP02-DEL01-PE
600930;16/05/2024;quinta-feira;19:25:00;SP;153;71,2;SAO JOSE DO RIO PRETO;Acessar a via sem observar a presença dos outros veículos;Colisão traseira;Com Vítimas Feridas;Plena Noite;Crescente;Céu Claro;Dupla;Reta;Não;2;0;1;0;1;0;1;2;-20,8580187;-49,40666241;SPRF-SP;DEL09-SP;UOP01-DEL09-SP
600931;16/03/2024;sábado;16:20:00;MG;262;443;NOVA SERRANA;Ingestão de álcool pelo condutor;Colisão lateral mesmo sentido;Com Vítimas Feridas;Pleno dia;Decrescente;Sol;Dupla;Reta;Sim;2;0;1;0;0;1;1;2;-19,88065393;-44,92197102;SPRF-MG;DEL08-MG;UOP03-DEL08-MG
600934;16/05/2024;quinta-feira;19:15:00;SC;101;214,1;PALHOCA;Trafegar com motocicleta (ou similar) entre as faixas;Colisão lateral mesmo sentido;Com Vítimas Feridas;Plena Noite;Crescente;Céu Claro;Múltipla;"Aclive;Reta";Sim;3;0;2;0;1;0;2;2;-27,64443;-48,67057;SPRF-SC;DEL01-SC;UOP02-DEL01-SC
600938;16/05/2024;quinta-feira;19:10:00;MS;376;134,3;IVINHEMA;Ausência de reação do condutor;Colisão frontal;Com Vítimas Fatais;Plena Noite;Decrescente;Céu Claro;Simples;Reta;Não;3;1;1;0;0;1;1;3;-22,38765563;-53,6551338;SPRF-MS;DEL04-MS;UOP04-DEL04-MS
600939;27/04/2024;sábado;03:34:00;PB;230;62;CRUZ DO ESPIRITO SANTO;Animais na Pista;Queda de ocupante de veículo;Com Vítimas Feridas;Plena Noite;Crescente;Chuva;Dupla;Reta;Não;2;0;1;0;1;0;1;1;-7,198272;-35,166105;SPRF-PB;DEL01-PB;UOP03-DEL01-PB
600942;16/05/2024;quinta-feira;19:50:00;MT;158;431,4;RIBEIRAO CASCALHEIRA;Reação tardia ou ineficiente do condutor;Saída de leito carroçável;Com Vítimas Feridas;Plena Noite;Decrescente;Céu Claro;Simples;Reta;Não;2;0;1;0;1;0;1;1;-12,98430284;-51,88005945;SPRF-MT;DEL07-MT;UOP02-DEL07-MT
600943;16/05/2024;quinta-feira;18:25:00;MS;163;615,9;SAO GABRIEL DO OESTE;Acessar a via sem observar a presença dos outros veículos;Colisão transversal;Com Vítimas Feridas;Plena Noite;Crescente;Céu Claro;Simples;Reta;Sim;7;0;3;0;4;0;3;2;-19,39850778;-54,56579964;SPRF-MS;DEL06-MS;UOP02-DEL06-MS
600944;16/05/2024;quinta-feira;20:10:00;SC;282;4,5;SAO JOSE;Ausência de reação do condutor;Colisão traseira;Com Vítimas Feridas;Plena Noite;Crescente;Céu Claro;Dupla;Reta;Sim;2;0;1;0;1;0;1;2;-27,592646;-48,604034;SPRF-SC;DEL01-SC;UOP01-DEL01-SC
600945;16/05/2024;quinta-feira;19:50:00;RN;101;85,9;NATAL;Ausência de reação do condutor;Colisão traseira;Com Vítimas Feridas;Plena Noite;Decrescente;Chuva;Simples;Reta;Não;2;0;0;1;1;0;1;2;-5,777664;-35,24937;SPRF-RN;DEL02-RN;UOP01-DEL02-RN
600946;16/05/2024;quinta-feira;16:32:00;MT;163;1012;TERRA NOVA DO NORTE;Reação tardia ou ineficiente do condutor;Queda de ocupante de veículo;Com Vítimas Feridas;Pleno dia;Crescente;Céu Claro;Simples;Reta;Não;1;0;1;0;0;0;1;1;-10,5188801;-55,0767357;SPRF-MT;DEL06-MT;UOP03-DEL06-MT
600947;16/05/2024;quinta-feira;20:30:00;SP;116;276;EMBU DAS ARTES;Ausência de reação do condutor;Queda de ocupante de veículo;Com Vítimas Feridas;Plena Noite;Decrescente;Céu Claro;Dupla;"Reta;Declive";Sim;1;0;0;1;0;0;1;1;-23,64262417;-46,83811382;SPRF-SP;DEL04-SP;UOP01-DEL04-SP
600948;16/05/2024;quinta-feira;20:05:00;SC;280;46;GUARAMIRIM;Acessar a via sem observar a presença dos outros veículos;Colisão transversal;Com Vítimas Feridas;Plena Noite;Decrescente;Céu Claro;Simples;"Reta;Em Obras";Não;2;0;1;0;1;0;1;2;-26,45295055;-48,90788103;SPRF-SC;DEL03-SC;UOP03-DEL03-SC
600950;16/05/2024;quinta-feira;19:00:00;SC;101;432,9;SOMBRIO;Condutor deixou de manter distância do veículo da frente;Colisão traseira;Com Vítimas Feridas;Plena Noite;Decrescente;Nublado;Múltipla;Reta;Sim;4;0;3;0;1;0;3;2;-29,08541724;-49,63060856;SPRF-SC;DEL02-SC;UOP02-DEL02-SC
600951;16/05/2024;quinta-feira;20:30:00;CE;222;303;TIANGUA;Acumulo de água sobre o pavimento;Colisão lateral sentido oposto;Com Vítimas Feridas;Plena Noite;Crescente;Garoa/Chuvisco;Simples;"Curva;Declive";Não;2;0;2;0;0;0;2;1;-3,66341744;-40,95009697;SPRF-CE;DEL04-CE;UOP02-DEL04-CE
600953;16/05/2024;quinta-feira;20:00:00;SC;101;25;JOINVILLE;Acessar a via sem observar a presença dos outros veículos;Colisão transversal;Com Vítimas Feridas;Plena Noite;Decrescente;Nublado;Simples;Reta;Sim;2;0;1;0;0;1;1;2;-26,1834739;-48,9105912;SPRF-SC;DEL03-SC;UOP01-DEL03-SC
600954;16/05/2024;quinta-feira;19:20:00;RJ;101;274;TANGUA;Acessar a via sem observar a presença dos outros veículos;Colisão transversal;Com Vítimas Feridas;Plena Noite;Decrescente;Céu Claro;Dupla;Reta;Sim;2;0;0;1;1;0;1;2;-22,73506292;-42,71948103;SPRF-RJ;DEL02-RJ;UOP03-DEL02-RJ
600955;16/05/2024;quinta-feira;20:00:00;GO;251;26,6;CRISTALINA;Conversão proibida;Colisão traseira;Com Vítimas Feridas;Plena Noite;Decrescente;Céu Claro;Simples;Reta;Sim;2;0;1;0;1;0;1;2;-16,10610344;-47,49477642;SPRF-DF;DEL01-DF;UOP01-DEL01-DF
600956;16/05/2024;quinta-feira;17:40:00;PE;423;121;PARANATAMA;Condutor deixou de manter distância do veículo da frente;Colisão traseira;Com Vítimas Fatais;Plena Noite;Crescente;Céu Claro;Simples;Reta;Sim;3;1;0;2;0;0;2;2;-8,9156581;-36,70400598;SPRF-PE;DEL03-PE;UOP01-DEL03-PE
600959;16/05/2024;quinta-feira;21:10:00;MG;116;701,8;MURIAE;Ausência de reação do condutor;Queda de ocupante de veículo;Com Vítimas Feridas;Plena Noite;Crescente;Céu Claro;Simples;Reta;Sim;1;0;1;0;0;0;1;1;-21,11084891;-42,3806104;SPRF-MG;DEL07-MG;UOP02-DEL07-MG
600960;16/05/2024;quinta-feira;21:30:00;MG;381;434,7;SABARA;Condutor deixou de manter distância do veículo da frente;Colisão traseira;Com Vítimas Feridas;Plena Noite;Decrescente;Céu Claro;Simples;"Aclive;Reta";Não;2;0;1;0;1;0;1;2;-19,787536;-43,739494;SPRF-MG;DEL01-MG;UOP01-DEL01-MG
600961;16/05/2024;quinta-feira;21:05:00;RJ;40;121;DUQUE DE CAXIAS;Ausência de reação do condutor;Colisão traseira;Com Vítimas Feridas;Plena Noite;Crescente;Céu Claro;Múltipla;Reta;Sim;3;0;1;0;2;0;1;2;-22,78185499;-43,28571273;SPRF-RJ;DEL01-RJ;UOP02-DEL01-RJ
600962;16/05/2024;quinta-feira;21:40:00;SC;282;16,3;PALHOCA;Ausência de reação do condutor;Colisão frontal;Com Vítimas Feridas;Plena Noite;Crescente;Nublado;Simples;Reta;Sim;2;0;0;1;1;0;1;2;-27,658611;-48,681847;SPRF-SC;DEL01-SC;UOP02-DEL01-SC
600965;16/05/2024;quinta-feira;21:15:00;PR;163;79,8;PLANALTO;Reação tardia ou ineficiente do condutor;Saída de leito carroçável;Com Vítimas Feridas;Plena Noite;Crescente;Nublado;Simples;Curva;Não;1;0;1;0;0;0;1;1;-25,76307185;-53,79764054;SPRF-PR;DEL02-PR;UOP02-DEL02-PR
600967;16/05/2024;quinta-feira;16:30:00;MG;116;528,6;CARATINGA;Conversão proibida;Colisão transversal;Com Vítimas Feridas;Pleno dia;Decrescente;Nublado;Simples;Reta;Sim;2;0;0;1;1;0;1;2;-19,794033;-42,13731414;SPRF-MG;DEL06-MG;UOP02-DEL06-MG
600969;16/05/2024;quinta-feira;23:30:00;ES;101;294;CARIACICA;Pedestre andava na pista;Atropelamento de Pedestre;Com Vítimas Feridas;Plena Noite;Crescente;Nublado;Dupla;Curva;Sim;4;0;2;0;2;0;2;2;-20,32415948;-40,3952903;SPRF-ES;DEL01-ES;UOP01-DEL01-ES
600970;16/05/2024;quinta-feira;22:55:00;PR;277;102;CURITIBA;Condutor deixou de manter distância do veículo da frente;Colisão traseira;Com Vítimas Feridas;Plena Noite;Decrescente;Nublado;Dupla;Curva;Sim;10;0;3;3;4;0;6;3;-25,51408786;-49,33726669;SPRF-PR;DEL01-PR;UOP06-DEL01-PR
600972;16/05/2024;quinta-feira;23:20:00;GO;414;368;COCALZINHO DE GOIAS;Condutor Dormindo;Saída de leito carroçável;Com Vítimas Feridas;Plena Noite;Decrescente;Céu Claro;Simples;"Reta;Aclive";Não;1;0;1;0;0;0;1;1;-15,75353119;-48,72925796;SPRF-GO;DEL02-GO;UOP01-DEL02-GO
600973;16/05/2024;quinta-feira;23:00:00;MT;174;291;PONTES E LACERDA;Acessar a via sem observar a presença dos outros veículos;Colisão transversal;Sem Vítimas;Plena Noite;Decrescente;Céu Claro;Simples;"Reta;Interseção de Vias";Sim;2;0;0;0;2;0;0;2;-15,231619;-59,31797104;SPRF-MT;DEL04-MT;UOP01-DEL04-MT
600974;17/05/2024;sexta-feira;00:25:00;RS;290;57,6;GLORINHA;Ausência de reação do condutor;Saída de leito carroçável;Com Vítimas Fatais;Plena Noite;Crescente;Chuva;Dupla;Reta;Não;2;1;1;0;0;0;1;1;-29,918623;-50,828213;SPRF-RS;DEL03-RS;UOP01-DEL03-RS
600975;16/05/2024;quinta-feira;19:05:00;MT;364;270,8;JACIARA;Reação tardia ou ineficiente do condutor;Saída de leito carroçável;Com Vítimas Feridas;Plena Noite;Decrescente;Céu Claro;Dupla;"Reta;Declive";Sim;1;0;1;0;0;0;1;1;-15,9689785;-54,94463002;SPRF-MT;DEL05-MT;UOP02-DEL05-MT
600976;16/05/2024;quinta-feira;23:20:00;RJ;116;113;GUAPIMIRIM;Condutor deixou de manter distância do veículo da frente;Colisão traseira;Com Vítimas Feridas;Plena Noite;Decrescente;Céu Claro;Dupla;Reta;Não;3;0;0;1;2;0;1;2;-22,57214;-43,007291;SPRF-RJ;DEL04-RJ;UOP02-DEL04-RJ
600977;17/05/2024;sexta-feira;00:20:00;SC;282;524;XAXIM;Ingestão de álcool pelo condutor;Saída de leito carroçável;Sem Vítimas;Plena Noite;Crescente;Nublado;Simples;Curva;Não;1;0;0;0;1;0;0;1;-26,965002;-52,557384;SPRF-SC;DEL07-SC;UOP01-DEL07-SC
600978;17/05/2024;sexta-feira;02:15:00;SP;116;222;GUARULHOS;Condutor Dormindo;Colisão traseira;Com Vítimas Feridas;Plena Noite;Decrescente;Ignorado;Múltipla;Reta;Sim;2;0;1;0;1;0;1;2;-23,47093408;-46,51631097;SPRF-SP;DEL01-SP;UOP01-DEL01-SP