id;data_inversa;dia_semana;horario;uf;br;km;municipio;causa_acidente;tipo_acidente;classificacao_acidente;fase_dia;sentido_via;condicao_metereologica;tipo_pista;tracado_via;uso_solo;pessoas;mortos;feridos_leves;feridos_graves;ilesos;ignorados;feridos;veiculos;latitude;longitude;regional;delegacia;uop
601239;18/05/2024;sábado;02:00:00;SC;163;89,3;GUARACIABA;Neblina;Saída de leito carroçável;Sem Vítimas;Plena Noite;Crescente;Nevoeiro/Neblina;Simples;"Curva;Em Obras";Não;1;0;0;0;1;0;0;1;-26,57474691;-53,51220012;SPRF-SC;DEL07-SC;UOP03-DEL07-SC
601241;18/05/2024;sábado;05:20:00;PR;158;539;PATO BRANCO;Transitar na contramão;Colisão frontal;Com Vítimas Feridas;Plena Noite;Decrescente;Nevoeiro/Neblina;Simples;Curva;Não;2;0;0;1;1;0;1;2;-26,26491;-52,707542;SPRF-PR;DEL02-PR;UOP01-DEL02-PR
601243;18/05/2024;sábado;05:15:00;SC;101;397,9;MARACAJA;Condutor Dormindo;Saída de leito carroçável;Sem Vítimas;Plena Noite;Crescente;Nublado;Dupla;Reta;Não;1;0;0;0;1;0;0;1;-28,83036461;-49,41244828;SPRF-SC;DEL02-SC;UOP02-DEL02-SC
601244;18/05/2024;sábado;03:15:00;SC;280;82,2;CORUPA;Ingestão de álcool pelo condutor;Colisão com objeto;Com Vítimas Feridas;Plena Noite;Crescente;Garoa/Chuvisco;Simples;Rotatória;Não;1;0;1;0;0;0;1;1;-26,44009491;-49,22605498;SPRF-SC;DEL06-SC;UOP03-DEL06-SC
601245;18/05/2024;sábado;05:45:00;SC;282;368;ERVAL VELHO;Ingestão de álcool pelo condutor;Saída de leito carroçável;Sem Vítimas;Plena Noite;Decrescente;Nevoeiro/Neblina;Simples;"Reta;Declive";Não;1;0;0;0;0;1;0;1;-27,283747;-51,434963;SPRF-SC;DEL07-SC;UOP05-DEL07-SC
601247;18/05/2024;sábado;06:20:00;SP;116;219;GUARULHOS;Manobra de mudança de faixa;Colisão lateral mesmo sentido;Com Vítimas Feridas;Amanhecer;Crescente;Céu Claro;Dupla;Reta;Não;2;0;0;1;1;0;1;2;-23,46143954;-46,48885316;SPRF-SP;DEL01-SP;UOP01-DEL01-SP
601248;18/05/2024;sábado;06:00:00;CE;222;4;FORTALEZA;Acesso irregular;Queda de ocupante de veículo;Com Vítimas Feridas;Pleno dia;Decrescente;Céu Claro;Múltipla;Reta;Sim;2;0;1;0;0;1;1;2;-3,74164754;-38,60449792;SPRF-CE;DEL01-CE;UOP01-DEL01-CE
601251;18/05/2024;sábado;05:30:00;RJ;465;11;SEROPEDICA;Mal súbito do condutor;Queda de ocupante de veículo;Com Vítimas Feridas;Amanhecer;Crescente;Nublado;Simples;Reta;Não;1;0;1;0;0;0;1;1;-22,784172;-43,656998;SPRF-RJ;DEL06-RJ;UOP02-DEL06-RJ
601252;18/05/2024;sábado;05:45:00;MG;40;667,9;CARANDAI;Ingestão de álcool pelo condutor;Colisão frontal;Com Vítimas Feridas;Amanhecer;Crescente;Céu Claro;Simples;Curva;Sim;5;0;3;2;0;0;5;2;-20,9563034;-43,79161748;SPRF-MG;DEL05-MG;UOP02-DEL05-MG
601254;10/05/2024;sexta-feira;12:07:00;BA;324;624,1;SALVADOR;Avarias e/ou desgaste excessivo no pneu;Tombamento;Com Vítimas Feridas;Pleno dia;Crescente;Ignorado;Dupla;Reta;Não;2;0;0;1;1;0;1;1;-12,94652915;-38,46989087;SPRF-BA;DEL01-BA;UOP01-DEL01-BA
601255;18/05/2024;sábado;06:10:00;PI;343;289,6;ALTOS;Transitar na contramão;Colisão lateral sentido oposto;Com Vítimas Feridas;Pleno dia;Crescente;Céu Claro;Simples;Reta;Não;3;0;2;0;1;0;2;2;-4,945915;-42,337227;SPRF-PI;DEL01-PI;UOP03-DEL01-PI
601256;18/05/2024;sábado;06:10:00;PB;104;133,4;QUEIMADAS;Animais na Pista;Atropelamento de Animal;Com Vítimas Feridas;Pleno dia;Decrescente;Céu Claro;Simples;Reta;Sim;2;0;2;0;0;0;2;1;-7,31674795;-35,89500926;SPRF-PB;DEL02-PB;UOP03-DEL02-PB
601257;18/05/2024;sábado;06:55:00;ES;101;179,4;ARACRUZ;Ausência de reação do condutor;Saída de leito carroçável;Com Vítimas Feridas;Pleno dia;Decrescente;Céu Claro;Dupla;"Interseção de Vias;Retorno Regulamentado";Não;5;0;4;0;1;0;4;1;-19,61640717;-40,21532077;SPRF-ES;DEL04-ES;UOP01-DEL04-ES
601258;18/05/2024;sábado;07:25:00;PB;230;159,6;CAMPINA GRANDE;Reação tardia ou ineficiente do condutor;Tombamento;Com Vítimas Feridas;Pleno dia;Crescente;Céu Claro;Simples;"Aclive;Reta";Não;2;0;2;0;0;0;2;1;-7,250241;-35,934356;SPRF-PB;DEL02-PB;UOP01-DEL02-PB
601259;18/05/2024;sábado;07:15:00;PR;476;142;CURITIBA;Frear bruscamente;Colisão frontal;Com Vítimas Feridas;Pleno dia;Crescente;Garoa/Chuvisco;Dupla;Reta;Sim;2;0;1;0;1;0;1;2;-25,537161;-49,301632;SPRF-PR;DEL01-PR;UOP03-DEL01-PR
601260;18/05/2024;sábado;06:56:00;MG;262;364;JUATUBA;Ausência de reação do condutor;Colisão traseira;Com Vítimas Feridas;Pleno dia;Decrescente;Céu Claro;Dupla;Reta;Não;3;0;2;0;1;0;2;2;-19,98290644;-44,24492623;SPRF-MG;DEL01-MG;UOP03-DEL01-MG
601261;18/05/2024;sábado;03:30:00;PE;428;185;PETROLINA;Ingestão de álcool pelo condutor;Capotamento;Sem Vítimas;Plena Noite;Decrescente;Céu Claro;Dupla;Reta;Não;1;0;0;0;0;1;0;1;-9,34009199;-40,47032001;SPRF-PE;DEL06-PE;UOP01-DEL06-PE
601262;18/05/2024;sábado;07:02:00;MG;116;420,9;GOVERNADOR VALADARES;Mal súbito do condutor;Saída de leito carroçável;Com Vítimas Feridas;Amanhecer;Crescente;Céu Claro;Simples;Reta;Não;1;0;0;1;0;0;1;1;-18,93018991;-41,93992714;SPRF-MG;DEL06-MG;UOP01-DEL06-MG
601265;18/05/2024;sábado;05:50:00;SC;282;363;ERVAL VELHO;Ingestão de álcool pelo condutor;Saída de leito carroçável;Sem Vítimas;Pleno dia;Decrescente;Nevoeiro/Neblina;Simples;Reta;Não;1;0;0;0;0;1;0;1;-27,302458;-51,390484;SPRF-SC;DEL07-SC;UOP05-DEL07-SC
601270;18/05/2024;sábado;08:05:00;SP;116;157,7;SAO JOSE DOS CAMPOS;Ausência de reação do condutor;Colisão traseira;Com Vítimas Feridas;Pleno dia;Decrescente;Céu Claro;Múltipla;Reta;Sim;2;0;0;1;1;0;1;2;-23,25558031;-45,9437828;SPRF-SP;DEL02-SP;UOP01-DEL02-SP
601275;18/05/2024;sábado;07:15:00;PR;376;659;TIJUCAS DO SUL;Ingestão de álcool pelo condutor;Saída de leito carroçável;Sem Vítimas;Pleno dia;Crescente;Garoa/Chuvisco;Dupla;"Reta;Declive";Não;1;0;0;0;1;0;0;1;-25,8517507;-49,00434494;SPRF-PR;DEL01-PR;UOP04-DEL01-PR
601276;08/04/2024;segunda-feira;22:50:00;ES;101;266,5;SERRA;Manobra de mudança de faixa;Colisão lateral mesmo sentido;Com Vítimas Feridas;Plena Noite;Decrescente;Céu Claro;Múltipla;Reta;Sim;2;0;1;0;1;0;1;2;-20,190199;-40,26828891;SPRF-ES;DEL02-ES;UOP01-DEL02-ES
601277;18/05/2024;sábado;06:30:00;PE;407;112;PETROLINA;Condutor Dormindo;Colisão com objeto;Sem Vítimas;Pleno dia;Crescente;Céu Claro;Simples;Reta;Não;1;0;0;0;0;1;0;1;-9,27560414;-40,59620723;SPRF-PE;DEL06-PE;UOP01-DEL06-PE
601278;18/05/2024;sábado;08:20:00;PR;277;68;SAO JOSE DOS PINHAIS;Velocidade Incompatível;Colisão traseira;Com Vítimas Feridas;Pleno dia;Crescente;Chuva;Dupla;Reta;Sim;2;0;1;0;1;0;1;2;-25,52292447;-49,10476685;SPRF-PR;DEL01-PR;UOP01-DEL01-PR
601279;18/05/2024;sábado;08:30:00;ES;101;380,9;ICONHA;Ingestão de álcool pelo condutor;Saída de leito carroçável;Com Vítimas Feridas;Pleno dia;Decrescente;Céu Claro;Simples;Reta;Não;1;0;1;0;0;0;1;1;-20,80767317;-40,83488482;SPRF-ES;DEL03-ES;UOP01-DEL03-ES
601280;27/03/2024;quarta-feira;08:30:00;PE;101;160;GAMELEIRA;Reação tardia ou ineficiente do condutor;Tombamento;Com Vítimas Feridas;Pleno dia;Crescente;Céu Claro;Dupla;"Declive;Curva";Não;29;0;2;5;22;0;7;1;-8,55559186;-35,42237611;SPRF-PE;DEL01-PE;UOP03-DEL01-PE
601281;18/05/2024;sábado;08:01:00;PR;373;229,6;IMBITUVA;Ausência de reação do condutor;Colisão transversal;Com Vítimas Feridas;Pleno dia;Crescente;Garoa/Chuvisco;Simples;"Reta;Interseção de Vias";Sim;4;0;2;0;2;0;2;2;-25,17897128;-50,6584799;SPRF-PR;DEL03-PR;UOP01-DEL03-PR
601282;18/05/2024;sábado;08:00:00;PR;277;684;SAO MIGUEL DO IGUACU;Ingestão de álcool pelo condutor;Saída de leito carroçável;Sem Vítimas;Pleno dia;Crescente;Garoa/Chuvisco;Dupla;"Curva;Declive";Não;1;0;0;0;1;0;0;1;-25,33864563;-54,19917133;SPRF-PR;DEL05-PR;UOP01-DEL05-PR
601284;18/05/2024;sábado;07:50:00;MA;10;248;IMPERATRIZ;Manobra de mudança de faixa;Colisão lateral mesmo sentido;Com Vítimas Feridas;Pleno dia;Crescente;Céu Claro;Múltipla;Reta;Sim;9;0;4;0;5;0;4;3;-5,566143;-47,449028;SPRF-MA;DEL04-MA;UOP01-DEL04-MA
601285;18/05/2024;sábado;09:00:00;TO;153;561,6;FATIMA;Conversão proibida;Colisão transversal;Com Vítimas Feridas;Pleno dia;Crescente;Céu Claro;Dupla;"Reta;Aclive";Sim;3;0;2;1;0;0;3;2;-10,75419;-48,90256;SPRF-TO;DEL01-TO;UOP01-DEL01-TO
601286;19/03/2024;terça-feira;16:20:00;ES;101;264,2;SERRA;Manobra de mudança de faixa;Colisão lateral mesmo sentido;Com Vítimas Feridas;Pleno dia;Decrescente;Céu Claro;Múltipla;Reta;Sim;3;0;0;1;2;0;1;3;-20,17292791;-40,26736384;SPRF-ES;DEL02-ES;UOP01-DEL02-ES
601287;18/05/2024;sábado;05:00:00;SC;282;2;FLORIANOPOLIS;Reação tardia ou ineficiente do condutor;Saída de leito carroçável;Com Vítimas Feridas;Pleno dia;Crescente;Chuva;Múltipla;Reta;Sim;3;0;2;0;0;1;2;2;-27,603289;-48,590416;SPRF-SC;DEL01-SC;UOP01-DEL01-SC
601288;18/05/2024;sábado;09:20:00;PR;376;590;CURITIBA;Reação tardia ou ineficiente do condutor;Colisão traseira;Com Vítimas Feridas;Pleno dia;Decrescente;Nublado;Dupla;Reta;Sim;2;0;1;0;1;0;1;2;-25,45308842;-49,36182976;SPRF-PR;DEL01-PR;UOP06-DEL01-PR
601289;18/05/2024;sábado;08:40:00;RN;304;123,2;ITAJA;Transitar no Acostamento;Colisão traseira;Com Vítimas Fatais;Pleno dia;Decrescente;Céu Claro;Simples;Reta;Não;2;1;0;0;1;0;0;2;-5,64584414;-36,83202507;SPRF-RN;DEL04-RN;UOP01-DEL04-RN
601290;20/02/2024;terça-feira;09:36:00;PR;376;179;MARINGA;Manobra de mudança de faixa;Colisão lateral mesmo sentido;Com Vítimas Feridas;Pleno dia;Decrescente;Ignorado;Dupla;Reta;Não;2;0;0;1;1;0;1;2;-23,42244278;-51,90360392;SPRF-PR;DEL09-PR;UOP01-DEL09-PR
601293;18/05/2024;sábado;09:00:00;RJ;116;230;PIRAI;Condutor deixou de manter distância do veículo da frente;Engavetamento;Com Vítimas Feridas;Pleno dia;Crescente;Céu Claro;Dupla;Curva;Sim;4;0;1;0;3;0;1;3;-22,65208783;-43,82143902;SPRF-RJ;DEL07-RJ;UOP01-DEL07-RJ
601294;18/05/2024;sábado;08:00:00;RJ;101;314,8;SAO GONCALO;Manobra de mudança de faixa;Colisão lateral mesmo sentido;Com Vítimas Feridas;Pleno dia;Crescente;Céu Claro;Dupla;Reta;Sim;3;0;2;0;1;0;2;2;-22,81648739;-43,07728467;SPRF-RJ;DEL02-RJ;UOP02-DEL02-RJ
601295;26/04/2024;sexta-feira;03:30:00;MS;60;123,6;PARAISO DAS AGUAS;Condutor Dormindo;Saída de leito carroçável;Com Vítimas Feridas;Plena Noite;Decrescente;Ignorado;Simples;Reta;Não;5;0;1;1;2;1;2;2;-19,33230262;-53,42277706;SPRF-MS;DEL06-MS;UOP02-DEL06-MS
601296;18/05/2024;sábado;10:30:00;SP;381;85;GUARULHOS;Ausência de reação do condutor;Colisão lateral mesmo sentido;Com Vítimas Feridas;Pleno dia;Crescente;Céu Claro;Múltipla;Reta;Sim;1;0;1;0;0;0;1;1;-23,449343;-46,56983501;SPRF-SP;DEL03-SP;UOP01-DEL03-SP
601297;18/05/2024;sábado;08:40:00;SC;101;165,2;TIJUCAS;Acumulo de água sobre o pavimento;Tombamento;Com Vítimas Feridas;Pleno dia;Crescente;Chuva;Dupla;Curva;Não;2;0;2;0;0;0;2;1;-27,252663;-48,63154894;SPRF-SC;DEL04-SC;UOP03-DEL04-SC
601298;18/05/2024;sábado;09:40:00;GO;414;439;ANAPOLIS;Conversão proibida;Colisão transversal;Com Vítimas Feridas;Pleno dia;Crescente;Céu Claro;Simples;Reta;Sim;2;0;1;0;1;0;1;2;-16,28128823;-48,94258908;SPRF-GO;DEL02-GO;UOP01-DEL02-GO
601299;18/05/2024;sábado;09:50:00;PR;153;234;IRATI;Reação tardia ou ineficiente do condutor;Colisão transversal;Com Vítimas Feridas;Pleno dia;Crescente;Céu Claro;Simples;"Reta;Interseção de Vias";Sim;7;0;1;0;6;0;1;2;-25,49356463;-50,64669907;SPRF-PR;DEL03-PR;UOP02-DEL03-PR
601300;18/05/2024;sábado;10:25:00;MG;381;453;SABARA;Condutor deixou de manter distância do veículo da frente;Colisão traseira;Com Vítimas Feridas;Pleno dia;Crescente;Sol;Simples;Curva;Sim;2;0;1;0;1;0;1;2;-19,85197588;-43,88851019;SPRF-MG;DEL01-MG;UOP01-DEL01-MG
601304;18/05/2024;sábado;09:40:00;SC;101;165;TIJUCAS;Velocidade Incompatível;Saída de leito carroçável;Com Vítimas Feridas;Pleno dia;Crescente;Chuva;Dupla;Reta;Não;2;0;1;0;1;0;1;1;-27,252663;-48,63154894;SPRF-SC;DEL04-SC;UOP03-DEL04-SC
601306;18/05/2024;sábado;10:15:00;MG;40;810;MATIAS BARBOSA;Desrespeitar a preferência no cruzamento;Colisão transversal;Com Vítimas Feridas;Pleno dia;Crescente;Céu Claro;Simples;"Interseção de Vias;Viaduto";Não;2;0;1;0;1;0;1;2;-21,88125263;-43,32913399;SPRF-MG;DEL05-MG;UOP01-DEL05-MG
601307;18/05/2024;sábado;10:41:00;RN;101;81;SAO GONCALO DO AMARANTE;Condutor deixou de manter distância do veículo da frente;Colisão lateral mesmo sentido;Sem Vítimas;Pleno dia;Crescente;Céu Claro;Dupla;Rotatória;Sim;3;0;0;0;3;0;0;2;-5,762877;-35,287008;SPRF-RN;DEL02-RN;UOP01-DEL02-RN
601312;18/05/2024;sábado;10:54:00;ES;101;420,1;CACHOEIRO DE ITAPEMIRIM;Ausência de reação do condutor;Colisão com objeto;Com Vítimas Feridas;Pleno dia;Crescente;Nublado;Simples;Curva;Não;1;0;1;0;0;0;1;1;-20,9657538;-41,10735825;SPRF-ES;DEL03-ES;UOP02-DEL03-ES
601314;18/05/2024;sábado;11:15:00;MG;40;572,8;ITABIRITO;Conversão proibida;Colisão transversal;Com Vítimas Fatais;Pleno dia;Crescente;Céu Claro;Simples;Reta;Sim;3;1;0;0;2;0;0;2;-20,23058501;-43,96905104;SPRF-MG;DEL01-MG;UOP02-DEL01-MG
601315;18/05/2024;sábado;09:10:00;MT;163;750;SORRISO;Reação tardia ou ineficiente do condutor;Saída de leito carroçável;Com Vítimas Feridas;Pleno dia;Decrescente;Céu Claro;Dupla;"Reta;Rotatória";Sim;2;0;1;0;0;1;1;2;-12,67193506;-55,79367178;SPRF-MT;DEL06-MT;UOP01-DEL06-MT
601317;18/05/2024;sábado;11:00:00;SP;116;300;SAO LOURENCO DA SERRA;Ausência de reação do condutor;Saída de leito carroçável;Com Vítimas Feridas;Pleno dia;Decrescente;Céu Claro;Dupla;Reta;Não;2;0;1;1;0;0;2;1;-23,80425272;-46,92143625;SPRF-SP;DEL04-SP;UOP01-DEL04-SP
601318;18/05/2024;sábado;11:30:00;RJ;393;284,2;VOLTA REDONDA;Condutor desrespeitou a iluminação vermelha do semáforo;Colisão frontal;Com Vítimas Feridas;Pleno dia;Decrescente;Céu Claro;Simples;Reta;Não;3;0;1;0;2;0;1;2;-22,47341979;-44,05990606;SPRF-RJ;DEL05-RJ;UOP04-DEL05-RJ
601319;18/05/2024;sábado;11:30:00;RJ;116;173;SAO JOAO DE MERITI;Acessar a via sem observar a presença dos outros veículos;Colisão lateral mesmo sentido;Com Vítimas Feridas;Pleno dia;Crescente;Céu Claro;Dupla;Reta;Não;2;0;0;1;1;0;1;2;-22,79810324;-43,35726614;SPRF-RJ;DEL06-RJ;UOP01-DEL06-RJ
601320;18/05/2024;sábado;11:50:00;PR;376;437;TIBAGI;Chuva;Saída de leito carroçável;Sem Vítimas;Pleno dia;Crescente;Chuva;Dupla;Curva;Não;1;0;0;0;1;0;0;1;-24,84593393;-50,47413272;SPRF-PR;DEL03-PR;UOP02-DEL03-PR
601321;05/05/2024;domingo;20:23:00;MS;163;238;CAARAPO;Animais na Pista;Atropelamento de Animal;Sem Vítimas;Plena Noite;Crescente;Céu Claro;Simples;Reta;Não;2;0;0;0;2;0;0;1;-22,4077448;-54,79636528;SPRF-MS;DEL04-MS;UOP02-DEL04-MS
601323;18/05/2024;sábado;12:15:00;GO;452;1;RIO VERDE;Manobra de mudança de faixa;Colisão traseira;Com Vítimas Fatais;Pleno dia;Crescente;Céu Claro;Dupla;Reta;Sim;2;1;0;0;1;0;0;2;-17,79126493;-50,89368296;SPRF-GO;DEL04-GO;UOP01-DEL04-GO
601324;18/05/2024;sábado;08:30:00;PR;376;326;ORTIGUEIRA;Ausência de reação do condutor;Capotamento;Com Vítimas Feridas;Pleno dia;Decrescente;Céu Claro;Simples;Curva;Não;1;0;1;0;0;0;1;1;-24,09427565;-51,04402976;SPRF-PR;DEL07-PR;UOP02-DEL07-PR
601325;18/05/2024;sábado;12:15:00;PR;153;344,1;REBOUCAS;Reação tardia ou ineficiente do condutor;Colisão frontal;Com Vítimas Feridas;Pleno dia;Crescente;Sol;Simples;Reta;Não;5;0;4;1;0;0;5;2;-25,56118096;-50,67815908;SPRF-PR;DEL08-PR;UOP02-DEL08-PR
601326;18/05/2024;sábado;12:20:00;MG;262;177,4;UBERABA;Acumulo de óleo sobre o pavimento;Tombamento;Com Vítimas Feridas;Pleno dia;Crescente;Céu Claro;Simples;"Curva;Rotatória";Não;1;0;1;0;0;0;1;1;-19,779986;-47,944549;SPRF-MG;DEL03-MG;UOP01-DEL03-MG
601327;18/05/2024;sábado;12:00:00;SP;381;37,4;ATIBAIA;Reação tardia ou ineficiente do condutor;Engavetamento;Com Vítimas Feridas;Pleno dia;Decrescente;Céu Claro;Dupla;Reta;Não;4;0;1;0;3;0;1;3;-23,10506237;-46,56881577;SPRF-SP;DEL03-SP;UOP01-DEL03-SP
601328;18/05/2024;sábado;10:35:00;RJ;116;116;MAGE;Demais falhas mecânicas ou elétricas;Capotamento;Com Vítimas Feridas;Pleno dia;Decrescente;Sol;Dupla;Reta;Sim;5;0;0;1;4;0;1;1;-22,5943135;-43,02305931;SPRF-RJ;DEL04-RJ;UOP02-DEL04-RJ
601329;18/05/2024;sábado;11:35:00;DF;60;4;BRASILIA;Avarias e/ou desgaste excessivo no pneu;Queda de ocupante de veículo;Com Vítimas Feridas;Pleno dia;Crescente;Céu Claro;Dupla;Reta;Não;1;0;1;0;0;0;1;1;-15,892721;-48,095741;SPRF-DF;DEL03-DF;UOP01-DEL03-DF
601333;18/05/2024;sábado;13:15:00;RN;226;10;MACAIBA;Reação tardia ou ineficiente do condutor;Queda de ocupante de veículo;Com Vítimas Feridas;Pleno dia;Decrescente;Céu Claro;Simples;Reta;Não;1;0;1;0;0;0;1;1;-5,84199104;-35,29535395;SPRF-RN;DEL01-RN;UOP02-DEL01-RN
601334;18/05/2024;sábado;12:25:00;PR;116;43;CAMPINA GRANDE DO SUL;Velocidade Incompatível;Saída de leito carroçável;Sem Vítimas;Pleno dia;Crescente;Chuva;Simples;Curva;Não;1;0;0;0;1;0;0;1;-25,18101149;-48,88196442;SPRF-PR;DEL01-PR;UOP02-DEL01-PR
601335;18/05/2024;sábado;12:00:00;BA;407;8,7;JUAZEIRO;Reação tardia ou ineficiente do condutor;Saída de leito carroçável;Sem Vítimas;Pleno dia;Crescente;Céu Claro;Simples;Reta;Não;1;0;0;0;0;1;0;1;-9,47216396;-40,47887593;SPRF-PE;DEL06-PE;UOP01-DEL06-PE
601337;18/05/2024;sábado;05:00:00;RJ;493;5;ITABORAI;Iluminação deficiente;Atropelamento de Animal;Com Vítimas Feridas;Plena Noite;Crescente;Céu Claro;Dupla;Reta;Não;1;0;1;0;0;0;1;1;-22,73998606;-42,95374823;SPRF-RJ;DEL02-RJ;UOP02-DEL02-RJ
601338;18/05/2024;sábado;12:30:00;MG;262;173;SAO DOMINGOS DO PRATA;Velocidade Incompatível;Colisão traseira;Sem Vítimas;Pleno dia;Crescente;Sol;Simples;Reta;Não;2;0;0;0;1;1;0;2;-19,94277757;-42,94306607;SPRF-MG;DEL03-MG;UOP01-DEL03-MG
601339;18/05/2024;sábado;09:05:00;RS;290;92;PORTO ALEGRE;Reação tardia ou ineficiente do condutor;Colisão com objeto;Sem Vítimas;Pleno dia;Decrescente;Nublado;Múltipla;Reta;Sim;1;0;0;0;1;0;0;1;-29,97167463;-51,17993832;SPRF-RS;DEL01-RS;UOP01-DEL01-RS
601342;18/05/2024;sábado;12:30:00;PR;369;161;CAMBE;Avarias e/ou desgaste excessivo no pneu;Tombamento;Com Vítimas Feridas;Pleno dia;Crescente;Céu Claro;Dupla;Declive;Não;2;0;1;1;0;0;2;1;-23,29319156;-51,26766341;SPRF-PR;DEL07-PR;UOP01-DEL07-PR
601344;18/05/2024;sábado;13:20:00;DF;40;5;BRASILIA;Manobra de mudança de faixa;Colisão traseira;Com Vítimas Feridas;Pleno dia;Crescente;Céu Claro;Dupla;Reta;Sim;6;0;2;0;4;0;2;3;-16,020903;-47,980541;SPRF-DF;DEL01-DF;UOP01-DEL01-DF
601345;18/05/2024;sábado;12:20:00;SC;101;115;NAVEGANTES;Velocidade Incompatível;Saída de leito carroçável;Com Vítimas Feridas;Pleno dia;Decrescente;Chuva;Dupla;Curva;Não;2;0;1;0;1;0;1;1;-26,87064015;-48,72954134;SPRF-SC;DEL04-SC;UOP04-DEL04-SC
601347;18/05/2024;sábado;12:15:00;SC;101;333;TUBARAO;Reação tardia ou ineficiente do condutor;Colisão traseira;Sem Vítimas;Pleno dia;Decrescente;Chuva;Dupla;Reta;Sim;2;0;0;0;2;0;0;2;-28,467715;-49,008793;SPRF-SC;DEL02-SC;UOP01-DEL02-SC
601351;27/03/2024;quarta-feira;14:30:00;SC;101;146;ITAPEMA;Reação tardia ou ineficiente do condutor;Colisão traseira;Com Vítimas Feridas;Pleno dia;Decrescente;Céu Claro;Dupla;Reta;Sim;5;0;1;0;4;0;1;4;-27,08666525;-48,60955587;SPRF-SC;DEL04-SC;UOP03-DEL04-SC
601352;18/05/2024;sábado;14:25:00;ES;101;149;LINHARES;Condutor desrespeitou a iluminação vermelha do semáforo;Colisão transversal;Com Vítimas Feridas;Pleno dia;Decrescente;Céu Claro;Simples;"Reta;Interseção de Vias";Sim;5;0;2;1;2;0;3;2;-19,39619083;-40,06435871;SPRF-ES;DEL04-ES;UOP01-DEL04-ES
601355;18/05/2024;sábado;10:50:00;RJ;40;72;PETROPOLIS;Reação tardia ou ineficiente do condutor;Tombamento;Com Vítimas Feridas;Pleno dia;Decrescente;Céu Claro;Simples;Curva;Sim;1;0;1;0;0;0;1;1;-22,4585308;-43,21600514;SPRF-RJ;DEL01-RJ;UOP01-DEL01-RJ
601356;18/05/2024;sábado;14:05:00;SP;116;84;PINDAMONHANGABA;Reação tardia ou ineficiente do condutor;Colisão traseira;Com Vítimas Feridas;Pleno dia;Crescente;Céu Claro;Dupla;Reta;Sim;3;0;1;0;2;0;1;2;-22,91777173;-45,33596814;SPRF-SP;DEL08-SP;UOP01-DEL08-SP
601357;18/05/2024;sábado;10:50:00;RJ;40;78;PETROPOLIS;Ausência de reação do condutor;Queda de ocupante de veículo;Com Vítimas Feridas;Pleno dia;Crescente;Nublado;Dupla;Curva;Não;2;0;2;0;0;0;2;1;-22,48485874;-43,22843406;SPRF-RJ;DEL01-RJ;UOP01-DEL01-RJ
601359;18/05/2024;sábado;12:00:00;SC;101;201,2;SAO JOSE;Acessar a via sem observar a presença dos outros veículos;Colisão lateral mesmo sentido;Sem Vítimas;Pleno dia;Crescente;Chuva;Dupla;Reta;Sim;2;0;0;0;2;0;0;2;-27,54836599;-48,61977975;SPRF-SC;DEL01-SC;UOP01-DEL01-SC
601360;18/05/2024;sábado;15:10:00;MG;50;113;UBERABA;Condutor Dormindo;Saída de leito carroçável;Sem Vítimas;Pleno dia;Crescente;Céu Claro;Dupla;Reta;Não;2;0;0;0;2;0;0;1;-19,24933392;-48,13570581;SPRF-MG;DEL13-MG;UOP01-DEL13-MG
601361;18/05/2024;sábado;13:00:00;BA;135;140;RIACHAO DAS NEVES;Acessar a via sem observar a presença dos outros veículos;Saída de leito carroçável;Com Vítimas Feridas;Pleno dia;Decrescente;Céu Claro;Simples;Reta;Não;4;0;2;1;0;1;3;2;-11,86955294;-44,84575017;SPRF-BA;DEL08-BA;N/A
601362;18/05/2024;sábado;15:20:00;MG;40;578,2;ITABIRITO;Afundamento ou ondulação no pavimento;Capotamento;Com Vítimas Feridas;Pleno dia;Crescente;Céu Claro;Dupla;Curva;Não;4;0;1;0;3;0;1;1;-20,27946105;-43,94661237;SPRF-MG;DEL01-MG;UOP02-DEL01-MG
601363;18/05/2024;sábado;15:20:00;ES;101;299,9;VIANA;Manobra de mudança de faixa;Colisão lateral mesmo sentido;Com Vítimas Feridas;Pleno dia;Crescente;Céu Claro;Dupla;"Reta;Aclive";Sim;3;0;2;0;0;1;2;2;-20,358635;-40,432167;SPRF-ES;DEL01-ES;UOP01-DEL01-ES
601365;18/05/2024;sábado;15:20:00;BA;116;517;FEIRA DE SANTANA;Ingestão de álcool pelo condutor;Colisão traseira;Com Vítimas Feridas;Pleno dia;Crescente;Chuva;Simples;Reta;Sim;2;0;1;0;1;0;1;2;-12,25784;-38,93251;SPRF-BA;DEL03-BA;UOP02-DEL03-BA
601368;18/05/2024;sábado;10:00:00;RO;364;14;VILHENA;Reação tardia ou ineficiente do condutor;Colisão lateral mesmo sentido;Com Vítimas Feridas;Pleno dia;Crescente;Céu Claro;Dupla;Reta;Sim;2;0;2;0;0;0;2;2;-12,73898138;-60,13911417;SPRF-RO;DEL04-RO;UOP01-DEL04-RO
601369;18/05/2024;sábado;14:45:00;RJ;40;80;PETROPOLIS;Reação tardia ou ineficiente do condutor;Tombamento;Com Vítimas Feridas;Pleno dia;Crescente;Céu Claro;Simples;"Curva;Declive";Sim;1;0;1;0;0;0;1;1;-22,49798597;-43,22878703;SPRF-RJ;DEL01-RJ;UOP01-DEL01-RJ
601371;18/05/2024;sábado;15:38:00;SP;116;143;SAO JOSE DOS CAMPOS;Manobra de mudança de faixa;Colisão lateral mesmo sentido;Com Vítimas Feridas;Pleno dia;Decrescente;Céu Claro;Dupla;Reta;Sim;4;0;2;0;2;0;2;2;-23,17849879;-45,83787411;SPRF-SP;DEL02-SP;UOP01-DEL02-SP