id;data_inversa;dia_semana;horario;uf;br;km;municipio;causa_acidente;tipo_acidente;classificacao_acidente;fase_dia;sentido_via;condicao_metereologica;tipo_pista;tracado_via;uso_solo;pessoas;mortos;feridos_leves;feridos_graves;ilesos;ignorados;feridos;veiculos;latitude;longitude;regional;delegacia;uop
601375;18/05/2024;sábado;16:15:00;SP;381;39,5;ATIBAIA;Reação tardia ou ineficiente do condutor;Tombamento;Com Vítimas Feridas;Pleno dia;Crescente;Sol;Dupla;Reta;Não;1;0;1;0;0;0;1;1;-23,1215761;-46,57471572;SPRF-SP;DEL03-SP;UOP01-DEL03-SP
601377;18/05/2024;sábado;16:08:00;DF;70;7;BRASILIA;Acessar a via sem observar a presença dos outros veículos;Colisão transversal;Com Vítimas Feridas;Pleno dia;Crescente;Céu Claro;Múltipla;"Reta;Retorno Regulamentado";Sim;2;0;1;0;1;0;1;2;-15,787601;-48,114429;SPRF-DF;DEL03-DF;UOP02-DEL03-DF
601378;18/05/2024;sábado;13:00:00;MG;116;809;ALEM PARAIBA;Ausência de reação do condutor;Colisão traseira;Com Vítimas Feridas;Pleno dia;Decrescente;Céu Claro;Simples;Reta;Não;3;0;1;1;1;0;2;2;-21,82600491;-42,68294095;SPRF-MG;DEL07-MG;UOP01-DEL07-MG
601379;18/05/2024;sábado;10:40:00;PI;343;264,4;CAMPO MAIOR;Ausência de reação do condutor;Colisão traseira;Com Vítimas Feridas;Pleno dia;Decrescente;Céu Claro;Simples;Reta;Sim;2;0;1;1;0;0;2;2;-4,82914018;-42,16325998;SPRF-PI;DEL01-PI;UOP03-DEL01-PI
601381;18/05/2024;sábado;17:00:00;TO;153;694;CARIRI DO TOCANTINS;Avarias e/ou desgaste excessivo no pneu;Queda de ocupante de veículo;Com Vítimas Feridas;Pleno dia;Crescente;Céu Claro;Simples;"Reta;Aclive";Não;1;0;0;1;0;0;1;1;-11,90375887;-49,17221228;SPRF-TO;DEL01-TO;UOP02-DEL01-TO
601382;19/04/2024;sexta-feira;08:00:00;BA;407;21;JUAZEIRO;Ausência de reação do condutor;Tombamento;Com Vítimas Feridas;Pleno dia;Crescente;Ignorado;Simples;Reta;Não;1;0;0;1;0;0;1;1;-9,57728977;-40,42853856;SPRF-BA;DEL04-BA;UOP01-DEL04-BA
601384;18/05/2024;sábado;15:06:00;MT;364;203;RONDONOPOLIS;Pista Escorregadia;Tombamento;Com Vítimas Feridas;Pleno dia;Decrescente;Céu Claro;Dupla;Reta;Sim;1;0;1;0;0;0;1;1;-16,47555256;-54,65344724;SPRF-MT;DEL02-MT;UOP01-DEL02-MT
601385;18/05/2024;sábado;16:15:00;PR;376;660,5;TIJUCAS DO SUL;Velocidade Incompatível;Saída de leito carroçável;Com Vítimas Feridas;Pleno dia;Decrescente;Chuva;Dupla;"Declive;Curva";Não;4;0;1;0;3;0;1;1;-25,85304449;-48,9921999;SPRF-PR;DEL01-PR;UOP04-DEL01-PR
601387;18/05/2024;sábado;17:30:00;CE;116;6,4;FORTALEZA;Ingestão de álcool pelo condutor;Colisão com objeto;Com Vítimas Fatais;Anoitecer;Crescente;Céu Claro;Dupla;Reta;Sim;3;1;0;1;0;1;1;2;-3,802624;-38,50400499;SPRF-CE;DEL01-CE;UOP02-DEL01-CE
601388;18/05/2024;sábado;15:00:00;SC;101;138;BALNEARIO CAMBORIU;Velocidade Incompatível;Colisão com objeto;Com Vítimas Feridas;Pleno dia;Crescente;Chuva;Dupla;"Curva;Aclive";Sim;1;0;1;0;0;0;1;1;-27,02397426;-48,60761649;SPRF-SC;DEL04-SC;UOP03-DEL04-SC
601392;18/05/2024;sábado;18:00:00;RJ;101;278,5;TANGUA;Ausência de reação do condutor;Tombamento;Com Vítimas Fatais;Plena Noite;Decrescente;Céu Claro;Dupla;Reta;Não;3;1;1;0;1;0;1;3;-22,74024136;-42,75799897;SPRF-RJ;DEL02-RJ;UOP03-DEL02-RJ
601393;18/05/2024;sábado;18:15:00;CE;116;6;FORTALEZA;Reação tardia ou ineficiente do condutor;Colisão traseira;Com Vítimas Feridas;Anoitecer;Crescente;Céu Claro;Múltipla;Reta;Sim;3;0;2;0;1;0;2;2;-3,80393831;-38,50337694;SPRF-CE;DEL01-CE;UOP02-DEL01-CE
601394;18/05/2024;sábado;18:10:00;DF;70;15;BRASILIA;Reação tardia ou ineficiente do condutor;Queda de ocupante de veículo;Com Vítimas Feridas;Plena Noite;Crescente;Céu Claro;Dupla;Reta;Não;1;0;1;0;0;0;1;1;-15,798888;-48,185043;SPRF-DF;DEL03-DF;UOP02-DEL03-DF
601395;18/05/2024;sábado;18:00:00;RS;158;333;SANTA MARIA;Desrespeitar a preferência no cruzamento;Colisão transversal;Com Vítimas Feridas;Plena Noite;Crescente;Céu Claro;Múltipla;Rotatória;Sim;2;0;2;0;0;0;2;2;-29,70702476;-53,85237521;SPRF-RS;DEL09-RS;UOP01-DEL09-RS
601397;18/05/2024;sábado;18:20:00;RN;101;85;SAO GONCALO DO AMARANTE;Pedestre cruzava a pista fora da faixa;Atropelamento de Pedestre;Com Vítimas Feridas;Plena Noite;Crescente;Céu Claro;Simples;Reta;Não;2;0;0;1;1;0;1;2;-5,777664;-35,24937;SPRF-RN;DEL02-RN;UOP01-DEL02-RN
601398;18/05/2024;sábado;18:40:00;SP;116;221,1;GUARULHOS;Reação tardia ou ineficiente do condutor;Tombamento;Com Vítimas Feridas;Plena Noite;Crescente;Céu Claro;Múltipla;"Reta;Em Obras";Sim;1;0;1;0;0;0;1;1;-23,46802395;-46,50704901;SPRF-SP;DEL01-SP;UOP01-DEL01-SP
601399;18/05/2024;sábado;17:30:00;RO;364;715;PORTO VELHO;Demais falhas mecânicas ou elétricas;Incêndio;Sem Vítimas;Pleno dia;Crescente;Nublado;Dupla;Reta;Sim;1;0;0;0;1;0;0;1;-8,77957291;-63,89174213;SPRF-RO;DEL01-RO;UOP01-DEL01-RO
601400;18/05/2024;sábado;19:00:00;SC;101;86,4;BARRA VELHA;Desrespeitar a preferência no cruzamento;Colisão transversal;Com Vítimas Feridas;Plena Noite;Crescente;Chuva;Múltipla;"Interseção de Vias;Viaduto";Sim;4;0;4;0;0;0;4;2;-26,63277317;-48,70232513;SPRF-SC;DEL03-SC;UOP02-DEL03-SC
601401;18/05/2024;sábado;19:00:00;PR;277;586;CASCAVEL;Ausência de reação do condutor;Colisão com objeto;Com Vítimas Feridas;Plena Noite;Decrescente;Chuva;Simples;Curva;Sim;2;0;2;0;0;0;2;1;-24,9649472;-53,4210459;SPRF-PR;DEL04-PR;UOP01-DEL04-PR
601402;18/05/2024;sábado;18:40:00;SC;101;420,5;ARARANGUA;Acessar a via sem observar a presença dos outros veículos;Colisão transversal;Sem Vítimas;Plena Noite;Crescente;Chuva;Múltipla;Reta;Sim;6;0;0;0;6;0;0;2;-29,00281073;-49,55958366;SPRF-SC;DEL02-SC;UOP02-DEL02-SC
601403;18/05/2024;sábado;19:00:00;RJ;101;200;CASIMIRO DE ABREU;Acessar a via sem observar a presença dos outros veículos;Colisão lateral mesmo sentido;Com Vítimas Feridas;Plena Noite;Decrescente;Céu Claro;Dupla;Reta;Não;2;0;1;0;1;0;1;2;-22,48294819;-42,14400217;SPRF-RJ;DEL08-RJ;UOP04-DEL08-RJ
601404;18/05/2024;sábado;17:40:00;RN;427;147,5;SERRA NEGRA DO NORTE;Demais falhas mecânicas ou elétricas;Incêndio;Sem Vítimas;Plena Noite;Decrescente;Céu Claro;Simples;Reta;Não;1;0;0;0;1;0;0;1;-6,67148153;-37,41083013;SPRF-RN;DEL03-RN;UOP01-DEL03-RN
601405;18/05/2024;sábado;18:50:00;AL;104;31,7;UNIAO DOS PALMARES;Acessar a via sem observar a presença dos outros veículos;Colisão traseira;Com Vítimas Feridas;Plena Noite;Decrescente;Chuva;Simples;Reta;Não;3;0;2;0;0;1;2;2;-9,13236074;-36,02734076;SPRF-AL;DEL01-AL;UOP02-DEL01-AL
601406;18/05/2024;sábado;18:40:00;PR;277;0,3;PARANAGUA;Ausência de reação do condutor;Colisão traseira;Com Vítimas Feridas;Plena Noite;Decrescente;Chuva;Dupla;Reta;Sim;6;0;2;0;4;0;2;2;-25,556147;-48,562891;SPRF-PR;DEL01-PR;UOP05-DEL01-PR
601407;18/05/2024;sábado;19:23:00;PR;277;587,9;CASCAVEL;Pedestre andava na pista;Atropelamento de Pedestre;Com Vítimas Fatais;Plena Noite;Crescente;Chuva;Simples;"Aclive;Reta";Sim;3;1;0;0;0;2;0;2;-24,96941255;-53,42959722;SPRF-PR;DEL04-PR;UOP01-DEL04-PR
601408;18/05/2024;sábado;18:45:00;RS;116;525,1;PELOTAS;Manobra de mudança de faixa;Colisão transversal;Com Vítimas Feridas;Plena Noite;Decrescente;Céu Claro;Dupla;Viaduto;Sim;2;0;1;0;1;0;1;2;-31,7359522;-52,39349776;SPRF-RS;DEL07-RS;UOP01-DEL07-RS
601409;18/05/2024;sábado;12:48:00;MT;163;1037;MATUPA;Reação tardia ou ineficiente do condutor;Queda de ocupante de veículo;Com Vítimas Feridas;Pleno dia;Crescente;Céu Claro;Simples;"Reta;Rotatória";Não;1;0;0;1;0;0;1;1;-10,185552;-54,945944;SPRF-MT;DEL06-MT;UOP03-DEL06-MT
601410;10/05/2024;sexta-feira;14:15:00;SP;153;62,5;SAO JOSE DO RIO PRETO;Reação tardia ou ineficiente do condutor;Colisão lateral mesmo sentido;Com Vítimas Feridas;Pleno dia;Crescente;Céu Claro;Dupla;"Reta;Aclive";Sim;2;0;1;0;1;0;1;2;-20,81325404;-49,35675563;SPRF-SP;DEL09-SP;UOP01-DEL09-SP
601411;18/05/2024;sábado;19:04:00;RS;116;237;NOVO HAMBURGO;Transitar no Acostamento;Atropelamento de Pedestre;Com Vítimas Fatais;Plena Noite;Crescente;Nublado;Dupla;"Reta;Interseção de Vias;Em Obras";Sim;2;1;0;0;0;1;0;2;-29,67839398;-51,1422266;SPRF-RS;DEL01-RS;UOP02-DEL01-RS
601412;18/05/2024;sábado;20:00:00;GO;153;442;ANAPOLIS;Demais falhas mecânicas ou elétricas;Tombamento;Com Vítimas Feridas;Plena Noite;Decrescente;Céu Claro;Dupla;Reta;Não;1;0;0;1;0;0;1;1;-16,325272;-48,922024;SPRF-GO;DEL02-GO;UOP01-DEL02-GO
601413;18/05/2024;sábado;17:00:00;MG;116;475,1;DOM CAVATI;Velocidade Incompatível;Saída de leito carroçável;Com Vítimas Feridas;Plena Noite;Decrescente;Céu Claro;Simples;Curva;Não;1;0;1;0;0;0;1;1;-19,35549992;-42,09254119;SPRF-MG;DEL06-MG;UOP02-DEL06-MG
601416;18/05/2024;sábado;20:00:00;RJ;101;311;SAO GONCALO;Ingestão de álcool pelo condutor;Colisão com objeto;Sem Vítimas;Plena Noite;Crescente;Céu Claro;Dupla;Reta;Sim;1;0;0;0;1;0;0;1;-22,80062246;-43,05318779;SPRF-RJ;DEL02-RJ;UOP02-DEL02-RJ
601418;18/05/2024;sábado;19:25:00;PE;423;41,4;CACHOEIRINHA;Acessar a via sem observar a presença dos outros veículos;Colisão lateral sentido oposto;Com Vítimas Feridas;Plena Noite;Crescente;Garoa/Chuvisco;Simples;Reta;Não;2;0;1;0;1;0;1;2;-8,57882111;-36,2265186;SPRF-PE;DEL03-PE;UOP01-DEL03-PE
601419;18/05/2024;sábado;20:30:00;SP;116;230;SAO PAULO;Reação tardia ou ineficiente do condutor;Colisão traseira;Com Vítimas Feridas;Plena Noite;Crescente;Céu Claro;Dupla;"Reta;Em Obras;Desvio Temporário";Sim;4;0;2;0;2;0;2;2;-23,5218;-46,5849;SPRF-SP;DEL01-SP;UOP01-DEL01-SP
601421;18/05/2024;sábado;18:40:00;MS;267;359;MARACAJU;Velocidade Incompatível;Tombamento;Com Vítimas Feridas;Plena Noite;Crescente;Céu Claro;Simples;Reta;Não;2;0;1;1;0;0;2;1;-21,64836;-55,095505;SPRF-MS;DEL02-MS;UOP02-DEL02-MS
601422;18/05/2024;sábado;19:10:00;RS;116;114,5;SAO MARCOS;Acessar a via sem observar a presença dos outros veículos;Colisão frontal;Sem Vítimas;Plena Noite;Crescente;Nublado;Simples;"Aclive;Reta";Sim;4;0;0;0;3;1;0;2;-28,96711;-51,073615;SPRF-RS;DEL05-RS;UOP01-DEL05-RS
601423;18/05/2024;sábado;20:40:00;RS;392;352;SANTA MARIA;Acessar a via sem observar a presença dos outros veículos;Colisão transversal;Com Vítimas Feridas;Plena Noite;Crescente;Céu Claro;Dupla;"Interseção de Vias;Em Obras;Reta";Sim;2;0;1;0;1;0;1;2;-29,720404;-53,807632;SPRF-RS;DEL09-RS;UOP01-DEL09-RS
601424;18/05/2024;sábado;19:30:00;MG;116;807,4;ALEM PARAIBA;Reação tardia ou ineficiente do condutor;Tombamento;Com Vítimas Feridas;Plena Noite;Decrescente;Céu Claro;Simples;Curva;Não;2;0;2;0;0;0;2;1;-21,81917799;-42,68924498;SPRF-MG;DEL07-MG;UOP01-DEL07-MG
601426;18/05/2024;sábado;20:40:00;SC;101;344;TUBARAO;Reação tardia ou ineficiente do condutor;Saída de leito carroçável;Com Vítimas Feridas;Plena Noite;Decrescente;Chuva;Dupla;Reta;Não;2;0;1;0;1;0;1;1;-28,53647889;-49,0531826;SPRF-SC;DEL02-SC;UOP01-DEL02-SC
601427;18/05/2024;sábado;18:45:00;MA;10;248,9;IMPERATRIZ;Acesso irregular;Atropelamento de Pedestre;Com Vítimas Fatais;Anoitecer;Crescente;Céu Claro;Dupla;"Em Obras;Reta";Sim;5;1;0;0;4;0;0;2;-5,55884859;-47,45395303;SPRF-MA;DEL04-MA;UOP01-DEL04-MA
601429;18/05/2024;sábado;21:00:00;PR;116;39,4;CAMPINA GRANDE DO SUL;Velocidade Incompatível;Saída de leito carroçável;Com Vítimas Feridas;Plena Noite;Crescente;Garoa/Chuvisco;Dupla;Curva;Não;2;0;1;0;1;0;1;1;-25,156168;-48,8613401;SPRF-PR;DEL01-PR;UOP02-DEL01-PR
601430;18/05/2024;sábado;21:34:00;PB;230;52,1;SANTA RITA;Demais falhas mecânicas ou elétricas;Queda de ocupante de veículo;Com Vítimas Feridas;Plena Noite;Crescente;Céu Claro;Dupla;Reta;Não;1;0;1;0;0;0;1;1;-7,1951;-35,0691;SPRF-PB;DEL01-PB;UOP03-DEL01-PB
601431;18/05/2024;sábado;19:00:00;SC;480;126;CHAPECO;Ingestão de álcool pelo condutor;Colisão traseira;Com Vítimas Feridas;Plena Noite;Crescente;Chuva;Dupla;"Declive;Reta";Sim;2;0;1;0;0;1;1;2;-27,020083;-52,636024;SPRF-SC;DEL07-SC;UOP01-DEL07-SC
601432;18/05/2024;sábado;21:30:00;ES;262;18,5;VIANA;Entrada inopinada do pedestre;Atropelamento de Pedestre;Com Vítimas Feridas;Plena Noite;Decrescente;Céu Claro;Simples;Reta;Sim;4;0;0;1;2;1;1;2;-20,39137228;-40,48080285;SPRF-ES;DEL01-ES;UOP01-DEL01-ES
601435;18/05/2024;sábado;17:21:00;MT;70;504;CUIABA;Acesso irregular;Queda de ocupante de veículo;Com Vítimas Feridas;Anoitecer;Decrescente;Céu Claro;Simples;Reta;Sim;1;0;1;0;0;0;1;1;-15,66785604;-55,9564296;SPRF-MT;DEL01-MT;UOP02-DEL01-MT
601436;18/05/2024;sábado;21:10:00;SC;101;151;ITAPEMA;Ingestão de álcool pelo condutor;Colisão traseira;Com Vítimas Feridas;Plena Noite;Decrescente;Chuva;Dupla;Reta;Sim;2;0;1;0;1;0;1;2;-27,126536;-48,609642;SPRF-SC;DEL04-SC;UOP03-DEL04-SC
601437;18/05/2024;sábado;21:20:00;RJ;116;112;GUAPIMIRIM;Acumulo de óleo sobre o pavimento;Tombamento;Com Vítimas Feridas;Plena Noite;Decrescente;Céu Claro;Simples;Reta;Sim;1;0;1;0;0;0;1;1;-22,56577893;-43,00041209;SPRF-RJ;DEL04-RJ;UOP02-DEL04-RJ
601439;18/05/2024;sábado;18:30:00;BA;116;327;ARACI;Ingestão de álcool pelo condutor;Colisão lateral sentido oposto;Com Vítimas Fatais;Plena Noite;Crescente;Nublado;Simples;Reta;Não;2;1;0;0;1;0;0;2;-11,39171494;-38,9670854;SPRF-BA;DEL02-BA;UOP01-DEL02-BA
601440;18/05/2024;sábado;18:15:00;MT;0;0;PRIMAVERA DO LESTE;Frear bruscamente;Colisão traseira;Com Vítimas Feridas;Plena Noite;Não Informado;Céu Claro;Simples;Reta;Sim;3;0;1;0;2;0;1;2;-15,56328451;-54,29845476;SPRF-MT;DEL05-MT;UOP01-DEL05-MT
601441;18/05/2024;sábado;21:45:00;RN;110;36,8;MOSSORO;Animais na Pista;Atropelamento de Animal;Sem Vítimas;Plena Noite;Decrescente;Nublado;Simples;Reta;Não;1;0;0;0;1;0;0;1;-5,16906849;-37,24406004;SPRF-RN;DEL04-RN;UOP01-DEL04-RN
601442;18/05/2024;sábado;22:00:00;DF;70;12;BRASILIA;Reação tardia ou ineficiente do condutor;Saída de leito carroçável;Com Vítimas Feridas;Plena Noite;Decrescente;Céu Claro;Dupla;Reta;Sim;3;0;1;0;2;0;1;1;-15,792243;-48,158543;SPRF-DF;DEL03-DF;UOP02-DEL03-DF
601443;18/05/2024;sábado;21:20:00;SC;101;138;ITAPEMA;Velocidade Incompatível;Capotamento;Com Vítimas Feridas;Pleno dia;Decrescente;Chuva;Dupla;Curva;Sim;2;0;1;0;1;0;1;2;-27,02397426;-48,60761649;SPRF-SC;DEL04-SC;UOP03-DEL04-SC
601444;18/05/2024;sábado;20:20:00;AL;316;198,2;MARIBONDO;Demais falhas mecânicas ou elétricas;Incêndio;Sem Vítimas;Plena Noite;Decrescente;Chuva;Simples;Reta;Não;1;0;0;0;1;0;0;1;-9,57581486;-36,34238194;SPRF-AL;DEL03-AL;UOP01-DEL03-AL
601445;18/05/2024;sábado;20:25:00;BA;101;541;SAO JOSE DA VITORIA;Condutor deixou de manter distância do veículo da frente;Colisão traseira;Sem Vítimas;Plena Noite;Crescente;Céu Claro;Simples;Reta;Sim;3;0;0;0;3;0;0;2;-15,083619;-39,34066;SPRF-BA;DEL05-BA;UOP01-DEL05-BA
601446;18/05/2024;sábado;22:15:00;RN;304;23,7;MOSSORO;Condutor usando celular;Colisão frontal;Com Vítimas Fatais;Plena Noite;Crescente;Céu Claro;Simples;Reta;Não;2;1;0;1;0;0;1;2;-5,05709057;-37,33749036;SPRF-RN;DEL04-RN;UOP02-DEL04-RN
601447;18/05/2024;sábado;20:30:00;MA;316;610;TIMON;Ausência de reação do condutor;Colisão lateral sentido oposto;Com Vítimas Feridas;Plena Noite;Crescente;Céu Claro;Simples;Reta;Não;2;0;1;0;1;0;1;2;-5,069847;-42,876633;SPRF-MA;DEL03-MA;UOP02-DEL03-MA
601448;18/05/2024;sábado;19:20:00;RJ;40;112;DUQUE DE CAXIAS;Manobra de mudança de faixa;Colisão lateral mesmo sentido;Com Vítimas Feridas;Plena Noite;Decrescente;Céu Claro;Múltipla;"Viaduto;Declive;Reta";Sim;3;0;2;0;0;1;2;2;-22,7004454;-43,29014851;SPRF-RJ;DEL01-RJ;UOP02-DEL01-RJ
601449;18/05/2024;sábado;21:00:00;MG;267;35;ARGIRITA;Ausência de reação do condutor;Saída de leito carroçável;Com Vítimas Feridas;Plena Noite;Crescente;Céu Claro;Simples;Curva;Não;1;0;1;0;0;0;1;1;-21,65647711;-42,8702409;SPRF-MG;DEL07-MG;UOP01-DEL07-MG
601450;18/05/2024;sábado;21:20:00;SC;101;320;PESCARIA BRAVA;Ingestão de álcool pelo condutor;Capotamento;Com Vítimas Feridas;Plena Noite;Crescente;Chuva;Dupla;Reta;Não;4;0;1;0;3;0;1;1;-28,42800492;-48,88171497;SPRF-SC;DEL02-SC;UOP01-DEL02-SC
601451;18/05/2024;sábado;22:10:00;PR;153;11;JACAREZINHO;Animais na Pista;Atropelamento de Animal;Com Vítimas Feridas;Plena Noite;Decrescente;Céu Claro;Simples;Reta;Não;1;0;1;0;0;0;1;1;-23,08444598;-49,93636609;SPRF-PR;DEL07-PR;UOP04-DEL07-PR
601452;18/05/2024;sábado;20:10:00;PI;230;193;OEIRAS;Transitar na contramão;Colisão frontal;Com Vítimas Feridas;Plena Noite;Crescente;Céu Claro;Simples;Reta;Não;3;0;2;0;1;0;2;3;-6,99024993;-42,09712204;SPRF-PI;DEL04-PI;UOP01-DEL04-PI
601453;18/05/2024;sábado;23:30:00;SP;116;216;GUARULHOS;Entrada inopinada do pedestre;Atropelamento de Pedestre;Com Vítimas Feridas;Plena Noite;Crescente;Céu Claro;Múltipla;Reta;Sim;2;0;0;1;0;1;1;2;-23,44695693;-46,45394103;SPRF-SP;DEL01-SP;UOP01-DEL01-SP
601455;18/05/2024;sábado;23:05:00;PE;101;48;ABREU E LIMA;Condutor deixou de manter distância do veículo da frente;Colisão traseira;Sem Vítimas;Plena Noite;Crescente;Céu Claro;Dupla;Reta;Sim;2;0;0;0;1;1;0;2;-7,89174705;-34,9033493;SPRF-PE;DEL01-PE;UOP02-DEL01-PE
601456;18/05/2024;sábado;23:30:00;SE;235;45;ITABAIANA;Ingestão de álcool pelo condutor;Tombamento;Com Vítimas Feridas;Plena Noite;Decrescente;Nublado;Simples;Reta;Não;4;0;3;1;0;0;4;2;-10,746924;-37,399899;SPRF-SE;DEL01-SE;UOP02-DEL01-SE
601457;18/05/2024;sábado;21:20:00;SP;116;223;GUARULHOS;Ultrapassagem Indevida;Colisão lateral mesmo sentido;Sem Vítimas;Plena Noite;Decrescente;Céu Claro;Múltipla;Reta;Sim;3;0;0;0;3;0;0;3;-23,47559815;-46,5246609;SPRF-SP;DEL01-SP;UOP01-DEL01-SP
601458;18/05/2024;sábado;21:40:00;MG;262;72;MATIPO;Ingestão de álcool pelo condutor;Tombamento;Com Vítimas Feridas;Plena Noite;Crescente;Céu Claro;Simples;Reta;Não;3;0;2;0;0;1;2;2;-20,31052475;-42,31517791;SPRF-MG;DEL06-MG;UOP03-DEL06-MG
601459;18/05/2024;sábado;21:00:00;CE;230;46;LAVRAS DA MANGABEIRA;Objeto estático sobre o leito carroçável;Colisão traseira;Com Vítimas Feridas;Plena Noite;Crescente;Céu Claro;Simples;Curva;Não;2;0;1;0;1;0;1;2;-6,76838187;-39,01241399;SPRF-CE;DEL05-CE;UOP01-DEL05-CE
601460;19/05/2024;domingo;00:05:00;AP;156;816;OIAPOQUE;Acumulo de água sobre o pavimento;Colisão lateral sentido oposto;Com Vítimas Feridas;Plena Noite;Crescente;Chuva;Simples;Reta;Sim;2;0;1;0;1;0;1;2;3,83710771;-51,81349754;SPRF-AP;DEL01-AP;UOP03-DEL01-AP
601462;18/05/2024;sábado;23:00:00;RJ;101;68;CAMPOS DOS GOYTACAZES;Ausência de reação do condutor;Colisão lateral sentido oposto;Sem Vítimas;Plena Noite;Decrescente;Céu Claro;Simples;Reta;Sim;4;0;0;0;3;1;0;3;-21,77186768;-41,35705017;SPRF-RJ;DEL08-RJ;UOP02-DEL08-RJ
601465;18/05/2024;sábado;23:45:00;SP;153;66;SAO JOSE DO RIO PRETO;Reação tardia ou ineficiente do condutor;Saída de leito carroçável;Sem Vítimas;Plena Noite;Crescente;Céu Claro;Dupla;Reta;Sim;1;0;0;0;0;1;0;1;-20,84208514;-49,37074279;SPRF-SP;DEL09-SP;UOP01-DEL09-SP
601466;18/05/2024;sábado;23:43:00;MG;40;545,5;NOVA LIMA;Objeto estático sobre o leito carroçável;Queda de ocupante de veículo;Com Vítimas Feridas;Plena Noite;Crescente;Céu Claro;Dupla;"Reta;Viaduto";Não;3;0;0;1;2;0;1;3;-20,01229469;-43,96746419;SPRF-MG;DEL01-MG;UOP02-DEL01-MG
601467;19/05/2024;domingo;00:10:00;ES;101;322,1;GUARAPARI;Mal súbito do condutor;Colisão com objeto;Com Vítimas Feridas;Plena Noite;Crescente;Céu Claro;Simples;"Aclive;Reta";Não;2;0;0;1;1;0;1;2;-20,52834469;-40,48236575;SPRF-ES;DEL03-ES;UOP01-DEL03-ES
601468;18/05/2024;sábado;23:40:00;SC;101;432,1;SOMBRIO;Ingestão de álcool pelo condutor;Saída de leito carroçável;Sem Vítimas;Plena Noite;Decrescente;Chuva;Múltipla;"Reta;Interseção de Vias";Sim;1;0;0;0;1;0;0;1;-29,07931336;-49,62867737;SPRF-SC;DEL02-SC;UOP02-DEL02-SC
601472;18/05/2024;sábado;21:40:00;MT;70;402;CAMPO VERDE;Reação tardia ou ineficiente do condutor;Colisão frontal;Com Vítimas Fatais;Plena Noite;Decrescente;Nublado;Simples;Curva;Não;3;2;0;0;1;0;0;2;-15,65874361;-55,23017701;SPRF-MT;DEL05-MT;UOP02-DEL05-MT
601473;19/05/2024;domingo;02:05:00;CE;222;2,5;FORTALEZA;Condutor desrespeitou a iluminação vermelha do semáforo;Colisão transversal;Com Vítimas Feridas;Plena Noite;Crescente;Céu Claro;Simples;Reta;Sim;5;0;0;3;1;1;3;2;-3,73911117;-38,58687498;SPRF-CE;DEL01-CE;UOP01-DEL01-CE
601474;18/05/2024;sábado;22:20:00;MS;163;582;BANDEIRANTES;Ingestão de álcool pelo condutor;Saída de leito carroçável;Sem Vítimas;Plena Noite;Crescente;Céu Claro;Múltipla;Reta;Não;1;0;0;0;1;0;0;1;-19,63055621;-54,37370329;SPRF-MS;DEL06-MS;UOP02-DEL06-MS
601475;19/05/2024;domingo;01:40:00;PE;232;57;POMBOS;Transitar na contramão;Colisão frontal;Com Vítimas Fatais;Plena Noite;Crescente;Céu Claro;Dupla;Reta;Sim;2;2;0;0;0;0;0;2;-8,14286;-35,38588;SPRF-PE;DEL02-PE;UOP02-DEL02PE
601479;19/05/2024;domingo;01:50:00;PB;101;96,1;CONDE;Ausência de reação do condutor;Tombamento;Com Vítimas Feridas;Plena Noite;Crescente;Nublado;Dupla;Reta;Não;2;0;2;0;0;0;2;1;-7,230921;-34,921149;SPRF-PB;DEL01-PB;UOP02-DEL01-PB
601480;19/05/2024;domingo;01:45:00;PR;153;345,5;REBOUCAS;Ausência de reação do condutor;Saída de leito carroçável;Sem Vítimas;Plena Noite;Crescente;Chuva;Simples;Curva;Não;1;0;0;0;1;0;0;1;-25,58361765;-50,68324417;SPRF-PR;DEL08-PR;UOP02-DEL08-PR
601481;19/05/2024;domingo;01:10:00;RJ;465;7;SEROPEDICA;Suicídio (presumido);Atropelamento de Pedestre;Com Vítimas Fatais;Plena Noite;Decrescente;Céu Claro;Simples;Reta;Não;2;1;0;0;1;0;0;2;-22,761377;-43,686352;SPRF-RJ;DEL06-RJ;UOP02-DEL06-RJ
601482;19/05/2024;domingo;02:30:00;PR;116;122,4;CURITIBA;Ausência de reação do condutor;Colisão com objeto;Sem Vítimas;Plena Noite;Crescente;Garoa/Chuvisco;Dupla;Curva;Não;1;0;0;0;0;1;0;1;-25,61316397;-49,31865692;SPRF-PR;DEL01-PR;UOP03-DEL01-PR
601483;19/05/2024;domingo;02:00:00;PE;423;42;CACHOEIRINHA;Manobra de mudança de faixa;Colisão transversal;Com Vítimas Feridas;Plena Noite;Crescente;Chuva;Simples;Curva;Não;3;0;3;0;0;0;3;2;-8,50232809;-36,24737263;SPRF-PE;DEL03-PE;UOP01-DEL03-PE
601484;19/05/2024;domingo;01:00:00;RO;364;717;PORTO VELHO;Demais falhas mecânicas ou elétricas;Incêndio;Sem Vítimas;Plena Noite;Crescente;Nublado;Dupla;Reta;Não;1;0;0;0;0;1;0;1;-8,80052307;-63,91293705;SPRF-RO;DEL01-RO;UOP01-DEL01-RO
601485;19/05/2024;domingo;03:15:00;ES;101;144,3;LINHARES;Ausência de reação do condutor;Saída de leito carroçável;Com Vítimas Feridas;Plena Noite;Crescente;Céu Claro;Dupla;Curva;Não;2;0;1;0;0;1;1;1;-19,35188295;-40,0636685;SPRF-ES;DEL04-ES;UOP01-DEL04-ES