id;data_inversa;dia_semana;horario;uf;br;km;municipio;causa_acidente;tipo_acidente;classificacao_acidente;fase_dia;sentido_via;condicao_metereologica;tipo_pista;tracado_via;uso_solo;pessoas;mortos;feridos_leves;feridos_graves;ilesos;ignorados;feridos;veiculos;latitude;longitude;regional;delegacia;uop
601602;19/05/2024;domingo;15:25:00;DF;70;13,4;BRASILIA;Ultrapassagem Indevida;Colisão lateral mesmo sentido;Sem Vítimas;Pleno dia;Decrescente;Céu Claro;Dupla;Reta;Não;3;0;0;0;2;1;0;3;-15,794558;-48,166584;SPRF-DF;DEL03-DF;UOP02-DEL03-DF
601603;19/05/2024;domingo;15:30:00;TO;242;429;FORMOSO DO ARAGUAIA;Manobra de mudança de faixa;Saída de leito carroçável;Sem Vítimas;Pleno dia;Crescente;Céu Claro;Simples;Reta;Não;1;0;0;0;0;1;0;1;-11,89503108;-49,34302618;SPRF-TO;DEL01-TO;UOP02-DEL01-TO
601604;19/05/2024;domingo;03:45:00;PA;10;7,5;DOM ELISEU;Ingestão de álcool pelo condutor;Colisão com objeto;Com Vítimas Fatais;Plena Noite;Crescente;Nublado;Simples;"Reta;Ponte";Não;3;1;1;0;1;0;1;3;-4,38439306;-47,53529121;SPRF-PA;DEL02-PA;UOP02-DEL02-PA
601606;19/05/2024;domingo;09:30:00;MS;60;143;CAMAPUA;Demais falhas mecânicas ou elétricas;Incêndio;Sem Vítimas;Pleno dia;Decrescente;Céu Claro;Simples;Reta;Não;3;0;0;0;3;0;0;1;-19,38799724;-53,60014593;SPRF-MS;DEL06-MS;UOP02-DEL06-MS
601607;19/05/2024;domingo;15:00:00;PE;232;113,4;BEZERROS;Mal súbito do condutor;Colisão traseira;Com Vítimas Feridas;Pleno dia;Crescente;Chuva;Dupla;Reta;Sim;2;0;1;0;1;0;1;2;-8,29729696;-35,83146101;SPRF-PE;DEL02-PE;UOP02-DEL02PE
601610;19/05/2024;domingo;12:20:00;MS;487;102,7;ITAQUIRAI;Ausência de reação do condutor;Saída de leito carroçável;Com Vítimas Feridas;Pleno dia;Decrescente;Céu Claro;Simples;Reta;Não;2;0;0;2;0;0;2;1;-23,23423627;-54,02980896;SPRF-MS;DEL09-MS;UOP01-DEL09-MS
601611;19/05/2024;domingo;15:30:00;SC;282;24;SANTO AMARO DA IMPERATRIZ;Ingestão de álcool pelo condutor;Colisão traseira;Sem Vítimas;Pleno dia;Decrescente;Garoa/Chuvisco;Simples;"Reta;Viaduto";Não;2;0;0;0;2;0;0;2;-27,68268;-48,744614;SPRF-SC;DEL01-SC;UOP03-DEL01-SC
601612;19/05/2024;domingo;12:50:00;MS;60;414;SIDROLANDIA;Acessar a via sem observar a presença dos outros veículos;Colisão transversal;Com Vítimas Feridas;Pleno dia;Crescente;Céu Claro;Simples;"Reta;Interseção de Vias";Não;3;0;0;2;1;0;2;2;-20,89554922;-54,86568024;SPRF-MS;DEL01-MS;UOP04-DEL01-MS
601613;19/05/2024;domingo;15:15:00;MG;381;0,5;BETIM;Trafegar com motocicleta (ou similar) entre as faixas;Colisão lateral mesmo sentido;Com Vítimas Feridas;Pleno dia;Decrescente;Céu Claro;Dupla;"Aclive;Reta";Não;4;0;2;0;1;1;2;3;-19,96477109;-44,15841144;SPRF-MG;DEL01-MG;UOP03-DEL01-MG
601615;19/05/2024;domingo;16:35:00;SC;101;24,9;JOINVILLE;Demais falhas mecânicas ou elétricas;Colisão traseira;Com Vítimas Feridas;Pleno dia;Decrescente;Garoa/Chuvisco;Dupla;"Interseção de Vias;Reta";Não;2;0;1;0;1;0;1;2;-26,1834739;-48,9105912;SPRF-SC;DEL03-SC;UOP01-DEL03-SC
601617;19/05/2024;domingo;15:40:00;RN;304;39,7;MOSSORO;Manobra de mudança de faixa;Colisão lateral mesmo sentido;Com Vítimas Feridas;Pleno dia;Decrescente;Céu Claro;Dupla;Curva;Não;2;0;1;0;1;0;1;2;-5,18846685;-37,37410298;SPRF-RN;DEL04-RN;UOP02-DEL04-RN
601618;19/05/2024;domingo;17:09:00;ES;101;110,7;SOORETAMA;Condutor deixou de manter distância do veículo da frente;Colisão traseira;Com Vítimas Feridas;Anoitecer;Crescente;Céu Claro;Simples;Aclive;Não;3;0;2;0;1;0;2;2;-19,06215201;-40,03484798;SPRF-ES;DEL04-ES;UOP01-DEL04-ES
601619;19/05/2024;domingo;16:47:00;PB;230;105,5;MOGEIRO;Velocidade Incompatível;Saída de leito carroçável;Com Vítimas Feridas;Anoitecer;Decrescente;Chuva;Dupla;"Curva;Retorno Regulamentado";Não;4;0;1;0;3;0;1;1;-7,20465279;-35,53729534;SPRF-PB;DEL01-PB;UOP03-DEL01-PB
601620;19/05/2024;domingo;16:45:00;PR;369;134,2;IBIPORA;Chuva;Saída de leito carroçável;Com Vítimas Feridas;Pleno dia;Decrescente;Chuva;Simples;Curva;Não;1;0;1;0;0;0;1;1;-23,262163;-51,022314;SPRF-PR;DEL07-PR;UOP01-DEL07-PR
601623;19/05/2024;domingo;17:00:00;RN;406;169,7;SAO GONCALO DO AMARANTE;Manobra de mudança de faixa;Colisão lateral mesmo sentido;Sem Vítimas;Anoitecer;Crescente;Céu Claro;Dupla;Declive;Não;2;0;0;0;1;1;0;2;-5,75570118;-35,30728507;SPRF-RN;DEL02-RN;UOP01-DEL02-RN
601624;19/05/2024;domingo;17:00:00;PR;369;110;URAI;Avarias e/ou desgaste excessivo no pneu;Capotamento;Com Vítimas Feridas;Anoitecer;Crescente;Chuva;Dupla;Curva;Não;4;0;4;0;0;0;4;1;-23,26937002;-50,80831289;SPRF-PR;DEL07-PR;UOP05-DEL07-PR
601627;19/05/2024;domingo;17:20:00;ES;101;145,1;LINHARES;Manobra de mudança de faixa;Colisão lateral mesmo sentido;Com Vítimas Feridas;Pleno dia;Decrescente;Céu Claro;Dupla;Reta;Não;3;0;2;0;1;0;2;2;-19,36089598;-40,06464018;SPRF-ES;DEL04-ES;UOP01-DEL04-ES
601628;19/05/2024;domingo;15:20:00;AM;174;1051;PRESIDENTE FIGUEIREDO;Participar de racha;Colisão frontal;Com Vítimas Fatais;Pleno dia;Decrescente;Nublado;Simples;Reta;Não;6;1;0;0;5;0;0;2;-1,57357301;-60,21932902;SPRF-AM;DEL01-AM;UOP02-DEL01-AM
601629;12/05/2024;domingo;06:00:00;RJ;493;19;MAGE;Reação tardia ou ineficiente do condutor;Tombamento;Com Vítimas Feridas;Pleno dia;Crescente;Céu Claro;Simples;Reta;Sim;2;0;1;1;0;0;2;1;-22,663741;-43,032653;SPRF-RJ;DEL04-RJ;UOP02-DEL04-RJ
601630;19/05/2024;domingo;15:20:00;BA;367;31;PORTO SEGURO;Condutor deixou de manter distância do veículo da frente;Colisão lateral mesmo sentido;Com Vítimas Feridas;Pleno dia;Crescente;Céu Claro;Simples;Reta;Sim;3;0;0;1;2;0;1;2;-16,41927431;-39,13551087;SPRF-BA;DEL09-BA;UOP03-DEL09-BA
601631;19/05/2024;domingo;17:43:00;MG;381;502,2;BETIM;Trafegar com motocicleta (ou similar) entre as faixas;Colisão lateral mesmo sentido;Com Vítimas Feridas;Plena Noite;Crescente;Céu Claro;Múltipla;Curva;Sim;2;0;1;0;1;0;1;2;-20,0187428;-44,2275176;SPRF-MG;DEL01-MG;UOP03-DEL01-MG
601632;19/05/2024;domingo;16:20:00;PI;316;3;TERESINA;Condutor desrespeitou a iluminação vermelha do semáforo;Colisão transversal;Com Vítimas Feridas;Pleno dia;Crescente;Céu Claro;Simples;"Interseção de Vias;Reta";Sim;3;0;2;0;1;0;2;2;-5,13575494;-42,78979182;SPRF-PI;DEL01-PI;UOP02-DEL01-PI
601633;19/05/2024;domingo;16:45:00;BA;235;350,4;JUAZEIRO;Acessar a via sem observar a presença dos outros veículos;Colisão transversal;Com Vítimas Feridas;Pleno dia;Decrescente;Céu Claro;Simples;Curva;Sim;2;0;0;1;0;1;1;2;-9,432406;-40,502537;SPRF-PE;DEL06-PE;UOP01-DEL06-PE
601634;19/05/2024;domingo;16:37:00;PE;408;27;TIMBAUBA;Ausência de reação do condutor;Atropelamento de Pedestre;Com Vítimas Fatais;Anoitecer;Decrescente;Nublado;Simples;"Reta;Declive";Não;3;1;1;1;0;0;2;2;-7,5940327;-35,24470263;SPRF-PE;DEL01-PE;UOP02-DEL01-PE
601635;19/05/2024;domingo;17:31:00;DF;20;13;BRASILIA;Condutor deixou de manter distância do veículo da frente;Colisão traseira;Sem Vítimas;Anoitecer;Crescente;Céu Claro;Dupla;"Reta;Declive";Sim;4;0;0;0;4;0;0;4;-15,638752;-47,749599;SPRF-DF;DEL02-DF;UOP01-DEL02-DF
601636;19/05/2024;domingo;17:20:00;MG;381;842,1;SAO SEBASTIAO DA BELA VISTA;Velocidade Incompatível;Colisão lateral mesmo sentido;Com Vítimas Feridas;Anoitecer;Decrescente;Céu Claro;Dupla;Reta;Sim;3;0;2;0;1;0;2;2;-22,21565425;-45,86960261;SPRF-MG;DEL16-MG;UOP01-DEL16-MG
601637;19/05/2024;domingo;18:00:00;AP;210;3;MACAPA;Transitar na contramão;Colisão frontal;Com Vítimas Feridas;Plena Noite;Decrescente;Nublado;Simples;Reta;Sim;3;0;2;0;1;0;2;2;0,08723365;-51,08569007;SPRF-AP;DEL01-AP;UOP01-DEL01-AP
601638;19/05/2024;domingo;18:00:00;SP;116;91,4;PINDAMONHANGABA;Demais falhas mecânicas ou elétricas;Queda de ocupante de veículo;Com Vítimas Feridas;Anoitecer;Crescente;Céu Claro;Dupla;Reta;Sim;2;0;2;0;0;0;2;1;-22,94792286;-45,39587407;SPRF-SP;DEL08-SP;UOP01-DEL08-SP
601639;19/05/2024;domingo;17:50:00;ES;101;55,2;SAO MATEUS;Condutor deixou de manter distância do veículo da frente;Colisão traseira;Com Vítimas Feridas;Anoitecer;Crescente;Céu Claro;Simples;Reta;Não;3;0;1;0;2;0;1;2;-18,62936998;-39,87925794;SPRF-ES;DEL04-ES;UOP02-DEL04-ES
601640;19/05/2024;domingo;10:00:00;MG;365;137;VARZEA DA PALMA;Condutor Dormindo;Saída de leito carroçável;Com Vítimas Feridas;Pleno dia;Crescente;Céu Claro;Simples;Reta;Não;1;0;1;0;0;0;1;1;-17,19437015;-44,81892691;SPRF-MG;DEL12-MG;UOP01-DEL12-MG
601642;19/05/2024;domingo;18:00:00;GO;70;474;ARAGARCAS;Acessar a via sem observar a presença dos outros veículos;Colisão transversal;Com Vítimas Feridas;Anoitecer;Decrescente;Céu Claro;Dupla;Interseção de Vias;Sim;2;0;0;1;1;0;1;2;-15,89653908;-52,24376678;SPRF-GO;DEL04-GO;UOP02-DEL04-GO
601644;19/05/2024;domingo;15:45:00;PI;402;78,9;CAJUEIRO DA PRAIA;Reação tardia ou ineficiente do condutor;Colisão transversal;Sem Vítimas;Plena Noite;Decrescente;Nublado;Simples;Reta;Não;2;0;0;0;2;0;0;2;-3,0778768;-41,43570003;SPRF-PI;DEL05-PI;UOP01-DEL05-PI
601645;19/05/2024;domingo;18:45:00;SC;101;191;BIGUACU;Reação tardia ou ineficiente do condutor;Capotamento;Com Vítimas Feridas;Plena Noite;Crescente;Chuva;Múltipla;Curva;Sim;1;0;1;0;0;0;1;1;-27,47730273;-48,64127329;SPRF-SC;DEL01-SC;UOP01-DEL01-SC
601646;19/05/2024;domingo;14:00:00;SC;282;69,7;RANCHO QUEIMADO;Pista Escorregadia;Colisão frontal;Com Vítimas Fatais;Pleno dia;Crescente;Chuva;Simples;"Aclive;Curva";Não;4;2;1;0;1;0;1;3;-27,6941128;-49,0894815;SPRF-SC;DEL01-SC;UOP03-DEL01-SC
601647;19/05/2024;domingo;18:20:00;SP;116;140,9;SAO JOSE DOS CAMPOS;Condutor deixou de manter distância do veículo da frente;Colisão traseira;Com Vítimas Feridas;Plena Noite;Crescente;Céu Claro;Dupla;Reta;Sim;3;0;0;2;1;0;2;2;-23,16577714;-45,81246193;SPRF-SP;DEL02-SP;UOP01-DEL02-SP
601648;19/05/2024;domingo;16:45:00;PR;369;138;IBIPORA;Ausência de reação do condutor;Colisão com objeto;Com Vítimas Feridas;Plena Noite;Decrescente;Chuva;Simples;Reta;Sim;1;0;1;0;0;0;1;1;-23,27375592;-51,05561256;SPRF-PR;DEL07-PR;UOP01-DEL07-PR
601649;19/05/2024;domingo;18:00:00;BA;415;58;ITABUNA;Velocidade Incompatível;Colisão frontal;Com Vítimas Feridas;Plena Noite;Decrescente;Céu Claro;Simples;Curva;Não;6;0;0;2;4;0;2;2;-14,81574494;-39,29612388;SPRF-BA;DEL05-BA;UOP01-DEL05-BA
601651;19/05/2024;domingo;18:30:00;SC;282;5,5;SAO JOSE;Reação tardia ou ineficiente do condutor;Colisão traseira;Com Vítimas Feridas;Plena Noite;Decrescente;Chuva;Dupla;"Curva;Aclive";Sim;3;0;1;0;2;0;1;2;-27,588425;-48,612919;SPRF-SC;DEL01-SC;UOP01-DEL01-SC
601654;19/05/2024;domingo;19:15:00;RS;392;22,6;RIO GRANDE;Animais na Pista;Atropelamento de Animal;Com Vítimas Feridas;Plena Noite;Decrescente;Chuva;Dupla;"Viaduto;Reta;Declive";Não;3;0;1;0;2;0;1;2;-32,08904192;-52,21737499;SPRF-RS;DEL07-RS;UOP02-DEL07-RS
601655;19/05/2024;domingo;19:10:00;GO;40;8;LUZIANIA;Ausência de reação do condutor;Colisão traseira;Com Vítimas Feridas;Plena Noite;Crescente;Céu Claro;Dupla;Reta;Sim;5;0;1;0;4;0;1;2;-16,131285;-47,957923;SPRF-DF;DEL01-DF;UOP01-DEL01-DF
601656;19/05/2024;domingo;19:40:00;SP;116;193;ARUJA;Trafegar com motocicleta (ou similar) entre as faixas;Colisão lateral mesmo sentido;Com Vítimas Feridas;Plena Noite;Crescente;Nublado;Dupla;"Aclive;Reta";Não;2;0;1;0;1;0;1;2;-23,380407;-46,258509;SPRF-SP;DEL01-SP;UOP01-DEL01-SP
601657;19/05/2024;domingo;18:45:00;RN;101;121,3;SAO JOSE DE MIPIBU;Ingestão de álcool pelo condutor;Colisão com objeto;Com Vítimas Feridas;Plena Noite;Decrescente;Céu Claro;Dupla;Reta;Sim;1;0;1;0;0;0;1;1;-6,04338592;-35,24621873;SPRF-RN;DEL01-RN;UOP01-DEL01-RN
601659;19/05/2024;domingo;18:30:00;MG;262;196,5;JOAO MONLEVADE;Sinalização mal posicionada;Queda de ocupante de veículo;Com Vítimas Feridas;Plena Noite;Decrescente;Céu Claro;Simples;Curva;Não;2;0;1;0;1;0;1;1;-19,86091;-43,11725;SPRF-MG;DEL03-MG;UOP01-DEL03-MG
601660;19/05/2024;domingo;17:15:00;SC;282;53;AGUAS MORNAS;Pista Escorregadia;Colisão traseira;Com Vítimas Feridas;Anoitecer;Decrescente;Chuva;Simples;Curva;Não;2;0;0;1;1;0;1;2;-27,691511;-48,970215;SPRF-SC;DEL01-SC;UOP03-DEL01-SC
601661;19/05/2024;domingo;18:00:00;RO;364;5;VILHENA;Manobra de mudança de faixa;Queda de ocupante de veículo;Com Vítimas Feridas;Anoitecer;Decrescente;Nublado;Simples;Reta;Não;1;0;1;0;0;0;1;1;-12,7863749;-60,0898697;SPRF-RO;DEL04-RO;UOP01-DEL04-RO
601662;19/05/2024;domingo;19:15:00;ES;101;207,9;JOAO NEIVA;Reação tardia ou ineficiente do condutor;Tombamento;Com Vítimas Feridas;Plena Noite;Crescente;Céu Claro;Dupla;Reta;Não;1;0;1;0;0;0;1;1;-19,779758;-40,3719493;SPRF-ES;DEL02-ES;UOP01-DEL02-ES
601663;19/05/2024;domingo;19:30:00;PR;369;86;CORNELIO PROCOPIO;Acessar a via sem observar a presença dos outros veículos;Colisão transversal;Com Vítimas Feridas;Plena Noite;Crescente;Chuva;Simples;Interseção de Vias;Sim;3;0;1;0;2;0;1;2;-23,1738;-50,62022;SPRF-PR;DEL07-PR;UOP05-DEL07-PR
601664;19/05/2024;domingo;19:03:00;PI;343;315;ALTOS;Animais na Pista;Atropelamento de Animal;Com Vítimas Feridas;Plena Noite;Decrescente;Céu Claro;Simples;Reta;Não;1;0;1;0;0;0;1;1;-5,047249;-42,527164;SPRF-PI;DEL01-PI;UOP01-DEL01-PI
601665;19/05/2024;domingo;19:00:00;PA;316;80;SAO FRANCISCO DO PARA;Ausência de reação do condutor;Colisão traseira;Com Vítimas Feridas;Plena Noite;Crescente;Nublado;Simples;Reta;Não;2;0;0;1;1;0;1;2;-1,30406;-47,779755;SPRF-PA;DEL01-PA;UOP02-DEL01-PA
601666;19/05/2024;domingo;19:00:00;PR;376;391;IMBAU;Reação tardia ou ineficiente do condutor;Colisão com objeto;Com Vítimas Feridas;Plena Noite;Decrescente;Céu Claro;Dupla;"Declive;Curva";Não;4;0;2;0;2;0;2;1;-24,53023946;-50,69807528;SPRF-PR;DEL03-PR;UOP02-DEL03-PR
601668;19/05/2024;domingo;17:30:00;MG;116;515,1;UBAPORANGA;Ausência de reação do condutor;Saída de leito carroçável;Com Vítimas Feridas;Anoitecer;Crescente;Céu Claro;Simples;Curva;Não;2;0;1;0;1;0;1;1;-19,68778501;-42,11758577;SPRF-MG;DEL06-MG;UOP02-DEL06-MG
601669;19/05/2024;domingo;19:30:00;SC;282;600;CUNHA PORA;Ingestão de álcool pelo condutor;Queda de ocupante de veículo;Com Vítimas Feridas;Plena Noite;Crescente;Garoa/Chuvisco;Simples;Interseção de Vias;Não;1;0;1;0;0;0;1;1;-26,816374;-53,163918;SPRF-SC;DEL07-SC;UOP02-DEL07-SC
601670;19/05/2024;domingo;18:50:00;RS;116;120,1;SAO MARCOS;Reação tardia ou ineficiente do condutor;Capotamento;Com Vítimas Feridas;Plena Noite;Decrescente;Nevoeiro/Neblina;Dupla;Reta;Não;1;0;1;0;0;0;1;1;-29,00257991;-51,07844385;SPRF-RS;DEL05-RS;UOP01-DEL05-RS
601671;19/05/2024;domingo;20:14:00;PB;101;39,3;MAMANGUAPE;Transitar na contramão;Colisão frontal;Sem Vítimas;Plena Noite;Decrescente;Céu Claro;Simples;Reta;Sim;6;0;0;0;5;1;0;2;-6,82975098;-35,13756194;SPRF-PB;DEL01-PB;UOP04-DEL01-PB
601672;19/05/2024;domingo;20:15:00;RN;101;95;NATAL;Manobra de mudança de faixa;Colisão lateral mesmo sentido;Com Vítimas Feridas;Plena Noite;Decrescente;Céu Claro;Dupla;Reta;Sim;3;0;1;0;2;0;1;2;-5,84076841;-35,21035949;SPRF-RN;DEL01-RN;UOP01-DEL01-RN
601673;19/05/2024;domingo;20:45:00;RN;405;2;MOSSORO;Condutor deixou de manter distância do veículo da frente;Colisão traseira;Com Vítimas Feridas;Plena Noite;Crescente;Céu Claro;Dupla;Reta;Não;2;0;1;0;1;0;1;2;-5,19282682;-37,37112402;SPRF-RN;DEL04-RN;UOP02-DEL04-RN
601675;19/05/2024;domingo;17:35:00;PR;467;107;CASCAVEL;Ausência de reação do condutor;Saída de leito carroçável;Com Vítimas Feridas;Anoitecer;Decrescente;Garoa/Chuvisco;Dupla;Reta;Não;2;0;2;0;0;0;2;1;-24,922;-53,47;SPRF-PR;DEL04-PR;UOP01-DEL04-PR
601679;19/05/2024;domingo;17:15:00;SC;470;167,7;POUSO REDONDO;Ausência de reação do condutor;Saída de leito carroçável;Com Vítimas Fatais;Anoitecer;Crescente;Garoa/Chuvisco;Dupla;"Aclive;Reta";Não;1;1;0;0;0;0;0;1;-27,2679014;-49,867594;SPRF-SC;DEL04-SC;UOP02-DEL04-SC
601680;19/05/2024;domingo;17:25:00;RS;116;155;CAXIAS DO SUL;Neblina;Colisão frontal;Com Vítimas Feridas;Anoitecer;Crescente;Nevoeiro/Neblina;Dupla;Reta;Sim;4;0;3;0;1;0;3;2;-29,20053556;-51,1762476;SPRF-RS;DEL05-RS;UOP01-DEL05-RS
601681;19/05/2024;domingo;18:30:00;MT;163;1078;GUARANTA DO NORTE;Ingestão de álcool pelo condutor;Saída de leito carroçável;Sem Vítimas;Plena Noite;Crescente;Céu Claro;Simples;Reta;Não;1;0;0;0;1;0;0;1;-9,97126615;-54,90544777;SPRF-MT;DEL06-MT;UOP03-DEL06-MT
601683;19/05/2024;domingo;21:05:00;SC;280;30;ARAQUARI;Acessar a via sem observar a presença dos outros veículos;Colisão transversal;Com Vítimas Feridas;Plena Noite;Crescente;Garoa/Chuvisco;Simples;Reta;Sim;1;0;1;0;0;0;1;1;-26,4141523;-48,76209493;SPRF-SC;DEL03-SC;UOP03-DEL03-SC
601685;19/05/2024;domingo;21:40:00;MG;40;661;CARANDAI;Ausência de reação do condutor;Saída de leito carroçável;Com Vítimas Feridas;Plena Noite;Decrescente;Céu Claro;Simples;Curva;Não;1;0;0;1;0;0;1;1;-20,90511396;-43,82787922;SPRF-MG;DEL05-MG;UOP02-DEL05-MG
601686;19/05/2024;domingo;21:00:00;RN;101;78,8;NATAL;Ingestão de álcool pelo condutor;Saída de leito carroçável;Sem Vítimas;Plena Noite;Decrescente;Nublado;Dupla;"Retorno Regulamentado;Reta";Não;1;0;0;0;1;0;0;1;-5,74071896;-35,29021064;SPRF-RN;DEL02-RN;UOP01-DEL02-RN
601687;19/05/2024;domingo;18:55:00;RJ;101;51;CAMPOS DOS GOYTACAZES;Transitar no Acostamento;Tombamento;Com Vítimas Feridas;Plena Noite;Crescente;Nublado;Simples;"Reta;Declive";Não;1;0;1;0;0;0;1;1;-21,64273198;-41,31170082;SPRF-RJ;DEL08-RJ;UOP01-DEL08-RJ
601688;19/05/2024;domingo;21:40:00;BA;135;168;BARREIRAS;Acesso irregular;Colisão frontal;Com Vítimas Feridas;Plena Noite;Crescente;Céu Claro;Simples;Reta;Não;2;0;0;1;0;1;1;2;-12,07296299;-44,96722177;SPRF-BA;DEL08-BA;N/A
601689;19/05/2024;domingo;21:18:00;PR;116;3,1;CAMPINA GRANDE DO SUL;Ausência de reação do condutor;Colisão traseira;Com Vítimas Feridas;Plena Noite;Crescente;Nublado;Dupla;"Reta;Aclive";Não;4;0;2;0;1;1;2;2;-25,3593;-49,0744;SPRF-PR;DEL01-PR;UOP02-DEL01-PR
601691;19/05/2024;domingo;18:30:00;BA;324;438;RIACHAO DO JACUIPE;Ingestão de álcool pelo condutor;Colisão lateral mesmo sentido;Com Vítimas Feridas;Plena Noite;Crescente;Céu Claro;Simples;Reta;Sim;2;0;0;1;0;1;1;2;-11,80627736;-39,39047677;SPRF-BA;DEL04-BA;UOP02-DEL04-BA
601693;19/05/2024;domingo;20:50:00;PR;277;296;PRUDENTOPOLIS;Reação tardia ou ineficiente do condutor;Saída de leito carroçável;Sem Vítimas;Plena Noite;Crescente;Céu Claro;Simples;Reta;Não;1;0;0;0;1;0;0;1;-25,31539475;-51,05956598;SPRF-PR;DEL08-PR;UOP02-DEL08-PR
601694;19/05/2024;domingo;19:25:00;RO;435;61;VILHENA;Reação tardia ou ineficiente do condutor;Colisão lateral sentido oposto;Sem Vítimas;Plena Noite;Crescente;Ignorado;Simples;Reta;Não;2;0;0;0;2;0;0;2;-13,05503677;-60,39721265;SPRF-RO;DEL04-RO;UOP02-DEL04-RO
601695;19/05/2024;domingo;20:55:00;SC;101;4,9;ARARANGUA;Desrespeitar a preferência no cruzamento;Colisão traseira;Com Vítimas Feridas;Plena Noite;Decrescente;Garoa/Chuvisco;Simples;Rotatória;Não;2;0;0;1;0;1;1;2;-28,95828632;-49,51400757;SPRF-SC;DEL02-SC;UOP02-DEL02-SC
601697;19/05/2024;domingo;22:15:00;SP;153;118;UBARANA;Animais na Pista;Atropelamento de Animal;Com Vítimas Fatais;Plena Noite;Crescente;Céu Claro;Simples;Reta;Sim;2;1;1;0;0;0;1;1;-21,1538981;-49,70707078;SPRF-SP;DEL09-SP;UOP01-DEL09-SP
601699;19/05/2024;domingo;22:00:00;PR;277;611;SANTA TEREZA DO OESTE;Acessar a via sem observar a presença dos outros veículos;Colisão transversal;Com Vítimas Feridas;Plena Noite;Crescente;Nevoeiro/Neblina;Simples;"Reta;Rotatória";Sim;3;0;2;0;1;0;2;2;-25,05215123;-53,63184497;SPRF-PR;DEL05-PR;UOP02-DEL05-PR
601700;19/05/2024;domingo;19:00:00;RJ;465;14;SEROPEDICA;Reação tardia ou ineficiente do condutor;Colisão transversal;Com Vítimas Feridas;Plena Noite;Crescente;Céu Claro;Simples;Reta;Sim;2;0;1;0;1;0;1;2;-22,804979;-43,638828;SPRF-RJ;DEL06-RJ;UOP02-DEL06-RJ
601702;19/05/2024;domingo;22:30:00;SP;116;546;BARRA DO TURVO;Pista Escorregadia;Saída de leito carroçável;Sem Vítimas;Plena Noite;Crescente;Garoa/Chuvisco;Múltipla;"Curva;Declive";Não;1;0;0;0;1;0;0;1;-24,9470862;-48,43042095;SPRF-SP;DEL05-SP;UOP02-DEL05-SP
601703;19/05/2024;domingo;22:30:00;SC;101;352;JAGUARUNA;Ingestão de álcool pelo condutor;Saída de leito carroçável;Sem Vítimas;Plena Noite;Crescente;Garoa/Chuvisco;Múltipla;Curva;Não;1;0;0;0;1;0;0;1;-28,60489869;-49,05593332;SPRF-SC;DEL02-SC;UOP01-DEL02-SC
601704;19/05/2024;domingo;21:40:00;MT;364;204,7;RONDONOPOLIS;Reação tardia ou ineficiente do condutor;Queda de ocupante de veículo;Com Vítimas Feridas;Plena Noite;Crescente;Nevoeiro/Neblina;Dupla;Reta;Sim;3;0;2;0;1;0;2;3;-16,46006036;-54,66058731;SPRF-MT;DEL02-MT;UOP01-DEL02-MT
601705;19/05/2024;domingo;21:50:00;GO;153;82;PORANGATU;Demais falhas mecânicas ou elétricas;Queda de ocupante de veículo;Com Vítimas Feridas;Plena Noite;Crescente;Céu Claro;Simples;"Declive;Reta";Não;2;0;1;0;1;0;1;1;-13,542865;-49,104237;SPRF-GO;DEL07-GO;UOP01-DEL07-GO
601706;19/05/2024;domingo;22:30:00;AP;156;453;TARTARUGALZINHO;Reação tardia ou ineficiente do condutor;Saída de leito carroçável;Com Vítimas Feridas;Plena Noite;Crescente;Ignorado;Simples;Curva;Não;2;0;1;0;1;0;1;1;1,37549061;-50,92145633;SPRF-AP;DEL01-AP;UOP02-DEL01-AP
601708;19/05/2024;domingo;20:25:00;RR;432;188,3;CANTA;Transitar na contramão;Colisão frontal;Com Vítimas Fatais;Plena Noite;Decrescente;Céu Claro;Simples;Reta;Não;6;1;0;0;5;0;0;2;2,598788;-60,617434;SPRF-RR;DEL01-RR;UOP01-DEL01-RR
601709;19/05/2024;domingo;23:50:00;MG;381;496,6;BETIM;Ausência de reação do condutor;Colisão com objeto;Com Vítimas Feridas;Plena Noite;Crescente;Céu Claro;Múltipla;"Curva;Declive";Sim;1;0;0;1;0;0;1;1;-19,974768;-44,196781;SPRF-MG;DEL01-MG;UOP03-DEL01-MG
601710;19/05/2024;domingo;20:50:00;PR;373;345;GUARAPUAVA;Entrada inopinada do pedestre;Atropelamento de Pedestre;Com Vítimas Feridas;Plena Noite;Decrescente;Nublado;Dupla;Reta;Sim;4;0;0;1;3;0;1;2;-25,36596939;-51,48340774;SPRF-PR;DEL08-PR;UOP01-DEL08-PR
601712;19/05/2024;domingo;23:00:00;RJ;40;114;DUQUE DE CAXIAS;Ingestão de álcool pelo condutor;Colisão frontal;Com Vítimas Feridas;Plena Noite;Decrescente;Céu Claro;Dupla;Reta;Não;3;0;2;1;0;0;3;2;-22,70948502;-43,29040354;SPRF-RJ;DEL01-RJ;UOP02-DEL01-RJ
601713;19/05/2024;domingo;23:00:00;SC;101;210,8;SAO JOSE;Reação tardia ou ineficiente do condutor;Colisão traseira;Com Vítimas Feridas;Plena Noite;Crescente;Nublado;Simples;Reta;Sim;4;0;0;1;2;1;1;2;-27,6167305;-48,6457265;SPRF-SC;DEL01-SC;UOP01-DEL01-SC