id;data_inversa;dia_semana;horario;uf;br;km;municipio;causa_acidente;tipo_acidente;classificacao_acidente;fase_dia;sentido_via;condicao_metereologica;tipo_pista;tracado_via;uso_solo;pessoas;mortos;feridos_leves;feridos_graves;ilesos;ignorados;feridos;veiculos;latitude;longitude;regional;delegacia;uop
601714;19/05/2024;domingo;21:55:00;BA;101;211,5;CRUZ DAS ALMAS;Transitar na contramão;Colisão lateral sentido oposto;Sem Vítimas;Plena Noite;Crescente;Chuva;Simples;Reta;Não;2;0;0;0;1;1;0;2;-12,65351724;-39,12236761;SPRF-BA;DEL01-BA;UOP02-DEL01-BA
601716;19/05/2024;domingo;23:10:00;AP;156;769;OIAPOQUE;Demais falhas mecânicas ou elétricas;Incêndio;Sem Vítimas;Plena Noite;Crescente;Céu Claro;Simples;"Reta;Ponte";Não;1;0;0;0;0;1;0;1;3,442941;-51,72389;SPRF-AP;DEL01-AP;UOP03-DEL01-AP
601717;20/05/2024;segunda-feira;00:30:00;RJ;101;58;CAMPOS DOS GOYTACAZES;Transitar na contramão;Colisão frontal;Com Vítimas Fatais;Plena Noite;Crescente;Céu Claro;Simples;Reta;Sim;4;2;1;1;0;0;2;2;-21,706434;-41,30953;SPRF-RJ;DEL08-RJ;UOP01-DEL08-RJ
601719;20/05/2024;segunda-feira;00:20:00;MG;153;49;MONTE ALEGRE DE MINAS;Avarias e/ou desgaste excessivo no pneu;Saída de leito carroçável;Com Vítimas Feridas;Plena Noite;Decrescente;Céu Claro;Dupla;"Retorno Regulamentado;Reta";Não;2;0;0;2;0;0;2;1;-18,81309302;-49,08638495;SPRF-MG;DEL15-MG;UOP03-DEL15-MG
601720;19/05/2024;domingo;23:35:00;BA;407;127;SENHOR DO BONFIM;Reação tardia ou ineficiente do condutor;Queda de ocupante de veículo;Com Vítimas Feridas;Plena Noite;Crescente;Céu Claro;Simples;Reta;Sim;1;0;0;1;0;0;1;1;-10,46231315;-40,17519422;SPRF-BA;DEL04-BA;UOP01-DEL04-BA
601723;20/05/2024;segunda-feira;01:15:00;RS;386;34;FREDERICO WESTPHALEN;Reação tardia ou ineficiente do condutor;Tombamento;Com Vítimas Feridas;Plena Noite;Decrescente;Céu Claro;Simples;"Reta;Aclive";Sim;1;0;1;0;0;0;1;1;-27,36078524;-53,38910222;SPRF-RS;DEL08-RS;UOP02-DEL08-RS
601724;19/05/2024;domingo;23:45:00;RS;116;148,9;CAXIAS DO SUL;Ingestão de álcool pelo condutor;Colisão traseira;Com Vítimas Feridas;Plena Noite;Decrescente;Céu Claro;Dupla;Reta;Sim;4;0;2;0;2;0;2;2;-29,15444539;-51,15101681;SPRF-RS;DEL05-RS;UOP01-DEL05-RS
601725;20/05/2024;segunda-feira;01:00:00;MS;163;375;NOVA ALVORADA DO SUL;Ausência de reação do condutor;Saída de leito carroçável;Sem Vítimas;Plena Noite;Decrescente;Céu Claro;Simples;Reta;Não;1;0;0;0;0;1;0;1;-21,3846679;-54,4105737;SPRF-MS;DEL02-MS;UOP01-DEL02-MS
601726;20/05/2024;segunda-feira;01:40:00;BA;101;876,7;TEIXEIRA DE FREITAS;Ingestão de álcool pelo condutor;Queda de ocupante de veículo;Com Vítimas Feridas;Plena Noite;Crescente;Céu Claro;Simples;"Aclive;Reta";Não;2;0;2;0;0;0;2;1;-17,54149089;-39,7159785;SPRF-BA;DEL09-BA;UOP02-DEL09-BA
601727;20/05/2024;segunda-feira;01:40:00;RS;472;574;URUGUAIANA;Ingestão de álcool pelo condutor;Colisão transversal;Sem Vítimas;Plena Noite;Crescente;Céu Claro;Simples;Reta;Sim;2;0;0;0;2;0;0;2;-29,76331564;-57,05423355;SPRF-RS;DEL13-RS;UOP01-DEL13-RS
601729;20/05/2024;segunda-feira;02:00:00;PR;369;191,3;ARAPONGAS;Reação tardia ou ineficiente do condutor;Saída de leito carroçável;Sem Vítimas;Amanhecer;Crescente;Nevoeiro/Neblina;Dupla;Retorno Regulamentado;Não;1;0;0;0;1;0;0;1;-23,463791;-51,4237;SPRF-PR;DEL07-PR;UOP03-DEL07-PR
601731;20/05/2024;segunda-feira;00:30:00;MG;262;108;SANTO ANTONIO DO GRAMA;Condutor Dormindo;Saída de leito carroçável;Com Vítimas Feridas;Plena Noite;Crescente;Céu Claro;Simples;"Declive;Curva;Em Obras";Não;1;0;1;0;0;0;1;1;-20,26993685;-42,57410288;SPRF-MG;DEL03-MG;UOP03-DEL03-MG
601732;20/05/2024;segunda-feira;04:30:00;RJ;116;70;TERESOPOLIS;Ausência de reação do condutor;Tombamento;Com Vítimas Feridas;Plena Noite;Crescente;Céu Claro;Simples;Curva;Sim;1;0;0;1;0;0;1;1;-22,320944;-42,938983;SPRF-RJ;DEL04-RJ;UOP01-DEL04-RJ
601733;20/05/2024;segunda-feira;03:20:00;RJ;101;297;ITABORAI;Ausência de reação do condutor;Colisão com objeto;Com Vítimas Feridas;Plena Noite;Decrescente;Céu Claro;Simples;Retorno Regulamentado;Sim;3;0;2;0;1;0;2;1;-22,76942037;-42,91873581;SPRF-RJ;DEL02-RJ;UOP02-DEL02-RJ
601735;20/05/2024;segunda-feira;04:20:00;RJ;101;311;SAO GONCALO;Ausência de reação do condutor;Colisão com objeto;Com Vítimas Feridas;Amanhecer;Crescente;Nublado;Dupla;Reta;Sim;3;0;3;0;0;0;3;1;-22,80062246;-43,05318779;SPRF-RJ;DEL02-RJ;UOP02-DEL02-RJ
601737;20/05/2024;segunda-feira;05:30:00;RN;406;167;SAO GONCALO DO AMARANTE;Manobra de mudança de faixa;Colisão lateral mesmo sentido;Com Vítimas Fatais;Amanhecer;Crescente;Céu Claro;Dupla;Reta;Sim;2;1;0;0;1;0;0;2;-5,74851911;-35,32688141;SPRF-RN;DEL02-RN;UOP01-DEL02-RN
601738;20/05/2024;segunda-feira;01:45:00;SC;101;440;SANTA ROSA DO SUL;Ingestão de álcool pelo condutor;Colisão traseira;Sem Vítimas;Plena Noite;Crescente;Nublado;Múltipla;"Reta;Viaduto";Não;2;0;0;0;2;0;0;2;-29,12712211;-49,67845917;SPRF-SC;DEL02-SC;UOP02-DEL02-SC
601741;20/05/2024;segunda-feira;04:05:00;BA;116;719;MANOEL VITORINO;Ausência de reação do condutor;Queda de ocupante de veículo;Com Vítimas Feridas;Plena Noite;Crescente;Céu Claro;Simples;Reta;Não;1;0;1;0;0;0;1;1;-14,1888825;-40,26532343;SPRF-BA;DEL08-BA;UOP02-DEL08-BA
601743;20/05/2024;segunda-feira;05:00:00;MG;381;918;CAMANDUCAIA;Ausência de reação do condutor;Colisão com objeto;Sem Vítimas;Plena Noite;Decrescente;Céu Claro;Dupla;"Interseção de Vias;Declive";Sim;2;0;0;0;2;0;0;1;-22,77347912;-46,18491379;SPRF-MG;DEL16-MG;UOP03-DEL16-MG
601745;20/05/2024;segunda-feira;04:50:00;PR;163;272;TOLEDO;Condutor Dormindo;Saída de leito carroçável;Com Vítimas Feridas;Plena Noite;Crescente;Céu Claro;Dupla;Reta;Não;1;0;1;0;0;0;1;1;-24,6193261;-53,92676003;SPRF-PR;DEL06-PR;UOP02-DEL06-PR
601746;20/05/2024;segunda-feira;07:20:00;MG;381;492;BETIM;Ausência de reação do condutor;Tombamento;Com Vítimas Feridas;Pleno dia;Crescente;Sol;Múltipla;Reta;Sim;1;0;1;0;0;0;1;1;-19,97018187;-44,18210416;SPRF-MG;DEL01-MG;UOP03-DEL01-MG
601748;20/05/2024;segunda-feira;07:09:00;SC;101;212,6;PALHOCA;Ultrapassagem Indevida;Colisão lateral mesmo sentido;Com Vítimas Feridas;Pleno dia;Decrescente;Céu Claro;Múltipla;Reta;Sim;2;0;1;0;0;1;1;2;-27,62996929;-48,65903871;SPRF-SC;DEL01-SC;UOP02-DEL01-SC
601749;20/05/2024;segunda-feira;07:00:00;SP;116;229;SAO PAULO;Condutor deixou de manter distância do veículo da frente;Colisão traseira;Com Vítimas Feridas;Pleno dia;Crescente;Céu Claro;Múltipla;Reta;Não;3;0;1;0;2;0;1;2;-23,51291902;-46,57604698;SPRF-SP;DEL01-SP;UOP01-DEL01-SP
601751;20/05/2024;segunda-feira;07:40:00;SC;282;2,9;FLORIANOPOLIS;Reação tardia ou ineficiente do condutor;Colisão traseira;Com Vítimas Feridas;Pleno dia;Crescente;Céu Claro;Múltipla;"Reta;Viaduto";Sim;2;0;1;0;1;0;1;2;-27,603289;-48,590416;SPRF-SC;DEL01-SC;UOP01-DEL01-SC
601754;20/05/2024;segunda-feira;07:30:00;SC;470;48;BLUMENAU;Manobra de mudança de faixa;Colisão lateral mesmo sentido;Com Vítimas Feridas;Pleno dia;Crescente;Céu Claro;Dupla;Curva;Sim;3;0;1;0;2;0;1;2;-26,86143729;-49,0697372;SPRF-SC;DEL04-SC;UOP01-DEL04-SC
601755;20/05/2024;segunda-feira;07:00:00;GO;40;7,1;LUZIANIA;Condutor deixou de manter distância do veículo da frente;Tombamento;Com Vítimas Feridas;Pleno dia;Crescente;Céu Claro;Dupla;Reta;Sim;1;0;1;0;0;0;1;1;-16,108482;-47,972524;SPRF-DF;DEL01-DF;UOP01-DEL01-DF
601756;20/05/2024;segunda-feira;06:00:00;PE;101;135;ESCADA;Ausência de reação do condutor;Colisão traseira;Com Vítimas Feridas;Pleno dia;Decrescente;Céu Claro;Dupla;Reta;Não;2;0;0;1;1;0;1;2;-8,41147616;-35,29599797;SPRF-PE;DEL01-PE;UOP03-DEL01-PE
601757;20/05/2024;segunda-feira;07:30:00;PB;116;5,6;CACHOEIRA DOS INDIOS;Acessar a via sem observar a presença dos outros veículos;Colisão transversal;Com Vítimas Feridas;Pleno dia;Decrescente;Nublado;Simples;Curva;Não;2;0;0;1;1;0;1;2;-6,94465;-38,72036;SPRF-CE;DEL05-CE;UOP03-DEL05-CE
601758;20/05/2024;segunda-feira;07:35:00;BA;101;719,7;EUNAPOLIS;Acessar a via sem observar a presença dos outros veículos;Colisão transversal;Com Vítimas Feridas;Pleno dia;Decrescente;Céu Claro;Simples;"Reta;Interseção de Vias";Sim;2;0;0;1;1;0;1;2;-16,38675958;-39,58650704;SPRF-BA;DEL09-BA;UOP01-DEL09-BA
601760;20/05/2024;segunda-feira;07:30:00;PR;116;116;CURITIBA;Manobra de mudança de faixa;Colisão lateral mesmo sentido;Com Vítimas Feridas;Pleno dia;Decrescente;Céu Claro;Dupla;"Reta;Viaduto";Sim;2;0;1;0;1;0;1;2;-25,553693;-49,305372;SPRF-PR;DEL01-PR;UOP03-DEL01-PR
601761;19/05/2024;domingo;14:30:00;RJ;40;120;DUQUE DE CAXIAS;Acessar a via sem observar a presença dos outros veículos;Colisão transversal;Com Vítimas Feridas;Pleno dia;Decrescente;Céu Claro;Múltipla;Reta;Sim;3;0;2;0;1;0;2;2;-22,77280597;-43,28626763;SPRF-RJ;DEL01-RJ;UOP02-DEL01-RJ
601762;20/05/2024;segunda-feira;06:00:00;RJ;40;111;DUQUE DE CAXIAS;Condutor Dormindo;Colisão traseira;Com Vítimas Feridas;Pleno dia;Decrescente;Céu Claro;Dupla;Reta;Sim;5;0;2;2;1;0;4;2;-22,691868;-43,287453;SPRF-RJ;DEL01-RJ;UOP02-DEL01-RJ
601763;20/05/2024;segunda-feira;06:55:00;RS;392;7,3;RIO GRANDE;Desrespeitar a preferência no cruzamento;Colisão transversal;Com Vítimas Feridas;Amanhecer;Crescente;Nevoeiro/Neblina;Simples;Reta;Sim;4;0;3;0;1;0;3;2;-32,096139;-52,1094;SPRF-RS;DEL07-RS;UOP02-DEL07-RS
601764;20/05/2024;segunda-feira;07:40:00;PR;116;115;CURITIBA;Manobra de mudança de faixa;Colisão lateral mesmo sentido;Com Vítimas Feridas;Pleno dia;Decrescente;Céu Claro;Dupla;Reta;Sim;2;0;1;0;1;0;1;2;-25,54738511;-49,30396378;SPRF-PR;DEL01-PR;UOP07-DEL01-PR
601765;20/05/2024;segunda-feira;08:00:00;SC;101;288,5;IMBITUBA;Desrespeitar a preferência no cruzamento;Colisão transversal;Com Vítimas Feridas;Pleno dia;Crescente;Céu Claro;Múltipla;"Reta;Interseção de Vias";Sim;3;0;1;0;2;0;1;2;-28,26869;-48,70137;SPRF-SC;DEL02-SC;UOP03-DEL02-SC
601768;20/05/2024;segunda-feira;08:20:00;MG;381;503,7;BETIM;Ausência de reação do condutor;Colisão traseira;Com Vítimas Feridas;Plena Noite;Crescente;Céu Claro;Dupla;"Curva;Aclive";Não;2;0;1;0;1;0;1;2;-20,029527;-44,235457;SPRF-MG;DEL01-MG;UOP03-DEL01-MG
601769;20/05/2024;segunda-feira;06:02:00;AC;364;112;RIO BRANCO;Demais falhas mecânicas ou elétricas;Incêndio;Sem Vítimas;Amanhecer;Crescente;Céu Claro;Simples;"Reta;Aclive";Não;1;0;0;0;1;0;0;1;-10,0136782;-67,683134;SPRF-AC;DEL01-AC;UOP01-DEL01-AC
601770;20/05/2024;segunda-feira;08:30:00;GO;70;9;AGUAS LINDAS DE GOIAS;Ausência de reação do condutor;Colisão traseira;Com Vítimas Feridas;Pleno dia;Decrescente;Céu Claro;Múltipla;Reta;Sim;2;0;0;1;1;0;1;2;-15,73576731;-48,28288046;SPRF-DF;DEL03-DF;UOP02-DEL03-DF
601771;20/05/2024;segunda-feira;07:15:00;GO;153;506,2;GOIANIA;Condutor deixou de manter distância do veículo da frente;Colisão traseira;Com Vítimas Feridas;Pleno dia;Crescente;Céu Claro;Múltipla;"Reta;Declive";Sim;2;0;1;0;1;0;1;2;-16,7633;-49,24;SPRF-GO;DEL01-GO;UOP01-DEL01-GO
601774;20/05/2024;segunda-feira;07:15:00;PE;101;124;ESCADA;Ausência de reação do condutor;Colisão traseira;Com Vítimas Feridas;Pleno dia;Decrescente;Sol;Dupla;Reta;Não;2;0;1;0;1;0;1;2;-8,361745;-35,213108;SPRF-PE;DEL01-PE;UOP03-DEL01-PE
601775;20/05/2024;segunda-feira;07:50:00;CE;116;13;FORTALEZA;Manobra de mudança de faixa;Colisão traseira;Com Vítimas Feridas;Pleno dia;Decrescente;Céu Claro;Dupla;Reta;Sim;2;0;1;0;1;0;1;2;-3,86088501;-38,49715296;SPRF-CE;DEL01-CE;UOP02-DEL01-CE
601776;20/05/2024;segunda-feira;07:00:00;GO;70;12;AGUAS LINDAS DE GOIAS;Objeto estático sobre o leito carroçável;Colisão traseira;Com Vítimas Feridas;Pleno dia;Decrescente;Céu Claro;Dupla;Reta;Sim;2;0;1;0;1;0;1;2;-15,74037077;-48,3103523;SPRF-DF;DEL03-DF;UOP02-DEL03-DF
601780;20/04/2024;sábado;19:54:00;ES;101;412;ITAPEMIRIM;Pedestre andava na pista;Atropelamento de Pedestre;Com Vítimas Feridas;Plena Noite;Crescente;Céu Claro;Simples;Reta;Não;3;0;2;1;0;0;3;2;-20,90878197;-41,06944138;SPRF-ES;DEL03-ES;UOP02-DEL03-ES
601782;20/05/2024;segunda-feira;09:30:00;PB;230;1,2;PATOS;Ausência de reação do condutor;Colisão lateral mesmo sentido;Com Vítimas Feridas;Pleno dia;Crescente;Céu Claro;Simples;Reta;Não;2;0;2;0;0;0;2;2;-7,024862;-37,280304;SPRF-PB;DEL03-PB;UOP01-DEL03-PB
601784;20/05/2024;segunda-feira;08:18:00;PR;277;704;SAO MIGUEL DO IGUACU;Demais falhas mecânicas ou elétricas;Incêndio;Sem Vítimas;Pleno dia;Crescente;Céu Claro;Dupla;Reta;Não;1;0;0;0;0;1;0;1;-25,42529621;-54,36142389;SPRF-PR;DEL05-PR;UOP01-DEL05-PR
601785;20/05/2024;segunda-feira;09:40:00;GO;40;8,7;LUZIANIA;Acessar a via sem observar a presença dos outros veículos;Colisão traseira;Com Vítimas Feridas;Pleno dia;Decrescente;Céu Claro;Dupla;"Reta;Retorno Regulamentado";Sim;2;0;1;0;1;0;1;2;-16,116158;-47,96761;SPRF-DF;DEL01-DF;UOP01-DEL01-DF
601787;20/05/2024;segunda-feira;07:20:00;MG;381;830;SAO SEBASTIAO DA BELA VISTA;Reação tardia ou ineficiente do condutor;Saída de leito carroçável;Com Vítimas Feridas;Pleno dia;Decrescente;Céu Claro;Dupla;Reta;Não;1;0;1;0;0;0;1;1;-22,13939205;-45,81344194;SPRF-MG;DEL16-MG;UOP01-DEL16-MG
601788;30/04/2024;terça-feira;09:30:00;SC;470;44,1;GASPAR;Condutor usando celular;Capotamento;Com Vítimas Feridas;Pleno dia;Decrescente;Nublado;Dupla;Reta;Não;1;0;1;0;0;0;1;1;-26,870665;-49,021896;SPRF-SC;DEL04-SC;UOP01-DEL04-SC
601789;20/05/2024;segunda-feira;09:51:00;PE;101;11,7;GOIANA;Reação tardia ou ineficiente do condutor;Saída de leito carroçável;Com Vítimas Feridas;Pleno dia;Decrescente;Sol;Dupla;Reta;Não;1;0;1;0;0;0;1;1;-7,59514001;-34,98460002;SPRF-PE;DEL01-PE;UOP02-DEL01-PE
601790;05/03/2024;terça-feira;11:50:00;RJ;101;265;RIO BONITO;Acessar a via sem observar a presença dos outros veículos;Atropelamento de Pedestre;Com Vítimas Feridas;Pleno dia;Decrescente;Céu Claro;Dupla;Reta;Não;2;0;0;1;1;0;1;2;-22,71359987;-42,64391188;SPRF-RJ;DEL02-RJ;UOP03-DEL02-RJ
601792;27/04/2024;sábado;21:55:00;RJ;40;102;DUQUE DE CAXIAS;Reação tardia ou ineficiente do condutor;Queda de ocupante de veículo;Com Vítimas Feridas;Plena Noite;Decrescente;Céu Claro;Simples;Aclive;Sim;1;0;0;1;0;0;1;1;-22,61089297;-43,28656077;SPRF-RJ;DEL01-RJ;UOP02-DEL01-RJ
601793;29/04/2024;segunda-feira;18:20:00;RJ;101;329;RIO DE JANEIRO;Manobra de mudança de faixa;Colisão lateral mesmo sentido;Com Vítimas Feridas;Plena Noite;Decrescente;Céu Claro;Múltipla;"Ponte;Reta";Não;3;0;1;0;1;1;1;3;-22,86939305;-43,175642;SPRF-RJ;DEL02-RJ;UOP01-DEL02-RJ
601794;20/05/2024;segunda-feira;10:53:00;ES;101;143,8;LINHARES;Acessar a via sem observar a presença dos outros veículos;Colisão traseira;Com Vítimas Feridas;Pleno dia;Decrescente;Céu Claro;Múltipla;Reta;Sim;2;0;1;0;1;0;1;2;-19,34286596;-40,0638568;SPRF-ES;DEL04-ES;UOP01-DEL04-ES
601795;24/03/2024;domingo;06:00:00;MA;402;7;ROSARIO;Pista Escorregadia;Saída de leito carroçável;Com Vítimas Feridas;Pleno dia;Crescente;Céu Claro;Simples;"Declive;Reta";Não;1;0;1;0;0;0;1;1;-2,946087;-44,267559;SPRF-MA;DEL01-MA;UOP01-DEL01-MA
601796;20/05/2024;segunda-feira;10:20:00;MG;116;702,7;MURIAE;Acessar a via sem observar a presença dos outros veículos;Colisão transversal;Com Vítimas Feridas;Pleno dia;Decrescente;Nublado;Simples;Reta;Sim;2;0;1;0;1;0;1;2;-21,11938311;-42,38006362;SPRF-MG;DEL07-MG;UOP02-DEL07-MG
601798;20/05/2024;segunda-feira;11:00:00;SP;116;229;GUARULHOS;Reação tardia ou ineficiente do condutor;Colisão lateral mesmo sentido;Com Vítimas Feridas;Pleno dia;Decrescente;Céu Claro;Múltipla;Reta;Sim;2;0;1;0;0;1;1;2;-23,51291902;-46,57604698;SPRF-SP;DEL01-SP;UOP01-DEL01-SP
601799;17/03/2024;domingo;19:00:00;TO;153;560;SANTA RITA DO TOCANTINS;Acessar a via sem observar a presença dos outros veículos;Colisão frontal;Com Vítimas Feridas;Plena Noite;Crescente;Céu Claro;Simples;Reta;Não;3;0;1;1;1;0;2;2;-11,007385;-48,90839085;SPRF-TO;DEL01-TO;UOP01-DEL01-TO
601801;01/04/2024;segunda-feira;17:20:00;ES;101;269,6;SERRA;Condutor desrespeitou a iluminação vermelha do semáforo;Colisão transversal;Com Vítimas Feridas;Anoitecer;Decrescente;Céu Claro;Dupla;"Interseção de Vias;Reta";Sim;2;0;1;0;1;0;1;2;-20,21740496;-40,26990578;SPRF-ES;DEL02-ES;UOP01-DEL02-ES
601804;20/05/2024;segunda-feira;09:00:00;MG;365;463,7;PATROCINIO;Reação tardia ou ineficiente do condutor;Colisão traseira;Com Vítimas Feridas;Pleno dia;Crescente;Céu Claro;Simples;"Aclive;Reta;Em Obras";Não;2;0;1;0;1;0;1;2;-18,88970475;-46,93477915;SPRF-MG;DEL10-MG;UOP01-DEL10-MG
601805;20/05/2024;segunda-feira;11:50:00;PE;101;153;RIBEIRAO;Ausência de reação do condutor;Colisão com objeto;Com Vítimas Feridas;Pleno dia;Decrescente;Céu Claro;Dupla;"Reta;Ponte";Não;1;0;1;0;0;0;1;1;-8,51960799;-35,38997595;SPRF-PE;DEL01-PE;UOP03-DEL01-PE
601806;20/05/2024;segunda-feira;11:00:00;RS;386;34;FREDERICO WESTPHALEN;Desrespeitar a preferência no cruzamento;Colisão transversal;Com Vítimas Feridas;Pleno dia;Crescente;Sol;Simples;Reta;Não;2;0;1;0;1;0;1;2;-27,358442;-53,388298;SPRF-RS;DEL08-RS;UOP02-DEL08-RS
601807;20/05/2024;segunda-feira;12:45:00;PB;230;42;SANTA RITA;Ausência de reação do condutor;Saída de leito carroçável;Sem Vítimas;Pleno dia;Decrescente;Céu Claro;Dupla;Reta;Não;2;0;0;0;2;0;0;2;-7,17102675;-35,03531456;SPRF-PB;DEL01-PB;UOP03-DEL01-PB
601808;20/05/2024;segunda-feira;11:01:00;SC;280;114,1;SAO BENTO DO SUL;Ausência de reação do condutor;Saída de leito carroçável;Com Vítimas Feridas;Pleno dia;Decrescente;Céu Claro;Simples;Curva;Não;1;0;1;0;0;0;1;1;-26,29151133;-49,40301807;SPRF-SC;DEL06-SC;UOP03-DEL06-SC
601809;20/05/2024;segunda-feira;11:05:00;MA;135;1;SAO LUIS;Trafegar com motocicleta (ou similar) entre as faixas;Colisão traseira;Com Vítimas Feridas;Pleno dia;Decrescente;Céu Claro;Dupla;Reta;Sim;4;0;0;1;3;0;1;4;-2,58917895;-44,24423719;SPRF-MA;DEL01-MA;UOP01-DEL01-MA
601810;12/05/2024;domingo;18:45:00;PE;423;19,5;SAO CAITANO;Ingestão de álcool pelo condutor;Colisão frontal;Sem Vítimas;Plena Noite;Crescente;Céu Claro;Simples;Reta;Não;3;0;0;0;3;0;0;3;-8,33379683;-36,15201612;SPRF-PE;DEL03-PE;UOP02-DEL03-PE
601811;20/05/2024;segunda-feira;12:30:00;SP;116;138;SAO JOSE DOS CAMPOS;Reação tardia ou ineficiente do condutor;Saída de leito carroçável;Com Vítimas Feridas;Pleno dia;Decrescente;Céu Claro;Dupla;Reta;Não;2;0;1;0;1;0;1;1;-23,1572739;-45,79554605;SPRF-SP;DEL02-SP;UOP01-DEL02-SP
601812;20/05/2024;segunda-feira;13:00:00;ES;101;289,8;CARIACICA;Reação tardia ou ineficiente do condutor;Colisão com objeto;Com Vítimas Feridas;Pleno dia;Crescente;Sol;Dupla;Reta;Sim;1;0;1;0;0;0;1;1;-20,28029304;-40,39302931;SPRF-ES;DEL01-ES;UOP01-DEL01-ES
601813;20/05/2024;segunda-feira;13:30:00;MG;381;671;PERDOES;Reação tardia ou ineficiente do condutor;Saída de leito carroçável;Com Vítimas Feridas;Pleno dia;Crescente;Sol;Dupla;Curva;Não;1;0;0;1;0;0;1;1;-21,08945416;-45,06864195;SPRF-MG;DEL04-MG;UOP02-DEL04-MG
601814;20/05/2024;segunda-feira;11:15:00;ES;101;73;SAO MATEUS;Demais falhas mecânicas ou elétricas;Tombamento;Com Vítimas Feridas;Pleno dia;Decrescente;Céu Claro;Simples;Reta;Não;2;0;1;1;0;0;2;1;-18,77024976;-39,86802529;SPRF-ES;DEL04-ES;UOP02-DEL04-ES
601815;12/03/2024;terça-feira;07:30:00;BA;324;594;CANDEIAS;Ausência de reação do condutor;Colisão lateral mesmo sentido;Com Vítimas Feridas;Pleno dia;Crescente;Sol;Dupla;Reta;Não;3;0;1;0;2;0;1;1;-12,69652864;-38,46476555;SPRF-BA;DEL01-BA;UOP01-DEL01-BA
601816;24/04/2024;quarta-feira;22:15:00;SC;282;512;XANXERE;Reação tardia ou ineficiente do condutor;Saída de leito carroçável;Com Vítimas Feridas;Plena Noite;Decrescente;Céu Claro;Simples;Reta;Não;1;0;1;0;0;0;1;1;-26,916537;-52,49108791;SPRF-SC;DEL07-SC;UOP01-DEL07-SC
601817;20/05/2024;segunda-feira;12:00:00;RO;319;64;PORTO VELHO;Condutor desrespeitou a iluminação vermelha do semáforo;Colisão transversal;Com Vítimas Feridas;Pleno dia;Crescente;Céu Claro;Múltipla;"Interseção de Vias;Reta";Sim;2;0;1;0;1;0;1;2;-8,766685;-63,884052;SPRF-RO;DEL01-RO;UOP01-DEL01-RO
601820;20/05/2024;segunda-feira;10:00:00;BA;116;422,2;FEIRA DE SANTANA;Reação tardia ou ineficiente do condutor;Colisão traseira;Com Vítimas Feridas;Pleno dia;Crescente;Céu Claro;Dupla;Reta;Sim;3;0;1;0;2;0;1;2;-12,225;-38,9653;SPRF-BA;DEL02-BA;UOP01-DEL02-BA
601824;20/05/2024;segunda-feira;10:10:00;MG;116;464,1;TARUMIRIM;Demais falhas mecânicas ou elétricas;Tombamento;Com Vítimas Feridas;Pleno dia;Crescente;Sol;Simples;Reta;Não;2;0;2;0;0;0;2;1;-19,26865202;-42,06569594;SPRF-MG;DEL06-MG;UOP02-DEL06-MG
601825;20/05/2024;segunda-feira;13:30:00;MG;116;521,9;CARATINGA;Ausência de reação do condutor;Colisão traseira;Com Vítimas Feridas;Pleno dia;Decrescente;Céu Claro;Simples;"Reta;Interseção de Vias";Sim;2;0;1;0;1;0;1;2;-19,7341039;-42,13264957;SPRF-MG;DEL06-MG;UOP02-DEL06-MG
601826;20/05/2024;segunda-feira;13:30:00;BA;101;716;EUNAPOLIS;Acessar a via sem observar a presença dos outros veículos;Colisão transversal;Com Vítimas Feridas;Pleno dia;Decrescente;Sol;Simples;"Curva;Interseção de Vias";Não;2;0;0;1;1;0;1;2;-16,35993151;-39,5799315;SPRF-BA;DEL09-BA;UOP01-DEL09-BA
601827;20/05/2024;segunda-feira;12:30:00;PR;0;0;GUAIRA;Frear bruscamente;Colisão traseira;Sem Vítimas;Pleno dia;Não Informado;Céu Claro;Simples;Interseção de Vias;Sim;3;0;0;0;2;1;0;2;-24,07852462;-54,2534548;SPRF-PR;DEL06-PR;UOP01-DEL06-PR
601829;06/02/2024;terça-feira;08:30:00;SC;470;66,9;INDAIAL;Acessar a via sem observar a presença dos outros veículos;Colisão transversal;Com Vítimas Feridas;Pleno dia;Decrescente;Céu Claro;Simples;"Em Obras;Reta";Sim;2;0;1;0;1;0;1;2;-26,870407;-49,221844;SPRF-SC;DEL04-SC;UOP01-DEL04-SC
601830;20/05/2024;segunda-feira;13:00:00;MT;163;833;SINOP;Reação tardia ou ineficiente do condutor;Queda de ocupante de veículo;Com Vítimas Feridas;Pleno dia;Crescente;Céu Claro;Dupla;Reta;Sim;2;0;1;0;1;0;1;2;-11,8772;-55,4993;SPRF-MT;DEL06-MT;UOP02-DEL06-MT
601831;10/03/2024;domingo;09:30:00;MG;381;532,7;ITATIAIUCU;Chuva;Saída de leito carroçável;Com Vítimas Feridas;Pleno dia;Decrescente;Chuva;Dupla;"Curva;Aclive";Não;1;0;0;1;0;0;1;1;-20,1904316;-44,38268793;SPRF-MG;DEL04-MG;UOP03-DEL04-MG
601832;20/05/2024;segunda-feira;14:50:00;MT;158;7;BARRA DO GARCAS;Velocidade Incompatível;Colisão transversal;Com Vítimas Feridas;Pleno dia;Crescente;Céu Claro;Dupla;"Interseção de Vias;Reta;Declive";Sim;2;0;1;0;1;0;1;2;-15,87800613;-52,31173396;SPRF-MT;DEL07-MT;UOP02-DEL07-MT