id;data_inversa;dia_semana;horario;uf;br;km;municipio;causa_acidente;tipo_acidente;classificacao_acidente;fase_dia;sentido_via;condicao_metereologica;tipo_pista;tracado_via;uso_solo;pessoas;mortos;feridos_leves;feridos_graves;ilesos;ignorados;feridos;veiculos;latitude;longitude;regional;delegacia;uop
601833;20/05/2024;segunda-feira;06:50:00;RJ;101;319;SAO GONCALO;Trafegar com motocicleta (ou similar) entre as faixas;Colisão traseira;Com Vítimas Feridas;Pleno dia;Crescente;Céu Claro;Dupla;Reta;Não;3;0;1;0;2;0;1;2;-22,85411774;-43,1018014;SPRF-RJ;DEL02-RJ;UOP02-DEL02-RJ
601834;20/05/2024;segunda-feira;13:35:00;PE;101;78,7;RECIFE;Manobra de mudança de faixa;Tombamento;Com Vítimas Feridas;Pleno dia;Crescente;Céu Claro;Dupla;"Curva;Declive";Sim;1;0;1;0;0;0;1;1;-8,141655;-34,946623;SPRF-PE;DEL01-PE;UOP01-DEL01-PE
601835;20/05/2024;segunda-feira;14:15:00;PB;101;71,4;SANTA RITA;Condutor Dormindo;Saída de leito carroçável;Sem Vítimas;Pleno dia;Crescente;Céu Claro;Dupla;Reta;Não;1;0;0;0;1;0;0;1;-7,070096;-35,000379;SPRF-PB;DEL01-PB;UOP04-DEL01-PB
601836;20/05/2024;segunda-feira;07:20:00;BA;101;760;ITABELA;Demais falhas mecânicas ou elétricas;Queda de ocupante de veículo;Com Vítimas Feridas;Pleno dia;Crescente;Céu Claro;Simples;Reta;Não;2;0;0;2;0;0;2;1;-16,672197;-39,498728;SPRF-BA;DEL09-BA;UOP01-DEL09-BA
601837;20/05/2024;segunda-feira;13:30:00;RJ;101;485;ANGRA DOS REIS;Condutor deixou de manter distância do veículo da frente;Colisão traseira;Com Vítimas Feridas;Pleno dia;Crescente;Céu Claro;Simples;Reta;Sim;3;0;1;0;2;0;1;2;-22,98573526;-44,29709764;SPRF-RJ;DEL03-RJ;UOP03-DEL03-RJ
601839;20/05/2024;segunda-feira;15:30:00;SP;153;39,6;ONDA VERDE;Acessar a via sem observar a presença dos outros veículos;Colisão transversal;Com Vítimas Feridas;Pleno dia;Crescente;Céu Claro;Simples;Interseção de Vias;Não;4;0;3;0;1;0;3;2;-20,61196908;-49,32942891;SPRF-SP;DEL09-SP;UOP01-DEL09-SP
601840;20/05/2024;segunda-feira;15:50:00;MG;381;482,7;BETIM;Manobra de mudança de faixa;Colisão traseira;Com Vítimas Feridas;Pleno dia;Decrescente;Céu Claro;Dupla;Reta;Sim;3;0;1;0;2;0;1;2;-19,955532;-44,097209;SPRF-MG;DEL01-MG;UOP03-DEL01-MG
601845;20/05/2024;segunda-feira;16:00:00;SP;116;143;SAO JOSE DOS CAMPOS;Reação tardia ou ineficiente do condutor;Colisão traseira;Com Vítimas Feridas;Pleno dia;Decrescente;Céu Claro;Dupla;Reta;Sim;2;0;0;1;1;0;1;2;-23,17849879;-45,83787411;SPRF-SP;DEL02-SP;UOP01-DEL02-SP
601847;20/05/2024;segunda-feira;10:30:00;RO;429;181;SAO MIGUEL DO GUAPORE;Reação tardia ou ineficiente do condutor;Colisão transversal;Com Vítimas Feridas;Pleno dia;Decrescente;Sol;Simples;Reta;Não;3;0;1;2;0;0;3;2;-11,75981625;-62,882139;SPRF-RO;DEL02-RO;UOP03-DEL02-RO
601850;20/05/2024;segunda-feira;16:20:00;PA;316;71;CASTANHAL;Acessar a via sem observar a presença dos outros veículos;Colisão transversal;Com Vítimas Feridas;Pleno dia;Decrescente;Céu Claro;Simples;Reta;Não;2;0;0;1;1;0;1;2;-1,29062917;-47,85733898;SPRF-PA;DEL01-PA;UOP01-DEL01-PA
601852;04/05/2024;sábado;03:25:00;RJ;101;62;CAMPOS DOS GOYTACAZES;Ausência de reação do condutor;Colisão traseira;Com Vítimas Feridas;Plena Noite;Crescente;Céu Claro;Simples;Reta;Sim;11;0;1;0;9;1;1;3;-21,73473386;-41,32504025;SPRF-RJ;DEL08-RJ;UOP01-DEL08-RJ
601853;20/05/2024;segunda-feira;15:40:00;SC;282;520,9;XAXIM;Reação tardia ou ineficiente do condutor;Colisão lateral mesmo sentido;Sem Vítimas;Pleno dia;Decrescente;Céu Claro;Simples;Reta;Sim;2;0;0;0;1;1;0;2;-26,950415;-52,526096;SPRF-SC;DEL07-SC;UOP01-DEL07-SC
601854;20/05/2024;segunda-feira;17:20:00;SC;282;6;SAO JOSE;Reação tardia ou ineficiente do condutor;Colisão lateral mesmo sentido;Com Vítimas Feridas;Plena Noite;Crescente;Céu Claro;Dupla;Curva;Sim;2;0;1;1;0;0;2;2;-27,58519761;-48,61769915;SPRF-SC;DEL01-SC;UOP01-DEL01-SC
601855;20/05/2024;segunda-feira;17:00:00;MG;116;413,5;GOVERNADOR VALADARES;Condutor deixou de manter distância do veículo da frente;Colisão traseira;Sem Vítimas;Anoitecer;Decrescente;Céu Claro;Simples;"Reta;Ponte";Sim;2;0;0;0;2;0;0;2;-18,873907;-41,966366;SPRF-MG;DEL06-MG;UOP01-DEL06-MG
601857;20/05/2024;segunda-feira;17:25:00;PR;369;159,7;CAMBE;Trafegar com motocicleta (ou similar) entre as faixas;Colisão lateral mesmo sentido;Com Vítimas Feridas;Anoitecer;Crescente;Céu Claro;Dupla;Reta;Sim;2;0;1;0;1;0;1;2;-23,28242875;-51,25064135;SPRF-PR;DEL07-PR;UOP01-DEL07-PR
601858;20/05/2024;segunda-feira;17:40:00;PE;101;33,3;ITAPISSUMA;Condutor deixou de manter distância do veículo da frente;Tombamento;Com Vítimas Feridas;Plena Noite;Crescente;Céu Claro;Dupla;Reta;Sim;1;0;1;0;0;0;1;1;-7,761909;-34,935654;SPRF-PE;DEL01-PE;UOP02-DEL01-PE
601859;20/05/2024;segunda-feira;17:30:00;MG;381;444;SANTA LUZIA;Ausência de reação do condutor;Queda de ocupante de veículo;Com Vítimas Feridas;Anoitecer;Crescente;Céu Claro;Simples;"Declive;Curva";Não;1;0;0;1;0;0;1;1;-19,814766;-43,800985;SPRF-MG;DEL01-MG;UOP01-DEL01-MG
601860;20/05/2024;segunda-feira;18:00:00;MG;381;2;BETIM;Acessar a via sem observar a presença dos outros veículos;Atropelamento de Pedestre;Sem Vítimas;Plena Noite;Decrescente;Céu Claro;Simples;Curva;Sim;4;0;0;0;4;0;0;2;-19,980622;-44,161061;SPRF-MG;DEL01-MG;UOP03-DEL01-MG
601861;20/05/2024;segunda-feira;18:15:00;BA;101;930;NOVA VICOSA;Manobra de mudança de faixa;Colisão traseira;Com Vítimas Feridas;Plena Noite;Crescente;Céu Claro;Simples;Reta;Não;4;0;1;1;2;0;2;2;-17,960543;-39,86051;SPRF-BA;DEL09-BA;UOP02-DEL09-BA
601864;20/05/2024;segunda-feira;15:30:00;SC;101;275;IMBITUBA;Acumulo de areia ou detritos sobre o pavimento;Tombamento;Com Vítimas Feridas;Pleno dia;Crescente;Céu Claro;Dupla;Reta;Sim;2;0;2;0;0;0;2;1;-28,138086;-48,69218292;SPRF-SC;DEL02-SC;UOP03-DEL02-SC
601868;20/05/2024;segunda-feira;18:20:00;PI;343;13,3;PARNAIBA;Entrada inopinada do pedestre;Atropelamento de Pedestre;Com Vítimas Fatais;Plena Noite;Crescente;Céu Claro;Dupla;Reta;Sim;2;1;0;0;1;0;0;2;-2,92207207;-41,7543447;SPRF-PI;DEL05-PI;UOP01-DEL05-PI
601870;20/05/2024;segunda-feira;17:25:00;SC;101;100,9;BALNEARIO PICARRAS;Reação tardia ou ineficiente do condutor;Capotamento;Com Vítimas Feridas;Anoitecer;Crescente;Céu Claro;Simples;Viaduto;Não;2;0;1;1;0;0;2;1;-26,75482787;-48,68993675;SPRF-SC;DEL03-SC;UOP02-DEL03-SC
601871;20/05/2024;segunda-feira;18:10:00;RS;392;352;SANTA MARIA;Condutor deixou de manter distância do veículo da frente;Colisão traseira;Sem Vítimas;Anoitecer;Crescente;Nublado;Dupla;Reta;Sim;5;0;0;0;5;0;0;2;-29,720404;-53,807632;SPRF-RS;DEL09-RS;UOP01-DEL09-RS
601872;20/05/2024;segunda-feira;18:10:00;SC;101;335,4;TUBARAO;Ausência de reação do condutor;Engavetamento;Com Vítimas Feridas;Plena Noite;Decrescente;Céu Claro;Dupla;Reta;Não;4;0;2;0;1;1;2;3;-28,4778471;-49,03144598;SPRF-SC;DEL02-SC;UOP01-DEL02-SC
601873;20/05/2024;segunda-feira;19:00:00;SP;116;107;TAUBATE;Reação tardia ou ineficiente do condutor;Queda de ocupante de veículo;Com Vítimas Feridas;Plena Noite;Decrescente;Céu Claro;Dupla;Reta;Sim;1;0;1;0;0;0;1;1;-23,01791287;-45,53009409;SPRF-SP;DEL02-SP;UOP02-DEL02-SP
601874;20/05/2024;segunda-feira;18:48:00;PR;373;173,3;PONTA GROSSA;Entrada inopinada do pedestre;Atropelamento de Pedestre;Com Vítimas Feridas;Plena Noite;Decrescente;Céu Claro;Dupla;Reta;Sim;2;0;1;1;0;0;2;2;-25,0805653;-50,20175905;SPRF-PR;DEL03-PR;UOP01-DEL03-PR
601876;20/05/2024;segunda-feira;18:30:00;PR;116;118;CURITIBA;Pedestre cruzava a pista fora da faixa;Atropelamento de Pedestre;Com Vítimas Feridas;Plena Noite;Crescente;Céu Claro;Dupla;Reta;Não;2;0;1;1;0;0;2;2;-25,54657438;-49,29173608;SPRF-PR;DEL01-PR;UOP03-DEL01-PR
601877;20/05/2024;segunda-feira;17:45:00;ES;101;140,2;LINHARES;Animais na Pista;Atropelamento de Animal;Com Vítimas Feridas;Anoitecer;Decrescente;Céu Claro;Múltipla;Reta;Sim;1;0;1;0;0;0;1;1;-19,31969892;-40,07471323;SPRF-ES;DEL04-ES;UOP01-DEL04-ES
601879;20/05/2024;segunda-feira;18:50:00;SP;381;22;BRAGANCA PAULISTA;Ausência de sinalização;Tombamento;Com Vítimas Feridas;Plena Noite;Decrescente;Céu Claro;Múltipla;Aclive;Não;1;0;1;0;0;0;1;1;-22,99697186;-46,5163051;SPRF-SP;DEL03-SP;UOP02-DEL03-SP
601880;20/05/2024;segunda-feira;18:15:00;PI;343;329;TERESINA;Transitar na contramão;Colisão frontal;Com Vítimas Feridas;Plena Noite;Crescente;Céu Claro;Simples;Reta;Não;2;0;1;1;0;0;2;2;-5,064808;-42,641769;SPRF-PI;DEL01-PI;UOP01-DEL01-PI
601881;20/05/2024;segunda-feira;18:10:00;RJ;40;105;DUQUE DE CAXIAS;Ausência de reação do condutor;Colisão frontal;Com Vítimas Feridas;Plena Noite;Decrescente;Céu Claro;Simples;"Reta;Interseção de Vias;Retorno Regulamentado;Aclive";Sim;2;0;1;1;0;0;2;2;-22,63784806;-43,28428824;SPRF-RJ;DEL01-RJ;UOP02-DEL01-RJ
601882;20/05/2024;segunda-feira;18:50:00;GO;153;443;ANAPOLIS;Reação tardia ou ineficiente do condutor;Queda de ocupante de veículo;Com Vítimas Feridas;Plena Noite;Crescente;Céu Claro;Dupla;Rotatória;Sim;1;0;0;1;0;0;1;1;-16,35333309;-48,92908573;SPRF-GO;DEL02-GO;UOP01-DEL02-GO
601883;20/05/2024;segunda-feira;17:45:00;MT;163;831,6;SINOP;Condutor deixou de manter distância do veículo da frente;Colisão traseira;Com Vítimas Feridas;Anoitecer;Crescente;Céu Claro;Dupla;Retorno Regulamentado;Sim;3;0;1;0;2;0;1;2;-11,89195756;-55,50312465;SPRF-MT;DEL06-MT;UOP02-DEL06-MT
601884;18/05/2024;sábado;23:50:00;SC;470;61,4;BLUMENAU;Reação tardia ou ineficiente do condutor;Saída de leito carroçável;Sem Vítimas;Plena Noite;Decrescente;Chuva;Simples;Reta;Não;1;0;0;0;0;1;0;1;-26,87725067;-49,17807162;SPRF-SC;DEL04-SC;UOP01-DEL04-SC
601885;20/05/2024;segunda-feira;19:10:00;SP;153;91,4;JACI;Acumulo de areia ou detritos sobre o pavimento;Tombamento;Com Vítimas Feridas;Plena Noite;Crescente;Céu Claro;Simples;"Curva;Desvio Temporário";Não;1;0;1;0;0;0;1;1;-20,96277956;-49,56805716;SPRF-SP;DEL09-SP;UOP01-DEL09-SP
601886;20/05/2024;segunda-feira;19:30:00;PE;101;69,5;RECIFE;Entrada inopinada do pedestre;Atropelamento de Pedestre;Com Vítimas Feridas;Plena Noite;Crescente;Céu Claro;Dupla;Interseção de Vias;Sim;2;0;0;1;1;0;1;2;-8,06416923;-34,94418383;SPRF-PE;DEL01-PE;UOP01-DEL01-PE
601887;20/05/2024;segunda-feira;19:00:00;SP;116;143;SAO JOSE DOS CAMPOS;Acessar a via sem observar a presença dos outros veículos;Colisão lateral mesmo sentido;Com Vítimas Feridas;Plena Noite;Decrescente;Nublado;Dupla;Reta;Sim;2;0;1;0;1;0;1;2;-23,17849879;-45,83787411;SPRF-SP;DEL02-SP;UOP01-DEL02-SP
601888;20/05/2024;segunda-feira;19:40:00;RJ;116;82;TERESOPOLIS;Transitar na contramão;Colisão transversal;Com Vítimas Feridas;Pleno dia;Crescente;Chuva;Simples;"Reta;Aclive";Sim;2;0;0;1;1;0;1;2;-22,4065491;-42,95136745;SPRF-RJ;DEL04-RJ;UOP01-DEL04-RJ
601889;20/05/2024;segunda-feira;18:30:00;MS;262;326,1;CAMPO GRANDE;Ausência de reação do condutor;Colisão traseira;Com Vítimas Feridas;Plena Noite;Decrescente;Céu Claro;Dupla;Reta;Sim;5;0;1;0;4;0;1;2;-20,468481;-54,535004;SPRF-MS;DEL01-MS;UOP01-DEL01-MS
601890;20/05/2024;segunda-feira;19:00:00;RS;285;188,1;LAGOA VERMELHA;Transitar na contramão;Colisão frontal;Com Vítimas Fatais;Plena Noite;Crescente;Céu Claro;Simples;Reta;Não;3;1;1;0;0;1;1;3;-28,281801;-51,467041;SPRF-RS;DEL08-RS;UOP05-DEL08-RS
601891;20/05/2024;segunda-feira;18:05:00;MT;163;839;SINOP;Acessar a via sem observar a presença dos outros veículos;Colisão transversal;Com Vítimas Feridas;Plena Noite;Decrescente;Céu Claro;Dupla;"Retorno Regulamentado;Reta;Interseção de Vias";Sim;2;0;0;1;1;0;1;2;-11,82757885;-55,48655105;SPRF-MT;DEL06-MT;UOP02-DEL06-MT
601893;20/05/2024;segunda-feira;20:00:00;PR;116;116;CURITIBA;Ausência de reação do condutor;Colisão lateral mesmo sentido;Sem Vítimas;Plena Noite;Crescente;Céu Claro;Dupla;Reta;Sim;2;0;0;0;2;0;0;2;-25,54998055;-49,30490613;SPRF-PR;DEL01-PR;UOP03-DEL01-PR
601895;20/05/2024;segunda-feira;20:18:00;PR;469;13;FOZ DO IGUACU;Afundamento ou ondulação no pavimento;Colisão lateral mesmo sentido;Com Vítimas Feridas;Plena Noite;Decrescente;Nevoeiro/Neblina;Dupla;Reta;Sim;3;0;1;0;2;0;1;2;-25,5754;-54,5489;SPRF-PR;DEL05-PR;UOP04-DEL05-PR
601899;20/05/2024;segunda-feira;19:55:00;RS;285;425,6;PANAMBI;Ingestão de álcool pelo condutor;Colisão lateral sentido oposto;Com Vítimas Feridas;Plena Noite;Decrescente;Céu Claro;Simples;Reta;Não;3;0;2;0;1;0;2;2;-28,32002229;-53,61748695;SPRF-RS;DEL10-RS;UOP01-DEL10-RS
601900;20/05/2024;segunda-feira;20:27:00;PA;316;59;CASTANHAL;Acessar a via sem observar a presença dos outros veículos;Colisão traseira;Com Vítimas Feridas;Plena Noite;Crescente;Nublado;Dupla;"Retorno Regulamentado;Reta";Sim;5;0;2;0;3;0;2;2;-1,29878288;-47,96418102;SPRF-PA;DEL01-PA;UOP01-DEL01-PA
601901;09/02/2024;sexta-feira;20:50:00;SC;101;424,9;ARARANGUA;Desrespeitar a preferência no cruzamento;Colisão transversal;Com Vítimas Feridas;Plena Noite;Crescente;Nublado;Múltipla;Reta;Sim;2;0;0;1;1;0;1;2;-29,01601155;-49,58269226;SPRF-SC;DEL02-SC;UOP02-DEL02-SC
601902;20/05/2024;segunda-feira;18:35:00;RJ;101;392;RIO DE JANEIRO;Condutor deixou de manter distância do veículo da frente;Colisão traseira;Com Vítimas Feridas;Plena Noite;Crescente;Chuva;Dupla;Reta;Sim;3;0;2;0;0;1;2;2;-22,89265625;-43,6945091;SPRF-RJ;DEL03-RJ;UOP01-DEL03-RJ
601903;20/05/2024;segunda-feira;19:00:00;SC;101;410,5;ARARANGUA;Ausência de reação do condutor;Saída de leito carroçável;Com Vítimas Feridas;Plena Noite;Crescente;Nublado;Simples;"Aclive;Curva";Não;1;0;0;1;0;0;1;1;-28,92989482;-49,51436162;SPRF-SC;DEL02-SC;UOP02-DEL02-SC
601904;20/05/2024;segunda-feira;20:15:00;RJ;40;62;PETROPOLIS;Transitar na contramão;Colisão frontal;Com Vítimas Feridas;Plena Noite;Decrescente;Céu Claro;Simples;Curva;Sim;4;0;4;0;0;0;4;2;-22,40916052;-43,14896107;SPRF-RJ;DEL05-RJ;UOP02-DEL05-RJ
601906;20/05/2024;segunda-feira;21:20:00;RJ;116;182;NOVA IGUACU;Ausência de reação do condutor;Colisão traseira;Com Vítimas Feridas;Plena Noite;Crescente;Céu Claro;Dupla;Reta;Não;2;0;1;0;1;0;1;2;-22,7567755;-43,43107234;SPRF-RJ;DEL06-RJ;UOP01-DEL06-RJ
601907;20/05/2024;segunda-feira;16:00:00;PI;407;429,7;GEMINIANO;Ausência de reação do condutor;Colisão traseira;Com Vítimas Feridas;Pleno dia;Crescente;Céu Claro;Simples;Reta;Não;2;0;0;1;1;0;1;2;-7,12295876;-41,40067678;SPRF-PI;DEL04-PI;UOP01-DEL04-PI
601909;20/05/2024;segunda-feira;20:55:00;RN;406;169;SAO GONCALO DO AMARANTE;Pista Escorregadia;Tombamento;Com Vítimas Feridas;Plena Noite;Crescente;Céu Claro;Dupla;"Reta;Interseção de Vias";Sim;1;0;1;0;0;0;1;1;-5,75794929;-35,30152917;SPRF-RN;DEL02-RN;UOP01-DEL02-RN
601911;20/05/2024;segunda-feira;20:35:00;MS;163;350,5;RIO BRILHANTE;Demais falhas mecânicas ou elétricas;Incêndio;Sem Vítimas;Plena Noite;Crescente;Céu Claro;Simples;Reta;Não;3;0;0;0;3;0;0;1;-21,59134601;-54,43393798;SPRF-MS;DEL02-MS;UOP02-DEL02-MS
601912;20/05/2024;segunda-feira;19:25:00;RS;153;47,7;ERECHIM;Condutor deixou de manter distância do veículo da frente;Colisão traseira;Com Vítimas Feridas;Plena Noite;Crescente;Céu Claro;Múltipla;"Reta;Interseção de Vias";Sim;2;0;1;0;1;0;1;2;-27,64573028;-52,25074033;SPRF-RS;DEL08-RS;UOP04-DEL08-RS
601914;12/05/2024;domingo;20:10:00;SC;101;207;SAO JOSE;Condutor deixou de manter distância do veículo da frente;Engavetamento;Com Vítimas Feridas;Plena Noite;Crescente;Céu Claro;Múltipla;"Reta;Interseção de Vias";Sim;4;0;1;0;3;0;1;3;-27,60001226;-48,6226467;SPRF-SC;DEL01-SC;UOP01-DEL01-SC
601915;20/05/2024;segunda-feira;20:00:00;MG;262;686,8;ARAXA;Ausência de reação do condutor;Colisão traseira;Sem Vítimas;Plena Noite;Crescente;Céu Claro;Simples;Reta;Não;3;0;0;0;3;0;0;2;-19,54929517;-46,93868705;SPRF-MG;DEL08-MG;UOP01-DEL08-MG
601917;20/05/2024;segunda-feira;21:30:00;SC;101;151;ITAPEMA;Mal súbito do condutor;Colisão com objeto;Com Vítimas Feridas;Plena Noite;Decrescente;Céu Claro;Dupla;Reta;Sim;1;0;1;0;0;0;1;1;-27,126536;-48,609642;SPRF-SC;DEL04-SC;UOP03-DEL04-SC
601918;20/05/2024;segunda-feira;18:40:00;MT;163;1030;TERRA NOVA DO NORTE;Acessar a via sem observar a presença dos outros veículos;Atropelamento de Pedestre;Com Vítimas Feridas;Plena Noite;Crescente;Céu Claro;Simples;Reta;Sim;2;0;0;1;1;0;1;2;-10,36052697;-55,04462611;SPRF-MT;DEL06-MT;UOP03-DEL06-MT
601921;20/05/2024;segunda-feira;21:20:00;ES;259;101,6;BAIXO GUANDU;Reação tardia ou ineficiente do condutor;Saída de leito carroçável;Com Vítimas Feridas;Plena Noite;Decrescente;Céu Claro;Simples;Curva;Sim;1;0;0;1;0;0;1;1;-19,52023464;-41,00239031;SPRF-ES;DEL02-ES;UOP01-DEL02-ES
601922;20/05/2024;segunda-feira;21:38:00;PB;230;507;CAJAZEIRAS;Animais na Pista;Atropelamento de Animal;Com Vítimas Feridas;Plena Noite;Decrescente;Céu Claro;Simples;Reta;Sim;1;0;0;1;0;0;1;1;-6,9024;-38,5643;SPRF-PB;DEL03-PB;UOP03-DEL03-PB
601923;20/05/2024;segunda-feira;21:50:00;SC;101;327,3;CAPIVARI DE BAIXO;Mal súbito do condutor;Saída de leito carroçável;Sem Vítimas;Plena Noite;Crescente;Nublado;Múltipla;"Viaduto;Aclive;Interseção de Vias";Sim;1;0;0;0;1;0;0;1;-28,43023306;-48,95205197;SPRF-SC;DEL02-SC;UOP01-DEL02-SC
601924;20/05/2024;segunda-feira;21:46:00;MA;135;23;SAO LUIS;Transitar na contramão;Colisão frontal;Sem Vítimas;Plena Noite;Decrescente;Céu Claro;Dupla;Retorno Regulamentado;Sim;2;0;0;0;1;1;0;2;-2,53073;-44,3068;SPRF-MA;DEL01-MA;UOP01-DEL01-MA
601925;20/05/2024;segunda-feira;23:12:00;PR;277;81;CURITIBA;Demais falhas mecânicas ou elétricas;Incêndio;Sem Vítimas;Plena Noite;Crescente;Garoa/Chuvisco;Dupla;Reta;Não;2;0;0;0;2;0;0;1;-25,46263831;-49,21825097;SPRF-PR;DEL01-PR;UOP07-DEL01-PR
601926;20/05/2024;segunda-feira;22:20:00;AL;104;92;RIO LARGO;Condutor deixou de manter distância do veículo da frente;Colisão traseira;Com Vítimas Feridas;Plena Noite;Crescente;Chuva;Dupla;Reta;Sim;3;0;0;2;0;1;2;2;-9,51818474;-35,80329441;SPRF-AL;DEL01-AL;UOP01-DEL01-AL
601927;20/05/2024;segunda-feira;22:50:00;RJ;101;66;CAMPOS DOS GOYTACAZES;Transitar na contramão;Colisão frontal;Com Vítimas Feridas;Plena Noite;Decrescente;Céu Claro;Simples;"Reta;Interseção de Vias;Rotatória";Sim;5;0;1;0;4;0;1;2;-21,767008;-41,347268;SPRF-RJ;DEL08-RJ;UOP02-DEL08-RJ
601929;20/05/2024;segunda-feira;23:30:00;RJ;40;93;PETROPOLIS;Condutor deixou de manter distância do veículo da frente;Colisão traseira;Sem Vítimas;Plena Noite;Crescente;Garoa/Chuvisco;Dupla;Curva;Não;2;0;0;0;2;0;0;2;-22,5554282;-43,25829998;SPRF-RJ;DEL01-RJ;UOP01-DEL01-RJ
601934;21/05/2024;terça-feira;01:30:00;MT;174;4;PONTES E LACERDA;Ingestão de álcool pelo condutor;Tombamento;Com Vítimas Feridas;Plena Noite;Crescente;Céu Claro;Simples;"Interseção de Vias;Reta";Sim;1;0;1;0;0;0;1;1;-15,23543397;-59,34243679;SPRF-MT;DEL04-MT;UOP01-DEL04-MT
601935;21/05/2024;terça-feira;03:50:00;RJ;116;179;BELFORD ROXO;Ausência de reação do condutor;Colisão traseira;Com Vítimas Feridas;Plena Noite;Crescente;Céu Claro;Dupla;Reta;Não;3;0;0;1;0;2;1;3;-22,769902;-43,408036;SPRF-RJ;DEL06-RJ;UOP01-DEL06-RJ
601936;21/05/2024;terça-feira;03:30:00;PR;116;5;CAMPINA GRANDE DO SUL;Reação tardia ou ineficiente do condutor;Saída de leito carroçável;Com Vítimas Feridas;Plena Noite;Decrescente;Chuva;Dupla;Curva;Não;5;0;5;0;0;0;5;1;-25,08301297;-48,59994703;SPRF-PR;DEL01-PR;UOP02-DEL01-PR
601937;21/05/2024;terça-feira;04:10:00;MG;116;301,8;ITAMBACURI;Animais na Pista;Atropelamento de Animal;Com Vítimas Feridas;Plena Noite;Decrescente;Ignorado;Simples;Reta;Não;5;0;1;0;4;0;1;2;-18,01809416;-41,63418999;SPRF-MG;DEL11-MG;UOP01-DEL11-MG
601938;21/05/2024;terça-feira;05:45:00;ES;101;292,3;CARIACICA;Ausência de reação do condutor;Colisão com objeto;Com Vítimas Fatais;Amanhecer;Decrescente;Céu Claro;Dupla;"Reta;Declive";Sim;1;1;0;0;0;0;0;1;-20,30650512;-40,39488717;SPRF-ES;DEL01-ES;UOP01-DEL01-ES
601939;21/05/2024;terça-feira;06:00:00;PE;101;63;RECIFE;Reação tardia ou ineficiente do condutor;Colisão lateral mesmo sentido;Com Vítimas Feridas;Pleno dia;Crescente;Céu Claro;Dupla;Reta;Sim;2;0;1;0;1;0;1;2;-8,00800604;-34,93756535;SPRF-PE;DEL01-PE;UOP01-DEL01-PE
601940;21/05/2024;terça-feira;07:00:00;SP;116;209;GUARULHOS;Trafegar com motocicleta (ou similar) entre as faixas;Colisão traseira;Com Vítimas Feridas;Pleno dia;Crescente;Sol;Dupla;"Reta;Aclive";Sim;2;0;2;0;0;0;2;2;-23,42511799;-46,40221101;SPRF-SP;DEL01-SP;UOP01-DEL01-SP
601941;21/05/2024;terça-feira;06:57:00;PE;101;66;RECIFE;Manobra de mudança de faixa;Colisão lateral mesmo sentido;Com Vítimas Feridas;Pleno dia;Decrescente;Sol;Múltipla;Interseção de Vias;Sim;2;0;0;1;1;0;1;2;-8,03368534;-34,94184125;SPRF-PE;DEL01-PE;UOP01-DEL01-PE
601942;21/05/2024;terça-feira;06:20:00;RJ;116;306;RESENDE;Acessar a via sem observar a presença dos outros veículos;Colisão transversal;Com Vítimas Feridas;Amanhecer;Decrescente;Céu Claro;Dupla;Reta;Não;2;0;1;1;0;0;2;2;-22,45645538;-44,40259093;SPRF-RJ;DEL07-RJ;UOP02-DEL07-RJ
601943;21/05/2024;terça-feira;06:50:00;ES;101;296,2;CARIACICA;Ausência de reação do condutor;Colisão traseira;Com Vítimas Feridas;Pleno dia;Decrescente;Céu Claro;Múltipla;"Curva;Viaduto";Sim;2;0;1;0;1;0;1;2;-20,34029997;-40,40405712;SPRF-ES;DEL01-ES;UOP01-DEL01-ES
601944;21/05/2024;terça-feira;07:20:00;SP;381;50;ATIBAIA;Reação tardia ou ineficiente do condutor;Capotamento;Com Vítimas Feridas;Pleno dia;Crescente;Céu Claro;Dupla;Declive;Sim;4;0;4;0;0;0;4;1;-23,21359807;-46,59367981;SPRF-SP;DEL03-SP;UOP01-DEL03-SP
601945;21/05/2024;terça-feira;07:15:00;TO;10;454;PALMAS;Reação tardia ou ineficiente do condutor;Colisão traseira;Com Vítimas Feridas;Pleno dia;Crescente;Céu Claro;Múltipla;Reta;Sim;2;0;1;0;1;0;1;2;-10,22066983;-48,16302307;SPRF-TO;DEL01-TO;UOP03-DEL01-TO
601947;21/05/2024;terça-feira;07:10:00;SC;101;198,6;BIGUACU;Avarias e/ou desgaste excessivo no pneu;Queda de ocupante de veículo;Com Vítimas Feridas;Pleno dia;Decrescente;Céu Claro;Simples;Reta;Não;1;0;1;0;0;0;1;1;-27,52658712;-48,63506019;SPRF-SC;DEL01-SC;UOP01-DEL01-SC
601948;21/05/2024;terça-feira;07:20:00;PI;316;18,7;TERESINA;Avarias e/ou desgaste excessivo no pneu;Queda de ocupante de veículo;Com Vítimas Feridas;Pleno dia;Decrescente;Céu Claro;Dupla;Reta;Não;2;0;1;0;1;0;1;1;-5,254235;-42,729543;SPRF-PI;DEL01-PI;UOP02-DEL01-PI
601951;21/05/2024;terça-feira;07:00:00;MG;116;582,1;MANHUACU;Reação tardia ou ineficiente do condutor;Colisão lateral mesmo sentido;Com Vítimas Feridas;Pleno dia;Decrescente;Nevoeiro/Neblina;Simples;Reta;Não;3;0;2;0;1;0;2;2;-20,20514103;-42,18239627;SPRF-MG;DEL06-MG;UOP03-DEL06-MG