id;data_inversa;dia_semana;horario;uf;br;km;municipio;causa_acidente;tipo_acidente;classificacao_acidente;fase_dia;sentido_via;condicao_metereologica;tipo_pista;tracado_via;uso_solo;pessoas;mortos;feridos_leves;feridos_graves;ilesos;ignorados;feridos;veiculos;latitude;longitude;regional;delegacia;uop
602349;23/05/2024;quinta-feira;06:45:00;RJ;101;61;CAMPOS DOS GOYTACAZES;Acessar a via sem observar a presença dos outros veículos;Colisão transversal;Com Vítimas Feridas;Pleno dia;Decrescente;Céu Claro;Simples;Reta;Sim;3;0;2;0;1;0;2;2;-21,72655788;-41,32133519;SPRF-RJ;DEL08-RJ;UOP01-DEL08-RJ
602350;23/05/2024;quinta-feira;07:30:00;SP;116;206;GUARULHOS;Trafegar com motocicleta (ou similar) entre as faixas;Tombamento;Com Vítimas Feridas;Pleno dia;Crescente;Céu Claro;Dupla;"Reta;Em Obras";Sim;1;0;1;0;0;0;1;1;-23,41722629;-46,37510292;SPRF-SP;DEL01-SP;UOP01-DEL01-SP
602351;23/05/2024;quinta-feira;07:30:00;SP;116;224;GUARULHOS;Trafegar com motocicleta (ou similar) entre as faixas;Colisão lateral mesmo sentido;Com Vítimas Feridas;Pleno dia;Crescente;Céu Claro;Múltipla;Reta;Sim;3;0;1;0;2;0;1;3;-23,48071896;-46,53271603;SPRF-SP;DEL01-SP;UOP01-DEL01-SP
602353;23/05/2024;quinta-feira;07:40:00;DF;70;3;BRASILIA;Manobra de mudança de faixa;Colisão traseira;Com Vítimas Feridas;Pleno dia;Decrescente;Céu Claro;Dupla;Reta;Não;2;0;1;0;1;0;1;2;-15,802453;-48,080387;SPRF-DF;DEL03-DF;UOP02-DEL03-DF
602354;23/05/2024;quinta-feira;04:00:00;MA;222;669;ACAILANDIA;Animais na Pista;Atropelamento de Animal;Com Vítimas Feridas;Plena Noite;Crescente;Nublado;Simples;"Reta;Declive";Sim;2;0;1;0;1;0;1;2;-4,9115858;-47,41511612;SPRF-MA;DEL04-MA;UOP03-DEL04-MA
602355;23/05/2024;quinta-feira;07:45:00;RJ;493;25;MAGE;Condutor deixou de manter distância do veículo da frente;Colisão traseira;Sem Vítimas;Pleno dia;Decrescente;Céu Claro;Simples;Curva;Não;3;0;0;0;3;0;0;3;-22,65807644;-43,08844328;SPRF-RJ;DEL04-RJ;UOP02-DEL04-RJ
602357;23/05/2024;quinta-feira;07:15:00;RS;116;522;PELOTAS;Ausência de reação do condutor;Colisão com objeto;Sem Vítimas;Pleno dia;Decrescente;Chuva;Simples;Reta;Não;2;0;0;0;2;0;0;2;-31,714441;-52,374715;SPRF-RS;DEL07-RS;UOP01-DEL07-RS
602359;23/05/2024;quinta-feira;08:11:00;RN;101;97;NATAL;Chuva;Tombamento;Com Vítimas Feridas;Pleno dia;Decrescente;Chuva;Múltipla;"Reta;Viaduto";Sim;1;0;1;0;0;0;1;1;-5,85758898;-35,21271205;SPRF-RN;DEL01-RN;UOP01-DEL01-RN
602362;23/05/2024;quinta-feira;08:37:00;GO;40;1,6;VALPARAISO DE GOIAS;Ausência de reação do condutor;Colisão com objeto;Com Vítimas Feridas;Pleno dia;Crescente;Céu Claro;Simples;Reta;Sim;1;0;1;0;0;0;1;1;-16,06603201;-47,98378587;SPRF-DF;DEL01-DF;UOP01-DEL01-DF
602366;08/01/2024;segunda-feira;08:00:00;BA;101;876;TEIXEIRA DE FREITAS;Acessar a via sem observar a presença dos outros veículos;Colisão transversal;Com Vítimas Feridas;Pleno dia;Decrescente;Céu Claro;Simples;Interseção de Vias;Sim;3;0;1;2;0;0;3;2;-17,55500924;-39,72106934;SPRF-BA;DEL09-BA;UOP02-DEL09-BA
602368;23/05/2024;quinta-feira;09:00:00;SP;381;27;ATIBAIA;Manobra de mudança de faixa;Colisão lateral mesmo sentido;Com Vítimas Feridas;Pleno dia;Decrescente;Céu Claro;Múltipla;Reta;Sim;2;0;1;0;1;0;1;2;-23,03325858;-46,54275266;SPRF-SP;DEL03-SP;UOP02-DEL03-SP
602369;23/05/2024;quinta-feira;09:04:00;SP;116;209;GUARULHOS;Ausência de reação do condutor;Colisão traseira;Com Vítimas Feridas;Pleno dia;Decrescente;Céu Claro;Múltipla;Reta;Sim;2;0;1;0;1;0;1;2;-23,42511799;-46,40221101;SPRF-SP;DEL01-SP;UOP01-DEL01-SP
602370;23/05/2024;quinta-feira;08:55:00;SC;101;56,9;ARAQUARI;Velocidade Incompatível;Colisão com objeto;Com Vítimas Feridas;Pleno dia;Crescente;Céu Claro;Dupla;Reta;Sim;1;0;1;0;0;0;1;1;-26,43207484;-48,82263984;SPRF-SC;DEL03-SC;UOP01-DEL03-SC
602371;23/05/2024;quinta-feira;09:15:00;RS;392;673,7;SALVADOR DAS MISSOES;Velocidade Incompatível;Saída de leito carroçável;Com Vítimas Feridas;Pleno dia;Decrescente;Chuva;Simples;"Reta;Interseção de Vias";Não;1;0;1;0;0;0;1;1;-28,11996557;-54,84593868;SPRF-RS;DEL10-RS;UOP01-DEL10-RS
602372;07/05/2024;terça-feira;17:30:00;PR;277;2;FOZ DO IGUACU;Acessar a via sem observar a presença dos outros veículos;Colisão transversal;Com Vítimas Feridas;Pleno dia;Crescente;Ignorado;Dupla;Reta;Sim;2;0;0;1;0;1;1;2;-25,49063799;-54,58304817;SPRF-PR;DEL05-PR;UOP03-DEL05-PR
602373;21/02/2024;quarta-feira;17:00:00;TO;242;381;GURUPI;Manobra de mudança de faixa;Colisão transversal;Com Vítimas Feridas;Pleno dia;Crescente;Céu Claro;Simples;Reta;Não;3;0;0;1;2;0;1;2;-11,72898201;-49,06737999;SPRF-TO;DEL01-TO;UOP02-DEL01-TO
602374;23/05/2024;quinta-feira;08:35:00;BA;116;28,8;VITORIA DA CONQUISTA;Demais falhas mecânicas ou elétricas;Tombamento;Com Vítimas Feridas;Pleno dia;Crescente;Sol;Simples;Reta;Não;2;0;2;0;0;0;2;1;-14,8333841;-40,823268;SPRF-BA;DEL08-BA;UOP01-DEL08-BA
602377;23/05/2024;quinta-feira;09:40:00;SP;116;192;SANTA ISABEL;Reação tardia ou ineficiente do condutor;Colisão com objeto;Com Vítimas Feridas;Pleno dia;Decrescente;Céu Claro;Múltipla;Curva;Sim;2;0;0;1;1;0;1;1;-23,376923;-46,249733;SPRF-SP;DEL01-SP;UOP01-DEL01-SP
602378;23/05/2024;quinta-feira;09:45:00;PB;230;8,5;CABEDELO;Objeto estático sobre o leito carroçável;Colisão com objeto;Com Vítimas Feridas;Pleno dia;Crescente;Céu Claro;Múltipla;"Reta;Declive;Viaduto";Não;2;0;1;0;1;0;1;2;-7,04087725;-34,84533048;SPRF-PB;DEL01-PB;UOP01-DEL01-PB
602379;23/05/2024;quinta-feira;09:10:00;MG;262;479;BOM DESPACHO;Acessar a via sem observar a presença dos outros veículos;Colisão transversal;Com Vítimas Feridas;Pleno dia;Crescente;Céu Claro;Simples;Reta;Não;2;0;2;0;0;0;2;2;-19,78388415;-45,27059382;SPRF-MG;DEL08-MG;UOP03-DEL08-MG
602380;23/05/2024;quinta-feira;10:00:00;MG;40;498,1;ESMERALDAS;Ausência de reação do condutor;Colisão traseira;Com Vítimas Feridas;Pleno dia;Decrescente;Céu Claro;Dupla;"Reta;Aclive";Não;2;0;2;0;0;0;2;2;-19,68467685;-44,18191183;SPRF-MG;DEL02-MG;UOP01-DEL02-MG
602381;23/05/2024;quinta-feira;08:42:00;PR;277;730;FOZ DO IGUACU;Frear bruscamente;Colisão lateral mesmo sentido;Sem Vítimas;Pleno dia;Crescente;Céu Claro;Simples;Curva;Não;2;0;0;0;2;0;0;2;-25,50826305;-54,59238593;SPRF-PR;DEL05-PR;UOP03-DEL05-PR
602382;11/05/2024;sábado;16:00:00;CE;222;36;CAUCAIA;Ausência de reação do condutor;Colisão traseira;Sem Vítimas;Pleno dia;Decrescente;Céu Claro;Simples;Reta;Não;2;0;0;0;1;1;0;2;-3,69766843;-38,87312982;SPRF-CE;DEL01-CE;UOP01-DEL01-CE
602384;23/05/2024;quinta-feira;09:26:00;MG;116;258;TEOFILO OTONI;Ausência de reação do condutor;Tombamento;Com Vítimas Feridas;Pleno dia;Decrescente;Céu Claro;Simples;Curva;Não;2;0;1;1;0;0;2;1;-17,70773421;-41,48826483;SPRF-MG;DEL11-MG;UOP01-DEL11-MG
602385;23/05/2024;quinta-feira;10:00:00;PR;369;154;LONDRINA;Acessar a via sem observar a presença dos outros veículos;Colisão transversal;Sem Vítimas;Pleno dia;Decrescente;Céu Claro;Dupla;Reta;Sim;2;0;0;0;1;1;0;2;-23,29727965;-51,20256543;SPRF-PR;DEL07-PR;UOP01-DEL07-PR
602387;12/05/2024;domingo;14:20:00;PE;232;335;CUSTODIA;Transitar na contramão;Colisão frontal;Com Vítimas Fatais;Pleno dia;Crescente;Céu Claro;Simples;Reta;Não;2;1;1;0;0;0;1;2;-8,0843408;-37,64570494;SPRF-PE;DEL04-PE;UOP02-DEL04-PE
602388;23/05/2024;quinta-feira;10:00:00;ES;101;278,1;SERRA;Reação tardia ou ineficiente do condutor;Colisão lateral mesmo sentido;Com Vítimas Feridas;Pleno dia;Crescente;Céu Claro;Dupla;Reta;Sim;2;0;0;1;1;0;1;2;-20,217126;-40,331103;SPRF-ES;DEL02-ES;UOP01-DEL02-ES
602389;23/05/2024;quinta-feira;09:50:00;RS;290;69,4;GRAVATAI;Acumulo de água sobre o pavimento;Saída de leito carroçável;Sem Vítimas;Pleno dia;Decrescente;Chuva;Múltipla;Reta;Sim;2;0;0;0;2;0;0;1;-29,944933;-50,946438;SPRF-RS;DEL03-RS;UOP01-DEL03-RS
602390;23/05/2024;quinta-feira;11:00:00;MG;381;837,3;SAO SEBASTIAO DA BELA VISTA;Ausência de reação do condutor;Saída de leito carroçável;Sem Vítimas;Pleno dia;Decrescente;Sol;Dupla;"Curva;Aclive";Não;2;0;0;0;2;0;0;1;-22,14591799;-45,81928692;SPRF-MG;DEL16-MG;UOP01-DEL16-MG
602391;23/05/2024;quinta-feira;10:50:00;RS;0;0;BENTO GONCALVES;Acessar a via sem observar a presença dos outros veículos;Colisão transversal;Com Vítimas Feridas;Pleno dia;Não Informado;Garoa/Chuvisco;Simples;"Interseção de Vias;Reta";Sim;3;0;1;0;2;0;1;2;-29,16716125;-51,50895953;SPRF-RS;DEL06-RS;UOP01-DEL06-RS
602395;23/05/2024;quinta-feira;11:00:00;CE;222;21;CAUCAIA;Acesso irregular;Colisão lateral mesmo sentido;Sem Vítimas;Pleno dia;Decrescente;Céu Claro;Simples;"Reta;Em Obras;Desvio Temporário";Não;2;0;0;0;1;1;0;2;-3,73715313;-38,74293507;SPRF-CE;DEL01-CE;UOP01-DEL01-CE
602398;23/05/2024;quinta-feira;12:25:00;SC;101;44;JOINVILLE;Ausência de reação do condutor;Queda de ocupante de veículo;Com Vítimas Feridas;Pleno dia;Crescente;Céu Claro;Simples;Declive;Sim;1;0;1;0;0;0;1;1;-26,31238996;-48,87458997;SPRF-SC;DEL03-SC;UOP01-DEL03-SC
602400;23/05/2024;quinta-feira;09:15:00;PA;230;120;MARABA;Ausência de reação do condutor;Engavetamento;Sem Vítimas;Pleno dia;Decrescente;Céu Claro;Dupla;"Reta;Ponte";Sim;4;0;0;0;4;0;0;4;-5,35038318;-49,11434;SPRF-PA;DEL03-PA;UOP01-DEL03-PA
602401;23/05/2024;quinta-feira;12:00:00;GO;452;17;RIO VERDE;Retorno proibido;Colisão traseira;Com Vítimas Feridas;Pleno dia;Decrescente;Céu Claro;Simples;Reta;Não;6;0;1;0;5;0;1;2;-17,85575304;-50,75816802;SPRF-GO;DEL04-GO;UOP01-DEL04-GO
602403;23/05/2024;quinta-feira;12:30:00;RJ;101;315;SAO GONCALO;Condutor deixou de manter distância do veículo da frente;Engavetamento;Com Vítimas Feridas;Pleno dia;Crescente;Céu Claro;Dupla;Reta;Sim;4;0;1;0;3;0;1;3;-22,82262092;-43,08460805;SPRF-RJ;DEL02-RJ;UOP02-DEL02-RJ
602405;23/05/2024;quinta-feira;08:37:00;MG;381;573;ITAGUARA;Condutor Dormindo;Saída de leito carroçável;Com Vítimas Feridas;Pleno dia;Decrescente;Céu Claro;Dupla;Reta;Não;1;0;1;0;0;0;1;1;-20,43626238;-44,55805779;SPRF-MG;DEL04-MG;UOP01-DEL04-MG
602406;23/05/2024;quinta-feira;12:50:00;RS;290;100,5;PORTO ALEGRE;Ausência de reação do condutor;Colisão lateral mesmo sentido;Com Vítimas Feridas;Pleno dia;Crescente;Chuva;Múltipla;Reta;Não;2;0;0;1;1;0;1;2;-29,988646;-51,236553;SPRF-RS;DEL01-RS;UOP01-DEL01-RS
602408;23/05/2024;quinta-feira;11:00:00;RO;364;747;PORTO VELHO;Velocidade Incompatível;Saída de leito carroçável;Sem Vítimas;Pleno dia;Decrescente;Céu Claro;Simples;Reta;Não;3;0;0;0;3;0;0;1;-9,03612012;-64,00845631;SPRF-RO;DEL01-RO;UOP02-DEL01-RO
602409;23/05/2024;quinta-feira;09:56:00;RO;364;347;JI-PARANA;Condutor Dormindo;Saída de leito carroçável;Sem Vítimas;Pleno dia;Decrescente;Céu Claro;Simples;Reta;Sim;1;0;0;0;1;0;0;1;-10,86070186;-61,9761549;SPRF-RO;DEL02-RO;UOP01-DEL02-RO
602410;23/05/2024;quinta-feira;12:50:00;RS;386;165,9;CARAZINHO;Ausência de reação do condutor;Saída de leito carroçável;Com Vítimas Feridas;Pleno dia;Crescente;Chuva;Simples;"Reta;Declive";Não;1;0;1;0;0;0;1;1;-28,197134;-52,827736;SPRF-RS;DEL08-RS;UOP01-DEL08-RS
602412;23/05/2024;quinta-feira;12:47:00;CE;222;4;CAUCAIA;Ausência de reação do condutor;Colisão traseira;Com Vítimas Feridas;Pleno dia;Decrescente;Céu Claro;Múltipla;Reta;Sim;2;0;1;0;1;0;1;2;-3,74164754;-38,60449792;SPRF-CE;DEL01-CE;UOP01-DEL01-CE
602414;23/05/2024;quinta-feira;13:15:00;PR;369;177;ROLANDIA;Conversão proibida;Colisão frontal;Com Vítimas Feridas;Pleno dia;Crescente;Céu Claro;Dupla;"Reta;Interseção de Vias";Sim;2;0;0;1;1;0;1;2;-23,33689401;-51,3883763;SPRF-PR;DEL07-PR;UOP01-DEL07-PR
602415;23/05/2024;quinta-feira;14:00:00;SC;280;27;ARAQUARI;Condutor deixou de manter distância do veículo da frente;Colisão traseira;Com Vítimas Feridas;Pleno dia;Crescente;Sol;Simples;Reta;Sim;2;0;1;0;1;0;1;2;-26,39685622;-48,74021969;SPRF-SC;DEL03-SC;UOP03-DEL03-SC
602416;23/05/2024;quinta-feira;07:15:00;RJ;393;298;BARRA MANSA;Acessar a via sem observar a presença dos outros veículos;Colisão transversal;Com Vítimas Feridas;Pleno dia;Decrescente;Céu Claro;Simples;"Reta;Declive";Não;5;0;2;1;2;0;3;2;-22,54313289;-44,11298586;SPRF-RJ;DEL07-RJ;UOP02-DEL07-RJ
602417;23/05/2024;quinta-feira;14:25:00;MG;381;483,5;BETIM;Condutor deixou de manter distância do veículo da frente;Colisão traseira;Com Vítimas Feridas;Pleno dia;Decrescente;Sol;Múltipla;Reta;Sim;3;0;1;1;1;0;2;2;-19,95744749;-44,09359789;SPRF-MG;DEL01-MG;UOP03-DEL01-MG
602421;23/05/2024;quinta-feira;14:25:00;CE;116;7;FORTALEZA;Condutor deixou de manter distância do veículo da frente;Colisão traseira;Com Vítimas Feridas;Pleno dia;Decrescente;Sol;Múltipla;Reta;Sim;2;0;1;0;1;0;1;2;-3,81073099;-38,50074867;SPRF-CE;DEL01-CE;UOP02-DEL01-CE
602422;23/05/2024;quinta-feira;14:00:00;MG;116;276,5;TEOFILO OTONI;Acessar a via sem observar a presença dos outros veículos;Atropelamento de Pedestre;Com Vítimas Feridas;Pleno dia;Decrescente;Céu Claro;Múltipla;Reta;Sim;3;0;0;1;1;1;1;2;-17,85105696;-41,51454492;SPRF-MG;DEL11-MG;UOP01-DEL11-MG
602424;23/05/2024;quinta-feira;05:53:00;MT;70;516;VARZEA GRANDE;Reação tardia ou ineficiente do condutor;Queda de ocupante de veículo;Com Vítimas Feridas;Amanhecer;Crescente;Céu Claro;Simples;Reta;Sim;1;0;1;0;0;0;1;1;-15,64971349;-56,153259;SPRF-MT;DEL01-MT;UOP02-DEL01-MT
602428;23/05/2024;quinta-feira;15:13:00;RJ;116;212;SEROPEDICA;Ausência de reação do condutor;Queda de ocupante de veículo;Com Vítimas Feridas;Pleno dia;Crescente;Céu Claro;Dupla;Reta;Sim;1;0;1;0;0;0;1;1;-22,71844298;-43,700897;SPRF-RJ;DEL06-RJ;UOP02-DEL06-RJ
602429;23/05/2024;quinta-feira;09:50:00;PR;277;292;PRUDENTOPOLIS;Ausência de reação do condutor;Saída de leito carroçável;Sem Vítimas;Pleno dia;Crescente;Céu Claro;Simples;Reta;Não;1;0;0;0;0;1;0;1;-25,31819338;-51,02223907;SPRF-PR;DEL08-PR;UOP02-DEL08-PR
602431;23/05/2024;quinta-feira;14:00:00;RJ;116;311;RESENDE;Pedestre cruzava a pista fora da faixa;Atropelamento de Pedestre;Com Vítimas Feridas;Pleno dia;Crescente;Céu Claro;Simples;"Curva;Declive";Não;2;0;1;0;1;0;1;2;-22,46086624;-44,44296321;SPRF-RJ;DEL07-RJ;UOP02-DEL07-RJ
602432;08/05/2024;quarta-feira;20:00:00;RR;174;404;IRACEMA;Animais na Pista;Atropelamento de Animal;Sem Vítimas;Plena Noite;Crescente;Céu Claro;Simples;Reta;Sim;2;0;0;0;2;0;0;1;2,129588;-61,087746;SPRF-RR;DEL01-RR;UOP01-DEL01-RR
602435;23/05/2024;quinta-feira;15:40:00;PA;163;992,6;SANTAREM;Conversão proibida;Colisão transversal;Com Vítimas Feridas;Pleno dia;Crescente;Céu Claro;Simples;Reta;Sim;5;0;2;0;3;0;2;2;-2,538837;-54,722717;SPRF-PA;DEL05-PA;UOP01-DEL05-PA
602436;23/05/2024;quinta-feira;15:22:00;AL;104;87,4;RIO LARGO;Condutor deixou de manter distância do veículo da frente;Colisão traseira;Com Vítimas Feridas;Pleno dia;Decrescente;Céu Claro;Dupla;Reta;Sim;3;0;1;1;1;0;2;2;-9,47532901;-35,82160002;SPRF-AL;DEL01-AL;UOP01-DEL01-AL
602437;23/05/2024;quinta-feira;16:00:00;RS;290;63,4;GRAVATAI;Ingestão de álcool pelo condutor;Saída de leito carroçável;Sem Vítimas;Pleno dia;Crescente;Chuva;Dupla;Reta;Não;1;0;0;0;1;0;0;1;-29,939164;-50,890164;SPRF-RS;DEL03-RS;UOP01-DEL03-RS
602438;23/05/2024;quinta-feira;15:20:00;PR;277;677;MEDIANEIRA;Restrição de visibilidade em curvas verticais;Colisão traseira;Com Vítimas Feridas;Pleno dia;Decrescente;Chuva;Dupla;Reta;Não;2;0;0;1;1;0;1;2;-25,30758578;-54,14057014;SPRF-PR;DEL05-PR;UOP01-DEL05-PR
602440;23/05/2024;quinta-feira;15:00:00;SC;101;206,9;SAO JOSE;Reação tardia ou ineficiente do condutor;Colisão traseira;Com Vítimas Feridas;Pleno dia;Crescente;Céu Claro;Múltipla;Reta;Sim;2;0;1;0;1;0;1;2;-27,59193546;-48,61824557;SPRF-SC;DEL01-SC;UOP01-DEL01-SC
602442;23/05/2024;quinta-feira;16:40:00;RS;285;520;VITORIA DAS MISSOES;Transitar na contramão;Colisão frontal;Com Vítimas Fatais;Pleno dia;Decrescente;Chuva;Simples;"Reta;Declive";Não;3;1;2;0;0;0;2;2;-28,398592;-54,493732;SPRF-RS;DEL10-RS;UOP01-DEL10-RS
602443;23/05/2024;quinta-feira;17:00:00;SC;280;25;ARAQUARI;Ausência de reação do condutor;Atropelamento de Pedestre;Com Vítimas Feridas;Anoitecer;Decrescente;Céu Claro;Simples;Reta;Sim;2;0;2;0;0;0;2;2;-26,38352781;-48,72677516;SPRF-SC;DEL03-SC;UOP03-DEL03-SC
602444;23/05/2024;quinta-feira;14:50:00;MG;381;931;ITAPEVA;Ausência de reação do condutor;Atropelamento de Pedestre;Com Vítimas Feridas;Pleno dia;Crescente;Céu Claro;Simples;Interseção de Vias;Não;3;0;0;1;1;1;1;2;-22,8076393;-46,27636971;SPRF-MG;DEL16-MG;UOP03-DEL16-MG
602445;23/05/2024;quinta-feira;17:20:00;DF;70;5;BRASILIA;Ausência de reação do condutor;Colisão traseira;Com Vítimas Feridas;Pleno dia;Decrescente;Céu Claro;Dupla;Reta;Sim;4;0;0;2;2;0;2;3;-15,794656;-48,096779;SPRF-DF;DEL03-DF;UOP02-DEL03-DF
602446;23/05/2024;quinta-feira;14:55:00;SC;282;5,3;SAO JOSE;Ausência de reação do condutor;Colisão traseira;Com Vítimas Feridas;Pleno dia;Crescente;Céu Claro;Simples;Reta;Não;2;0;1;0;1;0;1;2;-27,588425;-48,612919;SPRF-SC;DEL01-SC;UOP01-DEL01-SC
602448;26/04/2024;sexta-feira;15:40:00;PI;343;1;TERESINA;Acessar a via sem observar a presença dos outros veículos;Colisão transversal;Sem Vítimas;Pleno dia;Decrescente;Céu Claro;Dupla;"Reta;Retorno Regulamentado";Sim;2;0;0;0;2;0;0;2;-5,07954908;-42,75445646;SPRF-PI;DEL01-PI;UOP01-DEL01-PI
602449;23/05/2024;quinta-feira;17:20:00;ES;101;264,5;SERRA;Conversão proibida;Colisão transversal;Com Vítimas Feridas;Anoitecer;Decrescente;Céu Claro;Múltipla;"Interseção de Vias;Reta;Retorno Regulamentado";Sim;3;0;2;0;1;0;2;2;-20,17292791;-40,26736384;SPRF-ES;DEL02-ES;UOP01-DEL02-ES
602450;23/05/2024;quinta-feira;16:19:00;CE;116;327,7;JAGUARIBE;Pista esburacada;Saída de leito carroçável;Com Vítimas Feridas;Anoitecer;Decrescente;Céu Claro;Simples;Reta;Não;1;0;1;0;0;0;1;1;-6,04962505;-38,6479769;SPRF-CE;DEL05-CE;UOP02-DEL05-CE
602451;23/05/2024;quinta-feira;17:30:00;MG;267;129,5;JUIZ DE FORA;Ultrapassagem Indevida;Colisão lateral sentido oposto;Com Vítimas Feridas;Pleno dia;Crescente;Céu Claro;Simples;Reta;Não;2;0;2;0;0;0;2;2;-21,74441526;-43,56555478;SPRF-MG;DEL05-MG;UOP01-DEL05-MG
602452;23/05/2024;quinta-feira;18:00:00;SP;116;230;SAO PAULO;Trafegar com motocicleta (ou similar) entre as faixas;Colisão lateral mesmo sentido;Com Vítimas Feridas;Plena Noite;Decrescente;Nublado;Múltipla;Reta;Sim;3;0;2;0;1;0;2;2;-23,52251783;-46,5855702;SPRF-SP;DEL01-SP;UOP01-DEL01-SP
602454;23/05/2024;quinta-feira;18:00:00;SC;101;212,5;PALHOCA;Ausência de reação do condutor;Tombamento;Com Vítimas Feridas;Plena Noite;Crescente;Céu Claro;Múltipla;Reta;Sim;1;0;0;1;0;0;1;1;-27,62996929;-48,65903871;SPRF-SC;DEL01-SC;UOP02-DEL01-SC
602456;23/05/2024;quinta-feira;17:25:00;SC;116;245,5;LAGES;Acessar a via sem observar a presença dos outros veículos;Colisão transversal;Com Vítimas Feridas;Anoitecer;Crescente;Chuva;Simples;Rotatória;Sim;5;0;1;0;4;0;1;2;-27,80009605;-50,36363482;SPRF-SC;DEL05-SC;UOP02-DEL05-SC
602457;23/05/2024;quinta-feira;17:35:00;BA;324;527;FEIRA DE SANTANA;Pedestre cruzava a pista fora da faixa;Atropelamento de Pedestre;Com Vítimas Feridas;Anoitecer;Decrescente;Céu Claro;Dupla;Reta;Não;2;0;0;1;1;0;1;2;-12,31183923;-38,88331817;SPRF-BA;DEL01-BA;UOP03-DEL01-BA
602459;23/05/2024;quinta-feira;18:30:00;PE;101;65,4;RECIFE;Reação tardia ou ineficiente do condutor;Queda de ocupante de veículo;Com Vítimas Feridas;Plena Noite;Crescente;Garoa/Chuvisco;Dupla;Reta;Sim;1;0;1;0;0;0;1;1;-8,02478597;-34,94276635;SPRF-PE;DEL01-PE;UOP01-DEL01-PE
602460;23/05/2024;quinta-feira;17:30:00;SC;470;136;RIO DO SUL;Ultrapassagem Indevida;Colisão transversal;Com Vítimas Feridas;Anoitecer;Crescente;Sol;Simples;Curva;Sim;2;0;1;0;1;0;1;2;-27,194323;-49,624554;SPRF-SC;DEL04-SC;UOP02-DEL04-SC
602463;23/05/2024;quinta-feira;18:10:00;SC;101;120,8;ITAJAI;Trafegar com motocicleta (ou similar) entre as faixas;Colisão lateral mesmo sentido;Com Vítimas Feridas;Plena Noite;Crescente;Nublado;Múltipla;Reta;Sim;4;0;2;0;2;0;2;3;-26,912758;-48,711998;SPRF-SC;DEL04-SC;UOP04-DEL04-SC
602464;23/05/2024;quinta-feira;17:50:00;RN;406;162;CEARA-MIRIM;Reação tardia ou ineficiente do condutor;Colisão transversal;Com Vítimas Feridas;Plena Noite;Decrescente;Chuva;Simples;Aclive;Não;3;0;1;0;2;0;1;3;-5,7280941;-35,36099113;SPRF-RN;DEL02-RN;UOP01-DEL02-RN
602465;23/05/2024;quinta-feira;18:10:00;MG;40;527,7;CONTAGEM;Manobra de mudança de faixa;Colisão lateral mesmo sentido;Com Vítimas Feridas;Anoitecer;Decrescente;Céu Claro;Dupla;"Reta;Declive";Sim;3;0;2;0;1;0;2;2;-19,90149502;-44,04938939;SPRF-MG;DEL01-MG;UOP02-DEL01-MG
602466;23/05/2024;quinta-feira;17:45:00;MG;262;811;UBERABA;Manobra de mudança de faixa;Colisão traseira;Com Vítimas Feridas;Anoitecer;Decrescente;Céu Claro;Dupla;Reta;Sim;2;0;1;0;1;0;1;2;-19,76527861;-48,11638905;SPRF-MG;DEL13-MG;UOP01-DEL13-MG
602467;23/05/2024;quinta-feira;18:19:00;RN;406;163,1;SAO GONCALO DO AMARANTE;Ingestão de álcool pelo condutor;Tombamento;Com Vítimas Feridas;Plena Noite;Crescente;Chuva;Simples;"Reta;Aclive";Não;1;0;1;0;0;0;1;1;-5,73527201;-35,35543901;SPRF-RN;DEL02-RN;UOP01-DEL02-RN
602468;23/05/2024;quinta-feira;17:05:00;BA;407;1;JUAZEIRO;Trafegar com motocicleta (ou similar) entre as faixas;Colisão traseira;Com Vítimas Feridas;Pleno dia;Decrescente;Céu Claro;Simples;Reta;Sim;5;0;1;0;4;0;1;2;-9,41845604;-40,50725978;SPRF-PE;DEL06-PE;UOP01-DEL06-PE
602469;23/05/2024;quinta-feira;18:28:00;BA;242;394,2;SEABRA;Velocidade Incompatível;Atropelamento de Pedestre;Com Vítimas Feridas;Plena Noite;Decrescente;Céu Claro;Simples;Reta;Sim;3;0;0;1;0;2;1;2;-12,45770117;-41,64262399;SPRF-BA;DEL06-BA;UOP01-DEL06-BA
602470;23/05/2024;quinta-feira;19:05:00;RJ;116;178;MESQUITA;Suicídio (presumido);Atropelamento de Pedestre;Com Vítimas Feridas;Plena Noite;Decrescente;Céu Claro;Dupla;Reta;Não;2;0;1;0;0;1;1;2;-22,77496393;-43,40081465;SPRF-RJ;DEL06-RJ;UOP01-DEL06-RJ
602471;23/05/2024;quinta-feira;18:52:00;PI;343;342;TERESINA;Acessar a via sem observar a presença dos outros veículos;Colisão lateral mesmo sentido;Com Vítimas Feridas;Plena Noite;Crescente;Céu Claro;Simples;Reta;Sim;3;0;2;0;1;0;2;2;-5,08284;-42,750385;SPRF-PI;DEL01-PI;UOP01-DEL01-PI
602472;23/05/2024;quinta-feira;18:45:00;MG;116;413;GOVERNADOR VALADARES;Condutor deixou de manter distância do veículo da frente;Colisão traseira;Com Vítimas Feridas;Anoitecer;Decrescente;Nublado;Simples;Reta;Sim;3;0;2;0;1;0;2;2;-18,873907;-41,966366;SPRF-MG;DEL06-MG;UOP01-DEL06-MG