id;data_inversa;dia_semana;horario;uf;br;km;municipio;causa_acidente;tipo_acidente;classificacao_acidente;fase_dia;sentido_via;condicao_metereologica;tipo_pista;tracado_via;uso_solo;pessoas;mortos;feridos_leves;feridos_graves;ilesos;ignorados;feridos;veiculos;latitude;longitude;regional;delegacia;uop
602473;23/05/2024;quinta-feira;18:40:00;MG;116;417;GOVERNADOR VALADARES;Acessar a via sem observar a presença dos outros veículos;Colisão frontal;Com Vítimas Feridas;Plena Noite;Decrescente;Céu Claro;Simples;Reta;Não;2;0;2;0;0;0;2;2;-18,90130308;-41,94492414;SPRF-MG;DEL06-MG;UOP01-DEL06-MG
602474;23/05/2024;quinta-feira;19:28:00;RN;226;1;NATAL;Ausência de sinalização;Colisão com objeto;Com Vítimas Feridas;Plena Noite;Decrescente;Chuva;Dupla;"Reta;Em Obras";Sim;1;0;1;0;0;0;1;1;-5,80642132;-35,24167278;SPRF-RN;DEL01-RN;UOP02-DEL01-RN
602475;23/05/2024;quinta-feira;19:30:00;PR;277;70;SAO JOSE DOS PINHAIS;Ausência de reação do condutor;Colisão traseira;Com Vítimas Feridas;Plena Noite;Crescente;Céu Claro;Dupla;Reta;Não;8;0;1;0;7;0;1;3;-25,53317957;-49,07969781;SPRF-PR;DEL01-PR;UOP01-DEL01-PR
602476;23/05/2024;quinta-feira;19:00:00;PR;466;23,4;JANDAIA DO SUL;Ausência de reação do condutor;Tombamento;Com Vítimas Feridas;Plena Noite;Crescente;Céu Claro;Simples;Curva;Não;1;0;1;0;0;0;1;1;-23,61845731;-51,66574001;SPRF-PR;DEL09-PR;UOP01-DEL09-PR
602477;23/05/2024;quinta-feira;19:30:00;RS;285;506,3;ENTRE-IJUIS;Ausência de reação do condutor;Colisão frontal;Com Vítimas Feridas;Plena Noite;Crescente;Chuva;Simples;Reta;Não;2;0;2;0;0;0;2;2;-28,397076;-54,354954;SPRF-RS;DEL10-RS;UOP01-DEL10-RS
602478;23/05/2024;quinta-feira;16:40:00;MA;230;404;BALSAS;Desrespeitar a preferência no cruzamento;Colisão transversal;Com Vítimas Feridas;Pleno dia;Crescente;Céu Claro;Simples;Interseção de Vias;Sim;3;0;0;1;2;0;1;2;-7,52201623;-46,04801321;SPRF-MA;DEL05-MA;UOP01-DEL05-MA
602479;23/05/2024;quinta-feira;18:50:00;RS;116;247;SAO LEOPOLDO;Afundamento ou ondulação no pavimento;Tombamento;Com Vítimas Feridas;Plena Noite;Decrescente;Chuva;Dupla;"Reta;Declive";Sim;2;0;0;1;0;1;1;2;-29,76733091;-51,1535296;SPRF-RS;DEL01-RS;UOP02-DEL01-RS
602480;23/05/2024;quinta-feira;18:05:00;MT;364;287;JACIARA;Ausência de reação do condutor;Colisão traseira;Sem Vítimas;Plena Noite;Decrescente;Ignorado;Dupla;Reta;Não;1;0;0;0;1;0;0;1;-15,90304687;-55,06513802;SPRF-MT;DEL05-MT;UOP02-DEL05-MT
602481;23/05/2024;quinta-feira;18:38:00;PE;316;97;OURICURI;Ausência de reação do condutor;Colisão traseira;Com Vítimas Feridas;Plena Noite;Crescente;Céu Claro;Simples;Reta;Não;2;0;2;0;0;0;2;2;-7,92756991;-39,97177396;SPRF-PE;DEL05-PE;UOP02-DEL05-PE
602483;23/05/2024;quinta-feira;19:35:00;ES;101;263,3;SERRA;Reação tardia ou ineficiente do condutor;Tombamento;Com Vítimas Feridas;Plena Noite;Crescente;Céu Claro;Dupla;Reta;Sim;2;0;1;0;1;0;1;1;-20,16554736;-40,27301648;SPRF-ES;DEL02-ES;UOP01-DEL02-ES
602485;23/05/2024;quinta-feira;18:30:00;MS;163;540,2;BANDEIRANTES;Ingestão de álcool pelo condutor;Colisão transversal;Sem Vítimas;Plena Noite;Crescente;Céu Claro;Simples;Reta;Não;2;0;0;0;2;0;0;2;-19,9894849;-54,39027124;SPRF-MS;DEL01-MS;UOP02-DEL01-MS
602488;23/05/2024;quinta-feira;19:30:00;RS;285;197;LAGOA VERMELHA;Ausência de reação do condutor;Saída de leito carroçável;Sem Vítimas;Plena Noite;Decrescente;Chuva;Simples;Reta;Sim;1;0;0;0;1;0;0;1;-28,218493;-51,509666;SPRF-RS;DEL08-RS;UOP05-DEL08-RS
602489;23/05/2024;quinta-feira;20:00:00;TO;153;333,9;GUARAI;Ingestão de álcool pelo condutor;Colisão frontal;Com Vítimas Feridas;Plena Noite;Decrescente;Céu Claro;Múltipla;Reta;Sim;2;0;1;0;1;0;1;2;-8,826486;-48,51216;SPRF-TO;DEL02-TO;UOP02-DEL02-TO
602491;23/05/2024;quinta-feira;17:20:00;MT;158;560;AGUA BOA;Condutor Dormindo;Saída de leito carroçável;Sem Vítimas;Anoitecer;Crescente;Céu Claro;Simples;Aclive;Não;1;0;0;0;1;0;0;1;-13,98723775;-52,13976931;SPRF-MT;DEL07-MT;UOP02-DEL07-MT
602493;23/05/2024;quinta-feira;18:50:00;RN;226;291,5;AUGUSTO SEVERO;Deficiência do Sistema de Iluminação/Sinalização;Saída de leito carroçável;Com Vítimas Feridas;Plena Noite;Decrescente;Céu Claro;Simples;Reta;Não;1;0;1;0;0;0;1;1;-5,87585487;-37,31979022;SPRF-RN;DEL04-RN;UOP01-DEL04-RN
602494;23/05/2024;quinta-feira;18:30:00;PR;153;394;MALLET;Ausência de reação do condutor;Saída de leito carroçável;Com Vítimas Feridas;Plena Noite;Decrescente;Nublado;Simples;Reta;Não;1;0;0;1;0;0;1;1;-25,91286173;-50,84605212;SPRF-PR;DEL08-PR;UOP02-DEL08-PR
602495;23/05/2024;quinta-feira;19:30:00;PR;116;119;CURITIBA;Velocidade Incompatível;Tombamento;Com Vítimas Feridas;Plena Noite;Decrescente;Nublado;Dupla;"Declive;Reta";Sim;3;0;1;0;2;0;1;2;-25,57580863;-49,31201577;SPRF-PR;DEL01-PR;UOP03-DEL01-PR
602496;23/05/2024;quinta-feira;18:00:00;MT;163;931;ITAUBA;Demais falhas mecânicas ou elétricas;Queda de ocupante de veículo;Com Vítimas Feridas;Plena Noite;Decrescente;Céu Claro;Simples;Reta;Não;2;0;1;0;1;0;1;1;-11,04582908;-55,27074597;SPRF-MT;DEL06-MT;UOP02-DEL06-MT
602498;23/05/2024;quinta-feira;20:05:00;RO;174;14;VILHENA;Acessar a via sem observar a presença dos outros veículos;Colisão transversal;Com Vítimas Feridas;Plena Noite;Decrescente;Céu Claro;Dupla;Interseção de Vias;Sim;3;0;2;0;1;0;2;2;-12,73306632;-60,12981255;SPRF-RO;DEL04-RO;UOP01-DEL04-RO
602500;19/04/2024;sexta-feira;16:05:00;SC;470;54;BLUMENAU;Trafegar com motocicleta (ou similar) entre as faixas;Colisão transversal;Com Vítimas Feridas;Pleno dia;Decrescente;Céu Claro;Simples;"Interseção de Vias;Declive;Reta";Sim;3;0;0;1;2;0;1;3;-26,871588;-49,11197662;SPRF-SC;DEL04-SC;UOP01-DEL04-SC
602502;23/05/2024;quinta-feira;18:55:00;RJ;101;329;RIO DE JANEIRO;Condutor deixou de manter distância do veículo da frente;Colisão traseira;Com Vítimas Feridas;Plena Noite;Decrescente;Céu Claro;Dupla;Reta;Não;2;0;1;0;1;0;1;2;-22,86939305;-43,175642;SPRF-RJ;DEL02-RJ;UOP01-DEL02-RJ
602503;23/05/2024;quinta-feira;21:00:00;PB;101;37,4;MAMANGUAPE;Manobra de mudança de faixa;Colisão transversal;Com Vítimas Feridas;Plena Noite;Crescente;Céu Claro;Dupla;Reta;Não;3;0;0;1;1;1;1;2;-6,815853;-35,139147;SPRF-PB;DEL01-PB;UOP04-DEL01-PB
602504;23/05/2024;quinta-feira;18:00:00;MG;262;444,8;NOVA SERRANA;Ingestão de álcool pelo condutor;Colisão com objeto;Sem Vítimas;Pleno dia;Decrescente;Sol;Dupla;Reta;Sim;1;0;0;0;1;0;0;1;-19,881131;-44,931502;SPRF-MG;DEL08-MG;UOP03-DEL08-MG
602505;23/05/2024;quinta-feira;21:45:00;RS;386;344;LAJEADO;Ingestão de álcool pelo condutor;Colisão traseira;Sem Vítimas;Plena Noite;Crescente;Chuva;Dupla;Reta;Sim;2;0;0;0;2;0;0;2;-29,439268;-51,993633;SPRF-RS;DEL04-RS;UOP01-DEL04-RS
602507;23/05/2024;quinta-feira;21:35:00;PR;476;149;ARAUCARIA;Reação tardia ou ineficiente do condutor;Tombamento;Com Vítimas Feridas;Plena Noite;Crescente;Céu Claro;Simples;"Reta;Interseção de Vias";Sim;2;0;1;0;0;1;1;2;-25,55763852;-49,36738729;SPRF-PR;DEL01-PR;UOP06-DEL01-PR
602508;23/05/2024;quinta-feira;20:00:00;MT;70;733;CACERES;Velocidade Incompatível;Colisão transversal;Com Vítimas Feridas;Plena Noite;Decrescente;Céu Claro;Simples;Reta;Sim;2;0;0;1;1;0;1;2;-16,14718607;-57,643994;SPRF-MT;DEL03-MT;UOP01-DEL03-MT
602509;23/05/2024;quinta-feira;21:35:00;BA;116;844,2;VITORIA DA CONQUISTA;Ingestão de álcool pelo condutor;Tombamento;Com Vítimas Feridas;Plena Noite;Decrescente;Céu Claro;Simples;Reta;Não;1;0;1;0;0;0;1;1;-15,02164483;-40,95076561;SPRF-BA;DEL08-BA;UOP01-DEL08-BA
602512;23/05/2024;quinta-feira;14:16:00;PR;0;0;ICARAIMA;Reação tardia ou ineficiente do condutor;Colisão transversal;Sem Vítimas;Pleno dia;Não Informado;Céu Claro;Simples;Reta;Sim;3;0;0;0;3;0;0;3;-23,395887;-53,618213;SPRF-PR;DEL06-PR;UOP03-DEL06-PR
602514;23/05/2024;quinta-feira;14:30:00;RS;158;378;DILERMANDO DE AGUIAR;Reação tardia ou ineficiente do condutor;Saída de leito carroçável;Com Vítimas Feridas;Pleno dia;Decrescente;Chuva;Simples;"Declive;Interseção de Vias";Não;2;0;0;2;0;0;2;1;-29,86624381;-54,25313708;SPRF-RS;DEL09-RS;UOP01-DEL09-RS
602516;23/05/2024;quinta-feira;21:20:00;MG;116;676,3;MIRADOURO;Animais na Pista;Atropelamento de Animal;Com Vítimas Feridas;Plena Noite;Crescente;Céu Claro;Simples;"Aclive;Curva";Não;2;0;2;0;0;0;2;1;-20,91146677;-42,34913374;SPRF-MG;DEL07-MG;UOP02-DEL07-MG
602517;23/05/2024;quinta-feira;20:00:00;RJ;116;277;BARRA MANSA;Demais falhas mecânicas ou elétricas;Colisão com objeto;Com Vítimas Feridas;Plena Noite;Crescente;Céu Claro;Dupla;"Curva;Declive";Sim;1;0;1;0;0;0;1;1;-22,55905501;-44,17284006;SPRF-RJ;DEL07-RJ;UOP02-DEL07-RJ
602520;23/05/2024;quinta-feira;21:20:00;PR;116;152,2;MANDIRITUBA;Entrada inopinada do pedestre;Atropelamento de Pedestre;Com Vítimas Fatais;Plena Noite;Decrescente;Nublado;Simples;Reta;Sim;5;1;0;0;3;1;0;3;-25,8612281;-49,3613372;SPRF-PR;DEL01-PR;UOP03-DEL01-PR
602521;23/05/2024;quinta-feira;23:30:00;MG;262;399,9;PARA DE MINAS;Manobra de mudança de faixa;Tombamento;Com Vítimas Feridas;Plena Noite;Crescente;Céu Claro;Múltipla;"Aclive;Reta";Não;1;0;1;0;0;0;1;1;-19,90311456;-44,534;SPRF-MG;DEL01-MG;UOP03-DEL01-MG
602522;23/05/2024;quinta-feira;21:00:00;RO;364;340,8;JI-PARANA;Ausência de reação do condutor;Colisão traseira;Sem Vítimas;Plena Noite;Crescente;Céu Claro;Dupla;"Interseção de Vias;Reta";Sim;2;0;0;0;2;0;0;2;-10,898802;-61,93046;SPRF-RO;DEL02-RO;UOP01-DEL02-RO
602526;23/05/2024;quinta-feira;19:52:00;SP;381;85,5;SAO PAULO;Pedestre andava na pista;Atropelamento de Pedestre;Com Vítimas Feridas;Plena Noite;Decrescente;Nublado;Dupla;Reta;Sim;3;0;0;1;2;0;1;2;-23,46421082;-46,57154918;SPRF-SP;DEL03-SP;UOP01-DEL03-SP
602527;24/05/2024;sexta-feira;02:00:00;SP;116;222;GUARULHOS;Condutor deixou de manter distância do veículo da frente;Engavetamento;Sem Vítimas;Plena Noite;Decrescente;Céu Claro;Múltipla;Reta;Sim;3;0;0;0;3;0;0;3;-23,47093408;-46,51631097;SPRF-SP;DEL01-SP;UOP01-DEL01-SP
602528;24/05/2024;sexta-feira;02:00:00;SP;116;104,9;TAUBATE;Reação tardia ou ineficiente do condutor;Colisão traseira;Sem Vítimas;Plena Noite;Decrescente;Céu Claro;Dupla;"Reta;Declive";Não;2;0;0;0;2;0;0;2;-23,00340176;-45,50626912;SPRF-SP;DEL02-SP;UOP02-DEL02-SP
602529;24/05/2024;sexta-feira;02:10:00;SC;280;163,6;MAFRA;Ausência de reação do condutor;Saída de leito carroçável;Com Vítimas Feridas;Plena Noite;Crescente;Chuva;Simples;Reta;Não;1;0;1;0;0;0;1;1;-26,19739326;-49,79756122;SPRF-SC;DEL06-SC;UOP01-DEL06-SC
602531;24/05/2024;sexta-feira;03:05:00;MT;364;271;JACIARA;Ausência de reação do condutor;Colisão lateral mesmo sentido;Sem Vítimas;Plena Noite;Decrescente;Céu Claro;Dupla;Curva;Sim;2;0;0;0;0;2;0;2;-15,96962998;-54,95363;SPRF-MT;DEL05-MT;UOP02-DEL05-MT
602533;24/05/2024;sexta-feira;03:50:00;SC;101;199;SAO JOSE;Reação tardia ou ineficiente do condutor;Saída de leito carroçável;Sem Vítimas;Plena Noite;Decrescente;Chuva;Múltipla;Reta;Sim;1;0;0;0;1;0;0;1;-27,53413705;-48,63003205;SPRF-SC;DEL01-SC;UOP01-DEL01-SC
602534;24/05/2024;sexta-feira;04:20:00;SC;101;83,4;BARRA VELHA;Condutor deixou de manter distância do veículo da frente;Colisão traseira;Com Vítimas Feridas;Plena Noite;Crescente;Garoa/Chuvisco;Múltipla;Reta;Não;2;0;0;1;1;0;1;2;-26,61865655;-48,71834126;SPRF-SC;DEL03-SC;UOP02-DEL03-SC
602535;04/05/2024;sábado;19:15:00;PE;232;15,2;JABOATAO DOS GUARARAPES;Acumulo de areia ou detritos sobre o pavimento;Tombamento;Com Vítimas Feridas;Plena Noite;Decrescente;Céu Claro;Dupla;Curva;Não;1;0;1;0;0;0;1;1;-8,093549;-35,031644;SPRF-PE;DEL01-PE;UOP01-DEL01-PE
602536;23/05/2024;quinta-feira;22:40:00;ES;101;30,5;CONCEICAO DA BARRA;Frear bruscamente;Colisão traseira;Com Vítimas Feridas;Plena Noite;Crescente;Céu Claro;Simples;Reta;Não;3;0;2;0;0;1;2;2;-18,40842097;-39,93732567;SPRF-ES;DEL04-ES;UOP02-DEL04-ES
602538;24/05/2024;sexta-feira;05:50:00;MS;163;478;CAMPO GRANDE;Chuva;Eventos atípicos;Com Vítimas Feridas;Amanhecer;Crescente;Chuva;Simples;Reta;Sim;2;0;1;0;1;0;1;2;-20,49629699;-54,55916871;SPRF-MS;DEL01-MS;UOP01-DEL01-MS
602539;24/05/2024;sexta-feira;05:20:00;RS;293;276;DOM PEDRITO;Chuva;Saída de leito carroçável;Sem Vítimas;Plena Noite;Decrescente;Chuva;Simples;Reta;Não;1;0;0;0;0;1;0;1;-30,875085;-54,901815;SPRF-RS;DEL11-RS;UOP01-DEL11-RS
602541;24/05/2024;sexta-feira;06:40:00;BA;116;15;VITORIA DA CONQUISTA;Entrada inopinada do pedestre;Atropelamento de Pedestre;Com Vítimas Feridas;Pleno dia;Crescente;Sol;Simples;Reta;Sim;2;0;1;0;1;0;1;2;-14,88672782;-40,87085724;SPRF-BA;DEL08-BA;UOP01-DEL08-BA
602542;24/05/2024;sexta-feira;06:00:00;MG;262;799;UBERABA;Condutor deixou de manter distância do veículo da frente;Colisão traseira;Com Vítimas Feridas;Pleno dia;Crescente;Céu Claro;Múltipla;Reta;Sim;2;0;2;0;0;0;2;2;-19,77864246;-47,93629597;SPRF-MG;DEL13-MG;UOP01-DEL13-MG
602543;24/05/2024;sexta-feira;04:57:00;RO;319;62;PORTO VELHO;Condutor desrespeitou a iluminação vermelha do semáforo;Colisão transversal;Com Vítimas Feridas;Amanhecer;Decrescente;Nublado;Múltipla;"Reta;Interseção de Vias";Sim;2;0;1;0;0;1;1;2;-8,7556112;-63,88652802;SPRF-RO;DEL01-RO;UOP01-DEL01-RO
602544;24/05/2024;sexta-feira;04:20:00;RO;364;715;PORTO VELHO;Ausência de reação do condutor;Tombamento;Com Vítimas Feridas;Plena Noite;Crescente;Nublado;Dupla;Declive;Sim;2;0;1;1;0;0;2;1;-8,77957291;-63,89174213;SPRF-RO;DEL01-RO;UOP01-DEL01-RO
602545;24/05/2024;sexta-feira;07:05:00;MG;116;702,3;MURIAE;Conversão proibida;Colisão transversal;Com Vítimas Feridas;Pleno dia;Decrescente;Céu Claro;Simples;Interseção de Vias;Sim;2;0;1;0;0;1;1;2;-21,12482711;-42,38143444;SPRF-MG;DEL07-MG;UOP02-DEL07-MG
602546;05/05/2024;domingo;02:00:00;ES;262;105;VENDA NOVA DO IMIGRANTE;Velocidade Incompatível;Saída de leito carroçável;Com Vítimas Feridas;Plena Noite;Decrescente;Céu Claro;Simples;"Interseção de Vias;Reta";Não;3;0;2;0;1;0;2;2;-20,32624656;-41,13598921;SPRF-ES;DEL01-ES;UOP02-DEL01-ES
602547;24/05/2024;sexta-feira;06:40:00;MS;359;124;ALCINOPOLIS;Ausência de reação do condutor;Saída de leito carroçável;Com Vítimas Feridas;Amanhecer;Crescente;Céu Claro;Simples;Curva;Não;3;0;2;0;1;0;2;1;-18,28471194;-53,86630493;SPRF-MS;DEL06-MS;UOP01-DEL06-MS
602549;14/05/2024;terça-feira;08:45:00;SC;282;4,6;FLORIANOPOLIS;Manobra de mudança de faixa;Colisão lateral mesmo sentido;Com Vítimas Feridas;Pleno dia;Decrescente;Chuva;Múltipla;Aclive;Sim;3;0;0;1;2;0;1;3;-27,592646;-48,604034;SPRF-SC;DEL01-SC;UOP01-DEL01-SC
602553;06/05/2024;segunda-feira;10:50:00;PR;277;0;FOZ DO IGUACU;Ausência de reação do condutor;Queda de ocupante de veículo;Com Vítimas Feridas;Pleno dia;Decrescente;Céu Claro;Simples;Curva;Sim;2;0;1;0;1;0;1;2;-25,50646133;-54,58434284;SPRF-PR;DEL05-PR;UOP03-DEL05-PR
602554;24/05/2024;sexta-feira;07:10:00;PI;316;313,7;PICOS;Condutor deixou de manter distância do veículo da frente;Colisão lateral mesmo sentido;Com Vítimas Feridas;Pleno dia;Decrescente;Sol;Simples;Reta;Sim;2;0;1;1;0;0;2;2;-7,07959049;-41,44975182;SPRF-PI;DEL04-PI;UOP01-DEL04-PI
602556;22/04/2024;segunda-feira;09:30:00;MG;381;478,5;BETIM;Reação tardia ou ineficiente do condutor;Colisão traseira;Com Vítimas Feridas;Pleno dia;Decrescente;Céu Claro;Múltipla;Declive;Sim;3;0;1;1;1;0;2;3;-19,95931561;-44,08825597;SPRF-MG;DEL01-MG;UOP03-DEL01-MG
602558;24/05/2024;sexta-feira;06:49:00;RO;364;772;PORTO VELHO;Transitar na contramão;Colisão frontal;Com Vítimas Fatais;Amanhecer;Crescente;Céu Claro;Simples;Reta;Não;3;1;0;1;1;0;1;2;-9,15444736;-64,18592881;SPRF-RO;DEL01-RO;UOP02-DEL01-RO
602559;24/05/2024;sexta-feira;03:20:00;MG;262;84;ABRE CAMPO;Demais falhas mecânicas ou elétricas;Incêndio;Sem Vítimas;Plena Noite;Crescente;Céu Claro;Simples;"Reta;Aclive";Não;2;0;0;0;1;1;0;2;-20,33826112;-42,41171299;SPRF-MG;DEL03-MG;UOP03-DEL03-MG
602561;24/05/2024;sexta-feira;04:50:00;SP;101;50,5;UBATUBA;Ausência de reação do condutor;Saída de leito carroçável;Sem Vítimas;Amanhecer;Crescente;Céu Claro;Simples;Reta;Sim;1;0;0;0;1;0;0;1;-23,45018939;-45,07743735;SPRF-SP;DEL06-SP;UOP01-DEL06-SP
602562;24/05/2024;sexta-feira;07:45:00;PR;376;599;CURITIBA;Reação tardia ou ineficiente do condutor;Queda de ocupante de veículo;Com Vítimas Feridas;Pleno dia;Decrescente;Chuva;Dupla;Reta;Não;1;0;1;0;0;0;1;1;-25,52629711;-49,32958412;SPRF-PR;DEL01-PR;UOP06-DEL01-PR
602564;24/05/2024;sexta-feira;07:30:00;MG;381;759,5;TRES CORACOES;Reação tardia ou ineficiente do condutor;Colisão traseira;Com Vítimas Feridas;Pleno dia;Crescente;Céu Claro;Dupla;"Reta;Aclive";Não;3;0;2;0;1;0;2;2;-21,71597801;-45,37713297;SPRF-MG;DEL16-MG;UOP02-DEL16-MG
602567;24/05/2024;sexta-feira;08:50:00;PR;277;77;CURITIBA;Manobra de mudança de faixa;Colisão lateral mesmo sentido;Com Vítimas Feridas;Pleno dia;Crescente;Chuva;Dupla;Reta;Sim;2;0;2;0;0;0;2;2;-25,481674;-49,194852;SPRF-PR;DEL01-PR;UOP07-DEL01-PR
602568;24/05/2024;sexta-feira;08:30:00;CE;222;4;FORTALEZA;Condutor deixou de manter distância do veículo da frente;Colisão traseira;Com Vítimas Feridas;Pleno dia;Crescente;Céu Claro;Dupla;"Aclive;Reta";Sim;3;0;1;0;2;0;1;2;-3,74164754;-38,60449792;SPRF-CE;DEL01-CE;UOP01-DEL01-CE
602569;24/05/2024;sexta-feira;09:00:00;MG;267;126;JUIZ DE FORA;Conversão proibida;Colisão transversal;Com Vítimas Feridas;Pleno dia;Decrescente;Céu Claro;Simples;Reta;Não;3;0;1;0;1;1;1;3;-21,72381566;-43,53970826;SPRF-MG;DEL05-MG;UOP01-DEL05-MG
602570;24/05/2024;sexta-feira;07:35:00;PE;101;58,9;RECIFE;Condutor deixou de manter distância do veículo da frente;Colisão traseira;Sem Vítimas;Pleno dia;Decrescente;Nublado;Dupla;Reta;Não;4;0;0;0;4;0;0;2;-7,97729144;-34,92640615;SPRF-PE;DEL01-PE;UOP02-DEL01-PE
602571;24/05/2024;sexta-feira;07:20:00;MG;40;516;RIBEIRAO DAS NEVES;Manobra de mudança de faixa;Colisão lateral mesmo sentido;Com Vítimas Feridas;Pleno dia;Crescente;Céu Claro;Dupla;Reta;Sim;2;0;1;0;1;0;1;2;-19,81628624;-44,08960124;SPRF-MG;DEL01-MG;UOP02-DEL01-MG
602572;20/05/2024;segunda-feira;16:30:00;MG;50;72;UBERLANDIA;Desrespeitar a preferência no cruzamento;Colisão transversal;Com Vítimas Feridas;Pleno dia;Decrescente;Céu Claro;Dupla;"Reta;Interseção de Vias";Sim;2;0;1;0;0;1;1;2;-18,85138623;-48,25401306;SPRF-MG;DEL15-MG;UOP01-DEL15-MG
602573;24/05/2024;sexta-feira;08:10:00;SP;488;0,2;APARECIDA;Ingestão de álcool pelo condutor;Colisão traseira;Sem Vítimas;Pleno dia;Crescente;Céu Claro;Dupla;Reta;Sim;2;0;0;0;2;0;0;2;-22,85856;-45,233116;SPRF-SP;DEL08-SP;UOP01-DEL08-SP
602574;24/05/2024;sexta-feira;07:50:00;PR;376;150;PRESIDENTE CASTELO BRANCO;Pista Escorregadia;Saída de leito carroçável;Sem Vítimas;Pleno dia;Crescente;Garoa/Chuvisco;Dupla;Reta;Não;1;0;0;0;1;0;0;1;-23,30300223;-52,11227146;SPRF-PR;DEL09-PR;UOP01-DEL09-PR
602575;24/05/2024;sexta-feira;07:45:00;BA;324;519;FEIRA DE SANTANA;Demais falhas mecânicas ou elétricas;Queda de ocupante de veículo;Com Vítimas Feridas;Pleno dia;Crescente;Céu Claro;Dupla;Reta;Sim;2;0;2;0;0;0;2;1;-12,26687642;-38,93349875;SPRF-BA;DEL02-BA;UOP01-DEL02-BA
602577;10/04/2024;quarta-feira;16:00:00;MG;381;256;IPATINGA;Demais falhas mecânicas ou elétricas;Eventos atípicos;Sem Vítimas;Pleno dia;Crescente;Céu Claro;Dupla;Curva;Sim;2;0;0;0;2;0;0;1;-19,49666292;-42,56732225;SPRF-MG;DEL03-MG;UOP01-DEL03-MG
602578;24/05/2024;sexta-feira;08:45:00;BA;101;707;EUNAPOLIS;Velocidade Incompatível;Saída de leito carroçável;Com Vítimas Feridas;Pleno dia;Crescente;Sol;Simples;"Interseção de Vias;Reta";Não;1;0;1;0;0;0;1;1;-16,299356;-39,592078;SPRF-BA;DEL09-BA;UOP01-DEL09-BA
602580;26/04/2024;sexta-feira;21:00:00;GO;364;360;MINEIROS;Reação tardia ou ineficiente do condutor;Colisão traseira;Com Vítimas Feridas;Plena Noite;Decrescente;Céu Claro;Simples;Curva;Não;3;0;1;1;1;0;2;2;-17,395638;-52,990402;SPRF-GO;DEL05-GO;UOP01-DEL05-GO
602581;24/05/2024;sexta-feira;10:00:00;SP;116;158;JACAREI;Ausência de reação do condutor;Colisão traseira;Com Vítimas Feridas;Pleno dia;Decrescente;Sol;Dupla;Reta;Sim;2;0;1;0;1;0;1;2;-23,26072137;-45,95179176;SPRF-SP;DEL02-SP;UOP01-DEL02-SP
602583;03/05/2024;sexta-feira;09:44:00;PR;369;174;ROLANDIA;Ausência de reação do condutor;Colisão transversal;Com Vítimas Feridas;Pleno dia;Crescente;Céu Claro;Dupla;Interseção de Vias;Sim;2;0;1;0;0;1;1;2;-23,311647;-51,3716832;SPRF-PR;DEL07-PR;UOP01-DEL07-PR
602585;08/05/2024;quarta-feira;13:00:00;SC;101;195,9;BIGUACU;Acessar a via sem observar a presença dos outros veículos;Colisão traseira;Com Vítimas Feridas;Pleno dia;Decrescente;Céu Claro;Dupla;Reta;Sim;2;0;1;0;1;0;1;2;-27,5047092;-48,65010819;SPRF-SC;DEL01-SC;UOP01-DEL01-SC
602587;24/05/2024;sexta-feira;10:50:00;RJ;116;179;BELFORD ROXO;Ausência de reação do condutor;Colisão traseira;Com Vítimas Feridas;Pleno dia;Crescente;Céu Claro;Dupla;Reta;Sim;6;0;0;2;4;0;2;2;-22,769902;-43,408036;SPRF-RJ;DEL06-RJ;UOP01-DEL06-RJ
602590;24/05/2024;sexta-feira;10:50:00;SP;101;40,2;UBATUBA;Ultrapassagem Indevida;Colisão lateral sentido oposto;Com Vítimas Feridas;Pleno dia;Crescente;Sol;Simples;"Reta;Interseção de Vias";Não;3;0;0;2;1;0;2;2;-23,41495528;-45,03516778;SPRF-SP;DEL06-SP;UOP01-DEL06-SP
602591;24/05/2024;sexta-feira;06:30:00;SC;101;107;PENHA;Manobra de mudança de faixa;Colisão traseira;Com Vítimas Feridas;Amanhecer;Crescente;Chuva;Dupla;"Aclive;Reta";Não;3;0;1;0;2;0;1;3;-26,81930608;-48,68390282;SPRF-SC;DEL03-SC;UOP02-DEL03-SC
602593;24/05/2024;sexta-feira;11:20:00;SP;153;65,3;SAO JOSE DO RIO PRETO;Acumulo de areia ou detritos sobre o pavimento;Tombamento;Com Vítimas Feridas;Pleno dia;Crescente;Céu Claro;Simples;"Curva;Aclive";Sim;1;0;0;1;0;0;1;1;-20,8355877;-49,36570039;SPRF-SP;DEL09-SP;UOP01-DEL09-SP
602595;02/04/2024;terça-feira;22:45:00;PI;343;333;TERESINA;Demais falhas na via;Colisão com objeto;Sem Vítimas;Plena Noite;Crescente;Chuva;Dupla;"Aclive;Em Obras";Não;2;0;0;0;2;0;0;1;-5,0567678;-42,68413782;SPRF-PI;DEL01-PI;UOP01-DEL01-PI
602596;24/05/2024;sexta-feira;07:52:00;AC;364;137;RIO BRANCO;Ausência de reação do condutor;Colisão lateral mesmo sentido;Com Vítimas Feridas;Pleno dia;Decrescente;Sol;Dupla;Rotatória;Sim;3;0;0;1;1;1;1;3;-9,96935404;-67,85264513;SPRF-AC;DEL01-AC;UOP01-DEL01-AC
602597;16/01/2024;terça-feira;05:10:00;PE;101;78;RECIFE;Reação tardia ou ineficiente do condutor;Queda de ocupante de veículo;Com Vítimas Feridas;Amanhecer;Decrescente;Céu Claro;Dupla;Reta;Sim;1;0;0;1;0;0;1;1;-8,13496499;-34,94738614;SPRF-PE;DEL01-PE;UOP01-DEL01-PE