id;data_inversa;dia_semana;horario;uf;br;km;municipio;causa_acidente;tipo_acidente;classificacao_acidente;fase_dia;sentido_via;condicao_metereologica;tipo_pista;tracado_via;uso_solo;pessoas;mortos;feridos_leves;feridos_graves;ilesos;ignorados;feridos;veiculos;latitude;longitude;regional;delegacia;uop
602598;24/05/2024;sexta-feira;11:00:00;RN;101;155;GOIANINHA;Acumulo de água sobre o pavimento;Saída de leito carroçável;Com Vítimas Feridas;Pleno dia;Crescente;Chuva;Dupla;Reta;Não;2;0;1;0;0;1;1;2;-6,33270015;-35,17448225;SPRF-RN;DEL01-RN;UOP01-DEL01-RN
602599;24/05/2024;sexta-feira;12:01:00;BA;324;622;SALVADOR;Demais falhas mecânicas ou elétricas;Tombamento;Com Vítimas Feridas;Pleno dia;Decrescente;Nublado;Dupla;Reta;Não;1;0;1;0;0;0;1;1;-12,91888605;-38,46502095;SPRF-BA;DEL01-BA;UOP01-DEL01-BA
602600;24/05/2024;sexta-feira;12:01:00;RN;101;77,5;SAO GONCALO DO AMARANTE;Condutor deixou de manter distância do veículo da frente;Colisão traseira;Com Vítimas Feridas;Pleno dia;Crescente;Nublado;Simples;Curva;Sim;3;0;2;0;1;0;2;2;-5,735154;-35,29115438;SPRF-RN;DEL02-RN;UOP01-DEL02-RN
602602;24/05/2024;sexta-feira;11:30:00;BA;324;518;FEIRA DE SANTANA;Acesso irregular;Colisão transversal;Com Vítimas Feridas;Pleno dia;Crescente;Nublado;Simples;Reta;Sim;2;0;1;0;1;0;1;2;-12,258195;-38,932182;SPRF-BA;DEL02-BA;UOP01-DEL02-BA
602603;24/05/2024;sexta-feira;12:20:00;SC;470;32;GASPAR;Ausência de reação do condutor;Tombamento;Com Vítimas Feridas;Pleno dia;Crescente;Nevoeiro/Neblina;Simples;Viaduto;Sim;1;0;1;0;0;0;1;1;-26,901793;-48,931812;SPRF-SC;DEL04-SC;UOP01-DEL04-SC
602607;24/05/2024;sexta-feira;13:00:00;MG;381;490;BETIM;Reação tardia ou ineficiente do condutor;Tombamento;Com Vítimas Feridas;Pleno dia;Decrescente;Céu Claro;Múltipla;Reta;Sim;1;0;1;0;0;0;1;1;-19,96502819;-44,17422195;SPRF-MG;DEL01-MG;UOP03-DEL01-MG
602608;24/05/2024;sexta-feira;10:40:00;MT;163;752;SORRISO;Ausência de reação do condutor;Queda de ocupante de veículo;Com Vítimas Feridas;Pleno dia;Crescente;Céu Claro;Dupla;Reta;Sim;1;0;1;0;0;0;1;1;-12,55326496;-55,71481347;SPRF-MT;DEL06-MT;UOP01-DEL06-MT
602609;24/05/2024;sexta-feira;12:30:00;RJ;101;309;SAO GONCALO;Reação tardia ou ineficiente do condutor;Colisão traseira;Com Vítimas Feridas;Pleno dia;Decrescente;Céu Claro;Simples;Reta;Sim;3;0;2;0;1;0;2;2;-22,79498873;-43,03446105;SPRF-RJ;DEL02-RJ;UOP02-DEL02-RJ
602611;24/05/2024;sexta-feira;12:00:00;RJ;101;231;SILVA JARDIM;Demais falhas mecânicas ou elétricas;Queda de ocupante de veículo;Com Vítimas Feridas;Pleno dia;Decrescente;Céu Claro;Dupla;Reta;Não;2;0;2;0;0;0;2;1;-22,57752408;-42,38045083;SPRF-RJ;DEL02-RJ;UOP03-DEL02-RJ
602612;24/05/2024;sexta-feira;12:30:00;PE;101;50,5;ABREU E LIMA;Acessar a via sem observar a presença dos outros veículos;Colisão transversal;Com Vítimas Feridas;Pleno dia;Crescente;Céu Claro;Múltipla;Reta;Sim;2;0;0;1;1;0;1;2;-7,90938602;-34,90123228;SPRF-PE;DEL01-PE;UOP02-DEL01-PE
602613;24/05/2024;sexta-feira;11:55:00;RO;364;353,2;JI-PARANA;Ausência de reação do condutor;Engavetamento;Sem Vítimas;Pleno dia;Decrescente;Céu Claro;Simples;"Reta;Declive";Não;8;0;0;0;8;0;0;3;-10,823418;-62,015169;SPRF-RO;DEL02-RO;UOP01-DEL02-RO
602614;24/05/2024;sexta-feira;13:30:00;SP;153;59,5;SAO JOSE DO RIO PRETO;Acessar a via sem observar a presença dos outros veículos;Tombamento;Com Vítimas Feridas;Pleno dia;Crescente;Céu Claro;Dupla;Reta;Sim;1;0;1;0;0;0;1;1;-20,79085653;-49,35441613;SPRF-SP;DEL09-SP;UOP01-DEL09-SP
602616;24/05/2024;sexta-feira;12:22:00;ES;262;43;DOMINGOS MARTINS;Ausência de reação do condutor;Saída de leito carroçável;Com Vítimas Feridas;Pleno dia;Crescente;Céu Claro;Simples;Reta;Não;1;0;0;1;0;0;1;1;-20,3844778;-40,66251868;SPRF-ES;DEL01-ES;UOP01-DEL01-ES
602617;27/04/2024;sábado;09:00:00;RJ;116;207;SEROPEDICA;Ausência de reação do condutor;Tombamento;Com Vítimas Feridas;Pleno dia;Decrescente;Céu Claro;Dupla;Reta;Não;2;0;1;0;1;0;1;1;-22,72454443;-43,66145706;SPRF-RJ;DEL06-RJ;UOP02-DEL06-RJ
602619;24/05/2024;sexta-feira;10:40:00;SC;282;103;ALFREDO WAGNER;Velocidade Incompatível;Saída de leito carroçável;Com Vítimas Feridas;Pleno dia;Crescente;Nublado;Simples;Reta;Não;2;0;1;0;1;0;1;1;-27,694868;-49,324345;SPRF-SC;DEL01-SC;UOP03-DEL01-SC
602623;24/05/2024;sexta-feira;14:00:00;SC;101;221,5;PALHOCA;Ausência de reação do condutor;Colisão lateral mesmo sentido;Sem Vítimas;Pleno dia;Decrescente;Nublado;Múltipla;Reta;Não;3;0;0;0;3;0;0;2;-27,70012652;-48,66021182;SPRF-SC;DEL01-SC;UOP02-DEL01-SC
602626;18/05/2024;sábado;09:00:00;RO;364;335;JI-PARANA;Reação tardia ou ineficiente do condutor;Colisão traseira;Sem Vítimas;Pleno dia;Decrescente;Céu Claro;Simples;Reta;Não;2;0;0;0;2;0;0;2;-10,94388297;-61,92921188;SPRF-RO;DEL02-RO;UOP01-DEL02-RO
602628;24/05/2024;sexta-feira;12:15:00;PR;376;445,7;TIBAGI;Chuva;Colisão com objeto;Com Vítimas Feridas;Pleno dia;Crescente;Chuva;Dupla;"Curva;Declive";Não;2;0;1;0;1;0;1;1;-24,850151;-50,471222;SPRF-PR;DEL03-PR;UOP02-DEL03-PR
602629;22/04/2024;segunda-feira;15:30:00;MG;365;624;UBERLANDIA;Reação tardia ou ineficiente do condutor;Colisão traseira;Com Vítimas Feridas;Pleno dia;Crescente;Céu Claro;Dupla;Reta;Não;2;0;1;0;1;0;1;2;-18,90754763;-48,3160669;SPRF-MG;DEL15-MG;UOP01-DEL15-MG
602630;24/05/2024;sexta-feira;13:51:00;RN;101;112;SAO JOSE DE MIPIBU;Animais na Pista;Colisão traseira;Com Vítimas Feridas;Pleno dia;Decrescente;Céu Claro;Dupla;Reta;Sim;2;0;1;0;1;0;1;2;-5,96429;-35,264877;SPRF-RN;DEL01-RN;UOP01-DEL01-RN
602632;18/04/2024;quinta-feira;17:00:00;SC;470;68,1;INDAIAL;Acessar a via sem observar a presença dos outros veículos;Colisão transversal;Com Vítimas Feridas;Pleno dia;Decrescente;Céu Claro;Simples;Reta;Sim;2;0;1;0;1;0;1;2;-26,877615;-49,239231;SPRF-SC;DEL04-SC;UOP01-DEL04-SC
602633;24/05/2024;sexta-feira;10:30:00;RJ;116;6;SAPUCAIA;Transitar na contramão;Colisão frontal;Com Vítimas Feridas;Pleno dia;Crescente;Céu Claro;Simples;"Curva;Ponte";Não;4;0;1;3;0;0;4;2;-21,91540727;-42,69559622;SPRF-RJ;DEL05-RJ;UOP01-DEL05-RJ
602634;26/04/2024;sexta-feira;21:00:00;SC;282;579,3;PINHALZINHO;Ausência de reação do condutor;Atropelamento de Pedestre;Com Vítimas Feridas;Plena Noite;Crescente;Céu Claro;Simples;Reta;Sim;2;0;0;1;0;1;1;2;-26,835443;-52,990578;SPRF-SC;DEL07-SC;UOP02-DEL07-SC
602635;24/05/2024;sexta-feira;14:20:00;BA;116;418;FEIRA DE SANTANA;Pedestre cruzava a pista fora da faixa;Atropelamento de Pedestre;Com Vítimas Feridas;Pleno dia;Decrescente;Céu Claro;Dupla;Reta;Sim;2;0;0;1;1;0;1;2;-12,185808;-38,965225;SPRF-BA;DEL02-BA;UOP01-DEL02-BA
602636;24/05/2024;sexta-feira;13:10:00;PR;376;374;ORTIGUEIRA;Chuva;Colisão transversal;Com Vítimas Feridas;Pleno dia;Crescente;Chuva;Simples;Curva;Não;3;0;3;0;0;0;3;2;-24,408135;-50,78447205;SPRF-PR;DEL07-PR;UOP02-DEL07-PR
602637;12/05/2024;domingo;10:00:00;ES;262;155;IBATIBA;Acessar a via sem observar a presença dos outros veículos;Colisão traseira;Com Vítimas Feridas;Pleno dia;Decrescente;Céu Claro;Simples;Curva;Não;2;0;1;0;1;0;1;2;-20,22651793;-41,47055672;SPRF-ES;DEL01-ES;UOP02-DEL01-ES
602639;24/05/2024;sexta-feira;14:30:00;GO;414;327;COCALZINHO DE GOIAS;Ausência de reação do condutor;Saída de leito carroçável;Com Vítimas Feridas;Pleno dia;Crescente;Céu Claro;Simples;Reta;Não;2;0;1;0;1;0;1;1;-15,580993;-48,628662;SPRF-GO;DEL02-GO;UOP01-DEL02-GO
602641;24/05/2024;sexta-feira;14:30:00;MA;10;256,7;IMPERATRIZ;Transitar na contramão;Colisão transversal;Com Vítimas Feridas;Pleno dia;Decrescente;Céu Claro;Simples;"Interseção de Vias;Reta";Sim;3;0;2;0;1;0;2;2;-5,499715;-47,471836;SPRF-MA;DEL04-MA;UOP01-DEL04-MA
602642;24/05/2024;sexta-feira;13:25:00;CE;222;121;ITAPAJE;Acessar a via sem observar a presença dos outros veículos;Colisão traseira;Com Vítimas Feridas;Pleno dia;Decrescente;Céu Claro;Simples;Reta;Sim;2;0;0;1;1;0;1;2;-3,70701491;-39,56968688;SPRF-CE;DEL04-CE;UOP03-DEL04-CE
602646;24/05/2024;sexta-feira;13:20:00;PR;116;21;CAMPINA GRANDE DO SUL;Chuva;Saída de leito carroçável;Com Vítimas Feridas;Pleno dia;Crescente;Chuva;Dupla;Curva;Não;3;0;2;0;1;0;2;1;-25,10427672;-48,73857029;SPRF-PR;DEL01-PR;UOP02-DEL01-PR
602647;24/05/2024;sexta-feira;14:30:00;RS;285;432,6;BOZANO;Ingestão de álcool pelo condutor;Saída de leito carroçável;Com Vítimas Feridas;Pleno dia;Crescente;Céu Claro;Simples;Reta;Não;1;0;1;0;0;0;1;1;-28,34026984;-53,68555069;SPRF-RS;DEL10-RS;UOP01-DEL10-RS
602648;24/05/2024;sexta-feira;08:20:00;RJ;393;139;SAPUCAIA;Reação tardia ou ineficiente do condutor;Colisão lateral mesmo sentido;Com Vítimas Feridas;Pleno dia;Decrescente;Céu Claro;Simples;Reta;Não;2;0;1;0;1;0;1;2;-22,00724015;-42,93944592;SPRF-RJ;DEL05-RJ;UOP01-DEL05-RJ
602649;24/05/2024;sexta-feira;15:15:00;SP;116;220;GUARULHOS;Reação tardia ou ineficiente do condutor;Colisão traseira;Com Vítimas Feridas;Pleno dia;Decrescente;Ignorado;Múltipla;Reta;Sim;2;0;1;0;1;0;1;2;-23,46472809;-46,49793962;SPRF-SP;DEL01-SP;UOP01-DEL01-SP
602650;24/05/2024;sexta-feira;14:20:00;RJ;493;68;NOVA IGUACU;Reação tardia ou ineficiente do condutor;Saída de leito carroçável;Sem Vítimas;Pleno dia;Decrescente;Céu Claro;Dupla;Reta;Não;1;0;0;0;1;0;0;1;-22,68276678;-43,41384888;SPRF-RJ;DEL01-RJ;UOP03-DEL01-RJ
602651;24/05/2024;sexta-feira;14:50:00;MG;262;46,7;MANHUACU;Reação tardia ou ineficiente do condutor;Colisão traseira;Com Vítimas Feridas;Pleno dia;Crescente;Céu Claro;Simples;Reta;Não;2;0;0;1;1;0;1;2;-20,26333304;-42,10566505;SPRF-MG;DEL06-MG;UOP03-DEL06-MG
602652;24/05/2024;sexta-feira;14:36:00;RJ;101;573;PARATY;Demais falhas na via;Colisão com objeto;Com Vítimas Feridas;Pleno dia;Decrescente;Céu Claro;Simples;Reta;Não;2;0;1;0;1;0;1;1;-23,20276908;-44,72989482;SPRF-RJ;DEL03-RJ;UOP04-DEL03-RJ
602653;24/05/2024;sexta-feira;13:45:00;PR;376;397;IMBAU;Velocidade Incompatível;Saída de leito carroçável;Com Vítimas Feridas;Pleno dia;Crescente;Chuva;Dupla;Reta;Não;5;0;1;0;4;0;1;1;-24,57847704;-50,68117439;SPRF-PR;DEL03-PR;UOP02-DEL03-PR
602655;24/05/2024;sexta-feira;16:15:00;PE;101;69,4;RECIFE;Acessar a via sem observar a presença dos outros veículos;Colisão transversal;Com Vítimas Feridas;Pleno dia;Crescente;Garoa/Chuvisco;Dupla;Reta;Sim;4;0;0;1;2;1;1;3;-8,06361;-34,94462;SPRF-PE;DEL01-PE;UOP01-DEL01-PE
602656;24/05/2024;sexta-feira;16:20:00;PE;101;70,9;RECIFE;Manobra de mudança de faixa;Engavetamento;Com Vítimas Feridas;Anoitecer;Decrescente;Garoa/Chuvisco;Dupla;Reta;Sim;4;0;2;0;2;0;2;3;-8,06776119;-34,94265074;SPRF-PE;DEL01-PE;UOP01-DEL01-PE
602658;24/05/2024;sexta-feira;16:18:00;PE;101;48,9;ABREU E LIMA;Chuva;Colisão lateral mesmo sentido;Com Vítimas Feridas;Pleno dia;Crescente;Céu Claro;Múltipla;Aclive;Sim;2;0;1;0;1;0;1;2;-7,89174705;-34,9033493;SPRF-PE;DEL01-PE;UOP02-DEL01-PE
602660;24/05/2024;sexta-feira;16:45:00;SP;101;40,2;UBATUBA;Acessar a via sem observar a presença dos outros veículos;Colisão transversal;Com Vítimas Feridas;Pleno dia;Crescente;Chuva;Simples;"Reta;Interseção de Vias";Não;3;0;1;0;2;0;1;2;-23,41495528;-45,03516778;SPRF-SP;DEL06-SP;UOP01-DEL06-SP
602661;24/05/2024;sexta-feira;12:40:00;PA;230;11,7;ALTAMIRA;Acessar a via sem observar a presença dos outros veículos;Colisão transversal;Com Vítimas Feridas;Pleno dia;Decrescente;Céu Claro;Simples;"Aclive;Curva";Sim;3;0;1;0;2;0;1;2;-3,19793851;-52,23623157;SPRF-PA;DEL04-PA;UOP01-DEL04-PA
602663;24/05/2024;sexta-feira;15:30:00;SP;381;69;MAIRIPORA;Reação tardia ou ineficiente do condutor;Colisão lateral mesmo sentido;Com Vítimas Feridas;Pleno dia;Crescente;Garoa/Chuvisco;Dupla;"Aclive;Curva";Não;2;0;1;0;1;0;1;2;-23,34553108;-46,56787903;SPRF-SP;DEL03-SP;UOP01-DEL03-SP
602664;24/05/2024;sexta-feira;16:30:00;MG;381;907,5;CAMBUI;Velocidade Incompatível;Saída de leito carroçável;Sem Vítimas;Pleno dia;Crescente;Céu Claro;Múltipla;Curva;Não;1;0;0;0;1;0;0;1;-22,71022398;-46,12178305;SPRF-MG;DEL16-MG;UOP03-DEL16-MG
602665;24/05/2024;sexta-feira;16:30:00;PR;373;172;PONTA GROSSA;Manobra de mudança de faixa;Colisão lateral mesmo sentido;Com Vítimas Feridas;Pleno dia;Crescente;Céu Claro;Dupla;Reta;Sim;2;0;0;1;1;0;1;2;-25,08139932;-50,19200981;SPRF-PR;DEL03-PR;UOP01-DEL03-PR
602666;24/05/2024;sexta-feira;16:50:00;PR;277;83;CURITIBA;Trafegar com motocicleta (ou similar) entre as faixas;Colisão lateral mesmo sentido;Com Vítimas Feridas;Pleno dia;Decrescente;Nublado;Dupla;Reta;Sim;2;0;1;0;1;0;1;2;-25,45939812;-49,22109999;SPRF-PR;DEL01-PR;UOP07-DEL01-PR
602668;15/04/2024;segunda-feira;07:10:00;ES;101;131;LINHARES;Ausência de reação do condutor;Colisão lateral mesmo sentido;Com Vítimas Feridas;Pleno dia;Crescente;Céu Claro;Simples;Reta;Não;2;0;1;1;0;0;2;2;-19,238965;-40,09170698;SPRF-ES;DEL04-ES;UOP01-DEL04-ES
602669;24/05/2024;sexta-feira;16:40:00;MG;262;359;BETIM;Acesso irregular;Colisão transversal;Com Vítimas Feridas;Pleno dia;Decrescente;Sol;Dupla;"Retorno Regulamentado;Reta";Não;6;0;1;1;4;0;2;2;-19,979627;-44,252256;SPRF-MG;DEL01-MG;UOP03-DEL01-MG
602670;24/05/2024;sexta-feira;17:10:00;MG;381;490;BETIM;Acessar a via sem observar a presença dos outros veículos;Colisão lateral mesmo sentido;Com Vítimas Feridas;Pleno dia;Crescente;Céu Claro;Simples;Reta;Sim;4;0;1;0;3;0;1;3;-19,97018187;-44,18210416;SPRF-MG;DEL01-MG;UOP03-DEL01-MG
602672;26/04/2024;sexta-feira;22:30:00;SC;470;45,5;GASPAR;Acessar a via sem observar a presença dos outros veículos;Colisão transversal;Com Vítimas Feridas;Plena Noite;Crescente;Nevoeiro/Neblina;Simples;"Interseção de Vias;Reta;Em Obras";Sim;5;0;4;0;1;0;4;2;-26,859768;-49,074493;SPRF-SC;DEL04-SC;UOP01-DEL04-SC
602673;24/05/2024;sexta-feira;17:00:00;RS;116;147,5;CAXIAS DO SUL;Reação tardia ou ineficiente do condutor;Colisão traseira;Sem Vítimas;Anoitecer;Crescente;Chuva;Múltipla;Reta;Sim;2;0;0;0;2;0;0;2;-29,14908014;-51,1429969;SPRF-RS;DEL05-RS;UOP01-DEL05-RS
602674;24/05/2024;sexta-feira;16:59:00;DF;70;18;BRASILIA;Manobra de mudança de faixa;Colisão transversal;Com Vítimas Feridas;Anoitecer;Crescente;Céu Claro;Dupla;"Reta;Aclive";Não;3;0;2;0;1;0;2;2;-15,791093;-48,21096;SPRF-DF;DEL03-DF;UOP02-DEL03-DF
602675;24/05/2024;sexta-feira;16:01:00;SP;116;561;BARRA DO TURVO;Reação tardia ou ineficiente do condutor;Colisão com objeto;Com Vítimas Feridas;Pleno dia;Crescente;Garoa/Chuvisco;Dupla;"Curva;Declive";Não;2;0;1;0;1;0;1;1;-25,02045097;-48,51586004;SPRF-SP;DEL05-SP;UOP02-DEL05-SP
602677;24/05/2024;sexta-feira;17:05:00;MG;381;499;BETIM;Ausência de reação do condutor;Tombamento;Com Vítimas Feridas;Anoitecer;Crescente;Nublado;Dupla;"Reta;Aclive";Sim;2;0;0;1;1;0;1;1;-19,9947718;-44,20841038;SPRF-MG;DEL01-MG;UOP03-DEL01-MG
602679;24/05/2024;sexta-feira;17:05:00;MG;381;926;CAMANDUCAIA;Ausência de reação do condutor;Colisão com objeto;Sem Vítimas;Pleno dia;Crescente;Chuva;Dupla;Curva;Não;1;0;0;0;1;0;0;1;-22,77539012;-46,18686676;SPRF-MG;DEL16-MG;UOP03-DEL16-MG
602680;14/05/2024;terça-feira;18:17:00;RO;364;340,7;JI-PARANA;Transitar no Acostamento;Atropelamento de Pedestre;Com Vítimas Feridas;Anoitecer;Crescente;Céu Claro;Dupla;Reta;Não;2;0;0;2;0;0;2;2;-10,898802;-61,93046;SPRF-RO;DEL02-RO;UOP01-DEL02-RO
602681;24/05/2024;sexta-feira;17:40:00;MG;40;524,3;CONTAGEM;Entrada inopinada do pedestre;Atropelamento de Pedestre;Com Vítimas Feridas;Anoitecer;Decrescente;Céu Claro;Dupla;Reta;Sim;2;0;0;1;1;0;1;2;-19,8754469;-44,05345586;SPRF-MG;DEL01-MG;UOP02-DEL01-MG
602682;24/05/2024;sexta-feira;17:00:00;SC;101;315,7;LAGUNA;Ingestão de substâncias psicoativas pelo condutor;Colisão traseira;Sem Vítimas;Pleno dia;Crescente;Nublado;Múltipla;"Reta;Aclive";Sim;2;0;0;0;2;0;0;2;-28,42642422;-48,85242831;SPRF-SC;DEL02-SC;UOP01-DEL02-SC
602684;24/05/2024;sexta-feira;17:15:00;PE;407;128;PETROLINA;Ausência de sinalização;Colisão transversal;Com Vítimas Feridas;Pleno dia;Decrescente;Céu Claro;Simples;Reta;Sim;2;0;1;0;1;0;1;2;-9,39371434;-40,51173979;SPRF-PE;DEL06-PE;UOP01-DEL06-PE
602686;24/05/2024;sexta-feira;16:40:00;PB;230;337,5;PATOS;Acessar a via sem observar a presença dos outros veículos;Colisão transversal;Com Vítimas Feridas;Pleno dia;Decrescente;Céu Claro;Simples;"Reta;Declive";Sim;2;0;1;0;0;1;1;2;-7,0084;-37,2829;SPRF-PB;DEL03-PB;UOP01-DEL03-PB
602688;24/05/2024;sexta-feira;18:00:00;PR;369;200,3;APUCARANA;Condutor usando celular;Colisão traseira;Com Vítimas Feridas;Plena Noite;Crescente;Garoa/Chuvisco;Simples;Reta;Sim;2;0;1;0;1;0;1;2;-23,5308846;-51,4523525;SPRF-PR;DEL07-PR;UOP03-DEL07-PR
602689;24/05/2024;sexta-feira;18:15:00;SP;116;221;GUARULHOS;Condutor deixou de manter distância do veículo da frente;Tombamento;Com Vítimas Feridas;Plena Noite;Decrescente;Céu Claro;Dupla;Reta;Sim;1;0;1;0;0;0;1;1;-23,47089441;-46,51588173;SPRF-SP;DEL01-SP;UOP01-DEL01-SP
602691;24/05/2024;sexta-feira;16:40:00;PR;116;89;PIRAQUARA;Avarias e/ou desgaste excessivo no pneu;Queda de ocupante de veículo;Com Vítimas Feridas;Pleno dia;Crescente;Céu Claro;Dupla;Reta;Não;2;0;2;0;0;0;2;1;-25,45428705;-49,08817119;SPRF-PR;DEL01-PR;UOP07-DEL01-PR
602692;24/05/2024;sexta-feira;17:15:00;RS;290;4,6;OSORIO;Chuva;Saída de leito carroçável;Sem Vítimas;Pleno dia;Decrescente;Chuva;Dupla;Reta;Não;1;0;0;0;1;0;0;1;-29,898134;-50,31419;SPRF-RS;DEL03-RS;UOP01-DEL03-RS
602693;24/05/2024;sexta-feira;08:30:00;MT;70;725;CACERES;Chuva;Saída de leito carroçável;Sem Vítimas;Pleno dia;Decrescente;Chuva;Simples;Curva;Não;1;0;0;0;0;1;0;1;-16,14563984;-57,64984086;SPRF-MT;DEL03-MT;UOP01-DEL03-MT
602695;24/05/2024;sexta-feira;15:46:00;MG;381;926;ITAPEVA;Ausência de reação do condutor;Colisão com objeto;Com Vítimas Feridas;Pleno dia;Decrescente;Chuva;Dupla;Curva;Não;2;0;1;0;1;0;1;1;-22,78570092;-46,24148628;SPRF-MG;DEL16-MG;UOP03-DEL16-MG
602697;24/05/2024;sexta-feira;16:30:00;SC;282;64;RANCHO QUEIMADO;Transitar na contramão;Capotamento;Com Vítimas Feridas;Pleno dia;Decrescente;Céu Claro;Simples;"Reta;Declive";Sim;5;0;4;0;0;1;4;3;-27,696323;-49,052456;SPRF-SC;DEL01-SC;UOP03-DEL01-SC
602698;23/05/2024;quinta-feira;16:05:00;SP;116;138;SAO JOSE DOS CAMPOS;Demais falhas mecânicas ou elétricas;Tombamento;Com Vítimas Feridas;Pleno dia;Decrescente;Sol;Dupla;Reta;Não;1;0;1;0;0;0;1;1;-23,1572739;-45,79554605;SPRF-SP;DEL02-SP;UOP01-DEL02-SP
602699;24/05/2024;sexta-feira;12:50:00;MG;116;807;ALEM PARAIBA;Mal súbito do condutor;Saída de leito carroçável;Sem Vítimas;Pleno dia;Decrescente;Sol;Simples;Curva;Não;1;0;0;0;1;0;0;1;-21,81324096;-42,69642196;SPRF-MG;DEL07-MG;UOP01-DEL07-MG
602700;24/05/2024;sexta-feira;18:15:00;RS;116;293;ELDORADO DO SUL;Condutor deixou de manter distância do veículo da frente;Saída de leito carroçável;Com Vítimas Fatais;Plena Noite;Decrescente;Nublado;Dupla;Reta;Não;3;1;0;1;0;1;1;2;-30,06190803;-51,33968194;SPRF-RS;DEL02-RS;UOP01-DEL02-RS
602701;24/05/2024;sexta-feira;18:00:00;PR;376;2;MANDAGUARI;Acessar a via sem observar a presença dos outros veículos;Colisão traseira;Com Vítimas Feridas;Plena Noite;Crescente;Garoa/Chuvisco;Simples;"Reta;Interseção de Vias";Sim;2;0;1;0;1;0;1;2;-23,547966;-51,671265;SPRF-PR;DEL09-PR;UOP01-DEL09-PR
602702;24/05/2024;sexta-feira;12:15:00;PR;376;199,8;MARIALVA;Acumulo de água sobre o pavimento;Saída de leito carroçável;Com Vítimas Feridas;Pleno dia;Decrescente;Chuva;Múltipla;Reta;Não;1;0;1;0;0;0;1;1;-23,50719669;-51,73201193;SPRF-PR;DEL09-PR;UOP01-DEL09-PR
602703;24/05/2024;sexta-feira;17:00:00;MS;163;460,9;CAMPO GRANDE;Animais na Pista;Atropelamento de Animal;Com Vítimas Feridas;Pleno dia;Decrescente;Nublado;Simples;Reta;Não;2;0;1;1;0;0;2;1;-20,631533;-54,571339;SPRF-MS;DEL01-MS;UOP01-DEL01-MS
602705;24/05/2024;sexta-feira;18:20:00;SC;101;122;ITAJAI;Ausência de reação do condutor;Colisão lateral mesmo sentido;Com Vítimas Feridas;Plena Noite;Crescente;Nublado;Múltipla;Reta;Não;3;0;0;2;1;0;2;3;-26,92955916;-48,70499836;SPRF-SC;DEL04-SC;UOP04-DEL04-SC
602706;24/05/2024;sexta-feira;18:50:00;PB;230;26;JOAO PESSOA;Ausência de reação do condutor;Colisão traseira;Com Vítimas Feridas;Plena Noite;Crescente;Nublado;Dupla;Reta;Sim;2;0;0;1;1;0;1;2;-7,1693;-34,8782;SPRF-PB;DEL01-PB;UOP01-DEL01-PB
602707;24/05/2024;sexta-feira;18:20:00;SC;101;39,3;JOINVILLE;Trafegar com motocicleta (ou similar) entre as faixas;Colisão lateral mesmo sentido;Com Vítimas Feridas;Plena Noite;Crescente;Nublado;Dupla;Reta;Sim;2;0;1;0;1;0;1;2;-26,2628107;-48,90192257;SPRF-SC;DEL03-SC;UOP01-DEL03-SC
602708;24/05/2024;sexta-feira;18:38:00;PB;230;12;CABEDELO;Reação tardia ou ineficiente do condutor;Atropelamento de Pedestre;Com Vítimas Feridas;Plena Noite;Decrescente;Chuva;Dupla;Reta;Sim;3;0;2;0;0;1;2;2;-7,068;-34,85;SPRF-PB;DEL01-PB;UOP01-DEL01-PB
602709;24/05/2024;sexta-feira;17:46:00;RJ;101;295;SAO GONCALO;Manobra de mudança de faixa;Colisão lateral mesmo sentido;Com Vítimas Feridas;Anoitecer;Crescente;Céu Claro;Dupla;Reta;Sim;3;0;2;0;1;0;2;2;-22,76365068;-42,90223623;SPRF-RJ;DEL02-RJ;UOP02-DEL02-RJ
602710;24/05/2024;sexta-feira;18:00:00;BA;116;452;ANTONIO CARDOSO;Retorno proibido;Colisão transversal;Com Vítimas Feridas;Anoitecer;Crescente;Céu Claro;Múltipla;Reta;Não;3;0;1;0;2;0;1;2;-12,4065;-39,1764;SPRF-BA;DEL02-BA;UOP01-DEL02-BA
602711;24/05/2024;sexta-feira;18:40:00;RJ;40;113;DUQUE DE CAXIAS;Manobra de mudança de faixa;Colisão lateral mesmo sentido;Com Vítimas Feridas;Plena Noite;Crescente;Céu Claro;Múltipla;Reta;Não;2;0;1;0;0;1;1;2;-22,70948502;-43,29040354;SPRF-RJ;DEL01-RJ;UOP02-DEL01-RJ
602712;24/05/2024;sexta-feira;17:55:00;RS;116;38;VACARIA;Acessar a via sem observar a presença dos outros veículos;Colisão transversal;Com Vítimas Feridas;Anoitecer;Decrescente;Garoa/Chuvisco;Simples;"Reta;Interseção de Vias";Sim;3;0;2;0;1;0;2;2;-28,50548;-50,92516;SPRF-RS;DEL05-RS;UOP03-DEL05-RS
602713;24/05/2024;sexta-feira;18:55:00;DF;80;21;BRASILIA;Acessar a via sem observar a presença dos outros veículos;Colisão transversal;Com Vítimas Feridas;Plena Noite;Crescente;Nublado;Dupla;Retorno Regulamentado;Sim;1;0;1;0;0;0;1;1;-15,658299;-48,20282;SPRF-DF;DEL03-DF;UOP02-DEL03-DF
602715;24/05/2024;sexta-feira;18:15:00;PI;343;340;TERESINA;Manobra de mudança de faixa;Colisão lateral mesmo sentido;Com Vítimas Feridas;Plena Noite;Crescente;Céu Claro;Múltipla;Curva;Sim;3;0;3;0;0;0;3;2;-5,074137;-42,73629;SPRF-PI;DEL01-PI;UOP01-DEL01-PI