id;data_inversa;dia_semana;horario;uf;br;km;municipio;causa_acidente;tipo_acidente;classificacao_acidente;fase_dia;sentido_via;condicao_metereologica;tipo_pista;tracado_via;uso_solo;pessoas;mortos;feridos_leves;feridos_graves;ilesos;ignorados;feridos;veiculos;latitude;longitude;regional;delegacia;uop
602717;24/05/2024;sexta-feira;18:30:00;ES;101;164,2;LINHARES;Desrespeitar a preferência no cruzamento;Colisão transversal;Com Vítimas Feridas;Plena Noite;Crescente;Céu Claro;Simples;Rotatória;Não;3;0;1;1;1;0;2;2;-19,50607582;-40,13470026;SPRF-ES;DEL04-ES;UOP01-DEL04-ES
602718;24/05/2024;sexta-feira;19:00:00;RJ;40;113;DUQUE DE CAXIAS;Manobra de mudança de faixa;Colisão lateral mesmo sentido;Com Vítimas Feridas;Plena Noite;Decrescente;Nublado;Dupla;Reta;Sim;2;0;0;1;1;0;1;2;-22,70948502;-43,29040354;SPRF-RJ;DEL01-RJ;UOP02-DEL01-RJ
602719;24/05/2024;sexta-feira;19:00:00;SC;101;119;ITAJAI;Reação tardia ou ineficiente do condutor;Colisão lateral mesmo sentido;Com Vítimas Feridas;Plena Noite;Decrescente;Céu Claro;Dupla;Reta;Sim;2;0;1;0;1;0;1;2;-26,9043179;-48,71555481;SPRF-SC;DEL04-SC;UOP04-DEL04-SC
602722;24/05/2024;sexta-feira;18:50:00;SC;101;278,6;IMBITUBA;Desrespeitar a preferência no cruzamento;Colisão transversal;Com Vítimas Feridas;Plena Noite;Decrescente;Chuva;Múltipla;Interseção de Vias;Não;2;0;0;1;1;0;1;2;-28,16300604;-48,6939345;SPRF-SC;DEL02-SC;UOP03-DEL02-SC
602724;24/05/2024;sexta-feira;19:49:00;DF;70;10;BRASILIA;Ausência de reação do condutor;Atropelamento de Pedestre;Com Vítimas Feridas;Plena Noite;Decrescente;Nublado;Dupla;Reta;Sim;2;0;1;0;0;1;1;2;-15,787066;-48,140709;SPRF-DF;DEL03-DF;UOP02-DEL03-DF
602728;24/05/2024;sexta-feira;19:10:00;RJ;101;316;SAO GONCALO;Trafegar com motocicleta (ou similar) entre as faixas;Colisão traseira;Com Vítimas Feridas;Plena Noite;Decrescente;Céu Claro;Dupla;Reta;Sim;4;0;2;0;2;0;2;3;-22,82835879;-43,09208739;SPRF-RJ;DEL02-RJ;UOP02-DEL02-RJ
602729;24/05/2024;sexta-feira;19:20:00;PR;116;8;CAMPINA GRANDE DO SUL;Acessar a via sem observar a presença dos outros veículos;Colisão transversal;Com Vítimas Feridas;Plena Noite;Decrescente;Céu Claro;Dupla;Reta;Sim;3;0;1;0;1;1;1;3;-25,08123277;-48,62449108;SPRF-PR;DEL01-PR;UOP02-DEL01-PR
602733;24/05/2024;sexta-feira;18:30:00;MG;262;34,1;MANHUACU;Reação tardia ou ineficiente do condutor;Colisão transversal;Com Vítimas Feridas;Plena Noite;Decrescente;Céu Claro;Simples;Rotatória;Sim;2;0;1;0;1;0;1;2;-20,25692664;-42,01099203;SPRF-MG;DEL06-MG;UOP03-DEL06-MG
602735;24/05/2024;sexta-feira;18:10:00;PR;369;207;APUCARANA;Demais falhas na via;Tombamento;Com Vítimas Feridas;Plena Noite;Crescente;Garoa/Chuvisco;Simples;Interseção de Vias;Sim;1;0;1;0;0;0;1;1;-23,56295161;-51,48864448;SPRF-PR;DEL07-PR;UOP03-DEL07-PR
602736;24/05/2024;sexta-feira;20:20:00;PR;116;159;QUITANDINHA;Velocidade Incompatível;Colisão com objeto;Com Vítimas Feridas;Plena Noite;Crescente;Nublado;Simples;Curva;Não;2;0;1;0;1;0;1;2;-25,86569317;-49,38243407;SPRF-PR;DEL01-PR;UOP03-DEL01-PR
602737;24/05/2024;sexta-feira;18:50:00;PA;155;313;MARABA;Transitar na contramão;Colisão frontal;Com Vítimas Fatais;Anoitecer;Decrescente;Céu Claro;Simples;"Reta;Ponte";Não;3;1;0;1;0;1;1;3;-5,63103584;-49,09737018;SPRF-PA;DEL03-PA;UOP01-DEL03-PA
602738;24/05/2024;sexta-feira;18:30:00;SP;116;148;SAO JOSE DOS CAMPOS;Trafegar com motocicleta (ou similar) entre as faixas;Colisão lateral mesmo sentido;Com Vítimas Feridas;Plena Noite;Decrescente;Céu Claro;Dupla;Reta;Sim;1;0;1;0;0;0;1;1;-23,20067421;-45,8795018;SPRF-SP;DEL02-SP;UOP01-DEL02-SP
602739;24/05/2024;sexta-feira;20:20:00;SP;116;153;SAO JOSE DOS CAMPOS;Avarias e/ou desgaste excessivo no pneu;Tombamento;Com Vítimas Feridas;Plena Noite;Crescente;Nublado;Dupla;Reta;Sim;1;0;1;0;0;0;1;1;-23,23440303;-45,91615677;SPRF-SP;DEL02-SP;UOP01-DEL02-SP
602740;24/05/2024;sexta-feira;21:00:00;RS;386;419;MONTENEGRO;Ingestão de álcool pelo condutor;Colisão traseira;Com Vítimas Feridas;Plena Noite;Crescente;Garoa/Chuvisco;Dupla;Reta;Sim;4;0;2;0;2;0;2;2;-29,81764;-51,432823;SPRF-RS;DEL04-RS;UOP02-DEL04-RS
602741;24/05/2024;sexta-feira;20:10:00;MA;226;298,8;BARRA DO CORDA;Manobra de mudança de faixa;Colisão lateral sentido oposto;Sem Vítimas;Plena Noite;Decrescente;Céu Claro;Simples;"Curva;Declive";Não;3;0;0;0;3;0;0;2;-5,49724558;-45,24112701;SPRF-MA;DEL06-MA;UOP01-DEL06-MA
602743;24/05/2024;sexta-feira;19:20:00;SC;101;39;JOINVILLE;Manobra de mudança de faixa;Colisão lateral mesmo sentido;Com Vítimas Feridas;Plena Noite;Decrescente;Nublado;Dupla;"Reta;Interseção de Vias";Sim;2;0;1;0;1;0;1;2;-26,2628107;-48,90192257;SPRF-SC;DEL03-SC;UOP01-DEL03-SC
602744;24/05/2024;sexta-feira;21:00:00;MG;381;855;POUSO ALEGRE;Ausência de reação do condutor;Tombamento;Sem Vítimas;Plena Noite;Crescente;Ignorado;Dupla;Reta;Não;1;0;0;0;1;0;0;1;-22,32218405;-45,90735795;SPRF-MG;DEL16-MG;UOP01-DEL16-MG
602745;24/05/2024;sexta-feira;20:00:00;GO;40;4,8;VALPARAISO DE GOIAS;Ausência de reação do condutor;Engavetamento;Com Vítimas Feridas;Plena Noite;Crescente;Céu Claro;Dupla;Reta;Sim;4;0;1;0;1;2;1;4;-16,09103467;-47,98358631;SPRF-DF;DEL01-DF;UOP01-DEL01-DF
602746;24/05/2024;sexta-feira;21:00:00;RJ;40;115;DUQUE DE CAXIAS;Manobra de mudança de faixa;Queda de ocupante de veículo;Com Vítimas Feridas;Plena Noite;Decrescente;Céu Claro;Dupla;Reta;Sim;2;0;1;0;1;0;1;1;-22,72756999;-43,2891609;SPRF-RJ;DEL01-RJ;UOP02-DEL01-RJ
602748;24/05/2024;sexta-feira;20:30:00;BA;135;328;CORRENTINA;Manobra de mudança de faixa;Colisão frontal;Com Vítimas Fatais;Plena Noite;Crescente;Céu Claro;Simples;Curva;Não;2;1;0;0;0;1;0;2;-13,20981;-44,646156;SPRF-BA;DEL08-BA;N/A
602749;24/05/2024;sexta-feira;18:30:00;RO;364;433;JARU;Condutor deixou de manter distância do veículo da frente;Colisão traseira;Com Vítimas Feridas;Plena Noite;Decrescente;Céu Claro;Simples;Reta;Não;3;0;1;0;2;0;1;2;-10,39528019;-62,53268714;SPRF-RO;DEL03-RO;UOP02-DEL03-RO
602752;24/05/2024;sexta-feira;21:00:00;RJ;493;0;ITABORAI;Acumulo de areia ou detritos sobre o pavimento;Queda de ocupante de veículo;Com Vítimas Feridas;Plena Noite;Crescente;Céu Claro;Múltipla;Reta;Sim;1;0;1;0;0;0;1;1;-22,77062;-42,92223;SPRF-RJ;DEL02-RJ;UOP02-DEL02-RJ
602755;24/05/2024;sexta-feira;19:01:00;PR;163;8,6;BARRACAO;Ingestão de álcool pelo condutor;Colisão transversal;Com Vítimas Feridas;Plena Noite;Decrescente;Garoa/Chuvisco;Dupla;"Interseção de Vias;Reta";Sim;2;0;1;0;1;0;1;2;-26,25066;-53,635523;SPRF-PR;DEL02-PR;UOP02-DEL02-PR
602756;24/05/2024;sexta-feira;14:05:00;RJ;101;327;RIO DE JANEIRO;Suicídio (presumido);Sinistro pessoal de trânsito;Com Vítimas Fatais;Pleno dia;Decrescente;Céu Claro;Dupla;Reta;Não;1;1;0;0;0;0;0;1;-22,87117393;-43,15595099;SPRF-RJ;DEL02-RJ;UOP01-DEL02-RJ
602757;24/05/2024;sexta-feira;21:00:00;SP;116;77;ROSEIRA;Ausência de reação do condutor;Tombamento;Com Vítimas Feridas;Plena Noite;Decrescente;Nublado;Dupla;Reta;Não;1;0;1;0;0;0;1;1;-22,88334222;-45,27934983;SPRF-SP;DEL08-SP;UOP01-DEL08-SP
602759;24/05/2024;sexta-feira;21:10:00;MG;262;811;UBERABA;Ausência de reação do condutor;Colisão com objeto;Com Vítimas Feridas;Plena Noite;Decrescente;Céu Claro;Dupla;Reta;Sim;1;0;1;0;0;0;1;1;-19,76527861;-48,11638905;SPRF-MG;DEL13-MG;UOP01-DEL13-MG
602760;24/05/2024;sexta-feira;21:40:00;SC;280;127,1;RIO NEGRINHO;Trafegar com motocicleta (ou similar) entre as faixas;Colisão lateral mesmo sentido;Com Vítimas Feridas;Plena Noite;Decrescente;Nublado;Simples;Reta;Sim;2;0;0;1;1;0;1;2;-26,23975854;-49,50572491;SPRF-SC;DEL06-SC;UOP03-DEL06-SC
602761;24/05/2024;sexta-feira;21:49:00;GO;70;6;AGUAS LINDAS DE GOIAS;Manobra de mudança de faixa;Colisão transversal;Com Vítimas Feridas;Plena Noite;Decrescente;Céu Claro;Dupla;Reta;Sim;2;0;0;1;1;0;1;2;-15,75049381;-48,2612381;SPRF-DF;DEL03-DF;UOP02-DEL03-DF
602762;24/05/2024;sexta-feira;18:00:00;BA;418;112,4;NOVA VICOSA;Manobra de mudança de faixa;Colisão lateral mesmo sentido;Com Vítimas Feridas;Amanhecer;Crescente;Céu Claro;Simples;Reta;Não;2;0;0;1;1;0;1;2;-17,89011822;-40,07227203;SPRF-BA;DEL09-BA;UOP02-DEL09-BA
602763;24/05/2024;sexta-feira;21:30:00;ES;101;265,7;SERRA;Velocidade Incompatível;Atropelamento de Pedestre;Com Vítimas Feridas;Plena Noite;Crescente;Céu Claro;Múltipla;Reta;Sim;2;0;1;1;0;0;2;2;-20,1816849;-40,26536036;SPRF-ES;DEL02-ES;UOP01-DEL02-ES
602764;24/05/2024;sexta-feira;20:39:00;MT;163;834,1;SINOP;Acessar a via sem observar a presença dos outros veículos;Colisão lateral mesmo sentido;Com Vítimas Feridas;Plena Noite;Decrescente;Céu Claro;Dupla;"Reta;Retorno Regulamentado";Sim;2;0;1;0;1;0;1;2;-11,87205154;-55,49820011;SPRF-MT;DEL06-MT;UOP02-DEL06-MT
602766;24/05/2024;sexta-feira;20:15:00;SC;101;330,2;TUBARAO;Transitar na contramão;Colisão frontal;Com Vítimas Feridas;Plena Noite;Decrescente;Nublado;Dupla;Reta;Não;2;0;1;0;1;0;1;2;-28,45744277;-48,98452878;SPRF-SC;DEL02-SC;UOP01-DEL02-SC
602769;24/05/2024;sexta-feira;21:40:00;MT;364;328;CAMPO VERDE;Reação tardia ou ineficiente do condutor;Colisão traseira;Sem Vítimas;Plena Noite;Decrescente;Nevoeiro/Neblina;Dupla;"Reta;Declive";Não;3;0;0;0;3;0;0;2;-15,81572524;-55,39421693;SPRF-MT;DEL05-MT;UOP02-DEL05-MT
602771;24/05/2024;sexta-feira;22:20:00;MS;163;501;JARAGUARI;Animais na Pista;Atropelamento de Animal;Com Vítimas Feridas;Plena Noite;Decrescente;Céu Claro;Simples;"Reta;Declive";Não;1;0;1;0;0;0;1;1;-20,31813699;-54,51434503;SPRF-MS;DEL01-MS;UOP02-DEL01-MS
602773;24/05/2024;sexta-feira;21:00:00;PI;316;312,6;PICOS;Reação tardia ou ineficiente do condutor;Queda de ocupante de veículo;Com Vítimas Feridas;Plena Noite;Decrescente;Céu Claro;Dupla;Reta;Sim;1;0;1;0;0;0;1;1;-7,08092534;-41,4582602;SPRF-PI;DEL04-PI;UOP01-DEL04-PI
602774;24/05/2024;sexta-feira;23:30:00;RN;101;151,4;GOIANINHA;Demais falhas mecânicas ou elétricas;Incêndio;Sem Vítimas;Plena Noite;Decrescente;Nublado;Dupla;Reta;Não;1;0;0;0;1;0;0;1;-6,30228615;-35,19185327;SPRF-RN;DEL01-RN;UOP01-DEL01-RN
602775;25/05/2024;sábado;00:00:00;SP;116;212;GUARULHOS;Manobra de mudança de faixa;Colisão traseira;Sem Vítimas;Plena Noite;Decrescente;Nublado;Múltipla;Reta;Sim;2;0;0;0;2;0;0;2;-23,43608315;-46,42805094;SPRF-SP;DEL01-SP;UOP01-DEL01-SP
602776;24/05/2024;sexta-feira;23:00:00;SC;153;76;IRANI;Ausência de reação do condutor;Saída de leito carroçável;Sem Vítimas;Plena Noite;Crescente;Garoa/Chuvisco;Simples;Curva;Não;1;0;0;0;1;0;0;1;-27,091108;-51,906189;SPRF-SC;DEL07-SC;UOP04-DEL07-SC
602777;24/05/2024;sexta-feira;21:15:00;MA;402;10,2;ROSARIO;Conversão proibida;Colisão frontal;Com Vítimas Feridas;Plena Noite;Crescente;Céu Claro;Simples;Reta;Sim;2;0;1;0;1;0;1;2;-2,941254;-44,245796;SPRF-MA;DEL01-MA;UOP01-DEL01-MA
602778;26/02/2024;segunda-feira;11:30:00;MA;230;22;BARAO DE GRAJAU;Demais falhas mecânicas ou elétricas;Saída de leito carroçável;Com Vítimas Feridas;Pleno dia;Crescente;Sol;Simples;Curva;Não;1;0;0;1;0;0;1;1;-6,70498394;-43,191952;SPRF-PI;DEL03-PI;UOP01-DEL03-PI
602779;10/02/2024;sábado;19:40:00;PI;230;308,5;FLORIANO;Ingestão de álcool pelo condutor;Colisão transversal;Com Vítimas Feridas;Plena Noite;Crescente;Nublado;Simples;Reta;Sim;3;0;1;2;0;0;3;2;-6,78159309;-43,00121707;SPRF-PI;DEL03-PI;UOP01-DEL03-PI
602780;24/05/2024;sexta-feira;23:00:00;SC;101;315,9;PESCARIA BRAVA;Ingestão de álcool pelo condutor;Colisão com objeto;Sem Vítimas;Plena Noite;Crescente;Nublado;Dupla;Curva;Não;1;0;0;0;1;0;0;1;-28,42511551;-48,85726869;SPRF-SC;DEL02-SC;UOP01-DEL02-SC
602781;24/05/2024;sexta-feira;20:45:00;SC;282;48;AGUAS MORNAS;Ultrapassagem Indevida;Colisão frontal;Sem Vítimas;Plena Noite;Crescente;Nublado;Simples;"Declive;Curva";Não;2;0;0;0;2;0;0;2;-27,714352;-48,938072;SPRF-SC;DEL01-SC;UOP03-DEL01-SC
602782;24/05/2024;sexta-feira;20:40:00;RN;101;159;CANGUARETAMA;Mal súbito do condutor;Tombamento;Com Vítimas Feridas;Plena Noite;Crescente;Nublado;Dupla;Reta;Sim;1;0;0;1;0;0;1;1;-6,36312911;-35,15714218;SPRF-RN;DEL01-RN;UOP01-DEL01-RN
602784;25/05/2024;sábado;00:15:00;MS;158;152;APARECIDA DO TABOADO;Ausência de reação do condutor;Saída de leito carroçável;Sem Vítimas;Plena Noite;Crescente;Garoa/Chuvisco;Simples;Reta;Não;1;0;0;0;0;1;0;1;-20,11578496;-51,17867303;SPRF-MS;DEL08-MS;UOP01-DEL08-MS
602785;25/05/2024;sábado;01:20:00;ES;101;287;CARIACICA;Reação tardia ou ineficiente do condutor;Tombamento;Com Vítimas Feridas;Plena Noite;Crescente;Céu Claro;Múltipla;Reta;Sim;2;0;0;2;0;0;2;1;-20,26493528;-40,38471702;SPRF-ES;DEL01-ES;UOP01-DEL01-ES
602786;25/05/2024;sábado;02:00:00;MG;381;495;BETIM;Reação tardia ou ineficiente do condutor;Capotamento;Com Vítimas Feridas;Plena Noite;Crescente;Céu Claro;Dupla;Curva;Sim;1;0;1;0;0;0;1;1;-19,98890883;-44,20522016;SPRF-MG;DEL01-MG;UOP03-DEL01-MG
602787;25/05/2024;sábado;02:15:00;GO;50;275;CATALAO;Reação tardia ou ineficiente do condutor;Queda de ocupante de veículo;Com Vítimas Feridas;Plena Noite;Decrescente;Céu Claro;Dupla;"Reta;Desvio Temporário;Em Obras;Declive";Não;2;0;1;1;0;0;2;1;-18,1483;-47,907;SPRF-GO;DEL06-GO;UOP01-DEL06-GO
602789;25/05/2024;sábado;02:13:00;GO;20;0;FORMOSA;Velocidade Incompatível;Tombamento;Sem Vítimas;Plena Noite;Crescente;Céu Claro;Dupla;Reta;Não;1;0;0;0;1;0;0;1;-15,581744;-47,343241;SPRF-DF;DEL02-DF;UOP02-DEL02-DF
602790;25/05/2024;sábado;02:20:00;ES;101;293;CARIACICA;Reação tardia ou ineficiente do condutor;Tombamento;Com Vítimas Feridas;Plena Noite;Crescente;Nublado;Dupla;Reta;Sim;1;0;0;1;0;0;1;1;-20,31898;-40,396281;SPRF-ES;DEL01-ES;UOP01-DEL01-ES
602791;25/05/2024;sábado;01:30:00;RJ;116;296;PORTO REAL;Reação tardia ou ineficiente do condutor;Colisão com objeto;Sem Vítimas;Plena Noite;Decrescente;Céu Claro;Simples;Retorno Regulamentado;Não;1;0;0;0;0;1;0;1;-22,45219833;-44,306985;SPRF-RJ;DEL07-RJ;UOP02-DEL07-RJ
602793;25/05/2024;sábado;00:25:00;SC;101;326,5;CAPIVARI DE BAIXO;Reação tardia ou ineficiente do condutor;Saída de leito carroçável;Com Vítimas Feridas;Plena Noite;Decrescente;Nublado;Múltipla;Reta;Não;1;0;1;0;0;0;1;1;-28,43280786;-48,95610809;SPRF-SC;DEL02-SC;UOP01-DEL02-SC
602795;25/05/2024;sábado;03:15:00;SC;470;170,4;POUSO REDONDO;Velocidade Incompatível;Colisão lateral sentido oposto;Sem Vítimas;Plena Noite;Crescente;Nublado;Simples;"Curva;Aclive";Não;2;0;0;0;2;0;0;2;-27,257526;-49,909592;SPRF-SC;DEL04-SC;UOP02-DEL04-SC
602796;25/05/2024;sábado;03:15:00;MG;381;484;BETIM;Ingestão de álcool pelo condutor;Queda de ocupante de veículo;Com Vítimas Feridas;Plena Noite;Crescente;Céu Claro;Dupla;"Curva;Declive";Sim;1;0;1;0;0;0;1;1;-19,958572;-44,091235;SPRF-MG;DEL01-MG;UOP03-DEL01-MG
602797;25/05/2024;sábado;01:30:00;PR;369;145;LONDRINA;Ingestão de álcool pelo condutor;Colisão frontal;Sem Vítimas;Plena Noite;Decrescente;Céu Claro;Dupla;"Reta;Declive";Sim;2;0;0;0;2;0;0;2;-23,2933;-51,12514841;SPRF-PR;DEL07-PR;UOP01-DEL07-PR
602798;25/05/2024;sábado;02:10:00;RJ;116;131;MAGE;Reação tardia ou ineficiente do condutor;Queda de ocupante de veículo;Com Vítimas Feridas;Plena Noite;Decrescente;Céu Claro;Dupla;Viaduto;Sim;2;0;2;0;0;0;2;1;-22,65608024;-43,12511494;SPRF-RJ;DEL04-RJ;UOP02-DEL04-RJ
602799;25/05/2024;sábado;02:43:00;TO;153;237;COLINAS DO TOCANTINS;Transitar na contramão;Colisão frontal;Com Vítimas Fatais;Plena Noite;Crescente;Céu Claro;Simples;Reta;Não;3;2;0;1;0;0;1;2;-7,96747498;-48,46389145;SPRF-TO;DEL02-TO;UOP01-DEL02-TO
602800;24/05/2024;sexta-feira;22:15:00;PI;343;309,6;ALTOS;Pedestre andava na pista;Atropelamento de Pedestre;Com Vítimas Feridas;Plena Noite;Crescente;Céu Claro;Simples;Reta;Sim;2;0;0;1;1;0;1;2;-5,04012;-42,476742;SPRF-PI;DEL01-PI;UOP01-DEL01-PI
602801;25/05/2024;sábado;03:00:00;GO;60;163;GOIANIA;Acesso irregular;Colisão lateral mesmo sentido;Com Vítimas Feridas;Plena Noite;Decrescente;Céu Claro;Múltipla;Interseção de Vias;Não;4;0;0;2;0;2;2;3;-16,7002;-49,3335;SPRF-GO;DEL01-GO;UOP02-DEL01-GO
602803;25/05/2024;sábado;03:40:00;SP;116;70;APARECIDA;Acessar a via sem observar a presença dos outros veículos;Atropelamento de Pedestre;Com Vítimas Feridas;Plena Noite;Crescente;Céu Claro;Dupla;Reta;Não;3;0;1;0;2;0;1;2;-22,84852898;-45,22705084;SPRF-SP;DEL08-SP;UOP01-DEL08-SP
602804;25/05/2024;sábado;03:59:00;PB;101;88;JOAO PESSOA;Ingestão de álcool pelo condutor;Saída de leito carroçável;Com Vítimas Feridas;Plena Noite;Crescente;Nublado;Dupla;"Viaduto;Retorno Regulamentado;Curva";Sim;1;0;0;1;0;0;1;1;-7,16470016;-34,89993643;SPRF-PB;DEL01-PB;UOP01-DEL01-PB
602806;24/05/2024;sexta-feira;18:50:00;MT;70;500;CUIABA;Ultrapassagem Indevida;Saída de leito carroçável;Com Vítimas Feridas;Plena Noite;Decrescente;Nublado;Simples;Reta;Sim;2;0;0;1;1;0;1;1;-15,68206569;-55,92335686;SPRF-MT;DEL01-MT;UOP02-DEL01-MT
602807;25/05/2024;sábado;05:05:00;SC;101;133,2;BALNEARIO CAMBORIU;Reação tardia ou ineficiente do condutor;Colisão com objeto;Com Vítimas Feridas;Plena Noite;Decrescente;Nublado;Múltipla;"Reta;Declive";Sim;1;0;1;0;0;0;1;1;-26,99936;-48,64609;SPRF-SC;DEL04-SC;UOP03-DEL04-SC
602809;25/05/2024;sábado;04:00:00;RJ;356;36;ITAPERUNA;Acessar a via sem observar a presença dos outros veículos;Colisão transversal;Com Vítimas Feridas;Plena Noite;Crescente;Céu Claro;Simples;Reta;Sim;2;0;0;1;1;0;1;2;-21,21399756;-41,87815475;SPRF-RJ;DEL08-RJ;UOP03-DEL08-RJ
602810;25/05/2024;sábado;03:40:00;RN;304;151;ANGICOS;Reação tardia ou ineficiente do condutor;Tombamento;Com Vítimas Feridas;Plena Noite;Crescente;Céu Claro;Simples;Reta;Não;1;0;1;0;0;0;1;1;-5,69239842;-36,58913393;SPRF-RN;DEL04-RN;UOP01-DEL04-RN
602811;25/05/2024;sábado;03:00:00;GO;414;362,1;COCALZINHO DE GOIAS;Condutor Dormindo;Saída de leito carroçável;Sem Vítimas;Plena Noite;Decrescente;Céu Claro;Simples;"Curva;Declive";Não;3;0;0;0;3;0;0;1;-15,69821227;-48,69907737;SPRF-GO;DEL02-GO;UOP01-DEL02-GO
602812;25/05/2024;sábado;05:40:00;RS;116;293;GUAIBA;Reação tardia ou ineficiente do condutor;Saída de leito carroçável;Sem Vítimas;Plena Noite;Decrescente;Nublado;Dupla;Curva;Não;1;0;0;0;1;0;0;1;-30,06190803;-51,33968194;SPRF-RS;DEL02-RS;UOP01-DEL02-RS
602813;25/05/2024;sábado;05:50:00;MG;381;481;CONTAGEM;Transitar na contramão;Colisão frontal;Com Vítimas Feridas;Pleno dia;Crescente;Céu Claro;Simples;Reta;Sim;3;0;1;0;2;0;1;2;-19,95931561;-44,08825597;SPRF-MG;DEL01-MG;UOP03-DEL01-MG
602818;25/05/2024;sábado;05:00:00;RJ;40;80;PETROPOLIS;Ingestão de álcool pelo condutor;Colisão com objeto;Sem Vítimas;Pleno dia;Decrescente;Céu Claro;Simples;Curva;Não;1;0;0;0;1;0;0;1;-22,49798597;-43,22878703;SPRF-RJ;DEL01-RJ;UOP01-DEL01-RJ
602819;25/05/2024;sábado;06:38:00;RS;470;216,9;BENTO GONCALVES;Entrada inopinada do pedestre;Atropelamento de Pedestre;Com Vítimas Feridas;Amanhecer;Crescente;Garoa/Chuvisco;Múltipla;Interseção de Vias;Sim;2;0;1;1;0;0;2;2;-29,15887096;-51,53142395;SPRF-RS;DEL06-RS;UOP01-DEL06-RS
602820;25/05/2024;sábado;05:55:00;RJ;116;109;GUAPIMIRIM;Condutor Dormindo;Colisão frontal;Com Vítimas Feridas;Plena Noite;Crescente;Céu Claro;Simples;Curva;Não;2;0;1;0;1;0;1;2;-22,54280711;-42,98518617;SPRF-RJ;DEL04-RJ;UOP01-DEL04-RJ
602822;05/05/2024;domingo;19:45:00;SC;101;207,5;SAO JOSE;Reação tardia ou ineficiente do condutor;Tombamento;Com Vítimas Feridas;Plena Noite;Crescente;Céu Claro;Múltipla;"Aclive;Reta";Sim;1;0;0;1;0;0;1;1;-27,60001226;-48,6226467;SPRF-SC;DEL01-SC;UOP01-DEL01-SC
602824;25/05/2024;sábado;07:00:00;ES;101;128,6;SOORETAMA;Desrespeitar a preferência no cruzamento;Colisão transversal;Com Vítimas Fatais;Pleno dia;Decrescente;Céu Claro;Simples;"Reta;Rotatória";Não;4;1;0;0;3;0;0;2;-19,22580667;-40,18445587;SPRF-ES;DEL04-ES;UOP01-DEL04-ES
602827;25/05/2024;sábado;07:14:00;PB;230;51,8;CRUZ DO ESPIRITO SANTO;Reação tardia ou ineficiente do condutor;Saída de leito carroçável;Com Vítimas Feridas;Pleno dia;Decrescente;Céu Claro;Dupla;Reta;Não;1;0;0;1;0;0;1;1;-7,198082;-35,072984;SPRF-PB;DEL01-PB;UOP03-DEL01-PB
602828;25/05/2024;sábado;04:00:00;MG;381;665,9;PERDOES;Reação tardia ou ineficiente do condutor;Queda de ocupante de veículo;Com Vítimas Feridas;Plena Noite;Crescente;Nublado;Dupla;Reta;Não;1;0;1;0;0;0;1;1;-21,05493912;-45,03103599;SPRF-MG;DEL04-MG;UOP02-DEL04-MG
602829;25/05/2024;sábado;04:50:00;BA;407;161,8;FILADELFIA;Ingestão de álcool pelo condutor;Colisão traseira;Com Vítimas Feridas;Amanhecer;Decrescente;Céu Claro;Simples;Reta;Não;4;0;3;0;1;0;3;2;-10,75841898;-40,12001365;SPRF-BA;DEL04-BA;UOP01-DEL04-BA
602830;25/05/2024;sábado;05:59:00;RO;364;712;PORTO VELHO;Condutor desrespeitou a iluminação vermelha do semáforo;Colisão transversal;Com Vítimas Feridas;Amanhecer;Crescente;Chuva;Dupla;Interseção de Vias;Sim;3;0;1;0;2;0;1;2;-8,77768767;-63,87157202;SPRF-RO;DEL01-RO;UOP01-DEL01-RO
602832;25/05/2024;sábado;05:30:00;RO;364;421;JARU;Reação tardia ou ineficiente do condutor;Queda de ocupante de veículo;Com Vítimas Feridas;Amanhecer;Decrescente;Nublado;Dupla;"Aclive;Reta";Não;1;0;1;0;0;0;1;1;-10,46729967;-62,45088748;SPRF-RO;DEL03-RO;UOP02-DEL03-RO
602833;25/05/2024;sábado;06:50:00;PB;230;334,6;PATOS;Ausência de reação do condutor;Tombamento;Com Vítimas Feridas;Pleno dia;Crescente;Céu Claro;Simples;Reta;Sim;2;0;1;0;0;1;1;2;-7,018;-37,2589;SPRF-PB;DEL03-PB;UOP01-DEL03-PB
602837;25/05/2024;sábado;06:57:00;SP;153;64,7;SAO JOSE DO RIO PRETO;Reação tardia ou ineficiente do condutor;Colisão com objeto;Sem Vítimas;Amanhecer;Decrescente;Nublado;Dupla;"Reta;Aclive";Sim;1;0;0;0;1;0;0;1;-20,82919401;-49,36046325;SPRF-SP;DEL09-SP;UOP01-DEL09-SP
602838;25/05/2024;sábado;08:00:00;PE;101;68;RECIFE;Manobra de mudança de faixa;Colisão lateral mesmo sentido;Com Vítimas Feridas;Pleno dia;Decrescente;Sol;Dupla;Rotatória;Sim;2;0;1;0;1;0;1;2;-8,05074296;-34,94580619;SPRF-PE;DEL01-PE;UOP01-DEL01-PE
602839;25/05/2024;sábado;08:00:00;RN;101;104;PARNAMIRIM;Manobra de mudança de faixa;Colisão traseira;Com Vítimas Feridas;Pleno dia;Decrescente;Céu Claro;Dupla;Reta;Sim;3;0;2;0;1;0;2;3;-5,89527098;-35,25798979;SPRF-RN;DEL01-RN;UOP01-DEL01-RN
602840;19/04/2024;sexta-feira;22:30:00;GO;60;171;ABADIA DE GOIAS;Animais na Pista;Atropelamento de Animal;Com Vítimas Feridas;Plena Noite;Crescente;Chuva;Dupla;"Declive;Reta";Não;2;0;0;1;1;0;1;2;-16,7333;-49,3996;SPRF-GO;DEL01-GO;UOP02-DEL01-GO