id;data_inversa;dia_semana;horario;uf;br;km;municipio;causa_acidente;tipo_acidente;classificacao_acidente;fase_dia;sentido_via;condicao_metereologica;tipo_pista;tracado_via;uso_solo;pessoas;mortos;feridos_leves;feridos_graves;ilesos;ignorados;feridos;veiculos;latitude;longitude;regional;delegacia;uop
602962;25/05/2024;sábado;21:10:00;PR;116;156;MANDIRITUBA;Condutor Dormindo;Saída de leito carroçável;Sem Vítimas;Plena Noite;Decrescente;Céu Claro;Simples;Reta;Não;1;0;0;0;0;1;0;1;-25,86370318;-49,39628005;SPRF-PR;DEL01-PR;UOP03-DEL01-PR
602964;25/05/2024;sábado;20:50:00;PR;116;29;CAMPINA GRANDE DO SUL;Pedestre - Ingestão de álcool/ substâncias psicoativas;Atropelamento de Pedestre;Com Vítimas Feridas;Plena Noite;Decrescente;Chuva;Dupla;"Curva;Declive";Não;2;0;1;0;1;0;1;2;-25,10057871;-48,81128876;SPRF-PR;DEL01-PR;UOP02-DEL01-PR
602966;25/05/2024;sábado;20:30:00;RJ;101;295;ITABORAI;Ingestão de álcool pelo condutor;Colisão traseira;Sem Vítimas;Plena Noite;Decrescente;Garoa/Chuvisco;Múltipla;Reta;Sim;2;0;0;0;2;0;0;2;-22,76403329;-42,90270567;SPRF-RJ;DEL02-RJ;UOP02-DEL02-RJ
602967;25/05/2024;sábado;21:00:00;MG;116;536;SANTA RITA DE MINAS;Ingestão de álcool pelo condutor;Colisão com objeto;Sem Vítimas;Plena Noite;Decrescente;Céu Claro;Simples;Reta;Sim;2;0;0;0;2;0;0;2;-19,86951535;-42,13410335;SPRF-MG;DEL06-MG;UOP02-DEL06-MG
602968;01/05/2024;quarta-feira;06:15:00;ES;101;280,5;SERRA;Ausência de reação do condutor;Queda de ocupante de veículo;Com Vítimas Feridas;Pleno dia;Crescente;Céu Claro;Dupla;Curva;Não;2;0;2;0;0;0;2;1;-20,21828666;-40,34895595;SPRF-ES;DEL02-ES;UOP01-DEL02-ES
602969;25/05/2024;sábado;19:30:00;BA;116;492;RAFAEL JAMBEIRO;Transitar na contramão;Colisão frontal;Com Vítimas Feridas;Plena Noite;Decrescente;Céu Claro;Dupla;Reta;Não;3;0;0;2;0;1;2;2;-12,575412;-39,503413;SPRF-BA;DEL02-BA;UOP01-DEL02-BA
602970;25/05/2024;sábado;22:00:00;TO;153;245,9;COLINAS DO TOCANTINS;Ingestão de álcool pelo condutor;Colisão traseira;Com Vítimas Feridas;Plena Noite;Crescente;Céu Claro;Dupla;Reta;Não;4;0;1;0;2;1;1;3;-8,046382;-48,46624384;SPRF-TO;DEL02-TO;UOP02-DEL02-TO
602974;25/05/2024;sábado;21:40:00;PR;277;61;SAO JOSE DOS PINHAIS;Condutor Dormindo;Saída de leito carroçável;Sem Vítimas;Plena Noite;Decrescente;Céu Claro;Dupla;Reta;Não;1;0;0;0;1;0;0;1;-25,54906939;-49,04393971;SPRF-PR;DEL01-PR;UOP01-DEL01-PR
602975;25/05/2024;sábado;20:30:00;SC;282;366;ERVAL VELHO;Velocidade Incompatível;Saída de leito carroçável;Sem Vítimas;Plena Noite;Decrescente;Céu Claro;Dupla;Reta;Não;1;0;0;0;0;1;0;1;-27,291018;-51,416611;SPRF-SC;DEL07-SC;UOP05-DEL07-SC
602976;25/05/2024;sábado;21:50:00;PR;277;72;SAO JOSE DOS PINHAIS;Velocidade Incompatível;Colisão lateral mesmo sentido;Com Vítimas Feridas;Plena Noite;Crescente;Nublado;Dupla;"Reta;Declive";Não;8;0;6;0;1;1;6;2;-25,52522628;-49,09755612;SPRF-PR;DEL01-PR;UOP07-DEL01-PR
602978;25/05/2024;sábado;18:10:00;MG;116;600;SAO JOAO DO MANHUACU;Reação tardia ou ineficiente do condutor;Colisão com objeto;Com Vítimas Feridas;Plena Noite;Crescente;Garoa/Chuvisco;Simples;Curva;Não;2;0;1;0;1;0;1;1;-20,33157703;-42,14776317;SPRF-MG;DEL06-MG;UOP03-DEL06-MG
602980;25/05/2024;sábado;23:15:00;PR;277;100;CURITIBA;Condutor deixou de manter distância do veículo da frente;Colisão traseira;Com Vítimas Feridas;Plena Noite;Crescente;Chuva;Dupla;Reta;Sim;2;0;1;0;1;0;1;2;-25,52924091;-49,32682192;SPRF-PR;DEL01-PR;UOP06-DEL01-PR
602981;25/05/2024;sábado;22:10:00;PE;428;173,8;PETROLINA;Ingestão de álcool pelo condutor;Colisão frontal;Com Vítimas Feridas;Plena Noite;Crescente;Nublado;Simples;"Interseção de Vias;Reta";Não;2;0;0;1;1;0;1;2;-9,26020491;-40,4292798;SPRF-PE;DEL06-PE;UOP01-DEL06-PE
602982;25/05/2024;sábado;22:30:00;AL;316;256;PILAR;Transitar na contramão;Colisão frontal;Com Vítimas Fatais;Plena Noite;Crescente;Nublado;Simples;Reta;Não;7;1;2;2;2;0;4;4;-9,59085179;-35,94104899;SPRF-AL;DEL02-AL;UOP01-DEL02-AL
602983;26/05/2024;domingo;00:00:00;SP;116;280;EMBU DAS ARTES;Ausência de reação do condutor;Colisão traseira;Com Vítimas Feridas;Plena Noite;Crescente;Céu Claro;Dupla;Reta;Sim;9;0;3;0;6;0;3;4;-23,66996108;-46,85590758;SPRF-SP;DEL04-SP;UOP01-DEL04-SP
602984;25/05/2024;sábado;22:50:00;SC;101;91;BARRA VELHA;Ausência de reação do condutor;Saída de leito carroçável;Com Vítimas Feridas;Plena Noite;Decrescente;Céu Claro;Simples;"Reta;Interseção de Vias";Sim;1;0;0;1;0;0;1;1;-26,67120698;-48,69011814;SPRF-SC;DEL03-SC;UOP02-DEL03-SC
602985;25/05/2024;sábado;23:20:00;PE;101;46;IGARASSU;Ingestão de álcool pelo condutor;Colisão transversal;Sem Vítimas;Plena Noite;Decrescente;Céu Claro;Múltipla;Reta;Sim;3;0;0;0;3;0;0;2;-7,87406004;-34,90588126;SPRF-PE;DEL01-PE;UOP02-DEL01-PE
602987;23/05/2024;quinta-feira;10:45:00;RS;386;431,2;NOVA SANTA RITA;Reação tardia ou ineficiente do condutor;Colisão com objeto;Sem Vítimas;Pleno dia;Decrescente;Chuva;Simples;Reta;Não;1;0;0;0;1;0;0;1;-29,833067;-51,313625;SPRF-RS;DEL04-RS;UOP02-DEL04-RS
602988;25/05/2024;sábado;23:45:00;PR;476;144;CURITIBA;Velocidade Incompatível;Colisão lateral mesmo sentido;Com Vítimas Feridas;Plena Noite;Decrescente;Chuva;Dupla;Reta;Sim;4;0;2;1;1;0;3;2;-25,542501;-49,313011;SPRF-PR;DEL01-PR;UOP06-DEL01-PR
602989;25/05/2024;sábado;23:50:00;BA;324;621;SALVADOR;Manobra de mudança de faixa;Colisão lateral mesmo sentido;Com Vítimas Feridas;Plena Noite;Crescente;Céu Claro;Múltipla;Reta;Sim;3;0;1;1;0;1;2;2;-12,91233708;-38,45956983;SPRF-BA;DEL01-BA;UOP01-DEL01-BA
602990;25/05/2024;sábado;23:48:00;DF;70;9;BRASILIA;Ausência de reação do condutor;Saída de leito carroçável;Com Vítimas Feridas;Plena Noite;Decrescente;Céu Claro;Dupla;Reta;Sim;1;0;1;0;0;0;1;1;-15,784615;-48,132023;SPRF-DF;DEL03-DF;UOP02-DEL03-DF
602991;26/05/2024;domingo;00:05:00;SC;101;199;BIGUACU;Ausência de reação do condutor;Colisão com objeto;Sem Vítimas;Plena Noite;Decrescente;Céu Claro;Dupla;Reta;Sim;1;0;0;0;0;1;0;1;-27,53413705;-48,63003205;SPRF-SC;DEL01-SC;UOP01-DEL01-SC
602992;26/05/2024;domingo;00:00:00;SP;116;279;EMBU DAS ARTES;Ausência de reação do condutor;Colisão traseira;Com Vítimas Feridas;Plena Noite;Crescente;Garoa/Chuvisco;Dupla;Reta;Sim;5;0;1;0;4;0;1;2;-23,66233697;-46,85292907;SPRF-SP;DEL04-SP;UOP01-DEL04-SP
602993;26/05/2024;domingo;00:05:00;SP;116;59,7;GUARATINGUETA;Ingestão de álcool pelo condutor;Colisão traseira;Sem Vítimas;Plena Noite;Crescente;Nublado;Dupla;Reta;Não;6;0;0;0;6;0;0;2;-22,78555649;-45,15339465;SPRF-SP;DEL08-SP;UOP01-DEL08-SP
602994;26/05/2024;domingo;01:00:00;BA;101;896;CARAVELAS;Ausência de reação do condutor;Saída de leito carroçável;Com Vítimas Feridas;Plena Noite;Crescente;Céu Claro;Simples;Curva;Não;1;0;1;0;0;0;1;1;-17,691469;-39,774364;SPRF-BA;DEL09-BA;UOP02-DEL09-BA
602995;26/05/2024;domingo;00:30:00;PR;116;16;CURITIBA;Ingestão de álcool pelo condutor;Saída de leito carroçável;Sem Vítimas;Plena Noite;Decrescente;Garoa/Chuvisco;Dupla;Curva;Sim;2;0;0;0;2;0;0;1;-25,3874;-49,1774;SPRF-PR;DEL01-PR;UOP02-DEL01-PR
602996;26/05/2024;domingo;01:10:00;SP;381;73;SAO PAULO;Chuva;Colisão com objeto;Sem Vítimas;Plena Noite;Crescente;Chuva;Simples;"Curva;Declive";Não;1;0;0;0;1;0;0;1;-23,36553404;-46,55253934;SPRF-SP;DEL03-SP;UOP01-DEL03-SP
602997;25/05/2024;sábado;23:50:00;MG;116;764,8;LEOPOLDINA;Acessar a via sem observar a presença dos outros veículos;Colisão transversal;Com Vítimas Feridas;Plena Noite;Crescente;Garoa/Chuvisco;Simples;Aclive;Não;7;0;2;0;5;0;2;2;-21,52171912;-42,64030314;SPRF-MG;DEL07-MG;UOP01-DEL07-MG
603001;26/05/2024;domingo;00:10:00;RO;364;12;VILHENA;Ingestão de álcool pelo condutor;Colisão transversal;Com Vítimas Feridas;Plena Noite;Crescente;Céu Claro;Simples;Interseção de Vias;Sim;2;0;1;0;1;0;1;2;-12,74370233;-60,12147609;SPRF-RO;DEL04-RO;UOP01-DEL04-RO
603002;26/05/2024;domingo;00:10:00;RO;174;15;VILHENA;Reação tardia ou ineficiente do condutor;Capotamento;Com Vítimas Feridas;Plena Noite;Crescente;Céu Claro;Simples;Reta;Sim;1;0;1;0;0;0;1;1;-12,723321;-60,12801;SPRF-RO;DEL04-RO;UOP01-DEL04-RO
603003;26/05/2024;domingo;00:40:00;CE;20;204,7;BOA VIAGEM;Acessar a via sem observar a presença dos outros veículos;Colisão transversal;Com Vítimas Feridas;Plena Noite;Crescente;Céu Claro;Simples;Reta;Sim;3;0;2;1;0;0;3;2;-5,12155025;-39,73264757;SPRF-CE;DEL02-CE;UOP02-DEL02-CE
603004;25/05/2024;sábado;23:35:00;RJ;116;273,1;BARRA MANSA;Ausência de reação do condutor;Saída de leito carroçável;Com Vítimas Feridas;Plena Noite;Decrescente;Nublado;Dupla;Curva;Sim;2;0;1;1;0;0;2;1;-22,56100142;-44,13833993;SPRF-RJ;DEL07-RJ;UOP02-DEL07-RJ
603005;26/05/2024;domingo;01:39:00;SC;282;145,7;BOM RETIRO;Animais na Pista;Atropelamento de Animal;Com Vítimas Feridas;Plena Noite;Decrescente;Nevoeiro/Neblina;Simples;Reta;Não;2;0;1;0;1;0;1;1;-27,802912;-49,632038;SPRF-SC;DEL05-SC;UOP01-DEL05-SC
603007;26/05/2024;domingo;03:00:00;RS;287;251,8;SANTA MARIA;Ausência de reação do condutor;Saída de leito carroçável;Com Vítimas Fatais;Plena Noite;Crescente;Garoa/Chuvisco;Dupla;"Retorno Regulamentado;Rotatória;Curva";Sim;4;2;0;1;0;1;1;2;-29,68713657;-53,88411462;SPRF-RS;DEL09-RS;UOP01-DEL09-RS
603008;26/05/2024;domingo;02:25:00;MG;40;281,4;TRES MARIAS;Pedestre andava na pista;Atropelamento de Pedestre;Com Vítimas Feridas;Plena Noite;Decrescente;Céu Claro;Simples;"Reta;Declive";Não;2;0;0;2;0;0;2;2;-18,24214561;-45,2080525;SPRF-MG;DEL14-MG;UOP02-DEL14-MG
603009;26/05/2024;domingo;00:15:00;MG;153;240,8;FRONTEIRA;Condutor Dormindo;Saída de leito carroçável;Com Vítimas Feridas;Plena Noite;Crescente;Céu Claro;Simples;Reta;Não;1;0;1;0;0;0;1;1;-20,29847332;-49,20614844;SPRF-MG;DEL13-MG;UOP02-DEL13-MG
603010;26/05/2024;domingo;01:43:00;RO;364;713;PORTO VELHO;Ausência de reação do condutor;Colisão com objeto;Com Vítimas Feridas;Plena Noite;Crescente;Céu Claro;Múltipla;Reta;Sim;1;0;1;0;0;0;1;1;-8,77331583;-63,87969248;SPRF-RO;DEL01-RO;UOP01-DEL01-RO
603012;26/05/2024;domingo;02:30:00;SC;101;20,8;JOINVILLE;Velocidade Incompatível;Capotamento;Sem Vítimas;Plena Noite;Decrescente;Nublado;Dupla;Curva;Não;1;0;0;0;0;1;0;1;-26,140675;-48,902995;SPRF-SC;DEL03-SC;UOP01-DEL03-SC
603013;26/05/2024;domingo;02:30:00;BA;324;618;SALVADOR;Acesso irregular;Colisão frontal;Com Vítimas Feridas;Plena Noite;Decrescente;Céu Claro;Dupla;Reta;Sim;2;0;0;1;1;0;1;2;-12,891109;-38,445374;SPRF-BA;DEL01-BA;UOP01-DEL01-BA
603014;26/05/2024;domingo;03:50:00;CE;230;33;LAVRAS DA MANGABEIRA;Manobra de mudança de faixa;Colisão frontal;Com Vítimas Fatais;Plena Noite;Crescente;Céu Claro;Simples;"Reta;Declive";Não;2;1;0;0;0;1;0;2;-6,75476182;-38,90844997;SPRF-CE;DEL05-CE;UOP01-DEL05-CE
603017;26/05/2024;domingo;03:50:00;DF;70;1;BRASILIA;Velocidade Incompatível;Capotamento;Com Vítimas Feridas;Plena Noite;Decrescente;Céu Claro;Múltipla;Reta;Sim;1;0;1;0;0;0;1;1;-15,795264;-48,063801;SPRF-DF;DEL03-DF;UOP02-DEL03-DF
603018;26/05/2024;domingo;03:45:00;PR;277;76;SAO JOSE DOS PINHAIS;Ausência de reação do condutor;Tombamento;Com Vítimas Feridas;Plena Noite;Decrescente;Nublado;Dupla;Reta;Sim;3;0;2;0;1;0;2;2;-25,49371473;-49,168185;SPRF-PR;DEL01-PR;UOP07-DEL01-PR
603019;26/05/2024;domingo;00:10:00;RS;153;398,5;CACHOEIRA DO SUL;Ausência de reação do condutor;Saída de leito carroçável;Com Vítimas Feridas;Plena Noite;Crescente;Céu Claro;Simples;"Em Obras;Reta";Não;1;0;1;0;0;0;1;1;-29,99430406;-52,92445513;SPRF-RS;DEL02-RS;UOP03-DEL02-RS
603020;26/05/2024;domingo;04:25:00;RS;116;247,2;SAO LEOPOLDO;Reação tardia ou ineficiente do condutor;Colisão com objeto;Sem Vítimas;Plena Noite;Decrescente;Nublado;Dupla;"Em Obras;Reta;Declive";Sim;1;0;0;0;0;1;0;1;-29,76733091;-51,1535296;SPRF-RS;DEL01-RS;UOP02-DEL01-RS
603022;26/05/2024;domingo;03:00:00;MA;222;364;SANTA INES;Animais na Pista;Atropelamento de Animal;Com Vítimas Fatais;Plena Noite;Crescente;Céu Claro;Simples;"Declive;Reta";Sim;5;1;0;3;0;1;3;3;-3,68441807;-45,39679991;SPRF-MA;DEL02-MA;UOP01-DEL02-MA
603024;26/05/2024;domingo;04:00:00;PE;116;24,1;SALGUEIRO;Reação tardia ou ineficiente do condutor;Tombamento;Com Vítimas Feridas;Amanhecer;Decrescente;Céu Claro;Simples;Aclive;Não;1;0;1;0;0;0;1;1;-8,052562;-39,13718;SPRF-PE;DEL05-PE;UOP01-DEL05-PE
603025;26/05/2024;domingo;04:20:00;DF;40;5;BRASILIA;Ausência de reação do condutor;Saída de leito carroçável;Sem Vítimas;Plena Noite;Decrescente;Céu Claro;Dupla;Reta;Sim;1;0;0;0;1;0;0;1;-16,020903;-47,980541;SPRF-DF;DEL01-DF;UOP01-DEL01-DF
603026;26/05/2024;domingo;05:00:00;GO;153;693;ITUMBIARA;Ingestão de álcool pelo condutor;Saída de leito carroçável;Com Vítimas Feridas;Plena Noite;Decrescente;Céu Claro;Dupla;Curva;Não;2;0;2;0;0;0;2;1;-18,3345;-49,2245;SPRF-GO;DEL03-GO;UOP02-DEL03-GO
603028;26/05/2024;domingo;05:00:00;SC;470;58,7;BLUMENAU;Ausência de reação do condutor;Colisão frontal;Com Vítimas Feridas;Plena Noite;Decrescente;Céu Claro;Simples;"Em Obras;Reta";Não;3;0;1;1;1;0;2;2;-26,883879;-49,145622;SPRF-SC;DEL04-SC;UOP01-DEL04-SC
603029;26/05/2024;domingo;05:50:00;TO;10;460,9;PALMAS;Ausência de reação do condutor;Saída de leito carroçável;Com Vítimas Feridas;Amanhecer;Crescente;Céu Claro;Múltipla;Reta;Sim;1;0;1;0;0;0;1;1;-10,18165389;-48,17412734;SPRF-TO;DEL01-TO;UOP03-DEL01-TO
603031;26/05/2024;domingo;05:30:00;SP;381;37;ATIBAIA;Velocidade Incompatível;Saída de leito carroçável;Sem Vítimas;Plena Noite;Decrescente;Garoa/Chuvisco;Dupla;"Reta;Aclive";Sim;1;0;0;0;0;1;0;1;-23,10506237;-46,56881577;SPRF-SP;DEL03-SP;UOP01-DEL03-SP
603032;26/05/2024;domingo;04:40:00;SC;470;151,9;AGRONOMICA;Ausência de reação do condutor;Colisão traseira;Com Vítimas Feridas;Plena Noite;Crescente;Nublado;Simples;"Em Obras;Desvio Temporário;Reta";Não;10;0;6;4;0;0;10;4;-27,260792;-49,719761;SPRF-SC;DEL04-SC;UOP02-DEL04-SC
603033;26/05/2024;domingo;05:50:00;TO;153;791;TALISMA;Ingestão de álcool pelo condutor;Capotamento;Com Vítimas Feridas;Amanhecer;Decrescente;Céu Claro;Simples;Reta;Não;1;0;1;0;0;0;1;1;-12,73659401;-49,08071797;SPRF-TO;DEL01-TO;UOP02-DEL01-TO
603034;26/05/2024;domingo;05:30:00;SP;116;228;SAO PAULO;Reação tardia ou ineficiente do condutor;Colisão traseira;Com Vítimas Feridas;Amanhecer;Crescente;Chuva;Múltipla;Reta;Sim;2;0;1;0;1;0;1;2;-23,50343484;-46,56638712;SPRF-SP;DEL01-SP;UOP01-DEL01-SP
603035;26/05/2024;domingo;05:45:00;ES;101;144;LINHARES;Condutor deixou de manter distância do veículo da frente;Colisão traseira;Com Vítimas Feridas;Amanhecer;Crescente;Chuva;Múltipla;Reta;Sim;2;0;0;1;1;0;1;2;-19,36089598;-40,06464018;SPRF-ES;DEL04-ES;UOP01-DEL04-ES
603037;26/05/2024;domingo;06:15:00;RS;153;52;ERECHIM;Reação tardia ou ineficiente do condutor;Colisão com objeto;Com Vítimas Feridas;Amanhecer;Crescente;Nublado;Simples;Reta;Sim;1;0;1;0;0;0;1;1;-27,66693813;-52,29069167;SPRF-RS;DEL08-RS;UOP04-DEL08-RS
603039;26/05/2024;domingo;05:00:00;RJ;101;404;ITAGUAI;Demais falhas mecânicas ou elétricas;Incêndio;Sem Vítimas;Amanhecer;Crescente;Chuva;Dupla;Reta;Sim;1;0;0;0;1;0;0;1;-22,86342703;-43,79642098;SPRF-RJ;DEL03-RJ;UOP01-DEL03-RJ
603040;26/05/2024;domingo;06:30:00;PB;230;20,1;JOAO PESSOA;Acessar a via sem observar a presença dos outros veículos;Colisão traseira;Com Vítimas Feridas;Pleno dia;Crescente;Céu Claro;Dupla;"Rotatória;Curva";Sim;2;0;1;0;0;1;1;2;-7,13843086;-34,85307455;SPRF-PB;DEL01-PB;UOP01-DEL01-PB
603041;26/05/2024;domingo;00:30:00;SC;101;5;ARARANGUA;Reação tardia ou ineficiente do condutor;Saída de leito carroçável;Sem Vítimas;Plena Noite;Decrescente;Ignorado;Simples;Reta;Não;1;0;0;0;1;0;0;1;-28,955;-49,512;SPRF-SC;DEL03-SC;UOP01-DEL03-SC
603042;26/05/2024;domingo;05:50:00;AL;104;90;RIO LARGO;Condutor deixou de manter distância do veículo da frente;Colisão traseira;Com Vítimas Feridas;Pleno dia;Decrescente;Nublado;Dupla;Reta;Sim;2;0;1;0;1;0;1;2;-9,50059087;-35,81127569;SPRF-AL;DEL01-AL;UOP01-DEL01-AL
603044;26/05/2024;domingo;06:30:00;RN;110;33,2;MOSSORO;Transitar no Acostamento;Colisão traseira;Com Vítimas Fatais;Pleno dia;Crescente;Céu Claro;Simples;Reta;Não;3;1;1;0;0;1;1;3;-5,15244618;-37,21790957;SPRF-RN;DEL04-RN;UOP01-DEL04-RN
603045;26/05/2024;domingo;07:00:00;CE;20;315;CANINDE;Demais falhas mecânicas ou elétricas;Saída de leito carroçável;Com Vítimas Feridas;Pleno dia;Crescente;Chuva;Simples;Reta;Não;2;0;2;0;0;0;2;1;-4,30347804;-39,26154791;SPRF-CE;DEL02-CE;UOP01-DEL02-CE
603046;26/05/2024;domingo;05:00:00;MG;146;477,9;BANDEIRA DO SUL;Desrespeitar a preferência no cruzamento;Colisão transversal;Com Vítimas Feridas;Plena Noite;Decrescente;Céu Claro;Simples;Rotatória;Não;3;0;2;0;1;0;2;2;-21,74533449;-46,40408396;SPRF-MG;DEL09-MG;UOP01-DEL09-MG
603048;26/05/2024;domingo;07:25:00;RS;386;348;LAJEADO;Ingestão de álcool pelo condutor;Colisão com objeto;Sem Vítimas;Pleno dia;Decrescente;Nublado;Dupla;Interseção de Vias;Sim;1;0;0;0;1;0;0;1;-29,456644;-51,957329;SPRF-RS;DEL04-RS;UOP01-DEL04-RS
603052;26/05/2024;domingo;06:30:00;MT;163;838,9;SINOP;Ingestão de álcool pelo condutor;Queda de ocupante de veículo;Com Vítimas Feridas;Amanhecer;Crescente;Nublado;Dupla;Curva;Sim;1;0;1;0;0;0;1;1;-11,82942401;-55,48686862;SPRF-MT;DEL06-MT;UOP02-DEL06-MT
603053;25/05/2024;sábado;23:10:00;MA;316;261;SANTA INES;Acessar a via sem observar a presença dos outros veículos;Colisão transversal;Com Vítimas Feridas;Plena Noite;Decrescente;Céu Claro;Simples;Reta;Sim;3;0;0;3;0;0;3;2;-3,676243;-45,389366;SPRF-MA;DEL02-MA;UOP01-DEL02-MA
603054;26/05/2024;domingo;05:45:00;MA;402;50;MORROS;Condutor Dormindo;Saída de leito carroçável;Com Vítimas Feridas;Amanhecer;Decrescente;Nublado;Simples;Reta;Não;1;0;0;1;0;0;1;1;-2,854027;-43,946232;SPRF-MA;DEL01-MA;UOP01-DEL01-MA
603055;26/05/2024;domingo;07:29:00;SC;101;137;BALNEARIO CAMBORIU;Acessar a via sem observar a presença dos outros veículos;Colisão transversal;Sem Vítimas;Pleno dia;Decrescente;Céu Claro;Dupla;Interseção de Vias;Sim;2;0;0;0;2;0;0;2;-27,0157238;-48,61192763;SPRF-SC;DEL04-SC;UOP03-DEL04-SC
603056;26/05/2024;domingo;08:40:00;SC;101;206,8;SAO JOSE;Reação tardia ou ineficiente do condutor;Colisão traseira;Com Vítimas Feridas;Pleno dia;Crescente;Nublado;Múltipla;Reta;Sim;2;0;0;1;1;0;1;2;-27,59193546;-48,61824557;SPRF-SC;DEL01-SC;UOP01-DEL01-SC
603058;26/05/2024;domingo;08:25:00;DF;20;2;BRASILIA;Ingestão de álcool pelo condutor;Colisão lateral mesmo sentido;Sem Vítimas;Pleno dia;Crescente;Sol;Dupla;Reta;Sim;2;0;0;0;2;0;0;2;-15,682896;-47,840729;SPRF-DF;DEL02-DF;UOP01-DEL02-DF
603059;26/05/2024;domingo;07:40:00;RJ;40;117;DUQUE DE CAXIAS;Animais na Pista;Colisão traseira;Com Vítimas Feridas;Pleno dia;Crescente;Chuva;Dupla;Reta;Não;3;0;2;0;1;0;2;2;-22,745676;-43,2881;SPRF-RJ;DEL01-RJ;UOP02-DEL01-RJ
603060;26/05/2024;domingo;04:30:00;PB;101;84;BAYEUX;Ausência de reação do condutor;Colisão com objeto;Sem Vítimas;Plena Noite;Decrescente;Ignorado;Dupla;Reta;Sim;1;0;0;0;1;0;0;1;-7,14425777;-34,91759062;SPRF-PB;DEL01-PB;UOP01-DEL01-PB
603061;26/05/2024;domingo;08:50:00;PB;230;14;CABEDELO;Reação tardia ou ineficiente do condutor;Colisão lateral mesmo sentido;Com Vítimas Feridas;Pleno dia;Crescente;Chuva;Dupla;Reta;Sim;3;0;1;0;2;0;1;2;-7,0844;-34,8488;SPRF-PB;DEL01-PB;UOP01-DEL01-PB
603062;26/05/2024;domingo;03:50:00;PR;376;490;PONTA GROSSA;Velocidade Incompatível;Capotamento;Com Vítimas Feridas;Plena Noite;Crescente;Chuva;Dupla;"Aclive;Viaduto";Sim;1;0;1;0;0;0;1;1;-25,10310047;-50,1963594;SPRF-PR;DEL03-PR;UOP04-DEL03-PR
603063;19/03/2024;terça-feira;17:03:00;PR;277;650;MATELANDIA;Desrespeitar a preferência no cruzamento;Colisão transversal;Com Vítimas Feridas;Pleno dia;Crescente;Céu Claro;Simples;"Rotatória;Reta";Sim;3;0;2;0;1;0;2;2;-25,19459268;-53,94103646;SPRF-PR;DEL05-PR;UOP02-DEL05-PR
603065;26/05/2024;domingo;06:00:00;PR;373;223;IMBITUVA;Chuva;Tombamento;Com Vítimas Feridas;Amanhecer;Decrescente;Chuva;Simples;"Aclive;Interseção de Vias";Não;2;0;1;0;1;0;1;1;-25,18111978;-50,59648061;SPRF-PR;DEL03-PR;UOP01-DEL03-PR
603068;26/05/2024;domingo;09:30:00;MG;381;568;ITAGUARA;Velocidade Incompatível;Saída de leito carroçável;Com Vítimas Feridas;Pleno dia;Crescente;Céu Claro;Dupla;Curva;Não;1;0;1;0;0;0;1;1;-20,42649228;-44,54458383;SPRF-MG;DEL04-MG;UOP03-DEL04-MG
603070;26/05/2024;domingo;09:30:00;SC;282;69,7;RANCHO QUEIMADO;Velocidade Incompatível;Saída de leito carroçável;Com Vítimas Feridas;Pleno dia;Decrescente;Nublado;Simples;Curva;Não;1;0;1;0;0;0;1;1;-27,690144;-49,083813;SPRF-SC;DEL01-SC;UOP03-DEL01-SC
603072;26/05/2024;domingo;08:30:00;PI;407;424,2;PICOS;Transitar na contramão;Colisão frontal;Com Vítimas Feridas;Pleno dia;Decrescente;Sol;Simples;Reta;Não;3;0;0;2;0;1;2;2;-7,11675111;-41,40735611;SPRF-PI;DEL04-PI;UOP01-DEL04-PI
603074;26/05/2024;domingo;10:00:00;SP;116;192,7;SANTA ISABEL;Reação tardia ou ineficiente do condutor;Colisão com objeto;Sem Vítimas;Pleno dia;Crescente;Chuva;Dupla;"Curva;Declive";Não;1;0;0;0;1;0;0;1;-23,377939;-46,254871;SPRF-SP;DEL01-SP;UOP01-DEL01-SP
603075;26/05/2024;domingo;10:00:00;RS;392;93,5;PELOTAS;Reação tardia ou ineficiente do condutor;Saída de leito carroçável;Sem Vítimas;Pleno dia;Crescente;Céu Claro;Simples;Curva;Não;1;0;0;0;1;0;0;1;-31,58410897;-52,53465573;SPRF-RS;DEL07-RS;UOP01-DEL07-RS
603076;26/05/2024;domingo;10:30:00;MG;40;717,6;BARBACENA;Velocidade Incompatível;Colisão com objeto;Com Vítimas Feridas;Pleno dia;Decrescente;Chuva;Dupla;Curva;Não;5;0;5;0;0;0;5;1;-21,28705355;-43,6420819;SPRF-MG;DEL05-MG;UOP01-DEL05-MG
603077;26/05/2024;domingo;00:30:00;TO;153;550,9;OLIVEIRA DE FATIMA;Ingestão de álcool pelo condutor;Saída de leito carroçável;Com Vítimas Feridas;Plena Noite;Decrescente;Ignorado;Simples;Reta;Não;1;0;1;0;0;0;1;1;-10,63867299;-48,91009181;SPRF-TO;DEL01-TO;UOP01-DEL01-TO
603079;26/05/2024;domingo;10:27:00;MS;60;349,3;CAMPO GRANDE;Ausência de reação do condutor;Tombamento;Com Vítimas Feridas;Pleno dia;Crescente;Nublado;Simples;"Reta;Declive";Não;1;0;1;0;0;0;1;1;-20,477694;-54,749947;SPRF-MS;DEL01-MS;UOP03-DEL01-MS
603081;26/05/2024;domingo;11:00:00;GO;40;18,5;LUZIANIA;Acessar a via sem observar a presença dos outros veículos;Colisão traseira;Com Vítimas Feridas;Pleno dia;Crescente;Céu Claro;Dupla;Retorno Regulamentado;Sim;4;0;1;1;2;0;2;2;-16,19349;-47,925575;SPRF-DF;DEL01-DF;UOP01-DEL01-DF