id;data_inversa;dia_semana;horario;uf;br;km;municipio;causa_acidente;tipo_acidente;classificacao_acidente;fase_dia;sentido_via;condicao_metereologica;tipo_pista;tracado_via;uso_solo;pessoas;mortos;feridos_leves;feridos_graves;ilesos;ignorados;feridos;veiculos;latitude;longitude;regional;delegacia;uop
603423;27/05/2024;segunda-feira;18:35:00;BA;116;10,7;VITORIA DA CONQUISTA;Transitar na contramão;Colisão frontal;Com Vítimas Feridas;Plena Noite;Decrescente;Ignorado;Simples;"Reta;Declive";Não;3;0;2;0;0;1;2;3;-14,86293481;-40,87376159;SPRF-BA;DEL08-BA;UOP01-DEL08-BA
603424;27/05/2024;segunda-feira;18:45:00;SC;101;215,5;PALHOCA;Pista esburacada;Tombamento;Com Vítimas Feridas;Plena Noite;Crescente;Garoa/Chuvisco;Simples;Rotatória;Sim;2;0;1;0;1;0;1;2;-27,65184843;-48,67604941;SPRF-SC;DEL01-SC;UOP02-DEL01-SC
603425;27/05/2024;segunda-feira;17:30:00;RJ;101;447;MANGARATIBA;Pista Escorregadia;Saída de leito carroçável;Com Vítimas Feridas;Anoitecer;Decrescente;Chuva;Simples;Curva;Não;1;0;1;0;0;0;1;1;-22,99332083;-44,09244699;SPRF-RJ;DEL03-RJ;UOP02-DEL03-RJ
603426;27/05/2024;segunda-feira;19:00:00;MG;356;266,3;MURIAE;Desrespeitar a preferência no cruzamento;Colisão transversal;Sem Vítimas;Plena Noite;Crescente;Céu Claro;Simples;Interseção de Vias;Sim;3;0;0;0;3;0;0;2;-21,12823134;-42,35802453;SPRF-MG;DEL07-MG;UOP02-DEL07-MG
603427;05/05/2024;domingo;21:40:00;ES;393;0,2;CACHOEIRO DE ITAPEMIRIM;Condutor desrespeitou a iluminação vermelha do semáforo;Colisão frontal;Com Vítimas Feridas;Plena Noite;Crescente;Céu Claro;Dupla;Reta;Sim;3;0;0;1;2;0;1;2;-20,83242503;-41,17491003;SPRF-ES;DEL03-ES;UOP02-DEL03-ES
603428;27/05/2024;segunda-feira;18:30:00;SC;101;206,7;SAO JOSE;Manobra de mudança de faixa;Colisão traseira;Com Vítimas Feridas;Plena Noite;Crescente;Chuva;Múltipla;Reta;Sim;3;0;2;0;1;0;2;2;-27,59193546;-48,61824557;SPRF-SC;DEL01-SC;UOP01-DEL01-SC
603429;27/05/2024;segunda-feira;16:15:00;RJ;116;236,5;PIRAI;Ausência de reação do condutor;Colisão com objeto;Com Vítimas Fatais;Anoitecer;Crescente;Garoa/Chuvisco;Dupla;Reta;Não;1;1;0;0;0;0;0;1;-22,665695;-43,864075;SPRF-RJ;DEL07-RJ;UOP01-DEL07-RJ
603430;27/05/2024;segunda-feira;18:30:00;PB;230;168;CAMPINA GRANDE;Acostamento em desnível;Saída de leito carroçável;Com Vítimas Feridas;Plena Noite;Crescente;Nublado;Simples;"Em Obras;Reta";Sim;3;0;2;0;0;1;2;2;-7,188;-35,9687;SPRF-PB;DEL02-PB;UOP02-DEL02-PB
603432;20/04/2024;sábado;20:00:00;MG;50;18;UBERLANDIA;Reação tardia ou ineficiente do condutor;Tombamento;Com Vítimas Feridas;Plena Noite;Crescente;Ignorado;Dupla;Reta;Sim;1;0;1;0;0;0;1;1;-18,92671722;-48,19045544;SPRF-MG;DEL15-MG;UOP01-DEL15-MG
603433;16/05/2024;quinta-feira;11:00:00;BA;415;57;ITABUNA;Velocidade Incompatível;Capotamento;Com Vítimas Feridas;Pleno dia;Decrescente;Céu Claro;Simples;Curva;Não;1;0;1;0;0;0;1;1;-14,81574494;-39,29612388;SPRF-BA;DEL05-BA;UOP01-DEL05-BA
603434;27/05/2024;segunda-feira;17:10:00;MG;40;704,5;BARBACENA;Condutor Dormindo;Saída de leito carroçável;Com Vítimas Feridas;Pleno dia;Decrescente;Céu Claro;Dupla;Curva;Não;1;0;1;0;0;0;1;1;-21,2367424;-43,72462034;SPRF-MG;DEL05-MG;UOP02-DEL05-MG
603436;25/05/2024;sábado;23:30:00;SC;101;88,5;BARRA VELHA;Objeto estático sobre o leito carroçável;Colisão com objeto;Com Vítimas Feridas;Plena Noite;Crescente;Céu Claro;Múltipla;Reta;Sim;1;0;1;0;0;0;1;1;-26,64253985;-48,68950684;SPRF-SC;DEL03-SC;UOP02-DEL03-SC
603437;27/05/2024;segunda-feira;19:00:00;RS;285;121,4;VACARIA;Acessar a via sem observar a presença dos outros veículos;Colisão transversal;Com Vítimas Feridas;Plena Noite;Crescente;Chuva;Simples;"Declive;Reta";Sim;2;0;0;1;1;0;1;2;-28,510252;-50,935688;SPRF-RS;DEL05-RS;UOP03-DEL05-RS
603438;27/05/2024;segunda-feira;19:15:00;RS;287;499;SAO BORJA;Animais na Pista;Atropelamento de Animal;Sem Vítimas;Plena Noite;Crescente;Garoa/Chuvisco;Simples;Reta;Não;1;0;0;0;1;0;0;1;-28,84708113;-55,70202014;SPRF-RS;DEL12-RS;UOP01-DEL12-RS
603439;27/05/2024;segunda-feira;18:10:00;ES;101;140;LINHARES;Acessar a via sem observar a presença dos outros veículos;Colisão lateral mesmo sentido;Com Vítimas Feridas;Plena Noite;Crescente;Céu Claro;Dupla;Reta;Sim;2;0;1;0;1;0;1;2;-19,31817306;-40,07552313;SPRF-ES;DEL04-ES;UOP01-DEL04-ES
603441;27/05/2024;segunda-feira;18:15:00;RO;364;353;JI-PARANA;Acessar a via sem observar a presença dos outros veículos;Colisão transversal;Com Vítimas Feridas;Anoitecer;Crescente;Céu Claro;Simples;Reta;Não;2;0;1;0;1;0;1;2;-10,82470302;-62,01461304;SPRF-RO;DEL02-RO;UOP01-DEL02-RO
603443;27/05/2024;segunda-feira;17:45:00;MG;40;53,5;PARACATU;Reação tardia ou ineficiente do condutor;Saída de leito carroçável;Com Vítimas Feridas;Anoitecer;Decrescente;Céu Claro;Simples;Reta;Não;4;0;4;0;0;0;4;1;-17,26056204;-46,78659008;SPRF-MG;DEL14-MG;UOP01-DEL14-MG
603444;27/05/2024;segunda-feira;19:30:00;PE;408;85,6;PAUDALHO;Reação tardia ou ineficiente do condutor;Atropelamento de Pedestre;Com Vítimas Fatais;Plena Noite;Decrescente;Nublado;Dupla;Reta;Não;2;1;0;0;0;1;0;2;-7,957258;-35,098581;SPRF-PE;DEL01-PE;UOP01-DEL01-PE
603445;27/05/2024;segunda-feira;08:30:00;BA;324;409;NOVA FATIMA;Avarias e/ou desgaste excessivo no pneu;Saída de leito carroçável;Com Vítimas Feridas;Pleno dia;Crescente;Céu Claro;Simples;Reta;Não;2;0;2;0;0;0;2;1;-11,636996;-39,598506;SPRF-BA;DEL04-BA;UOP02-DEL04-BA
603446;27/05/2024;segunda-feira;18:15:00;MG;40;44,6;PARACATU;Entrada inopinada do pedestre;Atropelamento de Pedestre;Com Vítimas Feridas;Plena Noite;Decrescente;Céu Claro;Simples;Reta;Sim;2;0;2;0;0;0;2;2;-17,23101648;-46,85390396;SPRF-MG;DEL14-MG;UOP01-DEL14-MG
603447;27/05/2024;segunda-feira;17:20:00;AL;101;146;SAO MIGUEL DOS CAMPOS;Acumulo de água sobre o pavimento;Saída de leito carroçável;Com Vítimas Feridas;Plena Noite;Decrescente;Chuva;Dupla;Reta;Não;2;0;0;1;1;0;1;1;-9,87382885;-36,13882162;SPRF-AL;DEL02-AL;UOP01-DEL02-AL
603449;27/05/2024;segunda-feira;18:35:00;PE;101;68;RECIFE;Trafegar com motocicleta (ou similar) entre as faixas;Tombamento;Com Vítimas Feridas;Plena Noite;Decrescente;Céu Claro;Dupla;Reta;Sim;1;0;1;0;0;0;1;1;-8,05074296;-34,94580619;SPRF-PE;DEL01-PE;UOP01-DEL01-PE
603450;27/05/2024;segunda-feira;19:40:00;MG;40;616,9;CONGONHAS;Acessar a via sem observar a presença dos outros veículos;Colisão transversal;Com Vítimas Feridas;Plena Noite;Decrescente;Céu Claro;Simples;Reta;Não;2;0;1;0;1;0;1;2;-20,54605704;-43,81990003;SPRF-MG;DEL05-MG;UOP02-DEL05-MG
603453;27/05/2024;segunda-feira;18:27:00;SC;470;57;BLUMENAU;Acessar a via sem observar a presença dos outros veículos;Colisão transversal;Com Vítimas Feridas;Plena Noite;Decrescente;Chuva;Simples;Reta;Sim;2;0;1;0;1;0;1;2;-26,880428;-49,136532;SPRF-SC;DEL04-SC;UOP01-DEL04-SC
603455;27/05/2024;segunda-feira;14:40:00;RJ;116;101,6;GUAPIMIRIM;Pista Escorregadia;Tombamento;Com Vítimas Feridas;Pleno dia;Crescente;Garoa/Chuvisco;Simples;Curva;Não;2;0;2;0;0;0;2;1;-22,49374115;-43,00365418;SPRF-RJ;DEL04-RJ;UOP01-DEL04-RJ
603457;27/05/2024;segunda-feira;19:30:00;BA;235;350,9;JUAZEIRO;Retorno proibido;Colisão transversal;Com Vítimas Feridas;Plena Noite;Crescente;Céu Claro;Simples;Reta;Sim;2;0;1;0;0;1;1;2;-9,42503135;-40,50388907;SPRF-PE;DEL06-PE;UOP01-DEL06-PE
603458;27/05/2024;segunda-feira;17:20:00;MS;60;593,2;JARDIM;Reação tardia ou ineficiente do condutor;Eventos atípicos;Com Vítimas Feridas;Anoitecer;Decrescente;Nublado;Simples;"Interseção de Vias;Reta";Sim;2;0;0;1;0;1;1;2;-21,486676;-56,1533761;SPRF-MS;DEL05-MS;UOP01-DEL05-MS
603459;19/05/2024;domingo;17:00:00;MG;381;501;BETIM;Manobra de mudança de faixa;Colisão lateral mesmo sentido;Com Vítimas Feridas;Pleno dia;Decrescente;Céu Claro;Múltipla;Reta;Sim;2;0;0;1;1;0;1;2;-20,01270991;-44,2199707;SPRF-MG;DEL01-MG;UOP03-DEL01-MG
603460;27/05/2024;segunda-feira;21:35:00;CE;116;9;FORTALEZA;Ingestão de álcool pelo condutor;Colisão com objeto;Sem Vítimas;Plena Noite;Decrescente;Céu Claro;Múltipla;Reta;Sim;2;0;0;0;2;0;0;2;-3,82779096;-38,50486117;SPRF-CE;DEL01-CE;UOP02-DEL01-CE
603461;28/04/2024;domingo;18:31:00;RJ;101;327;RIO DE JANEIRO;Ausência de reação do condutor;Tombamento;Com Vítimas Feridas;Pleno dia;Crescente;Céu Claro;Dupla;Reta;Não;3;0;1;1;0;1;2;2;-22,87117393;-43,15595099;SPRF-RJ;DEL02-RJ;UOP01-DEL02-RJ
603464;27/05/2024;segunda-feira;19:30:00;SC;470;64;INDAIAL;Mal súbito do condutor;Saída de leito carroçável;Com Vítimas Feridas;Plena Noite;Crescente;Chuva;Simples;Reta;Não;1;0;1;0;0;0;1;1;-26,869867;-49,201859;SPRF-SC;DEL04-SC;UOP01-DEL04-SC
603466;27/05/2024;segunda-feira;18:20:00;RJ;116;109;GUAPIMIRIM;Transitar na contramão;Colisão frontal;Com Vítimas Feridas;Anoitecer;Crescente;Céu Claro;Dupla;Curva;Não;4;0;1;2;0;1;3;3;-22,54280711;-42,98518617;SPRF-RJ;DEL04-RJ;UOP01-DEL04-RJ
603467;27/05/2024;segunda-feira;21:40:00;PR;277;702;SANTA TEREZINHA DE ITAIPU;Pedestre cruzava a pista fora da faixa;Atropelamento de Pedestre;Com Vítimas Feridas;Plena Noite;Crescente;Céu Claro;Dupla;Reta;Não;7;0;0;1;2;4;1;2;-25,41563081;-54,34484511;SPRF-PR;DEL05-PR;UOP01-DEL05-PR
603468;27/05/2024;segunda-feira;22:40:00;SC;470;54,3;BLUMENAU;Acessar a via sem observar a presença dos outros veículos;Colisão transversal;Com Vítimas Feridas;Plena Noite;Crescente;Nublado;Simples;Interseção de Vias;Sim;2;0;1;0;1;0;1;2;-26,871065;-49,110374;SPRF-SC;DEL04-SC;UOP01-DEL04-SC
603469;27/05/2024;segunda-feira;22:35:00;PB;230;1,9;CABEDELO;Desrespeitar a preferência no cruzamento;Colisão transversal;Com Vítimas Feridas;Plena Noite;Crescente;Chuva;Dupla;"Reta;Retorno Regulamentado;Rotatória";Sim;3;0;0;2;1;0;2;2;-6,98446868;-34,82932091;SPRF-PB;DEL01-PB;UOP01-DEL01-PB
603470;27/05/2024;segunda-feira;21:30:00;GO;153;92;SANTA TEREZA DE GOIAS;Reação tardia ou ineficiente do condutor;Saída de leito carroçável;Sem Vítimas;Plena Noite;Crescente;Céu Claro;Simples;Reta;Não;1;0;0;0;1;0;0;1;-13,587679;-49,041557;SPRF-GO;DEL07-GO;UOP01-DEL07-GO
603471;27/05/2024;segunda-feira;19:20:00;BA;101;214;MURITIBA;Conversão proibida;Colisão transversal;Com Vítimas Feridas;Plena Noite;Decrescente;Céu Claro;Simples;"Reta;Retorno Regulamentado;Interseção de Vias";Não;3;0;1;0;2;0;1;2;-12,65351724;-39,12236761;SPRF-BA;DEL01-BA;UOP02-DEL01-BA
603473;27/05/2024;segunda-feira;22:00:00;PR;376;348,5;ORTIGUEIRA;Chuva;Atropelamento de Pedestre;Com Vítimas Fatais;Plena Noite;Crescente;Chuva;Simples;Reta;Não;2;1;0;0;0;1;0;2;-24,23074593;-50,92419293;SPRF-PR;DEL07-PR;UOP02-DEL07-PR
603475;27/05/2024;segunda-feira;23:25:00;PE;407;117;PETROLINA;Ausência de reação do condutor;Colisão traseira;Com Vítimas Feridas;Plena Noite;Decrescente;Céu Claro;Simples;Reta;Não;2;0;1;0;1;0;1;2;-9,314647;-40,57336;SPRF-PE;DEL06-PE;UOP01-DEL06-PE
603478;27/05/2024;segunda-feira;23:33:00;SP;116;517;CAJATI;Reação tardia ou ineficiente do condutor;Saída de leito carroçável;Com Vítimas Feridas;Plena Noite;Decrescente;Garoa/Chuvisco;Dupla;"Declive;Curva";Não;2;0;2;0;0;0;2;1;-24,8768469;-48,22732309;SPRF-SP;DEL05-SP;UOP02-DEL05-SP
603479;28/05/2024;terça-feira;00:10:00;PB;101;105;ALHANDRA;Condutor Dormindo;Saída de leito carroçável;Com Vítimas Feridas;Plena Noite;Crescente;Chuva;Dupla;Reta;Não;1;0;1;0;0;0;1;1;-7,30814609;-34,94344185;SPRF-PB;DEL01-PB;UOP02-DEL01-PB
603480;27/05/2024;segunda-feira;22:30:00;RJ;40;8;COMENDADOR LEVY GASPARIAN;Reação tardia ou ineficiente do condutor;Atropelamento de Animal;Com Vítimas Feridas;Plena Noite;Decrescente;Vento;Dupla;Curva;Não;17;0;1;1;15;0;2;2;-22,03998628;-43,22079123;SPRF-RJ;DEL05-RJ;UOP02-DEL05-RJ
603481;28/05/2024;terça-feira;00:40:00;MG;381;508;SAO JOAQUIM DE BICAS;Reação tardia ou ineficiente do condutor;Saída de leito carroçável;Sem Vítimas;Plena Noite;Decrescente;Céu Claro;Dupla;"Curva;Declive";Sim;1;0;0;0;1;0;0;1;-20,04684;-44,2745919;SPRF-MG;DEL01-MG;UOP03-DEL01-MG
603482;27/05/2024;segunda-feira;20:50:00;SC;470;239;SAO CRISTOVAO DO SUL;Ausência de reação do condutor;Colisão com objeto;Com Vítimas Fatais;Plena Noite;Decrescente;Chuva;Simples;"Desvio Temporário;Em Obras";Não;3;1;2;0;0;0;2;2;-27,3063067;-50,4806419;SPRF-SC;DEL05-SC;UOP03-DEL05-SC
603484;27/05/2024;segunda-feira;19:40:00;PE;407;16;AFRANIO;Manobra de mudança de faixa;Colisão traseira;Com Vítimas Fatais;Plena Noite;Decrescente;Céu Claro;Simples;Aclive;Não;2;1;0;0;1;0;0;2;-8,56128192;-40,99442519;SPRF-PE;DEL06-PE;UOP02-DEL06-PE
603486;27/05/2024;segunda-feira;23:55:00;MG;381;898,3;CAMBUI;Condutor Dormindo;Saída de leito carroçável;Com Vítimas Feridas;Plena Noite;Decrescente;Nublado;Dupla;Reta;Não;1;0;1;0;0;0;1;1;-22,61099177;-46,06281609;SPRF-MG;DEL16-MG;UOP03-DEL16-MG
603488;28/05/2024;terça-feira;01:14:00;RO;364;710;PORTO VELHO;Ausência de reação do condutor;Colisão com objeto;Com Vítimas Feridas;Plena Noite;Decrescente;Nublado;Múltipla;Reta;Sim;1;0;0;1;0;0;1;1;-8,78515223;-63,85930896;SPRF-RO;DEL01-RO;UOP01-DEL01-RO
603489;28/05/2024;terça-feira;01:15:00;PR;277;523,5;GUARANIACU;Ingestão de álcool pelo condutor;Colisão frontal;Com Vítimas Feridas;Plena Noite;Crescente;Nublado;Simples;Reta;Não;2;0;1;0;1;0;1;2;-25,11018112;-52,85167802;SPRF-PR;DEL04-PR;UOP04-DEL04-PR
603490;28/05/2024;terça-feira;03:20:00;RS;290;40;SANTO ANTONIO DA PATRULHA;Demais falhas mecânicas ou elétricas;Tombamento;Com Vítimas Feridas;Plena Noite;Crescente;Garoa/Chuvisco;Dupla;Reta;Não;2;0;2;0;0;0;2;1;-29,886173;-50,658577;SPRF-RS;DEL03-RS;UOP01-DEL03-RS
603494;28/05/2024;terça-feira;04:15:00;MG;116;408;GOVERNADOR VALADARES;Ausência de reação do condutor;Saída de leito carroçável;Sem Vítimas;Plena Noite;Decrescente;Céu Claro;Simples;Reta;Não;1;0;0;0;1;0;0;1;-18,84221919;-41,98289416;SPRF-MG;DEL06-MG;UOP01-DEL06-MG
603498;28/05/2024;terça-feira;05:30:00;RS;392;16;RIO GRANDE;Desvio temporário;Colisão com objeto;Com Vítimas Feridas;Plena Noite;Decrescente;Garoa/Chuvisco;Dupla;Reta;Sim;1;0;0;1;0;0;1;1;-32,1024397;-52,16347437;SPRF-RS;DEL07-RS;UOP02-DEL07-RS
603500;27/05/2024;segunda-feira;19:50:00;BA;415;18;ILHEUS;Condutor deixou de manter distância do veículo da frente;Colisão traseira;Com Vítimas Feridas;Plena Noite;Crescente;Nublado;Dupla;Reta;Não;4;0;0;1;2;1;1;3;-14,8482;-39,281986;SPRF-BA;DEL05-BA;UOP01-DEL05-BA
603505;28/05/2024;terça-feira;06:48:00;RS;470;172;VERANOPOLIS;Reação tardia ou ineficiente do condutor;Colisão lateral mesmo sentido;Com Vítimas Feridas;Amanhecer;Decrescente;Nevoeiro/Neblina;Simples;"Aclive;Curva";Sim;4;0;1;0;3;0;1;2;-28,89106431;-51,54975736;SPRF-RS;DEL06-RS;UOP02-DEL06-RS
603508;28/05/2024;terça-feira;06:05:00;SP;116;131,5;CACAPAVA;Animais na Pista;Atropelamento de Animal;Com Vítimas Feridas;Amanhecer;Crescente;Nublado;Dupla;"Reta;Interseção de Vias";Não;1;0;0;1;0;0;1;1;-23,12742083;-45,73636609;SPRF-SP;DEL02-SP;UOP02-DEL02-SP
603509;28/05/2024;terça-feira;07:20:00;GO;60;94;ANAPOLIS;Demais falhas mecânicas ou elétricas;Eventos atípicos;Com Vítimas Feridas;Pleno dia;Decrescente;Céu Claro;Dupla;Reta;Sim;1;0;1;0;0;0;1;1;-16,36110507;-48,93274069;SPRF-GO;DEL02-GO;UOP01-DEL02-GO
603510;28/05/2024;terça-feira;06:43:00;AL;316;245;ATALAIA;Velocidade Incompatível;Colisão transversal;Com Vítimas Feridas;Pleno dia;Decrescente;Nublado;Dupla;Reta;Não;4;0;0;2;2;0;2;3;-9,51787134;-35,99989354;SPRF-AL;DEL01-AL;UOP01-DEL01-AL
603513;28/05/2024;terça-feira;06:49:00;PE;101;53;PAULISTA;Velocidade Incompatível;Saída de leito carroçável;Com Vítimas Feridas;Pleno dia;Decrescente;Chuva;Múltipla;Curva;Não;1;0;1;0;0;0;1;1;-7,93124094;-34,90068606;SPRF-PE;DEL01-PE;UOP02-DEL01-PE
603514;28/05/2024;terça-feira;07:50:00;RJ;101;397;ITAGUAI;Demais falhas na via;Queda de ocupante de veículo;Com Vítimas Feridas;Pleno dia;Decrescente;Céu Claro;Múltipla;Reta;Sim;1;0;1;0;0;0;1;1;-22,8589023;-43,7591166;SPRF-RJ;DEL03-RJ;UOP01-DEL03-RJ
603515;28/05/2024;terça-feira;08:00:00;PB;101;93;JOAO PESSOA;Reação tardia ou ineficiente do condutor;Colisão com objeto;Com Vítimas Feridas;Pleno dia;Crescente;Chuva;Dupla;Reta;Sim;1;0;1;0;0;0;1;1;-7,205825;-34,90879;SPRF-PB;DEL01-PB;UOP02-DEL01-PB
603516;28/05/2024;terça-feira;07:20:00;MG;262;817;UBERABA;Ausência de reação do condutor;Colisão traseira;Sem Vítimas;Amanhecer;Decrescente;Garoa/Chuvisco;Dupla;Reta;Não;2;0;0;0;2;0;0;2;-19,76384526;-48,12927805;SPRF-MG;DEL13-MG;UOP01-DEL13-MG
603520;27/05/2024;segunda-feira;21:05:00;PR;163;8;BARRACAO;Ingestão de álcool pelo condutor;Colisão com objeto;Sem Vítimas;Plena Noite;Crescente;Céu Claro;Simples;"Reta;Rotatória";Sim;1;0;0;0;1;0;0;1;-26,25066;-53,635523;SPRF-PR;DEL02-PR;UOP02-DEL02-PR
603521;28/05/2024;terça-feira;07:35:00;SP;101;47,4;UBATUBA;Acessar a via sem observar a presença dos outros veículos;Colisão transversal;Com Vítimas Fatais;Pleno dia;Crescente;Céu Claro;Simples;Reta;Sim;3;1;1;1;0;0;2;2;-23,429897;-45,082436;SPRF-SP;DEL06-SP;UOP01-DEL06-SP
603522;28/05/2024;terça-feira;07:55:00;PR;277;723;FOZ DO IGUACU;Reação tardia ou ineficiente do condutor;Colisão lateral mesmo sentido;Com Vítimas Feridas;Pleno dia;Decrescente;Nublado;Dupla;Reta;Sim;2;0;1;0;1;0;1;2;-25,49878215;-54,52985294;SPRF-PR;DEL05-PR;UOP03-DEL05-PR
603524;28/05/2024;terça-feira;08:25:00;MG;381;482;BETIM;Ausência de reação do condutor;Colisão traseira;Com Vítimas Feridas;Pleno dia;Decrescente;Céu Claro;Dupla;"Reta;Aclive";Não;2;0;1;0;1;0;1;2;-19,955532;-44,097209;SPRF-MG;DEL01-MG;UOP03-DEL01-MG
603526;28/05/2024;terça-feira;08:10:00;MG;40;459,9;CAETANOPOLIS;Afundamento ou ondulação no pavimento;Tombamento;Com Vítimas Feridas;Pleno dia;Decrescente;Céu Claro;Dupla;Curva;Não;2;0;1;0;1;0;1;1;-19,388919;-44,335457;SPRF-MG;DEL02-MG;UOP01-DEL02-MG
603528;28/05/2024;terça-feira;08:40:00;MG;381;492;BETIM;Acumulo de óleo sobre o pavimento;Tombamento;Com Vítimas Feridas;Pleno dia;Crescente;Céu Claro;Simples;Reta;Sim;1;0;1;0;0;0;1;1;-19,97490091;-44,19004301;SPRF-MG;DEL01-MG;UOP03-DEL01-MG
603529;28/05/2024;terça-feira;08:00:00;SC;101;112;NAVEGANTES;Trafegar com motocicleta (ou similar) entre as faixas;Colisão traseira;Com Vítimas Feridas;Pleno dia;Crescente;Céu Claro;Dupla;Reta;Sim;2;0;1;0;1;0;1;2;-26,84589005;-48,72131295;SPRF-SC;DEL04-SC;UOP04-DEL04-SC
603530;28/05/2024;terça-feira;07:30:00;BA;324;619;SALVADOR;Manobra de mudança de faixa;Colisão lateral mesmo sentido;Com Vítimas Feridas;Pleno dia;Crescente;Céu Claro;Múltipla;Reta;Sim;3;0;2;0;1;0;2;2;-12,89820999;-38,45012202;SPRF-BA;DEL01-BA;UOP01-DEL01-BA
603531;28/05/2024;terça-feira;08:00:00;PE;101;84,8;JABOATAO DOS GUARARAPES;Transitar no Acostamento;Colisão lateral mesmo sentido;Com Vítimas Feridas;Pleno dia;Decrescente;Chuva;Dupla;"Reta;Ponte";Não;2;0;0;1;1;0;1;2;-8,179933;-34,958523;SPRF-PE;DEL01-PE;UOP01-DEL01-PE
603532;28/05/2024;terça-feira;06:00:00;SC;282;4,8;FLORIANOPOLIS;Condutor deixou de manter distância do veículo da frente;Colisão traseira;Com Vítimas Feridas;Pleno dia;Decrescente;Sol;Dupla;Reta;Sim;7;0;0;1;5;1;1;6;-27,592646;-48,604034;SPRF-SC;DEL01-SC;UOP01-DEL01-SC
603533;28/05/2024;terça-feira;08:10:00;SP;101;46;UBATUBA;Ausência de reação do condutor;Colisão traseira;Com Vítimas Feridas;Pleno dia;Crescente;Céu Claro;Simples;Reta;Sim;2;0;1;0;1;0;1;2;-23,42403383;-45,07492113;SPRF-SP;DEL06-SP;UOP01-DEL06-SP
603535;28/05/2024;terça-feira;08:30:00;RS;471;464;RIO GRANDE;Acessar a via sem observar a presença dos outros veículos;Colisão transversal;Com Vítimas Feridas;Pleno dia;Decrescente;Sol;Simples;Reta;Não;2;0;1;0;1;0;1;2;-32,093676;-52,310765;SPRF-RS;DEL07-RS;UOP02-DEL07-RS
603537;28/05/2024;terça-feira;08:30:00;BA;415;49;ITABUNA;Condutor deixou de manter distância do veículo da frente;Engavetamento;Com Vítimas Feridas;Pleno dia;Decrescente;Chuva;Simples;Reta;Sim;5;0;2;0;3;0;2;5;-14,81574494;-39,29612388;SPRF-BA;DEL05-BA;UOP01-DEL05-BA
603538;28/05/2024;terça-feira;08:30:00;MG;116;673,9;MIRADOURO;Acessar a via sem observar a presença dos outros veículos;Colisão transversal;Com Vítimas Feridas;Pleno dia;Decrescente;Nublado;Simples;Rotatória;Não;2;0;0;1;1;0;1;2;-20,88956601;-42,33963285;SPRF-MG;DEL07-MG;UOP02-DEL07-MG
603539;28/05/2024;terça-feira;08:30:00;RJ;40;107;DUQUE DE CAXIAS;Reação tardia ou ineficiente do condutor;Colisão transversal;Com Vítimas Feridas;Pleno dia;Crescente;Céu Claro;Simples;Reta;Sim;2;0;1;0;0;1;1;2;-22,65581497;-43,28378546;SPRF-RJ;DEL01-RJ;UOP02-DEL01-RJ
603542;28/05/2024;terça-feira;07:45:00;RJ;493;1;ITABORAI;Reação tardia ou ineficiente do condutor;Atropelamento de Pedestre;Com Vítimas Feridas;Pleno dia;Crescente;Céu Claro;Dupla;Reta;Sim;2;0;0;2;0;0;2;2;-22,76268781;-42,9307723;SPRF-RJ;DEL02-RJ;UOP02-DEL02-RJ
603547;28/05/2024;terça-feira;07:50:00;RO;364;239,1;CACOAL;Ausência de reação do condutor;Colisão traseira;Com Vítimas Feridas;Pleno dia;Decrescente;Céu Claro;Simples;Reta;Sim;1;0;1;0;0;0;1;1;-11,434239;-61,462932;SPRF-RO;DEL02-RO;UOP02-DEL02-RO
603548;28/05/2024;terça-feira;09:00:00;RJ;40;70;PETROPOLIS;Manobra de mudança de faixa;Saída de leito carroçável;Com Vítimas Feridas;Pleno dia;Crescente;Céu Claro;Dupla;"Retorno Regulamentado;Curva";Sim;2;0;1;0;1;0;1;1;-22,44906429;-43,19987784;SPRF-RJ;DEL05-RJ;UOP02-DEL05-RJ
603550;28/05/2024;terça-feira;10:00:00;MG;365;282;JOAO PINHEIRO;Demais falhas mecânicas ou elétricas;Incêndio;Sem Vítimas;Pleno dia;Crescente;Céu Claro;Simples;Reta;Não;1;0;0;0;1;0;0;1;-18,03562817;-45,64362769;SPRF-MG;DEL10-MG;UOP02-DEL010-MG
603551;28/05/2024;terça-feira;10:15:00;RS;116;248;SAO LEOPOLDO;Condutor deixou de manter distância do veículo da frente;Colisão traseira;Com Vítimas Feridas;Pleno dia;Crescente;Garoa/Chuvisco;Dupla;Reta;Sim;3;0;1;0;2;0;1;2;-29,77605895;-51,15508618;SPRF-RS;DEL01-RS;UOP02-DEL01-RS
603552;28/05/2024;terça-feira;01:15:00;MS;163;248,5;DOURADOS;Ausência de reação do condutor;Queda de ocupante de veículo;Com Vítimas Feridas;Plena Noite;Crescente;Céu Claro;Dupla;Rotatória;Não;1;0;1;0;0;0;1;1;-22,3238991;-54,81909239;SPRF-MS;DEL04-MS;UOP02-DEL04-MS
603553;28/05/2024;terça-feira;07:20:00;SC;101;334;TUBARAO;Ausência de reação do condutor;Colisão lateral mesmo sentido;Com Vítimas Feridas;Pleno dia;Crescente;Céu Claro;Dupla;Reta;Não;3;0;2;0;1;0;2;2;-28,47023245;-49,01877522;SPRF-SC;DEL02-SC;UOP01-DEL02-SC
603555;28/05/2024;terça-feira;07:40:00;AC;364;136;RIO BRANCO;Acessar a via sem observar a presença dos outros veículos;Colisão traseira;Com Vítimas Feridas;Pleno dia;Decrescente;Nublado;Dupla;Reta;Sim;2;0;1;0;1;0;1;2;-9,977578;-67,8489;SPRF-AC;DEL01-AC;UOP01-DEL01-AC