id;data_inversa;dia_semana;horario;uf;br;km;municipio;causa_acidente;tipo_acidente;classificacao_acidente;fase_dia;sentido_via;condicao_metereologica;tipo_pista;tracado_via;uso_solo;pessoas;mortos;feridos_leves;feridos_graves;ilesos;ignorados;feridos;veiculos;latitude;longitude;regional;delegacia;uop
603556;28/05/2024;terça-feira;08:10:00;SC;101;316,9;PESCARIA BRAVA;Acessar a via sem observar a presença dos outros veículos;Colisão frontal;Com Vítimas Feridas;Pleno dia;Decrescente;Céu Claro;Simples;Reta;Sim;2;0;1;0;1;0;1;2;-28,42824137;-48,86693001;SPRF-SC;DEL02-SC;UOP01-DEL02-SC
603557;28/05/2024;terça-feira;11:05:00;SC;101;215,4;PALHOCA;Acumulo de areia ou detritos sobre o pavimento;Colisão lateral mesmo sentido;Com Vítimas Feridas;Pleno dia;Crescente;Céu Claro;Dupla;Reta;Sim;2;0;2;0;0;0;2;2;-27,65184843;-48,67604941;SPRF-SC;DEL01-SC;UOP02-DEL01-SC
603558;28/05/2024;terça-feira;11:00:00;SP;381;69;MAIRIPORA;Reação tardia ou ineficiente do condutor;Colisão com objeto;Com Vítimas Feridas;Pleno dia;Crescente;Nublado;Dupla;Reta;Não;1;0;0;1;0;0;1;1;-23,34553108;-46,56787903;SPRF-SP;DEL03-SP;UOP01-DEL03-SP
603559;28/05/2024;terça-feira;11:10:00;CE;116;7;FORTALEZA;Avarias e/ou desgaste excessivo no pneu;Tombamento;Com Vítimas Feridas;Pleno dia;Decrescente;Céu Claro;Dupla;Reta;Sim;2;0;1;1;0;0;2;1;-3,81380308;-38,50107193;SPRF-CE;DEL01-CE;UOP02-DEL01-CE
603560;28/05/2024;terça-feira;04:30:00;PI;230;204;OEIRAS;Reação tardia ou ineficiente do condutor;Colisão traseira;Sem Vítimas;Amanhecer;Decrescente;Céu Claro;Simples;Reta;Não;2;0;0;0;1;1;0;2;-7,016729;-42,184101;SPRF-PI;DEL03-PI;UOP01-DEL03-PI
603564;28/05/2024;terça-feira;12:15:00;SC;101;200,7;SAO JOSE;Acesso irregular;Queda de ocupante de veículo;Com Vítimas Feridas;Pleno dia;Crescente;Céu Claro;Múltipla;Reta;Não;2;0;1;0;1;0;1;2;-27,54018513;-48,62287714;SPRF-SC;DEL01-SC;UOP01-DEL01-SC
603566;23/05/2024;quinta-feira;11:28:00;SP;0;0;TAUBATE;Velocidade Incompatível;Saída de leito carroçável;Com Vítimas Feridas;Pleno dia;Não Informado;Céu Claro;Simples;Aclive;Sim;1;0;1;0;0;0;1;1;-23,05472826;-45,5967375;SPRF-SP;DEL02-SP;N/A
603567;28/05/2024;terça-feira;12:13:00;PE;101;80;JABOATAO DOS GUARARAPES;Condutor deixou de manter distância do veículo da frente;Colisão lateral mesmo sentido;Com Vítimas Feridas;Pleno dia;Decrescente;Nublado;Múltipla;Reta;Sim;2;0;1;0;1;0;1;2;-8,15112589;-34,9428866;SPRF-PE;DEL01-PE;UOP01-DEL01-PE
603570;28/05/2024;terça-feira;12:30:00;RJ;116;183;NOVA IGUACU;Manobra de mudança de faixa;Colisão traseira;Com Vítimas Feridas;Pleno dia;Crescente;Céu Claro;Dupla;Reta;Não;2;0;0;1;1;0;1;2;-22,7516014;-43,43849831;SPRF-RJ;DEL06-RJ;UOP01-DEL06-RJ
603571;28/05/2024;terça-feira;11:30:00;AM;319;1;MANAUS;Problema com o freio;Tombamento;Com Vítimas Feridas;Pleno dia;Crescente;Nublado;Simples;Declive;Sim;4;0;1;0;3;0;1;1;-3,13514723;-59,93923187;SPRF-AM;DEL01-AM;UOP03-DEL01-AM
603573;28/05/2024;terça-feira;12:30:00;SC;101;264,9;PAULO LOPES;Demais falhas na via;Colisão com objeto;Com Vítimas Feridas;Pleno dia;Crescente;Céu Claro;Dupla;Reta;Sim;1;0;1;0;0;0;1;1;-28,06274991;-48,71632934;SPRF-SC;DEL02-SC;UOP03-DEL02-SC
603575;28/05/2024;terça-feira;10:00:00;MA;226;323;BARRA DO CORDA;Ultrapassagem Indevida;Saída de leito carroçável;Com Vítimas Feridas;Pleno dia;Crescente;Céu Claro;Simples;"Declive;Reta";Não;2;0;0;1;1;0;1;1;-5,4282218;-45,40157108;SPRF-MA;DEL06-MA;UOP01-DEL06-MA
603576;06/04/2024;sábado;19:20:00;SE;235;52;ITABAIANA;Ingestão de álcool pelo condutor;Colisão transversal;Com Vítimas Feridas;Plena Noite;Crescente;Céu Claro;Múltipla;"Retorno Regulamentado;Curva";Sim;3;0;0;1;1;1;1;2;-10,693279;-37,437557;SPRF-SE;DEL01-SE;UOP02-DEL01-SE
603577;28/05/2024;terça-feira;13:20:00;MG;459;96;POUSO ALEGRE;Trafegar com motocicleta (ou similar) entre as faixas;Colisão lateral mesmo sentido;Com Vítimas Feridas;Pleno dia;Crescente;Céu Claro;Simples;Curva;Não;2;0;0;1;1;0;1;2;-22,189781;-45,983028;SPRF-MG;DEL09-MG;UOP01-DEL09-MG
603578;28/05/2024;terça-feira;13:55:00;SC;101;213;PALHOCA;Manobra de mudança de faixa;Colisão lateral mesmo sentido;Com Vítimas Feridas;Pleno dia;Crescente;Sol;Múltipla;Reta;Não;3;0;0;1;2;0;1;3;-27,63697369;-48,66514142;SPRF-SC;DEL01-SC;UOP02-DEL01-SC
603581;28/05/2024;terça-feira;14:00:00;PB;101;118;CAAPORA;Ausência de reação do condutor;Saída de leito carroçável;Com Vítimas Feridas;Pleno dia;Crescente;Chuva;Dupla;Reta;Não;1;0;0;1;0;0;1;1;-7,42128203;-34,96207995;SPRF-PB;DEL01-PB;UOP02-DEL01-PB
603582;28/05/2024;terça-feira;14:25:00;ES;101;69,4;SAO MATEUS;Acessar a via sem observar a presença dos outros veículos;Colisão transversal;Com Vítimas Feridas;Pleno dia;Crescente;Céu Claro;Simples;"Reta;Declive";Não;2;0;0;1;1;0;1;2;-18,73556097;-39,86069526;SPRF-ES;DEL04-ES;UOP02-DEL04-ES
603587;28/05/2024;terça-feira;08:30:00;PI;407;522,7;JACOBINA DO PIAUI;Demais falhas mecânicas ou elétricas;Incêndio;Sem Vítimas;Pleno dia;Decrescente;Céu Claro;Simples;"Reta;Aclive";Não;1;0;0;0;1;0;0;1;-7,72777597;-41,27387863;SPRF-PI;DEL04-PI;UOP01-DEL04-PI
603590;28/05/2024;terça-feira;12:40:00;SP;116;134;SAO JOSE DOS CAMPOS;Ausência de reação do condutor;Colisão com objeto;Sem Vítimas;Pleno dia;Decrescente;Sol;Dupla;Reta;Não;1;0;0;0;0;1;0;1;-23,1402216;-45,7617252;SPRF-SP;DEL02-SP;UOP02-DEL02-SP
603591;28/05/2024;terça-feira;14:35:00;DF;251;34;BRASILIA;Acessar a via sem observar a presença dos outros veículos;Colisão frontal;Com Vítimas Feridas;Pleno dia;Crescente;Céu Claro;Simples;"Reta;Aclive";Não;2;0;1;0;0;1;1;2;-15,938301;-47,759799;SPRF-DF;DEL01-DF;UOP01-DEL01-DF
603592;28/05/2024;terça-feira;10:50:00;BA;0;0;PAULO AFONSO;Velocidade Incompatível;Colisão transversal;Com Vítimas Feridas;Pleno dia;Não Informado;Sol;Dupla;Rotatória;Sim;5;0;1;0;3;1;1;3;-9,433406;-38,226731;SPRF-BA;DEL07-BA;N/A
603593;28/05/2024;terça-feira;14:00:00;RJ;116;139;MAGE;Reação tardia ou ineficiente do condutor;Colisão com objeto;Com Vítimas Feridas;Pleno dia;Crescente;Céu Claro;Dupla;Reta;Sim;3;0;1;0;2;0;1;3;-22,64655224;-43,20138601;SPRF-RJ;DEL04-RJ;UOP02-DEL04-RJ
603596;29/04/2024;segunda-feira;21:30:00;RR;174;191;RORAINOPOLIS;Manobra de mudança de faixa;Colisão frontal;Com Vítimas Feridas;Plena Noite;Crescente;Céu Claro;Simples;"Aclive;Reta";Não;7;0;6;1;0;0;7;2;0,75889;-60,455593;SPRF-RR;DEL01-RR;UOP01-DEL01-RR
603597;28/05/2024;terça-feira;15:40:00;PE;232;47,2;VITORIA DE SANTO ANTAO;Acessar a via sem observar a presença dos outros veículos;Colisão traseira;Com Vítimas Feridas;Pleno dia;Decrescente;Sol;Dupla;Reta;Sim;4;0;1;1;1;1;2;3;-8,13769724;-35,29733789;SPRF-PE;DEL01-PE;UOP01-DEL01-PE
603600;28/05/2024;terça-feira;16:30:00;PE;101;51,3;PAULISTA;Frear bruscamente;Tombamento;Com Vítimas Feridas;Pleno dia;Decrescente;Céu Claro;Múltipla;Reta;Sim;1;0;1;0;0;0;1;1;-7,920005;-34,895118;SPRF-PE;DEL01-PE;UOP02-DEL01-PE
603602;28/05/2024;terça-feira;15:03:00;MT;364;204;RONDONOPOLIS;Reação tardia ou ineficiente do condutor;Colisão transversal;Com Vítimas Feridas;Pleno dia;Decrescente;Sol;Dupla;"Retorno Regulamentado;Reta";Sim;2;0;0;1;1;0;1;2;-16,467325;-54,657196;SPRF-MT;DEL02-MT;UOP01-DEL02-MT
603603;28/05/2024;terça-feira;16:00:00;MG;365;621;UBERLANDIA;Estacionar ou parar em local proibido;Atropelamento de Pedestre;Com Vítimas Feridas;Pleno dia;Crescente;Sol;Dupla;"Curva;Declive";Sim;3;0;1;1;1;0;2;2;-18,9048022;-48,29052803;SPRF-MG;DEL15-MG;UOP01-DEL15-MG
603605;28/05/2024;terça-feira;15:45:00;PR;376;150;PRESIDENTE CASTELO BRANCO;Carga excessiva e/ou mal acondicionada;Saída de leito carroçável;Com Vítimas Feridas;Pleno dia;Decrescente;Céu Claro;Dupla;Reta;Não;1;0;0;1;0;0;1;1;-23,30300223;-52,11227146;SPRF-PR;DEL09-PR;UOP01-DEL09-PR
603607;28/05/2024;terça-feira;12:12:00;SP;153;41,4;ONDA VERDE;Mal súbito do condutor;Saída de leito carroçável;Com Vítimas Fatais;Pleno dia;Decrescente;Nublado;Simples;"Reta;Declive";Não;2;1;0;0;0;1;0;2;-20,62848304;-49,33623886;SPRF-SP;DEL09-SP;UOP01-DEL09-SP
603609;28/05/2024;terça-feira;14:45:00;MG;262;31;REDUTO;Acessar a via sem observar a presença dos outros veículos;Colisão transversal;Com Vítimas Feridas;Pleno dia;Crescente;Nublado;Simples;Curva;Não;2;0;2;0;0;0;2;2;-20,27165802;-42,03950458;SPRF-MG;DEL06-MG;UOP03-DEL06-MG
603610;28/05/2024;terça-feira;17:00:00;GO;40;6;VALPARAISO DE GOIAS;Velocidade Incompatível;Colisão traseira;Com Vítimas Feridas;Pleno dia;Crescente;Céu Claro;Dupla;"Reta;Declive";Sim;4;0;2;0;2;0;2;3;-16,100814;-47,977351;SPRF-DF;DEL01-DF;UOP01-DEL01-DF
603612;28/05/2024;terça-feira;17:50:00;PR;369;185;ARAPONGAS;Ultrapassagem Indevida;Colisão lateral mesmo sentido;Com Vítimas Feridas;Anoitecer;Crescente;Céu Claro;Simples;Reta;Sim;2;0;0;1;1;0;1;2;-23,4107;-51,427632;SPRF-PR;DEL07-PR;UOP03-DEL07-PR
603614;28/05/2024;terça-feira;18:00:00;SP;116;134;SAO JOSE DOS CAMPOS;Manobra de mudança de faixa;Colisão lateral mesmo sentido;Com Vítimas Feridas;Anoitecer;Crescente;Céu Claro;Múltipla;Reta;Não;3;0;0;2;1;0;2;2;-23,1402216;-45,7617252;SPRF-SP;DEL02-SP;UOP02-DEL02-SP
603616;28/05/2024;terça-feira;17:30:00;SP;116;291;ITAPECERICA DA SERRA;Condutor deixou de manter distância do veículo da frente;Queda de ocupante de veículo;Com Vítimas Feridas;Anoitecer;Crescente;Nublado;Dupla;Reta;Não;3;0;1;0;1;1;1;3;-23,73826593;-46,89672721;SPRF-SP;DEL04-SP;UOP01-DEL04-SP
603617;28/05/2024;terça-feira;18:15:00;ES;101;243;SERRA;Pedestre andava na pista;Atropelamento de Pedestre;Com Vítimas Feridas;Pleno dia;Crescente;Céu Claro;Simples;Reta;Não;2;0;2;0;0;0;2;2;-20,04007795;-40,39273658;SPRF-ES;DEL02-ES;UOP01-DEL02-ES
603619;28/05/2024;terça-feira;17:40:00;RN;101;103;PARNAMIRIM;Manobra de mudança de faixa;Queda de ocupante de veículo;Com Vítimas Feridas;Anoitecer;Crescente;Céu Claro;Dupla;Reta;Não;1;0;1;0;0;0;1;1;-5,89034022;-35,24894996;SPRF-RN;DEL01-RN;UOP01-DEL01-RN
603622;28/05/2024;terça-feira;18:30:00;MA;226;16;TIMON;Velocidade Incompatível;Colisão traseira;Com Vítimas Fatais;Plena Noite;Decrescente;Céu Claro;Simples;Reta;Não;5;1;2;0;2;0;2;2;-5,1311846;-42,815704;SPRF-MA;DEL03-MA;UOP02-DEL03-MA
603623;28/05/2024;terça-feira;18:45:00;ES;101;292;CARIACICA;Desrespeitar a preferência no cruzamento;Colisão transversal;Com Vítimas Feridas;Plena Noite;Crescente;Ignorado;Dupla;Retorno Regulamentado;Não;2;0;1;0;1;0;1;2;-20,30650512;-40,39488717;SPRF-ES;DEL01-ES;UOP01-DEL01-ES
603624;28/05/2024;terça-feira;18:08:00;RN;110;49,1;MOSSORO;Entrada inopinada do pedestre;Atropelamento de Pedestre;Com Vítimas Feridas;Plena Noite;Decrescente;Nublado;Simples;Reta;Sim;4;0;1;1;2;0;2;2;-5,21770567;-37,3283565;SPRF-RN;DEL04-RN;UOP01-DEL04-RN
603625;28/05/2024;terça-feira;18:30:00;BA;407;6;JUAZEIRO;Entrada inopinada do pedestre;Atropelamento de Pedestre;Com Vítimas Feridas;Plena Noite;Crescente;Céu Claro;Dupla;Reta;Sim;3;0;0;1;1;1;1;2;-9,45595491;-40,48655981;SPRF-PE;DEL06-PE;UOP01-DEL06-PE
603626;28/05/2024;terça-feira;18:50:00;SC;101;201,4;SAO JOSE;Condutor deixou de manter distância do veículo da frente;Colisão traseira;Com Vítimas Feridas;Plena Noite;Crescente;Céu Claro;Dupla;Reta;Não;3;0;1;0;2;0;1;2;-27,54836599;-48,61977975;SPRF-SC;DEL01-SC;UOP01-DEL01-SC
603627;28/05/2024;terça-feira;17:40:00;SP;153;335,7;SALTO GRANDE;Afundamento ou ondulação no pavimento;Queda de ocupante de veículo;Com Vítimas Feridas;Anoitecer;Decrescente;Nublado;Simples;Reta;Não;1;0;1;0;0;0;1;1;-22,89976601;-49,8895705;SPRF-SP;DEL07-SP;UOP03-DEL07-SP
603629;28/05/2024;terça-feira;18:35:00;SC;101;131;BALNEARIO CAMBORIU;Acessar a via sem observar a presença dos outros veículos;Colisão lateral mesmo sentido;Com Vítimas Feridas;Anoitecer;Crescente;Céu Claro;Múltipla;Interseção de Vias;Sim;2;0;1;0;1;0;1;2;-26,99064209;-48,66310912;SPRF-SC;DEL04-SC;UOP03-DEL04-SC
603630;28/05/2024;terça-feira;18:20:00;PR;116;90;PIRAQUARA;Ausência de reação do condutor;Colisão com objeto;Com Vítimas Feridas;Plena Noite;Decrescente;Céu Claro;Dupla;Reta;Não;2;0;1;1;0;0;2;1;-25,4611174;-49,08880123;SPRF-PR;DEL01-PR;UOP07-DEL01-PR
603631;28/05/2024;terça-feira;09:40:00;SC;116;66,6;MONTE CASTELO;Acessar a via sem observar a presença dos outros veículos;Colisão lateral mesmo sentido;Sem Vítimas;Pleno dia;Decrescente;Sol;Simples;Reta;Sim;2;0;0;0;2;0;0;2;-26,43345701;-50,22890485;SPRF-SC;DEL06-SC;UOP02-DEL06-SC
603632;28/05/2024;terça-feira;18:30:00;MG;459;14,8;CALDAS;Ultrapassagem Indevida;Colisão lateral mesmo sentido;Sem Vítimas;Plena Noite;Decrescente;Céu Claro;Simples;Reta;Sim;3;0;0;0;2;1;0;3;-21,831066;-46,448425;SPRF-MG;DEL09-MG;UOP01-DEL09-MG
603635;28/05/2024;terça-feira;19:18:00;RS;158;564,5;SANTANA DO LIVRAMENTO;Entrada inopinada do pedestre;Atropelamento de Pedestre;Com Vítimas Feridas;Plena Noite;Crescente;Céu Claro;Simples;Aclive;Sim;2;0;0;1;1;0;1;2;-30,86052935;-55,50435555;SPRF-RS;DEL11-RS;UOP01-DEL11-RS
603636;28/05/2024;terça-feira;18:50:00;PR;277;2,3;PARANAGUA;Acessar a via sem observar a presença dos outros veículos;Colisão transversal;Com Vítimas Feridas;Plena Noite;Crescente;Céu Claro;Simples;"Interseção de Vias;Reta";Sim;2;0;1;0;1;0;1;2;-25,568198;-48,615292;SPRF-PR;DEL01-PR;UOP05-DEL01-PR
603637;28/05/2024;terça-feira;20:05:00;SC;280;129,9;RIO NEGRINHO;Animais na Pista;Colisão lateral mesmo sentido;Com Vítimas Feridas;Plena Noite;Decrescente;Céu Claro;Simples;"Reta;Declive";Sim;2;0;0;2;0;0;2;2;-26,24586437;-49,52284615;SPRF-SC;DEL06-SC;UOP03-DEL06-SC
603638;20/05/2024;segunda-feira;21:15:00;SC;282;69;RANCHO QUEIMADO;Demais falhas mecânicas ou elétricas;Incêndio;Sem Vítimas;Plena Noite;Crescente;Céu Claro;Múltipla;"Reta;Aclive";Não;1;0;0;0;1;0;0;1;-27,690144;-49,083813;SPRF-SC;DEL01-SC;UOP03-DEL01-SC
603640;28/05/2024;terça-feira;18:55:00;CE;222;211,1;FORQUILHA;Acessar a via sem observar a presença dos outros veículos;Colisão transversal;Com Vítimas Feridas;Plena Noite;Decrescente;Garoa/Chuvisco;Simples;Curva;Sim;2;0;1;0;1;0;1;2;-3,794107;-40,275047;SPRF-CE;DEL04-CE;UOP01-DEL04-CE
603641;28/05/2024;terça-feira;19:05:00;MG;262;31,1;REDUTO;Ingestão de álcool pelo condutor;Colisão transversal;Com Vítimas Feridas;Plena Noite;Decrescente;Nublado;Simples;Curva;Não;4;0;1;1;2;0;2;3;-20,2532742;-41,992629;SPRF-MG;DEL06-MG;UOP03-DEL06-MG
603642;07/04/2024;domingo;23:20:00;ES;101;153;LINHARES;Ausência de reação do condutor;Colisão traseira;Com Vítimas Feridas;Plena Noite;Decrescente;Céu Claro;Simples;Reta;Não;3;0;1;1;1;0;2;2;-19,423338;-40,07872401;SPRF-ES;DEL04-ES;UOP01-DEL04-ES
603643;28/05/2024;terça-feira;18:15:00;RJ;465;12;SEROPEDICA;Acessar a via sem observar a presença dos outros veículos;Colisão transversal;Com Vítimas Feridas;Plena Noite;Decrescente;Céu Claro;Simples;Reta;Não;2;0;1;0;1;0;1;2;-22,791252;-43,651257;SPRF-RJ;DEL06-RJ;UOP02-DEL06-RJ
603646;28/05/2024;terça-feira;20:30:00;PA;230;117;MARABA;Condutor deixou de manter distância do veículo da frente;Colisão traseira;Com Vítimas Feridas;Plena Noite;Crescente;Céu Claro;Dupla;"Retorno Regulamentado;Declive";Sim;4;0;2;1;0;1;3;3;-5,35569904;-49,09047302;SPRF-PA;DEL03-PA;UOP01-DEL03-PA
603647;28/05/2024;terça-feira;18:00:00;RS;153;407;CACHOEIRA DO SUL;Pedestre andava na pista;Atropelamento de Pedestre;Com Vítimas Feridas;Anoitecer;Crescente;Nublado;Dupla;Reta;Sim;2;0;1;1;0;0;2;2;-30,02482915;-52,91709244;SPRF-RS;DEL02-RS;UOP03-DEL02-RS
603648;28/05/2024;terça-feira;17:55:00;RJ;465;2,5;SEROPEDICA;Iluminação deficiente;Atropelamento de Pedestre;Com Vítimas Feridas;Plena Noite;Decrescente;Ignorado;Simples;Reta;Não;2;0;0;1;1;0;1;2;-22,727266;-43,718712;SPRF-RJ;DEL06-RJ;UOP02-DEL06-RJ
603649;28/05/2024;terça-feira;19:40:00;RS;116;240;SAO LEOPOLDO;Falta de elemento de contenção que evite a saída do leito carroçável;Saída de leito carroçável;Sem Vítimas;Plena Noite;Crescente;Nublado;Dupla;Reta;Sim;3;0;0;0;3;0;0;1;-29,710231;-51,147508;SPRF-RS;DEL01-RS;UOP02-DEL01-RS
603650;28/05/2024;terça-feira;21:00:00;ES;101;13;SERRA;Objeto estático sobre o leito carroçável;Colisão com objeto;Com Vítimas Feridas;Plena Noite;Crescente;Céu Claro;Dupla;"Reta;Ponte";Não;1;0;1;0;0;0;1;1;-20,129093;-40,308125;SPRF-ES;DEL02-ES;UOP01-DEL02-ES
603651;28/05/2024;terça-feira;20:15:00;PA;10;0;DOM ELISEU;Reação tardia ou ineficiente do condutor;Colisão lateral mesmo sentido;Com Vítimas Fatais;Plena Noite;Crescente;Céu Claro;Simples;Reta;Não;3;1;0;0;0;2;0;2;-4,4441293;-47,5312754;SPRF-PA;DEL02-PA;UOP02-DEL02-PA
603652;28/05/2024;terça-feira;20:20:00;SP;116;111;TAUBATE;Reação tardia ou ineficiente do condutor;Colisão lateral mesmo sentido;Com Vítimas Feridas;Plena Noite;Crescente;Céu Claro;Dupla;Reta;Sim;2;0;0;1;1;0;1;2;-23,03887149;-45,56097419;SPRF-SP;DEL02-SP;UOP02-DEL02-SP
603653;28/05/2024;terça-feira;19:45:00;MG;365;430;PATOS DE MINAS;Reação tardia ou ineficiente do condutor;Saída de leito carroçável;Com Vítimas Feridas;Plena Noite;Decrescente;Céu Claro;Simples;Curva;Não;1;0;1;0;0;0;1;1;-18,75970014;-46,66665297;SPRF-MG;DEL10-MG;UOP01-DEL10-MG
603654;28/05/2024;terça-feira;20:46:00;CE;222;0,1;FORTALEZA;Pedestre cruzava a pista fora da faixa;Atropelamento de Pedestre;Com Vítimas Feridas;Plena Noite;Crescente;Garoa/Chuvisco;Múltipla;Reta;Sim;2;0;1;0;1;0;1;2;-3,7367737;-38,56923;SPRF-CE;DEL01-CE;UOP01-DEL01-CE
603655;19/05/2024;domingo;20:40:00;BA;324;611;SIMOES FILHO;Velocidade Incompatível;Colisão traseira;Com Vítimas Feridas;Plena Noite;Crescente;Céu Claro;Dupla;"Declive;Reta";Sim;6;0;5;0;1;0;5;2;-12,83798396;-38,41427011;SPRF-BA;DEL01-BA;UOP01-DEL01-BA
603656;28/05/2024;terça-feira;21:15:00;PR;277;721;FOZ DO IGUACU;Ingestão de álcool pelo condutor;Tombamento;Com Vítimas Feridas;Plena Noite;Decrescente;Céu Claro;Dupla;Reta;Sim;1;0;1;0;0;0;1;1;-25,4911505;-54,51185421;SPRF-PR;DEL05-PR;UOP03-DEL05-PR
603657;28/05/2024;terça-feira;17:20:00;MT;70;731;CACERES;Acessar a via sem observar a presença dos outros veículos;Colisão transversal;Com Vítimas Feridas;Anoitecer;Decrescente;Céu Claro;Simples;Interseção de Vias;Sim;2;0;1;0;1;0;1;2;-16,15109224;-57,62618406;SPRF-MT;DEL03-MT;UOP01-DEL03-MT
603658;28/05/2024;terça-feira;21:20:00;SC;470;62,9;INDAIAL;Acessar a via sem observar a presença dos outros veículos;Colisão transversal;Com Vítimas Feridas;Plena Noite;Crescente;Céu Claro;Simples;"Reta;Aclive";Não;2;0;1;0;0;1;1;2;-26,872396;-49,19228;SPRF-SC;DEL04-SC;UOP01-DEL04-SC
603659;28/05/2024;terça-feira;21:45:00;SP;116;222;GUARULHOS;Ausência de reação do condutor;Colisão traseira;Com Vítimas Feridas;Plena Noite;Decrescente;Nublado;Múltipla;Reta;Sim;2;0;0;1;1;0;1;2;-23,47093408;-46,51631097;SPRF-SP;DEL01-SP;UOP01-DEL01-SP
603660;28/05/2024;terça-feira;21:15:00;CE;222;3,9;CAUCAIA;Animais na Pista;Atropelamento de Animal;Com Vítimas Feridas;Plena Noite;Crescente;Céu Claro;Dupla;"Declive;Reta";Sim;2;0;0;1;1;0;1;2;-3,74130191;-38,60282354;SPRF-CE;DEL01-CE;UOP01-DEL01-CE
603661;28/05/2024;terça-feira;21:20:00;ES;101;209,7;IBIRACU;Transitar na contramão;Colisão lateral sentido oposto;Com Vítimas Fatais;Plena Noite;Crescente;Céu Claro;Simples;"Reta;Declive";Não;2;1;0;0;1;0;0;2;-19,789689;-40,37132;SPRF-ES;DEL02-ES;UOP01-DEL02-ES
603662;28/05/2024;terça-feira;20:50:00;GO;153;564;PROFESSOR JAMIL;Demais falhas mecânicas ou elétricas;Incêndio;Sem Vítimas;Pleno dia;Decrescente;Céu Claro;Dupla;Declive;Não;1;0;0;0;0;1;0;1;-17,2476;-49,2417;SPRF-GO;DEL03-GO;UOP01-DEL03-GO
603663;28/05/2024;terça-feira;20:40:00;SC;470;54;BLUMENAU;Acessar a via sem observar a presença dos outros veículos;Colisão transversal;Sem Vítimas;Pleno dia;Crescente;Céu Claro;Simples;"Rotatória;Em Obras;Retorno Regulamentado;Interseção de Vias";Sim;2;0;0;0;2;0;0;2;-26,871065;-49,110374;SPRF-SC;DEL04-SC;UOP01-DEL04-SC
603664;28/05/2024;terça-feira;21:56:00;PR;376;176,9;MARINGA;Manobra de mudança de faixa;Colisão lateral mesmo sentido;Com Vítimas Feridas;Plena Noite;Crescente;Céu Claro;Múltipla;Reta;Sim;2;0;1;0;1;0;1;2;-23,41269173;-51,93158327;SPRF-PR;DEL09-PR;UOP01-DEL09-PR
603667;28/05/2024;terça-feira;22:10:00;BA;324;623,3;SALVADOR;Reação tardia ou ineficiente do condutor;Colisão traseira;Com Vítimas Feridas;Plena Noite;Decrescente;Céu Claro;Múltipla;Reta;Sim;6;0;3;0;2;1;3;3;-12,92628699;-38,46838679;SPRF-BA;DEL01-BA;UOP01-DEL01-BA
603669;28/05/2024;terça-feira;18:15:00;MG;262;27;REDUTO;Acessar a via sem observar a presença dos outros veículos;Colisão transversal;Com Vítimas Feridas;Plena Noite;Crescente;Céu Claro;Simples;Curva;Não;2;0;0;1;1;0;1;2;-20,24057124;-41,966311;SPRF-MG;DEL06-MG;UOP03-DEL06-MG
603671;28/05/2024;terça-feira;23:30:00;SC;101;118;ITAJAI;Condutor deixou de manter distância do veículo da frente;Colisão lateral mesmo sentido;Com Vítimas Feridas;Plena Noite;Crescente;Céu Claro;Dupla;Reta;Não;1;0;0;1;0;0;1;1;-26,895859;-48,71903;SPRF-SC;DEL04-SC;UOP04-DEL04-SC
603672;28/05/2024;terça-feira;22:30:00;RJ;465;4;SEROPEDICA;Reação tardia ou ineficiente do condutor;Colisão transversal;Com Vítimas Feridas;Plena Noite;Decrescente;Nublado;Simples;Reta;Sim;3;0;1;0;1;1;1;2;-22,740971;-43,705597;SPRF-RJ;DEL06-RJ;UOP02-DEL06-RJ
603674;29/05/2024;quarta-feira;00:30:00;ES;262;189;IUNA;Ausência de reação do condutor;Colisão com objeto;Sem Vítimas;Plena Noite;Crescente;Céu Claro;Simples;Curva;Não;1;0;0;0;0;1;0;1;-20,31334421;-41,73692705;SPRF-ES;DEL01-ES;UOP02-DEL01-ES
603676;29/05/2024;quarta-feira;00:30:00;MA;222;666,7;ACAILANDIA;Ausência de reação do condutor;Saída de leito carroçável;Com Vítimas Fatais;Plena Noite;Crescente;Céu Claro;Simples;"Reta;Declive";Não;2;1;0;1;0;0;1;1;-4,89816069;-47,39197619;SPRF-MA;DEL04-MA;UOP03-DEL04-MA
603677;29/05/2024;quarta-feira;00:52:00;PR;476;152;ARAUCARIA;Manobra de mudança de faixa;Tombamento;Sem Vítimas;Plena Noite;Crescente;Nublado;Dupla;Reta;Sim;2;0;0;0;1;1;0;2;-25,570036;-49,384193;SPRF-PR;DEL01-PR;UOP06-DEL01-PR
603679;29/05/2024;quarta-feira;00:40:00;PB;230;154,9;CAMPINA GRANDE;Animais na Pista;Atropelamento de Animal;Com Vítimas Feridas;Plena Noite;Crescente;Nublado;Simples;"Reta;Em Obras";Não;1;0;1;0;0;0;1;1;-7,2777;-35,8985;SPRF-PB;DEL02-PB;UOP01-DEL02-PB