id;data_inversa;dia_semana;horario;uf;br;km;municipio;causa_acidente;tipo_acidente;classificacao_acidente;fase_dia;sentido_via;condicao_metereologica;tipo_pista;tracado_via;uso_solo;pessoas;mortos;feridos_leves;feridos_graves;ilesos;ignorados;feridos;veiculos;latitude;longitude;regional;delegacia;uop
604064;30/05/2024;quinta-feira;15:40:00;PE;101;106;CABO DE SANTO AGOSTINHO;Ausência de reação do condutor;Capotamento;Com Vítimas Feridas;Anoitecer;Decrescente;Nublado;Dupla;"Curva;Retorno Regulamentado";Não;1;0;1;0;0;0;1;1;-8,30807754;-35,07573296;SPRF-PE;DEL01-PE;UOP03-DEL01-PE
604065;30/05/2024;quinta-feira;16:30:00;SP;101;49,5;UBATUBA;Retorno proibido;Colisão transversal;Com Vítimas Feridas;Pleno dia;Crescente;Céu Claro;Simples;Reta;Sim;7;0;3;1;3;0;4;2;-23,44574365;-45,08200234;SPRF-SP;DEL06-SP;UOP01-DEL06-SP
604066;24/03/2024;domingo;06:30:00;SP;116;525;BARRA DO TURVO;Ausência de reação do condutor;Saída de leito carroçável;Sem Vítimas;Amanhecer;Crescente;Nublado;Dupla;Reta;Não;2;0;0;0;1;1;0;1;-24,92563316;-48,26567292;SPRF-SP;DEL05-SP;UOP02-DEL05-SP
604067;30/05/2024;quinta-feira;17:00:00;RS;386;400,9;TRIUNFO;Ingestão de álcool pelo condutor;Colisão com objeto;Sem Vítimas;Pleno dia;Decrescente;Céu Claro;Simples;"Curva;Declive";Não;1;0;0;0;1;0;0;1;-29,75835;-51,59498;SPRF-RS;DEL04-RS;UOP02-DEL04-RS
604069;30/05/2024;quinta-feira;17:10:00;PB;101;99;CONDE;Ausência de reação do condutor;Colisão lateral mesmo sentido;Com Vítimas Feridas;Anoitecer;Decrescente;Céu Claro;Dupla;Reta;Sim;2;0;1;0;1;0;1;2;-7,2557332;-34,93469152;SPRF-PB;DEL01-PB;UOP02-DEL01-PB
604070;30/05/2024;quinta-feira;17:53:00;DF;70;19;BRASILIA;Condutor deixou de manter distância do veículo da frente;Colisão traseira;Com Vítimas Feridas;Anoitecer;Crescente;Céu Claro;Dupla;Declive;Não;2;0;1;0;0;1;1;2;-15,788868;-48,220242;SPRF-DF;DEL03-DF;UOP02-DEL03-DF
604072;30/05/2024;quinta-feira;17:33:00;RJ;40;64;PETROPOLIS;Reação tardia ou ineficiente do condutor;Saída de leito carroçável;Sem Vítimas;Amanhecer;Decrescente;Nublado;Dupla;Reta;Sim;1;0;0;0;1;0;0;1;-22,420418;-43,155285;SPRF-RJ;DEL05-RJ;UOP02-DEL05-RJ
604075;30/05/2024;quinta-feira;18:15:00;PE;232;71;GRAVATA;Acessar a via sem observar a presença dos outros veículos;Colisão traseira;Com Vítimas Feridas;Plena Noite;Crescente;Garoa/Chuvisco;Dupla;Reta;Não;2;0;1;0;1;0;1;2;-8,18344403;-35,49296599;SPRF-PE;DEL02-PE;UOP02-DEL02PE
604076;30/05/2024;quinta-feira;18:10:00;RJ;116;107;GUAPIMIRIM;Ultrapassagem Indevida;Tombamento;Com Vítimas Feridas;Plena Noite;Crescente;Céu Claro;Simples;Reta;Não;2;0;2;0;0;0;2;1;-22,52826187;-42,99737551;SPRF-RJ;DEL04-RJ;UOP01-DEL04-RJ
604077;30/05/2024;quinta-feira;18:15:00;MG;40;510,9;RIBEIRAO DAS NEVES;Trafegar com motocicleta (ou similar) entre as faixas;Colisão lateral mesmo sentido;Com Vítimas Feridas;Anoitecer;Decrescente;Céu Claro;Dupla;"Reta;Declive";Não;2;0;1;1;0;0;2;2;-19,77463885;-44,12321882;SPRF-MG;DEL01-MG;UOP02-DEL01-MG
604079;30/05/2024;quinta-feira;18:25:00;PE;232;496;VERDEJANTE;Transitar na contramão;Colisão frontal;Com Vítimas Feridas;Plena Noite;Crescente;Céu Claro;Simples;"Reta;Declive";Não;2;0;0;1;1;0;1;2;-8,01694468;-39,02484408;SPRF-PE;DEL05-PE;UOP01-DEL05-PE
604080;30/05/2024;quinta-feira;17:00:00;RO;364;425,8;JARU;Acessar a via sem observar a presença dos outros veículos;Colisão transversal;Com Vítimas Feridas;Pleno dia;Crescente;Céu Claro;Dupla;"Reta;Aclive;Interseção de Vias";Sim;2;0;2;0;0;0;2;1;-10,43752488;-62,47169791;SPRF-RO;DEL03-RO;UOP02-DEL03-RO
604081;30/05/2024;quinta-feira;15:00:00;MG;267;231,7;LIBERDADE;Acessar a via sem observar a presença dos outros veículos;Colisão transversal;Com Vítimas Feridas;Pleno dia;Crescente;Céu Claro;Simples;Reta;Não;2;0;1;0;1;0;1;2;-21,94947166;-44,33481086;SPRF-MG;DEL17-MG;UOP01-DEL17-MG
604082;30/05/2024;quinta-feira;18:10:00;RS;290;483;ROSARIO DO SUL;Reação tardia ou ineficiente do condutor;Colisão transversal;Com Vítimas Feridas;Plena Noite;Decrescente;Céu Claro;Simples;Reta;Sim;3;0;0;1;2;0;1;2;-30,241375;-54,950855;SPRF-RS;DEL11-RS;UOP02-DEL11-RS
604083;30/05/2024;quinta-feira;18:25:00;MS;376;19;FATIMA DO SUL;Ausência de sinalização;Queda de ocupante de veículo;Com Vítimas Feridas;Plena Noite;Decrescente;Céu Claro;Simples;Reta;Não;1;0;0;1;0;0;1;1;-22,32317207;-54,57823408;SPRF-MS;DEL04-MS;UOP01-DEL04-MS
604084;30/05/2024;quinta-feira;18:05:00;MS;163;419,4;NOVA ALVORADA DO SUL;Reação tardia ou ineficiente do condutor;Tombamento;Com Vítimas Feridas;Plena Noite;Decrescente;Céu Claro;Simples;Reta;Não;1;0;0;1;0;0;1;1;-20,99998889;-54,50767096;SPRF-MS;DEL02-MS;UOP01-DEL02-MS
604085;30/05/2024;quinta-feira;17:20:00;MG;40;494,8;ESMERALDAS;Condutor deixou de manter distância do veículo da frente;Colisão traseira;Com Vítimas Feridas;Anoitecer;Crescente;Céu Claro;Dupla;Aclive;Não;3;0;2;0;1;0;2;2;-19,65390808;-44,19841023;SPRF-MG;DEL02-MG;UOP01-DEL02-MG
604086;30/05/2024;quinta-feira;19:18:00;PE;101;42;IGARASSU;Demais falhas na via;Queda de ocupante de veículo;Com Vítimas Feridas;Plena Noite;Decrescente;Nublado;Múltipla;"Em Obras;Reta;Declive";Sim;1;0;1;0;0;0;1;1;-7,83887431;-34,91196739;SPRF-PE;DEL01-PE;UOP02-DEL01-PE
604088;30/05/2024;quinta-feira;14:50:00;SC;153;111,1;CONCORDIA;Acessar a via sem observar a presença dos outros veículos;Colisão transversal;Com Vítimas Feridas;Pleno dia;Decrescente;Sol;Simples;Reta;Não;5;0;2;0;3;0;2;2;-27,32757469;-51,97926664;SPRF-SC;DEL07-SC;UOP04-DEL07-SC
604092;30/05/2024;quinta-feira;08:13:00;SE;101;183;UMBAUBA;Acessar a via sem observar a presença dos outros veículos;Colisão transversal;Com Vítimas Feridas;Pleno dia;Decrescente;Céu Claro;Simples;Reta;Sim;2;0;0;1;0;1;1;2;-11,37900039;-37,6630326;SPRF-SE;DEL02-SE;UOP03-DEL02-SE
604093;30/05/2024;quinta-feira;19:00:00;DF;70;4;BRASILIA;Ausência de reação do condutor;Saída de leito carroçável;Sem Vítimas;Plena Noite;Decrescente;Céu Claro;Dupla;Reta;Não;1;0;0;0;1;0;0;1;-15,798115;-48,089317;SPRF-DF;DEL03-DF;UOP02-DEL03-DF
604094;30/05/2024;quinta-feira;18:30:00;PR;277;607;SANTA TEREZA DO OESTE;Ultrapassagem Indevida;Colisão frontal;Com Vítimas Feridas;Plena Noite;Decrescente;Céu Claro;Simples;Reta;Sim;11;0;10;0;0;1;10;3;-25,03813917;-53,5965319;SPRF-PR;DEL05-PR;UOP02-DEL05-PR
604095;30/05/2024;quinta-feira;19:40:00;GO;414;439,9;ANAPOLIS;Acessar a via sem observar a presença dos outros veículos;Colisão transversal;Com Vítimas Feridas;Plena Noite;Crescente;Céu Claro;Simples;"Interseção de Vias;Reta";Sim;2;0;0;1;0;1;1;2;-16,28128823;-48,94258908;SPRF-GO;DEL02-GO;UOP01-DEL02-GO
604096;30/05/2024;quinta-feira;19:47:00;RJ;101;203;CASIMIRO DE ABREU;Velocidade Incompatível;Colisão com objeto;Sem Vítimas;Plena Noite;Crescente;Nublado;Dupla;Reta;Não;1;0;0;0;1;0;0;1;-22,47557761;-42,17219006;SPRF-RJ;DEL08-RJ;UOP04-DEL08-RJ
604097;30/05/2024;quinta-feira;19:45:00;RN;101;80,9;SAO GONCALO DO AMARANTE;Ingestão de álcool pelo condutor;Colisão traseira;Com Vítimas Feridas;Plena Noite;Crescente;Vento;Dupla;Reta;Sim;4;0;3;0;1;0;3;2;-5,76501334;-35,28264063;SPRF-RN;DEL02-RN;UOP01-DEL02-RN
604098;30/05/2024;quinta-feira;19:00:00;PR;153;333;IRATI;Velocidade Incompatível;Colisão transversal;Com Vítimas Feridas;Plena Noite;Decrescente;Céu Claro;Simples;Reta;Sim;2;0;0;1;1;0;1;2;-25,47271703;-50,63775197;SPRF-PR;DEL08-PR;UOP02-DEL08-PR
604099;30/05/2024;quinta-feira;17:30:00;MT;174;422;NOVA LACERDA;Ultrapassagem Indevida;Saída de leito carroçável;Com Vítimas Feridas;Anoitecer;Decrescente;Céu Claro;Simples;Reta;Não;3;0;3;0;0;0;3;1;-14,21055201;-59,68968449;SPRF-MT;DEL04-MT;UOP02-DEL04-MT
604100;30/05/2024;quinta-feira;19:28:00;MG;262;361;BETIM;Ingestão de álcool pelo condutor;Colisão traseira;Com Vítimas Feridas;Plena Noite;Decrescente;Céu Claro;Dupla;Reta;Sim;6;0;1;0;5;0;1;2;-19,97906129;-44,21765208;SPRF-MG;DEL01-MG;UOP03-DEL01-MG
604101;30/05/2024;quinta-feira;17:30:00;PR;373;440;CHOPINZINHO;Condutor deixou de manter distância do veículo da frente;Saída de leito carroçável;Com Vítimas Feridas;Anoitecer;Crescente;Céu Claro;Simples;Reta;Não;5;0;1;0;3;1;1;2;-25,86397013;-52,33277986;SPRF-PR;DEL02-PR;UOP01-DEL02-PR
604102;30/05/2024;quinta-feira;17:50:00;RJ;101;57;CAMPOS DOS GOYTACAZES;Demais falhas mecânicas ou elétricas;Tombamento;Com Vítimas Feridas;Anoitecer;Crescente;Nublado;Simples;Reta;Não;2;0;2;0;0;0;2;1;-21,69602101;-41,31017467;SPRF-RJ;DEL08-RJ;UOP01-DEL08-RJ
604103;30/05/2024;quinta-feira;13:57:00;SC;101;123;ITAJAI;Reação tardia ou ineficiente do condutor;Colisão traseira;Com Vítimas Feridas;Pleno dia;Crescente;Céu Claro;Múltipla;Reta;Sim;3;0;1;1;0;1;2;2;-26,93668609;-48,69876905;SPRF-SC;DEL04-SC;UOP04-DEL04-SC
604105;30/05/2024;quinta-feira;20:30:00;PR;369;154;LONDRINA;Ausência de reação do condutor;Queda de ocupante de veículo;Com Vítimas Feridas;Plena Noite;Decrescente;Céu Claro;Dupla;Reta;Sim;4;0;0;1;3;0;1;2;-23,296943;-51,204713;SPRF-PR;DEL07-PR;UOP01-DEL07-PR
604107;30/05/2024;quinta-feira;21:20:00;PE;101;40;IGARASSU;Reação tardia ou ineficiente do condutor;Tombamento;Com Vítimas Feridas;Plena Noite;Crescente;Céu Claro;Dupla;Reta;Não;1;0;1;0;0;0;1;1;-7,821475;-34,916545;SPRF-PE;DEL01-PE;UOP02-DEL01-PE
604108;20/05/2024;segunda-feira;06:00:00;RN;304;147;ANGICOS;Acessar a via sem observar a presença dos outros veículos;Saída de leito carroçável;Com Vítimas Feridas;Amanhecer;Decrescente;Ignorado;Simples;"Reta;Aclive";Não;1;0;0;1;0;0;1;1;-5,67829226;-36,61001617;SPRF-RN;DEL04-RN;UOP01-DEL04-RN
604109;30/05/2024;quinta-feira;21:30:00;BA;101;255;SANTO ANTONIO DE JESUS;Demais falhas mecânicas ou elétricas;Incêndio;Sem Vítimas;Plena Noite;Decrescente;Nublado;Simples;"Reta;Declive";Não;1;0;0;0;1;0;0;1;-13,0225291;-39,29118136;SPRF-BA;DEL01-BA;UOP02-DEL01-BA
604111;30/05/2024;quinta-feira;21:30:00;CE;116;11;FORTALEZA;Condutor deixou de manter distância do veículo da frente;Colisão traseira;Com Vítimas Feridas;Plena Noite;Decrescente;Nublado;Múltipla;Reta;Sim;2;0;0;1;1;0;1;2;-3,84394724;-38,49891546;SPRF-CE;DEL01-CE;UOP02-DEL01-CE
604112;30/05/2024;quinta-feira;19:30:00;SC;101;3,7;ARARANGUA;Acessar a via sem observar a presença dos outros veículos;Colisão transversal;Com Vítimas Feridas;Plena Noite;Decrescente;Céu Claro;Simples;Rotatória;Sim;2;0;0;1;1;0;1;2;-28,94951808;-49,50666904;SPRF-SC;DEL02-SC;UOP02-DEL02-SC
604113;30/05/2024;quinta-feira;20:55:00;MG;381;896,6;CAMBUI;Objeto estático sobre o leito carroçável;Colisão com objeto;Com Vítimas Feridas;Plena Noite;Crescente;Céu Claro;Dupla;Reta;Não;1;0;1;0;0;0;1;1;-22,59626183;-46,05743408;SPRF-MG;DEL16-MG;UOP03-DEL16-MG
604114;30/05/2024;quinta-feira;18:52:00;RO;425;125;GUAJARA-MIRIM;Reação tardia ou ineficiente do condutor;Queda de ocupante de veículo;Com Vítimas Feridas;Plena Noite;Decrescente;Céu Claro;Dupla;Reta;Sim;1;0;0;1;0;0;1;1;-10,625478;-65,308693;SPRF-RO;DEL01-RO;UOP03-DEL01-RO
604115;30/05/2024;quinta-feira;20:00:00;ES;262;63,4;DOMINGOS MARTINS;Ingestão de substâncias psicoativas pelo condutor;Queda de ocupante de veículo;Sem Vítimas;Plena Noite;Crescente;Nublado;Simples;Reta;Não;1;0;0;0;1;0;0;1;-20,42077468;-40,80814348;SPRF-ES;DEL01-ES;UOP02-DEL01-ES
604116;30/05/2024;quinta-feira;21:00:00;GO;153;515,2;APARECIDA DE GOIANIA;Ausência de reação do condutor;Saída de leito carroçável;Sem Vítimas;Plena Noite;Crescente;Céu Claro;Múltipla;Interseção de Vias;Sim;1;0;0;0;1;0;0;1;-16,8413;-49,2454;SPRF-GO;DEL01-GO;UOP03-DEL01-GO
604117;30/05/2024;quinta-feira;20:51:00;SC;101;142;ITAPEMA;Manobra de mudança de faixa;Colisão lateral mesmo sentido;Com Vítimas Feridas;Plena Noite;Crescente;Nublado;Dupla;Reta;Sim;2;0;0;1;0;1;1;2;-27,056089;-48,599449;SPRF-SC;DEL04-SC;UOP03-DEL04-SC
604118;30/05/2024;quinta-feira;21:30:00;DF;70;11,7;BRASILIA;Velocidade Incompatível;Colisão traseira;Com Vítimas Feridas;Plena Noite;Decrescente;Céu Claro;Dupla;Reta;Não;2;0;1;1;0;0;2;2;-15,789762;-48,148727;SPRF-DF;DEL03-DF;UOP02-DEL03-DF
604119;30/05/2024;quinta-feira;20:40:00;PR;153;55,6;GUAPIRAMA;Acessar a via sem observar a presença dos outros veículos;Colisão transversal;Com Vítimas Feridas;Plena Noite;Decrescente;Céu Claro;Simples;Reta;Não;5;0;2;0;3;0;2;2;-23,40483775;-50,06480423;SPRF-PR;DEL07-PR;UOP04-DEL07-PR
604121;30/05/2024;quinta-feira;22:00:00;MS;262;360;CAMPO GRANDE;Ausência de reação do condutor;Colisão traseira;Com Vítimas Feridas;Plena Noite;Decrescente;Ignorado;Simples;Reta;Não;2;0;0;1;0;1;1;2;-20,52520479;-54,71027255;SPRF-MS;DEL01-MS;UOP03-DEL01-MS
604122;30/05/2024;quinta-feira;21:00:00;RJ;101;562;PARATY;Pedestre - Ingestão de álcool/ substâncias psicoativas;Atropelamento de Pedestre;Com Vítimas Feridas;Plena Noite;Crescente;Céu Claro;Simples;Curva;Não;3;0;1;0;0;2;1;2;-23,13311841;-44,70875502;SPRF-RJ;DEL03-RJ;UOP04-DEL03-RJ
604123;30/05/2024;quinta-feira;22:20:00;SP;116;58,8;GUARATINGUETA;Reação tardia ou ineficiente do condutor;Colisão traseira;Com Vítimas Feridas;Plena Noite;Crescente;Céu Claro;Múltipla;Reta;Sim;6;0;1;0;5;0;1;2;-22,78005511;-45,14572791;SPRF-SP;DEL08-SP;UOP01-DEL08-SP
604125;30/05/2024;quinta-feira;21:30:00;PR;277;664;MEDIANEIRA;Ausência de reação do condutor;Colisão com objeto;Sem Vítimas;Plena Noite;Decrescente;Céu Claro;Dupla;"Reta;Declive";Não;1;0;0;0;1;0;0;1;-25,25630159;-54,03779984;SPRF-PR;DEL05-PR;UOP02-DEL05-PR
604126;30/05/2024;quinta-feira;21:00:00;SC;101;194,4;BIGUACU;Ingestão de álcool pelo condutor;Colisão com objeto;Com Vítimas Feridas;Plena Noite;Decrescente;Céu Claro;Múltipla;Reta;Sim;1;0;0;1;0;0;1;1;-27,49815117;-48,65661236;SPRF-SC;DEL01-SC;UOP01-DEL01-SC
604127;30/05/2024;quinta-feira;22:30:00;SC;101;10;GARUVA;Ingestão de álcool pelo condutor;Saída de leito carroçável;Sem Vítimas;Plena Noite;Decrescente;Céu Claro;Múltipla;Reta;Não;1;0;0;0;1;0;0;1;-26,06834261;-48,86039615;SPRF-SC;DEL03-SC;UOP01-DEL03-SC
604128;30/05/2024;quinta-feira;22:00:00;GO;60;380,3;RIO VERDE;Reação tardia ou ineficiente do condutor;Colisão com objeto;Sem Vítimas;Plena Noite;Decrescente;Nublado;Múltipla;Reta;Sim;2;0;0;0;0;2;0;2;-17,7646;-50,8822;SPRF-GO;DEL04-GO;UOP02-DEL04-GO
604131;30/05/2024;quinta-feira;23:00:00;SC;101;335,5;TUBARAO;Animais na Pista;Atropelamento de Animal;Com Vítimas Feridas;Plena Noite;Decrescente;Céu Claro;Dupla;Curva;Não;1;0;1;0;0;0;1;1;-28,46927473;-49,01557908;SPRF-SC;DEL02-SC;UOP01-DEL02-SC
604132;30/05/2024;quinta-feira;21:30:00;PR;116;211,2;RIO NEGRO;Velocidade Incompatível;Colisão com objeto;Sem Vítimas;Plena Noite;Decrescente;Céu Claro;Simples;Reta;Sim;1;0;0;0;1;0;0;1;-26,1042903;-49,78062987;SPRF-SC;DEL06-SC;UOP01-DEL06-SC
604133;30/05/2024;quinta-feira;22:00:00;RO;364;13;VILHENA;Ingestão de álcool pelo condutor;Colisão traseira;Sem Vítimas;Plena Noite;Decrescente;Céu Claro;Simples;Reta;Sim;2;0;0;0;2;0;0;2;-12,74140004;-60,13026401;SPRF-RO;DEL04-RO;UOP01-DEL04-RO
604134;30/05/2024;quinta-feira;19:45:00;MG;116;493,5;INHAPIM;Reação tardia ou ineficiente do condutor;Saída de leito carroçável;Com Vítimas Fatais;Plena Noite;Decrescente;Nublado;Simples;Reta;Não;2;1;0;1;0;0;1;1;-19,50119606;-42,12776218;SPRF-MG;DEL06-MG;UOP02-DEL06-MG
604136;30/05/2024;quinta-feira;21:30:00;SC;101;4,6;ARARANGUA;Ingestão de álcool pelo condutor;Colisão traseira;Sem Vítimas;Plena Noite;Crescente;Nublado;Simples;Reta;Sim;2;0;0;0;2;0;0;2;-28,94927399;-49,50679779;SPRF-SC;DEL03-SC;UOP01-DEL03-SC
604137;30/05/2024;quinta-feira;23:20:00;PB;230;464;SOUSA;Ausência de reação do condutor;Colisão traseira;Com Vítimas Feridas;Plena Noite;Decrescente;Céu Claro;Simples;Reta;Sim;2;0;1;0;0;1;1;2;-6,7786;-38,2341;SPRF-PB;DEL03-PB;UOP03-DEL03-PB
604139;30/05/2024;quinta-feira;22:50:00;MA;135;4;SAO LUIS;Demais falhas mecânicas ou elétricas;Incêndio;Sem Vítimas;Plena Noite;Decrescente;Céu Claro;Dupla;Reta;Sim;1;0;0;0;1;0;0;1;-2,61424881;-44,25257023;SPRF-MA;DEL01-MA;UOP01-DEL01-MA
604140;30/05/2024;quinta-feira;22:50:00;RR;0;0;BOA VISTA;Acessar a via sem observar a presença dos outros veículos;Colisão transversal;Sem Vítimas;Pleno dia;Não Informado;Chuva;Dupla;Reta;Sim;2;0;0;0;1;1;0;2;2,833652;-60,687895;SPRF-RR;DEL01-RR;UOP01-DEL01-RR
604141;31/05/2024;sexta-feira;00:25:00;TO;153;334;GUARAI;Acessar a via sem observar a presença dos outros veículos;Colisão transversal;Com Vítimas Feridas;Plena Noite;Crescente;Céu Claro;Dupla;Reta;Sim;3;0;1;0;0;2;1;3;-8,835718;-48,512123;SPRF-TO;DEL02-TO;UOP02-DEL02-TO
604142;31/05/2024;sexta-feira;00:23:00;RJ;40;7;COMENDADOR LEVY GASPARIAN;Ausência de reação do condutor;Saída de leito carroçável;Com Vítimas Feridas;Plena Noite;Crescente;Céu Claro;Simples;Viaduto;Sim;1;0;1;0;0;0;1;1;-22,03469004;-43,22351933;SPRF-RJ;DEL05-RJ;UOP02-DEL05-RJ
604143;31/05/2024;sexta-feira;00:15:00;CE;116;488,9;MILAGRES;Ingestão de álcool pelo condutor;Tombamento;Com Vítimas Fatais;Plena Noite;Decrescente;Céu Claro;Simples;Reta;Não;2;1;0;0;0;1;0;1;-7,36549;-38,94958;SPRF-CE;DEL05-CE;UOP03-DEL05-CE
604144;31/05/2024;sexta-feira;01:00:00;PE;232;9,2;JABOATAO DOS GUARARAPES;Velocidade Incompatível;Colisão com objeto;Com Vítimas Feridas;Plena Noite;Crescente;Céu Claro;Dupla;"Reta;Declive;Em Obras";Não;2;0;1;1;0;0;2;1;-8,07764447;-34,97863609;SPRF-PE;DEL01-PE;UOP01-DEL01-PE
604147;31/05/2024;sexta-feira;01:30:00;PE;428;185,7;PETROLINA;Acessar a via sem observar a presença dos outros veículos;Colisão lateral mesmo sentido;Com Vítimas Feridas;Plena Noite;Decrescente;Céu Claro;Dupla;Reta;Sim;2;0;1;0;1;0;1;2;-9,35764048;-40,47910184;SPRF-PE;DEL06-PE;UOP01-DEL06-PE
604148;31/05/2024;sexta-feira;01:15:00;RJ;101;432;MANGARATIBA;Transitar na contramão;Colisão frontal;Com Vítimas Fatais;Plena Noite;Crescente;Céu Claro;Simples;"Curva;Declive";Sim;6;1;4;1;0;0;5;2;-22,93349598;-44,03115392;SPRF-RJ;DEL03-RJ;UOP02-DEL03-RJ
604150;31/05/2024;sexta-feira;01:00:00;RS;287;249;SANTA MARIA;Ingestão de álcool pelo condutor;Colisão com objeto;Sem Vítimas;Plena Noite;Crescente;Nevoeiro/Neblina;Dupla;"Viaduto;Curva";Sim;1;0;0;0;1;0;0;1;-29,69459277;-53,85908073;SPRF-RS;DEL09-RS;UOP01-DEL09-RS
604151;31/05/2024;sexta-feira;03:38:00;ES;101;264,7;SERRA;Demais falhas mecânicas ou elétricas;Incêndio;Sem Vítimas;Plena Noite;Decrescente;Céu Claro;Simples;Reta;Sim;2;0;0;0;2;0;0;1;-20,17292791;-40,26736384;SPRF-ES;DEL02-ES;UOP01-DEL02-ES
604156;31/05/2024;sexta-feira;04:10:00;PR;277;726;FOZ DO IGUACU;Reação tardia ou ineficiente do condutor;Colisão com objeto;Com Vítimas Feridas;Plena Noite;Decrescente;Nublado;Dupla;Curva;Sim;1;0;1;0;0;0;1;1;-25,5106015;-54,55481999;SPRF-PR;DEL05-PR;UOP03-DEL05-PR
604158;31/05/2024;sexta-feira;05:20:00;PR;369;150;LONDRINA;Conversão proibida;Colisão transversal;Com Vítimas Feridas;Plena Noite;Decrescente;Céu Claro;Dupla;"Interseção de Vias;Reta";Não;3;0;1;1;1;0;2;2;-23,29287189;-51,161533;SPRF-PR;DEL07-PR;UOP01-DEL07-PR
604159;31/05/2024;sexta-feira;05:45:00;SE;235;26;AREIA BRANCA;Reação tardia ou ineficiente do condutor;Colisão traseira;Sem Vítimas;Pleno dia;Decrescente;Nublado;Simples;Reta;Não;2;0;0;0;2;0;0;2;-10,80203921;-37,26859689;SPRF-SE;DEL01-SE;UOP02-DEL01-SE
604161;30/05/2024;quinta-feira;23:50:00;RJ;116;314;RESENDE;Reação tardia ou ineficiente do condutor;Colisão com objeto;Com Vítimas Feridas;Plena Noite;Decrescente;Céu Claro;Dupla;Reta;Não;1;0;1;0;0;0;1;1;-22,46045833;-44,47218299;SPRF-RJ;DEL07-RJ;UOP02-DEL07-RJ
604162;30/05/2024;quinta-feira;22:00:00;MT;158;718;BARRA DO GARCAS;Animais na Pista;Atropelamento de Animal;Sem Vítimas;Plena Noite;Crescente;Céu Claro;Simples;Reta;Não;1;0;0;0;0;1;0;1;-15,20838002;-52,18051464;SPRF-MT;DEL07-MT;UOP01-DEL07-MT
604164;31/05/2024;sexta-feira;06:05:00;BA;101;889;TEIXEIRA DE FREITAS;Ausência de reação do condutor;Capotamento;Com Vítimas Feridas;Pleno dia;Crescente;Nublado;Simples;"Declive;Reta";Não;1;0;1;0;0;0;1;1;-17,6449297;-39,76985753;SPRF-BA;DEL09-BA;UOP02-DEL09-BA
604166;31/05/2024;sexta-feira;06:10:00;SE;235;44,8;ITABAIANA;Condutor deixou de manter distância do veículo da frente;Colisão traseira;Sem Vítimas;Pleno dia;Crescente;Céu Claro;Simples;"Reta;Declive";Sim;6;0;0;0;5;1;0;3;-10,75489;-37,394836;SPRF-SE;DEL01-SE;UOP02-DEL01-SE
604167;31/05/2024;sexta-feira;06:24:00;SC;101;207,4;SAO JOSE;Ausência de reação do condutor;Colisão traseira;Com Vítimas Feridas;Pleno dia;Crescente;Céu Claro;Dupla;"Aclive;Reta";Sim;3;0;2;0;1;0;2;3;-27,60001226;-48,6226467;SPRF-SC;DEL01-SC;UOP01-DEL01-SC
604168;31/05/2024;sexta-feira;06:50:00;RS;116;397;CAMAQUA;Ausência de reação do condutor;Saída de leito carroçável;Com Vítimas Feridas;Amanhecer;Decrescente;Nevoeiro/Neblina;Simples;"Reta;Desvio Temporário;Em Obras";Sim;1;0;1;0;0;0;1;1;-30,85668978;-51,7840381;SPRF-RS;DEL02-RS;UOP02-DEL02-RS
604169;30/05/2024;quinta-feira;15:10:00;CE;116;65;CHOROZINHO;Reação tardia ou ineficiente do condutor;Colisão traseira;Sem Vítimas;Pleno dia;Crescente;Nublado;Simples;Curva;Sim;2;0;0;0;2;0;0;2;-4,28986706;-38,49688277;SPRF-CE;DEL03-CE;UOP02-DEL03-CE
604170;31/05/2024;sexta-feira;01:30:00;SC;282;378,9;HERVAL DOESTE;Neblina;Capotamento;Com Vítimas Feridas;Plena Noite;Crescente;Nevoeiro/Neblina;Simples;"Rotatória;Interseção de Vias";Não;4;0;2;0;2;0;2;1;-27,21430632;-51,48537755;SPRF-SC;DEL07-SC;UOP05-DEL07-SC
604171;31/05/2024;sexta-feira;06:40:00;RJ;116;182,5;NOVA IGUACU;Ingestão de álcool pelo condutor;Capotamento;Com Vítimas Feridas;Pleno dia;Decrescente;Céu Claro;Múltipla;Reta;Não;2;0;1;0;0;1;1;2;-22,7567755;-43,43107234;SPRF-RJ;DEL06-RJ;UOP01-DEL06-RJ
604172;31/05/2024;sexta-feira;06:30:00;MG;50;22;ARAGUARI;Condutor Dormindo;Saída de leito carroçável;Com Vítimas Feridas;Pleno dia;Crescente;Céu Claro;Dupla;Interseção de Vias;Não;2;0;1;0;1;0;1;1;-18,60474;-48,051437;SPRF-MG;DEL15-MG;UOP02-DEL15-MG
604173;31/05/2024;sexta-feira;06:50:00;RS;116;267;CANOAS;Demais falhas na via;Colisão com objeto;Com Vítimas Feridas;Amanhecer;Decrescente;Nevoeiro/Neblina;Dupla;Reta;Sim;1;0;0;1;0;0;1;1;-29,94142398;-51,17697062;SPRF-RS;DEL01-RS;UOP01-DEL01-RS
604175;31/05/2024;sexta-feira;07:50:00;MG;459;45;SANTA RITA DE CALDAS;Curva acentuada;Tombamento;Com Vítimas Feridas;Pleno dia;Decrescente;Céu Claro;Simples;Curva;Não;2;0;0;1;0;1;1;2;-22,017216;-46,311958;SPRF-MG;DEL09-MG;UOP01-DEL09-MG