id;data_inversa;dia_semana;horario;uf;br;km;municipio;causa_acidente;tipo_acidente;classificacao_acidente;fase_dia;sentido_via;condicao_metereologica;tipo_pista;tracado_via;uso_solo;pessoas;mortos;feridos_leves;feridos_graves;ilesos;ignorados;feridos;veiculos;latitude;longitude;regional;delegacia;uop
604177;31/05/2024;sexta-feira;07:00:00;SC;470;57;BLUMENAU;Manobra de mudança de faixa;Colisão traseira;Com Vítimas Feridas;Pleno dia;Crescente;Nublado;Múltipla;"Em Obras;Desvio Temporário;Curva;Declive;Interseção de Vias";Sim;3;0;2;0;1;0;2;2;-26,88019957;-49,1364983;SPRF-SC;DEL04-SC;UOP01-DEL04-SC
604179;31/05/2024;sexta-feira;07:50:00;RJ;101;66;CAMPOS DOS GOYTACAZES;Velocidade Incompatível;Colisão transversal;Com Vítimas Fatais;Pleno dia;Crescente;Céu Claro;Dupla;Reta;Não;2;1;0;0;1;0;0;2;-21,76090387;-41,34788959;SPRF-RJ;DEL08-RJ;UOP02-DEL08-RJ
604181;31/05/2024;sexta-feira;07:25:00;PB;101;77,5;SANTA RITA;Avarias e/ou desgaste excessivo no pneu;Tombamento;Com Vítimas Feridas;Pleno dia;Crescente;Céu Claro;Dupla;"Reta;Ponte";Não;2;0;1;1;0;0;2;1;-7,09947194;-34,96574283;SPRF-PB;DEL01-PB;UOP04-DEL01-PB
604182;31/05/2024;sexta-feira;07:20:00;MS;376;3,6;DOURADOS;Reação tardia ou ineficiente do condutor;Saída de leito carroçável;Com Vítimas Feridas;Pleno dia;Crescente;Céu Claro;Simples;Reta;Não;1;0;0;1;0;0;1;1;-22,21619519;-54,67395921;SPRF-MS;DEL04-MS;UOP01-DEL04-MS
604183;31/05/2024;sexta-feira;07:45:00;PB;230;20;JOAO PESSOA;Condutor deixou de manter distância do veículo da frente;Colisão traseira;Com Vítimas Feridas;Pleno dia;Decrescente;Céu Claro;Dupla;Reta;Sim;3;0;0;1;2;0;1;3;-7,1337;-34,8544;SPRF-PB;DEL01-PB;UOP01-DEL01-PB
604184;31/05/2024;sexta-feira;08:00:00;MA;135;11;SAO LUIS;Demais falhas mecânicas ou elétricas;Queda de ocupante de veículo;Com Vítimas Feridas;Pleno dia;Crescente;Céu Claro;Dupla;Reta;Sim;2;0;2;0;0;0;2;1;-2,66470782;-44,28673431;SPRF-MA;DEL01-MA;UOP01-DEL01-MA
604185;31/05/2024;sexta-feira;08:36:00;PB;230;21,8;JOAO PESSOA;Trafegar com motocicleta (ou similar) entre as faixas;Queda de ocupante de veículo;Com Vítimas Feridas;Pleno dia;Decrescente;Céu Claro;Dupla;Reta;Sim;2;0;2;0;0;0;2;1;-7,1495;-34,8517;SPRF-PB;DEL01-PB;UOP01-DEL01-PB
604186;31/05/2024;sexta-feira;08:30:00;SC;101;201,5;SAO JOSE;Manobra de mudança de faixa;Colisão traseira;Com Vítimas Feridas;Pleno dia;Crescente;Céu Claro;Múltipla;"Reta;Viaduto";Sim;2;0;1;0;1;0;1;2;-27,54836599;-48,61977975;SPRF-SC;DEL01-SC;UOP01-DEL01-SC
604187;31/05/2024;sexta-feira;07:59:00;ES;101;127;LINHARES;Conversão proibida;Colisão transversal;Com Vítimas Feridas;Pleno dia;Decrescente;Céu Claro;Simples;Reta;Sim;2;0;0;1;1;0;1;2;-19,202898;-40,095524;SPRF-ES;DEL04-ES;UOP01-DEL04-ES
604188;31/05/2024;sexta-feira;08:20:00;PR;376;600;CURITIBA;Reação tardia ou ineficiente do condutor;Saída de leito carroçável;Sem Vítimas;Pleno dia;Crescente;Céu Claro;Dupla;Reta;Sim;1;0;0;0;1;0;0;1;-25,53122152;-49,32430029;SPRF-PR;DEL01-PR;UOP06-DEL01-PR
604189;31/05/2024;sexta-feira;06:50:00;SC;101;123;ITAJAI;Desrespeitar a preferência no cruzamento;Colisão transversal;Com Vítimas Feridas;Pleno dia;Crescente;Céu Claro;Múltipla;"Viaduto;Interseção de Vias";Sim;2;0;1;0;1;0;1;2;-26,93668609;-48,69876905;SPRF-SC;DEL04-SC;UOP04-DEL04-SC
604193;31/05/2024;sexta-feira;05:30:00;RS;116;468;SAO LOURENCO DO SUL;Neblina;Atropelamento de Pedestre;Com Vítimas Fatais;Plena Noite;Decrescente;Nevoeiro/Neblina;Dupla;Reta;Não;2;1;0;0;0;1;0;2;-31,33942229;-52,05354777;SPRF-RS;DEL07-RS;UOP01-DEL07-RS
604195;31/05/2024;sexta-feira;08:20:00;MG;40;425,7;PARAOPEBA;Demais falhas mecânicas ou elétricas;Saída de leito carroçável;Com Vítimas Feridas;Pleno dia;Crescente;Céu Claro;Dupla;Curva;Não;1;0;1;0;0;0;1;1;-19,16224489;-44,52254591;SPRF-MG;DEL02-MG;UOP01-DEL02-MG
604196;31/05/2024;sexta-feira;08:15:00;MG;116;777,9;LEOPOLDINA;Reação tardia ou ineficiente do condutor;Saída de leito carroçável;Com Vítimas Feridas;Pleno dia;Crescente;Céu Claro;Simples;Curva;Não;7;0;6;0;1;0;6;2;-21,59632074;-42,69196405;SPRF-MG;DEL07-MG;UOP01-DEL07-MG
604200;31/05/2024;sexta-feira;09:12:00;PR;277;244,5;IRATI;Velocidade Incompatível;Saída de leito carroçável;Sem Vítimas;Pleno dia;Decrescente;Céu Claro;Simples;Reta;Não;1;0;0;0;1;0;0;1;-25,46419687;-50,56581801;SPRF-PR;DEL08-PR;UOP02-DEL08-PR
604201;24/05/2024;sexta-feira;06:30:00;RJ;116;171;SAO JOAO DE MERITI;Transitar na contramão;Colisão lateral sentido oposto;Com Vítimas Feridas;Pleno dia;Crescente;Céu Claro;Dupla;Curva;Sim;2;0;1;1;0;0;2;2;-22,8060415;-43,34289573;SPRF-RJ;DEL06-RJ;UOP01-DEL06-RJ
604202;31/05/2024;sexta-feira;09:30:00;RJ;101;143;MACAE;Condutor Dormindo;Saída de leito carroçável;Com Vítimas Feridas;Pleno dia;Crescente;Céu Claro;Dupla;Curva;Não;1;0;1;0;0;0;1;1;-22,20562678;-41,75124739;SPRF-RJ;DEL08-RJ;UOP04-DEL08-RJ
604203;31/05/2024;sexta-feira;10:00:00;RS;287;272;SANTA MARIA;Demais falhas mecânicas ou elétricas;Incêndio;Sem Vítimas;Pleno dia;Crescente;Nublado;Simples;Reta;Não;1;0;0;0;1;0;0;1;-29,66625903;-54,0886116;SPRF-RS;DEL09-RS;UOP01-DEL09-RS
604206;31/05/2024;sexta-feira;03:20:00;PI;343;266,7;CAMPO MAIOR;Transitar na contramão;Eventos atípicos;Com Vítimas Feridas;Plena Noite;Decrescente;Céu Claro;Simples;Reta;Sim;3;0;1;1;0;1;2;2;-4,840245;-42,174171;SPRF-PI;DEL01-PI;UOP03-DEL01-PI
604208;30/04/2024;terça-feira;07:15:00;PR;376;488,5;PONTA GROSSA;Manobra de mudança de faixa;Colisão lateral mesmo sentido;Com Vítimas Feridas;Pleno dia;Crescente;Céu Claro;Dupla;"Declive;Reta";Sim;2;0;1;0;1;0;1;2;-25,13510082;-50,16497282;SPRF-PR;DEL03-PR;UOP04-DEL03-PR
604209;31/05/2024;sexta-feira;08:00:00;GO;60;333,7;SANTO ANTONIO DA BARRA;Ausência de reação do condutor;Saída de leito carroçável;Com Vítimas Feridas;Pleno dia;Crescente;Céu Claro;Dupla;Reta;Não;1;0;0;1;0;0;1;1;-17,5502;-50,5451;SPRF-GO;DEL04-GO;UOP02-DEL04-GO
604210;31/05/2024;sexta-feira;10:40:00;PR;369;143;LONDRINA;Acessar a via sem observar a presença dos outros veículos;Colisão lateral mesmo sentido;Com Vítimas Feridas;Pleno dia;Decrescente;Céu Claro;Dupla;"Aclive;Retorno Regulamentado;Reta";Não;2;0;1;0;1;0;1;2;-23,29310839;-51,10051811;SPRF-PR;DEL07-PR;UOP01-DEL07-PR
604212;31/05/2024;sexta-feira;08:25:00;MT;163;658;LUCAS DO RIO VERDE;Reação tardia ou ineficiente do condutor;Saída de leito carroçável;Com Vítimas Feridas;Pleno dia;Decrescente;Céu Claro;Simples;Reta;Não;4;0;4;0;0;0;4;1;-13,318817;-56,046072;SPRF-MT;DEL06-MT;UOP01-DEL06-MT
604214;31/05/2024;sexta-feira;11:11:00;GO;153;81;PORANGATU;Ausência de reação do condutor;Capotamento;Com Vítimas Feridas;Pleno dia;Crescente;Céu Claro;Simples;Reta;Não;5;0;2;0;3;0;2;1;-13,535577;-49,108585;SPRF-GO;DEL07-GO;UOP01-DEL07-GO
604218;29/05/2024;quarta-feira;19:00:00;MT;163;1023;TERRA NOVA DO NORTE;Animais na Pista;Atropelamento de Animal;Com Vítimas Feridas;Plena Noite;Crescente;Céu Claro;Simples;"Reta;Declive";Não;1;0;0;1;0;0;1;1;-10,42214799;-55,05698507;SPRF-MT;DEL06-MT;UOP03-DEL06-MT
604220;31/05/2024;sexta-feira;11:30:00;PE;101;69,1;RECIFE;Avarias e/ou desgaste excessivo no pneu;Tombamento;Com Vítimas Feridas;Pleno dia;Decrescente;Céu Claro;Dupla;Curva;Sim;2;0;1;1;0;0;2;1;-8,060734;-34,94547;SPRF-PE;DEL01-PE;UOP01-DEL01-PE
604221;31/05/2024;sexta-feira;11:30:00;SC;101;208,5;SAO JOSE;Reação tardia ou ineficiente do condutor;Colisão traseira;Com Vítimas Feridas;Pleno dia;Crescente;Céu Claro;Múltipla;Reta;Sim;3;0;1;0;2;0;1;2;-27,60327979;-48,63201818;SPRF-SC;DEL01-SC;UOP01-DEL01-SC
604224;31/05/2024;sexta-feira;11:35:00;SC;101;116,8;ITAJAI;Reação tardia ou ineficiente do condutor;Colisão traseira;Com Vítimas Feridas;Pleno dia;Crescente;Céu Claro;Múltipla;Reta;Sim;5;0;2;0;3;0;2;3;-26,87905605;-48,72603512;SPRF-SC;DEL04-SC;UOP04-DEL04-SC
604225;31/05/2024;sexta-feira;11:45:00;RS;392;299;SAO SEPE;Condutor Dormindo;Saída de leito carroçável;Com Vítimas Feridas;Pleno dia;Decrescente;Céu Claro;Simples;Reta;Não;1;0;1;0;0;0;1;1;-30,1441159;-53,59918356;SPRF-RS;DEL09-RS;UOP01-DEL09-RS
604227;31/05/2024;sexta-feira;12:05:00;MG;381;425,7;SABARA;Demais falhas mecânicas ou elétricas;Tombamento;Com Vítimas Feridas;Pleno dia;Decrescente;Céu Claro;Dupla;"Curva;Declive";Sim;1;0;1;0;0;0;1;1;-19,78750571;-43,73981096;SPRF-MG;DEL01-MG;UOP01-DEL01-MG
604230;31/05/2024;sexta-feira;12:45:00;SP;116;120;CACAPAVA;Demais falhas mecânicas ou elétricas;Tombamento;Com Vítimas Feridas;Pleno dia;Decrescente;Sol;Dupla;Reta;Não;2;0;2;0;0;0;2;1;-23,0715638;-45,64459209;SPRF-SP;DEL02-SP;UOP02-DEL02-SP
604231;31/05/2024;sexta-feira;12:39:00;RJ;101;484;ANGRA DOS REIS;Reação tardia ou ineficiente do condutor;Colisão traseira;Com Vítimas Feridas;Pleno dia;Decrescente;Céu Claro;Simples;"Reta;Aclive";Sim;2;0;0;1;1;0;1;2;-22,99096308;-44,30429882;SPRF-RJ;DEL03-RJ;UOP03-DEL03-RJ
604232;31/05/2024;sexta-feira;12:50:00;AL;101;76,9;RIO LARGO;Condutor Dormindo;Colisão com objeto;Com Vítimas Feridas;Pleno dia;Crescente;Nublado;Dupla;Reta;Não;2;0;1;0;1;0;1;1;-9,42259206;-35,8391726;SPRF-AL;DEL01-AL;UOP01-DEL01-AL
604233;31/05/2024;sexta-feira;08:30:00;MS;267;516,5;JARDIM;Desrespeitar a preferência no cruzamento;Colisão transversal;Sem Vítimas;Pleno dia;Crescente;Céu Claro;Simples;"Rotatória;Retorno Regulamentado;Reta;Interseção de Vias";Não;3;0;0;0;3;0;0;2;-21,4975219;-56,45312905;SPRF-MS;DEL05-MS;UOP01-DEL05-MS
604234;31/05/2024;sexta-feira;07:50:00;RR;401;0;BONFIM;Restrição de visibilidade em curvas verticais;Saída de leito carroçável;Com Vítimas Feridas;Pleno dia;Crescente;Céu Claro;Simples;"Rotatória;Reta";Não;4;0;4;0;0;0;4;1;3,31053754;-59,94705146;SPRF-RR;DEL01-RR;UOP01-DEL01-RR
604236;31/05/2024;sexta-feira;08:30:00;PI;135;350,9;BOM JESUS;Acessar a via sem observar a presença dos outros veículos;Colisão traseira;Sem Vítimas;Pleno dia;Decrescente;Céu Claro;Dupla;Aclive;Sim;2;0;0;0;2;0;0;2;-9,07547792;-44,35616769;SPRF-PI;DEL03-PI;UOP02-DEL03-PI
604237;31/05/2024;sexta-feira;12:54:00;RJ;101;307,5;SAO GONCALO;Condutor Dormindo;Colisão com objeto;Com Vítimas Feridas;Pleno dia;Decrescente;Nublado;Dupla;Reta;Não;1;0;1;0;0;0;1;1;-22,79115777;-43,01514205;SPRF-RJ;DEL02-RJ;UOP02-DEL02-RJ
604239;31/05/2024;sexta-feira;12:45:00;PR;369;137;IBIPORA;Acessar a via sem observar a presença dos outros veículos;Colisão transversal;Com Vítimas Feridas;Pleno dia;Decrescente;Céu Claro;Simples;Interseção de Vias;Sim;2;0;1;0;1;0;1;2;-23,270952;-51,048001;SPRF-PR;DEL07-PR;UOP01-DEL07-PR
604241;31/05/2024;sexta-feira;13:30:00;SC;101;206,7;SAO JOSE;Reação tardia ou ineficiente do condutor;Engavetamento;Com Vítimas Feridas;Pleno dia;Crescente;Céu Claro;Múltipla;Reta;Sim;6;0;1;0;5;0;1;6;-27,59193546;-48,61824557;SPRF-SC;DEL01-SC;UOP01-DEL01-SC
604242;31/05/2024;sexta-feira;13:20:00;PR;116;7;QUATRO BARRAS;Manobra de mudança de faixa;Colisão lateral mesmo sentido;Sem Vítimas;Pleno dia;Decrescente;Céu Claro;Dupla;Reta;Sim;2;0;0;0;2;0;0;2;-25,3683;-49,1074;SPRF-PR;DEL01-PR;UOP02-DEL01-PR
604244;31/05/2024;sexta-feira;11:00:00;SC;101;126;ITAJAI;Reação tardia ou ineficiente do condutor;Engavetamento;Com Vítimas Feridas;Pleno dia;Crescente;Céu Claro;Dupla;Reta;Não;6;0;1;0;5;0;1;6;-26,95564404;-48,67978366;SPRF-SC;DEL04-SC;UOP04-DEL04-SC
604245;31/05/2024;sexta-feira;14:00:00;SP;116;219;GUARULHOS;Ausência de sinalização;Colisão traseira;Com Vítimas Feridas;Pleno dia;Decrescente;Sol;Múltipla;Reta;Não;2;0;1;0;1;0;1;2;-23,46143954;-46,48885316;SPRF-SP;DEL01-SP;UOP01-DEL01-SP
604246;31/05/2024;sexta-feira;14:15:00;PR;277;730,5;FOZ DO IGUACU;Trafegar com motocicleta (ou similar) entre as faixas;Tombamento;Com Vítimas Feridas;Pleno dia;Crescente;Céu Claro;Simples;"Reta;Ponte;Aclive";Sim;1;0;0;1;0;0;1;1;-25,50960151;-54,59999084;SPRF-PR;DEL05-PR;UOP03-DEL05-PR
604247;31/05/2024;sexta-feira;13:50:00;GO;414;417,7;ABADIANIA;Transitar na contramão;Colisão frontal;Com Vítimas Fatais;Pleno dia;Crescente;Céu Claro;Simples;Reta;Não;3;1;2;0;0;0;2;2;-16,105781;-48,872258;SPRF-GO;DEL02-GO;UOP01-DEL02-GO
604248;31/05/2024;sexta-feira;13:35:00;RO;364;197,7;PIMENTA BUENO;Acessar a via sem observar a presença dos outros veículos;Colisão transversal;Com Vítimas Feridas;Pleno dia;Decrescente;Céu Claro;Simples;Reta;Sim;2;0;1;1;0;0;2;2;-11,67880278;-61,1878925;SPRF-RO;DEL02-RO;UOP02-DEL02-RO
604251;31/05/2024;sexta-feira;14:00:00;PI;135;352;BOM JESUS;Manobra de mudança de faixa;Colisão lateral mesmo sentido;Com Vítimas Feridas;Pleno dia;Crescente;Céu Claro;Dupla;"Retorno Regulamentado;Curva;Aclive";Sim;5;0;1;0;4;0;1;2;-9,07531116;-44,35476699;SPRF-PI;DEL03-PI;UOP02-DEL03-PI
604252;31/05/2024;sexta-feira;14:50:00;MG;262;359,6;BETIM;Avarias e/ou desgaste excessivo no pneu;Tombamento;Com Vítimas Feridas;Pleno dia;Decrescente;Céu Claro;Dupla;Reta;Não;1;0;1;0;0;0;1;1;-19,97651764;-44,25808265;SPRF-MG;DEL01-MG;UOP03-DEL01-MG
604254;31/05/2024;sexta-feira;13:25:00;MG;381;923,5;CAMANDUCAIA;Velocidade Incompatível;Colisão com objeto;Com Vítimas Feridas;Pleno dia;Decrescente;Sol;Dupla;Curva;Não;1;0;1;0;0;0;1;1;-22,7671484;-46,22667493;SPRF-MG;DEL16-MG;UOP03-DEL16-MG
604258;31/05/2024;sexta-feira;13:40:00;RS;116;146;CAXIAS DO SUL;Reação tardia ou ineficiente do condutor;Engavetamento;Sem Vítimas;Pleno dia;Crescente;Céu Claro;Dupla;Reta;Não;3;0;0;0;3;0;0;3;-29,14228897;-51,13622202;SPRF-RS;DEL05-RS;UOP01-DEL05-RS
604259;31/05/2024;sexta-feira;15:45:00;SC;101;145;ITAPEMA;Trafegar com motocicleta (ou similar) entre as faixas;Colisão lateral mesmo sentido;Com Vítimas Feridas;Pleno dia;Decrescente;Céu Claro;Dupla;"Reta;Declive";Sim;2;0;1;0;1;0;1;2;-27,08139206;-48,60130993;SPRF-SC;DEL04-SC;UOP03-DEL04-SC
604261;31/05/2024;sexta-feira;11:30:00;RJ;116;277;BARRA MANSA;Demais falhas mecânicas ou elétricas;Incêndio;Sem Vítimas;Pleno dia;Crescente;Céu Claro;Dupla;Curva;Sim;1;0;0;0;1;0;0;1;-22,55905501;-44,17284006;SPRF-RJ;DEL07-RJ;UOP02-DEL07-RJ
604262;31/05/2024;sexta-feira;15:00:00;MG;381;481;BETIM;Ultrapassagem Indevida;Colisão lateral mesmo sentido;Com Vítimas Feridas;Pleno dia;Crescente;Sol;Múltipla;Reta;Sim;2;0;0;1;1;0;1;2;-19,95878752;-44,06393051;SPRF-MG;DEL01-MG;UOP03-DEL01-MG
604263;30/04/2024;terça-feira;06:49:00;ES;101;147,1;LINHARES;Desrespeitar a preferência no cruzamento;Colisão transversal;Com Vítimas Feridas;Pleno dia;Decrescente;Céu Claro;Simples;"Interseção de Vias;Reta";Sim;2;0;1;0;1;0;1;2;-19,37887202;-40,06657892;SPRF-ES;DEL04-ES;UOP01-DEL04-ES
604264;31/05/2024;sexta-feira;15:30:00;RS;386;429,1;NOVA SANTA RITA;Reação tardia ou ineficiente do condutor;Colisão traseira;Com Vítimas Feridas;Pleno dia;Decrescente;Sol;Simples;Reta;Não;2;0;0;1;1;0;1;2;-29,824709;-51,34256;SPRF-RS;DEL04-RS;UOP02-DEL04-RS
604266;31/05/2024;sexta-feira;15:30:00;BA;135;136;RIACHAO DAS NEVES;Conversão proibida;Colisão lateral mesmo sentido;Com Vítimas Feridas;Pleno dia;Decrescente;Sol;Simples;Reta;Não;4;0;1;3;0;0;4;2;-11,83905986;-44,85448068;SPRF-BA;DEL08-BA;N/A
604267;31/05/2024;sexta-feira;15:15:00;SP;116;223;GUARULHOS;Trafegar com motocicleta (ou similar) entre as faixas;Colisão traseira;Com Vítimas Feridas;Pleno dia;Crescente;Céu Claro;Múltipla;Reta;Sim;2;0;1;0;1;0;1;2;-23,47559815;-46,5246609;SPRF-SP;DEL01-SP;UOP01-DEL01-SP
604268;31/05/2024;sexta-feira;15:36:00;SP;116;56,7;GUARATINGUETA;Objeto estático sobre o leito carroçável;Tombamento;Com Vítimas Feridas;Pleno dia;Decrescente;Sol;Dupla;"Aclive;Reta";Não;2;0;2;0;0;0;2;1;-22,76904403;-45,13040598;SPRF-SP;DEL08-SP;UOP01-DEL08-SP
604269;31/05/2024;sexta-feira;15:25:00;RJ;101;419;MANGARATIBA;Reação tardia ou ineficiente do condutor;Colisão traseira;Com Vítimas Feridas;Pleno dia;Crescente;Céu Claro;Simples;"Declive;Reta";Não;2;0;1;0;1;0;1;2;-22,91808988;-43,91359106;SPRF-RJ;DEL03-RJ;UOP02-DEL03-RJ
604270;31/05/2024;sexta-feira;16:15:00;SC;101;272,9;IMBITUBA;Ausência de reação do condutor;Tombamento;Com Vítimas Feridas;Pleno dia;Decrescente;Céu Claro;Simples;Viaduto;Sim;1;0;0;1;0;0;1;1;-28,12909;-48,692444;SPRF-SC;DEL02-SC;UOP03-DEL02-SC
604271;11/05/2024;sábado;19:40:00;MG;40;476,8;SETE LAGOAS;Ausência de reação do condutor;Saída de leito carroçável;Com Vítimas Feridas;Plena Noite;Crescente;Céu Claro;Dupla;"Reta;Aclive";Não;2;0;1;0;1;0;1;1;-19,51363098;-44,27021397;SPRF-MG;DEL02-MG;UOP01-DEL02-MG
604273;31/05/2024;sexta-feira;16:15:00;RS;285;443;BOZANO;Ausência de reação do condutor;Saída de leito carroçável;Com Vítimas Feridas;Pleno dia;Decrescente;Céu Claro;Simples;"Reta;Aclive";Não;1;0;1;0;0;0;1;1;-28,36245;-53,761715;SPRF-RS;DEL10-RS;UOP01-DEL10-RS
604275;31/05/2024;sexta-feira;14:50:00;PA;316;40;SANTA IZABEL DO PARA;Avarias e/ou desgaste excessivo no pneu;Saída de leito carroçável;Com Vítimas Feridas;Pleno dia;Decrescente;Céu Claro;Dupla;Reta;Não;1;0;0;1;0;0;1;1;-1,2795637;-48,12243407;SPRF-PA;DEL01-PA;UOP01-DEL01-PA
604276;31/05/2024;sexta-feira;16:40:00;PR;277;1,5;PARANAGUA;Reação tardia ou ineficiente do condutor;Colisão traseira;Com Vítimas Feridas;Anoitecer;Crescente;Céu Claro;Dupla;Reta;Sim;2;0;1;0;1;0;1;2;-25,55011091;-48,55036073;SPRF-PR;DEL01-PR;UOP05-DEL01-PR
604278;31/05/2024;sexta-feira;16:30:00;RS;386;350,7;ESTRELA;Reação tardia ou ineficiente do condutor;Colisão lateral mesmo sentido;Com Vítimas Feridas;Pleno dia;Crescente;Céu Claro;Dupla;"Ponte;Reta;Declive;Desvio Temporário;Em Obras";Sim;2;0;1;0;1;0;1;2;-29,4743;-51,952923;SPRF-RS;DEL04-RS;UOP01-DEL04-RS
604280;31/05/2024;sexta-feira;15:50:00;MG;262;444;NOVA SERRANA;Manobra de mudança de faixa;Colisão traseira;Com Vítimas Feridas;Pleno dia;Crescente;Céu Claro;Dupla;Reta;Sim;2;0;1;0;1;0;1;2;-19,881131;-44,931502;SPRF-MG;DEL08-MG;UOP03-DEL08-MG
604281;31/05/2024;sexta-feira;14:09:00;PE;407;117;PETROLINA;Acessar a via sem observar a presença dos outros veículos;Colisão transversal;Com Vítimas Feridas;Pleno dia;Decrescente;Céu Claro;Simples;Retorno Regulamentado;Não;2;0;2;0;0;0;2;2;-9,330098;-40,564292;SPRF-PE;DEL06-PE;UOP01-DEL06-PE
604282;31/05/2024;sexta-feira;17:10:00;RS;116;153;CAXIAS DO SUL;Afundamento ou ondulação no pavimento;Colisão lateral mesmo sentido;Com Vítimas Feridas;Amanhecer;Crescente;Céu Claro;Dupla;Curva;Sim;2;0;1;0;1;0;1;2;-29,18579758;-51,17713005;SPRF-RS;DEL05-RS;UOP01-DEL05-RS
604284;31/05/2024;sexta-feira;17:20:00;PR;469;15,6;FOZ DO IGUACU;Condutor deixou de manter distância do veículo da frente;Colisão traseira;Com Vítimas Feridas;Pleno dia;Decrescente;Céu Claro;Simples;Ponte;Sim;2;0;1;0;1;0;1;2;-25,58082725;-54,53252792;SPRF-PR;DEL05-PR;UOP04-DEL05-PR
604285;31/05/2024;sexta-feira;17:30:00;ES;101;292;CARIACICA;Reação tardia ou ineficiente do condutor;Colisão traseira;Com Vítimas Feridas;Anoitecer;Decrescente;Céu Claro;Dupla;Reta;Sim;2;0;2;0;0;0;2;2;-20,30650512;-40,39488717;SPRF-ES;DEL01-ES;UOP01-DEL01-ES
604286;31/05/2024;sexta-feira;17:20:00;PB;230;22;JOAO PESSOA;Avarias e/ou desgaste excessivo no pneu;Tombamento;Com Vítimas Feridas;Anoitecer;Crescente;Céu Claro;Dupla;Reta;Sim;2;0;2;0;0;0;2;1;-7,1495;-34,8517;SPRF-PB;DEL01-PB;UOP01-DEL01-PB
604287;31/05/2024;sexta-feira;18:00:00;SC;101;206,5;SAO JOSE;Manobra de mudança de faixa;Colisão lateral mesmo sentido;Com Vítimas Feridas;Anoitecer;Crescente;Céu Claro;Múltipla;"Reta;Viaduto";Sim;2;0;1;0;1;0;1;2;-27,59193546;-48,61824557;SPRF-SC;DEL01-SC;UOP01-DEL01-SC
604288;31/05/2024;sexta-feira;16:50:00;DF;70;1,1;BRASILIA;Reação tardia ou ineficiente do condutor;Colisão traseira;Com Vítimas Feridas;Anoitecer;Crescente;Céu Claro;Dupla;Reta;Sim;3;0;1;0;2;0;1;3;-15,795584;-48,06536;SPRF-DF;DEL03-DF;UOP02-DEL03-DF
604289;31/05/2024;sexta-feira;16:00:00;MG;381;755;TRES CORACOES;Velocidade Incompatível;Colisão traseira;Com Vítimas Feridas;Pleno dia;Decrescente;Céu Claro;Dupla;Reta;Sim;2;0;1;0;1;0;1;2;-21,69306291;-45,35229106;SPRF-MG;DEL16-MG;UOP02-DEL16-MG
604290;30/05/2024;quinta-feira;09:50:00;SC;280;224;CANOINHAS;Condutor deixou de manter distância do veículo da frente;Engavetamento;Com Vítimas Feridas;Pleno dia;Decrescente;Céu Claro;Simples;Reta;Não;5;0;1;0;4;0;1;3;-26,17513189;-50,30394805;SPRF-SC;DEL06-SC;UOP04-DEL06-SC
604291;31/05/2024;sexta-feira;17:40:00;SC;282;642,4;SAO MIGUEL DO OESTE;Condutor deixou de manter distância do veículo da frente;Colisão lateral mesmo sentido;Com Vítimas Feridas;Pleno dia;Decrescente;Céu Claro;Simples;Curva;Não;2;0;1;0;0;1;1;2;-26,772327;-53,461613;SPRF-SC;DEL07-SC;UOP03-DEL07-SC
604292;31/05/2024;sexta-feira;16:20:00;CE;402;281,1;ITAPIPOCA;Manobra de mudança de faixa;Colisão lateral mesmo sentido;Com Vítimas Feridas;Pleno dia;Crescente;Céu Claro;Simples;Reta;Não;2;0;1;0;1;0;1;2;-3,5609519;-39,46741984;SPRF-CE;DEL01-CE;UOP03-DEL01-CE
604293;31/05/2024;sexta-feira;17:32:00;MG;116;276;TEOFILO OTONI;Pedestre cruzava a pista fora da faixa;Atropelamento de Pedestre;Com Vítimas Feridas;Anoitecer;Decrescente;Céu Claro;Simples;Reta;Não;2;0;1;1;0;0;2;2;-17,85105696;-41,51454492;SPRF-MG;DEL11-MG;UOP01-DEL11-MG
604294;31/05/2024;sexta-feira;17:13:00;SC;101;208,7;SAO JOSE;Reação tardia ou ineficiente do condutor;Colisão lateral mesmo sentido;Com Vítimas Feridas;Plena Noite;Crescente;Céu Claro;Múltipla;Reta;Sim;2;0;1;0;1;0;1;2;-27,60327979;-48,63201818;SPRF-SC;DEL01-SC;UOP01-DEL01-SC
604295;31/05/2024;sexta-feira;12:50:00;SC;282;512,8;XANXERE;Velocidade Incompatível;Saída de leito carroçável;Sem Vítimas;Pleno dia;Crescente;Sol;Simples;Reta;Não;1;0;0;0;0;1;0;1;-26,910799;-52,472099;SPRF-SC;DEL07-SC;UOP01-DEL07-SC
604296;31/05/2024;sexta-feira;18:40:00;RS;472;174;SANTA ROSA;Acessar a via sem observar a presença dos outros veículos;Colisão transversal;Com Vítimas Feridas;Anoitecer;Crescente;Céu Claro;Simples;Reta;Sim;5;0;1;0;4;0;1;2;-27,85357143;-54,51991081;SPRF-RS;DEL10-RS;UOP01-DEL10-RS
604297;31/05/2024;sexta-feira;17:32:00;PE;407;122;PETROLINA;Ausência de reação do condutor;Colisão traseira;Sem Vítimas;Plena Noite;Decrescente;Céu Claro;Simples;Reta;Sim;2;0;0;0;2;0;0;2;-9,35368726;-40,55051642;SPRF-PE;DEL06-PE;UOP01-DEL06-PE
604300;31/05/2024;sexta-feira;18:15:00;PE;232;168,5;TACAIMBO;Ultrapassagem Indevida;Colisão frontal;Com Vítimas Fatais;Plena Noite;Crescente;Nublado;Simples;Declive;Não;4;1;1;0;1;1;1;3;-8,33986354;-36,32534101;SPRF-PE;DEL03-PE;UOP02-DEL03-PE