id;data_inversa;dia_semana;horario;uf;br;km;municipio;causa_acidente;tipo_acidente;classificacao_acidente;fase_dia;sentido_via;condicao_metereologica;tipo_pista;tracado_via;uso_solo;pessoas;mortos;feridos_leves;feridos_graves;ilesos;ignorados;feridos;veiculos;latitude;longitude;regional;delegacia;uop
604301;31/05/2024;sexta-feira;19:15:00;MG;116;522,7;CARATINGA;Acessar a via sem observar a presença dos outros veículos;Colisão transversal;Com Vítimas Feridas;Plena Noite;Decrescente;Céu Claro;Simples;"Rotatória;Interseção de Vias";Sim;2;0;1;0;1;0;1;2;-19,75187896;-42,1326603;SPRF-MG;DEL06-MG;UOP02-DEL06-MG
604302;31/05/2024;sexta-feira;19:00:00;RN;101;95;NATAL;Condutor deixou de manter distância do veículo da frente;Colisão traseira;Sem Vítimas;Plena Noite;Crescente;Céu Claro;Múltipla;Reta;Sim;2;0;0;0;2;0;0;2;-5,84076841;-35,21035949;SPRF-RN;DEL01-RN;UOP01-DEL01-RN
604303;31/05/2024;sexta-feira;18:35:00;SC;282;537,9;CHAPECO;Ingestão de álcool pelo condutor;Colisão frontal;Com Vítimas Feridas;Plena Noite;Decrescente;Céu Claro;Simples;Aclive;Não;4;0;1;2;1;0;3;3;-26,999498;-52,67198;SPRF-SC;DEL07-SC;UOP01-DEL07-SC
604306;31/05/2024;sexta-feira;18:45:00;SC;470;289;CAMPOS NOVOS;Reação tardia ou ineficiente do condutor;Colisão transversal;Com Vítimas Feridas;Plena Noite;Decrescente;Céu Claro;Simples;Interseção de Vias;Não;2;0;0;1;1;0;1;2;-27,333546;-50,95219;SPRF-SC;DEL07-SC;UOP06-DEL07-SC
604307;31/05/2024;sexta-feira;18:39:00;PE;232;50;VITORIA DE SANTO ANTAO;Demais falhas mecânicas ou elétricas;Incêndio;Sem Vítimas;Plena Noite;Crescente;Céu Claro;Dupla;Reta;Não;1;0;0;0;0;1;0;1;-8,14106223;-35,32322707;SPRF-PE;DEL01-PE;UOP01-DEL01-PE
604308;31/05/2024;sexta-feira;17:50:00;RO;364;226,8;CACOAL;Reação tardia ou ineficiente do condutor;Tombamento;Com Vítimas Feridas;Anoitecer;Crescente;Céu Claro;Simples;"Reta;Declive;Em Obras";Não;1;0;1;0;0;0;1;1;-11,497452;-61,373277;SPRF-RO;DEL02-RO;UOP02-DEL02-RO
604310;26/05/2024;domingo;05:00:00;GO;40;8;LUZIANIA;Acessar a via sem observar a presença dos outros veículos;Colisão traseira;Com Vítimas Feridas;Amanhecer;Crescente;Céu Claro;Dupla;Reta;Sim;7;0;2;1;1;3;3;2;-16,116158;-47,96761;SPRF-DF;DEL01-DF;UOP01-DEL01-DF
604311;31/05/2024;sexta-feira;19:30:00;BA;235;5,2;PEDRO ALEXANDRE;Ingestão de álcool pelo condutor;Colisão frontal;Com Vítimas Fatais;Plena Noite;Decrescente;Céu Claro;Simples;Reta;Não;2;1;0;0;1;0;0;2;-10,29834519;-37,7597862;SPRF-SE;DEL01-SE;UOP02-DEL01-SE
604313;31/05/2024;sexta-feira;19:00:00;RO;435;92;COLORADO DO OESTE;Reação tardia ou ineficiente do condutor;Saída de leito carroçável;Com Vítimas Feridas;Plena Noite;Crescente;Céu Claro;Simples;Rotatória;Não;1;0;1;0;0;0;1;1;-13,188104;-60,544846;SPRF-RO;DEL04-RO;UOP02-DEL04-RO
604314;31/05/2024;sexta-feira;16:50:00;SC;163;71,3;SAO MIGUEL DO OESTE;Manobra de mudança de faixa;Colisão lateral mesmo sentido;Com Vítimas Feridas;Pleno dia;Crescente;Céu Claro;Dupla;"Reta;Aclive";Não;2;0;1;0;1;0;1;2;-26,72558434;-53,51311332;SPRF-SC;DEL07-SC;UOP03-DEL07-SC
604315;31/05/2024;sexta-feira;19:30:00;RS;285;314;PASSO FUNDO;Ausência de reação do condutor;Colisão com objeto;Com Vítimas Feridas;Plena Noite;Decrescente;Céu Claro;Simples;"Declive;Reta";Não;4;0;4;0;0;0;4;1;-28,245794;-52,572262;SPRF-RS;DEL08-RS;UOP03-DEL08-RS
604316;09/02/2024;sexta-feira;11:50:00;RS;158;286,5;JULIO DE CASTILHOS;Condutor deixou de manter distância do veículo da frente;Colisão traseira;Com Vítimas Feridas;Pleno dia;Crescente;Céu Claro;Simples;"Interseção de Vias;Reta";Não;2;0;1;0;1;0;1;2;-29,435036;-53,676826;SPRF-RS;DEL09-RS;UOP01-DEL09-RS
604317;31/05/2024;sexta-feira;19:15:00;MG;381;711,2;CARMO DA CACHOEIRA;Acessar a via sem observar a presença dos outros veículos;Atropelamento de Pedestre;Com Vítimas Feridas;Plena Noite;Crescente;Céu Claro;Dupla;Curva;Não;2;0;1;1;0;0;2;2;-21,39313978;-45,19816009;SPRF-MG;DEL04-MG;UOP02-DEL04-MG
604318;31/05/2024;sexta-feira;19:43:00;PB;230;4;CABEDELO;Manobra de mudança de faixa;Colisão traseira;Com Vítimas Feridas;Anoitecer;Crescente;Céu Claro;Dupla;Reta;Sim;2;0;2;0;0;0;2;2;-7,0004;-34,8284;SPRF-PB;DEL01-PB;UOP01-DEL01-PB
604320;31/05/2024;sexta-feira;18:23:00;PI;343;444;AGUA BRANCA;Reação tardia ou ineficiente do condutor;Colisão traseira;Com Vítimas Feridas;Plena Noite;Crescente;Céu Claro;Simples;Reta;Não;3;0;2;0;0;1;2;2;-5,888477;-42,642536;SPRF-PI;DEL01-PI;UOP02-DEL01-PI
604321;31/05/2024;sexta-feira;20:00:00;SC;101;112,6;ITAJAI;Condutor deixou de manter distância do veículo da frente;Colisão traseira;Sem Vítimas;Plena Noite;Decrescente;Céu Claro;Múltipla;Reta;Sim;2;0;0;0;2;0;0;2;-26,84589005;-48,72131295;SPRF-SC;DEL04-SC;UOP04-DEL04-SC
604322;31/05/2024;sexta-feira;20:30:00;RJ;116;184;NOVA IGUACU;Ausência de reação do condutor;Colisão com objeto;Sem Vítimas;Plena Noite;Crescente;Nublado;Múltipla;Reta;Não;1;0;0;0;1;0;0;1;-22,74647215;-43,44594311;SPRF-RJ;DEL06-RJ;UOP01-DEL06-RJ
604323;30/05/2024;quinta-feira;19:00:00;BA;116;26,9;ABARE;Reação tardia ou ineficiente do condutor;Saída de leito carroçável;Com Vítimas Fatais;Plena Noite;Crescente;Ignorado;Simples;Reta;Não;1;1;0;0;0;0;0;1;-8,850426;-39,259525;SPRF-PE;DEL05-PE;UOP03-DEL05-PE
604324;31/05/2024;sexta-feira;20:55:00;PB;230;10;CABEDELO;Manobra de mudança de faixa;Colisão traseira;Com Vítimas Feridas;Plena Noite;Decrescente;Céu Claro;Dupla;Reta;Sim;2;0;2;0;0;0;2;1;-7,0514;-34,8499;SPRF-PB;DEL01-PB;UOP01-DEL01-PB
604325;31/05/2024;sexta-feira;19:30:00;RJ;393;286;VOLTA REDONDA;Acessar a via sem observar a presença dos outros veículos;Colisão lateral mesmo sentido;Com Vítimas Feridas;Plena Noite;Decrescente;Céu Claro;Simples;Reta;Sim;2;0;1;0;1;0;1;2;-22,49133996;-44,06505619;SPRF-RJ;DEL05-RJ;UOP04-DEL05-RJ
604327;31/05/2024;sexta-feira;17:10:00;MG;365;15,6;MONTES CLAROS;Reação tardia ou ineficiente do condutor;Saída de leito carroçável;Com Vítimas Feridas;Anoitecer;Decrescente;Nublado;Simples;Reta;Não;2;0;1;0;1;0;1;1;-16,86592699;-43,98363496;SPRF-MG;DEL12-MG;UOP01-DEL12-MG
604328;31/05/2024;sexta-feira;21:00:00;RS;116;243;SAO LEOPOLDO;Ausência de reação do condutor;Tombamento;Com Vítimas Feridas;Plena Noite;Decrescente;Céu Claro;Dupla;Reta;Sim;1;0;1;0;0;0;1;1;-29,73414522;-51,14973352;SPRF-RS;DEL01-RS;UOP02-DEL01-RS
604329;31/05/2024;sexta-feira;21:31:00;PB;101;46;RIO TINTO;Demais falhas mecânicas ou elétricas;Incêndio;Com Vítimas Feridas;Plena Noite;Decrescente;Céu Claro;Dupla;Reta;Não;2;0;1;0;1;0;1;1;-6,89108414;-35,12591625;SPRF-PB;DEL01-PB;UOP04-DEL01-PB
604330;31/05/2024;sexta-feira;19:12:00;MS;163;723;RIO VERDE DE MATO GROSSO;Demais falhas mecânicas ou elétricas;Incêndio;Sem Vítimas;Plena Noite;Crescente;Céu Claro;Simples;Reta;Não;1;0;0;0;1;0;0;1;-18,5684818;-54,75955037;SPRF-MS;DEL06-MS;UOP01-DEL06-MS
604332;31/05/2024;sexta-feira;22:15:00;SE;101;152,9;ESTANCIA;Retorno proibido;Colisão transversal;Com Vítimas Feridas;Plena Noite;Crescente;Nublado;Dupla;Curva;Sim;4;0;1;0;3;0;1;2;-11,270024;-37,444016;SPRF-SE;DEL02-SE;UOP01-DEL02-SE
604333;31/05/2024;sexta-feira;17:05:00;MT;174;388;NOVA LACERDA;Acessar a via sem observar a presença dos outros veículos;Colisão transversal;Com Vítimas Feridas;Pleno dia;Crescente;Céu Claro;Simples;Interseção de Vias;Sim;4;0;2;0;2;0;2;2;-14,47376454;-59,59164619;SPRF-MT;DEL04-MT;UOP02-DEL04-MT
604334;31/05/2024;sexta-feira;21:00:00;MS;163;481;CAMPO GRANDE;Demais falhas mecânicas ou elétricas;Incêndio;Sem Vítimas;Plena Noite;Decrescente;Céu Claro;Simples;Viaduto;Não;4;0;0;0;4;0;0;1;-20,469381;-54,55955;SPRF-MS;DEL01-MS;UOP01-DEL01-MS
604336;31/05/2024;sexta-feira;21:05:00;BA;235;352;JUAZEIRO;Conversão proibida;Colisão transversal;Com Vítimas Feridas;Plena Noite;Crescente;Céu Claro;Simples;Reta;Sim;1;0;1;0;0;0;1;1;-9,43314423;-40,50453186;SPRF-PE;DEL06-PE;UOP01-DEL06-PE
604337;31/05/2024;sexta-feira;21:25:00;MG;381;541,1;ITATIAIUCU;Pedestre andava na pista;Atropelamento de Pedestre;Com Vítimas Fatais;Plena Noite;Crescente;Céu Claro;Dupla;"Aclive;Reta";Não;4;1;1;0;2;0;1;2;-20,25686585;-44,4185141;SPRF-MG;DEL04-MG;UOP03-DEL04-MG
604338;31/05/2024;sexta-feira;22:20:00;ES;259;57,3;COLATINA;Velocidade Incompatível;Tombamento;Com Vítimas Feridas;Plena Noite;Crescente;Céu Claro;Simples;"Declive;Curva";Não;1;0;1;0;0;0;1;1;-19,50865703;-40,65581416;SPRF-ES;DEL02-ES;UOP01-DEL02-ES
604339;31/05/2024;sexta-feira;22:53:00;SC;282;17,2;PALHOCA;Desrespeitar a preferência no cruzamento;Colisão transversal;Com Vítimas Feridas;Plena Noite;Decrescente;Céu Claro;Simples;Interseção de Vias;Não;2;0;0;1;1;0;1;2;-27,665707;-48,688065;SPRF-SC;DEL01-SC;UOP02-DEL01-SC
604340;31/05/2024;sexta-feira;16:00:00;MG;251;326;FRUTA DE LEITE;Transitar na contramão;Colisão frontal;Com Vítimas Fatais;Pleno dia;Crescente;Céu Claro;Simples;"Aclive;Curva";Não;8;1;0;7;0;0;7;2;-16,24786955;-42,38592809;SPRF-MG;DEL12-MG;UOP02-DEL12-MG
604342;31/05/2024;sexta-feira;23:10:00;GO;153;432;ANAPOLIS;Ingestão de álcool pelo condutor;Saída de leito carroçável;Sem Vítimas;Plena Noite;Decrescente;Céu Claro;Dupla;Reta;Sim;1;0;0;0;1;0;0;1;-16,264801;-48,982357;SPRF-GO;DEL02-GO;UOP01-DEL02-GO
604343;31/05/2024;sexta-feira;22:05:00;PI;343;275;CAMPO MAIOR;Animais na Pista;Atropelamento de Animal;Sem Vítimas;Plena Noite;Decrescente;Céu Claro;Simples;Reta;Não;1;0;0;0;1;0;0;1;-4,879998;-42,226444;SPRF-PI;DEL01-PI;UOP03-DEL01-PI
604345;31/05/2024;sexta-feira;22:35:00;MG;116;551,3;SANTA BARBARA DO LESTE;Velocidade Incompatível;Saída de leito carroçável;Com Vítimas Feridas;Plena Noite;Crescente;Céu Claro;Simples;Reta;Não;1;0;1;0;0;0;1;1;-19,97728983;-42,13901923;SPRF-MG;DEL06-MG;UOP02-DEL06-MG
604346;21/04/2024;domingo;19:20:00;RJ;101;484;ANGRA DOS REIS;Conversão proibida;Colisão transversal;Com Vítimas Feridas;Plena Noite;Decrescente;Nublado;Simples;Reta;Sim;3;0;1;0;1;1;1;2;-22,99096308;-44,30429882;SPRF-RJ;DEL03-RJ;UOP03-DEL03-RJ
604347;31/05/2024;sexta-feira;22:05:00;PR;153;468,9;PORTO VITORIA;Ingestão de álcool pelo condutor;Saída de leito carroçável;Sem Vítimas;Plena Noite;Crescente;Céu Claro;Simples;Curva;Não;3;0;0;0;3;0;0;1;-26,28769195;-51,19910748;SPRF-PR;DEL02-PR;UOP03-DEL02-PR
604348;31/05/2024;sexta-feira;23:20:00;PR;476;119;COLOMBO;Condutor desrespeitou a iluminação vermelha do semáforo;Colisão transversal;Sem Vítimas;Plena Noite;Decrescente;Céu Claro;Múltipla;Reta;Sim;2;0;0;0;1;1;0;2;-25,373757;-49,192823;SPRF-PR;DEL01-PR;UOP01-DEL01-PR
604350;31/05/2024;sexta-feira;23:30:00;SP;381;86,3;SAO PAULO;Manobra de mudança de faixa;Colisão lateral mesmo sentido;Com Vítimas Feridas;Plena Noite;Crescente;Nublado;Múltipla;Reta;Sim;5;0;4;0;0;1;4;3;-23,45930499;-46,57161179;SPRF-SP;DEL03-SP;UOP01-DEL03-SP
604351;31/05/2024;sexta-feira;23:10:00;PI;316;4;TERESINA;Ingestão de álcool pelo condutor;Colisão lateral mesmo sentido;Sem Vítimas;Plena Noite;Crescente;Céu Claro;Dupla;Reta;Sim;2;0;0;0;2;0;0;2;-5,14354103;-42,77837992;SPRF-PI;DEL01-PI;UOP02-DEL01-PI
604352;31/05/2024;sexta-feira;11:15:00;BA;324;519;FEIRA DE SANTANA;Mal súbito do condutor;Colisão traseira;Com Vítimas Feridas;Plena Noite;Decrescente;Chuva;Dupla;Reta;Não;2;0;1;0;1;0;1;2;-12,26687642;-38,93349875;SPRF-BA;DEL02-BA;UOP01-DEL02-BA
604353;01/06/2024;sábado;00:15:00;CE;20;377;CAUCAIA;Ausência de reação do condutor;Colisão lateral sentido oposto;Com Vítimas Feridas;Plena Noite;Decrescente;Céu Claro;Simples;Aclive;Não;3;0;1;0;2;0;1;3;-3,93876869;-38,86600446;SPRF-CE;DEL01-CE;UOP01-DEL01-CE
604355;01/06/2024;sábado;00:54:00;RJ;116;170;RIO DE JANEIRO;Reação tardia ou ineficiente do condutor;Queda de ocupante de veículo;Com Vítimas Feridas;Plena Noite;Decrescente;Céu Claro;Dupla;Reta;Sim;1;0;1;0;0;0;1;1;-22,81113183;-43,3336729;SPRF-RJ;DEL06-RJ;UOP01-DEL06-RJ
604356;01/06/2024;sábado;01:00:00;BA;116;14,5;VITORIA DA CONQUISTA;Animais na Pista;Atropelamento de Animal;Com Vítimas Feridas;Plena Noite;Crescente;Nublado;Simples;Reta;Não;1;0;1;0;0;0;1;1;-14,89642;-40,860275;SPRF-BA;DEL08-BA;UOP01-DEL08-BA
604358;01/06/2024;sábado;00:30:00;PR;116;105;SAO JOSE DOS PINHAIS;Reação tardia ou ineficiente do condutor;Saída de leito carroçável;Sem Vítimas;Plena Noite;Crescente;Céu Claro;Dupla;Reta;Não;1;0;0;0;1;0;0;1;-25,56635207;-49,16833598;SPRF-PR;DEL01-PR;UOP07-DEL01-PR
604360;01/06/2024;sábado;00:59:00;RO;364;342;JI-PARANA;Reação tardia ou ineficiente do condutor;Queda de ocupante de veículo;Com Vítimas Feridas;Plena Noite;Decrescente;Céu Claro;Simples;Interseção de Vias;Sim;1;0;1;0;0;0;1;1;-10,88381227;-61,93741416;SPRF-RO;DEL02-RO;UOP01-DEL02-RO
604365;01/06/2024;sábado;01:30:00;MS;262;516;ANASTACIO;Ingestão de álcool pelo condutor;Saída de leito carroçável;Sem Vítimas;Plena Noite;Crescente;Nublado;Simples;Reta;Não;2;0;0;0;2;0;0;1;-20,42876086;-56,04164691;SPRF-MS;DEL03-MS;UOP01-DEL03-MS
604366;01/06/2024;sábado;04:00:00;SP;116;216,8;GUARULHOS;Entrada inopinada do pedestre;Atropelamento de Pedestre;Com Vítimas Feridas;Plena Noite;Decrescente;Nublado;Múltipla;Reta;Não;2;0;1;0;1;0;1;2;-23,45038589;-46,46284362;SPRF-SP;DEL01-SP;UOP01-DEL01-SP
604367;01/06/2024;sábado;04:39:00;ES;262;84;DOMINGOS MARTINS;Transitar na contramão;Colisão frontal;Com Vítimas Feridas;Plena Noite;Decrescente;Céu Claro;Simples;"Reta;Declive";Não;2;0;0;1;1;0;1;2;-20,40386535;-40,97556717;SPRF-ES;DEL01-ES;UOP02-DEL01-ES
604368;01/06/2024;sábado;04:08:00;DF;60;5;BRASILIA;Reação tardia ou ineficiente do condutor;Saída de leito carroçável;Com Vítimas Feridas;Plena Noite;Crescente;Céu Claro;Dupla;"Reta;Declive";Sim;2;0;1;0;1;0;1;1;-15,895438;-48,104771;SPRF-DF;DEL03-DF;UOP01-DEL03-DF
604369;01/06/2024;sábado;04:55:00;ES;101;308;VIANA;Transitar na contramão;Colisão frontal;Com Vítimas Feridas;Plena Noite;Decrescente;Garoa/Chuvisco;Múltipla;Reta;Não;4;0;0;1;3;0;1;2;-20,40809191;-40,45835336;SPRF-ES;DEL01-ES;UOP01-DEL01-ES
604370;01/06/2024;sábado;05:00:00;GO;50;258,2;CATALAO;Ingestão de álcool pelo condutor;Capotamento;Sem Vítimas;Plena Noite;Crescente;Céu Claro;Dupla;"Reta;Aclive";Não;2;0;0;0;2;0;0;1;-18,0291;-47,8275;SPRF-GO;DEL06-GO;UOP01-DEL06-GO
604371;01/06/2024;sábado;02:40:00;BA;110;308;INHAMBUPE;Ingestão de álcool pelo condutor;Tombamento;Com Vítimas Fatais;Plena Noite;Decrescente;Céu Claro;Simples;Reta;Não;1;1;0;0;0;0;0;1;-11,928079;-38,374198;SPRF-BA;DEL01-BA;UOP04-DEL01-BA
604372;01/06/2024;sábado;02:45:00;PR;280;275,8;FLOR DA SERRA DO SUL;Ingestão de álcool pelo condutor;Colisão com objeto;Sem Vítimas;Plena Noite;Decrescente;Céu Claro;Simples;Reta;Não;3;0;0;0;3;0;0;2;-26,23830542;-53,1888485;SPRF-PR;DEL02-PR;UOP01-DEL02-PR
604374;01/06/2024;sábado;05:49:00;ES;101;287,5;CARIACICA;Pedestre cruzava a pista fora da faixa;Atropelamento de Pedestre;Com Vítimas Feridas;Amanhecer;Decrescente;Garoa/Chuvisco;Dupla;Reta;Sim;2;0;0;1;0;1;1;2;-20,26493528;-40,38471702;SPRF-ES;DEL01-ES;UOP01-DEL01-ES
604375;01/06/2024;sábado;05:45:00;RN;101;106;PARNAMIRIM;Condutor Dormindo;Saída de leito carroçável;Sem Vítimas;Pleno dia;Decrescente;Céu Claro;Dupla;Reta;Sim;1;0;0;0;1;0;0;1;-5,91056401;-35,26130795;SPRF-RN;DEL01-RN;UOP01-DEL01-RN
604376;01/06/2024;sábado;04:30:00;MG;116;411;GOVERNADOR VALADARES;Ingestão de álcool pelo condutor;Colisão frontal;Sem Vítimas;Plena Noite;Decrescente;Céu Claro;Simples;Reta;Sim;2;0;0;0;1;1;0;2;-18,86244705;-41,97405237;SPRF-MG;DEL06-MG;UOP01-DEL06-MG
604377;31/05/2024;sexta-feira;18:30:00;MG;365;226;BURITIZEIRO;Demais falhas mecânicas ou elétricas;Saída de leito carroçável;Com Vítimas Feridas;Plena Noite;Crescente;Céu Claro;Simples;Reta;Não;2;0;1;0;1;0;1;1;-17,642311;-45,406196;SPRF-MG;DEL10-MG;UOP02-DEL010-MG
604381;01/06/2024;sábado;07:15:00;PE;101;69,1;RECIFE;Avarias e/ou desgaste excessivo no pneu;Tombamento;Com Vítimas Feridas;Pleno dia;Crescente;Céu Claro;Múltipla;Reta;Sim;2;0;2;0;0;0;2;1;-8,06034;-34,945795;SPRF-PE;DEL01-PE;UOP01-DEL01-PE
604382;01/06/2024;sábado;06:31:00;PE;232;87;GRAVATA;Avarias e/ou desgaste excessivo no pneu;Saída de leito carroçável;Com Vítimas Feridas;Pleno dia;Crescente;Céu Claro;Dupla;Curva;Não;1;0;1;0;0;0;1;1;-8,21379064;-35,62898606;SPRF-PE;DEL02-PE;UOP02-DEL02PE
604383;01/06/2024;sábado;06:45:00;SC;101;138;BALNEARIO CAMBORIU;Reação tardia ou ineficiente do condutor;Saída de leito carroçável;Com Vítimas Feridas;Pleno dia;Crescente;Céu Claro;Simples;Reta;Sim;1;0;1;0;0;0;1;1;-27,02397426;-48,60761649;SPRF-SC;DEL04-SC;UOP03-DEL04-SC
604385;01/06/2024;sábado;01:40:00;MG;116;543,6;SANTA BARBARA DO LESTE;Reação tardia ou ineficiente do condutor;Queda de ocupante de veículo;Com Vítimas Feridas;Plena Noite;Crescente;Céu Claro;Simples;Ponte;Não;2;0;1;0;1;0;1;1;-19,91184896;-42,1350328;SPRF-MG;DEL06-MG;UOP02-DEL06-MG
604387;31/05/2024;sexta-feira;17:20:00;BA;324;436;RIACHAO DO JACUIPE;Condutor deixou de manter distância do veículo da frente;Colisão traseira;Com Vítimas Feridas;Pleno dia;Decrescente;Céu Claro;Simples;Reta;Sim;3;0;1;1;1;0;2;2;-11,79808222;-39,40698367;SPRF-BA;DEL04-BA;UOP02-DEL04-BA
604388;31/05/2024;sexta-feira;14:50:00;RS;470;216;BENTO GONCALVES;Entrada inopinada do pedestre;Atropelamento de Pedestre;Com Vítimas Feridas;Pleno dia;Decrescente;Céu Claro;Simples;"Reta;Retorno Regulamentado";Sim;2;0;1;0;1;0;1;2;-29,15887096;-51,53142395;SPRF-RS;DEL06-RS;UOP01-DEL06-RS
604389;01/06/2024;sábado;06:50:00;SP;116;284;ITAPECERICA DA SERRA;Ausência de reação do condutor;Queda de ocupante de veículo;Com Vítimas Feridas;Pleno dia;Crescente;Nublado;Simples;Reta;Sim;1;0;1;0;0;0;1;1;-23,69998;-46,867767;SPRF-SP;DEL04-SP;UOP01-DEL04-SP
604390;01/06/2024;sábado;06:40:00;MG;50;105;UBERABA;Condutor Dormindo;Capotamento;Com Vítimas Feridas;Pleno dia;Decrescente;Céu Claro;Dupla;Reta;Não;3;0;1;2;0;0;3;1;-19,1797979;-48,15768268;SPRF-MG;DEL13-MG;UOP01-DEL13-MG
604391;01/06/2024;sábado;07:20:00;RJ;116;188;NOVA IGUACU;Demais falhas mecânicas ou elétricas;Tombamento;Com Vítimas Feridas;Pleno dia;Decrescente;Céu Claro;Dupla;Reta;Não;2;0;1;0;1;0;1;1;-22,7380709;-43,48213999;SPRF-RJ;DEL06-RJ;UOP01-DEL06-RJ
604392;01/06/2024;sábado;07:00:00;SC;101;170;TIJUCAS;Objeto estático sobre o leito carroçável;Capotamento;Com Vítimas Feridas;Pleno dia;Decrescente;Céu Claro;Dupla;Reta;Não;1;0;1;0;0;0;1;1;-27,29669601;-48,63147594;SPRF-SC;DEL04-SC;UOP03-DEL04-SC
604393;01/06/2024;sábado;06:15:00;RS;158;331;SANTA MARIA;Reação tardia ou ineficiente do condutor;Queda de ocupante de veículo;Com Vítimas Feridas;Amanhecer;Crescente;Nevoeiro/Neblina;Dupla;Reta;Sim;1;0;1;0;0;0;1;1;-29,70246123;-53,84232044;SPRF-RS;DEL09-RS;UOP01-DEL09-RS
604394;01/06/2024;sábado;07:15:00;PE;101;68;RECIFE;Condutor deixou de manter distância do veículo da frente;Colisão traseira;Com Vítimas Feridas;Pleno dia;Crescente;Céu Claro;Dupla;Viaduto;Sim;4;0;2;0;2;0;2;3;-8,05074296;-34,94580619;SPRF-PE;DEL01-PE;UOP01-DEL01-PE
604395;01/06/2024;sábado;07:42:00;PE;101;68,2;RECIFE;Trafegar com motocicleta (ou similar) entre as faixas;Colisão traseira;Com Vítimas Feridas;Pleno dia;Crescente;Céu Claro;Dupla;"Reta;Declive;Viaduto";Sim;3;0;3;0;0;0;3;2;-8,05074296;-34,94580619;SPRF-PE;DEL01-PE;UOP01-DEL01-PE
604396;31/05/2024;sexta-feira;23:10:00;RJ;116;146;DUQUE DE CAXIAS;Acessar a via sem observar a presença dos outros veículos;Colisão frontal;Com Vítimas Feridas;Plena Noite;Decrescente;Céu Claro;Dupla;Reta;Não;2;0;1;0;1;0;1;2;-22,66687859;-43,26368215;SPRF-RJ;DEL01-RJ;UOP02-DEL01-RJ
604398;01/06/2024;sábado;08:00:00;PR;369;138,5;IBIPORA;Acessar a via sem observar a presença dos outros veículos;Colisão transversal;Com Vítimas Feridas;Pleno dia;Crescente;Céu Claro;Dupla;Interseção de Vias;Sim;2;0;1;0;1;0;1;2;-23,2736;-51,056184;SPRF-PR;DEL07-PR;UOP01-DEL07-PR
604402;19/04/2024;sexta-feira;18:00:00;BA;101;507;ITABUNA;Reação tardia ou ineficiente do condutor;Eventos atípicos;Com Vítimas Feridas;Anoitecer;Crescente;Céu Claro;Simples;Ponte;Não;2;0;1;0;0;1;1;2;-14,81556587;-39,29629326;SPRF-BA;DEL05-BA;UOP01-DEL05-BA
604403;01/06/2024;sábado;07:55:00;RS;116;261;CANOAS;Reação tardia ou ineficiente do condutor;Colisão traseira;Sem Vítimas;Pleno dia;Decrescente;Nublado;Dupla;Interseção de Vias;Sim;3;0;0;0;3;0;0;2;-29,88051079;-51,1802513;SPRF-RS;DEL01-RS;UOP01-DEL01-RS
604404;01/06/2024;sábado;03:15:00;RJ;116;147;DUQUE DE CAXIAS;Demais falhas mecânicas ou elétricas;Saída de leito carroçável;Sem Vítimas;Plena Noite;Decrescente;Céu Claro;Simples;"Interseção de Vias;Reta";Sim;1;0;0;0;0;1;0;1;-22,66978425;-43,27286493;SPRF-RJ;DEL01-RJ;UOP02-DEL01-RJ
604405;01/06/2024;sábado;08:10:00;RS;101;31;TRES CACHOEIRAS;Velocidade Incompatível;Saída de leito carroçável;Sem Vítimas;Pleno dia;Crescente;Sol;Múltipla;Curva;Sim;1;0;0;0;0;1;0;1;-29,490625;-49,975465;SPRF-RS;DEL03-RS;UOP02-DEL03-RS
604407;01/06/2024;sábado;09:00:00;PR;369;48;BANDEIRANTES;Ingestão de álcool pelo condutor;Saída de leito carroçável;Com Vítimas Feridas;Pleno dia;Crescente;Céu Claro;Simples;Reta;Não;1;0;1;0;0;0;1;1;-23,108391;-50,316309;SPRF-PR;DEL07-PR;UOP05-DEL07-PR
604409;01/06/2024;sábado;07:10:00;RJ;101;322;NITEROI;Curva acentuada;Queda de ocupante de veículo;Com Vítimas Feridas;Pleno dia;Decrescente;Nublado;Múltipla;Curva;Não;1;0;1;0;0;0;1;1;-22,878923;-43,110676;SPRF-RJ;DEL02-RJ;UOP01-DEL02-RJ
604410;31/05/2024;sexta-feira;16:00:00;SP;153;7,8;ICEM;Avarias e/ou desgaste excessivo no pneu;Tombamento;Com Vítimas Feridas;Pleno dia;Crescente;Céu Claro;Simples;Reta;Não;2;0;0;1;0;1;1;2;-20,36460498;-49,22157203;SPRF-SP;DEL09-SP;UOP01-DEL09-SP
604413;01/06/2024;sábado;08:44:00;RJ;116;211;SEROPEDICA;Frear bruscamente;Colisão traseira;Com Vítimas Feridas;Pleno dia;Decrescente;Sol;Dupla;Reta;Não;3;0;1;0;2;0;1;2;-22,71844298;-43,700897;SPRF-RJ;DEL06-RJ;UOP02-DEL06-RJ
604415;01/06/2024;sábado;08:00:00;RJ;101;474;ANGRA DOS REIS;Ultrapassagem Indevida;Colisão lateral mesmo sentido;Com Vítimas Feridas;Pleno dia;Crescente;Céu Claro;Simples;Curva;Sim;2;0;1;0;1;0;1;2;-22,99498627;-44,24919963;SPRF-RJ;DEL03-RJ;UOP03-DEL03-RJ