id;data_inversa;dia_semana;horario;uf;br;km;municipio;causa_acidente;tipo_acidente;classificacao_acidente;fase_dia;sentido_via;condicao_metereologica;tipo_pista;tracado_via;uso_solo;pessoas;mortos;feridos_leves;feridos_graves;ilesos;ignorados;feridos;veiculos;latitude;longitude;regional;delegacia;uop
604542;01/06/2024;sábado;22:20:00;PI;343;1;TERESINA;Acessar a via sem observar a presença dos outros veículos;Colisão transversal;Com Vítimas Feridas;Plena Noite;Crescente;Céu Claro;Dupla;"Interseção de Vias;Reta";Sim;2;0;1;1;0;0;2;2;-5,080353;-42,758585;SPRF-PI;DEL05-PI;UOP01-DEL05-PI
604543;01/06/2024;sábado;21:50:00;RS;468;105,5;TRES PASSOS;Reação tardia ou ineficiente do condutor;Colisão com objeto;Com Vítimas Feridas;Plena Noite;Crescente;Céu Claro;Simples;Reta;Não;2;0;1;0;1;0;1;1;-27,44375401;-53,94975605;SPRF-RS;DEL08-RS;UOP02-DEL08-RS
604544;01/06/2024;sábado;22:45:00;PR;369;504,9;CASCAVEL;Pedestre andava na pista;Atropelamento de Pedestre;Com Vítimas Feridas;Plena Noite;Decrescente;Céu Claro;Simples;"Aclive;Reta";Sim;2;0;0;1;0;1;1;2;-24,8169;-53,2964;SPRF-PR;DEL04-PR;UOP03-DEL04-PR
604545;01/06/2024;sábado;16:25:00;SC;116;199,5;PONTE ALTA;Velocidade Incompatível;Atropelamento de Pedestre;Com Vítimas Feridas;Pleno dia;Decrescente;Céu Claro;Simples;Reta;Não;2;0;1;0;1;0;1;2;-27,309647;-50,128212;SPRF-SC;DEL05-SC;UOP03-DEL05-SC
604547;01/06/2024;sábado;21:18:00;PI;343;590,1;FLORIANO;Ausência de reação do condutor;Colisão com objeto;Sem Vítimas;Plena Noite;Crescente;Céu Claro;Dupla;Rotatória;Sim;1;0;0;0;1;0;0;1;-6,783895;-43,015095;SPRF-PI;DEL03-PI;UOP01-DEL03-PI
604548;01/06/2024;sábado;23:45:00;SP;381;60;MAIRIPORA;Ausência de reação do condutor;Colisão com objeto;Com Vítimas Feridas;Pleno dia;Crescente;Céu Claro;Dupla;Declive;Não;2;0;0;1;1;0;1;1;-23,28957673;-46,58729853;SPRF-SP;DEL03-SP;UOP01-DEL03-SP
604550;01/06/2024;sábado;22:05:00;SC;282;212,2;LAGES;Acessar a via sem observar a presença dos outros veículos;Colisão transversal;Com Vítimas Feridas;Plena Noite;Decrescente;Nublado;Simples;"Rotatória;Declive;Interseção de Vias";Não;5;0;3;0;2;0;3;2;-27,782257;-50,251381;SPRF-SC;DEL05-SC;UOP01-DEL05-SC
604551;01/06/2024;sábado;23:25:00;SC;101;151;ITAPEMA;Ausência de reação do condutor;Colisão traseira;Com Vítimas Feridas;Plena Noite;Decrescente;Nublado;Múltipla;Reta;Sim;3;0;2;0;1;0;2;3;-27,126536;-48,609642;SPRF-SC;DEL04-SC;UOP03-DEL04-SC
604552;01/06/2024;sábado;21:30:00;RJ;101;297;ITABORAI;Reação tardia ou ineficiente do condutor;Capotamento;Sem Vítimas;Plena Noite;Crescente;Céu Claro;Dupla;"Aclive;Curva";Sim;2;0;0;0;2;0;0;2;-22,76942037;-42,91873581;SPRF-RJ;DEL02-RJ;UOP02-DEL02-RJ
604553;01/06/2024;sábado;22:00:00;PI;316;4,5;TERESINA;Ausência de reação do condutor;Saída de leito carroçável;Sem Vítimas;Plena Noite;Decrescente;Céu Claro;Dupla;Reta;Sim;1;0;0;0;1;0;0;1;-5,13655894;-42,78900388;SPRF-PI;DEL01-PI;UOP02-DEL01-PI
604554;01/06/2024;sábado;22:33:00;PA;230;98;SAO JOAO DO ARAGUAIA;Ausência de reação do condutor;Colisão frontal;Com Vítimas Feridas;Plena Noite;Decrescente;Céu Claro;Simples;"Interseção de Vias;Reta";Sim;2;0;1;0;0;1;1;2;-5,41919096;-48,93656196;SPRF-PA;DEL03-PA;UOP01-DEL03-PA
604555;01/06/2024;sábado;23:10:00;CE;20;331,9;CARIDADE;Entrada inopinada do pedestre;Atropelamento de Pedestre;Com Vítimas Feridas;Plena Noite;Crescente;Céu Claro;Simples;"Reta;Declive";Não;3;0;0;3;0;0;3;2;-4,1919981;-39,17945881;SPRF-CE;DEL02-CE;UOP01-DEL02-CE
604556;01/06/2024;sábado;23:00:00;RJ;116;198;QUEIMADOS;Pedestre cruzava a pista fora da faixa;Atropelamento de Pedestre;Com Vítimas Fatais;Plena Noite;Crescente;Céu Claro;Dupla;Reta;Não;3;1;0;0;2;0;0;2;-22,72952183;-43,57481597;SPRF-RJ;DEL06-RJ;UOP02-DEL06-RJ
604557;01/06/2024;sábado;22:00:00;RO;364;373;OURO PRETO DO OESTE;Velocidade Incompatível;Saída de leito carroçável;Com Vítimas Fatais;Plena Noite;Crescente;Céu Claro;Simples;Reta;Não;1;1;0;0;0;0;0;1;-10,74874182;-62,17001286;SPRF-RO;DEL02-RO;UOP01-DEL02-RO
604558;01/06/2024;sábado;23:15:00;SP;116;460;PARIQUERA-ACU;Ingestão de álcool pelo condutor;Saída de leito carroçável;Com Vítimas Feridas;Plena Noite;Decrescente;Nevoeiro/Neblina;Múltipla;Reta;Não;1;0;1;0;0;0;1;1;-24,61056238;-47,88286464;SPRF-SP;DEL05-SP;UOP01-DEL05-SP
604559;01/06/2024;sábado;23:15:00;PR;277;720;FOZ DO IGUACU;Ingestão de álcool pelo condutor;Colisão frontal;Sem Vítimas;Plena Noite;Crescente;Céu Claro;Simples;"Viaduto;Retorno Regulamentado";Sim;5;0;0;0;5;0;0;2;-25,48375622;-54,49425791;SPRF-PR;DEL05-PR;UOP03-DEL05-PR
604560;01/06/2024;sábado;21:00:00;RJ;393;240,1;VASSOURAS;Ultrapassagem Indevida;Colisão frontal;Com Vítimas Fatais;Pleno dia;Crescente;Céu Claro;Simples;Curva;Não;3;2;0;0;0;1;0;2;-22,41456264;-43,67661632;SPRF-RJ;DEL05-RJ;UOP04-DEL05-RJ
604561;02/06/2024;domingo;00:06:00;PB;230;36;SANTA RITA;Ausência de reação do condutor;Colisão traseira;Com Vítimas Feridas;Plena Noite;Crescente;Céu Claro;Dupla;Aclive;Sim;4;0;0;1;3;0;1;2;-7,1246;-34,9473;SPRF-PB;DEL01-PB;UOP03-DEL01-PB
604562;02/06/2024;domingo;00:05:00;TO;153;333;GUARAI;Acessar a via sem observar a presença dos outros veículos;Colisão transversal;Sem Vítimas;Plena Noite;Crescente;Céu Claro;Simples;Reta;Sim;4;0;0;0;4;0;0;2;-8,826486;-48,51216;SPRF-TO;DEL02-TO;UOP02-DEL02-TO
604564;01/06/2024;sábado;23:20:00;RS;386;46,5;SEBERI;Ausência de reação do condutor;Colisão frontal;Com Vítimas Fatais;Plena Noite;Crescente;Céu Claro;Simples;Reta;Não;3;1;0;0;0;2;0;3;-27,457483;-53,409458;SPRF-RS;DEL08-RS;UOP02-DEL08-RS
604565;01/06/2024;sábado;23:30:00;MG;365;601,4;UBERLANDIA;Ingestão de álcool pelo condutor;Saída de leito carroçável;Sem Vítimas;Plena Noite;Decrescente;Céu Claro;Simples;"Declive;Reta";Não;5;0;0;0;5;0;0;1;-18,89301829;-48,13943907;SPRF-MG;DEL15-MG;UOP01-DEL15-MG
604566;02/06/2024;domingo;01:10:00;RJ;40;107;DUQUE DE CAXIAS;Ausência de reação do condutor;Colisão lateral mesmo sentido;Com Vítimas Feridas;Plena Noite;Crescente;Céu Claro;Dupla;Reta;Não;2;0;1;0;1;0;1;2;-22,65581497;-43,28378546;SPRF-RJ;DEL01-RJ;UOP02-DEL01-RJ
604568;02/06/2024;domingo;01:50:00;GO;452;2;RIO VERDE;Acesso irregular;Queda de ocupante de veículo;Com Vítimas Feridas;Plena Noite;Decrescente;Céu Claro;Dupla;Reta;Não;2;0;1;0;0;1;1;2;-17,79595391;-50,88555295;SPRF-GO;DEL04-GO;UOP01-DEL04-GO
604569;02/06/2024;domingo;00:20:00;RS;116;246;SAO LEOPOLDO;Ingestão de álcool pelo condutor;Colisão com objeto;Com Vítimas Feridas;Plena Noite;Crescente;Céu Claro;Simples;Viaduto;Sim;2;0;1;0;1;0;1;2;-29,7607637;-51,15242958;SPRF-RS;DEL01-RS;UOP02-DEL01-RS
604570;02/06/2024;domingo;01:55:00;RS;386;247,6;SOLEDADE;Animais na Pista;Atropelamento de Animal;Com Vítimas Feridas;Plena Noite;Decrescente;Nublado;Simples;Reta;Sim;4;0;4;0;0;0;4;1;-28,808382;-52,502323;SPRF-RS;DEL04-RS;UOP03-DEL04-RS
604571;01/06/2024;sábado;23:30:00;PR;376;45,5;NOVA LONDRINA;Ausência de reação do condutor;Saída de leito carroçável;Com Vítimas Feridas;Plena Noite;Decrescente;Céu Claro;Simples;"Interseção de Vias;Reta";Não;2;0;1;1;0;0;2;1;-22,85997274;-52,96645582;SPRF-PR;DEL09-PR;UOP02-DEL09-PR
604572;01/06/2024;sábado;23:20:00;MT;70;562;NOSSA SENHORA DO LIVRAMENTO;Reação tardia ou ineficiente do condutor;Colisão frontal;Sem Vítimas;Plena Noite;Decrescente;Céu Claro;Simples;Reta;Não;1;0;0;0;0;1;0;1;-15,70149978;-56,41553595;SPRF-MT;DEL03-MT;UOP02-DEL03-MT
604574;02/06/2024;domingo;02:50:00;PR;376;351;ORTIGUEIRA;Pedestre - Ingestão de álcool/ substâncias psicoativas;Atropelamento de Pedestre;Com Vítimas Fatais;Pleno dia;Crescente;Céu Claro;Dupla;"Declive;Reta";Sim;3;1;1;0;0;1;1;2;-24,21430286;-50,93929598;SPRF-PR;DEL07-PR;UOP02-DEL07-PR
604575;20/05/2024;segunda-feira;17:00:00;BA;116;444;ANTONIO CARDOSO;Demais falhas mecânicas ou elétricas;Incêndio;Sem Vítimas;Pleno dia;Decrescente;Céu Claro;Dupla;Reta;Não;1;0;0;0;1;0;0;1;-12,34522925;-39,08813861;SPRF-BA;DEL02-BA;UOP01-DEL02-BA
604576;02/06/2024;domingo;03:30:00;RS;290;96,5;PORTO ALEGRE;Ingestão de álcool pelo condutor;Colisão com objeto;Sem Vítimas;Plena Noite;Crescente;Céu Claro;Dupla;"Declive;Ponte";Não;1;0;0;0;1;0;0;1;-29,992107;-51,204525;SPRF-RS;DEL01-RS;UOP01-DEL01-RS
604577;02/06/2024;domingo;03:00:00;SP;116;219;GUARULHOS;Reação tardia ou ineficiente do condutor;Colisão traseira;Sem Vítimas;Plena Noite;Decrescente;Nublado;Múltipla;"Reta;Em Obras";Sim;3;0;0;0;3;0;0;2;-23,46143954;-46,48885316;SPRF-SP;DEL01-SP;UOP01-DEL01-SP
604579;02/06/2024;domingo;03:06:00;PB;101;11,4;MAMANGUAPE;Ingestão de álcool pelo condutor;Colisão com objeto;Sem Vítimas;Plena Noite;Decrescente;Céu Claro;Dupla;Reta;Sim;1;0;0;0;0;1;0;1;-6,59714833;-35,14467359;SPRF-PB;DEL01-PB;UOP04-DEL01-PB
604580;02/06/2024;domingo;03:52:00;GO;40;0,7;VALPARAISO DE GOIAS;Manobra de mudança de faixa;Colisão lateral mesmo sentido;Com Vítimas Feridas;Plena Noite;Crescente;Céu Claro;Dupla;Reta;Sim;2;0;1;0;1;0;1;2;-16,058245;-47,982825;SPRF-DF;DEL01-DF;UOP01-DEL01-DF
604581;02/06/2024;domingo;01:45:00;PR;277;671,4;MEDIANEIRA;Reação tardia ou ineficiente do condutor;Colisão traseira;Com Vítimas Feridas;Plena Noite;Crescente;Céu Claro;Dupla;Reta;Sim;6;0;2;2;2;0;4;3;-25,28490106;-54,08744898;SPRF-PR;DEL05-PR;UOP02-DEL05-PR
604583;02/06/2024;domingo;01:15:00;MT;364;557;ROSARIO OESTE;Ausência de reação do condutor;Saída de leito carroçável;Com Vítimas Feridas;Plena Noite;Decrescente;Céu Claro;Dupla;"Retorno Regulamentado;Reta";Não;2;0;1;0;1;0;1;1;-14,80097198;-56,40767703;SPRF-MT;DEL01-MT;UOP01-DEL01-MT
604584;02/06/2024;domingo;03:25:00;MT;364;436,8;VARZEA GRANDE;Animais na Pista;Atropelamento de Animal;Com Vítimas Feridas;Plena Noite;Crescente;Céu Claro;Múltipla;Reta;Sim;1;0;1;0;0;0;1;1;-15,62766572;-56,20536804;SPRF-MT;DEL01-MT;UOP02-DEL01-MT
604585;02/06/2024;domingo;03:58:00;MG;381;567,4;ITAGUARA;Condutor Dormindo;Saída de leito carroçável;Com Vítimas Feridas;Plena Noite;Decrescente;Céu Claro;Dupla;Reta;Não;1;0;0;1;0;0;1;1;-20,42174833;-44,53677185;SPRF-MG;DEL04-MG;UOP03-DEL04-MG
604586;02/06/2024;domingo;03:50:00;GO;60;387;RIO VERDE;Ingestão de álcool pelo condutor;Atropelamento de Pedestre;Com Vítimas Feridas;Plena Noite;Decrescente;Céu Claro;Dupla;"Aclive;Desvio Temporário;Curva";Sim;5;0;2;0;3;0;2;2;-17,8098;-50,9267;SPRF-GO;DEL04-GO;UOP02-DEL04-GO
604588;02/06/2024;domingo;04:10:00;GO;60;387;RIO VERDE;Reação tardia ou ineficiente do condutor;Queda de ocupante de veículo;Com Vítimas Feridas;Plena Noite;Decrescente;Nublado;Dupla;Desvio Temporário;Sim;1;0;0;1;0;0;1;1;-17,8098;-50,9267;SPRF-GO;DEL04-GO;UOP02-DEL04-GO
604589;02/06/2024;domingo;04:00:00;SP;116;107,7;TAUBATE;Reação tardia ou ineficiente do condutor;Colisão com objeto;Com Vítimas Feridas;Plena Noite;Crescente;Céu Claro;Dupla;Reta;Sim;1;0;1;0;0;0;1;1;-23,01791287;-45,53009409;SPRF-SP;DEL02-SP;UOP02-DEL02-SP
604591;02/06/2024;domingo;02:45:00;SC;101;333,7;TUBARAO;Desrespeitar a preferência no cruzamento;Colisão transversal;Com Vítimas Feridas;Plena Noite;Decrescente;Céu Claro;Múltipla;"Rotatória;Viaduto;Interseção de Vias";Sim;3;0;2;0;1;0;2;2;-28,4696816;-49,01496649;SPRF-SC;DEL02-SC;UOP01-DEL02-SC
604592;02/06/2024;domingo;05:00:00;SP;116;126;CACAPAVA;Reação tardia ou ineficiente do condutor;Colisão traseira;Com Vítimas Feridas;Plena Noite;Crescente;Céu Claro;Dupla;Reta;Sim;2;0;1;0;0;1;1;2;-23,10433057;-45,69425762;SPRF-SP;DEL02-SP;UOP02-DEL02-SP
604594;02/06/2024;domingo;04:40:00;PR;277;344;GUARAPUAVA;Velocidade Incompatível;Colisão com objeto;Sem Vítimas;Plena Noite;Decrescente;Céu Claro;Dupla;"Viaduto;Reta";Não;1;0;0;0;0;1;0;1;-25,33928412;-51,42880296;SPRF-PR;DEL08-PR;UOP01-DEL08-PR
604595;02/06/2024;domingo;05:15:00;SC;470;54,4;BLUMENAU;Acessar a via sem observar a presença dos outros veículos;Colisão transversal;Com Vítimas Feridas;Plena Noite;Decrescente;Céu Claro;Simples;Interseção de Vias;Sim;3;0;2;0;1;0;2;2;-26,871065;-49,110374;SPRF-SC;DEL04-SC;UOP01-DEL04-SC
604596;02/06/2024;domingo;05:20:00;MG;50;81;UBERLANDIA;Ingestão de álcool pelo condutor;Saída de leito carroçável;Com Vítimas Feridas;Amanhecer;Crescente;Céu Claro;Dupla;"Reta;Declive;Viaduto";Não;3;0;3;0;0;0;3;1;-18,96871771;-48,21487427;SPRF-MG;DEL15-MG;UOP01-DEL15-MG
604597;02/06/2024;domingo;05:00:00;PR;369;164;CAMBE;Reação tardia ou ineficiente do condutor;Saída de leito carroçável;Com Vítimas Feridas;Plena Noite;Decrescente;Céu Claro;Dupla;Reta;Não;1;0;1;0;0;0;1;1;-23,296368;-51,282029;SPRF-PR;DEL07-PR;UOP01-DEL07-PR
604598;02/06/2024;domingo;05:30:00;SP;116;207,7;GUARULHOS;Avarias e/ou desgaste excessivo no pneu;Tombamento;Com Vítimas Feridas;Amanhecer;Decrescente;Céu Claro;Dupla;Reta;Não;2;0;0;1;1;0;1;2;-23,41972188;-46,38419203;SPRF-SP;DEL01-SP;UOP01-DEL01-SP
604599;02/06/2024;domingo;01:35:00;PR;163;237,7;TOLEDO;Pedestre andava na pista;Atropelamento de Pedestre;Com Vítimas Feridas;Plena Noite;Crescente;Céu Claro;Dupla;"Aclive;Curva";Sim;2;0;0;1;0;1;1;2;-24,74118;-53,69347;SPRF-PR;DEL04-PR;UOP01-DEL04-PR
604600;02/06/2024;domingo;04:00:00;MA;226;3,4;TIMON;Velocidade Incompatível;Colisão transversal;Com Vítimas Fatais;Plena Noite;Crescente;Céu Claro;Dupla;"Reta;Retorno Regulamentado";Não;5;3;0;0;0;2;0;3;-5,1311846;-42,815704;SPRF-MA;DEL03-MA;UOP02-DEL03-MA
604601;02/06/2024;domingo;06:00:00;AP;210;0;MACAPA;Velocidade Incompatível;Colisão com objeto;Sem Vítimas;Amanhecer;Decrescente;Céu Claro;Dupla;Interseção de Vias;Sim;1;0;0;0;0;1;0;1;0,07780012;-51,06097;SPRF-AP;DEL01-AP;UOP01-DEL01-AP
604602;01/06/2024;sábado;23:30:00;MT;70;0,9;PONTAL DO ARAGUAIA;Deficiência do Sistema de Iluminação/Sinalização;Colisão transversal;Com Vítimas Feridas;Pleno dia;Crescente;Céu Claro;Simples;"Interseção de Vias;Reta";Sim;3;0;1;0;0;2;1;3;-15,89242614;-52,26065766;SPRF-MT;DEL07-MT;UOP01-DEL07-MT
604603;02/06/2024;domingo;02:00:00;PR;369;146;LONDRINA;Velocidade Incompatível;Colisão transversal;Com Vítimas Feridas;Plena Noite;Decrescente;Céu Claro;Dupla;"Retorno Regulamentado;Declive";Sim;3;0;1;0;2;0;1;2;-23,29320693;-51,12259805;SPRF-PR;DEL07-PR;UOP01-DEL07-PR
604604;02/06/2024;domingo;05:19:00;TO;153;259;COLINAS DO TOCANTINS;Reação tardia ou ineficiente do condutor;Colisão traseira;Com Vítimas Feridas;Plena Noite;Decrescente;Céu Claro;Simples;Reta;Não;3;0;3;0;0;0;3;2;-8,16260096;-48,46529974;SPRF-TO;DEL02-TO;UOP02-DEL02-TO
604605;02/06/2024;domingo;06:45:00;RS;472;568,2;URUGUAIANA;Condutor Dormindo;Colisão com objeto;Com Vítimas Feridas;Amanhecer;Crescente;Céu Claro;Simples;"Reta;Ponte";Não;1;0;1;0;0;0;1;1;-29,75301435;-56,99402332;SPRF-RS;DEL13-RS;UOP01-DEL13-RS
604606;02/06/2024;domingo;01:07:00;SC;470;40;BLUMENAU;Mal súbito do condutor;Saída de leito carroçável;Com Vítimas Feridas;Plena Noite;Crescente;Céu Claro;Simples;"Reta;Desvio Temporário";Não;1;0;0;1;0;0;1;1;-26,889574;-48,99094;SPRF-SC;DEL04-SC;UOP01-DEL04-SC
604608;02/06/2024;domingo;05:30:00;GO;60;229,4;CEZARINA;Afundamento ou ondulação no pavimento;Saída de leito carroçável;Com Vítimas Feridas;Amanhecer;Decrescente;Céu Claro;Dupla;Aclive;Não;5;0;3;2;0;0;5;1;-17,0484;-49,7858;SPRF-GO;DEL01-GO;UOP02-DEL01-GO
604609;02/06/2024;domingo;04:20:00;PA;230;562;ANAPU;Ingestão de álcool pelo condutor;Colisão frontal;Com Vítimas Feridas;Plena Noite;Crescente;Céu Claro;Simples;"Curva;Declive";Sim;2;0;1;0;1;0;1;2;-3,11028754;-51,63119979;SPRF-PA;DEL04-PA;UOP01-DEL04-PA
604612;02/06/2024;domingo;06:12:00;RO;364;705;PORTO VELHO;Ausência de reação do condutor;Colisão traseira;Com Vítimas Feridas;Amanhecer;Decrescente;Céu Claro;Dupla;Reta;Sim;2;0;0;1;1;0;1;2;-8,80031556;-63,813994;SPRF-RO;DEL01-RO;UOP01-DEL01-RO
604615;02/06/2024;domingo;06:30:00;SC;101;132;BALNEARIO CAMBORIU;Velocidade Incompatível;Saída de leito carroçável;Com Vítimas Feridas;Pleno dia;Crescente;Céu Claro;Múltipla;Reta;Sim;1;0;1;0;0;0;1;1;-26,99654133;-48,65564711;SPRF-SC;DEL04-SC;UOP03-DEL04-SC
604616;02/06/2024;domingo;05:00:00;MA;135;230;PERITORO;Ausência de reação do condutor;Tombamento;Com Vítimas Fatais;Amanhecer;Crescente;Nublado;Simples;Curva;Não;1;1;0;0;0;0;0;1;-4,41497111;-44,3493496;SPRF-MA;DEL03-MA;UOP01-DEL03-MA
604617;02/06/2024;domingo;05:40:00;BA;116;483;RAFAEL JAMBEIRO;Avarias e/ou desgaste excessivo no pneu;Saída de leito carroçável;Sem Vítimas;Amanhecer;Crescente;Chuva;Dupla;Reta;Não;2;0;0;0;2;0;0;1;-12,5209134;-39,3926248;SPRF-BA;DEL02-BA;UOP01-DEL02-BA
604619;02/06/2024;domingo;07:10:00;GO;153;329,2;RIANAPOLIS;Reação tardia ou ineficiente do condutor;Saída de leito carroçável;Com Vítimas Feridas;Pleno dia;Crescente;Céu Claro;Simples;Declive;Não;3;0;3;0;0;0;3;1;-15,519727;-49,468304;SPRF-GO;DEL02-GO;UOP02-DEL02-GO
604620;02/06/2024;domingo;06:40:00;BA;101;123;TEODORO SAMPAIO;Reação tardia ou ineficiente do condutor;Saída de leito carroçável;Com Vítimas Feridas;Pleno dia;Crescente;Chuva;Simples;Curva;Não;4;0;3;0;1;0;3;1;-12,18239275;-38,58123328;SPRF-BA;DEL01-BA;UOP04-DEL01-BA
604622;02/06/2024;domingo;06:45:00;PI;316;13;TERESINA;Acesso irregular;Colisão transversal;Com Vítimas Feridas;Pleno dia;Decrescente;Nublado;Dupla;Reta;Sim;3;0;0;2;1;0;2;2;-5,2096314;-42,75526995;SPRF-PI;DEL01-PI;UOP02-DEL01-PI
604623;02/06/2024;domingo;07:30:00;PR;376;470,8;PONTA GROSSA;Reação tardia ou ineficiente do condutor;Saída de leito carroçável;Com Vítimas Fatais;Pleno dia;Crescente;Céu Claro;Dupla;Curva;Não;1;1;0;0;0;0;0;1;-25,02135008;-50,33377647;SPRF-PR;DEL03-PR;UOP01-DEL03-PR
604625;02/06/2024;domingo;07:10:00;RJ;393;284,3;VOLTA REDONDA;Ingestão de álcool pelo condutor;Colisão traseira;Com Vítimas Feridas;Pleno dia;Decrescente;Céu Claro;Simples;Reta;Sim;3;0;1;0;2;0;1;3;-22,47341979;-44,05990606;SPRF-RJ;DEL05-RJ;UOP04-DEL05-RJ
604626;02/06/2024;domingo;05:30:00;DF;80;2,5;BRASILIA;Reação tardia ou ineficiente do condutor;Saída de leito carroçável;Com Vítimas Feridas;Amanhecer;Crescente;Ignorado;Simples;Curva;Não;2;0;1;0;1;0;1;1;-15,732491;-48,093361;SPRF-DF;DEL03-DF;UOP02-DEL03-DF
604627;02/06/2024;domingo;06:40:00;RJ;101;311;SAO GONCALO;Estacionar ou parar em local proibido;Colisão traseira;Com Vítimas Feridas;Pleno dia;Decrescente;Céu Claro;Dupla;Reta;Não;4;0;2;0;2;0;2;2;-22,80062246;-43,05318779;SPRF-RJ;DEL02-RJ;UOP02-DEL02-RJ
604628;02/06/2024;domingo;07:40:00;GO;60;129;GOIANAPOLIS;Condutor Dormindo;Capotamento;Com Vítimas Feridas;Pleno dia;Decrescente;Céu Claro;Dupla;Curva;Não;4;0;4;0;0;0;4;1;-16,5587;-49,1534;SPRF-GO;DEL01-GO;UOP01-DEL01-GO
604629;02/06/2024;domingo;08:00:00;RS;392;640,3;GUARANI DAS MISSOES;Acessar a via sem observar a presença dos outros veículos;Colisão transversal;Com Vítimas Feridas;Pleno dia;Crescente;Céu Claro;Simples;Reta;Não;3;0;0;1;2;0;1;2;-28,15054272;-54,53670608;SPRF-RS;DEL10-RS;UOP01-DEL10-RS
604631;02/06/2024;domingo;08:30:00;MG;40;724,5;BARBACENA;Reação tardia ou ineficiente do condutor;Colisão com objeto;Com Vítimas Feridas;Pleno dia;Crescente;Nevoeiro/Neblina;Dupla;Curva;Não;3;0;3;0;0;0;3;1;-21,30155719;-43,619587;SPRF-MG;DEL05-MG;UOP01-DEL05-MG
604632;02/06/2024;domingo;08:30:00;SC;101;134,5;BALNEARIO CAMBORIU;Reação tardia ou ineficiente do condutor;Tombamento;Com Vítimas Feridas;Pleno dia;Crescente;Céu Claro;Dupla;Reta;Sim;1;0;0;1;0;0;1;1;-27,00218;-48,636433;SPRF-SC;DEL04-SC;UOP03-DEL04-SC
604633;02/06/2024;domingo;08:40:00;RS;290;93,6;PORTO ALEGRE;Demais Fenômenos da natureza;Colisão traseira;Com Vítimas Feridas;Pleno dia;Decrescente;Sol;Múltipla;Reta;Não;3;0;2;0;1;0;2;2;-29,973856;-51,197853;SPRF-RS;DEL01-RS;UOP01-DEL01-RS
604634;28/04/2024;domingo;10:30:00;PR;376;460;PONTA GROSSA;Ausência de reação do condutor;Saída de leito carroçável;Sem Vítimas;Pleno dia;Crescente;Céu Claro;Dupla;Curva;Não;1;0;0;0;1;0;0;1;-25,00668306;-50,35541903;SPRF-PR;DEL03-PR;UOP01-DEL03-PR
604635;02/06/2024;domingo;10:25:00;CE;116;444;BARRO;Acessar a via sem observar a presença dos outros veículos;Colisão transversal;Com Vítimas Fatais;Pleno dia;Crescente;Céu Claro;Simples;Reta;Sim;2;1;0;0;0;1;0;2;-7,06101605;-38,78425444;SPRF-CE;DEL05-CE;UOP03-DEL05-CE
604636;02/06/2024;domingo;10:15:00;PB;101;88;JOAO PESSOA;Velocidade Incompatível;Colisão com objeto;Com Vítimas Feridas;Pleno dia;Crescente;Céu Claro;Simples;Curva;Sim;1;0;1;0;0;0;1;1;-7,16470016;-34,89993643;SPRF-PB;DEL01-PB;UOP01-DEL01-PB
604637;02/06/2024;domingo;10:00:00;RS;116;266,3;CANOAS;Demais falhas mecânicas ou elétricas;Tombamento;Com Vítimas Feridas;Pleno dia;Crescente;Sol;Múltipla;Reta;Não;1;0;1;0;0;0;1;1;-29,93484523;-51,17742192;SPRF-RS;DEL01-RS;UOP01-DEL01-RS
604638;02/06/2024;domingo;10:20:00;MG;40;497,8;ESMERALDAS;Reação tardia ou ineficiente do condutor;Colisão com objeto;Com Vítimas Feridas;Pleno dia;Decrescente;Céu Claro;Dupla;Reta;Não;1;0;0;1;0;0;1;1;-19,67802022;-44,18830216;SPRF-MG;DEL02-MG;UOP01-DEL02-MG
604639;02/06/2024;domingo;10:20:00;RJ;101;308;SAO GONCALO;Ausência de reação do condutor;Engavetamento;Com Vítimas Feridas;Pleno dia;Crescente;Céu Claro;Dupla;"Reta;Ponte;Declive";Não;4;0;1;0;3;0;1;3;-22,79067;-43,013334;SPRF-RJ;DEL02-RJ;UOP02-DEL02-RJ
604640;02/06/2024;domingo;11:00:00;SP;116;211;GUARULHOS;Reação tardia ou ineficiente do condutor;Colisão com objeto;Com Vítimas Feridas;Pleno dia;Crescente;Céu Claro;Múltipla;Reta;Sim;1;0;1;0;0;0;1;1;-23,4324306;-46,4194352;SPRF-SP;DEL01-SP;UOP01-DEL01-SP
604641;02/06/2024;domingo;10:55:00;ES;262;95,6;DOMINGOS MARTINS;Reação tardia ou ineficiente do condutor;Colisão traseira;Com Vítimas Feridas;Pleno dia;Crescente;Sol;Simples;Interseção de Vias;Sim;2;0;1;0;1;0;1;2;-20,3659225;-41,06040133;SPRF-ES;DEL01-ES;UOP02-DEL01-ES
604642;02/06/2024;domingo;11:10:00;MG;262;190;JOAO MONLEVADE;Condutor deixou de manter distância do veículo da frente;Colisão traseira;Com Vítimas Feridas;Pleno dia;Crescente;Céu Claro;Simples;Reta;Não;5;0;1;0;4;0;1;2;-19,88232457;-43,06905078;SPRF-MG;DEL03-MG;UOP01-DEL03-MG
604644;02/06/2024;domingo;10:40:00;SC;101;391,6;CRICIUMA;Desrespeitar a preferência no cruzamento;Colisão transversal;Com Vítimas Feridas;Pleno dia;Decrescente;Céu Claro;Simples;"Curva;Aclive;Interseção de Vias";Não;7;0;1;0;6;0;1;2;-28,80226254;-49,36560631;SPRF-SC;DEL02-SC;UOP02-DEL02-SC