id;data_inversa;dia_semana;horario;uf;br;km;municipio;causa_acidente;tipo_acidente;classificacao_acidente;fase_dia;sentido_via;condicao_metereologica;tipo_pista;tracado_via;uso_solo;pessoas;mortos;feridos_leves;feridos_graves;ilesos;ignorados;feridos;veiculos;latitude;longitude;regional;delegacia;uop
604760;02/06/2024;domingo;17:00:00;MG;40;652,6;CRISTIANO OTONI;Conversão proibida;Colisão transversal;Com Vítimas Feridas;Pleno dia;Decrescente;Céu Claro;Simples;Reta;Não;4;0;4;0;0;0;4;2;-20,84928454;-43,79881818;SPRF-MG;DEL05-MG;UOP02-DEL05-MG
604761;02/06/2024;domingo;17:51:00;MG;116;424,9;ALPERCATA;Acessar a via sem observar a presença dos outros veículos;Colisão transversal;Com Vítimas Feridas;Anoitecer;Decrescente;Céu Claro;Simples;Reta;Não;3;0;3;0;0;0;3;2;-18,95689528;-41,96500492;SPRF-MG;DEL06-MG;UOP01-DEL06-MG
604762;02/06/2024;domingo;12:00:00;RS;293;73;PIRATINI;Velocidade Incompatível;Saída de leito carroçável;Sem Vítimas;Pleno dia;Crescente;Céu Claro;Simples;Aclive;Não;1;0;0;0;1;0;0;1;-31,68088282;-53,05529098;SPRF-RS;DEL07-RS;UOP01-DEL07-RS
604763;02/06/2024;domingo;18:00:00;RS;392;123,3;CANGUCU;Reação tardia ou ineficiente do condutor;Tombamento;Com Vítimas Feridas;Plena Noite;Crescente;Céu Claro;Simples;Reta;Não;2;0;2;0;0;0;2;1;-31,37916505;-52,71298806;SPRF-RS;DEL07-RS;UOP01-DEL07-RS
604764;02/06/2024;domingo;18:10:00;RS;448;12;CANOAS;Objeto estático sobre o leito carroçável;Colisão traseira;Com Vítimas Feridas;Plena Noite;Crescente;Céu Claro;Dupla;"Curva;Declive";Não;4;0;2;0;2;0;2;2;-29,902521;-51,244774;SPRF-RS;DEL01-RS;UOP01-DEL01-RS
604765;02/06/2024;domingo;18:28:00;PE;232;23,8;MORENO;Pedestre cruzava a pista fora da faixa;Atropelamento de Pedestre;Com Vítimas Fatais;Plena Noite;Decrescente;Nublado;Dupla;Reta;Não;3;1;0;0;1;1;0;2;-8,10374;-35,1024;SPRF-PE;DEL01-PE;UOP01-DEL01-PE
604766;02/06/2024;domingo;18:30:00;RN;226;107,9;SANTA CRUZ;Acessar a via sem observar a presença dos outros veículos;Tombamento;Com Vítimas Feridas;Plena Noite;Crescente;Céu Claro;Simples;"Reta;Ponte;Declive";Não;2;0;2;0;0;0;2;2;-6,2449684;-35,98651488;SPRF-RN;DEL03-RN;UOP02-DEL03-RN
604767;02/06/2024;domingo;16:45:00;MS;60;128,6;PARAISO DAS AGUAS;Reação tardia ou ineficiente do condutor;Saída de leito carroçável;Com Vítimas Fatais;Pleno dia;Crescente;Céu Claro;Simples;Curva;Não;5;2;2;1;0;0;3;1;-19,33851663;-53,47003105;SPRF-MS;DEL06-MS;UOP02-DEL06-MS
604768;02/06/2024;domingo;17:50:00;PR;277;135;BALSA NOVA;Reação tardia ou ineficiente do condutor;Colisão traseira;Com Vítimas Feridas;Anoitecer;Decrescente;Céu Claro;Dupla;Reta;Não;5;0;1;0;4;0;1;2;-25,4707565;-49,6834152;SPRF-PR;DEL03-PR;UOP03-DEL03-PR
604769;02/06/2024;domingo;18:30:00;GO;40;11;LUZIANIA;Ingestão de álcool pelo condutor;Capotamento;Com Vítimas Feridas;Plena Noite;Decrescente;Céu Claro;Dupla;Reta;Sim;5;0;2;0;3;0;2;4;-16,138336;-47,951644;SPRF-DF;DEL01-DF;UOP01-DEL01-DF
604770;02/06/2024;domingo;19:20:00;GO;40;9;LUZIANIA;Ingestão de álcool pelo condutor;Colisão traseira;Com Vítimas Feridas;Plena Noite;Decrescente;Céu Claro;Dupla;"Reta;Retorno Regulamentado";Sim;3;0;1;0;2;0;1;3;-16,131158;-47,957739;SPRF-DF;DEL01-DF;UOP01-DEL01-DF
604771;02/06/2024;domingo;15:55:00;RS;285;71,7;BOM JESUS;Transitar na contramão;Colisão frontal;Com Vítimas Feridas;Pleno dia;Decrescente;Céu Claro;Simples;Reta;Não;4;0;0;4;0;0;4;2;-28,641708;-50,516819;SPRF-RS;DEL05-RS;UOP03-DEL05-RS
604772;02/06/2024;domingo;19:00:00;PE;101;128;ESCADA;Condutor deixou de manter distância do veículo da frente;Colisão traseira;Com Vítimas Feridas;Plena Noite;Decrescente;Chuva;Dupla;Reta;Sim;2;0;1;0;1;0;1;2;-8,37986492;-35,24406405;SPRF-PE;DEL01-PE;UOP03-DEL01-PE
604774;02/06/2024;domingo;17:30:00;SC;101;59;ARAQUARI;Condutor deixou de manter distância do veículo da frente;Tombamento;Com Vítimas Feridas;Anoitecer;Decrescente;Céu Claro;Dupla;Reta;Não;1;0;1;0;0;0;1;1;-26,44651734;-48,79426826;SPRF-SC;DEL03-SC;UOP02-DEL03-SC
604775;02/06/2024;domingo;19:30:00;PR;369;138,4;IBIPORA;Acessar a via sem observar a presença dos outros veículos;Colisão transversal;Com Vítimas Feridas;Plena Noite;Crescente;Céu Claro;Simples;"Curva;Interseção de Vias";Sim;2;0;0;1;0;1;1;2;-23,273443;-51,053396;SPRF-PR;DEL07-PR;UOP01-DEL07-PR
604777;02/06/2024;domingo;17:15:00;MG;262;537;LUZ;Condutor deixou de manter distância do veículo da frente;Engavetamento;Com Vítimas Feridas;Anoitecer;Decrescente;Céu Claro;Simples;Reta;Não;4;0;1;0;3;0;1;3;-19,77286917;-45,77984801;SPRF-MG;DEL08-MG;UOP02-DEL08-MG
604778;02/06/2024;domingo;18:25:00;RN;101;112;SAO JOSE DE MIPIBU;Transitar na contramão;Colisão frontal;Com Vítimas Feridas;Plena Noite;Decrescente;Céu Claro;Dupla;Reta;Não;2;0;1;0;0;1;1;2;-5,96429;-35,264877;SPRF-RN;DEL01-RN;UOP01-DEL01-RN
604779;02/06/2024;domingo;18:10:00;MG;262;664,8;IBIA;Ausência de reação do condutor;Colisão com objeto;Com Vítimas Feridas;Anoitecer;Crescente;Céu Claro;Simples;Curva;Não;1;0;1;0;0;0;1;1;-19,56216912;-46,75071816;SPRF-MG;DEL08-MG;UOP01-DEL08-MG
604780;02/06/2024;domingo;18:08:00;AC;364;135;RIO BRANCO;Ausência de reação do condutor;Colisão traseira;Sem Vítimas;Plena Noite;Crescente;Céu Claro;Dupla;Reta;Não;2;0;0;0;2;0;0;2;-9,98588117;-67,84523538;SPRF-AC;DEL01-AC;UOP01-DEL01-AC
604781;02/06/2024;domingo;19:45:00;GO;153;547,5;PIRACANJUBA;Manobra de mudança de faixa;Colisão lateral mesmo sentido;Com Vítimas Feridas;Plena Noite;Decrescente;Céu Claro;Dupla;"Reta;Declive";Não;3;0;2;0;0;1;2;2;-17,1147;-49,2132;SPRF-GO;DEL01-GO;UOP03-DEL01-GO
604782;02/06/2024;domingo;18:00:00;RS;290;262,4;CACHOEIRA DO SUL;Reação tardia ou ineficiente do condutor;Colisão transversal;Com Vítimas Feridas;Anoitecer;Decrescente;Céu Claro;Simples;"Rotatória;Reta;Declive";Não;5;0;1;1;3;0;2;2;-30,263657;-52,845249;SPRF-RS;DEL02-RS;UOP03-DEL02-RS
604783;02/06/2024;domingo;17:00:00;RS;392;314,6;SAO SEPE;Ausência de reação do condutor;Saída de leito carroçável;Com Vítimas Feridas;Pleno dia;Decrescente;Nublado;Simples;"Curva;Declive";Não;2;0;2;0;0;0;2;1;-30,037862;-53,679776;SPRF-RS;DEL09-RS;UOP01-DEL09-RS
604784;02/06/2024;domingo;19:20:00;RS;290;151;ARROIO DOS RATOS;Iluminação deficiente;Atropelamento de Pedestre;Com Vítimas Feridas;Plena Noite;Crescente;Céu Claro;Simples;Reta;Sim;2;0;0;1;1;0;1;2;-30,105392;-51,717197;SPRF-RS;DEL02-RS;UOP01-DEL02-RS
604785;02/06/2024;domingo;18:40:00;MG;267;302,8;CAXAMBU;Ingestão de álcool pelo condutor;Colisão lateral sentido oposto;Com Vítimas Feridas;Plena Noite;Crescente;Céu Claro;Simples;Reta;Não;7;0;0;2;5;0;2;2;-21,95712221;-44,91126081;SPRF-MG;DEL17-MG;UOP01-DEL17-MG
604786;02/06/2024;domingo;19:40:00;SC;470;119,7;IBIRAMA;Ingestão de álcool pelo condutor;Colisão lateral mesmo sentido;Com Vítimas Feridas;Plena Noite;Decrescente;Nublado;Simples;"Em Obras;Declive;Curva";Não;2;0;1;0;1;0;1;2;-27,08984863;-49,52035904;SPRF-SC;DEL04-SC;UOP02-DEL04-SC
604787;02/06/2024;domingo;18:50:00;BA;110;175;RIBEIRA DO POMBAL;Conversão proibida;Colisão transversal;Com Vítimas Feridas;Anoitecer;Crescente;Céu Claro;Simples;Reta;Sim;2;0;1;1;0;0;2;2;-10,844361;-38,531008;SPRF-BA;DEL07-BA;UOP02-DEL07-BA
604789;02/06/2024;domingo;19:50:00;ES;101;132;LINHARES;Ausência de reação do condutor;Colisão frontal;Com Vítimas Feridas;Plena Noite;Crescente;Céu Claro;Simples;Reta;Não;4;0;2;1;1;0;3;2;-19,24798699;-40,09078893;SPRF-ES;DEL04-ES;UOP01-DEL04-ES
604790;02/06/2024;domingo;19:00:00;PR;116;99;SAO JOSE DOS PINHAIS;Reação tardia ou ineficiente do condutor;Saída de leito carroçável;Com Vítimas Feridas;Plena Noite;Decrescente;Céu Claro;Dupla;Curva;Não;2;0;1;0;1;0;1;1;-25,52682231;-49,14038767;SPRF-PR;DEL01-PR;UOP07-DEL01-PR
604792;02/06/2024;domingo;18:45:00;PR;116;152;MANDIRITUBA;Acessar a via sem observar a presença dos outros veículos;Colisão transversal;Com Vítimas Feridas;Plena Noite;Crescente;Nublado;Dupla;"Reta;Interseção de Vias";Sim;3;0;1;0;1;1;1;2;-25,83236296;-49,33609707;SPRF-PR;DEL01-PR;UOP03-DEL01-PR
604795;02/06/2024;domingo;20:30:00;PR;277;7;PARANAGUA;Acumulo de areia ou detritos sobre o pavimento;Tombamento;Com Vítimas Feridas;Plena Noite;Crescente;Nublado;Simples;Curva;Não;2;0;2;0;0;0;2;1;-25,55993924;-48,58247101;SPRF-PR;DEL01-PR;UOP05-DEL01-PR
604797;02/06/2024;domingo;18:00:00;PR;163;57,8;PEROLA DOESTE;Ingestão de álcool pelo condutor;Saída de leito carroçável;Sem Vítimas;Pleno dia;Crescente;Céu Claro;Simples;"Reta;Aclive";Não;1;0;0;0;1;0;0;1;-25,93522941;-53,73763035;SPRF-PR;DEL02-PR;UOP02-DEL02-PR
604798;02/06/2024;domingo;21:00:00;RN;101;165,5;CANGUARETAMA;Demais falhas na via;Colisão com objeto;Com Vítimas Feridas;Plena Noite;Decrescente;Nublado;Dupla;Reta;Sim;3;0;1;1;1;0;2;1;-6,40913892;-35,13083887;SPRF-RN;DEL01-RN;UOP01-DEL01-RN
604799;02/06/2024;domingo;18:20:00;BA;407;129;SENHOR DO BONFIM;Ingestão de álcool pelo condutor;Colisão traseira;Sem Vítimas;Plena Noite;Decrescente;Chuva;Simples;Reta;Sim;2;0;0;0;2;0;0;2;-10,4789315;-40,1681952;SPRF-BA;DEL04-BA;UOP01-DEL04-BA
604800;02/06/2024;domingo;16:00:00;AM;174;1050;PRESIDENTE FIGUEIREDO;Pista esburacada;Capotamento;Com Vítimas Feridas;Pleno dia;Decrescente;Céu Claro;Simples;"Reta;Declive";Não;4;0;2;0;2;0;2;1;-1,58162692;-60,21535585;SPRF-AM;DEL01-AM;UOP02-DEL01-AM
604802;02/06/2024;domingo;21:00:00;SC;470;64;INDAIAL;Acessar a via sem observar a presença dos outros veículos;Colisão lateral mesmo sentido;Com Vítimas Feridas;Plena Noite;Decrescente;Céu Claro;Simples;Reta;Não;6;0;2;0;4;0;2;2;-26,869867;-49,201859;SPRF-SC;DEL04-SC;UOP01-DEL04-SC
604804;02/06/2024;domingo;19:30:00;BA;324;535;CONCEICAO DO JACUIPE;Ausência de reação do condutor;Colisão traseira;Com Vítimas Feridas;Plena Noite;Crescente;Nublado;Dupla;Reta;Sim;3;0;2;0;0;1;2;2;-12,36677487;-38,81687871;SPRF-BA;DEL01-BA;UOP03-DEL01-BA
604805;02/06/2024;domingo;19:30:00;MS;163;466,5;CAMPO GRANDE;Ingestão de álcool pelo condutor;Colisão traseira;Sem Vítimas;Plena Noite;Crescente;Céu Claro;Simples;Rotatória;Não;2;0;0;0;2;0;0;2;-20,58566898;-54,58258181;SPRF-MS;DEL01-MS;UOP01-DEL01-MS
604806;02/06/2024;domingo;15:15:00;RJ;40;114;DUQUE DE CAXIAS;Manobra de mudança de faixa;Colisão traseira;Sem Vítimas;Pleno dia;Crescente;Céu Claro;Dupla;Reta;Sim;3;0;0;0;2;1;0;3;-22,71853604;-43,28993324;SPRF-RJ;DEL01-RJ;UOP02-DEL01-RJ
604809;02/06/2024;domingo;18:45:00;MG;116;631,2;DIVINO;Transitar na contramão;Colisão frontal;Com Vítimas Feridas;Plena Noite;Crescente;Céu Claro;Simples;Reta;Não;4;0;3;0;1;0;3;2;-20,59252397;-42,20802857;SPRF-MG;DEL07-MG;UOP02-DEL07-MG
604810;02/06/2024;domingo;19:40:00;SC;282;38,7;AGUAS MORNAS;Trafegar com motocicleta (ou similar) entre as faixas;Colisão traseira;Com Vítimas Fatais;Plena Noite;Crescente;Céu Claro;Simples;Curva;Não;5;1;0;1;2;1;1;4;-27,713422;-48,858032;SPRF-SC;DEL01-SC;UOP03-DEL01-SC
604811;02/06/2024;domingo;20:30:00;RJ;101;304;SAO GONCALO;Reação tardia ou ineficiente do condutor;Colisão lateral mesmo sentido;Com Vítimas Feridas;Plena Noite;Crescente;Céu Claro;Dupla;Reta;Sim;5;0;2;0;3;0;2;2;-22,78491869;-42,98627706;SPRF-RJ;DEL02-RJ;UOP02-DEL02-RJ
604812;02/06/2024;domingo;20:15:00;BA;242;361;LENCOIS;Neblina;Queda de ocupante de veículo;Com Vítimas Feridas;Plena Noite;Crescente;Nevoeiro/Neblina;Simples;Reta;Não;3;0;0;1;2;0;1;2;-12,4725314;-41,38627052;SPRF-BA;DEL08-BA;N/A
604813;02/06/2024;domingo;19:35:00;SC;101;41,7;JOINVILLE;Acessar a via sem observar a presença dos outros veículos;Colisão traseira;Com Vítimas Feridas;Plena Noite;Decrescente;Céu Claro;Dupla;Reta;Sim;3;0;1;0;2;0;1;2;-26,28215489;-48,88973081;SPRF-SC;DEL03-SC;UOP01-DEL03-SC
604814;02/06/2024;domingo;21:30:00;AL;101;207,1;SAO SEBASTIAO;Acessar a via sem observar a presença dos outros veículos;Colisão transversal;Com Vítimas Feridas;Plena Noite;Decrescente;Céu Claro;Simples;Reta;Não;6;0;5;0;0;1;5;2;-9,98808171;-36,58125401;SPRF-AL;DEL02-AL;UOP02-DEL02-AL
604815;02/06/2024;domingo;20:10:00;MS;262;361;CAMPO GRANDE;Ausência de reação do condutor;Tombamento;Com Vítimas Feridas;Plena Noite;Crescente;Céu Claro;Dupla;Retorno Regulamentado;Não;2;0;2;0;0;0;2;1;-20,5189368;-54,71594677;SPRF-MS;DEL01-MS;UOP03-DEL01-MS
604816;02/06/2024;domingo;19:30:00;RJ;101;313;SAO GONCALO;Ausência de reação do condutor;Colisão traseira;Sem Vítimas;Plena Noite;Crescente;Céu Claro;Dupla;Reta;Não;2;0;0;0;2;0;0;2;-22,81049093;-43,06983304;SPRF-RJ;DEL02-RJ;UOP02-DEL02-RJ
604817;02/06/2024;domingo;22:30:00;RN;304;38;MOSSORO;Ausência de reação do condutor;Colisão com objeto;Sem Vítimas;Plena Noite;Crescente;Céu Claro;Dupla;Reta;Sim;1;0;0;0;0;1;0;1;-5,182465;-37,369575;SPRF-RN;DEL04-RN;UOP02-DEL04-RN
604818;02/06/2024;domingo;21:00:00;AL;101;176;TEOTONIO VILELA;Acessar a via sem observar a presença dos outros veículos;Colisão transversal;Com Vítimas Feridas;Plena Noite;Crescente;Ignorado;Simples;Reta;Sim;3;0;0;2;0;1;2;2;-9,89398192;-36,37454896;SPRF-AL;DEL02-AL;UOP02-DEL02-AL
604819;02/06/2024;domingo;21:05:00;PR;369;471,2;CORBELIA;Condutor deixou de manter distância do veículo da frente;Colisão traseira;Com Vítimas Feridas;Plena Noite;Crescente;Céu Claro;Simples;Curva;Não;4;0;2;0;1;1;2;2;-24,5796;-53,1765;SPRF-PR;DEL04-PR;UOP03-DEL04-PR
604820;02/06/2024;domingo;21:15:00;MG;40;618,9;CONGONHAS;Manobra de mudança de faixa;Colisão lateral mesmo sentido;Sem Vítimas;Plena Noite;Decrescente;Nublado;Simples;Curva;Não;2;0;0;0;2;0;0;2;-20,574761;-43,813024;SPRF-MG;DEL05-MG;UOP02-DEL05-MG
604821;02/06/2024;domingo;18:20:00;MG;262;664,8;IBIA;Objeto estático sobre o leito carroçável;Colisão com objeto;Com Vítimas Feridas;Anoitecer;Decrescente;Céu Claro;Simples;Reta;Não;2;0;2;0;0;0;2;1;-19,55448077;-46,77718163;SPRF-MG;DEL08-MG;UOP01-DEL08-MG
604822;02/06/2024;domingo;21:30:00;ES;262;114,5;CONCEICAO DO CASTELO;Acessar a via sem observar a presença dos outros veículos;Colisão transversal;Com Vítimas Feridas;Plena Noite;Decrescente;Nublado;Simples;Reta;Não;2;0;1;0;0;1;1;2;-20,32544863;-41,21078488;SPRF-ES;DEL01-ES;UOP02-DEL01-ES
604823;02/06/2024;domingo;20:00:00;PI;343;593;FLORIANO;Animais na Pista;Atropelamento de Animal;Com Vítimas Feridas;Plena Noite;Decrescente;Céu Claro;Simples;Reta;Sim;2;0;1;0;0;1;1;2;-6,781913;-43,038273;SPRF-PI;DEL03-PI;UOP01-DEL03-PI
604824;02/06/2024;domingo;18:30:00;MA;316;618,5;TIMON;Conversão proibida;Colisão transversal;Com Vítimas Feridas;Amanhecer;Crescente;Céu Claro;Simples;Reta;Sim;2;0;1;0;1;0;1;2;-5,111158;-42,826832;SPRF-MA;DEL03-MA;UOP02-DEL03-MA
604825;02/06/2024;domingo;20:40:00;PE;101;199,2;XEXEU;Demais falhas mecânicas ou elétricas;Atropelamento de Animal;Sem Vítimas;Plena Noite;Decrescente;Chuva;Dupla;Reta;Não;3;0;0;0;2;1;0;2;-8,76435921;-35,61464773;SPRF-PE;DEL01-PE;UOP03-DEL01-PE
604826;02/06/2024;domingo;20:30:00;SC;282;217,5;LAGES;Suicídio (presumido);Atropelamento de Pedestre;Com Vítimas Feridas;Plena Noite;Decrescente;Céu Claro;Simples;"Reta;Declive";Sim;3;0;1;0;1;1;1;2;-27,797916;-50,302944;SPRF-SC;DEL05-SC;UOP01-DEL05-SC
604827;02/06/2024;domingo;20:40:00;SC;101;269,5;PAULO LOPES;Demais falhas mecânicas ou elétricas;Colisão com objeto;Com Vítimas Feridas;Plena Noite;Crescente;Céu Claro;Múltipla;Reta;Sim;2;0;1;1;0;0;2;1;-28,08561804;-48,71086526;SPRF-SC;DEL02-SC;UOP03-DEL02-SC
604828;02/06/2024;domingo;15:30:00;RJ;116;191;QUEIMADOS;Condutor usando celular;Colisão traseira;Com Vítimas Feridas;Pleno dia;Decrescente;Céu Claro;Múltipla;Reta;Sim;1;0;1;0;0;0;1;1;-22,74421443;-43,509822;SPRF-RJ;DEL06-RJ;UOP01-DEL06-RJ
604829;02/06/2024;domingo;20:15:00;MT;163;598;NOVA MUTUM;Acessar a via sem observar a presença dos outros veículos;Colisão transversal;Com Vítimas Fatais;Plena Noite;Crescente;Céu Claro;Dupla;Reta;Sim;2;1;0;0;1;0;0;2;-13,92549497;-56,09416031;SPRF-MT;DEL01-MT;UOP01-DEL01-MT
604830;02/06/2024;domingo;16:30:00;RS;116;650,4;JAGUARAO;Ausência de reação do condutor;Saída de leito carroçável;Sem Vítimas;Pleno dia;Crescente;Nublado;Simples;Reta;Não;1;0;0;0;1;0;0;1;-32,52194116;-53,34417986;SPRF-RS;DEL07-RS;UOP03-DEL07-RS
604832;02/06/2024;domingo;23:00:00;MG;40;423;CURVELO;Demais falhas mecânicas ou elétricas;Incêndio;Sem Vítimas;Plena Noite;Crescente;Céu Claro;Dupla;Reta;Não;1;0;0;0;1;0;0;1;-19,15337404;-44,538155;SPRF-MG;DEL02-MG;UOP01-DEL02-MG
604833;02/06/2024;domingo;22:00:00;PR;277;168;PALMEIRA;Ausência de reação do condutor;Saída de leito carroçável;Com Vítimas Feridas;Plena Noite;Crescente;Céu Claro;Dupla;Rotatória;Não;3;0;3;0;0;0;3;1;-25,434722;-49,985517;SPRF-PR;DEL03-PR;UOP03-DEL03-PR
604834;02/06/2024;domingo;23:33:00;BA;324;606;SIMOES FILHO;Velocidade Incompatível;Colisão com objeto;Com Vítimas Feridas;Plena Noite;Decrescente;Céu Claro;Dupla;Reta;Não;1;0;1;0;0;0;1;1;-12,79340512;-38,40485325;SPRF-BA;DEL01-BA;UOP01-DEL01-BA
604836;02/06/2024;domingo;22:30:00;PA;163;980;SANTAREM;Ausência de reação do condutor;Saída de leito carroçável;Com Vítimas Feridas;Plena Noite;Crescente;Céu Claro;Simples;Reta;Sim;1;0;1;0;0;0;1;1;-2,63482156;-54,74836014;SPRF-PA;DEL05-PA;UOP01-DEL05-PA
604837;02/06/2024;domingo;23:00:00;MG;116;275;TEOFILO OTONI;Reação tardia ou ineficiente do condutor;Saída de leito carroçável;Com Vítimas Feridas;Plena Noite;Crescente;Céu Claro;Simples;Reta;Sim;2;0;1;0;0;1;1;2;-17,84235093;-41,51410418;SPRF-MG;DEL11-MG;UOP01-DEL11-MG
604839;02/06/2024;domingo;17:40:00;RJ;101;207,6;CASIMIRO DE ABREU;Acessar a via sem observar a presença dos outros veículos;Colisão transversal;Com Vítimas Fatais;Anoitecer;Crescente;Céu Claro;Simples;Curva;Não;4;1;0;0;3;0;0;2;-22,4776458;-42,21127001;SPRF-RJ;DEL08-RJ;UOP04-DEL08-RJ
604841;02/06/2024;domingo;16:10:00;SC;470;112;IBIRAMA;Velocidade Incompatível;Colisão traseira;Com Vítimas Feridas;Pleno dia;Crescente;Céu Claro;Simples;Reta;Não;3;0;2;0;1;0;2;2;-27,09701;-49,462887;SPRF-SC;DEL04-SC;UOP02-DEL04-SC
604842;02/06/2024;domingo;18:30:00;SC;280;206,5;MAFRA;Ingestão de álcool pelo condutor;Colisão lateral sentido oposto;Com Vítimas Fatais;Plena Noite;Decrescente;Nevoeiro/Neblina;Simples;Curva;Não;10;1;5;0;4;0;5;3;-26,1612574;-50,13125904;SPRF-SC;DEL06-SC;UOP01-DEL06-SC
604843;03/06/2024;segunda-feira;00:10:00;PB;230;153;CAMPINA GRANDE;Ausência de reação do condutor;Saída de leito carroçável;Sem Vítimas;Plena Noite;Crescente;Céu Claro;Simples;Reta;Não;1;0;0;0;0;1;0;1;-7,2763;-35,8887;SPRF-PB;DEL02-PB;UOP01-DEL02-PB
604844;02/06/2024;domingo;21:40:00;PR;153;373,5;RIO AZUL;Pedestre andava na pista;Atropelamento de Pedestre;Com Vítimas Fatais;Plena Noite;Crescente;Céu Claro;Simples;Reta;Não;2;1;0;0;1;0;0;2;-25,75354168;-50,83270701;SPRF-PR;DEL08-PR;UOP02-DEL08-PR
604846;02/06/2024;domingo;23:30:00;SC;101;287;IMBITUBA;Acessar a via sem observar a presença dos outros veículos;Atropelamento de Pedestre;Com Vítimas Fatais;Plena Noite;Crescente;Céu Claro;Dupla;Reta;Não;2;1;0;0;1;0;0;2;-28,2558851;-48,7035485;SPRF-SC;DEL02-SC;UOP03-DEL02-SC
604847;02/06/2024;domingo;20:15:00;BA;110;386;SAO SEBASTIAO DO PASSE;Transitar na contramão;Colisão lateral sentido oposto;Com Vítimas Feridas;Plena Noite;Crescente;Céu Claro;Simples;Curva;Não;2;0;2;0;0;0;2;2;-12,4994292;-38,4925396;SPRF-BA;DEL01-BA;UOP01-DEL01-BA
604848;02/06/2024;domingo;22:07:00;RO;364;805;PORTO VELHO;Ultrapassagem Indevida;Colisão frontal;Com Vítimas Fatais;Plena Noite;Crescente;Céu Claro;Simples;Reta;Sim;3;1;1;0;1;0;1;2;-9,26005255;-64,43983489;SPRF-RO;DEL01-RO;UOP02-DEL01-RO
604852;03/06/2024;segunda-feira;05:30:00;ES;101;49;CONCEICAO DA BARRA;Acessar a via sem observar a presença dos outros veículos;Colisão transversal;Com Vítimas Feridas;Amanhecer;Decrescente;Chuva;Simples;"Rotatória;Interseção de Vias";Não;3;0;2;0;1;0;2;2;-18,57725;-39,894962;SPRF-ES;DEL04-ES;UOP02-DEL04-ES
604853;03/06/2024;segunda-feira;03:40:00;ES;101;293;CARIACICA;Reação tardia ou ineficiente do condutor;Tombamento;Com Vítimas Feridas;Plena Noite;Decrescente;Céu Claro;Dupla;"Em Obras;Reta";Sim;2;0;1;0;0;1;1;1;-20,31526144;-40,39567044;SPRF-ES;DEL01-ES;UOP01-DEL01-ES
604854;03/06/2024;segunda-feira;04:40:00;PR;476;203,4;LAPA;Transitar na contramão;Colisão lateral mesmo sentido;Sem Vítimas;Plena Noite;Crescente;Céu Claro;Simples;"Reta;Declive";Não;2;0;0;0;2;0;0;2;-25,776426;-49,774784;SPRF-PR;DEL01-PR;UOP06-DEL01-PR
604855;03/06/2024;segunda-feira;05:10:00;MG;381;494;BETIM;Manobra de mudança de faixa;Colisão lateral mesmo sentido;Com Vítimas Feridas;Amanhecer;Decrescente;Céu Claro;Dupla;Reta;Sim;2;0;1;0;1;0;1;2;-19,985563;-44,20318;SPRF-MG;DEL01-MG;UOP03-DEL01-MG
604856;03/06/2024;segunda-feira;06:00:00;MG;381;487;BETIM;Ausência de reação do condutor;Colisão traseira;Com Vítimas Feridas;Amanhecer;Decrescente;Nublado;Dupla;"Curva;Aclive";Sim;2;0;1;0;1;0;1;2;-19,95586853;-44,14609501;SPRF-MG;DEL01-MG;UOP03-DEL01-MG
604857;03/06/2024;segunda-feira;05:50:00;MG;40;477,2;SETE LAGOAS;Pedestre andava na pista;Atropelamento de Pedestre;Com Vítimas Feridas;Amanhecer;Decrescente;Céu Claro;Múltipla;Reta;Sim;2;0;1;1;0;0;2;2;-19,52219;-44,26451;SPRF-MG;DEL02-MG;UOP01-DEL02-MG
604858;03/06/2024;segunda-feira;05:30:00;MG;365;594;INDIANOPOLIS;Animais na Pista;Atropelamento de Animal;Com Vítimas Feridas;Amanhecer;Crescente;Nevoeiro/Neblina;Simples;Reta;Não;2;0;2;0;0;0;2;1;-18,87258568;-48,07953688;SPRF-MG;DEL15-MG;UOP02-DEL15-MG
604859;03/06/2024;segunda-feira;00:50:00;RJ;116;142;DUQUE DE CAXIAS;Reação tardia ou ineficiente do condutor;Colisão traseira;Com Vítimas Feridas;Plena Noite;Crescente;Céu Claro;Dupla;Reta;Não;3;0;1;0;1;1;1;2;-22,64876087;-43,23031638;SPRF-RJ;DEL01-RJ;UOP02-DEL01-RJ
604860;03/06/2024;segunda-feira;05:00:00;BA;116;553;MILAGRES;Reação tardia ou ineficiente do condutor;Tombamento;Com Vítimas Feridas;Amanhecer;Decrescente;Nublado;Simples;"Aclive;Reta";Não;5;0;3;1;1;0;4;1;-12,8948229;-39,8605153;SPRF-BA;DEL03-BA;UOP02-DEL03-BA
604861;03/06/2024;segunda-feira;05:10:00;MG;116;529,5;CARATINGA;Animais na Pista;Atropelamento de Animal;Com Vítimas Feridas;Amanhecer;Decrescente;Céu Claro;Simples;Reta;Sim;1;0;1;0;0;0;1;1;-19,80209596;-42,13678193;SPRF-MG;DEL06-MG;UOP02-DEL06-MG
604862;03/06/2024;segunda-feira;06:30:00;SC;101;202,3;SAO JOSE;Ausência de reação do condutor;Colisão traseira;Com Vítimas Feridas;Pleno dia;Crescente;Céu Claro;Múltipla;Reta;Sim;2;0;1;0;1;0;1;2;-27,55711595;-48,61897889;SPRF-SC;DEL01-SC;UOP01-DEL01-SC