id;data_inversa;dia_semana;horario;uf;br;km;municipio;causa_acidente;tipo_acidente;classificacao_acidente;fase_dia;sentido_via;condicao_metereologica;tipo_pista;tracado_via;uso_solo;pessoas;mortos;feridos_leves;feridos_graves;ilesos;ignorados;feridos;veiculos;latitude;longitude;regional;delegacia;uop
604863;03/06/2024;segunda-feira;06:30:00;CE;116;3;FORTALEZA;Acessar a via sem observar a presença dos outros veículos;Colisão transversal;Com Vítimas Feridas;Pleno dia;Decrescente;Céu Claro;Múltipla;Reta;Sim;3;0;3;0;0;0;3;2;-3,77866493;-38,51490171;SPRF-CE;DEL01-CE;UOP02-DEL01-CE
604864;03/06/2024;segunda-feira;06:00:00;MG;40;517;RIBEIRAO DAS NEVES;Trafegar com motocicleta (ou similar) entre as faixas;Colisão transversal;Com Vítimas Feridas;Pleno dia;Crescente;Céu Claro;Dupla;"Reta;Interseção de Vias";Sim;2;0;1;0;1;0;1;2;-19,82949702;-44,08354087;SPRF-MG;DEL01-MG;UOP02-DEL01-MG
604865;03/06/2024;segunda-feira;04:30:00;RS;116;334;BARRA DO RIBEIRO;Ingestão de álcool pelo condutor;Saída de leito carroçável;Com Vítimas Feridas;Plena Noite;Decrescente;Céu Claro;Dupla;Reta;Não;2;0;2;0;0;0;2;1;-30,40938582;-51,4549982;SPRF-RS;DEL02-RS;UOP02-DEL02-RS
604867;03/06/2024;segunda-feira;05:10:00;RJ;356;149;CAMPOS DOS GOYTACAZES;Velocidade Incompatível;Colisão frontal;Com Vítimas Feridas;Amanhecer;Crescente;Céu Claro;Simples;Reta;Sim;3;0;1;0;2;0;1;2;-21,77241727;-41,28125956;SPRF-RJ;DEL08-RJ;UOP02-DEL08-RJ
604868;03/06/2024;segunda-feira;07:00:00;RS;116;243;SAO LEOPOLDO;Pista Escorregadia;Tombamento;Com Vítimas Feridas;Amanhecer;Decrescente;Chuva;Dupla;Reta;Sim;2;0;2;0;0;0;2;1;-29,73196199;-51,14952004;SPRF-RS;DEL01-RS;UOP02-DEL01-RS
604869;03/06/2024;segunda-feira;06:50:00;ES;101;270;SERRA;Reação tardia ou ineficiente do condutor;Colisão transversal;Com Vítimas Feridas;Pleno dia;Decrescente;Nublado;Dupla;Interseção de Vias;Não;2;0;0;1;1;0;1;2;-20,22662056;-40,27075088;SPRF-ES;DEL02-ES;UOP01-DEL02-ES
604870;03/06/2024;segunda-feira;06:52:00;SP;153;60;SAO JOSE DO RIO PRETO;Trafegar com motocicleta (ou similar) entre as faixas;Colisão lateral mesmo sentido;Com Vítimas Feridas;Pleno dia;Decrescente;Céu Claro;Dupla;Reta;Sim;2;0;1;0;1;0;1;2;-20,79627979;-49,35480206;SPRF-SP;DEL09-SP;UOP01-DEL09-SP
604871;03/06/2024;segunda-feira;06:45:00;RJ;101;328;RIO DE JANEIRO;Condutor deixou de manter distância do veículo da frente;Colisão traseira;Com Vítimas Feridas;Pleno dia;Crescente;Céu Claro;Dupla;Reta;Sim;2;0;1;0;1;0;1;2;-22,87028692;-43,16579699;SPRF-RJ;DEL02-RJ;UOP01-DEL02-RJ
604873;03/06/2024;segunda-feira;00:00:00;MA;316;550;CAXIAS;Ingestão de álcool pelo condutor;Colisão transversal;Com Vítimas Feridas;Plena Noite;Crescente;Céu Claro;Simples;Reta;Sim;3;0;3;0;0;0;3;2;-4,886773;-43,362507;SPRF-MA;DEL03-MA;UOP02-DEL03-MA
604875;03/06/2024;segunda-feira;06:30:00;PE;408;66;PAUDALHO;Condutor deixou de manter distância do veículo da frente;Colisão traseira;Sem Vítimas;Pleno dia;Crescente;Garoa/Chuvisco;Dupla;Reta;Não;3;0;0;0;2;1;0;2;-7,855512;-35,22154;SPRF-PE;DEL01-PE;UOP01-DEL01-PE
604876;02/06/2024;domingo;22:30:00;SC;282;412;CATANDUVAS;Reação tardia ou ineficiente do condutor;Colisão com objeto;Com Vítimas Feridas;Plena Noite;Decrescente;Céu Claro;Simples;Curva;Não;2;0;1;0;1;0;1;1;-27,055775;-51,688843;SPRF-SC;DEL07-SC;UOP05-DEL07-SC
604877;03/06/2024;segunda-feira;07:30:00;RJ;101;333;RIO DE JANEIRO;Mal súbito do condutor;Colisão transversal;Com Vítimas Feridas;Pleno dia;Crescente;Céu Claro;Dupla;Reta;Não;3;0;3;0;0;0;3;2;-22,87827816;-43,21053578;SPRF-RJ;DEL02-RJ;UOP01-DEL02-RJ
604878;03/06/2024;segunda-feira;07:30:00;RS;116;244;SAO LEOPOLDO;Pista Escorregadia;Tombamento;Com Vítimas Feridas;Pleno dia;Decrescente;Chuva;Dupla;Reta;Sim;1;0;1;0;0;0;1;1;-29,74088003;-51,15039566;SPRF-RS;DEL01-RS;UOP02-DEL01-RS
604879;03/06/2024;segunda-feira;06:40:00;GO;153;319;RIANAPOLIS;Animais na Pista;Atropelamento de Animal;Com Vítimas Feridas;Amanhecer;Crescente;Céu Claro;Dupla;Reta;Não;2;0;1;0;0;1;1;2;-15,43866;-49,509186;SPRF-GO;DEL02-GO;UOP02-DEL02-GO
604880;03/06/2024;segunda-feira;07:10:00;RJ;101;258;RIO BONITO;Demais Fenômenos da natureza;Queda de ocupante de veículo;Com Vítimas Feridas;Amanhecer;Crescente;Céu Claro;Dupla;Reta;Não;1;0;1;0;0;0;1;1;-22,7015937;-42,58693809;SPRF-RJ;DEL02-RJ;UOP03-DEL02-RJ
604882;03/06/2024;segunda-feira;07:40:00;RN;101;83;SAO GONCALO DO AMARANTE;Reação tardia ou ineficiente do condutor;Colisão traseira;Com Vítimas Feridas;Pleno dia;Crescente;Céu Claro;Dupla;Reta;Sim;3;0;1;0;2;0;1;2;-5,7710445;-35,26616981;SPRF-RN;DEL02-RN;UOP01-DEL02-RN
604883;03/06/2024;segunda-feira;07:50:00;RN;101;103;PARNAMIRIM;Pista Escorregadia;Colisão traseira;Com Vítimas Feridas;Pleno dia;Decrescente;Nublado;Dupla;Reta;Sim;2;0;1;0;1;0;1;2;-5,89034022;-35,24894996;SPRF-RN;DEL01-RN;UOP01-DEL01-RN
604884;03/06/2024;segunda-feira;07:20:00;BA;324;622;SALVADOR;Ausência de reação do condutor;Colisão traseira;Com Vítimas Feridas;Pleno dia;Decrescente;Chuva;Dupla;Reta;Não;3;0;1;0;2;0;1;2;-12,91888605;-38,46502095;SPRF-BA;DEL01-BA;UOP01-DEL01-BA
604885;03/06/2024;segunda-feira;07:30:00;MG;262;410;IGARATINGA;Ausência de reação do condutor;Saída de leito carroçável;Com Vítimas Feridas;Pleno dia;Decrescente;Céu Claro;Dupla;Reta;Não;1;0;1;0;0;0;1;1;-19,88686179;-44,63193985;SPRF-MG;DEL08-MG;UOP03-DEL08-MG
604886;03/06/2024;segunda-feira;07:20:00;PR;277;75;SAO JOSE DOS PINHAIS;Trafegar com motocicleta (ou similar) entre as faixas;Colisão lateral mesmo sentido;Com Vítimas Feridas;Amanhecer;Decrescente;Céu Claro;Dupla;Reta;Sim;3;0;1;0;2;0;1;2;-25,492489;-49,170904;SPRF-PR;DEL01-PR;UOP07-DEL01-PR
604890;03/06/2024;segunda-feira;07:50:00;SC;101;211;SAO JOSE;Trafegar com motocicleta (ou similar) entre as faixas;Colisão traseira;Com Vítimas Feridas;Pleno dia;Decrescente;Céu Claro;Múltipla;Reta;Sim;3;0;0;1;2;0;1;3;-27,62329313;-48,65245588;SPRF-SC;DEL01-SC;UOP02-DEL01-SC
604891;03/06/2024;segunda-feira;07:40:00;BA;235;351;JUAZEIRO;Acesso irregular;Colisão transversal;Com Vítimas Feridas;Pleno dia;Crescente;Nublado;Simples;Reta;Sim;3;0;1;1;1;0;2;2;-9,43994951;-40,49558401;SPRF-PE;DEL06-PE;UOP01-DEL06-PE
604893;02/06/2024;domingo;16:15:00;PR;476;255;ANTONIO OLINTO;Demais falhas na via;Colisão frontal;Sem Vítimas;Pleno dia;Decrescente;Céu Claro;Simples;Curva;Não;5;0;0;0;5;0;0;2;-25,8903843;-50,20121098;SPRF-PR;DEL02-PR;UOP03-DEL02-PR
604895;03/06/2024;segunda-feira;08:10:00;PR;376;598,4;CURITIBA;Ausência de reação do condutor;Colisão traseira;Com Vítimas Feridas;Pleno dia;Decrescente;Céu Claro;Dupla;Reta;Sim;2;0;1;0;1;0;1;2;-25,52083317;-49,33414936;SPRF-PR;DEL01-PR;UOP06-DEL01-PR
604896;03/06/2024;segunda-feira;07:45:00;BA;324;533;FEIRA DE SANTANA;Chuva;Queda de ocupante de veículo;Com Vítimas Feridas;Pleno dia;Decrescente;Chuva;Dupla;"Reta;Declive";Não;1;0;1;0;0;0;1;1;-12,34449694;-38,84017496;SPRF-BA;DEL01-BA;UOP03-DEL01-BA
604898;03/06/2024;segunda-feira;08:00:00;PB;230;13;CABEDELO;Reação tardia ou ineficiente do condutor;Colisão traseira;Com Vítimas Feridas;Pleno dia;Crescente;Chuva;Dupla;"Reta;Em Obras";Sim;2;0;1;0;1;0;1;2;-7,08297795;-34,84894037;SPRF-PB;DEL01-PB;UOP01-DEL01-PB
604901;03/06/2024;segunda-feira;06:30:00;RJ;116;146;DUQUE DE CAXIAS;Ausência de reação do condutor;Tombamento;Com Vítimas Feridas;Amanhecer;Crescente;Céu Claro;Dupla;Reta;Sim;2;0;1;0;1;0;1;1;-22,66687859;-43,26368215;SPRF-RJ;DEL01-RJ;UOP02-DEL01-RJ
604902;03/06/2024;segunda-feira;08:45:00;SC;101;203;SAO JOSE;Condutor deixou de manter distância do veículo da frente;Colisão traseira;Com Vítimas Feridas;Pleno dia;Crescente;Céu Claro;Múltipla;Reta;Sim;2;0;1;0;1;0;1;2;-27,5650044;-48,61460082;SPRF-SC;DEL01-SC;UOP01-DEL01-SC
604903;03/06/2024;segunda-feira;08:55:00;RJ;116;170;RIO DE JANEIRO;Ausência de reação do condutor;Queda de ocupante de veículo;Com Vítimas Feridas;Pleno dia;Decrescente;Céu Claro;Dupla;Reta;Não;1;0;1;0;0;0;1;1;-22,81113183;-43,3336729;SPRF-RJ;DEL06-RJ;UOP01-DEL06-RJ
604904;03/06/2024;segunda-feira;06:21:00;RJ;40;121;DUQUE DE CAXIAS;Manobra de mudança de faixa;Colisão traseira;Com Vítimas Feridas;Amanhecer;Crescente;Céu Claro;Dupla;Reta;Não;3;0;2;0;0;1;2;2;-22,78185499;-43,28571273;SPRF-RJ;DEL01-RJ;UOP02-DEL01-RJ
604905;03/06/2024;segunda-feira;08:45:00;RJ;101;317;SAO GONCALO;Reação tardia ou ineficiente do condutor;Queda de ocupante de veículo;Com Vítimas Feridas;Pleno dia;Crescente;Céu Claro;Dupla;Reta;Sim;1;0;1;0;0;0;1;1;-22,83707798;-43,09492006;SPRF-RJ;DEL02-RJ;UOP02-DEL02-RJ
604907;03/06/2024;segunda-feira;08:10:00;MA;135;32;SAO LUIS;Reação tardia ou ineficiente do condutor;Saída de leito carroçável;Com Vítimas Feridas;Pleno dia;Decrescente;Céu Claro;Dupla;Reta;Não;1;0;1;0;0;0;1;1;-2,82208;-44,37442879;SPRF-MA;DEL01-MA;UOP01-DEL01-MA
604909;03/06/2024;segunda-feira;08:40:00;PB;101;122;CAAPORA;Acumulo de água sobre o pavimento;Saída de leito carroçável;Com Vítimas Feridas;Pleno dia;Decrescente;Chuva;Dupla;"Retorno Regulamentado;Reta;Aclive";Não;3;0;3;0;0;0;3;1;-7,453037;-34,98015717;SPRF-PB;DEL01-PB;UOP02-DEL01-PB
604910;01/06/2024;sábado;13:40:00;RS;116;270;PORTO ALEGRE;Acesso irregular;Colisão frontal;Com Vítimas Feridas;Pleno dia;Decrescente;Céu Claro;Dupla;Reta;Sim;5;0;1;0;4;0;1;2;-29,96839095;-51,17623895;SPRF-RS;DEL01-RS;UOP01-DEL01-RS
604911;03/06/2024;segunda-feira;08:55:00;RS;470;215;BENTO GONCALVES;Pista Escorregadia;Saída de leito carroçável;Sem Vítimas;Pleno dia;Decrescente;Garoa/Chuvisco;Simples;"Curva;Declive";Sim;1;0;0;0;1;0;0;1;-29,150635;-51,530241;SPRF-RS;DEL06-RS;UOP01-DEL06-RS
604912;03/06/2024;segunda-feira;09:10:00;SP;116;226;GUARULHOS;Condutor deixou de manter distância do veículo da frente;Colisão traseira;Com Vítimas Feridas;Pleno dia;Crescente;Céu Claro;Múltipla;Reta;Sim;3;0;1;0;2;0;1;3;-23,49102507;-46,54878195;SPRF-SP;DEL01-SP;UOP01-DEL01-SP
604913;03/06/2024;segunda-feira;09:25:00;RJ;393;285;VOLTA REDONDA;Reação tardia ou ineficiente do condutor;Engavetamento;Com Vítimas Feridas;Pleno dia;Crescente;Céu Claro;Simples;"Reta;Declive";Sim;3;0;1;0;2;0;1;3;-22,5057684;-44,0749702;SPRF-RJ;DEL05-RJ;UOP04-DEL05-RJ
604915;03/06/2024;segunda-feira;10:30:00;RN;101;103;PARNAMIRIM;Velocidade Incompatível;Colisão traseira;Com Vítimas Feridas;Pleno dia;Decrescente;Céu Claro;Dupla;Reta;Sim;2;0;1;0;1;0;1;2;-5,89034022;-35,24894996;SPRF-RN;DEL01-RN;UOP01-DEL01-RN
604916;03/06/2024;segunda-feira;10:20:00;SP;116;219;GUARULHOS;Reação tardia ou ineficiente do condutor;Colisão lateral mesmo sentido;Com Vítimas Feridas;Pleno dia;Crescente;Nublado;Múltipla;"Em Obras;Reta;Viaduto";Sim;2;0;1;0;1;0;1;2;-23,46143954;-46,48885316;SPRF-SP;DEL01-SP;UOP01-DEL01-SP
604918;03/06/2024;segunda-feira;10:20:00;DF;70;15;BRASILIA;Reação tardia ou ineficiente do condutor;Queda de ocupante de veículo;Com Vítimas Feridas;Pleno dia;Decrescente;Céu Claro;Dupla;"Rotatória;Reta";Não;1;0;1;0;0;0;1;1;-15,798888;-48,185043;SPRF-DF;DEL03-DF;UOP02-DEL03-DF
604919;03/06/2024;segunda-feira;09:29:00;PR;369;89;CORNELIO PROCOPIO;Acesso irregular;Colisão com objeto;Com Vítimas Feridas;Pleno dia;Decrescente;Céu Claro;Dupla;"Aclive;Reta";Sim;2;0;1;1;0;0;2;2;-23,19084285;-50,64732671;SPRF-PR;DEL07-PR;UOP05-DEL07-PR
604920;03/06/2024;segunda-feira;10:35:00;PB;101;84;BAYEUX;Ausência de reação do condutor;Queda de ocupante de veículo;Com Vítimas Feridas;Pleno dia;Crescente;Chuva;Dupla;Reta;Sim;2;0;1;0;1;0;1;2;-7,13957906;-34,92312806;SPRF-PB;DEL01-PB;UOP01-DEL01-PB
604924;03/06/2024;segunda-feira;10:45:00;DF;60;5,5;BRASILIA;Manobra de mudança de faixa;Colisão transversal;Com Vítimas Feridas;Pleno dia;Crescente;Céu Claro;Dupla;Reta;Sim;5;0;1;0;4;0;1;2;-15,89709;-48,110398;SPRF-DF;DEL03-DF;UOP01-DEL03-DF
604925;03/06/2024;segunda-feira;10:35:00;RN;304;248;RIACHUELO;Demais falhas mecânicas ou elétricas;Colisão traseira;Sem Vítimas;Pleno dia;Crescente;Céu Claro;Simples;Declive;Não;4;0;0;0;4;0;0;2;-5,82729895;-35,77145399;SPRF-RN;DEL01-RN;UOP02-DEL01-RN
604926;02/06/2024;domingo;23:15:00;RS;468;92,5;TRES PASSOS;Velocidade Incompatível;Saída de leito carroçável;Com Vítimas Fatais;Plena Noite;Decrescente;Nublado;Simples;Reta;Não;1;1;0;0;0;0;0;1;-27,52147;-53,87527;SPRF-RS;DEL08-RS;UOP02-DEL08-RS
604928;03/06/2024;segunda-feira;10:45:00;MG;40;606,7;CONGONHAS;Desrespeitar a preferência no cruzamento;Colisão transversal;Com Vítimas Feridas;Pleno dia;Decrescente;Sol;Simples;Interseção de Vias;Sim;2;0;1;0;1;0;1;2;-20,47573167;-43,84277143;SPRF-MG;DEL05-MG;UOP02-DEL05-MG
604929;01/06/2024;sábado;05:25:00;SC;282;525;XAXIM;Ingestão de substâncias psicoativas pelo condutor;Saída de leito carroçável;Com Vítimas Feridas;Plena Noite;Decrescente;Céu Claro;Simples;Curva;Não;2;0;1;0;1;0;1;1;-26,9507675;-52,5283699;SPRF-SC;DEL07-SC;UOP01-DEL07-SC
604931;03/06/2024;segunda-feira;08:15:00;RJ;101;304;SAO GONCALO;Acessar a via sem observar a presença dos outros veículos;Colisão traseira;Com Vítimas Feridas;Pleno dia;Decrescente;Céu Claro;Dupla;Reta;Não;3;0;0;2;1;0;2;2;-22,78491869;-42,98627706;SPRF-RJ;DEL02-RJ;UOP02-DEL02-RJ
604933;22/05/2024;quarta-feira;15:10:00;RO;364;711,9;PORTO VELHO;Condutor deixou de manter distância do veículo da frente;Queda de ocupante de veículo;Com Vítimas Feridas;Pleno dia;Decrescente;Céu Claro;Dupla;Reta;Não;1;0;1;0;0;0;1;1;-8,77748306;-63,87324035;SPRF-RO;DEL01-RO;UOP01-DEL01-RO
604934;03/06/2024;segunda-feira;08:25:00;GO;153;98;SANTA TEREZA DE GOIAS;Ausência de reação do condutor;Colisão traseira;Com Vítimas Feridas;Pleno dia;Crescente;Sol;Simples;"Reta;Declive";Não;3;0;1;0;2;0;1;2;-13,638148;-49,04092;SPRF-GO;DEL07-GO;UOP01-DEL07-GO
604935;03/06/2024;segunda-feira;10:40:00;MS;163;356,5;NOVA ALVORADA DO SUL;Condutor Dormindo;Capotamento;Com Vítimas Feridas;Pleno dia;Decrescente;Céu Claro;Simples;Reta;Não;3;0;2;0;1;0;2;1;-21,52456496;-54,40436509;SPRF-MS;DEL02-MS;UOP01-DEL02-MS
604937;03/06/2024;segunda-feira;11:20:00;SP;381;89;GUARULHOS;Ausência de reação do condutor;Colisão traseira;Com Vítimas Feridas;Pleno dia;Crescente;Céu Claro;Múltipla;Reta;Sim;2;0;1;0;1;0;1;2;-23,48469299;-46,55983288;SPRF-SP;DEL03-SP;UOP01-DEL03-SP
604938;03/06/2024;segunda-feira;12:00:00;RN;101;107;PARNAMIRIM;Manobra de mudança de faixa;Colisão lateral mesmo sentido;Com Vítimas Feridas;Pleno dia;Decrescente;Chuva;Dupla;Reta;Sim;2;0;1;0;1;0;1;2;-5,91920796;-35,26412409;SPRF-RN;DEL01-RN;UOP01-DEL01-RN
604940;03/06/2024;segunda-feira;07:20:00;RJ;116;227,2;PIRAI;Reação tardia ou ineficiente do condutor;Queda de ocupante de veículo;Com Vítimas Feridas;Pleno dia;Decrescente;Céu Claro;Dupla;Curva;Não;1;0;1;0;0;0;1;1;-22,66505586;-43,8208548;SPRF-RJ;DEL07-RJ;UOP01-DEL07-RJ
604941;03/06/2024;segunda-feira;11:00:00;SP;116;227;SAO PAULO;Reação tardia ou ineficiente do condutor;Colisão traseira;Com Vítimas Feridas;Pleno dia;Crescente;Céu Claro;Múltipla;Reta;Sim;2;0;1;0;0;1;1;2;-23,49659264;-46,55648754;SPRF-SP;DEL01-SP;UOP01-DEL01-SP
604942;03/06/2024;segunda-feira;11:30:00;RJ;116;86;TERESOPOLIS;Acessar a via sem observar a presença dos outros veículos;Colisão transversal;Sem Vítimas;Pleno dia;Decrescente;Céu Claro;Simples;Reta;Sim;2;0;0;0;2;0;0;2;-22,43671224;-42,94971377;SPRF-RJ;DEL04-RJ;UOP01-DEL04-RJ
604943;03/06/2024;segunda-feira;12:10:00;PB;230;14;CABEDELO;Ausência de reação do condutor;Colisão traseira;Com Vítimas Feridas;Pleno dia;Decrescente;Chuva;Dupla;Reta;Sim;2;0;1;0;1;0;1;2;-7,0844;-34,8488;SPRF-PB;DEL01-PB;UOP01-DEL01-PB
604945;03/06/2024;segunda-feira;11:20:00;DF;60;1,9;BRASILIA;Manobra de mudança de faixa;Colisão lateral mesmo sentido;Com Vítimas Feridas;Pleno dia;Decrescente;Sol;Dupla;Reta;Sim;9;0;1;0;8;0;1;4;-15,885093;-48,068954;SPRF-DF;DEL03-DF;UOP01-DEL03-DF
604946;03/06/2024;segunda-feira;12:30:00;SP;381;29;ATIBAIA;Acesso irregular;Atropelamento de Pedestre;Com Vítimas Feridas;Pleno dia;Decrescente;Céu Claro;Dupla;Reta;Sim;2;0;1;0;1;0;1;2;-23,04177622;-46,55896672;SPRF-SP;DEL03-SP;UOP02-DEL03-SP
604947;03/06/2024;segunda-feira;12:22:00;ES;101;282,9;CARIACICA;Curva acentuada;Tombamento;Com Vítimas Feridas;Pleno dia;Decrescente;Chuva;Dupla;Curva;Não;2;0;2;0;0;0;2;1;-20,22694;-40,36458;SPRF-ES;DEL01-ES;UOP01-DEL01-ES
604948;03/06/2024;segunda-feira;12:10:00;SP;116;475,9;JACUPIRANGA;Reação tardia ou ineficiente do condutor;Colisão traseira;Com Vítimas Feridas;Pleno dia;Decrescente;Céu Claro;Dupla;Reta;Sim;2;0;1;0;1;0;1;2;-24,68648001;-47,98910399;SPRF-SP;DEL05-SP;UOP01-DEL05-SP
604949;03/06/2024;segunda-feira;10:55:00;MA;316;421;PERITORO;Acessar a via sem observar a presença dos outros veículos;Colisão transversal;Com Vítimas Feridas;Pleno dia;Decrescente;Sol;Simples;Reta;Sim;2;0;0;1;1;0;1;2;-4,35627;-44,363815;SPRF-MA;DEL03-MA;UOP01-DEL03-MA
604951;03/06/2024;segunda-feira;12:54:00;RN;101;96;NATAL;Ausência de reação do condutor;Colisão traseira;Com Vítimas Feridas;Pleno dia;Decrescente;Céu Claro;Dupla;Reta;Não;2;0;2;0;0;0;2;2;-5,84949622;-35,20890752;SPRF-RN;DEL01-RN;UOP01-DEL01-RN
604953;03/06/2024;segunda-feira;11:00:00;RJ;40;119;DUQUE DE CAXIAS;Ausência de reação do condutor;Colisão com objeto;Com Vítimas Feridas;Pleno dia;Crescente;Céu Claro;Dupla;Reta;Sim;1;0;1;0;0;0;1;1;-22,76375592;-43,28683062;SPRF-RJ;DEL01-RJ;UOP02-DEL01-RJ
604954;03/06/2024;segunda-feira;13:40:00;ES;262;17,9;VIANA;Ausência de reação do condutor;Saída de leito carroçável;Com Vítimas Feridas;Pleno dia;Crescente;Céu Claro;Simples;Curva;Sim;3;0;3;0;0;0;3;1;-20,38635961;-40,47272969;SPRF-ES;DEL01-ES;UOP01-DEL01-ES
604956;03/06/2024;segunda-feira;13:10:00;SC;101;204,7;SAO JOSE;Reação tardia ou ineficiente do condutor;Colisão lateral mesmo sentido;Com Vítimas Feridas;Pleno dia;Decrescente;Céu Claro;Múltipla;Reta;Sim;2;0;0;1;1;0;1;2;-27,57413014;-48,61363083;SPRF-SC;DEL01-SC;UOP01-DEL01-SC
604957;03/06/2024;segunda-feira;12:50:00;MS;163;151;JUTI;Carga excessiva e/ou mal acondicionada;Saída de leito carroçável;Com Vítimas Feridas;Pleno dia;Decrescente;Nublado;Simples;Reta;Não;2;0;1;1;0;0;2;1;-22,94923801;-54,45402001;SPRF-MS;DEL09-MS;UOP01-DEL09-MS
604958;03/06/2024;segunda-feira;13:20:00;SC;101;208;SAO JOSE;Manobra de mudança de faixa;Colisão lateral mesmo sentido;Com Vítimas Feridas;Pleno dia;Decrescente;Céu Claro;Dupla;"Reta;Interseção de Vias";Sim;2;0;1;0;1;0;1;2;-27,60327979;-48,63201818;SPRF-SC;DEL01-SC;UOP01-DEL01-SC
604959;01/06/2024;sábado;18:40:00;RS;116;269;CANOAS;Reação tardia ou ineficiente do condutor;Colisão com objeto;Com Vítimas Feridas;Plena Noite;Crescente;Garoa/Chuvisco;Dupla;Reta;Sim;1;0;1;0;0;0;1;1;-29,95942501;-51,17608515;SPRF-RS;DEL01-RS;UOP01-DEL01-RS
604960;03/06/2024;segunda-feira;12:00:00;RJ;101;382,8;RIO DE JANEIRO;Demais falhas mecânicas ou elétricas;Incêndio;Com Vítimas Feridas;Pleno dia;Crescente;Sol;Dupla;Reta;Sim;1;0;1;0;0;0;1;1;-22,87265669;-43,60655915;SPRF-RJ;DEL03-RJ;UOP01-DEL03-RJ
604961;03/06/2024;segunda-feira;13:47:00;BA;324;620;SALVADOR;Ausência de reação do condutor;Tombamento;Com Vítimas Feridas;Pleno dia;Crescente;Céu Claro;Dupla;Reta;Não;2;0;2;0;0;0;2;1;-12,90482172;-38,45556535;SPRF-BA;DEL01-BA;UOP01-DEL01-BA
604963;03/06/2024;segunda-feira;14:00:00;PI;343;267,9;CAMPO MAIOR;Conversão proibida;Colisão transversal;Com Vítimas Feridas;Pleno dia;Crescente;Céu Claro;Simples;Reta;Sim;3;0;1;1;1;0;2;2;-4,836484;-42,181347;SPRF-PI;DEL01-PI;UOP03-DEL01-PI
604964;03/06/2024;segunda-feira;14:20:00;SP;116;165;JACAREI;Manobra de mudança de faixa;Colisão transversal;Com Vítimas Feridas;Pleno dia;Crescente;Céu Claro;Múltipla;Reta;Não;2;0;1;0;1;0;1;2;-23,29691791;-46,00798704;SPRF-SP;DEL02-SP;UOP01-DEL02-SP
604965;29/05/2024;quarta-feira;05:45:00;PR;163;10,6;BARRACAO;Ingestão de álcool pelo condutor;Colisão frontal;Sem Vítimas;Amanhecer;Decrescente;Nublado;Simples;Curva;Sim;2;0;0;0;2;0;0;2;-26,25066;-53,635523;SPRF-PR;DEL02-PR;UOP02-DEL02-PR
604966;03/06/2024;segunda-feira;12:03:00;ES;101;192;ARACRUZ;Ausência de reação do condutor;Saída de leito carroçável;Sem Vítimas;Pleno dia;Decrescente;Céu Claro;Simples;"Reta;Declive";Não;1;0;0;0;0;1;0;1;-19,69395586;-40,29498207;SPRF-ES;DEL04-ES;UOP01-DEL04-ES
604967;03/06/2024;segunda-feira;14:40:00;GO;60;204;GUAPO;Ausência de reação do condutor;Colisão traseira;Com Vítimas Feridas;Pleno dia;Decrescente;Sol;Dupla;Reta;Sim;3;0;1;0;2;0;1;2;-16,8995;-49,6387;SPRF-GO;DEL01-GO;UOP02-DEL01-GO
604968;03/06/2024;segunda-feira;14:00:00;ES;101;159;LINHARES;Conversão proibida;Colisão transversal;Com Vítimas Feridas;Pleno dia;Decrescente;Céu Claro;Simples;Curva;Sim;3;0;2;0;1;0;2;3;-19,4684012;-40,1102557;SPRF-ES;DEL04-ES;UOP01-DEL04-ES
604970;03/06/2024;segunda-feira;13:25:00;BA;116;427;FEIRA DE SANTANA;Demais falhas mecânicas ou elétricas;Incêndio;Sem Vítimas;Pleno dia;Crescente;Céu Claro;Dupla;Declive;Não;1;0;0;0;1;0;0;1;-12,25241793;-38,98887036;SPRF-BA;DEL02-BA;UOP01-DEL02-BA
604971;03/06/2024;segunda-feira;13:00:00;RO;364;426;JARU;Manobra de mudança de faixa;Colisão lateral mesmo sentido;Sem Vítimas;Pleno dia;Decrescente;Céu Claro;Simples;"Reta;Interseção de Vias;Rotatória";Sim;2;0;0;0;2;0;0;2;-10,432443;-62,479584;SPRF-RO;DEL03-RO;UOP02-DEL03-RO
604972;03/06/2024;segunda-feira;11:10:00;SC;163;72,3;SAO MIGUEL DO OESTE;Acessar a via sem observar a presença dos outros veículos;Colisão transversal;Com Vítimas Feridas;Pleno dia;Crescente;Céu Claro;Dupla;Reta;Sim;2;0;0;1;1;0;1;2;-26,71908804;-53,5157791;SPRF-SC;DEL07-SC;UOP03-DEL07-SC
604974;03/06/2024;segunda-feira;09:35:00;PA;163;982;SANTAREM;Acesso irregular;Colisão lateral mesmo sentido;Com Vítimas Feridas;Pleno dia;Crescente;Céu Claro;Simples;Reta;Sim;3;0;0;2;1;0;2;2;-2,6226074;-54,73532058;SPRF-PA;DEL05-PA;UOP01-DEL05-PA
604976;03/06/2024;segunda-feira;10:00:00;PR;476;278;SAO MATEUS DO SUL;Desrespeitar a preferência no cruzamento;Colisão transversal;Com Vítimas Feridas;Pleno dia;Decrescente;Céu Claro;Simples;Rotatória;Não;2;0;0;1;1;0;1;2;-25,868753;-50,396477;SPRF-PR;DEL02-PR;UOP03-DEL02-PR
604977;03/06/2024;segunda-feira;14:30:00;BA;110;122;ANTAS;Ausência de reação do condutor;Colisão traseira;Com Vítimas Feridas;Pleno dia;Decrescente;Céu Claro;Simples;Reta;Não;5;0;1;0;4;0;1;2;-10,47304004;-38,37725019;SPRF-BA;DEL07-BA;UOP02-DEL07-BA