id;data_inversa;dia_semana;horario;uf;br;km;municipio;causa_acidente;tipo_acidente;classificacao_acidente;fase_dia;sentido_via;condicao_metereologica;tipo_pista;tracado_via;uso_solo;pessoas;mortos;feridos_leves;feridos_graves;ilesos;ignorados;feridos;veiculos;latitude;longitude;regional;delegacia;uop
604982;03/06/2024;segunda-feira;13:58:00;BA;116;913;ENCRUZILHADA;Ingestão de álcool pelo condutor;Saída de leito carroçável;Com Vítimas Feridas;Pleno dia;Crescente;Nublado;Simples;Reta;Não;1;0;1;0;0;0;1;1;-15,46214295;-41,23460306;SPRF-BA;DEL08-BA;UOP03-DEL08-BA
604984;03/06/2024;segunda-feira;16:20:00;PB;230;133;MASSARANDUBA;Reação tardia ou ineficiente do condutor;Saída de leito carroçável;Sem Vítimas;Pleno dia;Crescente;Chuva;Dupla;Curva;Não;1;0;0;0;1;0;0;1;-7,2767;-35,7464;SPRF-PB;DEL02-PB;UOP01-DEL02-PB
604986;03/06/2024;segunda-feira;16:30:00;MG;50;176;UBERABA;Demais falhas mecânicas ou elétricas;Tombamento;Com Vítimas Feridas;Pleno dia;Crescente;Nublado;Dupla;Reta;Não;1;0;0;1;0;0;1;1;-19,77919981;-47,960032;SPRF-MG;DEL13-MG;UOP01-DEL13-MG
604988;03/06/2024;segunda-feira;17:10:00;ES;101;269,7;SERRA;Acessar a via sem observar a presença dos outros veículos;Colisão transversal;Com Vítimas Feridas;Anoitecer;Crescente;Nublado;Dupla;Reta;Sim;2;0;1;0;0;1;1;2;-20,21740496;-40,26990578;SPRF-ES;DEL02-ES;UOP01-DEL02-ES
604992;30/04/2024;terça-feira;12:00:00;SP;116;223;GUARULHOS;Condutor deixou de manter distância do veículo da frente;Colisão traseira;Com Vítimas Feridas;Pleno dia;Decrescente;Céu Claro;Múltipla;Reta;Sim;2;0;1;0;1;0;1;2;-23,47559815;-46,5246609;SPRF-SP;DEL01-SP;UOP01-DEL01-SP
604993;03/06/2024;segunda-feira;15:44:00;MA;135;257;CAPINZAL DO NORTE;Ausência de reação do condutor;Colisão traseira;Com Vítimas Feridas;Pleno dia;Decrescente;Sol;Simples;Reta;Sim;2;0;1;0;1;0;1;2;-4,637923;-44,336327;SPRF-MA;DEL03-MA;UOP01-DEL03-MA
604995;03/06/2024;segunda-feira;17:40:00;SP;116;208,4;GUARULHOS;Reação tardia ou ineficiente do condutor;Colisão lateral mesmo sentido;Com Vítimas Feridas;Anoitecer;Decrescente;Nublado;Múltipla;"Reta;Em Obras";Sim;2;0;1;0;1;0;1;2;-23,42222263;-46,3932771;SPRF-SP;DEL01-SP;UOP01-DEL01-SP
604996;03/06/2024;segunda-feira;17:15:00;PR;116;101;SAO JOSE DOS PINHAIS;Manobra de mudança de faixa;Colisão lateral mesmo sentido;Com Vítimas Feridas;Anoitecer;Decrescente;Garoa/Chuvisco;Dupla;Reta;Sim;3;0;1;0;1;1;1;2;-25,566771;-49,169453;SPRF-PR;DEL01-PR;UOP07-DEL01-PR
604997;03/06/2024;segunda-feira;17:00:00;CE;304;45,9;ARACATI;Desrespeitar a preferência no cruzamento;Colisão transversal;Com Vítimas Feridas;Pleno dia;Decrescente;Céu Claro;Simples;Retorno Regulamentado;Sim;2;0;1;0;1;0;1;2;-4,57510003;-37,79823699;SPRF-CE;DEL03-CE;UOP03-DEL03-CE
604998;03/06/2024;segunda-feira;06:50:00;PI;135;549;SAO GONCALO DO GURGUEIA;Acessar a via sem observar a presença dos outros veículos;Colisão lateral mesmo sentido;Com Vítimas Feridas;Pleno dia;Decrescente;Céu Claro;Simples;Reta;Não;3;0;2;0;1;0;2;2;-10,10293579;-45,25048569;SPRF-PI;DEL03-PI;UOP02-DEL03-PI
605002;28/05/2024;terça-feira;14:35:00;RJ;40;45;PETROPOLIS;Manobra de mudança de faixa;Colisão lateral mesmo sentido;Com Vítimas Feridas;Pleno dia;Decrescente;Céu Claro;Dupla;Reta;Não;2;0;1;0;1;0;1;2;-22,27821816;-43,11580971;SPRF-RJ;DEL05-RJ;UOP02-DEL05-RJ
605005;03/06/2024;segunda-feira;18:05:00;PR;369;143;IBIPORA;Retorno proibido;Colisão transversal;Com Vítimas Feridas;Anoitecer;Decrescente;Céu Claro;Simples;Reta;Sim;2;0;1;0;1;0;1;2;-23,29266787;-51,09246612;SPRF-PR;DEL07-PR;UOP01-DEL07-PR
605006;27/05/2024;segunda-feira;05:30:00;MA;10;193;RIBAMAR FIQUENE;Reação tardia ou ineficiente do condutor;Saída de leito carroçável;Com Vítimas Feridas;Pleno dia;Crescente;Céu Claro;Simples;Reta;Não;1;0;1;0;0;0;1;1;-6,0274;-47,38271;SPRF-MA;DEL04-MA;UOP02-DEL04-MA
605007;03/06/2024;segunda-feira;18:10:00;BA;116;21;VITORIA DA CONQUISTA;Deficiência do Sistema de Iluminação/Sinalização;Colisão traseira;Com Vítimas Feridas;Plena Noite;Crescente;Nublado;Simples;Reta;Não;2;0;0;1;1;0;1;2;-14,886092;-40,811898;SPRF-BA;DEL08-BA;UOP01-DEL08-BA
605008;03/06/2024;segunda-feira;18:00:00;PE;232;8,4;RECIFE;Manobra de mudança de faixa;Colisão lateral mesmo sentido;Com Vítimas Feridas;Plena Noite;Decrescente;Chuva;Dupla;"Reta;Em Obras";Sim;3;0;1;1;1;0;2;2;-8,077045;-34,973429;SPRF-PE;DEL01-PE;UOP01-DEL01-PE
605009;03/06/2024;segunda-feira;17:40:00;BA;324;519;FEIRA DE SANTANA;Reação tardia ou ineficiente do condutor;Engavetamento;Sem Vítimas;Plena Noite;Decrescente;Nublado;Dupla;Reta;Sim;3;0;0;0;3;0;0;3;-12,27928907;-38,92662048;SPRF-BA;DEL02-BA;UOP01-DEL02-BA
605010;03/06/2024;segunda-feira;16:40:00;SC;163;71,1;SAO MIGUEL DO OESTE;Acessar a via sem observar a presença dos outros veículos;Colisão transversal;Com Vítimas Feridas;Pleno dia;Decrescente;Nublado;Dupla;Reta;Sim;2;0;0;1;1;0;1;2;-26,72772401;-53,51281303;SPRF-SC;DEL07-SC;UOP03-DEL07-SC
605012;03/06/2024;segunda-feira;15:10:00;PB;230;112,8;INGA;Condutor Dormindo;Saída de leito carroçável;Com Vítimas Feridas;Pleno dia;Crescente;Chuva;Dupla;Curva;Não;1;0;1;0;0;0;1;1;-7,2117;-35,5822;SPRF-PB;DEL01-PB;UOP03-DEL01-PB
605014;03/06/2024;segunda-feira;18:50:00;PR;373;176;PONTA GROSSA;Reação tardia ou ineficiente do condutor;Colisão traseira;Com Vítimas Feridas;Plena Noite;Crescente;Céu Claro;Dupla;Reta;Sim;2;0;0;1;1;0;1;2;-25,0577394;-50,2235284;SPRF-PR;DEL03-PR;UOP01-DEL03-PR
605017;02/06/2024;domingo;23:20:00;BA;101;458;URUCUCA;Demais falhas mecânicas ou elétricas;Queda de ocupante de veículo;Com Vítimas Feridas;Plena Noite;Crescente;Garoa/Chuvisco;Simples;Reta;Não;2;0;2;0;0;0;2;1;-14,5094199;-39,33219556;SPRF-BA;DEL05-BA;UOP01-DEL05-BA
605018;03/06/2024;segunda-feira;19:00:00;RS;116;264;CANOAS;Condutor deixou de manter distância do veículo da frente;Colisão traseira;Sem Vítimas;Plena Noite;Decrescente;Céu Claro;Dupla;Reta;Não;2;0;0;0;2;0;0;2;-29,914435;-51,17754495;SPRF-RS;DEL01-RS;UOP01-DEL01-RS
605020;03/06/2024;segunda-feira;16:45:00;MG;381;384;SAO GONCALO DO RIO ABAIXO;Reação tardia ou ineficiente do condutor;Colisão transversal;Com Vítimas Feridas;Pleno dia;Crescente;Céu Claro;Simples;Reta;Não;3;0;2;0;1;0;2;2;-19,80675104;-43,4020021;SPRF-MG;DEL01-MG;UOP01-DEL01-MG
605024;03/06/2024;segunda-feira;19:30:00;GO;153;423;ANAPOLIS;Deficiência do Sistema de Iluminação/Sinalização;Colisão traseira;Sem Vítimas;Plena Noite;Crescente;Céu Claro;Dupla;Reta;Não;2;0;0;0;2;0;0;2;-16,197029;-49,025223;SPRF-GO;DEL02-GO;UOP01-DEL02-GO
605025;03/06/2024;segunda-feira;18:20:00;BA;101;445;AURELINO LEAL;Pedestre andava na pista;Tombamento;Com Vítimas Feridas;Amanhecer;Crescente;Céu Claro;Simples;Ponte;Sim;2;0;1;0;0;1;1;1;-14,45733798;-39,32048009;SPRF-BA;DEL05-BA;UOP01-DEL05-BA
605027;03/06/2024;segunda-feira;18:00:00;SC;282;501;XANXERE;Desrespeitar a preferência no cruzamento;Colisão frontal;Com Vítimas Feridas;Plena Noite;Crescente;Céu Claro;Simples;"Interseção de Vias;Reta";Sim;2;0;0;1;1;0;1;2;-26,882715;-52,381729;SPRF-SC;DEL07-SC;UOP01-DEL07-SC
605030;03/06/2024;segunda-feira;20:00:00;RS;290;106;ELDORADO DO SUL;Ausência de reação do condutor;Atropelamento de Pedestre;Com Vítimas Feridas;Plena Noite;Crescente;Céu Claro;Dupla;Reta;Sim;3;0;1;0;1;1;1;2;-29,998999;-51,294563;SPRF-RS;DEL02-RS;UOP01-DEL02-RS
605031;03/06/2024;segunda-feira;19:30:00;ES;101;290,4;CARIACICA;Animais na Pista;Atropelamento de Animal;Com Vítimas Feridas;Plena Noite;Decrescente;Céu Claro;Dupla;Reta;Não;2;0;2;0;0;0;2;1;-20,28029304;-40,39302931;SPRF-ES;DEL01-ES;UOP01-DEL01-ES
605032;03/06/2024;segunda-feira;18:20:00;RS;386;33,5;FREDERICO WESTPHALEN;Entrada inopinada do pedestre;Atropelamento de Pedestre;Com Vítimas Feridas;Plena Noite;Crescente;Céu Claro;Simples;"Interseção de Vias;Reta";Sim;2;0;1;0;1;0;1;2;-27,349504;-53,386337;SPRF-RS;DEL08-RS;UOP02-DEL08-RS
605034;03/06/2024;segunda-feira;16:30:00;PI;316;309,9;PICOS;Ausência de reação do condutor;Tombamento;Com Vítimas Feridas;Pleno dia;Crescente;Sol;Simples;Reta;Sim;1;0;0;1;0;0;1;1;-7,07778744;-41,48370094;SPRF-PI;DEL04-PI;UOP01-DEL04-PI
605036;03/06/2024;segunda-feira;19:45:00;SP;116;122,5;CACAPAVA;Entrada inopinada do pedestre;Atropelamento de Pedestre;Com Vítimas Feridas;Plena Noite;Crescente;Céu Claro;Dupla;"Reta;Declive";Não;2;0;1;0;0;1;1;2;-23,0838318;-45,66458;SPRF-SP;DEL02-SP;UOP02-DEL02-SP
605038;03/06/2024;segunda-feira;20:10:00;RS;158;201,1;CRUZ ALTA;Ingestão de álcool pelo condutor;Saída de leito carroçável;Sem Vítimas;Plena Noite;Decrescente;Nublado;Simples;Reta;Não;1;0;0;0;1;0;0;1;-28,69409698;-53,60154374;SPRF-RS;DEL10-RS;UOP02-DEL10-RS
605039;03/06/2024;segunda-feira;20:00:00;GO;153;699,8;ITUMBIARA;Restrição de visibilidade em curvas horizontais;Colisão frontal;Com Vítimas Feridas;Plena Noite;Decrescente;Céu Claro;Múltipla;Curva;Não;3;0;1;2;0;0;3;2;-18,3862;-49,2076;SPRF-GO;DEL03-GO;UOP02-DEL03-GO
605041;03/06/2024;segunda-feira;17:42:00;PE;428;192;PETROLINA;Conversão proibida;Colisão transversal;Com Vítimas Feridas;Anoitecer;Decrescente;Céu Claro;Dupla;Reta;Sim;2;0;0;1;1;0;1;2;-9,38067769;-40,51113714;SPRF-PE;DEL06-PE;UOP01-DEL06-PE
605043;03/06/2024;segunda-feira;20:45:00;GO;50;150;CAMPO ALEGRE DE GOIAS;Reação tardia ou ineficiente do condutor;Saída de leito carroçável;Com Vítimas Feridas;Plena Noite;Crescente;Céu Claro;Dupla;Reta;Não;1;0;1;0;0;0;1;1;-17,1748;-47,7241;SPRF-GO;DEL06-GO;UOP01-DEL06-GO
605045;03/06/2024;segunda-feira;19:15:00;PR;376;633;SAO JOSE DOS PINHAIS;Ausência de reação do condutor;Capotamento;Sem Vítimas;Plena Noite;Crescente;Ignorado;Simples;"Reta;Interseção de Vias";Não;1;0;0;0;1;0;0;1;-25,727031;-49,134881;SPRF-PR;DEL01-PR;UOP04-DEL01-PR
605046;03/06/2024;segunda-feira;19:55:00;MS;60;421;SIDROLANDIA;Transitar na contramão;Colisão frontal;Com Vítimas Feridas;Anoitecer;Crescente;Céu Claro;Simples;Reta;Sim;2;0;0;2;0;0;2;2;-20,90119941;-54,93340792;SPRF-MS;DEL01-MS;UOP04-DEL01-MS
605047;03/06/2024;segunda-feira;20:00:00;MT;364;292,3;JACIARA;Reação tardia ou ineficiente do condutor;Saída de leito carroçável;Com Vítimas Feridas;Plena Noite;Crescente;Ignorado;Dupla;Reta;Não;2;0;2;0;0;0;2;1;-15,89220915;-55,1038862;SPRF-MT;DEL05-MT;UOP02-DEL05-MT
605049;03/06/2024;segunda-feira;19:15:00;PR;116;15;COLOMBO;Ausência de reação do condutor;Atropelamento de Pedestre;Com Vítimas Feridas;Plena Noite;Crescente;Garoa/Chuvisco;Simples;Reta;Sim;2;0;1;0;0;1;1;2;-25,3848;-49,1711;SPRF-PR;DEL01-PR;UOP02-DEL01-PR
605050;03/06/2024;segunda-feira;19:45:00;PR;277;6,6;PARANAGUA;Chuva;Tombamento;Com Vítimas Feridas;Plena Noite;Crescente;Chuva;Dupla;Curva;Não;1;0;1;0;0;0;1;1;-25,56060027;-48,58288407;SPRF-PR;DEL01-PR;UOP05-DEL01-PR
605051;03/06/2024;segunda-feira;19:00:00;BA;407;192;PONTO NOVO;Deficiência do Sistema de Iluminação/Sinalização;Colisão traseira;Com Vítimas Feridas;Plena Noite;Decrescente;Céu Claro;Simples;Reta;Não;3;0;0;2;1;0;2;2;-11,04432089;-40,09288788;SPRF-BA;DEL04-BA;UOP02-DEL04-BA
605053;03/06/2024;segunda-feira;19:00:00;SC;280;95,6;CORUPA;Velocidade Incompatível;Colisão frontal;Com Vítimas Feridas;Plena Noite;Decrescente;Nevoeiro/Neblina;Simples;"Aclive;Curva";Não;3;0;3;0;0;0;3;2;-26,37792983;-49,31646824;SPRF-SC;DEL06-SC;UOP03-DEL06-SC
605054;03/06/2024;segunda-feira;21:50:00;BA;101;170;FEIRA DE SANTANA;Pista esburacada;Queda de ocupante de veículo;Com Vítimas Feridas;Plena Noite;Crescente;Nublado;Simples;Curva;Sim;1;0;1;0;0;0;1;1;-12,3537525;-38,85623932;SPRF-BA;DEL01-BA;UOP03-DEL01-BA
605055;03/06/2024;segunda-feira;18:10:00;ES;393;2;CACHOEIRO DE ITAPEMIRIM;Ausência de reação do condutor;Colisão traseira;Com Vítimas Feridas;Pleno dia;Decrescente;Sol;Simples;Reta;Não;2;0;1;0;1;0;1;2;-20,83242503;-41,17491003;SPRF-ES;DEL03-ES;UOP02-DEL03-ES
605056;03/06/2024;segunda-feira;21:00:00;MG;262;443,1;NOVA SERRANA;Objeto estático sobre o leito carroçável;Colisão com objeto;Com Vítimas Feridas;Plena Noite;Crescente;Vento;Múltipla;Reta;Sim;2;0;2;0;0;0;2;1;-19,88065393;-44,92197102;SPRF-MG;DEL08-MG;UOP03-DEL08-MG
605057;03/06/2024;segunda-feira;22:20:00;SC;101;215,2;PALHOCA;Demais falhas mecânicas ou elétricas;Tombamento;Com Vítimas Feridas;Plena Noite;Crescente;Céu Claro;Múltipla;Reta;Não;1;0;0;1;0;0;1;1;-27,65184843;-48,67604941;SPRF-SC;DEL01-SC;UOP02-DEL01-SC
605058;03/06/2024;segunda-feira;22:20:00;SE;235;2,2;ARACAJU;Chuva;Queda de ocupante de veículo;Com Vítimas Feridas;Plena Noite;Crescente;Chuva;Dupla;Reta;Não;2;0;1;0;0;1;1;1;-10,9062;-37,1034;SPRF-SE;DEL01-SE;UOP01-DEL01-SE
605059;03/06/2024;segunda-feira;19:30:00;RJ;40;109;DUQUE DE CAXIAS;Ausência de reação do condutor;Colisão lateral mesmo sentido;Com Vítimas Feridas;Plena Noite;Crescente;Céu Claro;Dupla;Reta;Sim;2;0;1;0;1;0;1;2;-22,67374628;-43,28638368;SPRF-RJ;DEL01-RJ;UOP02-DEL01-RJ
605063;03/06/2024;segunda-feira;12:00:00;PR;163;155;SANTA LUCIA;Ausência de reação do condutor;Saída de leito carroçável;Com Vítimas Fatais;Pleno dia;Decrescente;Céu Claro;Dupla;"Reta;Declive";Não;1;1;0;0;0;0;0;1;-25,37614199;-53,57487452;SPRF-PR;DEL05-PR;UOP05-DEL05-PR
605065;03/06/2024;segunda-feira;20:50:00;RS;116;253;SAPUCAIA DO SUL;Demais falhas mecânicas ou elétricas;Incêndio;Sem Vítimas;Pleno dia;Decrescente;Céu Claro;Múltipla;Reta;Não;4;0;0;0;4;0;0;1;-29,81784209;-51,16996166;SPRF-RS;DEL01-RS;UOP02-DEL01-RS
605068;04/06/2024;terça-feira;00:10:00;DF;60;7,6;BRASILIA;Condutor Dormindo;Saída de leito carroçável;Com Vítimas Feridas;Plena Noite;Crescente;Céu Claro;Dupla;"Declive;Reta";Sim;1;0;1;0;0;0;1;1;-15,902742;-48,12911;SPRF-DF;DEL03-DF;UOP01-DEL03-DF
605069;03/04/2024;quarta-feira;14:00:00;GO;60;25,8;ALEXANIA;Acumulo de água sobre o pavimento;Saída de leito carroçável;Com Vítimas Feridas;Pleno dia;Crescente;Ignorado;Dupla;"Declive;Reta";Não;2;0;2;0;0;0;2;1;-16,108251;-48,44892;SPRF-DF;DEL03-DF;UOP01-DEL03-DF
605071;03/06/2024;segunda-feira;00:30:00;MG;381;770;CAMPANHA;Reação tardia ou ineficiente do condutor;Saída de leito carroçável;Com Vítimas Feridas;Pleno dia;Decrescente;Céu Claro;Dupla;Curva;Não;1;0;1;0;0;0;1;1;-21,79265738;-45,44872284;SPRF-MG;DEL16-MG;UOP02-DEL16-MG
605074;03/06/2024;segunda-feira;13:45:00;SC;101;275;IMBITUBA;Condutor deixou de manter distância do veículo da frente;Colisão traseira;Com Vítimas Feridas;Pleno dia;Crescente;Nublado;Dupla;Reta;Não;2;0;2;0;0;0;2;1;-28,138086;-48,69218292;SPRF-SC;DEL02-SC;UOP03-DEL02-SC
605075;04/06/2024;terça-feira;03:50:00;RS;116;246;SAO LEOPOLDO;Ingestão de álcool pelo condutor;Colisão frontal;Com Vítimas Feridas;Plena Noite;Crescente;Céu Claro;Dupla;Reta;Sim;3;0;3;0;0;0;3;2;-29,76229115;-51,15281582;SPRF-RS;DEL01-RS;UOP02-DEL01-RS
605080;04/06/2024;terça-feira;04:20:00;BA;116;413;FEIRA DE SANTANA;Animais na Pista;Atropelamento de Animal;Com Vítimas Feridas;Amanhecer;Decrescente;Céu Claro;Dupla;"Curva;Declive";Sim;1;0;1;0;0;0;1;1;-12,14937;-38,96519;SPRF-BA;DEL02-BA;UOP01-DEL02-BA
605081;04/06/2024;terça-feira;05:40:00;RJ;116;182;NOVA IGUACU;Acessar a via sem observar a presença dos outros veículos;Colisão lateral mesmo sentido;Com Vítimas Feridas;Amanhecer;Decrescente;Céu Claro;Simples;Reta;Não;2;0;1;0;1;0;1;2;-22,7567755;-43,43107234;SPRF-RJ;DEL06-RJ;UOP01-DEL06-RJ
605083;04/06/2024;terça-feira;06:00:00;SP;116;208;GUARULHOS;Ausência de reação do condutor;Engavetamento;Com Vítimas Feridas;Pleno dia;Crescente;Céu Claro;Dupla;"Reta;Em Obras";Sim;5;0;1;0;4;0;1;3;-23,42222263;-46,3932771;SPRF-SP;DEL01-SP;UOP01-DEL01-SP
605084;04/06/2024;terça-feira;03:50:00;PA;163;994;SANTAREM;Acessar a via sem observar a presença dos outros veículos;Colisão traseira;Com Vítimas Feridas;Plena Noite;Crescente;Chuva;Simples;Reta;Não;2;0;1;0;1;0;1;2;-2,52083003;-54,72278618;SPRF-PA;DEL05-PA;UOP01-DEL05-PA
605088;04/06/2024;terça-feira;03:30:00;RN;304;282;MACAIBA;Pedestre andava na pista;Atropelamento de Pedestre;Com Vítimas Fatais;Amanhecer;Decrescente;Chuva;Dupla;Reta;Não;2;1;0;0;0;1;0;2;-5,888853;-35,487442;SPRF-RN;DEL01-RN;UOP02-DEL01-RN
605089;04/06/2024;terça-feira;06:50:00;SC;280;6;SAO FRANCISCO DO SUL;Acessar a via sem observar a presença dos outros veículos;Colisão transversal;Com Vítimas Feridas;Pleno dia;Crescente;Nublado;Simples;Reta;Sim;2;0;1;0;1;0;1;2;-26,26569095;-48,63361804;SPRF-SC;DEL03-SC;UOP03-DEL03-SC
605092;04/06/2024;terça-feira;06:40:00;DF;40;5;BRASILIA;Manobra de mudança de faixa;Colisão traseira;Com Vítimas Feridas;Pleno dia;Decrescente;Céu Claro;Dupla;Reta;Sim;2;0;1;0;1;0;1;2;-16,020903;-47,980541;SPRF-DF;DEL01-DF;UOP01-DEL01-DF
605095;03/06/2024;segunda-feira;19:00:00;PI;316;178;VALENCA DO PIAUI;Pedestre andava na pista;Atropelamento de Pedestre;Com Vítimas Fatais;Plena Noite;Decrescente;Céu Claro;Simples;Reta;Não;2;1;0;0;1;0;0;2;-6,22998648;-41,97594992;SPRF-PI;DEL04-PI;UOP02-DEL04-PI
605096;13/05/2024;segunda-feira;13:00:00;BA;324;518,5;FEIRA DE SANTANA;Conversão proibida;Colisão transversal;Com Vítimas Feridas;Pleno dia;Crescente;Céu Claro;Dupla;Reta;Sim;2;0;1;0;1;0;1;2;-12,2637019;-38,9326937;SPRF-BA;DEL02-BA;UOP01-DEL02-BA
605098;04/06/2024;terça-feira;06:00:00;MT;163;41,2;ITIQUIRA;Acessar a via sem observar a presença dos outros veículos;Colisão transversal;Com Vítimas Feridas;Pleno dia;Decrescente;Céu Claro;Dupla;Reta;Não;2;0;0;1;1;0;1;2;-17,15520801;-54,75726784;SPRF-MT;DEL02-MT;UOP03-DEL02-MT
605099;04/06/2024;terça-feira;06:00:00;RJ;356;158,7;CAMPOS DOS GOYTACAZES;Ultrapassagem Indevida;Colisão frontal;Com Vítimas Fatais;Pleno dia;Crescente;Céu Claro;Simples;Reta;Não;4;1;1;0;0;2;1;3;-21,7369326;-41,20072511;SPRF-RJ;DEL08-RJ;UOP02-DEL08-RJ
605100;10/04/2024;quarta-feira;05:25:00;PR;476;174,5;CONTENDA;Transitar na contramão;Colisão frontal;Com Vítimas Feridas;Amanhecer;Crescente;Nevoeiro/Neblina;Simples;Reta;Não;2;0;0;1;1;0;1;2;-25,685408;-49,535042;SPRF-PR;DEL01-PR;UOP06-DEL01-PR
605101;04/06/2024;terça-feira;05:20:00;RO;364;768;PORTO VELHO;Objeto estático sobre o leito carroçável;Colisão com objeto;Com Vítimas Feridas;Amanhecer;Crescente;Céu Claro;Simples;"Reta;Aclive";Não;1;0;0;1;0;0;1;1;-9,13716737;-64,15431379;SPRF-RO;DEL01-RO;UOP02-DEL01-RO
605102;04/06/2024;terça-feira;07:50:00;SP;116;223;GUARULHOS;Trafegar com motocicleta (ou similar) entre as faixas;Colisão traseira;Com Vítimas Feridas;Amanhecer;Crescente;Nublado;Múltipla;Reta;Sim;2;0;1;0;1;0;1;2;-23,47559815;-46,5246609;SPRF-SP;DEL01-SP;UOP01-DEL01-SP
605103;04/06/2024;terça-feira;07:35:00;RS;290;99;PORTO ALEGRE;Animais na Pista;Atropelamento de Animal;Com Vítimas Feridas;Pleno dia;Decrescente;Céu Claro;Dupla;Reta;Não;1;0;1;0;0;0;1;1;-29,991756;-51,22699;SPRF-RS;DEL01-RS;UOP01-DEL01-RS
605105;04/06/2024;terça-feira;07:18:00;MG;50;77;UBERLANDIA;Entrada inopinada do pedestre;Queda de ocupante de veículo;Com Vítimas Feridas;Amanhecer;Decrescente;Céu Claro;Dupla;Reta;Não;1;0;1;0;0;0;1;1;-18,986906;-48,211853;SPRF-MG;DEL15-MG;UOP01-DEL15-MG
605106;04/06/2024;terça-feira;07:35:00;MG;381;856,1;POUSO ALEGRE;Acessar a via sem observar a presença dos outros veículos;Colisão lateral mesmo sentido;Com Vítimas Feridas;Pleno dia;Crescente;Céu Claro;Dupla;Reta;Não;3;0;1;0;1;1;1;3;-22,29013691;-45,89753059;SPRF-MG;DEL16-MG;UOP01-DEL16-MG
605107;03/06/2024;segunda-feira;16:20:00;RJ;493;23;MAGE;Ultrapassagem Indevida;Colisão frontal;Com Vítimas Feridas;Pleno dia;Crescente;Céu Claro;Simples;Reta;Não;3;0;3;0;0;0;3;2;-22,65705297;-43,061742;SPRF-RJ;DEL04-RJ;UOP02-DEL04-RJ
605108;04/06/2024;terça-feira;07:20:00;RN;304;277;MACAIBA;Acumulo de água sobre o pavimento;Saída de leito carroçável;Com Vítimas Feridas;Pleno dia;Crescente;Chuva;Simples;Reta;Não;3;0;1;0;2;0;1;1;-5,884043;-35,517425;SPRF-RN;DEL01-RN;UOP02-DEL01-RN
605111;01/06/2024;sábado;23:20:00;CE;20;331,9;CARIDADE;Deficiência do Sistema de Iluminação/Sinalização;Atropelamento de Pedestre;Com Vítimas Fatais;Plena Noite;Crescente;Céu Claro;Simples;"Reta;Declive";Não;4;2;0;0;2;0;0;3;-4,1919981;-39,17945881;SPRF-CE;DEL02-CE;UOP01-DEL02-CE
605114;04/06/2024;terça-feira;07:30:00;MA;222;675;ACAILANDIA;Acessar a via sem observar a presença dos outros veículos;Colisão frontal;Com Vítimas Feridas;Pleno dia;Decrescente;Céu Claro;Simples;Curva;Não;2;0;0;1;1;0;1;2;-4,93859094;-47,46131504;SPRF-MA;DEL04-MA;UOP03-DEL04-MA
605115;04/06/2024;terça-feira;07:58:00;PE;428;191;PETROLINA;Acessar a via sem observar a presença dos outros veículos;Colisão transversal;Com Vítimas Feridas;Pleno dia;Crescente;Nublado;Dupla;Reta;Sim;2;0;0;1;1;0;1;2;-9,37766429;-40,50269795;SPRF-PE;DEL06-PE;UOP01-DEL06-PE
605116;04/06/2024;terça-feira;07:20:00;PI;343;591;FLORIANO;Acessar a via sem observar a presença dos outros veículos;Colisão transversal;Com Vítimas Feridas;Pleno dia;Decrescente;Céu Claro;Dupla;Reta;Sim;2;0;1;0;1;0;1;2;-6,781361;-43,023224;SPRF-PI;DEL03-PI;UOP01-DEL03-PI
605117;04/06/2024;terça-feira;08:20:00;MG;40;524;CONTAGEM;Reação tardia ou ineficiente do condutor;Tombamento;Com Vítimas Feridas;Pleno dia;Crescente;Céu Claro;Dupla;Reta;Sim;2;0;2;0;0;0;2;1;-19,8754469;-44,05345586;SPRF-MG;DEL01-MG;UOP02-DEL01-MG
605119;04/06/2024;terça-feira;07:30:00;MG;356;267,5;MURIAE;Desrespeitar a preferência no cruzamento;Colisão transversal;Com Vítimas Feridas;Pleno dia;Decrescente;Céu Claro;Simples;"Interseção de Vias;Reta";Sim;3;0;1;0;2;0;1;2;-21,12725696;-42,35052695;SPRF-MG;DEL07-MG;UOP02-DEL07-MG
605120;04/06/2024;terça-feira;07:30:00;GO;60;163;GOIANIA;Condutor deixou de manter distância do veículo da frente;Colisão traseira;Com Vítimas Feridas;Pleno dia;Decrescente;Céu Claro;Múltipla;"Reta;Viaduto";Sim;2;0;1;0;1;0;1;2;-16,7002;-49,3335;SPRF-GO;DEL01-GO;UOP02-DEL01-GO
605122;13/04/2024;sábado;19:30:00;MG;116;376,7;MATHIAS LOBATO;Acesso irregular;Colisão lateral mesmo sentido;Com Vítimas Feridas;Plena Noite;Decrescente;Céu Claro;Simples;Reta;Sim;3;0;2;0;0;1;2;2;-18,586299;-41,92426908;SPRF-MG;DEL06-MG;UOP01-DEL06-MG
605123;05/06/2024;quarta-feira;06:30:00;SP;116;222;SAO PAULO;Reação tardia ou ineficiente do condutor;Queda de ocupante de veículo;Com Vítimas Feridas;Pleno dia;Crescente;Céu Claro;Múltipla;Reta;Não;1;0;1;0;0;0;1;1;-23,47093408;-46,51631097;SPRF-SP;DEL01-SP;UOP01-DEL01-SP