id;data_inversa;dia_semana;horario;uf;br;km;municipio;causa_acidente;tipo_acidente;classificacao_acidente;fase_dia;sentido_via;condicao_metereologica;tipo_pista;tracado_via;uso_solo;pessoas;mortos;feridos_leves;feridos_graves;ilesos;ignorados;feridos;veiculos;latitude;longitude;regional;delegacia;uop
605124;29/05/2024;quarta-feira;10:30:00;SC;282;4;SAO JOSE;Ausência de reação do condutor;Colisão traseira;Com Vítimas Feridas;Pleno dia;Crescente;Céu Claro;Múltipla;"Declive;Reta";Não;3;0;1;0;2;0;1;3;-27,59255928;-48,60392332;SPRF-SC;DEL01-SC;UOP01-DEL01-SC
605126;04/06/2024;terça-feira;09:30:00;ES;393;27;MUQUI;Entrada inopinada do pedestre;Capotamento;Com Vítimas Feridas;Pleno dia;Crescente;Sol;Simples;Reta;Sim;2;0;1;0;1;0;1;2;-20,94682922;-41,36302492;SPRF-ES;DEL03-ES;UOP02-DEL03-ES
605127;04/06/2024;terça-feira;09:00:00;SP;116;227;GUARULHOS;Trafegar com motocicleta (ou similar) entre as faixas;Tombamento;Com Vítimas Feridas;Pleno dia;Crescente;Nublado;Múltipla;"Reta;Declive;Em Obras";Sim;1;0;1;0;0;0;1;1;-23,48586772;-46,54075317;SPRF-SP;DEL01-SP;UOP01-DEL01-SP
605128;04/06/2024;terça-feira;09:00:00;RJ;101;67;CAMPOS DOS GOYTACAZES;Reação tardia ou ineficiente do condutor;Colisão traseira;Com Vítimas Feridas;Pleno dia;Decrescente;Céu Claro;Simples;"Curva;Rotatória";Sim;2;0;1;0;1;0;1;2;-21,76751094;-41,34876249;SPRF-RJ;DEL08-RJ;UOP02-DEL08-RJ
605131;04/06/2024;terça-feira;10:00:00;RN;405;3;MOSSORO;Conversão proibida;Tombamento;Com Vítimas Feridas;Pleno dia;Crescente;Céu Claro;Simples;"Reta;Declive";Sim;3;0;0;1;2;0;1;2;-5,19386547;-37,38052995;SPRF-RN;DEL04-RN;UOP02-DEL04-RN
605132;04/06/2024;terça-feira;10:25:00;BA;324;626;SALVADOR;Condutor deixou de manter distância do veículo da frente;Colisão traseira;Com Vítimas Feridas;Pleno dia;Crescente;Nublado;Dupla;Reta;Sim;3;0;2;0;1;0;2;2;-12,958935;-38,472891;SPRF-BA;DEL01-BA;UOP01-DEL01-BA
605133;04/06/2024;terça-feira;10:35:00;SC;280;28,3;ARAQUARI;Trafegar com motocicleta (ou similar) entre as faixas;Colisão transversal;Com Vítimas Feridas;Pleno dia;Decrescente;Nublado;Simples;Reta;Sim;2;0;1;0;1;0;1;2;-26,40450077;-48,74561031;SPRF-SC;DEL03-SC;UOP03-DEL03-SC
605134;04/06/2024;terça-feira;10:00:00;GO;40;19;LUZIANIA;Acessar a via sem observar a presença dos outros veículos;Colisão traseira;Com Vítimas Feridas;Pleno dia;Decrescente;Céu Claro;Dupla;Reta;Sim;3;0;1;0;2;0;1;2;-16,201556;-47,921314;SPRF-DF;DEL01-DF;UOP01-DEL01-DF
605135;04/06/2024;terça-feira;09:10:00;MT;163;856,4;SINOP;Manobra de mudança de faixa;Colisão lateral mesmo sentido;Sem Vítimas;Pleno dia;Decrescente;Céu Claro;Simples;Reta;Não;2;0;0;0;2;0;0;2;-11,6754365;-55,4473114;SPRF-MT;DEL06-MT;UOP02-DEL06-MT
605137;04/06/2024;terça-feira;10:40:00;RS;285;450;IJUI;Ausência de reação do condutor;Colisão traseira;Com Vítimas Feridas;Pleno dia;Crescente;Céu Claro;Simples;Reta;Não;5;0;1;1;3;0;2;3;-28,371998;-53,831097;SPRF-RS;DEL10-RS;UOP01-DEL10-RS
605138;23/05/2024;quinta-feira;21:00:00;BA;116;422,9;FEIRA DE SANTANA;Velocidade Incompatível;Colisão traseira;Com Vítimas Feridas;Plena Noite;Decrescente;Céu Claro;Dupla;"Reta;Viaduto;Declive";Não;4;0;2;2;0;0;4;2;-12,231526;-38,969585;SPRF-BA;DEL02-BA;UOP01-DEL02-BA
605141;04/06/2024;terça-feira;10:00:00;MG;381;375,5;SAO GONCALO DO RIO ABAIXO;Reação tardia ou ineficiente do condutor;Colisão com objeto;Com Vítimas Feridas;Pleno dia;Crescente;Sol;Simples;Curva;Não;2;0;1;0;1;0;1;1;-19,84141645;-43,32982083;SPRF-MG;DEL01-MG;UOP01-DEL01-MG
605142;04/06/2024;terça-feira;11:00:00;BA;324;7;FEIRA DE SANTANA;Condutor deixou de manter distância do veículo da frente;Colisão traseira;Com Vítimas Feridas;Pleno dia;Crescente;Sol;Dupla;Reta;Sim;3;0;1;0;2;0;1;3;-12,267113;-38,966988;SPRF-BA;DEL02-BA;UOP01-DEL02-BA
605143;04/06/2024;terça-feira;09:00:00;MS;267;316,1;RIO BRILHANTE;Reação tardia ou ineficiente do condutor;Colisão traseira;Com Vítimas Feridas;Pleno dia;Crescente;Sol;Simples;"Reta;Em Obras";Não;3;0;1;0;1;1;1;3;-21,67247492;-54,73509893;SPRF-MS;DEL02-MS;UOP02-DEL02-MS
605144;04/06/2024;terça-feira;10:30:00;BA;110;180;RIBEIRA DO POMBAL;Ultrapassagem Indevida;Saída de leito carroçável;Com Vítimas Feridas;Pleno dia;Decrescente;Céu Claro;Simples;Aclive;Não;1;0;1;0;0;0;1;1;-10,932129;-38,51860209;SPRF-BA;DEL07-BA;UOP02-DEL07-BA
605145;03/05/2024;sexta-feira;19:00:00;GO;158;203;JATAI;Ausência de reação do condutor;Saída de leito carroçável;Com Vítimas Feridas;Plena Noite;Decrescente;Céu Claro;Simples;Declive;Não;1;0;1;0;0;0;1;1;-17,3418385;-51,87625282;SPRF-GO;DEL05-GO;UOP01-DEL05-GO
605148;04/06/2024;terça-feira;12:15:00;PB;230;9,8;CABEDELO;Demais falhas mecânicas ou elétricas;Queda de ocupante de veículo;Com Vítimas Feridas;Pleno dia;Crescente;Céu Claro;Dupla;"Curva;Declive";Sim;1;0;1;0;0;0;1;1;-7,0433;-34,8466;SPRF-PB;DEL01-PB;UOP01-DEL01-PB
605152;04/06/2024;terça-feira;12:40:00;SP;116;221;GUARULHOS;Objeto estático sobre o leito carroçável;Queda de ocupante de veículo;Com Vítimas Feridas;Pleno dia;Crescente;Nublado;Múltipla;Reta;Não;1;0;1;0;0;0;1;1;-23,46802395;-46,50704901;SPRF-SP;DEL01-SP;UOP01-DEL01-SP
605153;04/06/2024;terça-feira;13:00:00;RN;101;109;PARNAMIRIM;Condutor deixou de manter distância do veículo da frente;Colisão traseira;Com Vítimas Feridas;Pleno dia;Crescente;Chuva;Dupla;Aclive;Sim;3;0;1;0;2;0;1;2;-5,937378;-35,26483;SPRF-RN;DEL01-RN;UOP01-DEL01-RN
605159;25/05/2024;sábado;18:30:00;MS;163;324;RIO BRILHANTE;Ingestão de álcool pelo condutor;Colisão traseira;Sem Vítimas;Plena Noite;Decrescente;Nublado;Simples;Curva;Não;3;0;0;0;2;1;0;3;-21,77658813;-54,52601916;SPRF-MS;DEL02-MS;UOP02-DEL02-MS
605161;04/06/2024;terça-feira;13:15:00;MG;116;761,5;LEOPOLDINA;Desrespeitar a preferência no cruzamento;Colisão transversal;Com Vítimas Feridas;Pleno dia;Decrescente;Céu Claro;Simples;"Retorno Regulamentado;Reta";Sim;2;0;0;1;1;0;1;2;-21,52207278;-42,61775334;SPRF-MG;DEL07-MG;UOP01-DEL07-MG
605163;04/06/2024;terça-feira;13:40:00;SP;116;109,4;TAUBATE;Condutor usando celular;Colisão traseira;Com Vítimas Feridas;Pleno dia;Crescente;Nublado;Dupla;Reta;Não;2;0;1;0;1;0;1;2;-23,02871304;-45,54517097;SPRF-SP;DEL02-SP;UOP02-DEL02-SP
605165;04/06/2024;terça-feira;14:30:00;MG;381;410,1;NOVA UNIAO;Ultrapassagem Indevida;Colisão lateral mesmo sentido;Com Vítimas Feridas;Pleno dia;Crescente;Céu Claro;Dupla;Reta;Sim;2;0;1;0;1;0;1;2;-19,73472;-43,55882;SPRF-MG;DEL01-MG;UOP01-DEL01-MG
605166;04/06/2024;terça-feira;14:30:00;DF;60;0,4;BRASILIA;Manobra de mudança de faixa;Colisão traseira;Com Vítimas Feridas;Pleno dia;Decrescente;Céu Claro;Dupla;Reta;Sim;3;0;1;0;1;1;1;3;-15,883795;-48,064212;SPRF-DF;DEL03-DF;UOP01-DEL03-DF
605170;04/06/2024;terça-feira;15:15:00;PR;369;507;CASCAVEL;Acessar a via sem observar a presença dos outros veículos;Colisão transversal;Com Vítimas Feridas;Pleno dia;Crescente;Sol;Simples;Interseção de Vias;Não;3;0;2;0;1;0;2;2;-24,8386;-53,3091;SPRF-PR;DEL04-PR;UOP03-DEL04-PR
605172;04/06/2024;terça-feira;15:30:00;GO;50;262,5;CATALAO;Ingestão de álcool pelo condutor;Queda de ocupante de veículo;Sem Vítimas;Pleno dia;Decrescente;Céu Claro;Dupla;Reta;Não;1;0;0;0;1;0;0;1;-18,0438;-47,8596;SPRF-GO;DEL06-GO;UOP01-DEL06-GO
605174;04/06/2024;terça-feira;14:00:00;RJ;493;89;JAPERI;Reação tardia ou ineficiente do condutor;Saída de leito carroçável;Com Vítimas Feridas;Pleno dia;Decrescente;Nublado;Dupla;Reta;Não;2;0;2;0;0;0;2;1;-22,66661066;-43,63975525;SPRF-RJ;DEL01-RJ;UOP03-DEL01-RJ
605175;04/06/2024;terça-feira;15:20:00;MG;50;70;UBERLANDIA;Ausência de reação do condutor;Colisão traseira;Com Vítimas Feridas;Pleno dia;Decrescente;Céu Claro;Dupla;Reta;Sim;3;0;1;0;2;0;1;2;-18,8895708;-48,259139;SPRF-MG;DEL15-MG;UOP01-DEL15-MG
605176;04/06/2024;terça-feira;14:40:00;PI;343;189,2;PIRIPIRI;Reação tardia ou ineficiente do condutor;Colisão com objeto;Sem Vítimas;Pleno dia;Crescente;Céu Claro;Simples;Reta;Não;1;0;0;0;1;0;0;1;-4,31367;-41,776325;SPRF-PI;DEL02-PI;UOP01-DEL02-PI
605178;04/06/2024;terça-feira;16:05:00;RS;290;71,9;GRAVATAI;Conversão proibida;Colisão lateral mesmo sentido;Com Vítimas Fatais;Pleno dia;Decrescente;Sol;Dupla;Reta;Sim;7;1;1;2;3;0;3;2;-29,948053;-50,956192;SPRF-RS;DEL03-RS;UOP01-DEL03-RS
605179;04/06/2024;terça-feira;16:30:00;SP;116;222,9;GUARULHOS;Ausência de reação do condutor;Queda de ocupante de veículo;Com Vítimas Feridas;Pleno dia;Decrescente;Nublado;Múltipla;Reta;Sim;1;0;1;0;0;0;1;1;-23,47093408;-46,51631097;SPRF-SP;DEL01-SP;UOP01-DEL01-SP
605180;04/06/2024;terça-feira;15:10:00;PB;230;9;CABEDELO;Velocidade Incompatível;Colisão com objeto;Com Vítimas Fatais;Pleno dia;Decrescente;Céu Claro;Simples;"Viaduto;Reta";Sim;1;1;0;0;0;0;0;1;-7,0433;-34,8466;SPRF-PB;DEL01-PB;UOP01-DEL01-PB
605181;29/03/2024;sexta-feira;19:15:00;PR;277;107;CAMPO LARGO;Velocidade Incompatível;Capotamento;Com Vítimas Feridas;Plena Noite;Crescente;Nublado;Dupla;Curva;Sim;5;0;5;0;0;0;5;1;-25,47157895;-49,35341791;SPRF-PR;DEL01-PR;UOP06-DEL01-PR
605184;04/06/2024;terça-feira;17:00:00;MG;50;32;ARAGUARI;Demais falhas mecânicas ou elétricas;Queda de ocupante de veículo;Com Vítimas Feridas;Anoitecer;Crescente;Céu Claro;Dupla;Aclive;Não;1;0;1;0;0;0;1;1;-18,63251728;-48,11918755;SPRF-MG;DEL15-MG;UOP02-DEL15-MG
605185;04/06/2024;terça-feira;10:04:00;RS;293;109;PINHEIRO MACHADO;Reação tardia ou ineficiente do condutor;Engavetamento;Com Vítimas Feridas;Pleno dia;Decrescente;Céu Claro;Simples;Reta;Não;4;0;1;0;3;0;1;4;-31,56562211;-53,39315807;SPRF-RS;DEL11-RS;UOP03-DEL11-RS
605186;04/06/2024;terça-feira;10:30:00;RN;304;70;MOSSORO;Objeto estático sobre o leito carroçável;Colisão com objeto;Sem Vítimas;Pleno dia;Decrescente;Nublado;Simples;Reta;Não;3;0;0;0;3;0;0;1;-5,40192311;-37,2252782;SPRF-RN;DEL04-RN;UOP01-DEL04-RN
605187;04/06/2024;terça-feira;16:15:00;RS;285;121,1;VACARIA;Reação tardia ou ineficiente do condutor;Colisão traseira;Sem Vítimas;Pleno dia;Decrescente;Céu Claro;Simples;"Reta;Aclive";Sim;2;0;0;0;2;0;0;2;-28,50908803;-50,93881845;SPRF-RS;DEL05-RS;UOP03-DEL05-RS
605188;04/06/2024;terça-feira;14:40:00;RJ;465;1;SEROPEDICA;Estacionar ou parar em local proibido;Eventos atípicos;Sem Vítimas;Pleno dia;Decrescente;Nublado;Simples;Reta;Sim;1;0;0;0;0;1;0;1;-22,719835;-43,725739;SPRF-RJ;DEL06-RJ;UOP02-DEL06-RJ
605189;04/06/2024;terça-feira;17:09:00;SC;101;211,2;SAO JOSE;Acumulo de areia ou detritos sobre o pavimento;Queda de ocupante de veículo;Com Vítimas Feridas;Anoitecer;Crescente;Nublado;Simples;Reta;Sim;1;0;1;0;0;0;1;1;-27,62329313;-48,65245588;SPRF-SC;DEL01-SC;UOP02-DEL01-SC
605191;04/06/2024;terça-feira;10:45:00;SC;470;157,7;TROMBUDO CENTRAL;Ausência de reação do condutor;Saída de leito carroçável;Com Vítimas Feridas;Pleno dia;Decrescente;Garoa/Chuvisco;Dupla;Curva;Não;2;0;2;0;0;0;2;1;-27,285425;-49,76881;SPRF-SC;DEL04-SC;UOP02-DEL04-SC
605193;04/06/2024;terça-feira;17:30:00;PB;230;36;SANTA RITA;Pedestre cruzava a pista fora da faixa;Atropelamento de Pedestre;Com Vítimas Feridas;Anoitecer;Decrescente;Chuva;Dupla;"Reta;Declive";Sim;3;0;1;1;1;0;2;2;-7,1246;-34,9473;SPRF-PB;DEL01-PB;UOP03-DEL01-PB
605194;04/06/2024;terça-feira;17:30:00;SC;101;403,5;ARARANGUA;Demais falhas mecânicas ou elétricas;Tombamento;Sem Vítimas;Anoitecer;Crescente;Céu Claro;Dupla;Reta;Não;2;0;0;0;2;0;0;1;-28,891083;-49,467767;SPRF-SC;DEL02-SC;UOP02-DEL02-SC
605196;04/06/2024;terça-feira;18:00:00;SC;101;201,2;SAO JOSE;Manobra de mudança de faixa;Colisão lateral mesmo sentido;Com Vítimas Feridas;Plena Noite;Crescente;Céu Claro;Múltipla;Reta;Sim;2;0;1;0;1;0;1;2;-27,54836599;-48,61977975;SPRF-SC;DEL01-SC;UOP01-DEL01-SC
605199;04/06/2024;terça-feira;13:40:00;MG;262;129;RIO CASCA;Ausência de reação do condutor;Colisão com objeto;Sem Vítimas;Pleno dia;Crescente;Céu Claro;Simples;Curva;Não;1;0;0;0;0;1;0;1;-20,16391708;-42,69774389;SPRF-MG;DEL03-MG;UOP03-DEL03-MG
605201;04/06/2024;terça-feira;17:30:00;MG;267;177,3;OLARIA;Entrada inopinada do pedestre;Atropelamento de Pedestre;Com Vítimas Fatais;Anoitecer;Crescente;Céu Claro;Simples;Reta;Não;3;1;0;0;2;0;0;2;-21,87212992;-43,92988701;SPRF-MG;DEL05-MG;UOP01-DEL05-MG
605202;04/06/2024;terça-feira;17:40:00;MG;40;532;BELO HORIZONTE;Ultrapassagem Indevida;Colisão lateral mesmo sentido;Com Vítimas Feridas;Anoitecer;Decrescente;Céu Claro;Dupla;"Aclive;Reta";Sim;2;0;0;1;1;0;1;2;-19,92372561;-44,01700789;SPRF-MG;DEL01-MG;UOP02-DEL01-MG
605205;04/06/2024;terça-feira;17:30:00;MA;135;12;SAO LUIS;Reação tardia ou ineficiente do condutor;Engavetamento;Com Vítimas Feridas;Anoitecer;Decrescente;Chuva;Dupla;Retorno Regulamentado;Sim;7;0;1;0;6;0;1;3;-2,67223553;-44,29173767;SPRF-MA;DEL01-MA;UOP01-DEL01-MA
605206;04/06/2024;terça-feira;17:15:00;RS;116;243,6;SAO LEOPOLDO;Reação tardia ou ineficiente do condutor;Tombamento;Com Vítimas Feridas;Pleno dia;Decrescente;Céu Claro;Múltipla;Reta;Sim;1;0;0;1;0;0;1;1;-29,73196199;-51,14952004;SPRF-RS;DEL01-RS;UOP02-DEL01-RS
605207;04/06/2024;terça-feira;17:30:00;PR;369;135,5;IBIPORA;Ultrapassagem Indevida;Colisão lateral mesmo sentido;Com Vítimas Feridas;Pleno dia;Decrescente;Céu Claro;Simples;"Interseção de Vias;Reta";Não;2;0;1;0;1;0;1;2;-23,26300974;-51,03270834;SPRF-PR;DEL07-PR;UOP01-DEL07-PR
605208;03/05/2024;sexta-feira;14:00:00;MS;163;321;RIO BRILHANTE;Reação tardia ou ineficiente do condutor;Colisão traseira;Com Vítimas Feridas;Pleno dia;Crescente;Céu Claro;Simples;Reta;Não;3;0;1;0;2;0;1;2;-21,7962;-54,52587;SPRF-MS;DEL02-MS;UOP02-DEL02-MS
605209;04/06/2024;terça-feira;18:40:00;SC;480;128,9;CHAPECO;Transitar na contramão;Colisão frontal;Com Vítimas Feridas;Plena Noite;Crescente;Céu Claro;Simples;Reta;Sim;2;0;1;0;1;0;1;2;-27,03781899;-52,63432603;SPRF-SC;DEL07-SC;UOP01-DEL07-SC
605210;04/06/2024;terça-feira;19:25:00;SC;280;25;ARAQUARI;Acessar a via sem observar a presença dos outros veículos;Colisão transversal;Com Vítimas Feridas;Plena Noite;Decrescente;Céu Claro;Simples;Reta;Sim;4;0;3;0;1;0;3;2;-26,38352781;-48,72677516;SPRF-SC;DEL03-SC;UOP03-DEL03-SC
605212;04/06/2024;terça-feira;19:25:00;PB;230;22;JOAO PESSOA;Acostamento em desnível;Tombamento;Com Vítimas Feridas;Plena Noite;Crescente;Chuva;Dupla;Reta;Sim;1;0;1;0;0;0;1;1;-7,1495;-34,8517;SPRF-PB;DEL01-PB;UOP01-DEL01-PB
605213;04/06/2024;terça-feira;18:45:00;SP;116;437,9;REGISTRO;Condutor deixou de manter distância do veículo da frente;Colisão traseira;Sem Vítimas;Plena Noite;Crescente;Chuva;Dupla;Reta;Não;2;0;0;0;2;0;0;2;-24,44201718;-47,79888683;SPRF-SP;DEL05-SP;UOP01-DEL05-SP
605214;04/06/2024;terça-feira;17:35:00;MG;262;36;MANHUACU;Ausência de reação do condutor;Colisão lateral mesmo sentido;Com Vítimas Feridas;Anoitecer;Crescente;Céu Claro;Simples;"Reta;Declive";Sim;2;0;1;0;1;0;1;2;-20,25932046;-42,02298331;SPRF-MG;DEL06-MG;UOP03-DEL06-MG
605216;04/06/2024;terça-feira;19:30:00;RJ;116;184;NOVA IGUACU;Acessar a via sem observar a presença dos outros veículos;Colisão lateral mesmo sentido;Com Vítimas Feridas;Plena Noite;Decrescente;Nublado;Múltipla;Reta;Não;2;0;1;0;1;0;1;2;-22,74647215;-43,44594311;SPRF-RJ;DEL06-RJ;UOP01-DEL06-RJ
605219;04/06/2024;terça-feira;19:00:00;RS;386;126;SARANDI;Ausência de reação do condutor;Saída de leito carroçável;Com Vítimas Feridas;Plena Noite;Decrescente;Céu Claro;Simples;Curva;Não;1;0;1;0;0;0;1;1;-27,90309;-52,97544;SPRF-RS;DEL08-RS;UOP01-DEL08-RS
605220;04/06/2024;terça-feira;18:30:00;PR;376;591,9;CURITIBA;Ausência de reação do condutor;Colisão traseira;Com Vítimas Feridas;Plena Noite;Decrescente;Nublado;Dupla;Reta;Sim;2;0;1;0;1;0;1;2;-25,45999605;-49,35895013;SPRF-PR;DEL01-PR;UOP06-DEL01-PR
605221;04/06/2024;terça-feira;18:45:00;PR;376;591,9;CURITIBA;Reação tardia ou ineficiente do condutor;Colisão traseira;Com Vítimas Feridas;Plena Noite;Decrescente;Nublado;Dupla;Reta;Sim;1;0;1;0;0;0;1;1;-25,45999605;-49,35895013;SPRF-PR;DEL01-PR;UOP06-DEL01-PR
605222;04/06/2024;terça-feira;18:30:00;RO;364;13;VILHENA;Ausência de reação do condutor;Colisão transversal;Com Vítimas Feridas;Anoitecer;Crescente;Céu Claro;Múltipla;"Interseção de Vias;Rotatória";Não;2;0;0;1;1;0;1;2;-12,74140004;-60,13026401;SPRF-RO;DEL04-RO;UOP01-DEL04-RO
605223;04/06/2024;terça-feira;16:20:00;RS;0;0;SANTA MARIA;Frear bruscamente;Colisão traseira;Sem Vítimas;Pleno dia;Não Informado;Nublado;Múltipla;Reta;Sim;4;0;0;0;4;0;0;2;-29,67365575;-53,82694066;SPRF-RS;DEL09-RS;UOP01-DEL09-RS
605224;04/06/2024;terça-feira;19:30:00;CE;222;1,5;CAUCAIA;Entrada inopinada do pedestre;Atropelamento de Pedestre;Com Vítimas Feridas;Plena Noite;Crescente;Céu Claro;Múltipla;Reta;Não;2;0;1;0;1;0;1;2;-3,737804;-38,578061;SPRF-CE;DEL01-CE;UOP01-DEL01-CE
605228;04/06/2024;terça-feira;19:45:00;PR;277;95,2;CURITIBA;Acessar a via sem observar a presença dos outros veículos;Colisão transversal;Com Vítimas Feridas;Plena Noite;Crescente;Nublado;Dupla;"Aclive;Reta;Interseção de Vias";Sim;3;0;2;0;1;0;2;2;-25,54838443;-49,28586717;SPRF-PR;DEL01-PR;UOP06-DEL01-PR
605229;04/06/2024;terça-feira;20:15:00;PR;277;451,4;LARANJEIRAS DO SUL;Desrespeitar a preferência no cruzamento;Colisão transversal;Com Vítimas Feridas;Plena Noite;Decrescente;Céu Claro;Simples;Interseção de Vias;Sim;3;0;0;1;2;0;1;2;-25,36888683;-52,3599691;SPRF-PR;DEL04-PR;UOP02-DEL04-PR
605231;04/06/2024;terça-feira;16:45:00;RS;470;225;GARIBALDI;Acessar a via sem observar a presença dos outros veículos;Colisão transversal;Com Vítimas Feridas;Anoitecer;Crescente;Céu Claro;Simples;Interseção de Vias;Sim;3;0;1;0;2;0;1;2;-29,21454003;-51,51762617;SPRF-RS;DEL06-RS;UOP01-DEL06-RS
605232;04/06/2024;terça-feira;20:24:00;ES;101;270,4;SERRA;Condutor desrespeitou a iluminação vermelha do semáforo;Colisão transversal;Com Vítimas Feridas;Plena Noite;Decrescente;Céu Claro;Múltipla;Reta;Não;3;0;1;0;1;1;1;2;-20,22662056;-40,27075088;SPRF-ES;DEL02-ES;UOP01-DEL02-ES
605233;04/06/2024;terça-feira;19:50:00;PE;101;74,2;RECIFE;Ausência de reação do condutor;Tombamento;Com Vítimas Feridas;Plena Noite;Decrescente;Céu Claro;Dupla;Curva;Sim;1;0;1;0;0;0;1;1;-8,104776;-34,948557;SPRF-PE;DEL01-PE;UOP01-DEL01-PE
605235;04/06/2024;terça-feira;20:20:00;RJ;101;52;CAMPOS DOS GOYTACAZES;Acessar a via sem observar a presença dos outros veículos;Colisão lateral mesmo sentido;Com Vítimas Feridas;Plena Noite;Decrescente;Céu Claro;Simples;Reta;Sim;2;0;1;0;1;0;1;2;-21,65231275;-41,31134033;SPRF-RJ;DEL08-RJ;UOP01-DEL08-RJ
605237;04/06/2024;terça-feira;20:57:00;MG;262;411,8;IGARATINGA;Velocidade Incompatível;Colisão traseira;Com Vítimas Feridas;Plena Noite;Decrescente;Céu Claro;Dupla;Rotatória;Não;2;0;2;0;0;0;2;1;-19,88744145;-44,64074377;SPRF-MG;DEL08-MG;UOP03-DEL08-MG
605238;04/06/2024;terça-feira;19:30:00;SC;101;73,5;ARAQUARI;Reação tardia ou ineficiente do condutor;Saída de leito carroçável;Com Vítimas Feridas;Plena Noite;Crescente;Céu Claro;Simples;Curva;Não;1;0;1;0;0;0;1;1;-26,54446209;-48,71214452;SPRF-SC;DEL03-SC;UOP02-DEL03-SC
605240;04/06/2024;terça-feira;20:40:00;PR;153;33,1;SANTO ANTONIO DA PLATINA;Demais falhas na via;Queda de ocupante de veículo;Com Vítimas Feridas;Plena Noite;Decrescente;Céu Claro;Simples;Reta;Não;2;0;2;0;0;0;2;1;-23,23550499;-50,03814169;SPRF-PR;DEL07-PR;UOP04-DEL07-PR
605242;04/06/2024;terça-feira;18:30:00;MA;316;197;ZE DOCA;Pista esburacada;Colisão lateral sentido oposto;Com Vítimas Feridas;Anoitecer;Crescente;Céu Claro;Simples;Reta;Sim;2;0;1;0;1;0;1;2;-3,268695;-45,655586;SPRF-MA;DEL02-MA;UOP01-DEL02-MA
605243;04/06/2024;terça-feira;20:15:00;GO;60;263;INDIARA;Ausência de reação do condutor;Engavetamento;Sem Vítimas;Plena Noite;Decrescente;Céu Claro;Dupla;Reta;Sim;3;0;0;0;2;1;0;3;-17,1744;-50,0588;SPRF-GO;DEL01-GO;UOP02-DEL01-GO
605245;04/06/2024;terça-feira;21:20:00;MT;364;378;SANTO ANTONIO DO LEVERGER;Ausência de reação do condutor;Saída de leito carroçável;Com Vítimas Feridas;Plena Noite;Crescente;Céu Claro;Dupla;Reta;Não;1;0;1;0;0;0;1;1;-15,70377454;-55,74613599;SPRF-MT;DEL01-MT;UOP02-DEL01-MT
605249;04/06/2024;terça-feira;23:10:00;PI;343;15,4;PARNAIBA;Ingestão de álcool pelo condutor;Colisão com objeto;Sem Vítimas;Plena Noite;Decrescente;Céu Claro;Dupla;Rotatória;Sim;1;0;0;0;1;0;0;1;-2,945431;-41,756462;SPRF-PI;DEL05-PI;UOP01-DEL05-PI
605250;04/06/2024;terça-feira;23:00:00;RJ;101;297;ITABORAI;Acumulo de óleo sobre o pavimento;Tombamento;Com Vítimas Feridas;Plena Noite;Crescente;Céu Claro;Dupla;Reta;Sim;3;0;3;0;0;0;3;2;-22,76942037;-42,91873581;SPRF-RJ;DEL02-RJ;UOP02-DEL02-RJ
605251;04/06/2024;terça-feira;20:55:00;RS;470;171,8;VERANOPOLIS;Acessar a via sem observar a presença dos outros veículos;Colisão transversal;Com Vítimas Feridas;Plena Noite;Decrescente;Ignorado;Simples;"Retorno Regulamentado;Reta";Não;3;0;3;0;0;0;3;2;-28,88090703;-51,5484283;SPRF-RS;DEL06-RS;UOP02-DEL06-RS
605252;04/06/2024;terça-feira;21:10:00;RS;287;313;SAO PEDRO DO SUL;Reação tardia ou ineficiente do condutor;Colisão com objeto;Com Vítimas Feridas;Plena Noite;Decrescente;Céu Claro;Simples;"Desvio Temporário;Reta;Ponte;Em Obras";Não;2;0;2;0;0;0;2;1;-29,65950375;-54,50240504;SPRF-RS;DEL09-RS;UOP01-DEL09-RS
605255;05/06/2024;quarta-feira;01:20:00;SP;116;484;CAJATI;Demais falhas mecânicas ou elétricas;Incêndio;Com Vítimas Feridas;Plena Noite;Crescente;Nublado;Dupla;Reta;Não;37;0;1;0;36;0;1;1;-24,72231195;-48,062511;SPRF-SP;DEL05-SP;UOP01-DEL05-SP
605256;05/06/2024;quarta-feira;01:10:00;PR;369;149,5;LONDRINA;Ingestão de álcool pelo condutor;Colisão traseira;Com Vítimas Feridas;Plena Noite;Crescente;Céu Claro;Dupla;Reta;Sim;2;0;1;0;0;1;1;2;-23,292685;-51,154449;SPRF-PR;DEL07-PR;UOP01-DEL07-PR
605258;05/06/2024;quarta-feira;02:00:00;RJ;40;55;PETROPOLIS;Reação tardia ou ineficiente do condutor;Saída de leito carroçável;Com Vítimas Fatais;Plena Noite;Crescente;Céu Claro;Dupla;"Reta;Retorno Regulamentado";Não;2;2;0;0;0;0;0;1;-22,35382783;-43,12184226;SPRF-RJ;DEL05-RJ;UOP02-DEL05-RJ
605259;05/06/2024;quarta-feira;04:00:00;MG;381;907,5;CAMBUI;Velocidade Incompatível;Capotamento;Com Vítimas Feridas;Plena Noite;Decrescente;Céu Claro;Dupla;Curva;Não;2;0;2;0;0;0;2;1;-22,70254777;-46,11752735;SPRF-MG;DEL16-MG;UOP03-DEL16-MG