id;data_inversa;dia_semana;horario;uf;br;km;municipio;causa_acidente;tipo_acidente;classificacao_acidente;fase_dia;sentido_via;condicao_metereologica;tipo_pista;tracado_via;uso_solo;pessoas;mortos;feridos_leves;feridos_graves;ilesos;ignorados;feridos;veiculos;latitude;longitude;regional;delegacia;uop
605392;05/06/2024;quarta-feira;19:05:00;SC;282;5,3;SAO JOSE;Manobra de mudança de faixa;Queda de ocupante de veículo;Com Vítimas Feridas;Plena Noite;Crescente;Céu Claro;Dupla;Reta;Não;3;0;1;0;2;0;1;3;-27,588425;-48,612919;SPRF-SC;DEL01-SC;UOP01-DEL01-SC
605393;05/06/2024;quarta-feira;19:00:00;PR;376;219;JANDAIA DO SUL;Ausência de reação do condutor;Saída de leito carroçável;Com Vítimas Feridas;Plena Noite;Crescente;Céu Claro;Simples;Reta;Não;1;0;1;0;0;0;1;1;-23,59805329;-51,60575514;SPRF-PR;DEL09-PR;UOP01-DEL09-PR
605395;05/06/2024;quarta-feira;18:00:00;BA;242;413;SEABRA;Ausência de reação do condutor;Atropelamento de Pedestre;Com Vítimas Feridas;Plena Noite;Decrescente;Céu Claro;Simples;Reta;Não;2;0;0;1;1;0;1;2;-12,42772116;-41,76143939;SPRF-BA;DEL06-BA;UOP01-DEL06-BA
605396;05/06/2024;quarta-feira;17:00:00;SP;459;16;PIQUETE;Reação tardia ou ineficiente do condutor;Colisão lateral mesmo sentido;Com Vítimas Feridas;Plena Noite;Crescente;Céu Claro;Simples;Reta;Não;2;0;1;0;1;0;1;2;-22,62031;-45,164268;SPRF-SP;DEL08-SP;UOP02-DEL08-SP
605397;05/06/2024;quarta-feira;19:35:00;SP;153;62;SAO JOSE DO RIO PRETO;Condutor deixou de manter distância do veículo da frente;Colisão traseira;Com Vítimas Feridas;Plena Noite;Crescente;Céu Claro;Dupla;"Aclive;Reta";Sim;3;0;2;0;0;1;2;2;-20,81325404;-49,35675563;SPRF-SP;DEL09-SP;UOP01-DEL09-SP
605398;21/05/2024;terça-feira;05:30:00;RJ;116;323;ITATIAIA;Reação tardia ou ineficiente do condutor;Queda de ocupante de veículo;Com Vítimas Feridas;Amanhecer;Decrescente;Ignorado;Dupla;Reta;Não;3;0;0;1;1;1;1;2;-22,488885;-44,552696;SPRF-RJ;DEL07-RJ;UOP02-DEL07-RJ
605399;01/06/2024;sábado;18:40:00;SC;101;334,4;TUBARAO;Condutor usando celular;Atropelamento de Pedestre;Com Vítimas Feridas;Plena Noite;Crescente;Céu Claro;Dupla;Reta;Sim;2;0;1;0;1;0;1;2;-28,47159615;-49,02212262;SPRF-SC;DEL02-SC;UOP01-DEL02-SC
605400;05/06/2024;quarta-feira;19:18:00;RO;364;196,5;PIMENTA BUENO;Ausência de reação do condutor;Colisão com objeto;Com Vítimas Feridas;Plena Noite;Crescente;Céu Claro;Simples;Reta;Sim;2;0;0;1;1;0;1;2;-11,68671732;-61,18347731;SPRF-RO;DEL02-RO;UOP02-DEL02-RO
605401;05/06/2024;quarta-feira;08:30:00;BA;116;14;VITORIA DA CONQUISTA;Ausência de reação do condutor;Colisão traseira;Com Vítimas Feridas;Pleno dia;Decrescente;Nublado;Simples;Curva;Sim;2;0;1;0;1;0;1;1;-14,9026536;-40,846138;SPRF-BA;DEL08-BA;UOP01-DEL08-BA
605402;05/06/2024;quarta-feira;18:05:00;RO;364;425;JARU;Desrespeitar a preferência no cruzamento;Colisão transversal;Com Vítimas Feridas;Anoitecer;Crescente;Céu Claro;Simples;Interseção de Vias;Sim;3;0;2;0;1;0;2;2;-10,43823536;-62,4704504;SPRF-RO;DEL03-RO;UOP02-DEL03-RO
605403;05/06/2024;quarta-feira;19:10:00;PI;230;302,2;FLORIANO;Objeto estático sobre o leito carroçável;Colisão com objeto;Com Vítimas Feridas;Plena Noite;Crescente;Céu Claro;Simples;"Reta;Declive";Não;2;0;0;1;0;1;1;2;-6,80885;-42,9567;SPRF-PI;DEL03-PI;UOP01-DEL03-PI
605405;05/06/2024;quarta-feira;19:10:00;PB;101;83,5;BAYEUX;Ausência de reação do condutor;Colisão traseira;Com Vítimas Feridas;Plena Noite;Decrescente;Céu Claro;Dupla;Reta;Sim;2;0;1;0;1;0;1;2;-7,1337703;-34,92963914;SPRF-PB;DEL01-PB;UOP01-DEL01-PB
605406;26/05/2024;domingo;13:51:00;ES;101;282,1;CARIACICA;Ingestão de álcool pelo condutor;Saída de leito carroçável;Com Vítimas Feridas;Pleno dia;Decrescente;Nublado;Dupla;Curva;Não;3;0;2;0;0;1;2;1;-20,22779853;-40,36590993;SPRF-ES;DEL01-ES;UOP01-DEL01-ES
605407;05/06/2024;quarta-feira;09:48:00;PI;343;345,4;TERESINA;Acessar a via sem observar a presença dos outros veículos;Colisão transversal;Com Vítimas Feridas;Pleno dia;Crescente;Céu Claro;Simples;Reta;Não;2;0;1;0;0;1;1;2;-5,102889;-42,766506;SPRF-PI;DEL01-PI;UOP01-DEL01-PI
605408;05/06/2024;quarta-feira;20:10:00;RS;116;48,9;VACARIA;Reação tardia ou ineficiente do condutor;Capotamento;Com Vítimas Feridas;Plena Noite;Decrescente;Céu Claro;Dupla;Curva;Não;1;0;1;0;0;0;1;1;-28,56556596;-50,99566405;SPRF-RS;DEL05-RS;UOP03-DEL05-RS
605409;05/06/2024;quarta-feira;20:40:00;GO;40;1,9;VALPARAISO DE GOIAS;Manobra de mudança de faixa;Colisão lateral mesmo sentido;Com Vítimas Feridas;Plena Noite;Crescente;Céu Claro;Dupla;"Reta;Declive";Sim;2;0;1;0;1;0;1;2;-16,058245;-47,982825;SPRF-DF;DEL01-DF;UOP01-DEL01-DF
605410;05/06/2024;quarta-feira;19:30:00;RJ;493;1;ITABORAI;Condutor deixou de manter distância do veículo da frente;Colisão traseira;Com Vítimas Feridas;Plena Noite;Crescente;Céu Claro;Dupla;Reta;Sim;2;0;1;0;1;0;1;2;-22,76398788;-42,92731895;SPRF-RJ;DEL02-RJ;UOP02-DEL02-RJ
605411;05/06/2024;quarta-feira;16:30:00;PI;343;503;AMARANTE;Ausência de reação do condutor;Colisão traseira;Sem Vítimas;Pleno dia;Crescente;Céu Claro;Simples;Reta;Não;2;0;0;0;2;0;0;2;-6,246497;-42,829082;SPRF-PI;DEL03-PI;UOP01-DEL03-PI
605412;05/06/2024;quarta-feira;17:21:00;CE;116;375;ICO;Ausência de reação do condutor;Atropelamento de Pedestre;Com Vítimas Feridas;Anoitecer;Decrescente;Céu Claro;Simples;Reta;Sim;2;0;1;0;1;0;1;2;-6,3951252;-38,83101685;SPRF-CE;DEL05-CE;UOP01-DEL05-CE
605413;05/06/2024;quarta-feira;20:00:00;PR;277;711;SANTA TEREZINHA DE ITAIPU;Pedestre andava na pista;Atropelamento de Pedestre;Com Vítimas Fatais;Plena Noite;Decrescente;Céu Claro;Dupla;Reta;Sim;3;1;0;0;1;1;0;2;-25,45408037;-54,42224885;SPRF-PR;DEL05-PR;UOP01-DEL05-PR
605414;05/06/2024;quarta-feira;20:50:00;RJ;393;285,5;VOLTA REDONDA;Acessar a via sem observar a presença dos outros veículos;Colisão transversal;Sem Vítimas;Plena Noite;Decrescente;Nublado;Simples;"Reta;Rotatória";Sim;2;0;0;0;1;1;0;2;-22,505402;-44,07228;SPRF-RJ;DEL05-RJ;UOP04-DEL05-RJ
605415;05/06/2024;quarta-feira;18:00:00;RJ;101;294;ITABORAI;Pedestre cruzava a pista fora da faixa;Atropelamento de Pedestre;Com Vítimas Fatais;Plena Noite;Decrescente;Céu Claro;Dupla;Reta;Sim;2;1;0;0;1;0;0;2;-22,7633247;-42,9012166;SPRF-RJ;DEL02-RJ;UOP02-DEL02-RJ
605416;05/06/2024;quarta-feira;20:30:00;PE;101;62;RECIFE;Demais falhas mecânicas ou elétricas;Incêndio;Sem Vítimas;Plena Noite;Crescente;Céu Claro;Dupla;Reta;Sim;1;0;0;0;1;0;0;1;-7,99905898;-34,93899295;SPRF-PE;DEL01-PE;UOP02-DEL01-PE
605418;05/06/2024;quarta-feira;18:45:00;PR;280;316;BARRACAO;Acessar a via sem observar a presença dos outros veículos;Saída de leito carroçável;Com Vítimas Feridas;Plena Noite;Crescente;Céu Claro;Simples;Reta;Não;2;0;1;0;1;0;1;2;-26,29233633;-53,53829307;SPRF-PR;DEL02-PR;UOP01-DEL02-PR
605422;05/06/2024;quarta-feira;22:15:00;SP;116;231;SAO PAULO;Ausência de reação do condutor;Colisão traseira;Com Vítimas Feridas;Plena Noite;Decrescente;Céu Claro;Múltipla;Reta;Não;2;0;0;1;1;0;1;2;-23,52380535;-46,58622438;SPRF-SP;DEL01-SP;UOP01-DEL01-SP
605423;05/06/2024;quarta-feira;16:00:00;MA;135;242;PERITORO;Ultrapassagem Indevida;Colisão frontal;Com Vítimas Fatais;Anoitecer;Crescente;Céu Claro;Simples;Reta;Não;3;1;0;0;2;0;0;2;-4,50357399;-44,35651449;SPRF-MA;DEL03-MA;UOP01-DEL03-MA
605424;05/06/2024;quarta-feira;19:30:00;MS;158;257;TRES LAGOAS;Transitar na contramão;Colisão frontal;Com Vítimas Feridas;Plena Noite;Crescente;Céu Claro;Simples;"Reta;Declive;Em Obras";Não;4;0;2;1;0;1;3;3;-20,69839572;-51,76091656;SPRF-MS;DEL07-MS;UOP01-DEL07-MS
605425;05/06/2024;quarta-feira;19:40:00;SP;116;478;JACUPIRANGA;Transitar na contramão;Colisão transversal;Sem Vítimas;Plena Noite;Crescente;Céu Claro;Dupla;Reta;Não;2;0;0;0;1;1;0;2;-24,70388258;-48,01063531;SPRF-SP;DEL05-SP;UOP01-DEL05-SP
605426;05/06/2024;quarta-feira;22:00:00;RJ;116;277,5;BARRA MANSA;Ultrapassagem Indevida;Colisão frontal;Com Vítimas Feridas;Plena Noite;Crescente;Nublado;Simples;Reta;Não;2;0;0;1;1;0;1;2;-22,55905501;-44,17284006;SPRF-RJ;DEL07-RJ;UOP02-DEL07-RJ
605427;05/06/2024;quarta-feira;22:00:00;MG;459;92,2;CONGONHAL;Ingestão de álcool pelo condutor;Saída de leito carroçável;Sem Vítimas;Plena Noite;Crescente;Céu Claro;Simples;Reta;Não;1;0;0;0;1;0;0;1;-22,173647;-46,001644;SPRF-MG;DEL09-MG;UOP01-DEL09-MG
605428;05/06/2024;quarta-feira;22:20:00;RJ;116;309;RESENDE;Transitar no Acostamento;Colisão traseira;Com Vítimas Feridas;Plena Noite;Decrescente;Céu Claro;Dupla;Reta;Sim;2;0;0;1;0;1;1;2;-22,45852838;-44,42672997;SPRF-RJ;DEL07-RJ;UOP02-DEL07-RJ
605429;05/06/2024;quarta-feira;19:50:00;MT;364;404;CUIABA;Animais na Pista;Atropelamento de Animal;Com Vítimas Feridas;Plena Noite;Decrescente;Céu Claro;Dupla;Reta;Sim;1;0;1;0;0;0;1;1;-15,66158612;-55,97144205;SPRF-MT;DEL01-MT;UOP02-DEL01-MT
605431;12/05/2024;domingo;17:59:00;RN;226;1;NATAL;Ultrapassagem Indevida;Atropelamento de Pedestre;Com Vítimas Feridas;Plena Noite;Decrescente;Nublado;Simples;Reta;Sim;2;0;0;1;0;1;1;2;-5,80642132;-35,24167278;SPRF-RN;DEL01-RN;UOP02-DEL01-RN
605432;05/06/2024;quarta-feira;23:30:00;PR;116;123;CURITIBA;Ingestão de álcool pelo condutor;Colisão traseira;Com Vítimas Feridas;Plena Noite;Crescente;Céu Claro;Dupla;Reta;Sim;2;0;1;0;1;0;1;2;-25,61203597;-49,31866061;SPRF-PR;DEL01-PR;UOP03-DEL01-PR
605433;05/06/2024;quarta-feira;22:40:00;RN;226;2,5;NATAL;Conversão proibida;Colisão transversal;Com Vítimas Feridas;Plena Noite;Crescente;Céu Claro;Simples;Reta;Não;4;0;1;0;2;1;1;3;-5,81364934;-35,2466547;SPRF-RN;DEL01-RN;UOP02-DEL01-RN
605435;05/06/2024;quarta-feira;22:40:00;PR;376;176;MARINGA;Reação tardia ou ineficiente do condutor;Colisão traseira;Com Vítimas Feridas;Plena Noite;Crescente;Céu Claro;Dupla;Reta;Sim;2;0;1;0;1;0;1;2;-23,41113677;-51,9367547;SPRF-PR;DEL09-PR;UOP01-DEL09-PR
605438;05/06/2024;quarta-feira;23:15:00;SP;101;51,1;UBATUBA;Conversão proibida;Colisão traseira;Com Vítimas Feridas;Plena Noite;Crescente;Céu Claro;Simples;Interseção de Vias;Sim;2;0;1;0;0;1;1;2;-23,45691503;-45,07043665;SPRF-SP;DEL06-SP;UOP01-DEL06-SP
605439;05/06/2024;quarta-feira;17:45:00;MA;316;58;MARACACUME;Condutor Dormindo;Colisão lateral sentido oposto;Sem Vítimas;Pleno dia;Crescente;Céu Claro;Simples;Reta;Não;2;0;0;0;2;0;0;2;-2,063728;-45,947037;SPRF-MA;DEL02-MA;UOP02-DEL02-MA
605444;06/06/2024;quinta-feira;00:00:00;SP;381;70;MAIRIPORA;Pedestre andava na pista;Atropelamento de Pedestre;Com Vítimas Fatais;Plena Noite;Decrescente;Céu Claro;Múltipla;"Curva;Declive";Não;2;1;0;0;1;0;0;2;-23,34972978;-46,56070474;SPRF-SP;DEL03-SP;UOP01-DEL03-SP
605446;06/06/2024;quinta-feira;02:15:00;RS;116;150;CAXIAS DO SUL;Condutor desrespeitou a iluminação vermelha do semáforo;Colisão transversal;Com Vítimas Feridas;Plena Noite;Crescente;Céu Claro;Múltipla;"Interseção de Vias;Reta";Sim;2;0;2;0;0;0;2;2;-29,168428;-51,158337;SPRF-RS;DEL05-RS;UOP01-DEL05-RS
605447;06/06/2024;quinta-feira;01:50:00;MA;135;35;BACABEIRA;Animais na Pista;Atropelamento de Animal;Sem Vítimas;Plena Noite;Crescente;Chuva;Dupla;Reta;Não;1;0;0;0;0;1;0;1;-2,849089;-44,374672;SPRF-MA;DEL01-MA;UOP01-DEL01-MA
605448;06/06/2024;quinta-feira;03:00:00;PB;230;62,9;SAO MIGUEL DE TAIPU;Transitar na contramão;Colisão lateral sentido oposto;Com Vítimas Feridas;Plena Noite;Crescente;Céu Claro;Dupla;Reta;Não;2;0;1;0;1;0;1;2;-7,1989;-35,1649;SPRF-PB;DEL01-PB;UOP03-DEL01-PB
605449;05/06/2024;quarta-feira;12:20:00;GO;153;284,5;RIALMA;Reação tardia ou ineficiente do condutor;Queda de ocupante de veículo;Com Vítimas Feridas;Pleno dia;Decrescente;Céu Claro;Simples;Reta;Não;1;0;1;0;0;0;1;1;-15,162119;-49,5406;SPRF-GO;DEL07-GO;UOP02-DEL07-GO
605451;06/06/2024;quinta-feira;03:15:00;SC;116;71;MONTE CASTELO;Reação tardia ou ineficiente do condutor;Saída de leito carroçável;Sem Vítimas;Plena Noite;Decrescente;Nublado;Simples;Reta;Não;2;0;0;0;2;0;0;1;-26,47804399;-50,23238915;SPRF-SC;DEL06-SC;UOP02-DEL06-SC
605452;06/06/2024;quinta-feira;05:50:00;BA;101;179;SAO GONCALO DOS CAMPOS;Condutor deixou de manter distância do veículo da frente;Colisão traseira;Com Vítimas Feridas;Amanhecer;Crescente;Garoa/Chuvisco;Simples;Reta;Não;2;0;1;0;1;0;1;2;-12,519078;-38,970829;SPRF-BA;DEL01-BA;UOP03-DEL01-BA
605453;06/06/2024;quinta-feira;05:45:00;MG;116;547,9;SANTA BARBARA DO LESTE;Entrada inopinada do pedestre;Atropelamento de Pedestre;Com Vítimas Feridas;Amanhecer;Crescente;Céu Claro;Múltipla;Aclive;Não;2;0;2;0;0;0;2;2;-19,94406896;-42,1320258;SPRF-MG;DEL06-MG;UOP02-DEL06-MG
605455;06/06/2024;quinta-feira;05:25:00;ES;101;146,5;LINHARES;Conversão proibida;Colisão frontal;Com Vítimas Feridas;Amanhecer;Decrescente;Céu Claro;Simples;Interseção de Vias;Sim;2;0;1;0;1;0;1;2;-19,36990998;-40,06560718;SPRF-ES;DEL04-ES;UOP01-DEL04-ES
605456;06/06/2024;quinta-feira;05:30:00;ES;262;119;CONCEICAO DO CASTELO;Acumulo de areia ou detritos sobre o pavimento;Queda de ocupante de veículo;Com Vítimas Feridas;Amanhecer;Crescente;Nevoeiro/Neblina;Simples;Reta;Não;1;0;1;0;0;0;1;1;-20,30782485;-41,23182431;SPRF-ES;DEL01-ES;UOP02-DEL01-ES
605457;06/06/2024;quinta-feira;04:30:00;SC;282;450,8;PONTE SERRADA;Condutor Dormindo;Saída de leito carroçável;Com Vítimas Feridas;Plena Noite;Crescente;Céu Claro;Simples;"Curva;Declive";Não;2;0;1;0;1;0;1;1;-26,91944878;-51,94432497;SPRF-SC;DEL07-SC;UOP04-DEL07-SC
605459;25/05/2024;sábado;21:05:00;MG;116;305;ITAMBACURI;Animais na Pista;Atropelamento de Animal;Com Vítimas Feridas;Pleno dia;Crescente;Céu Claro;Simples;Reta;Não;1;0;1;0;0;0;1;1;-18,03188584;-41,65290534;SPRF-MG;DEL11-MG;UOP01-DEL11-MG
605461;06/06/2024;quinta-feira;01:00:00;CE;222;307;TIANGUA;Ingestão de álcool pelo condutor;Colisão traseira;Com Vítimas Feridas;Plena Noite;Crescente;Nublado;Simples;"Aclive;Reta";Não;2;0;1;0;1;0;1;2;-3,68203653;-40,97306466;SPRF-CE;DEL04-CE;UOP02-DEL04-CE
605462;06/06/2024;quinta-feira;07:12:00;SP;153;256;MARILIA;Acessar a via sem observar a presença dos outros veículos;Colisão transversal;Com Vítimas Feridas;Pleno dia;Decrescente;Céu Claro;Dupla;"Interseção de Vias;Reta";Sim;2;0;1;0;1;0;1;2;-22,23389031;-49,9187851;SPRF-SP;DEL07-SP;UOP02-DEL07-SP
605463;06/06/2024;quinta-feira;07:20:00;RS;290;720;URUGUAIANA;Acessar a via sem observar a presença dos outros veículos;Colisão transversal;Com Vítimas Feridas;Pleno dia;Crescente;Céu Claro;Simples;Reta;Não;2;0;2;0;0;0;2;2;-29,76943167;-57,05805838;SPRF-RS;DEL13-RS;UOP01-DEL13-RS
605464;06/06/2024;quinta-feira;07:20:00;SP;116;276;EMBU DAS ARTES;Condutor deixou de manter distância do veículo da frente;Saída de leito carroçável;Sem Vítimas;Pleno dia;Crescente;Céu Claro;Dupla;"Aclive;Reta";Sim;1;0;0;0;1;0;0;1;-23,64262417;-46,83811382;SPRF-SP;DEL04-SP;UOP01-DEL04-SP
605466;06/06/2024;quinta-feira;08:00:00;RN;101;96,7;NATAL;Condutor deixou de manter distância do veículo da frente;Colisão traseira;Com Vítimas Feridas;Pleno dia;Decrescente;Céu Claro;Dupla;Reta;Sim;2;0;0;1;1;0;1;2;-5,84949622;-35,20890752;SPRF-RN;DEL01-RN;UOP01-DEL01-RN
605468;06/06/2024;quinta-feira;07:39:00;ES;101;271,5;SERRA;Condutor desrespeitou a iluminação vermelha do semáforo;Atropelamento de Pedestre;Com Vítimas Feridas;Pleno dia;Decrescente;Chuva;Múltipla;Interseção de Vias;Sim;2;0;0;1;0;1;1;2;-20,23267;-40,27658;SPRF-ES;DEL02-ES;UOP01-DEL02-ES
605469;06/06/2024;quinta-feira;07:30:00;PR;376;216,9;JANDAIA DO SUL;Acessar a via sem observar a presença dos outros veículos;Colisão transversal;Com Vítimas Feridas;Pleno dia;Decrescente;Sol;Simples;"Rotatória;Reta";Sim;2;0;1;1;0;0;2;2;-23,59767281;-51,63339596;SPRF-PR;DEL09-PR;UOP01-DEL09-PR
605470;06/06/2024;quinta-feira;07:45:00;GO;153;500;GOIANIA;Condutor deixou de manter distância do veículo da frente;Colisão lateral mesmo sentido;Com Vítimas Feridas;Pleno dia;Crescente;Céu Claro;Dupla;Reta;Sim;1;0;1;0;0;0;1;1;-16,7118;-49,2324;SPRF-GO;DEL01-GO;UOP01-DEL01-GO
605473;27/04/2024;sábado;23:45:00;SC;282;572,2;PINHALZINHO;Manobra de mudança de faixa;Colisão frontal;Com Vítimas Fatais;Plena Noite;Decrescente;Céu Claro;Simples;Curva;Não;3;2;1;0;0;0;1;2;-26,8862443;-52,9359628;SPRF-SC;DEL07-SC;UOP02-DEL07-SC
605474;06/06/2024;quinta-feira;07:00:00;RJ;101;319;SAO GONCALO;Reação tardia ou ineficiente do condutor;Colisão lateral mesmo sentido;Com Vítimas Feridas;Pleno dia;Crescente;Nevoeiro/Neblina;Dupla;Reta;Sim;3;0;2;0;1;0;2;2;-22,85411774;-43,1018014;SPRF-RJ;DEL02-RJ;UOP02-DEL02-RJ
605475;06/06/2024;quinta-feira;05:00:00;RN;304;203;LAJES;Velocidade Incompatível;Colisão traseira;Com Vítimas Feridas;Amanhecer;Crescente;Céu Claro;Simples;"Desvio Temporário;Reta";Não;5;0;4;0;1;0;4;2;-5,733745;-36,138072;SPRF-RN;DEL01-RN;UOP03-DEL01-RN
605476;06/06/2024;quinta-feira;08:30:00;CE;116;16;FORTALEZA;Transitar no Acostamento;Atropelamento de Pedestre;Com Vítimas Feridas;Pleno dia;Decrescente;Céu Claro;Dupla;"Declive;Reta";Sim;3;0;1;0;2;0;1;2;-3,87839882;-38,50066893;SPRF-CE;DEL01-CE;UOP02-DEL01-CE
605477;06/06/2024;quinta-feira;06:50:00;RS;116;243;SAO LEOPOLDO;Afundamento ou ondulação no pavimento;Tombamento;Com Vítimas Feridas;Pleno dia;Decrescente;Chuva;Múltipla;Reta;Sim;2;0;1;0;0;1;1;2;-29,73196199;-51,14952004;SPRF-RS;DEL01-RS;UOP02-DEL01-RS
605478;06/06/2024;quinta-feira;07:50:00;SC;101;134,2;BALNEARIO CAMBORIU;Desrespeitar a preferência no cruzamento;Colisão transversal;Com Vítimas Feridas;Pleno dia;Crescente;Céu Claro;Dupla;Reta;Sim;2;0;1;0;1;0;1;2;-27,00218;-48,636433;SPRF-SC;DEL04-SC;UOP03-DEL04-SC
605479;06/06/2024;quinta-feira;08:50:00;RJ;116;176;SAO JOAO DE MERITI;Trafegar com motocicleta (ou similar) entre as faixas;Colisão traseira;Com Vítimas Feridas;Pleno dia;Decrescente;Céu Claro;Dupla;Reta;Não;3;0;2;0;1;0;2;3;-22,7839538;-43,38195488;SPRF-RJ;DEL06-RJ;UOP01-DEL06-RJ
605481;02/06/2024;domingo;17:50:00;SC;470;108;APIUNA;Reação tardia ou ineficiente do condutor;Colisão transversal;Com Vítimas Feridas;Anoitecer;Crescente;Nublado;Simples;Reta;Sim;3;0;0;1;2;0;1;2;-27,08243617;-49,44324017;SPRF-SC;DEL04-SC;UOP02-DEL04-SC
605482;06/06/2024;quinta-feira;09:05:00;RS;290;107;ELDORADO DO SUL;Ausência de reação do condutor;Colisão traseira;Com Vítimas Feridas;Pleno dia;Decrescente;Céu Claro;Dupla;Reta;Sim;2;0;1;0;1;0;1;2;-30,001852;-51,304264;SPRF-RS;DEL02-RS;UOP01-DEL02-RS
605483;06/06/2024;quinta-feira;06:15:00;RJ;40;111;DUQUE DE CAXIAS;Demais falhas mecânicas ou elétricas;Queda de ocupante de veículo;Com Vítimas Feridas;Pleno dia;Crescente;Céu Claro;Múltipla;Reta;Sim;2;0;2;0;0;0;2;1;-22,691868;-43,287453;SPRF-RJ;DEL01-RJ;UOP02-DEL01-RJ
605484;06/06/2024;quinta-feira;05:00:00;MA;316;366,6;BACABAL;Ultrapassagem Indevida;Colisão traseira;Com Vítimas Feridas;Amanhecer;Decrescente;Ignorado;Simples;Reta;Sim;2;0;0;1;1;0;1;2;-4,221019;-44,742756;SPRF-MA;DEL03-MA;UOP01-DEL03-MA
605485;06/06/2024;quinta-feira;06:45:00;BA;116;217;EUCLIDES DA CUNHA;Reação tardia ou ineficiente do condutor;Atropelamento de Pedestre;Com Vítimas Feridas;Pleno dia;Decrescente;Céu Claro;Dupla;Reta;Sim;3;0;1;1;0;1;2;2;-10,570782;-38,98928893;SPRF-BA;DEL07-BA;UOP02-DEL07-BA
605487;06/06/2024;quinta-feira;09:00:00;MG;381;352;JOAO MONLEVADE;Transitar no Acostamento;Atropelamento de Pedestre;Com Vítimas Feridas;Pleno dia;Decrescente;Céu Claro;Simples;Reta;Não;2;0;2;0;0;0;2;2;-19,84205535;-43,17383018;SPRF-MG;DEL03-MG;UOP01-DEL03-MG
605488;06/06/2024;quinta-feira;09:10:00;PI;316;13,8;TERESINA;Reação tardia ou ineficiente do condutor;Saída de leito carroçável;Com Vítimas Feridas;Pleno dia;Decrescente;Sol;Dupla;"Retorno Regulamentado;Curva;Declive";Não;1;0;1;0;0;0;1;1;-5,2096314;-42,75526995;SPRF-PI;DEL01-PI;UOP02-DEL01-PI
605489;06/06/2024;quinta-feira;09:45:00;RN;406;99;JOAO CAMARA;Demais falhas mecânicas ou elétricas;Queda de ocupante de veículo;Com Vítimas Feridas;Pleno dia;Crescente;Céu Claro;Simples;Reta;Não;1;0;0;1;0;0;1;1;-5,51695989;-35,84011497;SPRF-RN;DEL02-RN;UOP01-DEL02-RN
605491;06/06/2024;quinta-feira;09:00:00;MG;116;522,3;CARATINGA;Desrespeitar a preferência no cruzamento;Colisão transversal;Com Vítimas Feridas;Pleno dia;Decrescente;Céu Claro;Simples;Reta;Sim;2;0;2;0;0;0;2;2;-19,74300101;-42,13231969;SPRF-MG;DEL06-MG;UOP02-DEL06-MG
605495;06/06/2024;quinta-feira;09:30:00;MG;40;421,3;CURVELO;Ausência de reação do condutor;Colisão traseira;Com Vítimas Feridas;Pleno dia;Crescente;Céu Claro;Simples;"Reta;Aclive";Não;3;0;2;0;1;0;2;2;-19,1547155;-44,55576181;SPRF-MG;DEL02-MG;UOP01-DEL02-MG
605497;06/06/2024;quinta-feira;09:50:00;MA;10;255;IMPERATRIZ;Acesso irregular;Colisão transversal;Com Vítimas Feridas;Pleno dia;Crescente;Céu Claro;Simples;Reta;Sim;2;0;1;0;1;0;1;2;-5,508798;-47,471718;SPRF-MA;DEL04-MA;UOP01-DEL04-MA
605498;06/06/2024;quinta-feira;09:40:00;MS;163;265;DOURADOS;Demais falhas mecânicas ou elétricas;Incêndio;Sem Vítimas;Pleno dia;Crescente;Céu Claro;Dupla;Reta;Sim;1;0;0;0;0;1;0;1;-22,222698;-54,73128;SPRF-MS;DEL04-MS;UOP01-DEL04-MS
605499;06/06/2024;quinta-feira;07:40:00;BA;116;589;NOVA ITARANA;Pista Escorregadia;Colisão com objeto;Com Vítimas Feridas;Pleno dia;Crescente;Garoa/Chuvisco;Simples;"Curva;Declive";Não;1;0;1;0;0;0;1;1;-13,1582696;-39,9986211;SPRF-BA;DEL03-BA;UOP02-DEL03-BA
605500;17/05/2024;sexta-feira;23:46:00;MS;262;12;TRES LAGOAS;Transitar na contramão;Colisão lateral sentido oposto;Com Vítimas Feridas;Plena Noite;Crescente;Céu Claro;Simples;Reta;Sim;2;0;2;0;0;0;2;2;-20,82021325;-51,71060594;SPRF-MS;DEL07-MS;UOP01-DEL07-MS
605502;06/06/2024;quinta-feira;11:55:00;PB;230;28;JOAO PESSOA;Condutor deixou de manter distância do veículo da frente;Tombamento;Com Vítimas Feridas;Pleno dia;Crescente;Céu Claro;Dupla;Curva;Sim;1;0;0;1;0;0;1;1;-7,1651;-34,8941;SPRF-PB;DEL01-PB;UOP01-DEL01-PB
605503;06/06/2024;quinta-feira;12:20:00;ES;101;159;LINHARES;Acesso irregular;Colisão transversal;Com Vítimas Feridas;Pleno dia;Crescente;Nublado;Simples;Reta;Sim;4;0;1;0;2;1;1;3;-19,4684012;-40,1102557;SPRF-ES;DEL04-ES;UOP01-DEL04-ES
605507;06/06/2024;quinta-feira;11:45:00;PE;232;80,6;GRAVATA;Animais na Pista;Atropelamento de Animal;Sem Vítimas;Pleno dia;Crescente;Sol;Dupla;Reta;Sim;1;0;0;0;1;0;0;1;-8,19579864;-35,56962305;SPRF-PE;DEL02-PE;UOP02-DEL02PE