id;data_inversa;dia_semana;horario;uf;br;km;municipio;causa_acidente;tipo_acidente;classificacao_acidente;fase_dia;sentido_via;condicao_metereologica;tipo_pista;tracado_via;uso_solo;pessoas;mortos;feridos_leves;feridos_graves;ilesos;ignorados;feridos;veiculos;latitude;longitude;regional;delegacia;uop
605509;06/06/2024;quinta-feira;08:45:00;RJ;40;23;TRES RIOS;Ausência de reação do condutor;Atropelamento de Pedestre;Com Vítimas Feridas;Pleno dia;Decrescente;Nublado;Simples;Reta;Não;2;0;1;0;1;0;1;2;-22,12925332;-43,1577369;SPRF-RJ;DEL05-RJ;UOP02-DEL05-RJ
605510;06/06/2024;quinta-feira;12:31:00;SP;116;229;GUARULHOS;Reação tardia ou ineficiente do condutor;Colisão lateral mesmo sentido;Sem Vítimas;Pleno dia;Crescente;Sol;Múltipla;Reta;Sim;2;0;0;0;0;2;0;2;-23,51291902;-46,57604698;SPRF-SP;DEL01-SP;UOP01-DEL01-SP
605511;06/06/2024;quinta-feira;12:44:00;SP;116;181;SANTA ISABEL;Reação tardia ou ineficiente do condutor;Atropelamento de Pedestre;Com Vítimas Feridas;Pleno dia;Crescente;Céu Claro;Dupla;Reta;Não;2;0;0;1;0;1;1;2;-23,34071022;-46,15361889;SPRF-SP;DEL01-SP;UOP01-DEL01-SP
605512;06/06/2024;quinta-feira;11:50:00;ES;101;441,1;MIMOSO DO SUL;Condutor Dormindo;Colisão frontal;Com Vítimas Feridas;Pleno dia;Decrescente;Céu Claro;Simples;Reta;Não;2;0;1;0;1;0;1;2;-21,07916157;-41,23373912;SPRF-ES;DEL03-ES;UOP02-DEL03-ES
605514;06/06/2024;quinta-feira;12:55:00;ES;101;147;LINHARES;Condutor desrespeitou a iluminação vermelha do semáforo;Colisão transversal;Com Vítimas Feridas;Pleno dia;Crescente;Céu Claro;Múltipla;Interseção de Vias;Sim;2;0;2;0;0;0;2;2;-19,37887202;-40,06657892;SPRF-ES;DEL04-ES;UOP01-DEL04-ES
605515;06/06/2024;quinta-feira;12:29:00;SP;381;56;MAIRIPORA;Reação tardia ou ineficiente do condutor;Colisão traseira;Com Vítimas Feridas;Pleno dia;Crescente;Sol;Dupla;"Aclive;Reta";Não;2;0;1;0;1;0;1;2;-23,25907163;-46,58982662;SPRF-SP;DEL03-SP;UOP01-DEL03-SP
605516;06/06/2024;quinta-feira;13:00:00;PB;230;27,8;JOAO PESSOA;Trafegar com motocicleta (ou similar) entre as faixas;Colisão lateral mesmo sentido;Com Vítimas Feridas;Pleno dia;Decrescente;Céu Claro;Dupla;"Aclive;Reta";Sim;3;0;2;0;1;0;2;2;-7,1677;-34,8855;SPRF-PB;DEL01-PB;UOP01-DEL01-PB
605517;06/06/2024;quinta-feira;11:00:00;BA;110;202;CIPO;Retorno proibido;Colisão lateral mesmo sentido;Com Vítimas Feridas;Pleno dia;Crescente;Céu Claro;Simples;Reta;Não;2;0;2;0;0;0;2;2;-11,2056171;-38,46419594;SPRF-BA;DEL07-BA;UOP02-DEL07-BA
605518;06/06/2024;quinta-feira;12:25:00;MT;163;826;SINOP;Acessar a via sem observar a presença dos outros veículos;Colisão lateral mesmo sentido;Com Vítimas Feridas;Pleno dia;Decrescente;Céu Claro;Simples;Reta;Sim;2;0;1;0;1;0;1;2;-11,93888525;-55,51558971;SPRF-MT;DEL06-MT;UOP02-DEL06-MT
605521;06/06/2024;quinta-feira;13:30:00;TO;153;678;GURUPI;Reação tardia ou ineficiente do condutor;Queda de ocupante de veículo;Com Vítimas Feridas;Pleno dia;Decrescente;Céu Claro;Simples;"Reta;Aclive";Não;1;0;1;0;0;0;1;1;-11,77460203;-49,10744996;SPRF-TO;DEL01-TO;UOP02-DEL01-TO
605523;06/06/2024;quinta-feira;12:50:00;PE;101;72,1;RECIFE;Condutor deixou de manter distância do veículo da frente;Colisão traseira;Com Vítimas Feridas;Pleno dia;Decrescente;Céu Claro;Dupla;Reta;Sim;2;0;1;0;1;0;1;2;-8,08493106;-34,9450639;SPRF-PE;DEL01-PE;UOP01-DEL01-PE
605524;18/04/2024;quinta-feira;08:30:00;MG;365;1,6;MONTES CLAROS;Condutor deixou de manter distância do veículo da frente;Queda de ocupante de veículo;Com Vítimas Feridas;Pleno dia;Decrescente;Céu Claro;Simples;Reta;Sim;2;0;1;1;0;0;2;1;-16,778797;-43,887592;SPRF-MG;DEL12-MG;UOP01-DEL12-MG
605525;06/06/2024;quinta-feira;13:30:00;PB;230;39,3;SANTA RITA;Ausência de reação do condutor;Colisão traseira;Com Vítimas Feridas;Pleno dia;Crescente;Céu Claro;Dupla;Reta;Sim;2;0;1;0;1;0;1;2;-7,13870764;-34,97145653;SPRF-PB;DEL01-PB;UOP03-DEL01-PB
605526;06/06/2024;quinta-feira;09:15:00;RO;364;341;JI-PARANA;Manobra de mudança de faixa;Colisão lateral mesmo sentido;Com Vítimas Feridas;Pleno dia;Decrescente;Sol;Dupla;Reta;Sim;2;0;2;0;0;0;2;2;-10,88987987;-61,93126772;SPRF-RO;DEL02-RO;UOP01-DEL02-RO
605527;06/06/2024;quinta-feira;13:30:00;TO;153;648;DUERE;Avarias e/ou desgaste excessivo no pneu;Saída de leito carroçável;Com Vítimas Feridas;Pleno dia;Crescente;Céu Claro;Simples;Reta;Não;1;0;1;0;0;0;1;1;-11,51790109;-49,01264672;SPRF-TO;DEL01-TO;UOP02-DEL01-TO
605529;15/05/2024;quarta-feira;18:30:00;MA;10;251;IMPERATRIZ;Afundamento ou ondulação no pavimento;Tombamento;Com Vítimas Feridas;Anoitecer;Crescente;Céu Claro;Simples;Reta;Sim;1;0;0;1;0;0;1;1;-5,543249;-47,464447;SPRF-MA;DEL04-MA;UOP01-DEL04-MA
605530;06/06/2024;quinta-feira;14:30:00;SC;282;605;MARAVILHA;Acessar a via sem observar a presença dos outros veículos;Colisão transversal;Com Vítimas Feridas;Pleno dia;Crescente;Céu Claro;Simples;"Reta;Rotatória";Sim;5;0;2;2;1;0;4;2;-26,786951;-53,195248;SPRF-SC;DEL07-SC;UOP02-DEL07-SC
605531;06/06/2024;quinta-feira;14:45:00;SC;282;488,8;FAXINAL DOS GUEDES;Mal súbito do condutor;Saída de leito carroçável;Sem Vítimas;Pleno dia;Crescente;Céu Claro;Simples;Rotatória;Sim;2;0;0;0;2;0;0;2;-26,874599;-52,282806;SPRF-SC;DEL07-SC;UOP01-DEL07-SC
605533;06/06/2024;quinta-feira;14:49:00;RS;116;237;NOVO HAMBURGO;Reação tardia ou ineficiente do condutor;Engavetamento;Com Vítimas Feridas;Pleno dia;Crescente;Céu Claro;Múltipla;"Em Obras;Aclive;Reta";Sim;5;0;4;0;1;0;4;3;-29,67839398;-51,1422266;SPRF-RS;DEL01-RS;UOP02-DEL01-RS
605534;06/06/2024;quinta-feira;15:08:00;PB;230;168;CAMPINA GRANDE;Acessar a via sem observar a presença dos outros veículos;Colisão transversal;Com Vítimas Feridas;Pleno dia;Crescente;Céu Claro;Simples;"Em Obras;Reta;Declive";Não;2;0;1;1;0;0;2;2;-7,191796;-35,965804;SPRF-PB;DEL02-PB;UOP02-DEL02-PB
605536;06/06/2024;quinta-feira;15:40:00;MG;267;236,9;LIBERDADE;Condutor Dormindo;Saída de leito carroçável;Com Vítimas Feridas;Pleno dia;Decrescente;Céu Claro;Simples;Curva;Não;3;0;3;0;0;0;3;1;-21,9422727;-44,3764718;SPRF-MG;DEL17-MG;UOP01-DEL17-MG
605537;06/06/2024;quinta-feira;15:00:00;BA;324;623;SALVADOR;Acessar a via sem observar a presença dos outros veículos;Colisão lateral mesmo sentido;Com Vítimas Feridas;Pleno dia;Crescente;Céu Claro;Dupla;Reta;Sim;2;0;1;0;1;0;1;2;-12,92628699;-38,46838679;SPRF-BA;DEL01-BA;UOP01-DEL01-BA
605539;03/06/2024;segunda-feira;17:20:00;BA;324;492;FEIRA DE SANTANA;Acessar a via sem observar a presença dos outros veículos;Colisão transversal;Com Vítimas Feridas;Anoitecer;Decrescente;Céu Claro;Simples;Reta;Não;3;0;0;1;1;1;1;3;-12,05812309;-38,97580147;SPRF-BA;DEL02-BA;UOP01-DEL02-BA
605541;06/06/2024;quinta-feira;13:00:00;PE;423;93;GARANHUNS;Acostamento em desnível;Tombamento;Com Vítimas Feridas;Pleno dia;Decrescente;Garoa/Chuvisco;Dupla;Reta;Sim;1;0;1;0;0;0;1;1;-8,86972012;-36,46323792;SPRF-PE;DEL03-PE;UOP01-DEL03-PE
605542;06/06/2024;quinta-feira;14:50:00;SC;282;283,9;CAPAO ALTO;Reação tardia ou ineficiente do condutor;Saída de leito carroçável;Com Vítimas Feridas;Pleno dia;Decrescente;Céu Claro;Simples;Reta;Não;1;0;1;0;0;0;1;1;-28,06415598;-50,57357403;SPRF-SC;DEL05-SC;UOP02-DEL05-SC
605546;06/06/2024;quinta-feira;12:10:00;RJ;116;173;SAO JOAO DE MERITI;Ausência de reação do condutor;Queda de ocupante de veículo;Com Vítimas Feridas;Pleno dia;Decrescente;Céu Claro;Dupla;Reta;Não;1;0;1;0;0;0;1;1;-22,79810324;-43,35726614;SPRF-RJ;DEL06-RJ;UOP01-DEL06-RJ
605548;06/06/2024;quinta-feira;15:20:00;PI;343;306,4;ALTOS;Desrespeitar a preferência no cruzamento;Colisão transversal;Com Vítimas Feridas;Pleno dia;Decrescente;Céu Claro;Simples;Interseção de Vias;Sim;3;0;0;2;1;0;2;2;-5,038756;-42,450893;SPRF-PI;DEL01-PI;UOP01-DEL01-PI
605549;06/06/2024;quinta-feira;16:09:00;PR;376;672;GUARATUBA;Pedestre - Ingestão de álcool/ substâncias psicoativas;Atropelamento de Pedestre;Com Vítimas Feridas;Pleno dia;Decrescente;Céu Claro;Dupla;"Reta;Aclive";Não;2;0;0;1;0;1;1;2;-25,9033144;-48,92326176;SPRF-PR;DEL01-PR;UOP04-DEL01-PR
605550;06/06/2024;quinta-feira;16:30:00;MG;381;485;BETIM;Demais falhas mecânicas ou elétricas;Tombamento;Com Vítimas Feridas;Pleno dia;Crescente;Sol;Dupla;"Curva;Aclive";Sim;1;0;1;0;0;0;1;1;-19,95659361;-44,12622893;SPRF-MG;DEL01-MG;UOP03-DEL01-MG
605551;06/06/2024;quinta-feira;11:45:00;RO;364;361;JI-PARANA;Ultrapassagem Indevida;Capotamento;Com Vítimas Feridas;Pleno dia;Decrescente;Céu Claro;Simples;Reta;Não;1;0;1;0;0;0;1;1;-10,77878493;-62,06544299;SPRF-RO;DEL02-RO;UOP01-DEL02-RO
605552;06/06/2024;quinta-feira;16:05:00;SP;116;169,7;JACAREI;Avarias e/ou desgaste excessivo no pneu;Tombamento;Com Vítimas Feridas;Pleno dia;Decrescente;Céu Claro;Dupla;"Aclive;Reta";Não;2;0;2;0;0;0;2;1;-23,307652;-46,045128;SPRF-SP;DEL02-SP;UOP01-DEL02-SP
605556;04/04/2024;quinta-feira;08:00:00;BA;324;354;CAPIM GROSSO;Reação tardia ou ineficiente do condutor;Atropelamento de Pedestre;Com Vítimas Feridas;Pleno dia;Crescente;Ignorado;Simples;Reta;Sim;2;0;0;1;0;1;1;2;-11,37100648;-40,03875734;SPRF-BA;DEL04-BA;UOP02-DEL04-BA
605557;06/06/2024;quinta-feira;17:15:00;CE;222;21;CAUCAIA;Desrespeitar a preferência no cruzamento;Colisão transversal;Com Vítimas Feridas;Pleno dia;Crescente;Céu Claro;Simples;"Em Obras;Interseção de Vias;Reta";Sim;2;0;0;1;1;0;1;2;-3,73715313;-38,74293507;SPRF-CE;DEL01-CE;UOP01-DEL01-CE
605558;06/06/2024;quinta-feira;17:00:00;MG;381;489;BETIM;Reação tardia ou ineficiente do condutor;Colisão traseira;Com Vítimas Feridas;Pleno dia;Crescente;Céu Claro;Dupla;Reta;Sim;1;0;1;0;0;0;1;1;-19,96245618;-44,16455495;SPRF-MG;DEL01-MG;UOP03-DEL01-MG
605559;06/06/2024;quinta-feira;16:30:00;PE;407;127;PETROLINA;Condutor deixou de manter distância do veículo da frente;Colisão traseira;Sem Vítimas;Pleno dia;Crescente;Sol;Simples;"Em Obras;Reta";Não;4;0;0;0;4;0;0;2;-9,3908678;-40,52038627;SPRF-PE;DEL06-PE;UOP01-DEL06-PE
605560;06/06/2024;quinta-feira;15:45:00;PE;104;63,7;CARUARU;Manobra de mudança de faixa;Colisão lateral mesmo sentido;Sem Vítimas;Pleno dia;Crescente;Nublado;Dupla;Interseção de Vias;Sim;2;0;0;0;2;0;0;2;-8,26308391;-35,97657681;SPRF-PE;DEL02-PE;UOP01-DEL02-PE
605561;06/06/2024;quinta-feira;17:15:00;MG;356;266,3;MURIAE;Acessar a via sem observar a presença dos outros veículos;Colisão transversal;Com Vítimas Feridas;Pleno dia;Decrescente;Nublado;Simples;Rotatória;Sim;2;0;1;0;1;0;1;2;-21,12823134;-42,35802453;SPRF-MG;DEL07-MG;UOP02-DEL07-MG
605562;06/06/2024;quinta-feira;15:00:00;RJ;116;200;QUEIMADOS;Condutor Dormindo;Colisão com objeto;Com Vítimas Feridas;Pleno dia;Decrescente;Céu Claro;Simples;Curva;Não;2;0;1;0;1;0;1;1;-22,7306082;-43,59401795;SPRF-RJ;DEL06-RJ;UOP02-DEL06-RJ
605563;06/06/2024;quinta-feira;17:25:00;SC;101;41,6;JOINVILLE;Ausência de reação do condutor;Colisão lateral mesmo sentido;Com Vítimas Feridas;Anoitecer;Decrescente;Nublado;Dupla;"Reta;Aclive";Sim;2;0;1;0;1;0;1;2;-26,31729318;-48,87262166;SPRF-SC;DEL03-SC;UOP01-DEL03-SC
605565;06/06/2024;quinta-feira;18:15:00;GO;153;515;APARECIDA DE GOIANIA;Manobra de mudança de faixa;Colisão lateral mesmo sentido;Com Vítimas Feridas;Anoitecer;Crescente;Céu Claro;Múltipla;Retorno Regulamentado;Sim;5;0;0;1;4;0;1;2;-16,8413;-49,2454;SPRF-GO;DEL01-GO;UOP03-DEL01-GO
605566;06/06/2024;quinta-feira;18:25:00;SP;116;281;EMBU DAS ARTES;Trafegar com motocicleta (ou similar) entre as faixas;Queda de ocupante de veículo;Com Vítimas Feridas;Pleno dia;Crescente;Céu Claro;Dupla;Reta;Sim;1;0;1;0;0;0;1;1;-23,67784787;-46,85769227;SPRF-SP;DEL04-SP;UOP01-DEL04-SP
605567;06/06/2024;quinta-feira;18:20:00;GO;60;104;GOIANAPOLIS;Reação tardia ou ineficiente do condutor;Saída de leito carroçável;Com Vítimas Feridas;Plena Noite;Decrescente;Céu Claro;Dupla;Reta;Não;1;0;0;1;0;0;1;1;-16,4118;-49,0004;SPRF-GO;DEL02-GO;UOP01-DEL02-GO
605568;06/06/2024;quinta-feira;15:20:00;BA;407;122;SENHOR DO BONFIM;Objeto estático sobre o leito carroçável;Tombamento;Com Vítimas Feridas;Pleno dia;Decrescente;Garoa/Chuvisco;Simples;Reta;Não;2;0;2;0;0;0;2;1;-10,42108398;-40,18535314;SPRF-BA;DEL04-BA;UOP01-DEL04-BA
605569;06/06/2024;quinta-feira;18:30:00;RS;285;451,7;IJUI;Manobra de mudança de faixa;Colisão lateral sentido oposto;Com Vítimas Feridas;Plena Noite;Crescente;Céu Claro;Simples;Reta;Não;2;0;0;1;1;0;1;2;-28,37364354;-53,85277033;SPRF-RS;DEL10-RS;UOP01-DEL10-RS
605570;06/06/2024;quinta-feira;18:00:00;PE;101;125,7;ESCADA;Animais na Pista;Atropelamento de Animal;Com Vítimas Feridas;Plena Noite;Decrescente;Nublado;Dupla;Reta;Sim;1;0;1;0;0;0;1;1;-8,36501587;-35,22142966;SPRF-PE;DEL01-PE;UOP03-DEL01-PE
605572;06/06/2024;quinta-feira;17:40:00;MS;163;256;DOURADOS;Acessar a via sem observar a presença dos outros veículos;Atropelamento de Pedestre;Com Vítimas Feridas;Anoitecer;Decrescente;Céu Claro;Dupla;"Aclive;Reta";Sim;2;0;0;1;1;0;1;2;-22,258688;-54,804028;SPRF-MS;DEL04-MS;UOP01-DEL04-MS
605573;06/06/2024;quinta-feira;18:10:00;MG;116;526,9;CARATINGA;Pedestre cruzava a pista fora da faixa;Atropelamento de Pedestre;Com Vítimas Feridas;Anoitecer;Decrescente;Céu Claro;Simples;"Reta;Aclive";Sim;3;0;0;3;0;0;3;2;-19,77654011;-42,13327989;SPRF-MG;DEL06-MG;UOP02-DEL06-MG
605576;06/06/2024;quinta-feira;18:15:00;RS;116;515;PELOTAS;Ausência de reação do condutor;Colisão traseira;Com Vítimas Feridas;Plena Noite;Crescente;Céu Claro;Múltipla;Reta;Não;1;0;1;0;0;0;1;1;-31,66114092;-52,3386834;SPRF-RS;DEL07-RS;UOP01-DEL07-RS
605577;06/06/2024;quinta-feira;18:10:00;SC;282;605;MARAVILHA;Desrespeitar a preferência no cruzamento;Colisão transversal;Com Vítimas Feridas;Anoitecer;Crescente;Céu Claro;Simples;"Reta;Rotatória";Sim;3;0;2;0;1;0;2;2;-26,78243376;-53,19683075;SPRF-SC;DEL07-SC;UOP02-DEL07-SC
605578;06/06/2024;quinta-feira;18:35:00;SC;470;6,3;NAVEGANTES;Pedestre cruzava a pista fora da faixa;Atropelamento de Pedestre;Com Vítimas Feridas;Plena Noite;Crescente;Nublado;Dupla;Reta;Não;3;0;0;1;2;0;1;3;-26,852238;-48,709545;SPRF-SC;DEL04-SC;UOP04-DEL04-SC
605580;06/06/2024;quinta-feira;16:30:00;PR;369;238;CAMPO MOURAO;Ausência de reação do condutor;Saída de leito carroçável;Com Vítimas Feridas;Pleno dia;Decrescente;Céu Claro;Simples;Curva;Não;1;0;1;0;0;0;1;1;-24,0874;-52,4179;SPRF-PR;DEL09-PR;UOP01-DEL09-PR
605582;06/06/2024;quinta-feira;18:20:00;MG;40;632,1;CONSELHEIRO LAFAIETE;Acessar a via sem observar a presença dos outros veículos;Colisão transversal;Com Vítimas Feridas;Plena Noite;Decrescente;Céu Claro;Dupla;Retorno Regulamentado;Sim;2;0;1;0;1;0;1;2;-20,67760636;-43,79444081;SPRF-MG;DEL05-MG;UOP02-DEL05-MG
605583;06/06/2024;quinta-feira;15:40:00;PB;230;259;JUNCO DO SERIDO;Estacionar ou parar em local proibido;Colisão lateral mesmo sentido;Sem Vítimas;Pleno dia;Crescente;Céu Claro;Simples;Reta;Sim;2;0;0;0;2;0;0;2;-7,0085;-36,697;SPRF-PB;DEL03-PB;UOP01-DEL03-PB
605585;06/06/2024;quinta-feira;18:45:00;GO;50;106;CRISTALINA;Suicídio (presumido);Colisão com objeto;Com Vítimas Feridas;Plena Noite;Decrescente;Céu Claro;Simples;"Curva;Aclive";Não;2;0;1;0;0;1;1;2;-16,82393113;-47,67414093;SPRF-DF;DEL01-DF;UOP02-DEL01-DF
605588;06/06/2024;quinta-feira;19:10:00;RS;386;436;NOVA SANTA RITA;Desrespeitar a preferência no cruzamento;Colisão transversal;Com Vítimas Feridas;Plena Noite;Crescente;Céu Claro;Dupla;Reta;Não;2;0;1;0;1;0;1;2;-29,850487;-51,266758;SPRF-RS;DEL04-RS;UOP02-DEL04-RS
605590;06/06/2024;quinta-feira;19:20:00;PR;376;12,9;MARINGA;Ingestão de álcool pelo condutor;Saída de leito carroçável;Sem Vítimas;Plena Noite;Decrescente;Céu Claro;Dupla;"Reta;Declive";Sim;1;0;0;0;1;0;0;1;-23,4273;-51,9375;SPRF-PR;DEL09-PR;UOP01-DEL09-PR
605592;06/06/2024;quinta-feira;18:30:00;CE;116;5,8;FORTALEZA;Ausência de reação do condutor;Colisão traseira;Com Vítimas Fatais;Plena Noite;Decrescente;Céu Claro;Dupla;Reta;Sim;6;1;2;0;2;1;2;4;-3,79467116;-38,50772734;SPRF-CE;DEL01-CE;UOP02-DEL01-CE
605593;06/06/2024;quinta-feira;18:25:00;RO;364;240,6;CACOAL;Acessar a via sem observar a presença dos outros veículos;Colisão lateral mesmo sentido;Com Vítimas Feridas;Anoitecer;Crescente;Céu Claro;Simples;Interseção de Vias;Sim;2;0;1;0;1;0;1;2;-11,438423;-61,475687;SPRF-RO;DEL02-RO;UOP02-DEL02-RO
605594;20/04/2024;sábado;06:00:00;RJ;116;112;GUAPIMIRIM;Transitar no Acostamento;Atropelamento de Pedestre;Com Vítimas Fatais;Pleno dia;Decrescente;Céu Claro;Dupla;Reta;Sim;2;1;0;0;1;0;0;2;-22,56577893;-43,00041209;SPRF-RJ;DEL04-RJ;UOP02-DEL04-RJ
605596;06/06/2024;quinta-feira;19:50:00;SC;101;215;PALHOCA;Reação tardia ou ineficiente do condutor;Colisão traseira;Sem Vítimas;Plena Noite;Crescente;Céu Claro;Múltipla;Reta;Sim;2;0;0;0;2;0;0;2;-27,65184843;-48,67604941;SPRF-SC;DEL01-SC;UOP02-DEL01-SC
605597;06/06/2024;quinta-feira;20:00:00;PR;277;726;FOZ DO IGUACU;Pedestre - Ingestão de álcool/ substâncias psicoativas;Atropelamento de Pedestre;Com Vítimas Feridas;Plena Noite;Crescente;Céu Claro;Dupla;Reta;Sim;3;0;1;0;0;2;1;2;-25,5106015;-54,55481999;SPRF-PR;DEL05-PR;UOP03-DEL05-PR
605598;06/06/2024;quinta-feira;19:30:00;SC;101;211,1;PALHOCA;Ausência de reação do condutor;Colisão traseira;Com Vítimas Feridas;Plena Noite;Crescente;Céu Claro;Múltipla;Reta;Não;2;0;1;0;1;0;1;2;-27,62329313;-48,65245588;SPRF-SC;DEL01-SC;UOP02-DEL01-SC
605599;06/06/2024;quinta-feira;18:20:00;MG;116;255,8;TEOFILO OTONI;Ausência de reação do condutor;Saída de leito carroçável;Com Vítimas Feridas;Plena Noite;Decrescente;Nublado;Simples;"Reta;Ponte";Não;2;0;1;1;0;0;2;1;-17,68311;-41,48491;SPRF-MG;DEL11-MG;UOP01-DEL11-MG
605600;06/06/2024;quinta-feira;19:00:00;RJ;116;175;SAO JOAO DE MERITI;Condutor deixou de manter distância do veículo da frente;Colisão traseira;Com Vítimas Feridas;Plena Noite;Decrescente;Céu Claro;Múltipla;Reta;Sim;2;0;0;1;1;0;1;2;-22,78923555;-43,37275272;SPRF-RJ;DEL06-RJ;UOP01-DEL06-RJ
605601;06/06/2024;quinta-feira;20:05:00;RS;290;107;ELDORADO DO SUL;Condutor deixou de manter distância do veículo da frente;Colisão traseira;Com Vítimas Feridas;Plena Noite;Decrescente;Ignorado;Dupla;Reta;Não;2;0;1;0;1;0;1;2;-30,001852;-51,304264;SPRF-RS;DEL02-RS;UOP01-DEL02-RS
605602;06/06/2024;quinta-feira;20:30:00;SP;116;211;GUARULHOS;Reação tardia ou ineficiente do condutor;Tombamento;Com Vítimas Feridas;Plena Noite;Crescente;Vento;Dupla;Declive;Sim;1;0;1;0;0;0;1;1;-23,4324306;-46,4194352;SPRF-SP;DEL01-SP;UOP01-DEL01-SP
605603;06/06/2024;quinta-feira;20:35:00;SP;116;215;GUARULHOS;Manobra de mudança de faixa;Queda de ocupante de veículo;Com Vítimas Feridas;Plena Noite;Decrescente;Céu Claro;Múltipla;Reta;Sim;1;0;1;0;0;0;1;1;-23,44695693;-46,45394103;SPRF-SP;DEL01-SP;UOP01-DEL01-SP
605604;06/06/2024;quinta-feira;20:15:00;BA;101;504,8;ITABUNA;Demais falhas mecânicas ou elétricas;Queda de ocupante de veículo;Com Vítimas Feridas;Plena Noite;Crescente;Nublado;Simples;"Reta;Declive";Não;1;0;1;0;0;0;1;1;-14,791069;-39,290425;SPRF-BA;DEL05-BA;UOP01-DEL05-BA
605605;06/06/2024;quinta-feira;18:20:00;PI;316;316;PICOS;Manobra de mudança de faixa;Colisão traseira;Com Vítimas Feridas;Plena Noite;Crescente;Céu Claro;Simples;Reta;Sim;3;0;3;0;0;0;3;2;-7,08133721;-41,42347604;SPRF-PI;DEL04-PI;UOP01-DEL04-PI
605606;06/06/2024;quinta-feira;21:09:00;PI;343;45,7;BURITI DOS LOPES;Ausência de reação do condutor;Colisão frontal;Com Vítimas Feridas;Plena Noite;Crescente;Céu Claro;Simples;Reta;Não;4;0;2;2;0;0;4;2;-3,166168;-41,844273;SPRF-PI;DEL05-PI;UOP01-DEL05-PI
605607;07/04/2024;domingo;08:30:00;ES;262;78,8;DOMINGOS MARTINS;Velocidade Incompatível;Colisão transversal;Com Vítimas Feridas;Pleno dia;Crescente;Céu Claro;Simples;Curva;Não;3;0;1;0;2;0;1;3;-20,41279327;-40,90834307;SPRF-ES;DEL01-ES;UOP02-DEL01-ES
605608;06/06/2024;quinta-feira;18:15:00;SC;101;310,8;LAGUNA;Transitar na contramão;Colisão lateral sentido oposto;Com Vítimas Feridas;Plena Noite;Decrescente;Céu Claro;Simples;Reta;Não;2;0;1;0;1;0;1;2;-28,41679416;-48,79529064;SPRF-SC;DEL02-SC;UOP01-DEL02-SC
605610;06/06/2024;quinta-feira;18:30:00;PR;277;467,6;NOVA LARANJEIRAS;Reação tardia ou ineficiente do condutor;Saída de leito carroçável;Com Vítimas Feridas;Anoitecer;Crescente;Céu Claro;Simples;Reta;Não;1;0;1;0;0;0;1;1;-25,34211314;-52,49655008;SPRF-PR;DEL04-PR;UOP02-DEL04-PR
605611;06/06/2024;quinta-feira;21:00:00;RS;116;297;GUAIBA;Reação tardia ou ineficiente do condutor;Colisão traseira;Com Vítimas Feridas;Plena Noite;Crescente;Céu Claro;Dupla;Reta;Não;3;0;2;0;1;0;2;2;-30,09753097;-51,34302937;SPRF-RS;DEL02-RS;UOP01-DEL02-RS
605612;06/06/2024;quinta-feira;20:15:00;RS;116;142;CAXIAS DO SUL;Acesso irregular;Colisão transversal;Sem Vítimas;Plena Noite;Decrescente;Céu Claro;Dupla;Interseção de Vias;Não;2;0;0;0;1;1;0;2;-29,11727;-51,115208;SPRF-RS;DEL05-RS;UOP01-DEL05-RS
605614;06/06/2024;quinta-feira;21:50:00;PR;376;591,3;CURITIBA;Manobra de mudança de faixa;Colisão traseira;Com Vítimas Feridas;Plena Noite;Decrescente;Nublado;Dupla;Reta;Sim;6;0;4;2;0;0;6;2;-25,45999605;-49,35895013;SPRF-PR;DEL01-PR;UOP06-DEL01-PR
605615;06/06/2024;quinta-feira;21:20:00;PB;230;25,5;JOAO PESSOA;Reação tardia ou ineficiente do condutor;Colisão com objeto;Sem Vítimas;Plena Noite;Decrescente;Garoa/Chuvisco;Dupla;"Curva;Viaduto;Interseção de Vias;Declive";Sim;3;0;0;0;3;0;0;1;-7,16999796;-34,87326264;SPRF-PB;DEL01-PB;UOP01-DEL01-PB
605616;16/05/2024;quinta-feira;12:40:00;MT;70;215;GENERAL CARNEIRO;Ultrapassagem Indevida;Colisão lateral sentido oposto;Com Vítimas Feridas;Pleno dia;Decrescente;Céu Claro;Simples;Reta;Não;5;0;3;2;0;0;5;3;-15,697538;-53,833377;SPRF-MT;DEL05-MT;UOP01-DEL05-MT
605617;06/06/2024;quinta-feira;19:45:00;GO;153;141;CAMPINORTE;Deficiência do Sistema de Iluminação/Sinalização;Colisão traseira;Com Vítimas Feridas;Plena Noite;Decrescente;Céu Claro;Simples;Reta;Não;2;0;0;1;0;1;1;2;-14,03600993;-49,08811569;SPRF-GO;DEL07-GO;UOP01-DEL07-GO
605619;06/06/2024;quinta-feira;19:03:00;AC;317;95;SENADOR GUIOMARD;Acessar a via sem observar a presença dos outros veículos;Atropelamento de Pedestre;Com Vítimas Feridas;Pleno dia;Crescente;Céu Claro;Dupla;Reta;Não;4;0;0;1;3;0;1;2;-10,18303429;-67,70985812;SPRF-AC;DEL01-AC;UOP01-DEL01-AC
605622;06/06/2024;quinta-feira;21:30:00;SC;280;230,7;CANOINHAS;Transitar na contramão;Colisão frontal;Com Vítimas Feridas;Plena Noite;Decrescente;Céu Claro;Simples;Reta;Não;4;0;3;0;1;0;3;2;-26,18756479;-50,36192211;SPRF-SC;DEL06-SC;UOP04-DEL06-SC