id;data_inversa;dia_semana;horario;uf;br;km;municipio;causa_acidente;tipo_acidente;classificacao_acidente;fase_dia;sentido_via;condicao_metereologica;tipo_pista;tracado_via;uso_solo;pessoas;mortos;feridos_leves;feridos_graves;ilesos;ignorados;feridos;veiculos;latitude;longitude;regional;delegacia;uop
605760;07/06/2024;sexta-feira;15:25:00;SC;280;24,9;ARAQUARI;Acessar a via sem observar a presença dos outros veículos;Colisão transversal;Com Vítimas Feridas;Pleno dia;Crescente;Céu Claro;Simples;Reta;Não;4;0;1;0;3;0;1;3;-26,37724921;-48,71953282;SPRF-SC;DEL03-SC;UOP03-DEL03-SC
605761;07/06/2024;sexta-feira;15:50:00;RJ;116;181;NOVA IGUACU;Frear bruscamente;Colisão traseira;Com Vítimas Feridas;Pleno dia;Decrescente;Céu Claro;Dupla;Reta;Sim;2;0;1;0;1;0;1;2;-22,761312;-43,423492;SPRF-RJ;DEL06-RJ;UOP01-DEL06-RJ
605762;07/06/2024;sexta-feira;15:00:00;GO;153;199;URUACU;Acessar a via sem observar a presença dos outros veículos;Colisão transversal;Com Vítimas Feridas;Pleno dia;Decrescente;Céu Claro;Simples;"Reta;Interseção de Vias";Sim;2;0;0;1;1;0;1;2;-14,526521;-49,159429;SPRF-GO;DEL07-GO;UOP02-DEL07-GO
605763;07/06/2024;sexta-feira;11:40:00;RO;364;421,5;JARU;Acessar a via sem observar a presença dos outros veículos;Colisão transversal;Com Vítimas Feridas;Pleno dia;Crescente;Céu Claro;Simples;"Interseção de Vias;Reta";Sim;2;0;0;1;1;0;1;2;-10,46729967;-62,45088748;SPRF-RO;DEL03-RO;UOP02-DEL03-RO
605764;07/06/2024;sexta-feira;15:22:00;RS;116;149,9;CAXIAS DO SUL;Reação tardia ou ineficiente do condutor;Colisão lateral mesmo sentido;Sem Vítimas;Pleno dia;Decrescente;Sol;Múltipla;"Reta;Aclive";Sim;2;0;0;0;2;0;0;2;-29,168428;-51,158337;SPRF-RS;DEL05-RS;UOP01-DEL05-RS
605769;07/06/2024;sexta-feira;15:30:00;PA;316;99;SAO FRANCISCO DO PARA;Ausência de reação do condutor;Colisão traseira;Com Vítimas Feridas;Pleno dia;Crescente;Céu Claro;Simples;Reta;Não;2;0;0;1;1;0;1;2;-1,33342734;-47,61283806;SPRF-PA;DEL01-PA;UOP02-DEL01-PA
605771;07/06/2024;sexta-feira;16:40:00;RS;116;243;SAO LEOPOLDO;Mal súbito do condutor;Tombamento;Com Vítimas Feridas;Pleno dia;Decrescente;Céu Claro;Dupla;Reta;Sim;1;0;1;0;0;0;1;1;-29,73196199;-51,14952004;SPRF-RS;DEL01-RS;UOP02-DEL01-RS
605772;07/06/2024;sexta-feira;16:00:00;RJ;116;170;RIO DE JANEIRO;Objeto estático sobre o leito carroçável;Colisão com objeto;Com Vítimas Feridas;Pleno dia;Crescente;Céu Claro;Simples;Reta;Não;1;0;0;1;0;0;1;1;-22,81113183;-43,3336729;SPRF-RJ;DEL06-RJ;UOP01-DEL06-RJ
605773;07/06/2024;sexta-feira;08:00:00;RS;290;72;GRAVATAI;Ausência de reação do condutor;Saída de leito carroçável;Sem Vítimas;Pleno dia;Decrescente;Sol;Múltipla;Reta;Sim;1;0;0;0;1;0;0;1;-29,952784;-50,976074;SPRF-RS;DEL03-RS;UOP01-DEL03-RS
605774;07/06/2024;sexta-feira;16:20:00;RN;406;150;CEARA-MIRIM;Acessar a via sem observar a presença dos outros veículos;Colisão transversal;Com Vítimas Feridas;Pleno dia;Crescente;Céu Claro;Simples;Reta;Sim;2;0;0;1;1;0;1;2;-5,64974982;-35,43234997;SPRF-RN;DEL02-RN;UOP01-DEL02-RN
605776;07/06/2024;sexta-feira;16:40:00;PB;230;74,6;SOBRADO;Chuva;Saída de leito carroçável;Com Vítimas Feridas;Pleno dia;Decrescente;Chuva;Dupla;Curva;Não;1;0;1;0;0;0;1;1;-7,1894;-35,2596;SPRF-PB;DEL01-PB;UOP03-DEL01-PB
605777;07/06/2024;sexta-feira;17:12:00;MG;381;482;BETIM;Ausência de reação do condutor;Tombamento;Com Vítimas Feridas;Anoitecer;Crescente;Céu Claro;Dupla;Reta;Sim;1;0;1;0;0;0;1;1;-19,955532;-44,097209;SPRF-MG;DEL01-MG;UOP03-DEL01-MG
605778;07/06/2024;sexta-feira;16:50:00;RN;101;94,6;NATAL;Reação tardia ou ineficiente do condutor;Engavetamento;Sem Vítimas;Pleno dia;Crescente;Céu Claro;Múltipla;"Aclive;Reta";Sim;5;0;0;0;5;0;0;4;-5,83176615;-35,21191342;SPRF-RN;DEL01-RN;UOP01-DEL01-RN
605779;07/06/2024;sexta-feira;17:10:00;PE;101;28;ITAPISSUMA;Demais falhas mecânicas ou elétricas;Incêndio;Sem Vítimas;Anoitecer;Decrescente;Céu Claro;Dupla;Curva;Não;1;0;0;0;1;0;0;1;-7,72056385;-34,94127124;SPRF-PE;DEL01-PE;UOP02-DEL01-PE
605780;07/06/2024;sexta-feira;15:00:00;MT;163;117;RONDONOPOLIS;Acumulo de óleo sobre o pavimento;Tombamento;Com Vítimas Feridas;Pleno dia;Decrescente;Céu Claro;Dupla;Reta;Sim;1;0;1;0;0;0;1;1;-16,507759;-54,652957;SPRF-MT;DEL02-MT;UOP01-DEL02-MT
605782;07/06/2024;sexta-feira;17:30:00;RS;116;259;ESTEIO;Ausência de reação do condutor;Tombamento;Com Vítimas Feridas;Anoitecer;Decrescente;Céu Claro;Dupla;Reta;Sim;1;0;1;0;0;0;1;1;-29,870408;-51,179909;SPRF-RS;DEL01-RS;UOP02-DEL01-RS
605783;07/06/2024;sexta-feira;17:05:00;GO;153;501;GOIANIA;Condutor deixou de manter distância do veículo da frente;Colisão traseira;Com Vítimas Feridas;Pleno dia;Crescente;Céu Claro;Dupla;Reta;Sim;2;0;0;1;1;0;1;2;-16,7189;-49,2382;SPRF-GO;DEL01-GO;UOP01-DEL01-GO
605786;27/05/2024;segunda-feira;19:00:00;PB;101;88;JOAO PESSOA;Entrada inopinada do pedestre;Atropelamento de Pedestre;Com Vítimas Feridas;Plena Noite;Decrescente;Nublado;Dupla;Reta;Sim;3;0;3;0;0;0;3;2;-7,16470016;-34,89993643;SPRF-PB;DEL01-PB;UOP01-DEL01-PB
605789;07/06/2024;sexta-feira;13:20:00;RJ;116;108;GUAPIMIRIM;Desrespeitar a preferência no cruzamento;Colisão transversal;Com Vítimas Feridas;Pleno dia;Decrescente;Sol;Dupla;"Reta;Retorno Regulamentado;Interseção de Vias";Sim;6;0;1;2;2;1;3;3;-22,535843;-42,99125;SPRF-RJ;DEL04-RJ;UOP01-DEL04-RJ
605790;07/06/2024;sexta-feira;18:00:00;RJ;116;175;SAO JOAO DE MERITI;Trafegar com motocicleta (ou similar) entre as faixas;Colisão lateral mesmo sentido;Com Vítimas Feridas;Plena Noite;Crescente;Céu Claro;Múltipla;Reta;Sim;3;0;2;0;1;0;2;2;-22,78923555;-43,37275272;SPRF-RJ;DEL06-RJ;UOP01-DEL06-RJ
605791;07/06/2024;sexta-feira;17:15:00;RS;101;17,3;TRES CACHOEIRAS;Ausência de reação do condutor;Colisão com objeto;Com Vítimas Feridas;Anoitecer;Crescente;Céu Claro;Dupla;Reta;Não;2;0;2;0;0;0;2;1;-29,420935;-49,863792;SPRF-RS;DEL03-RS;UOP02-DEL03-RS
605793;07/06/2024;sexta-feira;16:00:00;GO;70;2,4;AGUAS LINDAS DE GOIAS;Velocidade Incompatível;Saída de leito carroçável;Com Vítimas Fatais;Pleno dia;Crescente;Céu Claro;Dupla;Curva;Sim;4;1;0;3;0;0;3;1;-15,767021;-48,229945;SPRF-DF;DEL03-DF;UOP02-DEL03-DF
605795;07/06/2024;sexta-feira;15:35:00;MG;381;941,7;EXTREMA;Velocidade Incompatível;Tombamento;Com Vítimas Feridas;Pleno dia;Decrescente;Céu Claro;Dupla;Reta;Sim;1;0;1;0;0;0;1;1;-22,86021873;-46,34260711;SPRF-MG;DEL16-MG;UOP03-DEL16-MG
605796;07/06/2024;sexta-feira;13:10:00;RS;285;571,8;SAO LUIZ GONZAGA;Acessar a via sem observar a presença dos outros veículos;Colisão transversal;Com Vítimas Feridas;Pleno dia;Crescente;Céu Claro;Simples;Reta;Sim;4;0;2;2;0;0;4;2;-28,415785;-55,005928;SPRF-RS;DEL12-RS;UOP01-DEL12-RS
605798;07/06/2024;sexta-feira;18:30:00;CE;116;5;FORTALEZA;Condutor deixou de manter distância do veículo da frente;Colisão traseira;Com Vítimas Feridas;Plena Noite;Crescente;Céu Claro;Múltipla;Reta;Sim;2;0;1;0;1;0;1;2;-3,79467116;-38,50772734;SPRF-CE;DEL01-CE;UOP02-DEL01-CE
605799;07/06/2024;sexta-feira;17:30:00;PR;376;176,3;MARINGA;Trafegar com motocicleta (ou similar) entre as faixas;Colisão lateral mesmo sentido;Com Vítimas Feridas;Pleno dia;Decrescente;Sol;Dupla;"Interseção de Vias;Reta";Sim;3;0;1;0;2;0;1;2;-23,41269173;-51,93158327;SPRF-PR;DEL09-PR;UOP01-DEL09-PR
605800;07/06/2024;sexta-feira;15:30:00;PR;277;104;CAMPO LARGO;Condutor deixou de manter distância do veículo da frente;Engavetamento;Sem Vítimas;Pleno dia;Crescente;Céu Claro;Dupla;Reta;Sim;5;0;0;0;5;0;0;2;-25,433485;-49,40745;SPRF-PR;DEL01-PR;UOP06-DEL01-PR
605801;07/06/2024;sexta-feira;18:20:00;BA;135;117;RIACHAO DAS NEVES;Reação tardia ou ineficiente do condutor;Tombamento;Com Vítimas Feridas;Plena Noite;Decrescente;Céu Claro;Simples;"Reta;Aclive";Não;1;0;1;0;0;0;1;1;-11,69731413;-44,88255578;SPRF-BA;DEL08-BA;N/A
605803;07/06/2024;sexta-feira;18:35:00;GO;153;340,9;JARAGUA;Ultrapassagem Indevida;Colisão frontal;Com Vítimas Fatais;Anoitecer;Crescente;Céu Claro;Simples;"Aclive;Reta";Não;8;2;0;5;0;1;5;3;-15,61825648;-49,39446243;SPRF-GO;DEL02-GO;UOP02-DEL02-GO
605804;07/06/2024;sexta-feira;18:00:00;GO;153;498;GOIANIA;Reação tardia ou ineficiente do condutor;Colisão traseira;Com Vítimas Feridas;Anoitecer;Crescente;Céu Claro;Dupla;Reta;Não;2;0;1;0;1;0;1;2;-16,68739874;-49,23340559;SPRF-GO;DEL01-GO;UOP01-DEL01-GO
605810;07/06/2024;sexta-feira;19:00:00;SP;116;212;GUARULHOS;Iluminação deficiente;Atropelamento de Animal;Com Vítimas Feridas;Plena Noite;Decrescente;Nublado;Múltipla;"Reta;Aclive";Sim;2;0;2;0;0;0;2;1;-23,43608315;-46,42805094;SPRF-SP;DEL01-SP;UOP01-DEL01-SP
605814;07/06/2024;sexta-feira;18:45:00;SC;101;4,8;ARARANGUA;Ausência de reação do condutor;Colisão traseira;Com Vítimas Feridas;Plena Noite;Crescente;Ignorado;Simples;Reta;Não;2;0;1;0;1;0;1;2;-28,95768552;-49,51572418;SPRF-SC;DEL02-SC;UOP02-DEL02-SC
605816;07/06/2024;sexta-feira;19:20:00;PR;376;3;APUCARANA;Ausência de reação do condutor;Colisão traseira;Com Vítimas Feridas;Pleno dia;Crescente;Céu Claro;Simples;Reta;Sim;2;0;2;0;0;0;2;2;-23,55932271;-51,43702805;SPRF-PR;DEL07-PR;UOP03-DEL07-PR
605817;07/06/2024;sexta-feira;17:35:00;SC;280;117;SAO BENTO DO SUL;Reação tardia ou ineficiente do condutor;Saída de leito carroçável;Sem Vítimas;Plena Noite;Decrescente;Céu Claro;Simples;Reta;Não;1;0;0;0;1;0;0;1;-26,2747362;-49,42277912;SPRF-SC;DEL06-SC;UOP03-DEL06-SC
605818;07/06/2024;sexta-feira;16:10:00;MS;163;338;RIO BRILHANTE;Animais na Pista;Atropelamento de Animal;Com Vítimas Feridas;Pleno dia;Crescente;Céu Claro;Simples;Reta;Não;1;0;1;0;0;0;1;1;-21,67253181;-54,46311412;SPRF-MS;DEL02-MS;UOP02-DEL02-MS
605819;07/06/2024;sexta-feira;18:55:00;PE;232;59;POMBOS;Ausência de reação do condutor;Colisão traseira;Com Vítimas Feridas;Plena Noite;Decrescente;Céu Claro;Dupla;Declive;Não;2;0;1;0;1;0;1;2;-8,1471233;-35,39890998;SPRF-PE;DEL02-PE;UOP02-DEL02PE
605820;07/06/2024;sexta-feira;19:25:00;ES;101;212,8;IBIRACU;Reação tardia ou ineficiente do condutor;Queda de ocupante de veículo;Com Vítimas Feridas;Plena Noite;Crescente;Céu Claro;Simples;Reta;Sim;1;0;1;0;0;0;1;1;-19,81537521;-40,36655964;SPRF-ES;DEL02-ES;UOP01-DEL02-ES
605821;07/06/2024;sexta-feira;18:30:00;SC;282;253;SAO JOSE DO CERRITO;Acessar a via sem observar a presença dos outros veículos;Colisão traseira;Com Vítimas Feridas;Plena Noite;Crescente;Céu Claro;Simples;"Declive;Ponte;Reta";Não;2;0;1;0;1;0;1;2;-27,684978;-50,565498;SPRF-SC;DEL05-SC;UOP02-DEL05-SC
605822;07/06/2024;sexta-feira;19:30:00;PB;230;11;CABEDELO;Manobra de mudança de faixa;Colisão lateral mesmo sentido;Com Vítimas Feridas;Plena Noite;Decrescente;Nublado;Dupla;Reta;Sim;1;0;1;0;0;0;1;1;-7,0596;-34,8506;SPRF-PB;DEL01-PB;UOP01-DEL01-PB
605823;07/06/2024;sexta-feira;19:15:00;RS;290;103,5;ELDORADO DO SUL;Demais falhas mecânicas ou elétricas;Incêndio;Sem Vítimas;Plena Noite;Crescente;Céu Claro;Dupla;Ponte;Não;1;0;0;0;1;0;0;1;-29,99017;-51,265766;SPRF-RS;DEL02-RS;UOP01-DEL02-RS
605825;07/06/2024;sexta-feira;19:15:00;PR;116;102,8;SAO JOSE DOS PINHAIS;Trafegar com motocicleta (ou similar) entre as faixas;Colisão lateral mesmo sentido;Com Vítimas Feridas;Plena Noite;Decrescente;Céu Claro;Dupla;"Viaduto;Aclive;Reta";Sim;2;0;1;0;1;0;1;2;-25,56955574;-49,18428474;SPRF-PR;DEL01-PR;UOP07-DEL01-PR
605826;07/06/2024;sexta-feira;18:00:00;RS;153;654,5;ACEGUA;Demais falhas mecânicas ou elétricas;Colisão com objeto;Com Vítimas Feridas;Plena Noite;Decrescente;Nublado;Simples;Reta;Não;2;0;2;0;0;0;2;1;-31,52016699;-54,1376713;SPRF-RS;DEL11-RS;UOP03-DEL11-RS
605827;07/06/2024;sexta-feira;19:50:00;PE;316;66;OURICURI;Reação tardia ou ineficiente do condutor;Queda de ocupante de veículo;Com Vítimas Fatais;Plena Noite;Crescente;Chuva;Simples;Reta;Não;2;1;0;1;0;0;1;1;-7,78931549;-40,20951831;SPRF-PE;DEL05-PE;UOP02-DEL05-PE
605828;07/06/2024;sexta-feira;17:30:00;MA;316;167;ARAGUANA;Ingestão de álcool pelo condutor;Colisão frontal;Com Vítimas Fatais;Anoitecer;Crescente;Céu Claro;Simples;Reta;Não;4;1;0;1;1;1;1;3;-2,991552;-45,654274;SPRF-MA;DEL02-MA;UOP02-DEL02-MA
605829;07/06/2024;sexta-feira;19:50:00;SC;101;265,6;PAULO LOPES;Ausência de reação do condutor;Colisão frontal;Com Vítimas Feridas;Plena Noite;Decrescente;Céu Claro;Simples;"Declive;Reta";Sim;3;0;0;1;1;1;1;3;-28,06001385;-48,71690948;SPRF-SC;DEL02-SC;UOP03-DEL02-SC
605830;07/06/2024;sexta-feira;20:17:00;CE;116;11,7;FORTALEZA;Condutor deixou de manter distância do veículo da frente;Engavetamento;Com Vítimas Feridas;Plena Noite;Crescente;Céu Claro;Dupla;Reta;Sim;7;0;2;3;2;0;5;3;-3,84394724;-38,49891546;SPRF-CE;DEL01-CE;UOP02-DEL01-CE
605831;07/06/2024;sexta-feira;17:30:00;SC;470;315;CAMPOS NOVOS;Ausência de reação do condutor;Capotamento;Com Vítimas Feridas;Anoitecer;Decrescente;Nublado;Simples;Curva;Sim;1;0;0;1;0;0;1;1;-27,39966076;-51,19577408;SPRF-SC;DEL07-SC;UOP06-DEL07-SC
605832;07/06/2024;sexta-feira;18:39:00;SE;235;112;CARIRA;Transitar no Acostamento;Colisão traseira;Com Vítimas Feridas;Plena Noite;Decrescente;Nublado;Simples;Reta;Sim;2;0;0;1;1;0;1;2;-10,33242;-37,724377;SPRF-SE;DEL01-SE;UOP02-DEL01-SE
605833;07/06/2024;sexta-feira;19:20:00;SC;101;352;JAGUARUNA;Pedestre andava na pista;Atropelamento de Pedestre;Com Vítimas Feridas;Plena Noite;Crescente;Céu Claro;Múltipla;"Retorno Regulamentado;Reta;Aclive";Não;2;0;0;1;1;0;1;2;-28,6132428;-49,06368613;SPRF-SC;DEL02-SC;UOP01-DEL02-SC
605834;07/06/2024;sexta-feira;19:30:00;PE;101;77;RECIFE;Manobra de mudança de faixa;Colisão lateral mesmo sentido;Com Vítimas Feridas;Plena Noite;Decrescente;Nublado;Dupla;Reta;Sim;2;0;1;0;1;0;1;2;-8,132563;-34,946192;SPRF-PE;DEL01-PE;UOP01-DEL01-PE
605835;07/06/2024;sexta-feira;19:40:00;PR;277;730;FOZ DO IGUACU;Pedestre cruzava a pista fora da faixa;Atropelamento de Pedestre;Com Vítimas Feridas;Pleno dia;Crescente;Nublado;Dupla;Curva;Sim;2;0;0;1;1;0;1;2;-25,50826305;-54,59238593;SPRF-PR;DEL05-PR;UOP03-DEL05-PR
605836;07/06/2024;sexta-feira;19:50:00;PR;369;139,7;IBIPORA;Ausência de reação do condutor;Colisão traseira;Com Vítimas Feridas;Plena Noite;Decrescente;Céu Claro;Simples;"Aclive;Reta";Sim;3;0;0;1;2;0;1;2;-23,27846692;-51,06594443;SPRF-PR;DEL07-PR;UOP01-DEL07-PR
605837;07/06/2024;sexta-feira;18:10:00;GO;153;173;CAMPINORTE;Avarias e/ou desgaste excessivo no pneu;Tombamento;Com Vítimas Feridas;Anoitecer;Decrescente;Céu Claro;Simples;Reta;Sim;2;0;1;1;0;0;2;1;-14,293301;-49,150036;SPRF-GO;DEL07-GO;UOP02-DEL07-GO
605838;07/06/2024;sexta-feira;19:50:00;SC;101;203;SAO JOSE;Condutor deixou de manter distância do veículo da frente;Colisão traseira;Com Vítimas Feridas;Plena Noite;Decrescente;Céu Claro;Múltipla;Reta;Sim;2;0;1;0;1;0;1;2;-27,5650044;-48,61460082;SPRF-SC;DEL01-SC;UOP01-DEL01-SC
605839;07/06/2024;sexta-feira;18:10:00;MG;262;662,1;IBIA;Deficiência do Sistema de Iluminação/Sinalização;Colisão traseira;Com Vítimas Fatais;Anoitecer;Decrescente;Céu Claro;Simples;"Declive;Reta";Não;3;1;0;1;1;0;1;2;-19,56146244;-46,75136089;SPRF-MG;DEL08-MG;UOP01-DEL08-MG
605840;07/06/2024;sexta-feira;19:00:00;PE;232;15,4;JABOATAO DOS GUARARAPES;Acumulo de água sobre o pavimento;Saída de leito carroçável;Sem Vítimas;Plena Noite;Decrescente;Chuva;Dupla;Curva;Não;1;0;0;0;1;0;0;1;-8,093707;-35,031785;SPRF-PE;DEL01-PE;UOP01-DEL01-PE
605841;07/06/2024;sexta-feira;20:50:00;SP;116;220;GUARULHOS;Reação tardia ou ineficiente do condutor;Colisão traseira;Com Vítimas Feridas;Plena Noite;Crescente;Nublado;Múltipla;Reta;Sim;3;0;1;0;1;1;1;2;-23,46143954;-46,48885316;SPRF-SP;DEL01-SP;UOP01-DEL01-SP
605842;07/06/2024;sexta-feira;19:45:00;TO;153;198;NOVA OLINDA;Ausência de reação do condutor;Saída de leito carroçável;Com Vítimas Feridas;Plena Noite;Decrescente;Céu Claro;Simples;Reta;Não;2;0;2;0;0;0;2;1;-7,63025188;-48,42713147;SPRF-TO;DEL02-TO;UOP01-DEL02-TO
605843;07/06/2024;sexta-feira;18:00:00;BA;242;749;CRISTOPOLIS;Reação tardia ou ineficiente do condutor;Atropelamento de Pedestre;Com Vítimas Fatais;Plena Noite;Decrescente;Céu Claro;Simples;Reta;Não;2;1;0;0;0;1;0;2;-12,22092736;-44,43956718;SPRF-BA;DEL10-BA;UOP01-DEL10-BA
605844;07/06/2024;sexta-feira;20:00:00;RS;472;184,6;SANTO CRISTO;Acessar a via sem observar a presença dos outros veículos;Colisão transversal;Com Vítimas Feridas;Plena Noite;Decrescente;Céu Claro;Simples;Reta;Não;2;0;1;0;1;0;1;2;-27,8373;-54,604;SPRF-RS;DEL10-RS;UOP01-DEL10-RS
605845;07/06/2024;sexta-feira;18:50:00;SC;101;41;JOINVILLE;Manobra de mudança de faixa;Colisão lateral mesmo sentido;Com Vítimas Feridas;Plena Noite;Crescente;Céu Claro;Dupla;Reta;Sim;3;0;2;0;1;0;2;2;-26,28215489;-48,88973081;SPRF-SC;DEL03-SC;UOP01-DEL03-SC
605846;07/06/2024;sexta-feira;18:00:00;MG;116;305,7;ITAMBACURI;Iluminação deficiente;Colisão traseira;Com Vítimas Fatais;Plena Noite;Decrescente;Céu Claro;Simples;Reta;Não;2;1;0;0;1;0;0;2;-18,039639;-41,657013;SPRF-MG;DEL11-MG;UOP01-DEL11-MG
605847;07/06/2024;sexta-feira;21:00:00;SP;116;220;GUARULHOS;Ausência de reação do condutor;Colisão traseira;Com Vítimas Feridas;Plena Noite;Decrescente;Céu Claro;Múltipla;Reta;Sim;2;0;1;0;1;0;1;2;-23,46472809;-46,49793962;SPRF-SP;DEL01-SP;UOP01-DEL01-SP
605848;07/06/2024;sexta-feira;19:55:00;RO;364;235,2;CACOAL;Acessar a via sem observar a presença dos outros veículos;Colisão transversal;Com Vítimas Feridas;Plena Noite;Crescente;Céu Claro;Simples;Retorno Regulamentado;Sim;2;0;1;0;1;0;1;2;-11,4506169;-61,4302469;SPRF-RO;DEL02-RO;UOP02-DEL02-RO
605849;07/06/2024;sexta-feira;20:07:00;PR;277;529,7;GUARANIACU;Ultrapassagem Indevida;Colisão frontal;Com Vítimas Feridas;Plena Noite;Crescente;Nublado;Simples;Reta;Não;3;0;2;1;0;0;3;2;-25,091649;-52,949265;SPRF-PR;DEL04-PR;UOP04-DEL04-PR
605851;07/06/2024;sexta-feira;20:10:00;PR;277;665,3;MEDIANEIRA;Reação tardia ou ineficiente do condutor;Colisão traseira;Com Vítimas Feridas;Plena Noite;Decrescente;Céu Claro;Dupla;"Reta;Declive";Não;7;0;1;0;6;0;1;4;-25,26086511;-54,04611894;SPRF-PR;DEL05-PR;UOP02-DEL05-PR
605852;07/06/2024;sexta-feira;20:30:00;PR;277;694;SAO MIGUEL DO IGUACU;Pedestre andava na pista;Atropelamento de Pedestre;Com Vítimas Fatais;Plena Noite;Crescente;Céu Claro;Dupla;Reta;Não;6;1;0;0;5;0;0;2;-25,37777101;-54,2794615;SPRF-PR;DEL05-PR;UOP01-DEL05-PR
605853;07/06/2024;sexta-feira;21:15:00;MG;365;599,3;UBERLANDIA;Ausência de reação do condutor;Capotamento;Com Vítimas Fatais;Plena Noite;Crescente;Vento;Simples;"Reta;Aclive";Não;3;1;1;1;0;0;2;1;-18,88997892;-48,12177605;SPRF-MG;DEL15-MG;UOP01-DEL15-MG
605854;07/06/2024;sexta-feira;14:30:00;MT;163;1030;PEIXOTO DE AZEVEDO;Acessar a via sem observar a presença dos outros veículos;Colisão transversal;Com Vítimas Feridas;Pleno dia;Decrescente;Céu Claro;Simples;Reta;Sim;2;0;0;1;0;1;1;2;-10,24142;-54,986196;SPRF-MT;DEL06-MT;UOP03-DEL06-MT
605855;07/06/2024;sexta-feira;19:50:00;MS;163;41;ELDORADO;Ingestão de álcool pelo condutor;Saída de leito carroçável;Sem Vítimas;Plena Noite;Crescente;Céu Claro;Simples;Reta;Sim;1;0;0;0;1;0;0;1;-23,78038392;-54,2770967;SPRF-MS;DEL09-MS;UOP02-DEL09-MS
605857;07/06/2024;sexta-feira;18:30:00;RJ;101;41;CAMPOS DOS GOYTACAZES;Acessar a via sem observar a presença dos outros veículos;Colisão lateral mesmo sentido;Com Vítimas Feridas;Plena Noite;Crescente;Céu Claro;Simples;Reta;Não;2;0;1;0;1;0;1;2;-21,55565098;-41,32869598;SPRF-RJ;DEL08-RJ;UOP01-DEL08-RJ
605859;07/06/2024;sexta-feira;20:45:00;MG;262;43;MANHUACU;Ausência de reação do condutor;Capotamento;Com Vítimas Feridas;Pleno dia;Crescente;Céu Claro;Simples;Reta;Não;1;0;1;0;0;0;1;1;-20,26409492;-42,07800593;SPRF-MG;DEL06-MG;UOP03-DEL06-MG
605860;07/06/2024;sexta-feira;22:45:00;RS;116;303;GUAIBA;Ausência de reação do condutor;Saída de leito carroçável;Sem Vítimas;Plena Noite;Crescente;Céu Claro;Simples;Reta;Não;1;0;0;0;1;0;0;1;-30,14752169;-51,36494646;SPRF-RS;DEL02-RS;UOP01-DEL02-RS
605861;07/06/2024;sexta-feira;21:15:00;MG;354;753;ITAMONTE;Conversão proibida;Colisão frontal;Com Vítimas Feridas;Plena Noite;Crescente;Céu Claro;Simples;Reta;Sim;2;0;0;1;1;0;1;2;-22,30074263;-44,86208652;SPRF-MG;DEL17-MG;UOP01-DEL17-MG
605862;07/06/2024;sexta-feira;20:30:00;RJ;465;19;NOVA IGUACU;Frear bruscamente;Colisão traseira;Com Vítimas Feridas;Plena Noite;Decrescente;Céu Claro;Simples;Reta;Não;3;0;1;0;1;1;1;2;-22,839184;-43,610451;SPRF-RJ;DEL06-RJ;UOP02-DEL06-RJ
605865;07/06/2024;sexta-feira;20:10:00;SC;280;232,1;CANOINHAS;Acesso irregular;Queda de ocupante de veículo;Com Vítimas Feridas;Plena Noite;Decrescente;Céu Claro;Simples;Reta;Sim;2;0;0;1;0;1;1;2;-26,19014736;-50,38186997;SPRF-SC;DEL06-SC;UOP04-DEL06-SC
605870;07/06/2024;sexta-feira;22:30:00;DF;40;1,5;BRASILIA;Transitar no Acostamento;Atropelamento de Pedestre;Com Vítimas Feridas;Plena Noite;Crescente;Céu Claro;Dupla;Reta;Sim;4;0;0;2;2;0;2;4;-15,985532;-47,987747;SPRF-DF;DEL01-DF;UOP01-DEL01-DF
605871;07/06/2024;sexta-feira;20:46:00;PE;424;8,6;PEDRA;Transitar na contramão;Colisão frontal;Com Vítimas Feridas;Plena Noite;Crescente;Céu Claro;Simples;Reta;Não;3;0;1;1;1;0;2;3;-8,49209998;-37,02686998;SPRF-PE;DEL04-PE;UOP02-DEL04-PE
605872;07/06/2024;sexta-feira;23:00:00;RS;468;0;PALMEIRA DAS MISSOES;Transitar na contramão;Colisão transversal;Com Vítimas Feridas;Plena Noite;Crescente;Céu Claro;Simples;Rotatória;Não;2;0;0;1;1;0;1;2;-27,882782;-53,304043;SPRF-RS;DEL08-RS;UOP01-DEL08-RS
605874;07/06/2024;sexta-feira;22:15:00;MG;262;359;BETIM;Velocidade Incompatível;Saída de leito carroçável;Com Vítimas Feridas;Plena Noite;Decrescente;Céu Claro;Dupla;"Interseção de Vias;Reta";Não;1;0;1;0;0;0;1;1;-19,9781888;-44,25533295;SPRF-MG;DEL01-MG;UOP03-DEL01-MG
605875;07/06/2024;sexta-feira;19:15:00;RR;174;428;MUCAJAI;Ultrapassagem Indevida;Colisão lateral sentido oposto;Com Vítimas Feridas;Pleno dia;Decrescente;Nublado;Simples;Reta;Não;4;0;2;1;1;0;3;2;2,288826;-60,948849;SPRF-RR;DEL01-RR;UOP01-DEL01-RR
605876;07/06/2024;sexta-feira;23:39:00;RS;392;325;SANTA MARIA;Acessar a via sem observar a presença dos outros veículos;Colisão transversal;Com Vítimas Feridas;Plena Noite;Decrescente;Céu Claro;Múltipla;Interseção de Vias;Sim;3;0;2;0;1;0;2;2;-29,70041099;-53,79140139;SPRF-RS;DEL09-RS;UOP01-DEL09-RS