id;data_inversa;dia_semana;horario;uf;br;km;municipio;causa_acidente;tipo_acidente;classificacao_acidente;fase_dia;sentido_via;condicao_metereologica;tipo_pista;tracado_via;uso_solo;pessoas;mortos;feridos_leves;feridos_graves;ilesos;ignorados;feridos;veiculos;latitude;longitude;regional;delegacia;uop
605877;07/06/2024;sexta-feira;21:20:00;BA;101;356;WENCESLAU GUIMARAES;Neblina;Colisão frontal;Com Vítimas Feridas;Plena Noite;Decrescente;Nevoeiro/Neblina;Simples;"Curva;Declive";Não;2;0;1;0;1;0;1;2;-13,663733;-39,478147;SPRF-BA;DEL05-BA;UOP03-DEL05-BA
605878;07/06/2024;sexta-feira;20:57:00;MG;381;847,5;POUSO ALEGRE;Ausência de reação do condutor;Saída de leito carroçável;Com Vítimas Feridas;Plena Noite;Decrescente;Céu Claro;Dupla;Reta;Não;1;0;1;0;0;0;1;1;-22,25237299;-45,88779304;SPRF-MG;DEL16-MG;UOP01-DEL16-MG
605879;07/06/2024;sexta-feira;23:55:00;RO;364;244,4;CACOAL;Reação tardia ou ineficiente do condutor;Tombamento;Com Vítimas Feridas;Plena Noite;Crescente;Céu Claro;Simples;Reta;Não;2;0;2;0;0;0;2;1;-11,44010534;-61,50592399;SPRF-RO;DEL02-RO;UOP02-DEL02-RO
605881;07/06/2024;sexta-feira;23:50:00;SC;101;197,5;BIGUACU;Ingestão de álcool pelo condutor;Colisão transversal;Com Vítimas Feridas;Plena Noite;Crescente;Nublado;Múltipla;Viaduto;Sim;3;0;1;1;1;0;2;2;-27,51844497;-48,63848496;SPRF-SC;DEL01-SC;UOP01-DEL01-SC
605883;07/06/2024;sexta-feira;20:30:00;BA;110;34;SANTA BRIGIDA;Ausência de reação do condutor;Atropelamento de Pedestre;Com Vítimas Feridas;Plena Noite;Decrescente;Garoa/Chuvisco;Simples;Reta;Não;2;0;0;1;1;0;1;2;-9,75312109;-38,24455159;SPRF-BA;DEL07-BA;UOP01-DEL07-BA
605884;07/06/2024;sexta-feira;20:50:00;MG;153;123;PRATA;Demais falhas mecânicas ou elétricas;Saída de leito carroçável;Sem Vítimas;Plena Noite;Decrescente;Céu Claro;Dupla;Reta;Não;1;0;0;0;1;0;0;1;-19,428819;-48,88912287;SPRF-MG;DEL15-MG;UOP03-DEL15-MG
605885;07/06/2024;sexta-feira;18:30:00;AM;319;114;CAREIRO;Objeto estático sobre o leito carroçável;Colisão com objeto;Com Vítimas Feridas;Plena Noite;Decrescente;Nublado;Simples;Reta;Não;4;0;1;0;3;0;1;3;-3,82949244;-60,36784662;SPRF-AM;DEL01-AM;UOP04-DEL01-AM
605887;07/06/2024;sexta-feira;22:45:00;MT;364;552;ROSARIO OESTE;Ausência de reação do condutor;Saída de leito carroçável;Com Vítimas Feridas;Plena Noite;Crescente;Céu Claro;Dupla;Reta;Não;1;0;1;0;0;0;1;1;-14,83430567;-56,43363529;SPRF-MT;DEL01-MT;UOP01-DEL01-MT
605889;08/06/2024;sábado;01:30:00;PR;277;4,5;PARANAGUA;Ausência de reação do condutor;Tombamento;Com Vítimas Feridas;Plena Noite;Decrescente;Nevoeiro/Neblina;Simples;"Reta;Interseção de Vias;Viaduto";Sim;1;0;1;0;0;0;1;1;-25,55353;-48,56221;SPRF-PR;DEL01-PR;UOP05-DEL01-PR
605892;08/06/2024;sábado;01:45:00;RN;304;24;MOSSORO;Curva acentuada;Saída de leito carroçável;Com Vítimas Feridas;Plena Noite;Crescente;Céu Claro;Dupla;Rotatória;Não;1;0;0;1;0;0;1;1;-5,06488233;-37,33287055;SPRF-RN;DEL04-RN;UOP02-DEL04-RN
605894;08/06/2024;sábado;01:15:00;RJ;493;64;NOVA IGUACU;Reação tardia ou ineficiente do condutor;Colisão com objeto;Com Vítimas Feridas;Pleno dia;Crescente;Céu Claro;Dupla;"Ponte;Aclive;Reta";Não;1;0;1;0;0;0;1;1;-22,685547;-43,434479;SPRF-RJ;DEL01-RJ;UOP03-DEL01-RJ
605895;08/06/2024;sábado;01:50:00;MS;262;361;CAMPO GRANDE;Acessar a via sem observar a presença dos outros veículos;Colisão frontal;Com Vítimas Feridas;Plena Noite;Crescente;Céu Claro;Simples;Reta;Não;2;0;0;1;0;1;1;2;-20,5189368;-54,71594677;SPRF-MS;DEL01-MS;UOP03-DEL01-MS
605896;08/06/2024;sábado;02:00:00;BA;101;873;TEIXEIRA DE FREITAS;Mal súbito do condutor;Saída de leito carroçável;Com Vítimas Feridas;Plena Noite;Decrescente;Nublado;Simples;Reta;Não;3;0;3;0;0;0;3;1;-17,505133;-39,703506;SPRF-BA;DEL09-BA;UOP02-DEL09-BA
605897;08/06/2024;sábado;02:10:00;DF;251;33;BRASILIA;Reação tardia ou ineficiente do condutor;Queda de ocupante de veículo;Com Vítimas Feridas;Plena Noite;Decrescente;Céu Claro;Dupla;Reta;Sim;1;0;1;0;0;0;1;1;-15,937679;-47,748878;SPRF-DF;DEL01-DF;UOP01-DEL01-DF
605899;08/06/2024;sábado;02:20:00;SC;101;232,9;PALHOCA;Ingestão de álcool pelo condutor;Queda de ocupante de veículo;Sem Vítimas;Plena Noite;Decrescente;Céu Claro;Dupla;"Reta;Aclive";Não;1;0;0;0;0;1;0;1;-27,795666;-48,638153;SPRF-SC;DEL01-SC;UOP02-DEL01-SC
605900;08/06/2024;sábado;03:00:00;MG;40;585,6;ITABIRITO;Reação tardia ou ineficiente do condutor;Capotamento;Com Vítimas Feridas;Plena Noite;Crescente;Céu Claro;Simples;Curva;Não;1;0;1;0;0;0;1;1;-20,3335261;-43,92335419;SPRF-MG;DEL01-MG;UOP02-DEL01-MG
605902;08/06/2024;sábado;03:30:00;PE;101;71;RECIFE;Acessar a via sem observar a presença dos outros veículos;Colisão traseira;Com Vítimas Fatais;Plena Noite;Decrescente;Chuva;Dupla;"Interseção de Vias;Reta";Sim;3;1;0;0;2;0;0;2;-8,07637458;-34,93551493;SPRF-PE;DEL01-PE;UOP01-DEL01-PE
605904;08/06/2024;sábado;05:10:00;PR;376;230;APUCARANA;Entrada inopinada do pedestre;Atropelamento de Pedestre;Com Vítimas Feridas;Plena Noite;Decrescente;Céu Claro;Dupla;"Curva;Declive";Não;3;0;0;1;2;0;1;2;-23,56605921;-51,52688205;SPRF-PR;DEL07-PR;UOP03-DEL07-PR
605905;08/06/2024;sábado;04:40:00;GO;40;10,4;LUZIANIA;Condutor Dormindo;Saída de leito carroçável;Com Vítimas Fatais;Plena Noite;Crescente;Céu Claro;Dupla;Reta;Sim;1;1;0;0;0;0;0;1;-16,134217;-47,955488;SPRF-DF;DEL01-DF;UOP01-DEL01-DF
605906;08/06/2024;sábado;02:45:00;TO;153;224;COLINAS DO TOCANTINS;Ausência de reação do condutor;Tombamento;Com Vítimas Feridas;Plena Noite;Crescente;Céu Claro;Simples;Reta;Não;2;0;1;1;0;0;2;1;-7,85380503;-48,45844043;SPRF-TO;DEL02-TO;UOP01-DEL02-TO
605907;08/06/2024;sábado;02:20:00;RS;470;172,7;VERANOPOLIS;Ingestão de álcool pelo condutor;Colisão frontal;Com Vítimas Feridas;Plena Noite;Decrescente;Céu Claro;Simples;Reta;Não;2;0;1;1;0;0;2;2;-28,89106431;-51,54975736;SPRF-RS;DEL06-RS;UOP02-DEL06-RS
605908;08/06/2024;sábado;04:10:00;SP;116;308;SAO LOURENCO DA SERRA;Reação tardia ou ineficiente do condutor;Saída de leito carroçável;Sem Vítimas;Plena Noite;Crescente;Céu Claro;Simples;"Reta;Aclive";Sim;1;0;0;0;1;0;0;1;-23,86213995;-46,94718508;SPRF-SP;DEL04-SP;UOP01-DEL04-SP
605909;08/06/2024;sábado;05:15:00;MS;158;252;TRES LAGOAS;Ingestão de álcool pelo condutor;Saída de leito carroçável;Com Vítimas Feridas;Amanhecer;Decrescente;Céu Claro;Simples;"Reta;Declive";Não;1;0;1;0;0;0;1;1;-20,664235;-51,794156;SPRF-MS;DEL07-MS;UOP01-DEL07-MS
605911;08/06/2024;sábado;05:30:00;RJ;465;13;SEROPEDICA;Pedestre cruzava a pista fora da faixa;Atropelamento de Pedestre;Com Vítimas Fatais;Amanhecer;Crescente;Céu Claro;Simples;Reta;Sim;2;1;0;0;1;0;0;2;-22,798468;-43,645508;SPRF-RJ;DEL06-RJ;UOP02-DEL06-RJ
605917;08/06/2024;sábado;06:20:00;RS;290;123;ELDORADO DO SUL;Transitar na contramão;Colisão lateral sentido oposto;Com Vítimas Feridas;Amanhecer;Crescente;Nevoeiro/Neblina;Simples;Reta;Não;2;0;1;0;1;0;1;2;-30,05328;-51,438354;SPRF-RS;DEL02-RS;UOP01-DEL02-RS
605918;08/06/2024;sábado;06:00:00;CE;116;32;AQUIRAZ;Manobra de mudança de faixa;Colisão lateral mesmo sentido;Com Vítimas Feridas;Pleno dia;Crescente;Céu Claro;Dupla;Reta;Não;2;0;1;0;0;1;1;2;-4,02676186;-38,51392889;SPRF-CE;DEL01-CE;UOP02-DEL01-CE
605919;08/06/2024;sábado;06:15:00;DF;60;11,9;BRASILIA;Animais na Pista;Atropelamento de Animal;Com Vítimas Feridas;Pleno dia;Decrescente;Céu Claro;Dupla;Reta;Não;2;0;2;0;0;0;2;1;-15,919336;-48,164993;SPRF-DF;DEL03-DF;UOP01-DEL03-DF
605920;08/06/2024;sábado;06:00:00;GO;153;513;APARECIDA DE GOIANIA;Reação tardia ou ineficiente do condutor;Colisão com objeto;Sem Vítimas;Amanhecer;Decrescente;Céu Claro;Dupla;Reta;Sim;1;0;0;0;1;0;0;1;-16,8244;-49,2421;SPRF-GO;DEL01-GO;UOP03-DEL01-GO
605923;08/06/2024;sábado;07:15:00;PR;277;729;FOZ DO IGUACU;Reação tardia ou ineficiente do condutor;Queda de ocupante de veículo;Com Vítimas Feridas;Amanhecer;Decrescente;Céu Claro;Dupla;Reta;Sim;2;0;0;1;1;0;1;1;-25,5066966;-54,58677292;SPRF-PR;DEL05-PR;UOP03-DEL05-PR
605924;08/06/2024;sábado;06:40:00;SP;116;104;TAUBATE;Reação tardia ou ineficiente do condutor;Colisão traseira;Com Vítimas Feridas;Pleno dia;Decrescente;Céu Claro;Dupla;Reta;Não;6;0;2;0;4;0;2;2;-23,00340176;-45,50626912;SPRF-SP;DEL02-SP;UOP02-DEL02-SP
605926;08/06/2024;sábado;03:35:00;RJ;101;485;ANGRA DOS REIS;Ausência de reação do condutor;Tombamento;Com Vítimas Feridas;Plena Noite;Decrescente;Céu Claro;Dupla;"Interseção de Vias;Reta";Sim;1;0;0;1;0;0;1;1;-22,98573526;-44,29709764;SPRF-RJ;DEL03-RJ;UOP03-DEL03-RJ
605927;08/06/2024;sábado;05:23:00;GO;20;105;FLORES DE GOIAS;Velocidade Incompatível;Atropelamento de Pedestre;Com Vítimas Fatais;Amanhecer;Crescente;Céu Claro;Simples;"Curva;Aclive";Não;5;1;0;0;4;0;0;2;-14,918053;-46,957489;SPRF-DF;DEL02-DF;UOP02-DEL02-DF
605928;08/06/2024;sábado;06:50:00;PR;116;111;CURITIBA;Reação tardia ou ineficiente do condutor;Saída de leito carroçável;Sem Vítimas;Amanhecer;Decrescente;Céu Claro;Múltipla;Reta;Sim;1;0;0;0;0;1;0;1;-25,557303;-49,269972;SPRF-PR;DEL01-PR;UOP07-DEL01-PR
605929;08/06/2024;sábado;07:15:00;PE;104;65;CARUARU;Condutor desrespeitou a iluminação vermelha do semáforo;Colisão transversal;Com Vítimas Feridas;Pleno dia;Crescente;Céu Claro;Dupla;"Viaduto;Curva;Declive;Interseção de Vias";Sim;2;0;0;1;0;1;1;2;-8,2867;-35,9838;SPRF-PE;DEL02-PE;UOP01-DEL02-PE
605930;08/06/2024;sábado;08:00:00;DF;60;8;BRASILIA;Ausência de reação do condutor;Colisão traseira;Com Vítimas Feridas;Pleno dia;Decrescente;Céu Claro;Dupla;Reta;Sim;3;0;1;0;2;0;1;2;-15,90324;-48,130695;SPRF-DF;DEL03-DF;UOP01-DEL03-DF
605932;08/06/2024;sábado;06:30:00;MA;135;24;SAO LUIS;Frear bruscamente;Saída de leito carroçável;Com Vítimas Feridas;Pleno dia;Decrescente;Céu Claro;Dupla;Declive;Sim;1;0;1;0;0;0;1;1;-2,75938096;-44,35428204;SPRF-MA;DEL01-MA;UOP01-DEL01-MA
605933;08/06/2024;sábado;01:00:00;RJ;493;21,5;MAGE;Animais na Pista;Atropelamento de Animal;Com Vítimas Feridas;Plena Noite;Crescente;Nevoeiro/Neblina;Simples;Reta;Sim;3;0;1;0;2;0;1;1;-22,66307;-43,042454;SPRF-RJ;DEL04-RJ;UOP02-DEL04-RJ
605935;08/06/2024;sábado;07:00:00;MG;262;446,1;NOVA SERRANA;Ultrapassagem Indevida;Colisão lateral mesmo sentido;Com Vítimas Feridas;Pleno dia;Decrescente;Sol;Dupla;"Interseção de Vias;Curva";Sim;2;0;1;0;1;0;1;2;-19,87514825;-44,95031205;SPRF-MG;DEL08-MG;UOP03-DEL08-MG
605937;17/04/2024;quarta-feira;12:00:00;SC;470;174;POUSO REDONDO;Acessar a via sem observar a presença dos outros veículos;Colisão frontal;Com Vítimas Feridas;Pleno dia;Decrescente;Céu Claro;Simples;Reta;Sim;2;0;2;0;0;0;2;2;-27,258179;-49,929146;SPRF-SC;DEL04-SC;UOP02-DEL04-SC
605938;08/06/2024;sábado;07:50:00;PE;101;51,8;IGARASSU;Reação tardia ou ineficiente do condutor;Colisão lateral mesmo sentido;Com Vítimas Feridas;Pleno dia;Decrescente;Nublado;Dupla;Reta;Não;3;0;1;0;2;0;1;2;-7,9169968;-34,89689272;SPRF-PE;DEL01-PE;UOP02-DEL01-PE
605939;08/06/2024;sábado;00:30:00;RJ;116;128;MAGE;Demais falhas mecânicas ou elétricas;Queda de ocupante de veículo;Com Vítimas Feridas;Plena Noite;Decrescente;Céu Claro;Dupla;Reta;Não;2;0;2;0;0;0;2;1;-22,6657139;-43,10092001;SPRF-RJ;DEL04-RJ;UOP02-DEL04-RJ
605940;08/06/2024;sábado;07:45:00;RJ;101;293;ITABORAI;Condutor deixou de manter distância do veículo da frente;Colisão traseira;Com Vítimas Feridas;Pleno dia;Decrescente;Céu Claro;Dupla;Reta;Sim;3;0;1;0;2;0;1;2;-22,756203;-42,88724;SPRF-RJ;DEL02-RJ;UOP02-DEL02-RJ
605941;08/06/2024;sábado;08:10:00;PR;369;182;ARAPONGAS;Acessar a via sem observar a presença dos outros veículos;Colisão transversal;Com Vítimas Feridas;Pleno dia;Crescente;Céu Claro;Simples;Reta;Sim;2;0;1;0;1;0;1;2;-23,384583;-51,419242;SPRF-PR;DEL07-PR;UOP03-DEL07-PR
605942;03/06/2024;segunda-feira;08:10:00;RS;116;236;NOVO HAMBURGO;Condutor deixou de manter distância do veículo da frente;Colisão traseira;Com Vítimas Feridas;Pleno dia;Decrescente;Chuva;Dupla;Reta;Sim;2;0;1;0;1;0;1;2;-29,66938502;-51,14304731;SPRF-RS;DEL01-RS;UOP02-DEL01-RS
605943;08/06/2024;sábado;06:20:00;PR;373;257,3;PRUDENTOPOLIS;Ausência de reação do condutor;Saída de leito carroçável;Sem Vítimas;Amanhecer;Decrescente;Céu Claro;Simples;Reta;Não;1;0;0;0;1;0;0;1;-25,19370198;-50,92217101;SPRF-PR;DEL08-PR;UOP01-DEL08-PR
605944;08/06/2024;sábado;08:35:00;MG;381;455,5;BELO HORIZONTE;Ausência de reação do condutor;Colisão traseira;Com Vítimas Feridas;Pleno dia;Crescente;Céu Claro;Simples;Curva;Não;2;0;1;0;1;0;1;2;-19,85777408;-43,90468298;SPRF-MG;DEL01-MG;UOP01-DEL01-MG
605945;29/04/2024;segunda-feira;20:08:00;PR;277;454,3;LARANJEIRAS DO SUL;Desrespeitar a preferência no cruzamento;Colisão transversal;Com Vítimas Feridas;Plena Noite;Crescente;Céu Claro;Simples;"Reta;Rotatória;Declive";Não;2;0;0;1;1;0;1;2;-25,36980336;-52,37913399;SPRF-PR;DEL04-PR;UOP02-DEL04-PR
605947;08/06/2024;sábado;08:47:00;MG;381;618,7;OLIVEIRA;Ausência de reação do condutor;Capotamento;Com Vítimas Feridas;Pleno dia;Crescente;Céu Claro;Dupla;"Reta;Declive";Não;1;0;1;0;0;0;1;1;-20,744408;-44,772628;SPRF-MG;DEL04-MG;UOP01-DEL04-MG
605948;08/06/2024;sábado;08:59:00;ES;101;147,4;LINHARES;Condutor deixou de manter distância do veículo da frente;Colisão traseira;Com Vítimas Feridas;Pleno dia;Crescente;Garoa/Chuvisco;Dupla;Reta;Sim;3;0;1;0;2;0;1;2;-19,37887202;-40,06657892;SPRF-ES;DEL04-ES;UOP01-DEL04-ES
605953;07/06/2024;sexta-feira;14:35:00;RJ;40;119;RIO DE JANEIRO;Condutor Dormindo;Colisão com objeto;Com Vítimas Feridas;Pleno dia;Crescente;Céu Claro;Múltipla;Reta;Sim;2;0;2;0;0;0;2;1;-22,76375592;-43,28683062;SPRF-RJ;DEL01-RJ;UOP02-DEL01-RJ
605954;08/06/2024;sábado;09:20:00;AL;104;87,1;RIO LARGO;Ultrapassagem Indevida;Colisão traseira;Com Vítimas Feridas;Pleno dia;Crescente;Chuva;Dupla;Reta;Sim;3;0;2;0;1;0;2;2;-9,47532901;-35,82160002;SPRF-AL;DEL01-AL;UOP01-DEL01-AL
605956;08/06/2024;sábado;10:15:00;SC;101;30;JOINVILLE;Ingestão de álcool pelo condutor;Saída de leito carroçável;Com Vítimas Feridas;Pleno dia;Crescente;Nublado;Simples;Reta;Não;1;0;1;0;0;0;1;1;-26,23023114;-48,91627192;SPRF-SC;DEL03-SC;UOP01-DEL03-SC
605957;08/06/2024;sábado;10:00:00;SC;280;46;GUARAMIRIM;Acessar a via sem observar a presença dos outros veículos;Colisão transversal;Com Vítimas Feridas;Pleno dia;Crescente;Céu Claro;Simples;Declive;Sim;4;0;1;0;3;0;1;3;-26,45118786;-48,87789901;SPRF-SC;DEL03-SC;UOP03-DEL03-SC
605958;08/06/2024;sábado;09:34:00;DF;251;54;BRASILIA;Manobra de mudança de faixa;Colisão traseira;Com Vítimas Feridas;Pleno dia;Crescente;Céu Claro;Simples;Reta;Não;3;0;2;0;1;0;2;3;-15,948113;-47,845235;SPRF-DF;DEL01-DF;UOP01-DEL01-DF
605959;08/06/2024;sábado;09:25:00;RJ;101;323;NITEROI;Condutor deixou de manter distância do veículo da frente;Colisão traseira;Com Vítimas Feridas;Pleno dia;Decrescente;Céu Claro;Dupla;Reta;Não;3;0;1;1;1;0;2;2;-22,87684786;-43,11728689;SPRF-RJ;DEL02-RJ;UOP01-DEL02-RJ
605961;08/06/2024;sábado;10:20:00;MG;40;621,8;CONSELHEIRO LAFAIETE;Manobra de mudança de faixa;Colisão lateral mesmo sentido;Com Vítimas Feridas;Pleno dia;Decrescente;Céu Claro;Simples;Curva;Não;3;0;2;0;0;1;2;2;-20,59741691;-43,80439997;SPRF-MG;DEL05-MG;UOP02-DEL05-MG
605964;08/06/2024;sábado;07:25:00;MG;267;49,6;MARIPA DE MINAS;Transitar na contramão;Colisão frontal;Com Vítimas Fatais;Pleno dia;Crescente;Nevoeiro/Neblina;Simples;Reta;Não;7;2;0;2;3;0;2;3;-21,69305957;-42,95783525;SPRF-MG;DEL07-MG;UOP01-DEL07-MG
605965;08/06/2024;sábado;08:30:00;MG;40;804,6;JUIZ DE FORA;Velocidade Incompatível;Tombamento;Com Vítimas Feridas;Pleno dia;Crescente;Céu Claro;Dupla;"Declive;Curva";Não;1;0;0;1;0;0;1;1;-21,86313979;-43,37348589;SPRF-MG;DEL05-MG;UOP01-DEL05-MG
605968;08/06/2024;sábado;08:50:00;MG;251;274;SALINAS;Ausência de reação do condutor;Colisão com objeto;Com Vítimas Feridas;Pleno dia;Decrescente;Céu Claro;Simples;"Aclive;Reta";Não;4;0;4;0;0;0;4;1;-16,0102061;-42,05592376;SPRF-MG;DEL12-MG;UOP02-DEL12-MG
605970;08/06/2024;sábado;08:00:00;MG;365;614;UBERLANDIA;Condutor Dormindo;Saída de leito carroçável;Sem Vítimas;Pleno dia;Crescente;Céu Claro;Simples;Reta;Sim;1;0;0;0;0;1;0;1;-18,884602;-48,26594;SPRF-MG;DEL15-MG;UOP01-DEL15-MG
605972;08/06/2024;sábado;09:50:00;RJ;40;78;PETROPOLIS;Ausência de reação do condutor;Saída de leito carroçável;Com Vítimas Feridas;Pleno dia;Crescente;Céu Claro;Dupla;"Curva;Declive";Não;4;0;4;0;0;0;4;1;-22,48485874;-43,22843406;SPRF-RJ;DEL01-RJ;UOP01-DEL01-RJ
605973;08/06/2024;sábado;10:50:00;RJ;40;74;PETROPOLIS;Reação tardia ou ineficiente do condutor;Queda de ocupante de veículo;Com Vítimas Fatais;Pleno dia;Crescente;Sol;Dupla;Curva;Não;1;1;0;0;0;0;0;1;-22,47224973;-43,22332717;SPRF-RJ;DEL01-RJ;UOP01-DEL01-RJ
605976;08/06/2024;sábado;07:30:00;AL;101;236;PORTO REAL DO COLEGIO;Velocidade Incompatível;Tombamento;Com Vítimas Feridas;Pleno dia;Decrescente;Chuva;Dupla;"Curva;Declive";Não;3;0;1;0;2;0;1;1;-10,11944212;-36,78390857;SPRF-AL;DEL02-AL;UOP02-DEL02-AL
605979;08/06/2024;sábado;12:10:00;SP;153;0,3;ICEM;Conversão proibida;Colisão transversal;Com Vítimas Feridas;Pleno dia;Crescente;Céu Claro;Simples;Reta;Não;2;0;1;0;1;0;1;2;-20,30661;-49,207664;SPRF-SP;DEL09-SP;UOP01-DEL09-SP
605981;08/06/2024;sábado;12:02:00;ES;262;91,6;DOMINGOS MARTINS;Velocidade Incompatível;Colisão traseira;Com Vítimas Feridas;Pleno dia;Decrescente;Céu Claro;Simples;Reta;Não;2;0;1;0;1;0;1;2;-20,37841035;-41,03346335;SPRF-ES;DEL01-ES;UOP02-DEL01-ES
605982;08/06/2024;sábado;12:00:00;PR;376;4;APUCARANA;Condutor desrespeitou a iluminação vermelha do semáforo;Colisão transversal;Com Vítimas Feridas;Pleno dia;Crescente;Céu Claro;Dupla;Reta;Não;2;0;1;0;1;0;1;2;-23,553983;-51,445675;SPRF-PR;DEL07-PR;UOP03-DEL07-PR
605984;08/06/2024;sábado;09:40:00;RO;421;82;NOVA MAMORE;Ausência de reação do condutor;Colisão traseira;Com Vítimas Feridas;Pleno dia;Decrescente;Céu Claro;Simples;Reta;Sim;3;0;1;0;1;1;1;3;-10,41629166;-65,332793;SPRF-RO;DEL03-RO;UOP01-DEL03-RO
605985;08/06/2024;sábado;12:30:00;PR;369;507;CASCAVEL;Ingestão de álcool pelo condutor;Colisão traseira;Com Vítimas Feridas;Pleno dia;Crescente;Céu Claro;Simples;Reta;Sim;2;0;0;1;1;0;1;2;-24,8386;-53,3091;SPRF-PR;DEL04-PR;UOP03-DEL04-PR
605986;08/06/2024;sábado;13:00:00;PE;104;63,7;CARUARU;Ausência de reação do condutor;Colisão lateral mesmo sentido;Com Vítimas Feridas;Pleno dia;Decrescente;Céu Claro;Dupla;"Reta;Interseção de Vias";Sim;3;0;1;0;2;0;1;2;-8,26472;-35,97698;SPRF-PE;DEL02-PE;UOP01-DEL02-PE
605987;08/06/2024;sábado;10:50:00;AL;101;44,8;FLEXEIRAS;Acumulo de água sobre o pavimento;Saída de leito carroçável;Com Vítimas Feridas;Pleno dia;Decrescente;Chuva;Dupla;Curva;Não;1;0;1;0;0;0;1;1;-9,19437805;-35,78723641;SPRF-AL;DEL01-AL;UOP02-DEL01-AL
605988;08/06/2024;sábado;13:07:00;RN;101;105;PARNAMIRIM;Trafegar com motocicleta (ou similar) entre as faixas;Queda de ocupante de veículo;Com Vítimas Feridas;Pleno dia;Crescente;Céu Claro;Múltipla;Reta;Sim;2;0;1;0;1;0;1;2;-5,90165196;-35,25928517;SPRF-RN;DEL01-RN;UOP01-DEL01-RN
605991;08/06/2024;sábado;13:00:00;MG;381;820,9;CAREACU;Acessar a via sem observar a presença dos outros veículos;Colisão transversal;Com Vítimas Fatais;Pleno dia;Decrescente;Sol;Dupla;"Retorno Regulamentado;Reta";Não;4;1;1;0;1;1;1;3;-22,07554883;-45,70187509;SPRF-MG;DEL16-MG;UOP02-DEL16-MG
605992;08/06/2024;sábado;12:00:00;RJ;40;104;DUQUE DE CAXIAS;Manobra de mudança de faixa;Colisão lateral mesmo sentido;Com Vítimas Feridas;Pleno dia;Decrescente;Céu Claro;Dupla;Reta;Não;4;0;1;0;3;0;1;2;-22,62897902;-43,28579508;SPRF-RJ;DEL01-RJ;UOP02-DEL01-RJ
605993;08/06/2024;sábado;12:50:00;PR;116;122,5;CURITIBA;Reação tardia ou ineficiente do condutor;Colisão lateral mesmo sentido;Com Vítimas Feridas;Pleno dia;Decrescente;Céu Claro;Dupla;Reta;Sim;2;0;2;0;0;0;2;2;-25,60683664;-49,31874275;SPRF-PR;DEL01-PR;UOP03-DEL01-PR
605994;08/06/2024;sábado;12:14:00;PR;376;594;CURITIBA;Reação tardia ou ineficiente do condutor;Colisão traseira;Com Vítimas Feridas;Pleno dia;Crescente;Sol;Dupla;Reta;Sim;4;0;2;0;2;0;2;2;-25,48479613;-49,34730331;SPRF-PR;DEL01-PR;UOP06-DEL01-PR
605996;08/06/2024;sábado;00:30:00;BA;101;668;EUNAPOLIS;Velocidade Incompatível;Capotamento;Sem Vítimas;Plena Noite;Decrescente;Céu Claro;Simples;Curva;Não;1;0;0;0;0;1;0;1;-16,17200699;-39,59491105;SPRF-BA;DEL09-BA;UOP01-DEL09-BA
605997;08/06/2024;sábado;13:15:00;RS;290;270;CACHOEIRA DO SUL;Ingestão de substâncias psicoativas pelo condutor;Colisão transversal;Com Vítimas Feridas;Pleno dia;Crescente;Céu Claro;Simples;"Reta;Declive";Não;3;0;1;0;2;0;1;2;-30,27273;-52,926533;SPRF-RS;DEL02-RS;UOP03-DEL02-RS
605999;08/06/2024;sábado;13:20:00;PE;101;79;RECIFE;Demais falhas mecânicas ou elétricas;Incêndio;Sem Vítimas;Pleno dia;Crescente;Céu Claro;Dupla;Reta;Sim;1;0;0;0;1;0;0;1;-8,14366112;-34,94723453;SPRF-PE;DEL01-PE;UOP01-DEL01-PE
606000;08/06/2024;sábado;13:35:00;PE;408;100;SAO LOURENCO DA MATA;Reação tardia ou ineficiente do condutor;Tombamento;Com Vítimas Fatais;Pleno dia;Decrescente;Nublado;Simples;Rotatória;Não;1;1;0;0;0;0;0;1;-8,04364056;-35,01674995;SPRF-PE;DEL01-PE;UOP01-DEL01-PE
606001;08/06/2024;sábado;13:30:00;SC;101;333,7;TUBARAO;Desrespeitar a preferência no cruzamento;Colisão transversal;Com Vítimas Feridas;Pleno dia;Decrescente;Céu Claro;Múltipla;Interseção de Vias;Sim;5;0;1;1;3;0;2;2;-28,46971932;-49,01511669;SPRF-SC;DEL02-SC;UOP01-DEL02-SC
606002;08/06/2024;sábado;14:00:00;RS;116;235;ESTANCIA VELHA;Ausência de reação do condutor;Capotamento;Com Vítimas Feridas;Pleno dia;Crescente;Céu Claro;Dupla;Reta;Sim;1;0;1;0;0;0;1;1;-29,66037586;-51,14386509;SPRF-RS;DEL01-RS;UOP02-DEL01-RS
606004;08/06/2024;sábado;14:00:00;ES;101;262,5;SERRA;Avarias e/ou desgaste excessivo no pneu;Tombamento;Com Vítimas Feridas;Pleno dia;Crescente;Nublado;Dupla;Reta;Sim;2;0;2;0;0;0;2;1;-20,1572331;-40,27678329;SPRF-ES;DEL02-ES;UOP01-DEL02-ES
606005;08/06/2024;sábado;14:15:00;ES;101;164,3;LINHARES;Acessar a via sem observar a presença dos outros veículos;Colisão transversal;Com Vítimas Feridas;Pleno dia;Decrescente;Nublado;Simples;Interseção de Vias;Não;2;0;1;0;1;0;1;2;-19,50607582;-40,13470026;SPRF-ES;DEL04-ES;UOP01-DEL04-ES
606006;08/06/2024;sábado;13:35:00;PR;469;14,4;FOZ DO IGUACU;Acessar a via sem observar a presença dos outros veículos;Colisão lateral mesmo sentido;Com Vítimas Feridas;Pleno dia;Decrescente;Sol;Simples;"Reta;Em Obras";Sim;3;0;2;0;1;0;2;2;-25,5781;-54,5411;SPRF-PR;DEL05-PR;UOP04-DEL05-PR