id;data_inversa;dia_semana;horario;uf;br;km;municipio;causa_acidente;tipo_acidente;classificacao_acidente;fase_dia;sentido_via;condicao_metereologica;tipo_pista;tracado_via;uso_solo;pessoas;mortos;feridos_leves;feridos_graves;ilesos;ignorados;feridos;veiculos;latitude;longitude;regional;delegacia;uop
606224;09/06/2024;domingo;00:10:00;SC;101;124;ITAJAI;Reação tardia ou ineficiente do condutor;Colisão com objeto;Sem Vítimas;Plena Noite;Crescente;Céu Claro;Dupla;Reta;Não;1;0;0;0;1;0;0;1;-26,94335064;-48,69198648;SPRF-SC;DEL04-SC;UOP04-DEL04-SC
606225;09/06/2024;domingo;07:50:00;SC;282;521,6;XAXIM;Desrespeitar a preferência no cruzamento;Colisão transversal;Com Vítimas Feridas;Pleno dia;Decrescente;Céu Claro;Simples;Rotatória;Sim;2;0;1;0;1;0;1;2;-26,95301866;-52,53822858;SPRF-SC;DEL07-SC;UOP01-DEL07-SC
606226;09/06/2024;domingo;07:02:00;PE;101;51,3;ABREU E LIMA;Conversão proibida;Colisão transversal;Com Vítimas Feridas;Pleno dia;Decrescente;Chuva;Múltipla;Reta;Sim;3;0;0;3;0;0;3;2;-7,9169968;-34,89689272;SPRF-PE;DEL01-PE;UOP02-DEL01-PE
606227;09/06/2024;domingo;08:30:00;PR;376;180,6;MARINGA;Ausência de reação do condutor;Tombamento;Com Vítimas Feridas;Pleno dia;Crescente;Céu Claro;Dupla;Aclive;Sim;1;0;0;1;0;0;1;1;-23,42725352;-51,89512271;SPRF-PR;DEL09-PR;UOP01-DEL09-PR
606228;09/06/2024;domingo;08:00:00;MG;50;55;UBERLANDIA;Condutor Dormindo;Colisão com objeto;Com Vítimas Feridas;Pleno dia;Crescente;Céu Claro;Dupla;Reta;Não;5;0;2;0;3;0;2;1;-18,77290538;-48,24124319;SPRF-MG;DEL15-MG;UOP02-DEL15-MG
606229;09/06/2024;domingo;08:30:00;RJ;101;467;ANGRA DOS REIS;Ingestão de álcool pelo condutor;Saída de leito carroçável;Sem Vítimas;Pleno dia;Decrescente;Céu Claro;Simples;"Curva;Aclive";Não;1;0;0;0;1;0;0;1;-23,00696998;-44,2149953;SPRF-RJ;DEL03-RJ;UOP03-DEL03-RJ
606230;27/04/2024;sábado;23:40:00;SC;280;154,9;MAFRA;Pista Escorregadia;Saída de leito carroçável;Com Vítimas Feridas;Plena Noite;Crescente;Chuva;Simples;Aclive;Não;2;0;1;0;1;0;1;1;-26,21294027;-49,72345591;SPRF-SC;DEL06-SC;UOP03-DEL06-SC
606231;09/06/2024;domingo;08:00:00;RS;472;123,1;SAO JOSE DO INHACORA;Ingestão de álcool pelo condutor;Saída de leito carroçável;Com Vítimas Feridas;Pleno dia;Crescente;Céu Claro;Simples;Curva;Não;1;0;1;0;0;0;1;1;-27,69262191;-54,16408508;SPRF-RS;DEL10-RS;UOP01-DEL10-RS
606232;09/06/2024;domingo;08:20:00;SC;101;119,2;ITAJAI;Avarias e/ou desgaste excessivo no pneu;Tombamento;Com Vítimas Feridas;Pleno dia;Crescente;Céu Claro;Múltipla;Reta;Sim;2;0;2;0;0;0;2;1;-26,9043179;-48,71555481;SPRF-SC;DEL04-SC;UOP04-DEL04-SC
606234;09/06/2024;domingo;07:50:00;MG;262;618;IBIA;Transitar na contramão;Colisão frontal;Com Vítimas Feridas;Pleno dia;Crescente;Céu Claro;Simples;"Reta;Declive";Não;4;0;1;1;2;0;2;2;-19,58590411;-46,35107098;SPRF-MG;DEL08-MG;UOP02-DEL08-MG
606235;09/06/2024;domingo;08:58:00;PB;230;10;CABEDELO;Ausência de reação do condutor;Saída de leito carroçável;Sem Vítimas;Pleno dia;Decrescente;Céu Claro;Dupla;Reta;Sim;1;0;0;0;0;1;0;1;-7,051488;-34,850397;SPRF-PB;DEL01-PB;UOP01-DEL01-PB
606236;09/06/2024;domingo;08:45:00;PE;101;60,4;RECIFE;Condutor deixou de manter distância do veículo da frente;Colisão traseira;Com Vítimas Feridas;Pleno dia;Decrescente;Céu Claro;Dupla;"Aclive;Reta";Sim;3;0;2;0;1;0;2;2;-7,98344307;-34,93176727;SPRF-PE;DEL01-PE;UOP02-DEL01-PE
606238;09/06/2024;domingo;08:00:00;BA;324;559;SAO SEBASTIAO DO PASSE;Ausência de reação do condutor;Colisão traseira;Com Vítimas Feridas;Pleno dia;Crescente;Nublado;Dupla;Reta;Não;2;0;1;0;1;0;1;2;-12,48716788;-38,66087791;SPRF-BA;DEL01-BA;UOP03-DEL01-BA
606239;09/06/2024;domingo;07:30:00;SE;101;55;ROSARIO DO CATETE;Ausência de reação do condutor;Saída de leito carroçável;Com Vítimas Feridas;Pleno dia;Decrescente;Céu Claro;Simples;"Curva;Em Obras";Não;1;0;1;0;0;0;1;1;-10,633431;-37,003742;SPRF-SE;DEL02-SE;UOP02-DEL02-SE
606241;09/06/2024;domingo;05:30:00;CE;20;332,5;CARIDADE;Condutor Dormindo;Saída de leito carroçável;Com Vítimas Feridas;Amanhecer;Decrescente;Céu Claro;Simples;Declive;Não;2;0;2;0;0;0;2;1;-4,1919981;-39,17945881;SPRF-CE;DEL02-CE;UOP01-DEL02-CE
606242;09/06/2024;domingo;10:03:00;PR;376;670,3;GUARATUBA;Ausência de reação do condutor;Colisão traseira;Com Vítimas Feridas;Pleno dia;Crescente;Céu Claro;Dupla;"Declive;Reta";Não;2;0;1;0;1;0;1;2;-25,888829;-48,934128;SPRF-PR;DEL01-PR;UOP04-DEL01-PR
606243;09/06/2024;domingo;09:30:00;ES;101;17,3;PEDRO CANARIO;Reação tardia ou ineficiente do condutor;Tombamento;Com Vítimas Feridas;Pleno dia;Crescente;Céu Claro;Múltipla;Curva;Não;2;0;0;2;0;0;2;1;-18,30705804;-39,95727392;SPRF-ES;DEL04-ES;UOP02-DEL04-ES
606244;09/06/2024;domingo;07:30:00;RO;319;60;PORTO VELHO;Manobra de mudança de faixa;Colisão traseira;Com Vítimas Feridas;Pleno dia;Decrescente;Céu Claro;Dupla;Reta;Sim;3;0;3;0;0;0;3;2;-8,74416738;-63,88896099;SPRF-RO;DEL01-RO;UOP01-DEL01-RO
606245;09/06/2024;domingo;08:10:00;MS;262;734,1;CORUMBA;Ingestão de álcool pelo condutor;Tombamento;Com Vítimas Feridas;Pleno dia;Decrescente;Céu Claro;Simples;Reta;Não;1;0;0;1;0;0;1;1;-19,34507699;-57,57204492;SPRF-MS;DEL03-MS;UOP03-DEL03-MS
606246;09/06/2024;domingo;10:45:00;RJ;40;78;PETROPOLIS;Reação tardia ou ineficiente do condutor;Saída de leito carroçável;Com Vítimas Feridas;Pleno dia;Crescente;Céu Claro;Simples;"Curva;Declive";Não;2;0;2;0;0;0;2;1;-22,48485874;-43,22843406;SPRF-RJ;DEL01-RJ;UOP01-DEL01-RJ
606247;09/06/2024;domingo;09:10:00;PE;232;87,7;GRAVATA;Avarias e/ou desgaste excessivo no pneu;Saída de leito carroçável;Com Vítimas Feridas;Pleno dia;Decrescente;Céu Claro;Dupla;"Reta;Declive";Não;3;0;2;0;1;0;2;1;-8,214947;-35,635006;SPRF-PE;DEL02-PE;UOP02-DEL02PE
606248;09/06/2024;domingo;09:00:00;MG;262;57;MANHUACU;Conversão proibida;Colisão lateral sentido oposto;Com Vítimas Feridas;Pleno dia;Decrescente;Céu Claro;Simples;Interseção de Vias;Sim;3;0;1;0;2;0;1;3;-20,27193388;-42,18928305;SPRF-MG;DEL06-MG;UOP03-DEL06-MG
606249;04/06/2024;terça-feira;07:45:00;PR;369;362;MAMBORE;Condutor deixou de manter distância do veículo da frente;Colisão traseira;Com Vítimas Feridas;Pleno dia;Decrescente;Céu Claro;Simples;Reta;Não;2;0;1;0;1;0;1;2;-24,20387567;-52,50293255;SPRF-PR;DEL09-PR;UOP03-DEL09-PR
606250;09/06/2024;domingo;10:50:00;CE;222;2,4;FORTALEZA;Condutor desrespeitou a iluminação vermelha do semáforo;Colisão transversal;Com Vítimas Feridas;Pleno dia;Decrescente;Céu Claro;Dupla;Interseção de Vias;Sim;2;0;1;0;1;0;1;2;-3,73911117;-38,58687498;SPRF-CE;DEL01-CE;UOP01-DEL01-CE
606251;09/06/2024;domingo;10:55:00;PR;277;663,4;MEDIANEIRA;Manobra de mudança de faixa;Colisão lateral mesmo sentido;Com Vítimas Feridas;Pleno dia;Crescente;Céu Claro;Dupla;Reta;Não;6;0;0;1;5;0;1;3;-25,25155419;-54,01878197;SPRF-PR;DEL05-PR;UOP02-DEL05-PR
606252;09/06/2024;domingo;11:10:00;PB;361;37,9;CATINGUEIRA;Ausência de reação do condutor;Saída de leito carroçável;Com Vítimas Fatais;Pleno dia;Decrescente;Céu Claro;Simples;Reta;Não;1;1;0;0;0;0;0;1;-7,09153248;-37,571741;SPRF-PB;DEL03-PB;UOP01-DEL03-PB
606253;09/06/2024;domingo;11:25:00;PR;116;150;MANDIRITUBA;Acessar a via sem observar a presença dos outros veículos;Colisão lateral mesmo sentido;Sem Vítimas;Pleno dia;Crescente;Céu Claro;Simples;Reta;Não;4;0;0;0;4;0;0;2;-25,81557015;-49,33088979;SPRF-PR;DEL01-PR;UOP03-DEL01-PR
606255;09/06/2024;domingo;09:15:00;SC;101;333,4;TUBARAO;Ausência de reação do condutor;Colisão lateral mesmo sentido;Com Vítimas Feridas;Pleno dia;Crescente;Céu Claro;Simples;Reta;Sim;2;0;0;1;1;0;1;2;-28,46730446;-49,00604302;SPRF-SC;DEL02-SC;UOP01-DEL02-SC
606258;09/06/2024;domingo;10:30:00;SC;282;35,2;AGUAS MORNAS;Velocidade Incompatível;Saída de leito carroçável;Com Vítimas Feridas;Pleno dia;Crescente;Céu Claro;Simples;Curva;Não;1;0;0;1;0;0;1;1;-27,702084;-48,826664;SPRF-SC;DEL01-SC;UOP03-DEL01-SC
606259;09/06/2024;domingo;07:15:00;SC;101;356,8;SANGAO;Reação tardia ou ineficiente do condutor;Saída de leito carroçável;Com Vítimas Feridas;Amanhecer;Crescente;Nevoeiro/Neblina;Simples;Curva;Sim;2;0;2;0;0;0;2;1;-28,64181302;-49,10045385;SPRF-SC;DEL02-SC;UOP01-DEL02-SC
606261;02/06/2024;domingo;03:40:00;MS;376;111;IVINHEMA;Manobra de mudança de faixa;Colisão lateral mesmo sentido;Sem Vítimas;Amanhecer;Crescente;Céu Claro;Simples;Reta;Não;2;0;0;0;2;0;0;2;-22,2934088;-53,907557;SPRF-MS;DEL04-MS;UOP04-DEL04-MS
606263;09/06/2024;domingo;13:30:00;RS;116;243;SAO LEOPOLDO;Demais falhas na via;Queda de ocupante de veículo;Com Vítimas Feridas;Pleno dia;Decrescente;Céu Claro;Dupla;Reta;Não;2;0;2;0;0;0;2;1;-29,73196199;-51,14952004;SPRF-RS;DEL01-RS;UOP02-DEL01-RS
606264;01/03/2024;sexta-feira;18:47:00;AC;364;121;RIO BRANCO;Reação tardia ou ineficiente do condutor;Atropelamento de Pedestre;Com Vítimas Feridas;Plena Noite;Crescente;Céu Claro;Dupla;Reta;Sim;2;0;1;1;0;0;2;2;-10,01209268;-67,764365;SPRF-AC;DEL01-AC;UOP01-DEL01-AC
606265;09/06/2024;domingo;06:00:00;RR;174;245;CARACARAI;Reação tardia ou ineficiente do condutor;Tombamento;Com Vítimas Feridas;Amanhecer;Decrescente;Céu Claro;Simples;"Rotatória;Curva";Sim;45;0;34;11;0;0;45;1;1,218244;-60,388416;SPRF-RR;DEL01-RR;UOP01-DEL01-RR
606267;09/06/2024;domingo;10:00:00;MG;116;485,7;INHAPIM;Acesso irregular;Colisão transversal;Com Vítimas Feridas;Pleno dia;Crescente;Céu Claro;Simples;Interseção de Vias;Não;4;0;1;1;1;1;2;3;-19,4367023;-42,1257636;SPRF-MG;DEL06-MG;UOP02-DEL06-MG
606268;09/06/2024;domingo;14:00:00;SC;101;187,1;BIGUACU;Reação tardia ou ineficiente do condutor;Colisão traseira;Com Vítimas Feridas;Pleno dia;Crescente;Céu Claro;Dupla;Reta;Sim;3;0;1;1;1;0;2;2;-27,4341098;-48,62567129;SPRF-SC;DEL01-SC;UOP01-DEL01-SC
606269;09/06/2024;domingo;14:00:00;RS;158;331,1;SANTA MARIA;Reação tardia ou ineficiente do condutor;Queda de ocupante de veículo;Com Vítimas Feridas;Pleno dia;Crescente;Céu Claro;Dupla;Reta;Sim;2;0;1;0;1;0;1;1;-29,70531286;-53,84739518;SPRF-RS;DEL09-RS;UOP01-DEL09-RS
606270;09/06/2024;domingo;12:44:00;RO;364;712;PORTO VELHO;Mal súbito do condutor;Colisão com objeto;Com Vítimas Feridas;Pleno dia;Crescente;Céu Claro;Dupla;Reta;Sim;1;0;1;0;0;0;1;1;-8,7770354;-63,87316466;SPRF-RO;DEL01-RO;UOP01-DEL01-RO
606273;09/06/2024;domingo;13:00:00;MT;163;680;LUCAS DO RIO VERDE;Retorno proibido;Colisão lateral mesmo sentido;Com Vítimas Feridas;Pleno dia;Crescente;Céu Claro;Simples;Reta;Não;3;0;1;0;2;0;1;2;-13,14194343;-55,96731663;SPRF-MT;DEL06-MT;UOP01-DEL06-MT
606274;09/06/2024;domingo;13:45:00;PR;369;130,7;IBIPORA;Transitar na contramão;Colisão frontal;Com Vítimas Feridas;Pleno dia;Crescente;Sol;Dupla;"Reta;Ponte";Não;5;0;0;4;1;0;4;2;-23,25906627;-50,98716259;SPRF-PR;DEL07-PR;UOP01-DEL07-PR
606275;09/06/2024;domingo;12:30:00;RR;174;473;BOA VISTA;Ingestão de álcool pelo condutor;Saída de leito carroçável;Com Vítimas Feridas;Pleno dia;Crescente;Céu Claro;Simples;Reta;Não;1;0;1;0;0;0;1;1;2,6383179;-60,87620974;SPRF-RR;DEL01-RR;UOP01-DEL01-RR
606276;09/06/2024;domingo;14:40:00;MG;381;484,6;BETIM;Avarias e/ou desgaste excessivo no pneu;Tombamento;Com Vítimas Feridas;Pleno dia;Crescente;Céu Claro;Dupla;"Reta;Aclive";Sim;3;0;1;1;0;1;2;2;-19,95531717;-44,11722196;SPRF-MG;DEL01-MG;UOP03-DEL01-MG
606277;09/06/2024;domingo;14:00:00;SC;101;224,9;PALHOCA;Ausência de reação do condutor;Saída de leito carroçável;Com Vítimas Feridas;Pleno dia;Decrescente;Céu Claro;Dupla;"Reta;Aclive";Não;1;0;1;0;0;0;1;1;-27,72384789;-48,64386769;SPRF-SC;DEL01-SC;UOP02-DEL01-SC
606279;09/06/2024;domingo;14:30:00;SC;101;5;ARARANGUA;Avarias e/ou desgaste excessivo no pneu;Tombamento;Com Vítimas Feridas;Pleno dia;Crescente;Céu Claro;Simples;Reta;Não;1;0;1;0;0;0;1;1;-28,92647054;-49,49252129;SPRF-SC;DEL02-SC;UOP02-DEL02-SC
606282;09/06/2024;domingo;15:15:00;RS;116;243;SAO LEOPOLDO;Acostamento em desnível;Tombamento;Com Vítimas Feridas;Pleno dia;Decrescente;Céu Claro;Dupla;"Em Obras;Reta";Sim;2;0;1;1;0;0;2;1;-29,73470342;-51,14973832;SPRF-RS;DEL01-RS;UOP02-DEL01-RS
606283;09/06/2024;domingo;08:30:00;BA;324;543;AMELIA RODRIGUES;Ausência de reação do condutor;Colisão transversal;Com Vítimas Feridas;Pleno dia;Decrescente;Nublado;Dupla;Curva;Sim;2;0;1;0;0;1;1;2;-12,39713005;-38,76807002;SPRF-BA;DEL01-BA;UOP03-DEL01-BA
606284;09/06/2024;domingo;15:35:00;SC;470;45;GASPAR;Acessar a via sem observar a presença dos outros veículos;Colisão transversal;Com Vítimas Feridas;Pleno dia;Crescente;Nublado;Simples;"Em Obras;Reta";Sim;2;0;1;0;1;0;1;2;-26,867064;-49,031109;SPRF-SC;DEL04-SC;UOP01-DEL04-SC
606285;09/06/2024;domingo;15:45:00;SP;101;39;UBATUBA;Condutor deixou de manter distância do veículo da frente;Colisão traseira;Com Vítimas Feridas;Pleno dia;Crescente;Céu Claro;Simples;"Reta;Em Obras";Não;3;0;2;0;1;0;2;2;-23,41370139;-45,02666492;SPRF-SP;DEL06-SP;UOP01-DEL06-SP
606286;09/06/2024;domingo;15:45:00;GO;60;206,1;GUAPO;Velocidade Incompatível;Colisão com objeto;Com Vítimas Feridas;Pleno dia;Decrescente;Céu Claro;Dupla;"Retorno Regulamentado;Reta";Não;4;0;2;0;2;0;2;1;-16,9094;-49,6537;SPRF-GO;DEL01-GO;UOP02-DEL01-GO
606287;09/06/2024;domingo;15:50:00;RS;116;273;PORTO ALEGRE;Condutor deixou de manter distância do veículo da frente;Colisão traseira;Com Vítimas Feridas;Pleno dia;Crescente;Céu Claro;Simples;Reta;Sim;2;0;1;0;1;0;1;2;-29,99230915;-51,18599307;SPRF-RS;DEL01-RS;UOP01-DEL01-RS
606289;09/06/2024;domingo;14:00:00;MS;463;19;DOURADOS;Reação tardia ou ineficiente do condutor;Saída de leito carroçável;Com Vítimas Fatais;Pleno dia;Decrescente;Céu Claro;Simples;Reta;Não;4;1;3;0;0;0;3;1;-22,25336769;-54,97736422;SPRF-MS;DEL04-MS;UOP03-DEL04-MS
606291;09/06/2024;domingo;16:00:00;SC;282;49,2;AGUAS MORNAS;Ultrapassagem Indevida;Saída de leito carroçável;Com Vítimas Feridas;Pleno dia;Decrescente;Céu Claro;Simples;"Curva;Declive";Não;3;0;2;0;0;1;2;2;-27,712931;-48,943741;SPRF-SC;DEL01-SC;UOP03-DEL01-SC
606292;09/06/2024;domingo;14:11:00;PI;316;100;BARRO DURO;Ausência de reação do condutor;Saída de leito carroçável;Com Vítimas Fatais;Pleno dia;Crescente;Céu Claro;Simples;Reta;Não;1;1;0;0;0;0;0;1;-5,83728946;-42,48844504;SPRF-PI;DEL04-PI;UOP02-DEL04-PI
606293;09/06/2024;domingo;15:30:00;SC;470;4;NAVEGANTES;Condutor deixou de manter distância do veículo da frente;Colisão traseira;Com Vítimas Feridas;Pleno dia;Decrescente;Céu Claro;Dupla;"Em Obras;Rotatória";Sim;2;0;1;0;1;0;1;2;-26,858473;-48,690788;SPRF-SC;DEL04-SC;UOP04-DEL04-SC
606297;09/06/2024;domingo;16:50:00;RN;406;63;JANDAIRA;Reação tardia ou ineficiente do condutor;Colisão traseira;Com Vítimas Feridas;Pleno dia;Crescente;Céu Claro;Simples;Reta;Sim;3;0;2;0;1;0;2;2;-5,35897318;-36,12102861;SPRF-RN;DEL02-RN;UOP01-DEL02-RN
606298;09/06/2024;domingo;15:30:00;SC;101;95;BARRA VELHA;Desrespeitar a preferência no cruzamento;Colisão transversal;Com Vítimas Feridas;Pleno dia;Decrescente;Céu Claro;Simples;Interseção de Vias;Sim;4;0;2;0;2;0;2;2;-26,70876413;-48,70221065;SPRF-SC;DEL03-SC;UOP02-DEL03-SC
606300;09/06/2024;domingo;11:48:00;RO;425;81;NOVA MAMORE;Manobra de mudança de faixa;Colisão transversal;Com Vítimas Feridas;Pleno dia;Decrescente;Céu Claro;Simples;Reta;Sim;2;0;1;0;0;1;1;2;-10,246915;-65,287827;SPRF-RO;DEL01-RO;UOP03-DEL01-RO
606302;09/06/2024;domingo;16:30:00;SC;280;127;RIO NEGRINHO;Acessar a via sem observar a presença dos outros veículos;Colisão traseira;Com Vítimas Feridas;Pleno dia;Decrescente;Céu Claro;Simples;Interseção de Vias;Sim;2;0;1;0;1;0;1;2;-26,23943953;-49,50420708;SPRF-SC;DEL06-SC;UOP03-DEL06-SC
606303;09/06/2024;domingo;16:45:00;SP;116;116;TAUBATE;Reação tardia ou ineficiente do condutor;Colisão traseira;Com Vítimas Feridas;Pleno dia;Decrescente;Céu Claro;Dupla;Reta;Sim;2;0;1;0;1;0;1;2;-23,05376319;-45,6088049;SPRF-SP;DEL02-SP;UOP02-DEL02-SP
606304;09/06/2024;domingo;15:00:00;SC;0;0;FLORIANOPOLIS;Transitar na contramão;Colisão frontal;Sem Vítimas;Pleno dia;Não Informado;Céu Claro;Simples;Curva;Sim;4;0;0;0;4;0;0;2;-27,46864016;-48,44423532;UniPRF;N/A;N/A
606306;09/06/2024;domingo;17:50:00;SP;116;278;EMBU DAS ARTES;Reação tardia ou ineficiente do condutor;Queda de ocupante de veículo;Com Vítimas Feridas;Plena Noite;Decrescente;Céu Claro;Dupla;"Curva;Aclive";Não;1;0;1;0;0;0;1;1;-23,65508497;-46,84918605;SPRF-SP;DEL04-SP;UOP01-DEL04-SP
606308;09/06/2024;domingo;15:50:00;PR;277;8,5;PARANAGUA;Reação tardia ou ineficiente do condutor;Saída de leito carroçável;Com Vítimas Feridas;Pleno dia;Crescente;Céu Claro;Dupla;Reta;Não;3;0;2;0;1;0;2;1;-25,56507966;-48,60117674;SPRF-PR;DEL01-PR;UOP05-DEL01-PR
606309;09/06/2024;domingo;12:05:00;MA;316;414;ALTO ALEGRE DO MARANHAO;Avarias e/ou desgaste excessivo no pneu;Saída de leito carroçável;Com Vítimas Feridas;Pleno dia;Decrescente;Céu Claro;Simples;Reta;Não;5;0;1;0;4;0;1;1;-4,314879;-44,408283;SPRF-MA;DEL03-MA;UOP01-DEL03-MA
606310;09/06/2024;domingo;17:55:00;PB;101;90;JOAO PESSOA;Acessar a via sem observar a presença dos outros veículos;Colisão transversal;Com Vítimas Feridas;Plena Noite;Crescente;Céu Claro;Dupla;Retorno Regulamentado;Sim;2;0;1;0;1;0;1;2;-7,18116059;-34,90083933;SPRF-PB;DEL01-PB;UOP02-DEL01-PB
606311;09/06/2024;domingo;18:10:00;GO;40;9,5;LUZIANIA;Trafegar com motocicleta (ou similar) entre as faixas;Colisão lateral mesmo sentido;Com Vítimas Feridas;Plena Noite;Decrescente;Céu Claro;Dupla;Reta;Sim;2;0;1;0;1;0;1;2;-16,131158;-47,957739;SPRF-DF;DEL01-DF;UOP01-DEL01-DF
606312;09/06/2024;domingo;18:05:00;RN;101;78;NATAL;Transitar no Acostamento;Colisão lateral mesmo sentido;Com Vítimas Feridas;Plena Noite;Decrescente;Céu Claro;Dupla;Reta;Sim;2;0;0;1;1;0;1;2;-5,74071896;-35,29021064;SPRF-RN;DEL02-RN;UOP01-DEL02-RN
606314;09/06/2024;domingo;17:08:00;SC;470;68,1;INDAIAL;Ingestão de álcool pelo condutor;Colisão com objeto;Com Vítimas Feridas;Pleno dia;Crescente;Céu Claro;Dupla;Reta;Não;1;0;0;1;0;0;1;1;-26,872158;-49,23127;SPRF-SC;DEL04-SC;UOP01-DEL04-SC
606315;09/06/2024;domingo;18:10:00;MG;381;501,8;BETIM;Condutor deixou de manter distância do veículo da frente;Colisão lateral mesmo sentido;Com Vítimas Feridas;Plena Noite;Decrescente;Céu Claro;Dupla;Reta;Sim;3;0;1;0;2;0;1;2;-20,03146447;-44,2377893;SPRF-MG;DEL01-MG;UOP03-DEL01-MG
606316;09/06/2024;domingo;16:00:00;MG;365;353,8;VARJAO DE MINAS;Reação tardia ou ineficiente do condutor;Saída de leito carroçável;Com Vítimas Feridas;Pleno dia;Decrescente;Céu Claro;Simples;Reta;Não;1;0;1;0;0;0;1;1;-18,35390001;-46,0187565;SPRF-MG;DEL10-MG;UOP01-DEL10-MG
606317;09/06/2024;domingo;18:00:00;RN;101;147;GOIANINHA;Pedestre cruzava a pista fora da faixa;Atropelamento de Pedestre;Com Vítimas Fatais;Plena Noite;Decrescente;Céu Claro;Dupla;Reta;Sim;2;1;0;0;1;0;0;2;-6,27145987;-35,20823975;SPRF-RN;DEL01-RN;UOP01-DEL01-RN
606319;09/06/2024;domingo;17:30:00;SC;101;65;ARAQUARI;Ausência de reação do condutor;Engavetamento;Com Vítimas Feridas;Anoitecer;Decrescente;Céu Claro;Dupla;Reta;Não;6;0;3;0;3;0;3;3;-26,47135714;-48,74457217;SPRF-SC;DEL03-SC;UOP02-DEL03-SC
606321;09/06/2024;domingo;18:30:00;MG;267;36;ARGIRITA;Reação tardia ou ineficiente do condutor;Colisão frontal;Com Vítimas Feridas;Plena Noite;Crescente;Céu Claro;Simples;Curva;Não;4;0;1;0;2;1;1;3;-21,66214397;-42,87711003;SPRF-MG;DEL07-MG;UOP01-DEL07-MG
606324;09/06/2024;domingo;18:10:00;BA;242;226;ITABERABA;Reação tardia ou ineficiente do condutor;Colisão com objeto;Com Vítimas Feridas;Plena Noite;Crescente;Céu Claro;Simples;Curva;Sim;1;0;1;0;0;0;1;1;-12,51902659;-40,2807498;SPRF-BA;DEL06-BA;UOP02-DEL06-BA
606325;09/06/2024;domingo;16:35:00;GO;20;217;POSSE;Condutor deixou de manter distância do veículo da frente;Colisão traseira;Com Vítimas Feridas;Pleno dia;Decrescente;Céu Claro;Simples;"Reta;Aclive";Não;3;0;0;2;1;0;2;2;-14,223672;-46,338135;SPRF-DF;DEL02-DF;UOP03-DEL02-DF
606326;09/06/2024;domingo;18:15:00;SE;235;68;FREI PAULO;Ausência de reação do condutor;Colisão com objeto;Com Vítimas Fatais;Plena Noite;Decrescente;Céu Claro;Simples;Curva;Não;1;1;0;0;0;0;0;1;-10,574201;-37,503414;SPRF-SE;DEL01-SE;UOP02-DEL01-SE
606327;09/06/2024;domingo;18:30:00;RJ;116;306,5;RESENDE;Reação tardia ou ineficiente do condutor;Tombamento;Com Vítimas Feridas;Plena Noite;Crescente;Céu Claro;Dupla;Reta;Não;3;0;2;0;0;1;2;2;-22,45599833;-44,398515;SPRF-RJ;DEL07-RJ;UOP02-DEL07-RJ
606328;09/06/2024;domingo;18:45:00;CE;116;21;ITAITINGA;Velocidade Incompatível;Colisão traseira;Com Vítimas Feridas;Plena Noite;Decrescente;Céu Claro;Dupla;Reta;Sim;3;0;0;1;1;1;1;3;-3,93175901;-38,50825087;SPRF-CE;DEL01-CE;UOP02-DEL01-CE
606330;09/06/2024;domingo;18:50:00;SP;116;103;TAUBATE;Ausência de reação do condutor;Colisão lateral mesmo sentido;Com Vítimas Feridas;Plena Noite;Crescente;Nublado;Dupla;Reta;Não;4;0;0;2;2;0;2;3;-22,99919465;-45,49788917;SPRF-SP;DEL02-SP;UOP02-DEL02-SP
606331;09/06/2024;domingo;18:30:00;GO;60;62;ABADIANIA;Ingestão de álcool pelo condutor;Saída de leito carroçável;Com Vítimas Feridas;Anoitecer;Crescente;Céu Claro;Dupla;Curva;Sim;4;0;4;0;0;0;4;1;-16,18737222;-48,72054577;SPRF-GO;DEL02-GO;UOP01-DEL02-GO
606332;09/06/2024;domingo;15:30:00;RJ;116;247;PIRAI;Condutor deixou de manter distância do veículo da frente;Engavetamento;Com Vítimas Feridas;Pleno dia;Decrescente;Céu Claro;Dupla;"Curva;Declive";Não;7;0;1;0;2;4;1;6;-22,60655103;-43,93505207;SPRF-RJ;DEL07-RJ;UOP01-DEL07-RJ
606333;09/06/2024;domingo;18:30:00;RJ;101;67;CAMPOS DOS GOYTACAZES;Acessar a via sem observar a presença dos outros veículos;Colisão transversal;Com Vítimas Feridas;Anoitecer;Crescente;Céu Claro;Simples;"Reta;Interseção de Vias";Sim;5;0;2;0;3;0;2;2;-21,76751094;-41,34876249;SPRF-RJ;DEL08-RJ;UOP02-DEL08-RJ
606335;09/06/2024;domingo;18:40:00;RJ;116;137;MAGE;Reação tardia ou ineficiente do condutor;Colisão com objeto;Com Vítimas Feridas;Plena Noite;Decrescente;Céu Claro;Dupla;"Declive;Viaduto";Sim;1;0;1;0;0;0;1;1;-22,64791994;-43,18200799;SPRF-RJ;DEL04-RJ;UOP02-DEL04-RJ
606336;09/06/2024;domingo;17:05:00;RS;116;85,1;CAMPESTRE DA SERRA;Reação tardia ou ineficiente do condutor;Colisão frontal;Com Vítimas Feridas;Pleno dia;Crescente;Céu Claro;Simples;"Curva;Declive";Não;2;0;0;1;1;0;1;2;-28,83552965;-51,12532247;SPRF-RS;DEL05-RS;UOP03-DEL05-RS