id;data_inversa;dia_semana;horario;uf;br;km;municipio;causa_acidente;tipo_acidente;classificacao_acidente;fase_dia;sentido_via;condicao_metereologica;tipo_pista;tracado_via;uso_solo;pessoas;mortos;feridos_leves;feridos_graves;ilesos;ignorados;feridos;veiculos;latitude;longitude;regional;delegacia;uop
606447;10/06/2024;segunda-feira;06:10:00;MG;364;29,7;FRUTAL;Acessar a via sem observar a presença dos outros veículos;Colisão transversal;Com Vítimas Feridas;Amanhecer;Crescente;Céu Claro;Simples;"Reta;Declive";Sim;2;0;0;1;0;1;1;2;-20,017688;-48,909808;SPRF-MG;DEL13-MG;UOP02-DEL13-MG
606448;10/06/2024;segunda-feira;06:30:00;RJ;101;63,6;CAMPOS DOS GOYTACAZES;Desrespeitar a preferência no cruzamento;Colisão transversal;Com Vítimas Feridas;Amanhecer;Decrescente;Céu Claro;Simples;"Reta;Interseção de Vias";Sim;2;0;1;0;1;0;1;2;-21,74578808;-41,33408546;SPRF-RJ;DEL08-RJ;UOP02-DEL08-RJ
606451;10/06/2024;segunda-feira;07:00:00;SC;470;61,2;BLUMENAU;Manobra de mudança de faixa;Colisão lateral mesmo sentido;Com Vítimas Feridas;Pleno dia;Decrescente;Céu Claro;Simples;Reta;Sim;2;0;1;0;1;0;1;2;-26,878952;-49,17421;SPRF-SC;DEL04-SC;UOP01-DEL04-SC
606452;09/06/2024;domingo;21:00:00;GO;153;324,3;RIANAPOLIS;Ausência de reação do condutor;Saída de leito carroçável;Com Vítimas Feridas;Plena Noite;Crescente;Céu Claro;Simples;"Reta;Declive";Não;1;0;1;0;0;0;1;1;-15,481514;-49,493187;SPRF-GO;DEL02-GO;UOP02-DEL02-GO
606453;09/06/2024;domingo;19:00:00;SC;470;71,8;INDAIAL;Ingestão de álcool pelo condutor;Colisão traseira;Com Vítimas Feridas;Plena Noite;Decrescente;Nublado;Simples;Reta;Sim;5;0;3;0;2;0;3;3;-26,895243;-49,262104;SPRF-SC;DEL04-SC;UOP01-DEL04-SC
606455;10/06/2024;segunda-feira;04:00:00;PE;101;57;RECIFE;Chuva;Tombamento;Com Vítimas Feridas;Amanhecer;Crescente;Chuva;Dupla;Reta;Sim;1;0;1;0;0;0;1;1;-7,96346213;-34,91513486;SPRF-PE;DEL01-PE;UOP02-DEL01-PE
606456;10/06/2024;segunda-feira;06:35:00;MS;163;471,2;CAMPO GRANDE;Avarias e/ou desgaste excessivo no pneu;Tombamento;Com Vítimas Feridas;Pleno dia;Decrescente;Céu Claro;Simples;"Aclive;Reta";Não;1;0;1;0;0;0;1;1;-20,5501804;-54,55529028;SPRF-MS;DEL01-MS;UOP01-DEL01-MS
606457;10/06/2024;segunda-feira;07:30:00;SP;116;215,5;GUARULHOS;Ausência de reação do condutor;Colisão traseira;Com Vítimas Feridas;Pleno dia;Crescente;Céu Claro;Dupla;Reta;Sim;3;0;1;0;1;1;1;3;-23,44695693;-46,45394103;SPRF-SP;DEL01-SP;UOP01-DEL01-SP
606459;10/06/2024;segunda-feira;06:30:00;RS;386;181,4;CARAZINHO;Pedestre andava na pista;Atropelamento de Pedestre;Com Vítimas Feridas;Amanhecer;Crescente;Céu Claro;Simples;Reta;Sim;3;0;1;2;0;0;3;2;-28,315172;-52,733284;SPRF-RS;DEL08-RS;UOP01-DEL08-RS
606460;10/06/2024;segunda-feira;06:50:00;PB;230;159,5;CAMPINA GRANDE;Acessar a via sem observar a presença dos outros veículos;Colisão transversal;Com Vítimas Feridas;Pleno dia;Crescente;Garoa/Chuvisco;Simples;"Interseção de Vias;Reta";Sim;3;0;2;0;1;0;2;2;-7,252;-35,9334;SPRF-PB;DEL02-PB;UOP01-DEL02-PB
606461;10/06/2024;segunda-feira;07:10:00;PR;369;141;IBIPORA;Demais Fenômenos da natureza;Colisão traseira;Com Vítimas Feridas;Pleno dia;Crescente;Céu Claro;Simples;"Reta;Aclive";Sim;3;0;0;1;1;1;1;3;-23,288677;-51,080748;SPRF-PR;DEL07-PR;UOP01-DEL07-PR
606462;10/06/2024;segunda-feira;07:30:00;BA;116;28,1;VITORIA DA CONQUISTA;Acesso irregular;Colisão transversal;Com Vítimas Feridas;Pleno dia;Crescente;Céu Claro;Simples;"Reta;Interseção de Vias";Não;2;0;1;0;1;0;1;2;-14,84056859;-40,81791228;SPRF-BA;DEL08-BA;UOP01-DEL08-BA
606463;17/05/2024;sexta-feira;07:05:00;PR;163;141;CAPITAO LEONIDAS MARQUES;Velocidade Incompatível;Saída de leito carroçável;Com Vítimas Feridas;Pleno dia;Decrescente;Céu Claro;Simples;Reta;Não;2;0;1;0;1;0;1;1;-25,49094155;-53,59476776;SPRF-PR;DEL05-PR;UOP05-DEL05-PR
606464;06/06/2024;quinta-feira;09:50:00;PE;101;67,1;RECIFE;Condutor deixou de manter distância do veículo da frente;Colisão traseira;Sem Vítimas;Pleno dia;Crescente;Nublado;Múltipla;Reta;Sim;3;0;0;0;3;0;0;2;-8,042334;-34,943096;SPRF-PE;DEL01-PE;UOP01-DEL01-PE
606465;10/06/2024;segunda-feira;06:50:00;RS;116;135,3;CAXIAS DO SUL;Reação tardia ou ineficiente do condutor;Saída de leito carroçável;Com Vítimas Feridas;Amanhecer;Decrescente;Nublado;Simples;Curva;Não;3;0;2;0;1;0;2;1;-29,0695461;-51,09988566;SPRF-RS;DEL05-RS;UOP01-DEL05-RS
606467;10/06/2024;segunda-feira;06:30:00;AL;104;71,9;MURICI;Chuva;Saída de leito carroçável;Com Vítimas Feridas;Amanhecer;Crescente;Chuva;Simples;Curva;Não;1;0;1;0;0;0;1;1;-9,3554618;-35,85400192;SPRF-AL;DEL01-AL;UOP02-DEL01-AL
606468;10/06/2024;segunda-feira;06:30:00;BA;101;518;ITABUNA;Velocidade Incompatível;Tombamento;Com Vítimas Feridas;Pleno dia;Decrescente;Garoa/Chuvisco;Simples;Curva;Não;2;0;1;0;1;0;1;1;-15,04943399;-39,33441913;SPRF-BA;DEL05-BA;UOP01-DEL05-BA
606469;10/06/2024;segunda-feira;07:35:00;SP;116;147;SAO JOSE DOS CAMPOS;Reação tardia ou ineficiente do condutor;Colisão lateral mesmo sentido;Com Vítimas Feridas;Pleno dia;Decrescente;Céu Claro;Dupla;Reta;Sim;2;0;1;0;1;0;1;2;-23,19542994;-45,87176303;SPRF-SP;DEL02-SP;UOP01-DEL02-SP
606471;10/06/2024;segunda-feira;06:20:00;RJ;116;83;TERESOPOLIS;Ultrapassagem Indevida;Colisão frontal;Com Vítimas Feridas;Pleno dia;Decrescente;Céu Claro;Simples;"Curva;Declive";Sim;3;0;2;0;1;0;2;2;-22,41517488;-42,95011324;SPRF-RJ;DEL04-RJ;UOP01-DEL04-RJ
606472;10/06/2024;segunda-feira;07:40:00;PR;376;179,8;MARINGA;Ausência de reação do condutor;Colisão traseira;Com Vítimas Feridas;Pleno dia;Decrescente;Céu Claro;Dupla;Viaduto;Sim;3;0;1;0;2;0;1;2;-23,42115639;-51,90751433;SPRF-PR;DEL09-PR;UOP01-DEL09-PR
606474;10/06/2024;segunda-feira;07:00:00;SC;163;69,2;SAO MIGUEL DO OESTE;Acessar a via sem observar a presença dos outros veículos;Colisão transversal;Com Vítimas Feridas;Amanhecer;Decrescente;Céu Claro;Dupla;"Reta;Declive;Interseção de Vias";Sim;2;0;0;1;1;0;1;2;-26,73961252;-53,50120783;SPRF-SC;DEL07-SC;UOP03-DEL07-SC
606475;10/06/2024;segunda-feira;08:00:00;PR;369;162,1;CAMBE;Reação tardia ou ineficiente do condutor;Colisão traseira;Com Vítimas Feridas;Pleno dia;Decrescente;Sol;Dupla;Aclive;Não;3;0;0;1;1;1;1;3;-23,294997;-51,270055;SPRF-PR;DEL07-PR;UOP01-DEL07-PR
606477;10/06/2024;segunda-feira;08:15:00;RS;285;271;MATO CASTELHANO;Reação tardia ou ineficiente do condutor;Colisão traseira;Com Vítimas Feridas;Pleno dia;Decrescente;Céu Claro;Simples;Reta;Sim;2;0;1;0;1;0;1;2;-28,282991;-52,177471;SPRF-RS;DEL08-RS;UOP03-DEL08-RS
606478;10/06/2024;segunda-feira;07:40:00;SP;116;214,4;GUARULHOS;Reação tardia ou ineficiente do condutor;Colisão traseira;Com Vítimas Feridas;Pleno dia;Crescente;Céu Claro;Múltipla;Aclive;Não;2;0;1;0;1;0;1;2;-23,44333014;-46,44531294;SPRF-SP;DEL01-SP;UOP01-DEL01-SP
606479;10/06/2024;segunda-feira;08:30:00;PA;230;121;MARABA;Condutor desrespeitou a iluminação vermelha do semáforo;Colisão transversal;Sem Vítimas;Pleno dia;Crescente;Céu Claro;Simples;Interseção de Vias;Sim;2;0;0;0;2;0;0;2;-5,35038318;-49,11434;SPRF-PA;DEL03-PA;UOP01-DEL03-PA
606480;10/06/2024;segunda-feira;05:00:00;BA;110;318;ALAGOINHAS;Acessar a via sem observar a presença dos outros veículos;Colisão traseira;Com Vítimas Feridas;Amanhecer;Crescente;Céu Claro;Simples;Reta;Não;2;0;1;0;1;0;1;2;-12,05258091;-38,36108068;SPRF-BA;DEL01-BA;UOP04-DEL01-BA
606481;10/06/2024;segunda-feira;08:20:00;SP;116;280,9;EMBU DAS ARTES;Condutor deixou de manter distância do veículo da frente;Colisão lateral mesmo sentido;Com Vítimas Feridas;Pleno dia;Crescente;Céu Claro;Dupla;"Reta;Declive";Sim;3;0;1;0;2;0;1;3;-23,67784787;-46,85769227;SPRF-SP;DEL04-SP;UOP01-DEL04-SP
606482;10/06/2024;segunda-feira;08:30:00;PR;277;655,5;MATELANDIA;Reação tardia ou ineficiente do condutor;Saída de leito carroçável;Com Vítimas Feridas;Pleno dia;Crescente;Céu Claro;Dupla;"Declive;Reta";Não;1;0;1;0;0;0;1;1;-25,2307921;-53,95278694;SPRF-PR;DEL05-PR;UOP02-DEL05-PR
606483;10/06/2024;segunda-feira;09:20:00;SP;153;61,5;SAO JOSE DO RIO PRETO;Ausência de reação do condutor;Colisão traseira;Com Vítimas Feridas;Pleno dia;Crescente;Céu Claro;Dupla;"Reta;Declive";Não;3;0;1;0;2;0;1;2;-20,8102938;-49,35652971;SPRF-SP;DEL09-SP;UOP01-DEL09-SP
606484;10/06/2024;segunda-feira;07:20:00;MG;262;439;NOVA SERRANA;Demais falhas mecânicas ou elétricas;Queda de ocupante de veículo;Com Vítimas Feridas;Pleno dia;Decrescente;Céu Claro;Dupla;Reta;Não;2;0;2;0;0;0;2;1;-19,89197285;-44,88685183;SPRF-MG;DEL08-MG;UOP03-DEL08-MG
606485;10/06/2024;segunda-feira;09:40:00;RN;101;95;NATAL;Condutor deixou de manter distância do veículo da frente;Colisão traseira;Com Vítimas Feridas;Pleno dia;Decrescente;Céu Claro;Dupla;Reta;Sim;3;0;1;1;1;0;2;2;-5,84076841;-35,21035949;SPRF-RN;DEL01-RN;UOP01-DEL01-RN
606488;10/06/2024;segunda-feira;06:00:00;BA;242;900;LUIS EDUARDO MAGALHAES;Reação tardia ou ineficiente do condutor;Saída de leito carroçável;Com Vítimas Feridas;Amanhecer;Decrescente;Ignorado;Simples;Reta;Não;5;0;2;0;0;3;2;1;-12,12688868;-46,0678544;SPRF-BA;DEL10-BA;UOP01-DEL10-BA
606490;10/06/2024;segunda-feira;09:40:00;PB;101;82,6;BAYEUX;Reação tardia ou ineficiente do condutor;Engavetamento;Sem Vítimas;Pleno dia;Crescente;Nublado;Dupla;"Declive;Viaduto";Sim;4;0;0;0;4;0;0;4;-7,12911;-34,93714;SPRF-PB;DEL01-PB;UOP01-DEL01-PB
606492;10/06/2024;segunda-feira;07:30:00;AC;364;123;RIO BRANCO;Ausência de reação do condutor;Atropelamento de Pedestre;Com Vítimas Feridas;Pleno dia;Crescente;Céu Claro;Dupla;Reta;Sim;2;0;1;0;0;1;1;2;-10,0117071;-67,782373;SPRF-AC;DEL01-AC;UOP01-DEL01-AC
606494;10/06/2024;segunda-feira;09:25:00;PI;316;7;TERESINA;Avarias e/ou desgaste excessivo no pneu;Queda de ocupante de veículo;Com Vítimas Feridas;Pleno dia;Decrescente;Céu Claro;Dupla;Reta;Não;2;0;2;0;0;0;2;1;-5,15584638;-42,77173332;SPRF-PI;DEL01-PI;UOP02-DEL01-PI
606498;10/06/2024;segunda-feira;07:30:00;RR;401;22;CANTA;Demais falhas mecânicas ou elétricas;Saída de leito carroçável;Com Vítimas Feridas;Pleno dia;Decrescente;Céu Claro;Dupla;Reta;Não;2;0;1;0;1;0;1;1;2,806745;-60,618345;SPRF-RR;DEL01-RR;UOP01-DEL01-RR
606499;10/06/2024;segunda-feira;07:30:00;AC;364;122;RIO BRANCO;Condutor deixou de manter distância do veículo da frente;Colisão traseira;Com Vítimas Feridas;Pleno dia;Crescente;Céu Claro;Dupla;Reta;Sim;2;0;1;0;1;0;1;2;-10,01188291;-67,773345;SPRF-AC;DEL01-AC;UOP01-DEL01-AC
606501;31/05/2024;sexta-feira;15:30:00;MA;135;33;SAO LUIS;Chuva;Saída de leito carroçável;Com Vítimas Feridas;Pleno dia;Decrescente;Chuva;Dupla;Reta;Não;1;0;1;0;0;0;1;1;-2,83108301;-44,3745066;SPRF-MA;DEL01-MA;UOP01-DEL01-MA
606507;10/06/2024;segunda-feira;00:20:00;SC;101;109,9;NAVEGANTES;Avarias e/ou desgaste excessivo no pneu;Tombamento;Com Vítimas Feridas;Plena Noite;Crescente;Céu Claro;Múltipla;Reta;Não;2;0;2;0;0;0;2;1;-26,8333519;-48,69632106;SPRF-SC;DEL03-SC;UOP02-DEL03-SC
606509;10/06/2024;segunda-feira;10:35:00;PR;369;187,9;ARAPONGAS;Reação tardia ou ineficiente do condutor;Colisão traseira;Sem Vítimas;Pleno dia;Crescente;Céu Claro;Simples;Reta;Sim;3;0;0;0;3;0;0;3;-23,43307;-51,42243;SPRF-PR;DEL07-PR;UOP03-DEL07-PR
606510;10/06/2024;segunda-feira;09:30:00;PE;101;78,7;JABOATAO DOS GUARARAPES;Transitar no Acostamento;Colisão lateral mesmo sentido;Com Vítimas Feridas;Pleno dia;Crescente;Céu Claro;Dupla;Reta;Sim;2;0;0;1;1;0;1;2;-8,13496499;-34,94738614;SPRF-PE;DEL01-PE;UOP01-DEL01-PE
606511;10/02/2024;sábado;17:00:00;PE;424;15;PEDRA;Ausência de reação do condutor;Queda de ocupante de veículo;Com Vítimas Feridas;Anoitecer;Crescente;Ignorado;Simples;"Reta;Aclive";Não;1;0;0;1;0;0;1;1;-8,49920042;-36,96549698;SPRF-PE;DEL04-PE;UOP02-DEL04-PE
606512;10/06/2024;segunda-feira;08:30:00;RO;364;324;PRESIDENTE MEDICI;Ausência de reação do condutor;Colisão lateral mesmo sentido;Sem Vítimas;Pleno dia;Decrescente;Céu Claro;Simples;Reta;Não;2;0;0;0;2;0;0;2;-11,034807;-61,930008;SPRF-RO;DEL02-RO;UOP01-DEL02-RO
606515;10/06/2024;segunda-feira;10:20:00;MT;70;0,5;BARRA DO GARCAS;Acessar a via sem observar a presença dos outros veículos;Colisão transversal;Com Vítimas Feridas;Pleno dia;Decrescente;Sol;Simples;Rotatória;Sim;2;0;1;0;1;0;1;2;-15,895538;-52,25599;SPRF-MT;DEL07-MT;UOP01-DEL07-MT
606516;10/06/2024;segunda-feira;11:30:00;SC;101;95;BARRA VELHA;Ausência de reação do condutor;Tombamento;Com Vítimas Feridas;Pleno dia;Decrescente;Sol;Dupla;Curva;Não;1;0;1;0;0;0;1;1;-26,70876413;-48,70221065;SPRF-SC;DEL03-SC;UOP02-DEL03-SC
606517;10/06/2024;segunda-feira;12:05:00;PR;277;590,1;CASCAVEL;Avarias e/ou desgaste excessivo no pneu;Tombamento;Com Vítimas Feridas;Pleno dia;Crescente;Céu Claro;Simples;"Declive;Interseção de Vias;Reta";Sim;2;0;0;1;1;0;1;2;-24,98120697;-53,45591501;SPRF-PR;DEL04-PR;UOP01-DEL04-PR
606518;10/06/2024;segunda-feira;08:45:00;MS;163;718;RIO VERDE DE MATO GROSSO;Manobra de mudança de faixa;Tombamento;Com Vítimas Feridas;Pleno dia;Crescente;Céu Claro;Simples;Reta;Não;1;0;1;0;0;0;1;1;-18,610662;-54,77325098;SPRF-MS;DEL06-MS;UOP01-DEL06-MS
606521;10/06/2024;segunda-feira;12:20:00;SC;282;3;FLORIANOPOLIS;Trafegar com motocicleta (ou similar) entre as faixas;Colisão lateral mesmo sentido;Com Vítimas Feridas;Pleno dia;Crescente;Sol;Dupla;Curva;Sim;3;0;1;0;1;1;1;3;-27,600384;-48,599705;SPRF-SC;DEL01-SC;UOP01-DEL01-SC
606522;10/06/2024;segunda-feira;11:50:00;PR;277;37;MORRETES;Ingestão de álcool pelo condutor;Colisão com objeto;Sem Vítimas;Pleno dia;Crescente;Sol;Dupla;"Aclive;Reta";Não;1;0;0;0;1;0;0;1;-25,57456415;-48,85047197;SPRF-PR;DEL01-PR;UOP05-DEL01-PR
606524;10/06/2024;segunda-feira;13:00:00;RN;101;101;PARNAMIRIM;Ausência de reação do condutor;Colisão traseira;Com Vítimas Feridas;Pleno dia;Crescente;Céu Claro;Dupla;Reta;Sim;2;0;1;0;1;0;1;2;-5,88681084;-35,23143404;SPRF-RN;DEL01-RN;UOP01-DEL01-RN
606525;10/06/2024;segunda-feira;11:30:00;PA;316;61;CASTANHAL;Acessar a via sem observar a presença dos outros veículos;Colisão transversal;Com Vítimas Feridas;Pleno dia;Crescente;Céu Claro;Simples;Reta;Sim;2;0;0;1;1;0;1;2;-1,29686015;-47,94639002;SPRF-PA;DEL01-PA;UOP01-DEL01-PA
606526;29/05/2024;quarta-feira;18:20:00;SC;101;39,4;JOINVILLE;Transitar na contramão;Colisão transversal;Com Vítimas Feridas;Plena Noite;Decrescente;Céu Claro;Dupla;"Rotatória;Viaduto";Não;2;0;1;0;1;0;1;2;-26,2628107;-48,90192257;SPRF-SC;DEL03-SC;UOP01-DEL03-SC
606528;10/06/2024;segunda-feira;12:30:00;BA;116;423;FEIRA DE SANTANA;Condutor deixou de manter distância do veículo da frente;Colisão traseira;Com Vítimas Feridas;Pleno dia;Decrescente;Céu Claro;Dupla;Reta;Sim;2;0;1;0;1;0;1;2;-12,229301;-38,964527;SPRF-BA;DEL02-BA;UOP01-DEL02-BA
606529;10/06/2024;segunda-feira;12:41:00;CE;222;303;TIANGUA;Condutor deixou de manter distância do veículo da frente;Colisão traseira;Com Vítimas Feridas;Pleno dia;Crescente;Nublado;Simples;Curva;Não;3;0;0;1;2;0;1;2;-3,6679203;-40,95647871;SPRF-CE;DEL04-CE;UOP02-DEL04-CE
606530;25/05/2024;sábado;13:30:00;SP;116;145,7;SAO JOSE DOS CAMPOS;Ausência de reação do condutor;Colisão traseira;Com Vítimas Feridas;Pleno dia;Decrescente;Nublado;Múltipla;Reta;Sim;2;0;1;0;1;0;1;2;-23,1869844;-45,8548078;SPRF-SP;DEL02-SP;UOP01-DEL02-SP
606531;10/06/2024;segunda-feira;12:10:00;SP;116;478;JACUPIRANGA;Ausência de reação do condutor;Colisão traseira;Com Vítimas Feridas;Pleno dia;Crescente;Céu Claro;Simples;Reta;Sim;2;0;1;0;1;0;1;2;-24,70388258;-48,01063531;SPRF-SP;DEL05-SP;UOP01-DEL05-SP
606532;10/06/2024;segunda-feira;13:05:00;AP;210;2;MACAPA;Acessar a via sem observar a presença dos outros veículos;Colisão transversal;Com Vítimas Feridas;Pleno dia;Crescente;Céu Claro;Dupla;Reta;Sim;2;0;1;0;1;0;1;2;0,08282017;-51,07776189;SPRF-AP;DEL01-AP;UOP01-DEL01-AP
606534;08/03/2024;sexta-feira;16:20:00;TO;153;688;GURUPI;Condutor Dormindo;Queda de ocupante de veículo;Com Vítimas Feridas;Pleno dia;Decrescente;Céu Claro;Simples;Reta;Não;1;0;0;1;0;0;1;1;-11,84661586;-49,14494829;SPRF-TO;DEL01-TO;UOP02-DEL01-TO
606535;10/06/2024;segunda-feira;13:30:00;PR;376;198;MARIALVA;Ausência de reação do condutor;Colisão traseira;Com Vítimas Feridas;Pleno dia;Decrescente;Sol;Dupla;"Reta;Declive";Não;2;0;1;0;1;0;1;2;-23,50014438;-51,76683426;SPRF-PR;DEL09-PR;UOP01-DEL09-PR
606536;10/06/2024;segunda-feira;11:00:00;PA;230;488;ANAPU;Conversão proibida;Colisão frontal;Com Vítimas Feridas;Pleno dia;Decrescente;Céu Claro;Simples;Reta;Sim;2;0;0;1;1;0;1;2;-3,52222266;-51,1527358;SPRF-PA;DEL04-PA;UOP01-DEL04-PA
606541;10/06/2024;segunda-feira;14:05:00;SP;381;28;ATIBAIA;Manobra de mudança de faixa;Colisão traseira;Com Vítimas Feridas;Pleno dia;Decrescente;Céu Claro;Dupla;"Reta;Aclive";Não;4;0;1;0;3;0;1;2;-23,03614495;-46,55183601;SPRF-SP;DEL03-SP;UOP02-DEL03-SP
606542;10/06/2024;segunda-feira;13:03:00;SC;280;28;ARAQUARI;Acessar a via sem observar a presença dos outros veículos;Colisão transversal;Com Vítimas Feridas;Pleno dia;Decrescente;Sol;Simples;Reta;Sim;2;0;1;0;1;0;1;2;-26,40450077;-48,74561031;SPRF-SC;DEL03-SC;UOP03-DEL03-SC
606543;10/06/2024;segunda-feira;13:45:00;SC;282;1;FLORIANOPOLIS;Reação tardia ou ineficiente do condutor;Colisão traseira;Com Vítimas Feridas;Pleno dia;Decrescente;Céu Claro;Múltipla;Reta;Sim;3;0;1;0;2;0;1;2;-27,602955;-48,580509;SPRF-SC;DEL01-SC;UOP01-DEL01-SC
606544;27/05/2024;segunda-feira;19:00:00;ES;0;0;GUARAPARI;Animais na Pista;Atropelamento de Animal;Sem Vítimas;Plena Noite;Não Informado;Ignorado;Dupla;Reta;Sim;1;0;0;0;1;0;0;1;-20,61534512;-40,45380592;SPRF-ES;DEL03-ES;N/A
606547;10/06/2024;segunda-feira;14:30:00;MG;381;941;EXTREMA;Manobra de mudança de faixa;Queda de ocupante de veículo;Com Vítimas Fatais;Pleno dia;Crescente;Céu Claro;Dupla;Reta;Não;1;1;0;0;0;0;0;1;-22,8282083;-46,31432176;SPRF-MG;DEL16-MG;UOP03-DEL16-MG
606548;10/06/2024;segunda-feira;14:50:00;RS;392;1,5;RIO GRANDE;Acessar a via sem observar a presença dos outros veículos;Colisão traseira;Sem Vítimas;Pleno dia;Crescente;Céu Claro;Simples;Reta;Sim;3;0;0;0;3;0;0;2;-32,04488513;-52,0855305;SPRF-RS;DEL07-RS;UOP02-DEL07-RS
606549;10/06/2024;segunda-feira;13:30:00;PR;153;468,9;PORTO VITORIA;Velocidade Incompatível;Saída de leito carroçável;Com Vítimas Feridas;Pleno dia;Decrescente;Sol;Simples;"Aclive;Curva";Não;1;0;0;1;0;0;1;1;-26,33157613;-51,24984741;SPRF-PR;DEL02-PR;UOP03-DEL02-PR
606551;03/06/2024;segunda-feira;05:35:00;MT;163;750;SORRISO;Acessar a via sem observar a presença dos outros veículos;Colisão transversal;Com Vítimas Feridas;Pleno dia;Crescente;Céu Claro;Dupla;"Retorno Regulamentado;Curva";Sim;2;0;0;1;1;0;1;2;-12,57332921;-55,72765589;SPRF-MT;DEL06-MT;UOP01-DEL06-MT
606554;10/06/2024;segunda-feira;13:30:00;RS;287;401;SANTIAGO;Acessar a via sem observar a presença dos outros veículos;Colisão transversal;Com Vítimas Feridas;Pleno dia;Crescente;Céu Claro;Simples;"Reta;Interseção de Vias";Não;2;0;1;0;1;0;1;2;-29,16177425;-54,87883329;SPRF-RS;DEL12-RS;UOP02-DEL12-RS
606555;10/06/2024;segunda-feira;11:55:00;PE;232;408;SERRA TALHADA;Acessar a via sem observar a presença dos outros veículos;Atropelamento de Pedestre;Com Vítimas Feridas;Pleno dia;Crescente;Céu Claro;Simples;"Aclive;Reta";Sim;3;0;0;1;0;2;1;2;-7,98371447;-38,28047709;SPRF-PE;DEL04-PE;UOP01-DEL04-PE
606557;10/06/2024;segunda-feira;08:00:00;BA;101;171;FEIRA DE SANTANA;Acostamento em desnível;Queda de ocupante de veículo;Com Vítimas Feridas;Pleno dia;Decrescente;Nublado;Simples;Reta;Não;1;0;1;0;0;0;1;1;-12,36029219;-38,86362076;SPRF-BA;DEL01-BA;UOP03-DEL01-BA
606558;14/03/2024;quinta-feira;01:40:00;RS;153;397,6;CACHOEIRA DO SUL;Transitar na contramão;Colisão frontal;Com Vítimas Fatais;Plena Noite;Crescente;Céu Claro;Simples;Reta;Não;3;1;0;1;1;0;1;2;-29,94389;-52,95091;SPRF-RS;DEL02-RS;UOP03-DEL02-RS
606559;10/06/2024;segunda-feira;15:15:00;PE;101;69;RECIFE;Velocidade Incompatível;Colisão traseira;Com Vítimas Feridas;Pleno dia;Crescente;Céu Claro;Múltipla;"Interseção de Vias;Reta";Sim;3;0;1;1;1;0;2;2;-8,05951606;-34,94581024;SPRF-PE;DEL01-PE;UOP01-DEL01-PE
606560;10/06/2024;segunda-feira;16:10:00;ES;101;258,9;SERRA;Pedestre cruzava a pista fora da faixa;Atropelamento de Pedestre;Com Vítimas Feridas;Pleno dia;Crescente;Céu Claro;Dupla;Aclive;Sim;2;0;0;1;1;0;1;2;-20,13059888;-40,2961019;SPRF-ES;DEL02-ES;UOP01-DEL02-ES
606567;10/06/2024;segunda-feira;16:10:00;RS;285;295;PASSO FUNDO;Reação tardia ou ineficiente do condutor;Colisão traseira;Com Vítimas Feridas;Pleno dia;Crescente;Céu Claro;Simples;Curva;Não;2;0;1;0;1;0;1;2;-28,231071;-52,394299;SPRF-RS;DEL08-RS;UOP03-DEL08-RS
606568;10/06/2024;segunda-feira;16:00:00;PR;163;241,1;TOLEDO;Reação tardia ou ineficiente do condutor;Saída de leito carroçável;Com Vítimas Feridas;Pleno dia;Crescente;Céu Claro;Dupla;Reta;Sim;1;0;0;1;0;0;1;1;-24,717822;-53,711597;SPRF-PR;DEL04-PR;UOP01-DEL04-PR
606569;10/06/2024;segunda-feira;12:35:00;SE;235;111,6;CARIRA;Ingestão de álcool pelo condutor;Queda de ocupante de veículo;Com Vítimas Feridas;Pleno dia;Crescente;Nublado;Simples;Curva;Não;1;0;1;0;0;0;1;1;-10,337029;-37,718269;SPRF-SE;DEL01-SE;UOP02-DEL01-SE
606570;10/06/2024;segunda-feira;16:50:00;PI;343;0;TERESINA;Ausência de reação do condutor;Colisão lateral mesmo sentido;Com Vítimas Feridas;Pleno dia;Crescente;Céu Claro;Dupla;"Declive;Interseção de Vias;Em Obras;Reta";Sim;2;0;1;0;1;0;1;2;-5,089569;-42,802288;SPRF-PI;DEL01-PI;UOP01-DEL01-PI
606571;10/06/2024;segunda-feira;16:40:00;RJ;101;485;ANGRA DOS REIS;Manobra de mudança de faixa;Colisão lateral mesmo sentido;Com Vítimas Feridas;Pleno dia;Crescente;Nublado;Simples;Retorno Regulamentado;Não;2;0;0;1;1;0;1;2;-22,983381;-44,296012;SPRF-RJ;DEL03-RJ;UOP03-DEL03-RJ
606572;10/06/2024;segunda-feira;15:20:00;RJ;101;385;RIO DE JANEIRO;Reação tardia ou ineficiente do condutor;Colisão traseira;Com Vítimas Feridas;Pleno dia;Decrescente;Sol;Dupla;Reta;Sim;3;0;2;0;1;0;2;2;-22,881114;-43,631805;SPRF-RJ;DEL03-RJ;UOP01-DEL03-RJ
606573;10/06/2024;segunda-feira;14:50:00;PB;230;153,5;CAMPINA GRANDE;Acumulo de areia ou detritos sobre o pavimento;Tombamento;Com Vítimas Feridas;Pleno dia;Crescente;Sol;Simples;"Reta;Em Obras";Sim;1;0;1;0;0;0;1;1;-7,27768688;-35,89852452;SPRF-PB;DEL02-PB;UOP01-DEL02-PB
606574;10/06/2024;segunda-feira;16:15:00;PR;277;21;MORRETES;Demais falhas mecânicas ou elétricas;Capotamento;Com Vítimas Feridas;Pleno dia;Crescente;Céu Claro;Dupla;Reta;Não;2;0;2;0;0;0;2;1;-25,55074432;-48,67135211;SPRF-PR;DEL01-PR;UOP05-DEL01-PR