id;data_inversa;dia_semana;horario;uf;br;km;municipio;causa_acidente;tipo_acidente;classificacao_acidente;fase_dia;sentido_via;condicao_metereologica;tipo_pista;tracado_via;uso_solo;pessoas;mortos;feridos_leves;feridos_graves;ilesos;ignorados;feridos;veiculos;latitude;longitude;regional;delegacia;uop
606575;10/06/2024;segunda-feira;15:20:00;MG;40;136;JOAO PINHEIRO;Ingestão de álcool pelo condutor;Colisão lateral sentido oposto;Sem Vítimas;Pleno dia;Decrescente;Céu Claro;Simples;Reta;Não;2;0;0;0;2;0;0;2;-17,7219829;-46,23179198;SPRF-MG;DEL14-MG;UOP01-DEL14-MG
606577;10/06/2024;segunda-feira;14:50:00;RO;364;344;JI-PARANA;Ausência de reação do condutor;Colisão traseira;Sem Vítimas;Pleno dia;Decrescente;Céu Claro;Dupla;Reta;Sim;4;0;0;0;4;0;0;3;-10,87376391;-61,95256893;SPRF-RO;DEL02-RO;UOP01-DEL02-RO
606578;10/06/2024;segunda-feira;13:30:00;PI;407;438,4;GEMINIANO;Reação tardia ou ineficiente do condutor;Colisão traseira;Com Vítimas Feridas;Pleno dia;Decrescente;Céu Claro;Simples;"Declive;Reta";Sim;2;0;1;0;0;1;1;2;-7,190118;-41,318463;SPRF-PI;DEL04-PI;UOP01-DEL04-PI
606579;03/06/2024;segunda-feira;08:00:00;MG;40;509,4;RIBEIRAO DAS NEVES;Reação tardia ou ineficiente do condutor;Colisão lateral mesmo sentido;Com Vítimas Feridas;Pleno dia;Crescente;Céu Claro;Dupla;Reta;Sim;2;0;1;0;1;0;1;2;-19,87667324;-44,09546314;SPRF-MG;DEL01-MG;UOP02-DEL01-MG
606580;10/06/2024;segunda-feira;16:01:00;PI;343;2,8;TERESINA;Condutor deixou de manter distância do veículo da frente;Colisão traseira;Com Vítimas Feridas;Pleno dia;Crescente;Céu Claro;Dupla;"Rotatória;Interseção de Vias";Sim;3;0;1;0;2;0;1;2;-5,089569;-42,802288;SPRF-PI;DEL01-PI;UOP01-DEL01-PI
606581;10/06/2024;segunda-feira;14:40:00;SC;480;125;CHAPECO;Ausência de reação do condutor;Engavetamento;Sem Vítimas;Pleno dia;Crescente;Céu Claro;Dupla;Reta;Não;4;0;0;0;4;0;0;3;-27,01164515;-52,63953123;SPRF-SC;DEL07-SC;UOP01-DEL07-SC
606582;10/06/2024;segunda-feira;15:00:00;SC;282;69;RANCHO QUEIMADO;Ausência de reação do condutor;Saída de leito carroçável;Com Vítimas Feridas;Pleno dia;Decrescente;Céu Claro;Simples;Curva;Não;1;0;1;0;0;0;1;1;-27,690144;-49,083813;SPRF-SC;DEL01-SC;UOP03-DEL01-SC
606583;10/06/2024;segunda-feira;16:20:00;RJ;465;21;SEROPEDICA;Trafegar com motocicleta (ou similar) entre as faixas;Colisão transversal;Com Vítimas Feridas;Pleno dia;Crescente;Céu Claro;Dupla;Reta;Sim;3;0;1;1;1;0;2;2;-22,854782;-43,601933;SPRF-RJ;DEL06-RJ;UOP02-DEL06-RJ
606588;10/06/2024;segunda-feira;17:30:00;RS;448;20;CANOAS;Trafegar com motocicleta (ou similar) entre as faixas;Colisão lateral mesmo sentido;Com Vítimas Feridas;Anoitecer;Decrescente;Céu Claro;Múltipla;Reta;Não;3;0;1;0;2;0;1;3;-29,951647;-51,203125;SPRF-RS;DEL01-RS;UOP01-DEL01-RS
606589;10/06/2024;segunda-feira;17:40:00;SC;101;149,5;ITAPEMA;Reação tardia ou ineficiente do condutor;Colisão lateral mesmo sentido;Com Vítimas Feridas;Anoitecer;Crescente;Céu Claro;Simples;Reta;Sim;2;0;0;1;1;0;1;2;-27,1089649;-48,61277586;SPRF-SC;DEL04-SC;UOP03-DEL04-SC
606592;10/06/2024;segunda-feira;18:20:00;ES;101;292;CARIACICA;Transitar na contramão;Colisão frontal;Com Vítimas Feridas;Plena Noite;Crescente;Céu Claro;Dupla;Reta;Sim;2;0;1;1;0;0;2;2;-20,30650512;-40,39488717;SPRF-ES;DEL01-ES;UOP01-DEL01-ES
606594;10/06/2024;segunda-feira;18:00:00;CE;116;69,9;CHOROZINHO;Condutor deixou de manter distância do veículo da frente;Colisão traseira;Sem Vítimas;Plena Noite;Crescente;Céu Claro;Simples;Reta;Sim;6;0;0;0;6;0;0;2;-4,32059871;-38,4911177;SPRF-CE;DEL03-CE;UOP02-DEL03-CE
606595;10/06/2024;segunda-feira;18:10:00;PE;428;187;PETROLINA;Transitar na contramão;Colisão lateral mesmo sentido;Com Vítimas Feridas;Plena Noite;Crescente;Céu Claro;Múltipla;Reta;Não;3;0;3;0;0;0;3;2;-9,35604301;-40,47854198;SPRF-PE;DEL06-PE;UOP01-DEL06-PE
606596;10/06/2024;segunda-feira;17:30:00;MS;267;28,5;BATAGUASSU;Reação tardia ou ineficiente do condutor;Colisão transversal;Com Vítimas Feridas;Anoitecer;Crescente;Céu Claro;Dupla;Reta;Sim;3;0;1;0;2;0;1;2;-21,72046;-52,418179;SPRF-MS;DEL02-MS;UOP04-DEL02-MS
606597;10/06/2024;segunda-feira;16:35:00;PI;343;2;TERESINA;Acessar a via sem observar a presença dos outros veículos;Colisão transversal;Com Vítimas Feridas;Pleno dia;Crescente;Sol;Múltipla;Reta;Sim;3;0;2;0;1;0;2;2;-5,089569;-42,802288;SPRF-PI;DEL01-PI;UOP01-DEL01-PI
606598;10/06/2024;segunda-feira;17:50:00;AL;316;139;ESTRELA DE ALAGOAS;Demais falhas mecânicas ou elétricas;Incêndio;Sem Vítimas;Plena Noite;Crescente;Céu Claro;Simples;Reta;Não;2;0;0;0;2;0;0;1;-9,38852798;-36,76736299;SPRF-AL;DEL03-AL;UOP01-DEL03-AL
606602;10/06/2024;segunda-feira;18:30:00;RN;406;155,6;CEARA-MIRIM;Ultrapassagem Indevida;Queda de ocupante de veículo;Com Vítimas Feridas;Plena Noite;Crescente;Céu Claro;Dupla;"Reta;Aclive";Não;1;0;1;0;0;0;1;1;-5,67794002;-35,39994003;SPRF-RN;DEL02-RN;UOP01-DEL02-RN
606603;10/06/2024;segunda-feira;18:30:00;SC;280;232;CANOINHAS;Condutor deixou de manter distância do veículo da frente;Colisão traseira;Com Vítimas Feridas;Plena Noite;Crescente;Céu Claro;Simples;"Rotatória;Interseção de Vias";Sim;2;0;1;0;1;0;1;2;-26,19014736;-50,38186997;SPRF-SC;DEL06-SC;UOP04-DEL06-SC
606604;10/06/2024;segunda-feira;19:00:00;RS;287;249;SANTA MARIA;Reação tardia ou ineficiente do condutor;Saída de leito carroçável;Com Vítimas Feridas;Plena Noite;Decrescente;Céu Claro;Dupla;Reta;Sim;1;0;1;0;0;0;1;1;-29,69400654;-53,86100019;SPRF-RS;DEL09-RS;UOP01-DEL09-RS
606605;10/06/2024;segunda-feira;18:45:00;RJ;101;97;CAMPOS DOS GOYTACAZES;Ausência de reação do condutor;Tombamento;Com Vítimas Feridas;Plena Noite;Decrescente;Céu Claro;Dupla;Curva;Sim;1;0;1;0;0;0;1;1;-21,87088071;-41,56576321;SPRF-RJ;DEL08-RJ;UOP02-DEL08-RJ
606606;10/06/2024;segunda-feira;17:20:00;BA;110;345;ALAGOINHAS;Transitar na contramão;Colisão frontal;Com Vítimas Feridas;Anoitecer;Crescente;Céu Claro;Simples;Reta;Não;3;0;2;0;1;0;2;2;-12,250048;-38,393554;SPRF-BA;DEL01-BA;UOP04-DEL01-BA
606607;10/06/2024;segunda-feira;18:00:00;BA;116;273;TUCANO;Ultrapassagem Indevida;Colisão frontal;Com Vítimas Fatais;Anoitecer;Crescente;Céu Claro;Simples;Reta;Não;2;1;0;0;1;0;0;2;-10,953356;-38,795472;SPRF-BA;DEL07-BA;UOP02-DEL07-BA
606608;10/06/2024;segunda-feira;18:25:00;MS;60;368;CAMPO GRANDE;Acessar a via sem observar a presença dos outros veículos;Colisão transversal;Com Vítimas Feridas;Plena Noite;Crescente;Céu Claro;Simples;Reta;Não;2;0;1;0;1;0;1;2;-20,56540881;-54,68292011;SPRF-MS;DEL01-MS;UOP04-DEL01-MS
606609;10/06/2024;segunda-feira;19:10:00;RS;116;248,2;SAO LEOPOLDO;Pedestre cruzava a pista fora da faixa;Atropelamento de Pedestre;Com Vítimas Feridas;Plena Noite;Decrescente;Céu Claro;Múltipla;Curva;Sim;2;0;1;1;0;0;2;2;-29,7776097;-51,1555529;SPRF-RS;DEL01-RS;UOP02-DEL01-RS
606610;10/06/2024;segunda-feira;18:40:00;MT;364;101,3;ALTO GARCAS;Retorno proibido;Colisão traseira;Com Vítimas Feridas;Plena Noite;Crescente;Céu Claro;Simples;Reta;Não;5;0;4;1;0;0;5;2;-16,83821361;-53,78160283;SPRF-MT;DEL02-MT;UOP02-DEL02-MT
606611;10/06/2024;segunda-feira;17:00:00;RO;364;374;OURO PRETO DO OESTE;Avarias e/ou desgaste excessivo no pneu;Saída de leito carroçável;Com Vítimas Feridas;Anoitecer;Crescente;Céu Claro;Simples;Curva;Não;2;0;0;1;0;1;1;2;-10,74495491;-62,17830295;SPRF-RO;DEL02-RO;UOP01-DEL02-RO
606612;10/06/2024;segunda-feira;18:50:00;PE;101;69;RECIFE;Reação tardia ou ineficiente do condutor;Colisão lateral mesmo sentido;Com Vítimas Feridas;Plena Noite;Decrescente;Céu Claro;Múltipla;Reta;Sim;2;0;1;0;1;0;1;2;-8,05951606;-34,94581024;SPRF-PE;DEL01-PE;UOP01-DEL01-PE
606613;10/06/2024;segunda-feira;18:20:00;SC;280;131,1;RIO NEGRINHO;Acessar a via sem observar a presença dos outros veículos;Atropelamento de Pedestre;Com Vítimas Fatais;Anoitecer;Decrescente;Céu Claro;Simples;"Reta;Declive";Não;2;1;0;0;1;0;0;2;-26,2562559;-49,540473;SPRF-SC;DEL06-SC;UOP03-DEL06-SC
606614;10/06/2024;segunda-feira;17:45:00;GO;452;39;SANTA HELENA DE GOIAS;Transitar na contramão;Colisão frontal;Com Vítimas Fatais;Anoitecer;Crescente;Céu Claro;Simples;Reta;Não;3;1;1;0;1;0;1;2;-17,924692;-50,565716;SPRF-GO;DEL04-GO;UOP01-DEL04-GO
606615;10/06/2024;segunda-feira;18:45:00;BA;324;624,9;SALVADOR;Manobra de mudança de faixa;Colisão traseira;Com Vítimas Feridas;Plena Noite;Decrescente;Céu Claro;Dupla;Reta;Sim;4;0;1;0;2;1;1;2;-12,933839;-38,47190701;SPRF-BA;DEL01-BA;UOP01-DEL01-BA
606616;10/06/2024;segunda-feira;20:00:00;TO;10;463;PALMAS;Demais falhas mecânicas ou elétricas;Queda de ocupante de veículo;Com Vítimas Feridas;Plena Noite;Crescente;Céu Claro;Múltipla;Reta;Sim;2;0;1;1;0;0;2;1;-10,240165;-48,311768;SPRF-TO;DEL01-TO;UOP03-DEL01-TO
606617;10/06/2024;segunda-feira;12:50:00;AC;364;178;BUJARI;Reação tardia ou ineficiente do condutor;Saída de leito carroçável;Com Vítimas Feridas;Pleno dia;Decrescente;Céu Claro;Simples;Declive;Não;1;0;1;0;0;0;1;1;-9,72855681;-68,11915688;SPRF-AC;DEL01-AC;UOP01-DEL01-AC
606618;10/06/2024;segunda-feira;14:20:00;PR;163;283;MARECHAL CANDIDO RONDON;Transitar na calçada;Colisão transversal;Com Vítimas Feridas;Pleno dia;Crescente;Céu Claro;Simples;Reta;Sim;2;0;0;1;1;0;1;2;-24,55622182;-54,03853208;SPRF-PR;DEL06-PR;UOP02-DEL06-PR
606619;10/06/2024;segunda-feira;15:43:00;PR;163;281;MARECHAL CANDIDO RONDON;Ausência de reação do condutor;Queda de ocupante de veículo;Com Vítimas Feridas;Pleno dia;Decrescente;Céu Claro;Simples;"Aclive;Curva";Não;1;0;1;0;0;0;1;1;-24,56866956;-54,03316498;SPRF-PR;DEL06-PR;UOP02-DEL06-PR
606620;10/06/2024;segunda-feira;17:00:00;RJ;101;287;ITABORAI;Ingestão de álcool pelo condutor;Colisão transversal;Sem Vítimas;Plena Noite;Crescente;Céu Claro;Dupla;Reta;Sim;3;0;0;0;3;0;0;2;-22,75517486;-42,83462502;SPRF-RJ;DEL02-RJ;UOP02-DEL02-RJ
606621;10/06/2024;segunda-feira;18:25:00;SC;101;39,4;JOINVILLE;Suicídio (presumido);Atropelamento de Pedestre;Com Vítimas Feridas;Plena Noite;Decrescente;Céu Claro;Dupla;Reta;Sim;2;0;1;0;1;0;1;2;-26,2628107;-48,90192257;SPRF-SC;DEL03-SC;UOP01-DEL03-SC
606622;10/06/2024;segunda-feira;20:35:00;BA;101;363;GANDU;Animais na Pista;Atropelamento de Animal;Com Vítimas Feridas;Plena Noite;Crescente;Garoa/Chuvisco;Simples;Reta;Não;1;0;1;0;0;0;1;1;-13,856841;-39,49252598;SPRF-BA;DEL05-BA;UOP03-DEL05-BA
606623;10/06/2024;segunda-feira;19:00:00;PR;467;108,2;CASCAVEL;Condutor deixou de manter distância do veículo da frente;Colisão traseira;Com Vítimas Feridas;Plena Noite;Decrescente;Céu Claro;Dupla;Curva;Sim;4;0;2;0;2;0;2;2;-24,9237;-53,4676;SPRF-PR;DEL04-PR;UOP01-DEL04-PR
606624;10/06/2024;segunda-feira;19:50:00;PR;277;693;SAO MIGUEL DO IGUACU;Manobra de mudança de faixa;Colisão transversal;Sem Vítimas;Plena Noite;Crescente;Céu Claro;Dupla;"Declive;Curva";Sim;2;0;0;0;2;0;0;2;-25,3731223;-54,27167056;SPRF-PR;DEL05-PR;UOP01-DEL05-PR
606625;10/06/2024;segunda-feira;17:55:00;BA;367;51;PORTO SEGURO;Acessar a via sem observar a presença dos outros veículos;Colisão transversal;Com Vítimas Feridas;Pleno dia;Crescente;Céu Claro;Simples;"Reta;Em Obras";Não;4;0;3;0;1;0;3;2;-16,37318452;-39,30755012;SPRF-BA;DEL09-BA;UOP03-DEL09-BA
606626;10/06/2024;segunda-feira;20:47:00;SC;101;102,6;BALNEARIO PICARRAS;Entrada inopinada do pedestre;Atropelamento de Pedestre;Com Vítimas Fatais;Plena Noite;Decrescente;Nublado;Múltipla;"Declive;Reta";Sim;3;1;0;0;1;1;0;3;-26,77383397;-48,68594062;SPRF-SC;DEL03-SC;UOP02-DEL03-SC
606627;10/06/2024;segunda-feira;20:30:00;SC;470;138,9;RIO DO SUL;Transitar na contramão;Colisão frontal;Com Vítimas Feridas;Plena Noite;Crescente;Céu Claro;Simples;"Reta;Aclive";Sim;2;0;0;1;1;0;1;2;-27,1980756;-49,62887049;SPRF-SC;DEL04-SC;UOP02-DEL04-SC
606629;10/06/2024;segunda-feira;21:20:00;SP;459;26;LORENA;Ausência de reação do condutor;Atropelamento de Animal;Com Vítimas Feridas;Plena Noite;Crescente;Nublado;Simples;"Reta;Ponte";Não;2;0;1;1;0;0;2;2;-22,693863;-45,122944;SPRF-SP;DEL08-SP;UOP02-DEL08-SP
606630;10/06/2024;segunda-feira;18:00:00;BA;101;66;ENTRE RIOS;Acumulo de areia ou detritos sobre o pavimento;Tombamento;Com Vítimas Feridas;Anoitecer;Decrescente;Céu Claro;Dupla;Reta;Não;1;0;1;0;0;0;1;1;-11,96567812;-38,16306497;SPRF-BA;DEL01-BA;UOP04-DEL01-BA
606631;10/06/2024;segunda-feira;13:30:00;BA;367;27;PORTO SEGURO;Reação tardia ou ineficiente do condutor;Saída de leito carroçável;Com Vítimas Feridas;Pleno dia;Decrescente;Céu Claro;Simples;Reta;Sim;1;0;1;0;0;0;1;1;-16,4238769;-39,10203391;SPRF-BA;DEL09-BA;UOP03-DEL09-BA
606633;10/06/2024;segunda-feira;18:02:00;AC;364;120;RIO BRANCO;Reação tardia ou ineficiente do condutor;Tombamento;Com Vítimas Feridas;Anoitecer;Decrescente;Céu Claro;Dupla;Reta;Não;2;0;1;0;1;0;1;1;-10,01238313;-67,76083946;SPRF-AC;DEL01-AC;UOP01-DEL01-AC
606634;10/06/2024;segunda-feira;20:30:00;RS;116;600,9;ARROIO GRANDE;Ausência de reação do condutor;Saída de leito carroçável;Com Vítimas Feridas;Plena Noite;Crescente;Céu Claro;Simples;Reta;Não;1;0;1;0;0;0;1;1;-32,17041493;-52,98705311;SPRF-RS;DEL07-RS;UOP03-DEL07-RS
606635;10/06/2024;segunda-feira;19:40:00;MG;381;456;BELO HORIZONTE;Reação tardia ou ineficiente do condutor;Saída de leito carroçável;Com Vítimas Feridas;Plena Noite;Crescente;Céu Claro;Dupla;Curva;Sim;1;0;1;0;0;0;1;1;-19,85862954;-43,91292495;SPRF-MG;DEL01-MG;UOP01-DEL01-MG
606636;10/06/2024;segunda-feira;20:40:00;SC;282;217,4;LAGES;Ausência de reação do condutor;Colisão com objeto;Com Vítimas Feridas;Plena Noite;Crescente;Nublado;Dupla;Reta;Sim;1;0;1;0;0;0;1;1;-27,797916;-50,302944;SPRF-SC;DEL05-SC;UOP01-DEL05-SC
606638;10/06/2024;segunda-feira;19:20:00;MG;116;280,5;TEOFILO OTONI;Reação tardia ou ineficiente do condutor;Tombamento;Com Vítimas Feridas;Plena Noite;Decrescente;Céu Claro;Simples;Declive;Não;1;0;1;0;0;0;1;1;-17,88475805;-41,52257715;SPRF-MG;DEL11-MG;UOP01-DEL11-MG
606639;10/06/2024;segunda-feira;21:20:00;CE;116;466;BARRO;Ausência de reação do condutor;Queda de ocupante de veículo;Com Vítimas Feridas;Plena Noite;Crescente;Céu Claro;Simples;Curva;Não;1;0;1;0;0;0;1;1;-7,22243491;-38,83869519;SPRF-CE;DEL05-CE;UOP03-DEL05-CE
606640;10/06/2024;segunda-feira;18:30:00;RJ;116;202;NOVA IGUACU;Condutor deixou de manter distância do veículo da frente;Queda de ocupante de veículo;Com Vítimas Feridas;Plena Noite;Decrescente;Céu Claro;Dupla;Reta;Sim;2;0;1;0;0;1;1;2;-22,72996588;-43,61317403;SPRF-RJ;DEL06-RJ;UOP02-DEL06-RJ
606641;10/06/2024;segunda-feira;21:00:00;BA;116;848;VITORIA DA CONQUISTA;Ultrapassagem Indevida;Saída de leito carroçável;Com Vítimas Feridas;Plena Noite;Decrescente;Céu Claro;Simples;Declive;Não;2;0;1;0;1;0;1;1;-14,9766721;-40,91649388;SPRF-BA;DEL08-BA;UOP01-DEL08-BA
606642;10/06/2024;segunda-feira;18:50:00;MG;116;236,5;TEOFILO OTONI;Ausência de reação do condutor;Queda de ocupante de veículo;Sem Vítimas;Plena Noite;Crescente;Nublado;Simples;"Reta;Ponte";Não;1;0;0;0;0;1;0;1;-17,53796419;-41,47966256;SPRF-MG;DEL11-MG;UOP01-DEL11-MG
606644;10/06/2024;segunda-feira;15:30:00;RJ;40;108;DUQUE DE CAXIAS;Ausência de reação do condutor;Colisão lateral mesmo sentido;Com Vítimas Feridas;Pleno dia;Crescente;Céu Claro;Múltipla;Reta;Sim;2;0;2;0;0;0;2;2;-22,66476979;-43,28495144;SPRF-RJ;DEL01-RJ;UOP02-DEL01-RJ
606645;10/06/2024;segunda-feira;20:52:00;PR;277;117;CAMPO LARGO;Reação tardia ou ineficiente do condutor;Saída de leito carroçável;Com Vítimas Feridas;Plena Noite;Decrescente;Céu Claro;Dupla;Reta;Não;1;0;1;0;0;0;1;1;-25,434195;-49,415613;SPRF-PR;DEL03-PR;UOP03-DEL03-PR
606646;10/06/2024;segunda-feira;19:00:00;PR;467;108,1;CASCAVEL;Velocidade Incompatível;Engavetamento;Com Vítimas Feridas;Plena Noite;Decrescente;Céu Claro;Dupla;"Curva;Declive";Sim;4;0;1;0;3;0;1;3;-24,9237;-53,4676;SPRF-PR;DEL04-PR;UOP01-DEL04-PR
606647;10/06/2024;segunda-feira;22:30:00;PB;230;25,9;JOAO PESSOA;Mal súbito do condutor;Colisão lateral mesmo sentido;Com Vítimas Feridas;Plena Noite;Crescente;Céu Claro;Simples;Reta;Sim;2;0;1;0;1;0;1;2;-7,1707;-34,8684;SPRF-PB;DEL01-PB;UOP01-DEL01-PB
606648;10/06/2024;segunda-feira;19:00:00;MT;70;743;CACERES;Ausência de reação do condutor;Saída de leito carroçável;Com Vítimas Feridas;Plena Noite;Crescente;Céu Claro;Simples;Rotatória;Não;1;0;0;1;0;0;1;1;-16,01269225;-57,73907661;SPRF-MT;DEL03-MT;UOP01-DEL03-MT
606652;10/06/2024;segunda-feira;19:00:00;PI;135;208;ELISEU MARTINS;Ausência de reação do condutor;Queda de ocupante de veículo;Com Vítimas Feridas;Plena Noite;Crescente;Céu Claro;Simples;Reta;Não;1;0;0;1;0;0;1;1;-8,0827498;-43,68713491;SPRF-PI;DEL03-PI;UOP01-DEL03-PI
606654;10/06/2024;segunda-feira;22:00:00;RN;304;40;MOSSORO;Ausência de reação do condutor;Saída de leito carroçável;Com Vítimas Feridas;Plena Noite;Decrescente;Céu Claro;Dupla;Curva;Sim;1;0;1;0;0;0;1;1;-5,196199;-37,3785;SPRF-RN;DEL04-RN;UOP01-DEL04-RN
606655;10/06/2024;segunda-feira;23:56:00;GO;364;259,8;JATAI;Ingestão de álcool pelo condutor;Saída de leito carroçável;Sem Vítimas;Plena Noite;Decrescente;Céu Claro;Simples;Reta;Não;1;0;0;0;1;0;0;1;-17,673866;-52,216778;SPRF-GO;DEL05-GO;UOP01-DEL05-GO
606656;10/06/2024;segunda-feira;20:50:00;MG;116;753,5;LEOPOLDINA;Condutor Dormindo;Colisão lateral sentido oposto;Sem Vítimas;Plena Noite;Crescente;Céu Claro;Simples;Curva;Não;5;0;0;0;5;0;0;2;-21,47568319;-42,56682787;SPRF-MG;DEL07-MG;UOP01-DEL07-MG
606659;11/06/2024;terça-feira;01:00:00;RS;158;563;SANTANA DO LIVRAMENTO;Animais na Pista;Tombamento;Com Vítimas Feridas;Plena Noite;Decrescente;Céu Claro;Simples;Reta;Sim;1;0;1;0;0;0;1;1;-30,857515;-55,500279;SPRF-RS;DEL11-RS;UOP01-DEL11-RS
606662;11/06/2024;terça-feira;00:20:00;ES;101;269;SERRA;Ausência de reação do condutor;Saída de leito carroçável;Sem Vítimas;Plena Noite;Crescente;Céu Claro;Múltipla;Reta;Sim;1;0;0;0;1;0;0;1;-20,21740496;-40,26990578;SPRF-ES;DEL02-ES;UOP01-DEL02-ES
606663;11/06/2024;terça-feira;01:30:00;SC;101;158,2;PORTO BELO;Ausência de reação do condutor;Colisão com objeto;Sem Vítimas;Plena Noite;Decrescente;Nublado;Dupla;Reta;Sim;2;0;0;0;2;0;0;2;-27,19096301;-48,61259017;SPRF-SC;DEL04-SC;UOP03-DEL04-SC
606664;10/06/2024;segunda-feira;17:45:00;CE;116;2;FORTALEZA;Transitar no Acostamento;Atropelamento de Pedestre;Com Vítimas Feridas;Anoitecer;Crescente;Nublado;Múltipla;Reta;Sim;2;0;1;0;0;1;1;2;-3,77019802;-38,51724508;SPRF-CE;DEL01-CE;UOP02-DEL01-CE
606665;10/06/2024;segunda-feira;19:30:00;SC;101;442;SANTA ROSA DO SUL;Velocidade Incompatível;Colisão traseira;Com Vítimas Feridas;Plena Noite;Decrescente;Céu Claro;Múltipla;Reta;Sim;3;0;1;1;1;0;2;3;-29,12959329;-49,68678391;SPRF-SC;DEL02-SC;UOP02-DEL02-SC
606666;11/06/2024;terça-feira;01:50:00;MT;174;108;CACERES;Ingestão de álcool pelo condutor;Saída de leito carroçável;Com Vítimas Feridas;Plena Noite;Crescente;Céu Claro;Simples;Reta;Não;1;0;1;0;0;0;1;1;-15,81657516;-57,96202183;SPRF-MT;DEL03-MT;UOP01-DEL03-MT
606671;11/06/2024;terça-feira;06:40:00;RS;116;266;CANOAS;Acessar a via sem observar a presença dos outros veículos;Colisão lateral mesmo sentido;Com Vítimas Feridas;Amanhecer;Decrescente;Céu Claro;Dupla;Reta;Sim;2;0;1;0;1;0;1;2;-29,93242399;-51,17742077;SPRF-RS;DEL01-RS;UOP01-DEL01-RS
606673;10/06/2024;segunda-feira;15:00:00;BA;324;401,7;NOVA FATIMA;Condutor Dormindo;Saída de leito carroçável;Com Vítimas Feridas;Pleno dia;Crescente;Céu Claro;Simples;Reta;Não;1;0;1;0;0;0;1;1;-11,58663793;-39,65183093;SPRF-BA;DEL04-BA;UOP02-DEL04-BA
606674;11/06/2024;terça-feira;06:50:00;PR;277;632,7;CEU AZUL;Ausência de reação do condutor;Colisão com objeto;Sem Vítimas;Pleno dia;Crescente;Céu Claro;Simples;Interseção de Vias;Não;2;0;0;0;2;0;0;1;-25,12585236;-53,81903487;SPRF-PR;DEL05-PR;UOP02-DEL05-PR
606675;11/06/2024;terça-feira;06:30:00;ES;101;293,8;CARIACICA;Ausência de reação do condutor;Colisão traseira;Com Vítimas Feridas;Amanhecer;Decrescente;Nublado;Dupla;Reta;Sim;2;0;2;0;0;0;2;2;-20,31526144;-40,39567044;SPRF-ES;DEL01-ES;UOP01-DEL01-ES
606676;10/06/2024;segunda-feira;10:10:00;MG;381;542;ITATIAIUCU;Demais falhas mecânicas ou elétricas;Incêndio;Sem Vítimas;Pleno dia;Crescente;Céu Claro;Simples;"Curva;Aclive";Não;1;0;0;0;0;1;0;1;-20,2375699;-44,41151977;SPRF-MG;DEL04-MG;UOP03-DEL04-MG
606677;10/06/2024;segunda-feira;21:00:00;MG;381;251,7;IPATINGA;Pedestre andava na pista;Atropelamento de Pedestre;Com Vítimas Feridas;Plena Noite;Decrescente;Céu Claro;Simples;"Aclive;Reta";Sim;2;0;1;0;1;0;1;2;-19,48994405;-42,56156695;SPRF-MG;DEL06-MG;UOP01-DEL06-MG
606678;11/06/2024;terça-feira;07:32:00;SP;116;539;BARRA DO TURVO;Reação tardia ou ineficiente do condutor;Saída de leito carroçável;Com Vítimas Feridas;Pleno dia;Decrescente;Céu Claro;Dupla;Reta;Não;1;0;1;0;0;0;1;1;-24,96952986;-48,38241194;SPRF-SP;DEL05-SP;UOP02-DEL05-SP
606679;11/06/2024;terça-feira;07:30:00;RN;101;94;NATAL;Velocidade Incompatível;Colisão traseira;Com Vítimas Feridas;Pleno dia;Decrescente;Sol;Dupla;Reta;Sim;3;0;0;2;1;0;2;2;-5,83176615;-35,21191342;SPRF-RN;DEL01-RN;UOP01-DEL01-RN
606681;10/06/2024;segunda-feira;19:20:00;RJ;465;12;SEROPEDICA;Deficiência do Sistema de Iluminação/Sinalização;Colisão transversal;Com Vítimas Feridas;Anoitecer;Decrescente;Céu Claro;Simples;Reta;Sim;4;0;1;0;3;0;1;2;-22,791252;-43,651257;SPRF-RJ;DEL06-RJ;UOP02-DEL06-RJ
606682;11/06/2024;terça-feira;07:30:00;MG;381;934,2;EXTREMA;Ausência de reação do condutor;Saída de leito carroçável;Com Vítimas Feridas;Pleno dia;Crescente;Céu Claro;Simples;"Curva;Aclive";Não;4;0;2;1;1;0;3;2;-22,79930602;-46,26354909;SPRF-MG;DEL16-MG;UOP03-DEL16-MG
606683;11/06/2024;terça-feira;07:45:00;RS;290;82;PORTO ALEGRE;Avarias e/ou desgaste excessivo no pneu;Tombamento;Com Vítimas Feridas;Pleno dia;Crescente;Nublado;Múltipla;Reta;Sim;2;0;2;0;0;0;2;1;-29,955839;-51,079105;SPRF-RS;DEL01-RS;UOP01-DEL01-RS
606684;11/06/2024;terça-feira;07:30:00;PR;369;141,8;IBIPORA;Ausência de reação do condutor;Colisão traseira;Com Vítimas Feridas;Pleno dia;Crescente;Céu Claro;Simples;Reta;Não;2;0;2;0;0;0;2;2;-23,28122272;-51,06895924;SPRF-PR;DEL07-PR;UOP01-DEL07-PR