id;data_inversa;dia_semana;horario;uf;br;km;municipio;causa_acidente;tipo_acidente;classificacao_acidente;fase_dia;sentido_via;condicao_metereologica;tipo_pista;tracado_via;uso_solo;pessoas;mortos;feridos_leves;feridos_graves;ilesos;ignorados;feridos;veiculos;latitude;longitude;regional;delegacia;uop
606685;11/06/2024;terça-feira;07:00:00;RJ;116;169;RIO DE JANEIRO;Trafegar com motocicleta (ou similar) entre as faixas;Queda de ocupante de veículo;Com Vítimas Feridas;Pleno dia;Decrescente;Céu Claro;Dupla;Reta;Sim;3;0;1;0;2;0;1;3;-22,816206;-43,324463;SPRF-RJ;DEL06-RJ;UOP01-DEL06-RJ
606688;07/06/2024;sexta-feira;21:00:00;RJ;495;1;TERESOPOLIS;Condutor deixou de manter distância do veículo da frente;Colisão traseira;Com Vítimas Feridas;Plena Noite;Decrescente;Céu Claro;Simples;Reta;Sim;2;0;1;0;1;0;1;2;-22,400555;-42,976154;SPRF-RJ;DEL04-RJ;UOP01-DEL04-RJ
606689;23/03/2024;sábado;23:00:00;ES;101;262;SERRA;Condutor deixou de manter distância do veículo da frente;Colisão frontal;Com Vítimas Feridas;Plena Noite;Crescente;Céu Claro;Dupla;Reta;Sim;2;0;0;1;1;0;1;2;-20,1572331;-40,27678329;SPRF-ES;DEL02-ES;UOP01-DEL02-ES
606691;11/06/2024;terça-feira;08:20:00;RJ;40;91;DUQUE DE CAXIAS;Reação tardia ou ineficiente do condutor;Queda de ocupante de veículo;Com Vítimas Feridas;Pleno dia;Decrescente;Céu Claro;Simples;Reta;Não;1;0;1;0;0;0;1;1;-22,54903566;-43,24229724;SPRF-RJ;DEL01-RJ;UOP01-DEL01-RJ
606692;11/06/2024;terça-feira;08:45:00;SP;116;182;SANTA ISABEL;Reação tardia ou ineficiente do condutor;Colisão com objeto;Com Vítimas Feridas;Pleno dia;Decrescente;Sol;Dupla;Desvio Temporário;Não;1;0;1;0;0;0;1;1;-23,34505765;-46,16213519;SPRF-SP;DEL01-SP;UOP01-DEL01-SP
606693;11/06/2024;terça-feira;08:56:00;PE;101;76;RECIFE;Acessar a via sem observar a presença dos outros veículos;Colisão transversal;Com Vítimas Feridas;Pleno dia;Crescente;Céu Claro;Dupla;Reta;Sim;2;0;1;0;1;0;1;2;-8,11813811;-34,94329214;SPRF-PE;DEL01-PE;UOP01-DEL01-PE
606694;11/06/2024;terça-feira;07:40:00;MG;365;569;INDIANOPOLIS;Ultrapassagem Indevida;Saída de leito carroçável;Com Vítimas Feridas;Pleno dia;Crescente;Céu Claro;Simples;"Reta;Declive";Não;4;0;1;0;3;0;1;2;-18,91312283;-47,86289793;SPRF-MG;DEL15-MG;UOP02-DEL15-MG
606698;11/06/2024;terça-feira;08:00:00;SC;470;100;APIUNA;Condutor deixou de manter distância do veículo da frente;Colisão traseira;Com Vítimas Feridas;Pleno dia;Decrescente;Nublado;Simples;Reta;Não;2;0;1;0;1;0;1;2;-27,045143;-49,394142;SPRF-SC;DEL04-SC;UOP02-DEL04-SC
606699;01/02/2024;quinta-feira;21:50:00;PR;116;7;CAMPINA GRANDE DO SUL;Acesso irregular;Colisão traseira;Com Vítimas Feridas;Plena Noite;Crescente;Céu Claro;Dupla;Reta;Sim;2;0;0;1;1;0;1;2;-25,3683;-49,1074;SPRF-PR;DEL01-PR;UOP02-DEL01-PR
606701;10/05/2024;sexta-feira;11:08:00;ES;101;314,9;VILA VELHA;Velocidade Incompatível;Tombamento;Com Vítimas Feridas;Pleno dia;Crescente;Sol;Dupla;Curva;Não;1;0;0;1;0;0;1;1;-20,46976694;-40,46795209;SPRF-ES;DEL01-ES;UOP01-DEL01-ES
606702;11/06/2024;terça-feira;09:00:00;RS;116;262;CANOAS;Acessar a via sem observar a presença dos outros veículos;Colisão lateral mesmo sentido;Com Vítimas Feridas;Pleno dia;Crescente;Céu Claro;Dupla;"Viaduto;Reta";Sim;2;0;1;0;1;0;1;2;-29,896475;-51,17593;SPRF-RS;DEL01-RS;UOP01-DEL01-RS
606703;11/06/2024;terça-feira;09:40:00;SP;116;122;CACAPAVA;Reação tardia ou ineficiente do condutor;Atropelamento de Pedestre;Com Vítimas Feridas;Pleno dia;Decrescente;Céu Claro;Dupla;Reta;Não;2;0;2;0;0;0;2;2;-23,08192414;-45,66154591;SPRF-SP;DEL02-SP;UOP02-DEL02-SP
606705;01/06/2024;sábado;04:37:00;MS;419;235;AQUIDAUANA;Ausência de reação do condutor;Atropelamento de Animal;Com Vítimas Feridas;Plena Noite;Decrescente;Nublado;Simples;"Em Obras;Reta";Não;2;0;0;2;0;0;2;1;-20,500391;-55,81333;SPRF-MS;DEL03-MS;UOP01-DEL03-MS
606707;11/06/2024;terça-feira;09:30:00;PA;316;19,1;BENEVIDES;Ausência de reação do condutor;Tombamento;Com Vítimas Feridas;Pleno dia;Crescente;Céu Claro;Dupla;Reta;Sim;1;0;1;0;0;0;1;1;-1,3642339;-48,266582;SPRF-PA;DEL01-PA;UOP01-DEL01-PA
606708;11/06/2024;terça-feira;07:30:00;PE;407;129,8;PETROLINA;Manobra de mudança de faixa;Queda de ocupante de veículo;Com Vítimas Feridas;Pleno dia;Decrescente;Céu Claro;Dupla;"Reta;Ponte";Não;2;0;0;1;0;1;1;2;-9,40769;-40,504888;SPRF-PE;DEL06-PE;UOP01-DEL06-PE
606712;06/06/2024;quinta-feira;18:40:00;RS;101;12,9;MAQUINE;Ausência de sinalização;Colisão transversal;Com Vítimas Feridas;Plena Noite;Crescente;Céu Claro;Simples;Reta;Não;3;0;1;0;2;0;1;2;-29,6781;-50,2066;SPRF-RS;DEL03-RS;UOP01-DEL03-RS
606714;11/06/2024;terça-feira;09:50:00;PI;343;345,3;TERESINA;Conversão proibida;Colisão transversal;Com Vítimas Feridas;Pleno dia;Crescente;Céu Claro;Simples;Reta;Sim;2;0;0;1;0;1;1;2;-5,102889;-42,766506;SPRF-PI;DEL01-PI;UOP01-DEL01-PI
606715;11/06/2024;terça-feira;10:58:00;MG;381;939;EXTREMA;Reação tardia ou ineficiente do condutor;Saída de leito carroçável;Com Vítimas Feridas;Pleno dia;Crescente;Céu Claro;Dupla;Curva;Não;1;0;1;0;0;0;1;1;-22,81890931;-46,29673004;SPRF-MG;DEL16-MG;UOP03-DEL16-MG
606716;10/06/2024;segunda-feira;08:00:00;MS;463;4;DOURADOS;Ausência de reação do condutor;Colisão traseira;Com Vítimas Feridas;Pleno dia;Crescente;Céu Claro;Simples;Reta;Não;2;0;1;0;1;0;1;2;-22,25932395;-54,842668;SPRF-MS;DEL04-MS;UOP01-DEL04-MS
606717;11/06/2024;terça-feira;09:30:00;SP;459;13,3;PIQUETE;Acumulo de óleo sobre o pavimento;Tombamento;Com Vítimas Feridas;Pleno dia;Decrescente;Sol;Dupla;Curva;Não;1;0;1;0;0;0;1;1;-22,605106;-45,180016;SPRF-SP;DEL08-SP;UOP02-DEL08-SP
606720;11/06/2024;terça-feira;09:30:00;AL;316;105;DOIS RIACHOS;Acesso irregular;Colisão transversal;Com Vítimas Feridas;Pleno dia;Decrescente;Nublado;Simples;Reta;Não;2;0;0;1;1;0;1;2;-9,38447276;-37,07125601;SPRF-AL;DEL03-AL;UOP01-DEL03-AL
606721;11/06/2024;terça-feira;08:00:00;PR;369;187,4;ARAPONGAS;Conversão proibida;Colisão lateral sentido oposto;Com Vítimas Feridas;Pleno dia;Decrescente;Céu Claro;Simples;Reta;Sim;2;0;1;0;1;0;1;2;-23,42706856;-51,4228998;SPRF-PR;DEL07-PR;UOP03-DEL07-PR
606722;11/06/2024;terça-feira;10:30:00;PI;343;3,6;TERESINA;Condutor deixou de manter distância do veículo da frente;Colisão traseira;Sem Vítimas;Pleno dia;Crescente;Céu Claro;Múltipla;Reta;Sim;2;0;0;0;2;0;0;2;-5,080533;-42,782902;SPRF-PI;DEL05-PI;UOP01-DEL05-PI
606723;11/06/2024;terça-feira;10:30:00;SC;280;232;CANOINHAS;Reação tardia ou ineficiente do condutor;Colisão traseira;Sem Vítimas;Pleno dia;Decrescente;Céu Claro;Simples;Reta;Sim;2;0;0;0;2;0;0;2;-26,19014736;-50,38186997;SPRF-SC;DEL06-SC;UOP04-DEL06-SC
606724;11/06/2024;terça-feira;11:10:00;RS;116;266,7;CANOAS;Manobra de mudança de faixa;Colisão lateral mesmo sentido;Com Vítimas Feridas;Pleno dia;Decrescente;Nublado;Múltipla;Reta;Sim;2;0;1;0;1;0;1;2;-29,93242399;-51,17742077;SPRF-RS;DEL01-RS;UOP01-DEL01-RS
606726;11/06/2024;terça-feira;12:00:00;MG;381;878;ESTIVA;Condutor Dormindo;Saída de leito carroçável;Com Vítimas Feridas;Pleno dia;Decrescente;Sol;Dupla;"Reta;Aclive";Não;1;0;1;0;0;0;1;1;-22,44694874;-45,99477768;SPRF-MG;DEL16-MG;UOP01-DEL16-MG
606729;11/06/2024;terça-feira;10:00:00;RJ;101;417;MANGARATIBA;Ausência de reação do condutor;Tombamento;Com Vítimas Feridas;Pleno dia;Decrescente;Sol;Simples;"Reta;Declive";Não;2;0;1;0;1;0;1;1;-22,91293797;-43,89732384;SPRF-RJ;DEL03-RJ;UOP02-DEL03-RJ
606730;11/06/2024;terça-feira;11:10:00;PR;369;53,2;BANDEIRANTES;Ultrapassagem Indevida;Colisão frontal;Com Vítimas Fatais;Pleno dia;Decrescente;Sol;Simples;"Reta;Retorno Regulamentado;Declive";Não;4;1;2;0;0;1;2;3;-23,104299;-50,351674;SPRF-PR;DEL07-PR;UOP05-DEL07-PR
606731;11/06/2024;terça-feira;11:40:00;RJ;116;296,8;PORTO REAL;Condutor deixou de manter distância do veículo da frente;Colisão traseira;Sem Vítimas;Pleno dia;Crescente;Céu Claro;Dupla;"Reta;Em Obras";Não;2;0;0;0;2;0;0;2;-22,44937197;-44,32171194;SPRF-RJ;DEL07-RJ;UOP02-DEL07-RJ
606734;11/06/2024;terça-feira;12:00:00;SC;101;214,2;PALHOCA;Condutor deixou de manter distância do veículo da frente;Colisão lateral mesmo sentido;Com Vítimas Feridas;Pleno dia;Crescente;Céu Claro;Dupla;Reta;Sim;2;0;1;0;1;0;1;2;-27,64443;-48,67057;SPRF-SC;DEL01-SC;UOP02-DEL01-SC
606735;11/06/2024;terça-feira;11:45:00;SP;381;1;VARGEM;Reação tardia ou ineficiente do condutor;Tombamento;Com Vítimas Feridas;Pleno dia;Decrescente;Céu Claro;Dupla;Reta;Não;2;0;2;0;0;0;2;1;-22,88146043;-46,38105397;SPRF-SP;DEL03-SP;UOP02-DEL03-SP
606738;11/06/2024;terça-feira;12:30:00;SC;101;151;ITAPEMA;Transitar na contramão;Colisão frontal;Com Vítimas Feridas;Pleno dia;Decrescente;Céu Claro;Dupla;Reta;Sim;2;0;0;1;1;0;1;2;-27,126536;-48,609642;SPRF-SC;DEL04-SC;UOP03-DEL04-SC
606742;11/06/2024;terça-feira;06:55:00;RS;470;338,1;TRIUNFO;Animais na Pista;Atropelamento de Animal;Com Vítimas Feridas;Amanhecer;Crescente;Nublado;Simples;Curva;Não;2;0;2;0;0;0;2;2;-29,92201712;-51,71434555;SPRF-RS;DEL04-RS;UOP02-DEL04-RS
606743;11/06/2024;terça-feira;12:06:00;GO;153;291,3;RIALMA;Reação tardia ou ineficiente do condutor;Colisão traseira;Com Vítimas Feridas;Pleno dia;Decrescente;Céu Claro;Simples;Reta;Não;2;0;1;0;1;0;1;2;-15,217886;-49,550522;SPRF-GO;DEL02-GO;UOP02-DEL02-GO
606746;11/06/2024;terça-feira;13:20:00;ES;101;300;VIANA;Acessar a via sem observar a presença dos outros veículos;Atropelamento de Pedestre;Com Vítimas Feridas;Pleno dia;Decrescente;Sol;Dupla;Reta;Sim;2;0;0;1;1;0;1;2;-20,358635;-40,432167;SPRF-ES;DEL01-ES;UOP01-DEL01-ES
606747;11/06/2024;terça-feira;13:00:00;MG;40;558,5;NOVA LIMA;Demais falhas mecânicas ou elétricas;Incêndio;Com Vítimas Feridas;Pleno dia;Decrescente;Céu Claro;Dupla;Reta;Sim;2;0;1;0;1;0;1;1;-20,11861708;-43,96783926;SPRF-MG;DEL01-MG;UOP02-DEL01-MG
606748;30/05/2024;quinta-feira;07:45:00;SC;101;208;SAO JOSE;Acessar a via sem observar a presença dos outros veículos;Colisão lateral mesmo sentido;Com Vítimas Feridas;Pleno dia;Decrescente;Céu Claro;Múltipla;"Declive;Reta";Sim;3;0;1;0;2;0;1;2;-27,60327979;-48,63201818;SPRF-SC;DEL01-SC;UOP01-DEL01-SC
606750;01/04/2024;segunda-feira;14:10:00;PA;155;110;XINGUARA;Acumulo de óleo sobre o pavimento;Colisão traseira;Sem Vítimas;Pleno dia;Decrescente;Céu Claro;Simples;Reta;Sim;5;0;0;0;4;1;0;4;-7,1052567;-49,93721474;SPRF-PA;DEL03-PA;UOP01-DEL03-PA
606752;11/06/2024;terça-feira;12:35:00;RS;101;63;MAQUINE;Demais falhas mecânicas ou elétricas;Incêndio;Sem Vítimas;Pleno dia;Decrescente;Nublado;Dupla;Reta;Não;1;0;0;0;1;0;0;1;-29,69621105;-50,16781159;SPRF-RS;DEL03-RS;UOP02-DEL03-RS
606753;11/06/2024;terça-feira;08:27:00;PA;163;612;TRAIRAO;Reação tardia ou ineficiente do condutor;Saída de leito carroçável;Com Vítimas Feridas;Pleno dia;Decrescente;Céu Claro;Simples;Aclive;Não;2;0;2;0;0;0;2;1;-4,76215934;-56,08800675;SPRF-PA;DEL05-PA;UOP02-DEL05-PA
606754;03/06/2024;segunda-feira;15:00:00;MS;376;83,3;DEODAPOLIS;Ausência de reação do condutor;Saída de leito carroçável;Com Vítimas Feridas;Pleno dia;Decrescente;Céu Claro;Simples;Reta;Não;2;0;1;1;0;0;2;1;-22,27921535;-54,16091009;SPRF-MS;DEL04-MS;UOP04-DEL04-MS
606756;11/06/2024;terça-feira;14:10:00;SC;280;24,9;ARAQUARI;Ausência de reação do condutor;Colisão lateral mesmo sentido;Com Vítimas Feridas;Pleno dia;Decrescente;Céu Claro;Simples;"Reta;Interseção de Vias";Sim;2;0;1;0;0;1;1;2;-26,37724921;-48,71953282;SPRF-SC;DEL03-SC;UOP03-DEL03-SC
606758;31/05/2024;sexta-feira;04:40:00;CE;116;309;JAGUARIBE;Pedestre andava na pista;Atropelamento de Pedestre;Com Vítimas Fatais;Amanhecer;Crescente;Céu Claro;Simples;Reta;Sim;2;1;0;0;1;0;0;2;-5,89477992;-38,61975447;SPRF-CE;DEL05-CE;UOP02-DEL05-CE
606760;26/05/2024;domingo;19:00:00;CE;222;244;SOBRAL;Ausência de reação do condutor;Colisão traseira;Com Vítimas Feridas;Plena Noite;Decrescente;Céu Claro;Simples;Reta;Não;6;0;6;0;0;0;6;2;-3,7568905;-40,54116703;SPRF-CE;DEL04-CE;UOP01-DEL04-CE
606761;11/06/2024;terça-feira;13:00:00;MG;40;552;NOVA LIMA;Transitar na contramão;Colisão frontal;Com Vítimas Feridas;Pleno dia;Crescente;Céu Claro;Simples;Reta;Sim;2;0;0;1;1;0;1;2;-20,06084086;-43,97716423;SPRF-MG;DEL01-MG;UOP02-DEL01-MG
606762;11/06/2024;terça-feira;14:10:00;RJ;101;265;RIO BONITO;Objeto estático sobre o leito carroçável;Colisão com objeto;Com Vítimas Feridas;Pleno dia;Crescente;Céu Claro;Dupla;Reta;Não;1;0;1;0;0;0;1;1;-22,71359987;-42,64391188;SPRF-RJ;DEL02-RJ;UOP03-DEL02-RJ
606765;11/06/2024;terça-feira;13:40:00;MG;116;442,4;ENGENHEIRO CALDAS;Acessar a via sem observar a presença dos outros veículos;Colisão transversal;Com Vítimas Feridas;Pleno dia;Decrescente;Céu Claro;Simples;Curva;Não;2;0;0;1;1;0;1;2;-19,09304397;-42,00040903;SPRF-MG;DEL06-MG;UOP01-DEL06-MG
606766;11/06/2024;terça-feira;14:20:00;PI;343;8;PARNAIBA;Desrespeitar a preferência no cruzamento;Colisão transversal;Sem Vítimas;Pleno dia;Decrescente;Céu Claro;Simples;Rotatória;Sim;2;0;0;0;2;0;0;2;-2,899382;-41,723724;SPRF-PI;DEL05-PI;UOP01-DEL05-PI
606767;11/06/2024;terça-feira;14:30:00;SP;116;298,9;SAO LOURENCO DA SERRA;Manobra de mudança de faixa;Colisão lateral mesmo sentido;Com Vítimas Feridas;Pleno dia;Decrescente;Céu Claro;Múltipla;Aclive;Não;3;0;2;0;1;0;2;2;-23,790858;-46,91450298;SPRF-SP;DEL04-SP;UOP01-DEL04-SP
606773;11/06/2024;terça-feira;13:50:00;MS;163;473,3;CAMPO GRANDE;Ausência de reação do condutor;Saída de leito carroçável;Com Vítimas Feridas;Pleno dia;Crescente;Céu Claro;Simples;"Reta;Aclive";Não;4;0;2;0;2;0;2;2;-20,53459008;-54,56411122;SPRF-MS;DEL01-MS;UOP01-DEL01-MS
606775;11/06/2024;terça-feira;15:50:00;SC;280;128;RIO NEGRINHO;Ausência de reação do condutor;Colisão traseira;Sem Vítimas;Pleno dia;Crescente;Céu Claro;Simples;"Declive;Reta";Não;2;0;0;0;2;0;0;2;-26,24317941;-49,51320018;SPRF-SC;DEL06-SC;UOP03-DEL06-SC
606777;11/06/2024;terça-feira;16:00:00;PR;376;119;ALTO PARANA;Reação tardia ou ineficiente do condutor;Capotamento;Com Vítimas Feridas;Pleno dia;Crescente;Céu Claro;Dupla;Reta;Não;1;0;1;0;0;0;1;1;-23,11770767;-52,32130785;SPRF-PR;DEL09-PR;UOP02-DEL09-PR
606778;11/06/2024;terça-feira;16:00:00;RJ;101;428;MANGARATIBA;Acumulo de areia ou detritos sobre o pavimento;Queda de ocupante de veículo;Com Vítimas Feridas;Pleno dia;Crescente;Céu Claro;Simples;Curva;Não;1;0;0;1;0;0;1;1;-22,93391858;-43,9899979;SPRF-RJ;DEL03-RJ;UOP02-DEL03-RJ
606779;11/06/2024;terça-feira;16:10:00;SC;101;153;PORTO BELO;Ausência de reação do condutor;Engavetamento;Sem Vítimas;Pleno dia;Crescente;Céu Claro;Dupla;Retorno Regulamentado;Sim;3;0;0;0;3;0;0;3;-27,144717;-48,61063935;SPRF-SC;DEL04-SC;UOP03-DEL04-SC
606780;11/06/2024;terça-feira;13:02:00;RJ;40;119;DUQUE DE CAXIAS;Reação tardia ou ineficiente do condutor;Colisão lateral mesmo sentido;Com Vítimas Feridas;Pleno dia;Crescente;Céu Claro;Dupla;Reta;Sim;3;0;2;0;1;0;2;2;-22,76375592;-43,28683062;SPRF-RJ;DEL01-RJ;UOP02-DEL01-RJ
606781;11/06/2024;terça-feira;14:30:00;MG;116;516,1;CARATINGA;Reação tardia ou ineficiente do condutor;Saída de leito carroçável;Com Vítimas Feridas;Pleno dia;Crescente;Céu Claro;Simples;Curva;Não;1;0;1;0;0;0;1;1;-19,69633994;-42,11689689;SPRF-MG;DEL06-MG;UOP02-DEL06-MG
606783;19/05/2024;domingo;05:50:00;MG;381;511;IGARAPE;Manobra de mudança de faixa;Colisão lateral mesmo sentido;Com Vítimas Feridas;Amanhecer;Decrescente;Céu Claro;Dupla;"Declive;Reta";Não;17;0;1;0;16;0;1;2;-20,08463223;-44,3099407;SPRF-MG;DEL01-MG;UOP03-DEL01-MG
606787;11/06/2024;terça-feira;12:35:00;AC;317;117;SENADOR GUIOMARD;Velocidade Incompatível;Saída de leito carroçável;Com Vítimas Feridas;Pleno dia;Decrescente;Céu Claro;Simples;Curva;Não;1;0;0;1;0;0;1;1;-10,36208864;-67,68769407;SPRF-AC;DEL01-AC;UOP01-DEL01-AC
606788;11/06/2024;terça-feira;15:55:00;AL;316;156;PALMEIRA DOS INDIOS;Acessar a via sem observar a presença dos outros veículos;Colisão transversal;Com Vítimas Feridas;Pleno dia;Crescente;Nublado;Simples;Reta;Sim;2;0;1;0;1;0;1;2;-9,42840267;-36,616745;SPRF-AL;DEL03-AL;UOP01-DEL03-AL
606789;11/06/2024;terça-feira;17:30:00;SC;101;143;ITAPEMA;Condutor deixou de manter distância do veículo da frente;Colisão traseira;Com Vítimas Feridas;Pleno dia;Decrescente;Nublado;Dupla;Reta;Sim;3;0;2;0;0;1;2;3;-27,06436;-48,59599405;SPRF-SC;DEL04-SC;UOP03-DEL04-SC
606791;11/06/2024;terça-feira;17:40:00;ES;101;272;SERRA;Acessar a via sem observar a presença dos outros veículos;Colisão transversal;Com Vítimas Feridas;Plena Noite;Decrescente;Céu Claro;Múltipla;Reta;Não;2;0;1;0;1;0;1;2;-20,22724888;-40,28426988;SPRF-ES;DEL02-ES;UOP01-DEL02-ES
606792;11/06/2024;terça-feira;17:00:00;PB;230;25;JOAO PESSOA;Acessar a via sem observar a presença dos outros veículos;Colisão transversal;Com Vítimas Feridas;Anoitecer;Decrescente;Sol;Múltipla;"Reta;Interseção de Vias;Em Obras";Sim;2;0;1;0;1;0;1;2;-7,17056214;-34,87128854;SPRF-PB;DEL01-PB;UOP01-DEL01-PB
606793;11/06/2024;terça-feira;15:48:00;GO;60;187,3;GUAPO;Ingestão de álcool pelo condutor;Colisão traseira;Com Vítimas Feridas;Pleno dia;Crescente;Céu Claro;Dupla;Reta;Sim;3;0;1;0;1;1;1;3;-16,8068;-49,5257;SPRF-GO;DEL01-GO;UOP02-DEL01-GO
606794;11/06/2024;terça-feira;16:36:00;RO;364;213,6;PIMENTA BUENO;Acumulo de areia ou detritos sobre o pavimento;Tombamento;Com Vítimas Feridas;Pleno dia;Decrescente;Sol;Simples;"Declive;Reta";Não;3;0;0;1;0;2;1;2;-11,57317165;-61,27529467;SPRF-RO;DEL02-RO;UOP02-DEL02-RO
606796;11/06/2024;terça-feira;14:40:00;MG;50;177;UBERABA;Ausência de reação do condutor;Colisão traseira;Sem Vítimas;Pleno dia;Decrescente;Céu Claro;Dupla;Curva;Não;2;0;0;0;2;0;0;2;-19,77914852;-47,95047701;SPRF-MG;DEL13-MG;UOP01-DEL13-MG
606797;11/06/2024;terça-feira;17:46:00;RS;116;237;NOVO HAMBURGO;Reação tardia ou ineficiente do condutor;Colisão lateral mesmo sentido;Com Vítimas Feridas;Anoitecer;Crescente;Céu Claro;Dupla;Em Obras;Não;2;0;1;0;1;0;1;2;-29,67839398;-51,1422266;SPRF-RS;DEL01-RS;UOP02-DEL01-RS
606798;11/06/2024;terça-feira;14:40:00;MG;262;871;CAMPO FLORIDO;Condutor usando celular;Saída de leito carroçável;Com Vítimas Feridas;Pleno dia;Decrescente;Céu Claro;Dupla;"Reta;Aclive";Não;2;0;1;0;1;0;1;1;-19,7761833;-48,4733219;SPRF-MG;DEL13-MG;UOP01-DEL13-MG
606799;11/06/2024;terça-feira;17:30:00;GO;40;1,8;VALPARAISO DE GOIAS;Manobra de mudança de faixa;Colisão lateral mesmo sentido;Com Vítimas Feridas;Plena Noite;Crescente;Céu Claro;Dupla;Reta;Sim;2;0;1;0;1;0;1;2;-16,058245;-47,982825;SPRF-DF;DEL01-DF;UOP01-DEL01-DF
606801;11/06/2024;terça-feira;18:00:00;RS;101;9;TORRES;Ausência de reação do condutor;Saída de leito carroçável;Sem Vítimas;Anoitecer;Crescente;Céu Claro;Dupla;Curva;Sim;1;0;0;0;0;1;0;1;-29,36685801;-49,81514399;SPRF-RS;DEL03-RS;UOP02-DEL03-RS
606802;11/06/2024;terça-feira;18:20:00;GO;153;505;GOIANIA;Ausência de reação do condutor;Saída de leito carroçável;Com Vítimas Feridas;Anoitecer;Decrescente;Céu Claro;Dupla;Declive;Sim;1;0;0;1;0;0;1;1;-16,7537;-49,2411;SPRF-GO;DEL01-GO;UOP01-DEL01-GO
606803;11/06/2024;terça-feira;18:33:00;RS;386;342,5;LAJEADO;Conversão proibida;Colisão transversal;Sem Vítimas;Plena Noite;Decrescente;Nublado;Simples;"Em Obras;Reta";Sim;2;0;0;0;2;0;0;2;-29,431631;-52,011932;SPRF-RS;DEL04-RS;UOP01-DEL04-RS
606804;11/06/2024;terça-feira;18:00:00;SP;116;217;GUARULHOS;Reação tardia ou ineficiente do condutor;Tombamento;Com Vítimas Feridas;Plena Noite;Decrescente;Céu Claro;Múltipla;"Reta;Desvio Temporário;Em Obras";Sim;1;0;1;0;0;0;1;1;-23,45423824;-46,47119028;SPRF-SP;DEL01-SP;UOP01-DEL01-SP
606805;11/06/2024;terça-feira;11:20:00;PR;163;141;CAPITAO LEONIDAS MARQUES;Velocidade Incompatível;Saída de leito carroçável;Sem Vítimas;Pleno dia;Decrescente;Céu Claro;Simples;Reta;Não;1;0;0;0;0;1;0;1;-25,49094155;-53,59476776;SPRF-PR;DEL05-PR;UOP05-DEL05-PR
606807;11/06/2024;terça-feira;17:50:00;RS;472;163,5;SANTA ROSA;Acessar a via sem observar a presença dos outros veículos;Colisão transversal;Com Vítimas Feridas;Pleno dia;Decrescente;Céu Claro;Simples;Reta;Não;2;0;1;0;1;0;1;2;-27,83631124;-54,43075203;SPRF-RS;DEL10-RS;UOP01-DEL10-RS
606810;11/06/2024;terça-feira;12:00:00;PB;230;505;CAJAZEIRAS;Velocidade Incompatível;Tombamento;Com Vítimas Feridas;Pleno dia;Crescente;Céu Claro;Simples;Interseção de Vias;Sim;1;0;0;1;0;0;1;1;-6,8988;-38,5722;SPRF-PB;DEL03-PB;UOP03-DEL03-PB
606812;11/06/2024;terça-feira;18:30:00;RS;116;260;CANOAS;Acessar a via sem observar a presença dos outros veículos;Colisão lateral mesmo sentido;Com Vítimas Feridas;Plena Noite;Decrescente;Céu Claro;Dupla;Reta;Sim;2;0;1;0;1;0;1;2;-29,879208;-51,18045622;SPRF-RS;DEL01-RS;UOP01-DEL01-RS
606813;11/06/2024;terça-feira;16:30:00;MG;116;764;LEOPOLDINA;Condutor deixou de manter distância do veículo da frente;Colisão lateral mesmo sentido;Com Vítimas Feridas;Anoitecer;Decrescente;Céu Claro;Simples;"Interseção de Vias;Declive";Sim;2;0;1;0;1;0;1;2;-21,52171912;-42,64030314;SPRF-MG;DEL07-MG;UOP01-DEL07-MG
606816;11/06/2024;terça-feira;18:10:00;PE;101;57;RECIFE;Manobra de mudança de faixa;Colisão lateral mesmo sentido;Com Vítimas Feridas;Plena Noite;Crescente;Nublado;Dupla;Declive;Sim;3;0;2;0;1;0;2;2;-7,965168;-34,917273;SPRF-PE;DEL01-PE;UOP02-DEL01-PE
606818;11/06/2024;terça-feira;17:50:00;RS;386;437;NOVA SANTA RITA;Desrespeitar a preferência no cruzamento;Colisão frontal;Com Vítimas Feridas;Plena Noite;Crescente;Céu Claro;Dupla;"Retorno Regulamentado;Reta";Não;3;0;0;1;1;1;1;3;-29,85803;-51,261227;SPRF-RS;DEL04-RS;UOP02-DEL04-RS
606819;11/06/2024;terça-feira;18:40:00;BA;110;176;RIBEIRA DO POMBAL;Acessar a via sem observar a presença dos outros veículos;Colisão transversal;Com Vítimas Feridas;Anoitecer;Decrescente;Céu Claro;Simples;Declive;Não;2;0;1;0;1;0;1;2;-10,89629907;-38,52352048;SPRF-BA;DEL07-BA;UOP02-DEL07-BA
606820;11/06/2024;terça-feira;18:50:00;GO;414;374,8;COCALZINHO DE GOIAS;Animais na Pista;Saída de leito carroçável;Com Vítimas Feridas;Plena Noite;Crescente;Céu Claro;Dupla;Reta;Sim;1;0;1;0;0;0;1;1;-15,8027148;-48,77945635;SPRF-GO;DEL02-GO;UOP01-DEL02-GO
606821;11/06/2024;terça-feira;11:39:00;RO;364;308;PRESIDENTE MEDICI;Reação tardia ou ineficiente do condutor;Colisão transversal;Com Vítimas Feridas;Pleno dia;Crescente;Céu Claro;Simples;Reta;Sim;3;0;0;1;2;0;1;2;-11,172427;-61,901573;SPRF-RO;DEL02-RO;UOP01-DEL02-RO