id;data_inversa;dia_semana;horario;uf;br;km;municipio;causa_acidente;tipo_acidente;classificacao_acidente;fase_dia;sentido_via;condicao_metereologica;tipo_pista;tracado_via;uso_solo;pessoas;mortos;feridos_leves;feridos_graves;ilesos;ignorados;feridos;veiculos;latitude;longitude;regional;delegacia;uop
607230;13/06/2024;quinta-feira;18:20:00;BA;116;422;FEIRA DE SANTANA;Acessar a via sem observar a presença dos outros veículos;Colisão transversal;Com Vítimas Feridas;Plena Noite;Decrescente;Céu Claro;Dupla;Reta;Sim;2;0;2;0;0;0;2;2;-12,22969798;-38,96407485;SPRF-BA;DEL02-BA;UOP01-DEL02-BA
607231;13/06/2024;quinta-feira;18:15:00;ES;101;176;ARACRUZ;Acessar a via sem observar a presença dos outros veículos;Colisão transversal;Com Vítimas Feridas;Plena Noite;Crescente;Céu Claro;Simples;"Retorno Regulamentado;Reta";Não;2;0;0;1;1;0;1;2;-19,59523801;-40,19835299;SPRF-ES;DEL04-ES;UOP01-DEL04-ES
607232;13/06/2024;quinta-feira;15:50:00;SC;470;57;BLUMENAU;Acessar a via sem observar a presença dos outros veículos;Colisão lateral mesmo sentido;Com Vítimas Feridas;Pleno dia;Decrescente;Céu Claro;Simples;"Em Obras;Reta";Sim;3;0;1;1;0;1;2;2;-26,880428;-49,136532;SPRF-SC;DEL04-SC;UOP01-DEL04-SC
607235;13/06/2024;quinta-feira;18:00:00;GO;414;439;ANAPOLIS;Conversão proibida;Colisão lateral sentido oposto;Com Vítimas Feridas;Anoitecer;Crescente;Céu Claro;Simples;"Reta;Declive;Interseção de Vias";Sim;2;0;0;1;0;1;1;2;-16,28128823;-48,94258908;SPRF-GO;DEL02-GO;UOP01-DEL02-GO
607236;13/06/2024;quinta-feira;17:40:00;PR;376;524;PONTA GROSSA;Condutor deixou de manter distância do veículo da frente;Colisão traseira;Com Vítimas Feridas;Anoitecer;Crescente;Céu Claro;Dupla;Reta;Não;3;0;1;0;2;0;1;2;-25,30994042;-49,88529732;SPRF-PR;DEL03-PR;UOP04-DEL03-PR
607240;13/06/2024;quinta-feira;19:00:00;DF;70;11;BRASILIA;Trafegar com motocicleta (ou similar) entre as faixas;Colisão lateral mesmo sentido;Com Vítimas Feridas;Plena Noite;Decrescente;Céu Claro;Dupla;Reta;Sim;2;0;1;0;1;0;1;2;-15,789762;-48,148727;SPRF-DF;DEL03-DF;UOP02-DEL03-DF
607241;13/06/2024;quinta-feira;18:00:00;PI;343;344,8;TERESINA;Acesso irregular;Colisão transversal;Com Vítimas Feridas;Anoitecer;Decrescente;Céu Claro;Dupla;Reta;Sim;2;0;1;0;1;0;1;2;-5,10235727;-42,76623487;SPRF-PI;DEL01-PI;UOP01-DEL01-PI
607242;13/06/2024;quinta-feira;18:30:00;RS;158;327;SANTA MARIA;Acessar a via sem observar a presença dos outros veículos;Colisão transversal;Com Vítimas Feridas;Anoitecer;Crescente;Céu Claro;Dupla;"Retorno Regulamentado;Reta;Interseção de Vias";Sim;3;0;2;0;0;1;2;3;-29,71044094;-53,82103019;SPRF-RS;DEL09-RS;UOP01-DEL09-RS
607243;13/06/2024;quinta-feira;18:30:00;RS;158;563;SANTANA DO LIVRAMENTO;Pedestre andava na pista;Atropelamento de Pedestre;Com Vítimas Feridas;Plena Noite;Crescente;Céu Claro;Simples;Interseção de Vias;Sim;3;0;1;0;1;1;1;2;-30,8547642;-55,4965204;SPRF-RS;DEL11-RS;UOP01-DEL11-RS
607246;13/06/2024;quinta-feira;15:18:00;MG;262;32,8;MANHUACU;Avarias e/ou desgaste excessivo no pneu;Tombamento;Com Vítimas Feridas;Pleno dia;Crescente;Céu Claro;Dupla;"Aclive;Curva";Não;1;0;0;1;0;0;1;1;-20,25556389;-41,99814902;SPRF-MG;DEL06-MG;UOP03-DEL06-MG
607251;13/06/2024;quinta-feira;19:00:00;CE;116;8,5;FORTALEZA;Manobra de mudança de faixa;Colisão lateral mesmo sentido;Com Vítimas Feridas;Plena Noite;Crescente;Nublado;Dupla;Reta;Sim;3;0;2;0;1;0;2;2;-3,82251379;-38,50352347;SPRF-CE;DEL01-CE;UOP02-DEL01-CE
607253;13/06/2024;quinta-feira;18:50:00;RS;471;460,4;RIO GRANDE;Reação tardia ou ineficiente do condutor;Queda de ocupante de veículo;Com Vítimas Fatais;Plena Noite;Crescente;Nublado;Simples;Reta;Não;2;1;0;0;0;1;0;2;-32,078369;-52,274906;SPRF-RS;DEL07-RS;UOP02-DEL07-RS
607254;13/06/2024;quinta-feira;17:30:00;AC;364;138;RIO BRANCO;Ausência de reação do condutor;Colisão traseira;Com Vítimas Feridas;Anoitecer;Crescente;Céu Claro;Dupla;Reta;Sim;2;0;1;0;1;0;1;2;-9,96112502;-67,85646604;SPRF-AC;DEL01-AC;UOP01-DEL01-AC
607255;13/06/2024;quinta-feira;18:20:00;ES;101;69,1;SAO MATEUS;Frear bruscamente;Colisão traseira;Com Vítimas Feridas;Plena Noite;Decrescente;Céu Claro;Simples;"Reta;Aclive";Não;2;0;1;0;0;1;1;2;-18,73556097;-39,86069526;SPRF-ES;DEL04-ES;UOP02-DEL04-ES
607256;21/03/2024;quinta-feira;07:30:00;RJ;101;497,6;ANGRA DOS REIS;Entrada inopinada do pedestre;Atropelamento de Pedestre;Com Vítimas Feridas;Pleno dia;Decrescente;Céu Claro;Simples;Curva;Não;2;0;0;2;0;0;2;2;-22,91687742;-44,32911645;SPRF-RJ;DEL03-RJ;UOP03-DEL03-RJ
607257;13/06/2024;quinta-feira;18:50:00;MG;381;932;EXTREMA;Ausência de reação do condutor;Colisão traseira;Com Vítimas Feridas;Plena Noite;Decrescente;Ignorado;Dupla;Curva;Não;2;0;1;0;0;1;1;2;-22,8076393;-46,27636971;SPRF-MG;DEL16-MG;UOP03-DEL16-MG
607258;13/06/2024;quinta-feira;17:50:00;PA;10;18;DOM ELISEU;Acessar a via sem observar a presença dos outros veículos;Colisão lateral mesmo sentido;Com Vítimas Feridas;Pleno dia;Crescente;Céu Claro;Simples;Reta;Sim;3;0;0;1;1;1;1;3;-4,293095;-47,556904;SPRF-PA;DEL02-PA;UOP02-DEL02-PA
607260;13/06/2024;quinta-feira;19:00:00;PR;116;14;COLOMBO;Reação tardia ou ineficiente do condutor;Saída de leito carroçável;Com Vítimas Feridas;Plena Noite;Crescente;Céu Claro;Dupla;Reta;Sim;1;0;1;0;0;0;1;1;-25,3818;-49,1643;SPRF-PR;DEL01-PR;UOP02-DEL01-PR
607262;13/06/2024;quinta-feira;19:30:00;PR;476;118;COLOMBO;Animais na Pista;Colisão traseira;Sem Vítimas;Plena Noite;Crescente;Céu Claro;Dupla;"Reta;Aclive";Sim;2;0;0;0;1;1;0;2;-25,35634;-49,180828;SPRF-PR;DEL01-PR;UOP01-DEL01-PR
607264;13/06/2024;quinta-feira;20:00:00;RS;116;263,7;CANOAS;Reação tardia ou ineficiente do condutor;Colisão traseira;Com Vítimas Feridas;Plena Noite;Decrescente;Céu Claro;Dupla;Reta;Não;4;0;1;0;2;1;1;3;-29,90545398;-51,17674031;SPRF-RS;DEL01-RS;UOP01-DEL01-RS
607266;13/06/2024;quinta-feira;18:40:00;SC;101;406,5;ARARANGUA;Condutor deixou de manter distância do veículo da frente;Colisão traseira;Com Vítimas Feridas;Plena Noite;Crescente;Céu Claro;Dupla;Reta;Não;2;0;1;0;0;1;1;2;-28,90783916;-49,48099494;SPRF-SC;DEL02-SC;UOP02-DEL02-SC
607267;13/06/2024;quinta-feira;18:00:00;SC;282;535,2;CHAPECO;Ausência de reação do condutor;Colisão transversal;Com Vítimas Feridas;Plena Noite;Crescente;Nublado;Simples;Interseção de Vias;Não;6;0;3;0;3;0;3;2;-26,998245;-52,643768;SPRF-SC;DEL07-SC;UOP01-DEL07-SC
607268;13/06/2024;quinta-feira;20:25:00;RS;116;245;SAO LEOPOLDO;Ingestão de álcool pelo condutor;Tombamento;Com Vítimas Feridas;Plena Noite;Decrescente;Céu Claro;Dupla;"Reta;Em Obras";Sim;2;0;2;0;0;0;2;1;-29,74980902;-51,15125361;SPRF-RS;DEL01-RS;UOP02-DEL01-RS
607269;13/06/2024;quinta-feira;19:00:00;RN;304;283;MACAIBA;Chuva;Atropelamento de Pedestre;Com Vítimas Feridas;Plena Noite;Crescente;Chuva;Dupla;Reta;Não;2;0;2;0;0;0;2;2;-5,88178314;-35,46369696;SPRF-RN;DEL01-RN;UOP02-DEL01-RN
607271;13/06/2024;quinta-feira;19:30:00;SC;101;416;ARARANGUA;Ultrapassagem Indevida;Colisão transversal;Com Vítimas Feridas;Plena Noite;Crescente;Céu Claro;Simples;Reta;Sim;2;0;1;0;1;0;1;2;-28,96938167;-49,52526212;SPRF-SC;DEL02-SC;UOP02-DEL02-SC
607272;13/06/2024;quinta-feira;20:00:00;RS;116;267;CANOAS;Estacionar ou parar em local proibido;Colisão traseira;Com Vítimas Feridas;Plena Noite;Decrescente;Céu Claro;Dupla;Reta;Sim;2;0;1;0;1;0;1;2;-29,94142398;-51,17697062;SPRF-RS;DEL01-RS;UOP01-DEL01-RS
607273;13/06/2024;quinta-feira;19:05:00;SC;280;130,6;RIO NEGRINHO;Acessar a via sem observar a presença dos outros veículos;Colisão transversal;Com Vítimas Feridas;Plena Noite;Crescente;Céu Claro;Simples;"Aclive;Reta";Sim;3;0;0;2;1;0;2;2;-26,25416365;-49,53477859;SPRF-SC;DEL06-SC;UOP03-DEL06-SC
607274;02/03/2024;sábado;06:20:00;MG;262;440;NOVA SERRANA;Ausência de reação do condutor;Tombamento;Com Vítimas Feridas;Amanhecer;Crescente;Céu Claro;Dupla;Reta;Não;1;0;1;0;0;0;1;1;-19,88607114;-44,89407411;SPRF-MG;DEL08-MG;UOP03-DEL08-MG
607275;13/06/2024;quinta-feira;18:50:00;PR;277;5;PARANAGUA;Reação tardia ou ineficiente do condutor;Atropelamento de Pedestre;Sem Vítimas;Plena Noite;Decrescente;Céu Claro;Dupla;Reta;Sim;2;0;0;0;0;2;0;2;-25,5205;-48,5095;SPRF-PR;DEL01-PR;UOP05-DEL01-PR
607276;13/06/2024;quinta-feira;17:00:00;BA;101;237;CONCEICAO DO ALMEIDA;Animais na Pista;Atropelamento de Animal;Com Vítimas Feridas;Pleno dia;Crescente;Céu Claro;Simples;Reta;Não;1;0;1;0;0;0;1;1;-12,88117996;-39,21999041;SPRF-BA;DEL01-BA;UOP02-DEL01-BA
607277;13/06/2024;quinta-feira;05:30:00;PI;135;521;GILBUES;Retorno proibido;Colisão transversal;Sem Vítimas;Amanhecer;Decrescente;Céu Claro;Simples;Reta;Não;2;0;0;0;1;1;0;2;-9,88364895;-45,34323552;SPRF-PI;DEL03-PI;UOP02-DEL03-PI
607278;13/06/2024;quinta-feira;19:44:00;PI;316;5,8;TERESINA;Ausência de reação do condutor;Colisão traseira;Sem Vítimas;Plena Noite;Crescente;Nublado;Simples;Reta;Sim;3;0;0;0;3;0;0;3;-5,14169858;-42,78157276;SPRF-PI;DEL01-PI;UOP02-DEL01-PI
607279;13/06/2024;quinta-feira;19:42:00;PI;316;2,6;TERESINA;Ausência de reação do condutor;Saída de leito carroçável;Sem Vítimas;Plena Noite;Crescente;Céu Claro;Múltipla;Reta;Sim;1;0;0;0;0;1;0;1;-5,12477477;-42,79848465;SPRF-PI;DEL01-PI;UOP02-DEL01-PI
607280;13/06/2024;quinta-feira;20:00:00;DF;70;1;BRASILIA;Velocidade Incompatível;Colisão traseira;Com Vítimas Feridas;Plena Noite;Decrescente;Céu Claro;Dupla;Reta;Sim;4;0;1;0;3;0;1;3;-15,795264;-48,063801;SPRF-DF;DEL03-DF;UOP02-DEL03-DF
607281;13/06/2024;quinta-feira;19:30:00;RS;285;431,8;PEJUCARA;Ausência de reação do condutor;Saída de leito carroçável;Com Vítimas Feridas;Plena Noite;Crescente;Céu Claro;Simples;Reta;Não;1;0;1;0;0;0;1;1;-28,328165;-53,656723;SPRF-RS;DEL10-RS;UOP01-DEL10-RS
607282;13/06/2024;quinta-feira;20:50:00;ES;101;212;IBIRACU;Ausência de reação do condutor;Queda de ocupante de veículo;Com Vítimas Feridas;Plena Noite;Decrescente;Céu Claro;Simples;Reta;Não;1;0;1;0;0;0;1;1;-19,81537521;-40,36655964;SPRF-ES;DEL02-ES;UOP01-DEL02-ES
607284;13/06/2024;quinta-feira;20:44:00;PE;423;39;CACHOEIRINHA;Transitar na contramão;Colisão frontal;Com Vítimas Feridas;Plena Noite;Crescente;Chuva;Simples;Reta;Sim;2;0;0;1;1;0;1;2;-8,48957335;-36,23249049;SPRF-PE;DEL03-PE;UOP02-DEL03-PE
607286;13/06/2024;quinta-feira;21:30:00;SC;101;204,9;SAO JOSE;Reação tardia ou ineficiente do condutor;Colisão traseira;Com Vítimas Feridas;Plena Noite;Decrescente;Nublado;Múltipla;Reta;Não;2;0;0;1;1;0;1;2;-27,57413014;-48,61363083;SPRF-SC;DEL01-SC;UOP01-DEL01-SC
607288;13/06/2024;quinta-feira;21:15:00;RO;364;235,6;CACOAL;Acessar a via sem observar a presença dos outros veículos;Colisão transversal;Com Vítimas Feridas;Plena Noite;Crescente;Céu Claro;Simples;Reta;Sim;2;0;1;0;1;0;1;2;-11,4506169;-61,4302469;SPRF-RO;DEL02-RO;UOP02-DEL02-RO
607291;13/06/2024;quinta-feira;18:10:00;BA;407;214;CAPIM GROSSO;Deficiência do Sistema de Iluminação/Sinalização;Colisão traseira;Com Vítimas Fatais;Plena Noite;Crescente;Céu Claro;Simples;Reta;Não;2;1;0;0;1;0;0;2;-11,39361;-39,97209;SPRF-BA;DEL04-BA;UOP02-DEL04-BA
607292;13/06/2024;quinta-feira;21:38:00;BA;116;10;VITORIA DA CONQUISTA;Reação tardia ou ineficiente do condutor;Colisão traseira;Com Vítimas Feridas;Pleno dia;Decrescente;Céu Claro;Simples;"Declive;Reta";Não;2;0;2;0;0;0;2;1;-14,8621267;-40,8744167;SPRF-PE;DEL05-PE;UOP03-DEL05-PE
607293;13/06/2024;quinta-feira;17:40:00;RJ;101;407;ITAGUAI;Pedestre andava na pista;Atropelamento de Pedestre;Com Vítimas Fatais;Anoitecer;Crescente;Céu Claro;Dupla;"Viaduto;Aclive";Não;2;1;0;0;1;0;0;2;-22,87672058;-43,81631971;SPRF-RJ;DEL03-RJ;UOP01-DEL03-RJ
607295;13/06/2024;quinta-feira;16:30:00;SC;101;350;JAGUARUNA;Velocidade Incompatível;Colisão com objeto;Com Vítimas Feridas;Pleno dia;Decrescente;Nublado;Simples;Reta;Sim;2;0;1;0;1;0;1;2;-28,60193051;-49,0530324;SPRF-SC;DEL02-SC;UOP01-DEL02-SC
607296;13/06/2024;quinta-feira;22:40:00;SP;153;62;SAO JOSE DO RIO PRETO;Ausência de reação do condutor;Colisão traseira;Com Vítimas Feridas;Plena Noite;Decrescente;Céu Claro;Dupla;"Reta;Declive";Sim;4;0;1;0;3;0;1;2;-20,81325404;-49,35675563;SPRF-SP;DEL09-SP;UOP01-DEL09-SP
607297;13/06/2024;quinta-feira;21:40:00;RS;116;392;CAMAQUA;Velocidade Incompatível;Saída de leito carroçável;Com Vítimas Feridas;Plena Noite;Decrescente;Nevoeiro/Neblina;Dupla;Reta;Não;1;0;0;1;0;0;1;1;-30,83644606;-51,73923097;SPRF-RS;DEL02-RS;UOP02-DEL02-RS
607299;13/06/2024;quinta-feira;18:30:00;AL;423;70,9;AGUA BRANCA;Chuva;Colisão transversal;Com Vítimas Feridas;Plena Noite;Crescente;Chuva;Simples;Reta;Não;3;0;1;1;0;1;2;3;-9,30650164;-37,89829007;SPRF-AL;DEL03-AL;UOP02-DEL03-AL
607301;13/06/2024;quinta-feira;22:40:00;MG;381;839,9;SAO SEBASTIAO DA BELA VISTA;Ausência de reação do condutor;Saída de leito carroçável;Sem Vítimas;Plena Noite;Decrescente;Ignorado;Dupla;Reta;Não;1;0;0;0;1;0;0;1;-22,1737737;-45,83901592;SPRF-MG;DEL16-MG;UOP01-DEL16-MG
607302;13/06/2024;quinta-feira;22:11:00;SC;280;48,3;GUARAMIRIM;Acessar a via sem observar a presença dos outros veículos;Colisão transversal;Com Vítimas Feridas;Plena Noite;Crescente;Nublado;Simples;"Reta;Em Obras";Não;2;0;1;0;1;0;1;2;-26,45506795;-48,92766502;SPRF-SC;DEL03-SC;UOP03-DEL03-SC
607303;13/06/2024;quinta-feira;13:40:00;BA;407;147,8;SENHOR DO BONFIM;Condutor Dormindo;Saída de leito carroçável;Com Vítimas Feridas;Pleno dia;Decrescente;Céu Claro;Simples;Reta;Não;3;0;2;1;0;0;3;1;-10,63219697;-40,13034658;SPRF-BA;DEL04-BA;UOP01-DEL04-BA
607305;13/06/2024;quinta-feira;18:50:00;PA;230;674;ALTAMIRA;Transitar na contramão;Colisão frontal;Com Vítimas Fatais;Plena Noite;Crescente;Céu Claro;Simples;Reta;Não;4;1;0;0;3;0;0;2;-3,27198129;-52,39804211;SPRF-PA;DEL04-PA;UOP01-DEL04-PA
607308;13/06/2024;quinta-feira;18:40:00;MT;163;1041;PEIXOTO DE AZEVEDO;Ultrapassagem Indevida;Colisão lateral sentido oposto;Com Vítimas Feridas;Plena Noite;Crescente;Céu Claro;Simples;Reta;Não;2;0;1;0;0;1;1;2;-10,27040906;-55,01042292;SPRF-MT;DEL06-MT;UOP03-DEL06-MT
607311;13/06/2024;quinta-feira;19:08:00;MT;174;189;PORTO ESPERIDIAO;Condutor deixou de manter distância do veículo da frente;Colisão traseira;Com Vítimas Feridas;Plena Noite;Crescente;Céu Claro;Simples;Reta;Não;2;0;0;1;1;0;1;2;-15,78480798;-58,62677298;SPRF-MT;DEL03-MT;UOP01-DEL03-MT
607314;14/06/2024;sexta-feira;00:15:00;RJ;465;6;SEROPEDICA;Reação tardia ou ineficiente do condutor;Colisão com objeto;Com Vítimas Feridas;Plena Noite;Crescente;Céu Claro;Dupla;Reta;Não;1;0;0;1;0;0;1;1;-22,754314;-43,692879;SPRF-RJ;DEL06-RJ;UOP02-DEL06-RJ
607315;13/06/2024;quinta-feira;23:20:00;GO;60;376;RIO VERDE;Velocidade Incompatível;Colisão com objeto;Com Vítimas Fatais;Plena Noite;Crescente;Céu Claro;Dupla;Reta;Não;3;1;0;2;0;0;2;1;-17,748172;-50,876018;SPRF-GO;DEL04-GO;UOP02-DEL04-GO
607316;15/06/2024;sábado;00:30:00;RJ;101;311;SAO GONCALO;Animais na Pista;Atropelamento de Animal;Com Vítimas Feridas;Plena Noite;Decrescente;Céu Claro;Simples;Reta;Sim;5;0;3;0;2;0;3;3;-22,80062246;-43,05318779;SPRF-RJ;DEL02-RJ;UOP02-DEL02-RJ
607317;14/06/2024;sexta-feira;00:43:00;MG;381;556,5;ITAGUARA;Acessar a via sem observar a presença dos outros veículos;Atropelamento de Pedestre;Com Vítimas Fatais;Plena Noite;Crescente;Céu Claro;Dupla;"Reta;Aclive";Não;5;1;0;0;4;0;0;3;-20,36904195;-44,46938756;SPRF-MG;DEL04-MG;UOP03-DEL04-MG
607318;14/06/2024;sexta-feira;00:13:00;PR;277;286,4;PRUDENTOPOLIS;Pedestre andava na pista;Atropelamento de Pedestre;Com Vítimas Feridas;Plena Noite;Decrescente;Nublado;Simples;Reta;Não;2;0;1;0;1;0;1;2;-25,321511;-50,967701;SPRF-PR;DEL08-PR;UOP02-DEL08-PR
607319;14/06/2024;sexta-feira;01:25:00;SC;101;285,9;IMBITUBA;Pedestre andava na pista;Atropelamento de Pedestre;Com Vítimas Fatais;Plena Noite;Decrescente;Nublado;Múltipla;"Reta;Declive";Não;2;1;0;0;0;1;0;2;-28,247499;-48,700404;SPRF-SC;DEL02-SC;UOP03-DEL02-SC
607322;14/06/2024;sexta-feira;00:00:00;RS;472;119,9;SAO JOSE DO INHACORA;Ingestão de álcool pelo condutor;Colisão com objeto;Com Vítimas Feridas;Plena Noite;Decrescente;Nublado;Simples;Curva;Não;1;0;1;0;0;0;1;1;-27,6874;-54,1525;SPRF-RS;DEL10-RS;UOP01-DEL10-RS
607323;13/06/2024;quinta-feira;22:10:00;PR;376;376,6;ORTIGUEIRA;Ultrapassagem Indevida;Colisão frontal;Com Vítimas Fatais;Plena Noite;Crescente;Céu Claro;Simples;Reta;Não;6;3;0;1;2;0;1;3;-24,37643097;-50,79364657;SPRF-PR;DEL03-PR;UOP02-DEL03-PR
607326;14/06/2024;sexta-feira;01:20:00;BA;116;596;IRAJUBA;Velocidade Incompatível;Saída de leito carroçável;Com Vítimas Feridas;Plena Noite;Decrescente;Chuva;Simples;Curva;Não;1;0;1;0;0;0;1;1;-13,18013991;-40,0048822;SPRF-BA;DEL03-BA;UOP02-DEL03-BA
607327;14/06/2024;sexta-feira;03:45:00;MS;163;711;RIO VERDE DE MATO GROSSO;Ingestão de álcool pelo condutor;Tombamento;Com Vítimas Feridas;Plena Noite;Crescente;Céu Claro;Simples;Aclive;Não;1;0;1;0;0;0;1;1;-18,67107604;-54,80687893;SPRF-MS;DEL06-MS;UOP01-DEL06-MS
607329;14/06/2024;sexta-feira;04:20:00;RS;116;141,6;CAXIAS DO SUL;Transitar na contramão;Colisão frontal;Com Vítimas Feridas;Plena Noite;Crescente;Céu Claro;Simples;Curva;Sim;4;0;0;1;1;2;1;3;-29,11385038;-51,11547947;SPRF-RS;DEL05-RS;UOP01-DEL05-RS
607332;14/06/2024;sexta-feira;05:00:00;SC;282;564;NOVA ERECHIM;Ausência de reação do condutor;Saída de leito carroçável;Com Vítimas Feridas;Plena Noite;Crescente;Céu Claro;Simples;Reta;Não;1;0;0;1;0;0;1;1;-26,898739;-52,877975;SPRF-SC;DEL07-SC;UOP02-DEL07-SC
607333;14/06/2024;sexta-feira;05:50:00;MG;381;505;BETIM;Transitar na contramão;Colisão frontal;Com Vítimas Feridas;Amanhecer;Decrescente;Céu Claro;Simples;"Aclive;Reta";Sim;2;0;0;1;1;0;1;2;-20,04478441;-44,27276484;SPRF-MG;DEL01-MG;UOP03-DEL01-MG
607336;14/06/2024;sexta-feira;06:25:00;PR;369;163;CAMBE;Velocidade Incompatível;Colisão traseira;Com Vítimas Feridas;Plena Noite;Decrescente;Céu Claro;Dupla;"Reta;Declive";Não;2;0;0;1;1;0;1;2;-23,29738435;-51,27881527;SPRF-PR;DEL07-PR;UOP01-DEL07-PR
607339;14/06/2024;sexta-feira;06:16:00;PE;101;60,6;RECIFE;Ingestão de álcool pelo condutor;Colisão lateral mesmo sentido;Com Vítimas Feridas;Pleno dia;Decrescente;Céu Claro;Dupla;Reta;Sim;3;0;1;0;2;0;1;3;-7,98344307;-34,93176727;SPRF-PE;DEL01-PE;UOP02-DEL01-PE
607341;13/06/2024;quinta-feira;17:00:00;AP;210;1;MACAPA;Transitar na contramão;Colisão transversal;Com Vítimas Feridas;Pleno dia;Crescente;Sol;Dupla;Reta;Sim;2;0;1;0;1;0;1;2;0,07816717;-51,06998693;SPRF-AP;DEL01-AP;UOP01-DEL01-AP
607343;14/06/2024;sexta-feira;07:00:00;ES;101;144,1;LINHARES;Condutor deixou de manter distância do veículo da frente;Colisão traseira;Com Vítimas Feridas;Pleno dia;Crescente;Céu Claro;Múltipla;Reta;Sim;2;0;0;1;1;0;1;2;-19,35297531;-40,06364107;SPRF-ES;DEL04-ES;UOP01-DEL04-ES
607344;14/06/2024;sexta-feira;06:40:00;ES;101;132;LINHARES;Neblina;Colisão traseira;Com Vítimas Feridas;Pleno dia;Crescente;Nevoeiro/Neblina;Simples;Reta;Não;5;0;2;0;3;0;2;4;-19,24798699;-40,09078893;SPRF-ES;DEL04-ES;UOP01-DEL04-ES
607345;23/04/2024;terça-feira;06:48:00;PR;116;115;CURITIBA;Ausência de reação do condutor;Colisão lateral mesmo sentido;Com Vítimas Feridas;Pleno dia;Decrescente;Sol;Dupla;Reta;Sim;3;0;0;2;1;0;2;2;-25,54535913;-49,30361878;SPRF-PR;DEL01-PR;UOP07-DEL01-PR
607347;14/06/2024;sexta-feira;06:05:00;SP;381;89;SAO PAULO;Ausência de reação do condutor;Colisão com objeto;Com Vítimas Feridas;Pleno dia;Crescente;Céu Claro;Múltipla;Reta;Sim;1;0;1;0;0;0;1;1;-23,48469299;-46,55983288;SPRF-SP;DEL03-SP;UOP01-DEL03-SP
607348;14/06/2024;sexta-feira;06:55:00;SC;101;337,9;TUBARAO;Reação tardia ou ineficiente do condutor;Tombamento;Com Vítimas Feridas;Pleno dia;Crescente;Céu Claro;Múltipla;Reta;Sim;2;0;2;0;0;0;2;1;-28,4978117;-49,04494286;SPRF-SC;DEL02-SC;UOP01-DEL02-SC
607349;14/06/2024;sexta-feira;06:55:00;PR;277;80;CURITIBA;Trafegar com motocicleta (ou similar) entre as faixas;Colisão traseira;Sem Vítimas;Pleno dia;Crescente;Céu Claro;Dupla;Reta;Sim;2;0;0;0;2;0;0;2;-25,4698;-49,2125;SPRF-PR;DEL01-PR;UOP07-DEL01-PR
607350;14/06/2024;sexta-feira;07:25:00;MG;40;520;CONTAGEM;Condutor deixou de manter distância do veículo da frente;Colisão traseira;Com Vítimas Feridas;Pleno dia;Crescente;Céu Claro;Dupla;Curva;Não;2;0;1;0;0;1;1;2;-19,84761911;-44,07276144;SPRF-MG;DEL01-MG;UOP02-DEL01-MG
607351;14/06/2024;sexta-feira;07:00:00;SC;101;129,9;BALNEARIO CAMBORIU;Ultrapassagem Indevida;Colisão frontal;Com Vítimas Feridas;Pleno dia;Decrescente;Nublado;Simples;Curva;Sim;2;0;1;0;1;0;1;2;-26,98064277;-48,6790679;SPRF-SC;DEL04-SC;UOP03-DEL04-SC
607353;14/06/2024;sexta-feira;06:00:00;SP;116;222;GUARULHOS;Demais falhas mecânicas ou elétricas;Incêndio;Sem Vítimas;Pleno dia;Decrescente;Céu Claro;Múltipla;Reta;Sim;1;0;0;0;0;1;0;1;-23,47093408;-46,51631097;SPRF-SP;DEL01-SP;UOP01-DEL01-SP
607355;14/06/2024;sexta-feira;06:14:00;PE;101;61,2;RECIFE;Pedestre - Ingestão de álcool/ substâncias psicoativas;Colisão traseira;Com Vítimas Feridas;Pleno dia;Decrescente;Céu Claro;Dupla;Reta;Sim;2;0;1;0;1;0;1;2;-7,98344307;-34,93176727;SPRF-PE;DEL01-PE;UOP02-DEL01-PE
607357;14/06/2024;sexta-feira;07:55:00;RS;386;359,2;ESTRELA;Objeto estático sobre o leito carroçável;Colisão com objeto;Com Vítimas Feridas;Pleno dia;Crescente;Céu Claro;Dupla;"Reta;Declive";Não;1;0;0;1;0;0;1;1;-29,540054;-51,913406;SPRF-RS;DEL04-RS;UOP01-DEL04-RS
607359;14/06/2024;sexta-feira;07:30:00;GO;70;8;AGUAS LINDAS DE GOIAS;Acessar a via sem observar a presença dos outros veículos;Colisão lateral mesmo sentido;Com Vítimas Feridas;Pleno dia;Decrescente;Céu Claro;Múltipla;"Reta;Retorno Regulamentado";Não;3;0;1;0;2;0;1;2;-15,73733681;-48,27407468;SPRF-DF;DEL03-DF;UOP02-DEL03-DF
607362;14/06/2024;sexta-feira;06:45:00;RJ;493;52;DUQUE DE CAXIAS;Demais falhas mecânicas ou elétricas;Colisão traseira;Sem Vítimas;Amanhecer;Decrescente;Céu Claro;Dupla;Reta;Sim;3;0;0;0;3;0;0;2;-22,672089;-43,285053;SPRF-RJ;DEL01-RJ;UOP03-DEL01-RJ
607366;29/05/2024;quarta-feira;21:57:00;MG;262;385;JUATUBA;Objeto estático sobre o leito carroçável;Eventos atípicos;Com Vítimas Feridas;Plena Noite;Crescente;Céu Claro;Dupla;Reta;Não;2;0;0;1;1;0;1;1;-19,93325094;-44,42077402;SPRF-MG;DEL01-MG;UOP03-DEL01-MG