id;data_inversa;dia_semana;horario;uf;br;km;municipio;causa_acidente;tipo_acidente;classificacao_acidente;fase_dia;sentido_via;condicao_metereologica;tipo_pista;tracado_via;uso_solo;pessoas;mortos;feridos_leves;feridos_graves;ilesos;ignorados;feridos;veiculos;latitude;longitude;regional;delegacia;uop
607367;14/06/2024;sexta-feira;07:25:00;RJ;101;390;RIO DE JANEIRO;Manobra de mudança de faixa;Queda de ocupante de veículo;Com Vítimas Feridas;Pleno dia;Decrescente;Céu Claro;Dupla;Reta;Sim;2;0;2;0;0;0;2;1;-22,89346927;-43,67542992;SPRF-RJ;DEL03-RJ;UOP01-DEL03-RJ
607369;14/06/2024;sexta-feira;07:30:00;SP;116;223;GUARULHOS;Manobra de mudança de faixa;Colisão lateral mesmo sentido;Com Vítimas Feridas;Pleno dia;Decrescente;Sol;Múltipla;Reta;Sim;2;0;1;0;0;1;1;2;-23,47559815;-46,5246609;SPRF-SP;DEL01-SP;UOP01-DEL01-SP
607371;14/06/2024;sexta-feira;06:20:00;RJ;101;388,8;RIO DE JANEIRO;Condutor deixou de manter distância do veículo da frente;Queda de ocupante de veículo;Com Vítimas Feridas;Pleno dia;Crescente;Céu Claro;Dupla;Reta;Sim;1;0;1;0;0;0;1;1;-22,88810094;-43,65827302;SPRF-RJ;DEL03-RJ;UOP01-DEL03-RJ
607374;14/06/2024;sexta-feira;06:15:00;PE;101;61;RECIFE;Ausência de reação do condutor;Colisão traseira;Com Vítimas Feridas;Pleno dia;Decrescente;Nublado;Dupla;"Aclive;Reta";Não;2;0;1;0;1;0;1;2;-7,99097103;-34,93598295;SPRF-PE;DEL01-PE;UOP02-DEL01-PE
607375;14/06/2024;sexta-feira;07:30:00;RO;364;240,6;CACOAL;Manobra de mudança de faixa;Colisão transversal;Com Vítimas Feridas;Pleno dia;Decrescente;Céu Claro;Simples;Reta;Sim;2;0;1;0;1;0;1;2;-11,438737;-61,475598;SPRF-RO;DEL02-RO;UOP02-DEL02-RO
607377;14/06/2024;sexta-feira;09:00:00;ES;101;271;SERRA;Manobra de mudança de faixa;Colisão lateral mesmo sentido;Sem Vítimas;Pleno dia;Crescente;Céu Claro;Dupla;Reta;Sim;3;0;0;0;3;0;0;2;-20,23267;-40,27658;SPRF-ES;DEL02-ES;UOP01-DEL02-ES
607378;14/06/2024;sexta-feira;07:45:00;RO;364;13;VILHENA;Acessar a via sem observar a presença dos outros veículos;Tombamento;Com Vítimas Feridas;Pleno dia;Decrescente;Céu Claro;Múltipla;"Rotatória;Reta";Sim;2;0;1;0;0;1;1;2;-12,74140004;-60,13026401;SPRF-RO;DEL04-RO;UOP01-DEL04-RO
607379;14/06/2024;sexta-feira;08:50:00;PR;277;81;CURITIBA;Manobra de mudança de faixa;Colisão lateral mesmo sentido;Com Vítimas Feridas;Pleno dia;Crescente;Céu Claro;Dupla;Reta;Sim;2;0;1;0;1;0;1;2;-25,568939;-49,181978;SPRF-PR;DEL01-PR;UOP07-DEL01-PR
607380;11/06/2024;terça-feira;01:20:00;SP;116;284;ITAPECERICA DA SERRA;Ausência de reação do condutor;Queda de ocupante de veículo;Com Vítimas Feridas;Plena Noite;Decrescente;Céu Claro;Dupla;Reta;Não;2;0;1;0;0;1;1;1;-23,69998;-46,867767;SPRF-SP;DEL04-SP;UOP01-DEL04-SP
607381;14/06/2024;sexta-feira;09:00:00;DF;70;19,7;BRASILIA;Reação tardia ou ineficiente do condutor;Colisão lateral mesmo sentido;Com Vítimas Feridas;Pleno dia;Decrescente;Céu Claro;Dupla;"Reta;Aclive";Não;3;0;1;0;2;0;1;2;-15,788868;-48,220242;SPRF-DF;DEL03-DF;UOP02-DEL03-DF
607382;14/06/2024;sexta-feira;08:40:00;RS;290;138;ELDORADO DO SUL;Ultrapassagem Indevida;Capotamento;Com Vítimas Feridas;Pleno dia;Crescente;Sol;Simples;Reta;Não;2;0;1;0;1;0;1;1;-30,075125;-51,590378;SPRF-RS;DEL02-RS;UOP01-DEL02-RS
607385;14/06/2024;sexta-feira;10:00:00;CE;116;18,9;ITAITINGA;Condutor deixou de manter distância do veículo da frente;Colisão traseira;Com Vítimas Feridas;Pleno dia;Decrescente;Chuva;Dupla;Reta;Sim;3;0;2;0;1;0;2;2;-3,91384397;-38,50667231;SPRF-CE;DEL01-CE;UOP02-DEL01-CE
607389;14/06/2024;sexta-feira;08:50:00;RO;319;62;PORTO VELHO;Manobra de mudança de faixa;Tombamento;Com Vítimas Feridas;Pleno dia;Crescente;Sol;Múltipla;"Interseção de Vias;Reta";Sim;2;0;0;1;1;0;1;2;-8,766685;-63,884052;SPRF-RO;DEL01-RO;UOP01-DEL01-RO
607390;14/06/2024;sexta-feira;07:47:00;RO;364;590;ITAPUA DO OESTE;Manobra de mudança de faixa;Capotamento;Com Vítimas Feridas;Pleno dia;Decrescente;Céu Claro;Simples;Reta;Não;3;0;2;0;1;0;2;1;-9,30997104;-63,14881615;SPRF-RO;DEL01-RO;UOP04-DEL01-RO
607391;14/06/2024;sexta-feira;05:30:00;MS;262;593,5;MIRANDA;Avarias e/ou desgaste excessivo no pneu;Tombamento;Com Vítimas Feridas;Plena Noite;Crescente;Céu Claro;Simples;Reta;Não;1;0;1;0;0;0;1;1;-20,1331562;-56,68385501;SPRF-MS;DEL03-MS;UOP02-DEL03-MS
607393;14/06/2024;sexta-feira;07:10:00;MS;163;657,2;RIO VERDE DE MATO GROSSO;Ausência de reação do condutor;Saída de leito carroçável;Com Vítimas Feridas;Pleno dia;Crescente;Sol;Simples;"Declive;Reta";Não;1;0;1;0;0;0;1;1;-19,10255971;-54,76796361;SPRF-MS;DEL06-MS;UOP02-DEL06-MS
607394;09/06/2024;domingo;02:00:00;SC;470;192;POUSO REDONDO;Ingestão de álcool pelo condutor;Saída de leito carroçável;Com Vítimas Feridas;Plena Noite;Decrescente;Nublado;Simples;Curva;Não;1;0;1;0;0;0;1;1;-27,293324;-50,078678;SPRF-SC;DEL04-SC;UOP02-DEL04-SC
607395;14/06/2024;sexta-feira;10:15:00;SP;381;17;BRAGANCA PAULISTA;Ausência de reação do condutor;Colisão traseira;Com Vítimas Feridas;Pleno dia;Crescente;Céu Claro;Dupla;Reta;Não;2;0;2;0;0;0;2;2;-22,96631992;-46,48449317;SPRF-SP;DEL03-SP;UOP02-DEL03-SP
607397;14/06/2024;sexta-feira;09:00:00;MA;230;402,9;BALSAS;Acessar a via sem observar a presença dos outros veículos;Colisão transversal;Com Vítimas Feridas;Pleno dia;Crescente;Céu Claro;Simples;Reta;Sim;2;0;1;0;1;0;1;2;-7,50857084;-46,03158637;SPRF-MA;DEL05-MA;UOP01-DEL05-MA
607398;14/06/2024;sexta-feira;08:40:00;AC;364;130;RIO BRANCO;Demais falhas mecânicas ou elétricas;Incêndio;Sem Vítimas;Pleno dia;Decrescente;Céu Claro;Dupla;Reta;Não;1;0;0;0;1;0;0;1;-10,0240943;-67,8369574;SPRF-AC;DEL01-AC;UOP01-DEL01-AC
607399;14/06/2024;sexta-feira;10:40:00;SC;282;22;SANTO AMARO DA IMPERATRIZ;Acesso irregular;Colisão frontal;Com Vítimas Feridas;Pleno dia;Crescente;Céu Claro;Simples;Reta;Sim;3;0;2;0;1;0;2;2;-27,688507;-48,72739;SPRF-SC;DEL01-SC;UOP02-DEL01-SC
607400;29/01/2024;segunda-feira;10:30:00;SC;101;124;ITAJAI;Trafegar com motocicleta (ou similar) entre as faixas;Colisão traseira;Com Vítimas Feridas;Pleno dia;Crescente;Céu Claro;Dupla;Reta;Não;3;0;2;0;1;0;2;2;-26,94335064;-48,69198648;SPRF-SC;DEL04-SC;UOP04-DEL04-SC
607402;06/06/2024;quinta-feira;01:00:00;MA;135;35;BACABEIRA;Animais na Pista;Atropelamento de Animal;Sem Vítimas;Plena Noite;Crescente;Céu Claro;Simples;Reta;Não;1;0;0;0;1;0;0;1;-2,849089;-44,374672;SPRF-MA;DEL01-MA;UOP01-DEL01-MA
607403;14/06/2024;sexta-feira;10:30:00;PR;277;3;FOZ DO IGUACU;Condutor deixou de manter distância do veículo da frente;Colisão traseira;Com Vítimas Feridas;Pleno dia;Decrescente;Céu Claro;Dupla;Reta;Sim;2;0;2;0;0;0;2;2;-25,5469;-54,5882;SPRF-PR;DEL05-PR;UOP03-DEL05-PR
607404;14/06/2024;sexta-feira;10:00:00;ES;101;271,7;SERRA;Pedestre cruzava a pista fora da faixa;Atropelamento de Pedestre;Com Vítimas Feridas;Pleno dia;Decrescente;Céu Claro;Múltipla;Reta;Sim;2;0;1;0;1;0;1;2;-20,23267;-40,27658;SPRF-ES;DEL02-ES;UOP01-DEL02-ES
607405;26/05/2024;domingo;14:12:00;MG;40;739,6;SANTOS DUMONT;Chuva;Tombamento;Com Vítimas Feridas;Pleno dia;Decrescente;Chuva;Simples;"Declive;Curva";Não;2;0;1;1;0;0;2;1;-21,42814515;-43,55575165;SPRF-MG;DEL05-MG;UOP01-DEL05-MG
607407;14/06/2024;sexta-feira;08:30:00;MG;116;812,8;ALEM PARAIBA;Manobra de mudança de faixa;Colisão lateral mesmo sentido;Sem Vítimas;Pleno dia;Decrescente;Céu Claro;Simples;Reta;Não;3;0;0;0;3;0;0;2;-21,8449291;-42,67297203;SPRF-MG;DEL07-MG;UOP01-DEL07-MG
607408;08/06/2024;sábado;19:15:00;MS;163;225,1;CAARAPO;Acessar a via sem observar a presença dos outros veículos;Colisão transversal;Com Vítimas Feridas;Plena Noite;Crescente;Céu Claro;Dupla;"Retorno Regulamentado;Reta";Sim;7;0;0;1;6;0;1;2;-22,500217;-54,864506;SPRF-MS;DEL04-MS;UOP02-DEL04-MS
607410;06/03/2024;quarta-feira;07:40:00;BA;324;617;SALVADOR;Condutor deixou de manter distância do veículo da frente;Queda de ocupante de veículo;Com Vítimas Feridas;Pleno dia;Crescente;Ignorado;Múltipla;Reta;Sim;2;0;1;0;0;1;1;2;-12,8860325;-38,43806469;SPRF-BA;DEL01-BA;UOP01-DEL01-BA
607411;14/06/2024;sexta-feira;10:30:00;CE;222;122;ITAPAJE;Acessar a via sem observar a presença dos outros veículos;Colisão lateral sentido oposto;Com Vítimas Feridas;Pleno dia;Decrescente;Nublado;Simples;Reta;Sim;6;0;2;1;3;0;3;2;-3,69585724;-39,57936287;SPRF-CE;DEL04-CE;UOP03-DEL04-CE
607412;14/06/2024;sexta-feira;11:20:00;ES;101;297,6;VIANA;Condutor deixou de manter distância do veículo da frente;Colisão traseira;Sem Vítimas;Pleno dia;Crescente;Sol;Dupla;Reta;Sim;2;0;0;0;2;0;0;2;-20,35086374;-40,41316509;SPRF-ES;DEL01-ES;UOP01-DEL01-ES
607413;06/06/2024;quinta-feira;21:50:00;SP;116;196;ARUJA;Velocidade Incompatível;Colisão lateral mesmo sentido;Sem Vítimas;Plena Noite;Decrescente;Céu Claro;Dupla;Reta;Não;3;0;0;0;3;0;0;2;-23,39265978;-46,2844631;SPRF-SP;DEL01-SP;UOP01-DEL01-SP
607414;14/06/2024;sexta-feira;05:00:00;PE;424;4,8;ARCOVERDE;Ingestão de álcool pelo condutor;Saída de leito carroçável;Com Vítimas Feridas;Pleno dia;Crescente;Céu Claro;Simples;Reta;Não;3;0;0;2;0;1;2;2;-8,46099318;-37,04336835;SPRF-PE;DEL04-PE;UOP02-DEL04-PE
607416;14/06/2024;sexta-feira;11:40:00;RS;290;107;ELDORADO DO SUL;Demais Fenômenos da natureza;Eventos atípicos;Sem Vítimas;Pleno dia;Decrescente;Céu Claro;Dupla;Reta;Sim;2;0;0;0;2;0;0;2;-30,001852;-51,304264;SPRF-RS;DEL02-RS;UOP01-DEL02-RS
607418;14/06/2024;sexta-feira;12:50:00;RS;116;396;CAMAQUA;Ausência de reação do condutor;Saída de leito carroçável;Com Vítimas Feridas;Pleno dia;Crescente;Céu Claro;Dupla;Reta;Não;1;0;1;0;0;0;1;1;-30,85277648;-51,77498979;SPRF-RS;DEL02-RS;UOP02-DEL02-RS
607419;14/06/2024;sexta-feira;12:00:00;MG;116;537,3;SANTA RITA DE MINAS;Entrada inopinada do pedestre;Atropelamento de Pedestre;Com Vítimas Feridas;Pleno dia;Crescente;Céu Claro;Simples;Reta;Sim;2;0;0;1;1;0;1;2;-19,86620285;-42,1352356;SPRF-MG;DEL06-MG;UOP02-DEL06-MG
607422;14/06/2024;sexta-feira;13:00:00;AL;101;188;JUNQUEIRO;Acessar a via sem observar a presença dos outros veículos;Colisão transversal;Com Vítimas Feridas;Pleno dia;Crescente;Nublado;Dupla;Curva;Não;3;0;2;0;1;0;2;2;-9,90809784;-36,46933335;SPRF-AL;DEL02-AL;UOP02-DEL02-AL
607423;14/06/2024;sexta-feira;12:20:00;RO;364;238;CACOAL;Acessar a via sem observar a presença dos outros veículos;Colisão transversal;Com Vítimas Feridas;Pleno dia;Crescente;Céu Claro;Dupla;"Interseção de Vias;Reta";Sim;2;0;0;1;1;0;1;2;-11,4388578;-61,45471289;SPRF-RO;DEL02-RO;UOP02-DEL02-RO
607427;14/06/2024;sexta-feira;11:55:00;SP;116;515;CAJATI;Demais falhas mecânicas ou elétricas;Incêndio;Sem Vítimas;Pleno dia;Crescente;Céu Claro;Simples;"Aclive;Reta";Não;1;0;0;0;1;0;0;1;-24,86704083;-48,21738184;SPRF-SP;DEL05-SP;UOP02-DEL05-SP
607428;07/06/2024;sexta-feira;07:10:00;GO;60;114;TEREZOPOLIS DE GOIAS;Reação tardia ou ineficiente do condutor;Saída de leito carroçável;Com Vítimas Feridas;Pleno dia;Decrescente;Céu Claro;Dupla;"Declive;Reta";Não;4;0;2;0;2;0;2;1;-16,4633;-49,0636;SPRF-GO;DEL01-GO;UOP01-DEL01-GO
607429;14/06/2024;sexta-feira;13:20:00;BA;101;131;ALAGOINHAS;Reação tardia ou ineficiente do condutor;Queda de ocupante de veículo;Com Vítimas Feridas;Pleno dia;Decrescente;Nublado;Simples;Reta;Não;2;0;2;0;0;0;2;1;-12,23241796;-38,62304209;SPRF-BA;DEL01-BA;UOP04-DEL01-BA
607431;14/06/2024;sexta-feira;14:00:00;MG;40;357;FELIXLANDIA;Ultrapassagem Indevida;Colisão frontal;Com Vítimas Feridas;Pleno dia;Crescente;Céu Claro;Simples;Reta;Não;6;0;3;3;0;0;6;2;-18,73166974;-44,87334188;SPRF-MG;DEL02-MG;UOP01-DEL02-MG
607434;14/06/2024;sexta-feira;10:00:00;SC;282;136,5;BOM RETIRO;Velocidade Incompatível;Colisão com objeto;Com Vítimas Feridas;Pleno dia;Decrescente;Céu Claro;Simples;Rotatória;Não;2;0;2;0;0;0;2;1;-27,8223775;-49,56996918;SPRF-SC;DEL05-SC;UOP01-DEL05-SC
607435;14/06/2024;sexta-feira;09:30:00;GO;153;589;PIRACANJUBA;Manobra de mudança de faixa;Colisão lateral mesmo sentido;Com Vítimas Feridas;Pleno dia;Crescente;Céu Claro;Dupla;Reta;Não;1;0;1;0;0;0;1;1;-17,4593;-49,2227;SPRF-GO;DEL03-GO;UOP01-DEL03-GO
607437;14/06/2024;sexta-feira;14:10:00;CE;116;1;FORTALEZA;Ausência de reação do condutor;Engavetamento;Com Vítimas Feridas;Pleno dia;Decrescente;Céu Claro;Múltipla;"Viaduto;Reta";Sim;8;0;1;1;4;2;2;7;-3,76134661;-38,51883888;SPRF-CE;DEL01-CE;UOP02-DEL01-CE
607439;13/06/2024;quinta-feira;17:00:00;SE;235;19,8;LARANJEIRAS;Chuva;Saída de leito carroçável;Com Vítimas Feridas;Pleno dia;Crescente;Chuva;Simples;Curva;Não;1;0;1;0;0;0;1;1;-10,834111;-37,221916;SPRF-SE;DEL01-SE;UOP02-DEL01-SE
607440;14/06/2024;sexta-feira;14:50:00;RS;293;180;BAGE;Reação tardia ou ineficiente do condutor;Colisão traseira;Com Vítimas Feridas;Pleno dia;Crescente;Céu Claro;Simples;Reta;Não;3;0;1;0;2;0;1;2;-31,29858439;-54,05057917;SPRF-RS;DEL11-RS;UOP03-DEL11-RS
607442;14/06/2024;sexta-feira;14:25:00;MG;50;185;UBERABA;Manobra de mudança de faixa;Colisão traseira;Com Vítimas Feridas;Pleno dia;Decrescente;Céu Claro;Dupla;"Aclive;Reta";Não;3;0;1;0;2;0;1;2;-19,8172798;-47,89559069;SPRF-MG;DEL13-MG;UOP01-DEL13-MG
607443;14/06/2024;sexta-feira;15:40:00;PI;316;310;PICOS;Manobra de mudança de faixa;Colisão lateral mesmo sentido;Com Vítimas Feridas;Pleno dia;Decrescente;Céu Claro;Dupla;Rotatória;Sim;2;0;1;0;1;0;1;2;-7,07639186;-41,47475001;SPRF-PI;DEL04-PI;UOP01-DEL04-PI
607444;14/06/2024;sexta-feira;14:50:00;RJ;101;382;RIO DE JANEIRO;Transitar no Acostamento;Colisão lateral mesmo sentido;Com Vítimas Feridas;Pleno dia;Decrescente;Céu Claro;Dupla;Reta;Sim;3;0;2;0;1;0;2;3;-22,87265669;-43,60655915;SPRF-RJ;DEL03-RJ;UOP01-DEL03-RJ
607445;14/06/2024;sexta-feira;09:50:00;MT;163;662;LUCAS DO RIO VERDE;Reação tardia ou ineficiente do condutor;Saída de leito carroçável;Com Vítimas Feridas;Pleno dia;Crescente;Céu Claro;Simples;Reta;Não;1;0;1;0;0;0;1;1;-13,283915;-56,030572;SPRF-MT;DEL06-MT;UOP01-DEL06-MT
607449;14/06/2024;sexta-feira;06:50:00;RS;285;117,8;VACARIA;Animais na Pista;Atropelamento de Animal;Sem Vítimas;Pleno dia;Crescente;Nublado;Simples;"Declive;Reta";Sim;1;0;0;0;1;0;0;1;-28,514254;-50,906414;SPRF-RS;DEL05-RS;UOP03-DEL05-RS
607452;14/06/2024;sexta-feira;12:45:00;SC;280;252,8;CANOINHAS;Ausência de reação do condutor;Saída de leito carroçável;Com Vítimas Feridas;Pleno dia;Decrescente;Céu Claro;Simples;Reta;Não;1;0;1;0;0;0;1;1;-26,26023459;-50,56133033;SPRF-SC;DEL06-SC;UOP04-DEL06-SC
607454;14/06/2024;sexta-feira;13:20:00;RO;364;387;OURO PRETO DO OESTE;Acessar a via sem observar a presença dos outros veículos;Colisão transversal;Com Vítimas Feridas;Pleno dia;Decrescente;Céu Claro;Simples;Reta;Não;4;0;1;0;3;0;1;2;-10,69413222;-62,26827726;SPRF-RO;DEL03-RO;UOP02-DEL03-RO
607456;14/06/2024;sexta-feira;16:02:00;PB;101;71,1;SANTA RITA;Velocidade Incompatível;Colisão com objeto;Sem Vítimas;Pleno dia;Decrescente;Chuva;Dupla;Curva;Não;1;0;0;0;1;0;0;1;-7,06838278;-35,0033079;SPRF-PB;DEL01-PB;UOP04-DEL01-PB
607457;08/05/2024;quarta-feira;08:40:00;DF;20;21,9;BRASILIA;Manobra de mudança de faixa;Colisão transversal;Com Vítimas Feridas;Pleno dia;Decrescente;Céu Claro;Dupla;Rotatória;Sim;2;0;1;0;1;0;1;2;-15,603384;-47,684692;SPRF-DF;DEL02-DF;UOP01-DEL02-DF
607459;14/06/2024;sexta-feira;13:53:00;RJ;465;5;SEROPEDICA;Ausência de reação do condutor;Colisão lateral mesmo sentido;Com Vítimas Feridas;Pleno dia;Crescente;Céu Claro;Simples;Reta;Não;2;0;1;0;1;0;1;2;-22,747673;-43,699196;SPRF-RJ;DEL06-RJ;UOP02-DEL06-RJ
607460;14/06/2024;sexta-feira;17:10:00;RS;116;243;SAO LEOPOLDO;Acostamento em desnível;Tombamento;Com Vítimas Feridas;Pleno dia;Decrescente;Céu Claro;Dupla;"Reta;Em Obras";Sim;1;0;0;1;0;0;1;1;-29,73196199;-51,14952004;SPRF-RS;DEL01-RS;UOP02-DEL01-RS
607461;14/06/2024;sexta-feira;06:30:00;PI;135;153;BERTOLINIA;Ausência de reação do condutor;Colisão traseira;Com Vítimas Fatais;Pleno dia;Crescente;Céu Claro;Simples;"Reta;Aclive";Não;3;2;0;0;1;0;0;2;-7,83406933;-43,80206347;SPRF-PI;DEL03-PI;UOP01-DEL03-PI
607462;14/06/2024;sexta-feira;16:10:00;MG;50;72,7;UBERLANDIA;Reação tardia ou ineficiente do condutor;Colisão lateral mesmo sentido;Com Vítimas Feridas;Pleno dia;Decrescente;Céu Claro;Dupla;Reta;Não;2;0;1;0;0;1;1;2;-18,9059617;-48,23015213;SPRF-MG;DEL15-MG;UOP01-DEL15-MG
607463;14/06/2024;sexta-feira;17:20:00;ES;101;149;LINHARES;Condutor desrespeitou a iluminação vermelha do semáforo;Colisão transversal;Com Vítimas Feridas;Anoitecer;Decrescente;Céu Claro;Dupla;"Interseção de Vias;Reta";Sim;2;0;1;0;1;0;1;2;-19,39619083;-40,06435871;SPRF-ES;DEL04-ES;UOP01-DEL04-ES
607466;14/06/2024;sexta-feira;16:35:00;MG;381;597;CARMOPOLIS DE MINAS;Reação tardia ou ineficiente do condutor;Saída de leito carroçável;Sem Vítimas;Pleno dia;Crescente;Céu Claro;Dupla;"Aclive;Reta";Não;4;0;0;0;4;0;0;1;-20,60569501;-44,72419499;SPRF-MG;DEL04-MG;UOP01-DEL04-MG
607468;14/06/2024;sexta-feira;17:05:00;RS;116;148;CAXIAS DO SUL;Manobra de mudança de faixa;Colisão lateral mesmo sentido;Com Vítimas Feridas;Pleno dia;Decrescente;Céu Claro;Dupla;"Curva;Aclive";Sim;2;0;1;0;1;0;1;2;-29,15444539;-51,15101681;SPRF-RS;DEL05-RS;UOP01-DEL05-RS
607469;14/06/2024;sexta-feira;17:15:00;SC;101;118,1;ITAJAI;Ausência de reação do condutor;Colisão traseira;Com Vítimas Feridas;Pleno dia;Crescente;Nublado;Dupla;Reta;Não;2;0;0;1;1;0;1;2;-26,895859;-48,71903;SPRF-SC;DEL04-SC;UOP04-DEL04-SC
607471;14/06/2024;sexta-feira;08:55:00;RJ;101;324;NITEROI;Acesso irregular;Tombamento;Com Vítimas Feridas;Pleno dia;Decrescente;Céu Claro;Múltipla;Reta;Não;1;0;1;0;0;0;1;1;-22,87381074;-43,12640997;SPRF-RJ;DEL02-RJ;UOP01-DEL02-RJ
607472;14/06/2024;sexta-feira;16:50:00;PR;277;20,4;MORRETES;Condutor usando celular;Saída de leito carroçável;Com Vítimas Feridas;Anoitecer;Decrescente;Céu Claro;Dupla;Reta;Não;2;0;1;1;0;0;2;1;-25,53363794;-48,71008741;SPRF-PR;DEL01-PR;UOP05-DEL01-PR
607473;14/06/2024;sexta-feira;18:00:00;GO;60;92,4;ANAPOLIS;Transitar na contramão;Colisão frontal;Com Vítimas Feridas;Anoitecer;Decrescente;Céu Claro;Dupla;Curva;Sim;2;0;1;0;1;0;1;2;-16,353;-48,9178;SPRF-GO;DEL02-GO;UOP01-DEL02-GO
607474;14/06/2024;sexta-feira;17:00:00;PR;376;226,5;CAMBIRA;Condutor deixou de manter distância do veículo da frente;Colisão traseira;Com Vítimas Feridas;Pleno dia;Decrescente;Céu Claro;Dupla;"Reta;Declive";Não;2;0;1;0;1;0;1;2;-23,59676737;-51,58132214;SPRF-PR;DEL07-PR;UOP03-DEL07-PR
607475;14/06/2024;sexta-feira;17:35:00;PR;277;99;CURITIBA;Animais na Pista;Atropelamento de Animal;Com Vítimas Feridas;Anoitecer;Crescente;Céu Claro;Dupla;Reta;Sim;2;0;2;0;0;0;2;1;-25,43140985;-49,36008096;SPRF-PR;DEL01-PR;UOP06-DEL01-PR
607476;14/06/2024;sexta-feira;17:50:00;GO;153;501,5;GOIANIA;Manobra de mudança de faixa;Colisão lateral mesmo sentido;Com Vítimas Feridas;Anoitecer;Crescente;Céu Claro;Múltipla;Reta;Sim;2;0;1;0;1;0;1;2;-16,7189;-49,2382;SPRF-GO;DEL01-GO;UOP01-DEL01-GO
607477;28/05/2024;terça-feira;18:35:00;ES;262;93,4;DOMINGOS MARTINS;Conversão proibida;Colisão transversal;Com Vítimas Feridas;Plena Noite;Crescente;Nublado;Simples;Reta;Não;2;0;0;1;1;0;1;2;-20,37908136;-41,05047852;SPRF-ES;DEL01-ES;UOP02-DEL01-ES
607479;14/06/2024;sexta-feira;18:20:00;SC;101;126,5;ITAJAI;Ausência de reação do condutor;Colisão traseira;Com Vítimas Feridas;Plena Noite;Crescente;Nublado;Dupla;Reta;Não;2;0;0;1;1;0;1;2;-26,95564404;-48,67978366;SPRF-SC;DEL04-SC;UOP04-DEL04-SC
607480;14/06/2024;sexta-feira;18:00:00;PR;277;587,7;CASCAVEL;Desrespeitar a preferência no cruzamento;Colisão lateral mesmo sentido;Com Vítimas Feridas;Anoitecer;Crescente;Céu Claro;Simples;"Declive;Interseção de Vias;Reta";Sim;3;0;2;0;0;1;2;2;-24,97244264;-53,43599796;SPRF-PR;DEL04-PR;UOP01-DEL04-PR
607482;14/06/2024;sexta-feira;17:45:00;SC;282;508,1;XANXERE;Reação tardia ou ineficiente do condutor;Engavetamento;Com Vítimas Feridas;Anoitecer;Crescente;Céu Claro;Simples;"Curva;Aclive";Não;5;0;2;0;3;0;2;3;-26,887014;-52,448372;SPRF-SC;DEL07-SC;UOP01-DEL07-SC
607483;14/06/2024;sexta-feira;18:10:00;RN;101;109;PARNAMIRIM;Pista esburacada;Queda de ocupante de veículo;Com Vítimas Feridas;Plena Noite;Decrescente;Céu Claro;Múltipla;Reta;Sim;1;0;0;1;0;0;1;1;-5,937378;-35,26483;SPRF-RN;DEL01-RN;UOP01-DEL01-RN
607484;14/06/2024;sexta-feira;17:15:00;PE;428;186;PETROLINA;Acessar a via sem observar a presença dos outros veículos;Colisão transversal;Com Vítimas Feridas;Pleno dia;Decrescente;Céu Claro;Múltipla;Reta;Sim;2;0;1;0;1;0;1;2;-9,34807826;-40,47441248;SPRF-PE;DEL06-PE;UOP01-DEL06-PE
607487;14/06/2024;sexta-feira;18:15:00;CE;116;12,8;FORTALEZA;Acesso irregular;Colisão traseira;Com Vítimas Feridas;Plena Noite;Crescente;Céu Claro;Múltipla;"Reta;Declive";Sim;2;0;1;0;1;0;1;2;-3,852077;-38,495525;SPRF-CE;DEL01-CE;UOP02-DEL01-CE
607489;14/06/2024;sexta-feira;18:00:00;SC;101;208,5;SAO JOSE;Trafegar com motocicleta (ou similar) entre as faixas;Colisão lateral mesmo sentido;Com Vítimas Feridas;Plena Noite;Decrescente;Céu Claro;Múltipla;Reta;Sim;2;0;1;0;1;0;1;2;-27,60327979;-48,63201818;SPRF-SC;DEL01-SC;UOP01-DEL01-SC
607491;14/06/2024;sexta-feira;18:35:00;PR;277;584,6;CASCAVEL;Velocidade Incompatível;Saída de leito carroçável;Sem Vítimas;Plena Noite;Decrescente;Céu Claro;Múltipla;"Reta;Interseção de Vias;Declive";Sim;1;0;0;0;1;0;0;1;-24,9643116;-53,40845704;SPRF-PR;DEL04-PR;UOP01-DEL04-PR
607493;14/06/2024;sexta-feira;18:20:00;RJ;101;68;CAMPOS DOS GOYTACAZES;Condutor deixou de manter distância do veículo da frente;Colisão traseira;Com Vítimas Feridas;Plena Noite;Decrescente;Céu Claro;Simples;Reta;Não;3;0;2;0;1;0;2;2;-21,771273;-41,355907;SPRF-RJ;DEL08-RJ;UOP02-DEL08-RJ
607494;14/06/2024;sexta-feira;18:30:00;SC;282;0,5;FLORIANOPOLIS;Reação tardia ou ineficiente do condutor;Colisão traseira;Com Vítimas Feridas;Plena Noite;Crescente;Céu Claro;Dupla;Aclive;Sim;4;0;0;1;3;0;1;2;-27,59845;-48,571995;SPRF-SC;DEL01-SC;UOP01-DEL01-SC
607495;14/06/2024;sexta-feira;18:38:00;SP;116;222;GUARULHOS;Frear bruscamente;Colisão traseira;Sem Vítimas;Plena Noite;Decrescente;Céu Claro;Múltipla;Reta;Sim;3;0;0;0;3;0;0;2;-23,47093408;-46,51631097;SPRF-SP;DEL01-SP;UOP01-DEL01-SP
607497;22/04/2024;segunda-feira;00:10:00;BA;101;526;BUERAREMA;Mal súbito do condutor;Saída de leito carroçável;Com Vítimas Feridas;Plena Noite;Crescente;Chuva;Simples;Reta;Sim;47;0;5;9;33;0;14;1;-14,963783;-39,313334;SPRF-BA;DEL05-BA;UOP01-DEL05-BA