id;data_inversa;dia_semana;horario;uf;br;km;municipio;causa_acidente;tipo_acidente;classificacao_acidente;fase_dia;sentido_via;condicao_metereologica;tipo_pista;tracado_via;uso_solo;pessoas;mortos;feridos_leves;feridos_graves;ilesos;ignorados;feridos;veiculos;latitude;longitude;regional;delegacia;uop
607498;14/06/2024;sexta-feira;16:40:00;MG;381;484;BETIM;Manobra de mudança de faixa;Colisão lateral mesmo sentido;Com Vítimas Feridas;Pleno dia;Crescente;Céu Claro;Dupla;"Reta;Declive";Sim;3;0;0;2;1;0;2;2;-19,95531717;-44,11722196;SPRF-MG;DEL01-MG;UOP03-DEL01-MG
607500;14/06/2024;sexta-feira;17:45:00;SC;282;29,5;SANTO AMARO DA IMPERATRIZ;Conversão proibida;Colisão lateral mesmo sentido;Com Vítimas Feridas;Anoitecer;Decrescente;Céu Claro;Simples;Reta;Não;3;0;2;0;1;0;2;2;-27,679737;-48,786785;SPRF-SC;DEL01-SC;UOP03-DEL01-SC
607501;14/06/2024;sexta-feira;19:10:00;ES;101;212,2;IBIRACU;Transitar no Acostamento;Colisão transversal;Com Vítimas Feridas;Plena Noite;Crescente;Céu Claro;Simples;Reta;Sim;3;0;1;1;1;0;2;2;-19,81537521;-40,36655964;SPRF-ES;DEL02-ES;UOP01-DEL02-ES
607502;14/06/2024;sexta-feira;18:50:00;PR;277;3,5;FOZ DO IGUACU;Manobra de mudança de faixa;Colisão lateral mesmo sentido;Com Vítimas Feridas;Plena Noite;Crescente;Céu Claro;Dupla;Reta;Sim;3;0;2;0;1;0;2;2;-25,4777405;-54,58400488;SPRF-PR;DEL05-PR;UOP03-DEL05-PR
607503;14/06/2024;sexta-feira;18:40:00;GO;60;189,7;GUAPO;Animais na Pista;Saída de leito carroçável;Com Vítimas Feridas;Plena Noite;Crescente;Céu Claro;Dupla;Curva;Sim;1;0;1;0;0;0;1;1;-16,8222;-49,534;SPRF-GO;DEL01-GO;UOP02-DEL01-GO
607504;14/06/2024;sexta-feira;19:00:00;SP;116;216;GUARULHOS;Manobra de mudança de faixa;Queda de ocupante de veículo;Com Vítimas Feridas;Plena Noite;Crescente;Céu Claro;Múltipla;Reta;Sim;1;0;1;0;0;0;1;1;-23,45056589;-46,46258105;SPRF-SP;DEL01-SP;UOP01-DEL01-SP
607507;14/06/2024;sexta-feira;19:30:00;CE;116;12,8;FORTALEZA;Reação tardia ou ineficiente do condutor;Colisão traseira;Com Vítimas Feridas;Plena Noite;Decrescente;Céu Claro;Múltipla;Reta;Sim;2;0;1;0;1;0;1;2;-3,86198527;-38,49750996;SPRF-CE;DEL01-CE;UOP02-DEL01-CE
607508;14/06/2024;sexta-feira;18:50:00;PI;230;307;FLORIANO;Acessar a via sem observar a presença dos outros veículos;Tombamento;Com Vítimas Feridas;Plena Noite;Crescente;Céu Claro;Simples;"Reta;Declive";Sim;2;0;1;0;0;1;1;2;-6,78667452;-42,99358035;SPRF-PI;DEL03-PI;UOP01-DEL03-PI
607509;14/06/2024;sexta-feira;19:30:00;SC;101;212;PALHOCA;Manobra de mudança de faixa;Colisão lateral mesmo sentido;Com Vítimas Feridas;Plena Noite;Decrescente;Céu Claro;Múltipla;Reta;Sim;3;0;1;0;1;1;1;3;-27,62996929;-48,65903871;SPRF-SC;DEL01-SC;UOP02-DEL01-SC
607511;14/06/2024;sexta-feira;19:10:00;SC;101;138;BALNEARIO CAMBORIU;Ausência de reação do condutor;Colisão traseira;Com Vítimas Feridas;Plena Noite;Decrescente;Céu Claro;Múltipla;Reta;Sim;3;0;1;0;2;0;1;2;-27,02397426;-48,60761649;SPRF-SC;DEL04-SC;UOP03-DEL04-SC
607512;14/06/2024;sexta-feira;18:45:00;PR;116;115;CURITIBA;Manobra de mudança de faixa;Colisão lateral mesmo sentido;Com Vítimas Feridas;Anoitecer;Decrescente;Céu Claro;Dupla;Reta;Não;3;0;1;0;2;0;1;2;-25,55953326;-49,26560414;SPRF-PR;DEL01-PR;UOP07-DEL01-PR
607513;28/05/2024;terça-feira;13:40:00;ES;262;152,6;IBATIBA;Reação tardia ou ineficiente do condutor;Tombamento;Com Vítimas Feridas;Pleno dia;Decrescente;Céu Claro;Simples;"Aclive;Curva";Não;2;0;1;0;0;1;1;2;-20,21979331;-41,45006235;SPRF-ES;DEL01-ES;UOP02-DEL01-ES
607514;14/06/2024;sexta-feira;18:40:00;PR;376;153,6;MANDAGUACU;Deficiência do Sistema de Iluminação/Sinalização;Colisão traseira;Com Vítimas Fatais;Plena Noite;Crescente;Céu Claro;Dupla;"Reta;Declive";Sim;2;1;0;0;1;0;0;2;-23,32908302;-52,11162178;SPRF-PR;DEL09-PR;UOP01-DEL09-PR
607517;14/06/2024;sexta-feira;19:20:00;PR;369;69;SANTA MARIANA;Animais na Pista;Capotamento;Com Vítimas Feridas;Plena Noite;Crescente;Céu Claro;Simples;Reta;Não;1;0;1;0;0;0;1;1;-23,13628942;-50,47991395;SPRF-PR;DEL07-PR;UOP05-DEL07-PR
607518;14/06/2024;sexta-feira;19:15:00;MT;158;796,5;BARRA DO GARCAS;Ingestão de álcool pelo condutor;Atropelamento de Pedestre;Com Vítimas Feridas;Plena Noite;Crescente;Céu Claro;Simples;Reta;Sim;2;0;0;1;1;0;1;2;-15,873444;-52,31586;SPRF-MT;DEL07-MT;UOP01-DEL07-MT
607522;14/06/2024;sexta-feira;19:22:00;MG;262;417,7;PARA DE MINAS;Acessar a via sem observar a presença dos outros veículos;Atropelamento de Pedestre;Com Vítimas Fatais;Plena Noite;Decrescente;Céu Claro;Dupla;"Reta;Aclive";Sim;3;1;0;0;2;0;0;2;-19,90564403;-44,68893403;SPRF-MG;DEL08-MG;UOP03-DEL08-MG
607523;14/06/2024;sexta-feira;16:00:00;RJ;116;76,8;TERESOPOLIS;Conversão proibida;Colisão lateral sentido oposto;Com Vítimas Feridas;Pleno dia;Crescente;Céu Claro;Simples;Interseção de Vias;Não;2;0;1;0;1;0;1;2;-22,36266735;-42,95021296;SPRF-RJ;DEL04-RJ;UOP01-DEL04-RJ
607524;14/06/2024;sexta-feira;18:45:00;MS;163;423;CAMPO GRANDE;Demais falhas mecânicas ou elétricas;Incêndio;Sem Vítimas;Plena Noite;Crescente;Céu Claro;Simples;Reta;Sim;1;0;0;0;0;1;0;1;-20,96414607;-54,50314447;SPRF-MS;DEL01-MS;UOP01-DEL01-MS
607525;14/06/2024;sexta-feira;20:50:00;RJ;465;18;NOVA IGUACU;Acesso irregular;Colisão transversal;Com Vítimas Feridas;Plena Noite;Crescente;Céu Claro;Simples;Reta;Não;2;0;0;1;1;0;1;2;-22,831354;-43,615128;SPRF-RJ;DEL06-RJ;UOP02-DEL06-RJ
607528;14/06/2024;sexta-feira;17:50:00;BA;101;267;SANTO ANTONIO DE JESUS;Ingestão de álcool pelo condutor;Queda de ocupante de veículo;Com Vítimas Feridas;Plena Noite;Crescente;Chuva;Simples;"Aclive;Reta";Não;1;0;1;0;0;0;1;1;-13,01059386;-39,28962707;SPRF-BA;DEL01-BA;UOP02-DEL01-BA
607530;14/06/2024;sexta-feira;20:46:00;SE;235;108,3;CARIRA;Transitar na contramão;Colisão lateral sentido oposto;Sem Vítimas;Plena Noite;Crescente;Nublado;Simples;Reta;Sim;2;0;0;0;2;0;0;2;-10,354251;-37,703625;SPRF-SE;DEL01-SE;UOP02-DEL01-SE
607532;14/06/2024;sexta-feira;10:00:00;BA;101;624;MASCOTE;Acumulo de água sobre o pavimento;Saída de leito carroçável;Com Vítimas Feridas;Pleno dia;Crescente;Chuva;Simples;"Aclive;Curva";Não;2;0;2;0;0;0;2;1;-15,858785;-39,520394;SPRF-BA;DEL05-BA;UOP02-DEL05-BA
607535;14/06/2024;sexta-feira;08:00:00;PB;230;168,9;CAMPINA GRANDE;Demais falhas na via;Tombamento;Com Vítimas Feridas;Plena Noite;Decrescente;Chuva;Simples;Reta;Não;2;0;0;1;0;1;1;1;-7,185413;-35,975773;SPRF-PB;DEL02-PB;UOP02-DEL02-PB
607537;14/06/2024;sexta-feira;20:00:00;TO;153;514;PUGMIL;Ausência de reação do condutor;Colisão traseira;Com Vítimas Feridas;Plena Noite;Decrescente;Céu Claro;Simples;Reta;Não;2;0;1;0;0;1;1;2;-10,335307;-48,88808596;SPRF-TO;DEL01-TO;UOP01-DEL01-TO
607538;14/06/2024;sexta-feira;21:30:00;PR;153;26,5;JACAREZINHO;Ingestão de álcool pelo condutor;Saída de leito carroçável;Sem Vítimas;Plena Noite;Decrescente;Céu Claro;Simples;"Aclive;Reta";Não;1;0;0;0;1;0;0;1;-23,200816;-49,9848467;SPRF-PR;DEL07-PR;UOP04-DEL07-PR
607539;14/06/2024;sexta-feira;19:40:00;RJ;40;121;DUQUE DE CAXIAS;Avarias e/ou desgaste excessivo no pneu;Tombamento;Com Vítimas Feridas;Plena Noite;Decrescente;Céu Claro;Múltipla;Reta;Sim;2;0;1;0;1;0;1;1;-22,78185499;-43,28571273;SPRF-RJ;DEL01-RJ;UOP02-DEL01-RJ
607540;14/06/2024;sexta-feira;15:40:00;PA;230;800;URUARA;Reação tardia ou ineficiente do condutor;Colisão com objeto;Com Vítimas Feridas;Pleno dia;Decrescente;Sol;Simples;"Reta;Ponte";Não;4;0;2;1;1;0;3;1;-3,62184791;-53,36290115;SPRF-PA;DEL04-PA;UOP01-DEL04-PA
607541;14/06/2024;sexta-feira;22:27:00;SP;116;155;SAO JOSE DOS CAMPOS;Animais na Pista;Colisão lateral mesmo sentido;Com Vítimas Feridas;Plena Noite;Decrescente;Céu Claro;Dupla;Reta;Sim;3;0;2;0;1;0;2;2;-23,24524337;-45,92772774;SPRF-SP;DEL02-SP;UOP01-DEL02-SP
607545;14/06/2024;sexta-feira;22:45:00;PR;376;178,8;MARINGA;Condutor deixou de manter distância do veículo da frente;Colisão lateral mesmo sentido;Com Vítimas Feridas;Plena Noite;Crescente;Céu Claro;Dupla;Reta;Sim;1;0;0;1;0;0;1;1;-23,42244278;-51,90360392;SPRF-PR;DEL09-PR;UOP01-DEL09-PR
607547;15/06/2024;sábado;00:05:00;GO;50;280,9;CATALAO;Reação tardia ou ineficiente do condutor;Queda de ocupante de veículo;Com Vítimas Feridas;Plena Noite;Decrescente;Céu Claro;Simples;"Em Obras;Reta";Sim;1;0;1;0;0;0;1;1;-18,1784;-47,9362;SPRF-GO;DEL06-GO;UOP01-DEL06-GO
607548;14/06/2024;sexta-feira;18:40:00;PI;343;157,1;BRASILEIRA;Ultrapassagem Indevida;Colisão frontal;Com Vítimas Fatais;Plena Noite;Crescente;Céu Claro;Simples;Reta;Não;3;1;1;0;1;0;1;2;-4,047121;-41,771477;SPRF-PI;DEL02-PI;UOP01-DEL02-PI
607549;14/06/2024;sexta-feira;23:57:00;SP;116;282,2;EMBU DAS ARTES;Ausência de reação do condutor;Saída de leito carroçável;Com Vítimas Feridas;Plena Noite;Crescente;Céu Claro;Dupla;Retorno Regulamentado;Sim;2;0;2;0;0;0;2;1;-23,68570216;-46,85970975;SPRF-SP;DEL04-SP;UOP01-DEL04-SP
607550;14/06/2024;sexta-feira;17:35:00;RJ;40;116;DUQUE DE CAXIAS;Trafegar com motocicleta (ou similar) entre as faixas;Colisão traseira;Com Vítimas Feridas;Anoitecer;Decrescente;Céu Claro;Múltipla;Reta;Não;2;0;1;0;1;0;1;2;-22,73662299;-43,28858785;SPRF-RJ;DEL01-RJ;UOP02-DEL01-RJ
607552;15/06/2024;sábado;00:15:00;SP;101;41;UBATUBA;Transitar na contramão;Colisão frontal;Com Vítimas Feridas;Plena Noite;Decrescente;Céu Claro;Simples;Reta;Não;6;0;2;0;4;0;2;2;-23,41971433;-45,0428663;SPRF-SP;DEL06-SP;UOP01-DEL06-SP
607553;15/06/2024;sábado;00:30:00;MG;365;696;MONTE ALEGRE DE MINAS;Reação tardia ou ineficiente do condutor;Saída de leito carroçável;Com Vítimas Feridas;Plena Noite;Crescente;Céu Claro;Dupla;Reta;Não;1;0;1;0;0;0;1;1;-18,87686537;-48,90422344;SPRF-MG;DEL15-MG;UOP03-DEL15-MG
607555;14/06/2024;sexta-feira;23:45:00;MG;40;608,6;CONGONHAS;Ultrapassagem Indevida;Colisão lateral mesmo sentido;Com Vítimas Feridas;Plena Noite;Decrescente;Céu Claro;Simples;Reta;Não;3;0;2;0;1;0;2;2;-20,48427186;-43,83895771;SPRF-MG;DEL05-MG;UOP02-DEL05-MG
607557;15/06/2024;sábado;00:00:00;SC;101;102;BALNEARIO PICARRAS;Acessar a via sem observar a presença dos outros veículos;Colisão transversal;Sem Vítimas;Plena Noite;Crescente;Céu Claro;Múltipla;Reta;Não;2;0;0;0;2;0;0;2;-26,77383397;-48,68594062;SPRF-SC;DEL03-SC;UOP02-DEL03-SC
607558;15/06/2024;sábado;01:06:00;RS;290;94,5;PORTO ALEGRE;Ausência de reação do condutor;Tombamento;Com Vítimas Feridas;Plena Noite;Decrescente;Céu Claro;Múltipla;Reta;Sim;1;0;0;1;0;0;1;1;-29,973856;-51,197853;SPRF-RS;DEL01-RS;UOP01-DEL01-RS
607560;14/06/2024;sexta-feira;23:45:00;MS;262;348;CAMPO GRANDE;Animais na Pista;Atropelamento de Animal;Com Vítimas Feridas;Plena Noite;Decrescente;Céu Claro;Simples;Reta;Não;3;0;1;0;2;0;1;1;-20,56323754;-54,61259399;SPRF-MS;DEL01-MS;UOP03-DEL01-MS
607561;14/06/2024;sexta-feira;20:55:00;RS;285;121;VACARIA;Ausência de reação do condutor;Colisão transversal;Com Vítimas Feridas;Plena Noite;Decrescente;Céu Claro;Simples;Rotatória;Sim;2;0;1;0;1;0;1;2;-28,510252;-50,935688;SPRF-RS;DEL05-RS;UOP03-DEL05-RS
607562;15/06/2024;sábado;01:15:00;SP;116;107;TAUBATE;Ausência de reação do condutor;Colisão com objeto;Sem Vítimas;Plena Noite;Decrescente;Céu Claro;Simples;"Reta;Retorno Regulamentado";Sim;1;0;0;0;1;0;0;1;-23,02053761;-45,53257942;SPRF-SP;DEL02-SP;UOP02-DEL02-SP
607565;15/06/2024;sábado;00:25:00;SC;101;332,5;TUBARAO;Ausência de reação do condutor;Colisão com objeto;Com Vítimas Feridas;Plena Noite;Crescente;Céu Claro;Simples;Reta;Sim;2;0;1;0;1;0;1;1;-28,46016431;-48,98968873;SPRF-SC;DEL02-SC;UOP01-DEL02-SC
607566;14/06/2024;sexta-feira;20:20:00;RN;304;206;LAJES;Mal súbito do condutor;Saída de leito carroçável;Com Vítimas Feridas;Plena Noite;Decrescente;Céu Claro;Simples;Reta;Não;1;0;1;0;0;0;1;1;-5,73746736;-36,11264105;SPRF-RN;DEL01-RN;UOP03-DEL01-RN
607568;15/06/2024;sábado;01:45:00;SC;101;65,3;ARAQUARI;Reação tardia ou ineficiente do condutor;Tombamento;Com Vítimas Feridas;Plena Noite;Crescente;Nevoeiro/Neblina;Múltipla;Reta;Sim;1;0;1;0;0;0;1;1;-26,47135714;-48,74457217;SPRF-SC;DEL03-SC;UOP02-DEL03-SC
607569;15/06/2024;sábado;01:45:00;MG;267;138,7;JUIZ DE FORA;Velocidade Incompatível;Colisão traseira;Com Vítimas Feridas;Plena Noite;Crescente;Garoa/Chuvisco;Simples;Reta;Não;3;0;1;0;2;0;1;2;-21,79071223;-43,67401443;SPRF-MG;DEL05-MG;UOP01-DEL05-MG
607571;15/06/2024;sábado;01:30:00;RJ;101;386;RIO DE JANEIRO;Manobra de mudança de faixa;Colisão lateral mesmo sentido;Com Vítimas Feridas;Plena Noite;Decrescente;Céu Claro;Dupla;Reta;Sim;2;0;1;0;1;0;1;2;-22,88295192;-43,64094302;SPRF-RJ;DEL03-RJ;UOP01-DEL03-RJ
607572;15/06/2024;sábado;01:05:00;PR;116;152;MANDIRITUBA;Velocidade Incompatível;Colisão com objeto;Sem Vítimas;Plena Noite;Crescente;Céu Claro;Simples;Interseção de Vias;Sim;1;0;0;0;0;1;0;1;-25,83236296;-49,33609707;SPRF-PR;DEL01-PR;UOP03-DEL01-PR
607573;15/06/2024;sábado;03:00:00;GO;153;513;APARECIDA DE GOIANIA;Ingestão de álcool pelo condutor;Colisão traseira;Com Vítimas Feridas;Plena Noite;Decrescente;Céu Claro;Simples;Reta;Não;2;0;1;0;1;0;1;2;-16,8244;-49,2421;SPRF-GO;DEL01-GO;UOP03-DEL01-GO
607574;15/06/2024;sábado;02:51:00;MG;381;887,9;CAMBUI;Ausência de reação do condutor;Saída de leito carroçável;Com Vítimas Feridas;Plena Noite;Crescente;Nevoeiro/Neblina;Dupla;Reta;Não;1;0;1;0;0;0;1;1;-22,56149195;-46,0408143;SPRF-MG;DEL16-MG;UOP03-DEL16-MG
607575;15/06/2024;sábado;02:45:00;RJ;465;15;NOVA IGUACU;Entrada inopinada do pedestre;Atropelamento de Pedestre;Com Vítimas Feridas;Plena Noite;Crescente;Céu Claro;Simples;Reta;Sim;3;0;2;0;0;1;2;2;-22,810925;-43,631504;SPRF-RJ;DEL06-RJ;UOP02-DEL06-RJ
607576;15/06/2024;sábado;03:50:00;SC;101;205,4;SAO JOSE;Ingestão de álcool pelo condutor;Saída de leito carroçável;Com Vítimas Feridas;Plena Noite;Crescente;Nublado;Dupla;Reta;Não;1;0;1;0;0;0;1;1;-27,58313237;-48,61532885;SPRF-SC;DEL01-SC;UOP01-DEL01-SC
607578;15/06/2024;sábado;02:15:00;SC;101;308,1;LAGUNA;Transitar na contramão;Colisão lateral sentido oposto;Com Vítimas Feridas;Plena Noite;Decrescente;Céu Claro;Dupla;Reta;Não;2;0;1;0;0;1;1;2;-28,41935314;-48,7964201;SPRF-SC;DEL02-SC;UOP01-DEL02-SC
607579;15/06/2024;sábado;04:00:00;CE;222;2,8;FORTALEZA;Condutor deixou de manter distância do veículo da frente;Colisão traseira;Sem Vítimas;Amanhecer;Crescente;Céu Claro;Múltipla;Interseção de Vias;Sim;2;0;0;0;1;1;0;2;-3,73911117;-38,58687498;SPRF-CE;DEL01-CE;UOP01-DEL01-CE
607580;15/06/2024;sábado;05:00:00;RS;116;266;CANOAS;Ausência de reação do condutor;Saída de leito carroçável;Sem Vítimas;Plena Noite;Crescente;Céu Claro;Múltipla;Reta;Sim;1;0;0;0;1;0;0;1;-29,93242399;-51,17742077;SPRF-RS;DEL01-RS;UOP01-DEL01-RS
607581;15/06/2024;sábado;04:45:00;PE;232;32;MORENO;Objeto estático sobre o leito carroçável;Colisão com objeto;Com Vítimas Feridas;Amanhecer;Crescente;Garoa/Chuvisco;Dupla;Reta;Não;1;0;0;1;0;0;1;1;-8,10541732;-35,1665671;SPRF-PE;DEL01-PE;UOP01-DEL01-PE
607582;15/06/2024;sábado;04:05:00;ES;262;111;VENDA NOVA DO IMIGRANTE;Reação tardia ou ineficiente do condutor;Colisão traseira;Sem Vítimas;Plena Noite;Crescente;Céu Claro;Simples;Reta;Sim;2;0;0;0;2;0;0;2;-20,337313;-41,192558;SPRF-ES;DEL01-ES;UOP02-DEL01-ES
607583;15/06/2024;sábado;04:15:00;SC;280;216,9;TRES BARRAS;Transitar na contramão;Colisão frontal;Com Vítimas Feridas;Plena Noite;Decrescente;Céu Claro;Simples;"Reta;Em Obras";Não;3;0;1;0;2;0;1;2;-26,18019185;-50,22647394;SPRF-SC;DEL06-SC;UOP04-DEL06-SC
607585;14/06/2024;sexta-feira;23:58:00;PB;101;14,9;MAMANGUAPE;Condutor Dormindo;Saída de leito carroçável;Sem Vítimas;Plena Noite;Decrescente;Nublado;Dupla;Aclive;Não;1;0;0;0;1;0;0;1;-6,61713815;-35,13803934;SPRF-PB;DEL01-PB;UOP04-DEL01-PB
607586;15/06/2024;sábado;05:15:00;RS;386;438;NOVA SANTA RITA;Conversão proibida;Colisão transversal;Sem Vítimas;Plena Noite;Decrescente;Céu Claro;Simples;Reta;Sim;3;0;0;0;3;0;0;2;-29,863266;-51,252903;SPRF-RS;DEL04-RS;UOP02-DEL04-RS
607588;15/06/2024;sábado;05:30:00;PR;277;708;SANTA TEREZINHA DE ITAIPU;Condutor usando celular;Colisão traseira;Com Vítimas Feridas;Plena Noite;Crescente;Céu Claro;Dupla;"Reta;Viaduto";Sim;5;0;3;0;2;0;3;2;-25,44290885;-54,39565306;SPRF-PR;DEL05-PR;UOP01-DEL05-PR
607591;15/06/2024;sábado;06:10:00;GO;50;202,3;CAMPO ALEGRE DE GOIAS;Condutor Dormindo;Saída de leito carroçável;Sem Vítimas;Amanhecer;Crescente;Céu Claro;Dupla;Reta;Não;1;0;0;0;0;1;0;1;-17,5924;-47,806;SPRF-GO;DEL06-GO;UOP01-DEL06-GO
607592;15/06/2024;sábado;06:20:00;SC;280;28,3;ARAQUARI;Acessar a via sem observar a presença dos outros veículos;Colisão frontal;Com Vítimas Feridas;Amanhecer;Decrescente;Céu Claro;Simples;Reta;Sim;3;0;2;1;0;0;3;2;-26,40450077;-48,74561031;SPRF-SC;DEL03-SC;UOP03-DEL03-SC
607594;15/06/2024;sábado;02:50:00;MG;50;176,5;UBERABA;Ausência de reação do condutor;Colisão com objeto;Sem Vítimas;Plena Noite;Decrescente;Céu Claro;Dupla;Reta;Sim;1;0;0;0;0;1;0;1;-19,77919981;-47,960032;SPRF-MG;DEL13-MG;UOP01-DEL13-MG
607596;15/06/2024;sábado;05:30:00;PA;10;348;SANTA MARIA DO PARA;Ingestão de álcool pelo condutor;Saída de leito carroçável;Sem Vítimas;Amanhecer;Crescente;Céu Claro;Simples;"Declive;Reta";Não;1;0;0;0;1;0;0;1;-1,39915494;-47,55908083;SPRF-PA;DEL01-PA;UOP02-DEL01-PA
607602;14/06/2024;sexta-feira;18:46:00;MS;163;727;COXIM;Desrespeitar a preferência no cruzamento;Tombamento;Com Vítimas Feridas;Anoitecer;Crescente;Céu Claro;Simples;Reta;Sim;2;0;2;0;0;0;2;2;-18,53607086;-54,74294349;SPRF-MS;DEL06-MS;UOP01-DEL06-MS
607603;15/06/2024;sábado;06:00:00;SC;101;315;LAGUNA;Condutor Dormindo;Tombamento;Com Vítimas Feridas;Amanhecer;Crescente;Céu Claro;Dupla;"Reta;Ponte";Não;1;0;1;0;0;0;1;1;-28,43552413;-48,8343121;SPRF-SC;DEL02-SC;UOP01-DEL02-SC
607604;15/06/2024;sábado;07:30:00;BA;324;516;FEIRA DE SANTANA;Conversão proibida;Atropelamento de Pedestre;Com Vítimas Feridas;Pleno dia;Crescente;Céu Claro;Simples;Reta;Sim;2;0;2;0;0;0;2;2;-12,2417119;-38,93768485;SPRF-BA;DEL02-BA;UOP01-DEL02-BA
607608;15/06/2024;sábado;05:45:00;MT;364;565,8;NOBRES;Condutor Dormindo;Saída de leito carroçável;Sem Vítimas;Amanhecer;Crescente;Céu Claro;Dupla;Aclive;Não;1;0;0;0;1;0;0;1;-14,76386003;-56,34804297;SPRF-MT;DEL01-MT;UOP01-DEL01-MT
607609;15/06/2024;sábado;07:00:00;PE;232;54;POMBOS;Acumulo de água sobre o pavimento;Saída de leito carroçável;Com Vítimas Feridas;Pleno dia;Crescente;Chuva;Dupla;Reta;Não;1;0;1;0;0;0;1;1;-8,12919504;-35,35716398;SPRF-PE;DEL02-PE;UOP02-DEL02PE
607611;15/06/2024;sábado;06:10:00;DF;60;5,8;BRASILIA;Manobra de mudança de faixa;Colisão traseira;Com Vítimas Feridas;Amanhecer;Decrescente;Céu Claro;Dupla;"Aclive;Reta";Sim;4;0;1;0;3;0;1;2;-15,895438;-48,104771;SPRF-DF;DEL03-DF;UOP01-DEL03-DF
607613;15/06/2024;sábado;08:10:00;GO;60;95,3;ANAPOLIS;Acessar a via sem observar a presença dos outros veículos;Colisão transversal;Com Vítimas Feridas;Pleno dia;Crescente;Céu Claro;Simples;Interseção de Vias;Sim;2;0;0;1;1;0;1;2;-16,367803;-48,93869;SPRF-GO;DEL02-GO;UOP01-DEL02-GO
607614;15/06/2024;sábado;07:30:00;MG;50;68;UBERLANDIA;Desrespeitar a preferência no cruzamento;Colisão transversal;Com Vítimas Feridas;Pleno dia;Crescente;Céu Claro;Simples;"Interseção de Vias;Reta";Sim;2;0;1;0;1;0;1;2;-18,85140204;-48,25345932;SPRF-MG;DEL15-MG;UOP02-DEL15-MG
607616;15/06/2024;sábado;07:10:00;RO;364;715;PORTO VELHO;Ausência de reação do condutor;Colisão traseira;Com Vítimas Feridas;Pleno dia;Crescente;Céu Claro;Dupla;Declive;Não;2;0;1;0;1;0;1;2;-8,77957291;-63,89174213;SPRF-RO;DEL01-RO;UOP01-DEL01-RO
607619;23/05/2024;quinta-feira;06:40:00;SC;101;157;PORTO BELO;Manobra de mudança de faixa;Colisão traseira;Com Vítimas Feridas;Pleno dia;Decrescente;Nublado;Dupla;Retorno Regulamentado;Sim;2;0;1;0;1;0;1;2;-27,181625;-48,6121179;SPRF-SC;DEL04-SC;UOP03-DEL04-SC
607621;15/06/2024;sábado;06:30:00;MG;40;665,3;CARANDAI;Desrespeitar a preferência no cruzamento;Colisão transversal;Com Vítimas Feridas;Pleno dia;Crescente;Céu Claro;Simples;"Retorno Regulamentado;Reta;Interseção de Vias";Não;4;0;1;2;1;0;3;2;-20,943393;-43,810086;SPRF-MG;DEL05-MG;UOP02-DEL05-MG
607622;15/06/2024;sábado;08:15:00;RJ;493;26;MAGE;Velocidade Incompatível;Saída de leito carroçável;Com Vítimas Feridas;Pleno dia;Crescente;Sol;Simples;Curva;Sim;1;0;1;0;0;0;1;1;-22,65667;-43,088413;SPRF-RJ;DEL04-RJ;UOP02-DEL04-RJ
607624;15/06/2024;sábado;08:39:00;GO;40;6;VALPARAISO DE GOIAS;Condutor deixou de manter distância do veículo da frente;Engavetamento;Sem Vítimas;Pleno dia;Decrescente;Céu Claro;Dupla;Reta;Sim;6;0;0;0;6;0;0;5;-16,100814;-47,977351;SPRF-DF;DEL01-DF;UOP01-DEL01-DF
607625;15/06/2024;sábado;07:00:00;SC;153;103;CONCORDIA;Transitar na contramão;Colisão frontal;Com Vítimas Fatais;Pleno dia;Decrescente;Céu Claro;Simples;Curva;Não;3;1;0;2;0;0;2;2;-27,2734903;-51,9638706;SPRF-SC;DEL07-SC;UOP04-DEL07-SC
607626;15/06/2024;sábado;09:10:00;SC;282;48,2;AGUAS MORNAS;Acessar a via sem observar a presença dos outros veículos;Colisão transversal;Com Vítimas Feridas;Pleno dia;Crescente;Céu Claro;Simples;"Interseção de Vias;Curva;Aclive";Não;6;0;4;0;2;0;4;2;-27,714352;-48,938072;SPRF-SC;DEL01-SC;UOP03-DEL01-SC
607627;15/06/2024;sábado;09:10:00;RJ;101;331;RIO DE JANEIRO;Ausência de reação do condutor;Colisão traseira;Com Vítimas Feridas;Pleno dia;Decrescente;Céu Claro;Dupla;Reta;Sim;2;0;1;0;1;0;1;2;-22,867662;-43,195337;SPRF-RJ;DEL02-RJ;UOP01-DEL02-RJ
607628;15/06/2024;sábado;08:50:00;PE;232;19;MORENO;Ausência de reação do condutor;Colisão traseira;Sem Vítimas;Pleno dia;Decrescente;Chuva;Dupla;Curva;Sim;6;0;0;0;6;0;0;2;-8,098198;-35,065613;SPRF-PE;DEL01-PE;UOP01-DEL01-PE
607630;15/06/2024;sábado;08:00:00;SP;116;109;TAUBATE;Reação tardia ou ineficiente do condutor;Engavetamento;Com Vítimas Feridas;Pleno dia;Decrescente;Céu Claro;Dupla;Reta;Sim;5;0;1;0;3;1;1;5;-23,02871304;-45,54517097;SPRF-SP;DEL02-SP;UOP02-DEL02-SP
607631;15/06/2024;sábado;08:20:00;MG;40;557,8;NOVA LIMA;Transitar no Acostamento;Eventos atípicos;Com Vítimas Feridas;Pleno dia;Decrescente;Céu Claro;Dupla;Reta;Não;2;0;0;2;0;0;2;2;-20,10255103;-43,9749284;SPRF-MG;DEL01-MG;UOP02-DEL01-MG
607632;15/06/2024;sábado;08:40:00;RJ;101;482;ANGRA DOS REIS;Desrespeitar a preferência no cruzamento;Colisão transversal;Com Vítimas Feridas;Pleno dia;Decrescente;Céu Claro;Simples;Interseção de Vias;Sim;2;0;1;0;1;0;1;2;-23,00453;-44,29746;SPRF-RJ;DEL03-RJ;UOP03-DEL03-RJ