id;data_inversa;dia_semana;horario;uf;br;km;municipio;causa_acidente;tipo_acidente;classificacao_acidente;fase_dia;sentido_via;condicao_metereologica;tipo_pista;tracado_via;uso_solo;pessoas;mortos;feridos_leves;feridos_graves;ilesos;ignorados;feridos;veiculos;latitude;longitude;regional;delegacia;uop
608086;17/06/2024;segunda-feira;08:20:00;DF;70;10;BRASILIA;Mal súbito do condutor;Saída de leito carroçável;Sem Vítimas;Pleno dia;Decrescente;Céu Claro;Dupla;Reta;Sim;1;0;0;0;1;0;0;1;-15,787066;-48,140709;SPRF-DF;DEL03-DF;UOP02-DEL03-DF
608087;17/06/2024;segunda-feira;07:00:00;RJ;101;386;RIO DE JANEIRO;Reação tardia ou ineficiente do condutor;Saída de leito carroçável;Com Vítimas Feridas;Amanhecer;Crescente;Céu Claro;Dupla;Reta;Sim;1;0;1;0;0;0;1;1;-22,88295192;-43,64094302;SPRF-RJ;DEL03-RJ;UOP01-DEL03-RJ
608088;17/06/2024;segunda-feira;08:30:00;SP;116;217;GUARULHOS;Ausência de reação do condutor;Colisão traseira;Com Vítimas Feridas;Pleno dia;Crescente;Nublado;Múltipla;Reta;Não;2;0;1;0;1;0;1;2;-23,45423824;-46,47119028;SPRF-SP;DEL01-SP;UOP01-DEL01-SP
608089;17/06/2024;segunda-feira;05:20:00;MT;163;597,3;NOVA MUTUM;Ausência de reação do condutor;Tombamento;Com Vítimas Feridas;Amanhecer;Crescente;Céu Claro;Dupla;Reta;Não;1;0;1;0;0;0;1;1;-13,93434794;-56,09529344;SPRF-MT;DEL01-MT;UOP01-DEL01-MT
608090;20/05/2024;segunda-feira;19:00:00;PR;369;130,5;JATAIZINHO;Pedestre cruzava a pista fora da faixa;Atropelamento de Pedestre;Com Vítimas Feridas;Plena Noite;Decrescente;Céu Claro;Dupla;Reta;Não;4;0;0;1;3;0;1;2;-23,2594303;-50,98719703;SPRF-PR;DEL07-PR;UOP01-DEL07-PR
608094;17/06/2024;segunda-feira;08:30:00;RS;470;210;BENTO GONCALVES;Pista Escorregadia;Colisão com objeto;Com Vítimas Feridas;Pleno dia;Crescente;Nublado;Simples;Curva;Não;1;0;1;0;0;0;1;1;-29,11647449;-51,54258383;SPRF-RS;DEL06-RS;UOP01-DEL06-RS
608095;17/06/2024;segunda-feira;07:50:00;RO;319;56;PORTO VELHO;Reação tardia ou ineficiente do condutor;Tombamento;Com Vítimas Feridas;Pleno dia;Crescente;Céu Claro;Simples;Retorno Regulamentado;Sim;1;0;1;0;0;0;1;1;-8,739714;-63,93214024;SPRF-RO;DEL01-RO;UOP01-DEL01-RO
608096;19/02/2024;segunda-feira;11:40:00;RO;364;237,5;CACOAL;Reação tardia ou ineficiente do condutor;Colisão lateral mesmo sentido;Sem Vítimas;Pleno dia;Crescente;Céu Claro;Simples;"Declive;Reta";Sim;3;0;0;0;3;0;0;2;-11,44341056;-61,44672787;SPRF-RO;DEL02-RO;UOP02-DEL02-RO
608097;17/06/2024;segunda-feira;09:35:00;MG;381;484;BETIM;Condutor deixou de manter distância do veículo da frente;Colisão traseira;Com Vítimas Feridas;Pleno dia;Decrescente;Céu Claro;Múltipla;Reta;Sim;2;0;0;1;1;0;1;2;-19,95531717;-44,11722196;SPRF-MG;DEL01-MG;UOP03-DEL01-MG
608099;12/05/2024;domingo;22:50:00;SC;282;573,6;PINHALZINHO;Velocidade Incompatível;Saída de leito carroçável;Com Vítimas Feridas;Plena Noite;Crescente;Chuva;Simples;Curva;Não;1;0;1;0;0;0;1;1;-26,863194;-52,974529;SPRF-SC;DEL07-SC;UOP02-DEL07-SC
608100;16/06/2024;domingo;22:00:00;MT;163;717;SORRISO;Ausência de reação do condutor;Saída de leito carroçável;Sem Vítimas;Plena Noite;Decrescente;Céu Claro;Simples;Curva;Não;1;0;0;0;0;1;0;1;-12,94593709;-55,86559775;SPRF-MT;DEL06-MT;UOP01-DEL06-MT
608103;17/06/2024;segunda-feira;08:35:00;MA;10;251,2;IMPERATRIZ;Acessar a via sem observar a presença dos outros veículos;Colisão transversal;Com Vítimas Feridas;Pleno dia;Crescente;Céu Claro;Simples;"Reta;Retorno Regulamentado";Sim;3;0;0;2;1;0;2;2;-5,543249;-47,464447;SPRF-MA;DEL04-MA;UOP01-DEL04-MA
608104;17/06/2024;segunda-feira;07:20:00;PA;222;36;DOM ELISEU;Ultrapassagem Indevida;Colisão lateral mesmo sentido;Com Vítimas Feridas;Pleno dia;Crescente;Céu Claro;Simples;"Reta;Em Obras";Não;3;0;1;0;1;1;1;3;-4,32363;-47,696621;SPRF-PA;DEL02-PA;UOP02-DEL02-PA
608105;17/06/2024;segunda-feira;07:50:00;SC;101;97,5;BALNEARIO PICARRAS;Demais falhas mecânicas ou elétricas;Saída de leito carroçável;Com Vítimas Feridas;Amanhecer;Crescente;Céu Claro;Dupla;Reta;Não;1;0;1;0;0;0;1;1;-26,72823703;-48,70224928;SPRF-SC;DEL03-SC;UOP02-DEL03-SC
608106;17/06/2024;segunda-feira;07:40:00;SC;101;103;BALNEARIO PICARRAS;Trafegar com motocicleta (ou similar) entre as faixas;Colisão traseira;Com Vítimas Feridas;Pleno dia;Crescente;Nublado;Dupla;Reta;Não;2;0;1;0;1;0;1;2;-26,7832381;-48,68314632;SPRF-SC;DEL03-SC;UOP02-DEL03-SC
608108;17/06/2024;segunda-feira;10:00:00;GO;40;11,8;LUZIANIA;Acessar a via sem observar a presença dos outros veículos;Colisão transversal;Com Vítimas Feridas;Pleno dia;Crescente;Sol;Dupla;Reta;Sim;3;0;1;0;2;0;1;2;-16,138336;-47,951644;SPRF-DF;DEL01-DF;UOP01-DEL01-DF
608110;16/06/2024;domingo;15:00:00;MG;381;861;POUSO ALEGRE;Velocidade Incompatível;Saída de leito carroçável;Com Vítimas Feridas;Pleno dia;Crescente;Ignorado;Dupla;Aclive;Não;1;0;1;0;0;0;1;1;-22,32639206;-45,91202259;SPRF-MG;DEL16-MG;UOP01-DEL16-MG
608112;17/06/2024;segunda-feira;10:15:00;ES;101;133,3;LINHARES;Demais falhas mecânicas ou elétricas;Incêndio;Sem Vítimas;Pleno dia;Crescente;Céu Claro;Simples;Reta;Não;1;0;0;0;1;0;0;1;-19,25700702;-40,08983616;SPRF-ES;DEL04-ES;UOP01-DEL04-ES
608113;17/06/2024;segunda-feira;09:20:00;SC;282;100;ALFREDO WAGNER;Velocidade Incompatível;Colisão transversal;Com Vítimas Feridas;Pleno dia;Crescente;Chuva;Simples;Curva;Não;3;0;0;3;0;0;3;2;-27,698915;-49,297039;SPRF-SC;DEL01-SC;UOP03-DEL01-SC
608121;04/03/2024;segunda-feira;20:00:00;RJ;101;582,1;PARATY;Animais na Pista;Atropelamento de Animal;Com Vítimas Feridas;Plena Noite;Decrescente;Céu Claro;Simples;"Declive;Curva";Não;2;0;0;2;0;0;2;1;-23,25631092;-44,69897659;SPRF-RJ;DEL03-RJ;UOP04-DEL03-RJ
608122;12/05/2024;domingo;18:30:00;PR;476;277;SAO MATEUS DO SUL;Ultrapassagem Indevida;Colisão transversal;Com Vítimas Feridas;Plena Noite;Crescente;Céu Claro;Simples;Reta;Sim;2;0;1;0;1;0;1;2;-25,875048;-50,390919;SPRF-PR;DEL02-PR;UOP03-DEL02-PR
608123;17/06/2024;segunda-feira;07:45:00;MG;50;180;UBERABA;Animais na Pista;Atropelamento de Animal;Com Vítimas Feridas;Pleno dia;Crescente;Céu Claro;Dupla;Reta;Sim;1;0;1;0;0;0;1;1;-19,77848216;-47,92194709;SPRF-MG;DEL13-MG;UOP01-DEL13-MG
608124;17/06/2024;segunda-feira;10:20:00;SC;282;115,7;ALFREDO WAGNER;Velocidade Incompatível;Saída de leito carroçável;Com Vítimas Feridas;Pleno dia;Decrescente;Chuva;Simples;Curva;Não;2;0;1;0;1;0;1;1;-27,76029325;-49,39695597;SPRF-SC;DEL01-SC;UOP03-DEL01-SC
608125;17/06/2024;segunda-feira;11:30:00;RS;290;114;ELDORADO DO SUL;Reação tardia ou ineficiente do condutor;Engavetamento;Sem Vítimas;Pleno dia;Decrescente;Nublado;Simples;Reta;Não;3;0;0;0;3;0;0;3;-30,044607;-51,347553;SPRF-RS;DEL02-RS;UOP01-DEL02-RS
608127;17/06/2024;segunda-feira;11:24:00;DF;20;3;BRASILIA;Reação tardia ou ineficiente do condutor;Colisão traseira;Com Vítimas Feridas;Pleno dia;Decrescente;Céu Claro;Dupla;Reta;Sim;2;0;1;0;1;0;1;2;-15,679851;-47,832211;SPRF-DF;DEL02-DF;UOP01-DEL02-DF
608129;10/03/2024;domingo;19:20:00;SC;116;269;CAPAO ALTO;Reação tardia ou ineficiente do condutor;Saída de leito carroçável;Com Vítimas Feridas;Plena Noite;Crescente;Céu Claro;Simples;"Declive;Reta";Não;3;0;3;0;0;0;3;1;-27,96387217;-50,49552689;SPRF-SC;DEL05-SC;UOP02-DEL05-SC
608130;17/06/2024;segunda-feira;11:15:00;SC;282;623,6;IRACEMINHA;Acumulo de água sobre o pavimento;Colisão transversal;Com Vítimas Feridas;Pleno dia;Decrescente;Chuva;Simples;Reta;Não;2;0;2;0;0;0;2;2;-26,799004;-53,332302;SPRF-SC;DEL07-SC;UOP02-DEL07-SC
608131;17/06/2024;segunda-feira;12:15:00;SC;282;17,7;PALHOCA;Ausência de reação do condutor;Engavetamento;Com Vítimas Feridas;Pleno dia;Decrescente;Nublado;Simples;Reta;Sim;4;0;2;0;2;0;2;4;-27,665707;-48,688065;SPRF-SC;DEL01-SC;UOP02-DEL01-SC
608132;17/06/2024;segunda-feira;12:00:00;RJ;101;63,7;CAMPOS DOS GOYTACAZES;Demais falhas mecânicas ou elétricas;Incêndio;Sem Vítimas;Pleno dia;Crescente;Céu Claro;Simples;Reta;Sim;1;0;0;0;1;0;0;1;-21,74247955;-41,3341713;SPRF-RJ;DEL08-RJ;UOP02-DEL08-RJ
608133;17/06/2024;segunda-feira;11:20:00;MG;381;846,5;POUSO ALEGRE;Reação tardia ou ineficiente do condutor;Colisão com objeto;Com Vítimas Feridas;Pleno dia;Decrescente;Céu Claro;Dupla;"Reta;Ponte";Não;1;0;1;0;0;0;1;1;-22,2128298;-45,86772144;SPRF-MG;DEL16-MG;UOP01-DEL16-MG
608134;17/06/2024;segunda-feira;12:30:00;PR;369;147;LONDRINA;Acesso irregular;Colisão transversal;Sem Vítimas;Pleno dia;Crescente;Céu Claro;Dupla;"Reta;Interseção de Vias";Sim;2;0;0;0;2;0;0;2;-23,29315073;-51,13459826;SPRF-PR;DEL07-PR;UOP01-DEL07-PR
608135;17/06/2024;segunda-feira;12:15:00;AP;210;2;MACAPA;Acessar a via sem observar a presença dos outros veículos;Colisão transversal;Sem Vítimas;Pleno dia;Decrescente;Céu Claro;Simples;Reta;Sim;2;0;0;0;2;0;0;2;0,08300898;-51,07879758;SPRF-AP;DEL01-AP;UOP01-DEL01-AP
608136;17/06/2024;segunda-feira;10:25:00;PR;277;450,9;LARANJEIRAS DO SUL;Transitar no Acostamento;Saída de leito carroçável;Com Vítimas Feridas;Pleno dia;Decrescente;Nublado;Simples;Reta;Não;1;0;1;0;0;0;1;1;-25,37382694;-52,38737583;SPRF-PR;DEL04-PR;UOP02-DEL04-PR
608137;17/06/2024;segunda-feira;11:05:00;MS;163;680,7;RIO VERDE DE MATO GROSSO;Ausência de reação do condutor;Tombamento;Com Vítimas Feridas;Pleno dia;Decrescente;Céu Claro;Simples;Reta;Sim;2;0;0;2;0;0;2;1;-18,92417173;-54,83538529;SPRF-MS;DEL06-MS;UOP02-DEL06-MS
608139;17/06/2024;segunda-feira;10:50:00;MG;262;445,8;NOVA SERRANA;Ausência de reação do condutor;Tombamento;Com Vítimas Feridas;Pleno dia;Crescente;Sol;Múltipla;Túnel;Sim;1;0;1;0;0;0;1;1;-19,86134175;-45,00583649;SPRF-MG;DEL08-MG;UOP03-DEL08-MG
608140;17/06/2024;segunda-feira;13:00:00;SP;153;50,2;SAO JOSE DO RIO PRETO;Ingestão de álcool pelo condutor;Colisão frontal;Com Vítimas Feridas;Pleno dia;Crescente;Céu Claro;Simples;Reta;Sim;2;0;0;1;1;0;1;2;-20,70901101;-49,33909429;SPRF-SP;DEL09-SP;UOP01-DEL09-SP
608142;17/06/2024;segunda-feira;12:05:00;SC;470;44,4;GASPAR;Condutor deixou de manter distância do veículo da frente;Colisão traseira;Com Vítimas Feridas;Pleno dia;Crescente;Nublado;Simples;Reta;Não;4;0;1;0;3;0;1;2;-26,870665;-49,021896;SPRF-SC;DEL04-SC;UOP01-DEL04-SC
608146;17/06/2024;segunda-feira;13:00:00;RJ;116;140;MAGE;Avarias e/ou desgaste excessivo no pneu;Tombamento;Com Vítimas Feridas;Pleno dia;Decrescente;Sol;Dupla;Reta;Sim;1;0;0;1;0;0;1;1;-22,6466198;-43,21112001;SPRF-RJ;DEL01-RJ;UOP02-DEL01-RJ
608147;01/06/2024;sábado;20:00:00;MG;262;445;NOVA SERRANA;Acessar a via sem observar a presença dos outros veículos;Colisão transversal;Com Vítimas Feridas;Plena Noite;Crescente;Céu Claro;Simples;"Declive;Reta";Sim;2;0;0;1;0;1;1;2;-19,8806236;-44,91232265;SPRF-MG;DEL08-MG;UOP03-DEL08-MG
608148;17/04/2024;quarta-feira;18:10:00;MG;381;266;TIMOTEO;Ausência de sinalização;Colisão com objeto;Com Vítimas Feridas;Plena Noite;Crescente;Céu Claro;Simples;"Ponte;Em Obras;Reta";Não;1;0;0;1;0;0;1;1;-19,52415961;-42,65562057;SPRF-MG;DEL03-MG;UOP02-DEL03-MG
608149;17/06/2024;segunda-feira;13:30:00;PB;230;18;JOAO PESSOA;Reação tardia ou ineficiente do condutor;Tombamento;Com Vítimas Feridas;Pleno dia;Crescente;Céu Claro;Simples;Curva;Não;2;0;1;0;1;0;1;2;-7,1198;-34,8453;SPRF-PB;DEL01-PB;UOP01-DEL01-PB
608152;17/06/2024;segunda-feira;13:20:00;RS;153;2,1;CACHOEIRA DO SUL;Reação tardia ou ineficiente do condutor;Colisão traseira;Com Vítimas Feridas;Pleno dia;Decrescente;Nublado;Simples;Reta;Sim;3;0;1;0;2;0;1;3;-30,03964;-52,894356;SPRF-RS;DEL02-RS;UOP03-DEL02-RS
608156;17/06/2024;segunda-feira;13:55:00;MG;381;492;BETIM;Reação tardia ou ineficiente do condutor;Colisão com objeto;Sem Vítimas;Pleno dia;Crescente;Céu Claro;Simples;Reta;Sim;3;0;0;0;3;0;0;1;-19,97490091;-44,19004301;SPRF-MG;DEL01-MG;UOP03-DEL01-MG
608157;17/06/2024;segunda-feira;13:50:00;BA;116;826;VITORIA DA CONQUISTA;Ausência de reação do condutor;Colisão traseira;Com Vítimas Feridas;Pleno dia;Decrescente;Sol;Simples;Reta;Sim;2;0;1;0;1;0;1;2;-14,88016;-40,85653;SPRF-BA;DEL08-BA;UOP01-DEL08-BA
608158;17/06/2024;segunda-feira;14:35:00;ES;101;147,8;LINHARES;Acessar a via sem observar a presença dos outros veículos;Colisão transversal;Com Vítimas Feridas;Pleno dia;Decrescente;Céu Claro;Dupla;"Rotatória;Reta";Sim;3;0;1;0;2;0;1;2;-19,37887202;-40,06657892;SPRF-ES;DEL04-ES;UOP01-DEL04-ES
608160;17/06/2024;segunda-feira;15:00:00;BA;324;623;SALVADOR;Trafegar com motocicleta (ou similar) entre as faixas;Queda de ocupante de veículo;Com Vítimas Feridas;Pleno dia;Decrescente;Nublado;Múltipla;Reta;Sim;5;0;2;0;2;1;2;4;-12,92628699;-38,46838679;SPRF-BA;DEL01-BA;UOP01-DEL01-BA
608162;17/06/2024;segunda-feira;14:00:00;PB;361;18,9;SANTA TERESINHA;Transitar na contramão;Colisão frontal;Com Vítimas Fatais;Pleno dia;Decrescente;Céu Claro;Simples;Curva;Não;7;3;1;2;0;1;3;2;-7,07137;-37,415845;SPRF-PB;DEL03-PB;UOP01-DEL03-PB
608163;17/06/2024;segunda-feira;13:55:00;SC;280;126,5;RIO NEGRINHO;Acumulo de água sobre o pavimento;Queda de ocupante de veículo;Com Vítimas Feridas;Pleno dia;Crescente;Garoa/Chuvisco;Simples;"Curva;Rotatória;Interseção de Vias";Sim;3;0;1;0;2;0;1;2;-26,23768983;-49,49426115;SPRF-SC;DEL06-SC;UOP03-DEL06-SC
608164;17/06/2024;segunda-feira;12:50:00;MA;10;236;GOVERNADOR EDISON LOBAO;Ingestão de álcool pelo condutor;Colisão transversal;Com Vítimas Feridas;Pleno dia;Decrescente;Céu Claro;Simples;Reta;Sim;2;0;1;1;0;0;2;2;-5,655617;-47,388985;SPRF-MA;DEL04-MA;UOP01-DEL04-MA
608166;17/06/2024;segunda-feira;14:30:00;RJ;40;117;DUQUE DE CAXIAS;Ausência de reação do condutor;Colisão traseira;Com Vítimas Feridas;Pleno dia;Decrescente;Céu Claro;Dupla;Reta;Não;3;0;1;0;2;0;1;2;-22,745676;-43,2881;SPRF-RJ;DEL01-RJ;UOP02-DEL01-RJ
608170;17/06/2024;segunda-feira;10:40:00;PR;373;432,7;CHOPINZINHO;Reação tardia ou ineficiente do condutor;Saída de leito carroçável;Com Vítimas Feridas;Pleno dia;Decrescente;Chuva;Simples;Curva;Não;1;0;1;0;0;0;1;1;-25,7538398;-52,25069915;SPRF-PR;DEL02-PR;UOP01-DEL02-PR
608171;17/06/2024;segunda-feira;14:20:00;PR;116;122;CURITIBA;Acessar a via sem observar a presença dos outros veículos;Colisão com objeto;Sem Vítimas;Pleno dia;Crescente;Nublado;Dupla;"Declive;Curva";Não;1;0;0;0;1;0;0;1;-25,60886839;-49,31946158;SPRF-PR;DEL01-PR;UOP03-DEL01-PR
608172;17/06/2024;segunda-feira;15:30:00;MG;262;375;JUATUBA;Reação tardia ou ineficiente do condutor;Saída de leito carroçável;Com Vítimas Feridas;Pleno dia;Crescente;Céu Claro;Simples;"Reta;Declive";Sim;1;0;1;0;0;0;1;1;-19,959929;-44,337997;SPRF-MG;DEL01-MG;UOP03-DEL01-MG
608175;17/06/2024;segunda-feira;13:30:00;SC;101;104,9;BALNEARIO PICARRAS;Trafegar com motocicleta (ou similar) entre as faixas;Colisão lateral mesmo sentido;Com Vítimas Feridas;Pleno dia;Crescente;Céu Claro;Dupla;Reta;Não;2;0;1;0;1;0;1;2;-26,79281742;-48,68080819;SPRF-SC;DEL03-SC;UOP02-DEL03-SC
608178;13/06/2024;quinta-feira;07:55:00;PR;369;183;ARAPONGAS;Ultrapassagem Indevida;Colisão transversal;Com Vítimas Feridas;Pleno dia;Decrescente;Céu Claro;Simples;"Interseção de Vias;Reta";Sim;2;0;1;0;1;0;1;2;-23,412154;-51,42733;SPRF-PR;DEL07-PR;UOP03-DEL07-PR
608179;15/06/2024;sábado;18:49:00;GO;40;12;LUZIANIA;Acessar a via sem observar a presença dos outros veículos;Colisão transversal;Com Vítimas Feridas;Plena Noite;Crescente;Céu Claro;Dupla;Reta;Sim;2;0;1;0;1;0;1;2;-16,15031739;-47,94017315;SPRF-DF;DEL01-DF;UOP01-DEL01-DF
608181;17/06/2024;segunda-feira;15:30:00;MG;50;69;UBERLANDIA;Velocidade Incompatível;Colisão traseira;Com Vítimas Feridas;Pleno dia;Decrescente;Sol;Dupla;"Reta;Declive;Interseção de Vias;Viaduto;Em Obras";Sim;2;0;1;0;1;0;1;2;-18,85742735;-48,2520175;SPRF-MG;DEL15-MG;UOP01-DEL15-MG
608185;17/06/2024;segunda-feira;16:30:00;GO;60;97;ANAPOLIS;Manobra de mudança de faixa;Colisão lateral mesmo sentido;Com Vítimas Feridas;Pleno dia;Crescente;Céu Claro;Múltipla;Reta;Sim;3;0;2;0;1;0;2;2;-16,3774;-48,9483;SPRF-GO;DEL02-GO;UOP01-DEL02-GO
608187;17/06/2024;segunda-feira;16:30:00;SP;116;388;MIRACATU;Ausência de reação do condutor;Saída de leito carroçável;Sem Vítimas;Pleno dia;Decrescente;Céu Claro;Dupla;Reta;Não;1;0;0;0;1;0;0;1;-24,26919492;-47,39740603;SPRF-SP;DEL04-SP;UOP02-DEL04-SP
608188;17/06/2024;segunda-feira;15:50:00;DF;60;1;BRASILIA;Entrada inopinada do pedestre;Atropelamento de Pedestre;Com Vítimas Feridas;Pleno dia;Decrescente;Céu Claro;Dupla;Reta;Sim;3;0;2;0;1;0;2;2;-15,885093;-48,068954;SPRF-DF;DEL03-DF;UOP01-DEL03-DF
608189;17/06/2024;segunda-feira;13:21:00;MA;135;23;SAO LUIS;Reação tardia ou ineficiente do condutor;Colisão traseira;Com Vítimas Feridas;Pleno dia;Decrescente;Céu Claro;Múltipla;"Retorno Regulamentado;Reta";Sim;4;0;1;0;3;0;1;4;-2,64785307;-44,27480316;SPRF-MA;DEL01-MA;UOP01-DEL01-MA
608190;17/06/2024;segunda-feira;15:18:00;PR;373;274,7;PRUDENTOPOLIS;Ausência de reação do condutor;Colisão traseira;Com Vítimas Feridas;Pleno dia;Crescente;Nublado;Simples;"Aclive;Reta";Não;4;0;2;0;2;0;2;2;-25,24834;-51,052606;SPRF-PR;DEL08-PR;UOP01-DEL08-PR
608191;17/06/2024;segunda-feira;15:30:00;PE;232;39;VITORIA DE SANTO ANTAO;Avarias e/ou desgaste excessivo no pneu;Capotamento;Com Vítimas Feridas;Pleno dia;Crescente;Céu Claro;Dupla;Reta;Não;3;0;1;0;1;1;1;1;-8,11725249;-35,2270359;SPRF-PE;DEL01-PE;UOP01-DEL01-PE
608192;17/06/2024;segunda-feira;08:00:00;MA;135;6;SAO LUIS;Reação tardia ou ineficiente do condutor;Colisão traseira;Com Vítimas Feridas;Pleno dia;Decrescente;Céu Claro;Dupla;Reta;Sim;8;0;4;0;4;0;4;3;-2,62877986;-44,26321818;SPRF-MA;DEL01-MA;UOP01-DEL01-MA
608194;17/06/2024;segunda-feira;16:00:00;PR;376;176,8;MARINGA;Acessar a via sem observar a presença dos outros veículos;Colisão traseira;Com Vítimas Feridas;Pleno dia;Decrescente;Céu Claro;Múltipla;Reta;Sim;2;0;0;1;1;0;1;2;-23,41269173;-51,93158327;SPRF-PR;DEL09-PR;UOP01-DEL09-PR
608196;17/06/2024;segunda-feira;17:00:00;RN;101;85,2;NATAL;Manobra de mudança de faixa;Colisão traseira;Com Vítimas Feridas;Anoitecer;Decrescente;Nublado;Dupla;"Curva;Aclive";Sim;3;0;2;0;1;0;2;3;-5,77706303;-35,25017023;SPRF-RN;DEL02-RN;UOP01-DEL02-RN
608197;17/06/2024;segunda-feira;14:55:00;SC;282;413;CATANDUVAS;Pista Escorregadia;Saída de leito carroçável;Com Vítimas Feridas;Pleno dia;Decrescente;Garoa/Chuvisco;Simples;Curva;Não;1;0;1;0;0;0;1;1;-27,057882;-51,682818;SPRF-SC;DEL07-SC;UOP05-DEL07-SC
608199;17/06/2024;segunda-feira;16:10:00;CE;20;199;BOA VIAGEM;Acessar a via sem observar a presença dos outros veículos;Colisão transversal;Com Vítimas Feridas;Pleno dia;Decrescente;Sol;Simples;Reta;Não;2;0;0;2;0;0;2;2;-5,15941605;-39,75404192;SPRF-CE;DEL02-CE;UOP02-DEL02-CE
608200;17/06/2024;segunda-feira;17:20:00;GO;153;497,7;GOIANIA;Manobra de mudança de faixa;Colisão lateral mesmo sentido;Com Vítimas Feridas;Anoitecer;Decrescente;Céu Claro;Dupla;"Reta;Declive";Sim;2;0;1;0;1;0;1;2;-16,6854;-49,2338;SPRF-GO;DEL01-GO;UOP01-DEL01-GO
608202;17/06/2024;segunda-feira;16:50:00;RJ;101;386;RIO DE JANEIRO;Demais falhas mecânicas ou elétricas;Incêndio;Sem Vítimas;Anoitecer;Decrescente;Céu Claro;Múltipla;Reta;Não;1;0;0;0;1;0;0;1;-22,88295192;-43,64094302;SPRF-RJ;DEL03-RJ;UOP01-DEL03-RJ
608203;17/06/2024;segunda-feira;17:23:00;PR;116;121;CURITIBA;Frear bruscamente;Colisão com objeto;Com Vítimas Feridas;Plena Noite;Crescente;Céu Claro;Dupla;Reta;Não;3;0;2;0;1;0;2;1;-25,5599323;-49,30743945;SPRF-PR;DEL01-PR;UOP03-DEL01-PR
608204;17/06/2024;segunda-feira;14:00:00;SC;101;25;JOINVILLE;Desrespeitar a preferência no cruzamento;Colisão transversal;Com Vítimas Feridas;Pleno dia;Crescente;Nublado;Simples;Reta;Sim;3;0;1;0;2;0;1;2;-26,1834739;-48,9105912;SPRF-SC;DEL03-SC;UOP01-DEL03-SC
608205;17/06/2024;segunda-feira;17:25:00;SC;101;359,2;SANGAO;Ausência de reação do condutor;Colisão lateral mesmo sentido;Com Vítimas Feridas;Plena Noite;Crescente;Garoa/Chuvisco;Múltipla;"Reta;Aclive";Não;3;0;2;0;1;0;2;2;-28,65057609;-49,10516385;SPRF-SC;DEL02-SC;UOP01-DEL02-SC
608206;08/06/2024;sábado;22:45:00;SC;282;520,2;XAXIM;Ingestão de álcool pelo condutor;Colisão transversal;Sem Vítimas;Plena Noite;Crescente;Céu Claro;Simples;"Aclive;Curva";Sim;2;0;0;0;2;0;0;2;-26,950415;-52,526096;SPRF-SC;DEL07-SC;UOP01-DEL07-SC
608207;17/06/2024;segunda-feira;16:20:00;SC;101;45,3;JOINVILLE;Ausência de reação do condutor;Tombamento;Com Vítimas Feridas;Pleno dia;Decrescente;Nublado;Múltipla;"Reta;Declive";Sim;1;0;1;0;0;0;1;1;-26,32214492;-48,8689509;SPRF-SC;DEL03-SC;UOP01-DEL03-SC
608208;29/03/2024;sexta-feira;23:40:00;RJ;101;552;PARATY;Acesso irregular;Colisão traseira;Com Vítimas Feridas;Plena Noite;Crescente;Garoa/Chuvisco;Simples;Reta;Não;7;0;6;1;0;0;7;2;-23,05383012;-44,67719078;SPRF-RJ;DEL03-RJ;UOP04-DEL03-RJ
608209;17/06/2024;segunda-feira;17:32:00;MG;262;42,5;MANHUACU;Acessar a via sem observar a presença dos outros veículos;Colisão transversal;Com Vítimas Feridas;Anoitecer;Crescente;Céu Claro;Simples;Reta;Não;2;0;1;0;1;0;1;2;-20,26976316;-42,06894006;SPRF-MG;DEL06-MG;UOP03-DEL06-MG
608210;17/06/2024;segunda-feira;13:00:00;MG;40;139,9;JOAO PINHEIRO;Reação tardia ou ineficiente do condutor;Saída de leito carroçável;Com Vítimas Feridas;Pleno dia;Decrescente;Céu Claro;Simples;"Curva;Declive";Não;2;0;0;1;0;1;1;1;-17,73570757;-46,21099068;SPRF-MG;DEL14-MG;UOP01-DEL14-MG
608211;01/06/2024;sábado;16:00:00;PE;232;175;BELO JARDIM;Acostamento em desnível;Queda de ocupante de veículo;Com Vítimas Feridas;Pleno dia;Decrescente;Céu Claro;Simples;Reta;Sim;2;0;1;0;0;1;1;1;-8,34100926;-36,38709684;SPRF-PE;DEL03-PE;UOP02-DEL03-PE
608212;17/06/2024;segunda-feira;17:23:00;MG;381;612,2;OLIVEIRA;Condutor Dormindo;Saída de leito carroçável;Com Vítimas Feridas;Anoitecer;Decrescente;Céu Claro;Dupla;"Curva;Declive";Não;4;0;3;0;1;0;3;1;-20,69622803;-44,74817276;SPRF-MG;DEL04-MG;UOP01-DEL04-MG
608215;17/06/2024;segunda-feira;18:40:00;SC;101;216,5;PALHOCA;Manobra de mudança de faixa;Colisão lateral mesmo sentido;Com Vítimas Feridas;Plena Noite;Decrescente;Nublado;Múltipla;Reta;Sim;2;0;1;0;1;0;1;2;-27,65981409;-48,67747798;SPRF-SC;DEL01-SC;UOP02-DEL01-SC
608216;17/06/2024;segunda-feira;19:00:00;MG;459;84;CONGONHAL;Ultrapassagem Indevida;Colisão lateral sentido oposto;Com Vítimas Feridas;Plena Noite;Crescente;Céu Claro;Simples;Reta;Não;2;0;1;0;1;0;1;2;-22,153194;-46,06242;SPRF-MG;DEL09-MG;UOP01-DEL09-MG