id;data_inversa;dia_semana;horario;uf;br;km;municipio;causa_acidente;tipo_acidente;classificacao_acidente;fase_dia;sentido_via;condicao_metereologica;tipo_pista;tracado_via;uso_solo;pessoas;mortos;feridos_leves;feridos_graves;ilesos;ignorados;feridos;veiculos;latitude;longitude;regional;delegacia;uop
608218;17/06/2024;segunda-feira;18:40:00;RS;116;306;GUAIBA;Reação tardia ou ineficiente do condutor;Colisão frontal;Com Vítimas Feridas;Plena Noite;Decrescente;Céu Claro;Simples;Curva;Não;4;0;1;0;2;1;1;4;-30,16925677;-51,3836101;SPRF-RS;DEL02-RS;UOP01-DEL02-RS
608219;17/06/2024;segunda-feira;17:00:00;PB;230;308,4;SAO MAMEDE;Reação tardia ou ineficiente do condutor;Colisão traseira;Com Vítimas Feridas;Anoitecer;Crescente;Céu Claro;Simples;Reta;Não;2;0;0;1;1;0;1;2;-6,9222;-37,052;SPRF-PB;DEL03-PB;UOP01-DEL03-PB
608220;17/06/2024;segunda-feira;17:20:00;RO;364;695;PORTO VELHO;Transitar no Acostamento;Queda de ocupante de veículo;Com Vítimas Feridas;Pleno dia;Decrescente;Sol;Dupla;Reta;Não;2;0;0;1;0;1;1;2;-8,80046896;-63,725947;SPRF-RO;DEL01-RO;UOP01-DEL01-RO
608222;17/06/2024;segunda-feira;10:30:00;PI;343;158;BRASILEIRA;Demais falhas mecânicas ou elétricas;Incêndio;Sem Vítimas;Pleno dia;Decrescente;Sol;Simples;Reta;Não;1;0;0;0;1;0;0;1;-4,056035;-41,770027;SPRF-PI;DEL02-PI;UOP01-DEL02-PI
608224;17/06/2024;segunda-feira;12:25:00;RS;386;424,6;MONTENEGRO;Velocidade Incompatível;Colisão lateral mesmo sentido;Com Vítimas Feridas;Pleno dia;Decrescente;Chuva;Dupla;Reta;Não;6;0;1;0;5;0;1;2;-29,818094;-51,382572;SPRF-RS;DEL04-RS;UOP02-DEL04-RS
608226;17/06/2024;segunda-feira;19:35:00;SC;101;216,9;PALHOCA;Ultrapassagem Indevida;Colisão lateral mesmo sentido;Com Vítimas Feridas;Plena Noite;Crescente;Garoa/Chuvisco;Dupla;Reta;Sim;2;0;1;0;0;1;1;2;-27,65981409;-48,67747798;SPRF-SC;DEL01-SC;UOP02-DEL01-SC
608230;17/06/2024;segunda-feira;18:05:00;MT;364;542;ROSARIO OESTE;Ingestão de álcool pelo condutor;Colisão transversal;Com Vítimas Feridas;Plena Noite;Decrescente;Céu Claro;Simples;Reta;Sim;2;0;1;0;1;0;1;2;-14,91290882;-56,47221224;SPRF-MT;DEL01-MT;UOP01-DEL01-MT
608231;17/06/2024;segunda-feira;19:00:00;ES;101;262;SERRA;Condutor desrespeitou a iluminação vermelha do semáforo;Colisão transversal;Com Vítimas Feridas;Plena Noite;Decrescente;Céu Claro;Dupla;Reta;Sim;2;0;1;0;1;0;1;2;-20,1572331;-40,27678329;SPRF-ES;DEL02-ES;UOP01-DEL02-ES
608232;17/06/2024;segunda-feira;19:10:00;PE;232;127;CARUARU;Reação tardia ou ineficiente do condutor;Colisão traseira;Com Vítimas Feridas;Plena Noite;Crescente;Céu Claro;Simples;"Viaduto;Interseção de Vias";Sim;5;0;1;0;3;1;1;4;-8,30610303;-35,96342301;SPRF-PE;DEL02-PE;UOP01-DEL02-PE
608233;17/06/2024;segunda-feira;20:00:00;GO;414;373;COCALZINHO DE GOIAS;Acessar a via sem observar a presença dos outros veículos;Colisão lateral mesmo sentido;Com Vítimas Feridas;Plena Noite;Decrescente;Céu Claro;Dupla;Reta;Sim;2;0;1;0;1;0;1;2;-15,76057745;-48,75577927;SPRF-GO;DEL02-GO;UOP01-DEL02-GO
608235;16/05/2024;quinta-feira;14:00:00;ES;262;47,2;MARECHAL FLORIANO;Acessar a via sem observar a presença dos outros veículos;Colisão transversal;Com Vítimas Feridas;Pleno dia;Decrescente;Céu Claro;Simples;Reta;Sim;3;0;0;1;2;0;1;2;-20,41130252;-40,67926543;SPRF-ES;DEL01-ES;UOP01-DEL01-ES
608236;17/06/2024;segunda-feira;20:00:00;ES;101;262;SERRA;Condutor deixou de manter distância do veículo da frente;Colisão traseira;Com Vítimas Feridas;Plena Noite;Decrescente;Nublado;Dupla;Reta;Sim;2;0;1;0;1;0;1;2;-20,1572331;-40,27678329;SPRF-ES;DEL02-ES;UOP01-DEL02-ES
608239;17/06/2024;segunda-feira;20:10:00;RS;116;39,2;VACARIA;Pedestre cruzava a pista fora da faixa;Atropelamento de Pedestre;Com Vítimas Feridas;Plena Noite;Crescente;Chuva;Simples;"Retorno Regulamentado;Interseção de Vias;Em Obras";Sim;2;0;1;0;1;0;1;2;-28,5120121;-50,93237991;SPRF-RS;DEL05-RS;UOP03-DEL05-RS
608241;17/06/2024;segunda-feira;19:29:00;RJ;493;24;MAGE;Ausência de reação do condutor;Tombamento;Com Vítimas Feridas;Plena Noite;Decrescente;Nublado;Simples;Reta;Sim;1;0;1;0;0;0;1;1;-22,65715069;-43,07072902;SPRF-RJ;DEL04-RJ;UOP02-DEL04-RJ
608242;17/06/2024;segunda-feira;20:42:00;AP;210;7;MACAPA;Acesso irregular;Colisão transversal;Com Vítimas Feridas;Plena Noite;Decrescente;Chuva;Dupla;Reta;Sim;2;0;1;1;0;0;2;2;0,09828163;-51,11978128;SPRF-AP;DEL01-AP;UOP01-DEL01-AP
608244;17/06/2024;segunda-feira;20:45:00;RJ;116;40,8;TERESOPOLIS;Acessar a via sem observar a presença dos outros veículos;Colisão transversal;Com Vítimas Feridas;Plena Noite;Crescente;Céu Claro;Simples;Reta;Não;5;0;0;1;3;1;1;3;-22,13648894;-42,78268939;SPRF-RJ;DEL04-RJ;UOP01-DEL04-RJ
608246;17/06/2024;segunda-feira;20:30:00;SC;282;5,6;SAO JOSE;Velocidade Incompatível;Colisão com objeto;Sem Vítimas;Plena Noite;Decrescente;Garoa/Chuvisco;Dupla;Curva;Sim;1;0;0;0;1;0;0;1;-27,588425;-48,612919;SPRF-SC;DEL01-SC;UOP01-DEL01-SC
608247;17/06/2024;segunda-feira;20:35:00;RN;110;86,5;UPANEMA;Animais na Pista;Atropelamento de Animal;Com Vítimas Feridas;Plena Noite;Crescente;Céu Claro;Simples;Reta;Não;2;0;2;0;0;0;2;1;-5,54279797;-37,3251036;SPRF-RN;DEL04-RN;UOP01-DEL04-RN
608248;09/06/2024;domingo;12:47:00;PR;476;115;COLOMBO;Retorno proibido;Colisão transversal;Com Vítimas Feridas;Pleno dia;Decrescente;Céu Claro;Dupla;"Interseção de Vias;Reta";Sim;2;0;1;0;1;0;1;2;-25,344196;-49,159679;SPRF-PR;DEL01-PR;UOP01-DEL01-PR
608251;17/06/2024;segunda-feira;18:50:00;SC;116;141;SANTA CECILIA;Conversão proibida;Colisão transversal;Com Vítimas Feridas;Plena Noite;Crescente;Chuva;Simples;Reta;Não;5;0;4;1;0;0;5;2;-26,97282394;-50,40309796;SPRF-SC;DEL06-SC;UOP02-DEL06-SC
608252;17/06/2024;segunda-feira;21:30:00;MG;381;481,4;CONTAGEM;Acesso irregular;Queda de ocupante de veículo;Com Vítimas Feridas;Plena Noite;Decrescente;Céu Claro;Múltipla;Reta;Sim;2;0;1;0;1;0;1;2;-19,958491;-44,059125;SPRF-MG;DEL01-MG;UOP03-DEL01-MG
608253;17/06/2024;segunda-feira;21:30:00;SC;101;213,4;PALHOCA;Desrespeitar a preferência no cruzamento;Colisão transversal;Com Vítimas Feridas;Plena Noite;Decrescente;Garoa/Chuvisco;Simples;"Interseção de Vias;Reta";Sim;2;0;1;0;1;0;1;2;-27,64443;-48,67057;SPRF-SC;DEL01-SC;UOP02-DEL01-SC
608258;17/06/2024;segunda-feira;22:00:00;RS;158;311,8;ITAARA;Acessar a via sem observar a presença dos outros veículos;Colisão transversal;Com Vítimas Feridas;Plena Noite;Crescente;Nevoeiro/Neblina;Simples;"Interseção de Vias;Reta";Sim;4;0;4;0;0;0;4;2;-29,629897;-53,768217;SPRF-RS;DEL09-RS;UOP01-DEL09-RS
608260;17/06/2024;segunda-feira;19:35:00;RO;364;331,8;JI-PARANA;Animais na Pista;Atropelamento de Animal;Com Vítimas Feridas;Plena Noite;Crescente;Céu Claro;Simples;Reta;Não;1;0;1;0;0;0;1;1;-10,97565;-61,917217;SPRF-RO;DEL02-RO;UOP01-DEL02-RO
608265;17/06/2024;segunda-feira;23:02:00;RN;304;38;MOSSORO;Pedestre andava na pista;Atropelamento de Pedestre;Com Vítimas Feridas;Plena Noite;Decrescente;Céu Claro;Dupla;Reta;Sim;3;0;0;1;0;2;1;2;-5,18138457;-37,36832252;SPRF-RN;DEL04-RN;UOP02-DEL04-RN
608266;17/06/2024;segunda-feira;23:09:00;PE;101;24,7;IGARASSU;Ausência de reação do condutor;Saída de leito carroçável;Com Vítimas Feridas;Plena Noite;Decrescente;Céu Claro;Dupla;Curva;Não;1;0;1;0;0;0;1;1;-7,69218298;-34,92211684;SPRF-PE;DEL01-PE;UOP02-DEL01-PE
608268;17/06/2024;segunda-feira;23:30:00;SP;116;195;SANTA ISABEL;Manobra de mudança de faixa;Colisão com objeto;Sem Vítimas;Plena Noite;Decrescente;Nublado;Dupla;Reta;Sim;1;0;0;0;0;1;0;1;-23,3888147;-46,27566213;SPRF-SP;DEL01-SP;UOP01-DEL01-SP
608269;17/06/2024;segunda-feira;23:25:00;PR;277;343,8;GUARAPUAVA;Ausência de reação do condutor;Colisão com objeto;Com Vítimas Fatais;Plena Noite;Crescente;Céu Claro;Dupla;Reta;Sim;1;1;0;0;0;0;0;1;-25,363183;-51,473604;SPRF-PR;DEL08-PR;UOP01-DEL08-PR
608270;17/06/2024;segunda-feira;23:40:00;SC;282;69;RANCHO QUEIMADO;Velocidade Incompatível;Capotamento;Com Vítimas Feridas;Plena Noite;Decrescente;Chuva;Simples;Curva;Não;2;0;2;0;0;0;2;1;-27,690144;-49,083813;SPRF-SC;DEL01-SC;UOP03-DEL01-SC
608271;17/06/2024;segunda-feira;22:16:00;AC;364;136;RIO BRANCO;Reação tardia ou ineficiente do condutor;Saída de leito carroçável;Com Vítimas Feridas;Plena Noite;Decrescente;Céu Claro;Dupla;Reta;Sim;1;0;1;0;0;0;1;1;-9,977578;-67,8489;SPRF-AC;DEL01-AC;UOP01-DEL01-AC
608272;17/06/2024;segunda-feira;21:04:00;PI;343;304;ALTOS;Pedestre andava na pista;Atropelamento de Pedestre;Com Vítimas Feridas;Plena Noite;Decrescente;Céu Claro;Simples;Reta;Sim;2;0;1;1;0;0;2;2;-5,028232;-42,437134;SPRF-PI;DEL01-PI;UOP03-DEL01-PI
608273;18/06/2024;terça-feira;00:30:00;MG;116;426;ALPERCATA;Animais na Pista;Atropelamento de Animal;Com Vítimas Feridas;Plena Noite;Crescente;Nublado;Simples;Reta;Não;2;0;0;2;0;0;2;1;-18,97267469;-41,97901726;SPRF-MG;DEL06-MG;UOP01-DEL06-MG
608275;18/06/2024;terça-feira;03:00:00;MG;50;91;UBERLANDIA;Condutor Dormindo;Capotamento;Com Vítimas Feridas;Plena Noite;Crescente;Céu Claro;Dupla;Reta;Não;1;0;1;0;0;0;1;1;-19,04871805;-48,19677417;SPRF-MG;DEL15-MG;UOP01-DEL15-MG
608280;17/06/2024;segunda-feira;17:33:00;RJ;101;2;RIO DE JANEIRO;Reação tardia ou ineficiente do condutor;Colisão traseira;Com Vítimas Feridas;Anoitecer;Crescente;Céu Claro;Simples;Curva;Sim;3;0;1;0;2;0;1;2;-22,87133305;-43,20407695;SPRF-RJ;DEL02-RJ;UOP01-DEL02-RJ
608281;18/06/2024;terça-feira;03:40:00;MT;174;3,5;PONTES E LACERDA;Condutor Dormindo;Colisão com objeto;Sem Vítimas;Plena Noite;Decrescente;Céu Claro;Simples;Reta;Sim;1;0;0;0;1;0;0;1;-15,226537;-59,335728;SPRF-MT;DEL04-MT;UOP01-DEL04-MT
608283;18/06/2024;terça-feira;05:14:00;RN;226;49;BOM JESUS;Demais falhas mecânicas ou elétricas;Colisão traseira;Com Vítimas Feridas;Pleno dia;Crescente;Céu Claro;Simples;Reta;Não;2;0;0;1;1;0;1;2;-5,98895515;-35,59252534;SPRF-RN;DEL01-RN;UOP02-DEL01-RN
608284;18/06/2024;terça-feira;06:25:00;CE;116;19;FORTALEZA;Acessar a via sem observar a presença dos outros veículos;Colisão transversal;Com Vítimas Feridas;Pleno dia;Decrescente;Céu Claro;Dupla;Rotatória;Sim;2;0;1;0;1;0;1;2;-3,91384397;-38,50667231;SPRF-CE;DEL01-CE;UOP02-DEL01-CE
608285;18/06/2024;terça-feira;06:40:00;SC;101;206;SAO JOSE;Condutor deixou de manter distância do veículo da frente;Colisão traseira;Com Vítimas Feridas;Amanhecer;Decrescente;Garoa/Chuvisco;Múltipla;Reta;Sim;4;0;1;1;1;1;2;4;-27,59193546;-48,61824557;SPRF-SC;DEL01-SC;UOP01-DEL01-SC
608286;18/06/2024;terça-feira;06:23:00;ES;259;54,7;COLATINA;Transitar na contramão;Colisão frontal;Com Vítimas Fatais;Amanhecer;Decrescente;Nevoeiro/Neblina;Múltipla;"Curva;Aclive";Não;6;3;2;1;0;0;3;2;-19,49717055;-40,63711495;SPRF-ES;DEL02-ES;UOP01-DEL02-ES
608287;18/06/2024;terça-feira;06:20:00;CE;116;17;EUSEBIO;Condutor deixou de manter distância do veículo da frente;Colisão traseira;Com Vítimas Feridas;Pleno dia;Decrescente;Céu Claro;Dupla;Reta;Sim;2;0;1;0;1;0;1;2;-3,89617918;-38,50336042;SPRF-CE;DEL01-CE;UOP02-DEL01-CE
608289;18/06/2024;terça-feira;06:50:00;SP;153;63,7;SAO JOSE DO RIO PRETO;Demais falhas mecânicas ou elétricas;Incêndio;Sem Vítimas;Pleno dia;Crescente;Céu Claro;Dupla;Reta;Sim;1;0;0;0;1;0;0;1;-20,82149698;-49,35764818;SPRF-SP;DEL09-SP;UOP01-DEL09-SP
608290;18/06/2024;terça-feira;07:10:00;RS;116;150;CAXIAS DO SUL;Manobra de mudança de faixa;Colisão traseira;Com Vítimas Feridas;Pleno dia;Decrescente;Céu Claro;Múltipla;Reta;Não;2;0;1;0;1;0;1;2;-29,168428;-51,158337;SPRF-RS;DEL05-RS;UOP01-DEL05-RS
608291;18/06/2024;terça-feira;07:00:00;PR;277;586,9;CASCAVEL;Transitar na contramão;Colisão frontal;Com Vítimas Feridas;Pleno dia;Decrescente;Nublado;Simples;Curva;Sim;2;0;1;1;0;0;2;2;-24,96931272;-53,42903319;SPRF-PR;DEL04-PR;UOP01-DEL04-PR
608292;18/06/2024;terça-feira;07:30:00;DF;20;13,3;BRASILIA;Ausência de reação do condutor;Colisão traseira;Com Vítimas Feridas;Pleno dia;Decrescente;Céu Claro;Dupla;"Reta;Em Obras";Sim;2;0;2;0;0;0;2;2;-15,638752;-47,749599;SPRF-DF;DEL02-DF;UOP01-DEL02-DF
608293;18/06/2024;terça-feira;07:40:00;ES;262;46,4;MARECHAL FLORIANO;Ausência de reação do condutor;Engavetamento;Com Vítimas Feridas;Pleno dia;Decrescente;Céu Claro;Simples;"Reta;Interseção de Vias";Sim;5;0;0;1;4;0;1;4;-20,40565705;-40,67280081;SPRF-ES;DEL01-ES;UOP01-DEL01-ES
608294;18/06/2024;terça-feira;07:30:00;BA;242;783;BARREIRAS;Demais falhas mecânicas ou elétricas;Incêndio;Sem Vítimas;Pleno dia;Decrescente;Céu Claro;Simples;Reta;Não;1;0;0;0;1;0;0;1;-12,137038;-44,92184;SPRF-BA;DEL10-BA;UOP01-DEL10-BA
608297;18/06/2024;terça-feira;07:50:00;SP;116;146;SAO JOSE DOS CAMPOS;Condutor deixou de manter distância do veículo da frente;Queda de ocupante de veículo;Com Vítimas Feridas;Pleno dia;Decrescente;Céu Claro;Dupla;Reta;Sim;1;0;1;0;0;0;1;1;-23,19122919;-45,86327591;SPRF-SP;DEL02-SP;UOP01-DEL02-SP
608298;18/06/2024;terça-feira;07:26:00;RS;392;4;RIO GRANDE;Reação tardia ou ineficiente do condutor;Colisão traseira;Com Vítimas Feridas;Pleno dia;Decrescente;Nublado;Simples;Reta;Sim;2;0;1;0;1;0;1;2;-32,06960295;-52,09547805;SPRF-RS;DEL07-RS;UOP02-DEL07-RS
608299;18/06/2024;terça-feira;08:10:00;SP;153;63,8;SAO JOSE DO RIO PRETO;Demais falhas mecânicas ou elétricas;Queda de ocupante de veículo;Com Vítimas Feridas;Pleno dia;Decrescente;Céu Claro;Dupla;Reta;Sim;1;0;1;0;0;0;1;1;-20,82149698;-49,35764818;SPRF-SP;DEL09-SP;UOP01-DEL09-SP
608301;18/06/2024;terça-feira;06:55:00;BA;324;594;CANDEIAS;Acumulo de água sobre o pavimento;Colisão com objeto;Com Vítimas Feridas;Pleno dia;Crescente;Nublado;Dupla;Reta;Sim;3;0;1;0;2;0;1;2;-12,70742041;-38,46251062;SPRF-BA;DEL01-BA;UOP01-DEL01-BA
608302;18/06/2024;terça-feira;06:23:00;RJ;101;198;CASIMIRO DE ABREU;Velocidade Incompatível;Capotamento;Com Vítimas Feridas;Pleno dia;Decrescente;Céu Claro;Dupla;Curva;Não;2;0;1;1;0;0;2;1;-22,47557761;-42,17219006;SPRF-RJ;DEL08-RJ;UOP04-DEL08-RJ
608303;18/06/2024;terça-feira;07:30:00;MG;262;447;NOVA SERRANA;Acessar a via sem observar a presença dos outros veículos;Colisão transversal;Com Vítimas Feridas;Pleno dia;Crescente;Céu Claro;Simples;"Reta;Interseção de Vias";Não;2;0;0;1;1;0;1;2;-19,87341662;-44,96007194;SPRF-MG;DEL08-MG;UOP03-DEL08-MG
608304;18/06/2024;terça-feira;06:10:00;RJ;493;56;DUQUE DE CAXIAS;Demais falhas mecânicas ou elétricas;Incêndio;Sem Vítimas;Amanhecer;Crescente;Céu Claro;Dupla;Reta;Não;1;0;0;0;1;0;0;1;-22,66566024;-43,33170891;SPRF-RJ;DEL01-RJ;UOP03-DEL01-RJ
608306;18/06/2024;terça-feira;06:25:00;PB;104;92,9;ESPERANCA;Ultrapassagem Indevida;Colisão frontal;Com Vítimas Fatais;Pleno dia;Crescente;Céu Claro;Simples;"Curva;Declive";Não;3;1;0;0;2;0;0;2;-6,98809582;-35,8299852;SPRF-PB;DEL02-PB;UOP04-DEL02-PB
608307;18/06/2024;terça-feira;07:30:00;SP;116;225,7;GUARULHOS;Trafegar com motocicleta (ou similar) entre as faixas;Colisão lateral mesmo sentido;Com Vítimas Feridas;Pleno dia;Crescente;Céu Claro;Múltipla;Reta;Sim;2;0;1;0;1;0;1;2;-23,48586772;-46,54075317;SPRF-SP;DEL01-SP;UOP01-DEL01-SP
608309;09/06/2024;domingo;02:20:00;BA;324;5,8;FEIRA DE SANTANA;Ingestão de álcool pelo condutor;Saída de leito carroçável;Sem Vítimas;Plena Noite;Crescente;Chuva;Dupla;Reta;Sim;3;0;0;0;2;1;0;3;-12,272653;-38,98548961;SPRF-BA;DEL02-BA;UOP01-DEL02-BA
608310;18/06/2024;terça-feira;08:15:00;CE;116;17,2;FORTALEZA;Manobra de mudança de faixa;Colisão lateral mesmo sentido;Com Vítimas Feridas;Pleno dia;Decrescente;Céu Claro;Dupla;Retorno Regulamentado;Sim;3;0;2;0;1;0;2;2;-3,89617918;-38,50336042;SPRF-CE;DEL01-CE;UOP02-DEL01-CE
608312;18/06/2024;terça-feira;05:20:00;MS;60;177,9;CAMAPUA;Animais na Pista;Atropelamento de Animal;Sem Vítimas;Amanhecer;Decrescente;Céu Claro;Simples;Reta;Não;3;0;0;0;3;0;0;1;-19,51788453;-53,87878618;SPRF-MS;DEL06-MS;UOP02-DEL06-MS
608314;09/06/2024;domingo;06:30:00;SC;282;593,9;FAXINAL DOS GUEDES;Ultrapassagem Indevida;Colisão lateral mesmo sentido;Sem Vítimas;Amanhecer;Decrescente;Céu Claro;Simples;"Reta;Declive";Não;2;0;0;0;1;1;0;2;-26,869873;-52,309698;SPRF-SC;DEL07-SC;UOP02-DEL07-SC
608315;18/06/2024;terça-feira;08:00:00;PB;101;72;SANTA RITA;Acessar a via sem observar a presença dos outros veículos;Colisão traseira;Com Vítimas Feridas;Pleno dia;Crescente;Céu Claro;Dupla;Retorno Regulamentado;Não;5;0;2;0;3;0;2;2;-7,07828212;-34,98823508;SPRF-PB;DEL01-PB;UOP04-DEL01-PB
608316;18/06/2024;terça-feira;09:18:00;RS;290;92;PORTO ALEGRE;Demais falhas na via;Tombamento;Com Vítimas Feridas;Pleno dia;Crescente;Céu Claro;Múltipla;Reta;Sim;2;0;2;0;0;0;2;1;-29,971916;-51,176838;SPRF-RS;DEL01-RS;UOP01-DEL01-RS
608318;18/06/2024;terça-feira;08:10:00;RJ;101;485,2;ANGRA DOS REIS;Reação tardia ou ineficiente do condutor;Atropelamento de Pedestre;Com Vítimas Feridas;Pleno dia;Crescente;Céu Claro;Dupla;Reta;Sim;2;0;2;0;0;0;2;2;-22,98573526;-44,29709764;SPRF-RJ;DEL03-RJ;UOP03-DEL03-RJ
608319;18/06/2024;terça-feira;08:30:00;SP;381;43;ATIBAIA;Desrespeitar a preferência no cruzamento;Queda de ocupante de veículo;Com Vítimas Feridas;Pleno dia;Crescente;Sol;Dupla;Retorno Regulamentado;Sim;2;0;1;0;1;0;1;1;-23,15597105;-46,5740155;SPRF-SP;DEL03-SP;UOP01-DEL03-SP
608322;09/06/2024;domingo;21:00:00;MS;163;480,5;CAMPO GRANDE;Animais na Pista;Atropelamento de Animal;Com Vítimas Feridas;Plena Noite;Decrescente;Céu Claro;Simples;Reta;Sim;1;0;1;0;0;0;1;1;-20,473866;-54,559447;SPRF-MS;DEL01-MS;UOP01-DEL01-MS
608323;16/06/2024;domingo;01:25:00;PB;230;502;CAJAZEIRAS;Animais na Pista;Eventos atípicos;Sem Vítimas;Plena Noite;Decrescente;Garoa/Chuvisco;Simples;Reta;Sim;2;0;0;0;2;0;0;1;-6,8979;-38,5233;SPRF-PB;DEL03-PB;UOP03-DEL03-PB
608324;18/06/2024;terça-feira;07:30:00;ES;101;340,6;GUARAPARI;Demais falhas mecânicas ou elétricas;Tombamento;Com Vítimas Feridas;Pleno dia;Crescente;Céu Claro;Dupla;Reta;Não;2;0;2;0;0;0;2;1;-20,64704932;-40,56667574;SPRF-ES;DEL03-ES;UOP01-DEL03-ES
608326;18/06/2024;terça-feira;10:00:00;PR;277;586,4;CASCAVEL;Reação tardia ou ineficiente do condutor;Tombamento;Com Vítimas Feridas;Pleno dia;Crescente;Nublado;Simples;Interseção de Vias;Sim;1;0;1;0;0;0;1;1;-24,9649472;-53,4210459;SPRF-PR;DEL04-PR;UOP01-DEL04-PR
608327;18/06/2024;terça-feira;10:20:00;SC;101;125;ITAJAI;Ausência de reação do condutor;Colisão traseira;Com Vítimas Feridas;Pleno dia;Crescente;Nublado;Dupla;Curva;Não;3;0;1;0;2;0;1;3;-26,94802427;-48,68338515;SPRF-SC;DEL04-SC;UOP04-DEL04-SC
608328;18/06/2024;terça-feira;08:00:00;RN;406;134,8;TAIPU;Ultrapassagem Indevida;Saída de leito carroçável;Sem Vítimas;Pleno dia;Crescente;Céu Claro;Simples;Reta;Não;1;0;0;0;0;1;0;1;-5,65414395;-35,57506398;SPRF-RN;DEL02-RN;UOP01-DEL02-RN
608329;18/06/2024;terça-feira;07:28:00;ES;259;56;COLATINA;Reação tardia ou ineficiente do condutor;Colisão traseira;Com Vítimas Feridas;Pleno dia;Decrescente;Céu Claro;Simples;Reta;Não;2;0;1;0;0;1;1;2;-19,50128488;-40,65265414;SPRF-ES;DEL02-ES;UOP01-DEL02-ES
608330;18/06/2024;terça-feira;10:20:00;SP;381;39;ATIBAIA;Reação tardia ou ineficiente do condutor;Colisão com objeto;Com Vítimas Feridas;Pleno dia;Crescente;Sol;Dupla;Reta;Não;1;0;1;0;0;0;1;1;-23,1215761;-46,57471572;SPRF-SP;DEL03-SP;UOP01-DEL03-SP
608331;18/06/2024;terça-feira;09:20:00;MT;0;0;CUIABA;Reação tardia ou ineficiente do condutor;Eventos atípicos;Sem Vítimas;Pleno dia;Não Informado;Céu Claro;Simples;Reta;Sim;2;0;0;0;2;0;0;2;-15,6039212;-56,1028625;SPRF-MT;N/A;N/A
608332;18/06/2024;terça-feira;10:50:00;PI;343;340;TERESINA;Acessar a via sem observar a presença dos outros veículos;Colisão transversal;Com Vítimas Feridas;Pleno dia;Decrescente;Céu Claro;Dupla;Reta;Sim;2;0;1;0;1;0;1;2;-5,074137;-42,73629;SPRF-PI;DEL01-PI;UOP01-DEL01-PI
608333;18/06/2024;terça-feira;10:13:00;RO;364;712;PORTO VELHO;Reação tardia ou ineficiente do condutor;Colisão com objeto;Com Vítimas Feridas;Pleno dia;Crescente;Céu Claro;Múltipla;Reta;Sim;1;0;1;0;0;0;1;1;-8,7770354;-63,87316466;SPRF-RO;DEL01-RO;UOP01-DEL01-RO
608335;05/05/2024;domingo;18:55:00;RO;364;619,4;ITAPUA DO OESTE;Ultrapassagem Indevida;Colisão frontal;Com Vítimas Fatais;Anoitecer;Decrescente;Céu Claro;Simples;Reta;Não;6;2;4;0;0;0;4;2;-9,08979614;-63,28675308;SPRF-RO;DEL01-RO;UOP04-DEL01-RO
608336;14/03/2024;quinta-feira;00:15:00;GO;40;25;LUZIANIA;Deficiência do Sistema de Iluminação/Sinalização;Saída de leito carroçável;Com Vítimas Feridas;Plena Noite;Decrescente;Céu Claro;Simples;Interseção de Vias;Não;1;0;1;0;0;0;1;1;-16,252751;-47,900453;SPRF-DF;DEL01-DF;UOP01-DEL01-DF
608339;18/06/2024;terça-feira;09:20:00;GO;153;643;MORRINHOS;Reação tardia ou ineficiente do condutor;Capotamento;Com Vítimas Feridas;Pleno dia;Crescente;Céu Claro;Dupla;Curva;Não;1;0;1;0;0;0;1;1;-17,9057;-49,2375;SPRF-GO;DEL03-GO;UOP01-DEL03-GO
608341;18/06/2024;terça-feira;10:40:00;MG;262;362;BETIM;Ausência de reação do condutor;Engavetamento;Com Vítimas Feridas;Pleno dia;Crescente;Sol;Dupla;Reta;Sim;4;0;2;0;2;0;2;3;-19,98025969;-44,22672112;SPRF-MG;DEL01-MG;UOP03-DEL01-MG
608344;18/06/2024;terça-feira;12:40:00;GO;60;73;ABADIANIA;Manobra de mudança de faixa;Capotamento;Com Vítimas Feridas;Pleno dia;Crescente;Céu Claro;Dupla;Reta;Não;1;0;1;0;0;0;1;1;-16,2706;-48,7699;SPRF-GO;DEL02-GO;UOP01-DEL02-GO
608345;18/06/2024;terça-feira;12:35:00;PB;230;20,5;JOAO PESSOA;Transitar no Acostamento;Colisão transversal;Com Vítimas Feridas;Pleno dia;Decrescente;Céu Claro;Simples;"Curva;Interseção de Vias;Declive";Sim;2;0;1;0;0;1;1;2;-7,1337;-34,8544;SPRF-PB;DEL01-PB;UOP01-DEL01-PB
608346;18/06/2024;terça-feira;11:25:00;GO;364;195;JATAI;Ausência de reação do condutor;Saída de leito carroçável;Com Vítimas Feridas;Pleno dia;Decrescente;Céu Claro;Dupla;"Curva;Declive";Não;1;0;1;0;0;0;1;1;-17,921089;-51,712803;SPRF-GO;DEL05-GO;UOP01-DEL05-GO
608348;13/05/2024;segunda-feira;07:30:00;SC;282;273,4;SAO JOSE DO CERRITO;Transitar na contramão;Colisão frontal;Com Vítimas Feridas;Pleno dia;Decrescente;Chuva;Simples;"Reta;Declive";Não;2;0;1;1;0;0;2;2;-27,61421;-50,71346;SPRF-SC;DEL05-SC;UOP02-DEL05-SC
608349;18/06/2024;terça-feira;06:00:00;MT;70;39;BARRA DO GARCAS;Condutor Dormindo;Saída de leito carroçável;Com Vítimas Feridas;Pleno dia;Decrescente;Céu Claro;Simples;Reta;Não;2;0;1;0;1;0;1;1;-15,77801564;-52,55467991;SPRF-MT;DEL07-MT;UOP01-DEL07-MT