id;data_inversa;dia_semana;horario;uf;br;km;municipio;causa_acidente;tipo_acidente;classificacao_acidente;fase_dia;sentido_via;condicao_metereologica;tipo_pista;tracado_via;uso_solo;pessoas;mortos;feridos_leves;feridos_graves;ilesos;ignorados;feridos;veiculos;latitude;longitude;regional;delegacia;uop
608752;20/06/2024;quinta-feira;11:20:00;GO;153;504,8;APARECIDA DE GOIANIA;Pista Escorregadia;Queda de ocupante de veículo;Com Vítimas Feridas;Pleno dia;Decrescente;Sol;Simples;Reta;Sim;1;0;1;0;0;0;1;1;-16,7451;-49,2408;SPRF-GO;DEL01-GO;UOP01-DEL01-GO
608753;20/06/2024;quinta-feira;09:45:00;GO;70;319;JUSSARA;Acessar a via sem observar a presença dos outros veículos;Colisão transversal;Com Vítimas Feridas;Pleno dia;Crescente;Céu Claro;Simples;Reta;Sim;2;0;1;0;1;0;1;2;-15,87542624;-50,86680651;SPRF-GO;DEL04-GO;UOP02-DEL04-GO
608754;20/06/2024;quinta-feira;10:00:00;GO;70;447;ARAGARCAS;Transitar na contramão;Colisão lateral sentido oposto;Com Vítimas Feridas;Pleno dia;Crescente;Céu Claro;Simples;Curva;Não;2;0;0;1;1;0;1;2;-15,9070757;-52,0364998;SPRF-GO;DEL04-GO;UOP02-DEL04-GO
608755;20/06/2024;quinta-feira;12:20:00;SC;101;150;ITAPEMA;Acesso irregular;Colisão traseira;Com Vítimas Feridas;Pleno dia;Decrescente;Céu Claro;Simples;Reta;Sim;4;0;1;0;3;0;1;4;-27,11744799;-48,60940987;SPRF-SC;DEL04-SC;UOP03-DEL04-SC
608756;20/06/2024;quinta-feira;08:30:00;PI;316;311,8;PICOS;Animais na Pista;Atropelamento de Animal;Sem Vítimas;Pleno dia;Crescente;Céu Claro;Simples;Curva;Sim;4;0;0;0;4;0;0;1;-7,076331;-41,46596;SPRF-PI;DEL04-PI;UOP01-DEL04-PI
608757;20/06/2024;quinta-feira;10:50:00;RJ;101;481;ANGRA DOS REIS;Acessar a via sem observar a presença dos outros veículos;Colisão transversal;Com Vítimas Feridas;Pleno dia;Crescente;Céu Claro;Dupla;Reta;Sim;2;0;1;0;1;0;1;2;-23,00976021;-44,29153237;SPRF-RJ;DEL03-RJ;UOP03-DEL03-RJ
608758;20/06/2024;quinta-feira;12:05:00;PR;369;198,5;APUCARANA;Animais na Pista;Colisão traseira;Com Vítimas Feridas;Pleno dia;Decrescente;Céu Claro;Dupla;Interseção de Vias;Sim;3;0;2;0;1;0;2;2;-23,5228413;-51,44158781;SPRF-PR;DEL07-PR;UOP03-DEL07-PR
608760;29/04/2024;segunda-feira;22:17:00;RO;429;203;SERINGUEIRAS;Manobra de mudança de faixa;Colisão frontal;Com Vítimas Fatais;Plena Noite;Decrescente;Céu Claro;Simples;Reta;Não;5;1;0;0;4;0;0;2;-11,77791967;-63,07775726;SPRF-RO;DEL02-RO;UOP03-DEL02-RO
608761;16/06/2024;domingo;16:36:00;SP;153;326,8;SALTO GRANDE;Acessar a via sem observar a presença dos outros veículos;Colisão transversal;Com Vítimas Feridas;Pleno dia;Decrescente;Céu Claro;Simples;Reta;Não;8;0;7;0;1;0;7;2;-22,816394;-49,88966214;SPRF-SP;DEL07-SP;UOP03-DEL07-SP
608762;19/06/2024;quarta-feira;06:30:00;RJ;40;121;DUQUE DE CAXIAS;Trafegar com motocicleta (ou similar) entre as faixas;Tombamento;Com Vítimas Feridas;Pleno dia;Crescente;Céu Claro;Múltipla;Reta;Sim;2;0;2;0;0;0;2;1;-22,78185499;-43,28571273;SPRF-RJ;DEL01-RJ;UOP02-DEL01-RJ
608764;18/05/2024;sábado;13:20:00;PR;369;73,8;SANTA MARIANA;Desrespeitar a preferência no cruzamento;Colisão transversal;Com Vítimas Feridas;Pleno dia;Crescente;Céu Claro;Simples;"Rotatória;Reta;Interseção de Vias";Sim;2;0;1;0;0;1;1;2;-23,15196842;-50,52420795;SPRF-PR;DEL07-PR;UOP05-DEL07-PR
608768;20/06/2024;quinta-feira;11:30:00;BA;101;544,3;SAO JOSE DA VITORIA;Condutor Dormindo;Saída de leito carroçável;Com Vítimas Fatais;Pleno dia;Crescente;Céu Claro;Simples;Curva;Não;6;3;0;2;0;1;2;2;-15,102472;-39,359136;SPRF-BA;DEL05-BA;UOP02-DEL05-BA
608769;20/06/2024;quinta-feira;14:05:00;PR;277;2;PARANAGUA;Condutor deixou de manter distância do veículo da frente;Colisão traseira;Com Vítimas Feridas;Pleno dia;Decrescente;Céu Claro;Simples;Reta;Sim;2;0;1;0;1;0;1;2;-25,5205;-48,5095;SPRF-PR;DEL01-PR;UOP05-DEL01-PR
608770;08/06/2024;sábado;15:19:00;MG;40;555;NOVA LIMA;Reação tardia ou ineficiente do condutor;Engavetamento;Sem Vítimas;Pleno dia;Crescente;Céu Claro;Dupla;Reta;Não;3;0;0;0;3;0;0;3;-20,08472706;-43,97697012;SPRF-MG;DEL01-MG;UOP02-DEL01-MG
608771;20/06/2024;quinta-feira;13:35:00;PE;232;79,1;GRAVATA;Acessar a via sem observar a presença dos outros veículos;Colisão transversal;Com Vítimas Feridas;Pleno dia;Crescente;Nublado;Simples;"Curva;Interseção de Vias";Sim;2;0;1;0;1;0;1;2;-8,19460572;-35,56074803;SPRF-PE;DEL02-PE;UOP02-DEL02PE
608775;20/06/2024;quinta-feira;14:20:00;MG;116;764;LEOPOLDINA;Acessar a via sem observar a presença dos outros veículos;Colisão transversal;Com Vítimas Feridas;Pleno dia;Crescente;Céu Claro;Simples;"Curva;Interseção de Vias";Não;3;0;0;2;1;0;2;2;-21,52171912;-42,64030314;SPRF-MG;DEL07-MG;UOP01-DEL07-MG
608777;20/06/2024;quinta-feira;14:00:00;MG;262;360;BETIM;Manobra de mudança de faixa;Colisão lateral mesmo sentido;Com Vítimas Feridas;Pleno dia;Decrescente;Sol;Dupla;"Declive;Curva";Não;3;0;2;0;1;0;2;2;-19,9830204;-44,20924834;SPRF-MG;DEL01-MG;UOP03-DEL01-MG
608778;20/06/2024;quinta-feira;14:15:00;PE;408;97;SAO LOURENCO DA MATA;Avarias e/ou desgaste excessivo no pneu;Capotamento;Com Vítimas Feridas;Pleno dia;Crescente;Céu Claro;Dupla;Reta;Não;1;0;1;0;0;0;1;1;-8,032013;-35,034748;SPRF-PE;DEL01-PE;UOP01-DEL01-PE
608780;20/06/2024;quinta-feira;14:15:00;PR;376;591,3;CURITIBA;Ausência de reação do condutor;Colisão traseira;Com Vítimas Feridas;Pleno dia;Crescente;Céu Claro;Dupla;Reta;Sim;2;0;1;0;0;1;1;2;-25,45999605;-49,35895013;SPRF-PR;DEL01-PR;UOP06-DEL01-PR
608784;20/06/2024;quinta-feira;15:25:00;RS;116;221;DOIS IRMAOS;Ausência de reação do condutor;Capotamento;Com Vítimas Feridas;Pleno dia;Crescente;Garoa/Chuvisco;Simples;"Curva;Declive";Não;1;0;1;0;0;0;1;1;-29,57244205;-51,09624556;SPRF-RS;DEL01-RS;UOP02-DEL01-RS
608786;20/06/2024;quinta-feira;14:00:00;BA;367;50;PORTO SEGURO;Acessar a via sem observar a presença dos outros veículos;Colisão transversal;Com Vítimas Feridas;Pleno dia;Crescente;Céu Claro;Simples;Interseção de Vias;Não;3;0;1;2;0;0;3;2;-16,37330881;-39,29852716;SPRF-BA;DEL09-BA;UOP03-DEL09-BA
608788;07/06/2024;sexta-feira;12:20:00;PE;101;41;IGARASSU;Reação tardia ou ineficiente do condutor;Colisão lateral mesmo sentido;Sem Vítimas;Pleno dia;Crescente;Nublado;Dupla;"Viaduto;Reta";Não;3;0;0;0;3;0;0;3;-7,83038346;-34,91426785;SPRF-PE;DEL01-PE;UOP02-DEL01-PE
608789;20/06/2024;quinta-feira;11:45:00;SC;282;109;ALFREDO WAGNER;Velocidade Incompatível;Saída de leito carroçável;Com Vítimas Feridas;Pleno dia;Decrescente;Garoa/Chuvisco;Simples;"Declive;Curva";Não;3;0;0;2;1;0;2;1;-27,719378;-49,3582;SPRF-SC;DEL01-SC;UOP03-DEL01-SC
608790;20/06/2024;quinta-feira;16:00:00;MG;381;504;BETIM;Ausência de reação do condutor;Colisão traseira;Com Vítimas Feridas;Pleno dia;Decrescente;Sol;Dupla;Reta;Sim;2;0;1;0;1;0;1;2;-20,03710402;-44,24739361;SPRF-MG;DEL01-MG;UOP03-DEL01-MG
608793;20/06/2024;quinta-feira;16:00:00;SC;282;4;FLORIANOPOLIS;Reação tardia ou ineficiente do condutor;Colisão lateral mesmo sentido;Com Vítimas Feridas;Anoitecer;Crescente;Céu Claro;Múltipla;Reta;Sim;2;0;1;0;1;0;1;2;-27,592646;-48,604034;SPRF-SC;DEL01-SC;UOP01-DEL01-SC
608794;20/06/2024;quinta-feira;16:30:00;RS;116;153;CAXIAS DO SUL;Condutor deixou de manter distância do veículo da frente;Colisão traseira;Com Vítimas Feridas;Pleno dia;Decrescente;Nublado;Dupla;Reta;Sim;2;0;1;0;1;0;1;2;-29,18579758;-51,17713005;SPRF-RS;DEL05-RS;UOP01-DEL05-RS
608796;20/06/2024;quinta-feira;14:00:00;MS;163;721;COXIM;Ausência de reação do condutor;Tombamento;Com Vítimas Feridas;Pleno dia;Crescente;Céu Claro;Simples;"Reta;Declive";Não;2;0;2;0;0;0;2;1;-18,58449688;-54,76831023;SPRF-MS;DEL06-MS;UOP01-DEL06-MS
608801;20/06/2024;quinta-feira;07:00:00;RS;470;259;SALVADOR DO SUL;Reação tardia ou ineficiente do condutor;Colisão traseira;Com Vítimas Feridas;Pleno dia;Crescente;Nevoeiro/Neblina;Simples;Reta;Não;2;0;1;0;1;0;1;2;-29,452822;-51,499024;SPRF-RS;DEL06-RS;UOP01-DEL06-RS
608802;20/06/2024;quinta-feira;16:50:00;ES;101;261;SERRA;Acumulo de areia ou detritos sobre o pavimento;Tombamento;Com Vítimas Feridas;Pleno dia;Crescente;Céu Claro;Simples;"Reta;Declive";Não;1;0;1;0;0;0;1;1;-20,14854215;-40,27970926;SPRF-ES;DEL02-ES;UOP01-DEL02-ES
608803;20/06/2024;quinta-feira;12:10:00;RS;470;273;SAO JOSE DO SUL;Ausência de reação do condutor;Saída de leito carroçável;Com Vítimas Feridas;Pleno dia;Decrescente;Céu Claro;Simples;Curva;Não;4;0;4;0;0;0;4;1;-29,53825216;-51,48857651;SPRF-RS;DEL06-RS;UOP01-DEL06-RS
608805;20/06/2024;quinta-feira;17:30:00;ES;262;17,5;VIANA;Ausência de reação do condutor;Colisão lateral mesmo sentido;Com Vítimas Feridas;Anoitecer;Crescente;Céu Claro;Simples;Reta;Sim;2;0;0;1;1;0;1;2;-20,38441093;-40,463078;SPRF-ES;DEL01-ES;UOP01-DEL01-ES
608806;20/06/2024;quinta-feira;16:50:00;PE;232;101;BEZERROS;Acessar a via sem observar a presença dos outros veículos;Colisão transversal;Com Vítimas Feridas;Anoitecer;Crescente;Garoa/Chuvisco;Simples;Reta;Sim;3;0;0;2;1;0;2;2;-8,24194679;-35,75097313;SPRF-PE;DEL02-PE;UOP02-DEL02PE
608807;20/06/2024;quinta-feira;17:28:00;SC;101;191;BIGUACU;Reação tardia ou ineficiente do condutor;Colisão com objeto;Com Vítimas Feridas;Anoitecer;Decrescente;Nublado;Dupla;"Curva;Aclive";Sim;1;0;1;0;0;0;1;1;-27,47730273;-48,64127329;SPRF-SC;DEL01-SC;UOP01-DEL01-SC
608808;20/06/2024;quinta-feira;17:40:00;ES;101;67;SAO MATEUS;Condutor deixou de manter distância do veículo da frente;Colisão traseira;Com Vítimas Feridas;Plena Noite;Crescente;Céu Claro;Simples;Reta;Não;3;0;1;1;1;0;2;2;-18,72054021;-39,8658931;SPRF-ES;DEL04-ES;UOP02-DEL04-ES
608809;20/06/2024;quinta-feira;17:30:00;SC;101;364,3;SANGAO;Acumulo de areia ou detritos sobre o pavimento;Tombamento;Com Vítimas Feridas;Plena Noite;Decrescente;Céu Claro;Dupla;"Reta;Em Obras";Não;2;0;1;0;1;0;1;1;-28,68290284;-49,14759308;SPRF-SC;DEL02-SC;UOP01-DEL02-SC
608810;20/06/2024;quinta-feira;17:00:00;PR;116;115,9;CURITIBA;Reação tardia ou ineficiente do condutor;Tombamento;Com Vítimas Feridas;Anoitecer;Crescente;Céu Claro;Dupla;Reta;Sim;2;0;2;0;0;0;2;1;-25,5519152;-49,30518687;SPRF-PR;DEL01-PR;UOP03-DEL01-PR
608812;20/06/2024;quinta-feira;16:10:00;MT;70;7;BARRA DO GARCAS;Desrespeitar a preferência no cruzamento;Colisão transversal;Com Vítimas Feridas;Pleno dia;Decrescente;Céu Claro;Simples;Rotatória;Sim;2;0;1;0;1;0;1;2;-15,878143;-52,316788;SPRF-MT;DEL07-MT;UOP01-DEL07-MT
608813;20/06/2024;quinta-feira;18:00:00;SC;101;203,9;SAO JOSE;Reação tardia ou ineficiente do condutor;Tombamento;Com Vítimas Feridas;Plena Noite;Crescente;Nublado;Simples;"Reta;Viaduto;Interseção de Vias";Sim;1;0;1;0;0;0;1;1;-27,5650044;-48,61460082;SPRF-SC;DEL01-SC;UOP01-DEL01-SC
608814;20/06/2024;quinta-feira;17:25:00;AL;316;84;SANTANA DO IPANEMA;Ingestão de álcool pelo condutor;Colisão traseira;Sem Vítimas;Plena Noite;Decrescente;Chuva;Simples;"Reta;Aclive";Sim;2;0;0;0;2;0;0;2;-9,36681348;-37,25183498;SPRF-AL;DEL03-AL;UOP02-DEL03-AL
608815;20/06/2024;quinta-feira;17:30:00;PE;423;21;SAO CAITANO;Ausência de reação do condutor;Saída de leito carroçável;Com Vítimas Feridas;Pleno dia;Decrescente;Garoa/Chuvisco;Simples;Reta;Não;1;0;1;0;0;0;1;1;-8,34587741;-36,16528759;SPRF-PE;DEL03-PE;UOP02-DEL03-PE
608817;16/06/2024;domingo;20:10:00;SC;101;148,5;ITAPEMA;Acessar a via sem observar a presença dos outros veículos;Colisão transversal;Com Vítimas Feridas;Plena Noite;Crescente;Céu Claro;Múltipla;Reta;Sim;3;0;3;0;0;0;3;2;-27,10123686;-48,61807962;SPRF-SC;DEL04-SC;UOP03-DEL04-SC
608819;20/06/2024;quinta-feira;16:50:00;MG;262;36,7;MANHUACU;Velocidade Incompatível;Saída de leito carroçável;Com Vítimas Feridas;Pleno dia;Decrescente;Nublado;Simples;Curva;Não;1;0;1;0;0;0;1;1;-20,25932046;-42,02298331;SPRF-MG;DEL06-MG;UOP03-DEL06-MG
608820;10/06/2024;segunda-feira;19:30:00;PR;376;132;NOVA ESPERANCA;Pedestre cruzava a pista fora da faixa;Atropelamento de Pedestre;Com Vítimas Feridas;Plena Noite;Decrescente;Céu Claro;Dupla;Reta;Sim;2;0;1;0;1;0;1;2;-23,18188595;-52,21612797;SPRF-PR;DEL09-PR;UOP02-DEL09-PR
608821;20/06/2024;quinta-feira;17:40:00;MG;116;703,2;MURIAE;Manobra de mudança de faixa;Colisão traseira;Com Vítimas Feridas;Anoitecer;Decrescente;Céu Claro;Simples;"Declive;Viaduto;Reta";Sim;2;0;0;1;1;0;1;2;-21,12682309;-42,3832189;SPRF-MG;DEL07-MG;UOP02-DEL07-MG
608822;04/06/2024;terça-feira;15:20:00;SP;116;445;REGISTRO;Acessar a via sem observar a presença dos outros veículos;Eventos atípicos;Com Vítimas Feridas;Pleno dia;Decrescente;Céu Claro;Dupla;Reta;Não;2;0;1;0;1;0;1;1;-24,49790715;-47,84208686;SPRF-SP;DEL05-SP;UOP01-DEL05-SP
608823;20/06/2024;quinta-feira;18:20:00;MG;381;361;JOAO MONLEVADE;Objeto estático sobre o leito carroçável;Queda de ocupante de veículo;Com Vítimas Feridas;Plena Noite;Decrescente;Céu Claro;Simples;Reta;Não;1;0;1;0;0;0;1;1;-19,85985912;-43,22566968;SPRF-MG;DEL03-MG;UOP01-DEL03-MG
608824;20/06/2024;quinta-feira;18:10:00;RS;285;299,3;PASSO FUNDO;Acessar a via sem observar a presença dos outros veículos;Colisão transversal;Com Vítimas Feridas;Plena Noite;Decrescente;Chuva;Simples;Reta;Sim;2;0;1;0;1;0;1;2;-28,234184;-52,43314;SPRF-RS;DEL08-RS;UOP03-DEL08-RS
608825;20/06/2024;quinta-feira;17:30:00;RJ;40;58;PETROPOLIS;Ausência de reação do condutor;Colisão traseira;Com Vítimas Feridas;Anoitecer;Crescente;Céu Claro;Dupla;"Reta;Interseção de Vias";Não;2;0;1;0;1;0;1;2;-22,378777;-43,131523;SPRF-RJ;DEL05-RJ;UOP02-DEL05-RJ
608826;20/06/2024;quinta-feira;17:40:00;SP;381;57,7;MAIRIPORA;Reação tardia ou ineficiente do condutor;Colisão traseira;Com Vítimas Feridas;Anoitecer;Crescente;Céu Claro;Dupla;"Aclive;Reta";Não;2;0;1;0;1;0;1;2;-23,2658219;-46,5839857;SPRF-SP;DEL03-SP;UOP01-DEL03-SP
608827;10/06/2024;segunda-feira;13:20:00;MG;262;92;ABRE CAMPO;Falta de acostamento;Colisão traseira;Sem Vítimas;Pleno dia;Crescente;Céu Claro;Simples;Rotatória;Não;4;0;0;0;4;0;0;2;-20,334651;-42,470803;SPRF-MG;DEL03-MG;UOP03-DEL03-MG
608828;20/06/2024;quinta-feira;18:50:00;MG;40;546;NOVA LIMA;Manobra de mudança de faixa;Colisão lateral mesmo sentido;Com Vítimas Feridas;Plena Noite;Decrescente;Céu Claro;Dupla;"Reta;Declive";Sim;2;0;0;1;1;0;1;2;-20,01444685;-43,96893823;SPRF-MG;DEL01-MG;UOP02-DEL01-MG
608829;20/06/2024;quinta-feira;18:00:00;RJ;101;313;SAO GONCALO;Demais falhas mecânicas ou elétricas;Queda de ocupante de veículo;Com Vítimas Feridas;Plena Noite;Decrescente;Céu Claro;Dupla;Reta;Sim;2;0;1;0;1;0;1;1;-22,81049093;-43,06983304;SPRF-RJ;DEL02-RJ;UOP02-DEL02-RJ
608830;20/06/2024;quinta-feira;18:20:00;GO;153;508,6;APARECIDA DE GOIANIA;Pista Escorregadia;Queda de ocupante de veículo;Com Vítimas Feridas;Anoitecer;Decrescente;Céu Claro;Múltipla;"Curva;Aclive";Sim;3;0;1;0;1;1;1;3;-16,7804;-49,2371;SPRF-GO;DEL01-GO;UOP03-DEL01-GO
608831;20/06/2024;quinta-feira;18:00:00;RJ;40;58;PETROPOLIS;Velocidade Incompatível;Colisão traseira;Com Vítimas Feridas;Pleno dia;Crescente;Céu Claro;Dupla;Reta;Sim;2;0;1;0;1;0;1;2;-22,38009452;-43,13283062;SPRF-RJ;DEL05-RJ;UOP02-DEL05-RJ
608832;20/06/2024;quinta-feira;17:50:00;RJ;40;65;PETROPOLIS;Ausência de reação do condutor;Colisão traseira;Com Vítimas Feridas;Plena Noite;Decrescente;Céu Claro;Dupla;Reta;Não;2;0;0;1;1;0;1;2;-22,427473;-43,16011;SPRF-RJ;DEL05-RJ;UOP02-DEL05-RJ
608833;20/06/2024;quinta-feira;17:02:00;RJ;40;114;DUQUE DE CAXIAS;Mal súbito do condutor;Saída de leito carroçável;Com Vítimas Feridas;Pleno dia;Decrescente;Céu Claro;Dupla;Reta;Não;1;0;1;0;0;0;1;1;-22,71853604;-43,28993324;SPRF-RJ;DEL01-RJ;UOP02-DEL01-RJ
608834;20/06/2024;quinta-feira;18:25:00;RJ;101;61;CAMPOS DOS GOYTACAZES;Retorno proibido;Colisão transversal;Com Vítimas Feridas;Anoitecer;Decrescente;Céu Claro;Simples;Reta;Sim;2;0;1;0;1;0;1;2;-21,72655788;-41,32133519;SPRF-RJ;DEL08-RJ;UOP01-DEL08-RJ
608835;20/06/2024;quinta-feira;18:10:00;BA;367;29;PORTO SEGURO;Acessar a via sem observar a presença dos outros veículos;Colisão transversal;Com Vítimas Feridas;Plena Noite;Crescente;Céu Claro;Simples;Reta;Sim;2;0;1;1;0;0;2;2;-16,41896117;-39,13192749;SPRF-BA;DEL09-BA;UOP03-DEL09-BA
608837;20/06/2024;quinta-feira;18:30:00;RS;290;146;ELDORADO DO SUL;Condutor deixou de manter distância do veículo da frente;Colisão traseira;Com Vítimas Feridas;Plena Noite;Crescente;Nublado;Simples;Reta;Não;3;0;1;0;2;0;1;3;-30,104191;-51,66626;SPRF-RS;DEL02-RS;UOP01-DEL02-RS
608839;20/06/2024;quinta-feira;19:15:00;DF;70;10;BRASILIA;Entrada inopinada do pedestre;Atropelamento de Pedestre;Com Vítimas Feridas;Plena Noite;Crescente;Céu Claro;Dupla;Reta;Sim;3;0;0;1;2;0;1;2;-15,78811059;-48,14396387;SPRF-DF;DEL03-DF;UOP02-DEL03-DF
608840;20/06/2024;quinta-feira;18:30:00;MT;364;273;JACIARA;Manobra de mudança de faixa;Colisão lateral mesmo sentido;Com Vítimas Feridas;Plena Noite;Decrescente;Céu Claro;Dupla;Curva;Sim;2;0;1;0;0;1;1;2;-15,96077957;-54,96772983;SPRF-MT;DEL05-MT;UOP02-DEL05-MT
608842;20/06/2024;quinta-feira;19:50:00;GO;50;282,9;CATALAO;Demais falhas na via;Queda de ocupante de veículo;Com Vítimas Feridas;Plena Noite;Decrescente;Céu Claro;Simples;"Rotatória;Em Obras";Sim;1;0;1;0;0;0;1;1;-18,1896;-47,9511;SPRF-GO;DEL06-GO;UOP01-DEL06-GO
608843;20/06/2024;quinta-feira;20:00:00;MG;381;378,5;SAO GONCALO DO RIO ABAIXO;Manobra de mudança de faixa;Colisão lateral sentido oposto;Com Vítimas Feridas;Plena Noite;Crescente;Céu Claro;Simples;"Curva;Declive";Sim;4;0;1;1;2;0;2;2;-19,83376284;-43,36060015;SPRF-MG;DEL01-MG;UOP01-DEL01-MG
608844;20/06/2024;quinta-feira;19:30:00;RS;153;47;ERECHIM;Desrespeitar a preferência no cruzamento;Colisão traseira;Com Vítimas Feridas;Plena Noite;Decrescente;Garoa/Chuvisco;Simples;Rotatória;Não;2;0;1;0;1;0;1;2;-27,64530366;-52,24998023;SPRF-RS;DEL08-RS;UOP04-DEL08-RS
608845;20/06/2024;quinta-feira;20:00:00;RJ;101;56;CAMPOS DOS GOYTACAZES;Acessar a via sem observar a presença dos outros veículos;Colisão transversal;Com Vítimas Feridas;Plena Noite;Decrescente;Céu Claro;Simples;Reta;Sim;5;0;0;2;1;2;2;3;-21,69418827;-41,31023526;SPRF-RJ;DEL08-RJ;UOP01-DEL08-RJ
608846;20/06/2024;quinta-feira;19:45:00;ES;393;2,1;CACHOEIRO DE ITAPEMIRIM;Desrespeitar a preferência no cruzamento;Colisão transversal;Com Vítimas Feridas;Plena Noite;Crescente;Céu Claro;Simples;Rotatória;Não;3;0;1;1;1;0;2;2;-20,8341065;-41,17744446;SPRF-ES;DEL03-ES;UOP02-DEL03-ES
608847;20/06/2024;quinta-feira;19:00:00;PR;277;603;SANTA TEREZA DO OESTE;Acessar a via sem observar a presença dos outros veículos;Engavetamento;Com Vítimas Feridas;Plena Noite;Crescente;Céu Claro;Simples;Reta;Não;4;0;1;0;2;1;1;4;-25,02829499;-53,56171846;SPRF-PR;DEL05-PR;UOP02-DEL05-PR
608848;20/06/2024;quinta-feira;19:58:00;PI;316;8;TERESINA;Animais na Pista;Atropelamento de Animal;Com Vítimas Feridas;Plena Noite;Decrescente;Céu Claro;Múltipla;Reta;Sim;2;0;2;0;0;0;2;1;-5,16483402;-42,76899508;SPRF-PI;DEL01-PI;UOP02-DEL01-PI
608850;20/06/2024;quinta-feira;17:45:00;RS;290;412,2;SAO GABRIEL;Desrespeitar a preferência no cruzamento;Colisão transversal;Com Vítimas Feridas;Anoitecer;Decrescente;Céu Claro;Simples;Reta;Não;2;0;0;1;1;0;1;2;-30,357592;-54,269234;SPRF-RS;DEL11-RS;UOP02-DEL11-RS
608851;20/06/2024;quinta-feira;20:34:00;RN;405;3;MOSSORO;Acesso irregular;Colisão transversal;Com Vítimas Feridas;Plena Noite;Crescente;Céu Claro;Simples;Reta;Não;2;0;1;0;1;0;1;2;-5,19386547;-37,38052995;SPRF-RN;DEL04-RN;UOP02-DEL04-RN
608852;20/06/2024;quinta-feira;20:10:00;SC;470;96,8;APIUNA;Conversão proibida;Colisão transversal;Com Vítimas Feridas;Plena Noite;Crescente;Céu Claro;Simples;Reta;Sim;3;0;2;0;1;0;2;2;-27,020767;-49,371342;SPRF-SC;DEL04-SC;UOP01-DEL04-SC
608855;20/06/2024;quinta-feira;20:00:00;PI;343;313,5;ALTOS;Ausência de reação do condutor;Tombamento;Com Vítimas Feridas;Plena Noite;Decrescente;Céu Claro;Simples;"Declive;Reta;Em Obras";Não;2;0;2;0;0;0;2;1;-5,046057;-42,509869;SPRF-PI;DEL01-PI;UOP01-DEL01-PI
608856;20/06/2024;quinta-feira;18:45:00;SC;101;125;ITAJAI;Manobra de mudança de faixa;Colisão lateral mesmo sentido;Com Vítimas Feridas;Plena Noite;Decrescente;Céu Claro;Múltipla;Reta;Sim;2;0;1;0;1;0;1;2;-26,94802427;-48,68338515;SPRF-SC;DEL04-SC;UOP04-DEL04-SC
608857;20/06/2024;quinta-feira;18:40:00;MT;163;841;SINOP;Acessar a via sem observar a presença dos outros veículos;Colisão transversal;Sem Vítimas;Plena Noite;Crescente;Céu Claro;Simples;Reta;Sim;2;0;0;0;2;0;0;2;-11,8115287;-55,48219299;SPRF-MT;DEL06-MT;UOP02-DEL06-MT
608860;20/06/2024;quinta-feira;18:30:00;SC;470;136;RIO DO SUL;Acessar a via sem observar a presença dos outros veículos;Colisão transversal;Com Vítimas Feridas;Anoitecer;Crescente;Nublado;Simples;"Reta;Em Obras";Sim;2;0;1;0;1;0;1;2;-27,194323;-49,624554;SPRF-SC;DEL04-SC;UOP02-DEL04-SC
608861;20/06/2024;quinta-feira;21:00:00;SC;282;258,5;SAO JOSE DO CERRITO;Avarias e/ou desgaste excessivo no pneu;Saída de leito carroçável;Com Vítimas Feridas;Plena Noite;Crescente;Chuva;Simples;Curva;Não;2;0;1;0;1;0;1;1;-27,664351;-50,584618;SPRF-SC;DEL05-SC;UOP02-DEL05-SC
608862;20/06/2024;quinta-feira;21:25:00;MA;135;7,6;SAO LUIS;Transitar na contramão;Colisão transversal;Com Vítimas Feridas;Plena Noite;Decrescente;Céu Claro;Dupla;Rotatória;Sim;2;0;0;1;1;0;1;2;-2,63608835;-44,26848552;SPRF-MA;DEL01-MA;UOP01-DEL01-MA
608864;20/06/2024;quinta-feira;19:05:00;RO;364;13,1;VILHENA;Ultrapassagem Indevida;Colisão lateral mesmo sentido;Com Vítimas Feridas;Plena Noite;Crescente;Céu Claro;Dupla;Reta;Sim;1;0;1;0;0;0;1;1;-12,74140004;-60,13026401;SPRF-RO;DEL04-RO;UOP01-DEL04-RO
608865;20/06/2024;quinta-feira;20:40:00;MG;116;408;GOVERNADOR VALADARES;Pedestre cruzava a pista fora da faixa;Atropelamento de Pedestre;Com Vítimas Feridas;Plena Noite;Decrescente;Céu Claro;Dupla;Reta;Sim;2;0;0;2;0;0;2;2;-18,84221919;-41,98289416;SPRF-MG;DEL06-MG;UOP01-DEL06-MG
608866;20/06/2024;quinta-feira;19:35:00;MG;116;483,7;DOM CAVATI;Velocidade Incompatível;Saída de leito carroçável;Com Vítimas Feridas;Plena Noite;Crescente;Céu Claro;Simples;Reta;Não;1;0;1;0;0;0;1;1;-19,42697624;-42,12258158;SPRF-MG;DEL06-MG;UOP02-DEL06-MG
608869;20/06/2024;quinta-feira;21:30:00;RJ;116;147;DUQUE DE CAXIAS;Manobra de mudança de faixa;Colisão com objeto;Sem Vítimas;Plena Noite;Crescente;Céu Claro;Dupla;Reta;Não;1;0;0;0;0;1;0;1;-22,66978425;-43,27286493;SPRF-RJ;DEL01-RJ;UOP02-DEL01-RJ