id;data_inversa;dia_semana;horario;uf;br;km;municipio;causa_acidente;tipo_acidente;classificacao_acidente;fase_dia;sentido_via;condicao_metereologica;tipo_pista;tracado_via;uso_solo;pessoas;mortos;feridos_leves;feridos_graves;ilesos;ignorados;feridos;veiculos;latitude;longitude;regional;delegacia;uop
608870;20/06/2024;quinta-feira;21:20:00;PR;153;19;JACAREZINHO;Ingestão de álcool pelo condutor;Saída de leito carroçável;Com Vítimas Feridas;Plena Noite;Decrescente;Céu Claro;Simples;"Aclive;Reta;Viaduto";Sim;2;0;1;1;0;0;2;1;-23,15055023;-49,95438967;SPRF-PR;DEL07-PR;UOP04-DEL07-PR
608872;20/06/2024;quinta-feira;22:20:00;BA;324;0;FEIRA DE SANTANA;Condutor deixou de manter distância do veículo da frente;Colisão traseira;Com Vítimas Feridas;Plena Noite;Crescente;Nublado;Dupla;Viaduto;Sim;3;0;1;0;2;0;1;2;-12,27291509;-38,9358902;SPRF-BA;DEL02-BA;UOP01-DEL02-BA
608873;20/06/2024;quinta-feira;23:10:00;ES;101;269,6;SERRA;Transitar na contramão;Colisão transversal;Com Vítimas Feridas;Plena Noite;Decrescente;Céu Claro;Múltipla;"Interseção de Vias;Reta";Sim;2;0;0;1;1;0;1;2;-20,2231728;-40,2701024;SPRF-ES;DEL02-ES;UOP01-DEL02-ES
608875;20/06/2024;quinta-feira;21:16:00;RJ;101;386;RIO DE JANEIRO;Ingestão de álcool pelo condutor;Colisão com objeto;Com Vítimas Feridas;Plena Noite;Decrescente;Céu Claro;Dupla;Curva;Sim;1;0;1;0;0;0;1;1;-22,88295192;-43,64094302;SPRF-RJ;DEL03-RJ;UOP01-DEL03-RJ
608880;21/06/2024;sexta-feira;00:20:00;SC;101;32;JOINVILLE;Condutor Dormindo;Colisão com objeto;Com Vítimas Feridas;Plena Noite;Crescente;Nublado;Dupla;Reta;Não;1;0;1;0;0;0;1;1;-26,247657;-48,909977;SPRF-SC;DEL03-SC;UOP01-DEL03-SC
608881;20/06/2024;quinta-feira;23:15:00;BA;116;332;TEOFILANDIA;Transitar na contramão;Colisão frontal;Com Vítimas Feridas;Plena Noite;Crescente;Nublado;Simples;"Reta;Declive";Não;2;0;2;0;0;0;2;2;-11,438493;-38,978818;SPRF-BA;DEL02-BA;UOP01-DEL02-BA
608883;20/06/2024;quinta-feira;23:45:00;RJ;101;69;CAMPOS DOS GOYTACAZES;Ausência de reação do condutor;Colisão traseira;Com Vítimas Feridas;Plena Noite;Decrescente;Nevoeiro/Neblina;Simples;Reta;Não;3;0;1;2;0;0;3;2;-21,78024;-41,372158;SPRF-RJ;DEL08-RJ;UOP02-DEL08-RJ
608884;21/06/2024;sexta-feira;01:13:00;RS;116;264;CANOAS;Reação tardia ou ineficiente do condutor;Colisão traseira;Com Vítimas Feridas;Plena Noite;Decrescente;Céu Claro;Simples;Reta;Sim;4;0;2;1;1;0;3;2;-29,914435;-51,17754495;SPRF-RS;DEL01-RS;UOP01-DEL01-RS
608886;21/06/2024;sexta-feira;01:45:00;RS;386;342,4;LAJEADO;Ausência de reação do condutor;Saída de leito carroçável;Sem Vítimas;Plena Noite;Crescente;Nublado;Simples;"Reta;Em Obras";Não;1;0;0;0;1;0;0;1;-29,431631;-52,011932;SPRF-RS;DEL04-RS;UOP01-DEL04-RS
608890;21/06/2024;sexta-feira;01:40:00;RS;290;80;GRAVATAI;Ingestão de álcool pelo condutor;Saída de leito carroçável;Sem Vítimas;Plena Noite;Decrescente;Nublado;Dupla;"Retorno Regulamentado;Reta";Não;1;0;0;0;1;0;0;1;-29,95408864;-51,06100917;SPRF-RS;DEL01-RS;UOP01-DEL01-RS
608893;20/06/2024;quinta-feira;23:45:00;MG;116;642,9;FERVEDOURO;Ausência de reação do condutor;Saída de leito carroçável;Com Vítimas Feridas;Plena Noite;Decrescente;Céu Claro;Simples;Curva;Não;1;0;1;0;0;0;1;1;-20,65626469;-42,26078445;SPRF-MG;DEL07-MG;UOP02-DEL07-MG
608894;20/06/2024;quinta-feira;23:35:00;SC;101;307;LAGUNA;Ausência de reação do condutor;Tombamento;Com Vítimas Feridas;Plena Noite;Decrescente;Céu Claro;Múltipla;Reta;Não;1;0;1;0;0;0;1;1;-28,39199505;-48,77826295;SPRF-SC;DEL02-SC;UOP03-DEL02-SC
608895;20/06/2024;quinta-feira;22:20:00;RJ;101;323;NITEROI;Demais falhas mecânicas ou elétricas;Queda de ocupante de veículo;Com Vítimas Feridas;Plena Noite;Decrescente;Céu Claro;Dupla;"Reta;Ponte";Não;2;0;2;0;0;0;2;1;-22,87684786;-43,11728689;SPRF-RJ;DEL02-RJ;UOP01-DEL02-RJ
608896;21/06/2024;sexta-feira;04:00:00;DF;60;28,4;BRASILIA;Ingestão de álcool pelo condutor;Saída de leito carroçável;Sem Vítimas;Plena Noite;Crescente;Ignorado;Dupla;Declive;Não;1;0;0;0;0;1;0;1;-16,020638;-48,250832;SPRF-DF;DEL03-DF;UOP01-DEL03-DF
608902;20/06/2024;quinta-feira;17:45:00;PR;277;114;CAMPO LARGO;Avarias e/ou desgaste excessivo no pneu;Queda de ocupante de veículo;Com Vítimas Feridas;Anoitecer;Decrescente;Céu Claro;Dupla;Reta;Sim;2;0;2;0;0;0;2;1;-25,42766575;-49,38724005;SPRF-PR;DEL03-PR;UOP03-DEL03-PR
608903;20/06/2024;quinta-feira;23:50:00;SC;470;146;RIO DO SUL;Pista Escorregadia;Capotamento;Com Vítimas Feridas;Plena Noite;Crescente;Garoa/Chuvisco;Simples;Reta;Não;2;0;1;0;1;0;1;2;-27,240673;-49,685822;SPRF-SC;DEL04-SC;UOP02-DEL04-SC
608904;24/05/2024;sexta-feira;20:35:00;PE;232;8;RECIFE;Acessar a via sem observar a presença dos outros veículos;Colisão transversal;Com Vítimas Feridas;Plena Noite;Decrescente;Chuva;Múltipla;"Declive;Em Obras;Viaduto;Reta";Sim;2;0;1;0;1;0;1;2;-8,07583727;-34,97015791;SPRF-PE;DEL01-PE;UOP01-DEL01-PE
608906;21/06/2024;sexta-feira;06:00:00;MG;40;577,1;ITABIRITO;Ausência de reação do condutor;Colisão frontal;Com Vítimas Fatais;Amanhecer;Crescente;Céu Claro;Simples;Curva;Não;8;2;2;4;0;0;6;2;-20,27685094;-43,94743681;SPRF-MG;DEL01-MG;UOP02-DEL01-MG
608907;21/06/2024;sexta-feira;05:35:00;PR;163;230,2;CASCAVEL;Ingestão de álcool pelo condutor;Saída de leito carroçável;Com Vítimas Feridas;Amanhecer;Decrescente;Céu Claro;Dupla;Curva;Não;2;0;2;0;0;0;2;1;-24,897235;-53,533793;SPRF-PR;DEL04-PR;UOP01-DEL04-PR
608908;21/06/2024;sexta-feira;05:40:00;AM;230;638,7;HUMAITA;Reação tardia ou ineficiente do condutor;Colisão traseira;Com Vítimas Fatais;Amanhecer;Crescente;Nevoeiro/Neblina;Simples;Reta;Não;5;2;0;1;2;0;1;2;-7,58547525;-63,23313216;SPRF-AM;DEL01-AM;UOP05-DEL01-AM
608910;21/06/2024;sexta-feira;06:25:00;PR;469;14;FOZ DO IGUACU;Animais na Pista;Atropelamento de Animal;Com Vítimas Feridas;Amanhecer;Crescente;Céu Claro;Simples;Reta;Sim;1;0;0;1;0;0;1;1;-25,5781;-54,5411;SPRF-PR;DEL05-PR;UOP04-DEL05-PR
608911;21/06/2024;sexta-feira;07:00:00;MG;381;482,9;BETIM;Ausência de reação do condutor;Colisão com objeto;Sem Vítimas;Pleno dia;Crescente;Céu Claro;Múltipla;"Curva;Declive";Sim;1;0;0;0;1;0;0;1;-19,9585971;-44,0801455;SPRF-MG;DEL01-MG;UOP03-DEL01-MG
608912;21/06/2024;sexta-feira;06:05:00;SP;153;0,5;ICEM;Demais falhas mecânicas ou elétricas;Incêndio;Sem Vítimas;Amanhecer;Decrescente;Céu Claro;Simples;Reta;Não;1;0;0;0;1;0;0;1;-20,30661;-49,207664;SPRF-SP;DEL09-SP;UOP01-DEL09-SP
608913;21/06/2024;sexta-feira;07:05:00;SC;280;57,6;GUARAMIRIM;Acessar a via sem observar a presença dos outros veículos;Colisão lateral mesmo sentido;Com Vítimas Feridas;Pleno dia;Crescente;Céu Claro;Dupla;Rotatória;Sim;2;0;1;0;1;0;1;2;-26,47811421;-49,01259213;SPRF-SC;DEL03-SC;UOP03-DEL03-SC
608914;21/06/2024;sexta-feira;07:30:00;SC;101;189,7;BIGUACU;Velocidade Incompatível;Colisão com objeto;Com Vítimas Feridas;Pleno dia;Decrescente;Nublado;Dupla;Curva;Não;1;0;1;0;0;0;1;1;-27,459393;-48,638914;SPRF-SC;DEL01-SC;UOP01-DEL01-SC
608915;21/06/2024;sexta-feira;07:10:00;GO;70;1;AGUAS LINDAS DE GOIAS;Reação tardia ou ineficiente do condutor;Colisão traseira;Com Vítimas Feridas;Pleno dia;Decrescente;Sol;Múltipla;Reta;Sim;3;0;1;0;2;0;1;2;-15,76177302;-48,2368693;SPRF-DF;DEL03-DF;UOP02-DEL03-DF
608916;21/06/2024;sexta-feira;07:08:00;RN;101;109;PARNAMIRIM;Manobra de mudança de faixa;Colisão traseira;Com Vítimas Feridas;Pleno dia;Decrescente;Céu Claro;Dupla;Reta;Sim;3;0;1;1;1;0;2;2;-5,937378;-35,26483;SPRF-RN;DEL01-RN;UOP01-DEL01-RN
608920;21/06/2024;sexta-feira;07:30:00;RN;101;78;NATAL;Acessar a via sem observar a presença dos outros veículos;Colisão traseira;Com Vítimas Feridas;Pleno dia;Crescente;Céu Claro;Dupla;Reta;Não;2;0;2;0;0;0;2;2;-5,74071896;-35,29021064;SPRF-RN;DEL02-RN;UOP01-DEL02-RN
608922;19/03/2024;terça-feira;19:00:00;PA;10;334;SAO MIGUEL DO GUAMA;Ingestão de álcool pelo condutor;Saída de leito carroçável;Com Vítimas Feridas;Plena Noite;Decrescente;Chuva;Simples;Reta;Não;1;0;1;0;0;0;1;1;-1,51973601;-47,52023905;SPRF-PA;DEL01-PA;UOP02-DEL01-PA
608923;21/06/2024;sexta-feira;07:20:00;MG;381;533,5;ITATIAIUCU;Velocidade Incompatível;Saída de leito carroçável;Com Vítimas Feridas;Pleno dia;Decrescente;Céu Claro;Dupla;Reta;Não;1;0;1;0;0;0;1;1;-20,19896036;-44,38641307;SPRF-MG;DEL04-MG;UOP03-DEL04-MG
608924;06/05/2024;segunda-feira;16:30:00;PR;376;4,1;APUCARANA;Condutor desrespeitou a iluminação vermelha do semáforo;Colisão transversal;Com Vítimas Feridas;Pleno dia;Crescente;Céu Claro;Dupla;"Declive;Reta";Sim;3;0;1;1;1;0;2;2;-23,5551;-51,444542;SPRF-PR;DEL07-PR;UOP03-DEL07-PR
608925;21/06/2024;sexta-feira;07:25:00;RJ;101;551;PARATY;Mal súbito do condutor;Queda de ocupante de veículo;Com Vítimas Feridas;Amanhecer;Crescente;Céu Claro;Simples;Reta;Não;1;0;0;1;0;0;1;1;-23,04761345;-44,66746764;SPRF-RJ;DEL03-RJ;UOP04-DEL03-RJ
608928;21/06/2024;sexta-feira;08:00:00;DF;70;15;BRASILIA;Manobra de mudança de faixa;Colisão traseira;Com Vítimas Feridas;Pleno dia;Decrescente;Céu Claro;Dupla;Reta;Sim;4;0;0;1;2;1;1;4;-15,798888;-48,185043;SPRF-DF;DEL03-DF;UOP02-DEL03-DF
608929;20/06/2024;quinta-feira;21:13:00;MT;364;541,7;ROSARIO OESTE;Acostamento em desnível;Queda de ocupante de veículo;Sem Vítimas;Plena Noite;Crescente;Céu Claro;Simples;Reta;Sim;1;0;0;0;0;1;0;1;-14,92009078;-56,47771528;SPRF-MT;DEL01-MT;UOP01-DEL01-MT
608931;21/06/2024;sexta-feira;08:30:00;MG;381;501;BETIM;Manobra de mudança de faixa;Colisão lateral mesmo sentido;Com Vítimas Feridas;Pleno dia;Decrescente;Céu Claro;Dupla;Reta;Sim;2;0;1;0;1;0;1;2;-20,03146447;-44,2377893;SPRF-MG;DEL01-MG;UOP03-DEL01-MG
608932;21/06/2024;sexta-feira;08:30:00;MG;262;355;BETIM;Ausência de reação do condutor;Colisão traseira;Com Vítimas Feridas;Pleno dia;Crescente;Nevoeiro/Neblina;Dupla;Reta;Não;3;0;1;0;2;0;1;2;-19,978659;-44,2229;SPRF-MG;DEL01-MG;UOP03-DEL01-MG
608933;21/06/2024;sexta-feira;09:00:00;RN;101;103;PARNAMIRIM;Manobra de mudança de faixa;Queda de ocupante de veículo;Com Vítimas Feridas;Pleno dia;Crescente;Céu Claro;Dupla;Reta;Sim;1;0;0;1;0;0;1;1;-5,89034022;-35,24894996;SPRF-RN;DEL01-RN;UOP01-DEL01-RN
608934;21/06/2024;sexta-feira;04:40:00;GO;364;147;APARECIDA DO RIO DOCE;Ingestão de álcool pelo condutor;Saída de leito carroçável;Sem Vítimas;Amanhecer;Crescente;Nublado;Simples;Reta;Não;3;0;0;0;3;0;0;1;-18,170782;-51,402691;SPRF-GO;DEL05-GO;UOP02-DEL05-GO
608937;03/06/2024;segunda-feira;12:10:00;RN;427;59,6;JARDIM DO SERIDO;Demais falhas mecânicas ou elétricas;Tombamento;Com Vítimas Feridas;Pleno dia;Decrescente;Céu Claro;Simples;Curva;Não;22;0;16;5;1;0;21;1;-6,58867246;-36,80382584;SPRF-RN;DEL03-RN;UOP01-DEL03-RN
608938;21/06/2024;sexta-feira;09:00:00;RN;101;105,4;PARNAMIRIM;Condutor deixou de manter distância do veículo da frente;Colisão traseira;Com Vítimas Feridas;Pleno dia;Decrescente;Céu Claro;Múltipla;Reta;Sim;3;0;2;0;1;0;2;2;-5,90165196;-35,25928517;SPRF-RN;DEL01-RN;UOP01-DEL01-RN
608939;21/06/2024;sexta-feira;07:50:00;RJ;40;120;DUQUE DE CAXIAS;Ausência de reação do condutor;Colisão traseira;Com Vítimas Feridas;Pleno dia;Crescente;Céu Claro;Dupla;Reta;Não;2;0;1;0;1;0;1;2;-22,77280597;-43,28626763;SPRF-RJ;DEL01-RJ;UOP02-DEL01-RJ
608940;09/06/2024;domingo;17:49:00;SC;282;3,2;FLORIANOPOLIS;Manobra de mudança de faixa;Colisão lateral mesmo sentido;Com Vítimas Feridas;Anoitecer;Crescente;Céu Claro;Múltipla;Reta;Sim;3;0;2;0;1;0;2;2;-27,600384;-48,599705;SPRF-SC;DEL01-SC;UOP01-DEL01-SC
608942;21/06/2024;sexta-feira;09:25:00;CE;116;41;HORIZONTE;Pedestre cruzava a pista fora da faixa;Atropelamento de Pedestre;Com Vítimas Fatais;Pleno dia;Decrescente;Céu Claro;Dupla;Reta;Sim;2;1;0;0;1;0;0;2;-4,1024351;-38,50001011;SPRF-CE;DEL01-CE;UOP02-DEL01-CE
608943;21/06/2024;sexta-feira;08:10:00;BA;116;841,4;VITORIA DA CONQUISTA;Condutor deixou de manter distância do veículo da frente;Colisão traseira;Sem Vítimas;Pleno dia;Decrescente;Garoa/Chuvisco;Simples;Reta;Não;2;0;0;0;2;0;0;2;-14,99544;-40,93241;SPRF-BA;DEL08-BA;UOP01-DEL08-BA
608949;21/06/2024;sexta-feira;08:30:00;MG;50;128;UBERABA;Demais falhas mecânicas ou elétricas;Colisão com objeto;Com Vítimas Feridas;Pleno dia;Decrescente;Céu Claro;Dupla;Reta;Não;1;0;0;1;0;0;1;1;-19,37184398;-48,07827086;SPRF-MG;DEL13-MG;UOP01-DEL13-MG
608953;21/06/2024;sexta-feira;10:00:00;DF;20;10,2;BRASILIA;Manobra de mudança de faixa;Colisão transversal;Com Vítimas Feridas;Pleno dia;Crescente;Céu Claro;Múltipla;Reta;Sim;2;0;1;0;1;0;1;2;-15,658386;-47,791534;SPRF-DF;DEL02-DF;UOP01-DEL02-DF
608954;21/06/2024;sexta-feira;09:23:00;MG;381;734;CARMO DA CACHOEIRA;Manobra de mudança de faixa;Capotamento;Com Vítimas Feridas;Pleno dia;Crescente;Céu Claro;Dupla;Reta;Não;1;0;1;0;0;0;1;1;-21,57173297;-45,24325979;SPRF-MG;DEL16-MG;UOP02-DEL16-MG
608955;21/06/2024;sexta-feira;10:15:00;SC;153;64;IRANI;Acessar a via sem observar a presença dos outros veículos;Colisão lateral mesmo sentido;Com Vítimas Feridas;Pleno dia;Crescente;Céu Claro;Simples;Reta;Não;2;0;1;0;1;0;1;2;-27,003662;-51,872604;SPRF-SC;DEL07-SC;UOP04-DEL07-SC
608957;21/06/2024;sexta-feira;07:30:00;RJ;393;266;BARRA DO PIRAI;Reação tardia ou ineficiente do condutor;Colisão lateral mesmo sentido;Com Vítimas Feridas;Pleno dia;Crescente;Céu Claro;Simples;Reta;Não;2;0;1;0;1;0;1;2;-22,48062523;-43,89336791;SPRF-RJ;DEL05-RJ;UOP04-DEL05-RJ
608959;21/06/2024;sexta-feira;10:30:00;RS;116;357;TAPES;Acumulo de água sobre o pavimento;Saída de leito carroçável;Com Vítimas Feridas;Pleno dia;Crescente;Chuva;Dupla;Reta;Não;2;0;2;0;0;0;2;1;-30,598012;-51,540005;SPRF-RS;DEL02-RS;UOP02-DEL02-RS
608960;21/06/2024;sexta-feira;11:10:00;RS;386;307;POUSO NOVO;Pista Escorregadia;Colisão frontal;Com Vítimas Feridas;Pleno dia;Crescente;Chuva;Simples;"Declive;Curva";Não;3;0;2;1;0;0;3;2;-29,202335;-52,183838;SPRF-RS;DEL04-RS;UOP01-DEL04-RS
608961;21/06/2024;sexta-feira;10:50:00;RO;174;13;VILHENA;Reação tardia ou ineficiente do condutor;Atropelamento de Pedestre;Com Vítimas Feridas;Pleno dia;Crescente;Céu Claro;Dupla;"Reta;Rotatória";Sim;3;0;2;0;0;1;2;2;-12,73625634;-60,13074875;SPRF-RO;DEL04-RO;UOP01-DEL04-RO
608962;24/05/2024;sexta-feira;17:18:00;PR;469;13;FOZ DO IGUACU;Desrespeitar a preferência no cruzamento;Colisão transversal;Com Vítimas Feridas;Pleno dia;Crescente;Ignorado;Simples;Interseção de Vias;Sim;2;0;1;0;1;0;1;2;-25,58006094;-54,53490973;SPRF-PR;DEL05-PR;UOP04-DEL05-PR
608963;21/06/2024;sexta-feira;12:10:00;SP;116;57;GUARATINGUETA;Ausência de reação do condutor;Colisão traseira;Com Vítimas Feridas;Pleno dia;Decrescente;Sol;Dupla;Reta;Sim;3;0;1;0;2;0;1;3;-22,77454618;-45,13807087;SPRF-SP;DEL08-SP;UOP01-DEL08-SP
608964;21/06/2024;sexta-feira;10:30:00;BA;101;724,7;EUNAPOLIS;Reação tardia ou ineficiente do condutor;Colisão com objeto;Com Vítimas Feridas;Pleno dia;Decrescente;Sol;Simples;"Curva;Declive";Não;1;0;1;0;0;0;1;1;-16,423823;-39,5817;SPRF-BA;DEL09-BA;UOP01-DEL09-BA
608965;21/06/2024;sexta-feira;11:20:00;CE;122;16;OCARA;Reação tardia ou ineficiente do condutor;Colisão frontal;Com Vítimas Fatais;Pleno dia;Decrescente;Sol;Simples;Reta;Sim;4;1;1;1;1;0;2;3;-4,42914402;-38,50574993;SPRF-CE;DEL03-CE;UOP02-DEL03-CE
608966;21/06/2024;sexta-feira;10:45:00;RS;290;292;CACHOEIRA DO SUL;Acumulo de água sobre o pavimento;Saída de leito carroçável;Com Vítimas Feridas;Pleno dia;Decrescente;Chuva;Simples;Reta;Não;2;0;2;0;0;0;2;1;-30,28631;-53,136635;SPRF-RS;DEL02-RS;UOP03-DEL02-RS
608967;21/06/2024;sexta-feira;12:15:00;PB;101;86,4;JOAO PESSOA;Ausência de reação do condutor;Colisão traseira;Com Vítimas Feridas;Pleno dia;Decrescente;Céu Claro;Dupla;Reta;Sim;3;0;2;0;0;1;2;2;-7,15118983;-34,91012184;SPRF-PB;DEL01-PB;UOP01-DEL01-PB
608968;21/06/2024;sexta-feira;10:35:00;MG;459;13;CALDAS;Condutor deixou de manter distância do veículo da frente;Colisão traseira;Sem Vítimas;Pleno dia;Decrescente;Céu Claro;Simples;Reta;Não;2;0;0;0;2;0;0;2;-21,824181;-46,454407;SPRF-MG;DEL09-MG;UOP01-DEL09-MG
608969;21/06/2024;sexta-feira;10:30:00;PB;104;191,3;ALCANTIL;Reação tardia ou ineficiente do condutor;Saída de leito carroçável;Com Vítimas Feridas;Pleno dia;Decrescente;Nublado;Simples;Reta;Não;1;0;1;0;0;0;1;1;-7,72990593;-36,07500026;SPRF-PB;DEL02-PB;UOP03-DEL02-PB
608973;12/04/2024;sexta-feira;16:30:00;GO;40;7,2;VALPARAISO DE GOIAS;Trafegar com motocicleta (ou similar) entre as faixas;Atropelamento de Pedestre;Com Vítimas Feridas;Pleno dia;Crescente;Céu Claro;Dupla;Reta;Sim;2;0;1;1;0;0;2;2;-16,100814;-47,977351;SPRF-DF;DEL01-DF;UOP01-DEL01-DF
608974;21/06/2024;sexta-feira;11:45:00;BA;101;667;ITAPEBI;Ultrapassagem Indevida;Colisão frontal;Com Vítimas Fatais;Pleno dia;Crescente;Céu Claro;Simples;Curva;Não;6;1;2;2;1;0;4;2;-15,998643;-39,580487;SPRF-BA;DEL09-BA;UOP01-DEL09-BA
608976;21/06/2024;sexta-feira;13:10:00;SC;470;54,3;BLUMENAU;Acessar a via sem observar a presença dos outros veículos;Colisão transversal;Com Vítimas Feridas;Pleno dia;Decrescente;Céu Claro;Simples;Reta;Não;2;0;1;0;1;0;1;2;-26,871065;-49,110374;SPRF-SC;DEL04-SC;UOP01-DEL04-SC
608977;16/06/2024;domingo;00:55:00;MS;163;91;ITAQUIRAI;Reação tardia ou ineficiente do condutor;Tombamento;Com Vítimas Feridas;Plena Noite;Decrescente;Céu Claro;Simples;Reta;Não;2;0;2;0;0;0;2;1;-23,36116304;-54,2147073;SPRF-MS;DEL09-MS;UOP01-DEL09-MS
608978;21/06/2024;sexta-feira;13:15:00;SC;101;293,8;IMBITUBA;Reação tardia ou ineficiente do condutor;Saída de leito carroçável;Com Vítimas Feridas;Pleno dia;Crescente;Céu Claro;Dupla;Reta;Não;1;0;0;1;0;0;1;1;-28,31040713;-48,72282028;SPRF-SC;DEL02-SC;UOP03-DEL02-SC
608980;21/06/2024;sexta-feira;06:40:00;RJ;101;389;ITAGUAI;Acesso irregular;Colisão com objeto;Com Vítimas Feridas;Pleno dia;Decrescente;Céu Claro;Múltipla;Reta;Sim;1;0;1;0;0;0;1;1;-22,89077885;-43,66684705;SPRF-RJ;DEL03-RJ;UOP01-DEL03-RJ
608981;21/06/2024;sexta-feira;13:40:00;PI;316;56;MONSENHOR GIL;Ausência de reação do condutor;Saída de leito carroçável;Com Vítimas Feridas;Pleno dia;Crescente;Céu Claro;Simples;Reta;Não;2;0;1;0;1;0;1;1;-5,54323473;-42,62283776;SPRF-PI;DEL01-PI;UOP02-DEL01-PI
608982;21/06/2024;sexta-feira;09:45:00;RJ;465;14;SEROPEDICA;Ausência de reação do condutor;Eventos atípicos;Com Vítimas Feridas;Pleno dia;Crescente;Céu Claro;Simples;Reta;Sim;2;0;1;0;0;1;1;2;-22,804979;-43,638828;SPRF-RJ;DEL06-RJ;UOP02-DEL06-RJ
608984;21/06/2024;sexta-feira;12:40:00;SP;116;142;SAO JOSE DOS CAMPOS;Reação tardia ou ineficiente do condutor;Colisão traseira;Com Vítimas Feridas;Pleno dia;Decrescente;Sol;Dupla;Reta;Não;4;0;2;0;2;0;2;2;-23,17426078;-45,82940111;SPRF-SP;DEL02-SP;UOP01-DEL02-SP
608985;21/06/2024;sexta-feira;12:00:00;RO;319;63;PORTO VELHO;Condutor desrespeitou a iluminação vermelha do semáforo;Colisão transversal;Com Vítimas Feridas;Pleno dia;Decrescente;Céu Claro;Dupla;Interseção de Vias;Sim;2;0;1;0;1;0;1;2;-8,766685;-63,884052;SPRF-RO;DEL01-RO;UOP01-DEL01-RO
608986;21/06/2024;sexta-feira;13:16:00;PE;232;20;MORENO;Reação tardia ou ineficiente do condutor;Engavetamento;Sem Vítimas;Pleno dia;Crescente;Nublado;Dupla;Reta;Não;15;0;0;0;14;1;0;7;-8,09543537;-35,07136107;SPRF-PE;DEL01-PE;UOP01-DEL01-PE
608988;21/06/2024;sexta-feira;14:22:00;ES;101;201,3;JOAO NEIVA;Condutor deixou de manter distância do veículo da frente;Colisão traseira;Com Vítimas Feridas;Pleno dia;Decrescente;Céu Claro;Simples;Reta;Não;4;0;3;0;1;0;3;2;-19,73362414;-40,36120476;SPRF-ES;DEL04-ES;UOP01-DEL04-ES
608990;21/06/2024;sexta-feira;11:45:00;RO;364;542;ALTO PARAISO;Ultrapassagem Indevida;Saída de leito carroçável;Com Vítimas Feridas;Pleno dia;Decrescente;Céu Claro;Simples;Reta;Não;1;0;1;0;0;0;1;1;-9,70933366;-63,113254;SPRF-RO;DEL03-RO;UOP01-DEL03-RO
608992;21/06/2024;sexta-feira;14:45:00;PI;316;21;TERESINA;Ausência de reação do condutor;Colisão com objeto;Com Vítimas Feridas;Pleno dia;Decrescente;Céu Claro;Dupla;"Aclive;Reta";Não;1;0;0;1;0;0;1;1;-5,27386024;-42,72628069;SPRF-PI;DEL01-PI;UOP02-DEL01-PI
608994;21/06/2024;sexta-feira;12:00:00;MT;364;198;RONDONOPOLIS;Acesso irregular;Colisão transversal;Com Vítimas Feridas;Pleno dia;Decrescente;Céu Claro;Simples;"Declive;Reta;Interseção de Vias";Não;2;0;1;0;1;0;1;2;-16,50925772;-54,61808454;SPRF-MT;DEL02-MT;UOP01-DEL02-MT
608995;21/06/2024;sexta-feira;14:50:00;SE;101;115;ITAPORANGA DAJUDA;Manobra de mudança de faixa;Colisão lateral mesmo sentido;Com Vítimas Feridas;Pleno dia;Decrescente;Nublado;Dupla;"Curva;Declive";Não;2;0;0;1;1;0;1;2;-11,00451077;-37,30888444;SPRF-SE;DEL02-SE;UOP01-DEL02-SE
608997;21/06/2024;sexta-feira;13:13:00;GO;20;15;FORMOSA;Acessar a via sem observar a presença dos outros veículos;Colisão transversal;Com Vítimas Feridas;Pleno dia;Crescente;Céu Claro;Simples;Reta;Sim;2;0;1;0;1;0;1;2;-15,564807;-47,222622;SPRF-DF;DEL02-DF;UOP02-DEL02-DF
608999;21/06/2024;sexta-feira;15:40:00;PB;230;27;JOAO PESSOA;Reação tardia ou ineficiente do condutor;Colisão lateral mesmo sentido;Com Vítimas Feridas;Pleno dia;Crescente;Céu Claro;Dupla;Reta;Sim;3;0;1;0;2;0;1;2;-7,1677;-34,8855;SPRF-PB;DEL01-PB;UOP01-DEL01-PB
609001;21/06/2024;sexta-feira;15:00:00;RJ;101;580;PARATY;Manobra de mudança de faixa;Colisão transversal;Com Vítimas Feridas;Pleno dia;Decrescente;Céu Claro;Simples;Curva;Não;3;0;0;3;0;0;3;2;-23,23874387;-44,70062115;SPRF-RJ;DEL03-RJ;UOP04-DEL03-RJ
609002;21/06/2024;sexta-feira;14:20:00;MG;40;43;PARACATU;Objeto estático sobre o leito carroçável;Colisão com objeto;Com Vítimas Feridas;Pleno dia;Crescente;Céu Claro;Simples;Reta;Sim;1;0;0;1;0;0;1;1;-17,22598002;-46,86163701;SPRF-MG;DEL14-MG;UOP01-DEL14-MG
609003;21/06/2024;sexta-feira;10:35:00;MS;60;677;BELA VISTA;Acessar a via sem observar a presença dos outros veículos;Colisão transversal;Com Vítimas Feridas;Pleno dia;Crescente;Céu Claro;Simples;Interseção de Vias;Não;5;0;1;0;4;0;1;2;-22,0693972;-56,51722473;SPRF-MS;DEL05-MS;UOP01-DEL05-MS
609004;21/06/2024;sexta-feira;15:50:00;PE;101;163;GAMELEIRA;Reação tardia ou ineficiente do condutor;Saída de leito carroçável;Sem Vítimas;Anoitecer;Decrescente;Chuva;Simples;Curva;Não;1;0;0;0;1;0;0;1;-8,55039544;-35,44619699;SPRF-PE;DEL01-PE;UOP03-DEL01-PE
609005;21/06/2024;sexta-feira;16:00:00;MG;381;739,5;TRES CORACOES;Ausência de reação do condutor;Saída de leito carroçável;Com Vítimas Feridas;Pleno dia;Decrescente;Céu Claro;Dupla;Curva;Não;1;0;1;0;0;0;1;1;-21,57690441;-45,24029093;SPRF-MG;DEL16-MG;UOP02-DEL16-MG