id;data_inversa;dia_semana;horario;uf;br;km;municipio;causa_acidente;tipo_acidente;classificacao_acidente;fase_dia;sentido_via;condicao_metereologica;tipo_pista;tracado_via;uso_solo;pessoas;mortos;feridos_leves;feridos_graves;ilesos;ignorados;feridos;veiculos;latitude;longitude;regional;delegacia;uop
609115;21/06/2024;sexta-feira;20:50:00;PI;343;348;TERESINA;Ingestão de álcool pelo condutor;Colisão com objeto;Sem Vítimas;Pleno dia;Crescente;Céu Claro;Simples;Reta;Sim;1;0;0;0;1;0;0;1;-5,118706;-42,786411;SPRF-PI;DEL01-PI;UOP01-DEL01-PI
609116;21/06/2024;sexta-feira;22:50:00;RS;116;409;CAMAQUA;Fumaça;Incêndio;Sem Vítimas;Plena Noite;Decrescente;Vento;Dupla;Reta;Sim;4;0;0;0;4;0;0;1;-30,91303871;-51,88404415;SPRF-RS;DEL02-RS;UOP02-DEL02-RS
609118;01/06/2024;sábado;18:10:00;PB;230;87;GURINHEM;Ausência de reação do condutor;Colisão lateral mesmo sentido;Com Vítimas Fatais;Plena Noite;Decrescente;Céu Claro;Dupla;Reta;Não;7;1;0;0;5;1;0;3;-7,171993;-35,384508;SPRF-PB;DEL01-PB;UOP03-DEL01-PB
609119;21/06/2024;sexta-feira;22:47:00;ES;101;264;SERRA;Ausência de reação do condutor;Colisão com objeto;Com Vítimas Feridas;Plena Noite;Crescente;Céu Claro;Dupla;Reta;Não;1;0;1;0;0;0;1;1;-20,17292791;-40,26736384;SPRF-ES;DEL02-ES;UOP01-DEL02-ES
609120;21/06/2024;sexta-feira;22:17:00;PR;376;172,8;MARINGA;Transitar na contramão;Colisão frontal;Com Vítimas Fatais;Plena Noite;Decrescente;Nublado;Dupla;"Reta;Aclive";Sim;3;1;1;0;1;0;1;2;-23,41920709;-51,96512818;SPRF-PR;DEL09-PR;UOP01-DEL09-PR
609121;21/06/2024;sexta-feira;22:45:00;SP;101;18;UBATUBA;Faróis desregulados;Saída de leito carroçável;Sem Vítimas;Plena Noite;Crescente;Céu Claro;Simples;Reta;Não;1;0;0;0;1;0;0;1;-23,31746811;-44,899601;SPRF-SP;DEL06-SP;UOP01-DEL06-SP
609122;21/06/2024;sexta-feira;23:45:00;MG;267;157,7;LIMA DUARTE;Reação tardia ou ineficiente do condutor;Colisão lateral sentido oposto;Com Vítimas Feridas;Plena Noite;Crescente;Céu Claro;Simples;Curva;Não;2;0;0;1;1;0;1;2;-21,83885727;-43,77999692;SPRF-MG;DEL05-MG;UOP01-DEL05-MG
609123;21/06/2024;sexta-feira;22:30:00;SP;116;57;GUARATINGUETA;Deficiência do Sistema de Iluminação/Sinalização;Colisão traseira;Com Vítimas Feridas;Plena Noite;Decrescente;Céu Claro;Dupla;Reta;Não;2;0;0;1;1;0;1;2;-22,77454618;-45,13807087;SPRF-SP;DEL08-SP;UOP01-DEL08-SP
609124;21/06/2024;sexta-feira;23:00:00;RS;480;64,5;BARAO DE COTEGIPE;Ingestão de álcool pelo condutor;Colisão frontal;Sem Vítimas;Plena Noite;Decrescente;Céu Claro;Simples;"Curva;Declive";Não;2;0;0;0;2;0;0;2;-27,62850417;-52,36291357;SPRF-RS;DEL08-RS;UOP04-DEL08-RS
609126;21/06/2024;sexta-feira;20:00:00;SC;101;82;BARRA VELHA;Manobra de mudança de faixa;Colisão frontal;Com Vítimas Feridas;Plena Noite;Crescente;Céu Claro;Simples;Reta;Não;2;0;0;1;1;0;1;2;-26,61085222;-48,72204472;SPRF-SC;DEL03-SC;UOP02-DEL03-SC
609128;21/06/2024;sexta-feira;23:40:00;SP;116;149;SAO JOSE DOS CAMPOS;Reação tardia ou ineficiente do condutor;Colisão lateral mesmo sentido;Com Vítimas Feridas;Plena Noite;Crescente;Céu Claro;Múltipla;Reta;Sim;2;0;1;0;1;0;1;2;-23,20700047;-45,88626861;SPRF-SP;DEL02-SP;UOP01-DEL02-SP
609130;21/06/2024;sexta-feira;21:00:00;RO;364;823;PORTO VELHO;Animais na Pista;Atropelamento de Animal;Com Vítimas Feridas;Plena Noite;Decrescente;Céu Claro;Simples;"Reta;Interseção de Vias";Não;2;0;0;2;0;0;2;1;-9,29843414;-64,59688479;SPRF-RO;DEL01-RO;UOP02-DEL01-RO
609131;22/06/2024;sábado;00:20:00;RS;285;451,5;IJUI;Transitar na contramão;Colisão frontal;Com Vítimas Fatais;Plena Noite;Crescente;Céu Claro;Simples;Curva;Não;3;1;2;0;0;0;2;2;-28,37373027;-53,85162234;SPRF-RS;DEL10-RS;UOP01-DEL10-RS
609132;22/06/2024;sábado;00:30:00;MG;262;812;UBERABA;Condutor Dormindo;Saída de leito carroçável;Com Vítimas Feridas;Plena Noite;Decrescente;Céu Claro;Simples;"Rotatória;Viaduto";Sim;1;0;1;0;0;0;1;1;-19,76553214;-48,11855299;SPRF-MG;DEL13-MG;UOP01-DEL13-MG
609133;22/06/2024;sábado;01:00:00;MG;40;738,3;SANTOS DUMONT;Reação tardia ou ineficiente do condutor;Saída de leito carroçável;Com Vítimas Feridas;Plena Noite;Decrescente;Céu Claro;Simples;Curva;Não;1;0;1;0;0;0;1;1;-21,38880304;-43,56910622;SPRF-MG;DEL05-MG;UOP01-DEL05-MG
609134;22/06/2024;sábado;00:23:00;ES;101;143,3;LINHARES;Velocidade Incompatível;Tombamento;Com Vítimas Feridas;Plena Noite;Crescente;Céu Claro;Dupla;Reta;Sim;1;0;0;1;0;0;1;1;-19,34286596;-40,0638568;SPRF-ES;DEL04-ES;UOP01-DEL04-ES
609135;22/06/2024;sábado;01:00:00;SC;101;196;BIGUACU;Ausência de reação do condutor;Colisão com objeto;Sem Vítimas;Plena Noite;Crescente;Nublado;Dupla;Reta;Sim;2;0;0;0;0;2;0;1;-27,51101091;-48,64322292;SPRF-SC;DEL01-SC;UOP01-DEL01-SC
609136;21/06/2024;sexta-feira;23:00:00;BA;101;871;TEIXEIRA DE FREITAS;Transitar na contramão;Colisão frontal;Com Vítimas Feridas;Plena Noite;Decrescente;Céu Claro;Simples;Curva;Não;9;0;2;0;7;0;2;3;-17,50492031;-39,70252991;SPRF-BA;DEL09-BA;UOP02-DEL09-BA
609137;22/06/2024;sábado;02:00:00;RN;101;105;PARNAMIRIM;Ingestão de álcool pelo condutor;Tombamento;Com Vítimas Feridas;Plena Noite;Crescente;Chuva;Dupla;Reta;Sim;1;0;1;0;0;0;1;1;-5,902932;-35,259952;SPRF-RN;DEL01-RN;UOP01-DEL01-RN
609138;22/06/2024;sábado;01:40:00;PR;277;724,5;FOZ DO IGUACU;Ausência de reação do condutor;Tombamento;Com Vítimas Feridas;Plena Noite;Decrescente;Céu Claro;Dupla;Reta;Sim;1;0;1;0;0;0;1;1;-25,50257577;-54,53868311;SPRF-PR;DEL05-PR;UOP03-DEL05-PR
609139;22/06/2024;sábado;01:30:00;PR;277;686;SAO MIGUEL DO IGUACU;Condutor deixou de manter distância do veículo da frente;Colisão traseira;Com Vítimas Feridas;Plena Noite;Crescente;Céu Claro;Dupla;"Declive;Curva";Não;3;0;0;2;1;0;2;2;-25,33975596;-54,21578002;SPRF-PR;DEL05-PR;UOP01-DEL05-PR
609140;22/06/2024;sábado;02:20:00;GO;414;396;CORUMBA DE GOIAS;Reação tardia ou ineficiente do condutor;Colisão com objeto;Sem Vítimas;Plena Noite;Crescente;Céu Claro;Simples;Curva;Não;1;0;0;0;1;0;0;1;-15,94629811;-48,80403123;SPRF-GO;DEL02-GO;UOP01-DEL02-GO
609141;22/06/2024;sábado;02:50:00;SE;235;57;ITABAIANA;Ausência de reação do condutor;Queda de ocupante de veículo;Com Vítimas Feridas;Plena Noite;Crescente;Céu Claro;Simples;Reta;Não;1;0;0;1;0;0;1;1;-10,604629;-37,478199;SPRF-SE;DEL01-SE;UOP02-DEL01-SE
609142;22/06/2024;sábado;02:00:00;MG;381;843;SAO SEBASTIAO DA BELA VISTA;Ausência de reação do condutor;Saída de leito carroçável;Sem Vítimas;Plena Noite;Decrescente;Céu Claro;Dupla;Reta;Não;1;0;0;0;1;0;0;1;-22,22245372;-45,87389143;SPRF-MG;DEL16-MG;UOP01-DEL16-MG
609143;21/06/2024;sexta-feira;22:00:00;PI;222;172;SAO JOAO DO ARRAIAL;Animais na Pista;Atropelamento de Animal;Com Vítimas Fatais;Plena Noite;Crescente;Céu Claro;Simples;Reta;Não;1;1;0;0;0;0;0;1;-3,87111975;-42,40894276;SPRF-PI;DEL02-PI;UOP01-DEL02-PI
609144;21/06/2024;sexta-feira;21:15:00;PR;277;677;MEDIANEIRA;Velocidade Incompatível;Saída de leito carroçável;Com Vítimas Feridas;Plena Noite;Crescente;Ignorado;Dupla;Reta;Não;1;0;0;1;0;0;1;1;-25,26577498;-54,05432901;SPRF-PR;DEL05-PR;UOP01-DEL05-PR
609146;22/06/2024;sábado;02:20:00;PE;316;26,4;ARARIPINA;Pedestre andava na pista;Atropelamento de Pedestre;Com Vítimas Fatais;Plena Noite;Crescente;Chuva;Simples;Reta;Não;2;1;0;0;0;1;0;2;-7,597328;-40,492765;SPRF-PE;DEL05-PE;UOP02-DEL05-PE
609147;22/06/2024;sábado;03:35:00;PR;116;13;COLOMBO;Velocidade Incompatível;Colisão traseira;Com Vítimas Feridas;Plena Noite;Crescente;Nublado;Dupla;Reta;Sim;2;0;0;1;1;0;1;2;-25,3785;-49,1564;SPRF-PR;DEL01-PR;UOP02-DEL01-PR
609148;22/06/2024;sábado;04:30:00;RJ;356;136;CAMPOS DOS GOYTACAZES;Ingestão de substâncias psicoativas pelo condutor;Tombamento;Com Vítimas Fatais;Plena Noite;Crescente;Céu Claro;Simples;Curva;Sim;2;1;1;0;0;0;1;1;-21,738233;-41,333941;SPRF-RJ;DEL08-RJ;UOP01-DEL08-RJ
609150;22/06/2024;sábado;04:40:00;ES;101;282,5;CARIACICA;Condutor Dormindo;Colisão com objeto;Com Vítimas Feridas;Plena Noite;Decrescente;Céu Claro;Dupla;"Reta;Viaduto";Não;1;0;1;0;0;0;1;1;-20,22694;-40,36458;SPRF-ES;DEL01-ES;UOP01-DEL01-ES
609151;22/06/2024;sábado;00:15:00;CE;222;3;FORTALEZA;Desrespeitar a preferência no cruzamento;Colisão transversal;Com Vítimas Feridas;Amanhecer;Crescente;Céu Claro;Múltipla;Reta;Não;3;0;1;1;1;0;2;2;-3,7403769;-38,59569202;SPRF-CE;DEL01-CE;UOP01-DEL01-CE
609152;22/06/2024;sábado;05:20:00;RS;386;346;LAJEADO;Ingestão de álcool pelo condutor;Colisão com objeto;Sem Vítimas;Plena Noite;Crescente;Nublado;Dupla;Reta;Sim;1;0;0;0;1;0;0;1;-29,446793;-51,974564;SPRF-RS;DEL04-RS;UOP01-DEL04-RS
609153;22/06/2024;sábado;04:57:00;ES;101;179;ARACRUZ;Conversão proibida;Colisão transversal;Com Vítimas Feridas;Amanhecer;Decrescente;Céu Claro;Simples;Reta;Não;2;0;1;0;0;1;1;2;-19,61991817;-40,21790028;SPRF-ES;DEL04-ES;UOP01-DEL04-ES
609154;22/06/2024;sábado;05:01:00;PA;230;124;MARABA;Ausência de reação do condutor;Colisão com objeto;Sem Vítimas;Amanhecer;Decrescente;Céu Claro;Dupla;Reta;Sim;1;0;0;0;1;0;0;1;-5,37407079;-49,13575802;SPRF-PA;DEL03-PA;UOP01-DEL03-PA
609155;22/06/2024;sábado;04:51:00;MG;381;675,9;PERDOES;Ausência de reação do condutor;Queda de ocupante de veículo;Com Vítimas Feridas;Plena Noite;Crescente;Céu Claro;Dupla;Reta;Não;2;0;1;1;0;0;2;1;-21,11551592;-45,09411331;SPRF-MG;DEL04-MG;UOP02-DEL04-MG
609156;22/06/2024;sábado;04:10:00;MG;40;631,9;CONSELHEIRO LAFAIETE;Ausência de reação do condutor;Queda de ocupante de veículo;Com Vítimas Feridas;Amanhecer;Crescente;Nublado;Dupla;"Reta;Declive";Não;1;0;1;0;0;0;1;1;-20,677185;-43,794725;SPRF-MG;DEL05-MG;UOP02-DEL05-MG
609157;22/06/2024;sábado;04:56:00;TO;153;722;FIGUEIROPOLIS;Ausência de reação do condutor;Colisão traseira;Com Vítimas Feridas;Amanhecer;Crescente;Céu Claro;Simples;Reta;Não;2;0;1;0;1;0;1;2;-12,13719423;-49,16925477;SPRF-TO;DEL01-TO;UOP02-DEL01-TO
609158;22/06/2024;sábado;04:40:00;RS;290;181,5;MINAS DO LEAO;Acessar a via sem observar a presença dos outros veículos;Atropelamento de Pedestre;Com Vítimas Feridas;Plena Noite;Crescente;Céu Claro;Simples;"Reta;Declive";Sim;2;0;0;1;0;1;1;2;-30,140005;-52,023026;SPRF-RS;DEL02-RS;UOP03-DEL02-RS
609161;22/06/2024;sábado;04:15:00;SC;101;328,7;TUBARAO;Condutor deixou de manter distância do veículo da frente;Colisão traseira;Sem Vítimas;Plena Noite;Decrescente;Céu Claro;Dupla;"Reta;Ponte;Em Obras";Sim;2;0;0;0;2;0;0;2;-28,43648094;-48,95989307;SPRF-SC;DEL02-SC;UOP01-DEL02-SC
609162;22/06/2024;sábado;05:50:00;PR;277;671;MEDIANEIRA;Ingestão de álcool pelo condutor;Colisão traseira;Com Vítimas Fatais;Amanhecer;Crescente;Céu Claro;Dupla;"Reta;Aclive";Sim;5;1;0;0;2;2;0;3;-25,28827167;-54,10006803;SPRF-PR;DEL05-PR;UOP02-DEL05-PR
609163;22/06/2024;sábado;05:00:00;RS;116;296;GUAIBA;Ingestão de álcool pelo condutor;Saída de leito carroçável;Sem Vítimas;Plena Noite;Decrescente;Nublado;Dupla;Reta;Não;1;0;0;0;1;0;0;1;-30,08861201;-51,34229993;SPRF-RS;DEL02-RS;UOP01-DEL02-RS
609164;21/06/2024;sexta-feira;19:40:00;RN;110;47;MOSSORO;Condutor deixou de manter distância do veículo da frente;Colisão traseira;Com Vítimas Feridas;Plena Noite;Crescente;Céu Claro;Simples;Reta;Sim;2;0;1;0;1;0;1;2;-5,20338376;-37,32563418;SPRF-RN;DEL04-RN;UOP01-DEL04-RN
609165;22/06/2024;sábado;05:30:00;SC;101;212;PALHOCA;Ausência de reação do condutor;Colisão traseira;Com Vítimas Feridas;Amanhecer;Crescente;Céu Claro;Dupla;Reta;Sim;2;0;1;0;1;0;1;2;-27,62996929;-48,65903871;SPRF-SC;DEL01-SC;UOP02-DEL01-SC
609166;22/06/2024;sábado;05:30:00;PR;277;69;SAO JOSE DOS PINHAIS;Ingestão de álcool pelo condutor;Colisão traseira;Com Vítimas Feridas;Amanhecer;Decrescente;Céu Claro;Múltipla;Reta;Sim;5;0;1;0;4;0;1;2;-25,517377;-49,115094;SPRF-PR;DEL01-PR;UOP01-DEL01-PR
609167;22/06/2024;sábado;06:30:00;SP;153;63;SAO JOSE DO RIO PRETO;Condutor deixou de manter distância do veículo da frente;Colisão com objeto;Com Vítimas Feridas;Amanhecer;Crescente;Céu Claro;Dupla;"Aclive;Reta";Sim;3;0;2;0;1;0;2;2;-20,82101025;-49,3577528;SPRF-SP;DEL09-SP;UOP01-DEL09-SP
609168;22/06/2024;sábado;06:10:00;RS;285;376,4;SALDANHA MARINHO;Condutor Dormindo;Saída de leito carroçável;Com Vítimas Feridas;Amanhecer;Decrescente;Céu Claro;Simples;Reta;Não;1;0;1;0;0;0;1;1;-28,417088;-53,119617;SPRF-RS;DEL10-RS;UOP02-DEL10-RS
609169;22/06/2024;sábado;06:30:00;SP;116;284,8;ITAPECERICA DA SERRA;Ausência de reação do condutor;Queda de ocupante de veículo;Com Vítimas Feridas;Pleno dia;Decrescente;Céu Claro;Dupla;Reta;Não;2;0;1;1;0;0;2;1;-23,69998;-46,867767;SPRF-SP;DEL04-SP;UOP01-DEL04-SP
609170;22/06/2024;sábado;05:04:00;RJ;116;280,4;BARRA MANSA;Condutor Dormindo;Colisão com objeto;Sem Vítimas;Plena Noite;Crescente;Céu Claro;Dupla;Reta;Não;1;0;0;0;0;1;0;1;-22,53885;-44,19340999;SPRF-RJ;DEL07-RJ;UOP02-DEL07-RJ
609173;22/06/2024;sábado;06:45:00;ES;101;67;SAO MATEUS;Manobra de mudança de faixa;Tombamento;Com Vítimas Feridas;Pleno dia;Crescente;Céu Claro;Dupla;Reta;Sim;2;0;2;0;0;0;2;1;-18,72054021;-39,8658931;SPRF-ES;DEL04-ES;UOP02-DEL04-ES
609174;22/06/2024;sábado;01:17:00;SP;116;139;SAO JOSE DOS CAMPOS;Reação tardia ou ineficiente do condutor;Atropelamento de Animal;Com Vítimas Feridas;Plena Noite;Decrescente;Céu Claro;Dupla;Reta;Sim;2;0;1;0;1;0;1;2;-23,16153216;-45,80400592;SPRF-SP;DEL02-SP;UOP01-DEL02-SP
609175;22/06/2024;sábado;06:30:00;CE;116;5;FORTALEZA;Condutor deixou de manter distância do veículo da frente;Colisão traseira;Com Vítimas Feridas;Pleno dia;Crescente;Céu Claro;Dupla;"Reta;Aclive";Sim;3;0;1;0;2;0;1;2;-3,79467116;-38,50772734;SPRF-CE;DEL01-CE;UOP02-DEL01-CE
609177;22/06/2024;sábado;07:00:00;SC;101;103,9;PENHA;Acessar a via sem observar a presença dos outros veículos;Tombamento;Com Vítimas Feridas;Amanhecer;Decrescente;Céu Claro;Dupla;Reta;Não;1;0;1;0;0;0;1;1;-26,7832381;-48,68314632;SPRF-SC;DEL03-SC;UOP02-DEL03-SC
609178;22/06/2024;sábado;06:45:00;RJ;101;324;NITEROI;Ingestão de álcool pelo condutor;Colisão traseira;Com Vítimas Feridas;Pleno dia;Decrescente;Nublado;Dupla;Reta;Sim;6;0;2;0;4;0;2;2;-22,87381074;-43,12640997;SPRF-RJ;DEL02-RJ;UOP01-DEL02-RJ
609182;22/06/2024;sábado;07:00:00;SP;116;84,6;PINDAMONHANGABA;Ausência de reação do condutor;Colisão lateral mesmo sentido;Com Vítimas Feridas;Pleno dia;Decrescente;Sol;Dupla;Reta;Não;2;0;1;0;1;0;1;2;-22,91777173;-45,33596814;SPRF-SP;DEL08-SP;UOP01-DEL08-SP
609183;22/06/2024;sábado;04:13:00;MG;50;77;UBERLANDIA;Ingestão de álcool pelo condutor;Queda de ocupante de veículo;Com Vítimas Feridas;Plena Noite;Crescente;Céu Claro;Dupla;Reta;Não;1;0;1;0;0;0;1;1;-18,9409027;-48,2189586;SPRF-MG;DEL15-MG;UOP01-DEL15-MG
609184;22/06/2024;sábado;07:35:00;RS;386;391,3;TRIUNFO;Transitar na contramão;Colisão frontal;Com Vítimas Feridas;Pleno dia;Decrescente;Céu Claro;Dupla;Reta;Não;6;0;1;1;4;0;2;3;-29,7029;-51,665871;SPRF-RS;DEL04-RS;UOP02-DEL04-RS
609185;21/06/2024;sexta-feira;23:30:00;BA;330;809,4;JEQUIE;Condutor Dormindo;Colisão com objeto;Com Vítimas Feridas;Plena Noite;Crescente;Céu Claro;Simples;Reta;Não;2;0;2;0;0;0;2;1;-14,00017243;-39,92832127;SPRF-BA;DEL03-BA;UOP01-DEL03-BA
609187;22/06/2024;sábado;07:00:00;MG;262;822,5;UBERABA;Condutor Dormindo;Saída de leito carroçável;Sem Vítimas;Amanhecer;Decrescente;Céu Claro;Dupla;Reta;Não;1;0;0;0;0;1;0;1;-19,76063273;-48,14580492;SPRF-MG;DEL13-MG;UOP01-DEL13-MG
609191;22/06/2024;sábado;07:35:00;SC;101;211;PALHOCA;Ausência de reação do condutor;Saída de leito carroçável;Sem Vítimas;Pleno dia;Decrescente;Céu Claro;Dupla;Reta;Sim;1;0;0;0;1;0;0;1;-27,62329313;-48,65245588;SPRF-SC;DEL01-SC;UOP02-DEL01-SC
609192;22/06/2024;sábado;06:40:00;BA;110;170;RIBEIRA DO POMBAL;Ingestão de álcool pelo condutor;Colisão lateral mesmo sentido;Com Vítimas Feridas;Pleno dia;Decrescente;Céu Claro;Simples;"Declive;Reta";Não;2;0;0;1;1;0;1;2;-10,84261;-38,53121901;SPRF-BA;DEL07-BA;UOP02-DEL07-BA
609194;22/06/2024;sábado;06:30:00;ES;101;289,3;CARIACICA;Ingestão de álcool pelo condutor;Queda de ocupante de veículo;Com Vítimas Feridas;Pleno dia;Decrescente;Céu Claro;Dupla;"Reta;Declive";Sim;1;0;0;1;0;0;1;1;-20,28029304;-40,39302931;SPRF-ES;DEL01-ES;UOP01-DEL01-ES
609195;22/06/2024;sábado;08:30:00;SP;116;135;SAO JOSE DOS CAMPOS;Ausência de reação do condutor;Engavetamento;Com Vítimas Feridas;Pleno dia;Decrescente;Céu Claro;Dupla;Reta;Não;4;0;0;1;3;0;1;3;-23,14874471;-45,77863714;SPRF-SP;DEL02-SP;UOP01-DEL02-SP
609196;22/06/2024;sábado;07:05:00;PI;316;11;TERESINA;Condutor deixou de manter distância do veículo da frente;Colisão traseira;Com Vítimas Feridas;Pleno dia;Crescente;Céu Claro;Múltipla;Interseção de Vias;Sim;2;0;1;0;1;0;1;2;-5,191739;-42,76076102;SPRF-PI;DEL01-PI;UOP02-DEL01-PI
609197;22/06/2024;sábado;07:30:00;PR;373;265,7;PRUDENTOPOLIS;Ausência de reação do condutor;Colisão traseira;Com Vítimas Feridas;Amanhecer;Crescente;Céu Claro;Simples;Reta;Sim;7;0;2;0;5;0;2;2;-25,20221;-50,9813198;SPRF-PR;DEL08-PR;UOP01-DEL08-PR
609198;22/06/2024;sábado;07:23:00;PB;230;375,1;CONDADO;Ingestão de álcool pelo condutor;Colisão traseira;Com Vítimas Feridas;Pleno dia;Crescente;Céu Claro;Simples;Reta;Sim;6;0;0;3;1;2;3;3;-6,9088;-37,5918;SPRF-PB;DEL03-PB;UOP02-DEL03-PB
609203;22/06/2024;sábado;08:30:00;BA;116;459;SANTO ESTEVAO;Ingestão de álcool pelo condutor;Colisão traseira;Sem Vítimas;Pleno dia;Crescente;Céu Claro;Dupla;Reta;Não;5;0;0;0;4;1;0;2;-12,42081589;-39,19884407;SPRF-BA;DEL02-BA;UOP01-DEL02-BA
609204;14/06/2024;sexta-feira;17:22:00;PE;104;31;TORITAMA;Retorno proibido;Colisão transversal;Com Vítimas Feridas;Plena Noite;Decrescente;Chuva;Simples;Reta;Sim;2;0;1;0;0;1;1;2;-8,0208;-36,0528;SPRF-PE;DEL02-PE;UOP01-DEL02-PE
609206;22/06/2024;sábado;00:20:00;PI;230;301;FLORIANO;Pedestre andava na pista;Atropelamento de Pedestre;Com Vítimas Fatais;Plena Noite;Crescente;Céu Claro;Simples;Reta;Não;2;1;0;0;1;0;0;2;-6,8123728;-42,94586038;SPRF-PI;DEL03-PI;UOP01-DEL03-PI
609207;22/06/2024;sábado;08:40:00;GO;153;503;GOIANIA;Velocidade Incompatível;Capotamento;Com Vítimas Feridas;Pleno dia;Crescente;Céu Claro;Dupla;Reta;Sim;1;0;1;0;0;0;1;1;-16,7366;-49,243;SPRF-GO;DEL01-GO;UOP01-DEL01-GO
609208;22/06/2024;sábado;08:45:00;PB;230;84;CALDAS BRANDAO;Condutor Dormindo;Saída de leito carroçável;Com Vítimas Feridas;Pleno dia;Decrescente;Nublado;Dupla;Curva;Não;2;0;1;0;1;0;1;1;-7,1635;-35,3439;SPRF-PB;DEL01-PB;UOP03-DEL01-PB
609210;22/06/2024;sábado;09:15:00;PR;163;226;CASCAVEL;Manobra de mudança de faixa;Colisão traseira;Com Vítimas Feridas;Pleno dia;Crescente;Céu Claro;Dupla;"Retorno Regulamentado;Reta";Sim;2;0;1;1;0;0;2;2;-24,82969217;-53,64193797;SPRF-PR;DEL04-PR;UOP01-DEL04-PR
609211;22/06/2024;sábado;07:15:00;PE;232;57;POMBOS;Condutor deixou de manter distância do veículo da frente;Colisão traseira;Sem Vítimas;Pleno dia;Crescente;Céu Claro;Dupla;Reta;Sim;2;0;0;0;1;1;0;2;-8,15598579;-35,42308007;SPRF-PE;DEL02-PE;UOP02-DEL02PE
609213;17/05/2024;sexta-feira;13:20:00;RJ;101;65;CAMPOS DOS GOYTACAZES;Acessar a via sem observar a presença dos outros veículos;Colisão transversal;Com Vítimas Feridas;Pleno dia;Crescente;Céu Claro;Dupla;Reta;Sim;2;0;2;0;0;0;2;1;-21,75371806;-41,344292;SPRF-RJ;DEL08-RJ;UOP02-DEL08-RJ
609215;29/05/2024;quarta-feira;15:44:00;PR;376;329,9;ORTIGUEIRA;Reação tardia ou ineficiente do condutor;Saída de leito carroçável;Com Vítimas Feridas;Pleno dia;Crescente;Sol;Dupla;Reta;Não;4;0;1;1;1;1;2;2;-24,08787235;-51,05297327;SPRF-PR;DEL07-PR;UOP02-DEL07-PR
609217;18/06/2024;terça-feira;23:40:00;MG;40;507;RIBEIRAO DAS NEVES;Problema na suspensão;Tombamento;Com Vítimas Feridas;Plena Noite;Crescente;Céu Claro;Dupla;Reta;Não;1;0;0;1;0;0;1;1;-19,75893;-44,13714;SPRF-MG;DEL02-MG;UOP01-DEL02-MG
609218;22/06/2024;sábado;06:05:00;PI;343;313;ALTOS;Afundamento ou ondulação no pavimento;Colisão traseira;Com Vítimas Feridas;Amanhecer;Crescente;Céu Claro;Simples;"Em Obras;Reta;Declive";Não;2;0;0;1;1;0;1;2;-5,046057;-42,509869;SPRF-PI;DEL01-PI;UOP01-DEL01-PI
609221;04/06/2024;terça-feira;13:10:00;PE;232;4;RECIFE;Manobra de mudança de faixa;Colisão lateral mesmo sentido;Com Vítimas Feridas;Pleno dia;Decrescente;Céu Claro;Múltipla;Viaduto;Sim;2;0;1;0;1;0;1;2;-8,064473;-34,936928;SPRF-PE;DEL01-PE;UOP01-DEL01-PE
609222;22/06/2024;sábado;09:50:00;SC;101;134;BALNEARIO CAMBORIU;Desrespeitar a preferência no cruzamento;Colisão transversal;Com Vítimas Feridas;Pleno dia;Crescente;Sol;Múltipla;Interseção de Vias;Sim;2;0;1;0;1;0;1;2;-27,00218;-48,636433;SPRF-SC;DEL04-SC;UOP03-DEL04-SC
609223;22/06/2024;sábado;10:30:00;ES;101;242,2;SERRA;Reação tardia ou ineficiente do condutor;Colisão traseira;Com Vítimas Feridas;Pleno dia;Decrescente;Sol;Simples;Reta;Não;3;0;2;0;1;0;2;2;-20,02745267;-40,39850414;SPRF-ES;DEL02-ES;UOP01-DEL02-ES
609225;22/06/2024;sábado;07:50:00;MG;116;274,7;TEOFILO OTONI;Acessar a via sem observar a presença dos outros veículos;Colisão transversal;Com Vítimas Feridas;Pleno dia;Crescente;Céu Claro;Simples;Interseção de Vias;Sim;2;0;1;0;1;0;1;2;-17,83384514;-41,51094368;SPRF-MG;DEL11-MG;UOP01-DEL11-MG
609226;27/04/2024;sábado;19:00:00;MG;116;89,7;MEDINA;Velocidade Incompatível;Colisão com objeto;Com Vítimas Fatais;Plena Noite;Crescente;Nublado;Simples;"Curva;Declive";Não;59;4;35;1;18;1;36;1;-16,342478;-41,476151;SPRF-MG;DEL11-MG;UOP02-DEL11-MG
609227;22/06/2024;sábado;11:00:00;ES;101;140,1;LINHARES;Desrespeitar a preferência no cruzamento;Colisão transversal;Com Vítimas Feridas;Pleno dia;Crescente;Céu Claro;Múltipla;Reta;Sim;4;0;0;1;2;1;1;3;-19,31817306;-40,07552313;SPRF-ES;DEL04-ES;UOP01-DEL04-ES
609228;22/06/2024;sábado;11:00:00;RS;290;14,9;SANTO ANTONIO DA PATRULHA;Ausência de reação do condutor;Tombamento;Com Vítimas Feridas;Pleno dia;Decrescente;Sol;Dupla;Curva;Não;1;0;1;0;0;0;1;1;-29,867395;-50,401199;SPRF-RS;DEL03-RS;UOP01-DEL03-RS
609229;22/06/2024;sábado;08:50:00;MG;40;38,8;PARACATU;Ausência de reação do condutor;Saída de leito carroçável;Sem Vítimas;Pleno dia;Crescente;Céu Claro;Simples;Reta;Sim;1;0;0;0;1;0;0;1;-17,21050388;-46,89942099;SPRF-MG;DEL14-MG;UOP01-DEL14-MG
609230;22/06/2024;sábado;10:20:00;BA;101;541;SAO JOSE DA VITORIA;Ausência de reação do condutor;Colisão traseira;Com Vítimas Feridas;Pleno dia;Decrescente;Céu Claro;Simples;Reta;Sim;2;0;1;0;1;0;1;2;-15,0776;-39,3377;SPRF-BA;DEL05-BA;UOP01-DEL05-BA