id;data_inversa;dia_semana;horario;uf;br;km;municipio;causa_acidente;tipo_acidente;classificacao_acidente;fase_dia;sentido_via;condicao_metereologica;tipo_pista;tracado_via;uso_solo;pessoas;mortos;feridos_leves;feridos_graves;ilesos;ignorados;feridos;veiculos;latitude;longitude;regional;delegacia;uop
609231;22/06/2024;sábado;10:30:00;RJ;101;61;CAMPOS DOS GOYTACAZES;Reação tardia ou ineficiente do condutor;Colisão transversal;Com Vítimas Feridas;Pleno dia;Crescente;Céu Claro;Simples;Retorno Regulamentado;Sim;2;0;1;0;1;0;1;2;-21,72655788;-41,32133519;SPRF-RJ;DEL08-RJ;UOP01-DEL08-RJ
609233;22/06/2024;sábado;09:50:00;PB;230;41;SANTA RITA;Condutor Dormindo;Saída de leito carroçável;Sem Vítimas;Pleno dia;Decrescente;Sol;Dupla;"Reta;Declive";Sim;1;0;0;0;1;0;0;1;-7,1432;-34,9869;SPRF-PB;DEL01-PB;UOP03-DEL01-PB
609234;22/06/2024;sábado;11:00:00;PR;376;8,3;MARINGA;Reação tardia ou ineficiente do condutor;Colisão com objeto;Com Vítimas Feridas;Pleno dia;Decrescente;Céu Claro;Dupla;Curva;Sim;1;0;0;1;0;0;1;1;-23,4273;-51,9375;SPRF-PR;DEL09-PR;UOP01-DEL09-PR
609235;22/06/2024;sábado;10:40:00;ES;262;1;CARIACICA;Ausência de reação do condutor;Colisão traseira;Com Vítimas Feridas;Pleno dia;Crescente;Céu Claro;Dupla;"Reta;Ponte";Sim;2;0;0;2;0;0;2;2;-20,32955204;-40,35492602;SPRF-ES;DEL01-ES;UOP01-DEL01-ES
609236;22/06/2024;sábado;11:30:00;SC;101;203,5;SAO JOSE;Manobra de mudança de faixa;Colisão lateral mesmo sentido;Com Vítimas Feridas;Pleno dia;Crescente;Céu Claro;Múltipla;Reta;Sim;3;0;2;0;1;0;2;3;-27,5650044;-48,61460082;SPRF-SC;DEL01-SC;UOP01-DEL01-SC
609237;22/06/2024;sábado;11:00:00;PR;277;206,7;PALMEIRA;Ausência de reação do condutor;Saída de leito carroçável;Com Vítimas Feridas;Pleno dia;Crescente;Céu Claro;Simples;Reta;Não;1;0;1;0;0;0;1;1;-25,46468901;-50,25988;SPRF-PR;DEL08-PR;UOP02-DEL08-PR
609238;22/06/2024;sábado;11:20:00;SC;101;204;SAO JOSE;Manobra de mudança de faixa;Colisão lateral mesmo sentido;Com Vítimas Feridas;Pleno dia;Crescente;Céu Claro;Múltipla;Reta;Sim;2;0;0;1;1;0;1;2;-27,57413014;-48,61363083;SPRF-SC;DEL01-SC;UOP01-DEL01-SC
609239;22/06/2024;sábado;11:40:00;TO;10;456,5;PALMAS;Condutor deixou de manter distância do veículo da frente;Colisão lateral mesmo sentido;Com Vítimas Feridas;Pleno dia;Crescente;Céu Claro;Múltipla;Reta;Sim;8;0;1;0;7;0;1;3;-10,29453607;-48,29738975;SPRF-TO;DEL01-TO;UOP03-DEL01-TO
609240;22/06/2024;sábado;12:20:00;MG;381;454;BELO HORIZONTE;Transitar no Acostamento;Colisão lateral mesmo sentido;Com Vítimas Feridas;Pleno dia;Decrescente;Céu Claro;Simples;"Reta;Em Obras";Sim;2;0;1;0;1;0;1;2;-19,85593827;-43,89662047;SPRF-MG;DEL01-MG;UOP01-DEL01-MG
609241;22/06/2024;sábado;11:30:00;SP;153;111,2;JOSE BONIFACIO;Demais falhas mecânicas ou elétricas;Incêndio;Sem Vítimas;Pleno dia;Decrescente;Nublado;Simples;Retorno Regulamentado;Não;1;0;0;0;1;0;0;1;-21,0966259;-49,67870622;SPRF-SP;DEL09-SP;UOP01-DEL09-SP
609243;22/06/2024;sábado;13:10:00;MG;116;745;LEOPOLDINA;Transitar na contramão;Colisão transversal;Com Vítimas Fatais;Pleno dia;Crescente;Céu Claro;Simples;Reta;Não;3;3;0;0;0;0;0;2;-21,429308;-42,51473;SPRF-MG;DEL07-MG;UOP01-DEL07-MG
609245;22/06/2024;sábado;12:35:00;RS;158;563;SANTANA DO LIVRAMENTO;Desrespeitar a preferência no cruzamento;Colisão transversal;Com Vítimas Feridas;Pleno dia;Crescente;Céu Claro;Simples;"Interseção de Vias;Em Obras";Sim;5;0;1;0;4;0;1;2;-30,8547642;-55,4965204;SPRF-RS;DEL11-RS;UOP01-DEL11-RS
609246;22/06/2024;sábado;12:40:00;SP;116;146;SAO JOSE DOS CAMPOS;Ingestão de álcool pelo condutor;Saída de leito carroçável;Sem Vítimas;Pleno dia;Decrescente;Céu Claro;Dupla;Reta;Sim;1;0;0;0;0;1;0;1;-23,19122919;-45,86327591;SPRF-SP;DEL02-SP;UOP01-DEL02-SP
609248;22/06/2024;sábado;13:28:00;RN;304;132,9;ITAJA;Ultrapassagem Indevida;Saída de leito carroçável;Com Vítimas Feridas;Pleno dia;Crescente;Céu Claro;Simples;Aclive;Não;4;0;1;0;3;0;1;1;-5,65975029;-36,75325602;SPRF-RN;DEL04-RN;UOP01-DEL04-RN
609252;17/05/2024;sexta-feira;07:50:00;PR;277;467,1;LARANJEIRAS DO SUL;Ausência de reação do condutor;Colisão frontal;Com Vítimas Feridas;Pleno dia;Decrescente;Céu Claro;Simples;Reta;Não;6;0;2;0;4;0;2;3;-25,34850811;-52,48961514;SPRF-PR;DEL04-PR;UOP02-DEL04-PR
609253;22/06/2024;sábado;11:03:00;BA;101;285,9;LAJE;Transitar no Acostamento;Atropelamento de Pedestre;Com Vítimas Feridas;Pleno dia;Crescente;Céu Claro;Simples;Curva;Não;4;0;0;1;3;0;1;4;-13,268436;-39,325351;SPRF-BA;DEL01-BA;UOP02-DEL01-BA
609254;22/06/2024;sábado;13:20:00;RN;406;143;CEARA-MIRIM;Acessar a via sem observar a presença dos outros veículos;Colisão transversal;Com Vítimas Feridas;Pleno dia;Decrescente;Chuva;Simples;Reta;Não;2;0;0;1;0;1;1;2;-5,64816875;-35,49487003;SPRF-RN;DEL02-RN;UOP01-DEL02-RN
609255;22/06/2024;sábado;11:20:00;MT;163;522,6;DIAMANTINO;Transitar na contramão;Saída de leito carroçável;Com Vítimas Feridas;Pleno dia;Crescente;Sol;Simples;"Reta;Em Obras";Não;4;0;2;0;2;0;2;1;-14,43692448;-56,11962318;SPRF-MT;DEL01-MT;UOP01-DEL01-MT
609257;22/06/2024;sábado;11:30:00;ES;101;379;ICONHA;Reação tardia ou ineficiente do condutor;Tombamento;Com Vítimas Feridas;Pleno dia;Crescente;Céu Claro;Simples;Curva;Não;1;0;0;1;0;0;1;1;-20,80192814;-40,82798487;SPRF-ES;DEL03-ES;UOP01-DEL03-ES
609258;22/06/2024;sábado;14:00:00;ES;101;147,3;LINHARES;Condutor desrespeitou a iluminação vermelha do semáforo;Colisão transversal;Com Vítimas Feridas;Pleno dia;Decrescente;Nublado;Dupla;Interseção de Vias;Sim;3;0;0;1;2;0;1;2;-19,37887202;-40,06657892;SPRF-ES;DEL04-ES;UOP01-DEL04-ES
609260;22/06/2024;sábado;14:05:00;CE;116;66;CHOROZINHO;Acumulo de areia ou detritos sobre o pavimento;Queda de ocupante de veículo;Com Vítimas Feridas;Pleno dia;Decrescente;Céu Claro;Simples;Reta;Não;1;0;1;0;0;0;1;1;-4,297529;-38,501347;SPRF-CE;DEL03-CE;UOP02-DEL03-CE
609261;22/06/2024;sábado;14:10:00;PR;277;242;IRATI;Velocidade Incompatível;Capotamento;Com Vítimas Feridas;Pleno dia;Crescente;Céu Claro;Simples;Reta;Não;1;0;1;0;0;0;1;1;-25,46419687;-50,56581801;SPRF-PR;DEL08-PR;UOP02-DEL08-PR
609262;22/06/2024;sábado;14:50:00;MG;354;732,5;POUSO ALTO;Velocidade Incompatível;Tombamento;Com Vítimas Feridas;Pleno dia;Decrescente;Sol;Simples;Reta;Não;1;0;1;0;0;0;1;1;-22,17502858;-44,97005105;SPRF-MG;DEL17-MG;UOP01-DEL17-MG
609263;22/06/2024;sábado;13:50:00;SC;101;163,3;TIJUCAS;Acessar a via sem observar a presença dos outros veículos;Colisão transversal;Com Vítimas Feridas;Pleno dia;Crescente;Céu Claro;Dupla;Reta;Sim;2;0;1;0;1;0;1;2;-27,23461699;-48,63039809;SPRF-SC;DEL04-SC;UOP03-DEL04-SC
609264;22/06/2024;sábado;15:00:00;PR;376;2,9;APUCARANA;Ausência de reação do condutor;Colisão traseira;Com Vítimas Feridas;Pleno dia;Crescente;Céu Claro;Simples;Curva;Não;2;0;1;0;1;0;1;2;-23,56110383;-51,43466234;SPRF-PR;DEL07-PR;UOP03-DEL07-PR
609265;22/06/2024;sábado;14:00:00;PR;277;682;SAO MIGUEL DO IGUACU;Demais falhas mecânicas ou elétricas;Colisão lateral mesmo sentido;Sem Vítimas;Pleno dia;Decrescente;Céu Claro;Dupla;Reta;Não;9;0;0;0;8;1;0;3;-25,32986789;-54,18272203;SPRF-PR;DEL05-PR;UOP01-DEL05-PR
609268;22/06/2024;sábado;14:50:00;BA;324;579;CANDEIAS;Ausência de reação do condutor;Engavetamento;Sem Vítimas;Pleno dia;Decrescente;Sol;Dupla;Reta;Não;4;0;0;0;4;0;0;4;-12,5942506;-38,51640271;SPRF-BA;DEL01-BA;UOP01-DEL01-BA
609271;22/06/2024;sábado;15:30:00;SP;116;161;JACAREI;Reação tardia ou ineficiente do condutor;Colisão com objeto;Com Vítimas Feridas;Pleno dia;Decrescente;Céu Claro;Simples;Curva;Sim;2;0;2;0;0;0;2;1;-23,27617003;-45,97592098;SPRF-SP;DEL02-SP;UOP01-DEL02-SP
609274;22/06/2024;sábado;14:20:00;MG;381;158,9;GOVERNADOR VALADARES;Acesso irregular;Colisão transversal;Com Vítimas Feridas;Pleno dia;Decrescente;Céu Claro;Simples;Curva;Sim;2;0;1;0;1;0;1;2;-18,88673701;-42,00245141;SPRF-MG;DEL06-MG;UOP01-DEL06-MG
609275;22/06/2024;sábado;16:00:00;MG;381;922,8;CAMANDUCAIA;Acessar a via sem observar a presença dos outros veículos;Capotamento;Com Vítimas Feridas;Pleno dia;Crescente;Céu Claro;Dupla;Retorno Regulamentado;Não;2;0;2;0;0;0;2;1;-22,77142037;-46,18273974;SPRF-MG;DEL16-MG;UOP03-DEL16-MG
609276;22/06/2024;sábado;15:45:00;RS;116;145,9;CAXIAS DO SUL;Ingestão de álcool pelo condutor;Colisão traseira;Sem Vítimas;Pleno dia;Crescente;Céu Claro;Dupla;Reta;Sim;4;0;0;0;4;0;0;4;-29,1350217;-51,1302779;SPRF-RS;DEL05-RS;UOP01-DEL05-RS
609278;22/06/2024;sábado;15:30:00;MG;40;439;PARAOPEBA;Ingestão de álcool pelo condutor;Colisão traseira;Sem Vítimas;Pleno dia;Crescente;Sol;Dupla;Reta;Sim;2;0;0;0;2;0;0;2;-19,24885;-44,42479;SPRF-MG;DEL02-MG;UOP01-DEL02-MG
609279;18/06/2024;terça-feira;19:40:00;RJ;40;105;DUQUE DE CAXIAS;Pedestre cruzava a pista fora da faixa;Atropelamento de Pedestre;Com Vítimas Feridas;Plena Noite;Decrescente;Céu Claro;Múltipla;Reta;Sim;2;0;1;0;1;0;1;2;-22,63784806;-43,28428824;SPRF-RJ;DEL01-RJ;UOP02-DEL01-RJ
609282;22/06/2024;sábado;15:45:00;RS;290;92;PORTO ALEGRE;Manobra de mudança de faixa;Colisão transversal;Sem Vítimas;Pleno dia;Decrescente;Céu Claro;Dupla;Retorno Regulamentado;Sim;7;0;0;0;7;0;0;2;-29,971916;-51,176838;SPRF-RS;DEL01-RS;UOP01-DEL01-RS
609283;22/06/2024;sábado;16:30:00;DF;40;3;BRASILIA;Manobra de mudança de faixa;Colisão lateral mesmo sentido;Com Vítimas Feridas;Pleno dia;Crescente;Céu Claro;Dupla;"Viaduto;Reta";Sim;2;0;1;0;1;0;1;2;-16,003145;-47,983944;SPRF-DF;DEL01-DF;UOP01-DEL01-DF
609285;22/06/2024;sábado;16:00:00;RJ;116;21;SAPUCAIA;Reação tardia ou ineficiente do condutor;Queda de ocupante de veículo;Com Vítimas Feridas;Pleno dia;Crescente;Céu Claro;Simples;Curva;Não;1;0;1;0;0;0;1;1;-22,00913693;-42,76363219;SPRF-RJ;DEL05-RJ;UOP01-DEL05-RJ
609286;22/06/2024;sábado;14:23:00;SC;280;77,2;CORUPA;Reação tardia ou ineficiente do condutor;Saída de leito carroçável;Com Vítimas Feridas;Pleno dia;Crescente;Céu Claro;Dupla;Aclive;Sim;2;0;1;0;1;0;1;1;-26,45514314;-49,18726132;SPRF-SC;DEL03-SC;UOP03-DEL03-SC
609287;22/06/2024;sábado;16:30:00;SP;101;49;UBATUBA;Condutor deixou de manter distância do veículo da frente;Colisão traseira;Com Vítimas Feridas;Pleno dia;Crescente;Céu Claro;Simples;Reta;Sim;2;0;1;0;1;0;1;2;-23,44410908;-45,08375708;SPRF-SP;DEL06-SP;UOP01-DEL06-SP
609288;22/06/2024;sábado;15:10:00;BA;324;584;CANDEIAS;Velocidade Incompatível;Colisão lateral mesmo sentido;Com Vítimas Feridas;Pleno dia;Decrescente;Céu Claro;Dupla;Reta;Não;5;0;1;0;4;0;1;4;-12,62182288;-38,48260875;SPRF-BA;DEL01-BA;UOP01-DEL01-BA
609289;22/06/2024;sábado;17:20:00;MG;262;360;BETIM;Ausência de reação do condutor;Colisão traseira;Com Vítimas Feridas;Pleno dia;Crescente;Céu Claro;Dupla;"Reta;Aclive";Não;3;0;3;0;0;0;3;2;-19,9830204;-44,20924834;SPRF-MG;DEL01-MG;UOP03-DEL01-MG
609292;22/06/2024;sábado;09:30:00;BA;101;185;CONCEICAO DA FEIRA;Conversão proibida;Colisão lateral mesmo sentido;Com Vítimas Feridas;Pleno dia;Crescente;Céu Claro;Simples;Aclive;Não;3;0;1;0;2;0;1;2;-12,55297187;-38,97831256;SPRF-BA;DEL01-BA;UOP03-DEL01-BA
609293;22/06/2024;sábado;17:00:00;GO;40;24;LUZIANIA;Acessar a via sem observar a presença dos outros veículos;Colisão transversal;Com Vítimas Feridas;Anoitecer;Crescente;Céu Claro;Dupla;"Interseção de Vias;Reta;Retorno Regulamentado";Sim;2;0;1;0;1;0;1;2;-16,252738;-47,900437;SPRF-DF;DEL01-DF;UOP01-DEL01-DF
609295;22/06/2024;sábado;15:00:00;RS;470;156;NOVA PRATA;Acesso irregular;Colisão transversal;Com Vítimas Feridas;Pleno dia;Crescente;Nublado;Simples;Reta;Sim;3;0;3;0;0;0;3;2;-28,78874508;-51,61532195;SPRF-RS;DEL06-RS;UOP02-DEL06-RS
609297;22/06/2024;sábado;16:55:00;PB;230;292,5;SANTA LUZIA;Reação tardia ou ineficiente do condutor;Queda de ocupante de veículo;Com Vítimas Feridas;Pleno dia;Crescente;Sol;Simples;"Declive;Reta";Não;1;0;0;1;0;0;1;1;-6,8684;-36,9222;SPRF-PB;DEL03-PB;UOP01-DEL03-PB
609299;22/06/2024;sábado;16:52:00;RN;427;59,8;JARDIM DO SERIDO;Velocidade Incompatível;Saída de leito carroçável;Com Vítimas Feridas;Pleno dia;Crescente;Céu Claro;Simples;Curva;Não;1;0;1;0;0;0;1;1;-6,58683005;-36,81027985;SPRF-RN;DEL03-RN;UOP01-DEL03-RN
609302;22/06/2024;sábado;15:55:00;MT;163;829;SINOP;Retorno proibido;Colisão transversal;Sem Vítimas;Anoitecer;Decrescente;Céu Claro;Simples;"Reta;Retorno Regulamentado";Sim;2;0;0;0;2;0;0;2;-11,91230615;-55,50859451;SPRF-MT;DEL06-MT;UOP02-DEL06-MT
609304;22/06/2024;sábado;12:30:00;RJ;101;295;ITABORAI;Trafegar com motocicleta (ou similar) entre as faixas;Colisão lateral mesmo sentido;Com Vítimas Feridas;Pleno dia;Decrescente;Céu Claro;Dupla;Reta;Sim;2;0;1;0;1;0;1;2;-22,76365068;-42,90223623;SPRF-RJ;DEL02-RJ;UOP02-DEL02-RJ
609305;22/06/2024;sábado;18:20:00;PE;101;50,5;ABREU E LIMA;Ingestão de álcool pelo condutor;Tombamento;Com Vítimas Feridas;Plena Noite;Decrescente;Céu Claro;Múltipla;Reta;Sim;1;0;1;0;0;0;1;1;-7,91437906;-34,89877403;SPRF-PE;DEL01-PE;UOP02-DEL01-PE
609306;19/06/2024;quarta-feira;09:45:00;RJ;40;118;DUQUE DE CAXIAS;Condutor deixou de manter distância do veículo da frente;Colisão traseira;Com Vítimas Feridas;Pleno dia;Crescente;Céu Claro;Múltipla;Reta;Sim;2;0;1;0;1;0;1;2;-22,75470802;-43,28737838;SPRF-RJ;DEL01-RJ;UOP02-DEL01-RJ
609308;22/06/2024;sábado;16:00:00;MT;163;989;TERRA NOVA DO NORTE;Reação tardia ou ineficiente do condutor;Colisão com objeto;Sem Vítimas;Pleno dia;Crescente;Céu Claro;Simples;"Aclive;Reta";Não;2;0;0;0;2;0;0;1;-10,69572069;-55,12138068;SPRF-MT;DEL06-MT;UOP03-DEL06-MT
609309;22/06/2024;sábado;18:20:00;RJ;101;269;RIO BONITO;Acessar a via sem observar a presença dos outros veículos;Colisão transversal;Com Vítimas Feridas;Plena Noite;Crescente;Ignorado;Dupla;Reta;Não;2;0;0;1;1;0;1;2;-22,71495082;-42,67804708;SPRF-RJ;DEL02-RJ;UOP03-DEL02-RJ
609311;22/06/2024;sábado;09:00:00;RJ;101;322;NITEROI;Condutor deixou de manter distância do veículo da frente;Colisão traseira;Com Vítimas Feridas;Pleno dia;Decrescente;Céu Claro;Dupla;Reta;Não;2;0;1;0;1;0;1;2;-22,878923;-43,110676;SPRF-RJ;DEL02-RJ;UOP01-DEL02-RJ
609312;22/06/2024;sábado;17:38:00;MS;163;490;CAMPO GRANDE;Ausência de reação do condutor;Colisão traseira;Com Vítimas Feridas;Plena Noite;Crescente;Céu Claro;Dupla;Rotatória;Sim;5;0;1;0;4;0;1;3;-20,40017983;-54,55539878;SPRF-MS;DEL01-MS;UOP02-DEL01-MS
609313;22/06/2024;sábado;19:00:00;RS;386;33;FREDERICO WESTPHALEN;Reação tardia ou ineficiente do condutor;Atropelamento de Pedestre;Com Vítimas Feridas;Anoitecer;Crescente;Céu Claro;Simples;Interseção de Vias;Sim;2;0;1;0;0;1;1;2;-27,349504;-53,386337;SPRF-RS;DEL08-RS;UOP02-DEL08-RS
609315;22/06/2024;sábado;19:05:00;DF;70;17;BRASILIA;Manobra de mudança de faixa;Colisão lateral mesmo sentido;Sem Vítimas;Plena Noite;Crescente;Céu Claro;Dupla;"Reta;Declive";Sim;2;0;0;0;2;0;0;2;-15,794133;-48,202095;SPRF-DF;DEL03-DF;UOP02-DEL03-DF
609316;22/06/2024;sábado;17:00:00;ES;262;33,4;DOMINGOS MARTINS;Manobra de mudança de faixa;Saída de leito carroçável;Com Vítimas Feridas;Anoitecer;Crescente;Nublado;Simples;"Aclive;Curva";Não;2;0;1;1;0;0;2;1;-20,37535106;-40,58433127;SPRF-ES;DEL01-ES;UOP01-DEL01-ES
609318;22/06/2024;sábado;12:03:00;SC;470;3,8;NAVEGANTES;Ausência de reação do condutor;Colisão transversal;Com Vítimas Feridas;Pleno dia;Decrescente;Sol;Dupla;"Retorno Regulamentado;Interseção de Vias";Não;2;0;1;0;1;0;1;2;-26,861937;-48,681618;SPRF-SC;DEL04-SC;UOP04-DEL04-SC
609319;22/06/2024;sábado;18:05:00;BA;407;126,2;SENHOR DO BONFIM;Transitar na contramão;Colisão frontal;Com Vítimas Feridas;Anoitecer;Crescente;Nublado;Simples;Reta;Não;2;0;1;0;0;1;1;2;-10,4558193;-40,18119143;SPRF-BA;DEL04-BA;UOP01-DEL04-BA
609320;22/06/2024;sábado;19:05:00;SC;101;205,5;SAO JOSE;Reação tardia ou ineficiente do condutor;Engavetamento;Sem Vítimas;Plena Noite;Decrescente;Céu Claro;Múltipla;Reta;Sim;3;0;0;0;3;0;0;3;-27,58313237;-48,61532885;SPRF-SC;DEL01-SC;UOP01-DEL01-SC
609322;22/06/2024;sábado;18:40:00;PB;230;162;CAMPINA GRANDE;Condutor deixou de manter distância do veículo da frente;Colisão traseira;Com Vítimas Feridas;Plena Noite;Decrescente;Céu Claro;Simples;"Em Obras;Reta;Declive";Não;3;0;2;0;0;1;2;2;-7,2277;-35,9439;SPRF-PB;DEL02-PB;UOP01-DEL02-PB
609323;22/06/2024;sábado;19:00:00;BA;324;620;SALVADOR;Demais falhas mecânicas ou elétricas;Incêndio;Sem Vítimas;Plena Noite;Decrescente;Céu Claro;Dupla;Reta;Sim;1;0;0;0;1;0;0;1;-12,90482172;-38,45556535;SPRF-BA;DEL01-BA;UOP01-DEL01-BA
609324;22/06/2024;sábado;19:20:00;MG;267;176,4;OLARIA;Pedestre andava na pista;Atropelamento de Pedestre;Com Vítimas Feridas;Plena Noite;Crescente;Céu Claro;Simples;Reta;Não;2;0;0;1;1;0;1;2;-21,87050482;-43,92075003;SPRF-MG;DEL05-MG;UOP01-DEL05-MG
609327;22/06/2024;sábado;19:17:00;PR;277;585,8;CASCAVEL;Pedestre - Ingestão de álcool/ substâncias psicoativas;Atropelamento de Pedestre;Com Vítimas Feridas;Pleno dia;Decrescente;Céu Claro;Simples;"Reta;Declive";Sim;3;0;0;1;2;0;1;2;-24,96400704;-53,41227401;SPRF-PR;DEL04-PR;UOP01-DEL04-PR
609328;22/06/2024;sábado;19:26:00;PE;104;60,5;CARUARU;Manobra de mudança de faixa;Colisão transversal;Com Vítimas Feridas;Plena Noite;Decrescente;Céu Claro;Dupla;"Rotatória;Reta;Retorno Regulamentado";Sim;2;0;1;0;1;0;1;2;-8,2438;-35,9752;SPRF-PE;DEL02-PE;UOP01-DEL02-PE
609329;22/06/2024;sábado;19:45:00;RS;468;130;TIRADENTES DO SUL;Reação tardia ou ineficiente do condutor;Saída de leito carroçável;Com Vítimas Feridas;Plena Noite;Crescente;Céu Claro;Simples;Reta;Não;1;0;1;0;0;0;1;1;-27,38206321;-54,09742542;SPRF-RS;DEL08-RS;UOP02-DEL08-RS
609330;22/06/2024;sábado;17:20:00;RJ;116;186;NOVA IGUACU;Ausência de reação do condutor;Colisão traseira;Sem Vítimas;Pleno dia;Crescente;Céu Claro;Dupla;Reta;Não;1;0;0;0;1;0;0;1;-22,73962339;-43,46276495;SPRF-RJ;DEL06-RJ;UOP01-DEL06-RJ
609331;22/06/2024;sábado;18:40:00;MG;381;892,5;CAMBUI;Ausência de reação do condutor;Colisão com objeto;Sem Vítimas;Plena Noite;Decrescente;Nublado;Dupla;Reta;Não;1;0;0;0;1;0;0;1;-22,60214538;-46,05862156;SPRF-MG;DEL16-MG;UOP03-DEL16-MG
609332;22/06/2024;sábado;19:50:00;BA;324;592;CANDEIAS;Pista Escorregadia;Queda de ocupante de veículo;Com Vítimas Feridas;Plena Noite;Decrescente;Céu Claro;Dupla;Reta;Não;2;0;2;0;0;0;2;1;-12,69021804;-38,46568118;SPRF-BA;DEL01-BA;UOP01-DEL01-BA
609333;22/06/2024;sábado;20:00:00;CE;222;3;FORTALEZA;Ingestão de álcool pelo condutor;Colisão com objeto;Sem Vítimas;Plena Noite;Crescente;Garoa/Chuvisco;Dupla;"Ponte;Viaduto;Reta";Sim;1;0;0;0;0;1;0;1;-3,7403769;-38,59569202;SPRF-CE;DEL01-CE;UOP01-DEL01-CE
609335;22/06/2024;sábado;20:50:00;ES;101;266,5;SERRA;Condutor deixou de manter distância do veículo da frente;Colisão traseira;Com Vítimas Feridas;Plena Noite;Decrescente;Céu Claro;Dupla;"Reta;Interseção de Vias";Sim;3;0;2;0;1;0;2;2;-20,190199;-40,26828891;SPRF-ES;DEL02-ES;UOP01-DEL02-ES
609336;22/06/2024;sábado;21:20:00;DF;70;1,8;BRASILIA;Reação tardia ou ineficiente do condutor;Saída de leito carroçável;Com Vítimas Feridas;Plena Noite;Crescente;Céu Claro;Dupla;Reta;Não;2;0;1;1;0;0;2;1;-15,795264;-48,063801;SPRF-DF;DEL03-DF;UOP02-DEL03-DF
609338;22/06/2024;sábado;22:30:00;ES;101;91;SAO MATEUS;Pedestre andava na pista;Atropelamento de Pedestre;Com Vítimas Feridas;Plena Noite;Crescente;Nublado;Múltipla;Reta;Sim;2;0;0;1;0;1;1;2;-18,90626994;-39,95995813;SPRF-ES;DEL04-ES;UOP02-DEL04-ES
609339;22/06/2024;sábado;21:55:00;PB;230;385;SAO BENTINHO;Animais na Pista;Atropelamento de Animal;Com Vítimas Feridas;Plena Noite;Decrescente;Céu Claro;Simples;"Reta;Aclive";Não;1;0;1;0;0;0;1;1;-6,9074;-37,6767;SPRF-PB;DEL03-PB;UOP02-DEL03-PB
609340;22/06/2024;sábado;23:00:00;RS;472;578,9;URUGUAIANA;Reação tardia ou ineficiente do condutor;Colisão traseira;Com Vítimas Feridas;Plena Noite;Crescente;Céu Claro;Simples;Reta;Sim;5;0;2;0;2;1;2;2;-29,7671399;-57,018372;SPRF-RS;DEL13-RS;UOP01-DEL13-RS
609341;23/06/2024;domingo;00:35:00;RS;392;115;CANGUCU;Velocidade Incompatível;Saída de leito carroçável;Com Vítimas Feridas;Plena Noite;Crescente;Garoa/Chuvisco;Simples;Curva;Não;2;0;2;0;0;0;2;1;-31,42456531;-52,66149946;SPRF-RS;DEL07-RS;UOP01-DEL07-RS
609342;22/06/2024;sábado;19:45:00;MG;40;251,8;SAO GONCALO DO ABAETE;Acessar a via sem observar a presença dos outros veículos;Colisão transversal;Com Vítimas Feridas;Plena Noite;Decrescente;Céu Claro;Simples;"Reta;Interseção de Vias";Não;2;0;1;0;1;0;1;2;-18,12216356;-45,42659814;SPRF-MG;DEL14-MG;UOP02-DEL14-MG
609343;23/06/2024;domingo;00:30:00;DF;20;48,8;BRASILIA;Ausência de reação do condutor;Saída de leito carroçável;Com Vítimas Feridas;Plena Noite;Crescente;Céu Claro;Dupla;Reta;Não;2;0;1;0;1;0;1;1;-15,582723;-47,440395;SPRF-DF;DEL02-DF;UOP01-DEL02-DF
609344;22/06/2024;sábado;23:50:00;MA;135;8,2;SAO LUIS;Transitar na contramão;Colisão frontal;Com Vítimas Feridas;Plena Noite;Crescente;Nublado;Dupla;"Reta;Aclive";Sim;2;0;0;2;0;0;2;2;-2,64342093;-44,27374175;SPRF-MA;DEL01-MA;UOP01-DEL01-MA
609345;22/06/2024;sábado;18:50:00;AL;423;81;DELMIRO GOUVEIA;Ingestão de álcool pelo condutor;Colisão com objeto;Com Vítimas Feridas;Plena Noite;Decrescente;Chuva;Simples;"Reta;Ponte";Não;5;0;2;0;3;0;2;2;-9,33400105;-37,99426098;SPRF-BA;DEL07-BA;UOP01-DEL07-BA
609346;22/06/2024;sábado;23:45:00;MG;116;96,5;MEDINA;Ausência de reação do condutor;Saída de leito carroçável;Com Vítimas Feridas;Plena Noite;Decrescente;Garoa/Chuvisco;Simples;Curva;Não;1;0;1;0;0;0;1;1;-16,4027498;-41,4745262;SPRF-MG;DEL11-MG;UOP02-DEL11-MG
609347;23/06/2024;domingo;00:45:00;MS;262;4;TRES LAGOAS;Ingestão de álcool pelo condutor;Saída de leito carroçável;Com Vítimas Feridas;Plena Noite;Decrescente;Céu Claro;Simples;Rotatória;Sim;1;0;1;0;0;0;1;1;-20,78221322;-51,65695846;SPRF-MS;DEL07-MS;UOP01-DEL07-MS
609348;22/06/2024;sábado;20:30:00;MG;262;858;VERISSIMO;Demais falhas mecânicas ou elétricas;Tombamento;Com Vítimas Feridas;Plena Noite;Crescente;Céu Claro;Dupla;Reta;Não;2;0;1;1;0;0;2;1;-19,77794346;-48,38683676;SPRF-MG;DEL13-MG;UOP01-DEL13-MG
609349;22/06/2024;sábado;21:10:00;MT;163;829,1;SINOP;Acessar a via sem observar a presença dos outros veículos;Colisão lateral mesmo sentido;Com Vítimas Feridas;Plena Noite;Decrescente;Céu Claro;Simples;Retorno Regulamentado;Sim;4;0;1;0;2;1;1;3;-11,913403;-55,508814;SPRF-MT;DEL06-MT;UOP02-DEL06-MT