id;data_inversa;dia_semana;horario;uf;br;km;municipio;causa_acidente;tipo_acidente;classificacao_acidente;fase_dia;sentido_via;condicao_metereologica;tipo_pista;tracado_via;uso_solo;pessoas;mortos;feridos_leves;feridos_graves;ilesos;ignorados;feridos;veiculos;latitude;longitude;regional;delegacia;uop
609567;23/06/2024;domingo;12:30:00;MG;381;453;SABARA;Acessar a via sem observar a presença dos outros veículos;Colisão transversal;Com Vítimas Feridas;Pleno dia;Decrescente;Céu Claro;Simples;Curva;Sim;2;0;1;0;1;0;1;2;-19,85197588;-43,88851019;SPRF-MG;DEL01-MG;UOP01-DEL01-MG
609568;23/06/2024;domingo;20:10:00;MG;381;937;EXTREMA;Ausência de reação do condutor;Tombamento;Com Vítimas Feridas;Plena Noite;Decrescente;Céu Claro;Dupla;Curva;Não;1;0;1;0;0;0;1;1;-22,83554657;-46,32086698;SPRF-MG;DEL16-MG;UOP03-DEL16-MG
609569;23/06/2024;domingo;16:45:00;RJ;356;85;CARDOSO MOREIRA;Reação tardia ou ineficiente do condutor;Queda de ocupante de veículo;Com Vítimas Feridas;Pleno dia;Crescente;Céu Claro;Simples;Curva;Não;1;0;0;1;0;0;1;1;-21,48337624;-41,64795307;SPRF-RJ;DEL08-RJ;UOP03-DEL08-RJ
609570;23/06/2024;domingo;20:20:00;GO;40;14,3;LUZIANIA;Reação tardia ou ineficiente do condutor;Capotamento;Com Vítimas Feridas;Plena Noite;Decrescente;Céu Claro;Dupla;"Declive;Reta";Não;2;0;1;0;1;0;1;1;-16,158753;-47,933136;SPRF-DF;DEL01-DF;UOP01-DEL01-DF
609571;23/06/2024;domingo;19:10:00;TO;153;205;NOVA OLINDA;Transitar na contramão;Colisão frontal;Sem Vítimas;Plena Noite;Crescente;Céu Claro;Simples;Reta;Não;2;0;0;0;2;0;0;2;-7,65727299;-48,42637682;SPRF-TO;DEL02-TO;UOP01-DEL02-TO
609572;23/06/2024;domingo;18:45:00;MT;174;511;COMODORO;Ausência de reação do condutor;Colisão traseira;Com Vítimas Feridas;Plena Noite;Decrescente;Céu Claro;Simples;Reta;Não;3;0;2;0;1;0;2;2;-13,44087699;-59,8457168;SPRF-MT;DEL04-MT;UOP02-DEL04-MT
609573;23/06/2024;domingo;18:30:00;RJ;40;114;DUQUE DE CAXIAS;Reação tardia ou ineficiente do condutor;Tombamento;Com Vítimas Feridas;Plena Noite;Crescente;Céu Claro;Dupla;Reta;Sim;1;0;1;0;0;0;1;1;-22,71853604;-43,28993324;SPRF-RJ;DEL01-RJ;UOP02-DEL01-RJ
609574;23/06/2024;domingo;20:30:00;GO;60;92;ANAPOLIS;Ausência de reação do condutor;Saída de leito carroçável;Com Vítimas Feridas;Plena Noite;Crescente;Céu Claro;Dupla;Curva;Sim;1;0;0;1;0;0;1;1;-16,353;-48,9178;SPRF-GO;DEL02-GO;UOP01-DEL02-GO
609575;23/06/2024;domingo;20:30:00;SC;101;146;ITAPEMA;Ausência de reação do condutor;Colisão traseira;Com Vítimas Feridas;Plena Noite;Decrescente;Nublado;Dupla;Reta;Sim;2;0;0;1;1;0;1;2;-27,08666525;-48,60955587;SPRF-SC;DEL04-SC;UOP03-DEL04-SC
609576;23/06/2024;domingo;20:30:00;BA;324;541;AMELIA RODRIGUES;Pista esburacada;Queda de ocupante de veículo;Com Vítimas Feridas;Plena Noite;Crescente;Céu Claro;Dupla;Reta;Não;1;0;1;0;0;0;1;1;-12,39033367;-38,78485688;SPRF-BA;DEL01-BA;UOP03-DEL01-BA
609577;23/06/2024;domingo;20:23:00;RJ;101;265;RIO BONITO;Velocidade Incompatível;Engavetamento;Sem Vítimas;Plena Noite;Crescente;Céu Claro;Dupla;Curva;Sim;3;0;0;0;3;0;0;3;-22,71359987;-42,64391188;SPRF-RJ;DEL02-RJ;UOP03-DEL02-RJ
609578;23/06/2024;domingo;20:45:00;MG;381;502;BETIM;Frear bruscamente;Colisão traseira;Com Vítimas Feridas;Plena Noite;Crescente;Céu Claro;Dupla;"Curva;Declive";Não;2;0;1;0;1;0;1;2;-20,03619694;-44,24586303;SPRF-MG;DEL01-MG;UOP03-DEL01-MG
609579;23/06/2024;domingo;18:55:00;CE;116;499;BREJO SANTO;Transitar no Acostamento;Atropelamento de Pedestre;Com Vítimas Feridas;Plena Noite;Decrescente;Ignorado;Simples;Reta;Não;2;0;0;2;0;0;2;2;-7,43580996;-38,97316442;SPRF-CE;DEL05-CE;UOP03-DEL05-CE
609580;23/06/2024;domingo;20:30:00;SC;282;17,2;PALHOCA;Desrespeitar a preferência no cruzamento;Colisão transversal;Com Vítimas Feridas;Plena Noite;Crescente;Céu Claro;Simples;"Interseção de Vias;Reta";Não;3;0;0;2;1;0;2;2;-27,665707;-48,688065;SPRF-SC;DEL01-SC;UOP02-DEL01-SC
609581;22/06/2024;sábado;19:20:00;BA;110;53;JEREMOABO;Pedestre andava na pista;Atropelamento de Pedestre;Com Vítimas Fatais;Plena Noite;Decrescente;Céu Claro;Simples;Curva;Não;2;1;0;0;1;0;0;2;-9,9195572;-38,27756266;SPRF-BA;DEL07-BA;UOP01-DEL07-BA
609582;23/06/2024;domingo;21:00:00;SP;116;147;SAO JOSE DOS CAMPOS;Ausência de reação do condutor;Colisão traseira;Com Vítimas Feridas;Plena Noite;Crescente;Céu Claro;Dupla;Reta;Sim;2;0;1;0;1;0;1;2;-23,19542994;-45,87176303;SPRF-SP;DEL02-SP;UOP01-DEL02-SP
609583;23/06/2024;domingo;18:45:00;MA;222;654;ACAILANDIA;Ultrapassagem Indevida;Tombamento;Com Vítimas Feridas;Plena Noite;Crescente;Céu Claro;Simples;Reta;Não;1;0;0;1;0;0;1;1;-4,846369;-47,30202;SPRF-MA;DEL04-MA;UOP03-DEL04-MA
609584;23/06/2024;domingo;19:40:00;RJ;40;105;DUQUE DE CAXIAS;Ausência de reação do condutor;Queda de ocupante de veículo;Com Vítimas Feridas;Plena Noite;Decrescente;Céu Claro;Múltipla;"Declive;Interseção de Vias";Sim;2;0;1;0;0;1;1;2;-22,63784806;-43,28428824;SPRF-RJ;DEL01-RJ;UOP02-DEL01-RJ
609586;23/06/2024;domingo;20:50:00;PB;230;24,8;JOAO PESSOA;Avarias e/ou desgaste excessivo no pneu;Tombamento;Com Vítimas Feridas;Plena Noite;Crescente;Nublado;Dupla;"Desvio Temporário;Em Obras";Sim;2;0;1;0;1;0;1;1;-7,1637;-34,8618;SPRF-PB;DEL01-PB;UOP01-DEL01-PB
609587;23/06/2024;domingo;18:45:00;MT;364;80,5;ALTO GARCAS;Manobra de mudança de faixa;Colisão lateral sentido oposto;Com Vítimas Feridas;Plena Noite;Crescente;Céu Claro;Simples;"Reta;Declive";Não;4;0;0;1;3;0;1;2;-16,88323815;-53,67440413;SPRF-MT;DEL02-MT;UOP02-DEL02-MT
609588;23/06/2024;domingo;18:30:00;PE;232;335,9;CUSTODIA;Ingestão de álcool pelo condutor;Tombamento;Com Vítimas Feridas;Plena Noite;Crescente;Vento;Simples;Reta;Não;1;0;0;1;0;0;1;1;-8,0843408;-37,64570494;SPRF-PE;DEL04-PE;UOP02-DEL04-PE
609589;23/06/2024;domingo;19:30:00;RJ;101;276;TANGUA;Acessar a via sem observar a presença dos outros veículos;Colisão lateral mesmo sentido;Com Vítimas Feridas;Plena Noite;Crescente;Céu Claro;Dupla;Reta;Sim;2;0;2;0;0;0;2;2;-22,73796393;-42,73871802;SPRF-RJ;DEL02-RJ;UOP03-DEL02-RJ
609590;23/06/2024;domingo;21:20:00;RJ;101;404,5;ITAGUAI;Pedestre - Ingestão de álcool/ substâncias psicoativas;Atropelamento de Pedestre;Com Vítimas Feridas;Pleno dia;Crescente;Céu Claro;Dupla;Reta;Sim;2;0;0;1;1;0;1;2;-22,86342703;-43,79642098;SPRF-RJ;DEL03-RJ;UOP01-DEL03-RJ
609594;23/06/2024;domingo;17:30:00;MG;459;73,5;SENADOR JOSE BENTO;Ingestão de álcool pelo condutor;Saída de leito carroçável;Com Vítimas Feridas;Anoitecer;Decrescente;Céu Claro;Simples;"Aclive;Curva";Não;2;0;2;0;0;0;2;1;-22,130999;-46,1488;SPRF-MG;DEL09-MG;UOP01-DEL09-MG
609595;23/06/2024;domingo;17:40:00;SP;153;18,5;NOVA GRANADA;Reação tardia ou ineficiente do condutor;Tombamento;Com Vítimas Feridas;Pleno dia;Crescente;Céu Claro;Simples;Reta;Não;2;0;1;0;1;0;1;1;-20,4482219;-49,28285077;SPRF-SP;DEL09-SP;UOP01-DEL09-SP
609599;23/06/2024;domingo;22:35:00;MG;262;365;JUATUBA;Transitar no Acostamento;Atropelamento de Pedestre;Com Vítimas Feridas;Plena Noite;Crescente;Céu Claro;Dupla;"Curva;Declive";Não;2;0;1;0;0;1;1;2;-19,97334879;-44,30425644;SPRF-MG;DEL01-MG;UOP03-DEL01-MG
609600;23/06/2024;domingo;19:00:00;PE;316;242;BELEM DE SAO FRANCISCO;Animais na Pista;Atropelamento de Animal;Com Vítimas Feridas;Plena Noite;Decrescente;Céu Claro;Simples;"Declive;Reta";Não;1;0;0;1;0;0;1;1;-8,64506782;-39,03499691;SPRF-PE;DEL05-PE;UOP03-DEL05-PE
609602;23/06/2024;domingo;22:20:00;PR;373;174;PONTA GROSSA;Acessar a via sem observar a presença dos outros veículos;Colisão transversal;Sem Vítimas;Plena Noite;Crescente;Céu Claro;Dupla;Reta;Sim;3;0;0;0;2;1;0;2;-25,07594908;-50,20995715;SPRF-PR;DEL03-PR;UOP01-DEL03-PR
609603;23/06/2024;domingo;18:30:00;RS;470;139;ANDRE DA ROCHA;Animais na Pista;Atropelamento de Animal;Com Vítimas Feridas;Plena Noite;Crescente;Céu Claro;Simples;Reta;Não;1;0;1;0;0;0;1;1;-28,65900008;-51,58301362;SPRF-RS;DEL06-RS;UOP02-DEL06-RS
609605;23/06/2024;domingo;19:40:00;RS;470;175;VERANOPOLIS;Ingestão de álcool pelo condutor;Colisão lateral sentido oposto;Com Vítimas Feridas;Plena Noite;Decrescente;Céu Claro;Simples;Reta;Não;3;0;2;0;1;0;2;2;-28,91926201;-51,53914905;SPRF-RS;DEL06-RS;UOP02-DEL06-RS
609606;23/06/2024;domingo;18:00:00;PI;343;589,1;FLORIANO;Ausência de reação do condutor;Atropelamento de Pedestre;Com Vítimas Feridas;Plena Noite;Decrescente;Céu Claro;Dupla;Reta;Sim;2;0;0;1;0;1;1;2;-6,776695;-43,009346;SPRF-PI;DEL03-PI;UOP01-DEL03-PI
609607;23/06/2024;domingo;22:00:00;PE;101;45,5;IGARASSU;Pedestre cruzava a pista fora da faixa;Atropelamento de Pedestre;Com Vítimas Fatais;Plena Noite;Decrescente;Céu Claro;Múltipla;Reta;Sim;3;2;0;1;0;0;1;2;-7,870653;-34,906398;SPRF-PE;DEL01-PE;UOP02-DEL01-PE
609608;23/06/2024;domingo;22:30:00;SP;381;80,5;SAO PAULO;Ingestão de álcool pelo condutor;Colisão traseira;Sem Vítimas;Plena Noite;Decrescente;Céu Claro;Dupla;Reta;Não;1;0;0;0;1;0;0;1;-23,41744298;-46,57980703;SPRF-SP;DEL03-SP;UOP01-DEL03-SP
609609;23/06/2024;domingo;21:20:00;RJ;465;4;SEROPEDICA;Ingestão de álcool pelo condutor;Colisão frontal;Com Vítimas Feridas;Plena Noite;Crescente;Céu Claro;Simples;"Reta;Rotatória";Não;5;0;2;0;3;0;2;2;-22,740971;-43,705597;SPRF-RJ;DEL06-RJ;UOP02-DEL06-RJ
609610;23/06/2024;domingo;22:05:00;MT;364;389,7;CUIABA;Avarias e/ou desgaste excessivo no pneu;Queda de ocupante de veículo;Com Vítimas Feridas;Plena Noite;Crescente;Céu Claro;Dupla;"Reta;Ponte";Não;2;0;1;1;0;0;2;1;-15,6995695;-55,8915285;SPRF-MT;DEL01-MT;UOP02-DEL01-MT
609611;23/06/2024;domingo;22:00:00;PI;343;1;LUIS CORREIA;Animais na Pista;Tombamento;Com Vítimas Feridas;Plena Noite;Crescente;Garoa/Chuvisco;Simples;Reta;Sim;1;0;1;0;0;0;1;1;-2,890292;-41,667423;SPRF-PI;DEL05-PI;UOP01-DEL05-PI
609612;23/06/2024;domingo;19:35:00;RN;406;0,5;MACAU;Ausência de reação do condutor;Colisão traseira;Com Vítimas Feridas;Plena Noite;Decrescente;Céu Claro;Simples;Reta;Não;3;0;2;0;1;0;2;2;-5,118479;-36,63025;SPRF-RN;DEL02-RN;UOP01-DEL02-RN
609613;23/06/2024;domingo;17:00:00;RJ;393;167;TRES RIOS;Transitar no Acostamento;Atropelamento de Pedestre;Com Vítimas Feridas;Pleno dia;Decrescente;Céu Claro;Simples;Reta;Sim;4;0;0;1;2;1;1;2;-22,12236191;-43,13976623;SPRF-RJ;DEL05-RJ;UOP01-DEL05-RJ
609614;23/06/2024;domingo;21:15:00;RS;290;73,2;GRAVATAI;Pista Escorregadia;Tombamento;Com Vítimas Feridas;Plena Noite;Crescente;Chuva;Múltipla;Reta;Não;1;0;1;0;0;0;1;1;-29,952868;-50,986462;SPRF-RS;DEL03-RS;UOP01-DEL03-RS
609615;23/06/2024;domingo;23:50:00;PE;407;124;PETROLINA;Ingestão de álcool pelo condutor;Colisão com objeto;Com Vítimas Feridas;Plena Noite;Decrescente;Céu Claro;Dupla;Rotatória;Não;1;0;0;1;0;0;1;1;-9,36929881;-40,54137139;SPRF-PE;DEL06-PE;UOP01-DEL06-PE
609616;24/06/2024;segunda-feira;00:20:00;RS;116;256;ESTEIO;Chuva;Queda de ocupante de veículo;Com Vítimas Feridas;Plena Noite;Crescente;Chuva;Dupla;Reta;Sim;1;0;1;0;0;0;1;1;-29,84393699;-51,17728603;SPRF-RS;DEL01-RS;UOP02-DEL01-RS
609617;23/06/2024;domingo;19:45:00;MG;365;486;PATROCINIO;Acessar a via sem observar a presença dos outros veículos;Colisão transversal;Com Vítimas Feridas;Plena Noite;Decrescente;Céu Claro;Simples;"Reta;Interseção de Vias";Não;10;0;8;1;1;0;9;2;-18,89867612;-47,12259197;SPRF-MG;DEL10-MG;UOP01-DEL10-MG
609618;24/06/2024;segunda-feira;00:40:00;RJ;116;181;NOVA IGUACU;Ingestão de álcool pelo condutor;Colisão lateral mesmo sentido;Com Vítimas Feridas;Plena Noite;Decrescente;Céu Claro;Múltipla;"Viaduto;Reta";Sim;3;0;2;0;1;0;2;2;-22,761312;-43,423492;SPRF-RJ;DEL06-RJ;UOP01-DEL06-RJ
609619;23/06/2024;domingo;23:05:00;PR;369;157,5;LONDRINA;Ausência de reação do condutor;Saída de leito carroçável;Sem Vítimas;Plena Noite;Decrescente;Céu Claro;Dupla;"Interseção de Vias;Declive";Não;1;0;0;0;1;0;0;1;-23,28546118;-51,23354495;SPRF-PR;DEL07-PR;UOP01-DEL07-PR
609620;23/06/2024;domingo;23:40:00;PR;116;113;CURITIBA;Ingestão de álcool pelo condutor;Colisão transversal;Sem Vítimas;Plena Noite;Decrescente;Céu Claro;Dupla;Reta;Sim;2;0;0;0;2;0;0;2;-25,56513636;-49,24675108;SPRF-PR;DEL01-PR;UOP07-DEL01-PR
609623;24/06/2024;segunda-feira;00:35:00;PI;316;322;PICOS;Animais na Pista;Atropelamento de Animal;Com Vítimas Feridas;Plena Noite;Decrescente;Céu Claro;Simples;Reta;Não;2;0;1;0;0;1;1;2;-7,09559406;-41,37116401;SPRF-PI;DEL04-PI;UOP01-DEL04-PI
609624;24/06/2024;segunda-feira;01:30:00;MA;135;227,9;PERITORO;Pedestre andava na pista;Atropelamento de Pedestre;Sem Vítimas;Plena Noite;Decrescente;Garoa/Chuvisco;Simples;Reta;Não;1;0;0;0;0;1;0;1;-4,38900792;-44,34196826;SPRF-MA;DEL03-MA;UOP01-DEL03-MA
609625;24/06/2024;segunda-feira;00:40:00;SC;280;235,9;CANOINHAS;Ingestão de álcool pelo condutor;Saída de leito carroçável;Sem Vítimas;Plena Noite;Decrescente;Céu Claro;Simples;Reta;Sim;4;0;0;0;3;1;0;1;-26,19206283;-50,41295701;SPRF-SC;DEL06-SC;UOP04-DEL06-SC
609627;23/06/2024;domingo;23:10:00;RJ;101;404;ITAGUAI;Reação tardia ou ineficiente do condutor;Colisão traseira;Com Vítimas Fatais;Plena Noite;Decrescente;Céu Claro;Dupla;Reta;Sim;3;1;0;1;1;0;1;2;-22,86342703;-43,79642098;SPRF-RJ;DEL03-RJ;UOP01-DEL03-RJ
609628;24/06/2024;segunda-feira;03:30:00;PE;232;97;BEZERROS;Ausência de reação do condutor;Colisão com objeto;Com Vítimas Feridas;Plena Noite;Crescente;Céu Claro;Dupla;Reta;Não;2;0;2;0;0;0;2;1;-8,23379718;-35,71628894;SPRF-PE;DEL02-PE;UOP02-DEL02PE
609629;24/06/2024;segunda-feira;00:30:00;PB;230;476,6;MARIZOPOLIS;Chuva;Saída de leito carroçável;Com Vítimas Feridas;Pleno dia;Crescente;Chuva;Simples;"Reta;Aclive";Não;1;0;0;1;0;0;1;1;-6,8298;-38,3177;SPRF-PB;DEL03-PB;UOP03-DEL03-PB
609630;24/06/2024;segunda-feira;00:20:00;RJ;101;303;SAO GONCALO;Ingestão de álcool pelo condutor;Colisão com objeto;Com Vítimas Feridas;Plena Noite;Decrescente;Céu Claro;Dupla;Curva;Sim;2;0;1;0;1;0;1;1;-22,7828205;-42,9766681;SPRF-RJ;DEL02-RJ;UOP02-DEL02-RJ
609632;24/06/2024;segunda-feira;04:00:00;PB;101;48;RIO TINTO;Condutor Dormindo;Saída de leito carroçável;Com Vítimas Feridas;Plena Noite;Decrescente;Garoa/Chuvisco;Dupla;Reta;Não;4;0;1;0;3;0;1;1;-6,90679485;-35,11705672;SPRF-PB;DEL01-PB;UOP04-DEL01-PB
609633;24/06/2024;segunda-feira;04:20:00;RS;116;249;SAO LEOPOLDO;Ingestão de álcool pelo condutor;Saída de leito carroçável;Com Vítimas Feridas;Plena Noite;Crescente;Garoa/Chuvisco;Dupla;Reta;Sim;3;0;2;0;0;1;2;1;-29,7831804;-51,16099063;SPRF-RS;DEL01-RS;UOP02-DEL01-RS
609634;24/06/2024;segunda-feira;05:00:00;RN;304;283;MACAIBA;Ausência de reação do condutor;Colisão traseira;Com Vítimas Feridas;Amanhecer;Crescente;Céu Claro;Dupla;Reta;Não;3;0;0;2;1;0;2;2;-5,88178314;-35,46369696;SPRF-RN;DEL01-RN;UOP02-DEL01-RN
609635;24/06/2024;segunda-feira;04:35:00;PB;230;166,3;CAMPINA GRANDE;Ingestão de álcool pelo condutor;Saída de leito carroçável;Com Vítimas Feridas;Amanhecer;Decrescente;Céu Claro;Simples;Curva;Sim;1;0;0;1;0;0;1;1;-7,1976;-35,955;SPRF-PB;DEL02-PB;UOP02-DEL02-PB
609636;24/06/2024;segunda-feira;04:00:00;AL;104;87;RIO LARGO;Condutor Dormindo;Colisão com objeto;Sem Vítimas;Amanhecer;Decrescente;Céu Claro;Dupla;Reta;Sim;1;0;0;0;0;1;0;1;-9,47532901;-35,82160002;SPRF-AL;DEL01-AL;UOP01-DEL01-AL
609637;23/06/2024;domingo;20:00:00;MG;40;619,7;CONGONHAS;Velocidade Incompatível;Colisão frontal;Com Vítimas Feridas;Plena Noite;Crescente;Céu Claro;Simples;Curva;Não;2;0;1;0;1;0;1;2;-20,57954631;-43,80739868;SPRF-MG;DEL05-MG;UOP02-DEL05-MG
609638;24/06/2024;segunda-feira;05:11:00;PE;316;60,3;TRINDADE;Transitar na contramão;Colisão frontal;Sem Vítimas;Amanhecer;Crescente;Céu Claro;Simples;Curva;Não;2;0;0;0;1;1;0;2;-7,77005418;-40,2584535;SPRF-PE;DEL05-PE;UOP02-DEL05-PE
609639;23/06/2024;domingo;23:30:00;PB;230;144,6;CAMPINA GRANDE;Velocidade Incompatível;Saída de leito carroçável;Sem Vítimas;Plena Noite;Decrescente;Nublado;Dupla;"Curva;Aclive;Retorno Regulamentado";Não;1;0;0;0;0;1;0;1;-7,2536;-35,8317;SPRF-PB;DEL02-PB;UOP01-DEL02-PB
609640;24/06/2024;segunda-feira;05:00:00;MT;70;511;CUIABA;Demais Fenômenos da natureza;Queda de ocupante de veículo;Com Vítimas Feridas;Plena Noite;Crescente;Céu Claro;Simples;"Ponte;Reta;Declive";Não;2;0;1;0;0;1;1;1;-15,65051022;-55,99823809;SPRF-MT;DEL01-MT;UOP02-DEL01-MT
609641;24/06/2024;segunda-feira;05:40:00;PE;104;54,5;CARUARU;Condutor Dormindo;Saída de leito carroçável;Sem Vítimas;Amanhecer;Crescente;Céu Claro;Dupla;"Aclive;Reta";Não;2;0;0;0;2;0;0;1;-8,18812;-35,967236;SPRF-PE;DEL02-PE;UOP01-DEL02-PE
609643;20/06/2024;quinta-feira;02:00:00;MA;222;552;BOM JESUS DAS SELVAS;Animais na Pista;Atropelamento de Animal;Sem Vítimas;Plena Noite;Crescente;Céu Claro;Simples;Reta;Não;2;0;0;0;2;0;0;1;-4,3671391;-46,63361685;SPRF-MA;DEL04-MA;UOP03-DEL04-MA
609644;24/06/2024;segunda-feira;05:30:00;GO;70;14;AGUAS LINDAS DE GOIAS;Animais na Pista;Atropelamento de Animal;Com Vítimas Feridas;Amanhecer;Crescente;Céu Claro;Múltipla;Reta;Sim;3;0;3;0;0;0;3;1;-15,75117968;-48,3251492;SPRF-DF;DEL03-DF;UOP02-DEL03-DF
609646;24/06/2024;segunda-feira;00:05:00;MG;40;782,2;JUIZ DE FORA;Reação tardia ou ineficiente do condutor;Colisão com objeto;Com Vítimas Feridas;Plena Noite;Decrescente;Nevoeiro/Neblina;Dupla;"Reta;Declive";Sim;1;0;0;1;0;0;1;1;-21,69593719;-43,44982474;SPRF-MG;DEL05-MG;UOP01-DEL05-MG
609647;24/06/2024;segunda-feira;07:00:00;SC;470;137;RIO DO SUL;Retorno proibido;Colisão transversal;Com Vítimas Feridas;Pleno dia;Crescente;Garoa/Chuvisco;Simples;Reta;Sim;3;0;0;1;1;1;1;3;-27,203201;-49,635063;SPRF-SC;DEL04-SC;UOP02-DEL04-SC
609648;23/06/2024;domingo;23:06:00;PR;373;235;IMBITUVA;Reação tardia ou ineficiente do condutor;Saída de leito carroçável;Sem Vítimas;Plena Noite;Crescente;Céu Claro;Simples;"Declive;Reta";Não;1;0;0;0;1;0;0;1;-25,18351444;-50,7090349;SPRF-PR;DEL03-PR;UOP01-DEL03-PR
609649;24/06/2024;segunda-feira;06:50:00;MG;40;518;RIBEIRAO DAS NEVES;Transitar no Acostamento;Colisão traseira;Com Vítimas Feridas;Pleno dia;Crescente;Céu Claro;Dupla;Reta;Não;2;0;1;0;1;0;1;2;-19,8321242;-44,08208533;SPRF-MG;DEL01-MG;UOP02-DEL01-MG
609650;24/06/2024;segunda-feira;07:30:00;SP;116;219;GUARULHOS;Ausência de reação do condutor;Colisão lateral mesmo sentido;Com Vítimas Feridas;Pleno dia;Crescente;Céu Claro;Múltipla;Reta;Sim;2;0;1;0;1;0;1;2;-23,46143954;-46,48885316;SPRF-SP;DEL01-SP;UOP01-DEL01-SP
609651;24/06/2024;segunda-feira;07:00:00;SP;116;216;GUARULHOS;Ausência de reação do condutor;Colisão com objeto;Com Vítimas Feridas;Pleno dia;Decrescente;Céu Claro;Múltipla;Reta;Sim;1;0;0;1;0;0;1;1;-23,45056589;-46,46258105;SPRF-SP;DEL01-SP;UOP01-DEL01-SP
609652;23/06/2024;domingo;22:10:00;RJ;493;22;MAGE;Falta de elemento de contenção que evite a saída do leito carroçável;Saída de leito carroçável;Com Vítimas Feridas;Plena Noite;Crescente;Céu Claro;Simples;Reta;Não;1;0;1;0;0;0;1;1;-22,659311;-43,053303;SPRF-RJ;DEL04-RJ;UOP02-DEL04-RJ
609653;24/06/2024;segunda-feira;07:35:00;RS;386;52;SEBERI;Acessar a via sem observar a presença dos outros veículos;Colisão traseira;Com Vítimas Feridas;Amanhecer;Decrescente;Chuva;Simples;Reta;Sim;2;0;1;0;1;0;1;2;-27,508551;-53,381039;SPRF-RS;DEL08-RS;UOP02-DEL08-RS
609655;24/06/2024;segunda-feira;07:10:00;RS;471;173;RIO PARDO;Acessar a via sem observar a presença dos outros veículos;Colisão transversal;Com Vítimas Feridas;Pleno dia;Decrescente;Céu Claro;Simples;Interseção de Vias;Não;3;0;0;1;2;0;1;2;-29,97379366;-52,37095714;SPRF-RS;DEL02-RS;UOP03-DEL02-RS
609656;24/06/2024;segunda-feira;07:20:00;PI;343;344;TERESINA;Ausência de reação do condutor;Colisão traseira;Com Vítimas Feridas;Pleno dia;Crescente;Céu Claro;Simples;Reta;Sim;2;0;0;1;1;0;1;2;-5,094729;-42,762775;SPRF-PI;DEL01-PI;UOP01-DEL01-PI
609657;23/06/2024;domingo;21:30:00;MG;267;124,2;JUIZ DE FORA;Ausência de reação do condutor;Saída de leito carroçável;Com Vítimas Fatais;Plena Noite;Decrescente;Céu Claro;Simples;"Aclive;Reta";Não;3;1;1;0;0;1;1;2;-21,70560222;-43,4995079;SPRF-MG;DEL05-MG;UOP01-DEL05-MG
609658;24/06/2024;segunda-feira;06:20:00;RS;470;207,7;BENTO GONCALVES;Entrada inopinada do pedestre;Atropelamento de Pedestre;Com Vítimas Fatais;Plena Noite;Crescente;Chuva;Simples;"Retorno Regulamentado;Reta";Sim;2;1;0;0;1;0;0;2;-29,09809266;-51,54387116;SPRF-RS;DEL06-RS;UOP01-DEL06-RS
609659;10/04/2024;quarta-feira;07:20:00;SC;282;26;SANTO AMARO DA IMPERATRIZ;Avarias e/ou desgaste excessivo no pneu;Queda de ocupante de veículo;Com Vítimas Feridas;Pleno dia;Decrescente;Céu Claro;Simples;Reta;Não;2;0;1;1;0;0;2;1;-27,680267;-48,762482;SPRF-SC;DEL01-SC;UOP03-DEL01-SC
609660;24/06/2024;segunda-feira;07:00:00;RJ;393;171,7;TRES RIOS;Reação tardia ou ineficiente do condutor;Colisão traseira;Com Vítimas Feridas;Pleno dia;Decrescente;Céu Claro;Simples;Reta;Não;2;0;0;1;1;0;1;2;-22,12300119;-43,16875093;SPRF-RJ;DEL05-RJ;UOP03-DEL05-RJ
609662;15/06/2024;sábado;09:00:00;RJ;116;81;TERESOPOLIS;Animais na Pista;Atropelamento de Animal;Com Vítimas Feridas;Pleno dia;Crescente;Céu Claro;Simples;Reta;Sim;2;0;2;0;0;0;2;1;-22,39843405;-42,95507553;SPRF-RJ;DEL04-RJ;UOP01-DEL04-RJ
609663;24/06/2024;segunda-feira;07:15:00;SC;101;43;JOINVILLE;Reação tardia ou ineficiente do condutor;Colisão traseira;Com Vítimas Feridas;Pleno dia;Decrescente;Céu Claro;Múltipla;"Reta;Aclive";Sim;5;0;1;0;4;0;1;3;-26,33575705;-48,8597846;SPRF-SC;DEL03-SC;UOP01-DEL03-SC
609665;08/06/2024;sábado;13:15:00;SC;101;213,9;PALHOCA;Acessar a via sem observar a presença dos outros veículos;Atropelamento de Pedestre;Com Vítimas Feridas;Pleno dia;Decrescente;Céu Claro;Dupla;Reta;Sim;3;0;1;0;0;2;1;3;-27,63697369;-48,66514142;SPRF-SC;DEL01-SC;UOP02-DEL01-SC
609666;24/06/2024;segunda-feira;08:40:00;PR;376;176,1;MARINGA;Condutor desrespeitou a iluminação vermelha do semáforo;Colisão transversal;Com Vítimas Feridas;Pleno dia;Crescente;Céu Claro;Dupla;"Declive;Reta;Interseção de Vias";Sim;2;0;1;0;1;0;1;2;-23,41269173;-51,93158327;SPRF-PR;DEL09-PR;UOP01-DEL09-PR
609668;24/06/2024;segunda-feira;06:50:00;RJ;40;78;PETROPOLIS;Velocidade Incompatível;Capotamento;Com Vítimas Feridas;Amanhecer;Crescente;Céu Claro;Dupla;Curva;Não;1;0;1;0;0;0;1;1;-22,48485874;-43,22843406;SPRF-RJ;DEL01-RJ;UOP01-DEL01-RJ