id;data_inversa;dia_semana;horario;uf;br;km;municipio;causa_acidente;tipo_acidente;classificacao_acidente;fase_dia;sentido_via;condicao_metereologica;tipo_pista;tracado_via;uso_solo;pessoas;mortos;feridos_leves;feridos_graves;ilesos;ignorados;feridos;veiculos;latitude;longitude;regional;delegacia;uop
609799;24/06/2024;segunda-feira;18:40:00;RS;158;328;SANTA MARIA;Ausência de reação do condutor;Colisão traseira;Com Vítimas Feridas;Plena Noite;Decrescente;Céu Claro;Dupla;Reta;Não;3;0;1;0;2;0;1;2;-29,71112906;-53,81968204;SPRF-RS;DEL09-RS;UOP01-DEL09-RS
609800;24/06/2024;segunda-feira;19:45:00;RS;158;467,2;ROSARIO DO SUL;Ausência de reação do condutor;Capotamento;Sem Vítimas;Plena Noite;Crescente;Céu Claro;Simples;Reta;Sim;1;0;0;0;1;0;0;1;-30,246885;-54,954704;SPRF-RS;DEL11-RS;UOP02-DEL11-RS
609801;24/06/2024;segunda-feira;17:35:00;PI;407;423;PICOS;Acessar a via sem observar a presença dos outros veículos;Colisão transversal;Com Vítimas Feridas;Anoitecer;Crescente;Céu Claro;Simples;"Curva;Interseção de Vias";Sim;2;0;1;0;1;0;1;2;-7,07969491;-41,43303752;SPRF-PI;DEL04-PI;UOP01-DEL04-PI
609802;24/06/2024;segunda-feira;17:50:00;BA;101;135;TEODORO SAMPAIO;Ausência de reação do condutor;Tombamento;Com Vítimas Feridas;Plena Noite;Crescente;Chuva;Simples;Reta;Não;1;0;0;1;0;0;1;1;-12,25795073;-38,64659211;SPRF-BA;DEL01-BA;UOP04-DEL01-BA
609807;24/06/2024;segunda-feira;17:50:00;BA;324;355;CAPIM GROSSO;Reação tardia ou ineficiente do condutor;Colisão transversal;Com Vítimas Feridas;Plena Noite;Decrescente;Céu Claro;Simples;"Curva;Rotatória";Sim;2;0;1;1;0;0;2;2;-11,37365967;-40,00722582;SPRF-BA;DEL04-BA;UOP02-DEL04-BA
609808;24/06/2024;segunda-feira;19:50:00;SP;116;445;REGISTRO;Animais na Pista;Atropelamento de Animal;Com Vítimas Feridas;Pleno dia;Crescente;Ignorado;Dupla;Reta;Sim;3;0;1;0;2;0;1;2;-24,49790715;-47,84208686;SPRF-SP;DEL05-SP;UOP01-DEL05-SP
609810;24/06/2024;segunda-feira;19:50:00;SP;101;50;UBATUBA;Ingestão de álcool pelo condutor;Tombamento;Com Vítimas Feridas;Plena Noite;Crescente;Céu Claro;Simples;Reta;Sim;1;0;1;0;0;0;1;1;-23,45018939;-45,07743735;SPRF-SP;DEL06-SP;UOP01-DEL06-SP
609812;24/06/2024;segunda-feira;17:40:00;PR;277;114,2;CAMPO LARGO;Pedestre cruzava a pista fora da faixa;Atropelamento de Pedestre;Com Vítimas Feridas;Anoitecer;Decrescente;Chuva;Dupla;Reta;Sim;3;0;0;1;2;0;1;2;-25,42766575;-49,38724005;SPRF-PR;DEL03-PR;UOP03-DEL03-PR
609813;24/06/2024;segunda-feira;20:00:00;BA;324;612;SALVADOR;Transitar na contramão;Colisão frontal;Com Vítimas Feridas;Plena Noite;Decrescente;Chuva;Simples;Reta;Não;2;0;2;0;0;0;2;2;-12,84664721;-38,41741648;SPRF-BA;DEL01-BA;UOP01-DEL01-BA
609814;24/06/2024;segunda-feira;19:50:00;RJ;101;444,5;MANGARATIBA;Ausência de reação do condutor;Queda de ocupante de veículo;Com Vítimas Feridas;Plena Noite;Crescente;Céu Claro;Simples;"Reta;Declive";Não;1;0;0;1;0;0;1;1;-22,98859004;-44,08493971;SPRF-RJ;DEL03-RJ;UOP02-DEL03-RJ
609815;24/06/2024;segunda-feira;17:45:00;RO;364;15;VILHENA;Acessar a via sem observar a presença dos outros veículos;Colisão transversal;Com Vítimas Feridas;Anoitecer;Crescente;Céu Claro;Simples;Rotatória;Sim;2;0;0;1;1;0;1;2;-12,73672751;-60,14804088;SPRF-RO;DEL04-RO;UOP01-DEL04-RO
609817;24/06/2024;segunda-feira;20:00:00;PI;316;13,5;TERESINA;Reação tardia ou ineficiente do condutor;Tombamento;Com Vítimas Feridas;Plena Noite;Decrescente;Céu Claro;Dupla;Reta;Sim;1;0;1;0;0;0;1;1;-5,2096314;-42,75526995;SPRF-PI;DEL01-PI;UOP02-DEL01-PI
609818;24/06/2024;segunda-feira;18:00:00;BA;110;236;OLINDINA;Transitar na contramão;Colisão frontal;Com Vítimas Fatais;Plena Noite;Decrescente;Céu Claro;Simples;Reta;Não;2;1;0;0;1;0;0;2;-11,356341;-38,334884;SPRF-BA;DEL07-BA;UOP02-DEL07-BA
609819;24/06/2024;segunda-feira;19:45:00;SP;116;279;EMBU DAS ARTES;Manobra de mudança de faixa;Colisão lateral mesmo sentido;Com Vítimas Feridas;Plena Noite;Crescente;Nublado;Dupla;Reta;Sim;2;0;1;0;1;0;1;2;-23,66233697;-46,85292907;SPRF-SP;DEL04-SP;UOP01-DEL04-SP
609820;24/06/2024;segunda-feira;16:45:00;SP;153;334,5;SALTO GRANDE;Ausência de reação do condutor;Capotamento;Com Vítimas Feridas;Pleno dia;Crescente;Céu Claro;Simples;Reta;Não;2;0;0;1;0;1;1;2;-22,890502;-49,88958063;SPRF-SP;DEL07-SP;UOP03-DEL07-SP
609823;24/06/2024;segunda-feira;21:54:00;RN;110;46,9;MOSSORO;Acostamento em desnível;Tombamento;Com Vítimas Feridas;Plena Noite;Crescente;Céu Claro;Simples;Reta;Sim;2;0;1;1;0;0;2;1;-5,19797675;-37,31839819;SPRF-RN;DEL04-RN;UOP01-DEL04-RN
609824;24/06/2024;segunda-feira;19:46:00;PI;316;31;DEMERVAL LOBAO;Transitar na contramão;Colisão frontal;Com Vítimas Fatais;Plena Noite;Crescente;Nublado;Simples;Reta;Sim;4;1;1;0;2;0;1;2;-5,33958796;-42,69400899;SPRF-PI;DEL01-PI;UOP02-DEL01-PI
609827;24/06/2024;segunda-feira;19:45:00;GO;80;2;PADRE BERNARDO;Ausência de reação do condutor;Saída de leito carroçável;Com Vítimas Feridas;Plena Noite;Crescente;Céu Claro;Simples;Reta;Não;2;0;0;2;0;0;2;1;-15,502505;-48,21132;SPRF-DF;DEL03-DF;UOP02-DEL03-DF
609832;24/06/2024;segunda-feira;20:30:00;MG;153;11;ARAPORA;Demais falhas mecânicas ou elétricas;Incêndio;Sem Vítimas;Plena Noite;Decrescente;Céu Claro;Dupla;Reta;Não;1;0;0;0;1;0;0;1;-18,51513597;-49,18936222;SPRF-MG;DEL15-MG;UOP03-DEL15-MG
609833;24/06/2024;segunda-feira;21:40:00;BA;410;1;RIBEIRA DO POMBAL;Ingestão de álcool pelo condutor;Colisão frontal;Sem Vítimas;Plena Noite;Crescente;Céu Claro;Simples;"Reta;Declive";Sim;2;0;0;0;1;1;0;2;-10,81977994;-38,53734704;SPRF-BA;DEL07-BA;UOP02-DEL07-BA
609834;24/06/2024;segunda-feira;23:00:00;ES;101;255;SERRA;Demais falhas mecânicas ou elétricas;Queda de ocupante de veículo;Com Vítimas Feridas;Pleno dia;Crescente;Céu Claro;Simples;Reta;Não;1;0;1;0;0;0;1;1;-20,11487935;-40,31943619;SPRF-ES;DEL02-ES;UOP01-DEL02-ES
609835;24/06/2024;segunda-feira;21:50:00;MS;163;493,5;CAMPO GRANDE;Objeto estático sobre o leito carroçável;Eventos atípicos;Com Vítimas Feridas;Plena Noite;Crescente;Céu Claro;Simples;"Reta;Aclive";Não;5;0;0;1;4;0;1;1;-20,37762705;-54,53752293;SPRF-MS;DEL01-MS;UOP02-DEL01-MS
609836;24/06/2024;segunda-feira;17:40:00;MT;163;822;SINOP;Ausência de reação do condutor;Colisão lateral sentido oposto;Com Vítimas Feridas;Plena Noite;Crescente;Céu Claro;Simples;Reta;Sim;3;0;2;0;1;0;2;3;-11,97547;-55,517027;SPRF-MT;DEL06-MT;UOP02-DEL06-MT
609837;24/06/2024;segunda-feira;23:00:00;BA;116;13;VITORIA DA CONQUISTA;Velocidade Incompatível;Saída de leito carroçável;Com Vítimas Feridas;Plena Noite;Crescente;Céu Claro;Simples;Reta;Não;2;0;2;0;0;0;2;1;-14,851;-40,8485;SPRF-BA;DEL08-BA;UOP01-DEL08-BA
609838;24/06/2024;segunda-feira;23:00:00;PE;101;46;IGARASSU;Reação tardia ou ineficiente do condutor;Colisão lateral mesmo sentido;Com Vítimas Feridas;Plena Noite;Decrescente;Chuva;Múltipla;Reta;Sim;2;0;1;0;1;0;1;2;-7,87406004;-34,90588126;SPRF-PE;DEL01-PE;UOP02-DEL01-PE
609840;24/06/2024;segunda-feira;18:45:00;MA;135;374;SAO DOMINGOS DO MARANHAO;Iluminação deficiente;Atropelamento de Pedestre;Com Vítimas Fatais;Plena Noite;Decrescente;Ignorado;Simples;Reta;Não;2;1;0;0;0;1;0;2;-5,56154197;-44,39045092;SPRF-MA;DEL06-MA;UOP01-DEL06-MA
609841;24/06/2024;segunda-feira;19:00:00;RJ;116;194;QUEIMADOS;Pedestre cruzava a pista fora da faixa;Atropelamento de Pedestre;Com Vítimas Feridas;Plena Noite;Crescente;Céu Claro;Dupla;Reta;Sim;2;0;1;0;0;1;1;2;-22,73711632;-43,53793909;SPRF-RJ;DEL06-RJ;UOP01-DEL06-RJ
609842;24/06/2024;segunda-feira;23:52:00;RN;304;164,9;ANGICOS;Transitar na contramão;Eventos atípicos;Com Vítimas Feridas;Plena Noite;Decrescente;Céu Claro;Simples;Reta;Não;1;0;0;1;0;0;1;1;-5,679468;-36,465235;SPRF-RN;DEL01-RN;UOP03-DEL01-RN
609843;24/06/2024;segunda-feira;22:35:00;MA;135;7;SAO LUIS;Acessar a via sem observar a presença dos outros veículos;Colisão transversal;Com Vítimas Feridas;Plena Noite;Decrescente;Céu Claro;Dupla;"Retorno Regulamentado;Reta";Não;3;0;1;1;1;0;2;2;-2,6406;-44,27144;SPRF-MA;DEL01-MA;UOP01-DEL01-MA
609845;24/06/2024;segunda-feira;18:20:00;PR;153;375;MALLET;Acumulo de água sobre o pavimento;Saída de leito carroçável;Com Vítimas Feridas;Anoitecer;Crescente;Chuva;Simples;"Aclive;Reta";Não;4;0;2;0;2;0;2;1;-25,76415311;-50,84568368;SPRF-PR;DEL08-PR;UOP02-DEL08-PR
609846;24/06/2024;segunda-feira;21:00:00;BA;324;584;CANDEIAS;Trafegar com motocicleta (ou similar) entre as faixas;Colisão traseira;Com Vítimas Feridas;Plena Noite;Crescente;Chuva;Dupla;"Reta;Aclive";Não;2;0;1;0;1;0;1;2;-12,62182288;-38,48260875;SPRF-BA;DEL01-BA;UOP01-DEL01-BA
609849;24/06/2024;segunda-feira;21:10:00;RO;421;10;ARIQUEMES;Transitar na contramão;Colisão frontal;Com Vítimas Fatais;Plena Noite;Decrescente;Céu Claro;Simples;Reta;Não;3;2;0;0;1;0;0;2;-9,970236;-63,125076;SPRF-RO;DEL03-RO;UOP01-DEL03-RO
609850;25/06/2024;terça-feira;01:00:00;GO;40;3;VALPARAISO DE GOIAS;Ausência de reação do condutor;Colisão com objeto;Com Vítimas Feridas;Plena Noite;Decrescente;Céu Claro;Dupla;"Aclive;Reta";Sim;1;0;1;0;0;0;1;1;-16,076081;-47,985671;SPRF-DF;DEL01-DF;UOP01-DEL01-DF
609851;25/06/2024;terça-feira;00:30:00;PE;101;15,7;GOIANA;Ausência de reação do condutor;Saída de leito carroçável;Com Vítimas Feridas;Plena Noite;Decrescente;Céu Claro;Dupla;Reta;Não;1;0;1;0;0;0;1;1;-7,62621106;-34,96669711;SPRF-PE;DEL01-PE;UOP02-DEL01-PE
609854;25/06/2024;terça-feira;03:00:00;SP;116;225;GUARULHOS;Condutor Dormindo;Colisão com objeto;Com Vítimas Feridas;Plena Noite;Crescente;Céu Claro;Múltipla;"Reta;Aclive";Sim;3;0;2;0;1;0;2;1;-23,48586772;-46,54075317;SPRF-SP;DEL01-SP;UOP01-DEL01-SP
609855;25/06/2024;terça-feira;01:00:00;PE;101;208,5;XEXEU;Velocidade Incompatível;Tombamento;Com Vítimas Fatais;Plena Noite;Decrescente;Chuva;Dupla;Reta;Não;2;1;0;1;0;0;1;1;-8,8339084;-35,64489217;SPRF-PE;DEL01-PE;UOP03-DEL01-PE
609860;25/06/2024;terça-feira;02:30:00;BA;367;59;PORTO SEGURO;Neblina;Capotamento;Com Vítimas Feridas;Plena Noite;Crescente;Nevoeiro/Neblina;Simples;Curva;Não;2;0;2;0;0;0;2;1;-16,38650509;-39,37496998;SPRF-BA;DEL09-BA;UOP03-DEL09-BA
609861;25/06/2024;terça-feira;05:05:00;PR;116;132;FAZENDA RIO GRANDE;Ausência de reação do condutor;Saída de leito carroçável;Sem Vítimas;Amanhecer;Crescente;Garoa/Chuvisco;Dupla;"Aclive;Reta";Sim;1;0;0;0;0;1;0;1;-25,69787145;-49,31863546;SPRF-PR;DEL01-PR;UOP03-DEL01-PR
609862;25/06/2024;terça-feira;04:20:00;SP;116;0;QUELUZ;Demais falhas mecânicas ou elétricas;Incêndio;Sem Vítimas;Plena Noite;Crescente;Céu Claro;Dupla;Reta;Não;1;0;0;0;1;0;0;1;-22,513866;-44,69955;SPRF-SP;DEL08-SP;UOP02-DEL08-SP
609863;25/06/2024;terça-feira;05:50:00;SC;470;45,5;GASPAR;Desrespeitar a preferência no cruzamento;Colisão transversal;Com Vítimas Feridas;Amanhecer;Crescente;Nublado;Simples;"Interseção de Vias;Em Obras;Reta";Não;3;0;2;0;1;0;2;2;-26,86286623;-49,03482741;SPRF-SC;DEL04-SC;UOP01-DEL04-SC
609865;25/06/2024;terça-feira;04:50:00;PB;230;353;PATOS;Animais na Pista;Atropelamento de Animal;Com Vítimas Feridas;Amanhecer;Crescente;Céu Claro;Simples;"Reta;Aclive";Não;1;0;0;1;0;0;1;1;-6,9388;-37,4077;SPRF-PB;DEL03-PB;UOP02-DEL03-PB
609866;25/06/2024;terça-feira;05:56:00;PE;408;99,5;SAO LOURENCO DA MATA;Acumulo de água sobre o pavimento;Saída de leito carroçável;Com Vítimas Feridas;Pleno dia;Crescente;Chuva;Dupla;"Reta;Aclive";Não;5;0;4;1;0;0;5;1;-8,043197;-35,020273;SPRF-PE;DEL01-PE;UOP01-DEL01-PE
609867;25/06/2024;terça-feira;05:50:00;BA;407;115;SENHOR DO BONFIM;Condutor Dormindo;Colisão traseira;Com Vítimas Feridas;Amanhecer;Crescente;Céu Claro;Simples;Reta;Sim;3;0;1;0;2;0;1;2;-10,36046202;-40,16891967;SPRF-BA;DEL04-BA;UOP01-DEL04-BA
609868;25/06/2024;terça-feira;06:20:00;RS;116;522,7;PELOTAS;Acessar a via sem observar a presença dos outros veículos;Colisão traseira;Com Vítimas Feridas;Plena Noite;Decrescente;Nublado;Múltipla;"Reta;Interseção de Vias";Sim;2;0;0;1;0;1;1;2;-31,71926941;-52,37913251;SPRF-RS;DEL07-RS;UOP01-DEL07-RS
609869;25/06/2024;terça-feira;06:00:00;RJ;116;184;NOVA IGUACU;Ingestão de álcool pelo condutor;Saída de leito carroçável;Com Vítimas Feridas;Pleno dia;Decrescente;Céu Claro;Dupla;Reta;Sim;1;0;1;0;0;0;1;1;-22,74647215;-43,44594311;SPRF-RJ;DEL06-RJ;UOP01-DEL06-RJ
609870;25/06/2024;terça-feira;07:15:00;PR;376;620;SAO JOSE DOS PINHAIS;Acessar a via sem observar a presença dos outros veículos;Colisão frontal;Com Vítimas Feridas;Pleno dia;Decrescente;Chuva;Simples;Reta;Sim;2;0;1;0;1;0;1;2;-25,60925907;-49,17205834;SPRF-PR;DEL01-PR;UOP04-DEL01-PR
609872;25/06/2024;terça-feira;07:15:00;DF;70;17;BRASILIA;Ausência de reação do condutor;Saída de leito carroçável;Com Vítimas Feridas;Pleno dia;Crescente;Céu Claro;Simples;Reta;Sim;3;0;0;1;0;2;1;2;-15,794133;-48,202095;SPRF-DF;DEL03-DF;UOP02-DEL03-DF
609873;25/06/2024;terça-feira;07:00:00;SP;381;69;MAIRIPORA;Reação tardia ou ineficiente do condutor;Queda de ocupante de veículo;Com Vítimas Feridas;Pleno dia;Crescente;Céu Claro;Múltipla;"Aclive;Curva";Não;1;0;1;0;0;0;1;1;-23,34553108;-46,56787903;SPRF-SP;DEL03-SP;UOP01-DEL03-SP
609876;25/06/2024;terça-feira;07:20:00;RS;101;55;MAQUINE;Reação tardia ou ineficiente do condutor;Tombamento;Com Vítimas Feridas;Pleno dia;Crescente;Céu Claro;Dupla;Reta;Não;1;0;1;0;0;0;1;1;-29,64599687;-50,1117261;SPRF-RS;DEL03-RS;UOP02-DEL03-RS
609878;25/06/2024;terça-feira;07:20:00;ES;101;126;SOORETAMA;Acessar a via sem observar a presença dos outros veículos;Colisão transversal;Com Vítimas Feridas;Pleno dia;Crescente;Céu Claro;Dupla;"Interseção de Vias;Reta";Não;2;0;1;0;1;0;1;2;-19,193953;-40,0951;SPRF-ES;DEL04-ES;UOP01-DEL04-ES
609879;25/06/2024;terça-feira;08:10:00;MG;381;487,8;BETIM;Ausência de reação do condutor;Colisão traseira;Com Vítimas Feridas;Pleno dia;Decrescente;Céu Claro;Múltipla;Reta;Sim;3;0;2;0;1;0;2;2;-19,95558063;-44,11476374;SPRF-MG;DEL01-MG;UOP03-DEL01-MG
609882;25/06/2024;terça-feira;07:40:00;BA;116;830;VITORIA DA CONQUISTA;Ausência de reação do condutor;Colisão traseira;Com Vítimas Feridas;Pleno dia;Decrescente;Céu Claro;Simples;Reta;Não;2;0;1;0;1;0;1;2;-14,91079;-40,87251;SPRF-BA;DEL08-BA;UOP01-DEL08-BA
609883;25/06/2024;terça-feira;06:45:00;BA;242;236;ITABERABA;Pista esburacada;Colisão lateral sentido oposto;Com Vítimas Feridas;Amanhecer;Crescente;Nublado;Simples;Reta;Não;2;0;1;0;1;0;1;2;-12,52884957;-40,36965774;SPRF-BA;DEL06-BA;UOP02-DEL06-BA
609885;25/06/2024;terça-feira;08:25:00;SE;235;56;ITABAIANA;Condutor deixou de manter distância do veículo da frente;Colisão traseira;Com Vítimas Feridas;Pleno dia;Decrescente;Sol;Simples;"Aclive;Curva";Sim;3;0;2;0;1;0;2;2;-10,658644;-37,448425;SPRF-SE;DEL01-SE;UOP02-DEL01-SE
609887;25/06/2024;terça-feira;07:50:00;RJ;40;121;DUQUE DE CAXIAS;Acessar a via sem observar a presença dos outros veículos;Colisão traseira;Com Vítimas Feridas;Pleno dia;Decrescente;Céu Claro;Dupla;Reta;Não;2;0;1;0;1;0;1;2;-22,78185499;-43,28571273;SPRF-RJ;DEL01-RJ;UOP02-DEL01-RJ
609888;25/06/2024;terça-feira;08:45:00;CE;222;2,4;FORTALEZA;Condutor deixou de manter distância do veículo da frente;Colisão traseira;Com Vítimas Feridas;Pleno dia;Crescente;Céu Claro;Múltipla;Reta;Sim;2;0;1;0;1;0;1;2;-3,739555;-38,591087;SPRF-CE;DEL01-CE;UOP01-DEL01-CE
609890;25/06/2024;terça-feira;08:00:00;RN;101;72;NATAL;Acessar a via sem observar a presença dos outros veículos;Colisão transversal;Com Vítimas Feridas;Pleno dia;Decrescente;Céu Claro;Simples;Interseção de Vias;Não;2;0;0;1;1;0;1;2;-5,69866248;-35,26316835;SPRF-RN;DEL02-RN;UOP01-DEL02-RN
609892;25/06/2024;terça-feira;08:25:00;GO;40;4;VALPARAISO DE GOIAS;Ausência de reação do condutor;Engavetamento;Com Vítimas Feridas;Pleno dia;Crescente;Céu Claro;Dupla;Reta;Sim;3;0;1;0;2;0;1;3;-16,08780206;-47,98533618;SPRF-DF;DEL01-DF;UOP01-DEL01-DF
609893;25/06/2024;terça-feira;07:00:00;MT;70;281;PRIMAVERA DO LESTE;Condutor deixou de manter distância do veículo da frente;Colisão lateral mesmo sentido;Com Vítimas Feridas;Pleno dia;Crescente;Céu Claro;Simples;"Interseção de Vias;Retorno Regulamentado;Reta";Não;5;0;1;0;4;0;1;2;-15,56702889;-54,30512706;SPRF-MT;DEL05-MT;UOP01-DEL05-MT
609895;25/06/2024;terça-feira;08:00:00;PR;467;108,9;CASCAVEL;Entrada inopinada do pedestre;Atropelamento de Pedestre;Com Vítimas Feridas;Pleno dia;Decrescente;Nevoeiro/Neblina;Dupla;"Curva;Declive";Sim;2;0;1;1;0;0;2;2;-24,9237;-53,4676;SPRF-PR;DEL04-PR;UOP01-DEL04-PR
609898;25/06/2024;terça-feira;07:23:00;RO;364;706;PORTO VELHO;Reação tardia ou ineficiente do condutor;Colisão transversal;Com Vítimas Feridas;Amanhecer;Decrescente;Sol;Dupla;Curva;Sim;2;0;0;1;1;0;1;2;-8,80030539;-63,823428;SPRF-RO;DEL01-RO;UOP01-DEL01-RO
609905;25/06/2024;terça-feira;09:07:00;PE;407;127;PETROLINA;Semáforo com defeito;Colisão transversal;Com Vítimas Feridas;Pleno dia;Crescente;Céu Claro;Simples;Interseção de Vias;Sim;2;0;0;1;1;0;1;2;-9,3908678;-40,52038627;SPRF-PE;DEL06-PE;UOP01-DEL06-PE
609906;25/06/2024;terça-feira;09:20:00;SP;116;362;MIRACATU;Velocidade Incompatível;Saída de leito carroçável;Com Vítimas Feridas;Pleno dia;Crescente;Chuva;Dupla;Curva;Não;1;0;1;0;0;0;1;1;-24,1220177;-47,27047772;SPRF-SP;DEL04-SP;UOP03-DEL04-SP
609907;25/06/2024;terça-feira;04:30:00;CE;230;57;LAVRAS DA MANGABEIRA;Ausência de reação do condutor;Queda de ocupante de veículo;Com Vítimas Fatais;Plena Noite;Crescente;Céu Claro;Simples;"Reta;Aclive";Não;1;1;0;0;0;0;0;1;-6,76496403;-39,10882901;SPRF-CE;DEL05-CE;UOP01-DEL05-CE
609908;25/06/2024;terça-feira;09:10:00;GO;153;521,7;HIDROLANDIA;Acessar a via sem observar a presença dos outros veículos;Colisão traseira;Sem Vítimas;Pleno dia;Decrescente;Céu Claro;Dupla;Declive;Não;2;0;0;0;2;0;0;2;-16,8937;-49,2557;SPRF-GO;DEL01-GO;UOP03-DEL01-GO
609909;25/06/2024;terça-feira;09:50:00;PR;369;145;LONDRINA;Ultrapassagem Indevida;Colisão lateral mesmo sentido;Com Vítimas Feridas;Pleno dia;Crescente;Céu Claro;Dupla;Reta;Sim;3;0;1;0;1;1;1;3;-23,29306897;-51,12156808;SPRF-PR;DEL07-PR;UOP01-DEL07-PR
609912;25/06/2024;terça-feira;07:55:00;PE;101;183;PALMARES;Pista Escorregadia;Colisão com objeto;Com Vítimas Feridas;Pleno dia;Crescente;Garoa/Chuvisco;Dupla;Curva;Não;1;0;1;0;0;0;1;1;-8,66142762;-35,56549434;SPRF-PE;DEL01-PE;UOP03-DEL01-PE
609913;25/06/2024;terça-feira;08:45:00;SC;101;154;PORTO BELO;Reação tardia ou ineficiente do condutor;Saída de leito carroçável;Com Vítimas Feridas;Pleno dia;Decrescente;Nublado;Múltipla;Reta;Não;1;0;1;0;0;0;1;1;-27,153819;-48,61086393;SPRF-SC;DEL04-SC;UOP03-DEL04-SC
609917;24/06/2024;segunda-feira;20:30:00;BA;324;524;FEIRA DE SANTANA;Acumulo de água sobre o pavimento;Colisão traseira;Com Vítimas Feridas;Plena Noite;Decrescente;Chuva;Dupla;"Curva;Declive";Sim;1;0;1;0;0;0;1;1;-12,2955119;-38,90487093;SPRF-BA;DEL01-BA;UOP03-DEL01-BA
609918;28/04/2024;domingo;08:00:00;PI;316;116;PASSAGEM FRANCA DO PIAUI;Reação tardia ou ineficiente do condutor;Tombamento;Com Vítimas Feridas;Pleno dia;Crescente;Céu Claro;Simples;Reta;Não;1;0;0;1;0;0;1;1;-5,92707069;-42,38666471;SPRF-PI;DEL04-PI;UOP02-DEL04-PI
609920;25/06/2024;terça-feira;07:40:00;RJ;101;325;NITEROI;Trafegar com motocicleta (ou similar) entre as faixas;Colisão traseira;Com Vítimas Feridas;Pleno dia;Crescente;Céu Claro;Múltipla;"Reta;Ponte";Não;3;0;1;0;2;0;1;2;-22,87292569;-43,13625699;SPRF-RJ;DEL02-RJ;UOP01-DEL02-RJ
609921;25/06/2024;terça-feira;10:40:00;BA;324;614;SALVADOR;Demais falhas mecânicas ou elétricas;Colisão traseira;Sem Vítimas;Pleno dia;Crescente;Céu Claro;Dupla;Reta;Não;7;0;0;0;7;0;0;4;-12,8639793;-38,42370126;SPRF-BA;DEL01-BA;UOP01-DEL01-BA
609922;25/06/2024;terça-feira;11:00:00;MG;262;444,3;NOVA SERRANA;Acessar a via sem observar a presença dos outros veículos;Colisão transversal;Com Vítimas Feridas;Pleno dia;Decrescente;Sol;Dupla;Reta;Sim;2;0;1;1;0;0;2;2;-19,87007354;-44,98324728;SPRF-MG;DEL08-MG;UOP03-DEL08-MG
609923;25/06/2024;terça-feira;09:00:00;SP;116;114;TAUBATE;Reação tardia ou ineficiente do condutor;Colisão traseira;Com Vítimas Feridas;Pleno dia;Decrescente;Céu Claro;Dupla;Reta;Sim;2;0;1;0;0;1;1;2;-23,04654177;-45,59018006;SPRF-SP;DEL02-SP;UOP02-DEL02-SP
609925;25/06/2024;terça-feira;11:10:00;RS;116;253;SAPUCAIA DO SUL;Acessar a via sem observar a presença dos outros veículos;Colisão transversal;Com Vítimas Feridas;Pleno dia;Decrescente;Nublado;Dupla;Reta;Sim;3;0;1;0;2;0;1;2;-29,81353998;-51,16856035;SPRF-RS;DEL01-RS;UOP02-DEL01-RS
609926;25/06/2024;terça-feira;11:55:00;SP;153;62;SAO JOSE DO RIO PRETO;Reação tardia ou ineficiente do condutor;Colisão traseira;Com Vítimas Feridas;Pleno dia;Crescente;Céu Claro;Dupla;Reta;Não;3;0;1;0;2;0;1;2;-20,81325404;-49,35675563;SPRF-SP;DEL09-SP;UOP01-DEL09-SP
609927;25/06/2024;terça-feira;10:40:00;MG;251;281;SALINAS;Trafegar com motocicleta (ou similar) entre as faixas;Colisão transversal;Com Vítimas Fatais;Pleno dia;Crescente;Céu Claro;Simples;"Aclive;Reta";Não;3;1;0;0;2;0;0;2;-16,02016872;-42,06807733;SPRF-MG;DEL12-MG;UOP02-DEL12-MG
609928;25/06/2024;terça-feira;10:30:00;PR;277;629,2;CEU AZUL;Transitar na contramão;Colisão lateral sentido oposto;Com Vítimas Feridas;Pleno dia;Crescente;Nublado;Simples;Curva;Não;6;0;1;0;5;0;1;2;-25,10895423;-53,78588307;SPRF-PR;DEL05-PR;UOP02-DEL05-PR
609929;25/06/2024;terça-feira;12:00:00;SC;282;6;SAO JOSE;Ausência de reação do condutor;Tombamento;Com Vítimas Feridas;Pleno dia;Decrescente;Céu Claro;Dupla;Viaduto;Sim;1;0;1;0;0;0;1;1;-27,591936;-48,618244;SPRF-SC;DEL01-SC;UOP01-DEL01-SC
609932;25/06/2024;terça-feira;11:50:00;PE;104;61;CARUARU;Avarias e/ou desgaste excessivo no pneu;Tombamento;Com Vítimas Feridas;Pleno dia;Crescente;Nublado;Dupla;Reta;Sim;1;0;1;0;0;0;1;1;-8,2529;-35,9751;SPRF-PE;DEL02-PE;UOP01-DEL02-PE
609933;25/06/2024;terça-feira;09:20:00;BA;324;587;CANDEIAS;Mal súbito do condutor;Saída de leito carroçável;Com Vítimas Feridas;Pleno dia;Decrescente;Garoa/Chuvisco;Dupla;Reta;Não;4;0;3;0;1;0;3;1;-12,64715411;-38,47504041;SPRF-BA;DEL01-BA;UOP01-DEL01-BA
609934;21/05/2024;terça-feira;07:35:00;MG;50;177;UBERABA;Condutor deixou de manter distância do veículo da frente;Colisão traseira;Com Vítimas Feridas;Pleno dia;Decrescente;Céu Claro;Dupla;Curva;Sim;5;0;0;1;4;0;1;4;-19,77914852;-47,95047701;SPRF-MG;DEL13-MG;UOP01-DEL13-MG