id;data_inversa;dia_semana;horario;uf;br;km;municipio;causa_acidente;tipo_acidente;classificacao_acidente;fase_dia;sentido_via;condicao_metereologica;tipo_pista;tracado_via;uso_solo;pessoas;mortos;feridos_leves;feridos_graves;ilesos;ignorados;feridos;veiculos;latitude;longitude;regional;delegacia;uop
610080;26/06/2024;quarta-feira;04:30:00;SC;470;57,4;BLUMENAU;Demais falhas na via;Tombamento;Com Vítimas Feridas;Plena Noite;Crescente;Garoa/Chuvisco;Simples;"Desvio Temporário;Em Obras;Viaduto";Sim;1;0;1;0;0;0;1;1;-26,88180584;-49,13897574;SPRF-SC;DEL04-SC;UOP01-DEL04-SC
610084;26/06/2024;quarta-feira;06:05:00;PB;101;42,7;MAMANGUAPE;Ausência de reação do condutor;Tombamento;Com Vítimas Feridas;Pleno dia;Decrescente;Céu Claro;Dupla;"Reta;Declive";Não;1;0;1;0;0;0;1;1;-6,86244143;-35,13335109;SPRF-PB;DEL01-PB;UOP04-DEL01-PB
610085;22/06/2024;sábado;18:50:00;RJ;101;319;NITEROI;Reação tardia ou ineficiente do condutor;Colisão com objeto;Com Vítimas Feridas;Plena Noite;Decrescente;Céu Claro;Dupla;Curva;Não;1;0;1;0;0;0;1;1;-22,85411774;-43,1018014;SPRF-RJ;DEL02-RJ;UOP02-DEL02-RJ
610087;25/06/2024;terça-feira;22:15:00;RS;392;75,8;PELOTAS;Desrespeitar a preferência no cruzamento;Colisão transversal;Com Vítimas Feridas;Plena Noite;Crescente;Nublado;Simples;Reta;Não;5;0;5;0;0;0;5;2;-31,70266721;-52,41222613;SPRF-RS;DEL07-RS;UOP01-DEL07-RS
610097;26/06/2024;quarta-feira;04:11:00;BA;110;312;ALAGOINHAS;Animais na Pista;Atropelamento de Animal;Com Vítimas Feridas;Amanhecer;Crescente;Céu Claro;Simples;Reta;Não;1;0;0;1;0;0;1;1;-12,009345;-38,36282629;SPRF-BA;DEL01-BA;UOP04-DEL01-BA
610098;26/06/2024;quarta-feira;06:40:00;PE;101;73,5;RECIFE;Reação tardia ou ineficiente do condutor;Queda de ocupante de veículo;Com Vítimas Feridas;Pleno dia;Crescente;Céu Claro;Dupla;Curva;Sim;1;0;1;0;0;0;1;1;-8,093369;-34,947464;SPRF-PE;DEL01-PE;UOP01-DEL01-PE
610103;26/06/2024;quarta-feira;07:25:00;MG;50;3,4;UBERLANDIA;Reação tardia ou ineficiente do condutor;Colisão traseira;Com Vítimas Feridas;Pleno dia;Crescente;Céu Claro;Dupla;"Reta;Aclive";Não;2;0;0;1;0;1;1;2;-18,8543266;-48,2278023;SPRF-MG;DEL15-MG;UOP02-DEL15-MG
610104;26/06/2024;quarta-feira;08:15:00;RN;101;109;PARNAMIRIM;Ausência de reação do condutor;Queda de ocupante de veículo;Com Vítimas Feridas;Pleno dia;Decrescente;Céu Claro;Dupla;Reta;Sim;1;0;0;1;0;0;1;1;-5,937378;-35,26483;SPRF-RN;DEL01-RN;UOP01-DEL01-RN
610105;26/06/2024;quarta-feira;06:50:00;PR;369;172;ROLANDIA;Condutor deixou de manter distância do veículo da frente;Colisão traseira;Com Vítimas Feridas;Pleno dia;Decrescente;Céu Claro;Simples;Reta;Sim;2;0;1;0;1;0;1;2;-23,30727822;-51,36607826;SPRF-PR;DEL07-PR;UOP01-DEL07-PR
610106;26/06/2024;quarta-feira;06:40:00;SP;116;138;SAO JOSE DOS CAMPOS;Trafegar com motocicleta (ou similar) entre as faixas;Tombamento;Com Vítimas Feridas;Pleno dia;Crescente;Céu Claro;Dupla;Reta;Sim;1;0;1;0;0;0;1;1;-23,1572739;-45,79554605;SPRF-SP;DEL02-SP;UOP01-DEL02-SP
610107;26/06/2024;quarta-feira;07:50:00;CE;116;5,8;FORTALEZA;Ausência de reação do condutor;Colisão traseira;Com Vítimas Feridas;Pleno dia;Crescente;Céu Claro;Dupla;Reta;Sim;2;0;1;0;1;0;1;2;-3,79467116;-38,50772734;SPRF-CE;DEL01-CE;UOP02-DEL01-CE
610108;19/03/2024;terça-feira;15:30:00;SC;101;416;ARARANGUA;Reação tardia ou ineficiente do condutor;Colisão traseira;Com Vítimas Feridas;Pleno dia;Decrescente;Nublado;Múltipla;Reta;Sim;3;0;1;0;2;0;1;3;-28,96708874;-49,52338825;SPRF-SC;DEL02-SC;UOP02-DEL02-SC
610109;26/06/2024;quarta-feira;07:30:00;SC;470;147;RIO DO SUL;Desrespeitar a preferência no cruzamento;Colisão transversal;Com Vítimas Feridas;Pleno dia;Decrescente;Garoa/Chuvisco;Simples;Reta;Sim;2;0;1;0;1;0;1;2;-27,24226517;-49,68805259;SPRF-SC;DEL04-SC;UOP02-DEL04-SC
610110;26/06/2024;quarta-feira;08:00:00;MG;262;439;NOVA SERRANA;Ausência de reação do condutor;Tombamento;Com Vítimas Feridas;Pleno dia;Decrescente;Céu Claro;Dupla;Reta;Sim;2;0;1;0;1;0;1;1;-19,89197285;-44,88685183;SPRF-MG;DEL08-MG;UOP03-DEL08-MG
610111;26/06/2024;quarta-feira;08:20:00;PR;476;120;COLOMBO;Reação tardia ou ineficiente do condutor;Colisão traseira;Sem Vítimas;Pleno dia;Crescente;Céu Claro;Dupla;Reta;Sim;2;0;0;0;2;0;0;2;-25,3747;-49,1939;SPRF-PR;DEL01-PR;UOP01-DEL01-PR
610112;02/06/2024;domingo;17:10:00;SC;470;64,9;INDAIAL;Condutor deixou de manter distância do veículo da frente;Colisão traseira;Com Vítimas Feridas;Pleno dia;Decrescente;Céu Claro;Simples;Reta;Não;4;0;1;1;2;0;2;2;-26,869867;-49,201859;SPRF-SC;DEL04-SC;UOP01-DEL04-SC
610113;26/06/2024;quarta-feira;05:50:00;RJ;116;182;NOVA IGUACU;Reação tardia ou ineficiente do condutor;Queda de ocupante de veículo;Com Vítimas Feridas;Amanhecer;Decrescente;Sol;Dupla;Reta;Não;2;0;0;1;0;1;1;1;-22,7567755;-43,43107234;SPRF-RJ;DEL06-RJ;UOP01-DEL06-RJ
610114;26/06/2024;quarta-feira;07:50:00;DF;40;3;BRASILIA;Condutor deixou de manter distância do veículo da frente;Colisão traseira;Com Vítimas Feridas;Pleno dia;Crescente;Céu Claro;Dupla;Reta;Sim;2;0;1;0;1;0;1;2;-16,003145;-47,983944;SPRF-DF;DEL01-DF;UOP01-DEL01-DF
610115;26/06/2024;quarta-feira;08:15:00;CE;222;0,3;FORTALEZA;Condutor deixou de manter distância do veículo da frente;Colisão traseira;Com Vítimas Feridas;Pleno dia;Decrescente;Céu Claro;Múltipla;Reta;Sim;2;0;1;0;1;0;1;2;-3,7367737;-38,56923;SPRF-CE;DEL01-CE;UOP01-DEL01-CE
610117;26/06/2024;quarta-feira;07:54:00;TO;10;459,8;PALMAS;Condutor deixou de manter distância do veículo da frente;Colisão traseira;Com Vítimas Feridas;Pleno dia;Crescente;Céu Claro;Múltipla;"Reta;Aclive";Sim;6;0;3;0;2;1;3;6;-10,18953902;-48,17153202;SPRF-TO;DEL01-TO;UOP03-DEL01-TO
610118;26/06/2024;quarta-feira;07:35:00;RJ;465;20;NOVA IGUACU;Ausência de reação do condutor;Atropelamento de Pedestre;Com Vítimas Feridas;Pleno dia;Decrescente;Céu Claro;Simples;Reta;Não;2;0;1;0;1;0;1;2;-22,846828;-43,605339;SPRF-RJ;DEL06-RJ;UOP02-DEL06-RJ
610119;26/06/2024;quarta-feira;06:30:00;SC;280;29,4;ARAQUARI;Desrespeitar a preferência no cruzamento;Colisão transversal;Com Vítimas Feridas;Amanhecer;Crescente;Nublado;Simples;Reta;Sim;3;0;1;0;2;0;1;3;-26,41066264;-48,75295628;SPRF-SC;DEL03-SC;UOP03-DEL03-SC
610120;26/06/2024;quarta-feira;08:00:00;RN;304;29;MOSSORO;Acessar a via sem observar a presença dos outros veículos;Colisão transversal;Com Vítimas Feridas;Pleno dia;Decrescente;Sol;Simples;Interseção de Vias;Sim;2;0;1;0;1;0;1;2;-5,10820698;-37,33904209;SPRF-RN;DEL04-RN;UOP02-DEL04-RN
610121;26/06/2024;quarta-feira;06:10:00;GO;80;132;VILA PROPICIO;Reação tardia ou ineficiente do condutor;Saída de leito carroçável;Com Vítimas Feridas;Amanhecer;Decrescente;Céu Claro;Simples;"Retorno Regulamentado;Interseção de Vias";Não;4;0;3;0;1;0;3;1;-15,208875;-48,697312;SPRF-GO;DEL07-GO;UOP02-DEL07-GO
610122;26/06/2024;quarta-feira;09:00:00;SP;116;225;GUARULHOS;Ausência de reação do condutor;Queda de ocupante de veículo;Com Vítimas Feridas;Pleno dia;Decrescente;Sol;Dupla;Reta;Sim;1;0;1;0;0;0;1;1;-23,48586772;-46,54075317;SPRF-SP;DEL01-SP;UOP01-DEL01-SP
610123;26/06/2024;quarta-feira;09:00:00;BA;110;221;NOVA SOURE;Ingestão de álcool pelo condutor;Colisão com objeto;Com Vítimas Feridas;Pleno dia;Crescente;Céu Claro;Simples;Reta;Não;1;0;0;1;0;0;1;1;-11,27411372;-38,44207072;SPRF-BA;DEL07-BA;UOP02-DEL07-BA
610124;26/06/2024;quarta-feira;06:40:00;SC;158;108;CUNHA PORA;Chuva;Queda de ocupante de veículo;Com Vítimas Feridas;Pleno dia;Decrescente;Chuva;Simples;Curva;Sim;1;0;1;0;0;0;1;1;-26,87369346;-53,16378593;SPRF-SC;DEL07-SC;UOP02-DEL07-SC
610125;25/06/2024;terça-feira;20:20:00;RS;470;155;NOVA PRATA;Acessar a via sem observar a presença dos outros veículos;Colisão transversal;Com Vítimas Feridas;Plena Noite;Decrescente;Garoa/Chuvisco;Simples;Reta;Sim;2;0;1;0;1;0;1;2;-28,78243906;-51,61511825;SPRF-RS;DEL06-RS;UOP02-DEL06-RS
610126;01/06/2024;sábado;17:55:00;SC;470;140;RIO DO SUL;Acessar a via sem observar a presença dos outros veículos;Colisão transversal;Com Vítimas Feridas;Anoitecer;Decrescente;Céu Claro;Simples;Interseção de Vias;Sim;2;0;1;0;1;0;1;2;-27,222485;-49,662827;SPRF-SC;DEL04-SC;UOP02-DEL04-SC
610127;26/06/2024;quarta-feira;08:35:00;RJ;493;19;MAGE;Área urbana sem a presença de local apropriado para a travessia de pedestres;Colisão transversal;Com Vítimas Feridas;Pleno dia;Crescente;Céu Claro;Simples;Reta;Sim;2;0;1;0;1;0;1;2;-22,6663848;-43,02770248;SPRF-RJ;DEL04-RJ;UOP02-DEL04-RJ
610128;26/06/2024;quarta-feira;09:10:00;SP;116;134;CACAPAVA;Reação tardia ou ineficiente do condutor;Engavetamento;Com Vítimas Feridas;Pleno dia;Decrescente;Céu Claro;Dupla;Reta;Sim;4;0;1;0;3;0;1;4;-23,1402216;-45,7617252;SPRF-SP;DEL02-SP;UOP02-DEL02-SP
610130;26/06/2024;quarta-feira;08:30:00;MT;163;753;SORRISO;Acesso irregular;Eventos atípicos;Com Vítimas Feridas;Pleno dia;Crescente;Céu Claro;Dupla;Interseção de Vias;Sim;3;0;1;0;2;0;1;2;-12,55068875;-55,71308613;SPRF-MT;DEL06-MT;UOP01-DEL06-MT
610131;26/06/2024;quarta-feira;07:25:00;RO;319;58;PORTO VELHO;Reação tardia ou ineficiente do condutor;Colisão traseira;Com Vítimas Feridas;Pleno dia;Decrescente;Céu Claro;Dupla;Reta;Sim;3;0;1;0;2;0;1;2;-8,739714;-63,93214024;SPRF-RO;DEL01-RO;UOP01-DEL01-RO
610132;26/06/2024;quarta-feira;10:12:00;CE;116;20;EUSEBIO;Manobra de mudança de faixa;Colisão lateral mesmo sentido;Com Vítimas Feridas;Pleno dia;Decrescente;Nublado;Dupla;Reta;Sim;2;0;1;0;0;1;1;2;-3,92277497;-38,50762327;SPRF-CE;DEL01-CE;UOP02-DEL01-CE
610133;26/06/2024;quarta-feira;08:30:00;RJ;493;1;ITABORAI;Pedestre cruzava a pista fora da faixa;Atropelamento de Pedestre;Com Vítimas Feridas;Pleno dia;Decrescente;Céu Claro;Dupla;Reta;Não;3;0;3;0;0;0;3;2;-22,76398788;-42,92731895;SPRF-RJ;DEL02-RJ;UOP02-DEL02-RJ
610134;26/06/2024;quarta-feira;09:00:00;PE;424;81,4;GARANHUNS;Reação tardia ou ineficiente do condutor;Colisão traseira;Com Vítimas Feridas;Pleno dia;Decrescente;Céu Claro;Simples;Aclive;Não;3;0;1;0;2;0;1;2;-8,83566196;-36,53934997;SPRF-PE;DEL03-PE;UOP01-DEL03-PE
610135;26/06/2024;quarta-feira;10:00:00;GO;153;516,2;APARECIDA DE GOIANIA;Acessar a via sem observar a presença dos outros veículos;Colisão lateral mesmo sentido;Com Vítimas Feridas;Pleno dia;Decrescente;Sol;Dupla;Reta;Sim;4;0;2;0;2;0;2;2;-16,8504;-49,2473;SPRF-GO;DEL01-GO;UOP03-DEL01-GO
610139;26/06/2024;quarta-feira;10:20:00;DF;60;2,3;BRASILIA;Acessar a via sem observar a presença dos outros veículos;Colisão transversal;Com Vítimas Feridas;Pleno dia;Crescente;Céu Claro;Dupla;"Retorno Regulamentado;Reta";Sim;7;0;2;0;5;0;2;3;-15,88827376;-48,08058143;SPRF-DF;DEL03-DF;UOP01-DEL03-DF
610140;04/06/2024;terça-feira;17:45:00;RS;470;223;GARIBALDI;Acessar a via sem observar a presença dos outros veículos;Colisão transversal;Com Vítimas Feridas;Anoitecer;Crescente;Céu Claro;Simples;"Retorno Regulamentado;Reta";Não;4;0;3;0;1;0;3;2;-29,21249203;-51,51794436;SPRF-RS;DEL06-RS;UOP01-DEL06-RS
610141;25/06/2024;terça-feira;05:00:00;MG;365;759;ITUIUTABA;Condutor Dormindo;Saída de leito carroçável;Com Vítimas Feridas;Amanhecer;Crescente;Céu Claro;Simples;"Reta;Aclive";Não;1;0;1;0;0;0;1;1;-18,96582569;-49,49808098;SPRF-MG;DEL15-MG;UOP03-DEL15-MG
610142;26/06/2024;quarta-feira;10:00:00;PR;476;330,5;PAULA FREITAS;Frear bruscamente;Colisão traseira;Sem Vítimas;Pleno dia;Crescente;Garoa/Chuvisco;Simples;Reta;Não;2;0;0;0;2;0;0;2;-26,110893;-50,813488;SPRF-PR;DEL02-PR;UOP03-DEL02-PR
610143;24/06/2024;segunda-feira;16:45:00;CE;0;0;BOA VIAGEM;Desrespeitar a preferência no cruzamento;Colisão transversal;Com Vítimas Feridas;Pleno dia;Não Informado;Céu Claro;Simples;"Aclive;Interseção de Vias";Sim;2;0;0;1;1;0;1;2;-5,120231;-39,729642;SPRF-CE;DEL02-CE;UOP02-DEL02-CE
610144;26/06/2024;quarta-feira;07:50:00;PR;369;172;ROLANDIA;Reação tardia ou ineficiente do condutor;Colisão com objeto;Com Vítimas Feridas;Pleno dia;Decrescente;Céu Claro;Simples;Reta;Sim;3;0;1;0;1;1;1;3;-23,30727822;-51,36607826;SPRF-PR;DEL07-PR;UOP01-DEL07-PR
610149;26/06/2024;quarta-feira;11:00:00;PI;316;13,6;TERESINA;Demais falhas mecânicas ou elétricas;Saída de leito carroçável;Com Vítimas Feridas;Pleno dia;Crescente;Céu Claro;Dupla;Curva;Sim;1;0;1;0;0;0;1;1;-5,215779;-42,753346;SPRF-PI;DEL01-PI;UOP02-DEL01-PI
610150;26/06/2024;quarta-feira;11:40:00;GO;153;489,6;GOIANIA;Mal súbito do condutor;Saída de leito carroçável;Com Vítimas Feridas;Pleno dia;Crescente;Céu Claro;Simples;Rotatória;Sim;1;0;1;0;0;0;1;1;-16,61957909;-49,20613289;SPRF-GO;DEL01-GO;UOP01-DEL01-GO
610151;26/06/2024;quarta-feira;10:20:00;SP;116;138;SAO JOSE DOS CAMPOS;Trafegar com motocicleta (ou similar) entre as faixas;Colisão lateral mesmo sentido;Com Vítimas Feridas;Pleno dia;Decrescente;Céu Claro;Dupla;Reta;Não;2;0;0;1;1;0;1;2;-23,1572739;-45,79554605;SPRF-SP;DEL02-SP;UOP01-DEL02-SP
610152;26/06/2024;quarta-feira;10:30:00;ES;262;100;VENDA NOVA DO IMIGRANTE;Velocidade Incompatível;Capotamento;Com Vítimas Feridas;Pleno dia;Crescente;Céu Claro;Simples;"Declive;Curva";Não;2;0;2;0;0;0;2;1;-20,34889991;-41,102073;SPRF-ES;DEL01-ES;UOP02-DEL01-ES
610155;26/06/2024;quarta-feira;12:05:00;SP;101;45;UBATUBA;Trafegar com motocicleta (ou similar) entre as faixas;Colisão transversal;Com Vítimas Feridas;Pleno dia;Decrescente;Céu Claro;Simples;Reta;Sim;3;0;1;0;1;1;1;3;-23,41779396;-45,06788408;SPRF-SP;DEL06-SP;UOP01-DEL06-SP
610156;26/06/2024;quarta-feira;11:50:00;PB;230;55,7;CRUZ DO ESPIRITO SANTO;Reação tardia ou ineficiente do condutor;Saída de leito carroçável;Com Vítimas Feridas;Pleno dia;Decrescente;Céu Claro;Dupla;Reta;Não;2;0;2;0;0;0;2;1;-7,2014;-35,0943;SPRF-PB;DEL01-PB;UOP03-DEL01-PB
610157;25/04/2024;quinta-feira;13:40:00;RS;116;257,7;ESTEIO;Ausência de reação do condutor;Colisão lateral mesmo sentido;Com Vítimas Feridas;Pleno dia;Crescente;Céu Claro;Dupla;Reta;Sim;3;0;1;0;2;0;1;3;-29,85262195;-51,17968329;SPRF-RS;DEL01-RS;UOP02-DEL01-RS
610159;26/06/2024;quarta-feira;12:30:00;PR;369;152,7;LONDRINA;Acessar a via sem observar a presença dos outros veículos;Colisão transversal;Com Vítimas Feridas;Pleno dia;Decrescente;Céu Claro;Dupla;"Reta;Interseção de Vias";Sim;2;0;0;1;1;0;1;2;-23,29360111;-51,18735731;SPRF-PR;DEL07-PR;UOP01-DEL07-PR
610161;26/06/2024;quarta-feira;12:30:00;SC;101;147,5;ITAPEMA;Transitar na contramão;Colisão frontal;Com Vítimas Feridas;Pleno dia;Crescente;Sol;Múltipla;Interseção de Vias;Sim;2;0;1;0;1;0;1;2;-27,09237407;-48,61730888;SPRF-SC;DEL04-SC;UOP03-DEL04-SC
610164;14/06/2024;sexta-feira;19:00:00;RJ;493;93;JAPERI;Fumaça;Incêndio;Sem Vítimas;Plena Noite;Crescente;Céu Claro;Dupla;Reta;Não;1;0;0;0;1;0;0;1;-22,66564848;-43,63243818;SPRF-RJ;DEL01-RJ;UOP03-DEL01-RJ
610166;17/05/2024;sexta-feira;18:30:00;GO;20;223;POSSE;Deixar de acionar o farol da motocicleta (ou similar);Colisão transversal;Com Vítimas Feridas;Plena Noite;Decrescente;Céu Claro;Simples;Reta;Não;2;0;1;0;1;0;1;2;-14,170753;-46,328178;SPRF-DF;DEL02-DF;UOP03-DEL02-DF
610168;26/06/2024;quarta-feira;12:45:00;MG;356;268,4;MURIAE;Conversão proibida;Colisão transversal;Com Vítimas Feridas;Pleno dia;Decrescente;Sol;Simples;"Reta;Aclive;Interseção de Vias";Sim;2;0;1;0;1;0;1;2;-21,12811817;-42,34614286;SPRF-MG;DEL07-MG;UOP02-DEL07-MG
610170;26/06/2024;quarta-feira;11:50:00;RJ;393;240;VASSOURAS;Ausência de reação do condutor;Saída de leito carroçável;Com Vítimas Feridas;Pleno dia;Decrescente;Céu Claro;Simples;Reta;Não;1;0;1;0;0;0;1;1;-22,41456264;-43,67661632;SPRF-RJ;DEL05-RJ;UOP04-DEL05-RJ
610172;26/06/2024;quarta-feira;13:00:00;DF;70;7;BRASILIA;Acessar a via sem observar a presença dos outros veículos;Colisão traseira;Com Vítimas Feridas;Pleno dia;Decrescente;Céu Claro;Dupla;"Reta;Interseção de Vias";Sim;3;0;1;0;2;0;1;2;-15,787601;-48,114429;SPRF-DF;DEL03-DF;UOP02-DEL03-DF
610173;26/06/2024;quarta-feira;09:57:00;RJ;465;4;SEROPEDICA;Acesso irregular;Colisão transversal;Com Vítimas Feridas;Pleno dia;Decrescente;Céu Claro;Simples;Reta;Não;3;0;2;0;1;0;2;2;-22,740971;-43,705597;SPRF-RJ;DEL06-RJ;UOP02-DEL06-RJ
610174;26/06/2024;quarta-feira;10:00:00;MG;381;248,7;SANTANA DO PARAISO;Ultrapassagem Indevida;Colisão frontal;Com Vítimas Feridas;Pleno dia;Crescente;Céu Claro;Simples;Reta;Não;2;0;0;1;1;0;1;2;-19,44943538;-42,51571655;SPRF-MG;DEL06-MG;UOP01-DEL06-MG
610175;26/06/2024;quarta-feira;12:50:00;RO;364;427,6;JARU;Desrespeitar a preferência no cruzamento;Colisão transversal;Com Vítimas Feridas;Pleno dia;Crescente;Céu Claro;Simples;"Rotatória;Retorno Regulamentado;Reta;Interseção de Vias";Sim;2;0;1;1;0;0;2;2;-10,42682922;-62,48843193;SPRF-RO;DEL03-RO;UOP02-DEL03-RO
610177;26/06/2024;quarta-feira;09:40:00;MT;364;405;CUIABA;Condutor deixou de manter distância do veículo da frente;Colisão traseira;Com Vítimas Feridas;Pleno dia;Crescente;Céu Claro;Dupla;Reta;Sim;3;0;2;0;1;0;2;2;-15,65807393;-55,97979396;SPRF-MT;DEL01-MT;UOP02-DEL01-MT
610178;29/05/2024;quarta-feira;12:30:00;MG;40;521;CONTAGEM;Trafegar com motocicleta (ou similar) entre as faixas;Tombamento;Com Vítimas Feridas;Pleno dia;Decrescente;Céu Claro;Dupla;Reta;Sim;1;0;1;0;0;0;1;1;-19,85651501;-44,07213222;SPRF-MG;DEL01-MG;UOP02-DEL01-MG
610181;26/06/2024;quarta-feira;12:00:00;AC;317;90;SENADOR GUIOMARD;Conversão proibida;Colisão lateral mesmo sentido;Com Vítimas Feridas;Pleno dia;Crescente;Sol;Simples;Reta;Não;2;0;0;1;1;0;1;2;-10,151113;-67,711309;SPRF-AC;DEL01-AC;UOP01-DEL01-AC
610186;26/06/2024;quarta-feira;14:40:00;ES;101;268;SERRA;Condutor deixou de manter distância do veículo da frente;Colisão traseira;Com Vítimas Feridas;Pleno dia;Crescente;Céu Claro;Múltipla;Reta;Não;2;0;1;0;1;0;1;2;-20,20842;-40,269405;SPRF-ES;DEL02-ES;UOP01-DEL02-ES
610189;26/06/2024;quarta-feira;14:00:00;SC;101;177,1;BIGUACU;Acessar a via sem observar a presença dos outros veículos;Colisão transversal;Com Vítimas Feridas;Pleno dia;Crescente;Sol;Simples;Reta;Não;3;0;1;0;2;0;1;2;-27,35538202;-48,63241474;SPRF-SC;DEL01-SC;UOP01-DEL01-SC
610191;26/06/2024;quarta-feira;09:20:00;MT;163;674;LUCAS DO RIO VERDE;Reação tardia ou ineficiente do condutor;Saída de leito carroçável;Com Vítimas Feridas;Pleno dia;Decrescente;Céu Claro;Simples;Reta;Não;2;0;1;0;0;1;1;1;-13,29032613;-56,03348571;SPRF-MT;DEL06-MT;UOP01-DEL06-MT
610192;26/06/2024;quarta-feira;13:29:00;PE;232;57;POMBOS;Ausência de reação do condutor;Tombamento;Sem Vítimas;Pleno dia;Crescente;Céu Claro;Dupla;Reta;Não;1;0;0;0;0;1;0;1;-8,1412132;-35,38181492;SPRF-PE;DEL02-PE;UOP02-DEL02PE
610194;26/06/2024;quarta-feira;15:47:00;DF;60;4;BRASILIA;Transitar no Acostamento;Colisão transversal;Com Vítimas Feridas;Pleno dia;Decrescente;Céu Claro;Dupla;"Reta;Aclive";Sim;2;0;1;0;1;0;1;2;-15,892721;-48,095741;SPRF-DF;DEL03-DF;UOP01-DEL03-DF
610195;26/06/2024;quarta-feira;11:45:00;RO;421;81;NOVA MAMORE;Desrespeitar a preferência no cruzamento;Colisão transversal;Com Vítimas Feridas;Pleno dia;Crescente;Céu Claro;Dupla;Interseção de Vias;Sim;2;0;1;0;1;0;1;2;-10,40867669;-65,32982653;SPRF-RO;DEL03-RO;UOP01-DEL03-RO
610197;26/06/2024;quarta-feira;16:00:00;MG;381;498;BETIM;Manobra de mudança de faixa;Colisão lateral mesmo sentido;Com Vítimas Feridas;Pleno dia;Crescente;Céu Claro;Múltipla;Reta;Não;2;0;1;0;1;0;1;2;-20,01172662;-44,21976041;SPRF-MG;DEL01-MG;UOP03-DEL01-MG
610200;26/06/2024;quarta-feira;13:18:00;BA;367;23,9;PORTO SEGURO;Conversão proibida;Colisão frontal;Com Vítimas Feridas;Pleno dia;Crescente;Céu Claro;Simples;Reta;Sim;2;0;1;0;1;0;1;2;-16,437631;-39,08164;SPRF-BA;DEL09-BA;UOP03-DEL09-BA
610203;26/06/2024;quarta-feira;16:30:00;ES;262;158,8;IBATIBA;Transitar na contramão;Colisão transversal;Com Vítimas Feridas;Pleno dia;Crescente;Céu Claro;Múltipla;Rotatória;Sim;2;0;2;0;0;0;2;2;-20,23111383;-41,49626094;SPRF-ES;DEL01-ES;UOP02-DEL01-ES
610204;26/06/2024;quarta-feira;12:00:00;MT;163;742;SORRISO;Demais falhas mecânicas ou elétricas;Queda de ocupante de veículo;Com Vítimas Feridas;Pleno dia;Crescente;Céu Claro;Simples;Reta;Não;2;0;2;0;0;0;2;1;-12,6237594;-55,7686283;SPRF-MT;DEL06-MT;UOP01-DEL06-MT
610209;26/06/2024;quarta-feira;17:38:00;RN;101;103;PARNAMIRIM;Condutor deixou de manter distância do veículo da frente;Queda de ocupante de veículo;Com Vítimas Feridas;Plena Noite;Crescente;Céu Claro;Múltipla;Reta;Sim;1;0;1;0;0;0;1;1;-5,89034022;-35,24894996;SPRF-RN;DEL01-RN;UOP01-DEL01-RN
610211;26/06/2024;quarta-feira;17:35:00;SC;280;131;RIO NEGRINHO;Acessar a via sem observar a presença dos outros veículos;Colisão transversal;Com Vítimas Feridas;Anoitecer;Decrescente;Céu Claro;Simples;Reta;Sim;2;0;1;0;1;0;1;2;-26,25581515;-49,53953493;SPRF-SC;DEL06-SC;UOP03-DEL06-SC
610212;26/06/2024;quarta-feira;17:00:00;RS;386;389,1;TRIUNFO;Reação tardia ou ineficiente do condutor;Colisão com objeto;Com Vítimas Feridas;Pleno dia;Decrescente;Nublado;Simples;Reta;Não;1;0;1;0;0;0;1;1;-29,699799;-51,686905;SPRF-RS;DEL04-RS;UOP02-DEL04-RS
610214;26/06/2024;quarta-feira;18:00:00;SC;101;204,3;SAO JOSE;Reação tardia ou ineficiente do condutor;Tombamento;Com Vítimas Feridas;Plena Noite;Decrescente;Nublado;Múltipla;Reta;Sim;1;0;1;0;0;0;1;1;-27,57413014;-48,61363083;SPRF-SC;DEL01-SC;UOP01-DEL01-SC
610215;26/06/2024;quarta-feira;17:40:00;ES;101;62;SAO MATEUS;Desrespeitar a preferência no cruzamento;Colisão transversal;Com Vítimas Feridas;Anoitecer;Decrescente;Nublado;Simples;"Reta;Interseção de Vias";Sim;2;0;1;0;0;1;1;2;-18,69020499;-39,86154403;SPRF-ES;DEL04-ES;UOP02-DEL04-ES
610217;26/06/2024;quarta-feira;16:55:00;MG;381;852;POUSO ALEGRE;Manobra de mudança de faixa;Colisão lateral mesmo sentido;Com Vítimas Feridas;Pleno dia;Crescente;Céu Claro;Dupla;Reta;Não;3;0;2;0;1;0;2;2;-22,29622613;-45,89935251;SPRF-MG;DEL16-MG;UOP01-DEL16-MG
610218;01/04/2024;segunda-feira;07:50:00;RS;287;399;SANTIAGO;Reação tardia ou ineficiente do condutor;Colisão transversal;Com Vítimas Feridas;Amanhecer;Crescente;Nublado;Simples;Reta;Sim;2;0;0;1;1;0;1;2;-29,16794191;-54,86705298;SPRF-RS;DEL12-RS;UOP02-DEL12-RS
610221;26/06/2024;quarta-feira;18:05:00;TO;153;496,6;PARAISO DO TOCANTINS;Acessar a via sem observar a presença dos outros veículos;Colisão transversal;Com Vítimas Feridas;Anoitecer;Decrescente;Céu Claro;Simples;"Reta;Interseção de Vias";Sim;2;0;0;1;1;0;1;2;-10,16596179;-48,88091672;SPRF-TO;DEL01-TO;UOP01-DEL01-TO