id;data_inversa;dia_semana;horario;uf;br;km;municipio;causa_acidente;tipo_acidente;classificacao_acidente;fase_dia;sentido_via;condicao_metereologica;tipo_pista;tracado_via;uso_solo;pessoas;mortos;feridos_leves;feridos_graves;ilesos;ignorados;feridos;veiculos;latitude;longitude;regional;delegacia;uop
610222;26/06/2024;quarta-feira;18:00:00;SC;101;117;ITAJAI;Condutor deixou de manter distância do veículo da frente;Colisão traseira;Com Vítimas Feridas;Plena Noite;Crescente;Céu Claro;Dupla;"Declive;Viaduto";Não;4;0;1;0;3;0;1;2;-26,88747187;-48,72252969;SPRF-SC;DEL04-SC;UOP04-DEL04-SC
610223;26/06/2024;quarta-feira;18:30:00;SC;101;192;BIGUACU;Ausência de reação do condutor;Colisão transversal;Com Vítimas Feridas;Plena Noite;Decrescente;Céu Claro;Múltipla;Reta;Não;2;0;1;0;1;0;1;2;-27,48443781;-48,64765238;SPRF-SC;DEL01-SC;UOP01-DEL01-SC
610225;26/06/2024;quarta-feira;18:20:00;RS;285;456;IJUI;Reação tardia ou ineficiente do condutor;Colisão transversal;Com Vítimas Feridas;Plena Noite;Crescente;Céu Claro;Simples;Interseção de Vias;Sim;3;0;2;0;1;0;2;2;-28,38885965;-53,89245294;SPRF-RS;DEL10-RS;UOP01-DEL10-RS
610226;26/06/2024;quarta-feira;17:40:00;PB;104;107,1;SAO SEBASTIAO DE LAGOA DE  ROCA;Pedestre andava na pista;Atropelamento de Pedestre;Com Vítimas Fatais;Anoitecer;Decrescente;Céu Claro;Simples;"Reta;Declive";Sim;2;1;1;0;0;0;1;2;-7,098177;-35,86336;SPRF-PB;DEL02-PB;UOP04-DEL02-PB
610227;26/06/2024;quarta-feira;18:30:00;MG;381;456;BELO HORIZONTE;Falta de acostamento;Tombamento;Com Vítimas Fatais;Plena Noite;Crescente;Céu Claro;Simples;"Aclive;Reta";Não;2;1;0;0;0;1;0;2;-19,8402105;-43,88535976;SPRF-MG;DEL01-MG;UOP01-DEL01-MG
610228;26/06/2024;quarta-feira;18:30:00;GO;60;166,4;GOIANIA;Entrada inopinada do pedestre;Atropelamento de Pedestre;Com Vítimas Feridas;Anoitecer;Crescente;Céu Claro;Múltipla;Reta;Sim;2;0;1;1;0;0;2;2;-16,7129;-49,358;SPRF-GO;DEL01-GO;UOP02-DEL01-GO
610229;26/06/2024;quarta-feira;19:05:00;MG;40;793,8;JUIZ DE FORA;Ingestão de álcool pelo condutor;Colisão traseira;Com Vítimas Feridas;Plena Noite;Decrescente;Céu Claro;Dupla;Curva;Não;2;0;0;1;1;0;1;2;-21,79449311;-43,41425031;SPRF-MG;DEL05-MG;UOP01-DEL05-MG
610231;26/06/2024;quarta-feira;18:25:00;PB;230;168;CAMPINA GRANDE;Ausência de reação do condutor;Tombamento;Com Vítimas Feridas;Plena Noite;Decrescente;Céu Claro;Simples;Reta;Sim;2;0;2;0;0;0;2;1;-7,18898106;-35,96792847;SPRF-PB;DEL02-PB;UOP02-DEL02-PB
610232;26/06/2024;quarta-feira;12:50:00;SP;101;47;UBATUBA;Retorno proibido;Colisão transversal;Com Vítimas Feridas;Pleno dia;Decrescente;Céu Claro;Simples;Reta;Sim;3;0;1;0;1;1;1;3;-23,43193316;-45,08423394;SPRF-SP;DEL06-SP;UOP01-DEL06-SP
610233;26/06/2024;quarta-feira;19:00:00;RS;116;529;CAPAO DO LEAO;Desrespeitar a preferência no cruzamento;Colisão transversal;Com Vítimas Feridas;Plena Noite;Decrescente;Céu Claro;Simples;Reta;Não;2;0;1;0;1;0;1;2;-31,75446042;-52,42803583;SPRF-RS;DEL07-RS;UOP01-DEL07-RS
610234;26/06/2024;quarta-feira;18:20:00;PR;469;0;FOZ DO IGUACU;Condutor usando celular;Saída de leito carroçável;Sem Vítimas;Plena Noite;Crescente;Garoa/Chuvisco;Simples;Rotatória;Sim;1;0;0;0;1;0;0;1;-25,57709181;-54,55471516;SPRF-PR;DEL05-PR;UOP04-DEL05-PR
610235;26/06/2024;quarta-feira;17:05:00;MS;163;190;CAARAPO;Reação tardia ou ineficiente do condutor;Tombamento;Com Vítimas Feridas;Plena Noite;Decrescente;Céu Claro;Simples;Reta;Não;1;0;1;0;0;0;1;1;-22,78368194;-54,75960195;SPRF-MS;DEL09-MS;UOP01-DEL09-MS
610238;26/06/2024;quarta-feira;16:40:00;MG;116;510,5;UBAPORANGA;Carga excessiva e/ou mal acondicionada;Tombamento;Com Vítimas Feridas;Pleno dia;Crescente;Céu Claro;Simples;Reta;Não;1;0;1;0;0;0;1;1;-19,64532085;-42,10796743;SPRF-MG;DEL06-MG;UOP02-DEL06-MG
610239;26/06/2024;quarta-feira;18:40:00;BA;116;18;VITORIA DA CONQUISTA;Área urbana sem a presença de local apropriado para a travessia de pedestres;Atropelamento de Pedestre;Com Vítimas Fatais;Plena Noite;Crescente;Nublado;Simples;Reta;Sim;2;1;1;0;0;0;1;2;-14,9123755;-40,8755944;SPRF-BA;DEL08-BA;UOP01-DEL08-BA
610241;23/06/2024;domingo;19:15:00;RJ;116;188;NOVA IGUACU;Pedestre cruzava a pista fora da faixa;Atropelamento de Pedestre;Com Vítimas Feridas;Plena Noite;Decrescente;Ignorado;Dupla;Reta;Não;2;0;0;1;1;0;1;2;-22,7380709;-43,48213999;SPRF-RJ;DEL06-RJ;UOP01-DEL06-RJ
610242;26/06/2024;quarta-feira;18:30:00;PR;376;92,2;PARANAVAI;Objeto estático sobre o leito carroçável;Colisão com objeto;Com Vítimas Feridas;Anoitecer;Crescente;Céu Claro;Simples;"Reta;Aclive";Não;2;0;2;0;0;0;2;1;-23,003137;-52,554175;SPRF-PR;DEL09-PR;UOP02-DEL09-PR
610245;26/06/2024;quarta-feira;18:55:00;PE;232;31,1;MORENO;Animais na Pista;Atropelamento de Animal;Com Vítimas Feridas;Plena Noite;Crescente;Nublado;Dupla;Curva;Não;1;0;1;0;0;0;1;1;-8,10678602;-35,15841205;SPRF-PE;DEL01-PE;UOP01-DEL01-PE
610246;26/06/2024;quarta-feira;19:25:00;PR;373;172,2;PONTA GROSSA;Acessar a via sem observar a presença dos outros veículos;Colisão transversal;Com Vítimas Feridas;Plena Noite;Crescente;Nublado;Dupla;"Reta;Declive";Sim;2;0;1;0;1;0;1;2;-25,08071062;-50,1937502;SPRF-PR;DEL03-PR;UOP01-DEL03-PR
610249;26/06/2024;quarta-feira;20:13:00;RS;116;234;NOVO HAMBURGO;Ausência de reação do condutor;Colisão traseira;Sem Vítimas;Plena Noite;Decrescente;Nublado;Simples;Reta;Sim;2;0;0;0;1;1;0;2;-29,65121313;-51,1444433;SPRF-RS;DEL01-RS;UOP02-DEL01-RS
610250;26/06/2024;quarta-feira;20:05:00;RS;116;39;VACARIA;Condutor deixou de manter distância do veículo da frente;Colisão lateral mesmo sentido;Com Vítimas Feridas;Plena Noite;Crescente;Nublado;Simples;Reta;Sim;5;0;1;1;2;1;2;3;-28,51218033;-50,93262255;SPRF-RS;DEL05-RS;UOP03-DEL05-RS
610252;26/06/2024;quarta-feira;19:33:00;PR;369;199,1;APUCARANA;Condutor deixou de manter distância do veículo da frente;Colisão traseira;Com Vítimas Feridas;Plena Noite;Decrescente;Céu Claro;Simples;Reta;Sim;3;0;1;0;2;0;1;2;-23,52519531;-51,44450068;SPRF-PR;DEL07-PR;UOP03-DEL07-PR
610253;26/06/2024;quarta-feira;20:30:00;SC;101;204,9;SAO JOSE;Acessar a via sem observar a presença dos outros veículos;Colisão lateral mesmo sentido;Com Vítimas Feridas;Pleno dia;Decrescente;Céu Claro;Múltipla;Reta;Não;2;0;1;0;1;0;1;2;-27,57413014;-48,61363083;SPRF-SC;DEL01-SC;UOP01-DEL01-SC
610254;26/06/2024;quarta-feira;21:00:00;MG;381;921,3;CAMANDUCAIA;Curva acentuada;Queda de ocupante de veículo;Com Vítimas Feridas;Plena Noite;Crescente;Céu Claro;Dupla;Curva;Não;1;0;1;0;0;0;1;1;-22,7680939;-46,20854399;SPRF-MG;DEL16-MG;UOP03-DEL16-MG
610256;26/06/2024;quarta-feira;19:00:00;RN;406;146,9;CEARA-MIRIM;Avarias e/ou desgaste excessivo no pneu;Tombamento;Com Vítimas Feridas;Plena Noite;Crescente;Céu Claro;Simples;Reta;Não;2;0;2;0;0;0;2;1;-5,64504995;-35,46805;SPRF-RN;DEL02-RN;UOP01-DEL02-RN
610257;26/06/2024;quarta-feira;20:40:00;PR;277;11,5;PARANAGUA;Conversão proibida;Colisão transversal;Com Vítimas Feridas;Plena Noite;Crescente;Céu Claro;Dupla;Reta;Sim;2;0;0;1;1;0;1;2;-25,56493737;-48,62909544;SPRF-PR;DEL01-PR;UOP05-DEL01-PR
610261;26/06/2024;quarta-feira;18:30:00;MG;262;33;MANHUACU;Retorno proibido;Colisão lateral mesmo sentido;Com Vítimas Feridas;Plena Noite;Decrescente;Céu Claro;Simples;Reta;Sim;2;0;1;0;0;1;1;2;-20,25550548;-42,00465315;SPRF-MG;DEL06-MG;UOP03-DEL06-MG
610262;26/06/2024;quarta-feira;21:50:00;SC;282;2,9;FLORIANOPOLIS;Acessar a via sem observar a presença dos outros veículos;Queda de ocupante de veículo;Com Vítimas Feridas;Plena Noite;Decrescente;Céu Claro;Múltipla;Curva;Não;2;0;1;0;1;0;1;2;-27,603289;-48,590416;SPRF-SC;DEL01-SC;UOP01-DEL01-SC
610263;26/06/2024;quarta-feira;22:20:00;SC;470;54,4;BLUMENAU;Acessar a via sem observar a presença dos outros veículos;Colisão transversal;Com Vítimas Feridas;Plena Noite;Crescente;Céu Claro;Simples;Interseção de Vias;Não;4;0;1;0;3;0;1;2;-26,871065;-49,110374;SPRF-SC;DEL04-SC;UOP01-DEL04-SC
610269;26/06/2024;quarta-feira;22:14:00;RJ;116;148;DUQUE DE CAXIAS;Acumulo de óleo sobre o pavimento;Tombamento;Com Vítimas Feridas;Plena Noite;Crescente;Céu Claro;Dupla;Curva;Sim;2;0;1;0;1;0;1;1;-22,6723488;-43,28215398;SPRF-RJ;DEL01-RJ;UOP02-DEL01-RJ
610270;26/06/2024;quarta-feira;19:40:00;SC;101;296;IMBITUBA;Pedestre - Ingestão de álcool/ substâncias psicoativas;Colisão lateral sentido oposto;Sem Vítimas;Plena Noite;Decrescente;Céu Claro;Múltipla;Reta;Não;2;0;0;0;2;0;0;2;-28,30563701;-48,72103898;SPRF-SC;DEL02-SC;UOP03-DEL02-SC
610271;26/06/2024;quarta-feira;23:40:00;RS;116;252;SAPUCAIA DO SUL;Afundamento ou ondulação no pavimento;Tombamento;Com Vítimas Feridas;Plena Noite;Crescente;Nublado;Simples;"Reta;Viaduto";Sim;1;0;1;0;0;0;1;1;-29,80913395;-51,1675292;SPRF-RS;DEL01-RS;UOP02-DEL01-RS
610273;26/06/2024;quarta-feira;19:10:00;MA;316;77;MARANHAOZINHO;Transitar na contramão;Colisão frontal;Com Vítimas Fatais;Plena Noite;Crescente;Nublado;Simples;"Reta;Em Obras";Não;4;1;0;2;1;0;2;2;-2,190633;-45,870529;SPRF-MA;DEL02-MA;UOP02-DEL02-MA
610274;27/06/2024;quinta-feira;00:30:00;SP;116;219;GUARULHOS;Pedestre andava na pista;Atropelamento de Pedestre;Com Vítimas Feridas;Plena Noite;Decrescente;Nublado;Dupla;Reta;Sim;3;0;2;0;1;0;2;2;-23,42155019;-46,47908807;SPRF-SP;DEL01-SP;UOP01-DEL01-SP
610275;26/06/2024;quarta-feira;23:30:00;PR;376;176;MARINGA;Reação tardia ou ineficiente do condutor;Colisão lateral mesmo sentido;Com Vítimas Feridas;Plena Noite;Decrescente;Céu Claro;Múltipla;Reta;Sim;2;0;0;1;1;0;1;2;-23,41097641;-51,93936825;SPRF-PR;DEL09-PR;UOP01-DEL09-PR
610282;27/06/2024;quinta-feira;01:45:00;PR;376;13,9;MARINGA;Condutor Dormindo;Colisão com objeto;Com Vítimas Feridas;Plena Noite;Decrescente;Nublado;Dupla;Curva;Não;1;0;1;0;0;0;1;1;-23,40201659;-51,87835336;SPRF-PR;DEL09-PR;UOP01-DEL09-PR
610283;26/06/2024;quarta-feira;19:00:00;PI;222;138,5;BATALHA;Condutor deixou de manter distância do veículo da frente;Colisão traseira;Com Vítimas Fatais;Plena Noite;Decrescente;Céu Claro;Simples;Reta;Não;2;1;0;0;1;0;0;2;-3,94457641;-42,16934162;SPRF-PI;DEL02-PI;UOP01-DEL02-PI
610285;27/06/2024;quinta-feira;03:45:00;SE;235;5;NOSSA SENHORA DO SOCORRO;Animais na Pista;Atropelamento de Animal;Com Vítimas Feridas;Plena Noite;Decrescente;Nublado;Simples;"Em Obras;Reta;Declive";Sim;1;0;1;0;0;0;1;1;-10,9041;-37,1278;SPRF-SE;DEL01-SE;UOP01-DEL01-SE
610288;27/06/2024;quinta-feira;03:50:00;PR;376;147;PRESIDENTE CASTELO BRANCO;Ingestão de álcool pelo condutor;Colisão frontal;Com Vítimas Feridas;Plena Noite;Crescente;Céu Claro;Dupla;Reta;Não;3;0;2;0;1;0;2;2;-23,29045049;-52,13626315;SPRF-PR;DEL09-PR;UOP02-DEL09-PR
610289;27/06/2024;quinta-feira;03:40:00;GO;153;317,9;RIANAPOLIS;Ingestão de álcool pelo condutor;Tombamento;Com Vítimas Feridas;Plena Noite;Decrescente;Céu Claro;Dupla;Retorno Regulamentado;Sim;1;0;0;1;0;0;1;1;-15,447385;-49,505713;SPRF-GO;DEL02-GO;UOP02-DEL02-GO
610290;27/06/2024;quinta-feira;05:47:00;RS;116;233;NOVO HAMBURGO;Objeto estático sobre o leito carroçável;Tombamento;Com Vítimas Feridas;Plena Noite;Decrescente;Nublado;Simples;Reta;Sim;1;0;1;0;0;0;1;1;-29,64206007;-51,14268362;SPRF-RS;DEL01-RS;UOP02-DEL01-RS
610293;27/06/2024;quinta-feira;04:45:00;MS;163;55,4;ELDORADO;Condutor Dormindo;Saída de leito carroçável;Com Vítimas Feridas;Plena Noite;Crescente;Céu Claro;Simples;Reta;Não;1;0;1;0;0;0;1;1;-23,66167206;-54,25911291;SPRF-MS;DEL09-MS;UOP02-DEL09-MS
610295;26/06/2024;quarta-feira;15:35:00;PA;230;118;MARABA;Ausência de reação do condutor;Engavetamento;Com Vítimas Feridas;Pleno dia;Crescente;Céu Claro;Dupla;Interseção de Vias;Sim;3;0;1;0;2;0;1;2;-5,35193706;-49,09794103;SPRF-PA;DEL03-PA;UOP01-DEL03-PA
610296;27/06/2024;quinta-feira;04:35:00;MS;158;97;PARANAIBA;Ingestão de álcool pelo condutor;Saída de leito carroçável;Sem Vítimas;Plena Noite;Crescente;Céu Claro;Dupla;Reta;Sim;1;0;0;0;1;0;0;1;-19,693408;-51,186213;SPRF-MS;DEL08-MS;UOP01-DEL08-MS
610297;27/06/2024;quinta-feira;05:15:00;DF;60;28,8;BRASILIA;Animais na Pista;Atropelamento de Animal;Sem Vítimas;Pleno dia;Crescente;Céu Claro;Dupla;Reta;Não;1;0;0;0;1;0;0;1;-16,020638;-48,250832;SPRF-DF;DEL03-DF;UOP01-DEL03-DF
610300;27/06/2024;quinta-feira;06:35:00;SC;101;141;BALNEARIO CAMBORIU;Reação tardia ou ineficiente do condutor;Colisão com objeto;Com Vítimas Feridas;Amanhecer;Decrescente;Céu Claro;Simples;Reta;Sim;1;0;1;0;0;0;1;1;-27,04761729;-48,59995855;SPRF-SC;DEL04-SC;UOP03-DEL04-SC
610302;27/06/2024;quinta-feira;07:00:00;SP;116;222;GUARULHOS;Reação tardia ou ineficiente do condutor;Colisão lateral mesmo sentido;Com Vítimas Feridas;Pleno dia;Crescente;Nublado;Múltipla;"Reta;Em Obras";Sim;2;0;1;0;0;1;1;2;-23,47093408;-46,51631097;SPRF-SP;DEL01-SP;UOP01-DEL01-SP
610304;27/06/2024;quinta-feira;06:40:00;SP;116;19,4;LAVRINHAS;Condutor Dormindo;Colisão traseira;Com Vítimas Feridas;Amanhecer;Decrescente;Céu Claro;Dupla;Reta;Não;2;0;1;0;1;0;1;2;-22,56815086;-44,86519432;SPRF-SP;DEL08-SP;UOP02-DEL08-SP
610305;27/06/2024;quinta-feira;07:40:00;RS;290;100;PORTO ALEGRE;Condutor deixou de manter distância do veículo da frente;Colisão traseira;Com Vítimas Feridas;Pleno dia;Decrescente;Céu Claro;Múltipla;"Reta;Ponte";Não;2;0;1;0;1;0;1;2;-29,988646;-51,236553;SPRF-RS;DEL01-RS;UOP01-DEL01-RS
610307;27/06/2024;quinta-feira;07:20:00;RN;101;127;SAO JOSE DE MIPIBU;Ausência de reação do condutor;Colisão traseira;Com Vítimas Feridas;Pleno dia;Crescente;Céu Claro;Dupla;Reta;Sim;2;0;2;0;0;0;2;2;-6,09531301;-35,23432044;SPRF-RN;DEL01-RN;UOP01-DEL01-RN
610308;27/06/2024;quinta-feira;06:40:00;SP;116;143;SAO JOSE DOS CAMPOS;Reação tardia ou ineficiente do condutor;Colisão traseira;Com Vítimas Feridas;Pleno dia;Decrescente;Sol;Dupla;Reta;Sim;3;0;2;0;1;0;2;2;-23,17849879;-45,83787411;SPRF-SP;DEL02-SP;UOP01-DEL02-SP
610309;27/06/2024;quinta-feira;07:30:00;SC;470;89,5;ASCURRA;Desrespeitar a preferência no cruzamento;Colisão transversal;Com Vítimas Feridas;Pleno dia;Crescente;Céu Claro;Simples;Interseção de Vias;Não;2;0;0;1;1;0;1;2;-26,961573;-49,371918;SPRF-SC;DEL04-SC;UOP01-DEL04-SC
610310;26/06/2024;quarta-feira;15:30:00;RJ;116;184;NOVA IGUACU;Mal súbito do condutor;Queda de ocupante de veículo;Com Vítimas Feridas;Pleno dia;Crescente;Céu Claro;Múltipla;Reta;Sim;1;0;1;0;0;0;1;1;-22,74647215;-43,44594311;SPRF-RJ;DEL06-RJ;UOP01-DEL06-RJ
610311;27/06/2024;quinta-feira;06:50:00;RS;290;174;BUTIA;Ausência de reação do condutor;Colisão lateral sentido oposto;Com Vítimas Feridas;Amanhecer;Crescente;Nevoeiro/Neblina;Simples;Reta;Sim;4;0;1;2;1;0;3;2;-30,128044;-51,951588;SPRF-RS;DEL02-RS;UOP03-DEL02-RS
610312;27/06/2024;quinta-feira;06:15:00;RS;392;118;CANGUCU;Ausência de reação do condutor;Saída de leito carroçável;Sem Vítimas;Amanhecer;Crescente;Céu Claro;Simples;Aclive;Não;1;0;0;0;1;0;0;1;-31,407131;-52,68174198;SPRF-RS;DEL07-RS;UOP01-DEL07-RS
610313;27/06/2024;quinta-feira;07:40:00;PR;277;33,2;MORRETES;Reação tardia ou ineficiente do condutor;Colisão com objeto;Com Vítimas Feridas;Pleno dia;Crescente;Chuva;Dupla;"Curva;Aclive";Não;1;0;1;0;0;0;1;1;-25,56680714;-48,81100708;SPRF-PR;DEL01-PR;UOP05-DEL01-PR
610314;27/06/2024;quinta-feira;08:00:00;ES;393;1;CACHOEIRO DE ITAPEMIRIM;Acesso irregular;Colisão lateral sentido oposto;Com Vítimas Feridas;Pleno dia;Crescente;Sol;Simples;Reta;Não;2;0;0;1;1;0;1;2;-20,83723289;-41,16733095;SPRF-ES;DEL03-ES;UOP02-DEL03-ES
610315;27/06/2024;quinta-feira;06:50:00;RS;293;139,5;CANDIOTA;Ultrapassagem Indevida;Colisão frontal;Com Vítimas Fatais;Amanhecer;Decrescente;Céu Claro;Simples;Reta;Não;8;4;0;3;0;1;3;3;-31,45781094;-53,67209294;SPRF-RS;DEL11-RS;UOP03-DEL11-RS
610318;27/06/2024;quinta-feira;07:00:00;PI;343;7,7;PARNAIBA;Acessar a via sem observar a presença dos outros veículos;Colisão transversal;Com Vítimas Feridas;Pleno dia;Crescente;Céu Claro;Simples;"Reta;Interseção de Vias";Sim;2;0;1;0;1;0;1;2;-2,898051;-41,714767;SPRF-PI;DEL05-PI;UOP01-DEL05-PI
610320;27/06/2024;quinta-feira;07:00:00;RJ;493;55;DUQUE DE CAXIAS;Objeto estático sobre o leito carroçável;Tombamento;Com Vítimas Feridas;Amanhecer;Decrescente;Nublado;Dupla;Reta;Não;1;0;1;0;0;0;1;1;-22,672089;-43,285053;SPRF-RJ;DEL01-RJ;UOP03-DEL01-RJ
610321;27/06/2024;quinta-feira;07:00:00;SC;470;136,2;RIO DO SUL;Desrespeitar a preferência no cruzamento;Colisão transversal;Com Vítimas Feridas;Amanhecer;Decrescente;Céu Claro;Simples;"Reta;Retorno Regulamentado";Sim;2;0;1;0;1;0;1;2;-27,18634716;-49,60682273;SPRF-SC;DEL04-SC;UOP02-DEL04-SC
610322;27/06/2024;quinta-feira;07:45:00;SC;101;212,7;PALHOCA;Acessar a via sem observar a presença dos outros veículos;Colisão lateral mesmo sentido;Com Vítimas Feridas;Pleno dia;Decrescente;Céu Claro;Múltipla;Reta;Sim;2;0;1;0;1;0;1;2;-27,62996929;-48,65903871;SPRF-SC;DEL01-SC;UOP02-DEL01-SC
610323;27/06/2024;quinta-feira;08:09:00;TO;10;454;PALMAS;Reação tardia ou ineficiente do condutor;Atropelamento de Pedestre;Com Vítimas Feridas;Pleno dia;Crescente;Sol;Dupla;Reta;Sim;3;0;0;1;2;0;1;2;-10,30957;-48,29721;SPRF-TO;DEL01-TO;UOP03-DEL01-TO
610324;27/06/2024;quinta-feira;07:50:00;PE;232;34,4;MORENO;Manobra de mudança de faixa;Colisão lateral mesmo sentido;Sem Vítimas;Pleno dia;Crescente;Sol;Dupla;"Reta;Aclive;Ponte";Sim;2;0;0;0;1;1;0;2;-8,10702537;-35,18394691;SPRF-PE;DEL01-PE;UOP01-DEL01-PE
610325;27/06/2024;quinta-feira;07:30:00;SP;116;139,4;SAO JOSE DOS CAMPOS;Manobra de mudança de faixa;Colisão lateral mesmo sentido;Com Vítimas Feridas;Pleno dia;Crescente;Céu Claro;Dupla;Reta;Não;2;0;1;0;1;0;1;2;-23,16153216;-45,80400592;SPRF-SP;DEL02-SP;UOP01-DEL02-SP
610330;16/06/2024;domingo;03:15:00;MS;267;4,5;BATAGUASSU;Pista esburacada;Tombamento;Com Vítimas Feridas;Plena Noite;Crescente;Céu Claro;Simples;Reta;Não;2;0;0;2;0;0;2;1;-21,75373184;-52,18409692;SPRF-MS;DEL02-MS;UOP04-DEL02-MS
610331;27/06/2024;quinta-feira;07:55:00;PB;230;128,9;CAMPINA GRANDE;Demais falhas mecânicas ou elétricas;Tombamento;Com Vítimas Feridas;Pleno dia;Crescente;Nublado;Dupla;"Aclive;Reta";Não;2;0;2;0;0;0;2;1;-7,2605;-35,7061;SPRF-PB;DEL02-PB;UOP01-DEL02-PB
610332;27/06/2024;quinta-feira;07:10:00;MG;365;624;UBERLANDIA;Ausência de reação do condutor;Colisão traseira;Com Vítimas Feridas;Pleno dia;Decrescente;Sol;Dupla;Reta;Sim;3;0;2;0;1;0;2;3;-18,905934;-48,2961;SPRF-MG;DEL15-MG;UOP01-DEL15-MG
610333;27/06/2024;quinta-feira;07:40:00;SP;116;219;GUARULHOS;Manobra de mudança de faixa;Colisão lateral mesmo sentido;Com Vítimas Feridas;Pleno dia;Decrescente;Nublado;Múltipla;Reta;Não;2;0;1;0;0;1;1;2;-23,46143954;-46,48885316;SPRF-SP;DEL01-SP;UOP01-DEL01-SP
610335;27/06/2024;quinta-feira;08:00:00;GO;40;2,5;VALPARAISO DE GOIAS;Reação tardia ou ineficiente do condutor;Engavetamento;Com Vítimas Feridas;Pleno dia;Decrescente;Céu Claro;Dupla;Reta;Sim;5;0;1;0;4;0;1;5;-16,067129;-47,984235;SPRF-DF;DEL01-DF;UOP01-DEL01-DF
610336;27/06/2024;quinta-feira;08:00:00;RS;116;521,9;PELOTAS;Reação tardia ou ineficiente do condutor;Colisão transversal;Com Vítimas Feridas;Pleno dia;Decrescente;Céu Claro;Dupla;Interseção de Vias;Não;2;0;1;0;1;0;1;2;-31,70752405;-52,36800695;SPRF-RS;DEL07-RS;UOP01-DEL07-RS
610337;27/06/2024;quinta-feira;06:30:00;GO;364;4;SAO SIMAO;Ausência de reação do condutor;Saída de leito carroçável;Com Vítimas Feridas;Amanhecer;Decrescente;Céu Claro;Simples;Aclive;Não;1;0;1;0;0;0;1;1;-19,024111;-50,528896;SPRF-GO;DEL05-GO;UOP02-DEL05-GO
610340;27/06/2024;quinta-feira;07:30:00;SC;282;2;FLORIANOPOLIS;Manobra de mudança de faixa;Colisão lateral mesmo sentido;Com Vítimas Feridas;Pleno dia;Decrescente;Céu Claro;Dupla;Reta;Sim;2;0;0;1;0;1;1;2;-27,603289;-48,590416;SPRF-SC;DEL01-SC;UOP01-DEL01-SC
610341;27/06/2024;quinta-feira;07:40:00;RJ;101;434;MANGARATIBA;Pista Escorregadia;Colisão com objeto;Com Vítimas Feridas;Pleno dia;Decrescente;Garoa/Chuvisco;Simples;Curva;Não;1;0;1;0;0;0;1;1;-22,93724723;-44,04629489;SPRF-RJ;DEL03-RJ;UOP02-DEL03-RJ
610344;27/06/2024;quinta-feira;07:40:00;PR;376;1,3;APUCARANA;Acessar a via sem observar a presença dos outros veículos;Colisão transversal;Com Vítimas Feridas;Pleno dia;Crescente;Céu Claro;Simples;"Aclive;Reta";Sim;3;0;1;0;2;0;1;2;-23,5513;-51,461266;SPRF-PR;DEL07-PR;UOP03-DEL07-PR
610345;27/06/2024;quinta-feira;07:20:00;PB;101;92;JOAO PESSOA;Ausência de reação do condutor;Colisão traseira;Com Vítimas Feridas;Pleno dia;Decrescente;Céu Claro;Simples;Reta;Sim;2;0;0;1;0;1;1;2;-7,19683829;-34,90588313;SPRF-PB;DEL01-PB;UOP02-DEL01-PB
610346;27/06/2024;quinta-feira;09:05:00;SP;116;504;CAJATI;Reação tardia ou ineficiente do condutor;Saída de leito carroçável;Com Vítimas Feridas;Pleno dia;Decrescente;Garoa/Chuvisco;Dupla;Curva;Não;3;0;2;0;1;0;2;1;-24,85109616;-48,21802405;SPRF-SP;DEL05-SP;UOP02-DEL05-SP
610347;27/06/2024;quinta-feira;07:26:00;MT;364;270,3;JACIARA;Reação tardia ou ineficiente do condutor;Saída de leito carroçável;Com Vítimas Feridas;Pleno dia;Crescente;Céu Claro;Simples;Reta;Não;2;0;2;0;0;0;2;1;-15,9689785;-54,94463002;SPRF-MT;DEL05-MT;UOP02-DEL05-MT
610348;24/03/2024;domingo;23:00:00;MG;262;433,4;NOVA SERRANA;Reação tardia ou ineficiente do condutor;Saída de leito carroçável;Com Vítimas Fatais;Plena Noite;Crescente;Chuva;Dupla;Reta;Não;2;1;0;0;0;1;0;2;-19,89020759;-44,83338711;SPRF-MG;DEL08-MG;UOP03-DEL08-MG
610350;27/06/2024;quinta-feira;09:40:00;SC;282;5,4;SAO JOSE;Acessar a via sem observar a presença dos outros veículos;Colisão lateral mesmo sentido;Com Vítimas Feridas;Pleno dia;Decrescente;Sol;Dupla;"Reta;Viaduto";Sim;2;0;0;1;1;0;1;2;-27,588425;-48,612919;SPRF-SC;DEL01-SC;UOP01-DEL01-SC
610352;27/06/2024;quinta-feira;09:20:00;RJ;101;487;ANGRA DOS REIS;Retorno proibido;Colisão transversal;Com Vítimas Feridas;Pleno dia;Crescente;Céu Claro;Dupla;Reta;Sim;3;0;3;0;0;0;3;2;-22,96828891;-44,29864663;SPRF-RJ;DEL03-RJ;UOP03-DEL03-RJ
610353;27/06/2024;quinta-feira;09:50:00;RJ;40;95;PETROPOLIS;Neblina;Queda de ocupante de veículo;Com Vítimas Feridas;Pleno dia;Decrescente;Nevoeiro/Neblina;Simples;Curva;Sim;1;0;1;0;0;0;1;1;-22,56473883;-43,2702971;SPRF-RJ;DEL01-RJ;UOP01-DEL01-RJ