id;data_inversa;dia_semana;horario;uf;br;km;municipio;causa_acidente;tipo_acidente;classificacao_acidente;fase_dia;sentido_via;condicao_metereologica;tipo_pista;tracado_via;uso_solo;pessoas;mortos;feridos_leves;feridos_graves;ilesos;ignorados;feridos;veiculos;latitude;longitude;regional;delegacia;uop
610354;27/06/2024;quinta-feira;09:30:00;RJ;393;283;VOLTA REDONDA;Conversão proibida;Colisão transversal;Com Vítimas Feridas;Pleno dia;Crescente;Céu Claro;Simples;"Retorno Regulamentado;Curva";Sim;2;0;0;1;1;0;1;2;-22,501927;-44,059226;SPRF-RJ;DEL05-RJ;UOP04-DEL05-RJ
610355;27/06/2024;quinta-feira;10:25:00;RN;304;303;PARNAMIRIM;Reação tardia ou ineficiente do condutor;Capotamento;Com Vítimas Feridas;Pleno dia;Crescente;Céu Claro;Dupla;Reta;Não;1;0;1;0;0;0;1;1;-5,88217905;-35,28934802;SPRF-RN;DEL01-RN;UOP02-DEL01-RN
610356;27/06/2024;quinta-feira;06:50:00;SC;282;609,2;MARAVILHA;Reação tardia ou ineficiente do condutor;Saída de leito carroçável;Sem Vítimas;Amanhecer;Crescente;Céu Claro;Simples;Reta;Não;1;0;0;0;0;1;0;1;-26,761354;-53,221897;SPRF-SC;DEL07-SC;UOP02-DEL07-SC
610357;27/06/2024;quinta-feira;10:35:00;SC;101;130;BALNEARIO CAMBORIU;Reação tardia ou ineficiente do condutor;Colisão lateral mesmo sentido;Com Vítimas Feridas;Pleno dia;Decrescente;Céu Claro;Dupla;Reta;Sim;2;0;1;0;1;0;1;2;-26,98407618;-48,66977107;SPRF-SC;DEL04-SC;UOP03-DEL04-SC
610363;27/06/2024;quinta-feira;10:00:00;MG;116;414,3;GOVERNADOR VALADARES;Ausência de reação do condutor;Colisão lateral mesmo sentido;Sem Vítimas;Pleno dia;Crescente;Sol;Simples;Retorno Regulamentado;Sim;2;0;0;0;2;0;0;2;-18,88401297;-41,94924399;SPRF-MG;DEL06-MG;UOP01-DEL06-MG
610364;13/04/2024;sábado;02:10:00;PI;343;326,1;TERESINA;Ausência de reação do condutor;Colisão traseira;Com Vítimas Fatais;Plena Noite;Decrescente;Céu Claro;Simples;"Reta;Viaduto";Não;5;1;0;1;1;2;1;3;-5,07145168;-42,6235199;SPRF-PI;DEL01-PI;UOP01-DEL01-PI
610365;27/06/2024;quinta-feira;08:00:00;RS;386;239,6;SOLEDADE;Demais falhas mecânicas ou elétricas;Incêndio;Sem Vítimas;Pleno dia;Decrescente;Sol;Simples;Curva;Não;2;0;0;0;2;0;0;1;-28,757807;-52,532127;SPRF-RS;DEL04-RS;UOP03-DEL04-RS
610366;27/06/2024;quinta-feira;07:00:00;PE;232;80;GRAVATA;Acessar a via sem observar a presença dos outros veículos;Atropelamento de Pedestre;Com Vítimas Feridas;Pleno dia;Crescente;Céu Claro;Dupla;Reta;Sim;2;0;0;2;0;0;2;2;-8,19579864;-35,56962305;SPRF-PE;DEL02-PE;UOP02-DEL02PE
610369;27/06/2024;quinta-feira;10:30:00;AP;156;237;MACAPA;Ultrapassagem Indevida;Saída de leito carroçável;Sem Vítimas;Pleno dia;Crescente;Céu Claro;Simples;Curva;Não;4;0;0;0;2;2;0;3;0,2028299;-51,116314;SPRF-AP;DEL01-AP;UOP01-DEL01-AP
610370;27/06/2024;quinta-feira;11:15:00;RO;364;710;PORTO VELHO;Condutor deixou de manter distância do veículo da frente;Colisão traseira;Sem Vítimas;Pleno dia;Decrescente;Céu Claro;Dupla;Reta;Sim;2;0;0;0;2;0;0;2;-8,78621576;-63,85712687;SPRF-RO;DEL01-RO;UOP01-DEL01-RO
610371;27/06/2024;quinta-feira;11:50:00;PR;476;116;COLOMBO;Condutor deixou de manter distância do veículo da frente;Colisão traseira;Com Vítimas Feridas;Pleno dia;Crescente;Céu Claro;Dupla;Curva;Sim;2;0;1;0;1;0;1;2;-25,34996;-49,16642;SPRF-PR;DEL01-PR;UOP01-DEL01-PR
610372;27/06/2024;quinta-feira;10:00:00;ES;101;292,8;CARIACICA;Manobra de mudança de faixa;Colisão lateral mesmo sentido;Sem Vítimas;Pleno dia;Decrescente;Céu Claro;Dupla;Reta;Sim;2;0;0;0;1;1;0;2;-20,30650512;-40,39488717;SPRF-ES;DEL01-ES;UOP01-DEL01-ES
610375;27/06/2024;quinta-feira;13:00:00;PR;476;120,3;COLOMBO;Condutor Dormindo;Colisão lateral mesmo sentido;Com Vítimas Feridas;Pleno dia;Crescente;Céu Claro;Dupla;"Reta;Interseção de Vias";Sim;4;0;1;0;3;0;1;2;-25,373652;-49,192747;SPRF-PR;DEL01-PR;UOP01-DEL01-PR
610378;27/06/2024;quinta-feira;09:40:00;PA;316;98;SANTA MARIA DO PARA;Reação tardia ou ineficiente do condutor;Engavetamento;Com Vítimas Feridas;Pleno dia;Crescente;Sol;Simples;"Reta;Em Obras";Não;17;0;2;0;15;0;2;5;-1,33188337;-47,62160007;SPRF-PA;DEL01-PA;UOP02-DEL01-PA
610380;27/06/2024;quinta-feira;13:00:00;SC;101;154,5;PORTO BELO;Condutor deixou de manter distância do veículo da frente;Colisão traseira;Com Vítimas Feridas;Pleno dia;Decrescente;Céu Claro;Múltipla;Reta;Sim;2;0;1;0;1;0;1;2;-27,153819;-48,61086393;SPRF-SC;DEL04-SC;UOP03-DEL04-SC
610381;27/06/2024;quinta-feira;12:50:00;PR;153;42;SANTO ANTONIO DA PLATINA;Acessar a via sem observar a presença dos outros veículos;Colisão transversal;Com Vítimas Feridas;Pleno dia;Crescente;Céu Claro;Simples;"Curva;Interseção de Vias";Não;2;0;0;1;1;0;1;2;-23,29512144;-50,06578041;SPRF-PR;DEL07-PR;UOP04-DEL07-PR
610382;27/06/2024;quinta-feira;10:00:00;PR;369;148,1;LONDRINA;Ausência de reação do condutor;Saída de leito carroçável;Sem Vítimas;Pleno dia;Crescente;Céu Claro;Dupla;Reta;Sim;1;0;0;0;1;0;0;1;-23,29284232;-51,1442703;SPRF-PR;DEL07-PR;UOP01-DEL07-PR
610383;27/06/2024;quinta-feira;12:20:00;SP;381;68;MAIRIPORA;Ausência de reação do condutor;Capotamento;Com Vítimas Feridas;Pleno dia;Decrescente;Céu Claro;Múltipla;Reta;Não;2;0;2;0;0;0;2;1;-23,34043796;-46,57433588;SPRF-SP;DEL03-SP;UOP01-DEL03-SP
610385;27/06/2024;quinta-feira;13:45:00;SC;101;149;ITAPEMA;Ausência de reação do condutor;Colisão transversal;Com Vítimas Feridas;Pleno dia;Decrescente;Céu Claro;Dupla;"Viaduto;Interseção de Vias";Sim;2;0;2;0;0;0;2;2;-27,1089649;-48,61277586;SPRF-SC;DEL04-SC;UOP03-DEL04-SC
610387;27/06/2024;quinta-feira;13:45:00;RN;110;47;MOSSORO;Conversão proibida;Colisão lateral sentido oposto;Com Vítimas Feridas;Pleno dia;Decrescente;Céu Claro;Simples;Reta;Sim;3;0;2;0;1;0;2;2;-5,20338376;-37,32563418;SPRF-RN;DEL04-RN;UOP01-DEL04-RN
610388;27/06/2024;quinta-feira;12:00:00;ES;393;1,5;CACHOEIRO DE ITAPEMIRIM;Acessar a via sem observar a presença dos outros veículos;Colisão transversal;Com Vítimas Feridas;Pleno dia;Crescente;Sol;Simples;Reta;Sim;2;0;0;1;1;0;1;2;-20,83723289;-41,16733095;SPRF-ES;DEL03-ES;UOP02-DEL03-ES
610389;27/06/2024;quinta-feira;14:10:00;BA;324;514;FEIRA DE SANTANA;Reação tardia ou ineficiente do condutor;Colisão traseira;Com Vítimas Feridas;Pleno dia;Decrescente;Sol;Simples;Reta;Sim;3;0;1;0;2;0;1;2;-12,23229233;-38,95215305;SPRF-BA;DEL02-BA;UOP01-DEL02-BA
610390;27/06/2024;quinta-feira;14:00:00;PB;230;12;CABEDELO;Ausência de reação do condutor;Queda de ocupante de veículo;Com Vítimas Feridas;Pleno dia;Decrescente;Céu Claro;Dupla;Reta;Sim;2;0;2;0;0;0;2;1;-7,068;-34,85;SPRF-PB;DEL01-PB;UOP01-DEL01-PB
610391;27/06/2024;quinta-feira;13:30:00;RJ;40;44;AREAL;Ausência de reação do condutor;Colisão com objeto;Com Vítimas Feridas;Pleno dia;Decrescente;Céu Claro;Dupla;"Declive;Curva";Não;2;0;1;0;1;0;1;1;-22,27275475;-43,10869115;SPRF-RJ;DEL05-RJ;UOP02-DEL05-RJ
610392;27/06/2024;quinta-feira;09:00:00;GO;60;129,5;GOIANAPOLIS;Reação tardia ou ineficiente do condutor;Colisão traseira;Com Vítimas Feridas;Pleno dia;Crescente;Céu Claro;Dupla;"Curva;Aclive";Não;2;0;1;0;1;0;1;1;-16,5587;-49,1534;SPRF-GO;DEL01-GO;UOP01-DEL01-GO
610396;27/06/2024;quinta-feira;14:30:00;RN;101;109;PARNAMIRIM;Condutor deixou de manter distância do veículo da frente;Colisão traseira;Com Vítimas Feridas;Pleno dia;Crescente;Sol;Dupla;Reta;Sim;2;0;1;0;1;0;1;2;-5,937378;-35,26483;SPRF-RN;DEL01-RN;UOP01-DEL01-RN
610397;27/06/2024;quinta-feira;12:00:00;GO;153;504;APARECIDA DE GOIANIA;Condutor deixou de manter distância do veículo da frente;Colisão lateral mesmo sentido;Com Vítimas Feridas;Pleno dia;Crescente;Céu Claro;Múltipla;Reta;Sim;1;0;0;1;0;0;1;1;-16,7451;-49,2408;SPRF-GO;DEL01-GO;UOP01-DEL01-GO
610398;27/06/2024;quinta-feira;13:40:00;GO;153;495,5;GOIANIA;Pedestre andava na pista;Atropelamento de Pedestre;Com Vítimas Feridas;Pleno dia;Decrescente;Céu Claro;Dupla;"Reta;Declive";Sim;2;0;1;1;0;0;2;2;-16,6681;-49,2263;SPRF-GO;DEL01-GO;UOP01-DEL01-GO
610400;27/06/2024;quinta-feira;11:35:00;RO;364;196,9;PIMENTA BUENO;Acumulo de óleo sobre o pavimento;Tombamento;Com Vítimas Feridas;Pleno dia;Crescente;Céu Claro;Simples;"Declive;Reta";Sim;2;0;1;1;0;0;2;1;-11,68671732;-61,18347731;SPRF-RO;DEL02-RO;UOP02-DEL02-RO
610401;27/06/2024;quinta-feira;14:55:00;RN;101;95;NATAL;Ausência de reação do condutor;Colisão traseira;Com Vítimas Feridas;Pleno dia;Crescente;Céu Claro;Dupla;Interseção de Vias;Sim;2;0;1;0;1;0;1;2;-5,84076841;-35,21035949;SPRF-RN;DEL01-RN;UOP01-DEL01-RN
610402;27/06/2024;quinta-feira;15:09:00;PE;101;68,9;RECIFE;Reação tardia ou ineficiente do condutor;Colisão traseira;Com Vítimas Feridas;Pleno dia;Crescente;Céu Claro;Dupla;Reta;Sim;2;0;1;0;1;0;1;2;-8,059427;-34,946117;SPRF-PE;DEL01-PE;UOP01-DEL01-PE
610404;27/06/2024;quinta-feira;11:35:00;RO;364;196,9;PIMENTA BUENO;Acumulo de óleo sobre o pavimento;Tombamento;Com Vítimas Feridas;Pleno dia;Decrescente;Sol;Simples;Reta;Sim;1;0;1;0;0;0;1;1;-11,68671732;-61,18347731;SPRF-RO;DEL02-RO;UOP02-DEL02-RO
610405;27/06/2024;quinta-feira;14:30:00;PE;116;79,6;CABROBO;Reação tardia ou ineficiente do condutor;Saída de leito carroçável;Com Vítimas Fatais;Pleno dia;Crescente;Céu Claro;Simples;Reta;Não;1;1;0;0;0;0;0;1;-8,516788;-39,2155;SPRF-PE;DEL05-PE;UOP03-DEL05-PE
610407;27/06/2024;quinta-feira;15:30:00;CE;116;14,3;FORTALEZA;Acesso irregular;Colisão lateral mesmo sentido;Com Vítimas Feridas;Pleno dia;Decrescente;Céu Claro;Dupla;"Reta;Desvio Temporário;Em Obras";Sim;2;0;0;1;1;0;1;2;-3,86973356;-38,49827361;SPRF-CE;DEL01-CE;UOP02-DEL01-CE
610409;27/06/2024;quinta-feira;16:00:00;SP;116;223;GUARULHOS;Reação tardia ou ineficiente do condutor;Colisão lateral mesmo sentido;Com Vítimas Feridas;Pleno dia;Crescente;Neve;Múltipla;Reta;Sim;2;0;1;0;1;0;1;2;-23,47559815;-46,5246609;SPRF-SP;DEL01-SP;UOP01-DEL01-SP
610410;22/06/2024;sábado;12:50:00;GO;70;2,9;AGUAS LINDAS DE GOIAS;Acessar a via sem observar a presença dos outros veículos;Colisão lateral mesmo sentido;Sem Vítimas;Pleno dia;Decrescente;Céu Claro;Dupla;Curva;Sim;3;0;0;0;2;1;0;3;-15,767021;-48,229945;SPRF-DF;DEL03-DF;UOP02-DEL03-DF
610411;27/06/2024;quinta-feira;15:35:00;SP;116;160,8;JACAREI;Reação tardia ou ineficiente do condutor;Tombamento;Com Vítimas Feridas;Pleno dia;Crescente;Céu Claro;Dupla;Curva;Sim;1;0;1;0;0;0;1;1;-23,27101606;-45,96787896;SPRF-SP;DEL02-SP;UOP01-DEL02-SP
610413;27/06/2024;quinta-feira;13:00:00;PR;376;538;PALMEIRA;Reação tardia ou ineficiente do condutor;Saída de leito carroçável;Sem Vítimas;Pleno dia;Crescente;Céu Claro;Dupla;Reta;Não;1;0;0;0;0;1;0;1;-25,346332;-49,843848;SPRF-PR;DEL03-PR;UOP03-DEL03-PR
610414;27/06/2024;quinta-feira;10:50:00;PR;163;140;CAPITAO LEONIDAS MARQUES;Condutor usando celular;Colisão traseira;Com Vítimas Feridas;Pleno dia;Decrescente;Céu Claro;Dupla;Curva;Não;5;0;1;0;4;0;1;2;-25,49765306;-53,59938318;SPRF-PR;DEL05-PR;UOP05-DEL05-PR
610415;27/06/2024;quinta-feira;15:55:00;RS;116;248;SAO LEOPOLDO;Reação tardia ou ineficiente do condutor;Colisão traseira;Com Vítimas Feridas;Pleno dia;Crescente;Céu Claro;Dupla;"Reta;Em Obras";Não;3;0;0;1;2;0;1;2;-29,77605895;-51,15508618;SPRF-RS;DEL01-RS;UOP02-DEL01-RS
610417;27/06/2024;quinta-feira;15:50:00;RS;116;226;DOIS IRMAOS;Conversão proibida;Colisão traseira;Com Vítimas Feridas;Pleno dia;Crescente;Céu Claro;Simples;Reta;Não;3;0;1;0;2;0;1;2;-29,5978434;-51,109954;SPRF-RS;DEL01-RS;UOP02-DEL01-RS
610418;27/06/2024;quinta-feira;15:30:00;MT;70;519;VARZEA GRANDE;Manobra de mudança de faixa;Colisão frontal;Com Vítimas Feridas;Pleno dia;Crescente;Céu Claro;Simples;Reta;Sim;2;0;0;2;0;0;2;2;-15,70433707;-56,14777565;SPRF-MT;DEL01-MT;UOP02-DEL01-MT
610421;27/06/2024;quinta-feira;15:50:00;PR;277;237,8;IRATI;Acessar a via sem observar a presença dos outros veículos;Colisão transversal;Com Vítimas Feridas;Pleno dia;Crescente;Céu Claro;Simples;Interseção de Vias;Sim;2;0;1;1;0;0;2;2;-25,45908481;-50,60714722;SPRF-PR;DEL08-PR;UOP02-DEL08-PR
610422;27/06/2024;quinta-feira;15:50:00;MA;10;251,8;IMPERATRIZ;Acessar a via sem observar a presença dos outros veículos;Colisão transversal;Com Vítimas Feridas;Pleno dia;Decrescente;Céu Claro;Simples;Interseção de Vias;Sim;2;0;1;1;0;0;2;2;-5,53119093;-47,47169852;SPRF-MA;DEL04-MA;UOP01-DEL04-MA
610423;27/06/2024;quinta-feira;15:30:00;RS;470;155;NOVA PRATA;Desrespeitar a preferência no cruzamento;Colisão transversal;Com Vítimas Feridas;Pleno dia;Decrescente;Céu Claro;Simples;Reta;Sim;3;0;3;0;0;0;3;2;-28,78243906;-51,61511825;SPRF-RS;DEL06-RS;UOP02-DEL06-RS
610424;27/06/2024;quinta-feira;16:40:00;RN;304;112,5;ACU;Acessar a via sem observar a presença dos outros veículos;Colisão transversal;Com Vítimas Feridas;Pleno dia;Decrescente;Céu Claro;Simples;Interseção de Vias;Não;6;0;1;0;5;0;1;2;-5,60581126;-36,91306313;SPRF-RN;DEL04-RN;UOP01-DEL04-RN
610425;27/06/2024;quinta-feira;16:50:00;GO;414;440;ANAPOLIS;Acessar a via sem observar a presença dos outros veículos;Engavetamento;Sem Vítimas;Pleno dia;Crescente;Céu Claro;Dupla;Rotatória;Não;3;0;0;0;3;0;0;3;-16,2876;-48,9435;SPRF-GO;DEL02-GO;UOP01-DEL02-GO
610426;27/06/2024;quinta-feira;17:00:00;RS;158;330;SANTA MARIA;Acessar a via sem observar a presença dos outros veículos;Colisão transversal;Com Vítimas Feridas;Pleno dia;Crescente;Céu Claro;Simples;Rotatória;Sim;2;0;1;0;1;0;1;2;-29,70200535;-53,83725413;SPRF-RS;DEL09-RS;UOP01-DEL09-RS
610428;27/06/2024;quinta-feira;17:12:00;GO;60;388;RIO VERDE;Manobra de mudança de faixa;Colisão lateral mesmo sentido;Com Vítimas Feridas;Pleno dia;Decrescente;Céu Claro;Dupla;"Reta;Em Obras";Sim;3;0;1;0;2;0;1;3;-17,8151;-50,9343;SPRF-GO;DEL04-GO;UOP02-DEL04-GO
610429;27/06/2024;quinta-feira;17:28:00;RN;101;82;NATAL;Entrada inopinada do pedestre;Atropelamento de Pedestre;Com Vítimas Feridas;Pleno dia;Decrescente;Céu Claro;Dupla;Reta;Sim;2;0;0;1;1;0;1;2;-5,76791511;-35,27456305;SPRF-RN;DEL02-RN;UOP01-DEL02-RN
610430;27/06/2024;quinta-feira;16:40:00;MG;262;33;MANHUACU;Acessar a via sem observar a presença dos outros veículos;Colisão transversal;Com Vítimas Feridas;Pleno dia;Crescente;Céu Claro;Simples;Reta;Não;4;0;2;0;2;0;2;2;-20,25550548;-42,00465315;SPRF-MG;DEL06-MG;UOP03-DEL06-MG
610431;27/06/2024;quinta-feira;16:30:00;RO;364;157,2;PIMENTA BUENO;Manobra de mudança de faixa;Saída de leito carroçável;Com Vítimas Feridas;Pleno dia;Crescente;Sol;Simples;"Reta;Declive";Não;1;0;0;1;0;0;1;1;-11,943474;-60,9597;SPRF-RO;DEL02-RO;UOP02-DEL02-RO
610432;27/06/2024;quinta-feira;17:55:00;RN;101;83,3;NATAL;Entrada inopinada do pedestre;Atropelamento de Pedestre;Com Vítimas Feridas;Anoitecer;Decrescente;Céu Claro;Dupla;Reta;Sim;3;0;3;0;0;0;3;2;-5,7710445;-35,26616981;SPRF-RN;DEL02-RN;UOP01-DEL02-RN
610433;27/06/2024;quinta-feira;17:45:00;PR;116;116;CURITIBA;Trafegar com motocicleta (ou similar) entre as faixas;Colisão lateral mesmo sentido;Com Vítimas Feridas;Anoitecer;Decrescente;Céu Claro;Múltipla;Reta;Sim;3;0;0;1;2;0;1;3;-25,55103149;-49,30469871;SPRF-PR;DEL01-PR;UOP03-DEL01-PR
610434;27/06/2024;quinta-feira;14:20:00;MT;70;2;BARRA DO GARCAS;Demais falhas mecânicas ou elétricas;Colisão com objeto;Sem Vítimas;Pleno dia;Decrescente;Céu Claro;Simples;"Declive;Reta";Sim;2;0;0;0;2;0;0;1;-15,88749699;-52,26810568;SPRF-MT;DEL07-MT;UOP01-DEL07-MT
610435;27/06/2024;quinta-feira;17:50:00;RJ;116;173;RIO DE JANEIRO;Ausência de reação do condutor;Engavetamento;Sem Vítimas;Anoitecer;Decrescente;Céu Claro;Simples;Reta;Não;3;0;0;0;3;0;0;3;-22,79810324;-43,35726614;SPRF-RJ;DEL06-RJ;UOP01-DEL06-RJ
610436;27/06/2024;quinta-feira;17:20:00;PR;369;201,3;APUCARANA;Transitar no Acostamento;Atropelamento de Pedestre;Com Vítimas Feridas;Pleno dia;Crescente;Céu Claro;Simples;Reta;Não;3;0;2;1;0;0;3;2;-23,53648683;-51,45624224;SPRF-PR;DEL07-PR;UOP03-DEL07-PR
610437;27/06/2024;quinta-feira;17:40:00;PB;230;163,9;CAMPINA GRANDE;Condutor deixou de manter distância do veículo da frente;Colisão traseira;Com Vítimas Feridas;Plena Noite;Decrescente;Céu Claro;Simples;Reta;Não;2;0;1;0;1;0;1;2;-7,2162;-35,9463;SPRF-PB;DEL02-PB;UOP01-DEL02-PB
610438;27/06/2024;quinta-feira;16:55:00;SE;101;75;MARUIM;Condutor Dormindo;Colisão com objeto;Sem Vítimas;Anoitecer;Crescente;Céu Claro;Dupla;Reta;Não;1;0;0;0;1;0;0;1;-10,76859797;-37,11886525;SPRF-SE;DEL01-SE;UOP01-DEL01-SE
610440;27/06/2024;quinta-feira;11:55:00;RJ;116;98;GUAPIMIRIM;Velocidade Incompatível;Tombamento;Com Vítimas Feridas;Pleno dia;Crescente;Garoa/Chuvisco;Simples;Curva;Não;2;0;1;0;1;0;1;1;-22,48285706;-42,99723936;SPRF-RJ;DEL04-RJ;UOP01-DEL04-RJ
610441;27/06/2024;quinta-feira;18:10:00;MG;50;161;UBERABA;Demais falhas mecânicas ou elétricas;Incêndio;Sem Vítimas;Plena Noite;Decrescente;Céu Claro;Dupla;Reta;Não;1;0;0;0;0;1;0;1;-19,65927188;-48,00251569;SPRF-MG;DEL13-MG;UOP01-DEL13-MG
610445;27/06/2024;quinta-feira;18:00:00;ES;101;267,9;SERRA;Reação tardia ou ineficiente do condutor;Tombamento;Com Vítimas Feridas;Plena Noite;Decrescente;Céu Claro;Dupla;Reta;Sim;1;0;1;0;0;0;1;1;-20,19930999;-40,26884609;SPRF-ES;DEL02-ES;UOP01-DEL02-ES
610447;27/06/2024;quinta-feira;18:20:00;SC;101;209,7;SAO JOSE;Condutor deixou de manter distância do veículo da frente;Colisão traseira;Com Vítimas Feridas;Plena Noite;Crescente;Nublado;Múltipla;Reta;Sim;6;0;2;0;4;0;2;5;-27,61000542;-48,63895057;SPRF-SC;DEL01-SC;UOP01-DEL01-SC
610448;27/06/2024;quinta-feira;16:20:00;SP;101;38;UBATUBA;Demais falhas mecânicas ou elétricas;Incêndio;Com Vítimas Feridas;Pleno dia;Decrescente;Céu Claro;Simples;"Reta;Aclive";Não;1;0;1;0;0;0;1;1;-23,40938302;-45,01933291;SPRF-SP;DEL06-SP;UOP01-DEL06-SP
610450;27/06/2024;quinta-feira;09:45:00;RJ;101;520;ANGRA DOS REIS;Avarias e/ou desgaste excessivo no pneu;Tombamento;Com Vítimas Feridas;Pleno dia;Decrescente;Chuva;Simples;Curva;Não;2;0;2;0;0;0;2;1;-23,00519997;-44,45275661;SPRF-RJ;DEL03-RJ;UOP03-DEL03-RJ
610451;27/06/2024;quinta-feira;18:00:00;PR;376;179,2;MARINGA;Ausência de reação do condutor;Colisão traseira;Sem Vítimas;Plena Noite;Crescente;Céu Claro;Múltipla;Reta;Sim;2;0;0;0;2;0;0;2;-23,42244278;-51,90360392;SPRF-PR;DEL09-PR;UOP01-DEL09-PR
610452;18/05/2024;sábado;10:54:00;PB;230;3;CABEDELO;Demais falhas mecânicas ou elétricas;Incêndio;Sem Vítimas;Pleno dia;Decrescente;Céu Claro;Dupla;"Em Obras;Reta";Sim;1;0;0;0;1;0;0;1;-6,9915;-34,8287;SPRF-PB;DEL01-PB;UOP01-DEL01-PB
610453;27/06/2024;quinta-feira;18:52:00;GO;40;9;LUZIANIA;Acessar a via sem observar a presença dos outros veículos;Atropelamento de Pedestre;Com Vítimas Feridas;Plena Noite;Decrescente;Céu Claro;Dupla;Curva;Sim;2;0;1;0;0;1;1;2;-16,131158;-47,957739;SPRF-DF;DEL01-DF;UOP01-DEL01-DF
610455;27/06/2024;quinta-feira;18:20:00;SC;101;211,7;PALHOCA;Ausência de reação do condutor;Colisão lateral mesmo sentido;Com Vítimas Feridas;Plena Noite;Decrescente;Céu Claro;Múltipla;Reta;Sim;2;0;1;0;1;0;1;2;-27,62329313;-48,65245588;SPRF-SC;DEL01-SC;UOP02-DEL01-SC
610457;27/06/2024;quinta-feira;19:07:00;SP;116;146;SAO JOSE DOS CAMPOS;Condutor deixou de manter distância do veículo da frente;Colisão traseira;Com Vítimas Feridas;Plena Noite;Crescente;Céu Claro;Dupla;"Reta;Declive";Sim;5;0;2;1;2;0;3;2;-23,19122919;-45,86327591;SPRF-SP;DEL02-SP;UOP01-DEL02-SP
610458;27/06/2024;quinta-feira;18:44:00;PR;116;96;SAO JOSE DOS PINHAIS;Manobra de mudança de faixa;Colisão lateral mesmo sentido;Com Vítimas Feridas;Plena Noite;Crescente;Céu Claro;Dupla;Reta;Sim;2;0;1;0;1;0;1;2;-25,54029243;-49,1505146;SPRF-PR;DEL01-PR;UOP07-DEL01-PR
610460;20/04/2024;sábado;23:45:00;BA;20;180;BARREIRAS;Reação tardia ou ineficiente do condutor;Tombamento;Com Vítimas Feridas;Plena Noite;Crescente;Céu Claro;Simples;Reta;Sim;1;0;1;0;0;0;1;1;-12;-45;SPRF-BA;DEL10-BA;UOP01-DEL10-BA
610462;27/06/2024;quinta-feira;18:25:00;SP;381;89,4;SAO PAULO;Manobra de mudança de faixa;Colisão lateral mesmo sentido;Com Vítimas Feridas;Plena Noite;Crescente;Céu Claro;Dupla;Reta;Não;4;0;1;0;3;0;1;4;-23,48469299;-46,55983288;SPRF-SP;DEL03-SP;UOP01-DEL03-SP
610463;27/06/2024;quinta-feira;18:20:00;RJ;101;486;ANGRA DOS REIS;Condutor deixou de manter distância do veículo da frente;Colisão traseira;Com Vítimas Feridas;Anoitecer;Crescente;Céu Claro;Simples;"Reta;Ponte";Sim;3;0;1;0;2;0;1;2;-22,97708786;-44,29634653;SPRF-RJ;DEL03-RJ;UOP03-DEL03-RJ
610464;27/06/2024;quinta-feira;19:20:00;GO;70;5,7;AGUAS LINDAS DE GOIAS;Velocidade Incompatível;Saída de leito carroçável;Com Vítimas Fatais;Plena Noite;Crescente;Céu Claro;Múltipla;Reta;Sim;2;1;0;1;0;0;1;1;-15,751998;-48,259748;SPRF-DF;DEL03-DF;UOP02-DEL03-DF
610468;27/06/2024;quinta-feira;20:40:00;GO;60;96;ANAPOLIS;Ingestão de álcool pelo condutor;Tombamento;Com Vítimas Feridas;Plena Noite;Decrescente;Céu Claro;Dupla;Reta;Sim;1;0;0;1;0;0;1;1;-16,371;-48,9422;SPRF-GO;DEL02-GO;UOP01-DEL02-GO
610469;27/06/2024;quinta-feira;17:30:00;BA;367;51;PORTO SEGURO;Animais na Pista;Atropelamento de Animal;Sem Vítimas;Anoitecer;Crescente;Céu Claro;Simples;Curva;Não;4;0;0;0;4;0;0;1;-16,37318452;-39,30755012;SPRF-BA;DEL09-BA;UOP03-DEL09-BA
610470;27/06/2024;quinta-feira;19:50:00;GO;60;31;ALEXANIA;Acessar a via sem observar a presença dos outros veículos;Colisão transversal;Com Vítimas Feridas;Plena Noite;Decrescente;Céu Claro;Dupla;"Reta;Retorno Regulamentado";Sim;3;0;0;1;2;0;1;2;-16,090541;-48,497628;SPRF-DF;DEL03-DF;UOP01-DEL03-DF
610471;27/06/2024;quinta-feira;18:30:00;ES;101;269,4;SERRA;Acessar a via sem observar a presença dos outros veículos;Colisão transversal;Com Vítimas Feridas;Plena Noite;Crescente;Céu Claro;Dupla;Reta;Não;2;0;0;2;0;0;2;2;-20,21740496;-40,26990578;SPRF-ES;DEL02-ES;UOP01-DEL02-ES
610472;27/06/2024;quinta-feira;21:00:00;RS;116;263;CANOAS;Reação tardia ou ineficiente do condutor;Tombamento;Com Vítimas Feridas;Plena Noite;Crescente;Céu Claro;Dupla;Reta;Sim;1;0;1;0;0;0;1;1;-29,90545398;-51,17674031;SPRF-RS;DEL01-RS;UOP01-DEL01-RS
610473;27/06/2024;quinta-feira;21:00:00;CE;222;1,2;FORTALEZA;Ausência de reação do condutor;Colisão traseira;Com Vítimas Feridas;Plena Noite;Decrescente;Céu Claro;Dupla;Reta;Sim;2;0;1;0;0;1;1;2;-3,737804;-38,578061;SPRF-CE;DEL01-CE;UOP01-DEL01-CE
610477;27/06/2024;quinta-feira;19:30:00;MS;163;555;BANDEIRANTES;Transitar na contramão;Colisão frontal;Com Vítimas Feridas;Plena Noite;Crescente;Céu Claro;Simples;Reta;Não;2;0;1;1;0;0;2;2;-19,86479399;-54,36871565;SPRF-MS;DEL01-MS;UOP02-DEL01-MS