id;data_inversa;dia_semana;horario;uf;br;km;municipio;causa_acidente;tipo_acidente;classificacao_acidente;fase_dia;sentido_via;condicao_metereologica;tipo_pista;tracado_via;uso_solo;pessoas;mortos;feridos_leves;feridos_graves;ilesos;ignorados;feridos;veiculos;latitude;longitude;regional;delegacia;uop
610478;27/06/2024;quinta-feira;21:20:00;CE;116;41;HORIZONTE;Acessar a via sem observar a presença dos outros veículos;Colisão lateral mesmo sentido;Com Vítimas Feridas;Plena Noite;Crescente;Céu Claro;Dupla;Curva;Sim;2;0;1;0;0;1;1;2;-4,1024351;-38,50001011;SPRF-CE;DEL01-CE;UOP02-DEL01-CE
610479;27/06/2024;quinta-feira;16:10:00;MT;163;996;TERRA NOVA DO NORTE;Reação tardia ou ineficiente do condutor;Saída de leito carroçável;Com Vítimas Feridas;Pleno dia;Decrescente;Sol;Simples;Reta;Não;2;0;1;0;1;0;1;1;-10,40836853;-55,05426586;SPRF-MT;DEL06-MT;UOP03-DEL06-MT
610481;27/06/2024;quinta-feira;21:00:00;TO;153;133;ARAGUAINA;Reação tardia ou ineficiente do condutor;Saída de leito carroçável;Com Vítimas Feridas;Plena Noite;Decrescente;Céu Claro;Simples;Curva;Sim;1;0;1;0;0;0;1;1;-7,11461109;-48,18743388;SPRF-TO;DEL02-TO;UOP01-DEL02-TO
610482;27/06/2024;quinta-feira;20:40:00;RO;364;425;JARU;Acumulo de areia ou detritos sobre o pavimento;Tombamento;Com Vítimas Feridas;Plena Noite;Crescente;Céu Claro;Dupla;Retorno Regulamentado;Sim;1;0;1;0;0;0;1;1;-10,43752488;-62,47169791;SPRF-RO;DEL03-RO;UOP02-DEL03-RO
610484;27/06/2024;quinta-feira;22:10:00;RJ;101;324;NITEROI;Ausência de reação do condutor;Colisão traseira;Com Vítimas Feridas;Plena Noite;Decrescente;Céu Claro;Dupla;"Reta;Ponte";Sim;2;0;1;0;1;0;1;2;-22,87381074;-43,12640997;SPRF-RJ;DEL02-RJ;UOP01-DEL02-RJ
610485;27/06/2024;quinta-feira;20:30:00;RJ;101;332,2;RIO DE JANEIRO;Ausência de reação do condutor;Colisão traseira;Com Vítimas Feridas;Plena Noite;Decrescente;Céu Claro;Múltipla;Reta;Sim;3;0;2;0;1;0;2;3;-22,87133305;-43,20407695;SPRF-RJ;DEL02-RJ;UOP01-DEL02-RJ
610486;27/06/2024;quinta-feira;22:40:00;SC;101;205,5;SAO JOSE;Reação tardia ou ineficiente do condutor;Colisão com objeto;Com Vítimas Feridas;Plena Noite;Decrescente;Céu Claro;Múltipla;"Reta;Interseção de Vias";Sim;2;0;0;1;1;0;1;1;-27,58313237;-48,61532885;SPRF-SC;DEL01-SC;UOP01-DEL01-SC
610487;27/06/2024;quinta-feira;22:15:00;SC;101;8;GARUVA;Reação tardia ou ineficiente do condutor;Colisão traseira;Com Vítimas Feridas;Plena Noite;Crescente;Céu Claro;Dupla;Reta;Não;2;0;2;0;0;0;2;2;-26,044942;-48,859703;SPRF-SC;DEL03-SC;UOP01-DEL03-SC
610489;27/06/2024;quinta-feira;23:00:00;MG;262;157;SAO DOMINGOS DO PRATA;Condutor Dormindo;Saída de leito carroçável;Com Vítimas Feridas;Plena Noite;Decrescente;Céu Claro;Simples;"Declive;Curva";Não;1;0;1;0;0;0;1;1;-19,96304722;-42,81017502;SPRF-MG;DEL03-MG;UOP03-DEL03-MG
610490;28/06/2024;sexta-feira;00:12:00;SP;116;54;LORENA;Ausência de reação do condutor;Capotamento;Com Vítimas Feridas;Plena Noite;Crescente;Céu Claro;Dupla;Reta;Sim;1;0;1;0;0;0;1;1;-22,75803895;-45,11508003;SPRF-SP;DEL08-SP;UOP02-DEL08-SP
610491;27/06/2024;quinta-feira;23:06:00;PI;316;10,5;TERESINA;Condutor deixou de manter distância do veículo da frente;Colisão traseira;Com Vítimas Fatais;Plena Noite;Decrescente;Céu Claro;Dupla;Reta;Sim;2;1;0;0;0;1;0;2;-5,18280197;-42,76350291;SPRF-PI;DEL01-PI;UOP02-DEL01-PI
610496;27/06/2024;quinta-feira;12:50:00;PE;423;145;IATI;Acessar a via sem observar a presença dos outros veículos;Colisão transversal;Com Vítimas Feridas;Pleno dia;Crescente;Céu Claro;Simples;"Reta;Ponte";Não;2;0;1;0;1;0;1;2;-9,00914428;-36,8678548;SPRF-PE;DEL03-PE;UOP01-DEL03-PE
610499;28/06/2024;sexta-feira;03:30:00;PR;158;539,6;PATO BRANCO;Ingestão de álcool pelo condutor;Saída de leito carroçável;Sem Vítimas;Plena Noite;Crescente;Céu Claro;Simples;Curva;Sim;1;0;0;0;1;0;0;1;-26,26491;-52,707542;SPRF-PR;DEL02-PR;UOP01-DEL02-PR
610508;28/06/2024;sexta-feira;04:35:00;MG;116;694,1;MURIAE;Condutor Dormindo;Saída de leito carroçável;Com Vítimas Feridas;Plena Noite;Decrescente;Ignorado;Simples;Curva;Não;1;0;1;0;0;0;1;1;-21,05640783;-42,36868858;SPRF-MG;DEL07-MG;UOP02-DEL07-MG
610509;28/06/2024;sexta-feira;06:04:00;MG;262;400;PARA DE MINAS;Ausência de reação do condutor;Tombamento;Com Vítimas Feridas;Pleno dia;Crescente;Céu Claro;Simples;Reta;Não;1;0;1;0;0;0;1;1;-19,90293517;-44,54364505;SPRF-MG;DEL01-MG;UOP03-DEL01-MG
610511;28/06/2024;sexta-feira;06:00:00;PR;116;126;FAZENDA RIO GRANDE;Manobra de mudança de faixa;Colisão lateral sentido oposto;Com Vítimas Feridas;Amanhecer;Crescente;Céu Claro;Múltipla;Reta;Sim;2;0;1;0;1;0;1;2;-25,64327417;-49,31273997;SPRF-PR;DEL01-PR;UOP03-DEL01-PR
610512;28/06/2024;sexta-feira;07:00:00;SP;116;211;GUARULHOS;Trafegar com motocicleta (ou similar) entre as faixas;Colisão lateral mesmo sentido;Com Vítimas Feridas;Pleno dia;Crescente;Nublado;Múltipla;Reta;Não;4;0;2;0;2;0;2;3;-23,4324306;-46,4194352;SPRF-SP;DEL01-SP;UOP01-DEL01-SP
610514;28/06/2024;sexta-feira;06:18:00;SP;116;219;GUARULHOS;Reação tardia ou ineficiente do condutor;Colisão traseira;Com Vítimas Feridas;Amanhecer;Crescente;Céu Claro;Dupla;Reta;Sim;2;0;1;0;1;0;1;2;-23,461861;-46,488742;SPRF-SP;DEL01-SP;UOP01-DEL01-SP
610515;28/06/2024;sexta-feira;06:45:00;MG;40;518,5;RIBEIRAO DAS NEVES;Transitar no Acostamento;Atropelamento de Pedestre;Com Vítimas Feridas;Pleno dia;Crescente;Céu Claro;Dupla;Reta;Sim;2;0;0;1;1;0;1;2;-19,8321242;-44,08208533;SPRF-MG;DEL01-MG;UOP02-DEL01-MG
610516;28/06/2024;sexta-feira;07:00:00;DF;60;11,7;BRASILIA;Reação tardia ou ineficiente do condutor;Saída de leito carroçável;Com Vítimas Feridas;Pleno dia;Decrescente;Céu Claro;Dupla;Curva;Não;2;0;1;0;1;0;1;1;-15,913868;-48,162542;SPRF-DF;DEL03-DF;UOP01-DEL03-DF
610517;23/06/2024;domingo;22:00:00;RS;470;216;BENTO GONCALVES;Manobra de mudança de faixa;Colisão com objeto;Sem Vítimas;Anoitecer;Crescente;Chuva;Dupla;Reta;Sim;2;0;0;0;2;0;0;1;-29,15887096;-51,53142395;SPRF-RS;DEL06-RS;UOP01-DEL06-RS
610518;28/06/2024;sexta-feira;06:50:00;RN;406;166;SAO GONCALO DO AMARANTE;Reação tardia ou ineficiente do condutor;Colisão traseira;Com Vítimas Feridas;Pleno dia;Crescente;Céu Claro;Dupla;Reta;Não;5;0;1;0;4;0;1;4;-5,74538069;-35,33511043;SPRF-RN;DEL02-RN;UOP01-DEL02-RN
610519;28/06/2024;sexta-feira;07:00:00;ES;101;267,7;SERRA;Condutor deixou de manter distância do veículo da frente;Colisão traseira;Com Vítimas Feridas;Pleno dia;Decrescente;Nublado;Múltipla;"Reta;Interseção de Vias";Sim;2;0;1;0;1;0;1;2;-20,19930999;-40,26884609;SPRF-ES;DEL02-ES;UOP01-DEL02-ES
610520;28/06/2024;sexta-feira;06:50:00;PE;232;19,3;MORENO;Acumulo de areia ou detritos sobre o pavimento;Saída de leito carroçável;Com Vítimas Feridas;Pleno dia;Decrescente;Céu Claro;Dupla;"Declive;Curva";Não;1;0;1;0;0;0;1;1;-8,098451;-35,06431;SPRF-PE;DEL01-PE;UOP01-DEL01-PE
610521;28/06/2024;sexta-feira;06:10:00;RJ;101;88,1;CAMPOS DOS GOYTACAZES;Ausência de reação do condutor;Saída de leito carroçável;Com Vítimas Feridas;Amanhecer;Decrescente;Céu Claro;Dupla;Curva;Não;1;0;1;0;0;0;1;1;-21,83354897;-41,50191804;SPRF-RJ;DEL08-RJ;UOP02-DEL08-RJ
610522;24/06/2024;segunda-feira;18:45:00;PR;277;117;CAMPO LARGO;Transitar na contramão;Colisão frontal;Com Vítimas Feridas;Plena Noite;Crescente;Chuva;Simples;"Aclive;Curva;Interseção de Vias";Sim;3;0;3;0;0;0;3;2;-25,43455778;-49,5209878;SPRF-PR;DEL03-PR;UOP03-DEL03-PR
610526;28/06/2024;sexta-feira;06:45:00;RJ;40;120;DUQUE DE CAXIAS;Trafegar com motocicleta (ou similar) entre as faixas;Colisão lateral mesmo sentido;Com Vítimas Feridas;Pleno dia;Crescente;Céu Claro;Múltipla;Reta;Sim;2;0;1;0;1;0;1;2;-22,77280597;-43,28626763;SPRF-RJ;DEL01-RJ;UOP02-DEL01-RJ
610527;28/06/2024;sexta-feira;07:15:00;MG;116;699,9;MURIAE;Condutor deixou de manter distância do veículo da frente;Colisão lateral mesmo sentido;Com Vítimas Feridas;Pleno dia;Decrescente;Nublado;Simples;Curva;Sim;3;0;2;0;1;0;2;2;-21,09470198;-42,37369904;SPRF-MG;DEL07-MG;UOP02-DEL07-MG
610528;28/06/2024;sexta-feira;08:00:00;SP;116;285;ITAPECERICA DA SERRA;Reação tardia ou ineficiente do condutor;Colisão lateral mesmo sentido;Com Vítimas Feridas;Pleno dia;Decrescente;Céu Claro;Dupla;Reta;Sim;2;0;1;0;1;0;1;2;-23,70407794;-46,87249709;SPRF-SP;DEL04-SP;UOP01-DEL04-SP
610530;25/04/2024;quinta-feira;20:40:00;MG;251;395,9;GRAO MOGOL;Ausência de reação do condutor;Eventos atípicos;Com Vítimas Feridas;Plena Noite;Decrescente;Céu Claro;Simples;Reta;Não;1;0;0;1;0;0;1;1;-16,21327396;-42,87794401;SPRF-MG;DEL12-MG;UOP01-DEL12-MG
610531;01/04/2024;segunda-feira;16:30:00;MG;365;431,5;PATOS DE MINAS;Acessar a via sem observar a presença dos outros veículos;Colisão transversal;Com Vítimas Feridas;Pleno dia;Crescente;Sol;Simples;"Reta;Interseção de Vias";Não;5;0;0;2;3;0;2;2;-18,76420074;-46,67446219;SPRF-MG;DEL10-MG;UOP01-DEL10-MG
610532;28/06/2024;sexta-feira;07:22:00;SP;116;430;REGISTRO;Pista Escorregadia;Queda de ocupante de veículo;Com Vítimas Feridas;Pleno dia;Crescente;Nevoeiro/Neblina;Dupla;"Declive;Curva;Viaduto";Não;2;0;1;0;1;0;1;1;-24,40730885;-47,7459871;SPRF-SP;DEL05-SP;UOP01-DEL05-SP
610533;28/06/2024;sexta-feira;08:30:00;MG;40;523;RIBEIRAO DAS NEVES;Manobra de mudança de faixa;Colisão lateral mesmo sentido;Com Vítimas Feridas;Pleno dia;Decrescente;Céu Claro;Dupla;"Curva;Declive";Não;4;0;1;0;2;1;1;3;-19,86874894;-44,05962197;SPRF-MG;DEL01-MG;UOP02-DEL01-MG
610538;28/06/2024;sexta-feira;07:49:00;PR;158;531;PATO BRANCO;Condutor deixou de manter distância do veículo da frente;Colisão traseira;Com Vítimas Feridas;Pleno dia;Crescente;Céu Claro;Simples;Reta;Sim;5;0;3;0;2;0;3;3;-26,20228;-52,678215;SPRF-PR;DEL02-PR;UOP01-DEL02-PR
610539;28/06/2024;sexta-feira;08:20:00;MG;40;511;RIBEIRAO DAS NEVES;Velocidade Incompatível;Tombamento;Com Vítimas Feridas;Pleno dia;Crescente;Céu Claro;Dupla;"Reta;Retorno Regulamentado";Sim;1;0;0;1;0;0;1;1;-19,78164295;-44,11733194;SPRF-MG;DEL01-MG;UOP02-DEL01-MG
610540;28/06/2024;sexta-feira;08:10:00;RS;285;121,8;VACARIA;Desrespeitar a preferência no cruzamento;Colisão transversal;Com Vítimas Feridas;Pleno dia;Crescente;Nublado;Simples;Rotatória;Sim;3;0;0;1;1;1;1;3;-28,505842;-50,94321191;SPRF-RS;DEL05-RS;UOP03-DEL05-RS
610541;28/06/2024;sexta-feira;08:30:00;PA;163;991;SANTAREM;Entrada inopinada do pedestre;Atropelamento de Pedestre;Com Vítimas Feridas;Pleno dia;Crescente;Céu Claro;Simples;"Interseção de Vias;Reta";Não;2;0;1;0;1;0;1;2;-2,547851;-54,72278;SPRF-PA;DEL05-PA;UOP01-DEL05-PA
610545;28/06/2024;sexta-feira;06:30:00;RS;392;2,2;RIO GRANDE;Desrespeitar a preferência no cruzamento;Colisão transversal;Com Vítimas Feridas;Amanhecer;Crescente;Céu Claro;Simples;Interseção de Vias;Sim;3;0;2;0;1;0;2;2;-32,13093159;-52,11160898;SPRF-RS;DEL07-RS;UOP02-DEL07-RS
610546;28/06/2024;sexta-feira;09:00:00;SP;116;208;GUARULHOS;Ausência de reação do condutor;Colisão frontal;Com Vítimas Feridas;Pleno dia;Decrescente;Sol;Múltipla;Interseção de Vias;Sim;2;0;1;0;1;0;1;2;-23,41972188;-46,38419203;SPRF-SP;DEL01-SP;UOP01-DEL01-SP
610549;28/06/2024;sexta-feira;01:30:00;RJ;116;255;PIRAI;Ausência de reação do condutor;Saída de leito carroçável;Com Vítimas Feridas;Plena Noite;Decrescente;Céu Claro;Múltipla;Reta;Sim;1;0;1;0;0;0;1;1;-22,58485052;-44,0524292;SPRF-RJ;DEL07-RJ;UOP01-DEL07-RJ
610550;28/06/2024;sexta-feira;09:15:00;PR;277;4;PARANAGUA;Manobra de mudança de faixa;Colisão lateral mesmo sentido;Com Vítimas Feridas;Pleno dia;Crescente;Céu Claro;Dupla;Reta;Sim;4;0;2;0;2;0;2;2;-25,527833;-48,528006;SPRF-PR;DEL01-PR;UOP05-DEL01-PR
610555;10/06/2024;segunda-feira;06:45:00;PB;230;0;PATOS;Pedestre cruzava a pista fora da faixa;Atropelamento de Pedestre;Com Vítimas Feridas;Pleno dia;Decrescente;Céu Claro;Simples;Reta;Sim;2;0;1;1;0;0;2;2;-7,024862;-37,280304;SPRF-PB;DEL03-PB;UOP01-DEL03-PB
610556;28/06/2024;sexta-feira;10:00:00;RJ;116;186;NOVA IGUACU;Ausência de reação do condutor;Colisão lateral mesmo sentido;Com Vítimas Feridas;Pleno dia;Decrescente;Céu Claro;Dupla;Reta;Sim;3;0;2;0;1;0;2;2;-22,73962339;-43,46276495;SPRF-RJ;DEL06-RJ;UOP01-DEL06-RJ
610557;28/06/2024;sexta-feira;10:30:00;CE;222;4;CAUCAIA;Condutor deixou de manter distância do veículo da frente;Colisão traseira;Com Vítimas Feridas;Pleno dia;Decrescente;Céu Claro;Múltipla;Reta;Sim;3;0;2;0;1;0;2;2;-3,74275056;-38,61197591;SPRF-CE;DEL01-CE;UOP01-DEL01-CE
610558;28/06/2024;sexta-feira;09:20:00;RJ;40;109;DUQUE DE CAXIAS;Ultrapassagem Indevida;Colisão lateral mesmo sentido;Com Vítimas Feridas;Pleno dia;Decrescente;Céu Claro;Múltipla;Interseção de Vias;Sim;2;0;1;0;1;0;1;2;-22,67428307;-43,28574657;SPRF-RJ;DEL01-RJ;UOP02-DEL01-RJ
610559;28/06/2024;sexta-feira;10:50:00;DF;40;2;BRASILIA;Demais falhas mecânicas ou elétricas;Colisão traseira;Com Vítimas Feridas;Pleno dia;Decrescente;Céu Claro;Dupla;Reta;Não;3;0;1;0;2;0;1;2;-15,99435;-47,985947;SPRF-DF;DEL01-DF;UOP01-DEL01-DF
610560;28/06/2024;sexta-feira;09:30:00;PE;101;73,4;RECIFE;Reação tardia ou ineficiente do condutor;Queda de ocupante de veículo;Sem Vítimas;Pleno dia;Decrescente;Céu Claro;Dupla;Curva;Sim;1;0;0;0;0;1;0;1;-8,093369;-34,947464;SPRF-PE;DEL01-PE;UOP01-DEL01-PE
610561;28/06/2024;sexta-feira;08:00:00;GO;60;96;ANAPOLIS;Pista esburacada;Queda de ocupante de veículo;Com Vítimas Feridas;Pleno dia;Decrescente;Céu Claro;Dupla;Reta;Sim;1;0;1;0;0;0;1;1;-16,371;-48,9422;SPRF-GO;DEL02-GO;UOP01-DEL02-GO
610565;18/06/2024;terça-feira;19:00:00;ES;101;144,9;LINHARES;Entrada inopinada do pedestre;Atropelamento de Pedestre;Com Vítimas Feridas;Plena Noite;Crescente;Céu Claro;Múltipla;Reta;Sim;3;0;0;1;1;1;1;2;-19,35188295;-40,0636685;SPRF-ES;DEL04-ES;UOP01-DEL04-ES
610568;28/06/2024;sexta-feira;11:25:00;BA;101;173;FEIRA DE SANTANA;Frear bruscamente;Engavetamento;Sem Vítimas;Pleno dia;Decrescente;Céu Claro;Simples;Reta;Não;5;0;0;0;5;0;0;4;-12,4079713;-38,8977984;SPRF-BA;DEL01-BA;UOP03-DEL01-BA
610569;28/06/2024;sexta-feira;10:55:00;SP;459;31,7;LORENA;Acessar a via sem observar a presença dos outros veículos;Colisão transversal;Com Vítimas Feridas;Pleno dia;Decrescente;Céu Claro;Simples;Reta;Sim;3;0;0;1;0;2;1;3;-22,732813;-45,098679;SPRF-SP;DEL08-SP;UOP02-DEL08-SP
610571;29/05/2024;quarta-feira;23:30:00;RJ;101;494,3;ANGRA DOS REIS;Reação tardia ou ineficiente do condutor;Colisão frontal;Com Vítimas Feridas;Plena Noite;Crescente;Céu Claro;Simples;Curva;Não;3;0;2;1;0;0;3;2;-22,93752781;-44,3185162;SPRF-RJ;DEL03-RJ;UOP03-DEL03-RJ
610572;28/06/2024;sexta-feira;11:45:00;ES;101;268,8;SERRA;Manobra de mudança de faixa;Tombamento;Com Vítimas Feridas;Pleno dia;Decrescente;Céu Claro;Múltipla;Reta;Sim;2;0;1;0;1;0;1;2;-20,20842;-40,269405;SPRF-ES;DEL02-ES;UOP01-DEL02-ES
610573;28/06/2024;sexta-feira;12:30:00;AL;316;82;SANTANA DO IPANEMA;Acessar a via sem observar a presença dos outros veículos;Colisão lateral mesmo sentido;Com Vítimas Feridas;Pleno dia;Decrescente;Céu Claro;Simples;"Aclive;Reta";Sim;2;0;1;0;1;0;1;2;-9,36141079;-37,2685338;SPRF-AL;DEL03-AL;UOP02-DEL03-AL
610575;28/06/2024;sexta-feira;09:50:00;MG;262;37,8;MANHUACU;Manobra de mudança de faixa;Colisão lateral mesmo sentido;Com Vítimas Feridas;Pleno dia;Crescente;Céu Claro;Simples;Reta;Sim;2;0;1;0;1;0;1;2;-20,25748975;-42,03048732;SPRF-MG;DEL06-MG;UOP03-DEL06-MG
610577;28/06/2024;sexta-feira;10:45:00;RS;470;232;CARLOS BARBOSA;Acessar a via sem observar a presença dos outros veículos;Colisão lateral mesmo sentido;Sem Vítimas;Pleno dia;Decrescente;Nublado;Simples;Curva;Não;3;0;0;0;3;0;0;2;-29,23579206;-51,51193423;SPRF-RS;DEL06-RS;UOP01-DEL06-RS
610579;28/06/2024;sexta-feira;11:30:00;PR;369;56;BANDEIRANTES;Ausência de reação do condutor;Colisão transversal;Com Vítimas Feridas;Pleno dia;Crescente;Céu Claro;Simples;Aclive;Sim;3;0;1;0;2;0;1;2;-23,109761;-50,371027;SPRF-PR;DEL07-PR;UOP05-DEL07-PR
610580;28/06/2024;sexta-feira;12:10:00;MG;116;274;TEOFILO OTONI;Pedestre cruzava a pista fora da faixa;Atropelamento de Pedestre;Com Vítimas Feridas;Pleno dia;Crescente;Céu Claro;Simples;Reta;Sim;2;0;1;0;0;1;1;2;-17,83384514;-41,51094368;SPRF-MG;DEL11-MG;UOP01-DEL11-MG
610584;28/06/2024;sexta-feira;12:00:00;SP;116;60,2;GUARATINGUETA;Velocidade Incompatível;Capotamento;Com Vítimas Feridas;Pleno dia;Crescente;Céu Claro;Dupla;Reta;Sim;2;0;2;0;0;0;2;1;-22,79106843;-45,16105167;SPRF-SP;DEL08-SP;UOP01-DEL08-SP
610585;28/06/2024;sexta-feira;12:25:00;RJ;40;118;DUQUE DE CAXIAS;Acessar a via sem observar a presença dos outros veículos;Colisão transversal;Com Vítimas Feridas;Pleno dia;Crescente;Céu Claro;Dupla;Reta;Sim;3;0;2;0;1;0;2;2;-22,75470802;-43,28737838;SPRF-RJ;DEL01-RJ;UOP02-DEL01-RJ
610589;21/06/2024;sexta-feira;07:50:00;PR;280;258;MARMELEIRO;Condutor deixou de manter distância do veículo da frente;Colisão traseira;Com Vítimas Feridas;Pleno dia;Crescente;Céu Claro;Simples;Curva;Não;2;0;0;1;1;0;1;2;-26,16533764;-53,04881509;SPRF-PR;DEL02-PR;UOP01-DEL02-PR
610590;28/06/2024;sexta-feira;13:20:00;MA;222;658;ACAILANDIA;Entrada inopinada do pedestre;Atropelamento de Pedestre;Com Vítimas Feridas;Pleno dia;Crescente;Sol;Simples;"Curva;Aclive";Não;3;0;0;1;1;1;1;2;-4,86775987;-47,32915222;SPRF-MA;DEL04-MA;UOP03-DEL04-MA
610591;28/06/2024;sexta-feira;13:30:00;BA;324;582;CANDEIAS;Reação tardia ou ineficiente do condutor;Colisão traseira;Com Vítimas Feridas;Pleno dia;Decrescente;Sol;Dupla;Reta;Não;3;0;2;0;0;1;2;2;-12,60856603;-38,49390902;SPRF-BA;DEL01-BA;UOP01-DEL01-BA
610592;28/06/2024;sexta-feira;12:15:00;PR;277;420,2;CANTAGALO;Suicídio (presumido);Atropelamento de Pedestre;Com Vítimas Feridas;Pleno dia;Decrescente;Céu Claro;Simples;"Declive;Reta";Não;3;0;0;1;1;1;1;2;-25,383778;-52,116171;SPRF-PR;DEL04-PR;UOP02-DEL04-PR
610593;28/06/2024;sexta-feira;13:30:00;PR;369;174,4;ROLANDIA;Ultrapassagem Indevida;Colisão lateral mesmo sentido;Com Vítimas Feridas;Pleno dia;Crescente;Céu Claro;Simples;Reta;Sim;3;0;2;0;1;0;2;2;-23,31717059;-51,37780488;SPRF-PR;DEL07-PR;UOP01-DEL07-PR
610594;28/06/2024;sexta-feira;14:18:00;ES;262;107,9;VENDA NOVA DO IMIGRANTE;Reação tardia ou ineficiente do condutor;Colisão traseira;Com Vítimas Feridas;Pleno dia;Crescente;Céu Claro;Simples;Reta;Não;5;0;3;0;2;0;3;2;-20,32991844;-41,15343646;SPRF-ES;DEL01-ES;UOP02-DEL01-ES
610595;28/06/2024;sexta-feira;10:20:00;RS;470;154;NOVA PRATA;Reação tardia ou ineficiente do condutor;Saída de leito carroçável;Com Vítimas Feridas;Pleno dia;Crescente;Chuva;Simples;"Reta;Declive";Não;1;0;1;0;0;0;1;1;-28,77711311;-51,61126545;SPRF-RS;DEL06-RS;UOP02-DEL06-RS
610599;28/06/2024;sexta-feira;13:15:00;MT;70;383;SANTO ANTONIO DO LEVERGER;Demais falhas mecânicas ou elétricas;Incêndio;Sem Vítimas;Pleno dia;Crescente;Céu Claro;Dupla;Reta;Não;2;0;0;0;2;0;0;1;-15,70202717;-55,82910419;SPRF-MT;DEL05-MT;UOP02-DEL05-MT
610600;28/06/2024;sexta-feira;15:00:00;ES;101;142,5;LINHARES;Pista Escorregadia;Tombamento;Com Vítimas Feridas;Pleno dia;Decrescente;Céu Claro;Dupla;"Interseção de Vias;Retorno Regulamentado";Sim;1;0;1;0;0;0;1;1;-19,33458987;-40,06755477;SPRF-ES;DEL04-ES;UOP01-DEL04-ES
610602;28/06/2024;sexta-feira;13:34:00;MS;163;255,8;DOURADOS;Ausência de reação do condutor;Tombamento;Com Vítimas Feridas;Pleno dia;Crescente;Céu Claro;Dupla;Curva;Sim;1;0;1;0;0;0;1;1;-22,26567386;-54,80944412;SPRF-MS;DEL04-MS;UOP01-DEL04-MS
610603;28/06/2024;sexta-feira;11:30:00;MT;364;269,8;JACIARA;Acessar a via sem observar a presença dos outros veículos;Colisão transversal;Com Vítimas Feridas;Pleno dia;Crescente;Sol;Dupla;"Curva;Interseção de Vias";Sim;2;0;0;1;1;0;1;2;-15,96903222;-54,94372467;SPRF-MT;DEL02-MT;UOP01-DEL02-MT
610605;28/06/2024;sexta-feira;13:13:00;RJ;40;115;DUQUE DE CAXIAS;Demais falhas mecânicas ou elétricas;Tombamento;Com Vítimas Feridas;Pleno dia;Decrescente;Céu Claro;Múltipla;Reta;Sim;2;0;2;0;0;0;2;1;-22,72756999;-43,2891609;SPRF-RJ;DEL01-RJ;UOP02-DEL01-RJ
610606;28/06/2024;sexta-feira;14:45:00;GO;60;376;RIO VERDE;Ausência de reação do condutor;Saída de leito carroçável;Com Vítimas Feridas;Pleno dia;Decrescente;Céu Claro;Dupla;Reta;Não;1;0;1;0;0;0;1;1;-17,7311;-50,8695;SPRF-GO;DEL04-GO;UOP02-DEL04-GO
610608;28/06/2024;sexta-feira;13:30:00;MT;163;829;SINOP;Manobra de mudança de faixa;Colisão lateral mesmo sentido;Com Vítimas Feridas;Pleno dia;Decrescente;Céu Claro;Dupla;"Reta;Retorno Regulamentado";Sim;2;0;2;0;0;0;2;2;-12,040704;-55,51732275;SPRF-MT;DEL06-MT;UOP02-DEL06-MT
610609;28/06/2024;sexta-feira;15:00:00;PB;101;89;JOAO PESSOA;Acessar a via sem observar a presença dos outros veículos;Colisão transversal;Com Vítimas Feridas;Pleno dia;Crescente;Céu Claro;Dupla;Reta;Sim;3;0;1;0;1;1;1;3;-7,1710694;-34,89765372;SPRF-PB;DEL01-PB;UOP02-DEL01-PB
610610;28/06/2024;sexta-feira;14:10:00;RN;101;159,7;CANGUARETAMA;Transitar na contramão;Colisão transversal;Com Vítimas Feridas;Pleno dia;Decrescente;Sol;Dupla;"Reta;Interseção de Vias";Sim;2;0;1;0;1;0;1;2;-6,36312911;-35,15714218;SPRF-RN;DEL01-RN;UOP01-DEL01-RN
610611;28/06/2024;sexta-feira;15:45:00;SC;470;52,1;BLUMENAU;Acessar a via sem observar a presença dos outros veículos;Colisão transversal;Com Vítimas Feridas;Pleno dia;Crescente;Céu Claro;Simples;Reta;Sim;5;0;1;0;4;0;1;2;-26,867121;-49,102066;SPRF-SC;DEL04-SC;UOP01-DEL04-SC
610612;28/06/2024;sexta-feira;15:00:00;RS;285;218,9;CASEIROS;Acessar a via sem observar a presença dos outros veículos;Colisão transversal;Com Vítimas Feridas;Pleno dia;Decrescente;Garoa/Chuvisco;Dupla;Interseção de Vias;Sim;2;0;2;0;0;0;2;2;-28,272339;-51,690033;SPRF-RS;DEL08-RS;UOP05-DEL08-RS
610613;28/06/2024;sexta-feira;15:30:00;PR;376;389;IMBAU;Demais falhas mecânicas ou elétricas;Capotamento;Com Vítimas Feridas;Pleno dia;Crescente;Céu Claro;Dupla;"Declive;Curva";Não;2;0;2;0;0;0;2;1;-24,50971217;-50,71462923;SPRF-PR;DEL03-PR;UOP02-DEL03-PR
610616;28/06/2024;sexta-feira;15:10:00;SC;282;26,5;SANTO AMARO DA IMPERATRIZ;Desrespeitar a preferência no cruzamento;Colisão transversal;Com Vítimas Feridas;Pleno dia;Decrescente;Nublado;Simples;"Retorno Regulamentado;Reta";Não;2;0;1;1;0;0;2;2;-27,680267;-48,762482;SPRF-SC;DEL01-SC;UOP03-DEL01-SC
610617;28/06/2024;sexta-feira;16:15:00;RN;101;83;SAO GONCALO DO AMARANTE;Condutor deixou de manter distância do veículo da frente;Colisão traseira;Com Vítimas Feridas;Pleno dia;Decrescente;Céu Claro;Dupla;Reta;Sim;3;0;0;1;2;0;1;2;-5,7710445;-35,26616981;SPRF-RN;DEL02-RN;UOP01-DEL02-RN