id;data_inversa;dia_semana;horario;uf;br;km;municipio;causa_acidente;tipo_acidente;classificacao_acidente;fase_dia;sentido_via;condicao_metereologica;tipo_pista;tracado_via;uso_solo;pessoas;mortos;feridos_leves;feridos_graves;ilesos;ignorados;feridos;veiculos;latitude;longitude;regional;delegacia;uop
610850;29/06/2024;sábado;16:29:00;ES;101;271;SERRA;Acesso irregular;Colisão transversal;Com Vítimas Feridas;Anoitecer;Decrescente;Sol;Dupla;"Reta;Aclive";Sim;2;0;1;0;0;1;1;2;-20,23267;-40,27658;SPRF-ES;DEL02-ES;UOP01-DEL02-ES
610852;29/06/2024;sábado;17:15:00;PR;158;531;PATO BRANCO;Acessar a via sem observar a presença dos outros veículos;Colisão lateral sentido oposto;Com Vítimas Feridas;Pleno dia;Decrescente;Nublado;Simples;"Reta;Interseção de Vias";Sim;3;0;0;2;1;0;2;2;-26,20228;-52,678215;SPRF-PR;DEL02-PR;UOP01-DEL02-PR
610853;22/04/2024;segunda-feira;20:00:00;RJ;116;255;PIRAI;Animais na Pista;Atropelamento de Animal;Com Vítimas Feridas;Plena Noite;Decrescente;Ignorado;Dupla;Reta;Não;2;0;1;0;1;0;1;1;-22,582;-43,996;SPRF-RJ;DEL07-RJ;UOP01-DEL07-RJ
610855;29/06/2024;sábado;15:13:00;PI;343;120,5;PIRACURUCA;Ausência de sinalização;Saída de leito carroçável;Com Vítimas Feridas;Pleno dia;Decrescente;Céu Claro;Simples;Curva;Não;2;0;2;0;0;0;2;1;-3,744185;-41,681904;SPRF-PI;DEL02-PI;UOP01-DEL02-PI
610857;29/06/2024;sábado;18:00:00;RJ;101;277;TANGUA;Acesso irregular;Atropelamento de Pedestre;Com Vítimas Fatais;Plena Noite;Decrescente;Céu Claro;Dupla;Reta;Sim;3;1;0;0;2;0;0;2;-22,73943906;-42,748279;SPRF-RJ;DEL02-RJ;UOP03-DEL02-RJ
610858;29/06/2024;sábado;14:15:00;PI;343;315;ALTOS;Ausência de reação do condutor;Colisão traseira;Com Vítimas Feridas;Pleno dia;Decrescente;Céu Claro;Simples;"Reta;Em Obras";Não;4;0;2;0;2;0;2;3;-5,047249;-42,527164;SPRF-PI;DEL01-PI;UOP01-DEL01-PI
610860;29/06/2024;sábado;18:20:00;RJ;116;98;GUAPIMIRIM;Transitar na contramão;Colisão lateral sentido oposto;Com Vítimas Feridas;Plena Noite;Crescente;Garoa/Chuvisco;Simples;Curva;Não;8;0;1;0;7;0;1;2;-22,48285706;-42,99723936;SPRF-RJ;DEL04-RJ;UOP01-DEL04-RJ
610861;29/06/2024;sábado;17:35:00;SC;101;87,5;BARRA VELHA;Área urbana sem a presença de local apropriado para a travessia de pedestres;Atropelamento de Pedestre;Com Vítimas Feridas;Anoitecer;Crescente;Céu Claro;Dupla;Reta;Sim;3;0;0;1;2;0;1;2;-26,64563353;-48,68752956;SPRF-SC;DEL03-SC;UOP02-DEL03-SC
610862;29/06/2024;sábado;17:47:00;CE;116;41;HORIZONTE;Acessar a via sem observar a presença dos outros veículos;Colisão transversal;Com Vítimas Feridas;Plena Noite;Decrescente;Céu Claro;Dupla;Reta;Sim;3;0;1;0;1;1;1;2;-4,1024351;-38,50001011;SPRF-CE;DEL01-CE;UOP02-DEL01-CE
610863;29/06/2024;sábado;15:45:00;MT;70;2;BARRA DO GARCAS;Condutor deixou de manter distância do veículo da frente;Colisão traseira;Com Vítimas Feridas;Pleno dia;Decrescente;Céu Claro;Simples;Reta;Não;2;0;1;0;1;0;1;2;-15,88749699;-52,26810568;SPRF-MT;DEL07-MT;UOP01-DEL07-MT
610865;29/06/2024;sábado;18:05:00;SP;153;148,7;PROMISSAO;Acessar a via sem observar a presença dos outros veículos;Colisão transversal;Com Vítimas Feridas;Amanhecer;Decrescente;Céu Claro;Simples;Reta;Não;3;0;1;2;0;0;3;2;-21,39944496;-49,78902362;SPRF-SP;DEL07-SP;UOP01-DEL07-SP
610869;29/06/2024;sábado;18:40:00;MG;40;614,8;CONGONHAS;Conversão proibida;Colisão transversal;Com Vítimas Feridas;Plena Noite;Crescente;Céu Claro;Simples;"Reta;Aclive";Não;3;0;1;0;2;0;1;2;-20,540821;-43,820888;SPRF-MG;DEL05-MG;UOP02-DEL05-MG
610870;29/06/2024;sábado;18:45:00;SP;116;226,8;GUARULHOS;Reação tardia ou ineficiente do condutor;Colisão com objeto;Com Vítimas Feridas;Plena Noite;Decrescente;Ignorado;Múltipla;"Reta;Em Obras";Sim;1;0;1;0;0;0;1;1;-23,49102507;-46,54878195;SPRF-SP;DEL01-SP;UOP01-DEL01-SP
610871;29/06/2024;sábado;19:08:00;BA;101;259;SANTO ANTONIO DE JESUS;Transitar na contramão;Colisão frontal;Com Vítimas Feridas;Plena Noite;Decrescente;Céu Claro;Simples;Reta;Não;3;0;2;1;0;0;3;2;-13,05707208;-39,28148909;SPRF-BA;DEL01-BA;UOP02-DEL01-BA
610872;29/06/2024;sábado;13:00:00;PI;316;3;TERESINA;Reação tardia ou ineficiente do condutor;Colisão lateral mesmo sentido;Com Vítimas Feridas;Pleno dia;Crescente;Céu Claro;Simples;Reta;Sim;2;0;1;0;1;0;1;2;-5,13592964;-42,78968995;SPRF-PI;DEL01-PI;UOP02-DEL01-PI
610874;29/06/2024;sábado;19:10:00;RN;101;108,9;PARNAMIRIM;Demais falhas na via;Queda de ocupante de veículo;Com Vítimas Feridas;Plena Noite;Decrescente;Céu Claro;Dupla;Declive;Sim;1;0;1;0;0;0;1;1;-5,92825102;-35,26465683;SPRF-RN;DEL01-RN;UOP01-DEL01-RN
610875;29/06/2024;sábado;16:25:00;MS;262;36;TRES LAGOAS;Demais falhas mecânicas ou elétricas;Incêndio;Sem Vítimas;Pleno dia;Crescente;Céu Claro;Simples;Reta;Não;1;0;0;0;1;0;0;1;-20,78546581;-51,93160395;SPRF-MS;DEL07-MS;UOP01-DEL07-MS
610876;29/06/2024;sábado;19:05:00;PB;230;23,9;JOAO PESSOA;Pedestre cruzava a pista fora da faixa;Atropelamento de Pedestre;Com Vítimas Feridas;Plena Noite;Crescente;Céu Claro;Simples;"Curva;Desvio Temporário";Sim;2;0;0;1;0;1;1;2;-7,1562;-34,8574;SPRF-PB;DEL01-PB;UOP01-DEL01-PB
610877;29/06/2024;sábado;18:30:00;PR;487;177;CAMPO MOURAO;Ausência de reação do condutor;Colisão traseira;Sem Vítimas;Plena Noite;Crescente;Nublado;Simples;Aclive;Sim;6;0;0;0;6;0;0;2;-24,03898208;-52,40911903;SPRF-PR;DEL09-PR;UOP03-DEL09-PR
610878;29/06/2024;sábado;18:30:00;PB;361;86;PIANCO;Animais na Pista;Atropelamento de Animal;Com Vítimas Fatais;Plena Noite;Decrescente;Céu Claro;Simples;Reta;Não;1;1;0;0;0;0;0;1;-7,20724639;-37,934948;SPRF-PB;DEL03-PB;UOP01-DEL03-PB
610879;29/06/2024;sábado;18:00:00;SC;280;236,4;CANOINHAS;Acessar a via sem observar a presença dos outros veículos;Colisão transversal;Com Vítimas Feridas;Plena Noite;Decrescente;Céu Claro;Simples;Reta;Sim;3;0;2;0;1;0;2;2;-26,19473731;-50,42288587;SPRF-SC;DEL06-SC;UOP04-DEL06-SC
610881;29/06/2024;sábado;18:00:00;RR;174;436;MUCAJAI;Avarias e/ou desgaste excessivo no pneu;Saída de leito carroçável;Com Vítimas Feridas;Anoitecer;Crescente;Nublado;Simples;Reta;Não;2;0;1;0;1;0;1;1;2,333255;-60,908756;SPRF-RR;DEL01-RR;UOP01-DEL01-RR
610882;29/06/2024;sábado;18:30:00;MT;163;838;SINOP;Ausência de reação do condutor;Colisão traseira;Com Vítimas Feridas;Plena Noite;Crescente;Céu Claro;Simples;Reta;Não;2;0;1;0;0;1;1;2;-11,960007;-55,516914;SPRF-MT;DEL06-MT;UOP02-DEL06-MT
610883;29/06/2024;sábado;18:00:00;ES;101;143,5;LINHARES;Ingestão de álcool pelo condutor;Colisão traseira;Sem Vítimas;Plena Noite;Crescente;Céu Claro;Dupla;Reta;Não;2;0;0;0;2;0;0;2;-19,34286596;-40,0638568;SPRF-ES;DEL04-ES;UOP01-DEL04-ES
610885;29/06/2024;sábado;16:10:00;RJ;493;0,8;ITABORAI;Pedestre andava na pista;Atropelamento de Pedestre;Com Vítimas Feridas;Pleno dia;Crescente;Céu Claro;Simples;Reta;Sim;2;0;1;0;1;0;1;2;-22,77062;-42,92223;SPRF-RJ;DEL02-RJ;UOP02-DEL02-RJ
610886;29/06/2024;sábado;19:10:00;DF;80;12,1;BRASILIA;Acessar a via sem observar a presença dos outros veículos;Queda de ocupante de veículo;Com Vítimas Feridas;Plena Noite;Decrescente;Nublado;Simples;"Interseção de Vias;Aclive;Reta";Não;3;0;2;0;1;0;2;2;-15,730849;-48,187355;SPRF-DF;DEL03-DF;UOP02-DEL03-DF
610887;29/06/2024;sábado;15:35:00;SC;282;609,8;MARAVILHA;Transitar na contramão;Colisão frontal;Com Vítimas Fatais;Pleno dia;Decrescente;Sol;Simples;"Reta;Aclive";Não;3;1;1;0;0;1;1;3;-26,7563711;-53,230295;SPRF-SC;DEL07-SC;UOP02-DEL07-SC
610888;29/06/2024;sábado;19:50:00;SP;116;223;GUARULHOS;Condutor deixou de manter distância do veículo da frente;Engavetamento;Sem Vítimas;Plena Noite;Decrescente;Garoa/Chuvisco;Múltipla;Reta;Sim;3;0;0;0;3;0;0;3;-23,47559815;-46,5246609;SPRF-SP;DEL01-SP;UOP01-DEL01-SP
610889;29/06/2024;sábado;19:45:00;MG;262;444,5;NOVA SERRANA;Pedestre - Ingestão de álcool/ substâncias psicoativas;Atropelamento de Pedestre;Com Vítimas Feridas;Plena Noite;Crescente;Céu Claro;Dupla;Reta;Sim;2;0;0;1;1;0;1;2;-19,86660776;-44,99638794;SPRF-MG;DEL08-MG;UOP03-DEL08-MG
610891;29/06/2024;sábado;20:05:00;PB;230;75,5;SOBRADO;Reação tardia ou ineficiente do condutor;Colisão transversal;Com Vítimas Feridas;Plena Noite;Crescente;Nublado;Dupla;Reta;Não;4;0;2;0;0;2;2;3;-7,1908;-35,2682;SPRF-PB;DEL01-PB;UOP03-DEL01-PB
610892;29/06/2024;sábado;20:20:00;SP;116;205,7;GUARULHOS;Manobra de mudança de faixa;Colisão lateral mesmo sentido;Com Vítimas Feridas;Plena Noite;Crescente;Chuva;Dupla;Reta;Sim;5;0;3;0;2;0;3;2;-23,41475243;-46,36600788;SPRF-SP;DEL01-SP;UOP01-DEL01-SP
610893;29/06/2024;sábado;13:43:00;MT;163;618;NOVA MUTUM;Demais falhas mecânicas ou elétricas;Saída de leito carroçável;Com Vítimas Feridas;Pleno dia;Decrescente;Céu Claro;Simples;Reta;Não;4;0;3;0;1;0;3;1;-13,75259095;-56,05355445;SPRF-MT;DEL01-MT;UOP01-DEL01-MT
610894;29/06/2024;sábado;20:05:00;RJ;40;90;PETROPOLIS;Reação tardia ou ineficiente do condutor;Queda de ocupante de veículo;Com Vítimas Feridas;Plena Noite;Decrescente;Nublado;Simples;"Aclive;Curva";Não;1;0;1;0;0;0;1;1;-22,550738;-43,236397;SPRF-RJ;DEL01-RJ;UOP01-DEL01-RJ
610895;29/06/2024;sábado;19:05:00;MT;163;722;SORRISO;Ultrapassagem Indevida;Colisão frontal;Com Vítimas Feridas;Plena Noite;Crescente;Céu Claro;Simples;Curva;Não;5;0;0;1;4;0;1;2;-12,90412518;-55,84939655;SPRF-MT;DEL06-MT;UOP01-DEL06-MT
610896;29/06/2024;sábado;18:49:00;PE;408;77;PAUDALHO;Acessar a via sem observar a presença dos outros veículos;Atropelamento de Pedestre;Com Vítimas Fatais;Plena Noite;Decrescente;Céu Claro;Dupla;Reta;Não;2;1;0;1;0;0;1;2;-7,919915;-35,161065;SPRF-PE;DEL01-PE;UOP01-DEL01-PE
610897;29/06/2024;sábado;19:45:00;PB;230;162,1;CAMPINA GRANDE;Ausência de reação do condutor;Queda de ocupante de veículo;Com Vítimas Feridas;Plena Noite;Crescente;Céu Claro;Simples;"Curva;Aclive";Sim;1;0;1;0;0;0;1;1;-7,2277;-35,9439;SPRF-PB;DEL02-PB;UOP01-DEL02-PB
610898;29/06/2024;sábado;20:50:00;MG;365;2,1;MONTES CLAROS;Transitar no Acostamento;Atropelamento de Pedestre;Com Vítimas Fatais;Plena Noite;Crescente;Céu Claro;Simples;Reta;Sim;5;1;0;2;0;2;2;2;-16,72627608;-43,88021191;SPRF-MG;DEL12-MG;UOP01-DEL12-MG
610900;29/06/2024;sábado;19:30:00;SP;153;107,6;JOSE BONIFACIO;Ingestão de álcool pelo condutor;Colisão traseira;Com Vítimas Feridas;Plena Noite;Crescente;Céu Claro;Dupla;Reta;Não;4;0;0;2;1;1;2;3;-21,06388847;-49,66255104;SPRF-SP;DEL09-SP;UOP01-DEL09-SP
610901;29/06/2024;sábado;19:50:00;BA;415;50;ITABUNA;Animais na Pista;Colisão frontal;Com Vítimas Feridas;Plena Noite;Decrescente;Céu Claro;Simples;Reta;Sim;3;0;1;0;2;0;1;2;-14,828561;-39,316308;SPRF-BA;DEL05-BA;UOP01-DEL05-BA
610902;29/06/2024;sábado;18:35:00;RO;364;715;PORTO VELHO;Demais Fenômenos da natureza;Colisão com objeto;Com Vítimas Feridas;Plena Noite;Crescente;Céu Claro;Dupla;Interseção de Vias;Sim;1;0;0;1;0;0;1;1;-8,77957291;-63,89174213;SPRF-RO;DEL01-RO;UOP01-DEL01-RO
610903;29/06/2024;sábado;18:15:00;RJ;40;7;COMENDADOR LEVY GASPARIAN;Reação tardia ou ineficiente do condutor;Colisão traseira;Sem Vítimas;Plena Noite;Decrescente;Céu Claro;Dupla;Reta;Não;5;0;0;0;5;0;0;2;-22,03172956;-43,2244336;SPRF-RJ;DEL05-RJ;UOP02-DEL05-RJ
610904;29/06/2024;sábado;19:30:00;PR;277;712;SANTA TEREZINHA DE ITAIPU;Desrespeitar a preferência no cruzamento;Colisão transversal;Com Vítimas Feridas;Plena Noite;Decrescente;Céu Claro;Dupla;"Reta;Retorno Regulamentado";Sim;5;0;2;0;3;0;2;2;-25,45780735;-54,43119986;SPRF-PR;DEL05-PR;UOP01-DEL05-PR
610905;29/06/2024;sábado;19:00:00;PR;277;101;CURITIBA;Frear bruscamente;Engavetamento;Sem Vítimas;Plena Noite;Decrescente;Nublado;Dupla;Curva;Não;4;0;0;0;4;0;0;4;-25,52228492;-49,3331539;SPRF-PR;DEL01-PR;UOP06-DEL01-PR
610906;29/06/2024;sábado;19:40:00;GO;50;201,6;CAMPO ALEGRE DE GOIAS;Demais falhas mecânicas ou elétricas;Incêndio;Sem Vítimas;Plena Noite;Decrescente;Céu Claro;Dupla;Reta;Não;1;0;0;0;1;0;0;1;-17,5864;-47,8127;SPRF-GO;DEL06-GO;UOP01-DEL06-GO
610907;29/06/2024;sábado;20:30:00;PR;116;211,6;RIO NEGRO;Reação tardia ou ineficiente do condutor;Colisão traseira;Com Vítimas Feridas;Plena Noite;Crescente;Céu Claro;Simples;Reta;Sim;2;0;1;0;0;1;1;2;-26,07980928;-49,76934983;SPRF-SC;DEL06-SC;UOP01-DEL06-SC
610910;29/06/2024;sábado;20:00:00;RS;392;2,2;RIO GRANDE;Animais na Pista;Atropelamento de Animal;Com Vítimas Feridas;Plena Noite;Crescente;Céu Claro;Simples;Reta;Não;1;0;0;1;0;0;1;1;-32,03548;-52,09908;SPRF-RS;DEL07-RS;UOP02-DEL07-RS
610912;29/06/2024;sábado;19:50:00;MA;135;5;SAO LUIS;Acessar a via sem observar a presença dos outros veículos;Colisão lateral mesmo sentido;Com Vítimas Feridas;Plena Noite;Crescente;Céu Claro;Dupla;Reta;Não;3;0;1;0;1;1;1;3;-2,62145385;-44,25797421;SPRF-MA;DEL01-MA;UOP01-DEL01-MA
610913;29/06/2024;sábado;19:05:00;PI;316;310;PICOS;Transtornos Mentais (exceto suicidio);Tombamento;Com Vítimas Feridas;Plena Noite;Crescente;Céu Claro;Simples;Reta;Sim;2;0;2;0;0;0;2;2;-7,07639186;-41,47475001;SPRF-PI;DEL04-PI;UOP01-DEL04-PI
610915;29/06/2024;sábado;21:00:00;MG;40;687,7;RESSAQUINHA;Reação tardia ou ineficiente do condutor;Saída de leito carroçável;Com Vítimas Feridas;Plena Noite;Decrescente;Céu Claro;Simples;Reta;Não;1;0;1;0;0;0;1;1;-21,08104393;-43,76696216;SPRF-MG;DEL05-MG;UOP02-DEL05-MG
610917;29/06/2024;sábado;22:10:00;RN;101;95;NATAL;Condutor deixou de manter distância do veículo da frente;Colisão lateral mesmo sentido;Com Vítimas Feridas;Plena Noite;Crescente;Céu Claro;Múltipla;"Declive;Reta";Não;2;0;2;0;0;0;2;2;-5,84076841;-35,21035949;SPRF-RN;DEL01-RN;UOP01-DEL01-RN
610918;29/06/2024;sábado;21:30:00;RS;392;67,9;PELOTAS;Ingestão de álcool pelo condutor;Saída de leito carroçável;Com Vítimas Feridas;Plena Noite;Crescente;Céu Claro;Múltipla;"Aclive;Curva;Interseção de Vias";Não;1;0;1;0;0;0;1;1;-31,75709532;-52,39980728;SPRF-RS;DEL07-RS;UOP01-DEL07-RS
610919;29/06/2024;sábado;20:10:00;MG;116;375;MATHIAS LOBATO;Conversão proibida;Colisão transversal;Com Vítimas Feridas;Plena Noite;Crescente;Céu Claro;Simples;Reta;Sim;2;0;2;0;0;0;2;2;-18,5751518;-41,91622138;SPRF-MG;DEL06-MG;UOP01-DEL06-MG
610920;29/06/2024;sábado;21:20:00;ES;101;165,1;LINHARES;Ingestão de álcool pelo condutor;Saída de leito carroçável;Com Vítimas Feridas;Plena Noite;Crescente;Céu Claro;Simples;Reta;Não;1;0;1;0;0;0;1;1;-19,51360307;-40,1399459;SPRF-ES;DEL04-ES;UOP01-DEL04-ES
610921;29/06/2024;sábado;21:35:00;TO;10;460;PALMAS;Avarias e/ou desgaste excessivo no pneu;Colisão traseira;Sem Vítimas;Plena Noite;Crescente;Céu Claro;Dupla;Reta;Sim;3;0;0;0;3;0;0;2;-10,266517;-48,307242;SPRF-TO;DEL01-TO;UOP03-DEL01-TO
610923;29/06/2024;sábado;20:00:00;AL;104;62;MURICI;Ingestão de álcool pelo condutor;Colisão lateral sentido oposto;Sem Vítimas;Plena Noite;Crescente;Céu Claro;Simples;Reta;Não;2;0;0;0;2;0;0;2;-9,32660303;-35,92126901;SPRF-AL;DEL01-AL;UOP02-DEL01-AL
610924;29/06/2024;sábado;18:00:00;MG;365;654;UBERLANDIA;Pedestre - Ingestão de álcool/ substâncias psicoativas;Queda de ocupante de veículo;Com Vítimas Feridas;Plena Noite;Crescente;Céu Claro;Dupla;Reta;Não;1;0;1;0;0;0;1;1;-18,86812405;-48,59526395;SPRF-MG;DEL15-MG;UOP01-DEL15-MG
610925;29/06/2024;sábado;22:25:00;GO;40;90,6;CRISTALINA;Suicídio (presumido);Colisão lateral sentido oposto;Com Vítimas Feridas;Plena Noite;Decrescente;Céu Claro;Simples;"Reta;Declive";Não;27;0;1;0;24;2;1;3;-16,723808;-47,643627;SPRF-DF;DEL01-DF;UOP02-DEL01-DF
610926;29/06/2024;sábado;22:30:00;SP;116;161;JACAREI;Reação tardia ou ineficiente do condutor;Colisão frontal;Com Vítimas Feridas;Plena Noite;Crescente;Nublado;Simples;Reta;Sim;2;0;1;0;1;0;1;2;-23,27617003;-45,97592098;SPRF-SP;DEL02-SP;UOP01-DEL02-SP
610927;29/06/2024;sábado;18:30:00;RJ;116;248,5;PIRAI;Pedestre andava na pista;Atropelamento de Pedestre;Com Vítimas Fatais;Plena Noite;Crescente;Nublado;Dupla;Declive;Não;2;1;0;0;0;1;0;2;-22,59976123;-43,94042912;SPRF-RJ;DEL07-RJ;UOP01-DEL07-RJ
610928;29/06/2024;sábado;21:15:00;MG;381;940;EXTREMA;Condutor deixou de manter distância do veículo da frente;Colisão traseira;Com Vítimas Feridas;Plena Noite;Crescente;Nublado;Dupla;Declive;Não;2;0;1;0;1;0;1;2;-22,85421396;-46,33740277;SPRF-MG;DEL16-MG;UOP03-DEL16-MG
610931;29/06/2024;sábado;21:30:00;PB;104;140;QUEIMADAS;Acesso irregular;Colisão transversal;Com Vítimas Feridas;Plena Noite;Decrescente;Céu Claro;Múltipla;Reta;Sim;3;0;0;2;1;0;2;2;-7,37817097;-35,89737088;SPRF-PB;DEL02-PB;UOP03-DEL02-PB
610932;29/06/2024;sábado;20:45:00;RJ;493;52;DUQUE DE CAXIAS;Animais na Pista;Atropelamento de Animal;Com Vítimas Feridas;Plena Noite;Decrescente;Nublado;Dupla;Reta;Não;2;0;2;0;0;0;2;1;-22,66787787;-43,31840515;SPRF-RJ;DEL01-RJ;UOP03-DEL01-RJ
610933;29/06/2024;sábado;19:55:00;MG;381;550;ITATIAIUCU;Reação tardia ou ineficiente do condutor;Tombamento;Com Vítimas Feridas;Plena Noite;Decrescente;Céu Claro;Dupla;Curva;Não;1;0;1;0;0;0;1;1;-20,300065;-44,441118;SPRF-MG;DEL04-MG;UOP03-DEL04-MG
610934;29/06/2024;sábado;20:00:00;MG;262;878,1;CAMPO FLORIDO;Ausência de reação do condutor;Saída de leito carroçável;Com Vítimas Feridas;Plena Noite;Decrescente;Céu Claro;Dupla;"Reta;Rotatória";Sim;1;0;1;0;0;0;1;1;-19,78526943;-48,5219719;SPRF-MG;DEL13-MG;UOP02-DEL13-MG
610935;29/06/2024;sábado;22:55:00;GO;60;301;ACREUNA;Pedestre andava na pista;Atropelamento de Pedestre;Com Vítimas Feridas;Plena Noite;Decrescente;Céu Claro;Dupla;Curva;Não;2;0;1;1;0;0;2;2;-17,3713;-50,3425;SPRF-GO;DEL04-GO;UOP02-DEL04-GO
610937;29/06/2024;sábado;20:30:00;SC;101;382,4;ICARA;Condutor deixou de manter distância do veículo da frente;Colisão traseira;Com Vítimas Feridas;Plena Noite;Crescente;Céu Claro;Dupla;"Reta;Declive";Não;4;0;1;0;3;0;1;2;-28,75966988;-49,28552404;SPRF-SC;DEL02-SC;UOP02-DEL02-SC
610938;29/06/2024;sábado;19:30:00;MG;50;193;UBERABA;Ausência de reação do condutor;Colisão traseira;Sem Vítimas;Anoitecer;Decrescente;Céu Claro;Dupla;"Reta;Declive";Não;5;0;0;0;5;0;0;2;-19,87965993;-47,85365089;SPRF-MG;DEL13-MG;UOP01-DEL13-MG
610941;29/06/2024;sábado;22:50:00;BA;407;5;JUAZEIRO;Transitar na contramão;Colisão frontal;Sem Vítimas;Plena Noite;Crescente;Céu Claro;Dupla;Reta;Sim;3;0;0;0;2;1;0;2;-9,453128;-40,487833;SPRF-PE;DEL06-PE;UOP01-DEL06-PE
610942;29/06/2024;sábado;23:00:00;SC;470;72,3;INDAIAL;Ausência de reação do condutor;Saída de leito carroçável;Sem Vítimas;Plena Noite;Crescente;Céu Claro;Dupla;Reta;Sim;1;0;0;0;0;1;0;1;-26,901979;-49,268745;SPRF-SC;DEL04-SC;UOP01-DEL04-SC
610943;29/06/2024;sábado;22:40:00;SP;459;28;LORENA;Iluminação deficiente;Colisão com objeto;Com Vítimas Feridas;Anoitecer;Decrescente;Céu Claro;Simples;"Reta;Rotatória";Não;2;0;2;0;0;0;2;1;-22,709425;-45,113232;SPRF-SP;DEL08-SP;UOP02-DEL08-SP
610944;29/06/2024;sábado;23:30:00;RJ;101;271;RIO BONITO;Demais Fenômenos da natureza;Colisão com objeto;Com Vítimas Feridas;Plena Noite;Decrescente;Chuva;Dupla;Reta;Não;12;0;8;0;4;0;8;4;-22,72443147;-42,69368143;SPRF-RJ;DEL02-RJ;UOP03-DEL02-RJ
610945;29/06/2024;sábado;20:30:00;MT;70;281;PRIMAVERA DO LESTE;Transitar na contramão;Colisão frontal;Com Vítimas Feridas;Plena Noite;Decrescente;Céu Claro;Simples;Reta;Sim;2;0;0;1;1;0;1;2;-15,573768;-54,324805;SPRF-MT;DEL05-MT;UOP01-DEL05-MT
610947;29/06/2024;sábado;21:55:00;PI;343;5;TERESINA;Conversão proibida;Colisão lateral mesmo sentido;Com Vítimas Feridas;Plena Noite;Decrescente;Nublado;Múltipla;"Declive;Reta;Interseção de Vias";Sim;2;0;1;0;1;0;1;2;-5,14366292;-42,77800518;SPRF-PI;DEL05-PI;UOP01-DEL05-PI
610948;29/06/2024;sábado;22:50:00;SC;101;299,5;LAGUNA;Transitar no Acostamento;Colisão lateral mesmo sentido;Com Vítimas Feridas;Plena Noite;Decrescente;Céu Claro;Dupla;Reta;Não;2;0;0;1;0;1;1;2;-28,35561347;-48,74403;SPRF-SC;DEL02-SC;UOP03-DEL02-SC
610949;29/06/2024;sábado;23:30:00;ES;393;7,8;CACHOEIRO DE ITAPEMIRIM;Ausência de reação do condutor;Colisão frontal;Com Vítimas Feridas;Plena Noite;Crescente;Nublado;Simples;Curva;Não;4;0;3;0;1;0;3;2;-20,82491687;-41,217008;SPRF-ES;DEL03-ES;UOP02-DEL03-ES
610950;30/06/2024;domingo;01:25:00;MG;365;632;UBERLANDIA;Ingestão de álcool pelo condutor;Capotamento;Com Vítimas Feridas;Plena Noite;Crescente;Céu Claro;Dupla;Reta;Não;3;0;3;0;0;0;3;1;-18,89664394;-48,39041999;SPRF-MG;DEL15-MG;UOP01-DEL15-MG
610951;30/06/2024;domingo;00:55:00;SC;282;4,9;SAO JOSE;Velocidade Incompatível;Colisão lateral mesmo sentido;Com Vítimas Feridas;Plena Noite;Decrescente;Nublado;Múltipla;"Reta;Declive";Sim;2;0;1;0;1;0;1;1;-27,592646;-48,604034;SPRF-SC;DEL01-SC;UOP01-DEL01-SC
610952;29/06/2024;sábado;23:20:00;RJ;493;0,3;ITABORAI;Ingestão de álcool pelo condutor;Colisão frontal;Sem Vítimas;Plena Noite;Crescente;Chuva;Simples;Curva;Sim;2;0;0;0;2;0;0;2;-22,77062;-42,92223;SPRF-RJ;DEL02-RJ;UOP02-DEL02-RJ
610953;30/06/2024;domingo;01:10:00;RJ;101;478;ANGRA DOS REIS;Reação tardia ou ineficiente do condutor;Saída de leito carroçável;Sem Vítimas;Plena Noite;Crescente;Chuva;Simples;Curva;Sim;1;0;0;0;1;0;0;1;-23,00246527;-44,27270594;SPRF-RJ;DEL03-RJ;UOP03-DEL03-RJ
610954;30/06/2024;domingo;00:32:00;MT;163;916;ITAUBA;Ultrapassagem Indevida;Tombamento;Com Vítimas Feridas;Plena Noite;Crescente;Céu Claro;Simples;"Declive;Reta";Não;1;0;0;1;0;0;1;1;-11,29485096;-55,31985016;SPRF-MT;DEL06-MT;UOP02-DEL06-MT
610955;30/06/2024;domingo;01:45:00;RJ;101;144;MACAE;Reação tardia ou ineficiente do condutor;Tombamento;Com Vítimas Feridas;Plena Noite;Decrescente;Garoa/Chuvisco;Dupla;Reta;Não;10;0;10;0;0;0;10;1;-22,21328005;-41,75426573;SPRF-RJ;DEL08-RJ;UOP04-DEL08-RJ
610956;30/06/2024;domingo;00:05:00;PE;232;313,9;SERTANIA;Reação tardia ou ineficiente do condutor;Colisão com objeto;Com Vítimas Feridas;Plena Noite;Crescente;Céu Claro;Simples;"Reta;Ponte";Não;1;0;1;0;0;0;1;1;-8,13494735;-37,48058599;SPRF-PE;DEL04-PE;UOP02-DEL04-PE
610957;30/06/2024;domingo;02:30:00;PR;373;173;PONTA GROSSA;Reação tardia ou ineficiente do condutor;Colisão com objeto;Sem Vítimas;Plena Noite;Decrescente;Céu Claro;Dupla;Reta;Não;1;0;0;0;1;0;0;1;-25,0805653;-50,20175905;SPRF-PR;DEL03-PR;UOP01-DEL03-PR
610958;30/06/2024;domingo;02:30:00;PI;343;182;PIRIPIRI;Ingestão de álcool pelo condutor;Colisão com objeto;Com Vítimas Feridas;Plena Noite;Decrescente;Céu Claro;Simples;Reta;Sim;2;0;0;2;0;0;2;1;-4,257154;-41,759956;SPRF-PI;DEL02-PI;UOP01-DEL02-PI