id;data_inversa;dia_semana;horario;uf;br;km;municipio;causa_acidente;tipo_acidente;classificacao_acidente;fase_dia;sentido_via;condicao_metereologica;tipo_pista;tracado_via;uso_solo;pessoas;mortos;feridos_leves;feridos_graves;ilesos;ignorados;feridos;veiculos;latitude;longitude;regional;delegacia;uop
610959;30/06/2024;domingo;02:28:00;SP;116;284;ITAPECERICA DA SERRA;Ausência de reação do condutor;Queda de ocupante de veículo;Com Vítimas Feridas;Plena Noite;Decrescente;Garoa/Chuvisco;Dupla;Reta;Não;1;0;0;1;0;0;1;1;-23,69998;-46,867767;SPRF-SP;DEL04-SP;UOP01-DEL04-SP
610960;30/06/2024;domingo;02:45:00;PR;163;301;MERCEDES;Ingestão de álcool pelo condutor;Colisão traseira;Com Vítimas Feridas;Plena Noite;Crescente;Ignorado;Simples;Reta;Não;9;0;1;0;8;0;1;2;-24,48988004;-54,12465229;SPRF-PR;DEL06-PR;UOP02-DEL06-PR
610961;30/06/2024;domingo;03:00:00;PR;116;8;CAMPINA GRANDE DO SUL;Ausência de reação do condutor;Saída de leito carroçável;Sem Vítimas;Plena Noite;Crescente;Nevoeiro/Neblina;Dupla;Reta;Sim;1;0;0;0;0;1;0;1;-25,3697;-49,1158;SPRF-PR;DEL01-PR;UOP02-DEL01-PR
610962;30/06/2024;domingo;03:20:00;SP;153;64,5;SAO JOSE DO RIO PRETO;Ingestão de álcool pelo condutor;Tombamento;Com Vítimas Feridas;Plena Noite;Crescente;Céu Claro;Dupla;Reta;Sim;1;0;1;0;0;0;1;1;-20,82919401;-49,36046325;SPRF-SP;DEL09-SP;UOP01-DEL09-SP
610965;30/06/2024;domingo;00:20:00;MG;262;832;UBERABA;Ingestão de álcool pelo condutor;Saída de leito carroçável;Com Vítimas Feridas;Anoitecer;Crescente;Céu Claro;Dupla;Reta;Não;1;0;1;0;0;0;1;1;-19,74213602;-48,212724;SPRF-MG;DEL13-MG;UOP01-DEL13-MG
610967;30/06/2024;domingo;04:00:00;GO;50;264,9;CATALAO;Ausência de reação do condutor;Saída de leito carroçável;Sem Vítimas;Plena Noite;Decrescente;Céu Claro;Simples;Rotatória;Não;3;0;0;0;3;0;0;1;-18,0702;-47,8644;SPRF-GO;DEL06-GO;UOP01-DEL06-GO
610968;30/06/2024;domingo;02:50:00;RJ;393;242,7;VASSOURAS;Velocidade Incompatível;Colisão com objeto;Com Vítimas Feridas;Plena Noite;Crescente;Céu Claro;Simples;Curva;Não;1;0;1;0;0;0;1;1;-22,42556824;-43,6917998;SPRF-RJ;DEL05-RJ;UOP04-DEL05-RJ
610970;30/06/2024;domingo;01:14:00;RJ;493;112;ITAGUAI;Ingestão de álcool pelo condutor;Saída de leito carroçável;Sem Vítimas;Plena Noite;Crescente;Chuva;Dupla;Reta;Sim;1;0;0;0;1;0;0;1;-22,80820297;-43,7964499;SPRF-RJ;DEL03-RJ;UOP01-DEL03-RJ
610971;30/06/2024;domingo;03:40:00;MS;267;245,2;NOVA ALVORADA DO SUL;Animais na Pista;Atropelamento de Animal;Com Vítimas Feridas;Plena Noite;Crescente;Nublado;Simples;"Reta;Declive";Não;3;0;0;1;2;0;1;1;-21,48091174;-54,34573597;SPRF-MS;DEL02-MS;UOP01-DEL02-MS
610973;30/06/2024;domingo;05:00:00;MG;40;557;NOVA LIMA;Demais falhas na via;Eventos atípicos;Com Vítimas Feridas;Plena Noite;Crescente;Céu Claro;Dupla;Reta;Sim;3;0;1;0;2;0;1;2;-20,10255103;-43,9749284;SPRF-MG;DEL01-MG;UOP02-DEL01-MG
610974;30/06/2024;domingo;03:25:00;RO;364;201,8;PIMENTA BUENO;Acessar a via sem observar a presença dos outros veículos;Colisão lateral mesmo sentido;Com Vítimas Feridas;Plena Noite;Decrescente;Nublado;Simples;"Reta;Declive";Sim;5;0;1;3;0;1;4;3;-11,638267;-61,199165;SPRF-RO;DEL02-RO;UOP02-DEL02-RO
610976;29/06/2024;sábado;20:00:00;RS;386;88,1;SAO PEDRO DAS MISSOES;Transitar na contramão;Colisão lateral sentido oposto;Com Vítimas Feridas;Plena Noite;Crescente;Céu Claro;Simples;Curva;Não;2;0;0;1;1;0;1;2;-27,74438016;-53,22543383;SPRF-RS;DEL08-RS;UOP01-DEL08-RS
610982;30/06/2024;domingo;05:20:00;MG;116;581,2;MANHUACU;Ingestão de álcool pelo condutor;Colisão traseira;Com Vítimas Fatais;Plena Noite;Decrescente;Céu Claro;Simples;Reta;Não;2;1;1;0;0;0;1;2;-20,19603401;-42,18344405;SPRF-MG;DEL06-MG;UOP03-DEL06-MG
610983;30/06/2024;domingo;06:00:00;PR;369;131,9;IBIPORA;Ingestão de álcool pelo condutor;Saída de leito carroçável;Com Vítimas Feridas;Plena Noite;Decrescente;Nevoeiro/Neblina;Dupla;Reta;Não;2;0;1;0;1;0;1;1;-23,26101176;-50,99792361;SPRF-PR;DEL07-PR;UOP01-DEL07-PR
610984;30/06/2024;domingo;06:30:00;SP;116;84,6;PINDAMONHANGABA;Ausência de reação do condutor;Colisão traseira;Com Vítimas Feridas;Amanhecer;Decrescente;Garoa/Chuvisco;Dupla;Reta;Não;2;0;1;0;1;0;1;2;-22,91777173;-45,33596814;SPRF-SP;DEL08-SP;UOP01-DEL08-SP
610985;30/06/2024;domingo;05:00:00;SC;282;520,6;XAXIM;Ausência de reação do condutor;Colisão traseira;Com Vítimas Feridas;Plena Noite;Decrescente;Céu Claro;Simples;Rotatória;Sim;4;0;2;0;0;2;2;3;-26,950415;-52,526096;SPRF-SC;DEL07-SC;UOP01-DEL07-SC
610986;30/06/2024;domingo;05:40:00;MA;10;273,5;IMPERATRIZ;Ultrapassagem Indevida;Colisão frontal;Com Vítimas Feridas;Pleno dia;Crescente;Céu Claro;Simples;Reta;Não;4;0;0;1;3;0;1;2;-5,347485;-47,485489;SPRF-MA;DEL04-MA;UOP01-DEL04-MA
610988;30/06/2024;domingo;06:30:00;BA;330;845,5;IPIAU;Velocidade Incompatível;Saída de leito carroçável;Com Vítimas Feridas;Pleno dia;Crescente;Céu Claro;Simples;Reta;Não;1;0;0;1;0;0;1;1;-14,15993086;-39,69261383;SPRF-BA;DEL03-BA;UOP01-DEL03-BA
610989;30/06/2024;domingo;03:50:00;MG;262;731;PERDIZES;Animais na Pista;Saída de leito carroçável;Sem Vítimas;Plena Noite;Crescente;Céu Claro;Simples;Reta;Não;1;0;0;0;1;0;0;1;-19,6187641;-47,3347401;SPRF-MG;DEL08-MG;UOP01-DEL08-MG
610991;30/06/2024;domingo;05:30:00;MG;251;395;GRAO MOGOL;Falta de elemento de contenção que evite a saída do leito carroçável;Saída de leito carroçável;Com Vítimas Fatais;Amanhecer;Decrescente;Céu Claro;Simples;"Reta;Em Obras";Não;3;1;2;0;0;0;2;1;-16,21327396;-42,87794401;SPRF-MG;DEL12-MG;UOP01-DEL12-MG
610992;30/06/2024;domingo;07:00:00;SP;262;319,4;CASTILHO;Ingestão de álcool pelo condutor;Saída de leito carroçável;Com Vítimas Feridas;Amanhecer;Decrescente;Nublado;Simples;Curva;Não;1;0;1;0;0;0;1;1;-20,783695;-51,597164;SPRF-MS;DEL07-MS;UOP01-DEL07-MS
610993;30/06/2024;domingo;05:45:00;MG;116;801,2;ALEM PARAIBA;Ausência de reação do condutor;Capotamento;Com Vítimas Feridas;Amanhecer;Crescente;Nublado;Simples;Reta;Não;3;0;2;1;0;0;3;1;-21,77056499;-42,73102799;SPRF-MG;DEL07-MG;UOP01-DEL07-MG
610994;30/06/2024;domingo;07:30:00;PR;116;30;CAMPINA GRANDE DO SUL;Velocidade Incompatível;Queda de ocupante de veículo;Com Vítimas Feridas;Amanhecer;Decrescente;Céu Claro;Simples;"Curva;Declive";Não;1;0;1;0;0;0;1;1;-25,11213515;-48,81508827;SPRF-PR;DEL01-PR;UOP02-DEL01-PR
610995;30/06/2024;domingo;07:00:00;RS;116;242;NOVO HAMBURGO;Ausência de reação do condutor;Saída de leito carroçável;Sem Vítimas;Pleno dia;Crescente;Céu Claro;Dupla;"Curva;Viaduto";Não;1;0;0;0;1;0;0;1;-29,71404581;-51,14876652;SPRF-RS;DEL01-RS;UOP02-DEL01-RS
610996;30/06/2024;domingo;04:00:00;GO;60;173,2;ABADIA DE GOIAS;Ingestão de álcool pelo condutor;Saída de leito carroçável;Sem Vítimas;Plena Noite;Crescente;Céu Claro;Dupla;"Reta;Retorno Regulamentado";Sim;1;0;0;0;1;0;0;1;-16,753171;-49,433709;SPRF-GO;DEL01-GO;UOP02-DEL01-GO
610999;21/05/2024;terça-feira;15:15:00;MG;50;104;UBERABA;Ausência de reação do condutor;Colisão com objeto;Sem Vítimas;Pleno dia;Decrescente;Céu Claro;Dupla;Reta;Não;1;0;0;0;1;0;0;1;-19,17105604;-48,16028013;SPRF-MG;DEL13-MG;UOP01-DEL13-MG
611000;30/06/2024;domingo;07:00:00;GO;80;36,6;PADRE BERNARDO;Ausência de reação do condutor;Saída de leito carroçável;Com Vítimas Fatais;Pleno dia;Decrescente;Céu Claro;Simples;Retorno Regulamentado;Não;1;1;0;0;0;0;0;1;-15,254237;-48,267403;SPRF-DF;DEL03-DF;UOP02-DEL03-DF
611001;30/06/2024;domingo;03:30:00;PR;153;110;IBAITI;Ausência de reação do condutor;Colisão com objeto;Sem Vítimas;Plena Noite;Crescente;Céu Claro;Simples;"Curva;Aclive;Viaduto";Sim;1;0;0;0;1;0;0;1;-23,85522753;-50,19309573;SPRF-PR;DEL07-PR;UOP04-DEL07-PR
611005;17/06/2024;segunda-feira;16:00:00;PE;101;142;RIBEIRAO;Ausência de reação do condutor;Colisão lateral mesmo sentido;Sem Vítimas;Anoitecer;Crescente;Chuva;Simples;Reta;Não;2;0;0;0;2;0;0;2;-8,44588505;-35,34144498;SPRF-PE;DEL01-PE;UOP03-DEL01-PE
611007;30/06/2024;domingo;08:45:00;RN;304;295;MACAIBA;Transitar na contramão;Colisão transversal;Sem Vítimas;Pleno dia;Decrescente;Céu Claro;Simples;Reta;Sim;5;0;0;0;5;0;0;2;-5,86605927;-35,35822096;SPRF-RN;DEL01-RN;UOP02-DEL01-RN
611008;30/06/2024;domingo;07:25:00;GO;60;167,9;GOIANIA;Manobra de mudança de faixa;Saída de leito carroçável;Com Vítimas Feridas;Pleno dia;Decrescente;Céu Claro;Simples;"Reta;Declive";Sim;1;0;1;0;0;0;1;1;-16,7129;-49,358;SPRF-GO;DEL01-GO;UOP02-DEL01-GO
611009;30/06/2024;domingo;08:30:00;ES;101;270,8;SERRA;Avarias e/ou desgaste excessivo no pneu;Tombamento;Com Vítimas Feridas;Pleno dia;Crescente;Sol;Dupla;"Curva;Viaduto";Sim;1;0;1;0;0;0;1;1;-20,22662056;-40,27075088;SPRF-ES;DEL02-ES;UOP01-DEL02-ES
611010;30/06/2024;domingo;07:50:00;RS;116;264;CANOAS;Manobra de mudança de faixa;Colisão lateral mesmo sentido;Com Vítimas Feridas;Pleno dia;Decrescente;Céu Claro;Dupla;Reta;Sim;2;0;1;0;1;0;1;2;-29,914435;-51,17754495;SPRF-RS;DEL01-RS;UOP01-DEL01-RS
611011;25/05/2024;sábado;20:40:00;RJ;101;445;MANGARATIBA;Velocidade Incompatível;Saída de leito carroçável;Com Vítimas Feridas;Plena Noite;Decrescente;Chuva;Simples;Curva;Não;2;0;2;0;0;0;2;1;-22,99332083;-44,09244699;SPRF-RJ;DEL03-RJ;UOP02-DEL03-RJ
611013;30/06/2024;domingo;08:00:00;BA;324;622;SALVADOR;Reação tardia ou ineficiente do condutor;Colisão frontal;Com Vítimas Feridas;Pleno dia;Decrescente;Céu Claro;Simples;Reta;Sim;3;0;1;0;2;0;1;3;-12,91888605;-38,46502095;SPRF-BA;DEL01-BA;UOP01-DEL01-BA
611015;30/06/2024;domingo;09:30:00;RS;116;206;PICADA CAFE;Velocidade Incompatível;Tombamento;Com Vítimas Feridas;Pleno dia;Crescente;Céu Claro;Simples;Curva;Não;1;0;0;1;0;0;1;1;-29,49966726;-51,1306017;SPRF-RS;DEL05-RS;UOP02-DEL05-RS
611016;30/06/2024;domingo;09:45:00;RN;101;125;SAO JOSE DE MIPIBU;Entrada inopinada do pedestre;Atropelamento de Pedestre;Com Vítimas Fatais;Pleno dia;Crescente;Céu Claro;Dupla;Reta;Sim;2;1;0;0;1;0;0;2;-6,07815599;-35,23412006;SPRF-RN;DEL01-RN;UOP01-DEL01-RN
611017;30/06/2024;domingo;09:40:00;SP;116;86,5;PINDAMONHANGABA;Reação tardia ou ineficiente do condutor;Colisão lateral mesmo sentido;Com Vítimas Feridas;Pleno dia;Crescente;Garoa/Chuvisco;Múltipla;Reta;Sim;3;0;1;0;1;1;1;3;-22,92639476;-45,35307511;SPRF-SP;DEL08-SP;UOP01-DEL08-SP
611018;30/06/2024;domingo;10:30:00;ES;262;52,3;MARECHAL FLORIANO;Ausência de reação do condutor;Queda de ocupante de veículo;Com Vítimas Feridas;Pleno dia;Decrescente;Céu Claro;Simples;Reta;Não;1;0;1;0;0;0;1;1;-20,41363499;-40,723665;SPRF-ES;DEL01-ES;UOP01-DEL01-ES
611019;30/06/2024;domingo;10:10:00;MG;40;644;CONSELHEIRO LAFAIETE;Mal súbito do condutor;Saída de leito carroçável;Com Vítimas Feridas;Pleno dia;Decrescente;Céu Claro;Simples;Reta;Não;2;0;1;1;0;0;2;1;-20,77352989;-43,80923618;SPRF-MG;DEL05-MG;UOP02-DEL05-MG
611020;30/06/2024;domingo;10:00:00;ES;259;98,5;BAIXO GUANDU;Ausência de reação do condutor;Queda de ocupante de veículo;Com Vítimas Feridas;Pleno dia;Crescente;Nublado;Simples;Curva;Sim;2;0;1;0;1;0;1;1;-19,5114129;-40,97859807;SPRF-ES;DEL02-ES;UOP01-DEL02-ES
611022;30/06/2024;domingo;08:30:00;AC;364;142;RIO BRANCO;Ausência de reação do condutor;Saída de leito carroçável;Com Vítimas Feridas;Pleno dia;Crescente;Nublado;Dupla;Declive;Não;1;0;1;0;0;0;1;1;-9,93629479;-67,88193482;SPRF-AC;DEL01-AC;UOP01-DEL01-AC
611023;30/06/2024;domingo;10:30:00;RJ;101;319;SAO GONCALO;Chuva;Tombamento;Com Vítimas Feridas;Pleno dia;Decrescente;Chuva;Dupla;Reta;Não;2;0;2;0;0;0;2;1;-22,85411774;-43,1018014;SPRF-RJ;DEL02-RJ;UOP02-DEL02-RJ
611024;30/06/2024;domingo;11:00:00;CE;116;9,8;FORTALEZA;Demais falhas mecânicas ou elétricas;Tombamento;Com Vítimas Feridas;Pleno dia;Decrescente;Céu Claro;Múltipla;"Declive;Reta";Sim;2;0;2;0;0;0;2;1;-3,82779096;-38,50486117;SPRF-CE;DEL01-CE;UOP02-DEL01-CE
611025;30/06/2024;domingo;10:50:00;RS;285;496;ENTRE-IJUIS;Demais falhas na via;Colisão traseira;Com Vítimas Feridas;Pleno dia;Crescente;Céu Claro;Simples;Reta;Não;3;0;0;1;2;0;1;2;-28,37569376;-54,2488575;SPRF-RS;DEL10-RS;UOP01-DEL10-RS
611026;29/06/2024;sábado;23:57:00;MT;163;984;TERRA NOVA DO NORTE;Ausência de reação do condutor;Saída de leito carroçável;Sem Vítimas;Plena Noite;Crescente;Céu Claro;Simples;Reta;Não;1;0;0;0;1;0;0;1;-10,73180791;-55,13882012;SPRF-MT;DEL06-MT;UOP03-DEL06-MT
611027;30/06/2024;domingo;11:30:00;RS;116;269;CANOAS;Ausência de reação do condutor;Colisão lateral mesmo sentido;Com Vítimas Feridas;Pleno dia;Decrescente;Céu Claro;Dupla;Reta;Sim;2;0;1;0;1;0;1;2;-29,95942501;-51,17608515;SPRF-RS;DEL01-RS;UOP01-DEL01-RS
611028;30/06/2024;domingo;11:30:00;SP;116;355;MIRACATU;Ausência de reação do condutor;Saída de leito carroçável;Com Vítimas Feridas;Pleno dia;Crescente;Céu Claro;Dupla;Curva;Não;1;0;1;0;0;0;1;1;-24,08289401;-47,25237399;SPRF-SP;DEL04-SP;UOP03-DEL04-SP
611029;30/06/2024;domingo;09:00:00;SP;116;471;JACUPIRANGA;Demais falhas mecânicas ou elétricas;Incêndio;Sem Vítimas;Pleno dia;Decrescente;Nublado;Dupla;Reta;Sim;1;0;0;0;1;0;0;1;-24,65864797;-47,96724403;SPRF-SP;DEL05-SP;UOP01-DEL05-SP
611030;30/06/2024;domingo;12:00:00;RJ;101;306;SAO GONCALO;Condutor deixou de manter distância do veículo da frente;Colisão traseira;Com Vítimas Feridas;Pleno dia;Crescente;Garoa/Chuvisco;Dupla;Reta;Não;6;0;1;0;5;0;1;2;-22,78913759;-43,00550909;SPRF-RJ;DEL02-RJ;UOP02-DEL02-RJ
611032;30/06/2024;domingo;12:40:00;RS;290;57;GLORINHA;Ingestão de álcool pelo condutor;Colisão lateral mesmo sentido;Com Vítimas Feridas;Pleno dia;Crescente;Céu Claro;Dupla;"Declive;Curva";Não;9;0;4;1;3;1;5;3;-29,918623;-50,828213;SPRF-RS;DEL03-RS;UOP01-DEL03-RS
611036;30/06/2024;domingo;04:00:00;ES;101;56,2;SAO MATEUS;Demais falhas mecânicas ou elétricas;Saída de leito carroçável;Com Vítimas Feridas;Plena Noite;Crescente;Céu Claro;Simples;Reta;Não;1;0;1;0;0;0;1;1;-18,63807206;-39,87666322;SPRF-ES;DEL04-ES;UOP02-DEL04-ES
611037;30/06/2024;domingo;12:52:00;RS;158;263;JULIO DE CASTILHOS;Acessar a via sem observar a presença dos outros veículos;Colisão transversal;Com Vítimas Feridas;Pleno dia;Decrescente;Céu Claro;Simples;Reta;Sim;4;0;1;0;3;0;1;2;-29,23483523;-53,6657238;SPRF-RS;DEL10-RS;UOP02-DEL10-RS
611039;30/06/2024;domingo;12:45:00;SC;153;94;CONCORDIA;Conversão proibida;Colisão transversal;Com Vítimas Feridas;Pleno dia;Decrescente;Céu Claro;Simples;Curva;Não;4;0;3;0;1;0;3;2;-27,200716;-51,940483;SPRF-SC;DEL07-SC;UOP04-DEL07-SC
611041;30/06/2024;domingo;12:45:00;RJ;116;189;NOVA IGUACU;Ausência de reação do condutor;Queda de ocupante de veículo;Com Vítimas Feridas;Pleno dia;Decrescente;Chuva;Dupla;Reta;Sim;1;0;1;0;0;0;1;1;-22,73765712;-43,49182298;SPRF-RJ;DEL06-RJ;UOP01-DEL06-RJ
611042;02/06/2024;domingo;07:15:00;ES;259;58;COLATINA;Transitar na contramão;Colisão frontal;Com Vítimas Feridas;Pleno dia;Crescente;Céu Claro;Simples;Curva;Sim;2;0;0;1;1;0;1;2;-19,514467;-40,660786;SPRF-ES;DEL02-ES;UOP01-DEL02-ES
611043;30/06/2024;domingo;13:15:00;MG;381;938,2;EXTREMA;Curva acentuada;Queda de ocupante de veículo;Com Vítimas Feridas;Pleno dia;Crescente;Nublado;Dupla;Retorno Regulamentado;Não;2;0;0;1;0;1;1;2;-22,83909203;-46,32850893;SPRF-MG;DEL16-MG;UOP03-DEL16-MG
611044;30/06/2024;domingo;12:38:00;RJ;116;235;PIRAI;Reação tardia ou ineficiente do condutor;Colisão traseira;Com Vítimas Feridas;Pleno dia;Decrescente;Nublado;Dupla;Reta;Não;4;0;2;0;2;0;2;2;-22,66934677;-43,85528603;SPRF-RJ;DEL07-RJ;UOP01-DEL07-RJ
611045;30/06/2024;domingo;13:40:00;DF;70;11;BRASILIA;Ausência de reação do condutor;Saída de leito carroçável;Com Vítimas Feridas;Pleno dia;Crescente;Céu Claro;Dupla;Reta;Sim;1;0;1;0;0;0;1;1;-15,789762;-48,148727;SPRF-DF;DEL03-DF;UOP02-DEL03-DF
611046;30/06/2024;domingo;13:28:00;PR;116;139;MANDIRITUBA;Pedestre cruzava a pista fora da faixa;Atropelamento de Pedestre;Com Vítimas Feridas;Pleno dia;Crescente;Sol;Dupla;"Aclive;Reta";Não;2;0;0;1;1;0;1;2;-25,719412;-49,318027;SPRF-PR;DEL01-PR;UOP03-DEL01-PR
611047;30/06/2024;domingo;14:00:00;PR;277;3;FOZ DO IGUACU;Acessar a via sem observar a presença dos outros veículos;Colisão transversal;Com Vítimas Feridas;Pleno dia;Decrescente;Céu Claro;Dupla;Reta;Sim;2;0;1;0;1;0;1;2;-25,5469;-54,5882;SPRF-PR;DEL05-PR;UOP03-DEL05-PR
611048;30/06/2024;domingo;11:10:00;MG;116;549,3;SANTA BARBARA DO LESTE;Acessar a via sem observar a presença dos outros veículos;Colisão transversal;Com Vítimas Feridas;Pleno dia;Crescente;Céu Claro;Simples;Reta;Não;3;0;2;0;1;0;2;2;-19,960735;-42,13329299;SPRF-MG;DEL06-MG;UOP02-DEL06-MG
611049;30/06/2024;domingo;14:20:00;RN;101;69;EXTREMOZ;Ingestão de álcool pelo condutor;Colisão transversal;Com Vítimas Feridas;Pleno dia;Crescente;Céu Claro;Dupla;"Interseção de Vias;Rotatória";Não;2;0;1;0;1;0;1;2;-5,67165163;-35,25895178;SPRF-RN;DEL02-RN;UOP01-DEL02-RN
611050;30/06/2024;domingo;14:20:00;RS;116;233,3;NOVO HAMBURGO;Condutor deixou de manter distância do veículo da frente;Colisão traseira;Com Vítimas Feridas;Pleno dia;Decrescente;Céu Claro;Simples;Reta;Não;4;0;2;1;1;0;3;2;-29,64206007;-51,14268362;SPRF-RS;DEL01-RS;UOP02-DEL01-RS
611052;30/06/2024;domingo;14:20:00;SE;101;182,8;UMBAUBA;Acessar a via sem observar a presença dos outros veículos;Colisão transversal;Com Vítimas Feridas;Pleno dia;Decrescente;Sol;Simples;"Interseção de Vias;Reta;Rotatória";Sim;3;0;2;0;0;1;2;2;-11,3805187;-37,6641959;SPRF-SE;DEL02-SE;UOP03-DEL02-SE
611055;30/06/2024;domingo;06:00:00;BA;101;478;URUCUCA;Condutor Dormindo;Saída de leito carroçável;Com Vítimas Feridas;Amanhecer;Decrescente;Ignorado;Simples;"Reta;Aclive";Não;2;0;1;1;0;0;2;1;-14,597712;-39,333102;SPRF-BA;DEL05-BA;UOP01-DEL05-BA
611056;30/06/2024;domingo;14:30:00;ES;101;343,3;GUARAPARI;Velocidade Incompatível;Queda de ocupante de veículo;Com Vítimas Fatais;Pleno dia;Decrescente;Chuva;Dupla;Curva;Não;2;1;0;0;0;1;0;2;-20,66191662;-40,59045821;SPRF-ES;DEL03-ES;UOP01-DEL03-ES
611059;30/06/2024;domingo;14:08:00;MT;70;120;GENERAL CARNEIRO;Velocidade Incompatível;Capotamento;Com Vítimas Feridas;Pleno dia;Crescente;Céu Claro;Simples;"Declive;Curva";Não;5;0;5;0;0;0;5;1;-15,59752533;-53,12106998;SPRF-MT;DEL07-MT;UOP01-DEL07-MT
611060;30/06/2024;domingo;14:19:00;SC;280;22,4;ARAQUARI;Reação tardia ou ineficiente do condutor;Colisão traseira;Com Vítimas Feridas;Pleno dia;Crescente;Sol;Dupla;Reta;Sim;4;0;2;0;2;0;2;3;-26,37092616;-48,70204099;SPRF-SC;DEL03-SC;UOP03-DEL03-SC
611061;30/06/2024;domingo;14:31:00;MG;381;614;OLIVEIRA;Objeto estático sobre o leito carroçável;Colisão com objeto;Com Vítimas Feridas;Pleno dia;Crescente;Céu Claro;Dupla;"Reta;Ponte";Não;2;0;1;0;1;0;1;1;-20,73605011;-44,77319313;SPRF-MG;DEL04-MG;UOP01-DEL04-MG
611062;30/06/2024;domingo;14:40:00;SP;116;177;GUARAREMA;Reação tardia ou ineficiente do condutor;Colisão com objeto;Com Vítimas Feridas;Pleno dia;Decrescente;Nublado;Dupla;Reta;Não;1;0;1;0;0;0;1;1;-23,32333315;-46,11958293;SPRF-SP;DEL01-SP;UOP01-DEL01-SP
611063;30/06/2024;domingo;14:30:00;RN;427;21;ACARI;Ausência de reação do condutor;Queda de ocupante de veículo;Com Vítimas Feridas;Pleno dia;Crescente;Céu Claro;Simples;"Aclive;Reta";Não;1;0;0;1;0;0;1;1;-6,38995499;-36,62905801;SPRF-RN;DEL03-RN;UOP02-DEL03-RN
611064;30/06/2024;domingo;12:40:00;PR;277;501,4;GUARANIACU;Velocidade Incompatível;Saída de leito carroçável;Com Vítimas Feridas;Pleno dia;Crescente;Céu Claro;Simples;Curva;Não;2;0;1;1;0;0;2;1;-25,163989;-52,69176;SPRF-PR;DEL04-PR;UOP04-DEL04-PR
611065;30/06/2024;domingo;15:05:00;RJ;116;133;MAGE;Velocidade Incompatível;Saída de leito carroçável;Com Vítimas Feridas;Pleno dia;Decrescente;Chuva;Dupla;Reta;Não;1;0;1;0;0;0;1;1;-22,65418284;-43,14382995;SPRF-RJ;DEL04-RJ;UOP02-DEL04-RJ
611066;06/06/2024;quinta-feira;18:30:00;PE;428;189;PETROLINA;Mal súbito do condutor;Saída de leito carroçável;Com Vítimas Feridas;Plena Noite;Decrescente;Céu Claro;Dupla;"Interseção de Vias;Reta";Sim;5;0;1;1;0;3;2;4;-9,37197508;-40,48679585;SPRF-PE;DEL06-PE;UOP01-DEL06-PE
611067;30/06/2024;domingo;15:10:00;PI;316;103;BARRO DURO;Ausência de reação do condutor;Colisão traseira;Com Vítimas Feridas;Pleno dia;Crescente;Céu Claro;Simples;Reta;Não;2;0;1;0;1;0;1;2;-5,84411229;-42,46321326;SPRF-PI;DEL04-PI;UOP02-DEL04-PI
611068;30/06/2024;domingo;15:40:00;MG;381;932,5;EXTREMA;Condutor Dormindo;Colisão com objeto;Com Vítimas Feridas;Pleno dia;Crescente;Nublado;Dupla;Curva;Não;4;0;4;0;0;0;4;1;-22,81492017;-46,2920647;SPRF-MG;DEL16-MG;UOP03-DEL16-MG
611069;30/06/2024;domingo;13:50:00;RJ;101;469;ANGRA DOS REIS;Chuva;Saída de leito carroçável;Com Vítimas Feridas;Pleno dia;Decrescente;Chuva;Simples;Curva;Não;2;0;1;0;0;1;1;2;-23,01160388;-44,23091089;SPRF-RJ;DEL03-RJ;UOP03-DEL03-RJ
611071;30/06/2024;domingo;16:05:00;GO;60;92,5;ANAPOLIS;Manobra de mudança de faixa;Colisão transversal;Com Vítimas Feridas;Pleno dia;Crescente;Céu Claro;Dupla;Reta;Sim;2;0;0;1;0;1;1;2;-16,352436;-48,916266;SPRF-GO;DEL02-GO;UOP01-DEL02-GO
611072;30/06/2024;domingo;16:15:00;RS;386;440;CANOAS;Condutor deixou de manter distância do veículo da frente;Colisão traseira;Com Vítimas Feridas;Pleno dia;Crescente;Céu Claro;Simples;Reta;Sim;2;0;1;0;1;0;1;2;-29,878265;-51,241951;SPRF-RS;DEL01-RS;UOP01-DEL01-RS
611073;30/06/2024;domingo;16:20:00;ES;101;264;SERRA;Ausência de reação do condutor;Colisão traseira;Com Vítimas Feridas;Pleno dia;Crescente;Nublado;Múltipla;"Reta;Rotatória";Sim;2;0;1;0;1;0;1;2;-20,17292791;-40,26736384;SPRF-ES;DEL02-ES;UOP01-DEL02-ES
611074;30/06/2024;domingo;12:00:00;PR;376;461,3;PONTA GROSSA;Reação tardia ou ineficiente do condutor;Saída de leito carroçável;Com Vítimas Fatais;Pleno dia;Decrescente;Céu Claro;Dupla;"Reta;Ponte";Não;1;1;0;0;0;0;0;1;-24,95833396;-50,39110947;SPRF-PR;DEL03-PR;UOP01-DEL03-PR
611075;30/06/2024;domingo;16:05:00;SC;101;144;ITAPEMA;Reação tardia ou ineficiente do condutor;Engavetamento;Com Vítimas Feridas;Pleno dia;Decrescente;Sol;Dupla;Reta;Sim;5;0;1;0;4;0;1;4;-27,0732659;-48,59672716;SPRF-SC;DEL04-SC;UOP03-DEL04-SC
611076;30/06/2024;domingo;16:20:00;RS;386;434;NOVA SANTA RITA;Acessar a via sem observar a presença dos outros veículos;Colisão transversal;Com Vítimas Feridas;Pleno dia;Decrescente;Céu Claro;Dupla;"Rotatória;Reta";Sim;5;0;1;0;4;0;1;2;-29,84562644;-51,27788186;SPRF-RS;DEL04-RS;UOP02-DEL04-RS