id;data_inversa;dia_semana;horario;uf;br;km;municipio;causa_acidente;tipo_acidente;classificacao_acidente;fase_dia;sentido_via;condicao_metereologica;tipo_pista;tracado_via;uso_solo;pessoas;mortos;feridos_leves;feridos_graves;ilesos;ignorados;feridos;veiculos;latitude;longitude;regional;delegacia;uop
611077;30/06/2024;domingo;14:22:00;RJ;465;20;SEROPEDICA;Reação tardia ou ineficiente do condutor;Colisão transversal;Com Vítimas Feridas;Pleno dia;Crescente;Chuva;Simples;Reta;Sim;3;0;2;0;1;0;2;2;-22,846828;-43,605339;SPRF-RJ;DEL06-RJ;UOP02-DEL06-RJ
611078;30/06/2024;domingo;16:40:00;PR;369;138;IBIPORA;Sinalização mal posicionada;Colisão transversal;Com Vítimas Feridas;Pleno dia;Crescente;Céu Claro;Simples;"Interseção de Vias;Reta;Declive";Sim;2;0;0;2;0;0;2;2;-23,27255059;-51,05131567;SPRF-PR;DEL07-PR;UOP01-DEL07-PR
611079;30/06/2024;domingo;16:50:00;PR;277;7;PARANAGUA;Reação tardia ou ineficiente do condutor;Saída de leito carroçável;Com Vítimas Feridas;Anoitecer;Crescente;Céu Claro;Dupla;"Curva;Declive;Viaduto";Sim;1;0;1;0;0;0;1;1;-25,568198;-48,615292;SPRF-PR;DEL01-PR;UOP05-DEL01-PR
611080;29/06/2024;sábado;19:30:00;BA;420;281,5;UBAIRA;Velocidade Incompatível;Colisão frontal;Com Vítimas Feridas;Plena Noite;Decrescente;Céu Claro;Simples;Curva;Não;2;0;1;1;0;0;2;2;-13,253342;-39,675093;SPRF-BA;DEL03-BA;UOP01-DEL03-BA
611081;30/06/2024;domingo;15:30:00;ES;262;177,7;IBATIBA;Conversão proibida;Colisão transversal;Com Vítimas Fatais;Pleno dia;Decrescente;Céu Claro;Simples;Curva;Não;3;1;1;0;1;0;1;3;-20,28062181;-41,64687634;SPRF-ES;DEL01-ES;UOP02-DEL01-ES
611082;30/06/2024;domingo;16:30:00;MG;381;487,5;BETIM;Ausência de reação do condutor;Colisão traseira;Com Vítimas Feridas;Pleno dia;Decrescente;Céu Claro;Dupla;"Reta;Aclive";Sim;2;0;1;0;1;0;1;2;-19,9579816;-44,12268162;SPRF-MG;DEL01-MG;UOP03-DEL01-MG
611083;30/06/2024;domingo;14:30:00;RR;401;15;CANTA;Ingestão de álcool pelo condutor;Tombamento;Sem Vítimas;Pleno dia;Decrescente;Garoa/Chuvisco;Dupla;Curva;Não;1;0;0;0;0;1;0;1;2,84073231;-60,57928934;SPRF-RR;DEL01-RR;UOP01-DEL01-RR
611084;30/06/2024;domingo;07:53:00;RJ;101;327;NITEROI;Manobra de mudança de faixa;Colisão traseira;Com Vítimas Feridas;Pleno dia;Decrescente;Nublado;Dupla;Reta;Não;6;0;1;2;3;0;3;2;-22,87117393;-43,15595099;SPRF-RJ;DEL02-RJ;UOP01-DEL02-RJ
611085;30/06/2024;domingo;16:00:00;RJ;465;23;RIO DE JANEIRO;Ingestão de álcool pelo condutor;Colisão com objeto;Sem Vítimas;Pleno dia;Crescente;Chuva;Simples;Reta;Sim;1;0;0;0;1;0;0;1;-22,868683;-43,597103;SPRF-RJ;DEL03-RJ;UOP01-DEL03-RJ
611087;30/06/2024;domingo;17:10:00;RJ;101;267;RIO BONITO;Chuva;Tombamento;Com Vítimas Feridas;Plena Noite;Crescente;Chuva;Dupla;Reta;Não;1;0;1;0;0;0;1;1;-22,70728329;-42,66059086;SPRF-RJ;DEL02-RJ;UOP03-DEL02-RJ
611088;30/06/2024;domingo;17:10:00;TO;153;147;ARAGUAINA;Acessar a via sem observar a presença dos outros veículos;Colisão transversal;Sem Vítimas;Pleno dia;Decrescente;Céu Claro;Dupla;Rotatória;Sim;5;0;0;0;5;0;0;2;-7,22062848;-48,24760417;SPRF-TO;DEL02-TO;UOP01-DEL02-TO
611089;30/06/2024;domingo;17:15:00;MG;381;365;JOAO MONLEVADE;Acumulo de óleo sobre o pavimento;Tombamento;Com Vítimas Feridas;Pleno dia;Crescente;Céu Claro;Simples;"Curva;Aclive";Não;1;0;1;0;0;0;1;1;-19,854651;-43,261071;SPRF-MG;DEL03-MG;UOP01-DEL03-MG
611090;30/06/2024;domingo;16:40:00;BA;101;268,8;SANTO ANTONIO DE JESUS;Condutor deixou de manter distância do veículo da frente;Colisão traseira;Com Vítimas Feridas;Pleno dia;Decrescente;Céu Claro;Simples;Aclive;Não;3;0;1;0;2;0;1;2;-13,01799;-39,290213;SPRF-BA;DEL01-BA;UOP02-DEL01-BA
611094;30/06/2024;domingo;03:00:00;MT;174;8;PONTES E LACERDA;Condutor Dormindo;Saída de leito carroçável;Com Vítimas Feridas;Plena Noite;Decrescente;Céu Claro;Simples;Reta;Não;1;0;1;0;0;0;1;1;-15,2103191;-59,35878754;SPRF-MT;DEL03-MT;UOP01-DEL03-MT
611095;30/06/2024;domingo;17:40:00;MG;40;552;NOVA LIMA;Condutor deixou de manter distância do veículo da frente;Colisão traseira;Com Vítimas Feridas;Anoitecer;Decrescente;Céu Claro;Dupla;Reta;Sim;4;0;0;1;3;0;1;3;-20,06084086;-43,97716423;SPRF-MG;DEL01-MG;UOP02-DEL01-MG
611096;30/06/2024;domingo;17:45:00;SP;153;109,2;JOSE BONIFACIO;Manobra de mudança de faixa;Colisão frontal;Com Vítimas Fatais;Anoitecer;Crescente;Nublado;Simples;Reta;Não;4;2;1;0;0;1;1;3;-21,08026506;-49,67062088;SPRF-SP;DEL09-SP;UOP01-DEL09-SP
611097;30/06/2024;domingo;11:30:00;ES;101;358,7;ANCHIETA;Demais falhas mecânicas ou elétricas;Incêndio;Sem Vítimas;Pleno dia;Decrescente;Céu Claro;Simples;Aclive;Não;1;0;0;0;1;0;0;1;-20,69673338;-40,70997566;SPRF-ES;DEL03-ES;UOP01-DEL03-ES
611098;30/06/2024;domingo;18:05:00;SC;101;124,1;ITAJAI;Trafegar com motocicleta (ou similar) entre as faixas;Colisão lateral mesmo sentido;Com Vítimas Feridas;Anoitecer;Decrescente;Nublado;Dupla;Curva;Não;2;0;1;0;1;0;1;2;-26,94335064;-48,69198648;SPRF-SC;DEL04-SC;UOP04-DEL04-SC
611099;30/06/2024;domingo;17:35:00;PB;101;82,5;BAYEUX;Condutor deixou de manter distância do veículo da frente;Colisão traseira;Sem Vítimas;Plena Noite;Crescente;Céu Claro;Dupla;"Reta;Aclive";Sim;3;0;0;0;3;0;0;3;-7,12911;-34,93714;SPRF-PB;DEL01-PB;UOP01-DEL01-PB
611100;30/06/2024;domingo;17:50:00;RJ;116;308;RESENDE;Demais falhas mecânicas ou elétricas;Queda de ocupante de veículo;Com Vítimas Feridas;Anoitecer;Decrescente;Chuva;Dupla;Reta;Sim;2;0;1;1;0;0;2;1;-22,45783299;-44,418685;SPRF-RJ;DEL07-RJ;UOP02-DEL07-RJ
611101;30/06/2024;domingo;17:30:00;SC;282;26,5;SANTO AMARO DA IMPERATRIZ;Acessar a via sem observar a presença dos outros veículos;Colisão transversal;Com Vítimas Feridas;Anoitecer;Decrescente;Céu Claro;Simples;Reta;Não;3;0;1;0;2;0;1;2;-27,680267;-48,762482;SPRF-SC;DEL01-SC;UOP03-DEL01-SC
611102;30/06/2024;domingo;16:50:00;GO;40;49,3;LUZIANIA;Ultrapassagem Indevida;Saída de leito carroçável;Com Vítimas Feridas;Pleno dia;Crescente;Sol;Simples;"Declive;Reta";Não;2;0;1;0;1;0;1;1;-16,433945;-47,815178;SPRF-DF;DEL01-DF;UOP02-DEL01-DF
611103;30/06/2024;domingo;16:20:00;RJ;116;191;QUEIMADOS;Chuva;Queda de ocupante de veículo;Com Vítimas Feridas;Pleno dia;Decrescente;Chuva;Dupla;Reta;Não;1;0;1;0;0;0;1;1;-22,74421443;-43,509822;SPRF-RJ;DEL06-RJ;UOP01-DEL06-RJ
611104;30/06/2024;domingo;18:15:00;PB;101;89,3;JOAO PESSOA;Pedestre cruzava a pista fora da faixa;Atropelamento de Pedestre;Com Vítimas Feridas;Plena Noite;Decrescente;Céu Claro;Dupla;Reta;Sim;2;0;0;1;0;1;1;2;-7,1710694;-34,89765372;SPRF-PB;DEL01-PB;UOP02-DEL01-PB
611105;30/06/2024;domingo;16:00:00;MS;158;97,2;PARANAIBA;Ingestão de álcool pelo condutor;Colisão com objeto;Sem Vítimas;Pleno dia;Crescente;Céu Claro;Dupla;Reta;Sim;2;0;0;0;2;0;0;1;-19,69627676;-51,17701292;SPRF-MS;DEL08-MS;UOP01-DEL08-MS
611107;30/06/2024;domingo;18:10:00;PE;101;43;IGARASSU;Ausência de reação do condutor;Colisão traseira;Com Vítimas Feridas;Plena Noite;Crescente;Céu Claro;Múltipla;Reta;Sim;5;0;1;0;4;0;1;5;-7,84753808;-34,90977038;SPRF-PE;DEL01-PE;UOP02-DEL01-PE
611108;30/06/2024;domingo;17:35:00;PI;0;0;PICOS;Reação tardia ou ineficiente do condutor;Colisão com objeto;Sem Vítimas;Anoitecer;Não Informado;Céu Claro;Simples;Curva;Sim;2;0;0;0;2;0;0;1;-7,07572355;-41,46779895;SPRF-PI;DEL04-PI;UOP01-DEL04-PI
611109;30/06/2024;domingo;17:00:00;PE;232;81;GRAVATA;Ausência de reação do condutor;Colisão traseira;Sem Vítimas;Anoitecer;Crescente;Céu Claro;Dupla;Reta;Não;2;0;0;0;1;1;0;2;-8,19697746;-35,57850408;SPRF-PE;DEL02-PE;UOP02-DEL02PE
611111;30/06/2024;domingo;18:25:00;MT;158;569,8;AGUA BOA;Ausência de reação do condutor;Colisão traseira;Com Vítimas Feridas;Anoitecer;Decrescente;Céu Claro;Simples;Reta;Sim;1;0;1;0;0;0;1;1;-14,06431192;-52,15395871;SPRF-MT;DEL07-MT;UOP02-DEL07-MT
611113;30/06/2024;domingo;17:50:00;RO;364;11;VILHENA;Ingestão de álcool pelo condutor;Queda de ocupante de veículo;Com Vítimas Feridas;Anoitecer;Decrescente;Céu Claro;Simples;Interseção de Vias;Sim;1;0;1;0;0;0;1;1;-12,74605898;-60,11270299;SPRF-RO;DEL04-RO;UOP01-DEL04-RO
611114;30/06/2024;domingo;19:10:00;ES;262;23,1;VIANA;Ultrapassagem Indevida;Colisão frontal;Com Vítimas Feridas;Plena Noite;Crescente;Nublado;Simples;"Declive;Reta";Não;3;0;0;1;2;0;1;3;-20,37660296;-40,52101135;SPRF-ES;DEL01-ES;UOP01-DEL01-ES
611115;30/06/2024;domingo;17:40:00;MS;267;21;BATAGUASSU;Demais falhas mecânicas ou elétricas;Saída de leito carroçável;Com Vítimas Feridas;Plena Noite;Crescente;Céu Claro;Simples;Reta;Não;1;0;0;1;0;0;1;1;-21,72693625;-52,34505699;SPRF-MS;DEL02-MS;UOP04-DEL02-MS
611116;30/06/2024;domingo;19:00:00;GO;414;377;COCALZINHO DE GOIAS;Velocidade Incompatível;Saída de leito carroçável;Com Vítimas Feridas;Plena Noite;Crescente;Céu Claro;Simples;Reta;Não;2;0;1;0;1;0;1;1;-15,80126974;-48,77871484;SPRF-GO;DEL02-GO;UOP01-DEL02-GO
611118;30/06/2024;domingo;19:30:00;SP;116;145,9;SAO JOSE DOS CAMPOS;Reação tardia ou ineficiente do condutor;Saída de leito carroçável;Com Vítimas Feridas;Plena Noite;Decrescente;Céu Claro;Dupla;"Reta;Aclive";Sim;2;0;1;0;0;1;1;2;-23,1869844;-45,8548078;SPRF-SP;DEL02-SP;UOP01-DEL02-SP
611119;30/06/2024;domingo;18:40:00;PR;369;176,9;ROLANDIA;Pedestre cruzava a pista fora da faixa;Atropelamento de Pedestre;Com Vítimas Feridas;Plena Noite;Crescente;Céu Claro;Dupla;Reta;Não;2;0;0;1;1;0;1;2;-23,33562613;-51,38860345;SPRF-PR;DEL07-PR;UOP01-DEL07-PR
611122;30/06/2024;domingo;10:40:00;MG;40;686,7;RESSAQUINHA;Reação tardia ou ineficiente do condutor;Tombamento;Com Vítimas Feridas;Pleno dia;Crescente;Céu Claro;Simples;Reta;Não;1;0;1;0;0;0;1;1;-21,07382701;-43,766731;SPRF-MG;DEL05-MG;UOP02-DEL05-MG
611124;30/06/2024;domingo;19:50:00;SC;470;146,2;RIO DO SUL;Transitar na contramão;Colisão frontal;Sem Vítimas;Plena Noite;Crescente;Céu Claro;Simples;Reta;Sim;2;0;0;0;2;0;0;2;-27,23906293;-49,68415618;SPRF-SC;DEL04-SC;UOP02-DEL04-SC
611125;30/06/2024;domingo;19:10:00;PR;116;123;CURITIBA;Trafegar com motocicleta (ou similar) entre as faixas;Colisão traseira;Com Vítimas Feridas;Anoitecer;Decrescente;Céu Claro;Dupla;Reta;Não;2;0;1;0;1;0;1;2;-25,57736002;-49,31243589;SPRF-PR;DEL01-PR;UOP03-DEL01-PR
611126;30/06/2024;domingo;19:10:00;DF;251;33;BRASILIA;Ausência de reação do condutor;Colisão frontal;Com Vítimas Feridas;Plena Noite;Decrescente;Céu Claro;Simples;Aclive;Sim;3;0;0;1;2;0;1;3;-15,937679;-47,748878;SPRF-DF;DEL01-DF;UOP01-DEL01-DF
611127;30/06/2024;domingo;19:11:00;SC;101;400,5;MARACAJA;Ingestão de álcool pelo condutor;Saída de leito carroçável;Sem Vítimas;Plena Noite;Crescente;Céu Claro;Múltipla;Reta;Não;1;0;0;0;1;0;0;1;-28,867989;-49,449936;SPRF-SC;DEL02-SC;UOP02-DEL02-SC
611129;30/06/2024;domingo;19:45:00;RS;116;264;CANOAS;Ausência de reação do condutor;Colisão traseira;Com Vítimas Feridas;Plena Noite;Decrescente;Nublado;Dupla;"Declive;Reta";Sim;2;0;1;0;1;0;1;2;-29,914435;-51,17754495;SPRF-RS;DEL01-RS;UOP01-DEL01-RS
611130;30/06/2024;domingo;19:50:00;DF;20;18,5;BRASILIA;Acessar a via sem observar a presença dos outros veículos;Colisão traseira;Com Vítimas Feridas;Plena Noite;Crescente;Céu Claro;Múltipla;Reta;Sim;2;0;1;0;1;0;1;2;-15,616901;-47,708927;SPRF-DF;DEL02-DF;UOP01-DEL02-DF
611131;30/06/2024;domingo;16:00:00;MG;267;48;MARIPA DE MINAS;Pista esburacada;Saída de leito carroçável;Com Vítimas Feridas;Pleno dia;Crescente;Céu Claro;Simples;Reta;Não;2;0;2;0;0;0;2;1;-21,69723355;-42,96520803;SPRF-MG;DEL07-MG;UOP01-DEL07-MG
611132;30/06/2024;domingo;19:10:00;PR;116;115;CURITIBA;Ingestão de álcool pelo condutor;Colisão traseira;Sem Vítimas;Plena Noite;Decrescente;Céu Claro;Dupla;Viaduto;Sim;4;0;0;0;2;2;0;4;-25,54424199;-49,30318594;SPRF-PR;DEL01-PR;UOP07-DEL01-PR
611133;30/06/2024;domingo;18:56:00;MG;381;873;ESTIVA;Ausência de reação do condutor;Colisão traseira;Sem Vítimas;Anoitecer;Decrescente;Garoa/Chuvisco;Dupla;Curva;Não;4;0;0;0;4;0;0;4;-22,450796;-46,000139;SPRF-MG;DEL16-MG;UOP01-DEL16-MG
611134;30/06/2024;domingo;19:00:00;RO;319;54;PORTO VELHO;Animais na Pista;Atropelamento de Animal;Com Vítimas Feridas;Plena Noite;Crescente;Nublado;Simples;Reta;Não;2;0;2;0;0;0;2;1;-8,74350592;-63,94936497;SPRF-RO;DEL01-RO;UOP01-DEL01-RO
611135;30/06/2024;domingo;20:40:00;PR;277;364;GUARAPUAVA;Ausência de reação do condutor;Saída de leito carroçável;Sem Vítimas;Plena Noite;Decrescente;Céu Claro;Simples;"Declive;Reta";Não;1;0;0;0;1;0;0;1;-25,42841209;-51,59872796;SPRF-PR;DEL08-PR;UOP01-DEL08-PR
611136;30/06/2024;domingo;20:55:00;PA;316;60;CASTANHAL;Condutor deixou de manter distância do veículo da frente;Colisão traseira;Sem Vítimas;Plena Noite;Decrescente;Céu Claro;Dupla;Reta;Sim;2;0;0;0;2;0;0;2;-1,297512;-47,94314;SPRF-PA;DEL01-PA;UOP01-DEL01-PA
611137;30/06/2024;domingo;20:15:00;SC;101;102,5;BALNEARIO PICARRAS;Pedestre - Ingestão de álcool/ substâncias psicoativas;Atropelamento de Pedestre;Com Vítimas Fatais;Plena Noite;Crescente;Céu Claro;Múltipla;Reta;Não;2;1;0;0;1;0;0;2;-26,7792202;-48,6847298;SPRF-SC;DEL03-SC;UOP02-DEL03-SC
611139;30/06/2024;domingo;18:20:00;TO;226;25,7;PALMEIRAS DO TOCANTINS;Reação tardia ou ineficiente do condutor;Saída de leito carroçável;Com Vítimas Feridas;Anoitecer;Crescente;Céu Claro;Simples;Reta;Não;5;0;2;1;2;0;3;1;-6,638903;-47,658455;SPRF-TO;DEL02-TO;UOP03-DEL02-TO
611141;30/06/2024;domingo;17:30:00;MT;174;285;PONTES E LACERDA;Desrespeitar a preferência no cruzamento;Colisão transversal;Com Vítimas Feridas;Anoitecer;Decrescente;Céu Claro;Simples;Reta;Não;3;0;1;0;2;0;1;2;-15,2601158;-59,30416476;SPRF-MT;DEL04-MT;UOP01-DEL04-MT
611144;30/06/2024;domingo;21:05:00;MG;153;113;PRATA;Ausência de reação do condutor;Capotamento;Com Vítimas Feridas;Plena Noite;Decrescente;Céu Claro;Simples;"Reta;Aclive";Não;1;0;1;0;0;0;1;1;-19,34053794;-48,90019179;SPRF-MG;DEL15-MG;UOP03-DEL15-MG
611145;30/06/2024;domingo;17:00:00;SC;280;1,4;DIONISIO CERQUEIRA;Ingestão de álcool pelo condutor;Saída de leito carroçável;Com Vítimas Fatais;Pleno dia;Decrescente;Sol;Simples;"Reta;Em Obras";Sim;4;1;1;1;0;1;2;2;-26,2689942;-53,62901341;SPRF-SC;DEL03-SC;UOP03-DEL03-SC
611146;30/06/2024;domingo;18:45:00;MG;40;522;CONTAGEM;Velocidade Incompatível;Saída de leito carroçável;Com Vítimas Feridas;Plena Noite;Decrescente;Céu Claro;Dupla;Reta;Não;2;0;2;0;0;0;2;1;-19,86511561;-44,06608701;SPRF-MG;DEL01-MG;UOP02-DEL01-MG
611147;30/06/2024;domingo;20:00:00;RS;290;262,9;CACHOEIRA DO SUL;Deficiência do Sistema de Iluminação/Sinalização;Capotamento;Com Vítimas Feridas;Plena Noite;Decrescente;Céu Claro;Simples;Reta;Não;2;0;2;0;0;0;2;1;-30,263657;-52,845249;SPRF-RS;DEL02-RS;UOP03-DEL02-RS
611148;30/06/2024;domingo;20:15:00;SC;101;1,3;GARUVA;Manobra de mudança de faixa;Colisão lateral mesmo sentido;Com Vítimas Feridas;Plena Noite;Crescente;Céu Claro;Múltipla;Reta;Não;3;0;3;0;0;0;3;2;-25,98895627;-48,88356133;SPRF-SC;DEL03-SC;UOP01-DEL03-SC
611149;30/06/2024;domingo;20:45:00;MS;163;260,8;DOURADOS;Iluminação deficiente;Saída de leito carroçável;Com Vítimas Fatais;Plena Noite;Crescente;Céu Claro;Dupla;Curva;Sim;2;2;0;0;0;0;0;2;-22,24489388;-54,77203018;SPRF-MS;DEL04-MS;UOP01-DEL04-MS
611151;30/06/2024;domingo;20:10:00;MA;230;408,6;BALSAS;Animais na Pista;Atropelamento de Animal;Com Vítimas Feridas;Plena Noite;Decrescente;Céu Claro;Simples;Reta;Não;4;0;2;0;2;0;2;1;-7,51615282;-46,07592894;SPRF-MA;DEL05-MA;UOP01-DEL05-MA
611152;30/06/2024;domingo;19:45:00;MA;230;399,4;BALSAS;Ausência de reação do condutor;Colisão traseira;Com Vítimas Fatais;Plena Noite;Crescente;Céu Claro;Simples;Reta;Não;2;1;0;0;0;1;0;2;-7,48373602;-46,02050995;SPRF-MA;DEL05-MA;UOP01-DEL05-MA
611153;30/06/2024;domingo;19:45:00;SC;101;72;ARAQUARI;Entrada inopinada do pedestre;Atropelamento de Pedestre;Com Vítimas Feridas;Plena Noite;Crescente;Céu Claro;Dupla;Reta;Não;2;0;1;0;1;0;1;2;-26,52700004;-48,71551117;SPRF-SC;DEL03-SC;UOP02-DEL03-SC
611154;30/06/2024;domingo;22:00:00;CE;116;45;PACAJUS;Reação tardia ou ineficiente do condutor;Colisão com objeto;Com Vítimas Feridas;Plena Noite;Decrescente;Céu Claro;Dupla;Reta;Não;1;0;1;0;0;0;1;1;-4,1312959;-38,48313475;SPRF-CE;DEL01-CE;UOP02-DEL01-CE
611155;30/06/2024;domingo;22:00:00;ES;101;258;SERRA;Demais falhas mecânicas ou elétricas;Tombamento;Com Vítimas Feridas;Plena Noite;Crescente;Céu Claro;Dupla;Curva;Sim;2;0;1;1;0;0;2;1;-20,13059888;-40,2961019;SPRF-ES;DEL02-ES;UOP01-DEL02-ES
611157;30/06/2024;domingo;18:50:00;MA;230;403,5;BALSAS;Ultrapassagem Indevida;Colisão frontal;Com Vítimas Feridas;Plena Noite;Crescente;Céu Claro;Simples;Reta;Não;4;0;0;1;1;2;1;3;-7,51686308;-46,03524183;SPRF-MA;DEL05-MA;UOP01-DEL05-MA
611158;30/06/2024;domingo;22:15:00;SC;101;205;SAO JOSE;Manobra de mudança de faixa;Colisão lateral mesmo sentido;Com Vítimas Feridas;Plena Noite;Decrescente;Nublado;Múltipla;Reta;Sim;2;0;1;0;1;0;1;2;-27,58313237;-48,61532885;SPRF-SC;DEL01-SC;UOP01-DEL01-SC
611159;30/06/2024;domingo;18:50:00;RS;290;581;ALEGRETE;Entrada inopinada do pedestre;Atropelamento de Pedestre;Com Vítimas Feridas;Plena Noite;Crescente;Céu Claro;Simples;Reta;Não;2;0;0;1;1;0;1;2;-29,80624;-55,78772;SPRF-RS;DEL13-RS;UOP02-DEL13-RS
611161;30/06/2024;domingo;21:00:00;PR;153;4,5;IMBITUVA;Ingestão de álcool pelo condutor;Colisão frontal;Sem Vítimas;Plena Noite;Crescente;Nublado;Simples;"Curva;Interseção de Vias";Sim;2;0;0;0;2;0;0;2;-25,21805572;-50,59083175;SPRF-PR;DEL03-PR;UOP01-DEL03-PR
611162;30/06/2024;domingo;17:03:00;MA;316;597,5;TIMON;Manobra de mudança de faixa;Colisão frontal;Com Vítimas Fatais;Anoitecer;Decrescente;Céu Claro;Simples;Reta;Não;5;1;0;3;0;1;3;3;-5,019753;-42,980644;SPRF-MA;DEL03-MA;UOP02-DEL03-MA
611163;30/06/2024;domingo;21:50:00;DF;70;10;BRASILIA;Ausência de reação do condutor;Colisão traseira;Com Vítimas Feridas;Plena Noite;Crescente;Céu Claro;Dupla;Reta;Não;4;0;1;2;1;0;3;2;-15,787066;-48,140709;SPRF-DF;DEL03-DF;UOP02-DEL03-DF
611164;30/06/2024;domingo;23:05:00;SP;116;149,2;SAO JOSE DOS CAMPOS;Acessar a via sem observar a presença dos outros veículos;Atropelamento de Pedestre;Com Vítimas Feridas;Plena Noite;Decrescente;Céu Claro;Dupla;Reta;Sim;3;0;0;1;1;1;1;2;-23,20700047;-45,88626861;SPRF-SP;DEL02-SP;UOP01-DEL02-SP
611165;30/06/2024;domingo;22:30:00;SC;101;138;BALNEARIO CAMBORIU;Transitar na contramão;Colisão frontal;Com Vítimas Feridas;Plena Noite;Decrescente;Céu Claro;Múltipla;Reta;Sim;2;0;2;0;0;0;2;2;-27,02397426;-48,60761649;SPRF-SC;DEL04-SC;UOP03-DEL04-SC
611166;30/06/2024;domingo;18:28:00;GO;452;10;RIO VERDE;Ultrapassagem Indevida;Colisão frontal;Com Vítimas Fatais;Plena Noite;Crescente;Céu Claro;Simples;Reta;Não;8;1;0;5;2;0;5;3;-17,83203173;-50,8197779;SPRF-GO;DEL04-GO;UOP01-DEL04-GO
611167;30/06/2024;domingo;23:15:00;BA;101;709;EUNAPOLIS;Reação tardia ou ineficiente do condutor;Colisão traseira;Com Vítimas Feridas;Plena Noite;Crescente;Céu Claro;Simples;Reta;Não;2;0;0;1;1;0;1;2;-16,48013692;-39,58194883;SPRF-BA;DEL09-BA;UOP01-DEL09-BA
611168;30/06/2024;domingo;23:45:00;PR;277;2,5;PARANAGUA;Animais na Pista;Atropelamento de Animal;Com Vítimas Feridas;Plena Noite;Decrescente;Céu Claro;Simples;Curva;Não;1;0;1;0;0;0;1;1;-25,5362;-48,5561;SPRF-PR;DEL01-PR;UOP05-DEL01-PR
611170;30/06/2024;domingo;23:19:00;SC;280;28;ARAQUARI;Transitar na contramão;Colisão frontal;Com Vítimas Feridas;Plena Noite;Decrescente;Nublado;Simples;Reta;Não;2;0;1;0;1;0;1;2;-26,40450077;-48,74561031;SPRF-SC;DEL03-SC;UOP03-DEL03-SC
611171;30/06/2024;domingo;23:30:00;PR;376;182,4;SARANDI;Condutor deixou de manter distância do veículo da frente;Colisão traseira;Com Vítimas Feridas;Plena Noite;Crescente;Céu Claro;Dupla;Reta;Sim;3;0;1;0;2;0;1;3;-23,43428178;-51,88349676;SPRF-PR;DEL09-PR;UOP01-DEL09-PR
611172;30/06/2024;domingo;21:40:00;SP;459;22;LORENA;Ingestão de álcool pelo condutor;Colisão lateral sentido oposto;Com Vítimas Feridas;Plena Noite;Crescente;Garoa/Chuvisco;Simples;Reta;Não;4;0;1;1;2;0;2;4;-22,663296;-45,142551;SPRF-SP;DEL08-SP;UOP02-DEL08-SP
611173;30/06/2024;domingo;23:10:00;PR;476;222;LAPA;Reação tardia ou ineficiente do condutor;Saída de leito carroçável;Com Vítimas Feridas;Plena Noite;Decrescente;Céu Claro;Simples;Curva;Não;1;0;1;0;0;0;1;1;-25,83713;-49,927334;SPRF-PR;DEL01-PR;UOP06-DEL01-PR
611174;30/06/2024;domingo;20:30:00;BA;110;96;SITIO DO QUINTO;Animais na Pista;Atropelamento de Animal;Com Vítimas Feridas;Plena Noite;Crescente;Céu Claro;Simples;Reta;Não;1;0;0;1;0;0;1;1;-10,26330099;-38,30459904;SPRF-BA;DEL07-BA;UOP01-DEL07-BA
611175;30/06/2024;domingo;22:00:00;AL;101;116,6;SAO MIGUEL DOS CAMPOS;Sinalização mal posicionada;Colisão com objeto;Com Vítimas Feridas;Plena Noite;Crescente;Céu Claro;Simples;Curva;Não;1;0;1;0;0;0;1;1;-9,71546556;-36,04517698;SPRF-AL;DEL02-AL;UOP01-DEL02-AL
611176;30/06/2024;domingo;19:15:00;MA;316;119,9;SANTA LUZIA DO PARUA;Ausência de reação do condutor;Saída de leito carroçável;Com Vítimas Fatais;Plena Noite;Crescente;Céu Claro;Simples;Reta;Não;3;2;1;0;0;0;1;1;-2,582357;-45,765125;SPRF-MA;DEL02-MA;UOP02-DEL02-MA
611177;30/06/2024;domingo;23:30:00;MT;70;2;BARRA DO GARCAS;Ausência de reação do condutor;Colisão lateral mesmo sentido;Com Vítimas Feridas;Plena Noite;Decrescente;Céu Claro;Simples;Reta;Sim;2;0;0;1;1;0;1;2;-15,88749699;-52,26810568;SPRF-MT;DEL07-MT;UOP01-DEL07-MT
611178;30/06/2024;domingo;23:25:00;RO;364;227;CACOAL;Avarias e/ou desgaste excessivo no pneu;Saída de leito carroçável;Com Vítimas Feridas;Plena Noite;Decrescente;Céu Claro;Simples;Reta;Não;2;0;2;0;0;0;2;1;-11,496323;-61,374247;SPRF-RO;DEL02-RO;UOP02-DEL02-RO
611181;30/06/2024;domingo;23:30:00;GO;50;205;CAMPO ALEGRE DE GOIAS;Ingestão de álcool pelo condutor;Colisão traseira;Sem Vítimas;Plena Noite;Decrescente;Céu Claro;Dupla;Reta;Não;2;0;0;0;2;0;0;2;-17,6111;-47,7855;SPRF-GO;DEL06-GO;UOP01-DEL06-GO
611182;01/07/2024;segunda-feira;03:20:00;SP;116;215;GUARULHOS;Demais falhas mecânicas ou elétricas;Incêndio;Sem Vítimas;Plena Noite;Crescente;Nublado;Dupla;Reta;Sim;1;0;0;0;1;0;0;1;-23,44695693;-46,45394103;SPRF-SP;DEL01-SP;UOP01-DEL01-SP
611186;01/07/2024;segunda-feira;04:00:00;MS;163;308,8;RIO BRILHANTE;Reação tardia ou ineficiente do condutor;Saída de leito carroçável;Com Vítimas Feridas;Plena Noite;Crescente;Céu Claro;Simples;Reta;Não;5;0;0;1;4;0;1;1;-21,9108809;-54,5340003;SPRF-MS;DEL02-MS;UOP02-DEL02-MS