id;data_inversa;dia_semana;horario;uf;br;km;municipio;causa_acidente;tipo_acidente;classificacao_acidente;fase_dia;sentido_via;condicao_metereologica;tipo_pista;tracado_via;uso_solo;pessoas;mortos;feridos_leves;feridos_graves;ilesos;ignorados;feridos;veiculos;latitude;longitude;regional;delegacia;uop
611409;02/07/2024;terça-feira;06:10:00;MG;153;0;ARAPORA;Reação tardia ou ineficiente do condutor;Queda de ocupante de veículo;Com Vítimas Feridas;Pleno dia;Crescente;Céu Claro;Simples;Reta;Não;1;0;1;0;0;0;1;1;-18,41758;-49,194427;SPRF-MG;DEL15-MG;UOP03-DEL15-MG
611411;02/07/2024;terça-feira;04:10:00;MT;163;757;SORRISO;Acesso irregular;Colisão traseira;Com Vítimas Fatais;Plena Noite;Crescente;Céu Claro;Simples;"Aclive;Reta";Sim;1;1;0;0;0;0;0;1;-12,51142445;-55,69472761;SPRF-MT;DEL06-MT;UOP01-DEL06-MT
611414;22/06/2024;sábado;05:20:00;BA;324;349;CAPIM GROSSO;Ausência de reação do condutor;Saída de leito carroçável;Com Vítimas Fatais;Amanhecer;Decrescente;Céu Claro;Simples;Reta;Não;4;1;1;1;1;0;2;1;-11,35350519;-40,05854608;SPRF-BA;DEL04-BA;UOP02-DEL04-BA
611415;02/07/2024;terça-feira;05:40:00;SP;116;210;GUARULHOS;Ausência de reação do condutor;Colisão traseira;Com Vítimas Feridas;Amanhecer;Crescente;Nublado;Múltipla;Reta;Sim;3;0;1;0;1;1;1;3;-23,42870023;-46,41085991;SPRF-SP;DEL01-SP;UOP01-DEL01-SP
611417;02/07/2024;terça-feira;06:50:00;ES;101;298,8;VIANA;Reação tardia ou ineficiente do condutor;Colisão lateral mesmo sentido;Com Vítimas Feridas;Pleno dia;Decrescente;Céu Claro;Simples;"Reta;Viaduto";Sim;2;0;1;0;1;0;1;2;-20,35374444;-40,4156433;SPRF-ES;DEL01-ES;UOP01-DEL01-ES
611418;02/07/2024;terça-feira;07:15:00;SC;101;201,6;SAO JOSE;Manobra de mudança de faixa;Colisão lateral mesmo sentido;Com Vítimas Feridas;Pleno dia;Crescente;Céu Claro;Múltipla;Reta;Sim;2;0;1;0;1;0;1;2;-27,54836599;-48,61977975;SPRF-SC;DEL01-SC;UOP01-DEL01-SC
611419;02/07/2024;terça-feira;07:02:00;RS;468;106;TRES PASSOS;Ausência de reação do condutor;Queda de ocupante de veículo;Com Vítimas Feridas;Amanhecer;Decrescente;Céu Claro;Simples;Curva;Não;1;0;0;1;0;0;1;1;-27,44375401;-53,94975605;SPRF-RS;DEL08-RS;UOP02-DEL08-RS
611420;02/07/2024;terça-feira;06:30:00;GO;70;1,2;AGUAS LINDAS DE GOIAS;Ausência de reação do condutor;Colisão traseira;Com Vítimas Feridas;Pleno dia;Crescente;Céu Claro;Dupla;Reta;Não;3;0;2;0;1;0;2;2;-15,77579351;-48,23259001;SPRF-DF;DEL03-DF;UOP02-DEL03-DF
611422;02/07/2024;terça-feira;07:10:00;SC;101;137;BALNEARIO CAMBORIU;Trafegar com motocicleta (ou similar) entre as faixas;Colisão lateral mesmo sentido;Sem Vítimas;Pleno dia;Crescente;Nublado;Dupla;Reta;Sim;2;0;0;0;1;1;0;2;-27,0157238;-48,61192763;SPRF-SC;DEL04-SC;UOP03-DEL04-SC
611424;02/07/2024;terça-feira;07:10:00;SC;101;154,2;PORTO BELO;Demais falhas mecânicas ou elétricas;Tombamento;Com Vítimas Feridas;Amanhecer;Crescente;Nublado;Dupla;Reta;Não;1;0;0;1;0;0;1;1;-27,153819;-48,61086393;SPRF-SC;DEL04-SC;UOP03-DEL04-SC
611425;02/07/2024;terça-feira;06:25:00;PB;230;50,8;CRUZ DO ESPIRITO SANTO;Mal súbito do condutor;Saída de leito carroçável;Com Vítimas Feridas;Pleno dia;Decrescente;Chuva;Dupla;Reta;Não;2;0;2;0;0;0;2;1;-7,1846;-35,0544;SPRF-PB;DEL01-PB;UOP03-DEL01-PB
611428;02/07/2024;terça-feira;07:40:00;SP;153;61,6;SAO JOSE DO RIO PRETO;Condutor deixou de manter distância do veículo da frente;Engavetamento;Com Vítimas Feridas;Pleno dia;Crescente;Céu Claro;Dupla;"Reta;Declive";Sim;6;0;1;0;3;2;1;4;-20,8063;-49,356172;SPRF-SP;DEL09-SP;UOP01-DEL09-SP
611432;01/07/2024;segunda-feira;18:00:00;RJ;356;147;CAMPOS DOS GOYTACAZES;Transitar no Acostamento;Colisão traseira;Com Vítimas Feridas;Plena Noite;Crescente;Céu Claro;Simples;Reta;Sim;2;0;1;0;1;0;1;2;-21,78540158;-41,29978331;SPRF-RJ;DEL08-RJ;UOP02-DEL08-RJ
611433;02/07/2024;terça-feira;08:00:00;ES;101;285,3;CARIACICA;Trafegar com motocicleta (ou similar) entre as faixas;Colisão transversal;Com Vítimas Feridas;Pleno dia;Decrescente;Nublado;Dupla;"Reta;Aclive;Retorno Regulamentado";Sim;3;0;1;1;1;0;2;2;-20,25461806;-40,37476659;SPRF-ES;DEL01-ES;UOP01-DEL01-ES
611435;02/07/2024;terça-feira;07:20:00;SC;470;66,3;INDAIAL;Ultrapassagem Indevida;Colisão transversal;Com Vítimas Feridas;Pleno dia;Crescente;Céu Claro;Simples;"Rotatória;Em Obras";Não;3;0;2;0;1;0;2;3;-26,87012373;-49,22745109;SPRF-SC;DEL04-SC;UOP01-DEL04-SC
611437;21/06/2024;sexta-feira;19:52:00;PE;232;390;SERRA TALHADA;Iluminação deficiente;Engavetamento;Com Vítimas Feridas;Plena Noite;Crescente;Chuva;Simples;Reta;Não;6;0;1;0;5;0;1;3;-8,03127188;-38,13857399;SPRF-PE;DEL04-PE;UOP01-DEL04-PE
611439;02/07/2024;terça-feira;07:00:00;PR;277;74;SAO JOSE DOS PINHAIS;Acessar a via sem observar a presença dos outros veículos;Colisão lateral mesmo sentido;Com Vítimas Feridas;Pleno dia;Decrescente;Céu Claro;Dupla;"Interseção de Vias;Reta;Aclive";Sim;2;0;1;0;1;0;1;2;-25,51726115;-49,11540707;SPRF-PR;DEL01-PR;UOP07-DEL01-PR
611441;08/06/2024;sábado;09:40:00;PR;116;17;CURITIBA;Manobra de mudança de faixa;Colisão lateral mesmo sentido;Com Vítimas Feridas;Pleno dia;Crescente;Céu Claro;Dupla;Reta;Sim;3;0;0;1;0;2;1;3;-25,3891;-49,1966;SPRF-PR;DEL01-PR;UOP02-DEL01-PR
611442;02/07/2024;terça-feira;07:50:00;ES;101;285;CARIACICA;Acessar a via sem observar a presença dos outros veículos;Colisão traseira;Com Vítimas Feridas;Pleno dia;Decrescente;Sol;Dupla;"Reta;Retorno Regulamentado;Declive";Sim;2;0;0;1;1;0;1;2;-20,25207149;-40,37326455;SPRF-ES;DEL01-ES;UOP01-DEL01-ES
611444;02/07/2024;terça-feira;08:50:00;BA;116;777,6;PLANALTO;Desrespeitar a preferência no cruzamento;Colisão transversal;Com Vítimas Feridas;Pleno dia;Decrescente;Garoa/Chuvisco;Simples;"Reta;Rotatória";Sim;3;0;2;0;1;0;2;2;-14,67103;-40,478825;SPRF-BA;DEL08-BA;UOP02-DEL08-BA
611445;01/07/2024;segunda-feira;12:40:00;BA;415;23;ILHEUS;Chuva;Colisão frontal;Com Vítimas Feridas;Pleno dia;Crescente;Chuva;Dupla;Reta;Não;3;0;1;0;2;0;1;2;-14,79631846;-39,19555378;SPRF-BA;DEL05-BA;UOP01-DEL05-BA
611446;24/06/2024;segunda-feira;21:30:00;PE;408;99;SAO LOURENCO DA MATA;Reação tardia ou ineficiente do condutor;Colisão traseira;Com Vítimas Feridas;Plena Noite;Decrescente;Céu Claro;Dupla;"Declive;Reta";Não;2;0;1;0;1;0;1;2;-8,043007;-35,020272;SPRF-PE;DEL01-PE;UOP01-DEL01-PE
611447;02/07/2024;terça-feira;08:20:00;RJ;40;75;PETROPOLIS;Velocidade Incompatível;Tombamento;Com Vítimas Feridas;Pleno dia;Crescente;Nevoeiro/Neblina;Dupla;Curva;Não;1;0;1;0;0;0;1;1;-22,46857126;-43,22958698;SPRF-RJ;DEL01-RJ;UOP01-DEL01-RJ
611449;02/07/2024;terça-feira;09:20:00;ES;101;299,7;VIANA;Condutor deixou de manter distância do veículo da frente;Colisão traseira;Com Vítimas Feridas;Pleno dia;Decrescente;Céu Claro;Múltipla;Reta;Sim;4;0;2;0;2;0;2;2;-20,35860628;-40,42327504;SPRF-ES;DEL01-ES;UOP01-DEL01-ES
611451;02/07/2024;terça-feira;06:54:00;MT;163;831;SINOP;Acessar a via sem observar a presença dos outros veículos;Colisão frontal;Com Vítimas Feridas;Pleno dia;Decrescente;Sol;Dupla;Rotatória;Sim;2;0;1;0;0;1;1;2;-12,022768;-55,51723;SPRF-MT;DEL06-MT;UOP02-DEL06-MT
611452;02/07/2024;terça-feira;07:10:00;MG;381;738,2;TRES CORACOES;Velocidade Incompatível;Atropelamento de Pedestre;Com Vítimas Fatais;Amanhecer;Decrescente;Nevoeiro/Neblina;Dupla;Reta;Não;2;1;0;0;0;1;0;2;-21,60614098;-45,24086431;SPRF-MG;DEL16-MG;UOP02-DEL16-MG
611453;13/05/2024;segunda-feira;13:30:00;ES;101;146,6;LINHARES;Ausência de reação do condutor;Engavetamento;Com Vítimas Feridas;Pleno dia;Crescente;Céu Claro;Múltipla;Reta;Sim;3;0;1;0;1;1;1;3;-19,36990998;-40,06560718;SPRF-ES;DEL04-ES;UOP01-DEL04-ES
611456;02/07/2024;terça-feira;09:25:00;PI;343;347;TERESINA;Reação tardia ou ineficiente do condutor;Atropelamento de Pedestre;Com Vítimas Feridas;Pleno dia;Decrescente;Céu Claro;Dupla;Reta;Sim;3;0;2;0;1;0;2;2;-5,114822;-42,778355;SPRF-PI;DEL01-PI;UOP01-DEL01-PI
611458;02/07/2024;terça-feira;07:30:00;MS;262;52;TRES LAGOAS;Ausência de reação do condutor;Colisão frontal;Com Vítimas Feridas;Pleno dia;Decrescente;Nevoeiro/Neblina;Simples;Reta;Não;2;0;1;0;1;0;1;2;-20,74668494;-52,07911598;SPRF-MS;DEL07-MS;UOP01-DEL07-MS
611459;24/06/2024;segunda-feira;14:44:00;PA;163;369,4;NOVO PROGRESSO;Ultrapassagem Indevida;Tombamento;Sem Vítimas;Pleno dia;Decrescente;Céu Claro;Simples;Curva;Não;1;0;0;0;0;1;0;1;-6,55692418;-55,53164005;SPRF-PA;DEL05-PA;UOP02-DEL05-PA
611462;11/06/2024;terça-feira;14:10:00;PE;407;119;PETROLINA;Condutor deixou de manter distância do veículo da frente;Colisão traseira;Com Vítimas Feridas;Pleno dia;Crescente;Céu Claro;Simples;Reta;Sim;3;0;2;0;1;0;2;2;-9,33026316;-40,56422728;SPRF-PE;DEL06-PE;UOP01-DEL06-PE
611463;02/07/2024;terça-feira;10:25:00;RS;116;268;CANOAS;Ausência de reação do condutor;Colisão lateral mesmo sentido;Com Vítimas Feridas;Pleno dia;Decrescente;Céu Claro;Dupla;Reta;Sim;3;0;1;0;2;0;1;2;-29,95042502;-51,17652939;SPRF-RS;DEL01-RS;UOP01-DEL01-RS
611464;02/07/2024;terça-feira;10:35:00;SC;470;87,1;ASCURRA;Conversão proibida;Colisão transversal;Com Vítimas Feridas;Pleno dia;Decrescente;Nublado;Simples;"Aclive;Reta";Não;2;0;2;0;0;0;2;2;-26,95057659;-49,36928538;SPRF-SC;DEL04-SC;UOP01-DEL04-SC
611465;28/04/2024;domingo;20:45:00;PI;343;335,8;TERESINA;Acessar a via sem observar a presença dos outros veículos;Colisão lateral mesmo sentido;Com Vítimas Feridas;Plena Noite;Decrescente;Céu Claro;Dupla;Reta;Sim;2;0;1;0;1;0;1;2;-5,06296628;-42,7029562;SPRF-PI;DEL01-PI;UOP01-DEL01-PI
611466;02/07/2024;terça-feira;08:10:00;MG;364;15,5;FRUTAL;Acessar a via sem observar a presença dos outros veículos;Colisão transversal;Com Vítimas Feridas;Pleno dia;Decrescente;Céu Claro;Simples;Reta;Não;2;0;1;1;0;0;2;2;-20,071136;-48,787556;SPRF-MG;DEL13-MG;UOP02-DEL13-MG
611469;02/07/2024;terça-feira;11:05:00;RS;116;242,4;SAO LEOPOLDO;Reação tardia ou ineficiente do condutor;Tombamento;Com Vítimas Feridas;Pleno dia;Crescente;Sol;Múltipla;Reta;Sim;1;0;1;0;0;0;1;1;-29,72418188;-51,14866376;SPRF-RS;DEL01-RS;UOP02-DEL01-RS
611470;02/07/2024;terça-feira;10:45:00;RJ;101;322;NITEROI;Manobra de mudança de faixa;Colisão lateral mesmo sentido;Com Vítimas Feridas;Pleno dia;Crescente;Céu Claro;Dupla;Curva;Sim;2;0;1;0;1;0;1;2;-22,878923;-43,110676;SPRF-RJ;DEL02-RJ;UOP01-DEL02-RJ
611473;02/07/2024;terça-feira;11:32:00;RJ;101;383;RIO DE JANEIRO;Manobra de mudança de faixa;Colisão traseira;Com Vítimas Feridas;Pleno dia;Crescente;Céu Claro;Múltipla;"Retorno Regulamentado;Reta";Não;4;0;1;0;2;1;1;2;-22,8765463;-43,61463385;SPRF-RJ;DEL03-RJ;UOP01-DEL03-RJ
611474;02/07/2024;terça-feira;11:15:00;PI;343;343,5;TERESINA;Acessar a via sem observar a presença dos outros veículos;Colisão transversal;Com Vítimas Feridas;Pleno dia;Crescente;Céu Claro;Simples;Reta;Sim;2;0;2;0;0;0;2;2;-5,087362;-42,757851;SPRF-PI;DEL01-PI;UOP01-DEL01-PI
611475;02/07/2024;terça-feira;07:30:00;ES;101;267,1;SERRA;Condutor deixou de manter distância do veículo da frente;Colisão traseira;Sem Vítimas;Pleno dia;Crescente;Nublado;Dupla;Reta;Sim;2;0;0;0;0;2;0;2;-20,19930999;-40,26884609;SPRF-ES;DEL02-ES;UOP01-DEL02-ES
611476;02/07/2024;terça-feira;12:00:00;SP;116;222,4;SAO PAULO;Manobra de mudança de faixa;Colisão lateral mesmo sentido;Com Vítimas Feridas;Pleno dia;Decrescente;Céu Claro;Múltipla;Reta;Sim;3;0;1;0;2;0;1;2;-23,5158694;-46,57949924;SPRF-SP;DEL01-SP;UOP01-DEL01-SP
611477;02/07/2024;terça-feira;11:25:00;ES;101;145;LINHARES;Objeto estático sobre o leito carroçável;Colisão com objeto;Com Vítimas Feridas;Pleno dia;Decrescente;Céu Claro;Dupla;Reta;Sim;2;0;0;1;0;1;1;2;-19,36089598;-40,06464018;SPRF-ES;DEL04-ES;UOP01-DEL04-ES
611480;02/07/2024;terça-feira;12:50:00;SC;101;97,4;BALNEARIO PICARRAS;Reação tardia ou ineficiente do condutor;Queda de ocupante de veículo;Com Vítimas Feridas;Pleno dia;Crescente;Céu Claro;Dupla;"Reta;Aclive";Não;1;0;1;0;0;0;1;1;-26,72823703;-48,70224928;SPRF-SC;DEL03-SC;UOP02-DEL03-SC
611481;10/06/2024;segunda-feira;18:40:00;PR;467;108,6;CASCAVEL;Reação tardia ou ineficiente do condutor;Tombamento;Com Vítimas Feridas;Plena Noite;Decrescente;Céu Claro;Dupla;"Curva;Declive";Sim;1;0;1;0;0;0;1;1;-24,9237;-53,4676;SPRF-PR;DEL04-PR;UOP01-DEL04-PR
611484;02/07/2024;terça-feira;09:40:00;MG;116;415;GOVERNADOR VALADARES;Retorno proibido;Colisão transversal;Com Vítimas Feridas;Pleno dia;Crescente;Céu Claro;Simples;Curva;Sim;2;0;1;0;1;0;1;2;-18,88401297;-41,94924399;SPRF-MG;DEL06-MG;UOP01-DEL06-MG
611487;02/07/2024;terça-feira;12:30:00;BA;324;577;CANDEIAS;Avarias e/ou desgaste excessivo no pneu;Tombamento;Com Vítimas Feridas;Pleno dia;Crescente;Céu Claro;Dupla;Reta;Não;2;0;1;0;1;0;1;1;-12,58364429;-38,53073221;SPRF-BA;DEL01-BA;UOP01-DEL01-BA
611488;02/07/2024;terça-feira;13:15:00;RJ;101;309;SAO GONCALO;Entrada inopinada do pedestre;Atropelamento de Pedestre;Com Vítimas Feridas;Pleno dia;Decrescente;Céu Claro;Dupla;Reta;Sim;2;0;1;0;1;0;1;2;-22,79498873;-43,03446105;SPRF-RJ;DEL02-RJ;UOP02-DEL02-RJ
611489;02/07/2024;terça-feira;13:00:00;GO;60;34;GOIANIA;Mal súbito do condutor;Colisão com objeto;Com Vítimas Feridas;Pleno dia;Crescente;Céu Claro;Dupla;Curva;Sim;1;0;1;0;0;0;1;1;-16,6777;-49,2676;SPRF-GO;DEL01-GO;UOP02-DEL01-GO
611490;02/07/2024;terça-feira;12:30:00;SC;101;208,2;SAO JOSE;Reação tardia ou ineficiente do condutor;Colisão com objeto;Com Vítimas Feridas;Pleno dia;Crescente;Céu Claro;Múltipla;Reta;Não;2;0;2;0;0;0;2;1;-27,60327979;-48,63201818;SPRF-SC;DEL01-SC;UOP01-DEL01-SC
611491;02/07/2024;terça-feira;13:20:00;AL;101;81,7;RIO LARGO;Acumulo de água sobre o pavimento;Colisão com objeto;Com Vítimas Feridas;Pleno dia;Crescente;Garoa/Chuvisco;Dupla;"Declive;Curva";Não;2;0;1;1;0;0;2;1;-9,44701176;-35,851915;SPRF-AL;DEL01-AL;UOP01-DEL01-AL
611493;02/07/2024;terça-feira;10:00:00;PI;135;382;BOM JESUS;Ausência de reação do condutor;Colisão traseira;Com Vítimas Feridas;Pleno dia;Decrescente;Sol;Simples;Reta;Não;2;0;0;1;1;0;1;2;-9,29095336;-44,49877349;SPRF-PI;DEL03-PI;UOP02-DEL03-PI
611495;02/07/2024;terça-feira;14:05:00;PE;101;65,5;RECIFE;Pista Escorregadia;Tombamento;Com Vítimas Feridas;Pleno dia;Crescente;Nublado;Dupla;Reta;Sim;1;0;1;0;0;0;1;1;-8,029562;-34,943047;SPRF-PE;DEL01-PE;UOP01-DEL01-PE
611496;02/07/2024;terça-feira;13:20:00;BA;101;883;TEIXEIRA DE FREITAS;Reação tardia ou ineficiente do condutor;Colisão transversal;Com Vítimas Feridas;Pleno dia;Crescente;Chuva;Simples;Aclive;Não;3;0;2;0;1;0;2;2;-17,58578301;-39,7411716;SPRF-BA;DEL09-BA;UOP02-DEL09-BA
611499;02/07/2024;terça-feira;13:35:00;SC;101;134;BALNEARIO CAMBORIU;Desrespeitar a preferência no cruzamento;Colisão transversal;Com Vítimas Feridas;Pleno dia;Crescente;Céu Claro;Múltipla;"Interseção de Vias;Rotatória";Sim;2;0;1;0;1;0;1;2;-27,00218;-48,636433;SPRF-SC;DEL04-SC;UOP03-DEL04-SC
611500;02/07/2024;terça-feira;11:20:00;RJ;116;186;NOVA IGUACU;Demais falhas mecânicas ou elétricas;Queda de ocupante de veículo;Com Vítimas Feridas;Pleno dia;Decrescente;Céu Claro;Dupla;Reta;Sim;2;0;2;0;0;0;2;1;-22,73962339;-43,46276495;SPRF-RJ;DEL06-RJ;UOP01-DEL06-RJ
611504;02/07/2024;terça-feira;15:15:00;PE;101;34;ITAPISSUMA;Retorno proibido;Colisão transversal;Com Vítimas Feridas;Pleno dia;Crescente;Céu Claro;Dupla;Reta;Não;2;0;0;1;1;0;1;2;-7,77187875;-34,93519735;SPRF-PE;DEL01-PE;UOP02-DEL01-PE
611506;02/07/2024;terça-feira;14:45:00;PE;101;42,9;IGARASSU;Reação tardia ou ineficiente do condutor;Tombamento;Com Vítimas Feridas;Pleno dia;Decrescente;Céu Claro;Múltipla;Reta;Sim;2;0;1;0;1;0;1;2;-7,83887431;-34,91196739;SPRF-PE;DEL01-PE;UOP02-DEL01-PE
611507;02/07/2024;terça-feira;15:00:00;SP;116;156,3;SAO JOSE DOS CAMPOS;Ausência de reação do condutor;Tombamento;Com Vítimas Feridas;Pleno dia;Decrescente;Céu Claro;Dupla;Reta;Sim;2;0;2;0;0;0;2;1;-23,25044084;-45,93572909;SPRF-SP;DEL02-SP;UOP01-DEL02-SP
611510;02/07/2024;terça-feira;15:00:00;GO;40;4;VALPARAISO DE GOIAS;Ausência de reação do condutor;Colisão lateral mesmo sentido;Com Vítimas Feridas;Pleno dia;Crescente;Céu Claro;Dupla;Reta;Sim;2;0;1;0;0;1;1;2;-16,085241;-47,986752;SPRF-DF;DEL01-DF;UOP01-DEL01-DF
611511;02/07/2024;terça-feira;14:10:00;BA;116;399;SANTA BARBARA;Ingestão de álcool pelo condutor;Colisão traseira;Sem Vítimas;Pleno dia;Decrescente;Sol;Dupla;Reta;Sim;2;0;0;0;2;0;0;2;-12,01948908;-38,97103638;SPRF-BA;DEL02-BA;UOP01-DEL02-BA
611512;02/07/2024;terça-feira;10:45:00;RJ;465;22;RIO DE JANEIRO;Acessar a via sem observar a presença dos outros veículos;Colisão lateral mesmo sentido;Com Vítimas Feridas;Pleno dia;Crescente;Céu Claro;Simples;Interseção de Vias;Sim;2;0;1;1;0;0;2;2;-22,863579;-43,601479;SPRF-RJ;DEL03-RJ;UOP01-DEL03-RJ
611513;02/07/2024;terça-feira;15:15:00;MG;381;483;BETIM;Ausência de reação do condutor;Tombamento;Com Vítimas Feridas;Pleno dia;Decrescente;Sol;Dupla;Curva;Não;1;0;1;0;0;0;1;1;-19,95539911;-44,09684658;SPRF-MG;DEL01-MG;UOP03-DEL01-MG
611514;02/07/2024;terça-feira;16:00:00;SC;101;276,3;IMBITUBA;Desrespeitar a preferência no cruzamento;Colisão com objeto;Com Vítimas Feridas;Pleno dia;Crescente;Céu Claro;Múltipla;Viaduto;Sim;3;0;1;0;2;0;1;2;-28,1466908;-48,69249523;SPRF-SC;DEL02-SC;UOP03-DEL02-SC
611515;02/07/2024;terça-feira;15:20:00;MG;262;376,2;JUATUBA;Problema com o freio;Colisão transversal;Com Vítimas Feridas;Pleno dia;Crescente;Céu Claro;Múltipla;Reta;Não;5;0;0;3;2;0;3;2;-19,959929;-44,337997;SPRF-MG;DEL01-MG;UOP03-DEL01-MG
611516;02/07/2024;terça-feira;11:30:00;BA;116;391;SANTA BARBARA;Reação tardia ou ineficiente do condutor;Colisão traseira;Com Vítimas Feridas;Pleno dia;Crescente;Céu Claro;Dupla;Reta;Sim;7;0;1;0;6;0;1;2;-11,94784298;-38,9775739;SPRF-BA;DEL02-BA;UOP01-DEL02-BA
611518;02/07/2024;terça-feira;15:40:00;PE;101;44,4;IGARASSU;Manobra de mudança de faixa;Colisão lateral mesmo sentido;Com Vítimas Feridas;Pleno dia;Crescente;Céu Claro;Múltipla;Reta;Sim;3;0;1;0;1;1;1;2;-7,85637001;-34,90842109;SPRF-PE;DEL01-PE;UOP02-DEL01-PE
611523;02/07/2024;terça-feira;16:15:00;RJ;116;186;NOVA IGUACU;Condutor deixou de manter distância do veículo da frente;Colisão traseira;Com Vítimas Feridas;Pleno dia;Crescente;Céu Claro;Dupla;Reta;Sim;2;0;1;0;1;0;1;2;-22,73962339;-43,46276495;SPRF-RJ;DEL06-RJ;UOP01-DEL06-RJ
611524;02/07/2024;terça-feira;14:20:00;CE;222;308;TIANGUA;Acessar a via sem observar a presença dos outros veículos;Queda de ocupante de veículo;Com Vítimas Feridas;Pleno dia;Decrescente;Céu Claro;Dupla;Reta;Sim;1;0;0;1;0;0;1;1;-3,68901102;-40,97669036;SPRF-CE;DEL04-CE;UOP02-DEL04-CE
611527;02/07/2024;terça-feira;16:00:00;PR;116;120,5;CURITIBA;Reação tardia ou ineficiente do condutor;Tombamento;Com Vítimas Feridas;Pleno dia;Crescente;Céu Claro;Dupla;"Reta;Declive";Sim;2;0;2;0;0;0;2;1;-25,58824;-49,314822;SPRF-PR;DEL01-PR;UOP03-DEL01-PR
611528;02/07/2024;terça-feira;16:40:00;SC;101;137;BALNEARIO CAMBORIU;Condutor deixou de manter distância do veículo da frente;Colisão traseira;Com Vítimas Feridas;Pleno dia;Decrescente;Céu Claro;Dupla;Reta;Sim;2;0;0;1;1;0;1;2;-27,0157238;-48,61192763;SPRF-SC;DEL04-SC;UOP03-DEL04-SC
611529;29/05/2024;quarta-feira;18:00:00;RJ;493;19;MAGE;Acessar a via sem observar a presença dos outros veículos;Atropelamento de Pedestre;Com Vítimas Feridas;Plena Noite;Decrescente;Céu Claro;Simples;Reta;Sim;2;0;1;0;1;0;1;2;-22,6663848;-43,02770248;SPRF-RJ;DEL04-RJ;UOP02-DEL04-RJ
611530;02/07/2024;terça-feira;12:45:00;RR;174;601,1;AMAJARI;Reação tardia ou ineficiente do condutor;Saída de leito carroçável;Com Vítimas Feridas;Pleno dia;Decrescente;Céu Claro;Simples;Reta;Não;23;0;18;5;0;0;23;1;3,611629;-60,963741;SPRF-RR;DEL01-RR;UOP01-DEL01-RR
611533;02/07/2024;terça-feira;17:00:00;RS;472;138,1;TRES DE MAIO;Demais falhas mecânicas ou elétricas;Colisão frontal;Com Vítimas Feridas;Pleno dia;Decrescente;Sol;Simples;Reta;Não;4;0;0;1;3;0;1;2;-27,77469646;-54,29451942;SPRF-RS;DEL10-RS;UOP01-DEL10-RS
611534;02/07/2024;terça-feira;17:30:00;SC;101;139;BALNEARIO CAMBORIU;Trafegar com motocicleta (ou similar) entre as faixas;Colisão traseira;Com Vítimas Feridas;Anoitecer;Decrescente;Céu Claro;Dupla;Reta;Sim;4;0;1;0;3;0;1;3;-27,02982303;-48,60115006;SPRF-SC;DEL04-SC;UOP03-DEL04-SC
611536;02/07/2024;terça-feira;17:30:00;PB;101;89;JOAO PESSOA;Ausência de reação do condutor;Colisão traseira;Com Vítimas Feridas;Anoitecer;Crescente;Chuva;Dupla;Reta;Sim;2;0;1;0;1;0;1;2;-7,1710694;-34,89765372;SPRF-PB;DEL01-PB;UOP02-DEL01-PB
611537;02/07/2024;terça-feira;17:00:00;PR;277;97;CURITIBA;Trafegar com motocicleta (ou similar) entre as faixas;Colisão lateral mesmo sentido;Com Vítimas Feridas;Anoitecer;Crescente;Céu Claro;Dupla;"Reta;Aclive";Sim;3;0;1;1;1;0;2;2;-25,4303307;-49,3410443;SPRF-PR;DEL01-PR;UOP06-DEL01-PR
611539;02/07/2024;terça-feira;14:00:00;MT;163;1030;PEIXOTO DE AZEVEDO;Desrespeitar a preferência no cruzamento;Colisão transversal;Com Vítimas Feridas;Pleno dia;Crescente;Céu Claro;Simples;Reta;Sim;2;0;1;0;1;0;1;2;-10,24160651;-54,98639533;SPRF-MT;DEL06-MT;UOP03-DEL06-MT
611540;02/07/2024;terça-feira;17:20:00;SP;488;2;APARECIDA;Ausência de reação do condutor;Colisão transversal;Com Vítimas Feridas;Anoitecer;Crescente;Céu Claro;Dupla;Reta;Sim;3;0;2;0;1;0;2;2;-22,849216;-45,236801;SPRF-SP;DEL08-SP;UOP01-DEL08-SP
611541;02/07/2024;terça-feira;17:30:00;RJ;116;179;NOVA IGUACU;Ausência de reação do condutor;Colisão traseira;Com Vítimas Feridas;Anoitecer;Crescente;Nublado;Múltipla;Reta;Não;2;0;0;1;1;0;1;2;-22,769902;-43,408036;SPRF-RJ;DEL06-RJ;UOP01-DEL06-RJ
611546;02/07/2024;terça-feira;17:30:00;PI;316;4;TERESINA;Condutor deixou de manter distância do veículo da frente;Colisão traseira;Com Vítimas Feridas;Anoitecer;Crescente;Céu Claro;Dupla;Reta;Sim;2;0;1;0;1;0;1;2;-5,13655894;-42,78900388;SPRF-PI;DEL01-PI;UOP02-DEL01-PI
611547;02/07/2024;terça-feira;17:50:00;SC;116;254,7;LAGES;Velocidade Incompatível;Colisão transversal;Com Vítimas Feridas;Anoitecer;Decrescente;Céu Claro;Simples;"Em Obras;Declive;Retorno Regulamentado;Reta";Não;2;0;1;0;1;0;1;2;-27,87075278;-50,39910804;SPRF-SC;DEL05-SC;UOP02-DEL05-SC
611548;02/07/2024;terça-feira;18:15:00;SC;101;214;PALHOCA;Trafegar com motocicleta (ou similar) entre as faixas;Colisão lateral mesmo sentido;Com Vítimas Feridas;Plena Noite;Crescente;Céu Claro;Múltipla;Reta;Sim;2;0;0;1;1;0;1;2;-27,64443;-48,67057;SPRF-SC;DEL01-SC;UOP02-DEL01-SC