id;data_inversa;dia_semana;horario;uf;br;km;municipio;causa_acidente;tipo_acidente;classificacao_acidente;fase_dia;sentido_via;condicao_metereologica;tipo_pista;tracado_via;uso_solo;pessoas;mortos;feridos_leves;feridos_graves;ilesos;ignorados;feridos;veiculos;latitude;longitude;regional;delegacia;uop
611844;03/07/2024;quarta-feira;18:15:00;PR;376;245;APUCARANA;Ausência de reação do condutor;Colisão traseira;Com Vítimas Feridas;Anoitecer;Crescente;Céu Claro;Dupla;Reta;Não;2;0;0;1;0;1;1;2;-23,60491501;-51,40907589;SPRF-PR;DEL07-PR;UOP03-DEL07-PR
611845;03/07/2024;quarta-feira;22:30:00;PR;153;334;IRATI;Acesso irregular;Colisão lateral sentido oposto;Com Vítimas Feridas;Plena Noite;Decrescente;Céu Claro;Simples;"Reta;Interseção de Vias";Sim;2;0;1;0;0;1;1;2;-25,48686728;-50,64327389;SPRF-PR;DEL08-PR;UOP02-DEL08-PR
611846;03/07/2024;quarta-feira;22:50:00;PB;230;151,9;CAMPINA GRANDE;Condutor deixou de manter distância do veículo da frente;Colisão traseira;Com Vítimas Feridas;Plena Noite;Crescente;Céu Claro;Simples;Reta;Não;3;0;1;1;1;0;2;2;-7,2587;-35,8778;SPRF-PB;DEL02-PB;UOP01-DEL02-PB
611847;03/07/2024;quarta-feira;23:10:00;ES;101;142,1;LINHARES;Curva acentuada;Colisão com objeto;Sem Vítimas;Plena Noite;Decrescente;Céu Claro;Múltipla;Reta;Sim;2;0;0;0;2;0;0;1;-19,33458987;-40,06755477;SPRF-ES;DEL04-ES;UOP01-DEL04-ES
611850;03/07/2024;quarta-feira;21:15:00;MT;70;281;PRIMAVERA DO LESTE;Acessar a via sem observar a presença dos outros veículos;Colisão lateral mesmo sentido;Sem Vítimas;Plena Noite;Decrescente;Céu Claro;Simples;Reta;Sim;3;0;0;0;3;0;0;2;-15,56702889;-54,30512706;SPRF-MT;DEL05-MT;UOP01-DEL05-MT
611851;03/07/2024;quarta-feira;21:50:00;SC;101;140,5;BALNEARIO CAMBORIU;Manobra de mudança de faixa;Colisão traseira;Com Vítimas Feridas;Plena Noite;Decrescente;Nublado;Dupla;Túnel;Sim;2;0;1;0;1;0;1;2;-27,03881189;-48,60025148;SPRF-SC;DEL04-SC;UOP03-DEL04-SC
611852;03/07/2024;quarta-feira;23:40:00;PE;101;46;IGARASSU;Entrada inopinada do pedestre;Atropelamento de Pedestre;Com Vítimas Feridas;Plena Noite;Decrescente;Céu Claro;Múltipla;Reta;Sim;2;0;2;0;0;0;2;1;-7,87406004;-34,90588126;SPRF-PE;DEL01-PE;UOP02-DEL01-PE
611854;03/07/2024;quarta-feira;22:50:00;MG;267;61;BICAS;Transitar na contramão;Colisão frontal;Sem Vítimas;Plena Noite;Decrescente;Céu Claro;Simples;Curva;Não;5;0;0;0;5;0;0;2;-21,72573003;-43,05888101;SPRF-MG;DEL05-MG;UOP01-DEL05-MG
611855;03/07/2024;quarta-feira;18:20:00;RO;364;457;ARIQUEMES;Ingestão de álcool pelo condutor;Queda de ocupante de veículo;Com Vítimas Feridas;Plena Noite;Crescente;Céu Claro;Simples;Curva;Não;1;0;1;0;0;0;1;1;-10,26246515;-62,70509219;SPRF-RO;DEL03-RO;UOP02-DEL03-RO
611856;04/07/2024;quinta-feira;01:15:00;PR;116;207,9;RIO NEGRO;Ingestão de álcool pelo condutor;Saída de leito carroçável;Sem Vítimas;Plena Noite;Decrescente;Céu Claro;Simples;"Declive;Reta";Sim;1;0;0;0;1;0;0;1;-26,06998593;-49,73493401;SPRF-SC;DEL06-SC;UOP01-DEL06-SC
611857;04/07/2024;quinta-feira;01:10:00;RS;386;364,5;FAZENDA VILANOVA;Ausência de reação do condutor;Colisão com objeto;Sem Vítimas;Plena Noite;Crescente;Ignorado;Dupla;Reta;Não;1;0;0;0;1;0;0;1;-29,565842;-51,874218;SPRF-RS;DEL04-RS;UOP01-DEL04-RS
611860;04/07/2024;quinta-feira;01:30:00;PI;343;184;PIRIPIRI;Ingestão de álcool pelo condutor;Colisão com objeto;Com Vítimas Feridas;Plena Noite;Crescente;Céu Claro;Simples;Rotatória;Sim;1;0;1;0;0;0;1;1;-4,272144;-41,761505;SPRF-PI;DEL02-PI;UOP01-DEL02-PI
611861;04/07/2024;quinta-feira;05:00:00;BA;135;225;SAO DESIDERIO;Demais falhas na via;Saída de leito carroçável;Com Vítimas Fatais;Amanhecer;Crescente;Céu Claro;Simples;Reta;Não;2;1;1;0;0;0;1;1;-12,38182872;-44,88438496;SPRF-BA;DEL08-BA;N/A
611862;04/07/2024;quinta-feira;04:45:00;MG;116;515,1;UBAPORANGA;Curva acentuada;Colisão com objeto;Com Vítimas Feridas;Plena Noite;Decrescente;Nublado;Simples;"Declive;Curva";Não;1;0;1;0;0;0;1;1;-19,68778501;-42,11758577;SPRF-MG;DEL06-MG;UOP02-DEL06-MG
611863;03/07/2024;quarta-feira;21:50:00;AC;364;111;RIO BRANCO;Reação tardia ou ineficiente do condutor;Saída de leito carroçável;Com Vítimas Feridas;Plena Noite;Decrescente;Céu Claro;Simples;"Reta;Declive";Não;4;0;3;1;0;0;4;1;-10,01385354;-67,67411099;SPRF-AC;DEL01-AC;UOP01-DEL01-AC
611865;04/07/2024;quinta-feira;04:30:00;PB;104;99,6;ESPERANCA;Ingestão de álcool pelo condutor;Colisão frontal;Com Vítimas Feridas;Plena Noite;Crescente;Chuva;Simples;"Aclive;Reta";Não;2;0;1;1;0;0;2;2;-7,04513085;-35,85718356;SPRF-PB;DEL02-PB;UOP04-DEL02-PB
611866;04/07/2024;quinta-feira;05:20:00;MG;50;19;ARAGUARI;Demais falhas mecânicas ou elétricas;Incêndio;Sem Vítimas;Amanhecer;Decrescente;Céu Claro;Dupla;"Declive;Reta";Não;1;0;0;0;1;0;0;1;-18,57876301;-48,06009904;SPRF-MG;DEL15-MG;UOP02-DEL15-MG
611867;04/07/2024;quinta-feira;00:30:00;SC;282;228;LAGES;Velocidade Incompatível;Saída de leito carroçável;Com Vítimas Feridas;Plena Noite;Crescente;Céu Claro;Simples;Curva;Não;2;0;2;0;0;0;2;1;-27,791557;-50,4077;SPRF-SC;DEL05-SC;UOP02-DEL05-SC
611868;04/07/2024;quinta-feira;06:55:00;SC;282;5;SAO JOSE;Trafegar com motocicleta (ou similar) entre as faixas;Colisão lateral mesmo sentido;Com Vítimas Feridas;Amanhecer;Decrescente;Nublado;Múltipla;Reta;Sim;2;0;0;1;1;0;1;2;-27,588425;-48,612919;SPRF-SC;DEL01-SC;UOP01-DEL01-SC
611869;04/07/2024;quinta-feira;07:15:00;SC;282;16,5;PALHOCA;Acessar a via sem observar a presença dos outros veículos;Colisão lateral mesmo sentido;Com Vítimas Feridas;Pleno dia;Decrescente;Nublado;Simples;Reta;Sim;2;0;1;0;1;0;1;2;-27,658611;-48,681847;SPRF-SC;DEL01-SC;UOP02-DEL01-SC
611870;04/07/2024;quinta-feira;06:50:00;MG;116;592,3;MANHUACU;Curva acentuada;Saída de leito carroçável;Com Vítimas Feridas;Amanhecer;Decrescente;Nevoeiro/Neblina;Simples;Curva;Não;4;0;3;0;1;0;3;1;-20,27018211;-42,14428578;SPRF-MG;DEL06-MG;UOP03-DEL06-MG
611874;04/07/2024;quinta-feira;07:00:00;PE;407;127;PETROLINA;Ultrapassagem Indevida;Colisão lateral mesmo sentido;Com Vítimas Feridas;Pleno dia;Crescente;Céu Claro;Simples;"Reta;Interseção de Vias";Sim;2;0;1;0;1;0;1;2;-9,39284268;-40,51447392;SPRF-PE;DEL06-PE;UOP01-DEL06-PE
611875;04/07/2024;quinta-feira;06:50:00;PB;230;13,6;CABEDELO;Manobra de mudança de faixa;Colisão lateral mesmo sentido;Com Vítimas Feridas;Pleno dia;Crescente;Céu Claro;Dupla;Reta;Sim;2;0;1;0;1;0;1;2;-7,07849179;-34,84927654;SPRF-PB;DEL01-PB;UOP01-DEL01-PB
611877;04/07/2024;quinta-feira;07:30:00;SE;101;93;NOSSA SENHORA DO SOCORRO;Acessar a via sem observar a presença dos outros veículos;Colisão transversal;Com Vítimas Feridas;Pleno dia;Crescente;Céu Claro;Dupla;Reta;Sim;2;0;1;0;0;1;1;2;-10,90212319;-37,14494787;SPRF-SE;DEL01-SE;UOP01-DEL01-SE
611878;04/07/2024;quinta-feira;06:35:00;PI;343;317,1;ALTOS;Acumulo de areia ou detritos sobre o pavimento;Tombamento;Com Vítimas Feridas;Pleno dia;Decrescente;Céu Claro;Simples;"Aclive;Reta";Não;1;0;1;0;0;0;1;1;-5,044959;-42,544502;SPRF-PI;DEL01-PI;UOP01-DEL01-PI
611879;04/07/2024;quinta-feira;07:40:00;MG;50;174;UBERABA;Ausência de reação do condutor;Tombamento;Com Vítimas Feridas;Pleno dia;Crescente;Céu Claro;Dupla;Curva;Sim;2;0;2;0;0;0;2;1;-19,770817;-47,973434;SPRF-MG;DEL13-MG;UOP01-DEL13-MG
611880;04/07/2024;quinta-feira;07:25:00;PE;423;56,2;LAJEDO;Retorno proibido;Colisão transversal;Com Vítimas Feridas;Pleno dia;Crescente;Céu Claro;Simples;"Aclive;Reta";Não;2;0;0;2;0;0;2;2;-8,62399689;-36,3013734;SPRF-PE;DEL03-PE;UOP01-DEL03-PE
611882;14/06/2024;sexta-feira;07:15:00;SC;101;279,9;IMBITUBA;Acessar a via sem observar a presença dos outros veículos;Colisão transversal;Com Vítimas Feridas;Pleno dia;Crescente;Céu Claro;Simples;Reta;Não;2;0;0;2;0;0;2;2;-28,17131302;-48,69463482;SPRF-SC;DEL02-SC;UOP03-DEL02-SC
611883;04/07/2024;quinta-feira;08:00:00;SP;116;282;EMBU DAS ARTES;Trafegar com motocicleta (ou similar) entre as faixas;Tombamento;Com Vítimas Feridas;Pleno dia;Crescente;Céu Claro;Dupla;Reta;Sim;1;0;1;0;0;0;1;1;-23,68570216;-46,85970975;SPRF-SP;DEL04-SP;UOP01-DEL04-SP
611885;04/07/2024;quinta-feira;06:00:00;SC;470;58;BLUMENAU;Acessar a via sem observar a presença dos outros veículos;Colisão transversal;Com Vítimas Feridas;Amanhecer;Decrescente;Céu Claro;Simples;"Reta;Em Obras";Não;3;0;3;0;0;0;3;2;-26,883879;-49,145622;SPRF-SC;DEL04-SC;UOP01-DEL04-SC
611888;04/07/2024;quinta-feira;07:56:00;PR;369;197,8;APUCARANA;Velocidade Incompatível;Tombamento;Com Vítimas Feridas;Pleno dia;Decrescente;Céu Claro;Dupla;Curva;Sim;1;0;1;0;0;0;1;1;-23,49642847;-51,42327905;SPRF-PR;DEL07-PR;UOP03-DEL07-PR
611890;04/07/2024;quinta-feira;07:30:00;ES;101;289,8;CARIACICA;Condutor deixou de manter distância do veículo da frente;Colisão lateral mesmo sentido;Com Vítimas Feridas;Pleno dia;Crescente;Céu Claro;Dupla;Reta;Sim;2;0;1;0;1;0;1;2;-20,28029304;-40,39302931;SPRF-ES;DEL01-ES;UOP01-DEL01-ES
611891;04/07/2024;quinta-feira;07:30:00;PR;272;367,8;CAMPO MOURAO;Desrespeitar a preferência no cruzamento;Colisão transversal;Com Vítimas Feridas;Pleno dia;Crescente;Sol;Dupla;Reta;Sim;3;0;1;1;1;0;2;2;-24,05285197;-52,40684509;SPRF-PR;DEL09-PR;UOP03-DEL09-PR
611893;03/07/2024;quarta-feira;23:40:00;RJ;101;137;MACAE;Ingestão de álcool pelo condutor;Tombamento;Com Vítimas Feridas;Plena Noite;Crescente;Céu Claro;Dupla;Reta;Não;1;0;1;0;0;0;1;1;-22,15452252;-41,73977437;SPRF-RJ;DEL08-RJ;UOP04-DEL08-RJ
611895;04/07/2024;quinta-feira;08:20:00;RN;110;43;MOSSORO;Acessar a via sem observar a presença dos outros veículos;Colisão transversal;Sem Vítimas;Pleno dia;Decrescente;Céu Claro;Simples;Reta;Sim;2;0;0;0;1;1;0;2;-5,18223639;-37,29640087;SPRF-RN;DEL04-RN;UOP01-DEL04-RN
611896;28/06/2024;sexta-feira;18:20:00;PR;277;113;CAMPO LARGO;Reação tardia ou ineficiente do condutor;Colisão traseira;Com Vítimas Feridas;Plena Noite;Decrescente;Céu Claro;Dupla;Reta;Sim;2;0;1;0;1;0;1;2;-25,42970087;-49,37850986;SPRF-PR;DEL03-PR;UOP03-DEL03-PR
611898;04/07/2024;quinta-feira;07:30:00;MG;40;712,5;BARBACENA;Transitar na contramão;Colisão transversal;Com Vítimas Feridas;Pleno dia;Decrescente;Céu Claro;Dupla;Retorno Regulamentado;Não;3;0;3;0;0;0;3;3;-21,24037628;-43,69741912;SPRF-MG;DEL05-MG;UOP02-DEL05-MG
611899;10/06/2024;segunda-feira;08:30:00;PE;232;48,3;VITORIA DE SANTO ANTAO;Ausência de reação do condutor;Saída de leito carroçável;Com Vítimas Feridas;Pleno dia;Decrescente;Nublado;Dupla;Curva;Não;1;0;1;0;0;0;1;1;-8,14353;-35,309248;SPRF-PE;DEL01-PE;UOP01-DEL01-PE
611900;04/07/2024;quinta-feira;09:15:00;SP;116;225;GUARULHOS;Reação tardia ou ineficiente do condutor;Colisão lateral mesmo sentido;Com Vítimas Feridas;Pleno dia;Crescente;Céu Claro;Múltipla;"Aclive;Reta";Sim;2;0;1;0;1;0;1;2;-23,48586772;-46,54075317;SPRF-SP;DEL01-SP;UOP01-DEL01-SP
611902;16/06/2024;domingo;19:25:00;SC;470;140;RIO DO SUL;Acesso irregular;Colisão lateral mesmo sentido;Com Vítimas Feridas;Plena Noite;Decrescente;Céu Claro;Simples;Reta;Sim;2;0;1;0;1;0;1;2;-27,20474953;-49,64013945;SPRF-SC;DEL04-SC;UOP02-DEL04-SC
611904;04/07/2024;quinta-feira;07:33:00;MS;262;291;CAMPO GRANDE;Problema na suspensão;Saída de leito carroçável;Com Vítimas Feridas;Pleno dia;Crescente;Céu Claro;Simples;Reta;Não;1;0;1;0;0;0;1;1;-20,49568057;-54,21230208;SPRF-MS;DEL01-MS;UOP05-DEL01-MS
611905;04/07/2024;quinta-feira;09:10:00;RS;116;243,7;SAO LEOPOLDO;Demais falhas na via;Tombamento;Com Vítimas Feridas;Pleno dia;Decrescente;Nublado;Dupla;Reta;Não;2;0;1;1;0;0;2;1;-29,73196199;-51,14952004;SPRF-RS;DEL01-RS;UOP02-DEL01-RS
611906;30/06/2024;domingo;22:45:00;RS;285;195;LAGOA VERMELHA;Transitar na contramão;Colisão frontal;Com Vítimas Fatais;Plena Noite;Crescente;Céu Claro;Simples;Reta;Sim;6;2;2;2;0;0;4;2;-28,234371;-51,50174;SPRF-RS;DEL08-RS;UOP05-DEL08-RS
611907;04/07/2024;quinta-feira;10:07:00;SP;116;226;GUARULHOS;Reação tardia ou ineficiente do condutor;Queda de ocupante de veículo;Com Vítimas Feridas;Pleno dia;Decrescente;Nublado;Dupla;Reta;Sim;1;0;1;0;0;0;1;1;-23,49102507;-46,54878195;SPRF-SP;DEL01-SP;UOP01-DEL01-SP
611908;30/06/2024;domingo;12:20:00;RS;116;223;DOIS IRMAOS;Reação tardia ou ineficiente do condutor;Saída de leito carroçável;Com Vítimas Feridas;Pleno dia;Decrescente;Sol;Simples;Curva;Sim;1;0;1;0;0;0;1;1;-29,58819363;-51,09919678;SPRF-RS;DEL01-RS;UOP02-DEL01-RS
611913;04/07/2024;quinta-feira;05:24:00;MT;163;1033;PEIXOTO DE AZEVEDO;Ausência de reação do condutor;Atropelamento de Pedestre;Com Vítimas Feridas;Amanhecer;Crescente;Céu Claro;Simples;Reta;Não;2;0;0;1;0;1;1;2;-10,33413892;-55,03922841;SPRF-MT;DEL06-MT;UOP03-DEL06-MT
611914;04/07/2024;quinta-feira;09:39:00;RN;101;176,1;BAIA FORMOSA;Velocidade Incompatível;Saída de leito carroçável;Com Vítimas Feridas;Pleno dia;Decrescente;Nublado;Dupla;Reta;Não;1;0;1;0;0;0;1;1;-6,493107;-35,11303402;SPRF-RN;DEL01-RN;UOP01-DEL01-RN
611915;04/07/2024;quinta-feira;10:00:00;SC;101;211,7;PALHOCA;Acumulo de areia ou detritos sobre o pavimento;Queda de ocupante de veículo;Com Vítimas Feridas;Pleno dia;Decrescente;Céu Claro;Múltipla;Interseção de Vias;Sim;1;0;1;0;0;0;1;1;-27,62329313;-48,65245588;SPRF-SC;DEL01-SC;UOP02-DEL01-SC
611916;04/07/2024;quinta-feira;10:00:00;BA;324;513;FEIRA DE SANTANA;Trafegar com motocicleta (ou similar) entre as faixas;Colisão transversal;Com Vítimas Feridas;Pleno dia;Crescente;Chuva;Simples;Reta;Sim;2;0;1;0;1;0;1;2;-12,23098007;-38,96101401;SPRF-BA;DEL02-BA;UOP01-DEL02-BA
611917;04/07/2024;quinta-feira;10:15:00;MG;50;68,8;UBERLANDIA;Reação tardia ou ineficiente do condutor;Colisão traseira;Com Vítimas Feridas;Pleno dia;Decrescente;Sol;Múltipla;Reta;Sim;2;0;1;0;1;0;1;2;-18,88654687;-48,26254051;SPRF-MG;DEL15-MG;UOP02-DEL15-MG
611920;22/06/2024;sábado;22:00:00;AM;319;32;CAREIRO;Reação tardia ou ineficiente do condutor;Colisão traseira;Com Vítimas Fatais;Plena Noite;Decrescente;Céu Claro;Simples;Reta;Não;3;1;0;1;1;0;1;2;-3,34264701;-59,87843976;SPRF-AM;DEL01-AM;UOP04-DEL01-AM
611921;03/06/2024;segunda-feira;05:15:00;MG;262;371;JUATUBA;Ausência de reação do condutor;Colisão traseira;Com Vítimas Feridas;Amanhecer;Decrescente;Céu Claro;Dupla;Retorno Regulamentado;Não;2;0;1;0;1;0;1;2;-19,97212126;-44,30817896;SPRF-MG;DEL01-MG;UOP03-DEL01-MG
611922;04/07/2024;quinta-feira;09:25:00;RJ;40;109;DUQUE DE CAXIAS;Manobra de mudança de faixa;Colisão lateral mesmo sentido;Sem Vítimas;Pleno dia;Decrescente;Céu Claro;Múltipla;Reta;Sim;2;0;0;0;2;0;0;2;-22,67374628;-43,28638368;SPRF-RJ;DEL01-RJ;UOP02-DEL01-RJ
611923;04/07/2024;quinta-feira;10:05:00;SC;480;128;CHAPECO;Reação tardia ou ineficiente do condutor;Colisão com objeto;Com Vítimas Feridas;Pleno dia;Decrescente;Céu Claro;Dupla;"Declive;Reta";Sim;2;0;1;0;0;1;1;2;-27,03781899;-52,63432603;SPRF-SC;DEL07-SC;UOP01-DEL07-SC
611924;04/07/2024;quinta-feira;09:00:00;MS;463;1;DOURADOS;Acessar a via sem observar a presença dos outros veículos;Colisão transversal;Com Vítimas Feridas;Pleno dia;Crescente;Céu Claro;Simples;Interseção de Vias;Sim;2;0;1;0;1;0;1;2;-22,25914285;-54,81787205;SPRF-MS;DEL04-MS;UOP01-DEL04-MS
611928;04/07/2024;quinta-feira;10:30:00;PB;230;75,4;SOBRADO;Velocidade Incompatível;Colisão traseira;Com Vítimas Feridas;Pleno dia;Crescente;Céu Claro;Dupla;Reta;Não;4;0;2;0;1;1;2;3;-7,1908;-35,2682;SPRF-PB;DEL01-PB;UOP03-DEL01-PB
611929;04/07/2024;quinta-feira;09:00:00;RJ;101;58;CAMPOS DOS GOYTACAZES;Acessar a via sem observar a presença dos outros veículos;Colisão transversal;Com Vítimas Feridas;Pleno dia;Decrescente;Céu Claro;Simples;Reta;Não;3;0;1;0;2;0;1;2;-21,70212331;-41,31003141;SPRF-RJ;DEL08-RJ;UOP01-DEL08-RJ
611930;04/07/2024;quinta-feira;08:50:00;MS;163;673;RIO VERDE DE MATO GROSSO;Ausência de reação do condutor;Colisão lateral mesmo sentido;Com Vítimas Feridas;Pleno dia;Decrescente;Céu Claro;Simples;"Aclive;Curva";Não;2;0;0;1;1;0;1;2;-18,98291091;-54,82611417;SPRF-MS;DEL06-MS;UOP02-DEL06-MS
611931;04/07/2024;quinta-feira;07:40:00;PR;277;586,4;CASCAVEL;Acessar a via sem observar a presença dos outros veículos;Colisão transversal;Com Vítimas Feridas;Pleno dia;Crescente;Céu Claro;Simples;Rotatória;Sim;3;0;1;0;2;0;1;2;-24,96680934;-53,42450352;SPRF-PR;DEL04-PR;UOP01-DEL04-PR
611935;04/07/2024;quinta-feira;10:35:00;RN;101;175;BAIA FORMOSA;Velocidade Incompatível;Atropelamento de Pedestre;Com Vítimas Feridas;Pleno dia;Decrescente;Nublado;Dupla;"Aclive;Curva";Não;3;0;0;1;1;1;1;2;-6,493107;-35,11303402;SPRF-RN;DEL01-RN;UOP01-DEL01-RN
611939;04/07/2024;quinta-feira;11:46:00;GO;40;8;LUZIANIA;Ausência de reação do condutor;Atropelamento de Pedestre;Com Vítimas Feridas;Pleno dia;Crescente;Céu Claro;Dupla;Reta;Sim;2;0;1;0;1;0;1;2;-16,116158;-47,96761;SPRF-DF;DEL01-DF;UOP01-DEL01-DF
611940;04/07/2024;quinta-feira;07:30:00;PR;153;0,7;JACAREZINHO;Acumulo de óleo sobre o pavimento;Tombamento;Com Vítimas Feridas;Pleno dia;Crescente;Céu Claro;Dupla;Curva;Não;2;0;1;0;1;0;1;1;-23,00172256;-49,9070102;SPRF-PR;DEL07-PR;UOP04-DEL07-PR
611941;04/07/2024;quinta-feira;11:20:00;SP;116;284;ITAPECERICA DA SERRA;Reação tardia ou ineficiente do condutor;Colisão traseira;Com Vítimas Feridas;Pleno dia;Crescente;Céu Claro;Dupla;Reta;Sim;2;0;1;0;1;0;1;2;-23,69998;-46,867767;SPRF-SP;DEL04-SP;UOP01-DEL04-SP
611942;04/07/2024;quinta-feira;10:35:00;MA;135;33;BACABEIRA;Reação tardia ou ineficiente do condutor;Saída de leito carroçável;Com Vítimas Feridas;Pleno dia;Decrescente;Céu Claro;Dupla;Reta;Não;4;0;3;1;0;0;4;1;-2,840086;-44,37459507;SPRF-MA;DEL01-MA;UOP01-DEL01-MA
611944;04/07/2024;quinta-feira;07:05:00;SC;101;42,1;JOINVILLE;Reação tardia ou ineficiente do condutor;Colisão traseira;Com Vítimas Feridas;Pleno dia;Decrescente;Céu Claro;Dupla;Reta;Não;5;0;1;0;4;0;1;4;-26,29251598;-48,88474385;SPRF-SC;DEL03-SC;UOP01-DEL03-SC
611945;04/07/2024;quinta-feira;12:00:00;MG;50;69;UBERLANDIA;Ausência de reação do condutor;Tombamento;Com Vítimas Feridas;Pleno dia;Decrescente;Céu Claro;Dupla;Viaduto;Sim;2;0;2;0;0;0;2;1;-18,8837418;-48,26539636;SPRF-MG;DEL15-MG;UOP01-DEL15-MG
611946;04/07/2024;quinta-feira;11:30:00;RJ;101;173,9;MACAE;Demais falhas mecânicas ou elétricas;Incêndio;Sem Vítimas;Pleno dia;Crescente;Céu Claro;Simples;Reta;Não;1;0;0;0;1;0;0;1;-22,3749;-41,9594;SPRF-RJ;DEL08-RJ;UOP04-DEL08-RJ
611949;02/07/2024;terça-feira;20:30:00;SC;480;130;CHAPECO;Reação tardia ou ineficiente do condutor;Saída de leito carroçável;Sem Vítimas;Plena Noite;Decrescente;Céu Claro;Dupla;Reta;Sim;1;0;0;0;0;1;0;1;-27,05534298;-52,63652069;SPRF-SC;DEL07-SC;UOP01-DEL07-SC
611950;04/07/2024;quinta-feira;13:00:00;MG;459;99;POUSO ALEGRE;Acessar a via sem observar a presença dos outros veículos;Colisão transversal;Com Vítimas Feridas;Pleno dia;Crescente;Céu Claro;Simples;"Reta;Interseção de Vias";Não;4;0;2;0;2;0;2;2;-22,203484;-45,951649;SPRF-MG;DEL09-MG;UOP01-DEL09-MG
611951;21/05/2024;terça-feira;09:20:00;SP;116;213;GUARULHOS;Reação tardia ou ineficiente do condutor;Colisão lateral mesmo sentido;Com Vítimas Feridas;Pleno dia;Crescente;Nublado;Dupla;Reta;Sim;3;0;2;0;1;0;2;2;-23,43971486;-46,43667806;SPRF-SP;DEL01-SP;UOP01-DEL01-SP
611955;20/05/2024;segunda-feira;07:05:00;MG;116;528;CARATINGA;Acessar a via sem observar a presença dos outros veículos;Colisão transversal;Com Vítimas Feridas;Pleno dia;Crescente;Céu Claro;Simples;Interseção de Vias;Sim;2;0;1;1;0;0;2;2;-19,794033;-42,13731414;SPRF-MG;DEL06-MG;UOP02-DEL06-MG
611958;04/07/2024;quinta-feira;08:00:00;MA;10;249;IMPERATRIZ;Condutor deixou de manter distância do veículo da frente;Colisão lateral mesmo sentido;Com Vítimas Feridas;Pleno dia;Crescente;Céu Claro;Múltipla;Reta;Sim;3;0;1;1;1;0;2;3;-5,558508;-47,45417;SPRF-MA;DEL04-MA;UOP01-DEL04-MA
611959;17/06/2024;segunda-feira;21:10:00;GO;364;121;APARECIDA DO RIO DOCE;Animais na Pista;Atropelamento de Animal;Sem Vítimas;Plena Noite;Decrescente;Céu Claro;Simples;Reta;Não;2;0;0;0;2;0;0;1;-18,275797;-51,204304;SPRF-GO;DEL05-GO;UOP02-DEL05-GO
611960;04/07/2024;quinta-feira;13:00:00;MT;364;202;RONDONOPOLIS;Condutor deixou de manter distância do veículo da frente;Colisão traseira;Com Vítimas Feridas;Pleno dia;Crescente;Céu Claro;Dupla;"Reta;Ponte";Sim;2;0;1;0;1;0;1;2;-16,479899;-54,651376;SPRF-MT;DEL02-MT;UOP01-DEL02-MT
611961;10/06/2024;segunda-feira;13:45:00;BA;101;422;IBIRAPITANGA;Pista Escorregadia;Colisão traseira;Com Vítimas Feridas;Pleno dia;Decrescente;Ignorado;Simples;Curva;Não;3;0;3;0;0;0;3;1;-14,1389451;-39,3513872;SPRF-BA;DEL05-BA;UOP03-DEL05-BA
611962;04/07/2024;quinta-feira;12:30:00;RJ;495;31;PETROPOLIS;Retorno proibido;Colisão lateral sentido oposto;Com Vítimas Feridas;Pleno dia;Decrescente;Céu Claro;Simples;Curva;Não;2;0;0;1;1;0;1;2;-22,381374;-43,132;SPRF-RJ;DEL05-RJ;UOP02-DEL05-RJ
611963;04/07/2024;quinta-feira;12:55:00;RS;287;400,9;SANTIAGO;Acessar a via sem observar a presença dos outros veículos;Colisão transversal;Com Vítimas Feridas;Pleno dia;Crescente;Nublado;Simples;Rotatória;Sim;3;0;2;0;1;0;2;2;-29,16448781;-54,87636383;SPRF-RS;DEL12-RS;UOP02-DEL12-RS
611964;04/07/2024;quinta-feira;15:15:00;MG;365;153;PIRAPORA;Reação tardia ou ineficiente do condutor;Colisão com objeto;Com Vítimas Fatais;Pleno dia;Crescente;Céu Claro;Simples;Reta;Não;2;1;1;0;0;0;1;1;-17,306223;-44,89450302;SPRF-MG;DEL10-MG;UOP02-DEL010-MG
611966;04/07/2024;quinta-feira;13:00:00;RJ;495;16;PETROPOLIS;Velocidade Incompatível;Tombamento;Com Vítimas Feridas;Pleno dia;Crescente;Céu Claro;Simples;"Curva;Declive";Não;1;0;0;1;0;0;1;1;-22,41884409;-43,05147171;SPRF-RJ;DEL05-RJ;UOP02-DEL05-RJ
611967;04/07/2024;quinta-feira;15:30:00;SP;116;179;SANTA ISABEL;Ausência de reação do condutor;Queda de ocupante de veículo;Com Vítimas Feridas;Pleno dia;Decrescente;Céu Claro;Múltipla;Reta;Sim;1;0;1;0;0;0;1;1;-23,33202124;-46,13661688;SPRF-SP;DEL01-SP;UOP01-DEL01-SP
611968;24/06/2024;segunda-feira;12:00:00;AL;316;239;ATALAIA;Pedestre cruzava a pista fora da faixa;Queda de ocupante de veículo;Com Vítimas Feridas;Pleno dia;Crescente;Chuva;Simples;Reta;Não;1;0;0;1;0;0;1;1;-9,50625459;-36,04053891;SPRF-AL;DEL01-AL;UOP01-DEL01-AL
611969;04/07/2024;quinta-feira;14:40:00;MG;381;7;BETIM;Manobra de mudança de faixa;Colisão lateral mesmo sentido;Com Vítimas Feridas;Pleno dia;Crescente;Céu Claro;Dupla;Reta;Não;2;0;2;0;0;0;2;2;-19,96825;-44,198708;SPRF-MG;DEL01-MG;UOP03-DEL01-MG