id;data_inversa;dia_semana;horario;uf;br;km;municipio;causa_acidente;tipo_acidente;classificacao_acidente;fase_dia;sentido_via;condicao_metereologica;tipo_pista;tracado_via;uso_solo;pessoas;mortos;feridos_leves;feridos_graves;ilesos;ignorados;feridos;veiculos;latitude;longitude;regional;delegacia;uop
611970;04/07/2024;quinta-feira;15:10:00;MG;153;7;ARAPORA;Condutor Dormindo;Saída de leito carroçável;Com Vítimas Feridas;Pleno dia;Decrescente;Céu Claro;Dupla;Reta;Não;1;0;1;0;0;0;1;1;-18,478658;-49,188442;SPRF-MG;DEL15-MG;UOP03-DEL15-MG
611972;04/07/2024;quinta-feira;12:40:00;MS;163;377,8;NOVA ALVORADA DO SUL;Demais falhas mecânicas ou elétricas;Incêndio;Sem Vítimas;Pleno dia;Crescente;Céu Claro;Simples;Reta;Não;9;0;0;0;9;0;0;1;-21,36701296;-54,41465578;SPRF-MS;DEL02-MS;UOP01-DEL02-MS
611975;17/06/2024;segunda-feira;18:50:00;RJ;101;487;ANGRA DOS REIS;Entrada inopinada do pedestre;Atropelamento de Pedestre;Com Vítimas Feridas;Plena Noite;Decrescente;Céu Claro;Dupla;Reta;Sim;4;0;0;1;3;0;1;2;-22,96828891;-44,29864663;SPRF-RJ;DEL03-RJ;UOP03-DEL03-RJ
611976;04/07/2024;quinta-feira;12:40:00;BA;242;335;LENCOIS;Curva acentuada;Capotamento;Com Vítimas Feridas;Pleno dia;Crescente;Céu Claro;Simples;Curva;Não;4;0;3;0;1;0;3;1;-12,49860439;-41,19388207;SPRF-BA;DEL06-BA;UOP01-DEL06-BA
611978;04/07/2024;quinta-feira;14:05:00;BA;242;414;SEABRA;Acessar a via sem observar a presença dos outros veículos;Colisão transversal;Com Vítimas Feridas;Pleno dia;Crescente;Céu Claro;Simples;Reta;Sim;2;0;1;1;0;0;2;2;-12,427427;-41,77020288;SPRF-BA;DEL06-BA;UOP01-DEL06-BA
611980;04/07/2024;quinta-feira;15:50:00;PI;343;330,3;TERESINA;Ausência de reação do condutor;Colisão lateral mesmo sentido;Com Vítimas Feridas;Pleno dia;Crescente;Céu Claro;Simples;"Reta;Interseção de Vias";Sim;2;0;0;1;1;0;1;2;-5,061753;-42,649815;SPRF-PI;DEL01-PI;UOP01-DEL01-PI
611983;04/07/2024;quinta-feira;16:00:00;SC;101;203;SAO JOSE;Reação tardia ou ineficiente do condutor;Colisão traseira;Com Vítimas Feridas;Anoitecer;Decrescente;Nublado;Dupla;"Reta;Rotatória";Sim;2;0;1;0;1;0;1;2;-27,5650044;-48,61460082;SPRF-SC;DEL01-SC;UOP01-DEL01-SC
611984;30/06/2024;domingo;01:20:00;PE;407;129;PETROLINA;Participar de racha;Colisão lateral mesmo sentido;Com Vítimas Feridas;Plena Noite;Decrescente;Céu Claro;Dupla;"Reta;Ponte";Sim;3;0;3;0;0;0;3;2;-9,39958299;-40,50459298;SPRF-PE;DEL06-PE;UOP01-DEL06-PE
611985;04/07/2024;quinta-feira;15:20:00;SC;101;278,6;IMBITUBA;Manobra de mudança de faixa;Tombamento;Sem Vítimas;Pleno dia;Crescente;Céu Claro;Múltipla;Viaduto;Sim;2;0;0;0;2;0;0;2;-28,16300604;-48,6939345;SPRF-SC;DEL02-SC;UOP03-DEL02-SC
611987;04/07/2024;quinta-feira;16:30:00;BA;110;369;CATU;Condutor desrespeitou a iluminação vermelha do semáforo;Colisão transversal;Sem Vítimas;Anoitecer;Crescente;Sol;Simples;Reta;Sim;2;0;0;0;2;0;0;2;-12,40807355;-38,4135452;SPRF-BA;DEL01-BA;UOP04-DEL01-BA
611988;04/07/2024;quinta-feira;15:55:00;RJ;116;110;GUAPIMIRIM;Transitar na contramão;Colisão frontal;Com Vítimas Feridas;Pleno dia;Crescente;Céu Claro;Simples;Reta;Não;2;0;0;1;1;0;1;2;-22,55073275;-42,98968744;SPRF-RJ;DEL04-RJ;UOP02-DEL04-RJ
611989;04/07/2024;quinta-feira;16:50:00;SP;101;47;UBATUBA;Acessar a via sem observar a presença dos outros veículos;Colisão transversal;Com Vítimas Feridas;Pleno dia;Crescente;Céu Claro;Dupla;Reta;Sim;2;0;1;0;1;0;1;2;-23,429897;-45,082436;SPRF-SP;DEL06-SP;UOP01-DEL06-SP
611991;04/07/2024;quinta-feira;17:00:00;PB;230;143;CAMPINA GRANDE;Manobra de mudança de faixa;Colisão lateral mesmo sentido;Com Vítimas Feridas;Pleno dia;Decrescente;Céu Claro;Dupla;Reta;Não;3;0;2;0;1;0;2;2;-7,2557;-35,8223;SPRF-PB;DEL02-PB;UOP01-DEL02-PB
611992;04/07/2024;quinta-feira;16:40:00;MG;262;176;SAO DOMINGOS DO PRATA;Demais falhas na via;Saída de leito carroçável;Com Vítimas Feridas;Pleno dia;Decrescente;Céu Claro;Simples;Reta;Não;1;0;0;1;0;0;1;1;-19,9308266;-42,9636919;SPRF-MG;DEL03-MG;UOP01-DEL03-MG
611993;04/07/2024;quinta-feira;15:30:00;MG;40;641,3;CONSELHEIRO LAFAIETE;Avarias e/ou desgaste excessivo no pneu;Tombamento;Com Vítimas Feridas;Pleno dia;Crescente;Sol;Simples;Curva;Não;2;0;2;0;0;0;2;1;-20,755541;-43,805141;SPRF-MG;DEL05-MG;UOP02-DEL05-MG
611994;04/07/2024;quinta-feira;16:25:00;RN;101;166;CANGUARETAMA;Demais falhas na via;Capotamento;Com Vítimas Feridas;Pleno dia;Crescente;Céu Claro;Dupla;Reta;Não;1;0;1;0;0;0;1;1;-6,41690408;-35,12638614;SPRF-RN;DEL01-RN;UOP01-DEL01-RN
611995;04/07/2024;quinta-feira;17:00:00;SC;101;112;ITAJAI;Ausência de reação do condutor;Colisão lateral mesmo sentido;Com Vítimas Feridas;Pleno dia;Decrescente;Nublado;Dupla;Reta;Não;2;0;0;1;0;1;1;2;-26,84589005;-48,72131295;SPRF-SC;DEL04-SC;UOP04-DEL04-SC
611996;04/07/2024;quinta-feira;16:55:00;PR;116;115;CURITIBA;Condutor deixou de manter distância do veículo da frente;Saída de leito carroçável;Com Vítimas Feridas;Pleno dia;Crescente;Céu Claro;Múltipla;Curva;Sim;3;0;1;0;2;0;1;3;-25,54441348;-49,30450266;SPRF-PR;DEL01-PR;UOP07-DEL01-PR
611997;04/07/2024;quinta-feira;14:00:00;SC;282;100,3;ALFREDO WAGNER;Ausência de reação do condutor;Colisão lateral sentido oposto;Com Vítimas Feridas;Pleno dia;Crescente;Céu Claro;Simples;Curva;Não;2;0;1;0;1;0;1;2;-27,698915;-49,297039;SPRF-SC;DEL01-SC;UOP03-DEL01-SC
611999;04/07/2024;quinta-feira;16:15:00;RO;319;58;PORTO VELHO;Acessar a via sem observar a presença dos outros veículos;Colisão lateral mesmo sentido;Com Vítimas Feridas;Pleno dia;Decrescente;Céu Claro;Dupla;Reta;Sim;2;0;1;0;1;0;1;2;-8,739714;-63,93214024;SPRF-RO;DEL01-RO;UOP01-DEL01-RO
612000;19/04/2024;sexta-feira;07:30:00;PR;476;100;BOCAIUVA DO SUL;Acessar a via sem observar a presença dos outros veículos;Colisão transversal;Com Vítimas Feridas;Pleno dia;Crescente;Nublado;Simples;"Curva;Retorno Regulamentado";Não;2;0;0;1;0;1;1;2;-25,249336;-49,139526;SPRF-PR;DEL01-PR;UOP01-DEL01-PR
612001;25/05/2024;sábado;02:00:00;RJ;116;199;QUEIMADOS;Acumulo de água sobre o pavimento;Queda de ocupante de veículo;Com Vítimas Feridas;Plena Noite;Decrescente;Chuva;Simples;Reta;Não;2;0;2;0;0;0;2;1;-22,72898648;-43,58452101;SPRF-RJ;DEL06-RJ;UOP02-DEL06-RJ
612002;04/07/2024;quinta-feira;17:30:00;RN;101;72;EXTREMOZ;Acessar a via sem observar a presença dos outros veículos;Colisão frontal;Com Vítimas Feridas;Anoitecer;Decrescente;Céu Claro;Simples;"Reta;Interseção de Vias";Não;3;0;0;1;2;0;1;3;-5,69866248;-35,26316835;SPRF-RN;DEL02-RN;UOP01-DEL02-RN
612003;06/06/2024;quinta-feira;17:30:00;BA;101;265;SANTO ANTONIO DE JESUS;Reação tardia ou ineficiente do condutor;Queda de ocupante de veículo;Com Vítimas Feridas;Anoitecer;Decrescente;Céu Claro;Simples;Reta;Não;2;0;2;0;0;0;2;1;-13,10710514;-39,28471362;SPRF-BA;DEL01-BA;UOP02-DEL01-BA
612004;04/07/2024;quinta-feira;16:00:00;RJ;116;203;QUEIMADOS;Avarias e/ou desgaste excessivo no pneu;Tombamento;Com Vítimas Feridas;Pleno dia;Crescente;Céu Claro;Dupla;Reta;Não;2;0;1;0;1;0;1;1;-22,73096751;-43,62245615;SPRF-RJ;DEL06-RJ;UOP02-DEL06-RJ
612006;04/07/2024;quinta-feira;18:30:00;RJ;101;64;CAMPOS DOS GOYTACAZES;Velocidade Incompatível;Colisão lateral sentido oposto;Com Vítimas Feridas;Plena Noite;Crescente;Céu Claro;Simples;Curva;Sim;3;0;2;1;0;0;3;3;-21,74908605;-41,33632461;SPRF-RJ;DEL08-RJ;UOP02-DEL08-RJ
612007;04/07/2024;quinta-feira;17:40:00;PR;376;601,5;CURITIBA;Ausência de reação do condutor;Colisão traseira;Com Vítimas Feridas;Anoitecer;Crescente;Céu Claro;Dupla;Reta;Não;2;0;0;1;1;0;1;2;-25,54122467;-49,31074553;SPRF-PR;DEL01-PR;UOP06-DEL01-PR
612009;04/07/2024;quinta-feira;17:02:00;PR;376;0,5;SAO JOSE DOS PINHAIS;Área urbana sem a presença de local apropriado para a travessia de pedestres;Atropelamento de Pedestre;Com Vítimas Fatais;Anoitecer;Decrescente;Céu Claro;Dupla;Reta;Sim;3;1;0;1;1;0;1;2;-25,5307;-49,1958;SPRF-PR;DEL01-PR;UOP04-DEL01-PR
612010;04/07/2024;quinta-feira;17:40:00;MG;116;275,7;TEOFILO OTONI;Ultrapassagem Indevida;Colisão traseira;Com Vítimas Feridas;Plena Noite;Decrescente;Nublado;Simples;Reta;Sim;3;0;1;1;0;1;2;2;-17,84235093;-41,51410418;SPRF-MG;DEL11-MG;UOP01-DEL11-MG
612011;04/07/2024;quinta-feira;17:20:00;AL;316;258;PILAR;Acessar a via sem observar a presença dos outros veículos;Colisão transversal;Com Vítimas Feridas;Anoitecer;Decrescente;Céu Claro;Simples;Reta;Não;2;0;1;0;1;0;1;2;-9,59138313;-35,923087;SPRF-AL;DEL02-AL;UOP01-DEL02-AL
612013;04/07/2024;quinta-feira;17:55:00;SP;153;90;JACI;Demais falhas mecânicas ou elétricas;Incêndio;Sem Vítimas;Anoitecer;Crescente;Céu Claro;Simples;Reta;Não;1;0;0;0;1;0;0;1;-20,95840029;-49,55965384;SPRF-SP;DEL09-SP;UOP01-DEL09-SP
612014;04/07/2024;quinta-feira;17:10:00;DF;20;5,6;BRASILIA;Ausência de reação do condutor;Engavetamento;Com Vítimas Feridas;Anoitecer;Crescente;Céu Claro;Dupla;Declive;Sim;4;0;1;0;3;0;1;3;-15,670546;-47,816044;SPRF-DF;DEL02-DF;UOP01-DEL02-DF
612015;04/07/2024;quinta-feira;19:00:00;MG;40;522;CONTAGEM;Demais falhas mecânicas ou elétricas;Queda de ocupante de veículo;Com Vítimas Feridas;Plena Noite;Decrescente;Céu Claro;Dupla;Reta;Não;2;0;2;0;0;0;2;1;-19,8638731;-44,06749809;SPRF-MG;DEL01-MG;UOP02-DEL01-MG
612017;04/07/2024;quinta-feira;18:54:00;GO;40;15;LUZIANIA;Condutor deixou de manter distância do veículo da frente;Colisão traseira;Com Vítimas Feridas;Plena Noite;Crescente;Céu Claro;Dupla;Reta;Sim;3;0;1;0;2;0;1;2;-16,1671;-47,930161;SPRF-DF;DEL01-DF;UOP01-DEL01-DF
612018;04/07/2024;quinta-feira;16:15:00;AM;230;610,8;HUMAITA;Ausência de reação do condutor;Queda de ocupante de veículo;Com Vítimas Feridas;Pleno dia;Crescente;Céu Claro;Dupla;Reta;Sim;1;0;0;1;0;0;1;1;-7,501325;-63,02837;SPRF-AM;DEL01-AM;UOP05-DEL01-AM
612019;04/07/2024;quinta-feira;18:50:00;CE;116;9,4;FORTALEZA;Pedestre cruzava a pista fora da faixa;Atropelamento de Pedestre;Com Vítimas Feridas;Plena Noite;Crescente;Céu Claro;Dupla;Reta;Sim;2;0;1;1;0;0;2;2;-3,832995;-38,504232;SPRF-CE;DEL01-CE;UOP02-DEL01-CE
612026;07/06/2024;sexta-feira;06:15:00;SP;116;221;GUARULHOS;Reação tardia ou ineficiente do condutor;Colisão com objeto;Com Vítimas Feridas;Amanhecer;Decrescente;Ignorado;Múltipla;Reta;Sim;1;0;0;1;0;0;1;1;-23,46802395;-46,50704901;SPRF-SP;DEL01-SP;UOP01-DEL01-SP
612028;04/07/2024;quinta-feira;19:30:00;RJ;116;148;DUQUE DE CAXIAS;Pista Escorregadia;Queda de ocupante de veículo;Com Vítimas Feridas;Plena Noite;Decrescente;Céu Claro;Dupla;Curva;Não;1;0;1;0;0;0;1;1;-22,6723488;-43,28215398;SPRF-RJ;DEL01-RJ;UOP02-DEL01-RJ
612029;04/07/2024;quinta-feira;19:05:00;PR;373;266;PRUDENTOPOLIS;Acessar a via sem observar a presença dos outros veículos;Colisão transversal;Com Vítimas Feridas;Plena Noite;Crescente;Céu Claro;Simples;Reta;Não;3;0;2;0;1;0;2;2;-25,20791978;-51,00123911;SPRF-PR;DEL08-PR;UOP01-DEL08-PR
612031;04/07/2024;quinta-feira;19:35:00;RJ;116;187;NOVA IGUACU;Ausência de reação do condutor;Engavetamento;Sem Vítimas;Plena Noite;Decrescente;Céu Claro;Dupla;Reta;Não;6;0;0;0;5;1;0;5;-22,73883756;-43,47245197;SPRF-RJ;DEL06-RJ;UOP01-DEL06-RJ
612033;04/07/2024;quinta-feira;19:30:00;RJ;465;4;SEROPEDICA;Entrada inopinada do pedestre;Atropelamento de Pedestre;Com Vítimas Feridas;Plena Noite;Crescente;Nublado;Dupla;Reta;Sim;2;0;1;0;1;0;1;2;-22,740971;-43,705597;SPRF-RJ;DEL06-RJ;UOP02-DEL06-RJ
612034;04/07/2024;quinta-feira;20:05:00;PB;230;60;CRUZ DO ESPIRITO SANTO;Reação tardia ou ineficiente do condutor;Colisão traseira;Com Vítimas Feridas;Plena Noite;Crescente;Céu Claro;Dupla;Reta;Não;2;0;1;0;1;0;1;2;-7,205;-35,1393;SPRF-PB;DEL01-PB;UOP03-DEL01-PB
612037;04/07/2024;quinta-feira;17:15:00;BA;101;937;MUCURI;Acesso irregular;Colisão transversal;Com Vítimas Feridas;Pleno dia;Crescente;Nublado;Simples;"Aclive;Reta";Não;3;0;2;1;0;0;3;1;-18,16840196;-39,91873914;SPRF-BA;DEL09-BA;UOP02-DEL09-BA
612038;04/07/2024;quinta-feira;20:05:00;MG;116;702,5;MURIAE;Ausência de reação do condutor;Colisão traseira;Com Vítimas Feridas;Plena Noite;Crescente;Céu Claro;Simples;Reta;Sim;2;0;1;0;1;0;1;2;-21,11938311;-42,38006362;SPRF-MG;DEL07-MG;UOP02-DEL07-MG
612040;04/07/2024;quinta-feira;20:30:00;PR;277;99;CURITIBA;Velocidade Incompatível;Colisão traseira;Com Vítimas Feridas;Plena Noite;Crescente;Nublado;Dupla;Reta;Sim;2;0;0;1;1;0;1;2;-25,53375211;-49,31824405;SPRF-PR;DEL01-PR;UOP06-DEL01-PR
612042;04/07/2024;quinta-feira;19:30:00;PI;316;312;PICOS;Ausência de reação do condutor;Colisão lateral mesmo sentido;Com Vítimas Feridas;Plena Noite;Crescente;Céu Claro;Dupla;"Retorno Regulamentado;Reta";Sim;3;0;1;0;2;0;1;2;-7,08092534;-41,4582602;SPRF-PI;DEL04-PI;UOP01-DEL04-PI
612043;04/07/2024;quinta-feira;18:00:00;MT;70;4;BARRA DO GARCAS;Acessar a via sem observar a presença dos outros veículos;Saída de leito carroçável;Com Vítimas Feridas;Plena Noite;Crescente;Céu Claro;Dupla;"Interseção de Vias;Reta;Retorno Regulamentado";Sim;3;0;2;0;0;1;2;3;-15,87907036;-52,28563311;SPRF-MT;DEL07-MT;UOP01-DEL07-MT
612047;04/07/2024;quinta-feira;19:30:00;PA;230;737;MEDICILANDIA;Animais na Pista;Atropelamento de Animal;Com Vítimas Feridas;Plena Noite;Decrescente;Nublado;Simples;Reta;Não;1;0;1;0;0;0;1;1;-3,43738107;-52,82341299;SPRF-PA;DEL04-PA;UOP01-DEL04-PA
612049;04/07/2024;quinta-feira;20:40:00;GO;153;85;PORANGATU;Ultrapassagem Indevida;Saída de leito carroçável;Sem Vítimas;Plena Noite;Decrescente;Céu Claro;Simples;"Reta;Ponte";Não;1;0;0;0;1;0;0;1;-13,553497;-49,082798;SPRF-GO;DEL07-GO;UOP01-DEL07-GO
612050;04/07/2024;quinta-feira;21:45:00;MG;262;409,9;IGARATINGA;Condutor Dormindo;Saída de leito carroçável;Com Vítimas Feridas;Plena Noite;Crescente;Céu Claro;Dupla;Reta;Não;2;0;2;0;0;0;2;1;-19,90944371;-44,67806518;SPRF-MG;DEL08-MG;UOP03-DEL08-MG
612051;04/07/2024;quinta-feira;21:46:00;DF;20;10;BRASILIA;Manobra de mudança de faixa;Colisão lateral mesmo sentido;Sem Vítimas;Plena Noite;Crescente;Céu Claro;Múltipla;Reta;Sim;2;0;0;0;2;0;0;2;-15,650243;-47,773872;SPRF-DF;DEL02-DF;UOP01-DEL02-DF
612053;04/07/2024;quinta-feira;21:00:00;RJ;356;82;CARDOSO MOREIRA;Reação tardia ou ineficiente do condutor;Queda de ocupante de veículo;Com Vítimas Feridas;Plena Noite;Decrescente;Céu Claro;Simples;Curva;Não;1;0;1;0;0;0;1;1;-21,47159367;-41,67334666;SPRF-RJ;DEL08-RJ;UOP03-DEL08-RJ
612056;04/07/2024;quinta-feira;22:30:00;DF;40;5,5;BRASILIA;Manobra de mudança de faixa;Colisão lateral mesmo sentido;Com Vítimas Feridas;Plena Noite;Crescente;Céu Claro;Dupla;Reta;Sim;2;0;1;0;1;0;1;2;-16,02618063;-47,97950506;SPRF-DF;DEL01-DF;UOP01-DEL01-DF
612058;04/07/2024;quinta-feira;23:40:00;PI;316;3,5;TERESINA;Reação tardia ou ineficiente do condutor;Colisão com objeto;Com Vítimas Fatais;Plena Noite;Crescente;Céu Claro;Múltipla;Curva;Sim;1;1;0;0;0;0;0;1;-5,12826443;-42,79292384;SPRF-PI;DEL01-PI;UOP02-DEL01-PI
612059;04/07/2024;quinta-feira;22:40:00;SC;282;45,4;AGUAS MORNAS;Demais falhas mecânicas ou elétricas;Incêndio;Sem Vítimas;Plena Noite;Crescente;Nublado;Simples;"Aclive;Reta";Não;1;0;0;0;1;0;0;1;-27,719851;-48,916126;SPRF-SC;DEL01-SC;UOP03-DEL01-SC
612060;04/07/2024;quinta-feira;20:40:00;PB;230;443,3;APARECIDA;Ingestão de álcool pelo condutor;Colisão com objeto;Sem Vítimas;Plena Noite;Crescente;Nublado;Simples;Reta;Não;1;0;0;0;1;0;0;1;-6,7778;-38,0488;SPRF-PB;DEL03-PB;UOP02-DEL03-PB
612062;04/07/2024;quinta-feira;19:25:00;RO;319;37;PORTO VELHO;Deficiência do Sistema de Iluminação/Sinalização;Colisão lateral mesmo sentido;Com Vítimas Fatais;Plena Noite;Crescente;Céu Claro;Simples;Reta;Não;4;1;0;0;2;1;0;3;-8,35094571;-63,95385853;SPRF-RO;DEL01-RO;UOP01-DEL01-RO
612066;05/07/2024;sexta-feira;00:16:00;MT;163;690;LUCAS DO RIO VERDE;Reação tardia ou ineficiente do condutor;Colisão traseira;Com Vítimas Feridas;Plena Noite;Decrescente;Céu Claro;Simples;Reta;Sim;5;0;3;0;2;0;3;2;-13,059645;-55,916947;SPRF-MT;DEL06-MT;UOP01-DEL06-MT
612067;05/07/2024;sexta-feira;01:22:00;MS;262;143;AGUA CLARA;Velocidade Incompatível;Colisão com objeto;Com Vítimas Fatais;Plena Noite;Crescente;Céu Claro;Dupla;Reta;Sim;1;1;0;0;0;0;0;1;-20,4458827;-52,87180703;SPRF-MS;DEL07-MS;UOP02-DEL07-MS
612069;05/07/2024;sexta-feira;01:30:00;CE;116;60,7;CHOROZINHO;Transitar na contramão;Colisão frontal;Com Vítimas Feridas;Plena Noite;Crescente;Céu Claro;Simples;Reta;Não;2;0;1;0;1;0;1;2;-4,24676793;-38,48372024;SPRF-CE;DEL03-CE;UOP02-DEL03-CE
612070;05/07/2024;sexta-feira;03:00:00;RS;116;251,6;SAPUCAIA DO SUL;Ausência de reação do condutor;Colisão com objeto;Sem Vítimas;Plena Noite;Decrescente;Nublado;Múltipla;Reta;Sim;1;0;0;0;1;0;0;1;-29,80035406;-51,16550365;SPRF-RS;DEL01-RS;UOP02-DEL01-RS
612071;05/07/2024;sexta-feira;03:10:00;SC;116;140;SANTA CECILIA;Ingestão de álcool pelo condutor;Colisão com objeto;Com Vítimas Feridas;Plena Noite;Crescente;Céu Claro;Simples;"Declive;Reta";Sim;2;0;2;0;0;0;2;2;-26,96625517;-50,40928315;SPRF-SC;DEL06-SC;UOP02-DEL06-SC
612073;05/07/2024;sexta-feira;04:20:00;SC;470;52,5;BLUMENAU;Ingestão de álcool pelo condutor;Colisão transversal;Com Vítimas Feridas;Plena Noite;Crescente;Ignorado;Simples;"Curva;Interseção de Vias";Sim;2;0;0;1;1;0;1;2;-26,86493641;-49,09920931;SPRF-SC;DEL04-SC;UOP01-DEL04-SC
612074;05/07/2024;sexta-feira;04:20:00;SC;470;63,1;INDAIAL;Acessar a via sem observar a presença dos outros veículos;Colisão traseira;Com Vítimas Feridas;Plena Noite;Crescente;Nublado;Simples;Reta;Não;3;0;0;3;0;0;3;2;-26,872396;-49,19228;SPRF-SC;DEL04-SC;UOP01-DEL04-SC
612075;05/07/2024;sexta-feira;02:00:00;PE;232;357;FLORES;Transitar na contramão;Colisão lateral sentido oposto;Com Vítimas Feridas;Plena Noite;Decrescente;Ignorado;Simples;Reta;Não;4;0;1;3;0;0;4;2;-8,04733009;-37,849506;SPRF-PE;DEL04-PE;UOP01-DEL04-PE
612076;05/07/2024;sexta-feira;06:00:00;RJ;116;178;NOVA IGUACU;Manobra de mudança de faixa;Colisão traseira;Com Vítimas Feridas;Amanhecer;Decrescente;Nublado;Dupla;Reta;Sim;1;0;1;0;0;0;1;1;-22,77496393;-43,40081465;SPRF-RJ;DEL06-RJ;UOP01-DEL06-RJ
612078;05/07/2024;sexta-feira;05:58:00;GO;40;1;VALPARAISO DE GOIAS;Acessar a via sem observar a presença dos outros veículos;Atropelamento de Pedestre;Com Vítimas Feridas;Amanhecer;Crescente;Céu Claro;Dupla;Reta;Sim;2;0;1;0;1;0;1;2;-16,058245;-47,982825;SPRF-DF;DEL01-DF;UOP01-DEL01-DF
612079;26/06/2024;quarta-feira;21:40:00;PR;116;14,6;COLOMBO;Reação tardia ou ineficiente do condutor;Colisão traseira;Com Vítimas Feridas;Plena Noite;Decrescente;Nublado;Múltipla;Reta;Sim;2;0;0;1;1;0;1;2;-25,381854;-49,164218;SPRF-PR;DEL01-PR;UOP02-DEL01-PR
612080;04/07/2024;quinta-feira;21:26:00;MS;163;368;NOVA ALVORADA DO SUL;Reação tardia ou ineficiente do condutor;Saída de leito carroçável;Sem Vítimas;Plena Noite;Decrescente;Céu Claro;Simples;Reta;Não;1;0;0;0;0;1;0;1;-21,43831812;-54,37684031;SPRF-MS;DEL02-MS;UOP01-DEL02-MS
612082;05/07/2024;sexta-feira;06:38:00;ES;101;281,7;SERRA;Reação tardia ou ineficiente do condutor;Colisão com objeto;Com Vítimas Fatais;Amanhecer;Crescente;Céu Claro;Dupla;Reta;Não;1;1;0;0;0;0;0;1;-20,225522;-40,361821;SPRF-ES;DEL02-ES;UOP01-DEL02-ES
612087;05/07/2024;sexta-feira;06:40:00;PR;376;595;CURITIBA;Condutor deixou de manter distância do veículo da frente;Colisão traseira;Com Vítimas Feridas;Pleno dia;Decrescente;Céu Claro;Simples;Reta;Não;2;0;1;0;1;0;1;2;-25,52629711;-49,32958412;SPRF-PR;DEL01-PR;UOP06-DEL01-PR
612089;04/07/2024;quinta-feira;19:00:00;RJ;116;107;GUAPIMIRIM;Ausência de reação do condutor;Colisão frontal;Com Vítimas Feridas;Plena Noite;Crescente;Céu Claro;Simples;"Declive;Reta";Sim;2;0;1;1;0;0;2;2;-22,52826187;-42,99737551;SPRF-RJ;DEL04-RJ;UOP01-DEL04-RJ
612091;05/07/2024;sexta-feira;06:20:00;BA;116;636,3;JAGUAQUARA;Acessar a via sem observar a presença dos outros veículos;Colisão traseira;Com Vítimas Feridas;Amanhecer;Decrescente;Nevoeiro/Neblina;Simples;Reta;Não;5;0;2;0;1;2;2;1;-13,49889298;-40,05022605;SPRF-BA;DEL03-BA;UOP01-DEL03-BA
612092;04/07/2024;quinta-feira;19:00:00;SP;116;147;SAO JOSE DOS CAMPOS;Ausência de reação do condutor;Colisão lateral mesmo sentido;Com Vítimas Feridas;Plena Noite;Decrescente;Céu Claro;Dupla;Reta;Não;2;0;1;0;0;1;1;2;-23,19542994;-45,87176303;SPRF-SP;DEL02-SP;UOP01-DEL02-SP
612094;05/07/2024;sexta-feira;06:42:00;MT;70;6;BARRA DO GARCAS;Acessar a via sem observar a presença dos outros veículos;Colisão transversal;Com Vítimas Feridas;Pleno dia;Decrescente;Céu Claro;Dupla;Reta;Não;2;0;0;1;1;0;1;2;-15,878268;-52,306705;SPRF-MT;DEL07-MT;UOP01-DEL07-MT
612095;05/07/2024;sexta-feira;08:00:00;RS;287;249;SANTA MARIA;Acessar a via sem observar a presença dos outros veículos;Colisão lateral mesmo sentido;Com Vítimas Feridas;Amanhecer;Decrescente;Garoa/Chuvisco;Simples;"Rotatória;Viaduto";Sim;2;0;1;0;1;0;1;2;-29,696018;-53,850956;SPRF-RS;DEL09-RS;UOP01-DEL09-RS
612098;05/07/2024;sexta-feira;06:40:00;PE;428;182;PETROLINA;Transitar na contramão;Colisão frontal;Sem Vítimas;Pleno dia;Crescente;Céu Claro;Dupla;Reta;Sim;4;0;0;0;4;0;0;2;-9,31614989;-40,45800722;SPRF-PE;DEL06-PE;UOP01-DEL06-PE
612099;18/03/2024;segunda-feira;21:20:00;TO;10;454,1;PALMAS;Pedestre cruzava a pista fora da faixa;Atropelamento de Pedestre;Com Vítimas Fatais;Plena Noite;Crescente;Céu Claro;Múltipla;Reta;Sim;3;1;1;0;1;0;1;2;-10,22066983;-48,16302307;SPRF-TO;DEL01-TO;UOP03-DEL01-TO
612105;05/07/2024;sexta-feira;06:45:00;RJ;40;121;DUQUE DE CAXIAS;Trafegar com motocicleta (ou similar) entre as faixas;Colisão lateral mesmo sentido;Com Vítimas Feridas;Pleno dia;Decrescente;Céu Claro;Múltipla;Reta;Sim;2;0;1;0;1;0;1;2;-22,78185499;-43,28571273;SPRF-RJ;DEL01-RJ;UOP02-DEL01-RJ
612106;05/07/2024;sexta-feira;06:30:00;MA;135;6,2;SAO LUIS;Reação tardia ou ineficiente do condutor;Colisão traseira;Com Vítimas Feridas;Amanhecer;Crescente;Céu Claro;Dupla;"Reta;Declive";Sim;2;0;0;1;1;0;1;2;-2,62877986;-44,26321818;SPRF-MA;DEL01-MA;UOP01-DEL01-MA
612108;05/07/2024;sexta-feira;04:40:00;SP;116;150;SAO JOSE DOS CAMPOS;Ausência de reação do condutor;Capotamento;Sem Vítimas;Plena Noite;Decrescente;Céu Claro;Dupla;Reta;Não;1;0;0;0;0;1;0;1;-23,21335525;-45,8930588;SPRF-SP;DEL02-SP;UOP01-DEL02-SP
612109;05/07/2024;sexta-feira;08:50:00;BA;324;611;SIMOES FILHO;Ausência de reação do condutor;Colisão traseira;Sem Vítimas;Pleno dia;Crescente;Céu Claro;Dupla;"Declive;Reta";Não;2;0;0;0;2;0;0;2;-12,83798396;-38,41427011;SPRF-BA;DEL01-BA;UOP01-DEL01-BA