id;data_inversa;dia_semana;horario;uf;br;km;municipio;causa_acidente;tipo_acidente;classificacao_acidente;fase_dia;sentido_via;condicao_metereologica;tipo_pista;tracado_via;uso_solo;pessoas;mortos;feridos_leves;feridos_graves;ilesos;ignorados;feridos;veiculos;latitude;longitude;regional;delegacia;uop
612238;05/07/2024;sexta-feira;18:00:00;RS;392;352;SANTA MARIA;Acessar a via sem observar a presença dos outros veículos;Colisão transversal;Com Vítimas Feridas;Anoitecer;Crescente;Nublado;Dupla;"Desvio Temporário;Rotatória;Interseção de Vias;Em Obras;Retorno Regulamentado;Viaduto";Sim;2;0;1;0;1;0;1;2;-29,71795506;-53,80852997;SPRF-RS;DEL09-RS;UOP01-DEL09-RS
612239;05/07/2024;sexta-feira;17:30:00;PR;376;619;SAO JOSE DOS PINHAIS;Ultrapassagem Indevida;Colisão frontal;Com Vítimas Feridas;Anoitecer;Crescente;Nublado;Múltipla;Reta;Sim;2;0;0;1;1;0;1;2;-25,60034699;-49,17355691;SPRF-PR;DEL01-PR;UOP04-DEL01-PR
612240;05/07/2024;sexta-feira;17:30:00;RS;116;2;PORTO ALEGRE;Reação tardia ou ineficiente do condutor;Colisão lateral mesmo sentido;Com Vítimas Feridas;Anoitecer;Decrescente;Chuva;Dupla;Reta;Sim;2;0;1;0;1;0;1;2;-29,98402295;-51,18073761;SPRF-RS;DEL01-RS;UOP01-DEL01-RS
612243;05/07/2024;sexta-feira;17:50:00;SC;101;144;ITAPEMA;Condutor deixou de manter distância do veículo da frente;Colisão traseira;Com Vítimas Feridas;Pleno dia;Crescente;Nublado;Dupla;Reta;Sim;8;0;1;1;6;0;2;7;-27,0732659;-48,59672716;SPRF-SC;DEL04-SC;UOP03-DEL04-SC
612246;05/07/2024;sexta-feira;18:20:00;ES;101;96;JAGUARE;Conversão proibida;Colisão transversal;Com Vítimas Feridas;Anoitecer;Crescente;Nublado;Simples;Reta;Não;2;0;1;0;1;0;1;2;-18,94725102;-39,97972996;SPRF-ES;DEL04-ES;UOP02-DEL04-ES
612247;05/07/2024;sexta-feira;18:19:00;DF;40;7,7;BRASILIA;Transitar no Acostamento;Atropelamento de Pedestre;Com Vítimas Feridas;Plena Noite;Crescente;Céu Claro;Dupla;Reta;Sim;4;0;0;1;1;2;1;2;-16,04489579;-47,98076034;SPRF-DF;DEL01-DF;UOP01-DEL01-DF
612248;05/07/2024;sexta-feira;19:05:00;DF;60;6,2;BRASILIA;Reação tardia ou ineficiente do condutor;Queda de ocupante de veículo;Com Vítimas Feridas;Plena Noite;Decrescente;Céu Claro;Dupla;Reta;Sim;1;0;0;1;0;0;1;1;-15,897939;-48,113056;SPRF-DF;DEL03-DF;UOP01-DEL03-DF
612249;05/07/2024;sexta-feira;18:35:00;CE;116;4,9;FORTALEZA;Condutor deixou de manter distância do veículo da frente;Colisão traseira;Com Vítimas Feridas;Plena Noite;Decrescente;Céu Claro;Dupla;Reta;Sim;3;0;1;0;2;0;1;3;-3,7867209;-38,5114568;SPRF-CE;DEL01-CE;UOP02-DEL01-CE
612250;05/07/2024;sexta-feira;13:55:00;BA;116;804;VITORIA DA CONQUISTA;Acessar a via sem observar a presença dos outros veículos;Colisão transversal;Com Vítimas Feridas;Pleno dia;Decrescente;Céu Claro;Simples;Reta;Não;2;0;1;1;0;0;2;2;-14,72639376;-40,63251813;SPRF-BA;DEL08-BA;UOP02-DEL08-BA
612252;05/07/2024;sexta-feira;19:03:00;PA;10;267,2;MAE DO RIO;Condutor deixou de manter distância do veículo da frente;Colisão lateral mesmo sentido;Com Vítimas Feridas;Plena Noite;Crescente;Céu Claro;Simples;Reta;Não;3;0;1;1;1;0;2;2;-2,06908197;-47,55941617;SPRF-PA;DEL02-PA;UOP01-DEL02-PA
612254;05/07/2024;sexta-feira;18:35:00;RO;364;199,6;PIMENTA BUENO;Acessar a via sem observar a presença dos outros veículos;Colisão transversal;Com Vítimas Feridas;Plena Noite;Crescente;Céu Claro;Simples;"Interseção de Vias;Reta";Sim;3;0;3;0;0;0;3;2;-11,655771;-61,192144;SPRF-RO;DEL02-RO;UOP02-DEL02-RO
612255;05/07/2024;sexta-feira;19:00:00;SC;101;149;ITAPEMA;Manobra de mudança de faixa;Colisão lateral mesmo sentido;Com Vítimas Feridas;Plena Noite;Decrescente;Nublado;Dupla;Reta;Sim;2;0;1;0;1;0;1;2;-27,1089649;-48,61277586;SPRF-SC;DEL04-SC;UOP03-DEL04-SC
612256;05/07/2024;sexta-feira;18:30:00;ES;101;126,6;SOORETAMA;Transitar na contramão;Colisão frontal;Com Vítimas Feridas;Plena Noite;Decrescente;Céu Claro;Dupla;"Reta;Aclive";Sim;2;0;1;1;0;0;2;2;-19,193953;-40,0951;SPRF-ES;DEL04-ES;UOP01-DEL04-ES
612257;05/07/2024;sexta-feira;17:00:00;PR;277;728;FOZ DO IGUACU;Demais falhas mecânicas ou elétricas;Incêndio;Sem Vítimas;Pleno dia;Decrescente;Céu Claro;Dupla;Reta;Sim;1;0;0;0;0;1;0;1;-25,5097634;-54,57387201;SPRF-PR;DEL05-PR;UOP03-DEL05-PR
612259;05/07/2024;sexta-feira;17:50:00;SE;101;92;NOSSA SENHORA DO SOCORRO;Ausência de reação do condutor;Queda de ocupante de veículo;Com Vítimas Feridas;Anoitecer;Decrescente;Chuva;Dupla;Reta;Sim;1;0;1;0;0;0;1;1;-10,90169474;-37,13619222;SPRF-SE;DEL01-SE;UOP01-DEL01-SE
612260;05/07/2024;sexta-feira;19:00:00;SC;470;129;LONTRAS;Velocidade Incompatível;Saída de leito carroçável;Com Vítimas Feridas;Plena Noite;Crescente;Céu Claro;Simples;Curva;Não;2;0;1;0;1;0;1;1;-27,148499;-49,556137;SPRF-SC;DEL04-SC;UOP02-DEL04-SC
612261;05/07/2024;sexta-feira;17:14:00;TO;153;327;GUARAI;Reação tardia ou ineficiente do condutor;Saída de leito carroçável;Com Vítimas Feridas;Anoitecer;Decrescente;Céu Claro;Simples;Reta;Não;1;0;1;0;0;0;1;1;-8,77258801;-48,51082184;SPRF-TO;DEL02-TO;UOP02-DEL02-TO
612262;05/07/2024;sexta-feira;20:10:00;SC;101;136;BALNEARIO CAMBORIU;Manobra de mudança de faixa;Colisão traseira;Com Vítimas Feridas;Plena Noite;Crescente;Nublado;Dupla;Curva;Sim;3;0;1;1;1;0;2;2;-27,008113;-48,617245;SPRF-SC;DEL04-SC;UOP03-DEL04-SC
612263;05/07/2024;sexta-feira;20:15:00;PE;232;408;SERRA TALHADA;Área urbana sem a presença de local apropriado para a travessia de pedestres;Atropelamento de Pedestre;Com Vítimas Feridas;Plena Noite;Decrescente;Céu Claro;Simples;Reta;Sim;2;0;2;0;0;0;2;2;-7,98371447;-38,28047709;SPRF-PE;DEL04-PE;UOP01-DEL04-PE
612265;05/07/2024;sexta-feira;18:15:00;RN;101;84;NATAL;Condutor deixou de manter distância do veículo da frente;Colisão lateral mesmo sentido;Com Vítimas Feridas;Plena Noite;Crescente;Céu Claro;Dupla;Reta;Sim;3;0;1;0;1;1;1;3;-5,77492499;-35,25625885;SPRF-RN;DEL02-RN;UOP01-DEL02-RN
612266;05/07/2024;sexta-feira;18:20:00;RN;304;42,7;MOSSORO;Velocidade Incompatível;Saída de leito carroçável;Com Vítimas Feridas;Anoitecer;Decrescente;Nublado;Dupla;"Curva;Retorno Regulamentado";Não;1;0;1;0;0;0;1;1;-5,213983;-37,370213;SPRF-RN;DEL04-RN;UOP01-DEL04-RN
612267;05/07/2024;sexta-feira;19:00:00;MS;163;264;DOURADOS;Iluminação deficiente;Colisão transversal;Com Vítimas Feridas;Plena Noite;Crescente;Céu Claro;Dupla;Reta;Não;2;0;1;0;1;0;1;2;-22,22742781;-54,7393301;SPRF-MS;DEL04-MS;UOP01-DEL04-MS
612268;05/07/2024;sexta-feira;16:30:00;MT;70;43;BARRA DO GARCAS;Ausência de reação do condutor;Saída de leito carroçável;Com Vítimas Feridas;Pleno dia;Crescente;Céu Claro;Simples;"Reta;Declive";Não;1;0;1;0;0;0;1;1;-15,76021;-52,58685;SPRF-MT;DEL07-MT;UOP01-DEL07-MT
612269;05/07/2024;sexta-feira;18:16:00;MG;381;492;BETIM;Reação tardia ou ineficiente do condutor;Colisão com objeto;Com Vítimas Feridas;Plena Noite;Crescente;Céu Claro;Múltipla;Reta;Sim;1;0;1;0;0;0;1;1;-19,97490091;-44,19004301;SPRF-MG;DEL01-MG;UOP03-DEL01-MG
612270;05/07/2024;sexta-feira;20:15:00;RS;386;138;SARANDI;Demais falhas mecânicas ou elétricas;Incêndio;Sem Vítimas;Plena Noite;Decrescente;Nublado;Simples;Reta;Não;2;0;0;0;2;0;0;1;-27,98919086;-52,89726019;SPRF-RS;DEL08-RS;UOP01-DEL08-RS
612272;05/07/2024;sexta-feira;14:53:00;RS;470;158;NOVA PRATA;Entrada inopinada do pedestre;Atropelamento de Pedestre;Com Vítimas Feridas;Pleno dia;Decrescente;Chuva;Simples;Reta;Sim;2;0;1;0;1;0;1;2;-28,80000398;-51,61054097;SPRF-RS;DEL06-RS;UOP02-DEL06-RS
612273;05/07/2024;sexta-feira;18:50:00;MG;381;484,5;BETIM;Condutor deixou de manter distância do veículo da frente;Colisão traseira;Sem Vítimas;Plena Noite;Decrescente;Céu Claro;Dupla;Reta;Sim;3;0;0;0;2;1;0;3;-19,95531717;-44,11722196;SPRF-MG;DEL01-MG;UOP03-DEL01-MG
612274;05/07/2024;sexta-feira;17:30:00;RO;364;199,7;PIMENTA BUENO;Reação tardia ou ineficiente do condutor;Saída de leito carroçável;Sem Vítimas;Pleno dia;Crescente;Céu Claro;Simples;"Interseção de Vias;Reta";Sim;7;0;0;0;7;0;0;1;-11,661617;-61,191055;SPRF-RO;DEL02-RO;UOP02-DEL02-RO
612275;05/07/2024;sexta-feira;18:30:00;PR;277;99,3;CURITIBA;Condutor deixou de manter distância do veículo da frente;Colisão traseira;Com Vítimas Feridas;Plena Noite;Crescente;Céu Claro;Dupla;Reta;Sim;5;0;1;0;1;3;1;5;-25,54556816;-49,29675937;SPRF-PR;DEL01-PR;UOP06-DEL01-PR
612277;05/07/2024;sexta-feira;18:50:00;PR;376;621;SAO JOSE DOS PINHAIS;Reação tardia ou ineficiente do condutor;Colisão traseira;Com Vítimas Feridas;Plena Noite;Crescente;Nublado;Dupla;Reta;Não;3;0;2;0;1;0;2;2;-25,61783292;-49,1690968;SPRF-PR;DEL01-PR;UOP04-DEL01-PR
612278;05/07/2024;sexta-feira;20:00:00;SC;101;117;ITAJAI;Desrespeitar a preferência no cruzamento;Colisão transversal;Com Vítimas Feridas;Pleno dia;Crescente;Céu Claro;Dupla;"Reta;Rotatória;Interseção de Vias;Viaduto";Sim;3;0;1;1;1;0;2;2;-26,88747187;-48,72252969;SPRF-SC;DEL04-SC;UOP04-DEL04-SC
612279;05/07/2024;sexta-feira;20:20:00;SC;280;24;ARAQUARI;Condutor deixou de manter distância do veículo da frente;Colisão lateral mesmo sentido;Com Vítimas Feridas;Plena Noite;Decrescente;Céu Claro;Simples;Reta;Sim;3;0;2;0;1;0;2;2;-26,37676079;-48,71893644;SPRF-SC;DEL03-SC;UOP03-DEL03-SC
612280;05/07/2024;sexta-feira;18:45:00;SC;280;53,5;GUARAMIRIM;Manobra de mudança de faixa;Colisão lateral mesmo sentido;Sem Vítimas;Plena Noite;Crescente;Nublado;Dupla;Reta;Sim;2;0;0;0;2;0;0;2;-26,47236756;-48,97426617;SPRF-SC;DEL03-SC;UOP03-DEL03-SC
612282;05/07/2024;sexta-feira;19:00:00;MG;50;100;UBERLANDIA;Velocidade Incompatível;Saída de leito carroçável;Com Vítimas Feridas;Plena Noite;Decrescente;Céu Claro;Dupla;Reta;Não;1;0;1;0;0;0;1;1;-19,1360921;-48,17067835;SPRF-MG;DEL15-MG;UOP01-DEL15-MG
612284;05/07/2024;sexta-feira;20:20:00;PR;116;126;FAZENDA RIO GRANDE;Condutor desrespeitou a iluminação vermelha do semáforo;Colisão lateral mesmo sentido;Com Vítimas Feridas;Plena Noite;Crescente;Céu Claro;Múltipla;"Interseção de Vias;Reta";Sim;4;0;1;0;3;0;1;3;-25,63703549;-49,31328714;SPRF-PR;DEL01-PR;UOP03-DEL01-PR
612285;05/07/2024;sexta-feira;18:15:00;GO;60;185,8;ABADIA DE GOIAS;Velocidade Incompatível;Saída de leito carroçável;Com Vítimas Feridas;Anoitecer;Crescente;Céu Claro;Dupla;"Reta;Declive";Não;1;0;1;0;0;0;1;1;-16,7956;-49,51;SPRF-GO;DEL01-GO;UOP02-DEL01-GO
612286;05/07/2024;sexta-feira;20:45:00;PB;230;24,8;JOAO PESSOA;Manobra de mudança de faixa;Colisão com objeto;Com Vítimas Feridas;Plena Noite;Crescente;Céu Claro;Dupla;"Curva;Desvio Temporário";Sim;1;0;1;0;0;0;1;1;-7,170493;-34,866957;SPRF-PB;DEL01-PB;UOP01-DEL01-PB
612289;05/07/2024;sexta-feira;20:15:00;SC;282;522,9;XAXIM;Ausência de reação do condutor;Colisão traseira;Sem Vítimas;Plena Noite;Crescente;Nublado;Simples;Reta;Não;3;0;0;0;3;0;0;2;-26,9623933;-52,54773617;SPRF-SC;DEL07-SC;UOP01-DEL07-SC
612290;05/07/2024;sexta-feira;20:30:00;SC;101;134;BALNEARIO CAMBORIU;Manobra de mudança de faixa;Colisão lateral mesmo sentido;Com Vítimas Feridas;Plena Noite;Crescente;Nublado;Dupla;"Interseção de Vias;Retorno Regulamentado";Sim;3;0;0;1;2;0;1;2;-27,00218;-48,636433;SPRF-SC;DEL04-SC;UOP03-DEL04-SC
612291;05/07/2024;sexta-feira;21:00:00;RJ;116;197;QUEIMADOS;Ausência de reação do condutor;Queda de ocupante de veículo;Com Vítimas Feridas;Plena Noite;Crescente;Céu Claro;Simples;Curva;Não;2;0;2;0;0;0;2;1;-22,72980637;-43,56512004;SPRF-RJ;DEL06-RJ;UOP02-DEL06-RJ
612293;05/07/2024;sexta-feira;19:47:00;PE;424;86;GARANHUNS;Acessar a via sem observar a presença dos outros veículos;Colisão lateral mesmo sentido;Com Vítimas Feridas;Plena Noite;Crescente;Garoa/Chuvisco;Simples;Reta;Sim;3;0;0;2;1;0;2;2;-8,869701;-36,508247;SPRF-PE;DEL03-PE;UOP01-DEL03-PE
612294;05/07/2024;sexta-feira;19:45:00;SP;116;146;SAO JOSE DOS CAMPOS;Condutor deixou de manter distância do veículo da frente;Colisão traseira;Com Vítimas Feridas;Plena Noite;Decrescente;Céu Claro;Dupla;Reta;Não;2;0;1;0;1;0;1;2;-23,19122919;-45,86327591;SPRF-SP;DEL02-SP;UOP01-DEL02-SP
612295;05/07/2024;sexta-feira;18:50:00;SP;116;205;GUARULHOS;Reação tardia ou ineficiente do condutor;Engavetamento;Com Vítimas Feridas;Plena Noite;Crescente;Nublado;Dupla;Reta;Sim;3;0;1;0;2;0;1;3;-23,41475243;-46,36600788;SPRF-SP;DEL01-SP;UOP01-DEL01-SP
612297;05/07/2024;sexta-feira;20:20:00;RN;304;240;RIACHUELO;Ingestão de álcool pelo condutor;Colisão frontal;Sem Vítimas;Plena Noite;Decrescente;Céu Claro;Dupla;Reta;Não;2;0;0;0;2;0;0;2;-5,80047423;-35,83592218;SPRF-RN;DEL01-RN;UOP02-DEL01-RN
612298;05/07/2024;sexta-feira;20:00:00;PA;316;25;BENEVIDES;Manobra de mudança de faixa;Colisão transversal;Com Vítimas Feridas;Plena Noite;Decrescente;Céu Claro;Dupla;"Reta;Retorno Regulamentado";Não;2;0;0;1;1;0;1;2;-1,3252697;-48,232117;SPRF-PA;DEL01-PA;UOP01-DEL01-PA
612299;05/07/2024;sexta-feira;21:15:00;MG;262;124;RIO CASCA;Velocidade Incompatível;Capotamento;Com Vítimas Feridas;Plena Noite;Decrescente;Céu Claro;Simples;Reta;Não;1;0;1;0;0;0;1;1;-20,2011708;-42,67925669;SPRF-MG;DEL03-MG;UOP03-DEL03-MG
612300;05/07/2024;sexta-feira;18:00:00;SC;280;81,8;CORUPA;Conversão proibida;Colisão frontal;Com Vítimas Feridas;Plena Noite;Decrescente;Nublado;Simples;Reta;Sim;4;0;2;1;0;1;3;3;-26,44009491;-49,22605498;SPRF-SC;DEL06-SC;UOP03-DEL06-SC
612301;05/07/2024;sexta-feira;19:40:00;PR;277;104;CAMPO LARGO;Ausência de reação do condutor;Engavetamento;Sem Vítimas;Plena Noite;Crescente;Nublado;Dupla;"Reta;Aclive";Sim;3;0;0;0;3;0;0;3;-25,43317187;-49,40543955;SPRF-PR;DEL01-PR;UOP06-DEL01-PR
612302;05/07/2024;sexta-feira;20:55:00;RJ;40;112;DUQUE DE CAXIAS;Reação tardia ou ineficiente do condutor;Engavetamento;Com Vítimas Feridas;Plena Noite;Decrescente;Céu Claro;Múltipla;Reta;Sim;11;0;3;0;8;0;3;6;-22,7004454;-43,29014851;SPRF-RJ;DEL01-RJ;UOP02-DEL01-RJ
612303;05/07/2024;sexta-feira;18:30:00;MT;163;832;SINOP;Ausência de reação do condutor;Engavetamento;Com Vítimas Feridas;Plena Noite;Decrescente;Céu Claro;Simples;Reta;Sim;5;0;0;1;4;0;1;3;-12,0138;-55,51719;SPRF-MT;DEL06-MT;UOP02-DEL06-MT
612304;05/07/2024;sexta-feira;20:05:00;PR;277;621;CEU AZUL;Retorno proibido;Colisão transversal;Com Vítimas Feridas;Plena Noite;Decrescente;Nublado;Simples;Reta;Não;4;0;1;0;2;1;1;2;-25,08676125;-53,7195729;SPRF-PR;DEL05-PR;UOP02-DEL05-PR
612306;05/07/2024;sexta-feira;19:45:00;RO;364;427,2;JARU;Desrespeitar a preferência no cruzamento;Colisão transversal;Com Vítimas Feridas;Plena Noite;Crescente;Céu Claro;Simples;"Rotatória;Reta;Interseção de Vias";Sim;2;0;2;0;0;0;2;2;-10,42731312;-62,48745208;SPRF-RO;DEL03-RO;UOP02-DEL03-RO
612307;05/07/2024;sexta-feira;21:16:00;PE;232;42;VITORIA DE SANTO ANTAO;Ausência de reação do condutor;Queda de ocupante de veículo;Com Vítimas Feridas;Plena Noite;Crescente;Céu Claro;Dupla;Reta;Não;1;0;0;1;0;0;1;1;-8,11528219;-35,25204496;SPRF-PE;DEL01-PE;UOP01-DEL01-PE
612308;05/07/2024;sexta-feira;17:30:00;RJ;116;283;BARRA MANSA;Reação tardia ou ineficiente do condutor;Saída de leito carroçável;Sem Vítimas;Anoitecer;Decrescente;Céu Claro;Dupla;Curva;Não;1;0;0;0;0;1;0;1;-22,51669896;-44,20814495;SPRF-RJ;DEL07-RJ;UOP02-DEL07-RJ
612310;05/07/2024;sexta-feira;21:50:00;PR;277;715;SANTA TEREZINHA DE ITAIPU;Reação tardia ou ineficiente do condutor;Colisão traseira;Com Vítimas Feridas;Plena Noite;Crescente;Céu Claro;Dupla;Reta;Não;3;0;1;0;2;0;1;2;-25,46882758;-54,45810922;SPRF-PR;DEL05-PR;UOP01-DEL05-PR
612311;05/07/2024;sexta-feira;08:00:00;SC;101;256;PAULO LOPES;Velocidade Incompatível;Capotamento;Com Vítimas Feridas;Pleno dia;Decrescente;Chuva;Dupla;Curva;Não;2;0;1;1;0;0;2;1;-27,99084416;-48,68056684;SPRF-SC;DEL02-SC;UOP03-DEL02-SC
612313;05/07/2024;sexta-feira;16:50:00;SP;101;44,5;UBATUBA;Acessar a via sem observar a presença dos outros veículos;Colisão traseira;Com Vítimas Feridas;Pleno dia;Crescente;Céu Claro;Simples;Reta;Não;3;0;1;0;2;0;1;3;-23,41014346;-45,06455371;SPRF-SP;DEL06-SP;UOP01-DEL06-SP
612314;05/07/2024;sexta-feira;20:20:00;MG;262;18,9;MARTINS SOARES;Ausência de reação do condutor;Saída de leito carroçável;Com Vítimas Feridas;Plena Noite;Decrescente;Céu Claro;Simples;"Reta;Declive";Não;1;0;1;0;0;0;1;1;-20,24953829;-41,89467298;SPRF-MG;DEL06-MG;UOP03-DEL06-MG
612315;05/07/2024;sexta-feira;22:10:00;SP;116;4,5;GUARULHOS;Área urbana sem a presença de local apropriado para a travessia de pedestres;Atropelamento de Pedestre;Com Vítimas Feridas;Plena Noite;Decrescente;Nublado;Dupla;"Aclive;Reta";Sim;2;0;0;1;0;1;1;2;-23,42169786;-46,47916317;SPRF-SP;DEL01-SP;UOP01-DEL01-SP
612316;05/07/2024;sexta-feira;22:15:00;SP;116;230;SAO PAULO;Reação tardia ou ineficiente do condutor;Engavetamento;Sem Vítimas;Plena Noite;Crescente;Nublado;Múltipla;"Interseção de Vias;Reta";Sim;3;0;0;0;3;0;0;3;-23,52251783;-46,5855702;SPRF-SP;DEL01-SP;UOP01-DEL01-SP
612317;05/07/2024;sexta-feira;19:37:00;RJ;101;409;ITAGUAI;Pedestre cruzava a pista fora da faixa;Atropelamento de Pedestre;Com Vítimas Feridas;Plena Noite;Crescente;Céu Claro;Dupla;Reta;Sim;2;0;0;1;0;1;1;2;-22,88503992;-43,83250205;SPRF-RJ;DEL03-RJ;UOP01-DEL03-RJ
612318;05/07/2024;sexta-feira;22:20:00;SC;101;197;BIGUACU;Reação tardia ou ineficiente do condutor;Colisão traseira;Com Vítimas Feridas;Plena Noite;Decrescente;Nublado;Dupla;Curva;Sim;2;0;1;0;1;0;1;2;-27,51844497;-48,63848496;SPRF-SC;DEL01-SC;UOP01-DEL01-SC
612319;05/07/2024;sexta-feira;18:20:00;SP;116;138,7;SAO JOSE DOS CAMPOS;Reação tardia ou ineficiente do condutor;Colisão lateral mesmo sentido;Com Vítimas Feridas;Anoitecer;Crescente;Céu Claro;Dupla;Reta;Sim;2;0;1;0;1;0;1;2;-23,1572739;-45,79554605;SPRF-SP;DEL02-SP;UOP01-DEL02-SP
612320;05/07/2024;sexta-feira;22:20:00;PR;369;134,2;IBIPORA;Ultrapassagem Indevida;Colisão frontal;Com Vítimas Fatais;Plena Noite;Crescente;Céu Claro;Simples;"Declive;Reta";Não;4;1;0;3;0;0;3;2;-23,261858;-51,028038;SPRF-PR;DEL07-PR;UOP01-DEL07-PR
612321;05/07/2024;sexta-feira;19:30:00;MG;381;926;ITAPEVA;Acessar a via sem observar a presença dos outros veículos;Queda de ocupante de veículo;Com Vítimas Feridas;Plena Noite;Decrescente;Nublado;Simples;Reta;Sim;2;0;0;2;0;0;2;2;-22,78570092;-46,24148628;SPRF-MG;DEL16-MG;UOP03-DEL16-MG
612322;05/07/2024;sexta-feira;22:30:00;RJ;101;70;CAMPOS DOS GOYTACAZES;Acesso irregular;Colisão frontal;Com Vítimas Feridas;Plena Noite;Decrescente;Céu Claro;Simples;Reta;Não;2;0;0;1;1;0;1;2;-21,781011;-41,373363;SPRF-RJ;DEL08-RJ;UOP02-DEL08-RJ
612324;05/07/2024;sexta-feira;21:20:00;MT;163;752;SORRISO;Ingestão de álcool pelo condutor;Colisão com objeto;Sem Vítimas;Plena Noite;Crescente;Céu Claro;Dupla;Reta;Sim;1;0;0;0;0;1;0;1;-12,5523064;-55,7141158;SPRF-MT;DEL06-MT;UOP01-DEL06-MT
612325;05/07/2024;sexta-feira;20:30:00;ES;101;150;LINHARES;Transitar na contramão;Colisão frontal;Sem Vítimas;Plena Noite;Decrescente;Céu Claro;Simples;"Viaduto;Curva";Sim;2;0;0;0;1;1;0;2;-19,40754724;-40,06387711;SPRF-ES;DEL04-ES;UOP01-DEL04-ES
612326;05/07/2024;sexta-feira;22:40:00;SP;116;449;REGISTRO;Chuva;Queda de ocupante de veículo;Com Vítimas Feridas;Plena Noite;Crescente;Chuva;Dupla;Reta;Não;1;0;1;0;0;0;1;1;-24,52913591;-47,85619324;SPRF-SP;DEL05-SP;UOP01-DEL05-SP
612327;05/07/2024;sexta-feira;20:40:00;BA;407;169;FILADELFIA;Iluminação deficiente;Colisão traseira;Com Vítimas Feridas;Plena Noite;Decrescente;Céu Claro;Simples;Reta;Não;2;0;0;1;1;0;1;2;-10,83017998;-40,11418081;SPRF-BA;DEL04-BA;UOP01-DEL04-BA
612328;05/07/2024;sexta-feira;22:50:00;SC;282;387,5;JOACABA;Pista Escorregadia;Tombamento;Com Vítimas Feridas;Plena Noite;Crescente;Garoa/Chuvisco;Simples;Rotatória;Sim;1;0;1;0;0;0;1;1;-27,1798478;-51,52242422;SPRF-SC;DEL07-SC;UOP05-DEL07-SC
612329;05/07/2024;sexta-feira;22:45:00;GO;153;104,2;GOIANAPOLIS;Ingestão de álcool pelo condutor;Saída de leito carroçável;Com Vítimas Feridas;Plena Noite;Crescente;Céu Claro;Dupla;Curva;Não;2;0;0;2;0;0;2;1;-16,413563;-49,006878;SPRF-GO;DEL07-GO;UOP01-DEL07-GO
612330;05/07/2024;sexta-feira;23:00:00;SC;470;66;INDAIAL;Ausência de reação do condutor;Colisão com objeto;Com Vítimas Feridas;Plena Noite;Crescente;Nublado;Simples;Rotatória;Sim;1;0;1;0;0;0;1;1;-26,8696504;-49,2251565;SPRF-SC;DEL04-SC;UOP01-DEL04-SC
612331;05/07/2024;sexta-feira;23:30:00;SC;101;143;ITAPEMA;Pedestre andava na pista;Atropelamento de Pedestre;Com Vítimas Feridas;Plena Noite;Decrescente;Céu Claro;Dupla;"Reta;Interseção de Vias";Sim;2;0;0;1;1;0;1;2;-27,06436;-48,59599405;SPRF-SC;DEL04-SC;UOP03-DEL04-SC
612332;05/07/2024;sexta-feira;21:10:00;SC;282;282,6;SAO JOSE DO CERRITO;Pista Escorregadia;Saída de leito carroçável;Com Vítimas Feridas;Plena Noite;Crescente;Ignorado;Simples;Curva;Não;3;0;3;0;0;0;3;1;-27,578697;-50,77409;SPRF-SC;DEL05-SC;UOP02-DEL05-SC
612334;05/07/2024;sexta-feira;20:00:00;MG;116;686,3;MURIAE;Transitar na contramão;Colisão frontal;Com Vítimas Fatais;Plena Noite;Decrescente;Céu Claro;Simples;"Declive;Curva";Não;4;2;2;0;0;0;2;2;-20,996232;-42,361277;SPRF-MG;DEL07-MG;UOP02-DEL07-MG
612335;05/07/2024;sexta-feira;19:05:00;PR;487;21;ICARAIMA;Ultrapassagem Indevida;Colisão frontal;Com Vítimas Fatais;Plena Noite;Crescente;Céu Claro;Simples;Curva;Não;3;1;0;2;0;0;2;2;-23,37598044;-53,64933014;SPRF-PR;DEL06-PR;UOP03-DEL06-PR
612336;05/07/2024;sexta-feira;21:00:00;RJ;493;79;JAPERI;Reação tardia ou ineficiente do condutor;Saída de leito carroçável;Sem Vítimas;Plena Noite;Decrescente;Céu Claro;Dupla;Reta;Não;2;0;0;0;2;0;0;1;-22,663532;-43,566864;SPRF-RJ;DEL01-RJ;UOP03-DEL01-RJ
612337;05/07/2024;sexta-feira;23:00:00;RN;304;37;MOSSORO;Mal súbito do condutor;Queda de ocupante de veículo;Com Vítimas Feridas;Plena Noite;Crescente;Céu Claro;Dupla;Reta;Sim;1;0;0;1;0;0;1;1;-5,17455933;-37,36227171;SPRF-RN;DEL04-RN;UOP02-DEL04-RN
612339;05/07/2024;sexta-feira;22:43:00;BA;410;14;TUCANO;Animais na Pista;Atropelamento de Animal;Com Vítimas Feridas;Pleno dia;Crescente;Nublado;Simples;Reta;Não;5;0;2;0;3;0;2;1;-10,8791782;-38,63936989;SPRF-BA;DEL07-BA;UOP02-DEL07-BA
612340;05/07/2024;sexta-feira;23:20:00;MG;381;266;TIMOTEO;Reação tardia ou ineficiente do condutor;Colisão traseira;Com Vítimas Feridas;Plena Noite;Decrescente;Céu Claro;Simples;Reta;Não;3;0;1;2;0;0;3;2;-19,52951513;-42,67168275;SPRF-MG;DEL03-MG;UOP02-DEL03-MG
612341;05/07/2024;sexta-feira;23:05:00;GO;153;506;GOIANIA;Ausência de reação do condutor;Queda de ocupante de veículo;Com Vítimas Feridas;Plena Noite;Decrescente;Céu Claro;Dupla;Reta;Sim;1;0;1;0;0;0;1;1;-16,7633;-49,24;SPRF-GO;DEL01-GO;UOP01-DEL01-GO