id;data_inversa;dia_semana;horario;uf;br;km;municipio;causa_acidente;tipo_acidente;classificacao_acidente;fase_dia;sentido_via;condicao_metereologica;tipo_pista;tracado_via;uso_solo;pessoas;mortos;feridos_leves;feridos_graves;ilesos;ignorados;feridos;veiculos;latitude;longitude;regional;delegacia;uop
612345;06/07/2024;sábado;00:03:00;PR;376;595,1;CURITIBA;Entrada inopinada do pedestre;Atropelamento de Pedestre;Com Vítimas Feridas;Plena Noite;Decrescente;Céu Claro;Dupla;Reta;Sim;2;0;0;1;1;0;1;2;-25,49317991;-49,34370776;SPRF-PR;DEL01-PR;UOP06-DEL01-PR
612346;05/07/2024;sexta-feira;23:50:00;SC;280;51,5;GUARAMIRIM;Acessar a via sem observar a presença dos outros veículos;Colisão transversal;Com Vítimas Feridas;Plena Noite;Crescente;Nublado;Dupla;"Aclive;Reta;Interseção de Vias;Em Obras";Sim;2;0;1;0;1;0;1;2;-26,46689856;-48,95998803;SPRF-SC;DEL03-SC;UOP03-DEL03-SC
612348;06/07/2024;sábado;01:00:00;RS;116;263;CANOAS;Desrespeitar a preferência no cruzamento;Colisão transversal;Sem Vítimas;Plena Noite;Crescente;Nublado;Dupla;"Viaduto;Interseção de Vias";Sim;2;0;0;0;2;0;0;2;-29,90545398;-51,17674031;SPRF-RS;DEL01-RS;UOP01-DEL01-RS
612349;06/07/2024;sábado;00:45:00;PB;230;328;QUIXABA;Transitar na contramão;Colisão frontal;Com Vítimas Fatais;Plena Noite;Crescente;Céu Claro;Simples;"Declive;Reta";Não;4;1;3;0;0;0;3;2;-7,0062;-37,2108;SPRF-PB;DEL03-PB;UOP01-DEL03-PB
612350;06/07/2024;sábado;00:05:00;MG;116;694,4;MURIAE;Avarias e/ou desgaste excessivo no pneu;Tombamento;Com Vítimas Feridas;Plena Noite;Crescente;Nublado;Simples;Reta;Não;2;0;2;0;0;0;2;1;-21,053206;-42,36836908;SPRF-MG;DEL07-MG;UOP02-DEL07-MG
612352;05/07/2024;sexta-feira;19:10:00;GO;153;277;NOVA GLORIA;Ultrapassagem Indevida;Colisão lateral sentido oposto;Com Vítimas Feridas;Plena Noite;Decrescente;Céu Claro;Simples;Reta;Não;7;0;1;0;6;0;1;2;-15,128892;-49,510925;SPRF-GO;DEL07-GO;UOP02-DEL07-GO
612353;06/07/2024;sábado;01:10:00;GO;153;511;APARECIDA DE GOIANIA;Animais na Pista;Atropelamento de Animal;Sem Vítimas;Plena Noite;Crescente;Céu Claro;Dupla;Reta;Sim;2;0;0;0;2;0;0;1;-16,8067;-49,2394;SPRF-GO;DEL01-GO;UOP03-DEL01-GO
612354;06/07/2024;sábado;01:20:00;MG;40;629;CONSELHEIRO LAFAIETE;Ultrapassagem Indevida;Colisão frontal;Com Vítimas Feridas;Plena Noite;Crescente;Céu Claro;Simples;Reta;Sim;2;0;0;1;1;0;1;2;-20,65580353;-43,80540767;SPRF-MG;DEL05-MG;UOP02-DEL05-MG
612355;06/07/2024;sábado;01:25:00;PR;277;729,6;FOZ DO IGUACU;Acessar a via sem observar a presença dos outros veículos;Colisão transversal;Com Vítimas Feridas;Plena Noite;Crescente;Nublado;Dupla;Curva;Sim;2;0;0;1;1;0;1;2;-25,505962;-54,589326;SPRF-PR;DEL05-PR;UOP03-DEL05-PR
612356;05/07/2024;sexta-feira;22:50:00;BA;116;366;SERRINHA;Pista Escorregadia;Saída de leito carroçável;Com Vítimas Feridas;Plena Noite;Crescente;Nublado;Simples;Reta;Não;2;0;2;0;0;0;2;1;-11,72514;-38,98642914;SPRF-BA;DEL02-BA;UOP01-DEL02-BA
612357;06/07/2024;sábado;01:40:00;ES;101;128,5;SOORETAMA;Velocidade Incompatível;Queda de ocupante de veículo;Com Vítimas Feridas;Plena Noite;Crescente;Céu Claro;Simples;"Curva;Declive";Não;2;0;0;2;0;0;2;1;-19,21191395;-40,09457556;SPRF-ES;DEL04-ES;UOP01-DEL04-ES
612358;06/07/2024;sábado;02:20:00;GO;153;495;GOIANIA;Condutor Dormindo;Queda de ocupante de veículo;Com Vítimas Feridas;Plena Noite;Decrescente;Céu Claro;Dupla;Reta;Sim;1;0;1;0;0;0;1;1;-16,6681;-49,2263;SPRF-GO;DEL01-GO;UOP01-DEL01-GO
612359;06/07/2024;sábado;02:20:00;ES;262;166,4;IBATIBA;Condutor Dormindo;Saída de leito carroçável;Com Vítimas Feridas;Plena Noite;Crescente;Céu Claro;Simples;Rotatória;Não;2;0;2;0;0;0;2;1;-20,2468411;-41,56027697;SPRF-ES;DEL01-ES;UOP02-DEL01-ES
612361;06/07/2024;sábado;01:05:00;PB;405;6;UIRAUNA;Ingestão de álcool pelo condutor;Saída de leito carroçável;Com Vítimas Feridas;Plena Noite;Crescente;Garoa/Chuvisco;Simples;Reta;Não;1;0;1;0;0;0;1;1;-6,501813;-38,401547;SPRF-PB;DEL03-PB;UOP03-DEL03-PB
612362;06/07/2024;sábado;00:45:00;PR;376;274;MARILANDIA DO SUL;Demais falhas mecânicas ou elétricas;Incêndio;Sem Vítimas;Plena Noite;Crescente;Nublado;Dupla;Reta;Não;1;0;0;0;0;1;0;1;-23,79989106;-51,26184028;SPRF-PR;DEL07-PR;UOP02-DEL07-PR
612363;06/07/2024;sábado;02:23:00;PE;101;69;RECIFE;Manobra de mudança de faixa;Colisão traseira;Com Vítimas Feridas;Plena Noite;Decrescente;Chuva;Dupla;Reta;Não;2;0;1;0;1;0;1;2;-8,05951606;-34,94581024;SPRF-PE;DEL01-PE;UOP01-DEL01-PE
612364;06/07/2024;sábado;02:00:00;MG;381;334;NOVA ERA;Ausência de reação do condutor;Saída de leito carroçável;Com Vítimas Fatais;Plena Noite;Crescente;Céu Claro;Simples;"Reta;Declive;Ponte";Sim;1;1;0;0;0;0;0;1;-19,81025584;-43,06303471;SPRF-MG;DEL03-MG;UOP01-DEL03-MG
612365;06/07/2024;sábado;03:00:00;SP;381;2;VARGEM;Reação tardia ou ineficiente do condutor;Saída de leito carroçável;Com Vítimas Feridas;Plena Noite;Crescente;Nublado;Dupla;Curva;Não;1;0;1;0;0;0;1;1;-22,88187369;-46,39059388;SPRF-SP;DEL03-SP;UOP02-DEL03-SP
612366;06/07/2024;sábado;02:00:00;RJ;393;141;SAPUCAIA;Ausência de reação do condutor;Saída de leito carroçável;Com Vítimas Feridas;Plena Noite;Crescente;Céu Claro;Simples;Curva;Sim;1;0;1;0;0;0;1;1;-22,01538533;-42,95593273;SPRF-RJ;DEL05-RJ;UOP01-DEL05-RJ
612367;06/07/2024;sábado;02:20:00;RJ;101;57;CAMPOS DOS GOYTACAZES;Transitar na contramão;Colisão lateral sentido oposto;Com Vítimas Feridas;Plena Noite;Decrescente;Céu Claro;Simples;Reta;Não;2;0;1;0;1;0;1;2;-21,69602101;-41,31017467;SPRF-RJ;DEL08-RJ;UOP01-DEL08-RJ
612369;06/07/2024;sábado;04:15:00;PE;232;409;SERRA TALHADA;Pedestre andava na pista;Atropelamento de Pedestre;Com Vítimas Feridas;Plena Noite;Decrescente;Garoa/Chuvisco;Simples;Reta;Sim;2;0;0;1;0;1;1;2;-7,981944;-38,289467;SPRF-PE;DEL04-PE;UOP01-DEL04-PE
612370;06/07/2024;sábado;03:10:00;PR;277;621;CEU AZUL;Reação tardia ou ineficiente do condutor;Colisão lateral sentido oposto;Sem Vítimas;Plena Noite;Decrescente;Nublado;Simples;Reta;Não;3;0;0;0;3;0;0;2;-25,08676125;-53,7195729;SPRF-PR;DEL05-PR;UOP02-DEL05-PR
612371;06/07/2024;sábado;04:00:00;SC;101;215,4;PALHOCA;Ausência de reação do condutor;Colisão com objeto;Com Vítimas Fatais;Plena Noite;Crescente;Chuva;Múltipla;Curva;Sim;2;1;0;0;0;1;0;2;-27,6548852;-48,6782229;SPRF-SC;DEL01-SC;UOP02-DEL01-SC
612373;06/07/2024;sábado;02:30:00;PR;163;15,5;BOM JESUS DO SUL;Velocidade Incompatível;Saída de leito carroçável;Sem Vítimas;Plena Noite;Decrescente;Céu Claro;Simples;Reta;Não;1;0;0;0;0;1;0;1;-26,203762;-53,64154;SPRF-PR;DEL02-PR;UOP02-DEL02-PR
612375;06/07/2024;sábado;04:30:00;RJ;116;188;NOVA IGUACU;Condutor Dormindo;Colisão traseira;Com Vítimas Feridas;Plena Noite;Crescente;Céu Claro;Dupla;Reta;Não;2;0;1;0;1;0;1;2;-22,7380709;-43,48213999;SPRF-RJ;DEL06-RJ;UOP01-DEL06-RJ
612376;06/07/2024;sábado;02:50:00;AL;316;146,3;PALMEIRA DOS INDIOS;Ingestão de álcool pelo condutor;Colisão lateral sentido oposto;Com Vítimas Feridas;Plena Noite;Crescente;Garoa/Chuvisco;Simples;"Declive;Reta";Não;3;0;1;1;1;0;2;2;-9,39971849;-36,70463391;SPRF-AL;DEL03-AL;UOP01-DEL03-AL
612377;06/07/2024;sábado;02:45:00;MS;163;423,5;CAMPO GRANDE;Ausência de reação do condutor;Saída de leito carroçável;Sem Vítimas;Plena Noite;Crescente;Céu Claro;Simples;"Declive;Reta";Não;2;0;0;0;0;2;0;2;-20,96414607;-54,50314447;SPRF-MS;DEL01-MS;UOP01-DEL01-MS
612378;06/07/2024;sábado;03:00:00;SC;470;174,8;POUSO REDONDO;Transitar na contramão;Colisão frontal;Com Vítimas Feridas;Plena Noite;Crescente;Garoa/Chuvisco;Simples;Reta;Não;3;0;1;2;0;0;3;3;-27,258179;-49,929146;SPRF-SC;DEL04-SC;UOP02-DEL04-SC
612379;06/07/2024;sábado;04:50:00;SC;470;177;POUSO REDONDO;Velocidade Incompatível;Saída de leito carroçável;Com Vítimas Feridas;Plena Noite;Crescente;Garoa/Chuvisco;Simples;Rotatória;Sim;2;0;1;0;1;0;1;1;-27,251858;-49,958;SPRF-SC;DEL04-SC;UOP02-DEL04-SC
612380;06/07/2024;sábado;04:30:00;MG;116;701,9;MURIAE;Condutor deixou de manter distância do veículo da frente;Engavetamento;Com Vítimas Feridas;Plena Noite;Crescente;Céu Claro;Simples;"Interseção de Vias;Reta";Sim;3;0;2;0;0;1;2;3;-21,121505;-42,379864;SPRF-MG;DEL07-MG;UOP02-DEL07-MG
612381;06/07/2024;sábado;05:32:00;MG;381;502,5;BETIM;Ausência de reação do condutor;Colisão traseira;Com Vítimas Feridas;Amanhecer;Decrescente;Céu Claro;Dupla;Reta;Sim;3;0;1;0;2;0;1;2;-20,03619694;-44,24586303;SPRF-MG;DEL01-MG;UOP03-DEL01-MG
612382;06/07/2024;sábado;01:30:00;MG;365;336;JOAO PINHEIRO;Reação tardia ou ineficiente do condutor;Saída de leito carroçável;Com Vítimas Feridas;Plena Noite;Crescente;Céu Claro;Simples;Reta;Não;1;0;1;0;0;0;1;1;-18,30328405;-45,95152297;SPRF-MG;DEL10-MG;UOP01-DEL10-MG
612384;06/07/2024;sábado;03:00:00;GO;153;273,3;NOVA GLORIA;Reação tardia ou ineficiente do condutor;Saída de leito carroçável;Com Vítimas Feridas;Plena Noite;Crescente;Céu Claro;Simples;Reta;Não;4;0;3;0;1;0;3;1;-15,092429;-49,471367;SPRF-GO;DEL07-GO;UOP02-DEL07-GO
612385;06/07/2024;sábado;04:40:00;MT;158;766;BARRA DO GARCAS;Ultrapassagem Indevida;Colisão frontal;Com Vítimas Fatais;Plena Noite;Decrescente;Céu Claro;Simples;Reta;Não;6;1;5;0;0;0;5;2;-15,63445798;-52,20803546;SPRF-MT;DEL07-MT;UOP01-DEL07-MT
612386;06/07/2024;sábado;05:00:00;GO;70;320;JUSSARA;Ausência de reação do condutor;Colisão com objeto;Sem Vítimas;Amanhecer;Decrescente;Céu Claro;Dupla;Curva;Sim;1;0;0;0;0;1;0;1;-15,87847051;-50,87979913;SPRF-GO;DEL04-GO;UOP02-DEL04-GO
612387;06/07/2024;sábado;04:00:00;SC;282;411;CATANDUVAS;Ausência de reação do condutor;Saída de leito carroçável;Sem Vítimas;Plena Noite;Crescente;Garoa/Chuvisco;Simples;"Declive;Reta";Não;1;0;0;0;0;1;0;1;-27,059202;-51,680046;SPRF-SC;DEL07-SC;UOP05-DEL07-SC
612388;06/07/2024;sábado;05:20:00;PR;373;406;CANDOI;Reação tardia ou ineficiente do condutor;Saída de leito carroçável;Com Vítimas Fatais;Plena Noite;Crescente;Garoa/Chuvisco;Simples;Curva;Não;4;1;0;2;0;1;2;1;-25,61612487;-52,06309407;SPRF-PR;DEL08-PR;UOP01-DEL08-PR
612389;06/07/2024;sábado;04:10:00;PR;373;425;CANDOI;Estacionar ou parar em local proibido;Colisão transversal;Com Vítimas Feridas;Plena Noite;Crescente;Céu Claro;Simples;Reta;Não;3;0;1;0;1;1;1;2;-25,71668299;-52,19796401;SPRF-PR;DEL08-PR;UOP01-DEL08-PR
612390;05/07/2024;sexta-feira;19:45:00;RJ;40;54;PETROPOLIS;Acessar a via sem observar a presença dos outros veículos;Queda de ocupante de veículo;Com Vítimas Feridas;Plena Noite;Crescente;Céu Claro;Dupla;Curva;Não;1;0;1;0;0;0;1;1;-22,34627607;-43,12411304;SPRF-RJ;DEL05-RJ;UOP02-DEL05-RJ
612391;05/07/2024;sexta-feira;19:50:00;MG;40;142,1;JOAO PINHEIRO;Entrada inopinada do pedestre;Atropelamento de Pedestre;Com Vítimas Feridas;Plena Noite;Decrescente;Céu Claro;Simples;Reta;Sim;6;0;0;1;4;1;1;2;-17,740382;-46,185728;SPRF-MG;DEL14-MG;UOP01-DEL14-MG
612392;06/07/2024;sábado;05:50:00;SC;282;51,7;AGUAS MORNAS;Manobra de mudança de faixa;Colisão frontal;Com Vítimas Fatais;Amanhecer;Decrescente;Chuva;Simples;"Declive;Curva";Não;2;1;0;0;1;0;0;2;-27,6988318;-48,9635623;SPRF-SC;DEL01-SC;UOP03-DEL01-SC
612393;05/07/2024;sexta-feira;18:00:00;MG;381;533,7;ITATIAIUCU;Manobra de mudança de faixa;Colisão lateral mesmo sentido;Sem Vítimas;Plena Noite;Crescente;Nublado;Dupla;"Reta;Interseção de Vias";Sim;2;0;0;0;2;0;0;2;-20,17995533;-44,37833548;SPRF-MG;DEL04-MG;UOP03-DEL04-MG
612394;06/07/2024;sábado;06:00:00;ES;101;170,1;LINHARES;Transitar na contramão;Colisão frontal;Com Vítimas Feridas;Amanhecer;Decrescente;Céu Claro;Simples;Reta;Não;6;0;4;0;1;1;4;3;-19,54971588;-40,16824317;SPRF-ES;DEL04-ES;UOP01-DEL04-ES
612395;06/07/2024;sábado;06:00:00;SP;262;320;CASTILHO;Transitar na contramão;Colisão lateral mesmo sentido;Com Vítimas Feridas;Pleno dia;Decrescente;Céu Claro;Simples;Reta;Não;3;0;2;1;0;0;3;3;-20,788912;-51,609583;SPRF-MS;DEL07-MS;UOP01-DEL07-MS
612396;06/07/2024;sábado;06:29:00;SC;280;23,2;ARAQUARI;Ultrapassagem Indevida;Colisão frontal;Com Vítimas Fatais;Plena Noite;Crescente;Céu Claro;Simples;Curva;Sim;3;1;1;0;1;0;1;2;-26,37146;-48,711887;SPRF-SC;DEL03-SC;UOP03-DEL03-SC
612398;05/07/2024;sexta-feira;17:00:00;MG;381;402;BOM JESUS DO AMPARO;Pedestre andava na pista;Atropelamento de Pedestre;Com Vítimas Feridas;Anoitecer;Crescente;Céu Claro;Dupla;"Declive;Reta";Sim;2;0;0;1;1;0;1;2;-19,75364097;-43,52827802;SPRF-MG;DEL01-MG;UOP01-DEL01-MG
612399;06/07/2024;sábado;05:50:00;RS;470;250,5;BARAO;Ausência de reação do condutor;Saída de leito carroçável;Sem Vítimas;Plena Noite;Crescente;Nevoeiro/Neblina;Simples;Reta;Não;2;0;0;0;2;0;0;1;-29,40895951;-51,51672721;SPRF-RS;DEL06-RS;UOP01-DEL06-RS
612400;06/07/2024;sábado;06:49:00;RS;290;81;GRAVATAI;Velocidade Incompatível;Colisão traseira;Com Vítimas Feridas;Amanhecer;Decrescente;Céu Claro;Múltipla;Reta;Não;2;0;0;1;1;0;1;2;-29,954445;-51,06881;SPRF-RS;DEL01-RS;UOP01-DEL01-RS
612401;06/07/2024;sábado;06:10:00;RS;392;81;PELOTAS;Ausência de reação do condutor;Saída de leito carroçável;Sem Vítimas;Amanhecer;Crescente;Céu Claro;Simples;Aclive;Não;1;0;0;0;0;1;0;1;-31,66857878;-52,46031269;SPRF-RS;DEL07-RS;UOP01-DEL07-RS
612404;06/07/2024;sábado;05:50:00;PR;369;186;ARAPONGAS;Acesso irregular;Colisão transversal;Com Vítimas Feridas;Amanhecer;Crescente;Céu Claro;Simples;Reta;Não;3;0;1;0;2;0;1;2;-23,412209;-51,427362;SPRF-PR;DEL07-PR;UOP03-DEL07-PR
612405;05/07/2024;sexta-feira;23:30:00;PR;116;9;CAMPINA GRANDE DO SUL;Ausência de reação do condutor;Capotamento;Sem Vítimas;Plena Noite;Crescente;Nevoeiro/Neblina;Dupla;Curva;Não;1;0;0;0;0;1;0;1;-25,08319454;-48,63391824;SPRF-PR;DEL01-PR;UOP02-DEL01-PR
612407;19/05/2024;domingo;06:40:00;PE;232;10;JABOATAO DOS GUARARAPES;Pista Escorregadia;Queda de ocupante de veículo;Com Vítimas Feridas;Pleno dia;Decrescente;Ignorado;Dupla;"Interseção de Vias;Curva";Não;1;0;1;0;0;0;1;1;-8,08141705;-34,99414265;SPRF-PE;DEL01-PE;UOP01-DEL01-PE
612408;06/07/2024;sábado;05:35:00;AL;316;84;SANTANA DO IPANEMA;Reação tardia ou ineficiente do condutor;Colisão traseira;Com Vítimas Feridas;Pleno dia;Decrescente;Garoa/Chuvisco;Simples;Reta;Sim;3;0;1;0;2;0;1;2;-9,36681348;-37,25183498;SPRF-AL;DEL03-AL;UOP02-DEL03-AL
612409;06/07/2024;sábado;06:20:00;RJ;101;558;PARATY;Velocidade Incompatível;Colisão frontal;Com Vítimas Fatais;Amanhecer;Decrescente;Céu Claro;Simples;Curva;Não;3;1;1;0;0;1;1;2;-23,09727792;-44,70328307;SPRF-RJ;DEL03-RJ;UOP04-DEL03-RJ
612410;06/07/2024;sábado;07:10:00;SC;282;3,7;FLORIANOPOLIS;Reação tardia ou ineficiente do condutor;Colisão com objeto;Com Vítimas Feridas;Pleno dia;Crescente;Garoa/Chuvisco;Múltipla;Reta;Sim;1;0;1;0;0;0;1;1;-27,600384;-48,599705;SPRF-SC;DEL01-SC;UOP01-DEL01-SC
612412;06/07/2024;sábado;04:00:00;RS;468;128;TIRADENTES DO SUL;Reação tardia ou ineficiente do condutor;Saída de leito carroçável;Com Vítimas Feridas;Plena Noite;Crescente;Nublado;Simples;Curva;Não;2;0;0;2;0;0;2;1;-27,36466325;-54,11625481;SPRF-RS;DEL08-RS;UOP02-DEL08-RS
612413;06/07/2024;sábado;06:50:00;SP;116;51,2;LORENA;Acumulo de areia ou detritos sobre o pavimento;Tombamento;Com Vítimas Feridas;Pleno dia;Crescente;Céu Claro;Dupla;"Curva;Declive";Não;1;0;1;0;0;0;1;1;-22,74157511;-45,09206392;SPRF-SP;DEL08-SP;UOP02-DEL08-SP
612414;06/07/2024;sábado;06:15:00;SP;153;195;GETULINA;Acessar a via sem observar a presença dos outros veículos;Colisão transversal;Com Vítimas Feridas;Amanhecer;Crescente;Céu Claro;Simples;Interseção de Vias;Não;3;0;2;0;1;0;2;2;-21,776442;-49,89232;SPRF-SP;DEL07-SP;UOP01-DEL07-SP
612416;06/07/2024;sábado;07:30:00;SP;116;219;GUARULHOS;Ingestão de substâncias psicoativas pelo condutor;Saída de leito carroçável;Sem Vítimas;Pleno dia;Decrescente;Céu Claro;Múltipla;Reta;Sim;1;0;0;0;1;0;0;1;-23,46143954;-46,48885316;SPRF-SP;DEL01-SP;UOP01-DEL01-SP
612417;06/07/2024;sábado;07:30:00;SP;116;219;GUARULHOS;Trafegar com motocicleta (ou similar) entre as faixas;Colisão lateral mesmo sentido;Com Vítimas Feridas;Amanhecer;Crescente;Nublado;Múltipla;Reta;Sim;3;0;1;0;2;0;1;3;-23,46143954;-46,48885316;SPRF-SP;DEL01-SP;UOP01-DEL01-SP
612418;06/07/2024;sábado;05:15:00;RS;285;126,3;VACARIA;Pedestre andava na pista;Atropelamento de Pedestre;Com Vítimas Fatais;Plena Noite;Decrescente;Chuva;Simples;Reta;Não;2;1;0;0;0;1;0;2;-28,476643;-50,96656;SPRF-RS;DEL05-RS;UOP03-DEL05-RS
612419;06/07/2024;sábado;07:15:00;PB;230;27;JOAO PESSOA;Reação tardia ou ineficiente do condutor;Tombamento;Com Vítimas Feridas;Pleno dia;Decrescente;Chuva;Dupla;Reta;Sim;2;0;2;0;0;0;2;1;-7,1677;-34,8855;SPRF-PB;DEL01-PB;UOP01-DEL01-PB
612420;06/07/2024;sábado;07:30:00;SP;116;330;JUQUITIBA;Reação tardia ou ineficiente do condutor;Saída de leito carroçável;Sem Vítimas;Pleno dia;Decrescente;Céu Claro;Dupla;"Declive;Reta";Não;1;0;0;0;1;0;0;1;-23,9477795;-47,0994934;SPRF-SP;DEL04-SP;UOP03-DEL04-SP
612421;06/07/2024;sábado;07:10:00;GO;60;195;GUAPO;Reação tardia ou ineficiente do condutor;Atropelamento de Pedestre;Com Vítimas Fatais;Pleno dia;Crescente;Céu Claro;Dupla;Curva;Não;4;1;0;0;0;3;0;2;-16,8523;-49,5775;SPRF-GO;DEL01-GO;UOP02-DEL01-GO
612423;06/07/2024;sábado;07:45:00;SC;470;37;GASPAR;Velocidade Incompatível;Colisão traseira;Com Vítimas Feridas;Pleno dia;Decrescente;Garoa/Chuvisco;Múltipla;Curva;Não;6;0;2;0;4;0;2;3;-26,912727;-48,978043;SPRF-SC;DEL04-SC;UOP01-DEL04-SC
612424;06/07/2024;sábado;06:30:00;SC;282;415;CATANDUVAS;Ingestão de álcool pelo condutor;Saída de leito carroçável;Com Vítimas Feridas;Plena Noite;Decrescente;Céu Claro;Simples;"Declive;Curva";Não;2;0;1;0;0;1;1;1;-27,039997;-51,708958;SPRF-SC;DEL07-SC;UOP05-DEL07-SC
612425;06/07/2024;sábado;07:35:00;SP;381;65;MAIRIPORA;Reação tardia ou ineficiente do condutor;Colisão traseira;Com Vítimas Feridas;Pleno dia;Crescente;Nublado;Dupla;Reta;Sim;4;0;1;0;3;0;1;2;-23,316547;-46,58251;SPRF-SP;DEL03-SP;UOP01-DEL03-SP
612427;06/07/2024;sábado;05:30:00;MG;365;0;MONTES CLAROS;Acesso irregular;Colisão lateral mesmo sentido;Com Vítimas Feridas;Amanhecer;Crescente;Céu Claro;Simples;Reta;Sim;3;0;1;0;2;0;1;2;-16,716154;-43,863327;SPRF-MG;DEL12-MG;UOP01-DEL12-MG
612428;06/07/2024;sábado;08:50:00;PR;487;178;CAMPO MOURAO;Condutor Dormindo;Saída de leito carroçável;Com Vítimas Feridas;Pleno dia;Decrescente;Céu Claro;Simples;Declive;Não;1;0;0;1;0;0;1;1;-24,04318572;-52,40047987;SPRF-PR;DEL09-PR;UOP03-DEL09-PR
612429;06/07/2024;sábado;05:50:00;RJ;40;83;PETROPOLIS;Velocidade Incompatível;Colisão com objeto;Com Vítimas Feridas;Amanhecer;Decrescente;Nublado;Simples;Curva;Não;1;0;1;0;0;0;1;1;-22,51910302;-43,22873364;SPRF-RJ;DEL01-RJ;UOP01-DEL01-RJ
612430;06/07/2024;sábado;08:30:00;DF;70;4,6;BRASILIA;Ausência de reação do condutor;Colisão traseira;Com Vítimas Feridas;Pleno dia;Crescente;Céu Claro;Dupla;Reta;Não;3;0;1;0;2;0;1;2;-15,798115;-48,089317;SPRF-DF;DEL03-DF;UOP02-DEL03-DF
612431;06/07/2024;sábado;08:50:00;BA;101;713;EUNAPOLIS;Acessar a via sem observar a presença dos outros veículos;Colisão transversal;Com Vítimas Feridas;Pleno dia;Decrescente;Chuva;Simples;Reta;Sim;2;0;1;0;1;0;1;2;-16,5089598;-39,5770756;SPRF-BA;DEL09-BA;UOP01-DEL09-BA
612432;05/07/2024;sexta-feira;19:30:00;RS;471;156,7;RIO PARDO;Ausência de reação do condutor;Saída de leito carroçável;Sem Vítimas;Plena Noite;Crescente;Nublado;Simples;Reta;Não;1;0;0;0;0;1;0;1;-29,870108;-52,390018;SPRF-RS;DEL02-RS;UOP03-DEL02-RS
612434;06/07/2024;sábado;05:15:00;MG;365;502;PATROCINIO;Ultrapassagem Indevida;Colisão frontal;Com Vítimas Feridas;Amanhecer;Crescente;Céu Claro;Simples;Curva;Não;5;0;5;0;0;0;5;2;-18,95990548;-47,24650221;SPRF-MG;DEL10-MG;UOP01-DEL10-MG
612435;06/07/2024;sábado;09:30:00;SP;381;41,1;ATIBAIA;Velocidade Incompatível;Colisão traseira;Com Vítimas Feridas;Pleno dia;Decrescente;Céu Claro;Dupla;"Reta;Aclive";Sim;7;0;5;2;0;0;7;2;-23,13863999;-46,57584088;SPRF-SP;DEL03-SP;UOP01-DEL03-SP
612438;06/07/2024;sábado;09:20:00;MS;163;91,1;ITAQUIRAI;Demais falhas mecânicas ou elétricas;Incêndio;Sem Vítimas;Pleno dia;Crescente;Nublado;Simples;"Reta;Declive";Não;3;0;0;0;3;0;0;1;-23,36116304;-54,2147073;SPRF-MS;DEL09-MS;UOP01-DEL09-MS
612439;06/07/2024;sábado;08:50:00;BA;101;890;TEIXEIRA DE FREITAS;Avarias e/ou desgaste excessivo no pneu;Queda de ocupante de veículo;Com Vítimas Feridas;Pleno dia;Decrescente;Céu Claro;Simples;Reta;Não;2;0;1;0;1;0;1;1;-17,61780545;-39,76300478;SPRF-BA;DEL09-BA;UOP02-DEL09-BA
612440;06/07/2024;sábado;10:10:00;MG;116;414;GOVERNADOR VALADARES;Condutor deixou de manter distância do veículo da frente;Colisão traseira;Com Vítimas Feridas;Pleno dia;Crescente;Nublado;Simples;"Ponte;Reta";Sim;3;0;1;0;2;0;1;2;-18,88102703;-41,95910802;SPRF-MG;DEL06-MG;UOP01-DEL06-MG
612441;06/07/2024;sábado;10:00:00;MG;381;829;CAREACU;Reação tardia ou ineficiente do condutor;Capotamento;Com Vítimas Feridas;Pleno dia;Crescente;Céu Claro;Dupla;Curva;Não;2;0;2;0;0;0;2;1;-22,11050646;-45,74557538;SPRF-MG;DEL16-MG;UOP01-DEL16-MG
612443;06/07/2024;sábado;09:50:00;SE;101;140,8;ESTANCIA;Chuva;Colisão com objeto;Com Vítimas Feridas;Pleno dia;Crescente;Chuva;Dupla;Reta;Não;3;0;1;1;1;0;2;1;-11,17299592;-37,39772218;SPRF-SE;DEL02-SE;UOP01-DEL02-SE
612444;06/07/2024;sábado;10:00:00;RS;392;352;SANTA MARIA;Acessar a via sem observar a presença dos outros veículos;Colisão transversal;Com Vítimas Feridas;Pleno dia;Crescente;Céu Claro;Dupla;Rotatória;Sim;2;0;1;0;1;0;1;2;-29,72445863;-53,80609453;SPRF-RS;DEL09-RS;UOP01-DEL09-RS
612446;06/07/2024;sábado;09:00:00;PR;476;116,3;COLOMBO;Reação tardia ou ineficiente do condutor;Atropelamento de Pedestre;Sem Vítimas;Pleno dia;Crescente;Nublado;Simples;Reta;Sim;2;0;0;0;1;1;0;2;-25,34990862;-49,16669905;SPRF-PR;DEL01-PR;UOP01-DEL01-PR
612447;06/07/2024;sábado;09:15:00;MT;364;266;SAO PEDRO DA CIPA;Acessar a via sem observar a presença dos outros veículos;Colisão traseira;Com Vítimas Feridas;Pleno dia;Decrescente;Sol;Dupla;"Interseção de Vias;Reta";Não;4;0;0;1;3;0;1;2;-15,995969;-54,92259699;SPRF-MT;DEL02-MT;UOP01-DEL02-MT
612448;06/07/2024;sábado;09:55:00;SC;101;142;ITAPEMA;Ausência de reação do condutor;Saída de leito carroçável;Com Vítimas Feridas;Pleno dia;Decrescente;Garoa/Chuvisco;Dupla;Reta;Não;1;0;1;0;0;0;1;1;-27,056089;-48,599449;SPRF-SC;DEL04-SC;UOP03-DEL04-SC