id;data_inversa;dia_semana;horario;uf;br;km;municipio;causa_acidente;tipo_acidente;classificacao_acidente;fase_dia;sentido_via;condicao_metereologica;tipo_pista;tracado_via;uso_solo;pessoas;mortos;feridos_leves;feridos_graves;ilesos;ignorados;feridos;veiculos;latitude;longitude;regional;delegacia;uop
612570;06/07/2024;sábado;18:10:00;PE;101;53,3;PAULISTA;Acumulo de areia ou detritos sobre o pavimento;Colisão lateral sentido oposto;Com Vítimas Feridas;Anoitecer;Crescente;Chuva;Múltipla;"Declive;Curva";Não;3;0;1;0;2;0;1;3;-7,93124094;-34,90068606;SPRF-PE;DEL01-PE;UOP02-DEL01-PE
612571;06/07/2024;sábado;18:20:00;SP;116;137,5;SAO JOSE DOS CAMPOS;Reação tardia ou ineficiente do condutor;Colisão traseira;Sem Vítimas;Plena Noite;Crescente;Céu Claro;Dupla;Reta;Sim;3;0;0;0;3;0;0;3;-23,15300766;-45,78709317;SPRF-SP;DEL02-SP;UOP01-DEL02-SP
612572;06/07/2024;sábado;19:20:00;PR;376;93,1;PARANAVAI;Ultrapassagem Indevida;Colisão frontal;Com Vítimas Feridas;Plena Noite;Crescente;Nublado;Simples;Curva;Não;4;0;3;0;1;0;3;2;-23,01047518;-52,53939986;SPRF-PR;DEL09-PR;UOP02-DEL09-PR
612573;06/07/2024;sábado;19:40:00;BA;101;190;CONCEICAO DA FEIRA;Animais na Pista;Atropelamento de Animal;Com Vítimas Feridas;Plena Noite;Crescente;Céu Claro;Simples;Reta;Não;1;0;1;0;0;0;1;1;-12,59306904;-38,98826795;SPRF-BA;DEL01-BA;UOP03-DEL01-BA
612576;17/06/2024;segunda-feira;19:20:00;PR;476;288,1;SAO MATEUS DO SUL;Ultrapassagem Indevida;Colisão frontal;Com Vítimas Feridas;Plena Noite;Decrescente;Nevoeiro/Neblina;Simples;Reta;Não;5;0;2;2;1;0;4;2;-25,926044;-50,464188;SPRF-PR;DEL02-PR;UOP03-DEL02-PR
612577;06/07/2024;sábado;19:00:00;MT;163;1037;MATUPA;Transitar na contramão;Colisão frontal;Com Vítimas Feridas;Plena Noite;Crescente;Céu Claro;Simples;Reta;Não;3;0;0;1;2;0;1;3;-10,18960136;-54,94899988;SPRF-MT;DEL06-MT;UOP03-DEL06-MT
612578;06/07/2024;sábado;15:40:00;SP;381;62;MAIRIPORA;Ausência de reação do condutor;Colisão lateral mesmo sentido;Com Vítimas Feridas;Pleno dia;Decrescente;Céu Claro;Simples;"Reta;Aclive";Sim;3;0;1;0;0;2;1;2;-23,29437896;-46,57254696;SPRF-SP;DEL03-SP;UOP01-DEL03-SP
612579;06/07/2024;sábado;20:08:00;MG;381;478,5;CONTAGEM;Pedestre cruzava a pista fora da faixa;Atropelamento de Pedestre;Com Vítimas Fatais;Plena Noite;Decrescente;Céu Claro;Múltipla;Declive;Sim;2;1;0;0;1;0;0;2;-19,95826094;-44,05921101;SPRF-MG;DEL01-MG;UOP03-DEL01-MG
612580;06/07/2024;sábado;19:30:00;PR;277;36,4;MORRETES;Avarias e/ou desgaste excessivo no pneu;Saída de leito carroçável;Sem Vítimas;Plena Noite;Decrescente;Chuva;Dupla;Curva;Não;1;0;0;0;1;0;0;1;-25,57096438;-48,83912355;SPRF-PR;DEL01-PR;UOP05-DEL01-PR
612581;06/07/2024;sábado;19:30:00;PR;272;400,6;FAROL;Demais falhas mecânicas ou elétricas;Queda de ocupante de veículo;Com Vítimas Feridas;Plena Noite;Crescente;Céu Claro;Simples;Reta;Sim;2;0;0;2;0;0;2;1;-24,0935353;-52,69411585;SPRF-PR;DEL09-PR;UOP03-DEL09-PR
612583;06/07/2024;sábado;18:25:00;SC;282;52,1;AGUAS MORNAS;Chuva;Colisão frontal;Com Vítimas Feridas;Anoitecer;Crescente;Chuva;Simples;"Curva;Aclive";Não;7;0;4;2;1;0;6;3;-27,696936;-48,964138;SPRF-SC;DEL01-SC;UOP03-DEL01-SC
612584;06/07/2024;sábado;17:10:00;BA;101;204;GOVERNADOR MANGABEIRA;Transitar na contramão;Colisão lateral sentido oposto;Com Vítimas Feridas;Anoitecer;Decrescente;Chuva;Dupla;Reta;Não;5;0;2;0;3;0;2;2;-12,63317306;-39,09398987;SPRF-BA;DEL01-BA;UOP02-DEL01-BA
612585;06/07/2024;sábado;19:40:00;RS;290;580,5;ALEGRETE;Animais na Pista;Atropelamento de Animal;Com Vítimas Feridas;Plena Noite;Decrescente;Nublado;Simples;Reta;Não;3;0;1;2;0;0;3;1;-29,805262;-55,781088;SPRF-RS;DEL13-RS;UOP02-DEL13-RS
612586;06/07/2024;sábado;17:50:00;SC;282;550;NOVA ITABERABA;Neblina;Colisão frontal;Com Vítimas Feridas;Anoitecer;Decrescente;Nevoeiro/Neblina;Simples;Reta;Sim;4;0;2;1;1;0;3;2;-26,958057;-52,771416;SPRF-SC;DEL07-SC;UOP01-DEL07-SC
612587;06/07/2024;sábado;19:35:00;PR;277;530,8;CAMPO BONITO;Acessar a via sem observar a presença dos outros veículos;Colisão transversal;Com Vítimas Feridas;Plena Noite;Decrescente;Garoa/Chuvisco;Simples;Reta;Não;2;0;0;1;1;0;1;2;-25,091649;-52,949265;SPRF-PR;DEL04-PR;UOP04-DEL04-PR
612588;06/07/2024;sábado;19:10:00;RJ;40;53;PETROPOLIS;Demais falhas mecânicas ou elétricas;Queda de ocupante de veículo;Com Vítimas Feridas;Plena Noite;Crescente;Céu Claro;Dupla;Reta;Não;1;0;1;0;0;0;1;1;-22,34399896;-43,13243691;SPRF-RJ;DEL05-RJ;UOP02-DEL05-RJ
612589;06/07/2024;sábado;20:42:00;MA;230;404;BALSAS;Ausência de reação do condutor;Colisão lateral mesmo sentido;Com Vítimas Feridas;Plena Noite;Crescente;Céu Claro;Simples;Rotatória;Sim;2;0;0;1;0;1;1;2;-7,52339895;-46,04122203;SPRF-MA;DEL05-MA;UOP01-DEL05-MA
612590;06/07/2024;sábado;19:30:00;PE;104;67;CARUARU;Transitar no Acostamento;Colisão traseira;Com Vítimas Feridas;Plena Noite;Crescente;Céu Claro;Dupla;Reta;Sim;3;0;1;0;1;1;1;2;-8,3016;-35,9882;SPRF-PE;DEL02-PE;UOP01-DEL02-PE
612591;06/07/2024;sábado;17:30:00;RO;364;423,8;JARU;Condutor deixou de manter distância do veículo da frente;Colisão traseira;Com Vítimas Feridas;Pleno dia;Decrescente;Sol;Simples;"Em Obras;Desvio Temporário";Sim;2;0;1;0;1;0;1;2;-10,4507659;-62,46173223;SPRF-RO;DEL03-RO;UOP02-DEL03-RO
612593;06/07/2024;sábado;13:45:00;GO;153;239;SAO LUIZ DO NORTE;Avarias e/ou desgaste excessivo no pneu;Eventos atípicos;Com Vítimas Feridas;Pleno dia;Crescente;Céu Claro;Simples;Reta;Não;2;0;2;0;0;0;2;1;-14,831887;-49,30484;SPRF-GO;DEL07-GO;UOP02-DEL07-GO
612594;06/07/2024;sábado;20:40:00;PR;163;146,3;SANTA LUCIA;Ingestão de álcool pelo condutor;Saída de leito carroçável;Com Vítimas Feridas;Plena Noite;Decrescente;Céu Claro;Dupla;Reta;Não;1;0;1;0;0;0;1;1;-25,45252699;-53,58199031;SPRF-PR;DEL05-PR;UOP05-DEL05-PR
612595;06/07/2024;sábado;21:30:00;CE;116;3;FORTALEZA;Acessar a via sem observar a presença dos outros veículos;Colisão transversal;Com Vítimas Feridas;Plena Noite;Decrescente;Céu Claro;Múltipla;Reta;Sim;2;0;1;0;1;0;1;2;-3,78511;-38,511852;SPRF-CE;DEL01-CE;UOP02-DEL01-CE
612596;06/07/2024;sábado;22:05:00;MG;50;54;ARAGUARI;Ingestão de álcool pelo condutor;Saída de leito carroçável;Sem Vítimas;Plena Noite;Crescente;Céu Claro;Dupla;Declive;Não;1;0;0;0;1;0;0;1;-18,76664393;-48,24409132;SPRF-MG;DEL15-MG;UOP02-DEL15-MG
612597;06/07/2024;sábado;20:40:00;PE;423;119;PARANATAMA;Chuva;Eventos atípicos;Com Vítimas Feridas;Plena Noite;Crescente;Chuva;Simples;Reta;Não;3;0;0;3;0;0;3;3;-8,91114371;-36,68650907;SPRF-PE;DEL03-PE;UOP01-DEL03-PE
612598;06/07/2024;sábado;20:00:00;SC;470;88;ASCURRA;Ingestão de álcool pelo condutor;Colisão com objeto;Sem Vítimas;Plena Noite;Decrescente;Garoa/Chuvisco;Simples;"Reta;Ponte";Sim;1;0;0;0;1;0;0;1;-26,955355;-49,373169;SPRF-SC;DEL04-SC;UOP01-DEL04-SC
612600;06/07/2024;sábado;22:15:00;PB;230;445;APARECIDA;Acessar a via sem observar a presença dos outros veículos;Colisão transversal;Com Vítimas Feridas;Plena Noite;Crescente;Céu Claro;Simples;Reta;Sim;2;0;1;0;0;1;1;2;-6,7856;-38,0652;SPRF-PB;DEL03-PB;UOP03-DEL03-PB
612601;06/07/2024;sábado;22:30:00;PR;277;588,7;CASCAVEL;Condutor Dormindo;Colisão lateral sentido oposto;Com Vítimas Feridas;Plena Noite;Decrescente;Nublado;Simples;"Reta;Declive";Não;2;0;1;0;1;0;1;2;-24,97369293;-53,43816604;SPRF-PR;DEL04-PR;UOP01-DEL04-PR
612602;06/07/2024;sábado;19:30:00;BA;101;812;ITAMARAJU;Reação tardia ou ineficiente do condutor;Colisão traseira;Com Vítimas Fatais;Plena Noite;Crescente;Nublado;Simples;Reta;Não;1;1;0;0;0;0;0;1;-17,058313;-39,55165;SPRF-BA;DEL09-BA;UOP02-DEL09-BA
612604;06/07/2024;sábado;22:30:00;GO;153;618,6;MORRINHOS;Ingestão de álcool pelo condutor;Colisão com objeto;Com Vítimas Feridas;Plena Noite;Crescente;Céu Claro;Dupla;Viaduto;Não;1;0;1;0;0;0;1;1;-17,7129;-49,1549;SPRF-GO;DEL03-GO;UOP01-DEL03-GO
612605;06/07/2024;sábado;22:30:00;RJ;101;306;SAO GONCALO;Ausência de reação do condutor;Queda de ocupante de veículo;Com Vítimas Feridas;Plena Noite;Crescente;Nublado;Dupla;Reta;Sim;1;0;1;0;0;0;1;1;-22,78913759;-43,00550909;SPRF-RJ;DEL02-RJ;UOP02-DEL02-RJ
612606;06/07/2024;sábado;23:00:00;SC;470;51;BLUMENAU;Acessar a via sem observar a presença dos outros veículos;Colisão transversal;Com Vítimas Feridas;Plena Noite;Decrescente;Garoa/Chuvisco;Múltipla;Reta;Sim;2;0;1;0;1;0;1;2;-26,862339;-49,084038;SPRF-SC;DEL04-SC;UOP01-DEL04-SC
612607;06/07/2024;sábado;21:30:00;SC;470;30;GASPAR;Velocidade Incompatível;Saída de leito carroçável;Sem Vítimas;Plena Noite;Decrescente;Chuva;Dupla;Reta;Não;1;0;0;0;0;1;0;1;-26,893518;-48,914028;SPRF-SC;DEL04-SC;UOP01-DEL04-SC
612608;06/07/2024;sábado;22:00:00;MT;70;367;CAMPO VERDE;Reação tardia ou ineficiente do condutor;Colisão traseira;Com Vítimas Feridas;Plena Noite;Decrescente;Céu Claro;Simples;Reta;Sim;5;0;0;1;4;0;1;2;-15,47404915;-55,01194696;SPRF-MT;DEL05-MT;UOP02-DEL05-MT
612609;06/07/2024;sábado;21:00:00;RJ;116;291,9;BARRA MANSA;Condutor Dormindo;Saída de leito carroçável;Com Vítimas Feridas;Plena Noite;Decrescente;Nublado;Dupla;"Reta;Declive";Não;1;0;1;0;0;0;1;1;-22,47234102;-44,27715902;SPRF-RJ;DEL07-RJ;UOP02-DEL07-RJ
612612;06/07/2024;sábado;23:20:00;MG;262;185;SAO DOMINGOS DO PRATA;Transitar no Acostamento;Colisão frontal;Com Vítimas Feridas;Plena Noite;Crescente;Céu Claro;Simples;Curva;Não;3;0;1;0;2;0;1;2;-19,90042846;-43,03589608;SPRF-MG;DEL03-MG;UOP01-DEL03-MG
612614;06/07/2024;sábado;22:40:00;AL;104;14;SAO JOSE DA LAJE;Velocidade Incompatível;Colisão lateral sentido oposto;Sem Vítimas;Plena Noite;Crescente;Chuva;Simples;Reta;Não;4;0;0;0;3;1;0;2;-9,00904202;-36,02981786;SPRF-AL;DEL01-AL;UOP02-DEL01-AL
612617;06/07/2024;sábado;20:29:00;PB;230;235;JUAZEIRINHO;Ausência de reação do condutor;Tombamento;Com Vítimas Fatais;Plena Noite;Crescente;Céu Claro;Simples;Reta;Não;2;1;0;0;0;1;0;2;-7,048403;-36,529903;SPRF-PB;DEL02-PB;UOP02-DEL02-PB
612618;06/07/2024;sábado;22:20:00;SP;116;27,5;SILVEIRAS;Velocidade Incompatível;Colisão com objeto;Com Vítimas Feridas;Plena Noite;Crescente;Céu Claro;Dupla;Curva;Não;1;0;1;0;0;0;1;1;-22,61994629;-44,90836974;SPRF-SP;DEL08-SP;UOP02-DEL08-SP
612619;06/07/2024;sábado;23:36:00;PI;407;575;PAULISTANA;Acessar a via sem observar a presença dos outros veículos;Colisão transversal;Com Vítimas Feridas;Plena Noite;Crescente;Céu Claro;Simples;Reta;Não;2;0;0;1;1;0;1;2;-8,14636806;-41,13225408;SPRF-PI;DEL04-PI;UOP01-DEL04-PI
612620;07/07/2024;domingo;00:00:00;GO;414;410;ABADIANIA;Ausência de reação do condutor;Colisão com objeto;Com Vítimas Fatais;Plena Noite;Crescente;Céu Claro;Simples;Rotatória;Sim;1;1;0;0;0;0;0;1;-16,05858626;-48,85401759;SPRF-GO;DEL02-GO;UOP01-DEL02-GO
612621;06/07/2024;sábado;23:00:00;GO;153;499,1;GOIANIA;Reação tardia ou ineficiente do condutor;Colisão traseira;Com Vítimas Feridas;Plena Noite;Decrescente;Céu Claro;Dupla;Reta;Sim;3;0;3;0;0;0;3;2;-16,7033;-49,2311;SPRF-GO;DEL01-GO;UOP01-DEL01-GO
612623;06/07/2024;sábado;23:10:00;BA;101;349;WENCESLAU GUIMARAES;Transitar na contramão;Colisão frontal;Com Vítimas Feridas;Plena Noite;Crescente;Nublado;Simples;Curva;Não;4;0;3;1;0;0;4;2;-13,6112866;-39,49928284;SPRF-BA;DEL05-BA;UOP03-DEL05-BA
612624;06/07/2024;sábado;22:45:00;SC;282;397,5;JOACABA;Acessar a via sem observar a presença dos outros veículos;Colisão transversal;Com Vítimas Feridas;Plena Noite;Crescente;Chuva;Simples;"Reta;Interseção de Vias";Não;3;0;0;1;1;1;1;3;-27,1507917;-51,60499334;SPRF-SC;DEL07-SC;UOP05-DEL07-SC
612625;07/07/2024;domingo;00:05:00;PA;10;353;SANTA MARIA DO PARA;Acessar a via sem observar a presença dos outros veículos;Colisão transversal;Com Vítimas Feridas;Plena Noite;Decrescente;Céu Claro;Simples;"Interseção de Vias;Reta";Sim;2;0;1;1;0;0;2;2;-1,37355006;-47,56819711;SPRF-PA;DEL01-PA;UOP02-DEL01-PA
612626;06/07/2024;sábado;23:25:00;PR;376;470;PONTA GROSSA;Ausência de reação do condutor;Saída de leito carroçável;Sem Vítimas;Plena Noite;Decrescente;Céu Claro;Dupla;Curva;Não;1;0;0;0;1;0;0;1;-25,021;-50,334;SPRF-PR;DEL03-PR;UOP01-DEL03-PR
612627;06/07/2024;sábado;23:25:00;SC;282;377,5;HERVAL DOESTE;Velocidade Incompatível;Capotamento;Com Vítimas Feridas;Plena Noite;Crescente;Chuva;Simples;Reta;Não;1;0;1;0;0;0;1;1;-27,216974;-51,470055;SPRF-SC;DEL07-SC;UOP05-DEL07-SC
612629;06/07/2024;sábado;23:45:00;SP;101;19;UBATUBA;Acessar a via sem observar a presença dos outros veículos;Colisão transversal;Com Vítimas Feridas;Plena Noite;Decrescente;Céu Claro;Simples;"Reta;Retorno Regulamentado";Não;2;0;1;0;1;0;1;2;-23,32120409;-44,90797484;SPRF-SP;DEL06-SP;UOP01-DEL06-SP
612633;07/07/2024;domingo;01:20:00;RJ;116;171;RIO DE JANEIRO;Ausência de reação do condutor;Colisão transversal;Sem Vítimas;Plena Noite;Crescente;Céu Claro;Dupla;Reta;Sim;3;0;0;0;3;0;0;2;-22,8060415;-43,34289573;SPRF-RJ;DEL06-RJ;UOP01-DEL06-RJ
612634;07/07/2024;domingo;00:45:00;PR;376;292;MAUA DA SERRA;Velocidade Incompatível;Capotamento;Com Vítimas Feridas;Plena Noite;Decrescente;Céu Claro;Dupla;Reta;Não;4;0;0;4;0;0;4;1;-23,91151143;-51,18467934;SPRF-PR;DEL07-PR;UOP02-DEL07-PR
612637;06/07/2024;sábado;21:30:00;PB;104;1,4;NOVA FLORESTA;Pedestre andava na pista;Atropelamento de Pedestre;Com Vítimas Fatais;Plena Noite;Decrescente;Chuva;Simples;Reta;Não;2;1;0;0;0;1;0;2;-6,442351;-36,20277203;SPRF-PB;DEL02-PB;UOP04-DEL02-PB
612638;06/07/2024;sábado;21:48:00;MT;364;448;VARZEA GRANDE;Reação tardia ou ineficiente do condutor;Saída de leito carroçável;Com Vítimas Feridas;Plena Noite;Decrescente;Ignorado;Simples;Curva;Não;3;0;2;0;1;0;2;1;-15,59983715;-56,20892401;SPRF-MT;DEL01-MT;UOP02-DEL01-MT
612640;06/07/2024;sábado;23:30:00;PA;316;62;CASTANHAL;Ingestão de álcool pelo condutor;Colisão traseira;Sem Vítimas;Plena Noite;Crescente;Céu Claro;Dupla;Reta;Sim;2;0;0;0;2;0;0;2;-1,29786885;-47,93764104;SPRF-PA;DEL01-PA;UOP01-DEL01-PA
612641;07/07/2024;domingo;00:50:00;PR;476;144;CURITIBA;Reação tardia ou ineficiente do condutor;Saída de leito carroçável;Sem Vítimas;Plena Noite;Decrescente;Nublado;Dupla;Curva;Sim;2;0;0;0;1;1;0;1;-25,54211234;-49,31204796;SPRF-PR;DEL01-PR;UOP06-DEL01-PR
612642;07/07/2024;domingo;00:15:00;GO;452;0;RIO VERDE;Ausência de reação do condutor;Tombamento;Com Vítimas Fatais;Plena Noite;Decrescente;Céu Claro;Simples;"Declive;Curva";Sim;1;1;0;0;0;0;0;1;-17,78613234;-50,901407;SPRF-GO;DEL04-GO;UOP01-DEL04-GO
612643;07/07/2024;domingo;01:20:00;MG;116;648;FERVEDOURO;Pedestre andava na pista;Atropelamento de Pedestre;Com Vítimas Feridas;Plena Noite;Crescente;Céu Claro;Simples;Reta;Não;3;0;2;0;0;1;2;2;-20,70304399;-42,27800019;SPRF-MG;DEL07-MG;UOP02-DEL07-MG
612644;07/07/2024;domingo;02:00:00;MG;116;625,9;ORIZANIA;Velocidade Incompatível;Saída de leito carroçável;Sem Vítimas;Plena Noite;Crescente;Céu Claro;Simples;Reta;Não;1;0;0;0;1;0;0;1;-20,53930104;-42,20536697;SPRF-MG;DEL07-MG;UOP02-DEL07-MG
612645;07/07/2024;domingo;02:00:00;SC;101;327,4;CAPIVARI DE BAIXO;Acumulo de água sobre o pavimento;Capotamento;Com Vítimas Feridas;Plena Noite;Crescente;Chuva;Dupla;"Declive;Reta";Não;3;0;3;0;0;0;3;1;-28,43023306;-48,95205197;SPRF-SC;DEL02-SC;UOP01-DEL02-SC
612646;07/07/2024;domingo;01:10:00;BA;101;190;CONCEICAO DA FEIRA;Velocidade Incompatível;Tombamento;Com Vítimas Feridas;Plena Noite;Crescente;Céu Claro;Simples;Reta;Não;2;0;1;0;1;0;1;1;-12,59306904;-38,98826795;SPRF-BA;DEL01-BA;UOP03-DEL01-BA
612647;07/07/2024;domingo;02:20:00;TO;153;674;GURUPI;Ausência de reação do condutor;Colisão com objeto;Com Vítimas Feridas;Plena Noite;Crescente;Céu Claro;Simples;"Aclive;Reta";Não;2;0;0;1;1;0;1;1;-11,74596399;-49,08518001;SPRF-TO;DEL01-TO;UOP02-DEL01-TO
612648;07/07/2024;domingo;02:15:00;GO;70;13;AGUAS LINDAS DE GOIAS;Pedestre cruzava a pista fora da faixa;Atropelamento de Pedestre;Com Vítimas Fatais;Plena Noite;Crescente;Céu Claro;Múltipla;Reta;Sim;2;1;0;0;0;1;0;2;-15,74489239;-48,31832762;SPRF-DF;DEL03-DF;UOP02-DEL03-DF
612649;07/07/2024;domingo;02:20:00;BA;116;413;FEIRA DE SANTANA;Ingestão de álcool pelo condutor;Colisão com objeto;Com Vítimas Feridas;Plena Noite;Crescente;Céu Claro;Dupla;Interseção de Vias;Sim;1;0;1;0;0;0;1;1;-12,14246805;-38,96658117;SPRF-BA;DEL02-BA;UOP01-DEL02-BA
612651;07/07/2024;domingo;00:40:00;MS;262;618,7;MIRANDA;Condutor Dormindo;Colisão com objeto;Sem Vítimas;Plena Noite;Crescente;Céu Claro;Simples;Reta;Não;1;0;0;0;0;1;0;1;-19,96733704;-56,83601909;SPRF-MS;DEL03-MS;UOP02-DEL03-MS
612652;07/07/2024;domingo;02:30:00;RS;386;439;CANOAS;Ausência de reação do condutor;Saída de leito carroçável;Sem Vítimas;Plena Noite;Decrescente;Céu Claro;Dupla;Reta;Sim;2;0;0;0;2;0;0;1;-29,871458;-51,248714;SPRF-RS;DEL04-RS;UOP02-DEL04-RS
612653;07/07/2024;domingo;01:45:00;AL;104;92,3;RIO LARGO;Ingestão de álcool pelo condutor;Colisão frontal;Sem Vítimas;Plena Noite;Crescente;Nublado;Dupla;Reta;Sim;2;0;0;0;0;2;0;1;-9,51818474;-35,80329441;SPRF-AL;DEL01-AL;UOP01-DEL01-AL
612654;07/07/2024;domingo;02:00:00;RJ;101;495,6;ANGRA DOS REIS;Ingestão de álcool pelo condutor;Colisão com objeto;Com Vítimas Feridas;Plena Noite;Decrescente;Céu Claro;Simples;Reta;Não;2;0;0;1;1;0;1;1;-22,92995799;-44,32085026;SPRF-RJ;DEL03-RJ;UOP03-DEL03-RJ
612655;07/07/2024;domingo;02:55:00;RS;116;260;CANOAS;Ingestão de álcool pelo condutor;Colisão com objeto;Com Vítimas Feridas;Plena Noite;Decrescente;Nublado;Múltipla;Reta;Sim;1;0;1;0;0;0;1;1;-29,879208;-51,18045622;SPRF-RS;DEL01-RS;UOP01-DEL01-RS
612656;07/07/2024;domingo;02:40:00;TO;153;673;GURUPI;Ingestão de álcool pelo condutor;Colisão com objeto;Com Vítimas Feridas;Plena Noite;Crescente;Céu Claro;Dupla;"Reta;Em Obras";Sim;1;0;1;0;0;0;1;1;-11,73820383;-49,08104077;SPRF-TO;DEL01-TO;UOP02-DEL01-TO
612657;07/07/2024;domingo;02:45:00;RS;158;147,6;PANAMBI;Condutor Dormindo;Colisão frontal;Com Vítimas Feridas;Plena Noite;Decrescente;Garoa/Chuvisco;Simples;Curva;Não;5;0;5;0;0;0;5;2;-28,25660916;-53,48166093;SPRF-RS;DEL10-RS;UOP02-DEL10-RS
612658;07/07/2024;domingo;02:20:00;PE;104;21,6;TAQUARITINGA DO NORTE;Reação tardia ou ineficiente do condutor;Capotamento;Sem Vítimas;Plena Noite;Crescente;Garoa/Chuvisco;Dupla;Reta;Não;1;0;0;0;0;1;0;1;-7,964189;-36,124378;SPRF-PE;DEL02-PE;UOP01-DEL02-PE
612661;07/07/2024;domingo;01:00:00;MT;163;845;SINOP;Ausência de reação do condutor;Queda de ocupante de veículo;Com Vítimas Feridas;Plena Noite;Crescente;Céu Claro;Simples;Reta;Não;1;0;1;0;0;0;1;1;-11,89877541;-55,50500735;SPRF-MT;DEL06-MT;UOP02-DEL06-MT
612662;07/07/2024;domingo;03:40:00;RJ;101;46;CAMPOS DOS GOYTACAZES;Ausência de reação do condutor;Colisão com objeto;Com Vítimas Feridas;Plena Noite;Decrescente;Céu Claro;Simples;"Reta;Retorno Regulamentado;Interseção de Vias";Não;1;0;1;0;0;0;1;1;-21,606653;-41,316651;SPRF-RJ;DEL08-RJ;UOP01-DEL08-RJ
612663;07/07/2024;domingo;03:30:00;SC;101;119;ITAJAI;Ingestão de álcool pelo condutor;Colisão com objeto;Com Vítimas Feridas;Plena Noite;Decrescente;Chuva;Múltipla;Reta;Sim;3;0;1;0;2;0;1;3;-26,9043179;-48,71555481;SPRF-SC;DEL04-SC;UOP04-DEL04-SC
612665;07/07/2024;domingo;03:15:00;RS;116;146;CAXIAS DO SUL;Condutor desrespeitou a iluminação vermelha do semáforo;Colisão traseira;Com Vítimas Feridas;Plena Noite;Decrescente;Nevoeiro/Neblina;Dupla;Reta;Não;2;0;1;0;1;0;1;2;-29,14228897;-51,13622202;SPRF-RS;DEL05-RS;UOP01-DEL05-RS
612666;07/07/2024;domingo;00:20:00;MG;40;140;JOAO PINHEIRO;Reação tardia ou ineficiente do condutor;Capotamento;Com Vítimas Feridas;Plena Noite;Decrescente;Céu Claro;Simples;"Declive;Curva";Não;1;0;1;0;0;0;1;1;-17,7389698;-46,20223198;SPRF-MG;DEL14-MG;UOP01-DEL14-MG
612667;07/07/2024;domingo;04:00:00;RO;364;199,3;PIMENTA BUENO;Manobra de mudança de faixa;Colisão frontal;Com Vítimas Feridas;Plena Noite;Decrescente;Céu Claro;Simples;Reta;Sim;3;0;0;2;1;0;2;2;-11,661617;-61,191055;SPRF-RO;DEL02-RO;UOP02-DEL02-RO
612668;07/07/2024;domingo;04:00:00;SC;280;80;CORUPA;Ingestão de álcool pelo condutor;Saída de leito carroçável;Sem Vítimas;Plena Noite;Crescente;Garoa/Chuvisco;Simples;Rotatória;Não;1;0;0;0;1;0;0;1;-26,44412189;-49,20975187;SPRF-SC;DEL06-SC;UOP03-DEL06-SC
612669;07/07/2024;domingo;05:00:00;GO;50;250;CATALAO;Condutor Dormindo;Saída de leito carroçável;Com Vítimas Feridas;Plena Noite;Crescente;Céu Claro;Dupla;Reta;Não;3;0;2;0;0;1;2;1;-17,9676;-47,7962;SPRF-GO;DEL06-GO;UOP01-DEL06-GO
612670;07/07/2024;domingo;04:20:00;SC;116;210,7;PONTE ALTA;Ingestão de álcool pelo condutor;Saída de leito carroçável;Sem Vítimas;Plena Noite;Decrescente;Chuva;Simples;"Aclive;Reta";Não;1;0;0;0;1;0;0;1;-27,508156;-50,365428;SPRF-SC;DEL05-SC;UOP03-DEL05-SC
612674;07/07/2024;domingo;03:30:00;TO;153;443;BARROLANDIA;Manobra de mudança de faixa;Colisão traseira;Com Vítimas Feridas;Plena Noite;Crescente;Céu Claro;Simples;Aclive;Não;1;0;1;0;0;0;1;1;-9,76598904;-48,70398682;SPRF-TO;DEL01-TO;UOP01-DEL01-TO
612676;07/07/2024;domingo;05:10:00;GO;153;504,2;GOIANIA;Ausência de reação do condutor;Colisão com objeto;Com Vítimas Feridas;Plena Noite;Decrescente;Vento;Dupla;Reta;Não;1;0;1;0;0;0;1;1;-16,7451;-49,2408;SPRF-GO;DEL01-GO;UOP01-DEL01-GO
612677;07/07/2024;domingo;04:30:00;MG;365;624;UBERLANDIA;Transitar na contramão;Colisão frontal;Com Vítimas Feridas;Plena Noite;Decrescente;Céu Claro;Dupla;Curva;Sim;3;0;1;2;0;0;3;2;-18,90754763;-48,3160669;SPRF-MG;DEL15-MG;UOP01-DEL15-MG
612678;06/07/2024;sábado;20:00:00;BA;330;791;JEQUIE;Reação tardia ou ineficiente do condutor;Colisão traseira;Com Vítimas Fatais;Plena Noite;Crescente;Chuva;Simples;Reta;Sim;2;1;0;0;0;1;0;2;-13,87745;-40,037448;SPRF-BA;DEL03-BA;UOP01-DEL03-BA
612680;07/07/2024;domingo;06:10:00;SC;282;18,3;PALHOCA;Ingestão de álcool pelo condutor;Colisão com objeto;Sem Vítimas;Plena Noite;Crescente;Garoa/Chuvisco;Simples;Reta;Sim;1;0;0;0;1;0;0;1;-27,672798;-48,694286;SPRF-SC;DEL01-SC;UOP02-DEL01-SC
612681;06/07/2024;sábado;20:00:00;SC;282;48,2;AGUAS MORNAS;Chuva;Saída de leito carroçável;Sem Vítimas;Plena Noite;Crescente;Chuva;Simples;"Aclive;Curva";Não;1;0;0;0;0;1;0;1;-27,714352;-48,938072;SPRF-SC;DEL01-SC;UOP03-DEL01-SC
612682;07/07/2024;domingo;05:30:00;AL;316;86;SANTANA DO IPANEMA;Animais na Pista;Colisão com objeto;Sem Vítimas;Amanhecer;Decrescente;Chuva;Simples;Curva;Não;1;0;0;0;1;0;0;1;-9,37323821;-37,23532807;SPRF-AL;DEL03-AL;UOP02-DEL03-AL