id;data_inversa;dia_semana;horario;uf;br;km;municipio;causa_acidente;tipo_acidente;classificacao_acidente;fase_dia;sentido_via;condicao_metereologica;tipo_pista;tracado_via;uso_solo;pessoas;mortos;feridos_leves;feridos_graves;ilesos;ignorados;feridos;veiculos;latitude;longitude;regional;delegacia;uop
612909;07/07/2024;domingo;07:20:00;RS;285;582;SAO LUIZ GONZAGA;Ausência de reação do condutor;Saída de leito carroçável;Com Vítimas Feridas;Amanhecer;Decrescente;Garoa/Chuvisco;Simples;Curva;Não;1;0;1;0;0;0;1;1;-28,443851;-55,112072;SPRF-RS;DEL12-RS;UOP01-DEL12-RS
612910;07/07/2024;domingo;21:00:00;PE;104;103;CUPIRA;Ingestão de álcool pelo condutor;Colisão traseira;Com Vítimas Feridas;Plena Noite;Decrescente;Garoa/Chuvisco;Simples;Reta;Sim;3;0;0;2;1;0;2;2;-8,589451;-35,95377;SPRF-PE;DEL02-PE;UOP03-DEL02-PE
612911;07/07/2024;domingo;23:55:00;GO;60;461;JATAI;Reação tardia ou ineficiente do condutor;Saída de leito carroçável;Com Vítimas Feridas;Plena Noite;Decrescente;Céu Claro;Dupla;"Reta;Aclive";Não;2;0;2;0;0;0;2;1;-17,8741;-51,6251;SPRF-GO;DEL05-GO;UOP01-DEL05-GO
612912;07/07/2024;domingo;17:30:00;AM;174;967;RIO PRETO DA EVA;Acessar a via sem observar a presença dos outros veículos;Colisão transversal;Com Vítimas Fatais;Anoitecer;Decrescente;Céu Claro;Simples;Reta;Não;3;1;0;0;2;0;0;2;-2,24968286;-60,03237023;SPRF-AM;DEL01-AM;UOP02-DEL01-AM
612918;08/07/2024;segunda-feira;01:20:00;SC;101;100;BALNEARIO PICARRAS;Ingestão de álcool pelo condutor;Colisão frontal;Com Vítimas Feridas;Plena Noite;Decrescente;Chuva;Dupla;Reta;Sim;2;0;1;0;1;0;1;2;-26,75482787;-48,68993675;SPRF-SC;DEL03-SC;UOP02-DEL03-SC
612920;08/07/2024;segunda-feira;02:45:00;RN;101;100;NATAL;Velocidade Incompatível;Colisão com objeto;Com Vítimas Feridas;Plena Noite;Decrescente;Garoa/Chuvisco;Dupla;Interseção de Vias;Sim;1;0;1;0;0;0;1;1;-5,88106901;-35,22542396;SPRF-RN;DEL01-RN;UOP01-DEL01-RN
612921;08/07/2024;segunda-feira;03:00:00;SC;101;109;PENHA;Ingestão de álcool pelo condutor;Capotamento;Com Vítimas Feridas;Plena Noite;Crescente;Garoa/Chuvisco;Dupla;Curva;Não;1;0;1;0;0;0;1;1;-26,8333519;-48,69632106;SPRF-SC;DEL03-SC;UOP02-DEL03-SC
612923;07/07/2024;domingo;23:30:00;PI;407;477;JAICOS;Pedestre andava na pista;Atropelamento de Pedestre;Com Vítimas Fatais;Plena Noite;Crescente;Céu Claro;Simples;"Declive;Reta";Não;2;1;0;1;0;0;1;2;-7,41962911;-41,19187493;SPRF-PI;DEL04-PI;UOP01-DEL04-PI
612925;08/07/2024;segunda-feira;03:00:00;SC;282;1,7;FLORIANOPOLIS;Reação tardia ou ineficiente do condutor;Colisão com objeto;Com Vítimas Fatais;Plena Noite;Crescente;Chuva;Múltipla;"Declive;Curva";Sim;1;1;0;0;0;0;0;1;-27,603016;-48,587868;SPRF-SC;DEL01-SC;UOP01-DEL01-SC
612926;08/07/2024;segunda-feira;00:00:00;RO;435;127;CEREJEIRAS;Animais na Pista;Saída de leito carroçável;Com Vítimas Feridas;Plena Noite;Decrescente;Céu Claro;Simples;Reta;Não;1;0;0;1;0;0;1;1;-13,1889767;-60,84728001;SPRF-RO;DEL04-RO;UOP02-DEL04-RO
612927;08/07/2024;segunda-feira;04:35:00;GO;153;496;GOIANIA;Acessar a via sem observar a presença dos outros veículos;Colisão lateral mesmo sentido;Sem Vítimas;Plena Noite;Crescente;Céu Claro;Dupla;Reta;Sim;2;0;0;0;2;0;0;2;-16,67164045;-49,22807694;SPRF-GO;DEL01-GO;UOP01-DEL01-GO
612930;08/07/2024;segunda-feira;04:51:00;SC;101;192;BIGUACU;Reação tardia ou ineficiente do condutor;Colisão com objeto;Com Vítimas Feridas;Plena Noite;Crescente;Nevoeiro/Neblina;Dupla;"Curva;Viaduto";Não;1;0;1;0;0;0;1;1;-27,48443781;-48,64765238;SPRF-SC;DEL01-SC;UOP01-DEL01-SC
612931;07/07/2024;domingo;20:45:00;RN;405;43;GOVERNADOR DIX-SEPT ROSADO;Frear bruscamente;Saída de leito carroçável;Com Vítimas Feridas;Plena Noite;Decrescente;Céu Claro;Simples;Reta;Não;2;0;0;1;1;0;1;2;-5,40871586;-37,63799019;SPRF-RN;DEL04-RN;UOP02-DEL04-RN
612932;08/07/2024;segunda-feira;04:00:00;RJ;101;389;ITAGUAI;Acesso irregular;Colisão lateral mesmo sentido;Com Vítimas Feridas;Plena Noite;Decrescente;Céu Claro;Múltipla;Reta;Não;2;0;2;0;0;0;2;2;-22,89077885;-43,66684705;SPRF-RJ;DEL03-RJ;UOP01-DEL03-RJ
612933;08/07/2024;segunda-feira;04:25:00;BA;324;360;CAPIM GROSSO;Ausência de reação do condutor;Queda de ocupante de veículo;Com Vítimas Feridas;Plena Noite;Decrescente;Nublado;Simples;Reta;Sim;1;0;0;1;0;0;1;1;-11,39436725;-39,96989208;SPRF-BA;DEL04-BA;UOP02-DEL04-BA
612934;07/07/2024;domingo;21:00:00;SC;163;73,6;SAO MIGUEL DO OESTE;Ausência de reação do condutor;Saída de leito carroçável;Com Vítimas Feridas;Plena Noite;Crescente;Nublado;Simples;"Declive;Reta";Sim;1;0;1;0;0;0;1;1;-26,7054781;-53,51350307;SPRF-SC;DEL07-SC;UOP03-DEL07-SC
612936;04/07/2024;quinta-feira;19:40:00;RJ;101;313;SAO GONCALO;Ausência de reação do condutor;Colisão traseira;Com Vítimas Feridas;Anoitecer;Decrescente;Céu Claro;Dupla;Reta;Não;4;0;1;0;3;0;1;2;-22,81049093;-43,06983304;SPRF-RJ;DEL02-RJ;UOP02-DEL02-RJ
612938;08/07/2024;segunda-feira;06:19:00;MG;40;517,5;RIBEIRAO DAS NEVES;Reação tardia ou ineficiente do condutor;Tombamento;Com Vítimas Feridas;Pleno dia;Decrescente;Céu Claro;Dupla;"Declive;Reta";Sim;1;0;1;0;0;0;1;1;-19,82351202;-44,08438913;SPRF-MG;DEL01-MG;UOP02-DEL01-MG
612943;08/07/2024;segunda-feira;06:10:00;MS;163;249,6;DOURADOS;Ausência de reação do condutor;Saída de leito carroçável;Sem Vítimas;Amanhecer;Decrescente;Chuva;Simples;Reta;Não;1;0;0;0;0;1;0;1;-22,31397176;-54,81988907;SPRF-MS;DEL04-MS;UOP02-DEL04-MS
612945;08/07/2024;segunda-feira;05:45:00;PR;116;197,7;RIO NEGRO;Ausência de reação do condutor;Colisão com objeto;Sem Vítimas;Plena Noite;Decrescente;Chuva;Simples;"Curva;Declive";Não;4;0;0;0;4;0;0;1;-26,01330694;-49,67224922;SPRF-SC;DEL06-SC;UOP01-DEL06-SC
612946;08/07/2024;segunda-feira;07:25:00;SP;116;327;JUQUITIBA;Reação tardia ou ineficiente do condutor;Colisão com objeto;Com Vítimas Feridas;Amanhecer;Decrescente;Chuva;Dupla;Curva;Sim;1;0;0;1;0;0;1;1;-23,93596456;-47,07098892;SPRF-SP;DEL04-SP;UOP03-DEL04-SP
612948;21/05/2024;terça-feira;18:17:00;PI;316;10;TERESINA;Desrespeitar a preferência no cruzamento;Colisão transversal;Com Vítimas Feridas;Plena Noite;Decrescente;Ignorado;Dupla;Rotatória;Sim;2;0;0;1;1;0;1;2;-5,18280197;-42,76350291;SPRF-PI;DEL01-PI;UOP02-DEL01-PI
612949;08/07/2024;segunda-feira;06:40:00;SP;116;305;SAO LOURENCO DA SERRA;Demais falhas mecânicas ou elétricas;Incêndio;Sem Vítimas;Amanhecer;Decrescente;Nublado;Dupla;"Aclive;Reta";Não;1;0;0;0;1;0;0;1;-23,84287313;-46,93238591;SPRF-SP;DEL04-SP;UOP01-DEL04-SP
612950;08/07/2024;segunda-feira;06:20:00;CE;304;51;ARACATI;Acessar a via sem observar a presença dos outros veículos;Colisão transversal;Sem Vítimas;Amanhecer;Decrescente;Céu Claro;Dupla;"Curva;Interseção de Vias";Não;6;0;0;0;6;0;0;2;-4,56942301;-37,75341799;SPRF-CE;DEL03-CE;UOP03-DEL03-CE
612953;08/07/2024;segunda-feira;06:27:00;TO;153;572,2;SANTA RITA DO TOCANTINS;Acessar a via sem observar a presença dos outros veículos;Colisão transversal;Com Vítimas Feridas;Pleno dia;Crescente;Céu Claro;Simples;"Declive;Reta";Não;4;0;0;1;3;0;1;2;-10,846432;-48,90467998;SPRF-TO;DEL01-TO;UOP01-DEL01-TO
612955;08/07/2024;segunda-feira;08:05:00;DF;60;5;BRASILIA;Ausência de reação do condutor;Queda de ocupante de veículo;Com Vítimas Feridas;Pleno dia;Crescente;Céu Claro;Dupla;Reta;Sim;1;0;1;0;0;0;1;1;-15,895438;-48,104771;SPRF-DF;DEL03-DF;UOP01-DEL03-DF
612957;08/07/2024;segunda-feira;07:40:00;SC;101;199;BIGUACU;Reação tardia ou ineficiente do condutor;Colisão traseira;Com Vítimas Feridas;Pleno dia;Crescente;Nublado;Múltipla;Interseção de Vias;Sim;2;0;1;0;1;0;1;2;-27,53413705;-48,63003205;SPRF-SC;DEL01-SC;UOP01-DEL01-SC
612959;08/07/2024;segunda-feira;07:25:00;SC;101;113,9;ITAJAI;Ausência de reação do condutor;Colisão traseira;Com Vítimas Feridas;Pleno dia;Decrescente;Nublado;Dupla;Reta;Não;2;0;1;0;1;0;1;2;-26,85311393;-48,72689927;SPRF-SC;DEL04-SC;UOP04-DEL04-SC
612960;04/07/2024;quinta-feira;08:40:00;MG;251;517;MONTES CLAROS;Acessar a via sem observar a presença dos outros veículos;Colisão transversal;Com Vítimas Feridas;Pleno dia;Decrescente;Céu Claro;Simples;Reta;Não;2;0;1;0;1;0;1;2;-16,66154421;-43,76055398;SPRF-MG;DEL12-MG;UOP01-DEL12-MG
612961;08/07/2024;segunda-feira;07:35:00;MG;381;483;BETIM;Demais falhas mecânicas ou elétricas;Colisão traseira;Com Vítimas Feridas;Pleno dia;Crescente;Céu Claro;Dupla;"Aclive;Reta";Não;2;0;1;0;1;0;1;2;-19,95594491;-44,10721699;SPRF-MG;DEL01-MG;UOP03-DEL01-MG
612962;08/07/2024;segunda-feira;06:20:00;PR;153;99,3;JAPIRA;Objeto estático sobre o leito carroçável;Saída de leito carroçável;Com Vítimas Feridas;Amanhecer;Crescente;Nublado;Simples;Reta;Não;1;0;1;0;0;0;1;1;-23,76398712;-50,18737353;SPRF-PR;DEL07-PR;UOP04-DEL07-PR
612963;08/07/2024;segunda-feira;06:30:00;PR;376;439;TIBAGI;Ausência de reação do condutor;Saída de leito carroçável;Com Vítimas Feridas;Plena Noite;Crescente;Chuva;Dupla;"Declive;Curva";Não;2;0;2;0;0;0;2;1;-24,79857835;-50,495224;SPRF-PR;DEL03-PR;UOP02-DEL03-PR
612964;08/07/2024;segunda-feira;08:00:00;RN;101;112;SAO JOSE DE MIPIBU;Demais falhas mecânicas ou elétricas;Incêndio;Sem Vítimas;Pleno dia;Decrescente;Céu Claro;Dupla;"Declive;Reta";Não;2;0;0;0;2;0;0;1;-5,96429;-35,264877;SPRF-RN;DEL01-RN;UOP01-DEL01-RN
612965;08/07/2024;segunda-feira;07:15:00;MG;40;549;NOVA LIMA;Ausência de reação do condutor;Colisão lateral mesmo sentido;Com Vítimas Feridas;Pleno dia;Crescente;Céu Claro;Dupla;Reta;Não;2;0;1;0;1;0;1;2;-20,03972326;-43,96703232;SPRF-MG;DEL01-MG;UOP02-DEL01-MG
612966;08/07/2024;segunda-feira;08:00:00;TO;153;672,2;GURUPI;Reação tardia ou ineficiente do condutor;Saída de leito carroçável;Sem Vítimas;Pleno dia;Decrescente;Céu Claro;Dupla;Reta;Sim;1;0;0;0;0;1;0;1;-11,72948104;-49,07908783;SPRF-TO;DEL01-TO;UOP02-DEL01-TO
612971;08/07/2024;segunda-feira;08:40:00;MG;381;496;BETIM;Acessar a via sem observar a presença dos outros veículos;Tombamento;Com Vítimas Feridas;Pleno dia;Crescente;Céu Claro;Múltipla;Interseção de Vias;Sim;1;0;1;0;0;0;1;1;-19,99413962;-44,20830846;SPRF-MG;DEL01-MG;UOP03-DEL01-MG
612972;08/07/2024;segunda-feira;09:25:00;SP;116;488;CAJATI;Reação tardia ou ineficiente do condutor;Colisão com objeto;Sem Vítimas;Pleno dia;Crescente;Chuva;Dupla;Reta;Sim;1;0;0;0;1;0;0;1;-24,73097634;-48,09815591;SPRF-SP;DEL05-SP;UOP01-DEL05-SP
612975;08/07/2024;segunda-feira;07:50:00;PR;277;726,3;FOZ DO IGUACU;Demais falhas mecânicas ou elétricas;Tombamento;Com Vítimas Feridas;Pleno dia;Crescente;Nublado;Dupla;Curva;Sim;1;0;1;0;0;0;1;1;-25,51015056;-54,55893695;SPRF-PR;DEL05-PR;UOP03-DEL05-PR
612976;08/07/2024;segunda-feira;03:20:00;AP;156;245;MACAPA;Ausência de reação do condutor;Capotamento;Sem Vítimas;Plena Noite;Crescente;Céu Claro;Simples;Curva;Não;1;0;0;0;1;0;0;1;0,22983712;-51,13172296;SPRF-AP;DEL01-AP;UOP01-DEL01-AP
612977;08/07/2024;segunda-feira;08:40:00;SC;101;75;BARRA VELHA;Demais falhas na via;Queda de ocupante de veículo;Com Vítimas Feridas;Pleno dia;Decrescente;Chuva;Dupla;Reta;Não;2;0;2;0;0;0;2;1;-26,5519717;-48,71688324;SPRF-SC;DEL03-SC;UOP02-DEL03-SC
612978;08/07/2024;segunda-feira;09:00:00;BA;116;542;MILAGRES;Demais falhas mecânicas ou elétricas;Eventos atípicos;Com Vítimas Feridas;Pleno dia;Crescente;Sol;Simples;"Declive;Reta";Não;2;0;2;0;0;0;2;1;-12,86474907;-39,85450479;SPRF-BA;DEL03-BA;UOP02-DEL03-BA
612979;27/06/2024;quinta-feira;03:30:00;SP;116;193;SANTA ISABEL;Objeto estático sobre o leito carroçável;Colisão com objeto;Com Vítimas Feridas;Plena Noite;Decrescente;Céu Claro;Dupla;Reta;Não;1;0;1;0;0;0;1;1;-23,380407;-46,258509;SPRF-SP;DEL01-SP;UOP01-DEL01-SP
612981;08/07/2024;segunda-feira;03:30:00;RN;304;203;LAJES;Velocidade Incompatível;Colisão com objeto;Sem Vítimas;Plena Noite;Crescente;Céu Claro;Simples;Reta;Não;1;0;0;0;1;0;0;1;-5,7048752;-36,13015747;SPRF-RN;DEL01-RN;UOP03-DEL01-RN
612982;23/06/2024;domingo;14:20:00;MG;40;413;CURVELO;Acessar a via sem observar a presença dos outros veículos;Colisão transversal;Com Vítimas Feridas;Pleno dia;Decrescente;Céu Claro;Simples;"Reta;Interseção de Vias";Não;5;0;3;0;2;0;3;2;-19,13701911;-44,61665869;SPRF-MG;DEL02-MG;UOP01-DEL02-MG
612984;08/07/2024;segunda-feira;09:25:00;SP;116;488;CAJATI;Acumulo de água sobre o pavimento;Colisão com objeto;Com Vítimas Feridas;Pleno dia;Crescente;Chuva;Dupla;Reta;Sim;1;0;1;0;0;0;1;1;-24,73097634;-48,09815591;SPRF-SP;DEL05-SP;UOP01-DEL05-SP
612986;08/07/2024;segunda-feira;09:30:00;SE;101;166;SANTA LUZIA DO ITANHY;Acumulo de água sobre o pavimento;Colisão com objeto;Sem Vítimas;Pleno dia;Crescente;Chuva;Simples;Curva;Não;1;0;0;0;1;0;0;1;-11,318579;-37,533475;SPRF-SE;DEL02-SE;UOP01-DEL02-SE
612987;08/07/2024;segunda-feira;07:50:00;MS;163;247;DOURADOS;Acessar a via sem observar a presença dos outros veículos;Colisão transversal;Com Vítimas Feridas;Pleno dia;Decrescente;Chuva;Simples;Reta;Não;3;0;1;0;2;0;1;2;-22,33218585;-54,81525668;SPRF-MS;DEL04-MS;UOP02-DEL04-MS
612988;08/07/2024;segunda-feira;09:15:00;PE;232;13;JABOATAO DOS GUARARAPES;Manobra de mudança de faixa;Colisão lateral mesmo sentido;Com Vítimas Feridas;Pleno dia;Decrescente;Garoa/Chuvisco;Dupla;"Reta;Em Obras";Não;3;0;1;1;1;0;2;2;-8,08831567;-35,01203806;SPRF-PE;DEL01-PE;UOP01-DEL01-PE
612989;08/07/2024;segunda-feira;10:26:00;ES;101;32,3;CONCEICAO DA BARRA;Desrespeitar a preferência no cruzamento;Colisão transversal;Com Vítimas Feridas;Pleno dia;Crescente;Sol;Simples;"Retorno Regulamentado;Reta";Sim;3;0;1;0;2;0;1;2;-18,42549901;-39,93487006;SPRF-ES;DEL04-ES;UOP02-DEL04-ES
612991;08/07/2024;segunda-feira;09:45:00;BA;324;517;FEIRA DE SANTANA;Retorno proibido;Colisão frontal;Com Vítimas Feridas;Pleno dia;Crescente;Céu Claro;Simples;Reta;Sim;2;0;1;0;1;0;1;2;-12,24953308;-38,93362525;SPRF-BA;DEL02-BA;UOP01-DEL02-BA
612992;08/07/2024;segunda-feira;09:30:00;SP;116;499;CAJATI;Chuva;Saída de leito carroçável;Sem Vítimas;Pleno dia;Crescente;Chuva;Múltipla;Curva;Não;1;0;0;0;1;0;0;1;-24,78228753;-48,17695233;SPRF-SP;DEL05-SP;UOP02-DEL05-SP
612993;08/07/2024;segunda-feira;10:40:00;PR;369;177,6;ROLANDIA;Acumulo de água sobre o pavimento;Saída de leito carroçável;Com Vítimas Feridas;Pleno dia;Decrescente;Chuva;Dupla;"Viaduto;Reta";Não;2;0;1;0;1;0;1;1;-23,35096359;-51,38733745;SPRF-PR;DEL07-PR;UOP01-DEL07-PR
612994;08/07/2024;segunda-feira;09:40:00;PI;343;266,2;CAMPO MAIOR;Ausência de reação do condutor;Colisão traseira;Com Vítimas Feridas;Pleno dia;Crescente;Céu Claro;Simples;Reta;Sim;3;0;1;0;0;2;1;2;-4,840245;-42,174171;SPRF-PI;DEL01-PI;UOP03-DEL01-PI
612995;08/07/2024;segunda-feira;09:40:00;PR;116;40,2;CAMPINA GRANDE DO SUL;Pista Escorregadia;Colisão com objeto;Com Vítimas Feridas;Pleno dia;Decrescente;Chuva;Dupla;Curva;Não;7;0;3;0;4;0;3;2;-25,168298;-48,86596;SPRF-PR;DEL01-PR;UOP02-DEL01-PR
612996;08/07/2024;segunda-feira;10:00:00;SP;116;499;CAJATI;Reação tardia ou ineficiente do condutor;Saída de leito carroçável;Com Vítimas Feridas;Pleno dia;Crescente;Chuva;Simples;Curva;Não;2;0;1;0;1;0;1;1;-24,78228753;-48,17695233;SPRF-SP;DEL05-SP;UOP02-DEL05-SP
612997;08/07/2024;segunda-feira;10:50:00;CE;116;5;FORTALEZA;Condutor deixou de manter distância do veículo da frente;Colisão traseira;Com Vítimas Feridas;Pleno dia;Crescente;Céu Claro;Múltipla;Reta;Sim;2;0;0;1;1;0;1;2;-3,79467116;-38,50772734;SPRF-CE;DEL01-CE;UOP02-DEL01-CE
612998;08/07/2024;segunda-feira;08:10:00;PR;369;139;IBIPORA;Mal súbito do condutor;Saída de leito carroçável;Com Vítimas Feridas;Pleno dia;Crescente;Céu Claro;Dupla;Reta;Sim;1;0;1;0;0;0;1;1;-23,27400925;-51,05725944;SPRF-PR;DEL07-PR;UOP01-DEL07-PR
612999;08/07/2024;segunda-feira;09:00:00;BA;367;25;PORTO SEGURO;Reação tardia ou ineficiente do condutor;Colisão transversal;Com Vítimas Feridas;Pleno dia;Crescente;Céu Claro;Dupla;Reta;Sim;2;0;0;1;1;0;1;2;-16,43805311;-39,09107101;SPRF-BA;DEL09-BA;UOP03-DEL09-BA
613000;08/07/2024;segunda-feira;10:45:00;PA;230;120;MARABA;Avarias e/ou desgaste excessivo no pneu;Tombamento;Com Vítimas Feridas;Pleno dia;Crescente;Nublado;Dupla;Reta;Sim;3;0;2;0;0;1;2;2;-5,35038318;-49,11434;SPRF-PA;DEL03-PA;UOP01-DEL03-PA
613002;08/07/2024;segunda-feira;09:00:00;PR;116;37;CAMPINA GRANDE DO SUL;Velocidade Incompatível;Colisão com objeto;Sem Vítimas;Pleno dia;Crescente;Chuva;Dupla;"Declive;Curva";Não;1;0;0;0;1;0;0;1;-25,141462;-48,856394;SPRF-PR;DEL01-PR;UOP02-DEL01-PR
613004;08/07/2024;segunda-feira;11:00:00;RJ;40;112;DUQUE DE CAXIAS;Reação tardia ou ineficiente do condutor;Colisão traseira;Com Vítimas Feridas;Pleno dia;Decrescente;Céu Claro;Múltipla;Reta;Sim;2;0;1;0;1;0;1;2;-22,7004454;-43,29014851;SPRF-RJ;DEL01-RJ;UOP02-DEL01-RJ
613005;08/07/2024;segunda-feira;10:55:00;CE;116;6;FORTALEZA;Condutor deixou de manter distância do veículo da frente;Colisão traseira;Com Vítimas Feridas;Pleno dia;Crescente;Céu Claro;Múltipla;Reta;Sim;3;0;2;0;0;1;2;2;-3,802624;-38,50400499;SPRF-CE;DEL01-CE;UOP02-DEL01-CE
613007;08/07/2024;segunda-feira;09:50:00;SC;116;221,1;CORREIA PINTO;Acessar a via sem observar a presença dos outros veículos;Colisão lateral mesmo sentido;Com Vítimas Feridas;Pleno dia;Crescente;Nublado;Simples;Reta;Não;2;0;1;0;1;0;1;2;-27,58573399;-50,36555188;SPRF-SC;DEL05-SC;UOP03-DEL05-SC
613008;08/07/2024;segunda-feira;09:45:00;RJ;40;119;DUQUE DE CAXIAS;Manobra de mudança de faixa;Colisão lateral mesmo sentido;Com Vítimas Feridas;Pleno dia;Decrescente;Nublado;Múltipla;Reta;Sim;2;0;1;0;0;1;1;2;-22,76375592;-43,28683062;SPRF-RJ;DEL01-RJ;UOP02-DEL01-RJ
613010;23/06/2024;domingo;17:30:00;PR;116;17;CURITIBA;Manobra de mudança de faixa;Colisão lateral mesmo sentido;Com Vítimas Feridas;Anoitecer;Crescente;Céu Claro;Múltipla;Interseção de Vias;Sim;2;0;1;0;1;0;1;2;-25,38867573;-49,20621336;SPRF-PR;DEL01-PR;UOP02-DEL01-PR
613013;08/07/2024;segunda-feira;12:50:00;ES;262;104;VENDA NOVA DO IMIGRANTE;Ausência de reação do condutor;Colisão transversal;Com Vítimas Feridas;Pleno dia;Crescente;Céu Claro;Dupla;Rotatória;Sim;2;0;0;1;1;0;1;2;-20,33302593;-41,12931881;SPRF-ES;DEL01-ES;UOP02-DEL01-ES
613015;08/07/2024;segunda-feira;12:28:00;RS;290;169,5;BUTIA;Acessar a via sem observar a presença dos outros veículos;Colisão transversal;Com Vítimas Feridas;Pleno dia;Decrescente;Nublado;Simples;"Aclive;Reta";Não;6;0;0;1;4;1;1;3;-30,123857;-51,889362;SPRF-RS;DEL02-RS;UOP03-DEL02-RS
613016;08/07/2024;segunda-feira;12:50:00;PE;407;128;PETROLINA;Acessar a via sem observar a presença dos outros veículos;Colisão lateral mesmo sentido;Sem Vítimas;Pleno dia;Decrescente;Céu Claro;Simples;Rotatória;Sim;2;0;0;0;2;0;0;2;-9,39387565;-40,51133888;SPRF-PE;DEL06-PE;UOP01-DEL06-PE
613018;08/07/2024;segunda-feira;13:15:00;SP;116;78;ROSEIRA;Condutor deixou de manter distância do veículo da frente;Colisão traseira;Com Vítimas Feridas;Pleno dia;Crescente;Céu Claro;Dupla;Reta;Sim;1;0;1;0;0;0;1;1;-22,88893407;-45,28690695;SPRF-SP;DEL08-SP;UOP01-DEL08-SP
613019;08/07/2024;segunda-feira;13:50:00;SC;101;87;BARRA VELHA;Condutor deixou de manter distância do veículo da frente;Colisão traseira;Com Vítimas Feridas;Pleno dia;Crescente;Nublado;Simples;Interseção de Vias;Não;2;0;1;0;0;1;1;2;-26,63713377;-48,69651057;SPRF-SC;DEL03-SC;UOP02-DEL03-SC
613021;08/07/2024;segunda-feira;13:50:00;RJ;116;184;NOVA IGUACU;Trafegar com motocicleta (ou similar) entre as faixas;Colisão frontal;Com Vítimas Feridas;Pleno dia;Decrescente;Céu Claro;Dupla;Reta;Não;2;0;1;1;0;0;2;2;-22,74647215;-43,44594311;SPRF-RJ;DEL06-RJ;UOP01-DEL06-RJ
613023;08/07/2024;segunda-feira;09:31:00;RO;364;374;OURO PRETO DO OESTE;Acessar a via sem observar a presença dos outros veículos;Colisão transversal;Com Vítimas Feridas;Pleno dia;Crescente;Sol;Simples;Reta;Não;2;0;1;0;1;0;1;2;-10,74495491;-62,17830295;SPRF-RO;DEL02-RO;UOP01-DEL02-RO
613025;08/07/2024;segunda-feira;13:20:00;PE;101;64;RECIFE;Ausência de reação do condutor;Colisão lateral mesmo sentido;Sem Vítimas;Pleno dia;Crescente;Céu Claro;Dupla;Reta;Sim;2;0;0;0;2;0;0;2;-8,0162921;-34,94045886;SPRF-PE;DEL01-PE;UOP01-DEL01-PE
613027;08/07/2024;segunda-feira;12:20:00;RJ;101;59;CAMPOS DOS GOYTACAZES;Acostamento em desnível;Queda de ocupante de veículo;Com Vítimas Feridas;Pleno dia;Crescente;Céu Claro;Simples;Reta;Sim;1;0;1;0;0;0;1;1;-21,71366497;-41,30861915;SPRF-RJ;DEL08-RJ;UOP01-DEL08-RJ
613028;08/07/2024;segunda-feira;11:20:00;MG;251;401,5;GRAO MOGOL;Mal súbito do condutor;Saída de leito carroçável;Com Vítimas Feridas;Pleno dia;Crescente;Céu Claro;Simples;Reta;Não;3;0;2;1;0;0;3;1;-16,24158921;-42,92540287;SPRF-MG;DEL12-MG;UOP01-DEL12-MG
613029;08/07/2024;segunda-feira;13:15:00;MG;365;15;MONTES CLAROS;Acessar a via sem observar a presença dos outros veículos;Colisão transversal;Com Vítimas Feridas;Pleno dia;Decrescente;Céu Claro;Simples;"Reta;Aclive";Não;4;0;1;0;3;0;1;2;-16,86592699;-43,98363496;SPRF-MG;DEL12-MG;UOP01-DEL12-MG
613031;05/07/2024;sexta-feira;11:00:00;MG;116;412,4;GOVERNADOR VALADARES;Retorno proibido;Colisão transversal;Com Vítimas Feridas;Pleno dia;Decrescente;Céu Claro;Simples;Reta;Sim;3;0;1;1;1;0;2;2;-18,86882342;-41,97144241;SPRF-MG;DEL06-MG;UOP01-DEL06-MG
613032;08/07/2024;segunda-feira;14:50:00;SP;116;220;GUARULHOS;Reação tardia ou ineficiente do condutor;Tombamento;Com Vítimas Feridas;Pleno dia;Decrescente;Nublado;Múltipla;Reta;Sim;1;0;1;0;0;0;1;1;-23,46472809;-46,49793962;SPRF-SP;DEL01-SP;UOP01-DEL01-SP
613034;08/07/2024;segunda-feira;14:25:00;RS;158;1;SANTANA DO LIVRAMENTO;Acessar a via sem observar a presença dos outros veículos;Colisão transversal;Com Vítimas Feridas;Pleno dia;Crescente;Céu Claro;Simples;"Interseção de Vias;Reta";Sim;2;0;1;0;1;0;1;2;-30,87626709;-55,5137866;SPRF-RS;DEL08-RS;UOP02-DEL08-RS
613035;08/07/2024;segunda-feira;15:00:00;PB;230;22;JOAO PESSOA;Manobra de mudança de faixa;Colisão lateral mesmo sentido;Com Vítimas Feridas;Pleno dia;Decrescente;Céu Claro;Dupla;Reta;Sim;2;0;1;0;0;1;1;2;-7,15804261;-34,85826421;SPRF-PB;DEL01-PB;UOP01-DEL01-PB
613037;08/07/2024;segunda-feira;09:49:00;RO;364;342,8;JI-PARANA;Acessar a via sem observar a presença dos outros veículos;Colisão transversal;Com Vítimas Feridas;Pleno dia;Decrescente;Céu Claro;Dupla;Interseção de Vias;Sim;3;0;1;0;2;0;1;2;-10,8797101;-61,94411516;SPRF-RO;DEL02-RO;UOP01-DEL02-RO