id;data_inversa;dia_semana;horario;uf;br;km;municipio;causa_acidente;tipo_acidente;classificacao_acidente;fase_dia;sentido_via;condicao_metereologica;tipo_pista;tracado_via;uso_solo;pessoas;mortos;feridos_leves;feridos_graves;ilesos;ignorados;feridos;veiculos;latitude;longitude;regional;delegacia;uop
613039;08/07/2024;segunda-feira;12:29:00;PE;423;149,8;IATI;Transitar na contramão;Colisão frontal;Com Vítimas Fatais;Pleno dia;Crescente;Céu Claro;Simples;Reta;Não;5;1;3;1;0;0;4;2;-9,03068904;-36,89699297;SPRF-PE;DEL03-PE;UOP01-DEL03-PE
613041;04/07/2024;quinta-feira;23:30:00;MG;381;484;BETIM;Demais falhas mecânicas ou elétricas;Tombamento;Com Vítimas Feridas;Plena Noite;Crescente;Céu Claro;Dupla;"Declive;Reta";Sim;2;0;2;0;0;0;2;1;-19,95541928;-44,11680222;SPRF-MG;DEL01-MG;UOP03-DEL01-MG
613046;08/07/2024;segunda-feira;15:20:00;MG;50;3,8;UBERLANDIA;Avarias e/ou desgaste excessivo no pneu;Tombamento;Com Vítimas Feridas;Pleno dia;Crescente;Céu Claro;Dupla;"Aclive;Reta";Não;1;0;1;0;0;0;1;1;-18,8544414;-48,2260109;SPRF-MG;DEL15-MG;UOP01-DEL15-MG
613047;08/07/2024;segunda-feira;13:20:00;SC;282;463;PONTE SERRADA;Acessar a via sem observar a presença dos outros veículos;Colisão transversal;Com Vítimas Feridas;Pleno dia;Crescente;Nublado;Dupla;Rotatória;Sim;3;0;2;0;1;0;2;2;-26,85609253;-52,0318079;SPRF-SC;DEL07-SC;UOP04-DEL07-SC
613048;08/07/2024;segunda-feira;14:00:00;SC;282;46,1;AGUAS MORNAS;Ingestão de álcool pelo condutor;Saída de leito carroçável;Com Vítimas Feridas;Pleno dia;Decrescente;Nublado;Simples;"Curva;Declive";Não;2;0;2;0;0;0;2;1;-27,721045;-48,92711;SPRF-SC;DEL01-SC;UOP03-DEL01-SC
613050;08/07/2024;segunda-feira;15:10:00;DF;20;24,9;BRASILIA;Reação tardia ou ineficiente do condutor;Saída de leito carroçável;Com Vítimas Feridas;Pleno dia;Crescente;Céu Claro;Dupla;Curva;Sim;3;0;2;0;1;0;2;1;-15,594831;-47,658615;SPRF-DF;DEL02-DF;UOP01-DEL02-DF
613052;08/07/2024;segunda-feira;15:50:00;PE;101;36,7;IGARASSU;Acessar a via sem observar a presença dos outros veículos;Colisão transversal;Com Vítimas Feridas;Pleno dia;Crescente;Céu Claro;Dupla;"Reta;Retorno Regulamentado";Não;2;0;1;0;1;0;1;2;-7,788367;-34,92981702;SPRF-PE;DEL01-PE;UOP02-DEL01-PE
613053;08/07/2024;segunda-feira;15:00:00;PR;277;108,1;CAMPO LARGO;Chuva;Tombamento;Com Vítimas Feridas;Pleno dia;Crescente;Chuva;Dupla;Reta;Não;1;0;1;0;0;0;1;1;-25,43598882;-49,44267154;SPRF-PR;DEL03-PR;UOP03-DEL03-PR
613055;08/07/2024;segunda-feira;11:50:00;SC;101;6;GARUVA;Velocidade Incompatível;Saída de leito carroçável;Com Vítimas Feridas;Pleno dia;Crescente;Nublado;Dupla;Reta;Sim;1;0;1;0;0;0;1;1;-26,02692002;-48,86142017;SPRF-SC;DEL03-SC;UOP01-DEL03-SC
613056;08/07/2024;segunda-feira;13:44:00;SP;116;509;CAJATI;Chuva;Saída de leito carroçável;Sem Vítimas;Pleno dia;Decrescente;Chuva;Dupla;Curva;Não;1;0;0;0;1;0;0;1;-24,82178987;-48,21419034;SPRF-SP;DEL05-SP;UOP02-DEL05-SP
613058;08/07/2024;segunda-feira;16:25:00;RS;290;91;PORTO ALEGRE;Ausência de reação do condutor;Colisão traseira;Com Vítimas Feridas;Pleno dia;Decrescente;Nublado;Múltipla;Reta;Não;2;0;1;0;1;0;1;2;-29,969055;-51,167439;SPRF-RS;DEL01-RS;UOP01-DEL01-RS
613059;08/07/2024;segunda-feira;14:40:00;MS;376;169;NOVA ANDRADINA;Ausência de reação do condutor;Colisão traseira;Com Vítimas Feridas;Pleno dia;Decrescente;Chuva;Dupla;Reta;Não;3;0;1;0;2;0;1;2;-22,28178392;-53,3761847;SPRF-MS;DEL04-MS;UOP04-DEL04-MS
613060;08/07/2024;segunda-feira;14:55:00;MG;381;715,5;CARMO DA CACHOEIRA;Condutor Dormindo;Saída de leito carroçável;Com Vítimas Feridas;Pleno dia;Decrescente;Céu Claro;Dupla;Reta;Não;2;0;1;0;1;0;1;1;-21,42109296;-45,21293927;SPRF-MG;DEL04-MG;UOP02-DEL04-MG
613062;08/07/2024;segunda-feira;17:10:00;MG;459;87,9;CONGONHAL;Acesso irregular;Colisão lateral mesmo sentido;Com Vítimas Feridas;Anoitecer;Decrescente;Céu Claro;Simples;"Reta;Interseção de Vias";Sim;3;0;1;1;0;1;2;3;-22,150208;-46,033627;SPRF-MG;DEL09-MG;UOP01-DEL09-MG
613063;08/07/2024;segunda-feira;15:20:00;SP;116;521;CAJATI;Reação tardia ou ineficiente do condutor;Saída de leito carroçável;Com Vítimas Feridas;Pleno dia;Decrescente;Chuva;Dupla;Reta;Não;2;0;0;1;1;0;1;1;-24,8997218;-48,24745938;SPRF-SP;DEL05-SP;UOP02-DEL05-SP
613064;08/07/2024;segunda-feira;17:16:00;DF;20;11;BRASILIA;Condutor deixou de manter distância do veículo da frente;Engavetamento;Com Vítimas Feridas;Pleno dia;Decrescente;Sol;Múltipla;Em Obras;Sim;3;0;1;0;2;0;1;3;-15,64654;-47,766422;SPRF-DF;DEL02-DF;UOP01-DEL02-DF
613065;08/07/2024;segunda-feira;14:00:00;PR;277;201,4;PALMEIRA;Reação tardia ou ineficiente do condutor;Saída de leito carroçável;Com Vítimas Feridas;Pleno dia;Decrescente;Chuva;Simples;Curva;Não;1;0;1;0;0;0;1;1;-25,46621422;-50,23498535;SPRF-PR;DEL08-PR;UOP02-DEL08-PR
613067;08/07/2024;segunda-feira;16:30:00;SP;116;515;CAJATI;Reação tardia ou ineficiente do condutor;Saída de leito carroçável;Com Vítimas Feridas;Pleno dia;Decrescente;Chuva;Simples;"Declive;Curva";Não;2;0;1;0;1;0;1;2;-24,86704083;-48,21738184;SPRF-SP;DEL05-SP;UOP02-DEL05-SP
613068;08/07/2024;segunda-feira;17:20:00;PR;469;13,3;FOZ DO IGUACU;Ultrapassagem Indevida;Colisão transversal;Com Vítimas Feridas;Pleno dia;Crescente;Nublado;Simples;"Reta;Interseção de Vias;Em Obras";Não;3;0;2;0;1;0;2;2;-25,57701439;-54,54437256;SPRF-PR;DEL05-PR;UOP04-DEL05-PR
613069;08/07/2024;segunda-feira;17:30:00;GO;60;186;GUAPO;Ausência de reação do condutor;Saída de leito carroçável;Com Vítimas Feridas;Pleno dia;Crescente;Céu Claro;Dupla;"Declive;Curva";Não;1;0;1;0;0;0;1;1;-16,8011;-49,5177;SPRF-GO;DEL01-GO;UOP02-DEL01-GO
613070;08/07/2024;segunda-feira;17:50:00;SC;280;28;ARAQUARI;Transitar no Acostamento;Colisão transversal;Com Vítimas Feridas;Plena Noite;Crescente;Garoa/Chuvisco;Simples;"Interseção de Vias;Reta";Sim;2;0;0;1;1;0;1;2;-26,40450077;-48,74561031;SPRF-SC;DEL03-SC;UOP03-DEL03-SC
613071;08/07/2024;segunda-feira;17:12:00;GO;60;18,7;ALEXANIA;Problema na suspensão;Saída de leito carroçável;Sem Vítimas;Pleno dia;Decrescente;Céu Claro;Dupla;"Declive;Curva";Não;1;0;0;0;1;0;0;1;-16,114073;-48,38904;SPRF-DF;DEL03-DF;UOP01-DEL03-DF
613072;08/07/2024;segunda-feira;17:40:00;BA;324;520,8;FEIRA DE SANTANA;Reação tardia ou ineficiente do condutor;Engavetamento;Sem Vítimas;Anoitecer;Decrescente;Nublado;Múltipla;Reta;Sim;3;0;0;0;3;0;0;3;-12,2875813;-38,91524792;SPRF-BA;DEL01-BA;UOP03-DEL01-BA
613073;08/07/2024;segunda-feira;14:00:00;SP;116;199;ARUJA;Demais falhas mecânicas ou elétricas;Incêndio;Sem Vítimas;Pleno dia;Decrescente;Céu Claro;Dupla;Reta;Sim;1;0;0;0;0;1;0;1;-23,40185327;-46,31154312;SPRF-SP;DEL01-SP;UOP01-DEL01-SP
613074;08/07/2024;segunda-feira;17:40:00;ES;101;289,5;CARIACICA;Trafegar com motocicleta (ou similar) entre as faixas;Colisão lateral mesmo sentido;Com Vítimas Feridas;Plena Noite;Crescente;Céu Claro;Dupla;Reta;Não;2;0;0;1;1;0;1;2;-20,28029304;-40,39302931;SPRF-ES;DEL01-ES;UOP01-DEL01-ES
613075;08/07/2024;segunda-feira;17:10:00;PE;407;128;PETROLINA;Acessar a via sem observar a presença dos outros veículos;Colisão lateral mesmo sentido;Com Vítimas Feridas;Anoitecer;Crescente;Céu Claro;Dupla;"Aclive;Interseção de Vias;Rotatória;Viaduto";Sim;3;0;1;0;2;0;1;2;-9,39387565;-40,51133888;SPRF-PE;DEL06-PE;UOP01-DEL06-PE
613077;08/07/2024;segunda-feira;17:45:00;GO;70;20;COCALZINHO DE GOIAS;Ausência de reação do condutor;Capotamento;Com Vítimas Feridas;Pleno dia;Crescente;Céu Claro;Simples;"Declive;Reta";Não;1;0;1;0;0;0;1;1;-15,74242903;-48,37509426;SPRF-DF;DEL03-DF;UOP02-DEL03-DF
613078;08/07/2024;segunda-feira;18:00:00;SC;116;140,9;SANTA CECILIA;Acessar a via sem observar a presença dos outros veículos;Colisão transversal;Sem Vítimas;Plena Noite;Crescente;Chuva;Simples;Reta;Sim;2;0;0;0;2;0;0;2;-26,96625517;-50,40928315;SPRF-SC;DEL06-SC;UOP02-DEL06-SC
613079;08/07/2024;segunda-feira;16:30:00;PR;476;293,5;SAO MATEUS DO SUL;Afundamento ou ondulação no pavimento;Saída de leito carroçável;Com Vítimas Feridas;Pleno dia;Crescente;Garoa/Chuvisco;Simples;Reta;Não;1;0;1;0;0;0;1;1;-25,950428;-50,505707;SPRF-PR;DEL02-PR;UOP03-DEL02-PR
613080;08/07/2024;segunda-feira;16:20:00;AC;364;155;RIO BRANCO;Acessar a via sem observar a presença dos outros veículos;Colisão frontal;Com Vítimas Feridas;Pleno dia;Decrescente;Céu Claro;Simples;"Reta;Em Obras";Não;3;0;1;0;2;0;1;2;-9,83896251;-67,94010271;SPRF-AC;DEL01-AC;UOP01-DEL01-AC
613081;08/07/2024;segunda-feira;16:25:00;MG;40;517,5;RIBEIRAO DAS NEVES;Condutor deixou de manter distância do veículo da frente;Colisão lateral mesmo sentido;Com Vítimas Feridas;Pleno dia;Crescente;Céu Claro;Dupla;Reta;Sim;2;0;0;1;1;0;1;2;-19,82351202;-44,08438913;SPRF-MG;DEL01-MG;UOP02-DEL01-MG
613082;08/07/2024;segunda-feira;17:30:00;AL;101;54;FLEXEIRAS;Chuva;Saída de leito carroçável;Com Vítimas Feridas;Plena Noite;Crescente;Chuva;Dupla;Reta;Não;2;0;2;0;0;0;2;1;-9,25462415;-35,77287179;SPRF-AL;DEL01-AL;UOP02-DEL01-AL
613084;08/07/2024;segunda-feira;18:30:00;SP;116;187;SANTA ISABEL;Pista Escorregadia;Tombamento;Com Vítimas Feridas;Plena Noite;Decrescente;Chuva;Dupla;Aclive;Não;4;0;2;0;1;1;2;4;-23,35713072;-46,20737811;SPRF-SP;DEL01-SP;UOP01-DEL01-SP
613085;08/07/2024;segunda-feira;17:15:00;PE;101;17,6;JABOATAO DOS GUARARAPES;Reação tardia ou ineficiente do condutor;Tombamento;Com Vítimas Feridas;Anoitecer;Crescente;Nublado;Dupla;Curva;Não;1;0;0;1;0;0;1;1;-8,096864;-35,049055;SPRF-PE;DEL01-PE;UOP02-DEL01-PE
613086;08/07/2024;segunda-feira;18:30:00;PR;116;105,4;SAO JOSE DOS PINHAIS;Acesso irregular;Saída de leito carroçável;Sem Vítimas;Plena Noite;Crescente;Garoa/Chuvisco;Dupla;"Declive;Reta";Não;1;0;0;0;1;0;0;1;-25,56635207;-49,16833598;SPRF-PR;DEL01-PR;UOP07-DEL01-PR
613087;08/07/2024;segunda-feira;18:45:00;SP;116;189;SANTA ISABEL;Reação tardia ou ineficiente do condutor;Queda de ocupante de veículo;Com Vítimas Feridas;Anoitecer;Decrescente;Chuva;Dupla;Reta;Não;3;0;0;1;1;1;1;3;-23,36435234;-46,22488684;SPRF-SP;DEL01-SP;UOP01-DEL01-SP
613088;08/07/2024;segunda-feira;17:15:00;PA;222;57;DOM ELISEU;Velocidade Incompatível;Saída de leito carroçável;Com Vítimas Feridas;Pleno dia;Crescente;Céu Claro;Simples;Curva;Não;5;0;5;0;0;0;5;1;-4,461455;-47,806446;SPRF-PA;DEL02-PA;UOP02-DEL02-PA
613090;08/07/2024;segunda-feira;19:00:00;SC;101;206;SAO JOSE;Condutor deixou de manter distância do veículo da frente;Colisão lateral mesmo sentido;Com Vítimas Feridas;Plena Noite;Decrescente;Céu Claro;Múltipla;Reta;Não;3;0;1;0;2;0;1;2;-27,59193546;-48,61824557;SPRF-SC;DEL01-SC;UOP01-DEL01-SC
613093;08/07/2024;segunda-feira;19:40:00;RJ;101;270;RIO BONITO;Velocidade Incompatível;Colisão traseira;Com Vítimas Feridas;Plena Noite;Decrescente;Céu Claro;Dupla;Reta;Sim;2;0;0;1;1;0;1;2;-22,720229;-42,690406;SPRF-RJ;DEL02-RJ;UOP03-DEL02-RJ
613095;08/07/2024;segunda-feira;17:30:00;SC;116;238,2;LAGES;Reação tardia ou ineficiente do condutor;Colisão com objeto;Com Vítimas Feridas;Anoitecer;Decrescente;Garoa/Chuvisco;Simples;"Rotatória;Interseção de Vias";Não;2;0;2;0;0;0;2;1;-27,75024044;-50,3352356;SPRF-SC;DEL05-SC;UOP01-DEL05-SC
613096;08/07/2024;segunda-feira;19:30:00;RS;290;91;PORTO ALEGRE;Demais falhas mecânicas ou elétricas;Atropelamento de Pedestre;Com Vítimas Fatais;Plena Noite;Crescente;Céu Claro;Múltipla;Reta;Sim;4;1;0;0;3;0;0;2;-29,969055;-51,167439;SPRF-RS;DEL01-RS;UOP01-DEL01-RS
613097;08/07/2024;segunda-feira;18:40:00;BA;101;213;MURITIBA;Acessar a via sem observar a presença dos outros veículos;Colisão transversal;Com Vítimas Fatais;Anoitecer;Decrescente;Céu Claro;Simples;Reta;Sim;2;1;1;0;0;0;1;2;-12,61416915;-39,08511973;SPRF-BA;DEL01-BA;UOP02-DEL01-BA
613098;08/07/2024;segunda-feira;16:20:00;PR;277;107;CAMPO LARGO;Condutor deixou de manter distância do veículo da frente;Colisão traseira;Com Vítimas Feridas;Pleno dia;Decrescente;Chuva;Dupla;Reta;Não;3;0;1;0;2;0;1;2;-25,47157895;-49,35341791;SPRF-PR;DEL01-PR;UOP06-DEL01-PR
613102;08/07/2024;segunda-feira;19:10:00;GO;20;86,1;VILA BOA;Desrespeitar a preferência no cruzamento;Colisão transversal;Sem Vítimas;Plena Noite;Decrescente;Céu Claro;Simples;Reta;Não;4;0;0;0;4;0;0;2;-15,04924798;-47,06645966;SPRF-DF;DEL02-DF;UOP02-DEL02-DF
613103;08/07/2024;segunda-feira;19:00:00;RJ;101;472;ANGRA DOS REIS;Transitar na contramão;Colisão lateral sentido oposto;Com Vítimas Feridas;Plena Noite;Crescente;Garoa/Chuvisco;Simples;Reta;Não;4;0;1;0;1;2;1;3;-22,988676;-44,23305893;SPRF-RJ;DEL03-RJ;UOP03-DEL03-RJ
613105;08/07/2024;segunda-feira;11:40:00;MG;365;66,3;JEQUITAI;Velocidade Incompatível;Saída de leito carroçável;Com Vítimas Feridas;Pleno dia;Crescente;Céu Claro;Simples;"Aclive;Curva";Não;5;0;1;0;4;0;1;1;-17,04887701;-44,32704498;SPRF-MG;DEL12-MG;UOP01-DEL12-MG
613107;08/07/2024;segunda-feira;20:15:00;MG;381;614;OLIVEIRA;Problema na suspensão;Queda de ocupante de veículo;Com Vítimas Feridas;Plena Noite;Decrescente;Céu Claro;Dupla;Reta;Não;1;0;1;0;0;0;1;1;-20,70918158;-44,75631058;SPRF-MG;DEL04-MG;UOP01-DEL04-MG
613108;08/07/2024;segunda-feira;18:30:00;SC;101;158;PORTO BELO;Reação tardia ou ineficiente do condutor;Colisão traseira;Com Vítimas Feridas;Plena Noite;Crescente;Céu Claro;Dupla;Retorno Regulamentado;Sim;2;0;1;0;1;0;1;2;-27,19096301;-48,61259017;SPRF-SC;DEL04-SC;UOP03-DEL04-SC
613111;08/07/2024;segunda-feira;19:00:00;RS;470;222,2;GARIBALDI;Ausência de reação do condutor;Colisão com objeto;Com Vítimas Feridas;Plena Noite;Decrescente;Garoa/Chuvisco;Dupla;Retorno Regulamentado;Sim;1;0;1;0;0;0;1;1;-29,21633755;-51,51737094;SPRF-RS;DEL06-RS;UOP01-DEL06-RS
613112;08/07/2024;segunda-feira;20:35:00;RS;158;247,9;TUPANCIRETA;Ingestão de álcool pelo condutor;Saída de leito carroçável;Com Vítimas Feridas;Plena Noite;Decrescente;Céu Claro;Simples;Reta;Não;1;0;0;1;0;0;1;1;-29,09161093;-53,6513374;SPRF-RS;DEL10-RS;UOP02-DEL10-RS
613113;08/07/2024;segunda-feira;18:10:00;SC;163;68,5;SAO MIGUEL DO OESTE;Animais na Pista;Atropelamento de Animal;Com Vítimas Feridas;Anoitecer;Crescente;Garoa/Chuvisco;Dupla;"Declive;Reta;Interseção de Vias";Sim;3;0;1;0;1;1;1;3;-26,74522714;-53,50097179;SPRF-SC;DEL07-SC;UOP03-DEL07-SC
613114;08/07/2024;segunda-feira;20:25:00;SC;470;66,5;INDAIAL;Ausência de reação do condutor;Tombamento;Com Vítimas Feridas;Plena Noite;Crescente;Ignorado;Simples;"Rotatória;Em Obras";Sim;1;0;1;0;0;0;1;1;-26,87025771;-49,22781587;SPRF-SC;DEL04-SC;UOP01-DEL04-SC
613116;08/07/2024;segunda-feira;20:30:00;ES;101;309,2;VIANA;Pedestre andava na pista;Atropelamento de Pedestre;Com Vítimas Feridas;Plena Noite;Crescente;Céu Claro;Dupla;Curva;Sim;3;0;0;1;0;2;1;2;-20,417;-40,45984911;SPRF-ES;DEL01-ES;UOP01-DEL01-ES
613117;08/07/2024;segunda-feira;19:10:00;MG;262;141;RIO CASCA;Velocidade Incompatível;Saída de leito carroçável;Com Vítimas Feridas;Plena Noite;Decrescente;Céu Claro;Simples;"Declive;Curva";Não;1;0;1;0;0;0;1;1;-20,06617491;-42,71832256;SPRF-MG;DEL03-MG;UOP03-DEL03-MG
613119;08/07/2024;segunda-feira;18:00:00;PR;158;404,8;LARANJEIRAS DO SUL;Velocidade Incompatível;Colisão frontal;Com Vítimas Fatais;Anoitecer;Crescente;Garoa/Chuvisco;Simples;Curva;Não;4;1;0;1;2;0;1;2;-25,36984;-52,39127;SPRF-PR;DEL04-PR;UOP02-DEL04-PR
613121;08/07/2024;segunda-feira;19:50:00;SP;381;60;MAIRIPORA;Chuva;Queda de ocupante de veículo;Com Vítimas Feridas;Plena Noite;Crescente;Chuva;Dupla;Curva;Não;1;0;1;0;0;0;1;1;-23,28957673;-46,58729853;SPRF-SP;DEL03-SP;UOP01-DEL03-SP
613122;08/07/2024;segunda-feira;19:10:00;MT;163;841;SINOP;Acessar a via sem observar a presença dos outros veículos;Eventos atípicos;Com Vítimas Feridas;Plena Noite;Crescente;Céu Claro;Simples;Reta;Sim;4;0;2;0;0;2;2;2;-11,93347098;-55,51404107;SPRF-MT;DEL06-MT;UOP02-DEL06-MT
613123;08/07/2024;segunda-feira;20:50:00;RS;116;265;CANOAS;Acessar a via sem observar a presença dos outros veículos;Colisão lateral mesmo sentido;Com Vítimas Feridas;Plena Noite;Decrescente;Nublado;Dupla;Viaduto;Sim;3;0;1;0;1;1;1;3;-29,92590926;-51,17752433;SPRF-RS;DEL01-RS;UOP01-DEL01-RS
613124;08/07/2024;segunda-feira;19:50:00;MS;163;172;JUTI;Reação tardia ou ineficiente do condutor;Tombamento;Sem Vítimas;Plena Noite;Decrescente;Nublado;Simples;Reta;Sim;1;0;0;0;1;0;0;1;-22,86622819;-54,61002707;SPRF-MS;DEL09-MS;UOP01-DEL09-MS
613125;08/07/2024;segunda-feira;21:00:00;MG;381;481,6;BETIM;Avarias e/ou desgaste excessivo no pneu;Tombamento;Com Vítimas Feridas;Plena Noite;Decrescente;Céu Claro;Dupla;Reta;Não;2;0;2;0;0;0;2;1;-19,95931561;-44,08825597;SPRF-MG;DEL01-MG;UOP03-DEL01-MG
613126;08/07/2024;segunda-feira;20:40:00;PI;316;7;TERESINA;Condutor deixou de manter distância do veículo da frente;Colisão traseira;Sem Vítimas;Plena Noite;Crescente;Céu Claro;Múltipla;Reta;Sim;2;0;0;0;2;0;0;2;-5,15584638;-42,77173332;SPRF-PI;DEL01-PI;UOP02-DEL01-PI
613131;08/07/2024;segunda-feira;21:00:00;SP;116;292;ITAPECERICA DA SERRA;Ausência de reação do condutor;Saída de leito carroçável;Sem Vítimas;Plena Noite;Crescente;Chuva;Dupla;"Retorno Regulamentado;Reta";Sim;1;0;0;0;0;1;0;1;-23,74581995;-46,90003027;SPRF-SP;DEL04-SP;UOP01-DEL04-SP
613133;08/07/2024;segunda-feira;19:45:00;MS;163;256,1;DOURADOS;Ausência de reação do condutor;Queda de ocupante de veículo;Com Vítimas Feridas;Plena Noite;Crescente;Garoa/Chuvisco;Dupla;"Reta;Declive";Sim;1;0;0;1;0;0;1;1;-22,25912005;-54,79970813;SPRF-MS;DEL04-MS;UOP01-DEL04-MS
613134;08/07/2024;segunda-feira;20:00:00;PE;232;160,3;TACAIMBO;Reação tardia ou ineficiente do condutor;Colisão frontal;Com Vítimas Feridas;Plena Noite;Decrescente;Nublado;Simples;Reta;Não;3;0;1;1;0;1;2;2;-8,33165566;-36,25343502;SPRF-PE;DEL03-PE;UOP02-DEL03-PE
613135;08/07/2024;segunda-feira;18:35:00;PR;376;222,4;CAMBIRA;Chuva;Tombamento;Com Vítimas Feridas;Plena Noite;Crescente;Céu Claro;Dupla;Curva;Não;1;0;0;1;0;0;1;1;-23,60181386;-51,59163594;SPRF-PR;DEL07-PR;UOP03-DEL07-PR
613137;08/07/2024;segunda-feira;20:40:00;PE;424;83,7;GARANHUNS;Ausência de reação do condutor;Colisão frontal;Com Vítimas Feridas;Plena Noite;Crescente;Chuva;Simples;Curva;Não;2;0;0;1;1;0;1;2;-8,84593423;-36,52457016;SPRF-PE;DEL03-PE;UOP01-DEL03-PE
613141;08/07/2024;segunda-feira;21:10:00;MA;222;662,9;ACAILANDIA;Transitar na contramão;Colisão traseira;Com Vítimas Feridas;Plena Noite;Decrescente;Céu Claro;Simples;Reta;Sim;2;0;0;1;1;0;1;2;-4,88027519;-47,36113789;SPRF-MA;DEL04-MA;UOP03-DEL04-MA
613142;08/07/2024;segunda-feira;16:33:00;SP;0;0;ARAMINA;Ausência de sinalização;Colisão traseira;Sem Vítimas;Pleno dia;Não Informado;Sol;Simples;"Interseção de Vias;Reta";Sim;2;0;0;0;2;0;0;2;-20,08821541;-47,7895474;SPRF-SP;DEL08-SP;UOP02-DEL08-SP
613143;08/07/2024;segunda-feira;20:45:00;PR;373;268;PRUDENTOPOLIS;Reação tardia ou ineficiente do condutor;Eventos atípicos;Sem Vítimas;Plena Noite;Crescente;Garoa/Chuvisco;Simples;Interseção de Vias;Sim;1;0;0;0;0;1;0;1;-25,21821421;-51,01691488;SPRF-PR;DEL08-PR;UOP01-DEL08-PR
613144;08/07/2024;segunda-feira;23:00:00;MS;163;44;ELDORADO;Ingestão de álcool pelo condutor;Saída de leito carroçável;Com Vítimas Feridas;Plena Noite;Crescente;Céu Claro;Simples;Reta;Não;1;0;1;0;0;0;1;1;-23,75654022;-54,26673768;SPRF-MS;DEL09-MS;UOP02-DEL09-MS
613146;08/07/2024;segunda-feira;23:05:00;SC;101;116,8;ITAJAI;Trafegar com motocicleta (ou similar) entre as faixas;Colisão lateral mesmo sentido;Com Vítimas Feridas;Plena Noite;Crescente;Nublado;Múltipla;Reta;Sim;1;0;1;0;0;0;1;1;-26,87905605;-48,72603512;SPRF-SC;DEL04-SC;UOP04-DEL04-SC
613147;08/07/2024;segunda-feira;23:00:00;SP;153;146,9;PROMISSAO;Animais na Pista;Saída de leito carroçável;Com Vítimas Feridas;Plena Noite;Crescente;Céu Claro;Simples;Reta;Não;1;0;1;0;0;0;1;1;-21,38147297;-49,7908097;SPRF-SP;DEL07-SP;UOP01-DEL07-SP
613148;08/07/2024;segunda-feira;23:51:00;RN;101;122;SAO JOSE DE MIPIBU;Ausência de reação do condutor;Colisão com objeto;Com Vítimas Feridas;Plena Noite;Decrescente;Céu Claro;Dupla;Reta;Não;2;0;1;0;1;0;1;1;-6,0525261;-35,24358535;SPRF-RN;DEL01-RN;UOP01-DEL01-RN
613149;08/07/2024;segunda-feira;23:30:00;SP;116;116;TAUBATE;Reação tardia ou ineficiente do condutor;Colisão traseira;Com Vítimas Feridas;Plena Noite;Decrescente;Nublado;Múltipla;Reta;Sim;2;0;1;0;1;0;1;2;-23,05376319;-45,6088049;SPRF-SP;DEL02-SP;UOP02-DEL02-SP
613150;08/07/2024;segunda-feira;23:40:00;PB;230;472;SOUSA;Pedestre andava na pista;Atropelamento de Pedestre;Com Vítimas Feridas;Plena Noite;Decrescente;Céu Claro;Simples;Curva;Não;2;0;0;1;0;1;1;2;-6,7994;-38,2987;SPRF-PB;DEL03-PB;UOP03-DEL03-PB
613151;08/07/2024;segunda-feira;20:50:00;RO;319;34;PORTO VELHO;Acumulo de areia ou detritos sobre o pavimento;Saída de leito carroçável;Com Vítimas Feridas;Plena Noite;Crescente;Céu Claro;Simples;"Reta;Em Obras";Não;6;0;4;1;0;1;5;2;-8,0846424;-63,62753988;SPRF-RO;DEL01-RO;UOP01-DEL01-RO
613153;08/07/2024;segunda-feira;21:00:00;MT;163;667;LUCAS DO RIO VERDE;Animais na Pista;Atropelamento de Animal;Sem Vítimas;Plena Noite;Crescente;Céu Claro;Simples;Reta;Não;1;0;0;0;1;0;0;1;-13,24579447;-56,01387458;SPRF-MT;DEL06-MT;UOP01-DEL06-MT
613155;09/07/2024;terça-feira;01:00:00;PE;407;112,7;PETROLINA;Condutor Dormindo;Saída de leito carroçável;Sem Vítimas;Plena Noite;Decrescente;Céu Claro;Simples;Reta;Não;2;0;0;0;0;2;0;1;-9,27560414;-40,59620723;SPRF-PE;DEL06-PE;UOP01-DEL06-PE
613156;09/07/2024;terça-feira;03:00:00;RS;392;8;RIO GRANDE;Reação tardia ou ineficiente do condutor;Saída de leito carroçável;Sem Vítimas;Plena Noite;Crescente;Céu Claro;Simples;Reta;Sim;1;0;0;0;1;0;0;1;-32,10246718;-52,11069415;SPRF-RS;DEL07-RS;UOP02-DEL07-RS
613161;08/07/2024;segunda-feira;10:30:00;BA;349;1056;CORRENTINA;Condutor Dormindo;Saída de leito carroçável;Com Vítimas Feridas;Pleno dia;Decrescente;Céu Claro;Simples;Reta;Não;1;0;1;0;0;0;1;1;-13,798034;-46,133413;SPRF-BA;DEL08-BA;N/A
613162;09/07/2024;terça-feira;04:30:00;GO;80;2,5;PADRE BERNARDO;Reação tardia ou ineficiente do condutor;Saída de leito carroçável;Com Vítimas Feridas;Plena Noite;Crescente;Céu Claro;Dupla;"Declive;Reta";Não;4;0;4;0;0;0;4;1;-15,502505;-48,21132;SPRF-DF;DEL03-DF;UOP02-DEL03-DF
613163;09/07/2024;terça-feira;05:30:00;SC;470;64,8;INDAIAL;Ingestão de álcool pelo condutor;Saída de leito carroçável;Com Vítimas Feridas;Plena Noite;Crescente;Garoa/Chuvisco;Simples;"Declive;Em Obras";Sim;1;0;1;0;0;0;1;1;-26,86976005;-49,201895;SPRF-SC;DEL04-SC;UOP01-DEL04-SC