id;data_inversa;dia_semana;horario;uf;br;km;municipio;causa_acidente;tipo_acidente;classificacao_acidente;fase_dia;sentido_via;condicao_metereologica;tipo_pista;tracado_via;uso_solo;pessoas;mortos;feridos_leves;feridos_graves;ilesos;ignorados;feridos;veiculos;latitude;longitude;regional;delegacia;uop
613164;08/07/2024;segunda-feira;22:45:00;BA;407;28;JUAZEIRO;Animais na Pista;Atropelamento de Animal;Sem Vítimas;Plena Noite;Decrescente;Céu Claro;Simples;Reta;Não;1;0;0;0;1;0;0;1;-9,633835;-40,401323;SPRF-BA;DEL04-BA;UOP01-DEL04-BA
613165;09/07/2024;terça-feira;05:40:00;ES;101;67,5;SAO MATEUS;Desrespeitar a preferência no cruzamento;Colisão transversal;Com Vítimas Feridas;Amanhecer;Decrescente;Nublado;Múltipla;Interseção de Vias;Sim;2;0;1;0;1;0;1;2;-18,726597;-39,85975;SPRF-ES;DEL04-ES;UOP02-DEL04-ES
613166;09/07/2024;terça-feira;06:20:00;BA;135;132;RIACHAO DAS NEVES;Condutor Dormindo;Saída de leito carroçável;Com Vítimas Fatais;Amanhecer;Decrescente;Céu Claro;Simples;Reta;Não;5;1;1;3;0;0;4;1;-11,79072277;-44,88784176;SPRF-BA;DEL08-BA;N/A
613167;09/07/2024;terça-feira;06:20:00;SP;116;66,8;GUARATINGUETA;Objeto estático sobre o leito carroçável;Colisão com objeto;Com Vítimas Feridas;Amanhecer;Decrescente;Céu Claro;Dupla;Reta;Não;1;0;0;1;0;0;1;1;-22,82270215;-45,20193286;SPRF-SP;DEL08-SP;UOP01-DEL08-SP
613168;09/07/2024;terça-feira;06:40:00;MG;381;498;BETIM;Acessar a via sem observar a presença dos outros veículos;Colisão traseira;Com Vítimas Feridas;Pleno dia;Crescente;Céu Claro;Dupla;"Interseção de Vias;Aclive;Reta";Sim;3;0;2;0;1;0;2;2;-19,99503693;-44,20864105;SPRF-MG;DEL01-MG;UOP03-DEL01-MG
613170;09/07/2024;terça-feira;06:00:00;SP;116;199;ARUJA;Reação tardia ou ineficiente do condutor;Colisão com objeto;Com Vítimas Feridas;Amanhecer;Decrescente;Garoa/Chuvisco;Dupla;Reta;Não;1;0;1;0;0;0;1;1;-23,40185327;-46,31154312;SPRF-SP;DEL01-SP;UOP01-DEL01-SP
613171;09/07/2024;terça-feira;05:00:00;PI;316;177,8;VALENCA DO PIAUI;Condutor Dormindo;Colisão com objeto;Com Vítimas Feridas;Plena Noite;Decrescente;Céu Claro;Simples;Reta;Não;4;0;4;0;0;0;4;1;-6,22931055;-41,98491686;SPRF-PI;DEL04-PI;UOP02-DEL04-PI
613173;09/07/2024;terça-feira;07:45:00;PR;376;176,4;MARINGA;Ausência de reação do condutor;Engavetamento;Com Vítimas Feridas;Pleno dia;Crescente;Chuva;Dupla;Reta;Sim;3;0;1;0;2;0;1;3;-23,41269173;-51,93158327;SPRF-PR;DEL09-PR;UOP01-DEL09-PR
613174;09/07/2024;terça-feira;06:30:00;PE;232;254,1;ARCOVERDE;Reação tardia ou ineficiente do condutor;Saída de leito carroçável;Sem Vítimas;Amanhecer;Crescente;Ignorado;Simples;Reta;Sim;1;0;0;0;0;1;0;1;-8,41875994;-37,07859892;SPRF-PE;DEL04-PE;UOP02-DEL04-PE
613177;09/07/2024;terça-feira;07:30:00;SC;101;41;JOINVILLE;Acumulo de água sobre o pavimento;Tombamento;Com Vítimas Feridas;Pleno dia;Decrescente;Chuva;Múltipla;"Reta;Declive";Sim;1;0;1;0;0;0;1;1;-26,31781248;-48,87233198;SPRF-SC;DEL03-SC;UOP01-DEL03-SC
613178;09/07/2024;terça-feira;07:05:00;GO;153;96,7;ANAPOLIS;Retorno proibido;Tombamento;Com Vítimas Feridas;Pleno dia;Crescente;Céu Claro;Dupla;Reta;Sim;1;0;1;0;0;0;1;1;-16,373763;-48,945136;SPRF-GO;DEL07-GO;UOP01-DEL07-GO
613179;09/07/2024;terça-feira;08:00:00;SC;101;211,1;PALHOCA;Manobra de mudança de faixa;Colisão lateral mesmo sentido;Com Vítimas Feridas;Pleno dia;Decrescente;Garoa/Chuvisco;Múltipla;Reta;Sim;2;0;0;1;1;0;1;2;-27,62329313;-48,65245588;SPRF-SC;DEL01-SC;UOP02-DEL01-SC
613180;09/07/2024;terça-feira;08:00:00;RS;116;258;ESTEIO;Reação tardia ou ineficiente do condutor;Tombamento;Com Vítimas Feridas;Pleno dia;Crescente;Nublado;Dupla;"Em Obras;Reta";Sim;1;0;1;0;0;0;1;1;-29,86150502;-51,18091535;SPRF-RS;DEL01-RS;UOP02-DEL01-RS
613181;09/07/2024;terça-feira;08:20:00;PB;230;17;JOAO PESSOA;Manobra de mudança de faixa;Colisão transversal;Com Vítimas Feridas;Pleno dia;Crescente;Céu Claro;Dupla;Retorno Regulamentado;Sim;4;0;1;1;0;2;2;3;-7,11833138;-34,84414816;SPRF-PB;DEL01-PB;UOP01-DEL01-PB
613182;09/07/2024;terça-feira;08:15:00;RS;101;80;OSORIO;Reação tardia ou ineficiente do condutor;Saída de leito carroçável;Com Vítimas Feridas;Pleno dia;Crescente;Nublado;Dupla;Reta;Não;1;0;1;0;0;0;1;1;-29,8263459;-50,2482636;SPRF-RS;DEL03-RS;UOP01-DEL03-RS
613183;09/07/2024;terça-feira;08:20:00;RJ;101;323;NITEROI;Avarias e/ou desgaste excessivo no pneu;Tombamento;Com Vítimas Feridas;Pleno dia;Crescente;Nublado;Simples;"Reta;Ponte";Sim;2;0;2;0;0;0;2;1;-22,87684786;-43,11728689;SPRF-RJ;DEL02-RJ;UOP01-DEL02-RJ
613184;09/07/2024;terça-feira;07:50:00;RJ;101;69;CAMPOS DOS GOYTACAZES;Ausência de reação do condutor;Colisão traseira;Com Vítimas Feridas;Pleno dia;Decrescente;Céu Claro;Simples;Reta;Sim;3;0;2;0;1;0;2;2;-21,77624383;-41,3653321;SPRF-RJ;DEL08-RJ;UOP02-DEL08-RJ
613185;09/07/2024;terça-feira;06:57:00;SC;480;127,3;CHAPECO;Pedestre cruzava a pista fora da faixa;Atropelamento de Pedestre;Com Vítimas Feridas;Amanhecer;Crescente;Nevoeiro/Neblina;Dupla;Reta;Sim;3;0;0;1;1;1;1;2;-27,03462555;-52,63352394;SPRF-SC;DEL07-SC;UOP01-DEL07-SC
613188;09/07/2024;terça-feira;06:40:00;RN;405;18,5;MOSSORO;Velocidade Incompatível;Colisão traseira;Com Vítimas Feridas;Pleno dia;Crescente;Céu Claro;Simples;Reta;Não;3;0;1;1;1;0;2;2;-5,22576093;-37,50570309;SPRF-RN;DEL04-RN;UOP02-DEL04-RN
613191;05/07/2024;sexta-feira;16:00:00;RO;364;14;VILHENA;Acessar a via sem observar a presença dos outros veículos;Colisão lateral mesmo sentido;Com Vítimas Feridas;Pleno dia;Decrescente;Céu Claro;Dupla;Rotatória;Sim;3;0;1;0;2;0;1;2;-12,73898138;-60,13911417;SPRF-RO;DEL04-RO;UOP01-DEL04-RO
613192;09/07/2024;terça-feira;07:40:00;PR;376;488;PONTA GROSSA;Manobra de mudança de faixa;Colisão lateral mesmo sentido;Com Vítimas Feridas;Pleno dia;Crescente;Chuva;Dupla;Interseção de Vias;Sim;3;0;1;0;1;1;1;3;-25,13510082;-50,16497282;SPRF-PR;DEL03-PR;UOP04-DEL03-PR
613193;09/07/2024;terça-feira;08:20:00;PE;101;55;PAULISTA;Condutor deixou de manter distância do veículo da frente;Engavetamento;Com Vítimas Feridas;Pleno dia;Crescente;Nublado;Dupla;Reta;Sim;3;0;2;0;1;0;2;3;-7,94806621;-34,9062148;SPRF-PE;DEL01-PE;UOP02-DEL01-PE
613194;09/07/2024;terça-feira;08:45:00;RS;386;131,9;SARANDI;Ausência de reação do condutor;Colisão traseira;Com Vítimas Feridas;Pleno dia;Crescente;Nublado;Simples;Reta;Não;2;0;1;0;1;0;1;2;-27,94019;-52,94325;SPRF-RS;DEL08-RS;UOP01-DEL08-RS
613195;09/07/2024;terça-feira;09:16:00;PE;408;102,9;SAO LOURENCO DA MATA;Entrada inopinada do pedestre;Atropelamento de Pedestre;Com Vítimas Fatais;Pleno dia;Decrescente;Céu Claro;Dupla;"Declive;Reta";Não;3;1;1;0;1;0;1;2;-8,057277;-34,994947;SPRF-PE;DEL01-PE;UOP01-DEL01-PE
613196;09/07/2024;terça-feira;09:00:00;MG;381;924,5;CAMANDUCAIA;Avarias e/ou desgaste excessivo no pneu;Colisão lateral mesmo sentido;Com Vítimas Feridas;Pleno dia;Decrescente;Chuva;Dupla;Curva;Não;6;0;3;0;2;1;3;3;-22,77048345;-46,19330406;SPRF-MG;DEL16-MG;UOP03-DEL16-MG
613197;09/07/2024;terça-feira;07:50:00;SP;381;59;MAIRIPORA;Chuva;Colisão com objeto;Com Vítimas Feridas;Pleno dia;Decrescente;Chuva;Dupla;"Aclive;Reta";Não;1;0;1;0;0;0;1;1;-23,28270705;-46,58787791;SPRF-SP;DEL03-SP;UOP01-DEL03-SP
613199;09/07/2024;terça-feira;09:00:00;RJ;40;119,5;DUQUE DE CAXIAS;Ausência de reação do condutor;Tombamento;Com Vítimas Feridas;Pleno dia;Crescente;Nublado;Múltipla;Reta;Sim;1;0;1;0;0;0;1;1;-22,76375592;-43,28683062;SPRF-RJ;DEL01-RJ;UOP02-DEL01-RJ
613200;09/07/2024;terça-feira;09:30:00;GO;40;22,1;LUZIANIA;Acessar a via sem observar a presença dos outros veículos;Colisão transversal;Com Vítimas Feridas;Pleno dia;Decrescente;Sol;Dupla;Reta;Sim;3;0;0;2;1;0;2;2;-16,232448;-47,912671;SPRF-DF;DEL01-DF;UOP01-DEL01-DF
613201;09/07/2024;terça-feira;07:00:00;SC;280;32,6;ARAQUARI;Desrespeitar a preferência no cruzamento;Atropelamento de Pedestre;Com Vítimas Feridas;Pleno dia;Crescente;Garoa/Chuvisco;Simples;Reta;Não;2;0;1;0;1;0;1;2;-26,420618;-48,779335;SPRF-SC;DEL03-SC;UOP03-DEL03-SC
613202;09/07/2024;terça-feira;10:05:00;SP;381;60,8;MAIRIPORA;Reação tardia ou ineficiente do condutor;Colisão com objeto;Sem Vítimas;Pleno dia;Crescente;Garoa/Chuvisco;Dupla;"Declive;Curva";Não;1;0;0;0;1;0;0;1;-23,28957673;-46,58729853;SPRF-SP;DEL03-SP;UOP01-DEL03-SP
613203;09/07/2024;terça-feira;07:50:00;SC;116;115;SANTA CECILIA;Reação tardia ou ineficiente do condutor;Colisão com objeto;Com Vítimas Feridas;Pleno dia;Decrescente;Garoa/Chuvisco;Simples;Curva;Não;1;0;1;0;0;0;1;1;-26,80262399;-50,33936901;SPRF-SC;DEL06-SC;UOP02-DEL06-SC
613204;09/07/2024;terça-feira;10:00:00;PR;116;26;CAMPINA GRANDE DO SUL;Reação tardia ou ineficiente do condutor;Saída de leito carroçável;Com Vítimas Feridas;Pleno dia;Decrescente;Chuva;Simples;Curva;Não;3;0;2;0;1;0;2;1;-25,10683694;-48,785333;SPRF-PR;DEL01-PR;UOP02-DEL01-PR
613208;09/07/2024;terça-feira;09:20:00;PR;277;560,3;CASCAVEL;Pista esburacada;Queda de ocupante de veículo;Com Vítimas Feridas;Pleno dia;Decrescente;Nevoeiro/Neblina;Simples;Reta;Não;1;0;1;0;0;0;1;1;-25,0662028;-53,2164665;SPRF-PR;DEL04-PR;UOP04-DEL04-PR
613209;09/07/2024;terça-feira;06:50:00;SC;280;46,5;GUARAMIRIM;Acessar a via sem observar a presença dos outros veículos;Colisão transversal;Com Vítimas Feridas;Amanhecer;Crescente;Chuva;Simples;"Reta;Em Obras";Não;2;0;0;1;1;0;1;2;-26,45295055;-48,90788103;SPRF-SC;DEL03-SC;UOP03-DEL03-SC
613210;09/07/2024;terça-feira;10:00:00;SC;470;45;GASPAR;Trafegar com motocicleta (ou similar) entre as faixas;Colisão transversal;Com Vítimas Feridas;Pleno dia;Crescente;Nublado;Simples;"Reta;Em Obras";Sim;2;0;1;0;1;0;1;2;-26,86602749;-49,03228283;SPRF-SC;DEL04-SC;UOP01-DEL04-SC
613211;09/07/2024;terça-feira;09:10:00;RO;319;59;PORTO VELHO;Acessar a via sem observar a presença dos outros veículos;Colisão lateral mesmo sentido;Com Vítimas Feridas;Pleno dia;Decrescente;Céu Claro;Dupla;Reta;Sim;2;0;1;0;1;0;1;2;-8,74260755;-63,90512645;SPRF-RO;DEL01-RO;UOP01-DEL01-RO
613212;09/07/2024;terça-feira;10:45:00;PE;232;8;RECIFE;Reação tardia ou ineficiente do condutor;Engavetamento;Com Vítimas Feridas;Pleno dia;Crescente;Garoa/Chuvisco;Múltipla;Reta;Sim;5;0;2;0;3;0;2;3;-8,07583727;-34,97015791;SPRF-PE;DEL01-PE;UOP01-DEL01-PE
613214;09/07/2024;terça-feira;09:00:00;PR;376;489,5;IMBAU;Ausência de reação do condutor;Colisão com objeto;Sem Vítimas;Pleno dia;Crescente;Chuva;Dupla;"Declive;Curva";Não;1;0;0;0;1;0;0;1;-24,472401;-50,739269;SPRF-PR;DEL03-PR;UOP04-DEL03-PR
613215;09/07/2024;terça-feira;10:10:00;BA;324;605;SIMOES FILHO;Ausência de reação do condutor;Colisão traseira;Com Vítimas Feridas;Pleno dia;Decrescente;Céu Claro;Dupla;Reta;Não;3;0;2;0;0;1;2;2;-12,78605114;-38,40972508;SPRF-BA;DEL01-BA;UOP01-DEL01-BA
613216;29/06/2024;sábado;17:50:00;PR;369;140,5;IBIPORA;Acessar a via sem observar a presença dos outros veículos;Atropelamento de Animal;Com Vítimas Feridas;Anoitecer;Decrescente;Chuva;Simples;Declive;Não;2;0;1;0;1;0;1;2;-23,280558;-51,068747;SPRF-PR;DEL07-PR;UOP01-DEL07-PR
613217;09/07/2024;terça-feira;08:00:00;MG;116;796;ALEM PARAIBA;Ausência de reação do condutor;Saída de leito carroçável;Com Vítimas Feridas;Pleno dia;Decrescente;Céu Claro;Simples;Reta;Não;3;0;3;0;0;0;3;1;-21,727808;-42,730125;SPRF-MG;DEL07-MG;UOP01-DEL07-MG
613218;09/07/2024;terça-feira;07:10:00;SC;163;71;SAO MIGUEL DO OESTE;Entrada inopinada do pedestre;Atropelamento de Pedestre;Com Vítimas Feridas;Pleno dia;Decrescente;Nevoeiro/Neblina;Dupla;Interseção de Vias;Sim;2;0;1;0;1;0;1;2;-26,72868909;-53,51236582;SPRF-SC;DEL07-SC;UOP03-DEL07-SC
613219;09/07/2024;terça-feira;08:45:00;BA;116;912;ENCRUZILHADA;Acessar a via sem observar a presença dos outros veículos;Colisão lateral mesmo sentido;Com Vítimas Feridas;Pleno dia;Crescente;Céu Claro;Simples;Reta;Não;2;0;0;1;1;0;1;2;-15,45480006;-41,22945884;SPRF-BA;DEL08-BA;UOP03-DEL08-BA
613221;09/07/2024;terça-feira;10:35:00;PR;277;36;MORRETES;Pista Escorregadia;Colisão com objeto;Com Vítimas Feridas;Pleno dia;Decrescente;Chuva;Dupla;"Curva;Declive";Não;1;0;1;0;0;0;1;1;-25,5585949;-48,80593311;SPRF-PR;DEL01-PR;UOP05-DEL01-PR
613222;09/07/2024;terça-feira;11:50:00;GO;20;83,6;VILA BOA;Conversão proibida;Colisão transversal;Com Vítimas Feridas;Pleno dia;Decrescente;Céu Claro;Simples;Reta;Não;3;0;1;0;2;0;1;2;-15,071345;-47,084877;SPRF-DF;DEL02-DF;UOP02-DEL02-DF
613224;09/07/2024;terça-feira;09:15:00;SP;153;343,5;OURINHOS;Chuva;Capotamento;Com Vítimas Feridas;Pleno dia;Decrescente;Chuva;Dupla;"Declive;Reta";Não;4;0;3;0;1;0;3;1;-22,96840896;-49,89986421;SPRF-SP;DEL07-SP;UOP03-DEL07-SP
613225;09/07/2024;terça-feira;11:50:00;PE;101;167;AGUA PRETA;Reação tardia ou ineficiente do condutor;Colisão traseira;Sem Vítimas;Pleno dia;Crescente;Garoa/Chuvisco;Dupla;Reta;Não;4;0;0;0;4;0;0;2;-8,56679186;-35,47528312;SPRF-PE;DEL01-PE;UOP03-DEL01-PE
613226;09/07/2024;terça-feira;12:05:00;RJ;393;277;BARRA DO PIRAI;Acessar a via sem observar a presença dos outros veículos;Colisão transversal;Com Vítimas Feridas;Pleno dia;Decrescente;Nublado;Simples;Reta;Não;2;0;0;1;1;0;1;2;-22,47536494;-44,00221825;SPRF-RJ;DEL05-RJ;UOP04-DEL05-RJ
613227;09/06/2024;domingo;13:00:00;MT;70;704;CACERES;Reação tardia ou ineficiente do condutor;Saída de leito carroçável;Com Vítimas Feridas;Pleno dia;Crescente;Céu Claro;Simples;Reta;Não;6;0;3;1;1;1;4;2;-16,25330393;-57,46318699;SPRF-MT;DEL03-MT;UOP01-DEL03-MT
613229;09/07/2024;terça-feira;12:25:00;MG;365;746,9;ITUIUTABA;Transitar na contramão;Colisão frontal;Com Vítimas Feridas;Pleno dia;Crescente;Céu Claro;Simples;Curva;Não;5;0;3;2;0;0;5;2;-18,93511146;-49,4297847;SPRF-MG;DEL15-MG;UOP03-DEL15-MG
613231;09/07/2024;terça-feira;07:17:00;PI;135;352;BOM JESUS;Condutor deixou de manter distância do veículo da frente;Colisão traseira;Com Vítimas Feridas;Pleno dia;Crescente;Sol;Simples;"Declive;Reta";Sim;2;0;2;0;0;0;2;2;-9,07531116;-44,35476699;SPRF-PI;DEL03-PI;UOP02-DEL03-PI
613232;09/07/2024;terça-feira;11:40:00;RS;472;577;URUGUAIANA;Acessar a via sem observar a presença dos outros veículos;Colisão transversal;Com Vítimas Feridas;Pleno dia;Crescente;Céu Claro;Simples;Rotatória;Sim;2;0;1;0;1;0;1;2;-29,7801717;-57,06401825;SPRF-RS;DEL13-RS;UOP01-DEL13-RS
613233;09/07/2024;terça-feira;12:55:00;SP;116;331;JUQUITIBA;Chuva;Saída de leito carroçável;Com Vítimas Feridas;Pleno dia;Decrescente;Chuva;Dupla;Curva;Não;2;0;1;0;1;0;1;1;-23,95129388;-47,10220309;SPRF-SP;DEL04-SP;UOP03-DEL04-SP
613234;09/07/2024;terça-feira;13:00:00;RS;116;263;CANOAS;Acessar a via sem observar a presença dos outros veículos;Colisão lateral mesmo sentido;Com Vítimas Feridas;Pleno dia;Crescente;Nublado;Dupla;Reta;Sim;2;0;1;0;1;0;1;2;-29,90545398;-51,17674031;SPRF-RS;DEL01-RS;UOP01-DEL01-RS
613236;05/07/2024;sexta-feira;18:40:00;MS;419;268;ANASTACIO;Animais na Pista;Tombamento;Sem Vítimas;Plena Noite;Decrescente;Nublado;Simples;Reta;Não;1;0;0;0;0;1;0;1;-20,69219302;-55,90501286;SPRF-MS;DEL03-MS;UOP01-DEL03-MS
613237;09/07/2024;terça-feira;10:40:00;RJ;40;109;DUQUE DE CAXIAS;Reação tardia ou ineficiente do condutor;Tombamento;Com Vítimas Feridas;Pleno dia;Decrescente;Céu Claro;Dupla;"Retorno Regulamentado;Curva";Sim;2;0;1;0;1;0;1;2;-22,67374628;-43,28638368;SPRF-RJ;DEL01-RJ;UOP02-DEL01-RJ
613239;09/07/2024;terça-feira;12:25:00;MG;40;524,5;CONTAGEM;Pedestre andava na pista;Atropelamento de Pedestre;Com Vítimas Feridas;Pleno dia;Decrescente;Céu Claro;Dupla;Curva;Sim;2;0;1;0;1;0;1;2;-19,8754469;-44,05345586;SPRF-MG;DEL01-MG;UOP02-DEL01-MG
613241;09/07/2024;terça-feira;13:20:00;RS;116;263;CANOAS;Condutor deixou de manter distância do veículo da frente;Colisão traseira;Com Vítimas Feridas;Pleno dia;Crescente;Nublado;Simples;"Aclive;Viaduto;Reta";Sim;3;0;1;0;2;0;1;3;-29,90545398;-51,17674031;SPRF-RS;DEL01-RS;UOP01-DEL01-RS
613242;09/07/2024;terça-feira;12:50:00;PR;277;104;CAMPO LARGO;Pedestre cruzava a pista fora da faixa;Eventos atípicos;Com Vítimas Feridas;Pleno dia;Crescente;Chuva;Dupla;Reta;Sim;2;0;1;0;1;0;1;2;-25,43425;-49,41185;SPRF-PR;DEL01-PR;UOP06-DEL01-PR
613243;09/07/2024;terça-feira;13:30:00;RS;116;143;CAXIAS DO SUL;Frear bruscamente;Engavetamento;Com Vítimas Feridas;Pleno dia;Crescente;Nevoeiro/Neblina;Dupla;"Reta;Interseção de Vias";Sim;3;0;1;0;2;0;1;3;-29,1201739;-51,12260651;SPRF-RS;DEL05-RS;UOP01-DEL05-RS
613246;09/07/2024;terça-feira;12:45:00;PR;116;33;CAMPINA GRANDE DO SUL;Velocidade Incompatível;Capotamento;Com Vítimas Feridas;Pleno dia;Decrescente;Chuva;Dupla;Curva;Não;3;0;2;0;1;0;2;1;-25,1068163;-48,8493208;SPRF-PR;DEL01-PR;UOP02-DEL01-PR
613247;09/07/2024;terça-feira;13:15:00;RS;392;8,5;RIO GRANDE;Pista Escorregadia;Queda de ocupante de veículo;Com Vítimas Feridas;Pleno dia;Crescente;Garoa/Chuvisco;Simples;Reta;Não;1;0;1;0;0;0;1;1;-32,093615;-52,108877;SPRF-RS;DEL07-RS;UOP02-DEL07-RS
613248;06/07/2024;sábado;07:20:00;RJ;116;183;NOVA IGUACU;Transitar na contramão;Colisão frontal;Com Vítimas Feridas;Pleno dia;Decrescente;Céu Claro;Dupla;Reta;Não;2;0;0;1;1;0;1;2;-22,7516014;-43,43849831;SPRF-RJ;DEL06-RJ;UOP01-DEL06-RJ
613252;09/07/2024;terça-feira;14:00:00;PR;116;39;CAMPINA GRANDE DO SUL;Reação tardia ou ineficiente do condutor;Colisão com objeto;Com Vítimas Feridas;Pleno dia;Decrescente;Chuva;Dupla;Curva;Não;2;0;1;0;1;0;1;1;-25,156168;-48,8613401;SPRF-PR;DEL01-PR;UOP02-DEL01-PR
613254;09/07/2024;terça-feira;13:45:00;RJ;40;120;DUQUE DE CAXIAS;Reação tardia ou ineficiente do condutor;Colisão traseira;Com Vítimas Feridas;Pleno dia;Crescente;Nublado;Múltipla;Reta;Sim;3;0;1;0;2;0;1;2;-22,78185499;-43,28571273;SPRF-RJ;DEL01-RJ;UOP02-DEL01-RJ
613256;09/07/2024;terça-feira;14:45:00;PI;343;333;TERESINA;Acessar a via sem observar a presença dos outros veículos;Colisão traseira;Com Vítimas Feridas;Pleno dia;Decrescente;Céu Claro;Dupla;Reta;Sim;2;0;1;0;1;0;1;2;-5,056121;-42,678154;SPRF-PI;DEL01-PI;UOP01-DEL01-PI
613257;09/07/2024;terça-feira;12:11:00;RO;364;12;VILHENA;Reação tardia ou ineficiente do condutor;Colisão traseira;Com Vítimas Feridas;Pleno dia;Crescente;Sol;Dupla;Rotatória;Sim;2;0;1;0;1;0;1;2;-12,7429119;-60,12351751;SPRF-RO;DEL04-RO;UOP01-DEL04-RO
613258;09/07/2024;terça-feira;12:30:00;RJ;101;385;RIO DE JANEIRO;Acumulo de areia ou detritos sobre o pavimento;Queda de ocupante de veículo;Com Vítimas Feridas;Pleno dia;Decrescente;Nublado;Dupla;"Retorno Regulamentado;Reta";Sim;2;0;1;0;1;0;1;2;-22,88064129;-43,63218994;SPRF-RJ;DEL03-RJ;UOP01-DEL03-RJ
613260;09/07/2024;terça-feira;15:00:00;PR;369;149;LONDRINA;Acesso irregular;Atropelamento de Pedestre;Com Vítimas Feridas;Pleno dia;Crescente;Garoa/Chuvisco;Dupla;Reta;Sim;2;0;1;0;1;0;1;2;-23,2930719;-51,15517616;SPRF-PR;DEL07-PR;UOP01-DEL07-PR
613261;09/07/2024;terça-feira;10:50:00;RJ;40;83;PETROPOLIS;Velocidade Incompatível;Saída de leito carroçável;Com Vítimas Feridas;Pleno dia;Decrescente;Nevoeiro/Neblina;Simples;Curva;Não;1;0;1;0;0;0;1;1;-22,51910302;-43,22873364;SPRF-RJ;DEL01-RJ;UOP01-DEL01-RJ
613262;27/06/2024;quinta-feira;07:30:00;ES;259;19,9;JOAO NEIVA;Transitar na contramão;Colisão frontal;Com Vítimas Feridas;Pleno dia;Crescente;Céu Claro;Simples;Curva;Não;3;0;0;3;0;0;3;2;-19,66055731;-40,45631938;SPRF-ES;DEL02-ES;UOP01-DEL02-ES
613264;09/07/2024;terça-feira;14:00:00;RS;0;0;PELOTAS;Reação tardia ou ineficiente do condutor;Colisão transversal;Sem Vítimas;Pleno dia;Não Informado;Chuva;Simples;Reta;Sim;2;0;0;0;2;0;0;2;-31,61302;-52,30509;SPRF-RS;DEL07-RS;UOP01-DEL07-RS
613265;09/07/2024;terça-feira;15:40:00;SP;116;339;JUQUITIBA;Chuva;Saída de leito carroçável;Com Vítimas Feridas;Pleno dia;Decrescente;Chuva;Dupla;Curva;Não;2;0;2;0;0;0;2;1;-23,9983939;-47,14927316;SPRF-SP;DEL04-SP;UOP03-DEL04-SP
613266;09/07/2024;terça-feira;15:40:00;RJ;116;185;NOVA IGUACU;Manobra de mudança de faixa;Colisão lateral mesmo sentido;Com Vítimas Feridas;Pleno dia;Crescente;Garoa/Chuvisco;Dupla;Reta;Sim;2;0;1;0;1;0;1;2;-22,74151051;-43,45351823;SPRF-RJ;DEL06-RJ;UOP01-DEL06-RJ
613269;09/07/2024;terça-feira;13:12:00;SC;282;533,2;CORDILHEIRA ALTA;Reação tardia ou ineficiente do condutor;Saída de leito carroçável;Sem Vítimas;Pleno dia;Crescente;Nublado;Simples;"Declive;Curva";Não;2;0;0;0;2;0;0;2;-26,99488924;-52,62731731;SPRF-SC;DEL07-SC;UOP01-DEL07-SC
613271;09/07/2024;terça-feira;16:00:00;PR;376;171,8;MARINGA;Reação tardia ou ineficiente do condutor;Saída de leito carroçável;Com Vítimas Feridas;Pleno dia;Crescente;Chuva;Dupla;Reta;Sim;2;0;2;0;0;0;2;1;-23,414673;-51,981309;SPRF-PR;DEL09-PR;UOP01-DEL09-PR
613273;09/07/2024;terça-feira;13:48:00;PA;316;64;CASTANHAL;Acessar a via sem observar a presença dos outros veículos;Colisão transversal;Com Vítimas Feridas;Pleno dia;Crescente;Céu Claro;Dupla;Reta;Sim;2;0;0;1;1;0;1;2;-1,29629557;-47,91983997;SPRF-PA;DEL01-PA;UOP01-DEL01-PA
613275;01/07/2024;segunda-feira;12:21:00;BA;324;513;FEIRA DE SANTANA;Acessar a via sem observar a presença dos outros veículos;Colisão transversal;Com Vítimas Feridas;Pleno dia;Crescente;Céu Claro;Múltipla;"Reta;Interseção de Vias";Sim;2;0;1;0;1;0;1;2;-12,2315519;-38,9574796;SPRF-BA;DEL02-BA;UOP01-DEL02-BA
613277;09/07/2024;terça-feira;15:45:00;RS;285;672;SAO BORJA;Acessar a via sem observar a presença dos outros veículos;Colisão transversal;Com Vítimas Feridas;Pleno dia;Crescente;Céu Claro;Simples;Rotatória;Não;2;0;1;0;1;0;1;2;-28,67285469;-55,96580386;SPRF-RS;DEL12-RS;UOP01-DEL12-RS
613279;09/07/2024;terça-feira;13:48:00;MG;40;130;JOAO PINHEIRO;Conversão proibida;Colisão lateral mesmo sentido;Com Vítimas Feridas;Pleno dia;Crescente;Céu Claro;Simples;Reta;Não;2;0;1;0;1;0;1;2;-17,70612195;-46,28554299;SPRF-MG;DEL14-MG;UOP01-DEL14-MG
613280;09/07/2024;terça-feira;15:30:00;GO;153;354,5;JARAGUA;Ingestão de álcool pelo condutor;Saída de leito carroçável;Com Vítimas Feridas;Pleno dia;Decrescente;Céu Claro;Simples;Reta;Não;1;0;0;1;0;0;1;1;-15,699119;-49,334465;SPRF-GO;DEL02-GO;UOP02-DEL02-GO
613281;09/07/2024;terça-feira;16:00:00;SP;116;474;JACUPIRANGA;Demais falhas mecânicas ou elétricas;Incêndio;Sem Vítimas;Pleno dia;Crescente;Chuva;Dupla;Reta;Não;1;0;0;0;1;0;0;1;-24,68015127;-47,98251273;SPRF-SP;DEL05-SP;UOP01-DEL05-SP