id;data_inversa;dia_semana;horario;uf;br;km;municipio;causa_acidente;tipo_acidente;classificacao_acidente;fase_dia;sentido_via;condicao_metereologica;tipo_pista;tracado_via;uso_solo;pessoas;mortos;feridos_leves;feridos_graves;ilesos;ignorados;feridos;veiculos;latitude;longitude;regional;delegacia;uop
613405;10/07/2024;quarta-feira;08:15:00;ES;101;265,7;SERRA;Condutor desrespeitou a iluminação vermelha do semáforo;Colisão transversal;Com Vítimas Feridas;Pleno dia;Crescente;Céu Claro;Múltipla;Reta;Sim;2;0;0;2;0;0;2;2;-20,1816849;-40,26536036;SPRF-ES;DEL02-ES;UOP01-DEL02-ES
613406;10/07/2024;quarta-feira;08:20:00;MG;459;72,1;SENADOR JOSE BENTO;Velocidade Incompatível;Capotamento;Com Vítimas Feridas;Pleno dia;Crescente;Chuva;Simples;"Declive;Curva";Não;1;0;1;0;0;0;1;1;-22,134133;-46,162596;SPRF-MG;DEL09-MG;UOP01-DEL09-MG
613407;10/07/2024;quarta-feira;07:45:00;DF;0;0;BRASILIA;Desrespeitar a preferência no cruzamento;Colisão transversal;Sem Vítimas;Amanhecer;Não Informado;Sol;Dupla;Rotatória;Sim;2;0;0;0;2;0;0;2;-15,871818;-47,973283;SPRF-DF;DEL01-DF;UOP01-DEL01-DF
613408;21/04/2024;domingo;17:30:00;RN;226;49;BOM JESUS;Condutor deixou de manter distância do veículo da frente;Queda de ocupante de veículo;Com Vítimas Feridas;Anoitecer;Decrescente;Céu Claro;Simples;Reta;Não;2;0;0;2;0;0;2;1;-5,98895515;-35,59252534;SPRF-RN;DEL01-RN;UOP02-DEL01-RN
613409;10/07/2024;quarta-feira;02:16:00;MT;163;1061;GUARANTA DO NORTE;Reação tardia ou ineficiente do condutor;Queda de ocupante de veículo;Sem Vítimas;Plena Noite;Decrescente;Céu Claro;Simples;Reta;Não;1;0;0;0;1;0;0;1;-9,98159927;-54,90595043;SPRF-MT;DEL06-MT;UOP03-DEL06-MT
613410;10/07/2024;quarta-feira;07:40:00;SC;101;150,3;ITAPEMA;Condutor deixou de manter distância do veículo da frente;Engavetamento;Sem Vítimas;Pleno dia;Crescente;Chuva;Múltipla;Reta;Sim;6;0;0;0;5;1;0;6;-27,1089649;-48,61277586;SPRF-SC;DEL04-SC;UOP03-DEL04-SC
613411;10/07/2024;quarta-feira;07:45:00;AL;101;133,9;SAO MIGUEL DOS CAMPOS;Transitar na contramão;Colisão frontal;Com Vítimas Feridas;Pleno dia;Crescente;Chuva;Simples;Curva;Não;2;0;1;0;1;0;1;2;-9,77047189;-36,08833407;SPRF-AL;DEL02-AL;UOP01-DEL02-AL
613414;10/07/2024;quarta-feira;08:10:00;SC;163;67,7;SAO MIGUEL DO OESTE;Acessar a via sem observar a presença dos outros veículos;Colisão transversal;Com Vítimas Feridas;Pleno dia;Crescente;Garoa/Chuvisco;Dupla;"Retorno Regulamentado;Reta;Interseção de Vias";Sim;2;0;1;0;1;0;1;2;-26,75258513;-53,50069284;SPRF-SC;DEL07-SC;UOP03-DEL07-SC
613416;10/07/2024;quarta-feira;07:45:00;PR;277;5;PARANAGUA;Ausência de reação do condutor;Colisão traseira;Com Vítimas Feridas;Pleno dia;Crescente;Nublado;Dupla;Viaduto;Sim;3;0;2;0;1;0;2;2;-25,5205;-48,5095;SPRF-PR;DEL01-PR;UOP05-DEL01-PR
613418;27/03/2024;quarta-feira;07:15:00;MG;40;57;PARACATU;Mal súbito do condutor;Queda de ocupante de veículo;Com Vítimas Feridas;Pleno dia;Decrescente;Céu Claro;Simples;Reta;Não;1;0;0;1;0;0;1;1;-17,29349791;-46,77346153;SPRF-MG;DEL14-MG;UOP01-DEL14-MG
613419;10/07/2024;quarta-feira;08:55:00;MG;251;512;FRANCISCO SA;Animais na Pista;Saída de leito carroçável;Com Vítimas Feridas;Pleno dia;Crescente;Céu Claro;Simples;Reta;Não;2;0;2;0;0;0;2;1;-16,6553239;-43,71906108;SPRF-MG;DEL12-MG;UOP01-DEL12-MG
613420;10/07/2024;quarta-feira;07:30:00;SC;101;47,6;JOINVILLE;Pedestre cruzava a pista fora da faixa;Atropelamento de Pedestre;Com Vítimas Feridas;Pleno dia;Crescente;Chuva;Dupla;Reta;Sim;2;0;2;0;0;0;2;2;-26,34234997;-48,85840089;SPRF-SC;DEL03-SC;UOP01-DEL03-SC
613421;10/07/2024;quarta-feira;08:40:00;PE;232;125;CARUARU;Reação tardia ou ineficiente do condutor;Engavetamento;Sem Vítimas;Pleno dia;Decrescente;Nublado;Dupla;"Reta;Declive";Não;4;0;0;0;4;0;0;4;-8,30807114;-35,94580097;SPRF-PE;DEL02-PE;UOP01-DEL02-PE
613423;10/07/2024;quarta-feira;09:00:00;SP;381;75;SAO PAULO;Pista Escorregadia;Colisão traseira;Sem Vítimas;Pleno dia;Crescente;Garoa/Chuvisco;Dupla;Curva;Não;4;0;0;0;4;0;0;2;-23,384332;-46,564942;SPRF-SP;DEL03-SP;UOP01-DEL03-SP
613426;10/07/2024;quarta-feira;09:15:00;RS;290;63,9;GRAVATAI;Pista Escorregadia;Saída de leito carroçável;Com Vítimas Feridas;Pleno dia;Crescente;Chuva;Dupla;Reta;Não;1;0;1;0;0;0;1;1;-29,936922;-50,886063;SPRF-RS;DEL03-RS;UOP01-DEL03-RS
613429;10/07/2024;quarta-feira;08:00:00;GO;60;70;ABADIANIA;Manobra de mudança de faixa;Colisão lateral mesmo sentido;Sem Vítimas;Pleno dia;Decrescente;Céu Claro;Dupla;Reta;Não;5;0;0;0;5;0;0;2;-16,2462;-48,7613;SPRF-GO;DEL02-GO;UOP01-DEL02-GO
613430;10/07/2024;quarta-feira;10:30:00;PE;101;50;ABREU E LIMA;Acessar a via sem observar a presença dos outros veículos;Colisão transversal;Com Vítimas Feridas;Pleno dia;Crescente;Céu Claro;Múltipla;Reta;Não;5;0;1;1;3;0;2;3;-7,90938602;-34,90123228;SPRF-PE;DEL01-PE;UOP02-DEL01-PE
613431;10/07/2024;quarta-feira;10:20:00;BA;324;534;FEIRA DE SANTANA;Demais falhas mecânicas ou elétricas;Incêndio;Sem Vítimas;Pleno dia;Crescente;Céu Claro;Dupla;Reta;Não;1;0;0;0;1;0;0;1;-12,35104617;-38,83402119;SPRF-BA;DEL01-BA;UOP03-DEL01-BA
613432;10/07/2024;quarta-feira;09:45:00;RS;158;86;BOA VISTA DAS MISSOES;Velocidade Incompatível;Colisão lateral mesmo sentido;Com Vítimas Feridas;Pleno dia;Crescente;Nublado;Simples;Curva;Não;3;0;2;0;1;0;2;2;-27,80099788;-53,33218036;SPRF-RS;DEL08-RS;UOP02-DEL08-RS
613433;07/04/2024;domingo;14:00:00;GO;60;245;INDIARA;Velocidade Incompatível;Saída de leito carroçável;Com Vítimas Feridas;Pleno dia;Crescente;Céu Claro;Dupla;Reta;Não;1;0;0;1;0;0;1;1;-17,1066;-49,9187;SPRF-GO;DEL01-GO;UOP02-DEL01-GO
613434;10/07/2024;quarta-feira;09:20:00;MG;381;941;EXTREMA;Reação tardia ou ineficiente do condutor;Colisão com objeto;Com Vítimas Feridas;Pleno dia;Decrescente;Nublado;Dupla;"Reta;Viaduto";Sim;2;0;1;0;1;0;1;1;-22,86021873;-46,34260711;SPRF-MG;DEL16-MG;UOP03-DEL16-MG
613435;10/07/2024;quarta-feira;10:20:00;MG;365;647;UBERLANDIA;Reação tardia ou ineficiente do condutor;Saída de leito carroçável;Com Vítimas Feridas;Pleno dia;Decrescente;Céu Claro;Dupla;Retorno Regulamentado;Não;3;0;1;0;2;0;1;1;-18,87453984;-48,53093797;SPRF-MG;DEL15-MG;UOP01-DEL15-MG
613438;10/07/2024;quarta-feira;11:00:00;BA;116;823,5;VITORIA DA CONQUISTA;Conversão proibida;Colisão transversal;Com Vítimas Feridas;Pleno dia;Decrescente;Sol;Dupla;Reta;Sim;2;0;1;1;0;0;2;2;-14,8591624;-40,8496487;SPRF-BA;DEL08-BA;UOP01-DEL08-BA
613439;10/07/2024;quarta-feira;10:05:00;RO;364;197;PIMENTA BUENO;Condutor deixou de manter distância do veículo da frente;Colisão lateral mesmo sentido;Com Vítimas Feridas;Pleno dia;Decrescente;Céu Claro;Dupla;Reta;Sim;2;0;1;0;1;0;1;2;-11,67880278;-61,1878925;SPRF-RO;DEL02-RO;UOP02-DEL02-RO
613440;10/07/2024;quarta-feira;10:20:00;RJ;101;304;SAO GONCALO;Condutor deixou de manter distância do veículo da frente;Colisão traseira;Com Vítimas Feridas;Pleno dia;Decrescente;Nublado;Dupla;Reta;Sim;2;0;1;0;1;0;1;2;-22,78491869;-42,98627706;SPRF-RJ;DEL02-RJ;UOP02-DEL02-RJ
613441;24/05/2024;sexta-feira;19:30:00;AP;210;4;MACAPA;Reação tardia ou ineficiente do condutor;Saída de leito carroçável;Com Vítimas Feridas;Plena Noite;Crescente;Nublado;Dupla;Reta;Sim;3;0;2;1;0;0;3;1;0,08824228;-51,09472897;SPRF-AP;DEL01-AP;UOP01-DEL01-AP
613442;10/07/2024;quarta-feira;08:10:00;RS;392;60,9;PELOTAS;Ausência de reação do condutor;Colisão frontal;Com Vítimas Feridas;Pleno dia;Crescente;Chuva;Simples;"Aclive;Reta;Ponte";Sim;2;0;2;0;0;0;2;2;-31,79222715;-52,34468611;SPRF-RS;DEL07-RS;UOP01-DEL07-RS
613443;10/07/2024;quarta-feira;10:20:00;MG;153;239,9;FRONTEIRA;Acessar a via sem observar a presença dos outros veículos;Tombamento;Com Vítimas Feridas;Pleno dia;Decrescente;Céu Claro;Simples;Reta;Não;1;0;1;0;0;0;1;1;-20,258;-49,17566299;SPRF-MG;DEL13-MG;UOP02-DEL13-MG
613445;10/07/2024;quarta-feira;11:37:00;PE;232;8,9;RECIFE;Reação tardia ou ineficiente do condutor;Queda de ocupante de veículo;Com Vítimas Feridas;Pleno dia;Crescente;Céu Claro;Múltipla;Reta;Sim;1;0;1;0;0;0;1;1;-8,07583727;-34,97015791;SPRF-PE;DEL01-PE;UOP01-DEL01-PE
613446;10/07/2024;quarta-feira;08:45:00;MG;381;909,9;CAMANDUCAIA;Ausência de reação do condutor;Saída de leito carroçável;Com Vítimas Feridas;Pleno dia;Decrescente;Garoa/Chuvisco;Dupla;Reta;Não;4;0;0;4;0;0;4;1;-22,724494;-46,1321;SPRF-MG;DEL16-MG;UOP03-DEL16-MG
613447;10/07/2024;quarta-feira;07:30:00;PR;476;122;COLOMBO;Ausência de reação do condutor;Colisão lateral mesmo sentido;Sem Vítimas;Pleno dia;Crescente;Nublado;Múltipla;Reta;Sim;2;0;0;0;0;2;0;2;-25,385775;-49,203377;SPRF-PR;DEL01-PR;UOP01-DEL01-PR
613450;10/07/2024;quarta-feira;12:00:00;RS;290;718;URUGUAIANA;Acessar a via sem observar a presença dos outros veículos;Colisão transversal;Com Vítimas Feridas;Pleno dia;Decrescente;Céu Claro;Simples;Reta;Sim;3;0;0;1;2;0;1;2;-29,774612;-57,04377;SPRF-RS;DEL13-RS;UOP01-DEL13-RS
613452;10/07/2024;quarta-feira;09:00:00;MA;10;327;ACAILANDIA;Acesso irregular;Colisão transversal;Sem Vítimas;Pleno dia;Crescente;Céu Claro;Simples;Reta;Sim;3;0;0;0;3;0;0;2;-4,890294;-47,51078;SPRF-MA;DEL04-MA;UOP03-DEL04-MA
613454;10/07/2024;quarta-feira;11:20:00;PR;277;395;CANDOI;Condutor Dormindo;Saída de leito carroçável;Com Vítimas Feridas;Pleno dia;Crescente;Céu Claro;Simples;"Declive;Reta;Interseção de Vias";Sim;5;0;5;0;0;0;5;1;-25,44527097;-51,877942;SPRF-PR;DEL08-PR;UOP01-DEL08-PR
613455;10/07/2024;quarta-feira;13:00:00;MG;116;699,5;MURIAE;Velocidade Incompatível;Saída de leito carroçável;Com Vítimas Feridas;Pleno dia;Decrescente;Céu Claro;Simples;Curva;Sim;1;0;0;1;0;0;1;1;-21,09470198;-42,37369904;SPRF-MG;DEL07-MG;UOP02-DEL07-MG
613457;10/06/2024;segunda-feira;05:40:00;MA;135;21;SAO LUIS;Ausência de reação do condutor;Colisão transversal;Com Vítimas Feridas;Pleno dia;Decrescente;Céu Claro;Dupla;"Retorno Regulamentado;Reta";Sim;2;0;1;0;1;0;1;2;-2,53073;-44,3068;SPRF-MA;DEL01-MA;UOP01-DEL01-MA
613458;10/07/2024;quarta-feira;13:15:00;SC;282;16;PALHOCA;Reação tardia ou ineficiente do condutor;Colisão transversal;Com Vítimas Feridas;Pleno dia;Decrescente;Céu Claro;Simples;Reta;Sim;2;0;1;0;1;0;1;2;-27,658611;-48,681847;SPRF-SC;DEL01-SC;UOP02-DEL01-SC
613459;10/07/2024;quarta-feira;10:05:00;PR;376;451;TIBAGI;Ausência de reação do condutor;Saída de leito carroçável;Com Vítimas Feridas;Pleno dia;Crescente;Garoa/Chuvisco;Dupla;Curva;Não;3;0;3;0;0;0;3;1;-24,94239016;-50,40224704;SPRF-PR;DEL03-PR;UOP02-DEL03-PR
613460;10/07/2024;quarta-feira;13:20:00;MG;40;517,7;RIBEIRAO DAS NEVES;Trafegar com motocicleta (ou similar) entre as faixas;Colisão traseira;Com Vítimas Feridas;Pleno dia;Crescente;Céu Claro;Dupla;Reta;Não;4;0;0;1;2;1;1;3;-19,82351202;-44,08438913;SPRF-MG;DEL01-MG;UOP02-DEL01-MG
613461;29/03/2024;sexta-feira;19:46:00;RJ;465;4;SEROPEDICA;Chuva;Queda de ocupante de veículo;Com Vítimas Feridas;Anoitecer;Crescente;Céu Claro;Simples;Reta;Não;2;0;1;0;1;0;1;1;-22,740971;-43,705597;SPRF-RJ;DEL06-RJ;UOP02-DEL06-RJ
613466;10/05/2024;sexta-feira;14:10:00;ES;262;42,5;DOMINGOS MARTINS;Pista Escorregadia;Saída de leito carroçável;Com Vítimas Feridas;Pleno dia;Crescente;Chuva;Simples;Curva;Não;2;0;2;0;0;0;2;1;-20,38524458;-40,65385185;SPRF-ES;DEL01-ES;UOP01-DEL01-ES
613472;10/07/2024;quarta-feira;05:30:00;PR;376;315;ORTIGUEIRA;Condutor Dormindo;Saída de leito carroçável;Com Vítimas Feridas;Plena Noite;Crescente;Chuva;Dupla;Curva;Não;4;0;2;0;0;2;2;2;-24,02668686;-51,09740947;SPRF-PR;DEL07-PR;UOP02-DEL07-PR
613476;10/07/2024;quarta-feira;15:00:00;SP;116;569;BARRA DO TURVO;Reação tardia ou ineficiente do condutor;Saída de leito carroçável;Com Vítimas Feridas;Pleno dia;Crescente;Nublado;Simples;"Declive;Curva";Não;5;0;1;0;4;0;1;1;-25,0601693;-48,5620203;SPRF-SP;DEL05-SP;UOP02-DEL05-SP
613478;10/07/2024;quarta-feira;04:40:00;MG;116;202;CATUJI;Animais na Pista;Atropelamento de Animal;Com Vítimas Feridas;Amanhecer;Decrescente;Nevoeiro/Neblina;Simples;Reta;Não;1;0;1;0;0;0;1;1;-17,25962992;-41,50580719;SPRF-MG;DEL11-MG;UOP01-DEL11-MG
613479;10/07/2024;quarta-feira;15:20:00;SC;282;17;PALHOCA;Acessar a via sem observar a presença dos outros veículos;Colisão transversal;Com Vítimas Feridas;Pleno dia;Crescente;Nublado;Simples;"Interseção de Vias;Aclive";Sim;2;0;0;1;1;0;1;2;-27,665707;-48,688065;SPRF-SC;DEL01-SC;UOP02-DEL01-SC
613480;10/07/2024;quarta-feira;09:30:00;RS;392;67;PELOTAS;Desrespeitar a preferência no cruzamento;Colisão transversal;Com Vítimas Feridas;Pleno dia;Decrescente;Garoa/Chuvisco;Simples;"Interseção de Vias;Viaduto";Não;2;0;1;0;0;1;1;2;-31,75709532;-52,39980728;SPRF-RS;DEL07-RS;UOP01-DEL07-RS
613483;10/07/2024;quarta-feira;14:40:00;PR;277;653,3;MATELANDIA;Condutor Dormindo;Colisão frontal;Com Vítimas Feridas;Pleno dia;Crescente;Nublado;Simples;Reta;Não;4;0;1;1;2;0;2;3;-25,213354;-53,95143726;SPRF-PR;DEL05-PR;UOP02-DEL05-PR
613484;10/07/2024;quarta-feira;08:20:00;MG;40;42;PARACATU;Acessar a via sem observar a presença dos outros veículos;Colisão transversal;Com Vítimas Feridas;Pleno dia;Crescente;Céu Claro;Simples;Interseção de Vias;Sim;2;0;0;1;1;0;1;2;-17,2188441;-46,8666753;SPRF-MG;DEL14-MG;UOP01-DEL14-MG
613487;10/07/2024;quarta-feira;11:40:00;RJ;393;105,5;SAPUCAIA;Pedestre cruzava a pista fora da faixa;Atropelamento de Pedestre;Com Vítimas Feridas;Pleno dia;Decrescente;Céu Claro;Simples;Reta;Não;2;0;1;1;0;0;2;2;-21,874243;-42,66758;SPRF-RJ;DEL05-RJ;UOP01-DEL05-RJ
613488;08/07/2024;segunda-feira;21:30:00;RS;116;294;GUAIBA;Acessar a via sem observar a presença dos outros veículos;Atropelamento de Pedestre;Com Vítimas Feridas;Plena Noite;Crescente;Nublado;Dupla;Reta;Não;2;0;1;0;1;0;1;2;-30,06190803;-51,33968194;SPRF-RS;DEL02-RS;UOP01-DEL02-RS
613489;10/07/2024;quarta-feira;15:40:00;SC;101;115;ITAJAI;Reação tardia ou ineficiente do condutor;Colisão traseira;Com Vítimas Feridas;Pleno dia;Decrescente;Céu Claro;Múltipla;Reta;Sim;2;0;1;0;1;0;1;2;-26,87064015;-48,72954134;SPRF-SC;DEL04-SC;UOP04-DEL04-SC
613490;24/06/2024;segunda-feira;15:00:00;RJ;101;297;ITABORAI;Condutor deixou de manter distância do veículo da frente;Colisão lateral mesmo sentido;Com Vítimas Feridas;Pleno dia;Decrescente;Céu Claro;Dupla;Reta;Sim;3;0;1;0;2;0;1;3;-22,76942037;-42,91873581;SPRF-RJ;DEL02-RJ;UOP02-DEL02-RJ
613491;10/07/2024;quarta-feira;15:55:00;MG;381;484,7;BETIM;Mal súbito do condutor;Colisão com objeto;Com Vítimas Feridas;Pleno dia;Crescente;Sol;Dupla;Reta;Sim;2;0;0;2;0;0;2;1;-19,95531717;-44,11722196;SPRF-MG;DEL01-MG;UOP03-DEL01-MG
613492;10/07/2024;quarta-feira;10:30:00;RJ;101;325;NITEROI;Avarias e/ou desgaste excessivo no pneu;Queda de ocupante de veículo;Sem Vítimas;Pleno dia;Crescente;Céu Claro;Dupla;Reta;Sim;2;0;0;0;2;0;0;1;-22,87292569;-43,13625699;SPRF-RJ;DEL02-RJ;UOP01-DEL02-RJ
613493;10/07/2024;quarta-feira;15:00:00;RJ;40;123;DUQUE DE CAXIAS;Ausência de reação do condutor;Colisão traseira;Com Vítimas Feridas;Pleno dia;Decrescente;Céu Claro;Múltipla;Reta;Não;2;0;2;0;0;0;2;2;-22,79907687;-43,29015739;SPRF-RJ;DEL01-RJ;UOP02-DEL01-RJ
613494;10/07/2024;quarta-feira;14:00:00;DF;70;12,2;BRASILIA;Acessar a via sem observar a presença dos outros veículos;Colisão traseira;Com Vítimas Feridas;Pleno dia;Decrescente;Céu Claro;Dupla;Reta;Sim;3;0;1;0;2;0;1;2;-15,792243;-48,158543;SPRF-DF;DEL03-DF;UOP02-DEL03-DF
613495;06/07/2024;sábado;07:40:00;ES;101;147;LINHARES;Condutor desrespeitou a iluminação vermelha do semáforo;Colisão transversal;Com Vítimas Feridas;Pleno dia;Crescente;Céu Claro;Dupla;Reta;Sim;2;0;1;0;1;0;1;2;-19,37887202;-40,06657892;SPRF-ES;DEL04-ES;UOP01-DEL04-ES
613496;10/07/2024;quarta-feira;16:30:00;PR;116;17,5;CAMPINA GRANDE DO SUL;Ausência de reação do condutor;Colisão com objeto;Com Vítimas Feridas;Pleno dia;Crescente;Nublado;Dupla;Curva;Não;2;0;1;0;1;0;1;1;-25,10305915;-48,70103892;SPRF-PR;DEL01-PR;UOP02-DEL01-PR
613499;10/07/2024;quarta-feira;16:00:00;MG;116;600,2;SAO JOAO DO MANHUACU;Velocidade Incompatível;Saída de leito carroçável;Com Vítimas Feridas;Pleno dia;Decrescente;Céu Claro;Simples;Curva;Não;1;0;1;0;0;0;1;1;-20,33157703;-42,14776317;SPRF-MG;DEL06-MG;UOP03-DEL06-MG
613501;10/07/2024;quarta-feira;16:00:00;PR;116;17,2;ANTONINA;Velocidade Incompatível;Saída de leito carroçável;Sem Vítimas;Pleno dia;Crescente;Nublado;Dupla;Curva;Não;1;0;0;0;1;0;0;1;-25,10305915;-48,70103892;SPRF-PR;DEL01-PR;UOP02-DEL01-PR
613502;10/07/2024;quarta-feira;14:30:00;RJ;356;1,7;ITAPERUNA;Acessar a via sem observar a presença dos outros veículos;Colisão transversal;Com Vítimas Feridas;Pleno dia;Crescente;Céu Claro;Simples;Reta;Não;2;0;1;0;1;0;1;2;-21,1423902;-42,16936013;SPRF-RJ;DEL08-RJ;UOP03-DEL08-RJ
613505;10/07/2024;quarta-feira;17:00:00;SP;116;476;JACUPIRANGA;Ingestão de álcool pelo condutor;Saída de leito carroçável;Com Vítimas Feridas;Anoitecer;Decrescente;Chuva;Dupla;Reta;Sim;2;0;1;0;1;0;1;1;-24,6928255;-47,99567352;SPRF-SP;DEL05-SP;UOP01-DEL05-SP
613507;10/07/2024;quarta-feira;16:35:00;GO;60;164;GOIANIA;Acessar a via sem observar a presença dos outros veículos;Colisão lateral mesmo sentido;Com Vítimas Feridas;Pleno dia;Decrescente;Céu Claro;Dupla;Reta;Sim;2;0;2;0;0;0;2;2;-16,7036;-49,342;SPRF-GO;DEL01-GO;UOP02-DEL01-GO
613508;10/07/2024;quarta-feira;12:50:00;RJ;101;380;RIO DE JANEIRO;Ausência de reação do condutor;Colisão traseira;Com Vítimas Feridas;Pleno dia;Crescente;Nublado;Dupla;Reta;Não;2;0;1;0;1;0;1;2;-22,86665409;-43,58896989;SPRF-RJ;DEL06-RJ;UOP01-DEL06-RJ
613510;10/07/2024;quarta-feira;16:25:00;AL;423;95;DELMIRO GOUVEIA;Reação tardia ou ineficiente do condutor;Colisão com objeto;Com Vítimas Feridas;Pleno dia;Decrescente;Céu Claro;Simples;Reta;Não;1;0;1;0;0;0;1;1;-9,37554737;-38,11448387;SPRF-BA;DEL07-BA;UOP01-DEL07-BA
613512;02/07/2024;terça-feira;21:15:00;MG;381;492,8;BETIM;Condutor deixou de manter distância do veículo da frente;Colisão traseira;Com Vítimas Feridas;Plena Noite;Crescente;Céu Claro;Múltipla;Reta;Sim;4;0;1;0;2;1;1;2;-19,9622836;-44,1657533;SPRF-MG;DEL01-MG;UOP03-DEL01-MG
613513;10/07/2024;quarta-feira;17:30:00;RJ;101;474;ANGRA DOS REIS;Acessar a via sem observar a presença dos outros veículos;Colisão lateral mesmo sentido;Com Vítimas Feridas;Anoitecer;Crescente;Chuva;Simples;Reta;Sim;2;0;1;0;1;0;1;2;-22,99498627;-44,24919963;SPRF-RJ;DEL03-RJ;UOP03-DEL03-RJ
613514;10/07/2024;quarta-feira;15:15:00;MT;70;733;CACERES;Acessar a via sem observar a presença dos outros veículos;Colisão transversal;Sem Vítimas;Pleno dia;Crescente;Céu Claro;Simples;Reta;Sim;2;0;0;0;2;0;0;2;-16,14739062;-57,64507055;SPRF-MT;DEL03-MT;UOP01-DEL03-MT
613515;10/07/2024;quarta-feira;17:25:00;SC;101;126,8;ITAJAI;Trafegar com motocicleta (ou similar) entre as faixas;Colisão traseira;Com Vítimas Feridas;Anoitecer;Decrescente;Nublado;Dupla;Reta;Sim;2;0;1;0;1;0;1;2;-26,95564404;-48,67978366;SPRF-SC;DEL04-SC;UOP04-DEL04-SC
613516;10/07/2024;quarta-feira;17:05:00;PR;376;2;APUCARANA;Ingestão de álcool pelo condutor;Colisão traseira;Sem Vítimas;Anoitecer;Crescente;Céu Claro;Dupla;Reta;Sim;4;0;0;0;4;0;0;2;-23,5513;-51,461266;SPRF-PR;DEL07-PR;UOP03-DEL07-PR
613517;10/07/2024;quarta-feira;18:00:00;SP;116;126,9;CACAPAVA;Condutor deixou de manter distância do veículo da frente;Colisão traseira;Com Vítimas Feridas;Plena Noite;Decrescente;Nublado;Dupla;Reta;Não;2;0;1;0;1;0;1;2;-23,10433057;-45,69425762;SPRF-SP;DEL02-SP;UOP02-DEL02-SP
613518;25/04/2024;quinta-feira;08:00:00;PR;277;94;CURITIBA;Manobra de mudança de faixa;Tombamento;Com Vítimas Feridas;Pleno dia;Decrescente;Ignorado;Dupla;Curva;Sim;1;0;0;1;0;0;1;1;-25,4301345;-49,3207578;SPRF-PR;DEL01-PR;UOP06-DEL01-PR
613519;10/07/2024;quarta-feira;17:35:00;AL;316;159;PALMEIRA DOS INDIOS;Reação tardia ou ineficiente do condutor;Saída de leito carroçável;Com Vítimas Feridas;Anoitecer;Crescente;Nublado;Simples;Reta;Não;1;0;1;0;0;0;1;1;-9,44034929;-36,60752533;SPRF-AL;DEL03-AL;UOP01-DEL03-AL
613520;10/07/2024;quarta-feira;18:25:00;PR;277;15,6;PARANAGUA;Retorno proibido;Colisão lateral mesmo sentido;Com Vítimas Fatais;Anoitecer;Decrescente;Nublado;Dupla;Reta;Não;2;1;0;0;1;0;0;2;-25,5516182;-48,6674444;SPRF-PR;DEL01-PR;UOP05-DEL01-PR
613521;10/07/2024;quarta-feira;18:40:00;SC;282;4,9;FLORIANOPOLIS;Manobra de mudança de faixa;Colisão traseira;Com Vítimas Feridas;Plena Noite;Decrescente;Nublado;Dupla;Reta;Sim;2;0;1;0;1;0;1;2;-27,592646;-48,604034;SPRF-SC;DEL01-SC;UOP01-DEL01-SC
613522;10/07/2024;quarta-feira;18:20:00;PE;101;42;IGARASSU;Acessar a via sem observar a presença dos outros veículos;Colisão transversal;Com Vítimas Feridas;Plena Noite;Decrescente;Céu Claro;Múltipla;Reta;Sim;3;0;1;1;1;0;2;3;-7,83887431;-34,91196739;SPRF-PE;DEL01-PE;UOP02-DEL01-PE
613523;10/07/2024;quarta-feira;18:10:00;BA;116;828,6;VITORIA DA CONQUISTA;Reação tardia ou ineficiente do condutor;Saída de leito carroçável;Com Vítimas Feridas;Anoitecer;Crescente;Céu Claro;Simples;"Declive;Reta;Em Obras";Sim;1;0;1;0;0;0;1;1;-14,900736;-40,868509;SPRF-BA;DEL08-BA;UOP01-DEL08-BA
613525;02/07/2024;terça-feira;12:30:00;RJ;40;114;DUQUE DE CAXIAS;Avarias e/ou desgaste excessivo no pneu;Tombamento;Com Vítimas Feridas;Pleno dia;Crescente;Céu Claro;Múltipla;Reta;Sim;2;0;2;0;0;0;2;1;-22,71853604;-43,28993324;SPRF-RJ;DEL01-RJ;UOP02-DEL01-RJ
613526;10/07/2024;quarta-feira;18:30:00;RJ;116;183;NOVA IGUACU;Manobra de mudança de faixa;Colisão lateral mesmo sentido;Com Vítimas Feridas;Plena Noite;Crescente;Céu Claro;Dupla;Reta;Sim;3;0;1;0;1;1;1;2;-22,7516014;-43,43849831;SPRF-RJ;DEL06-RJ;UOP01-DEL06-RJ
613527;10/07/2024;quarta-feira;18:20:00;RS;285;80,2;BOM JESUS;Animais na Pista;Atropelamento de Animal;Sem Vítimas;Plena Noite;Decrescente;Céu Claro;Simples;Reta;Não;1;0;0;0;1;0;0;1;-28,645664;-50,602966;SPRF-RS;DEL05-RS;UOP03-DEL05-RS
613528;10/07/2024;quarta-feira;19:10:00;GO;452;134;ITUMBIARA;Ausência de reação do condutor;Colisão traseira;Com Vítimas Feridas;Plena Noite;Crescente;Céu Claro;Simples;Reta;Não;4;0;1;0;3;0;1;2;-18,24113336;-49,70845327;SPRF-GO;DEL03-GO;UOP02-DEL03-GO
613529;26/04/2024;sexta-feira;18:45:00;BA;235;113;JEREMOABO;Reação tardia ou ineficiente do condutor;Colisão lateral sentido oposto;Com Vítimas Feridas;Plena Noite;Decrescente;Ignorado;Simples;Reta;Não;1;0;1;0;0;0;1;1;-10,00862194;-38,59557199;SPRF-BA;DEL07-BA;UOP01-DEL07-BA