id;data_inversa;dia_semana;horario;uf;br;km;municipio;causa_acidente;tipo_acidente;classificacao_acidente;fase_dia;sentido_via;condicao_metereologica;tipo_pista;tracado_via;uso_solo;pessoas;mortos;feridos_leves;feridos_graves;ilesos;ignorados;feridos;veiculos;latitude;longitude;regional;delegacia;uop
613530;10/07/2024;quarta-feira;18:05:00;RS;116;248;SAO LEOPOLDO;Conversão proibida;Colisão transversal;Com Vítimas Feridas;Anoitecer;Crescente;Garoa/Chuvisco;Dupla;Interseção de Vias;Sim;3;0;1;0;2;0;1;2;-29,77605895;-51,15508618;SPRF-RS;DEL01-RS;UOP02-DEL01-RS
613531;10/07/2024;quarta-feira;19:00:00;BA;116;16,5;VITORIA DA CONQUISTA;Desrespeitar a preferência no cruzamento;Colisão transversal;Com Vítimas Feridas;Plena Noite;Decrescente;Nublado;Simples;Interseção de Vias;Sim;2;0;1;0;1;0;1;2;-14,90244624;-40,84467888;SPRF-BA;DEL08-BA;UOP01-DEL08-BA
613532;10/07/2024;quarta-feira;17:25:00;MT;174;380;CONQUISTA DOESTE;Acessar a via sem observar a presença dos outros veículos;Colisão lateral mesmo sentido;Com Vítimas Feridas;Anoitecer;Decrescente;Céu Claro;Simples;Reta;Sim;2;0;1;0;1;0;1;2;-14,53859898;-59,54628468;SPRF-MT;DEL04-MT;UOP01-DEL04-MT
613533;10/07/2024;quarta-feira;18:50:00;PR;158;533,4;PATO BRANCO;Condutor deixou de manter distância do veículo da frente;Colisão traseira;Com Vítimas Feridas;Plena Noite;Crescente;Céu Claro;Simples;Reta;Não;3;0;1;0;1;1;1;3;-26,22652612;-52,68914074;SPRF-PR;DEL02-PR;UOP01-DEL02-PR
613534;10/07/2024;quarta-feira;18:50:00;PE;104;42;CARUARU;Condutor deixou de manter distância do veículo da frente;Colisão traseira;Com Vítimas Feridas;Plena Noite;Crescente;Céu Claro;Dupla;Reta;Não;3;0;2;0;0;1;2;2;-8,09849476;-36,03083245;SPRF-PE;DEL02-PE;UOP01-DEL02-PE
613537;10/07/2024;quarta-feira;15:30:00;RS;153;414;CACHOEIRA DO SUL;Reação tardia ou ineficiente do condutor;Colisão traseira;Sem Vítimas;Pleno dia;Decrescente;Garoa/Chuvisco;Simples;"Em Obras;Interseção de Vias;Reta";Não;3;0;0;0;3;0;0;2;-30,07615029;-52,87590981;SPRF-RS;DEL02-RS;UOP03-DEL02-RS
613539;10/07/2024;quarta-feira;19:45:00;RS;116;296;GUAIBA;Ingestão de álcool pelo condutor;Saída de leito carroçável;Sem Vítimas;Plena Noite;Crescente;Nublado;Dupla;Reta;Não;1;0;0;0;1;0;0;1;-30,08861201;-51,34229993;SPRF-RS;DEL02-RS;UOP01-DEL02-RS
613541;10/07/2024;quarta-feira;17:20:00;AC;364;163;BUJARI;Acumulo de areia ou detritos sobre o pavimento;Saída de leito carroçável;Com Vítimas Feridas;Anoitecer;Decrescente;Céu Claro;Simples;Reta;Não;1;0;1;0;0;0;1;1;-9,79568797;-68,01010998;SPRF-AC;DEL01-AC;UOP01-DEL01-AC
613542;10/07/2024;quarta-feira;20:00:00;ES;101;262,2;SERRA;Condutor desrespeitou a iluminação vermelha do semáforo;Colisão transversal;Com Vítimas Feridas;Plena Noite;Crescente;Céu Claro;Dupla;Reta;Sim;2;0;0;1;1;0;1;2;-20,159391;-40,276097;SPRF-ES;DEL02-ES;UOP01-DEL02-ES
613544;10/07/2024;quarta-feira;19:20:00;GO;40;9;LUZIANIA;Pedestre cruzava a pista fora da faixa;Atropelamento de Pedestre;Com Vítimas Feridas;Pleno dia;Decrescente;Céu Claro;Dupla;Reta;Sim;3;0;1;0;0;2;1;2;-16,126723;-47,960515;SPRF-DF;DEL01-DF;UOP01-DEL01-DF
613545;10/07/2024;quarta-feira;19:20:00;PE;101;67,2;RECIFE;Reação tardia ou ineficiente do condutor;Tombamento;Com Vítimas Feridas;Plena Noite;Decrescente;Céu Claro;Múltipla;"Interseção de Vias;Reta";Sim;2;0;2;0;0;0;2;1;-8,04481;-34,943992;SPRF-PE;DEL01-PE;UOP01-DEL01-PE
613546;10/07/2024;quarta-feira;18:25:00;SC;480;127,3;CHAPECO;Condutor deixou de manter distância do veículo da frente;Colisão traseira;Sem Vítimas;Plena Noite;Decrescente;Nublado;Dupla;Reta;Sim;3;0;0;0;3;0;0;2;-27,03302676;-52,63351137;SPRF-SC;DEL07-SC;UOP01-DEL07-SC
613547;10/07/2024;quarta-feira;19:30:00;PR;116;153;MANDIRITUBA;Reação tardia ou ineficiente do condutor;Colisão transversal;Com Vítimas Feridas;Plena Noite;Crescente;Nublado;Simples;"Declive;Reta";Sim;4;0;1;0;3;0;1;2;-25,83870564;-49,34314731;SPRF-PR;DEL01-PR;UOP03-DEL01-PR
613549;10/07/2024;quarta-feira;20:00:00;PE;408;104;RECIFE;Ausência de reação do condutor;Colisão lateral mesmo sentido;Sem Vítimas;Plena Noite;Crescente;Nublado;Dupla;Reta;Não;2;0;0;0;2;0;0;2;-8,064443;-34,99006;SPRF-PE;DEL01-PE;UOP01-DEL01-PE
613550;10/07/2024;quarta-feira;18:00:00;BA;324;614;SALVADOR;Manobra de mudança de faixa;Colisão lateral mesmo sentido;Sem Vítimas;Anoitecer;Crescente;Céu Claro;Dupla;Reta;Não;1;0;0;0;1;0;0;1;-12,8639793;-38,42370126;SPRF-BA;DEL01-BA;UOP01-DEL01-BA
613551;10/07/2024;quarta-feira;19:55:00;PE;428;189;PETROLINA;Condutor desrespeitou a iluminação vermelha do semáforo;Colisão transversal;Com Vítimas Feridas;Plena Noite;Crescente;Chuva;Dupla;Retorno Regulamentado;Sim;4;0;4;0;0;0;4;2;-9,37793495;-40,50521851;SPRF-PE;DEL06-PE;UOP01-DEL06-PE
613552;10/07/2024;quarta-feira;19:30:00;RS;116;264;CANOAS;Ingestão de álcool pelo condutor;Colisão traseira;Com Vítimas Feridas;Plena Noite;Decrescente;Chuva;Múltipla;"Em Obras;Reta";Sim;4;0;1;0;3;0;1;3;-29,914435;-51,17754495;SPRF-RS;DEL01-RS;UOP01-DEL01-RS
613555;10/07/2024;quarta-feira;19:40:00;PR;163;184,4;SANTA TEREZA DO OESTE;Ingestão de álcool pelo condutor;Queda de ocupante de veículo;Com Vítimas Feridas;Plena Noite;Crescente;Nevoeiro/Neblina;Dupla;Reta;Não;1;0;1;0;0;0;1;1;-25,14321919;-53,58795779;SPRF-PR;DEL05-PR;UOP05-DEL05-PR
613556;10/07/2024;quarta-feira;14:30:00;RJ;465;20;NOVA IGUACU;Ausência de reação do condutor;Colisão frontal;Com Vítimas Feridas;Pleno dia;Decrescente;Céu Claro;Simples;Reta;Sim;2;0;1;0;1;0;1;2;-22,846828;-43,605339;SPRF-RJ;DEL06-RJ;UOP02-DEL06-RJ
613557;10/07/2024;quarta-feira;18:00:00;MS;163;250;DOURADOS;Condutor usando celular;Saída de leito carroçável;Sem Vítimas;Plena Noite;Decrescente;Nublado;Simples;Reta;Não;1;0;0;0;1;0;0;1;-22,30589498;-54,8205117;SPRF-MS;DEL04-MS;UOP02-DEL04-MS
613560;10/07/2024;quarta-feira;17:25:00;RJ;40;107;DUQUE DE CAXIAS;Manobra de mudança de faixa;Colisão lateral mesmo sentido;Com Vítimas Feridas;Anoitecer;Crescente;Céu Claro;Dupla;Reta;Sim;2;0;1;0;1;0;1;2;-22,65581497;-43,28378546;SPRF-RJ;DEL01-RJ;UOP02-DEL01-RJ
613561;10/07/2024;quarta-feira;21:20:00;RJ;101;400;ITAGUAI;Acessar a via sem observar a presença dos outros veículos;Colisão lateral sentido oposto;Com Vítimas Feridas;Plena Noite;Crescente;Chuva;Dupla;Reta;Não;2;0;2;0;0;0;2;2;-22,8483707;-43,76952338;SPRF-RJ;DEL03-RJ;UOP01-DEL03-RJ
613562;10/07/2024;quarta-feira;22:00:00;SC;101;136;BALNEARIO CAMBORIU;Reação tardia ou ineficiente do condutor;Tombamento;Com Vítimas Feridas;Plena Noite;Crescente;Céu Claro;Múltipla;Reta;Sim;1;0;1;0;0;0;1;1;-27,008113;-48,617245;SPRF-SC;DEL04-SC;UOP03-DEL04-SC
613563;10/07/2024;quarta-feira;20:28:00;MT;364;397;CUIABA;Reação tardia ou ineficiente do condutor;Colisão transversal;Com Vítimas Feridas;Plena Noite;Crescente;Céu Claro;Dupla;Reta;Sim;4;0;0;1;3;0;1;2;-15,666831;-55,95862;SPRF-MT;DEL01-MT;UOP02-DEL01-MT
613565;10/07/2024;quarta-feira;21:25:00;PI;316;6;TERESINA;Entrada inopinada do pedestre;Atropelamento de Pedestre;Com Vítimas Feridas;Plena Noite;Crescente;Céu Claro;Múltipla;Reta;Não;3;0;0;1;2;0;1;2;-5,14702095;-42,77438982;SPRF-PI;DEL01-PI;UOP02-DEL01-PI
613569;10/07/2024;quarta-feira;21:30:00;RJ;116;68;TERESOPOLIS;Conversão proibida;Colisão transversal;Com Vítimas Feridas;Plena Noite;Crescente;Nublado;Simples;"Aclive;Reta";Sim;2;0;2;0;0;0;2;2;-22,30203301;-42,93608798;SPRF-RJ;DEL04-RJ;UOP01-DEL04-RJ
613570;10/07/2024;quarta-feira;20:21:00;RJ;116;193;NOVA IGUACU;Demais falhas mecânicas ou elétricas;Queda de ocupante de veículo;Com Vítimas Feridas;Plena Noite;Crescente;Chuva;Dupla;Reta;Sim;3;0;2;0;1;0;2;2;-22,73960178;-43,52859094;SPRF-RJ;DEL06-RJ;UOP01-DEL06-RJ
613572;10/07/2024;quarta-feira;22:45:00;SC;101;216;PALHOCA;Reação tardia ou ineficiente do condutor;Queda de ocupante de veículo;Com Vítimas Feridas;Plena Noite;Decrescente;Céu Claro;Dupla;Reta;Sim;1;0;1;0;0;0;1;1;-27,65981409;-48,67747798;SPRF-SC;DEL01-SC;UOP02-DEL01-SC
613573;10/07/2024;quarta-feira;17:10:00;MG;262;442;NOVA SERRANA;Condutor deixou de manter distância do veículo da frente;Engavetamento;Com Vítimas Feridas;Anoitecer;Decrescente;Céu Claro;Dupla;Aclive;Sim;9;0;2;1;6;0;3;4;-19,87276396;-44,96566772;SPRF-MG;DEL08-MG;UOP03-DEL08-MG
613574;10/07/2024;quarta-feira;20:00:00;MA;226;284;BARRA DO CORDA;Transitar no Acostamento;Colisão com objeto;Com Vítimas Feridas;Plena Noite;Decrescente;Céu Claro;Dupla;"Aclive;Curva";Não;1;0;1;0;0;0;1;1;-5,45375178;-45,12879797;SPRF-MA;DEL06-MA;UOP01-DEL06-MA
613575;10/07/2024;quarta-feira;10:35:00;RJ;101;322;NITEROI;Conversão proibida;Colisão traseira;Com Vítimas Feridas;Pleno dia;Crescente;Céu Claro;Múltipla;Reta;Sim;2;0;1;0;1;0;1;2;-22,878923;-43,110676;SPRF-RJ;DEL02-RJ;UOP01-DEL02-RJ
613576;10/07/2024;quarta-feira;20:30:00;RJ;116;180;BELFORD ROXO;Ausência de reação do condutor;Colisão traseira;Com Vítimas Feridas;Plena Noite;Crescente;Chuva;Dupla;Aclive;Sim;2;0;1;0;1;0;1;2;-22,7651616;-43,4154728;SPRF-RJ;DEL06-RJ;UOP01-DEL06-RJ
613577;10/07/2024;quarta-feira;19:15:00;RO;364;746;PORTO VELHO;Pedestre andava na pista;Atropelamento de Pedestre;Com Vítimas Fatais;Plena Noite;Crescente;Céu Claro;Simples;Curva;Não;2;1;0;0;1;0;0;2;-9,0277321;-64,01163232;SPRF-RO;DEL01-RO;UOP02-DEL01-RO
613579;10/07/2024;quarta-feira;15:00:00;PA;230;1190,8;ITAITUBA;Objeto estático sobre o leito carroçável;Colisão com objeto;Com Vítimas Feridas;Pleno dia;Decrescente;Céu Claro;Simples;"Declive;Reta";Não;3;0;1;0;1;1;1;2;-4,37508132;-56,26626492;SPRF-PA;DEL05-PA;UOP02-DEL05-PA
613580;10/07/2024;quarta-feira;23:00:00;SP;116;219;GUARULHOS;Trafegar com motocicleta (ou similar) entre as faixas;Tombamento;Com Vítimas Feridas;Plena Noite;Decrescente;Nublado;Múltipla;"Declive;Reta";Sim;1;0;1;0;0;0;1;1;-23,462361;-46,491434;SPRF-SP;DEL01-SP;UOP01-DEL01-SP
613581;10/07/2024;quarta-feira;20:10:00;GO;452;180;ITUMBIARA;Velocidade Incompatível;Colisão lateral sentido oposto;Com Vítimas Feridas;Plena Noite;Decrescente;Céu Claro;Simples;Reta;Não;2;0;0;1;0;1;1;2;-18,3749007;-49,35444174;SPRF-GO;DEL03-GO;UOP02-DEL03-GO
613583;10/07/2024;quarta-feira;22:25:00;SP;116;284;ITAPECERICA DA SERRA;Reação tardia ou ineficiente do condutor;Colisão frontal;Com Vítimas Feridas;Plena Noite;Decrescente;Céu Claro;Simples;Reta;Sim;3;0;2;0;1;0;2;2;-23,69998;-46,867767;SPRF-SP;DEL04-SP;UOP01-DEL04-SP
613585;10/07/2024;quarta-feira;23:50:00;SC;101;129;BALNEARIO CAMBORIU;Problema na suspensão;Tombamento;Com Vítimas Feridas;Plena Noite;Decrescente;Garoa/Chuvisco;Dupla;Reta;Não;2;0;2;0;0;0;2;1;-26,98064277;-48,6790679;SPRF-SC;DEL04-SC;UOP03-DEL04-SC
613586;10/07/2024;quarta-feira;22:30:00;PE;423;112,1;PARANATAMA;Condutor Dormindo;Tombamento;Com Vítimas Fatais;Plena Noite;Decrescente;Céu Claro;Simples;Declive;Não;1;1;0;0;0;0;0;1;-8,89529604;-36,62527899;SPRF-PE;DEL03-PE;UOP01-DEL03-PE
613587;11/07/2024;quinta-feira;00:30:00;CE;116;18;ITAITINGA;Transitar no Acostamento;Colisão traseira;Com Vítimas Fatais;Plena Noite;Crescente;Céu Claro;Dupla;Reta;Sim;4;1;2;1;0;0;3;3;-3,90496605;-38,50518756;SPRF-CE;DEL01-CE;UOP02-DEL01-CE
613588;11/07/2024;quinta-feira;00:10:00;RS;116;264,5;CANOAS;Ingestão de álcool pelo condutor;Colisão com objeto;Sem Vítimas;Plena Noite;Crescente;Nublado;Dupla;Reta;Sim;1;0;0;0;1;0;0;1;-29,92342302;-51,17780944;SPRF-RS;DEL01-RS;UOP01-DEL01-RS
613590;11/07/2024;quinta-feira;01:20:00;DF;60;2;BRASILIA;Manobra de mudança de faixa;Colisão traseira;Com Vítimas Feridas;Plena Noite;Crescente;Céu Claro;Dupla;"Retorno Regulamentado;Reta";Sim;3;0;1;0;2;0;1;3;-15,887383;-48,077988;SPRF-DF;DEL03-DF;UOP01-DEL03-DF
613591;11/07/2024;quinta-feira;01:15:00;RS;470;231;CARLOS BARBOSA;Ingestão de álcool pelo condutor;Saída de leito carroçável;Com Vítimas Feridas;Plena Noite;Crescente;Nublado;Dupla;Curva;Sim;2;0;1;1;0;0;2;1;-29,23579206;-51,51193423;SPRF-RS;DEL06-RS;UOP01-DEL06-RS
613593;11/07/2024;quinta-feira;02:20:00;MS;163;375,3;NOVA ALVORADA DO SUL;Reação tardia ou ineficiente do condutor;Saída de leito carroçável;Sem Vítimas;Plena Noite;Crescente;Nublado;Simples;Reta;Não;1;0;0;0;1;0;0;1;-21,3846679;-54,4105737;SPRF-MS;DEL02-MS;UOP01-DEL02-MS
613594;11/07/2024;quinta-feira;02:00:00;MT;364;382,5;SANTO ANTONIO DO LEVERGER;Ausência de reação do condutor;Colisão com objeto;Com Vítimas Feridas;Plena Noite;Crescente;Céu Claro;Dupla;Reta;Não;1;0;1;0;0;0;1;1;-15,70298107;-55,782308;SPRF-MT;DEL01-MT;UOP02-DEL01-MT
613595;11/07/2024;quinta-feira;03:00:00;PR;116;8;CAMPINA GRANDE DO SUL;Velocidade Incompatível;Saída de leito carroçável;Com Vítimas Feridas;Plena Noite;Crescente;Chuva;Dupla;Reta;Sim;1;0;0;1;0;0;1;1;-25,3697;-49,1158;SPRF-PR;DEL01-PR;UOP02-DEL01-PR
613598;11/07/2024;quinta-feira;04:50:00;SC;470;72;INDAIAL;Transitar na contramão;Colisão frontal;Com Vítimas Feridas;Plena Noite;Crescente;Garoa/Chuvisco;Dupla;Reta;Não;2;0;0;1;1;0;1;2;-26,901979;-49,268745;SPRF-SC;DEL04-SC;UOP01-DEL04-SC
613599;11/07/2024;quinta-feira;05:45:00;DF;40;6,9;BRASILIA;Condutor Dormindo;Saída de leito carroçável;Com Vítimas Feridas;Amanhecer;Decrescente;Céu Claro;Dupla;Reta;Sim;2;0;2;0;0;0;2;1;-16,037828;-47,979179;SPRF-DF;DEL01-DF;UOP01-DEL01-DF
613601;11/07/2024;quinta-feira;05:28:00;RJ;101;270;RIO BONITO;Demais falhas mecânicas ou elétricas;Queda de ocupante de veículo;Com Vítimas Feridas;Plena Noite;Crescente;Céu Claro;Dupla;Curva;Sim;1;0;1;0;0;0;1;1;-22,72223833;-42,69287109;SPRF-RJ;DEL02-RJ;UOP03-DEL02-RJ
613602;10/07/2024;quarta-feira;23:30:00;PR;373;175,1;PONTA GROSSA;Ausência de reação do condutor;Saída de leito carroçável;Com Vítimas Feridas;Plena Noite;Crescente;Garoa/Chuvisco;Dupla;Retorno Regulamentado;Não;3;0;1;0;2;0;1;1;-25,06728094;-50,21211882;SPRF-PR;DEL03-PR;UOP01-DEL03-PR
613603;11/07/2024;quinta-feira;03:30:00;PR;476;314,1;SAO MATEUS DO SUL;Ausência de reação do condutor;Capotamento;Com Vítimas Feridas;Amanhecer;Crescente;Chuva;Simples;"Declive;Curva";Não;2;0;0;1;1;0;1;1;-26,033367;-50,688385;SPRF-PR;DEL02-PR;UOP03-DEL02-PR
613604;11/07/2024;quinta-feira;05:00:00;PA;316;45;SANTA IZABEL DO PARA;Acumulo de areia ou detritos sobre o pavimento;Saída de leito carroçável;Com Vítimas Feridas;Plena Noite;Decrescente;Céu Claro;Dupla;Curva;Não;1;0;1;0;0;0;1;1;-1,277567;-48,078326;SPRF-PA;DEL01-PA;UOP01-DEL01-PA
613605;11/07/2024;quinta-feira;06:45:00;ES;101;66,7;SAO MATEUS;Condutor deixou de manter distância do veículo da frente;Colisão lateral mesmo sentido;Com Vítimas Feridas;Pleno dia;Crescente;Sol;Múltipla;"Reta;Retorno Regulamentado";Sim;3;0;2;0;1;0;2;2;-18,7165195;-39,87436378;SPRF-ES;DEL04-ES;UOP02-DEL04-ES
613606;10/07/2024;quarta-feira;19:30:00;PA;230;214;ITUPIRANGA;Pedestre andava na pista;Atropelamento de Pedestre;Com Vítimas Fatais;Plena Noite;Crescente;Céu Claro;Simples;Reta;Não;2;1;0;0;1;0;0;2;-4,85302585;-49,54514295;SPRF-PA;DEL03-PA;UOP01-DEL03-PA
613607;11/07/2024;quinta-feira;05:00:00;PB;230;476,6;SOUSA;Transitar na contramão;Colisão frontal;Com Vítimas Feridas;Pleno dia;Decrescente;Céu Claro;Simples;Rotatória;Não;2;0;0;2;0;0;2;2;-6,8298;-38,3177;SPRF-PB;DEL03-PB;UOP03-DEL03-PB
613609;11/07/2024;quinta-feira;06:20:00;GO;414;427;ABADIANIA;Condutor deixou de manter distância do veículo da frente;Colisão traseira;Com Vítimas Feridas;Amanhecer;Crescente;Céu Claro;Simples;"Aclive;Curva";Não;3;0;0;1;2;0;1;3;-16,18147601;-48,90219095;SPRF-GO;DEL02-GO;UOP01-DEL02-GO
613610;11/07/2024;quinta-feira;06:20:00;DF;40;3;BRASILIA;Condutor deixou de manter distância do veículo da frente;Colisão traseira;Com Vítimas Feridas;Amanhecer;Crescente;Céu Claro;Dupla;Viaduto;Sim;5;0;1;0;4;0;1;2;-16,00224535;-47,98423648;SPRF-DF;DEL01-DF;UOP01-DEL01-DF
613611;03/07/2024;quarta-feira;19:05:00;CE;116;5;FORTALEZA;Ausência de reação do condutor;Colisão traseira;Com Vítimas Feridas;Plena Noite;Crescente;Nublado;Múltipla;Reta;Sim;2;0;1;0;1;0;1;2;-3,79467116;-38,50772734;SPRF-CE;DEL01-CE;UOP02-DEL01-CE
613613;11/07/2024;quinta-feira;07:00:00;SC;101;179;BIGUACU;Objeto estático sobre o leito carroçável;Colisão com objeto;Com Vítimas Feridas;Pleno dia;Decrescente;Nublado;Dupla;Reta;Sim;1;0;1;0;0;0;1;1;-27,37281717;-48,63322708;SPRF-SC;DEL01-SC;UOP01-DEL01-SC
613614;11/07/2024;quinta-feira;06:00:00;PR;277;250;IRATI;Velocidade Incompatível;Saída de leito carroçável;Com Vítimas Feridas;Amanhecer;Decrescente;Chuva;Simples;"Reta;Declive";Não;2;0;1;0;1;0;1;1;-25,43345713;-50,72330296;SPRF-PR;DEL08-PR;UOP02-DEL08-PR
613616;11/07/2024;quinta-feira;06:40:00;BA;101;710,3;EUNAPOLIS;Carga excessiva e/ou mal acondicionada;Derramamento de carga;Com Vítimas Feridas;Pleno dia;Decrescente;Céu Claro;Simples;Reta;Não;2;0;1;0;1;0;1;2;-16,48838681;-39,57989469;SPRF-BA;DEL09-BA;UOP01-DEL09-BA
613617;11/07/2024;quinta-feira;07:03:00;RN;101;94;NATAL;Manobra de mudança de faixa;Colisão traseira;Com Vítimas Feridas;Pleno dia;Decrescente;Céu Claro;Dupla;Reta;Sim;3;0;1;0;2;0;1;3;-5,83176615;-35,21191342;SPRF-RN;DEL01-RN;UOP01-DEL01-RN
613618;10/07/2024;quarta-feira;18:01:00;MG;50;44,3;ARAGUARI;Animais na Pista;Queda de ocupante de veículo;Com Vítimas Feridas;Plena Noite;Crescente;Céu Claro;Dupla;Reta;Não;1;0;1;0;0;0;1;1;-18,70561658;-48,19108255;SPRF-MG;DEL15-MG;UOP02-DEL15-MG
613620;11/07/2024;quinta-feira;04:40:00;AM;174;982;PRESIDENTE FIGUEIREDO;Ultrapassagem Indevida;Saída de leito carroçável;Com Vítimas Feridas;Plena Noite;Crescente;Nevoeiro/Neblina;Simples;Declive;Não;1;0;1;0;0;0;1;1;-2,12045208;-59,99420138;SPRF-AM;DEL01-AM;UOP02-DEL01-AM
613621;11/07/2024;quinta-feira;07:30:00;DF;70;17;BRASILIA;Manobra de mudança de faixa;Colisão transversal;Com Vítimas Feridas;Pleno dia;Decrescente;Céu Claro;Dupla;Reta;Não;4;0;3;0;1;0;3;4;-15,794133;-48,202095;SPRF-DF;DEL03-DF;UOP02-DEL03-DF
613622;10/07/2024;quarta-feira;22:10:00;SP;116;149,3;SAO JOSE DOS CAMPOS;Entrada inopinada do pedestre;Sinistro pessoal de trânsito;Com Vítimas Feridas;Plena Noite;Decrescente;Nublado;Múltipla;Reta;Sim;2;0;0;1;0;1;1;2;-23,20700047;-45,88626861;SPRF-SP;DEL02-SP;UOP01-DEL02-SP
613624;10/07/2024;quarta-feira;23:20:00;AL;110;2;DELMIRO GOUVEIA;Velocidade Incompatível;Queda de ocupante de veículo;Com Vítimas Fatais;Plena Noite;Decrescente;Nublado;Simples;Reta;Não;2;1;0;1;0;0;1;1;-9,3100322;-38,19388142;SPRF-BA;DEL07-BA;UOP01-DEL07-BA
613626;11/07/2024;quinta-feira;07:10:00;PR;369;148;LONDRINA;Manobra de mudança de faixa;Colisão traseira;Com Vítimas Feridas;Pleno dia;Decrescente;Nublado;Dupla;"Interseção de Vias;Reta";Sim;3;0;1;0;1;1;1;3;-23,29307487;-51,14316636;SPRF-PR;DEL07-PR;UOP01-DEL07-PR
613627;11/07/2024;quinta-feira;07:30:00;GO;40;5;VALPARAISO DE GOIAS;Problema na suspensão;Queda de ocupante de veículo;Com Vítimas Feridas;Pleno dia;Decrescente;Céu Claro;Dupla;Reta;Sim;1;0;1;0;0;0;1;1;-16,093134;-47,982236;SPRF-DF;DEL01-DF;UOP01-DEL01-DF
613628;10/07/2024;quarta-feira;19:50:00;RJ;116;334;RESENDE;Reação tardia ou ineficiente do condutor;Capotamento;Com Vítimas Feridas;Plena Noite;Crescente;Nublado;Dupla;Reta;Não;1;0;1;0;0;0;1;1;-22,49236889;-44,65204499;SPRF-RJ;DEL07-RJ;UOP02-DEL07-RJ
613632;11/07/2024;quinta-feira;07:20:00;MG;116;406,8;GOVERNADOR VALADARES;Acessar a via sem observar a presença dos outros veículos;Colisão transversal;Com Vítimas Feridas;Pleno dia;Decrescente;Céu Claro;Simples;Rotatória;Não;2;0;0;1;1;0;1;2;-18,82669347;-41,98753335;SPRF-MG;DEL06-MG;UOP01-DEL06-MG
613633;11/07/2024;quinta-feira;07:50:00;PB;230;12,4;CABEDELO;Condutor deixou de manter distância do veículo da frente;Colisão traseira;Com Vítimas Feridas;Pleno dia;Decrescente;Céu Claro;Dupla;Reta;Sim;2;0;1;0;1;0;1;2;-7,068;-34,85;SPRF-PB;DEL01-PB;UOP01-DEL01-PB
613636;11/07/2024;quinta-feira;08:30:00;RS;448;15;CANOAS;Transitar na contramão;Colisão transversal;Com Vítimas Feridas;Pleno dia;Decrescente;Céu Claro;Dupla;Interseção de Vias;Não;2;0;1;0;1;0;1;2;-29,92548153;-51,22650146;SPRF-RS;DEL01-RS;UOP01-DEL01-RS
613638;11/07/2024;quinta-feira;08:00:00;SC;101;116;ITAJAI;Avarias e/ou desgaste excessivo no pneu;Tombamento;Com Vítimas Feridas;Pleno dia;Decrescente;Chuva;Múltipla;Reta;Sim;2;0;1;1;0;0;2;1;-26,87905605;-48,72603512;SPRF-SC;DEL04-SC;UOP04-DEL04-SC
613639;04/05/2024;sábado;21:10:00;AP;210;2;MACAPA;Transitar na contramão;Colisão frontal;Com Vítimas Feridas;Anoitecer;Crescente;Ignorado;Simples;Reta;Sim;2;0;1;1;0;0;2;2;0,08282017;-51,07776189;SPRF-AP;DEL01-AP;UOP01-DEL01-AP
613640;11/07/2024;quinta-feira;07:30:00;MT;364;271,1;JACIARA;Reação tardia ou ineficiente do condutor;Saída de leito carroçável;Com Vítimas Feridas;Pleno dia;Decrescente;Céu Claro;Simples;Aclive;Não;1;0;1;0;0;0;1;1;-15,96962998;-54,95363;SPRF-MT;DEL05-MT;UOP02-DEL05-MT
613641;11/07/2024;quinta-feira;07:30:00;SC;101;337,8;TUBARAO;Reação tardia ou ineficiente do condutor;Saída de leito carroçável;Sem Vítimas;Pleno dia;Decrescente;Nublado;Dupla;Reta;Sim;1;0;0;0;0;1;0;1;-28,50093644;-49,04649854;SPRF-SC;DEL02-SC;UOP01-DEL02-SC
613642;11/07/2024;quinta-feira;07:30:00;MG;381;556,5;ITAGUARA;Acessar a via sem observar a presença dos outros veículos;Queda de ocupante de veículo;Com Vítimas Feridas;Pleno dia;Crescente;Sol;Simples;"Aclive;Retorno Regulamentado;Curva";Não;1;0;1;0;0;0;1;1;-20,36068712;-44,46666568;SPRF-MG;DEL04-MG;UOP03-DEL04-MG
613643;11/07/2024;quinta-feira;07:30:00;MT;163;831;SINOP;Manobra de mudança de faixa;Colisão lateral mesmo sentido;Com Vítimas Feridas;Pleno dia;Crescente;Céu Claro;Simples;Retorno Regulamentado;Sim;3;0;2;0;1;0;2;2;-11,89200267;-55,50312281;SPRF-MT;DEL06-MT;UOP02-DEL06-MT
613644;11/07/2024;quinta-feira;07:55:00;SE;235;33;AREIA BRANCA;Condutor deixou de manter distância do veículo da frente;Colisão traseira;Sem Vítimas;Pleno dia;Decrescente;Céu Claro;Simples;Declive;Sim;2;0;0;0;2;0;0;2;-10,762641;-37,30447;SPRF-SE;DEL01-SE;UOP02-DEL01-SE
613645;11/07/2024;quinta-feira;08:20:00;TO;10;481;PALMAS;Ausência de reação do condutor;Queda de ocupante de veículo;Com Vítimas Feridas;Pleno dia;Decrescente;Sol;Simples;Curva;Não;1;0;1;0;0;0;1;1;-10,01765786;-48,13883303;SPRF-TO;DEL01-TO;UOP03-DEL01-TO
613647;11/07/2024;quinta-feira;09:05:00;RN;101;80,6;SAO GONCALO DO AMARANTE;Pedestre cruzava a pista fora da faixa;Atropelamento de Pedestre;Com Vítimas Feridas;Pleno dia;Decrescente;Nublado;Dupla;Rotatória;Sim;3;0;1;2;0;0;3;2;-5,763348;-35,28698;SPRF-RN;DEL02-RN;UOP01-DEL02-RN