id;data_inversa;dia_semana;horario;uf;br;km;municipio;causa_acidente;tipo_acidente;classificacao_acidente;fase_dia;sentido_via;condicao_metereologica;tipo_pista;tracado_via;uso_solo;pessoas;mortos;feridos_leves;feridos_graves;ilesos;ignorados;feridos;veiculos;latitude;longitude;regional;delegacia;uop
613778;11/07/2024;quinta-feira;19:00:00;GO;60;62;ABADIANIA;Pedestre andava na pista;Atropelamento de Pedestre;Com Vítimas Fatais;Plena Noite;Decrescente;Céu Claro;Dupla;Reta;Sim;4;1;0;0;2;1;0;3;-16,18996;-48,72338;SPRF-GO;DEL02-GO;UOP01-DEL02-GO
613779;11/07/2024;quinta-feira;19:25:00;SE;101;91;NOSSA SENHORA DO SOCORRO;Manobra de mudança de faixa;Queda de ocupante de veículo;Com Vítimas Feridas;Plena Noite;Crescente;Chuva;Dupla;Reta;Não;1;0;1;0;0;0;1;1;-10,89849802;-37,13176324;SPRF-SE;DEL01-SE;UOP01-DEL01-SE
613780;11/07/2024;quinta-feira;19:50:00;SP;116;219;GUARULHOS;Manobra de mudança de faixa;Colisão traseira;Com Vítimas Feridas;Plena Noite;Crescente;Nublado;Múltipla;Reta;Sim;2;0;1;0;1;0;1;2;-23,46143954;-46,48885316;SPRF-SP;DEL01-SP;UOP01-DEL01-SP
613781;11/07/2024;quinta-feira;20:00:00;SC;282;387;JOACABA;Ingestão de álcool pelo condutor;Saída de leito carroçável;Sem Vítimas;Plena Noite;Decrescente;Chuva;Simples;Reta;Não;1;0;0;0;0;1;0;1;-27,178274;-51,524025;SPRF-SC;DEL07-SC;UOP05-DEL07-SC
613782;11/07/2024;quinta-feira;08:20:00;TO;153;106;WANDERLANDIA;Transitar na contramão;Saída de leito carroçável;Com Vítimas Feridas;Pleno dia;Decrescente;Céu Claro;Simples;Reta;Não;3;0;1;0;2;0;1;1;-6,92608602;-48,06395998;SPRF-TO;DEL02-TO;UOP01-DEL02-TO
613783;11/07/2024;quinta-feira;19:30:00;BA;116;16;VITORIA DA CONQUISTA;Acessar a via sem observar a presença dos outros veículos;Colisão transversal;Com Vítimas Feridas;Plena Noite;Decrescente;Céu Claro;Simples;"Interseção de Vias;Reta";Não;2;0;1;0;1;0;1;2;-14,90241206;-40,84471291;SPRF-BA;DEL08-BA;UOP01-DEL08-BA
613787;11/07/2024;quinta-feira;18:40:00;MG;267;294,1;BAEPENDI;Transitar na contramão;Colisão frontal;Com Vítimas Feridas;Plena Noite;Decrescente;Céu Claro;Simples;"Declive;Reta";Não;3;0;0;2;1;0;2;2;-21,93297771;-44,84438803;SPRF-MG;DEL17-MG;UOP01-DEL17-MG
613788;11/07/2024;quinta-feira;20:05:00;ES;101;262;SERRA;Acessar a via sem observar a presença dos outros veículos;Colisão transversal;Com Vítimas Feridas;Plena Noite;Crescente;Céu Claro;Dupla;"Retorno Regulamentado;Reta";Sim;3;0;1;1;0;1;2;2;-20,1572331;-40,27678329;SPRF-ES;DEL02-ES;UOP01-DEL02-ES
613790;11/07/2024;quinta-feira;21:20:00;SP;381;57;MAIRIPORA;Ausência de reação do condutor;Capotamento;Sem Vítimas;Pleno dia;Decrescente;Céu Claro;Dupla;Curva;Não;1;0;0;0;0;1;0;1;-23,2658219;-46,5839857;SPRF-SP;DEL03-SP;UOP01-DEL03-SP
613792;11/07/2024;quinta-feira;21:00:00;SE;235;0,9;ARACAJU;Entrada inopinada do pedestre;Atropelamento de Pedestre;Com Vítimas Feridas;Plena Noite;Crescente;Chuva;Múltipla;Reta;Sim;2;0;0;2;0;0;2;2;-10,9087;-37,0855;SPRF-SE;DEL01-SE;UOP01-DEL01-SE
613794;11/07/2024;quinta-feira;21:30:00;MA;226;204;PRESIDENTE DUTRA;Neblina;Atropelamento de Pedestre;Com Vítimas Fatais;Plena Noite;Decrescente;Nevoeiro/Neblina;Simples;Reta;Sim;2;1;0;0;1;0;0;2;-5,28348593;-44,50177431;SPRF-MA;DEL06-MA;UOP01-DEL06-MA
613795;11/07/2024;quinta-feira;22:00:00;RS;392;122,7;CANGUCU;Ingestão de álcool pelo condutor;Saída de leito carroçável;Com Vítimas Feridas;Plena Noite;Crescente;Céu Claro;Simples;Declive;Não;1;0;1;0;0;0;1;1;-31,38660826;-52,70733133;SPRF-RS;DEL07-RS;UOP01-DEL07-RS
613796;11/07/2024;quinta-feira;21:00:00;RJ;116;327;ITATIAIA;Acessar a via sem observar a presença dos outros veículos;Colisão transversal;Com Vítimas Feridas;Plena Noite;Crescente;Céu Claro;Dupla;Curva;Não;3;0;0;1;1;1;1;3;-22,50162452;-44,58807495;SPRF-RJ;DEL07-RJ;UOP02-DEL07-RJ
613797;11/07/2024;quinta-feira;22:20:00;SC;101;229,8;PALHOCA;Reação tardia ou ineficiente do condutor;Saída de leito carroçável;Com Vítimas Feridas;Plena Noite;Crescente;Chuva;Dupla;Reta;Não;1;0;1;0;0;0;1;1;-27,773584;-48,634134;SPRF-SC;DEL01-SC;UOP02-DEL01-SC
613798;11/07/2024;quinta-feira;21:00:00;MG;40;364,8;FELIXLANDIA;Manobra de mudança de faixa;Saída de leito carroçável;Sem Vítimas;Plena Noite;Decrescente;Céu Claro;Simples;Reta;Não;1;0;0;0;1;0;0;1;-18,77563932;-44,8263102;SPRF-MG;DEL02-MG;UOP01-DEL02-MG
613799;11/07/2024;quinta-feira;18:40:00;RJ;101;319;NITEROI;Ausência de reação do condutor;Colisão traseira;Com Vítimas Feridas;Plena Noite;Decrescente;Nublado;Múltipla;Reta;Não;2;0;1;0;1;0;1;2;-22,85411774;-43,1018014;SPRF-RJ;DEL02-RJ;UOP02-DEL02-RJ
613804;11/07/2024;quinta-feira;18:40:00;SC;163;69,5;SAO MIGUEL DO OESTE;Ausência de reação do condutor;Saída de leito carroçável;Com Vítimas Feridas;Plena Noite;Crescente;Céu Claro;Dupla;"Aclive;Reta";Sim;1;0;0;1;0;0;1;1;-26,74132699;-53,50120591;SPRF-SC;DEL07-SC;UOP03-DEL07-SC
613805;11/07/2024;quinta-feira;23:35:00;ES;101;146,5;LINHARES;Conversão proibida;Colisão transversal;Com Vítimas Feridas;Plena Noite;Decrescente;Céu Claro;Dupla;Interseção de Vias;Sim;2;0;1;0;1;0;1;2;-19,36990998;-40,06560718;SPRF-ES;DEL04-ES;UOP01-DEL04-ES
613807;11/07/2024;quinta-feira;18:39:00;MG;153;131,3;PRATA;Demais falhas mecânicas ou elétricas;Incêndio;Sem Vítimas;Plena Noite;Crescente;Céu Claro;Simples;Reta;Não;1;0;0;0;1;0;0;1;-19,49218995;-48,85665293;SPRF-MG;DEL15-MG;UOP03-DEL15-MG
613808;11/07/2024;quinta-feira;23:30:00;RS;158;326,8;SANTA MARIA;Desrespeitar a preferência no cruzamento;Colisão transversal;Com Vítimas Feridas;Plena Noite;Decrescente;Nublado;Simples;"Rotatória;Viaduto;Em Obras";Sim;2;0;1;0;1;0;1;2;-29,71535814;-53,81017685;SPRF-RS;DEL09-RS;UOP01-DEL09-RS
613811;11/07/2024;quinta-feira;22:15:00;RS;116;611;ARROIO GRANDE;Demais falhas mecânicas ou elétricas;Incêndio;Sem Vítimas;Plena Noite;Crescente;Céu Claro;Simples;Reta;Não;2;0;0;0;2;0;0;1;-32,24408345;-53,06929357;SPRF-RS;DEL07-RS;UOP03-DEL07-RS
613813;11/07/2024;quinta-feira;13:00:00;MS;60;123,9;PARAISO DAS AGUAS;Ausência de reação do condutor;Saída de leito carroçável;Com Vítimas Feridas;Pleno dia;Crescente;Céu Claro;Simples;Reta;Não;3;0;1;0;2;0;1;1;-19,33230262;-53,42277706;SPRF-MS;DEL06-MS;UOP02-DEL06-MS
613814;11/07/2024;quinta-feira;23:35:00;RS;158;326;SANTA MARIA;Reação tardia ou ineficiente do condutor;Colisão com objeto;Com Vítimas Feridas;Plena Noite;Crescente;Céu Claro;Simples;"Curva;Desvio Temporário;Viaduto";Sim;2;0;1;0;1;0;1;1;-29,715272;-53,811797;SPRF-RS;DEL09-RS;UOP01-DEL09-RS
613815;11/07/2024;quinta-feira;23:10:00;MA;135;11;SAO LUIS;Reação tardia ou ineficiente do condutor;Colisão traseira;Com Vítimas Feridas;Plena Noite;Crescente;Nublado;Dupla;Reta;Sim;2;0;1;0;1;0;1;2;-2,66470782;-44,28673431;SPRF-MA;DEL01-MA;UOP01-DEL01-MA
613816;11/07/2024;quinta-feira;23:15:00;BA;116;424;FEIRA DE SANTANA;Pedestre - Ingestão de álcool/ substâncias psicoativas;Atropelamento de Pedestre;Com Vítimas Feridas;Plena Noite;Decrescente;Garoa/Chuvisco;Dupla;"Rotatória;Reta";Sim;2;0;0;1;0;1;1;2;-12,23257586;-38,97248506;SPRF-BA;DEL02-BA;UOP01-DEL02-BA
613823;12/07/2024;sexta-feira;00:10:00;RO;364;199;PIMENTA BUENO;Reação tardia ou ineficiente do condutor;Tombamento;Com Vítimas Feridas;Plena Noite;Crescente;Céu Claro;Simples;"Rotatória;Reta";Não;1;0;0;1;0;0;1;1;-11,65784;-61,191612;SPRF-RO;DEL02-RO;UOP02-DEL02-RO
613824;11/07/2024;quinta-feira;22:20:00;RS;116;262;CANOAS;Acessar a via sem observar a presença dos outros veículos;Colisão lateral mesmo sentido;Sem Vítimas;Plena Noite;Decrescente;Céu Claro;Dupla;Reta;Sim;3;0;0;0;3;0;0;2;-29,896475;-51,17593;SPRF-RS;DEL01-RS;UOP01-DEL01-RS
613825;12/07/2024;sexta-feira;00:30:00;RO;174;16;VILHENA;Ingestão de álcool pelo condutor;Saída de leito carroçável;Sem Vítimas;Plena Noite;Crescente;Céu Claro;Simples;Interseção de Vias;Sim;1;0;0;0;1;0;0;1;-12,72401587;-60,12806531;SPRF-RO;DEL04-RO;UOP01-DEL04-RO
613829;11/07/2024;quinta-feira;23:12:00;PR;277;700;SAO MIGUEL DO IGUACU;Demais falhas mecânicas ou elétricas;Incêndio;Sem Vítimas;Plena Noite;Crescente;Nublado;Dupla;Reta;Não;1;0;0;0;1;0;0;1;-25,40601241;-54,32821775;SPRF-PR;DEL05-PR;UOP01-DEL05-PR
613832;12/07/2024;sexta-feira;04:20:00;SP;381;39;ATIBAIA;Avarias e/ou desgaste excessivo no pneu;Saída de leito carroçável;Sem Vítimas;Plena Noite;Crescente;Nublado;Dupla;"Em Obras;Declive;Curva";Sim;1;0;0;0;0;1;0;1;-23,1215761;-46,57471572;SPRF-SP;DEL03-SP;UOP01-DEL03-SP
613833;12/07/2024;sexta-feira;03:20:00;PE;423;39,8;CACHOEIRINHA;Ausência de reação do condutor;Saída de leito carroçável;Com Vítimas Feridas;Plena Noite;Decrescente;Garoa/Chuvisco;Simples;Reta;Sim;2;0;1;1;0;0;2;1;-8,48957335;-36,23249049;SPRF-PE;DEL03-PE;UOP01-DEL03-PE
613834;12/07/2024;sexta-feira;04:30:00;GO;40;10;LUZIANIA;Acessar a via sem observar a presença dos outros veículos;Colisão com objeto;Sem Vítimas;Plena Noite;Decrescente;Céu Claro;Dupla;Reta;Sim;2;0;0;0;1;1;0;2;-16,131285;-47,957923;SPRF-DF;DEL01-DF;UOP01-DEL01-DF
613836;12/07/2024;sexta-feira;05:08:00;RS;116;240;NOVO HAMBURGO;Ingestão de álcool pelo condutor;Saída de leito carroçável;Sem Vítimas;Plena Noite;Decrescente;Céu Claro;Múltipla;Reta;Não;1;0;0;0;0;1;0;1;-29,70496497;-51,14676523;SPRF-RS;DEL01-RS;UOP02-DEL01-RS
613837;12/07/2024;sexta-feira;05:20:00;MG;262;360;BETIM;Acessar a via sem observar a presença dos outros veículos;Colisão transversal;Com Vítimas Feridas;Amanhecer;Decrescente;Céu Claro;Dupla;"Retorno Regulamentado;Curva";Não;2;0;0;1;1;0;1;2;-19,97541;-44,260414;SPRF-MG;DEL01-MG;UOP03-DEL01-MG
613841;12/07/2024;sexta-feira;05:00:00;SP;116;213,9;GUARULHOS;Ausência de reação do condutor;Colisão com objeto;Com Vítimas Feridas;Amanhecer;Crescente;Garoa/Chuvisco;Múltipla;Reta;Sim;1;0;0;1;0;0;1;1;-23,43971486;-46,43667806;SPRF-SP;DEL01-SP;UOP01-DEL01-SP
613842;12/07/2024;sexta-feira;05:15:00;SP;116;219;GUARULHOS;Ausência de reação do condutor;Colisão com objeto;Com Vítimas Feridas;Pleno dia;Crescente;Nublado;Múltipla;"Em Obras;Reta";Não;2;0;2;0;0;0;2;1;-23,46390615;-46,49657431;SPRF-SP;DEL01-SP;UOP01-DEL01-SP
613843;12/07/2024;sexta-feira;04:30:00;PA;230;614;VITORIA DO XINGU;Condutor Dormindo;Saída de leito carroçável;Com Vítimas Feridas;Plena Noite;Crescente;Céu Claro;Simples;Reta;Não;2;0;2;0;0;0;2;1;-3,17031052;-52,01439908;SPRF-PA;DEL04-PA;UOP01-DEL04-PA
613844;11/07/2024;quinta-feira;20:40:00;SC;282;627;IRACEMINHA;Velocidade Incompatível;Saída de leito carroçável;Com Vítimas Feridas;Plena Noite;Decrescente;Garoa/Chuvisco;Simples;Curva;Não;2;0;2;0;0;0;2;1;-26,811321;-53,362316;SPRF-SC;DEL07-SC;UOP02-DEL07-SC
613845;12/07/2024;sexta-feira;03:50:00;MS;419;231;ANASTACIO;Condutor Dormindo;Saída de leito carroçável;Com Vítimas Feridas;Plena Noite;Crescente;Nevoeiro/Neblina;Simples;Reta;Não;3;0;0;3;0;0;3;1;-20,500391;-55,81333;SPRF-MS;DEL03-MS;UOP01-DEL03-MS
613847;12/07/2024;sexta-feira;06:28:00;CE;116;6;FORTALEZA;Manobra de mudança de faixa;Colisão transversal;Com Vítimas Feridas;Pleno dia;Decrescente;Céu Claro;Múltipla;Curva;Sim;2;0;1;0;0;1;1;2;-3,81073099;-38,50074867;SPRF-CE;DEL01-CE;UOP02-DEL01-CE
613848;12/07/2024;sexta-feira;05:20:00;MS;158;133,1;APARECIDA DO TABOADO;Reação tardia ou ineficiente do condutor;Saída de leito carroçável;Sem Vítimas;Amanhecer;Crescente;Céu Claro;Simples;Reta;Não;4;0;0;0;4;0;0;1;-19,97209293;-51,11174038;SPRF-MS;DEL08-MS;UOP01-DEL08-MS
613849;12/07/2024;sexta-feira;06:00:00;SP;116;226;GUARULHOS;Reação tardia ou ineficiente do condutor;Colisão traseira;Com Vítimas Feridas;Amanhecer;Crescente;Nublado;Múltipla;Declive;Sim;3;0;1;0;2;0;1;3;-23,49102507;-46,54878195;SPRF-SP;DEL01-SP;UOP01-DEL01-SP
613850;12/07/2024;sexta-feira;05:50:00;SP;116;38;CACHOEIRA PAULISTA;Reação tardia ou ineficiente do condutor;Queda de ocupante de veículo;Com Vítimas Feridas;Amanhecer;Decrescente;Céu Claro;Simples;"Declive;Curva";Não;1;0;1;0;0;0;1;1;-22,67026579;-44,99183604;SPRF-SP;DEL08-SP;UOP02-DEL08-SP
613853;12/07/2024;sexta-feira;06:45:00;RS;285;452;IJUI;Ausência de reação do condutor;Tombamento;Com Vítimas Feridas;Amanhecer;Crescente;Nevoeiro/Neblina;Simples;Curva;Não;1;0;1;0;0;0;1;1;-28,3749;-53,8651;SPRF-RS;DEL10-RS;UOP01-DEL10-RS
613854;12/07/2024;sexta-feira;07:10:00;CE;116;7,2;FORTALEZA;Ausência de reação do condutor;Colisão traseira;Com Vítimas Feridas;Pleno dia;Decrescente;Céu Claro;Múltipla;Reta;Sim;3;0;1;0;2;0;1;3;-3,81073099;-38,50074867;SPRF-CE;DEL01-CE;UOP02-DEL01-CE
613855;12/07/2024;sexta-feira;05:30:00;SC;282;412,9;CATANDUVAS;Velocidade Incompatível;Saída de leito carroçável;Com Vítimas Feridas;Plena Noite;Crescente;Nublado;Simples;"Declive;Reta";Não;1;0;0;1;0;0;1;1;-27,055775;-51,688843;SPRF-SC;DEL07-SC;UOP05-DEL07-SC
613856;12/07/2024;sexta-feira;06:00:00;MS;163;413,7;NOVA ALVORADA DO SUL;Reação tardia ou ineficiente do condutor;Saída de leito carroçável;Com Vítimas Feridas;Amanhecer;Decrescente;Nublado;Simples;"Declive;Reta";Não;3;0;2;0;1;0;2;1;-21,05310399;-54,49874396;SPRF-MS;DEL02-MS;UOP01-DEL02-MS
613857;12/07/2024;sexta-feira;07:10:00;BA;324;620,8;SALVADOR;Manobra de mudança de faixa;Colisão lateral mesmo sentido;Com Vítimas Feridas;Pleno dia;Crescente;Nublado;Dupla;Reta;Sim;3;0;2;0;1;0;2;2;-12,90482172;-38,45556535;SPRF-BA;DEL01-BA;UOP01-DEL01-BA
613859;12/07/2024;sexta-feira;00:36:00;RN;304;34;MOSSORO;Animais na Pista;Atropelamento de Animal;Com Vítimas Feridas;Plena Noite;Decrescente;Céu Claro;Dupla;Viaduto;Não;2;0;1;0;1;0;1;1;-5,15255798;-37,34873808;SPRF-RN;DEL04-RN;UOP02-DEL04-RN
613860;12/07/2024;sexta-feira;07:25:00;CE;116;4;FORTALEZA;Pedestre cruzava a pista fora da faixa;Atropelamento de Pedestre;Com Vítimas Feridas;Pleno dia;Decrescente;Céu Claro;Múltipla;Reta;Sim;2;0;1;0;1;0;1;2;-3,7867209;-38,5114568;SPRF-CE;DEL01-CE;UOP02-DEL01-CE
613861;12/07/2024;sexta-feira;06:15:00;GO;40;22,1;LUZIANIA;Entrada inopinada do pedestre;Atropelamento de Pedestre;Com Vítimas Fatais;Amanhecer;Decrescente;Céu Claro;Dupla;Reta;Sim;3;1;1;1;0;0;2;2;-16,22807712;-47,91371584;SPRF-DF;DEL01-DF;UOP01-DEL01-DF
613866;12/07/2024;sexta-feira;06:55:00;SC;101;117;ITAJAI;Manobra de mudança de faixa;Colisão lateral mesmo sentido;Com Vítimas Feridas;Pleno dia;Crescente;Garoa/Chuvisco;Dupla;Reta;Não;2;0;1;0;1;0;1;2;-26,88747187;-48,72252969;SPRF-SC;DEL04-SC;UOP04-DEL04-SC
613867;12/07/2024;sexta-feira;06:30:00;BA;101;943,2;MUCURI;Ausência de reação do condutor;Queda de ocupante de veículo;Com Vítimas Feridas;Amanhecer;Crescente;Céu Claro;Simples;Reta;Não;1;0;1;0;0;0;1;1;-18,16840196;-39,91873914;SPRF-BA;DEL09-BA;UOP02-DEL09-BA
613868;12/07/2024;sexta-feira;07:21:00;MS;262;356,3;CAMPO GRANDE;Transitar na contramão;Colisão transversal;Com Vítimas Feridas;Pleno dia;Crescente;Céu Claro;Simples;"Reta;Interseção de Vias;Em Obras";Sim;2;0;1;0;1;0;1;2;-20,54745913;-54,68046404;SPRF-MS;DEL01-MS;UOP03-DEL01-MS
613870;12/07/2024;sexta-feira;08:15:00;MG;381;486;BETIM;Ausência de reação do condutor;Colisão traseira;Com Vítimas Feridas;Pleno dia;Decrescente;Céu Claro;Dupla;"Reta;Aclive";Sim;2;0;1;0;1;0;1;2;-19,95644414;-44,13611598;SPRF-MG;DEL01-MG;UOP03-DEL01-MG
613871;12/07/2024;sexta-feira;09:00:00;PA;316;28;BENEVIDES;Condutor Dormindo;Saída de leito carroçável;Sem Vítimas;Pleno dia;Decrescente;Sol;Dupla;Curva;Sim;1;0;0;0;0;1;0;1;-1,31121896;-48,22115206;SPRF-PA;DEL01-PA;UOP01-DEL01-PA
613872;12/07/2024;sexta-feira;06:15:00;SC;280;80,5;CORUPA;Acessar a via sem observar a presença dos outros veículos;Colisão transversal;Com Vítimas Feridas;Amanhecer;Decrescente;Nublado;Simples;"Reta;Interseção de Vias";Não;3;0;1;0;2;0;1;2;-26,43983592;-49,22736526;SPRF-SC;DEL06-SC;UOP03-DEL06-SC
613873;12/07/2024;sexta-feira;06:45:00;SC;282;339,7;CAMPOS NOVOS;Ultrapassagem Indevida;Colisão frontal;Com Vítimas Feridas;Pleno dia;Crescente;Nevoeiro/Neblina;Simples;"Declive;Reta";Sim;2;0;1;0;1;0;1;2;-27,392731;-51,195118;SPRF-SC;DEL07-SC;UOP06-DEL07-SC
613876;12/07/2024;sexta-feira;07:30:00;ES;101;140,5;LINHARES;Acumulo de água sobre o pavimento;Tombamento;Com Vítimas Feridas;Pleno dia;Crescente;Garoa/Chuvisco;Múltipla;Reta;Não;1;0;1;0;0;0;1;1;-19,31817306;-40,07552313;SPRF-ES;DEL04-ES;UOP01-DEL04-ES
613878;12/07/2024;sexta-feira;09:30:00;ES;101;145,8;LINHARES;Condutor deixou de manter distância do veículo da frente;Colisão traseira;Com Vítimas Feridas;Pleno dia;Crescente;Nublado;Múltipla;Reta;Não;2;0;1;0;1;0;1;2;-19,36089598;-40,06464018;SPRF-ES;DEL04-ES;UOP01-DEL04-ES
613879;12/07/2024;sexta-feira;09:15:00;DF;20;10;BRASILIA;Ausência de reação do condutor;Colisão traseira;Com Vítimas Feridas;Pleno dia;Decrescente;Céu Claro;Dupla;"Declive;Reta;Em Obras";Sim;2;0;1;0;1;0;1;2;-15,650243;-47,773872;SPRF-DF;DEL02-DF;UOP01-DEL02-DF
613881;12/07/2024;sexta-feira;09:30:00;RN;304;287;MACAIBA;Reação tardia ou ineficiente do condutor;Colisão traseira;Com Vítimas Feridas;Pleno dia;Crescente;Chuva;Dupla;Aclive;Não;4;0;1;0;3;0;1;2;-5,8711714;-35,42930088;SPRF-RN;DEL01-RN;UOP02-DEL01-RN
613883;12/07/2024;sexta-feira;09:15:00;MG;381;484;BETIM;Condutor deixou de manter distância do veículo da frente;Colisão traseira;Com Vítimas Feridas;Pleno dia;Decrescente;Céu Claro;Dupla;Reta;Sim;2;0;1;0;1;0;1;2;-19,95531717;-44,11722196;SPRF-MG;DEL01-MG;UOP03-DEL01-MG
613886;24/06/2024;segunda-feira;12:25:00;PE;104;77;CARUARU;Condutor deixou de manter distância do veículo da frente;Colisão frontal;Com Vítimas Feridas;Pleno dia;Crescente;Céu Claro;Simples;Reta;Não;6;0;2;4;0;0;6;2;-8,375978;-35,983662;SPRF-PE;DEL02-PE;UOP01-DEL02-PE
613887;12/07/2024;sexta-feira;10:00:00;GO;153;358,5;JARAGUA;Condutor deixou de manter distância do veículo da frente;Colisão traseira;Com Vítimas Feridas;Pleno dia;Decrescente;Céu Claro;Simples;Reta;Sim;2;0;0;1;1;0;1;2;-15,742197;-49,320297;SPRF-GO;DEL02-GO;UOP02-DEL02-GO
613888;12/07/2024;sexta-feira;06:05:00;RJ;101;427;MANGARATIBA;Ultrapassagem Indevida;Colisão traseira;Com Vítimas Feridas;Amanhecer;Decrescente;Nublado;Simples;Reta;Não;2;0;1;0;1;0;1;2;-22,93154625;-43,98133788;SPRF-RJ;DEL03-RJ;UOP02-DEL03-RJ
613889;12/07/2024;sexta-feira;09:20:00;SC;101;103;PENHA;Manobra de mudança de faixa;Colisão transversal;Com Vítimas Feridas;Pleno dia;Crescente;Céu Claro;Dupla;Reta;Não;2;0;1;0;1;0;1;2;-26,7832381;-48,68314632;SPRF-SC;DEL03-SC;UOP02-DEL03-SC
613891;12/07/2024;sexta-feira;10:20:00;SP;116;216;GUARULHOS;Ausência de reação do condutor;Colisão com objeto;Com Vítimas Feridas;Pleno dia;Crescente;Nublado;Múltipla;Reta;Sim;1;0;1;0;0;0;1;1;-23,45056589;-46,46258105;SPRF-SP;DEL01-SP;UOP01-DEL01-SP
613892;12/07/2024;sexta-feira;10:40:00;RS;290;91;PORTO ALEGRE;Manobra de mudança de faixa;Colisão lateral mesmo sentido;Com Vítimas Feridas;Pleno dia;Decrescente;Céu Claro;Dupla;"Aclive;Reta";Sim;2;0;1;0;1;0;1;2;-29,970016;-51,1711906;SPRF-RS;DEL01-RS;UOP01-DEL01-RS
613897;12/07/2024;sexta-feira;11:00:00;PE;101;9;GOIANA;Acumulo de água sobre o pavimento;Capotamento;Sem Vítimas;Pleno dia;Crescente;Céu Claro;Dupla;Reta;Não;1;0;0;0;1;0;0;1;-7,55997111;-34,99072674;SPRF-PE;DEL01-PE;UOP02-DEL01-PE
613898;12/07/2024;sexta-feira;09:25:00;RS;116;251;SAPUCAIA DO SUL;Manobra de mudança de faixa;Colisão lateral mesmo sentido;Com Vítimas Feridas;Pleno dia;Crescente;Céu Claro;Dupla;Reta;Não;2;0;1;0;1;0;1;2;-29,80035406;-51,16550365;SPRF-RS;DEL01-RS;UOP02-DEL01-RS
613899;05/07/2024;sexta-feira;10:00:00;RO;364;536;ALTO PARAISO;Reação tardia ou ineficiente do condutor;Colisão lateral sentido oposto;Com Vítimas Feridas;Pleno dia;Crescente;Nublado;Simples;Curva;Não;5;0;0;2;3;0;2;2;-9,75382227;-63,10575094;SPRF-RO;DEL03-RO;UOP01-DEL03-RO
613900;12/07/2024;sexta-feira;11:20:00;PR;373;182,3;PONTA GROSSA;Acesso irregular;Colisão frontal;Com Vítimas Feridas;Pleno dia;Decrescente;Chuva;Dupla;Reta;Sim;3;0;0;2;1;0;2;2;-25,04193864;-50,26741587;SPRF-PR;DEL03-PR;UOP01-DEL03-PR
613902;12/07/2024;sexta-feira;10:40:00;AL;101;114;PILAR;Condutor deixou de manter distância do veículo da frente;Colisão traseira;Sem Vítimas;Pleno dia;Crescente;Nublado;Simples;Reta;Não;2;0;0;0;2;0;0;2;-9,63663301;-36,03046002;SPRF-AL;DEL02-AL;UOP01-DEL02-AL
613905;12/07/2024;sexta-feira;09:20:00;MT;364;310;JACIARA;Acessar a via sem observar a presença dos outros veículos;Colisão transversal;Com Vítimas Feridas;Pleno dia;Crescente;Céu Claro;Dupla;Reta;Não;2;0;1;0;1;0;1;2;-15,81540349;-55,23875092;SPRF-MT;DEL05-MT;UOP02-DEL05-MT
613906;12/07/2024;sexta-feira;12:20:00;MG;459;87,7;CONGONHAL;Acessar a via sem observar a presença dos outros veículos;Colisão transversal;Com Vítimas Feridas;Pleno dia;Crescente;Céu Claro;Simples;Reta;Sim;3;0;1;0;2;0;1;2;-22,150473;-46,041717;SPRF-MG;DEL09-MG;UOP01-DEL09-MG
613907;12/07/2024;sexta-feira;13:00:00;SP;116;51;LORENA;Ausência de reação do condutor;Colisão lateral mesmo sentido;Com Vítimas Feridas;Pleno dia;Decrescente;Nublado;Dupla;Reta;Sim;2;0;1;0;1;0;1;1;-22,74157511;-45,09206392;SPRF-SP;DEL08-SP;UOP02-DEL08-SP
613910;12/07/2024;sexta-feira;12:50:00;SC;101;206;SAO JOSE;Reação tardia ou ineficiente do condutor;Engavetamento;Com Vítimas Feridas;Pleno dia;Crescente;Nublado;Múltipla;"Aclive;Reta";Sim;4;0;1;0;3;0;1;3;-27,59193546;-48,61824557;SPRF-SC;DEL01-SC;UOP01-DEL01-SC
613911;12/07/2024;sexta-feira;11:15:00;PA;230;117;MARABA;Ausência de reação do condutor;Colisão lateral mesmo sentido;Com Vítimas Feridas;Pleno dia;Crescente;Céu Claro;Dupla;Reta;Sim;2;0;1;0;1;0;1;2;-5,35569904;-49,09047302;SPRF-PA;DEL03-PA;UOP01-DEL03-PA
613917;12/07/2024;sexta-feira;13:16:00;RN;101;81;SAO GONCALO DO AMARANTE;Acesso irregular;Colisão transversal;Com Vítimas Feridas;Pleno dia;Crescente;Céu Claro;Dupla;Rotatória;Sim;2;0;1;0;1;0;1;2;-5,763325;-35,2873;SPRF-RN;DEL02-RN;UOP01-DEL02-RN
613921;12/07/2024;sexta-feira;13:20:00;TO;153;139;ARAGUAINA;Acessar a via sem observar a presença dos outros veículos;Colisão transversal;Com Vítimas Feridas;Pleno dia;Crescente;Céu Claro;Dupla;"Curva;Rotatória";Sim;2;0;2;0;0;0;2;2;-7,16325275;-48,20698926;SPRF-TO;DEL02-TO;UOP01-DEL02-TO
613925;12/07/2024;sexta-feira;01:00:00;GO;364;331;PORTELANDIA;Transitar no Acostamento;Atropelamento de Pedestre;Com Vítimas Fatais;Plena Noite;Crescente;Céu Claro;Simples;Reta;Não;2;1;0;0;0;1;0;2;-17,395554;-52,729321;SPRF-GO;DEL05-GO;UOP01-DEL05-GO