id;data_inversa;dia_semana;horario;uf;br;km;municipio;causa_acidente;tipo_acidente;classificacao_acidente;fase_dia;sentido_via;condicao_metereologica;tipo_pista;tracado_via;uso_solo;pessoas;mortos;feridos_leves;feridos_graves;ilesos;ignorados;feridos;veiculos;latitude;longitude;regional;delegacia;uop
614047;12/07/2024;sexta-feira;22:40:00;PE;232;335,3;CUSTODIA;Reação tardia ou ineficiente do condutor;Tombamento;Com Vítimas Feridas;Plena Noite;Crescente;Céu Claro;Simples;Reta;Sim;1;0;1;0;0;0;1;1;-8,0843408;-37,64570494;SPRF-PE;DEL04-PE;UOP02-DEL04-PE
614049;13/07/2024;sábado;00:10:00;RS;290;75;GRAVATAI;Demais falhas mecânicas ou elétricas;Incêndio;Sem Vítimas;Plena Noite;Decrescente;Garoa/Chuvisco;Dupla;"Interseção de Vias;Retorno Regulamentado;Viaduto;Reta";Não;1;0;0;0;0;1;0;1;-29,95521;-51,006855;SPRF-RS;DEL01-RS;UOP01-DEL01-RS
614050;13/07/2024;sábado;00:02:00;RS;116;257;ESTEIO;Reação tardia ou ineficiente do condutor;Colisão com objeto;Sem Vítimas;Plena Noite;Crescente;Céu Claro;Dupla;"Declive;Viaduto;Curva;Em Obras";Sim;1;0;0;0;0;1;0;1;-29,85262195;-51,17968329;SPRF-RS;DEL01-RS;UOP02-DEL01-RS
614051;13/07/2024;sábado;01:00:00;MG;381;2;BETIM;Animais na Pista;Atropelamento de Animal;Sem Vítimas;Plena Noite;Decrescente;Céu Claro;Múltipla;Reta;Sim;1;0;0;0;1;0;0;1;-19,96825;-44,198708;SPRF-MG;DEL01-MG;UOP03-DEL01-MG
614052;13/07/2024;sábado;00:40:00;SP;381;84;SAO PAULO;Ingestão de álcool pelo condutor;Colisão traseira;Sem Vítimas;Plena Noite;Decrescente;Nublado;Múltipla;Reta;Não;2;0;0;0;2;0;0;2;-23,43937;-46,56807;SPRF-SP;DEL03-SP;UOP01-DEL03-SP
614055;12/07/2024;sexta-feira;20:50:00;MG;116;193;CARAI;Acessar a via sem observar a presença dos outros veículos;Colisão transversal;Com Vítimas Feridas;Plena Noite;Decrescente;Céu Claro;Simples;Curva;Sim;4;0;0;2;2;0;2;2;-17,18459593;-41,48605058;SPRF-MG;DEL11-MG;UOP01-DEL11-MG
614056;13/07/2024;sábado;02:49:00;TO;153;673;GURUPI;Desvio temporário;Colisão com objeto;Sem Vítimas;Plena Noite;Crescente;Céu Claro;Dupla;"Desvio Temporário;Em Obras";Sim;1;0;0;0;0;1;0;1;-11,73820383;-49,08104077;SPRF-TO;DEL01-TO;UOP02-DEL01-TO
614057;13/07/2024;sábado;02:20:00;SC;101;280;IMBITUBA;Reação tardia ou ineficiente do condutor;Tombamento;Sem Vítimas;Plena Noite;Decrescente;Céu Claro;Dupla;Reta;Não;1;0;0;0;0;1;0;1;-28,17962805;-48,6956297;SPRF-SC;DEL02-SC;UOP03-DEL02-SC
614060;13/07/2024;sábado;03:30:00;AL;316;71,7;POCO DAS TRINCHEIRAS;Animais na Pista;Atropelamento de Animal;Com Vítimas Feridas;Plena Noite;Crescente;Céu Claro;Simples;Reta;Não;4;0;2;2;0;0;4;1;-9,30533602;-37,33847102;SPRF-AL;DEL03-AL;UOP02-DEL03-AL
614061;13/07/2024;sábado;03:20:00;MG;116;286;TEOFILO OTONI;Ausência de reação do condutor;Capotamento;Com Vítimas Feridas;Plena Noite;Crescente;Céu Claro;Dupla;"Aclive;Reta";Não;1;0;1;0;0;0;1;1;-17,93577075;-41,52783055;SPRF-MG;DEL11-MG;UOP01-DEL11-MG
614063;13/07/2024;sábado;04:00:00;SC;282;499,1;XANXERE;Ingestão de álcool pelo condutor;Colisão transversal;Sem Vítimas;Plena Noite;Crescente;Nublado;Simples;Rotatória;Não;2;0;0;0;2;0;0;2;-26,880869;-52,363121;SPRF-SC;DEL07-SC;UOP01-DEL07-SC
614064;13/07/2024;sábado;04:40:00;SP;116;219;GUARULHOS;Ausência de reação do condutor;Colisão com objeto;Com Vítimas Feridas;Plena Noite;Crescente;Nublado;Múltipla;"Curva;Declive";Sim;2;0;2;0;0;0;2;1;-23,46143954;-46,48885316;SPRF-SP;DEL01-SP;UOP01-DEL01-SP
614065;13/07/2024;sábado;05:00:00;RJ;101;281;TANGUA;Ausência de reação do condutor;Saída de leito carroçável;Com Vítimas Feridas;Plena Noite;Decrescente;Chuva;Dupla;Reta;Não;1;0;1;0;0;0;1;1;-22,73786208;-42,78692501;SPRF-RJ;DEL02-RJ;UOP02-DEL02-RJ
614067;13/07/2024;sábado;05:00:00;RS;116;252;SAPUCAIA DO SUL;Condutor deixou de manter distância do veículo da frente;Colisão traseira;Sem Vítimas;Plena Noite;Decrescente;Céu Claro;Dupla;Reta;Não;2;0;0;0;2;0;0;2;-29,80913395;-51,1675292;SPRF-RS;DEL01-RS;UOP02-DEL01-RS
614068;13/07/2024;sábado;05:10:00;SC;470;57;BLUMENAU;Condutor Dormindo;Colisão transversal;Com Vítimas Feridas;Plena Noite;Decrescente;Garoa/Chuvisco;Simples;"Reta;Em Obras";Não;2;0;0;1;1;0;1;2;-26,880428;-49,136532;SPRF-SC;DEL04-SC;UOP01-DEL04-SC
614069;13/07/2024;sábado;05:00:00;MG;50;75,8;UBERLANDIA;Manobra de mudança de faixa;Colisão traseira;Com Vítimas Feridas;Plena Noite;Crescente;Céu Claro;Dupla;"Viaduto;Reta";Sim;3;0;1;0;2;0;1;2;-18,92504267;-48,22152615;SPRF-MG;DEL15-MG;UOP01-DEL15-MG
614070;13/07/2024;sábado;05:50:00;RS;290;26,8;SANTO ANTONIO DA PATRULHA;Condutor Dormindo;Saída de leito carroçável;Sem Vítimas;Plena Noite;Decrescente;Chuva;Dupla;Reta;Sim;1;0;0;0;1;0;0;1;-29,880135;-50,514297;SPRF-RS;DEL03-RS;UOP01-DEL03-RS
614072;13/07/2024;sábado;03:01:00;MT;163;938;ITAUBA;Reação tardia ou ineficiente do condutor;Saída de leito carroçável;Com Vítimas Feridas;Plena Noite;Decrescente;Céu Claro;Simples;"Declive;Reta";Não;2;0;0;1;0;1;1;1;-11,00080717;-55,24569511;SPRF-MT;DEL06-MT;UOP02-DEL06-MT
614073;13/07/2024;sábado;04:30:00;GO;60;303;ACREUNA;Acessar a via sem observar a presença dos outros veículos;Colisão transversal;Com Vítimas Fatais;Plena Noite;Crescente;Céu Claro;Dupla;Reta;Sim;3;1;0;0;1;1;0;3;-17,3763;-50,36;SPRF-GO;DEL04-GO;UOP02-DEL04-GO
614074;12/07/2024;sexta-feira;22:15:00;GO;60;309;ACREUNA;Ausência de reação do condutor;Colisão com objeto;Com Vítimas Feridas;Plena Noite;Crescente;Céu Claro;Dupla;Curva;Não;3;0;2;0;1;0;2;2;-17,4097;-50,4044;SPRF-GO;DEL04-GO;UOP02-DEL04-GO
614075;13/07/2024;sábado;06:00:00;MG;40;523;CONTAGEM;Ausência de reação do condutor;Capotamento;Com Vítimas Feridas;Amanhecer;Decrescente;Céu Claro;Dupla;Reta;Não;2;0;1;0;1;0;1;2;-19,86874894;-44,05962197;SPRF-MG;DEL01-MG;UOP02-DEL01-MG
614076;12/07/2024;sexta-feira;20:00:00;MT;70;562;NOSSA SENHORA DO LIVRAMENTO;Acessar a via sem observar a presença dos outros veículos;Colisão transversal;Com Vítimas Feridas;Plena Noite;Crescente;Céu Claro;Simples;Curva;Não;2;0;0;1;0;1;1;2;-15,70149978;-56,41553595;SPRF-MT;DEL03-MT;UOP02-DEL03-MT
614077;13/07/2024;sábado;07:00:00;MG;381;433;SABARA;Reação tardia ou ineficiente do condutor;Colisão traseira;Com Vítimas Feridas;Plena Noite;Decrescente;Céu Claro;Simples;Curva;Não;3;0;2;0;1;0;2;2;-19,79269213;-43,74585386;SPRF-MG;DEL01-MG;UOP01-DEL01-MG
614078;13/07/2024;sábado;07:00:00;SC;101;100,7;BALNEARIO PICARRAS;Chuva;Colisão com objeto;Com Vítimas Fatais;Pleno dia;Decrescente;Chuva;Múltipla;Reta;Não;1;1;0;0;0;0;0;1;-26,7624899;-48,686536;SPRF-SC;DEL03-SC;UOP02-DEL03-SC
614079;12/07/2024;sexta-feira;10:10:00;MA;226;108;CAXIAS;Condutor deixou de manter distância do veículo da frente;Colisão traseira;Sem Vítimas;Pleno dia;Decrescente;Céu Claro;Simples;Reta;Não;2;0;0;0;1;1;0;2;-5,3038774;-43,7219772;SPRF-MA;DEL03-MA;UOP02-DEL03-MA
614080;13/07/2024;sábado;06:20:00;SC;101;339,1;TUBARAO;Ingestão de álcool pelo condutor;Saída de leito carroçável;Sem Vítimas;Amanhecer;Crescente;Nublado;Dupla;Reta;Sim;1;0;0;0;1;0;0;1;-28,49450211;-49,04322624;SPRF-SC;DEL02-SC;UOP01-DEL02-SC
614082;13/07/2024;sábado;06:00:00;MG;262;34;MANHUACU;Reação tardia ou ineficiente do condutor;Atropelamento de Pedestre;Com Vítimas Feridas;Pleno dia;Decrescente;Céu Claro;Simples;Reta;Sim;2;0;1;0;1;0;1;2;-20,25692664;-42,01099203;SPRF-MG;DEL06-MG;UOP03-DEL06-MG
614083;12/07/2024;sexta-feira;18:20:00;SC;282;462;PONTE SERRADA;Pedestre - Ingestão de álcool/ substâncias psicoativas;Atropelamento de Pedestre;Com Vítimas Feridas;Plena Noite;Crescente;Céu Claro;Dupla;Reta;Sim;2;0;0;1;1;0;1;2;-26,86663045;-52,0226562;SPRF-SC;DEL07-SC;UOP04-DEL07-SC
614084;13/07/2024;sábado;04:40:00;PR;376;287;MAUA DA SERRA;Condutor Dormindo;Colisão com objeto;Com Vítimas Feridas;Plena Noite;Crescente;Céu Claro;Dupla;"Viaduto;Reta";Sim;1;0;1;0;0;0;1;1;-23,889;-51,233;SPRF-PR;DEL07-PR;UOP02-DEL07-PR
614085;13/07/2024;sábado;07:05:00;ES;101;415;ITAPEMIRIM;Condutor Dormindo;Colisão frontal;Com Vítimas Feridas;Pleno dia;Crescente;Nublado;Simples;Reta;Não;5;0;5;0;0;0;5;2;-20,93222599;-41,0792708;SPRF-ES;DEL03-ES;UOP02-DEL03-ES
614086;13/07/2024;sábado;06:30:00;SP;153;46,2;SAO JOSE DO RIO PRETO;Demais falhas mecânicas ou elétricas;Saída de leito carroçável;Com Vítimas Feridas;Amanhecer;Decrescente;Céu Claro;Simples;Reta;Não;7;0;7;0;0;0;7;1;-20,67446739;-49,34065104;SPRF-SP;DEL09-SP;UOP01-DEL09-SP
614088;13/07/2024;sábado;06:45:00;PI;230;306;FLORIANO;Acesso irregular;Colisão transversal;Com Vítimas Feridas;Pleno dia;Decrescente;Céu Claro;Simples;Reta;Não;3;0;2;1;0;0;3;2;-6,79173488;-42,98594092;SPRF-PI;DEL03-PI;UOP01-DEL03-PI
614089;12/07/2024;sexta-feira;22:22:00;PI;135;595;CORRENTE;Manobra de mudança de faixa;Colisão frontal;Com Vítimas Feridas;Plena Noite;Decrescente;Céu Claro;Simples;Reta;Sim;3;0;0;2;1;0;2;2;-10,47825302;-45,18264796;SPRF-PI;DEL03-PI;UOP02-DEL03-PI
614090;13/07/2024;sábado;06:30:00;SC;101;209;SAO JOSE;Trafegar com motocicleta (ou similar) entre as faixas;Colisão traseira;Com Vítimas Feridas;Amanhecer;Crescente;Nublado;Dupla;Reta;Sim;3;0;2;1;0;0;3;2;-27,61000542;-48,63895057;SPRF-SC;DEL01-SC;UOP01-DEL01-SC
614092;13/07/2024;sábado;07:20:00;SC;101;179;BIGUACU;Desrespeitar a preferência no cruzamento;Colisão transversal;Com Vítimas Feridas;Pleno dia;Decrescente;Chuva;Dupla;Reta;Não;3;0;2;0;1;0;2;2;-27,37281717;-48,63322708;SPRF-SC;DEL01-SC;UOP01-DEL01-SC
614093;13/07/2024;sábado;05:45:00;MT;364;542;ROSARIO OESTE;Ingestão de álcool pelo condutor;Saída de leito carroçável;Sem Vítimas;Pleno dia;Decrescente;Céu Claro;Dupla;Curva;Sim;1;0;0;0;1;0;0;1;-14,91290882;-56,47221224;SPRF-MT;DEL01-MT;UOP01-DEL01-MT
614094;13/07/2024;sábado;07:40:00;DF;80;14,8;BRASILIA;Pedestre andava na pista;Atropelamento de Pedestre;Com Vítimas Feridas;Pleno dia;Crescente;Céu Claro;Simples;Reta;Não;4;0;1;0;3;0;1;2;-15,719034;-48,196686;SPRF-DF;DEL03-DF;UOP02-DEL03-DF
614096;13/07/2024;sábado;07:30:00;RS;116;398;CAMAQUA;Ultrapassagem Indevida;Colisão frontal;Com Vítimas Feridas;Pleno dia;Crescente;Nublado;Simples;"Reta;Em Obras";Sim;2;0;0;1;1;0;1;2;-30,86172875;-51,79225916;SPRF-RS;DEL02-RS;UOP02-DEL02-RS
614097;13/07/2024;sábado;07:20:00;SC;101;186,9;BIGUACU;Chuva;Tombamento;Com Vítimas Feridas;Pleno dia;Crescente;Garoa/Chuvisco;Dupla;Reta;Sim;1;0;1;0;0;0;1;1;-27,4341098;-48,62567129;SPRF-SC;DEL01-SC;UOP01-DEL01-SC
614098;13/07/2024;sábado;07:50:00;SC;470;54,4;BLUMENAU;Acessar a via sem observar a presença dos outros veículos;Colisão transversal;Sem Vítimas;Pleno dia;Crescente;Garoa/Chuvisco;Simples;Interseção de Vias;Sim;2;0;0;0;2;0;0;2;-26,87322452;-49,11419749;SPRF-SC;DEL04-SC;UOP01-DEL04-SC
614099;13/07/2024;sábado;08:15:00;GO;20;32;FORMOSA;Condutor deixou de manter distância do veículo da frente;Colisão traseira;Com Vítimas Feridas;Pleno dia;Crescente;Céu Claro;Simples;"Declive;Reta";Não;7;0;1;0;6;0;1;2;-15,482159;-47,101757;SPRF-DF;DEL02-DF;UOP02-DEL02-DF
614100;08/07/2024;segunda-feira;09:40:00;RS;386;281,5;SAO JOSE DO HERVAL;Ausência de reação do condutor;Colisão com objeto;Com Vítimas Feridas;Pleno dia;Decrescente;Nublado;Simples;"Declive;Reta";Sim;1;0;1;0;0;0;1;1;-29,043393;-52,298123;SPRF-RS;DEL04-RS;UOP03-DEL04-RS
614101;13/07/2024;sábado;08:17:00;GO;40;1;VALPARAISO DE GOIAS;Ausência de reação do condutor;Colisão traseira;Com Vítimas Feridas;Pleno dia;Decrescente;Céu Claro;Dupla;Reta;Sim;1;0;1;0;0;0;1;1;-16,058245;-47,982825;SPRF-DF;DEL01-DF;UOP01-DEL01-DF
614102;23/06/2024;domingo;17:20:00;PR;277;83;CURITIBA;Condutor deixou de manter distância do veículo da frente;Colisão traseira;Com Vítimas Feridas;Pleno dia;Decrescente;Ignorado;Dupla;Reta;Sim;3;0;1;0;1;1;1;3;-25,4498237;-49,22872782;SPRF-PR;DEL01-PR;UOP07-DEL01-PR
614103;13/07/2024;sábado;06:20:00;MT;163;857,5;SINOP;Ausência de reação do condutor;Queda de ocupante de veículo;Com Vítimas Feridas;Pleno dia;Crescente;Céu Claro;Simples;Reta;Não;1;0;1;0;0;0;1;1;-11,671727;-55,445898;SPRF-MT;DEL06-MT;UOP02-DEL06-MT
614104;13/07/2024;sábado;08:30:00;BA;116;816;VITORIA DA CONQUISTA;Acessar a via sem observar a presença dos outros veículos;Colisão transversal;Com Vítimas Feridas;Pleno dia;Decrescente;Céu Claro;Simples;"Interseção de Vias;Reta";Não;2;0;1;0;1;0;1;2;-14,77751018;-40,73036091;SPRF-BA;DEL08-BA;UOP01-DEL08-BA
614105;13/07/2024;sábado;06:00:00;SC;101;341;TUBARAO;Condutor Dormindo;Saída de leito carroçável;Sem Vítimas;Amanhecer;Crescente;Chuva;Múltipla;Reta;Sim;1;0;0;0;1;0;0;1;-28,50999405;-49,05070686;SPRF-SC;DEL02-SC;UOP01-DEL02-SC
614106;13/07/2024;sábado;08:05:00;PR;153;344,3;IRATI;Reação tardia ou ineficiente do condutor;Colisão lateral mesmo sentido;Sem Vítimas;Pleno dia;Crescente;Chuva;Simples;Reta;Não;2;0;0;0;2;0;0;2;-25,56118096;-50,67815908;SPRF-PR;DEL08-PR;UOP02-DEL08-PR
614107;13/07/2024;sábado;08:00:00;SC;280;240,5;CANOINHAS;Ingestão de álcool pelo condutor;Colisão lateral mesmo sentido;Sem Vítimas;Pleno dia;Crescente;Chuva;Simples;Reta;Não;5;0;0;0;5;0;0;2;-26,2173631;-50,45390288;SPRF-SC;DEL06-SC;UOP04-DEL06-SC
614108;13/07/2024;sábado;07:15:00;PR;277;340;GUARAPUAVA;Acessar a via sem observar a presença dos outros veículos;Colisão transversal;Com Vítimas Feridas;Pleno dia;Crescente;Garoa/Chuvisco;Dupla;"Rotatória;Retorno Regulamentado";Não;3;0;1;0;2;0;1;2;-25,3448696;-51,44303083;SPRF-PR;DEL08-PR;UOP01-DEL08-PR
614109;13/07/2024;sábado;09:00:00;SP;381;24;BRAGANCA PAULISTA;Ausência de reação do condutor;Saída de leito carroçável;Com Vítimas Feridas;Pleno dia;Crescente;Céu Claro;Múltipla;Reta;Não;5;0;4;0;1;0;4;1;-23,01316393;-46,52386219;SPRF-SP;DEL03-SP;UOP02-DEL03-SP
614110;13/07/2024;sábado;04:40:00;RJ;116;148;DUQUE DE CAXIAS;Ausência de reação do condutor;Saída de leito carroçável;Sem Vítimas;Plena Noite;Crescente;Garoa/Chuvisco;Dupla;Reta;Sim;1;0;0;0;0;1;0;1;-22,6723488;-43,28215398;SPRF-RJ;DEL01-RJ;UOP02-DEL01-RJ
614112;13/07/2024;sábado;09:20:00;PB;230;172,8;CAMPINA GRANDE;Transitar na contramão;Colisão frontal;Com Vítimas Feridas;Pleno dia;Decrescente;Garoa/Chuvisco;Simples;Declive;Não;5;0;1;0;4;0;1;2;-7,1798;-36,0027;SPRF-PB;DEL02-PB;UOP02-DEL02-PB
614113;13/07/2024;sábado;09:30:00;RJ;493;66;NOVA IGUACU;Ausência de reação do condutor;Saída de leito carroçável;Com Vítimas Feridas;Pleno dia;Crescente;Nublado;Dupla;Curva;Não;1;0;1;0;0;0;1;1;-22,68466738;-43,4488678;SPRF-RJ;DEL01-RJ;UOP03-DEL01-RJ
614114;13/07/2024;sábado;09:39:00;RN;304;277;MACAIBA;Demais Fenômenos da natureza;Eventos atípicos;Com Vítimas Feridas;Pleno dia;Decrescente;Céu Claro;Simples;Reta;Não;2;0;1;0;1;0;1;1;-5,8842657;-35,51590794;SPRF-RN;DEL01-RN;UOP02-DEL01-RN
614116;13/07/2024;sábado;09:30:00;RS;290;105;ELDORADO DO SUL;Ingestão de álcool pelo condutor;Colisão traseira;Sem Vítimas;Pleno dia;Decrescente;Nublado;Dupla;Reta;Não;3;0;0;0;3;0;0;2;-29,99608;-51,285023;SPRF-RS;DEL02-RS;UOP01-DEL02-RS
614117;13/07/2024;sábado;10:05:00;DF;20;7;BRASILIA;Manobra de mudança de faixa;Colisão lateral mesmo sentido;Com Vítimas Feridas;Pleno dia;Crescente;Sol;Dupla;Reta;Sim;3;0;0;1;2;0;1;3;-15,662208;-47,799866;SPRF-DF;DEL02-DF;UOP01-DEL02-DF
614119;13/07/2024;sábado;09:15:00;MS;158;140;APARECIDA DO TABOADO;Mal súbito do condutor;Colisão com objeto;Com Vítimas Feridas;Pleno dia;Crescente;Céu Claro;Simples;Reta;Não;1;0;1;0;0;0;1;1;-20,03489795;-51,1155068;SPRF-MS;DEL08-MS;UOP01-DEL08-MS
614124;13/07/2024;sábado;09:45:00;PR;277;251;IRATI;Acumulo de água sobre o pavimento;Saída de leito carroçável;Com Vítimas Feridas;Pleno dia;Crescente;Chuva;Simples;"Aclive;Reta";Não;3;0;1;0;2;0;1;1;-25,45128978;-50,66108594;SPRF-PR;DEL08-PR;UOP02-DEL08-PR
614125;29/06/2024;sábado;15:00:00;SC;101;217;PALHOCA;Condutor deixou de manter distância do veículo da frente;Colisão traseira;Com Vítimas Feridas;Pleno dia;Crescente;Céu Claro;Múltipla;Reta;Não;2;0;1;1;0;0;2;2;-27,66779034;-48,67393586;SPRF-SC;DEL01-SC;UOP02-DEL01-SC
614126;13/07/2024;sábado;08:00:00;ES;101;295;CARIACICA;Frear bruscamente;Queda de ocupante de veículo;Com Vítimas Feridas;Pleno dia;Decrescente;Nublado;Múltipla;Reta;Sim;2;0;1;0;1;0;1;1;-20,33223667;-40,40004683;SPRF-ES;DEL01-ES;UOP01-DEL01-ES
614127;13/07/2024;sábado;10:32:00;RS;470;227,1;GARIBALDI;Ausência de reação do condutor;Colisão com objeto;Com Vítimas Feridas;Pleno dia;Crescente;Nevoeiro/Neblina;Simples;"Interseção de Vias;Curva";Sim;1;0;0;1;0;0;1;1;-29,21657705;-51,51722624;SPRF-RS;DEL06-RS;UOP01-DEL06-RS
614128;13/07/2024;sábado;11:15:00;PA;155;314;MARABA;Condutor deixou de manter distância do veículo da frente;Colisão traseira;Sem Vítimas;Pleno dia;Crescente;Céu Claro;Simples;Curva;Não;2;0;0;0;2;0;0;2;-5,63103584;-49,09737018;SPRF-PA;DEL03-PA;UOP01-DEL03-PA
614130;13/07/2024;sábado;10:45:00;SP;381;65,5;MAIRIPORA;Ausência de reação do condutor;Colisão traseira;Com Vítimas Feridas;Pleno dia;Decrescente;Céu Claro;Dupla;Reta;Sim;2;0;1;0;1;0;1;2;-23,316547;-46,58251;SPRF-SP;DEL03-SP;UOP01-DEL03-SP
614132;13/07/2024;sábado;11:00:00;MG;262;371,1;JUATUBA;Acessar a via sem observar a presença dos outros veículos;Colisão transversal;Com Vítimas Feridas;Pleno dia;Decrescente;Céu Claro;Dupla;"Curva;Retorno Regulamentado";Não;4;0;2;1;1;0;3;3;-19,956986;-44,364226;SPRF-MG;DEL01-MG;UOP03-DEL01-MG
614133;13/07/2024;sábado;11:08:00;RS;116;256;ESTEIO;Demais falhas mecânicas ou elétricas;Incêndio;Sem Vítimas;Pleno dia;Crescente;Nublado;Dupla;Reta;Sim;1;0;0;0;0;1;0;1;-29,84393699;-51,17728603;SPRF-RS;DEL01-RS;UOP02-DEL01-RS
614134;13/07/2024;sábado;09:00:00;MG;40;510,3;RIBEIRAO DAS NEVES;Condutor deixou de manter distância do veículo da frente;Engavetamento;Com Vítimas Feridas;Pleno dia;Decrescente;Céu Claro;Dupla;Reta;Não;4;0;1;0;3;0;1;4;-19,77463885;-44,12321882;SPRF-MG;DEL01-MG;UOP02-DEL01-MG
614136;13/07/2024;sábado;11:00:00;PE;232;7;RECIFE;Manobra de mudança de faixa;Colisão transversal;Com Vítimas Feridas;Pleno dia;Crescente;Céu Claro;Múltipla;Reta;Não;2;0;1;0;1;0;1;2;-8,07333497;-34,96184301;SPRF-PE;DEL01-PE;UOP01-DEL01-PE
614137;13/07/2024;sábado;11:30:00;RS;290;369;VILA NOVA DO SUL;Acessar a via sem observar a presença dos outros veículos;Colisão transversal;Com Vítimas Feridas;Pleno dia;Decrescente;Céu Claro;Simples;Reta;Não;4;0;3;0;1;0;3;2;-30,34247;-53,849735;SPRF-RS;DEL09-RS;UOP02-DEL09-RS
614138;13/07/2024;sábado;12:00:00;RS;116;267;CANOAS;Reação tardia ou ineficiente do condutor;Colisão lateral mesmo sentido;Com Vítimas Feridas;Pleno dia;Decrescente;Céu Claro;Dupla;Reta;Sim;3;0;1;0;2;0;1;3;-29,94142398;-51,17697062;SPRF-RS;DEL01-RS;UOP01-DEL01-RS
614139;13/07/2024;sábado;11:15:00;MS;262;143,2;AGUA CLARA;Acessar a via sem observar a presença dos outros veículos;Colisão lateral mesmo sentido;Com Vítimas Feridas;Pleno dia;Crescente;Céu Claro;Simples;Reta;Sim;2;0;2;0;0;0;2;2;-20,44531033;-52,87535191;SPRF-MS;DEL07-MS;UOP02-DEL07-MS
614140;13/07/2024;sábado;10:50:00;PR;277;139;BALSA NOVA;Reação tardia ou ineficiente do condutor;Saída de leito carroçável;Com Vítimas Feridas;Pleno dia;Crescente;Garoa/Chuvisco;Dupla;Curva;Não;4;0;4;0;0;0;4;1;-25,47467985;-49,72185731;SPRF-PR;DEL03-PR;UOP03-DEL03-PR
614142;13/07/2024;sábado;10:35:00;PR;376;447;TIBAGI;Reação tardia ou ineficiente do condutor;Saída de leito carroçável;Com Vítimas Feridas;Pleno dia;Crescente;Garoa/Chuvisco;Dupla;Curva;Não;1;0;1;0;0;0;1;1;-24,85629781;-50,45994574;SPRF-PR;DEL03-PR;UOP02-DEL03-PR
614143;13/07/2024;sábado;12:18:00;DF;251;47,1;BRASILIA;Conversão proibida;Colisão traseira;Com Vítimas Feridas;Pleno dia;Crescente;Céu Claro;Simples;Reta;Sim;3;0;2;1;0;0;3;3;-15,948113;-47,845235;SPRF-DF;DEL01-DF;UOP01-DEL01-DF
614147;13/07/2024;sábado;11:45:00;MG;40;587;ITABIRITO;Ausência de reação do condutor;Colisão frontal;Com Vítimas Feridas;Pleno dia;Crescente;Céu Claro;Simples;Reta;Não;5;0;1;1;3;0;2;2;-20,34858326;-43,92200604;SPRF-MG;DEL01-MG;UOP02-DEL01-MG
614148;13/07/2024;sábado;12:40:00;RJ;101;330;RIO DE JANEIRO;Velocidade Incompatível;Colisão traseira;Sem Vítimas;Pleno dia;Decrescente;Céu Claro;Dupla;Reta;Não;2;0;0;0;2;0;0;2;-22,8684989;-43,18548699;SPRF-RJ;DEL02-RJ;UOP01-DEL02-RJ
614149;13/07/2024;sábado;12:30:00;SP;153;60,9;SAO JOSE DO RIO PRETO;Acumulo de óleo sobre o pavimento;Tombamento;Com Vítimas Feridas;Pleno dia;Crescente;Céu Claro;Dupla;Reta;Sim;1;0;1;0;0;0;1;1;-20,80502876;-49,35574909;SPRF-SP;DEL09-SP;UOP01-DEL09-SP
614150;13/07/2024;sábado;12:45:00;SC;470;19;ILHOTA;Reação tardia ou ineficiente do condutor;Saída de leito carroçável;Com Vítimas Feridas;Pleno dia;Crescente;Chuva;Múltipla;"Curva;Interseção de Vias;Retorno Regulamentado";Não;1;0;1;0;0;0;1;1;-26,862995;-48,814396;SPRF-SC;DEL04-SC;UOP04-DEL04-SC
614153;13/07/2024;sábado;12:40:00;SC;470;137;RIO DO SUL;Velocidade Incompatível;Colisão frontal;Com Vítimas Feridas;Pleno dia;Crescente;Nublado;Simples;Curva;Sim;3;0;1;0;1;1;1;3;-27,20569806;-49,64539289;SPRF-SC;DEL04-SC;UOP02-DEL04-SC
614154;13/07/2024;sábado;12:10:00;PR;116;39,1;CAMPINA GRANDE DO SUL;Reação tardia ou ineficiente do condutor;Saída de leito carroçável;Com Vítimas Feridas;Pleno dia;Crescente;Chuva;Dupla;Curva;Não;2;0;2;0;0;0;2;1;-25,156168;-48,8613401;SPRF-PR;DEL01-PR;UOP02-DEL01-PR
614155;13/07/2024;sábado;12:40:00;MG;381;521;BRUMADINHO;Curva acentuada;Capotamento;Com Vítimas Feridas;Pleno dia;Crescente;Céu Claro;Múltipla;"Declive;Curva";Não;2;0;1;0;1;0;1;1;-20,1181958;-44,30239677;SPRF-MG;DEL04-MG;UOP03-DEL04-MG
614156;08/06/2024;sábado;05:30:00;MT;70;558;NOSSA SENHORA DO LIVRAMENTO;Demais falhas mecânicas ou elétricas;Incêndio;Sem Vítimas;Amanhecer;Crescente;Céu Claro;Simples;Reta;Não;1;0;0;0;1;0;0;1;-15,84981337;-56,81008226;SPRF-MT;DEL03-MT;UOP02-DEL03-MT
614158;13/07/2024;sábado;12:30:00;BA;324;519;FEIRA DE SANTANA;Manobra de mudança de faixa;Colisão lateral mesmo sentido;Com Vítimas Feridas;Pleno dia;Decrescente;Céu Claro;Dupla;Reta;Sim;3;0;2;0;1;0;2;2;-12,26687642;-38,93349875;SPRF-BA;DEL02-BA;UOP01-DEL02-BA
614159;13/07/2024;sábado;12:20:00;AL;101;246;PORTO REAL DO COLEGIO;Velocidade Incompatível;Colisão traseira;Com Vítimas Feridas;Pleno dia;Decrescente;Céu Claro;Dupla;Reta;Não;4;0;2;0;2;0;2;2;-10,19162376;-36,82542061;SPRF-AL;DEL02-AL;UOP02-DEL02-AL