id;data_inversa;dia_semana;horario;uf;br;km;municipio;causa_acidente;tipo_acidente;classificacao_acidente;fase_dia;sentido_via;condicao_metereologica;tipo_pista;tracado_via;uso_solo;pessoas;mortos;feridos_leves;feridos_graves;ilesos;ignorados;feridos;veiculos;latitude;longitude;regional;delegacia;uop
614276;14/07/2024;domingo;01:04:00;SP;116;223;GUARULHOS;Ausência de reação do condutor;Colisão traseira;Com Vítimas Feridas;Plena Noite;Decrescente;Nublado;Múltipla;"Em Obras;Reta";Não;2;0;1;0;1;0;1;2;-23,479324;-46,530467;SPRF-SP;DEL01-SP;UOP01-DEL01-SP
614277;13/07/2024;sábado;23:55:00;AL;316;262,2;SATUBA;Velocidade Incompatível;Saída de leito carroçável;Com Vítimas Feridas;Plena Noite;Decrescente;Chuva;Simples;Reta;Não;1;0;0;1;0;0;1;1;-9,58877051;-35,88700493;SPRF-AL;DEL02-AL;UOP01-DEL02-AL
614279;14/07/2024;domingo;01:30:00;SP;116;217;GUARULHOS;Ausência de reação do condutor;Capotamento;Com Vítimas Feridas;Plena Noite;Decrescente;Nublado;Múltipla;Reta;Não;1;0;1;0;0;0;1;1;-23,45423824;-46,47119028;SPRF-SP;DEL01-SP;UOP01-DEL01-SP
614280;13/07/2024;sábado;23:40:00;RO;364;13;VILHENA;Acessar a via sem observar a presença dos outros veículos;Colisão transversal;Com Vítimas Feridas;Plena Noite;Decrescente;Céu Claro;Dupla;Reta;Sim;2;0;1;0;1;0;1;2;-12,74140004;-60,13026401;SPRF-RO;DEL04-RO;UOP01-DEL04-RO
614281;14/07/2024;domingo;01:20:00;MG;365;650;UBERLANDIA;Ausência de reação do condutor;Colisão com objeto;Com Vítimas Feridas;Plena Noite;Crescente;Céu Claro;Dupla;Reta;Não;2;0;1;0;1;0;1;1;-18,86933815;-48,55889003;SPRF-MG;DEL15-MG;UOP01-DEL15-MG
614282;14/07/2024;domingo;00:30:00;GO;20;180,1;ALVORADA DO NORTE;Velocidade Incompatível;Colisão frontal;Com Vítimas Feridas;Plena Noite;Crescente;Céu Claro;Simples;"Reta;Ponte";Sim;9;0;5;0;4;0;5;2;-14,477743;-46,492165;SPRF-DF;DEL02-DF;UOP03-DEL02-DF
614284;13/07/2024;sábado;23:10:00;PE;232;79;GRAVATA;Pedestre andava na pista;Atropelamento de Pedestre;Com Vítimas Feridas;Plena Noite;Crescente;Chuva;Dupla;Reta;Sim;2;0;1;0;0;1;1;2;-8,19512635;-35,56526542;SPRF-PE;DEL02-PE;UOP02-DEL02PE
614285;14/07/2024;domingo;01:30:00;AL;104;34,9;UNIAO DOS PALMARES;Animais na Pista;Atropelamento de Animal;Sem Vítimas;Plena Noite;Decrescente;Nublado;Simples;Reta;Sim;1;0;0;0;1;0;0;1;-9,15381;-36,01296413;SPRF-AL;DEL01-AL;UOP02-DEL01-AL
614287;14/07/2024;domingo;03:15:00;GO;153;702;ITUMBIARA;Ausência de sinalização;Saída de leito carroçável;Com Vítimas Feridas;Plena Noite;Decrescente;Vento;Dupla;"Interseção de Vias;Reta";Sim;5;0;5;0;0;0;5;1;-18,4103;-49,1965;SPRF-GO;DEL03-GO;UOP02-DEL03-GO
614288;14/07/2024;domingo;03:25:00;ES;101;255,4;SERRA;Reação tardia ou ineficiente do condutor;Colisão com objeto;Com Vítimas Feridas;Plena Noite;Crescente;Céu Claro;Múltipla;"Retorno Regulamentado;Reta";Sim;1;0;0;1;0;0;1;1;-20,11487935;-40,31943619;SPRF-ES;DEL02-ES;UOP01-DEL02-ES
614289;14/07/2024;domingo;03:20:00;SC;280;129,3;RIO NEGRINHO;Ingestão de álcool pelo condutor;Colisão com objeto;Sem Vítimas;Plena Noite;Crescente;Chuva;Simples;Ponte;Sim;1;0;0;0;1;0;0;1;-26,24586437;-49,52284615;SPRF-SC;DEL06-SC;UOP03-DEL06-SC
614290;14/07/2024;domingo;03:05:00;RJ;393;283,2;VOLTA REDONDA;Ingestão de álcool pelo condutor;Saída de leito carroçável;Com Vítimas Feridas;Plena Noite;Decrescente;Céu Claro;Simples;"Curva;Aclive";Não;1;0;1;0;0;0;1;1;-22,47606388;-44,04976392;SPRF-RJ;DEL05-RJ;UOP04-DEL05-RJ
614291;14/07/2024;domingo;02:50:00;RJ;101;482,4;ANGRA DOS REIS;Ausência de reação do condutor;Saída de leito carroçável;Com Vítimas Feridas;Plena Noite;Decrescente;Nublado;Simples;"Reta;Declive";Não;2;0;2;0;0;0;2;1;-23,00453;-44,29746;SPRF-RJ;DEL03-RJ;UOP03-DEL03-RJ
614292;14/07/2024;domingo;02:35:00;PR;369;165;CAMBE;Ingestão de álcool pelo condutor;Colisão lateral mesmo sentido;Sem Vítimas;Plena Noite;Crescente;Céu Claro;Dupla;Reta;Não;3;0;0;0;3;0;0;2;-23,29937855;-51,28692627;SPRF-PR;DEL07-PR;UOP01-DEL07-PR
614293;14/07/2024;domingo;03:15:00;BA;367;26,7;PORTO SEGURO;Acessar a via sem observar a presença dos outros veículos;Colisão transversal;Com Vítimas Feridas;Plena Noite;Decrescente;Céu Claro;Simples;"Reta;Interseção de Vias";Sim;5;0;2;2;1;0;4;2;-16,42631;-39,098927;SPRF-BA;DEL09-BA;UOP03-DEL09-BA
614294;13/07/2024;sábado;22:45:00;MS;376;40;VICENTINA;Ausência de reação do condutor;Colisão com objeto;Com Vítimas Feridas;Plena Noite;Decrescente;Céu Claro;Simples;"Declive;Reta";Não;2;0;1;0;0;1;1;2;-22,41636922;-54,41693508;SPRF-MS;DEL04-MS;UOP01-DEL04-MS
614295;14/07/2024;domingo;03:30:00;MS;262;407,3;TERENOS;Reação tardia ou ineficiente do condutor;Saída de leito carroçável;Com Vítimas Fatais;Plena Noite;Decrescente;Céu Claro;Simples;Reta;Não;5;1;2;2;0;0;4;1;-20,434107;-55,086245;SPRF-MS;DEL01-MS;UOP03-DEL01-MS
614297;12/07/2024;sexta-feira;21:00:00;BA;101;568;CAMACAN;Condutor Dormindo;Saída de leito carroçável;Com Vítimas Feridas;Plena Noite;Decrescente;Céu Claro;Simples;Curva;Não;2;0;1;0;1;0;1;1;-15,3853068;-39,48541982;SPRF-BA;DEL05-BA;UOP02-DEL05-BA
614298;14/07/2024;domingo;03:50:00;CE;116;56,1;PACAJUS;Manobra de mudança de faixa;Colisão frontal;Com Vítimas Fatais;Plena Noite;Decrescente;Céu Claro;Simples;Reta;Não;2;1;0;0;0;1;0;2;-4,21228207;-38,47322379;SPRF-CE;DEL03-CE;UOP02-DEL03-CE
614299;14/07/2024;domingo;03:10:00;RJ;493;118;ITAGUAI;Animais na Pista;Atropelamento de Animal;Sem Vítimas;Plena Noite;Crescente;Céu Claro;Dupla;Reta;Não;3;0;0;0;0;3;0;2;-22,85651069;-43,81195307;SPRF-RJ;DEL03-RJ;UOP01-DEL03-RJ
614300;14/07/2024;domingo;04:45:00;CE;116;482,2;MILAGRES;Condutor Dormindo;Tombamento;Com Vítimas Feridas;Amanhecer;Crescente;Céu Claro;Simples;Reta;Não;1;0;1;0;0;0;1;1;-7,30553661;-38,91991281;SPRF-CE;DEL05-CE;UOP03-DEL05-CE
614301;14/07/2024;domingo;05:04:00;PB;230;51;CRUZ DO ESPIRITO SANTO;Ingestão de álcool pelo condutor;Queda de ocupante de veículo;Com Vítimas Feridas;Amanhecer;Decrescente;Nublado;Dupla;Curva;Não;2;0;0;2;0;0;2;1;-7,1897;-35,0615;SPRF-PB;DEL01-PB;UOP03-DEL01-PB
614302;14/07/2024;domingo;05:15:00;RS;386;342,3;LAJEADO;Ausência de reação do condutor;Saída de leito carroçável;Sem Vítimas;Plena Noite;Crescente;Garoa/Chuvisco;Simples;"Em Obras;Reta";Sim;1;0;0;0;1;0;0;1;-29,431631;-52,011932;SPRF-RS;DEL04-RS;UOP01-DEL04-RS
614304;14/07/2024;domingo;04:00:00;GO;80;132;BARRO ALTO;Ingestão de álcool pelo condutor;Saída de leito carroçável;Sem Vítimas;Amanhecer;Crescente;Céu Claro;Dupla;Curva;Sim;1;0;0;0;1;0;0;1;-14,9827616;-48,9269646;SPRF-GO;DEL07-GO;UOP02-DEL07-GO
614306;14/07/2024;domingo;04:50:00;MT;364;362;SANTO ANTONIO DO LEVERGER;Condutor Dormindo;Saída de leito carroçável;Com Vítimas Feridas;Amanhecer;Decrescente;Nublado;Dupla;Declive;Não;1;0;1;0;0;0;1;1;-15,77586983;-55,64441204;SPRF-MT;DEL01-MT;UOP02-DEL01-MT
614307;14/07/2024;domingo;05:15:00;PR;277;255;IRATI;Ingestão de álcool pelo condutor;Saída de leito carroçável;Sem Vítimas;Amanhecer;Decrescente;Nublado;Simples;Reta;Não;1;0;0;0;1;0;0;1;-25,44165997;-50,698329;SPRF-PR;DEL08-PR;UOP02-DEL08-PR
614309;02/07/2024;terça-feira;14:00:00;RJ;101;317;SAO GONCALO;Condutor deixou de manter distância do veículo da frente;Colisão traseira;Sem Vítimas;Pleno dia;Crescente;Sol;Dupla;Reta;Sim;2;0;0;0;2;0;0;2;-22,83707798;-43,09492006;SPRF-RJ;DEL02-RJ;UOP02-DEL02-RJ
614310;14/07/2024;domingo;03:30:00;MG;116;538,4;SANTA RITA DE MINAS;Objeto estático sobre o leito carroçável;Colisão com objeto;Com Vítimas Feridas;Plena Noite;Decrescente;Céu Claro;Simples;Curva;Não;1;0;1;0;0;0;1;1;-19,87457783;-42,13216953;SPRF-MG;DEL06-MG;UOP02-DEL06-MG
614311;14/07/2024;domingo;03:40:00;MG;50;154;UBERABA;Condutor Dormindo;Colisão com objeto;Com Vítimas Feridas;Plena Noite;Decrescente;Céu Claro;Dupla;Reta;Não;2;0;0;1;1;0;1;1;-19,59976082;-48,02524854;SPRF-MG;DEL13-MG;UOP01-DEL13-MG
614312;14/07/2024;domingo;05:30:00;PR;116;50,5;CAMPINA GRANDE DO SUL;Reação tardia ou ineficiente do condutor;Saída de leito carroçável;Sem Vítimas;Plena Noite;Crescente;Garoa/Chuvisco;Dupla;Curva;Não;1;0;0;0;0;1;0;1;-25,23481696;-48,90807771;SPRF-PR;DEL01-PR;UOP02-DEL01-PR
614314;14/07/2024;domingo;05:00:00;MG;354;730,7;POUSO ALTO;Objeto estático sobre o leito carroçável;Colisão com objeto;Com Vítimas Feridas;Plena Noite;Crescente;Nublado;Simples;"Reta;Declive";Não;1;0;1;0;0;0;1;1;-22,1646781;-44,96415906;SPRF-MG;DEL17-MG;UOP01-DEL17-MG
614315;14/07/2024;domingo;05:40:00;RS;285;123,7;VACARIA;Reação tardia ou ineficiente do condutor;Saída de leito carroçável;Sem Vítimas;Plena Noite;Crescente;Garoa/Chuvisco;Simples;Reta;Não;1;0;0;0;0;1;0;1;-28,49606557;-50,95316626;SPRF-RS;DEL05-RS;UOP03-DEL05-RS
614316;13/07/2024;sábado;20:15:00;PR;163;140;CAPITAO LEONIDAS MARQUES;Velocidade Incompatível;Saída de leito carroçável;Sem Vítimas;Plena Noite;Decrescente;Chuva;Simples;Curva;Não;1;0;0;0;0;1;0;1;-25,49765306;-53,59938318;SPRF-PR;DEL05-PR;UOP05-DEL05-PR
614317;13/07/2024;sábado;18:15:00;PR;373;403;CANDOI;Reação tardia ou ineficiente do condutor;Capotamento;Com Vítimas Feridas;Anoitecer;Decrescente;Chuva;Simples;Reta;Não;7;0;6;0;1;0;6;1;-25,59357493;-52,05768381;SPRF-PR;DEL08-PR;UOP01-DEL08-PR
614318;14/07/2024;domingo;05:10:00;MS;60;538,2;NIOAQUE;Ingestão de álcool pelo condutor;Colisão com objeto;Com Vítimas Feridas;Pleno dia;Crescente;Céu Claro;Simples;Interseção de Vias;Não;1;0;0;1;0;0;1;1;-21,14904306;-55,8204651;SPRF-MS;DEL05-MS;UOP01-DEL05-MS
614320;14/07/2024;domingo;06:45:00;GO;60;58;ABADIANIA;Condutor Dormindo;Capotamento;Sem Vítimas;Pleno dia;Decrescente;Céu Claro;Dupla;Reta;Não;3;0;0;0;3;0;0;1;-16,1865;-48,6872;SPRF-GO;DEL02-GO;UOP01-DEL02-GO
614321;14/07/2024;domingo;01:50:00;SC;282;462,2;PONTE SERRADA;Ausência de reação do condutor;Colisão lateral sentido oposto;Com Vítimas Feridas;Plena Noite;Crescente;Chuva;Dupla;"Aclive;Reta";Sim;3;0;0;1;2;0;1;2;-26,860739;-52,026861;SPRF-SC;DEL07-SC;UOP04-DEL07-SC
614322;14/07/2024;domingo;05:40:00;PR;277;721;FOZ DO IGUACU;Reação tardia ou ineficiente do condutor;Saída de leito carroçável;Sem Vítimas;Amanhecer;Decrescente;Garoa/Chuvisco;Dupla;Reta;Sim;3;0;0;0;3;0;0;1;-25,48750984;-54,50317706;SPRF-PR;DEL05-PR;UOP03-DEL05-PR
614324;14/07/2024;domingo;07:15:00;ES;101;269,9;SERRA;Condutor deixou de manter distância do veículo da frente;Colisão traseira;Com Vítimas Feridas;Pleno dia;Crescente;Sol;Múltipla;Reta;Sim;2;0;1;0;0;1;1;2;-20,21740496;-40,26990578;SPRF-ES;DEL02-ES;UOP01-DEL02-ES
614325;14/07/2024;domingo;05:00:00;PA;316;202;SANTA LUZIA DO PARA;Ausência de reação do condutor;Saída de leito carroçável;Com Vítimas Feridas;Amanhecer;Crescente;Céu Claro;Simples;"Aclive;Reta";Não;5;0;0;5;0;0;5;1;-1,557249;-46,86926365;SPRF-PA;DEL01-PA;UOP03-DEL01-PA
614327;13/07/2024;sábado;22:30:00;RO;421;53;MONTE NEGRO;Reação tardia ou ineficiente do condutor;Saída de leito carroçável;Com Vítimas Feridas;Plena Noite;Crescente;Céu Claro;Simples;"Em Obras;Reta";Não;5;0;4;0;0;1;4;1;-10,282966;-63,313168;SPRF-RO;DEL03-RO;UOP01-DEL03-RO
614328;14/07/2024;domingo;07:10:00;SP;101;23,6;UBATUBA;Ausência de reação do condutor;Colisão lateral mesmo sentido;Com Vítimas Feridas;Pleno dia;Decrescente;Céu Claro;Simples;Reta;Não;4;0;2;0;1;1;2;4;-23,34534893;-44,94191408;SPRF-SP;DEL06-SP;UOP01-DEL06-SP
614329;13/07/2024;sábado;18:10:00;SP;381;55,7;MAIRIPORA;Pedestre andava na pista;Atropelamento de Pedestre;Com Vítimas Fatais;Plena Noite;Decrescente;Céu Claro;Dupla;Reta;Sim;2;1;0;0;1;0;0;2;-23,25207404;-46,59480386;SPRF-SP;DEL03-SP;UOP01-DEL03-SP
614330;14/07/2024;domingo;07:21:00;RS;470;181,1;VERANOPOLIS;Ingestão de álcool pelo condutor;Saída de leito carroçável;Com Vítimas Feridas;Pleno dia;Crescente;Garoa/Chuvisco;Simples;Reta;Não;4;0;4;0;0;0;4;1;-28,97313415;-51,56365161;SPRF-RS;DEL06-RS;UOP02-DEL06-RS
614331;14/07/2024;domingo;07:10:00;PR;376;158,9;MANDAGUACU;Manobra de mudança de faixa;Saída de leito carroçável;Com Vítimas Feridas;Pleno dia;Crescente;Nublado;Dupla;Reta;Sim;2;0;0;2;0;0;2;1;-23,36169997;-52,08593395;SPRF-PR;DEL09-PR;UOP01-DEL09-PR
614332;14/07/2024;domingo;06:40:00;PR;116;8,8;CAMPINA GRANDE DO SUL;Reação tardia ou ineficiente do condutor;Tombamento;Com Vítimas Fatais;Amanhecer;Crescente;Garoa/Chuvisco;Dupla;Reta;Sim;2;1;0;0;1;0;0;2;-25,3697;-49,1158;SPRF-PR;DEL01-PR;UOP02-DEL01-PR
614334;14/07/2024;domingo;07:15:00;MS;262;356;CAMPO GRANDE;Acumulo de areia ou detritos sobre o pavimento;Saída de leito carroçável;Sem Vítimas;Pleno dia;Crescente;Céu Claro;Simples;"Declive;Curva";Não;2;0;0;0;2;0;0;1;-20,54745913;-54,68046404;SPRF-MS;DEL01-MS;UOP03-DEL01-MS
614335;14/07/2024;domingo;07:35:00;SC;101;316;LAGUNA;Avarias e/ou desgaste excessivo no pneu;Colisão com objeto;Com Vítimas Feridas;Pleno dia;Crescente;Chuva;Múltipla;Curva;Não;1;0;0;1;0;0;1;1;-28,4252221;-48,85654449;SPRF-SC;DEL02-SC;UOP01-DEL02-SC
614336;14/07/2024;domingo;00:50:00;SC;282;522,1;XAXIM;Ingestão de álcool pelo condutor;Saída de leito carroçável;Sem Vítimas;Plena Noite;Decrescente;Garoa/Chuvisco;Simples;Reta;Não;1;0;0;0;0;1;0;1;-26,956238;-52,542637;SPRF-SC;DEL07-SC;UOP01-DEL07-SC
614337;13/07/2024;sábado;17:00:00;BA;110;239;OLINDINA;Pista esburacada;Saída de leito carroçável;Com Vítimas Feridas;Pleno dia;Crescente;Céu Claro;Simples;Reta;Não;3;0;3;0;0;0;3;1;-11,356341;-38,334884;SPRF-BA;DEL07-BA;UOP02-DEL07-BA
614338;14/07/2024;domingo;05:30:00;SC;480;127;CHAPECO;Ingestão de álcool pelo condutor;Colisão com objeto;Sem Vítimas;Plena Noite;Crescente;Garoa/Chuvisco;Dupla;Reta;Sim;2;0;0;0;2;0;0;1;-27,02885905;-52,63380035;SPRF-SC;DEL07-SC;UOP01-DEL07-SC
614339;14/07/2024;domingo;06:50:00;SC;101;132,4;BALNEARIO CAMBORIU;Acumulo de água sobre o pavimento;Colisão com objeto;Com Vítimas Feridas;Pleno dia;Crescente;Garoa/Chuvisco;Múltipla;Reta;Sim;1;0;1;0;0;0;1;1;-26,99654133;-48,65564711;SPRF-SC;DEL04-SC;UOP03-DEL04-SC
614343;14/07/2024;domingo;05:07:00;SC;101;136,2;BALNEARIO CAMBORIU;Pedestre cruzava a pista fora da faixa;Atropelamento de Pedestre;Com Vítimas Fatais;Amanhecer;Decrescente;Nublado;Múltipla;Curva;Sim;2;1;0;0;0;1;0;2;-27,008113;-48,617245;SPRF-SC;DEL04-SC;UOP03-DEL04-SC
614344;14/07/2024;domingo;06:00:00;RJ;116;177;SAO JOAO DE MERITI;Reação tardia ou ineficiente do condutor;Capotamento;Com Vítimas Feridas;Pleno dia;Crescente;Céu Claro;Múltipla;Reta;Sim;4;0;1;0;3;0;1;1;-22,78055198;-43,39208599;SPRF-RJ;DEL06-RJ;UOP01-DEL06-RJ
614346;14/07/2024;domingo;05:55:00;SC;282;593,4;CUNHA PORA;Reação tardia ou ineficiente do condutor;Saída de leito carroçável;Com Vítimas Feridas;Plena Noite;Crescente;Garoa/Chuvisco;Simples;Curva;Não;3;0;0;1;2;0;1;1;-26,82448921;-53,10559809;SPRF-SC;DEL07-SC;UOP02-DEL07-SC
614347;14/07/2024;domingo;02:20:00;MS;163;103,3;ITAQUIRAI;Ausência de reação do condutor;Colisão com objeto;Sem Vítimas;Plena Noite;Crescente;Céu Claro;Dupla;Rotatória;Não;5;0;0;0;0;5;0;2;-23,25402074;-54,22770482;SPRF-MS;DEL09-MS;UOP01-DEL09-MS
614348;14/07/2024;domingo;08:00:00;GO;60;99;ANAPOLIS;Desrespeitar a preferência no cruzamento;Colisão transversal;Com Vítimas Feridas;Pleno dia;Decrescente;Céu Claro;Simples;Rotatória;Sim;3;0;2;0;1;0;2;3;-16,3924;-48,9588;SPRF-GO;DEL02-GO;UOP01-DEL02-GO
614349;14/07/2024;domingo;08:10:00;SP;116;122;CACAPAVA;Condutor deixou de manter distância do veículo da frente;Colisão lateral mesmo sentido;Com Vítimas Feridas;Amanhecer;Decrescente;Céu Claro;Dupla;"Reta;Aclive";Não;2;0;1;0;1;0;1;2;-23,08192414;-45,66154591;SPRF-SP;DEL02-SP;UOP02-DEL02-SP
614350;14/07/2024;domingo;04:30:00;SE;101;173;SANTA LUZIA DO ITANHY;Ausência de reação do condutor;Saída de leito carroçável;Sem Vítimas;Amanhecer;Decrescente;Nublado;Simples;Curva;Não;1;0;0;0;0;1;0;1;-11,33297115;-37,58716499;SPRF-SE;DEL02-SE;UOP01-DEL02-SE
614353;14/07/2024;domingo;00:30:00;RS;116;141;CAXIAS DO SUL;Acumulo de óleo sobre o pavimento;Saída de leito carroçável;Com Vítimas Feridas;Plena Noite;Decrescente;Chuva;Dupla;Curva;Não;1;0;1;0;0;0;1;1;-29,11161425;-51,11040472;SPRF-RS;DEL05-RS;UOP01-DEL05-RS
614355;14/07/2024;domingo;05:45:00;MG;365;671,2;MONTE ALEGRE DE MINAS;Condutor Dormindo;Saída de leito carroçável;Com Vítimas Feridas;Amanhecer;Crescente;Céu Claro;Dupla;Reta;Não;1;0;1;0;0;0;1;1;-18,87919566;-48,74332477;SPRF-MG;DEL15-MG;UOP01-DEL15-MG
614356;07/06/2024;sexta-feira;16:00:00;PA;230;756;MEDICILANDIA;Reação tardia ou ineficiente do condutor;Colisão traseira;Com Vítimas Feridas;Pleno dia;Crescente;Céu Claro;Simples;"Declive;Reta";Não;4;0;2;0;1;1;2;2;-3,49825004;-52,98798598;SPRF-PA;DEL04-PA;UOP01-DEL04-PA
614357;14/07/2024;domingo;08:30:00;SC;282;67,7;RANCHO QUEIMADO;Velocidade Incompatível;Saída de leito carroçável;Com Vítimas Feridas;Pleno dia;Crescente;Chuva;Simples;"Declive;Curva";Não;4;0;2;0;2;0;2;1;-27,695963;-49,0695;SPRF-SC;DEL01-SC;UOP03-DEL01-SC
614358;14/07/2024;domingo;08:20:00;PR;369;372,6;MAMBORE;Condutor deixou de manter distância do veículo da frente;Colisão traseira;Sem Vítimas;Pleno dia;Decrescente;Céu Claro;Simples;Reta;Não;6;0;0;0;5;1;0;3;-24,277774;-52,524253;SPRF-PR;DEL09-PR;UOP03-DEL09-PR
614359;14/07/2024;domingo;08:40:00;RS;285;161,9;MUITOS CAPOES;Condutor Dormindo;Saída de leito carroçável;Com Vítimas Feridas;Pleno dia;Crescente;Céu Claro;Simples;Reta;Não;4;0;2;0;2;0;2;1;-28,32184;-51,237194;SPRF-RS;DEL05-RS;UOP03-DEL05-RS
614360;14/07/2024;domingo;09:20:00;SC;101;134;BALNEARIO CAMBORIU;Desrespeitar a preferência no cruzamento;Colisão transversal;Com Vítimas Feridas;Pleno dia;Crescente;Nublado;Múltipla;Interseção de Vias;Sim;2;0;1;0;1;0;1;2;-27,00216409;-48,63802493;SPRF-SC;DEL04-SC;UOP03-DEL04-SC
614361;14/07/2024;domingo;08:30:00;PR;116;40,1;CAMPINA GRANDE DO SUL;Avarias e/ou desgaste excessivo no pneu;Saída de leito carroçável;Com Vítimas Feridas;Pleno dia;Decrescente;Chuva;Dupla;Curva;Não;2;0;1;0;1;0;1;1;-25,16445203;-48,86237697;SPRF-PR;DEL01-PR;UOP02-DEL01-PR
614362;13/04/2024;sábado;18:35:00;SE;101;184,8;UMBAUBA;Transitar na contramão;Colisão frontal;Com Vítimas Fatais;Plena Noite;Decrescente;Nublado;Simples;"Reta;Aclive";Não;3;1;1;1;0;0;2;2;-11,39433203;-37,67508698;SPRF-SE;DEL02-SE;UOP03-DEL02-SE
614363;14/07/2024;domingo;07:00:00;CE;222;135,6;ITAPAJE;Demais falhas mecânicas ou elétricas;Incêndio;Sem Vítimas;Pleno dia;Decrescente;Céu Claro;Simples;Reta;Não;1;0;0;0;1;0;0;1;-3,73622251;-39,67622342;SPRF-CE;DEL04-CE;UOP03-DEL04-CE
614364;14/07/2024;domingo;10:23:00;GO;40;2;VALPARAISO DE GOIAS;Frear bruscamente;Queda de ocupante de veículo;Com Vítimas Feridas;Pleno dia;Crescente;Céu Claro;Dupla;Reta;Sim;1;0;1;0;0;0;1;1;-16,067129;-47,984235;SPRF-DF;DEL01-DF;UOP01-DEL01-DF
614366;14/07/2024;domingo;08:10:00;PR;376;221,7;JANDAIA DO SUL;Pista Escorregadia;Capotamento;Com Vítimas Feridas;Pleno dia;Crescente;Garoa/Chuvisco;Dupla;Curva;Não;4;0;2;0;2;0;2;1;-23,60010259;-51,58966138;SPRF-PR;DEL09-PR;UOP01-DEL09-PR
614367;14/07/2024;domingo;02:30:00;PR;277;681,9;SAO MIGUEL DO IGUACU;Ingestão de álcool pelo condutor;Saída de leito carroçável;Com Vítimas Feridas;Plena Noite;Crescente;Garoa/Chuvisco;Dupla;Reta;Não;1;0;1;0;0;0;1;1;-25,32705338;-54,17332888;SPRF-PR;DEL05-PR;UOP01-DEL05-PR
614368;07/07/2024;domingo;05:00:00;PR;369;188,1;ARAPONGAS;Ausência de reação do condutor;Saída de leito carroçável;Sem Vítimas;Plena Noite;Decrescente;Céu Claro;Dupla;Reta;Sim;1;0;0;0;0;1;0;1;-23,43706364;-51,42206359;SPRF-PR;DEL07-PR;UOP03-DEL07-PR
614369;14/07/2024;domingo;11:00:00;RJ;116;191;NOVA IGUACU;Ausência de reação do condutor;Colisão lateral mesmo sentido;Com Vítimas Fatais;Pleno dia;Decrescente;Céu Claro;Dupla;Reta;Sim;2;1;0;0;1;0;0;2;-22,74421443;-43,509822;SPRF-RJ;DEL06-RJ;UOP01-DEL06-RJ
614370;14/07/2024;domingo;11:05:00;PB;230;70;SOBRADO;Demais falhas mecânicas ou elétricas;Saída de leito carroçável;Com Vítimas Feridas;Pleno dia;Crescente;Céu Claro;Dupla;Reta;Não;5;0;2;0;3;0;2;1;-7,1919;-35,2261;SPRF-PB;DEL01-PB;UOP03-DEL01-PB
614373;14/07/2024;domingo;10:20:00;BA;101;726,4;EUNAPOLIS;Manobra de mudança de faixa;Colisão traseira;Com Vítimas Feridas;Pleno dia;Crescente;Céu Claro;Simples;Reta;Não;6;0;1;2;2;1;3;2;-16,3928153;-39,5795091;SPRF-BA;DEL09-BA;UOP01-DEL09-BA
614375;14/07/2024;domingo;11:30:00;RN;101;1,8;TOUROS;Manobra de mudança de faixa;Colisão traseira;Com Vítimas Feridas;Pleno dia;Decrescente;Céu Claro;Simples;Interseção de Vias;Não;2;0;1;0;1;0;1;2;-5,172567;-35,507132;SPRF-RN;DEL02-RN;UOP01-DEL02-RN
614376;14/07/2024;domingo;11:40:00;GO;153;499,8;GOIANIA;Objeto estático sobre o leito carroçável;Queda de ocupante de veículo;Com Vítimas Feridas;Pleno dia;Decrescente;Sol;Dupla;Reta;Sim;2;0;2;0;0;0;2;1;-16,7033;-49,2311;SPRF-GO;DEL01-GO;UOP01-DEL01-GO
614378;14/07/2024;domingo;09:43:00;MT;70;734;CACERES;Acessar a via sem observar a presença dos outros veículos;Atropelamento de Pedestre;Com Vítimas Feridas;Pleno dia;Decrescente;Céu Claro;Simples;"Interseção de Vias;Reta";Sim;2;0;1;0;1;0;1;2;-16,14353201;-57,65123904;SPRF-MT;DEL03-MT;UOP01-DEL03-MT
614380;14/07/2024;domingo;11:15:00;SC;101;359;SANGAO;Ausência de reação do condutor;Saída de leito carroçável;Com Vítimas Feridas;Pleno dia;Decrescente;Chuva;Múltipla;Reta;Não;1;0;1;0;0;0;1;1;-28,6584393;-49,10982549;SPRF-SC;DEL02-SC;UOP01-DEL02-SC
614381;14/07/2024;domingo;07:30:00;PI;407;552,3;JACOBINA DO PIAUI;Animais na Pista;Atropelamento de Animal;Com Vítimas Fatais;Pleno dia;Crescente;Céu Claro;Simples;Reta;Não;1;1;0;0;0;0;0;1;-7,97498;-41,18687;SPRF-PI;DEL04-PI;UOP01-DEL04-PI
614383;14/07/2024;domingo;12:20:00;RS;290;48,8;GLORINHA;Demais falhas mecânicas ou elétricas;Incêndio;Sem Vítimas;Pleno dia;Crescente;Garoa/Chuvisco;Dupla;Reta;Não;3;0;0;0;3;0;0;1;-29,891537;-50,720207;SPRF-RS;DEL03-RS;UOP01-DEL03-RS
614384;14/07/2024;domingo;12:20:00;MS;163;511;JARAGUARI;Reação tardia ou ineficiente do condutor;Tombamento;Com Vítimas Feridas;Pleno dia;Crescente;Céu Claro;Simples;"Declive;Reta";Não;3;0;1;0;2;0;1;1;-20,2366678;-54,47891707;SPRF-MS;DEL01-MS;UOP02-DEL01-MS
614385;14/07/2024;domingo;09:00:00;SP;116;565;BARRA DO TURVO;Reação tardia ou ineficiente do condutor;Colisão com objeto;Com Vítimas Feridas;Pleno dia;Crescente;Nublado;Simples;Curva;Não;1;0;1;0;0;0;1;1;-25,0358686;-48,54404396;SPRF-SP;DEL05-SP;UOP02-DEL05-SP