id;data_inversa;dia_semana;horario;uf;br;km;municipio;causa_acidente;tipo_acidente;classificacao_acidente;fase_dia;sentido_via;condicao_metereologica;tipo_pista;tracado_via;uso_solo;pessoas;mortos;feridos_leves;feridos_graves;ilesos;ignorados;feridos;veiculos;latitude;longitude;regional;delegacia;uop
614617;15/07/2024;segunda-feira;09:45:00;PR;277;43,5;MORRETES;Reação tardia ou ineficiente do condutor;Capotamento;Com Vítimas Feridas;Pleno dia;Crescente;Nevoeiro/Neblina;Dupla;Curva;Não;1;0;1;0;0;0;1;1;-25,59379599;-48,88456398;SPRF-PR;DEL01-PR;UOP01-DEL01-PR
614618;15/07/2024;segunda-feira;11:30:00;PB;116;10,1;CACHOEIRA DOS INDIOS;Conversão proibida;Colisão frontal;Com Vítimas Feridas;Pleno dia;Crescente;Sol;Simples;Curva;Não;5;0;4;0;1;0;4;2;-6,97696;-38,73984;SPRF-CE;DEL05-CE;UOP03-DEL05-CE
614619;07/07/2024;domingo;04:40:00;BA;407;150;FILADELFIA;Transitar no Acostamento;Queda de ocupante de veículo;Com Vítimas Fatais;Plena Noite;Decrescente;Céu Claro;Simples;Reta;Não;1;1;0;0;0;0;0;1;-10,65927801;-40,12812518;SPRF-BA;DEL04-BA;UOP01-DEL04-BA
614620;15/07/2024;segunda-feira;11:10:00;RJ;101;322;NITEROI;Transitar na contramão;Colisão frontal;Com Vítimas Feridas;Pleno dia;Crescente;Nublado;Múltipla;Reta;Não;2;0;1;0;0;1;1;2;-22,878923;-43,110676;SPRF-RJ;DEL02-RJ;UOP01-DEL02-RJ
614621;15/07/2024;segunda-feira;11:15:00;BA;101;865;TEIXEIRA DE FREITAS;Velocidade Incompatível;Capotamento;Com Vítimas Feridas;Pleno dia;Crescente;Céu Claro;Simples;Reta;Não;3;0;1;0;2;0;1;1;-17,63887799;-39,76941611;SPRF-BA;DEL09-BA;UOP02-DEL09-BA
614622;15/07/2024;segunda-feira;12:45:00;PR;116;122,8;CURITIBA;Velocidade Incompatível;Saída de leito carroçável;Com Vítimas Feridas;Pleno dia;Crescente;Garoa/Chuvisco;Dupla;"Declive;Retorno Regulamentado;Curva";Sim;2;0;1;0;1;0;1;1;-25,6099878;-49,31942403;SPRF-PR;DEL01-PR;UOP03-DEL01-PR
614624;15/07/2024;segunda-feira;12:45:00;RJ;116;62;TERESOPOLIS;Condutor deixou de manter distância do veículo da frente;Colisão traseira;Com Vítimas Feridas;Pleno dia;Crescente;Céu Claro;Simples;Reta;Não;4;0;1;0;3;0;1;2;-22,25254197;-42,91927708;SPRF-RJ;DEL04-RJ;UOP01-DEL04-RJ
614625;15/07/2024;segunda-feira;10:20:00;RJ;101;500;ANGRA DOS REIS;Acessar a via sem observar a presença dos outros veículos;Colisão transversal;Com Vítimas Feridas;Pleno dia;Decrescente;Nublado;Simples;Curva;Sim;3;0;2;0;1;0;2;2;-22,91719505;-44,35485495;SPRF-RJ;DEL03-RJ;UOP03-DEL03-RJ
614626;15/07/2024;segunda-feira;13:20:00;PR;116;122;CURITIBA;Reação tardia ou ineficiente do condutor;Colisão traseira;Com Vítimas Feridas;Pleno dia;Crescente;Chuva;Dupla;Reta;Não;2;0;1;0;1;0;1;2;-25,56857207;-49,31023179;SPRF-PR;DEL01-PR;UOP03-DEL01-PR
614628;15/07/2024;segunda-feira;11:00:00;MG;381;427,1;CAETE;Reação tardia ou ineficiente do condutor;Tombamento;Com Vítimas Feridas;Pleno dia;Crescente;Céu Claro;Dupla;Curva;Não;1;0;1;0;0;0;1;1;-19,7927912;-43,68009567;SPRF-MG;DEL01-MG;UOP01-DEL01-MG
614630;15/07/2024;segunda-feira;12:52:00;RN;101;109;PARNAMIRIM;Acessar a via sem observar a presença dos outros veículos;Colisão transversal;Sem Vítimas;Pleno dia;Decrescente;Céu Claro;Dupla;Interseção de Vias;Sim;2;0;0;0;2;0;0;2;-5,937378;-35,26483;SPRF-RN;DEL01-RN;UOP01-DEL01-RN
614631;15/07/2024;segunda-feira;12:50:00;MG;116;414,3;GOVERNADOR VALADARES;Acessar a via sem observar a presença dos outros veículos;Colisão transversal;Com Vítimas Feridas;Pleno dia;Decrescente;Céu Claro;Simples;"Interseção de Vias;Reta";Sim;2;0;1;0;1;0;1;2;-18,88441471;-41,94800301;SPRF-MG;DEL06-MG;UOP01-DEL06-MG
614632;15/07/2024;segunda-feira;13:10:00;SC;101;204,7;SAO JOSE;Reação tardia ou ineficiente do condutor;Colisão traseira;Sem Vítimas;Pleno dia;Crescente;Garoa/Chuvisco;Múltipla;"Aclive;Reta";Sim;3;0;0;0;3;0;0;2;-27,57413014;-48,61363083;SPRF-SC;DEL01-SC;UOP01-DEL01-SC
614637;15/07/2024;segunda-feira;09:20:00;SP;116;499;CAJATI;Reação tardia ou ineficiente do condutor;Capotamento;Com Vítimas Feridas;Pleno dia;Crescente;Chuva;Simples;Curva;Não;2;0;1;0;1;0;1;1;-24,78228753;-48,17695233;SPRF-SP;DEL05-SP;UOP02-DEL05-SP
614638;15/07/2024;segunda-feira;13:30:00;PE;101;142;RIBEIRAO;Ausência de reação do condutor;Colisão com objeto;Com Vítimas Feridas;Pleno dia;Crescente;Céu Claro;Dupla;Reta;Não;1;0;1;0;0;0;1;1;-8,44588505;-35,34144498;SPRF-PE;DEL01-PE;UOP03-DEL01-PE
614641;15/07/2024;segunda-feira;13:00:00;MG;267;209,4;BOM JARDIM DE MINAS;Ausência de reação do condutor;Saída de leito carroçável;Com Vítimas Feridas;Pleno dia;Decrescente;Céu Claro;Simples;"Curva;Aclive";Não;2;0;2;0;0;0;2;1;-21,94402647;-44,15778412;SPRF-MG;DEL05-MG;UOP01-DEL05-MG
614642;15/07/2024;segunda-feira;11:25:00;SP;116;560;BARRA DO TURVO;Reação tardia ou ineficiente do condutor;Colisão com objeto;Com Vítimas Feridas;Pleno dia;Crescente;Chuva;Dupla;"Declive;Curva";Não;3;0;2;0;1;0;2;1;-25,01571198;-48,50929106;SPRF-SP;DEL05-SP;UOP02-DEL05-SP
614645;15/07/2024;segunda-feira;12:00:00;RO;364;354;JI-PARANA;Condutor deixou de manter distância do veículo da frente;Queda de ocupante de veículo;Com Vítimas Feridas;Pleno dia;Decrescente;Sol;Simples;"Aclive;Reta";Não;1;0;1;0;0;0;1;1;-10,81618198;-62,01768595;SPRF-RO;DEL02-RO;UOP01-DEL02-RO
614647;15/07/2024;segunda-feira;14:30:00;RJ;40;111;DUQUE DE CAXIAS;Manobra de mudança de faixa;Queda de ocupante de veículo;Com Vítimas Feridas;Pleno dia;Decrescente;Nublado;Dupla;Reta;Sim;2;0;2;0;0;0;2;1;-22,691868;-43,287453;SPRF-RJ;DEL01-RJ;UOP02-DEL01-RJ
614648;15/07/2024;segunda-feira;14:45:00;PE;101;66,7;RECIFE;Trafegar com motocicleta (ou similar) entre as faixas;Tombamento;Com Vítimas Feridas;Pleno dia;Decrescente;Sol;Múltipla;Reta;Sim;1;0;0;1;0;0;1;1;-8,042537;-34,94324;SPRF-PE;DEL01-PE;UOP01-DEL01-PE
614649;15/07/2024;segunda-feira;14:30:00;PR;277;113;CAMPO LARGO;Ausência de reação do condutor;Saída de leito carroçável;Com Vítimas Feridas;Pleno dia;Crescente;Chuva;Dupla;Reta;Não;1;0;1;0;0;0;1;1;-25,446672;-49,48766;SPRF-PR;DEL03-PR;UOP03-DEL03-PR
614651;15/07/2024;segunda-feira;15:00:00;SP;381;78,5;SAO PAULO;Reação tardia ou ineficiente do condutor;Colisão com objeto;Com Vítimas Feridas;Pleno dia;Crescente;Céu Claro;Dupla;Curva;Não;1;0;1;0;0;0;1;1;-23,39620774;-46,57355227;SPRF-SP;DEL03-SP;UOP01-DEL03-SP
614652;15/07/2024;segunda-feira;15:00:00;SP;381;26,6;ATIBAIA;Ausência de reação do condutor;Colisão traseira;Sem Vítimas;Pleno dia;Crescente;Sol;Dupla;Reta;Sim;3;0;0;0;3;0;0;3;-23,0301632;-46,53943956;SPRF-SP;DEL03-SP;UOP02-DEL03-SP
614653;15/07/2024;segunda-feira;15:28:00;ES;101;257;SERRA;Acessar a via sem observar a presença dos outros veículos;Colisão traseira;Com Vítimas Feridas;Pleno dia;Decrescente;Sol;Dupla;"Reta;Aclive";Sim;2;0;1;0;0;1;1;2;-20,12455095;-40,30331881;SPRF-ES;DEL02-ES;UOP01-DEL02-ES
614654;15/07/2024;segunda-feira;15:50:00;PR;376;531,9;PALMEIRA;Velocidade Incompatível;Saída de leito carroçável;Com Vítimas Feridas;Pleno dia;Decrescente;Chuva;Dupla;Curva;Não;2;0;1;0;1;0;1;1;-25,307;-49,888;SPRF-PR;DEL03-PR;UOP03-DEL03-PR
614655;10/06/2024;segunda-feira;18:05:00;RJ;116;202;QUEIMADOS;Acumulo de areia ou detritos sobre o pavimento;Queda de ocupante de veículo;Com Vítimas Feridas;Anoitecer;Decrescente;Céu Claro;Dupla;Curva;Não;2;0;1;0;1;0;1;2;-22,72996588;-43,61317403;SPRF-RJ;DEL06-RJ;UOP02-DEL06-RJ
614656;15/07/2024;segunda-feira;15:00:00;GO;153;331;JARAGUA;Ultrapassagem Indevida;Tombamento;Sem Vítimas;Pleno dia;Decrescente;Céu Claro;Simples;Aclive;Não;3;0;0;0;3;0;0;1;-15,530048;-49,453377;SPRF-GO;DEL02-GO;UOP02-DEL02-GO
614657;15/07/2024;segunda-feira;16:00:00;RS;470;232;BENTO GONCALVES;Desrespeitar a preferência no cruzamento;Colisão transversal;Com Vítimas Feridas;Pleno dia;Crescente;Céu Claro;Múltipla;Reta;Não;4;0;1;0;3;0;1;2;-29,23579206;-51,51193423;SPRF-RS;DEL06-RS;UOP01-DEL06-RS
614658;15/07/2024;segunda-feira;16:35:00;RS;386;317,2;MARQUES DE SOUZA;Desrespeitar a preferência no cruzamento;Colisão transversal;Com Vítimas Feridas;Anoitecer;Decrescente;Céu Claro;Simples;"Reta;Interseção de Vias;Aclive";Não;4;0;1;0;3;0;1;2;-29,263786;-52,145988;SPRF-RS;DEL04-RS;UOP01-DEL04-RS
614659;15/07/2024;segunda-feira;16:30:00;DF;70;14;BRASILIA;Reação tardia ou ineficiente do condutor;Colisão transversal;Com Vítimas Feridas;Pleno dia;Decrescente;Céu Claro;Dupla;"Interseção de Vias;Rotatória;Curva";Não;2;0;1;0;1;0;1;2;-15,797312;-48,176056;SPRF-DF;DEL03-DF;UOP02-DEL03-DF
614661;15/07/2024;segunda-feira;16:43:00;MG;365;8;MONTES CLAROS;Pista Escorregadia;Queda de ocupante de veículo;Com Vítimas Feridas;Pleno dia;Decrescente;Céu Claro;Simples;"Aclive;Reta";Não;2;0;0;1;1;0;1;1;-16,78382;-43,890787;SPRF-MG;DEL12-MG;UOP01-DEL12-MG
614662;15/07/2024;segunda-feira;17:10:00;SP;381;72;MAIRIPORA;Reação tardia ou ineficiente do condutor;Colisão traseira;Com Vítimas Feridas;Pleno dia;Crescente;Céu Claro;Dupla;"Reta;Túnel";Não;2;0;1;0;1;0;1;2;-23,35761806;-46,54970281;SPRF-SP;DEL03-SP;UOP01-DEL03-SP
614663;15/07/2024;segunda-feira;09:05:00;RJ;116;177;SAO JOAO DE MERITI;Demais falhas mecânicas ou elétricas;Queda de ocupante de veículo;Com Vítimas Feridas;Pleno dia;Crescente;Céu Claro;Dupla;Reta;Não;2;0;0;1;1;0;1;1;-22,78055198;-43,39208599;SPRF-RJ;DEL06-RJ;UOP01-DEL06-RJ
614664;15/07/2024;segunda-feira;15:45:00;BA;116;425,5;FEIRA DE SANTANA;Conversão proibida;Colisão transversal;Com Vítimas Feridas;Pleno dia;Crescente;Céu Claro;Dupla;Reta;Sim;2;0;1;0;1;0;1;2;-12,2479244;-38,98761874;SPRF-BA;DEL02-BA;UOP01-DEL02-BA
614666;15/07/2024;segunda-feira;14:20:00;MT;174;440;COMODORO;Condutor Dormindo;Saída de leito carroçável;Com Vítimas Feridas;Pleno dia;Decrescente;Céu Claro;Simples;Reta;Não;1;0;1;0;0;0;1;1;-14,06041309;-59,74384042;SPRF-MT;DEL04-MT;UOP02-DEL04-MT
614667;15/07/2024;segunda-feira;17:20:00;MG;381;484;BETIM;Reação tardia ou ineficiente do condutor;Tombamento;Com Vítimas Feridas;Pleno dia;Crescente;Céu Claro;Múltipla;Reta;Sim;1;0;1;0;0;0;1;1;-19,95644414;-44,13611598;SPRF-MG;DEL01-MG;UOP03-DEL01-MG
614668;15/07/2024;segunda-feira;16:40:00;RS;290;85,8;PORTO ALEGRE;Demais falhas mecânicas ou elétricas;Tombamento;Com Vítimas Feridas;Pleno dia;Decrescente;Nublado;Múltipla;Reta;Não;2;0;2;0;0;0;2;1;-29,968733;-51,113945;SPRF-RS;DEL01-RS;UOP01-DEL01-RS
614669;15/07/2024;segunda-feira;17:36:00;BA;324;612;SALVADOR;Chuva;Queda de ocupante de veículo;Com Vítimas Feridas;Anoitecer;Decrescente;Chuva;Dupla;Reta;Não;1;0;1;0;0;0;1;1;-12,84664721;-38,41741648;SPRF-BA;DEL01-BA;UOP01-DEL01-BA
614672;15/07/2024;segunda-feira;16:19:00;DF;60;3;BRASILIA;Avarias e/ou desgaste excessivo no pneu;Saída de leito carroçável;Com Vítimas Feridas;Pleno dia;Decrescente;Céu Claro;Dupla;Reta;Sim;2;0;2;0;0;0;2;1;-15,890521;-48,086864;SPRF-DF;DEL03-DF;UOP01-DEL03-DF
614673;15/07/2024;segunda-feira;16:10:00;RJ;465;19,9;NOVA IGUACU;Ausência de reação do condutor;Colisão transversal;Com Vítimas Feridas;Pleno dia;Decrescente;Nublado;Simples;Reta;Sim;4;0;2;0;2;0;2;2;-22,846828;-43,605339;SPRF-RJ;DEL06-RJ;UOP02-DEL06-RJ
614674;15/07/2024;segunda-feira;16:00:00;PR;153;322;IRATI;Acumulo de água sobre o pavimento;Saída de leito carroçável;Com Vítimas Feridas;Pleno dia;Crescente;Chuva;Simples;Curva;Não;1;0;1;0;0;0;1;1;-25,38763877;-50,61741169;SPRF-PR;DEL08-PR;UOP02-DEL08-PR
614675;15/07/2024;segunda-feira;15:41:00;SP;116;509;CAJATI;Reação tardia ou ineficiente do condutor;Saída de leito carroçável;Com Vítimas Feridas;Pleno dia;Crescente;Chuva;Simples;"Curva;Aclive";Não;1;0;1;0;0;0;1;1;-24,82178987;-48,21419034;SPRF-SP;DEL05-SP;UOP02-DEL05-SP
614676;15/07/2024;segunda-feira;17:15:00;PR;158;533;PATO BRANCO;Mal súbito do condutor;Saída de leito carroçável;Com Vítimas Feridas;Anoitecer;Crescente;Nublado;Simples;Reta;Sim;1;0;1;0;0;0;1;1;-26,21972809;-52,68262891;SPRF-PR;DEL02-PR;UOP01-DEL02-PR
614677;15/07/2024;segunda-feira;17:15:00;MG;40;796;JUIZ DE FORA;Velocidade Incompatível;Tombamento;Com Vítimas Feridas;Pleno dia;Crescente;Céu Claro;Dupla;Curva;Não;1;0;1;0;0;0;1;1;-21,81119295;-43,394771;SPRF-MG;DEL05-MG;UOP01-DEL05-MG
614678;15/07/2024;segunda-feira;17:30:00;RS;153;51;ERECHIM;Condutor deixou de manter distância do veículo da frente;Colisão traseira;Com Vítimas Feridas;Plena Noite;Crescente;Nublado;Simples;Reta;Sim;2;0;0;1;1;0;1;2;-27,66024898;-52,28414106;SPRF-RS;DEL08-RS;UOP04-DEL08-RS
614679;04/07/2024;quinta-feira;08:00:00;BA;101;227;CONCEICAO DO ALMEIDA;Acessar a via sem observar a presença dos outros veículos;Colisão lateral mesmo sentido;Com Vítimas Feridas;Pleno dia;Decrescente;Céu Claro;Simples;Reta;Não;3;0;0;1;2;0;1;2;-12,8087147;-39,19944735;SPRF-BA;DEL01-BA;UOP02-DEL01-BA
614680;15/07/2024;segunda-feira;18:05:00;DF;70;8;BRASILIA;Acessar a via sem observar a presença dos outros veículos;Colisão transversal;Com Vítimas Feridas;Anoitecer;Crescente;Céu Claro;Dupla;"Interseção de Vias;Reta";Sim;2;0;1;0;1;0;1;2;-15,78555327;-48,12036395;SPRF-DF;DEL03-DF;UOP02-DEL03-DF
614681;15/07/2024;segunda-feira;17:17:00;RO;319;57;PORTO VELHO;Demais falhas mecânicas ou elétricas;Incêndio;Sem Vítimas;Pleno dia;Crescente;Céu Claro;Simples;Ponte;Não;1;0;0;0;1;0;0;1;-8,739714;-63,93214024;SPRF-RO;DEL01-RO;UOP01-DEL01-RO
614682;15/07/2024;segunda-feira;17:35:00;BA;235;34,6;PEDRO ALEXANDRE;Pista esburacada;Colisão lateral mesmo sentido;Com Vítimas Fatais;Plena Noite;Crescente;Nublado;Simples;Reta;Não;3;1;1;0;1;0;1;2;-10,14272629;-37,96879033;SPRF-SE;DEL01-SE;UOP02-DEL01-SE
614685;15/07/2024;segunda-feira;17:30:00;RJ;101;556,7;PARATY;Acumulo de óleo sobre o pavimento;Colisão frontal;Com Vítimas Feridas;Anoitecer;Decrescente;Chuva;Simples;Curva;Não;3;0;0;2;1;0;2;2;-23,09015419;-44,69409943;SPRF-RJ;DEL03-RJ;UOP04-DEL03-RJ
614687;15/07/2024;segunda-feira;18:00:00;DF;70;7,8;BRASILIA;Trafegar com motocicleta (ou similar) entre as faixas;Colisão lateral mesmo sentido;Com Vítimas Feridas;Anoitecer;Crescente;Céu Claro;Dupla;Reta;Sim;2;0;1;0;1;0;1;2;-15,787601;-48,114429;SPRF-DF;DEL03-DF;UOP02-DEL03-DF
614688;15/07/2024;segunda-feira;18:10:00;BA;367;26;PORTO SEGURO;Acessar a via sem observar a presença dos outros veículos;Colisão transversal;Com Vítimas Feridas;Plena Noite;Crescente;Ignorado;Simples;Reta;Sim;2;0;0;1;1;0;1;2;-16,43071712;-39,09561713;SPRF-BA;DEL09-BA;UOP03-DEL09-BA
614691;15/07/2024;segunda-feira;15:49:00;SC;282;344,7;CAMPOS NOVOS;Reação tardia ou ineficiente do condutor;Engavetamento;Com Vítimas Feridas;Pleno dia;Crescente;Céu Claro;Simples;"Reta;Em Obras";Sim;5;0;0;1;4;0;1;4;-27,38205669;-51,23920441;SPRF-SC;DEL07-SC;UOP06-DEL07-SC
614694;02/06/2024;domingo;20:15:00;PR;277;84;CURITIBA;Velocidade Incompatível;Tombamento;Com Vítimas Feridas;Plena Noite;Decrescente;Céu Claro;Dupla;Reta;Sim;3;0;2;0;1;0;2;2;-25,568939;-49,181978;SPRF-PR;DEL01-PR;UOP07-DEL01-PR
614696;15/07/2024;segunda-feira;19:15:00;BA;116;827;VITORIA DA CONQUISTA;Acessar a via sem observar a presença dos outros veículos;Colisão transversal;Com Vítimas Feridas;Plena Noite;Crescente;Céu Claro;Simples;"Interseção de Vias;Reta";Não;2;0;1;0;1;0;1;2;-14,88845631;-40,86087054;SPRF-BA;DEL08-BA;UOP01-DEL08-BA
614697;15/07/2024;segunda-feira;18:45:00;MG;116;528,5;CARATINGA;Conversão proibida;Colisão transversal;Com Vítimas Feridas;Plena Noite;Decrescente;Nublado;Simples;"Declive;Reta;Interseção de Vias";Sim;3;0;1;1;0;1;2;3;-19,794033;-42,13731414;SPRF-MG;DEL06-MG;UOP02-DEL06-MG
614698;15/07/2024;segunda-feira;19:00:00;MT;364;401;CUIABA;Acessar a via sem observar a presença dos outros veículos;Colisão transversal;Sem Vítimas;Plena Noite;Decrescente;Céu Claro;Múltipla;"Retorno Regulamentado;Reta";Sim;2;0;0;0;2;0;0;2;-15,67210033;-55,94649314;SPRF-MT;DEL01-MT;UOP02-DEL01-MT
614699;15/07/2024;segunda-feira;16:00:00;GO;452;32;RIO VERDE;Acessar a via sem observar a presença dos outros veículos;Colisão transversal;Sem Vítimas;Pleno dia;Decrescente;Sol;Simples;Reta;Não;2;0;0;0;2;0;0;2;-17,90785488;-50,62796394;SPRF-GO;DEL04-GO;UOP01-DEL04-GO
614700;15/07/2024;segunda-feira;19:10:00;RJ;40;59;PETROPOLIS;Transitar na contramão;Colisão frontal;Com Vítimas Feridas;Plena Noite;Crescente;Céu Claro;Dupla;Curva;Sim;2;0;1;1;0;0;2;2;-22,38628773;-43,13543464;SPRF-RJ;DEL05-RJ;UOP02-DEL05-RJ
614703;15/07/2024;segunda-feira;18:10:00;SP;116;145;SAO JOSE DOS CAMPOS;Reação tardia ou ineficiente do condutor;Colisão com objeto;Com Vítimas Feridas;Plena Noite;Decrescente;Céu Claro;Dupla;Reta;Sim;1;0;1;0;0;0;1;1;-23,1869844;-45,8548078;SPRF-SP;DEL02-SP;UOP01-DEL02-SP
614705;15/07/2024;segunda-feira;18:50:00;MS;163;492,3;CAMPO GRANDE;Conversão proibida;Colisão lateral mesmo sentido;Com Vítimas Feridas;Plena Noite;Crescente;Céu Claro;Dupla;Reta;Sim;5;0;1;1;3;0;2;2;-20,36949987;-54,5320492;SPRF-MS;DEL01-MS;UOP02-DEL01-MS
614707;15/07/2024;segunda-feira;18:45:00;PB;230;1,8;CAMPINA GRANDE;Reação tardia ou ineficiente do condutor;Colisão traseira;Com Vítimas Feridas;Plena Noite;Decrescente;Céu Claro;Simples;"Aclive;Reta";Sim;3;0;1;0;2;0;1;2;-7,20837135;-35,94656702;SPRF-PB;DEL01-PB;UOP01-DEL01-PB
614709;15/07/2024;segunda-feira;16:00:00;RN;226;84;TANGARA;Ingestão de álcool pelo condutor;Colisão com objeto;Sem Vítimas;Pleno dia;Crescente;Céu Claro;Simples;Reta;Não;2;0;0;0;2;0;0;2;-6,2006615;-35,80223322;SPRF-RN;DEL03-RN;UOP02-DEL03-RN
614710;15/07/2024;segunda-feira;18:00:00;SC;282;585,5;PINHALZINHO;Afundamento ou ondulação no pavimento;Queda de ocupante de veículo;Com Vítimas Feridas;Anoitecer;Decrescente;Nublado;Simples;"Curva;Em Obras";Não;1;0;0;1;0;0;1;1;-26,830591;-53,025528;SPRF-SC;DEL07-SC;UOP02-DEL07-SC
614713;15/07/2024;segunda-feira;16:30:00;MS;487;33,4;ITAQUIRAI;Ausência de reação do condutor;Engavetamento;Com Vítimas Feridas;Pleno dia;Crescente;Céu Claro;Simples;"Reta;Aclive";Não;4;0;1;0;3;0;1;3;-23,26096248;-53,92621994;SPRF-MS;DEL09-MS;UOP01-DEL09-MS
614714;03/07/2024;quarta-feira;19:00:00;BA;367;23;PORTO SEGURO;Ultrapassagem Indevida;Colisão frontal;Sem Vítimas;Plena Noite;Decrescente;Nublado;Simples;Reta;Sim;2;0;0;0;2;0;0;2;-16,43517732;-39,07201198;SPRF-BA;DEL09-BA;UOP03-DEL09-BA
614717;15/07/2024;segunda-feira;20:05:00;MT;163;831,2;SINOP;Pedestre - Ingestão de álcool/ substâncias psicoativas;Atropelamento de Pedestre;Com Vítimas Feridas;Plena Noite;Decrescente;Céu Claro;Dupla;Reta;Sim;3;0;1;0;2;0;1;2;-11,895;-55,504;SPRF-MT;DEL06-MT;UOP02-DEL06-MT
614718;15/07/2024;segunda-feira;21:30:00;SC;101;214;PALHOCA;Acessar a via sem observar a presença dos outros veículos;Colisão transversal;Com Vítimas Feridas;Plena Noite;Decrescente;Chuva;Simples;Interseção de Vias;Sim;2;0;0;1;0;1;1;2;-27,64443;-48,67057;SPRF-SC;DEL01-SC;UOP02-DEL01-SC
614719;15/07/2024;segunda-feira;16:00:00;MG;262;164;SAO DOMINGOS DO PRATA;Demais falhas mecânicas ou elétricas;Incêndio;Sem Vítimas;Pleno dia;Crescente;Céu Claro;Simples;"Em Obras;Reta";Não;1;0;0;0;1;0;0;1;-19,95541508;-42,86991009;SPRF-MG;DEL03-MG;UOP03-DEL03-MG
614720;15/07/2024;segunda-feira;20:35:00;PE;104;61;CARUARU;Velocidade Incompatível;Colisão com objeto;Sem Vítimas;Plena Noite;Decrescente;Nublado;Dupla;Retorno Regulamentado;Sim;4;0;0;0;4;0;0;2;-8,2529;-35,9751;SPRF-PE;DEL02-PE;UOP01-DEL02-PE
614721;15/07/2024;segunda-feira;20:10:00;SC;280;165;MAFRA;Ausência de reação do condutor;Colisão com objeto;Com Vítimas Feridas;Plena Noite;Decrescente;Garoa/Chuvisco;Simples;Reta;Sim;1;0;1;0;0;0;1;1;-26,17500493;-49,81759071;SPRF-SC;DEL06-SC;UOP01-DEL06-SC
614722;15/07/2024;segunda-feira;21:00:00;GO;60;197,1;GUAPO;Demais falhas mecânicas ou elétricas;Incêndio;Sem Vítimas;Plena Noite;Crescente;Céu Claro;Dupla;Reta;Não;1;0;0;0;0;1;0;1;-16,8546;-49,5945;SPRF-GO;DEL01-GO;UOP02-DEL01-GO
614724;15/07/2024;segunda-feira;18:50:00;RS;287;330;SAO VICENTE DO SUL;Desrespeitar a preferência no cruzamento;Colisão frontal;Com Vítimas Feridas;Plena Noite;Decrescente;Nublado;Simples;"Interseção de Vias;Curva";Sim;4;0;3;0;1;0;3;2;-29,68462274;-54,66544747;SPRF-RS;DEL12-RS;UOP02-DEL12-RS
614725;15/07/2024;segunda-feira;21:40:00;PE;407;127;PETROLINA;Condutor desrespeitou a iluminação vermelha do semáforo;Colisão transversal;Com Vítimas Feridas;Plena Noite;Crescente;Céu Claro;Simples;"Em Obras;Interseção de Vias;Reta";Sim;2;0;0;1;1;0;1;2;-9,3908678;-40,52038627;SPRF-PE;DEL06-PE;UOP01-DEL06-PE
614726;15/07/2024;segunda-feira;19:40:00;RS;290;222,4;PANTANO GRANDE;Reação tardia ou ineficiente do condutor;Colisão com objeto;Sem Vítimas;Plena Noite;Decrescente;Céu Claro;Simples;"Reta;Ponte";Não;1;0;0;0;1;0;0;1;-30,201563;-52,437401;SPRF-RS;DEL02-RS;UOP03-DEL02-RS
614727;15/07/2024;segunda-feira;21:46:00;GO;364;30;PARANAIGUARA;Animais na Pista;Atropelamento de Animal;Com Vítimas Feridas;Plena Noite;Decrescente;Céu Claro;Simples;Reta;Não;2;0;1;0;1;0;1;1;-18,891054;-50,735289;SPRF-GO;DEL05-GO;UOP02-DEL05-GO
614728;08/05/2024;quarta-feira;10:41:00;RO;364;424;JARU;Desrespeitar a preferência no cruzamento;Colisão transversal;Com Vítimas Feridas;Pleno dia;Decrescente;Céu Claro;Simples;Reta;Sim;3;0;0;1;0;2;1;3;-10,44457274;-62,46568412;SPRF-RO;DEL03-RO;UOP02-DEL03-RO
614729;15/07/2024;segunda-feira;21:20:00;RJ;40;111;DUQUE DE CAXIAS;Manobra de mudança de faixa;Colisão lateral mesmo sentido;Com Vítimas Feridas;Plena Noite;Decrescente;Céu Claro;Múltipla;Reta;Sim;2;0;1;0;1;0;1;2;-22,691868;-43,287453;SPRF-RJ;DEL01-RJ;UOP02-DEL01-RJ
614730;15/07/2024;segunda-feira;18:00:00;PI;230;193,5;OEIRAS;Deficiência do Sistema de Iluminação/Sinalização;Tombamento;Com Vítimas Feridas;Anoitecer;Crescente;Céu Claro;Simples;Reta;Sim;1;0;1;0;0;0;1;1;-6,99024993;-42,09712204;SPRF-PI;DEL04-PI;UOP01-DEL04-PI
614732;13/07/2024;sábado;17:35:00;RO;364;1002;PORTO VELHO;Reação tardia ou ineficiente do condutor;Saída de leito carroçável;Com Vítimas Fatais;Plena Noite;Crescente;Céu Claro;Simples;"Reta;Declive";Não;1;1;0;0;0;0;0;1;-9,69865151;-66,01378018;SPRF-RO;DEL01-RO;UOP03-DEL01-RO
614733;15/07/2024;segunda-feira;19:45:00;PR;116;0,3;CAMPINA GRANDE DO SUL;Chuva;Saída de leito carroçável;Com Vítimas Feridas;Plena Noite;Crescente;Chuva;Dupla;Curva;Não;3;0;1;0;2;0;1;1;-25,0604;-48,562973;SPRF-PR;DEL01-PR;UOP02-DEL01-PR