id;data_inversa;dia_semana;horario;uf;br;km;municipio;causa_acidente;tipo_acidente;classificacao_acidente;fase_dia;sentido_via;condicao_metereologica;tipo_pista;tracado_via;uso_solo;pessoas;mortos;feridos_leves;feridos_graves;ilesos;ignorados;feridos;veiculos;latitude;longitude;regional;delegacia;uop
615144;18/07/2024;quinta-feira;01:15:00;SP;116;147;SAO JOSE DOS CAMPOS;Reação tardia ou ineficiente do condutor;Saída de leito carroçável;Com Vítimas Fatais;Plena Noite;Decrescente;Nublado;Dupla;Curva;Sim;1;1;0;0;0;0;0;1;-23,19542994;-45,87176303;SPRF-SP;DEL02-SP;UOP01-DEL02-SP
615146;18/07/2024;quinta-feira;03:00:00;SC;282;57;RANCHO QUEIMADO;Condutor Dormindo;Saída de leito carroçável;Com Vítimas Feridas;Plena Noite;Decrescente;Céu Claro;Simples;Curva;Não;1;0;1;0;0;0;1;1;-27,688864;-48,998455;SPRF-SC;DEL01-SC;UOP03-DEL01-SC
615149;18/07/2024;quinta-feira;01:30:00;PE;232;147;SAO CAITANO;Afundamento ou ondulação no pavimento;Tombamento;Com Vítimas Feridas;Plena Noite;Decrescente;Chuva;Simples;Reta;Sim;1;0;1;0;0;0;1;1;-8,33373137;-36,13751116;SPRF-PE;DEL03-PE;UOP02-DEL03-PE
615151;18/07/2024;quinta-feira;01:40:00;RJ;101;268;RIO BONITO;Reação tardia ou ineficiente do condutor;Capotamento;Com Vítimas Feridas;Plena Noite;Crescente;Nevoeiro/Neblina;Dupla;Reta;Não;2;0;1;0;1;0;1;1;-22,7112997;-42,66922613;SPRF-RJ;DEL02-RJ;UOP03-DEL02-RJ
615158;18/07/2024;quinta-feira;05:50:00;MS;60;398;SIDROLANDIA;Reação tardia ou ineficiente do condutor;Saída de leito carroçável;Sem Vítimas;Amanhecer;Decrescente;Céu Claro;Simples;Reta;Não;1;0;0;0;1;0;0;1;-20,78194804;-54,79259283;SPRF-MS;DEL01-MS;UOP04-DEL01-MS
615159;17/07/2024;quarta-feira;13:12:00;PA;230;831;URUARA;Transitar na contramão;Colisão frontal;Com Vítimas Fatais;Pleno dia;Decrescente;Céu Claro;Simples;Reta;Não;2;1;0;0;1;0;0;2;-3,68521786;-53,57692905;SPRF-PA;DEL04-PA;UOP01-DEL04-PA
615160;11/07/2024;quinta-feira;22:00:00;TO;153;419,2;MIRANORTE;Reação tardia ou ineficiente do condutor;Atropelamento de Pedestre;Com Vítimas Fatais;Plena Noite;Decrescente;Céu Claro;Simples;Reta;Não;2;1;0;0;0;1;0;2;-9,573446;-48,615856;SPRF-TO;DEL01-TO;UOP01-DEL01-TO
615163;18/07/2024;quinta-feira;07:10:00;BA;116;29,8;VITORIA DA CONQUISTA;Conversão proibida;Colisão transversal;Com Vítimas Feridas;Pleno dia;Crescente;Sol;Simples;Viaduto;Sim;2;0;0;1;1;0;1;2;-14,82781896;-40,82817392;SPRF-BA;DEL08-BA;UOP01-DEL08-BA
615165;18/07/2024;quinta-feira;07:10:00;RS;470;210,1;BENTO GONCALVES;Transitar na contramão;Colisão frontal;Com Vítimas Feridas;Amanhecer;Crescente;Céu Claro;Simples;"Declive;Desvio Temporário;Em Obras;Curva";Não;2;0;2;0;0;0;2;2;-29,1293339;-51,54141426;SPRF-RS;DEL06-RS;UOP01-DEL06-RS
615166;18/07/2024;quinta-feira;05:25:00;PR;277;587;CASCAVEL;Velocidade Incompatível;Saída de leito carroçável;Com Vítimas Fatais;Plena Noite;Decrescente;Céu Claro;Simples;"Aclive;Reta";Sim;1;1;0;0;0;0;0;1;-24,96941255;-53,42959722;SPRF-PR;DEL04-PR;UOP01-DEL04-PR
615169;17/07/2024;quarta-feira;17:00:00;AM;174;1076;PRESIDENTE FIGUEIREDO;Manobra de mudança de faixa;Saída de leito carroçável;Com Vítimas Feridas;Pleno dia;Decrescente;Céu Claro;Simples;Reta;Não;1;0;1;0;0;0;1;1;-1,38489296;-60,33941795;SPRF-AM;DEL01-AM;UOP02-DEL01-AM
615170;18/07/2024;quinta-feira;07:21:00;MG;267;9;LEOPOLDINA;Reação tardia ou ineficiente do condutor;Tombamento;Com Vítimas Feridas;Amanhecer;Crescente;Céu Claro;Simples;Curva;Não;1;0;1;0;0;0;1;1;-21,57023666;-42,69169186;SPRF-MG;DEL07-MG;UOP01-DEL07-MG
615171;18/07/2024;quinta-feira;08:00:00;PB;101;90;JOAO PESSOA;Reação tardia ou ineficiente do condutor;Tombamento;Com Vítimas Feridas;Pleno dia;Crescente;Céu Claro;Dupla;"Retorno Regulamentado;Curva";Sim;1;0;1;0;0;0;1;1;-7,179652;-34,900417;SPRF-PB;DEL01-PB;UOP02-DEL01-PB
615174;18/07/2024;quinta-feira;07:56:00;RS;290;97;PORTO ALEGRE;Condutor deixou de manter distância do veículo da frente;Colisão lateral mesmo sentido;Com Vítimas Feridas;Pleno dia;Decrescente;Nevoeiro/Neblina;Dupla;Reta;Não;5;0;0;1;4;0;1;3;-29,997789;-51,20779;SPRF-RS;DEL01-RS;UOP01-DEL01-RS
615175;18/07/2024;quinta-feira;08:00:00;SP;116;162;JACAREI;Reação tardia ou ineficiente do condutor;Colisão traseira;Com Vítimas Feridas;Pleno dia;Decrescente;Céu Claro;Dupla;Reta;Sim;2;0;1;0;1;0;1;2;-23,28133317;-45,98394689;SPRF-SP;DEL02-SP;UOP01-DEL02-SP
615176;18/07/2024;quinta-feira;07:02:00;PI;343;4;TERESINA;Manobra de mudança de faixa;Colisão transversal;Com Vítimas Feridas;Pleno dia;Decrescente;Céu Claro;Dupla;Reta;Sim;3;0;1;0;2;0;1;2;-5,08141174;-42,79200554;SPRF-PI;DEL01-PI;UOP01-DEL01-PI
615178;18/07/2024;quinta-feira;08:00:00;PR;272;568;GUAIRA;Ausência de reação do condutor;Queda de ocupante de veículo;Com Vítimas Feridas;Pleno dia;Crescente;Céu Claro;Simples;Reta;Não;1;0;1;0;0;0;1;1;-24,10087402;-54,22637599;SPRF-PR;DEL06-PR;UOP01-DEL06-PR
615179;18/07/2024;quinta-feira;08:00:00;RN;101;147;GOIANINHA;Transitar na contramão;Colisão frontal;Sem Vítimas;Pleno dia;Crescente;Céu Claro;Simples;Reta;Sim;2;0;0;0;1;1;0;2;-6,27145987;-35,20823975;SPRF-RN;DEL01-RN;UOP01-DEL01-RN
615180;18/07/2024;quinta-feira;08:00:00;SC;101;373;ICARA;Ingestão de álcool pelo condutor;Saída de leito carroçável;Sem Vítimas;Pleno dia;Crescente;Nevoeiro/Neblina;Múltipla;Reta;Não;1;0;0;0;1;0;0;1;-28,7132671;-49,21763596;SPRF-SC;DEL02-SC;UOP01-DEL02-SC
615181;18/07/2024;quinta-feira;08:10:00;RJ;116;282;BARRA MANSA;Velocidade Incompatível;Colisão com objeto;Com Vítimas Feridas;Pleno dia;Decrescente;Nublado;Dupla;"Declive;Curva";Não;1;0;1;0;0;0;1;1;-22,52405173;-44,20072574;SPRF-RJ;DEL07-RJ;UOP02-DEL07-RJ
615183;18/07/2024;quinta-feira;08:25:00;RS;158;326;SANTA MARIA;Pedestre cruzava a pista fora da faixa;Atropelamento de Pedestre;Com Vítimas Feridas;Pleno dia;Crescente;Céu Claro;Simples;"Declive;Viaduto";Sim;2;0;1;0;1;0;1;2;-29,7138879;-53,81497066;SPRF-RS;DEL09-RS;UOP01-DEL09-RS
615185;18/07/2024;quinta-feira;07:00:00;GO;60;96,5;ANAPOLIS;Afundamento ou ondulação no pavimento;Tombamento;Com Vítimas Feridas;Pleno dia;Decrescente;Céu Claro;Dupla;Reta;Sim;1;0;1;0;0;0;1;1;-16,371;-48,9422;SPRF-GO;DEL02-GO;UOP01-DEL02-GO
615187;18/07/2024;quinta-feira;08:20:00;SC;101;209;SAO JOSE;Condutor deixou de manter distância do veículo da frente;Colisão traseira;Com Vítimas Feridas;Pleno dia;Decrescente;Céu Claro;Múltipla;Reta;Sim;3;0;1;0;2;0;1;2;-27,61000542;-48,63895057;SPRF-SC;DEL01-SC;UOP01-DEL01-SC
615188;18/07/2024;quinta-feira;08:18:00;PB;230;148;CAMPINA GRANDE;Acumulo de óleo sobre o pavimento;Tombamento;Com Vítimas Feridas;Pleno dia;Crescente;Nublado;Simples;Rotatória;Sim;2;0;0;1;1;0;1;1;-7,23671827;-35,86784601;SPRF-PB;DEL02-PB;UOP01-DEL02-PB
615189;18/07/2024;quinta-feira;08:47:00;RN;110;2;AREIA BRANCA;Acessar a via sem observar a presença dos outros veículos;Colisão transversal;Com Vítimas Feridas;Pleno dia;Decrescente;Céu Claro;Simples;Curva;Sim;3;0;2;1;0;0;3;2;-4,94190078;-37,11632026;SPRF-RN;DEL04-RN;UOP01-DEL04-RN
615190;18/07/2024;quinta-feira;06:30:00;RJ;116;135;MAGE;Pedestre andava na pista;Atropelamento de Pedestre;Com Vítimas Feridas;Amanhecer;Decrescente;Céu Claro;Simples;Curva;Sim;2;0;1;0;1;0;1;2;-22,65225773;-43,16309893;SPRF-RJ;DEL04-RJ;UOP02-DEL04-RJ
615192;18/07/2024;quinta-feira;05:20:00;SC;280;237,2;CANOINHAS;Reação tardia ou ineficiente do condutor;Saída de leito carroçável;Com Vítimas Feridas;Plena Noite;Decrescente;Nevoeiro/Neblina;Simples;Reta;Não;3;0;1;2;0;0;3;1;-26,19844599;-50,43216601;SPRF-SC;DEL06-SC;UOP04-DEL06-SC
615193;18/07/2024;quinta-feira;08:30:00;GO;153;493;GOIANIA;Acumulo de óleo sobre o pavimento;Tombamento;Com Vítimas Feridas;Pleno dia;Crescente;Sol;Dupla;Curva;Não;1;0;1;0;0;0;1;1;-16,6537;-49,2172;SPRF-GO;DEL01-GO;UOP01-DEL01-GO
615194;06/07/2024;sábado;23:15:00;PR;376;469;PONTA GROSSA;Reação tardia ou ineficiente do condutor;Saída de leito carroçável;Com Vítimas Feridas;Plena Noite;Crescente;Céu Claro;Dupla;Reta;Não;1;0;1;0;0;0;1;1;-25,012338;-50,3454107;SPRF-PR;DEL03-PR;UOP01-DEL03-PR
615195;12/06/2024;quarta-feira;18:00:00;BA;324;525;FEIRA DE SANTANA;Transitar na contramão;Colisão frontal;Com Vítimas Feridas;Plena Noite;Crescente;Céu Claro;Simples;Reta;Sim;2;0;0;1;0;1;1;2;-12,30106981;-38,8977869;SPRF-BA;DEL01-BA;UOP03-DEL01-BA
615196;18/07/2024;quinta-feira;07:00:00;PR;116;126;FAZENDA RIO GRANDE;Condutor deixou de manter distância do veículo da frente;Colisão traseira;Com Vítimas Feridas;Amanhecer;Crescente;Nevoeiro/Neblina;Dupla;Reta;Sim;2;0;1;0;1;0;1;2;-25,60389895;-49,31824423;SPRF-PR;DEL01-PR;UOP03-DEL01-PR
615197;18/07/2024;quinta-feira;08:20:00;SC;480;129,9;CHAPECO;Ausência de reação do condutor;Colisão lateral mesmo sentido;Com Vítimas Feridas;Pleno dia;Crescente;Céu Claro;Simples;Reta;Sim;2;0;1;0;1;0;1;2;-27,04656607;-52,63577131;SPRF-SC;DEL07-SC;UOP01-DEL07-SC
615200;18/07/2024;quinta-feira;08:00:00;PR;277;79;CURITIBA;Ausência de reação do condutor;Colisão lateral mesmo sentido;Com Vítimas Feridas;Pleno dia;Crescente;Céu Claro;Dupla;Reta;Sim;3;0;2;0;1;0;2;2;-25,471838;-49,210935;SPRF-PR;DEL01-PR;UOP07-DEL01-PR
615201;13/07/2024;sábado;22:30:00;PR;373;183,5;PONTA GROSSA;Ausência de reação do condutor;Saída de leito carroçável;Sem Vítimas;Plena Noite;Decrescente;Nublado;Dupla;"Reta;Interseção de Vias";Não;1;0;0;0;1;0;0;1;-25,03935712;-50,2767641;SPRF-PR;DEL03-PR;UOP01-DEL03-PR
615202;18/07/2024;quinta-feira;05:20:00;MG;153;124;PRATA;Animais na Pista;Atropelamento de Animal;Com Vítimas Feridas;Plena Noite;Crescente;Céu Claro;Dupla;Ponte;Não;2;0;1;0;1;0;1;1;-19,43785399;-48,88886456;SPRF-MG;DEL15-MG;UOP03-DEL15-MG
615203;18/07/2024;quinta-feira;09:25:00;SC;101;135;BALNEARIO CAMBORIU;Reação tardia ou ineficiente do condutor;Colisão traseira;Sem Vítimas;Pleno dia;Crescente;Nublado;Múltipla;Reta;Sim;2;0;0;0;2;0;0;2;-27,0050108;-48,62677494;SPRF-SC;DEL04-SC;UOP03-DEL04-SC
615204;18/07/2024;quinta-feira;07:15:00;SC;282;54;AGUAS MORNAS;Demais Fenômenos da natureza;Incêndio;Sem Vítimas;Pleno dia;Decrescente;Céu Claro;Simples;Reta;Não;1;0;0;0;1;0;0;1;-27,685799;-48,974514;SPRF-SC;DEL01-SC;UOP03-DEL01-SC
615205;18/07/2024;quinta-feira;09:15:00;PB;230;20;JOAO PESSOA;Ausência de reação do condutor;Engavetamento;Sem Vítimas;Pleno dia;Decrescente;Céu Claro;Dupla;Reta;Sim;3;0;0;0;3;0;0;3;-7,13719596;-34,8537612;SPRF-PB;DEL01-PB;UOP01-DEL01-PB
615206;18/07/2024;quinta-feira;06:20:00;RJ;493;103;SEROPEDICA;Reação tardia ou ineficiente do condutor;Saída de leito carroçável;Com Vítimas Feridas;Amanhecer;Crescente;Céu Claro;Múltipla;Reta;Não;2;0;2;0;0;0;2;1;-22,77369457;-43,74282074;SPRF-RJ;DEL01-RJ;UOP03-DEL01-RJ
615207;18/07/2024;quinta-feira;09:15:00;RS;386;51,1;SEBERI;Acessar a via sem observar a presença dos outros veículos;Colisão transversal;Com Vítimas Feridas;Pleno dia;Crescente;Nevoeiro/Neblina;Simples;Interseção de Vias;Sim;3;0;1;0;2;0;1;2;-27,500874;-53,388092;SPRF-RS;DEL08-RS;UOP02-DEL08-RS
615208;18/07/2024;quinta-feira;08:00:00;MT;364;159;PEDRA PRETA;Ausência de reação do condutor;Saída de leito carroçável;Com Vítimas Feridas;Pleno dia;Decrescente;Céu Claro;Simples;Reta;Não;1;0;1;0;0;0;1;1;-16,73122896;-54,26592415;SPRF-MT;DEL02-MT;UOP01-DEL02-MT
615209;18/07/2024;quinta-feira;09:45:00;SP;116;211;GUARULHOS;Acessar a via sem observar a presença dos outros veículos;Colisão lateral mesmo sentido;Com Vítimas Feridas;Pleno dia;Crescente;Céu Claro;Múltipla;Reta;Sim;3;0;0;1;1;1;1;2;-23,4324306;-46,4194352;SPRF-SP;DEL01-SP;UOP01-DEL01-SP
615212;18/07/2024;quinta-feira;08:45:00;RJ;101;311;SAO GONCALO;Manobra de mudança de faixa;Atropelamento de Pedestre;Com Vítimas Feridas;Pleno dia;Crescente;Céu Claro;Dupla;Reta;Sim;2;0;1;0;1;0;1;2;-22,80062246;-43,05318779;SPRF-RJ;DEL02-RJ;UOP02-DEL02-RJ
615213;18/07/2024;quinta-feira;10:25:00;SC;101;213;PALHOCA;Trafegar com motocicleta (ou similar) entre as faixas;Colisão lateral mesmo sentido;Com Vítimas Feridas;Pleno dia;Decrescente;Céu Claro;Múltipla;Reta;Sim;2;0;1;0;1;0;1;2;-27,63697369;-48,66514142;SPRF-SC;DEL01-SC;UOP02-DEL01-SC
615216;18/07/2024;quinta-feira;09:45:00;MS;163;732;COXIM;Acessar a via sem observar a presença dos outros veículos;Colisão transversal;Com Vítimas Feridas;Pleno dia;Crescente;Sol;Simples;Reta;Sim;2;0;0;1;1;0;1;2;-18,49326992;-54,72854015;SPRF-MS;DEL06-MS;UOP01-DEL06-MS
615217;18/07/2024;quinta-feira;08:50:00;BA;110;177;RIBEIRA DO POMBAL;Animais na Pista;Queda de ocupante de veículo;Com Vítimas Feridas;Pleno dia;Decrescente;Céu Claro;Simples;Reta;Não;2;0;1;1;0;0;2;1;-10,90525204;-38,52224525;SPRF-BA;DEL07-BA;UOP02-DEL07-BA
615221;28/05/2024;terça-feira;19:00:00;MG;116;673,9;MIRADOURO;Desrespeitar a preferência no cruzamento;Colisão transversal;Com Vítimas Feridas;Plena Noite;Decrescente;Céu Claro;Simples;"Interseção de Vias;Reta";Sim;2;0;0;1;1;0;1;2;-20,88956601;-42,33963285;SPRF-MG;DEL07-MG;UOP02-DEL07-MG
615222;15/07/2024;segunda-feira;00:15:00;SP;381;83,5;SAO PAULO;Pedestre andava na pista;Atropelamento de Pedestre;Com Vítimas Fatais;Plena Noite;Crescente;Céu Claro;Dupla;Curva;Sim;2;1;0;0;0;1;0;2;-23,439744;-46,567981;SPRF-SP;DEL03-SP;UOP01-DEL03-SP
615223;18/07/2024;quinta-feira;11:35:00;SP;153;62;SAO JOSE DO RIO PRETO;Transitar no Acostamento;Tombamento;Com Vítimas Feridas;Pleno dia;Crescente;Céu Claro;Dupla;"Reta;Aclive";Sim;2;0;1;0;1;0;1;2;-20,81324822;-49,35689449;SPRF-SP;DEL09-SP;UOP01-DEL09-SP
615225;17/06/2024;segunda-feira;00:53:00;PE;408;61;CARPINA;Condutor Dormindo;Colisão lateral sentido oposto;Com Vítimas Feridas;Plena Noite;Decrescente;Garoa/Chuvisco;Simples;Reta;Não;3;0;1;0;2;0;1;2;-7,82301302;-35,24568219;SPRF-PE;DEL01-PE;UOP01-DEL01-PE
615226;18/07/2024;quinta-feira;10:30:00;MG;381;672,8;PERDOES;Condutor deixou de manter distância do veículo da frente;Colisão traseira;Com Vítimas Feridas;Pleno dia;Crescente;Céu Claro;Dupla;Reta;Não;2;0;1;0;1;0;1;2;-21,0939261;-45,07727193;SPRF-MG;DEL04-MG;UOP02-DEL04-MG
615227;13/07/2024;sábado;12:20:00;MA;230;406;BALSAS;Acessar a via sem observar a presença dos outros veículos;Colisão traseira;Com Vítimas Feridas;Pleno dia;Crescente;Céu Claro;Dupla;Rotatória;Sim;2;0;1;0;1;0;1;2;-7,51971965;-46,05845601;SPRF-MA;DEL05-MA;UOP01-DEL05-MA
615229;18/07/2024;quinta-feira;06:33:00;RO;364;245,2;CACOAL;Acostamento em desnível;Tombamento;Com Vítimas Feridas;Pleno dia;Crescente;Céu Claro;Simples;Reta;Não;1;0;0;1;0;0;1;1;-11,439733;-61,515045;SPRF-RO;DEL02-RO;UOP02-DEL02-RO
615230;18/07/2024;quinta-feira;10:00:00;MA;222;425,8;SANTA LUZIA;Demais falhas na via;Queda de ocupante de veículo;Com Vítimas Fatais;Pleno dia;Crescente;Céu Claro;Simples;"Declive;Reta";Não;2;1;0;0;0;1;0;1;-4,04112112;-45,79532987;SPRF-MA;DEL02-MA;UOP01-DEL02-MA
615233;18/07/2024;quinta-feira;12:30:00;RN;101;76,9;EXTREMOZ;Acessar a via sem observar a presença dos outros veículos;Colisão transversal;Com Vítimas Feridas;Pleno dia;Decrescente;Nublado;Dupla;"Curva;Declive";Não;2;0;1;0;1;0;1;2;-5,72603024;-35,28461489;SPRF-RN;DEL02-RN;UOP01-DEL02-RN
615235;14/07/2024;domingo;20:15:00;GO;80;387;VILA PROPICIO;Ingestão de álcool pelo condutor;Colisão frontal;Sem Vítimas;Plena Noite;Crescente;Céu Claro;Simples;Reta;Não;2;0;0;0;2;0;0;2;-15,21561976;-48,65432739;SPRF-GO;DEL07-GO;UOP01-DEL07-GO
615236;18/07/2024;quinta-feira;13:00:00;PR;277;97,7;CURITIBA;Condutor usando celular;Colisão lateral mesmo sentido;Com Vítimas Feridas;Pleno dia;Decrescente;Céu Claro;Dupla;Reta;Sim;3;0;1;0;2;0;1;2;-25,4295957;-49,3495968;SPRF-PR;DEL01-PR;UOP06-DEL01-PR
615237;13/07/2024;sábado;05:24:00;RO;364;343;JI-PARANA;Condutor desrespeitou a iluminação vermelha do semáforo;Colisão transversal;Com Vítimas Feridas;Amanhecer;Decrescente;Vento;Dupla;Reta;Sim;3;0;0;1;2;0;1;2;-10,87878519;-61,94499012;SPRF-RO;DEL02-RO;UOP01-DEL02-RO
615238;18/07/2024;quinta-feira;13:00:00;PE;423;60,4;LAJEDO;Acessar a via sem observar a presença dos outros veículos;Colisão lateral sentido oposto;Com Vítimas Feridas;Pleno dia;Crescente;Céu Claro;Simples;Curva;Não;2;0;0;1;1;0;1;2;-8,6568979;-36,32390141;SPRF-PE;DEL03-PE;UOP01-DEL03-PE
615240;18/07/2024;quinta-feira;07:55:00;MG;40;676,1;CARANDAI;Animais na Pista;Saída de leito carroçável;Com Vítimas Feridas;Pleno dia;Crescente;Céu Claro;Simples;Reta;Sim;1;0;1;0;0;0;1;1;-21,01108302;-43,78278093;SPRF-MG;DEL05-MG;UOP02-DEL05-MG
615242;18/07/2024;quinta-feira;11:30:00;MG;381;523,8;BRUMADINHO;Reação tardia ou ineficiente do condutor;Colisão lateral mesmo sentido;Com Vítimas Feridas;Pleno dia;Decrescente;Céu Claro;Dupla;Curva;Não;5;0;1;0;4;0;1;1;-20,1530682;-44,32617552;SPRF-MG;DEL04-MG;UOP03-DEL04-MG
615245;18/07/2024;quinta-feira;13:40:00;SP;381;88;GUARULHOS;Reação tardia ou ineficiente do condutor;Queda de ocupante de veículo;Com Vítimas Feridas;Pleno dia;Decrescente;Céu Claro;Dupla;Reta;Sim;1;0;1;0;0;0;1;1;-23,47469314;-46,56112919;SPRF-SP;DEL03-SP;UOP01-DEL03-SP
615246;18/07/2024;quinta-feira;13:40:00;SE;101;81;LARANJEIRAS;Acessar a via sem observar a presença dos outros veículos;Colisão transversal;Com Vítimas Feridas;Pleno dia;Crescente;Céu Claro;Dupla;Aclive;Não;2;0;0;1;1;0;1;2;-10,80904288;-37,14002862;SPRF-SE;DEL01-SE;UOP01-DEL01-SE
615247;18/07/2024;quinta-feira;13:40:00;GO;40;16;LUZIANIA;Velocidade Incompatível;Colisão com objeto;Com Vítimas Feridas;Pleno dia;Crescente;Céu Claro;Dupla;"Declive;Reta";Sim;1;0;0;1;0;0;1;1;-16,180428;-47,9288;SPRF-DF;DEL01-DF;UOP01-DEL01-DF
615248;18/07/2024;quinta-feira;05:30:00;BA;116;74;CHORROCHO;Manobra de mudança de faixa;Capotamento;Com Vítimas Fatais;Pleno dia;Decrescente;Céu Claro;Simples;Reta;Não;3;1;2;0;0;0;2;1;-9,246784;-39,071976;SPRF-PE;DEL05-PE;UOP03-DEL05-PE
615249;18/07/2024;quinta-feira;14:00:00;PR;376;615;SAO JOSE DOS PINHAIS;Ausência de reação do condutor;Colisão traseira;Com Vítimas Feridas;Pleno dia;Crescente;Céu Claro;Dupla;"Aclive;Reta";Não;2;0;1;0;1;0;1;2;-25,569237;-49,183735;SPRF-PR;DEL01-PR;UOP06-DEL01-PR
615252;18/07/2024;quinta-feira;14:30:00;PE;408;104;JABOATAO DOS GUARARAPES;Acessar a via sem observar a presença dos outros veículos;Colisão transversal;Com Vítimas Feridas;Pleno dia;Decrescente;Céu Claro;Dupla;Reta;Sim;2;0;1;0;1;0;1;2;-8,064443;-34,99006;SPRF-PE;DEL01-PE;UOP01-DEL01-PE
615253;18/07/2024;quinta-feira;12:00:00;PE;232;443;SAO JOSE DO BELMONTE;Acessar a via sem observar a presença dos outros veículos;Colisão lateral mesmo sentido;Com Vítimas Feridas;Pleno dia;Crescente;Céu Claro;Simples;Reta;Não;3;0;1;0;2;0;1;2;-8,01087223;-38,58501511;SPRF-PE;DEL04-PE;UOP01-DEL04-PE
615255;18/07/2024;quinta-feira;14:15:00;PR;369;162;CAMBE;Transitar no Acostamento;Colisão lateral mesmo sentido;Com Vítimas Feridas;Pleno dia;Decrescente;Sol;Dupla;Reta;Não;2;0;1;0;1;0;1;2;-23,29346315;-51,26791293;SPRF-PR;DEL07-PR;UOP01-DEL07-PR
615257;18/07/2024;quinta-feira;13:15:00;SC;101;214,1;PALHOCA;Transtornos Mentais (exceto suicidio);Queda de ocupante de veículo;Com Vítimas Feridas;Pleno dia;Decrescente;Céu Claro;Dupla;"Reta;Ponte";Sim;3;0;1;0;1;1;1;1;-27,64443;-48,67057;SPRF-SC;DEL01-SC;UOP02-DEL01-SC
615258;18/07/2024;quinta-feira;15:30:00;SP;116;142;SAO JOSE DOS CAMPOS;Trafegar com motocicleta (ou similar) entre as faixas;Colisão traseira;Com Vítimas Feridas;Pleno dia;Decrescente;Céu Claro;Dupla;Reta;Sim;2;0;1;0;1;0;1;2;-23,17380036;-45,82824469;SPRF-SP;DEL02-SP;UOP01-DEL02-SP
615260;18/07/2024;quinta-feira;15:20:00;MG;381;921,5;CAMANDUCAIA;Velocidade Incompatível;Tombamento;Com Vítimas Feridas;Pleno dia;Crescente;Céu Claro;Dupla;Curva;Não;2;0;2;0;0;0;2;1;-22,76270012;-46,17005286;SPRF-MG;DEL16-MG;UOP03-DEL16-MG
615261;18/07/2024;quinta-feira;15:00:00;PA;10;292;MAE DO RIO;Condutor deixou de manter distância do veículo da frente;Colisão traseira;Sem Vítimas;Pleno dia;Crescente;Céu Claro;Simples;"Aclive;Reta";Não;4;0;0;0;4;0;0;2;-1,86068501;-47,52407284;SPRF-PA;DEL02-PA;UOP01-DEL02-PA
615263;18/07/2024;quinta-feira;14:10:00;PR;369;85;CORNELIO PROCOPIO;Manobra de mudança de faixa;Colisão traseira;Com Vítimas Feridas;Pleno dia;Crescente;Céu Claro;Simples;Curva;Não;6;0;4;1;0;1;5;3;-23,17389677;-50,61495057;SPRF-PR;DEL07-PR;UOP05-DEL07-PR
615264;18/07/2024;quinta-feira;16:00:00;SP;381;43;ATIBAIA;Condutor deixou de manter distância do veículo da frente;Capotamento;Com Vítimas Feridas;Pleno dia;Decrescente;Céu Claro;Múltipla;"Reta;Em Obras";Não;1;0;0;1;0;0;1;1;-23,15597105;-46,5740155;SPRF-SP;DEL03-SP;UOP01-DEL03-SP
615265;18/07/2024;quinta-feira;15:00:00;SP;116;279;EMBU DAS ARTES;Manobra de mudança de faixa;Colisão traseira;Com Vítimas Feridas;Pleno dia;Crescente;Céu Claro;Dupla;Curva;Sim;2;0;1;0;1;0;1;2;-23,66233697;-46,85292907;SPRF-SP;DEL04-SP;UOP01-DEL04-SP
615266;18/07/2024;quinta-feira;16:18:00;PB;361;9,6;PATOS;Animais na Pista;Tombamento;Com Vítimas Feridas;Pleno dia;Crescente;Céu Claro;Simples;Reta;Não;1;0;1;0;0;0;1;1;-7,03986263;-37,34214306;SPRF-PB;DEL03-PB;UOP01-DEL03-PB
615267;18/07/2024;quinta-feira;16:20:00;RJ;116;183;NOVA IGUACU;Manobra de mudança de faixa;Colisão lateral mesmo sentido;Com Vítimas Feridas;Pleno dia;Crescente;Céu Claro;Dupla;Reta;Sim;2;0;2;0;0;0;2;2;-22,7516014;-43,43849831;SPRF-RJ;DEL06-RJ;UOP01-DEL06-RJ
615268;18/07/2024;quinta-feira;16:20:00;GO;70;2;AGUAS LINDAS DE GOIAS;Demais falhas mecânicas ou elétricas;Queda de ocupante de veículo;Com Vítimas Feridas;Pleno dia;Crescente;Céu Claro;Múltipla;Reta;Sim;1;0;1;0;0;0;1;1;-15,767021;-48,229945;SPRF-DF;DEL03-DF;UOP02-DEL03-DF
615269;18/07/2024;quinta-feira;16:25:00;GO;414;433,9;ANAPOLIS;Condutor deixou de manter distância do veículo da frente;Colisão traseira;Com Vítimas Feridas;Pleno dia;Decrescente;Céu Claro;Simples;"Aclive;Reta";Não;4;0;3;0;1;0;3;2;-16,2291999;-48,92857911;SPRF-GO;DEL02-GO;UOP01-DEL02-GO
615270;14/07/2024;domingo;19:25:00;BA;415;47,9;ITABUNA;Transitar na contramão;Colisão com objeto;Com Vítimas Feridas;Plena Noite;Crescente;Nublado;Simples;Curva;Sim;2;0;1;1;0;0;2;1;-14,81574494;-39,29612388;SPRF-BA;DEL05-BA;UOP01-DEL05-BA
615271;18/07/2024;quinta-feira;12:20:00;RJ;393;106,2;SAPUCAIA;Acessar a via sem observar a presença dos outros veículos;Colisão lateral mesmo sentido;Com Vítimas Feridas;Pleno dia;Decrescente;Céu Claro;Simples;Reta;Sim;2;0;0;1;1;0;1;2;-21,87764485;-42,67025797;SPRF-RJ;DEL05-RJ;UOP01-DEL05-RJ