id;data_inversa;dia_semana;horario;uf;br;km;municipio;causa_acidente;tipo_acidente;classificacao_acidente;fase_dia;sentido_via;condicao_metereologica;tipo_pista;tracado_via;uso_solo;pessoas;mortos;feridos_leves;feridos_graves;ilesos;ignorados;feridos;veiculos;latitude;longitude;regional;delegacia;uop
615394;19/07/2024;sexta-feira;06:50:00;SE;101;182,5;UMBAUBA;Condutor deixou de manter distância do veículo da frente;Colisão traseira;Com Vítimas Feridas;Pleno dia;Crescente;Céu Claro;Simples;Reta;Sim;2;0;1;0;1;0;1;2;-11,37390377;-37,65552315;SPRF-SE;DEL02-SE;UOP03-DEL02-SE
615395;19/07/2024;sexta-feira;06:00:00;SC;282;354;CAMPOS NOVOS;Transitar na contramão;Colisão frontal;Com Vítimas Feridas;Amanhecer;Decrescente;Céu Claro;Simples;Curva;Não;2;0;1;1;0;0;2;2;-27,35796;-51,330452;SPRF-SC;DEL07-SC;UOP06-DEL07-SC
615397;19/07/2024;sexta-feira;05:30:00;SC;101;133,8;BALNEARIO CAMBORIU;Ingestão de álcool pelo condutor;Saída de leito carroçável;Sem Vítimas;Amanhecer;Crescente;Céu Claro;Múltipla;Reta;Sim;1;0;0;0;0;1;0;1;-26,99936;-48,64609;SPRF-SC;DEL04-SC;UOP03-DEL04-SC
615399;19/07/2024;sexta-feira;04:15:00;BA;101;825,2;PRADO;Velocidade Incompatível;Tombamento;Com Vítimas Feridas;Plena Noite;Decrescente;Céu Claro;Simples;Curva;Não;11;0;2;1;8;0;3;1;-17,149908;-39,567032;SPRF-BA;DEL09-BA;UOP02-DEL09-BA
615401;19/07/2024;sexta-feira;07:15:00;MG;116;411;GOVERNADOR VALADARES;Reação tardia ou ineficiente do condutor;Atropelamento de Animal;Com Vítimas Feridas;Pleno dia;Crescente;Sol;Simples;Reta;Sim;1;0;0;1;0;0;1;1;-18,86244705;-41,97405237;SPRF-MG;DEL06-MG;UOP01-DEL06-MG
615403;19/07/2024;sexta-feira;08:00:00;PE;101;71;RECIFE;Frear bruscamente;Tombamento;Com Vítimas Feridas;Pleno dia;Decrescente;Nublado;Dupla;Reta;Sim;1;0;1;0;0;0;1;1;-8,076935;-34,942373;SPRF-PE;DEL01-PE;UOP01-DEL01-PE
615404;19/07/2024;sexta-feira;07:40:00;RN;101;99;NATAL;Manobra de mudança de faixa;Colisão lateral mesmo sentido;Com Vítimas Feridas;Pleno dia;Decrescente;Céu Claro;Dupla;"Aclive;Reta";Sim;3;0;2;0;1;0;2;2;-5,87359183;-35,22063023;SPRF-RN;DEL01-RN;UOP01-DEL01-RN
615405;19/07/2024;sexta-feira;06:36:00;PI;343;345;TERESINA;Desrespeitar a preferência no cruzamento;Colisão transversal;Sem Vítimas;Pleno dia;Crescente;Céu Claro;Simples;Interseção de Vias;Sim;2;0;0;0;2;0;0;2;-5,089569;-42,802288;SPRF-PI;DEL01-PI;UOP01-DEL01-PI
615406;19/07/2024;sexta-feira;07:30:00;RJ;493;20;MAGE;Acessar a via sem observar a presença dos outros veículos;Queda de ocupante de veículo;Com Vítimas Feridas;Pleno dia;Decrescente;Céu Claro;Simples;Reta;Não;1;0;1;0;0;0;1;1;-22,66364;-43,036495;SPRF-RJ;DEL04-RJ;UOP02-DEL04-RJ
615409;19/07/2024;sexta-feira;07:45:00;MA;10;262,6;IMPERATRIZ;Condutor deixou de manter distância do veículo da frente;Colisão traseira;Com Vítimas Feridas;Pleno dia;Decrescente;Céu Claro;Simples;Reta;Sim;2;0;0;1;0;1;1;2;-5,445326;-47,472542;SPRF-MA;DEL04-MA;UOP01-DEL04-MA
615410;19/07/2024;sexta-feira;06:48:00;RN;304;31;MOSSORO;Acessar a via sem observar a presença dos outros veículos;Colisão transversal;Com Vítimas Feridas;Pleno dia;Crescente;Céu Claro;Simples;Reta;Sim;2;0;0;1;0;1;1;2;-5,12587296;-37,34293919;SPRF-RN;DEL04-RN;UOP02-DEL04-RN
615411;19/07/2024;sexta-feira;07:30:00;MS;463;1;DOURADOS;Ausência de reação do condutor;Colisão traseira;Com Vítimas Feridas;Pleno dia;Crescente;Céu Claro;Simples;Reta;Sim;2;0;0;1;1;0;1;2;-22,259064;-54,8137;SPRF-MS;DEL04-MS;UOP01-DEL04-MS
615412;19/07/2024;sexta-feira;07:10:00;MG;381;568,3;ITAGUARA;Ausência de reação do condutor;Tombamento;Com Vítimas Feridas;Pleno dia;Decrescente;Céu Claro;Dupla;Curva;Não;1;0;0;1;0;0;1;1;-20,42649228;-44,54458383;SPRF-MG;DEL04-MG;UOP03-DEL04-MG
615413;19/07/2024;sexta-feira;07:20:00;BA;324;0,8;FEIRA DE SANTANA;Ausência de reação do condutor;Colisão lateral sentido oposto;Com Vítimas Feridas;Pleno dia;Decrescente;Céu Claro;Dupla;Reta;Sim;2;0;0;1;1;0;1;2;-12,2787;-38,9412;SPRF-BA;DEL02-BA;UOP01-DEL02-BA
615415;19/07/2024;sexta-feira;09:00:00;SP;116;225;GUARULHOS;Reação tardia ou ineficiente do condutor;Colisão lateral mesmo sentido;Com Vítimas Feridas;Pleno dia;Crescente;Céu Claro;Múltipla;Reta;Sim;3;0;2;0;1;0;2;2;-23,48586772;-46,54075317;SPRF-SP;DEL01-SP;UOP01-DEL01-SP
615416;19/07/2024;sexta-feira;08:55:00;RJ;116;182;NOVA IGUACU;Condutor deixou de manter distância do veículo da frente;Colisão lateral mesmo sentido;Sem Vítimas;Pleno dia;Crescente;Céu Claro;Dupla;Reta;Sim;2;0;0;0;2;0;0;2;-22,7567755;-43,43107234;SPRF-RJ;DEL06-RJ;UOP01-DEL06-RJ
615417;19/07/2024;sexta-feira;06:00:00;TO;242;477;FORMOSO DO ARAGUAIA;Ingestão de álcool pelo condutor;Colisão frontal;Com Vítimas Feridas;Pleno dia;Crescente;Céu Claro;Simples;Reta;Não;3;0;3;0;0;0;3;2;-11,79676198;-49,746046;SPRF-TO;DEL01-TO;UOP02-DEL01-TO
615419;21/06/2024;sexta-feira;15:30:00;ES;101;149,3;LINHARES;Reação tardia ou ineficiente do condutor;Atropelamento de Pedestre;Com Vítimas Feridas;Pleno dia;Decrescente;Céu Claro;Dupla;Reta;Sim;2;0;1;0;0;1;1;2;-19,39619083;-40,06435871;SPRF-ES;DEL04-ES;UOP01-DEL04-ES
615421;19/07/2024;sexta-feira;09:25:00;MA;10;245,7;DAVINOPOLIS;Acessar a via sem observar a presença dos outros veículos;Colisão transversal;Com Vítimas Feridas;Pleno dia;Decrescente;Céu Claro;Simples;Reta;Sim;3;0;2;1;0;0;3;2;-5,588685;-47,433857;SPRF-MA;DEL04-MA;UOP01-DEL04-MA
615422;19/07/2024;sexta-feira;09:15:00;RO;319;64;PORTO VELHO;Desrespeitar a preferência no cruzamento;Colisão transversal;Sem Vítimas;Pleno dia;Decrescente;Céu Claro;Dupla;Interseção de Vias;Sim;2;0;0;0;2;0;0;2;-8,766685;-63,884052;SPRF-RO;DEL01-RO;UOP01-DEL01-RO
615426;19/07/2024;sexta-feira;07:05:00;RJ;101;322;NITEROI;Manobra de mudança de faixa;Colisão lateral mesmo sentido;Com Vítimas Feridas;Pleno dia;Decrescente;Céu Claro;Múltipla;Reta;Sim;2;0;1;0;1;0;1;2;-22,878923;-43,110676;SPRF-RJ;DEL02-RJ;UOP01-DEL02-RJ
615427;19/07/2024;sexta-feira;10:10:00;RJ;40;123;DUQUE DE CAXIAS;Frear bruscamente;Colisão lateral mesmo sentido;Com Vítimas Feridas;Pleno dia;Decrescente;Céu Claro;Múltipla;Reta;Sim;2;0;1;0;1;0;1;2;-22,79907687;-43,29015739;SPRF-RJ;DEL01-RJ;UOP02-DEL01-RJ
615428;19/07/2024;sexta-feira;10:50:00;CE;222;314;TIANGUA;Reação tardia ou ineficiente do condutor;Tombamento;Com Vítimas Feridas;Pleno dia;Crescente;Céu Claro;Dupla;Reta;Sim;1;0;1;0;0;0;1;1;-3,73110045;-41,00095099;SPRF-CE;DEL04-CE;UOP02-DEL04-CE
615430;19/07/2024;sexta-feira;11:20:00;PR;116;119;CURITIBA;Ausência de reação do condutor;Tombamento;Com Vítimas Feridas;Pleno dia;Crescente;Céu Claro;Dupla;Reta;Sim;1;0;1;0;0;0;1;1;-25,57917696;-49,31262422;SPRF-PR;DEL01-PR;UOP03-DEL01-PR
615431;19/07/2024;sexta-feira;11:10:00;SP;116;218;GUARULHOS;Condutor deixou de manter distância do veículo da frente;Colisão traseira;Com Vítimas Feridas;Pleno dia;Decrescente;Céu Claro;Múltipla;Reta;Sim;2;0;1;0;1;0;1;2;-23,457972;-46,479927;SPRF-SP;DEL01-SP;UOP01-DEL01-SP
615432;19/07/2024;sexta-feira;10:45:00;RJ;40;118;DUQUE DE CAXIAS;Reação tardia ou ineficiente do condutor;Colisão lateral mesmo sentido;Com Vítimas Feridas;Pleno dia;Decrescente;Céu Claro;Dupla;Reta;Sim;2;0;1;0;1;0;1;2;-22,75470802;-43,28737838;SPRF-RJ;DEL01-RJ;UOP02-DEL01-RJ
615434;19/07/2024;sexta-feira;11:30:00;RS;285;498,3;ENTRE-IJUIS;Desrespeitar a preferência no cruzamento;Colisão transversal;Com Vítimas Feridas;Pleno dia;Decrescente;Céu Claro;Simples;Interseção de Vias;Sim;2;0;1;0;1;0;1;2;-28,37816695;-54,26190376;SPRF-RS;DEL10-RS;UOP01-DEL10-RS
615435;19/07/2024;sexta-feira;11:20:00;PR;373;173,3;PONTA GROSSA;Ausência de reação do condutor;Atropelamento de Pedestre;Com Vítimas Feridas;Pleno dia;Crescente;Sol;Dupla;Reta;Sim;2;0;0;1;0;1;1;2;-25,0791759;-50,20380735;SPRF-PR;DEL03-PR;UOP01-DEL03-PR
615436;19/07/2024;sexta-feira;12:00:00;PR;116;119,8;CURITIBA;Condutor deixou de manter distância do veículo da frente;Colisão traseira;Com Vítimas Feridas;Pleno dia;Crescente;Sol;Dupla;Reta;Não;2;0;0;1;1;0;1;2;-25,54456009;-49,30146002;SPRF-PR;DEL01-PR;UOP03-DEL01-PR
615437;19/07/2024;sexta-feira;10:00:00;MS;163;661,7;RIO VERDE DE MATO GROSSO;Ausência de reação do condutor;Saída de leito carroçável;Com Vítimas Feridas;Pleno dia;Crescente;Sol;Simples;"Declive;Reta";Não;1;0;1;0;0;0;1;1;-19,07493708;-54,79156441;SPRF-MS;DEL06-MS;UOP02-DEL06-MS
615438;19/07/2024;sexta-feira;11:45:00;PB;230;462,5;SOUSA;Ausência de reação do condutor;Colisão traseira;Com Vítimas Feridas;Pleno dia;Decrescente;Céu Claro;Simples;Reta;Sim;2;0;1;0;1;0;1;2;-6,7783;-38,2256;SPRF-PB;DEL03-PB;UOP03-DEL03-PB
615439;19/07/2024;sexta-feira;12:10:00;MG;381;488;BETIM;Condutor deixou de manter distância do veículo da frente;Engavetamento;Com Vítimas Feridas;Pleno dia;Decrescente;Céu Claro;Múltipla;"Reta;Declive";Não;9;0;1;0;6;2;1;6;-19,9598656;-44,15489715;SPRF-MG;DEL01-MG;UOP03-DEL01-MG
615440;11/07/2024;quinta-feira;05:00:00;MT;174;565;COMODORO;Demais falhas mecânicas ou elétricas;Incêndio;Sem Vítimas;Amanhecer;Decrescente;Ignorado;Simples;Reta;Não;4;0;0;0;4;0;0;1;-13,00062714;-59,97621059;SPRF-MT;DEL04-MT;UOP02-DEL04-MT
615442;19/07/2024;sexta-feira;11:40:00;SC;470;5;NAVEGANTES;Manobra de mudança de faixa;Colisão lateral mesmo sentido;Com Vítimas Feridas;Pleno dia;Decrescente;Céu Claro;Dupla;Reta;Sim;2;0;1;0;1;0;1;2;-26,855688;-48,700333;SPRF-SC;DEL04-SC;UOP04-DEL04-SC
615443;19/07/2024;sexta-feira;08:00:00;SC;280;94;CORUPA;Pista Escorregadia;Saída de leito carroçável;Com Vítimas Feridas;Pleno dia;Decrescente;Garoa/Chuvisco;Simples;Curva;Não;1;0;1;0;0;0;1;1;-26,39198268;-49,30187441;SPRF-SC;DEL06-SC;UOP03-DEL06-SC
615444;05/04/2024;sexta-feira;18:20:00;MS;359;223,5;COXIM;Ingestão de álcool pelo condutor;Colisão frontal;Com Vítimas Feridas;Anoitecer;Decrescente;Céu Claro;Simples;"Reta;Interseção de Vias";Sim;2;0;1;0;0;1;1;2;-18,50245184;-54,67177956;SPRF-MS;DEL06-MS;UOP01-DEL06-MS
615446;19/07/2024;sexta-feira;07:20:00;MG;116;715,7;MURIAE;Velocidade Incompatível;Tombamento;Com Vítimas Feridas;Pleno dia;Crescente;Sol;Simples;Curva;Não;1;0;1;0;0;0;1;1;-21,20407381;-42,3892452;SPRF-MG;DEL07-MG;UOP02-DEL07-MG
615447;19/07/2024;sexta-feira;10:10:00;PE;232;251,9;ARCOVERDE;Acessar a via sem observar a presença dos outros veículos;Colisão transversal;Com Vítimas Feridas;Pleno dia;Decrescente;Chuva;Dupla;Interseção de Vias;Sim;3;0;1;0;1;1;1;3;-8,429241;-37,060127;SPRF-PE;DEL04-PE;UOP02-DEL04-PE
615449;19/07/2024;sexta-feira;07:50:00;SC;153;100;CONCORDIA;Transitar na contramão;Colisão frontal;Com Vítimas Feridas;Pleno dia;Decrescente;Céu Claro;Simples;Reta;Sim;3;0;1;2;0;0;3;2;-27,242643;-51,95171;SPRF-SC;DEL07-SC;UOP04-DEL07-SC
615450;19/07/2024;sexta-feira;12:00:00;RS;386;359;ESTRELA;Acessar a via sem observar a presença dos outros veículos;Colisão transversal;Com Vítimas Feridas;Pleno dia;Crescente;Sol;Dupla;"Retorno Regulamentado;Reta";Não;2;0;2;0;0;0;2;2;-29,53306;-51,919636;SPRF-RS;DEL04-RS;UOP01-DEL04-RS
615451;11/05/2024;sábado;19:30:00;PI;343;589;FLORIANO;Transitar na contramão;Colisão frontal;Com Vítimas Feridas;Plena Noite;Crescente;Céu Claro;Simples;"Aclive;Reta";Sim;3;0;1;2;0;0;3;2;-6,776695;-43,009346;SPRF-PI;DEL03-PI;UOP01-DEL03-PI
615453;19/07/2024;sexta-feira;12:39:00;SC;101;145;ITAPEMA;Manobra de mudança de faixa;Colisão lateral mesmo sentido;Com Vítimas Feridas;Pleno dia;Decrescente;Sol;Dupla;Aclive;Não;2;0;1;0;1;0;1;2;-27,08139206;-48,60130993;SPRF-SC;DEL04-SC;UOP03-DEL04-SC
615455;24/06/2024;segunda-feira;18:40:00;GO;50;150;CAMPO ALEGRE DE GOIAS;Ausência de reação do condutor;Colisão traseira;Sem Vítimas;Plena Noite;Crescente;Céu Claro;Dupla;"Retorno Regulamentado;Curva";Não;2;0;0;0;2;0;0;2;-17,1748;-47,7241;SPRF-GO;DEL06-GO;UOP01-DEL06-GO
615457;19/07/2024;sexta-feira;12:50:00;RS;386;356;ESTRELA;Acessar a via sem observar a presença dos outros veículos;Colisão transversal;Com Vítimas Feridas;Pleno dia;Decrescente;Céu Claro;Dupla;Curva;Sim;5;0;3;0;2;0;3;2;-29,522612;-51,935017;SPRF-RS;DEL04-RS;UOP01-DEL04-RS
615467;19/07/2024;sexta-feira;11:20:00;RO;364;343;JI-PARANA;Retorno proibido;Colisão transversal;Sem Vítimas;Pleno dia;Crescente;Céu Claro;Dupla;Reta;Sim;2;0;0;0;2;0;0;2;-10,87878519;-61,94499012;SPRF-RO;DEL02-RO;UOP01-DEL02-RO
615469;19/07/2024;sexta-feira;04:20:00;MT;364;1206;CAMPOS DE JULIO;Animais na Pista;Saída de leito carroçável;Com Vítimas Feridas;Amanhecer;Crescente;Céu Claro;Simples;Reta;Não;1;0;1;0;0;0;1;1;-13,79121335;-59,36667299;SPRF-MT;DEL04-MT;UOP02-DEL04-MT
615470;19/07/2024;sexta-feira;13:30:00;SP;116;206;GUARULHOS;Ultrapassagem Indevida;Colisão lateral mesmo sentido;Sem Vítimas;Pleno dia;Crescente;Sol;Dupla;"Em Obras;Reta";Sim;10;0;0;0;10;0;0;3;-23,41722629;-46,37510292;SPRF-SP;DEL01-SP;UOP01-DEL01-SP
615471;07/06/2024;sexta-feira;16:30:00;PR;373;265,4;PRUDENTOPOLIS;Reação tardia ou ineficiente do condutor;Engavetamento;Com Vítimas Feridas;Pleno dia;Crescente;Céu Claro;Simples;Declive;Sim;5;0;2;1;2;0;3;3;-25,20110669;-50,97742081;SPRF-PR;DEL08-PR;UOP01-DEL08-PR
615472;19/07/2024;sexta-feira;14:15:00;RS;116;257;ESTEIO;Manobra de mudança de faixa;Colisão traseira;Com Vítimas Feridas;Pleno dia;Decrescente;Céu Claro;Dupla;"Em Obras;Reta";Sim;2;0;1;0;1;0;1;2;-29,85262195;-51,17968329;SPRF-RS;DEL01-RS;UOP02-DEL01-RS
615473;16/07/2024;terça-feira;20:05:00;TO;153;135;ARAGUAINA;Reação tardia ou ineficiente do condutor;Queda de ocupante de veículo;Com Vítimas Feridas;Plena Noite;Crescente;Céu Claro;Simples;Reta;Não;1;0;0;1;0;0;1;1;-7,12896688;-48,19843215;SPRF-TO;DEL02-TO;UOP01-DEL02-TO
615474;19/07/2024;sexta-feira;13:40:00;MG;40;665,3;CARANDAI;Acessar a via sem observar a presença dos outros veículos;Colisão transversal;Com Vítimas Feridas;Pleno dia;Decrescente;Sol;Simples;"Interseção de Vias;Retorno Regulamentado";Não;6;0;6;0;0;0;6;2;-20,943231;-43,810186;SPRF-MG;DEL05-MG;UOP02-DEL05-MG
615476;19/07/2024;sexta-feira;13:20:00;SC;101;40,3;JOINVILLE;Velocidade Incompatível;Capotamento;Com Vítimas Feridas;Pleno dia;Decrescente;Céu Claro;Dupla;Reta;Sim;1;0;0;1;0;0;1;1;-26,30608829;-48,8804765;SPRF-SC;DEL03-SC;UOP01-DEL03-SC
615478;19/07/2024;sexta-feira;14:30:00;PR;376;603;CURITIBA;Acessar a via sem observar a presença dos outros veículos;Colisão transversal;Com Vítimas Feridas;Pleno dia;Crescente;Nublado;Dupla;Reta;Não;2;0;1;0;1;0;1;2;-25,5452876;-49,29755393;SPRF-PR;DEL01-PR;UOP06-DEL01-PR
615479;06/07/2024;sábado;00:50:00;MS;163;276;DOURADOS;Reação tardia ou ineficiente do condutor;Tombamento;Com Vítimas Feridas;Plena Noite;Crescente;Céu Claro;Dupla;Rotatória;Sim;1;0;1;0;0;0;1;1;-22,16094591;-54,64879607;SPRF-MS;DEL04-MS;UOP01-DEL04-MS
615481;19/07/2024;sexta-feira;14:30:00;BA;235;252;JUAZEIRO;Trafegar com motocicleta (ou similar) entre as faixas;Colisão lateral mesmo sentido;Com Vítimas Feridas;Pleno dia;Crescente;Nublado;Simples;Reta;Sim;2;0;0;1;1;0;1;2;-9,4270754;-40,504786;SPRF-BA;DEL07-BA;UOP01-DEL07-BA
615482;19/07/2024;sexta-feira;15:20:00;ES;101;125,1;SOORETAMA;Frear bruscamente;Tombamento;Com Vítimas Feridas;Pleno dia;Decrescente;Céu Claro;Dupla;Reta;Sim;1;0;0;1;0;0;1;1;-19,18496498;-40,09429827;SPRF-ES;DEL04-ES;UOP01-DEL04-ES
615483;19/07/2024;sexta-feira;15:00:00;CE;116;5,7;FORTALEZA;Ausência de reação do condutor;Colisão traseira;Com Vítimas Feridas;Pleno dia;Decrescente;Céu Claro;Múltipla;Reta;Não;2;0;0;1;1;0;1;2;-3,802624;-38,50400499;SPRF-CE;DEL01-CE;UOP02-DEL01-CE
615484;19/07/2024;sexta-feira;10:30:00;PR;373;432,7;CHOPINZINHO;Velocidade Incompatível;Saída de leito carroçável;Com Vítimas Feridas;Pleno dia;Crescente;Céu Claro;Simples;Curva;Não;2;0;0;2;0;0;2;1;-25,7538398;-52,25069915;SPRF-PR;DEL02-PR;UOP01-DEL02-PR
615485;19/07/2024;sexta-feira;15:44:00;SC;282;52,6;AGUAS MORNAS;Demais falhas mecânicas ou elétricas;Incêndio;Sem Vítimas;Pleno dia;Crescente;Céu Claro;Simples;"Aclive;Curva";Não;1;0;0;0;1;0;0;1;-27,69405141;-48,97024023;SPRF-SC;DEL01-SC;UOP03-DEL01-SC
615486;19/07/2024;sexta-feira;15:50:00;PR;277;586,4;CASCAVEL;Desrespeitar a preferência no cruzamento;Colisão transversal;Com Vítimas Feridas;Pleno dia;Crescente;Céu Claro;Simples;"Interseção de Vias;Reta";Sim;2;0;1;0;1;0;1;2;-24,96664204;-53,42419553;SPRF-PR;DEL04-PR;UOP01-DEL04-PR
615488;19/07/2024;sexta-feira;09:30:00;MG;262;36,6;MANHUACU;Acessar a via sem observar a presença dos outros veículos;Colisão transversal;Com Vítimas Feridas;Pleno dia;Decrescente;Sol;Simples;Reta;Sim;2;0;0;1;1;0;1;2;-20,25748975;-42,03048732;SPRF-MG;DEL06-MG;UOP03-DEL06-MG
615489;19/07/2024;sexta-feira;14:45:00;MG;40;700,6;BARBACENA;Acesso irregular;Colisão transversal;Com Vítimas Feridas;Pleno dia;Crescente;Sol;Dupla;Reta;Não;2;0;1;0;1;0;1;2;-21,211363;-43,749588;SPRF-MG;DEL05-MG;UOP02-DEL05-MG
615490;19/07/2024;sexta-feira;15:40:00;PR;376;131;NOVA ESPERANCA;Ausência de reação do condutor;Saída de leito carroçável;Com Vítimas Feridas;Pleno dia;Crescente;Céu Claro;Dupla;Reta;Não;1;0;1;0;0;0;1;1;-23,17841393;-52,22515697;SPRF-PR;DEL09-PR;UOP02-DEL09-PR
615492;19/07/2024;sexta-feira;14:00:00;SC;116;7;MAFRA;Desrespeitar a preferência no cruzamento;Colisão transversal;Com Vítimas Feridas;Pleno dia;Decrescente;Céu Claro;Simples;Reta;Sim;2;0;1;0;1;0;1;2;-26,15196176;-49,83102416;SPRF-SC;DEL06-SC;UOP01-DEL06-SC
615493;19/07/2024;sexta-feira;16:10:00;SC;101;195;BIGUACU;Ausência de reação do condutor;Colisão traseira;Sem Vítimas;Pleno dia;Crescente;Céu Claro;Múltipla;Reta;Não;3;0;0;0;2;1;0;3;-27,5047092;-48,65010819;SPRF-SC;DEL01-SC;UOP01-DEL01-SC
615494;19/07/2024;sexta-feira;16:00:00;RJ;116;173;SAO JOAO DE MERITI;Ausência de reação do condutor;Colisão traseira;Com Vítimas Feridas;Pleno dia;Crescente;Céu Claro;Dupla;Reta;Sim;3;0;1;1;0;1;2;2;-22,79810324;-43,35726614;SPRF-RJ;DEL06-RJ;UOP01-DEL06-RJ
615497;24/05/2024;sexta-feira;13:50:00;RS;392;6,5;RIO GRANDE;Desrespeitar a preferência no cruzamento;Colisão transversal;Com Vítimas Feridas;Pleno dia;Crescente;Chuva;Simples;"Interseção de Vias;Reta";Sim;2;0;2;0;0;0;2;2;-32,0849901;-52,10592673;SPRF-RS;DEL07-RS;UOP02-DEL07-RS
615500;19/07/2024;sexta-feira;17:00:00;SC;101;202,6;SAO JOSE;Trafegar com motocicleta (ou similar) entre as faixas;Colisão lateral mesmo sentido;Com Vítimas Feridas;Pleno dia;Crescente;Céu Claro;Múltipla;Reta;Sim;3;0;2;0;1;0;2;2;-27,55711595;-48,61897889;SPRF-SC;DEL01-SC;UOP01-DEL01-SC
615502;19/07/2024;sexta-feira;15:40:00;RJ;393;206;VASSOURAS;Ausência de reação do condutor;Saída de leito carroçável;Com Vítimas Feridas;Pleno dia;Crescente;Céu Claro;Simples;Reta;Não;2;0;2;0;0;0;2;1;-22,24397874;-43,42347021;SPRF-RJ;DEL05-RJ;UOP03-DEL05-RJ
615504;19/07/2024;sexta-feira;15:26:00;MG;262;418;PARA DE MINAS;Acessar a via sem observar a presença dos outros veículos;Colisão transversal;Sem Vítimas;Pleno dia;Crescente;Sol;Dupla;Retorno Regulamentado;Não;2;0;0;0;2;0;0;2;-19,89963382;-44,69608755;SPRF-MG;DEL08-MG;UOP03-DEL08-MG
615505;19/07/2024;sexta-feira;16:55:00;PR;163;274;QUATRO PONTES;Acessar a via sem observar a presença dos outros veículos;Colisão traseira;Com Vítimas Feridas;Pleno dia;Crescente;Sol;Dupla;Reta;Não;7;0;4;1;2;0;5;2;-24,61251383;-53,94478198;SPRF-PR;DEL06-PR;UOP02-DEL06-PR
615507;19/07/2024;sexta-feira;15:00:00;PR;158;289,2;RONCADOR;Ausência de reação do condutor;Colisão frontal;Com Vítimas Feridas;Pleno dia;Decrescente;Céu Claro;Simples;"Aclive;Reta";Não;2;0;1;0;1;0;1;2;-24,55528741;-52,27350535;SPRF-PR;DEL09-PR;UOP03-DEL09-PR
615508;19/07/2024;sexta-feira;17:40:00;RN;304;301;MACAIBA;Condutor deixou de manter distância do veículo da frente;Colisão traseira;Com Vítimas Feridas;Anoitecer;Decrescente;Céu Claro;Dupla;Reta;Não;2;0;1;0;1;0;1;2;-5,87657067;-35,30647289;SPRF-RN;DEL01-RN;UOP02-DEL01-RN
615510;19/07/2024;sexta-feira;16:55:00;RN;101;107;PARNAMIRIM;Condutor deixou de manter distância do veículo da frente;Colisão traseira;Com Vítimas Feridas;Anoitecer;Decrescente;Céu Claro;Dupla;Reta;Sim;3;0;2;0;0;1;2;2;-5,91920796;-35,26412409;SPRF-RN;DEL01-RN;UOP01-DEL01-RN
615511;19/07/2024;sexta-feira;16:20:00;GO;40;50,4;LUZIANIA;Reação tardia ou ineficiente do condutor;Saída de leito carroçável;Com Vítimas Feridas;Pleno dia;Decrescente;Céu Claro;Simples;Reta;Não;1;0;1;0;0;0;1;1;-16,442519;-47,813013;SPRF-DF;DEL01-DF;UOP02-DEL01-DF
615512;19/07/2024;sexta-feira;10:20:00;SC;101;338;TUBARAO;Condutor deixou de manter distância do veículo da frente;Colisão traseira;Com Vítimas Feridas;Pleno dia;Crescente;Céu Claro;Múltipla;"Reta;Declive";Não;2;0;1;0;1;0;1;2;-28,485725;-49,03726;SPRF-SC;DEL02-SC;UOP01-DEL02-SC
615514;19/07/2024;sexta-feira;17:17:00;PE;232;10,5;JABOATAO DOS GUARARAPES;Acesso irregular;Colisão transversal;Sem Vítimas;Anoitecer;Decrescente;Céu Claro;Dupla;Interseção de Vias;Sim;4;0;0;0;4;0;0;2;-8,081492;-34,99041;SPRF-PE;DEL01-PE;UOP01-DEL01-PE
615516;19/07/2024;sexta-feira;16:10:00;SC;101;148;ITAPEMA;Reação tardia ou ineficiente do condutor;Colisão traseira;Com Vítimas Feridas;Pleno dia;Decrescente;Sol;Dupla;Reta;Sim;2;0;1;0;1;0;1;2;-27,10123686;-48,61807962;SPRF-SC;DEL04-SC;UOP03-DEL04-SC
615517;19/07/2024;sexta-feira;18:00:00;ES;101;145,9;LINHARES;Manobra de mudança de faixa;Tombamento;Com Vítimas Feridas;Plena Noite;Crescente;Céu Claro;Dupla;Reta;Sim;1;0;1;0;0;0;1;1;-19,36089598;-40,06464018;SPRF-ES;DEL04-ES;UOP01-DEL04-ES
615518;19/07/2024;sexta-feira;17:20:00;GO;60;6;SANTO ANTONIO DO DESCOBERTO;Demais falhas mecânicas ou elétricas;Saída de leito carroçável;Com Vítimas Feridas;Anoitecer;Decrescente;Céu Claro;Dupla;Reta;Não;3;0;3;0;0;0;3;1;-16,099156;-48,285857;SPRF-DF;DEL03-DF;UOP01-DEL03-DF
615519;19/07/2024;sexta-feira;18:20:00;PR;369;149;LONDRINA;Manobra de mudança de faixa;Colisão lateral mesmo sentido;Com Vítimas Feridas;Plena Noite;Decrescente;Céu Claro;Dupla;Reta;Sim;2;0;1;0;1;0;1;2;-23,292969;-51,157054;SPRF-PR;DEL07-PR;UOP01-DEL07-PR
615520;19/07/2024;sexta-feira;18:30:00;MG;40;810;MATIAS BARBOSA;Pedestre andava na pista;Atropelamento de Pedestre;Com Vítimas Feridas;Plena Noite;Crescente;Céu Claro;Dupla;Reta;Não;2;0;0;1;1;0;1;2;-21,875084;-43,339466;SPRF-MG;DEL05-MG;UOP01-DEL05-MG