id;data_inversa;dia_semana;horario;uf;br;km;municipio;causa_acidente;tipo_acidente;classificacao_acidente;fase_dia;sentido_via;condicao_metereologica;tipo_pista;tracado_via;uso_solo;pessoas;mortos;feridos_leves;feridos_graves;ilesos;ignorados;feridos;veiculos;latitude;longitude;regional;delegacia;uop
615758;19/07/2024;sexta-feira;20:35:00;ES;0;0;VILA VELHA;Animais na Pista;Atropelamento de Animal;Sem Vítimas;Plena Noite;Não Informado;Céu Claro;Dupla;"Aclive;Reta";Sim;1;0;0;0;1;0;0;1;-20,52808648;-40,3801775;SPRF-ES;DEL03-ES;UOP01-DEL03-ES
615759;20/07/2024;sábado;18:45:00;MG;381;749,4;TRES CORACOES;Acessar a via sem observar a presença dos outros veículos;Atropelamento de Pedestre;Com Vítimas Fatais;Plena Noite;Crescente;Céu Claro;Dupla;Reta;Não;2;1;0;0;0;1;0;2;-21,66281681;-45,30798018;SPRF-MG;DEL16-MG;UOP02-DEL16-MG
615761;20/07/2024;sábado;18:35:00;PR;369;179;ARAPONGAS;Reação tardia ou ineficiente do condutor;Tombamento;Com Vítimas Feridas;Plena Noite;Decrescente;Céu Claro;Dupla;Reta;Não;1;0;1;0;0;0;1;1;-23,36229;-51,40052;SPRF-PR;DEL07-PR;UOP03-DEL07-PR
615762;20/07/2024;sábado;18:39:00;PR;116;116;CURITIBA;Demais falhas mecânicas ou elétricas;Tombamento;Com Vítimas Feridas;Plena Noite;Crescente;Nublado;Dupla;Reta;Não;2;0;2;0;0;0;2;1;-25,55468195;-49,27402397;SPRF-PR;DEL01-PR;UOP03-DEL01-PR
615763;20/07/2024;sábado;18:47:00;GO;60;118;TEREZOPOLIS DE GOIAS;Desrespeitar a preferência no cruzamento;Colisão transversal;Com Vítimas Feridas;Plena Noite;Crescente;Céu Claro;Dupla;"Reta;Interseção de Vias";Sim;2;0;1;0;0;1;1;2;-16,4848;-49,0935;SPRF-GO;DEL01-GO;UOP01-DEL01-GO
615764;20/07/2024;sábado;19:10:00;RN;110;45;MOSSORO;Ausência de reação do condutor;Colisão lateral mesmo sentido;Com Vítimas Feridas;Plena Noite;Decrescente;Céu Claro;Simples;Reta;Sim;2;0;0;1;0;1;1;2;-5,19257993;-37,31114905;SPRF-RN;DEL04-RN;UOP01-DEL04-RN
615765;20/07/2024;sábado;18:15:00;RJ;101;406,8;ITAGUAI;Reação tardia ou ineficiente do condutor;Colisão traseira;Com Vítimas Feridas;Plena Noite;Crescente;Nublado;Dupla;Reta;Sim;4;0;3;0;1;0;3;2;-22,876913;-43,8169;SPRF-RJ;DEL03-RJ;UOP01-DEL03-RJ
615766;20/07/2024;sábado;14:30:00;MA;316;621;TIMON;Condutor deixou de manter distância do veículo da frente;Colisão traseira;Com Vítimas Feridas;Pleno dia;Crescente;Céu Claro;Simples;"Ponte;Reta";Sim;3;0;1;0;2;0;1;2;-5,13095323;-42,81414986;SPRF-MA;DEL03-MA;UOP02-DEL03-MA
615767;20/07/2024;sábado;18:30:00;RJ;101;285;ITABORAI;Ausência de sinalização;Colisão com objeto;Sem Vítimas;Plena Noite;Crescente;Céu Claro;Dupla;Reta;Não;2;0;0;0;1;1;0;2;-22,7498742;-42,81644087;SPRF-RJ;DEL02-RJ;UOP02-DEL02-RJ
615768;20/07/2024;sábado;19:04:00;RN;101;101;PARNAMIRIM;Manobra de mudança de faixa;Colisão transversal;Com Vítimas Feridas;Plena Noite;Decrescente;Céu Claro;Múltipla;Interseção de Vias;Sim;3;0;2;0;1;0;2;2;-5,88681084;-35,23143404;SPRF-RN;DEL01-RN;UOP01-DEL01-RN
615769;20/07/2024;sábado;18:24:00;MS;163;266,1;DOURADOS;Ausência de reação do condutor;Queda de ocupante de veículo;Com Vítimas Feridas;Plena Noite;Crescente;Céu Claro;Dupla;Reta;Sim;1;0;0;1;0;0;1;1;-22,21821026;-54,72287079;SPRF-MS;DEL04-MS;UOP01-DEL04-MS
615770;20/07/2024;sábado;18:20:00;ES;101;241;SERRA;Acessar a via sem observar a presença dos outros veículos;Colisão lateral mesmo sentido;Com Vítimas Feridas;Plena Noite;Crescente;Céu Claro;Simples;"Curva;Retorno Regulamentado";Não;2;0;1;0;0;1;1;2;-20,02389596;-40,39998096;SPRF-ES;DEL02-ES;UOP01-DEL02-ES
615771;20/07/2024;sábado;19:15:00;MG;50;27,5;ARAGUARI;Reação tardia ou ineficiente do condutor;Saída de leito carroçável;Sem Vítimas;Plena Noite;Decrescente;Céu Claro;Dupla;Aclive;Não;1;0;0;0;0;1;0;1;-18,61943321;-48,09375199;SPRF-MG;DEL15-MG;UOP02-DEL15-MG
615772;20/07/2024;sábado;17:10:00;RJ;101;406;ITAGUAI;Velocidade Incompatível;Colisão com objeto;Sem Vítimas;Pleno dia;Decrescente;Céu Claro;Dupla;Reta;Não;1;0;0;0;0;1;0;1;-22,87188798;-43,80896322;SPRF-RJ;DEL03-RJ;UOP01-DEL03-RJ
615773;20/07/2024;sábado;18:20:00;PB;104;136;QUEIMADAS;Ingestão de álcool pelo condutor;Saída de leito carroçável;Sem Vítimas;Plena Noite;Decrescente;Céu Claro;Simples;Reta;Não;1;0;0;0;1;0;0;1;-7,34336909;-35,89968752;SPRF-PB;DEL02-PB;UOP03-DEL02-PB
615774;20/07/2024;sábado;18:40:00;PI;316;0,2;TERESINA;Manobra de mudança de faixa;Colisão lateral sentido oposto;Sem Vítimas;Plena Noite;Crescente;Céu Claro;Simples;"Aclive;Reta";Sim;3;0;0;0;1;2;0;3;-5,129138;-42,808475;SPRF-PI;DEL01-PI;UOP02-DEL01-PI
615775;20/07/2024;sábado;18:50:00;PR;116;11;COLOMBO;Reação tardia ou ineficiente do condutor;Colisão traseira;Com Vítimas Feridas;Anoitecer;Crescente;Céu Claro;Dupla;Reta;Sim;4;0;1;0;3;0;1;3;-25,372227;-49,136564;SPRF-PR;DEL01-PR;UOP02-DEL01-PR
615776;20/07/2024;sábado;19:40:00;SP;116;298;ITAPECERICA DA SERRA;Ausência de reação do condutor;Colisão com objeto;Sem Vítimas;Plena Noite;Decrescente;Céu Claro;Dupla;Reta;Não;1;0;0;0;1;0;0;1;-23,790858;-46,91450298;SPRF-SP;DEL04-SP;UOP01-DEL04-SP
615777;20/07/2024;sábado;19:15:00;RJ;40;107;DUQUE DE CAXIAS;Condutor deixou de manter distância do veículo da frente;Colisão traseira;Com Vítimas Feridas;Plena Noite;Crescente;Nublado;Dupla;Reta;Não;3;0;1;0;1;1;1;2;-22,65581497;-43,28378546;SPRF-RJ;DEL01-RJ;UOP02-DEL01-RJ
615778;20/07/2024;sábado;17:55:00;RJ;40;104;DUQUE DE CAXIAS;Reação tardia ou ineficiente do condutor;Colisão com objeto;Com Vítimas Feridas;Anoitecer;Decrescente;Céu Claro;Múltipla;Curva;Sim;1;0;1;0;0;0;1;1;-22,62897902;-43,28579508;SPRF-RJ;DEL01-RJ;UOP02-DEL01-RJ
615780;20/07/2024;sábado;19:45:00;SE;101;89;NOSSA SENHORA DO SOCORRO;Ausência de reação do condutor;Queda de ocupante de veículo;Com Vítimas Feridas;Plena Noite;Crescente;Céu Claro;Múltipla;Reta;Não;2;0;2;0;0;0;2;1;-10,88051024;-37,13355535;SPRF-SE;DEL01-SE;UOP01-DEL01-SE
615781;20/07/2024;sábado;14:20:00;MG;365;682;MONTE ALEGRE DE MINAS;Ausência de reação do condutor;Saída de leito carroçável;Sem Vítimas;Pleno dia;Decrescente;Céu Claro;Dupla;Reta;Não;1;0;0;0;0;1;0;1;-18,85061244;-48,83796296;SPRF-MG;DEL15-MG;UOP01-DEL15-MG
615782;20/07/2024;sábado;19:25:00;SC;101;146,8;ITAPEMA;Reação tardia ou ineficiente do condutor;Engavetamento;Com Vítimas Feridas;Plena Noite;Decrescente;Céu Claro;Dupla;Reta;Sim;3;0;1;0;2;0;1;3;-27,08666525;-48,60955587;SPRF-SC;DEL04-SC;UOP03-DEL04-SC
615783;20/07/2024;sábado;19:45:00;SC;470;59,3;BLUMENAU;Ingestão de álcool pelo condutor;Colisão lateral sentido oposto;Sem Vítimas;Plena Noite;Decrescente;Céu Claro;Simples;"Aclive;Curva";Não;3;0;0;0;3;0;0;2;-26,88227474;-49,15867036;SPRF-SC;DEL04-SC;UOP01-DEL04-SC
615787;20/07/2024;sábado;20:00:00;PE;423;68,4;JUPI;Acessar a via sem observar a presença dos outros veículos;Colisão frontal;Com Vítimas Feridas;Plena Noite;Crescente;Céu Claro;Simples;Aclive;Não;3;0;0;2;0;1;2;2;-8,67263685;-36,39346504;SPRF-PE;DEL03-PE;UOP01-DEL03-PE
615788;20/07/2024;sábado;19:33:00;MG;116;585,5;MANHUACU;Desrespeitar a preferência no cruzamento;Colisão transversal;Com Vítimas Feridas;Plena Noite;Crescente;Céu Claro;Simples;Reta;Sim;3;0;0;1;2;0;1;2;-20,22987753;-42,17260057;SPRF-MG;DEL06-MG;UOP03-DEL06-MG
615789;20/07/2024;sábado;19:25:00;MG;40;630,8;CONSELHEIRO LAFAIETE;Manobra de mudança de faixa;Colisão lateral mesmo sentido;Com Vítimas Feridas;Plena Noite;Decrescente;Céu Claro;Simples;"Aclive;Reta";Sim;2;0;1;0;1;0;1;2;-20,66937808;-43,80151391;SPRF-MG;DEL05-MG;UOP02-DEL05-MG
615791;20/07/2024;sábado;19:20:00;RN;226;151,2;CURRAIS NOVOS;Transitar na contramão;Colisão lateral sentido oposto;Com Vítimas Feridas;Plena Noite;Decrescente;Céu Claro;Simples;Reta;Não;5;0;2;0;3;0;2;2;-6,20737266;-36,31675389;SPRF-RN;DEL03-RN;UOP02-DEL03-RN
615792;20/07/2024;sábado;19:50:00;SP;381;38;ATIBAIA;Ingestão de álcool pelo condutor;Colisão com objeto;Com Vítimas Feridas;Plena Noite;Crescente;Céu Claro;Dupla;Reta;Sim;1;0;1;0;0;0;1;1;-23,1133221;-46,57174974;SPRF-SP;DEL03-SP;UOP01-DEL03-SP
615794;20/07/2024;sábado;18:55:00;RJ;465;18;SEROPEDICA;Acesso irregular;Colisão transversal;Com Vítimas Feridas;Plena Noite;Crescente;Céu Claro;Simples;Reta;Não;3;0;1;0;2;0;1;2;-22,831354;-43,615128;SPRF-RJ;DEL06-RJ;UOP02-DEL06-RJ
615795;20/07/2024;sábado;16:50:00;RJ;101;312;SAO GONCALO;Entrada inopinada do pedestre;Atropelamento de Pedestre;Com Vítimas Fatais;Anoitecer;Crescente;Sol;Dupla;Reta;Não;2;1;0;0;1;0;0;2;-22,80546555;-43,06156967;SPRF-RJ;DEL02-RJ;UOP02-DEL02-RJ
615797;20/07/2024;sábado;19:20:00;PR;467;102,6;CASCAVEL;Ingestão de álcool pelo condutor;Saída de leito carroçável;Sem Vítimas;Plena Noite;Crescente;Céu Claro;Múltipla;Aclive;Não;1;0;0;0;1;0;0;1;-24,9036;-53,5184;SPRF-PR;DEL04-PR;UOP01-DEL04-PR
615798;20/07/2024;sábado;15:25:00;PR;163;234,3;TOLEDO;Transitar na contramão;Colisão frontal;Com Vítimas Feridas;Pleno dia;Crescente;Sol;Múltipla;"Aclive;Reta";Não;2;0;2;0;0;0;2;2;-24,76865497;-53,68675232;SPRF-PR;DEL04-PR;UOP01-DEL04-PR
615799;20/07/2024;sábado;13:15:00;RJ;465;20;SEROPEDICA;Acesso irregular;Colisão lateral mesmo sentido;Com Vítimas Feridas;Pleno dia;Crescente;Céu Claro;Simples;Reta;Sim;3;0;1;0;2;0;1;3;-22,846828;-43,605339;SPRF-RJ;DEL06-RJ;UOP02-DEL06-RJ
615800;20/07/2024;sábado;20:00:00;PR;277;72;SAO JOSE DOS PINHAIS;Ausência de reação do condutor;Colisão lateral mesmo sentido;Sem Vítimas;Plena Noite;Crescente;Céu Claro;Dupla;Reta;Sim;3;0;0;0;2;1;0;2;-25,52522628;-49,09755612;SPRF-PR;DEL01-PR;UOP07-DEL01-PR
615801;20/07/2024;sábado;20:00:00;GO;60;338;SANTO ANTONIO DA BARRA;Condutor Dormindo;Saída de leito carroçável;Com Vítimas Feridas;Plena Noite;Decrescente;Céu Claro;Dupla;Reta;Não;3;0;1;0;0;2;1;2;-17,552817;-50,607287;SPRF-GO;DEL04-GO;UOP02-DEL04-GO
615803;20/07/2024;sábado;09:00:00;SC;101;255;PAULO LOPES;Demais falhas mecânicas ou elétricas;Capotamento;Com Vítimas Feridas;Pleno dia;Crescente;Céu Claro;Dupla;Curva;Não;2;0;1;0;1;0;1;1;-27,98242299;-48,67898469;SPRF-SC;DEL02-SC;UOP03-DEL02-SC
615804;20/07/2024;sábado;20:10:00;MG;153;98;PRATA;Ausência de reação do condutor;Colisão com objeto;Com Vítimas Fatais;Plena Noite;Crescente;Nublado;Simples;"Ponte;Declive;Reta";Não;2;1;0;1;0;0;1;1;-19,21129908;-48,93783422;SPRF-MG;DEL15-MG;UOP03-DEL15-MG
615805;20/07/2024;sábado;21:30:00;ES;101;285,3;CARIACICA;Velocidade Incompatível;Saída de leito carroçável;Sem Vítimas;Plena Noite;Decrescente;Céu Claro;Dupla;"Reta;Aclive";Sim;2;0;0;0;1;1;0;1;-20,25148171;-40,37270066;SPRF-ES;DEL01-ES;UOP01-DEL01-ES
615807;20/07/2024;sábado;22:23:00;GO;40;15;LUZIANIA;Retorno proibido;Colisão transversal;Com Vítimas Feridas;Plena Noite;Crescente;Céu Claro;Dupla;Reta;Sim;2;0;1;0;1;0;1;2;-16,1671;-47,930161;SPRF-DF;DEL01-DF;UOP01-DEL01-DF
615808;20/07/2024;sábado;21:30:00;MG;381;489;CONTAGEM;Ultrapassagem Indevida;Colisão lateral mesmo sentido;Com Vítimas Feridas;Plena Noite;Crescente;Céu Claro;Dupla;Reta;Não;3;0;1;0;1;1;1;2;-19,96245618;-44,16455495;SPRF-MG;DEL01-MG;UOP03-DEL01-MG
615810;20/07/2024;sábado;20:50:00;MG;262;56;MANHUACU;Acessar a via sem observar a presença dos outros veículos;Colisão lateral mesmo sentido;Com Vítimas Feridas;Plena Noite;Decrescente;Céu Claro;Simples;Reta;Não;3;0;1;0;2;0;1;2;-20,26638115;-42,18214384;SPRF-MG;DEL06-MG;UOP03-DEL06-MG
615811;20/07/2024;sábado;21:50:00;DF;20;38;BRASILIA;Demais falhas mecânicas ou elétricas;Queda de ocupante de veículo;Com Vítimas Feridas;Plena Noite;Crescente;Nublado;Dupla;Declive;Não;1;0;1;0;0;0;1;1;-15,581634;-47,531307;SPRF-DF;DEL02-DF;UOP01-DEL02-DF
615812;20/07/2024;sábado;22:45:00;PR;476;159;ARAUCARIA;Acessar a via sem observar a presença dos outros veículos;Colisão frontal;Com Vítimas Feridas;Plena Noite;Crescente;Céu Claro;Simples;Reta;Não;2;0;1;0;1;0;1;2;-25,617157;-49,43169;SPRF-PR;DEL01-PR;UOP06-DEL01-PR
615813;20/07/2024;sábado;15:25:00;RJ;116;200;QUEIMADOS;Pedestre andava na pista;Atropelamento de Pedestre;Com Vítimas Feridas;Pleno dia;Crescente;Céu Claro;Dupla;Reta;Sim;3;0;1;0;2;0;1;2;-22,7306082;-43,59401795;SPRF-RJ;DEL06-RJ;UOP02-DEL06-RJ
615814;20/07/2024;sábado;19:30:00;SC;280;77;JARAGUA DO SUL;Ausência de reação do condutor;Colisão frontal;Com Vítimas Feridas;Plena Noite;Decrescente;Céu Claro;Simples;Reta;Não;3;0;2;0;1;0;2;2;-26,45514314;-49,18726132;SPRF-SC;DEL03-SC;UOP03-DEL03-SC
615815;20/07/2024;sábado;22:45:00;RS;101;32;TRES CACHOEIRAS;Reação tardia ou ineficiente do condutor;Saída de leito carroçável;Com Vítimas Feridas;Plena Noite;Decrescente;Nublado;Múltipla;Reta;Sim;1;0;0;1;0;0;1;1;-29,49424084;-49,97664153;SPRF-RS;DEL03-RS;UOP02-DEL03-RS
615816;20/07/2024;sábado;22:00:00;MG;262;883;CAMPO FLORIDO;Velocidade Incompatível;Colisão traseira;Com Vítimas Feridas;Plena Noite;Crescente;Céu Claro;Simples;Reta;Não;2;0;0;1;0;1;1;2;-19,77688698;-48,55507001;SPRF-MG;DEL13-MG;UOP02-DEL13-MG
615817;20/07/2024;sábado;21:30:00;BA;116;646;JAGUAQUARA;Velocidade Incompatível;Saída de leito carroçável;Com Vítimas Feridas;Plena Noite;Decrescente;Céu Claro;Simples;Reta;Não;1;0;1;0;0;0;1;1;-13,58007199;-40,08034578;SPRF-BA;DEL03-BA;UOP01-DEL03-BA
615818;20/07/2024;sábado;22:40:00;SP;116;309;SAO LOURENCO DA SERRA;Ausência de reação do condutor;Colisão traseira;Sem Vítimas;Pleno dia;Decrescente;Nublado;Dupla;Aclive;Não;3;0;0;0;3;0;0;2;-23,86766013;-46,95354593;SPRF-SP;DEL04-SP;UOP01-DEL04-SP
615820;20/07/2024;sábado;23:10:00;SC;101;358,5;SANGAO;Ingestão de álcool pelo condutor;Capotamento;Com Vítimas Feridas;Plena Noite;Crescente;Céu Claro;Dupla;Reta;Não;1;0;1;0;0;0;1;1;-28,65231308;-49,10663366;SPRF-SC;DEL02-SC;UOP01-DEL02-SC
615821;20/07/2024;sábado;23:00:00;PR;476;117;COLOMBO;Ingestão de álcool pelo condutor;Colisão traseira;Sem Vítimas;Plena Noite;Crescente;Céu Claro;Múltipla;"Interseção de Vias;Reta";Sim;2;0;0;0;2;0;0;2;-25,348623;-49,175663;SPRF-PR;DEL01-PR;UOP01-DEL01-PR
615822;20/07/2024;sábado;18:50:00;CE;0;0;UMIRIM;Condutor deixou de manter distância do veículo da frente;Colisão traseira;Com Vítimas Feridas;Plena Noite;Não Informado;Céu Claro;Simples;Reta;Sim;4;0;2;0;1;1;2;2;-3,67541618;-39,33870394;SPRF-CE;DEL04-CE;UOP03-DEL04-CE
615823;20/07/2024;sábado;22:04:00;MS;163;486,5;CAMPO GRANDE;Ausência de reação do condutor;Colisão lateral mesmo sentido;Com Vítimas Feridas;Plena Noite;Crescente;Céu Claro;Simples;Declive;Sim;2;0;0;1;1;0;1;2;-20,4336361;-54,54376745;SPRF-MS;DEL01-MS;UOP02-DEL01-MS
615825;20/07/2024;sábado;20:00:00;PA;230;475;PACAJA;Reação tardia ou ineficiente do condutor;Colisão traseira;Com Vítimas Fatais;Plena Noite;Decrescente;Céu Claro;Simples;Reta;Não;4;3;0;0;0;1;0;2;-3,58597984;-51,06615988;SPRF-PA;DEL04-PA;UOP01-DEL04-PA
615826;20/07/2024;sábado;22:30:00;RJ;101;61;CAMPOS DOS GOYTACAZES;Reação tardia ou ineficiente do condutor;Colisão traseira;Com Vítimas Feridas;Plena Noite;Decrescente;Céu Claro;Simples;Curva;Sim;4;0;2;0;2;0;2;2;-21,72655788;-41,32133519;SPRF-RJ;DEL08-RJ;UOP01-DEL08-RJ
615828;20/07/2024;sábado;23:56:00;SP;116;101,2;PINDAMONHANGABA;Ingestão de álcool pelo condutor;Colisão com objeto;Sem Vítimas;Plena Noite;Decrescente;Céu Claro;Dupla;"Reta;Aclive";Não;3;0;0;0;3;0;0;1;-22,99161921;-45,48312133;SPRF-SP;DEL08-SP;UOP01-DEL08-SP
615829;20/07/2024;sábado;23:50:00;RS;116;335;BARRA DO RIBEIRO;Animais na Pista;Atropelamento de Animal;Com Vítimas Feridas;Plena Noite;Crescente;Nublado;Múltipla;Reta;Não;2;0;2;0;0;0;2;1;-30,41653446;-51,46133947;SPRF-RS;DEL02-RS;UOP02-DEL02-RS
615830;21/07/2024;domingo;00:15:00;PB;101;91;JOAO PESSOA;Ingestão de álcool pelo condutor;Colisão com objeto;Sem Vítimas;Plena Noite;Crescente;Garoa/Chuvisco;Dupla;"Interseção de Vias;Reta";Sim;1;0;0;0;0;1;0;1;-7,18826412;-34,90308264;SPRF-PB;DEL01-PB;UOP02-DEL01-PB
615831;20/07/2024;sábado;23:20:00;PE;232;161,7;TACAIMBO;Pedestre andava na pista;Atropelamento de Pedestre;Com Vítimas Feridas;Plena Noite;Decrescente;Céu Claro;Simples;Reta;Não;2;0;1;0;0;1;1;2;-8,33222779;-36,26248895;SPRF-PE;DEL03-PE;UOP02-DEL03-PE
615832;20/07/2024;sábado;23:00:00;BA;415;24;ILHEUS;Ingestão de álcool pelo condutor;Colisão lateral sentido oposto;Com Vítimas Feridas;Plena Noite;Decrescente;Céu Claro;Dupla;Reta;Não;4;0;0;2;2;0;2;2;-14,79943464;-39,16888498;SPRF-BA;DEL05-BA;UOP01-DEL05-BA
615833;20/07/2024;sábado;21:45:00;GO;40;20;LUZIANIA;Demais falhas mecânicas ou elétricas;Colisão traseira;Com Vítimas Feridas;Plena Noite;Decrescente;Céu Claro;Dupla;Reta;Sim;3;0;1;1;1;0;2;2;-16,21849;-47,915478;SPRF-DF;DEL01-DF;UOP01-DEL01-DF
615834;20/07/2024;sábado;21:00:00;MT;364;272,9;JACIARA;Reação tardia ou ineficiente do condutor;Queda de ocupante de veículo;Com Vítimas Feridas;Plena Noite;Crescente;Céu Claro;Dupla;Curva;Sim;1;0;1;0;0;0;1;1;-15,96667987;-54,96121981;SPRF-MT;DEL05-MT;UOP02-DEL05-MT
615835;20/07/2024;sábado;21:15:00;PR;280;317;BARRACAO;Ingestão de álcool pelo condutor;Colisão traseira;Com Vítimas Feridas;Plena Noite;Crescente;Céu Claro;Simples;Reta;Não;2;0;2;0;0;0;2;2;-26,28992563;-53,54785466;SPRF-PR;DEL02-PR;UOP01-DEL02-PR
615836;21/07/2024;domingo;01:01:00;MG;40;555;NOVA LIMA;Velocidade Incompatível;Saída de leito carroçável;Com Vítimas Feridas;Plena Noite;Decrescente;Céu Claro;Dupla;"Reta;Aclive";Não;2;0;2;0;0;0;2;1;-20,08472706;-43,97697012;SPRF-MG;DEL01-MG;UOP02-DEL01-MG
615838;20/07/2024;sábado;23:48:00;RN;304;294,8;MACAIBA;Condutor Dormindo;Saída de leito carroçável;Com Vítimas Feridas;Plena Noite;Crescente;Céu Claro;Dupla;Reta;Não;1;0;1;0;0;0;1;1;-5,867897;-35,368847;SPRF-RN;DEL01-RN;UOP02-DEL01-RN
615840;21/07/2024;domingo;01:40:00;SC;282;604;MARAVILHA;Ingestão de álcool pelo condutor;Saída de leito carroçável;Com Vítimas Feridas;Plena Noite;Crescente;Nublado;Simples;Aclive;Não;3;0;2;1;0;0;3;1;-26,795523;-53,192974;SPRF-SC;DEL07-SC;UOP02-DEL07-SC
615843;21/07/2024;domingo;01:50:00;RJ;493;3;ITABORAI;Ausência de reação do condutor;Colisão com objeto;Com Vítimas Feridas;Plena Noite;Crescente;Céu Claro;Dupla;"Declive;Reta";Não;1;0;1;0;0;0;1;1;-22,7525329;-42,94160092;SPRF-RJ;DEL02-RJ;UOP02-DEL02-RJ
615846;21/07/2024;domingo;03:00:00;PA;316;21;BENEVIDES;Transitar na contramão;Colisão lateral sentido oposto;Sem Vítimas;Plena Noite;Crescente;Céu Claro;Dupla;Reta;Sim;2;0;0;0;2;0;0;2;-1,36097138;-48,26241527;SPRF-PA;DEL01-PA;UOP01-DEL01-PA
615847;21/07/2024;domingo;02:50:00;PR;277;635,7;CEU AZUL;Velocidade Incompatível;Saída de leito carroçável;Com Vítimas Feridas;Plena Noite;Crescente;Céu Claro;Dupla;Declive;Não;1;0;1;0;0;0;1;1;-25,14015274;-53,82955233;SPRF-PR;DEL05-PR;UOP02-DEL05-PR
615848;21/07/2024;domingo;04:30:00;MG;381;689;LAVRAS;Ausência de reação do condutor;Colisão com objeto;Sem Vítimas;Plena Noite;Decrescente;Ignorado;Dupla;"Declive;Reta";Não;1;0;0;0;1;0;0;1;-21,225698;-45,130486;SPRF-MG;DEL04-MG;UOP02-DEL04-MG
615849;21/07/2024;domingo;04:40:00;SC;101;198;SAO JOSE;Velocidade Incompatível;Colisão com objeto;Sem Vítimas;Plena Noite;Decrescente;Céu Claro;Dupla;Reta;Sim;1;0;0;0;0;1;0;1;-27,52658712;-48,63506019;SPRF-SC;DEL01-SC;UOP01-DEL01-SC
615850;21/07/2024;domingo;04:20:00;RS;158;78,8;BOA VISTA DAS MISSOES;Ausência de reação do condutor;Saída de leito carroçável;Sem Vítimas;Plena Noite;Decrescente;Céu Claro;Simples;"Aclive;Reta";Não;1;0;0;0;1;0;0;1;-27,73277786;-53,32124556;SPRF-RS;DEL08-RS;UOP02-DEL08-RS
615851;21/07/2024;domingo;03:20:00;SC;101;111;NAVEGANTES;Manobra de mudança de faixa;Colisão traseira;Com Vítimas Feridas;Plena Noite;Decrescente;Nublado;Dupla;Interseção de Vias;Não;3;0;0;2;1;0;2;3;-26,841366;-48,715781;SPRF-SC;DEL04-SC;UOP04-DEL04-SC
615852;21/07/2024;domingo;04:25:00;PI;316;246,7;INHUMA;Ausência de reação do condutor;Colisão lateral sentido oposto;Com Vítimas Fatais;Plena Noite;Decrescente;Céu Claro;Simples;Reta;Não;3;1;0;0;1;1;0;3;-6,70606997;-41,72093039;SPRF-PI;DEL04-PI;UOP02-DEL04-PI
615853;20/07/2024;sábado;15:30:00;PE;428;189;PETROLINA;Transitar na contramão;Colisão transversal;Com Vítimas Feridas;Pleno dia;Crescente;Céu Claro;Dupla;Reta;Sim;3;0;1;0;2;0;1;2;-9,37197508;-40,48679585;SPRF-PE;DEL06-PE;UOP01-DEL06-PE
615854;21/07/2024;domingo;05:00:00;PR;277;0,3;PARANAGUA;Condutor Dormindo;Colisão com objeto;Com Vítimas Feridas;Plena Noite;Crescente;Nublado;Dupla;Reta;Sim;1;0;1;0;0;0;1;1;-25,55608506;-48,56243067;SPRF-PR;DEL01-PR;UOP05-DEL01-PR
615855;20/07/2024;sábado;23:30:00;BA;116;595;NOVA ITARANA;Trafegar com motocicleta (ou similar) entre as faixas;Colisão transversal;Com Vítimas Feridas;Plena Noite;Decrescente;Garoa/Chuvisco;Simples;Reta;Não;3;0;2;0;1;0;2;2;-13,17351892;-39,99933014;SPRF-BA;DEL03-BA;UOP02-DEL03-BA
615856;21/07/2024;domingo;05:10:00;PE;101;62,6;RECIFE;Ausência de reação do condutor;Saída de leito carroçável;Com Vítimas Feridas;Pleno dia;Crescente;Garoa/Chuvisco;Dupla;Reta;Não;1;0;1;0;0;0;1;1;-7,99905898;-34,93899295;SPRF-PE;DEL01-PE;UOP02-DEL01-PE
615857;21/07/2024;domingo;05:00:00;PE;101;62,7;RECIFE;Objeto estático sobre o leito carroçável;Colisão com objeto;Com Vítimas Feridas;Amanhecer;Crescente;Nublado;Dupla;Reta;Sim;1;0;0;1;0;0;1;1;-7,99905898;-34,93899295;SPRF-PE;DEL01-PE;UOP02-DEL01-PE
615858;21/07/2024;domingo;05:15:00;GO;70;0;AGUAS LINDAS DE GOIAS;Ingestão de álcool pelo condutor;Saída de leito carroçável;Sem Vítimas;Amanhecer;Crescente;Ignorado;Dupla;"Aclive;Curva";Não;1;0;0;0;1;0;0;1;-15,783543;-48,2326;SPRF-DF;DEL03-DF;UOP02-DEL03-DF
615859;21/07/2024;domingo;03:30:00;PR;373;224;IMBITUVA;Transitar na contramão;Colisão lateral sentido oposto;Com Vítimas Feridas;Plena Noite;Decrescente;Nevoeiro/Neblina;Simples;Reta;Não;2;0;1;0;0;1;1;2;-25,17765681;-50,6048727;SPRF-PR;DEL03-PR;UOP01-DEL03-PR
615860;21/07/2024;domingo;04:30:00;PR;369;25;CAMBARA;Ingestão de álcool pelo condutor;Saída de leito carroçável;Com Vítimas Feridas;Plena Noite;Decrescente;Céu Claro;Simples;"Reta;Aclive";Não;2;0;2;0;0;0;2;1;-23,036047;-50,131539;SPRF-PR;DEL07-PR;UOP05-DEL07-PR
615861;21/07/2024;domingo;05:50:00;SC;101;254;PAULO LOPES;Ausência de reação do condutor;Tombamento;Com Vítimas Feridas;Plena Noite;Decrescente;Céu Claro;Simples;Interseção de Vias;Não;2;0;1;0;1;0;1;1;-27,97368802;-48,67940247;SPRF-SC;DEL02-SC;UOP03-DEL02-SC
615864;21/07/2024;domingo;02:20:00;MG;116;530,8;CARATINGA;Ingestão de álcool pelo condutor;Saída de leito carroçável;Sem Vítimas;Plena Noite;Crescente;Céu Claro;Simples;Reta;Não;1;0;0;0;1;0;0;1;-19,81067298;-42,13539446;SPRF-MG;DEL06-MG;UOP02-DEL06-MG