id;data_inversa;dia_semana;horario;uf;br;km;municipio;causa_acidente;tipo_acidente;classificacao_acidente;fase_dia;sentido_via;condicao_metereologica;tipo_pista;tracado_via;uso_solo;pessoas;mortos;feridos_leves;feridos_graves;ilesos;ignorados;feridos;veiculos;latitude;longitude;regional;delegacia;uop
615865;21/07/2024;domingo;00:47:00;MS;376;40;VICENTINA;Condutor Dormindo;Saída de leito carroçável;Com Vítimas Feridas;Plena Noite;Decrescente;Céu Claro;Simples;"Aclive;Reta";Não;3;0;0;1;2;0;1;1;-22,41636922;-54,41693508;SPRF-MS;DEL04-MS;UOP01-DEL04-MS
615866;21/07/2024;domingo;06:30:00;SP;116;230;SAO PAULO;Entrada inopinada do pedestre;Atropelamento de Pedestre;Com Vítimas Feridas;Amanhecer;Decrescente;Nublado;Múltipla;Reta;Sim;2;0;0;1;1;0;1;2;-23,52251783;-46,5855702;SPRF-SP;DEL01-SP;UOP01-DEL01-SP
615867;21/07/2024;domingo;05:20:00;RS;290;82;CACHOEIRINHA;Ingestão de álcool pelo condutor;Colisão lateral mesmo sentido;Com Vítimas Feridas;Plena Noite;Decrescente;Céu Claro;Dupla;Reta;Sim;2;0;2;0;0;0;2;1;-29,955839;-51,079105;SPRF-RS;DEL01-RS;UOP01-DEL01-RS
615868;21/07/2024;domingo;05:15:00;SC;101;320;PESCARIA BRAVA;Ingestão de álcool pelo condutor;Colisão lateral mesmo sentido;Com Vítimas Feridas;Plena Noite;Decrescente;Céu Claro;Dupla;Curva;Não;3;0;2;0;0;1;2;2;-28,42468251;-48,90166998;SPRF-SC;DEL02-SC;UOP01-DEL02-SC
615869;21/07/2024;domingo;06:20:00;BA;324;583;CANDEIAS;Ausência de reação do condutor;Saída de leito carroçável;Com Vítimas Feridas;Pleno dia;Crescente;Céu Claro;Dupla;Curva;Não;1;0;1;0;0;0;1;1;-12,6141891;-38,48700311;SPRF-BA;DEL01-BA;UOP01-DEL01-BA
615872;21/07/2024;domingo;07:15:00;SP;116;279;EMBU DAS ARTES;Ausência de reação do condutor;Queda de ocupante de veículo;Com Vítimas Feridas;Pleno dia;Decrescente;Céu Claro;Dupla;Reta;Sim;1;0;1;0;0;0;1;1;-23,66233697;-46,85292907;SPRF-SP;DEL04-SP;UOP01-DEL04-SP
615873;21/07/2024;domingo;06:55:00;MG;116;789,5;ALEM PARAIBA;Condutor Dormindo;Saída de leito carroçável;Com Vítimas Feridas;Pleno dia;Crescente;Céu Claro;Simples;"Reta;Aclive";Não;1;0;1;0;0;0;1;1;-21,66675874;-42,73137141;SPRF-MG;DEL07-MG;UOP01-DEL07-MG
615874;21/07/2024;domingo;06:40:00;SP;116;231;SAO PAULO;Reação tardia ou ineficiente do condutor;Colisão lateral mesmo sentido;Com Vítimas Feridas;Pleno dia;Decrescente;Nublado;Múltipla;Reta;Sim;3;0;1;0;2;0;1;2;-23,5290581;-46,59398303;SPRF-SP;DEL01-SP;UOP01-DEL01-SP
615875;21/07/2024;domingo;05:30:00;RN;304;108,4;ACU;Transitar na contramão;Colisão frontal;Com Vítimas Fatais;Pleno dia;Decrescente;Céu Claro;Simples;Curva;Sim;2;1;0;0;1;0;0;2;-5,58636248;-36,95401396;SPRF-RN;DEL04-RN;UOP01-DEL04-RN
615878;21/07/2024;domingo;07:15:00;GO;414;343;COCALZINHO DE GOIAS;Desrespeitar a preferência no cruzamento;Colisão transversal;Com Vítimas Feridas;Pleno dia;Decrescente;Céu Claro;Simples;Interseção de Vias;Não;2;0;1;0;1;0;1;2;-15,584404;-48,63157;SPRF-GO;DEL02-GO;UOP01-DEL02-GO
615879;21/07/2024;domingo;02:40:00;RJ;116;147;DUQUE DE CAXIAS;Ausência de reação do condutor;Colisão traseira;Com Vítimas Feridas;Plena Noite;Decrescente;Céu Claro;Múltipla;Reta;Sim;4;0;1;0;3;0;1;2;-22,66978425;-43,27286493;SPRF-RJ;DEL01-RJ;UOP02-DEL01-RJ
615880;21/07/2024;domingo;07:00:00;SP;116;283;EMBU DAS ARTES;Ausência de reação do condutor;Colisão com objeto;Sem Vítimas;Pleno dia;Crescente;Céu Claro;Dupla;Reta;Não;1;0;0;0;1;0;0;1;-23,69297005;-46,86352786;SPRF-SP;DEL04-SP;UOP01-DEL04-SP
615881;21/07/2024;domingo;00:40:00;RJ;40;112;DUQUE DE CAXIAS;Reação tardia ou ineficiente do condutor;Colisão lateral mesmo sentido;Sem Vítimas;Plena Noite;Decrescente;Nublado;Múltipla;"Reta;Declive";Não;1;0;0;0;0;1;0;1;-22,7004454;-43,29014851;SPRF-RJ;DEL01-RJ;UOP02-DEL01-RJ
615882;21/07/2024;domingo;08:02:00;SP;116;166;JACAREI;Demais falhas mecânicas ou elétricas;Incêndio;Sem Vítimas;Pleno dia;Decrescente;Céu Claro;Dupla;Reta;Não;1;0;0;0;1;0;0;1;-23,30055667;-46,01686506;SPRF-SP;DEL02-SP;UOP01-DEL02-SP
615884;30/05/2024;quinta-feira;10:03:00;ES;101;6,8;ICONHA;Manobra de mudança de faixa;Colisão traseira;Com Vítimas Feridas;Pleno dia;Crescente;Céu Claro;Múltipla;"Curva;Aclive";Não;2;0;0;1;1;0;1;2;-20,803166;-40,8244193;SPRF-ES;DEL04-ES;UOP02-DEL04-ES
615889;21/07/2024;domingo;08:15:00;PR;277;594,9;CASCAVEL;Ingestão de álcool pelo condutor;Colisão com objeto;Sem Vítimas;Pleno dia;Crescente;Céu Claro;Simples;Curva;Sim;1;0;0;0;1;0;0;1;-24,9794792;-53,49232599;SPRF-PR;DEL04-PR;UOP01-DEL04-PR
615890;21/07/2024;domingo;09:00:00;PR;116;103;SAO JOSE DOS PINHAIS;Ausência de reação do condutor;Queda de ocupante de veículo;Com Vítimas Feridas;Pleno dia;Crescente;Nevoeiro/Neblina;Dupla;Reta;Sim;1;0;1;0;0;0;1;1;-25,55944814;-49,15099774;SPRF-PR;DEL01-PR;UOP07-DEL01-PR
615891;21/07/2024;domingo;07:30:00;RS;290;96;PORTO ALEGRE;Ingestão de álcool pelo condutor;Colisão com objeto;Com Vítimas Feridas;Pleno dia;Crescente;Céu Claro;Múltipla;Reta;Sim;2;0;1;0;1;0;1;1;-29,992107;-51,204525;SPRF-RS;DEL01-RS;UOP01-DEL01-RS
615892;21/07/2024;domingo;08:09:00;PB;230;87;GURINHEM;Animais na Pista;Colisão com objeto;Sem Vítimas;Pleno dia;Decrescente;Céu Claro;Dupla;Reta;Não;1;0;0;0;1;0;0;1;-7,16828341;-35,36956783;SPRF-PB;DEL01-PB;UOP03-DEL01-PB
615894;21/07/2024;domingo;07:50:00;MG;262;802;UBERABA;Transitar no Acostamento;Colisão traseira;Com Vítimas Feridas;Pleno dia;Decrescente;Céu Claro;Dupla;Reta;Sim;3;0;2;0;1;0;2;2;-19,771094;-47,909424;SPRF-MG;DEL13-MG;UOP01-DEL13-MG
615895;21/07/2024;domingo;08:05:00;RS;285;309,3;PASSO FUNDO;Manobra de mudança de faixa;Colisão frontal;Com Vítimas Feridas;Pleno dia;Crescente;Céu Claro;Simples;Reta;Não;4;0;1;3;0;0;4;2;-28,234653;-52,524235;SPRF-RS;DEL08-RS;UOP03-DEL08-RS
615896;21/07/2024;domingo;08:55:00;RN;304;185;ANGICOS;Ingestão de álcool pelo condutor;Colisão frontal;Com Vítimas Fatais;Pleno dia;Crescente;Céu Claro;Simples;Reta;Não;2;1;1;0;0;0;1;2;-5,69025914;-36,29303898;SPRF-RN;DEL01-RN;UOP03-DEL01-RN
615897;21/07/2024;domingo;09:00:00;ES;101;285,5;CARIACICA;Ausência de reação do condutor;Queda de ocupante de veículo;Com Vítimas Feridas;Pleno dia;Crescente;Céu Claro;Dupla;Curva;Sim;2;0;1;0;1;0;1;2;-20,25148171;-40,37270066;SPRF-ES;DEL01-ES;UOP01-DEL01-ES
615899;21/07/2024;domingo;05:15:00;BA;116;48,5;CHORROCHO;Ausência de reação do condutor;Capotamento;Com Vítimas Feridas;Amanhecer;Crescente;Céu Claro;Simples;Reta;Não;3;0;1;1;1;0;2;1;-9,03185811;-39,17520823;SPRF-PE;DEL05-PE;UOP03-DEL05-PE
615901;21/07/2024;domingo;09:55:00;MG;116;520,9;CARATINGA;Ausência de reação do condutor;Colisão traseira;Com Vítimas Feridas;Pleno dia;Crescente;Céu Claro;Simples;Reta;Sim;2;0;1;0;1;0;1;2;-19,7341039;-42,13264957;SPRF-MG;DEL06-MG;UOP02-DEL06-MG
615902;21/07/2024;domingo;07:07:00;TO;242;325;PEIXE;Ausência de reação do condutor;Saída de leito carroçável;Sem Vítimas;Amanhecer;Decrescente;Céu Claro;Simples;Reta;Não;1;0;0;0;1;0;0;1;-11,97295813;-48,66440216;SPRF-TO;DEL01-TO;UOP02-DEL01-TO
615904;21/07/2024;domingo;11:00:00;MG;262;375;JUATUBA;Velocidade Incompatível;Queda de ocupante de veículo;Com Vítimas Feridas;Pleno dia;Decrescente;Céu Claro;Dupla;"Reta;Declive";Não;2;0;0;2;0;0;2;1;-19,93623709;-44,43351746;SPRF-MG;DEL01-MG;UOP03-DEL01-MG
615905;21/07/2024;domingo;10:45:00;SP;116;86;PINDAMONHANGABA;Reação tardia ou ineficiente do condutor;Colisão traseira;Com Vítimas Feridas;Pleno dia;Crescente;Céu Claro;Dupla;Reta;Sim;2;0;1;0;0;1;1;2;-22,92639476;-45,35307511;SPRF-SP;DEL08-SP;UOP01-DEL08-SP
615907;21/07/2024;domingo;11:30:00;MG;116;751;LEOPOLDINA;Acesso irregular;Colisão frontal;Com Vítimas Feridas;Pleno dia;Crescente;Céu Claro;Simples;Declive;Não;5;0;4;1;0;0;5;2;-21,46220391;-42,55638215;SPRF-MG;DEL07-MG;UOP01-DEL07-MG
615908;21/07/2024;domingo;01:20:00;MA;316;348;BACABAL;Ultrapassagem Indevida;Colisão lateral sentido oposto;Com Vítimas Feridas;Plena Noite;Crescente;Céu Claro;Simples;"Reta;Ponte";Não;6;0;1;0;4;1;1;3;-4,229412;-44,894722;SPRF-MA;DEL02-MA;UOP01-DEL02-MA
615909;21/07/2024;domingo;10:00:00;RJ;495;1;TERESOPOLIS;Conversão proibida;Colisão lateral mesmo sentido;Com Vítimas Feridas;Pleno dia;Crescente;Céu Claro;Simples;Reta;Sim;3;0;2;0;1;0;2;2;-22,400555;-42,976154;SPRF-RJ;DEL04-RJ;UOP01-DEL04-RJ
615911;21/07/2024;domingo;12:40:00;MG;50;174;UBERABA;Condutor deixou de manter distância do veículo da frente;Colisão traseira;Com Vítimas Feridas;Pleno dia;Crescente;Céu Claro;Dupla;Reta;Sim;2;0;0;1;1;0;1;2;-19,770817;-47,973434;SPRF-MG;DEL13-MG;UOP01-DEL13-MG
615912;21/07/2024;domingo;11:30:00;PR;277;102;CURITIBA;Condutor deixou de manter distância do veículo da frente;Engavetamento;Com Vítimas Feridas;Pleno dia;Decrescente;Céu Claro;Dupla;"Aclive;Reta";Não;4;0;2;0;2;0;2;3;-25,42745557;-49,38616925;SPRF-PR;DEL01-PR;UOP06-DEL01-PR
615913;21/07/2024;domingo;07:30:00;MG;365;752;ITUIUTABA;Acesso irregular;Colisão frontal;Com Vítimas Feridas;Pleno dia;Decrescente;Céu Claro;Simples;Interseção de Vias;Sim;2;0;1;0;0;1;1;2;-18,947495;-49,45934;SPRF-MG;DEL15-MG;UOP03-DEL15-MG
615914;21/07/2024;domingo;12:25:00;RN;304;44,4;MOSSORO;Ausência de reação do condutor;Colisão com objeto;Com Vítimas Feridas;Pleno dia;Crescente;Céu Claro;Dupla;Reta;Sim;1;0;1;0;0;0;1;1;-5,22487485;-37,3509407;SPRF-RN;DEL04-RN;UOP01-DEL04-RN
615915;21/07/2024;domingo;06:50:00;MG;365;761;ITUIUTABA;Ausência de reação do condutor;Saída de leito carroçável;Sem Vítimas;Amanhecer;Crescente;Céu Claro;Simples;Reta;Não;1;0;0;0;1;0;0;1;-18,965055;-49,5192;SPRF-MG;DEL15-MG;UOP03-DEL15-MG
615916;21/07/2024;domingo;07:00:00;MG;153;6;ARAPORA;Reação tardia ou ineficiente do condutor;Saída de leito carroçável;Com Vítimas Feridas;Pleno dia;Decrescente;Céu Claro;Dupla;Reta;Não;1;0;1;0;0;0;1;1;-18,469534;-49,18824998;SPRF-MG;DEL15-MG;UOP03-DEL15-MG
615917;21/07/2024;domingo;12:48:00;PR;376;635;SAO JOSE DOS PINHAIS;Velocidade Incompatível;Engavetamento;Com Vítimas Feridas;Pleno dia;Crescente;Sol;Dupla;Aclive;Não;3;0;1;0;2;0;1;3;-25,748377;-49,129336;SPRF-PR;DEL01-PR;UOP04-DEL01-PR
615918;21/07/2024;domingo;10:30:00;MG;116;685;MURIAE;Ausência de reação do condutor;Tombamento;Com Vítimas Feridas;Pleno dia;Decrescente;Céu Claro;Simples;"Curva;Declive";Não;2;0;2;0;0;0;2;1;-20,98224297;-42,35482631;SPRF-MG;DEL07-MG;UOP02-DEL07-MG
615919;21/07/2024;domingo;08:30:00;PE;104;42,5;CARUARU;Ingestão de álcool pelo condutor;Saída de leito carroçável;Com Vítimas Feridas;Pleno dia;Decrescente;Céu Claro;Dupla;Reta;Não;2;0;2;0;0;0;2;1;-8,1065;-36,0218;SPRF-PE;DEL02-PE;UOP01-DEL02-PE
615920;21/07/2024;domingo;13:40:00;DF;40;1,9;BRASILIA;Trafegar com motocicleta (ou similar) entre as faixas;Colisão traseira;Com Vítimas Feridas;Pleno dia;Crescente;Céu Claro;Dupla;Reta;Sim;2;0;0;1;1;0;1;2;-15,985532;-47,987747;SPRF-DF;DEL01-DF;UOP01-DEL01-DF
615924;21/07/2024;domingo;14:25:00;RS;116;200;PICADA CAFE;Ultrapassagem Indevida;Colisão lateral mesmo sentido;Sem Vítimas;Pleno dia;Crescente;Céu Claro;Simples;Curva;Não;2;0;0;0;2;0;0;2;-29,48890588;-51,13828706;SPRF-RS;DEL05-RS;UOP02-DEL05-RS
615925;21/07/2024;domingo;13:45:00;SC;280;121,7;SAO BENTO DO SUL;Acesso irregular;Colisão transversal;Sem Vítimas;Pleno dia;Decrescente;Céu Claro;Simples;Reta;Não;4;0;0;0;4;0;0;2;-26,24855895;-49,45712883;SPRF-SC;DEL06-SC;UOP03-DEL06-SC
615926;21/07/2024;domingo;14:10:00;PB;101;79;SANTA RITA;Demais falhas mecânicas ou elétricas;Queda de ocupante de veículo;Com Vítimas Feridas;Pleno dia;Crescente;Céu Claro;Dupla;Reta;Não;1;0;0;1;0;0;1;1;-7,1147526;-34,95793891;SPRF-PB;DEL01-PB;UOP04-DEL01-PB
615928;21/07/2024;domingo;14:40:00;MG;381;827,9;SAO SEBASTIAO DA BELA VISTA;Demais falhas mecânicas ou elétricas;Incêndio;Sem Vítimas;Pleno dia;Crescente;Céu Claro;Dupla;Curva;Não;1;0;0;0;1;0;0;1;-22,12362394;-45,79487203;SPRF-MG;DEL16-MG;UOP01-DEL16-MG
615930;21/07/2024;domingo;14:20:00;RS;290;326;CACAPAVA DO SUL;Acessar a via sem observar a presença dos outros veículos;Colisão transversal;Sem Vítimas;Pleno dia;Crescente;Céu Claro;Simples;"Declive;Reta";Sim;6;0;0;0;6;0;0;2;-30,36061903;-53,45942974;SPRF-RS;DEL09-RS;UOP02-DEL09-RS
615931;21/07/2024;domingo;15:20:00;SC;101;151;ITAPEMA;Trafegar com motocicleta (ou similar) entre as faixas;Colisão traseira;Com Vítimas Feridas;Pleno dia;Decrescente;Céu Claro;Dupla;Reta;Sim;2;0;0;1;1;0;1;2;-27,08666525;-48,60955587;SPRF-SC;DEL04-SC;UOP03-DEL04-SC
615932;21/07/2024;domingo;15:00:00;RS;116;365;SENTINELA DO SUL;Ausência de reação do condutor;Saída de leito carroçável;Com Vítimas Feridas;Pleno dia;Decrescente;Céu Claro;Dupla;Reta;Não;2;0;1;0;1;0;1;1;-30,66481588;-51,56697529;SPRF-RS;DEL02-RS;UOP02-DEL02-RS
615935;21/07/2024;domingo;08:10:00;RO;364;349;JI-PARANA;Ingestão de álcool pelo condutor;Saída de leito carroçável;Com Vítimas Feridas;Pleno dia;Decrescente;Céu Claro;Simples;Reta;Não;3;0;3;0;0;0;3;1;-10,85051061;-61,99127474;SPRF-RO;DEL02-RO;UOP01-DEL02-RO
615936;21/07/2024;domingo;15:00:00;MG;40;527;CONTAGEM;Ausência de reação do condutor;Colisão com objeto;Com Vítimas Feridas;Pleno dia;Crescente;Céu Claro;Dupla;"Declive;Curva";Sim;3;0;2;0;0;1;2;2;-19,90149502;-44,04938939;SPRF-MG;DEL01-MG;UOP02-DEL01-MG
615938;21/07/2024;domingo;15:20:00;RS;285;204,1;LAGOA VERMELHA;Desrespeitar a preferência no cruzamento;Colisão transversal;Com Vítimas Feridas;Pleno dia;Crescente;Céu Claro;Simples;Reta;Não;4;0;1;0;3;0;1;2;-28,211102;-51,561897;SPRF-RS;DEL08-RS;UOP05-DEL08-RS
615939;21/07/2024;domingo;13:40:00;PE;423;74,9;JUPI;Ingestão de álcool pelo condutor;Queda de ocupante de veículo;Com Vítimas Feridas;Pleno dia;Decrescente;Nublado;Simples;Reta;Não;1;0;0;1;0;0;1;1;-8,71781039;-36,42290446;SPRF-PE;DEL03-PE;UOP01-DEL03-PE
615941;21/07/2024;domingo;13:00:00;BA;116;639;JAGUAQUARA;Ingestão de álcool pelo condutor;Queda de ocupante de veículo;Com Vítimas Feridas;Pleno dia;Crescente;Céu Claro;Simples;Reta;Não;1;0;1;0;0;0;1;1;-13,52302704;-40,06074891;SPRF-BA;DEL03-BA;UOP01-DEL03-BA
615942;21/07/2024;domingo;15:35:00;RJ;393;258,1;BARRA DO PIRAI;Frear bruscamente;Tombamento;Com Vítimas Feridas;Pleno dia;Decrescente;Céu Claro;Simples;"Reta;Aclive";Não;2;0;1;1;0;0;2;1;-22,46307114;-43,853302;SPRF-RJ;DEL05-RJ;UOP04-DEL05-RJ
615943;21/07/2024;domingo;14:30:00;RJ;356;19;ITAPERUNA;Ausência de reação do condutor;Engavetamento;Com Vítimas Feridas;Pleno dia;Crescente;Céu Claro;Simples;Reta;Não;8;0;1;0;7;0;1;3;-21,17723;-42,020089;SPRF-RJ;DEL08-RJ;UOP03-DEL08-RJ
615944;21/07/2024;domingo;14:18:00;SC;282;380;HERVAL DOESTE;Acessar a via sem observar a presença dos outros veículos;Colisão lateral mesmo sentido;Com Vítimas Feridas;Pleno dia;Decrescente;Céu Claro;Simples;"Reta;Rotatória";Sim;5;0;1;0;4;0;1;2;-27,214668;-51,489677;SPRF-SC;DEL07-SC;UOP05-DEL07-SC
615945;21/07/2024;domingo;09:40:00;RJ;101;392;RIO DE JANEIRO;Condutor deixou de manter distância do veículo da frente;Colisão traseira;Sem Vítimas;Pleno dia;Decrescente;Céu Claro;Dupla;Reta;Sim;5;0;0;0;4;1;0;3;-22,89265625;-43,6945091;SPRF-RJ;DEL03-RJ;UOP01-DEL03-RJ
615946;21/07/2024;domingo;16:10:00;MG;381;892;CAMBUI;Reação tardia ou ineficiente do condutor;Queda de ocupante de veículo;Com Vítimas Feridas;Pleno dia;Decrescente;Céu Claro;Dupla;Reta;Não;1;0;1;0;0;0;1;1;-22,60214538;-46,05862156;SPRF-MG;DEL16-MG;UOP03-DEL16-MG
615947;21/07/2024;domingo;15:40:00;RS;386;435,3;NOVA SANTA RITA;Acessar a via sem observar a presença dos outros veículos;Colisão transversal;Com Vítimas Feridas;Pleno dia;Crescente;Céu Claro;Dupla;Rotatória;Sim;3;0;3;0;0;0;3;2;-29,84776299;-51,27100468;SPRF-RS;DEL04-RS;UOP02-DEL04-RS
615948;21/07/2024;domingo;15:25:00;PE;101;46,4;IGARASSU;Reação tardia ou ineficiente do condutor;Colisão traseira;Com Vítimas Feridas;Pleno dia;Decrescente;Céu Claro;Dupla;Reta;Sim;3;0;1;0;2;0;1;2;-7,87406004;-34,90588126;SPRF-PE;DEL01-PE;UOP02-DEL01-PE
615949;21/07/2024;domingo;15:40:00;MT;158;734,6;BARRA DO GARCAS;Demais falhas mecânicas ou elétricas;Incêndio;Sem Vítimas;Pleno dia;Crescente;Céu Claro;Simples;Reta;Não;1;0;0;0;1;0;0;1;-15,34616814;-52,18383074;SPRF-MT;DEL07-MT;UOP01-DEL07-MT
615950;21/07/2024;domingo;15:45:00;SC;470;142;RIO DO SUL;Acessar a via sem observar a presença dos outros veículos;Colisão transversal;Com Vítimas Feridas;Pleno dia;Crescente;Céu Claro;Simples;Reta;Sim;5;0;1;1;2;1;2;3;-27,229801;-49,6693;SPRF-SC;DEL04-SC;UOP02-DEL04-SC
615951;09/05/2024;quinta-feira;19:00:00;MG;381;159;GOVERNADOR VALADARES;Ausência de reação do condutor;Saída de leito carroçável;Com Vítimas Feridas;Plena Noite;Decrescente;Ignorado;Simples;Reta;Não;1;0;1;0;0;0;1;1;-18,91448751;-42,01077461;SPRF-MG;DEL06-MG;UOP01-DEL06-MG
615954;21/07/2024;domingo;15:50:00;MS;163;234;CAARAPO;Ausência de reação do condutor;Colisão traseira;Com Vítimas Feridas;Pleno dia;Crescente;Céu Claro;Dupla;Reta;Não;3;0;0;2;0;1;2;2;-22,43623981;-54,81995018;SPRF-MS;DEL04-MS;UOP02-DEL04-MS
615957;21/07/2024;domingo;16:45:00;PE;408;105,6;JABOATAO DOS GUARARAPES;Ingestão de álcool pelo condutor;Colisão traseira;Com Vítimas Feridas;Pleno dia;Crescente;Céu Claro;Dupla;Curva;Sim;2;0;2;0;0;0;2;2;-8,0730937;-34,99190714;SPRF-PE;DEL01-PE;UOP01-DEL01-PE
615958;21/07/2024;domingo;16:30:00;PR;376;488;PONTA GROSSA;Condutor deixou de manter distância do veículo da frente;Colisão traseira;Com Vítimas Feridas;Pleno dia;Decrescente;Céu Claro;Dupla;Reta;Sim;2;0;1;0;1;0;1;2;-25,13510082;-50,16497282;SPRF-PR;DEL03-PR;UOP04-DEL03-PR
615959;21/07/2024;domingo;16:07:00;TO;153;288;BRASILANDIA DO TOCANTINS;Transitar na contramão;Colisão lateral sentido oposto;Com Vítimas Feridas;Pleno dia;Decrescente;Céu Claro;Simples;"Em Obras;Reta";Não;8;0;1;1;6;0;2;3;-8,42593896;-48,48196645;SPRF-TO;DEL02-TO;UOP02-DEL02-TO
615960;21/07/2024;domingo;16:20:00;BA;242;797;BARREIRAS;Ingestão de álcool pelo condutor;Engavetamento;Com Vítimas Feridas;Pleno dia;Crescente;Céu Claro;Simples;Reta;Não;10;0;1;4;5;0;5;3;-12,125;-45,029;SPRF-BA;DEL10-BA;UOP01-DEL10-BA
615961;21/07/2024;domingo;17:18:00;SC;101;213,8;PALHOCA;Trafegar com motocicleta (ou similar) entre as faixas;Colisão traseira;Com Vítimas Feridas;Pleno dia;Decrescente;Céu Claro;Múltipla;Reta;Sim;3;0;1;1;1;0;2;2;-27,63697369;-48,66514142;SPRF-SC;DEL01-SC;UOP02-DEL01-SC
615962;21/07/2024;domingo;16:25:00;SE;235;81;FREI PAULO;Acessar a via sem observar a presença dos outros veículos;Colisão transversal;Com Vítimas Feridas;Pleno dia;Crescente;Céu Claro;Simples;"Curva;Interseção de Vias";Sim;2;0;1;0;1;0;1;2;-10,554296;-37,633732;SPRF-SE;DEL01-SE;UOP02-DEL01-SE
615963;21/07/2024;domingo;17:20:00;PR;376;4;APUCARANA;Reação tardia ou ineficiente do condutor;Colisão traseira;Sem Vítimas;Pleno dia;Crescente;Céu Claro;Dupla;Reta;Sim;12;0;0;0;12;0;0;2;-23,55520197;-51,44433439;SPRF-PR;DEL07-PR;UOP03-DEL07-PR
615964;21/07/2024;domingo;16:30:00;DF;20;7;BRASILIA;Ingestão de álcool pelo condutor;Colisão traseira;Sem Vítimas;Pleno dia;Decrescente;Céu Claro;Dupla;"Reta;Declive";Sim;5;0;0;0;5;0;0;2;-15,662208;-47,799866;SPRF-DF;DEL02-DF;UOP01-DEL02-DF
615965;21/07/2024;domingo;16:30:00;DF;20;7;BRASILIA;Ausência de reação do condutor;Saída de leito carroçável;Com Vítimas Feridas;Pleno dia;Crescente;Céu Claro;Dupla;Reta;Sim;2;0;1;0;1;0;1;1;-15,662208;-47,799866;SPRF-DF;DEL02-DF;UOP01-DEL02-DF
615967;21/07/2024;domingo;16:00:00;RS;386;257;SOLEDADE;Animais na Pista;Atropelamento de Animal;Com Vítimas Feridas;Pleno dia;Crescente;Céu Claro;Simples;"Em Obras;Reta";Não;5;0;2;1;2;0;3;2;-28,876074;-52,433834;SPRF-RS;DEL04-RS;UOP03-DEL04-RS
615968;21/07/2024;domingo;15:30:00;RJ;493;73;NOVA IGUACU;Ausência de reação do condutor;Saída de leito carroçável;Com Vítimas Feridas;Pleno dia;Crescente;Céu Claro;Dupla;Curva;Não;2;0;2;0;0;0;2;1;-22,687303;-43,517313;SPRF-RJ;DEL01-RJ;UOP03-DEL01-RJ
615969;21/07/2024;domingo;15:20:00;MG;40;718,7;BARBACENA;Reação tardia ou ineficiente do condutor;Colisão traseira;Com Vítimas Feridas;Pleno dia;Decrescente;Sol;Simples;Declive;Não;2;0;1;0;1;0;1;2;-21,2656332;-43,65557499;SPRF-MG;DEL05-MG;UOP01-DEL05-MG
615970;21/07/2024;domingo;14:40:00;MT;163;747;SORRISO;Acessar a via sem observar a presença dos outros veículos;Colisão transversal;Com Vítimas Feridas;Pleno dia;Crescente;Céu Claro;Dupla;"Rotatória;Retorno Regulamentado";Sim;39;0;0;2;36;1;2;3;-12,69420885;-55,80767215;SPRF-MT;DEL06-MT;UOP01-DEL06-MT
615971;21/07/2024;domingo;17:30:00;SP;381;65;MAIRIPORA;Mal súbito do condutor;Saída de leito carroçável;Com Vítimas Feridas;Anoitecer;Decrescente;Céu Claro;Múltipla;Reta;Não;1;0;1;0;0;0;1;1;-23,316547;-46,58251;SPRF-SP;DEL03-SP;UOP01-DEL03-SP
615972;21/07/2024;domingo;18:00:00;SE;235;2,9;ARACAJU;Pedestre cruzava a pista fora da faixa;Atropelamento de Pedestre;Com Vítimas Feridas;Plena Noite;Crescente;Céu Claro;Dupla;Reta;Não;2;0;0;1;0;1;1;2;-10,9059;-37,111;SPRF-SE;DEL01-SE;UOP01-DEL01-SE
615973;21/07/2024;domingo;17:20:00;PR;158;507;CORONEL VIVIDA;Reação tardia ou ineficiente do condutor;Colisão com objeto;Sem Vítimas;Pleno dia;Decrescente;Céu Claro;Simples;Curva;Não;1;0;0;0;1;0;0;1;-26,02180124;-52,57733183;SPRF-PR;DEL02-PR;UOP01-DEL02-PR
615974;21/07/2024;domingo;16:16:00;MG;381;790,5;SAO GONCALO DO SAPUCAI;Manobra de mudança de faixa;Colisão lateral mesmo sentido;Com Vítimas Fatais;Pleno dia;Decrescente;Céu Claro;Dupla;Reta;Não;3;1;0;0;2;0;0;2;-21,91423627;-45,57892692;SPRF-MG;DEL16-MG;UOP02-DEL16-MG
615976;21/07/2024;domingo;16:40:00;PR;277;236,6;IRATI;Transitar na contramão;Colisão frontal;Com Vítimas Feridas;Pleno dia;Crescente;Céu Claro;Simples;Reta;Não;4;0;3;0;1;0;3;2;-25,462122;-50,597265;SPRF-PR;DEL08-PR;UOP02-DEL08-PR
615978;17/07/2024;quarta-feira;17:50:00;RJ;101;318;SAO GONCALO;Acessar a via sem observar a presença dos outros veículos;Colisão lateral mesmo sentido;Com Vítimas Feridas;Anoitecer;Decrescente;Céu Claro;Dupla;Reta;Sim;2;0;2;0;0;0;2;2;-22,84562994;-43,09841211;SPRF-RJ;DEL02-RJ;UOP02-DEL02-RJ
615979;21/07/2024;domingo;18:10:00;RS;153;48,2;ERECHIM;Desrespeitar a preferência no cruzamento;Colisão transversal;Com Vítimas Feridas;Plena Noite;Crescente;Céu Claro;Simples;Interseção de Vias;Sim;5;0;3;0;2;0;3;2;-27,64842695;-52,25310087;SPRF-RS;DEL08-RS;UOP04-DEL08-RS