id;data_inversa;dia_semana;horario;uf;br;km;municipio;causa_acidente;tipo_acidente;classificacao_acidente;fase_dia;sentido_via;condicao_metereologica;tipo_pista;tracado_via;uso_solo;pessoas;mortos;feridos_leves;feridos_graves;ilesos;ignorados;feridos;veiculos;latitude;longitude;regional;delegacia;uop
615980;21/07/2024;domingo;17:00:00;PR;163;1,3;BARRACAO;Ingestão de álcool pelo condutor;Engavetamento;Sem Vítimas;Anoitecer;Decrescente;Céu Claro;Simples;Reta;Não;3;0;0;0;3;0;0;3;-26,25066;-53,635523;SPRF-PR;DEL02-PR;UOP02-DEL02-PR
615981;21/07/2024;domingo;16:00:00;RO;364;342;JI-PARANA;Reação tardia ou ineficiente do condutor;Colisão traseira;Com Vítimas Feridas;Pleno dia;Crescente;Céu Claro;Dupla;"Interseção de Vias;Desvio Temporário;Reta";Sim;2;0;1;0;1;0;1;2;-10,88381227;-61,93741416;SPRF-RO;DEL02-RO;UOP01-DEL02-RO
615982;21/07/2024;domingo;17:45:00;SC;282;501,3;XANXERE;Manobra de mudança de faixa;Colisão lateral mesmo sentido;Com Vítimas Feridas;Pleno dia;Decrescente;Céu Claro;Dupla;"Rotatória;Aclive";Sim;2;0;1;0;0;1;1;2;-26,88282304;-52,38149285;SPRF-SC;DEL07-SC;UOP01-DEL07-SC
615984;21/07/2024;domingo;18:05:00;BA;235;337,9;JUAZEIRO;Ingestão de álcool pelo condutor;Colisão traseira;Sem Vítimas;Plena Noite;Crescente;Céu Claro;Simples;Reta;Não;2;0;0;0;2;0;0;2;-9,45395957;-40,40522212;SPRF-BA;DEL07-BA;UOP01-DEL07-BA
615986;21/07/2024;domingo;18:30:00;MG;50;175;UBERABA;Ausência de reação do condutor;Tombamento;Com Vítimas Feridas;Plena Noite;Decrescente;Céu Claro;Dupla;"Aclive;Reta";Não;2;0;2;0;0;0;2;1;-19,77880359;-47,9695118;SPRF-MG;DEL13-MG;UOP01-DEL13-MG
615987;21/07/2024;domingo;17:25:00;RS;471;150;SANTA CRUZ DO SUL;Acessar a via sem observar a presença dos outros veículos;Colisão transversal;Com Vítimas Feridas;Anoitecer;Decrescente;Céu Claro;Simples;Retorno Regulamentado;Sim;4;0;1;0;3;0;1;2;-29,817495;-52,403397;SPRF-RS;DEL02-RS;UOP03-DEL02-RS
615988;21/07/2024;domingo;18:40:00;SC;282;71;RANCHO QUEIMADO;Reação tardia ou ineficiente do condutor;Colisão traseira;Com Vítimas Feridas;Plena Noite;Decrescente;Céu Claro;Simples;"Interseção de Vias;Declive;Curva";Não;3;0;1;0;2;0;1;2;-27,689093;-49,097748;SPRF-SC;DEL01-SC;UOP03-DEL01-SC
615989;21/07/2024;domingo;15:00:00;PI;316;308;PICOS;Acumulo de areia ou detritos sobre o pavimento;Colisão com objeto;Com Vítimas Fatais;Pleno dia;Crescente;Céu Claro;Simples;Reta;Sim;1;1;0;0;0;0;0;1;-7,07773683;-41,492757;SPRF-PI;DEL04-PI;UOP01-DEL04-PI
615991;21/07/2024;domingo;18:40:00;PR;277;586,4;CASCAVEL;Desrespeitar a preferência no cruzamento;Colisão transversal;Com Vítimas Feridas;Plena Noite;Crescente;Céu Claro;Simples;Reta;Não;3;0;1;0;2;0;1;2;-24,9666362;-53,4242177;SPRF-PR;DEL04-PR;UOP01-DEL04-PR
615992;21/07/2024;domingo;17:15:00;MG;116;783;LEOPOLDINA;Acessar a via sem observar a presença dos outros veículos;Colisão transversal;Com Vítimas Feridas;Anoitecer;Decrescente;Céu Claro;Simples;Interseção de Vias;Não;6;0;2;0;4;0;2;2;-21,63453389;-42,69665944;SPRF-MG;DEL07-MG;UOP01-DEL07-MG
615994;21/07/2024;domingo;17:40:00;MG;262;452;NOVA SERRANA;Ausência de reação do condutor;Colisão traseira;Com Vítimas Feridas;Anoitecer;Crescente;Céu Claro;Simples;Aclive;Não;2;0;1;0;1;0;1;2;-19,85998384;-45,00696635;SPRF-MG;DEL08-MG;UOP03-DEL08-MG
615995;21/07/2024;domingo;19:10:00;ES;101;264,9;SERRA;Condutor deixou de manter distância do veículo da frente;Colisão traseira;Com Vítimas Feridas;Plena Noite;Crescente;Nublado;Dupla;Reta;Sim;3;0;1;0;1;1;1;2;-20,17292791;-40,26736384;SPRF-ES;DEL02-ES;UOP01-DEL02-ES
615997;21/07/2024;domingo;18:50:00;RJ;101;326;NITEROI;Demais falhas mecânicas ou elétricas;Tombamento;Com Vítimas Feridas;Plena Noite;Decrescente;Céu Claro;Simples;"Reta;Ponte";Sim;2;0;2;0;0;0;2;1;-22,871564;-43,1151746;SPRF-RJ;DEL02-RJ;UOP01-DEL02-RJ
615998;21/07/2024;domingo;13:35:00;RJ;116;94;GUAPIMIRIM;Ultrapassagem Indevida;Colisão transversal;Com Vítimas Feridas;Pleno dia;Decrescente;Céu Claro;Simples;"Declive;Reta";Não;3;0;1;0;2;0;1;2;-22,46643519;-43,00088701;SPRF-RJ;DEL04-RJ;UOP01-DEL04-RJ
615999;21/07/2024;domingo;16:30:00;RS;285;137,6;MUITOS CAPOES;Ultrapassagem Indevida;Colisão transversal;Com Vítimas Feridas;Pleno dia;Crescente;Céu Claro;Simples;Reta;Não;2;0;1;0;1;0;1;2;-28,410669;-51,044209;SPRF-RS;DEL05-RS;UOP03-DEL05-RS
616000;21/07/2024;domingo;18:20:00;MG;262;38;MANHUACU;Ausência de reação do condutor;Engavetamento;Com Vítimas Feridas;Plena Noite;Decrescente;Céu Claro;Simples;Reta;Sim;9;0;1;0;8;0;1;3;-20,26305859;-42,03684948;SPRF-MG;DEL06-MG;UOP03-DEL06-MG
616001;21/07/2024;domingo;18:00:00;BA;101;273;SANTO ANTONIO DE JESUS;Reação tardia ou ineficiente do condutor;Saída de leito carroçável;Com Vítimas Feridas;Amanhecer;Crescente;Céu Claro;Simples;Curva;Não;2;0;2;0;0;0;2;1;-13,050027;-39,285166;SPRF-BA;DEL01-BA;UOP02-DEL01-BA
616003;21/07/2024;domingo;19:00:00;RN;406;147;CEARA-MIRIM;Conversão proibida;Colisão transversal;Com Vítimas Feridas;Plena Noite;Decrescente;Céu Claro;Simples;Reta;Sim;4;0;0;3;0;1;3;3;-5,64619702;-35,459121;SPRF-RN;DEL02-RN;UOP01-DEL02-RN
616005;21/07/2024;domingo;17:30:00;PR;376;213,3;MANDAGUARI;Ausência de reação do condutor;Saída de leito carroçável;Com Vítimas Feridas;Pleno dia;Crescente;Nublado;Dupla;Curva;Não;3;0;1;2;0;0;3;1;-23,567267;-51,654742;SPRF-PR;DEL09-PR;UOP01-DEL09-PR
616007;21/07/2024;domingo;18:00:00;RS;470;184;VERANOPOLIS;Acessar a via sem observar a presença dos outros veículos;Colisão transversal;Com Vítimas Feridas;Anoitecer;Crescente;Céu Claro;Simples;"Aclive;Reta";Sim;2;0;1;0;1;0;1;2;-28,99615608;-51,55829913;SPRF-RS;DEL06-RS;UOP02-DEL06-RS
616009;21/07/2024;domingo;19:30:00;SC;101;201,9;SAO JOSE;Manobra de mudança de faixa;Colisão lateral mesmo sentido;Sem Vítimas;Plena Noite;Crescente;Céu Claro;Múltipla;Reta;Sim;2;0;0;0;1;1;0;2;-27,54836599;-48,61977975;SPRF-SC;DEL01-SC;UOP01-DEL01-SC
616010;21/07/2024;domingo;19:15:00;SP;116;288;ITAPECERICA DA SERRA;Trafegar com motocicleta (ou similar) entre as faixas;Colisão com objeto;Com Vítimas Feridas;Plena Noite;Decrescente;Céu Claro;Dupla;Reta;Sim;1;0;1;0;0;0;1;1;-23,719254;-46,883144;SPRF-SP;DEL04-SP;UOP01-DEL04-SP
616012;21/07/2024;domingo;19:00:00;MT;163;600;NOVA MUTUM;Reação tardia ou ineficiente do condutor;Saída de leito carroçável;Sem Vítimas;Plena Noite;Decrescente;Céu Claro;Dupla;Reta;Sim;1;0;0;0;1;0;0;1;-13,90778505;-56,09190462;SPRF-MT;DEL01-MT;UOP01-DEL01-MT
616015;21/07/2024;domingo;20:10:00;RJ;101;308;SAO GONCALO;Avarias e/ou desgaste excessivo no pneu;Queda de ocupante de veículo;Com Vítimas Feridas;Plena Noite;Decrescente;Céu Claro;Dupla;Reta;Sim;2;0;1;0;1;0;1;1;-22,79309326;-43,02479595;SPRF-RJ;DEL02-RJ;UOP02-DEL02-RJ
616016;21/07/2024;domingo;20:00:00;BA;101;905;IBIRAPUA;Reação tardia ou ineficiente do condutor;Saída de leito carroçável;Com Vítimas Feridas;Plena Noite;Decrescente;Céu Claro;Simples;Curva;Não;2;0;0;2;0;0;2;1;-17,76993;-39,77567;SPRF-BA;DEL09-BA;UOP02-DEL09-BA
616018;21/07/2024;domingo;20:30:00;MG;459;90,2;CONGONHAL;Transitar na contramão;Colisão frontal;Com Vítimas Fatais;Plena Noite;Crescente;Céu Claro;Simples;Curva;Não;8;1;2;1;2;2;3;4;-22,157057;-46,007881;SPRF-MG;DEL09-MG;UOP01-DEL09-MG
616019;21/07/2024;domingo;14:30:00;RO;364;394,2;JARU;Ultrapassagem Indevida;Colisão frontal;Com Vítimas Feridas;Pleno dia;Crescente;Céu Claro;Simples;Reta;Não;2;0;0;1;1;0;1;2;-10,3972864;-62,521344;SPRF-RO;DEL03-RO;UOP02-DEL03-RO
616020;21/07/2024;domingo;17:02:00;MT;163;746;SORRISO;Reação tardia ou ineficiente do condutor;Colisão transversal;Com Vítimas Feridas;Pleno dia;Decrescente;Céu Claro;Dupla;Rotatória;Não;2;0;0;1;1;0;1;2;-12,59825027;-55,74765444;SPRF-MT;DEL06-MT;UOP01-DEL06-MT
616021;21/07/2024;domingo;20:30:00;ES;101;280;SERRA;Reação tardia ou ineficiente do condutor;Colisão com objeto;Com Vítimas Fatais;Plena Noite;Crescente;Céu Claro;Dupla;Reta;Não;1;1;0;0;0;0;0;1;-20,21828666;-40,34895595;SPRF-ES;DEL02-ES;UOP01-DEL02-ES
616022;21/07/2024;domingo;20:30:00;PR;116;153;MANDIRITUBA;Transitar na contramão;Colisão frontal;Sem Vítimas;Plena Noite;Crescente;Nublado;Simples;Curva;Sim;2;0;0;0;1;1;0;2;-25,83870564;-49,34314731;SPRF-PR;DEL01-PR;UOP03-DEL01-PR
616023;21/07/2024;domingo;16:50:00;MG;262;410;IGARATINGA;Demais falhas mecânicas ou elétricas;Incêndio;Sem Vítimas;Anoitecer;Decrescente;Céu Claro;Dupla;Reta;Não;1;0;0;0;1;0;0;1;-19,88686179;-44,63193985;SPRF-MG;DEL08-MG;UOP03-DEL08-MG
616024;21/07/2024;domingo;20:45:00;GO;153;518;APARECIDA DE GOIANIA;Demais falhas mecânicas ou elétricas;Incêndio;Sem Vítimas;Plena Noite;Crescente;Céu Claro;Dupla;Reta;Não;1;0;0;0;1;0;0;1;-16,867;-49,2505;SPRF-GO;DEL01-GO;UOP03-DEL01-GO
616025;21/07/2024;domingo;13:00:00;MG;116;235;TEOFILO OTONI;Transitar na contramão;Colisão transversal;Com Vítimas Feridas;Pleno dia;Decrescente;Garoa/Chuvisco;Simples;Reta;Não;4;0;1;2;1;0;3;2;-17,52941785;-41,48264755;SPRF-MG;DEL11-MG;UOP01-DEL11-MG
616026;21/07/2024;domingo;19:40:00;PB;230;1,4;CABEDELO;Ingestão de álcool pelo condutor;Colisão traseira;Com Vítimas Feridas;Plena Noite;Crescente;Céu Claro;Simples;Reta;Sim;2;0;1;0;1;0;1;2;-6,9805391;-34,83037233;SPRF-PB;DEL01-PB;UOP01-DEL01-PB
616027;21/07/2024;domingo;19:30:00;ES;101;287,7;CARIACICA;Velocidade Incompatível;Capotamento;Com Vítimas Feridas;Plena Noite;Decrescente;Nublado;Dupla;Curva;Sim;4;0;4;0;0;0;4;1;-20,26493528;-40,38471702;SPRF-ES;DEL01-ES;UOP01-DEL01-ES
616028;21/07/2024;domingo;20:28:00;PA;316;61,4;CASTANHAL;Ausência de reação do condutor;Colisão traseira;Com Vítimas Feridas;Plena Noite;Crescente;Céu Claro;Dupla;Reta;Sim;3;0;1;0;2;0;1;2;-1,29686015;-47,94639002;SPRF-PA;DEL01-PA;UOP01-DEL01-PA
616029;21/07/2024;domingo;19:49:00;SC;470;57,6;BLUMENAU;Condutor deixou de manter distância do veículo da frente;Colisão traseira;Sem Vítimas;Plena Noite;Decrescente;Céu Claro;Simples;"Viaduto;Interseção de Vias";Sim;2;0;0;0;1;1;0;2;-26,880428;-49,136532;SPRF-SC;DEL04-SC;UOP01-DEL04-SC
616031;21/07/2024;domingo;19:25:00;RS;116;563,8;PEDRO OSORIO;Acessar a via sem observar a presença dos outros veículos;Colisão transversal;Com Vítimas Feridas;Plena Noite;Crescente;Céu Claro;Simples;"Interseção de Vias;Reta";Não;4;0;2;0;2;0;2;2;-31,92367885;-52,71699026;SPRF-RS;DEL07-RS;UOP03-DEL07-RS
616032;21/07/2024;domingo;20:40:00;SC;101;232,7;PALHOCA;Falta de acostamento;Capotamento;Com Vítimas Feridas;Plena Noite;Decrescente;Céu Claro;Dupla;Declive;Não;2;0;2;0;0;0;2;1;-27,795666;-48,638153;SPRF-SC;DEL01-SC;UOP02-DEL01-SC
616033;21/07/2024;domingo;17:40:00;AL;316;250,6;ATALAIA;Ingestão de álcool pelo condutor;Tombamento;Com Vítimas Feridas;Plena Noite;Decrescente;Céu Claro;Simples;Reta;Não;1;0;1;0;0;0;1;1;-9,55605726;-35,97591943;SPRF-AL;DEL01-AL;UOP01-DEL01-AL
616034;21/07/2024;domingo;16:10:00;AL;316;240,9;ATALAIA;Demais falhas mecânicas ou elétricas;Saída de leito carroçável;Sem Vítimas;Pleno dia;Decrescente;Céu Claro;Simples;Curva;Sim;2;0;0;0;2;0;0;1;-9,506847;-36,03204998;SPRF-AL;DEL01-AL;UOP01-DEL01-AL
616035;21/07/2024;domingo;21:10:00;PR;277;637,8;CEU AZUL;Desrespeitar a preferência no cruzamento;Colisão transversal;Com Vítimas Feridas;Plena Noite;Crescente;Céu Claro;Simples;"Rotatória;Reta";Sim;10;0;2;0;8;0;2;2;-25,157228;-53,85045;SPRF-PR;DEL05-PR;UOP02-DEL05-PR
616036;21/07/2024;domingo;19:15:00;RN;101;49;CEARA-MIRIM;Ausência de reação do condutor;Colisão com objeto;Com Vítimas Fatais;Plena Noite;Decrescente;Céu Claro;Simples;Reta;Não;1;1;0;0;0;0;0;1;-5,52093597;-35,3190208;SPRF-RN;DEL02-RN;UOP01-DEL02-RN
616037;21/07/2024;domingo;20:30:00;MG;50;8;UBERLANDIA;Ausência de reação do condutor;Colisão traseira;Com Vítimas Feridas;Plena Noite;Crescente;Vento;Dupla;Reta;Sim;3;0;1;0;2;0;1;2;-18,9113;-48,2622;SPRF-MG;DEL15-MG;UOP01-DEL15-MG
616038;21/07/2024;domingo;17:40:00;MT;364;2,2;ALTO ARAGUAIA;Ultrapassagem Indevida;Colisão frontal;Com Vítimas Fatais;Anoitecer;Crescente;Céu Claro;Simples;Curva;Não;4;1;0;2;0;1;2;3;-17,310339;-53,226654;SPRF-MT;DEL02-MT;UOP02-DEL02-MT
616039;21/07/2024;domingo;16:30:00;RJ;493;10;GUAPIMIRIM;Ultrapassagem Indevida;Colisão frontal;Com Vítimas Feridas;Pleno dia;Decrescente;Céu Claro;Simples;Reta;Não;10;0;2;7;1;0;9;2;-22,69541193;-42,95667763;SPRF-RJ;DEL04-RJ;UOP02-DEL04-RJ
616040;21/07/2024;domingo;19:27:00;MA;316;262,4;SANTA INES;Condutor desrespeitou a iluminação vermelha do semáforo;Colisão transversal;Com Vítimas Feridas;Plena Noite;Crescente;Céu Claro;Simples;Reta;Não;4;0;0;1;3;0;1;2;-3,675505;-45,380474;SPRF-MA;DEL02-MA;UOP01-DEL02-MA
616042;21/07/2024;domingo;21:50:00;ES;101;145,9;LINHARES;Condutor desrespeitou a iluminação vermelha do semáforo;Colisão transversal;Com Vítimas Feridas;Plena Noite;Decrescente;Garoa/Chuvisco;Dupla;"Interseção de Vias;Reta";Sim;2;0;1;0;1;0;1;2;-19,36089598;-40,06464018;SPRF-ES;DEL04-ES;UOP01-DEL04-ES
616043;21/07/2024;domingo;21:00:00;SP;116;303,5;SAO LOURENCO DA SERRA;Manobra de mudança de faixa;Colisão lateral mesmo sentido;Com Vítimas Feridas;Plena Noite;Decrescente;Céu Claro;Dupla;Reta;Não;3;0;1;0;2;0;1;2;-23,82760675;-46,92631345;SPRF-SP;DEL04-SP;UOP01-DEL04-SP
616045;21/07/2024;domingo;17:00:00;SC;280;253,9;CANOINHAS;Transitar na contramão;Colisão lateral sentido oposto;Com Vítimas Feridas;Pleno dia;Decrescente;Sol;Simples;"Aclive;Curva";Não;2;0;0;1;1;0;1;2;-26,26572045;-50,56913793;SPRF-SC;DEL06-SC;UOP04-DEL06-SC
616046;21/07/2024;domingo;21:45:00;TO;153;137;ARAGUAINA;Ingestão de álcool pelo condutor;Saída de leito carroçável;Sem Vítimas;Plena Noite;Crescente;Céu Claro;Dupla;Reta;Sim;2;0;0;0;2;0;0;1;-7,14630299;-48,20255603;SPRF-TO;DEL02-TO;UOP01-DEL02-TO
616047;21/07/2024;domingo;21:50:00;SC;280;55,5;GUARAMIRIM;Desrespeitar a preferência no cruzamento;Colisão transversal;Com Vítimas Feridas;Pleno dia;Decrescente;Nublado;Simples;Rotatória;Não;6;0;6;0;0;0;6;2;-26,47584353;-48,9937858;SPRF-SC;DEL03-SC;UOP03-DEL03-SC
616048;21/07/2024;domingo;18:40:00;MG;116;174,7;PADRE PARAISO;Ingestão de álcool pelo condutor;Colisão lateral sentido oposto;Sem Vítimas;Plena Noite;Crescente;Ignorado;Simples;Curva;Não;3;0;0;0;3;0;0;2;-17,05568579;-41,46147724;SPRF-MG;DEL11-MG;UOP02-DEL11-MG
616049;21/07/2024;domingo;17:40:00;RJ;101;399;ITAGUAI;Ausência de reação do condutor;Colisão com objeto;Com Vítimas Feridas;Anoitecer;Crescente;Céu Claro;Dupla;Reta;Sim;2;0;2;0;0;0;2;1;-22,85921896;-43,75891497;SPRF-RJ;DEL03-RJ;UOP01-DEL03-RJ
616050;21/07/2024;domingo;20:50:00;PR;369;56,1;BANDEIRANTES;Entrada inopinada do pedestre;Atropelamento de Pedestre;Com Vítimas Feridas;Plena Noite;Decrescente;Céu Claro;Simples;Reta;Sim;2;0;0;2;0;0;2;2;-23,11435162;-50,37291527;SPRF-PR;DEL07-PR;UOP05-DEL07-PR
616051;21/07/2024;domingo;21:00:00;MS;262;210;RIBAS DO RIO PARDO;Reação tardia ou ineficiente do condutor;Saída de leito carroçável;Com Vítimas Feridas;Plena Noite;Crescente;Céu Claro;Simples;Reta;Não;4;0;1;3;0;0;4;1;-20,46526252;-53,48095699;SPRF-MS;DEL01-MS;UOP05-DEL01-MS
616052;21/07/2024;domingo;16:50:00;RO;364;799;PORTO VELHO;Acesso irregular;Colisão frontal;Com Vítimas Fatais;Pleno dia;Crescente;Céu Claro;Dupla;"Ponte;Em Obras;Curva";Não;3;1;0;1;0;1;1;3;-9,257213;-64,38678;SPRF-RO;DEL01-RO;UOP02-DEL01-RO
616053;21/07/2024;domingo;21:30:00;SC;101;179,5;BIGUACU;Desrespeitar a preferência no cruzamento;Colisão transversal;Com Vítimas Feridas;Plena Noite;Decrescente;Céu Claro;Dupla;Viaduto;Sim;2;0;1;0;1;0;1;2;-27,37281717;-48,63322708;SPRF-SC;DEL01-SC;UOP01-DEL01-SC
616055;21/07/2024;domingo;22:04:00;GO;70;23;COCALZINHO DE GOIAS;Reação tardia ou ineficiente do condutor;Colisão traseira;Com Vítimas Feridas;Plena Noite;Crescente;Céu Claro;Dupla;"Aclive;Reta";Sim;3;0;3;0;0;0;3;2;-15,7366224;-48,40222058;SPRF-DF;DEL03-DF;UOP02-DEL03-DF
616056;21/07/2024;domingo;21:45:00;PI;343;52;BURITI DOS LOPES;Animais na Pista;Atropelamento de Animal;Com Vítimas Feridas;Plena Noite;Decrescente;Céu Claro;Simples;Reta;Não;2;0;1;0;1;0;1;1;-3,194594;-41,841324;SPRF-PI;DEL05-PI;UOP01-DEL05-PI
616057;21/07/2024;domingo;20:28:00;MA;10;231;GOVERNADOR EDISON LOBAO;Manobra de mudança de faixa;Colisão frontal;Com Vítimas Fatais;Plena Noite;Decrescente;Céu Claro;Simples;Reta;Não;2;1;0;0;1;0;0;2;-5,69286;-47,364136;SPRF-MA;DEL04-MA;UOP01-DEL04-MA
616058;21/07/2024;domingo;18:15:00;MG;365;51,5;CLARO DOS POCOES;Ausência de reação do condutor;Colisão com objeto;Com Vítimas Feridas;Plena Noite;Crescente;Céu Claro;Simples;Reta;Não;3;0;0;1;2;0;1;3;-16,94950406;-44,24374485;SPRF-MG;DEL12-MG;UOP01-DEL12-MG
616059;21/07/2024;domingo;19:39:00;SC;282;365;ERVAL VELHO;Ausência de reação do condutor;Saída de leito carroçável;Com Vítimas Feridas;Plena Noite;Crescente;Céu Claro;Simples;"Declive;Curva";Não;4;0;2;2;0;0;4;1;-27,295467;-51,407909;SPRF-SC;DEL07-SC;UOP05-DEL07-SC
616060;21/07/2024;domingo;20:30:00;PR;277;524,9;GUARANIACU;Velocidade Incompatível;Saída de leito carroçável;Com Vítimas Feridas;Plena Noite;Crescente;Nublado;Simples;Curva;Não;1;0;0;1;0;0;1;1;-25,11018112;-52,85167802;SPRF-PR;DEL04-PR;UOP04-DEL04-PR
616061;21/07/2024;domingo;21:50:00;MA;316;537;CAXIAS;Condutor deixou de manter distância do veículo da frente;Colisão traseira;Com Vítimas Fatais;Plena Noite;Crescente;Céu Claro;Simples;Aclive;Não;1;1;0;0;0;0;0;1;-4,84161;-43,469112;SPRF-MA;DEL03-MA;UOP02-DEL03-MA
616063;21/07/2024;domingo;21:30:00;SC;101;319;PESCARIA BRAVA;Ausência de reação do condutor;Tombamento;Com Vítimas Feridas;Plena Noite;Crescente;Céu Claro;Dupla;Reta;Sim;1;0;1;0;0;0;1;1;-28,42978736;-48,87148792;SPRF-SC;DEL02-SC;UOP01-DEL02-SC
616064;21/07/2024;domingo;19:40:00;PI;0;0;TERESINA;Deficiência do Sistema de Iluminação/Sinalização;Colisão transversal;Sem Vítimas;Plena Noite;Não Informado;Céu Claro;Simples;Interseção de Vias;Sim;2;0;0;0;2;0;0;2;-5,137029;-42,791429;SPRF-PI;DEL01-PI;UOP02-DEL01-PI
616066;21/07/2024;domingo;22:20:00;PR;369;172;ROLANDIA;Ausência de reação do condutor;Saída de leito carroçável;Sem Vítimas;Plena Noite;Decrescente;Céu Claro;Simples;"Interseção de Vias;Reta";Sim;1;0;0;0;0;1;0;1;-23,30519;-51,3609;SPRF-PR;DEL07-PR;UOP01-DEL07-PR
616067;21/07/2024;domingo;18:30:00;RJ;116;94;GUAPIMIRIM;Acessar a via sem observar a presença dos outros veículos;Colisão lateral mesmo sentido;Com Vítimas Feridas;Plena Noite;Crescente;Nublado;Simples;Reta;Não;2;0;0;1;1;0;1;2;-22,46563211;-42,9979838;SPRF-RJ;DEL04-RJ;UOP01-DEL04-RJ
616068;21/07/2024;domingo;18:00:00;BA;116;754;POCOES;Ausência de reação do condutor;Tombamento;Com Vítimas Fatais;Plena Noite;Crescente;Céu Claro;Simples;Reta;Não;2;2;0;0;0;0;0;1;-14,45740412;-40,34471424;SPRF-BA;DEL08-BA;UOP02-DEL08-BA
616069;21/07/2024;domingo;23:30:00;RS;470;219;BENTO GONCALVES;Ausência de reação do condutor;Colisão frontal;Sem Vítimas;Plena Noite;Crescente;Céu Claro;Dupla;Reta;Sim;3;0;0;0;3;0;0;2;-29,17909489;-51,51855675;SPRF-RS;DEL06-RS;UOP01-DEL06-RS
616071;21/07/2024;domingo;22:00:00;PR;476;279;SAO MATEUS DO SUL;Ingestão de álcool pelo condutor;Colisão frontal;Com Vítimas Feridas;Plena Noite;Crescente;Nevoeiro/Neblina;Simples;Reta;Sim;9;0;1;8;0;0;9;2;-25,871132;-50,406021;SPRF-PR;DEL02-PR;UOP03-DEL02-PR
616072;21/07/2024;domingo;20:45:00;SC;101;308;LAGUNA;Ausência de reação do condutor;Queda de ocupante de veículo;Com Vítimas Feridas;Plena Noite;Crescente;Céu Claro;Simples;"Interseção de Vias;Viaduto";Não;1;0;1;0;0;0;1;1;-28,41561087;-48,79492879;SPRF-SC;DEL02-SC;UOP01-DEL02-SC
616074;21/07/2024;domingo;21:45:00;MS;163;502;JARAGUARI;Reação tardia ou ineficiente do condutor;Saída de leito carroçável;Sem Vítimas;Plena Noite;Crescente;Céu Claro;Simples;Reta;Não;1;0;0;0;0;1;0;1;-20,3103002;-54,50986866;SPRF-MS;DEL01-MS;UOP02-DEL01-MS
616075;21/07/2024;domingo;23:40:00;RJ;116;282;BARRA MANSA;Reação tardia ou ineficiente do condutor;Saída de leito carroçável;Com Vítimas Feridas;Plena Noite;Crescente;Céu Claro;Múltipla;Curva;Sim;1;0;1;0;0;0;1;1;-22,52952398;-44,19559479;SPRF-RJ;DEL07-RJ;UOP02-DEL07-RJ
616076;21/07/2024;domingo;23:55:00;SC;101;203;SAO JOSE;Velocidade Incompatível;Colisão traseira;Com Vítimas Feridas;Plena Noite;Decrescente;Céu Claro;Simples;Curva;Não;2;0;1;0;1;0;1;2;-27,5650044;-48,61460082;SPRF-SC;DEL01-SC;UOP01-DEL01-SC
616078;21/07/2024;domingo;21:10:00;MT;174;292;PONTES E LACERDA;Reação tardia ou ineficiente do condutor;Colisão traseira;Com Vítimas Feridas;Plena Noite;Decrescente;Céu Claro;Simples;Reta;Não;3;0;1;1;1;0;2;2;-15,22440474;-59,31888267;SPRF-MT;DEL04-MT;UOP01-DEL04-MT
616079;22/07/2024;segunda-feira;00:01:00;SC;163;76,5;SAO MIGUEL DO OESTE;Ingestão de álcool pelo condutor;Saída de leito carroçável;Com Vítimas Feridas;Plena Noite;Crescente;Céu Claro;Simples;Retorno Regulamentado;Não;3;0;2;0;1;0;2;1;-26,68191727;-53,5147047;SPRF-SC;DEL07-SC;UOP03-DEL07-SC
616080;22/07/2024;segunda-feira;01:00:00;SC;101;204,6;FLORIANOPOLIS;Reação tardia ou ineficiente do condutor;Colisão traseira;Com Vítimas Feridas;Pleno dia;Crescente;Céu Claro;Múltipla;Reta;Sim;2;0;1;1;0;0;2;2;-27,57413014;-48,61363083;SPRF-SC;DEL01-SC;UOP01-DEL01-SC
616081;21/07/2024;domingo;19:30:00;MG;459;67,3;IPUIUNA;Demais falhas mecânicas ou elétricas;Incêndio;Sem Vítimas;Plena Noite;Decrescente;Céu Claro;Simples;"Declive;Reta";Não;1;0;0;0;1;0;0;1;-22,131327;-46,181057;SPRF-MG;DEL09-MG;UOP01-DEL09-MG
616082;21/07/2024;domingo;23:35:00;SC;101;281,7;IMBITUBA;Ingestão de álcool pelo condutor;Colisão com objeto;Com Vítimas Feridas;Plena Noite;Decrescente;Céu Claro;Dupla;Reta;Não;2;0;2;0;0;0;2;1;-28,18793595;-48,69652041;SPRF-SC;DEL02-SC;UOP03-DEL02-SC
616083;21/07/2024;domingo;23:00:00;PE;104;29;TORITAMA;Acessar a via sem observar a presença dos outros veículos;Colisão frontal;Com Vítimas Feridas;Plena Noite;Crescente;Céu Claro;Simples;Reta;Sim;2;0;1;0;1;0;1;2;-8,0078;-36,0621;SPRF-PE;DEL02-PE;UOP01-DEL02-PE
616084;21/07/2024;domingo;18:05:00;MA;402;10;ROSARIO;Reação tardia ou ineficiente do condutor;Colisão frontal;Com Vítimas Feridas;Anoitecer;Crescente;Céu Claro;Simples;Reta;Sim;3;0;0;1;0;2;1;2;-2,941254;-44,245796;SPRF-MA;DEL01-MA;UOP01-DEL01-MA