id;data_inversa;dia_semana;horario;uf;br;km;municipio;causa_acidente;tipo_acidente;classificacao_acidente;fase_dia;sentido_via;condicao_metereologica;tipo_pista;tracado_via;uso_solo;pessoas;mortos;feridos_leves;feridos_graves;ilesos;ignorados;feridos;veiculos;latitude;longitude;regional;delegacia;uop
616086;22/07/2024;segunda-feira;02:40:00;SC;116;4,1;MAFRA;Ausência de reação do condutor;Colisão com objeto;Sem Vítimas;Plena Noite;Decrescente;Nevoeiro/Neblina;Simples;Reta;Não;3;0;0;0;2;1;0;1;-26,13554917;-49,8072652;SPRF-SC;DEL06-SC;UOP01-DEL06-SC
616087;22/07/2024;segunda-feira;02:00:00;MG;50;79,8;UBERLANDIA;Ausência de reação do condutor;Saída de leito carroçável;Com Vítimas Feridas;Plena Noite;Decrescente;Céu Claro;Dupla;"Aclive;Reta";Sim;2;0;2;0;0;0;2;1;-18,95698031;-48,21650818;SPRF-MG;DEL15-MG;UOP01-DEL15-MG
616088;22/07/2024;segunda-feira;03:22:00;TO;153;564,3;FATIMA;Condutor Dormindo;Capotamento;Com Vítimas Feridas;Plena Noite;Decrescente;Céu Claro;Simples;Reta;Não;3;0;2;1;0;0;3;1;-10,778332;-48,901435;SPRF-TO;DEL01-TO;UOP01-DEL01-TO
616089;22/07/2024;segunda-feira;04:00:00;PR;277;7;PARANAGUA;Manobra de mudança de faixa;Colisão lateral mesmo sentido;Com Vítimas Feridas;Plena Noite;Crescente;Nevoeiro/Neblina;Dupla;Reta;Não;4;0;0;1;2;1;1;2;-25,5625201;-48,59063363;SPRF-PR;DEL01-PR;UOP05-DEL01-PR
616092;22/07/2024;segunda-feira;04:30:00;PR;376;494,3;PONTA GROSSA;Ausência de reação do condutor;Colisão traseira;Sem Vítimas;Plena Noite;Crescente;Céu Claro;Dupla;"Aclive;Reta";Sim;1;0;0;0;0;1;0;1;-25,13019108;-50,17250061;SPRF-PR;DEL03-PR;UOP04-DEL03-PR
616094;22/07/2024;segunda-feira;02:00:00;RJ;101;451;MANGARATIBA;Ingestão de álcool pelo condutor;Capotamento;Sem Vítimas;Plena Noite;Crescente;Céu Claro;Simples;Reta;Não;1;0;0;0;1;0;0;1;-23,02615025;-44,12477186;SPRF-RJ;DEL03-RJ;UOP02-DEL03-RJ
616096;22/07/2024;segunda-feira;05:00:00;MT;163;838;SINOP;Ingestão de álcool pelo condutor;Colisão com objeto;Com Vítimas Feridas;Amanhecer;Decrescente;Céu Claro;Dupla;Reta;Sim;3;0;1;1;1;0;2;2;-11,83433842;-55,48829556;SPRF-MT;DEL06-MT;UOP02-DEL06-MT
616099;22/07/2024;segunda-feira;00:40:00;MG;262;519;LUZ;Ausência de reação do condutor;Colisão traseira;Com Vítimas Feridas;Plena Noite;Crescente;Céu Claro;Dupla;Reta;Não;8;0;1;6;1;0;7;2;-19,79063188;-45,61029998;SPRF-MG;DEL08-MG;UOP03-DEL08-MG
616102;21/07/2024;domingo;18:30:00;BA;116;402;FEIRA DE SANTANA;Reação tardia ou ineficiente do condutor;Queda de ocupante de veículo;Com Vítimas Feridas;Plena Noite;Decrescente;Nublado;Dupla;Reta;Não;1;0;1;0;0;0;1;1;-12,04654101;-38,97030341;SPRF-BA;DEL02-BA;UOP01-DEL02-BA
616103;21/07/2024;domingo;19:20:00;SC;101;60,8;ARAQUARI;Ingestão de álcool pelo condutor;Saída de leito carroçável;Sem Vítimas;Plena Noite;Decrescente;Nublado;Dupla;"Aclive;Reta";Não;1;0;0;0;1;0;0;1;-26,45480883;-48,7692064;SPRF-SC;DEL03-SC;UOP02-DEL03-SC
616104;22/07/2024;segunda-feira;07:05:00;SC;101;204;SAO JOSE;Reação tardia ou ineficiente do condutor;Colisão traseira;Sem Vítimas;Pleno dia;Decrescente;Céu Claro;Múltipla;Reta;Sim;3;0;0;0;3;0;0;2;-27,57413014;-48,61363083;SPRF-SC;DEL01-SC;UOP01-DEL01-SC
616105;22/07/2024;segunda-feira;06:45:00;PB;230;69,9;SOBRADO;Ausência de reação do condutor;Colisão lateral mesmo sentido;Com Vítimas Feridas;Pleno dia;Decrescente;Céu Claro;Dupla;Reta;Não;3;0;2;0;1;0;2;2;-7,1919;-35,2261;SPRF-PB;DEL01-PB;UOP03-DEL01-PB
616106;22/07/2024;segunda-feira;01:55:00;SC;101;136;BALNEARIO CAMBORIU;Ingestão de álcool pelo condutor;Saída de leito carroçável;Sem Vítimas;Plena Noite;Crescente;Nublado;Dupla;Curva;Sim;1;0;0;0;1;0;0;1;-27,008113;-48,617245;SPRF-SC;DEL04-SC;UOP03-DEL04-SC
616107;22/07/2024;segunda-feira;07:00:00;RJ;116;176;SAO JOAO DE MERITI;Manobra de mudança de faixa;Colisão lateral mesmo sentido;Com Vítimas Feridas;Pleno dia;Crescente;Céu Claro;Dupla;Reta;Sim;2;0;1;0;1;0;1;2;-22,7839538;-43,38195488;SPRF-RJ;DEL06-RJ;UOP01-DEL06-RJ
616108;22/07/2024;segunda-feira;06:10:00;MS;163;534;JARAGUARI;Reação tardia ou ineficiente do condutor;Saída de leito carroçável;Com Vítimas Feridas;Pleno dia;Crescente;Céu Claro;Dupla;Reta;Não;1;0;1;0;0;0;1;1;-20,04204609;-54,41341279;SPRF-MS;DEL01-MS;UOP02-DEL01-MS
616109;22/07/2024;segunda-feira;07:00:00;PR;277;588,9;CASCAVEL;Acesso irregular;Colisão frontal;Com Vítimas Feridas;Pleno dia;Crescente;Céu Claro;Simples;Reta;Sim;3;0;1;1;1;0;2;2;-24,97369293;-53,43816604;SPRF-PR;DEL04-PR;UOP01-DEL04-PR
616112;22/07/2024;segunda-feira;07:15:00;RJ;495;28;PETROPOLIS;Ultrapassagem Indevida;Colisão frontal;Com Vítimas Feridas;Pleno dia;Decrescente;Céu Claro;Simples;"Curva;Aclive";Não;2;0;0;1;1;0;1;2;-22,396297;-43,120255;SPRF-RJ;DEL05-RJ;UOP02-DEL05-RJ
616113;22/07/2024;segunda-feira;08:00:00;BA;324;617;SALVADOR;Ausência de reação do condutor;Queda de ocupante de veículo;Com Vítimas Feridas;Pleno dia;Decrescente;Céu Claro;Dupla;Reta;Sim;2;0;1;0;1;0;1;1;-12,8860325;-38,43806469;SPRF-BA;DEL01-BA;UOP01-DEL01-BA
616114;22/07/2024;segunda-feira;07:25:00;DF;20;13;BRASILIA;Condutor deixou de manter distância do veículo da frente;Colisão traseira;Com Vítimas Feridas;Pleno dia;Decrescente;Céu Claro;Dupla;Reta;Sim;2;0;1;0;1;0;1;2;-15,638752;-47,749599;SPRF-DF;DEL02-DF;UOP01-DEL02-DF
616116;22/07/2024;segunda-feira;07:20:00;BA;324;2;FEIRA DE SANTANA;Demais falhas mecânicas ou elétricas;Queda de ocupante de veículo;Com Vítimas Feridas;Pleno dia;Crescente;Sol;Dupla;Viaduto;Sim;1;0;1;0;0;0;1;1;-12,267113;-38,966988;SPRF-BA;DEL02-BA;UOP01-DEL02-BA
616117;22/07/2024;segunda-feira;06:50:00;MS;163;615,4;SAO GABRIEL DO OESTE;Acessar a via sem observar a presença dos outros veículos;Colisão transversal;Com Vítimas Feridas;Pleno dia;Crescente;Céu Claro;Simples;"Interseção de Vias;Reta";Sim;2;0;0;1;1;0;1;2;-19,39850778;-54,56579964;SPRF-MS;DEL06-MS;UOP02-DEL06-MS
616119;22/07/2024;segunda-feira;07:30:00;PR;476;143;CURITIBA;Acumulo de areia ou detritos sobre o pavimento;Tombamento;Com Vítimas Feridas;Pleno dia;Decrescente;Céu Claro;Dupla;Curva;Sim;1;0;1;0;0;0;1;1;-25,5378157;-49,3113516;SPRF-PR;DEL01-PR;UOP06-DEL01-PR
616121;22/07/2024;segunda-feira;07:50:00;SC;101;381,4;ICARA;Ausência de reação do condutor;Colisão traseira;Com Vítimas Feridas;Pleno dia;Decrescente;Céu Claro;Simples;"Declive;Reta";Sim;2;0;1;0;1;0;1;2;-28,75478409;-49,27732095;SPRF-SC;DEL02-SC;UOP02-DEL02-SC
616122;22/07/2024;segunda-feira;06:50:00;PI;343;314;ALTOS;Reação tardia ou ineficiente do condutor;Colisão traseira;Com Vítimas Feridas;Pleno dia;Crescente;Céu Claro;Simples;Reta;Não;2;0;1;0;1;0;1;2;-5,047346;-42,518414;SPRF-PI;DEL01-PI;UOP01-DEL01-PI
616123;22/07/2024;segunda-feira;07:00:00;MG;381;943;EXTREMA;Ausência de reação do condutor;Colisão traseira;Com Vítimas Feridas;Pleno dia;Crescente;Céu Claro;Dupla;"Curva;Aclive";Não;2;0;1;0;1;0;1;2;-22,87018424;-46,3581479;SPRF-MG;DEL16-MG;UOP03-DEL16-MG
616124;22/07/2024;segunda-feira;07:30:00;MG;40;547;NOVA LIMA;Manobra de mudança de faixa;Colisão lateral mesmo sentido;Com Vítimas Feridas;Pleno dia;Crescente;Céu Claro;Dupla;Reta;Não;2;0;0;1;1;0;1;2;-20,02252424;-43,97026042;SPRF-MG;DEL01-MG;UOP02-DEL01-MG
616126;22/07/2024;segunda-feira;07:50:00;AL;316;65;MARAVILHA;Acessar a via sem observar a presença dos outros veículos;Colisão transversal;Com Vítimas Feridas;Pleno dia;Decrescente;Céu Claro;Simples;"Interseção de Vias;Declive;Reta";Sim;2;0;0;1;1;0;1;2;-9,27140816;-37,3922301;SPRF-AL;DEL03-AL;UOP02-DEL03-AL
616128;22/07/2024;segunda-feira;09:20:00;RJ;101;488;ANGRA DOS REIS;Acessar a via sem observar a presença dos outros veículos;Colisão transversal;Com Vítimas Feridas;Pleno dia;Crescente;Céu Claro;Simples;Rotatória;Não;2;0;0;1;1;0;1;2;-22,96020896;-44,29612622;SPRF-RJ;DEL03-RJ;UOP03-DEL03-RJ
616129;22/07/2024;segunda-feira;07:15:00;MA;135;7,5;SAO LUIS;Acessar a via sem observar a presença dos outros veículos;Colisão transversal;Com Vítimas Feridas;Pleno dia;Decrescente;Céu Claro;Dupla;"Reta;Retorno Regulamentado";Sim;2;0;1;0;1;0;1;2;-2,64050426;-44,27121162;SPRF-MA;DEL01-MA;UOP01-DEL01-MA
616132;22/07/2024;segunda-feira;09:20:00;SC;101;400,3;MARACAJA;Desrespeitar a preferência no cruzamento;Colisão transversal;Com Vítimas Feridas;Pleno dia;Crescente;Céu Claro;Simples;"Interseção de Vias;Reta";Sim;2;0;1;0;1;0;1;2;-28,86598552;-49,44828272;SPRF-SC;DEL02-SC;UOP02-DEL02-SC
616133;22/07/2024;segunda-feira;08:10:00;SC;101;104,1;PENHA;Acessar a via sem observar a presença dos outros veículos;Tombamento;Com Vítimas Feridas;Pleno dia;Decrescente;Céu Claro;Dupla;Interseção de Vias;Não;1;0;0;1;0;0;1;1;-26,79281742;-48,68080819;SPRF-SC;DEL03-SC;UOP02-DEL03-SC
616134;22/07/2024;segunda-feira;09:20:00;RJ;116;169;RIO DE JANEIRO;Reação tardia ou ineficiente do condutor;Queda de ocupante de veículo;Com Vítimas Feridas;Pleno dia;Decrescente;Céu Claro;Dupla;Curva;Sim;2;0;2;0;0;0;2;1;-22,816206;-43,324463;SPRF-RJ;DEL06-RJ;UOP01-DEL06-RJ
616135;22/07/2024;segunda-feira;09:50:00;MG;40;467,5;SETE LAGOAS;Condutor deixou de manter distância do veículo da frente;Colisão traseira;Com Vítimas Feridas;Pleno dia;Crescente;Céu Claro;Dupla;"Declive;Reta";Não;2;0;1;0;1;0;1;2;-19,45038924;-44,3166822;SPRF-MG;DEL02-MG;UOP01-DEL02-MG
616137;26/06/2024;quarta-feira;20:00:00;SP;381;81;SAO PAULO;Condutor deixou de manter distância do veículo da frente;Colisão traseira;Com Vítimas Feridas;Plena Noite;Crescente;Nublado;Múltipla;Reta;Sim;2;0;1;0;1;0;1;1;-23,41704481;-46,58022057;SPRF-SP;DEL03-SP;UOP01-DEL03-SP
616138;22/07/2024;segunda-feira;09:35:00;RJ;393;169;TRES RIOS;Acumulo de óleo sobre o pavimento;Queda de ocupante de veículo;Com Vítimas Feridas;Pleno dia;Decrescente;Céu Claro;Dupla;Reta;Sim;1;0;1;0;0;0;1;1;-22,12524861;-43,17380374;SPRF-RJ;DEL05-RJ;UOP02-DEL05-RJ
616141;22/07/2024;segunda-feira;10:10:00;CE;116;7;FORTALEZA;Manobra de mudança de faixa;Colisão lateral mesmo sentido;Com Vítimas Feridas;Pleno dia;Crescente;Céu Claro;Múltipla;Reta;Sim;3;0;0;2;1;0;2;2;-3,81073099;-38,50074867;SPRF-CE;DEL01-CE;UOP02-DEL01-CE
616142;22/07/2024;segunda-feira;09:10:00;BA;407;112,5;JAGUARARI;Ultrapassagem Indevida;Saída de leito carroçável;Com Vítimas Feridas;Pleno dia;Crescente;Céu Claro;Simples;"Declive;Reta";Não;3;0;2;0;1;0;2;1;-10,333475;-40,16767292;SPRF-BA;DEL04-BA;UOP01-DEL04-BA
616143;22/07/2024;segunda-feira;10:15:00;SP;116;112,3;TAUBATE;Condutor deixou de manter distância do veículo da frente;Colisão lateral mesmo sentido;Com Vítimas Feridas;Pleno dia;Decrescente;Sol;Dupla;Interseção de Vias;Não;2;0;1;0;1;0;1;2;-23,04159343;-45,57065616;SPRF-SP;DEL02-SP;UOP02-DEL02-SP
616144;22/07/2024;segunda-feira;10:30:00;PE;232;8;RECIFE;Reação tardia ou ineficiente do condutor;Colisão traseira;Com Vítimas Feridas;Pleno dia;Decrescente;Sol;Múltipla;Reta;Sim;4;0;1;0;3;0;1;2;-8,07583727;-34,97015791;SPRF-PE;DEL01-PE;UOP01-DEL01-PE
616145;22/07/2024;segunda-feira;10:00:00;SC;101;251,3;PAULO LOPES;Ausência de reação do condutor;Colisão com objeto;Com Vítimas Feridas;Pleno dia;Decrescente;Céu Claro;Dupla;"Ponte;Reta";Não;1;0;1;0;0;0;1;1;-27,9490242;-48,67206568;SPRF-SC;DEL02-SC;UOP03-DEL02-SC
616146;22/07/2024;segunda-feira;10:50:00;ES;101;294,8;CARIACICA;Condutor deixou de manter distância do veículo da frente;Colisão traseira;Com Vítimas Feridas;Pleno dia;Decrescente;Céu Claro;Simples;"Aclive;Reta";Não;2;0;1;0;1;0;1;2;-20,32415948;-40,3952903;SPRF-ES;DEL01-ES;UOP01-DEL01-ES
616148;22/07/2024;segunda-feira;10:50:00;SP;381;75;SAO PAULO;Ausência de reação do condutor;Colisão traseira;Com Vítimas Feridas;Pleno dia;Decrescente;Céu Claro;Dupla;"Aclive;Curva";Não;2;0;1;0;1;0;1;2;-23,36553404;-46,55253934;SPRF-SP;DEL03-SP;UOP01-DEL03-SP
616150;06/07/2024;sábado;17:50:00;AL;423;68;AGUA BRANCA;Transitar na contramão;Colisão frontal;Com Vítimas Fatais;Anoitecer;Crescente;Garoa/Chuvisco;Simples;Reta;Não;3;1;0;2;0;0;2;2;-9,30290841;-37,88043892;SPRF-AL;DEL03-AL;UOP02-DEL03-AL
616151;22/07/2024;segunda-feira;11:05:00;PE;101;83,8;JABOATAO DOS GUARARAPES;Reação tardia ou ineficiente do condutor;Colisão traseira;Sem Vítimas;Pleno dia;Decrescente;Céu Claro;Dupla;Retorno Regulamentado;Sim;2;0;0;0;2;0;0;2;-8,178096;-34,94874;SPRF-PE;DEL01-PE;UOP01-DEL01-PE
616152;22/07/2024;segunda-feira;10:15:00;SP;116;60,2;GUARATINGUETA;Condutor deixou de manter distância do veículo da frente;Colisão lateral mesmo sentido;Com Vítimas Feridas;Pleno dia;Crescente;Céu Claro;Dupla;Reta;Não;3;0;0;1;2;0;1;3;-22,79107841;-45,16127586;SPRF-SP;DEL08-SP;UOP01-DEL08-SP
616153;22/07/2024;segunda-feira;09:10:00;RS;158;558,7;SANTANA DO LIVRAMENTO;Mal súbito do condutor;Saída de leito carroçável;Com Vítimas Feridas;Pleno dia;Crescente;Nevoeiro/Neblina;Simples;"Reta;Declive";Não;1;0;1;0;0;0;1;1;-30,84439465;-55,44613406;SPRF-RS;DEL11-RS;UOP01-DEL11-RS
616154;22/07/2024;segunda-feira;08:55:00;MS;158;65,2;PARANAIBA;Demais falhas mecânicas ou elétricas;Saída de leito carroçável;Com Vítimas Feridas;Pleno dia;Crescente;Céu Claro;Simples;Reta;Não;2;0;1;1;0;0;2;1;-19,46332687;-51,33256191;SPRF-MS;DEL08-MS;UOP01-DEL08-MS
616156;22/07/2024;segunda-feira;06:25:00;CE;304;62,8;ARACATI;Transitar na contramão;Colisão frontal;Com Vítimas Feridas;Pleno dia;Crescente;Céu Claro;Simples;Reta;Sim;7;0;2;2;2;1;4;3;-4,60614604;-37,66304905;SPRF-CE;DEL03-CE;UOP03-DEL03-CE
616157;22/07/2024;segunda-feira;08:20:00;MT;174;167;PORTO ESPERIDIAO;Ausência de reação do condutor;Saída de leito carroçável;Com Vítimas Feridas;Pleno dia;Decrescente;Céu Claro;Simples;Reta;Não;2;0;1;0;1;0;1;1;-15,83908432;-58,44832876;SPRF-MT;DEL03-MT;UOP01-DEL03-MT
616158;22/07/2024;segunda-feira;11:00:00;PI;316;9;TERESINA;Acessar a via sem observar a presença dos outros veículos;Colisão traseira;Com Vítimas Feridas;Pleno dia;Crescente;Céu Claro;Dupla;Reta;Sim;3;0;3;0;0;0;3;2;-5,17381686;-42,76624952;SPRF-PI;DEL01-PI;UOP02-DEL01-PI
616160;22/07/2024;segunda-feira;11:50:00;SC;101;214;PALHOCA;Acessar a via sem observar a presença dos outros veículos;Colisão transversal;Com Vítimas Feridas;Pleno dia;Decrescente;Céu Claro;Dupla;Interseção de Vias;Sim;2;0;1;0;1;0;1;2;-27,64443;-48,67057;SPRF-SC;DEL01-SC;UOP02-DEL01-SC
616162;22/07/2024;segunda-feira;12:14:00;RN;226;113;SANTA CRUZ;Acessar a via sem observar a presença dos outros veículos;Colisão transversal;Com Vítimas Feridas;Pleno dia;Crescente;Céu Claro;Simples;"Interseção de Vias;Aclive;Reta";Sim;2;0;1;0;1;0;1;2;-6,21598842;-36,01964235;SPRF-RN;DEL03-RN;UOP02-DEL03-RN
616163;22/07/2024;segunda-feira;12:04:00;RN;304;300;MACAIBA;Trafegar com motocicleta (ou similar) entre as faixas;Colisão lateral mesmo sentido;Com Vítimas Feridas;Pleno dia;Decrescente;Céu Claro;Dupla;Reta;Não;2;0;0;1;1;0;1;2;-5,8737673;-35,3150361;SPRF-RN;DEL01-RN;UOP02-DEL01-RN
616164;22/07/2024;segunda-feira;09:45:00;RS;470;225;GARIBALDI;Acessar a via sem observar a presença dos outros veículos;Colisão transversal;Com Vítimas Feridas;Pleno dia;Crescente;Sol;Simples;"Reta;Retorno Regulamentado";Sim;5;0;1;0;4;0;1;2;-29,21454003;-51,51762617;SPRF-RS;DEL06-RS;UOP01-DEL06-RS
616167;22/07/2024;segunda-feira;11:40:00;RO;364;340;JI-PARANA;Acessar a via sem observar a presença dos outros veículos;Colisão lateral mesmo sentido;Sem Vítimas;Pleno dia;Crescente;Céu Claro;Dupla;"Reta;Interseção de Vias";Sim;3;0;0;0;3;0;0;2;-10,898802;-61,93046;SPRF-RO;DEL02-RO;UOP01-DEL02-RO
616168;22/07/2024;segunda-feira;11:50:00;SC;470;66;INDAIAL;Acessar a via sem observar a presença dos outros veículos;Colisão transversal;Com Vítimas Feridas;Pleno dia;Crescente;Céu Claro;Simples;"Interseção de Vias;Rotatória;Em Obras";Sim;2;0;1;0;1;0;1;2;-26,8701333;-49,22746181;SPRF-SC;DEL04-SC;UOP01-DEL04-SC
616169;22/07/2024;segunda-feira;11:00:00;PI;230;299,8;FLORIANO;Manobra de mudança de faixa;Colisão transversal;Com Vítimas Fatais;Pleno dia;Crescente;Céu Claro;Simples;Reta;Não;6;1;0;0;5;0;0;2;-6,81967598;-42,92922299;SPRF-PI;DEL03-PI;UOP01-DEL03-PI
616170;22/07/2024;segunda-feira;12:20:00;SC;101;98,7;BALNEARIO PICARRAS;Acessar a via sem observar a presença dos outros veículos;Colisão traseira;Com Vítimas Feridas;Pleno dia;Crescente;Sol;Dupla;Curva;Não;4;0;1;1;2;0;2;4;-26,73760897;-48,69918789;SPRF-SC;DEL03-SC;UOP02-DEL03-SC
616171;22/07/2024;segunda-feira;12:58:00;RN;304;294;MACAIBA;Conversão proibida;Colisão transversal;Com Vítimas Feridas;Pleno dia;Crescente;Céu Claro;Simples;"Declive;Reta;Em Obras";Não;1;0;1;0;0;0;1;1;-5,86726977;-35,36713102;SPRF-RN;DEL01-RN;UOP02-DEL01-RN
616172;22/07/2024;segunda-feira;09:15:00;MG;40;41,9;PARACATU;Reação tardia ou ineficiente do condutor;Tombamento;Com Vítimas Feridas;Pleno dia;Crescente;Céu Claro;Simples;Reta;Sim;2;0;1;0;1;0;1;1;-17,21271307;-46,87295209;SPRF-MG;DEL14-MG;UOP01-DEL14-MG
616173;22/07/2024;segunda-feira;13:00:00;SC;101;119,4;ITAJAI;Ausência de reação do condutor;Queda de ocupante de veículo;Com Vítimas Feridas;Pleno dia;Crescente;Céu Claro;Dupla;Reta;Sim;1;0;1;0;0;0;1;1;-26,9043179;-48,71555481;SPRF-SC;DEL04-SC;UOP04-DEL04-SC
616174;22/07/2024;segunda-feira;13:30:00;SC;116;31,7;ITAIOPOLIS;Condutor Dormindo;Colisão com objeto;Com Vítimas Feridas;Pleno dia;Crescente;Céu Claro;Simples;Reta;Não;1;0;1;0;0;0;1;1;-26,31708989;-49,97099106;SPRF-SC;DEL06-SC;UOP01-DEL06-SC
616176;16/06/2024;domingo;16:30:00;SP;116;287;ITAPECERICA DA SERRA;Trafegar com motocicleta (ou similar) entre as faixas;Colisão lateral mesmo sentido;Com Vítimas Feridas;Pleno dia;Decrescente;Céu Claro;Dupla;Reta;Não;3;0;2;0;1;0;2;2;-23,71441779;-46,87929634;SPRF-SP;DEL04-SP;UOP01-DEL04-SP
616177;22/07/2024;segunda-feira;13:10:00;RJ;101;309;SAO GONCALO;Velocidade Incompatível;Colisão com objeto;Sem Vítimas;Pleno dia;Decrescente;Céu Claro;Dupla;Reta;Não;1;0;0;0;0;1;0;1;-22,79498873;-43,03446105;SPRF-RJ;DEL02-RJ;UOP02-DEL02-RJ
616180;22/07/2024;segunda-feira;13:20:00;DF;20;30,8;BRASILIA;Reação tardia ou ineficiente do condutor;Saída de leito carroçável;Com Vítimas Feridas;Pleno dia;Decrescente;Céu Claro;Dupla;Reta;Não;1;0;0;1;0;0;1;1;-15,592531;-47,594936;SPRF-DF;DEL02-DF;UOP01-DEL02-DF
616184;22/07/2024;segunda-feira;13:30:00;SP;153;100;JOSE BONIFACIO;Ausência de reação do condutor;Saída de leito carroçável;Com Vítimas Feridas;Pleno dia;Crescente;Sol;Simples;Reta;Não;1;0;1;0;0;0;1;1;-21,00658524;-49,63430539;SPRF-SP;DEL09-SP;UOP01-DEL09-SP
616185;22/07/2024;segunda-feira;12:50:00;GO;60;136;GOIANIA;Ausência de reação do condutor;Saída de leito carroçável;Sem Vítimas;Pleno dia;Crescente;Céu Claro;Dupla;Reta;Sim;2;0;0;0;0;2;0;2;-16,5959;-49,1965;SPRF-GO;DEL01-GO;UOP01-DEL01-GO
616186;22/07/2024;segunda-feira;13:15:00;RS;448;8,7;CANOAS;Demais falhas mecânicas ou elétricas;Tombamento;Com Vítimas Feridas;Pleno dia;Crescente;Sol;Dupla;Reta;Não;1;0;1;0;0;0;1;1;-29,874287;-51,231651;SPRF-RS;DEL01-RS;UOP02-DEL01-RS
616187;22/07/2024;segunda-feira;13:50:00;GO;153;535;HIDROLANDIA;Manobra de mudança de faixa;Colisão lateral mesmo sentido;Com Vítimas Feridas;Pleno dia;Decrescente;Céu Claro;Dupla;Reta;Não;2;0;1;0;1;0;1;2;-17,01;-49,2202;SPRF-GO;DEL01-GO;UOP03-DEL01-GO
616188;22/07/2024;segunda-feira;14:10:00;SP;116;293,5;ITAPECERICA DA SERRA;Trafegar com motocicleta (ou similar) entre as faixas;Colisão lateral mesmo sentido;Com Vítimas Feridas;Pleno dia;Crescente;Sol;Dupla;Reta;Não;2;0;1;0;1;0;1;2;-23,75393807;-46,90168863;SPRF-SP;DEL04-SP;UOP01-DEL04-SP
616190;22/07/2024;segunda-feira;14:20:00;PE;101;41;IGARASSU;Acessar a via sem observar a presença dos outros veículos;Colisão lateral mesmo sentido;Com Vítimas Feridas;Pleno dia;Crescente;Céu Claro;Múltipla;Reta;Não;2;0;0;1;1;0;1;2;-7,83038346;-34,91426785;SPRF-PE;DEL01-PE;UOP02-DEL01-PE
616192;15/05/2024;quarta-feira;17:40:00;RJ;116;140;DUQUE DE CAXIAS;Transitar no Acostamento;Atropelamento de Pedestre;Com Vítimas Feridas;Anoitecer;Decrescente;Nublado;Dupla;Reta;Sim;2;0;0;1;1;0;1;2;-22,6603556;-43,2521688;SPRF-RJ;DEL01-RJ;UOP02-DEL01-RJ
616193;22/07/2024;segunda-feira;13:40:00;SC;163;70,2;SAO MIGUEL DO OESTE;Condutor deixou de manter distância do veículo da frente;Colisão traseira;Com Vítimas Feridas;Pleno dia;Decrescente;Céu Claro;Dupla;"Retorno Regulamentado;Reta;Interseção de Vias";Sim;5;0;2;0;3;0;2;4;-26,73461723;-53,50680015;SPRF-SC;DEL07-SC;UOP03-DEL07-SC
616194;22/07/2024;segunda-feira;15:20:00;MG;381;499;BETIM;Ausência de reação do condutor;Colisão traseira;Com Vítimas Feridas;Pleno dia;Decrescente;Céu Claro;Dupla;"Aclive;Reta";Não;2;0;1;0;1;0;1;2;-20,01792651;-44,2261448;SPRF-MG;DEL01-MG;UOP03-DEL01-MG
616195;22/07/2024;segunda-feira;11:10:00;SC;116;107,8;MONTE CASTELO;Ausência de reação do condutor;Tombamento;Com Vítimas Feridas;Pleno dia;Crescente;Céu Claro;Simples;"Aclive;Curva";Não;1;0;1;0;0;0;1;1;-26,75568818;-50,32812388;SPRF-SC;DEL06-SC;UOP02-DEL06-SC
616196;22/07/2024;segunda-feira;15:00:00;RJ;465;4;SEROPEDICA;Condutor deixou de manter distância do veículo da frente;Colisão traseira;Com Vítimas Feridas;Pleno dia;Decrescente;Sol;Simples;Reta;Sim;5;0;1;0;4;0;1;2;-22,740971;-43,705597;SPRF-RJ;DEL06-RJ;UOP02-DEL06-RJ
616200;08/07/2024;segunda-feira;22:45:00;PR;376;407;TIBAGI;Velocidade Incompatível;Saída de leito carroçável;Com Vítimas Feridas;Plena Noite;Decrescente;Chuva;Dupla;Curva;Não;4;0;2;2;0;0;4;1;-24,60230596;-50,66435874;SPRF-PR;DEL03-PR;UOP02-DEL03-PR
616202;22/07/2024;segunda-feira;14:40:00;CE;116;294;JAGUARIBE;Reação tardia ou ineficiente do condutor;Colisão traseira;Com Vítimas Feridas;Pleno dia;Crescente;Céu Claro;Simples;Reta;Não;6;0;1;0;4;1;1;3;-5,80080594;-38,53030635;SPRF-CE;DEL05-CE;UOP02-DEL05-CE
616203;22/07/2024;segunda-feira;15:15:00;GO;153;434,8;ANAPOLIS;Demais falhas mecânicas ou elétricas;Tombamento;Com Vítimas Feridas;Pleno dia;Crescente;Céu Claro;Dupla;"Aclive;Reta";Sim;1;0;1;0;0;0;1;1;-16,275604;-48,967766;SPRF-GO;DEL02-GO;UOP01-DEL02-GO
616208;15/07/2024;segunda-feira;16:37:00;PE;232;468;MIRANDIBA;Animais na Pista;Atropelamento de Animal;Sem Vítimas;Pleno dia;Decrescente;Céu Claro;Simples;Reta;Não;2;0;0;0;2;0;0;1;-8,02356278;-38,78442996;SPRF-PE;DEL05-PE;UOP01-DEL05-PE