id;data_inversa;dia_semana;horario;uf;br;km;municipio;causa_acidente;tipo_acidente;classificacao_acidente;fase_dia;sentido_via;condicao_metereologica;tipo_pista;tracado_via;uso_solo;pessoas;mortos;feridos_leves;feridos_graves;ilesos;ignorados;feridos;veiculos;latitude;longitude;regional;delegacia;uop
616209;22/07/2024;segunda-feira;16:45:00;SC;101;175,6;BIGUACU;Demais falhas mecânicas ou elétricas;Queda de ocupante de veículo;Com Vítimas Feridas;Pleno dia;Crescente;Céu Claro;Dupla;Reta;Não;2;0;1;1;0;0;2;1;-27,33963303;-48,62734885;SPRF-SC;DEL01-SC;UOP01-DEL01-SC
616210;22/07/2024;segunda-feira;13:30:00;GO;60;404;RIO VERDE;Reação tardia ou ineficiente do condutor;Saída de leito carroçável;Com Vítimas Feridas;Pleno dia;Decrescente;Céu Claro;Dupla;Reta;Não;3;0;1;1;0;1;2;2;-17,8146;-51,0888;SPRF-GO;DEL04-GO;UOP02-DEL04-GO
616213;22/07/2024;segunda-feira;17:18:00;DF;70;6;BRASILIA;Condutor deixou de manter distância do veículo da frente;Colisão traseira;Sem Vítimas;Anoitecer;Crescente;Céu Claro;Dupla;Reta;Sim;3;0;0;0;3;0;0;2;-15,791242;-48,105759;SPRF-DF;DEL03-DF;UOP02-DEL03-DF
616214;22/07/2024;segunda-feira;12:19:00;MS;0;0;CAMPO GRANDE;Reação tardia ou ineficiente do condutor;Colisão transversal;Sem Vítimas;Pleno dia;Não Informado;Céu Claro;Simples;Interseção de Vias;Sim;6;0;0;0;6;0;0;3;-20,445588;-54,597146;SPRF-MS;DEL01-MS;UOP01-DEL01-MS
616216;22/07/2024;segunda-feira;14:40:00;SC;282;425;VARGEM BONITA;Reação tardia ou ineficiente do condutor;Colisão com objeto;Com Vítimas Feridas;Pleno dia;Decrescente;Céu Claro;Simples;"Declive;Curva";Não;1;0;0;1;0;0;1;1;-26,980412;-51,756256;SPRF-SC;DEL07-SC;UOP05-DEL07-SC
616217;22/07/2024;segunda-feira;16:30:00;SC;101;281,8;IMBITUBA;Condutor deixou de manter distância do veículo da frente;Colisão traseira;Sem Vítimas;Pleno dia;Decrescente;Céu Claro;Dupla;Reta;Sim;6;0;0;0;6;0;0;2;-28,19626005;-48,69739859;SPRF-SC;DEL02-SC;UOP03-DEL02-SC
616218;22/07/2024;segunda-feira;16:25:00;GO;20;151;ALVORADA DO NORTE;Ultrapassagem Indevida;Colisão lateral sentido oposto;Com Vítimas Feridas;Pleno dia;Decrescente;Céu Claro;Simples;Reta;Não;3;0;3;0;0;0;3;2;-14,67083;-46,645657;SPRF-DF;DEL02-DF;UOP03-DEL02-DF
616219;14/05/2024;terça-feira;17:20:00;PI;402;46,6;LUIS CORREIA;Frear bruscamente;Colisão traseira;Com Vítimas Feridas;Anoitecer;Crescente;Céu Claro;Simples;Reta;Não;3;0;0;2;0;1;2;2;-3,00929854;-41,67766571;SPRF-PI;DEL05-PI;UOP01-DEL05-PI
616220;22/07/2024;segunda-feira;17:35:00;PB;101;83;BAYEUX;Pista Escorregadia;Tombamento;Com Vítimas Feridas;Plena Noite;Crescente;Céu Claro;Dupla;Reta;Sim;1;0;1;0;0;0;1;1;-7,1337703;-34,92963914;SPRF-PB;DEL01-PB;UOP01-DEL01-PB
616221;22/07/2024;segunda-feira;17:00:00;SC;470;62;INDAIAL;Conversão proibida;Colisão transversal;Com Vítimas Feridas;Pleno dia;Decrescente;Céu Claro;Simples;"Aclive;Curva";Sim;2;0;1;0;1;0;1;2;-26,87441122;-49,18377399;SPRF-SC;DEL04-SC;UOP01-DEL04-SC
616222;22/07/2024;segunda-feira;14:25:00;SC;101;335,5;TUBARAO;Avarias e/ou desgaste excessivo no pneu;Tombamento;Com Vítimas Feridas;Pleno dia;Crescente;Céu Claro;Múltipla;"Declive;Reta";Sim;1;0;1;0;0;0;1;1;-28,46729543;-49,00477409;SPRF-SC;DEL02-SC;UOP01-DEL02-SC
616224;22/07/2024;segunda-feira;13:00:00;MG;40;118,8;LAGOA GRANDE;Acessar a via sem observar a presença dos outros veículos;Colisão transversal;Com Vítimas Feridas;Pleno dia;Decrescente;Céu Claro;Simples;"Interseção de Vias;Reta";Não;7;0;4;0;3;0;4;2;-17,66037989;-46,37535095;SPRF-MG;DEL14-MG;UOP01-DEL14-MG
616225;22/07/2024;segunda-feira;09:30:00;BA;116;130;CANUDOS;Reação tardia ou ineficiente do condutor;Atropelamento de Pedestre;Com Vítimas Feridas;Pleno dia;Crescente;Céu Claro;Simples;Reta;Não;4;0;0;1;2;1;1;2;-9,74964502;-39,12591894;SPRF-BA;DEL07-BA;UOP01-DEL07-BA
616226;22/07/2024;segunda-feira;16:40:00;ES;262;173,6;IRUPI;Transitar na contramão;Capotamento;Com Vítimas Feridas;Anoitecer;Crescente;Céu Claro;Simples;"Aclive;Reta";Não;3;0;0;2;1;0;2;2;-20,26956341;-41,61106;SPRF-ES;DEL01-ES;UOP02-DEL01-ES
616227;22/07/2024;segunda-feira;18:00:00;SP;116;218;GUARULHOS;Manobra de mudança de faixa;Colisão lateral mesmo sentido;Com Vítimas Feridas;Plena Noite;Decrescente;Nublado;Múltipla;Reta;Sim;3;0;1;0;2;0;1;2;-23,457972;-46,479927;SPRF-SP;DEL01-SP;UOP01-DEL01-SP
616231;22/07/2024;segunda-feira;11:40:00;RS;285;591;SANTO ANTONIO DAS MISSOES;Ultrapassagem Indevida;Saída de leito carroçável;Com Vítimas Feridas;Pleno dia;Decrescente;Céu Claro;Simples;Reta;Não;2;0;2;0;0;0;2;1;-28,478512;-55,193344;SPRF-RS;DEL12-RS;UOP01-DEL12-RS
616232;22/07/2024;segunda-feira;16:30:00;RJ;101;479;ANGRA DOS REIS;Manobra de mudança de faixa;Queda de ocupante de veículo;Com Vítimas Feridas;Pleno dia;Crescente;Céu Claro;Simples;Reta;Não;1;0;1;0;0;0;1;1;-23,00854164;-44,27562028;SPRF-RJ;DEL03-RJ;UOP03-DEL03-RJ
616233;22/07/2024;segunda-feira;18:20:00;SC;101;145;ITAPEMA;Trafegar com motocicleta (ou similar) entre as faixas;Colisão traseira;Com Vítimas Feridas;Plena Noite;Decrescente;Céu Claro;Dupla;"Aclive;Reta";Sim;2;0;1;0;1;0;1;2;-27,08139206;-48,60130993;SPRF-SC;DEL04-SC;UOP03-DEL04-SC
616234;22/07/2024;segunda-feira;17:35:00;PB;101;83,8;BAYEUX;Reação tardia ou ineficiente do condutor;Engavetamento;Com Vítimas Feridas;Anoitecer;Crescente;Garoa/Chuvisco;Dupla;Reta;Sim;6;0;2;0;4;0;2;4;-7,1337703;-34,92963914;SPRF-PB;DEL01-PB;UOP01-DEL01-PB
616235;22/07/2024;segunda-feira;17:40:00;RS;116;261;CANOAS;Reação tardia ou ineficiente do condutor;Colisão traseira;Com Vítimas Feridas;Pleno dia;Decrescente;Céu Claro;Múltipla;Reta;Não;2;0;1;0;1;0;1;2;-29,887983;-51,17901;SPRF-RS;DEL01-RS;UOP01-DEL01-RS
616237;20/07/2024;sábado;17:30:00;RS;116;259;CANOAS;Reação tardia ou ineficiente do condutor;Colisão traseira;Com Vítimas Feridas;Pleno dia;Decrescente;Céu Claro;Dupla;Reta;Sim;1;0;0;1;0;0;1;1;-29,879208;-51,18045622;SPRF-RS;DEL01-RS;UOP02-DEL01-RS
616238;22/07/2024;segunda-feira;18:00:00;MG;116;276,3;TEOFILO OTONI;Acessar a via sem observar a presença dos outros veículos;Atropelamento de Pedestre;Com Vítimas Feridas;Anoitecer;Crescente;Céu Claro;Simples;Reta;Sim;3;0;0;1;1;1;1;2;-17,85105696;-41,51454492;SPRF-MG;DEL11-MG;UOP01-DEL11-MG
616239;22/07/2024;segunda-feira;18:39:00;DF;70;9;BRASILIA;Manobra de mudança de faixa;Colisão transversal;Com Vítimas Feridas;Plena Noite;Crescente;Céu Claro;Dupla;Reta;Sim;3;0;1;0;2;0;1;2;-15,784615;-48,132023;SPRF-DF;DEL03-DF;UOP02-DEL03-DF
616240;21/05/2024;terça-feira;16:40:00;MG;40;790,9;JUIZ DE FORA;Condutor deixou de manter distância do veículo da frente;Colisão traseira;Com Vítimas Feridas;Pleno dia;Crescente;Céu Claro;Dupla;Reta;Não;2;0;1;0;1;0;1;2;-21,77130707;-43,43618608;SPRF-MG;DEL05-MG;UOP01-DEL05-MG
616241;22/07/2024;segunda-feira;17:45:00;RS;290;84,3;PORTO ALEGRE;Reação tardia ou ineficiente do condutor;Queda de ocupante de veículo;Com Vítimas Feridas;Anoitecer;Crescente;Céu Claro;Dupla;Ponte;Não;1;0;0;1;0;0;1;1;-29,96376;-51,097771;SPRF-RS;DEL01-RS;UOP01-DEL01-RS
616242;22/07/2024;segunda-feira;18:29:00;ES;262;90;DOMINGOS MARTINS;Desvio temporário;Colisão transversal;Com Vítimas Feridas;Plena Noite;Crescente;Céu Claro;Simples;"Desvio Temporário;Curva;Em Obras";Sim;4;0;2;0;2;0;2;2;-20,38123513;-41,02431905;SPRF-ES;DEL01-ES;UOP02-DEL01-ES
616243;22/07/2024;segunda-feira;18:15:00;RS;290;84,3;PORTO ALEGRE;Demais falhas mecânicas ou elétricas;Incêndio;Sem Vítimas;Anoitecer;Crescente;Céu Claro;Dupla;Reta;Não;1;0;0;0;1;0;0;1;-29,96457112;-51,0992682;SPRF-RS;DEL01-RS;UOP01-DEL01-RS
616245;22/07/2024;segunda-feira;17:30:00;DF;251;49;BRASILIA;Condutor deixou de manter distância do veículo da frente;Capotamento;Com Vítimas Feridas;Pleno dia;Crescente;Céu Claro;Simples;Reta;Sim;5;0;0;2;3;0;2;2;-15,948113;-47,845235;SPRF-DF;DEL01-DF;UOP01-DEL01-DF
616246;22/07/2024;segunda-feira;18:40:00;PR;469;14,5;FOZ DO IGUACU;Transitar na contramão;Colisão frontal;Com Vítimas Feridas;Anoitecer;Decrescente;Céu Claro;Simples;Reta;Não;2;0;0;1;1;0;1;2;-25,5781;-54,5411;SPRF-PR;DEL05-PR;UOP04-DEL05-PR
616247;22/07/2024;segunda-feira;18:00:00;SE;101;88,4;NOSSA SENHORA DO SOCORRO;Transitar no Acostamento;Colisão transversal;Com Vítimas Feridas;Anoitecer;Crescente;Nublado;Dupla;"Reta;Desvio Temporário;Em Obras;Declive";Não;3;0;2;0;0;1;2;2;-10,87113297;-37,1344637;SPRF-SE;DEL01-SE;UOP01-DEL01-SE
616248;22/07/2024;segunda-feira;14:40:00;SC;280;6;SAO FRANCISCO DO SUL;Reação tardia ou ineficiente do condutor;Colisão traseira;Com Vítimas Feridas;Pleno dia;Decrescente;Céu Claro;Simples;Reta;Não;2;0;2;0;0;0;2;2;-26,26569095;-48,63361804;SPRF-SC;DEL03-SC;UOP03-DEL03-SC
616249;22/07/2024;segunda-feira;19:00:00;ES;101;390,9;RIO NOVO DO SUL;Acessar a via sem observar a presença dos outros veículos;Colisão transversal;Com Vítimas Feridas;Plena Noite;Crescente;Céu Claro;Simples;Curva;Não;2;0;1;0;1;0;1;2;-20,86540549;-40,8878163;SPRF-ES;DEL03-ES;UOP02-DEL03-ES
616250;22/07/2024;segunda-feira;19:00:00;TO;153;496;PARAISO DO TOCANTINS;Desrespeitar a preferência no cruzamento;Colisão transversal;Com Vítimas Feridas;Plena Noite;Crescente;Céu Claro;Simples;Reta;Sim;3;0;1;0;2;0;1;2;-10,16527794;-48,88094578;SPRF-TO;DEL01-TO;UOP01-DEL01-TO
616251;22/07/2024;segunda-feira;18:00:00;MS;262;361;CAMPO GRANDE;Acumulo de óleo sobre o pavimento;Tombamento;Com Vítimas Feridas;Plena Noite;Crescente;Céu Claro;Simples;"Em Obras;Reta";Sim;1;0;1;0;0;0;1;1;-20,5189368;-54,71594677;SPRF-MS;DEL01-MS;UOP03-DEL01-MS
616252;22/07/2024;segunda-feira;18:50:00;RJ;101;322;NITEROI;Manobra de mudança de faixa;Colisão lateral mesmo sentido;Sem Vítimas;Pleno dia;Decrescente;Céu Claro;Múltipla;Reta;Não;2;0;0;0;2;0;0;2;-22,878923;-43,110676;SPRF-RJ;DEL02-RJ;UOP01-DEL02-RJ
616254;22/07/2024;segunda-feira;18:30:00;RR;401;13;BOA VISTA;Entrada inopinada do pedestre;Atropelamento de Pedestre;Com Vítimas Feridas;Plena Noite;Decrescente;Céu Claro;Dupla;Reta;Sim;2;0;2;0;0;0;2;2;2,80525551;-60,68791151;SPRF-RR;DEL01-RR;UOP01-DEL01-RR
616255;22/07/2024;segunda-feira;18:50:00;PE;408;103;SAO LOURENCO DA MATA;Reação tardia ou ineficiente do condutor;Colisão traseira;Sem Vítimas;Plena Noite;Decrescente;Céu Claro;Dupla;Reta;Não;2;0;0;0;2;0;0;2;-8,05746154;-34,99468175;SPRF-PE;DEL01-PE;UOP01-DEL01-PE
616256;22/07/2024;segunda-feira;18:11:00;PR;376;173;MARINGA;Manobra de mudança de faixa;Colisão lateral mesmo sentido;Com Vítimas Feridas;Plena Noite;Crescente;Céu Claro;Múltipla;"Reta;Interseção de Vias";Sim;2;0;0;1;1;0;1;2;-23,4172197;-51,9589231;SPRF-PR;DEL09-PR;UOP01-DEL09-PR
616257;22/07/2024;segunda-feira;19:30:00;SP;116;222;GUARULHOS;Trafegar com motocicleta (ou similar) entre as faixas;Colisão lateral mesmo sentido;Com Vítimas Feridas;Plena Noite;Decrescente;Céu Claro;Múltipla;Reta;Sim;2;0;1;0;1;0;1;2;-23,47093408;-46,51631097;SPRF-SP;DEL01-SP;UOP01-DEL01-SP
616258;22/07/2024;segunda-feira;19:10:00;BA;116;425;FEIRA DE SANTANA;Pedestre cruzava a pista fora da faixa;Atropelamento de Pedestre;Com Vítimas Fatais;Pleno dia;Decrescente;Céu Claro;Dupla;Declive;Não;3;1;0;0;2;0;0;2;-12,229301;-38,964527;SPRF-BA;DEL02-BA;UOP01-DEL02-BA
616259;22/07/2024;segunda-feira;18:55:00;MA;135;12;SAO LUIS;Acessar a via sem observar a presença dos outros veículos;Atropelamento de Pedestre;Com Vítimas Feridas;Plena Noite;Crescente;Céu Claro;Dupla;"Retorno Regulamentado;Reta";Sim;2;0;0;1;1;0;1;2;-2,67223553;-44,29173767;SPRF-MA;DEL01-MA;UOP01-DEL01-MA
616261;22/07/2024;segunda-feira;18:30:00;PR;158;533;PATO BRANCO;Condutor usando celular;Queda de ocupante de veículo;Com Vítimas Feridas;Anoitecer;Crescente;Céu Claro;Simples;Reta;Sim;2;0;2;0;0;0;2;1;-26,21972809;-52,68262891;SPRF-PR;DEL02-PR;UOP01-DEL02-PR
616263;22/07/2024;segunda-feira;16:30:00;RJ;40;22;TRES RIOS;Mal súbito do condutor;Saída de leito carroçável;Com Vítimas Feridas;Pleno dia;Crescente;Céu Claro;Dupla;"Aclive;Reta";Não;1;0;1;0;0;0;1;1;-22,12459963;-43,1565107;SPRF-RJ;DEL05-RJ;UOP02-DEL05-RJ
616264;22/07/2024;segunda-feira;19:45:00;ES;101;98;JAGUARE;Ausência de reação do condutor;Tombamento;Com Vítimas Feridas;Plena Noite;Crescente;Céu Claro;Simples;Reta;Não;1;0;0;1;0;0;1;1;-18,96368507;-39,98757584;SPRF-ES;DEL04-ES;UOP02-DEL04-ES
616266;22/07/2024;segunda-feira;20:00:00;RS;392;117;CANGUCU;Ausência de reação do condutor;Colisão com objeto;Sem Vítimas;Plena Noite;Crescente;Céu Claro;Simples;"Reta;Aclive";Não;1;0;0;0;1;0;0;1;-31,41369338;-52,67628308;SPRF-RS;DEL07-RS;UOP01-DEL07-RS
616267;22/07/2024;segunda-feira;19:00:00;MA;135;67;SANTA RITA;Ultrapassagem Indevida;Colisão lateral sentido oposto;Com Vítimas Feridas;Plena Noite;Decrescente;Céu Claro;Simples;Reta;Sim;4;0;0;2;2;0;2;2;-3,11481199;-44,32344911;SPRF-MA;DEL01-MA;UOP02-DEL01-MA
616268;22/07/2024;segunda-feira;17:10:00;MS;158;107;PARANAIBA;Objeto estático sobre o leito carroçável;Colisão com objeto;Sem Vítimas;Anoitecer;Decrescente;Céu Claro;Simples;"Reta;Aclive";Não;2;0;0;0;2;0;0;1;-19,76152096;-51,12322487;SPRF-MS;DEL08-MS;UOP01-DEL08-MS
616270;22/07/2024;segunda-feira;19:47:00;CE;116;2;FORTALEZA;Manobra de mudança de faixa;Colisão lateral mesmo sentido;Sem Vítimas;Plena Noite;Crescente;Céu Claro;Múltipla;Reta;Sim;3;0;0;0;3;0;0;2;-3,77019802;-38,51724508;SPRF-CE;DEL01-CE;UOP02-DEL01-CE
616271;22/07/2024;segunda-feira;18:30:00;BA;407;6;JUAZEIRO;Transitar na contramão;Colisão frontal;Com Vítimas Feridas;Plena Noite;Crescente;Céu Claro;Simples;Reta;Sim;2;0;1;0;1;0;1;2;-9,45595491;-40,48655981;SPRF-PE;DEL06-PE;UOP01-DEL06-PE
616273;22/07/2024;segunda-feira;21:10:00;CE;116;19;EUSEBIO;Reação tardia ou ineficiente do condutor;Colisão traseira;Com Vítimas Feridas;Plena Noite;Decrescente;Céu Claro;Dupla;Retorno Regulamentado;Sim;2;0;1;0;1;0;1;2;-3,91384397;-38,50667231;SPRF-CE;DEL01-CE;UOP02-DEL01-CE
616274;22/07/2024;segunda-feira;20:03:00;RS;392;117;CANGUCU;Reação tardia ou ineficiente do condutor;Colisão traseira;Sem Vítimas;Plena Noite;Decrescente;Céu Claro;Simples;"Declive;Reta";Não;1;0;0;0;1;0;0;1;-31,407131;-52,68174198;SPRF-RS;DEL07-RS;UOP01-DEL07-RS
616275;22/07/2024;segunda-feira;16:20:00;RJ;116;286;BARRA MANSA;Manobra de mudança de faixa;Colisão lateral mesmo sentido;Com Vítimas Feridas;Pleno dia;Decrescente;Céu Claro;Dupla;Reta;Não;2;0;1;0;1;0;1;2;-22,49846046;-44,23342487;SPRF-RJ;DEL07-RJ;UOP02-DEL07-RJ
616277;22/07/2024;segunda-feira;21:30:00;RJ;116;170;RIO DE JANEIRO;Condutor deixou de manter distância do veículo da frente;Colisão traseira;Com Vítimas Feridas;Plena Noite;Decrescente;Céu Claro;Múltipla;Reta;Sim;3;0;0;2;1;0;2;2;-22,81113183;-43,3336729;SPRF-RJ;DEL06-RJ;UOP01-DEL06-RJ
616279;22/07/2024;segunda-feira;21:00:00;SC;101;393,7;CRICIUMA;Ausência de reação do condutor;Saída de leito carroçável;Com Vítimas Feridas;Plena Noite;Decrescente;Céu Claro;Simples;Reta;Não;3;0;1;0;2;0;1;1;-28,8094198;-49,37995008;SPRF-SC;DEL02-SC;UOP02-DEL02-SC
616280;22/07/2024;segunda-feira;14:00:00;GO;414;317,5;VILA PROPICIO;Demais falhas mecânicas ou elétricas;Incêndio;Sem Vítimas;Pleno dia;Decrescente;Céu Claro;Simples;Reta;Não;1;0;0;0;1;0;0;1;-15,355297;-48,646568;SPRF-GO;DEL02-GO;UOP01-DEL02-GO
616282;22/07/2024;segunda-feira;22:15:00;SC;101;340,2;TUBARAO;Condutor deixou de manter distância do veículo da frente;Colisão traseira;Com Vítimas Feridas;Plena Noite;Decrescente;Céu Claro;Múltipla;Reta;Não;3;0;0;1;1;1;1;2;-28,501444;-49,04690399;SPRF-SC;DEL02-SC;UOP01-DEL02-SC
616283;22/07/2024;segunda-feira;23:00:00;RJ;116;192;NOVA IGUACU;Objeto estático sobre o leito carroçável;Queda de ocupante de veículo;Com Vítimas Feridas;Plena Noite;Crescente;Céu Claro;Dupla;Reta;Não;1;0;1;0;0;0;1;1;-22,74207737;-43,5192401;SPRF-RJ;DEL06-RJ;UOP01-DEL06-RJ
616284;22/07/2024;segunda-feira;21:16:00;CE;222;314;TIANGUA;Pedestre cruzava a pista fora da faixa;Atropelamento de Pedestre;Com Vítimas Fatais;Plena Noite;Crescente;Céu Claro;Dupla;Reta;Sim;2;1;0;0;0;1;0;2;-3,73110045;-41,00095099;SPRF-CE;DEL04-CE;UOP02-DEL04-CE
616287;22/07/2024;segunda-feira;23:10:00;RS;290;72;GRAVATAI;Demais falhas mecânicas ou elétricas;Incêndio;Sem Vítimas;Plena Noite;Crescente;Nublado;Dupla;Reta;Sim;1;0;0;0;1;0;0;1;-29,952784;-50,976074;SPRF-RS;DEL03-RS;UOP01-DEL03-RS
616288;14/07/2024;domingo;18:30:00;PA;163;407;ITAITUBA;Mal súbito do condutor;Tombamento;Sem Vítimas;Anoitecer;Crescente;Céu Claro;Simples;Reta;Não;1;0;0;0;0;1;0;1;-6,24391063;-55,6197238;SPRF-PA;DEL05-PA;UOP03-DEL05-PA
616290;22/07/2024;segunda-feira;21:25:00;SC;282;138,7;BOM RETIRO;Transitar na contramão;Colisão lateral sentido oposto;Com Vítimas Feridas;Plena Noite;Decrescente;Céu Claro;Simples;Reta;Não;2;0;1;0;1;0;1;2;-27,825998;-49,575924;SPRF-SC;DEL05-SC;UOP01-DEL05-SC
616294;22/07/2024;segunda-feira;19:00:00;MG;116;539,1;SANTA BARBARA DO LESTE;Manobra de mudança de faixa;Colisão lateral mesmo sentido;Com Vítimas Feridas;Plena Noite;Decrescente;Céu Claro;Simples;"Reta;Aclive";Não;2;0;1;0;1;0;1;2;-19,88240027;-42,13242591;SPRF-MG;DEL06-MG;UOP02-DEL06-MG
616295;22/07/2024;segunda-feira;17:30:00;RJ;116;65;TERESOPOLIS;Reação tardia ou ineficiente do condutor;Tombamento;Com Vítimas Feridas;Anoitecer;Crescente;Céu Claro;Simples;Reta;Não;2;0;1;0;1;0;1;1;-22,27707804;-42,92764378;SPRF-RJ;DEL04-RJ;UOP01-DEL04-RJ
616296;23/07/2024;terça-feira;05:45:00;MS;262;553,5;MIRANDA;Reação tardia ou ineficiente do condutor;Eventos atípicos;Com Vítimas Fatais;Amanhecer;Crescente;Céu Claro;Simples;"Declive;Reta";Não;3;1;0;1;0;1;1;2;-20,26153284;-56,34314775;SPRF-MS;DEL03-MS;UOP02-DEL03-MS
616297;22/07/2024;segunda-feira;19:55:00;SC;280;27;ARAQUARI;Conversão proibida;Colisão transversal;Sem Vítimas;Plena Noite;Crescente;Nublado;Simples;Reta;Sim;2;0;0;0;2;0;0;2;-26,38972308;-48,73411593;SPRF-SC;DEL03-SC;UOP03-DEL03-SC
616299;23/07/2024;terça-feira;07:06:00;DF;70;13;BRASILIA;Trafegar com motocicleta (ou similar) entre as faixas;Tombamento;Com Vítimas Feridas;Pleno dia;Decrescente;Céu Claro;Dupla;Reta;Não;1;0;1;0;0;0;1;1;-15,794558;-48,166584;SPRF-DF;DEL03-DF;UOP02-DEL03-DF
616300;23/07/2024;terça-feira;05:50:00;SC;101;273,9;IMBITUBA;Transitar na contramão;Colisão frontal;Com Vítimas Feridas;Plena Noite;Decrescente;Céu Claro;Múltipla;Reta;Não;3;0;0;1;2;0;1;2;-28,12382408;-48,69625015;SPRF-SC;DEL02-SC;UOP03-DEL02-SC
616303;23/07/2024;terça-feira;07:00:00;PR;116;85,9;PIRAQUARA;Frear bruscamente;Tombamento;Com Vítimas Feridas;Pleno dia;Crescente;Céu Claro;Dupla;Reta;Não;1;0;1;0;0;0;1;1;-25,43036239;-49,08349472;SPRF-PR;DEL01-PR;UOP07-DEL01-PR
616304;23/07/2024;terça-feira;05:30:00;AL;101;77;RIO LARGO;Demais falhas mecânicas ou elétricas;Queda de ocupante de veículo;Com Vítimas Feridas;Amanhecer;Crescente;Céu Claro;Dupla;Reta;Não;2;0;2;0;0;0;2;1;-9,42231892;-35,83907761;SPRF-AL;DEL01-AL;UOP01-DEL01-AL
616306;23/07/2024;terça-feira;06:40:00;RJ;40;112;DUQUE DE CAXIAS;Ausência de reação do condutor;Colisão traseira;Com Vítimas Feridas;Pleno dia;Crescente;Nublado;Múltipla;Reta;Não;2;0;1;0;1;0;1;2;-22,7004454;-43,29014851;SPRF-RJ;DEL01-RJ;UOP02-DEL01-RJ
616308;05/07/2024;sexta-feira;20:20:00;BA;116;447;ANTONIO CARDOSO;Objeto estático sobre o leito carroçável;Colisão com objeto;Com Vítimas Feridas;Plena Noite;Crescente;Céu Claro;Simples;Reta;Não;2;0;0;1;1;0;1;1;-12,36401219;-39,10700184;SPRF-BA;DEL02-BA;UOP01-DEL02-BA
616310;22/07/2024;segunda-feira;22:30:00;RJ;116;146;DUQUE DE CAXIAS;Ultrapassagem Indevida;Colisão lateral mesmo sentido;Sem Vítimas;Plena Noite;Crescente;Céu Claro;Dupla;Reta;Sim;3;0;0;0;3;0;0;1;-22,66687859;-43,26368215;SPRF-RJ;DEL01-RJ;UOP02-DEL01-RJ
616311;23/07/2024;terça-feira;07:55:00;PB;230;12,3;CABEDELO;Acumulo de areia ou detritos sobre o pavimento;Tombamento;Com Vítimas Feridas;Pleno dia;Decrescente;Sol;Dupla;Reta;Sim;1;0;0;1;0;0;1;1;-7,068;-34,85;SPRF-PB;DEL01-PB;UOP01-DEL01-PB
616313;08/06/2024;sábado;22:45:00;BA;116;10,7;VITORIA DA CONQUISTA;Reação tardia ou ineficiente do condutor;Saída de leito carroçável;Com Vítimas Fatais;Plena Noite;Decrescente;Nublado;Simples;Reta;Sim;3;1;1;0;1;0;1;1;-14,86788;-40,87106;SPRF-BA;DEL08-BA;UOP01-DEL08-BA
616316;23/07/2024;terça-feira;07:50:00;RS;116;269;CANOAS;Reação tardia ou ineficiente do condutor;Tombamento;Com Vítimas Feridas;Pleno dia;Decrescente;Céu Claro;Dupla;Reta;Sim;1;0;1;0;0;0;1;1;-29,95942501;-51,17608515;SPRF-RS;DEL01-RS;UOP01-DEL01-RS
616317;23/07/2024;terça-feira;08:00:00;RN;101;95;NATAL;Condutor deixou de manter distância do veículo da frente;Colisão traseira;Sem Vítimas;Pleno dia;Decrescente;Céu Claro;Dupla;Reta;Sim;2;0;0;0;2;0;0;2;-5,84076841;-35,21035949;SPRF-RN;DEL01-RN;UOP01-DEL01-RN
616319;23/06/2024;domingo;19:00:00;BA;101;338;TEOLANDIA;Manobra de mudança de faixa;Colisão lateral sentido oposto;Com Vítimas Feridas;Plena Noite;Crescente;Ignorado;Simples;Reta;Não;3;0;0;2;1;0;2;2;-13,523869;-39,449035;SPRF-BA;DEL05-BA;UOP03-DEL05-BA
616322;23/07/2024;terça-feira;08:30:00;GO;70;1;AGUAS LINDAS DE GOIAS;Condutor deixou de manter distância do veículo da frente;Engavetamento;Com Vítimas Feridas;Pleno dia;Crescente;Céu Claro;Dupla;"Curva;Declive";Sim;3;0;1;0;2;0;1;3;-15,77579351;-48,23259001;SPRF-DF;DEL03-DF;UOP02-DEL03-DF
616324;23/07/2024;terça-feira;07:30:00;MS;262;450;DOIS IRMAOS DO BURITI;Reação tardia ou ineficiente do condutor;Saída de leito carroçável;Com Vítimas Feridas;Pleno dia;Crescente;Céu Claro;Simples;Reta;Não;2;0;1;0;1;0;1;1;-20,54474002;-55,45547399;SPRF-MS;DEL03-MS;UOP01-DEL03-MS
616325;23/07/2024;terça-feira;07:55:00;MT;364;272,7;JACIARA;Reação tardia ou ineficiente do condutor;Queda de ocupante de veículo;Com Vítimas Feridas;Pleno dia;Decrescente;Céu Claro;Dupla;Reta;Sim;1;0;1;0;0;0;1;1;-15,96667987;-54,96121981;SPRF-MT;DEL05-MT;UOP02-DEL05-MT
616326;23/07/2024;terça-feira;07:40:00;RJ;101;435;MANGARATIBA;Demais falhas mecânicas ou elétricas;Colisão lateral mesmo sentido;Com Vítimas Feridas;Pleno dia;Crescente;Céu Claro;Simples;"Curva;Aclive";Não;3;0;2;0;1;0;2;2;-22,93945885;-44,0529249;SPRF-RJ;DEL03-RJ;UOP02-DEL03-RJ
616328;23/07/2024;terça-feira;07:15:00;MT;364;201;RONDONOPOLIS;Pista Escorregadia;Tombamento;Com Vítimas Feridas;Pleno dia;Decrescente;Sol;Dupla;Reta;Sim;3;0;2;0;0;1;2;2;-16,491405;-54,646378;SPRF-MT;DEL02-MT;UOP01-DEL02-MT