id;data_inversa;dia_semana;horario;uf;br;km;municipio;causa_acidente;tipo_acidente;classificacao_acidente;fase_dia;sentido_via;condicao_metereologica;tipo_pista;tracado_via;uso_solo;pessoas;mortos;feridos_leves;feridos_graves;ilesos;ignorados;feridos;veiculos;latitude;longitude;regional;delegacia;uop
616329;23/07/2024;terça-feira;08:00:00;MT;70;497;CUIABA;Reação tardia ou ineficiente do condutor;Colisão lateral mesmo sentido;Com Vítimas Feridas;Pleno dia;Crescente;Céu Claro;Dupla;"Rotatória;Reta";Não;2;0;0;1;1;0;1;2;-15,661422;-56,0059311;SPRF-MT;DEL01-MT;UOP02-DEL01-MT
616330;23/07/2024;terça-feira;09:30:00;RN;304;167;ANGICOS;Manobra de mudança de faixa;Colisão lateral mesmo sentido;Com Vítimas Feridas;Pleno dia;Crescente;Céu Claro;Simples;Reta;Não;3;0;1;0;2;0;1;2;-5,68021714;-36,45898819;SPRF-RN;DEL01-RN;UOP03-DEL01-RN
616332;23/07/2024;terça-feira;09:45:00;RN;101;83;NATAL;Condutor deixou de manter distância do veículo da frente;Colisão traseira;Sem Vítimas;Pleno dia;Decrescente;Céu Claro;Dupla;Reta;Sim;2;0;0;0;2;0;0;2;-5,7710445;-35,26616981;SPRF-RN;DEL02-RN;UOP01-DEL02-RN
616334;23/07/2024;terça-feira;07:45:00;PR;369;503,8;CASCAVEL;Acessar a via sem observar a presença dos outros veículos;Colisão lateral mesmo sentido;Com Vítimas Feridas;Pleno dia;Crescente;Céu Claro;Simples;Reta;Sim;2;0;1;0;1;0;1;2;-24,9280345;-53,39261793;SPRF-PR;DEL04-PR;UOP03-DEL04-PR
616336;23/07/2024;terça-feira;08:30:00;PR;476;150;ARAUCARIA;Condutor deixou de manter distância do veículo da frente;Colisão traseira;Com Vítimas Feridas;Pleno dia;Decrescente;Nublado;Dupla;Reta;Não;3;0;2;0;1;0;2;2;-25,558477;-49,368313;SPRF-PR;DEL01-PR;UOP06-DEL01-PR
616337;23/07/2024;terça-feira;10:40:00;PB;101;86;JOAO PESSOA;Reação tardia ou ineficiente do condutor;Colisão traseira;Com Vítimas Feridas;Pleno dia;Decrescente;Céu Claro;Dupla;Declive;Sim;2;0;1;0;1;0;1;2;-7,15118983;-34,91012184;SPRF-PB;DEL01-PB;UOP01-DEL01-PB
616338;23/07/2024;terça-feira;10:05:00;PR;369;144;LONDRINA;Manobra de mudança de faixa;Colisão lateral mesmo sentido;Com Vítimas Feridas;Pleno dia;Decrescente;Céu Claro;Dupla;"Retorno Regulamentado;Reta";Sim;2;0;1;0;1;0;1;2;-23,29320681;-51,12566455;SPRF-PR;DEL07-PR;UOP01-DEL07-PR
616339;23/07/2024;terça-feira;10:20:00;PR;277;722;FOZ DO IGUACU;Acessar a via sem observar a presença dos outros veículos;Colisão transversal;Com Vítimas Feridas;Pleno dia;Decrescente;Céu Claro;Dupla;"Reta;Retorno Regulamentado";Sim;2;0;2;0;0;0;2;2;-25,49494908;-54,52095097;SPRF-PR;DEL05-PR;UOP03-DEL05-PR
616341;23/07/2024;terça-feira;10:40:00;RS;290;308,5;CACHOEIRA DO SUL;Acessar a via sem observar a presença dos outros veículos;Colisão transversal;Com Vítimas Feridas;Pleno dia;Decrescente;Céu Claro;Simples;Reta;Não;4;0;0;1;3;0;1;2;-30,33791701;-53,28712463;SPRF-RS;DEL09-RS;UOP02-DEL09-RS
616342;26/06/2024;quarta-feira;21:06:00;MS;463;2;DOURADOS;Acumulo de areia ou detritos sobre o pavimento;Tombamento;Com Vítimas Feridas;Plena Noite;Crescente;Céu Claro;Simples;"Em Obras;Reta";Não;1;0;0;1;0;0;1;1;-22,2591541;-54,823354;SPRF-MS;DEL04-MS;UOP01-DEL04-MS
616345;23/07/2024;terça-feira;11:40:00;GO;414;412;ABADIANIA;Condutor deixou de manter distância do veículo da frente;Colisão traseira;Com Vítimas Feridas;Pleno dia;Decrescente;Céu Claro;Simples;Reta;Não;3;0;1;0;1;1;1;2;-16,07654806;-48,85262238;SPRF-GO;DEL02-GO;UOP01-DEL02-GO
616346;23/07/2024;terça-feira;11:20:00;PR;277;621,5;CEU AZUL;Acessar a via sem observar a presença dos outros veículos;Colisão transversal;Com Vítimas Feridas;Pleno dia;Crescente;Céu Claro;Simples;Reta;Não;5;0;3;0;2;0;3;2;-25,08676125;-53,7195729;SPRF-PR;DEL05-PR;UOP02-DEL05-PR
616349;23/07/2024;terça-feira;12:00:00;MG;381;483;BETIM;Ausência de reação do condutor;Tombamento;Com Vítimas Feridas;Pleno dia;Crescente;Céu Claro;Simples;Reta;Não;2;0;2;0;0;0;2;1;-19,95594491;-44,10721699;SPRF-MG;DEL01-MG;UOP03-DEL01-MG
616350;19/07/2024;sexta-feira;15:01:00;RO;364;306;PRESIDENTE MEDICI;Acessar a via sem observar a presença dos outros veículos;Colisão frontal;Com Vítimas Feridas;Pleno dia;Decrescente;Céu Claro;Simples;Reta;Não;4;0;1;1;2;0;2;2;-11,190471;-61,90149;SPRF-RO;DEL02-RO;UOP01-DEL02-RO
616352;21/07/2024;domingo;18:00:00;BA;324;423;RIACHAO DO JACUIPE;Iluminação deficiente;Engavetamento;Com Vítimas Feridas;Anoitecer;Crescente;Céu Claro;Simples;Reta;Não;3;0;1;0;2;0;1;3;-11,73858883;-39,48933185;SPRF-BA;DEL04-BA;UOP02-DEL04-BA
616354;23/07/2024;terça-feira;11:30:00;MS;262;559;MIRANDA;Reação tardia ou ineficiente do condutor;Queda de ocupante de veículo;Com Vítimas Feridas;Pleno dia;Decrescente;Céu Claro;Simples;Reta;Não;3;0;3;0;0;0;3;1;-20,23208924;-56,3849643;SPRF-MS;DEL03-MS;UOP02-DEL03-MS
616355;23/07/2024;terça-feira;11:00:00;RJ;101;322;NITEROI;Ausência de reação do condutor;Colisão traseira;Com Vítimas Feridas;Pleno dia;Crescente;Céu Claro;Dupla;"Aclive;Viaduto;Reta";Não;2;0;1;0;1;0;1;2;-22,878923;-43,110676;SPRF-RJ;DEL02-RJ;UOP01-DEL02-RJ
616356;23/07/2024;terça-feira;12:30:00;RS;116;263;CANOAS;Condutor desrespeitou a iluminação vermelha do semáforo;Colisão transversal;Com Vítimas Feridas;Pleno dia;Decrescente;Céu Claro;Dupla;Interseção de Vias;Sim;2;0;1;0;1;0;1;2;-29,90545398;-51,17674031;SPRF-RS;DEL01-RS;UOP01-DEL01-RS
616357;23/07/2024;terça-feira;12:10:00;RJ;485;1;RESENDE;Ultrapassagem Indevida;Colisão transversal;Com Vítimas Feridas;Pleno dia;Decrescente;Céu Claro;Simples;Reta;Sim;3;0;0;2;1;0;2;2;-22,48606167;-44,568115;SPRF-RJ;DEL07-RJ;UOP02-DEL07-RJ
616359;23/07/2024;terça-feira;12:50:00;PB;230;21;JOAO PESSOA;Demais falhas mecânicas ou elétricas;Tombamento;Com Vítimas Feridas;Pleno dia;Crescente;Céu Claro;Dupla;Reta;Sim;2;0;2;0;0;0;2;1;-7,1415;-34,8519;SPRF-PB;DEL01-PB;UOP01-DEL01-PB
616360;23/07/2024;terça-feira;07:25:00;SC;101;325,6;CAPIVARI DE BAIXO;Demais falhas mecânicas ou elétricas;Tombamento;Com Vítimas Feridas;Pleno dia;Crescente;Céu Claro;Dupla;Reta;Sim;1;0;1;0;0;0;1;1;-28,43609107;-48,95954132;SPRF-SC;DEL02-SC;UOP01-DEL02-SC
616361;23/07/2024;terça-feira;12:10:00;PE;101;54,3;PAULISTA;Manobra de mudança de faixa;Colisão lateral mesmo sentido;Com Vítimas Feridas;Pleno dia;Decrescente;Céu Claro;Dupla;"Declive;Curva";Sim;3;0;2;0;1;0;2;3;-7,93961103;-34,90356584;SPRF-PE;DEL01-PE;UOP02-DEL01-PE
616362;23/07/2024;terça-feira;06:30:00;MT;158;552;AGUA BOA;Condutor Dormindo;Saída de leito carroçável;Com Vítimas Feridas;Amanhecer;Crescente;Céu Claro;Simples;Reta;Não;1;0;1;0;0;0;1;1;-13,96522115;-52,12165117;SPRF-MT;DEL07-MT;UOP02-DEL07-MT
616363;23/07/2024;terça-feira;12:50:00;SC;101;146;ITAPEMA;Manobra de mudança de faixa;Colisão lateral mesmo sentido;Com Vítimas Feridas;Pleno dia;Decrescente;Céu Claro;Dupla;Curva;Sim;2;0;0;1;1;0;1;2;-27,08666525;-48,60955587;SPRF-SC;DEL04-SC;UOP03-DEL04-SC
616365;23/07/2024;terça-feira;13:00:00;MG;381;477,5;CONTAGEM;Reação tardia ou ineficiente do condutor;Colisão traseira;Com Vítimas Feridas;Pleno dia;Decrescente;Céu Claro;Múltipla;Reta;Sim;4;0;0;1;3;0;1;2;-19,96179268;-44,05041676;SPRF-MG;DEL01-MG;UOP03-DEL01-MG
616367;23/07/2024;terça-feira;08:20:00;BA;116;422;FEIRA DE SANTANA;Acessar a via sem observar a presença dos outros veículos;Colisão transversal;Com Vítimas Feridas;Pleno dia;Crescente;Céu Claro;Dupla;Reta;Sim;2;0;2;0;0;0;2;2;-12,22064702;-38,96561131;SPRF-BA;DEL02-BA;UOP01-DEL02-BA
616368;23/07/2024;terça-feira;09:35:00;RJ;465;20;NOVA IGUACU;Reação tardia ou ineficiente do condutor;Colisão transversal;Com Vítimas Feridas;Pleno dia;Decrescente;Céu Claro;Simples;Reta;Não;3;0;1;1;1;0;2;2;-22,846828;-43,605339;SPRF-RJ;DEL06-RJ;UOP02-DEL06-RJ
616369;23/07/2024;terça-feira;13:20:00;BA;242;226;ITABERABA;Acessar a via sem observar a presença dos outros veículos;Colisão transversal;Sem Vítimas;Pleno dia;Crescente;Nublado;Simples;"Interseção de Vias;Reta;Rotatória";Não;2;0;0;0;2;0;0;2;-12,51945797;-40,28072834;SPRF-BA;DEL06-BA;UOP02-DEL06-BA
616370;23/07/2024;terça-feira;13:35:00;RJ;101;326;NITEROI;Reação tardia ou ineficiente do condutor;Queda de ocupante de veículo;Com Vítimas Feridas;Pleno dia;Decrescente;Céu Claro;Múltipla;Reta;Não;2;0;2;0;0;0;2;1;-22,87206203;-43,146105;SPRF-RJ;DEL02-RJ;UOP01-DEL02-RJ
616374;23/07/2024;terça-feira;14:20:00;SE;235;6;NOSSA SENHORA DO SOCORRO;Condutor deixou de manter distância do veículo da frente;Colisão traseira;Com Vítimas Feridas;Pleno dia;Decrescente;Céu Claro;Dupla;"Declive;Reta";Sim;2;0;1;0;1;0;1;2;-10,903851;-37,128677;SPRF-SE;DEL01-SE;UOP01-DEL01-SE
616375;23/07/2024;terça-feira;14:15:00;SC;101;202;SAO JOSE;Reação tardia ou ineficiente do condutor;Colisão traseira;Com Vítimas Feridas;Pleno dia;Crescente;Céu Claro;Múltipla;Reta;Não;2;0;1;1;0;0;2;2;-27,55711595;-48,61897889;SPRF-SC;DEL01-SC;UOP01-DEL01-SC
616376;23/07/2024;terça-feira;09:55:00;SC;280;83,6;CORUPA;Transitar na contramão;Colisão lateral sentido oposto;Com Vítimas Feridas;Pleno dia;Decrescente;Céu Claro;Simples;"Declive;Reta";Sim;3;0;1;0;2;0;1;2;-26,42674135;-49,25241709;SPRF-SC;DEL06-SC;UOP03-DEL06-SC
616378;23/07/2024;terça-feira;13:00:00;AL;101;129;SAO MIGUEL DOS CAMPOS;Velocidade Incompatível;Saída de leito carroçável;Com Vítimas Feridas;Pleno dia;Crescente;Céu Claro;Simples;"Declive;Curva;Viaduto";Não;1;0;0;1;0;0;1;1;-9,74963266;-36,06531248;SPRF-AL;DEL02-AL;UOP01-DEL02-AL
616380;23/07/2024;terça-feira;12:10:00;AC;364;138;RIO BRANCO;Manobra de mudança de faixa;Colisão traseira;Com Vítimas Feridas;Pleno dia;Crescente;Céu Claro;Dupla;Reta;Sim;8;0;4;0;3;1;4;5;-9,96112502;-67,85646604;SPRF-AC;DEL01-AC;UOP01-DEL01-AC
616381;23/07/2024;terça-feira;14:50:00;GO;60;90;ANAPOLIS;Reação tardia ou ineficiente do condutor;Atropelamento de Pedestre;Com Vítimas Feridas;Pleno dia;Crescente;Céu Claro;Dupla;Reta;Sim;2;0;1;0;1;0;1;2;-16,3427;-48,9019;SPRF-GO;DEL02-GO;UOP01-DEL02-GO
616383;23/07/2024;terça-feira;14:00:00;SC;282;673,6;PARAISO;Desrespeitar a preferência no cruzamento;Colisão transversal;Com Vítimas Feridas;Pleno dia;Decrescente;Céu Claro;Simples;"Interseção de Vias;Reta;Rotatória;Declive";Sim;2;0;1;0;1;0;1;2;-26,61393935;-53,67350221;SPRF-SC;DEL07-SC;UOP03-DEL07-SC
616384;23/07/2024;terça-feira;14:54:00;PB;101;85;BAYEUX;Reação tardia ou ineficiente do condutor;Tombamento;Com Vítimas Feridas;Pleno dia;Decrescente;Céu Claro;Simples;Reta;Não;2;0;2;0;0;0;2;1;-7,14538184;-34,91662887;SPRF-PB;DEL01-PB;UOP01-DEL01-PB
616386;23/07/2024;terça-feira;11:15:00;SC;470;296,5;CAMPOS NOVOS;Ultrapassagem Indevida;Capotamento;Com Vítimas Feridas;Pleno dia;Crescente;Céu Claro;Simples;"Declive;Reta";Não;4;0;1;2;0;1;3;2;-27,352167;-51,022047;SPRF-SC;DEL07-SC;UOP06-DEL07-SC
616387;23/07/2024;terça-feira;15:30:00;SC;470;138;RIO DO SUL;Desrespeitar a preferência no cruzamento;Tombamento;Com Vítimas Feridas;Pleno dia;Crescente;Sol;Simples;Interseção de Vias;Sim;2;0;1;0;1;0;1;2;-27,207214;-49,648476;SPRF-SC;DEL04-SC;UOP02-DEL04-SC
616388;23/07/2024;terça-feira;15:30:00;RS;116;247;SAO LEOPOLDO;Condutor deixou de manter distância do veículo da frente;Colisão traseira;Com Vítimas Feridas;Pleno dia;Decrescente;Céu Claro;Dupla;Reta;Sim;2;0;1;0;1;0;1;2;-29,76733091;-51,1535296;SPRF-RS;DEL01-RS;UOP02-DEL01-RS
616389;23/07/2024;terça-feira;15:20:00;GO;153;499;GOIANIA;Condutor deixou de manter distância do veículo da frente;Engavetamento;Com Vítimas Feridas;Pleno dia;Crescente;Céu Claro;Dupla;Reta;Sim;4;0;1;0;3;0;1;4;-16,7033;-49,2311;SPRF-GO;DEL01-GO;UOP01-DEL01-GO
616390;23/07/2024;terça-feira;16:18:00;BA;367;84;EUNAPOLIS;Acessar a via sem observar a presença dos outros veículos;Colisão transversal;Sem Vítimas;Pleno dia;Crescente;Céu Claro;Simples;"Reta;Interseção de Vias";Sim;2;0;0;0;2;0;0;2;-16,37465;-39,579426;SPRF-BA;DEL09-BA;UOP03-DEL09-BA
616391;23/07/2024;terça-feira;16:00:00;SC;280;25,8;ARAQUARI;Acessar a via sem observar a presença dos outros veículos;Colisão transversal;Com Vítimas Feridas;Pleno dia;Decrescente;Céu Claro;Simples;Reta;Não;3;0;1;0;2;0;1;3;-26,38352781;-48,72677516;SPRF-SC;DEL03-SC;UOP03-DEL03-SC
616393;23/07/2024;terça-feira;15:55:00;SC;101;204;SAO JOSE;Condutor deixou de manter distância do veículo da frente;Colisão lateral mesmo sentido;Com Vítimas Feridas;Pleno dia;Decrescente;Céu Claro;Simples;Retorno Regulamentado;Sim;2;0;1;0;1;0;1;2;-27,57413014;-48,61363083;SPRF-SC;DEL01-SC;UOP01-DEL01-SC
616394;23/07/2024;terça-feira;16:35:00;BA;324;621;SALVADOR;Acessar a via sem observar a presença dos outros veículos;Colisão lateral mesmo sentido;Com Vítimas Feridas;Pleno dia;Decrescente;Céu Claro;Dupla;Curva;Não;3;0;1;0;2;0;1;2;-12,91233708;-38,45956983;SPRF-BA;DEL01-BA;UOP01-DEL01-BA
616396;23/07/2024;terça-feira;16:15:00;MG;40;501,5;ESMERALDAS;Manobra de mudança de faixa;Colisão traseira;Com Vítimas Feridas;Pleno dia;Crescente;Céu Claro;Dupla;"Reta;Declive";Não;2;0;0;1;1;0;1;2;-19,70735708;-44,16736508;SPRF-MG;DEL02-MG;UOP01-DEL02-MG
616400;23/07/2024;terça-feira;16:24:00;PE;101;68,5;RECIFE;Manobra de mudança de faixa;Colisão lateral mesmo sentido;Com Vítimas Feridas;Pleno dia;Decrescente;Céu Claro;Múltipla;Reta;Sim;4;0;2;0;2;0;2;2;-8,05513;-34,94599;SPRF-PE;DEL01-PE;UOP01-DEL01-PE
616401;23/07/2024;terça-feira;11:40:00;MT;364;402;CUIABA;Demais falhas mecânicas ou elétricas;Incêndio;Sem Vítimas;Pleno dia;Decrescente;Céu Claro;Dupla;Reta;Sim;1;0;0;0;0;1;0;1;-15,66855019;-55,95476508;SPRF-MT;DEL01-MT;UOP02-DEL01-MT
616404;23/07/2024;terça-feira;14:40:00;MS;262;323;CAMPO GRANDE;Condutor desrespeitou a iluminação vermelha do semáforo;Colisão transversal;Sem Vítimas;Pleno dia;Crescente;Céu Claro;Dupla;"Interseção de Vias;Reta";Sim;2;0;0;0;2;0;0;2;-20,46901688;-54,506023;SPRF-MS;DEL01-MS;UOP01-DEL01-MS
616405;23/07/2024;terça-feira;17:08:00;DF;60;2;BRASILIA;Manobra de mudança de faixa;Queda de ocupante de veículo;Com Vítimas Feridas;Pleno dia;Crescente;Céu Claro;Dupla;Reta;Sim;2;0;2;0;0;0;2;1;-15,887383;-48,077988;SPRF-DF;DEL03-DF;UOP01-DEL03-DF
616406;23/07/2024;terça-feira;17:05:00;BA;367;25,7;PORTO SEGURO;Manobra de mudança de faixa;Colisão lateral mesmo sentido;Com Vítimas Feridas;Pleno dia;Crescente;Céu Claro;Dupla;Reta;Sim;2;0;1;0;1;0;1;2;-16,43805311;-39,09107101;SPRF-BA;DEL09-BA;UOP03-DEL09-BA
616408;23/07/2024;terça-feira;16:15:00;PR;277;106;CAMPO LARGO;Ausência de reação do condutor;Colisão lateral mesmo sentido;Com Vítimas Feridas;Anoitecer;Decrescente;Céu Claro;Dupla;Reta;Não;2;0;1;0;1;0;1;2;-25,43124;-49,421275;SPRF-PR;DEL01-PR;UOP06-DEL01-PR
616409;23/07/2024;terça-feira;16:00:00;PR;163;3,8;BARRACAO;Ausência de reação do condutor;Saída de leito carroçável;Com Vítimas Feridas;Anoitecer;Crescente;Céu Claro;Simples;Curva;Sim;1;0;0;1;0;0;1;1;-26,270207;-53,58614;SPRF-PR;DEL02-PR;UOP02-DEL02-PR
616411;23/07/2024;terça-feira;18:00:00;PB;230;22;JOAO PESSOA;Trafegar com motocicleta (ou similar) entre as faixas;Colisão traseira;Com Vítimas Feridas;Plena Noite;Crescente;Céu Claro;Dupla;Reta;Sim;2;0;0;1;1;0;1;2;-7,1495;-34,8517;SPRF-PB;DEL01-PB;UOP01-DEL01-PB
616412;23/07/2024;terça-feira;17:50:00;BA;242;494;OLIVEIRA DOS BREJINHOS;Reação tardia ou ineficiente do condutor;Queda de ocupante de veículo;Com Vítimas Feridas;Pleno dia;Crescente;Céu Claro;Simples;"Reta;Declive";Não;1;0;1;0;0;0;1;1;-12,39233999;-42,40274199;SPRF-BA;DEL06-BA;UOP01-DEL06-BA
616413;23/07/2024;terça-feira;18:20:00;RS;116;248;SAO LEOPOLDO;Reação tardia ou ineficiente do condutor;Colisão traseira;Sem Vítimas;Anoitecer;Decrescente;Céu Claro;Múltipla;Viaduto;Sim;3;0;0;0;3;0;0;2;-29,77605895;-51,15508618;SPRF-RS;DEL01-RS;UOP02-DEL01-RS
616414;23/07/2024;terça-feira;17:40:00;MG;381;456,2;BELO HORIZONTE;Acessar a via sem observar a presença dos outros veículos;Colisão lateral mesmo sentido;Com Vítimas Feridas;Anoitecer;Decrescente;Céu Claro;Dupla;"Retorno Regulamentado;Reta";Não;3;0;1;0;1;1;1;3;-19,85862954;-43,91292495;SPRF-MG;DEL01-MG;UOP01-DEL01-MG
616416;09/06/2024;domingo;17:53:00;PB;230;488,5;CAJAZEIRAS;Animais na Pista;Atropelamento de Animal;Com Vítimas Feridas;Anoitecer;Decrescente;Chuva;Simples;"Declive;Reta";Sim;1;0;0;1;0;0;1;1;-6,8688;-38,404;SPRF-PB;DEL03-PB;UOP03-DEL03-PB
616417;23/07/2024;terça-feira;17:20:00;MG;50;63;UBERLANDIA;Demais falhas mecânicas ou elétricas;Saída de leito carroçável;Com Vítimas Feridas;Anoitecer;Crescente;Céu Claro;Dupla;Reta;Não;1;0;1;0;0;0;1;1;-18,83399392;-48,24950344;SPRF-MG;DEL15-MG;UOP02-DEL15-MG
616418;23/07/2024;terça-feira;15:40:00;PB;101;106,9;ALHANDRA;Acumulo de óleo sobre o pavimento;Tombamento;Com Vítimas Feridas;Pleno dia;Crescente;Céu Claro;Dupla;Reta;Sim;2;0;2;0;0;0;2;1;-7,31642501;-34,94666379;SPRF-PB;DEL01-PB;UOP02-DEL01-PB
616419;23/07/2024;terça-feira;17:30:00;MG;365;35;MONTES CLAROS;Velocidade Incompatível;Saída de leito carroçável;Com Vítimas Feridas;Anoitecer;Crescente;Céu Claro;Simples;Curva;Não;5;0;5;0;0;0;5;1;-16,86257293;-44,14188395;SPRF-MG;DEL12-MG;UOP01-DEL12-MG
616421;23/07/2024;terça-feira;18:25:00;CE;222;20;CAUCAIA;Transitar na contramão;Colisão lateral mesmo sentido;Com Vítimas Feridas;Plena Noite;Crescente;Vento;Simples;"Reta;Em Obras";Não;2;0;1;0;1;0;1;2;-3,7411838;-38,7350389;SPRF-CE;DEL01-CE;UOP01-DEL01-CE
616422;23/07/2024;terça-feira;18:45:00;PR;376;1,2;APUCARANA;Acessar a via sem observar a presença dos outros veículos;Colisão transversal;Com Vítimas Feridas;Plena Noite;Decrescente;Céu Claro;Simples;"Reta;Interseção de Vias";Sim;2;0;1;0;1;0;1;2;-23,57448964;-51,42466307;SPRF-PR;DEL07-PR;UOP03-DEL07-PR
616423;23/07/2024;terça-feira;18:30:00;PB;230;17,1;JOAO PESSOA;Condutor deixou de manter distância do veículo da frente;Colisão traseira;Sem Vítimas;Anoitecer;Crescente;Céu Claro;Dupla;Reta;Sim;3;0;0;0;3;0;0;3;-7,1121;-34,8426;SPRF-PB;DEL01-PB;UOP01-DEL01-PB
616424;23/07/2024;terça-feira;18:40:00;RS;472;139;TRES DE MAIO;Acessar a via sem observar a presença dos outros veículos;Colisão transversal;Com Vítimas Feridas;Anoitecer;Crescente;Céu Claro;Simples;Reta;Não;2;0;1;0;1;0;1;2;-27,77414;-54,304482;SPRF-RS;DEL10-RS;UOP01-DEL10-RS
616427;23/07/2024;terça-feira;18:40:00;RJ;101;314;SAO GONCALO;Transitar no Acostamento;Atropelamento de Pedestre;Com Vítimas Feridas;Plena Noite;Decrescente;Céu Claro;Dupla;Reta;Não;2;0;1;0;1;0;1;2;-22,81648739;-43,07728467;SPRF-RJ;DEL02-RJ;UOP02-DEL02-RJ
616428;23/07/2024;terça-feira;18:00:00;MG;40;516;RIBEIRAO DAS NEVES;Ausência de reação do condutor;Tombamento;Com Vítimas Feridas;Anoitecer;Decrescente;Céu Claro;Dupla;Reta;Não;1;0;1;0;0;0;1;1;-19,81628624;-44,08960124;SPRF-MG;DEL01-MG;UOP02-DEL01-MG
616429;23/07/2024;terça-feira;07:30:00;MS;262;299,6;CAMPO GRANDE;Demais falhas mecânicas ou elétricas;Tombamento;Com Vítimas Feridas;Pleno dia;Decrescente;Céu Claro;Simples;"Aclive;Reta";Não;3;0;1;1;0;1;2;2;-20,50368701;-54,28653601;SPRF-MS;DEL01-MS;UOP05-DEL01-MS
616432;23/07/2024;terça-feira;18:15:00;MG;116;413;GOVERNADOR VALADARES;Transitar na contramão;Colisão frontal;Com Vítimas Feridas;Anoitecer;Crescente;Céu Claro;Simples;Retorno Regulamentado;Sim;2;0;2;0;0;0;2;2;-18,873907;-41,966366;SPRF-MG;DEL06-MG;UOP01-DEL06-MG
616433;23/07/2024;terça-feira;19:30:00;ES;101;269,7;SERRA;Mal súbito do condutor;Queda de ocupante de veículo;Com Vítimas Feridas;Plena Noite;Crescente;Céu Claro;Múltipla;Reta;Sim;1;0;1;0;0;0;1;1;-20,21740496;-40,26990578;SPRF-ES;DEL02-ES;UOP01-DEL02-ES
616434;23/07/2024;terça-feira;18:45:00;CE;20;312,2;CANINDE;Avarias e/ou desgaste excessivo no pneu;Queda de ocupante de veículo;Com Vítimas Feridas;Plena Noite;Decrescente;Céu Claro;Simples;"Declive;Curva";Não;1;0;0;1;0;0;1;1;-4,32382787;-39,27613204;SPRF-CE;DEL02-CE;UOP01-DEL02-CE
616439;23/07/2024;terça-feira;18:25:00;PR;277;76;SAO JOSE DOS PINHAIS;Ausência de reação do condutor;Colisão traseira;Com Vítimas Feridas;Anoitecer;Crescente;Céu Claro;Dupla;Reta;Sim;2;0;1;0;1;0;1;2;-25,51327981;-49,12433291;SPRF-PR;DEL01-PR;UOP07-DEL01-PR
616440;22/07/2024;segunda-feira;20:00:00;MS;262;524,5;AQUIDAUANA;Demais falhas mecânicas ou elétricas;Incêndio;Sem Vítimas;Plena Noite;Decrescente;Céu Claro;Simples;Reta;Não;1;0;0;0;0;1;0;1;-20,38651703;-56,10198303;SPRF-MS;DEL03-MS;UOP01-DEL03-MS
616441;20/07/2024;sábado;19:50:00;RO;364;343;JI-PARANA;Transitar na contramão;Colisão frontal;Com Vítimas Feridas;Plena Noite;Crescente;Céu Claro;Dupla;"Declive;Reta";Sim;2;0;1;0;1;0;1;2;-10,87878519;-61,94499012;SPRF-RO;DEL02-RO;UOP01-DEL02-RO
616442;23/07/2024;terça-feira;15:00:00;AL;423;101;DELMIRO GOUVEIA;Acessar a via sem observar a presença dos outros veículos;Colisão transversal;Com Vítimas Feridas;Pleno dia;Crescente;Céu Claro;Simples;Reta;Sim;2;0;1;0;1;0;1;2;-9,394478;-38,16552;SPRF-BA;DEL07-BA;UOP01-DEL07-BA
616443;23/07/2024;terça-feira;19:50:00;GO;153;516;APARECIDA DE GOIANIA;Animais na Pista;Colisão traseira;Com Vítimas Feridas;Plena Noite;Decrescente;Céu Claro;Dupla;Reta;Não;3;0;2;0;1;0;2;3;-16,8504;-49,2473;SPRF-GO;DEL01-GO;UOP03-DEL01-GO
616444;23/07/2024;terça-feira;18:45:00;MG;381;451,8;SABARA;Acessar a via sem observar a presença dos outros veículos;Colisão transversal;Com Vítimas Feridas;Anoitecer;Crescente;Céu Claro;Simples;Curva;Não;3;0;2;0;1;0;2;2;-19,83832024;-43,8806931;SPRF-MG;DEL01-MG;UOP01-DEL01-MG
616447;23/07/2024;terça-feira;14:40:00;MG;40;511;RIBEIRAO DAS NEVES;Acumulo de óleo sobre o pavimento;Tombamento;Com Vítimas Feridas;Pleno dia;Crescente;Céu Claro;Dupla;"Reta;Declive";Sim;3;0;2;0;0;1;2;3;-19,78164295;-44,11733194;SPRF-MG;DEL01-MG;UOP02-DEL01-MG
616448;23/07/2024;terça-feira;09:30:00;MA;135;7;SAO LUIS;Ausência de reação do condutor;Atropelamento de Pedestre;Com Vítimas Feridas;Pleno dia;Decrescente;Céu Claro;Dupla;Reta;Sim;2;0;2;0;0;0;2;2;-2,63608835;-44,26848552;SPRF-MA;DEL01-MA;UOP01-DEL01-MA
616449;23/07/2024;terça-feira;19:05:00;RJ;101;323;NITEROI;Demais falhas mecânicas ou elétricas;Colisão traseira;Com Vítimas Feridas;Plena Noite;Crescente;Céu Claro;Múltipla;Reta;Sim;2;0;1;0;1;0;1;2;-22,87684786;-43,11728689;SPRF-RJ;DEL02-RJ;UOP01-DEL02-RJ
616450;23/07/2024;terça-feira;19:00:00;SP;116;436;REGISTRO;Ausência de reação do condutor;Engavetamento;Com Vítimas Feridas;Plena Noite;Crescente;Céu Claro;Dupla;Reta;Não;5;0;1;0;4;0;1;3;-24,43589911;-47,7922419;SPRF-SP;DEL05-SP;UOP01-DEL05-SP