id;data_inversa;dia_semana;horario;uf;br;km;municipio;causa_acidente;tipo_acidente;classificacao_acidente;fase_dia;sentido_via;condicao_metereologica;tipo_pista;tracado_via;uso_solo;pessoas;mortos;feridos_leves;feridos_graves;ilesos;ignorados;feridos;veiculos;latitude;longitude;regional;delegacia;uop
616852;25/07/2024;quinta-feira;14:30:00;RO;364;603;ITAPUA DO OESTE;Demais falhas mecânicas ou elétricas;Incêndio;Sem Vítimas;Pleno dia;Decrescente;Céu Claro;Simples;Reta;Sim;1;0;0;0;0;1;0;1;-9,19212253;-63,18883452;SPRF-RO;DEL01-RO;UOP04-DEL01-RO
616853;25/07/2024;quinta-feira;19:17:00;MG;365;626,5;UBERLANDIA;Reação tardia ou ineficiente do condutor;Tombamento;Com Vítimas Feridas;Plena Noite;Crescente;Céu Claro;Dupla;Curva;Sim;1;0;1;0;0;0;1;1;-18,90659356;-48,33469405;SPRF-MG;DEL15-MG;UOP01-DEL15-MG
616855;25/07/2024;quinta-feira;19:35:00;RS;116;246;SAO LEOPOLDO;Pedestre andava na pista;Atropelamento de Pedestre;Com Vítimas Feridas;Plena Noite;Decrescente;Céu Claro;Dupla;Curva;Sim;2;0;0;1;1;0;1;2;-29,758751;-51,15186806;SPRF-RS;DEL01-RS;UOP02-DEL01-RS
616857;25/07/2024;quinta-feira;18:10:00;RS;116;264;CANOAS;Acessar a via sem observar a presença dos outros veículos;Colisão lateral mesmo sentido;Com Vítimas Feridas;Plena Noite;Crescente;Céu Claro;Múltipla;"Reta;Interseção de Vias";Sim;2;0;1;0;1;0;1;2;-29,91381134;-51,17776036;SPRF-RS;DEL01-RS;UOP01-DEL01-RS
616859;25/07/2024;quinta-feira;18:50:00;MG;40;467;SETE LAGOAS;Frear bruscamente;Colisão traseira;Com Vítimas Feridas;Plena Noite;Crescente;Céu Claro;Dupla;Reta;Não;3;0;1;0;2;0;1;2;-19,45038924;-44,3166822;SPRF-MG;DEL02-MG;UOP01-DEL02-MG
616860;25/07/2024;quinta-feira;18:20:00;PB;230;107,6;INGA;Pedestre andava na pista;Atropelamento de Pedestre;Com Vítimas Feridas;Anoitecer;Decrescente;Céu Claro;Dupla;Reta;Não;2;0;0;1;0;1;1;2;-7,2039;-35,5389;SPRF-PB;DEL01-PB;UOP03-DEL01-PB
616861;25/07/2024;quinta-feira;15:00:00;SC;470;319;CAMPOS NOVOS;Desrespeitar a preferência no cruzamento;Colisão transversal;Com Vítimas Feridas;Pleno dia;Crescente;Céu Claro;Simples;Reta;Sim;2;0;1;0;1;0;1;2;-27,409864;-51,224949;SPRF-SC;DEL07-SC;UOP06-DEL07-SC
616862;25/07/2024;quinta-feira;19:00:00;PR;476;119,4;COLOMBO;Trafegar com motocicleta (ou similar) entre as faixas;Colisão lateral mesmo sentido;Com Vítimas Feridas;Plena Noite;Decrescente;Céu Claro;Dupla;"Aclive;Reta";Sim;4;0;2;0;1;1;2;3;-25,36586484;-49,18693476;SPRF-PR;DEL01-PR;UOP01-DEL01-PR
616863;25/07/2024;quinta-feira;18:45:00;MT;364;379;SANTO ANTONIO DO LEVERGER;Acessar a via sem observar a presença dos outros veículos;Colisão traseira;Com Vítimas Fatais;Plena Noite;Crescente;Céu Claro;Dupla;Reta;Não;4;1;0;1;2;0;1;2;-15,70357434;-55,755179;SPRF-MT;DEL01-MT;UOP02-DEL01-MT
616866;25/07/2024;quinta-feira;16:40:00;SC;282;630;DESCANSO;Acessar a via sem observar a presença dos outros veículos;Colisão transversal;Com Vítimas Feridas;Pleno dia;Crescente;Céu Claro;Simples;Reta;Não;3;0;1;0;2;0;1;2;-26,822149;-53,384697;SPRF-SC;DEL07-SC;UOP03-DEL07-SC
616868;25/07/2024;quinta-feira;19:50:00;PE;101;70;RECIFE;Condutor deixou de manter distância do veículo da frente;Colisão traseira;Com Vítimas Feridas;Plena Noite;Crescente;Céu Claro;Dupla;Viaduto;Sim;2;0;1;0;1;0;1;2;-8,06776119;-34,94265074;SPRF-PE;DEL01-PE;UOP01-DEL01-PE
616869;25/07/2024;quinta-feira;19:40:00;SC;282;1,9;FLORIANOPOLIS;Trafegar com motocicleta (ou similar) entre as faixas;Colisão lateral mesmo sentido;Com Vítimas Feridas;Plena Noite;Crescente;Céu Claro;Dupla;Reta;Sim;2;0;1;0;1;0;1;2;-27,602955;-48,580509;SPRF-SC;DEL01-SC;UOP01-DEL01-SC
616870;25/07/2024;quinta-feira;15:35:00;MG;40;43,4;PARACATU;Reação tardia ou ineficiente do condutor;Saída de leito carroçável;Com Vítimas Feridas;Pleno dia;Crescente;Céu Claro;Simples;Reta;Sim;1;0;1;0;0;0;1;1;-17,22598002;-46,86163701;SPRF-MG;DEL14-MG;UOP01-DEL14-MG
616871;25/07/2024;quinta-feira;16:00:00;RO;364;887;PORTO VELHO;Avarias e/ou desgaste excessivo no pneu;Eventos atípicos;Com Vítimas Fatais;Pleno dia;Crescente;Sol;Simples;Reta;Não;8;1;0;4;0;3;4;2;-9,65831692;-65,01422302;SPRF-RO;DEL01-RO;UOP02-DEL01-RO
616875;25/07/2024;quinta-feira;20:45:00;RS;392;24,1;RIO GRANDE;Animais na Pista;Atropelamento de Animal;Sem Vítimas;Plena Noite;Decrescente;Céu Claro;Dupla;Reta;Não;2;0;0;0;2;0;0;1;-32,0858159;-52,23789595;SPRF-RS;DEL07-RS;UOP02-DEL07-RS
616876;25/07/2024;quinta-feira;20:30:00;PR;369;174;ROLANDIA;Manobra de mudança de faixa;Colisão lateral mesmo sentido;Com Vítimas Feridas;Plena Noite;Crescente;Céu Claro;Simples;Reta;Não;3;0;2;0;1;0;2;2;-23,32334109;-51,3432312;SPRF-PR;DEL07-PR;UOP01-DEL07-PR
616877;25/07/2024;quinta-feira;17:25:00;RJ;495;25;PETROPOLIS;Ultrapassagem Indevida;Colisão lateral mesmo sentido;Com Vítimas Feridas;Anoitecer;Crescente;Céu Claro;Simples;Curva;Sim;4;0;2;0;2;0;2;3;-22,40941;-43,100292;SPRF-RJ;DEL05-RJ;UOP02-DEL05-RJ
616879;25/07/2024;quinta-feira;18:30:00;RS;290;226;PANTANO GRANDE;Pedestre andava na pista;Atropelamento de Animal;Com Vítimas Feridas;Plena Noite;Crescente;Céu Claro;Dupla;"Reta;Em Obras";Não;2;0;2;0;0;0;2;2;-30,204834;-52,478748;SPRF-RS;DEL02-RS;UOP03-DEL02-RS
616880;25/07/2024;quinta-feira;15:35:00;BA;324;1;FEIRA DE SANTANA;Condutor deixou de manter distância do veículo da frente;Colisão traseira;Com Vítimas Feridas;Pleno dia;Crescente;Nublado;Múltipla;Reta;Sim;3;0;1;0;2;0;1;2;-12,2795826;-38,94235969;SPRF-BA;DEL02-BA;UOP01-DEL02-BA
616881;25/07/2024;quinta-feira;19:15:00;MG;262;778;UBERABA;Reação tardia ou ineficiente do condutor;Colisão traseira;Com Vítimas Feridas;Anoitecer;Decrescente;Céu Claro;Simples;Reta;Não;3;0;2;0;1;0;2;2;-19,73370171;-47,74583122;SPRF-MG;DEL13-MG;UOP01-DEL13-MG
616884;25/07/2024;quinta-feira;21:10:00;RJ;40;106;DUQUE DE CAXIAS;Reação tardia ou ineficiente do condutor;Tombamento;Com Vítimas Feridas;Plena Noite;Decrescente;Céu Claro;Múltipla;Reta;Sim;2;0;2;0;0;0;2;1;-22,64679;-43,283726;SPRF-RJ;DEL01-RJ;UOP02-DEL01-RJ
616885;25/07/2024;quinta-feira;18:50:00;MG;354;703,9;CAXAMBU;Acessar a via sem observar a presença dos outros veículos;Colisão frontal;Com Vítimas Feridas;Anoitecer;Decrescente;Céu Claro;Simples;Reta;Sim;2;0;0;1;1;0;1;2;-21,99205276;-44,9251702;SPRF-MG;DEL17-MG;UOP01-DEL17-MG
616886;25/07/2024;quinta-feira;21:30:00;MG;40;565,3;NOVA LIMA;Ingestão de álcool pelo condutor;Colisão traseira;Sem Vítimas;Plena Noite;Decrescente;Céu Claro;Simples;"Declive;Reta";Não;2;0;0;0;2;0;0;2;-20,16985101;-43,96554788;SPRF-MG;DEL01-MG;UOP02-DEL01-MG
616888;25/07/2024;quinta-feira;19:15:00;BA;101;219,5;CONCEICAO DO ALMEIDA;Acessar a via sem observar a presença dos outros veículos;Atropelamento de Pedestre;Com Vítimas Fatais;Plena Noite;Decrescente;Garoa/Chuvisco;Simples;Declive;Não;2;1;0;0;1;0;0;2;-12,767004;-39,183527;SPRF-BA;DEL01-BA;UOP02-DEL01-BA
616889;25/07/2024;quinta-feira;21:25:00;MS;163;331,5;RIO BRILHANTE;Velocidade Incompatível;Saída de leito carroçável;Com Vítimas Feridas;Plena Noite;Crescente;Céu Claro;Simples;Curva;Não;2;0;0;2;0;0;2;1;-21,71677804;-54,50662589;SPRF-MS;DEL02-MS;UOP02-DEL02-MS
616890;25/07/2024;quinta-feira;19:23:00;SC;470;57,2;BLUMENAU;Pista Escorregadia;Tombamento;Com Vítimas Feridas;Plena Noite;Crescente;Céu Claro;Simples;Reta;Sim;1;0;1;0;0;0;1;1;-26,880428;-49,136532;SPRF-SC;DEL04-SC;UOP01-DEL04-SC
616891;25/07/2024;quinta-feira;21:45:00;MG;40;627,5;CONSELHEIRO LAFAIETE;Acessar a via sem observar a presença dos outros veículos;Colisão transversal;Com Vítimas Feridas;Plena Noite;Decrescente;Céu Claro;Simples;Reta;Sim;5;0;0;1;4;0;1;2;-20,63591993;-43,81353421;SPRF-MG;DEL05-MG;UOP02-DEL05-MG
616892;25/07/2024;quinta-feira;21:40:00;RJ;116;261;VOLTA REDONDA;Demais falhas mecânicas ou elétricas;Colisão com objeto;Com Vítimas Feridas;Plena Noite;Decrescente;Céu Claro;Dupla;Reta;Sim;5;0;1;0;4;0;1;2;-22,58476877;-44,05026905;SPRF-RJ;DEL07-RJ;UOP02-DEL07-RJ
616893;25/07/2024;quinta-feira;17:58:00;RO;429;48;PRESIDENTE MEDICI;Acesso irregular;Colisão transversal;Com Vítimas Feridas;Pleno dia;Crescente;Céu Claro;Simples;Reta;Não;1;0;1;0;0;0;1;1;-11,19996262;-61,963974;SPRF-RO;DEL02-RO;UOP03-DEL02-RO
616896;25/07/2024;quinta-feira;19:30:00;MA;226;565;PORTO FRANCO;Transitar na contramão;Colisão frontal;Com Vítimas Fatais;Plena Noite;Crescente;Céu Claro;Simples;Reta;Não;2;1;0;0;0;1;0;2;-6,31865177;-47,3384971;SPRF-MA;DEL04-MA;UOP02-DEL04-MA
616897;25/07/2024;quinta-feira;21:05:00;SC;101;455;SAO JOAO DO SUL;Velocidade Incompatível;Colisão lateral sentido oposto;Com Vítimas Feridas;Plena Noite;Crescente;Ignorado;Simples;"Interseção de Vias;Reta";Sim;2;0;0;1;1;0;1;2;-29,21997626;-49,75922585;SPRF-SC;DEL02-SC;UOP02-DEL02-SC
616899;25/07/2024;quinta-feira;21:20:00;PE;428;80,4;SANTA MARIA DA BOA VISTA;Condutor Dormindo;Colisão lateral sentido oposto;Com Vítimas Feridas;Plena Noite;Decrescente;Céu Claro;Simples;Reta;Não;5;0;1;0;4;0;1;2;-8,76871216;-39,81496461;SPRF-PE;DEL06-PE;UOP03-DEL06-PE
616900;26/07/2024;sexta-feira;00:10:00;RS;116;264;CANOAS;Ausência de reação do condutor;Colisão com objeto;Com Vítimas Feridas;Plena Noite;Decrescente;Céu Claro;Dupla;Reta;Sim;1;0;0;1;0;0;1;1;-29,91227971;-51,17717677;SPRF-RS;DEL01-RS;UOP01-DEL01-RS
616901;26/07/2024;sexta-feira;00:20:00;MT;70;8;BARRA DO GARCAS;Reação tardia ou ineficiente do condutor;Saída de leito carroçável;Com Vítimas Feridas;Plena Noite;Crescente;Céu Claro;Simples;Reta;Sim;2;0;1;0;1;0;1;1;-15,87825854;-52,325823;SPRF-MT;DEL07-MT;UOP01-DEL07-MT
616903;26/07/2024;sexta-feira;03:20:00;RS;386;354,2;ESTRELA;Ausência de reação do condutor;Saída de leito carroçável;Com Vítimas Feridas;Plena Noite;Crescente;Céu Claro;Dupla;"Reta;Em Obras;Viaduto";Não;2;0;2;0;0;0;2;1;-29,500067;-51,949615;SPRF-RS;DEL04-RS;UOP01-DEL04-RS
616905;21/07/2024;domingo;14:20:00;MG;381;429,9;CAETE;Curva acentuada;Saída de leito carroçável;Com Vítimas Feridas;Pleno dia;Crescente;Céu Claro;Simples;Curva;Não;1;0;0;1;0;0;1;1;-19,78663743;-43,71433695;SPRF-MG;DEL01-MG;UOP01-DEL01-MG
616906;26/07/2024;sexta-feira;04:45:00;SC;280;130;RIO NEGRINHO;Acessar a via sem observar a presença dos outros veículos;Colisão transversal;Com Vítimas Feridas;Plena Noite;Decrescente;Céu Claro;Simples;"Declive;Reta";Sim;2;0;0;1;1;0;1;2;-26,2530246;-49,52924913;SPRF-SC;DEL06-SC;UOP03-DEL06-SC
616907;26/07/2024;sexta-feira;04:00:00;PA;316;63;CASTANHAL;Ausência de reação do condutor;Saída de leito carroçável;Sem Vítimas;Plena Noite;Crescente;Céu Claro;Dupla;Reta;Sim;2;0;0;0;0;2;0;1;-1,29679363;-47,92878096;SPRF-PA;DEL01-PA;UOP01-DEL01-PA
616908;26/07/2024;sexta-feira;05:20:00;SP;381;58;MAIRIPORA;Demais falhas mecânicas ou elétricas;Queda de ocupante de veículo;Com Vítimas Feridas;Plena Noite;Decrescente;Céu Claro;Dupla;"Reta;Declive";Não;1;0;1;0;0;0;1;1;-23,27438497;-46,58530615;SPRF-SP;DEL03-SP;UOP01-DEL03-SP
616911;26/07/2024;sexta-feira;05:50:00;DF;20;15,3;BRASILIA;Reação tardia ou ineficiente do condutor;Saída de leito carroçável;Com Vítimas Feridas;Amanhecer;Decrescente;Céu Claro;Dupla;"Em Obras;Aclive;Reta";Sim;1;0;1;0;0;0;1;1;-15,630189;-47,733288;SPRF-DF;DEL02-DF;UOP01-DEL02-DF
616912;26/07/2024;sexta-feira;05:15:00;PE;232;251,8;ARCOVERDE;Transitar na contramão;Colisão lateral sentido oposto;Sem Vítimas;Amanhecer;Decrescente;Céu Claro;Simples;"Aclive;Curva";Sim;4;0;0;0;4;0;0;2;-8,429241;-37,060127;SPRF-PE;DEL04-PE;UOP02-DEL04-PE
616914;26/07/2024;sexta-feira;06:35:00;GO;40;2;VALPARAISO DE GOIAS;Manobra de mudança de faixa;Colisão lateral mesmo sentido;Com Vítimas Feridas;Pleno dia;Decrescente;Céu Claro;Dupla;Reta;Sim;2;0;1;0;1;0;1;2;-16,067129;-47,984235;SPRF-DF;DEL01-DF;UOP01-DEL01-DF
616916;26/07/2024;sexta-feira;06:00:00;GO;40;6,5;VALPARAISO DE GOIAS;Condutor Dormindo;Saída de leito carroçável;Com Vítimas Feridas;Amanhecer;Decrescente;Céu Claro;Dupla;Reta;Sim;1;0;1;0;0;0;1;1;-16,100814;-47,977351;SPRF-DF;DEL01-DF;UOP01-DEL01-DF
616917;25/07/2024;quinta-feira;21:00:00;MS;158;118;APARECIDA DO TABOADO;Ausência de reação do condutor;Colisão traseira;Com Vítimas Feridas;Plena Noite;Decrescente;Céu Claro;Simples;Reta;Não;2;0;1;0;1;0;1;2;-19,85674512;-51,12105174;SPRF-MS;DEL08-MS;UOP01-DEL08-MS
616919;26/07/2024;sexta-feira;06:18:00;RS;116;221,6;DOIS IRMAOS;Acessar a via sem observar a presença dos outros veículos;Colisão transversal;Com Vítimas Feridas;Pleno dia;Crescente;Céu Claro;Simples;"Desvio Temporário;Retorno Regulamentado;Reta;Interseção de Vias;Em Obras";Sim;2;0;1;0;1;0;1;2;-29,57244205;-51,09624556;SPRF-RS;DEL01-RS;UOP02-DEL01-RS
616920;26/07/2024;sexta-feira;06:30:00;SC;101;138;BALNEARIO CAMBORIU;Acessar a via sem observar a presença dos outros veículos;Atropelamento de Pedestre;Com Vítimas Feridas;Pleno dia;Decrescente;Nublado;Dupla;Reta;Sim;2;0;1;0;0;1;1;2;-27,02397426;-48,60761649;SPRF-SC;DEL04-SC;UOP03-DEL04-SC
616921;26/07/2024;sexta-feira;07:00:00;GO;60;89;ANAPOLIS;Animais na Pista;Queda de ocupante de veículo;Com Vítimas Feridas;Pleno dia;Crescente;Céu Claro;Dupla;Reta;Não;1;0;1;0;0;0;1;1;-16,3367;-48,8957;SPRF-GO;DEL02-GO;UOP01-DEL02-GO
616922;26/07/2024;sexta-feira;07:00:00;RS;392;347,2;SANTA MARIA;Acessar a via sem observar a presença dos outros veículos;Colisão transversal;Com Vítimas Feridas;Pleno dia;Decrescente;Nevoeiro/Neblina;Simples;Reta;Sim;2;0;0;1;1;0;1;2;-29,76417903;-53,78519475;SPRF-RS;DEL09-RS;UOP01-DEL09-RS
616923;26/07/2024;sexta-feira;07:20:00;ES;101;60;SAO MATEUS;Manobra de mudança de faixa;Colisão lateral mesmo sentido;Com Vítimas Feridas;Pleno dia;Crescente;Sol;Simples;Curva;Não;2;0;1;0;1;0;1;2;-18,67286757;-39,86626189;SPRF-ES;DEL04-ES;UOP02-DEL04-ES
616925;26/07/2024;sexta-feira;07:30:00;GO;40;7;LUZIANIA;Condutor deixou de manter distância do veículo da frente;Colisão traseira;Com Vítimas Feridas;Pleno dia;Crescente;Céu Claro;Dupla;Reta;Sim;3;0;1;0;2;0;1;3;-16,108482;-47,972524;SPRF-DF;DEL01-DF;UOP01-DEL01-DF
616927;26/07/2024;sexta-feira;07:15:00;PR;116;117;CURITIBA;Manobra de mudança de faixa;Colisão lateral mesmo sentido;Com Vítimas Feridas;Pleno dia;Decrescente;Céu Claro;Múltipla;Reta;Sim;2;0;1;0;1;0;1;2;-25,55907782;-49,30678194;SPRF-PR;DEL01-PR;UOP03-DEL01-PR
616929;26/07/2024;sexta-feira;08:00:00;DF;70;18,9;BRASILIA;Manobra de mudança de faixa;Colisão traseira;Com Vítimas Feridas;Pleno dia;Decrescente;Céu Claro;Dupla;"Aclive;Reta";Não;2;0;1;0;1;0;1;2;-15,791093;-48,21096;SPRF-DF;DEL03-DF;UOP02-DEL03-DF
616930;26/07/2024;sexta-feira;07:40:00;PB;101;90;JOAO PESSOA;Acessar a via sem observar a presença dos outros veículos;Colisão lateral mesmo sentido;Com Vítimas Feridas;Pleno dia;Crescente;Céu Claro;Dupla;"Curva;Interseção de Vias;Retorno Regulamentado;Em Obras";Sim;2;0;0;1;1;0;1;2;-7,18116059;-34,90085006;SPRF-PB;DEL01-PB;UOP02-DEL01-PB
616931;26/07/2024;sexta-feira;07:20:00;DF;40;3,3;BRASILIA;Condutor deixou de manter distância do veículo da frente;Colisão traseira;Com Vítimas Feridas;Pleno dia;Decrescente;Céu Claro;Dupla;Reta;Sim;2;0;1;0;1;0;1;2;-16,006434;-47,983293;SPRF-DF;DEL01-DF;UOP01-DEL01-DF
616932;26/07/2024;sexta-feira;08:00:00;SC;101;199,1;SAO JOSE;Reação tardia ou ineficiente do condutor;Colisão traseira;Com Vítimas Feridas;Pleno dia;Crescente;Nublado;Múltipla;Reta;Não;3;0;0;1;2;0;1;2;-27,53413705;-48,63003205;SPRF-SC;DEL01-SC;UOP01-DEL01-SC
616933;26/07/2024;sexta-feira;07:50:00;GO;153;495;GOIANIA;Reação tardia ou ineficiente do condutor;Colisão traseira;Com Vítimas Feridas;Pleno dia;Crescente;Céu Claro;Múltipla;Reta;Sim;2;0;1;0;1;0;1;2;-16,6681;-49,2263;SPRF-GO;DEL01-GO;UOP01-DEL01-GO
616935;26/07/2024;sexta-feira;08:11:00;MG;365;405,4;PATOS DE MINAS;Condutor deixou de manter distância do veículo da frente;Colisão traseira;Com Vítimas Feridas;Pleno dia;Decrescente;Sol;Dupla;Retorno Regulamentado;Não;2;0;1;0;1;0;1;2;-18,63548589;-46,48266962;SPRF-MG;DEL10-MG;UOP01-DEL10-MG
616936;26/07/2024;sexta-feira;08:20:00;PB;101;89;JOAO PESSOA;Ausência de reação do condutor;Engavetamento;Com Vítimas Feridas;Pleno dia;Crescente;Céu Claro;Dupla;Reta;Sim;4;0;1;0;3;0;1;3;-7,1710694;-34,89765372;SPRF-PB;DEL01-PB;UOP02-DEL01-PB
616938;26/07/2024;sexta-feira;08:05:00;PE;101;73;RECIFE;Reação tardia ou ineficiente do condutor;Colisão traseira;Com Vítimas Feridas;Pleno dia;Crescente;Céu Claro;Dupla;Reta;Sim;2;0;1;0;1;0;1;2;-8,093369;-34,947464;SPRF-PE;DEL01-PE;UOP01-DEL01-PE
616939;26/07/2024;sexta-feira;08:30:00;SC;101;205;SAO JOSE;Reação tardia ou ineficiente do condutor;Colisão traseira;Sem Vítimas;Pleno dia;Crescente;Nublado;Múltipla;Reta;Sim;3;0;0;0;3;0;0;2;-27,58313237;-48,61532885;SPRF-SC;DEL01-SC;UOP01-DEL01-SC
616940;26/07/2024;sexta-feira;08:26:00;RN;101;94;NATAL;Condutor deixou de manter distância do veículo da frente;Colisão traseira;Com Vítimas Feridas;Pleno dia;Decrescente;Céu Claro;Dupla;Reta;Não;3;0;2;0;1;0;2;2;-5,83176615;-35,21191342;SPRF-RN;DEL01-RN;UOP01-DEL01-RN
616942;26/07/2024;sexta-feira;08:30:00;BA;324;618;SALVADOR;Condutor deixou de manter distância do veículo da frente;Colisão traseira;Com Vítimas Feridas;Pleno dia;Crescente;Céu Claro;Dupla;Reta;Não;3;0;1;0;1;1;1;2;-12,891109;-38,445374;SPRF-BA;DEL01-BA;UOP01-DEL01-BA
616947;25/06/2024;terça-feira;07:30:00;SP;116;213;GUARULHOS;Trafegar com motocicleta (ou similar) entre as faixas;Colisão traseira;Com Vítimas Feridas;Pleno dia;Crescente;Céu Claro;Múltipla;Reta;Não;2;0;1;0;1;0;1;2;-23,43971486;-46,43667806;SPRF-SP;DEL01-SP;UOP01-DEL01-SP
616949;24/07/2024;quarta-feira;10:15:00;RJ;101;322;NITEROI;Condutor deixou de manter distância do veículo da frente;Colisão lateral mesmo sentido;Com Vítimas Feridas;Pleno dia;Crescente;Céu Claro;Dupla;Reta;Sim;2;0;1;0;1;0;1;2;-22,878923;-43,110676;SPRF-RJ;DEL02-RJ;UOP01-DEL02-RJ
616950;22/07/2024;segunda-feira;19:30:00;RO;364;701;PORTO VELHO;Ausência de reação do condutor;Tombamento;Com Vítimas Feridas;Plena Noite;Crescente;Céu Claro;Dupla;"Reta;Em Obras";Sim;1;0;1;0;0;0;1;1;-8,80050186;-63,784073;SPRF-RO;DEL01-RO;UOP01-DEL01-RO
616951;26/07/2024;sexta-feira;09:25:00;SC;101;196;BIGUACU;Ausência de reação do condutor;Colisão traseira;Com Vítimas Feridas;Pleno dia;Crescente;Nublado;Múltipla;Reta;Sim;2;0;1;0;1;0;1;2;-27,51101091;-48,64322292;SPRF-SC;DEL01-SC;UOP01-DEL01-SC
616954;26/07/2024;sexta-feira;08:30:00;RO;364;692;CANDEIAS DO JAMARI;Reação tardia ou ineficiente do condutor;Colisão frontal;Com Vítimas Feridas;Pleno dia;Crescente;Céu Claro;Dupla;Reta;Sim;2;0;0;1;1;0;1;2;-8,79753314;-63,7072438;SPRF-RO;DEL01-RO;UOP01-DEL01-RO
616957;26/07/2024;sexta-feira;07:45:00;PI;316;197;VALENCA DO PIAUI;Conversão proibida;Colisão transversal;Sem Vítimas;Pleno dia;Crescente;Céu Claro;Simples;Curva;Não;7;0;0;0;7;0;0;2;-6,31114518;-41,85269499;SPRF-PI;DEL04-PI;UOP02-DEL04-PI
616959;26/07/2024;sexta-feira;09:00:00;RJ;116;190;NOVA IGUACU;Condutor deixou de manter distância do veículo da frente;Colisão traseira;Sem Vítimas;Pleno dia;Decrescente;Céu Claro;Dupla;Reta;Não;3;0;0;0;3;0;0;2;-22,74123776;-43,5007311;SPRF-RJ;DEL06-RJ;UOP01-DEL06-RJ
616960;26/07/2024;sexta-feira;10:00:00;PR;369;185;ARAPONGAS;Pedestre cruzava a pista fora da faixa;Atropelamento de Pedestre;Com Vítimas Feridas;Pleno dia;Crescente;Nublado;Simples;Reta;Sim;2;0;0;1;1;0;1;2;-23,40617;-51,428382;SPRF-PR;DEL07-PR;UOP03-DEL07-PR
616961;26/07/2024;sexta-feira;08:00:00;PR;277;723;FOZ DO IGUACU;Acessar a via sem observar a presença dos outros veículos;Colisão transversal;Com Vítimas Feridas;Pleno dia;Crescente;Nublado;Dupla;Retorno Regulamentado;Sim;3;0;2;0;1;0;2;2;-25,49878215;-54,52985294;SPRF-PR;DEL05-PR;UOP03-DEL05-PR
616962;27/01/2024;sábado;12:40:00;MA;135;67;SANTA RITA;Ultrapassagem Indevida;Colisão transversal;Com Vítimas Feridas;Pleno dia;Crescente;Céu Claro;Simples;Reta;Não;2;0;0;1;1;0;1;2;-3,11481199;-44,32344911;SPRF-MA;DEL01-MA;UOP02-DEL01-MA
616964;26/07/2024;sexta-feira;08:00:00;RJ;393;201;VASSOURAS;Demais falhas mecânicas ou elétricas;Incêndio;Sem Vítimas;Pleno dia;Crescente;Céu Claro;Simples;Curva;Não;3;0;0;0;3;0;0;1;-22,21504929;-43,40702789;SPRF-RJ;DEL05-RJ;UOP03-DEL05-RJ
616965;26/07/2024;sexta-feira;10:29:00;GO;60;3;SANTO ANTONIO DO DESCOBERTO;Avarias e/ou desgaste excessivo no pneu;Saída de leito carroçável;Com Vítimas Feridas;Pleno dia;Decrescente;Céu Claro;Dupla;Curva;Não;2;0;2;0;0;0;2;1;-16,077106;-48,267385;SPRF-DF;DEL03-DF;UOP01-DEL03-DF
616969;26/07/2024;sexta-feira;09:00:00;BA;324;437;RIACHAO DO JACUIPE;Pedestre cruzava a pista fora da faixa;Atropelamento de Pedestre;Com Vítimas Fatais;Pleno dia;Crescente;Céu Claro;Simples;Reta;Sim;3;1;0;0;1;1;0;2;-11,80148997;-39,40006256;SPRF-BA;DEL04-BA;UOP02-DEL04-BA
616971;26/07/2024;sexta-feira;11:00:00;RJ;101;308;SAO GONCALO;Condutor deixou de manter distância do veículo da frente;Engavetamento;Sem Vítimas;Pleno dia;Crescente;Céu Claro;Dupla;Reta;Sim;4;0;0;0;4;0;0;4;-22,79309326;-43,02479595;SPRF-RJ;DEL02-RJ;UOP02-DEL02-RJ
616973;26/07/2024;sexta-feira;07:00:00;GO;153;296;RIALMA;Acessar a via sem observar a presença dos outros veículos;Colisão transversal;Com Vítimas Feridas;Pleno dia;Crescente;Céu Claro;Simples;Curva;Não;4;0;2;0;2;0;2;2;-15,255246;-49,550171;SPRF-GO;DEL02-GO;UOP02-DEL02-GO
616974;26/07/2024;sexta-feira;10:25:00;PE;232;410;SERRA TALHADA;Acumulo de areia ou detritos sobre o pavimento;Tombamento;Com Vítimas Feridas;Pleno dia;Crescente;Céu Claro;Simples;Curva;Não;1;0;1;0;0;0;1;1;-7,98261841;-38,30039606;SPRF-PE;DEL04-PE;UOP01-DEL04-PE
616975;26/07/2024;sexta-feira;11:20:00;SC;101;176,6;BIGUACU;Ausência de reação do condutor;Saída de leito carroçável;Sem Vítimas;Pleno dia;Crescente;Nublado;Dupla;Reta;Não;1;0;0;0;1;0;0;1;-27,34661396;-48,63300917;SPRF-SC;DEL01-SC;UOP01-DEL01-SC
616976;26/07/2024;sexta-feira;10:40:00;MA;135;14,4;SAO LUIS;Reação tardia ou ineficiente do condutor;Tombamento;Com Vítimas Feridas;Pleno dia;Crescente;Céu Claro;Dupla;"Declive;Reta";Sim;2;0;2;0;0;0;2;1;-2,68792341;-44,30009651;SPRF-MA;DEL01-MA;UOP01-DEL01-MA
616978;26/07/2024;sexta-feira;10:45:00;MT;70;522,9;VARZEA GRANDE;Condutor deixou de manter distância do veículo da frente;Colisão traseira;Com Vítimas Feridas;Pleno dia;Crescente;Céu Claro;Simples;Reta;Sim;3;0;1;0;2;0;1;2;-15,65389453;-56,19173527;SPRF-MT;DEL01-MT;UOP02-DEL01-MT