id;data_inversa;dia_semana;horario;uf;br;km;municipio;causa_acidente;tipo_acidente;classificacao_acidente;fase_dia;sentido_via;condicao_metereologica;tipo_pista;tracado_via;uso_solo;pessoas;mortos;feridos_leves;feridos_graves;ilesos;ignorados;feridos;veiculos;latitude;longitude;regional;delegacia;uop
616981;26/07/2024;sexta-feira;09:30:00;MG;262;71;MATIPO;Demais falhas mecânicas ou elétricas;Incêndio;Sem Vítimas;Pleno dia;Crescente;Céu Claro;Simples;Reta;Não;1;0;0;0;1;0;0;1;-20,31089376;-42,30556201;SPRF-MG;DEL06-MG;UOP03-DEL06-MG
616983;26/07/2024;sexta-feira;12:20:00;SP;488;2;APARECIDA;Desrespeitar a preferência no cruzamento;Colisão transversal;Com Vítimas Feridas;Pleno dia;Decrescente;Sol;Dupla;Reta;Sim;2;0;1;0;1;0;1;2;-22,849216;-45,236801;SPRF-SP;DEL08-SP;UOP01-DEL08-SP
616984;26/07/2024;sexta-feira;12:40:00;ES;262;125,3;CONCEICAO DO CASTELO;Avarias e/ou desgaste excessivo no pneu;Tombamento;Com Vítimas Feridas;Pleno dia;Crescente;Céu Claro;Simples;"Reta;Ponte";Não;2;0;2;0;0;0;2;1;-20,27994144;-41,26114078;SPRF-ES;DEL01-ES;UOP02-DEL01-ES
616986;26/07/2024;sexta-feira;11:10:00;RJ;40;111;DUQUE DE CAXIAS;Condutor deixou de manter distância do veículo da frente;Colisão traseira;Com Vítimas Feridas;Pleno dia;Crescente;Céu Claro;Múltipla;Reta;Sim;2;0;1;0;1;0;1;2;-22,691868;-43,287453;SPRF-RJ;DEL01-RJ;UOP02-DEL01-RJ
616987;26/07/2024;sexta-feira;10:10:00;SC;470;341,8;CAMPOS NOVOS;Desrespeitar a preferência no cruzamento;Colisão transversal;Com Vítimas Feridas;Pleno dia;Crescente;Céu Claro;Simples;"Reta;Interseção de Vias";Não;2;0;2;0;0;0;2;2;-27,52958492;-51,38889313;SPRF-SC;DEL07-SC;UOP06-DEL07-SC
616988;26/07/2024;sexta-feira;12:45:00;PB;101;96;CONDE;Acessar a via sem observar a presença dos outros veículos;Colisão lateral mesmo sentido;Com Vítimas Feridas;Pleno dia;Crescente;Céu Claro;Dupla;Reta;Não;2;0;1;1;0;0;2;2;-7,230921;-34,921149;SPRF-PB;DEL01-PB;UOP02-DEL01-PB
616989;23/07/2024;terça-feira;17:30:00;SC;101;133,7;BALNEARIO CAMBORIU;Acessar a via sem observar a presença dos outros veículos;Colisão lateral mesmo sentido;Com Vítimas Feridas;Anoitecer;Decrescente;Nublado;Múltipla;Reta;Sim;2;0;1;0;1;0;1;2;-26,99936;-48,64609;SPRF-SC;DEL04-SC;UOP03-DEL04-SC
616990;26/07/2024;sexta-feira;12:05:00;MA;230;404;BALSAS;Acessar a via sem observar a presença dos outros veículos;Colisão transversal;Sem Vítimas;Pleno dia;Crescente;Céu Claro;Simples;"Reta;Retorno Regulamentado";Sim;5;0;0;0;4;1;0;3;-7,522162;-46,047585;SPRF-MA;DEL05-MA;UOP01-DEL05-MA
616991;26/07/2024;sexta-feira;12:30:00;SC;280;22,9;ARAQUARI;Ultrapassagem Indevida;Colisão lateral mesmo sentido;Com Vítimas Feridas;Pleno dia;Decrescente;Céu Claro;Simples;Reta;Sim;4;0;3;0;1;0;3;2;-26,37092616;-48,70204099;SPRF-SC;DEL03-SC;UOP03-DEL03-SC
616993;26/07/2024;sexta-feira;12:30:00;MG;262;799;UBERABA;Retorno proibido;Saída de leito carroçável;Com Vítimas Feridas;Pleno dia;Decrescente;Céu Claro;Simples;"Aclive;Reta";Sim;6;0;4;0;2;0;4;2;-19,7679089;-47,8843274;SPRF-MG;DEL13-MG;UOP01-DEL13-MG
616994;26/07/2024;sexta-feira;12:30:00;MG;50;34;ARAGUARI;Ausência de reação do condutor;Tombamento;Com Vítimas Feridas;Pleno dia;Crescente;Sol;Dupla;"Reta;Aclive";Não;1;0;0;1;0;0;1;1;-18,647758;-48,132055;SPRF-MG;DEL15-MG;UOP02-DEL15-MG
616995;28/06/2024;sexta-feira;20:15:00;SP;116;26,2;SILVEIRAS;Objeto estático sobre o leito carroçável;Colisão com objeto;Com Vítimas Feridas;Plena Noite;Crescente;Céu Claro;Dupla;Reta;Não;2;0;2;0;0;0;2;1;-22,61419397;-44,90005302;SPRF-SP;DEL08-SP;UOP02-DEL08-SP
616996;26/07/2024;sexta-feira;10:40:00;BA;116;835;VITORIA DA CONQUISTA;Ausência de reação do condutor;Queda de ocupante de veículo;Com Vítimas Feridas;Pleno dia;Crescente;Nublado;Simples;Reta;Não;1;0;1;0;0;0;1;1;-14,952031;-40,900572;SPRF-BA;DEL08-BA;UOP01-DEL08-BA
616999;26/07/2024;sexta-feira;12:00:00;RO;319;64;PORTO VELHO;Condutor deixou de manter distância do veículo da frente;Colisão traseira;Sem Vítimas;Pleno dia;Crescente;Céu Claro;Dupla;Reta;Sim;2;0;0;0;2;0;0;2;-8,766685;-63,884052;SPRF-RO;DEL01-RO;UOP01-DEL01-RO
617001;08/07/2024;segunda-feira;20:10:00;PB;104;133,6;QUEIMADAS;Ultrapassagem Indevida;Colisão frontal;Com Vítimas Feridas;Plena Noite;Crescente;Céu Claro;Simples;Reta;Não;3;0;2;0;0;1;2;2;-7,31674795;-35,89500926;SPRF-PB;DEL02-PB;UOP03-DEL02-PB
617002;26/07/2024;sexta-feira;14:00:00;PB;230;24;JOAO PESSOA;Conversão proibida;Colisão transversal;Com Vítimas Feridas;Pleno dia;Decrescente;Nublado;Múltipla;Interseção de Vias;Sim;2;0;0;1;0;1;1;2;-7,17062601;-34,87127781;SPRF-PB;DEL01-PB;UOP01-DEL01-PB
617003;26/07/2024;sexta-feira;13:30:00;PB;230;165,2;CAMPINA GRANDE;Acessar a via sem observar a presença dos outros veículos;Colisão lateral mesmo sentido;Sem Vítimas;Pleno dia;Crescente;Céu Claro;Simples;"Rotatória;Interseção de Vias";Não;2;0;0;0;2;0;0;2;-7,2051;-35,951;SPRF-PB;DEL02-PB;UOP01-DEL02-PB
617004;26/07/2024;sexta-feira;16:50:00;SP;116;202;GUARULHOS;Trafegar com motocicleta (ou similar) entre as faixas;Colisão lateral mesmo sentido;Com Vítimas Feridas;Pleno dia;Decrescente;Céu Claro;Múltipla;Reta;Não;3;0;2;0;1;0;2;3;-23,41034044;-46,34647965;SPRF-SP;DEL01-SP;UOP01-DEL01-SP
617005;26/07/2024;sexta-feira;09:30:00;ES;262;34,5;DOMINGOS MARTINS;Frear bruscamente;Colisão traseira;Com Vítimas Feridas;Pleno dia;Crescente;Céu Claro;Simples;"Aclive;Curva";Não;2;0;1;0;0;1;1;2;-20,37309781;-40,5917608;SPRF-ES;DEL01-ES;UOP01-DEL01-ES
617007;26/07/2024;sexta-feira;14:25:00;SC;101;119;ITAJAI;Ultrapassagem Indevida;Colisão lateral mesmo sentido;Com Vítimas Feridas;Pleno dia;Decrescente;Céu Claro;Múltipla;Reta;Sim;3;0;1;0;2;0;1;3;-26,9043179;-48,71555481;SPRF-SC;DEL04-SC;UOP04-DEL04-SC
617009;26/07/2024;sexta-feira;14:29:00;GO;40;10;LUZIANIA;Acessar a via sem observar a presença dos outros veículos;Colisão lateral mesmo sentido;Sem Vítimas;Pleno dia;Decrescente;Céu Claro;Dupla;Reta;Sim;2;0;0;0;2;0;0;2;-16,131285;-47,957923;SPRF-DF;DEL01-DF;UOP01-DEL01-DF
617010;23/07/2024;terça-feira;11:10:00;RS;470;227;GARIBALDI;Reação tardia ou ineficiente do condutor;Colisão transversal;Com Vítimas Feridas;Pleno dia;Decrescente;Céu Claro;Dupla;Reta;Não;2;0;1;0;1;0;1;2;-29,21657705;-51,51722624;SPRF-RS;DEL06-RS;UOP01-DEL06-RS
617011;26/07/2024;sexta-feira;14:50:00;GO;60;98;ANAPOLIS;Reação tardia ou ineficiente do condutor;Tombamento;Com Vítimas Feridas;Pleno dia;Decrescente;Céu Claro;Dupla;Reta;Sim;2;0;1;0;1;0;1;1;-16,3846;-48,9541;SPRF-GO;DEL02-GO;UOP01-DEL02-GO
617012;26/07/2024;sexta-feira;13:15:00;RO;364;343;JI-PARANA;Condutor deixou de manter distância do veículo da frente;Colisão traseira;Sem Vítimas;Pleno dia;Decrescente;Céu Claro;Dupla;Reta;Sim;3;0;0;0;3;0;0;2;-10,87878519;-61,94499012;SPRF-RO;DEL02-RO;UOP01-DEL02-RO
617017;26/07/2024;sexta-feira;14:17:00;RN;101;62;CEARA-MIRIM;Condutor deixou de manter distância do veículo da frente;Engavetamento;Com Vítimas Feridas;Pleno dia;Crescente;Céu Claro;Simples;Reta;Não;4;0;1;0;2;1;1;4;-5,61462432;-35,25269541;SPRF-RN;DEL02-RN;UOP01-DEL02-RN
617019;26/07/2024;sexta-feira;15:15:00;PR;376;624;SAO JOSE DOS PINHAIS;Ausência de reação do condutor;Saída de leito carroçável;Sem Vítimas;Pleno dia;Decrescente;Céu Claro;Dupla;Reta;Não;1;0;0;0;1;0;0;1;-25,64336599;-49,15942795;SPRF-PR;DEL01-PR;UOP04-DEL01-PR
617020;26/07/2024;sexta-feira;06:42:00;MS;158;116;APARECIDA DO TABOADO;Reação tardia ou ineficiente do condutor;Tombamento;Com Vítimas Feridas;Pleno dia;Crescente;Céu Claro;Simples;"Reta;Declive";Não;2;0;1;0;1;0;1;1;-19,84037516;-51,11310766;SPRF-MS;DEL08-MS;UOP01-DEL08-MS
617021;26/07/2024;sexta-feira;15:22:00;SE;235;9,6;NOSSA SENHORA DO SOCORRO;Manobra de mudança de faixa;Colisão frontal;Com Vítimas Fatais;Pleno dia;Decrescente;Céu Claro;Simples;"Reta;Declive";Não;2;1;0;0;1;0;0;2;-10,88114299;-37,14372396;SPRF-SE;DEL01-SE;UOP01-DEL01-SE
617022;26/07/2024;sexta-feira;14:20:00;SC;101;47;AGUAS MORNAS;Condutor deixou de manter distância do veículo da frente;Colisão traseira;Sem Vítimas;Pleno dia;Crescente;Céu Claro;Simples;"Aclive;Reta";Não;2;0;0;0;2;0;0;2;-27,695202;-48,967795;SPRF-SC;DEL03-SC;UOP01-DEL03-SC
617024;26/07/2024;sexta-feira;16:18:00;ES;101;266;SERRA;Acessar a via sem observar a presença dos outros veículos;Atropelamento de Pedestre;Com Vítimas Feridas;Pleno dia;Decrescente;Céu Claro;Múltipla;Reta;Sim;3;0;2;0;1;0;2;3;-20,190199;-40,26828891;SPRF-ES;DEL02-ES;UOP01-DEL02-ES
617027;26/07/2024;sexta-feira;15:15:00;RJ;465;6;SEROPEDICA;Demais falhas mecânicas ou elétricas;Saída de leito carroçável;Com Vítimas Feridas;Pleno dia;Crescente;Céu Claro;Dupla;Reta;Não;1;0;1;0;0;0;1;1;-22,754314;-43,692879;SPRF-RJ;DEL06-RJ;UOP02-DEL06-RJ
617028;26/07/2024;sexta-feira;16:10:00;RS;290;92,5;PORTO ALEGRE;Manobra de mudança de faixa;Colisão lateral mesmo sentido;Com Vítimas Feridas;Pleno dia;Decrescente;Céu Claro;Múltipla;Reta;Não;4;0;3;0;1;0;3;2;-29,971916;-51,176838;SPRF-RS;DEL01-RS;UOP01-DEL01-RS
617032;26/07/2024;sexta-feira;16:25:00;SC;470;53,5;BLUMENAU;Transitar no Acostamento;Colisão lateral sentido oposto;Com Vítimas Feridas;Pleno dia;Crescente;Céu Claro;Simples;"Declive;Reta";Sim;2;0;0;1;1;0;1;2;-26,86887956;-49,10500288;SPRF-SC;DEL04-SC;UOP01-DEL04-SC
617034;26/07/2024;sexta-feira;15:40:00;SC;280;227,7;CANOINHAS;Ausência de reação do condutor;Colisão traseira;Sem Vítimas;Pleno dia;Crescente;Céu Claro;Simples;Reta;Não;2;0;0;0;2;0;0;2;-26,18271156;-50,33250707;SPRF-SC;DEL06-SC;UOP04-DEL06-SC
617035;26/07/2024;sexta-feira;16:40:00;PR;467;109,8;CASCAVEL;Desrespeitar a preferência no cruzamento;Colisão transversal;Com Vítimas Feridas;Pleno dia;Decrescente;Céu Claro;Dupla;"Reta;Retorno Regulamentado";Sim;3;0;0;1;1;1;1;3;-24,9276669;-53,4557994;SPRF-PR;DEL04-PR;UOP01-DEL04-PR
617036;26/07/2024;sexta-feira;16:35:00;MG;381;492;BETIM;Manobra de mudança de faixa;Colisão lateral mesmo sentido;Com Vítimas Feridas;Pleno dia;Decrescente;Céu Claro;Múltipla;Reta;Sim;2;0;1;0;1;0;1;2;-19,95947326;-44,15405273;SPRF-MG;DEL01-MG;UOP03-DEL01-MG
617038;26/07/2024;sexta-feira;17:00:00;DF;70;19;BRASILIA;Reação tardia ou ineficiente do condutor;Saída de leito carroçável;Com Vítimas Feridas;Pleno dia;Crescente;Céu Claro;Dupla;"Aclive;Curva";Sim;1;0;0;1;0;0;1;1;-15,788868;-48,220242;SPRF-DF;DEL03-DF;UOP02-DEL03-DF
617039;26/07/2024;sexta-feira;16:00:00;DF;20;3,9;BRASILIA;Manobra de mudança de faixa;Saída de leito carroçável;Com Vítimas Feridas;Pleno dia;Crescente;Céu Claro;Dupla;"Reta;Declive";Não;1;0;1;0;0;0;1;1;-15,679851;-47,832211;SPRF-DF;DEL02-DF;UOP01-DEL02-DF
617040;26/07/2024;sexta-feira;10:45:00;PA;316;72;SAO FRANCISCO DO PARA;Condutor deixou de manter distância do veículo da frente;Colisão traseira;Com Vítimas Feridas;Pleno dia;Crescente;Sol;Simples;Reta;Não;3;0;2;0;1;0;2;2;-1,28948138;-47,84845495;SPRF-PA;DEL01-PA;UOP01-DEL01-PA
617042;26/07/2024;sexta-feira;16:50:00;RJ;40;24;TRES RIOS;Trafegar com motocicleta (ou similar) entre as faixas;Colisão lateral mesmo sentido;Com Vítimas Feridas;Anoitecer;Crescente;Céu Claro;Dupla;Curva;Sim;3;0;1;0;2;0;1;2;-22,13812601;-43,1592825;SPRF-RJ;DEL05-RJ;UOP02-DEL05-RJ
617043;26/07/2024;sexta-feira;16:50:00;MG;40;120,7;LAGOA GRANDE;Reação tardia ou ineficiente do condutor;Saída de leito carroçável;Com Vítimas Feridas;Pleno dia;Crescente;Céu Claro;Simples;Reta;Não;2;0;2;0;0;0;2;1;-17,66215873;-46,36488595;SPRF-MG;DEL14-MG;UOP01-DEL14-MG
617044;26/07/2024;sexta-feira;16:00:00;GO;40;144;CRISTALINA;Acessar a via sem observar a presença dos outros veículos;Colisão transversal;Com Vítimas Feridas;Pleno dia;Crescente;Céu Claro;Simples;"Reta;Declive";Não;3;0;0;2;1;0;2;2;-16,979743;-47,256078;SPRF-DF;DEL01-DF;UOP02-DEL01-DF
617045;26/07/2024;sexta-feira;15:00:00;MT;174;353;CONQUISTA DOESTE;Ultrapassagem Indevida;Colisão frontal;Com Vítimas Feridas;Pleno dia;Crescente;Céu Claro;Simples;Curva;Não;4;0;2;0;2;0;2;2;-14,71211186;-59,38594592;SPRF-MT;DEL04-MT;UOP01-DEL04-MT
617046;26/07/2024;sexta-feira;17:25:00;PR;277;72;SAO JOSE DOS PINHAIS;Ausência de reação do condutor;Capotamento;Com Vítimas Feridas;Pleno dia;Crescente;Céu Claro;Dupla;Reta;Sim;1;0;1;0;0;0;1;1;-25,50433389;-49,14527893;SPRF-PR;DEL01-PR;UOP07-DEL01-PR
617047;26/07/2024;sexta-feira;17:00:00;GO;70;475;ARAGARCAS;Frear bruscamente;Colisão traseira;Com Vítimas Feridas;Pleno dia;Decrescente;Céu Claro;Simples;Reta;Sim;3;0;1;1;1;0;2;2;-15,89581678;-52,25277901;SPRF-GO;DEL04-GO;UOP02-DEL04-GO
617048;26/07/2024;sexta-feira;17:40:00;PB;230;20;JOAO PESSOA;Condutor deixou de manter distância do veículo da frente;Colisão traseira;Com Vítimas Feridas;Anoitecer;Crescente;Céu Claro;Dupla;Curva;Sim;2;0;0;1;1;0;1;2;-7,1337;-34,8544;SPRF-PB;DEL01-PB;UOP01-DEL01-PB
617049;26/07/2024;sexta-feira;17:05:00;SC;116;4,4;MAFRA;Acessar a via sem observar a presença dos outros veículos;Colisão lateral mesmo sentido;Sem Vítimas;Anoitecer;Decrescente;Céu Claro;Simples;"Reta;Aclive";Sim;8;0;0;0;8;0;0;2;-26,13554917;-49,8072652;SPRF-SC;DEL06-SC;UOP01-DEL06-SC
617050;26/07/2024;sexta-feira;17:27:00;GO;153;494;GOIANIA;Manobra de mudança de faixa;Colisão traseira;Com Vítimas Feridas;Pleno dia;Decrescente;Céu Claro;Dupla;Reta;Sim;3;0;1;0;2;0;1;2;-16,6614;-49,2218;SPRF-GO;DEL01-GO;UOP01-DEL01-GO
617051;26/07/2024;sexta-feira;15:30:00;PE;408;33;TIMBAUBA;Desrespeitar a preferência no cruzamento;Colisão transversal;Com Vítimas Feridas;Pleno dia;Decrescente;Céu Claro;Simples;"Interseção de Vias;Reta";Não;3;0;0;2;1;0;2;2;-7,59893478;-35,24272442;SPRF-PE;DEL01-PE;UOP02-DEL01-PE
617054;26/07/2024;sexta-feira;17:00:00;CE;20;351,3;CARIDADE;Pista esburacada;Colisão lateral mesmo sentido;Com Vítimas Feridas;Pleno dia;Crescente;Céu Claro;Simples;"Reta;Declive";Não;4;0;1;1;2;0;2;3;-4,08098291;-39,04459512;SPRF-CE;DEL02-CE;UOP01-DEL02-CE
617055;13/01/2024;sábado;06:00:00;PI;343;0,9;TERESINA;Ausência de reação do condutor;Colisão traseira;Sem Vítimas;Amanhecer;Crescente;Nublado;Dupla;"Retorno Regulamentado;Aclive;Reta";Sim;3;0;0;0;3;0;0;3;-5,080156;-42,757565;SPRF-PI;DEL05-PI;UOP01-DEL05-PI
617057;26/07/2024;sexta-feira;17:50:00;MG;40;464,3;SETE LAGOAS;Ausência de reação do condutor;Tombamento;Com Vítimas Feridas;Anoitecer;Crescente;Céu Claro;Dupla;"Aclive;Reta";Não;2;0;1;0;1;0;1;1;-19,43110896;-44,33657482;SPRF-MG;DEL02-MG;UOP01-DEL02-MG
617058;26/07/2024;sexta-feira;18:20:00;SC;282;19,8;PALHOCA;Frear bruscamente;Colisão traseira;Com Vítimas Feridas;Plena Noite;Decrescente;Céu Claro;Simples;Reta;Sim;4;0;3;0;0;1;3;3;-27,678635;-48,70192;SPRF-SC;DEL01-SC;UOP02-DEL01-SC
617059;26/07/2024;sexta-feira;16:00:00;BA;242;539;OLIVEIRA DOS BREJINHOS;Reação tardia ou ineficiente do condutor;Colisão traseira;Com Vítimas Feridas;Pleno dia;Decrescente;Céu Claro;Simples;Reta;Não;1;0;1;0;0;0;1;1;-12,2337279;-42,77792091;SPRF-BA;DEL06-BA;UOP03-DEL06-BA
617060;26/07/2024;sexta-feira;18:30:00;SC;101;70,2;ARAQUARI;Pedestre andava na pista;Atropelamento de Pedestre;Com Vítimas Feridas;Plena Noite;Crescente;Céu Claro;Dupla;Reta;Não;6;0;0;1;2;3;1;6;-26,50298009;-48,72814515;SPRF-SC;DEL03-SC;UOP02-DEL03-SC
617061;26/07/2024;sexta-feira;18:30:00;PR;116;117;CURITIBA;Reação tardia ou ineficiente do condutor;Colisão lateral mesmo sentido;Com Vítimas Feridas;Plena Noite;Crescente;Céu Claro;Múltipla;Reta;Sim;2;0;1;0;1;0;1;2;-25,562183;-49,308321;SPRF-PR;DEL01-PR;UOP03-DEL01-PR
617062;26/07/2024;sexta-feira;18:30:00;ES;101;258,6;SERRA;Manobra de mudança de faixa;Colisão lateral mesmo sentido;Com Vítimas Feridas;Plena Noite;Crescente;Céu Claro;Dupla;"Declive;Viaduto;Curva";Sim;2;0;1;0;1;0;1;2;-20,1343328;-40,2928308;SPRF-ES;DEL02-ES;UOP01-DEL02-ES
617063;26/07/2024;sexta-feira;18:45:00;GO;40;6;VALPARAISO DE GOIAS;Reação tardia ou ineficiente do condutor;Queda de ocupante de veículo;Com Vítimas Feridas;Plena Noite;Decrescente;Céu Claro;Dupla;Reta;Sim;2;0;1;0;1;0;1;1;-16,100814;-47,977351;SPRF-DF;DEL01-DF;UOP01-DEL01-DF
617064;26/07/2024;sexta-feira;18:20:00;DF;20;55;BRASILIA;Reação tardia ou ineficiente do condutor;Colisão traseira;Sem Vítimas;Plena Noite;Decrescente;Céu Claro;Dupla;Reta;Não;2;0;0;0;2;0;0;2;-15,579966;-47,375816;SPRF-DF;DEL02-DF;UOP01-DEL02-DF
617065;26/07/2024;sexta-feira;18:00:00;PB;427;37;POMBAL;Ausência de reação do condutor;Atropelamento de Pedestre;Com Vítimas Feridas;Anoitecer;Crescente;Céu Claro;Simples;Reta;Não;2;0;1;0;1;0;1;2;-6,7655659;-37,79078007;SPRF-PB;DEL03-PB;UOP02-DEL03-PB
617067;26/07/2024;sexta-feira;19:10:00;SC;101;203,1;SAO JOSE;Reação tardia ou ineficiente do condutor;Tombamento;Com Vítimas Feridas;Plena Noite;Decrescente;Céu Claro;Dupla;Rotatória;Sim;1;0;1;0;0;0;1;1;-27,5650044;-48,61460082;SPRF-SC;DEL01-SC;UOP01-DEL01-SC
617069;26/07/2024;sexta-feira;17:49:00;RO;364;340;JI-PARANA;Reação tardia ou ineficiente do condutor;Colisão com objeto;Sem Vítimas;Anoitecer;Crescente;Céu Claro;Simples;Reta;Sim;1;0;0;0;0;1;0;1;-10,898802;-61,93046;SPRF-RO;DEL02-RO;UOP01-DEL02-RO
617070;26/07/2024;sexta-feira;16:20:00;PE;408;30;TIMBAUBA;Transitar na contramão;Colisão frontal;Com Vítimas Feridas;Pleno dia;Crescente;Céu Claro;Simples;Reta;Não;2;0;0;1;1;0;1;2;-7,5940327;-35,24470263;SPRF-PE;DEL01-PE;UOP02-DEL01-PE
617071;26/07/2024;sexta-feira;16:40:00;BA;116;639,1;JAGUAQUARA;Manobra de mudança de faixa;Colisão traseira;Com Vítimas Feridas;Pleno dia;Decrescente;Céu Claro;Simples;"Aclive;Reta";Não;5;0;1;0;4;0;1;2;-13,57;-40,078;SPRF-BA;DEL03-BA;UOP01-DEL03-BA
617072;26/07/2024;sexta-feira;17:15:00;PR;116;118;CURITIBA;Manobra de mudança de faixa;Colisão lateral mesmo sentido;Com Vítimas Feridas;Pleno dia;Crescente;Céu Claro;Dupla;Reta;Sim;3;0;2;0;1;0;2;2;-25,570122;-49,310728;SPRF-PR;DEL01-PR;UOP03-DEL01-PR
617073;26/07/2024;sexta-feira;19:33:00;RN;101;105,9;PARNAMIRIM;Manobra de mudança de faixa;Colisão traseira;Com Vítimas Feridas;Plena Noite;Decrescente;Céu Claro;Simples;Reta;Sim;2;0;1;1;0;0;2;2;-5,91056401;-35,26130795;SPRF-RN;DEL01-RN;UOP01-DEL01-RN
617074;26/07/2024;sexta-feira;19:00:00;SP;101;52;UBATUBA;Acessar a via sem observar a presença dos outros veículos;Atropelamento de Pedestre;Com Vítimas Feridas;Plena Noite;Crescente;Céu Claro;Simples;Curva;Sim;3;0;2;0;1;0;2;2;-23,4623355;-45,06476561;SPRF-SP;DEL06-SP;UOP01-DEL06-SP
617075;26/07/2024;sexta-feira;19:15:00;MG;459;43,1;SANTA RITA DE CALDAS;Animais na Pista;Atropelamento de Animal;Com Vítimas Feridas;Plena Noite;Crescente;Céu Claro;Simples;"Declive;Reta";Não;1;0;1;0;0;0;1;1;-22,000219;-46,321973;SPRF-MG;DEL09-MG;UOP01-DEL09-MG
617076;26/07/2024;sexta-feira;18:25:00;SC;101;205,8;SAO JOSE;Reação tardia ou ineficiente do condutor;Tombamento;Com Vítimas Feridas;Plena Noite;Crescente;Nublado;Múltipla;Reta;Sim;1;0;1;0;0;0;1;1;-27,58313237;-48,61532885;SPRF-SC;DEL01-SC;UOP01-DEL01-SC
617077;26/07/2024;sexta-feira;19:00:00;SP;116;148;SAO JOSE DOS CAMPOS;Ausência de reação do condutor;Colisão traseira;Sem Vítimas;Plena Noite;Decrescente;Céu Claro;Dupla;Reta;Não;3;0;0;0;3;0;0;3;-23,20067421;-45,8795018;SPRF-SP;DEL02-SP;UOP01-DEL02-SP
617078;26/07/2024;sexta-feira;19:00:00;SC;101;115;ITAJAI;Reação tardia ou ineficiente do condutor;Colisão traseira;Com Vítimas Feridas;Plena Noite;Decrescente;Céu Claro;Dupla;Reta;Sim;2;0;1;0;1;0;1;2;-26,87064015;-48,72954134;SPRF-SC;DEL04-SC;UOP04-DEL04-SC
617079;26/07/2024;sexta-feira;15:30:00;BA;101;285;LAJE;Frear bruscamente;Colisão traseira;Sem Vítimas;Pleno dia;Crescente;Céu Claro;Simples;Curva;Sim;3;0;0;0;3;0;0;2;-13,14603896;-39,29681897;SPRF-BA;DEL01-BA;UOP02-DEL01-BA
617080;26/07/2024;sexta-feira;19:02:00;SP;116;131,7;CACAPAVA;Velocidade Incompatível;Colisão traseira;Com Vítimas Feridas;Plena Noite;Crescente;Céu Claro;Dupla;Reta;Não;11;0;6;0;5;0;6;4;-23,12742083;-45,73636609;SPRF-SP;DEL02-SP;UOP02-DEL02-SP
617081;26/07/2024;sexta-feira;17:50:00;MG;262;87;ABRE CAMPO;Transitar no Acostamento;Saída de leito carroçável;Sem Vítimas;Anoitecer;Crescente;Céu Claro;Simples;Reta;Não;3;0;0;0;3;0;0;1;-20,333214;-42,437654;SPRF-MG;DEL03-MG;UOP03-DEL03-MG
617083;26/07/2024;sexta-feira;19:00:00;BA;101;742;ITABELA;Transitar na contramão;Colisão frontal;Com Vítimas Feridas;Plena Noite;Decrescente;Céu Claro;Simples;"Aclive;Curva";Não;5;0;1;0;3;1;1;2;-16,551461;-39,571836;SPRF-BA;DEL09-BA;UOP01-DEL09-BA
617084;26/07/2024;sexta-feira;19:30:00;GO;60;79;ANAPOLIS;Objeto estático sobre o leito carroçável;Colisão com objeto;Com Vítimas Feridas;Plena Noite;Crescente;Céu Claro;Dupla;"Declive;Reta;Ponte";Não;2;0;2;0;0;0;2;1;-16,3007;-48,8128;SPRF-GO;DEL02-GO;UOP01-DEL02-GO
617085;26/07/2024;sexta-feira;18:18:00;BA;242;414;SEABRA;Transitar na contramão;Colisão frontal;Com Vítimas Feridas;Plena Noite;Decrescente;Céu Claro;Simples;"Declive;Reta";Sim;2;0;0;2;0;0;2;2;-12,427427;-41,77020288;SPRF-BA;DEL06-BA;UOP01-DEL06-BA
617086;26/07/2024;sexta-feira;18:10:00;PR;277;164;PALMEIRA;Condutor deixou de manter distância do veículo da frente;Colisão lateral mesmo sentido;Com Vítimas Feridas;Anoitecer;Crescente;Céu Claro;Simples;"Reta;Declive";Não;4;0;3;0;0;1;3;3;-25,47289;-49,895964;SPRF-PR;DEL03-PR;UOP03-DEL03-PR
617087;26/07/2024;sexta-feira;17:00:00;RJ;101;570;PARATY;Transitar na contramão;Colisão frontal;Sem Vítimas;Anoitecer;Crescente;Céu Claro;Simples;Reta;Não;5;0;0;0;5;0;0;3;-23,18216501;-44,71777595;SPRF-RJ;DEL03-RJ;UOP04-DEL03-RJ
617090;26/07/2024;sexta-feira;17:20:00;RJ;101;297;ITABORAI;Manobra de mudança de faixa;Colisão traseira;Com Vítimas Feridas;Anoitecer;Decrescente;Céu Claro;Dupla;Reta;Sim;2;0;1;0;1;0;1;2;-22,76942037;-42,91873581;SPRF-RJ;DEL02-RJ;UOP02-DEL02-RJ
617092;26/07/2024;sexta-feira;19:30:00;AL;101;188,6;JUNQUEIRO;Ingestão de álcool pelo condutor;Colisão com objeto;Com Vítimas Feridas;Plena Noite;Decrescente;Céu Claro;Simples;Reta;Sim;1;0;1;0;0;0;1;1;-9,90809784;-36,46933335;SPRF-AL;DEL02-AL;UOP02-DEL02-AL
617093;26/07/2024;sexta-feira;20:00:00;MG;40;515;RIBEIRAO DAS NEVES;Ausência de reação do condutor;Colisão lateral mesmo sentido;Com Vítimas Feridas;Plena Noite;Decrescente;Céu Claro;Dupla;Reta;Sim;1;0;1;0;0;0;1;1;-19,8090079;-44,09493479;SPRF-MG;DEL01-MG;UOP02-DEL01-MG