id;data_inversa;dia_semana;horario;uf;br;km;municipio;causa_acidente;tipo_acidente;classificacao_acidente;fase_dia;sentido_via;condicao_metereologica;tipo_pista;tracado_via;uso_solo;pessoas;mortos;feridos_leves;feridos_graves;ilesos;ignorados;feridos;veiculos;latitude;longitude;regional;delegacia;uop
617214;27/07/2024;sábado;12:25:00;CE;304;46;ARACATI;Acessar a via sem observar a presença dos outros veículos;Colisão transversal;Com Vítimas Feridas;Pleno dia;Crescente;Céu Claro;Dupla;"Rotatória;Retorno Regulamentado;Reta";Sim;5;0;0;1;4;0;1;2;-4,57510003;-37,79823699;SPRF-CE;DEL03-CE;UOP03-DEL03-CE
617215;27/07/2024;sábado;11:40:00;MT;163;747;SORRISO;Acessar a via sem observar a presença dos outros veículos;Colisão transversal;Com Vítimas Feridas;Pleno dia;Crescente;Céu Claro;Dupla;Rotatória;Sim;2;0;0;1;0;1;1;2;-12,592722;-55,742508;SPRF-MT;DEL06-MT;UOP01-DEL06-MT
617217;27/07/2024;sábado;12:40:00;GO;414;371;COCALZINHO DE GOIAS;Reação tardia ou ineficiente do condutor;Colisão com objeto;Com Vítimas Feridas;Pleno dia;Crescente;Céu Claro;Simples;Curva;Não;2;0;2;0;0;0;2;1;-15,76598077;-48,75888439;SPRF-GO;DEL02-GO;UOP01-DEL02-GO
617218;27/07/2024;sábado;12:30:00;SE;101;7;CEDRO DE SAO JOAO;Acumulo de areia ou detritos sobre o pavimento;Saída de leito carroçável;Com Vítimas Feridas;Pleno dia;Decrescente;Céu Claro;Dupla;Rotatória;Não;1;0;1;0;0;0;1;1;-10,25586103;-36,86127194;SPRF-SE;DEL02-SE;UOP02-DEL02-SE
617220;27/07/2024;sábado;12:40:00;RS;285;201;LAGOA VERMELHA;Acessar a via sem observar a presença dos outros veículos;Colisão transversal;Com Vítimas Feridas;Pleno dia;Decrescente;Céu Claro;Simples;"Rotatória;Interseção de Vias;Retorno Regulamentado";Sim;4;0;4;0;0;0;4;2;-28,206482;-51,538555;SPRF-RS;DEL08-RS;UOP05-DEL08-RS
617223;27/07/2024;sábado;12:19:00;RO;364;343;JI-PARANA;Condutor desrespeitou a iluminação vermelha do semáforo;Colisão transversal;Com Vítimas Feridas;Pleno dia;Crescente;Céu Claro;Múltipla;Reta;Sim;3;0;0;2;1;0;2;2;-10,87878519;-61,94499012;SPRF-RO;DEL02-RO;UOP01-DEL02-RO
617224;05/07/2024;sexta-feira;09:15:00;PR;277;521;GUARANIACU;Reação tardia ou ineficiente do condutor;Saída de leito carroçável;Com Vítimas Feridas;Pleno dia;Decrescente;Céu Claro;Simples;Aclive;Não;1;0;1;0;0;0;1;1;-25,11018112;-52,85167802;SPRF-PR;DEL04-PR;UOP04-DEL04-PR
617227;23/07/2024;terça-feira;19:00:00;BA;116;448;ANTONIO CARDOSO;Ausência de reação do condutor;Colisão com objeto;Com Vítimas Feridas;Plena Noite;Crescente;Céu Claro;Dupla;Reta;Não;1;0;1;0;0;0;1;1;-12,36969389;-39,11399209;SPRF-BA;DEL02-BA;UOP01-DEL02-BA
617228;27/07/2024;sábado;14:00:00;PR;277;75;SAO JOSE DOS PINHAIS;Reação tardia ou ineficiente do condutor;Colisão com objeto;Sem Vítimas;Pleno dia;Crescente;Céu Claro;Dupla;Reta;Não;1;0;0;0;1;0;0;1;-25,51327981;-49,12433291;SPRF-PR;DEL01-PR;UOP07-DEL01-PR
617229;27/07/2024;sábado;14:00:00;BA;116;427;FEIRA DE SANTANA;Demais falhas mecânicas ou elétricas;Queda de ocupante de veículo;Com Vítimas Feridas;Pleno dia;Crescente;Céu Claro;Dupla;"Ponte;Reta";Não;1;0;1;0;0;0;1;1;-12,28526803;-39,0002144;SPRF-BA;DEL02-BA;UOP01-DEL02-BA
617230;27/07/2024;sábado;14:30:00;SC;101;200,8;SAO JOSE;Ultrapassagem Indevida;Colisão lateral mesmo sentido;Com Vítimas Feridas;Pleno dia;Decrescente;Céu Claro;Múltipla;Reta;Não;2;0;1;0;1;0;1;2;-27,54018513;-48,62287714;SPRF-SC;DEL01-SC;UOP01-DEL01-SC
617232;27/07/2024;sábado;14:00:00;RJ;40;80;PETROPOLIS;Manobra de mudança de faixa;Colisão lateral mesmo sentido;Com Vítimas Feridas;Pleno dia;Decrescente;Céu Claro;Dupla;Curva;Não;3;0;2;0;1;0;2;2;-22,49798597;-43,22878703;SPRF-RJ;DEL01-RJ;UOP01-DEL01-RJ
617234;27/07/2024;sábado;12:40:00;MG;116;259;TEOFILO OTONI;Demais falhas mecânicas ou elétricas;Capotamento;Com Vítimas Feridas;Pleno dia;Decrescente;Céu Claro;Simples;"Curva;Aclive";Não;5;0;3;2;0;0;5;1;-17,71570901;-41,48895242;SPRF-MG;DEL11-MG;UOP01-DEL11-MG
617236;27/07/2024;sábado;14:10:00;SC;282;406;CATANDUVAS;Ingestão de álcool pelo condutor;Colisão transversal;Sem Vítimas;Pleno dia;Decrescente;Nublado;Simples;"Interseção de Vias;Rotatória";Não;2;0;0;0;2;0;0;2;-27,09764263;-51,65273666;SPRF-SC;DEL07-SC;UOP05-DEL07-SC
617237;08/07/2024;segunda-feira;01:40:00;ES;262;169,2;IBATIBA;Transitar na contramão;Colisão frontal;Com Vítimas Fatais;Plena Noite;Decrescente;Céu Claro;Simples;Curva;Não;22;2;17;1;1;1;18;3;-20,26416685;-41,58096856;SPRF-ES;DEL01-ES;UOP02-DEL01-ES
617238;27/07/2024;sábado;12:45:00;MA;222;398,2;SANTA INES;Transitar na contramão;Colisão frontal;Com Vítimas Feridas;Pleno dia;Crescente;Céu Claro;Simples;Curva;Não;4;0;0;4;0;0;4;2;-3,91455677;-45,59549518;SPRF-MA;DEL02-MA;UOP01-DEL02-MA
617240;27/07/2024;sábado;16:15:00;MG;262;438;NOVA SERRANA;Ausência de reação do condutor;Colisão com objeto;Com Vítimas Feridas;Pleno dia;Decrescente;Céu Claro;Dupla;Reta;Sim;2;0;1;0;1;0;1;1;-19,89280962;-44,878453;SPRF-MG;DEL08-MG;UOP03-DEL08-MG
617241;10/05/2024;sexta-feira;18:30:00;BA;101;211;MURITIBA;Acessar a via sem observar a presença dos outros veículos;Colisão transversal;Com Vítimas Feridas;Anoitecer;Decrescente;Ignorado;Simples;Reta;Não;2;0;0;1;1;0;1;2;-12,61621705;-39,08660889;SPRF-BA;DEL01-BA;UOP02-DEL01-BA
617242;27/07/2024;sábado;15:15:00;PR;116;121;CURITIBA;Ausência de reação do condutor;Colisão traseira;Com Vítimas Feridas;Pleno dia;Decrescente;Céu Claro;Dupla;Reta;Não;2;0;0;1;1;0;1;2;-25,5599323;-49,30743945;SPRF-PR;DEL01-PR;UOP03-DEL01-PR
617244;27/07/2024;sábado;15:30:00;MG;356;268,4;MURIAE;Acessar a via sem observar a presença dos outros veículos;Colisão transversal;Com Vítimas Feridas;Pleno dia;Decrescente;Céu Claro;Simples;"Aclive;Reta";Sim;2;0;1;0;1;0;1;2;-21,12806962;-42,34619021;SPRF-MG;DEL07-MG;UOP02-DEL07-MG
617245;14/07/2024;domingo;22:30:00;MG;262;440,2;NOVA SERRANA;Velocidade Incompatível;Colisão com objeto;Com Vítimas Fatais;Plena Noite;Decrescente;Céu Claro;Dupla;Reta;Não;1;1;0;0;0;0;0;1;-19,88607114;-44,89407411;SPRF-MG;DEL08-MG;UOP03-DEL08-MG
617246;27/07/2024;sábado;17:00:00;SP;116;276;EMBU DAS ARTES;Demais falhas mecânicas ou elétricas;Incêndio;Sem Vítimas;Pleno dia;Decrescente;Céu Claro;Dupla;Reta;Sim;2;0;0;0;2;0;0;1;-23,64262417;-46,83811382;SPRF-SP;DEL04-SP;UOP01-DEL04-SP
617247;27/07/2024;sábado;14:28:00;MS;163;418,3;NOVA ALVORADA DO SUL;Acessar a via sem observar a presença dos outros veículos;Colisão transversal;Sem Vítimas;Pleno dia;Crescente;Céu Claro;Simples;Reta;Não;5;0;0;0;5;0;0;2;-21,006056;-54,508275;SPRF-MS;DEL02-MS;UOP01-DEL02-MS
617248;27/07/2024;sábado;17:00:00;TO;153;544;NOVA ROSALANDIA;Ultrapassagem Indevida;Colisão traseira;Com Vítimas Feridas;Pleno dia;Crescente;Céu Claro;Simples;"Declive;Reta";Não;5;0;5;0;0;0;5;2;-10,59187502;-48,91318831;SPRF-TO;DEL01-TO;UOP01-DEL01-TO
617251;27/07/2024;sábado;17:50:00;SP;101;47,6;UBATUBA;Ingestão de álcool pelo condutor;Colisão lateral sentido oposto;Com Vítimas Feridas;Plena Noite;Crescente;Céu Claro;Simples;Reta;Sim;5;0;4;0;1;0;4;2;-23,429897;-45,082436;SPRF-SP;DEL06-SP;UOP01-DEL06-SP
617252;08/07/2024;segunda-feira;06:06:00;PE;104;61;CARUARU;Acessar a via sem observar a presença dos outros veículos;Colisão transversal;Com Vítimas Feridas;Pleno dia;Crescente;Céu Claro;Dupla;"Rotatória;Reta";Sim;3;0;1;1;1;0;2;2;-8,24580893;-35,97494602;SPRF-PE;DEL02-PE;UOP01-DEL02-PE
617255;27/07/2024;sábado;10:45:00;PI;343;342;TERESINA;Acessar a via sem observar a presença dos outros veículos;Colisão transversal;Com Vítimas Feridas;Pleno dia;Crescente;Céu Claro;Simples;Rotatória;Sim;3;0;1;0;2;0;1;2;-5,08284;-42,750385;SPRF-PI;DEL01-PI;UOP01-DEL01-PI
617256;27/07/2024;sábado;18:00:00;SC;101;124;ITAJAI;Reação tardia ou ineficiente do condutor;Engavetamento;Com Vítimas Feridas;Anoitecer;Crescente;Céu Claro;Múltipla;Reta;Sim;7;0;5;0;2;0;5;3;-26,94335064;-48,69198648;SPRF-SC;DEL04-SC;UOP04-DEL04-SC
617257;27/07/2024;sábado;18:10:00;ES;101;131,6;LINHARES;Ingestão de álcool pelo condutor;Colisão lateral mesmo sentido;Com Vítimas Feridas;Plena Noite;Crescente;Céu Claro;Simples;Reta;Não;3;0;1;0;2;0;1;2;-19,24798699;-40,09078893;SPRF-ES;DEL04-ES;UOP01-DEL04-ES
617258;27/07/2024;sábado;17:50:00;SC;101;276,3;IMBITUBA;Desrespeitar a preferência no cruzamento;Colisão transversal;Com Vítimas Feridas;Anoitecer;Decrescente;Céu Claro;Dupla;"Reta;Viaduto";Não;3;0;2;0;1;0;2;2;-28,16034081;-48,693003;SPRF-SC;DEL02-SC;UOP03-DEL02-SC
617260;27/07/2024;sábado;18:30:00;RS;386;354,1;ESTRELA;Acesso irregular;Colisão transversal;Com Vítimas Feridas;Plena Noite;Decrescente;Nublado;Dupla;"Retorno Regulamentado;Viaduto;Reta";Não;2;0;1;0;0;1;1;2;-29,50976799;-51,94156229;SPRF-RS;DEL04-RS;UOP01-DEL04-RS
617261;27/07/2024;sábado;17:20:00;SC;470;10;ITAJAI;Ausência de reação do condutor;Tombamento;Com Vítimas Feridas;Pleno dia;Crescente;Nublado;Dupla;"Retorno Regulamentado;Curva";Não;1;0;1;0;0;0;1;1;-26,833693;-48,73724;SPRF-SC;DEL04-SC;UOP04-DEL04-SC
617263;27/07/2024;sábado;18:30:00;PR;369;191,3;ARAPONGAS;Retorno proibido;Colisão lateral mesmo sentido;Com Vítimas Feridas;Plena Noite;Decrescente;Céu Claro;Dupla;Reta;Não;2;0;2;0;0;0;2;2;-23,46385067;-51,423558;SPRF-PR;DEL07-PR;UOP03-DEL07-PR
617264;27/07/2024;sábado;18:40:00;SP;116;203;ARUJA;Ausência de reação do condutor;Colisão traseira;Com Vítimas Feridas;Plena Noite;Decrescente;Céu Claro;Dupla;Reta;Não;2;0;1;0;1;0;1;2;-23,41060827;-46,34763895;SPRF-SP;DEL01-SP;UOP01-DEL01-SP
617265;27/07/2024;sábado;18:00:00;BA;242;786;BARREIRAS;Pista esburacada;Queda de ocupante de veículo;Com Vítimas Feridas;Plena Noite;Crescente;Céu Claro;Simples;Reta;Não;1;0;1;0;0;0;1;1;-12,13956292;-44,76317799;SPRF-BA;DEL10-BA;UOP01-DEL10-BA
617266;27/07/2024;sábado;18:12:00;CE;116;94;OCARA;Acessar a via sem observar a presença dos outros veículos;Colisão transversal;Com Vítimas Feridas;Plena Noite;Decrescente;Céu Claro;Simples;Reta;Sim;3;0;0;1;1;1;1;2;-4,49674696;-38,36102171;SPRF-CE;DEL03-CE;UOP02-DEL03-CE
617267;27/07/2024;sábado;12:03:00;AL;316;215;MARIBONDO;Reação tardia ou ineficiente do condutor;Saída de leito carroçável;Sem Vítimas;Pleno dia;Crescente;Nublado;Simples;Curva;Não;2;0;0;0;0;2;0;1;-9,50959089;-36,22084314;SPRF-AL;DEL01-AL;UOP01-DEL01-AL
617268;27/07/2024;sábado;15:50:00;BA;110;146;RIBEIRA DO POMBAL;Transitar na contramão;Colisão lateral sentido oposto;Com Vítimas Feridas;Pleno dia;Crescente;Céu Claro;Simples;Reta;Não;2;0;1;0;1;0;1;2;-10,66742591;-38,41855917;SPRF-BA;DEL07-BA;UOP02-DEL07-BA
617269;27/07/2024;sábado;19:20:00;RJ;116;83;TERESOPOLIS;Conversão proibida;Colisão transversal;Com Vítimas Feridas;Plena Noite;Crescente;Céu Claro;Simples;Rotatória;Não;2;0;1;0;1;0;1;2;-22,41517488;-42,95011324;SPRF-RJ;DEL04-RJ;UOP01-DEL04-RJ
617270;27/07/2024;sábado;14:20:00;GO;153;432;ANAPOLIS;Avarias e/ou desgaste excessivo no pneu;Tombamento;Com Vítimas Feridas;Pleno dia;Decrescente;Céu Claro;Dupla;"Declive;Reta";Sim;1;0;1;0;0;0;1;1;-16,264801;-48,982357;SPRF-GO;DEL02-GO;UOP01-DEL02-GO
617271;27/07/2024;sábado;19:00:00;SC;101;311,2;LAGUNA;Transitar na contramão;Colisão frontal;Com Vítimas Feridas;Plena Noite;Crescente;Nublado;Dupla;Reta;Sim;2;0;0;1;1;0;1;2;-28,44022326;-48,81365061;SPRF-SC;DEL02-SC;UOP01-DEL02-SC
617272;27/07/2024;sábado;19:20:00;SC;282;24,4;SANTO AMARO DA IMPERATRIZ;Reação tardia ou ineficiente do condutor;Colisão traseira;Sem Vítimas;Plena Noite;Decrescente;Céu Claro;Simples;Reta;Não;2;0;0;0;2;0;0;2;-27,68268;-48,744614;SPRF-SC;DEL01-SC;UOP03-DEL01-SC
617273;27/07/2024;sábado;19:40:00;RS;290;99;PORTO ALEGRE;Velocidade Incompatível;Colisão traseira;Com Vítimas Feridas;Plena Noite;Decrescente;Céu Claro;Dupla;Reta;Não;5;0;1;0;2;2;1;4;-29,991756;-51,22699;SPRF-RS;DEL01-RS;UOP01-DEL01-RS
617274;27/07/2024;sábado;19:45:00;RS;116;260;CANOAS;Acesso irregular;Tombamento;Com Vítimas Feridas;Plena Noite;Decrescente;Nublado;Dupla;Reta;Sim;1;0;1;0;0;0;1;1;-29,879208;-51,18045622;SPRF-RS;DEL01-RS;UOP01-DEL01-RS
617275;27/07/2024;sábado;14:30:00;BA;420;332,5;ITAQUARA;Acessar a via sem observar a presença dos outros veículos;Colisão transversal;Com Vítimas Feridas;Pleno dia;Decrescente;Nublado;Simples;"Declive;Reta";Não;3;0;2;0;1;0;2;2;-13,4756691;-39,94895372;SPRF-BA;DEL03-BA;UOP01-DEL03-BA
617276;27/07/2024;sábado;17:50:00;PB;230;234,4;JUAZEIRINHO;Pedestre andava na pista;Atropelamento de Pedestre;Com Vítimas Fatais;Plena Noite;Decrescente;Céu Claro;Simples;Reta;Não;2;1;0;0;1;0;0;2;-7,0416;-36,5166;SPRF-PB;DEL02-PB;UOP02-DEL02-PB
617278;27/07/2024;sábado;19:40:00;RS;285;365,7;SALDANHA MARINHO;Ingestão de álcool pelo condutor;Colisão frontal;Com Vítimas Feridas;Plena Noite;Decrescente;Nublado;Simples;Reta;Não;5;0;2;2;1;0;4;3;-28,38826679;-53,02443981;SPRF-RS;DEL08-RS;UOP03-DEL08-RS
617279;27/07/2024;sábado;17:30:00;RO;364;425,4;JARU;Desrespeitar a preferência no cruzamento;Colisão transversal;Com Vítimas Feridas;Anoitecer;Crescente;Céu Claro;Simples;"Interseção de Vias;Reta";Sim;2;0;1;0;1;0;1;2;-10,43752488;-62,47169791;SPRF-RO;DEL03-RO;UOP02-DEL03-RO
617280;27/07/2024;sábado;19:40:00;TO;10;464;PALMAS;Reação tardia ou ineficiente do condutor;Tombamento;Com Vítimas Feridas;Plena Noite;Crescente;Céu Claro;Múltipla;Reta;Não;1;0;0;1;0;0;1;1;-10,23067754;-48,31172582;SPRF-TO;DEL01-TO;UOP03-DEL01-TO
617282;27/07/2024;sábado;18:15:00;PR;277;74;SAO JOSE DOS PINHAIS;Ingestão de álcool pelo condutor;Saída de leito carroçável;Com Vítimas Feridas;Plena Noite;Crescente;Nublado;Dupla;Reta;Sim;2;0;1;0;1;0;1;1;-25,492323;-49,170887;SPRF-PR;DEL01-PR;UOP07-DEL01-PR
617284;27/07/2024;sábado;20:10:00;BA;410;8,9;TUCANO;Demais falhas mecânicas ou elétricas;Incêndio;Sem Vítimas;Plena Noite;Crescente;Céu Claro;Simples;Reta;Não;1;0;0;0;1;0;0;1;-10,85300373;-38,59149914;SPRF-BA;DEL07-BA;UOP02-DEL07-BA
617285;27/07/2024;sábado;20:25:00;PB;101;88,1;JOAO PESSOA;Ausência de reação do condutor;Saída de leito carroçável;Com Vítimas Feridas;Plena Noite;Crescente;Céu Claro;Dupla;Curva;Sim;1;0;0;1;0;0;1;1;-7,16470016;-34,89993643;SPRF-PB;DEL01-PB;UOP01-DEL01-PB
617286;27/07/2024;sábado;20:45:00;SP;116;307;SAO LOURENCO DA SERRA;Demais falhas mecânicas ou elétricas;Engavetamento;Com Vítimas Feridas;Plena Noite;Crescente;Céu Claro;Dupla;Reta;Não;5;0;2;0;3;0;2;3;-23,85630016;-46,94096988;SPRF-SP;DEL04-SP;UOP01-DEL04-SP
617288;27/07/2024;sábado;21:00:00;PR;116;165;QUITANDINHA;Ausência de reação do condutor;Saída de leito carroçável;Com Vítimas Feridas;Pleno dia;Crescente;Céu Claro;Simples;Curva;Não;1;0;1;0;0;0;1;1;-25,86629613;-49,43637602;SPRF-PR;DEL01-PR;UOP03-DEL01-PR
617290;27/07/2024;sábado;20:15:00;MS;163;529;JARAGUARI;Acessar a via sem observar a presença dos outros veículos;Colisão transversal;Com Vítimas Feridas;Plena Noite;Crescente;Céu Claro;Simples;Reta;Não;5;0;2;0;3;0;2;2;-20,08519991;-54,43235422;SPRF-MS;DEL01-MS;UOP02-DEL01-MS
617291;27/07/2024;sábado;20:20:00;RS;287;250;SANTA MARIA;Reação tardia ou ineficiente do condutor;Colisão traseira;Com Vítimas Feridas;Plena Noite;Decrescente;Céu Claro;Simples;Reta;Sim;2;0;1;0;1;0;1;2;-29,69077137;-53,87064812;SPRF-RS;DEL09-RS;UOP01-DEL09-RS
617292;27/07/2024;sábado;20:30:00;RS;392;104,7;MORRO REDONDO;Velocidade Incompatível;Saída de leito carroçável;Com Vítimas Feridas;Plena Noite;Decrescente;Nevoeiro/Neblina;Simples;Curva;Não;1;0;1;0;0;0;1;1;-31,5067394;-52,60891199;SPRF-RS;DEL07-RS;UOP01-DEL07-RS
617293;27/07/2024;sábado;20:55:00;SP;116;283;EMBU DAS ARTES;Trafegar com motocicleta (ou similar) entre as faixas;Tombamento;Com Vítimas Feridas;Plena Noite;Decrescente;Céu Claro;Dupla;Reta;Sim;1;0;0;1;0;0;1;1;-23,69297005;-46,86352786;SPRF-SP;DEL04-SP;UOP01-DEL04-SP
617294;27/07/2024;sábado;21:30:00;SP;116;187;SANTA ISABEL;Velocidade Incompatível;Engavetamento;Com Vítimas Feridas;Plena Noite;Decrescente;Nublado;Dupla;Reta;Não;3;0;1;0;2;0;1;3;-23,35713072;-46,20737811;SPRF-SP;DEL01-SP;UOP01-DEL01-SP
617295;27/07/2024;sábado;18:55:00;RO;364;334;JI-PARANA;Transitar na contramão;Colisão lateral sentido oposto;Com Vítimas Feridas;Plena Noite;Crescente;Céu Claro;Simples;Curva;Não;7;0;1;0;6;0;1;2;-10,95082426;-61,92353827;SPRF-RO;DEL02-RO;UOP01-DEL02-RO
617297;27/07/2024;sábado;19:15:00;SC;282;512,3;XANXERE;Velocidade Incompatível;Saída de leito carroçável;Sem Vítimas;Plena Noite;Decrescente;Chuva;Simples;"Aclive;Reta";Não;1;0;0;0;1;0;0;1;-26,91411066;-52,47658253;SPRF-SC;DEL07-SC;UOP01-DEL07-SC
617298;27/07/2024;sábado;21:15:00;RS;386;46,8;SEBERI;Ingestão de álcool pelo condutor;Colisão lateral sentido oposto;Sem Vítimas;Plena Noite;Decrescente;Chuva;Simples;Reta;Não;5;0;0;0;5;0;0;2;-27,457483;-53,409458;SPRF-RS;DEL08-RS;UOP02-DEL08-RS
617299;27/07/2024;sábado;21:12:00;PE;408;93;SAO LOURENCO DA MATA;Demais falhas mecânicas ou elétricas;Incêndio;Sem Vítimas;Plena Noite;Decrescente;Garoa/Chuvisco;Dupla;"Viaduto;Reta";Sim;1;0;0;0;1;0;0;1;-8,00201425;-35,05473707;SPRF-PE;DEL01-PE;UOP01-DEL01-PE
617300;27/07/2024;sábado;19:00:00;RN;101;144;GOIANINHA;Condutor Dormindo;Colisão com objeto;Com Vítimas Feridas;Plena Noite;Crescente;Chuva;Dupla;Curva;Sim;1;0;1;0;0;0;1;1;-6,244042;-35,21729;SPRF-RN;DEL01-RN;UOP01-DEL01-RN
617301;27/07/2024;sábado;19:00:00;PR;277;98;CURITIBA;Transitar na contramão;Colisão frontal;Com Vítimas Feridas;Plena Noite;Crescente;Nublado;Simples;Aclive;Sim;3;0;0;2;1;0;2;2;-25,42997482;-49,35048514;SPRF-PR;DEL01-PR;UOP06-DEL01-PR
617302;27/07/2024;sábado;20:38:00;RS;470;221,8;GARIBALDI;Mal súbito do condutor;Saída de leito carroçável;Com Vítimas Fatais;Plena Noite;Decrescente;Céu Claro;Simples;Reta;Sim;1;1;0;0;0;0;0;1;-29,21205;-51,518001;SPRF-RS;DEL06-RS;UOP01-DEL06-RS
617303;27/07/2024;sábado;19:10:00;SC;101;185,4;BIGUACU;Ingestão de álcool pelo condutor;Colisão com objeto;Sem Vítimas;Plena Noite;Crescente;Céu Claro;Dupla;Curva;Sim;1;0;0;0;1;0;0;1;-27,42536698;-48,62465876;SPRF-SC;DEL01-SC;UOP01-DEL01-SC
617304;27/07/2024;sábado;19:35:00;SC;280;133;RIO NEGRINHO;Ultrapassagem Indevida;Colisão lateral mesmo sentido;Sem Vítimas;Plena Noite;Decrescente;Céu Claro;Simples;Aclive;Não;2;0;0;0;2;0;0;2;-26,268433;-49,555073;SPRF-SC;DEL06-SC;UOP03-DEL06-SC
617305;27/07/2024;sábado;17:30:00;MS;60;12,4;CHAPADAO DO SUL;Reação tardia ou ineficiente do condutor;Colisão lateral sentido oposto;Com Vítimas Feridas;Anoitecer;Crescente;Céu Claro;Simples;Reta;Não;7;0;6;0;0;1;6;2;-18,7918318;-52,64893426;SPRF-MS;DEL08-MS;UOP01-DEL08-MS
617306;27/07/2024;sábado;18:40:00;PR;277;512,7;GUARANIACU;Acessar a via sem observar a presença dos outros veículos;Colisão transversal;Com Vítimas Feridas;Plena Noite;Crescente;Céu Claro;Simples;Reta;Não;2;0;1;0;1;0;1;2;-25,12175088;-52,775826;SPRF-PR;DEL04-PR;UOP04-DEL04-PR
617307;27/07/2024;sábado;18:05:00;PI;343;437;LAGOINHA DO PIAUI;Reação tardia ou ineficiente do condutor;Colisão transversal;Com Vítimas Feridas;Amanhecer;Decrescente;Céu Claro;Simples;Reta;Sim;2;0;0;1;1;0;1;2;-5,829276;-42,623116;SPRF-PI;DEL01-PI;UOP02-DEL01-PI
617308;27/07/2024;sábado;22:00:00;PR;277;1;PARANAGUA;Pedestre andava na pista;Atropelamento de Pedestre;Com Vítimas Feridas;Plena Noite;Crescente;Céu Claro;Simples;Reta;Sim;2;0;1;0;0;1;1;2;-25,5145978;-48,53687882;SPRF-PR;DEL01-PR;UOP05-DEL01-PR
617309;27/07/2024;sábado;19:20:00;RJ;116;99;GUAPIMIRIM;Ausência de reação do condutor;Colisão com objeto;Com Vítimas Feridas;Plena Noite;Decrescente;Céu Claro;Simples;Curva;Não;1;0;1;0;0;0;1;1;-22,48851488;-42,99935184;SPRF-RJ;DEL04-RJ;UOP01-DEL04-RJ
617310;27/07/2024;sábado;19:10:00;RJ;101;488;ANGRA DOS REIS;Reação tardia ou ineficiente do condutor;Saída de leito carroçável;Sem Vítimas;Plena Noite;Decrescente;Céu Claro;Dupla;Reta;Sim;1;0;0;0;1;0;0;1;-22,96020896;-44,29612622;SPRF-RJ;DEL03-RJ;UOP03-DEL03-RJ
617311;27/07/2024;sábado;21:00:00;BA;235;346;JUAZEIRO;Ingestão de álcool pelo condutor;Colisão transversal;Sem Vítimas;Plena Noite;Decrescente;Céu Claro;Simples;Reta;Não;3;0;0;0;3;0;0;2;-9,45259129;-40,48292825;SPRF-PE;DEL06-PE;UOP01-DEL06-PE
617313;27/07/2024;sábado;22:30:00;RN;101;114;SAO JOSE DE MIPIBU;Deficiência do Sistema de Iluminação/Sinalização;Colisão traseira;Com Vítimas Feridas;Plena Noite;Decrescente;Chuva;Dupla;Reta;Não;2;0;1;0;1;0;1;2;-5,982204;-35,264896;SPRF-RN;DEL01-RN;UOP01-DEL01-RN
617314;27/07/2024;sábado;18:30:00;MG;116;500,3;INHAPIM;Animais na Pista;Atropelamento de Animal;Sem Vítimas;Plena Noite;Crescente;Nublado;Simples;Reta;Não;6;0;0;0;5;1;0;2;-19,5613089;-42,12283853;SPRF-MG;DEL06-MG;UOP02-DEL06-MG
617315;27/07/2024;sábado;22:00:00;CE;116;480;MILAGRES;Ausência de reação do condutor;Atropelamento de Pedestre;Com Vítimas Feridas;Plena Noite;Decrescente;Ignorado;Simples;Curva;Não;2;0;0;1;0;1;1;2;-7,30161969;-38,90301596;SPRF-CE;DEL05-CE;UOP03-DEL05-CE
617316;27/07/2024;sábado;21:40:00;PE;101;46;IGARASSU;Pedestre cruzava a pista fora da faixa;Atropelamento de Pedestre;Com Vítimas Feridas;Plena Noite;Crescente;Céu Claro;Múltipla;Reta;Sim;2;0;1;0;0;1;1;2;-7,87406004;-34,90588126;SPRF-PE;DEL01-PE;UOP02-DEL01-PE
617319;27/07/2024;sábado;21:30:00;CE;116;4,8;FORTALEZA;Ingestão de álcool pelo condutor;Colisão traseira;Com Vítimas Feridas;Plena Noite;Crescente;Céu Claro;Dupla;Reta;Sim;7;0;1;1;4;1;2;4;-3,7867209;-38,5114568;SPRF-CE;DEL01-CE;UOP02-DEL01-CE
617320;27/07/2024;sábado;21:00:00;SC;101;329;TUBARAO;Ingestão de álcool pelo condutor;Saída de leito carroçável;Com Vítimas Feridas;Plena Noite;Decrescente;Nublado;Dupla;Reta;Sim;1;0;1;0;0;0;1;1;-28,45287735;-48,97528052;SPRF-SC;DEL02-SC;UOP01-DEL02-SC
617321;27/07/2024;sábado;21:30:00;MG;354;749,2;ITANHANDU;Ingestão de álcool pelo condutor;Tombamento;Sem Vítimas;Plena Noite;Decrescente;Céu Claro;Simples;Curva;Não;1;0;0;0;0;1;0;1;-22,265407;-44,900345;SPRF-MG;DEL17-MG;UOP01-DEL17-MG
617322;27/07/2024;sábado;22:30:00;SC;101;122;ITAJAI;Reação tardia ou ineficiente do condutor;Tombamento;Com Vítimas Feridas;Plena Noite;Crescente;Céu Claro;Dupla;Curva;Sim;1;0;1;0;0;0;1;1;-26,92955916;-48,70499836;SPRF-SC;DEL04-SC;UOP04-DEL04-SC