id;data_inversa;dia_semana;horario;uf;br;km;municipio;causa_acidente;tipo_acidente;classificacao_acidente;fase_dia;sentido_via;condicao_metereologica;tipo_pista;tracado_via;uso_solo;pessoas;mortos;feridos_leves;feridos_graves;ilesos;ignorados;feridos;veiculos;latitude;longitude;regional;delegacia;uop
617323;27/07/2024;sábado;22:50:00;GO;60;89,9;ANAPOLIS;Ingestão de álcool pelo condutor;Saída de leito carroçável;Sem Vítimas;Plena Noite;Crescente;Céu Claro;Dupla;Reta;Sim;1;0;0;0;1;0;0;1;-16,3367;-48,8957;SPRF-GO;DEL02-GO;UOP01-DEL02-GO
617324;27/07/2024;sábado;21:50:00;PR;277;56;SAO JOSE DOS PINHAIS;Retorno proibido;Colisão transversal;Com Vítimas Feridas;Plena Noite;Crescente;Céu Claro;Dupla;Reta;Não;6;0;3;2;0;1;5;2;-25,58612344;-48,95485311;SPRF-PR;DEL01-PR;UOP01-DEL01-PR
617330;27/07/2024;sábado;21:40:00;GO;153;574,9;PROFESSOR JAMIL;Condutor Dormindo;Saída de leito carroçável;Com Vítimas Feridas;Plena Noite;Crescente;Céu Claro;Dupla;Curva;Não;1;0;1;0;0;0;1;1;-17,3387;-49,2399;SPRF-GO;DEL03-GO;UOP01-DEL03-GO
617331;27/07/2024;sábado;23:10:00;MG;381;507,9;SAO JOAQUIM DE BICAS;Ausência de reação do condutor;Colisão com objeto;Com Vítimas Feridas;Plena Noite;Decrescente;Céu Claro;Dupla;Reta;Não;1;0;1;0;0;0;1;1;-20,05643192;-44,28663308;SPRF-MG;DEL01-MG;UOP03-DEL01-MG
617333;27/07/2024;sábado;22:56:00;ES;101;257,5;SERRA;Acessar a via sem observar a presença dos outros veículos;Colisão transversal;Com Vítimas Feridas;Plena Noite;Crescente;Céu Claro;Dupla;"Declive;Retorno Regulamentado";Sim;2;0;0;1;0;1;1;2;-20,12455095;-40,30331881;SPRF-ES;DEL02-ES;UOP01-DEL02-ES
617335;27/07/2024;sábado;23:50:00;MG;381;508;SAO JOAQUIM DE BICAS;Ingestão de álcool pelo condutor;Colisão transversal;Com Vítimas Feridas;Plena Noite;Crescente;Céu Claro;Múltipla;"Curva;Aclive";Sim;6;0;1;0;5;0;1;2;-20,07738209;-44,30434488;SPRF-MG;DEL01-MG;UOP03-DEL01-MG
617336;27/07/2024;sábado;21:40:00;MG;116;191;CARAI;Reação tardia ou ineficiente do condutor;Colisão lateral sentido oposto;Com Vítimas Fatais;Plena Noite;Decrescente;Nublado;Simples;Reta;Não;3;1;0;0;1;1;0;3;-17,17155195;-41,49657713;SPRF-MG;DEL11-MG;UOP01-DEL11-MG
617337;27/07/2024;sábado;23:11:00;MS;163;262;DOURADOS;Acesso irregular;Saída de leito carroçável;Sem Vítimas;Plena Noite;Crescente;Céu Claro;Dupla;Reta;Sim;1;0;0;0;1;0;0;1;-22,2352256;-54,75663316;SPRF-MS;DEL04-MS;UOP01-DEL04-MS
617340;27/07/2024;sábado;21:00:00;MG;116;404,1;GOVERNADOR VALADARES;Ultrapassagem Indevida;Colisão frontal;Com Vítimas Feridas;Plena Noite;Decrescente;Céu Claro;Simples;Curva;Não;4;0;2;2;0;0;4;2;-18,81054997;-41,98453386;SPRF-MG;DEL06-MG;UOP01-DEL06-MG
617343;28/07/2024;domingo;00:01:00;DF;70;15;BRASILIA;Reação tardia ou ineficiente do condutor;Capotamento;Com Vítimas Feridas;Plena Noite;Crescente;Céu Claro;Dupla;Reta;Não;3;0;1;0;2;0;1;1;-15,798888;-48,185043;SPRF-DF;DEL03-DF;UOP02-DEL03-DF
617344;27/07/2024;sábado;23:44:00;GO;251;26;CRISTALINA;Velocidade Incompatível;Saída de leito carroçável;Com Vítimas Feridas;Plena Noite;Crescente;Céu Claro;Simples;Reta;Não;1;0;1;0;0;0;1;1;-16,10610344;-47,49477642;SPRF-DF;DEL01-DF;UOP01-DEL01-DF
617346;27/07/2024;sábado;23:20:00;RJ;40;109;DUQUE DE CAXIAS;Ausência de reação do condutor;Atropelamento de Pedestre;Com Vítimas Feridas;Plena Noite;Crescente;Nublado;Múltipla;Reta;Sim;2;0;1;0;1;0;1;2;-22,67374628;-43,28638368;SPRF-RJ;DEL01-RJ;UOP02-DEL01-RJ
617347;27/07/2024;sábado;20:30:00;RJ;495;28;PETROPOLIS;Transitar na contramão;Colisão transversal;Com Vítimas Feridas;Plena Noite;Crescente;Céu Claro;Simples;Interseção de Vias;Sim;2;0;1;1;0;0;2;2;-22,396297;-43,120255;SPRF-RJ;DEL05-RJ;UOP02-DEL05-RJ
617348;28/07/2024;domingo;01:00:00;PR;277;80;CURITIBA;Ingestão de álcool pelo condutor;Queda de ocupante de veículo;Com Vítimas Feridas;Plena Noite;Crescente;Nublado;Dupla;"Aclive;Reta";Não;1;0;1;0;0;0;1;1;-25,47954198;-49,20055389;SPRF-PR;DEL01-PR;UOP07-DEL01-PR
617349;27/07/2024;sábado;19:35:00;MG;381;654,5;SANTO ANTONIO DO AMPARO;Animais na Pista;Atropelamento de Animal;Com Vítimas Feridas;Plena Noite;Decrescente;Céu Claro;Dupla;Reta;Não;2;0;2;0;0;0;2;1;-20,99437964;-44,96041633;SPRF-MG;DEL04-MG;UOP02-DEL04-MG
617350;28/07/2024;domingo;02:08:00;SP;116;218;GUARULHOS;Ausência de reação do condutor;Colisão lateral mesmo sentido;Com Vítimas Feridas;Plena Noite;Crescente;Céu Claro;Dupla;Reta;Sim;2;0;1;0;0;1;1;2;-23,457972;-46,479927;SPRF-SP;DEL01-SP;UOP01-DEL01-SP
617351;28/07/2024;domingo;00:40:00;SC;282;149,9;BOM RETIRO;Transitar na contramão;Colisão frontal;Com Vítimas Feridas;Plena Noite;Crescente;Nevoeiro/Neblina;Simples;Reta;Não;4;0;2;0;2;0;2;2;-27,775295;-49,655903;SPRF-SC;DEL05-SC;UOP01-DEL05-SC
617352;28/07/2024;domingo;01:50:00;PA;230;121;MARABA;Condutor desrespeitou a iluminação vermelha do semáforo;Colisão transversal;Com Vítimas Feridas;Plena Noite;Crescente;Céu Claro;Dupla;"Interseção de Vias;Retorno Regulamentado";Sim;2;0;1;0;1;0;1;2;-5,36390421;-49,12461519;SPRF-PA;DEL03-PA;UOP01-DEL03-PA
617355;28/07/2024;domingo;01:20:00;PR;277;115;CAMPO LARGO;Ingestão de álcool pelo condutor;Colisão com objeto;Sem Vítimas;Plena Noite;Crescente;Céu Claro;Dupla;Reta;Sim;1;0;0;0;1;0;0;1;-25,43041215;-49,39663893;SPRF-PR;DEL03-PR;UOP03-DEL03-PR
617357;28/07/2024;domingo;03:00:00;PR;476;160,5;ARAUCARIA;Transitar na contramão;Colisão lateral sentido oposto;Sem Vítimas;Plena Noite;Crescente;Céu Claro;Simples;Reta;Sim;2;0;0;0;2;0;0;2;-25,62034;-49,443821;SPRF-PR;DEL01-PR;UOP06-DEL01-PR
617359;28/07/2024;domingo;03:45:00;SC;101;83;BARRA VELHA;Ingestão de álcool pelo condutor;Saída de leito carroçável;Sem Vítimas;Plena Noite;Decrescente;Céu Claro;Dupla;Reta;Não;2;0;0;0;2;0;0;1;-26,61865655;-48,71834126;SPRF-SC;DEL03-SC;UOP02-DEL03-SC
617360;28/07/2024;domingo;04:20:00;RS;116;270;CANOAS;Ingestão de álcool pelo condutor;Colisão com objeto;Sem Vítimas;Plena Noite;Decrescente;Céu Claro;Múltipla;Reta;Sim;1;0;0;0;1;0;0;1;-29,96839095;-51,17623895;SPRF-RS;DEL01-RS;UOP01-DEL01-RS
617361;28/07/2024;domingo;03:00:00;MG;116;52,8;MEDINA;Transitar na contramão;Colisão frontal;Com Vítimas Feridas;Plena Noite;Crescente;Céu Claro;Simples;Curva;Não;5;0;0;1;4;0;1;2;-16,07331101;-41,44760682;SPRF-MG;DEL11-MG;UOP02-DEL11-MG
617362;28/07/2024;domingo;04:35:00;PB;101;42,9;MAMANGUAPE;Ingestão de álcool pelo condutor;Queda de ocupante de veículo;Com Vítimas Feridas;Amanhecer;Decrescente;Nublado;Dupla;"Declive;Reta";Não;1;0;1;0;0;0;1;1;-6,856615;-35,13444297;SPRF-PB;DEL01-PB;UOP04-DEL01-PB
617363;28/07/2024;domingo;04:50:00;SP;116;222;GUARULHOS;Ausência de reação do condutor;Colisão traseira;Com Vítimas Feridas;Amanhecer;Decrescente;Céu Claro;Múltipla;Reta;Sim;2;0;1;0;1;0;1;2;-23,47093408;-46,51631097;SPRF-SP;DEL01-SP;UOP01-DEL01-SP
617364;28/07/2024;domingo;04:30:00;GO;153;366,5;JARAGUA;Ausência de reação do condutor;Saída de leito carroçável;Com Vítimas Feridas;Plena Noite;Crescente;Céu Claro;Simples;Reta;Não;1;0;1;0;0;0;1;1;-15,799685;-49,300167;SPRF-GO;DEL02-GO;UOP02-DEL02-GO
617365;28/07/2024;domingo;05:14:00;PE;101;69;RECIFE;Condutor Dormindo;Colisão traseira;Sem Vítimas;Amanhecer;Decrescente;Céu Claro;Dupla;Reta;Sim;3;0;0;0;2;1;0;3;-8,05951606;-34,94581024;SPRF-PE;DEL01-PE;UOP01-DEL01-PE
617366;28/07/2024;domingo;04:20:00;PR;376;4;MANDAGUARI;Reação tardia ou ineficiente do condutor;Colisão traseira;Com Vítimas Feridas;Amanhecer;Crescente;Céu Claro;Simples;Reta;Sim;2;0;1;0;0;1;1;2;-23,547966;-51,671265;SPRF-PR;DEL07-PR;UOP03-DEL07-PR
617368;28/07/2024;domingo;05:20:00;BA;101;256;CONCEICAO DO ALMEIDA;Velocidade Incompatível;Saída de leito carroçável;Sem Vítimas;Amanhecer;Crescente;Nublado;Simples;Curva;Não;1;0;0;0;0;1;0;1;-12,93219426;-39,25363326;SPRF-BA;DEL01-BA;UOP02-DEL01-BA
617369;27/07/2024;sábado;19:00:00;PI;235;310;GILBUES;Animais na Pista;Atropelamento de Animal;Com Vítimas Fatais;Plena Noite;Crescente;Céu Claro;Simples;Reta;Não;2;1;1;0;0;0;1;1;-9,76759;-45,31834;SPRF-PI;DEL03-PI;UOP02-DEL03-PI
617370;28/07/2024;domingo;06:27:00;TO;153;281;BRASILANDIA DO TOCANTINS;Reação tardia ou ineficiente do condutor;Colisão traseira;Com Vítimas Feridas;Pleno dia;Crescente;Céu Claro;Simples;Reta;Sim;2;0;0;2;0;0;2;2;-8,36343995;-48,48710916;SPRF-TO;DEL02-TO;UOP02-DEL02-TO
617371;28/07/2024;domingo;05:45:00;SC;101;136;BALNEARIO CAMBORIU;Ingestão de álcool pelo condutor;Capotamento;Sem Vítimas;Plena Noite;Crescente;Céu Claro;Múltipla;Reta;Não;1;0;0;0;1;0;0;1;-27,008113;-48,617245;SPRF-SC;DEL04-SC;UOP03-DEL04-SC
617372;27/07/2024;sábado;22:45:00;SC;153;4;AGUA DOCE;Ausência de reação do condutor;Tombamento;Sem Vítimas;Plena Noite;Crescente;Garoa/Chuvisco;Simples;Curva;Não;1;0;0;0;0;1;0;1;-26,635151;-51,508949;SPRF-SC;DEL07-SC;UOP07-DEL07-SC
617374;28/07/2024;domingo;06:00:00;PB;230;17;JOAO PESSOA;Ingestão de álcool pelo condutor;Colisão com objeto;Sem Vítimas;Pleno dia;Crescente;Céu Claro;Dupla;Curva;Sim;1;0;0;0;0;1;0;1;-7,1121;-34,8426;SPRF-PB;DEL01-PB;UOP01-DEL01-PB
617375;28/07/2024;domingo;05:50:00;MG;381;941;EXTREMA;Ingestão de álcool pelo condutor;Capotamento;Sem Vítimas;Amanhecer;Decrescente;Céu Claro;Dupla;"Aclive;Reta";Não;1;0;0;0;0;1;0;1;-22,82523822;-46,31046295;SPRF-MG;DEL16-MG;UOP03-DEL16-MG
617376;28/07/2024;domingo;00:30:00;BA;110;71,7;JEREMOABO;Reação tardia ou ineficiente do condutor;Capotamento;Com Vítimas Feridas;Plena Noite;Crescente;Nublado;Simples;Curva;Não;2;0;1;1;0;0;2;1;-10,05964393;-38,34385813;SPRF-BA;DEL07-BA;UOP01-DEL07-BA
617377;28/07/2024;domingo;06:40:00;RS;116;263;CANOAS;Reação tardia ou ineficiente do condutor;Colisão com objeto;Com Vítimas Feridas;Amanhecer;Decrescente;Garoa/Chuvisco;Dupla;Reta;Sim;1;0;1;0;0;0;1;1;-29,90545398;-51,17674031;SPRF-RS;DEL01-RS;UOP01-DEL01-RS
617379;28/07/2024;domingo;05:10:00;MS;163;729;COXIM;Condutor Dormindo;Saída de leito carroçável;Sem Vítimas;Amanhecer;Crescente;Céu Claro;Simples;Reta;Sim;1;0;0;0;0;1;0;1;-18,5185741;-54,73823162;SPRF-MS;DEL06-MS;UOP01-DEL06-MS
617380;28/07/2024;domingo;03:51:00;PI;222;127,4;BATALHA;Transitar na contramão;Colisão frontal;Com Vítimas Fatais;Plena Noite;Crescente;Céu Claro;Simples;Reta;Sim;2;1;0;0;0;1;0;2;-4,01742909;-42,08431009;SPRF-PI;DEL02-PI;UOP01-DEL02-PI
617381;28/07/2024;domingo;07:00:00;SE;235;5,5;NOSSA SENHORA DO SOCORRO;Mal súbito do condutor;Saída de leito carroçável;Com Vítimas Fatais;Pleno dia;Crescente;Céu Claro;Dupla;Reta;Sim;1;1;0;0;0;0;0;1;-10,9041;-37,1278;SPRF-SE;DEL01-SE;UOP01-DEL01-SE
617382;28/07/2024;domingo;02:15:00;RS;293;151;HULHA NEGRA;Ausência de reação do condutor;Saída de leito carroçável;Sem Vítimas;Plena Noite;Decrescente;Chuva;Simples;"Desvio Temporário;Curva";Não;1;0;0;0;1;0;0;1;-31,39675406;-53,77662002;SPRF-RS;DEL11-RS;UOP03-DEL11-RS
617383;27/07/2024;sábado;23:10:00;RJ;40;70;PETROPOLIS;Demais falhas mecânicas ou elétricas;Incêndio;Sem Vítimas;Plena Noite;Decrescente;Céu Claro;Dupla;Reta;Sim;2;0;0;0;2;0;0;1;-22,44906429;-43,19987784;SPRF-RJ;DEL05-RJ;UOP02-DEL05-RJ
617384;27/07/2024;sábado;20:00:00;ES;101;385,9;RIO NOVO DO SUL;Reação tardia ou ineficiente do condutor;Saída de leito carroçável;Com Vítimas Feridas;Plena Noite;Crescente;Nublado;Simples;Curva;Não;1;0;1;0;0;0;1;1;-20,83675912;-40,86790091;SPRF-ES;DEL03-ES;UOP01-DEL03-ES
617385;28/07/2024;domingo;07:00:00;SP;381;86;GUARULHOS;Reação tardia ou ineficiente do condutor;Colisão lateral mesmo sentido;Com Vítimas Feridas;Amanhecer;Crescente;Céu Claro;Múltipla;Curva;Sim;2;0;1;0;1;0;1;2;-23,45930499;-46,57161179;SPRF-SP;DEL03-SP;UOP01-DEL03-SP
617386;27/07/2024;sábado;23:20:00;GO;153;618;MORRINHOS;Demais falhas mecânicas ou elétricas;Incêndio;Sem Vítimas;Plena Noite;Crescente;Céu Claro;Dupla;Reta;Não;2;0;0;0;2;0;0;1;-17,7039;-49,1552;SPRF-GO;DEL03-GO;UOP01-DEL03-GO
617387;28/07/2024;domingo;07:10:00;PE;101;70;RECIFE;Entrada inopinada do pedestre;Atropelamento de Pedestre;Com Vítimas Feridas;Pleno dia;Crescente;Nublado;Múltipla;Reta;Sim;2;0;0;1;1;0;1;2;-8,06776119;-34,94265074;SPRF-PE;DEL01-PE;UOP01-DEL01-PE
617389;28/07/2024;domingo;05:07:00;PB;101;84,2;BAYEUX;Condutor Dormindo;Saída de leito carroçável;Sem Vítimas;Pleno dia;Crescente;Garoa/Chuvisco;Dupla;Reta;Sim;1;0;0;0;0;1;0;1;-7,13957906;-34,92312806;SPRF-PB;DEL01-PB;UOP01-DEL01-PB
617390;28/07/2024;domingo;05:20:00;RJ;116;234;PIRAI;Avarias e/ou desgaste excessivo no pneu;Queda de ocupante de veículo;Com Vítimas Feridas;Amanhecer;Crescente;Céu Claro;Dupla;Curva;Sim;2;0;1;0;1;0;1;1;-22,66632663;-43,84704988;SPRF-RJ;DEL07-RJ;UOP01-DEL07-RJ
617391;28/07/2024;domingo;06:40:00;RS;287;400,8;SANTIAGO;Ingestão de álcool pelo condutor;Saída de leito carroçável;Sem Vítimas;Amanhecer;Crescente;Nublado;Simples;Interseção de Vias;Sim;1;0;0;0;1;0;0;1;-29,16170469;-54,87892771;SPRF-RS;DEL12-RS;UOP02-DEL12-RS
617392;28/07/2024;domingo;04:50:00;RS;116;254;SAPUCAIA DO SUL;Ausência de reação do condutor;Colisão com objeto;Sem Vítimas;Pleno dia;Crescente;Chuva;Simples;Reta;Sim;2;0;0;0;0;2;0;2;-29,8302668;-51,1747241;SPRF-RS;DEL01-RS;UOP02-DEL01-RS
617393;28/07/2024;domingo;06:58:00;MG;50;8;ARAGUARI;Ingestão de álcool pelo condutor;Saída de leito carroçável;Com Vítimas Feridas;Amanhecer;Crescente;Céu Claro;Dupla;Declive;Não;1;0;1;0;0;0;1;1;-18,48857586;-48,04613852;SPRF-MG;DEL15-MG;UOP02-DEL15-MG
617394;28/07/2024;domingo;06:30:00;MG;381;700;LAVRAS;Condutor Dormindo;Colisão com objeto;Com Vítimas Feridas;Amanhecer;Decrescente;Céu Claro;Dupla;"Curva;Aclive";Não;1;0;1;0;0;0;1;1;-21,31137883;-45,16451703;SPRF-MG;DEL04-MG;UOP02-DEL04-MG
617395;28/07/2024;domingo;07:45:00;BA;324;621,8;SALVADOR;Pista Escorregadia;Saída de leito carroçável;Com Vítimas Feridas;Pleno dia;Crescente;Chuva;Dupla;"Declive;Curva";Sim;1;0;1;0;0;0;1;1;-12,927485;-38,468504;SPRF-BA;DEL01-BA;UOP01-DEL01-BA
617396;28/07/2024;domingo;07:00:00;RS;116;263;CANOAS;Ingestão de álcool pelo condutor;Colisão com objeto;Com Vítimas Feridas;Pleno dia;Decrescente;Nublado;Dupla;Reta;Sim;1;0;1;0;0;0;1;1;-29,90545398;-51,17674031;SPRF-RS;DEL01-RS;UOP01-DEL01-RS
617397;28/07/2024;domingo;07:50:00;SC;282;3;FLORIANOPOLIS;Manobra de mudança de faixa;Colisão traseira;Com Vítimas Feridas;Pleno dia;Crescente;Sol;Múltipla;Reta;Sim;2;0;1;0;1;0;1;2;-27,600384;-48,599705;SPRF-SC;DEL01-SC;UOP01-DEL01-SC
617398;28/07/2024;domingo;08:00:00;BA;135;131;RIACHAO DAS NEVES;Reação tardia ou ineficiente do condutor;Saída de leito carroçável;Com Vítimas Feridas;Pleno dia;Decrescente;Céu Claro;Simples;Reta;Não;3;0;1;0;2;0;1;1;-11,80196188;-44,87450291;SPRF-BA;DEL08-BA;N/A
617399;28/07/2024;domingo;08:40:00;PE;101;48;ABREU E LIMA;Frear bruscamente;Colisão traseira;Sem Vítimas;Pleno dia;Crescente;Céu Claro;Múltipla;Reta;Sim;7;0;0;0;7;0;0;2;-7,892749;-34,903542;SPRF-PE;DEL01-PE;UOP02-DEL01-PE
617400;28/07/2024;domingo;08:30:00;PR;116;130;FAZENDA RIO GRANDE;Velocidade Incompatível;Colisão com objeto;Com Vítimas Feridas;Pleno dia;Decrescente;Céu Claro;Dupla;Reta;Sim;5;0;1;0;4;0;1;2;-25,63927799;-49,31302988;SPRF-PR;DEL01-PR;UOP03-DEL01-PR
617404;28/07/2024;domingo;09:00:00;SP;116;136;SAO JOSE DOS CAMPOS;Ausência de reação do condutor;Colisão com objeto;Sem Vítimas;Pleno dia;Decrescente;Céu Claro;Dupla;Reta;Sim;3;0;0;0;0;3;0;2;-23,14874471;-45,77863714;SPRF-SP;DEL02-SP;UOP01-DEL02-SP
617406;28/07/2024;domingo;07:50:00;SC;282;525;XAXIM;Reação tardia ou ineficiente do condutor;Saída de leito carroçável;Sem Vítimas;Pleno dia;Decrescente;Garoa/Chuvisco;Simples;Curva;Não;1;0;0;0;0;1;0;1;-26,965441;-52,566383;SPRF-SC;DEL07-SC;UOP01-DEL07-SC
617409;28/07/2024;domingo;10:05:00;MG;40;444,4;PARAOPEBA;Velocidade Incompatível;Saída de leito carroçável;Com Vítimas Feridas;Pleno dia;Decrescente;Céu Claro;Dupla;"Curva;Aclive";Não;1;0;0;1;0;0;1;1;-19,28815;-44,392;SPRF-MG;DEL02-MG;UOP01-DEL02-MG
617410;28/07/2024;domingo;07:35:00;RS;101;43;TERRA DE AREIA;Condutor Dormindo;Tombamento;Com Vítimas Feridas;Pleno dia;Decrescente;Nevoeiro/Neblina;Dupla;Reta;Sim;2;0;1;0;1;0;1;1;-29,55749023;-50,0407578;SPRF-RS;DEL03-RS;UOP02-DEL03-RS
617411;28/07/2024;domingo;10:00:00;MG;262;356;BETIM;Manobra de mudança de faixa;Colisão lateral mesmo sentido;Com Vítimas Feridas;Pleno dia;Decrescente;Céu Claro;Dupla;"Reta;Declive";Não;2;0;1;0;1;0;1;2;-19,96890716;-44,18104581;SPRF-MG;DEL01-MG;UOP03-DEL01-MG
617412;28/07/2024;domingo;10:10:00;ES;101;270;SERRA;Manobra de mudança de faixa;Colisão lateral mesmo sentido;Com Vítimas Feridas;Pleno dia;Decrescente;Céu Claro;Múltipla;Reta;Sim;4;0;2;0;1;1;2;3;-20,22662056;-40,27075088;SPRF-ES;DEL02-ES;UOP01-DEL02-ES
617413;28/07/2024;domingo;10:30:00;MG;40;551,5;NOVA LIMA;Ausência de reação do condutor;Colisão lateral mesmo sentido;Com Vítimas Feridas;Pleno dia;Crescente;Céu Claro;Dupla;Reta;Sim;2;0;0;1;1;0;1;2;-20,05411435;-43,97101875;SPRF-MG;DEL01-MG;UOP02-DEL01-MG
617415;28/07/2024;domingo;11:20:00;PR;277;584,3;CASCAVEL;Manobra de mudança de faixa;Tombamento;Com Vítimas Feridas;Pleno dia;Decrescente;Chuva;Múltipla;"Declive;Interseção de Vias";Sim;1;0;1;0;0;0;1;1;-24,96449;-53,40849;SPRF-PR;DEL04-PR;UOP01-DEL04-PR
617419;28/07/2024;domingo;11:20:00;MG;381;501;BETIM;Condutor deixou de manter distância do veículo da frente;Colisão traseira;Com Vítimas Feridas;Pleno dia;Decrescente;Céu Claro;Dupla;Reta;Não;2;0;1;0;1;0;1;2;-20,00914119;-44,21715975;SPRF-MG;DEL01-MG;UOP03-DEL01-MG
617420;28/07/2024;domingo;12:00:00;MG;381;921,5;CAMANDUCAIA;Velocidade Incompatível;Tombamento;Com Vítimas Feridas;Pleno dia;Crescente;Céu Claro;Dupla;"Declive;Curva";Não;1;0;0;1;0;0;1;1;-22,76257239;-46,16982347;SPRF-MG;DEL16-MG;UOP03-DEL16-MG
617421;28/07/2024;domingo;10:45:00;PA;230;4;ALTAMIRA;Reação tardia ou ineficiente do condutor;Colisão traseira;Com Vítimas Feridas;Pleno dia;Decrescente;Céu Claro;Simples;"Interseção de Vias;Reta";Sim;4;0;2;0;1;1;2;3;-3,1923751;-52,22195506;SPRF-PA;DEL03-PA;UOP01-DEL03-PA
617423;28/07/2024;domingo;12:00:00;PI;316;10;TERESINA;Desrespeitar a preferência no cruzamento;Colisão transversal;Com Vítimas Feridas;Pleno dia;Crescente;Céu Claro;Múltipla;Rotatória;Sim;3;0;3;0;0;0;3;2;-5,18280197;-42,76350291;SPRF-PI;DEL01-PI;UOP02-DEL01-PI
617424;28/07/2024;domingo;08:00:00;MG;116;497;INHAPIM;Reação tardia ou ineficiente do condutor;Saída de leito carroçável;Sem Vítimas;Pleno dia;Decrescente;Céu Claro;Simples;Reta;Não;1;0;0;0;1;0;0;1;-19,53642905;-42,12651952;SPRF-MG;DEL06-MG;UOP02-DEL06-MG
617425;28/07/2024;domingo;10:20:00;RJ;393;258;BARRA DO PIRAI;Reação tardia ou ineficiente do condutor;Tombamento;Com Vítimas Feridas;Pleno dia;Crescente;Sol;Simples;Curva;Sim;1;0;1;0;0;0;1;1;-22,4665644;-43,85777003;SPRF-RJ;DEL05-RJ;UOP04-DEL05-RJ
617426;28/07/2024;domingo;12:15:00;SP;381;55;ATIBAIA;Ausência de reação do condutor;Colisão traseira;Com Vítimas Feridas;Pleno dia;Crescente;Céu Claro;Dupla;Reta;Sim;5;0;1;0;4;0;1;4;-23,25207404;-46,59480386;SPRF-SP;DEL03-SP;UOP01-DEL03-SP
617427;13/07/2024;sábado;13:50:00;RJ;40;75;PETROPOLIS;Demais falhas mecânicas ou elétricas;Colisão com objeto;Sem Vítimas;Pleno dia;Crescente;Ignorado;Simples;Reta;Não;1;0;0;0;1;0;0;1;-22,46857126;-43,22958698;SPRF-RJ;DEL01-RJ;UOP01-DEL01-RJ
617428;28/07/2024;domingo;10:15:00;PE;104;129,8;QUIPAPA;Reação tardia ou ineficiente do condutor;Saída de leito carroçável;Com Vítimas Feridas;Pleno dia;Crescente;Céu Claro;Simples;Curva;Não;1;0;0;1;0;0;1;1;-8,769944;-36,024506;SPRF-PE;DEL02-PE;UOP03-DEL02-PE
617429;28/07/2024;domingo;11:58:00;MG;40;625,9;CONSELHEIRO LAFAIETE;Velocidade Incompatível;Colisão lateral mesmo sentido;Com Vítimas Feridas;Pleno dia;Decrescente;Céu Claro;Simples;Reta;Sim;4;0;2;0;2;0;2;2;-20,61943389;-43,80624635;SPRF-MG;DEL05-MG;UOP02-DEL05-MG
617431;28/07/2024;domingo;11:30:00;MG;262;790;UBERABA;Demais falhas mecânicas ou elétricas;Incêndio;Com Vítimas Feridas;Pleno dia;Decrescente;Céu Claro;Simples;"Reta;Ponte";Não;3;0;1;0;2;0;1;1;-19,76179377;-47,84979004;SPRF-MG;DEL13-MG;UOP01-DEL13-MG
617433;28/07/2024;domingo;13:45:00;ES;101;251;SERRA;Ausência de reação do condutor;Colisão traseira;Com Vítimas Feridas;Pleno dia;Decrescente;Céu Claro;Simples;Reta;Não;2;0;1;0;1;0;1;2;-20,0879949;-40,34351677;SPRF-ES;DEL02-ES;UOP01-DEL02-ES
617434;28/07/2024;domingo;14:00:00;MG;40;558;NOVA LIMA;Ausência de reação do condutor;Colisão traseira;Com Vítimas Feridas;Pleno dia;Decrescente;Céu Claro;Dupla;Reta;Não;3;0;1;0;2;0;1;2;-20,11082646;-43,97221642;SPRF-MG;DEL01-MG;UOP02-DEL01-MG
617436;28/07/2024;domingo;13:45:00;MG;365;672,5;MONTE ALEGRE DE MINAS;Reação tardia ou ineficiente do condutor;Saída de leito carroçável;Com Vítimas Feridas;Pleno dia;Crescente;Céu Claro;Dupla;Reta;Não;2;0;2;0;0;0;2;1;-18,87383013;-48,75091309;SPRF-MG;DEL15-MG;UOP01-DEL15-MG
617437;28/07/2024;domingo;11:24:00;MT;364;1,2;ALTO ARAGUAIA;Desrespeitar a preferência no cruzamento;Colisão transversal;Com Vítimas Feridas;Pleno dia;Crescente;Céu Claro;Dupla;Reta;Sim;2;0;1;0;1;0;1;2;-17,31227325;-53,21828343;SPRF-MT;DEL02-MT;UOP02-DEL02-MT
617438;28/07/2024;domingo;12:50:00;RS;293;90;PIRATINI;Demais falhas mecânicas ou elétricas;Incêndio;Sem Vítimas;Pleno dia;Decrescente;Nublado;Simples;Reta;Não;1;0;0;0;1;0;0;1;-31,636463;-53,217259;SPRF-RS;DEL07-RS;UOP01-DEL07-RS
617439;28/07/2024;domingo;13:00:00;MG;40;520;CONTAGEM;Condutor deixou de manter distância do veículo da frente;Colisão traseira;Com Vítimas Feridas;Pleno dia;Crescente;Céu Claro;Dupla;Reta;Não;3;0;1;0;1;1;1;2;-19,84761911;-44,07276144;SPRF-MG;DEL01-MG;UOP02-DEL01-MG
617441;28/07/2024;domingo;08:10:00;AM;319;704,3;HUMAITA;Acumulo de areia ou detritos sobre o pavimento;Saída de leito carroçável;Com Vítimas Feridas;Pleno dia;Decrescente;Céu Claro;Simples;"Reta;Em Obras";Não;3;0;3;0;0;0;3;1;-7,75260292;-63,14033815;SPRF-AM;DEL01-AM;UOP05-DEL01-AM
617442;28/07/2024;domingo;14:15:00;SP;116;1;GUARULHOS;Reação tardia ou ineficiente do condutor;Colisão traseira;Com Vítimas Feridas;Pleno dia;Crescente;Sol;Múltipla;Reta;Sim;3;0;1;0;1;1;1;3;-23,46143954;-46,48885316;SPRF-SP;DEL01-SP;UOP01-DEL01-SP
617445;28/07/2024;domingo;13:10:00;SP;116;142,9;SAO JOSE DOS CAMPOS;Acessar a via sem observar a presença dos outros veículos;Colisão traseira;Com Vítimas Feridas;Pleno dia;Decrescente;Céu Claro;Dupla;Reta;Sim;2;0;1;0;1;0;1;2;-23,17426078;-45,82940111;SPRF-SP;DEL02-SP;UOP01-DEL02-SP