id;data_inversa;dia_semana;horario;uf;br;km;municipio;causa_acidente;tipo_acidente;classificacao_acidente;fase_dia;sentido_via;condicao_metereologica;tipo_pista;tracado_via;uso_solo;pessoas;mortos;feridos_leves;feridos_graves;ilesos;ignorados;feridos;veiculos;latitude;longitude;regional;delegacia;uop
617446;11/05/2024;sábado;07:39:00;AC;364;135;RIO BRANCO;Desrespeitar a preferência no cruzamento;Queda de ocupante de veículo;Com Vítimas Feridas;Pleno dia;Crescente;Ignorado;Dupla;Rotatória;Sim;2;0;0;1;0;1;1;2;-9,97752588;-67,84890175;SPRF-AC;DEL01-AC;UOP01-DEL01-AC
617448;28/07/2024;domingo;14:45:00;SC;101;210;SAO JOSE;Reação tardia ou ineficiente do condutor;Colisão traseira;Com Vítimas Feridas;Pleno dia;Decrescente;Nublado;Múltipla;Reta;Sim;4;0;1;0;3;0;1;3;-27,6167305;-48,6457265;SPRF-SC;DEL01-SC;UOP01-DEL01-SC
617449;28/07/2024;domingo;15:00:00;MG;116;415;GOVERNADOR VALADARES;Pedestre cruzava a pista fora da faixa;Atropelamento de Pedestre;Com Vítimas Feridas;Pleno dia;Crescente;Céu Claro;Simples;Reta;Sim;2;0;0;1;1;0;1;2;-18,88401297;-41,94924399;SPRF-MG;DEL06-MG;UOP01-DEL06-MG
617450;28/07/2024;domingo;14:00:00;SC;470;10,1;NAVEGANTES;Ausência de reação do condutor;Colisão transversal;Com Vítimas Feridas;Pleno dia;Crescente;Nublado;Simples;Interseção de Vias;Não;4;0;3;0;1;0;3;2;-26,833693;-48,73724;SPRF-SC;DEL04-SC;UOP04-DEL04-SC
617451;28/07/2024;domingo;08:00:00;AM;174;1020;PRESIDENTE FIGUEIREDO;Ingestão de álcool pelo condutor;Colisão com objeto;Com Vítimas Feridas;Pleno dia;Crescente;Céu Claro;Simples;Reta;Não;1;0;1;0;0;0;1;1;-1,827651;-60,13339;SPRF-AM;DEL01-AM;UOP02-DEL01-AM
617452;28/07/2024;domingo;13:00:00;MG;40;1,9;PARACATU;Demais falhas mecânicas ou elétricas;Incêndio;Sem Vítimas;Pleno dia;Crescente;Céu Claro;Simples;Reta;Não;1;0;0;0;1;0;0;1;-17,0393101;-47,15073305;SPRF-MG;DEL14-MG;UOP01-DEL14-MG
617456;28/07/2024;domingo;15:38:00;SC;101;207,3;SAO JOSE;Condutor deixou de manter distância do veículo da frente;Colisão traseira;Com Vítimas Feridas;Pleno dia;Crescente;Céu Claro;Múltipla;Reta;Sim;4;0;2;0;2;0;2;2;-27,60001226;-48,6226467;SPRF-SC;DEL01-SC;UOP01-DEL01-SC
617459;12/07/2024;sexta-feira;23:00:00;GO;40;3;VALPARAISO DE GOIAS;Ausência de reação do condutor;Colisão lateral mesmo sentido;Sem Vítimas;Plena Noite;Crescente;Céu Claro;Dupla;Reta;Não;1;0;0;0;1;0;0;1;-16,076081;-47,985671;SPRF-DF;DEL01-DF;UOP01-DEL01-DF
617460;28/07/2024;domingo;15:40:00;RJ;116;188;NOVA IGUACU;Condutor Dormindo;Capotamento;Com Vítimas Feridas;Pleno dia;Crescente;Céu Claro;Dupla;Reta;Sim;2;0;1;0;1;0;1;2;-22,74336498;-43,50496948;SPRF-RJ;DEL06-RJ;UOP01-DEL06-RJ
617461;28/07/2024;domingo;06:10:00;GO;40;73,9;CRISTALINA;Acumulo de óleo sobre o pavimento;Queda de ocupante de veículo;Com Vítimas Feridas;Amanhecer;Crescente;Céu Claro;Dupla;"Curva;Aclive";Não;1;0;1;0;0;0;1;1;-16,621476;-47,748846;SPRF-DF;DEL01-DF;UOP02-DEL01-DF
617464;28/07/2024;domingo;15:45:00;MG;381;502;BETIM;Manobra de mudança de faixa;Colisão traseira;Com Vítimas Feridas;Pleno dia;Decrescente;Céu Claro;Dupla;Reta;Não;3;0;2;0;1;0;2;2;-20,03619694;-44,24586303;SPRF-MG;DEL01-MG;UOP03-DEL01-MG
617465;28/07/2024;domingo;15:10:00;RJ;101;429;MANGARATIBA;Velocidade Incompatível;Colisão com objeto;Com Vítimas Feridas;Pleno dia;Crescente;Céu Claro;Simples;"Aclive;Curva";Não;1;0;1;0;0;0;1;1;-22,935335;-44,0004;SPRF-RJ;DEL03-RJ;UOP02-DEL03-RJ
617466;28/07/2024;domingo;16:15:00;SC;116;63;PAPANDUVA;Velocidade Incompatível;Colisão traseira;Sem Vítimas;Pleno dia;Decrescente;Céu Claro;Simples;Aclive;Não;3;0;0;0;3;0;0;2;-26,40644298;-50,22649816;SPRF-SC;DEL06-SC;UOP02-DEL06-SC
617467;28/07/2024;domingo;16:00:00;SC;101;186;BIGUACU;Reação tardia ou ineficiente do condutor;Colisão traseira;Com Vítimas Feridas;Pleno dia;Crescente;Nublado;Dupla;Reta;Não;4;0;1;0;3;0;1;2;-27,4341098;-48,62567129;SPRF-SC;DEL01-SC;UOP01-DEL01-SC
617469;28/07/2024;domingo;15:30:00;SC;282;26,8;SANTO AMARO DA IMPERATRIZ;Acessar a via sem observar a presença dos outros veículos;Colisão transversal;Com Vítimas Feridas;Pleno dia;Crescente;Céu Claro;Simples;Reta;Não;3;0;1;0;2;0;1;2;-27,67566916;-48,76780987;SPRF-SC;DEL01-SC;UOP03-DEL01-SC
617470;28/07/2024;domingo;16:00:00;RS;116;49,9;VACARIA;Velocidade Incompatível;Saída de leito carroçável;Sem Vítimas;Pleno dia;Decrescente;Chuva;Simples;"Aclive;Curva";Não;1;0;0;0;1;0;0;1;-28,56891356;-51,00387124;SPRF-RS;DEL05-RS;UOP03-DEL05-RS
617476;28/07/2024;domingo;16:40:00;RJ;116;109;GUAPIMIRIM;Reação tardia ou ineficiente do condutor;Saída de leito carroçável;Com Vítimas Feridas;Pleno dia;Crescente;Céu Claro;Dupla;Curva;Sim;2;0;1;0;1;0;1;1;-22,54280711;-42,98518617;SPRF-RJ;DEL04-RJ;UOP01-DEL04-RJ
617478;28/07/2024;domingo;16:40:00;MG;381;933,5;EXTREMA;Reação tardia ou ineficiente do condutor;Tombamento;Com Vítimas Feridas;Plena Noite;Crescente;Céu Claro;Dupla;Curva;Não;2;0;0;2;0;0;2;1;-22,81492017;-46,2920647;SPRF-MG;DEL16-MG;UOP03-DEL16-MG
617480;28/07/2024;domingo;17:25:00;MG;50;28;ARAGUARI;Reação tardia ou ineficiente do condutor;Colisão traseira;Com Vítimas Feridas;Pleno dia;Crescente;Céu Claro;Dupla;Reta;Não;2;0;1;0;1;0;1;1;-18,61851284;-48,1028889;SPRF-MG;DEL15-MG;UOP02-DEL15-MG
617484;28/07/2024;domingo;08:30:00;PR;277;197;PALMEIRA;Demais falhas mecânicas ou elétricas;Incêndio;Sem Vítimas;Pleno dia;Crescente;Céu Claro;Simples;Reta;Não;3;0;0;0;3;0;0;1;-25,44144283;-50,17659008;SPRF-PR;DEL08-PR;UOP02-DEL08-PR
617485;28/07/2024;domingo;17:35:00;SC;116;271,3;CAPAO ALTO;Entrada inopinada do pedestre;Atropelamento de Pedestre;Com Vítimas Feridas;Anoitecer;Crescente;Garoa/Chuvisco;Simples;"Aclive;Reta";Não;3;0;0;1;1;1;1;2;-27,97817032;-50,51046632;SPRF-SC;DEL05-SC;UOP02-DEL05-SC
617486;28/07/2024;domingo;16:45:00;CE;222;4;CAUCAIA;Ingestão de álcool pelo condutor;Colisão traseira;Sem Vítimas;Anoitecer;Decrescente;Céu Claro;Múltipla;Reta;Sim;3;0;0;0;3;0;0;3;-3,74164754;-38,60449792;SPRF-CE;DEL01-CE;UOP01-DEL01-CE
617487;28/07/2024;domingo;17:38:00;PB;361;18,5;SANTA TERESINHA;Ausência de reação do condutor;Saída de leito carroçável;Com Vítimas Feridas;Anoitecer;Decrescente;Céu Claro;Simples;Reta;Não;1;0;0;1;0;0;1;1;-7,06700484;-37,41014311;SPRF-PB;DEL03-PB;UOP01-DEL03-PB
617488;28/07/2024;domingo;17:30:00;SC;282;208;SAO JOSE;Ingestão de álcool pelo condutor;Colisão traseira;Sem Vítimas;Anoitecer;Crescente;Nublado;Dupla;"Reta;Interseção de Vias;Retorno Regulamentado";Sim;4;0;0;0;4;0;0;2;-27,60587717;-48,63521397;SPRF-SC;DEL05-SC;UOP01-DEL05-SC
617489;28/07/2024;domingo;17:45:00;RN;101;95,1;NATAL;Condutor deixou de manter distância do veículo da frente;Colisão traseira;Com Vítimas Feridas;Plena Noite;Decrescente;Céu Claro;Múltipla;Reta;Sim;2;0;1;0;1;0;1;2;-5,84129758;-35,2100873;SPRF-RN;DEL01-RN;UOP01-DEL01-RN
617490;28/07/2024;domingo;18:15:00;PB;230;174;CAMPINA GRANDE;Ingestão de álcool pelo condutor;Colisão frontal;Com Vítimas Feridas;Plena Noite;Crescente;Nublado;Simples;"Em Obras;Reta";Sim;4;0;1;2;1;0;3;3;-7,1794;-36,0164;SPRF-PB;DEL02-PB;UOP02-DEL02-PB
617491;28/07/2024;domingo;13:30:00;GO;153;16;PORANGATU;Demais falhas mecânicas ou elétricas;Queda de ocupante de veículo;Com Vítimas Feridas;Pleno dia;Crescente;Céu Claro;Simples;Reta;Não;2;0;2;0;0;0;2;1;-12,970815;-49,144413;SPRF-GO;DEL07-GO;UOP01-DEL07-GO
617492;28/07/2024;domingo;18:50:00;GO;414;406,5;ABADIANIA;Animais na Pista;Atropelamento de Animal;Com Vítimas Feridas;Plena Noite;Crescente;Céu Claro;Simples;Reta;Não;3;0;0;1;2;0;1;1;-16,02470219;-48,84286888;SPRF-GO;DEL02-GO;UOP01-DEL02-GO
617493;28/07/2024;domingo;18:45:00;PR;476;120,5;COLOMBO;Acessar a via sem observar a presença dos outros veículos;Colisão lateral mesmo sentido;Sem Vítimas;Plena Noite;Crescente;Céu Claro;Múltipla;"Interseção de Vias;Declive;Reta";Sim;2;0;0;0;2;0;0;2;-25,37191;-49,19146;SPRF-PR;DEL01-PR;UOP01-DEL01-PR
617494;28/07/2024;domingo;18:04:00;GO;60;19,8;ALEXANIA;Reação tardia ou ineficiente do condutor;Colisão traseira;Sem Vítimas;Anoitecer;Crescente;Céu Claro;Dupla;"Aclive;Reta";Não;9;0;0;0;9;0;0;2;-16,0963;-48,5202;SPRF-DF;DEL03-DF;UOP01-DEL03-DF
617495;28/07/2024;domingo;11:45:00;SC;153;58,8;IRANI;Desrespeitar a preferência no cruzamento;Colisão transversal;Com Vítimas Feridas;Pleno dia;Crescente;Céu Claro;Simples;"Interseção de Vias;Rotatória";Não;5;0;1;0;4;0;1;2;-26,96951725;-51,85476065;SPRF-SC;DEL07-SC;UOP04-DEL07-SC
617496;28/07/2024;domingo;18:40:00;BA;324;599;SIMOES FILHO;Ausência de reação do condutor;Capotamento;Com Vítimas Feridas;Plena Noite;Decrescente;Céu Claro;Dupla;Reta;Sim;6;0;1;0;5;0;1;2;-12,74194511;-38,43853918;SPRF-BA;DEL01-BA;UOP01-DEL01-BA
617497;28/07/2024;domingo;11:30:00;GO;153;275;NOVA GLORIA;Acessar a via sem observar a presença dos outros veículos;Colisão traseira;Com Vítimas Feridas;Pleno dia;Decrescente;Céu Claro;Simples;Reta;Não;6;0;3;0;2;1;3;2;-15,106764;-49,482746;SPRF-GO;DEL07-GO;UOP02-DEL07-GO
617498;28/07/2024;domingo;18:15:00;SC;101;164;TIJUCAS;Manobra de mudança de faixa;Colisão lateral mesmo sentido;Com Vítimas Feridas;Plena Noite;Decrescente;Céu Claro;Dupla;"Ponte;Aclive;Reta";Sim;3;0;1;0;2;0;1;2;-27,243868;-48,6309;SPRF-SC;DEL04-SC;UOP03-DEL04-SC
617499;28/07/2024;domingo;19:05:00;BA;324;515;FEIRA DE SANTANA;Pedestre - Ingestão de álcool/ substâncias psicoativas;Atropelamento de Pedestre;Com Vítimas Feridas;Plena Noite;Crescente;Céu Claro;Simples;Reta;Sim;2;0;0;1;1;0;1;2;-12,23547809;-38,94396807;SPRF-BA;DEL02-BA;UOP01-DEL02-BA
617500;28/07/2024;domingo;18:35:00;SP;381;88;GUARULHOS;Reação tardia ou ineficiente do condutor;Colisão com objeto;Com Vítimas Feridas;Plena Noite;Decrescente;Céu Claro;Dupla;Reta;Sim;1;0;0;1;0;0;1;1;-23,47469314;-46,56112919;SPRF-SP;DEL03-SP;UOP01-DEL03-SP
617501;28/07/2024;domingo;18:55:00;RS;153;46,7;ERECHIM;Ingestão de álcool pelo condutor;Colisão traseira;Com Vítimas Feridas;Plena Noite;Decrescente;Garoa/Chuvisco;Simples;"Aclive;Reta";Sim;3;0;0;1;2;0;1;2;-27,6394671;-52,24218389;SPRF-RS;DEL08-RS;UOP04-DEL08-RS
617502;28/07/2024;domingo;19:40:00;GO;40;7;VALPARAISO DE GOIAS;Acessar a via sem observar a presença dos outros veículos;Colisão transversal;Com Vítimas Feridas;Plena Noite;Decrescente;Céu Claro;Dupla;Reta;Sim;3;0;2;0;0;1;2;2;-16,108482;-47,972524;SPRF-DF;DEL01-DF;UOP01-DEL01-DF
617503;28/07/2024;domingo;18:05:00;MG;40;613,5;CONGONHAS;Velocidade Incompatível;Tombamento;Com Vítimas Fatais;Plena Noite;Crescente;Nublado;Simples;Curva;Não;5;1;0;0;4;0;0;3;-20,52319889;-43,8291359;SPRF-MG;DEL05-MG;UOP02-DEL05-MG
617505;28/07/2024;domingo;15:50:00;RJ;393;175;TRES RIOS;Acessar a via sem observar a presença dos outros veículos;Colisão lateral mesmo sentido;Com Vítimas Feridas;Pleno dia;Crescente;Céu Claro;Simples;Rotatória;Sim;3;0;2;0;1;0;2;2;-22,12309905;-43,20363803;SPRF-RJ;DEL05-RJ;UOP03-DEL05-RJ
617507;28/07/2024;domingo;18:35:00;RS;472;565;URUGUAIANA;Demais falhas mecânicas ou elétricas;Saída de leito carroçável;Com Vítimas Feridas;Plena Noite;Crescente;Garoa/Chuvisco;Simples;Reta;Não;2;0;1;0;1;0;1;1;-29,69728902;-56,91677696;SPRF-RS;DEL13-RS;UOP01-DEL13-RS
617509;28/07/2024;domingo;19:45:00;RN;427;39,9;ACARI;Entrada inopinada do pedestre;Atropelamento de Pedestre;Com Vítimas Feridas;Plena Noite;Decrescente;Céu Claro;Simples;Interseção de Vias;Sim;3;0;0;1;1;1;1;2;-6,53931577;-36,65120602;SPRF-RN;DEL03-RN;UOP01-DEL03-RN
617510;28/07/2024;domingo;20:00:00;GO;414;396,1;CORUMBA DE GOIAS;Ingestão de álcool pelo condutor;Saída de leito carroçável;Com Vítimas Feridas;Plena Noite;Crescente;Céu Claro;Simples;Curva;Não;1;0;0;1;0;0;1;1;-15,94629811;-48,80403123;SPRF-GO;DEL02-GO;UOP01-DEL02-GO
617511;28/07/2024;domingo;18:50:00;PB;230;13;CABEDELO;Acostamento em desnível;Tombamento;Com Vítimas Feridas;Plena Noite;Decrescente;Céu Claro;Dupla;"Em Obras;Interseção de Vias";Sim;2;0;2;0;0;0;2;1;-7,0772;-34,8494;SPRF-PB;DEL01-PB;UOP01-DEL01-PB
617512;28/07/2024;domingo;18:50:00;RJ;101;386;RIO DE JANEIRO;Manobra de mudança de faixa;Colisão transversal;Com Vítimas Feridas;Plena Noite;Decrescente;Céu Claro;Dupla;Reta;Não;2;0;1;0;1;0;1;2;-22,88295192;-43,64094302;SPRF-RJ;DEL03-RJ;UOP01-DEL03-RJ
617513;28/07/2024;domingo;19:30:00;SP;116;224;GUARULHOS;Ausência de reação do condutor;Queda de ocupante de veículo;Com Vítimas Feridas;Plena Noite;Decrescente;Nublado;Múltipla;Reta;Sim;1;0;1;0;0;0;1;1;-23,48071896;-46,53271603;SPRF-SP;DEL01-SP;UOP01-DEL01-SP
617514;28/07/2024;domingo;19:45:00;PE;104;7,1;TAQUARITINGA DO NORTE;Transitar na contramão;Colisão transversal;Com Vítimas Fatais;Plena Noite;Decrescente;Céu Claro;Simples;Reta;Não;3;1;1;0;1;0;1;2;-7,845258;-36,100601;SPRF-PE;DEL02-PE;UOP01-DEL02-PE
617516;28/07/2024;domingo;18:30:00;MG;116;689,2;MURIAE;Animais na Pista;Atropelamento de Animal;Com Vítimas Feridas;Plena Noite;Crescente;Céu Claro;Simples;"Reta;Ponte";Não;2;0;1;1;0;0;2;2;-21,01024799;-42,36121097;SPRF-MG;DEL07-MG;UOP02-DEL07-MG
617517;28/07/2024;domingo;17:43:00;AC;364;124;RIO BRANCO;Transitar na contramão;Colisão transversal;Com Vítimas Feridas;Plena Noite;Decrescente;Céu Claro;Simples;"Interseção de Vias;Reta";Sim;3;0;2;0;0;1;2;2;-10,01152469;-67,79140099;SPRF-AC;DEL01-AC;UOP01-DEL01-AC
617519;28/07/2024;domingo;20:15:00;DF;251;31,4;BRASILIA;Conversão proibida;Colisão traseira;Sem Vítimas;Plena Noite;Decrescente;Céu Claro;Simples;Reta;Sim;2;0;0;0;2;0;0;2;-15,943398;-47,728924;SPRF-DF;DEL01-DF;UOP01-DEL01-DF
617520;28/07/2024;domingo;18:50:00;SC;282;220;LAGES;Ingestão de álcool pelo condutor;Colisão traseira;Sem Vítimas;Plena Noite;Crescente;Nublado;Simples;Rotatória;Não;4;0;0;0;4;0;0;2;-27,794014;-50,33363;SPRF-SC;DEL05-SC;UOP01-DEL05-SC
617521;28/07/2024;domingo;20:30:00;MG;381;335;JOAO MONLEVADE;Pedestre - Ingestão de álcool/ substâncias psicoativas;Atropelamento de Pedestre;Com Vítimas Feridas;Plena Noite;Decrescente;Céu Claro;Simples;"Declive;Curva";Não;3;0;3;0;0;0;3;2;-19,81700707;-43,06661887;SPRF-MG;DEL03-MG;UOP01-DEL03-MG
617522;28/07/2024;domingo;17:30:00;SC;282;57,4;RANCHO QUEIMADO;Conversão proibida;Colisão lateral mesmo sentido;Sem Vítimas;Anoitecer;Decrescente;Chuva;Simples;Reta;Não;2;0;0;0;1;1;0;2;-27,68505249;-49,00103246;SPRF-SC;DEL01-SC;UOP03-DEL01-SC
617523;28/07/2024;domingo;18:00:00;MT;163;844;SINOP;Ausência de reação do condutor;Colisão traseira;Com Vítimas Feridas;Plena Noite;Decrescente;Céu Claro;Simples;Reta;Não;3;0;0;1;2;0;1;2;-11,90744909;-55,50726663;SPRF-MT;DEL06-MT;UOP02-DEL06-MT
617524;28/07/2024;domingo;19:55:00;MG;50;18,9;UBERLANDIA;Ausência de reação do condutor;Queda de ocupante de veículo;Com Vítimas Feridas;Plena Noite;Decrescente;Céu Claro;Dupla;Reta;Não;1;0;1;0;0;0;1;1;-18,9113;-48,2622;SPRF-MG;DEL15-MG;UOP01-DEL15-MG
617525;28/07/2024;domingo;20:30:00;PB;230;499;CAJAZEIRAS;Deficiência do Sistema de Iluminação/Sinalização;Colisão traseira;Com Vítimas Feridas;Plena Noite;Crescente;Céu Claro;Simples;Reta;Sim;2;0;0;1;1;0;1;2;-6,8995;-38,499;SPRF-PB;DEL03-PB;UOP03-DEL03-PB
617526;28/07/2024;domingo;20:00:00;PR;277;71,3;SAO JOSE DOS PINHAIS;Demais falhas mecânicas ou elétricas;Tombamento;Com Vítimas Feridas;Plena Noite;Decrescente;Céu Claro;Dupla;Reta;Não;2;0;2;0;0;0;2;1;-25,50804134;-49,13699627;SPRF-PR;DEL01-PR;UOP07-DEL01-PR
617527;28/07/2024;domingo;20:00:00;SP;116;365;MIRACATU;Reação tardia ou ineficiente do condutor;Colisão com objeto;Com Vítimas Feridas;Plena Noite;Crescente;Céu Claro;Dupla;Curva;Não;1;0;1;0;0;0;1;1;-24,14533813;-47,27537401;SPRF-SP;DEL04-SP;UOP02-DEL04-SP
617528;28/07/2024;domingo;20:25:00;MG;153;0;ARAPORA;Demais falhas mecânicas ou elétricas;Colisão traseira;Com Vítimas Feridas;Plena Noite;Decrescente;Céu Claro;Simples;Ponte;Não;2;0;1;0;0;1;1;2;-18,41758;-49,194427;SPRF-MG;DEL15-MG;UOP03-DEL15-MG
617529;28/07/2024;domingo;18:30:00;CE;304;48,2;ARACATI;Condutor deixou de manter distância do veículo da frente;Colisão traseira;Com Vítimas Feridas;Plena Noite;Decrescente;Céu Claro;Dupla;"Reta;Interseção de Vias";Sim;6;0;4;0;2;0;4;2;-4,57863423;-37,77996807;SPRF-CE;DEL03-CE;UOP03-DEL03-CE
617531;28/07/2024;domingo;19:00:00;MT;364;266;JACIARA;Acessar a via sem observar a presença dos outros veículos;Colisão lateral mesmo sentido;Sem Vítimas;Plena Noite;Crescente;Céu Claro;Dupla;Reta;Sim;2;0;0;0;2;0;0;2;-15,995969;-54,92259699;SPRF-MT;DEL02-MT;UOP01-DEL02-MT
617532;28/07/2024;domingo;17:00:00;CE;116;338,5;JAGUARIBE;Demais falhas mecânicas ou elétricas;Incêndio;Sem Vítimas;Pleno dia;Crescente;Céu Claro;Simples;Reta;Não;1;0;0;0;0;1;0;1;-6,14292899;-38,6495453;SPRF-CE;DEL05-CE;UOP02-DEL05-CE
617533;28/07/2024;domingo;20:45:00;RS;287;313;SAO VICENTE DO SUL;Ausência de reação do condutor;Colisão com objeto;Com Vítimas Feridas;Plena Noite;Crescente;Chuva;Simples;"Reta;Desvio Temporário;Ponte";Não;3;0;1;0;2;0;1;1;-29,65951182;-54,50333795;SPRF-RS;DEL09-RS;UOP01-DEL09-RS
617537;28/07/2024;domingo;20:23:00;PE;101;7;GOIANA;Animais na Pista;Atropelamento de Animal;Com Vítimas Feridas;Pleno dia;Decrescente;Céu Claro;Dupla;Reta;Não;2;0;1;0;1;0;1;1;-7,55997111;-34,99072674;SPRF-PE;DEL01-PE;UOP02-DEL01-PE
617538;28/07/2024;domingo;19:00:00;RJ;101;386;RIO DE JANEIRO;Transitar no Acostamento;Atropelamento de Pedestre;Com Vítimas Feridas;Plena Noite;Decrescente;Céu Claro;Múltipla;Reta;Sim;2;0;0;1;0;1;1;2;-22,88295192;-43,64094302;SPRF-RJ;DEL03-RJ;UOP01-DEL03-RJ
617539;28/07/2024;domingo;20:10:00;PB;101;84;BAYEUX;Ausência de reação do condutor;Colisão traseira;Com Vítimas Feridas;Pleno dia;Crescente;Céu Claro;Dupla;Reta;Sim;2;0;1;0;0;1;1;2;-7,13957906;-34,92312806;SPRF-PB;DEL01-PB;UOP01-DEL01-PB
617540;28/07/2024;domingo;20:20:00;PB;101;6;MATARACA;Ingestão de álcool pelo condutor;Colisão com objeto;Com Vítimas Feridas;Plena Noite;Decrescente;Céu Claro;Dupla;Reta;Não;1;0;1;0;0;0;1;1;-6,55395097;-35,12900895;SPRF-PB;DEL01-PB;UOP04-DEL01-PB
617541;28/07/2024;domingo;21:00:00;SC;101;193;BIGUACU;Reação tardia ou ineficiente do condutor;Atropelamento de Pedestre;Com Vítimas Feridas;Plena Noite;Crescente;Céu Claro;Múltipla;Reta;Sim;2;0;1;0;0;1;1;2;-27,489574;-48,655914;SPRF-SC;DEL01-SC;UOP01-DEL01-SC
617544;28/07/2024;domingo;18:10:00;PE;428;80;SANTA MARIA DA BOA VISTA;Animais na Pista;Colisão frontal;Com Vítimas Fatais;Plena Noite;Decrescente;Céu Claro;Simples;"Curva;Aclive";Não;9;1;0;8;0;0;8;2;-8,76871216;-39,81496461;SPRF-PE;DEL06-PE;UOP03-DEL06-PE
617545;28/07/2024;domingo;21:00:00;ES;262;24;VIANA;Ingestão de álcool pelo condutor;Saída de leito carroçável;Sem Vítimas;Plena Noite;Decrescente;Céu Claro;Simples;Reta;Não;1;0;0;0;1;0;0;1;-20,37917648;-40,52624613;SPRF-ES;DEL01-ES;UOP01-DEL01-ES
617546;28/07/2024;domingo;19:50:00;PR;487;176;CAMPO MOURAO;Acessar a via sem observar a presença dos outros veículos;Colisão traseira;Com Vítimas Feridas;Plena Noite;Crescente;Céu Claro;Simples;"Declive;Reta";Não;6;0;3;1;2;0;4;3;-24,03481987;-52,41778045;SPRF-PR;DEL09-PR;UOP03-DEL09-PR
617547;28/07/2024;domingo;21:00:00;SP;116;276;EMBU DAS ARTES;Ausência de reação do condutor;Colisão lateral mesmo sentido;Com Vítimas Feridas;Plena Noite;Crescente;Céu Claro;Dupla;Reta;Sim;2;0;2;0;0;0;2;2;-23,64262417;-46,83811382;SPRF-SP;DEL04-SP;UOP01-DEL04-SP
617550;28/07/2024;domingo;18:20:00;GO;251;31,5;CRISTALINA;Acessar a via sem observar a presença dos outros veículos;Colisão lateral mesmo sentido;Com Vítimas Feridas;Anoitecer;Decrescente;Céu Claro;Simples;Reta;Não;1;0;0;1;0;0;1;1;-16,07547768;-47,52869776;SPRF-DF;DEL01-DF;UOP01-DEL01-DF
617551;28/07/2024;domingo;21:20:00;MG;262;443;NOVA SERRANA;Acumulo de areia ou detritos sobre o pavimento;Queda de ocupante de veículo;Com Vítimas Feridas;Plena Noite;Decrescente;Céu Claro;Simples;"Retorno Regulamentado;Túnel;Curva";Sim;1;0;1;0;0;0;1;1;-19,88065393;-44,92197102;SPRF-MG;DEL08-MG;UOP03-DEL08-MG
617553;28/07/2024;domingo;18:00:00;PE;104;110;PANELAS;Reação tardia ou ineficiente do condutor;Saída de leito carroçável;Com Vítimas Fatais;Anoitecer;Decrescente;Céu Claro;Simples;Reta;Não;1;1;0;0;0;0;0;1;-8,624509;-36,000759;SPRF-PE;DEL02-PE;UOP03-DEL02-PE
617554;28/07/2024;domingo;21:15:00;SP;116;144;SAO JOSE DOS CAMPOS;Ausência de reação do condutor;Colisão traseira;Com Vítimas Feridas;Plena Noite;Decrescente;Céu Claro;Dupla;Reta;Não;3;0;1;0;2;0;1;2;-23,18274416;-45,84633592;SPRF-SP;DEL02-SP;UOP01-DEL02-SP
617555;28/07/2024;domingo;19:30:00;PI;230;199;OEIRAS;Condutor deixou de manter distância do veículo da frente;Colisão traseira;Sem Vítimas;Anoitecer;Decrescente;Céu Claro;Simples;Reta;Sim;2;0;0;0;1;1;0;2;-7,01866024;-42,1430618;SPRF-PI;DEL04-PI;UOP01-DEL04-PI
617557;28/07/2024;domingo;14:00:00;MG;40;702,8;BARBACENA;Velocidade Incompatível;Saída de leito carroçável;Com Vítimas Feridas;Pleno dia;Decrescente;Sol;Dupla;Reta;Não;2;0;2;0;0;0;2;1;-21,219731;-43,735579;SPRF-MG;DEL05-MG;UOP02-DEL05-MG
617558;28/07/2024;domingo;21:40:00;RJ;116;87,2;TERESOPOLIS;Pedestre - Ingestão de álcool/ substâncias psicoativas;Atropelamento de Pedestre;Com Vítimas Feridas;Plena Noite;Crescente;Céu Claro;Simples;"Aclive;Reta";Sim;6;0;1;0;4;1;1;2;-22,44527396;-42,95175555;SPRF-RJ;DEL04-RJ;UOP01-DEL04-RJ
617560;28/07/2024;domingo;22:00:00;DF;70;5;BRASILIA;Condutor Dormindo;Saída de leito carroçável;Sem Vítimas;Plena Noite;Crescente;Vento;Dupla;"Reta;Declive";Sim;1;0;0;0;0;1;0;1;-15,794656;-48,096779;SPRF-DF;DEL03-DF;UOP02-DEL03-DF
617562;28/07/2024;domingo;22:20:00;SC;470;137,5;RIO DO SUL;Reação tardia ou ineficiente do condutor;Colisão com objeto;Sem Vítimas;Plena Noite;Crescente;Chuva;Simples;"Reta;Ponte";Sim;1;0;0;0;1;0;0;1;-27,19000229;-49,6196115;SPRF-SC;DEL04-SC;UOP02-DEL04-SC
617564;28/07/2024;domingo;21:40:00;PE;101;72;RECIFE;Objeto estático sobre o leito carroçável;Colisão com objeto;Com Vítimas Feridas;Plena Noite;Decrescente;Nublado;Dupla;Reta;Sim;1;0;1;0;0;0;1;1;-8,08493106;-34,9450639;SPRF-PE;DEL01-PE;UOP01-DEL01-PE
617565;28/07/2024;domingo;19:26:00;RO;364;331;JI-PARANA;Ingestão de álcool pelo condutor;Saída de leito carroçável;Com Vítimas Feridas;Pleno dia;Decrescente;Céu Claro;Simples;Reta;Não;2;0;1;0;0;1;1;2;-10,977586;-61,917281;SPRF-RO;DEL02-RO;UOP01-DEL02-RO