id;data_inversa;dia_semana;horario;uf;br;km;municipio;causa_acidente;tipo_acidente;classificacao_acidente;fase_dia;sentido_via;condicao_metereologica;tipo_pista;tracado_via;uso_solo;pessoas;mortos;feridos_leves;feridos_graves;ilesos;ignorados;feridos;veiculos;latitude;longitude;regional;delegacia;uop
617567;28/07/2024;domingo;23:00:00;SC;101;210;SAO JOSE;Pista Escorregadia;Tombamento;Com Vítimas Feridas;Plena Noite;Crescente;Chuva;Dupla;Viaduto;Sim;2;0;1;0;1;0;1;1;-27,6167305;-48,6457265;SPRF-SC;DEL01-SC;UOP01-DEL01-SC
617568;28/07/2024;domingo;20:00:00;PE;110;243;JATOBA;Ausência de reação do condutor;Colisão traseira;Com Vítimas Fatais;Plena Noite;Crescente;Céu Claro;Simples;Reta;Não;5;1;0;4;0;0;4;2;-9,16391908;-38,27622807;SPRF-BA;DEL07-BA;UOP01-DEL07-BA
617569;28/07/2024;domingo;22:15:00;PB;230;14,7;CABEDELO;Condutor Dormindo;Colisão com objeto;Com Vítimas Feridas;Plena Noite;Crescente;Garoa/Chuvisco;Dupla;"Aclive;Viaduto";Sim;1;0;1;0;0;0;1;1;-7,0844;-34,8488;SPRF-PB;DEL01-PB;UOP01-DEL01-PB
617570;28/07/2024;domingo;17:30:00;PA;230;655;ALTAMIRA;Ausência de reação do condutor;Queda de ocupante de veículo;Com Vítimas Feridas;Pleno dia;Decrescente;Céu Claro;Simples;Reta;Não;1;0;1;0;0;0;1;1;-3,22983968;-52,3005045;SPRF-PA;DEL04-PA;UOP01-DEL04-PA
617573;28/07/2024;domingo;23:00:00;MG;365;684;MONTE ALEGRE DE MINAS;Animais na Pista;Saída de leito carroçável;Com Vítimas Feridas;Plena Noite;Crescente;Céu Claro;Dupla;Reta;Não;4;0;3;0;1;0;3;1;-18,854782;-48,854437;SPRF-MG;DEL15-MG;UOP01-DEL15-MG
617574;28/07/2024;domingo;22:00:00;SC;116;113,3;SANTA CECILIA;Chuva;Saída de leito carroçável;Com Vítimas Feridas;Plena Noite;Crescente;Chuva;Simples;Reta;Não;2;0;1;0;1;0;1;1;-26,78591907;-50,34487121;SPRF-SC;DEL06-SC;UOP02-DEL06-SC
617575;28/07/2024;domingo;22:30:00;MG;116;412,2;GOVERNADOR VALADARES;Ingestão de álcool pelo condutor;Colisão lateral sentido oposto;Com Vítimas Feridas;Plena Noite;Crescente;Céu Claro;Simples;Declive;Sim;2;0;0;1;1;0;1;2;-18,87478804;-41,96560621;SPRF-MG;DEL06-MG;UOP01-DEL06-MG
617576;28/07/2024;domingo;23:35:00;SE;235;4;NOSSA SENHORA DO SOCORRO;Animais na Pista;Atropelamento de Animal;Com Vítimas Feridas;Plena Noite;Decrescente;Nublado;Dupla;Reta;Sim;1;0;0;1;0;0;1;1;-10,9064;-37,1197;SPRF-SE;DEL01-SE;UOP01-DEL01-SE
617578;28/07/2024;domingo;23:45:00;SC;101;341,5;TUBARAO;Ingestão de álcool pelo condutor;Colisão transversal;Com Vítimas Feridas;Plena Noite;Crescente;Chuva;Dupla;Curva;Não;3;0;1;0;2;0;1;2;-28,52553839;-49,05613303;SPRF-SC;DEL02-SC;UOP01-DEL02-SC
617579;28/07/2024;domingo;22:00:00;CE;222;244,6;SOBRAL;Animais na Pista;Atropelamento de Animal;Com Vítimas Feridas;Plena Noite;Crescente;Céu Claro;Simples;Curva;Não;4;0;1;0;3;0;1;1;-3,75840253;-40,52513123;SPRF-CE;DEL04-CE;UOP01-DEL04-CE
617580;29/07/2024;segunda-feira;00:13:00;PE;101;67;RECIFE;Condutor deixou de manter distância do veículo da frente;Colisão traseira;Com Vítimas Feridas;Plena Noite;Crescente;Céu Claro;Dupla;Reta;Sim;3;0;1;0;2;0;1;2;-8,042334;-34,943096;SPRF-PE;DEL01-PE;UOP01-DEL01-PE
617581;29/07/2024;segunda-feira;00:06:00;PE;232;146;SAO CAITANO;Fumaça;Incêndio;Sem Vítimas;Plena Noite;Decrescente;Céu Claro;Dupla;Reta;Não;1;0;0;0;0;1;0;1;-8,33218974;-36,12904312;SPRF-PE;DEL03-PE;UOP02-DEL03-PE
617582;28/07/2024;domingo;23:00:00;MG;262;757;SACRAMENTO;Ausência de reação do condutor;Saída de leito carroçável;Com Vítimas Feridas;Plena Noite;Crescente;Céu Claro;Simples;"Aclive;Reta";Não;1;0;0;1;0;0;1;1;-19,65905332;-47,5734149;SPRF-MG;DEL13-MG;UOP01-DEL13-MG
617583;28/07/2024;domingo;23:00:00;RS;153;408,5;CACHOEIRA DO SUL;Reação tardia ou ineficiente do condutor;Capotamento;Sem Vítimas;Plena Noite;Crescente;Chuva;Dupla;Reta;Não;2;0;0;0;2;0;0;1;-30,06689219;-52,88449506;SPRF-RS;DEL02-RS;UOP03-DEL02-RS
617585;29/07/2024;segunda-feira;00:50:00;MG;262;811;UBERABA;Velocidade Incompatível;Saída de leito carroçável;Com Vítimas Feridas;Plena Noite;Crescente;Céu Claro;Dupla;"Reta;Interseção de Vias";Sim;1;0;0;1;0;0;1;1;-19,7688;-47,981137;SPRF-MG;DEL13-MG;UOP01-DEL13-MG
617586;28/07/2024;domingo;23:58:00;PE;104;70,2;CARUARU;Reação tardia ou ineficiente do condutor;Saída de leito carroçável;Sem Vítimas;Plena Noite;Decrescente;Nublado;Dupla;Curva;Sim;1;0;0;0;0;1;0;1;-8,3264;-35,9852;SPRF-PE;DEL02-PE;UOP01-DEL02-PE
617588;29/07/2024;segunda-feira;02:25:00;MG;365;760;ITUIUTABA;Velocidade Incompatível;Colisão com objeto;Sem Vítimas;Plena Noite;Crescente;Nublado;Simples;Reta;Não;1;0;0;0;0;1;0;1;-18,96544435;-49,50864001;SPRF-MG;DEL15-MG;UOP03-DEL15-MG
617591;28/07/2024;domingo;23:00:00;GO;364;281,6;MINEIROS;Transitar na contramão;Colisão frontal;Com Vítimas Feridas;Plena Noite;Crescente;Céu Claro;Simples;Curva;Não;7;0;6;0;1;0;6;2;-17,622168;-52,39407;SPRF-GO;DEL05-GO;UOP01-DEL05-GO
617592;29/07/2024;segunda-feira;05:50:00;SC;101;214;PALHOCA;Trafegar com motocicleta (ou similar) entre as faixas;Colisão traseira;Com Vítimas Feridas;Plena Noite;Decrescente;Céu Claro;Múltipla;Reta;Não;2;0;1;0;1;0;1;2;-27,64443;-48,67057;SPRF-SC;DEL01-SC;UOP02-DEL01-SC
617593;29/07/2024;segunda-feira;06:20:00;SC;101;200;SAO JOSE;Acessar a via sem observar a presença dos outros veículos;Colisão transversal;Com Vítimas Feridas;Amanhecer;Crescente;Nublado;Simples;Reta;Não;2;0;1;0;1;0;1;2;-27,54018513;-48,62287714;SPRF-SC;DEL01-SC;UOP01-DEL01-SC
617595;29/07/2024;segunda-feira;06:00:00;PB;230;13;CABEDELO;Reação tardia ou ineficiente do condutor;Atropelamento de Pedestre;Com Vítimas Feridas;Pleno dia;Decrescente;Céu Claro;Múltipla;Interseção de Vias;Sim;3;0;0;1;2;0;1;2;-7,0772;-34,8494;SPRF-PB;DEL01-PB;UOP01-DEL01-PB
617596;29/07/2024;segunda-feira;06:30:00;RJ;101;2;CAMPOS DOS GOYTACAZES;Ausência de reação do condutor;Queda de ocupante de veículo;Com Vítimas Feridas;Amanhecer;Crescente;Céu Claro;Simples;Reta;Não;2;0;2;0;0;0;2;1;-21,23585411;-41,31995286;SPRF-RJ;DEL08-RJ;UOP01-DEL08-RJ
617597;29/07/2024;segunda-feira;06:40:00;SC;101;214;PALHOCA;Trafegar com motocicleta (ou similar) entre as faixas;Colisão traseira;Com Vítimas Feridas;Amanhecer;Decrescente;Nublado;Múltipla;Reta;Sim;2;0;1;0;1;0;1;2;-27,64443;-48,67057;SPRF-SC;DEL01-SC;UOP02-DEL01-SC
617598;29/07/2024;segunda-feira;07:12:00;DF;20;3,2;BRASILIA;Demais falhas mecânicas ou elétricas;Capotamento;Sem Vítimas;Amanhecer;Crescente;Céu Claro;Múltipla;"Declive;Reta";Sim;1;0;0;0;1;0;0;1;-15,679851;-47,832211;SPRF-DF;DEL02-DF;UOP01-DEL02-DF
617600;29/07/2024;segunda-feira;07:00:00;CE;116;9,2;FORTALEZA;Condutor deixou de manter distância do veículo da frente;Colisão traseira;Com Vítimas Feridas;Pleno dia;Crescente;Céu Claro;Dupla;Reta;Sim;3;0;1;1;1;0;2;2;-3,82779096;-38,50486117;SPRF-CE;DEL01-CE;UOP02-DEL01-CE
617601;29/07/2024;segunda-feira;06:00:00;MT;70;376;CAMPO VERDE;Velocidade Incompatível;Queda de ocupante de veículo;Com Vítimas Feridas;Amanhecer;Crescente;Céu Claro;Simples;Reta;Não;2;0;1;0;1;0;1;2;-15,50746071;-55,11100899;SPRF-MT;DEL05-MT;UOP02-DEL05-MT
617602;29/07/2024;segunda-feira;07:10:00;RJ;116;186;NOVA IGUACU;Ausência de reação do condutor;Queda de ocupante de veículo;Com Vítimas Feridas;Pleno dia;Decrescente;Céu Claro;Dupla;Reta;Sim;2;0;1;0;1;0;1;1;-22,73962339;-43,46276495;SPRF-RJ;DEL06-RJ;UOP01-DEL06-RJ
617603;25/07/2024;quinta-feira;17:00:00;SC;480;123,5;CHAPECO;Condutor deixou de manter distância do veículo da frente;Engavetamento;Com Vítimas Feridas;Pleno dia;Decrescente;Céu Claro;Dupla;Reta;Sim;7;0;3;0;4;0;3;3;-26,99739704;-52,64201951;SPRF-SC;DEL07-SC;UOP01-DEL07-SC
617604;29/07/2024;segunda-feira;06:45:00;PR;116;116;CURITIBA;Velocidade Incompatível;Colisão traseira;Com Vítimas Feridas;Amanhecer;Decrescente;Garoa/Chuvisco;Múltipla;Reta;Sim;2;0;1;0;1;0;1;2;-25,55468195;-49,27402397;SPRF-PR;DEL01-PR;UOP03-DEL01-PR
617607;29/07/2024;segunda-feira;07:15:00;PR;376;232;APUCARANA;Manobra de mudança de faixa;Colisão lateral mesmo sentido;Com Vítimas Feridas;Amanhecer;Decrescente;Céu Claro;Dupla;"Declive;Reta";Sim;2;0;1;0;0;1;1;2;-23,57126885;-51,50557362;SPRF-PR;DEL07-PR;UOP03-DEL07-PR
617609;29/07/2024;segunda-feira;07:00:00;CE;222;18;CAUCAIA;Demais falhas mecânicas ou elétricas;Tombamento;Com Vítimas Feridas;Pleno dia;Crescente;Sol;Simples;"Em Obras;Reta";Não;2;0;2;0;0;0;2;1;-3,74923332;-38,71923964;SPRF-CE;DEL01-CE;UOP01-DEL01-CE
617610;29/07/2024;segunda-feira;08:00:00;PE;232;10;JABOATAO DOS GUARARAPES;Manobra de mudança de faixa;Colisão traseira;Com Vítimas Feridas;Pleno dia;Decrescente;Nublado;Dupla;Reta;Sim;4;0;2;0;1;1;2;3;-8,078327;-34,981473;SPRF-PE;DEL01-PE;UOP01-DEL01-PE
617613;29/07/2024;segunda-feira;07:00:00;ES;101;265;SERRA;Manobra de mudança de faixa;Colisão lateral mesmo sentido;Com Vítimas Feridas;Pleno dia;Crescente;Céu Claro;Dupla;Reta;Sim;4;0;1;0;1;2;1;4;-20,1816849;-40,26536036;SPRF-ES;DEL02-ES;UOP01-DEL02-ES
617614;29/07/2024;segunda-feira;06:30:00;ES;101;276,9;SERRA;Demais falhas mecânicas ou elétricas;Incêndio;Sem Vítimas;Pleno dia;Crescente;Céu Claro;Dupla;Reta;Não;1;0;0;0;1;0;0;1;-20,20788726;-40,3133509;SPRF-ES;DEL02-ES;UOP01-DEL02-ES
617615;29/07/2024;segunda-feira;07:20:00;MS;158;5,9;CASSILANDIA;Ausência de reação do condutor;Tombamento;Com Vítimas Feridas;Pleno dia;Crescente;Céu Claro;Simples;Reta;Não;1;0;1;0;0;0;1;1;-19,13164785;-51,70761691;SPRF-MS;DEL08-MS;UOP01-DEL08-MS
617616;29/07/2024;segunda-feira;07:40:00;SP;116;217;GUARULHOS;Manobra de mudança de faixa;Colisão traseira;Com Vítimas Feridas;Pleno dia;Decrescente;Sol;Múltipla;"Reta;Declive";Sim;2;0;1;0;1;0;1;2;-23,45423824;-46,47119028;SPRF-SP;DEL01-SP;UOP01-DEL01-SP
617617;29/07/2024;segunda-feira;07:17:00;RS;116;529,6;CAPAO DO LEAO;Manobra de mudança de faixa;Colisão traseira;Com Vítimas Feridas;Pleno dia;Crescente;Céu Claro;Simples;Rotatória;Sim;2;0;1;0;1;0;1;2;-31,75446042;-52,42803583;SPRF-RS;DEL07-RS;UOP01-DEL07-RS
617618;29/07/2024;segunda-feira;07:50:00;PR;376;159;MANDAGUACU;Reação tardia ou ineficiente do condutor;Queda de ocupante de veículo;Com Vítimas Feridas;Pleno dia;Crescente;Nublado;Dupla;Reta;Sim;1;0;1;0;0;0;1;1;-23,36498136;-52,07632098;SPRF-PR;DEL09-PR;UOP01-DEL09-PR
617620;29/07/2024;segunda-feira;07:15:00;PR;163;210,6;CASCAVEL;Chuva;Saída de leito carroçável;Com Vítimas Feridas;Pleno dia;Crescente;Chuva;Dupla;Reta;Não;1;0;0;1;0;0;1;1;-24,94362702;-53,53895883;SPRF-PR;DEL05-PR;UOP05-DEL05-PR
617621;29/07/2024;segunda-feira;07:35:00;MG;381;491;BETIM;Reação tardia ou ineficiente do condutor;Queda de ocupante de veículo;Com Vítimas Feridas;Pleno dia;Decrescente;Céu Claro;Dupla;Curva;Não;1;0;1;0;0;0;1;1;-19,96140945;-44,15482521;SPRF-MG;DEL01-MG;UOP03-DEL01-MG
617623;29/07/2024;segunda-feira;07:30:00;ES;259;91,1;BAIXO GUANDU;Acessar a via sem observar a presença dos outros veículos;Colisão transversal;Com Vítimas Feridas;Pleno dia;Crescente;Céu Claro;Simples;"Reta;Interseção de Vias";Não;2;0;0;1;1;0;1;2;-19,50847945;-40,92392922;SPRF-ES;DEL02-ES;UOP01-DEL02-ES
617624;29/07/2024;segunda-feira;08:45:00;ES;101;268,5;SERRA;Trafegar com motocicleta (ou similar) entre as faixas;Atropelamento de Pedestre;Com Vítimas Feridas;Pleno dia;Crescente;Céu Claro;Dupla;Reta;Sim;4;0;2;1;0;1;3;2;-20,20842;-40,269405;SPRF-ES;DEL02-ES;UOP01-DEL02-ES
617625;29/07/2024;segunda-feira;07:30:00;SC;163;74;SAO MIGUEL DO OESTE;Pista Escorregadia;Colisão frontal;Com Vítimas Feridas;Pleno dia;Crescente;Garoa/Chuvisco;Simples;Reta;Sim;2;0;1;0;1;0;1;2;-26,69769532;-53,51487637;SPRF-SC;DEL07-SC;UOP03-DEL07-SC
617626;29/07/2024;segunda-feira;05:20:00;MG;116;603;SAO JOAO DO MANHUACU;Condutor Dormindo;Saída de leito carroçável;Com Vítimas Feridas;Pleno dia;Crescente;Céu Claro;Simples;Reta;Não;1;0;1;0;0;0;1;1;-20,35289099;-42,15247011;SPRF-MG;DEL06-MG;UOP03-DEL06-MG
617629;29/07/2024;segunda-feira;08:30:00;CE;20;330,7;CARIDADE;Pista esburacada;Saída de leito carroçável;Com Vítimas Feridas;Pleno dia;Crescente;Céu Claro;Simples;Reta;Não;2;0;1;0;1;0;1;2;-4,20094705;-39,18254785;SPRF-CE;DEL02-CE;UOP01-DEL02-CE
617631;29/07/2024;segunda-feira;08:00:00;RJ;465;17;SEROPEDICA;Reação tardia ou ineficiente do condutor;Colisão frontal;Com Vítimas Feridas;Pleno dia;Crescente;Céu Claro;Dupla;Reta;Não;4;0;4;0;0;0;4;3;-22,823448;-43,619843;SPRF-RJ;DEL06-RJ;UOP02-DEL06-RJ
617633;28/07/2024;domingo;21:52:00;MS;376;121,4;IVINHEMA;Avarias e/ou desgaste excessivo no pneu;Colisão com objeto;Com Vítimas Feridas;Plena Noite;Decrescente;Céu Claro;Simples;"Declive;Reta";Não;1;0;0;1;0;0;1;1;-22,31739233;-53,81754413;SPRF-MS;DEL04-MS;UOP04-DEL04-MS
617635;29/07/2024;segunda-feira;08:15:00;PR;369;29;CAMBARA;Demais falhas mecânicas ou elétricas;Tombamento;Com Vítimas Feridas;Pleno dia;Crescente;Céu Claro;Simples;"Declive;Reta";Não;1;0;0;1;0;0;1;1;-23;-50;SPRF-PR;DEL07-PR;UOP05-DEL07-PR
617636;29/07/2024;segunda-feira;10:05:00;MG;381;497;BETIM;Ausência de reação do condutor;Colisão lateral mesmo sentido;Com Vítimas Feridas;Pleno dia;Crescente;Céu Claro;Dupla;Reta;Não;2;0;1;0;1;0;1;2;-20,00483625;-44,21367172;SPRF-MG;DEL01-MG;UOP03-DEL01-MG
617637;29/07/2024;segunda-feira;08:35:00;PE;428;159,7;PETROLINA;Ingestão de álcool pelo condutor;Colisão com objeto;Com Vítimas Feridas;Pleno dia;Crescente;Céu Claro;Simples;"Reta;Ponte";Não;1;0;0;1;0;0;1;1;-9,13950503;-40,35244194;SPRF-PE;DEL06-PE;UOP01-DEL06-PE
617638;29/07/2024;segunda-feira;06:30:00;SC;282;177;BOCAINA DO SUL;Reação tardia ou ineficiente do condutor;Capotamento;Com Vítimas Feridas;Amanhecer;Decrescente;Nublado;Simples;Curva;Não;2;0;2;0;0;0;2;1;-27,739725;-49,911453;SPRF-SC;DEL05-SC;UOP01-DEL05-SC
617640;29/07/2024;segunda-feira;08:45:00;RS;290;96,7;PORTO ALEGRE;Velocidade Incompatível;Engavetamento;Com Vítimas Feridas;Pleno dia;Crescente;Garoa/Chuvisco;Dupla;Reta;Não;4;0;1;0;3;0;1;3;-29,99827919;-51,20674079;SPRF-RS;DEL01-RS;UOP01-DEL01-RS
617641;18/05/2024;sábado;21:50:00;SC;282;278,1;SAO JOSE DO CERRITO;Condutor Dormindo;Colisão frontal;Com Vítimas Fatais;Plena Noite;Crescente;Garoa/Chuvisco;Simples;Curva;Sim;2;1;0;1;0;0;1;2;-27,587807;-50,735706;SPRF-SC;DEL05-SC;UOP02-DEL05-SC
617644;29/07/2024;segunda-feira;10:00:00;PR;277;32;MORRETES;Chuva;Saída de leito carroçável;Com Vítimas Feridas;Pleno dia;Crescente;Chuva;Dupla;Curva;Não;3;0;1;0;2;0;1;1;-25,547373;-48,790559;SPRF-PR;DEL01-PR;UOP05-DEL01-PR
617646;29/07/2024;segunda-feira;09:45:00;SP;153;326,9;SALTO GRANDE;Desrespeitar a preferência no cruzamento;Colisão transversal;Com Vítimas Feridas;Pleno dia;Crescente;Céu Claro;Simples;"Retorno Regulamentado;Reta";Não;4;0;1;1;1;1;2;3;-22,816394;-49,88966214;SPRF-SP;DEL07-SP;UOP03-DEL07-SP
617647;29/07/2024;segunda-feira;10:05:00;PB;101;57,9;SANTA RITA;Ausência de reação do condutor;Saída de leito carroçável;Sem Vítimas;Pleno dia;Crescente;Nublado;Dupla;Reta;Não;1;0;0;0;0;1;0;1;-6,97775678;-35,0777086;SPRF-PB;DEL01-PB;UOP04-DEL01-PB
617649;29/07/2024;segunda-feira;10:15:00;BA;116;9,8;VITORIA DA CONQUISTA;Acessar a via sem observar a presença dos outros veículos;Colisão transversal;Com Vítimas Feridas;Pleno dia;Decrescente;Céu Claro;Simples;Reta;Não;2;0;1;0;1;0;1;2;-14,85811552;-40,87750023;SPRF-BA;DEL08-BA;UOP01-DEL08-BA
617650;29/07/2024;segunda-feira;10:00:00;PR;163;212;CASCAVEL;Ausência de reação do condutor;Saída de leito carroçável;Sem Vítimas;Pleno dia;Crescente;Chuva;Dupla;Curva;Não;1;0;0;0;0;1;0;1;-24,92573701;-53,53696393;SPRF-PR;DEL05-PR;UOP05-DEL05-PR
617652;29/07/2024;segunda-feira;09:40:00;PR;373;436,3;CHOPINZINHO;Ausência de reação do condutor;Saída de leito carroçável;Com Vítimas Feridas;Pleno dia;Crescente;Garoa/Chuvisco;Simples;Curva;Não;1;0;1;0;0;0;1;1;-25,7835481;-52,26884658;SPRF-PR;DEL02-PR;UOP01-DEL02-PR
617653;20/07/2024;sábado;22:30:00;CE;304;68,9;ARACATI;Condutor deixou de manter distância do veículo da frente;Colisão traseira;Com Vítimas Feridas;Plena Noite;Crescente;Vento;Simples;Reta;Não;4;0;2;1;0;1;3;2;-4,64599806;-37,62674007;SPRF-CE;DEL03-CE;UOP03-DEL03-CE
617654;29/07/2024;segunda-feira;07:20:00;RJ;101;273,3;TANGUA;Área urbana sem a presença de local apropriado para a travessia de pedestres;Atropelamento de Pedestre;Com Vítimas Feridas;Pleno dia;Crescente;Céu Claro;Dupla;Reta;Sim;4;0;1;0;3;0;1;2;-22,73506292;-42,71948103;SPRF-RJ;DEL02-RJ;UOP03-DEL02-RJ
617658;29/07/2024;segunda-feira;10:30:00;PR;369;180,8;ARAPONGAS;Ausência de reação do condutor;Colisão traseira;Com Vítimas Feridas;Pleno dia;Crescente;Nublado;Dupla;Reta;Sim;3;0;1;0;2;0;1;2;-23,37343793;-51,41262531;SPRF-PR;DEL07-PR;UOP03-DEL07-PR
617659;29/07/2024;segunda-feira;10:30:00;MA;135;10;SAO LUIS;Reação tardia ou ineficiente do condutor;Colisão lateral mesmo sentido;Sem Vítimas;Pleno dia;Decrescente;Céu Claro;Dupla;"Em Obras;Curva";Sim;4;0;0;0;4;0;0;2;-2,655912;-44,28629098;SPRF-MA;DEL01-MA;UOP01-DEL01-MA
617660;29/07/2024;segunda-feira;11:00:00;PA;316;90;SAO FRANCISCO DO PARA;Condutor deixou de manter distância do veículo da frente;Colisão traseira;Com Vítimas Feridas;Pleno dia;Decrescente;Sol;Simples;"Reta;Aclive";Não;2;0;0;1;1;0;1;2;-1,31943462;-47,69193093;SPRF-PA;DEL01-PA;UOP02-DEL01-PA
617661;29/07/2024;segunda-feira;11:20:00;PE;232;128;CARUARU;Ausência de sinalização;Colisão frontal;Com Vítimas Feridas;Pleno dia;Decrescente;Céu Claro;Dupla;"Reta;Aclive";Sim;2;0;1;1;0;0;2;2;-8,30399306;-35,97216301;SPRF-PE;DEL02-PE;UOP01-DEL02-PE
617662;29/07/2024;segunda-feira;08:30:00;RJ;101;404;ITAGUAI;Reação tardia ou ineficiente do condutor;Colisão traseira;Com Vítimas Feridas;Pleno dia;Crescente;Céu Claro;Dupla;"Reta;Desvio Temporário;Em Obras";Não;2;0;1;0;1;0;1;2;-22,86342703;-43,79642098;SPRF-RJ;DEL03-RJ;UOP01-DEL03-RJ
617663;29/07/2024;segunda-feira;11:50:00;SP;116;227;GUARULHOS;Ausência de reação do condutor;Colisão traseira;Com Vítimas Feridas;Pleno dia;Decrescente;Céu Claro;Múltipla;Reta;Sim;2;0;1;0;1;0;1;2;-23,49659264;-46,55648754;SPRF-SP;DEL01-SP;UOP01-DEL01-SP
617665;29/07/2024;segunda-feira;07:00:00;BA;135;212;SAO DESIDERIO;Reação tardia ou ineficiente do condutor;Tombamento;Com Vítimas Feridas;Pleno dia;Decrescente;Céu Claro;Simples;Curva;Não;5;0;1;0;4;0;1;1;-12,38003397;-44,95119698;SPRF-BA;DEL08-BA;N/A
617666;21/07/2024;domingo;12:25:00;MS;158;146,4;APARECIDA DO TABOADO;Demais falhas mecânicas ou elétricas;Saída de leito carroçável;Com Vítimas Feridas;Pleno dia;Decrescente;Céu Claro;Simples;Rotatória;Não;2;0;1;0;1;0;1;1;-20,08299903;-51,13783836;SPRF-MS;DEL08-MS;UOP01-DEL08-MS
617667;29/07/2024;segunda-feira;10:00:00;SC;101;57,7;ARAQUARI;Velocidade Incompatível;Saída de leito carroçável;Com Vítimas Feridas;Pleno dia;Crescente;Chuva;Dupla;Curva;Não;2;0;1;0;1;0;1;1;-26,43920989;-48,80258203;SPRF-SC;DEL03-SC;UOP01-DEL03-SC
617668;29/07/2024;segunda-feira;11:45:00;SP;116;438;REGISTRO;Reação tardia ou ineficiente do condutor;Saída de leito carroçável;Com Vítimas Feridas;Pleno dia;Crescente;Céu Claro;Dupla;Reta;Não;2;0;1;0;1;0;1;1;-24,44811308;-47,80555693;SPRF-SP;DEL05-SP;UOP01-DEL05-SP
617671;14/07/2024;domingo;05:30:00;SC;480;128;CHAPECO;Condutor deixou de manter distância do veículo da frente;Colisão lateral mesmo sentido;Sem Vítimas;Plena Noite;Crescente;Céu Claro;Dupla;Reta;Não;2;0;0;0;2;0;0;2;-27,03781899;-52,63432603;SPRF-SC;DEL07-SC;UOP01-DEL07-SC
617673;29/07/2024;segunda-feira;11:40:00;MG;365;658;MONTE ALEGRE DE MINAS;Velocidade Incompatível;Capotamento;Com Vítimas Feridas;Pleno dia;Crescente;Céu Claro;Dupla;Reta;Não;1;0;0;1;0;0;1;1;-18,88872432;-48,62436294;SPRF-MG;DEL15-MG;UOP01-DEL15-MG
617676;29/07/2024;segunda-feira;09:20:00;PR;277;160,1;PALMEIRA;Acumulo de água sobre o pavimento;Colisão frontal;Com Vítimas Fatais;Pleno dia;Decrescente;Chuva;Simples;"Aclive;Curva";Não;6;2;2;2;0;0;4;2;-25,46273675;-49,92021203;SPRF-PR;DEL03-PR;UOP03-DEL03-PR
617678;29/07/2024;segunda-feira;12:50:00;PR;277;33,2;MORRETES;Chuva;Colisão com objeto;Com Vítimas Feridas;Pleno dia;Crescente;Chuva;Dupla;"Aclive;Curva";Não;3;0;1;0;2;0;1;1;-25,547373;-48,790559;SPRF-PR;DEL01-PR;UOP05-DEL01-PR
617679;29/07/2024;segunda-feira;13:40:00;RS;285;455,9;IJUI;Acessar a via sem observar a presença dos outros veículos;Colisão transversal;Com Vítimas Feridas;Pleno dia;Crescente;Nublado;Simples;Interseção de Vias;Sim;3;0;1;0;2;0;1;2;-28,38853107;-53,89205933;SPRF-RS;DEL10-RS;UOP01-DEL10-RS
617680;29/07/2024;segunda-feira;13:20:00;PR;116;39;CAMPINA GRANDE DO SUL;Reação tardia ou ineficiente do condutor;Capotamento;Com Vítimas Feridas;Pleno dia;Crescente;Chuva;Dupla;Curva;Não;2;0;1;0;1;0;1;1;-25,156168;-48,8613401;SPRF-PR;DEL01-PR;UOP02-DEL01-PR
617681;29/07/2024;segunda-feira;13:30:00;SC;101;170;TIJUCAS;Reação tardia ou ineficiente do condutor;Tombamento;Com Vítimas Feridas;Pleno dia;Crescente;Nublado;Dupla;Reta;Sim;1;0;1;0;0;0;1;1;-27,29669601;-48,63147594;SPRF-SC;DEL04-SC;UOP03-DEL04-SC
617682;29/07/2024;segunda-feira;05:00:00;MA;222;625;ACAILANDIA;Ingestão de álcool pelo condutor;Colisão frontal;Com Vítimas Fatais;Pleno dia;Decrescente;Céu Claro;Simples;"Em Obras;Reta";Não;2;1;0;0;0;1;0;2;-4,77449633;-47,06842597;SPRF-MA;DEL04-MA;UOP03-DEL04-MA
617683;29/07/2024;segunda-feira;12:32:00;PR;376;374;ORTIGUEIRA;Avarias e/ou desgaste excessivo no pneu;Colisão lateral sentido oposto;Com Vítimas Feridas;Pleno dia;Crescente;Chuva;Simples;"Curva;Aclive";Não;6;0;4;0;2;0;4;2;-24,408135;-50,78447205;SPRF-PR;DEL07-PR;UOP02-DEL07-PR
617684;29/07/2024;segunda-feira;10:35:00;MG;251;506,6;FRANCISCO SA;Velocidade Incompatível;Colisão com objeto;Com Vítimas Feridas;Pleno dia;Crescente;Céu Claro;Simples;"Declive;Reta";Não;2;0;2;0;0;0;2;1;-16,61894941;-43,6887828;SPRF-MG;DEL12-MG;UOP01-DEL12-MG
617687;29/07/2024;segunda-feira;10:40:00;RJ;40;112;DUQUE DE CAXIAS;Avarias e/ou desgaste excessivo no pneu;Queda de ocupante de veículo;Com Vítimas Feridas;Pleno dia;Decrescente;Céu Claro;Múltipla;Reta;Sim;2;0;2;0;0;0;2;1;-22,7004454;-43,29014851;SPRF-RJ;DEL01-RJ;UOP02-DEL01-RJ
617688;29/07/2024;segunda-feira;12:51:00;SC;470;60,2;BLUMENAU;Transitar na contramão;Colisão transversal;Com Vítimas Feridas;Pleno dia;Decrescente;Nublado;Simples;"Reta;Interseção de Vias";Sim;2;0;0;1;1;0;1;2;-26,88138;-49,164543;SPRF-SC;DEL04-SC;UOP01-DEL04-SC