id;data_inversa;dia_semana;horario;uf;br;km;municipio;causa_acidente;tipo_acidente;classificacao_acidente;fase_dia;sentido_via;condicao_metereologica;tipo_pista;tracado_via;uso_solo;pessoas;mortos;feridos_leves;feridos_graves;ilesos;ignorados;feridos;veiculos;latitude;longitude;regional;delegacia;uop
617689;29/07/2024;segunda-feira;14:00:00;PR;277;33;MORRETES;Chuva;Capotamento;Com Vítimas Feridas;Pleno dia;Crescente;Chuva;Dupla;Curva;Não;1;0;1;0;0;0;1;1;-25,567158;-48,811047;SPRF-PR;DEL01-PR;UOP05-DEL01-PR
617690;29/07/2024;segunda-feira;13:30:00;PR;376;438,9;TIBAGI;Velocidade Incompatível;Colisão com objeto;Com Vítimas Feridas;Pleno dia;Crescente;Chuva;Dupla;"Declive;Curva";Não;3;0;2;0;1;0;2;1;-24,91058979;-50,41741284;SPRF-PR;DEL03-PR;UOP02-DEL03-PR
617692;29/07/2024;segunda-feira;13:50:00;RJ;101;302;SAO GONCALO;Ausência de reação do condutor;Colisão traseira;Sem Vítimas;Pleno dia;Decrescente;Céu Claro;Dupla;Reta;Sim;2;0;0;0;2;0;0;2;-22,78069318;-42,96706396;SPRF-RJ;DEL02-RJ;UOP02-DEL02-RJ
617695;29/07/2024;segunda-feira;07:25:00;GO;364;386;SANTA RITA DO ARAGUAIA;Condutor deixou de manter distância do veículo da frente;Colisão traseira;Com Vítimas Feridas;Pleno dia;Crescente;Céu Claro;Dupla;Reta;Sim;2;0;2;0;0;0;2;2;-17,329039;-53,203724;SPRF-GO;DEL05-GO;UOP01-DEL05-GO
617697;29/07/2024;segunda-feira;07:45:00;MT;364;573;NOBRES;Reação tardia ou ineficiente do condutor;Saída de leito carroçável;Com Vítimas Fatais;Pleno dia;Crescente;Céu Claro;Dupla;"Declive;Curva";Não;3;1;1;1;0;0;2;2;-14,631963;-56,27249;SPRF-MT;DEL01-MT;UOP01-DEL01-MT
617700;29/07/2024;segunda-feira;14:00:00;PR;116;50;CAMPINA GRANDE DO SUL;Chuva;Saída de leito carroçável;Com Vítimas Feridas;Pleno dia;Decrescente;Chuva;Dupla;Curva;Não;3;0;1;1;1;0;2;1;-25,23481696;-48,90807771;SPRF-PR;DEL01-PR;UOP02-DEL01-PR
617701;29/07/2024;segunda-feira;14:10:00;PR;116;101,5;SAO JOSE DOS PINHAIS;Reação tardia ou ineficiente do condutor;Saída de leito carroçável;Com Vítimas Feridas;Pleno dia;Decrescente;Chuva;Dupla;"Reta;Viaduto";Sim;1;0;1;0;0;0;1;1;-25,56788684;-49,17359516;SPRF-PR;DEL01-PR;UOP07-DEL01-PR
617703;01/06/2024;sábado;16:10:00;PE;110;146;IBIMIRIM;Chuva;Tombamento;Com Vítimas Feridas;Pleno dia;Crescente;Chuva;Simples;Reta;Sim;1;0;1;0;0;0;1;1;-8,53353355;-37,69471407;SPRF-PE;DEL04-PE;UOP02-DEL04-PE
617705;29/07/2024;segunda-feira;15:00:00;MG;381;938;EXTREMA;Reação tardia ou ineficiente do condutor;Tombamento;Com Vítimas Feridas;Pleno dia;Decrescente;Céu Claro;Dupla;Curva;Não;2;0;2;0;0;0;2;1;-22,81194718;-46,2884903;SPRF-MG;DEL16-MG;UOP03-DEL16-MG
617706;29/07/2024;segunda-feira;15:00:00;PR;158;518,6;PATO BRANCO;Reação tardia ou ineficiente do condutor;Saída de leito carroçável;Com Vítimas Feridas;Pleno dia;Decrescente;Nublado;Simples;Reta;Não;3;0;1;2;0;0;3;1;-26,09143093;-52,64434119;SPRF-PR;DEL02-PR;UOP01-DEL02-PR
617707;29/07/2024;segunda-feira;14:40:00;GO;60;110;GOIANAPOLIS;Reação tardia ou ineficiente do condutor;Saída de leito carroçável;Com Vítimas Feridas;Pleno dia;Crescente;Céu Claro;Dupla;Curva;Não;1;0;0;1;0;0;1;1;-16,45;-49,0316;SPRF-GO;DEL01-GO;UOP01-DEL01-GO
617709;29/07/2024;segunda-feira;15:20:00;PR;277;32;MORRETES;Pista Escorregadia;Saída de leito carroçável;Com Vítimas Feridas;Pleno dia;Decrescente;Garoa/Chuvisco;Dupla;"Declive;Curva";Não;2;0;1;0;1;0;1;1;-25,56319416;-48,81362915;SPRF-PR;DEL01-PR;UOP05-DEL01-PR
617710;29/07/2024;segunda-feira;16:00:00;SP;116;230,1;SAO PAULO;Objeto estático sobre o leito carroçável;Colisão com objeto;Com Vítimas Feridas;Pleno dia;Crescente;Nublado;Múltipla;Reta;Sim;3;0;2;0;1;0;2;1;-23,52251783;-46,5855702;SPRF-SP;DEL01-SP;UOP01-DEL01-SP
617712;29/07/2024;segunda-feira;16:15:00;PE;232;78;GRAVATA;Ultrapassagem Indevida;Colisão lateral mesmo sentido;Sem Vítimas;Pleno dia;Decrescente;Céu Claro;Dupla;Reta;Sim;3;0;0;0;1;2;0;2;-8,19352284;-35,55358171;SPRF-PE;DEL02-PE;UOP02-DEL02PE
617713;29/07/2024;segunda-feira;12:25:00;MG;251;342;FRUTA DE LEITE;Condutor Dormindo;Colisão com objeto;Com Vítimas Feridas;Pleno dia;Decrescente;Céu Claro;Simples;"Retorno Regulamentado;Interseção de Vias;Curva";Não;3;0;2;0;1;0;2;1;-16,25627071;-42,49108406;SPRF-MG;DEL12-MG;UOP02-DEL12-MG
617714;29/07/2024;segunda-feira;09:00:00;PR;163;167;LINDOESTE;Acessar a via sem observar a presença dos outros veículos;Colisão transversal;Com Vítimas Feridas;Pleno dia;Decrescente;Nublado;Dupla;"Reta;Interseção de Vias";Sim;5;0;2;0;3;0;2;2;-25,29248982;-53,57038619;SPRF-PR;DEL05-PR;UOP05-DEL05-PR
617715;29/07/2024;segunda-feira;16:15:00;MG;262;481,1;BOM DESPACHO;Ultrapassagem Indevida;Colisão frontal;Com Vítimas Feridas;Pleno dia;Decrescente;Sol;Simples;Reta;Não;4;0;1;0;3;0;1;2;-19,78606988;-45,29440001;SPRF-MG;DEL08-MG;UOP03-DEL08-MG
617716;29/07/2024;segunda-feira;15:30:00;BA;235;350,9;JUAZEIRO;Transitar no Acostamento;Colisão traseira;Com Vítimas Feridas;Pleno dia;Decrescente;Céu Claro;Simples;Reta;Sim;2;0;0;1;1;0;1;2;-9,42860806;-40,50415635;SPRF-PE;DEL06-PE;UOP01-DEL06-PE
617717;09/07/2024;terça-feira;18:30:00;RO;425;81;NOVA MAMORE;Condutor deixou de manter distância do veículo da frente;Colisão lateral mesmo sentido;Com Vítimas Feridas;Anoitecer;Decrescente;Céu Claro;Simples;Interseção de Vias;Sim;4;0;0;1;1;2;1;3;-10,246915;-65,287827;SPRF-RO;DEL01-RO;UOP03-DEL01-RO
617718;29/07/2024;segunda-feira;16:50:00;PB;101;88;JOAO PESSOA;Condutor deixou de manter distância do veículo da frente;Colisão traseira;Com Vítimas Feridas;Pleno dia;Decrescente;Nublado;Dupla;"Interseção de Vias;Reta";Sim;2;0;1;0;0;1;1;2;-7,16470016;-34,89993643;SPRF-PB;DEL01-PB;UOP01-DEL01-PB
617719;29/07/2024;segunda-feira;14:35:00;RJ;101;309;SAO GONCALO;Ausência de reação do condutor;Queda de ocupante de veículo;Com Vítimas Feridas;Pleno dia;Crescente;Céu Claro;Dupla;Reta;Sim;1;0;1;0;0;0;1;1;-22,79498873;-43,03446105;SPRF-RJ;DEL02-RJ;UOP02-DEL02-RJ
617720;29/07/2024;segunda-feira;13:30:00;PR;376;439;TIBAGI;Velocidade Incompatível;Capotamento;Com Vítimas Feridas;Pleno dia;Crescente;Chuva;Dupla;Curva;Não;2;0;1;0;1;0;1;1;-24,85445193;-50,46069175;SPRF-PR;DEL03-PR;UOP02-DEL03-PR
617724;29/07/2024;segunda-feira;16:15:00;PR;277;126;CAMPO LARGO;Acessar a via sem observar a presença dos outros veículos;Colisão transversal;Com Vítimas Feridas;Pleno dia;Decrescente;Nublado;Dupla;Interseção de Vias;Não;2;0;1;0;1;0;1;2;-25,46417037;-49,58982825;SPRF-PR;DEL03-PR;UOP03-DEL03-PR
617725;29/07/2024;segunda-feira;16:40:00;MG;262;518;LUZ;Condutor deixou de manter distância do veículo da frente;Colisão traseira;Sem Vítimas;Pleno dia;Decrescente;Céu Claro;Simples;Reta;Não;2;0;0;0;2;0;0;2;-19,79125663;-45,60083807;SPRF-MG;DEL08-MG;UOP03-DEL08-MG
617726;29/07/2024;segunda-feira;17:00:00;TO;153;358,3;FORTALEZA DO TABOCAO;Acessar a via sem observar a presença dos outros veículos;Colisão transversal;Com Vítimas Fatais;Pleno dia;Crescente;Céu Claro;Simples;"Interseção de Vias;Reta";Não;3;1;0;0;2;0;0;2;-9,02301795;-48,50307549;SPRF-TO;DEL02-TO;UOP02-DEL02-TO
617727;29/07/2024;segunda-feira;17:00:00;RS;472;577;URUGUAIANA;Acessar a via sem observar a presença dos outros veículos;Atropelamento de Pedestre;Com Vítimas Feridas;Pleno dia;Decrescente;Céu Claro;Simples;Reta;Sim;3;0;1;0;1;1;1;2;-29,78115876;-57,06565976;SPRF-RS;DEL13-RS;UOP01-DEL13-RS
617728;29/07/2024;segunda-feira;16:41:00;SC;470;71;INDAIAL;Reação tardia ou ineficiente do condutor;Colisão traseira;Com Vítimas Feridas;Pleno dia;Decrescente;Céu Claro;Simples;"Reta;Em Obras";Não;2;0;2;0;0;0;2;2;-26,895243;-49,262104;SPRF-SC;DEL04-SC;UOP01-DEL04-SC
617729;29/07/2024;segunda-feira;17:25:00;DF;70;6,7;BRASILIA;Ausência de reação do condutor;Atropelamento de Animal;Com Vítimas Feridas;Pleno dia;Crescente;Céu Claro;Dupla;Reta;Sim;1;0;1;0;0;0;1;1;-15,791242;-48,105759;SPRF-DF;DEL03-DF;UOP02-DEL03-DF
617730;29/07/2024;segunda-feira;17:10:00;PR;277;660;MATELANDIA;Reação tardia ou ineficiente do condutor;Saída de leito carroçável;Com Vítimas Feridas;Pleno dia;Crescente;Nublado;Dupla;"Reta;Declive";Não;4;0;4;0;0;0;4;1;-25,25210971;-53,99158001;SPRF-PR;DEL05-PR;UOP02-DEL05-PR
617731;29/07/2024;segunda-feira;16:30:00;PR;373;180,4;PONTA GROSSA;Retorno proibido;Colisão transversal;Com Vítimas Fatais;Pleno dia;Decrescente;Nublado;Simples;Reta;Sim;2;1;0;0;1;0;0;2;-25,04266233;-50,25791089;SPRF-PR;DEL03-PR;UOP01-DEL03-PR
617732;29/07/2024;segunda-feira;17:55:00;DF;40;0,8;BRASILIA;Trafegar com motocicleta (ou similar) entre as faixas;Colisão lateral mesmo sentido;Com Vítimas Feridas;Anoitecer;Crescente;Céu Claro;Dupla;Reta;Não;2;0;1;0;1;0;1;2;-15,976897;-47,990129;SPRF-DF;DEL01-DF;UOP01-DEL01-DF
617733;29/07/2024;segunda-feira;17:55:00;RS;470;218,1;BENTO GONCALVES;Acessar a via sem observar a presença dos outros veículos;Colisão transversal;Com Vítimas Feridas;Plena Noite;Crescente;Garoa/Chuvisco;Simples;Interseção de Vias;Sim;3;0;1;0;2;0;1;2;-29,17292214;-51,52424936;SPRF-RS;DEL06-RS;UOP01-DEL06-RS
617734;29/07/2024;segunda-feira;13:30:00;BA;324;548;AMELIA RODRIGUES;Reação tardia ou ineficiente do condutor;Colisão traseira;Com Vítimas Feridas;Pleno dia;Decrescente;Céu Claro;Dupla;"Aclive;Reta";Não;2;0;0;1;1;0;1;2;-12,42569708;-38,73745605;SPRF-BA;DEL01-BA;UOP03-DEL01-BA
617735;29/07/2024;segunda-feira;16:40:00;BA;324;614;SALVADOR;Trafegar com motocicleta (ou similar) entre as faixas;Colisão lateral mesmo sentido;Com Vítimas Feridas;Pleno dia;Decrescente;Céu Claro;Dupla;Reta;Sim;4;0;1;0;3;0;1;3;-12,8639793;-38,42370126;SPRF-BA;DEL01-BA;UOP01-DEL01-BA
617737;29/07/2024;segunda-feira;18:00:00;SC;101;117;ITAJAI;Manobra de mudança de faixa;Colisão traseira;Com Vítimas Feridas;Plena Noite;Crescente;Nublado;Dupla;Reta;Sim;2;0;1;0;1;0;1;2;-26,88747187;-48,72252969;SPRF-SC;DEL04-SC;UOP04-DEL04-SC
617739;29/07/2024;segunda-feira;16:30:00;PI;343;589;FLORIANO;Ausência de reação do condutor;Colisão transversal;Com Vítimas Feridas;Pleno dia;Crescente;Céu Claro;Dupla;Reta;Sim;2;0;2;0;0;0;2;2;-6,776695;-43,009346;SPRF-PI;DEL03-PI;UOP01-DEL03-PI
617740;29/07/2024;segunda-feira;18:00:00;RS;116;2;PORTO ALEGRE;Trafegar com motocicleta (ou similar) entre as faixas;Colisão lateral mesmo sentido;Com Vítimas Feridas;Anoitecer;Decrescente;Chuva;Dupla;Reta;Sim;2;0;1;0;1;0;1;2;-29,98378738;-51,18063211;SPRF-RS;DEL05-RS;UOP03-DEL05-RS
617741;20/07/2024;sábado;19:10:00;RS;290;206;RIO PARDO;Manobra de mudança de faixa;Colisão lateral sentido oposto;Com Vítimas Feridas;Plena Noite;Decrescente;Céu Claro;Simples;Reta;Não;5;0;0;2;3;0;2;4;-30,16828192;-52,2877121;SPRF-RS;DEL02-RS;UOP03-DEL02-RS
617742;29/07/2024;segunda-feira;18:34:00;TO;153;138;ARAGUAINA;Acessar a via sem observar a presença dos outros veículos;Colisão transversal;Com Vítimas Feridas;Plena Noite;Decrescente;Céu Claro;Dupla;Rotatória;Sim;4;0;1;0;3;0;1;2;-7,1619359;-48,20552945;SPRF-TO;DEL02-TO;UOP01-DEL02-TO
617743;29/07/2024;segunda-feira;18:40:00;BA;324;472;TANQUINHO;Reação tardia ou ineficiente do condutor;Colisão frontal;Com Vítimas Feridas;Anoitecer;Decrescente;Céu Claro;Simples;"Aclive;Reta";Sim;2;0;0;2;0;0;2;2;-11,9777444;-39,11372518;SPRF-BA;DEL02-BA;UOP01-DEL02-BA
617745;29/07/2024;segunda-feira;14:45:00;RO;364;387,7;OURO PRETO DO OESTE;Acessar a via sem observar a presença dos outros veículos;Colisão transversal;Com Vítimas Feridas;Pleno dia;Decrescente;Céu Claro;Simples;Interseção de Vias;Não;3;0;2;1;0;0;3;2;-10,69413222;-62,26827726;SPRF-RO;DEL03-RO;UOP02-DEL03-RO
617746;29/07/2024;segunda-feira;18:00:00;PR;369;185,5;ARAPONGAS;Reação tardia ou ineficiente do condutor;Colisão traseira;Com Vítimas Feridas;Anoitecer;Decrescente;Nublado;Simples;Reta;Sim;2;0;1;0;1;0;1;2;-23,41438987;-51,42687857;SPRF-PR;DEL07-PR;UOP03-DEL07-PR
617747;29/07/2024;segunda-feira;18:30:00;GO;153;509,2;APARECIDA DE GOIANIA;Demais falhas na via;Tombamento;Com Vítimas Feridas;Plena Noite;Decrescente;Céu Claro;Múltipla;"Reta;Declive";Sim;1;0;1;0;0;0;1;1;-16,7888;-49,2379;SPRF-GO;DEL01-GO;UOP03-DEL01-GO
617750;29/07/2024;segunda-feira;18:20:00;SP;116;206;GUARULHOS;Trafegar com motocicleta (ou similar) entre as faixas;Colisão lateral mesmo sentido;Com Vítimas Feridas;Plena Noite;Crescente;Garoa/Chuvisco;Múltipla;Reta;Não;4;0;2;0;2;0;2;3;-23,41722629;-46,37510292;SPRF-SP;DEL01-SP;UOP01-DEL01-SP
617751;29/07/2024;segunda-feira;16:30:00;MG;365;662;MONTE ALEGRE DE MINAS;Acesso irregular;Saída de leito carroçável;Com Vítimas Feridas;Pleno dia;Crescente;Céu Claro;Dupla;Reta;Não;2;0;2;0;0;0;2;2;-18,89348512;-48,66133904;SPRF-MG;DEL15-MG;UOP01-DEL15-MG
617752;29/07/2024;segunda-feira;18:25:00;MG;116;702,2;MURIAE;Reação tardia ou ineficiente do condutor;Colisão traseira;Com Vítimas Feridas;Plena Noite;Decrescente;Nublado;Simples;Rotatória;Sim;3;0;1;0;2;0;1;2;-21,11938311;-42,38006362;SPRF-MG;DEL07-MG;UOP02-DEL07-MG
617754;29/07/2024;segunda-feira;19:00:00;ES;101;149,4;LINHARES;Manobra de mudança de faixa;Colisão lateral mesmo sentido;Com Vítimas Feridas;Plena Noite;Crescente;Céu Claro;Dupla;"Interseção de Vias;Reta";Sim;3;0;1;0;1;1;1;3;-19,39619083;-40,06435871;SPRF-ES;DEL04-ES;UOP01-DEL04-ES
617755;29/07/2024;segunda-feira;19:25:00;MG;381;487;BETIM;Acumulo de óleo sobre o pavimento;Tombamento;Com Vítimas Feridas;Plena Noite;Decrescente;Céu Claro;Dupla;Reta;Sim;1;0;1;0;0;0;1;1;-19,95563396;-44,11463928;SPRF-MG;DEL01-MG;UOP03-DEL01-MG
617756;29/06/2024;sábado;10:57:00;SC;470;56,5;BLUMENAU;Acessar a via sem observar a presença dos outros veículos;Colisão transversal;Com Vítimas Feridas;Pleno dia;Decrescente;Céu Claro;Simples;"Aclive;Reta";Sim;2;0;0;1;1;0;1;2;-26,87674;-49,127743;SPRF-SC;DEL04-SC;UOP01-DEL04-SC
617757;29/07/2024;segunda-feira;18:00:00;RN;405;7,6;MOSSORO;Acessar a via sem observar a presença dos outros veículos;Colisão lateral mesmo sentido;Com Vítimas Feridas;Plena Noite;Crescente;Céu Claro;Simples;Reta;Não;2;0;0;2;0;0;2;2;-5,19646118;-37,41586299;SPRF-RN;DEL04-RN;UOP02-DEL04-RN
617758;29/07/2024;segunda-feira;19:00:00;RN;110;45,5;MOSSORO;Condutor deixou de manter distância do veículo da frente;Colisão traseira;Sem Vítimas;Plena Noite;Decrescente;Céu Claro;Simples;Reta;Sim;2;0;0;0;1;1;0;2;-5,196592;-37,316536;SPRF-RN;DEL04-RN;UOP01-DEL04-RN
617759;29/07/2024;segunda-feira;19:20:00;GO;60;46,3;ALEXANIA;Manobra de mudança de faixa;Saída de leito carroçável;Com Vítimas Feridas;Plena Noite;Crescente;Céu Claro;Dupla;"Aclive;Curva";Sim;1;0;1;0;0;0;1;1;-16,1417;-48,5988;SPRF-GO;DEL02-GO;UOP01-DEL02-GO
617760;29/07/2024;segunda-feira;19:00:00;RJ;356;127;CAMPOS DOS GOYTACAZES;Pedestre andava na pista;Atropelamento de Pedestre;Com Vítimas Fatais;Plena Noite;Crescente;Céu Claro;Simples;Reta;Não;3;1;0;0;1;1;0;3;-21,67225879;-41,36006689;SPRF-RJ;DEL08-RJ;UOP01-DEL08-RJ
617762;29/07/2024;segunda-feira;19:45:00;SC;280;28,4;ARAQUARI;Acessar a via sem observar a presença dos outros veículos;Colisão transversal;Com Vítimas Feridas;Plena Noite;Decrescente;Garoa/Chuvisco;Simples;"Reta;Interseção de Vias";Sim;2;0;0;1;1;0;1;2;-26,40420905;-48,74530792;SPRF-SC;DEL03-SC;UOP03-DEL03-SC
617763;29/07/2024;segunda-feira;17:15:00;RJ;101;584;PARATY;Velocidade Incompatível;Colisão traseira;Com Vítimas Fatais;Anoitecer;Decrescente;Nublado;Simples;Curva;Não;2;1;0;1;0;0;1;2;-23,269174;-44,68238;SPRF-RJ;DEL03-RJ;UOP04-DEL03-RJ
617764;29/07/2024;segunda-feira;19:30:00;MG;153;112;PRATA;Demais falhas mecânicas ou elétricas;Incêndio;Sem Vítimas;Plena Noite;Crescente;Céu Claro;Simples;"Interseção de Vias;Curva";Não;1;0;0;0;1;0;0;1;-19,33228987;-48,90407174;SPRF-MG;DEL15-MG;UOP03-DEL15-MG
617765;29/07/2024;segunda-feira;17:50:00;SC;101;359,4;SANGAO;Ausência de sinalização;Colisão frontal;Com Vítimas Feridas;Anoitecer;Decrescente;Chuva;Múltipla;"Reta;Interseção de Vias";Sim;4;0;1;0;3;0;1;2;-28,66265029;-49,11223412;SPRF-SC;DEL02-SC;UOP01-DEL02-SC
617766;29/07/2024;segunda-feira;19:00:00;RS;470;244;BARAO;Manobra de mudança de faixa;Colisão transversal;Com Vítimas Feridas;Plena Noite;Crescente;Chuva;Dupla;Reta;Sim;2;0;0;1;1;0;1;2;-29,36247007;-51,51749611;SPRF-RS;DEL06-RS;UOP01-DEL06-RS
617767;29/07/2024;segunda-feira;19:00:00;BA;242;710;CRISTOPOLIS;Pedestre andava na pista;Atropelamento de Pedestre;Com Vítimas Fatais;Plena Noite;Decrescente;Céu Claro;Simples;Reta;Não;2;1;0;0;0;1;0;2;-12,22304;-44,302163;SPRF-BA;DEL06-BA;UOP03-DEL06-BA
617768;29/07/2024;segunda-feira;20:00:00;PE;232;9;RECIFE;Pedestre cruzava a pista fora da faixa;Atropelamento de Pedestre;Com Vítimas Fatais;Plena Noite;Decrescente;Céu Claro;Dupla;Reta;Sim;4;1;0;0;3;0;0;2;-8,07764447;-34,97863609;SPRF-PE;DEL01-PE;UOP01-DEL01-PE
617771;29/07/2024;segunda-feira;18:20:00;RJ;393;191;PARAIBA DO SUL;Frear bruscamente;Capotamento;Com Vítimas Feridas;Anoitecer;Decrescente;Céu Claro;Simples;Reta;Não;3;0;2;0;1;0;2;1;-22,17254802;-43,33017899;SPRF-RJ;DEL05-RJ;UOP03-DEL05-RJ
617772;29/07/2024;segunda-feira;17:45:00;GO;60;165,7;GOIANIA;Demais falhas mecânicas ou elétricas;Queda de ocupante de veículo;Com Vítimas Feridas;Pleno dia;Crescente;Céu Claro;Dupla;"Reta;Aclive";Sim;1;0;1;0;0;0;1;1;-16,7084;-49,3503;SPRF-GO;DEL01-GO;UOP02-DEL01-GO
617776;29/07/2024;segunda-feira;16:00:00;MG;381;569,2;ITAGUARA;Demais falhas mecânicas ou elétricas;Incêndio;Sem Vítimas;Pleno dia;Crescente;Céu Claro;Dupla;Reta;Não;2;0;0;0;2;0;0;1;-20,43178144;-44,55193736;SPRF-MG;DEL04-MG;UOP03-DEL04-MG
617778;29/07/2024;segunda-feira;12:00:00;MS;262;210;RIBAS DO RIO PARDO;Animais na Pista;Atropelamento de Animal;Sem Vítimas;Pleno dia;Crescente;Céu Claro;Simples;"Declive;Reta";Não;1;0;0;0;0;1;0;1;-20,46526252;-53,48095699;SPRF-MS;DEL01-MS;UOP05-DEL01-MS
617779;29/07/2024;segunda-feira;17:45:00;PA;153;56;SAO DOMINGOS DO ARAGUAIA;Reação tardia ou ineficiente do condutor;Saída de leito carroçável;Com Vítimas Feridas;Pleno dia;Crescente;Céu Claro;Simples;Curva;Não;1;0;0;1;0;0;1;1;-5,612758;-48,716549;SPRF-PA;DEL03-PA;UOP01-DEL03-PA
617781;29/07/2024;segunda-feira;20:15:00;PR;376;175,4;MARINGA;Manobra de mudança de faixa;Colisão com objeto;Com Vítimas Feridas;Anoitecer;Decrescente;Céu Claro;Múltipla;Declive;Sim;1;0;1;0;0;0;1;1;-23,4113569;-51,9407767;SPRF-PR;DEL09-PR;UOP01-DEL09-PR
617782;29/07/2024;segunda-feira;12:00:00;PR;153;497;PAULA FREITAS;Mal súbito do condutor;Colisão frontal;Com Vítimas Fatais;Pleno dia;Decrescente;Chuva;Simples;Reta;Não;7;1;2;3;1;0;5;3;-26,172022;-50,91258;SPRF-PR;DEL02-PR;UOP03-DEL02-PR
617784;29/07/2024;segunda-feira;19:30:00;RJ;40;105;DUQUE DE CAXIAS;Reação tardia ou ineficiente do condutor;Colisão frontal;Com Vítimas Feridas;Plena Noite;Crescente;Céu Claro;Múltipla;"Reta;Interseção de Vias";Sim;2;0;2;0;0;0;2;2;-22,63784806;-43,28428824;SPRF-RJ;DEL01-RJ;UOP02-DEL01-RJ
617785;29/07/2024;segunda-feira;20:25:00;MG;262;42,7;MANHUACU;Ausência de reação do condutor;Saída de leito carroçável;Com Vítimas Feridas;Plena Noite;Crescente;Céu Claro;Simples;"Declive;Curva";Não;2;0;1;0;1;0;1;1;-20,26976316;-42,06894006;SPRF-MG;DEL06-MG;UOP03-DEL06-MG
617789;29/07/2024;segunda-feira;19:45:00;MT;70;520;VARZEA GRANDE;Acessar a via sem observar a presença dos outros veículos;Colisão transversal;Com Vítimas Feridas;Plena Noite;Decrescente;Céu Claro;Simples;Rotatória;Sim;2;0;2;0;0;0;2;2;-15,66794707;-56,18180752;SPRF-MT;DEL01-MT;UOP02-DEL01-MT
617790;29/07/2024;segunda-feira;18:40:00;PR;116;65;QUATRO BARRAS;Reação tardia ou ineficiente do condutor;Saída de leito carroçável;Sem Vítimas;Plena Noite;Decrescente;Garoa/Chuvisco;Dupla;Curva;Não;1;0;0;0;1;0;0;1;-25,31031746;-49,00207969;SPRF-PR;DEL01-PR;UOP02-DEL01-PR
617793;29/07/2024;segunda-feira;22:24:00;TO;153;144;ARAGUAINA;Reação tardia ou ineficiente do condutor;Saída de leito carroçável;Com Vítimas Feridas;Plena Noite;Crescente;Céu Claro;Dupla;Reta;Sim;1;0;1;0;0;0;1;1;-7,19662811;-48,23636977;SPRF-TO;DEL02-TO;UOP01-DEL02-TO
617794;29/07/2024;segunda-feira;20:40:00;RJ;116;275;BARRA MANSA;Transitar na contramão;Colisão frontal;Com Vítimas Feridas;Plena Noite;Crescente;Céu Claro;Simples;Curva;Sim;5;0;2;2;1;0;4;2;-22,56207185;-44,15671311;SPRF-RJ;DEL07-RJ;UOP02-DEL07-RJ
617796;29/07/2024;segunda-feira;22:05:00;SP;116;41;CACHOEIRA PAULISTA;Objeto estático sobre o leito carroçável;Colisão com objeto;Com Vítimas Feridas;Plena Noite;Crescente;Céu Claro;Múltipla;Reta;Não;4;0;3;0;1;0;3;1;-22,68631027;-45,0146498;SPRF-SP;DEL08-SP;UOP02-DEL08-SP
617797;29/07/2024;segunda-feira;22:25:00;PE;423;67,7;JUPI;Demais falhas mecânicas ou elétricas;Incêndio;Sem Vítimas;Plena Noite;Decrescente;Céu Claro;Simples;Reta;Não;1;0;0;0;1;0;0;1;-8,67054427;-36,38419094;SPRF-PE;DEL03-PE;UOP01-DEL03-PE
617798;29/07/2024;segunda-feira;23:00:00;MG;262;356;BETIM;Deficiência do Sistema de Iluminação/Sinalização;Incêndio;Sem Vítimas;Plena Noite;Decrescente;Céu Claro;Simples;"Aclive;Rotatória;Retorno Regulamentado";Não;1;0;0;0;0;1;0;1;-19,98040709;-44,22546387;SPRF-MG;DEL01-MG;UOP03-DEL01-MG
617799;29/07/2024;segunda-feira;20:00:00;SP;116;362;MIRACATU;Chuva;Saída de leito carroçável;Sem Vítimas;Plena Noite;Crescente;Garoa/Chuvisco;Dupla;Curva;Não;1;0;0;0;1;0;0;1;-24,1220177;-47,27047772;SPRF-SP;DEL04-SP;UOP03-DEL04-SP
617800;29/07/2024;segunda-feira;23:15:00;SC;101;282,2;IMBITUBA;Acessar a via sem observar a presença dos outros veículos;Colisão transversal;Com Vítimas Feridas;Plena Noite;Decrescente;Garoa/Chuvisco;Dupla;"Rotatória;Viaduto;Interseção de Vias";Sim;2;0;1;0;1;0;1;2;-28,19626005;-48,69739859;SPRF-SC;DEL02-SC;UOP03-DEL02-SC
617801;30/07/2024;terça-feira;01:00:00;MG;262;374;JUATUBA;Ausência de reação do condutor;Capotamento;Com Vítimas Feridas;Plena Noite;Crescente;Céu Claro;Dupla;Reta;Não;1;0;1;0;0;0;1;1;-19,96727284;-44,33288566;SPRF-MG;DEL01-MG;UOP03-DEL01-MG
617804;30/07/2024;terça-feira;00:30:00;ES;101;67;SAO MATEUS;Condutor desrespeitou a iluminação vermelha do semáforo;Colisão transversal;Com Vítimas Feridas;Plena Noite;Decrescente;Céu Claro;Dupla;Interseção de Vias;Sim;2;0;1;0;1;0;1;2;-18,72054021;-39,8658931;SPRF-ES;DEL04-ES;UOP02-DEL04-ES
617805;29/07/2024;segunda-feira;23:50:00;GO;60;167;GOIANIA;Reação tardia ou ineficiente do condutor;Capotamento;Com Vítimas Feridas;Plena Noite;Crescente;Céu Claro;Dupla;"Reta;Aclive";Não;1;0;0;1;0;0;1;1;-16,7175;-49,3663;SPRF-GO;DEL01-GO;UOP02-DEL01-GO