id;data_inversa;dia_semana;horario;uf;br;km;municipio;causa_acidente;tipo_acidente;classificacao_acidente;fase_dia;sentido_via;condicao_metereologica;tipo_pista;tracado_via;uso_solo;pessoas;mortos;feridos_leves;feridos_graves;ilesos;ignorados;feridos;veiculos;latitude;longitude;regional;delegacia;uop
617806;30/07/2024;terça-feira;01:50:00;MG;50;182,5;UBERABA;Reação tardia ou ineficiente do condutor;Tombamento;Com Vítimas Feridas;Plena Noite;Decrescente;Céu Claro;Dupla;Reta;Sim;1;0;0;1;0;0;1;1;-19,793806;-47,911165;SPRF-MG;DEL13-MG;UOP01-DEL13-MG
617807;29/07/2024;segunda-feira;17:45:00;MS;262;11,4;TRES LAGOAS;Entrada inopinada do pedestre;Atropelamento de Pedestre;Com Vítimas Feridas;Anoitecer;Crescente;Céu Claro;Simples;Reta;Sim;2;0;2;0;0;0;2;2;-20,81622397;-51,70151002;SPRF-MS;DEL07-MS;UOP01-DEL07-MS
617810;30/07/2024;terça-feira;05:19:00;RN;406;169;SAO GONCALO DO AMARANTE;Ausência de reação do condutor;Queda de ocupante de veículo;Com Vítimas Feridas;Amanhecer;Crescente;Céu Claro;Dupla;"Declive;Retorno Regulamentado";Sim;1;0;1;0;0;0;1;1;-5,75570118;-35,30728507;SPRF-RN;DEL02-RN;UOP01-DEL02-RN
617811;30/07/2024;terça-feira;06:24:00;DF;40;7;BRASILIA;Acumulo de óleo sobre o pavimento;Queda de ocupante de veículo;Com Vítimas Feridas;Amanhecer;Decrescente;Céu Claro;Dupla;Reta;Sim;2;0;1;0;1;0;1;1;-16,038666;-47,979691;SPRF-DF;DEL01-DF;UOP01-DEL01-DF
617815;29/07/2024;segunda-feira;17:45:00;MG;40;44,5;PARACATU;Condutor deixou de manter distância do veículo da frente;Colisão traseira;Com Vítimas Feridas;Anoitecer;Decrescente;Céu Claro;Simples;Reta;Sim;3;0;1;0;2;0;1;2;-17,23101648;-46,85390396;SPRF-MG;DEL14-MG;UOP01-DEL14-MG
617816;30/07/2024;terça-feira;06:40:00;SC;282;4;SAO JOSE;Manobra de mudança de faixa;Colisão lateral mesmo sentido;Com Vítimas Feridas;Pleno dia;Decrescente;Céu Claro;Múltipla;"Viaduto;Reta";Sim;2;0;1;0;1;0;1;2;-27,592646;-48,604034;SPRF-SC;DEL01-SC;UOP01-DEL01-SC
617818;30/07/2024;terça-feira;06:45:00;RS;116;153,3;CAXIAS DO SUL;Acessar a via sem observar a presença dos outros veículos;Colisão traseira;Com Vítimas Feridas;Amanhecer;Decrescente;Nublado;Dupla;"Rotatória;Curva";Sim;2;0;1;0;1;0;1;2;-29,18579758;-51,17713005;SPRF-RS;DEL05-RS;UOP01-DEL05-RS
617823;30/07/2024;terça-feira;07:15:00;ES;101;144,8;LINHARES;Ultrapassagem Indevida;Tombamento;Com Vítimas Feridas;Pleno dia;Crescente;Garoa/Chuvisco;Dupla;Reta;Sim;2;0;1;0;0;1;1;2;-19,35188295;-40,0636685;SPRF-ES;DEL04-ES;UOP01-DEL04-ES
617824;30/07/2024;terça-feira;07:00:00;PR;376;602;CURITIBA;Demais falhas mecânicas ou elétricas;Tombamento;Com Vítimas Feridas;Pleno dia;Crescente;Nublado;Múltipla;"Interseção de Vias;Reta";Não;2;0;2;0;0;0;2;1;-25,54329052;-49,30719981;SPRF-PR;DEL01-PR;UOP06-DEL01-PR
617825;30/07/2024;terça-feira;06:30:00;MG;381;826,7;CAREACU;Velocidade Incompatível;Saída de leito carroçável;Com Vítimas Feridas;Amanhecer;Decrescente;Céu Claro;Dupla;Reta;Não;2;0;1;0;0;1;1;2;-22,14933481;-45,76139624;SPRF-MG;DEL16-MG;UOP01-DEL16-MG
617827;30/07/2024;terça-feira;06:50:00;MG;40;606;CONGONHAS;Animais na Pista;Atropelamento de Animal;Com Vítimas Feridas;Pleno dia;Decrescente;Céu Claro;Simples;"Declive;Curva";Sim;1;0;1;0;0;0;1;1;-20,46834617;-43,84095284;SPRF-MG;DEL05-MG;UOP02-DEL05-MG
617828;30/07/2024;terça-feira;07:30:00;GO;40;7,2;LUZIANIA;Manobra de mudança de faixa;Colisão lateral mesmo sentido;Sem Vítimas;Pleno dia;Decrescente;Céu Claro;Dupla;Reta;Sim;1;0;0;0;1;0;0;1;-16,108482;-47,972524;SPRF-DF;DEL01-DF;UOP01-DEL01-DF
617830;30/07/2024;terça-feira;03:30:00;PE;101;83;RECIFE;Ausência de reação do condutor;Capotamento;Sem Vítimas;Plena Noite;Decrescente;Ignorado;Dupla;Reta;Não;1;0;0;0;0;1;0;1;-8,175172;-34,942642;SPRF-PE;DEL01-PE;UOP01-DEL01-PE
617831;30/07/2024;terça-feira;06:35:00;TO;10;456;PALMAS;Manobra de mudança de faixa;Colisão lateral mesmo sentido;Com Vítimas Feridas;Pleno dia;Crescente;Céu Claro;Dupla;"Interseção de Vias;Reta";Sim;3;0;1;0;1;1;1;3;-10,29797;-48,29758;SPRF-TO;DEL01-TO;UOP03-DEL01-TO
617832;30/07/2024;terça-feira;00:30:00;RO;364;421;JARU;Ausência de reação do condutor;Colisão com objeto;Com Vítimas Feridas;Plena Noite;Decrescente;Céu Claro;Múltipla;"Desvio Temporário;Em Obras";Sim;1;0;1;0;0;0;1;1;-10,46729967;-62,45088748;SPRF-RO;DEL03-RO;UOP02-DEL03-RO
617835;30/07/2024;terça-feira;07:50:00;SC;101;213,4;PALHOCA;Desrespeitar a preferência no cruzamento;Colisão transversal;Com Vítimas Feridas;Pleno dia;Decrescente;Nublado;Simples;"Reta;Interseção de Vias";Sim;3;0;1;0;2;0;1;2;-27,64443;-48,67057;SPRF-SC;DEL01-SC;UOP02-DEL01-SC
617836;30/07/2024;terça-feira;08:13:00;RJ;116;182;NOVA IGUACU;Acessar a via sem observar a presença dos outros veículos;Colisão lateral mesmo sentido;Com Vítimas Feridas;Pleno dia;Decrescente;Céu Claro;Dupla;Reta;Não;2;0;1;0;1;0;1;2;-22,7567755;-43,43107234;SPRF-RJ;DEL06-RJ;UOP01-DEL06-RJ
617838;25/06/2024;terça-feira;18:40:00;PE;232;409;SERRA TALHADA;Reação tardia ou ineficiente do condutor;Queda de ocupante de veículo;Com Vítimas Feridas;Plena Noite;Decrescente;Nublado;Simples;Interseção de Vias;Sim;2;0;2;0;0;0;2;1;-7,981944;-38,289467;SPRF-PE;DEL04-PE;UOP01-DEL04-PE
617839;30/07/2024;terça-feira;07:20:00;SE;101;141;ESTANCIA;Manobra de mudança de faixa;Colisão lateral mesmo sentido;Com Vítimas Feridas;Pleno dia;Crescente;Céu Claro;Dupla;"Declive;Retorno Regulamentado";Não;3;0;1;1;1;0;2;3;-11,18123293;-37,40130617;SPRF-SE;DEL02-SE;UOP01-DEL02-SE
617843;30/07/2024;terça-feira;08:49:00;ES;101;271;SERRA;Ausência de reação do condutor;Queda de ocupante de veículo;Com Vítimas Feridas;Pleno dia;Decrescente;Céu Claro;Múltipla;Reta;Não;1;0;1;0;0;0;1;1;-20,23267;-40,27658;SPRF-ES;DEL02-ES;UOP01-DEL02-ES
617845;30/07/2024;terça-feira;07:50:00;SP;116;561;BARRA DO TURVO;Reação tardia ou ineficiente do condutor;Colisão com objeto;Com Vítimas Feridas;Pleno dia;Crescente;Chuva;Dupla;Curva;Não;2;0;1;0;1;0;1;1;-25,02045097;-48,51586004;SPRF-SP;DEL05-SP;UOP02-DEL05-SP
617846;30/07/2024;terça-feira;08:45:00;DF;40;6;BRASILIA;Manobra de mudança de faixa;Colisão lateral mesmo sentido;Com Vítimas Feridas;Pleno dia;Decrescente;Céu Claro;Dupla;Reta;Sim;2;0;1;0;1;0;1;2;-16,038666;-47,979691;SPRF-DF;DEL01-DF;UOP01-DEL01-DF
617847;30/07/2024;terça-feira;08:55:00;RN;101;94;NATAL;Condutor deixou de manter distância do veículo da frente;Colisão traseira;Com Vítimas Feridas;Pleno dia;Crescente;Sol;Múltipla;Reta;Sim;3;0;2;0;1;0;2;2;-5,83176615;-35,21191342;SPRF-RN;DEL01-RN;UOP01-DEL01-RN
617848;30/07/2024;terça-feira;09:00:00;PR;369;159;CAMBE;Ausência de reação do condutor;Queda de ocupante de veículo;Com Vítimas Feridas;Pleno dia;Decrescente;Nublado;Dupla;"Reta;Declive";Sim;1;0;1;0;0;0;1;1;-23,2848009;-51,24150574;SPRF-PR;DEL07-PR;UOP01-DEL07-PR
617849;30/07/2024;terça-feira;08:10:00;PR;277;81;CURITIBA;Reação tardia ou ineficiente do condutor;Colisão traseira;Com Vítimas Feridas;Pleno dia;Crescente;Garoa/Chuvisco;Simples;Reta;Sim;2;0;1;0;1;0;1;2;-25,463392;-49,217617;SPRF-PR;DEL01-PR;UOP07-DEL01-PR
617852;27/07/2024;sábado;19:20:00;MG;251;215;CACHOEIRA DE PAJEU;Demais falhas mecânicas ou elétricas;Incêndio;Sem Vítimas;Plena Noite;Crescente;Céu Claro;Simples;Reta;Não;2;0;0;0;2;0;0;1;-15,9160148;-41,58922223;SPRF-MG;DEL12-MG;UOP02-DEL12-MG
617853;28/04/2024;domingo;10:30:00;MG;251;296;SALINAS;Reação tardia ou ineficiente do condutor;Saída de leito carroçável;Com Vítimas Feridas;Pleno dia;Crescente;Céu Claro;Simples;Curva;Não;1;0;0;1;0;0;1;1;-16,06177401;-42,20170498;SPRF-MG;DEL12-MG;UOP02-DEL12-MG
617856;30/07/2024;terça-feira;07:30:00;RO;319;62;PORTO VELHO;Pedestre - Ingestão de álcool/ substâncias psicoativas;Atropelamento de Pedestre;Com Vítimas Feridas;Pleno dia;Crescente;Céu Claro;Dupla;Reta;Sim;2;0;1;0;0;1;1;2;-8,74911101;-63,88831973;SPRF-RO;DEL01-RO;UOP01-DEL01-RO
617857;28/03/2024;quinta-feira;06:10:00;PB;230;27,6;JOAO PESSOA;Condutor deixou de manter distância do veículo da frente;Colisão traseira;Com Vítimas Feridas;Pleno dia;Decrescente;Céu Claro;Dupla;Reta;Sim;3;0;0;1;1;1;1;3;-7,16511878;-34,89118338;SPRF-PB;DEL01-PB;UOP01-DEL01-PB
617858;15/05/2024;quarta-feira;14:05:00;PB;101;96;CONDE;Manobra de mudança de faixa;Tombamento;Com Vítimas Feridas;Pleno dia;Crescente;Sol;Dupla;"Reta;Em Obras";Não;1;0;1;0;0;0;1;1;-7,230921;-34,921149;SPRF-PB;DEL01-PB;UOP02-DEL01-PB
617860;30/07/2024;terça-feira;10:30:00;BA;324;516,7;FEIRA DE SANTANA;Acessar a via sem observar a presença dos outros veículos;Colisão transversal;Com Vítimas Feridas;Pleno dia;Decrescente;Céu Claro;Dupla;Reta;Sim;2;0;1;0;1;0;1;2;-12,2417119;-38,93768485;SPRF-BA;DEL02-BA;UOP01-DEL02-BA
617862;25/07/2024;quinta-feira;17:00:00;BA;101;467;AURELINO LEAL;Chuva;Saída de leito carroçável;Com Vítimas Feridas;Anoitecer;Decrescente;Chuva;Simples;Curva;Não;1;0;1;0;0;0;1;1;-14,47001249;-39,32714061;SPRF-BA;DEL05-BA;UOP01-DEL05-BA
617863;30/07/2024;terça-feira;10:00:00;PR;116;40;CAMPINA GRANDE DO SUL;Velocidade Incompatível;Saída de leito carroçável;Com Vítimas Feridas;Pleno dia;Decrescente;Garoa/Chuvisco;Dupla;Curva;Não;1;0;1;0;0;0;1;1;-25,16445203;-48,86237697;SPRF-PR;DEL01-PR;UOP02-DEL01-PR
617864;30/07/2024;terça-feira;06:00:00;PR;277;405,3;CANDOI;Condutor Dormindo;Saída de leito carroçável;Com Vítimas Feridas;Amanhecer;Decrescente;Céu Claro;Simples;"Curva;Aclive";Não;1;0;1;0;0;0;1;1;-25,45080512;-51,96868147;SPRF-PR;DEL04-PR;UOP02-DEL04-PR
617865;30/07/2024;terça-feira;10:30:00;PR;116;40;CAMPINA GRANDE DO SUL;Ausência de reação do condutor;Saída de leito carroçável;Com Vítimas Feridas;Pleno dia;Decrescente;Chuva;Dupla;Reta;Não;1;0;1;0;0;0;1;1;-25,16445203;-48,86237697;SPRF-PR;DEL01-PR;UOP02-DEL01-PR
617868;10/07/2024;quarta-feira;05:53:00;PE;232;559;PARNAMIRIM;Manobra de mudança de faixa;Colisão traseira;Sem Vítimas;Pleno dia;Decrescente;Céu Claro;Simples;Curva;Sim;2;0;0;0;1;1;0;2;-8,09321706;-39,56720299;SPRF-PE;DEL05-PE;UOP01-DEL05-PE
617869;30/07/2024;terça-feira;09:40:00;MG;381;480,1;CONTAGEM;Avarias e/ou desgaste excessivo no pneu;Tombamento;Com Vítimas Feridas;Pleno dia;Decrescente;Céu Claro;Múltipla;"Aclive;Reta";Não;1;0;1;0;0;0;1;1;-19,95749597;-44,07899901;SPRF-MG;DEL01-MG;UOP03-DEL01-MG
617870;30/07/2024;terça-feira;10:30:00;MG;354;734,6;POUSO ALTO;Acessar a via sem observar a presença dos outros veículos;Colisão transversal;Com Vítimas Feridas;Pleno dia;Decrescente;Céu Claro;Simples;Reta;Sim;3;0;3;0;0;0;3;2;-22,18823192;-44,97635454;SPRF-MG;DEL17-MG;UOP01-DEL17-MG
617871;30/07/2024;terça-feira;12:00:00;MG;354;745,6;POUSO ALTO;Velocidade Incompatível;Colisão transversal;Com Vítimas Feridas;Pleno dia;Crescente;Nublado;Simples;Rotatória;Não;2;0;1;0;0;1;1;2;-22,19645715;-44,97441512;SPRF-MG;DEL17-MG;UOP01-DEL17-MG
617872;30/07/2024;terça-feira;11:50:00;SP;381;33,9;ATIBAIA;Pista Escorregadia;Capotamento;Com Vítimas Feridas;Pleno dia;Crescente;Chuva;Dupla;"Declive;Curva";Sim;4;0;3;0;1;0;3;1;-23,0728028;-46,56673562;SPRF-SP;DEL03-SP;UOP02-DEL03-SP
617873;01/07/2024;segunda-feira;18:52:00;PB;361;5;PATOS;Acessar a via sem observar a presença dos outros veículos;Saída de leito carroçável;Com Vítimas Feridas;Anoitecer;Crescente;Céu Claro;Simples;Reta;Não;1;0;1;0;0;0;1;1;-7,0342983;-37,30232718;SPRF-PB;DEL03-PB;UOP01-DEL03-PB
617875;30/07/2024;terça-feira;13:30:00;MG;381;929,7;ITAPEVA;Pista Escorregadia;Tombamento;Com Vítimas Feridas;Pleno dia;Decrescente;Garoa/Chuvisco;Dupla;"Aclive;Reta";Não;2;0;1;0;1;0;1;1;-22,77254111;-46,23795748;SPRF-MG;DEL16-MG;UOP03-DEL16-MG
617878;30/07/2024;terça-feira;10:45:00;BA;116;815;VITORIA DA CONQUISTA;Transitar no Acostamento;Colisão transversal;Sem Vítimas;Pleno dia;Decrescente;Céu Claro;Simples;Reta;Não;3;0;0;0;3;0;0;2;-14,814067;-40,800197;SPRF-BA;DEL08-BA;UOP01-DEL08-BA
617879;30/07/2024;terça-feira;12:00:00;RJ;101;413;ITAGUAI;Chuva;Capotamento;Com Vítimas Feridas;Pleno dia;Decrescente;Chuva;Simples;Curva;Não;2;0;1;1;0;0;2;1;-22,89931896;-43,865293;SPRF-RJ;DEL03-RJ;UOP01-DEL03-RJ
617880;30/07/2024;terça-feira;12:45:00;RJ;101;1;RIO DE JANEIRO;Condutor deixou de manter distância do veículo da frente;Colisão traseira;Com Vítimas Feridas;Pleno dia;Crescente;Chuva;Simples;"Viaduto;Curva";Sim;4;0;1;0;3;0;1;3;-22,903263;-43,207874;SPRF-RJ;DEL02-RJ;UOP01-DEL02-RJ
617881;30/07/2024;terça-feira;13:30:00;RS;386;347,4;LAJEADO;Acessar a via sem observar a presença dos outros veículos;Colisão lateral mesmo sentido;Sem Vítimas;Pleno dia;Crescente;Sol;Simples;Reta;Sim;3;0;0;0;3;0;0;2;-29,451736;-51,965893;SPRF-RS;DEL04-RS;UOP01-DEL04-RS
617882;30/07/2024;terça-feira;12:40:00;MS;158;277;TRES LAGOAS;Ausência de reação do condutor;Colisão traseira;Com Vítimas Feridas;Pleno dia;Decrescente;Céu Claro;Simples;Curva;Sim;3;0;1;0;1;1;1;2;-20,81991691;-51,70965204;SPRF-MS;DEL07-MS;UOP01-DEL07-MS
617883;26/07/2024;sexta-feira;08:30:00;CE;222;231;SOBRAL;Reação tardia ou ineficiente do condutor;Queda de ocupante de veículo;Com Vítimas Feridas;Pleno dia;Decrescente;Céu Claro;Simples;Reta;Não;1;0;0;1;0;0;1;1;-3,70387638;-40,40089124;SPRF-CE;DEL04-CE;UOP01-DEL04-CE
617885;30/07/2024;terça-feira;14:05:00;MG;381;496,5;BETIM;Demais falhas mecânicas ou elétricas;Colisão traseira;Com Vítimas Feridas;Pleno dia;Decrescente;Céu Claro;Múltipla;Curva;Sim;2;0;0;1;1;0;1;2;-19,9754948;-44,1972276;SPRF-MG;DEL01-MG;UOP03-DEL01-MG
617886;30/07/2024;terça-feira;14:00:00;RJ;116;191;NOVA IGUACU;Ausência de reação do condutor;Tombamento;Com Vítimas Feridas;Pleno dia;Decrescente;Chuva;Dupla;Reta;Não;1;0;1;0;0;0;1;1;-22,74421443;-43,509822;SPRF-RJ;DEL06-RJ;UOP01-DEL06-RJ
617887;30/07/2024;terça-feira;14:00:00;SC;101;197,3;BIGUACU;Reação tardia ou ineficiente do condutor;Colisão traseira;Com Vítimas Feridas;Pleno dia;Decrescente;Nublado;Múltipla;Reta;Não;2;0;1;0;1;0;1;2;-27,51844497;-48,63848496;SPRF-SC;DEL01-SC;UOP01-DEL01-SC
617889;30/07/2024;terça-feira;10:30:00;MG;153;17;CENTRALINA;Manobra de mudança de faixa;Colisão lateral mesmo sentido;Com Vítimas Feridas;Pleno dia;Decrescente;Céu Claro;Dupla;Reta;Não;2;0;2;0;0;0;2;2;-18,569555;-49,193806;SPRF-MG;DEL15-MG;UOP03-DEL15-MG
617891;30/07/2024;terça-feira;12:50:00;RJ;116;174;SAO JOAO DE MERITI;Chuva;Tombamento;Com Vítimas Feridas;Pleno dia;Decrescente;Garoa/Chuvisco;Dupla;Reta;Sim;1;0;1;0;0;0;1;1;-22,79423806;-43,36403759;SPRF-RJ;DEL06-RJ;UOP01-DEL06-RJ
617892;30/07/2024;terça-feira;14:00:00;RJ;116;191;NOVA IGUACU;Ausência de reação do condutor;Colisão traseira;Com Vítimas Feridas;Pleno dia;Decrescente;Chuva;Dupla;Reta;Sim;2;0;1;0;1;0;1;2;-22,74421443;-43,509822;SPRF-RJ;DEL06-RJ;UOP01-DEL06-RJ
617896;07/07/2024;domingo;01:30:00;PR;476;99;BOCAIUVA DO SUL;Reação tardia ou ineficiente do condutor;Colisão frontal;Com Vítimas Feridas;Plena Noite;Crescente;Garoa/Chuvisco;Simples;Curva;Não;5;0;1;0;0;4;1;2;-25,241095;-49,129398;SPRF-PR;DEL01-PR;UOP01-DEL01-PR
617897;30/07/2024;terça-feira;15:00:00;RJ;101;189;CASIMIRO DE ABREU;Ausência de reação do condutor;Tombamento;Com Vítimas Feridas;Pleno dia;Decrescente;Chuva;Simples;Curva;Não;2;0;1;0;1;0;1;1;-22,45589967;-42,0608363;SPRF-RJ;DEL08-RJ;UOP04-DEL08-RJ
617898;30/07/2024;terça-feira;11:00:00;MG;381;936,4;EXTREMA;Velocidade Incompatível;Colisão com objeto;Com Vítimas Feridas;Pleno dia;Crescente;Garoa/Chuvisco;Dupla;"Declive;Curva";Não;5;0;3;0;2;0;3;1;-22,8018198;-46,26995087;SPRF-MG;DEL16-MG;UOP03-DEL16-MG
617900;30/07/2024;terça-feira;14:20:00;RJ;101;444,5;MANGARATIBA;Velocidade Incompatível;Colisão com objeto;Com Vítimas Feridas;Pleno dia;Crescente;Chuva;Simples;"Declive;Curva";Não;4;0;2;0;2;0;2;1;-22,98859004;-44,08493971;SPRF-RJ;DEL03-RJ;UOP02-DEL03-RJ
617901;20/07/2024;sábado;21:00:00;BA;101;128;ALAGOINHAS;Ultrapassagem Indevida;Colisão lateral sentido oposto;Com Vítimas Feridas;Plena Noite;Decrescente;Céu Claro;Simples;Curva;Não;1;0;1;0;0;0;1;1;-12,20643979;-38,61527134;SPRF-BA;DEL01-BA;UOP04-DEL01-BA
617905;30/07/2024;terça-feira;15:14:00;MG;381;489;BETIM;Manobra de mudança de faixa;Colisão lateral mesmo sentido;Com Vítimas Feridas;Pleno dia;Crescente;Sol;Múltipla;"Reta;Declive";Sim;2;0;1;0;1;0;1;2;-19,96245618;-44,16455495;SPRF-MG;DEL01-MG;UOP03-DEL01-MG
617906;30/07/2024;terça-feira;13:30:00;GO;153;163;CAMPINORTE;Ausência de reação do condutor;Colisão traseira;Sem Vítimas;Pleno dia;Crescente;Céu Claro;Simples;"Reta;Em Obras";Não;3;0;0;0;3;0;0;3;-14,195677;-49,128353;SPRF-GO;DEL07-GO;UOP02-DEL07-GO
617907;30/07/2024;terça-feira;15:30:00;BA;367;23,5;PORTO SEGURO;Acessar a via sem observar a presença dos outros veículos;Colisão transversal;Com Vítimas Feridas;Pleno dia;Crescente;Céu Claro;Simples;Reta;Sim;2;0;1;0;1;0;1;2;-16,43517732;-39,07201198;SPRF-BA;DEL09-BA;UOP03-DEL09-BA
617908;30/07/2024;terça-feira;15:40:00;SP;116;105,8;TAUBATE;Condutor deixou de manter distância do veículo da frente;Colisão traseira;Com Vítimas Feridas;Pleno dia;Crescente;Chuva;Dupla;"Aclive;Reta";Não;2;0;1;0;1;0;1;2;-23,01250593;-45,52256005;SPRF-SP;DEL02-SP;UOP02-DEL02-SP
617910;30/07/2024;terça-feira;16:20:00;BA;101;865;TEIXEIRA DE FREITAS;Acessar a via sem observar a presença dos outros veículos;Colisão transversal;Com Vítimas Feridas;Pleno dia;Crescente;Céu Claro;Simples;"Reta;Aclive";Não;3;0;0;2;1;0;2;2;-17,442378;-39,69225;SPRF-BA;DEL09-BA;UOP02-DEL09-BA
617911;30/07/2024;terça-feira;16:15:00;RJ;101;321;NITEROI;Condutor deixou de manter distância do veículo da frente;Colisão lateral mesmo sentido;Com Vítimas Feridas;Pleno dia;Decrescente;Chuva;Dupla;Curva;Sim;3;0;2;0;1;0;2;2;-22,86981096;-43,11046465;SPRF-RJ;DEL02-RJ;UOP01-DEL02-RJ
617912;30/07/2024;terça-feira;16:40:00;SP;116;308;SAO LOURENCO DA SERRA;Velocidade Incompatível;Tombamento;Com Vítimas Feridas;Pleno dia;Decrescente;Garoa/Chuvisco;Dupla;Curva;Não;1;0;1;0;0;0;1;1;-23,86213995;-46,94718508;SPRF-SP;DEL04-SP;UOP01-DEL04-SP
617915;30/07/2024;terça-feira;15:00:00;MG;381;941,2;EXTREMA;Velocidade Incompatível;Capotamento;Com Vítimas Feridas;Pleno dia;Decrescente;Chuva;Dupla;"Declive;Curva";Não;1;0;1;0;0;0;1;1;-22,83045935;-46,31532311;SPRF-MG;DEL16-MG;UOP03-DEL16-MG
617918;20/07/2024;sábado;06:30:00;PB;230;25;JOAO PESSOA;Sinalização mal posicionada;Colisão lateral mesmo sentido;Sem Vítimas;Pleno dia;Decrescente;Céu Claro;Múltipla;"Em Obras;Desvio Temporário";Sim;2;0;0;0;2;0;0;2;-7,17087039;-34,86851025;SPRF-PB;DEL01-PB;UOP01-DEL01-PB
617921;30/07/2024;terça-feira;17:18:00;RJ;101;466;ANGRA DOS REIS;Chuva;Colisão frontal;Com Vítimas Feridas;Anoitecer;Crescente;Chuva;Simples;Reta;Não;2;0;1;1;0;0;2;2;-23,01090507;-44,20795621;SPRF-RJ;DEL03-RJ;UOP03-DEL03-RJ
617923;30/07/2024;terça-feira;17:27:00;GO;40;7,1;LUZIANIA;Acessar a via sem observar a presença dos outros veículos;Colisão lateral mesmo sentido;Com Vítimas Feridas;Pleno dia;Decrescente;Céu Claro;Dupla;Reta;Sim;2;0;1;0;1;0;1;2;-16,108482;-47,972524;SPRF-DF;DEL01-DF;UOP01-DEL01-DF
617925;30/07/2024;terça-feira;15:47:00;MT;364;271,6;JACIARA;Reação tardia ou ineficiente do condutor;Colisão traseira;Com Vítimas Feridas;Pleno dia;Crescente;Céu Claro;Dupla;Reta;Sim;3;0;1;0;2;0;1;2;-15,96962998;-54,95363;SPRF-MT;DEL05-MT;UOP02-DEL05-MT
617926;30/07/2024;terça-feira;11:00:00;BA;116;909;CANDIDO SALES;Ausência de reação do condutor;Queda de ocupante de veículo;Com Vítimas Feridas;Pleno dia;Crescente;Céu Claro;Simples;Aclive;Não;1;0;0;1;0;0;1;1;-15,42964301;-41,21952898;SPRF-BA;DEL08-BA;UOP03-DEL08-BA
617927;30/07/2024;terça-feira;15:30:00;PI;402;33,8;PARNAIBA;Pedestre andava na pista;Atropelamento de Pedestre;Com Vítimas Feridas;Pleno dia;Decrescente;Sol;Simples;Reta;Sim;2;0;0;1;0;1;1;2;-2,93842127;-41,74276823;SPRF-PI;DEL05-PI;UOP01-DEL05-PI
617928;30/07/2024;terça-feira;17:50:00;PR;277;36,3;MORRETES;Demais falhas mecânicas ou elétricas;Colisão com objeto;Com Vítimas Feridas;Anoitecer;Decrescente;Chuva;Dupla;"Declive;Curva";Não;3;0;3;0;0;0;3;1;-25,570892;-48,838971;SPRF-PR;DEL01-PR;UOP05-DEL01-PR
617929;30/07/2024;terça-feira;14:50:00;MS;163;467;CAMPO GRANDE;Demais falhas mecânicas ou elétricas;Colisão com objeto;Sem Vítimas;Pleno dia;Crescente;Céu Claro;Simples;Reta;Não;2;0;0;0;2;0;0;2;-20,57932863;-54,57695024;SPRF-MS;DEL01-MS;UOP01-DEL01-MS
617930;30/07/2024;terça-feira;18:05:00;PE;104;66,9;CARUARU;Entrada inopinada do pedestre;Atropelamento de Pedestre;Com Vítimas Feridas;Plena Noite;Decrescente;Céu Claro;Dupla;"Reta;Interseção de Vias";Sim;3;0;2;0;0;1;2;2;-8,2937;-35,9864;SPRF-PE;DEL02-PE;UOP01-DEL02-PE
617931;30/07/2024;terça-feira;16:15:00;PB;230;214,1;SOLEDADE;Transtornos Mentais (exceto suicidio);Atropelamento de Pedestre;Com Vítimas Feridas;Pleno dia;Decrescente;Céu Claro;Simples;Aclive;Sim;2;0;1;0;0;1;1;2;-7,065453;-36,35179;SPRF-PB;DEL02-PB;UOP02-DEL02-PB
617932;30/07/2024;terça-feira;18:00:00;SC;480;126,1;CHAPECO;Sinalização mal posicionada;Colisão traseira;Com Vítimas Feridas;Plena Noite;Crescente;Nublado;Dupla;"Em Obras;Reta";Não;2;0;1;0;1;0;1;2;-27,020083;-52,636024;SPRF-SC;DEL07-SC;UOP01-DEL07-SC
617933;23/07/2024;terça-feira;08:59:00;RJ;0;0;RIO DE JANEIRO;Acessar a via sem observar a presença dos outros veículos;Colisão lateral mesmo sentido;Sem Vítimas;Pleno dia;Não Informado;Céu Claro;Múltipla;"Curva;Interseção de Vias";Não;2;0;0;0;2;0;0;2;-22,91028846;-43,16812098;SPRF-RJ;DEL02-RJ;N/A
617934;30/07/2024;terça-feira;18:15:00;SC;101;123;ITAJAI;Transitar na contramão;Colisão frontal;Com Vítimas Feridas;Plena Noite;Decrescente;Nublado;Simples;Reta;Sim;2;0;1;0;1;0;1;2;-26,93668609;-48,69876905;SPRF-SC;DEL04-SC;UOP04-DEL04-SC
617936;30/07/2024;terça-feira;16:00:00;MG;381;427;CAETE;Ausência de reação do condutor;Colisão traseira;Com Vítimas Feridas;Pleno dia;Decrescente;Céu Claro;Dupla;"Reta;Aclive";Não;3;0;3;0;0;0;3;3;-19,78854826;-43,69815304;SPRF-MG;DEL01-MG;UOP01-DEL01-MG
617937;30/07/2024;terça-feira;18:20:00;PR;369;505,8;CASCAVEL;Desrespeitar a preferência no cruzamento;Colisão transversal;Com Vítimas Feridas;Anoitecer;Decrescente;Céu Claro;Simples;Reta;Sim;3;0;2;0;1;0;2;2;-24,8326;-53,3005;SPRF-PR;DEL04-PR;UOP03-DEL04-PR