id;data_inversa;dia_semana;horario;uf;br;km;municipio;causa_acidente;tipo_acidente;classificacao_acidente;fase_dia;sentido_via;condicao_metereologica;tipo_pista;tracado_via;uso_solo;pessoas;mortos;feridos_leves;feridos_graves;ilesos;ignorados;feridos;veiculos;latitude;longitude;regional;delegacia;uop
617940;30/07/2024;terça-feira;19:00:00;PR;476;153,4;ARAUCARIA;Acessar a via sem observar a presença dos outros veículos;Colisão frontal;Com Vítimas Feridas;Plena Noite;Crescente;Nublado;Dupla;"Reta;Interseção de Vias";Sim;2;0;1;0;1;0;1;2;-25,577307;-49,392338;SPRF-PR;DEL01-PR;UOP06-DEL01-PR
617941;30/07/2024;terça-feira;19:10:00;SP;116;210;GUARULHOS;Manobra de mudança de faixa;Colisão lateral mesmo sentido;Sem Vítimas;Plena Noite;Decrescente;Nublado;Múltipla;"Reta;Declive";Sim;2;0;0;0;2;0;0;2;-23,42870023;-46,41085991;SPRF-SP;DEL01-SP;UOP01-DEL01-SP
617943;30/07/2024;terça-feira;19:44:00;PE;101;67;RECIFE;Demais falhas mecânicas ou elétricas;Incêndio;Sem Vítimas;Plena Noite;Decrescente;Céu Claro;Dupla;Reta;Sim;1;0;0;0;1;0;0;1;-8,042334;-34,943096;SPRF-PE;DEL01-PE;UOP01-DEL01-PE
617944;30/07/2024;terça-feira;17:53:00;PE;101;59,9;RECIFE;Ingestão de álcool pelo condutor;Colisão lateral mesmo sentido;Sem Vítimas;Anoitecer;Crescente;Céu Claro;Dupla;"Declive;Reta";Não;2;0;0;0;2;0;0;2;-7,97708575;-34,92607318;SPRF-PE;DEL01-PE;UOP02-DEL01-PE
617946;30/07/2024;terça-feira;19:25:00;SC;163;69,6;SAO MIGUEL DO OESTE;Manobra de mudança de faixa;Colisão transversal;Com Vítimas Feridas;Plena Noite;Crescente;Céu Claro;Dupla;"Reta;Aclive";Sim;2;0;1;0;1;0;1;2;-26,73678594;-53,50354671;SPRF-SC;DEL07-SC;UOP03-DEL07-SC
617949;30/07/2024;terça-feira;16:30:00;PI;316;318;PICOS;Ausência de reação do condutor;Queda de ocupante de veículo;Com Vítimas Feridas;Pleno dia;Decrescente;Céu Claro;Simples;Aclive;Sim;2;0;1;0;1;0;1;2;-7,08606465;-41,40601287;SPRF-PI;DEL04-PI;UOP01-DEL04-PI
617951;30/07/2024;terça-feira;13:15:00;SP;116;561;BARRA DO TURVO;Reação tardia ou ineficiente do condutor;Colisão lateral mesmo sentido;Com Vítimas Feridas;Pleno dia;Crescente;Chuva;Simples;"Declive;Curva";Não;5;0;3;0;2;0;3;2;-25,02045097;-48,51586004;SPRF-SP;DEL05-SP;UOP02-DEL05-SP
617952;30/07/2024;terça-feira;20:00:00;RO;364;711;PORTO VELHO;Ausência de reação do condutor;Colisão com objeto;Com Vítimas Feridas;Plena Noite;Decrescente;Céu Claro;Múltipla;Reta;Sim;2;0;2;0;0;0;2;1;-8,77557448;-63,87641609;SPRF-RO;DEL01-RO;UOP01-DEL01-RO
617953;30/07/2024;terça-feira;21:50:00;SP;116;211;GUARULHOS;Demais falhas mecânicas ou elétricas;Colisão traseira;Com Vítimas Feridas;Plena Noite;Decrescente;Nublado;Múltipla;"Reta;Aclive";Sim;2;0;1;0;1;0;1;2;-23,4324306;-46,4194352;SPRF-SP;DEL01-SP;UOP01-DEL01-SP
617955;30/07/2024;terça-feira;21:30:00;RS;116;235;ESTANCIA VELHA;Velocidade Incompatível;Saída de leito carroçável;Com Vítimas Feridas;Plena Noite;Crescente;Nublado;Dupla;Curva;Sim;1;0;1;0;0;0;1;1;-29,66037586;-51,14386509;SPRF-RS;DEL01-RS;UOP02-DEL01-RS
617957;30/07/2024;terça-feira;13:50:00;RS;386;197;SANTO ANTONIO DO PLANALTO;Ausência de reação do condutor;Saída de leito carroçável;Com Vítimas Feridas;Pleno dia;Decrescente;Céu Claro;Simples;Curva;Não;1;0;1;0;0;0;1;1;-28,43309;-52,666565;SPRF-RS;DEL08-RS;UOP01-DEL08-RS
617960;30/07/2024;terça-feira;19:30:00;RJ;493;1;ITABORAI;Acesso irregular;Queda de ocupante de veículo;Com Vítimas Feridas;Plena Noite;Crescente;Garoa/Chuvisco;Dupla;Reta;Não;1;0;1;0;0;0;1;1;-22,76398788;-42,92731895;SPRF-RJ;DEL02-RJ;UOP02-DEL02-RJ
617961;30/07/2024;terça-feira;17:40:00;MA;316;261;SANTA INES;Ausência de reação do condutor;Colisão traseira;Com Vítimas Feridas;Pleno dia;Crescente;Céu Claro;Simples;Reta;Sim;2;0;1;0;1;0;1;2;-3,67575016;-45,37840605;SPRF-MA;DEL02-MA;UOP01-DEL02-MA
617963;30/07/2024;terça-feira;20:40:00;MT;163;580;NOVA MUTUM;Desvio temporário;Colisão com objeto;Com Vítimas Feridas;Pleno dia;Crescente;Céu Claro;Simples;"Reta;Em Obras";Não;1;0;1;0;0;0;1;1;-14,08195789;-56,1106213;SPRF-MT;DEL01-MT;UOP01-DEL01-MT
617964;30/07/2024;terça-feira;21:30:00;PR;376;657;TIJUCAS DO SUL;Demais falhas mecânicas ou elétricas;Incêndio;Sem Vítimas;Plena Noite;Decrescente;Chuva;Dupla;Curva;Não;1;0;0;0;1;0;0;1;-25,85232468;-49,03032776;SPRF-PR;DEL01-PR;UOP04-DEL01-PR
617966;30/07/2024;terça-feira;19:50:00;PA;155;340,8;MARABA;Deficiência do Sistema de Iluminação/Sinalização;Colisão traseira;Com Vítimas Feridas;Plena Noite;Decrescente;Céu Claro;Simples;Reta;Não;2;0;0;1;1;0;1;2;-5,396032;-49,077478;SPRF-PA;DEL03-PA;UOP01-DEL03-PA
617967;30/07/2024;terça-feira;19:40:00;PI;343;309;ALTOS;Acessar a via sem observar a presença dos outros veículos;Atropelamento de Pedestre;Com Vítimas Feridas;Plena Noite;Decrescente;Céu Claro;Simples;Reta;Não;3;0;0;1;1;1;1;2;-5,04012;-42,476742;SPRF-PI;DEL01-PI;UOP01-DEL01-PI
617969;30/07/2024;terça-feira;22:15:00;SC;163;76,9;SAO MIGUEL DO OESTE;Iluminação deficiente;Colisão com objeto;Com Vítimas Feridas;Plena Noite;Decrescente;Céu Claro;Simples;"Reta;Aclive";Não;1;0;0;1;0;0;1;1;-26,677941;-53,515715;SPRF-SC;DEL07-SC;UOP03-DEL07-SC
617971;30/07/2024;terça-feira;22:35:00;RJ;101;306;SAO GONCALO;Animais na Pista;Atropelamento de Animal;Sem Vítimas;Plena Noite;Crescente;Garoa/Chuvisco;Dupla;Reta;Sim;3;0;0;0;3;0;0;2;-22,78913759;-43,00550909;SPRF-RJ;DEL02-RJ;UOP02-DEL02-RJ
617972;30/07/2024;terça-feira;19:40:00;MT;364;157;PEDRA PRETA;Animais na Pista;Atropelamento de Animal;Sem Vítimas;Plena Noite;Crescente;Céu Claro;Simples;Reta;Não;2;0;0;0;2;0;0;1;-16,75242006;-54,26980018;SPRF-MT;DEL02-MT;UOP01-DEL02-MT
617973;30/07/2024;terça-feira;22:00:00;PR;277;463,8;LARANJEIRAS DO SUL;Animais na Pista;Atropelamento de Animal;Sem Vítimas;Plena Noite;Crescente;Céu Claro;Simples;"Declive;Reta";Não;1;0;0;0;1;0;0;1;-25,353;-52,486;SPRF-PR;DEL04-PR;UOP02-DEL04-PR
617975;30/07/2024;terça-feira;23:40:00;PR;376;170;MARINGA;Velocidade Incompatível;Colisão traseira;Com Vítimas Feridas;Plena Noite;Decrescente;Nublado;Dupla;Aclive;Não;3;0;1;0;2;0;1;2;-23,41595703;-51,97950402;SPRF-PR;DEL09-PR;UOP01-DEL09-PR
617976;30/07/2024;terça-feira;22:00:00;GO;50;209;CAMPO ALEGRE DE GOIAS;Mal súbito do condutor;Colisão com objeto;Com Vítimas Feridas;Plena Noite;Decrescente;Céu Claro;Dupla;Reta;Não;1;0;1;0;0;0;1;1;-17,6409;-47,7638;SPRF-GO;DEL06-GO;UOP01-DEL06-GO
617977;30/07/2024;terça-feira;22:15:00;SC;101;458,4;SAO JOAO DO SUL;Avarias e/ou desgaste excessivo no pneu;Tombamento;Com Vítimas Feridas;Plena Noite;Decrescente;Céu Claro;Dupla;Curva;Não;2;0;1;1;0;0;2;1;-29,24075694;-49,75535784;SPRF-SC;DEL02-SC;UOP02-DEL02-SC
617980;30/07/2024;terça-feira;22:50:00;RO;364;703;PORTO VELHO;Suicídio (presumido);Colisão com objeto;Com Vítimas Fatais;Plena Noite;Crescente;Céu Claro;Dupla;Reta;Sim;1;1;0;0;0;0;0;1;-8,80043079;-63,80248904;SPRF-RO;DEL01-RO;UOP01-DEL01-RO
617981;31/07/2024;quarta-feira;00:20:00;MS;163;445;CAMPO GRANDE;Animais na Pista;Atropelamento de Animal;Com Vítimas Feridas;Plena Noite;Crescente;Céu Claro;Simples;Reta;Não;2;0;1;0;1;0;1;1;-20,76820385;-54,52841451;SPRF-MS;DEL01-MS;UOP01-DEL01-MS
617982;31/07/2024;quarta-feira;01:12:00;SP;116;66,5;GUARATINGUETA;Condutor Dormindo;Saída de leito carroçável;Com Vítimas Feridas;Plena Noite;Decrescente;Nublado;Dupla;"Declive;Curva";Não;1;0;1;0;0;0;1;1;-22,82270215;-45,20193286;SPRF-SP;DEL08-SP;UOP01-DEL08-SP
617983;31/07/2024;quarta-feira;01:30:00;PR;116;7;CAMPINA GRANDE DO SUL;Velocidade Incompatível;Saída de leito carroçável;Com Vítimas Feridas;Plena Noite;Crescente;Garoa/Chuvisco;Dupla;"Declive;Curva";Não;3;0;2;0;1;0;2;1;-25,08235366;-48,61499799;SPRF-PR;DEL01-PR;UOP02-DEL01-PR
617984;31/07/2024;quarta-feira;00:55:00;SC;101;355,2;SANGAO;Velocidade Incompatível;Saída de leito carroçável;Sem Vítimas;Plena Noite;Crescente;Céu Claro;Múltipla;Reta;Não;1;0;0;0;0;1;0;1;-28,62380715;-49,07828489;SPRF-SC;DEL02-SC;UOP01-DEL02-SC
617985;31/07/2024;quarta-feira;03:10:00;ES;101;338,8;GUARAPARI;Chuva;Tombamento;Com Vítimas Feridas;Plena Noite;Decrescente;Chuva;Dupla;Reta;Não;3;0;2;0;1;0;2;1;-20,64096725;-40,54947691;SPRF-ES;DEL03-ES;UOP01-DEL03-ES
617988;31/07/2024;quarta-feira;05:00:00;RJ;116;172;RIO DE JANEIRO;Acesso irregular;Colisão lateral sentido oposto;Com Vítimas Feridas;Plena Noite;Decrescente;Céu Claro;Dupla;"Reta;Interseção de Vias;Em Obras";Sim;2;0;1;0;0;1;1;2;-22,80188151;-43,35043673;SPRF-RJ;DEL06-RJ;UOP01-DEL06-RJ
617989;31/07/2024;quarta-feira;02:20:00;RJ;101;303;SAO GONCALO;Ausência de reação do condutor;Colisão com objeto;Sem Vítimas;Plena Noite;Crescente;Nublado;Dupla;Reta;Sim;1;0;0;0;1;0;0;1;-22,7828205;-42,9766681;SPRF-RJ;DEL02-RJ;UOP02-DEL02-RJ
617992;30/07/2024;terça-feira;20:00:00;RJ;101;99;CAMPOS DOS GOYTACAZES;Avarias e/ou desgaste excessivo no pneu;Saída de leito carroçável;Com Vítimas Feridas;Plena Noite;Decrescente;Chuva;Dupla;Curva;Não;3;0;1;0;2;0;1;1;-21,8758198;-41,5832851;SPRF-RJ;DEL08-RJ;UOP02-DEL08-RJ
617993;31/07/2024;quarta-feira;05:40:00;BA;324;537;AMELIA RODRIGUES;Reação tardia ou ineficiente do condutor;Colisão lateral mesmo sentido;Com Vítimas Feridas;Amanhecer;Crescente;Céu Claro;Simples;Reta;Sim;2;0;2;0;0;0;2;2;-12,36902201;-38,81384601;SPRF-BA;DEL01-BA;UOP03-DEL01-BA
617994;31/07/2024;quarta-feira;06:10:00;SP;153;41,5;ONDA VERDE;Ausência de reação do condutor;Tombamento;Com Vítimas Feridas;Amanhecer;Crescente;Céu Claro;Simples;Reta;Não;1;0;0;1;0;0;1;1;-20,62848304;-49,33623886;SPRF-SP;DEL09-SP;UOP01-DEL09-SP
617996;31/07/2024;quarta-feira;07:00:00;DF;20;11,5;BRASILIA;Manobra de mudança de faixa;Colisão lateral mesmo sentido;Com Vítimas Feridas;Pleno dia;Crescente;Céu Claro;Dupla;"Reta;Declive;Em Obras";Sim;2;0;1;0;1;0;1;2;-15,64654;-47,766422;SPRF-DF;DEL02-DF;UOP01-DEL02-DF
617999;30/07/2024;terça-feira;23:40:00;MG;381;552;ITAGUARA;Transtornos Mentais (exceto suicidio);Queda de ocupante de veículo;Com Vítimas Feridas;Plena Noite;Decrescente;Céu Claro;Dupla;Reta;Não;1;0;1;0;0;0;1;1;-20,33850122;-44,44215828;SPRF-MG;DEL04-MG;UOP03-DEL04-MG
618002;31/07/2024;quarta-feira;07:30:00;SC;101;201,2;SAO JOSE;Trafegar com motocicleta (ou similar) entre as faixas;Colisão lateral mesmo sentido;Com Vítimas Feridas;Pleno dia;Crescente;Céu Claro;Múltipla;Reta;Não;2;0;1;0;1;0;1;2;-27,54836599;-48,61977975;SPRF-SC;DEL01-SC;UOP01-DEL01-SC
618003;31/07/2024;quarta-feira;07:30:00;RJ;116;68;TERESOPOLIS;Reação tardia ou ineficiente do condutor;Colisão com objeto;Com Vítimas Feridas;Pleno dia;Crescente;Céu Claro;Simples;Curva;Não;1;0;1;0;0;0;1;1;-22,297282;-42,935334;SPRF-RJ;DEL04-RJ;UOP01-DEL04-RJ
618004;31/07/2024;quarta-feira;07:55:00;PR;158;531;PATO BRANCO;Ausência de reação do condutor;Queda de ocupante de veículo;Com Vítimas Feridas;Pleno dia;Crescente;Céu Claro;Simples;Interseção de Vias;Sim;1;0;1;0;0;0;1;1;-26,20228;-52,678215;SPRF-PR;DEL02-PR;UOP01-DEL02-PR
618005;31/07/2024;quarta-feira;08:00:00;SP;116;224;GUARULHOS;Acessar a via sem observar a presença dos outros veículos;Colisão traseira;Com Vítimas Feridas;Pleno dia;Crescente;Céu Claro;Múltipla;Reta;Sim;2;0;1;0;1;0;1;2;-23,48071896;-46,53271603;SPRF-SP;DEL01-SP;UOP01-DEL01-SP
618006;31/07/2024;quarta-feira;05:30:00;PR;277;478;NOVA LARANJEIRAS;Pedestre - Ingestão de álcool/ substâncias psicoativas;Atropelamento de Pedestre;Com Vítimas Feridas;Amanhecer;Decrescente;Céu Claro;Simples;Reta;Não;2;0;1;0;0;1;1;2;-25,29793428;-52,56841504;SPRF-PR;DEL04-PR;UOP02-DEL04-PR
618007;31/07/2024;quarta-feira;07:10:00;MG;381;484,1;BETIM;Reação tardia ou ineficiente do condutor;Tombamento;Com Vítimas Feridas;Pleno dia;Decrescente;Céu Claro;Múltipla;Curva;Sim;1;0;1;0;0;0;1;1;-19,95531717;-44,11722196;SPRF-MG;DEL01-MG;UOP03-DEL01-MG
618008;31/07/2024;quarta-feira;07:35:00;MG;381;495,9;BETIM;Manobra de mudança de faixa;Colisão lateral mesmo sentido;Com Vítimas Feridas;Pleno dia;Decrescente;Céu Claro;Dupla;Reta;Não;2;0;1;0;1;0;1;2;-19,98890883;-44,20522016;SPRF-MG;DEL01-MG;UOP03-DEL01-MG
618009;31/07/2024;quarta-feira;07:51:00;SC;101;203,1;SAO JOSE;Trafegar com motocicleta (ou similar) entre as faixas;Colisão lateral mesmo sentido;Com Vítimas Feridas;Pleno dia;Crescente;Céu Claro;Dupla;Curva;Sim;3;0;1;0;2;0;1;2;-27,5650044;-48,61460082;SPRF-SC;DEL01-SC;UOP01-DEL01-SC
618010;31/07/2024;quarta-feira;08:00:00;MG;365;623,5;UBERLANDIA;Ausência de reação do condutor;Colisão traseira;Sem Vítimas;Pleno dia;Decrescente;Céu Claro;Dupla;Reta;Sim;4;0;0;0;4;0;0;3;-18,9100325;-48,30694985;SPRF-MG;DEL15-MG;UOP01-DEL15-MG
618011;31/07/2024;quarta-feira;07:40:00;RS;290;493,3;ROSARIO DO SUL;Ausência de reação do condutor;Saída de leito carroçável;Com Vítimas Feridas;Pleno dia;Decrescente;Nevoeiro/Neblina;Simples;Reta;Não;4;0;4;0;0;0;4;1;-30,216131;-55,043941;SPRF-RS;DEL11-RS;UOP02-DEL11-RS
618012;31/07/2024;quarta-feira;07:40:00;RN;304;304,3;PARNAMIRIM;Acessar a via sem observar a presença dos outros veículos;Colisão transversal;Com Vítimas Feridas;Pleno dia;Crescente;Céu Claro;Dupla;Reta;Não;2;0;0;1;1;0;1;2;-5,88619763;-35,27775407;SPRF-RN;DEL01-RN;UOP02-DEL01-RN
618014;31/07/2024;quarta-feira;08:30:00;SC;101;214,6;PALHOCA;Acessar a via sem observar a presença dos outros veículos;Colisão transversal;Com Vítimas Feridas;Pleno dia;Decrescente;Céu Claro;Múltipla;Interseção de Vias;Sim;3;0;1;1;1;0;2;2;-27,64443;-48,67057;SPRF-SC;DEL01-SC;UOP02-DEL01-SC
618015;30/07/2024;terça-feira;20:45:00;RJ;116;143;DUQUE DE CAXIAS;Entrada inopinada do pedestre;Atropelamento de Pedestre;Com Vítimas Feridas;Plena Noite;Decrescente;Céu Claro;Dupla;Reta;Sim;2;0;1;1;0;0;2;2;-22,65237271;-43,23918118;SPRF-RJ;DEL01-RJ;UOP02-DEL01-RJ
618016;31/07/2024;quarta-feira;08:30:00;PR;272;366;CAMPO MOURAO;Trafegar com motocicleta (ou similar) entre as faixas;Colisão transversal;Com Vítimas Feridas;Pleno dia;Crescente;Céu Claro;Dupla;Reta;Não;2;0;1;0;1;0;1;2;-24,04638081;-52,39456989;SPRF-PR;DEL09-PR;UOP03-DEL09-PR
618017;21/06/2024;sexta-feira;12:55:00;PR;277;671;MEDIANEIRA;Acessar a via sem observar a presença dos outros veículos;Colisão lateral mesmo sentido;Com Vítimas Feridas;Pleno dia;Decrescente;Céu Claro;Dupla;Reta;Não;2;0;1;0;1;0;1;2;-25,28490106;-54,08744898;SPRF-PR;DEL05-PR;UOP02-DEL05-PR
618018;31/07/2024;quarta-feira;07:50:00;MG;40;739,7;SANTOS DUMONT;Reação tardia ou ineficiente do condutor;Tombamento;Com Vítimas Feridas;Pleno dia;Decrescente;Garoa/Chuvisco;Simples;Curva;Não;2;0;2;0;0;0;2;1;-21,39953901;-43,56507286;SPRF-MG;DEL05-MG;UOP01-DEL05-MG
618019;31/07/2024;quarta-feira;08:50:00;SP;101;42;UBATUBA;Acessar a via sem observar a presença dos outros veículos;Colisão lateral mesmo sentido;Com Vítimas Feridas;Pleno dia;Crescente;Céu Claro;Simples;Curva;Sim;2;0;0;1;1;0;1;2;-23,41376789;-45,0561106;SPRF-SP;DEL06-SP;UOP01-DEL06-SP
618021;19/07/2024;sexta-feira;12:40:00;MS;163;25;MUNDO NOVO;Acessar a via sem observar a presença dos outros veículos;Colisão transversal;Sem Vítimas;Pleno dia;Crescente;Céu Claro;Simples;"Interseção de Vias;Reta";Não;6;0;0;0;6;0;0;2;-23,88336557;-54,31790829;SPRF-MS;DEL09-MS;UOP02-DEL09-MS
618022;09/06/2024;domingo;15:53:00;GO;20;3;FORMOSA;Acesso irregular;Colisão transversal;Com Vítimas Feridas;Pleno dia;Decrescente;Céu Claro;Simples;"Reta;Declive";Sim;2;0;0;1;1;0;1;2;-15,567487;-47,320309;SPRF-DF;DEL02-DF;UOP02-DEL02-DF
618023;31/07/2024;quarta-feira;09:05:00;PE;101;69,4;RECIFE;Ausência de reação do condutor;Colisão traseira;Com Vítimas Feridas;Pleno dia;Decrescente;Nublado;Simples;Reta;Sim;3;0;1;0;2;0;1;2;-8,063701;-34,943088;SPRF-PE;DEL01-PE;UOP01-DEL01-PE
618026;31/07/2024;quarta-feira;08:40:00;SC;280;124;RIO NEGRINHO;Acessar a via sem observar a presença dos outros veículos;Colisão lateral mesmo sentido;Com Vítimas Feridas;Pleno dia;Decrescente;Céu Claro;Simples;Reta;Sim;2;0;1;0;1;0;1;2;-26,24130297;-49,47514499;SPRF-SC;DEL06-SC;UOP03-DEL06-SC
618027;31/07/2024;quarta-feira;08:00:00;PR;376;590,8;CURITIBA;Condutor deixou de manter distância do veículo da frente;Engavetamento;Com Vítimas Feridas;Pleno dia;Decrescente;Nublado;Dupla;Reta;Não;3;0;2;0;1;0;2;3;-25,43381713;-49,36546121;SPRF-PR;DEL01-PR;UOP06-DEL01-PR
618028;31/07/2024;quarta-feira;09:00:00;RJ;116;195;QUEIMADOS;Ausência de reação do condutor;Colisão lateral mesmo sentido;Com Vítimas Feridas;Pleno dia;Crescente;Céu Claro;Dupla;Reta;Sim;2;0;1;0;1;0;1;1;-22,73573614;-43,54749701;SPRF-RJ;DEL06-RJ;UOP01-DEL06-RJ
618031;31/07/2024;quarta-feira;08:00:00;RJ;465;21;NOVA IGUACU;Estacionar ou parar em local proibido;Eventos atípicos;Sem Vítimas;Pleno dia;Decrescente;Céu Claro;Simples;Reta;Sim;1;0;0;0;0;1;0;1;-22,854782;-43,601933;SPRF-RJ;DEL06-RJ;UOP02-DEL06-RJ
618032;31/07/2024;quarta-feira;08:15:00;SC;101;451;SAO JOAO DO SUL;Desrespeitar a preferência no cruzamento;Colisão transversal;Com Vítimas Feridas;Pleno dia;Decrescente;Céu Claro;Simples;"Reta;Interseção de Vias";Sim;2;0;0;1;1;0;1;2;-29,18558731;-49,75484848;SPRF-SC;DEL02-SC;UOP02-DEL02-SC
618035;31/07/2024;quarta-feira;09:20:00;SP;116;567;BARRA DO TURVO;Velocidade Incompatível;Saída de leito carroçável;Com Vítimas Feridas;Pleno dia;Crescente;Garoa/Chuvisco;Dupla;Curva;Não;2;0;2;0;0;0;2;1;-25,0475499;-48,55355172;SPRF-SP;DEL05-SP;UOP02-DEL05-SP
618037;31/07/2024;quarta-feira;07:50:00;SC;101;332,6;TUBARAO;Manobra de mudança de faixa;Colisão traseira;Com Vítimas Feridas;Pleno dia;Decrescente;Céu Claro;Dupla;Reta;Sim;3;0;2;0;0;1;2;2;-28,46808768;-49,00794983;SPRF-SC;DEL02-SC;UOP01-DEL02-SC
618038;31/07/2024;quarta-feira;10:25:00;TO;10;456;PALMAS;Acessar a via sem observar a presença dos outros veículos;Colisão lateral mesmo sentido;Com Vítimas Feridas;Pleno dia;Crescente;Céu Claro;Múltipla;Reta;Sim;2;0;1;0;1;0;1;2;-10,20863984;-48,15545194;SPRF-TO;DEL01-TO;UOP03-DEL01-TO
618040;31/07/2024;quarta-feira;10:15:00;PE;101;76,2;RECIFE;Acostamento em desnível;Tombamento;Com Vítimas Feridas;Pleno dia;Decrescente;Sol;Dupla;Reta;Sim;2;0;2;0;0;0;2;1;-8,119923;-34,9428;SPRF-PE;DEL01-PE;UOP01-DEL01-PE
618041;31/07/2024;quarta-feira;09:00:00;SC;101;8;GARUVA;Avarias e/ou desgaste excessivo no pneu;Queda de ocupante de veículo;Com Vítimas Feridas;Pleno dia;Decrescente;Nevoeiro/Neblina;Dupla;Reta;Não;2;0;2;0;0;0;2;1;-26,044942;-48,859703;SPRF-SC;DEL03-SC;UOP01-DEL03-SC
618042;31/07/2024;quarta-feira;10:40:00;SC;101;211,8;PALHOCA;Acessar a via sem observar a presença dos outros veículos;Colisão traseira;Com Vítimas Feridas;Pleno dia;Decrescente;Céu Claro;Múltipla;Reta;Não;2;0;1;0;1;0;1;2;-27,62329313;-48,65245588;SPRF-SC;DEL01-SC;UOP02-DEL01-SC
618044;28/06/2024;sexta-feira;14:00:00;RN;101;110;PARNAMIRIM;Condutor deixou de manter distância do veículo da frente;Colisão traseira;Com Vítimas Feridas;Pleno dia;Crescente;Sol;Dupla;"Em Obras;Reta";Não;3;0;1;0;2;0;1;3;-5,946376;-35,26485;SPRF-RN;DEL01-RN;UOP01-DEL01-RN
618045;31/07/2024;quarta-feira;10:35:00;MG;381;852,2;POUSO ALEGRE;Reação tardia ou ineficiente do condutor;Saída de leito carroçável;Com Vítimas Feridas;Pleno dia;Decrescente;Céu Claro;Dupla;"Declive;Reta";Não;1;0;1;0;0;0;1;1;-22,25662924;-45,88870972;SPRF-MG;DEL16-MG;UOP01-DEL16-MG
618046;31/07/2024;quarta-feira;11:10:00;PE;232;132;CARUARU;Reação tardia ou ineficiente do condutor;Colisão traseira;Com Vítimas Feridas;Pleno dia;Crescente;Céu Claro;Simples;Curva;Sim;2;0;1;0;1;0;1;2;-8,3036244;-36,00710089;SPRF-PE;DEL02-PE;UOP01-DEL02-PE
618048;31/07/2024;quarta-feira;06:55:00;ES;259;58;COLATINA;Condutor deixou de manter distância do veículo da frente;Colisão traseira;Com Vítimas Feridas;Pleno dia;Decrescente;Nublado;Simples;"Aclive;Reta";Sim;2;0;1;0;0;1;1;2;-19,514467;-40,660786;SPRF-ES;DEL02-ES;UOP01-DEL02-ES
618049;31/07/2024;quarta-feira;11:00:00;PE;232;180;BELO JARDIM;Acessar a via sem observar a presença dos outros veículos;Colisão transversal;Com Vítimas Feridas;Pleno dia;Decrescente;Céu Claro;Simples;Reta;Sim;3;0;0;1;1;1;1;3;-8,34562281;-36,43403476;SPRF-PE;DEL03-PE;UOP02-DEL03-PE
618050;31/07/2024;quarta-feira;11:00:00;RJ;116;174;SAO JOAO DE MERITI;Trafegar com motocicleta (ou similar) entre as faixas;Colisão lateral mesmo sentido;Com Vítimas Feridas;Pleno dia;Decrescente;Nublado;Dupla;Reta;Sim;4;0;2;0;2;0;2;3;-22,79299942;-43,36666148;SPRF-RJ;DEL06-RJ;UOP01-DEL06-RJ
618051;31/07/2024;quarta-feira;11:45:00;RN;406;169,7;SAO GONCALO DO AMARANTE;Manobra de mudança de faixa;Colisão lateral mesmo sentido;Com Vítimas Feridas;Pleno dia;Crescente;Sol;Dupla;Declive;Não;2;0;1;0;1;0;1;2;-5,76172663;-35,29115323;SPRF-RN;DEL02-RN;UOP01-DEL02-RN
618054;31/07/2024;quarta-feira;11:40:00;PR;277;1,8;FOZ DO IGUACU;Mal súbito do condutor;Colisão lateral mesmo sentido;Com Vítimas Feridas;Pleno dia;Decrescente;Céu Claro;Dupla;"Interseção de Vias;Reta";Sim;3;0;2;0;1;0;2;2;-25,5469;-54,5882;SPRF-PR;DEL05-PR;UOP03-DEL05-PR
618055;31/07/2024;quarta-feira;10:30:00;MA;222;670,6;ACAILANDIA;Conversão proibida;Colisão transversal;Com Vítimas Feridas;Pleno dia;Decrescente;Céu Claro;Simples;Reta;Sim;2;0;0;1;1;0;1;2;-4,91607953;-47,42281928;SPRF-MA;DEL04-MA;UOP03-DEL04-MA
618057;31/07/2024;quarta-feira;11:45:00;SP;116;567;BARRA DO TURVO;Reação tardia ou ineficiente do condutor;Capotamento;Com Vítimas Feridas;Pleno dia;Decrescente;Garoa/Chuvisco;Dupla;Curva;Não;3;0;1;0;2;0;1;1;-25,0475499;-48,55355172;SPRF-SP;DEL05-SP;UOP02-DEL05-SP
618058;31/07/2024;quarta-feira;11:40:00;BA;407;5;JUAZEIRO;Retorno proibido;Colisão transversal;Com Vítimas Feridas;Pleno dia;Decrescente;Sol;Dupla;Reta;Sim;2;0;0;1;1;0;1;2;-9,45096681;-40,48895359;SPRF-PE;DEL06-PE;UOP01-DEL06-PE
618059;31/07/2024;quarta-feira;11:25:00;RO;364;343,1;JI-PARANA;Condutor deixou de manter distância do veículo da frente;Colisão traseira;Com Vítimas Feridas;Pleno dia;Crescente;Céu Claro;Dupla;"Reta;Aclive";Sim;2;0;1;0;1;0;1;2;-10,879686;-61,943717;SPRF-RO;DEL02-RO;UOP01-DEL02-RO
618060;31/07/2024;quarta-feira;12:00:00;MG;116;726,2;LARANJAL;Ultrapassagem Indevida;Colisão lateral sentido oposto;Com Vítimas Feridas;Pleno dia;Crescente;Céu Claro;Simples;Reta;Não;2;0;1;0;0;1;1;2;-21,28972825;-42,41763654;SPRF-MG;DEL07-MG;UOP02-DEL07-MG