id;data_inversa;dia_semana;horario;uf;br;km;municipio;causa_acidente;tipo_acidente;classificacao_acidente;fase_dia;sentido_via;condicao_metereologica;tipo_pista;tracado_via;uso_solo;pessoas;mortos;feridos_leves;feridos_graves;ilesos;ignorados;feridos;veiculos;latitude;longitude;regional;delegacia;uop
618061;31/07/2024;quarta-feira;12:30:00;PE;101;29;IGARASSU;Acessar a via sem observar a presença dos outros veículos;Colisão lateral mesmo sentido;Com Vítimas Feridas;Pleno dia;Crescente;Céu Claro;Dupla;Retorno Regulamentado;Não;2;0;1;0;1;0;1;2;-7,72939697;-34,94185854;SPRF-PE;DEL01-PE;UOP02-DEL01-PE
618062;31/07/2024;quarta-feira;12:45:00;RJ;101;480;ANGRA DOS REIS;Ausência de reação do condutor;Saída de leito carroçável;Com Vítimas Feridas;Pleno dia;Decrescente;Céu Claro;Simples;Curva;Sim;1;0;0;1;0;0;1;1;-23,01331268;-44,28361913;SPRF-RJ;DEL03-RJ;UOP03-DEL03-RJ
618063;31/07/2024;quarta-feira;12:20:00;PI;316;307,8;PICOS;Manobra de mudança de faixa;Colisão lateral mesmo sentido;Com Vítimas Feridas;Pleno dia;Decrescente;Céu Claro;Dupla;Aclive;Sim;2;0;1;0;1;0;1;2;-7,07827269;-41,50174881;SPRF-PI;DEL04-PI;UOP01-DEL04-PI
618064;31/07/2024;quarta-feira;13:27:00;SP;116;231;SAO PAULO;Reação tardia ou ineficiente do condutor;Colisão traseira;Com Vítimas Feridas;Pleno dia;Crescente;Céu Claro;Múltipla;"Reta;Em Obras";Sim;2;0;1;0;1;0;1;2;-23,5290581;-46,59398303;SPRF-SP;DEL01-SP;UOP01-DEL01-SP
618066;31/07/2024;quarta-feira;12:40:00;CE;222;36;CAUCAIA;Acessar a via sem observar a presença dos outros veículos;Colisão frontal;Com Vítimas Feridas;Pleno dia;Decrescente;Céu Claro;Simples;Reta;Não;3;0;2;0;1;0;2;2;-3,69766843;-38,87312982;SPRF-CE;DEL01-CE;UOP01-DEL01-CE
618067;31/07/2024;quarta-feira;09:20:00;PI;316;9;TERESINA;Ausência de reação do condutor;Queda de ocupante de veículo;Com Vítimas Feridas;Pleno dia;Decrescente;Céu Claro;Múltipla;Reta;Sim;2;0;1;0;1;0;1;1;-5,17381686;-42,76624952;SPRF-PI;DEL01-PI;UOP02-DEL01-PI
618068;31/07/2024;quarta-feira;11:00:00;MG;267;157,9;LIMA DUARTE;Desrespeitar a preferência no cruzamento;Colisão transversal;Com Vítimas Feridas;Pleno dia;Crescente;Céu Claro;Simples;Curva;Não;2;0;2;0;0;0;2;2;-21,83885727;-43,77999692;SPRF-MG;DEL05-MG;UOP01-DEL05-MG
618070;31/07/2024;quarta-feira;11:05:00;SC;282;537;CHAPECO;Reação tardia ou ineficiente do condutor;Tombamento;Com Vítimas Feridas;Pleno dia;Decrescente;Céu Claro;Simples;Reta;Não;1;0;1;0;0;0;1;1;-26,999933;-52,663895;SPRF-SC;DEL07-SC;UOP01-DEL07-SC
618071;31/07/2024;quarta-feira;10:00:00;RO;364;143,2;PIMENTA BUENO;Ausência de reação do condutor;Saída de leito carroçável;Com Vítimas Feridas;Pleno dia;Crescente;Sol;Simples;"Declive;Reta";Não;1;0;1;0;0;0;1;1;-12,011382;-60,874863;SPRF-RO;DEL02-RO;UOP02-DEL02-RO
618072;31/07/2024;quarta-feira;13:18:00;PB;230;12;CABEDELO;Acessar a via sem observar a presença dos outros veículos;Colisão transversal;Com Vítimas Feridas;Pleno dia;Crescente;Céu Claro;Dupla;"Em Obras;Retorno Regulamentado;Reta";Sim;4;0;4;0;0;0;4;2;-7,068;-34,85;SPRF-PB;DEL01-PB;UOP01-DEL01-PB
618075;02/01/2024;terça-feira;14:10:00;MG;251;441,9;GRAO MOGOL;Velocidade Incompatível;Colisão frontal;Com Vítimas Feridas;Pleno dia;Crescente;Chuva;Simples;Curva;Não;10;0;3;1;6;0;4;3;-16,40687806;-43,23659394;SPRF-MG;DEL12-MG;UOP01-DEL12-MG
618078;31/07/2024;quarta-feira;13:00:00;RJ;101;92;CAMPOS DOS GOYTACAZES;Chuva;Colisão com objeto;Com Vítimas Feridas;Pleno dia;Crescente;Chuva;Dupla;Curva;Não;2;0;1;0;1;0;1;1;-21,85891;-41,532;SPRF-RJ;DEL08-RJ;UOP02-DEL08-RJ
618080;31/07/2024;quarta-feira;14:00:00;RJ;40;119;DUQUE DE CAXIAS;Reação tardia ou ineficiente do condutor;Engavetamento;Com Vítimas Feridas;Pleno dia;Crescente;Nublado;Múltipla;Reta;Sim;4;0;1;0;3;0;1;3;-22,76375592;-43,28683062;SPRF-RJ;DEL01-RJ;UOP02-DEL01-RJ
618082;19/07/2024;sexta-feira;05:30:00;RS;290;291,5;CACHOEIRA DO SUL;Transitar na contramão;Colisão frontal;Com Vítimas Fatais;Plena Noite;Crescente;Nevoeiro/Neblina;Simples;"Aclive;Reta";Não;2;1;0;1;0;0;1;2;-30,284021;-53,131239;SPRF-RS;DEL02-RS;UOP03-DEL02-RS
618084;31/07/2024;quarta-feira;07:40:00;PI;343;527,5;AMARANTE;Transitar na contramão;Colisão frontal;Com Vítimas Fatais;Pleno dia;Crescente;Céu Claro;Simples;Reta;Não;5;1;1;3;0;0;4;2;-6,423353;-42,79665;SPRF-PI;DEL03-PI;UOP01-DEL03-PI
618086;31/07/2024;quarta-feira;13:50:00;SC;470;125,5;LONTRAS;Ausência de reação do condutor;Colisão lateral sentido oposto;Com Vítimas Feridas;Pleno dia;Decrescente;Céu Claro;Simples;"Curva;Aclive";Não;2;0;0;1;0;1;1;2;-27,120506;-49,534946;SPRF-SC;DEL04-SC;UOP02-DEL04-SC
618087;31/07/2024;quarta-feira;12:20:00;MT;163;893;CLAUDIA;Ausência de reação do condutor;Saída de leito carroçável;Sem Vítimas;Pleno dia;Crescente;Céu Claro;Simples;"Declive;Reta";Não;1;0;0;0;1;0;0;1;-11,49629596;-55,36370229;SPRF-MT;DEL06-MT;UOP02-DEL06-MT
618088;31/07/2024;quarta-feira;12:30:00;GO;153;578;PIRACANJUBA;Demais falhas mecânicas ou elétricas;Incêndio;Sem Vítimas;Pleno dia;Decrescente;Céu Claro;Dupla;Reta;Não;4;0;0;0;4;0;0;1;-17,3706;-49,2442;SPRF-GO;DEL03-GO;UOP01-DEL03-GO
618089;31/07/2024;quarta-feira;08:00:00;BA;324;513;FEIRA DE SANTANA;Transitar no Acostamento;Atropelamento de Pedestre;Sem Vítimas;Pleno dia;Crescente;Céu Claro;Simples;Reta;Sim;2;0;0;0;2;0;0;2;-12,23098007;-38,96101401;SPRF-BA;DEL02-BA;UOP01-DEL02-BA
618090;31/07/2024;quarta-feira;12:50:00;RJ;465;5;SEROPEDICA;Reação tardia ou ineficiente do condutor;Colisão transversal;Com Vítimas Feridas;Pleno dia;Crescente;Céu Claro;Simples;Reta;Sim;2;0;1;0;1;0;1;2;-22,747673;-43,699196;SPRF-RJ;DEL06-RJ;UOP02-DEL06-RJ
618091;31/07/2024;quarta-feira;14:00:00;RN;101;61;CEARA-MIRIM;Demais falhas mecânicas ou elétricas;Queda de ocupante de veículo;Com Vítimas Feridas;Pleno dia;Decrescente;Céu Claro;Simples;Reta;Não;2;0;2;0;0;0;2;1;-5,60784279;-35,25865577;SPRF-RN;DEL02-RN;UOP01-DEL02-RN
618093;31/07/2024;quarta-feira;15:00:00;PE;101;59,7;RECIFE;Acesso irregular;Colisão lateral mesmo sentido;Com Vítimas Feridas;Pleno dia;Decrescente;Céu Claro;Dupla;Reta;Sim;2;0;1;0;1;0;1;2;-7,97708575;-34,92607318;SPRF-PE;DEL01-PE;UOP02-DEL01-PE
618094;31/07/2024;quarta-feira;14:50:00;MG;251;443,7;GRAO MOGOL;Demais falhas mecânicas ou elétricas;Incêndio;Sem Vítimas;Pleno dia;Decrescente;Céu Claro;Simples;Reta;Não;2;0;0;0;2;0;0;1;-16,41500882;-43,25228005;SPRF-MG;DEL12-MG;UOP01-DEL12-MG
618095;14/05/2024;terça-feira;18:15:00;SC;280;236,9;CANOINHAS;Reação tardia ou ineficiente do condutor;Colisão traseira;Com Vítimas Feridas;Plena Noite;Crescente;Chuva;Simples;Reta;Sim;3;0;1;0;2;0;1;3;-26,19844599;-50,43216601;SPRF-SC;DEL06-SC;UOP04-DEL06-SC
618096;31/07/2024;quarta-feira;14:30:00;PE;232;409;SERRA TALHADA;Ultrapassagem Indevida;Colisão frontal;Com Vítimas Feridas;Pleno dia;Decrescente;Céu Claro;Simples;Reta;Sim;2;0;0;2;0;0;2;2;-7,981944;-38,289467;SPRF-PE;DEL04-PE;UOP01-DEL04-PE
618097;31/07/2024;quarta-feira;15:00:00;PI;343;343;TERESINA;Desrespeitar a preferência no cruzamento;Colisão transversal;Com Vítimas Feridas;Pleno dia;Decrescente;Sol;Dupla;Viaduto;Sim;2;0;1;0;1;0;1;2;-5,087362;-42,757851;SPRF-PI;DEL01-PI;UOP01-DEL01-PI
618098;31/07/2024;quarta-feira;16:00:00;RS;285;122,8;VACARIA;Acesso irregular;Colisão transversal;Com Vítimas Feridas;Pleno dia;Crescente;Céu Claro;Simples;Reta;Sim;2;0;1;0;1;0;1;2;-28,49979174;-50,95098495;SPRF-RS;DEL05-RS;UOP03-DEL05-RS
618100;31/07/2024;quarta-feira;11:40:00;BA;116;409;FEIRA DE SANTANA;Condutor deixou de manter distância do veículo da frente;Colisão traseira;Com Vítimas Feridas;Pleno dia;Decrescente;Céu Claro;Simples;Reta;Não;2;0;0;1;1;0;1;2;-12,107779;-38,9687087;SPRF-BA;DEL02-BA;UOP01-DEL02-BA
618101;31/07/2024;quarta-feira;10:40:00;RO;364;394,1;OURO PRETO DO OESTE;Demais falhas mecânicas ou elétricas;Colisão frontal;Com Vítimas Feridas;Pleno dia;Crescente;Céu Claro;Simples;"Reta;Aclive";Não;3;0;1;1;1;0;2;2;-10,64436;-62,309427;SPRF-RO;DEL03-RO;UOP02-DEL03-RO
618102;31/07/2024;quarta-feira;12:00:00;PE;232;96;SAIRE;Reação tardia ou ineficiente do condutor;Saída de leito carroçável;Com Vítimas Feridas;Pleno dia;Crescente;Céu Claro;Dupla;"Aclive;Reta";Não;2;0;2;0;0;0;2;1;-8,23076854;-35,70778281;SPRF-PE;DEL02-PE;UOP02-DEL02PE
618107;31/07/2024;quarta-feira;15:00:00;RJ;40;70;PETROPOLIS;Velocidade Incompatível;Capotamento;Com Vítimas Feridas;Pleno dia;Crescente;Vento;Dupla;Curva;Não;1;0;1;0;0;0;1;1;-22,44906429;-43,19987784;SPRF-RJ;DEL05-RJ;UOP02-DEL05-RJ
618108;31/07/2024;quarta-feira;17:01:00;RN;304;48,2;MOSSORO;Acessar a via sem observar a presença dos outros veículos;Colisão transversal;Com Vítimas Feridas;Pleno dia;Crescente;Sol;Dupla;"Reta;Aclive";Sim;2;0;0;1;1;0;1;2;-5,22868577;-37,32203081;SPRF-RN;DEL04-RN;UOP01-DEL04-RN
618110;31/07/2024;quarta-feira;16:30:00;BA;110;160;RIBEIRA DO POMBAL;Manobra de mudança de faixa;Colisão lateral mesmo sentido;Com Vítimas Feridas;Pleno dia;Crescente;Céu Claro;Simples;Reta;Não;3;0;0;2;1;0;2;2;-10,75618704;-38,50820389;SPRF-BA;DEL07-BA;UOP02-DEL07-BA
618111;31/07/2024;quarta-feira;17:15:00;PB;230;62,9;CRUZ DO ESPIRITO SANTO;Demais falhas mecânicas ou elétricas;Saída de leito carroçável;Sem Vítimas;Anoitecer;Decrescente;Céu Claro;Dupla;"Reta;Aclive";Não;1;0;0;0;1;0;0;1;-7,202;-35,1574;SPRF-PB;DEL01-PB;UOP03-DEL01-PB
618112;31/07/2024;quarta-feira;16:50:00;MG;381;451,2;SABARA;Retorno proibido;Colisão lateral mesmo sentido;Com Vítimas Feridas;Pleno dia;Decrescente;Sol;Simples;"Reta;Retorno Regulamentado";Não;2;0;1;0;1;0;1;2;-19,83832024;-43,8806931;SPRF-MG;DEL01-MG;UOP01-DEL01-MG
618114;31/07/2024;quarta-feira;15:00:00;PR;116;14,8;CAMPINA GRANDE DO SUL;Ausência de reação do condutor;Saída de leito carroçável;Com Vítimas Feridas;Pleno dia;Crescente;Nublado;Dupla;Curva;Não;4;0;2;2;0;0;4;1;-25,0872629;-48,60325813;SPRF-PR;DEL01-PR;UOP02-DEL01-PR
618115;31/07/2024;quarta-feira;17:25:00;RS;287;247,8;SANTA MARIA;Ausência de reação do condutor;Atropelamento de Pedestre;Com Vítimas Fatais;Pleno dia;Crescente;Céu Claro;Dupla;Reta;Sim;3;1;0;0;1;1;0;2;-29,69991534;-53,84176017;SPRF-RS;DEL09-RS;UOP01-DEL09-RS
618117;31/07/2024;quarta-feira;17:15:00;MG;40;354;FELIXLANDIA;Animais na Pista;Atropelamento de Animal;Com Vítimas Feridas;Pleno dia;Crescente;Céu Claro;Simples;Reta;Não;1;0;0;1;0;0;1;1;-18,72943527;-44,90161601;SPRF-MG;DEL02-MG;UOP01-DEL02-MG
618118;31/07/2024;quarta-feira;16:45:00;RJ;116;189;NOVA IGUACU;Ausência de reação do condutor;Colisão traseira;Com Vítimas Feridas;Pleno dia;Crescente;Céu Claro;Dupla;Reta;Sim;2;0;1;0;1;0;1;2;-22,73876603;-43,4949569;SPRF-RJ;DEL06-RJ;UOP01-DEL06-RJ
618119;31/07/2024;quarta-feira;16:10:00;BA;407;90;JAGUARARI;Avarias e/ou desgaste excessivo no pneu;Saída de leito carroçável;Com Vítimas Feridas;Pleno dia;Decrescente;Céu Claro;Simples;Reta;Não;3;0;3;0;0;0;3;1;-10,15034488;-40,23078248;SPRF-BA;DEL04-BA;UOP01-DEL04-BA
618121;31/07/2024;quarta-feira;17:45:00;PR;277;83,9;CURITIBA;Trafegar com motocicleta (ou similar) entre as faixas;Colisão traseira;Com Vítimas Feridas;Anoitecer;Decrescente;Céu Claro;Dupla;"Viaduto;Reta";Sim;2;0;1;0;1;0;1;2;-25,446241;-49,231517;SPRF-PR;DEL01-PR;UOP07-DEL01-PR
618122;31/07/2024;quarta-feira;17:20:00;SP;116;445;REGISTRO;Chuva;Queda de ocupante de veículo;Com Vítimas Feridas;Pleno dia;Crescente;Chuva;Dupla;Reta;Sim;1;0;1;0;0;0;1;1;-24,45434475;-47,81204635;SPRF-SP;DEL05-SP;UOP01-DEL05-SP
618123;31/07/2024;quarta-feira;17:48:00;RS;392;41;RIO GRANDE;Manobra de mudança de faixa;Saída de leito carroçável;Com Vítimas Feridas;Anoitecer;Crescente;Céu Claro;Dupla;Reta;Sim;1;0;1;0;0;0;1;1;-31,95483688;-52,30684982;SPRF-RS;DEL07-RS;UOP02-DEL07-RS
618124;31/07/2024;quarta-feira;18:40:00;ES;101;266;SERRA;Condutor desrespeitou a iluminação vermelha do semáforo;Colisão transversal;Com Vítimas Feridas;Plena Noite;Crescente;Céu Claro;Dupla;Interseção de Vias;Sim;2;0;2;0;0;0;2;2;-20,190199;-40,26828891;SPRF-ES;DEL02-ES;UOP01-DEL02-ES
618125;31/07/2024;quarta-feira;18:40:00;SC;101;207;SAO JOSE;Condutor deixou de manter distância do veículo da frente;Colisão traseira;Com Vítimas Feridas;Plena Noite;Crescente;Nublado;Dupla;"Reta;Aclive";Sim;5;0;2;1;2;0;3;3;-27,60001226;-48,6226467;SPRF-SC;DEL01-SC;UOP01-DEL01-SC
618126;31/07/2024;quarta-feira;18:25:00;RN;110;47,7;MOSSORO;Conversão proibida;Colisão transversal;Com Vítimas Feridas;Plena Noite;Crescente;Céu Claro;Simples;"Reta;Aclive";Sim;2;0;1;0;1;0;1;2;-5,20338376;-37,32563418;SPRF-RN;DEL04-RN;UOP01-DEL04-RN
618127;31/07/2024;quarta-feira;18:40:00;RS;116;300;GUAIBA;Retorno proibido;Colisão transversal;Com Vítimas Feridas;Plena Noite;Decrescente;Céu Claro;Dupla;Reta;Sim;2;0;1;0;1;0;1;2;-30,12368942;-51,34922543;SPRF-RS;DEL02-RS;UOP01-DEL02-RS
618128;31/07/2024;quarta-feira;19:00:00;RS;285;195,9;LAGOA VERMELHA;Acessar a via sem observar a presença dos outros veículos;Colisão transversal;Com Vítimas Feridas;Plena Noite;Decrescente;Céu Claro;Simples;"Rotatória;Retorno Regulamentado;Reta;Interseção de Vias;Aclive";Sim;4;0;1;0;3;0;1;2;-28,234371;-51,50174;SPRF-RS;DEL08-RS;UOP05-DEL08-RS
618129;31/07/2024;quarta-feira;17:41:00;TO;153;393;RIO DOS BOIS;Acessar a via sem observar a presença dos outros veículos;Colisão transversal;Com Vítimas Feridas;Anoitecer;Decrescente;Céu Claro;Simples;Reta;Sim;2;0;1;0;1;0;1;2;-9,35274923;-48,5436847;SPRF-TO;DEL02-TO;UOP02-DEL02-TO
618130;31/07/2024;quarta-feira;16:50:00;RS;290;362;VILA NOVA DO SUL;Reação tardia ou ineficiente do condutor;Saída de leito carroçável;Com Vítimas Feridas;Pleno dia;Decrescente;Céu Claro;Simples;Curva;Não;1;0;1;0;0;0;1;1;-30,377163;-53,794312;SPRF-RS;DEL09-RS;UOP02-DEL09-RS
618131;31/07/2024;quarta-feira;18:00:00;PR;373;173;PONTA GROSSA;Acessar a via sem observar a presença dos outros veículos;Colisão transversal;Com Vítimas Feridas;Plena Noite;Decrescente;Céu Claro;Dupla;Curva;Sim;2;0;1;0;1;0;1;2;-25,0805653;-50,20175905;SPRF-PR;DEL03-PR;UOP01-DEL03-PR
618132;31/07/2024;quarta-feira;18:00:00;RJ;101;318;NITEROI;Trafegar com motocicleta (ou similar) entre as faixas;Queda de ocupante de veículo;Com Vítimas Feridas;Plena Noite;Decrescente;Céu Claro;Dupla;Reta;Não;3;0;1;0;2;0;1;2;-22,84562994;-43,09841211;SPRF-RJ;DEL02-RJ;UOP02-DEL02-RJ
618134;31/07/2024;quarta-feira;19:00:00;SP;381;76;SAO PAULO;Reação tardia ou ineficiente do condutor;Queda de ocupante de veículo;Com Vítimas Feridas;Plena Noite;Crescente;Céu Claro;Dupla;"Declive;Curva";Não;1;0;1;0;0;0;1;1;-23,38372401;-46,56502116;SPRF-SP;DEL03-SP;UOP01-DEL03-SP
618135;31/07/2024;quarta-feira;18:10:00;SC;101;131;BALNEARIO CAMBORIU;Reação tardia ou ineficiente do condutor;Colisão lateral mesmo sentido;Com Vítimas Feridas;Plena Noite;Crescente;Céu Claro;Múltipla;Reta;Sim;2;0;1;0;1;0;1;2;-26,99064209;-48,66310912;SPRF-SC;DEL04-SC;UOP03-DEL04-SC
618136;31/07/2024;quarta-feira;15:00:00;SC;101;147;ITAPEMA;Demais falhas mecânicas ou elétricas;Incêndio;Sem Vítimas;Pleno dia;Crescente;Céu Claro;Simples;"Reta;Ponte";Sim;1;0;0;0;1;0;0;1;-27,09237407;-48,61730888;SPRF-SC;DEL04-SC;UOP03-DEL04-SC
618137;31/07/2024;quarta-feira;19:00:00;MG;40;780,8;JUIZ DE FORA;Acessar a via sem observar a presença dos outros veículos;Colisão lateral mesmo sentido;Com Vítimas Feridas;Plena Noite;Crescente;Céu Claro;Dupla;"Aclive;Curva";Não;2;0;0;1;1;0;1;2;-21,67939981;-43,44987329;SPRF-MG;DEL05-MG;UOP01-DEL05-MG
618139;31/07/2024;quarta-feira;18:10:00;SC;101;329;TUBARAO;Acessar a via sem observar a presença dos outros veículos;Atropelamento de Pedestre;Com Vítimas Feridas;Plena Noite;Crescente;Céu Claro;Dupla;Reta;Sim;2;0;2;0;0;0;2;2;-28,43648094;-48,95989307;SPRF-SC;DEL02-SC;UOP01-DEL02-SC
618140;31/07/2024;quarta-feira;19:20:00;PE;104;65;CARUARU;Reação tardia ou ineficiente do condutor;Colisão lateral mesmo sentido;Com Vítimas Feridas;Plena Noite;Decrescente;Céu Claro;Simples;Reta;Sim;2;0;1;0;1;0;1;2;-8,2867;-35,9838;SPRF-PE;DEL02-PE;UOP01-DEL02-PE
618142;31/07/2024;quarta-feira;19:32:00;GO;40;4;VALPARAISO DE GOIAS;Manobra de mudança de faixa;Colisão lateral mesmo sentido;Com Vítimas Feridas;Plena Noite;Crescente;Céu Claro;Dupla;Reta;Não;2;0;0;1;1;0;1;2;-16,085241;-47,986752;SPRF-DF;DEL01-DF;UOP01-DEL01-DF
618144;31/07/2024;quarta-feira;19:00:00;RS;293;105;PINHEIRO MACHADO;Acessar a via sem observar a presença dos outros veículos;Colisão transversal;Com Vítimas Fatais;Plena Noite;Crescente;Céu Claro;Simples;"Interseção de Vias;Reta";Não;3;1;0;0;1;1;0;3;-31,58287601;-53,35585301;SPRF-RS;DEL11-RS;UOP03-DEL11-RS
618146;31/07/2024;quarta-feira;20:05:00;GO;153;418,7;ANAPOLIS;Ingestão de álcool pelo condutor;Colisão traseira;Com Vítimas Feridas;Plena Noite;Crescente;Céu Claro;Dupla;"Reta;Aclive";Não;1;0;1;0;0;0;1;1;-16,159821;-49,04351;SPRF-GO;DEL02-GO;UOP01-DEL02-GO
618148;31/07/2024;quarta-feira;20:36:00;GO;60;1;SANTO ANTONIO DO DESCOBERTO;Ausência de reação do condutor;Saída de leito carroçável;Com Vítimas Feridas;Plena Noite;Crescente;Céu Claro;Dupla;"Declive;Curva";Não;3;0;2;0;1;0;2;1;-16,06834574;-48,26406372;SPRF-DF;DEL03-DF;UOP01-DEL03-DF
618150;31/07/2024;quarta-feira;19:30:00;SC;101;102;BALNEARIO PICARRAS;Avarias e/ou desgaste excessivo no pneu;Tombamento;Com Vítimas Feridas;Plena Noite;Decrescente;Garoa/Chuvisco;Dupla;Reta;Sim;1;0;1;0;0;0;1;1;-26,77383397;-48,68594062;SPRF-SC;DEL03-SC;UOP02-DEL03-SC
618151;31/07/2024;quarta-feira;19:30:00;SC;101;58;ARAQUARI;Demais falhas mecânicas ou elétricas;Incêndio;Sem Vítimas;Plena Noite;Decrescente;Garoa/Chuvisco;Dupla;Curva;Não;1;0;0;0;0;1;0;1;-26,44025049;-48,80129043;SPRF-SC;DEL03-SC;UOP02-DEL03-SC
618152;31/07/2024;quarta-feira;21:05:00;RS;290;110;ELDORADO DO SUL;Ausência de reação do condutor;Colisão traseira;Sem Vítimas;Plena Noite;Decrescente;Céu Claro;Dupla;Reta;Não;3;0;0;0;3;0;0;2;-30,023552;-51,321091;SPRF-RS;DEL02-RS;UOP01-DEL02-RS
618154;31/07/2024;quarta-feira;20:50:00;MG;364;39,8;FRUTAL;Velocidade Incompatível;Saída de leito carroçável;Com Vítimas Feridas;Plena Noite;Crescente;Céu Claro;Simples;Curva;Não;1;0;1;0;0;0;1;1;-19,9454695;-48,95841479;SPRF-MG;DEL13-MG;UOP02-DEL13-MG
618155;31/07/2024;quarta-feira;20:55:00;DF;80;12;BRASILIA;Transitar no Acostamento;Colisão traseira;Com Vítimas Fatais;Plena Noite;Decrescente;Céu Claro;Simples;"Reta;Declive";Não;2;1;0;0;0;1;0;2;-15,730849;-48,187355;SPRF-DF;DEL03-DF;UOP02-DEL03-DF
618158;31/07/2024;quarta-feira;20:05:00;SC;101;264,3;PAULO LOPES;Animais na Pista;Capotamento;Com Vítimas Feridas;Plena Noite;Crescente;Céu Claro;Dupla;Reta;Não;4;0;2;1;1;0;3;1;-28,05149404;-48,71632789;SPRF-SC;DEL02-SC;UOP03-DEL02-SC
618160;31/07/2024;quarta-feira;22:15:00;SC;282;19,7;PALHOCA;Reação tardia ou ineficiente do condutor;Colisão traseira;Com Vítimas Feridas;Plena Noite;Decrescente;Nublado;Simples;Reta;Sim;3;0;2;0;1;0;2;2;-27,678635;-48,70192;SPRF-SC;DEL01-SC;UOP02-DEL01-SC
618161;31/07/2024;quarta-feira;22:07:00;TO;153;697;CARIRI DO TOCANTINS;Deixar de acionar o farol da motocicleta (ou similar);Colisão traseira;Com Vítimas Feridas;Plena Noite;Crescente;Céu Claro;Simples;Reta;Não;2;0;1;0;1;0;1;2;-11,9282522;-49,18389058;SPRF-TO;DEL01-TO;UOP02-DEL01-TO
618165;31/07/2024;quarta-feira;22:40:00;SP;116;228;SAO PAULO;Pedestre andava na pista;Atropelamento de Pedestre;Com Vítimas Feridas;Plena Noite;Decrescente;Nublado;Múltipla;Reta;Sim;2;0;0;1;1;0;1;2;-23,50343484;-46,56638712;SPRF-SP;DEL01-SP;UOP01-DEL01-SP
618166;31/07/2024;quarta-feira;22:55:00;PR;277;74;SAO JOSE DOS PINHAIS;Ingestão de álcool pelo condutor;Colisão traseira;Com Vítimas Feridas;Plena Noite;Crescente;Nublado;Dupla;"Declive;Viaduto;Reta";Não;2;0;1;0;1;0;1;2;-25,49906604;-49,15798187;SPRF-PR;DEL01-PR;UOP07-DEL01-PR
618168;01/08/2024;quinta-feira;00:01:00;RJ;101;313;SAO GONCALO;Ultrapassagem Indevida;Colisão lateral mesmo sentido;Com Vítimas Feridas;Plena Noite;Decrescente;Céu Claro;Dupla;"Reta;Em Obras";Sim;2;0;1;0;1;0;1;2;-22,81049093;-43,06983304;SPRF-RJ;DEL02-RJ;UOP02-DEL02-RJ
618169;31/07/2024;quarta-feira;19:55:00;AL;101;242;PORTO REAL DO COLEGIO;Animais na Pista;Atropelamento de Animal;Sem Vítimas;Plena Noite;Crescente;Chuva;Dupla;Reta;Não;3;0;0;0;3;0;0;1;-10,16106508;-36,81395391;SPRF-AL;DEL02-AL;UOP02-DEL02-AL
618172;01/08/2024;quinta-feira;00:40:00;RJ;116;70;TERESOPOLIS;Acessar a via sem observar a presença dos outros veículos;Colisão transversal;Com Vítimas Fatais;Plena Noite;Crescente;Nublado;Simples;"Reta;Retorno Regulamentado";Sim;2;1;0;0;1;0;0;2;-22,31707673;-42,93753326;SPRF-RJ;DEL04-RJ;UOP01-DEL04-RJ
618175;01/08/2024;quinta-feira;01:20:00;ES;101;268;SERRA;Velocidade Incompatível;Saída de leito carroçável;Com Vítimas Feridas;Plena Noite;Crescente;Céu Claro;Múltipla;Reta;Sim;1;0;1;0;0;0;1;1;-20,20842;-40,269405;SPRF-ES;DEL02-ES;UOP01-DEL02-ES
618176;31/07/2024;quarta-feira;12:30:00;BA;324;517;FEIRA DE SANTANA;Trafegar com motocicleta (ou similar) entre as faixas;Colisão lateral sentido oposto;Com Vítimas Feridas;Pleno dia;Crescente;Céu Claro;Simples;Reta;Sim;3;0;1;1;1;0;2;2;-12,24953308;-38,93362525;SPRF-BA;DEL02-BA;UOP01-DEL02-BA
618177;01/08/2024;quinta-feira;02:30:00;MG;381;584;CARMOPOLIS DE MINAS;Ausência de reação do condutor;Queda de ocupante de veículo;Com Vítimas Feridas;Plena Noite;Decrescente;Céu Claro;Dupla;Curva;Não;1;0;1;0;0;0;1;1;-20,52949002;-44,63874994;SPRF-MG;DEL04-MG;UOP01-DEL04-MG
618179;01/08/2024;quinta-feira;03:40:00;SP;116;445;REGISTRO;Velocidade Incompatível;Saída de leito carroçável;Com Vítimas Feridas;Plena Noite;Crescente;Céu Claro;Dupla;Reta;Não;2;0;1;0;1;0;1;1;-24,49790715;-47,84208686;SPRF-SP;DEL05-SP;UOP01-DEL05-SP
618181;01/08/2024;quinta-feira;03:30:00;PR;369;131,4;IBIPORA;Reação tardia ou ineficiente do condutor;Saída de leito carroçável;Com Vítimas Feridas;Plena Noite;Crescente;Céu Claro;Dupla;Reta;Sim;1;0;0;1;0;0;1;1;-23,26208029;-50,9943831;SPRF-PR;DEL07-PR;UOP01-DEL07-PR
618183;01/08/2024;quinta-feira;03:48:00;PE;101;46,3;IGARASSU;Acessar a via sem observar a presença dos outros veículos;Colisão transversal;Com Vítimas Feridas;Plena Noite;Crescente;Céu Claro;Múltipla;Interseção de Vias;Sim;2;0;1;0;1;0;1;2;-7,87406004;-34,90588126;SPRF-PE;DEL01-PE;UOP02-DEL01-PE