id;data_inversa;dia_semana;horario;uf;br;km;municipio;causa_acidente;tipo_acidente;classificacao_acidente;fase_dia;sentido_via;condicao_metereologica;tipo_pista;tracado_via;uso_solo;pessoas;mortos;feridos_leves;feridos_graves;ilesos;ignorados;feridos;veiculos;latitude;longitude;regional;delegacia;uop
618184;01/08/2024;quinta-feira;04:50:00;TO;153;152;ARAGUAINA;Reação tardia ou ineficiente do condutor;Tombamento;Com Vítimas Feridas;Amanhecer;Crescente;Céu Claro;Simples;Reta;Não;1;0;1;0;0;0;1;1;-7,264632;-48,262614;SPRF-TO;DEL02-TO;UOP01-DEL02-TO
618185;01/08/2024;quinta-feira;05:10:00;PA;316;83;SAO FRANCISCO DO PARA;Ausência de reação do condutor;Colisão lateral mesmo sentido;Com Vítimas Fatais;Amanhecer;Crescente;Céu Claro;Simples;Reta;Não;2;1;0;0;1;0;0;2;-1,308905;-47,752142;SPRF-PA;DEL01-PA;UOP02-DEL01-PA
618186;01/08/2024;quinta-feira;04:30:00;SC;282;30,2;SANTO AMARO DA IMPERATRIZ;Velocidade Incompatível;Saída de leito carroçável;Sem Vítimas;Plena Noite;Decrescente;Chuva;Simples;Aclive;Não;1;0;0;0;0;1;0;1;-27,687376;-48,79071;SPRF-SC;DEL01-SC;UOP03-DEL01-SC
618187;01/08/2024;quinta-feira;05:00:00;ES;101;134,9;LINHARES;Pedestre andava na pista;Atropelamento de Pedestre;Com Vítimas Fatais;Amanhecer;Crescente;Chuva;Simples;Reta;Não;3;1;0;0;2;0;0;2;-19,26602502;-40,08886123;SPRF-ES;DEL04-ES;UOP01-DEL04-ES
618189;01/08/2024;quinta-feira;05:36:00;PE;104;67;CARUARU;Condutor desrespeitou a iluminação vermelha do semáforo;Colisão transversal;Com Vítimas Feridas;Pleno dia;Decrescente;Sol;Múltipla;"Interseção de Vias;Aclive;Viaduto";Sim;4;0;3;0;1;0;3;2;-8,2937;-35,9864;SPRF-PE;DEL02-PE;UOP01-DEL02-PE
618191;01/08/2024;quinta-feira;06:05:00;CE;222;62,2;SAO GONCALO DO AMARANTE;Demais falhas mecânicas ou elétricas;Saída de leito carroçável;Com Vítimas Feridas;Pleno dia;Crescente;Céu Claro;Simples;Reta;Não;2;0;1;0;1;0;1;1;-3,67147075;-39,09840501;SPRF-CE;DEL01-CE;UOP03-DEL01-CE
618192;01/08/2024;quinta-feira;03:45:00;RJ;393;249,7;BARRA DO PIRAI;Ausência de reação do condutor;Colisão lateral mesmo sentido;Com Vítimas Feridas;Plena Noite;Crescente;Nevoeiro/Neblina;Simples;Reta;Não;1;0;0;1;0;0;1;1;-22,42613519;-43,75178008;SPRF-RJ;DEL05-RJ;UOP04-DEL05-RJ
618193;22/07/2024;segunda-feira;15:30:00;BA;101;473;URUCUCA;Velocidade Incompatível;Capotamento;Com Vítimas Feridas;Pleno dia;Crescente;Céu Claro;Simples;Reta;Não;1;0;0;1;0;0;1;1;-14,58325;-39,33725;SPRF-BA;DEL05-BA;UOP01-DEL05-BA
618200;01/08/2024;quinta-feira;07:00:00;BA;324;622;SALVADOR;Manobra de mudança de faixa;Colisão lateral mesmo sentido;Com Vítimas Feridas;Pleno dia;Crescente;Céu Claro;Múltipla;Reta;Sim;2;0;1;0;1;0;1;2;-12,91888605;-38,46502095;SPRF-BA;DEL01-BA;UOP01-DEL01-BA
618201;01/08/2024;quinta-feira;06:00:00;GO;70;3;AGUAS LINDAS DE GOIAS;Reação tardia ou ineficiente do condutor;Colisão traseira;Com Vítimas Feridas;Amanhecer;Decrescente;Céu Claro;Dupla;Reta;Sim;6;0;2;0;4;0;2;4;-15,76177302;-48,2368693;SPRF-DF;DEL03-DF;UOP02-DEL03-DF
618202;01/08/2024;quinta-feira;07:45:00;RS;116;268;CANOAS;Manobra de mudança de faixa;Colisão lateral mesmo sentido;Com Vítimas Feridas;Pleno dia;Crescente;Céu Claro;Dupla;Reta;Sim;3;0;2;0;1;0;2;2;-29,95044188;-51,17668564;SPRF-RS;DEL01-RS;UOP01-DEL01-RS
618204;01/08/2024;quinta-feira;07:10:00;BA;324;624;SALVADOR;Manobra de mudança de faixa;Queda de ocupante de veículo;Com Vítimas Feridas;Pleno dia;Crescente;Sol;Dupla;Reta;Sim;3;0;2;0;1;0;2;2;-12,933839;-38,47190701;SPRF-BA;DEL01-BA;UOP01-DEL01-BA
618205;01/08/2024;quinta-feira;07:50:00;PB;230;16,8;JOAO PESSOA;Ausência de reação do condutor;Tombamento;Com Vítimas Feridas;Pleno dia;Decrescente;Céu Claro;Dupla;Reta;Sim;1;0;1;0;0;0;1;1;-7,1039;-34,8458;SPRF-PB;DEL01-PB;UOP01-DEL01-PB
618207;01/08/2024;quinta-feira;07:50:00;DF;20;19,1;BRASILIA;Conversão proibida;Colisão traseira;Com Vítimas Feridas;Pleno dia;Decrescente;Céu Claro;Dupla;"Declive;Reta";Sim;2;0;0;1;1;0;1;2;-15,616901;-47,708927;SPRF-DF;DEL02-DF;UOP01-DEL02-DF
618208;01/08/2024;quinta-feira;07:34:00;PI;343;2,4;TERESINA;Ausência de reação do condutor;Colisão lateral mesmo sentido;Com Vítimas Feridas;Pleno dia;Decrescente;Céu Claro;Dupla;"Reta;Interseção de Vias";Sim;2;0;0;1;1;0;1;2;-5,089569;-42,802288;SPRF-PI;DEL01-PI;UOP01-DEL01-PI
618209;01/08/2024;quinta-feira;08:15:00;SP;116;139;SAO JOSE DOS CAMPOS;Manobra de mudança de faixa;Queda de ocupante de veículo;Com Vítimas Feridas;Pleno dia;Crescente;Céu Claro;Dupla;Reta;Sim;2;0;1;1;0;0;2;1;-23,16153216;-45,80400592;SPRF-SP;DEL02-SP;UOP01-DEL02-SP
618210;01/08/2024;quinta-feira;07:15:00;PR;376;595;CURITIBA;Trafegar com motocicleta (ou similar) entre as faixas;Colisão traseira;Com Vítimas Feridas;Pleno dia;Crescente;Nublado;Dupla;Reta;Não;3;0;0;1;1;1;1;3;-25,49317991;-49,34370776;SPRF-PR;DEL01-PR;UOP06-DEL01-PR
618211;01/08/2024;quinta-feira;07:15:00;GO;60;95,1;ANAPOLIS;Acessar a via sem observar a presença dos outros veículos;Engavetamento;Com Vítimas Feridas;Pleno dia;Crescente;Céu Claro;Dupla;"Retorno Regulamentado;Reta";Sim;6;0;1;1;3;1;2;6;-16,3679;-48,939;SPRF-GO;DEL02-GO;UOP01-DEL02-GO
618213;01/08/2024;quinta-feira;08:10:00;RS;290;70;GRAVATAI;Manobra de mudança de faixa;Colisão com objeto;Sem Vítimas;Pleno dia;Decrescente;Céu Claro;Dupla;Reta;Sim;1;0;0;0;1;0;0;1;-29,948863;-50,958071;SPRF-RS;DEL03-RS;UOP01-DEL03-RS
618214;01/08/2024;quinta-feira;07:55:00;SC;163;69,6;SAO MIGUEL DO OESTE;Acessar a via sem observar a presença dos outros veículos;Colisão transversal;Com Vítimas Feridas;Pleno dia;Decrescente;Céu Claro;Dupla;"Interseção de Vias;Declive;Reta";Sim;3;0;2;0;1;0;2;2;-26,73673804;-53,5035038;SPRF-SC;DEL07-SC;UOP03-DEL07-SC
618216;01/08/2024;quinta-feira;07:40:00;RS;153;51,8;ERECHIM;Condutor deixou de manter distância do veículo da frente;Engavetamento;Sem Vítimas;Pleno dia;Decrescente;Sol;Simples;"Declive;Reta";Sim;3;0;0;0;3;0;0;3;-27,66170947;-52,28558415;SPRF-RS;DEL08-RS;UOP04-DEL08-RS
618218;01/08/2024;quinta-feira;08:40:00;PR;369;166;CAMBE;Condutor deixou de manter distância do veículo da frente;Colisão traseira;Com Vítimas Feridas;Pleno dia;Crescente;Céu Claro;Dupla;Reta;Não;3;0;0;1;1;1;1;3;-23,295568;-51,313542;SPRF-PR;DEL07-PR;UOP01-DEL07-PR
618219;01/08/2024;quinta-feira;08:06:00;MG;50;112;UBERABA;Reação tardia ou ineficiente do condutor;Saída de leito carroçável;Com Vítimas Feridas;Pleno dia;Decrescente;Céu Claro;Dupla;Reta;Não;6;0;1;0;5;0;1;1;-19,24093976;-48,13935945;SPRF-MG;DEL13-MG;UOP01-DEL13-MG
618220;01/08/2024;quinta-feira;08:45:00;ES;101;144,1;LINHARES;Condutor desrespeitou a iluminação vermelha do semáforo;Colisão lateral mesmo sentido;Com Vítimas Feridas;Pleno dia;Crescente;Garoa/Chuvisco;Dupla;"Reta;Retorno Regulamentado";Sim;2;0;0;1;1;0;1;2;-19,35188295;-40,0636685;SPRF-ES;DEL04-ES;UOP01-DEL04-ES
618221;01/08/2024;quinta-feira;09:10:00;SP;116;212;GUARULHOS;Demais falhas mecânicas ou elétricas;Tombamento;Com Vítimas Feridas;Pleno dia;Crescente;Céu Claro;Múltipla;Reta;Sim;2;0;1;0;1;0;1;1;-23,43608315;-46,42805094;SPRF-SP;DEL01-SP;UOP01-DEL01-SP
618222;01/08/2024;quinta-feira;09:00:00;MG;40;749;SANTOS DUMONT;Velocidade Incompatível;Saída de leito carroçável;Com Vítimas Feridas;Pleno dia;Crescente;Nublado;Simples;Curva;Não;2;0;1;0;1;0;1;1;-21,447874;-43,55738803;SPRF-MG;DEL05-MG;UOP01-DEL05-MG
618225;04/07/2024;quinta-feira;19:30:00;PR;376;2,4;APUCARANA;Desrespeitar a preferência no cruzamento;Colisão transversal;Com Vítimas Feridas;Plena Noite;Crescente;Céu Claro;Dupla;Retorno Regulamentado;Sim;2;0;1;0;1;0;1;2;-23,56426249;-51,43383622;SPRF-PR;DEL07-PR;UOP03-DEL07-PR
618226;01/08/2024;quinta-feira;09:50:00;PB;230;15;JOAO PESSOA;Condutor deixou de manter distância do veículo da frente;Colisão traseira;Com Vítimas Feridas;Pleno dia;Crescente;Céu Claro;Dupla;"Aclive;Reta";Sim;2;0;1;0;0;1;1;2;-7,10305824;-34,84679114;SPRF-PB;DEL01-PB;UOP01-DEL01-PB
618228;02/06/2024;domingo;21:50:00;MG;354;732,5;POUSO ALTO;Velocidade Incompatível;Saída de leito carroçável;Com Vítimas Feridas;Plena Noite;Decrescente;Céu Claro;Simples;Curva;Não;1;0;1;0;0;0;1;1;-22,17502858;-44,97005105;SPRF-MG;DEL17-MG;UOP01-DEL17-MG
618229;01/08/2024;quinta-feira;06:10:00;RN;226;10,2;MACAIBA;Animais na Pista;Atropelamento de Animal;Com Vítimas Feridas;Pleno dia;Crescente;Céu Claro;Simples;Reta;Sim;1;0;1;0;0;0;1;1;-5,84199104;-35,29535395;SPRF-RN;DEL01-RN;UOP02-DEL01-RN
618231;01/08/2024;quinta-feira;00:25:00;RJ;116;170,9;RIO DE JANEIRO;Ingestão de álcool pelo condutor;Colisão com objeto;Com Vítimas Feridas;Plena Noite;Crescente;Céu Claro;Dupla;Reta;Sim;1;0;1;0;0;0;1;1;-22,81113183;-43,3336729;SPRF-RJ;DEL06-RJ;UOP01-DEL06-RJ
618232;01/08/2024;quinta-feira;09:10:00;MG;116;282,6;TEOFILO OTONI;Reação tardia ou ineficiente do condutor;Saída de leito carroçável;Com Vítimas Feridas;Pleno dia;Crescente;Chuva;Simples;"Declive;Curva";Não;1;0;1;0;0;0;1;1;-17,902369;-41,522926;SPRF-MG;DEL11-MG;UOP01-DEL11-MG
618234;01/08/2024;quinta-feira;10:50:00;SC;282;22,2;SANTO AMARO DA IMPERATRIZ;Acessar a via sem observar a presença dos outros veículos;Colisão transversal;Com Vítimas Feridas;Pleno dia;Decrescente;Nublado;Simples;Reta;Sim;2;0;0;1;1;0;1;2;-27,688507;-48,72739;SPRF-SC;DEL01-SC;UOP02-DEL01-SC
618237;01/08/2024;quinta-feira;08:15:00;BA;116;924,1;ENCRUZILHADA;Reação tardia ou ineficiente do condutor;Capotamento;Com Vítimas Feridas;Pleno dia;Crescente;Nublado;Simples;Reta;Não;3;0;3;0;0;0;3;1;-15,53923811;-41,25125077;SPRF-BA;DEL08-BA;UOP03-DEL08-BA
618238;01/08/2024;quinta-feira;11:11:00;PR;277;729,4;FOZ DO IGUACU;Animais na Pista;Tombamento;Com Vítimas Feridas;Pleno dia;Decrescente;Céu Claro;Dupla;Curva;Sim;1;0;1;0;0;0;1;1;-25,5061253;-54,58954096;SPRF-PR;DEL05-PR;UOP03-DEL05-PR
618240;16/07/2024;terça-feira;07:30:00;BA;324;609;SALVADOR;Condutor deixou de manter distância do veículo da frente;Engavetamento;Com Vítimas Feridas;Pleno dia;Crescente;Sol;Dupla;Reta;Sim;3;0;1;0;2;0;1;3;-12,82066;-38,40798;SPRF-BA;DEL01-BA;UOP01-DEL01-BA
618241;01/08/2024;quinta-feira;07:30:00;SC;101;302,8;LAGUNA;Desrespeitar a preferência no cruzamento;Colisão transversal;Com Vítimas Feridas;Pleno dia;Decrescente;Céu Claro;Simples;Viaduto;Não;2;0;1;0;1;0;1;2;-28,35387609;-48,7426239;SPRF-SC;DEL02-SC;UOP03-DEL02-SC
618242;01/08/2024;quinta-feira;11:40:00;RS;116;149,3;CAXIAS DO SUL;Trafegar com motocicleta (ou similar) entre as faixas;Colisão lateral mesmo sentido;Sem Vítimas;Pleno dia;Decrescente;Céu Claro;Dupla;Interseção de Vias;Sim;2;0;0;0;2;0;0;2;-29,15996905;-51,15645292;SPRF-RS;DEL05-RS;UOP01-DEL05-RS
618245;01/08/2024;quinta-feira;09:15:00;MT;70;711,3;CACERES;Transitar na contramão;Colisão frontal;Com Vítimas Feridas;Pleno dia;Decrescente;Céu Claro;Simples;"Em Obras;Reta";Não;3;0;3;0;0;0;3;2;-16,24917326;-57,52037802;SPRF-MT;DEL03-MT;UOP01-DEL03-MT
618247;01/08/2024;quinta-feira;10:45:00;RO;364;14;VILHENA;Acessar a via sem observar a presença dos outros veículos;Colisão transversal;Com Vítimas Feridas;Pleno dia;Decrescente;Céu Claro;Dupla;Rotatória;Sim;2;0;1;0;1;0;1;2;-12,73898138;-60,13911417;SPRF-RO;DEL04-RO;UOP01-DEL04-RO
618248;01/08/2024;quinta-feira;10:00:00;MT;158;409;RIBEIRAO CASCALHEIRA;Ausência de reação do condutor;Colisão frontal;Com Vítimas Fatais;Pleno dia;Crescente;Céu Claro;Simples;Reta;Não;8;4;1;1;2;0;2;2;-12,8469446;-51,79436096;SPRF-MT;DEL07-MT;UOP02-DEL07-MT
618251;01/08/2024;quinta-feira;11:40:00;RS;116;312,8;GUAIBA;Retorno proibido;Colisão transversal;Com Vítimas Feridas;Pleno dia;Crescente;Céu Claro;Múltipla;"Declive;Reta";Não;3;0;1;0;2;0;1;2;-30,21844198;-51,40424588;SPRF-RS;DEL02-RS;UOP01-DEL02-RS
618252;01/08/2024;quinta-feira;12:25:00;MG;50;67;UBERLANDIA;Acessar a via sem observar a presença dos outros veículos;Colisão traseira;Com Vítimas Feridas;Pleno dia;Crescente;Céu Claro;Dupla;Interseção de Vias;Sim;3;0;1;0;1;1;1;3;-18,85140204;-48,25345932;SPRF-MG;DEL15-MG;UOP02-DEL15-MG
618253;01/08/2024;quinta-feira;12:10:00;SP;488;5;APARECIDA;Acessar a via sem observar a presença dos outros veículos;Colisão transversal;Com Vítimas Feridas;Pleno dia;Crescente;Sol;Dupla;"Reta;Interseção de Vias";Sim;2;0;2;0;0;0;2;2;-22,865681;-45,25523;SPRF-SP;DEL08-SP;UOP01-DEL08-SP
618255;01/08/2024;quinta-feira;12:39:00;RN;101;109;PARNAMIRIM;Mal súbito do condutor;Colisão com objeto;Com Vítimas Feridas;Pleno dia;Crescente;Céu Claro;Dupla;Reta;Sim;2;0;0;2;0;0;2;1;-5,937378;-35,26483;SPRF-RN;DEL01-RN;UOP01-DEL01-RN
618257;01/08/2024;quinta-feira;12:30:00;SC;101;207,2;SAO JOSE;Manobra de mudança de faixa;Colisão lateral mesmo sentido;Com Vítimas Feridas;Pleno dia;Decrescente;Nublado;Múltipla;Reta;Sim;3;0;0;1;2;0;1;3;-27,60001226;-48,6226467;SPRF-SC;DEL01-SC;UOP01-DEL01-SC
618259;30/06/2024;domingo;09:00:00;PR;376;664;GUARATUBA;Reação tardia ou ineficiente do condutor;Saída de leito carroçável;Com Vítimas Feridas;Pleno dia;Crescente;Céu Claro;Dupla;Curva;Não;1;0;1;0;0;0;1;1;-25,85321576;-48,96608688;SPRF-PR;DEL01-PR;UOP04-DEL01-PR
618265;01/08/2024;quinta-feira;12:20:00;PR;116;17;CURITIBA;Trafegar com motocicleta (ou similar) entre as faixas;Colisão lateral mesmo sentido;Com Vítimas Feridas;Pleno dia;Crescente;Céu Claro;Múltipla;"Aclive;Reta";Sim;3;0;2;0;1;0;2;3;-25,389;-49,1867;SPRF-PR;DEL01-PR;UOP02-DEL01-PR
618266;01/08/2024;quinta-feira;09:40:00;PE;101;52;PAULISTA;Reação tardia ou ineficiente do condutor;Colisão com objeto;Com Vítimas Feridas;Pleno dia;Decrescente;Ignorado;Dupla;Reta;Não;1;0;1;0;0;0;1;1;-7,925109;-34,896832;SPRF-PE;DEL01-PE;UOP02-DEL01-PE
618267;01/08/2024;quinta-feira;12:15:00;MA;135;19;SAO LUIS;Reação tardia ou ineficiente do condutor;Colisão lateral mesmo sentido;Com Vítimas Feridas;Pleno dia;Decrescente;Sol;Simples;Reta;Sim;3;0;0;1;2;0;1;2;-2,53073;-44,3068;SPRF-MA;DEL01-MA;UOP01-DEL01-MA
618268;01/08/2024;quinta-feira;12:45:00;PR;277;7,9;PARANAGUA;Reação tardia ou ineficiente do condutor;Queda de ocupante de veículo;Com Vítimas Feridas;Pleno dia;Decrescente;Nublado;Múltipla;Reta;Não;1;0;1;0;0;0;1;1;-25,568198;-48,615292;SPRF-PR;DEL01-PR;UOP05-DEL01-PR
618270;01/08/2024;quinta-feira;13:30:00;TO;153;701;CARIRI DO TOCANTINS;Acessar a via sem observar a presença dos outros veículos;Colisão transversal;Com Vítimas Feridas;Pleno dia;Crescente;Sol;Simples;Retorno Regulamentado;Não;2;0;1;0;1;0;1;2;-11,95274294;-49,19557211;SPRF-TO;DEL01-TO;UOP02-DEL01-TO
618271;01/08/2024;quinta-feira;13:15:00;DF;40;0;BRASILIA;Ultrapassagem Indevida;Colisão lateral mesmo sentido;Sem Vítimas;Pleno dia;Decrescente;Céu Claro;Dupla;Reta;Não;3;0;0;0;3;0;0;2;-15,976897;-47,990129;SPRF-DF;DEL01-DF;UOP01-DEL01-DF
618272;29/07/2024;segunda-feira;00:00:00;SC;116;216,3;PONTE ALTA;Ingestão de álcool pelo condutor;Saída de leito carroçável;Sem Vítimas;Plena Noite;Decrescente;Garoa/Chuvisco;Simples;Reta;Não;1;0;0;0;1;0;0;1;-27,54634396;-50,3770563;SPRF-SC;DEL05-SC;UOP03-DEL05-SC
618275;01/08/2024;quinta-feira;11:55:00;RJ;101;324;NITEROI;Avarias e/ou desgaste excessivo no pneu;Tombamento;Com Vítimas Feridas;Pleno dia;Decrescente;Céu Claro;Dupla;"Reta;Ponte";Sim;2;0;2;0;0;0;2;1;-22,87381074;-43,12640997;SPRF-RJ;DEL02-RJ;UOP01-DEL02-RJ
618279;01/08/2024;quinta-feira;15:10:00;SP;153;30,2;NOVA GRANADA;Desrespeitar a preferência no cruzamento;Colisão transversal;Com Vítimas Feridas;Pleno dia;Decrescente;Céu Claro;Simples;"Interseção de Vias;Retorno Regulamentado";Não;3;0;1;0;2;0;1;2;-20,53857207;-49,33057559;SPRF-SP;DEL09-SP;UOP01-DEL09-SP
618281;01/07/2024;segunda-feira;08:30:00;SP;116;208;GUARULHOS;Objeto estático sobre o leito carroçável;Colisão com objeto;Sem Vítimas;Pleno dia;Crescente;Céu Claro;Dupla;Reta;Sim;2;0;0;0;2;0;0;1;-23,42222263;-46,3932771;SPRF-SP;DEL01-SP;UOP01-DEL01-SP
618283;01/08/2024;quinta-feira;14:00:00;GO;60;81,1;ANAPOLIS;Falta de elemento de contenção que evite a saída do leito carroçável;Saída de leito carroçável;Com Vítimas Feridas;Pleno dia;Crescente;Céu Claro;Dupla;Curva;Não;2;0;1;1;0;0;2;1;-16,311656;-48,828078;SPRF-GO;DEL02-GO;UOP01-DEL02-GO
618286;01/08/2024;quinta-feira;15:30:00;SC;101;204;SAO JOSE;Acesso irregular;Colisão transversal;Com Vítimas Feridas;Pleno dia;Decrescente;Nublado;Dupla;Viaduto;Sim;2;0;1;0;1;0;1;2;-27,57413014;-48,61363083;SPRF-SC;DEL01-SC;UOP01-DEL01-SC
618287;01/08/2024;quinta-feira;15:35:00;RN;101;95;NATAL;Condutor deixou de manter distância do veículo da frente;Colisão traseira;Com Vítimas Feridas;Pleno dia;Decrescente;Céu Claro;Múltipla;Reta;Sim;2;0;0;1;1;0;1;2;-5,84076841;-35,21035949;SPRF-RN;DEL01-RN;UOP01-DEL01-RN
618288;01/08/2024;quinta-feira;15:00:00;SP;116;276;EMBU DAS ARTES;Ingestão de álcool pelo condutor;Colisão lateral mesmo sentido;Com Vítimas Feridas;Pleno dia;Decrescente;Sol;Dupla;Reta;Não;2;0;1;0;1;0;1;2;-23,64262417;-46,83811382;SPRF-SP;DEL04-SP;UOP01-DEL04-SP
618290;01/08/2024;quinta-feira;10:00:00;MT;364;1202;CAMPOS DE JULIO;Falta de elemento de contenção que evite a saída do leito carroçável;Saída de leito carroçável;Sem Vítimas;Pleno dia;Crescente;Sol;Dupla;Reta;Não;1;0;0;0;0;1;0;1;-13,79102483;-59,356692;SPRF-MT;DEL04-MT;UOP02-DEL04-MT
618292;01/08/2024;quinta-feira;15:40:00;PB;230;21,9;JOAO PESSOA;Ausência de reação do condutor;Colisão traseira;Com Vítimas Feridas;Pleno dia;Decrescente;Céu Claro;Simples;Interseção de Vias;Sim;2;0;1;0;1;0;1;2;-7,1415;-34,8519;SPRF-PB;DEL01-PB;UOP01-DEL01-PB
618293;24/07/2024;quarta-feira;14:20:00;RO;319;51;PORTO VELHO;Acessar a via sem observar a presença dos outros veículos;Colisão transversal;Com Vítimas Fatais;Pleno dia;Decrescente;Céu Claro;Simples;Reta;Não;4;1;2;1;0;0;3;2;-8,72974196;-63,97199897;SPRF-RO;DEL01-RO;UOP01-DEL01-RO
618295;01/08/2024;quinta-feira;16:20:00;RJ;101;69;CAMPOS DOS GOYTACAZES;Condutor Dormindo;Colisão traseira;Com Vítimas Feridas;Pleno dia;Decrescente;Céu Claro;Simples;Reta;Não;3;0;1;0;2;0;1;2;-21,77624383;-41,3653321;SPRF-RJ;DEL08-RJ;UOP02-DEL08-RJ
618297;01/08/2024;quinta-feira;16:44:00;RS;116;1,2;PORTO ALEGRE;Manobra de mudança de faixa;Colisão lateral mesmo sentido;Com Vítimas Feridas;Pleno dia;Decrescente;Céu Claro;Dupla;Interseção de Vias;Não;2;0;1;0;1;0;1;2;-29,9864922;-51,18129758;SPRF-RS;DEL05-RS;UOP03-DEL05-RS
618298;01/08/2024;quinta-feira;16:30:00;RS;392;322;SANTA MARIA;Desrespeitar a preferência no cruzamento;Colisão transversal;Sem Vítimas;Pleno dia;Decrescente;Céu Claro;Dupla;"Rotatória;Declive;Viaduto;Interseção de Vias";Sim;3;0;0;0;2;1;0;2;-29,69610535;-53,77567291;SPRF-RS;DEL09-RS;UOP01-DEL09-RS
618299;01/08/2024;quinta-feira;15:00:00;RS;285;364,3;COLORADO;Demais falhas mecânicas ou elétricas;Incêndio;Sem Vítimas;Pleno dia;Crescente;Céu Claro;Simples;Reta;Não;2;0;0;0;2;0;0;1;-28,344273;-52,92532;SPRF-RS;DEL08-RS;UOP03-DEL08-RS
618304;01/08/2024;quinta-feira;10:00:00;BA;324;625;SALVADOR;Condutor deixou de manter distância do veículo da frente;Colisão traseira;Com Vítimas Feridas;Pleno dia;Crescente;Céu Claro;Múltipla;Reta;Sim;3;0;1;0;2;0;1;2;-12,94194706;-38,47081224;SPRF-BA;DEL01-BA;UOP01-DEL01-BA
618306;01/08/2024;quinta-feira;16:30:00;SC;280;29;ARAQUARI;Acessar a via sem observar a presença dos outros veículos;Colisão transversal;Com Vítimas Feridas;Pleno dia;Crescente;Nublado;Dupla;Reta;Sim;2;0;1;0;1;0;1;2;-26,41066264;-48,75295628;SPRF-SC;DEL03-SC;UOP03-DEL03-SC
618307;01/08/2024;quinta-feira;17:00:00;RS;116;243;SAO LEOPOLDO;Animais na Pista;Atropelamento de Animal;Com Vítimas Feridas;Pleno dia;Decrescente;Sol;Múltipla;Reta;Sim;1;0;1;0;0;0;1;1;-29,73196199;-51,14952004;SPRF-RS;DEL01-RS;UOP02-DEL01-RS
618308;01/08/2024;quinta-feira;17:15:00;SP;488;2;APARECIDA;Ausência de reação do condutor;Colisão traseira;Com Vítimas Feridas;Anoitecer;Decrescente;Céu Claro;Dupla;Reta;Sim;2;0;0;1;1;0;1;2;-22,849216;-45,236801;SPRF-SP;DEL08-SP;UOP01-DEL08-SP
618309;01/08/2024;quinta-feira;17:30:00;ES;101;264,5;SERRA;Demais falhas mecânicas ou elétricas;Colisão com objeto;Com Vítimas Feridas;Amanhecer;Crescente;Nublado;Múltipla;Reta;Sim;1;0;1;0;0;0;1;1;-20,17292791;-40,26736384;SPRF-ES;DEL02-ES;UOP01-DEL02-ES
618313;01/08/2024;quinta-feira;17:20:00;SC;101;135;BALNEARIO CAMBORIU;Avarias e/ou desgaste excessivo no pneu;Tombamento;Com Vítimas Feridas;Pleno dia;Decrescente;Sol;Múltipla;Reta;Sim;1;0;1;0;0;0;1;1;-27,0050108;-48,62677494;SPRF-SC;DEL04-SC;UOP03-DEL04-SC
618315;01/08/2024;quinta-feira;17:10:00;RS;470;336,9;TRIUNFO;Ingestão de álcool pelo condutor;Saída de leito carroçável;Com Vítimas Feridas;Pleno dia;Crescente;Céu Claro;Simples;Reta;Não;1;0;0;1;0;0;1;1;-29,90761165;-51,71094328;SPRF-RS;DEL04-RS;UOP02-DEL04-RS
618317;01/08/2024;quinta-feira;16:00:00;SC;470;134;RIO DO SUL;Retorno proibido;Colisão transversal;Com Vítimas Feridas;Pleno dia;Decrescente;Céu Claro;Simples;Reta;Sim;2;0;0;1;1;0;1;2;-27,181854;-49,600128;SPRF-SC;DEL04-SC;UOP02-DEL04-SC
618319;28/07/2024;domingo;19:00:00;GO;60;131;GOIANIA;Velocidade Incompatível;Colisão traseira;Sem Vítimas;Plena Noite;Crescente;Céu Claro;Dupla;"Aclive;Reta";Não;2;0;0;0;2;0;0;2;-16,5754;-49,1602;SPRF-GO;DEL01-GO;UOP01-DEL01-GO
618320;01/08/2024;quinta-feira;16:50:00;RS;392;28,1;RIO GRANDE;Ingestão de álcool pelo condutor;Tombamento;Com Vítimas Fatais;Anoitecer;Crescente;Céu Claro;Dupla;Reta;Sim;1;1;0;0;0;0;0;1;-32,06592409;-52,26686814;SPRF-RS;DEL07-RS;UOP02-DEL07-RS
618321;01/08/2024;quinta-feira;17:50:00;SC;101;214,1;PALHOCA;Manobra de mudança de faixa;Colisão lateral mesmo sentido;Com Vítimas Feridas;Pleno dia;Decrescente;Céu Claro;Múltipla;Reta;Sim;2;0;1;0;1;0;1;2;-27,64443;-48,67057;SPRF-SC;DEL01-SC;UOP02-DEL01-SC
618323;01/08/2024;quinta-feira;18:00:00;PE;101;46;IGARASSU;Manobra de mudança de faixa;Colisão lateral mesmo sentido;Com Vítimas Feridas;Pleno dia;Decrescente;Céu Claro;Múltipla;Reta;Sim;2;0;1;0;1;0;1;2;-7,87406004;-34,90588126;SPRF-PE;DEL01-PE;UOP02-DEL01-PE
618325;01/08/2024;quinta-feira;17:57:00;ES;101;67,4;SAO MATEUS;Acessar a via sem observar a presença dos outros veículos;Colisão transversal;Com Vítimas Feridas;Plena Noite;Crescente;Nublado;Múltipla;Reta;Sim;2;0;0;1;0;1;1;2;-18,72054021;-39,8658931;SPRF-ES;DEL04-ES;UOP02-DEL04-ES
618327;01/08/2024;quinta-feira;12:25:00;RJ;116;148;DUQUE DE CAXIAS;Reação tardia ou ineficiente do condutor;Tombamento;Com Vítimas Feridas;Pleno dia;Crescente;Céu Claro;Simples;"Retorno Regulamentado;Curva";Sim;1;0;1;0;0;0;1;1;-22,6723488;-43,28215398;SPRF-RJ;DEL01-RJ;UOP02-DEL01-RJ