id;data_inversa;dia_semana;horario;uf;br;km;municipio;causa_acidente;tipo_acidente;classificacao_acidente;fase_dia;sentido_via;condicao_metereologica;tipo_pista;tracado_via;uso_solo;pessoas;mortos;feridos_leves;feridos_graves;ilesos;ignorados;feridos;veiculos;latitude;longitude;regional;delegacia;uop
618568;02/08/2024;sexta-feira;18:00:00;SP;116;97;PINDAMONHANGABA;Trafegar com motocicleta (ou similar) entre as faixas;Engavetamento;Com Vítimas Feridas;Anoitecer;Crescente;Céu Claro;Dupla;Reta;Não;3;0;1;1;1;0;2;3;-22,97375666;-45,44726115;SPRF-SP;DEL08-SP;UOP01-DEL08-SP
618569;02/08/2024;sexta-feira;11:45:00;PR;373;480,5;CORONEL VIVIDA;Acessar a via sem observar a presença dos outros veículos;Colisão transversal;Com Vítimas Feridas;Pleno dia;Crescente;Sol;Simples;"Interseção de Vias;Reta";Sim;2;0;1;0;1;0;1;2;-25,98543704;-52,54364496;SPRF-PR;DEL02-PR;UOP01-DEL02-PR
618570;02/08/2024;sexta-feira;18:15:00;PR;476;195;LAPA;Acessar a via sem observar a presença dos outros veículos;Colisão transversal;Com Vítimas Feridas;Plena Noite;Crescente;Céu Claro;Dupla;"Rotatória;Reta";Sim;2;0;2;0;0;0;2;2;-25,746958;-49,718353;SPRF-PR;DEL01-PR;UOP06-DEL01-PR
618571;02/08/2024;sexta-feira;13:15:00;RO;319;61,5;PORTO VELHO;Desrespeitar a preferência no cruzamento;Atropelamento de Pedestre;Com Vítimas Feridas;Pleno dia;Decrescente;Céu Claro;Dupla;Reta;Sim;2;0;2;0;0;0;2;2;-8,766685;-63,884052;SPRF-RO;DEL01-RO;UOP01-DEL01-RO
618572;02/08/2024;sexta-feira;17:50:00;AL;101;200;SAO SEBASTIAO;Ausência de reação do condutor;Colisão traseira;Sem Vítimas;Anoitecer;Crescente;Garoa/Chuvisco;Simples;Reta;Sim;2;0;0;0;1;1;0;2;-9,95081664;-36,54113619;SPRF-AL;DEL02-AL;UOP02-DEL02-AL
618573;02/08/2024;sexta-feira;15:50:00;SC;116;246,4;LAGES;Velocidade Incompatível;Saída de leito carroçável;Com Vítimas Feridas;Pleno dia;Crescente;Sol;Simples;Reta;Sim;1;0;1;0;0;0;1;1;-27,80741967;-50,36653697;SPRF-SC;DEL05-SC;UOP02-DEL05-SC
618574;02/08/2024;sexta-feira;19:00:00;PR;277;107;CAMPO LARGO;Reação tardia ou ineficiente do condutor;Colisão traseira;Com Vítimas Feridas;Plena Noite;Crescente;Céu Claro;Dupla;Reta;Sim;2;0;1;0;1;0;1;2;-25,47157895;-49,35341791;SPRF-PR;DEL01-PR;UOP06-DEL01-PR
618576;02/08/2024;sexta-feira;11:40:00;RJ;101;264;RIO BONITO;Ausência de reação do condutor;Queda de ocupante de veículo;Com Vítimas Feridas;Pleno dia;Decrescente;Céu Claro;Dupla;Reta;Não;1;0;1;0;0;0;1;1;-22,71818337;-42,63600702;SPRF-RJ;DEL02-RJ;UOP03-DEL02-RJ
618579;02/08/2024;sexta-feira;18:35:00;BA;135;172;BARREIRAS;Iluminação deficiente;Atropelamento de Pedestre;Com Vítimas Feridas;Plena Noite;Crescente;Céu Claro;Simples;Reta;Sim;3;0;1;1;0;1;2;2;-12,111708;-44,986898;SPRF-BA;DEL10-BA;UOP01-DEL10-BA
618580;02/08/2024;sexta-feira;17:10:00;RS;153;501,2;CACAPAVA DO SUL;Afundamento ou ondulação no pavimento;Queda de ocupante de veículo;Com Vítimas Feridas;Pleno dia;Crescente;Céu Claro;Simples;"Aclive;Reta";Não;1;0;1;0;0;0;1;1;-30,49925498;-53,36675134;SPRF-RS;DEL09-RS;UOP02-DEL09-RS
618581;02/08/2024;sexta-feira;18:20:00;MS;267;311,1;RIO BRILHANTE;Iluminação deficiente;Colisão traseira;Com Vítimas Feridas;Plena Noite;Crescente;Céu Claro;Simples;Reta;Não;3;0;1;1;1;0;2;2;-21,65346432;-54,7558053;SPRF-MS;DEL02-MS;UOP02-DEL02-MS
618582;02/08/2024;sexta-feira;18:30:00;MS;163;484,5;CAMPO GRANDE;Condutor deixou de manter distância do veículo da frente;Colisão transversal;Com Vítimas Feridas;Anoitecer;Decrescente;Céu Claro;Simples;"Interseção de Vias;Declive;Reta";Sim;4;0;1;0;3;0;1;2;-20,45104898;-54,5403266;SPRF-MS;DEL01-MS;UOP02-DEL01-MS
618583;02/08/2024;sexta-feira;19:00:00;SC;470;4;NAVEGANTES;Sinalização mal posicionada;Colisão traseira;Com Vítimas Feridas;Plena Noite;Crescente;Céu Claro;Dupla;"Em Obras;Desvio Temporário;Retorno Regulamentado";Sim;2;0;1;0;1;0;1;2;-26,855688;-48,700333;SPRF-SC;DEL04-SC;UOP04-DEL04-SC
618584;02/08/2024;sexta-feira;19:15:00;RJ;101;71;CAMPOS DOS GOYTACAZES;Acesso irregular;Colisão transversal;Com Vítimas Feridas;Plena Noite;Crescente;Ignorado;Simples;Reta;Não;2;0;0;1;1;0;1;2;-21,78577807;-41,38139396;SPRF-RJ;DEL08-RJ;UOP02-DEL08-RJ
618585;02/08/2024;sexta-feira;19:40:00;PE;101;189,5;PALMARES;Condutor deixou de manter distância do veículo da frente;Colisão traseira;Sem Vítimas;Plena Noite;Crescente;Céu Claro;Dupla;Reta;Sim;2;0;0;0;2;0;0;2;-8,69036647;-35,60430503;SPRF-PE;DEL01-PE;UOP03-DEL01-PE
618588;02/08/2024;sexta-feira;19:15:00;RS;293;13;CAPAO DO LEAO;Ausência de reação do condutor;Colisão transversal;Com Vítimas Feridas;Plena Noite;Crescente;Céu Claro;Simples;Reta;Sim;4;0;1;0;3;0;1;3;-31,7543548;-52,45089496;SPRF-RS;DEL07-RS;UOP01-DEL07-RS
618589;28/07/2024;domingo;16:00:00;MT;70;210;GENERAL CARNEIRO;Reação tardia ou ineficiente do condutor;Saída de leito carroçável;Com Vítimas Feridas;Pleno dia;Crescente;Céu Claro;Simples;Curva;Não;3;0;3;0;0;0;3;1;-15,72909538;-53,80946731;SPRF-MT;DEL05-MT;UOP01-DEL05-MT
618591;02/08/2024;sexta-feira;19:55:00;ES;101;343,5;GUARAPARI;Velocidade Incompatível;Saída de leito carroçável;Com Vítimas Feridas;Plena Noite;Crescente;Chuva;Simples;"Declive;Curva";Não;2;0;1;0;1;0;1;1;-20,66191662;-40,59045821;SPRF-ES;DEL03-ES;UOP01-DEL03-ES
618594;02/08/2024;sexta-feira;19:10:00;MS;163;144;NAVIRAI;Iluminação deficiente;Colisão traseira;Sem Vítimas;Plena Noite;Crescente;Céu Claro;Simples;Reta;Não;3;0;0;0;3;0;0;3;-22,9978191;-54,38541902;SPRF-MS;DEL09-MS;UOP01-DEL09-MS
618596;02/08/2024;sexta-feira;19:30:00;PR;376;166;MARINGA;Reação tardia ou ineficiente do condutor;Capotamento;Com Vítimas Feridas;Plena Noite;Decrescente;Céu Claro;Dupla;Declive;Não;6;0;1;0;5;0;1;3;-23,39663206;-52,00514304;SPRF-PR;DEL09-PR;UOP01-DEL09-PR
618597;02/08/2024;sexta-feira;19:30:00;SP;116;282,3;EMBU DAS ARTES;Trafegar com motocicleta (ou similar) entre as faixas;Colisão traseira;Com Vítimas Feridas;Plena Noite;Decrescente;Céu Claro;Dupla;"Reta;Desvio Temporário";Sim;2;0;1;0;1;0;1;2;-23,69297005;-46,86352786;SPRF-SP;DEL04-SP;UOP01-DEL04-SP
618598;02/08/2024;sexta-feira;17:09:00;MA;316;276;BELA VISTA DO MARANHAO;Acessar a via sem observar a presença dos outros veículos;Colisão transversal;Com Vítimas Fatais;Pleno dia;Decrescente;Céu Claro;Simples;Reta;Não;4;1;0;0;2;1;0;3;-3,729033;-45,270409;SPRF-MA;DEL02-MA;UOP01-DEL02-MA
618599;02/07/2024;terça-feira;07:15:00;PR;158;380,9;MARQUINHO;Ausência de reação do condutor;Saída de leito carroçável;Com Vítimas Feridas;Pleno dia;Decrescente;Céu Claro;Simples;Reta;Não;1;0;0;1;0;0;1;1;-25,20106091;-52,27318588;SPRF-PR;DEL04-PR;UOP02-DEL04-PR
618600;02/08/2024;sexta-feira;20:31:00;RJ;116;175;SAO JOAO DE MERITI;Manobra de mudança de faixa;Colisão lateral mesmo sentido;Com Vítimas Feridas;Plena Noite;Crescente;Céu Claro;Múltipla;Reta;Não;2;0;0;1;1;0;1;2;-22,78923555;-43,37275272;SPRF-RJ;DEL06-RJ;UOP01-DEL06-RJ
618601;02/08/2024;sexta-feira;17:30:00;RJ;465;20;SEROPEDICA;Conversão proibida;Colisão transversal;Com Vítimas Feridas;Anoitecer;Decrescente;Céu Claro;Simples;Reta;Sim;4;0;2;0;2;0;2;2;-22,846828;-43,605339;SPRF-RJ;DEL06-RJ;UOP02-DEL06-RJ
618602;02/08/2024;sexta-feira;20:00:00;PR;116;86;PIRAQUARA;Avarias e/ou desgaste excessivo no pneu;Saída de leito carroçável;Sem Vítimas;Plena Noite;Crescente;Nublado;Dupla;Reta;Não;1;0;0;0;1;0;0;1;-25,43479327;-49,08939973;SPRF-PR;DEL01-PR;UOP07-DEL01-PR
618603;02/07/2024;terça-feira;06:55:00;AP;210;3;MACAPA;Acessar a via sem observar a presença dos outros veículos;Colisão transversal;Com Vítimas Feridas;Pleno dia;Crescente;Céu Claro;Simples;Interseção de Vias;Sim;2;0;0;1;1;0;1;2;0,08723365;-51,08569007;SPRF-AP;DEL01-AP;UOP01-DEL01-AP
618606;02/08/2024;sexta-feira;19:45:00;MG;40;606,7;CONGONHAS;Acessar a via sem observar a presença dos outros veículos;Colisão transversal;Com Vítimas Feridas;Plena Noite;Crescente;Céu Claro;Simples;"Reta;Retorno Regulamentado";Sim;2;0;1;0;1;0;1;2;-20,46834617;-43,84095284;SPRF-MG;DEL05-MG;UOP02-DEL05-MG
618607;02/08/2024;sexta-feira;19:20:00;BA;116;25,1;VITORIA DA CONQUISTA;Ingestão de álcool pelo condutor;Colisão traseira;Com Vítimas Feridas;Plena Noite;Decrescente;Nevoeiro/Neblina;Simples;"Declive;Curva";Sim;2;0;0;1;0;1;1;2;-14,85503866;-40,79841614;SPRF-BA;DEL08-BA;UOP01-DEL08-BA
618609;02/08/2024;sexta-feira;21:00:00;SP;116;219;GUARULHOS;Manobra de mudança de faixa;Colisão transversal;Com Vítimas Feridas;Plena Noite;Decrescente;Nublado;Múltipla;Reta;Sim;2;0;1;0;1;0;1;2;-23,46143954;-46,48885316;SPRF-SP;DEL01-SP;UOP01-DEL01-SP
618610;02/08/2024;sexta-feira;20:54:00;SP;116;219;GUARULHOS;Transitar no Acostamento;Colisão lateral mesmo sentido;Com Vítimas Feridas;Plena Noite;Decrescente;Céu Claro;Múltipla;"Reta;Interseção de Vias";Sim;2;0;1;0;0;1;1;2;-23,460542;-46,486289;SPRF-SP;DEL01-SP;UOP01-DEL01-SP
618611;02/08/2024;sexta-feira;20:15:00;RJ;101;318;SAO GONCALO;Trafegar com motocicleta (ou similar) entre as faixas;Colisão lateral mesmo sentido;Com Vítimas Feridas;Plena Noite;Decrescente;Céu Claro;Dupla;Reta;Sim;2;0;1;0;1;0;1;2;-22,84562994;-43,09841211;SPRF-RJ;DEL02-RJ;UOP02-DEL02-RJ
618612;02/08/2024;sexta-feira;20:30:00;PE;101;67;RECIFE;Condutor deixou de manter distância do veículo da frente;Colisão lateral mesmo sentido;Com Vítimas Feridas;Plena Noite;Decrescente;Nublado;Múltipla;Reta;Sim;2;0;2;0;0;0;2;2;-8,042334;-34,943096;SPRF-PE;DEL01-PE;UOP01-DEL01-PE
618613;02/08/2024;sexta-feira;16:15:00;SC;280;239;CANOINHAS;Ausência de reação do condutor;Colisão traseira;Com Vítimas Feridas;Pleno dia;Crescente;Céu Claro;Simples;Reta;Não;2;0;1;0;1;0;1;2;-26,20971113;-50,44782084;SPRF-SC;DEL06-SC;UOP04-DEL06-SC
618615;02/08/2024;sexta-feira;17:45:00;BA;101;92,2;ALAGOINHAS;Ultrapassagem Indevida;Colisão frontal;Com Vítimas Fatais;Anoitecer;Decrescente;Nublado;Simples;"Declive;Reta";Não;2;1;0;0;0;1;0;2;-12,08804791;-38,35545708;SPRF-BA;DEL01-BA;UOP04-DEL01-BA
618617;02/08/2024;sexta-feira;20:00:00;PE;232;333;CUSTODIA;Ingestão de álcool pelo condutor;Atropelamento de Pedestre;Com Vítimas Feridas;Plena Noite;Crescente;Céu Claro;Simples;Reta;Sim;2;0;0;1;1;0;1;2;-8,0886886;-37,62796997;SPRF-PE;DEL04-PE;UOP02-DEL04-PE
618619;02/08/2024;sexta-feira;20:30:00;PB;104;101;SAO SEBASTIAO DE LAGOA DE  ROCA;Animais na Pista;Atropelamento de Animal;Com Vítimas Feridas;Plena Noite;Decrescente;Céu Claro;Simples;"Reta;Declive";Não;2;0;0;1;1;0;1;2;-7,053754;-35,854309;SPRF-PB;DEL02-PB;UOP04-DEL02-PB
618621;02/08/2024;sexta-feira;16:30:00;SC;470;299,7;CAMPOS NOVOS;Acumulo de óleo sobre o pavimento;Saída de leito carroçável;Com Vítimas Feridas;Anoitecer;Decrescente;Céu Claro;Simples;Declive;Não;1;0;1;0;0;0;1;1;-27,366648;-51,040581;SPRF-SC;DEL07-SC;UOP06-DEL07-SC
618623;02/08/2024;sexta-feira;21:09:00;PE;101;154;RIBEIRAO;Demais falhas mecânicas ou elétricas;Incêndio;Sem Vítimas;Plena Noite;Crescente;Céu Claro;Dupla;Reta;Não;1;0;0;0;1;0;0;1;-8,52860711;-35,38883966;SPRF-PE;DEL01-PE;UOP03-DEL01-PE
618625;02/08/2024;sexta-feira;20:00:00;CE;403;5,7;ACARAU;Velocidade Incompatível;Colisão traseira;Com Vítimas Fatais;Plena Noite;Crescente;Céu Claro;Simples;Reta;Não;2;1;0;0;0;1;0;2;-2,9214399;-40,16155243;SPRF-CE;DEL01-CE;UOP03-DEL01-CE
618627;02/08/2024;sexta-feira;21:45:00;RJ;101;320,7;NITEROI;Demais falhas mecânicas ou elétricas;Colisão com objeto;Com Vítimas Feridas;Plena Noite;Decrescente;Céu Claro;Múltipla;Curva;Sim;1;0;1;0;0;0;1;1;-22,86171098;-43,10714015;SPRF-RJ;DEL02-RJ;UOP01-DEL02-RJ
618628;02/08/2024;sexta-feira;17:45:00;SC;280;71,2;JARAGUA DO SUL;Acessar a via sem observar a presença dos outros veículos;Colisão transversal;Com Vítimas Feridas;Anoitecer;Decrescente;Céu Claro;Dupla;Reta;Sim;2;0;1;0;1;0;1;2;-26,46151693;-49,13480597;SPRF-SC;DEL03-SC;UOP03-DEL03-SC
618632;02/08/2024;sexta-feira;18:15:00;SC;470;299;CAMPOS NOVOS;Acumulo de óleo sobre o pavimento;Saída de leito carroçável;Com Vítimas Feridas;Plena Noite;Crescente;Céu Claro;Simples;Curva;Não;3;0;3;0;0;0;3;1;-27,366888;-51,040435;SPRF-SC;DEL07-SC;UOP06-DEL07-SC
618633;02/08/2024;sexta-feira;21:22:00;RO;319;64;PORTO VELHO;Condutor desrespeitou a iluminação vermelha do semáforo;Colisão transversal;Com Vítimas Feridas;Plena Noite;Crescente;Céu Claro;Múltipla;Interseção de Vias;Sim;2;0;1;0;1;0;1;2;-8,76505907;-63,88476849;SPRF-RO;DEL01-RO;UOP01-DEL01-RO
618635;02/08/2024;sexta-feira;20:30:00;BA;367;59,7;PORTO SEGURO;Acessar a via sem observar a presença dos outros veículos;Colisão transversal;Com Vítimas Fatais;Plena Noite;Crescente;Chuva;Simples;Reta;Não;2;1;0;0;1;0;0;2;-16,388455;-39,381635;SPRF-BA;DEL09-BA;UOP03-DEL09-BA
618637;02/08/2024;sexta-feira;22:44:00;PE;101;83;JABOATAO DOS GUARARAPES;Ausência de reação do condutor;Saída de leito carroçável;Com Vítimas Feridas;Pleno dia;Crescente;Céu Claro;Dupla;Reta;Sim;1;0;0;1;0;0;1;1;-8,177587;-34,950095;SPRF-PE;DEL01-PE;UOP01-DEL01-PE
618638;02/08/2024;sexta-feira;21:30:00;MT;163;1069;GUARANTA DO NORTE;Ingestão de álcool pelo condutor;Queda de ocupante de veículo;Sem Vítimas;Plena Noite;Crescente;Céu Claro;Simples;Curva;Não;1;0;0;0;1;0;0;1;-10,05184899;-54,90861496;SPRF-MT;DEL06-MT;UOP03-DEL06-MT
618640;02/08/2024;sexta-feira;23:10:00;MG;262;819;UBERABA;Animais na Pista;Colisão traseira;Sem Vítimas;Plena Noite;Crescente;Céu Claro;Dupla;Reta;Não;2;0;0;0;2;0;0;2;-19,76304151;-48,1335551;SPRF-MG;DEL13-MG;UOP01-DEL13-MG
618641;02/08/2024;sexta-feira;22:00:00;MT;163;756;SORRISO;Frear bruscamente;Queda de ocupante de veículo;Com Vítimas Feridas;Plena Noite;Decrescente;Céu Claro;Dupla;"Declive;Retorno Regulamentado";Sim;1;0;0;1;0;0;1;1;-12,54256199;-55,70817232;SPRF-MT;DEL06-MT;UOP01-DEL06-MT
618642;02/08/2024;sexta-feira;23:55:00;MG;381;513;IGARAPE;Ultrapassagem Indevida;Colisão lateral mesmo sentido;Com Vítimas Feridas;Plena Noite;Crescente;Céu Claro;Simples;"Aclive;Interseção de Vias";Sim;2;0;1;0;1;0;1;2;-20,07637864;-44,30390239;SPRF-MG;DEL01-MG;UOP03-DEL01-MG
618643;02/08/2024;sexta-feira;23:00:00;SC;101;119;ITAJAI;Condutor deixou de manter distância do veículo da frente;Colisão traseira;Com Vítimas Feridas;Plena Noite;Decrescente;Céu Claro;Dupla;Reta;Não;3;0;2;0;1;0;2;2;-26,9043179;-48,71555481;SPRF-SC;DEL04-SC;UOP04-DEL04-SC
618644;02/08/2024;sexta-feira;23:10:00;PA;316;107;SANTA MARIA DO PARA;Transitar na contramão;Colisão frontal;Com Vítimas Feridas;Plena Noite;Crescente;Céu Claro;Simples;Reta;Sim;2;0;0;1;1;0;1;2;-1,33767446;-47,54282581;SPRF-PA;DEL01-PA;UOP02-DEL01-PA
618646;02/08/2024;sexta-feira;23:55:00;PA;230;120;MARABA;Ausência de reação do condutor;Colisão traseira;Com Vítimas Feridas;Plena Noite;Decrescente;Céu Claro;Simples;Reta;Sim;3;0;2;0;1;0;2;2;-5,35038318;-49,11434;SPRF-PA;DEL03-PA;UOP01-DEL03-PA
618647;02/08/2024;sexta-feira;23:00:00;SC;470;101,2;APIUNA;Transitar na contramão;Colisão frontal;Com Vítimas Feridas;Plena Noite;Decrescente;Nublado;Simples;Curva;Sim;6;0;4;2;0;0;6;2;-27,053085;-49,390018;SPRF-SC;DEL04-SC;UOP02-DEL04-SC
618648;02/08/2024;sexta-feira;23:55:00;RS;392;690;ROQUE GONZALES;Ingestão de álcool pelo condutor;Colisão com objeto;Sem Vítimas;Plena Noite;Crescente;Céu Claro;Simples;"Interseção de Vias;Rotatória";Não;1;0;0;0;1;0;0;1;-28,10900751;-55,00554085;SPRF-RS;DEL10-RS;UOP01-DEL10-RS
618649;02/08/2024;sexta-feira;22:30:00;PE;423;135;SALOA;Animais na Pista;Atropelamento de Animal;Com Vítimas Feridas;Plena Noite;Decrescente;Céu Claro;Simples;Reta;Não;1;0;1;0;0;0;1;1;-8,9621593;-36,79139492;SPRF-PE;DEL03-PE;UOP01-DEL03-PE
618650;02/08/2024;sexta-feira;20:20:00;AL;316;77;POCO DAS TRINCHEIRAS;Ingestão de álcool pelo condutor;Colisão transversal;Sem Vítimas;Plena Noite;Decrescente;Nublado;Simples;Reta;Sim;2;0;0;0;2;0;0;2;-9,32973323;-37,30014015;SPRF-AL;DEL03-AL;UOP02-DEL03-AL
618652;03/08/2024;sábado;00:30:00;ES;101;148;LINHARES;Conversão proibida;Colisão transversal;Com Vítimas Feridas;Plena Noite;Crescente;Nublado;Simples;"Interseção de Vias;Reta";Sim;4;0;2;0;1;1;2;3;-19,38787399;-40,06752766;SPRF-ES;DEL04-ES;UOP01-DEL04-ES
618653;03/08/2024;sábado;00:29:00;PE;101;126;ESCADA;Reação tardia ou ineficiente do condutor;Saída de leito carroçável;Com Vítimas Feridas;Plena Noite;Crescente;Garoa/Chuvisco;Múltipla;Reta;Sim;2;0;1;0;1;0;1;1;-8,36958202;-35,22919699;SPRF-PE;DEL01-PE;UOP03-DEL01-PE
618656;03/08/2024;sábado;01:25:00;RJ;116;178;BELFORD ROXO;Ausência de reação do condutor;Colisão lateral mesmo sentido;Com Vítimas Feridas;Plena Noite;Crescente;Céu Claro;Dupla;Reta;Sim;3;0;1;0;2;0;1;2;-22,77496393;-43,40081465;SPRF-RJ;DEL06-RJ;UOP01-DEL06-RJ
618658;02/08/2024;sexta-feira;23:55:00;MT;163;754;SORRISO;Velocidade Incompatível;Colisão com objeto;Com Vítimas Feridas;Plena Noite;Crescente;Céu Claro;Dupla;Aclive;Sim;1;0;1;0;0;0;1;1;-12,52813;-55,703508;SPRF-MT;DEL06-MT;UOP01-DEL06-MT
618661;03/08/2024;sábado;03:20:00;GO;50;284,9;CATALAO;Transitar na contramão;Colisão frontal;Com Vítimas Feridas;Plena Noite;Crescente;Céu Claro;Simples;Reta;Não;40;0;1;1;38;0;2;2;-18,2049;-47,9609;SPRF-GO;DEL06-GO;UOP01-DEL06-GO
618662;03/08/2024;sábado;03:15:00;SC;101;3,7;ARARANGUA;Desrespeitar a preferência no cruzamento;Colisão transversal;Com Vítimas Feridas;Plena Noite;Crescente;Céu Claro;Simples;Rotatória;Sim;3;0;1;0;1;1;1;3;-28,94922528;-49,50690508;SPRF-SC;DEL03-SC;UOP01-DEL03-SC
618663;03/08/2024;sábado;03:50:00;SC;101;215,6;PALHOCA;Ausência de reação do condutor;Colisão com objeto;Sem Vítimas;Plena Noite;Crescente;Nublado;Dupla;Curva;Sim;2;0;0;0;1;1;0;2;-27,65184843;-48,67604941;SPRF-SC;DEL01-SC;UOP02-DEL01-SC
618667;03/08/2024;sábado;04:00:00;RS;158;243,1;CONDOR;Ingestão de álcool pelo condutor;Saída de leito carroçável;Com Vítimas Feridas;Plena Noite;Decrescente;Céu Claro;Simples;Curva;Não;1;0;1;0;0;0;1;1;-28,226851;-53,470412;SPRF-RS;DEL10-RS;UOP02-DEL10-RS
618668;03/08/2024;sábado;05:22:00;SP;116;225;GUARULHOS;Reação tardia ou ineficiente do condutor;Colisão traseira;Com Vítimas Feridas;Amanhecer;Crescente;Céu Claro;Múltipla;Reta;Sim;4;0;1;0;3;0;1;4;-23,48586772;-46,54075317;SPRF-SP;DEL01-SP;UOP01-DEL01-SP
618669;03/08/2024;sábado;04:40:00;DF;20;4;BRASILIA;Frear bruscamente;Saída de leito carroçável;Com Vítimas Feridas;Plena Noite;Decrescente;Céu Claro;Dupla;Reta;Sim;2;0;1;0;1;0;1;1;-15,675484;-47,823761;SPRF-DF;DEL02-DF;UOP01-DEL02-DF
618670;03/08/2024;sábado;04:10:00;RN;304;298;MACAIBA;Ingestão de álcool pelo condutor;Saída de leito carroçável;Com Vítimas Feridas;Plena Noite;Decrescente;Garoa/Chuvisco;Dupla;Curva;Não;2;0;2;0;0;0;2;1;-5,8682343;-35,3321791;SPRF-RN;DEL01-RN;UOP02-DEL01-RN
618672;03/08/2024;sábado;04:50:00;PE;232;403;SERRA TALHADA;Ingestão de álcool pelo condutor;Colisão com objeto;Sem Vítimas;Amanhecer;Decrescente;Céu Claro;Simples;Ponte;Não;1;0;0;0;1;0;0;1;-8,00147098;-38,24433438;SPRF-PE;DEL04-PE;UOP01-DEL04-PE
618673;03/08/2024;sábado;06:00:00;MA;316;544,9;CAXIAS;Manobra de mudança de faixa;Saída de leito carroçável;Com Vítimas Feridas;Pleno dia;Decrescente;Céu Claro;Simples;Reta;Não;1;0;1;0;0;0;1;1;-4,867952;-43,411625;SPRF-MA;DEL03-MA;UOP02-DEL03-MA
618675;03/08/2024;sábado;05:50:00;RJ;40;102;DUQUE DE CAXIAS;Ausência de reação do condutor;Atropelamento de Pedestre;Sem Vítimas;Amanhecer;Crescente;Céu Claro;Múltipla;Reta;Sim;6;0;0;0;6;0;0;2;-22,61089297;-43,28656077;SPRF-RJ;DEL01-RJ;UOP02-DEL01-RJ
618676;03/08/2024;sábado;04:00:00;MG;262;710,3;ARAXA;Velocidade Incompatível;Saída de leito carroçável;Com Vítimas Feridas;Plena Noite;Crescente;Céu Claro;Simples;Curva;Não;2;0;1;1;0;0;2;1;-19,59696819;-47,14642496;SPRF-MG;DEL08-MG;UOP01-DEL08-MG
618677;03/08/2024;sábado;05:50:00;RN;405;150,9;PAU DOS FERROS;Ingestão de álcool pelo condutor;Atropelamento de Pedestre;Com Vítimas Fatais;Pleno dia;Decrescente;Céu Claro;Simples;Reta;Sim;3;1;0;0;1;1;0;3;-6,10581398;-38,20595589;SPRF-RN;DEL04-RN;UOP02-DEL04-RN
618679;03/08/2024;sábado;05:45:00;MG;381;455;BELO HORIZONTE;Velocidade Incompatível;Queda de ocupante de veículo;Com Vítimas Fatais;Pleno dia;Decrescente;Céu Claro;Simples;Curva;Não;1;1;0;0;0;0;0;1;-19,85777408;-43,90468298;SPRF-MG;DEL01-MG;UOP01-DEL01-MG
618680;03/08/2024;sábado;05:25:00;MS;158;7,2;CASSILANDIA;Ingestão de álcool pelo condutor;Tombamento;Com Vítimas Feridas;Amanhecer;Crescente;Céu Claro;Simples;Reta;Não;1;0;1;0;0;0;1;1;-19,14742887;-51,67342795;SPRF-MS;DEL08-MS;UOP01-DEL08-MS
618682;03/08/2024;sábado;06:46:00;PE;428;186,9;PETROLINA;Condutor deixou de manter distância do veículo da frente;Colisão traseira;Com Vítimas Feridas;Pleno dia;Crescente;Nublado;Dupla;Reta;Sim;3;0;0;2;1;0;2;2;-9,36729641;-40,48443675;SPRF-PE;DEL06-PE;UOP01-DEL06-PE
618683;03/08/2024;sábado;06:30:00;PB;230;21,5;JOAO PESSOA;Trafegar com motocicleta (ou similar) entre as faixas;Colisão lateral mesmo sentido;Com Vítimas Feridas;Pleno dia;Crescente;Garoa/Chuvisco;Dupla;Reta;Sim;4;0;1;1;2;0;2;4;-7,1415;-34,8519;SPRF-PB;DEL01-PB;UOP01-DEL01-PB
618684;03/08/2024;sábado;07:00:00;PR;376;2,7;SAO JOSE DOS PINHAIS;Animais na Pista;Atropelamento de Animal;Com Vítimas Feridas;Pleno dia;Crescente;Céu Claro;Dupla;"Reta;Em Obras";Sim;1;0;0;1;0;0;1;1;-25,54553;-49,189642;SPRF-PR;DEL01-PR;UOP04-DEL01-PR
618687;28/06/2024;sexta-feira;09:00:00;RN;406;169;NATAL;Acessar a via sem observar a presença dos outros veículos;Colisão lateral mesmo sentido;Sem Vítimas;Pleno dia;Decrescente;Céu Claro;Dupla;Rotatória;Sim;1;0;0;0;1;0;0;1;-5,76246034;-35,28842926;SPRF-RN;DEL02-RN;UOP01-DEL02-RN
618688;03/08/2024;sábado;00:00:00;RJ;493;20;MAGE;Ausência de reação do condutor;Tombamento;Com Vítimas Feridas;Plena Noite;Crescente;Nublado;Simples;Reta;Sim;1;0;1;0;0;0;1;1;-22,66364;-43,036495;SPRF-RJ;DEL04-RJ;UOP02-DEL04-RJ
618689;03/08/2024;sábado;06:40:00;MG;116;441;ENGENHEIRO CALDAS;Chuva;Tombamento;Com Vítimas Feridas;Pleno dia;Decrescente;Céu Claro;Simples;Reta;Não;1;0;1;0;0;0;1;1;-19,08450198;-41,99845794;SPRF-MG;DEL06-MG;UOP01-DEL06-MG
618690;03/08/2024;sábado;07:00:00;GO;153;535;HIDROLANDIA;Reação tardia ou ineficiente do condutor;Colisão com objeto;Com Vítimas Feridas;Pleno dia;Decrescente;Céu Claro;Dupla;Reta;Sim;1;0;0;1;0;0;1;1;-17,01;-49,2202;SPRF-GO;DEL01-GO;UOP03-DEL01-GO