id;data_inversa;dia_semana;horario;uf;br;km;municipio;causa_acidente;tipo_acidente;classificacao_acidente;fase_dia;sentido_via;condicao_metereologica;tipo_pista;tracado_via;uso_solo;pessoas;mortos;feridos_leves;feridos_graves;ilesos;ignorados;feridos;veiculos;latitude;longitude;regional;delegacia;uop
618801;03/08/2024;sábado;17:30:00;SC;101;209,9;SAO JOSE;Reação tardia ou ineficiente do condutor;Colisão com objeto;Com Vítimas Fatais;Anoitecer;Crescente;Nublado;Múltipla;Reta;Sim;1;1;0;0;0;0;0;1;-27,6167305;-48,6457265;SPRF-SC;DEL01-SC;UOP01-DEL01-SC
618802;03/08/2024;sábado;16:55:00;PE;232;105,3;BEZERROS;Ausência de reação do condutor;Capotamento;Sem Vítimas;Pleno dia;Crescente;Céu Claro;Dupla;Reta;Não;1;0;0;0;1;0;0;1;-8,25830415;-35,78275595;SPRF-PE;DEL02-PE;UOP02-DEL02PE
618803;03/08/2024;sábado;15:00:00;BA;110;395;SAO SEBASTIAO DO PASSE;Ausência de reação do condutor;Colisão com objeto;Sem Vítimas;Pleno dia;Crescente;Céu Claro;Dupla;Reta;Sim;1;0;0;0;1;0;0;1;-12,50766107;-38,49626949;SPRF-BA;DEL01-BA;UOP01-DEL01-BA
618805;03/08/2024;sábado;15:55:00;MS;267;16,8;BATAGUASSU;Manobra de mudança de faixa;Colisão frontal;Com Vítimas Feridas;Pleno dia;Crescente;Céu Claro;Simples;Reta;Não;5;0;3;0;2;0;3;2;-21,72576167;-52,29571101;SPRF-MS;DEL02-MS;UOP04-DEL02-MS
618806;03/08/2024;sábado;18:00:00;RJ;116;70;TERESOPOLIS;Iluminação deficiente;Atropelamento de Animal;Com Vítimas Feridas;Anoitecer;Decrescente;Nublado;Simples;Reta;Sim;2;0;0;1;1;0;1;2;-22,31879876;-42,9375874;SPRF-RJ;DEL04-RJ;UOP01-DEL04-RJ
618809;03/08/2024;sábado;15:10:00;RO;429;164,2;SAO MIGUEL DO GUAPORE;Ingestão de álcool pelo condutor;Tombamento;Com Vítimas Feridas;Pleno dia;Crescente;Céu Claro;Simples;Reta;Não;1;0;1;0;0;0;1;1;-11,69646694;-62,75647909;SPRF-RO;DEL02-RO;UOP03-DEL02-RO
618810;03/08/2024;sábado;17:30:00;MG;356;279;MURIAE;Acumulo de água sobre o pavimento;Queda de ocupante de veículo;Com Vítimas Feridas;Anoitecer;Decrescente;Garoa/Chuvisco;Simples;"Declive;Curva";Não;2;0;1;1;0;0;2;1;-21,12514202;-42,254502;SPRF-MG;DEL07-MG;UOP02-DEL07-MG
618811;03/08/2024;sábado;17:30:00;AL;316;261;PILAR;Acumulo de água sobre o pavimento;Queda de ocupante de veículo;Com Vítimas Fatais;Anoitecer;Decrescente;Chuva;Simples;Reta;Não;1;1;0;0;0;0;0;1;-9,59005875;-35,89598604;SPRF-AL;DEL02-AL;UOP01-DEL02-AL
618812;03/08/2024;sábado;17:55:00;BA;116;10,5;VITORIA DA CONQUISTA;Ingestão de álcool pelo condutor;Colisão lateral sentido oposto;Sem Vítimas;Anoitecer;Decrescente;Céu Claro;Simples;Curva;Sim;4;0;0;0;4;0;0;2;-14,866196;-40,871862;SPRF-BA;DEL08-BA;UOP01-DEL08-BA
618813;03/08/2024;sábado;18:17:00;RS;472;591,5;URUGUAIANA;Reação tardia ou ineficiente do condutor;Saída de leito carroçável;Com Vítimas Fatais;Anoitecer;Crescente;Céu Claro;Simples;Curva;Não;1;1;0;0;0;0;0;1;-29,886139;-57,116796;SPRF-RS;DEL13-RS;UOP01-DEL13-RS
618816;03/08/2024;sábado;18:40:00;MG;381;485;BETIM;Ausência de reação do condutor;Colisão traseira;Com Vítimas Feridas;Plena Noite;Decrescente;Céu Claro;Múltipla;Reta;Sim;2;0;0;1;1;0;1;2;-19,9560669;-44,1017461;SPRF-MG;DEL01-MG;UOP03-DEL01-MG
618817;03/08/2024;sábado;17:15:00;PR;163;217,2;CASCAVEL;Reação tardia ou ineficiente do condutor;Saída de leito carroçável;Com Vítimas Feridas;Pleno dia;Decrescente;Céu Claro;Dupla;"Curva;Aclive";Não;1;0;1;0;0;0;1;1;-24,98685299;-53,55948192;SPRF-PR;DEL04-PR;UOP01-DEL04-PR
618818;03/08/2024;sábado;17:00:00;RJ;40;123;DUQUE DE CAXIAS;Manobra de mudança de faixa;Colisão lateral mesmo sentido;Com Vítimas Feridas;Pleno dia;Crescente;Céu Claro;Dupla;Reta;Sim;2;0;1;0;0;1;1;2;-22,79907687;-43,29015739;SPRF-RJ;DEL01-RJ;UOP02-DEL01-RJ
618819;03/08/2024;sábado;18:00:00;RJ;116;133;MAGE;Reação tardia ou ineficiente do condutor;Colisão traseira;Com Vítimas Feridas;Plena Noite;Crescente;Céu Claro;Dupla;Reta;Não;2;0;1;0;1;0;1;2;-22,65418284;-43,14382995;SPRF-RJ;DEL04-RJ;UOP02-DEL04-RJ
618820;03/08/2024;sábado;14:10:00;PA;155;342;MARABA;Transitar na contramão;Colisão frontal;Com Vítimas Feridas;Pleno dia;Crescente;Céu Claro;Simples;Reta;Sim;2;0;0;1;1;0;1;2;-5,37851903;-49,07674765;SPRF-PA;DEL03-PA;UOP01-DEL03-PA
618821;03/08/2024;sábado;17:20:00;PI;343;342,1;TERESINA;Acumulo de areia ou detritos sobre o pavimento;Tombamento;Com Vítimas Feridas;Pleno dia;Crescente;Céu Claro;Simples;Reta;Sim;2;0;2;0;0;0;2;1;-5,083052;-42,75154;SPRF-PI;DEL01-PI;UOP01-DEL01-PI
618822;03/08/2024;sábado;13:00:00;BA;367;121;ITAGIMIRIM;Velocidade Incompatível;Saída de leito carroçável;Com Vítimas Fatais;Pleno dia;Crescente;Céu Claro;Simples;"Declive;Curva";Não;1;1;0;0;0;0;0;1;-16,08879617;-39,61867931;SPRF-BA;DEL09-BA;UOP01-DEL09-BA
618824;03/08/2024;sábado;18:29:00;RN;226;57;SENADOR ELOI DE SOUZA;Transitar na contramão;Colisão lateral sentido oposto;Com Vítimas Feridas;Plena Noite;Decrescente;Céu Claro;Simples;"Declive;Reta";Não;2;0;1;0;1;0;1;2;-6,02178079;-35,65473415;SPRF-RN;DEL01-RN;UOP02-DEL01-RN
618825;03/08/2024;sábado;18:10:00;RJ;101;384;RIO DE JANEIRO;Reação tardia ou ineficiente do condutor;Engavetamento;Com Vítimas Feridas;Plena Noite;Crescente;Céu Claro;Dupla;Reta;Sim;4;0;1;0;3;0;1;3;-22,87911609;-43,62323999;SPRF-RJ;DEL03-RJ;UOP01-DEL03-RJ
618826;03/08/2024;sábado;17:50:00;MS;60;498;MARACAJU;Entrada inopinada do pedestre;Atropelamento de Pedestre;Com Vítimas Feridas;Anoitecer;Decrescente;Céu Claro;Dupla;Reta;Não;2;0;0;1;0;1;1;2;-21,20215582;-55,49325003;SPRF-MS;DEL01-MS;UOP04-DEL01-MS
618827;03/08/2024;sábado;18:15:00;MG;381;484;BETIM;Demais falhas mecânicas ou elétricas;Colisão com objeto;Com Vítimas Feridas;Plena Noite;Decrescente;Céu Claro;Dupla;Reta;Sim;4;0;1;0;3;0;1;4;-19,9599;-44,08986;SPRF-MG;DEL01-MG;UOP03-DEL01-MG
618828;03/08/2024;sábado;18:00:00;BA;101;878;TEIXEIRA DE FREITAS;Ausência de sinalização;Atropelamento de Pedestre;Com Vítimas Feridas;Plena Noite;Decrescente;Nublado;Simples;Reta;Sim;2;0;0;1;1;0;1;2;-17,546097;-39,718826;SPRF-BA;DEL09-BA;UOP02-DEL09-BA
618829;03/08/2024;sábado;19:18:00;SP;116;282;EMBU DAS ARTES;Acessar a via sem observar a presença dos outros veículos;Atropelamento de Pedestre;Com Vítimas Feridas;Pleno dia;Crescente;Céu Claro;Dupla;Reta;Sim;2;0;0;1;1;0;1;2;-23,68570216;-46,85970975;SPRF-SP;DEL04-SP;UOP01-DEL04-SP
618830;03/08/2024;sábado;18:30:00;RS;290;60;GRAVATAI;Manobra de mudança de faixa;Colisão lateral mesmo sentido;Com Vítimas Feridas;Plena Noite;Crescente;Céu Claro;Dupla;Reta;Não;2;0;0;1;1;0;1;2;-29,92559312;-50,86186051;SPRF-RS;DEL03-RS;UOP01-DEL03-RS
618832;03/08/2024;sábado;18:45:00;AL;104;87,7;RIO LARGO;Ingestão de álcool pelo condutor;Colisão traseira;Com Vítimas Feridas;Plena Noite;Decrescente;Garoa/Chuvisco;Dupla;Reta;Sim;3;0;2;0;1;0;2;2;-9,47532901;-35,82160002;SPRF-AL;DEL01-AL;UOP01-DEL01-AL
618833;03/08/2024;sábado;19:30:00;ES;262;117,1;CONCEICAO DO CASTELO;Ultrapassagem Indevida;Colisão transversal;Com Vítimas Fatais;Plena Noite;Decrescente;Chuva;Simples;"Declive;Reta";Não;4;2;1;0;0;1;1;3;-20,31467155;-41,23608094;SPRF-ES;DEL01-ES;UOP02-DEL01-ES
618834;03/08/2024;sábado;19:55:00;MG;381;485,6;BETIM;Trafegar com motocicleta (ou similar) entre as faixas;Colisão lateral mesmo sentido;Com Vítimas Feridas;Plena Noite;Decrescente;Céu Claro;Múltipla;"Reta;Declive";Sim;3;0;2;0;1;0;2;2;-19,95659361;-44,12622893;SPRF-MG;DEL01-MG;UOP03-DEL01-MG
618837;02/08/2024;sexta-feira;23:40:00;RS;290;19;SANTO ANTONIO DA PATRULHA;Reação tardia ou ineficiente do condutor;Tombamento;Com Vítimas Feridas;Plena Noite;Decrescente;Céu Claro;Dupla;Reta;Não;1;0;1;0;0;0;1;1;-29,884407;-50,444893;SPRF-RS;DEL03-RS;UOP01-DEL03-RS
618838;03/08/2024;sábado;18:30:00;PR;376;165;MARINGA;Velocidade Incompatível;Capotamento;Com Vítimas Feridas;Plena Noite;Crescente;Céu Claro;Dupla;Reta;Não;3;0;1;0;2;0;1;1;-23,39038641;-52,01421918;SPRF-PR;DEL09-PR;UOP01-DEL09-PR
618839;03/08/2024;sábado;20:00:00;PR;376;165,1;MARINGA;Reação tardia ou ineficiente do condutor;Colisão traseira;Com Vítimas Feridas;Plena Noite;Crescente;Céu Claro;Dupla;Reta;Não;3;0;0;1;2;0;1;2;-23,39038641;-52,01421918;SPRF-PR;DEL09-PR;UOP01-DEL09-PR
618840;03/08/2024;sábado;19:30:00;PR;277;41,5;MORRETES;Demais falhas mecânicas ou elétricas;Incêndio;Sem Vítimas;Plena Noite;Decrescente;Nublado;Dupla;Viaduto;Não;1;0;0;0;1;0;0;1;-25,57183811;-48,83586205;SPRF-PR;DEL01-PR;UOP01-DEL01-PR
618841;03/08/2024;sábado;18:30:00;BA;116;5;FEIRA DE SANTANA;Reação tardia ou ineficiente do condutor;Colisão traseira;Com Vítimas Feridas;Plena Noite;Crescente;Céu Claro;Dupla;"Reta;Declive";Sim;3;0;0;2;1;0;2;3;-12,285515;-38,968438;SPRF-PE;DEL05-PE;UOP03-DEL05-PE
618842;03/08/2024;sábado;19:10:00;BA;116;818;VITORIA DA CONQUISTA;Acessar a via sem observar a presença dos outros veículos;Colisão transversal;Com Vítimas Feridas;Plena Noite;Crescente;Céu Claro;Simples;"Interseção de Vias;Rotatória;Reta";Sim;3;0;1;0;1;1;1;2;-14,8232;-40,8178;SPRF-BA;DEL08-BA;UOP01-DEL08-BA
618843;03/08/2024;sábado;20:30:00;SP;116;228;SAO PAULO;Trafegar com motocicleta (ou similar) entre as faixas;Colisão lateral mesmo sentido;Com Vítimas Feridas;Plena Noite;Crescente;Céu Claro;Múltipla;Reta;Sim;8;0;1;0;6;1;1;5;-23,50343484;-46,56638712;SPRF-SP;DEL01-SP;UOP01-DEL01-SP
618844;03/08/2024;sábado;19:16:00;DF;60;7,5;BRASILIA;Manobra de mudança de faixa;Saída de leito carroçável;Com Vítimas Fatais;Plena Noite;Crescente;Céu Claro;Múltipla;"Declive;Reta";Sim;3;1;1;0;0;1;1;2;-15,89927004;-48,1162262;SPRF-DF;DEL03-DF;UOP01-DEL03-DF
618845;03/08/2024;sábado;19:40:00;SP;116;228,8;SAO PAULO;Ausência de reação do condutor;Engavetamento;Com Vítimas Feridas;Plena Noite;Decrescente;Céu Claro;Múltipla;"Declive;Curva";Sim;8;0;0;1;7;0;1;4;-23,504389;-46,568052;SPRF-SP;DEL01-SP;UOP01-DEL01-SP
618847;03/08/2024;sábado;19:40:00;MG;365;152;PIRAPORA;Reação tardia ou ineficiente do condutor;Saída de leito carroçável;Com Vítimas Feridas;Plena Noite;Decrescente;Céu Claro;Simples;Reta;Não;1;0;1;0;0;0;1;1;-17,29807999;-44,89095301;SPRF-MG;DEL10-MG;UOP02-DEL010-MG
618848;03/08/2024;sábado;18:10:00;PB;230;467;SOUSA;Pedestre andava na pista;Atropelamento de Pedestre;Com Vítimas Feridas;Anoitecer;Crescente;Céu Claro;Simples;Reta;Sim;2;0;2;0;0;0;2;2;-6,7813;-38,2606;SPRF-PB;DEL03-PB;UOP03-DEL03-PB
618849;03/08/2024;sábado;19:30:00;GO;40;14,6;LUZIANIA;Acessar a via sem observar a presença dos outros veículos;Colisão traseira;Com Vítimas Feridas;Plena Noite;Decrescente;Céu Claro;Dupla;"Declive;Reta";Sim;2;0;1;0;1;0;1;2;-16,16149;-47,931248;SPRF-DF;DEL01-DF;UOP01-DEL01-DF
618851;03/08/2024;sábado;19:50:00;MG;381;482,9;BETIM;Reação tardia ou ineficiente do condutor;Saída de leito carroçável;Com Vítimas Feridas;Pleno dia;Decrescente;Céu Claro;Dupla;"Aclive;Curva";Não;1;0;1;0;0;0;1;1;-19,957678;-44,078821;SPRF-MG;DEL01-MG;UOP03-DEL01-MG
618852;03/08/2024;sábado;19:45:00;PR;369;505,8;CASCAVEL;Acumulo de areia ou detritos sobre o pavimento;Tombamento;Com Vítimas Feridas;Plena Noite;Crescente;Céu Claro;Simples;Reta;Não;1;0;0;1;0;0;1;1;-24,8252;-53,2976;SPRF-PR;DEL04-PR;UOP03-DEL04-PR
618853;03/08/2024;sábado;20:34:00;RN;226;103,8;SANTA CRUZ;Animais na Pista;Atropelamento de Animal;Com Vítimas Feridas;Plena Noite;Crescente;Céu Claro;Simples;Reta;Não;2;0;2;0;0;0;2;1;-6,24815848;-35,95079402;SPRF-RN;DEL03-RN;UOP02-DEL03-RN
618854;03/08/2024;sábado;18:00:00;RS;153;406,5;CACHOEIRA DO SUL;Velocidade Incompatível;Atropelamento de Pedestre;Com Vítimas Feridas;Anoitecer;Crescente;Nublado;Dupla;Curva;Sim;4;0;0;1;1;2;1;2;-30,01530082;-52,91873932;SPRF-RS;DEL02-RS;UOP03-DEL02-RS
618856;03/08/2024;sábado;18:35:00;PR;277;491,5;NOVA LARANJEIRAS;Acessar a via sem observar a presença dos outros veículos;Colisão transversal;Com Vítimas Feridas;Plena Noite;Decrescente;Céu Claro;Simples;"Aclive;Reta";Não;2;0;1;1;0;0;2;2;-25,23353017;-52,6472803;SPRF-PR;DEL04-PR;UOP02-DEL04-PR
618857;03/08/2024;sábado;20:30:00;RS;116;39,6;VACARIA;Retorno proibido;Colisão transversal;Com Vítimas Feridas;Plena Noite;Decrescente;Céu Claro;Simples;Reta;Sim;2;0;1;0;1;0;1;2;-28,51594187;-50,93670487;SPRF-RS;DEL05-RS;UOP03-DEL05-RS
618861;03/08/2024;sábado;20:20:00;SC;280;29;ARAQUARI;Ingestão de álcool pelo condutor;Colisão traseira;Sem Vítimas;Plena Noite;Crescente;Céu Claro;Simples;Reta;Sim;2;0;0;0;2;0;0;2;-26,41066264;-48,75295628;SPRF-SC;DEL03-SC;UOP03-DEL03-SC
618862;03/08/2024;sábado;20:00:00;SC;116;65,1;PAPANDUVA;Ingestão de álcool pelo condutor;Saída de leito carroçável;Com Vítimas Feridas;Plena Noite;Decrescente;Céu Claro;Simples;Reta;Não;2;0;2;0;0;0;2;1;-26,42445099;-50,2281171;SPRF-SC;DEL06-SC;UOP02-DEL06-SC
618864;03/08/2024;sábado;18:40:00;SC;116;58,1;PAPANDUVA;Ausência de reação do condutor;Tombamento;Com Vítimas Feridas;Plena Noite;Decrescente;Céu Claro;Simples;Reta;Não;1;0;1;0;0;0;1;1;-26,37772259;-50,19785907;SPRF-SC;DEL06-SC;UOP02-DEL06-SC
618868;03/08/2024;sábado;15:30:00;CE;20;349,3;CARIDADE;Pista esburacada;Colisão frontal;Com Vítimas Feridas;Pleno dia;Decrescente;Céu Claro;Simples;"Reta;Declive";Não;3;0;2;0;1;0;2;3;-4,094943;-39,055965;SPRF-CE;DEL02-CE;UOP01-DEL02-CE
618870;03/08/2024;sábado;21:05:00;RJ;116;172;SAO JOAO DE MERITI;Demais falhas mecânicas ou elétricas;Colisão com objeto;Com Vítimas Feridas;Plena Noite;Decrescente;Céu Claro;Múltipla;Reta;Sim;3;0;2;1;0;0;3;1;-22,80188151;-43,35043673;SPRF-RJ;DEL06-RJ;UOP01-DEL06-RJ
618871;03/08/2024;sábado;18:50:00;PE;316;100;OURICURI;Manobra de mudança de faixa;Colisão frontal;Com Vítimas Feridas;Plena Noite;Decrescente;Céu Claro;Simples;Reta;Não;2;0;0;1;1;0;1;2;-7,93798009;-39,94691304;SPRF-PE;DEL05-PE;UOP02-DEL05-PE
618872;03/08/2024;sábado;18:15:00;RJ;101;458;ANGRA DOS REIS;Reação tardia ou ineficiente do condutor;Colisão transversal;Com Vítimas Feridas;Plena Noite;Crescente;Céu Claro;Simples;Reta;Sim;3;0;1;0;2;0;1;2;-23,0376863;-44,18393352;SPRF-RJ;DEL03-RJ;UOP03-DEL03-RJ
618873;03/08/2024;sábado;17:40:00;RS;285;400;PANAMBI;Ingestão de álcool pelo condutor;Saída de leito carroçável;Com Vítimas Feridas;Pleno dia;Crescente;Céu Claro;Simples;Reta;Não;1;0;0;1;0;0;1;1;-28,383703;-53,352825;SPRF-RS;DEL10-RS;UOP02-DEL10-RS
618874;03/08/2024;sábado;20:59:00;MA;135;14;SAO LUIS;Ausência de reação do condutor;Colisão lateral mesmo sentido;Com Vítimas Feridas;Plena Noite;Crescente;Céu Claro;Dupla;Reta;Sim;3;0;2;0;1;0;2;2;-2,68792341;-44,30009651;SPRF-MA;DEL01-MA;UOP01-DEL01-MA
618875;03/08/2024;sábado;21:40:00;PR;469;16;FOZ DO IGUACU;Ausência de reação do condutor;Colisão com objeto;Com Vítimas Feridas;Plena Noite;Decrescente;Céu Claro;Simples;Reta;Não;2;0;1;0;1;0;1;1;-25,5844;-54,5245;SPRF-PR;DEL05-PR;UOP04-DEL05-PR
618879;03/08/2024;sábado;21:20:00;MG;381;485,4;BETIM;Ingestão de álcool pelo condutor;Colisão traseira;Com Vítimas Feridas;Plena Noite;Decrescente;Céu Claro;Dupla;"Declive;Reta";Não;3;0;1;0;2;0;1;2;-19,95659361;-44,12622893;SPRF-MG;DEL01-MG;UOP03-DEL01-MG
618881;03/08/2024;sábado;21:51:00;ES;101;145,9;LINHARES;Reação tardia ou ineficiente do condutor;Colisão com objeto;Sem Vítimas;Plena Noite;Decrescente;Chuva;Dupla;"Interseção de Vias;Reta";Sim;1;0;0;0;0;1;0;1;-19,36089598;-40,06464018;SPRF-ES;DEL04-ES;UOP01-DEL04-ES
618882;03/08/2024;sábado;22:00:00;ES;101;279,5;SERRA;Reação tardia ou ineficiente do condutor;Colisão com objeto;Sem Vítimas;Plena Noite;Crescente;Chuva;Dupla;Reta;Não;2;0;0;0;1;1;0;2;-20,218122;-40,339325;SPRF-ES;DEL02-ES;UOP01-DEL02-ES
618884;03/08/2024;sábado;21:40:00;SP;381;87,2;GUARULHOS;Pedestre andava na pista;Atropelamento de Pedestre;Com Vítimas Feridas;Plena Noite;Crescente;Céu Claro;Múltipla;Curva;Sim;3;0;0;1;2;0;1;2;-23,475405;-46,560931;SPRF-SP;DEL03-SP;UOP01-DEL03-SP
618885;03/08/2024;sábado;21:30:00;PE;408;59;TRACUNHAEM;Acessar a via sem observar a presença dos outros veículos;Colisão transversal;Com Vítimas Feridas;Plena Noite;Crescente;Céu Claro;Simples;Reta;Não;2;0;0;1;1;0;1;2;-7,80575494;-35,24395484;SPRF-PE;DEL01-PE;UOP01-DEL01-PE
618886;03/08/2024;sábado;21:40:00;PR;376;13,3;MARINGA;Velocidade Incompatível;Saída de leito carroçável;Com Vítimas Feridas;Plena Noite;Decrescente;Nublado;Dupla;"Declive;Reta";Sim;1;0;1;0;0;0;1;1;-23,39849849;-51,88206017;SPRF-PR;DEL09-PR;UOP01-DEL09-PR
618888;03/08/2024;sábado;19:10:00;RR;174;1;BOA VISTA;Manobra de mudança de faixa;Tombamento;Com Vítimas Fatais;Plena Noite;Crescente;Céu Claro;Simples;Reta;Não;2;1;0;0;1;0;0;2;2,963855;-60,73804747;SPRF-RR;DEL01-RR;UOP01-DEL01-RR
618889;03/08/2024;sábado;21:35:00;RJ;493;8;GUAPIMIRIM;Ausência de reação do condutor;Colisão traseira;Com Vítimas Feridas;Plena Noite;Crescente;Céu Claro;Dupla;Ponte;Não;2;0;0;1;1;0;1;2;-22,71330892;-42,95334574;SPRF-RJ;DEL04-RJ;UOP02-DEL04-RJ
618890;03/08/2024;sábado;21:15:00;PB;230;393,8;SAO BENTINHO;Pedestre andava na pista;Atropelamento de Pedestre;Com Vítimas Fatais;Plena Noite;Decrescente;Céu Claro;Simples;"Declive;Reta";Não;2;1;0;0;0;1;0;2;-6,877;-37,732;SPRF-PB;DEL03-PB;UOP02-DEL03-PB
618891;03/08/2024;sábado;19:40:00;MT;163;1071;GUARANTA DO NORTE;Acessar a via sem observar a presença dos outros veículos;Colisão traseira;Com Vítimas Fatais;Plena Noite;Decrescente;Céu Claro;Simples;Reta;Não;4;2;0;0;0;2;0;3;-9,897;-54,9;SPRF-MT;DEL06-MT;UOP03-DEL06-MT
618892;03/08/2024;sábado;21:30:00;SC;101;219;PALHOCA;Transitar na contramão;Colisão frontal;Com Vítimas Feridas;Plena Noite;Decrescente;Céu Claro;Dupla;"Reta;Interseção de Vias";Sim;3;0;1;1;1;0;2;2;-27,68960835;-48,66432667;SPRF-SC;DEL01-SC;UOP02-DEL01-SC
618893;03/08/2024;sábado;22:30:00;PB;230;370,5;MALTA;Mal súbito do condutor;Queda de ocupante de veículo;Com Vítimas Feridas;Plena Noite;Crescente;Céu Claro;Simples;Reta;Não;1;0;1;0;0;0;1;1;-6,9079;-37,5497;SPRF-PB;DEL03-PB;UOP02-DEL03-PB
618894;03/08/2024;sábado;21:55:00;SC;101;439,5;SOMBRIO;Demais falhas mecânicas ou elétricas;Queda de ocupante de veículo;Com Vítimas Feridas;Plena Noite;Crescente;Céu Claro;Múltipla;Curva;Não;2;0;1;0;1;0;1;1;-29,124015;-49,668135;SPRF-SC;DEL02-SC;UOP02-DEL02-SC
618895;03/08/2024;sábado;20:30:00;RJ;101;503;ANGRA DOS REIS;Acessar a via sem observar a presença dos outros veículos;Queda de ocupante de veículo;Com Vítimas Feridas;Plena Noite;Crescente;Céu Claro;Simples;Reta;Não;2;0;1;0;0;1;1;2;-22,92894705;-44,37879998;SPRF-RJ;DEL03-RJ;UOP03-DEL03-RJ
618896;03/08/2024;sábado;22:40:00;MG;262;359,5;BETIM;Ingestão de álcool pelo condutor;Saída de leito carroçável;Com Vítimas Feridas;Plena Noite;Decrescente;Céu Claro;Dupla;Curva;Não;2;0;1;1;0;0;2;1;-19,97734;-44,25603;SPRF-MG;DEL01-MG;UOP03-DEL01-MG
618897;03/08/2024;sábado;22:00:00;MG;40;559;NOVA LIMA;Ingestão de álcool pelo condutor;Colisão traseira;Com Vítimas Feridas;Plena Noite;Decrescente;Céu Claro;Dupla;Reta;Sim;3;0;0;2;1;0;2;2;-20,11861708;-43,96783926;SPRF-MG;DEL01-MG;UOP02-DEL01-MG
618899;03/08/2024;sábado;22:20:00;RJ;101;393;ITAGUAI;Condutor deixou de manter distância do veículo da frente;Colisão traseira;Com Vítimas Feridas;Plena Noite;Decrescente;Céu Claro;Dupla;Reta;Não;2;0;1;0;1;0;1;2;-22,88924912;-43,70370205;SPRF-RJ;DEL03-RJ;UOP01-DEL03-RJ
618900;04/06/2024;terça-feira;13:40:00;ES;101;139,8;LINHARES;Condutor Dormindo;Colisão traseira;Com Vítimas Feridas;Pleno dia;Crescente;Sol;Dupla;Reta;Sim;3;0;1;0;2;0;1;2;-19,3101728;-40,0799666;SPRF-ES;DEL04-ES;UOP01-DEL04-ES
618901;03/08/2024;sábado;18:35:00;RJ;101;322,2;NITEROI;Manobra de mudança de faixa;Colisão lateral mesmo sentido;Com Vítimas Feridas;Plena Noite;Decrescente;Céu Claro;Múltipla;Reta;Não;4;0;1;0;3;0;1;2;-22,878923;-43,110676;SPRF-RJ;DEL02-RJ;UOP01-DEL02-RJ
618902;03/08/2024;sábado;22:47:00;PR;116;77,4;QUATRO BARRAS;Retorno proibido;Saída de leito carroçável;Sem Vítimas;Plena Noite;Crescente;Céu Claro;Dupla;Reta;Não;1;0;0;0;1;0;0;1;-25,38360492;-49,05301123;SPRF-PR;DEL01-PR;UOP07-DEL01-PR
618904;03/08/2024;sábado;22:20:00;CE;116;306;JAGUARIBE;Condutor deixou de manter distância do veículo da frente;Colisão traseira;Com Vítimas Feridas;Pleno dia;Decrescente;Céu Claro;Simples;Reta;Sim;4;0;0;1;2;1;1;3;-5,87360108;-38,60594195;SPRF-CE;DEL05-CE;UOP02-DEL05-CE
618905;03/08/2024;sábado;22:00:00;GO;80;3;PADRE BERNARDO;Velocidade Incompatível;Saída de leito carroçável;Sem Vítimas;Plena Noite;Crescente;Céu Claro;Dupla;Reta;Não;1;0;0;0;0;1;0;1;-15,50047;-48,220239;SPRF-DF;DEL03-DF;UOP02-DEL03-DF
618907;03/08/2024;sábado;23:30:00;RN;304;37;MOSSORO;Conversão proibida;Colisão com objeto;Com Vítimas Feridas;Plena Noite;Crescente;Céu Claro;Simples;Reta;Não;1;0;0;1;0;0;1;1;-5,17455933;-37,36227171;SPRF-RN;DEL04-RN;UOP02-DEL04-RN
618909;03/08/2024;sábado;23:10:00;MG;365;419;PATOS DE MINAS;Condutor deixou de manter distância do veículo da frente;Colisão traseira;Com Vítimas Feridas;Plena Noite;Decrescente;Céu Claro;Simples;Interseção de Vias;Não;2;0;1;0;1;0;1;2;-18,69581421;-46,59448986;SPRF-MG;DEL10-MG;UOP01-DEL10-MG
618910;03/08/2024;sábado;23:35:00;PE;232;164,7;TACAIMBO;Ingestão de álcool pelo condutor;Colisão frontal;Sem Vítimas;Plena Noite;Crescente;Chuva;Simples;Reta;Não;2;0;0;0;2;0;0;2;-8,33555885;-36,28935202;SPRF-PE;DEL03-PE;UOP02-DEL03-PE
618911;04/08/2024;domingo;00:01:00;TO;153;194;NOVA OLINDA;Condutor Dormindo;Colisão traseira;Sem Vítimas;Plena Noite;Crescente;Céu Claro;Simples;Reta;Não;2;0;0;0;2;0;0;2;-7,59531198;-48,42039406;SPRF-TO;DEL02-TO;UOP01-DEL02-TO
618912;03/08/2024;sábado;23:10:00;RJ;116;171;RIO DE JANEIRO;Desrespeitar a preferência no cruzamento;Saída de leito carroçável;Com Vítimas Feridas;Plena Noite;Crescente;Céu Claro;Dupla;Reta;Não;3;0;1;0;1;1;1;2;-22,8060415;-43,34289573;SPRF-RJ;DEL06-RJ;UOP01-DEL06-RJ
618913;04/08/2024;domingo;01:00:00;MG;381;500,3;BETIM;Manobra de mudança de faixa;Tombamento;Com Vítimas Feridas;Plena Noite;Decrescente;Céu Claro;Dupla;Declive;Sim;1;0;0;1;0;0;1;1;-20,00640174;-44,21486336;SPRF-MG;DEL01-MG;UOP03-DEL01-MG
618916;03/08/2024;sábado;23:20:00;AL;316;154;PALMEIRA DOS INDIOS;Acessar a via sem observar a presença dos outros veículos;Colisão lateral mesmo sentido;Com Vítimas Feridas;Plena Noite;Decrescente;Chuva;Simples;"Viaduto;Reta";Sim;3;0;0;2;0;1;2;2;-9,43055371;-36,64101415;SPRF-AL;DEL03-AL;UOP01-DEL03-AL