id;data_inversa;dia_semana;horario;uf;br;km;municipio;causa_acidente;tipo_acidente;classificacao_acidente;fase_dia;sentido_via;condicao_metereologica;tipo_pista;tracado_via;uso_solo;pessoas;mortos;feridos_leves;feridos_graves;ilesos;ignorados;feridos;veiculos;latitude;longitude;regional;delegacia;uop
619132;04/08/2024;domingo;21:30:00;RS;101;25;TRES CACHOEIRAS;Velocidade Incompatível;Atropelamento de Pedestre;Com Vítimas Feridas;Plena Noite;Crescente;Chuva;Dupla;Reta;Sim;3;0;3;0;0;0;3;2;-29,45530462;-49,92587608;SPRF-RS;DEL03-RS;UOP02-DEL03-RS
619133;04/08/2024;domingo;19:30:00;MS;158;229;SELVIRIA;Animais na Pista;Atropelamento de Animal;Com Vítimas Feridas;Plena Noite;Crescente;Céu Claro;Simples;Reta;Não;3;0;1;0;1;1;1;2;-20,57840712;-51,60681476;SPRF-MS;DEL07-MS;UOP01-DEL07-MS
619134;04/08/2024;domingo;22:25:00;PI;316;316,5;PICOS;Acesso irregular;Tombamento;Com Vítimas Feridas;Plena Noite;Crescente;Céu Claro;Simples;Reta;Sim;2;0;1;0;0;1;1;2;-7,08133721;-41,42347604;SPRF-PI;DEL04-PI;UOP01-DEL04-PI
619135;04/08/2024;domingo;22:00:00;MS;376;10;DOURADOS;Reação tardia ou ineficiente do condutor;Colisão traseira;Com Vítimas Feridas;Plena Noite;Decrescente;Céu Claro;Simples;Reta;Não;5;0;2;0;3;0;2;2;-22,26310595;-54,63195095;SPRF-MS;DEL04-MS;UOP01-DEL04-MS
619136;04/08/2024;domingo;23:20:00;ES;101;62;SAO MATEUS;Demais falhas na via;Tombamento;Com Vítimas Feridas;Plena Noite;Crescente;Nublado;Simples;Reta;Não;1;0;1;0;0;0;1;1;-18,69020499;-39,86154403;SPRF-ES;DEL04-ES;UOP02-DEL04-ES
619137;04/08/2024;domingo;21:00:00;MG;267;139,6;LIMA DUARTE;Condutor Dormindo;Saída de leito carroçável;Com Vítimas Feridas;Plena Noite;Decrescente;Nevoeiro/Neblina;Simples;Reta;Não;1;0;1;0;0;0;1;1;-21,79755218;-43,68025194;SPRF-MG;DEL05-MG;UOP01-DEL05-MG
619138;04/08/2024;domingo;18:30:00;MA;402;67;MORROS;Transitar no Acostamento;Atropelamento de Pedestre;Com Vítimas Feridas;Anoitecer;Crescente;Céu Claro;Simples;Reta;Não;2;0;0;1;0;1;1;2;-2,809498;-43,820358;SPRF-MA;DEL01-MA;UOP01-DEL01-MA
619139;04/08/2024;domingo;23:25:00;BA;116;420;FEIRA DE SANTANA;Reação tardia ou ineficiente do condutor;Colisão com objeto;Com Vítimas Feridas;Plena Noite;Crescente;Céu Claro;Dupla;Rotatória;Sim;2;0;2;0;0;0;2;1;-12,20321398;-38,96555531;SPRF-BA;DEL02-BA;UOP01-DEL02-BA
619140;04/08/2024;domingo;17:10:00;PI;343;466;ANGICAL DO PIAUI;Transitar na contramão;Colisão frontal;Com Vítimas Fatais;Pleno dia;Crescente;Céu Claro;Simples;Reta;Não;2;2;0;0;0;0;0;2;-6,040689;-42,736026;SPRF-PI;DEL01-PI;UOP02-DEL01-PI
619141;04/08/2024;domingo;20:00:00;PI;135;313;CRISTINO CASTRO;Ausência de reação do condutor;Colisão lateral sentido oposto;Sem Vítimas;Plena Noite;Crescente;Céu Claro;Simples;Reta;Não;2;0;0;0;1;1;0;2;-8,7875909;-44,20217611;SPRF-PI;DEL03-PI;UOP02-DEL03-PI
619142;04/08/2024;domingo;23:00:00;ES;262;174;IBATIBA;Acesso irregular;Colisão traseira;Com Vítimas Feridas;Plena Noite;Crescente;Garoa/Chuvisco;Simples;Reta;Não;6;0;1;0;5;0;1;2;-20,27069252;-41,62018606;SPRF-ES;DEL01-ES;UOP02-DEL01-ES
619144;04/08/2024;domingo;20:30:00;MA;316;380;BACABAL;Ausência de reação do condutor;Colisão frontal;Com Vítimas Fatais;Plena Noite;Decrescente;Nublado;Simples;"Reta;Ponte";Não;2;1;0;0;0;1;0;2;-4,212195;-44,619816;SPRF-MA;DEL03-MA;UOP01-DEL03-MA
619145;04/08/2024;domingo;20:00:00;SC;470;100;APIUNA;Velocidade Incompatível;Saída de leito carroçável;Com Vítimas Feridas;Plena Noite;Crescente;Ignorado;Simples;Curva;Sim;1;0;1;0;0;0;1;1;-27,045143;-49,394142;SPRF-SC;DEL04-SC;UOP02-DEL04-SC
619146;04/08/2024;domingo;23:00:00;RJ;101;296;ITABORAI;Acesso irregular;Eventos atípicos;Sem Vítimas;Plena Noite;Decrescente;Céu Claro;Múltipla;Reta;Sim;1;0;0;0;1;0;0;1;-22,76822791;-42,91648149;SPRF-RJ;DEL02-RJ;UOP02-DEL02-RJ
619151;04/08/2024;domingo;23:30:00;GO;60;129;GOIANAPOLIS;Ingestão de álcool pelo condutor;Saída de leito carroçável;Sem Vítimas;Plena Noite;Decrescente;Céu Claro;Dupla;Reta;Não;1;0;0;0;1;0;0;1;-16,5587;-49,1534;SPRF-GO;DEL01-GO;UOP01-DEL01-GO
619153;04/08/2024;domingo;20:30:00;PI;135;38,8;JERUMENHA;Transitar na contramão;Colisão transversal;Com Vítimas Feridas;Plena Noite;Decrescente;Céu Claro;Simples;Interseção de Vias;Não;4;0;1;3;0;0;4;1;-7,0805216;-43,49498;SPRF-PI;DEL03-PI;UOP01-DEL03-PI
619155;05/08/2024;segunda-feira;00:40:00;SP;101;28;UBATUBA;Demais falhas mecânicas ou elétricas;Colisão com objeto;Com Vítimas Feridas;Plena Noite;Decrescente;Céu Claro;Simples;Curva;Não;1;0;0;1;0;0;1;1;-23,37268002;-44,95284699;SPRF-SP;DEL06-SP;UOP01-DEL06-SP
619157;04/08/2024;domingo;23:50:00;PR;277;286;PRUDENTOPOLIS;Ausência de reação do condutor;Colisão traseira;Com Vítimas Feridas;Plena Noite;Crescente;Céu Claro;Simples;Reta;Não;2;0;1;1;0;0;2;2;-25,321511;-50,967701;SPRF-PR;DEL08-PR;UOP02-DEL08-PR
619158;05/08/2024;segunda-feira;01:45:00;SE;235;6,1;NOSSA SENHORA DO SOCORRO;Animais na Pista;Atropelamento de Animal;Com Vítimas Feridas;Plena Noite;Crescente;Ignorado;Dupla;"Reta;Aclive";Não;2;0;2;0;0;0;2;1;-10,903851;-37,128677;SPRF-SE;DEL01-SE;UOP01-DEL01-SE
619159;05/08/2024;segunda-feira;00:25:00;MG;116;577,1;MANHUACU;Velocidade Incompatível;Colisão com objeto;Com Vítimas Feridas;Plena Noite;Decrescente;Chuva;Simples;Curva;Não;1;0;1;0;0;0;1;1;-20,161295;-42,189066;SPRF-MG;DEL06-MG;UOP03-DEL06-MG
619164;05/08/2024;segunda-feira;01:40:00;RS;101;77;OSORIO;Demais falhas mecânicas ou elétricas;Incêndio;Sem Vítimas;Pleno dia;Crescente;Garoa/Chuvisco;Dupla;Reta;Não;1;0;0;0;1;0;0;1;-29,80280592;-50,23688813;SPRF-RS;DEL03-RS;UOP01-DEL03-RS
619166;05/08/2024;segunda-feira;01:30:00;SC;101;308,7;LAGUNA;Ausência de reação do condutor;Saída de leito carroçável;Sem Vítimas;Plena Noite;Decrescente;Chuva;Dupla;Reta;Não;1;0;0;0;1;0;0;1;-28,42220274;-48,79749298;SPRF-SC;DEL02-SC;UOP01-DEL02-SC
619167;05/08/2024;segunda-feira;03:30:00;RJ;116;186;NOVA IGUACU;Ingestão de álcool pelo condutor;Saída de leito carroçável;Com Vítimas Feridas;Plena Noite;Crescente;Céu Claro;Dupla;Reta;Sim;1;0;1;0;0;0;1;1;-22,74151051;-43,45351823;SPRF-RJ;DEL06-RJ;UOP01-DEL06-RJ
619169;05/08/2024;segunda-feira;03:30:00;MS;158;1,9;CASSILANDIA;Ingestão de álcool pelo condutor;Saída de leito carroçável;Com Vítimas Feridas;Plena Noite;Crescente;Céu Claro;Simples;"Reta;Aclive";Sim;1;0;1;0;0;0;1;1;-19,119783;-51,73276;SPRF-MS;DEL08-MS;UOP01-DEL08-MS
619170;05/08/2024;segunda-feira;04:10:00;SP;116;192;SANTA ISABEL;Ausência de reação do condutor;Saída de leito carroçável;Sem Vítimas;Amanhecer;Decrescente;Nublado;Dupla;"Declive;Curva";Não;1;0;0;0;1;0;0;1;-23,376923;-46,249733;SPRF-SP;DEL01-SP;UOP01-DEL01-SP
619171;05/08/2024;segunda-feira;04:40:00;CE;116;136,5;RUSSAS;Condutor Dormindo;Saída de leito carroçável;Com Vítimas Feridas;Amanhecer;Decrescente;Céu Claro;Simples;"Reta;Declive";Não;3;0;3;0;0;0;3;1;-4,73308047;-38,08321928;SPRF-CE;DEL03-CE;UOP01-DEL03-CE
619172;05/08/2024;segunda-feira;03:30:00;SC;282;0,2;FLORIANOPOLIS;Ingestão de álcool pelo condutor;Saída de leito carroçável;Sem Vítimas;Plena Noite;Crescente;Nublado;Dupla;"Declive;Curva";Sim;1;0;0;0;1;0;0;1;-27,59845;-48,571995;SPRF-SC;DEL01-SC;UOP01-DEL01-SC
619173;05/08/2024;segunda-feira;04:50:00;CE;222;234,8;SOBRAL;Transitar na contramão;Colisão frontal;Com Vítimas Fatais;Plena Noite;Crescente;Céu Claro;Simples;Reta;Não;2;1;0;1;0;0;1;2;-3,71550187;-40,44425006;SPRF-CE;DEL04-CE;UOP01-DEL04-CE
619176;04/08/2024;domingo;21:40:00;RJ;101;504;ANGRA DOS REIS;Reação tardia ou ineficiente do condutor;Colisão transversal;Com Vítimas Feridas;Plena Noite;Crescente;Céu Claro;Simples;Reta;Sim;2;0;1;0;0;1;1;2;-22,93155828;-44,38812093;SPRF-RJ;DEL03-RJ;UOP03-DEL03-RJ
619177;05/08/2024;segunda-feira;05:40:00;SE;101;93;NOSSA SENHORA DO SOCORRO;Animais na Pista;Queda de ocupante de veículo;Com Vítimas Feridas;Pleno dia;Crescente;Céu Claro;Dupla;Reta;Não;1;0;1;0;0;0;1;1;-10,90212319;-37,14494787;SPRF-SE;DEL01-SE;UOP01-DEL01-SE
619178;05/08/2024;segunda-feira;06:20:00;RS;290;92;PORTO ALEGRE;Pista esburacada;Queda de ocupante de veículo;Com Vítimas Feridas;Amanhecer;Crescente;Chuva;Dupla;Curva;Sim;1;0;1;0;0;0;1;1;-29,971916;-51,176838;SPRF-RS;DEL01-RS;UOP01-DEL01-RS
619183;05/08/2024;segunda-feira;06:35:00;MG;40;522;CONTAGEM;Reação tardia ou ineficiente do condutor;Tombamento;Com Vítimas Feridas;Pleno dia;Crescente;Nublado;Dupla;Reta;Sim;1;0;1;0;0;0;1;1;-19,8638731;-44,06749809;SPRF-MG;DEL01-MG;UOP02-DEL01-MG
619184;05/08/2024;segunda-feira;06:20:00;SC;282;17,4;PALHOCA;Conversão proibida;Colisão transversal;Com Vítimas Feridas;Amanhecer;Crescente;Céu Claro;Simples;Reta;Não;3;0;1;0;2;0;1;2;-27,665707;-48,688065;SPRF-SC;DEL01-SC;UOP02-DEL01-SC
619185;05/08/2024;segunda-feira;07:15:00;DF;20;4,4;BRASILIA;Condutor deixou de manter distância do veículo da frente;Engavetamento;Com Vítimas Feridas;Pleno dia;Decrescente;Céu Claro;Dupla;Reta;Sim;5;0;2;0;2;1;2;3;-15,675484;-47,823761;SPRF-DF;DEL02-DF;UOP01-DEL02-DF
619187;05/08/2024;segunda-feira;07:00:00;MG;40;511,9;RIBEIRAO DAS NEVES;Manobra de mudança de faixa;Colisão lateral mesmo sentido;Com Vítimas Feridas;Pleno dia;Decrescente;Céu Claro;Dupla;Reta;Não;2;0;1;0;1;0;1;2;-19,78164295;-44,11733194;SPRF-MG;DEL01-MG;UOP02-DEL01-MG
619188;05/08/2024;segunda-feira;06:55:00;SE;235;34,9;AREIA BRANCA;Desrespeitar a preferência no cruzamento;Colisão transversal;Com Vítimas Feridas;Pleno dia;Decrescente;Céu Claro;Simples;Reta;Sim;2;0;1;0;1;0;1;2;-10,760385;-37,313049;SPRF-SE;DEL01-SE;UOP02-DEL01-SE
619189;05/08/2024;segunda-feira;07:15:00;MG;40;512;RIBEIRAO DAS NEVES;Manobra de mudança de faixa;Colisão traseira;Com Vítimas Feridas;Pleno dia;Crescente;Nublado;Dupla;"Declive;Reta";Sim;2;0;1;0;1;0;1;2;-19,78946999;-44,11290699;SPRF-MG;DEL01-MG;UOP02-DEL01-MG
619190;05/08/2024;segunda-feira;07:00:00;BA;116;427;FEIRA DE SANTANA;Pista Escorregadia;Queda de ocupante de veículo;Com Vítimas Feridas;Pleno dia;Crescente;Céu Claro;Dupla;Reta;Sim;3;0;1;0;1;1;1;2;-12,24420407;-38,98563987;SPRF-BA;DEL02-BA;UOP01-DEL02-BA
619191;05/08/2024;segunda-feira;06:30:00;SC;470;67;INDAIAL;Acessar a via sem observar a presença dos outros veículos;Colisão transversal;Com Vítimas Feridas;Amanhecer;Crescente;Nublado;Simples;"Em Obras;Desvio Temporário";Sim;2;0;1;0;1;0;1;2;-26,87180528;-49,23065364;SPRF-SC;DEL04-SC;UOP01-DEL04-SC
619193;05/08/2024;segunda-feira;06:45:00;BA;415;20;ILHEUS;Ausência de reação do condutor;Capotamento;Com Vítimas Feridas;Pleno dia;Crescente;Chuva;Simples;Curva;Não;5;0;1;3;1;0;4;1;-14,8482;-39,281986;SPRF-BA;DEL05-BA;UOP01-DEL05-BA
619194;05/08/2024;segunda-feira;06:45:00;PR;376;602;CURITIBA;Trafegar com motocicleta (ou similar) entre as faixas;Colisão traseira;Com Vítimas Feridas;Pleno dia;Decrescente;Céu Claro;Dupla;Reta;Sim;3;0;0;2;1;0;2;2;-25,54329052;-49,30719981;SPRF-PR;DEL01-PR;UOP06-DEL01-PR
619195;05/08/2024;segunda-feira;07:00:00;RS;386;129,9;SARANDI;Transitar na contramão;Colisão frontal;Com Vítimas Feridas;Amanhecer;Decrescente;Nublado;Simples;Reta;Sim;4;0;0;1;3;0;1;2;-27,93269238;-52,96010971;SPRF-RS;DEL08-RS;UOP01-DEL08-RS
619197;05/08/2024;segunda-feira;05:15:00;RJ;101;62;CAMPOS DOS GOYTACAZES;Ausência de reação do condutor;Queda de ocupante de veículo;Com Vítimas Feridas;Amanhecer;Decrescente;Nublado;Simples;Reta;Sim;2;0;2;0;0;0;2;1;-21,73473386;-41,32504025;SPRF-RJ;DEL08-RJ;UOP01-DEL08-RJ
619198;05/08/2024;segunda-feira;07:25:00;RS;386;347;LAJEADO;Velocidade Incompatível;Queda de ocupante de veículo;Com Vítimas Feridas;Pleno dia;Decrescente;Céu Claro;Dupla;Curva;Sim;2;0;1;0;1;0;1;1;-29,456644;-51,957329;SPRF-RS;DEL04-RS;UOP01-DEL04-RS
619199;05/08/2024;segunda-feira;07:00:00;PE;101;71;RECIFE;Acessar a via sem observar a presença dos outros veículos;Queda de ocupante de veículo;Com Vítimas Feridas;Pleno dia;Decrescente;Céu Claro;Dupla;Reta;Sim;2;0;1;0;1;0;1;1;-8,07663102;-34,94277871;SPRF-PE;DEL01-PE;UOP01-DEL01-PE
619200;05/08/2024;segunda-feira;08:00:00;DF;20;12;BRASILIA;Reação tardia ou ineficiente do condutor;Tombamento;Com Vítimas Feridas;Pleno dia;Crescente;Céu Claro;Múltipla;"Reta;Em Obras";Não;1;0;1;0;0;0;1;1;-15,642812;-47,757786;SPRF-DF;DEL02-DF;UOP01-DEL02-DF
619202;05/08/2024;segunda-feira;08:00:00;SP;116;137,8;SAO JOSE DOS CAMPOS;Manobra de mudança de faixa;Colisão lateral mesmo sentido;Com Vítimas Feridas;Pleno dia;Crescente;Céu Claro;Dupla;Reta;Não;2;0;1;0;1;0;1;2;-23,15300766;-45,78709317;SPRF-SP;DEL02-SP;UOP01-DEL02-SP
619205;05/08/2024;segunda-feira;06:45:00;DF;60;3;BRASILIA;Ausência de reação do condutor;Engavetamento;Com Vítimas Feridas;Amanhecer;Crescente;Céu Claro;Dupla;"Reta;Retorno Regulamentado";Sim;5;0;2;0;3;0;2;3;-15,890521;-48,086864;SPRF-DF;DEL03-DF;UOP01-DEL03-DF
619208;05/08/2024;segunda-feira;07:25:00;PB;230;94,4;GURINHEM;Afundamento ou ondulação no pavimento;Saída de leito carroçável;Com Vítimas Feridas;Pleno dia;Decrescente;Garoa/Chuvisco;Dupla;Reta;Não;4;0;3;1;0;0;4;1;-7,1824;-35,4363;SPRF-PB;DEL01-PB;UOP03-DEL01-PB
619209;05/08/2024;segunda-feira;08:00:00;CE;116;17;EUSEBIO;Transitar no Acostamento;Colisão lateral mesmo sentido;Com Vítimas Feridas;Pleno dia;Decrescente;Céu Claro;Dupla;Reta;Sim;2;0;1;0;1;0;1;2;-3,89617918;-38,50336042;SPRF-CE;DEL01-CE;UOP02-DEL01-CE
619211;05/08/2024;segunda-feira;07:20:00;RJ;40;101;DUQUE DE CAXIAS;Reação tardia ou ineficiente do condutor;Queda de ocupante de veículo;Com Vítimas Feridas;Pleno dia;Decrescente;Céu Claro;Dupla;Curva;Sim;1;0;1;0;0;0;1;1;-22,60246485;-43,28380739;SPRF-RJ;DEL01-RJ;UOP01-DEL01-RJ
619212;05/08/2024;segunda-feira;07:50:00;SP;153;62;SAO JOSE DO RIO PRETO;Condutor deixou de manter distância do veículo da frente;Colisão traseira;Com Vítimas Feridas;Pleno dia;Crescente;Céu Claro;Dupla;"Reta;Aclive";Sim;2;0;1;0;1;0;1;2;-20,81325404;-49,35675563;SPRF-SP;DEL09-SP;UOP01-DEL09-SP
619214;05/08/2024;segunda-feira;07:05:00;RJ;393;280,2;BARRA DO PIRAI;Conversão proibida;Colisão transversal;Com Vítimas Feridas;Pleno dia;Decrescente;Sol;Simples;Reta;Sim;2;0;1;0;1;0;1;2;-22,47750785;-44,01954402;SPRF-RJ;DEL05-RJ;UOP04-DEL05-RJ
619216;05/08/2024;segunda-feira;08:20:00;DF;20;14,7;BRASILIA;Reação tardia ou ineficiente do condutor;Tombamento;Com Vítimas Feridas;Pleno dia;Decrescente;Sol;Dupla;Reta;Não;2;0;1;0;0;1;1;2;-15,630189;-47,733288;SPRF-DF;DEL02-DF;UOP01-DEL02-DF
619217;05/08/2024;segunda-feira;08:00:00;PR;369;159,6;CAMBE;Condutor deixou de manter distância do veículo da frente;Colisão traseira;Com Vítimas Feridas;Pleno dia;Decrescente;Céu Claro;Dupla;Reta;Não;4;0;1;0;3;0;1;2;-23,282643;-51,2504375;SPRF-PR;DEL07-PR;UOP01-DEL07-PR
619219;30/07/2024;terça-feira;22:50:00;PR;280;270,1;MARMELEIRO;Animais na Pista;Atropelamento de Animal;Sem Vítimas;Plena Noite;Decrescente;Céu Claro;Simples;Curva;Não;2;0;0;0;2;0;0;1;-26,22293196;-53,13957999;SPRF-PR;DEL02-PR;UOP01-DEL02-PR
619222;05/08/2024;segunda-feira;08:10:00;ES;101;144,2;LINHARES;Manobra de mudança de faixa;Queda de ocupante de veículo;Com Vítimas Feridas;Pleno dia;Decrescente;Céu Claro;Dupla;"Interseção de Vias;Reta";Sim;1;0;1;0;0;0;1;1;-19,35188295;-40,0636685;SPRF-ES;DEL04-ES;UOP01-DEL04-ES
619224;05/08/2024;segunda-feira;02:00:00;RN;101;170;BAIA FORMOSA;Ingestão de álcool pelo condutor;Saída de leito carroçável;Sem Vítimas;Plena Noite;Decrescente;Nublado;Dupla;Curva;Não;1;0;0;0;0;1;0;1;-6,44861299;-35,10983015;SPRF-RN;DEL01-RN;UOP01-DEL01-RN
619227;28/07/2024;domingo;18:00:00;MS;376;117;IVINHEMA;Suicídio (presumido);Atropelamento de Pedestre;Com Vítimas Feridas;Plena Noite;Decrescente;Ignorado;Simples;Reta;Não;4;0;1;0;3;0;1;2;-22,30511421;-53,85355307;SPRF-MS;DEL04-MS;UOP04-DEL04-MS
619229;05/08/2024;segunda-feira;09:06:00;SP;153;57,7;SAO JOSE DO RIO PRETO;Reação tardia ou ineficiente do condutor;Tombamento;Com Vítimas Feridas;Pleno dia;Crescente;Céu Claro;Múltipla;Curva;Sim;1;0;1;0;0;0;1;1;-20,76991095;-49,34982212;SPRF-SP;DEL09-SP;UOP01-DEL09-SP
619230;05/08/2024;segunda-feira;06:57:00;RO;364;709;PORTO VELHO;Demais falhas mecânicas ou elétricas;Eventos atípicos;Com Vítimas Feridas;Pleno dia;Crescente;Nevoeiro/Neblina;Dupla;Reta;Sim;2;0;2;0;0;0;2;1;-8,7909383;-63,84895617;SPRF-RO;DEL01-RO;UOP01-DEL01-RO
619231;05/08/2024;segunda-feira;05:00:00;BA;116;776,3;PLANALTO;Pedestre andava na pista;Atropelamento de Pedestre;Com Vítimas Fatais;Amanhecer;Crescente;Nevoeiro/Neblina;Simples;Curva;Sim;2;1;0;0;0;1;0;2;-14,66818;-40,4668;SPRF-BA;DEL08-BA;UOP02-DEL08-BA
619232;05/08/2024;segunda-feira;09:00:00;PR;376;103;PARANAVAI;Avarias e/ou desgaste excessivo no pneu;Saída de leito carroçável;Com Vítimas Feridas;Pleno dia;Decrescente;Céu Claro;Dupla;Reta;Não;4;0;3;0;1;0;3;1;-23,044623;-52,467179;SPRF-PR;DEL09-PR;UOP02-DEL09-PR
619233;05/08/2024;segunda-feira;09:45:00;RS;290;89;PORTO ALEGRE;Condutor deixou de manter distância do veículo da frente;Colisão com objeto;Com Vítimas Feridas;Pleno dia;Crescente;Nublado;Múltipla;Reta;Não;2;0;1;0;1;0;1;1;-29,967892;-51,147331;SPRF-RS;DEL01-RS;UOP01-DEL01-RS
619234;16/07/2024;terça-feira;19:30:00;PE;232;7;RECIFE;Acessar a via sem observar a presença dos outros veículos;Colisão transversal;Com Vítimas Feridas;Plena Noite;Decrescente;Céu Claro;Múltipla;Reta;Não;2;0;2;0;0;0;2;2;-8,07333497;-34,96184301;SPRF-PE;DEL01-PE;UOP01-DEL01-PE
619235;05/08/2024;segunda-feira;09:15:00;MG;50;91;UBERLANDIA;Avarias e/ou desgaste excessivo no pneu;Saída de leito carroçável;Sem Vítimas;Pleno dia;Decrescente;Céu Claro;Dupla;Reta;Não;1;0;0;0;1;0;0;1;-19,05745188;-48,19415161;SPRF-MG;DEL15-MG;UOP01-DEL15-MG
619236;05/08/2024;segunda-feira;09:56:00;CE;222;2,7;FORTALEZA;Condutor deixou de manter distância do veículo da frente;Colisão traseira;Com Vítimas Feridas;Pleno dia;Crescente;Céu Claro;Múltipla;"Reta;Interseção de Vias";Sim;2;0;1;0;1;0;1;2;-3,73911117;-38,58687498;SPRF-CE;DEL01-CE;UOP01-DEL01-CE
619237;05/08/2024;segunda-feira;09:45:00;RS;470;155,5;NOVA PRATA;Acessar a via sem observar a presença dos outros veículos;Colisão transversal;Com Vítimas Feridas;Pleno dia;Decrescente;Céu Claro;Simples;"Interseção de Vias;Aclive;Reta";Não;2;0;2;0;0;0;2;2;-28,78603;-51,61418;SPRF-RS;DEL06-RS;UOP02-DEL06-RS
619239;05/08/2024;segunda-feira;10:00:00;BA;324;515;FEIRA DE SANTANA;Condutor deixou de manter distância do veículo da frente;Colisão lateral mesmo sentido;Com Vítimas Feridas;Pleno dia;Decrescente;Céu Claro;Simples;Reta;Sim;2;0;1;0;0;1;1;2;-12,23547809;-38,94396807;SPRF-BA;DEL02-BA;UOP01-DEL02-BA
619242;05/08/2024;segunda-feira;09:00:00;MT;163;739;SORRISO;Mal súbito do condutor;Tombamento;Com Vítimas Feridas;Pleno dia;Crescente;Sol;Simples;Reta;Não;1;0;1;0;0;0;1;1;-12,75868899;-55,83419111;SPRF-MT;DEL06-MT;UOP01-DEL06-MT
619243;05/08/2024;segunda-feira;10:30:00;ES;101;266;SERRA;Condutor desrespeitou a iluminação vermelha do semáforo;Colisão transversal;Com Vítimas Feridas;Pleno dia;Decrescente;Céu Claro;Dupla;"Reta;Interseção de Vias";Sim;3;0;1;0;1;1;1;3;-20,190199;-40,26828891;SPRF-ES;DEL02-ES;UOP01-DEL02-ES
619244;05/08/2024;segunda-feira;10:10:00;SP;116;224,4;GUARULHOS;Ausência de reação do condutor;Colisão traseira;Sem Vítimas;Pleno dia;Crescente;Sol;Múltipla;"Reta;Em Obras";Sim;2;0;0;0;2;0;0;2;-23,4840571;-46,5410459;SPRF-SP;DEL01-SP;UOP01-DEL01-SP
619249;05/08/2024;segunda-feira;11:20:00;BA;101;767;ITABELA;Reação tardia ou ineficiente do condutor;Colisão transversal;Sem Vítimas;Pleno dia;Crescente;Céu Claro;Simples;Aclive;Não;2;0;0;0;2;0;0;2;-16,88675398;-39,51789103;SPRF-BA;DEL09-BA;UOP01-DEL09-BA
619252;05/08/2024;segunda-feira;10:40:00;PR;369;163;CAMBE;Velocidade Incompatível;Saída de leito carroçável;Sem Vítimas;Pleno dia;Crescente;Céu Claro;Dupla;Reta;Não;3;0;0;0;2;1;0;3;-23,29664606;-51,28062308;SPRF-PR;DEL07-PR;UOP01-DEL07-PR
619255;30/05/2024;quinta-feira;02:15:00;SP;116;54,1;LORENA;Condutor deixou de manter distância do veículo da frente;Colisão traseira;Com Vítimas Feridas;Plena Noite;Crescente;Céu Claro;Dupla;Reta;Não;3;0;1;0;0;2;1;2;-22,75803895;-45,11508003;SPRF-SP;DEL08-SP;UOP02-DEL08-SP
619256;05/08/2024;segunda-feira;11:40:00;DF;20;23,2;BRASILIA;Ausência de reação do condutor;Saída de leito carroçável;Com Vítimas Feridas;Pleno dia;Decrescente;Céu Claro;Dupla;Declive;Sim;1;0;1;0;0;0;1;1;-15,595297;-47,667912;SPRF-DF;DEL02-DF;UOP01-DEL02-DF
619257;05/08/2024;segunda-feira;11:40:00;PE;232;9;JABOATAO DOS GUARARAPES;Falta de elemento de contenção que evite a saída do leito carroçável;Queda de ocupante de veículo;Com Vítimas Feridas;Pleno dia;Decrescente;Céu Claro;Múltipla;Reta;Sim;2;0;2;0;0;0;2;1;-8,07764447;-34,97863609;SPRF-PE;DEL01-PE;UOP01-DEL01-PE
619259;05/08/2024;segunda-feira;10:50:00;SC;470;63,2;INDAIAL;Trafegar com motocicleta (ou similar) entre as faixas;Colisão transversal;Com Vítimas Feridas;Pleno dia;Decrescente;Céu Claro;Simples;"Reta;Declive;Interseção de Vias;Em Obras";Sim;3;0;1;0;2;0;1;2;-26,87208566;-49,19364452;SPRF-SC;DEL04-SC;UOP01-DEL04-SC
619260;21/07/2024;domingo;03:00:00;BA;324;527;FEIRA DE SANTANA;Reação tardia ou ineficiente do condutor;Capotamento;Com Vítimas Feridas;Plena Noite;Decrescente;Céu Claro;Dupla;Curva;Não;1;0;0;1;0;0;1;1;-12,31183923;-38,88331817;SPRF-BA;DEL01-BA;UOP03-DEL01-BA
619261;05/08/2024;segunda-feira;12:40:00;MG;381;570,3;ITAGUARA;Ausência de reação do condutor;Saída de leito carroçável;Com Vítimas Feridas;Pleno dia;Crescente;Céu Claro;Dupla;Reta;Não;1;0;1;0;0;0;1;1;-20,43702178;-44,55965749;SPRF-MG;DEL04-MG;UOP03-DEL04-MG
619262;05/08/2024;segunda-feira;10:00:00;MT;163;1055;GUARANTA DO NORTE;Demais falhas mecânicas ou elétricas;Incêndio;Sem Vítimas;Pleno dia;Crescente;Céu Claro;Simples;Reta;Não;3;0;0;0;3;0;0;1;-9,99454818;-54,90692139;SPRF-MT;DEL06-MT;UOP03-DEL06-MT
619264;05/08/2024;segunda-feira;12:40:00;SP;116;223;GUARULHOS;Reação tardia ou ineficiente do condutor;Colisão traseira;Com Vítimas Feridas;Pleno dia;Decrescente;Céu Claro;Múltipla;Reta;Sim;3;0;3;0;0;0;3;2;-23,47559815;-46,5246609;SPRF-SP;DEL01-SP;UOP01-DEL01-SP
619265;05/08/2024;segunda-feira;12:30:00;MT;163;618,3;NOVA MUTUM;Demais falhas mecânicas ou elétricas;Capotamento;Com Vítimas Feridas;Pleno dia;Decrescente;Céu Claro;Simples;Reta;Não;3;0;2;1;0;0;3;1;-13,75259095;-56,05355445;SPRF-MT;DEL01-MT;UOP01-DEL01-MT