id;data_inversa;dia_semana;horario;uf;br;km;municipio;causa_acidente;tipo_acidente;classificacao_acidente;fase_dia;sentido_via;condicao_metereologica;tipo_pista;tracado_via;uso_solo;pessoas;mortos;feridos_leves;feridos_graves;ilesos;ignorados;feridos;veiculos;latitude;longitude;regional;delegacia;uop
619542;06/08/2024;terça-feira;18:10:00;MG;40;714;BARBACENA;Reação tardia ou ineficiente do condutor;Tombamento;Com Vítimas Feridas;Plena Noite;Decrescente;Céu Claro;Dupla;Curva;Não;1;0;1;0;0;0;1;1;-21,24829882;-43,67987366;SPRF-MG;DEL05-MG;UOP02-DEL05-MG
619544;06/08/2024;terça-feira;21:05:00;PE;101;70;RECIFE;Manobra de mudança de faixa;Colisão lateral mesmo sentido;Com Vítimas Feridas;Plena Noite;Crescente;Céu Claro;Múltipla;Reta;Não;3;0;2;0;1;0;2;2;-8,06776119;-34,94265074;SPRF-PE;DEL01-PE;UOP01-DEL01-PE
619550;06/08/2024;terça-feira;18:14:00;MT;163;831;SINOP;Manobra de mudança de faixa;Colisão lateral mesmo sentido;Com Vítimas Feridas;Plena Noite;Crescente;Céu Claro;Simples;Rotatória;Sim;3;0;2;0;1;0;2;2;-11,87558241;-55,49890637;SPRF-MT;DEL06-MT;UOP02-DEL06-MT
619551;06/08/2024;terça-feira;19:10:00;GO;364;21;PARANAIGUARA;Avarias e/ou desgaste excessivo no pneu;Colisão com objeto;Sem Vítimas;Plena Noite;Crescente;Céu Claro;Simples;Reta;Não;1;0;0;0;0;1;0;1;-18,92555;-50,654079;SPRF-GO;DEL05-GO;UOP02-DEL05-GO
619553;06/08/2024;terça-feira;19:30:00;SC;101;416,3;ARARANGUA;Acessar a via sem observar a presença dos outros veículos;Colisão transversal;Com Vítimas Fatais;Plena Noite;Decrescente;Nublado;Múltipla;Reta;Sim;3;1;0;0;1;1;0;3;-28,97389468;-49,53003645;SPRF-SC;DEL02-SC;UOP02-DEL02-SC
619554;06/08/2024;terça-feira;19:30:00;PI;230;305;FLORIANO;Reação tardia ou ineficiente do condutor;Tombamento;Com Vítimas Feridas;Plena Noite;Crescente;Céu Claro;Simples;Reta;Não;2;0;2;0;0;0;2;2;-6,79679657;-42,9783107;SPRF-PI;DEL03-PI;UOP01-DEL03-PI
619555;06/08/2024;terça-feira;19:00:00;RJ;393;168;TRES RIOS;Ausência de reação do condutor;Colisão transversal;Com Vítimas Feridas;Plena Noite;Crescente;Céu Claro;Dupla;Reta;Não;2;0;1;0;1;0;1;2;-22,127502;-43,147022;SPRF-RJ;DEL05-RJ;UOP01-DEL05-RJ
619556;06/08/2024;terça-feira;21:13:00;MG;40;517,7;RIBEIRAO DAS NEVES;Velocidade Incompatível;Colisão lateral mesmo sentido;Com Vítimas Feridas;Plena Noite;Decrescente;Céu Claro;Dupla;"Declive;Retorno Regulamentado;Reta";Sim;2;0;0;1;0;1;1;2;-19,82905545;-44,08349102;SPRF-MG;DEL01-MG;UOP02-DEL01-MG
619557;06/08/2024;terça-feira;19:15:00;SE;101;85;NOSSA SENHORA DO SOCORRO;Pista esburacada;Saída de leito carroçável;Com Vítimas Feridas;Plena Noite;Decrescente;Nublado;Dupla;Declive;Não;1;0;0;1;0;0;1;1;-10,84356101;-37,13696712;SPRF-SE;DEL01-SE;UOP01-DEL01-SE
619558;21/07/2024;domingo;19:30:00;MG;459;19;CALDAS;Reação tardia ou ineficiente do condutor;Tombamento;Com Vítimas Feridas;Plena Noite;Crescente;Céu Claro;Simples;"Declive;Curva";Não;3;0;2;0;0;1;2;2;-21,861633;-46,422085;SPRF-MG;DEL09-MG;UOP01-DEL09-MG
619560;06/08/2024;terça-feira;20:30:00;SC;470;114,2;IBIRAMA;Acessar a via sem observar a presença dos outros veículos;Colisão transversal;Com Vítimas Feridas;Plena Noite;Decrescente;Céu Claro;Simples;Reta;Não;2;0;1;0;1;0;1;2;-27,086386;-49,478001;SPRF-SC;DEL04-SC;UOP02-DEL04-SC
619562;06/08/2024;terça-feira;22:55:00;PR;376;173,2;MARINGA;Ausência de reação do condutor;Colisão traseira;Com Vítimas Feridas;Plena Noite;Decrescente;Céu Claro;Dupla;Reta;Sim;3;0;1;0;2;0;1;2;-23,4172197;-51,9589231;SPRF-PR;DEL09-PR;UOP01-DEL09-PR
619564;06/08/2024;terça-feira;23:30:00;DF;70;4,7;BRASILIA;Ausência de reação do condutor;Saída de leito carroçável;Com Vítimas Feridas;Plena Noite;Decrescente;Céu Claro;Dupla;Curva;Não;1;0;1;0;0;0;1;1;-15,798115;-48,089317;SPRF-DF;DEL03-DF;UOP02-DEL03-DF
619565;06/08/2024;terça-feira;21:52:00;AC;364;121;RIO BRANCO;Condutor deixou de manter distância do veículo da frente;Colisão traseira;Com Vítimas Feridas;Plena Noite;Crescente;Ignorado;Dupla;Reta;Não;3;0;3;0;0;0;3;2;-10,01209268;-67,764365;SPRF-AC;DEL01-AC;UOP01-DEL01-AC
619566;06/08/2024;terça-feira;23:50:00;PB;230;115,6;INGA;Animais na Pista;Atropelamento de Animal;Com Vítimas Feridas;Plena Noite;Crescente;Céu Claro;Simples;Reta;Não;4;0;1;3;0;0;4;1;-7,2296;-35,5998;SPRF-PB;DEL01-PB;UOP03-DEL01-PB
619568;07/08/2024;quarta-feira;01:05:00;MG;116;659,6;SAO FRANCISCO DO GLORIA;Condutor Dormindo;Colisão com objeto;Com Vítimas Feridas;Plena Noite;Crescente;Céu Claro;Simples;"Curva;Aclive";Não;3;0;3;0;0;0;3;1;-20,79530391;-42,30410837;SPRF-MG;DEL07-MG;UOP02-DEL07-MG
619569;06/08/2024;terça-feira;23:00:00;MT;70;521;VARZEA GRANDE;Reação tardia ou ineficiente do condutor;Atropelamento de Animal;Com Vítimas Feridas;Plena Noite;Decrescente;Céu Claro;Simples;Reta;Sim;1;0;1;0;0;0;1;1;-15,66714552;-56,1823976;SPRF-MT;DEL01-MT;UOP02-DEL01-MT
619570;07/08/2024;quarta-feira;01:50:00;SC;282;0,8;FLORIANOPOLIS;Ausência de reação do condutor;Colisão traseira;Com Vítimas Feridas;Plena Noite;Crescente;Céu Claro;Dupla;Reta;Sim;2;0;1;0;1;0;1;2;-27,59845;-48,571995;SPRF-SC;DEL01-SC;UOP01-DEL01-SC
619571;07/08/2024;quarta-feira;02:18:00;TO;153;134;ARAGUAINA;Transtornos Mentais (exceto suicidio);Saída de leito carroçável;Com Vítimas Feridas;Plena Noite;Decrescente;Céu Claro;Simples;"Rotatória;Reta";Sim;1;0;1;0;0;0;1;1;-7,12178379;-48,19293926;SPRF-TO;DEL02-TO;UOP01-DEL02-TO
619572;07/08/2024;quarta-feira;03:35:00;RS;158;268;JULIO DE CASTILHOS;Acumulo de água sobre o pavimento;Saída de leito carroçável;Com Vítimas Feridas;Plena Noite;Decrescente;Chuva;Simples;Reta;Não;1;0;1;0;0;0;1;1;-29,27472094;-53,66884035;SPRF-RS;DEL09-RS;UOP01-DEL09-RS
619574;06/08/2024;terça-feira;23:55:00;SC;280;53;GUARAMIRIM;Afundamento ou ondulação no pavimento;Tombamento;Com Vítimas Feridas;Plena Noite;Crescente;Nublado;Dupla;"Em Obras;Reta";Sim;1;0;1;0;0;0;1;1;-26,47236756;-48,97426617;SPRF-SC;DEL03-SC;UOP03-DEL03-SC
619575;07/08/2024;quarta-feira;03:50:00;SC;101;3,9;GARUVA;Ingestão de álcool pelo condutor;Colisão com objeto;Sem Vítimas;Plena Noite;Crescente;Nublado;Dupla;"Aclive;Curva";Não;4;0;0;0;4;0;0;1;-26,00380807;-48,87233005;SPRF-SC;DEL03-SC;UOP01-DEL03-SC
619576;14/03/2024;quinta-feira;22:20:00;SP;153;59;SAO JOSE DO RIO PRETO;Pedestre cruzava a pista fora da faixa;Atropelamento de Pedestre;Com Vítimas Feridas;Plena Noite;Decrescente;Nublado;Dupla;"Declive;Reta";Sim;2;0;0;1;1;0;1;2;-20,78733103;-49,35399276;SPRF-SP;DEL09-SP;UOP01-DEL09-SP
619577;07/08/2024;quarta-feira;05:30:00;GO;70;2;AGUAS LINDAS DE GOIAS;Manobra de mudança de faixa;Colisão lateral mesmo sentido;Com Vítimas Feridas;Amanhecer;Decrescente;Céu Claro;Múltipla;Declive;Não;3;0;2;0;1;0;2;3;-15,767021;-48,229945;SPRF-DF;DEL03-DF;UOP02-DEL03-DF
619578;06/08/2024;terça-feira;20:45:00;SC;282;596;CUNHA PORA;Falta de elemento de contenção que evite a saída do leito carroçável;Saída de leito carroçável;Com Vítimas Feridas;Plena Noite;Decrescente;Céu Claro;Simples;"Em Obras;Reta";Não;1;0;1;0;0;0;1;1;-26,82922;-53,138004;SPRF-SC;DEL07-SC;UOP02-DEL07-SC
619581;07/08/2024;quarta-feira;06:15:00;MG;40;512;RIBEIRAO DAS NEVES;Manobra de mudança de faixa;Colisão lateral mesmo sentido;Com Vítimas Feridas;Plena Noite;Crescente;Céu Claro;Dupla;Reta;Sim;5;0;0;1;3;1;1;2;-19,78946999;-44,11290699;SPRF-MG;DEL01-MG;UOP02-DEL01-MG
619582;07/08/2024;quarta-feira;06:50:00;SC;282;3,4;FLORIANOPOLIS;Reação tardia ou ineficiente do condutor;Colisão traseira;Com Vítimas Feridas;Pleno dia;Decrescente;Nublado;Múltipla;Reta;Sim;2;0;1;0;1;0;1;2;-27,600384;-48,599705;SPRF-SC;DEL01-SC;UOP01-DEL01-SC
619583;07/08/2024;quarta-feira;06:30:00;MG;50;152;UBERABA;Demais falhas mecânicas ou elétricas;Incêndio;Sem Vítimas;Amanhecer;Decrescente;Céu Claro;Dupla;"Reta;Rotatória";Não;1;0;0;0;1;0;0;1;-19,58265703;-48,03133923;SPRF-MG;DEL13-MG;UOP01-DEL13-MG
619584;07/08/2024;quarta-feira;06:10:00;MS;163;621;SAO GABRIEL DO OESTE;Ausência de reação do condutor;Saída de leito carroçável;Com Vítimas Feridas;Amanhecer;Crescente;Céu Claro;Dupla;Reta;Não;1;0;1;0;0;0;1;1;-19,35200016;-54,59445527;SPRF-MS;DEL06-MS;UOP02-DEL06-MS
619585;06/08/2024;terça-feira;17:40:00;RJ;116;82;TERESOPOLIS;Acessar a via sem observar a presença dos outros veículos;Colisão transversal;Com Vítimas Feridas;Anoitecer;Crescente;Céu Claro;Simples;Interseção de Vias;Sim;2;0;1;0;1;0;1;2;-22,4065491;-42,95136745;SPRF-RJ;DEL04-RJ;UOP01-DEL04-RJ
619586;07/08/2024;quarta-feira;06:50:00;SC;470;142;RIO DO SUL;Trafegar com motocicleta (ou similar) entre as faixas;Colisão lateral sentido oposto;Com Vítimas Feridas;Pleno dia;Decrescente;Nublado;Simples;Curva;Sim;2;0;1;0;0;1;1;2;-27,229801;-49,6693;SPRF-SC;DEL04-SC;UOP02-DEL04-SC
619587;07/08/2024;quarta-feira;06:35:00;PI;343;194;PIRIPIRI;Acostamento em desnível;Queda de ocupante de veículo;Com Vítimas Feridas;Pleno dia;Crescente;Céu Claro;Simples;Reta;Não;1;0;1;0;0;0;1;1;-4,346634;-41,80687;SPRF-PI;DEL02-PI;UOP01-DEL02-PI
619588;07/08/2024;quarta-feira;06:30:00;RJ;101;452;MANGARATIBA;Acumulo de óleo sobre o pavimento;Colisão com objeto;Com Vítimas Feridas;Amanhecer;Decrescente;Céu Claro;Simples;Curva;Não;1;0;0;1;0;0;1;1;-23,03179764;-44,13196391;SPRF-RJ;DEL03-RJ;UOP02-DEL03-RJ
619590;07/08/2024;quarta-feira;06:51:00;ES;259;38;COLATINA;Ausência de reação do condutor;Queda de ocupante de veículo;Com Vítimas Feridas;Pleno dia;Crescente;Céu Claro;Simples;Reta;Não;1;0;1;0;0;0;1;1;-19,5706707;-40,50497334;SPRF-ES;DEL02-ES;UOP01-DEL02-ES
619591;07/08/2024;quarta-feira;07:45:00;PE;101;66,1;RECIFE;Entrada inopinada do pedestre;Atropelamento de Pedestre;Com Vítimas Feridas;Pleno dia;Decrescente;Céu Claro;Dupla;Reta;Sim;2;0;0;2;0;0;2;2;-8,034696;-34,94167;SPRF-PE;DEL01-PE;UOP01-DEL01-PE
619594;07/08/2024;quarta-feira;07:10:00;SC;163;109,5;GUARUJA DO SUL;Velocidade Incompatível;Saída de leito carroçável;Com Vítimas Feridas;Pleno dia;Crescente;Nublado;Simples;"Curva;Aclive";Não;2;0;2;0;0;0;2;1;-26,41337297;-53,52364405;SPRF-SC;DEL07-SC;UOP03-DEL07-SC
619595;07/08/2024;quarta-feira;07:50:00;BA;324;588,9;CANDEIAS;Condutor deixou de manter distância do veículo da frente;Colisão traseira;Com Vítimas Feridas;Pleno dia;Crescente;Sol;Dupla;Reta;Não;35;0;33;0;2;0;33;3;-12,6556679;-38,47271864;SPRF-BA;DEL01-BA;UOP01-DEL01-BA
619597;07/08/2024;quarta-feira;08:00:00;SP;116;144;SAO JOSE DOS CAMPOS;Trafegar com motocicleta (ou similar) entre as faixas;Colisão lateral sentido oposto;Com Vítimas Feridas;Pleno dia;Crescente;Sol;Dupla;"Aclive;Reta";Sim;2;0;1;0;1;0;1;2;-23,18274416;-45,84633592;SPRF-SP;DEL02-SP;UOP01-DEL02-SP
619598;07/08/2024;quarta-feira;07:45:00;DF;20;16,5;BRASILIA;Condutor deixou de manter distância do veículo da frente;Colisão traseira;Com Vítimas Feridas;Pleno dia;Crescente;Céu Claro;Dupla;Declive;Não;2;0;1;0;1;0;1;2;-15,623658;-47,721008;SPRF-DF;DEL02-DF;UOP01-DEL02-DF
619599;07/08/2024;quarta-feira;07:30:00;RJ;101;71;CAMPOS DOS GOYTACAZES;Acessar a via sem observar a presença dos outros veículos;Colisão lateral mesmo sentido;Com Vítimas Feridas;Pleno dia;Crescente;Céu Claro;Simples;Interseção de Vias;Não;2;0;1;0;1;0;1;2;-21,78577807;-41,38139396;SPRF-RJ;DEL08-RJ;UOP02-DEL08-RJ
619600;07/08/2024;quarta-feira;07:30:00;RJ;101;69;CAMPOS DOS GOYTACAZES;Acessar a via sem observar a presença dos outros veículos;Colisão lateral mesmo sentido;Com Vítimas Feridas;Pleno dia;Decrescente;Céu Claro;Dupla;Reta;Não;2;0;0;1;1;0;1;2;-21,77624383;-41,3653321;SPRF-RJ;DEL08-RJ;UOP02-DEL08-RJ
619602;07/08/2024;quarta-feira;06:31:00;MG;262;442,8;NOVA SERRANA;Estacionar ou parar em local proibido;Colisão traseira;Com Vítimas Feridas;Pleno dia;Decrescente;Céu Claro;Dupla;"Reta;Aclive";Sim;5;0;0;1;4;0;1;3;-19,8806236;-44,91232265;SPRF-MG;DEL08-MG;UOP03-DEL08-MG
619603;07/08/2024;quarta-feira;08:15:00;ES;101;256,8;SERRA;Reação tardia ou ineficiente do condutor;Colisão lateral mesmo sentido;Com Vítimas Feridas;Pleno dia;Crescente;Céu Claro;Dupla;Reta;Sim;2;0;1;0;0;1;1;2;-20,119123;-40,311005;SPRF-ES;DEL02-ES;UOP01-DEL02-ES
619604;07/08/2024;quarta-feira;08:12:00;PE;232;149,2;SAO CAITANO;Conversão proibida;Colisão transversal;Com Vítimas Feridas;Pleno dia;Crescente;Nublado;Simples;Aclive;Sim;3;0;0;1;2;0;1;2;-8,327715;-36,155188;SPRF-PE;DEL03-PE;UOP02-DEL03-PE
619606;30/07/2024;terça-feira;15:00:00;MS;163;253,5;DOURADOS;Demais falhas mecânicas ou elétricas;Saída de leito carroçável;Com Vítimas Feridas;Pleno dia;Crescente;Céu Claro;Dupla;Curva;Não;2;0;2;0;0;0;2;1;-22,27885392;-54,82235352;SPRF-MS;DEL04-MS;UOP02-DEL04-MS
619608;07/08/2024;quarta-feira;08:00:00;BA;324;521;FEIRA DE SANTANA;Acumulo de areia ou detritos sobre o pavimento;Tombamento;Com Vítimas Feridas;Pleno dia;Crescente;Nublado;Dupla;Interseção de Vias;Sim;1;0;1;0;0;0;1;1;-12,27918591;-38,92645693;SPRF-BA;DEL01-BA;UOP03-DEL01-BA
619609;07/08/2024;quarta-feira;07:10:00;SC;101;131;CAMBORIU;Condutor deixou de manter distância do veículo da frente;Colisão traseira;Com Vítimas Feridas;Pleno dia;Crescente;Céu Claro;Múltipla;Reta;Sim;2;0;1;0;1;0;1;2;-26,99064209;-48,66310912;SPRF-SC;DEL04-SC;UOP03-DEL04-SC
619610;07/08/2024;quarta-feira;09:00:00;PR;369;155;LONDRINA;Ausência de reação do condutor;Saída de leito carroçável;Com Vítimas Feridas;Pleno dia;Crescente;Céu Claro;Simples;Reta;Não;2;0;2;0;0;0;2;1;-23,2967446;-51,20562851;SPRF-PR;DEL07-PR;UOP01-DEL07-PR
619611;07/08/2024;quarta-feira;08:45:00;BA;324;607;SIMOES FILHO;Ausência de reação do condutor;Tombamento;Com Vítimas Feridas;Pleno dia;Crescente;Céu Claro;Dupla;Reta;Sim;1;0;1;0;0;0;1;1;-12,82032552;-38,40795301;SPRF-BA;DEL01-BA;UOP01-DEL01-BA
619612;07/08/2024;quarta-feira;08:20:00;AL;316;156,3;PALMEIRA DOS INDIOS;Desrespeitar a preferência no cruzamento;Colisão transversal;Sem Vítimas;Pleno dia;Decrescente;Céu Claro;Simples;"Interseção de Vias;Rotatória";Não;2;0;0;0;2;0;0;2;-9,42115262;-36,62349343;SPRF-AL;DEL03-AL;UOP01-DEL03-AL
619613;07/08/2024;quarta-feira;08:17:00;PB;101;89;JOAO PESSOA;Ausência de reação do condutor;Colisão traseira;Com Vítimas Feridas;Pleno dia;Crescente;Nublado;Múltipla;Reta;Sim;3;0;0;1;2;0;1;2;-7,17474181;-34,89884377;SPRF-PB;DEL01-PB;UOP02-DEL01-PB
619614;07/08/2024;quarta-feira;08:37:00;RJ;116;179;NOVA IGUACU;Ausência de reação do condutor;Colisão traseira;Com Vítimas Feridas;Pleno dia;Crescente;Céu Claro;Simples;Reta;Não;4;0;0;3;1;0;3;2;-22,769902;-43,408036;SPRF-RJ;DEL06-RJ;UOP01-DEL06-RJ
619616;07/08/2024;quarta-feira;08:20:00;RJ;116;146;DUQUE DE CAXIAS;Trafegar com motocicleta (ou similar) entre as faixas;Colisão transversal;Sem Vítimas;Pleno dia;Crescente;Céu Claro;Dupla;Reta;Sim;3;0;0;0;3;0;0;2;-22,66687859;-43,26368215;SPRF-RJ;DEL01-RJ;UOP02-DEL01-RJ
619617;03/08/2024;sábado;11:50:00;PR;376;597;CURITIBA;Avarias e/ou desgaste excessivo no pneu;Tombamento;Com Vítimas Feridas;Pleno dia;Decrescente;Céu Claro;Dupla;"Reta;Aclive";Sim;1;0;0;1;0;0;1;1;-25,514147;-49,3372617;SPRF-PR;DEL01-PR;UOP06-DEL01-PR
619620;07/08/2024;quarta-feira;10:00:00;SP;116;226;GUARULHOS;Ausência de reação do condutor;Colisão lateral mesmo sentido;Com Vítimas Feridas;Pleno dia;Decrescente;Sol;Múltipla;Reta;Sim;2;0;1;0;1;0;1;2;-23,46802395;-46,50704901;SPRF-SP;DEL01-SP;UOP01-DEL01-SP
619621;07/08/2024;quarta-feira;01:00:00;RJ;116;194;QUEIMADOS;Mal súbito do condutor;Capotamento;Com Vítimas Feridas;Plena Noite;Decrescente;Céu Claro;Dupla;Reta;Não;1;0;1;0;0;0;1;1;-22,73711632;-43,53793909;SPRF-RJ;DEL06-RJ;UOP01-DEL06-RJ
619624;03/08/2024;sábado;20:20:00;SC;101;159;PORTO BELO;Manobra de mudança de faixa;Colisão lateral mesmo sentido;Com Vítimas Feridas;Pleno dia;Decrescente;Nevoeiro/Neblina;Dupla;"Reta;Ponte";Não;2;0;1;0;1;0;1;2;-27,1998778;-48,61534236;SPRF-SC;DEL04-SC;UOP03-DEL04-SC
619626;07/08/2024;quarta-feira;07:55:00;RJ;116;169;RIO DE JANEIRO;Mal súbito do condutor;Queda de ocupante de veículo;Com Vítimas Feridas;Pleno dia;Crescente;Céu Claro;Múltipla;Reta;Sim;1;0;1;0;0;0;1;1;-22,816206;-43,324463;SPRF-RJ;DEL06-RJ;UOP01-DEL06-RJ
619629;07/08/2024;quarta-feira;09:45:00;BA;407;231;CAPIM GROSSO;Pedestre cruzava a pista fora da faixa;Atropelamento de Pedestre;Com Vítimas Feridas;Pleno dia;Crescente;Céu Claro;Simples;Reta;Sim;2;0;0;1;1;0;1;2;-11,36443597;-40,01315076;SPRF-BA;DEL04-BA;UOP02-DEL04-BA
619633;07/08/2024;quarta-feira;10:50:00;RS;116;148,1;CAXIAS DO SUL;Transitar na contramão;Colisão frontal;Com Vítimas Feridas;Pleno dia;Crescente;Nublado;Dupla;Curva;Sim;2;0;0;1;1;0;1;2;-29,15444539;-51,15101681;SPRF-RS;DEL05-RS;UOP01-DEL05-RS
619635;07/08/2024;quarta-feira;10:40:00;RN;304;160;ANGICOS;Pedestre andava na pista;Atropelamento de Pedestre;Com Vítimas Feridas;Pleno dia;Decrescente;Céu Claro;Simples;"Reta;Ponte";Não;2;0;1;0;1;0;1;2;-5,68956173;-36,51082051;SPRF-RN;DEL01-RN;UOP03-DEL01-RN
619636;07/08/2024;quarta-feira;06:30:00;MT;163;107;RONDONOPOLIS;Ausência de reação do condutor;Colisão traseira;Com Vítimas Feridas;Pleno dia;Crescente;Céu Claro;Dupla;Reta;Não;2;0;1;0;1;0;1;2;-16,60299611;-54,69717573;SPRF-MT;DEL02-MT;UOP01-DEL02-MT
619637;07/08/2024;quarta-feira;07:50:00;SP;153;182,8;LINS;Desrespeitar a preferência no cruzamento;Colisão transversal;Com Vítimas Feridas;Pleno dia;Decrescente;Céu Claro;Simples;"Interseção de Vias;Rotatória;Aclive;Reta";Não;3;0;2;0;1;0;2;2;-21,70026655;-49,79639887;SPRF-SP;DEL07-SP;UOP01-DEL07-SP
619639;07/06/2024;sexta-feira;12:20:00;SC;282;541,5;CHAPECO;Ausência de reação do condutor;Tombamento;Com Vítimas Fatais;Pleno dia;Decrescente;Céu Claro;Dupla;"Interseção de Vias;Curva;Retorno Regulamentado";Não;1;1;0;0;0;0;0;1;-26,997654;-52,701756;SPRF-SC;DEL07-SC;UOP01-DEL07-SC
619640;07/08/2024;quarta-feira;10:05:00;RJ;101;309;SAO GONCALO;Pedestre cruzava a pista fora da faixa;Atropelamento de Pedestre;Com Vítimas Fatais;Pleno dia;Decrescente;Céu Claro;Dupla;"Aclive;Reta";Não;2;1;0;0;1;0;0;2;-22,79498873;-43,03446105;SPRF-RJ;DEL02-RJ;UOP02-DEL02-RJ
619642;07/08/2024;quarta-feira;11:30:00;PR;376;630;SAO JOSE DOS PINHAIS;Acessar a via sem observar a presença dos outros veículos;Capotamento;Sem Vítimas;Pleno dia;Crescente;Sol;Simples;Interseção de Vias;Não;2;0;0;0;2;0;0;2;-25,695757;-49,144882;SPRF-PR;DEL01-PR;UOP04-DEL01-PR
619643;03/08/2024;sábado;11:05:00;MG;381;480,5;CONTAGEM;Ausência de reação do condutor;Tombamento;Com Vítimas Feridas;Pleno dia;Crescente;Céu Claro;Múltipla;Curva;Sim;1;0;1;0;0;0;1;1;-19,95749597;-44,07899901;SPRF-MG;DEL01-MG;UOP03-DEL01-MG
619647;07/08/2024;quarta-feira;11:50:00;ES;101;287,9;CARIACICA;Acessar a via sem observar a presença dos outros veículos;Colisão transversal;Com Vítimas Feridas;Pleno dia;Decrescente;Céu Claro;Dupla;"Aclive;Reta";Sim;3;0;1;1;1;0;2;2;-20,26493528;-40,38471702;SPRF-ES;DEL01-ES;UOP01-DEL01-ES
619648;22/07/2024;segunda-feira;12:15:00;PR;376;180,2;PONTA GROSSA;Conversão proibida;Colisão transversal;Com Vítimas Feridas;Pleno dia;Crescente;Céu Claro;Dupla;Reta;Sim;4;0;4;0;0;0;4;2;-25,0404339;-50,2433773;SPRF-PR;DEL09-PR;UOP01-DEL09-PR
619649;07/08/2024;quarta-feira;12:25:00;SC;101;213,7;PALHOCA;Acessar a via sem observar a presença dos outros veículos;Colisão transversal;Com Vítimas Feridas;Pleno dia;Decrescente;Céu Claro;Simples;Interseção de Vias;Sim;2;0;1;0;1;0;1;2;-27,63969766;-48,66682482;SPRF-SC;DEL01-SC;UOP02-DEL01-SC
619651;07/08/2024;quarta-feira;11:20:00;MG;116;414;GOVERNADOR VALADARES;Transitar na contramão;Colisão transversal;Com Vítimas Feridas;Pleno dia;Crescente;Nublado;Simples;Reta;Sim;2;0;0;1;1;0;1;2;-18,88703081;-41,94600463;SPRF-MG;DEL06-MG;UOP01-DEL06-MG
619652;07/08/2024;quarta-feira;11:15:00;RJ;493;67;DUQUE DE CAXIAS;Ausência de reação do condutor;Saída de leito carroçável;Com Vítimas Feridas;Pleno dia;Crescente;Céu Claro;Dupla;Reta;Não;1;0;1;0;0;0;1;1;-22,672089;-43,285053;SPRF-RJ;DEL01-RJ;UOP03-DEL01-RJ
619655;07/08/2024;quarta-feira;13:20:00;PR;277;0,5;PARANAGUA;Reação tardia ou ineficiente do condutor;Colisão traseira;Com Vítimas Feridas;Pleno dia;Crescente;Céu Claro;Dupla;Reta;Sim;2;0;1;0;1;0;1;2;-25,5205;-48,5095;SPRF-PR;DEL01-PR;UOP05-DEL01-PR
619657;01/03/2024;sexta-feira;23:45:00;MG;116;275,8;TEOFILO OTONI;Retorno proibido;Colisão lateral mesmo sentido;Com Vítimas Feridas;Plena Noite;Decrescente;Nublado;Simples;Reta;Sim;5;0;1;0;4;0;1;2;-17,84235093;-41,51410418;SPRF-MG;DEL11-MG;UOP01-DEL11-MG
619658;07/08/2024;quarta-feira;12:45:00;RS;290;558;ALEGRETE;Acessar a via sem observar a presença dos outros veículos;Colisão transversal;Com Vítimas Feridas;Pleno dia;Crescente;Garoa/Chuvisco;Simples;Reta;Não;3;0;3;0;0;0;3;2;-29,894424;-55,57724;SPRF-RS;DEL13-RS;UOP02-DEL13-RS
619659;07/08/2024;quarta-feira;10:50:00;MT;174;521;COMODORO;Acessar a via sem observar a presença dos outros veículos;Colisão transversal;Com Vítimas Feridas;Pleno dia;Crescente;Céu Claro;Simples;Reta;Não;3;0;1;0;2;0;1;2;-13,354328;-59,869476;SPRF-MT;DEL04-MT;UOP02-DEL04-MT
619661;07/08/2024;quarta-feira;11:00:00;PR;153;109,1;IBAITI;Acesso irregular;Colisão transversal;Com Vítimas Feridas;Pleno dia;Crescente;Céu Claro;Simples;"Reta;Interseção de Vias";Sim;2;0;1;0;1;0;1;2;-23,84682092;-50,19305065;SPRF-PR;DEL07-PR;UOP04-DEL07-PR
619662;07/08/2024;quarta-feira;13:50:00;RS;386;36,2;FREDERICO WESTPHALEN;Acessar a via sem observar a presença dos outros veículos;Colisão transversal;Com Vítimas Feridas;Pleno dia;Decrescente;Chuva;Simples;"Reta;Interseção de Vias";Sim;3;0;3;0;0;0;3;2;-27,373381;-53,39772;SPRF-RS;DEL08-RS;UOP02-DEL08-RS
619663;07/08/2024;quarta-feira;13:50:00;RJ;116;179;NOVA IGUACU;Condutor deixou de manter distância do veículo da frente;Colisão traseira;Com Vítimas Feridas;Pleno dia;Decrescente;Céu Claro;Múltipla;Reta;Sim;2;0;1;0;1;0;1;2;-22,769902;-43,408036;SPRF-RJ;DEL06-RJ;UOP01-DEL06-RJ
619667;07/08/2024;quarta-feira;14:20:00;PE;101;67;RECIFE;Reação tardia ou ineficiente do condutor;Colisão traseira;Sem Vítimas;Pleno dia;Crescente;Céu Claro;Dupla;Reta;Sim;2;0;0;0;2;0;0;2;-8,042334;-34,943096;SPRF-PE;DEL01-PE;UOP01-DEL01-PE
619668;07/08/2024;quarta-feira;07:30:00;RS;386;438;NOVA SANTA RITA;Acessar a via sem observar a presença dos outros veículos;Colisão transversal;Com Vítimas Feridas;Pleno dia;Decrescente;Nublado;Dupla;Retorno Regulamentado;Sim;2;0;1;0;1;0;1;2;-29,863266;-51,252903;SPRF-RS;DEL04-RS;UOP02-DEL04-RS