id;data_inversa;dia_semana;horario;uf;br;km;municipio;causa_acidente;tipo_acidente;classificacao_acidente;fase_dia;sentido_via;condicao_metereologica;tipo_pista;tracado_via;uso_solo;pessoas;mortos;feridos_leves;feridos_graves;ilesos;ignorados;feridos;veiculos;latitude;longitude;regional;delegacia;uop
619669;07/08/2024;quarta-feira;14:40:00;PE;101;73;RECIFE;Reação tardia ou ineficiente do condutor;Colisão traseira;Com Vítimas Feridas;Pleno dia;Decrescente;Sol;Dupla;"Reta;Declive";Não;2;0;1;0;1;0;1;2;-8,093369;-34,947464;SPRF-PE;DEL01-PE;UOP01-DEL01-PE
619670;07/08/2024;quarta-feira;14:05:00;PE;101;42;IGARASSU;Acessar a via sem observar a presença dos outros veículos;Colisão lateral mesmo sentido;Com Vítimas Feridas;Pleno dia;Crescente;Sol;Múltipla;"Retorno Regulamentado;Reta";Sim;2;0;0;1;1;0;1;2;-7,83887431;-34,91196739;SPRF-PE;DEL01-PE;UOP02-DEL01-PE
619672;07/08/2024;quarta-feira;14:40:00;GO;20;190,9;SIMOLANDIA;Velocidade Incompatível;Colisão com objeto;Com Vítimas Feridas;Pleno dia;Decrescente;Sol;Simples;"Declive;Reta";Não;2;0;0;1;0;1;1;2;-14,399416;-46,450367;SPRF-DF;DEL02-DF;UOP03-DEL02-DF
619673;07/08/2024;quarta-feira;13:50:00;SC;280;186,4;MAFRA;Demais falhas na via;Colisão com objeto;Com Vítimas Feridas;Pleno dia;Crescente;Céu Claro;Simples;"Declive;Reta";Não;1;0;1;0;0;0;1;1;-26,16977284;-49,94508991;SPRF-SC;DEL06-SC;UOP01-DEL06-SC
619675;07/08/2024;quarta-feira;13:30:00;RS;158;115;PALMEIRA DAS MISSOES;Ausência de reação do condutor;Saída de leito carroçável;Com Vítimas Feridas;Pleno dia;Crescente;Chuva;Simples;Curva;Não;1;0;1;0;0;0;1;1;-28,01996705;-53,35276475;SPRF-RS;DEL08-RS;UOP01-DEL08-RS
619676;07/08/2024;quarta-feira;14:15:00;RJ;393;218;VASSOURAS;Carga excessiva e/ou mal acondicionada;Colisão com objeto;Com Vítimas Feridas;Pleno dia;Crescente;Céu Claro;Simples;Reta;Não;2;0;1;1;0;0;2;1;-22,30906209;-43,50409593;SPRF-RJ;DEL05-RJ;UOP03-DEL05-RJ
619678;07/08/2024;quarta-feira;15:10:00;PR;116;121,1;CURITIBA;Reação tardia ou ineficiente do condutor;Tombamento;Com Vítimas Feridas;Pleno dia;Crescente;Sol;Dupla;Reta;Sim;1;0;1;0;0;0;1;1;-25,594649;-49,316207;SPRF-PR;DEL01-PR;UOP03-DEL01-PR
619679;07/08/2024;quarta-feira;12:40:00;SC;280;159,8;MAFRA;Ultrapassagem Indevida;Saída de leito carroçável;Com Vítimas Feridas;Pleno dia;Decrescente;Céu Claro;Simples;"Declive;Reta";Não;4;0;1;0;2;1;1;3;-26,20208315;-49,76143098;SPRF-SC;DEL06-SC;UOP03-DEL06-SC
619682;22/07/2024;segunda-feira;18:15:00;MG;381;483;BETIM;Ausência de reação do condutor;Colisão traseira;Com Vítimas Feridas;Plena Noite;Decrescente;Céu Claro;Múltipla;"Aclive;Reta";Sim;2;0;1;0;0;1;1;2;-19,9557676;-44,1135222;SPRF-MG;DEL01-MG;UOP03-DEL01-MG
619683;07/08/2024;quarta-feira;13:51:00;PA;316;63;CASTANHAL;Ausência de reação do condutor;Colisão traseira;Com Vítimas Feridas;Pleno dia;Decrescente;Céu Claro;Dupla;"Interseção de Vias;Reta";Sim;3;0;1;0;2;0;1;2;-1,29679363;-47,92878096;SPRF-PA;DEL01-PA;UOP01-DEL01-PA
619686;07/08/2024;quarta-feira;16:30:00;ES;101;266,4;SERRA;Demais falhas mecânicas ou elétricas;Incêndio;Sem Vítimas;Pleno dia;Crescente;Céu Claro;Múltipla;Reta;Sim;1;0;0;0;1;0;0;1;-20,190199;-40,26828891;SPRF-ES;DEL02-ES;UOP01-DEL02-ES
619688;18/06/2024;terça-feira;06:50:00;SE;235;50,9;ITABAIANA;Manobra de mudança de faixa;Colisão lateral mesmo sentido;Com Vítimas Feridas;Pleno dia;Crescente;Nublado;Múltipla;Reta;Sim;4;0;2;0;2;0;2;2;-10,707879;-37,42606;SPRF-SE;DEL01-SE;UOP02-DEL01-SE
619689;07/08/2024;quarta-feira;16:20:00;SP;381;20,5;BRAGANCA PAULISTA;Manobra de mudança de faixa;Capotamento;Com Vítimas Feridas;Pleno dia;Crescente;Céu Claro;Dupla;Curva;Não;2;0;1;0;1;0;1;1;-22,99697186;-46,5163051;SPRF-SP;DEL03-SP;UOP02-DEL03-SP
619690;07/08/2024;quarta-feira;15:40:00;MS;267;213,5;NOVA ALVORADA DO SUL;Reação tardia ou ineficiente do condutor;Colisão traseira;Com Vítimas Feridas;Pleno dia;Crescente;Céu Claro;Simples;Reta;Não;2;0;1;0;1;0;1;2;-21,59492184;-54,07401395;SPRF-MS;DEL02-MS;UOP01-DEL02-MS
619691;07/08/2024;quarta-feira;16:50:00;SC;101;339,7;TUBARAO;Desrespeitar a preferência no cruzamento;Colisão transversal;Com Vítimas Feridas;Pleno dia;Decrescente;Céu Claro;Simples;Interseção de Vias;Sim;3;0;2;0;1;0;2;2;-28,501444;-49,04690399;SPRF-SC;DEL02-SC;UOP01-DEL02-SC
619692;07/08/2024;quarta-feira;17:20:00;SP;116;225;GUARULHOS;Acessar a via sem observar a presença dos outros veículos;Tombamento;Com Vítimas Feridas;Pleno dia;Decrescente;Nublado;Múltipla;"Interseção de Vias;Curva";Sim;2;0;2;0;0;0;2;1;-23,48586772;-46,54075317;SPRF-SP;DEL01-SP;UOP01-DEL01-SP
619694;07/08/2024;quarta-feira;16:10:00;RS;392;714,2;PORTO XAVIER;Acessar a via sem observar a presença dos outros veículos;Colisão frontal;Com Vítimas Feridas;Pleno dia;Crescente;Chuva;Simples;"Interseção de Vias;Reta";Não;2;0;2;0;0;0;2;2;-27,963909;-55,127575;SPRF-RS;DEL10-RS;UOP01-DEL10-RS
619699;20/07/2024;sábado;18:46:00;PB;230;443;APARECIDA;Conversão proibida;Colisão transversal;Com Vítimas Feridas;Plena Noite;Decrescente;Céu Claro;Simples;Reta;Sim;3;0;0;1;2;0;1;2;-6,78582646;-38,08581417;SPRF-PB;DEL03-PB;UOP02-DEL03-PB
619700;07/08/2024;quarta-feira;17:40:00;PR;277;82;CURITIBA;Reação tardia ou ineficiente do condutor;Colisão lateral mesmo sentido;Com Vítimas Feridas;Anoitecer;Crescente;Céu Claro;Simples;Reta;Sim;5;0;1;0;4;0;1;2;-25,454845;-49,224263;SPRF-PR;DEL01-PR;UOP07-DEL01-PR
619701;17/07/2024;quarta-feira;17:20:00;SC;101;39;JOINVILLE;Manobra de mudança de faixa;Colisão lateral mesmo sentido;Com Vítimas Feridas;Pleno dia;Crescente;Nublado;Dupla;Reta;Não;2;0;0;1;1;0;1;2;-26,2628107;-48,90192257;SPRF-SC;DEL03-SC;UOP01-DEL03-SC
619704;07/08/2024;quarta-feira;18:10:00;CE;222;4,8;CAUCAIA;Retorno proibido;Colisão traseira;Com Vítimas Feridas;Plena Noite;Decrescente;Céu Claro;Múltipla;"Retorno Regulamentado;Reta";Sim;4;0;2;0;2;0;2;2;-3,74164754;-38,60449792;SPRF-CE;DEL01-CE;UOP01-DEL01-CE
619705;07/08/2024;quarta-feira;17:40:00;RS;290;129;ELDORADO DO SUL;Animais na Pista;Tombamento;Com Vítimas Feridas;Plena Noite;Decrescente;Chuva;Dupla;Reta;Não;1;0;1;0;0;0;1;1;-30,057785;-51,500351;SPRF-RS;DEL02-RS;UOP01-DEL02-RS
619710;07/08/2024;quarta-feira;18:30:00;PB;230;240;JUAZEIRINHO;Frear bruscamente;Queda de ocupante de veículo;Com Vítimas Feridas;Plena Noite;Crescente;Céu Claro;Simples;Reta;Sim;1;0;1;0;0;0;1;1;-7,069175;-36,584127;SPRF-PB;DEL02-PB;UOP02-DEL02-PB
619711;07/08/2024;quarta-feira;18:00:00;GO;20;34;FORMOSA;Ingestão de álcool pelo condutor;Saída de leito carroçável;Com Vítimas Feridas;Plena Noite;Crescente;Céu Claro;Simples;"Reta;Em Obras";Não;2;0;1;0;1;0;1;1;-15,464266;-47,099323;SPRF-DF;DEL02-DF;UOP02-DEL02-DF
619713;07/08/2024;quarta-feira;18:40:00;ES;101;158;LINHARES;Acessar a via sem observar a presença dos outros veículos;Colisão transversal;Com Vítimas Feridas;Plena Noite;Crescente;Céu Claro;Simples;Interseção de Vias;Não;2;0;2;0;0;0;2;2;-19,46094508;-40,10491389;SPRF-ES;DEL04-ES;UOP01-DEL04-ES
619714;07/08/2024;quarta-feira;18:40:00;RS;116;263;CANOAS;Reação tardia ou ineficiente do condutor;Tombamento;Com Vítimas Feridas;Plena Noite;Decrescente;Chuva;Dupla;Reta;Sim;1;0;1;0;0;0;1;1;-29,90545398;-51,17674031;SPRF-RS;DEL01-RS;UOP01-DEL01-RS
619717;07/08/2024;quarta-feira;18:30:00;MG;381;500;BETIM;Demais falhas mecânicas ou elétricas;Tombamento;Com Vítimas Feridas;Anoitecer;Crescente;Céu Claro;Múltipla;Reta;Sim;2;0;1;1;0;0;2;1;-19,9965515;-44,2090054;SPRF-MG;DEL01-MG;UOP03-DEL01-MG
619718;11/07/2024;quinta-feira;19:20:00;RN;226;85,8;TANGARA;Condutor deixou de manter distância do veículo da frente;Colisão traseira;Com Vítimas Feridas;Plena Noite;Crescente;Nublado;Simples;Declive;Não;3;0;1;0;2;0;1;2;-6,20721854;-35,81327314;SPRF-RN;DEL03-RN;UOP02-DEL03-RN
619719;07/08/2024;quarta-feira;18:40:00;PB;230;27;JOAO PESSOA;Condutor deixou de manter distância do veículo da frente;Colisão traseira;Com Vítimas Feridas;Plena Noite;Crescente;Céu Claro;Dupla;"Reta;Declive";Não;2;0;1;0;1;0;1;2;-7,1677;-34,8855;SPRF-PB;DEL01-PB;UOP01-DEL01-PB
619720;07/08/2024;quarta-feira;19:15:00;PR;376;630;SAO JOSE DOS PINHAIS;Entrada inopinada do pedestre;Atropelamento de Pedestre;Com Vítimas Feridas;Plena Noite;Crescente;Nublado;Dupla;Reta;Não;2;0;1;0;1;0;1;2;-25,695757;-49,144882;SPRF-PR;DEL01-PR;UOP04-DEL01-PR
619721;07/08/2024;quarta-feira;19:15:00;SC;101;202,1;SAO JOSE;Reação tardia ou ineficiente do condutor;Colisão traseira;Com Vítimas Feridas;Plena Noite;Decrescente;Céu Claro;Múltipla;Reta;Sim;2;0;0;1;0;1;1;2;-27,55711595;-48,61897889;SPRF-SC;DEL01-SC;UOP01-DEL01-SC
619722;07/08/2024;quarta-feira;19:30:00;SP;116;225;GUARULHOS;Velocidade Incompatível;Colisão lateral mesmo sentido;Com Vítimas Feridas;Plena Noite;Crescente;Céu Claro;Dupla;"Aclive;Reta";Sim;2;0;1;0;1;0;1;2;-23,48586772;-46,54075317;SPRF-SP;DEL01-SP;UOP01-DEL01-SP
619723;07/08/2024;quarta-feira;14:20:00;PA;155;279;ELDORADO DO CARAJAS;Ausência de reação do condutor;Saída de leito carroçável;Sem Vítimas;Pleno dia;Crescente;Sol;Simples;Reta;Não;1;0;0;0;1;0;0;1;-5,90347006;-49,21011977;SPRF-PA;DEL03-PA;UOP01-DEL03-PA
619724;07/08/2024;quarta-feira;19:20:00;SP;381;55;ATIBAIA;Reação tardia ou ineficiente do condutor;Colisão traseira;Com Vítimas Feridas;Plena Noite;Crescente;Céu Claro;Dupla;"Curva;Aclive";Não;6;0;1;0;5;0;1;3;-23,25207404;-46,59480386;SPRF-SP;DEL03-SP;UOP01-DEL03-SP
619725;07/08/2024;quarta-feira;17:40:00;RJ;465;7;SEROPEDICA;Pista Escorregadia;Derramamento de carga;Com Vítimas Feridas;Plena Noite;Decrescente;Céu Claro;Simples;Reta;Sim;2;0;1;0;1;0;1;2;-22,761377;-43,686352;SPRF-RJ;DEL06-RJ;UOP02-DEL06-RJ
619727;07/08/2024;quarta-feira;17:30:00;RJ;40;92;PETROPOLIS;Acumulo de óleo sobre o pavimento;Queda de ocupante de veículo;Com Vítimas Feridas;Anoitecer;Decrescente;Céu Claro;Dupla;Curva;Não;2;0;0;1;0;1;1;2;-22,55191954;-43,25068815;SPRF-RJ;DEL01-RJ;UOP01-DEL01-RJ
619728;07/08/2024;quarta-feira;17:50:00;RS;285;646;SAO BORJA;Acumulo de água sobre o pavimento;Capotamento;Com Vítimas Feridas;Anoitecer;Crescente;Chuva;Simples;Reta;Não;2;0;2;0;0;0;2;1;-28,610556;-55,7239;SPRF-RS;DEL12-RS;UOP01-DEL12-RS
619729;07/08/2024;quarta-feira;11:00:00;RJ;116;143;DUQUE DE CAXIAS;Pedestre cruzava a pista fora da faixa;Atropelamento de Pedestre;Com Vítimas Feridas;Pleno dia;Decrescente;Céu Claro;Dupla;Reta;Sim;2;0;1;0;0;1;1;2;-22,65237271;-43,23918118;SPRF-RJ;DEL01-RJ;UOP02-DEL01-RJ
619731;07/08/2024;quarta-feira;18:30:00;MG;251;316;SALINAS;Ausência de reação do condutor;Colisão traseira;Com Vítimas Feridas;Plena Noite;Decrescente;Céu Claro;Simples;Reta;Não;2;0;1;0;1;0;1;2;-16,18178221;-42,3353017;SPRF-MG;DEL12-MG;UOP02-DEL12-MG
619732;07/08/2024;quarta-feira;18:20:00;MT;163;821;SINOP;Acessar a via sem observar a presença dos outros veículos;Colisão transversal;Com Vítimas Feridas;Plena Noite;Decrescente;Céu Claro;Simples;Reta;Sim;2;0;1;0;1;0;1;2;-11,978642;-55,516993;SPRF-MT;DEL06-MT;UOP02-DEL06-MT
619733;07/08/2024;quarta-feira;19:15:00;RS;392;0,8;PELOTAS;Acessar a via sem observar a presença dos outros veículos;Colisão transversal;Com Vítimas Feridas;Plena Noite;Crescente;Chuva;Simples;Curva;Não;2;0;1;0;1;0;1;2;-31,772423;-52,34297;SPRF-RS;DEL07-RS;UOP01-DEL07-RS
619734;07/08/2024;quarta-feira;19:35:00;MG;381;943;EXTREMA;Velocidade Incompatível;Colisão traseira;Com Vítimas Feridas;Plena Noite;Decrescente;Céu Claro;Dupla;Reta;Sim;6;0;4;0;2;0;4;2;-22,83987553;-46,32869554;SPRF-MG;DEL16-MG;UOP03-DEL16-MG
619736;07/08/2024;quarta-feira;20:00:00;GO;414;437;ANAPOLIS;Reação tardia ou ineficiente do condutor;Atropelamento de Pedestre;Com Vítimas Feridas;Plena Noite;Crescente;Ignorado;Simples;"Declive;Reta";Não;2;0;2;0;0;0;2;2;-16,26365299;-48,93824303;SPRF-GO;DEL02-GO;UOP01-DEL02-GO
619737;07/08/2024;quarta-feira;19:40:00;RJ;101;47;CAMPOS DOS GOYTACAZES;Acessar a via sem observar a presença dos outros veículos;Atropelamento de Pedestre;Com Vítimas Fatais;Plena Noite;Crescente;Céu Claro;Simples;Reta;Sim;2;1;0;0;0;1;0;2;-21,60743504;-41,31655533;SPRF-RJ;DEL08-RJ;UOP01-DEL08-RJ
619738;07/08/2024;quarta-feira;18:50:00;SC;280;23;ARAQUARI;Conversão proibida;Colisão transversal;Com Vítimas Feridas;Anoitecer;Crescente;Nublado;Simples;Reta;Sim;2;0;0;1;1;0;1;2;-26,37146;-48,711887;SPRF-SC;DEL03-SC;UOP03-DEL03-SC
619740;07/08/2024;quarta-feira;18:50:00;MG;116;614,5;ORIZANIA;Acessar a via sem observar a presença dos outros veículos;Colisão transversal;Com Vítimas Feridas;Plena Noite;Crescente;Céu Claro;Simples;Reta;Não;2;0;0;1;1;0;1;2;-20,46110088;-42,17510484;SPRF-MG;DEL07-MG;UOP02-DEL07-MG
619741;07/08/2024;quarta-feira;20:15:00;PE;101;46;IGARASSU;Suicídio (presumido);Atropelamento de Pedestre;Com Vítimas Feridas;Plena Noite;Crescente;Céu Claro;Múltipla;Reta;Sim;2;0;1;0;1;0;1;2;-7,87406004;-34,90588126;SPRF-PE;DEL01-PE;UOP02-DEL01-PE
619743;07/08/2024;quarta-feira;14:20:00;BA;116;758;POCOES;Velocidade Incompatível;Colisão transversal;Sem Vítimas;Pleno dia;Decrescente;Garoa/Chuvisco;Simples;"Reta;Interseção de Vias";Sim;2;0;0;0;1;1;0;2;-14,533842;-40,386589;SPRF-BA;DEL08-BA;UOP02-DEL08-BA
619745;07/08/2024;quarta-feira;19:15:00;RJ;493;4;ITABORAI;Ingestão de álcool pelo condutor;Atropelamento de Pedestre;Com Vítimas Feridas;Plena Noite;Decrescente;Céu Claro;Dupla;Reta;Não;2;0;1;1;0;0;2;2;-22,74828913;-42,9500441;SPRF-RJ;DEL02-RJ;UOP02-DEL02-RJ
619746;07/08/2024;quarta-feira;18:30:00;PR;280;255,5;MARMELEIRO;Demais Fenômenos da natureza;Colisão frontal;Com Vítimas Feridas;Plena Noite;Crescente;Chuva;Simples;Curva;Não;2;0;0;1;0;1;1;2;-26,17187024;-53,06618197;SPRF-PR;DEL02-PR;UOP01-DEL02-PR
619747;07/08/2024;quarta-feira;18:40:00;RO;364;541;RIO CRESPO;Reação tardia ou ineficiente do condutor;Saída de leito carroçável;Com Vítimas Feridas;Plena Noite;Decrescente;Céu Claro;Simples;"Declive;Reta";Não;2;0;0;2;0;0;2;1;-9,70933366;-63,113254;SPRF-RO;DEL03-RO;UOP01-DEL03-RO
619748;07/08/2024;quarta-feira;20:30:00;SC;280;6;SAO FRANCISCO DO SUL;Ultrapassagem Indevida;Colisão traseira;Com Vítimas Feridas;Plena Noite;Crescente;Nublado;Simples;Reta;Sim;3;0;1;0;2;0;1;2;-26,26569095;-48,63361804;SPRF-SC;DEL03-SC;UOP03-DEL03-SC
619749;07/08/2024;quarta-feira;19:40:00;RN;101;101;PARNAMIRIM;Trafegar com motocicleta (ou similar) entre as faixas;Colisão lateral mesmo sentido;Sem Vítimas;Plena Noite;Decrescente;Céu Claro;Múltipla;Reta;Sim;2;0;0;0;2;0;0;2;-5,88681084;-35,23143404;SPRF-RN;DEL01-RN;UOP01-DEL01-RN
619751;07/08/2024;quarta-feira;20:40:00;MS;60;368;CAMPO GRANDE;Deficiência do Sistema de Iluminação/Sinalização;Colisão traseira;Com Vítimas Feridas;Plena Noite;Crescente;Céu Claro;Simples;Reta;Não;3;0;0;1;2;0;1;2;-20,57432333;-54,70199525;SPRF-MS;DEL01-MS;UOP04-DEL01-MS
619752;07/08/2024;quarta-feira;15:50:00;MT;163;628,9;NOVA MUTUM;Condutor deixou de manter distância do veículo da frente;Saída de leito carroçável;Sem Vítimas;Pleno dia;Decrescente;Céu Claro;Simples;Reta;Não;1;0;0;0;1;0;0;1;-13,66484401;-56,03702991;SPRF-MT;DEL01-MT;UOP01-DEL01-MT
619753;07/08/2024;quarta-feira;21:45:00;MG;365;156,5;PIRAPORA;Acessar a via sem observar a presença dos outros veículos;Colisão transversal;Com Vítimas Feridas;Plena Noite;Crescente;Céu Claro;Simples;Reta;Não;3;0;0;2;1;0;2;2;-17,33324402;-44,89769078;SPRF-MG;DEL10-MG;UOP02-DEL010-MG
619754;07/08/2024;quarta-feira;22:05:00;MG;381;7;BETIM;Avarias e/ou desgaste excessivo no pneu;Tombamento;Com Vítimas Feridas;Plena Noite;Crescente;Céu Claro;Múltipla;Curva;Não;4;0;0;2;1;1;2;3;-19,96825;-44,198708;SPRF-MG;DEL01-MG;UOP03-DEL01-MG
619755;07/08/2024;quarta-feira;21:25:00;SC;282;211,6;LAGES;Ingestão de álcool pelo condutor;Saída de leito carroçável;Com Vítimas Feridas;Plena Noite;Decrescente;Garoa/Chuvisco;Simples;Reta;Não;1;0;1;0;0;0;1;1;-27,780222;-50,241741;SPRF-SC;DEL05-SC;UOP01-DEL05-SC
619758;07/08/2024;quarta-feira;22:00:00;PR;476;53,5;TUNAS DO PARANA;Transitar na contramão;Colisão frontal;Sem Vítimas;Plena Noite;Decrescente;Céu Claro;Simples;Curva;Não;2;0;0;0;0;2;0;2;-24,961207;-49,096135;SPRF-PR;DEL01-PR;UOP01-DEL01-PR
619760;07/08/2024;quarta-feira;22:10:00;PE;232;20;MORENO;Objeto estático sobre o leito carroçável;Colisão com objeto;Com Vítimas Feridas;Plena Noite;Crescente;Céu Claro;Dupla;Reta;Não;4;0;2;0;2;0;2;1;-8,096279;-35,069177;SPRF-PE;DEL01-PE;UOP01-DEL01-PE
619763;28/06/2024;sexta-feira;13:00:00;SC;470;45,3;BLUMENAU;Retorno proibido;Colisão transversal;Com Vítimas Feridas;Pleno dia;Crescente;Ignorado;Simples;"Em Obras;Reta";Não;2;0;1;0;1;0;1;2;-26,86654147;-49,03178042;SPRF-SC;DEL04-SC;UOP01-DEL04-SC
619765;07/08/2024;quarta-feira;22:15:00;SC;101;122;ITAJAI;Animais na Pista;Atropelamento de Animal;Com Vítimas Feridas;Plena Noite;Decrescente;Nublado;Dupla;Reta;Sim;1;0;1;0;0;0;1;1;-26,92955916;-48,70499836;SPRF-SC;DEL04-SC;UOP04-DEL04-SC
619766;07/08/2024;quarta-feira;23:00:00;RJ;116;170;RIO DE JANEIRO;Condutor deixou de manter distância do veículo da frente;Colisão com objeto;Sem Vítimas;Plena Noite;Decrescente;Céu Claro;Múltipla;Reta;Sim;1;0;0;0;1;0;0;1;-22,81113183;-43,3336729;SPRF-RJ;DEL06-RJ;UOP01-DEL06-RJ
619768;08/08/2024;quinta-feira;00:00:00;SP;116;218;GUARULHOS;Mal súbito do condutor;Saída de leito carroçável;Com Vítimas Feridas;Plena Noite;Crescente;Céu Claro;Múltipla;Reta;Sim;1;0;1;0;0;0;1;1;-23,457972;-46,479927;SPRF-SP;DEL01-SP;UOP01-DEL01-SP
619771;07/08/2024;quarta-feira;22:40:00;RJ;493;3;ITABORAI;Animais na Pista;Queda de ocupante de veículo;Com Vítimas Fatais;Plena Noite;Crescente;Céu Claro;Dupla;Reta;Sim;1;1;0;0;0;0;0;1;-22,7525329;-42,94160092;SPRF-RJ;DEL02-RJ;UOP02-DEL02-RJ
619772;08/08/2024;quinta-feira;01:00:00;MG;381;843,5;SAO SEBASTIAO DA BELA VISTA;Reação tardia ou ineficiente do condutor;Saída de leito carroçável;Sem Vítimas;Plena Noite;Decrescente;Céu Claro;Dupla;Retorno Regulamentado;Não;6;0;0;0;6;0;0;2;-22,22245372;-45,87389143;SPRF-MG;DEL16-MG;UOP01-DEL16-MG
619774;08/08/2024;quinta-feira;01:00:00;MG;381;896,2;CAMBUI;Ingestão de álcool pelo condutor;Colisão com objeto;Sem Vítimas;Plena Noite;Crescente;Céu Claro;Simples;Retorno Regulamentado;Não;1;0;0;0;0;1;0;1;-22,59384416;-46,0551431;SPRF-MG;DEL16-MG;UOP03-DEL16-MG
619775;07/08/2024;quarta-feira;22:15:00;AC;364;124;RIO BRANCO;Acesso irregular;Saída de leito carroçável;Sem Vítimas;Plena Noite;Decrescente;Céu Claro;Dupla;Reta;Sim;1;0;0;0;1;0;0;1;-10,01152469;-67,79140099;SPRF-AC;DEL01-AC;UOP01-DEL01-AC
619777;08/08/2024;quinta-feira;01:30:00;PB;230;27;JOAO PESSOA;Pedestre cruzava a pista fora da faixa;Atropelamento de Pedestre;Com Vítimas Feridas;Plena Noite;Crescente;Céu Claro;Dupla;Reta;Sim;2;0;1;1;0;0;2;2;-7,1677;-34,8855;SPRF-PB;DEL01-PB;UOP01-DEL01-PB
619778;08/08/2024;quinta-feira;01:15:00;PB;101;122;CAAPORA;Reação tardia ou ineficiente do condutor;Saída de leito carroçável;Com Vítimas Feridas;Plena Noite;Decrescente;Céu Claro;Dupla;Curva;Não;1;0;0;1;0;0;1;1;-7,45038197;-34,97994215;SPRF-PB;DEL01-PB;UOP02-DEL01-PB
619781;08/08/2024;quinta-feira;02:50:00;SC;158;105;CUNHA PORA;Ausência de reação do condutor;Saída de leito carroçável;Com Vítimas Feridas;Plena Noite;Decrescente;Nevoeiro/Neblina;Simples;Curva;Não;1;0;1;0;0;0;1;1;-26,86897509;-53,16247716;SPRF-SC;DEL07-SC;UOP02-DEL07-SC
619782;08/08/2024;quinta-feira;03:30:00;SC;282;571,6;NOVA ERECHIM;Ausência de reação do condutor;Tombamento;Sem Vítimas;Plena Noite;Crescente;Nevoeiro/Neblina;Simples;Reta;Não;1;0;0;0;0;1;0;1;-26,883053;-52,939816;SPRF-SC;DEL07-SC;UOP02-DEL07-SC
619786;08/08/2024;quinta-feira;04:40:00;SP;116;385;MIRACATU;Ausência de reação do condutor;Saída de leito carroçável;Com Vítimas Feridas;Amanhecer;Decrescente;Céu Claro;Dupla;Reta;Não;1;0;1;0;0;0;1;1;-24,254993;-47,375412;SPRF-SP;DEL04-SP;UOP02-DEL04-SP
619794;08/08/2024;quinta-feira;06:30:00;MG;40;517;RIBEIRAO DAS NEVES;Acessar a via sem observar a presença dos outros veículos;Colisão transversal;Com Vítimas Feridas;Pleno dia;Crescente;Céu Claro;Dupla;"Retorno Regulamentado;Reta";Sim;3;0;2;0;1;0;2;2;-19,82351202;-44,08438913;SPRF-MG;DEL01-MG;UOP02-DEL01-MG
619795;08/08/2024;quinta-feira;06:50:00;PE;101;70,2;RECIFE;Acessar a via sem observar a presença dos outros veículos;Colisão transversal;Com Vítimas Feridas;Pleno dia;Crescente;Céu Claro;Dupla;Curva;Sim;2;0;2;0;0;0;2;2;-8,070392;-34,942648;SPRF-PE;DEL01-PE;UOP01-DEL01-PE
619796;08/08/2024;quinta-feira;06:45:00;PB;230;25,5;JOAO PESSOA;Condutor deixou de manter distância do veículo da frente;Colisão lateral mesmo sentido;Com Vítimas Feridas;Pleno dia;Decrescente;Céu Claro;Múltipla;Reta;Sim;1;0;1;0;0;0;1;1;-7,1707;-34,8684;SPRF-PB;DEL01-PB;UOP01-DEL01-PB
619797;08/08/2024;quinta-feira;06:30:00;SC;101;125;ITAJAI;Ausência de reação do condutor;Saída de leito carroçável;Com Vítimas Feridas;Pleno dia;Crescente;Nublado;Simples;Curva;Sim;1;0;1;0;0;0;1;1;-26,94802427;-48,68338515;SPRF-SC;DEL04-SC;UOP04-DEL04-SC
619799;08/08/2024;quinta-feira;05:50:00;PR;476;117;COLOMBO;Acessar a via sem observar a presença dos outros veículos;Colisão lateral mesmo sentido;Sem Vítimas;Amanhecer;Crescente;Céu Claro;Múltipla;Curva;Sim;4;0;0;0;3;1;0;2;-25,347793;-49,174143;SPRF-PR;DEL01-PR;UOP01-DEL01-PR
619801;08/08/2024;quinta-feira;07:15:00;PB;230;21,9;JOAO PESSOA;Condutor deixou de manter distância do veículo da frente;Colisão traseira;Com Vítimas Feridas;Pleno dia;Decrescente;Céu Claro;Dupla;Reta;Sim;2;0;0;1;1;0;1;2;-7,1415;-34,8519;SPRF-PB;DEL01-PB;UOP01-DEL01-PB
619802;08/08/2024;quinta-feira;06:40:00;DF;40;0,7;BRASILIA;Manobra de mudança de faixa;Queda de ocupante de veículo;Com Vítimas Feridas;Pleno dia;Decrescente;Céu Claro;Dupla;Reta;Sim;2;0;1;0;1;0;1;2;-15,976897;-47,990129;SPRF-DF;DEL01-DF;UOP01-DEL01-DF
619805;08/08/2024;quinta-feira;06:55:00;MG;40;41;PARACATU;Condutor deixou de manter distância do veículo da frente;Tombamento;Com Vítimas Feridas;Amanhecer;Decrescente;Céu Claro;Simples;Interseção de Vias;Sim;1;0;1;0;0;0;1;1;-17,21271307;-46,87295209;SPRF-MG;DEL14-MG;UOP01-DEL14-MG