id;data_inversa;dia_semana;horario;uf;br;km;municipio;causa_acidente;tipo_acidente;classificacao_acidente;fase_dia;sentido_via;condicao_metereologica;tipo_pista;tracado_via;uso_solo;pessoas;mortos;feridos_leves;feridos_graves;ilesos;ignorados;feridos;veiculos;latitude;longitude;regional;delegacia;uop
619806;08/08/2024;quinta-feira;07:00:00;PB;101;89,6;JOAO PESSOA;Ausência de reação do condutor;Colisão lateral mesmo sentido;Com Vítimas Feridas;Pleno dia;Decrescente;Céu Claro;Dupla;Reta;Sim;3;0;2;0;1;0;2;2;-7,179652;-34,900417;SPRF-PB;DEL01-PB;UOP02-DEL01-PB
619807;08/08/2024;quinta-feira;06:35:00;CE;116;16;EUSEBIO;Reação tardia ou ineficiente do condutor;Colisão traseira;Com Vítimas Feridas;Pleno dia;Decrescente;Sol;Dupla;Reta;Sim;3;0;0;1;2;0;1;2;-3,88816165;-38,5017693;SPRF-CE;DEL01-CE;UOP02-DEL01-CE
619808;07/08/2024;quarta-feira;17:45:00;GO;60;350;SANTO ANTONIO DA BARRA;Reação tardia ou ineficiente do condutor;Colisão traseira;Com Vítimas Feridas;Anoitecer;Crescente;Céu Claro;Dupla;Declive;Não;2;0;1;0;1;0;1;2;-17,5808;-50,6926;SPRF-GO;DEL04-GO;UOP02-DEL04-GO
619809;08/08/2024;quinta-feira;07:30:00;SP;116;228;SAO PAULO;Trafegar com motocicleta (ou similar) entre as faixas;Colisão lateral mesmo sentido;Com Vítimas Feridas;Pleno dia;Decrescente;Nublado;Múltipla;Reta;Sim;3;0;1;0;2;0;1;3;-23,50728072;-46,5713346;SPRF-SP;DEL01-SP;UOP01-DEL01-SP
619810;08/08/2024;quinta-feira;06:30:00;PR;116;116;CURITIBA;Manobra de mudança de faixa;Colisão lateral mesmo sentido;Com Vítimas Feridas;Pleno dia;Decrescente;Nublado;Dupla;Reta;Sim;2;0;1;0;1;0;1;2;-25,556687;-49,306105;SPRF-PR;DEL01-PR;UOP03-DEL01-PR
619811;07/08/2024;quarta-feira;23:30:00;RJ;116;185;NOVA IGUACU;Ausência de reação do condutor;Colisão traseira;Com Vítimas Feridas;Plena Noite;Decrescente;Céu Claro;Dupla;Reta;Sim;2;0;0;1;1;0;1;2;-22,74151051;-43,45351823;SPRF-RJ;DEL06-RJ;UOP01-DEL06-RJ
619812;08/08/2024;quinta-feira;07:40:00;SC;470;137;RIO DO SUL;Conversão proibida;Colisão traseira;Com Vítimas Feridas;Pleno dia;Crescente;Céu Claro;Simples;Reta;Sim;3;0;2;0;1;0;2;2;-27,203201;-49,635063;SPRF-SC;DEL04-SC;UOP02-DEL04-SC
619813;08/08/2024;quinta-feira;07:30:00;SC;101;306;LAGUNA;Animais na Pista;Atropelamento de Animal;Com Vítimas Feridas;Pleno dia;Decrescente;Garoa/Chuvisco;Múltipla;Curva;Não;1;0;1;0;0;0;1;1;-28,40594774;-48,790766;SPRF-SC;DEL02-SC;UOP03-DEL02-SC
619814;08/08/2024;quinta-feira;08:05:00;GO;153;505;GOIANIA;Ausência de reação do condutor;Colisão lateral mesmo sentido;Com Vítimas Feridas;Pleno dia;Decrescente;Céu Claro;Dupla;Reta;Sim;2;0;0;1;1;0;1;2;-16,7537;-49,2411;SPRF-GO;DEL01-GO;UOP01-DEL01-GO
619816;08/08/2024;quinta-feira;07:50:00;ES;101;261;SERRA;Reação tardia ou ineficiente do condutor;Tombamento;Com Vítimas Feridas;Pleno dia;Decrescente;Céu Claro;Simples;Reta;Não;1;0;1;0;0;0;1;1;-20,14854215;-40,27970926;SPRF-ES;DEL02-ES;UOP01-DEL02-ES
619818;08/08/2024;quinta-feira;07:30:00;RN;406;170;SAO GONCALO DO AMARANTE;Ausência de reação do condutor;Saída de leito carroçável;Com Vítimas Feridas;Pleno dia;Decrescente;Céu Claro;Dupla;Interseção de Vias;Sim;1;0;0;1;0;0;1;1;-5,75872063;-35,29921986;SPRF-RN;DEL02-RN;UOP01-DEL02-RN
619819;08/08/2024;quinta-feira;07:53:00;PR;277;79;CURITIBA;Manobra de mudança de faixa;Colisão lateral mesmo sentido;Com Vítimas Feridas;Pleno dia;Crescente;Céu Claro;Dupla;Reta;Sim;8;0;3;0;5;0;3;4;-25,4758;-49,2072;SPRF-PR;DEL01-PR;UOP07-DEL01-PR
619821;06/08/2024;terça-feira;22:50:00;SP;116;346;MIRACATU;Objeto estático sobre o leito carroçável;Eventos atípicos;Sem Vítimas;Plena Noite;Crescente;Nublado;Dupla;"Curva;Declive";Não;1;0;0;0;1;0;0;1;-24,04051503;-47,19268341;SPRF-SP;DEL04-SP;UOP03-DEL04-SP
619823;08/08/2024;quinta-feira;08:00:00;SP;153;63,3;SAO JOSE DO RIO PRETO;Condutor deixou de manter distância do veículo da frente;Colisão traseira;Com Vítimas Feridas;Pleno dia;Crescente;Céu Claro;Dupla;Reta;Não;2;0;1;0;1;0;1;2;-20,82149698;-49,35764818;SPRF-SP;DEL09-SP;UOP01-DEL09-SP
619825;08/08/2024;quinta-feira;08:00:00;SP;116;137,8;SAO JOSE DOS CAMPOS;Reação tardia ou ineficiente do condutor;Colisão com objeto;Com Vítimas Feridas;Pleno dia;Crescente;Sol;Dupla;Reta;Não;1;0;1;0;0;0;1;1;-23,15300766;-45,78709317;SPRF-SP;DEL02-SP;UOP01-DEL02-SP
619826;08/08/2024;quinta-feira;07:40:00;CE;116;7,2;FORTALEZA;Ingestão de álcool pelo condutor;Colisão com objeto;Com Vítimas Feridas;Pleno dia;Crescente;Céu Claro;Simples;"Viaduto;Curva;Aclive";Sim;2;0;1;0;1;0;1;2;-3,81059155;-38,50118995;SPRF-CE;DEL01-CE;UOP02-DEL01-CE
619827;08/08/2024;quinta-feira;08:00:00;PR;376;183,4;SARANDI;Ausência de reação do condutor;Colisão traseira;Com Vítimas Feridas;Pleno dia;Decrescente;Nublado;Dupla;Aclive;Sim;3;0;2;0;1;0;2;2;-23,44159097;-51,87067398;SPRF-PR;DEL09-PR;UOP01-DEL09-PR
619828;08/08/2024;quinta-feira;07:20:00;PR;476;182;LAPA;Demais falhas mecânicas ou elétricas;Saída de leito carroçável;Com Vítimas Feridas;Pleno dia;Decrescente;Céu Claro;Simples;Reta;Não;1;0;1;0;0;0;1;1;-25,714262;-49,608009;SPRF-PR;DEL01-PR;UOP06-DEL01-PR
619829;08/08/2024;quinta-feira;07:13:00;MT;70;516;VARZEA GRANDE;Acumulo de óleo sobre o pavimento;Queda de ocupante de veículo;Com Vítimas Feridas;Pleno dia;Crescente;Nublado;Simples;Reta;Sim;1;0;1;0;0;0;1;1;-15,70190215;-56,15763187;SPRF-MT;DEL01-MT;UOP02-DEL01-MT
619831;08/08/2024;quinta-feira;07:05:00;MT;70;518;VARZEA GRANDE;Pista Escorregadia;Queda de ocupante de veículo;Com Vítimas Feridas;Pleno dia;Crescente;Céu Claro;Simples;Reta;Sim;1;0;1;0;0;0;1;1;-15,69074452;-56,16886854;SPRF-MT;DEL01-MT;UOP02-DEL01-MT
619832;08/08/2024;quinta-feira;07:23:00;MT;70;522;VARZEA GRANDE;Acumulo de óleo sobre o pavimento;Queda de ocupante de veículo;Com Vítimas Feridas;Pleno dia;Crescente;Céu Claro;Simples;Reta;Sim;2;0;2;0;0;0;2;1;-15,65923854;-56,18803024;SPRF-MT;DEL01-MT;UOP02-DEL01-MT
619833;08/08/2024;quinta-feira;05:20:00;PR;277;504,2;GUARANIACU;Ausência de reação do condutor;Capotamento;Sem Vítimas;Amanhecer;Decrescente;Céu Claro;Simples;Curva;Não;1;0;0;0;0;1;0;1;-25,13094294;-52,72726178;SPRF-PR;DEL04-PR;UOP04-DEL04-PR
619834;08/08/2024;quinta-feira;09:20:00;PR;369;0;CAMPO MOURAO;Pista Escorregadia;Saída de leito carroçável;Sem Vítimas;Pleno dia;Crescente;Chuva;Simples;Rotatória;Não;1;0;0;0;1;0;0;1;-24,08195629;-52,41225243;SPRF-PR;DEL07-PR;UOP04-DEL07-PR
619836;08/08/2024;quinta-feira;09:50:00;ES;101;264,2;SERRA;Sinalização mal posicionada;Colisão com objeto;Com Vítimas Feridas;Pleno dia;Decrescente;Céu Claro;Múltipla;"Reta;Retorno Regulamentado";Sim;1;0;1;0;0;0;1;1;-20,1769436;-40,26582767;SPRF-ES;DEL02-ES;UOP01-DEL02-ES
619838;08/08/2024;quinta-feira;07:39:00;RO;364;708;PORTO VELHO;Manobra de mudança de faixa;Colisão traseira;Sem Vítimas;Pleno dia;Crescente;Nublado;Dupla;Reta;Sim;2;0;0;0;2;0;0;2;-8,79554083;-63,84072487;SPRF-RO;DEL01-RO;UOP01-DEL01-RO
619839;08/08/2024;quinta-feira;10:30:00;SE;101;147;ESTANCIA;Curva acentuada;Colisão com objeto;Sem Vítimas;Pleno dia;Crescente;Chuva;Dupla;"Retorno Regulamentado;Curva;Aclive";Sim;1;0;0;0;1;0;0;1;-11,237582;-37,42978;SPRF-SE;DEL02-SE;UOP01-DEL02-SE
619841;08/08/2024;quinta-feira;11:00:00;RN;110;46,9;MOSSORO;Demais falhas mecânicas ou elétricas;Colisão lateral sentido oposto;Com Vítimas Feridas;Pleno dia;Decrescente;Céu Claro;Simples;Reta;Sim;2;0;1;0;1;0;1;2;-5,20356036;-37,32575017;SPRF-RN;DEL04-RN;UOP01-DEL04-RN
619842;08/08/2024;quinta-feira;10:00:00;RJ;493;91;JAPERI;Ausência de reação do condutor;Saída de leito carroçável;Com Vítimas Feridas;Pleno dia;Crescente;Céu Claro;Dupla;Reta;Não;1;0;1;0;0;0;1;1;-22,6628528;-43,6250537;SPRF-RJ;DEL01-RJ;UOP03-DEL01-RJ
619844;08/08/2024;quinta-feira;10:30:00;RJ;101;318;SAO GONCALO;Condutor Dormindo;Queda de ocupante de veículo;Com Vítimas Feridas;Pleno dia;Decrescente;Céu Claro;Simples;Retorno Regulamentado;Sim;1;0;1;0;0;0;1;1;-22,84562994;-43,09841211;SPRF-RJ;DEL02-RJ;UOP02-DEL02-RJ
619845;13/06/2024;quinta-feira;17:00:00;RJ;493;73;NOVA IGUACU;Demais falhas mecânicas ou elétricas;Tombamento;Com Vítimas Feridas;Anoitecer;Decrescente;Céu Claro;Dupla;Reta;Não;2;0;2;0;0;0;2;1;-22,68781518;-43,51476431;SPRF-RJ;DEL01-RJ;UOP03-DEL01-RJ
619846;08/08/2024;quinta-feira;12:20:00;SP;116;213;GUARULHOS;Manobra de mudança de faixa;Colisão traseira;Com Vítimas Feridas;Pleno dia;Decrescente;Céu Claro;Dupla;Reta;Sim;2;0;1;0;1;0;1;2;-23,43971486;-46,43667806;SPRF-SP;DEL01-SP;UOP01-DEL01-SP
619847;08/08/2024;quinta-feira;11:30:00;ES;101;113,1;SOORETAMA;Demais falhas mecânicas ou elétricas;Queda de ocupante de veículo;Com Vítimas Feridas;Pleno dia;Crescente;Céu Claro;Simples;Reta;Não;2;0;2;0;0;0;2;1;-19,10300393;-40,05496212;SPRF-ES;DEL04-ES;UOP01-DEL04-ES
619848;08/08/2024;quinta-feira;10:05:00;GO;153;501,2;GOIANIA;Condutor deixou de manter distância do veículo da frente;Colisão traseira;Com Vítimas Feridas;Pleno dia;Crescente;Sol;Dupla;Reta;Sim;3;0;1;0;2;0;1;2;-16,7189;-49,2382;SPRF-GO;DEL01-GO;UOP01-DEL01-GO
619850;08/08/2024;quinta-feira;12:15:00;RS;468;112;TIRADENTES DO SUL;Velocidade Incompatível;Colisão frontal;Com Vítimas Fatais;Pleno dia;Crescente;Chuva;Simples;Curva;Não;2;1;0;0;1;0;0;2;-27,41096985;-53,98551983;SPRF-RS;DEL08-RS;UOP02-DEL08-RS
619851;08/08/2024;quinta-feira;13:06:00;SC;101;25,6;JOINVILLE;Manobra de mudança de faixa;Colisão lateral mesmo sentido;Com Vítimas Feridas;Pleno dia;Crescente;Céu Claro;Dupla;Reta;Sim;2;0;1;0;1;0;1;2;-26,1834739;-48,9105912;SPRF-SC;DEL03-SC;UOP01-DEL03-SC
619852;08/08/2024;quinta-feira;10:00:00;MG;116;490,5;INHAPIM;Condutor deixou de manter distância do veículo da frente;Colisão traseira;Com Vítimas Feridas;Pleno dia;Decrescente;Céu Claro;Simples;"Em Obras;Reta";Não;4;0;1;0;3;0;1;2;-19,4748916;-42,1310568;SPRF-MG;DEL06-MG;UOP02-DEL06-MG
619854;08/08/2024;quinta-feira;12:20:00;SP;116;121;CACAPAVA;Demais falhas mecânicas ou elétricas;Tombamento;Com Vítimas Feridas;Pleno dia;Decrescente;Sol;Dupla;Reta;Não;2;0;2;0;0;0;2;1;-23,07631169;-45,65337222;SPRF-SP;DEL02-SP;UOP02-DEL02-SP
619855;08/08/2024;quinta-feira;13:20:00;PB;230;12,8;CABEDELO;Ausência de reação do condutor;Colisão traseira;Com Vítimas Feridas;Pleno dia;Decrescente;Céu Claro;Dupla;"Em Obras;Reta";Sim;2;0;1;0;1;0;1;2;-7,08234978;-34,84886527;SPRF-PB;DEL01-PB;UOP01-DEL01-PB
619857;08/08/2024;quinta-feira;12:30:00;RO;364;345;JI-PARANA;Ausência de reação do condutor;Tombamento;Com Vítimas Feridas;Pleno dia;Decrescente;Céu Claro;Dupla;Reta;Sim;1;0;1;0;0;0;1;1;-10,8688113;-61,9601791;SPRF-RO;DEL02-RO;UOP01-DEL02-RO
619858;08/08/2024;quinta-feira;07:20:00;MG;262;883;CAMPO FLORIDO;Reação tardia ou ineficiente do condutor;Queda de ocupante de veículo;Com Vítimas Feridas;Pleno dia;Crescente;Céu Claro;Dupla;Reta;Não;1;0;0;1;0;0;1;1;-19,77688698;-48,55507001;SPRF-MG;DEL13-MG;UOP02-DEL13-MG
619859;03/02/2024;sábado;04:10:00;SC;101;45,5;JOINVILLE;Avarias e/ou desgaste excessivo no pneu;Capotamento;Com Vítimas Feridas;Amanhecer;Crescente;Céu Claro;Múltipla;"Reta;Declive";Sim;2;0;2;0;0;0;2;1;-26,32214492;-48,8689509;SPRF-SC;DEL03-SC;UOP01-DEL03-SC
619861;08/08/2024;quinta-feira;13:20:00;MA;135;1;SAO LUIS;Ausência de sinalização;Eventos atípicos;Com Vítimas Feridas;Pleno dia;Decrescente;Sol;Dupla;Reta;Sim;3;0;1;0;2;0;1;2;-2,53073;-44,3068;SPRF-MA;DEL01-MA;UOP01-DEL01-MA
619862;08/08/2024;quinta-feira;13:50:00;RS;470;223,4;GARIBALDI;Acessar a via sem observar a presença dos outros veículos;Colisão transversal;Com Vítimas Feridas;Pleno dia;Decrescente;Garoa/Chuvisco;Simples;"Declive;Retorno Regulamentado;Reta";Sim;5;0;3;0;2;0;3;3;-29,21249203;-51,51794436;SPRF-RS;DEL06-RS;UOP01-DEL06-RS
619866;08/08/2024;quinta-feira;14:20:00;PB;101;83,2;BAYEUX;Ausência de reação do condutor;Engavetamento;Sem Vítimas;Pleno dia;Crescente;Sol;Dupla;Reta;Sim;5;0;0;0;4;1;0;5;-7,1337703;-34,92963914;SPRF-PB;DEL01-PB;UOP01-DEL01-PB
619867;21/04/2024;domingo;08:00:00;MG;116;347,8;CAMPANARIO;Demais falhas mecânicas ou elétricas;Saída de leito carroçável;Com Vítimas Feridas;Amanhecer;Decrescente;Céu Claro;Simples;Reta;Não;3;0;2;1;0;0;3;1;-18,3789432;-41,7861746;SPRF-MG;DEL11-MG;UOP01-DEL11-MG
619868;08/08/2024;quinta-feira;13:30:00;RJ;465;1;SEROPEDICA;Acessar a via sem observar a presença dos outros veículos;Colisão transversal;Com Vítimas Feridas;Pleno dia;Decrescente;Céu Claro;Simples;Reta;Não;2;0;1;0;1;0;1;2;-22,719835;-43,725739;SPRF-RJ;DEL06-RJ;UOP02-DEL06-RJ
619872;28/07/2024;domingo;07:10:00;BA;407;4;JUAZEIRO;Acessar a via sem observar a presença dos outros veículos;Colisão lateral mesmo sentido;Com Vítimas Feridas;Pleno dia;Crescente;Céu Claro;Simples;Reta;Sim;2;0;1;0;0;1;1;2;-9,43957495;-40,49433089;SPRF-PE;DEL06-PE;UOP01-DEL06-PE
619875;27/07/2024;sábado;20:50:00;SC;101;329,5;TUBARAO;Demais falhas mecânicas ou elétricas;Incêndio;Sem Vítimas;Plena Noite;Decrescente;Nublado;Dupla;Reta;Não;2;0;0;0;2;0;0;1;-28,45484498;-48,9791429;SPRF-SC;DEL02-SC;UOP01-DEL02-SC
619877;08/08/2024;quinta-feira;14:30:00;PR;163;352;GUAIRA;Frear bruscamente;Colisão traseira;Com Vítimas Feridas;Pleno dia;Crescente;Céu Claro;Simples;"Reta;Declive";Não;14;0;0;1;13;0;1;4;-24,055379;-54,2609;SPRF-PR;DEL06-PR;UOP01-DEL06-PR
619879;07/08/2024;quarta-feira;23:00:00;AC;317;398;ASSIS BRASIL;Reação tardia ou ineficiente do condutor;Saída de leito carroçável;Com Vítimas Feridas;Plena Noite;Crescente;Ignorado;Simples;"Reta;Declive";Não;5;0;0;1;3;1;1;1;-10,88903329;-69,50959874;SPRF-AC;DEL01-AC;UOP02-DEL01-AC
619880;08/08/2024;quinta-feira;16:00:00;SC;101;176;GOVERNADOR CELSO RAMOS;Reação tardia ou ineficiente do condutor;Colisão traseira;Com Vítimas Feridas;Pleno dia;Decrescente;Nublado;Dupla;Reta;Não;2;0;1;0;1;0;1;2;-27,34661396;-48,63300917;SPRF-SC;DEL01-SC;UOP01-DEL01-SC
619882;08/08/2024;quinta-feira;15:19:00;GO;251;11;CRISTALINA;Reação tardia ou ineficiente do condutor;Saída de leito carroçável;Com Vítimas Feridas;Pleno dia;Decrescente;Céu Claro;Simples;Reta;Não;1;0;1;0;0;0;1;1;-16,20914704;-47,42139038;SPRF-DF;DEL01-DF;UOP01-DEL01-DF
619883;08/08/2024;quinta-feira;15:40:00;MG;40;530;CONTAGEM;Reação tardia ou ineficiente do condutor;Colisão traseira;Sem Vítimas;Pleno dia;Crescente;Céu Claro;Dupla;Reta;Sim;3;0;0;0;3;0;0;3;-19,92064782;-44,0335681;SPRF-MG;DEL01-MG;UOP02-DEL01-MG
619885;08/08/2024;quinta-feira;15:20:00;PI;316;9;TERESINA;Animais na Pista;Saída de leito carroçável;Com Vítimas Feridas;Pleno dia;Crescente;Céu Claro;Múltipla;Reta;Sim;1;0;1;0;0;0;1;1;-5,17381686;-42,76624952;SPRF-PI;DEL01-PI;UOP02-DEL01-PI
619886;08/08/2024;quinta-feira;15:50:00;MG;381;499;BETIM;Reação tardia ou ineficiente do condutor;Colisão traseira;Com Vítimas Feridas;Pleno dia;Crescente;Céu Claro;Dupla;"Aclive;Reta";Não;3;0;1;0;2;0;1;2;-20,01792651;-44,2261448;SPRF-MG;DEL01-MG;UOP03-DEL01-MG
619887;04/08/2024;domingo;20:00:00;MT;163;1056;MATUPA;Ultrapassagem Indevida;Colisão lateral sentido oposto;Com Vítimas Fatais;Plena Noite;Crescente;Céu Claro;Simples;Reta;Não;4;1;0;0;1;2;0;3;-10,17668812;-54,94138367;SPRF-MT;DEL06-MT;UOP03-DEL06-MT
619891;08/08/2024;quinta-feira;16:20:00;BA;324;622;SALVADOR;Condutor deixou de manter distância do veículo da frente;Colisão traseira;Com Vítimas Feridas;Pleno dia;Decrescente;Garoa/Chuvisco;Dupla;Reta;Sim;2;0;1;0;0;1;1;2;-12,91888605;-38,46502095;SPRF-BA;DEL01-BA;UOP01-DEL01-BA
619892;08/08/2024;quinta-feira;17:44:00;DF;70;16;BRASILIA;Pedestre cruzava a pista fora da faixa;Atropelamento de Pedestre;Com Vítimas Feridas;Anoitecer;Crescente;Céu Claro;Dupla;Reta;Não;2;0;1;0;1;0;1;2;-15,796144;-48,194225;SPRF-DF;DEL03-DF;UOP02-DEL03-DF
619893;08/08/2024;quinta-feira;16:10:00;GO;153;208;URUACU;Problema com o freio;Queda de ocupante de veículo;Com Vítimas Feridas;Pleno dia;Crescente;Céu Claro;Simples;"Reta;Aclive";Não;1;0;1;0;0;0;1;1;-14,586481;-49,161167;SPRF-GO;DEL07-GO;UOP02-DEL07-GO
619894;08/08/2024;quinta-feira;16:35:00;PE;101;163;GAMELEIRA;Ausência de reação do condutor;Capotamento;Com Vítimas Feridas;Anoitecer;Decrescente;Chuva;Dupla;"Aclive;Curva";Não;1;0;1;0;0;0;1;1;-8,55039544;-35,44619699;SPRF-PE;DEL01-PE;UOP03-DEL01-PE
619896;08/08/2024;quinta-feira;16:10:00;BA;101;495;ITABUNA;Pista esburacada;Saída de leito carroçável;Com Vítimas Feridas;Pleno dia;Decrescente;Céu Claro;Simples;"Aclive;Reta";Não;5;0;2;0;3;0;2;1;-14,73326;-39,339049;SPRF-BA;DEL05-BA;UOP01-DEL05-BA
619897;08/08/2024;quinta-feira;13:19:00;GO;60;373;RIO VERDE;Ausência de reação do condutor;Capotamento;Com Vítimas Feridas;Pleno dia;Crescente;Sol;Dupla;"Reta;Declive";Não;2;0;1;0;1;0;1;1;-17,7116;-50,8524;SPRF-GO;DEL04-GO;UOP02-DEL04-GO
619899;08/08/2024;quinta-feira;15:45:00;BA;116;565;NOVA ITARANA;Condutor deixou de manter distância do veículo da frente;Colisão traseira;Com Vítimas Feridas;Pleno dia;Crescente;Céu Claro;Simples;Reta;Não;1;0;1;0;0;0;1;1;-12,97080612;-39,93364785;SPRF-BA;DEL03-BA;UOP02-DEL03-BA
619901;08/08/2024;quinta-feira;17:15:00;PB;230;148;CAMPINA GRANDE;Ingestão de álcool pelo condutor;Colisão lateral mesmo sentido;Sem Vítimas;Anoitecer;Crescente;Céu Claro;Dupla;"Rotatória;Em Obras";Sim;2;0;0;0;2;0;0;2;-7,238;-35,8656;SPRF-PB;DEL02-PB;UOP01-DEL02-PB
619902;08/08/2024;quinta-feira;17:15:00;SC;470;97,1;APIUNA;Acessar a via sem observar a presença dos outros veículos;Colisão transversal;Com Vítimas Feridas;Pleno dia;Crescente;Céu Claro;Simples;"Reta;Interseção de Vias";Sim;2;0;1;0;1;0;1;2;-27,026621;-49,378124;SPRF-SC;DEL04-SC;UOP01-DEL04-SC
619903;08/08/2024;quinta-feira;14:30:00;SC;101;45,3;JOINVILLE;Reação tardia ou ineficiente do condutor;Colisão traseira;Com Vítimas Feridas;Pleno dia;Decrescente;Chuva;Dupla;Reta;Sim;2;0;1;0;1;0;1;2;-26,32214492;-48,8689509;SPRF-SC;DEL03-SC;UOP01-DEL03-SC
619904;08/08/2024;quinta-feira;16:45:00;BA;116;826;VITORIA DA CONQUISTA;Condutor deixou de manter distância do veículo da frente;Colisão lateral mesmo sentido;Com Vítimas Feridas;Pleno dia;Crescente;Céu Claro;Dupla;Reta;Sim;2;0;2;0;0;0;2;1;-14,82104614;-40,81381393;SPRF-BA;DEL08-BA;UOP01-DEL08-BA
619905;08/08/2024;quinta-feira;18:00:00;GO;50;217,3;CAMPO ALEGRE DE GOIAS;Demais falhas mecânicas ou elétricas;Tombamento;Com Vítimas Feridas;Anoitecer;Crescente;Céu Claro;Dupla;Reta;Não;2;0;2;0;0;0;2;1;-17,700311;-47,722592;SPRF-GO;DEL06-GO;UOP01-DEL06-GO
619906;08/08/2024;quinta-feira;16:00:00;MG;381;431;SABARA;Transitar na contramão;Tombamento;Com Vítimas Feridas;Pleno dia;Decrescente;Sol;Simples;"Curva;Aclive";Não;1;0;1;0;0;0;1;1;-19,78831547;-43,73175712;SPRF-MG;DEL01-MG;UOP01-DEL01-MG
619908;08/08/2024;quinta-feira;18:05:00;RS;116;265,9;CANOAS;Manobra de mudança de faixa;Colisão lateral mesmo sentido;Com Vítimas Feridas;Anoitecer;Decrescente;Garoa/Chuvisco;Dupla;Reta;Sim;2;0;1;0;1;0;1;2;-29,95042502;-51,17652939;SPRF-RS;DEL01-RS;UOP01-DEL01-RS
619909;08/08/2024;quinta-feira;17:04:00;PE;428;189;PETROLINA;Condutor deixou de manter distância do veículo da frente;Colisão traseira;Com Vítimas Feridas;Pleno dia;Crescente;Céu Claro;Dupla;"Reta;Interseção de Vias";Sim;3;0;2;0;1;0;2;2;-9,377398;-40,50174;SPRF-PE;DEL06-PE;UOP01-DEL06-PE
619910;08/08/2024;quinta-feira;18:10:00;SC;470;72,3;INDAIAL;Ausência de reação do condutor;Colisão traseira;Com Vítimas Feridas;Anoitecer;Crescente;Nublado;Dupla;Reta;Não;2;0;0;1;1;0;1;2;-26,901979;-49,268745;SPRF-SC;DEL04-SC;UOP01-DEL04-SC
619912;08/08/2024;quinta-feira;17:40:00;SE;101;54,9;CARMOPOLIS;Desrespeitar a preferência no cruzamento;Colisão transversal;Com Vítimas Feridas;Anoitecer;Crescente;Nublado;Simples;"Reta;Rotatória";Não;3;0;2;0;1;0;2;2;-10,62656711;-36,99773792;SPRF-SE;DEL02-SE;UOP02-DEL02-SE
619914;08/08/2024;quinta-feira;17:30:00;PE;428;188;PETROLINA;Acessar a via sem observar a presença dos outros veículos;Atropelamento de Pedestre;Com Vítimas Feridas;Pleno dia;Crescente;Céu Claro;Simples;Reta;Sim;2;0;1;0;1;0;1;2;-9,36400596;-40,48266808;SPRF-PE;DEL06-PE;UOP01-DEL06-PE
619915;08/08/2024;quinta-feira;17:50:00;ES;101;66,5;SAO MATEUS;Acessar a via sem observar a presença dos outros veículos;Colisão transversal;Com Vítimas Feridas;Anoitecer;Decrescente;Céu Claro;Múltipla;Reta;Sim;2;0;0;1;0;1;1;2;-18,7165195;-39,87436378;SPRF-ES;DEL04-ES;UOP02-DEL04-ES
619918;08/08/2024;quinta-feira;18:25:00;PE;428;187;PETROLINA;Ausência de reação do condutor;Colisão traseira;Com Vítimas Feridas;Plena Noite;Crescente;Céu Claro;Simples;Reta;Sim;2;0;1;0;1;0;1;2;-9,35604301;-40,47854198;SPRF-PE;DEL06-PE;UOP01-DEL06-PE
619919;08/08/2024;quinta-feira;19:00:00;ES;101;288,7;CARIACICA;Manobra de mudança de faixa;Colisão lateral mesmo sentido;Com Vítimas Feridas;Plena Noite;Crescente;Céu Claro;Dupla;Reta;Não;3;0;2;0;1;0;2;2;-20,27160351;-40,39091743;SPRF-ES;DEL01-ES;UOP01-DEL01-ES
619920;08/08/2024;quinta-feira;19:00:00;RS;392;23,3;RIO GRANDE;Ausência de reação do condutor;Engavetamento;Com Vítimas Feridas;Plena Noite;Crescente;Céu Claro;Dupla;Reta;Não;3;0;1;0;1;1;1;3;-32,08800222;-52,22782002;SPRF-RS;DEL07-RS;UOP02-DEL07-RS
619921;08/08/2024;quinta-feira;18:50:00;DF;70;16;BRASILIA;Reação tardia ou ineficiente do condutor;Colisão transversal;Com Vítimas Feridas;Plena Noite;Decrescente;Vento;Dupla;"Rotatória;Interseção de Vias";Sim;3;0;3;0;0;0;3;2;-15,79622822;-48,19574475;SPRF-DF;DEL03-DF;UOP02-DEL03-DF
619922;08/08/2024;quinta-feira;18:45:00;MT;70;2,3;BARRA DO GARCAS;Reação tardia ou ineficiente do condutor;Colisão transversal;Com Vítimas Feridas;Plena Noite;Decrescente;Céu Claro;Simples;Reta;Sim;3;0;1;0;2;0;1;2;-15,88749699;-52,26810568;SPRF-MT;DEL07-MT;UOP01-DEL07-MT
619927;08/08/2024;quinta-feira;19:20:00;RS;392;347;SANTA MARIA;Acessar a via sem observar a presença dos outros veículos;Colisão transversal;Com Vítimas Feridas;Plena Noite;Crescente;Céu Claro;Simples;Reta;Sim;3;0;1;0;2;0;1;2;-29,76125014;-53,78681035;SPRF-RS;DEL09-RS;UOP01-DEL09-RS
619928;08/08/2024;quinta-feira;19:40:00;RJ;101;332;RIO DE JANEIRO;Manobra de mudança de faixa;Colisão lateral mesmo sentido;Com Vítimas Feridas;Plena Noite;Decrescente;Céu Claro;Múltipla;Reta;Não;3;0;1;0;1;1;1;2;-22,87133305;-43,20407695;SPRF-RJ;DEL02-RJ;UOP01-DEL02-RJ
619929;08/08/2024;quinta-feira;19:00:00;PA;230;122;MARABA;Acessar a via sem observar a presença dos outros veículos;Colisão lateral mesmo sentido;Com Vítimas Feridas;Plena Noite;Decrescente;Céu Claro;Dupla;"Reta;Interseção de Vias";Sim;4;0;2;0;2;0;2;2;-5,36137537;-49,12376139;SPRF-PA;DEL03-PA;UOP01-DEL03-PA