id;data_inversa;dia_semana;horario;uf;br;km;municipio;causa_acidente;tipo_acidente;classificacao_acidente;fase_dia;sentido_via;condicao_metereologica;tipo_pista;tracado_via;uso_solo;pessoas;mortos;feridos_leves;feridos_graves;ilesos;ignorados;feridos;veiculos;latitude;longitude;regional;delegacia;uop
619931;08/08/2024;quinta-feira;15:40:00;RJ;493;58;DUQUE DE CAXIAS;Avarias e/ou desgaste excessivo no pneu;Saída de leito carroçável;Com Vítimas Feridas;Pleno dia;Decrescente;Céu Claro;Dupla;Reta;Não;2;0;2;0;0;0;2;1;-22,67595114;-43,39132486;SPRF-RJ;DEL01-RJ;UOP03-DEL01-RJ
619934;08/08/2024;quinta-feira;19:40:00;SP;381;45;ATIBAIA;Reação tardia ou ineficiente do condutor;Colisão traseira;Com Vítimas Feridas;Anoitecer;Crescente;Céu Claro;Dupla;Reta;Não;2;0;0;1;1;0;1;2;-23,17274184;-46,57748439;SPRF-SP;DEL03-SP;UOP01-DEL03-SP
619936;08/08/2024;quinta-feira;20:02:00;RN;101;96;NATAL;Demais falhas mecânicas ou elétricas;Colisão traseira;Com Vítimas Feridas;Plena Noite;Crescente;Céu Claro;Dupla;Reta;Sim;2;0;0;1;1;0;1;2;-5,84653579;-35,20851786;SPRF-RN;DEL01-RN;UOP01-DEL01-RN
619937;08/08/2024;quinta-feira;18:00:00;AM;230;635;HUMAITA;Demais falhas mecânicas ou elétricas;Saída de leito carroçável;Com Vítimas Feridas;Anoitecer;Crescente;Nevoeiro/Neblina;Simples;Reta;Não;2;0;1;0;1;0;1;1;-7,59195688;-63,207077;SPRF-AM;DEL01-AM;UOP05-DEL01-AM
619938;08/08/2024;quinta-feira;19:40:00;SP;153;106,4;JOSE BONIFACIO;Acessar a via sem observar a presença dos outros veículos;Colisão transversal;Com Vítimas Feridas;Plena Noite;Crescente;Céu Claro;Simples;Reta;Sim;3;0;0;2;1;0;2;2;-21,05570394;-49,65851012;SPRF-SP;DEL09-SP;UOP01-DEL09-SP
619941;08/08/2024;quinta-feira;20:25:00;MG;50;174;UBERABA;Acessar a via sem observar a presença dos outros veículos;Queda de ocupante de veículo;Com Vítimas Feridas;Plena Noite;Crescente;Céu Claro;Dupla;Reta;Sim;2;0;2;0;0;0;2;1;-19,770817;-47,973434;SPRF-MG;DEL13-MG;UOP01-DEL13-MG
619942;08/08/2024;quinta-feira;19:30:00;RJ;40;122;DUQUE DE CAXIAS;Demais falhas na via;Queda de ocupante de veículo;Com Vítimas Feridas;Plena Noite;Decrescente;Céu Claro;Dupla;Reta;Sim;1;0;1;0;0;0;1;1;-22,79083113;-43,28611569;SPRF-RJ;DEL01-RJ;UOP02-DEL01-RJ
619944;08/08/2024;quinta-feira;17:40:00;RS;285;328,5;CARAZINHO;Chuva;Saída de leito carroçável;Sem Vítimas;Anoitecer;Crescente;Chuva;Simples;Curva;Não;1;0;0;0;1;0;0;1;-28,279453;-52,696926;SPRF-RS;DEL08-RS;UOP03-DEL08-RS
619945;08/08/2024;quinta-feira;19:55:00;RJ;101;78,9;CAMPOS DOS GOYTACAZES;Ausência de reação do condutor;Colisão transversal;Com Vítimas Feridas;Plena Noite;Decrescente;Céu Claro;Simples;"Reta;Interseção de Vias";Sim;2;0;2;0;0;0;2;2;-21,837187;-41,427657;SPRF-RJ;DEL08-RJ;UOP02-DEL08-RJ
619947;08/08/2024;quinta-feira;19:30:00;RJ;101;291;ITABORAI;Condutor deixou de manter distância do veículo da frente;Queda de ocupante de veículo;Com Vítimas Feridas;Plena Noite;Decrescente;Céu Claro;Dupla;Reta;Não;2;0;2;0;0;0;2;1;-22,76457445;-42,86989322;SPRF-RJ;DEL02-RJ;UOP02-DEL02-RJ
619948;08/08/2024;quinta-feira;19:45:00;PB;230;156,7;CAMPINA GRANDE;Desrespeitar a preferência no cruzamento;Colisão transversal;Com Vítimas Feridas;Plena Noite;Decrescente;Garoa/Chuvisco;Simples;Interseção de Vias;Sim;2;0;1;0;1;0;1;2;-7,2693;-35,9138;SPRF-PB;DEL02-PB;UOP01-DEL02-PB
619949;08/08/2024;quinta-feira;16:50:00;RJ;101;461;ANGRA DOS REIS;Acessar a via sem observar a presença dos outros veículos;Colisão transversal;Com Vítimas Feridas;Anoitecer;Decrescente;Céu Claro;Simples;Curva;Não;3;0;0;1;2;0;1;2;-23,03266288;-44,20383453;SPRF-RJ;DEL03-RJ;UOP03-DEL03-RJ
619953;08/08/2024;quinta-feira;19:35:00;RS;471;174;RIO PARDO;Desrespeitar a preferência no cruzamento;Colisão transversal;Com Vítimas Feridas;Plena Noite;Decrescente;Céu Claro;Simples;"Rotatória;Retorno Regulamentado;Interseção de Vias";Sim;3;0;2;0;1;0;2;2;-29,98143295;-52,36955166;SPRF-RS;DEL02-RS;UOP03-DEL02-RS
619955;08/08/2024;quinta-feira;19:30:00;PI;316;308,5;PICOS;Acessar a via sem observar a presença dos outros veículos;Colisão transversal;Com Vítimas Fatais;Plena Noite;Crescente;Céu Claro;Múltipla;Reta;Sim;3;1;0;0;0;2;0;3;-7,07789555;-41,4895463;SPRF-PI;DEL04-PI;UOP01-DEL04-PI
619957;08/08/2024;quinta-feira;18:00:00;CE;222;33;CAUCAIA;Avarias e/ou desgaste excessivo no pneu;Queda de ocupante de veículo;Com Vítimas Feridas;Plena Noite;Crescente;Céu Claro;Múltipla;Reta;Não;1;0;1;0;0;0;1;1;-3,70549973;-38,84675692;SPRF-CE;DEL01-CE;UOP01-DEL01-CE
619958;08/08/2024;quinta-feira;21:20:00;PB;230;152,5;CAMPINA GRANDE;Acumulo de areia ou detritos sobre o pavimento;Tombamento;Com Vítimas Feridas;Plena Noite;Crescente;Chuva;Simples;Reta;Sim;2;0;1;0;1;0;1;1;-7,2688;-35,8837;SPRF-PB;DEL02-PB;UOP01-DEL02-PB
619959;08/08/2024;quinta-feira;19:25:00;SC;101;92;BARRA VELHA;Transitar no Acostamento;Colisão traseira;Com Vítimas Feridas;Plena Noite;Decrescente;Nublado;Dupla;Reta;Não;4;0;3;0;1;0;3;2;-26,692747;-48,697618;SPRF-SC;DEL03-SC;UOP02-DEL03-SC
619960;08/08/2024;quinta-feira;21:20:00;RJ;40;114;DUQUE DE CAXIAS;Problema na suspensão;Incêndio;Sem Vítimas;Plena Noite;Decrescente;Céu Claro;Múltipla;Reta;Não;1;0;0;0;1;0;0;1;-22,71853604;-43,28993324;SPRF-RJ;DEL01-RJ;UOP02-DEL01-RJ
619962;08/08/2024;quinta-feira;21:45:00;MA;230;2;BARAO DE GRAJAU;Ausência de reação do condutor;Colisão com objeto;Sem Vítimas;Plena Noite;Decrescente;Céu Claro;Simples;Reta;Sim;1;0;0;0;1;0;0;1;-6,75451474;-43,02540492;SPRF-PI;DEL03-PI;UOP01-DEL03-PI
619963;08/08/2024;quinta-feira;21:10:00;MG;262;52,2;MANHUACU;Velocidade Incompatível;Tombamento;Com Vítimas Feridas;Plena Noite;Crescente;Nublado;Simples;Curva;Não;1;0;1;0;0;0;1;1;-20,24685283;-42,15478501;SPRF-MG;DEL06-MG;UOP03-DEL06-MG
619964;08/08/2024;quinta-feira;22:10:00;SC;282;6;SAO JOSE;Reação tardia ou ineficiente do condutor;Tombamento;Com Vítimas Feridas;Plena Noite;Crescente;Chuva;Dupla;"Curva;Declive";Sim;2;0;1;1;0;0;2;1;-27,591936;-48,618244;SPRF-SC;DEL01-SC;UOP01-DEL01-SC
619965;08/08/2024;quinta-feira;20:45:00;GO;153;386,4;SAO FRANCISCO DE GOIAS;Ingestão de álcool pelo condutor;Saída de leito carroçável;Com Vítimas Feridas;Plena Noite;Decrescente;Céu Claro;Simples;Reta;Não;1;0;1;0;0;0;1;1;-15,946925;-49,190453;SPRF-GO;DEL02-GO;UOP02-DEL02-GO
619966;08/08/2024;quinta-feira;21:10:00;MG;262;0,5;MARTINS SOARES;Acessar a via sem observar a presença dos outros veículos;Colisão traseira;Com Vítimas Feridas;Plena Noite;Crescente;Nublado;Simples;Reta;Não;2;0;0;1;1;0;1;2;-20,276463;-41,77902;SPRF-MG;DEL06-MG;UOP03-DEL06-MG
619967;08/08/2024;quinta-feira;23:00:00;SP;116;204;ARUJA;Ausência de reação do condutor;Colisão traseira;Com Vítimas Feridas;Plena Noite;Decrescente;Céu Claro;Múltipla;Reta;Sim;2;0;0;1;1;0;1;2;-23,41236123;-46,35692496;SPRF-SP;DEL01-SP;UOP01-DEL01-SP
619968;08/08/2024;quinta-feira;20:45:00;RS;471;169,1;RIO PARDO;Reação tardia ou ineficiente do condutor;Saída de leito carroçável;Com Vítimas Feridas;Pleno dia;Decrescente;Nublado;Simples;Curva;Não;1;0;1;0;0;0;1;1;-29,97938;-52,371593;SPRF-RS;DEL02-RS;UOP03-DEL02-RS
619971;08/08/2024;quinta-feira;23:00:00;PI;343;187;PIRIPIRI;Animais na Pista;Atropelamento de Animal;Com Vítimas Feridas;Plena Noite;Crescente;Céu Claro;Simples;Curva;Sim;5;0;1;0;4;0;1;1;-4,298594;-41,767929;SPRF-PI;DEL02-PI;UOP01-DEL02-PI
619972;08/08/2024;quinta-feira;23:00:00;SC;101;124;ITAJAI;Reação tardia ou ineficiente do condutor;Tombamento;Com Vítimas Feridas;Plena Noite;Decrescente;Garoa/Chuvisco;Múltipla;Reta;Não;1;0;1;0;0;0;1;1;-26,94335064;-48,69198648;SPRF-SC;DEL04-SC;UOP04-DEL04-SC
619974;08/08/2024;quinta-feira;23:00:00;PB;101;105;ALHANDRA;Velocidade Incompatível;Saída de leito carroçável;Sem Vítimas;Plena Noite;Crescente;Chuva;Dupla;Curva;Não;2;0;0;0;0;2;0;1;-7,30814609;-34,94344185;SPRF-PB;DEL01-PB;UOP02-DEL01-PB
619975;08/08/2024;quinta-feira;22:40:00;MG;116;701,8;MURIAE;Acessar a via sem observar a presença dos outros veículos;Colisão transversal;Com Vítimas Feridas;Plena Noite;Crescente;Céu Claro;Simples;"Reta;Interseção de Vias";Sim;3;0;2;0;0;1;2;3;-21,1216546;-42,37987876;SPRF-MG;DEL07-MG;UOP02-DEL07-MG
619977;08/08/2024;quinta-feira;22:50:00;MG;116;527;CARATINGA;Ingestão de álcool pelo condutor;Colisão com objeto;Com Vítimas Feridas;Plena Noite;Crescente;Céu Claro;Simples;"Aclive;Interseção de Vias";Sim;10;0;1;0;5;4;1;6;-19,78510701;-42,13445297;SPRF-MG;DEL06-MG;UOP02-DEL06-MG
619978;08/08/2024;quinta-feira;23:45:00;MS;163;127;NAVIRAI;Animais na Pista;Tombamento;Com Vítimas Feridas;Plena Noite;Crescente;Céu Claro;Simples;Curva;Não;1;0;1;0;0;0;1;1;-23,055607;-54,235474;SPRF-MS;DEL09-MS;UOP01-DEL09-MS
619980;09/08/2024;sexta-feira;01:00:00;GO;364;197,7;JATAI;Ingestão de álcool pelo condutor;Saída de leito carroçável;Sem Vítimas;Plena Noite;Decrescente;Céu Claro;Dupla;Retorno Regulamentado;Não;1;0;0;0;0;1;0;1;-17,920603;-51,739265;SPRF-GO;DEL05-GO;UOP01-DEL05-GO
619981;09/08/2024;sexta-feira;00:30:00;PR;376;158;MANDAGUACU;Reação tardia ou ineficiente do condutor;Capotamento;Com Vítimas Feridas;Plena Noite;Decrescente;Garoa/Chuvisco;Dupla;Curva;Não;2;0;2;0;0;0;2;1;-23,36169997;-52,08593395;SPRF-PR;DEL09-PR;UOP01-DEL09-PR
619982;09/08/2024;sexta-feira;00:27:00;RJ;101;389;RIO DE JANEIRO;Reação tardia ou ineficiente do condutor;Colisão com objeto;Com Vítimas Feridas;Plena Noite;Decrescente;Céu Claro;Dupla;Reta;Sim;3;0;1;0;1;1;1;2;-22,893595;-43,674196;SPRF-RJ;DEL03-RJ;UOP01-DEL03-RJ
619984;09/08/2024;sexta-feira;01:15:00;SC;116;245,3;LAGES;Ingestão de álcool pelo condutor;Colisão traseira;Com Vítimas Feridas;Plena Noite;Decrescente;Nublado;Simples;"Reta;Interseção de Vias";Sim;1;0;1;0;0;0;1;1;-27,79544281;-50,36187437;SPRF-SC;DEL05-SC;UOP01-DEL05-SC
619986;09/08/2024;sexta-feira;03:10:00;SC;101;428,8;SOMBRIO;Ingestão de álcool pelo condutor;Colisão com objeto;Com Vítimas Feridas;Plena Noite;Crescente;Nublado;Dupla;"Declive;Curva";Não;1;0;1;0;0;0;1;1;-29,0402251;-49,61223688;SPRF-SC;DEL02-SC;UOP02-DEL02-SC
619987;09/08/2024;sexta-feira;04:20:00;MG;381;843;SAO SEBASTIAO DA BELA VISTA;Reação tardia ou ineficiente do condutor;Saída de leito carroçável;Sem Vítimas;Plena Noite;Decrescente;Céu Claro;Dupla;Reta;Não;1;0;0;0;1;0;0;1;-22,22245372;-45,87389143;SPRF-MG;DEL16-MG;UOP01-DEL16-MG
619988;09/08/2024;sexta-feira;02:15:00;RJ;116;328,7;ITATIAIA;Suicídio (presumido);Atropelamento de Pedestre;Com Vítimas Feridas;Plena Noite;Decrescente;Nublado;Dupla;"Reta;Declive";Não;3;0;0;1;0;2;1;2;-22,50480402;-44,596846;SPRF-RJ;DEL07-RJ;UOP02-DEL07-RJ
619989;09/08/2024;sexta-feira;04:40:00;RN;304;278,5;MACAIBA;Animais na Pista;Atropelamento de Animal;Com Vítimas Feridas;Amanhecer;Crescente;Céu Claro;Dupla;Reta;Não;2;0;1;1;0;0;2;1;-5,87171096;-35,43101601;SPRF-RN;DEL01-RN;UOP02-DEL01-RN
619990;09/08/2024;sexta-feira;03:30:00;SP;116;96,2;PINDAMONHANGABA;Pedestre cruzava a pista fora da faixa;Atropelamento de Pedestre;Com Vítimas Fatais;Plena Noite;Decrescente;Nublado;Dupla;Reta;Não;2;1;0;0;0;1;0;2;-22,96945055;-45,43869623;SPRF-SP;DEL08-SP;UOP01-DEL08-SP
619991;09/08/2024;sexta-feira;03:45:00;PI;316;55;MONSENHOR GIL;Ausência de reação do condutor;Colisão traseira;Com Vítimas Feridas;Plena Noite;Decrescente;Céu Claro;Simples;Reta;Não;3;0;1;0;2;0;1;2;-5,53590105;-42,62895706;SPRF-PI;DEL01-PI;UOP02-DEL01-PI
619993;09/08/2024;sexta-feira;05:30:00;PA;230;117;MARABA;Condutor desrespeitou a iluminação vermelha do semáforo;Colisão transversal;Com Vítimas Fatais;Amanhecer;Crescente;Céu Claro;Dupla;Interseção de Vias;Sim;3;1;0;0;2;0;0;2;-5,35569904;-49,09047302;SPRF-PA;DEL03-PA;UOP01-DEL03-PA
619995;09/08/2024;sexta-feira;00:10:00;SC;282;279,2;HERVAL DOESTE;Ausência de sinalização;Saída de leito carroçável;Sem Vítimas;Plena Noite;Crescente;Nublado;Simples;Rotatória;Não;1;0;0;0;0;1;0;1;-27,21446527;-51,48563731;SPRF-SC;DEL05-SC;UOP02-DEL05-SC
619996;09/08/2024;sexta-feira;04:50:00;SC;280;59;GUARAMIRIM;Acessar a via sem observar a presença dos outros veículos;Atropelamento de Pedestre;Com Vítimas Feridas;Plena Noite;Crescente;Garoa/Chuvisco;Simples;"Em Obras;Curva";Sim;2;0;0;1;1;0;1;2;-26,475002;-49,030601;SPRF-SC;DEL03-SC;UOP03-DEL03-SC
620001;09/08/2024;sexta-feira;06:40:00;SP;116;283,5;EMBU DAS ARTES;Reação tardia ou ineficiente do condutor;Colisão traseira;Com Vítimas Feridas;Pleno dia;Decrescente;Chuva;Dupla;Reta;Sim;2;0;0;1;1;0;1;2;-23,69297005;-46,86352786;SPRF-SP;DEL04-SP;UOP01-DEL04-SP
620003;09/08/2024;sexta-feira;07:00:00;PR;376;168;MARINGA;Demais falhas mecânicas ou elétricas;Capotamento;Com Vítimas Feridas;Pleno dia;Decrescente;Céu Claro;Dupla;Reta;Não;1;0;1;0;0;0;1;1;-23,409788;-51,987453;SPRF-PR;DEL09-PR;UOP01-DEL09-PR
620005;09/08/2024;sexta-feira;06:50:00;PR;369;164,9;CAMBE;Velocidade Incompatível;Colisão traseira;Sem Vítimas;Pleno dia;Crescente;Céu Claro;Dupla;Reta;Sim;2;0;0;0;2;0;0;2;-23,29516794;-51,2943238;SPRF-PR;DEL07-PR;UOP01-DEL07-PR
620006;03/08/2024;sábado;04:30:00;MG;365;718;MONTE ALEGRE DE MINAS;Condutor Dormindo;Saída de leito carroçável;Sem Vítimas;Plena Noite;Decrescente;Céu Claro;Simples;Reta;Não;1;0;0;0;1;0;0;1;-18,8803268;-49,168415;SPRF-MG;DEL15-MG;UOP03-DEL15-MG
620007;09/08/2024;sexta-feira;06:40:00;SC;101;139;BALNEARIO CAMBORIU;Trafegar com motocicleta (ou similar) entre as faixas;Colisão traseira;Com Vítimas Feridas;Pleno dia;Crescente;Garoa/Chuvisco;Dupla;Reta;Não;2;0;1;0;1;0;1;2;-27,02982303;-48,60115006;SPRF-SC;DEL04-SC;UOP03-DEL04-SC
620008;23/07/2024;terça-feira;13:20:00;RJ;116;182;NOVA IGUACU;Manobra de mudança de faixa;Colisão traseira;Com Vítimas Feridas;Pleno dia;Crescente;Céu Claro;Dupla;Reta;Sim;2;0;1;0;1;0;1;2;-22,75791143;-43,42942517;SPRF-RJ;DEL06-RJ;UOP01-DEL06-RJ
620010;09/08/2024;sexta-feira;06:30:00;MG;381;754;TRES CORACOES;Ausência de reação do condutor;Saída de leito carroçável;Com Vítimas Feridas;Pleno dia;Decrescente;Céu Claro;Dupla;Reta;Não;1;0;1;0;0;0;1;1;-21,68626885;-45,34601116;SPRF-MG;DEL16-MG;UOP02-DEL16-MG
620012;09/08/2024;sexta-feira;07:50:00;SP;116;149;SAO JOSE DOS CAMPOS;Reação tardia ou ineficiente do condutor;Colisão traseira;Com Vítimas Feridas;Pleno dia;Crescente;Céu Claro;Dupla;"Reta;Aclive";Não;2;0;0;1;0;1;1;2;-23,20700047;-45,88626861;SPRF-SP;DEL02-SP;UOP01-DEL02-SP
620013;09/08/2024;sexta-feira;07:50:00;SC;470;134;RIO DO SUL;Trafegar com motocicleta (ou similar) entre as faixas;Colisão transversal;Com Vítimas Feridas;Pleno dia;Crescente;Céu Claro;Simples;Reta;Sim;3;0;2;0;1;0;2;2;-27,181854;-49,600128;SPRF-SC;DEL04-SC;UOP02-DEL04-SC
620015;09/08/2024;sexta-feira;06:06:00;PA;163;629;TRAIRAO;Reação tardia ou ineficiente do condutor;Colisão lateral mesmo sentido;Com Vítimas Feridas;Pleno dia;Decrescente;Céu Claro;Simples;"Aclive;Reta";Não;2;0;1;0;1;0;1;2;-4,679813;-55,974442;SPRF-PA;DEL05-PA;UOP03-DEL05-PA
620016;09/08/2024;sexta-feira;07:15:00;PR;376;221,5;JANDAIA DO SUL;Reação tardia ou ineficiente do condutor;Saída de leito carroçável;Com Vítimas Feridas;Amanhecer;Crescente;Nevoeiro/Neblina;Dupla;Curva;Não;1;0;1;0;0;0;1;1;-23,60241541;-51,59826198;SPRF-PR;DEL09-PR;UOP01-DEL09-PR
620017;09/08/2024;sexta-feira;07:00:00;MT;70;539;NOSSA SENHORA DO LIVRAMENTO;Manobra de mudança de faixa;Saída de leito carroçável;Com Vítimas Fatais;Amanhecer;Decrescente;Garoa/Chuvisco;Simples;Interseção de Vias;Não;1;1;0;0;0;0;0;1;-15,679217;-56,29539371;SPRF-MT;DEL01-MT;UOP02-DEL01-MT
620018;09/08/2024;sexta-feira;08:00:00;MG;381;892,6;CAMBUI;Condutor Dormindo;Saída de leito carroçável;Com Vítimas Feridas;Pleno dia;Decrescente;Nublado;Dupla;"Reta;Aclive";Não;3;0;3;0;0;0;3;1;-22,56247463;-46,04090452;SPRF-MG;DEL16-MG;UOP03-DEL16-MG
620019;09/08/2024;sexta-feira;08:08:00;SP;153;61,8;SAO JOSE DO RIO PRETO;Reação tardia ou ineficiente do condutor;Colisão traseira;Com Vítimas Feridas;Pleno dia;Crescente;Nublado;Múltipla;"Reta;Declive";Sim;2;0;1;0;1;0;1;2;-20,80502876;-49,35574909;SPRF-SP;DEL09-SP;UOP01-DEL09-SP
620020;09/08/2024;sexta-feira;07:50:00;SC;101;215,5;PALHOCA;Manobra de mudança de faixa;Colisão lateral mesmo sentido;Com Vítimas Feridas;Pleno dia;Decrescente;Nublado;Múltipla;"Reta;Aclive";Sim;3;0;0;1;2;0;1;2;-27,65184843;-48,67604941;SPRF-SC;DEL01-SC;UOP02-DEL01-SC
620023;09/08/2024;sexta-feira;08:15:00;PR;277;61;SAO JOSE DOS PINHAIS;Reação tardia ou ineficiente do condutor;Saída de leito carroçável;Sem Vítimas;Pleno dia;Crescente;Garoa/Chuvisco;Dupla;Reta;Não;1;0;0;0;1;0;0;1;-25,56895101;-48,99932401;SPRF-PR;DEL01-PR;UOP01-DEL01-PR
620027;09/08/2024;sexta-feira;09:15:00;PR;163;260;TOLEDO;Ausência de reação do condutor;Saída de leito carroçável;Com Vítimas Feridas;Amanhecer;Decrescente;Nublado;Dupla;Curva;Não;1;0;1;0;0;0;1;1;-24,6606297;-53,8185818;SPRF-PR;DEL06-PR;UOP02-DEL06-PR
620030;05/08/2024;segunda-feira;10:00:00;SC;282;522;XAXIM;Reação tardia ou ineficiente do condutor;Saída de leito carroçável;Com Vítimas Feridas;Pleno dia;Crescente;Céu Claro;Simples;Aclive;Não;1;0;1;0;0;0;1;1;-26,956238;-52,542637;SPRF-SC;DEL07-SC;UOP01-DEL07-SC
620032;09/08/2024;sexta-feira;08:45:00;MG;381;480,5;BETIM;Trafegar com motocicleta (ou similar) entre as faixas;Colisão lateral mesmo sentido;Sem Vítimas;Pleno dia;Crescente;Céu Claro;Dupla;Reta;Sim;2;0;0;0;1;1;0;2;-19,95963461;-44,08435822;SPRF-MG;DEL01-MG;UOP03-DEL01-MG
620033;09/08/2024;sexta-feira;08:01:00;SC;101;60;ARAQUARI;Ausência de reação do condutor;Queda de ocupante de veículo;Com Vítimas Feridas;Pleno dia;Decrescente;Nublado;Múltipla;Curva;Não;1;0;1;0;0;0;1;1;-26,45072823;-48,78570317;SPRF-SC;DEL03-SC;UOP02-DEL03-SC
620034;09/08/2024;sexta-feira;09:20:00;MS;163;753;COXIM;Ausência de reação do condutor;Saída de leito carroçável;Com Vítimas Feridas;Pleno dia;Decrescente;Garoa/Chuvisco;Simples;Reta;Não;2;0;2;0;0;0;2;1;-18,32026699;-54,66591553;SPRF-MS;DEL06-MS;UOP01-DEL06-MS
620036;09/08/2024;sexta-feira;08:30:00;SC;280;29,4;ARAQUARI;Acessar a via sem observar a presença dos outros veículos;Colisão transversal;Com Vítimas Feridas;Pleno dia;Crescente;Céu Claro;Simples;Reta;Não;2;0;1;0;1;0;1;2;-26,41066264;-48,75295628;SPRF-SC;DEL03-SC;UOP03-DEL03-SC
620037;09/08/2024;sexta-feira;06:00:00;RN;226;176;CURRAIS NOVOS;Condutor desrespeitou a iluminação vermelha do semáforo;Colisão transversal;Com Vítimas Feridas;Pleno dia;Crescente;Céu Claro;Simples;Interseção de Vias;Sim;2;0;1;0;1;0;1;2;-6,26216835;-36,51661662;SPRF-RN;DEL03-RN;UOP02-DEL03-RN
620038;09/08/2024;sexta-feira;09:25:00;SC;101;201;SAO JOSE;Manobra de mudança de faixa;Colisão transversal;Com Vítimas Feridas;Pleno dia;Crescente;Nublado;Dupla;Reta;Sim;3;0;1;0;2;0;1;2;-27,54836599;-48,61977975;SPRF-SC;DEL01-SC;UOP01-DEL01-SC
620042;09/08/2024;sexta-feira;08:00:00;PE;116;33;SALGUEIRO;Demais falhas mecânicas ou elétricas;Queda de ocupante de veículo;Com Vítimas Feridas;Pleno dia;Decrescente;Nublado;Simples;Reta;Não;2;0;2;0;0;0;2;1;-8,127007;-39,115208;SPRF-PE;DEL05-PE;UOP01-DEL05-PE
620045;20/07/2024;sábado;20:37:00;ES;259;57;COLATINA;Acessar a via sem observar a presença dos outros veículos;Colisão transversal;Com Vítimas Feridas;Plena Noite;Crescente;Céu Claro;Simples;Rotatória;Sim;2;0;1;0;1;0;1;2;-19,50865703;-40,65581416;SPRF-ES;DEL02-ES;UOP01-DEL02-ES
620047;09/08/2024;sexta-feira;11:50:00;RS;116;253;SAPUCAIA DO SUL;Condutor deixou de manter distância do veículo da frente;Colisão traseira;Com Vítimas Feridas;Pleno dia;Decrescente;Nublado;Dupla;Reta;Sim;2;0;1;0;1;0;1;2;-29,81564821;-51,16912097;SPRF-RS;DEL01-RS;UOP02-DEL01-RS
620052;09/08/2024;sexta-feira;12:50:00;SC;470;45,4;GASPAR;Acessar a via sem observar a presença dos outros veículos;Colisão transversal;Com Vítimas Feridas;Pleno dia;Decrescente;Céu Claro;Simples;"Em Obras;Reta";Sim;2;0;0;1;1;0;1;2;-26,860388;-49,037617;SPRF-SC;DEL04-SC;UOP01-DEL04-SC
620053;09/08/2024;sexta-feira;11:45:00;RS;285;293,2;PASSO FUNDO;Desrespeitar a preferência no cruzamento;Colisão transversal;Sem Vítimas;Pleno dia;Crescente;Nublado;Dupla;"Interseção de Vias;Rotatória";Não;5;0;0;0;5;0;0;2;-28,236645;-52,375156;SPRF-RS;DEL08-RS;UOP03-DEL08-RS
620056;09/08/2024;sexta-feira;10:00:00;MG;262;709,4;ARAXA;Velocidade Incompatível;Capotamento;Com Vítimas Feridas;Pleno dia;Decrescente;Céu Claro;Simples;Reta;Não;1;0;1;0;0;0;1;1;-19,59482628;-47,13714393;SPRF-MG;DEL08-MG;UOP01-DEL08-MG
620057;09/08/2024;sexta-feira;12:30:00;SC;101;212,5;PALHOCA;Objeto estático sobre o leito carroçável;Tombamento;Com Vítimas Feridas;Pleno dia;Decrescente;Céu Claro;Múltipla;Reta;Não;1;0;0;1;0;0;1;1;-27,62996929;-48,65903871;SPRF-SC;DEL01-SC;UOP02-DEL01-SC
620058;09/08/2024;sexta-feira;13:00:00;MG;262;34;MANHUACU;Acessar a via sem observar a presença dos outros veículos;Colisão transversal;Com Vítimas Feridas;Pleno dia;Crescente;Nublado;Simples;Interseção de Vias;Sim;2;0;1;0;1;0;1;2;-20,25692664;-42,01099203;SPRF-MG;DEL06-MG;UOP03-DEL06-MG
620062;09/08/2024;sexta-feira;13:45:00;RS;116;657,9;JAGUARAO;Desrespeitar a preferência no cruzamento;Colisão transversal;Com Vítimas Feridas;Pleno dia;Decrescente;Chuva;Simples;Reta;Sim;3;0;0;1;2;0;1;2;-32,568867;-53,37924;SPRF-RS;DEL07-RS;UOP03-DEL07-RS
620064;05/08/2024;segunda-feira;16:20:00;BA;101;284;LAJE;Reação tardia ou ineficiente do condutor;Colisão transversal;Com Vítimas Feridas;Pleno dia;Decrescente;Céu Claro;Simples;Reta;Não;2;0;2;0;0;0;2;2;-13,26062292;-39,32435125;SPRF-BA;DEL01-BA;UOP02-DEL01-BA
620066;21/07/2024;domingo;15:15:00;RS;386;347;LAJEADO;Acessar a via sem observar a presença dos outros veículos;Colisão lateral mesmo sentido;Com Vítimas Feridas;Pleno dia;Crescente;Sol;Dupla;Interseção de Vias;Sim;3;0;2;0;1;0;2;2;-29,451736;-51,965893;SPRF-RS;DEL04-RS;UOP01-DEL04-RS
620069;09/08/2024;sexta-feira;11:43:00;MS;262;364,3;CAMPO GRANDE;Acessar a via sem observar a presença dos outros veículos;Colisão transversal;Com Vítimas Feridas;Pleno dia;Decrescente;Chuva;Simples;"Declive;Reta";Sim;5;0;1;0;4;0;1;2;-20,49811683;-54,73420481;SPRF-MS;DEL01-MS;UOP03-DEL01-MS