id;data_inversa;dia_semana;horario;uf;br;km;municipio;causa_acidente;tipo_acidente;classificacao_acidente;fase_dia;sentido_via;condicao_metereologica;tipo_pista;tracado_via;uso_solo;pessoas;mortos;feridos_leves;feridos_graves;ilesos;ignorados;feridos;veiculos;latitude;longitude;regional;delegacia;uop
620072;09/08/2024;sexta-feira;14:00:00;PR;116;50,8;CAMPINA GRANDE DO SUL;Reação tardia ou ineficiente do condutor;Colisão com objeto;Com Vítimas Feridas;Pleno dia;Decrescente;Chuva;Dupla;"Declive;Curva";Não;3;0;1;0;2;0;1;1;-25,23481696;-48,90807771;SPRF-PR;DEL01-PR;UOP02-DEL01-PR
620073;09/08/2024;sexta-feira;12:50:00;RS;158;191,9;CRUZ ALTA;Acessar a via sem observar a presença dos outros veículos;Colisão transversal;Com Vítimas Feridas;Pleno dia;Decrescente;Nublado;Simples;Rotatória;Não;3;0;3;0;0;0;3;2;-28,61275316;-53,57466428;SPRF-RS;DEL10-RS;UOP02-DEL10-RS
620074;09/08/2024;sexta-feira;13:30:00;GO;40;9;LUZIANIA;Ausência de reação do condutor;Atropelamento de Pedestre;Com Vítimas Fatais;Pleno dia;Decrescente;Céu Claro;Dupla;Reta;Sim;2;1;0;0;1;0;0;2;-16,131158;-47,957739;SPRF-DF;DEL01-DF;UOP01-DEL01-DF
620076;09/08/2024;sexta-feira;12:50:00;BA;367;23;PORTO SEGURO;Ausência de reação do condutor;Colisão traseira;Com Vítimas Feridas;Pleno dia;Decrescente;Sol;Simples;Reta;Sim;2;0;1;0;1;0;1;2;-16,434597;-39,07201198;SPRF-BA;DEL09-BA;UOP03-DEL09-BA
620077;09/08/2024;sexta-feira;14:30:00;RJ;116;272;BARRA MANSA;Velocidade Incompatível;Colisão lateral mesmo sentido;Com Vítimas Feridas;Pleno dia;Crescente;Sol;Dupla;Curva;Não;4;0;3;0;1;0;3;2;-22,55606865;-44,13021704;SPRF-RJ;DEL07-RJ;UOP02-DEL07-RJ
620078;09/08/2024;sexta-feira;13:50:00;MA;222;664;ACAILANDIA;Ausência de reação do condutor;Colisão frontal;Com Vítimas Feridas;Pleno dia;Crescente;Céu Claro;Simples;Reta;Sim;2;0;1;0;1;0;1;2;-4,88920755;-47,37657969;SPRF-MA;DEL04-MA;UOP03-DEL04-MA
620081;09/08/2024;sexta-feira;14:40:00;DF;70;15;BRASILIA;Ausência de reação do condutor;Queda de ocupante de veículo;Com Vítimas Feridas;Pleno dia;Crescente;Céu Claro;Dupla;Reta;Não;2;0;1;0;1;0;1;1;-15,798888;-48,185043;SPRF-DF;DEL03-DF;UOP02-DEL03-DF
620082;24/06/2024;segunda-feira;22:20:00;PB;230;16;JOAO PESSOA;Demais falhas mecânicas ou elétricas;Queda de ocupante de veículo;Com Vítimas Feridas;Plena Noite;Crescente;Céu Claro;Dupla;Curva;Sim;1;0;1;0;0;0;1;1;-7,1039;-34,8458;SPRF-PB;DEL01-PB;UOP01-DEL01-PB
620083;09/08/2024;sexta-feira;14:10:00;GO;414;437;ANAPOLIS;Acesso irregular;Colisão transversal;Sem Vítimas;Pleno dia;Decrescente;Céu Claro;Simples;Reta;Não;2;0;0;0;2;0;0;2;-16,26365299;-48,93824303;SPRF-GO;DEL02-GO;UOP01-DEL02-GO
620085;09/08/2024;sexta-feira;14:40:00;SP;101;52;UBATUBA;Ausência de reação do condutor;Colisão traseira;Com Vítimas Feridas;Pleno dia;Crescente;Nublado;Simples;Rotatória;Sim;2;0;1;0;1;0;1;2;-23,4623355;-45,06476561;SPRF-SP;DEL06-SP;UOP01-DEL06-SP
620086;09/08/2024;sexta-feira;06:47:00;MT;364;405;CUIABA;Condutor deixou de manter distância do veículo da frente;Colisão traseira;Com Vítimas Feridas;Pleno dia;Decrescente;Garoa/Chuvisco;Dupla;Reta;Não;2;0;1;0;1;0;1;2;-15,65807393;-55,97979396;SPRF-MT;DEL01-MT;UOP02-DEL01-MT
620087;09/08/2024;sexta-feira;14:50:00;RS;285;457,8;IJUI;Acessar a via sem observar a presença dos outros veículos;Colisão transversal;Com Vítimas Feridas;Pleno dia;Crescente;Céu Claro;Simples;Reta;Sim;2;0;1;0;1;0;1;2;-28,40144233;-53,89858246;SPRF-RS;DEL10-RS;UOP01-DEL10-RS
620090;09/08/2024;sexta-feira;14:30:00;SP;116;223;GUARULHOS;Reação tardia ou ineficiente do condutor;Colisão traseira;Com Vítimas Feridas;Pleno dia;Decrescente;Garoa/Chuvisco;Múltipla;Reta;Sim;2;0;1;0;1;0;1;2;-23,47559815;-46,5246609;SPRF-SP;DEL01-SP;UOP01-DEL01-SP
620091;09/08/2024;sexta-feira;13:09:00;MG;381;505;BETIM;Acessar a via sem observar a presença dos outros veículos;Colisão lateral mesmo sentido;Com Vítimas Feridas;Pleno dia;Decrescente;Céu Claro;Múltipla;"Reta;Aclive";Não;3;0;1;1;1;0;2;2;-20,03837402;-44,25184608;SPRF-MG;DEL01-MG;UOP03-DEL01-MG
620092;09/08/2024;sexta-feira;15:30:00;MG;381;929,8;ITAPEVA;Velocidade Incompatível;Saída de leito carroçável;Com Vítimas Feridas;Pleno dia;Crescente;Chuva;Dupla;Curva;Não;2;0;2;0;0;0;2;1;-22,77492869;-46,23882294;SPRF-MG;DEL16-MG;UOP03-DEL16-MG
620095;09/08/2024;sexta-feira;09:10:00;PI;343;189;PIRIPIRI;Acumulo de areia ou detritos sobre o pavimento;Tombamento;Com Vítimas Feridas;Pleno dia;Crescente;Céu Claro;Simples;"Em Obras;Desvio Temporário;Reta";Sim;1;0;1;0;0;0;1;1;-4,31367;-41,776325;SPRF-PI;DEL02-PI;UOP01-DEL02-PI
620097;09/08/2024;sexta-feira;15:45:00;PB;230;27;JOAO PESSOA;Reação tardia ou ineficiente do condutor;Colisão traseira;Com Vítimas Feridas;Pleno dia;Crescente;Sol;Dupla;Reta;Sim;5;0;2;1;2;0;3;5;-7,16553078;-34,88986909;SPRF-PB;DEL01-PB;UOP01-DEL01-PB
620098;09/08/2024;sexta-feira;15:15:00;RJ;101;485;ANGRA DOS REIS;Conversão proibida;Colisão transversal;Com Vítimas Feridas;Pleno dia;Crescente;Nublado;Simples;"Reta;Declive";Não;2;0;0;1;1;0;1;2;-22,98659;-44,298736;SPRF-RJ;DEL03-RJ;UOP03-DEL03-RJ
620099;09/08/2024;sexta-feira;15:30:00;SC;282;2;FLORIANOPOLIS;Trafegar com motocicleta (ou similar) entre as faixas;Colisão lateral mesmo sentido;Com Vítimas Feridas;Pleno dia;Crescente;Céu Claro;Múltipla;Reta;Não;2;0;1;0;1;0;1;2;-27,603289;-48,590416;SPRF-SC;DEL01-SC;UOP01-DEL01-SC
620100;09/08/2024;sexta-feira;15:50:00;PR;277;6;FOZ DO IGUACU;Reação tardia ou ineficiente do condutor;Colisão transversal;Com Vítimas Feridas;Pleno dia;Decrescente;Nublado;Dupla;"Retorno Regulamentado;Rotatória";Sim;2;0;0;1;1;0;1;2;-25,46280456;-54,58316803;SPRF-PR;DEL05-PR;UOP03-DEL05-PR
620103;09/08/2024;sexta-feira;15:30:00;ES;101;266,5;SERRA;Ausência de reação do condutor;Colisão traseira;Com Vítimas Feridas;Pleno dia;Crescente;Sol;Múltipla;Reta;Não;2;0;1;0;1;0;1;2;-20,190199;-40,26828891;SPRF-ES;DEL02-ES;UOP01-DEL02-ES
620104;29/07/2024;segunda-feira;18:55:00;SE;235;48;ITABAIANA;Ingestão de álcool pelo condutor;Tombamento;Com Vítimas Feridas;Plena Noite;Decrescente;Céu Claro;Simples;Reta;Não;1;0;0;1;0;0;1;1;-10,72615081;-37,41583943;SPRF-SE;DEL01-SE;UOP02-DEL01-SE
620105;09/08/2024;sexta-feira;16:50:00;SE;101;89;NOSSA SENHORA DO SOCORRO;Ingestão de álcool pelo condutor;Colisão lateral sentido oposto;Com Vítimas Feridas;Pleno dia;Decrescente;Nublado;Múltipla;"Reta;Aclive";Sim;2;0;0;1;1;0;1;2;-10,88051024;-37,13355535;SPRF-SE;DEL01-SE;UOP01-DEL01-SE
620110;09/08/2024;sexta-feira;16:45:00;RJ;101;312;SAO GONCALO;Condutor deixou de manter distância do veículo da frente;Colisão traseira;Com Vítimas Feridas;Pleno dia;Decrescente;Céu Claro;Dupla;Reta;Não;3;0;3;0;0;0;3;2;-22,80546555;-43,06156967;SPRF-RJ;DEL02-RJ;UOP02-DEL02-RJ
620111;09/08/2024;sexta-feira;14:30:00;PR;369;144;LONDRINA;Mal súbito do condutor;Saída de leito carroçável;Com Vítimas Feridas;Pleno dia;Crescente;Chuva;Dupla;"Reta;Declive";Sim;1;0;1;0;0;0;1;1;-23,29290145;-51,10065758;SPRF-PR;DEL07-PR;UOP01-DEL07-PR
620112;09/08/2024;sexta-feira;16:30:00;PR;116;44;CAMPINA GRANDE DO SUL;Chuva;Saída de leito carroçável;Com Vítimas Feridas;Pleno dia;Crescente;Chuva;Dupla;"Aclive;Curva";Não;2;0;1;0;1;0;1;1;-25,1882321;-48,88492529;SPRF-PR;DEL01-PR;UOP02-DEL01-PR
620113;09/08/2024;sexta-feira;17:00:00;PR;476;151;ARAUCARIA;Condutor deixou de manter distância do veículo da frente;Colisão traseira;Com Vítimas Feridas;Pleno dia;Crescente;Garoa/Chuvisco;Dupla;Reta;Não;2;0;1;0;1;0;1;2;-25,563601;-49,377041;SPRF-PR;DEL01-PR;UOP06-DEL01-PR
620114;09/08/2024;sexta-feira;16:20:00;MG;116;412,2;GOVERNADOR VALADARES;Acessar a via sem observar a presença dos outros veículos;Colisão transversal;Com Vítimas Feridas;Pleno dia;Decrescente;Céu Claro;Simples;Reta;Sim;2;0;0;2;0;0;2;2;-18,87594657;-41,96440089;SPRF-MG;DEL06-MG;UOP01-DEL06-MG
620118;09/08/2024;sexta-feira;15:50:00;SC;470;211,6;SAO CRISTOVAO DO SUL;Transitar na contramão;Colisão frontal;Com Vítimas Feridas;Pleno dia;Decrescente;Céu Claro;Simples;Curva;Não;2;0;1;0;1;0;1;2;-27,306231;-50,228275;SPRF-SC;DEL05-SC;UOP03-DEL05-SC
620119;09/08/2024;sexta-feira;16:15:00;CE;304;51;ARACATI;Acessar a via sem observar a presença dos outros veículos;Colisão transversal;Com Vítimas Feridas;Pleno dia;Crescente;Céu Claro;Simples;Interseção de Vias;Não;2;0;0;1;0;1;1;2;-4,56942301;-37,75341799;SPRF-CE;DEL03-CE;UOP03-DEL03-CE
620120;09/08/2024;sexta-feira;18:10:00;GO;70;314;JUSSARA;Reação tardia ou ineficiente do condutor;Capotamento;Com Vítimas Feridas;Anoitecer;Crescente;Céu Claro;Simples;Ponte;Sim;1;0;1;0;0;0;1;1;-15,87346916;-50,84623575;SPRF-GO;DEL04-GO;UOP02-DEL04-GO
620121;09/08/2024;sexta-feira;16:15:00;MS;163;257,5;DOURADOS;Entrada inopinada do pedestre;Atropelamento de Pedestre;Com Vítimas Feridas;Pleno dia;Crescente;Céu Claro;Dupla;Reta;Sim;2;0;0;1;1;0;1;2;-22,25888398;-54,793819;SPRF-MS;DEL04-MS;UOP01-DEL04-MS
620123;09/08/2024;sexta-feira;13:00:00;MG;262;399;PARA DE MINAS;Mal súbito do condutor;Tombamento;Com Vítimas Feridas;Pleno dia;Crescente;Céu Claro;Dupla;Reta;Não;1;0;1;0;0;0;1;1;-19,90311456;-44,534;SPRF-MG;DEL01-MG;UOP03-DEL01-MG
620124;09/08/2024;sexta-feira;18:00:00;SP;116;302;ITAPECERICA DA SERRA;Chuva;Saída de leito carroçável;Com Vítimas Feridas;Plena Noite;Crescente;Chuva;Dupla;Reta;Sim;1;0;1;0;0;0;1;1;-23,81957108;-46,92449376;SPRF-SP;DEL04-SP;UOP01-DEL04-SP
620126;09/08/2024;sexta-feira;17:45:00;SP;381;68;MAIRIPORA;Chuva;Colisão com objeto;Com Vítimas Feridas;Anoitecer;Crescente;Chuva;Dupla;"Aclive;Reta";Não;1;0;1;0;0;0;1;1;-23,34043796;-46,57433588;SPRF-SP;DEL03-SP;UOP01-DEL03-SP
620127;09/08/2024;sexta-feira;18:40:00;GO;153;493;GOIANIA;Ausência de reação do condutor;Colisão traseira;Com Vítimas Feridas;Plena Noite;Crescente;Céu Claro;Dupla;"Declive;Reta";Sim;3;0;1;0;2;0;1;2;-16,6537;-49,2172;SPRF-GO;DEL01-GO;UOP01-DEL01-GO
620128;09/08/2024;sexta-feira;16:15:00;BA;242;214;ITABERABA;Pista esburacada;Capotamento;Com Vítimas Feridas;Pleno dia;Decrescente;Céu Claro;Simples;"Reta;Declive";Não;3;0;1;1;1;0;2;1;-12,52093;-40,177979;SPRF-BA;DEL06-BA;UOP02-DEL06-BA
620129;09/08/2024;sexta-feira;17:50:00;SC;101;111,5;NAVEGANTES;Ausência de reação do condutor;Colisão traseira;Com Vítimas Feridas;Anoitecer;Crescente;Nublado;Dupla;"Reta;Ponte";Não;2;0;0;1;1;0;1;2;-26,83955734;-48,71418074;SPRF-SC;DEL04-SC;UOP04-DEL04-SC
620131;09/08/2024;sexta-feira;18:34:00;GO;40;12,9;LUZIANIA;Acessar a via sem observar a presença dos outros veículos;Colisão transversal;Com Vítimas Feridas;Plena Noite;Decrescente;Céu Claro;Dupla;Reta;Sim;2;0;1;0;0;1;1;2;-16,158753;-47,933136;SPRF-DF;DEL01-DF;UOP01-DEL01-DF
620132;09/08/2024;sexta-feira;18:20:00;ES;101;290,5;CARIACICA;Acessar a via sem observar a presença dos outros veículos;Colisão transversal;Com Vítimas Feridas;Plena Noite;Decrescente;Céu Claro;Dupla;"Reta;Retorno Regulamentado";Sim;2;0;0;1;1;0;1;2;-20,28927747;-40,39181575;SPRF-ES;DEL01-ES;UOP01-DEL01-ES
620133;09/08/2024;sexta-feira;18:50:00;SC;101;205,4;SAO JOSE;Velocidade Incompatível;Colisão lateral mesmo sentido;Sem Vítimas;Plena Noite;Crescente;Céu Claro;Dupla;Curva;Sim;4;0;0;0;2;2;0;4;-27,58642043;-48,61745238;SPRF-SC;DEL01-SC;UOP01-DEL01-SC
620134;09/08/2024;sexta-feira;16:50:00;PR;277;33,9;MORRETES;Demais falhas mecânicas ou elétricas;Saída de leito carroçável;Sem Vítimas;Pleno dia;Decrescente;Garoa/Chuvisco;Dupla;"Curva;Declive";Não;1;0;0;0;1;0;0;1;-25,57127944;-48,8162148;SPRF-PR;DEL01-PR;UOP05-DEL01-PR
620135;09/08/2024;sexta-feira;19:10:00;PR;476;204;LAPA;Ausência de reação do condutor;Saída de leito carroçável;Com Vítimas Feridas;Plena Noite;Crescente;Céu Claro;Simples;Reta;Não;1;0;1;0;0;0;1;1;-25,778475;-49,794453;SPRF-PR;DEL01-PR;UOP06-DEL01-PR
620137;09/08/2024;sexta-feira;18:25:00;RS;386;354;ESTRELA;Transitar na contramão;Colisão transversal;Com Vítimas Feridas;Plena Noite;Decrescente;Ignorado;Dupla;"Em Obras;Retorno Regulamentado;Curva";Sim;3;0;1;0;2;0;1;2;-29,506611;-51,943012;SPRF-RS;DEL04-RS;UOP01-DEL04-RS
620138;09/08/2024;sexta-feira;18:44:00;DF;70;0;BRASILIA;Estacionar ou parar em local proibido;Colisão traseira;Com Vítimas Feridas;Plena Noite;Crescente;Céu Claro;Dupla;Reta;Sim;4;0;1;2;1;0;3;2;-15,792352;-48,054509;SPRF-DF;DEL03-DF;UOP02-DEL03-DF
620140;09/08/2024;sexta-feira;19:40:00;MG;40;529;CONTAGEM;Pedestre andava na pista;Atropelamento de Pedestre;Com Vítimas Fatais;Plena Noite;Decrescente;Céu Claro;Dupla;Reta;Sim;3;1;0;1;0;1;1;2;-19,91635592;-44,03966566;SPRF-MG;DEL01-MG;UOP02-DEL01-MG
620141;09/08/2024;sexta-feira;15:00:00;RJ;116;178;BELFORD ROXO;Reação tardia ou ineficiente do condutor;Colisão traseira;Sem Vítimas;Pleno dia;Crescente;Céu Claro;Múltipla;Reta;Sim;2;0;0;0;2;0;0;2;-22,77086816;-43,40829253;SPRF-RJ;DEL06-RJ;UOP01-DEL06-RJ
620142;09/08/2024;sexta-feira;17:45:00;AL;316;143,8;ESTRELA DE ALAGOAS;Ultrapassagem Indevida;Colisão frontal;Com Vítimas Feridas;Plena Noite;Decrescente;Céu Claro;Simples;Reta;Não;4;0;3;1;0;0;4;2;-9,396104;-36,725646;SPRF-AL;DEL03-AL;UOP01-DEL03-AL
620143;09/08/2024;sexta-feira;19:30:00;DF;20;24;BRASILIA;Reação tardia ou ineficiente do condutor;Colisão traseira;Com Vítimas Feridas;Anoitecer;Crescente;Céu Claro;Dupla;Declive;Não;3;0;1;2;0;0;3;2;-15,594831;-47,658615;SPRF-DF;DEL02-DF;UOP01-DEL02-DF
620146;09/08/2024;sexta-feira;18:30:00;PR;476;105;COLOMBO;Deficiência do Sistema de Iluminação/Sinalização;Colisão traseira;Com Vítimas Feridas;Anoitecer;Crescente;Chuva;Simples;Reta;Não;2;0;1;0;1;0;1;2;-25,279358;-49,140411;SPRF-PR;DEL01-PR;UOP01-DEL01-PR
620147;09/08/2024;sexta-feira;19:30:00;SP;116;218;GUARULHOS;Reação tardia ou ineficiente do condutor;Colisão traseira;Com Vítimas Feridas;Plena Noite;Crescente;Chuva;Múltipla;Reta;Sim;2;0;1;0;1;0;1;2;-23,45423824;-46,47119028;SPRF-SP;DEL01-SP;UOP01-DEL01-SP
620148;09/08/2024;sexta-feira;17:47:00;TO;153;496;PARAISO DO TOCANTINS;Ausência de reação do condutor;Colisão com objeto;Sem Vítimas;Anoitecer;Crescente;Céu Claro;Simples;Reta;Não;1;0;0;0;1;0;0;1;-10,1937667;-48,8784472;SPRF-TO;DEL01-TO;UOP01-DEL01-TO
620149;09/08/2024;sexta-feira;17:30:00;MS;163;486;CAMPO GRANDE;Chuva;Tombamento;Com Vítimas Feridas;Anoitecer;Crescente;Chuva;Simples;"Interseção de Vias;Reta";Sim;1;0;0;1;0;0;1;1;-20,4336361;-54,54376745;SPRF-MS;DEL01-MS;UOP02-DEL01-MS
620150;09/08/2024;sexta-feira;19:10:00;RS;116;151,3;CAXIAS DO SUL;Reação tardia ou ineficiente do condutor;Colisão traseira;Com Vítimas Feridas;Plena Noite;Crescente;Nublado;Dupla;Curva;Sim;2;0;1;0;1;0;1;2;-29,18086635;-51,16556168;SPRF-RS;DEL05-RS;UOP01-DEL05-RS
620151;09/08/2024;sexta-feira;17:45:00;MG;116;541;SANTA RITA DE MINAS;Condutor deixou de manter distância do veículo da frente;Colisão lateral mesmo sentido;Com Vítimas Feridas;Plena Noite;Crescente;Céu Claro;Simples;Reta;Não;2;0;1;0;1;0;1;2;-19,89438795;-42,13395072;SPRF-MG;DEL06-MG;UOP02-DEL06-MG
620153;09/08/2024;sexta-feira;18:40:00;PR;163;35;SANTO ANTONIO DO SUDOESTE;Reação tardia ou ineficiente do condutor;Saída de leito carroçável;Com Vítimas Feridas;Plena Noite;Decrescente;Céu Claro;Simples;Curva;Não;1;0;1;0;0;0;1;1;-26,10526814;-53,70309816;SPRF-PR;DEL02-PR;UOP02-DEL02-PR
620154;09/08/2024;sexta-feira;19:45:00;PE;101;83,7;JABOATAO DOS GUARARAPES;Manobra de mudança de faixa;Colisão lateral mesmo sentido;Com Vítimas Feridas;Plena Noite;Crescente;Nublado;Dupla;"Reta;Rotatória";Não;3;0;1;1;1;0;2;2;-8,177803;-34,948677;SPRF-PE;DEL01-PE;UOP01-DEL01-PE
620155;09/08/2024;sexta-feira;18:25:00;PE;423;98,2;GARANHUNS;Conversão proibida;Colisão frontal;Com Vítimas Feridas;Plena Noite;Decrescente;Nublado;Simples;Reta;Sim;2;0;0;1;1;0;1;2;-8,87640069;-36,50591612;SPRF-PE;DEL03-PE;UOP01-DEL03-PE
620156;09/08/2024;sexta-feira;19:15:00;PR;277;78;CURITIBA;Condutor deixou de manter distância do veículo da frente;Colisão traseira;Com Vítimas Feridas;Anoitecer;Decrescente;Garoa/Chuvisco;Dupla;"Aclive;Viaduto;Reta";Sim;2;0;1;0;1;0;1;2;-25,4788805;-49,20149267;SPRF-PR;DEL01-PR;UOP07-DEL01-PR
620158;09/08/2024;sexta-feira;20:00:00;PR;369;159;CAMBE;Condutor deixou de manter distância do veículo da frente;Colisão traseira;Sem Vítimas;Plena Noite;Crescente;Chuva;Dupla;Reta;Sim;2;0;0;0;2;0;0;2;-23,28392099;-51,24433803;SPRF-PR;DEL07-PR;UOP01-DEL07-PR
620159;09/08/2024;sexta-feira;20:10:00;RS;287;247,6;SANTA MARIA;Pedestre cruzava a pista fora da faixa;Atropelamento de Pedestre;Com Vítimas Feridas;Plena Noite;Crescente;Céu Claro;Dupla;"Reta;Em Obras";Sim;2;0;1;0;1;0;1;2;-29,69619855;-53,84955168;SPRF-RS;DEL09-RS;UOP01-DEL09-RS
620160;09/08/2024;sexta-feira;15:02:00;RJ;40;124;DUQUE DE CAXIAS;Reação tardia ou ineficiente do condutor;Colisão traseira;Com Vítimas Feridas;Pleno dia;Crescente;Céu Claro;Múltipla;Reta;Sim;2;0;0;1;1;0;1;2;-22,807953;-43,289124;SPRF-RJ;DEL01-RJ;UOP02-DEL01-RJ
620161;09/08/2024;sexta-feira;19:43:00;SC;280;46;GUARAMIRIM;Acessar a via sem observar a presença dos outros veículos;Colisão transversal;Com Vítimas Feridas;Plena Noite;Decrescente;Nevoeiro/Neblina;Simples;"Reta;Declive";Sim;3;0;1;0;2;0;1;2;-26,452847;-48,909813;SPRF-SC;DEL03-SC;UOP03-DEL03-SC
620162;09/08/2024;sexta-feira;18:50:00;BA;116;800;VITORIA DA CONQUISTA;Acessar a via sem observar a presença dos outros veículos;Atropelamento de Pedestre;Com Vítimas Fatais;Plena Noite;Decrescente;Céu Claro;Simples;"Interseção de Vias;Reta";Não;2;1;0;0;1;0;0;2;-14,76850964;-40,71299499;SPRF-BA;DEL08-BA;UOP02-DEL08-BA
620163;24/07/2024;quarta-feira;15:15:00;ES;101;266;SERRA;Conversão proibida;Colisão lateral mesmo sentido;Com Vítimas Feridas;Pleno dia;Crescente;Céu Claro;Múltipla;Interseção de Vias;Sim;4;0;1;1;2;0;2;2;-20,190199;-40,26828891;SPRF-ES;DEL02-ES;UOP01-DEL02-ES
620164;09/08/2024;sexta-feira;18:40:00;BA;242;860;BARREIRAS;Pedestre cruzava a pista fora da faixa;Capotamento;Com Vítimas Feridas;Plena Noite;Decrescente;Céu Claro;Simples;Reta;Não;4;0;3;1;0;0;4;1;-12,09594834;-45,37916805;SPRF-BA;DEL10-BA;UOP01-DEL10-BA
620165;09/08/2024;sexta-feira;19:20:00;RS;470;282,6;MONTENEGRO;Acessar a via sem observar a presença dos outros veículos;Colisão transversal;Com Vítimas Feridas;Plena Noite;Decrescente;Nublado;Simples;"Reta;Interseção de Vias";Não;3;0;2;0;1;0;2;2;-29,61956852;-51,47465944;SPRF-RS;DEL06-RS;UOP01-DEL06-RS
620167;09/08/2024;sexta-feira;19:20:00;SC;163;77,6;SAO MIGUEL DO OESTE;Acessar a via sem observar a presença dos outros veículos;Colisão transversal;Com Vítimas Feridas;Plena Noite;Crescente;Céu Claro;Simples;"Interseção de Vias;Curva;Aclive";Não;3;0;2;0;1;0;2;2;-26,67615498;-53,51669997;SPRF-SC;DEL07-SC;UOP03-DEL07-SC
620169;09/08/2024;sexta-feira;21:00:00;ES;101;269,6;SERRA;Semáforo com defeito;Colisão transversal;Sem Vítimas;Plena Noite;Crescente;Céu Claro;Dupla;"Reta;Retorno Regulamentado";Sim;6;0;0;0;3;3;0;2;-20,22183515;-40,27032852;SPRF-ES;DEL02-ES;UOP01-DEL02-ES
620170;09/08/2024;sexta-feira;16:30:00;RO;174;70;VILHENA;Neblina;Saída de leito carroçável;Com Vítimas Feridas;Pleno dia;Crescente;Nevoeiro/Neblina;Simples;Reta;Não;1;0;1;0;0;0;1;1;-12,37349218;-59,8573696;SPRF-RO;DEL04-RO;UOP01-DEL04-RO
620177;09/08/2024;sexta-feira;21:20:00;MG;381;778,5;CAMPANHA;Ausência de reação do condutor;Saída de leito carroçável;Com Vítimas Feridas;Plena Noite;Decrescente;Garoa/Chuvisco;Dupla;Curva;Não;2;0;2;0;0;0;2;1;-21,83682863;-45,50981014;SPRF-MG;DEL16-MG;UOP02-DEL16-MG
620179;09/08/2024;sexta-feira;21:10:00;DF;70;8,6;BRASILIA;Acessar a via sem observar a presença dos outros veículos;Colisão traseira;Com Vítimas Feridas;Plena Noite;Crescente;Céu Claro;Dupla;Reta;Sim;5;0;1;0;2;2;1;3;-15,784966;-48,122108;SPRF-DF;DEL03-DF;UOP02-DEL03-DF
620180;09/08/2024;sexta-feira;19:05:00;MG;40;520;CONTAGEM;Manobra de mudança de faixa;Colisão lateral mesmo sentido;Com Vítimas Feridas;Plena Noite;Decrescente;Céu Claro;Dupla;Reta;Sim;3;0;1;0;2;0;1;2;-19,86874894;-44,05962197;SPRF-MG;DEL01-MG;UOP02-DEL01-MG
620184;09/08/2024;sexta-feira;19:35:00;ES;262;189;IRUPI;Transitar na contramão;Colisão frontal;Com Vítimas Feridas;Plena Noite;Decrescente;Céu Claro;Simples;Curva;Não;2;0;1;0;1;0;1;2;-20,31334421;-41,73692705;SPRF-ES;DEL01-ES;UOP02-DEL01-ES
620187;09/08/2024;sexta-feira;22:00:00;PR;376;672;GUARATUBA;Ingestão de álcool pelo condutor;Colisão traseira;Com Vítimas Feridas;Plena Noite;Decrescente;Céu Claro;Dupla;"Reta;Aclive";Não;5;0;4;0;1;0;4;2;-25,89358488;-48,93146782;SPRF-PR;DEL01-PR;UOP04-DEL01-PR
620188;09/08/2024;sexta-feira;20:00:00;BA;349;1017;CORRENTINA;Iluminação deficiente;Queda de ocupante de veículo;Com Vítimas Fatais;Plena Noite;Crescente;Céu Claro;Simples;Reta;Não;1;1;0;0;0;0;0;1;-13,798735;-46,164127;SPRF-BA;DEL10-BA;UOP02-DEL10-BA
620189;09/08/2024;sexta-feira;22:20:00;PB;230;68,7;SOBRADO;Ingestão de álcool pelo condutor;Colisão traseira;Com Vítimas Feridas;Plena Noite;Crescente;Céu Claro;Dupla;Reta;Não;4;0;2;0;2;0;2;2;-7,1873;-35,2065;SPRF-PB;DEL01-PB;UOP03-DEL01-PB
620191;09/08/2024;sexta-feira;20:10:00;PR;376;624,9;SAO JOSE DOS PINHAIS;Pedestre - Ingestão de álcool/ substâncias psicoativas;Atropelamento de Pedestre;Com Vítimas Fatais;Plena Noite;Decrescente;Céu Claro;Múltipla;Reta;Não;4;1;0;0;3;0;0;3;-25,64336599;-49,15942795;SPRF-PR;DEL01-PR;UOP04-DEL01-PR
620192;09/08/2024;sexta-feira;22:20:00;RJ;101;385;RIO DE JANEIRO;Pedestre cruzava a pista fora da faixa;Atropelamento de Pedestre;Com Vítimas Feridas;Plena Noite;Crescente;Nublado;Dupla;Reta;Não;2;0;2;0;0;0;2;2;-22,88064129;-43,63218994;SPRF-RJ;DEL03-RJ;UOP01-DEL03-RJ
620193;09/08/2024;sexta-feira;14:30:00;RJ;40;123;DUQUE DE CAXIAS;Condutor deixou de manter distância do veículo da frente;Engavetamento;Com Vítimas Feridas;Pleno dia;Decrescente;Céu Claro;Múltipla;Reta;Sim;3;0;1;0;2;0;1;3;-22,79907687;-43,29015739;SPRF-RJ;DEL01-RJ;UOP02-DEL01-RJ
620195;09/08/2024;sexta-feira;20:25:00;MG;262;801;UBERABA;Animais na Pista;Atropelamento de Animal;Com Vítimas Feridas;Plena Noite;Crescente;Céu Claro;Dupla;Reta;Sim;1;0;0;1;0;0;1;1;-19,77920263;-47,955319;SPRF-MG;DEL13-MG;UOP01-DEL13-MG
620196;09/08/2024;sexta-feira;17:15:00;MS;163;75;ITAQUIRAI;Ingestão de álcool pelo condutor;Queda de ocupante de veículo;Com Vítimas Feridas;Pleno dia;Crescente;Céu Claro;Simples;Reta;Sim;1;0;0;1;0;0;1;1;-23,50091105;-54,18729772;SPRF-MS;DEL09-MS;UOP02-DEL09-MS