id;data_inversa;dia_semana;horario;uf;br;km;municipio;causa_acidente;tipo_acidente;classificacao_acidente;fase_dia;sentido_via;condicao_metereologica;tipo_pista;tracado_via;uso_solo;pessoas;mortos;feridos_leves;feridos_graves;ilesos;ignorados;feridos;veiculos;latitude;longitude;regional;delegacia;uop
620199;09/08/2024;sexta-feira;22:40:00;PI;343;13,3;PARNAIBA;Acesso irregular;Colisão transversal;Com Vítimas Feridas;Plena Noite;Decrescente;Céu Claro;Dupla;"Reta;Interseção de Vias";Sim;2;0;0;1;1;0;1;2;-2,92062914;-41,75419569;SPRF-PI;DEL05-PI;UOP01-DEL05-PI
620200;09/08/2024;sexta-feira;14:45:00;PR;153;217;TIBAGI;Ultrapassagem Indevida;Colisão frontal;Com Vítimas Feridas;Pleno dia;Crescente;Chuva;Simples;Curva;Não;5;0;5;0;0;0;5;2;-24,59390799;-50,43734612;SPRF-PR;DEL03-PR;UOP02-DEL03-PR
620201;09/08/2024;sexta-feira;21:45:00;SP;381;25;BRAGANCA PAULISTA;Chuva;Colisão com objeto;Com Vítimas Feridas;Plena Noite;Crescente;Chuva;Dupla;"Aclive;Reta";Não;14;0;6;3;5;0;9;4;-23,02018004;-46,52966596;SPRF-SP;DEL03-SP;UOP02-DEL03-SP
620203;09/08/2024;sexta-feira;20:10:00;RJ;101;385;RIO DE JANEIRO;Reação tardia ou ineficiente do condutor;Colisão com objeto;Com Vítimas Feridas;Plena Noite;Decrescente;Nublado;Múltipla;Reta;Sim;4;0;2;0;2;0;2;1;-22,88064129;-43,63218994;SPRF-RJ;DEL03-RJ;UOP01-DEL03-RJ
620204;09/08/2024;sexta-feira;21:00:00;MG;40;128;JOAO PINHEIRO;Acessar a via sem observar a presença dos outros veículos;Colisão transversal;Com Vítimas Feridas;Plena Noite;Decrescente;Céu Claro;Simples;Reta;Não;2;0;1;0;1;0;1;2;-17,70131701;-46,303719;SPRF-MG;DEL14-MG;UOP01-DEL14-MG
620205;09/08/2024;sexta-feira;23:01:00;PR;369;127,7;JATAIZINHO;Ingestão de álcool pelo condutor;Colisão com objeto;Sem Vítimas;Plena Noite;Decrescente;Garoa/Chuvisco;Dupla;Reta;Não;1;0;0;0;1;0;0;1;-23,27446554;-50,96366644;SPRF-PR;DEL07-PR;UOP01-DEL07-PR
620206;09/08/2024;sexta-feira;21:50:00;DF;20;11;BRASILIA;Reação tardia ou ineficiente do condutor;Saída de leito carroçável;Com Vítimas Feridas;Plena Noite;Crescente;Céu Claro;Dupla;Reta;Sim;2;0;1;0;1;0;1;1;-15,64654;-47,766422;SPRF-DF;DEL02-DF;UOP01-DEL02-DF
620207;09/08/2024;sexta-feira;22:20:00;MG;116;605,4;SAO JOAO DO MANHUACU;Ausência de reação do condutor;Colisão traseira;Com Vítimas Feridas;Plena Noite;Crescente;Céu Claro;Simples;Reta;Sim;4;0;0;1;3;0;1;2;-20,3699701;-42,14797234;SPRF-MG;DEL06-MG;UOP03-DEL06-MG
620208;09/08/2024;sexta-feira;22:15:00;RS;116;304;GUAIBA;Ingestão de álcool pelo condutor;Colisão transversal;Com Vítimas Feridas;Plena Noite;Crescente;Nublado;Simples;Reta;Não;6;0;2;2;2;0;4;2;-30,16312811;-51,37606884;SPRF-RS;DEL02-RS;UOP01-DEL02-RS
620209;09/08/2024;sexta-feira;22:58:00;GO;70;2;AGUAS LINDAS DE GOIAS;Ausência de reação do condutor;Saída de leito carroçável;Sem Vítimas;Plena Noite;Crescente;Céu Claro;Dupla;Reta;Sim;1;0;0;0;0;1;0;1;-15,767021;-48,229945;SPRF-DF;DEL03-DF;UOP02-DEL03-DF
620216;09/08/2024;sexta-feira;23:30:00;MG;381;264;CORONEL FABRICIANO;Reação tardia ou ineficiente do condutor;Colisão traseira;Com Vítimas Feridas;Plena Noite;Crescente;Céu Claro;Simples;"Reta;Ponte";Não;2;0;0;1;1;0;1;2;-19,52389212;-42,65444398;SPRF-MG;DEL03-MG;UOP02-DEL03-MG
620217;10/08/2024;sábado;00:15:00;RS;386;259;FONTOURA XAVIER;Demais falhas mecânicas ou elétricas;Incêndio;Sem Vítimas;Plena Noite;Crescente;Nublado;Simples;"Curva;Em Obras";Não;1;0;0;0;0;1;0;1;-28,893971;-52,407785;SPRF-RS;DEL04-RS;UOP03-DEL04-RS
620218;22/05/2024;quarta-feira;05:15:00;MG;40;490,1;ESMERALDAS;Demais falhas mecânicas ou elétricas;Saída de leito carroçável;Com Vítimas Feridas;Amanhecer;Crescente;Céu Claro;Dupla;"Declive;Curva";Não;3;0;3;0;0;0;3;1;-19,61998768;-44,20673771;SPRF-MG;DEL02-MG;UOP01-DEL02-MG
620220;10/08/2024;sábado;01:15:00;BA;367;40,3;PORTO SEGURO;Animais na Pista;Atropelamento de Animal;Com Vítimas Feridas;Plena Noite;Decrescente;Céu Claro;Simples;Reta;Não;1;0;1;0;0;0;1;1;-16,38667547;-39,20954904;SPRF-BA;DEL09-BA;UOP03-DEL09-BA
620221;10/08/2024;sábado;02:05:00;SP;153;33,9;NOVA GRANADA;Ausência de reação do condutor;Saída de leito carroçável;Com Vítimas Feridas;Plena Noite;Decrescente;Garoa/Chuvisco;Simples;Reta;Não;2;0;2;0;0;0;2;1;-20,56326998;-49,32052397;SPRF-SP;DEL09-SP;UOP01-DEL09-SP
620222;10/08/2024;sábado;02:30:00;ES;101;145,8;LINHARES;Velocidade Incompatível;Colisão lateral mesmo sentido;Com Vítimas Feridas;Plena Noite;Crescente;Céu Claro;Dupla;Reta;Sim;2;0;0;1;1;0;1;2;-19,36990998;-40,06560718;SPRF-ES;DEL04-ES;UOP01-DEL04-ES
620223;10/08/2024;sábado;02:45:00;SP;101;47;UBATUBA;Chuva;Saída de leito carroçável;Com Vítimas Feridas;Plena Noite;Crescente;Chuva;Simples;Reta;Sim;1;0;1;0;0;0;1;1;-23,429897;-45,082436;SPRF-SP;DEL06-SP;UOP01-DEL06-SP
620224;10/08/2024;sábado;02:27:00;SP;116;47;CANAS;Reação tardia ou ineficiente do condutor;Colisão traseira;Com Vítimas Feridas;Plena Noite;Decrescente;Nublado;Dupla;Reta;Não;4;0;1;0;3;0;1;2;-22,71946606;-45,06109596;SPRF-SP;DEL08-SP;UOP02-DEL08-SP
620225;10/08/2024;sábado;02:50:00;RS;392;622;SANTO ANGELO;Ausência de reação do condutor;Saída de leito carroçável;Com Vítimas Feridas;Plena Noite;Crescente;Céu Claro;Simples;Curva;Não;1;0;1;0;0;0;1;1;-28,17840853;-54,36301231;SPRF-RS;DEL10-RS;UOP01-DEL10-RS
620226;10/08/2024;sábado;02:00:00;MS;163;708;RIO VERDE DE MATO GROSSO;Condutor Dormindo;Capotamento;Com Vítimas Feridas;Plena Noite;Crescente;Céu Claro;Simples;"Declive;Reta";Não;1;0;1;0;0;0;1;1;-18,68713905;-54,81543286;SPRF-MS;DEL06-MS;UOP01-DEL06-MS
620227;10/08/2024;sábado;01:30:00;PR;373;477,8;CORONEL VIVIDA;Ingestão de álcool pelo condutor;Colisão frontal;Com Vítimas Feridas;Plena Noite;Crescente;Céu Claro;Simples;Reta;Sim;2;0;1;0;1;0;1;2;-25,96797377;-52,52685308;SPRF-PR;DEL02-PR;UOP01-DEL02-PR
620228;10/08/2024;sábado;02:10:00;MS;60;424,2;SIDROLANDIA;Ausência de reação do condutor;Colisão frontal;Com Vítimas Feridas;Plena Noite;Crescente;Céu Claro;Simples;Reta;Sim;6;0;1;1;4;0;2;2;-20,92148821;-54,9522437;SPRF-MS;DEL01-MS;UOP04-DEL01-MS
620229;10/08/2024;sábado;00:30:00;PR;376;639;TIJUCAS DO SUL;Condutor deixou de manter distância do veículo da frente;Colisão traseira;Com Vítimas Feridas;Plena Noite;Crescente;Chuva;Dupla;Reta;Não;2;0;1;0;1;0;1;2;-25,77360113;-49,12143434;SPRF-PR;DEL01-PR;UOP04-DEL01-PR
620230;10/08/2024;sábado;02:28:00;GO;70;11;AGUAS LINDAS DE GOIAS;Ausência de reação do condutor;Saída de leito carroçável;Com Vítimas Feridas;Pleno dia;Decrescente;Céu Claro;Dupla;Reta;Sim;1;0;1;0;0;0;1;1;-15,73877614;-48,30124288;SPRF-DF;DEL03-DF;UOP02-DEL03-DF
620231;10/08/2024;sábado;03:00:00;PR;376;262;CALIFORNIA;Reação tardia ou ineficiente do condutor;Tombamento;Com Vítimas Feridas;Plena Noite;Crescente;Nublado;Dupla;Curva;Não;1;0;1;0;0;0;1;1;-23,71590684;-51,31665496;SPRF-PR;DEL07-PR;UOP03-DEL07-PR
620232;10/08/2024;sábado;04:00:00;MG;381;885,2;CAMBUI;Velocidade Incompatível;Saída de leito carroçável;Com Vítimas Feridas;Plena Noite;Decrescente;Chuva;Dupla;Curva;Não;1;0;1;0;0;0;1;1;-22,54388201;-46,03875199;SPRF-MG;DEL16-MG;UOP03-DEL16-MG
620233;10/08/2024;sábado;03:30:00;RS;290;81;GRAVATAI;Ausência de reação do condutor;Saída de leito carroçável;Sem Vítimas;Plena Noite;Decrescente;Céu Claro;Simples;Curva;Sim;1;0;0;0;0;1;0;1;-29,95417884;-51,06096089;SPRF-RS;DEL01-RS;UOP01-DEL01-RS
620234;09/08/2024;sexta-feira;21:50:00;RR;174;315;CARACARAI;Reação tardia ou ineficiente do condutor;Saída de leito carroçável;Com Vítimas Feridas;Plena Noite;Decrescente;Céu Claro;Simples;Reta;Não;4;0;4;0;0;0;4;1;1,484927;-60,913666;SPRF-RR;DEL01-RR;UOP01-DEL01-RR
620235;10/08/2024;sábado;03:40:00;DF;70;7,9;BRASILIA;Ausência de reação do condutor;Colisão com objeto;Sem Vítimas;Plena Noite;Decrescente;Céu Claro;Dupla;Reta;Sim;1;0;0;0;0;1;0;1;-15,787601;-48,114429;SPRF-DF;DEL03-DF;UOP02-DEL03-DF
620236;10/08/2024;sábado;03:00:00;SC;282;357;CAMPOS NOVOS;Velocidade Incompatível;Saída de leito carroçável;Com Vítimas Feridas;Plena Noite;Decrescente;Céu Claro;Simples;Curva;Não;2;0;1;0;1;0;1;1;-27,335176;-51,346149;SPRF-SC;DEL07-SC;UOP05-DEL07-SC
620237;10/08/2024;sábado;04:15:00;MG;40;517;RIBEIRAO DAS NEVES;Reação tardia ou ineficiente do condutor;Queda de ocupante de veículo;Com Vítimas Feridas;Amanhecer;Decrescente;Céu Claro;Dupla;Curva;Não;1;0;1;0;0;0;1;1;-19,82351202;-44,08438913;SPRF-MG;DEL01-MG;UOP02-DEL01-MG
620238;10/08/2024;sábado;02:50:00;MS;267;118;NOVA ANDRADINA;Condutor deixou de manter distância do veículo da frente;Colisão traseira;Com Vítimas Feridas;Plena Noite;Crescente;Nublado;Simples;Reta;Não;2;0;1;0;0;1;1;2;-21,774891;-53,199715;SPRF-MS;DEL02-MS;UOP03-DEL02-MS
620239;10/08/2024;sábado;04:10:00;SP;116;60;GUARATINGUETA;Manobra de mudança de faixa;Colisão com objeto;Com Vítimas Feridas;Plena Noite;Crescente;Chuva;Dupla;Reta;Sim;4;0;1;1;2;0;2;1;-22,79106843;-45,16105167;SPRF-SP;DEL08-SP;UOP01-DEL08-SP
620240;10/08/2024;sábado;05:00:00;MG;381;351;JOAO MONLEVADE;Mal súbito do condutor;Colisão frontal;Com Vítimas Feridas;Plena Noite;Crescente;Céu Claro;Simples;Reta;Não;3;0;1;0;2;0;1;2;-19,84644336;-43,16611234;SPRF-MG;DEL03-MG;UOP01-DEL03-MG
620241;10/08/2024;sábado;01:00:00;SC;101;131,7;BALNEARIO CAMBORIU;Reação tardia ou ineficiente do condutor;Tombamento;Com Vítimas Feridas;Plena Noite;Crescente;Céu Claro;Múltipla;Reta;Sim;2;0;0;2;0;0;2;1;-26,99064209;-48,66310912;SPRF-SC;DEL04-SC;UOP03-DEL04-SC
620242;10/08/2024;sábado;04:21:00;DF;20;39;BRASILIA;Ausência de reação do condutor;Capotamento;Sem Vítimas;Anoitecer;Crescente;Céu Claro;Dupla;Declive;Não;1;0;0;0;0;1;0;1;-15,581864;-47,521973;SPRF-DF;DEL02-DF;UOP01-DEL02-DF
620243;10/08/2024;sábado;05:00:00;SC;101;216;PALHOCA;Reação tardia ou ineficiente do condutor;Saída de leito carroçável;Sem Vítimas;Plena Noite;Crescente;Nublado;Múltipla;Reta;Sim;1;0;0;0;0;1;0;1;-27,65981409;-48,67747798;SPRF-SC;DEL01-SC;UOP02-DEL01-SC
620245;10/08/2024;sábado;05:15:00;SC;101;193,5;BIGUACU;Acumulo de areia ou detritos sobre o pavimento;Queda de ocupante de veículo;Com Vítimas Feridas;Plena Noite;Decrescente;Céu Claro;Múltipla;Curva;Sim;2;0;2;0;0;0;2;1;-27,489574;-48,655914;SPRF-SC;DEL01-SC;UOP01-DEL01-SC
620248;10/08/2024;sábado;06:05:00;TO;153;154;ARAGUAINA;Reação tardia ou ineficiente do condutor;Colisão com objeto;Sem Vítimas;Amanhecer;Crescente;Céu Claro;Simples;Ponte;Não;1;0;0;0;0;1;0;1;-7,27973969;-48,27188825;SPRF-TO;DEL02-TO;UOP01-DEL02-TO
620250;10/08/2024;sábado;06:00:00;GO;20;177;ALVORADA DO NORTE;Acessar a via sem observar a presença dos outros veículos;Colisão lateral mesmo sentido;Sem Vítimas;Pleno dia;Decrescente;Céu Claro;Simples;Reta;Sim;3;0;0;0;3;0;0;2;-14,498608;-46,510159;SPRF-DF;DEL02-DF;UOP03-DEL02-DF
620251;10/08/2024;sábado;06:35:00;MG;40;524;CONTAGEM;Acessar a via sem observar a presença dos outros veículos;Atropelamento de Pedestre;Com Vítimas Feridas;Amanhecer;Crescente;Céu Claro;Dupla;Reta;Sim;2;0;1;0;1;0;1;2;-19,8754469;-44,05345586;SPRF-MG;DEL01-MG;UOP02-DEL01-MG
620252;18/05/2024;sábado;10:20:00;RJ;101;300;SAO GONCALO;Entrada inopinada do pedestre;Atropelamento de Pedestre;Com Vítimas Feridas;Pleno dia;Decrescente;Céu Claro;Simples;Reta;Sim;2;0;1;1;0;0;2;2;-22,77645713;-42,94783697;SPRF-RJ;DEL02-RJ;UOP02-DEL02-RJ
620254;10/08/2024;sábado;05:20:00;SC;101;276;IMBITUBA;Ingestão de álcool pelo condutor;Colisão com objeto;Com Vítimas Feridas;Plena Noite;Decrescente;Céu Claro;Dupla;Reta;Não;1;0;1;0;0;0;1;1;-28,14644701;-48,69204746;SPRF-SC;DEL02-SC;UOP03-DEL02-SC
620255;03/06/2024;segunda-feira;08:10:00;RJ;101;310;SAO GONCALO;Ausência de reação do condutor;Colisão traseira;Com Vítimas Feridas;Pleno dia;Crescente;Céu Claro;Dupla;Reta;Sim;2;0;0;1;0;1;1;2;-22,79717023;-43,04404993;SPRF-RJ;DEL02-RJ;UOP02-DEL02-RJ
620260;10/08/2024;sábado;04:40:00;SP;459;20,5;LORENA;Ausência de reação do condutor;Colisão frontal;Sem Vítimas;Plena Noite;Decrescente;Chuva;Simples;Curva;Não;2;0;0;0;1;1;0;2;-22,646566;-45,144917;SPRF-SP;DEL08-SP;UOP02-DEL08-SP
620261;10/08/2024;sábado;04:50:00;BA;410;19;RIBEIRA DO POMBAL;Demais falhas mecânicas ou elétricas;Incêndio;Sem Vítimas;Pleno dia;Crescente;Céu Claro;Simples;Reta;Não;1;0;0;0;1;0;0;1;-10,86297847;-38,60870361;SPRF-BA;DEL07-BA;UOP02-DEL07-BA
620262;10/08/2024;sábado;06:20:00;SC;101;28,7;JOINVILLE;Velocidade Incompatível;Colisão com objeto;Sem Vítimas;Amanhecer;Crescente;Céu Claro;Dupla;Reta;Não;1;0;0;0;0;1;0;1;-26,20697505;-48,91482635;SPRF-SC;DEL03-SC;UOP01-DEL03-SC
620263;09/08/2024;sexta-feira;23:00:00;RJ;393;242;VASSOURAS;Demais falhas mecânicas ou elétricas;Incêndio;Sem Vítimas;Plena Noite;Crescente;Chuva;Simples;Reta;Não;1;0;0;0;0;1;0;1;-22,42556824;-43,6917998;SPRF-RJ;DEL05-RJ;UOP04-DEL05-RJ
620265;10/08/2024;sábado;02:30:00;RS;470;228;GARIBALDI;Ausência de reação do condutor;Saída de leito carroçável;Sem Vítimas;Plena Noite;Crescente;Garoa/Chuvisco;Simples;Reta;Não;1;0;0;0;1;0;0;1;-29,26748868;-51,49975777;SPRF-RS;DEL06-RS;UOP01-DEL06-RS
620266;10/08/2024;sábado;07:00:00;GO;60;198;GUAPO;Condutor Dormindo;Saída de leito carroçável;Sem Vítimas;Amanhecer;Decrescente;Nublado;Dupla;"Aclive;Reta";Não;1;0;0;0;0;1;0;1;-16,8596;-49,6031;SPRF-GO;DEL01-GO;UOP02-DEL01-GO
620269;10/08/2024;sábado;06:57:00;MG;381;486,1;BETIM;Condutor deixou de manter distância do veículo da frente;Colisão traseira;Com Vítimas Feridas;Pleno dia;Crescente;Céu Claro;Dupla;Reta;Não;2;0;1;0;0;1;1;2;-19,95644414;-44,13611598;SPRF-MG;DEL01-MG;UOP03-DEL01-MG
620270;09/08/2024;sexta-feira;17:40:00;BA;110;204;CIPO;Ingestão de álcool pelo condutor;Colisão transversal;Com Vítimas Feridas;Anoitecer;Crescente;Céu Claro;Simples;"Reta;Interseção de Vias";Sim;3;0;3;0;0;0;3;2;-11,14211791;-38,51257471;SPRF-BA;DEL07-BA;UOP02-DEL07-BA
620271;10/08/2024;sábado;06:00:00;PR;277;588;CASCAVEL;Transitar na contramão;Colisão lateral sentido oposto;Sem Vítimas;Amanhecer;Crescente;Céu Claro;Simples;Reta;Sim;3;0;0;0;2;1;0;3;-24,97369293;-53,43816604;SPRF-PR;DEL04-PR;UOP01-DEL04-PR
620274;10/08/2024;sábado;06:30:00;MG;365;18,9;MONTES CLAROS;Condutor deixou de manter distância do veículo da frente;Colisão traseira;Com Vítimas Feridas;Pleno dia;Crescente;Sol;Simples;Reta;Não;3;0;0;2;1;0;2;2;-16,87824584;-44,00270102;SPRF-MG;DEL12-MG;UOP01-DEL12-MG
620275;10/08/2024;sábado;07:30:00;SC;101;161,2;TIJUCAS;Ingestão de álcool pelo condutor;Colisão com objeto;Com Vítimas Feridas;Pleno dia;Crescente;Céu Claro;Múltipla;Curva;Sim;1;0;1;0;0;0;1;1;-27,21673911;-48,6244238;SPRF-SC;DEL04-SC;UOP03-DEL04-SC
620279;10/08/2024;sábado;06:00:00;MG;381;903,5;CAMBUI;Curva acentuada;Capotamento;Com Vítimas Feridas;Pleno dia;Decrescente;Chuva;Dupla;Curva;Não;3;0;1;0;2;0;1;3;-22,68185904;-46,10140424;SPRF-MG;DEL16-MG;UOP03-DEL16-MG
620280;10/08/2024;sábado;08:25:00;AL;101;138;SAO MIGUEL DOS CAMPOS;Acessar a via sem observar a presença dos outros veículos;Colisão transversal;Com Vítimas Feridas;Pleno dia;Crescente;Céu Claro;Simples;"Interseção de Vias;Desvio Temporário;Reta";Sim;3;0;2;0;1;0;2;2;-9,80975158;-36,11701903;SPRF-AL;DEL02-AL;UOP01-DEL02-AL
620282;10/08/2024;sábado;08:20:00;RS;448;0;SAPUCAIA DO SUL;Ingestão de álcool pelo condutor;Saída de leito carroçável;Sem Vítimas;Pleno dia;Crescente;Céu Claro;Dupla;"Curva;Viaduto";Sim;1;0;0;0;0;1;0;1;-29,82682305;-51,17387652;SPRF-RS;DEL01-RS;UOP02-DEL01-RS
620284;10/08/2024;sábado;08:10:00;CE;116;28;ITAITINGA;Manobra de mudança de faixa;Colisão lateral mesmo sentido;Com Vítimas Feridas;Pleno dia;Crescente;Céu Claro;Múltipla;Reta;Não;2;0;2;0;0;0;2;2;-3,993072;-38,516277;SPRF-CE;DEL01-CE;UOP02-DEL01-CE
620285;10/08/2024;sábado;07:30:00;SP;488;1;APARECIDA;Reação tardia ou ineficiente do condutor;Atropelamento de Pedestre;Com Vítimas Feridas;Pleno dia;Crescente;Chuva;Simples;Retorno Regulamentado;Sim;2;0;1;0;0;1;1;2;-22,850164;-45,231808;SPRF-SP;DEL08-SP;UOP01-DEL08-SP
620286;10/08/2024;sábado;08:10:00;DF;20;9;BRASILIA;Reação tardia ou ineficiente do condutor;Saída de leito carroçável;Com Vítimas Feridas;Pleno dia;Decrescente;Sol;Dupla;"Reta;Em Obras";Sim;2;0;1;0;1;0;1;2;-15,654671;-47,782917;SPRF-DF;DEL02-DF;UOP01-DEL02-DF
620287;10/08/2024;sábado;08:08:00;CE;116;104;MORADA NOVA;Acessar a via sem observar a presença dos outros veículos;Colisão transversal;Com Vítimas Feridas;Pleno dia;Crescente;Céu Claro;Simples;Reta;Não;3;0;0;1;2;0;1;2;-4,54438934;-38,29099322;SPRF-CE;DEL03-CE;UOP02-DEL03-CE
620288;10/08/2024;sábado;08:10:00;PR;476;145,5;CURITIBA;Avarias e/ou desgaste excessivo no pneu;Saída de leito carroçável;Com Vítimas Feridas;Pleno dia;Decrescente;Céu Claro;Dupla;Reta;Não;2;0;2;0;0;0;2;1;-25,547749;-49,32095;SPRF-PR;DEL01-PR;UOP06-DEL01-PR
620290;10/08/2024;sábado;08:49:00;PE;232;6;RECIFE;Avarias e/ou desgaste excessivo no pneu;Tombamento;Com Vítimas Feridas;Pleno dia;Decrescente;Céu Claro;Dupla;Reta;Sim;2;0;2;0;0;0;2;1;-8,07079525;-34,9535389;SPRF-PE;DEL01-PE;UOP01-DEL01-PE
620291;10/08/2024;sábado;04:30:00;RO;364;149,3;PIMENTA BUENO;Velocidade Incompatível;Saída de leito carroçável;Com Vítimas Feridas;Plena Noite;Decrescente;Céu Claro;Simples;"Reta;Declive";Não;2;0;2;0;0;0;2;1;-12,002496;-60,928237;SPRF-RO;DEL02-RO;UOP02-DEL02-RO
620293;10/08/2024;sábado;08:40:00;SP;116;363;MIRACATU;Chuva;Capotamento;Com Vítimas Feridas;Pleno dia;Crescente;Chuva;Dupla;Curva;Não;1;0;1;0;0;0;1;1;-24,13038097;-47,27114281;SPRF-SP;DEL04-SP;UOP02-DEL04-SP
620296;10/08/2024;sábado;07:50:00;PE;428;162,1;PETROLINA;Acessar a via sem observar a presença dos outros veículos;Colisão transversal;Com Vítimas Feridas;Pleno dia;Decrescente;Céu Claro;Simples;Reta;Não;2;0;0;1;1;0;1;2;-9,16269207;-40,36612188;SPRF-PE;DEL06-PE;UOP01-DEL06-PE
620298;10/08/2024;sábado;09:50:00;MG;381;722;CARMO DA CACHOEIRA;Chuva;Colisão com objeto;Sem Vítimas;Pleno dia;Decrescente;Garoa/Chuvisco;Dupla;Curva;Não;1;0;0;0;1;0;0;1;-21,47729514;-45,20207819;SPRF-MG;DEL04-MG;UOP02-DEL04-MG
620301;10/08/2024;sábado;07:30:00;MA;316;264;SANTA INES;Reação tardia ou ineficiente do condutor;Colisão traseira;Com Vítimas Feridas;Pleno dia;Decrescente;Céu Claro;Simples;"Em Obras;Curva";Sim;2;0;0;1;0;1;1;2;-3,673308;-45,3655;SPRF-MA;DEL02-MA;UOP01-DEL02-MA
620304;10/08/2024;sábado;10:00:00;RJ;116;214;SEROPEDICA;Acumulo de água sobre o pavimento;Saída de leito carroçável;Sem Vítimas;Pleno dia;Decrescente;Chuva;Dupla;"Declive;Curva;Interseção de Vias";Não;3;0;0;0;3;0;0;1;-22,713438;-43,734085;SPRF-RJ;DEL06-RJ;UOP02-DEL06-RJ
620305;10/08/2024;sábado;08:30:00;RJ;40;24,8;TRES RIOS;Chuva;Queda de ocupante de veículo;Com Vítimas Feridas;Pleno dia;Crescente;Chuva;Dupla;"Curva;Aclive";Não;2;0;1;0;1;0;1;1;-22,13812601;-43,1592825;SPRF-RJ;DEL05-RJ;UOP02-DEL05-RJ
620307;10/08/2024;sábado;07:35:00;MG;262;13;MARTINS SOARES;Ausência de reação do condutor;Colisão traseira;Sem Vítimas;Pleno dia;Decrescente;Céu Claro;Simples;Reta;Não;6;0;0;0;6;0;0;2;-20,25771509;-41,86161294;SPRF-MG;DEL06-MG;UOP03-DEL06-MG
620308;10/08/2024;sábado;07:00:00;SC;470;260;CURITIBANOS;Velocidade Incompatível;Colisão com objeto;Com Vítimas Feridas;Pleno dia;Decrescente;Nublado;Simples;Curva;Não;1;0;1;0;0;0;1;1;-27,301584;-50,671352;SPRF-SC;DEL05-SC;UOP03-DEL05-SC
620309;10/08/2024;sábado;10:30:00;RS;116;260;CANOAS;Transitar na contramão;Queda de ocupante de veículo;Com Vítimas Feridas;Pleno dia;Crescente;Nublado;Dupla;Curva;Sim;2;0;1;0;1;0;1;2;-29,87315772;-51,18003064;SPRF-RS;DEL01-RS;UOP01-DEL01-RS
620310;10/08/2024;sábado;10:50:00;SP;381;61;MAIRIPORA;Pista Escorregadia;Colisão com objeto;Sem Vítimas;Pleno dia;Crescente;Garoa/Chuvisco;Dupla;"Curva;Declive";Não;3;0;0;0;3;0;0;3;-23,29115886;-46,57982547;SPRF-SP;DEL03-SP;UOP01-DEL03-SP
620311;10/08/2024;sábado;11:00:00;ES;101;292,1;CARIACICA;Condutor deixou de manter distância do veículo da frente;Colisão lateral sentido oposto;Com Vítimas Feridas;Pleno dia;Decrescente;Céu Claro;Múltipla;Interseção de Vias;Sim;2;0;1;0;1;0;1;2;-20,30650512;-40,39488717;SPRF-ES;DEL01-ES;UOP01-DEL01-ES
620312;10/08/2024;sábado;11:10:00;RJ;116;178;MESQUITA;Transitar no Acostamento;Colisão traseira;Com Vítimas Feridas;Pleno dia;Decrescente;Chuva;Múltipla;Reta;Não;3;0;2;0;1;0;2;2;-22,77496393;-43,40081465;SPRF-RJ;DEL06-RJ;UOP01-DEL06-RJ
620313;10/08/2024;sábado;11:10:00;SC;282;16;PALHOCA;Condutor deixou de manter distância do veículo da frente;Engavetamento;Com Vítimas Feridas;Pleno dia;Crescente;Céu Claro;Simples;Reta;Não;4;0;1;2;1;0;3;3;-27,658611;-48,681847;SPRF-SC;DEL01-SC;UOP02-DEL01-SC
620315;10/08/2024;sábado;10:30:00;MG;459;26,2;CALDAS;Conversão proibida;Colisão transversal;Com Vítimas Feridas;Pleno dia;Crescente;Garoa/Chuvisco;Simples;Curva;Não;5;0;2;0;2;1;2;3;-21,892403;-46,387428;SPRF-MG;DEL09-MG;UOP01-DEL09-MG
620316;10/08/2024;sábado;10:00:00;RS;293;26;CAPAO DO LEAO;Demais falhas mecânicas ou elétricas;Incêndio;Sem Vítimas;Pleno dia;Decrescente;Sol;Simples;Reta;Sim;1;0;0;0;1;0;0;1;-31,72936678;-52,58232197;SPRF-RS;DEL07-RS;UOP01-DEL07-RS
620317;03/06/2024;segunda-feira;06:30:00;ES;101;354,8;ANCHIETA;Ausência de reação do condutor;Colisão traseira;Com Vítimas Feridas;Pleno dia;Decrescente;Nublado;Simples;Ponte;Não;2;0;1;0;0;1;1;2;-20,68448741;-40,67131406;SPRF-ES;DEL03-ES;UOP01-DEL03-ES
620318;10/08/2024;sábado;09:00:00;MG;381;937,5;EXTREMA;Velocidade Incompatível;Colisão com objeto;Com Vítimas Feridas;Pleno dia;Decrescente;Chuva;Dupla;Curva;Não;2;0;2;0;0;0;2;1;-22,81182531;-46,28779767;SPRF-MG;DEL16-MG;UOP03-DEL16-MG
620319;10/08/2024;sábado;08:00:00;MG;381;929,8;EXTREMA;Velocidade Incompatível;Colisão com objeto;Com Vítimas Feridas;Pleno dia;Crescente;Chuva;Dupla;Curva;Não;1;0;1;0;0;0;1;1;-22,79911462;-46,26123692;SPRF-MG;DEL16-MG;UOP03-DEL16-MG
620320;10/08/2024;sábado;10:00:00;AL;316;103;DOIS RIACHOS;Conversão proibida;Colisão transversal;Com Vítimas Feridas;Pleno dia;Crescente;Céu Claro;Simples;Reta;Sim;2;0;0;2;0;0;2;2;-9,389313;-37,0887;SPRF-AL;DEL03-AL;UOP01-DEL03-AL
620321;10/08/2024;sábado;11:30:00;SP;116;65;GUARATINGUETA;Condutor deixou de manter distância do veículo da frente;Colisão traseira;Com Vítimas Feridas;Pleno dia;Crescente;Chuva;Múltipla;Reta;Sim;2;0;1;0;1;0;1;2;-22,823273;-45,192806;SPRF-SP;DEL08-SP;UOP01-DEL08-SP