id;data_inversa;dia_semana;horario;uf;br;km;municipio;causa_acidente;tipo_acidente;classificacao_acidente;fase_dia;sentido_via;condicao_metereologica;tipo_pista;tracado_via;uso_solo;pessoas;mortos;feridos_leves;feridos_graves;ilesos;ignorados;feridos;veiculos;latitude;longitude;regional;delegacia;uop
620323;10/08/2024;sábado;10:00:00;SC;116;3,3;MAFRA;Conversão proibida;Colisão transversal;Com Vítimas Feridas;Pleno dia;Crescente;Céu Claro;Simples;Reta;Não;2;0;1;0;1;0;1;2;-26,13073161;-49,79922442;SPRF-SC;DEL06-SC;UOP01-DEL06-SC
620324;10/08/2024;sábado;10:40:00;PI;316;0,1;TERESINA;Condutor deixou de manter distância do veículo da frente;Colisão traseira;Com Vítimas Feridas;Pleno dia;Decrescente;Céu Claro;Simples;"Reta;Ponte";Sim;3;0;2;0;1;0;2;2;-5,13052579;-42,81294823;SPRF-PI;DEL01-PI;UOP02-DEL01-PI
620326;10/08/2024;sábado;12:00:00;DF;70;4,7;BRASILIA;Manobra de mudança de faixa;Colisão lateral mesmo sentido;Com Vítimas Feridas;Pleno dia;Decrescente;Céu Claro;Dupla;Reta;Sim;5;0;2;0;3;0;2;2;-15,798115;-48,089317;SPRF-DF;DEL03-DF;UOP02-DEL03-DF
620327;10/08/2024;sábado;12:30:00;SP;381;70;MAIRIPORA;Chuva;Colisão traseira;Com Vítimas Feridas;Pleno dia;Crescente;Chuva;Dupla;"Curva;Aclive";Não;4;0;3;0;1;0;3;2;-23,34972978;-46,56070474;SPRF-SP;DEL03-SP;UOP01-DEL03-SP
620328;10/08/2024;sábado;12:12:00;CE;222;31;CAUCAIA;Carga excessiva e/ou mal acondicionada;Colisão com objeto;Com Vítimas Feridas;Pleno dia;Decrescente;Céu Claro;Múltipla;Reta;Não;1;0;1;0;0;0;1;1;-3,71019947;-38,82872412;SPRF-CE;DEL01-CE;UOP01-DEL01-CE
620330;10/08/2024;sábado;12:33:00;GO;40;5,3;VALPARAISO DE GOIAS;Reação tardia ou ineficiente do condutor;Colisão traseira;Com Vítimas Feridas;Pleno dia;Crescente;Céu Claro;Dupla;Reta;Sim;2;0;1;0;1;0;1;2;-16,093134;-47,982236;SPRF-DF;DEL01-DF;UOP01-DEL01-DF
620331;10/08/2024;sábado;11:50:00;SC;470;61;BLUMENAU;Desrespeitar a preferência no cruzamento;Colisão transversal;Com Vítimas Feridas;Pleno dia;Crescente;Céu Claro;Simples;Retorno Regulamentado;Sim;4;0;3;0;1;0;3;2;-26,878952;-49,17421;SPRF-SC;DEL04-SC;UOP01-DEL04-SC
620333;10/08/2024;sábado;13:05:00;ES;101;269,5;SERRA;Condutor desrespeitou a iluminação vermelha do semáforo;Colisão transversal;Com Vítimas Feridas;Pleno dia;Crescente;Nublado;Dupla;Reta;Sim;2;0;1;0;1;0;1;2;-20,20842;-40,269405;SPRF-ES;DEL02-ES;UOP01-DEL02-ES
620336;10/08/2024;sábado;12:55:00;MS;163;256;DOURADOS;Desrespeitar a preferência no cruzamento;Colisão transversal;Com Vítimas Feridas;Pleno dia;Crescente;Céu Claro;Dupla;Rotatória;Sim;3;0;1;1;1;0;2;2;-22,258688;-54,804028;SPRF-MS;DEL04-MS;UOP01-DEL04-MS
620337;10/08/2024;sábado;12:50:00;MG;381;782,8;CAMPANHA;Ausência de reação do condutor;Saída de leito carroçável;Com Vítimas Feridas;Pleno dia;Crescente;Chuva;Dupla;Curva;Não;1;0;1;0;0;0;1;1;-21,85981403;-45,52590597;SPRF-MG;DEL16-MG;UOP02-DEL16-MG
620338;10/08/2024;sábado;12:00:00;SP;381;12,2;BRAGANCA PAULISTA;Reação tardia ou ineficiente do condutor;Saída de leito carroçável;Com Vítimas Feridas;Pleno dia;Decrescente;Chuva;Dupla;Curva;Não;1;0;1;0;0;0;1;1;-22,92855105;-46,46168398;SPRF-SP;DEL03-SP;UOP02-DEL03-SP
620339;10/08/2024;sábado;13:50:00;MG;40;749,3;SANTOS DUMONT;Chuva;Saída de leito carroçável;Com Vítimas Feridas;Pleno dia;Crescente;Garoa/Chuvisco;Simples;Curva;Não;2;0;1;0;1;0;1;1;-21,447874;-43,55738803;SPRF-MG;DEL05-MG;UOP01-DEL05-MG
620340;10/08/2024;sábado;13:40:00;RS;470;221;GARIBALDI;Acessar a via sem observar a presença dos outros veículos;Colisão traseira;Sem Vítimas;Pleno dia;Crescente;Nublado;Simples;"Interseção de Vias;Reta";Sim;2;0;0;0;2;0;0;2;-29,19516365;-51,51950463;SPRF-RS;DEL06-RS;UOP01-DEL06-RS
620341;10/08/2024;sábado;13:18:00;SC;470;65;INDAIAL;Condutor deixou de manter distância do veículo da frente;Colisão traseira;Com Vítimas Feridas;Pleno dia;Decrescente;Céu Claro;Simples;Reta;Não;2;0;1;0;1;0;1;2;-26,870411;-49,211864;SPRF-SC;DEL04-SC;UOP01-DEL04-SC
620342;13/07/2024;sábado;19:00:00;SC;101;331;TUBARAO;Chuva;Colisão lateral mesmo sentido;Com Vítimas Feridas;Plena Noite;Crescente;Chuva;Dupla;Reta;Sim;2;0;1;0;0;1;1;2;-28,45115639;-48,97286879;SPRF-SC;DEL02-SC;UOP01-DEL02-SC
620343;10/08/2024;sábado;14:00:00;PE;232;4;RECIFE;Acessar a via sem observar a presença dos outros veículos;Colisão transversal;Com Vítimas Feridas;Pleno dia;Decrescente;Céu Claro;Dupla;"Reta;Interseção de Vias";Sim;3;0;2;0;1;0;2;2;-8,064968;-34,937625;SPRF-PE;DEL01-PE;UOP01-DEL01-PE
620344;10/08/2024;sábado;13:20:00;RJ;116;324;ITATIAIA;Ausência de reação do condutor;Colisão com objeto;Com Vítimas Feridas;Pleno dia;Decrescente;Chuva;Simples;Curva;Não;2;0;1;0;1;0;1;1;-22,49106419;-44,56183985;SPRF-RJ;DEL07-RJ;UOP02-DEL07-RJ
620345;10/08/2024;sábado;13:40:00;RJ;393;263;BARRA DO PIRAI;Velocidade Incompatível;Saída de leito carroçável;Com Vítimas Feridas;Pleno dia;Crescente;Chuva;Simples;Curva;Não;4;0;1;0;3;0;1;1;-22,47030537;-43,86674189;SPRF-RJ;DEL05-RJ;UOP04-DEL05-RJ
620346;10/08/2024;sábado;14:10:00;RS;116;238;NOVO HAMBURGO;Ausência de reação do condutor;Colisão com objeto;Com Vítimas Feridas;Pleno dia;Crescente;Céu Claro;Simples;Reta;Sim;1;0;1;0;0;0;1;1;-29,68739789;-51,14197352;SPRF-RS;DEL01-RS;UOP02-DEL01-RS
620348;10/08/2024;sábado;13:00:00;RJ;116;273,1;BARRA MANSA;Pista Escorregadia;Capotamento;Com Vítimas Feridas;Pleno dia;Crescente;Garoa/Chuvisco;Dupla;Curva;Sim;3;0;2;0;1;0;2;2;-22,56100142;-44,13833993;SPRF-RJ;DEL07-RJ;UOP02-DEL07-RJ
620349;10/08/2024;sábado;14:29:00;MG;381;496;BETIM;Ausência de reação do condutor;Queda de ocupante de veículo;Com Vítimas Feridas;Pleno dia;Decrescente;Céu Claro;Dupla;Reta;Não;1;0;1;0;0;0;1;1;-19,97535949;-44,19217229;SPRF-MG;DEL01-MG;UOP03-DEL01-MG
620353;10/08/2024;sábado;14:49:00;GO;40;132;CRISTALINA;Velocidade Incompatível;Saída de leito carroçável;Com Vítimas Fatais;Pleno dia;Crescente;Céu Claro;Dupla;"Reta;Declive";Não;1;1;0;0;0;0;0;1;-16,925474;-47,34287;SPRF-DF;DEL01-DF;UOP02-DEL01-DF
620354;10/08/2024;sábado;14:20:00;RS;293;338,8;SANTANA DO LIVRAMENTO;Demais falhas mecânicas ou elétricas;Incêndio;Sem Vítimas;Pleno dia;Decrescente;Céu Claro;Simples;Reta;Sim;1;0;0;0;0;1;0;1;-30,85261718;-55,51415904;SPRF-RS;DEL11-RS;UOP01-DEL11-RS
620357;10/08/2024;sábado;14:30:00;PR;373;270;PRUDENTOPOLIS;Acessar a via sem observar a presença dos outros veículos;Colisão transversal;Com Vítimas Feridas;Pleno dia;Decrescente;Céu Claro;Simples;"Aclive;Reta";Não;4;0;1;0;3;0;1;2;-25,22883344;-51,03210758;SPRF-PR;DEL08-PR;UOP01-DEL08-PR
620358;10/08/2024;sábado;14:30:00;MG;40;727,4;OLIVEIRA FORTES;Chuva;Saída de leito carroçável;Com Vítimas Feridas;Pleno dia;Decrescente;Chuva;Dupla;"Aclive;Curva";Não;2;0;1;0;1;0;1;1;-21,31092563;-43,6035347;SPRF-MG;DEL05-MG;UOP01-DEL05-MG
620360;10/08/2024;sábado;15:10:00;MG;116;648,6;FERVEDOURO;Curva acentuada;Colisão lateral mesmo sentido;Com Vítimas Feridas;Pleno dia;Crescente;Chuva;Simples;Curva;Não;2;0;2;0;0;0;2;2;-20,71451338;-42,28246093;SPRF-MG;DEL07-MG;UOP02-DEL07-MG
620361;10/08/2024;sábado;15:00:00;CE;116;5;FORTALEZA;Condutor deixou de manter distância do veículo da frente;Colisão traseira;Sem Vítimas;Pleno dia;Decrescente;Céu Claro;Dupla;"Declive;Curva";Não;2;0;0;0;2;0;0;2;-3,79467116;-38,50772734;SPRF-CE;DEL01-CE;UOP02-DEL01-CE
620362;10/08/2024;sábado;15:30:00;SC;153;99;CONCORDIA;Acessar a via sem observar a presença dos outros veículos;Colisão transversal;Com Vítimas Feridas;Pleno dia;Crescente;Céu Claro;Simples;Reta;Sim;2;0;1;0;1;0;1;2;-27,235508;-51,951069;SPRF-SC;DEL07-SC;UOP04-DEL07-SC
620363;10/08/2024;sábado;09:00:00;BA;101;269,8;LAJE;Ultrapassagem Indevida;Colisão frontal;Com Vítimas Feridas;Pleno dia;Crescente;Céu Claro;Simples;"Curva;Em Obras";Não;3;0;3;0;0;0;3;2;-13,11564207;-39,2877458;SPRF-BA;DEL01-BA;UOP02-DEL01-BA
620365;10/08/2024;sábado;12:46:00;MT;70;521;VARZEA GRANDE;Conversão proibida;Colisão transversal;Com Vítimas Feridas;Pleno dia;Crescente;Céu Claro;Simples;"Reta;Interseção de Vias";Sim;2;0;1;1;0;0;2;2;-15,6673234;-56,1822668;SPRF-MT;DEL01-MT;UOP02-DEL01-MT
620367;10/08/2024;sábado;10:40:00;PR;277;6,9;PARANAGUA;Ausência de reação do condutor;Tombamento;Com Vítimas Feridas;Pleno dia;Decrescente;Sol;Dupla;"Interseção de Vias;Reta";Não;1;0;1;0;0;0;1;1;-25,56149072;-48,58529806;SPRF-PR;DEL01-PR;UOP05-DEL01-PR
620368;10/08/2024;sábado;15:45:00;RJ;40;34;TRES RIOS;Velocidade Incompatível;Colisão com objeto;Com Vítimas Feridas;Pleno dia;Decrescente;Chuva;Dupla;Curva;Não;3;0;2;0;1;0;2;1;-22,20122568;-43,14116761;SPRF-RJ;DEL05-RJ;UOP02-DEL05-RJ
620373;10/08/2024;sábado;15:50:00;ES;101;23;CONCEICAO DA BARRA;Ingestão de álcool pelo condutor;Colisão transversal;Com Vítimas Feridas;Pleno dia;Crescente;Céu Claro;Simples;Reta;Não;2;0;1;0;1;0;1;2;-18,35114403;-39,95691507;SPRF-ES;DEL04-ES;UOP02-DEL04-ES
620374;10/08/2024;sábado;15:40:00;BA;116;11,9;VITORIA DA CONQUISTA;Acessar a via sem observar a presença dos outros veículos;Colisão transversal;Com Vítimas Feridas;Pleno dia;Decrescente;Sol;Simples;Reta;Sim;2;0;1;0;1;0;1;2;-14,87652;-40,87187;SPRF-BA;DEL08-BA;UOP01-DEL08-BA
620376;10/08/2024;sábado;14:58:00;ES;101;372,3;ICONHA;Reação tardia ou ineficiente do condutor;Colisão com objeto;Com Vítimas Feridas;Pleno dia;Crescente;Garoa/Chuvisco;Simples;Curva;Não;3;0;2;0;0;1;2;2;-20,77215419;-40,77695658;SPRF-ES;DEL03-ES;UOP01-DEL03-ES
620379;10/08/2024;sábado;16:20:00;RJ;40;13;TRES RIOS;Velocidade Incompatível;Queda de ocupante de veículo;Com Vítimas Feridas;Pleno dia;Decrescente;Chuva;Dupla;Curva;Não;1;0;1;0;0;0;1;1;-22,06389311;-43,19613917;SPRF-RJ;DEL05-RJ;UOP02-DEL05-RJ
620380;10/08/2024;sábado;16:28:00;ES;101;205;JOAO NEIVA;Acessar a via sem observar a presença dos outros veículos;Colisão lateral mesmo sentido;Com Vítimas Feridas;Pleno dia;Crescente;Nublado;Simples;Reta;Não;2;0;1;0;1;0;1;2;-19,75823196;-40,3795009;SPRF-ES;DEL02-ES;UOP01-DEL02-ES
620382;10/08/2024;sábado;17:20:00;BA;324;514;FEIRA DE SANTANA;Ingestão de álcool pelo condutor;Queda de ocupante de veículo;Com Vítimas Feridas;Pleno dia;Decrescente;Céu Claro;Simples;Reta;Sim;1;0;1;0;0;0;1;1;-12,23229233;-38,95215305;SPRF-BA;DEL02-BA;UOP01-DEL02-BA
620383;10/08/2024;sábado;12:50:00;MG;381;727;CARMO DA CACHOEIRA;Reação tardia ou ineficiente do condutor;Colisão com objeto;Com Vítimas Feridas;Pleno dia;Crescente;Nublado;Dupla;Curva;Não;3;0;1;0;2;0;1;1;-21,51583943;-45,22069256;SPRF-MG;DEL04-MG;UOP02-DEL04-MG
620384;10/08/2024;sábado;16:55:00;MG;40;618,7;CONGONHAS;Reação tardia ou ineficiente do condutor;Colisão traseira;Com Vítimas Feridas;Pleno dia;Decrescente;Nublado;Simples;Reta;Não;7;0;1;0;6;0;1;2;-20,57324038;-43,81272708;SPRF-MG;DEL05-MG;UOP02-DEL05-MG
620385;10/08/2024;sábado;16:20:00;PB;230;464;SOUSA;Ultrapassagem Indevida;Colisão lateral mesmo sentido;Com Vítimas Feridas;Pleno dia;Decrescente;Céu Claro;Simples;Reta;Sim;2;0;1;0;1;0;1;2;-6,7786;-38,2341;SPRF-PB;DEL03-PB;UOP03-DEL03-PB
620387;10/08/2024;sábado;10:40:00;BA;324;526;FEIRA DE SANTANA;Acessar a via sem observar a presença dos outros veículos;Colisão transversal;Com Vítimas Feridas;Pleno dia;Crescente;Sol;Dupla;"Reta;Interseção de Vias";Não;2;0;1;0;1;0;1;2;-12,30639712;-38,89051509;SPRF-BA;DEL01-BA;UOP03-DEL01-BA
620388;10/08/2024;sábado;17:12:00;SC;282;3,5;FLORIANOPOLIS;Velocidade Incompatível;Colisão transversal;Com Vítimas Feridas;Anoitecer;Crescente;Céu Claro;Dupla;Reta;Sim;4;0;3;0;1;0;3;3;-27,600384;-48,599705;SPRF-SC;DEL01-SC;UOP01-DEL01-SC
620391;10/08/2024;sábado;18:00:00;GO;60;392;RIO VERDE;Entrada inopinada do pedestre;Atropelamento de Pedestre;Com Vítimas Feridas;Pleno dia;Crescente;Céu Claro;Dupla;Reta;Sim;2;0;0;1;1;0;1;2;-17,8266;-50,9789;SPRF-GO;DEL04-GO;UOP02-DEL04-GO
620393;10/08/2024;sábado;18:20:00;DF;20;4;BRASILIA;Reação tardia ou ineficiente do condutor;Colisão transversal;Com Vítimas Feridas;Plena Noite;Decrescente;Céu Claro;Dupla;"Retorno Regulamentado;Reta";Sim;7;0;1;1;5;0;2;2;-15,66752354;-47,81156659;SPRF-DF;DEL02-DF;UOP01-DEL02-DF
620395;10/08/2024;sábado;16:35:00;RS;392;80;PELOTAS;Condutor Dormindo;Saída de leito carroçável;Com Vítimas Feridas;Pleno dia;Decrescente;Céu Claro;Simples;Reta;Não;1;0;1;0;0;0;1;1;-31,67630908;-52,4548941;SPRF-RS;DEL07-RS;UOP01-DEL07-RS
620396;10/08/2024;sábado;18:00:00;SC;101;207;SAO JOSE;Acessar a via sem observar a presença dos outros veículos;Colisão lateral sentido oposto;Com Vítimas Feridas;Plena Noite;Crescente;Céu Claro;Simples;"Reta;Interseção de Vias";Sim;2;0;1;0;1;0;1;2;-27,60001226;-48,6226467;SPRF-SC;DEL01-SC;UOP01-DEL01-SC
620397;10/08/2024;sábado;18:00:00;MG;40;793,5;JUIZ DE FORA;Reação tardia ou ineficiente do condutor;Colisão lateral mesmo sentido;Com Vítimas Fatais;Anoitecer;Decrescente;Chuva;Dupla;Reta;Não;2;1;0;0;0;1;0;2;-21,795576;-43,413817;SPRF-MG;DEL05-MG;UOP01-DEL05-MG
620398;10/08/2024;sábado;18:00:00;GO;60;333;ACREUNA;Ausência de reação do condutor;Saída de leito carroçável;Com Vítimas Feridas;Anoitecer;Decrescente;Céu Claro;Dupla;Reta;Não;1;0;0;1;0;0;1;1;-17,5502;-50,5451;SPRF-GO;DEL04-GO;UOP02-DEL04-GO
620399;10/08/2024;sábado;18:30:00;RS;153;45,9;ERECHIM;Conversão proibida;Colisão transversal;Com Vítimas Feridas;Plena Noite;Decrescente;Céu Claro;Simples;"Reta;Aclive";Sim;3;0;1;0;2;0;1;3;-27,63331498;-52,23643899;SPRF-RS;DEL08-RS;UOP04-DEL08-RS
620400;10/08/2024;sábado;18:25:00;RJ;101;389;RIO DE JANEIRO;Velocidade Incompatível;Colisão lateral mesmo sentido;Com Vítimas Feridas;Plena Noite;Decrescente;Garoa/Chuvisco;Simples;Curva;Não;2;0;1;0;1;0;1;2;-22,89077885;-43,66684705;SPRF-RJ;DEL03-RJ;UOP01-DEL03-RJ
620403;10/08/2024;sábado;17:20:00;RJ;40;72;PETROPOLIS;Pista Escorregadia;Capotamento;Com Vítimas Feridas;Anoitecer;Decrescente;Nevoeiro/Neblina;Dupla;"Curva;Declive";Sim;2;0;1;0;1;0;1;1;-22,4585308;-43,21600514;SPRF-RJ;DEL01-RJ;UOP01-DEL01-RJ
620404;10/08/2024;sábado;19:05:00;MG;365;623;UBERLANDIA;Acessar a via sem observar a presença dos outros veículos;Atropelamento de Pedestre;Sem Vítimas;Plena Noite;Decrescente;Céu Claro;Dupla;Reta;Sim;2;0;0;0;1;1;0;2;-18,9100325;-48,30694985;SPRF-MG;DEL15-MG;UOP01-DEL15-MG
620407;10/08/2024;sábado;19:25:00;RS;290;149;ARROIO DOS RATOS;Animais na Pista;Atropelamento de Animal;Sem Vítimas;Plena Noite;Decrescente;Céu Claro;Simples;"Aclive;Reta";Não;1;0;0;0;1;0;0;1;-30,106575;-51,696537;SPRF-RS;DEL02-RS;UOP01-DEL02-RS
620409;09/08/2024;sexta-feira;23:20:00;BA;101;722,6;EUNAPOLIS;Reação tardia ou ineficiente do condutor;Capotamento;Com Vítimas Feridas;Plena Noite;Crescente;Nublado;Simples;"Curva;Aclive";Não;5;0;0;1;4;0;1;1;-16,411937;-39,587673;SPRF-BA;DEL09-BA;UOP01-DEL09-BA
620410;10/08/2024;sábado;17:20:00;AM;230;612,4;HUMAITA;Acessar a via sem observar a presença dos outros veículos;Colisão transversal;Com Vítimas Feridas;Pleno dia;Crescente;Céu Claro;Dupla;Interseção de Vias;Sim;2;0;1;0;1;0;1;2;-7,51114073;-63,02972299;SPRF-AM;DEL01-AM;UOP05-DEL01-AM
620411;10/08/2024;sábado;14:02:00;RO;364;336;JI-PARANA;Ausência de reação do condutor;Queda de ocupante de veículo;Com Vítimas Feridas;Pleno dia;Crescente;Sol;Dupla;Em Obras;Sim;1;0;0;1;0;0;1;1;-10,934878;-61,92951078;SPRF-RO;DEL02-RO;UOP01-DEL02-RO
620412;10/08/2024;sábado;19:00:00;RJ;101;192;CASIMIRO DE ABREU;Condutor deixou de manter distância do veículo da frente;Colisão traseira;Sem Vítimas;Plena Noite;Decrescente;Céu Claro;Múltipla;Reta;Não;2;0;0;0;2;0;0;2;-22,47314393;-42,08206801;SPRF-RJ;DEL08-RJ;UOP04-DEL08-RJ
620413;10/08/2024;sábado;16:57:00;RO;364;345;JI-PARANA;Transitar na contramão;Colisão frontal;Com Vítimas Feridas;Pleno dia;Decrescente;Céu Claro;Dupla;Reta;Sim;2;0;0;1;1;0;1;2;-10,8688113;-61,9601791;SPRF-RO;DEL02-RO;UOP01-DEL02-RO
620414;10/08/2024;sábado;19:00:00;RN;110;47,4;MOSSORO;Acessar a via sem observar a presença dos outros veículos;Colisão transversal;Com Vítimas Feridas;Plena Noite;Decrescente;Céu Claro;Simples;Reta;Sim;3;0;2;0;1;0;2;2;-5,20338376;-37,32563418;SPRF-RN;DEL04-RN;UOP01-DEL04-RN
620415;10/08/2024;sábado;18:15:00;BA;101;811;ITAMARAJU;Ausência de reação do condutor;Queda de ocupante de veículo;Com Vítimas Feridas;Plena Noite;Crescente;Céu Claro;Simples;Reta;Não;1;0;1;0;0;0;1;1;-17,045685;-39,546728;SPRF-BA;DEL09-BA;UOP02-DEL09-BA
620416;10/08/2024;sábado;19:20:00;MG;262;437,2;NOVA SERRANA;Acessar a via sem observar a presença dos outros veículos;Colisão transversal;Com Vítimas Feridas;Plena Noite;Crescente;Céu Claro;Dupla;Retorno Regulamentado;Não;2;0;1;0;1;0;1;2;-19,89280962;-44,878453;SPRF-MG;DEL08-MG;UOP03-DEL08-MG
620417;10/08/2024;sábado;20:22:00;ES;101;174;ARACRUZ;Reação tardia ou ineficiente do condutor;Colisão traseira;Com Vítimas Feridas;Plena Noite;Crescente;Vento;Simples;Reta;Sim;5;0;1;2;1;1;3;4;-19,58047007;-40,18782185;SPRF-ES;DEL04-ES;UOP01-DEL04-ES
620418;10/08/2024;sábado;14:20:00;SC;470;140;RIO DO SUL;Condutor deixou de manter distância do veículo da frente;Colisão traseira;Com Vítimas Feridas;Pleno dia;Crescente;Céu Claro;Simples;Reta;Sim;2;0;1;0;0;1;1;2;-27,174187;-49,588497;SPRF-SC;DEL04-SC;UOP02-DEL04-SC
620419;10/08/2024;sábado;17:50:00;SC;101;18,1;JOINVILLE;Reação tardia ou ineficiente do condutor;Colisão com objeto;Com Vítimas Fatais;Anoitecer;Decrescente;Nublado;Dupla;Curva;Não;2;1;0;1;0;0;1;1;-26,12915805;-48,88910651;SPRF-SC;DEL03-SC;UOP01-DEL03-SC
620420;10/08/2024;sábado;19:40:00;PA;316;36,1;SANTA IZABEL DO PARA;Transitar na contramão;Colisão frontal;Com Vítimas Feridas;Plena Noite;Crescente;Céu Claro;Dupla;Reta;Sim;3;0;1;2;0;0;3;2;-1,29009976;-48,15602469;SPRF-PA;DEL01-PA;UOP01-DEL01-PA
620423;10/08/2024;sábado;20:20:00;MG;116;540,7;SANTA RITA DE MINAS;Ingestão de álcool pelo condutor;Colisão frontal;Com Vítimas Feridas;Plena Noite;Crescente;Céu Claro;Simples;Curva;Não;2;0;2;0;0;0;2;2;-19,886814;-42,13777186;SPRF-MG;DEL06-MG;UOP02-DEL06-MG
620424;10/08/2024;sábado;16:30:00;MT;163;945;ITAUBA;Condutor deixou de manter distância do veículo da frente;Colisão traseira;Sem Vítimas;Pleno dia;Crescente;Céu Claro;Simples;Reta;Não;3;0;0;0;3;0;0;2;-11,04892504;-55,27115879;SPRF-MT;DEL06-MT;UOP02-DEL06-MT
620425;10/08/2024;sábado;21:00:00;RS;116;520,8;PELOTAS;Reação tardia ou ineficiente do condutor;Saída de leito carroçável;Com Vítimas Feridas;Plena Noite;Crescente;Céu Claro;Dupla;Viaduto;Sim;1;0;0;1;0;0;1;1;-31,70752405;-52,36800695;SPRF-RS;DEL07-RS;UOP01-DEL07-RS
620426;10/08/2024;sábado;19:15:00;RO;364;422,9;JARU;Manobra de mudança de faixa;Colisão lateral mesmo sentido;Com Vítimas Feridas;Plena Noite;Decrescente;Céu Claro;Múltipla;Reta;Sim;4;0;3;0;1;0;3;3;-10,451929;-62,46089;SPRF-RO;DEL03-RO;UOP02-DEL03-RO
620427;10/08/2024;sábado;14:30:00;SC;116;56;PAPANDUVA;Velocidade Incompatível;Queda de ocupante de veículo;Com Vítimas Feridas;Pleno dia;Crescente;Sol;Simples;Reta;Não;1;0;1;0;0;0;1;1;-26,38887295;-50,18345597;SPRF-SC;DEL06-SC;UOP02-DEL06-SC
620428;10/08/2024;sábado;20:50:00;SC;101;94,8;BARRA VELHA;Velocidade Incompatível;Colisão com objeto;Sem Vítimas;Plena Noite;Decrescente;Céu Claro;Dupla;"Aclive;Curva";Não;1;0;0;0;1;0;0;1;-26,71045048;-48,70262861;SPRF-SC;DEL03-SC;UOP02-DEL03-SC
620429;10/08/2024;sábado;19:00:00;SC;101;417,4;ARARANGUA;Iluminação deficiente;Colisão lateral mesmo sentido;Com Vítimas Feridas;Plena Noite;Crescente;Céu Claro;Múltipla;Reta;Não;2;0;1;0;0;1;1;2;-28,981896;-49,538254;SPRF-SC;DEL02-SC;UOP02-DEL02-SC
620430;10/08/2024;sábado;21:00:00;CE;116;7,2;FORTALEZA;Faixas de trânsito com largura insuficiente;Colisão lateral sentido oposto;Com Vítimas Feridas;Plena Noite;Crescente;Céu Claro;Simples;"Curva;Viaduto";Sim;3;0;2;0;1;0;2;2;-3,81073099;-38,50074867;SPRF-CE;DEL01-CE;UOP02-DEL01-CE
620431;10/08/2024;sábado;20:45:00;PR;277;659,8;MATELANDIA;Velocidade Incompatível;Saída de leito carroçável;Sem Vítimas;Plena Noite;Decrescente;Céu Claro;Dupla;"Aclive;Reta";Não;3;0;0;0;3;0;0;1;-25,251968;-53,987677;SPRF-PR;DEL05-PR;UOP02-DEL05-PR
620432;10/08/2024;sábado;19:48:00;MA;230;406;BALSAS;Retorno proibido;Colisão transversal;Sem Vítimas;Plena Noite;Decrescente;Céu Claro;Simples;Reta;Sim;2;0;0;0;2;0;0;2;-7,51971965;-46,05845601;SPRF-MA;DEL05-MA;UOP01-DEL05-MA
620433;10/08/2024;sábado;11:47:00;RN;405;151;PAU DOS FERROS;Conversão proibida;Colisão lateral mesmo sentido;Com Vítimas Feridas;Pleno dia;Crescente;Céu Claro;Simples;Reta;Não;2;0;1;0;1;0;1;2;-6,11489502;-38,20651128;SPRF-RN;DEL04-RN;UOP02-DEL04-RN
620436;10/08/2024;sábado;17:25:00;SC;282;212,1;LAGES;Ingestão de álcool pelo condutor;Colisão traseira;Com Vítimas Feridas;Pleno dia;Decrescente;Céu Claro;Simples;"Declive;Em Obras;Reta";Sim;6;0;4;0;2;0;4;4;-27,78327756;-50,25468349;SPRF-SC;DEL05-SC;UOP01-DEL05-SC
620437;10/08/2024;sábado;21:11:00;RN;101;100;PARNAMIRIM;Ingestão de álcool pelo condutor;Colisão lateral mesmo sentido;Com Vítimas Feridas;Plena Noite;Crescente;Céu Claro;Múltipla;Curva;Sim;3;0;1;0;2;0;1;3;-5,88106901;-35,22542396;SPRF-RN;DEL01-RN;UOP01-DEL01-RN
620441;10/08/2024;sábado;21:30:00;RN;406;165,6;SAO GONCALO DO AMARANTE;Curva acentuada;Saída de leito carroçável;Com Vítimas Feridas;Plena Noite;Decrescente;Céu Claro;Dupla;"Curva;Viaduto";Não;1;0;0;1;0;0;1;1;-5,74484516;-35,33420205;SPRF-RN;DEL02-RN;UOP01-DEL02-RN
620442;10/08/2024;sábado;17:15:00;PA;230;728;MEDICILANDIA;Pista esburacada;Tombamento;Com Vítimas Feridas;Pleno dia;Decrescente;Céu Claro;Simples;"Declive;Reta";Não;2;0;0;2;0;0;2;1;-3,40418433;-52,7544839;SPRF-PA;DEL04-PA;UOP01-DEL04-PA
620443;10/08/2024;sábado;19:40:00;PA;10;21,4;DOM ELISEU;Ingestão de álcool pelo condutor;Colisão traseira;Com Vítimas Feridas;Plena Noite;Decrescente;Céu Claro;Simples;"Aclive;Reta";Não;1;0;1;0;0;0;1;1;-4,26636302;-47,56070012;SPRF-PA;DEL02-PA;UOP02-DEL02-PA
620444;10/08/2024;sábado;22:20:00;RJ;101;492;ANGRA DOS REIS;Acessar a via sem observar a presença dos outros veículos;Colisão transversal;Com Vítimas Feridas;Plena Noite;Crescente;Nublado;Simples;"Interseção de Vias;Reta";Não;2;0;0;1;1;0;1;2;-22,94874989;-44,3279949;SPRF-RJ;DEL03-RJ;UOP03-DEL03-RJ