id;data_inversa;dia_semana;horario;uf;br;km;municipio;causa_acidente;tipo_acidente;classificacao_acidente;fase_dia;sentido_via;condicao_metereologica;tipo_pista;tracado_via;uso_solo;pessoas;mortos;feridos_leves;feridos_graves;ilesos;ignorados;feridos;veiculos;latitude;longitude;regional;delegacia;uop
621412;15/08/2024;quinta-feira;18:30:00;RJ;101;298;ITABORAI;Ausência de reação do condutor;Colisão lateral mesmo sentido;Com Vítimas Feridas;Pleno dia;Crescente;Céu Claro;Simples;Reta;Sim;2;0;1;0;1;0;1;2;-22,7714;-42,92896;SPRF-RJ;DEL02-RJ;UOP02-DEL02-RJ
621413;15/08/2024;quinta-feira;18:40:00;RN;304;84,2;ACU;Animais na Pista;Atropelamento de Animal;Sem Vítimas;Plena Noite;Crescente;Céu Claro;Simples;Reta;Não;2;0;0;0;2;0;0;2;-5,50085;-37,14352;SPRF-RN;DEL04-RN;UOP01-DEL04-RN
621414;15/08/2024;quinta-feira;17:45:00;RS;285;310,9;PASSO FUNDO;Reação tardia ou ineficiente do condutor;Colisão traseira;Sem Vítimas;Anoitecer;Decrescente;Céu Claro;Simples;"Aclive;Reta";Não;2;0;0;0;2;0;0;2;-28,240654;-52,54298;SPRF-RS;DEL08-RS;UOP03-DEL08-RS
621416;15/08/2024;quinta-feira;18:30:00;PI;316;22,8;TERESINA;Condutor deixou de manter distância do veículo da frente;Queda de ocupante de veículo;Com Vítimas Feridas;Plena Noite;Decrescente;Céu Claro;Dupla;Reta;Não;2;0;1;0;1;0;1;1;-5,28749214;-42,71856308;SPRF-PI;DEL01-PI;UOP02-DEL01-PI
621417;15/08/2024;quinta-feira;19:00:00;RJ;116;181;NOVA IGUACU;Condutor deixou de manter distância do veículo da frente;Colisão traseira;Com Vítimas Feridas;Plena Noite;Crescente;Céu Claro;Múltipla;Reta;Sim;2;0;0;1;1;0;1;2;-22,761312;-43,423492;SPRF-RJ;DEL06-RJ;UOP01-DEL06-RJ
621419;15/08/2024;quinta-feira;19:00:00;SP;116;168,7;JACAREI;Pedestre andava na pista;Atropelamento de Pedestre;Com Vítimas Feridas;Plena Noite;Decrescente;Céu Claro;Dupla;Declive;Sim;3;0;2;0;1;0;2;3;-23,30545902;-46,03567599;SPRF-SP;DEL02-SP;UOP01-DEL02-SP
621420;15/08/2024;quinta-feira;19:00:00;PR;163;282;QUATRO PONTES;Acessar a via sem observar a presença dos outros veículos;Atropelamento de Pedestre;Com Vítimas Feridas;Plena Noite;Crescente;Céu Claro;Simples;Reta;Sim;2;0;0;1;1;0;1;2;-24,57864514;-53,99236214;SPRF-PR;DEL06-PR;UOP02-DEL06-PR
621421;15/08/2024;quinta-feira;19:00:00;SC;101;210;SAO JOSE;Ausência de reação do condutor;Colisão lateral mesmo sentido;Com Vítimas Feridas;Plena Noite;Decrescente;Céu Claro;Múltipla;Reta;Sim;2;0;1;0;1;0;1;2;-27,6167305;-48,6457265;SPRF-SC;DEL01-SC;UOP01-DEL01-SC
621423;15/08/2024;quinta-feira;19:30:00;RS;290;124;ELDORADO DO SUL;Ausência de reação do condutor;Saída de leito carroçável;Com Vítimas Feridas;Plena Noite;Crescente;Ignorado;Simples;Reta;Não;5;0;3;0;1;1;3;2;-30,054256;-51,448662;SPRF-RS;DEL02-RS;UOP01-DEL02-RS
621424;15/08/2024;quinta-feira;19:30:00;ES;262;104;VENDA NOVA DO IMIGRANTE;Reação tardia ou ineficiente do condutor;Atropelamento de Pedestre;Com Vítimas Feridas;Plena Noite;Crescente;Céu Claro;Simples;Reta;Sim;2;0;1;1;0;0;2;2;-20,33302593;-41,12931881;SPRF-ES;DEL01-ES;UOP02-DEL01-ES
621425;15/08/2024;quinta-feira;17:50:00;CE;116;309,8;JAGUARIBE;Ultrapassagem Indevida;Colisão com objeto;Com Vítimas Feridas;Anoitecer;Crescente;Céu Claro;Simples;Reta;Não;2;0;0;1;0;1;1;2;-5,89477992;-38,61975447;SPRF-CE;DEL05-CE;UOP02-DEL05-CE
621427;15/08/2024;quinta-feira;19:35:00;CE;116;14;FORTALEZA;Transitar no Acostamento;Colisão traseira;Com Vítimas Feridas;Plena Noite;Decrescente;Céu Claro;Múltipla;Reta;Sim;2;0;1;0;1;0;1;2;-3,86973356;-38,49827361;SPRF-CE;DEL01-CE;UOP02-DEL01-CE
621428;15/08/2024;quinta-feira;19:27:00;DF;70;10;BRASILIA;Condutor deixou de manter distância do veículo da frente;Colisão traseira;Com Vítimas Feridas;Plena Noite;Crescente;Céu Claro;Múltipla;Reta;Não;2;0;1;0;1;0;1;2;-15,787066;-48,140709;SPRF-DF;DEL03-DF;UOP02-DEL03-DF
621429;15/08/2024;quinta-feira;19:00:00;RS;101;64;MAQUINE;Ausência de reação do condutor;Saída de leito carroçável;Com Vítimas Feridas;Anoitecer;Decrescente;Nublado;Dupla;Reta;Não;2;0;2;0;0;0;2;1;-29,69621105;-50,16781159;SPRF-RS;DEL03-RS;UOP02-DEL03-RS
621430;15/08/2024;quinta-feira;20:00:00;DF;40;8;BRASILIA;Reação tardia ou ineficiente do condutor;Colisão traseira;Sem Vítimas;Plena Noite;Decrescente;Céu Claro;Dupla;Reta;Sim;2;0;0;0;2;0;0;2;-16,038666;-47,979691;SPRF-DF;DEL01-DF;UOP01-DEL01-DF
621431;15/08/2024;quinta-feira;19:30:00;PE;101;98;CABO DE SANTO AGOSTINHO;Retorno proibido;Colisão transversal;Com Vítimas Feridas;Plena Noite;Decrescente;Céu Claro;Dupla;Reta;Não;3;0;1;1;0;1;2;2;-8,25653422;-35,03811793;SPRF-PE;DEL01-PE;UOP03-DEL01-PE
621432;15/08/2024;quinta-feira;19:00:00;PR;116;108;SAO JOSE DOS PINHAIS;Manobra de mudança de faixa;Colisão lateral mesmo sentido;Com Vítimas Feridas;Plena Noite;Crescente;Céu Claro;Dupla;Reta;Não;2;0;1;0;1;0;1;2;-25,566869;-49,239124;SPRF-PR;DEL01-PR;UOP07-DEL01-PR
621435;15/08/2024;quinta-feira;19:20:00;MA;135;17;SAO LUIS;Transitar na contramão;Colisão lateral sentido oposto;Com Vítimas Feridas;Plena Noite;Crescente;Céu Claro;Simples;Reta;Não;2;0;0;1;1;0;1;2;-2,53073;-44,3068;SPRF-MA;DEL01-MA;UOP01-DEL01-MA
621436;15/08/2024;quinta-feira;19:30:00;MG;354;753,3;ITAMONTE;Acessar a via sem observar a presença dos outros veículos;Colisão transversal;Com Vítimas Feridas;Plena Noite;Decrescente;Céu Claro;Simples;"Reta;Interseção de Vias";Sim;3;0;2;0;0;1;2;2;-22,30074263;-44,86208652;SPRF-MG;DEL17-MG;UOP01-DEL17-MG
621437;15/08/2024;quinta-feira;11:15:00;BA;101;609;MASCOTE;Reação tardia ou ineficiente do condutor;Saída de leito carroçável;Com Vítimas Feridas;Pleno dia;Crescente;Chuva;Simples;Curva;Não;4;0;4;0;0;0;4;1;-15,572912;-39,406845;SPRF-BA;DEL05-BA;UOP02-DEL05-BA
621439;15/08/2024;quinta-feira;20:30:00;MG;40;540,5;CONTAGEM;Trafegar com motocicleta (ou similar) entre as faixas;Colisão lateral mesmo sentido;Com Vítimas Feridas;Plena Noite;Crescente;Céu Claro;Dupla;Curva;Não;2;0;0;1;1;0;1;2;-19,97841762;-43,98668588;SPRF-MG;DEL01-MG;UOP02-DEL01-MG
621440;15/08/2024;quinta-feira;17:30:00;RJ;101;559;PARATY;Ausência de reação do condutor;Colisão transversal;Com Vítimas Feridas;Pleno dia;Decrescente;Céu Claro;Simples;Reta;Não;2;0;0;1;0;1;1;2;-23,10469201;-44,70811182;SPRF-RJ;DEL03-RJ;UOP04-DEL03-RJ
621442;15/08/2024;quinta-feira;21:00:00;SC;101;130;BALNEARIO CAMBORIU;Trafegar com motocicleta (ou similar) entre as faixas;Colisão traseira;Com Vítimas Feridas;Plena Noite;Crescente;Céu Claro;Dupla;Reta;Sim;2;0;1;0;1;0;1;2;-26,98407618;-48,66977107;SPRF-SC;DEL04-SC;UOP03-DEL04-SC
621443;15/08/2024;quinta-feira;21:20:00;SP;116;231;SAO PAULO;Pedestre andava na pista;Atropelamento de Pedestre;Com Vítimas Feridas;Plena Noite;Crescente;Céu Claro;Múltipla;Reta;Sim;2;0;1;0;0;1;1;2;-23,5290581;-46,59398303;SPRF-SP;DEL01-SP;UOP01-DEL01-SP
621444;13/06/2024;quinta-feira;05:00:00;SC;282;305,8;VARGEM;Condutor Dormindo;Colisão frontal;Com Vítimas Fatais;Plena Noite;Decrescente;Nevoeiro/Neblina;Simples;"Declive;Reta";Não;7;2;5;0;0;0;5;2;-27,4953795;-50,9616411;SPRF-SC;DEL07-SC;UOP06-DEL07-SC
621445;15/08/2024;quinta-feira;21:00:00;RN;226;4;NATAL;Ausência de reação do condutor;Queda de ocupante de veículo;Com Vítimas Feridas;Plena Noite;Crescente;Céu Claro;Simples;"Reta;Em Obras";Sim;2;0;2;0;0;0;2;1;-5,81958019;-35,25969486;SPRF-RN;DEL01-RN;UOP02-DEL01-RN
621448;15/08/2024;quinta-feira;21:40:00;RS;290;81;GRAVATAI;Reação tardia ou ineficiente do condutor;Saída de leito carroçável;Sem Vítimas;Plena Noite;Decrescente;Céu Claro;Simples;Curva;Sim;1;0;0;0;1;0;0;1;-29,954445;-51,06881;SPRF-RS;DEL01-RS;UOP01-DEL01-RS
621449;15/08/2024;quinta-feira;21:00:00;SP;116;146,7;SAO JOSE DOS CAMPOS;Demais falhas mecânicas ou elétricas;Incêndio;Sem Vítimas;Plena Noite;Crescente;Céu Claro;Múltipla;Reta;Sim;1;0;0;0;1;0;0;1;-23,19122919;-45,86327591;SPRF-SP;DEL02-SP;UOP01-DEL02-SP
621450;15/08/2024;quinta-feira;18:00:00;AM;319;690;HUMAITA;Condutor Dormindo;Saída de leito carroçável;Sem Vítimas;Anoitecer;Decrescente;Ignorado;Simples;Reta;Não;1;0;0;0;0;1;0;1;-7,65245099;-63,08085044;SPRF-AM;DEL01-AM;UOP05-DEL01-AM
621451;15/08/2024;quinta-feira;20:47:00;PR;277;662,4;MATELANDIA;Pedestre andava na pista;Atropelamento de Pedestre;Com Vítimas Fatais;Plena Noite;Crescente;Céu Claro;Dupla;Reta;Não;2;1;0;0;0;1;0;2;-25,25121745;-54,00913508;SPRF-PR;DEL05-PR;UOP02-DEL05-PR
621454;15/08/2024;quinta-feira;20:00:00;PR;116;9;QUATRO BARRAS;Ultrapassagem Indevida;Colisão lateral mesmo sentido;Com Vítimas Feridas;Plena Noite;Crescente;Céu Claro;Dupla;"Reta;Aclive";Sim;2;0;1;0;1;0;1;2;-25,3708;-49,1246;SPRF-PR;DEL01-PR;UOP02-DEL01-PR
621455;15/08/2024;quinta-feira;22:10:00;SC;282;17;PALHOCA;Acessar a via sem observar a presença dos outros veículos;Colisão transversal;Com Vítimas Feridas;Plena Noite;Decrescente;Céu Claro;Simples;Reta;Sim;2;0;1;0;1;0;1;2;-27,665707;-48,688065;SPRF-SC;DEL01-SC;UOP02-DEL01-SC
621457;15/08/2024;quinta-feira;19:30:00;RJ;101;440;MANGARATIBA;Animais na Pista;Atropelamento de Animal;Com Vítimas Feridas;Plena Noite;Decrescente;Céu Claro;Simples;"Reta;Ponte";Não;1;0;1;0;0;0;1;1;-22,95929215;-44,08787867;SPRF-RJ;DEL03-RJ;UOP02-DEL03-RJ
621458;15/08/2024;quinta-feira;22:15:00;TO;10;454,5;PALMAS;Ausência de reação do condutor;Atropelamento de Pedestre;Com Vítimas Feridas;Plena Noite;Decrescente;Céu Claro;Dupla;Curva;Sim;3;0;0;1;0;2;1;2;-10,22066983;-48,16302307;SPRF-TO;DEL01-TO;UOP03-DEL01-TO
621459;15/08/2024;quinta-feira;20:40:00;RN;110;45;MOSSORO;Condutor deixou de manter distância do veículo da frente;Colisão traseira;Com Vítimas Feridas;Plena Noite;Decrescente;Céu Claro;Simples;Reta;Sim;3;0;2;0;0;1;2;2;-5,19257993;-37,31114905;SPRF-RN;DEL04-RN;UOP01-DEL04-RN
621460;15/08/2024;quinta-feira;21:35:00;RJ;101;315;SAO GONCALO;Acessar a via sem observar a presença dos outros veículos;Colisão transversal;Com Vítimas Feridas;Plena Noite;Decrescente;Céu Claro;Dupla;Interseção de Vias;Sim;3;0;2;0;0;1;2;2;-22,82262092;-43,08460805;SPRF-RJ;DEL02-RJ;UOP02-DEL02-RJ
621462;15/08/2024;quinta-feira;18:40:00;RJ;356;77;ITALVA;Transitar na contramão;Colisão lateral sentido oposto;Com Vítimas Feridas;Plena Noite;Crescente;Céu Claro;Simples;Reta;Sim;2;0;1;0;0;1;1;2;-21,43419217;-41,68539108;SPRF-RJ;DEL08-RJ;UOP03-DEL08-RJ
621464;15/08/2024;quinta-feira;22:21:00;DF;80;25;BRASILIA;Acessar a via sem observar a presença dos outros veículos;Colisão traseira;Com Vítimas Feridas;Plena Noite;Crescente;Céu Claro;Dupla;Reta;Sim;2;0;1;0;1;0;1;2;-15,61528428;-48,19835907;SPRF-DF;DEL03-DF;UOP02-DEL03-DF
621465;18/07/2024;quinta-feira;09:00:00;PI;343;9;PARNAIBA;Reação tardia ou ineficiente do condutor;Colisão traseira;Com Vítimas Feridas;Pleno dia;Crescente;Céu Claro;Simples;Reta;Sim;2;0;1;0;1;0;1;2;-2,900722;-41,732681;SPRF-PI;DEL05-PI;UOP01-DEL05-PI
621466;15/08/2024;quinta-feira;22:30:00;PE;101;46,1;IGARASSU;Transitar na contramão;Colisão frontal;Com Vítimas Feridas;Plena Noite;Crescente;Céu Claro;Múltipla;Reta;Sim;4;0;1;0;2;1;1;2;-7,87406004;-34,90588126;SPRF-PE;DEL01-PE;UOP02-DEL01-PE
621468;15/08/2024;quinta-feira;21:10:00;MG;365;520,6;MONTE CARMELO;Ausência de reação do condutor;Colisão traseira;Sem Vítimas;Plena Noite;Decrescente;Céu Claro;Simples;Reta;Sim;2;0;0;0;2;0;0;2;-18,91647031;-47,40612001;SPRF-MG;DEL10-MG;UOP01-DEL10-MG
621471;15/08/2024;quinta-feira;21:28:00;TO;153;366,5;FORTALEZA DO TABOCAO;Reação tardia ou ineficiente do condutor;Atropelamento de Animal;Com Vítimas Feridas;Plena Noite;Decrescente;Céu Claro;Simples;"Reta;Declive";Não;2;0;1;1;0;0;2;1;-9,11752593;-48,53156135;SPRF-TO;DEL02-TO;UOP02-DEL02-TO
621473;15/08/2024;quinta-feira;17:20:00;SP;381;63;MAIRIPORA;Ausência de reação do condutor;Colisão lateral mesmo sentido;Com Vítimas Feridas;Pleno dia;Decrescente;Céu Claro;Múltipla;"Reta;Aclive";Não;2;0;1;0;1;0;1;2;-23,302805;-46,572767;SPRF-SP;DEL03-SP;UOP01-DEL03-SP
621474;15/08/2024;quinta-feira;23:10:00;MT;70;370,6;SANTO ANTONIO DO LEVERGER;Ausência de reação do condutor;Saída de leito carroçável;Com Vítimas Feridas;Plena Noite;Decrescente;Céu Claro;Dupla;Reta;Não;1;0;1;0;0;0;1;1;-15,708382;-55,703377;SPRF-MT;DEL05-MT;UOP02-DEL05-MT
621475;15/08/2024;quinta-feira;21:20:00;PR;153;109,5;IBAITI;Iluminação deficiente;Atropelamento de Pedestre;Com Vítimas Feridas;Plena Noite;Decrescente;Céu Claro;Simples;Reta;Sim;3;0;1;2;0;0;3;2;-23,84682092;-50,19305065;SPRF-PR;DEL07-PR;UOP04-DEL07-PR
621477;16/08/2024;sexta-feira;00:15:00;PR;116;86,6;PIRAQUARA;Reação tardia ou ineficiente do condutor;Saída de leito carroçável;Com Vítimas Feridas;Plena Noite;Decrescente;Céu Claro;Dupla;Reta;Não;1;0;1;0;0;0;1;1;-25,47115419;-49,09217119;SPRF-PR;DEL01-PR;UOP07-DEL01-PR
621478;15/08/2024;quinta-feira;23:05:00;RS;116;418;CAMAQUA;Ingestão de álcool pelo condutor;Saída de leito carroçável;Sem Vítimas;Plena Noite;Crescente;Nevoeiro/Neblina;Simples;Reta;Não;2;0;0;0;2;0;0;1;-30,95241694;-51,96069403;SPRF-RS;DEL02-RS;UOP02-DEL02-RS
621480;16/08/2024;sexta-feira;00:50:00;MT;163;113;RONDONOPOLIS;Velocidade Incompatível;Saída de leito carroçável;Com Vítimas Feridas;Plena Noite;Decrescente;Céu Claro;Dupla;"Em Obras;Declive";Não;1;0;0;1;0;0;1;1;-16,55390587;-54,67507124;SPRF-MT;DEL02-MT;UOP01-DEL02-MT
621481;16/08/2024;sexta-feira;01:00:00;SC;101;127,6;ITAJAI;Reação tardia ou ineficiente do condutor;Colisão lateral mesmo sentido;Com Vítimas Feridas;Plena Noite;Crescente;Céu Claro;Dupla;Curva;Não;3;0;1;0;1;1;1;3;-26,9639319;-48,68328024;SPRF-SC;DEL04-SC;UOP04-DEL04-SC
621482;16/08/2024;sexta-feira;01:20:00;GO;153;25;PORANGATU;Ausência de reação do condutor;Saída de leito carroçável;Com Vítimas Feridas;Plena Noite;Decrescente;Céu Claro;Simples;Reta;Não;1;0;1;0;0;0;1;1;-13,045449;-49,175228;SPRF-GO;DEL07-GO;UOP01-DEL07-GO
621483;16/08/2024;sexta-feira;02:10:00;DF;70;11;BRASILIA;Condutor Dormindo;Saída de leito carroçável;Com Vítimas Feridas;Plena Noite;Crescente;Céu Claro;Dupla;Reta;Sim;1;0;1;0;0;0;1;1;-15,789762;-48,148727;SPRF-DF;DEL03-DF;UOP02-DEL03-DF
621485;16/08/2024;sexta-feira;02:40:00;MG;40;605,8;CONGONHAS;Demais falhas mecânicas ou elétricas;Incêndio;Sem Vítimas;Plena Noite;Decrescente;Céu Claro;Simples;Curva;Não;3;0;0;0;3;0;0;1;-20,46951643;-43,84282351;SPRF-MG;DEL05-MG;UOP02-DEL05-MG
621486;16/08/2024;sexta-feira;04:00:00;RN;304;152,3;ANGICOS;Reação tardia ou ineficiente do condutor;Colisão traseira;Com Vítimas Feridas;Anoitecer;Decrescente;Céu Claro;Simples;Reta;Não;3;0;2;0;0;1;2;2;-5,69341207;-36,58011701;SPRF-RN;DEL04-RN;UOP01-DEL04-RN
621488;16/08/2024;sexta-feira;04:30:00;BA;324;514;FEIRA DE SANTANA;Transitar na contramão;Colisão frontal;Com Vítimas Feridas;Plena Noite;Decrescente;Nublado;Simples;Reta;Sim;3;0;0;1;1;1;1;3;-12,23229233;-38,95215305;SPRF-BA;DEL02-BA;UOP01-DEL02-BA
621489;16/08/2024;sexta-feira;03:30:00;MG;153;109;PRATA;Reação tardia ou ineficiente do condutor;Saída de leito carroçável;Sem Vítimas;Plena Noite;Decrescente;Céu Claro;Dupla;Retorno Regulamentado;Sim;1;0;0;0;0;1;0;1;-19,30556886;-48,90718711;SPRF-MG;DEL15-MG;UOP03-DEL15-MG
621490;16/08/2024;sexta-feira;04:40:00;BA;324;614;SALVADOR;Ausência de reação do condutor;Saída de leito carroçável;Sem Vítimas;Amanhecer;Crescente;Céu Claro;Dupla;Curva;Sim;2;0;0;0;1;1;0;1;-12,8639793;-38,42370126;SPRF-BA;DEL01-BA;UOP01-DEL01-BA
621494;16/08/2024;sexta-feira;06:10:00;GO;40;1;VALPARAISO DE GOIAS;Entrada inopinada do pedestre;Atropelamento de Pedestre;Sem Vítimas;Pleno dia;Decrescente;Céu Claro;Dupla;Reta;Sim;2;0;0;0;1;1;0;2;-16,058245;-47,982825;SPRF-DF;DEL01-DF;UOP01-DEL01-DF
621495;16/08/2024;sexta-feira;06:30:00;PE;101;51,3;PAULISTA;Reação tardia ou ineficiente do condutor;Queda de ocupante de veículo;Com Vítimas Feridas;Pleno dia;Decrescente;Céu Claro;Múltipla;Reta;Não;1;0;0;1;0;0;1;1;-7,9169968;-34,89689272;SPRF-PE;DEL01-PE;UOP02-DEL01-PE
621498;16/08/2024;sexta-feira;07:00:00;MG;365;667;MONTE ALEGRE DE MINAS;Condutor Dormindo;Saída de leito carroçável;Com Vítimas Feridas;Pleno dia;Crescente;Céu Claro;Dupla;Reta;Não;2;0;1;0;1;0;1;1;-18,88888028;-48,70753505;SPRF-MG;DEL15-MG;UOP01-DEL15-MG
621499;16/08/2024;sexta-feira;07:05:00;RS;386;356;ESTRELA;Manobra de mudança de faixa;Colisão lateral mesmo sentido;Com Vítimas Feridas;Pleno dia;Crescente;Nublado;Dupla;Retorno Regulamentado;Não;6;0;2;0;4;0;2;2;-29,522612;-51,935017;SPRF-RS;DEL04-RS;UOP01-DEL04-RS
621500;16/08/2024;sexta-feira;06:05:00;MG;356;279,1;EUGENOPOLIS;Objeto estático sobre o leito carroçável;Colisão com objeto;Com Vítimas Feridas;Pleno dia;Crescente;Céu Claro;Simples;Reta;Não;1;0;1;0;0;0;1;1;-21,12514202;-42,254502;SPRF-MG;DEL07-MG;UOP02-DEL07-MG
621503;16/08/2024;sexta-feira;07:20:00;RJ;393;175;TRES RIOS;Velocidade Incompatível;Colisão traseira;Com Vítimas Feridas;Pleno dia;Crescente;Céu Claro;Simples;Rotatória;Não;2;0;1;0;1;0;1;2;-22,12309905;-43,20363803;SPRF-RJ;DEL05-RJ;UOP03-DEL05-RJ
621504;16/08/2024;sexta-feira;08:00:00;GO;153;503;GOIANIA;Acessar a via sem observar a presença dos outros veículos;Colisão traseira;Com Vítimas Feridas;Pleno dia;Decrescente;Céu Claro;Dupla;Reta;Sim;2;0;1;0;1;0;1;2;-16,7332081;-49,2436409;SPRF-GO;DEL01-GO;UOP01-DEL01-GO
621506;08/04/2024;segunda-feira;12:30:00;PR;376;176,3;MARINGA;Acessar a via sem observar a presença dos outros veículos;Colisão lateral mesmo sentido;Com Vítimas Feridas;Pleno dia;Crescente;Céu Claro;Múltipla;Reta;Sim;2;0;1;0;0;1;1;2;-23,41269173;-51,93158327;SPRF-PR;DEL09-PR;UOP01-DEL09-PR
621509;16/08/2024;sexta-feira;07:50:00;PI;343;263,3;CAMPO MAIOR;Ultrapassagem Indevida;Colisão frontal;Com Vítimas Feridas;Pleno dia;Crescente;Céu Claro;Simples;Reta;Sim;2;0;0;1;1;0;1;2;-4,819326;-42,158821;SPRF-PI;DEL01-PI;UOP03-DEL01-PI
621511;16/08/2024;sexta-feira;07:03:00;RN;101;97;NATAL;Reação tardia ou ineficiente do condutor;Colisão traseira;Com Vítimas Feridas;Pleno dia;Decrescente;Céu Claro;Dupla;"Reta;Viaduto;Aclive";Sim;2;0;1;0;1;0;1;2;-5,85758898;-35,21271205;SPRF-RN;DEL01-RN;UOP01-DEL01-RN
621514;16/08/2024;sexta-feira;08:10:00;GO;60;52;ALEXANIA;Avarias e/ou desgaste excessivo no pneu;Saída de leito carroçável;Com Vítimas Feridas;Pleno dia;Crescente;Céu Claro;Dupla;Reta;Não;4;0;1;0;3;0;1;1;-16,1702;-48,6402;SPRF-GO;DEL02-GO;UOP01-DEL02-GO
621515;16/08/2024;sexta-feira;08:15:00;SC;101;209,8;SAO JOSE;Reação tardia ou ineficiente do condutor;Colisão lateral mesmo sentido;Com Vítimas Feridas;Pleno dia;Decrescente;Céu Claro;Múltipla;Interseção de Vias;Sim;3;0;1;0;2;0;1;2;-27,61000542;-48,63895057;SPRF-SC;DEL01-SC;UOP01-DEL01-SC
621517;16/08/2024;sexta-feira;07:00:00;BA;324;626;SALVADOR;Ausência de reação do condutor;Colisão com objeto;Com Vítimas Feridas;Pleno dia;Crescente;Céu Claro;Dupla;Reta;Sim;2;0;2;0;0;0;2;1;-12,96976551;-38,47618103;SPRF-BA;DEL01-BA;UOP01-DEL01-BA
621518;16/08/2024;sexta-feira;07:30:00;RO;364;7,9;VILHENA;Velocidade Incompatível;Colisão com objeto;Com Vítimas Feridas;Pleno dia;Decrescente;Céu Claro;Dupla;Reta;Sim;1;0;1;0;0;0;1;1;-12,77528271;-60,09343457;SPRF-RO;DEL04-RO;UOP01-DEL04-RO
621519;16/08/2024;sexta-feira;08:10:00;RS;470;218;BENTO GONCALVES;Acessar a via sem observar a presença dos outros veículos;Colisão transversal;Com Vítimas Feridas;Pleno dia;Crescente;Céu Claro;Simples;"Aclive;Curva";Não;2;0;1;0;1;0;1;2;-29,17292214;-51,52424936;SPRF-RS;DEL06-RS;UOP01-DEL06-RS
621520;16/08/2024;sexta-feira;07:50:00;MT;163;840;SINOP;Reação tardia ou ineficiente do condutor;Colisão traseira;Sem Vítimas;Pleno dia;Decrescente;Céu Claro;Simples;Reta;Sim;5;0;0;0;5;0;0;2;-11,8219052;-55,48547324;SPRF-MT;DEL06-MT;UOP02-DEL06-MT
621522;27/07/2024;sábado;23:25:00;RJ;101;383;RIO DE JANEIRO;Transitar na contramão;Colisão frontal;Com Vítimas Feridas;Plena Noite;Crescente;Nublado;Dupla;Reta;Não;5;0;3;0;2;0;3;3;-22,8765463;-43,61463385;SPRF-RJ;DEL03-RJ;UOP01-DEL03-RJ
621523;16/08/2024;sexta-feira;08:20:00;PR;277;79;CURITIBA;Trafegar com motocicleta (ou similar) entre as faixas;Colisão traseira;Com Vítimas Feridas;Pleno dia;Crescente;Céu Claro;Dupla;Reta;Não;2;0;1;0;1;0;1;2;-25,47768239;-49,20536041;SPRF-PR;DEL01-PR;UOP07-DEL01-PR
621524;16/08/2024;sexta-feira;09:12:00;PE;101;48,2;ABREU E LIMA;Conversão proibida;Colisão lateral mesmo sentido;Com Vítimas Feridas;Pleno dia;Decrescente;Céu Claro;Dupla;Reta;Sim;3;0;1;0;2;0;1;3;-7,89174705;-34,9033493;SPRF-PE;DEL01-PE;UOP02-DEL01-PE
621525;16/08/2024;sexta-feira;08:35:00;RJ;101;322;NITEROI;Ausência de reação do condutor;Queda de ocupante de veículo;Com Vítimas Feridas;Pleno dia;Crescente;Céu Claro;Múltipla;Curva;Sim;3;0;2;0;1;0;2;2;-22,878923;-43,110676;SPRF-RJ;DEL02-RJ;UOP01-DEL02-RJ
621527;16/08/2024;sexta-feira;08:50:00;RJ;101;321;NITEROI;Trafegar com motocicleta (ou similar) entre as faixas;Colisão lateral mesmo sentido;Com Vítimas Feridas;Pleno dia;Crescente;Céu Claro;Dupla;Reta;Sim;2;0;1;0;1;0;1;2;-22,86981096;-43,11046465;SPRF-RJ;DEL02-RJ;UOP01-DEL02-RJ
621530;16/08/2024;sexta-feira;09:30:00;PB;361;3,9;PATOS;Acessar a via sem observar a presença dos outros veículos;Colisão transversal;Com Vítimas Feridas;Pleno dia;Crescente;Céu Claro;Simples;Reta;Sim;2;0;1;0;1;0;1;2;-7,031892;-37,292592;SPRF-PB;DEL03-PB;UOP01-DEL03-PB
621531;31/07/2024;quarta-feira;16:30:00;PR;277;122;CAMPO LARGO;Ausência de reação do condutor;Colisão lateral mesmo sentido;Com Vítimas Feridas;Pleno dia;Crescente;Ignorado;Dupla;Reta;Não;2;0;1;0;1;0;1;2;-25,4441078;-49,56466913;SPRF-PR;DEL03-PR;UOP03-DEL03-PR
621532;16/08/2024;sexta-feira;10:40:00;SC;101;216,6;PALHOCA;Acessar a via sem observar a presença dos outros veículos;Colisão lateral mesmo sentido;Com Vítimas Feridas;Pleno dia;Decrescente;Céu Claro;Múltipla;Reta;Sim;2;0;1;0;1;0;1;2;-27,65981409;-48,67747798;SPRF-SC;DEL01-SC;UOP02-DEL01-SC
621533;15/08/2024;quinta-feira;02:00:00;MA;226;247;TUNTUM;Ausência de reação do condutor;Saída de leito carroçável;Com Vítimas Fatais;Plena Noite;Decrescente;Céu Claro;Simples;Curva;Não;2;1;1;0;0;0;1;1;-5,41311708;-44,85019685;SPRF-MA;DEL06-MA;UOP01-DEL06-MA
621535;16/08/2024;sexta-feira;06:45:00;RJ;101;314;SAO GONCALO;Condutor deixou de manter distância do veículo da frente;Colisão traseira;Sem Vítimas;Pleno dia;Crescente;Céu Claro;Simples;Reta;Sim;2;0;0;0;2;0;0;2;-22,81648739;-43,07728467;SPRF-RJ;DEL02-RJ;UOP02-DEL02-RJ