id;data_inversa;dia_semana;horario;uf;br;km;municipio;causa_acidente;tipo_acidente;classificacao_acidente;fase_dia;sentido_via;condicao_metereologica;tipo_pista;tracado_via;uso_solo;pessoas;mortos;feridos_leves;feridos_graves;ilesos;ignorados;feridos;veiculos;latitude;longitude;regional;delegacia;uop
621536;16/08/2024;sexta-feira;10:20:00;DF;70;2,4;BRASILIA;Frear bruscamente;Colisão traseira;Com Vítimas Feridas;Pleno dia;Decrescente;Céu Claro;Dupla;Reta;Sim;2;0;1;0;1;0;1;2;-15,798048;-48,073235;SPRF-DF;DEL03-DF;UOP02-DEL03-DF
621537;08/08/2024;quinta-feira;19:40:00;SP;116;149;SAO JOSE DOS CAMPOS;Manobra de mudança de faixa;Colisão lateral mesmo sentido;Com Vítimas Feridas;Plena Noite;Crescente;Céu Claro;Dupla;Reta;Não;2;0;1;0;1;0;1;2;-23,20700047;-45,88626861;SPRF-SP;DEL02-SP;UOP01-DEL02-SP
621538;16/08/2024;sexta-feira;08:55:00;RJ;116;278;BARRA MANSA;Acessar a via sem observar a presença dos outros veículos;Colisão traseira;Com Vítimas Feridas;Pleno dia;Decrescente;Céu Claro;Dupla;Reta;Não;5;0;1;0;2;2;1;3;-22,55271018;-44,17778004;SPRF-RJ;DEL07-RJ;UOP02-DEL07-RJ
621540;16/08/2024;sexta-feira;12:00:00;ES;447;14,5;VILA VELHA;Acessar a via sem observar a presença dos outros veículos;Colisão transversal;Com Vítimas Feridas;Pleno dia;Decrescente;Céu Claro;Dupla;Reta;Sim;2;0;1;0;1;0;1;2;-20,35784325;-40,3328294;SPRF-ES;DEL01-ES;UOP01-DEL01-ES
621541;16/08/2024;sexta-feira;11:10:00;RJ;356;41;ITAPERUNA;Acesso irregular;Colisão transversal;Com Vítimas Feridas;Pleno dia;Decrescente;Céu Claro;Simples;"Curva;Aclive";Não;2;0;1;0;1;0;1;2;-21,21473437;-41,83388826;SPRF-RJ;DEL08-RJ;UOP03-DEL08-RJ
621542;16/08/2024;sexta-feira;11:30:00;ES;262;107,8;VENDA NOVA DO IMIGRANTE;Reação tardia ou ineficiente do condutor;Colisão lateral mesmo sentido;Com Vítimas Feridas;Pleno dia;Crescente;Céu Claro;Simples;Reta;Sim;2;0;1;1;0;0;2;2;-20,32991844;-41,15343646;SPRF-ES;DEL01-ES;UOP02-DEL01-ES
621543;16/08/2024;sexta-feira;12:30:00;BA;116;422,1;FEIRA DE SANTANA;Acessar a via sem observar a presença dos outros veículos;Tombamento;Com Vítimas Feridas;Pleno dia;Crescente;Céu Claro;Dupla;"Reta;Interseção de Vias";Sim;3;0;2;0;0;1;2;2;-12,2305;-38,9654;SPRF-BA;DEL02-BA;UOP01-DEL02-BA
621544;16/08/2024;sexta-feira;11:00:00;GO;251;27,5;CRISTALINA;Transitar na contramão;Colisão lateral sentido oposto;Com Vítimas Feridas;Pleno dia;Crescente;Céu Claro;Simples;Reta;Sim;2;0;1;0;1;0;1;2;-16,10012382;-47,50171815;SPRF-DF;DEL01-DF;UOP01-DEL01-DF
621545;16/08/2024;sexta-feira;07:30:00;SC;101;331;TUBARAO;Condutor deixou de manter distância do veículo da frente;Atropelamento de Animal;Com Vítimas Feridas;Pleno dia;Decrescente;Céu Claro;Múltipla;Curva;Sim;3;0;1;0;1;1;1;3;-28,45567521;-48,9812689;SPRF-SC;DEL02-SC;UOP01-DEL02-SC
621546;16/08/2024;sexta-feira;12:36:00;RS;116;241;SAO LEOPOLDO;Condutor deixou de manter distância do veículo da frente;Colisão transversal;Sem Vítimas;Pleno dia;Crescente;Céu Claro;Dupla;"Em Obras;Reta";Sim;2;0;0;0;2;0;0;2;-29,71396796;-51,1476744;SPRF-RS;DEL01-RS;UOP02-DEL01-RS
621550;16/08/2024;sexta-feira;10:00:00;MT;174;272;PONTES E LACERDA;Demais falhas mecânicas ou elétricas;Saída de leito carroçável;Com Vítimas Feridas;Pleno dia;Crescente;Céu Claro;Simples;Reta;Não;4;0;2;0;2;0;2;1;-15,34842784;-59,21128065;SPRF-MT;DEL04-MT;UOP01-DEL04-MT
621551;16/08/2024;sexta-feira;12:00:00;RJ;101;544;PARATY;Acessar a via sem observar a presença dos outros veículos;Colisão traseira;Com Vítimas Feridas;Pleno dia;Crescente;Céu Claro;Simples;Reta;Não;6;0;4;0;1;1;4;3;-23,04630778;-44,61015485;SPRF-RJ;DEL03-RJ;UOP04-DEL03-RJ
621554;16/08/2024;sexta-feira;10:30:00;SP;116;511;CAJATI;Acumulo de areia ou detritos sobre o pavimento;Queda de ocupante de veículo;Com Vítimas Feridas;Pleno dia;Crescente;Céu Claro;Simples;"Curva;Aclive";Não;2;0;2;0;0;0;2;1;-24,83558399;-48,2223738;SPRF-SP;DEL05-SP;UOP02-DEL05-SP
621558;16/08/2024;sexta-feira;12:40:00;MS;163;487,5;CAMPO GRANDE;Acessar a via sem observar a presença dos outros veículos;Eventos atípicos;Com Vítimas Feridas;Pleno dia;Decrescente;Céu Claro;Simples;"Declive;Reta";Sim;1;0;1;0;0;0;1;1;-20,420592;-54,546358;SPRF-MS;DEL01-MS;UOP02-DEL01-MS
621561;22/06/2024;sábado;20:40:00;MG;381;292;ANTONIO DIAS;Reação tardia ou ineficiente do condutor;Queda de ocupante de veículo;Com Vítimas Feridas;Plena Noite;Decrescente;Céu Claro;Simples;Reta;Não;1;0;1;0;0;0;1;1;-19,62231934;-42,8398724;SPRF-MG;DEL03-MG;UOP02-DEL03-MG
621562;16/08/2024;sexta-feira;13:30:00;SC;470;164;POUSO REDONDO;Acessar a via sem observar a presença dos outros veículos;Colisão transversal;Com Vítimas Feridas;Pleno dia;Crescente;Céu Claro;Simples;Aclive;Não;2;0;0;1;1;0;1;2;-27,278645;-49,836048;SPRF-SC;DEL04-SC;UOP02-DEL04-SC
621565;16/08/2024;sexta-feira;14:40:00;SP;116;213;GUARULHOS;Manobra de mudança de faixa;Colisão lateral mesmo sentido;Com Vítimas Feridas;Pleno dia;Crescente;Sol;Múltipla;Reta;Sim;2;0;1;0;0;1;1;2;-23,43971486;-46,43667806;SPRF-SP;DEL01-SP;UOP01-DEL01-SP
621566;16/08/2024;sexta-feira;13:50:00;MS;163;473,9;CAMPO GRANDE;Ausência de reação do condutor;Tombamento;Com Vítimas Feridas;Pleno dia;Crescente;Céu Claro;Simples;"Reta;Aclive";Não;1;0;1;0;0;0;1;1;-20,53459008;-54,56411122;SPRF-MS;DEL01-MS;UOP01-DEL01-MS
621567;16/08/2024;sexta-feira;13:45:00;RN;101;85,3;SAO GONCALO DO AMARANTE;Entrada inopinada do pedestre;Atropelamento de Pedestre;Com Vítimas Feridas;Pleno dia;Decrescente;Céu Claro;Dupla;"Em Obras;Ponte;Reta";Sim;2;0;1;0;1;0;1;2;-5,77892036;-35,24880767;SPRF-RN;DEL02-RN;UOP01-DEL02-RN
621568;16/08/2024;sexta-feira;13:30:00;SP;101;43,9;UBATUBA;Ultrapassagem Indevida;Tombamento;Com Vítimas Feridas;Pleno dia;Crescente;Céu Claro;Simples;Reta;Sim;1;0;0;1;0;0;1;1;-23,41217537;-45,05739148;SPRF-SP;DEL06-SP;UOP01-DEL06-SP
621569;23/07/2024;terça-feira;12:00:00;AM;230;504;HUMAITA;Reação tardia ou ineficiente do condutor;Colisão frontal;Com Vítimas Feridas;Pleno dia;Crescente;Céu Claro;Simples;Reta;Não;8;0;1;0;7;0;1;2;-7,88859627;-62,19243578;SPRF-AM;DEL01-AM;UOP05-DEL01-AM
621570;16/08/2024;sexta-feira;14:05:00;PR;369;430;UBIRATA;Acessar a via sem observar a presença dos outros veículos;Colisão transversal;Com Vítimas Feridas;Pleno dia;Crescente;Céu Claro;Simples;"Declive;Reta";Não;2;0;1;0;1;0;1;2;-24,55468447;-52,96468019;SPRF-PR;DEL04-PR;UOP03-DEL04-PR
621571;20/05/2024;segunda-feira;18:19:00;RJ;101;402;ITAGUAI;Transitar na contramão;Colisão frontal;Com Vítimas Feridas;Plena Noite;Crescente;Nublado;Dupla;Reta;Sim;2;0;0;2;0;0;2;2;-22,855759;-43,786123;SPRF-RJ;DEL03-RJ;UOP01-DEL03-RJ
621572;16/08/2024;sexta-feira;14:50:00;PB;101;40;MAMANGUAPE;Manobra de mudança de faixa;Tombamento;Com Vítimas Feridas;Pleno dia;Decrescente;Céu Claro;Dupla;"Em Obras;Reta";Sim;1;0;0;1;0;0;1;1;-6,838737;-35,13633;SPRF-PB;DEL01-PB;UOP04-DEL01-PB
621576;03/07/2024;quarta-feira;07:00:00;PE;232;9;RECIFE;Condutor deixou de manter distância do veículo da frente;Queda de ocupante de veículo;Com Vítimas Feridas;Pleno dia;Decrescente;Céu Claro;Dupla;Reta;Sim;3;0;0;1;0;2;1;3;-8,077101;-34,974061;SPRF-PE;DEL01-PE;UOP01-DEL01-PE
621579;16/08/2024;sexta-feira;10:35:00;TO;153;760;ALVORADA;Ausência de reação do condutor;Saída de leito carroçável;Sem Vítimas;Pleno dia;Decrescente;Céu Claro;Dupla;Rotatória;Sim;1;0;0;0;1;0;0;1;-12,47220398;-49,11847862;SPRF-TO;DEL01-TO;UOP02-DEL01-TO
621581;16/08/2024;sexta-feira;16:10:00;SC;101;137;BALNEARIO CAMBORIU;Reação tardia ou ineficiente do condutor;Tombamento;Com Vítimas Feridas;Pleno dia;Crescente;Nevoeiro/Neblina;Dupla;"Viaduto;Reta";Não;1;0;1;0;0;0;1;1;-27,0157238;-48,61192763;SPRF-SC;DEL04-SC;UOP03-DEL04-SC
621582;16/08/2024;sexta-feira;16:39:00;TO;242;375,8;GURUPI;Reação tardia ou ineficiente do condutor;Queda de ocupante de veículo;Com Vítimas Feridas;Anoitecer;Decrescente;Céu Claro;Simples;Reta;Não;1;0;1;0;0;0;1;1;-11,73786471;-49,02014896;SPRF-TO;DEL01-TO;UOP02-DEL01-TO
621583;16/08/2024;sexta-feira;16:05:00;RN;101;109;PARNAMIRIM;Reação tardia ou ineficiente do condutor;Colisão transversal;Sem Vítimas;Pleno dia;Crescente;Céu Claro;Simples;Interseção de Vias;Sim;2;0;0;0;2;0;0;2;-5,937997;-35,265043;SPRF-RN;DEL01-RN;UOP01-DEL01-RN
621584;16/08/2024;sexta-feira;15:40:00;RS;386;388,6;TRIUNFO;Acessar a via sem observar a presença dos outros veículos;Engavetamento;Com Vítimas Feridas;Pleno dia;Decrescente;Céu Claro;Dupla;"Reta;Declive";Sim;7;0;1;0;6;0;1;3;-29,70251438;-51,68359816;SPRF-RS;DEL04-RS;UOP02-DEL04-RS
621585;16/08/2024;sexta-feira;15:20:00;MG;381;518,3;IGARAPE;Frear bruscamente;Capotamento;Com Vítimas Feridas;Pleno dia;Decrescente;Céu Claro;Dupla;"Declive;Curva";Não;3;0;2;0;1;0;2;1;-20,12065395;-44,30242562;SPRF-MG;DEL01-MG;UOP03-DEL01-MG
621586;16/08/2024;sexta-feira;16:40:00;PE;101;83;JABOATAO DOS GUARARAPES;Condutor deixou de manter distância do veículo da frente;Colisão traseira;Com Vítimas Feridas;Pleno dia;Crescente;Nublado;Dupla;"Aclive;Reta";Sim;4;0;2;0;2;0;2;2;-8,175477;-34,943125;SPRF-PE;DEL01-PE;UOP01-DEL01-PE
621587;16/08/2024;sexta-feira;16:26:00;SC;470;67;INDAIAL;Ausência de reação do condutor;Capotamento;Com Vítimas Feridas;Pleno dia;Crescente;Céu Claro;Dupla;Reta;Sim;1;0;0;1;0;0;1;1;-26,872158;-49,23127;SPRF-SC;DEL04-SC;UOP01-DEL04-SC
621588;16/08/2024;sexta-feira;15:40:00;PR;277;584,1;CASCAVEL;Velocidade Incompatível;Colisão com objeto;Com Vítimas Feridas;Pleno dia;Decrescente;Céu Claro;Dupla;"Reta;Interseção de Vias";Sim;1;0;0;1;0;0;1;1;-24,96684176;-53,40258186;SPRF-PR;DEL04-PR;UOP01-DEL04-PR
621590;16/08/2024;sexta-feira;16:10:00;RS;392;299;SAO SEPE;Transitar na contramão;Colisão frontal;Com Vítimas Feridas;Pleno dia;Crescente;Céu Claro;Simples;Reta;Não;5;0;4;0;1;0;4;2;-30,149805;-53,594684;SPRF-RS;DEL09-RS;UOP01-DEL09-RS
621591;16/08/2024;sexta-feira;17:40:00;RN;101;107;PARNAMIRIM;Acessar a via sem observar a presença dos outros veículos;Colisão lateral mesmo sentido;Sem Vítimas;Plena Noite;Crescente;Céu Claro;Dupla;Interseção de Vias;Sim;3;0;0;0;3;0;0;3;-5,91920796;-35,26412409;SPRF-RN;DEL01-RN;UOP01-DEL01-RN
621592;16/08/2024;sexta-feira;14:00:00;SC;280;260;CANOINHAS;Conversão proibida;Colisão transversal;Com Vítimas Feridas;Pleno dia;Crescente;Céu Claro;Simples;Reta;Não;4;0;2;0;2;0;2;2;-26,26206627;-50,63822202;SPRF-SC;DEL06-SC;UOP04-DEL06-SC
621593;16/08/2024;sexta-feira;17:40:00;RS;470;217;BENTO GONCALVES;Acessar a via sem observar a presença dos outros veículos;Colisão transversal;Com Vítimas Feridas;Pleno dia;Decrescente;Céu Claro;Simples;Reta;Sim;2;0;1;0;1;0;1;2;-29,16462512;-51,52551964;SPRF-RS;DEL06-RS;UOP01-DEL06-RS
621596;16/08/2024;sexta-feira;17:25:00;PB;101;99;CONDE;Acessar a via sem observar a presença dos outros veículos;Colisão transversal;Com Vítimas Feridas;Anoitecer;Decrescente;Céu Claro;Dupla;Retorno Regulamentado;Sim;2;0;1;0;1;0;1;2;-7,2557332;-34,93469152;SPRF-PB;DEL01-PB;UOP02-DEL01-PB
621597;16/08/2024;sexta-feira;17:40:00;SC;101;282,4;IMBITUBA;Desrespeitar a preferência no cruzamento;Colisão transversal;Com Vítimas Feridas;Anoitecer;Decrescente;Nublado;Simples;"Viaduto;Reta;Interseção de Vias";Sim;2;0;1;0;1;0;1;2;-28,19626005;-48,69739859;SPRF-SC;DEL02-SC;UOP03-DEL02-SC
621598;16/08/2024;sexta-feira;17:00:00;MS;163;731;COXIM;Conversão proibida;Colisão lateral mesmo sentido;Com Vítimas Feridas;Anoitecer;Crescente;Céu Claro;Simples;Reta;Não;3;0;1;0;2;0;1;2;-18,50137286;-54,73270825;SPRF-MS;DEL06-MS;UOP01-DEL06-MS
621599;16/08/2024;sexta-feira;18:20:00;SP;116;209;GUARULHOS;Manobra de mudança de faixa;Colisão lateral sentido oposto;Com Vítimas Feridas;Pleno dia;Crescente;Nublado;Múltipla;Aclive;Sim;2;0;1;0;1;0;1;2;-23,42511799;-46,40221101;SPRF-SP;DEL01-SP;UOP01-DEL01-SP
621601;16/08/2024;sexta-feira;17:15:00;PI;343;263,8;CAMPO MAIOR;Acessar a via sem observar a presença dos outros veículos;Colisão frontal;Com Vítimas Feridas;Pleno dia;Crescente;Céu Claro;Simples;Reta;Sim;2;0;1;0;1;0;1;2;-4,819326;-42,158821;SPRF-PI;DEL01-PI;UOP03-DEL01-PI
621604;16/08/2024;sexta-feira;17:50:00;SC;280;46,1;GUARAMIRIM;Conversão proibida;Colisão transversal;Com Vítimas Feridas;Anoitecer;Crescente;Nublado;Simples;Reta;Não;2;0;2;0;0;0;2;2;-26,453175;-48,910341;SPRF-SC;DEL03-SC;UOP03-DEL03-SC
621605;16/08/2024;sexta-feira;16:30:00;SC;163;97,2;SAO JOSE DO CEDRO;Condutor usando celular;Saída de leito carroçável;Com Vítimas Feridas;Pleno dia;Crescente;Céu Claro;Simples;"Declive;Curva";Não;1;0;1;0;0;0;1;1;-26,508697;-53,51299091;SPRF-SC;DEL07-SC;UOP03-DEL07-SC
621606;07/08/2024;quarta-feira;07:00:00;MS;163;615;SAO GABRIEL DO OESTE;Acessar a via sem observar a presença dos outros veículos;Colisão transversal;Com Vítimas Feridas;Pleno dia;Decrescente;Céu Claro;Simples;Reta;Não;2;0;0;1;1;0;1;2;-19,39135001;-54,57028497;SPRF-MS;DEL06-MS;UOP02-DEL06-MS
621607;16/08/2024;sexta-feira;15:20:00;RJ;393;260,1;BARRA DO PIRAI;Condutor Dormindo;Colisão com objeto;Com Vítimas Feridas;Pleno dia;Decrescente;Céu Claro;Simples;Reta;Não;3;0;3;0;0;0;3;1;-22,45721037;-43,84206991;SPRF-RJ;DEL05-RJ;UOP04-DEL05-RJ
621608;16/08/2024;sexta-feira;18:25:00;DF;70;11;BRASILIA;Transitar no Acostamento;Atropelamento de Pedestre;Com Vítimas Feridas;Plena Noite;Crescente;Nublado;Dupla;Reta;Sim;2;0;1;0;1;0;1;2;-15,789762;-48,148727;SPRF-DF;DEL03-DF;UOP02-DEL03-DF
621609;16/08/2024;sexta-feira;15:00:00;RJ;101;313;SAO GONCALO;Manobra de mudança de faixa;Queda de ocupante de veículo;Com Vítimas Feridas;Pleno dia;Crescente;Céu Claro;Dupla;Reta;Sim;2;0;2;0;0;0;2;1;-22,81049093;-43,06983304;SPRF-RJ;DEL02-RJ;UOP02-DEL02-RJ
621610;16/08/2024;sexta-feira;18:30:00;SP;153;72,9;SAO JOSE DO RIO PRETO;Transitar na contramão;Colisão frontal;Com Vítimas Feridas;Plena Noite;Crescente;Céu Claro;Dupla;"Curva;Retorno Regulamentado;Declive";Não;3;0;1;1;1;0;2;2;-20,86715501;-49,41334398;SPRF-SP;DEL09-SP;UOP01-DEL09-SP
621611;02/08/2024;sexta-feira;19:00:00;GO;364;80;CACHOEIRA ALTA;Ultrapassagem Indevida;Colisão frontal;Com Vítimas Feridas;Plena Noite;Crescente;Céu Claro;Simples;Reta;Não;6;0;5;0;1;0;5;2;-18,584885;-51,047237;SPRF-GO;DEL05-GO;UOP02-DEL05-GO
621612;16/08/2024;sexta-feira;18:50:00;BA;116;463;SANTO ESTEVAO;Acumulo de areia ou detritos sobre o pavimento;Colisão com objeto;Com Vítimas Feridas;Plena Noite;Decrescente;Céu Claro;Dupla;"Retorno Regulamentado;Curva";Não;1;0;1;0;0;0;1;1;-12,440072;-39,229594;SPRF-BA;DEL02-BA;UOP01-DEL02-BA
621613;16/08/2024;sexta-feira;18:40:00;RJ;101;475;ANGRA DOS REIS;Ausência de reação do condutor;Colisão frontal;Com Vítimas Feridas;Plena Noite;Crescente;Céu Claro;Simples;Curva;Sim;5;0;4;0;1;0;4;2;-23,00030529;-44,25655988;SPRF-RJ;DEL03-RJ;UOP03-DEL03-RJ
621614;16/08/2024;sexta-feira;18:50:00;SC;101;132;BALNEARIO CAMBORIU;Ausência de reação do condutor;Tombamento;Com Vítimas Feridas;Anoitecer;Decrescente;Nublado;Múltipla;Reta;Sim;1;0;1;0;0;0;1;1;-26,99654133;-48,65564711;SPRF-SC;DEL04-SC;UOP03-DEL04-SC
621615;16/08/2024;sexta-feira;19:10:00;RS;386;435,3;NOVA SANTA RITA;Desrespeitar a preferência no cruzamento;Colisão transversal;Com Vítimas Feridas;Pleno dia;Decrescente;Céu Claro;Dupla;Rotatória;Sim;4;0;1;0;3;0;1;2;-29,846369;-51,275738;SPRF-RS;DEL04-RS;UOP02-DEL04-RS
621616;16/08/2024;sexta-feira;18:30:00;SC;470;250;CURITIBANOS;Acessar a via sem observar a presença dos outros veículos;Colisão transversal;Com Vítimas Feridas;Anoitecer;Crescente;Céu Claro;Simples;Reta;Sim;5;0;1;0;4;0;1;2;-27,3121434;-50,58668196;SPRF-SC;DEL05-SC;UOP03-DEL05-SC
621617;16/08/2024;sexta-feira;19:10:00;GO;40;5;VALPARAISO DE GOIAS;Ausência de reação do condutor;Queda de ocupante de veículo;Com Vítimas Feridas;Plena Noite;Decrescente;Céu Claro;Dupla;Reta;Sim;1;0;1;0;0;0;1;1;-16,093134;-47,982236;SPRF-DF;DEL01-DF;UOP01-DEL01-DF
621618;16/08/2024;sexta-feira;18:50:00;AL;104;88,7;RIO LARGO;Ausência de reação do condutor;Saída de leito carroçável;Sem Vítimas;Plena Noite;Crescente;Céu Claro;Dupla;Reta;Sim;1;0;0;0;0;1;0;1;-9,48375193;-35,81815581;SPRF-AL;DEL01-AL;UOP01-DEL01-AL
621619;16/08/2024;sexta-feira;18:40:00;RS;158;0,3;SANTANA DO LIVRAMENTO;Reação tardia ou ineficiente do condutor;Colisão traseira;Com Vítimas Feridas;Plena Noite;Crescente;Céu Claro;Simples;"Interseção de Vias;Reta;Rotatória";Sim;2;0;2;0;0;0;2;2;-30,87615461;-55,51359865;SPRF-RS;DEL08-RS;UOP02-DEL08-RS
621621;16/08/2024;sexta-feira;18:05:00;PR;153;450;UNIAO DA VITORIA;Ausência de reação do condutor;Colisão lateral mesmo sentido;Com Vítimas Feridas;Anoitecer;Crescente;Céu Claro;Simples;"Viaduto;Interseção de Vias";Sim;2;0;1;0;1;0;1;2;-26,20074897;-51,05978608;SPRF-PR;DEL02-PR;UOP03-DEL02-PR
621622;16/08/2024;sexta-feira;19:30:00;MG;381;4,8;BETIM;Reação tardia ou ineficiente do condutor;Tombamento;Com Vítimas Feridas;Plena Noite;Decrescente;Céu Claro;Dupla;Reta;Não;1;0;1;0;0;0;1;1;-19,96825;-44,198708;SPRF-MG;DEL01-MG;UOP03-DEL01-MG
621623;16/08/2024;sexta-feira;18:00:00;RJ;101;322;NITEROI;Ausência de reação do condutor;Colisão traseira;Com Vítimas Feridas;Anoitecer;Decrescente;Céu Claro;Múltipla;Reta;Não;3;0;2;0;1;0;2;2;-22,878923;-43,110676;SPRF-RJ;DEL02-RJ;UOP01-DEL02-RJ
621625;16/08/2024;sexta-feira;18:10:00;RJ;101;330;RIO DE JANEIRO;Reação tardia ou ineficiente do condutor;Colisão traseira;Com Vítimas Feridas;Plena Noite;Crescente;Céu Claro;Dupla;Reta;Sim;5;0;1;0;4;0;1;2;-22,8684989;-43,18548699;SPRF-RJ;DEL02-RJ;UOP01-DEL02-RJ
621627;16/08/2024;sexta-feira;18:00:00;MT;163;1040;MATUPA;Reação tardia ou ineficiente do condutor;Colisão traseira;Sem Vítimas;Pleno dia;Crescente;Céu Claro;Simples;Reta;Não;2;0;0;0;2;0;0;2;-10,1848495;-54,94571686;SPRF-MT;DEL06-MT;UOP03-DEL06-MT
621628;16/08/2024;sexta-feira;19:30:00;RS;158;474,5;ROSARIO DO SUL;Animais na Pista;Saída de leito carroçável;Com Vítimas Feridas;Plena Noite;Crescente;Céu Claro;Simples;Reta;Não;1;0;1;0;0;0;1;1;-30,30080997;-54,99114807;SPRF-RS;DEL11-RS;UOP02-DEL11-RS
621629;16/08/2024;sexta-feira;13:45:00;MT;174;438;COMODORO;Condutor Dormindo;Saída de leito carroçável;Com Vítimas Feridas;Pleno dia;Decrescente;Céu Claro;Simples;Reta;Não;4;0;3;0;0;1;3;2;-14,07809204;-59,7401002;SPRF-MT;DEL04-MT;UOP02-DEL04-MT
621630;16/08/2024;sexta-feira;19:00:00;SC;101;327,2;CAPIVARI DE BAIXO;Desrespeitar a preferência no cruzamento;Colisão lateral mesmo sentido;Com Vítimas Feridas;Plena Noite;Crescente;Céu Claro;Múltipla;"Declive;Reta;Rotatória";Sim;2;0;1;0;1;0;1;2;-28,43023306;-48,95205197;SPRF-SC;DEL02-SC;UOP01-DEL02-SC
621631;16/08/2024;sexta-feira;18:05:00;PE;316;24,1;ARARIPINA;Acessar a via sem observar a presença dos outros veículos;Colisão transversal;Com Vítimas Feridas;Plena Noite;Decrescente;Céu Claro;Simples;"Reta;Interseção de Vias";Sim;2;0;0;1;1;0;1;2;-7,588004;-40,49662;SPRF-PE;DEL05-PE;UOP02-DEL05-PE
621635;16/08/2024;sexta-feira;19:05:00;SC;470;176;POUSO REDONDO;Conversão proibida;Colisão transversal;Com Vítimas Feridas;Plena Noite;Decrescente;Céu Claro;Simples;Reta;Não;3;0;1;0;2;0;1;2;-27,254238;-49,948658;SPRF-SC;DEL04-SC;UOP02-DEL04-SC
621637;16/08/2024;sexta-feira;18:00:00;RO;364;423;JARU;Acesso irregular;Colisão frontal;Com Vítimas Feridas;Anoitecer;Decrescente;Nevoeiro/Neblina;Dupla;"Em Obras;Desvio Temporário;Reta";Sim;3;0;2;0;1;0;2;2;-10,45220802;-62,46072003;SPRF-RO;DEL03-RO;UOP02-DEL03-RO
621639;16/08/2024;sexta-feira;20:20:00;MG;40;518;RIBEIRAO DAS NEVES;Reação tardia ou ineficiente do condutor;Saída de leito carroçável;Sem Vítimas;Plena Noite;Decrescente;Céu Claro;Dupla;"Retorno Regulamentado;Reta";Sim;1;0;0;0;1;0;0;1;-19,8321242;-44,08208533;SPRF-MG;DEL01-MG;UOP02-DEL01-MG
621640;11/08/2024;domingo;14:13:00;RO;364;604;ITAPUA DO OESTE;Reação tardia ou ineficiente do condutor;Colisão transversal;Com Vítimas Feridas;Pleno dia;Crescente;Céu Claro;Dupla;Reta;Sim;3;0;0;2;1;0;2;2;-9,19212253;-63,18883452;SPRF-RO;DEL01-RO;UOP04-DEL01-RO
621641;16/08/2024;sexta-feira;20:30:00;PB;230;185,4;POCINHOS;Reação tardia ou ineficiente do condutor;Colisão com objeto;Com Vítimas Feridas;Plena Noite;Decrescente;Céu Claro;Simples;"Em Obras;Reta";Não;1;0;1;0;0;0;1;1;-7,151;-36,1114;SPRF-PB;DEL02-PB;UOP02-DEL02-PB
621644;16/08/2024;sexta-feira;20:55:00;PR;376;3,8;MANDAGUARI;Desrespeitar a preferência no cruzamento;Colisão frontal;Com Vítimas Feridas;Plena Noite;Crescente;Céu Claro;Simples;Interseção de Vias;Sim;2;0;2;0;0;0;2;2;-23,547966;-51,671265;SPRF-PR;DEL09-PR;UOP01-DEL09-PR
621645;16/08/2024;sexta-feira;19:40:00;GO;70;9;AGUAS LINDAS DE GOIAS;Pedestre cruzava a pista fora da faixa;Atropelamento de Pedestre;Com Vítimas Fatais;Plena Noite;Decrescente;Céu Claro;Dupla;"Reta;Declive";Sim;2;1;0;0;1;0;0;2;-15,73576731;-48,28288046;SPRF-DF;DEL03-DF;UOP02-DEL03-DF
621646;16/08/2024;sexta-feira;19:00:00;MT;163;14;ITIQUIRA;Ausência de reação do condutor;Colisão lateral mesmo sentido;Com Vítimas Feridas;Plena Noite;Decrescente;Céu Claro;Simples;Rotatória;Sim;2;0;1;0;1;0;1;2;-17,396683;-54,758442;SPRF-MT;DEL02-MT;UOP03-DEL02-MT
621648;16/08/2024;sexta-feira;19:45:00;SP;116;99;PINDAMONHANGABA;Ausência de reação do condutor;Colisão traseira;Com Vítimas Feridas;Plena Noite;Crescente;Céu Claro;Dupla;Reta;Não;4;0;2;0;2;0;2;2;-22,98236971;-45,46436617;SPRF-SP;DEL08-SP;UOP01-DEL08-SP
621649;16/08/2024;sexta-feira;20:30:00;RJ;116;173;SAO JOAO DE MERITI;Condutor deixou de manter distância do veículo da frente;Colisão traseira;Com Vítimas Feridas;Plena Noite;Decrescente;Céu Claro;Dupla;Reta;Sim;2;0;1;0;1;0;1;2;-22,79677275;-43,36011577;SPRF-RJ;DEL06-RJ;UOP01-DEL06-RJ
621650;16/08/2024;sexta-feira;19:25:00;RJ;116;255;PINHEIRAL;Animais na Pista;Atropelamento de Animal;Com Vítimas Feridas;Plena Noite;Decrescente;Céu Claro;Dupla;Reta;Não;1;0;1;0;0;0;1;1;-22,58171235;-43,99533787;SPRF-RJ;DEL07-RJ;UOP01-DEL07-RJ
621651;16/08/2024;sexta-feira;20:15:00;MG;116;257,8;TEOFILO OTONI;Demais falhas na via;Saída de leito carroçável;Com Vítimas Feridas;Plena Noite;Decrescente;Céu Claro;Simples;Reta;Não;2;0;2;0;0;0;2;1;-17,706279;-41,486231;SPRF-MG;DEL11-MG;UOP01-DEL11-MG