id;data_inversa;dia_semana;horario;uf;br;km;municipio;causa_acidente;tipo_acidente;classificacao_acidente;fase_dia;sentido_via;condicao_metereologica;tipo_pista;tracado_via;uso_solo;pessoas;mortos;feridos_leves;feridos_graves;ilesos;ignorados;feridos;veiculos;latitude;longitude;regional;delegacia;uop
622234;19/08/2024;segunda-feira;06:15:00;SC;470;36,2;GASPAR;Reação tardia ou ineficiente do condutor;Colisão lateral mesmo sentido;Com Vítimas Feridas;Amanhecer;Decrescente;Nublado;Simples;Reta;Sim;2;0;1;0;0;1;1;2;-26,91460844;-48,97056526;SPRF-SC;DEL04-SC;UOP01-DEL04-SC
622235;19/08/2024;segunda-feira;06:20:00;ES;101;269,9;SERRA;Trafegar com motocicleta (ou similar) entre as faixas;Colisão traseira;Com Vítimas Feridas;Pleno dia;Decrescente;Céu Claro;Múltipla;"Reta;Interseção de Vias";Sim;2;0;1;0;1;0;1;2;-20,2244645;-40,2701816;SPRF-ES;DEL02-ES;UOP01-DEL02-ES
622236;18/08/2024;domingo;14:20:00;RJ;101;61;CAMPOS DOS GOYTACAZES;Ausência de reação do condutor;Colisão transversal;Com Vítimas Feridas;Pleno dia;Crescente;Céu Claro;Simples;Reta;Não;1;0;1;0;0;0;1;1;-21,72655788;-41,32133519;SPRF-RJ;DEL08-RJ;UOP01-DEL08-RJ
622237;19/08/2024;segunda-feira;06:30:00;MG;40;433,1;PARAOPEBA;Ausência de reação do condutor;Saída de leito carroçável;Sem Vítimas;Pleno dia;Decrescente;Céu Claro;Dupla;"Declive;Retorno Regulamentado;Reta";Não;1;0;0;0;0;1;0;1;-19,2086243;-44,46506923;SPRF-MG;DEL02-MG;UOP01-DEL02-MG
622239;19/08/2024;segunda-feira;06:50:00;RN;304;25,9;MOSSORO;Ausência de reação do condutor;Colisão transversal;Com Vítimas Feridas;Pleno dia;Crescente;Céu Claro;Simples;Reta;Sim;2;0;1;0;1;0;1;2;-5,07281407;-37,33179461;SPRF-RN;DEL04-RN;UOP02-DEL04-RN
622243;19/08/2024;segunda-feira;06:15:00;MG;50;176;UBERABA;Avarias e/ou desgaste excessivo no pneu;Tombamento;Com Vítimas Feridas;Amanhecer;Crescente;Céu Claro;Dupla;Reta;Sim;1;0;1;0;0;0;1;1;-19,779312;-47,955638;SPRF-MG;DEL13-MG;UOP01-DEL13-MG
622244;19/08/2024;segunda-feira;06:50:00;RN;101;96;NATAL;Chuva;Tombamento;Com Vítimas Feridas;Pleno dia;Decrescente;Chuva;Dupla;Reta;Sim;1;0;1;0;0;0;1;1;-5,84949622;-35,20890752;SPRF-RN;DEL01-RN;UOP01-DEL01-RN
622246;19/08/2024;segunda-feira;07:25:00;CE;116;11;FORTALEZA;Condutor deixou de manter distância do veículo da frente;Colisão traseira;Com Vítimas Feridas;Pleno dia;Crescente;Céu Claro;Dupla;Reta;Sim;2;0;1;0;1;0;1;2;-3,84394724;-38,49891546;SPRF-CE;DEL01-CE;UOP02-DEL01-CE
622247;19/08/2024;segunda-feira;07:30:00;CE;116;10,9;FORTALEZA;Condutor deixou de manter distância do veículo da frente;Colisão traseira;Com Vítimas Feridas;Pleno dia;Crescente;Céu Claro;Dupla;Reta;Sim;2;0;1;0;1;0;1;2;-3,83603805;-38,5027281;SPRF-CE;DEL01-CE;UOP02-DEL01-CE
622248;19/08/2024;segunda-feira;07:43:00;ES;101;66,5;SAO MATEUS;Reação tardia ou ineficiente do condutor;Colisão lateral mesmo sentido;Com Vítimas Feridas;Pleno dia;Crescente;Céu Claro;Simples;Reta;Sim;2;0;1;0;1;0;1;2;-18,72007976;-39,8674804;SPRF-ES;DEL04-ES;UOP02-DEL04-ES
622249;19/08/2024;segunda-feira;07:20:00;SC;470;140;RIO DO SUL;Conversão proibida;Colisão transversal;Com Vítimas Feridas;Pleno dia;Decrescente;Céu Claro;Simples;Reta;Sim;3;0;1;0;2;0;1;2;-27,222485;-49,662827;SPRF-SC;DEL04-SC;UOP02-DEL04-SC
622250;19/08/2024;segunda-feira;04:30:00;MG;365;526;MONTE CARMELO;Ingestão de substâncias psicoativas pelo condutor;Saída de leito carroçável;Com Vítimas Feridas;Amanhecer;Crescente;Céu Claro;Simples;Reta;Não;1;0;1;0;0;0;1;1;-18,91402048;-47,46113793;SPRF-MG;DEL10-MG;UOP01-DEL10-MG
622251;19/08/2024;segunda-feira;06:18:00;SP;153;106,3;JOSE BONIFACIO;Manobra de mudança de faixa;Colisão lateral mesmo sentido;Sem Vítimas;Pleno dia;Crescente;Céu Claro;Simples;"Reta;Interseção de Vias";Não;2;0;0;0;2;0;0;2;-21,05570394;-49,65851012;SPRF-SP;DEL09-SP;UOP01-DEL09-SP
622253;19/08/2024;segunda-feira;07:50:00;RS;290;92;PORTO ALEGRE;Ausência de reação do condutor;Colisão traseira;Sem Vítimas;Pleno dia;Decrescente;Nublado;Dupla;Reta;Sim;2;0;0;0;2;0;0;2;-29,971916;-51,176838;SPRF-RS;DEL01-RS;UOP01-DEL01-RS
622254;19/08/2024;segunda-feira;08:10:00;SP;116;208;GUARULHOS;Acessar a via sem observar a presença dos outros veículos;Colisão lateral mesmo sentido;Com Vítimas Feridas;Pleno dia;Decrescente;Céu Claro;Dupla;Reta;Sim;2;0;1;0;1;0;1;2;-23,42222263;-46,3932771;SPRF-SP;DEL01-SP;UOP01-DEL01-SP
622256;19/08/2024;segunda-feira;06:30:00;CE;20;401;CAUCAIA;Animais na Pista;Saída de leito carroçável;Com Vítimas Feridas;Pleno dia;Crescente;Céu Claro;Simples;Reta;Não;1;0;1;0;0;0;1;1;-3,79347474;-38,70838217;SPRF-CE;DEL01-CE;UOP01-DEL01-CE
622257;19/08/2024;segunda-feira;07:30:00;PB;101;94;CONDE;Condutor deixou de manter distância do veículo da frente;Colisão traseira;Com Vítimas Feridas;Pleno dia;Decrescente;Céu Claro;Dupla;Reta;Não;2;0;1;0;1;0;1;2;-7,21483297;-34,9117521;SPRF-PB;DEL01-PB;UOP02-DEL01-PB
622258;19/08/2024;segunda-feira;08:00:00;PR;116;116;CURITIBA;Manobra de mudança de faixa;Colisão lateral mesmo sentido;Com Vítimas Feridas;Pleno dia;Decrescente;Céu Claro;Dupla;Reta;Sim;3;0;1;0;1;1;1;2;-25,55468195;-49,27402397;SPRF-PR;DEL01-PR;UOP03-DEL01-PR
622259;26/07/2024;sexta-feira;18:54:00;BA;235;349;JUAZEIRO;Manobra de mudança de faixa;Colisão transversal;Com Vítimas Feridas;Plena Noite;Crescente;Céu Claro;Simples;"Reta;Interseção de Vias";Sim;2;0;1;0;1;0;1;2;-9,43174507;-40,49803816;SPRF-PE;DEL06-PE;UOP01-DEL06-PE
622260;19/08/2024;segunda-feira;07:45:00;PR;369;156;LONDRINA;Acessar a via sem observar a presença dos outros veículos;Colisão lateral mesmo sentido;Com Vítimas Feridas;Pleno dia;Decrescente;Céu Claro;Dupla;Reta;Sim;2;0;1;0;1;0;1;2;-23,29219468;-51,21605489;SPRF-PR;DEL07-PR;UOP01-DEL07-PR
622261;19/08/2024;segunda-feira;07:30:00;MG;365;624,7;UBERLANDIA;Ausência de reação do condutor;Colisão com objeto;Com Vítimas Feridas;Amanhecer;Decrescente;Céu Claro;Múltipla;Reta;Sim;2;0;2;0;0;0;2;1;-18,90829619;-48,30135942;SPRF-MG;DEL15-MG;UOP01-DEL15-MG
622262;19/08/2024;segunda-feira;08:00:00;CE;116;2;FORTALEZA;Ausência de reação do condutor;Colisão traseira;Com Vítimas Feridas;Amanhecer;Decrescente;Céu Claro;Múltipla;Reta;Sim;3;0;1;0;2;0;1;2;-3,77019802;-38,51724508;SPRF-CE;DEL01-CE;UOP02-DEL01-CE
622263;19/08/2024;segunda-feira;08:45:00;SC;101;209,6;SAO JOSE;Ausência de reação do condutor;Colisão traseira;Com Vítimas Feridas;Pleno dia;Crescente;Céu Claro;Múltipla;Reta;Sim;2;0;1;0;1;0;1;2;-27,61000542;-48,63895057;SPRF-SC;DEL01-SC;UOP01-DEL01-SC
622264;19/08/2024;segunda-feira;07:55:00;PR;277;82;CURITIBA;Trafegar com motocicleta (ou similar) entre as faixas;Colisão traseira;Com Vítimas Feridas;Pleno dia;Crescente;Céu Claro;Dupla;Reta;Sim;4;0;1;0;3;0;1;3;-25,45015989;-49,22825759;SPRF-PR;DEL01-PR;UOP07-DEL01-PR
622265;19/08/2024;segunda-feira;02:45:00;RJ;101;495;ANGRA DOS REIS;Velocidade Incompatível;Tombamento;Com Vítimas Feridas;Plena Noite;Decrescente;Céu Claro;Simples;Reta;Não;1;0;0;1;0;0;1;1;-22,93180313;-44,32178488;SPRF-RJ;DEL03-RJ;UOP03-DEL03-RJ
622267;19/08/2024;segunda-feira;07:50:00;BA;324;601;SIMOES FILHO;Trafegar com motocicleta (ou similar) entre as faixas;Colisão traseira;Com Vítimas Feridas;Pleno dia;Crescente;Céu Claro;Dupla;Declive;Não;3;0;1;0;2;0;1;3;-12,75619292;-38,42803587;SPRF-BA;DEL01-BA;UOP01-DEL01-BA
622268;19/08/2024;segunda-feira;09:05:00;MG;40;448,1;PARAOPEBA;Demais falhas na via;Queda de ocupante de veículo;Com Vítimas Feridas;Pleno dia;Crescente;Céu Claro;Dupla;"Aclive;Reta";Sim;2;0;2;0;0;0;2;2;-19,301651;-44,377922;SPRF-MG;DEL02-MG;UOP01-DEL02-MG
622269;19/08/2024;segunda-feira;09:20:00;GO;40;3;VALPARAISO DE GOIAS;Manobra de mudança de faixa;Colisão lateral mesmo sentido;Sem Vítimas;Pleno dia;Crescente;Céu Claro;Dupla;Reta;Sim;2;0;0;0;2;0;0;2;-16,076081;-47,985671;SPRF-DF;DEL01-DF;UOP01-DEL01-DF
622271;03/05/2024;sexta-feira;15:30:00;MA;230;535;CAROLINA;Ultrapassagem Indevida;Colisão traseira;Com Vítimas Feridas;Pleno dia;Decrescente;Céu Claro;Simples;Reta;Não;3;0;1;1;1;0;2;2;-7,37404345;-47,33940125;SPRF-MA;DEL05-MA;UOP01-DEL05-MA
622272;19/08/2024;segunda-feira;08:12:00;MA;316;401,8;ALTO ALEGRE DO MARANHAO;Condutor deixou de manter distância do veículo da frente;Colisão traseira;Com Vítimas Feridas;Pleno dia;Decrescente;Sol;Dupla;Reta;Sim;2;0;1;0;1;0;1;2;-4,206411;-44,453041;SPRF-MA;DEL03-MA;UOP01-DEL03-MA
622273;19/08/2024;segunda-feira;09:18:00;RS;158;322;SANTA MARIA;Desrespeitar a preferência no cruzamento;Colisão transversal;Com Vítimas Feridas;Pleno dia;Decrescente;Nevoeiro/Neblina;Múltipla;"Interseção de Vias;Rotatória";Sim;6;0;2;0;4;0;2;2;-29,69143328;-53,77424459;SPRF-RS;DEL09-RS;UOP01-DEL09-RS
622276;19/08/2024;segunda-feira;09:10:00;MA;226;301;BARRA DO CORDA;Ingestão de álcool pelo condutor;Queda de ocupante de veículo;Com Vítimas Feridas;Pleno dia;Decrescente;Céu Claro;Simples;Reta;Sim;1;0;1;0;0;0;1;1;-5,49793816;-45,25652507;SPRF-MA;DEL06-MA;UOP01-DEL06-MA
622277;19/08/2024;segunda-feira;09:00:00;ES;101;401,5;ITAPEMIRIM;Acessar a via sem observar a presença dos outros veículos;Colisão transversal;Com Vítimas Feridas;Pleno dia;Decrescente;Sol;Simples;"Declive;Curva";Não;5;0;1;0;4;0;1;2;-20,88887578;-40,98522663;SPRF-ES;DEL03-ES;UOP02-DEL03-ES
622278;05/04/2024;sexta-feira;15:30:00;SP;116;144,9;SAO JOSE DOS CAMPOS;Manobra de mudança de faixa;Tombamento;Com Vítimas Feridas;Pleno dia;Crescente;Céu Claro;Múltipla;Reta;Não;2;0;0;1;0;1;1;2;-23,18718749;-45,85594386;SPRF-SP;DEL02-SP;UOP01-DEL02-SP
622279;04/07/2024;quinta-feira;10:35:00;RN;101;175;BAIA FORMOSA;Ausência de reação do condutor;Colisão com objeto;Com Vítimas Feridas;Pleno dia;Decrescente;Céu Claro;Dupla;Reta;Sim;4;0;1;1;2;0;2;3;-6,493107;-35,11303402;SPRF-RN;DEL01-RN;UOP01-DEL01-RN
622280;19/08/2024;segunda-feira;09:40:00;MG;116;527,6;CARATINGA;Reação tardia ou ineficiente do condutor;Colisão traseira;Com Vítimas Feridas;Pleno dia;Crescente;Sol;Simples;Reta;Sim;2;0;1;0;1;0;1;2;-19,79447;-42,137479;SPRF-MG;DEL06-MG;UOP02-DEL06-MG
622283;19/08/2024;segunda-feira;06:55:00;SC;280;4;SAO FRANCISCO DO SUL;Pista Escorregadia;Colisão transversal;Com Vítimas Feridas;Pleno dia;Crescente;Céu Claro;Simples;Reta;Sim;2;0;1;0;1;0;1;2;-26,25329566;-48,61916042;SPRF-SC;DEL03-SC;UOP03-DEL03-SC
622284;19/08/2024;segunda-feira;08:50:00;SP;459;30;LORENA;Reação tardia ou ineficiente do condutor;Colisão lateral mesmo sentido;Com Vítimas Feridas;Pleno dia;Crescente;Sol;Simples;Rotatória;Sim;3;0;1;0;2;0;1;2;-22,73185705;-45,09945631;SPRF-SP;DEL08-SP;UOP02-DEL08-SP
622285;19/08/2024;segunda-feira;01:50:00;MA;222;519,1;BURITICUPU;Transitar na contramão;Colisão frontal;Com Vítimas Fatais;Plena Noite;Crescente;Céu Claro;Simples;Curva;Não;2;1;0;0;1;0;0;2;-4,3492158;-46,39916298;SPRF-MA;DEL02-MA;UOP01-DEL02-MA
622286;19/08/2024;segunda-feira;08:45:00;RJ;116;175;SAO JOAO DE MERITI;Ausência de reação do condutor;Colisão com objeto;Com Vítimas Feridas;Pleno dia;Crescente;Céu Claro;Múltipla;Reta;Sim;3;0;1;0;1;1;1;1;-22,78923555;-43,37275272;SPRF-RJ;DEL06-RJ;UOP01-DEL06-RJ
622287;19/08/2024;segunda-feira;09:50:00;GO;60;347;SANTO ANTONIO DA BARRA;Mal súbito do condutor;Colisão com objeto;Com Vítimas Feridas;Pleno dia;Crescente;Céu Claro;Dupla;"Reta;Declive";Não;2;0;1;0;1;0;1;1;-17,578375;-50,6888;SPRF-GO;DEL04-GO;UOP02-DEL04-GO
622289;09/08/2024;sexta-feira;18:50:00;PI;135;314;CRISTINO CASTRO;Animais na Pista;Atropelamento de Animal;Com Vítimas Fatais;Plena Noite;Crescente;Céu Claro;Simples;Reta;Não;4;1;1;2;0;0;3;1;-8,79461113;-44,20830082;SPRF-PI;DEL03-PI;UOP02-DEL03-PI
622291;19/08/2024;segunda-feira;10:00:00;PE;232;69,8;GRAVATA;Condutor Dormindo;Colisão com objeto;Com Vítimas Feridas;Pleno dia;Crescente;Chuva;Dupla;Reta;Não;2;0;1;1;0;0;2;1;-8,17240309;-35,47993595;SPRF-PE;DEL02-PE;UOP02-DEL02PE
622293;19/08/2024;segunda-feira;11:08:00;RS;158;324;SANTA MARIA;Ausência de reação do condutor;Atropelamento de Pedestre;Com Vítimas Feridas;Pleno dia;Decrescente;Céu Claro;Dupla;"Em Obras;Reta";Sim;2;0;0;1;1;0;1;2;-29,70340072;-53,79439138;SPRF-RS;DEL09-RS;UOP01-DEL09-RS
622295;19/08/2024;segunda-feira;11:30:00;PE;232;4,6;RECIFE;Reação tardia ou ineficiente do condutor;Colisão traseira;Com Vítimas Feridas;Pleno dia;Crescente;Céu Claro;Dupla;"Em Obras;Viaduto;Desvio Temporário;Aclive";Sim;2;0;1;0;1;0;1;2;-8,066728;-34,942155;SPRF-PE;DEL01-PE;UOP01-DEL01-PE
622299;19/08/2024;segunda-feira;11:45:00;RN;406;170;SAO GONCALO DO AMARANTE;Pista esburacada;Queda de ocupante de veículo;Com Vítimas Feridas;Pleno dia;Decrescente;Céu Claro;Dupla;Reta;Sim;1;0;1;0;0;0;1;1;-5,75872063;-35,29921986;SPRF-RN;DEL02-RN;UOP01-DEL02-RN
622301;19/08/2024;segunda-feira;12:05:00;MG;381;492,9;BETIM;Avarias e/ou desgaste excessivo no pneu;Tombamento;Com Vítimas Feridas;Pleno dia;Crescente;Sol;Múltipla;Reta;Sim;2;0;1;1;0;0;2;1;-19,97490091;-44,19004301;SPRF-MG;DEL01-MG;UOP03-DEL01-MG
622305;19/08/2024;segunda-feira;10:00:00;AC;364;211;BUJARI;Demais Fenômenos da natureza;Incêndio;Sem Vítimas;Pleno dia;Crescente;Céu Claro;Simples;Reta;Não;1;0;0;0;1;0;0;1;-9,516546;-68,331357;SPRF-AC;DEL01-AC;UOP01-DEL01-AC
622307;19/08/2024;segunda-feira;13:20:00;SP;116;214;GUARULHOS;Ausência de reação do condutor;Colisão lateral mesmo sentido;Com Vítimas Feridas;Pleno dia;Decrescente;Sol;Múltipla;Reta;Não;2;0;1;0;1;0;1;2;-23,44333014;-46,44531294;SPRF-SP;DEL01-SP;UOP01-DEL01-SP
622309;19/08/2024;segunda-feira;13:50:00;ES;101;264;SERRA;Ausência de reação do condutor;Colisão lateral mesmo sentido;Com Vítimas Feridas;Pleno dia;Decrescente;Céu Claro;Dupla;Reta;Sim;2;0;1;0;1;0;1;2;-20,17292791;-40,26736384;SPRF-ES;DEL02-ES;UOP01-DEL02-ES
622310;19/08/2024;segunda-feira;13:20:00;MG;40;547;NOVA LIMA;Avarias e/ou desgaste excessivo no pneu;Tombamento;Com Vítimas Feridas;Pleno dia;Crescente;Céu Claro;Dupla;"Aclive;Reta";Sim;2;0;2;0;0;0;2;1;-20,02252424;-43,97026042;SPRF-MG;DEL01-MG;UOP02-DEL01-MG
622312;19/08/2024;segunda-feira;13:45:00;SP;116;145,7;SAO JOSE DOS CAMPOS;Ausência de reação do condutor;Engavetamento;Com Vítimas Feridas;Pleno dia;Crescente;Céu Claro;Dupla;Reta;Sim;4;0;0;1;3;0;1;3;-23,18757852;-45,85620403;SPRF-SP;DEL02-SP;UOP01-DEL02-SP
622313;19/08/2024;segunda-feira;13:40:00;DF;60;5,7;BRASILIA;Entrada inopinada do pedestre;Atropelamento de Pedestre;Com Vítimas Feridas;Pleno dia;Crescente;Céu Claro;Dupla;"Reta;Aclive";Sim;2;0;0;1;1;0;1;2;-15,895438;-48,104771;SPRF-DF;DEL03-DF;UOP01-DEL03-DF
622314;19/08/2024;segunda-feira;14:20:00;RJ;116;183;NOVA IGUACU;Manobra de mudança de faixa;Colisão lateral mesmo sentido;Com Vítimas Feridas;Pleno dia;Crescente;Céu Claro;Dupla;Reta;Sim;3;0;1;0;2;0;1;2;-22,7516014;-43,43849831;SPRF-RJ;DEL06-RJ;UOP01-DEL06-RJ
622315;19/08/2024;segunda-feira;12:25:00;PE;423;68;JUPI;Demais falhas na via;Queda de ocupante de veículo;Com Vítimas Feridas;Pleno dia;Crescente;Nublado;Simples;Reta;Não;1;0;1;0;0;0;1;1;-8,68013626;-36,40491486;SPRF-PE;DEL03-PE;UOP01-DEL03-PE
622317;19/08/2024;segunda-feira;14:28:00;SE;235;4,5;NOSSA SENHORA DO SOCORRO;Transtornos Mentais (exceto suicidio);Queda de ocupante de veículo;Com Vítimas Feridas;Pleno dia;Crescente;Céu Claro;Dupla;Reta;Não;2;0;1;0;1;0;1;1;-10,9041;-37,1278;SPRF-SE;DEL01-SE;UOP01-DEL01-SE
622319;19/08/2024;segunda-feira;09:30:00;RJ;116;26;SAPUCAIA;Velocidade Incompatível;Capotamento;Com Vítimas Feridas;Pleno dia;Decrescente;Céu Claro;Simples;Curva;Não;1;0;1;0;0;0;1;1;-22,04634998;-42,7844458;SPRF-RJ;DEL05-RJ;UOP01-DEL05-RJ
622320;19/08/2024;segunda-feira;14:25:00;ES;101;282,7;CARIACICA;Transitar na contramão;Colisão frontal;Com Vítimas Feridas;Pleno dia;Decrescente;Sol;Múltipla;Curva;Sim;2;0;1;0;1;0;1;2;-20,22694;-40,36458;SPRF-ES;DEL01-ES;UOP01-DEL01-ES
622324;19/08/2024;segunda-feira;13:40:00;SP;116;364;MIRACATU;Avarias e/ou desgaste excessivo no pneu;Queda de ocupante de veículo;Com Vítimas Feridas;Pleno dia;Decrescente;Céu Claro;Dupla;Curva;Não;2;0;2;0;0;0;2;1;-24,14531118;-47,27336288;SPRF-SP;DEL04-SP;UOP02-DEL04-SP
622325;19/08/2024;segunda-feira;14:35:00;PR;116;114,8;CURITIBA;Reação tardia ou ineficiente do condutor;Tombamento;Com Vítimas Feridas;Pleno dia;Decrescente;Céu Claro;Simples;"Declive;Reta";Sim;1;0;1;0;0;0;1;1;-25,54571336;-49,30150151;SPRF-PR;DEL01-PR;UOP07-DEL01-PR
622327;19/08/2024;segunda-feira;15:15:00;SC;101;213,4;PALHOCA;Demais falhas mecânicas ou elétricas;Incêndio;Sem Vítimas;Pleno dia;Decrescente;Céu Claro;Dupla;Viaduto;Sim;1;0;0;0;1;0;0;1;-27,64443;-48,67057;SPRF-SC;DEL01-SC;UOP02-DEL01-SC
622329;19/08/2024;segunda-feira;15:15:00;SC;280;29;ARAQUARI;Reação tardia ou ineficiente do condutor;Colisão traseira;Com Vítimas Feridas;Pleno dia;Crescente;Céu Claro;Simples;Reta;Não;4;0;1;0;3;0;1;3;-26,41066264;-48,75295628;SPRF-SC;DEL03-SC;UOP03-DEL03-SC
622330;19/08/2024;segunda-feira;15:05:00;MT;70;516;VARZEA GRANDE;Transitar no Acostamento;Colisão transversal;Com Vítimas Feridas;Pleno dia;Crescente;Sol;Simples;Reta;Sim;2;0;0;1;1;0;1;2;-15,702324;-56,154664;SPRF-MT;DEL01-MT;UOP02-DEL01-MT
622333;19/08/2024;segunda-feira;13:00:00;RO;319;33;PORTO VELHO;Ultrapassagem Indevida;Colisão lateral mesmo sentido;Com Vítimas Feridas;Pleno dia;Crescente;Céu Claro;Simples;Reta;Sim;2;0;0;1;0;1;1;2;-8,576663;-63,992443;SPRF-RO;DEL01-RO;UOP01-DEL01-RO
622335;19/08/2024;segunda-feira;15:45:00;CE;116;4;FORTALEZA;Manobra de mudança de faixa;Colisão lateral mesmo sentido;Com Vítimas Feridas;Pleno dia;Crescente;Céu Claro;Múltipla;Reta;Sim;2;0;1;0;1;0;1;2;-3,78674022;-38,51160044;SPRF-CE;DEL01-CE;UOP02-DEL01-CE
622336;02/06/2024;domingo;17:53:00;GO;40;34;LUZIANIA;Ausência de reação do condutor;Queda de ocupante de veículo;Com Vítimas Feridas;Anoitecer;Crescente;Ignorado;Dupla;Reta;Não;2;0;0;1;1;0;1;2;-16,307704;-47,843207;SPRF-DF;DEL01-DF;UOP01-DEL01-DF
622338;19/08/2024;segunda-feira;15:10:00;GO;153;510;APARECIDA DE GOIANIA;Ausência de reação do condutor;Colisão traseira;Com Vítimas Feridas;Pleno dia;Crescente;Céu Claro;Dupla;Reta;Sim;3;0;2;0;1;0;2;2;-16,7977;-49,2386;SPRF-GO;DEL01-GO;UOP03-DEL01-GO
622340;19/08/2024;segunda-feira;16:30:00;SC;101;207,4;SAO JOSE;Reação tardia ou ineficiente do condutor;Colisão lateral mesmo sentido;Com Vítimas Feridas;Pleno dia;Crescente;Nublado;Múltipla;Reta;Sim;3;0;2;0;1;0;2;2;-27,60001226;-48,6226467;SPRF-SC;DEL01-SC;UOP01-DEL01-SC
622343;19/08/2024;segunda-feira;16:50:00;MG;381;666;PERDOES;Transitar no Acostamento;Colisão traseira;Com Vítimas Feridas;Pleno dia;Crescente;Céu Claro;Dupla;"Declive;Reta";Não;2;0;0;1;1;0;1;2;-21,05519234;-45,04088189;SPRF-MG;DEL04-MG;UOP02-DEL04-MG
622344;19/08/2024;segunda-feira;15:00:00;AL;316;118;CACIMBINHAS;Objeto estático sobre o leito carroçável;Colisão com objeto;Com Vítimas Feridas;Pleno dia;Crescente;Nublado;Simples;Reta;Não;2;0;2;0;0;0;2;1;-9,3996897;-36,957234;SPRF-AL;DEL03-AL;UOP01-DEL03-AL
622345;19/08/2024;segunda-feira;15:10:00;RJ;101;386;RIO DE JANEIRO;Manobra de mudança de faixa;Colisão lateral mesmo sentido;Com Vítimas Feridas;Pleno dia;Decrescente;Céu Claro;Dupla;Reta;Sim;2;0;1;0;1;0;1;2;-22,88295192;-43,64094302;SPRF-RJ;DEL03-RJ;UOP01-DEL03-RJ
622346;19/08/2024;segunda-feira;17:00:00;RJ;116;181;NOVA IGUACU;Demais falhas mecânicas ou elétricas;Incêndio;Sem Vítimas;Pleno dia;Crescente;Sol;Múltipla;Reta;Não;1;0;0;0;1;0;0;1;-22,761312;-43,423492;SPRF-RJ;DEL06-RJ;UOP01-DEL06-RJ
622347;19/08/2024;segunda-feira;16:30:00;MG;40;516;RIBEIRAO DAS NEVES;Manobra de mudança de faixa;Colisão lateral mesmo sentido;Com Vítimas Feridas;Pleno dia;Crescente;Céu Claro;Dupla;"Reta;Aclive";Sim;2;0;0;1;1;0;1;2;-19,81628624;-44,08960124;SPRF-MG;DEL01-MG;UOP02-DEL01-MG
622349;19/08/2024;segunda-feira;17:12:00;SP;153;59;SAO JOSE DO RIO PRETO;Ausência de reação do condutor;Saída de leito carroçável;Com Vítimas Feridas;Pleno dia;Decrescente;Céu Claro;Dupla;Reta;Sim;4;0;2;0;2;0;2;1;-20,78733103;-49,35399276;SPRF-SP;DEL09-SP;UOP01-DEL09-SP
622350;19/08/2024;segunda-feira;14:40:00;RJ;40;112;DUQUE DE CAXIAS;Avarias e/ou desgaste excessivo no pneu;Tombamento;Com Vítimas Feridas;Pleno dia;Decrescente;Céu Claro;Dupla;Reta;Sim;2;0;2;0;0;0;2;1;-22,7004454;-43,29014851;SPRF-RJ;DEL01-RJ;UOP02-DEL01-RJ
622352;19/08/2024;segunda-feira;17:34:00;SP;153;59,9;SAO JOSE DO RIO PRETO;Condutor deixou de manter distância do veículo da frente;Colisão traseira;Sem Vítimas;Pleno dia;Decrescente;Céu Claro;Simples;Reta;Sim;2;0;0;0;2;0;0;2;-20,78733103;-49,35399276;SPRF-SP;DEL09-SP;UOP01-DEL09-SP
622353;19/08/2024;segunda-feira;17:20:00;SC;280;28;ARAQUARI;Acessar a via sem observar a presença dos outros veículos;Colisão transversal;Com Vítimas Feridas;Pleno dia;Crescente;Céu Claro;Simples;Reta;Não;2;0;1;0;1;0;1;2;-26,40450077;-48,74561031;SPRF-SC;DEL03-SC;UOP03-DEL03-SC
622355;19/08/2024;segunda-feira;17:39:00;ES;101;91,2;JAGUARE;Conversão proibida;Colisão frontal;Com Vítimas Feridas;Anoitecer;Crescente;Céu Claro;Simples;Retorno Regulamentado;Não;2;0;1;1;0;0;2;2;-18,90626994;-39,95995813;SPRF-ES;DEL04-ES;UOP02-DEL04-ES
622356;19/08/2024;segunda-feira;17:10:00;SC;282;5;SAO JOSE;Reação tardia ou ineficiente do condutor;Colisão lateral mesmo sentido;Com Vítimas Feridas;Pleno dia;Crescente;Céu Claro;Múltipla;Reta;Sim;2;0;1;0;1;0;1;2;-27,588425;-48,612919;SPRF-SC;DEL01-SC;UOP01-DEL01-SC
622357;03/07/2024;quarta-feira;07:20:00;SC;282;2,5;FLORIANOPOLIS;Condutor deixou de manter distância do veículo da frente;Colisão traseira;Com Vítimas Feridas;Pleno dia;Decrescente;Céu Claro;Múltipla;Reta;Sim;2;0;1;0;1;0;1;2;-27,603289;-48,590416;SPRF-SC;DEL01-SC;UOP01-DEL01-SC
622358;19/08/2024;segunda-feira;18:00:00;SC;101;31;JOINVILLE;Manobra de mudança de faixa;Colisão traseira;Com Vítimas Feridas;Anoitecer;Crescente;Sol;Dupla;Reta;Não;2;0;1;0;1;0;1;2;-26,246095;-48,910037;SPRF-SC;DEL03-SC;UOP01-DEL03-SC
622359;19/08/2024;segunda-feira;11:05:00;SC;470;172;POUSO REDONDO;Condutor deixou de manter distância do veículo da frente;Colisão lateral mesmo sentido;Com Vítimas Feridas;Pleno dia;Decrescente;Céu Claro;Simples;Reta;Sim;2;0;1;0;1;0;1;2;-27,257526;-49,909592;SPRF-SC;DEL04-SC;UOP02-DEL04-SC
622360;19/08/2024;segunda-feira;18:00:00;PB;230;492,6;CAJAZEIRAS;Animais na Pista;Atropelamento de Animal;Com Vítimas Feridas;Plena Noite;Crescente;Céu Claro;Simples;Reta;Não;1;0;1;0;0;0;1;1;-6,8721;-38,4409;SPRF-PB;DEL03-PB;UOP03-DEL03-PB