id;data_inversa;dia_semana;horario;uf;br;km;municipio;causa_acidente;tipo_acidente;classificacao_acidente;fase_dia;sentido_via;condicao_metereologica;tipo_pista;tracado_via;uso_solo;pessoas;mortos;feridos_leves;feridos_graves;ilesos;ignorados;feridos;veiculos;latitude;longitude;regional;delegacia;uop
622604;20/08/2024;terça-feira;19:25:00;SC;116;141,3;SANTA CECILIA;Acessar a via sem observar a presença dos outros veículos;Colisão lateral mesmo sentido;Com Vítimas Feridas;Plena Noite;Crescente;Céu Claro;Simples;"Reta;Interseção de Vias";Sim;2;0;0;1;1;0;1;2;-26,97282394;-50,40309796;SPRF-SC;DEL06-SC;UOP02-DEL06-SC
622605;20/08/2024;terça-feira;23:15:00;PB;230;57;CRUZ DO ESPIRITO SANTO;Acessar a via sem observar a presença dos outros veículos;Colisão traseira;Com Vítimas Feridas;Plena Noite;Decrescente;Céu Claro;Dupla;"Reta;Retorno Regulamentado";Sim;3;0;1;1;0;1;2;2;-7,2028;-35,1125;SPRF-PB;DEL01-PB;UOP03-DEL01-PB
622606;20/08/2024;terça-feira;08:25:00;RJ;101;321;NITEROI;Condutor deixou de manter distância do veículo da frente;Colisão traseira;Com Vítimas Feridas;Pleno dia;Crescente;Céu Claro;Múltipla;Reta;Sim;4;0;1;0;3;0;1;2;-22,86981096;-43,11046465;SPRF-RJ;DEL02-RJ;UOP01-DEL02-RJ
622607;20/08/2024;terça-feira;09:10:00;BA;324;619;SALVADOR;Objeto estático sobre o leito carroçável;Colisão com objeto;Com Vítimas Feridas;Pleno dia;Crescente;Nublado;Dupla;Reta;Não;1;0;0;1;0;0;1;1;-12,89820999;-38,45012202;SPRF-BA;DEL01-BA;UOP01-DEL01-BA
622609;21/08/2024;quarta-feira;00:35:00;PE;232;11;JABOATAO DOS GUARARAPES;Iluminação deficiente;Queda de ocupante de veículo;Com Vítimas Feridas;Plena Noite;Decrescente;Céu Claro;Dupla;Reta;Não;1;0;1;0;0;0;1;1;-8,08195464;-34,99545022;SPRF-PE;DEL01-PE;UOP01-DEL01-PE
622610;21/08/2024;quarta-feira;00:40:00;SP;381;58;MAIRIPORA;Ausência de reação do condutor;Atropelamento de Animal;Sem Vítimas;Plena Noite;Crescente;Ignorado;Múltipla;"Reta;Declive";Não;3;0;0;0;3;0;0;3;-23,27438497;-46,58530615;SPRF-SP;DEL03-SP;UOP01-DEL03-SP
622611;21/08/2024;quarta-feira;01:15:00;SC;101;136;BALNEARIO CAMBORIU;Reação tardia ou ineficiente do condutor;Tombamento;Com Vítimas Feridas;Plena Noite;Crescente;Garoa/Chuvisco;Múltipla;"Declive;Curva";Sim;1;0;1;0;0;0;1;1;-27,008113;-48,617245;SPRF-SC;DEL04-SC;UOP03-DEL04-SC
622613;21/08/2024;quarta-feira;03:27:00;SP;116;308;SAO LOURENCO DA SERRA;Ausência de reação do condutor;Atropelamento de Pedestre;Com Vítimas Feridas;Plena Noite;Decrescente;Céu Claro;Dupla;Retorno Regulamentado;Sim;2;0;0;1;1;0;1;2;-23,86213995;-46,94718508;SPRF-SP;DEL04-SP;UOP01-DEL04-SP
622618;21/08/2024;quarta-feira;03:00:00;RO;364;657;CANDEIAS DO JAMARI;Animais na Pista;Atropelamento de Animal;Com Vítimas Feridas;Pleno dia;Crescente;Nevoeiro/Neblina;Simples;Reta;Não;1;0;1;0;0;0;1;1;-8,85860999;-63,44479296;SPRF-RO;DEL01-RO;UOP01-DEL01-RO
622621;21/08/2024;quarta-feira;03:40:00;RS;158;536,7;SANTANA DO LIVRAMENTO;Reação tardia ou ineficiente do condutor;Saída de leito carroçável;Sem Vítimas;Plena Noite;Decrescente;Nublado;Simples;Reta;Não;3;0;0;0;2;1;0;2;-30,79596223;-55,22636694;SPRF-RS;DEL11-RS;UOP01-DEL11-RS
622624;21/08/2024;quarta-feira;06:40:00;SC;101;153;ITAPEMA;Pista Escorregadia;Tombamento;Com Vítimas Feridas;Amanhecer;Crescente;Nublado;Dupla;Retorno Regulamentado;Sim;1;0;1;0;0;0;1;1;-27,144717;-48,61063935;SPRF-SC;DEL04-SC;UOP03-DEL04-SC
622626;21/08/2024;quarta-feira;06:57:00;SP;153;54,5;SAO JOSE DO RIO PRETO;Manobra de mudança de faixa;Colisão traseira;Com Vítimas Feridas;Pleno dia;Decrescente;Céu Claro;Dupla;"Reta;Aclive";Não;2;0;0;1;1;0;1;2;-20,74488916;-49,33894564;SPRF-SP;DEL09-SP;UOP01-DEL09-SP
622628;20/08/2024;terça-feira;18:50:00;BA;101;677;ITAGIMIRIM;Acessar a via sem observar a presença dos outros veículos;Colisão transversal;Com Vítimas Feridas;Plena Noite;Crescente;Nublado;Simples;Reta;Não;2;0;0;1;1;0;1;2;-16,08689994;-39,61953193;SPRF-BA;DEL09-BA;UOP01-DEL09-BA
622629;21/08/2024;quarta-feira;07:40:00;PB;101;99;CONDE;Avarias e/ou desgaste excessivo no pneu;Tombamento;Com Vítimas Feridas;Pleno dia;Decrescente;Céu Claro;Dupla;Reta;Não;2;0;2;0;0;0;2;1;-7,25198474;-34,93301511;SPRF-PB;DEL01-PB;UOP02-DEL01-PB
622630;21/08/2024;quarta-feira;07:15:00;PB;230;11,2;CABEDELO;Ausência de reação do condutor;Colisão lateral mesmo sentido;Com Vítimas Feridas;Pleno dia;Decrescente;Céu Claro;Dupla;Reta;Sim;3;0;1;0;2;0;1;2;-7,0596;-34,8506;SPRF-PB;DEL01-PB;UOP01-DEL01-PB
622632;21/08/2024;quarta-feira;07:40:00;PR;277;593,3;CASCAVEL;Manobra de mudança de faixa;Colisão lateral mesmo sentido;Com Vítimas Feridas;Pleno dia;Crescente;Céu Claro;Simples;"Reta;Aclive";Não;2;0;1;0;1;0;1;2;-24,98082053;-53,48254989;SPRF-PR;DEL04-PR;UOP01-DEL04-PR
622635;21/08/2024;quarta-feira;06:40:00;MG;381;452,1;SABARA;Ausência de reação do condutor;Colisão lateral mesmo sentido;Com Vítimas Feridas;Pleno dia;Crescente;Céu Claro;Simples;Reta;Sim;2;0;1;0;1;0;1;2;-19,83437722;-43,858248;SPRF-MG;DEL01-MG;UOP01-DEL01-MG
622636;21/08/2024;quarta-feira;07:50:00;SP;116;138;SAO JOSE DOS CAMPOS;Manobra de mudança de faixa;Colisão lateral mesmo sentido;Com Vítimas Feridas;Pleno dia;Crescente;Céu Claro;Dupla;Reta;Não;3;0;1;0;2;0;1;3;-23,1572739;-45,79554605;SPRF-SP;DEL02-SP;UOP01-DEL02-SP
622638;21/08/2024;quarta-feira;05:55:00;PI;343;4;TERESINA;Condutor desrespeitou a iluminação vermelha do semáforo;Colisão transversal;Com Vítimas Feridas;Pleno dia;Decrescente;Céu Claro;Múltipla;Reta;Sim;2;0;0;1;1;0;1;2;-5,089569;-42,802288;SPRF-PI;DEL01-PI;UOP01-DEL01-PI
622640;21/08/2024;quarta-feira;02:10:00;MG;153;228;FRONTEIRA;Demais falhas mecânicas ou elétricas;Incêndio;Com Vítimas Feridas;Amanhecer;Crescente;Céu Claro;Simples;Reta;Não;1;0;1;0;0;0;1;1;-20,21805522;-49,14354072;SPRF-MG;DEL13-MG;UOP02-DEL13-MG
622642;21/08/2024;quarta-feira;07:50:00;SC;101;39;JOINVILLE;Desrespeitar a preferência no cruzamento;Colisão transversal;Com Vítimas Feridas;Pleno dia;Crescente;Céu Claro;Dupla;"Rotatória;Viaduto";Sim;3;0;2;0;1;0;2;2;-26,2628107;-48,90192257;SPRF-SC;DEL03-SC;UOP01-DEL03-SC
622643;21/08/2024;quarta-feira;08:06:00;SC;101;42,2;JOINVILLE;Ausência de reação do condutor;Colisão traseira;Com Vítimas Feridas;Pleno dia;Decrescente;Nublado;Dupla;Reta;Não;4;0;1;0;3;0;1;4;-26,32464981;-48,86673152;SPRF-SC;DEL03-SC;UOP01-DEL03-SC
622644;21/08/2024;quarta-feira;08:00:00;BA;324;526;FEIRA DE SANTANA;Acessar a via sem observar a presença dos outros veículos;Colisão lateral mesmo sentido;Com Vítimas Feridas;Pleno dia;Crescente;Céu Claro;Dupla;Reta;Não;2;0;1;0;0;1;1;2;-12,30639712;-38,89051509;SPRF-BA;DEL01-BA;UOP03-DEL01-BA
622646;21/08/2024;quarta-feira;06:30:00;RJ;116;174;SAO JOAO DE MERITI;Reação tardia ou ineficiente do condutor;Colisão lateral mesmo sentido;Com Vítimas Feridas;Pleno dia;Decrescente;Nublado;Dupla;Reta;Não;3;0;2;0;1;0;2;2;-22,79423806;-43,36403759;SPRF-RJ;DEL06-RJ;UOP01-DEL06-RJ
622647;21/08/2024;quarta-feira;07:50:00;SP;153;59,9;SAO JOSE DO RIO PRETO;Trafegar com motocicleta (ou similar) entre as faixas;Colisão traseira;Com Vítimas Feridas;Pleno dia;Crescente;Céu Claro;Dupla;Reta;Sim;3;0;1;0;1;1;1;3;-20,78733103;-49,35399276;SPRF-SP;DEL09-SP;UOP01-DEL09-SP
622648;21/08/2024;quarta-feira;07:20:00;RS;101;83;OSORIO;Condutor deixou de manter distância do veículo da frente;Colisão traseira;Com Vítimas Feridas;Pleno dia;Crescente;Nublado;Dupla;Reta;Sim;9;0;3;0;6;0;3;2;-29,85169301;-50,24642896;SPRF-RS;DEL03-RS;UOP01-DEL03-RS
622650;21/08/2024;quarta-feira;07:10:00;PR;277;99;CURITIBA;Ausência de reação do condutor;Tombamento;Com Vítimas Feridas;Pleno dia;Crescente;Nublado;Dupla;Interseção de Vias;Não;1;0;1;0;0;0;1;1;-25,43157245;-49,36492327;SPRF-PR;DEL01-PR;UOP06-DEL01-PR
622651;21/08/2024;quarta-feira;08:40:00;PI;316;310,1;PICOS;Ausência de reação do condutor;Colisão transversal;Com Vítimas Feridas;Pleno dia;Decrescente;Céu Claro;Simples;Reta;Sim;3;0;3;0;0;0;3;2;-7,076166;-41,47305;SPRF-PI;DEL04-PI;UOP01-DEL04-PI
622654;21/08/2024;quarta-feira;05:50:00;MT;158;646;NOVA XAVANTINA;Deficiência do Sistema de Iluminação/Sinalização;Saída de leito carroçável;Com Vítimas Feridas;Amanhecer;Crescente;Céu Claro;Simples;Reta;Não;5;0;1;0;3;1;1;2;-14,61526101;-52,35791414;SPRF-MT;DEL07-MT;UOP02-DEL07-MT
622655;21/08/2024;quarta-feira;09:00:00;RN;101;95;NATAL;Condutor deixou de manter distância do veículo da frente;Colisão traseira;Com Vítimas Feridas;Pleno dia;Decrescente;Céu Claro;Dupla;Reta;Sim;3;0;0;2;1;0;2;2;-5,83176615;-35,21191342;SPRF-RN;DEL01-RN;UOP01-DEL01-RN
622656;21/08/2024;quarta-feira;08:10:00;PI;0;0;TERESINA;Reação tardia ou ineficiente do condutor;Colisão com objeto;Sem Vítimas;Pleno dia;Não Informado;Céu Claro;Simples;"Reta;Interseção de Vias";Sim;1;0;0;0;1;0;0;1;-5,0812556;-42,7846845;SPRF-PI;N/A;N/A
622660;21/08/2024;quarta-feira;09:11:00;PB;230;8,4;CABEDELO;Manobra de mudança de faixa;Colisão lateral mesmo sentido;Com Vítimas Feridas;Pleno dia;Decrescente;Céu Claro;Dupla;Reta;Não;3;0;1;0;2;0;1;2;-7,0355;-34,8429;SPRF-PB;DEL01-PB;UOP01-DEL01-PB
622661;21/08/2024;quarta-feira;09:20:00;ES;101;148,9;LINHARES;Desrespeitar a preferência no cruzamento;Colisão transversal;Sem Vítimas;Pleno dia;Decrescente;Céu Claro;Simples;"Reta;Interseção de Vias";Sim;3;0;0;0;2;1;0;3;-19,38787399;-40,06752766;SPRF-ES;DEL04-ES;UOP01-DEL04-ES
622662;21/08/2024;quarta-feira;08:00:00;AL;316;262;SATUBA;Acessar a via sem observar a presença dos outros veículos;Colisão transversal;Com Vítimas Feridas;Pleno dia;Crescente;Céu Claro;Simples;Reta;Não;10;0;0;1;9;0;1;2;-9,58877051;-35,88700493;SPRF-AL;DEL02-AL;UOP01-DEL02-AL
622663;22/06/2024;sábado;14:00:00;RJ;101;382;RIO DE JANEIRO;Transitar no Acostamento;Colisão traseira;Com Vítimas Feridas;Pleno dia;Decrescente;Céu Claro;Múltipla;Reta;Não;3;0;0;1;2;0;1;2;-22,87265669;-43,60655915;SPRF-RJ;DEL03-RJ;UOP01-DEL03-RJ
622664;21/08/2024;quarta-feira;04:30:00;MT;70;346;DOM AQUINO;Acessar a via sem observar a presença dos outros veículos;Colisão transversal;Com Vítimas Feridas;Amanhecer;Decrescente;Céu Claro;Simples;Reta;Não;12;0;1;1;10;0;2;2;-15,498667;-54,886187;SPRF-MT;DEL05-MT;UOP02-DEL05-MT
622666;20/07/2024;sábado;09:50:00;DF;20;14;BRASILIA;Reação tardia ou ineficiente do condutor;Colisão lateral mesmo sentido;Com Vítimas Feridas;Pleno dia;Crescente;Céu Claro;Dupla;Reta;Não;3;0;1;0;1;1;1;2;-15,634938;-47,741241;SPRF-DF;DEL02-DF;UOP01-DEL02-DF
622668;21/08/2024;quarta-feira;10:25:00;RJ;116;316;ITATIAIA;Ausência de reação do condutor;Colisão traseira;Com Vítimas Feridas;Pleno dia;Crescente;Céu Claro;Simples;"Retorno Regulamentado;Reta";Não;2;0;1;0;1;0;1;2;-22,46560057;-44,49102813;SPRF-RJ;DEL07-RJ;UOP02-DEL07-RJ
622669;13/08/2024;terça-feira;17:40:00;BA;101;262;SANTO ANTONIO DE JESUS;Desrespeitar a preferência no cruzamento;Colisão transversal;Com Vítimas Feridas;Anoitecer;Decrescente;Céu Claro;Simples;Interseção de Vias;Sim;2;0;1;0;1;0;1;2;-13,0815032;-39,27559444;SPRF-BA;DEL01-BA;UOP02-DEL01-BA
622671;08/08/2024;quinta-feira;07:00:00;SP;116;228;SAO PAULO;Trafegar com motocicleta (ou similar) entre as faixas;Colisão lateral mesmo sentido;Com Vítimas Feridas;Pleno dia;Crescente;Nublado;Múltipla;Reta;Sim;3;0;2;0;0;1;2;3;-23,50674944;-46,57079464;SPRF-SP;DEL01-SP;UOP01-DEL01-SP
622676;21/08/2024;quarta-feira;11:30:00;RJ;356;182;SAO JOAO DA BARRA;Acessar a via sem observar a presença dos outros veículos;Colisão transversal;Com Vítimas Feridas;Pleno dia;Crescente;Céu Claro;Simples;Reta;Sim;2;0;0;1;1;0;1;2;-21,64912791;-41,05147629;SPRF-RJ;DEL08-RJ;UOP02-DEL08-RJ
622677;21/08/2024;quarta-feira;10:20:00;RS;287;356;JAGUARI;Demais falhas mecânicas ou elétricas;Incêndio;Sem Vítimas;Pleno dia;Crescente;Nublado;Simples;"Curva;Aclive";Não;1;0;0;0;1;0;0;1;-29,48088729;-54,68754888;SPRF-RS;DEL12-RS;UOP02-DEL12-RS
622678;21/08/2024;quarta-feira;12:00:00;SP;101;49,7;UBATUBA;Acessar a via sem observar a presença dos outros veículos;Colisão transversal;Sem Vítimas;Pleno dia;Decrescente;Céu Claro;Simples;Reta;Sim;2;0;0;0;2;0;0;2;-23,44410908;-45,08375708;SPRF-SP;DEL06-SP;UOP01-DEL06-SP
622679;21/08/2024;quarta-feira;10:34:00;MT;163;838;SINOP;Ausência de reação do condutor;Colisão traseira;Com Vítimas Feridas;Pleno dia;Decrescente;Céu Claro;Simples;"Em Obras;Reta";Sim;2;0;0;1;1;0;1;2;-11,833805;-55,48806;SPRF-MT;DEL06-MT;UOP02-DEL06-MT
622681;21/08/2024;quarta-feira;12:30:00;MG;381;873,5;POUSO ALEGRE;Velocidade Incompatível;Saída de leito carroçável;Com Vítimas Feridas;Pleno dia;Crescente;Céu Claro;Dupla;Curva;Não;1;0;1;0;0;0;1;1;-22,450796;-46,000139;SPRF-MG;DEL16-MG;UOP01-DEL16-MG
622684;21/08/2024;quarta-feira;08:30:00;MG;40;521;CONTAGEM;Condutor deixou de manter distância do veículo da frente;Colisão traseira;Com Vítimas Feridas;Pleno dia;Crescente;Céu Claro;Dupla;Reta;Não;2;0;1;0;1;0;1;2;-19,85651501;-44,07213222;SPRF-MG;DEL01-MG;UOP02-DEL01-MG
622685;21/08/2024;quarta-feira;11:30:00;GO;60;242,4;INDIARA;Condutor Dormindo;Saída de leito carroçável;Com Vítimas Feridas;Pleno dia;Crescente;Céu Claro;Dupla;Reta;Não;1;0;1;0;0;0;1;1;-17,1052;-49,8899;SPRF-GO;DEL01-GO;UOP02-DEL01-GO
622687;21/08/2024;quarta-feira;08:30:00;MG;40;523;CONTAGEM;Condutor deixou de manter distância do veículo da frente;Colisão traseira;Com Vítimas Feridas;Pleno dia;Decrescente;Céu Claro;Dupla;Reta;Sim;2;0;1;0;0;1;1;2;-19,86874894;-44,05962197;SPRF-MG;DEL01-MG;UOP02-DEL01-MG
622690;21/08/2024;quarta-feira;08:50:00;GO;153;499;GOIANIA;Condutor deixou de manter distância do veículo da frente;Colisão traseira;Com Vítimas Feridas;Pleno dia;Crescente;Céu Claro;Dupla;Reta;Sim;3;0;1;0;2;0;1;2;-16,7033;-49,2311;SPRF-GO;DEL01-GO;UOP01-DEL01-GO
622692;21/08/2024;quarta-feira;13:30:00;RS;290;74,5;GRAVATAI;Reação tardia ou ineficiente do condutor;Colisão lateral mesmo sentido;Com Vítimas Feridas;Pleno dia;Decrescente;Céu Claro;Múltipla;Retorno Regulamentado;Não;3;0;2;0;1;0;2;2;-29,953354;-50,996696;SPRF-RS;DEL03-RS;UOP01-DEL03-RS
622693;21/08/2024;quarta-feira;14:00:00;PR;116;121;CURITIBA;Reação tardia ou ineficiente do condutor;Colisão traseira;Com Vítimas Feridas;Pleno dia;Decrescente;Sol;Dupla;Reta;Sim;2;0;1;0;1;0;1;2;-25,6040183;-49,31812584;SPRF-PR;DEL01-PR;UOP03-DEL01-PR
622694;21/08/2024;quarta-feira;12:00:00;RJ;101;558;PARATY;Reação tardia ou ineficiente do condutor;Colisão frontal;Com Vítimas Feridas;Pleno dia;Crescente;Céu Claro;Simples;Curva;Não;2;0;2;0;0;0;2;2;-23,09727792;-44,70328307;SPRF-RJ;DEL03-RJ;UOP04-DEL03-RJ
622696;08/08/2024;quinta-feira;16:30:00;PB;101;86,6;JOAO PESSOA;Reação tardia ou ineficiente do condutor;Engavetamento;Sem Vítimas;Pleno dia;Crescente;Nublado;Dupla;Reta;Sim;3;0;0;0;3;0;0;3;-7,15118983;-34,91012184;SPRF-PB;DEL01-PB;UOP01-DEL01-PB
622698;21/08/2024;quarta-feira;13:30:00;RJ;101;321;NITEROI;Manobra de mudança de faixa;Colisão lateral mesmo sentido;Com Vítimas Feridas;Pleno dia;Decrescente;Céu Claro;Múltipla;Reta;Sim;4;0;2;0;2;0;2;2;-22,86981096;-43,11046465;SPRF-RJ;DEL02-RJ;UOP01-DEL02-RJ
622699;21/08/2024;quarta-feira;14:30:00;SC;101;209,7;SAO JOSE;Demais falhas mecânicas ou elétricas;Colisão lateral mesmo sentido;Sem Vítimas;Pleno dia;Crescente;Nublado;Múltipla;"Viaduto;Declive;Reta";Sim;2;0;0;0;2;0;0;2;-27,61000542;-48,63895057;SPRF-SC;DEL01-SC;UOP01-DEL01-SC
622700;19/08/2024;segunda-feira;00:30:00;MG;381;357;JOAO MONLEVADE;Ausência de reação do condutor;Colisão com objeto;Com Vítimas Feridas;Plena Noite;Decrescente;Céu Claro;Simples;Reta;Sim;1;0;1;0;0;0;1;1;-19,85175308;-43,213709;SPRF-MG;DEL03-MG;UOP01-DEL03-MG
622701;21/08/2024;quarta-feira;15:25:00;MG;459;87,5;CONGONHAL;Pedestre cruzava a pista fora da faixa;Atropelamento de Pedestre;Com Vítimas Feridas;Pleno dia;Crescente;Sol;Simples;Reta;Sim;2;0;1;1;0;0;2;2;-22,153194;-46,06242;SPRF-MG;DEL09-MG;UOP01-DEL09-MG
622702;21/08/2024;quarta-feira;13:50:00;ES;262;157,1;IBATIBA;Acessar a via sem observar a presença dos outros veículos;Colisão transversal;Com Vítimas Feridas;Pleno dia;Decrescente;Céu Claro;Simples;Reta;Sim;5;0;0;2;3;0;2;4;-20,23102878;-41,48810903;SPRF-ES;DEL01-ES;UOP02-DEL01-ES
622704;10/08/2024;sábado;07:00:00;RJ;356;147,3;CAMPOS DOS GOYTACAZES;Ausência de reação do condutor;Colisão lateral mesmo sentido;Com Vítimas Feridas;Pleno dia;Decrescente;Céu Claro;Dupla;Reta;Sim;3;0;1;1;0;1;2;3;-21,78540158;-41,29978331;SPRF-RJ;DEL08-RJ;UOP02-DEL08-RJ
622708;21/08/2024;quarta-feira;15:20:00;PE;101;69,6;RECIFE;Ausência de sinalização;Tombamento;Com Vítimas Feridas;Pleno dia;Crescente;Céu Claro;Dupla;Reta;Não;3;0;2;0;1;0;2;2;-8,065192;-34,943913;SPRF-PE;DEL01-PE;UOP01-DEL01-PE
622709;09/08/2024;sexta-feira;19:30:00;PR;376;631;SAO JOSE DOS PINHAIS;Animais na Pista;Atropelamento de Animal;Com Vítimas Feridas;Plena Noite;Crescente;Céu Claro;Dupla;Reta;Sim;4;0;2;0;2;0;2;1;-25,70434399;-49,14198595;SPRF-PR;DEL01-PR;UOP04-DEL01-PR
622712;21/08/2024;quarta-feira;15:10:00;PI;135;317;CRISTINO CASTRO;Reação tardia ou ineficiente do condutor;Colisão traseira;Sem Vítimas;Pleno dia;Decrescente;Sol;Simples;Reta;Sim;2;0;0;0;2;0;0;2;-8,81837444;-44,2225351;SPRF-PI;DEL03-PI;UOP02-DEL03-PI
622714;21/08/2024;quarta-feira;08:00:00;RJ;101;309;SAO GONCALO;Reação tardia ou ineficiente do condutor;Colisão traseira;Com Vítimas Feridas;Pleno dia;Crescente;Céu Claro;Dupla;Reta;Sim;3;0;2;0;1;0;2;2;-22,79498873;-43,03446105;SPRF-RJ;DEL02-RJ;UOP02-DEL02-RJ
622715;15/08/2024;quinta-feira;16:40:00;GO;60;58,9;ABADIANIA;Manobra de mudança de faixa;Colisão traseira;Com Vítimas Feridas;Pleno dia;Crescente;Céu Claro;Dupla;Retorno Regulamentado;Não;2;0;0;1;1;0;1;2;-16,187183;-48,685855;SPRF-GO;DEL02-GO;UOP01-DEL02-GO
622719;21/08/2024;quarta-feira;17:00:00;CE;116;13;FORTALEZA;Afundamento ou ondulação no pavimento;Tombamento;Com Vítimas Feridas;Pleno dia;Decrescente;Céu Claro;Múltipla;"Aclive;Reta";Sim;1;0;1;0;0;0;1;1;-3,86088501;-38,49715296;SPRF-CE;DEL01-CE;UOP02-DEL01-CE
622723;21/08/2024;quarta-feira;17:55:00;RN;101;125,9;SAO JOSE DE MIPIBU;Suicídio (presumido);Atropelamento de Pedestre;Com Vítimas Fatais;Plena Noite;Decrescente;Céu Claro;Simples;Reta;Não;2;1;0;0;0;1;0;2;-6,07815599;-35,23412006;SPRF-RN;DEL01-RN;UOP01-DEL01-RN
622725;21/08/2024;quarta-feira;17:30:00;PE;232;130;CARUARU;Manobra de mudança de faixa;Colisão lateral mesmo sentido;Com Vítimas Feridas;Anoitecer;Decrescente;Céu Claro;Dupla;"Interseção de Vias;Reta";Sim;2;0;1;0;1;0;1;2;-8,29983303;-35,989662;SPRF-PE;DEL02-PE;UOP01-DEL02-PE
622726;21/08/2024;quarta-feira;18:20:00;PE;101;71,2;RECIFE;Acostamento em desnível;Queda de ocupante de veículo;Com Vítimas Feridas;Plena Noite;Decrescente;Céu Claro;Dupla;Reta;Sim;1;0;0;1;0;0;1;1;-8,07663102;-34,94277871;SPRF-PE;DEL01-PE;UOP01-DEL01-PE
622727;21/08/2024;quarta-feira;17:45:00;SP;116;230;SAO PAULO;Reação tardia ou ineficiente do condutor;Colisão lateral mesmo sentido;Com Vítimas Feridas;Plena Noite;Decrescente;Céu Claro;Múltipla;Reta;Sim;2;0;1;0;1;0;1;2;-23,52251783;-46,5855702;SPRF-SP;DEL01-SP;UOP01-DEL01-SP
622728;21/08/2024;quarta-feira;16:50:00;RO;364;710;PORTO VELHO;Condutor deixou de manter distância do veículo da frente;Colisão traseira;Com Vítimas Feridas;Pleno dia;Crescente;Nevoeiro/Neblina;Dupla;"Reta;Em Obras";Sim;3;0;0;1;2;0;1;2;-8,78621576;-63,85712687;SPRF-RO;DEL01-RO;UOP01-DEL01-RO
622729;21/08/2024;quarta-feira;18:15:00;RS;386;436,3;NOVA SANTA RITA;Acessar a via sem observar a presença dos outros veículos;Colisão transversal;Com Vítimas Feridas;Anoitecer;Crescente;Céu Claro;Dupla;"Interseção de Vias;Reta";Sim;2;0;0;1;1;0;1;2;-29,85356679;-51,2647444;SPRF-RS;DEL04-RS;UOP02-DEL04-RS
622731;21/08/2024;quarta-feira;18:40:00;RN;304;17,8;MOSSORO;Acessar a via sem observar a presença dos outros veículos;Colisão lateral mesmo sentido;Com Vítimas Feridas;Plena Noite;Crescente;Céu Claro;Simples;Reta;Não;2;0;0;1;0;1;1;2;-4,95917144;-37,45176494;SPRF-RN;DEL04-RN;UOP02-DEL04-RN
622732;21/08/2024;quarta-feira;16:30:00;RJ;40;45;PETROPOLIS;Ultrapassagem Indevida;Colisão transversal;Com Vítimas Feridas;Pleno dia;Decrescente;Céu Claro;Dupla;Retorno Regulamentado;Sim;3;0;1;0;2;0;1;2;-22,27821816;-43,11580971;SPRF-RJ;DEL05-RJ;UOP02-DEL05-RJ
622733;21/08/2024;quarta-feira;18:20:00;BA;116;816;VITORIA DA CONQUISTA;Acessar a via sem observar a presença dos outros veículos;Colisão lateral mesmo sentido;Com Vítimas Feridas;Plena Noite;Crescente;Céu Claro;Simples;Reta;Sim;2;0;1;0;1;0;1;2;-14,77751018;-40,73036091;SPRF-BA;DEL08-BA;UOP01-DEL08-BA
622736;17/08/2024;sábado;12:00:00;RJ;493;5;ITABORAI;Acessar a via sem observar a presença dos outros veículos;Colisão transversal;Com Vítimas Feridas;Pleno dia;Crescente;Céu Claro;Simples;Reta;Não;2;0;2;0;0;0;2;2;-22,73998606;-42,95374823;SPRF-RJ;DEL02-RJ;UOP02-DEL02-RJ
622737;21/08/2024;quarta-feira;19:00:00;CE;116;18;EUSEBIO;Condutor deixou de manter distância do veículo da frente;Colisão lateral mesmo sentido;Com Vítimas Feridas;Plena Noite;Decrescente;Céu Claro;Dupla;Reta;Sim;3;0;1;0;2;0;1;2;-3,90496605;-38,50518756;SPRF-CE;DEL01-CE;UOP02-DEL01-CE
622740;21/08/2024;quarta-feira;18:10:00;RJ;101;415;MANGARATIBA;Acessar a via sem observar a presença dos outros veículos;Colisão transversal;Com Vítimas Feridas;Anoitecer;Decrescente;Céu Claro;Dupla;Retorno Regulamentado;Não;4;0;2;0;2;0;2;2;-22,91043817;-43,89286148;SPRF-RJ;DEL03-RJ;UOP01-DEL03-RJ
622741;21/08/2024;quarta-feira;17:25:00;SC;101;140,7;BALNEARIO CAMBORIU;Ausência de reação do condutor;Colisão com objeto;Com Vítimas Feridas;Pleno dia;Decrescente;Nublado;Dupla;"Reta;Túnel";Sim;1;0;1;0;0;0;1;1;-27,03881189;-48,60025148;SPRF-SC;DEL04-SC;UOP03-DEL04-SC
622742;21/08/2024;quarta-feira;19:30:00;RS;116;253;SAPUCAIA DO SUL;Reação tardia ou ineficiente do condutor;Colisão traseira;Com Vítimas Feridas;Plena Noite;Decrescente;Céu Claro;Dupla;Reta;Sim;2;0;1;0;1;0;1;2;-29,80913395;-51,1675292;SPRF-RS;DEL01-RS;UOP02-DEL01-RS
622743;21/08/2024;quarta-feira;18:30:00;MG;116;599;MANHUACU;Mal súbito do condutor;Colisão frontal;Com Vítimas Feridas;Plena Noite;Crescente;Céu Claro;Simples;Reta;Não;5;0;4;0;1;0;4;2;-20,32311714;-42,15013946;SPRF-MG;DEL06-MG;UOP03-DEL06-MG