id;data_inversa;dia_semana;horario;uf;br;km;municipio;causa_acidente;tipo_acidente;classificacao_acidente;fase_dia;sentido_via;condicao_metereologica;tipo_pista;tracado_via;uso_solo;pessoas;mortos;feridos_leves;feridos_graves;ilesos;ignorados;feridos;veiculos;latitude;longitude;regional;delegacia;uop
622744;21/08/2024;quarta-feira;19:50:00;RN;406;170;SAO GONCALO DO AMARANTE;Condutor deixou de manter distância do veículo da frente;Colisão traseira;Com Vítimas Feridas;Plena Noite;Crescente;Céu Claro;Dupla;"Reta;Rotatória";Sim;2;0;1;0;0;1;1;2;-5,75872063;-35,29921986;SPRF-RN;DEL02-RN;UOP01-DEL02-RN
622745;21/08/2024;quarta-feira;18:03:00;PI;230;197;OEIRAS;Acessar a via sem observar a presença dos outros veículos;Colisão transversal;Com Vítimas Feridas;Plena Noite;Decrescente;Céu Claro;Dupla;"Reta;Interseção de Vias";Sim;2;0;2;0;0;0;2;2;-7,00931468;-42,12706364;SPRF-PI;DEL04-PI;UOP01-DEL04-PI
622747;21/08/2024;quarta-feira;16:00:00;BA;101;520;BUERAREMA;Velocidade Incompatível;Saída de leito carroçável;Com Vítimas Feridas;Pleno dia;Decrescente;Céu Claro;Simples;Reta;Não;2;0;0;2;0;0;2;1;-14,92143124;-39,29382324;SPRF-BA;DEL05-BA;UOP01-DEL05-BA
622748;21/08/2024;quarta-feira;16:50:00;MT;174;287;PONTES E LACERDA;Reação tardia ou ineficiente do condutor;Saída de leito carroçável;Com Vítimas Feridas;Pleno dia;Decrescente;Nublado;Simples;"Reta;Declive";Não;3;0;1;0;2;0;1;1;-15,24297301;-59,31386001;SPRF-MT;DEL04-MT;UOP01-DEL04-MT
622749;21/08/2024;quarta-feira;20:20:00;RS;158;327;SANTA MARIA;Reação tardia ou ineficiente do condutor;Colisão traseira;Com Vítimas Feridas;Plena Noite;Crescente;Céu Claro;Dupla;"Reta;Interseção de Vias";Sim;4;0;1;0;3;0;1;2;-29,71032354;-53,82121146;SPRF-RS;DEL09-RS;UOP01-DEL09-RS
622750;21/08/2024;quarta-feira;20:00:00;SC;101;201;SAO JOSE;Condutor deixou de manter distância do veículo da frente;Colisão traseira;Com Vítimas Feridas;Plena Noite;Crescente;Céu Claro;Dupla;Reta;Sim;5;0;2;0;3;0;2;2;-27,54836599;-48,61977975;SPRF-SC;DEL01-SC;UOP01-DEL01-SC
622751;21/08/2024;quarta-feira;18:50:00;RO;364;693;CANDEIAS DO JAMARI;Desrespeitar a preferência no cruzamento;Colisão transversal;Com Vítimas Feridas;Plena Noite;Crescente;Céu Claro;Simples;Interseção de Vias;Sim;2;0;1;0;1;0;1;2;-8,798112;-63,708916;SPRF-RO;DEL01-RO;UOP01-DEL01-RO
622752;21/08/2024;quarta-feira;20:00:00;MG;40;692;ALFREDO VASCONCELOS;Demais falhas mecânicas ou elétricas;Incêndio;Sem Vítimas;Plena Noite;Crescente;Céu Claro;Simples;Reta;Não;1;0;0;0;1;0;0;1;-21,11655499;-43,7587449;SPRF-MG;DEL05-MG;UOP02-DEL05-MG
622753;21/08/2024;quarta-feira;19:30:00;PR;116;10;COLOMBO;Acessar a via sem observar a presença dos outros veículos;Colisão frontal;Com Vítimas Feridas;Plena Noite;Crescente;Nublado;Simples;Interseção de Vias;Sim;2;0;0;1;1;0;1;2;-25,37095915;-49,12884235;SPRF-PR;DEL01-PR;UOP02-DEL01-PR
622754;21/08/2024;quarta-feira;18:50:00;PA;10;216;IPIXUNA DO PARA;Deficiência do Sistema de Iluminação/Sinalização;Colisão traseira;Com Vítimas Feridas;Plena Noite;Decrescente;Céu Claro;Simples;Reta;Não;3;0;2;0;1;0;2;2;-2,53902584;-47,49819061;SPRF-PA;DEL02-PA;UOP01-DEL02-PA
622755;21/08/2024;quarta-feira;20:00:00;PE;104;56;CARUARU;Acessar a via sem observar a presença dos outros veículos;Atropelamento de Pedestre;Com Vítimas Feridas;Plena Noite;Decrescente;Céu Claro;Dupla;"Retorno Regulamentado;Reta";Não;2;0;1;0;1;0;1;2;-8,20261287;-35,96715689;SPRF-PE;DEL02-PE;UOP01-DEL02-PE
622757;14/06/2024;sexta-feira;16:00:00;RJ;101;484;ANGRA DOS REIS;Acessar a via sem observar a presença dos outros veículos;Colisão transversal;Com Vítimas Feridas;Pleno dia;Decrescente;Céu Claro;Simples;Curva;Não;3;0;0;2;1;0;2;2;-22,99096308;-44,30429882;SPRF-RJ;DEL03-RJ;UOP03-DEL03-RJ
622758;21/08/2024;quarta-feira;19:36:00;RS;116;251;SAPUCAIA DO SUL;Entrada inopinada do pedestre;Atropelamento de Pedestre;Com Vítimas Feridas;Plena Noite;Decrescente;Nublado;Múltipla;"Reta;Em Obras";Sim;2;0;1;1;0;0;2;2;-29,80035406;-51,16550365;SPRF-RS;DEL01-RS;UOP02-DEL01-RS
622762;21/08/2024;quarta-feira;17:49:00;CE;20;256;MADALENA;Manobra de mudança de faixa;Colisão lateral sentido oposto;Com Vítimas Feridas;Anoitecer;Crescente;Céu Claro;Simples;Reta;Não;2;0;0;1;1;0;1;2;-4,77066372;-39,49630525;SPRF-CE;DEL02-CE;UOP01-DEL02-CE
622763;21/08/2024;quarta-feira;19:20:00;RS;386;44;SEBERI;Acessar a via sem observar a presença dos outros veículos;Colisão transversal;Com Vítimas Feridas;Anoitecer;Crescente;Céu Claro;Simples;Curva;Não;6;0;5;0;1;0;5;2;-27,439693;-53,417526;SPRF-RS;DEL08-RS;UOP02-DEL08-RS
622765;21/08/2024;quarta-feira;17:20:00;RJ;40;113;DUQUE DE CAXIAS;Transitar na contramão;Colisão traseira;Com Vítimas Feridas;Anoitecer;Decrescente;Céu Claro;Múltipla;Reta;Não;3;0;1;1;1;0;2;2;-22,70948502;-43,29040354;SPRF-RJ;DEL01-RJ;UOP02-DEL01-RJ
622766;21/08/2024;quarta-feira;20:05:00;PR;373;174,5;PONTA GROSSA;Pedestre cruzava a pista fora da faixa;Atropelamento de Pedestre;Com Vítimas Fatais;Plena Noite;Decrescente;Céu Claro;Dupla;Reta;Sim;2;1;0;0;1;0;0;2;-25,07594908;-50,20995715;SPRF-PR;DEL03-PR;UOP01-DEL03-PR
622768;21/08/2024;quarta-feira;19:00:00;MG;365;166;BURITIZEIRO;Transitar na contramão;Colisão lateral sentido oposto;Com Vítimas Fatais;Plena Noite;Crescente;Céu Claro;Simples;Reta;Não;8;1;5;0;2;0;5;4;-17,38199719;-44,97027099;SPRF-MG;DEL10-MG;UOP02-DEL010-MG
622770;21/08/2024;quarta-feira;21:40:00;MG;381;495;BETIM;Manobra de mudança de faixa;Colisão lateral mesmo sentido;Com Vítimas Feridas;Plena Noite;Decrescente;Céu Claro;Dupla;"Em Obras;Reta";Sim;2;0;1;0;1;0;1;2;-19,98890883;-44,20522016;SPRF-MG;DEL01-MG;UOP03-DEL01-MG
622771;21/08/2024;quarta-feira;21:15:00;SP;153;45,8;SAO JOSE DO RIO PRETO;Transitar no Acostamento;Atropelamento de Pedestre;Com Vítimas Feridas;Plena Noite;Crescente;Céu Claro;Simples;"Declive;Reta";Não;4;0;1;2;0;1;3;2;-20,66398299;-49,34086178;SPRF-SP;DEL09-SP;UOP01-DEL09-SP
622775;21/08/2024;quarta-feira;22:00:00;RS;116;150;CAXIAS DO SUL;Condutor desrespeitou a iluminação vermelha do semáforo;Colisão transversal;Sem Vítimas;Plena Noite;Crescente;Céu Claro;Dupla;Interseção de Vias;Sim;2;0;0;0;1;1;0;2;-29,168428;-51,158337;SPRF-RS;DEL05-RS;UOP01-DEL05-RS
622776;21/08/2024;quarta-feira;20:50:00;MS;262;242,4;RIBAS DO RIO PARDO;Iluminação deficiente;Colisão lateral mesmo sentido;Com Vítimas Feridas;Plena Noite;Decrescente;Céu Claro;Simples;Reta;Não;2;0;1;0;1;0;1;2;-20,45637858;-53,78459597;SPRF-MS;DEL01-MS;UOP05-DEL01-MS
622781;21/08/2024;quarta-feira;21:50:00;ES;262;95,1;DOMINGOS MARTINS;Acessar a via sem observar a presença dos outros veículos;Colisão transversal;Com Vítimas Feridas;Plena Noite;Crescente;Céu Claro;Simples;"Reta;Retorno Regulamentado";Não;2;0;1;0;1;0;1;2;-20,3659225;-41,06040133;SPRF-ES;DEL01-ES;UOP02-DEL01-ES
622782;21/08/2024;quarta-feira;23:00:00;SP;101;31,9;UBATUBA;Ausência de reação do condutor;Capotamento;Com Vítimas Feridas;Plena Noite;Decrescente;Céu Claro;Simples;Reta;Não;1;0;1;0;0;0;1;1;-23,38434701;-44,97217398;SPRF-SP;DEL06-SP;UOP01-DEL06-SP
622784;21/08/2024;quarta-feira;20:15:00;MS;163;171,8;JUTI;Acessar a via sem observar a presença dos outros veículos;Colisão transversal;Com Vítimas Feridas;Plena Noite;Crescente;Céu Claro;Simples;Reta;Sim;3;0;2;1;0;0;3;2;-22,87126231;-54,60236046;SPRF-MS;DEL09-MS;UOP01-DEL09-MS
622786;21/08/2024;quarta-feira;22:50:00;MS;163;265;DOURADOS;Ingestão de álcool pelo condutor;Saída de leito carroçável;Com Vítimas Feridas;Plena Noite;Decrescente;Céu Claro;Dupla;"Declive;Interseção de Vias;Rotatória;Curva";Sim;1;0;0;1;0;0;1;1;-22,222698;-54,73128;SPRF-MS;DEL04-MS;UOP01-DEL04-MS
622789;22/08/2024;quinta-feira;01:15:00;DF;70;2,3;BRASILIA;Condutor Dormindo;Colisão com objeto;Com Vítimas Feridas;Plena Noite;Crescente;Céu Claro;Dupla;Reta;Sim;1;0;1;0;0;0;1;1;-15,802453;-48,080387;SPRF-DF;DEL03-DF;UOP02-DEL03-DF
622790;21/08/2024;quarta-feira;18:30:00;MG;116;214,1;CATUJI;Ausência de reação do condutor;Queda de ocupante de veículo;Com Vítimas Feridas;Anoitecer;Decrescente;Céu Claro;Simples;Reta;Não;2;0;2;0;0;0;2;1;-17,35861213;-41,53122852;SPRF-MG;DEL11-MG;UOP01-DEL11-MG
622791;22/08/2024;quinta-feira;03:15:00;PR;277;364;GUARAPUAVA;Acumulo de óleo sobre o pavimento;Saída de leito carroçável;Com Vítimas Feridas;Plena Noite;Decrescente;Céu Claro;Simples;Reta;Não;2;0;1;0;1;0;1;1;-25,42841209;-51,59872796;SPRF-PR;DEL08-PR;UOP01-DEL08-PR
622793;22/08/2024;quinta-feira;04:30:00;MG;381;760;TRES CORACOES;Ausência de reação do condutor;Saída de leito carroçável;Com Vítimas Feridas;Plena Noite;Crescente;Céu Claro;Dupla;Curva;Não;3;0;2;0;1;0;2;1;-21,72400978;-45,38147537;SPRF-MG;DEL16-MG;UOP02-DEL16-MG
622795;22/08/2024;quinta-feira;04:00:00;PR;376;227;APUCARANA;Ausência de reação do condutor;Saída de leito carroçável;Com Vítimas Feridas;Plena Noite;Decrescente;Céu Claro;Dupla;Reta;Não;1;0;1;0;0;0;1;1;-23,58119;-51,55589;SPRF-PR;DEL07-PR;UOP03-DEL07-PR
622800;22/08/2024;quinta-feira;06:45:00;RJ;101;333;RIO DE JANEIRO;Ausência de reação do condutor;Tombamento;Com Vítimas Feridas;Pleno dia;Crescente;Céu Claro;Múltipla;Reta;Sim;2;0;2;0;0;0;2;1;-22,87827816;-43,21053578;SPRF-RJ;DEL02-RJ;UOP01-DEL02-RJ
622802;10/05/2024;sexta-feira;15:50:00;BA;324;610;SIMOES FILHO;Manobra de mudança de faixa;Colisão lateral mesmo sentido;Com Vítimas Feridas;Pleno dia;Decrescente;Nublado;Dupla;Reta;Não;3;0;1;0;2;0;1;3;-12,84664721;-38,41741648;SPRF-BA;DEL01-BA;UOP01-DEL01-BA
622806;22/08/2024;quinta-feira;06:45:00;RJ;101;313;SAO GONCALO;Reação tardia ou ineficiente do condutor;Colisão traseira;Com Vítimas Feridas;Pleno dia;Crescente;Céu Claro;Dupla;Reta;Sim;4;0;1;1;2;0;2;2;-22,81049093;-43,06983304;SPRF-RJ;DEL02-RJ;UOP02-DEL02-RJ
622808;22/08/2024;quinta-feira;07:00:00;RJ;101;252;RIO BONITO;Demais falhas mecânicas ou elétricas;Queda de ocupante de veículo;Com Vítimas Feridas;Pleno dia;Crescente;Céu Claro;Dupla;Reta;Não;2;0;1;0;1;0;1;1;-22,68214756;-42,53377419;SPRF-RJ;DEL02-RJ;UOP03-DEL02-RJ
622809;21/08/2024;quarta-feira;23:20:00;MA;316;371,7;BELA VISTA DO MARANHAO;Demais falhas mecânicas ou elétricas;Incêndio;Sem Vítimas;Plena Noite;Decrescente;Céu Claro;Simples;Reta;Não;2;0;0;0;0;2;0;2;-3,74230091;-45,24719238;SPRF-MA;DEL03-MA;UOP01-DEL03-MA
622811;22/08/2024;quinta-feira;06:40:00;ES;259;61,8;COLATINA;Acessar a via sem observar a presença dos outros veículos;Colisão transversal;Com Vítimas Feridas;Pleno dia;Decrescente;Céu Claro;Simples;Reta;Sim;3;0;0;3;0;0;3;2;-19,53079717;-40,68209478;SPRF-ES;DEL02-ES;UOP01-DEL02-ES
622812;22/08/2024;quinta-feira;07:50:00;RN;406;149,3;CEARA-MIRIM;Acesso irregular;Colisão traseira;Com Vítimas Feridas;Pleno dia;Crescente;Céu Claro;Simples;Reta;Sim;2;0;0;2;0;0;2;2;-5,6485583;-35,44127004;SPRF-RN;DEL02-RN;UOP01-DEL02-RN
622813;21/08/2024;quarta-feira;21:30:00;SP;116;282;EMBU DAS ARTES;Ausência de reação do condutor;Queda de ocupante de veículo;Com Vítimas Feridas;Plena Noite;Crescente;Céu Claro;Dupla;Reta;Não;2;0;1;0;0;1;1;2;-23,68570216;-46,85970975;SPRF-SP;DEL04-SP;UOP01-DEL04-SP
622815;22/08/2024;quinta-feira;06:30:00;PE;101;101,6;CABO DE SANTO AGOSTINHO;Ausência de reação do condutor;Colisão lateral mesmo sentido;Com Vítimas Feridas;Pleno dia;Crescente;Céu Claro;Dupla;Reta;Não;2;0;1;0;1;0;1;2;-8,279529;-35,055769;SPRF-PE;DEL01-PE;UOP03-DEL01-PE
622816;22/08/2024;quinta-feira;07:10:00;MS;163;485;CAMPO GRANDE;Condutor deixou de manter distância do veículo da frente;Colisão traseira;Sem Vítimas;Pleno dia;Crescente;Céu Claro;Simples;"Interseção de Vias;Em Obras;Reta";Sim;2;0;0;0;2;0;0;2;-20,44233707;-54,54201834;SPRF-MS;DEL01-MS;UOP02-DEL01-MS
622817;22/08/2024;quinta-feira;08:00:00;MG;381;479;CONTAGEM;Manobra de mudança de faixa;Colisão lateral mesmo sentido;Com Vítimas Feridas;Pleno dia;Decrescente;Céu Claro;Dupla;"Aclive;Curva";Sim;2;0;1;0;1;0;1;2;-19,96366832;-44,04109955;SPRF-MG;DEL01-MG;UOP03-DEL01-MG
622818;14/08/2024;quarta-feira;15:00:00;BA;324;580;CANDEIAS;Manobra de mudança de faixa;Saída de leito carroçável;Com Vítimas Feridas;Pleno dia;Crescente;Céu Claro;Dupla;Reta;Não;1;0;1;0;0;0;1;1;-12,6628675;-38,4708716;SPRF-BA;DEL01-BA;UOP01-DEL01-BA
622822;22/08/2024;quinta-feira;07:40:00;SP;116;220;GUARULHOS;Frear bruscamente;Colisão traseira;Com Vítimas Feridas;Pleno dia;Crescente;Sol;Múltipla;Reta;Sim;2;0;1;0;0;1;1;2;-23,46472809;-46,49793962;SPRF-SP;DEL01-SP;UOP01-DEL01-SP
622824;22/08/2024;quinta-feira;07:00:00;SP;116;57;GUARATINGUETA;Manobra de mudança de faixa;Capotamento;Com Vítimas Feridas;Pleno dia;Crescente;Céu Claro;Dupla;Reta;Sim;3;0;2;0;0;1;2;2;-22,77454618;-45,13807087;SPRF-SP;DEL08-SP;UOP01-DEL08-SP
622825;22/08/2024;quinta-feira;07:20:00;PR;163;246;TOLEDO;Afundamento ou ondulação no pavimento;Tombamento;Com Vítimas Feridas;Pleno dia;Decrescente;Céu Claro;Dupla;Reta;Não;1;0;1;0;0;0;1;1;-24,69105846;-53,74643486;SPRF-PR;DEL06-PR;UOP02-DEL06-PR
622826;22/08/2024;quinta-feira;08:00:00;MG;116;273;TEOFILO OTONI;Ausência de reação do condutor;Colisão transversal;Com Vítimas Feridas;Pleno dia;Crescente;Céu Claro;Simples;"Reta;Aclive";Não;8;0;1;0;7;0;1;2;-17,81943899;-41,49990501;SPRF-MG;DEL11-MG;UOP01-DEL11-MG
622827;22/08/2024;quinta-feira;08:35:00;SP;116;228;SAO PAULO;Reação tardia ou ineficiente do condutor;Colisão traseira;Com Vítimas Feridas;Pleno dia;Crescente;Céu Claro;Múltipla;Reta;Sim;2;0;1;0;1;0;1;2;-23,50343484;-46,56638712;SPRF-SP;DEL01-SP;UOP01-DEL01-SP
622828;22/08/2024;quinta-feira;06:00:00;GO;452;37,9;SANTA HELENA DE GOIAS;Ausência de reação do condutor;Colisão traseira;Com Vítimas Feridas;Amanhecer;Crescente;Céu Claro;Simples;"Aclive;Reta";Não;2;0;1;0;1;0;1;1;-17,91735752;-50,58309079;SPRF-GO;DEL04-GO;UOP01-DEL04-GO
622829;22/08/2024;quinta-feira;08:30:00;PR;277;26;MORRETES;Manobra de mudança de faixa;Saída de leito carroçável;Com Vítimas Feridas;Pleno dia;Crescente;Nublado;Dupla;Reta;Não;1;0;1;0;0;0;1;1;-25,538105;-48,769788;SPRF-PR;DEL01-PR;UOP05-DEL01-PR
622831;02/08/2024;sexta-feira;08:00:00;SC;101;335;TUBARAO;Ausência de reação do condutor;Colisão transversal;Com Vítimas Feridas;Pleno dia;Decrescente;Céu Claro;Dupla;"Reta;Interseção de Vias";Sim;2;0;1;0;1;0;1;2;-28,46927473;-49,01557908;SPRF-SC;DEL02-SC;UOP01-DEL02-SC
622833;22/08/2024;quinta-feira;08:30:00;PR;476;144;CURITIBA;Manobra de mudança de faixa;Colisão lateral mesmo sentido;Com Vítimas Feridas;Pleno dia;Decrescente;Céu Claro;Múltipla;"Interseção de Vias;Curva;Aclive";Não;2;0;1;0;1;0;1;2;-25,542501;-49,313011;SPRF-PR;DEL01-PR;UOP06-DEL01-PR
622834;22/08/2024;quinta-feira;08:20:00;RJ;116;173;SAO JOAO DE MERITI;Trafegar com motocicleta (ou similar) entre as faixas;Colisão traseira;Com Vítimas Feridas;Pleno dia;Decrescente;Céu Claro;Múltipla;Reta;Sim;2;0;1;0;1;0;1;2;-22,79810324;-43,35726614;SPRF-RJ;DEL06-RJ;UOP01-DEL06-RJ
622835;22/08/2024;quinta-feira;08:40:00;GO;60;96,8;ANAPOLIS;Acessar a via sem observar a presença dos outros veículos;Colisão lateral mesmo sentido;Com Vítimas Feridas;Pleno dia;Crescente;Céu Claro;Dupla;Reta;Sim;3;0;1;1;0;1;2;2;-16,371;-48,9422;SPRF-GO;DEL02-GO;UOP01-DEL02-GO
622838;22/08/2024;quinta-feira;08:45:00;RJ;101;466;ANGRA DOS REIS;Acessar a via sem observar a presença dos outros veículos;Colisão transversal;Com Vítimas Feridas;Pleno dia;Crescente;Céu Claro;Simples;"Interseção de Vias;Em Obras;Reta";Não;2;0;1;0;1;0;1;2;-23,01090507;-44,20795621;SPRF-RJ;DEL03-RJ;UOP03-DEL03-RJ
622840;14/08/2024;quarta-feira;18:30:00;MS;163;17,5;MUNDO NOVO;Reação tardia ou ineficiente do condutor;Saída de leito carroçável;Com Vítimas Feridas;Plena Noite;Decrescente;Nublado;Simples;Reta;Não;2;0;1;0;1;0;1;1;-23,94823778;-54,28639519;SPRF-MS;DEL09-MS;UOP02-DEL09-MS
622844;22/08/2024;quinta-feira;05:17:00;MT;364;398;CUIABA;Ausência de reação do condutor;Saída de leito carroçável;Com Vítimas Feridas;Amanhecer;Decrescente;Céu Claro;Dupla;Reta;Não;1;0;0;1;0;0;1;1;-15,68278673;-55,92170288;SPRF-MT;DEL01-MT;UOP02-DEL01-MT
622847;22/08/2024;quinta-feira;09:20:00;ES;101;230;FUNDAO;Acesso irregular;Colisão lateral mesmo sentido;Com Vítimas Feridas;Pleno dia;Crescente;Nublado;Simples;Reta;Não;2;0;1;0;0;1;1;2;-19,93558165;-40,40603211;SPRF-ES;DEL02-ES;UOP01-DEL02-ES
622849;22/08/2024;quinta-feira;08:00:00;RJ;101;41,9;CAMPOS DOS GOYTACAZES;Acessar a via sem observar a presença dos outros veículos;Colisão transversal;Com Vítimas Feridas;Pleno dia;Crescente;Céu Claro;Simples;Curva;Não;3;0;1;1;0;1;2;2;-21,55565098;-41,32869598;SPRF-RJ;DEL08-RJ;UOP01-DEL08-RJ
622852;22/08/2024;quinta-feira;11:00:00;ES;101;281,6;SERRA;Condutor deixou de manter distância do veículo da frente;Colisão traseira;Com Vítimas Feridas;Pleno dia;Crescente;Céu Claro;Dupla;Reta;Não;2;0;1;0;1;0;1;2;-20,22112792;-40,35720552;SPRF-ES;DEL02-ES;UOP01-DEL02-ES
622853;16/08/2024;sexta-feira;10:57:00;BA;116;435;FEIRA DE SANTANA;Objeto estático sobre o leito carroçável;Colisão com objeto;Sem Vítimas;Pleno dia;Crescente;Céu Claro;Dupla;Curva;Não;1;0;0;0;1;0;0;1;-12,3174761;-39,0446751;SPRF-BA;DEL02-BA;UOP01-DEL02-BA
622857;22/08/2024;quinta-feira;12:00:00;RS;470;177,2;VERANOPOLIS;Entrada inopinada do pedestre;Atropelamento de Pedestre;Com Vítimas Feridas;Pleno dia;Crescente;Céu Claro;Simples;Reta;Sim;2;0;0;1;1;0;1;2;-28,93915139;-51,54591976;SPRF-RS;DEL06-RS;UOP02-DEL06-RS
622858;22/08/2024;quinta-feira;10:20:00;RJ;101;75;CAMPOS DOS GOYTACAZES;Curva acentuada;Queda de ocupante de veículo;Com Vítimas Feridas;Pleno dia;Crescente;Céu Claro;Simples;Rotatória;Não;1;0;1;0;0;0;1;1;-21,816525;-41,397686;SPRF-RJ;DEL08-RJ;UOP02-DEL08-RJ
622862;22/08/2024;quinta-feira;09:10:00;MG;262;801;UBERABA;Demais falhas mecânicas ou elétricas;Incêndio;Sem Vítimas;Pleno dia;Crescente;Céu Claro;Dupla;Reta;Sim;1;0;0;0;1;0;0;1;-19,77920263;-47,955319;SPRF-MG;DEL13-MG;UOP01-DEL13-MG
622863;21/08/2024;quarta-feira;17:00:00;PR;277;327;GUARAPUAVA;Acumulo de areia ou detritos sobre o pavimento;Eventos atípicos;Sem Vítimas;Pleno dia;Decrescente;Céu Claro;Simples;Reta;Não;2;0;0;0;2;0;0;1;-25,37242804;-51,28148999;SPRF-PR;DEL08-PR;UOP01-DEL08-PR
622866;22/08/2024;quinta-feira;11:30:00;GO;153;571,9;PROFESSOR JAMIL;Condutor deixou de manter distância do veículo da frente;Saída de leito carroçável;Com Vítimas Feridas;Pleno dia;Crescente;Céu Claro;Dupla;Reta;Não;1;0;1;0;0;0;1;1;-17,3118;-49,238;SPRF-GO;DEL03-GO;UOP01-DEL03-GO
622868;22/08/2024;quinta-feira;13:10:00;RJ;101;332;RIO DE JANEIRO;Demais falhas mecânicas ou elétricas;Tombamento;Com Vítimas Feridas;Pleno dia;Decrescente;Céu Claro;Dupla;Reta;Sim;1;0;1;0;0;0;1;1;-22,87133305;-43,20407695;SPRF-RJ;DEL02-RJ;UOP01-DEL02-RJ
622871;22/08/2024;quinta-feira;14:00:00;SC;101;206;SAO JOSE;Avarias e/ou desgaste excessivo no pneu;Tombamento;Com Vítimas Feridas;Pleno dia;Crescente;Céu Claro;Dupla;Reta;Sim;1;0;1;0;0;0;1;1;-27,59193546;-48,61824557;SPRF-SC;DEL01-SC;UOP01-DEL01-SC
622872;20/06/2024;quinta-feira;19:40:00;PI;230;308;FLORIANO;Pedestre andava na pista;Atropelamento de Pedestre;Com Vítimas Feridas;Plena Noite;Crescente;Céu Claro;Simples;Curva;Sim;4;0;2;1;0;1;3;2;-6,78159309;-43,00121707;SPRF-PI;DEL03-PI;UOP01-DEL03-PI
622873;22/08/2024;quinta-feira;12:30:00;BA;116;25,2;VITORIA DA CONQUISTA;Pedestre - Ingestão de álcool/ substâncias psicoativas;Atropelamento de Pedestre;Com Vítimas Feridas;Pleno dia;Crescente;Nublado;Simples;"Curva;Declive";Sim;2;0;0;2;0;0;2;2;-14,85499718;-40,79830885;SPRF-BA;DEL08-BA;UOP01-DEL08-BA
622874;22/08/2024;quinta-feira;13:50:00;SC;280;67,5;JARAGUA DO SUL;Acessar a via sem observar a presença dos outros veículos;Colisão transversal;Com Vítimas Feridas;Pleno dia;Crescente;Céu Claro;Simples;"Reta;Interseção de Vias";Sim;2;0;1;0;1;0;1;2;-26,4775146;-49,10363575;SPRF-SC;DEL03-SC;UOP03-DEL03-SC
622878;22/08/2024;quinta-feira;14:10:00;SC;280;51,3;GUARAMIRIM;Demais falhas mecânicas ou elétricas;Colisão com objeto;Com Vítimas Feridas;Pleno dia;Crescente;Céu Claro;Dupla;"Em Obras;Interseção de Vias;Reta";Sim;2;0;1;0;1;0;1;2;-26,466488;-48,958832;SPRF-SC;DEL03-SC;UOP03-DEL03-SC
622879;22/08/2024;quinta-feira;14:00:00;SP;116;218,6;GUARULHOS;Trafegar com motocicleta (ou similar) entre as faixas;Colisão traseira;Com Vítimas Feridas;Pleno dia;Crescente;Sol;Múltipla;Reta;Não;2;0;1;0;1;0;1;2;-23,457972;-46,479927;SPRF-SP;DEL01-SP;UOP01-DEL01-SP
622880;07/08/2024;quarta-feira;17:36:00;BA;324;516;FEIRA DE SANTANA;Desrespeitar a preferência no cruzamento;Colisão transversal;Com Vítimas Feridas;Pleno dia;Decrescente;Céu Claro;Dupla;"Interseção de Vias;Viaduto";Sim;2;0;0;1;0;1;1;2;-12,2562978;-38,9320738;SPRF-BA;DEL02-BA;UOP01-DEL02-BA
622881;22/08/2024;quinta-feira;14:40:00;PR;277;75;SAO JOSE DOS PINHAIS;Manobra de mudança de faixa;Colisão lateral mesmo sentido;Com Vítimas Feridas;Pleno dia;Crescente;Céu Claro;Dupla;Reta;Sim;3;0;1;0;2;0;1;2;-25,490222;-49,176727;SPRF-PR;DEL01-PR;UOP07-DEL01-PR
622885;22/08/2024;quinta-feira;10:50:00;RO;429;87;ALVORADA DOESTE;Ausência de reação do condutor;Saída de leito carroçável;Com Vítimas Feridas;Pleno dia;Decrescente;Sol;Dupla;"Reta;Em Obras";Não;1;0;1;0;0;0;1;1;-11,3140616;-62,25472736;SPRF-RO;DEL02-RO;UOP03-DEL02-RO
622888;22/08/2024;quinta-feira;15:30:00;RJ;101;268,5;RIO BONITO;Reação tardia ou ineficiente do condutor;Colisão traseira;Com Vítimas Feridas;Pleno dia;Decrescente;Céu Claro;Dupla;Reta;Não;2;0;1;0;1;0;1;2;-22,7112997;-42,66922613;SPRF-RJ;DEL02-RJ;UOP03-DEL02-RJ
622889;12/06/2024;quarta-feira;19:00:00;MG;40;422,5;CURVELO;Pedestre andava na pista;Atropelamento de Pedestre;Com Vítimas Fatais;Plena Noite;Decrescente;Céu Claro;Simples;Reta;Sim;2;1;0;1;0;0;1;2;-19,15372286;-44,54767401;SPRF-MG;DEL02-MG;UOP01-DEL02-MG
622891;22/08/2024;quinta-feira;16:10:00;ES;101;66,6;SAO MATEUS;Ingestão de álcool pelo condutor;Colisão traseira;Com Vítimas Feridas;Pleno dia;Crescente;Nublado;Dupla;Reta;Sim;4;0;2;0;2;0;2;3;-18,7165195;-39,87436378;SPRF-ES;DEL04-ES;UOP02-DEL04-ES