id;data_inversa;dia_semana;horario;uf;br;km;municipio;causa_acidente;tipo_acidente;classificacao_acidente;fase_dia;sentido_via;condicao_metereologica;tipo_pista;tracado_via;uso_solo;pessoas;mortos;feridos_leves;feridos_graves;ilesos;ignorados;feridos;veiculos;latitude;longitude;regional;delegacia;uop
623401;24/08/2024;sábado;19:30:00;SE;101;149;ESTANCIA;Acessar a via sem observar a presença dos outros veículos;Colisão transversal;Com Vítimas Feridas;Plena Noite;Decrescente;Céu Claro;Simples;Reta;Sim;3;0;2;0;0;1;2;2;-11,24076315;-37,43120873;SPRF-SE;DEL02-SE;UOP01-DEL02-SE
623402;24/08/2024;sábado;20:30:00;MG;459;89,2;CONGONHAL;Acessar a via sem observar a presença dos outros veículos;Colisão transversal;Com Vítimas Feridas;Plena Noite;Crescente;Céu Claro;Simples;Reta;Sim;2;0;1;0;1;0;1;2;-22,14996;-46,026233;SPRF-MG;DEL09-MG;UOP01-DEL09-MG
623405;24/08/2024;sábado;18:30:00;MG;262;67,9;SANTA MARGARIDA;Conversão proibida;Colisão transversal;Com Vítimas Feridas;Plena Noite;Crescente;Céu Claro;Simples;Reta;Não;3;0;1;0;2;0;1;2;-20,30577418;-42,26805605;SPRF-MG;DEL06-MG;UOP03-DEL06-MG
623406;24/08/2024;sábado;20:50:00;SC;101;207;SAO JOSE;Trafegar com motocicleta (ou similar) entre as faixas;Colisão lateral mesmo sentido;Com Vítimas Feridas;Plena Noite;Crescente;Nublado;Múltipla;"Declive;Reta";Sim;1;0;0;1;0;0;1;1;-27,60001226;-48,6226467;SPRF-SC;DEL01-SC;UOP01-DEL01-SC
623407;24/08/2024;sábado;20:10:00;PR;369;178;ROLANDIA;Ingestão de álcool pelo condutor;Colisão traseira;Com Vítimas Feridas;Plena Noite;Crescente;Nublado;Dupla;"Reta;Viaduto";Sim;2;0;1;0;1;0;1;2;-23,35062284;-51,38718724;SPRF-PR;DEL07-PR;UOP01-DEL07-PR
623408;24/08/2024;sábado;20:29:00;SP;116;322;JUQUITIBA;Reação tardia ou ineficiente do condutor;Saída de leito carroçável;Sem Vítimas;Plena Noite;Crescente;Garoa/Chuvisco;Dupla;Reta;Não;1;0;0;0;1;0;0;1;-23,935106;-47,026682;SPRF-SP;DEL04-SP;UOP03-DEL04-SP
623409;24/08/2024;sábado;18:44:00;MT;364;436;VARZEA GRANDE;Demais falhas na via;Queda de ocupante de veículo;Com Vítimas Feridas;Plena Noite;Crescente;Ignorado;Dupla;Reta;Sim;2;0;2;0;0;0;2;1;-15,64016119;-56,20218158;SPRF-MT;DEL01-MT;UOP02-DEL01-MT
623411;24/08/2024;sábado;20:25:00;SC;470;65;INDAIAL;Acesso irregular;Colisão lateral mesmo sentido;Com Vítimas Feridas;Plena Noite;Decrescente;Chuva;Simples;"Reta;Em Obras";Não;5;0;2;0;3;0;2;2;-26,870407;-49,221844;SPRF-SC;DEL04-SC;UOP01-DEL04-SC
623412;24/08/2024;sábado;18:50:00;RS;285;509,7;VITORIA DAS MISSOES;Acesso irregular;Colisão transversal;Sem Vítimas;Plena Noite;Crescente;Céu Claro;Simples;"Reta;Declive";Não;2;0;0;0;2;0;0;2;-28,400446;-54,383514;SPRF-RS;DEL10-RS;UOP01-DEL10-RS
623413;24/08/2024;sábado;20:40:00;PR;476;158;ARAUCARIA;Acessar a via sem observar a presença dos outros veículos;Colisão transversal;Com Vítimas Feridas;Plena Noite;Crescente;Nublado;Simples;Reta;Sim;3;0;1;1;1;0;2;2;-25,613539;-49,424255;SPRF-PR;DEL01-PR;UOP06-DEL01-PR
623416;24/08/2024;sábado;18:50:00;MG;262;445;NOVA SERRANA;Ausência de reação do condutor;Colisão com objeto;Com Vítimas Feridas;Anoitecer;Crescente;Céu Claro;Dupla;Reta;Sim;1;0;0;1;0;0;1;1;-19,87799664;-44,94086286;SPRF-MG;DEL08-MG;UOP03-DEL08-MG
623417;24/08/2024;sábado;20:00:00;RJ;40;108;DUQUE DE CAXIAS;Ausência de reação do condutor;Colisão com objeto;Com Vítimas Feridas;Plena Noite;Decrescente;Garoa/Chuvisco;Simples;Curva;Não;2;0;1;0;1;0;1;1;-22,66476979;-43,28495144;SPRF-RJ;DEL01-RJ;UOP02-DEL01-RJ
623418;24/08/2024;sábado;21:10:00;MG;381;481,5;CONTAGEM;Avarias e/ou desgaste excessivo no pneu;Engavetamento;Com Vítimas Feridas;Plena Noite;Crescente;Céu Claro;Dupla;Reta;Sim;3;0;0;1;2;0;1;3;-19,95931561;-44,08825597;SPRF-MG;DEL01-MG;UOP03-DEL01-MG
623419;24/08/2024;sábado;19:50:00;MG;262;405,8;PARA DE MINAS;Animais na Pista;Atropelamento de Animal;Com Vítimas Fatais;Plena Noite;Crescente;Céu Claro;Dupla;"Aclive;Reta";Não;1;1;0;0;0;0;0;1;-19,89153257;-44,65110157;SPRF-MG;DEL01-MG;UOP03-DEL01-MG
623420;24/08/2024;sábado;20:02:00;GO;153;102;SANTA TEREZA DE GOIAS;Reação tardia ou ineficiente do condutor;Saída de leito carroçável;Sem Vítimas;Plena Noite;Crescente;Céu Claro;Simples;Reta;Não;2;0;0;0;2;0;0;1;-13,669461;-49,029049;SPRF-GO;DEL07-GO;UOP01-DEL07-GO
623422;24/08/2024;sábado;20:00:00;PR;272;551;TERRA ROXA;Acessar a via sem observar a presença dos outros veículos;Colisão transversal;Com Vítimas Feridas;Plena Noite;Decrescente;Nublado;Simples;"Reta;Interseção de Vias";Não;5;0;1;0;4;0;1;2;-24,08240542;-54,06767178;SPRF-PR;DEL06-PR;UOP01-DEL06-PR
623423;24/08/2024;sábado;20:00:00;PR;476;273,8;SAO MATEUS DO SUL;Iluminação deficiente;Atropelamento de Pedestre;Com Vítimas Feridas;Plena Noite;Crescente;Garoa/Chuvisco;Simples;Reta;Sim;3;0;2;1;0;0;3;2;-25,894287;-50,368565;SPRF-PR;DEL02-PR;UOP03-DEL02-PR
623424;24/08/2024;sábado;20:20:00;TO;10;457;PALMAS;Condutor deixou de manter distância do veículo da frente;Colisão traseira;Com Vítimas Feridas;Plena Noite;Decrescente;Ignorado;Múltipla;Reta;Não;3;0;2;0;0;1;2;2;-10,28961688;-48,29771161;SPRF-TO;DEL01-TO;UOP03-DEL01-TO
623425;24/08/2024;sábado;21:40:00;CE;222;5;CAUCAIA;Manobra de mudança de faixa;Colisão lateral mesmo sentido;Com Vítimas Feridas;Plena Noite;Crescente;Céu Claro;Múltipla;Reta;Sim;4;0;1;1;2;0;2;3;-3,74277198;-38,61324191;SPRF-CE;DEL01-CE;UOP01-DEL01-CE
623427;24/08/2024;sábado;22:00:00;ES;101;267;SERRA;Avarias e/ou desgaste excessivo no pneu;Queda de ocupante de veículo;Com Vítimas Feridas;Plena Noite;Decrescente;Céu Claro;Dupla;Reta;Sim;1;0;1;0;0;0;1;1;-20,19930999;-40,26884609;SPRF-ES;DEL02-ES;UOP01-DEL02-ES
623428;24/08/2024;sábado;18:59:00;MT;163;1040;MATUPA;Acessar a via sem observar a presença dos outros veículos;Colisão lateral mesmo sentido;Com Vítimas Feridas;Plena Noite;Decrescente;Céu Claro;Simples;Reta;Sim;2;0;1;1;0;0;2;2;-10,17352922;-54,94013786;SPRF-MT;DEL06-MT;UOP03-DEL06-MT
623429;24/08/2024;sábado;20:00:00;BA;407;221;CAPIM GROSSO;Reação tardia ou ineficiente do condutor;Colisão lateral sentido oposto;Com Vítimas Feridas;Plena Noite;Decrescente;Céu Claro;Simples;Reta;Não;2;0;1;0;1;0;1;2;-11,279778;-40,02181903;SPRF-BA;DEL04-BA;UOP02-DEL04-BA
623430;24/08/2024;sábado;21:35:00;MG;381;533;ITATIAIUCU;Pista Escorregadia;Queda de ocupante de veículo;Com Vítimas Feridas;Plena Noite;Decrescente;Céu Claro;Dupla;Curva;Não;2;0;2;0;0;0;2;1;-20,19896036;-44,38641307;SPRF-MG;DEL04-MG;UOP03-DEL04-MG
623431;24/08/2024;sábado;21:20:00;SE;101;87;NOSSA SENHORA DO SOCORRO;Condutor deixou de manter distância do veículo da frente;Colisão traseira;Com Vítimas Feridas;Plena Noite;Crescente;Céu Claro;Dupla;"Reta;Aclive";Não;2;0;1;0;0;1;1;2;-10,86174498;-37,13526579;SPRF-SE;DEL01-SE;UOP01-DEL01-SE
623433;24/08/2024;sábado;21:05:00;GO;70;8;AGUAS LINDAS DE GOIAS;Reação tardia ou ineficiente do condutor;Colisão lateral mesmo sentido;Com Vítimas Feridas;Plena Noite;Crescente;Nublado;Dupla;Reta;Sim;2;0;0;1;1;0;1;2;-15,73733681;-48,27407468;SPRF-DF;DEL03-DF;UOP02-DEL03-DF
623434;24/08/2024;sábado;18:10:00;PA;230;720;MEDICILANDIA;Ausência de reação do condutor;Colisão traseira;Com Vítimas Feridas;Pleno dia;Decrescente;Céu Claro;Simples;Reta;Não;3;0;2;0;1;0;2;2;-3,38679021;-52,68895792;SPRF-PA;DEL04-PA;UOP01-DEL04-PA
623435;24/08/2024;sábado;21:50:00;PA;316;43;SANTA IZABEL DO PARA;Ausência de reação do condutor;Colisão traseira;Com Vítimas Feridas;Plena Noite;Crescente;Céu Claro;Dupla;Reta;Sim;2;0;0;1;0;1;1;2;-1,27648404;-48,104951;SPRF-PA;DEL01-PA;UOP01-DEL01-PA
623436;24/08/2024;sábado;22:10:00;MA;226;302,9;BARRA DO CORDA;Ausência de reação do condutor;Colisão traseira;Com Vítimas Feridas;Plena Noite;Crescente;Céu Claro;Simples;Reta;Sim;3;0;3;0;0;0;3;2;-5,49733929;-45,26542899;SPRF-MA;DEL06-MA;UOP01-DEL06-MA
623438;24/08/2024;sábado;10:15:00;SC;282;307,7;VARGEM;Reação tardia ou ineficiente do condutor;Colisão com objeto;Com Vítimas Feridas;Pleno dia;Crescente;Chuva;Simples;"Declive;Curva";Não;2;0;1;0;1;0;1;1;-27,495266;-50,962605;SPRF-SC;DEL07-SC;UOP06-DEL07-SC
623440;24/08/2024;sábado;22:30:00;SE;101;71;LARANJEIRAS;Ausência de reação do condutor;Colisão com objeto;Com Vítimas Feridas;Plena Noite;Crescente;Céu Claro;Dupla;"Declive;Reta";Não;1;0;0;1;0;0;1;1;-10,74264798;-37,09334602;SPRF-SE;DEL01-SE;UOP01-DEL01-SE
623442;24/08/2024;sábado;22:35:00;RJ;393;280,1;VOLTA REDONDA;Manobra de mudança de faixa;Colisão transversal;Com Vítimas Feridas;Plena Noite;Crescente;Nublado;Simples;Reta;Sim;2;0;1;0;1;0;1;2;-22,47750785;-44,01954402;SPRF-RJ;DEL05-RJ;UOP04-DEL05-RJ
623443;24/08/2024;sábado;22:40:00;PE;232;161,7;TACAIMBO;Transitar na contramão;Colisão frontal;Com Vítimas Feridas;Plena Noite;Crescente;Céu Claro;Simples;Reta;Não;5;0;1;1;3;0;2;2;-8,33222779;-36,26248895;SPRF-PE;DEL03-PE;UOP02-DEL03-PE
623444;24/08/2024;sábado;19:30:00;MG;40;279,5;TRES MARIAS;Ultrapassagem Indevida;Colisão frontal;Com Vítimas Fatais;Plena Noite;Crescente;Céu Claro;Simples;Reta;Sim;3;1;0;0;2;0;0;2;-18,22833211;-45,2202001;SPRF-MG;DEL14-MG;UOP02-DEL14-MG
623446;24/08/2024;sábado;22:18:00;RJ;465;5;SEROPEDICA;Pedestre cruzava a pista fora da faixa;Atropelamento de Pedestre;Com Vítimas Feridas;Plena Noite;Decrescente;Chuva;Simples;Reta;Não;2;0;1;0;1;0;1;2;-22,747673;-43,699196;SPRF-RJ;DEL06-RJ;UOP02-DEL06-RJ
623448;24/08/2024;sábado;21:55:00;SC;282;362;ERVAL VELHO;Ingestão de álcool pelo condutor;Saída de leito carroçável;Com Vítimas Feridas;Plena Noite;Crescente;Céu Claro;Simples;"Reta;Aclive";Não;2;0;1;0;1;0;1;1;-27,305356;-51,380561;SPRF-SC;DEL07-SC;UOP05-DEL07-SC
623449;24/08/2024;sábado;23:20:00;MG;40;521,5;CONTAGEM;Reação tardia ou ineficiente do condutor;Capotamento;Com Vítimas Feridas;Plena Noite;Decrescente;Céu Claro;Dupla;Reta;Não;3;0;1;0;0;2;1;2;-19,85651501;-44,07213222;SPRF-MG;DEL01-MG;UOP02-DEL01-MG
623450;24/08/2024;sábado;19:50:00;RJ;465;19;NOVA IGUACU;Ausência de reação do condutor;Colisão traseira;Sem Vítimas;Plena Noite;Decrescente;Garoa/Chuvisco;Simples;Reta;Sim;2;0;0;0;0;2;0;2;-22,839184;-43,610451;SPRF-RJ;DEL06-RJ;UOP02-DEL06-RJ
623451;24/08/2024;sábado;17:40:00;SC;282;137,3;BOM RETIRO;Velocidade Incompatível;Saída de leito carroçável;Com Vítimas Feridas;Plena Noite;Decrescente;Garoa/Chuvisco;Simples;Rotatória;Não;5;0;4;0;1;0;4;1;-27,82268113;-49,56938982;SPRF-SC;DEL05-SC;UOP01-DEL05-SC
623452;24/08/2024;sábado;23:15:00;RJ;116;141;DUQUE DE CAXIAS;Transitar na contramão;Colisão frontal;Com Vítimas Feridas;Plena Noite;Crescente;Céu Claro;Simples;Curva;Não;2;0;1;0;1;0;1;2;-22,64724486;-43,22083001;SPRF-RJ;DEL01-RJ;UOP02-DEL01-RJ
623454;25/08/2024;domingo;00:20:00;PB;101;34;MAMANGUAPE;Ingestão de álcool pelo condutor;Saída de leito carroçável;Com Vítimas Feridas;Plena Noite;Crescente;Céu Claro;Dupla;Reta;Não;1;0;1;0;0;0;1;1;-6,78533891;-35,13428131;SPRF-PB;DEL01-PB;UOP04-DEL01-PB
623456;24/08/2024;sábado;18:40:00;MG;116;572,5;MANHUACU;Ausência de reação do condutor;Tombamento;Com Vítimas Feridas;Plena Noite;Decrescente;Céu Claro;Simples;Reta;Não;2;0;2;0;0;0;2;1;-20,12103;-42,17621501;SPRF-MG;DEL06-MG;UOP03-DEL06-MG
623458;25/08/2024;domingo;00:10:00;GO;364;4;SAO SIMAO;Condutor Dormindo;Colisão transversal;Com Vítimas Feridas;Plena Noite;Crescente;Céu Claro;Simples;Reta;Não;2;0;2;0;0;0;2;2;-19,024111;-50,528896;SPRF-GO;DEL05-GO;UOP02-DEL05-GO
623459;24/08/2024;sábado;23:00:00;MG;381;503,9;BETIM;Ingestão de álcool pelo condutor;Colisão com objeto;Sem Vítimas;Plena Noite;Crescente;Céu Claro;Dupla;"Reta;Aclive";Sim;1;0;0;0;0;1;0;1;-20,02936991;-44,23545778;SPRF-MG;DEL01-MG;UOP03-DEL01-MG
623460;25/08/2024;domingo;00:40:00;PE;408;68,1;PAUDALHO;Transitar na contramão;Colisão frontal;Com Vítimas Fatais;Plena Noite;Crescente;Céu Claro;Dupla;Reta;Não;5;3;0;1;0;1;1;3;-7,864484;-35,206669;SPRF-PE;DEL01-PE;UOP01-DEL01-PE
623461;25/08/2024;domingo;01:15:00;MG;381;908,3;CAMBUI;Velocidade Incompatível;Saída de leito carroçável;Com Vítimas Feridas;Plena Noite;Decrescente;Garoa/Chuvisco;Dupla;"Aclive;Curva";Não;2;0;1;0;1;0;1;1;-22,68095525;-46,10143304;SPRF-MG;DEL16-MG;UOP03-DEL16-MG
623462;25/08/2024;domingo;01:00:00;RN;101;141;ARES;Ausência de reação do condutor;Queda de ocupante de veículo;Com Vítimas Feridas;Plena Noite;Decrescente;Céu Claro;Dupla;Viaduto;Não;1;0;0;1;0;0;1;1;-6,21554008;-35,21546521;SPRF-RN;DEL01-RN;UOP01-DEL01-RN
623463;25/08/2024;domingo;01:30:00;SC;470;69;INDAIAL;Ausência de reação do condutor;Colisão com objeto;Com Vítimas Feridas;Plena Noite;Crescente;Céu Claro;Dupla;Em Obras;Sim;1;0;1;0;0;0;1;1;-26,883745;-49,246704;SPRF-SC;DEL04-SC;UOP01-DEL04-SC
623465;24/08/2024;sábado;20:30:00;PR;369;59,8;BANDEIRANTES;Ingestão de álcool pelo condutor;Colisão com objeto;Com Vítimas Feridas;Plena Noite;Crescente;Céu Claro;Simples;Rotatória;Não;1;0;0;1;0;0;1;1;-23,13273;-50,40231;SPRF-PR;DEL07-PR;UOP05-DEL07-PR
623466;24/08/2024;sábado;23:00:00;MG;116;478,5;DOM CAVATI;Acessar a via sem observar a presença dos outros veículos;Colisão transversal;Com Vítimas Feridas;Plena Noite;Crescente;Céu Claro;Simples;Reta;Sim;2;0;0;1;1;0;1;2;-19,37735625;-42,1085357;SPRF-MG;DEL06-MG;UOP02-DEL06-MG
623467;25/08/2024;domingo;01:15:00;MS;376;139,4;IVINHEMA;Transitar na contramão;Colisão frontal;Com Vítimas Feridas;Plena Noite;Decrescente;Nublado;Simples;Reta;Não;4;0;0;1;3;0;1;2;-22,38765563;-53,6551338;SPRF-MS;DEL04-MS;UOP04-DEL04-MS
623468;25/08/2024;domingo;01:50:00;SC;101;359;SANGAO;Ausência de reação do condutor;Saída de leito carroçável;Sem Vítimas;Plena Noite;Crescente;Nublado;Múltipla;"Reta;Aclive";Não;1;0;0;0;0;1;0;1;-28,65057609;-49,10516385;SPRF-SC;DEL02-SC;UOP01-DEL02-SC
623469;25/08/2024;domingo;03:00:00;ES;101;264;SERRA;Condutor deixou de manter distância do veículo da frente;Colisão traseira;Com Vítimas Feridas;Plena Noite;Decrescente;Céu Claro;Múltipla;Reta;Sim;3;0;2;0;1;0;2;2;-20,17292791;-40,26736384;SPRF-ES;DEL02-ES;UOP01-DEL02-ES
623472;25/08/2024;domingo;03:40:00;SP;381;34;ATIBAIA;Ultrapassagem Indevida;Colisão com objeto;Com Vítimas Feridas;Plena Noite;Decrescente;Garoa/Chuvisco;Múltipla;Curva;Não;3;0;1;0;1;1;1;2;-23,079939;-46,569862;SPRF-SP;DEL03-SP;UOP02-DEL03-SP
623474;25/08/2024;domingo;02:15:00;GO;50;96,2;CRISTALINA;Suicídio (presumido);Atropelamento de Pedestre;Com Vítimas Fatais;Plena Noite;Decrescente;Céu Claro;Dupla;Reta;Sim;2;1;0;0;1;0;0;2;-16,75538647;-47,60591811;SPRF-DF;DEL01-DF;UOP02-DEL01-DF
623475;25/08/2024;domingo;03:48:00;MG;381;500;BETIM;Pedestre - Ingestão de álcool/ substâncias psicoativas;Atropelamento de Pedestre;Com Vítimas Feridas;Plena Noite;Decrescente;Céu Claro;Simples;Reta;Sim;2;0;0;1;0;1;1;2;-20,00624786;-44,2150569;SPRF-MG;DEL01-MG;UOP03-DEL01-MG
623476;25/08/2024;domingo;03:45:00;RN;101;146,3;GOIANINHA;Animais na Pista;Atropelamento de Animal;Com Vítimas Fatais;Plena Noite;Decrescente;Céu Claro;Dupla;Reta;Sim;1;1;0;0;0;0;0;1;-6,27145987;-35,20823975;SPRF-RN;DEL01-RN;UOP01-DEL01-RN
623477;25/08/2024;domingo;02:30:00;PR;277;674,8;MEDIANEIRA;Reação tardia ou ineficiente do condutor;Saída de leito carroçável;Com Vítimas Feridas;Plena Noite;Crescente;Céu Claro;Dupla;Reta;Não;1;0;1;0;0;0;1;1;-25,29484117;-54,11509792;SPRF-PR;DEL05-PR;UOP01-DEL05-PR
623478;25/08/2024;domingo;03:42:00;MS;262;6;TRES LAGOAS;Ingestão de álcool pelo condutor;Saída de leito carroçável;Sem Vítimas;Plena Noite;Crescente;Céu Claro;Dupla;Reta;Sim;1;0;0;0;1;0;0;1;-20,78237921;-51,67197438;SPRF-MS;DEL07-MS;UOP01-DEL07-MS
623480;24/08/2024;sábado;18:00:00;BA;324;589,1;CANDEIAS;Reação tardia ou ineficiente do condutor;Capotamento;Sem Vítimas;Anoitecer;Crescente;Céu Claro;Dupla;Reta;Sim;1;0;0;0;1;0;0;1;-12,67291202;-38,46908411;SPRF-BA;DEL01-BA;UOP01-DEL01-BA
623481;25/08/2024;domingo;04:30:00;PR;163;214,5;CASCAVEL;Ingestão de álcool pelo condutor;Saída de leito carroçável;Sem Vítimas;Plena Noite;Decrescente;Nublado;Dupla;Reta;Não;2;0;0;0;2;0;0;1;-24,87638049;-53,5623052;SPRF-PR;DEL04-PR;UOP01-DEL04-PR
623482;25/08/2024;domingo;04:30:00;PB;101;85,5;BAYEUX;Acessar a via sem observar a presença dos outros veículos;Colisão lateral mesmo sentido;Com Vítimas Feridas;Amanhecer;Crescente;Céu Claro;Dupla;Reta;Sim;2;0;1;0;1;0;1;2;-7,14538184;-34,91662887;SPRF-PB;DEL01-PB;UOP01-DEL01-PB
623484;25/08/2024;domingo;04:45:00;SC;163;72,5;SAO MIGUEL DO OESTE;Ingestão de álcool pelo condutor;Saída de leito carroçável;Com Vítimas Feridas;Anoitecer;Crescente;Nublado;Dupla;Curva;Sim;3;0;2;0;1;0;2;1;-26,71908804;-53,5157791;SPRF-SC;DEL07-SC;UOP03-DEL07-SC
623485;25/08/2024;domingo;04:20:00;PI;343;0,1;LUIS CORREIA;Acessar a via sem observar a presença dos outros veículos;Colisão transversal;Com Vítimas Fatais;Amanhecer;Decrescente;Céu Claro;Simples;Reta;Sim;2;1;0;0;1;0;0;2;-2,890292;-41,667423;SPRF-PI;DEL05-PI;UOP01-DEL05-PI
623486;25/08/2024;domingo;05:00:00;SC;116;36;ITAIOPOLIS;Demais falhas mecânicas ou elétricas;Incêndio;Sem Vítimas;Amanhecer;Crescente;Nublado;Simples;Reta;Não;1;0;0;0;0;1;0;1;-26,3385056;-50,01471809;SPRF-SC;DEL06-SC;UOP01-DEL06-SC
623487;24/08/2024;sábado;22:00:00;MG;40;513,2;RIBEIRAO DAS NEVES;Velocidade Incompatível;Capotamento;Sem Vítimas;Plena Noite;Crescente;Céu Claro;Dupla;Curva;Sim;1;0;0;0;0;1;0;1;-19,7970544;-44,1080512;SPRF-MG;DEL01-MG;UOP02-DEL01-MG
623490;25/08/2024;domingo;06:30:00;RJ;101;477;ANGRA DOS REIS;Pista Escorregadia;Queda de ocupante de veículo;Com Vítimas Feridas;Amanhecer;Crescente;Garoa/Chuvisco;Simples;Curva;Não;2;0;2;0;0;0;2;1;-22,99820396;-44,26554599;SPRF-RJ;DEL03-RJ;UOP03-DEL03-RJ
623491;25/08/2024;domingo;02:15:00;MG;146;440,6;CABO VERDE;Condutor Dormindo;Colisão com objeto;Com Vítimas Feridas;Plena Noite;Crescente;Céu Claro;Simples;Curva;Não;2;0;1;1;0;0;2;1;-21,481965;-46,401965;SPRF-MG;DEL09-MG;UOP01-DEL09-MG
623492;25/08/2024;domingo;06:15:00;SC;101;128,8;BALNEARIO CAMBORIU;Ingestão de álcool pelo condutor;Colisão frontal;Com Vítimas Feridas;Amanhecer;Decrescente;Nublado;Dupla;Curva;Sim;2;0;1;1;0;0;2;2;-26,97284292;-48,68299451;SPRF-SC;DEL04-SC;UOP03-DEL04-SC
623493;24/08/2024;sábado;12:10:00;SC;153;63;IRANI;Acessar a via sem observar a presença dos outros veículos;Colisão transversal;Com Vítimas Feridas;Pleno dia;Crescente;Nevoeiro/Neblina;Simples;Reta;Sim;3;0;2;0;1;0;2;2;-26,994884;-51,87051;SPRF-SC;DEL07-SC;UOP04-DEL07-SC
623494;25/08/2024;domingo;05:15:00;MG;365;756;ITUIUTABA;Velocidade Incompatível;Tombamento;Com Vítimas Feridas;Plena Noite;Crescente;Céu Claro;Simples;Interseção de Vias;Não;1;0;0;1;0;0;1;1;-18,95717176;-49,4695793;SPRF-MG;DEL15-MG;UOP03-DEL15-MG
623495;25/08/2024;domingo;06:40:00;PE;101;64,8;RECIFE;Condutor deixou de manter distância do veículo da frente;Colisão traseira;Com Vítimas Feridas;Pleno dia;Crescente;Céu Claro;Dupla;Reta;Não;2;0;1;0;1;0;1;2;-8,0162921;-34,94045886;SPRF-PE;DEL01-PE;UOP01-DEL01-PE
623496;25/08/2024;domingo;06:30:00;MG;381;804,5;SAO GONCALO DO SAPUCAI;Reação tardia ou ineficiente do condutor;Colisão com objeto;Sem Vítimas;Amanhecer;Crescente;Nublado;Dupla;Reta;Não;1;0;0;0;1;0;0;1;-21,996186;-45,6744899;SPRF-MG;DEL16-MG;UOP02-DEL16-MG
623497;25/08/2024;domingo;04:00:00;MG;50;72;UBERLANDIA;Reação tardia ou ineficiente do condutor;Colisão traseira;Sem Vítimas;Plena Noite;Crescente;Nevoeiro/Neblina;Dupla;Reta;Sim;2;0;0;0;1;1;0;2;-18,85140204;-48,25345932;SPRF-MG;DEL15-MG;UOP01-DEL15-MG
623498;24/08/2024;sábado;21:20:00;PA;230;119;MARABA;Reação tardia ou ineficiente do condutor;Tombamento;Com Vítimas Feridas;Plena Noite;Crescente;Céu Claro;Dupla;Aclive;Sim;2;0;1;0;1;0;1;1;-5,350407;-49,105981;SPRF-PA;DEL03-PA;UOP01-DEL03-PA
623499;25/08/2024;domingo;06:10:00;PR;272;433;GOIOERE;Ingestão de álcool pelo condutor;Colisão traseira;Com Vítimas Feridas;Pleno dia;Crescente;Céu Claro;Simples;"Aclive;Reta";Não;7;0;5;0;2;0;5;2;-24,18662294;-53,00060202;SPRF-PR;DEL09-PR;UOP03-DEL09-PR
623500;25/08/2024;domingo;07:30:00;MG;50;167;UBERABA;Velocidade Incompatível;Saída de leito carroçável;Com Vítimas Feridas;Pleno dia;Crescente;Céu Claro;Dupla;"Retorno Regulamentado;Reta";Sim;2;0;1;0;0;1;1;2;-19,7102529;-47,98304473;SPRF-MG;DEL13-MG;UOP01-DEL13-MG
623501;25/08/2024;domingo;06:25:00;RJ;40;123;DUQUE DE CAXIAS;Ausência de reação do condutor;Capotamento;Com Vítimas Feridas;Pleno dia;Crescente;Nublado;Dupla;Reta;Sim;1;0;1;0;0;0;1;1;-22,79907687;-43,29015739;SPRF-RJ;DEL01-RJ;UOP02-DEL01-RJ
623503;25/08/2024;domingo;04:30:00;PR;376;593;CURITIBA;Condutor Dormindo;Saída de leito carroçável;Com Vítimas Feridas;Plena Noite;Crescente;Nublado;Dupla;Reta;Sim;1;0;1;0;0;0;1;1;-25,47642706;-49,35092413;SPRF-PR;DEL01-PR;UOP06-DEL01-PR
623504;25/08/2024;domingo;07:40:00;PE;101;87,1;JABOATAO DOS GUARARAPES;Reação tardia ou ineficiente do condutor;Saída de leito carroçável;Com Vítimas Feridas;Pleno dia;Crescente;Céu Claro;Dupla;Reta;Não;1;0;1;0;0;0;1;1;-8,19120206;-34,97449985;SPRF-PE;DEL01-PE;UOP01-DEL01-PE
623506;25/08/2024;domingo;06:30:00;RJ;393;286;VOLTA REDONDA;Condutor Dormindo;Capotamento;Sem Vítimas;Pleno dia;Crescente;Nublado;Simples;Reta;Sim;1;0;0;0;1;0;0;1;-22,507524;-44,078364;SPRF-RJ;DEL05-RJ;UOP04-DEL05-RJ
623507;25/08/2024;domingo;08:15:00;PR;376;176,8;MARINGA;Acessar a via sem observar a presença dos outros veículos;Colisão transversal;Com Vítimas Feridas;Pleno dia;Crescente;Céu Claro;Dupla;Interseção de Vias;Sim;3;0;1;0;2;0;1;3;-23,412808;-51,932224;SPRF-PR;DEL09-PR;UOP01-DEL09-PR
623508;25/08/2024;domingo;08:00:00;PR;277;71;SAO JOSE DOS PINHAIS;Condutor Dormindo;Saída de leito carroçável;Sem Vítimas;Pleno dia;Decrescente;Nublado;Dupla;Reta;Não;2;0;0;0;2;0;0;1;-25,50914823;-49,13363102;SPRF-PR;DEL01-PR;UOP07-DEL01-PR
623509;25/08/2024;domingo;06:40:00;RJ;116;269;BARRA MANSA;Reação tardia ou ineficiente do condutor;Capotamento;Com Vítimas Feridas;Amanhecer;Decrescente;Céu Claro;Dupla;Curva;Não;1;0;1;0;0;0;1;1;-22,57510092;-44,11542461;SPRF-RJ;DEL07-RJ;UOP02-DEL07-RJ
623510;25/08/2024;domingo;07:50:00;RS;116;149,5;CAXIAS DO SUL;Ingestão de álcool pelo condutor;Colisão com objeto;Com Vítimas Feridas;Pleno dia;Crescente;Nublado;Dupla;Reta;Sim;1;0;1;0;0;0;1;1;-29,1653906;-51,15873814;SPRF-RS;DEL05-RS;UOP01-DEL05-RS