id;data_inversa;dia_semana;horario;uf;br;km;municipio;causa_acidente;tipo_acidente;classificacao_acidente;fase_dia;sentido_via;condicao_metereologica;tipo_pista;tracado_via;uso_solo;pessoas;mortos;feridos_leves;feridos_graves;ilesos;ignorados;feridos;veiculos;latitude;longitude;regional;delegacia;uop
623511;25/08/2024;domingo;07:00:00;MG;381;929,8;ITAPEVA;Chuva;Colisão com objeto;Com Vítimas Feridas;Pleno dia;Decrescente;Chuva;Dupla;Curva;Não;1;0;1;0;0;0;1;1;-22,79911462;-46,26123692;SPRF-MG;DEL16-MG;UOP03-DEL16-MG
623512;25/08/2024;domingo;07:00:00;MG;381;938,1;EXTREMA;Velocidade Incompatível;Tombamento;Com Vítimas Feridas;Pleno dia;Decrescente;Chuva;Dupla;"Curva;Retorno Regulamentado";Não;1;0;1;0;0;0;1;1;-22,81688487;-46,29274321;SPRF-MG;DEL16-MG;UOP03-DEL16-MG
623513;25/05/2024;sábado;13:20:00;RJ;101;525,9;ANGRA DOS REIS;Chuva;Colisão frontal;Com Vítimas Feridas;Pleno dia;Decrescente;Chuva;Simples;Curva;Não;4;0;0;2;0;2;2;2;-23,00539889;-44,48448504;SPRF-RJ;DEL03-RJ;UOP03-DEL03-RJ
623514;25/08/2024;domingo;09:00:00;RJ;101;488;ANGRA DOS REIS;Acessar a via sem observar a presença dos outros veículos;Atropelamento de Pedestre;Com Vítimas Feridas;Pleno dia;Decrescente;Chuva;Simples;Reta;Sim;2;0;1;0;1;0;1;2;-22,96020896;-44,29612622;SPRF-RJ;DEL03-RJ;UOP03-DEL03-RJ
623515;25/08/2024;domingo;08:23:00;TO;153;124;WANDERLANDIA;Transitar na contramão;Colisão frontal;Com Vítimas Fatais;Pleno dia;Decrescente;Sol;Simples;Curva;Não;3;1;0;0;1;1;0;3;-7,07030955;-48,12173029;SPRF-TO;DEL02-TO;UOP01-DEL02-TO
623517;25/08/2024;domingo;09:00:00;SP;381;25,4;BRAGANCA PAULISTA;Animais na Pista;Atropelamento de Animal;Com Vítimas Fatais;Pleno dia;Crescente;Nublado;Dupla;"Reta;Aclive";Não;1;1;0;0;0;0;0;1;-23,02018004;-46,52966596;SPRF-SP;DEL03-SP;UOP02-DEL03-SP
623518;25/08/2024;domingo;10:30:00;RS;116;223;DOIS IRMAOS;Velocidade Incompatível;Queda de ocupante de veículo;Com Vítimas Feridas;Pleno dia;Crescente;Céu Claro;Simples;Curva;Sim;2;0;2;0;0;0;2;1;-29,58827044;-51,09917696;SPRF-RS;DEL01-RS;UOP02-DEL01-RS
623520;25/08/2024;domingo;10:20:00;SC;282;45;AGUAS MORNAS;Demais falhas mecânicas ou elétricas;Tombamento;Com Vítimas Feridas;Pleno dia;Decrescente;Céu Claro;Simples;"Reta;Declive";Não;1;0;1;0;0;0;1;1;-27,719851;-48,916126;SPRF-SC;DEL01-SC;UOP03-DEL01-SC
623521;25/08/2024;domingo;10:25:00;SC;280;81,8;CORUPA;Acessar a via sem observar a presença dos outros veículos;Colisão frontal;Com Vítimas Feridas;Pleno dia;Crescente;Céu Claro;Simples;Reta;Não;2;0;1;0;1;0;1;2;-26,44057489;-49,217056;SPRF-SC;DEL06-SC;UOP03-DEL06-SC
623522;25/08/2024;domingo;10:28:00;GO;50;103;CRISTALINA;Condutor deixou de manter distância do veículo da frente;Saída de leito carroçável;Com Vítimas Feridas;Pleno dia;Decrescente;Nevoeiro/Neblina;Dupla;Reta;Não;1;0;1;0;0;0;1;1;-16,9309;-47,7117;SPRF-DF;DEL01-DF;UOP02-DEL01-DF
623524;25/08/2024;domingo;11:15:00;SC;470;58;BLUMENAU;Trafegar com motocicleta (ou similar) entre as faixas;Colisão lateral mesmo sentido;Com Vítimas Feridas;Pleno dia;Crescente;Céu Claro;Simples;Reta;Sim;3;0;2;0;1;0;2;2;-26,883879;-49,145622;SPRF-SC;DEL04-SC;UOP01-DEL04-SC
623525;25/08/2024;domingo;11:30:00;MG;40;771;JUIZ DE FORA;Acesso irregular;Colisão transversal;Com Vítimas Feridas;Pleno dia;Decrescente;Céu Claro;Simples;Reta;Não;5;0;3;0;2;0;3;2;-21,60932712;-43,45892723;SPRF-MG;DEL05-MG;UOP01-DEL05-MG
623526;25/08/2024;domingo;11:40:00;ES;101;236;FUNDAO;Transitar no Acostamento;Colisão lateral mesmo sentido;Com Vítimas Feridas;Pleno dia;Crescente;Sol;Dupla;Reta;Sim;2;0;0;1;1;0;1;2;-19,98434998;-40,41371315;SPRF-ES;DEL02-ES;UOP01-DEL02-ES
623527;25/08/2024;domingo;10:55:00;MG;381;684,5;RIBEIRAO VERMELHO;Acessar a via sem observar a presença dos outros veículos;Colisão lateral mesmo sentido;Com Vítimas Feridas;Pleno dia;Decrescente;Nublado;Dupla;Reta;Sim;2;0;0;1;1;0;1;2;-21,183794;-45,119785;SPRF-MG;DEL04-MG;UOP02-DEL04-MG
623529;25/08/2024;domingo;11:05:00;GO;414;387,5;CORUMBA DE GOIAS;Velocidade Incompatível;Tombamento;Com Vítimas Fatais;Pleno dia;Crescente;Céu Claro;Simples;Curva;Não;3;1;2;0;0;0;2;3;-15,88092998;-48,79068001;SPRF-GO;DEL02-GO;UOP01-DEL02-GO
623533;25/08/2024;domingo;12:40:00;PE;232;126,5;CARUARU;Pista Escorregadia;Tombamento;Com Vítimas Feridas;Pleno dia;Decrescente;Céu Claro;Simples;"Viaduto;Aclive;Curva";Sim;1;0;1;0;0;0;1;1;-8,30819677;-35,95467594;SPRF-PE;DEL02-PE;UOP01-DEL02-PE
623534;25/08/2024;domingo;12:10:00;MG;381;410;NOVA UNIAO;Conversão proibida;Colisão transversal;Com Vítimas Feridas;Pleno dia;Decrescente;Céu Claro;Dupla;"Reta;Retorno Regulamentado";Não;4;0;1;3;0;0;4;2;-19,7389424;-43,55688756;SPRF-MG;DEL01-MG;UOP01-DEL01-MG
623536;25/08/2024;domingo;12:00:00;MS;262;92,6;TRES LAGOAS;Acumulo de água sobre o pavimento;Saída de leito carroçável;Com Vítimas Feridas;Pleno dia;Crescente;Chuva;Simples;Curva;Não;4;0;1;0;3;0;1;1;-20,59634182;-52,42672784;SPRF-MS;DEL07-MS;UOP02-DEL07-MS
623537;25/08/2024;domingo;09:00:00;BA;101;916,6;NOVA VICOSA;Demais falhas mecânicas ou elétricas;Incêndio;Sem Vítimas;Pleno dia;Crescente;Céu Claro;Simples;Reta;Não;1;0;0;0;0;1;0;1;-17,867153;-39,805665;SPRF-BA;DEL09-BA;UOP02-DEL09-BA
623538;25/08/2024;domingo;12:00:00;GO;153;436;ANAPOLIS;Condutor deixou de manter distância do veículo da frente;Colisão traseira;Com Vítimas Feridas;Pleno dia;Crescente;Céu Claro;Dupla;"Reta;Em Obras";Não;2;0;1;0;1;0;1;2;-16,283987;-48,951763;SPRF-GO;DEL02-GO;UOP01-DEL02-GO
623539;25/08/2024;domingo;12:00:00;MT;364;209;RONDONOPOLIS;Ausência de reação do condutor;Saída de leito carroçável;Com Vítimas Feridas;Pleno dia;Decrescente;Nublado;Dupla;"Reta;Rotatória";Não;1;0;0;1;0;0;1;1;-16,4211635;-54,70273018;SPRF-MT;DEL02-MT;UOP01-DEL02-MT
623540;25/08/2024;domingo;12:50:00;GO;60;11;SANTO ANTONIO DO DESCOBERTO;Reação tardia ou ineficiente do condutor;Colisão transversal;Com Vítimas Feridas;Pleno dia;Crescente;Nublado;Dupla;"Declive;Reta";Não;5;0;1;0;4;0;1;2;-16,114045;-48,32903;SPRF-DF;DEL03-DF;UOP01-DEL03-DF
623541;25/08/2024;domingo;13:40:00;SC;101;335;TUBARAO;Manobra de mudança de faixa;Colisão traseira;Sem Vítimas;Pleno dia;Crescente;Céu Claro;Dupla;"Reta;Ponte";Não;3;0;0;0;3;0;0;3;-28,48154562;-49,03477192;SPRF-SC;DEL02-SC;UOP01-DEL02-SC
623542;25/08/2024;domingo;13:30:00;SP;116;327;JUQUITIBA;Pista Escorregadia;Colisão com objeto;Com Vítimas Feridas;Pleno dia;Decrescente;Garoa/Chuvisco;Dupla;Declive;Sim;1;0;1;0;0;0;1;1;-23,93596456;-47,07098892;SPRF-SP;DEL04-SP;UOP03-DEL04-SP
623544;25/08/2024;domingo;12:00:00;MG;381;876,5;ESTIVA;Velocidade Incompatível;Saída de leito carroçável;Sem Vítimas;Pleno dia;Decrescente;Chuva;Dupla;Curva;Não;1;0;0;0;1;0;0;1;-22,43933659;-45,98467827;SPRF-MG;DEL16-MG;UOP01-DEL16-MG
623545;25/08/2024;domingo;10:30:00;RJ;356;20;ITAPERUNA;Condutor deixou de manter distância do veículo da frente;Colisão traseira;Com Vítimas Feridas;Pleno dia;Decrescente;Céu Claro;Simples;Reta;Não;2;0;1;0;1;0;1;2;-21,17557977;-42,01087805;SPRF-RJ;DEL08-RJ;UOP03-DEL08-RJ
623546;25/08/2024;domingo;14:00:00;PE;232;4,9;RECIFE;Acessar a via sem observar a presença dos outros veículos;Colisão lateral mesmo sentido;Com Vítimas Feridas;Pleno dia;Crescente;Céu Claro;Dupla;"Interseção de Vias;Viaduto";Não;3;0;1;1;1;0;2;2;-8,064473;-34,936928;SPRF-PE;DEL01-PE;UOP01-DEL01-PE
623547;25/08/2024;domingo;13:00:00;MA;135;7;SAO LUIS;Acessar a via sem observar a presença dos outros veículos;Colisão transversal;Com Vítimas Feridas;Pleno dia;Crescente;Céu Claro;Dupla;"Declive;Interseção de Vias;Reta";Sim;2;0;1;0;1;0;1;2;-2,63608835;-44,26848552;SPRF-MA;DEL01-MA;UOP01-DEL01-MA
623548;25/08/2024;domingo;14:00:00;PE;104;100;CUPIRA;Ingestão de álcool pelo condutor;Colisão com objeto;Com Vítimas Feridas;Pleno dia;Crescente;Céu Claro;Simples;"Ponte;Reta";Não;1;0;1;0;0;0;1;1;-8,56914;-35,94976;SPRF-PE;DEL02-PE;UOP03-DEL02-PE
623549;25/08/2024;domingo;14:30:00;SP;381;60,3;MAIRIPORA;Chuva;Tombamento;Com Vítimas Feridas;Pleno dia;Crescente;Chuva;Dupla;"Curva;Declive";Não;1;0;1;0;0;0;1;1;-23,28957673;-46,58729853;SPRF-SP;DEL03-SP;UOP01-DEL03-SP
623553;25/08/2024;domingo;14:20:00;PR;116;116;CURITIBA;Reação tardia ou ineficiente do condutor;Colisão com objeto;Com Vítimas Feridas;Pleno dia;Crescente;Céu Claro;Múltipla;Reta;Sim;1;0;1;0;0;0;1;1;-25,55468195;-49,27402397;SPRF-PR;DEL01-PR;UOP03-DEL01-PR
623554;25/08/2024;domingo;14:20:00;BA;101;898;CARAVELAS;Acessar a via sem observar a presença dos outros veículos;Colisão lateral mesmo sentido;Com Vítimas Feridas;Pleno dia;Crescente;Céu Claro;Simples;Reta;Não;4;0;1;0;3;0;1;2;-17,714563;-39,76761;SPRF-BA;DEL09-BA;UOP02-DEL09-BA
623555;25/08/2024;domingo;14:30:00;MG;381;923,8;ITAPEVA;Chuva;Saída de leito carroçável;Com Vítimas Feridas;Pleno dia;Crescente;Chuva;Dupla;Curva;Não;1;0;1;0;0;0;1;1;-22,77434834;-46,18572307;SPRF-MG;DEL16-MG;UOP03-DEL16-MG
623556;25/08/2024;domingo;13:00:00;MT;163;838;SINOP;Reação tardia ou ineficiente do condutor;Saída de leito carroçável;Com Vítimas Feridas;Pleno dia;Crescente;Céu Claro;Simples;Reta;Sim;1;0;0;1;0;0;1;1;-11,83568;-55,48866;SPRF-MT;DEL06-MT;UOP02-DEL06-MT
623557;25/08/2024;domingo;15:25:00;AL;316;242,6;ATALAIA;Acostamento em desnível;Saída de leito carroçável;Com Vítimas Feridas;Pleno dia;Crescente;Céu Claro;Simples;Curva;Não;1;0;0;1;0;0;1;1;-9,50727405;-36,02113501;SPRF-AL;DEL01-AL;UOP01-DEL01-AL
623558;25/08/2024;domingo;15:15:00;PI;343;13;TERESINA;Retorno proibido;Colisão lateral mesmo sentido;Com Vítimas Feridas;Pleno dia;Crescente;Céu Claro;Dupla;"Reta;Retorno Regulamentado";Não;3;0;1;1;1;0;2;2;-5,21213908;-42,75479794;SPRF-PI;DEL05-PI;UOP01-DEL05-PI
623559;25/08/2024;domingo;15:00:00;RS;116;222;DOIS IRMAOS;Ausência de reação do condutor;Queda de ocupante de veículo;Com Vítimas Feridas;Pleno dia;Crescente;Céu Claro;Simples;Reta;Sim;1;0;1;0;0;0;1;1;-29,57489948;-51,0951407;SPRF-RS;DEL01-RS;UOP02-DEL01-RS
623561;25/08/2024;domingo;15:00:00;SC;101;134,2;BALNEARIO CAMBORIU;Condutor usando celular;Colisão transversal;Com Vítimas Feridas;Pleno dia;Crescente;Céu Claro;Simples;Declive;Sim;2;0;1;0;1;0;1;2;-27,00218;-48,636433;SPRF-SC;DEL04-SC;UOP03-DEL04-SC
623562;25/08/2024;domingo;14:15:00;RS;470;247,5;BARAO;Acessar a via sem observar a presença dos outros veículos;Colisão transversal;Com Vítimas Feridas;Pleno dia;Decrescente;Céu Claro;Simples;Interseção de Vias;Sim;3;0;1;1;1;0;2;2;-29,39581223;-51,4944005;SPRF-RS;DEL06-RS;UOP01-DEL06-RS
623563;25/08/2024;domingo;14:30:00;MS;267;480,5;JARDIM;Ausência de reação do condutor;Saída de leito carroçável;Com Vítimas Feridas;Pleno dia;Crescente;Nublado;Simples;Interseção de Vias;Sim;1;0;1;0;0;0;1;1;-21,47877907;-56,13878489;SPRF-MS;DEL05-MS;UOP01-DEL05-MS
623564;25/08/2024;domingo;13:40:00;RO;364;341;JI-PARANA;Reação tardia ou ineficiente do condutor;Colisão traseira;Com Vítimas Feridas;Pleno dia;Crescente;Sol;Múltipla;Reta;Não;2;0;0;1;1;0;1;2;-10,88987987;-61,93126772;SPRF-RO;DEL02-RO;UOP01-DEL02-RO
623565;25/08/2024;domingo;14:40:00;SC;470;242,1;CURITIBANOS;Reação tardia ou ineficiente do condutor;Saída de leito carroçável;Com Vítimas Feridas;Pleno dia;Crescente;Céu Claro;Simples;Curva;Não;1;0;1;0;0;0;1;1;-27,311794;-50,498703;SPRF-SC;DEL05-SC;UOP03-DEL05-SC
623567;25/08/2024;domingo;12:30:00;SC;101;319;PESCARIA BRAVA;Avarias e/ou desgaste excessivo no pneu;Tombamento;Com Vítimas Feridas;Pleno dia;Crescente;Céu Claro;Dupla;Reta;Sim;1;0;1;0;0;0;1;1;-28,42978736;-48,87148792;SPRF-SC;DEL02-SC;UOP01-DEL02-SC
623569;25/08/2024;domingo;15:45:00;SP;488;3,4;APARECIDA;Ausência de reação do condutor;Colisão transversal;Com Vítimas Feridas;Pleno dia;Crescente;Chuva;Dupla;Reta;Sim;3;0;2;0;1;0;2;2;-22,85791925;-45,24781895;SPRF-SP;DEL08-SP;UOP01-DEL08-SP
623570;18/06/2024;terça-feira;07:10:00;SP;381;89;GUARULHOS;Trafegar com motocicleta (ou similar) entre as faixas;Colisão transversal;Com Vítimas Feridas;Pleno dia;Crescente;Céu Claro;Dupla;Reta;Sim;3;0;1;0;2;0;1;3;-23,48469299;-46,55983288;SPRF-SP;DEL03-SP;UOP01-DEL03-SP
623571;25/08/2024;domingo;15:00:00;SC;282;110;ALFREDO WAGNER;Velocidade Incompatível;Saída de leito carroçável;Sem Vítimas;Pleno dia;Decrescente;Céu Claro;Simples;"Curva;Declive";Não;1;0;0;0;1;0;0;1;-27,727324;-49,360542;SPRF-SC;DEL01-SC;UOP03-DEL01-SC
623572;25/08/2024;domingo;13:30:00;MT;70;45;BARRA DO GARCAS;Velocidade Incompatível;Saída de leito carroçável;Com Vítimas Feridas;Pleno dia;Decrescente;Céu Claro;Simples;Reta;Não;1;0;1;0;0;0;1;1;-15,75017401;-52,59685901;SPRF-MT;DEL07-MT;UOP01-DEL07-MT
623573;25/08/2024;domingo;17:00:00;RJ;356;147;CAMPOS DOS GOYTACAZES;Ingestão de álcool pelo condutor;Atropelamento de Pedestre;Com Vítimas Feridas;Pleno dia;Decrescente;Céu Claro;Dupla;Reta;Sim;3;0;0;1;2;0;1;3;-21,78540158;-41,29978331;SPRF-RJ;DEL08-RJ;UOP02-DEL08-RJ
623574;25/08/2024;domingo;13:00:00;RN;405;75;APODI;Acessar a via sem observar a presença dos outros veículos;Colisão transversal;Com Vítimas Feridas;Pleno dia;Crescente;Céu Claro;Dupla;Reta;Sim;3;0;0;2;1;0;2;2;-5,65991073;-37,7989769;SPRF-RN;DEL04-RN;UOP02-DEL04-RN
623575;25/08/2024;domingo;16:25:00;DF;20;0;BRASILIA;Demais falhas mecânicas ou elétricas;Colisão traseira;Com Vítimas Feridas;Pleno dia;Crescente;Céu Claro;Dupla;Curva;Sim;2;0;1;0;1;0;1;2;-15,688145;-47,858797;SPRF-DF;DEL02-DF;UOP01-DEL02-DF
623576;25/08/2024;domingo;13:43:00;BA;324;532;FEIRA DE SANTANA;Velocidade Incompatível;Capotamento;Sem Vítimas;Pleno dia;Decrescente;Céu Claro;Dupla;"Declive;Reta";Não;1;0;0;0;0;1;0;1;-12,33921226;-38,8474782;SPRF-BA;DEL01-BA;UOP03-DEL01-BA
623577;25/08/2024;domingo;17:20:00;ES;101;298;VIANA;Ingestão de álcool pelo condutor;Colisão transversal;Com Vítimas Feridas;Plena Noite;Decrescente;Nublado;Dupla;"Viaduto;Reta;Declive";Sim;2;0;0;1;1;0;1;2;-20,35374444;-40,4156433;SPRF-ES;DEL01-ES;UOP01-DEL01-ES
623578;25/08/2024;domingo;17:05:00;BA;101;716,4;EUNAPOLIS;Reação tardia ou ineficiente do condutor;Colisão traseira;Com Vítimas Feridas;Pleno dia;Decrescente;Céu Claro;Simples;"Reta;Rotatória";Sim;4;0;1;0;2;1;1;2;-16,36696;-39,582127;SPRF-BA;DEL09-BA;UOP01-DEL09-BA
623579;25/08/2024;domingo;17:40:00;GO;414;437,2;ANAPOLIS;Ingestão de álcool pelo condutor;Colisão traseira;Com Vítimas Feridas;Pleno dia;Crescente;Nevoeiro/Neblina;Simples;"Reta;Aclive";Não;2;0;1;0;1;0;1;2;-16,26365299;-48,93824303;SPRF-GO;DEL02-GO;UOP01-DEL02-GO
623580;25/08/2024;domingo;13:20:00;RJ;40;93;DUQUE DE CAXIAS;Reação tardia ou ineficiente do condutor;Saída de leito carroçável;Com Vítimas Feridas;Pleno dia;Crescente;Chuva;Dupla;"Curva;Declive";Não;1;0;1;0;0;0;1;1;-22,5554282;-43,25829998;SPRF-RJ;DEL01-RJ;UOP01-DEL01-RJ
623582;25/08/2024;domingo;17:30:00;MG;381;829,6;SAO SEBASTIAO DA BELA VISTA;Ingestão de álcool pelo condutor;Colisão traseira;Com Vítimas Feridas;Anoitecer;Crescente;Chuva;Dupla;Reta;Não;2;0;1;0;1;0;1;2;-22,13347012;-45,80792092;SPRF-MG;DEL16-MG;UOP01-DEL16-MG
623583;25/08/2024;domingo;17:25:00;SC;101;157,5;PORTO BELO;Manobra de mudança de faixa;Colisão traseira;Com Vítimas Feridas;Pleno dia;Crescente;Céu Claro;Dupla;Reta;Sim;2;0;0;1;1;0;1;2;-27,181625;-48,6121179;SPRF-SC;DEL04-SC;UOP03-DEL04-SC
623584;25/08/2024;domingo;11:30:00;RJ;40;91;DUQUE DE CAXIAS;Reação tardia ou ineficiente do condutor;Queda de ocupante de veículo;Com Vítimas Feridas;Pleno dia;Decrescente;Chuva;Simples;Curva;Sim;2;0;2;0;0;0;2;1;-22,54903566;-43,24229724;SPRF-RJ;DEL01-RJ;UOP01-DEL01-RJ
623586;25/08/2024;domingo;17:20:00;ES;101;214,9;IBIRACU;Acessar a via sem observar a presença dos outros veículos;Colisão transversal;Com Vítimas Feridas;Plena Noite;Crescente;Nublado;Simples;Curva;Sim;2;0;1;0;1;0;1;2;-19,82999127;-40,37211181;SPRF-ES;DEL02-ES;UOP01-DEL02-ES
623589;25/08/2024;domingo;17:40:00;RN;110;51,2;MOSSORO;Transitar na contramão;Colisão frontal;Com Vítimas Feridas;Anoitecer;Crescente;Céu Claro;Simples;Reta;Sim;2;0;1;0;1;0;1;2;-5,22684393;-37,33197037;SPRF-RN;DEL04-RN;UOP01-DEL04-RN
623590;25/08/2024;domingo;18:43:00;GO;40;15,7;LUZIANIA;Reação tardia ou ineficiente do condutor;Saída de leito carroçável;Sem Vítimas;Plena Noite;Decrescente;Céu Claro;Dupla;"Declive;Reta";Sim;1;0;0;0;0;1;0;1;-16,178578;-47,929102;SPRF-DF;DEL01-DF;UOP01-DEL01-DF
623591;25/08/2024;domingo;18:49:00;GO;40;25;LUZIANIA;Ausência de reação do condutor;Saída de leito carroçável;Sem Vítimas;Plena Noite;Decrescente;Nevoeiro/Neblina;Simples;Reta;Não;4;0;0;0;4;0;0;1;-16,252751;-47,900453;SPRF-DF;DEL01-DF;UOP01-DEL01-DF
623594;25/08/2024;domingo;17:27:00;PB;101;110;ALHANDRA;Velocidade Incompatível;Saída de leito carroçável;Sem Vítimas;Pleno dia;Crescente;Céu Claro;Dupla;Interseção de Vias;Não;1;0;0;0;0;1;0;1;-7,35280214;-34,94934624;SPRF-PB;DEL01-PB;UOP02-DEL01-PB
623595;25/08/2024;domingo;18:30:00;RJ;101;53,7;CAMPOS DOS GOYTACAZES;Ausência de reação do condutor;Atropelamento de Pedestre;Com Vítimas Feridas;Plena Noite;Crescente;Céu Claro;Simples;Reta;Não;2;0;0;1;0;1;1;2;-21,58105081;-41,32049278;SPRF-RJ;DEL08-RJ;UOP01-DEL08-RJ
623596;25/08/2024;domingo;17:50:00;RS;116;153,6;CAXIAS DO SUL;Reação tardia ou ineficiente do condutor;Colisão com objeto;Com Vítimas Feridas;Pleno dia;Crescente;Céu Claro;Simples;"Curva;Declive";Sim;2;0;1;0;0;1;1;2;-29,18579758;-51,17713005;SPRF-RS;DEL05-RS;UOP01-DEL05-RS
623597;25/08/2024;domingo;16:15:00;AP;210;130;PORTO GRANDE;Ausência de reação do condutor;Saída de leito carroçável;Com Vítimas Feridas;Pleno dia;Crescente;Céu Claro;Simples;Curva;Não;2;0;0;2;0;0;2;1;0,64572614;-51,59661841;SPRF-AP;DEL01-AP;UOP01-DEL01-AP
623599;25/08/2024;domingo;18:40:00;AP;156;479;TARTARUGALZINHO;Ausência de reação do condutor;Saída de leito carroçável;Com Vítimas Feridas;Anoitecer;Decrescente;Céu Claro;Simples;"Curva;Declive";Não;1;0;1;0;0;0;1;1;1,55933693;-50,90572672;SPRF-AP;DEL01-AP;UOP02-DEL01-AP
623600;25/08/2024;domingo;17:00:00;GO;153;582;PIRACANJUBA;Ausência de reação do condutor;Saída de leito carroçável;Sem Vítimas;Anoitecer;Crescente;Céu Claro;Dupla;Curva;Não;4;0;0;0;4;0;0;1;-17,3987;-49,2233;SPRF-GO;DEL03-GO;UOP01-DEL03-GO
623601;25/08/2024;domingo;19:10:00;ES;101;61;SAO MATEUS;Ingestão de álcool pelo condutor;Tombamento;Com Vítimas Feridas;Plena Noite;Crescente;Céu Claro;Simples;"Reta;Interseção de Vias";Sim;1;0;1;0;0;0;1;1;-18,68153217;-39,86364755;SPRF-ES;DEL04-ES;UOP02-DEL04-ES
623602;25/08/2024;domingo;18:15:00;BA;101;440;UBAITABA;Acessar a via sem observar a presença dos outros veículos;Colisão transversal;Com Vítimas Feridas;Plena Noite;Crescente;Céu Claro;Simples;Interseção de Vias;Não;9;0;1;0;8;0;1;2;-14,26653478;-39,32630157;SPRF-BA;DEL05-BA;UOP01-DEL05-BA
623603;25/08/2024;domingo;19:00:00;MG;40;803;MATIAS BARBOSA;Iluminação deficiente;Saída de leito carroçável;Com Vítimas Feridas;Plena Noite;Crescente;Céu Claro;Dupla;"Curva;Retorno Regulamentado";Não;2;0;1;0;1;0;1;1;-21,85782703;-43,37661004;SPRF-MG;DEL05-MG;UOP01-DEL05-MG
623604;25/08/2024;domingo;14:40:00;SC;101;331;TUBARAO;Manobra de mudança de faixa;Colisão lateral mesmo sentido;Com Vítimas Feridas;Pleno dia;Crescente;Céu Claro;Dupla;"Curva;Declive";Sim;2;0;0;1;1;0;1;2;-28,45567521;-48,9812689;SPRF-SC;DEL02-SC;UOP01-DEL02-SC
623605;25/08/2024;domingo;17:00:00;MT;70;530;VARZEA GRANDE;Ausência de reação do condutor;Queda de ocupante de veículo;Com Vítimas Feridas;Anoitecer;Decrescente;Céu Claro;Simples;Reta;Não;2;0;0;2;0;0;2;1;-15,649207;-56,19486;SPRF-MT;DEL01-MT;UOP02-DEL01-MT
623606;25/08/2024;domingo;13:40:00;MG;40;127,2;JOAO PINHEIRO;Demais falhas mecânicas ou elétricas;Incêndio;Sem Vítimas;Pleno dia;Decrescente;Céu Claro;Simples;Reta;Sim;3;0;0;0;3;0;0;1;-17,69576097;-46,31111897;SPRF-MG;DEL14-MG;UOP01-DEL14-MG
623607;25/08/2024;domingo;19:00:00;MG;116;518;UBAPORANGA;Ausência de reação do condutor;Queda de ocupante de veículo;Com Vítimas Feridas;Plena Noite;Crescente;Céu Claro;Simples;Reta;Não;1;0;1;0;0;0;1;1;-19,71038379;-42,12370706;SPRF-MG;DEL06-MG;UOP02-DEL06-MG
623608;25/08/2024;domingo;18:10:00;RS;386;97,4;SAO JOSE DAS MISSOES;Entrada inopinada do pedestre;Atropelamento de Pedestre;Com Vítimas Feridas;Anoitecer;Decrescente;Céu Claro;Simples;"Reta;Ponte";Não;3;0;1;0;1;1;1;2;-27,746015;-53,146215;SPRF-RS;DEL08-RS;UOP01-DEL08-RS
623610;25/08/2024;domingo;18:35:00;PR;373;405,2;CANDOI;Ausência de reação do condutor;Colisão traseira;Com Vítimas Feridas;Plena Noite;Crescente;Céu Claro;Simples;Reta;Não;6;0;1;0;5;0;1;2;-25,615559;-52,062025;SPRF-PR;DEL08-PR;UOP01-DEL08-PR
623611;25/08/2024;domingo;16:15:00;RN;406;169;SAO GONCALO DO AMARANTE;Manobra de mudança de faixa;Atropelamento de Pedestre;Com Vítimas Feridas;Pleno dia;Crescente;Céu Claro;Dupla;Reta;Sim;3;0;1;0;1;1;1;3;-5,75570118;-35,30728507;SPRF-RN;DEL02-RN;UOP01-DEL02-RN
623614;25/08/2024;domingo;17:08:00;SC;101;6;BIGUACU;Reação tardia ou ineficiente do condutor;Saída de leito carroçável;Com Vítimas Feridas;Pleno dia;Crescente;Sol;Múltipla;Reta;Não;1;0;1;0;0;0;1;1;-27,4946;-48,6561;SPRF-SC;DEL01-SC;UOP01-DEL01-SC
623615;25/08/2024;domingo;18:55:00;PE;101;50,5;ABREU E LIMA;Manobra de mudança de faixa;Colisão lateral mesmo sentido;Com Vítimas Feridas;Plena Noite;Crescente;Céu Claro;Múltipla;Reta;Sim;3;0;0;2;1;0;2;2;-7,91455656;-34,8990047;SPRF-PE;DEL01-PE;UOP02-DEL01-PE
623616;25/08/2024;domingo;18:40:00;PR;376;322,2;ORTIGUEIRA;Transitar na contramão;Colisão frontal;Com Vítimas Fatais;Anoitecer;Decrescente;Céu Claro;Simples;Reta;Não;3;1;1;0;1;0;1;2;-24,06054304;-51,06239611;SPRF-PR;DEL07-PR;UOP02-DEL07-PR
623618;25/08/2024;domingo;18:45:00;RO;319;62;PORTO VELHO;Frear bruscamente;Tombamento;Com Vítimas Feridas;Plena Noite;Crescente;Ignorado;Dupla;Reta;Sim;1;0;1;0;0;0;1;1;-8,766685;-63,884052;SPRF-RO;DEL01-RO;UOP01-DEL01-RO
623619;25/08/2024;domingo;19:00:00;BA;324;518;FEIRA DE SANTANA;Acessar a via sem observar a presença dos outros veículos;Atropelamento de Pedestre;Com Vítimas Feridas;Plena Noite;Crescente;Céu Claro;Dupla;Reta;Não;2;0;1;0;1;0;1;2;-12,258195;-38,932182;SPRF-BA;DEL02-BA;UOP01-DEL02-BA