id;data_inversa;dia_semana;horario;uf;br;km;municipio;causa_acidente;tipo_acidente;classificacao_acidente;fase_dia;sentido_via;condicao_metereologica;tipo_pista;tracado_via;uso_solo;pessoas;mortos;feridos_leves;feridos_graves;ilesos;ignorados;feridos;veiculos;latitude;longitude;regional;delegacia;uop
623620;25/08/2024;domingo;20:00:00;PE;104;52;CARUARU;Ausência de reação do condutor;Colisão com objeto;Com Vítimas Feridas;Plena Noite;Decrescente;Céu Claro;Dupla;"Retorno Regulamentado;Reta";Não;2;0;1;0;0;1;1;2;-8,167598;-35,97684;SPRF-PE;DEL02-PE;UOP01-DEL02-PE
623621;25/08/2024;domingo;19:35:00;SC;101;211,8;PALHOCA;Acessar a via sem observar a presença dos outros veículos;Colisão lateral mesmo sentido;Sem Vítimas;Plena Noite;Crescente;Céu Claro;Múltipla;Reta;Sim;2;0;0;0;1;1;0;2;-27,62329313;-48,65245588;SPRF-SC;DEL01-SC;UOP02-DEL01-SC
623622;25/08/2024;domingo;19:30:00;GO;414;310,5;VILA PROPICIO;Ingestão de álcool pelo condutor;Saída de leito carroçável;Com Vítimas Feridas;Plena Noite;Crescente;Céu Claro;Simples;Reta;Não;1;0;1;0;0;0;1;1;-15,300151;-48,671779;SPRF-GO;DEL02-GO;UOP01-DEL02-GO
623624;25/08/2024;domingo;19:02:00;RS;116;218;MORRO REUTER;Transitar na contramão;Colisão lateral sentido oposto;Sem Vítimas;Plena Noite;Crescente;Céu Claro;Simples;Curva;Não;5;0;0;0;5;0;0;2;-29,556364;-51,09063899;SPRF-RS;DEL05-RS;UOP02-DEL05-RS
623625;25/08/2024;domingo;20:00:00;PR;116;68,9;QUATRO BARRAS;Reação tardia ou ineficiente do condutor;Colisão traseira;Com Vítimas Feridas;Plena Noite;Crescente;Nublado;Dupla;Reta;Não;2;0;1;0;1;0;1;2;-25,32365502;-49,02531697;SPRF-PR;DEL01-PR;UOP02-DEL01-PR
623626;25/08/2024;domingo;20:20:00;GO;70;7;AGUAS LINDAS DE GOIAS;Ingestão de álcool pelo condutor;Saída de leito carroçável;Com Vítimas Feridas;Plena Noite;Crescente;Granizo;Dupla;"Curva;Declive";Sim;3;0;2;0;1;0;2;1;-15,74375533;-48,26779708;SPRF-DF;DEL03-DF;UOP02-DEL03-DF
623627;25/08/2024;domingo;19:30:00;PR;277;18,9;MORRETES;Demais falhas mecânicas ou elétricas;Incêndio;Sem Vítimas;Plena Noite;Crescente;Nublado;Dupla;Reta;Não;3;0;0;0;3;0;0;1;-25,5377244;-48,6968092;SPRF-PR;DEL01-PR;UOP05-DEL01-PR
623629;25/08/2024;domingo;18:33:00;RN;405;158,3;RAFAEL FERNANDES;Ultrapassagem Indevida;Colisão lateral sentido oposto;Com Vítimas Feridas;Plena Noite;Decrescente;Céu Claro;Simples;"Reta;Declive";Sim;3;0;2;1;0;0;3;2;-6,17538396;-38,21372906;SPRF-RN;DEL04-RN;UOP02-DEL04-RN
623630;25/08/2024;domingo;19:45:00;RN;406;146,3;CEARA-MIRIM;Acessar a via sem observar a presença dos outros veículos;Colisão transversal;Com Vítimas Feridas;Plena Noite;Crescente;Céu Claro;Simples;Reta;Não;2;0;0;1;0;1;1;2;-5,64504995;-35,46805;SPRF-RN;DEL02-RN;UOP01-DEL02-RN
623631;25/08/2024;domingo;17:30:00;GO;80;99;VILA PROPICIO;Conversão proibida;Colisão transversal;Sem Vítimas;Plena Noite;Crescente;Céu Claro;Simples;Reta;Não;6;0;0;0;6;0;0;2;-15,208875;-48,697312;SPRF-GO;DEL07-GO;UOP02-DEL07-GO
623633;25/08/2024;domingo;20:30:00;PA;163;984;SANTAREM;Condutor Dormindo;Colisão lateral sentido oposto;Com Vítimas Feridas;Plena Noite;Crescente;Céu Claro;Simples;Reta;Não;5;0;1;0;4;0;1;3;-2,60947104;-54,72295996;SPRF-PA;DEL05-PA;UOP01-DEL05-PA
623634;25/08/2024;domingo;19:30:00;PR;277;536;IBEMA;Conversão proibida;Colisão transversal;Com Vítimas Feridas;Plena Noite;Decrescente;Céu Claro;Simples;Reta;Sim;7;0;2;4;1;0;6;2;-25,11202586;-53,01383972;SPRF-PR;DEL04-PR;UOP04-DEL04-PR
623635;25/08/2024;domingo;21:25:00;RS;101;34;TRES CACHOEIRAS;Reação tardia ou ineficiente do condutor;Saída de leito carroçável;Com Vítimas Feridas;Plena Noite;Crescente;Céu Claro;Dupla;"Reta;Declive";Não;2;0;2;0;0;0;2;1;-29,50900276;-49,98702728;SPRF-RS;DEL03-RS;UOP02-DEL03-RS
623636;25/08/2024;domingo;20:10:00;GO;153;651;MORRINHOS;Ausência de reação do condutor;Capotamento;Com Vítimas Feridas;Plena Noite;Decrescente;Nublado;Dupla;Reta;Não;2;0;2;0;0;0;2;1;-17,9755;-49,2556;SPRF-GO;DEL03-GO;UOP01-DEL03-GO
623638;25/08/2024;domingo;21:45:00;AL;316;140;PALMEIRA DOS INDIOS;Ausência de reação do condutor;Colisão frontal;Com Vítimas Fatais;Plena Noite;Decrescente;Ignorado;Simples;Curva;Não;2;1;0;1;0;0;1;2;-9,39046832;-36,75850007;SPRF-AL;DEL03-AL;UOP01-DEL03-AL
623640;25/08/2024;domingo;20:45:00;PB;104;129;CAMPINA GRANDE;Condutor deixou de manter distância do veículo da frente;Colisão traseira;Com Vítimas Feridas;Plena Noite;Crescente;Vento;Simples;Reta;Sim;3;0;0;1;2;0;1;2;-7,28197575;-35,88917971;SPRF-PB;DEL02-PB;UOP01-DEL02-PB
623641;25/08/2024;domingo;19:58:00;RO;364;426;JARU;Ingestão de álcool pelo condutor;Tombamento;Com Vítimas Feridas;Plena Noite;Crescente;Céu Claro;Dupla;Retorno Regulamentado;Sim;1;0;1;0;0;0;1;1;-10,432443;-62,479584;SPRF-RO;DEL03-RO;UOP02-DEL03-RO
623642;25/08/2024;domingo;20:00:00;RJ;101;382;RIO DE JANEIRO;Velocidade Incompatível;Colisão com objeto;Com Vítimas Fatais;Plena Noite;Decrescente;Chuva;Múltipla;Reta;Sim;2;1;1;0;0;0;1;1;-22,87265669;-43,60655915;SPRF-RJ;DEL03-RJ;UOP01-DEL03-RJ
623643;25/08/2024;domingo;21:00:00;SC;282;586,7;PINHALZINHO;Velocidade Incompatível;Saída de leito carroçável;Sem Vítimas;Plena Noite;Decrescente;Nublado;Simples;Curva;Não;1;0;0;0;0;1;0;1;-26,832605;-53,03474;SPRF-SC;DEL07-SC;UOP02-DEL07-SC
623644;25/08/2024;domingo;22:15:00;SE;235;46,3;ITABAIANA;Velocidade Incompatível;Colisão com objeto;Com Vítimas Feridas;Plena Noite;Crescente;Céu Claro;Simples;Declive;Não;1;0;0;1;0;0;1;1;-10,739394;-37,405602;SPRF-SE;DEL01-SE;UOP02-DEL01-SE
623646;25/08/2024;domingo;20:00:00;SC;116;51,6;PAPANDUVA;Velocidade Incompatível;Colisão com objeto;Sem Vítimas;Plena Noite;Decrescente;Céu Claro;Simples;"Curva;Declive";Não;1;0;0;0;0;1;0;1;-26,38519214;-50,13765683;SPRF-SC;DEL06-SC;UOP01-DEL06-SC
623647;25/08/2024;domingo;19:40:00;SP;459;19,5;PIQUETE;Avarias e/ou desgaste excessivo no pneu;Colisão lateral sentido oposto;Sem Vítimas;Plena Noite;Crescente;Chuva;Simples;Curva;Não;2;0;0;0;2;0;0;2;-22,639854;-45,149906;SPRF-SP;DEL08-SP;UOP02-DEL08-SP
623648;25/08/2024;domingo;21:00:00;RJ;101;295;ITABORAI;Chuva;Capotamento;Com Vítimas Feridas;Plena Noite;Decrescente;Chuva;Dupla;Reta;Não;6;0;2;0;4;0;2;5;-22,76365068;-42,90223623;SPRF-RJ;DEL02-RJ;UOP02-DEL02-RJ
623649;25/08/2024;domingo;18:00:00;MT;174;438;COMODORO;Ausência de reação do condutor;Saída de leito carroçável;Com Vítimas Feridas;Anoitecer;Crescente;Vento;Simples;Reta;Não;1;0;1;0;0;0;1;1;-14,07809204;-59,7401002;SPRF-MT;DEL04-MT;UOP02-DEL04-MT
623650;25/08/2024;domingo;21:35:00;MT;0;0;SORRISO;Ingestão de álcool pelo condutor;Colisão com objeto;Sem Vítimas;Plena Noite;Não Informado;Céu Claro;Simples;Reta;Não;2;0;0;0;2;0;0;1;-12,670193;-55,771133;SPRF-MT;DEL06-MT;UOP01-DEL06-MT
623651;25/08/2024;domingo;19:35:00;RR;174;446;MUCAJAI;Ingestão de álcool pelo condutor;Colisão frontal;Com Vítimas Fatais;Plena Noite;Decrescente;Céu Claro;Simples;"Curva;Aclive";Sim;2;1;0;0;1;0;0;2;2,422426;-60,921886;SPRF-RR;DEL01-RR;UOP01-DEL01-RR
623652;25/08/2024;domingo;22:20:00;MA;316;424,6;PERITORO;Manobra de mudança de faixa;Colisão frontal;Com Vítimas Fatais;Plena Noite;Crescente;Céu Claro;Simples;Reta;Não;3;1;0;2;0;0;2;2;-4,37054;-44,340851;SPRF-MA;DEL03-MA;UOP01-DEL03-MA
623654;25/08/2024;domingo;22:30:00;RJ;493;13;GUAPIMIRIM;Chuva;Colisão com objeto;Com Vítimas Feridas;Plena Noite;Crescente;Chuva;Múltipla;Reta;Sim;1;0;1;0;0;0;1;1;-22,67551484;-42,97451889;SPRF-RJ;DEL04-RJ;UOP02-DEL04-RJ
623655;25/08/2024;domingo;22:45:00;RJ;493;21;MAGE;Animais na Pista;Atropelamento de Animal;Sem Vítimas;Plena Noite;Decrescente;Chuva;Simples;Reta;Não;1;0;0;0;1;0;0;1;-22,66151289;-43,04480692;SPRF-RJ;DEL04-RJ;UOP02-DEL04-RJ
623656;25/08/2024;domingo;23:30:00;MA;10;370;ITINGA DO MARANHAO;Ausência de reação do condutor;Tombamento;Com Vítimas Fatais;Plena Noite;Decrescente;Céu Claro;Simples;"Aclive;Curva";Não;2;1;0;1;0;0;1;1;-4,514051;-47,506016;SPRF-MA;DEL04-MA;UOP03-DEL04-MA
623657;26/08/2024;segunda-feira;00:02:00;SE;235;36;AREIA BRANCA;Animais na Pista;Atropelamento de Animal;Com Vítimas Feridas;Plena Noite;Crescente;Céu Claro;Simples;Reta;Não;1;0;1;0;0;0;1;1;-10,767558;-37,328533;SPRF-SE;DEL01-SE;UOP02-DEL01-SE
623658;25/08/2024;domingo;21:40:00;GO;153;425,5;ANAPOLIS;Reação tardia ou ineficiente do condutor;Colisão com objeto;Com Vítimas Feridas;Plena Noite;Crescente;Céu Claro;Dupla;"Reta;Viaduto";Sim;2;0;1;1;0;0;2;1;-16,213171;-49,0173;SPRF-GO;DEL02-GO;UOP01-DEL02-GO
623661;26/08/2024;segunda-feira;01:00:00;RS;116;269;CANOAS;Acesso irregular;Colisão com objeto;Com Vítimas Feridas;Plena Noite;Decrescente;Céu Claro;Dupla;Reta;Sim;2;0;2;0;0;0;2;1;-29,95942501;-51,17608515;SPRF-RS;DEL01-RS;UOP01-DEL01-RS
623662;26/08/2024;segunda-feira;00:00:00;RO;364;12;VILHENA;Ausência de reação do condutor;Colisão com objeto;Com Vítimas Feridas;Plena Noite;Crescente;Nublado;Dupla;Reta;Não;1;0;1;0;0;0;1;1;-12,74370233;-60,12147609;SPRF-RO;DEL04-RO;UOP01-DEL04-RO
623664;25/08/2024;domingo;18:26:00;PR;163;230;TOLEDO;Velocidade Incompatível;Saída de leito carroçável;Com Vítimas Feridas;Anoitecer;Crescente;Céu Claro;Dupla;"Reta;Declive";Não;1;0;1;0;0;0;1;1;-24,772648;-53,684278;SPRF-PR;DEL04-PR;UOP01-DEL04-PR
623665;26/08/2024;segunda-feira;01:40:00;MT;174;5;PONTES E LACERDA;Ingestão de álcool pelo condutor;Colisão traseira;Sem Vítimas;Plena Noite;Crescente;Céu Claro;Simples;Reta;Sim;2;0;0;0;2;0;0;2;-15,226537;-59,335728;SPRF-MT;DEL04-MT;UOP01-DEL04-MT
623666;26/08/2024;segunda-feira;00:10:00;MA;10;193;RIBAMAR FIQUENE;Manobra de mudança de faixa;Colisão frontal;Com Vítimas Fatais;Plena Noite;Decrescente;Céu Claro;Simples;Reta;Não;2;1;1;0;0;0;1;2;-6,0274;-47,38271;SPRF-MA;DEL04-MA;UOP02-DEL04-MA
623668;26/08/2024;segunda-feira;00:00:00;BA;116;468,2;SANTO ESTEVAO;Condutor Dormindo;Saída de leito carroçável;Com Vítimas Feridas;Plena Noite;Decrescente;Céu Claro;Dupla;Reta;Não;1;0;1;0;0;0;1;1;-12,46032128;-39,27031486;SPRF-BA;DEL02-BA;UOP01-DEL02-BA
623670;26/08/2024;segunda-feira;03:40:00;SC;101;134;BALNEARIO CAMBORIU;Ingestão de álcool pelo condutor;Colisão com objeto;Sem Vítimas;Plena Noite;Crescente;Céu Claro;Dupla;Viaduto;Sim;1;0;0;0;1;0;0;1;-27,00218;-48,636433;SPRF-SC;DEL04-SC;UOP03-DEL04-SC
623673;25/08/2024;domingo;19:40:00;MT;364;443;VARZEA GRANDE;Ausência de reação do condutor;Queda de ocupante de veículo;Com Vítimas Feridas;Plena Noite;Decrescente;Céu Claro;Simples;Reta;Não;1;0;1;0;0;0;1;1;-15,64035892;-56,20203186;SPRF-MT;DEL01-MT;UOP02-DEL01-MT
623679;26/08/2024;segunda-feira;05:20:00;DF;70;14;BRASILIA;Demais falhas mecânicas ou elétricas;Saída de leito carroçável;Sem Vítimas;Plena Noite;Crescente;Céu Claro;Dupla;Curva;Não;1;0;0;0;0;1;0;1;-15,797312;-48,176056;SPRF-DF;DEL03-DF;UOP02-DEL03-DF
623680;26/08/2024;segunda-feira;04:50:00;RN;226;9,7;MACAIBA;Animais na Pista;Atropelamento de Animal;Com Vítimas Fatais;Amanhecer;Crescente;Céu Claro;Simples;Reta;Não;2;1;1;0;0;0;1;1;-5,83553859;-35,28918711;SPRF-RN;DEL01-RN;UOP02-DEL01-RN
623682;26/08/2024;segunda-feira;00:10:00;MG;381;160,9;GOVERNADOR VALADARES;Condutor deixou de manter distância do veículo da frente;Queda de ocupante de veículo;Com Vítimas Feridas;Plena Noite;Crescente;Céu Claro;Simples;Reta;Não;1;0;0;1;0;0;1;1;-18,92253529;-42,02800895;SPRF-MG;DEL06-MG;UOP01-DEL06-MG
623683;26/08/2024;segunda-feira;06:10:00;PB;101;84;BAYEUX;Reação tardia ou ineficiente do condutor;Colisão lateral mesmo sentido;Com Vítimas Feridas;Pleno dia;Crescente;Sol;Dupla;Reta;Sim;2;0;1;0;1;0;1;2;-7,13957906;-34,92312806;SPRF-PB;DEL01-PB;UOP01-DEL01-PB
623684;26/08/2024;segunda-feira;06:30:00;RJ;101;428;MANGARATIBA;Acessar a via sem observar a presença dos outros veículos;Colisão transversal;Com Vítimas Feridas;Pleno dia;Crescente;Nublado;Dupla;"Reta;Retorno Regulamentado";Sim;5;0;1;0;4;0;1;2;-22,93391858;-43,9899979;SPRF-RJ;DEL03-RJ;UOP02-DEL03-RJ
623685;26/08/2024;segunda-feira;06:40:00;RS;290;86;PORTO ALEGRE;Ausência de reação do condutor;Colisão traseira;Com Vítimas Feridas;Amanhecer;Crescente;Céu Claro;Múltipla;Reta;Sim;3;0;1;0;2;0;1;2;-29,96802198;-51,12054348;SPRF-RS;DEL01-RS;UOP01-DEL01-RS
623686;26/08/2024;segunda-feira;05:55:00;MG;262;123,5;RIO CASCA;Velocidade Incompatível;Colisão transversal;Com Vítimas Feridas;Pleno dia;Crescente;Garoa/Chuvisco;Simples;Curva;Não;3;0;0;2;1;0;2;2;-20,2075719;-42,67303285;SPRF-MG;DEL03-MG;UOP03-DEL03-MG
623687;26/08/2024;segunda-feira;06:20:00;SE;235;21,6;LARANJEIRAS;Condutor deixou de manter distância do veículo da frente;Colisão traseira;Com Vítimas Feridas;Pleno dia;Crescente;Céu Claro;Simples;Curva;Não;3;0;1;1;1;0;2;2;-10,83735241;-37,22751617;SPRF-SE;DEL01-SE;UOP02-DEL01-SE
623689;26/08/2024;segunda-feira;06:30:00;PB;101;91;JOAO PESSOA;Pedestre cruzava a pista fora da faixa;Atropelamento de Pedestre;Com Vítimas Feridas;Pleno dia;Crescente;Céu Claro;Dupla;Reta;Sim;3;0;2;0;0;1;2;2;-7,18826412;-34,90308264;SPRF-PB;DEL01-PB;UOP02-DEL01-PB
623690;26/08/2024;segunda-feira;06:20:00;PB;230;80;RIACHAO DO POCO;Acesso irregular;Colisão lateral mesmo sentido;Com Vítimas Feridas;Pleno dia;Decrescente;Céu Claro;Dupla;Reta;Não;2;0;2;0;0;0;2;2;-7,1807;-35,3127;SPRF-PB;DEL01-PB;UOP03-DEL01-PB
623692;26/08/2024;segunda-feira;05:30:00;GO;153;620;MORRINHOS;Ausência de reação do condutor;Colisão traseira;Sem Vítimas;Amanhecer;Decrescente;Céu Claro;Dupla;"Reta;Declive";Não;3;0;0;0;3;0;0;2;-17,7218;-49,1547;SPRF-GO;DEL03-GO;UOP01-DEL03-GO
623695;26/08/2024;segunda-feira;07:30:00;RJ;101;90;CAMPOS DOS GOYTACAZES;Objeto estático sobre o leito carroçável;Colisão com objeto;Com Vítimas Feridas;Pleno dia;Crescente;Céu Claro;Simples;Reta;Não;4;0;3;0;1;0;3;1;-21,84358267;-41,51745547;SPRF-RJ;DEL08-RJ;UOP02-DEL08-RJ
623696;26/08/2024;segunda-feira;07:20:00;SC;101;119,5;ITAJAI;Ausência de reação do condutor;Tombamento;Com Vítimas Feridas;Amanhecer;Crescente;Céu Claro;Dupla;Reta;Sim;1;0;1;0;0;0;1;1;-26,9043179;-48,71555481;SPRF-SC;DEL04-SC;UOP04-DEL04-SC
623697;26/08/2024;segunda-feira;07:05:00;RS;470;207;BENTO GONCALVES;Acessar a via sem observar a presença dos outros veículos;Colisão transversal;Com Vítimas Feridas;Amanhecer;Decrescente;Nevoeiro/Neblina;Simples;"Interseção de Vias;Reta;Aclive";Sim;2;0;1;0;1;0;1;2;-29,10466136;-51,54359758;SPRF-RS;DEL06-RS;UOP01-DEL06-RS
623698;26/08/2024;segunda-feira;07:40:00;RS;290;83;PORTO ALEGRE;Condutor deixou de manter distância do veículo da frente;Colisão traseira;Com Vítimas Feridas;Pleno dia;Crescente;Céu Claro;Dupla;Reta;Sim;4;0;1;0;3;0;1;2;-29,959141;-51,088791;SPRF-RS;DEL01-RS;UOP01-DEL01-RS
623701;26/08/2024;segunda-feira;07:35:00;PE;232;7;RECIFE;Manobra de mudança de faixa;Colisão lateral mesmo sentido;Com Vítimas Feridas;Pleno dia;Decrescente;Sol;Dupla;Reta;Sim;2;0;1;0;0;1;1;2;-8,070287;-34,951263;SPRF-PE;DEL01-PE;UOP01-DEL01-PE
623702;26/08/2024;segunda-feira;06:30:00;RS;293;151,5;CANDIOTA;Animais na Pista;Atropelamento de Animal;Com Vítimas Fatais;Amanhecer;Crescente;Céu Claro;Simples;Reta;Não;1;1;0;0;0;0;0;1;-31,39675406;-53,77662002;SPRF-RS;DEL11-RS;UOP03-DEL11-RS
623705;25/08/2024;domingo;22:00:00;MS;163;496;CAMPO GRANDE;Ingestão de álcool pelo condutor;Colisão com objeto;Sem Vítimas;Plena Noite;Decrescente;Céu Claro;Simples;Reta;Não;2;0;0;0;2;0;0;1;-20,35985581;-54,52552831;SPRF-MS;DEL01-MS;UOP02-DEL01-MS
623706;26/08/2024;segunda-feira;06:15:00;RJ;40;90;PETROPOLIS;Velocidade Incompatível;Capotamento;Com Vítimas Feridas;Pleno dia;Crescente;Nublado;Dupla;"Curva;Declive";Não;2;0;1;0;1;0;1;1;-22,55193866;-43,2363081;SPRF-RJ;DEL01-RJ;UOP01-DEL01-RJ
623707;26/08/2024;segunda-feira;07:30:00;RJ;101;60,9;CAMPOS DOS GOYTACAZES;Condutor desrespeitou a iluminação vermelha do semáforo;Colisão transversal;Com Vítimas Feridas;Pleno dia;Crescente;Nublado;Simples;"Interseção de Vias;Reta";Sim;2;0;1;0;1;0;1;2;-21,72048414;-41,31448591;SPRF-RJ;DEL08-RJ;UOP01-DEL08-RJ
623709;25/08/2024;domingo;10:00:00;BA;110;253;OLINDINA;Avarias e/ou desgaste excessivo no pneu;Colisão frontal;Com Vítimas Feridas;Pleno dia;Decrescente;Céu Claro;Simples;Reta;Não;5;0;1;3;1;0;4;2;-11,49653797;-38,29654445;SPRF-BA;DEL01-BA;UOP04-DEL01-BA
623710;26/08/2024;segunda-feira;08:02:00;MG;40;734,9;SANTOS DUMONT;Reação tardia ou ineficiente do condutor;Saída de leito carroçável;Com Vítimas Feridas;Pleno dia;Decrescente;Chuva;Simples;Curva;Não;1;0;1;0;0;0;1;1;-21,36247924;-43,57519146;SPRF-MG;DEL05-MG;UOP01-DEL05-MG
623711;17/03/2024;domingo;17:45:00;MG;40;545,6;NOVA LIMA;Ausência de reação do condutor;Colisão lateral mesmo sentido;Com Vítimas Feridas;Pleno dia;Decrescente;Céu Claro;Dupla;Reta;Não;7;0;2;0;5;0;2;3;-20,01395994;-43,96859407;SPRF-MG;DEL01-MG;UOP02-DEL01-MG
623712;26/08/2024;segunda-feira;08:20:00;RS;290;103,2;ELDORADO DO SUL;Ausência de reação do condutor;Engavetamento;Sem Vítimas;Pleno dia;Decrescente;Céu Claro;Dupla;Aclive;Não;3;0;0;0;3;0;0;3;-29,99017;-51,265766;SPRF-RS;DEL01-RS;UOP01-DEL01-RS
623713;26/08/2024;segunda-feira;07:50:00;AL;104;92;RIO LARGO;Acessar a via sem observar a presença dos outros veículos;Colisão transversal;Com Vítimas Feridas;Pleno dia;Crescente;Céu Claro;Dupla;Reta;Sim;3;0;2;0;1;0;2;2;-9,51818474;-35,80329441;SPRF-AL;DEL01-AL;UOP01-DEL01-AL
623714;26/08/2024;segunda-feira;07:20:00;PR;376;131,4;NOVA ESPERANCA;Avarias e/ou desgaste excessivo no pneu;Queda de ocupante de veículo;Com Vítimas Feridas;Pleno dia;Crescente;Céu Claro;Dupla;Reta;Não;1;0;1;0;0;0;1;1;-23,17841393;-52,22515697;SPRF-PR;DEL09-PR;UOP02-DEL09-PR
623715;26/08/2024;segunda-feira;07:30:00;RS;116;252;SAPUCAIA DO SUL;Trafegar com motocicleta (ou similar) entre as faixas;Colisão lateral mesmo sentido;Com Vítimas Feridas;Pleno dia;Crescente;Céu Claro;Dupla;Reta;Sim;2;0;1;0;1;0;1;2;-29,80913395;-51,1675292;SPRF-RS;DEL01-RS;UOP02-DEL01-RS
623716;26/08/2024;segunda-feira;08:15:00;PB;101;83;BAYEUX;Condutor deixou de manter distância do veículo da frente;Colisão lateral mesmo sentido;Com Vítimas Feridas;Pleno dia;Crescente;Sol;Dupla;Reta;Sim;2;0;0;1;1;0;1;2;-7,13482085;-34,92884159;SPRF-PB;DEL01-PB;UOP01-DEL01-PB
623717;26/08/2024;segunda-feira;06:40:00;MT;364;393;CUIABA;Retorno proibido;Colisão transversal;Com Vítimas Feridas;Pleno dia;Crescente;Céu Claro;Dupla;Reta;Não;2;0;1;0;1;0;1;2;-15,701122;-55,881774;SPRF-MT;DEL01-MT;UOP02-DEL01-MT
623719;26/08/2024;segunda-feira;07:55:00;SC;101;209,5;SAO JOSE;Trafegar com motocicleta (ou similar) entre as faixas;Colisão traseira;Com Vítimas Feridas;Pleno dia;Decrescente;Céu Claro;Múltipla;Reta;Sim;3;0;1;1;1;0;2;2;-27,6167305;-48,6457265;SPRF-SC;DEL01-SC;UOP01-DEL01-SC
623723;26/08/2024;segunda-feira;03:00:00;AM;319;365;BERURI;Pista Escorregadia;Tombamento;Com Vítimas Feridas;Plena Noite;Decrescente;Chuva;Simples;Reta;Não;42;0;2;0;40;0;2;1;-5,31207581;-61,98656607;SPRF-AM;DEL01-AM;UOP04-DEL01-AM
623724;26/08/2024;segunda-feira;01:20:00;MT;163;499,9;JANGADA;Animais na Pista;Atropelamento de Animal;Sem Vítimas;Plena Noite;Crescente;Céu Claro;Simples;Reta;Não;1;0;0;0;1;0;0;1;-15,19309101;-56,51315689;SPRF-MT;DEL01-MT;UOP01-DEL01-MT
623725;26/08/2024;segunda-feira;08:00:00;SE;235;6;NOSSA SENHORA DO SOCORRO;Reação tardia ou ineficiente do condutor;Colisão traseira;Sem Vítimas;Pleno dia;Crescente;Sol;Dupla;Reta;Sim;5;0;0;0;5;0;0;2;-10,903851;-37,128677;SPRF-SE;DEL01-SE;UOP01-DEL01-SE
623726;26/08/2024;segunda-feira;08:30:00;PE;101;67,6;RECIFE;Trafegar com motocicleta (ou similar) entre as faixas;Colisão lateral mesmo sentido;Com Vítimas Feridas;Pleno dia;Crescente;Céu Claro;Dupla;Reta;Sim;3;0;2;0;0;1;2;2;-8,042334;-34,943096;SPRF-PE;DEL01-PE;UOP01-DEL01-PE
623727;26/08/2024;segunda-feira;08:18:00;PE;101;39;IGARASSU;Acumulo de óleo sobre o pavimento;Queda de ocupante de veículo;Com Vítimas Feridas;Pleno dia;Decrescente;Céu Claro;Dupla;Retorno Regulamentado;Sim;1;0;1;0;0;0;1;1;-7,81259899;-34,91890497;SPRF-PE;DEL01-PE;UOP02-DEL01-PE
623728;26/08/2024;segunda-feira;07:50:00;PE;101;39;IGARASSU;Acumulo de óleo sobre o pavimento;Tombamento;Com Vítimas Feridas;Pleno dia;Decrescente;Céu Claro;Dupla;Retorno Regulamentado;Não;1;0;1;0;0;0;1;1;-7,81259899;-34,91890497;SPRF-PE;DEL01-PE;UOP02-DEL01-PE
623729;26/08/2024;segunda-feira;04:10:00;RJ;40;112;DUQUE DE CAXIAS;Reação tardia ou ineficiente do condutor;Queda de ocupante de veículo;Com Vítimas Feridas;Plena Noite;Crescente;Chuva;Múltipla;Reta;Sim;1;0;1;0;0;0;1;1;-22,7004454;-43,29014851;SPRF-RJ;DEL01-RJ;UOP02-DEL01-RJ
623730;26/08/2024;segunda-feira;09:15:00;BA;110;396;SAO SEBASTIAO DO PASSE;Condutor deixou de manter distância do veículo da frente;Colisão traseira;Com Vítimas Feridas;Pleno dia;Crescente;Céu Claro;Simples;Reta;Não;2;0;1;0;1;0;1;2;-12,50766107;-38,49626949;SPRF-BA;DEL01-BA;UOP01-DEL01-BA
623734;26/08/2024;segunda-feira;08:30:00;PB;230;471,9;SOUSA;Ausência de reação do condutor;Saída de leito carroçável;Sem Vítimas;Pleno dia;Decrescente;Céu Claro;Simples;Reta;Não;1;0;0;0;0;1;0;1;-6,7994;-38,2987;SPRF-PB;DEL03-PB;UOP03-DEL03-PB
623735;26/08/2024;segunda-feira;09:00:00;RN;101;85;SAO GONCALO DO AMARANTE;Condutor deixou de manter distância do veículo da frente;Colisão lateral mesmo sentido;Com Vítimas Feridas;Pleno dia;Decrescente;Céu Claro;Simples;"Em Obras;Ponte";Não;2;0;1;0;0;1;1;2;-5,7795962;-35,2485834;SPRF-RN;DEL02-RN;UOP01-DEL02-RN
623736;26/08/2024;segunda-feira;07:51:00;AP;210;0;MACAPA;Condutor deixou de manter distância do veículo da frente;Colisão traseira;Com Vítimas Feridas;Pleno dia;Crescente;Céu Claro;Dupla;Reta;Sim;2;0;1;0;1;0;1;2;0,07780012;-51,06097;SPRF-AP;DEL01-AP;UOP01-DEL01-AP
623737;20/07/2024;sábado;23:20:00;ES;262;181,5;IBATIBA;Transitar na contramão;Colisão frontal;Com Vítimas Fatais;Plena Noite;Decrescente;Céu Claro;Simples;Reta;Não;5;1;4;0;0;0;4;2;-20,29284223;-41,67918787;SPRF-ES;DEL01-ES;UOP02-DEL01-ES
623738;26/08/2024;segunda-feira;09:30:00;MG;262;118,9;RIO CASCA;Acessar a via sem observar a presença dos outros veículos;Colisão transversal;Com Vítimas Feridas;Pleno dia;Crescente;Nublado;Simples;"Reta;Rotatória";Sim;2;0;0;1;1;0;1;2;-20,22994826;-42,63698814;SPRF-MG;DEL03-MG;UOP03-DEL03-MG
623739;26/08/2024;segunda-feira;09:00:00;PR;116;209;RIO NEGRO;Desrespeitar a preferência no cruzamento;Colisão transversal;Com Vítimas Feridas;Pleno dia;Decrescente;Céu Claro;Simples;Interseção de Vias;Sim;3;0;1;0;2;0;1;2;-26,07620916;-49,75230908;SPRF-SC;DEL06-SC;UOP01-DEL06-SC