id;data_inversa;dia_semana;horario;uf;br;km;municipio;causa_acidente;tipo_acidente;classificacao_acidente;fase_dia;sentido_via;condicao_metereologica;tipo_pista;tracado_via;uso_solo;pessoas;mortos;feridos_leves;feridos_graves;ilesos;ignorados;feridos;veiculos;latitude;longitude;regional;delegacia;uop
623741;26/08/2024;segunda-feira;09:40:00;BA;324;625;SALVADOR;Condutor deixou de manter distância do veículo da frente;Engavetamento;Sem Vítimas;Pleno dia;Crescente;Céu Claro;Múltipla;Reta;Sim;7;0;0;0;7;0;0;4;-12,94194706;-38,47081224;SPRF-BA;DEL01-BA;UOP01-DEL01-BA
623742;26/08/2024;segunda-feira;09:30:00;RJ;101;160;MACAE;Acumulo de água sobre o pavimento;Saída de leito carroçável;Com Vítimas Feridas;Pleno dia;Decrescente;Chuva;Simples;Reta;Não;2;0;1;0;1;0;1;1;-22,28567504;-41,87590791;SPRF-RJ;DEL08-RJ;UOP04-DEL08-RJ
623744;26/08/2024;segunda-feira;10:00:00;BA;324;518;FEIRA DE SANTANA;Ausência de reação do condutor;Colisão transversal;Com Vítimas Feridas;Pleno dia;Crescente;Céu Claro;Simples;Reta;Sim;3;0;1;1;1;0;2;2;-12,2599;-38,9322;SPRF-BA;DEL02-BA;UOP01-DEL02-BA
623745;06/08/2024;terça-feira;10:55:00;BA;0;0;SALVADOR;Objeto estático sobre o leito carroçável;Colisão com objeto;Sem Vítimas;Pleno dia;Não Informado;Céu Claro;Dupla;Reta;Não;2;0;0;0;1;1;0;2;-12,80271203;-38,40391318;SPRF-BA;DEL01-BA;UOP01-DEL01-BA
623747;26/08/2024;segunda-feira;08:00:00;SP;116;220;GUARULHOS;Ausência de reação do condutor;Queda de ocupante de veículo;Com Vítimas Feridas;Pleno dia;Crescente;Céu Claro;Múltipla;Reta;Sim;1;0;1;0;0;0;1;1;-23,46472809;-46,49793962;SPRF-SP;DEL01-SP;UOP01-DEL01-SP
623748;26/08/2024;segunda-feira;07:15:00;SP;116;222;GUARULHOS;Trafegar com motocicleta (ou similar) entre as faixas;Colisão lateral mesmo sentido;Com Vítimas Feridas;Pleno dia;Crescente;Nublado;Múltipla;Reta;Não;2;0;2;0;0;0;2;2;-23,47093408;-46,51631097;SPRF-SP;DEL01-SP;UOP01-DEL01-SP
623749;25/06/2024;terça-feira;07:50:00;RN;101;94;NATAL;Manobra de mudança de faixa;Colisão traseira;Sem Vítimas;Pleno dia;Crescente;Sol;Múltipla;Reta;Não;2;0;0;0;1;1;0;2;-5,83176615;-35,21191342;SPRF-RN;DEL01-RN;UOP01-DEL01-RN
623750;26/08/2024;segunda-feira;08:20:00;DF;20;9,2;BRASILIA;Manobra de mudança de faixa;Colisão lateral mesmo sentido;Com Vítimas Feridas;Pleno dia;Decrescente;Sol;Dupla;Reta;Sim;3;0;1;0;1;1;1;3;-15,658386;-47,791534;SPRF-DF;DEL02-DF;UOP01-DEL02-DF
623751;26/08/2024;segunda-feira;07:10:00;RJ;116;23;SAPUCAIA;Pista Escorregadia;Colisão com objeto;Sem Vítimas;Pleno dia;Crescente;Chuva;Simples;Curva;Não;1;0;0;0;1;0;0;1;-22,02611557;-42,77434143;SPRF-RJ;DEL05-RJ;UOP01-DEL05-RJ
623754;26/08/2024;segunda-feira;10:40:00;MG;40;740,2;SANTOS DUMONT;Curva acentuada;Saída de leito carroçável;Com Vítimas Feridas;Pleno dia;Crescente;Garoa/Chuvisco;Simples;"Aclive;Curva";Não;2;0;2;0;0;0;2;1;-21,39953901;-43,56507286;SPRF-MG;DEL05-MG;UOP01-DEL05-MG
623756;19/06/2024;quarta-feira;15:00:00;RN;304;218;CAICARA DO RIO DO VENTO;Avarias e/ou desgaste excessivo no pneu;Queda de ocupante de veículo;Com Vítimas Feridas;Pleno dia;Crescente;Céu Claro;Simples;Reta;Não;3;0;1;0;0;2;1;2;-5,75736652;-36,00625277;SPRF-RN;DEL01-RN;UOP03-DEL01-RN
623760;26/08/2024;segunda-feira;10:10:00;MG;40;645,3;CRISTIANO OTONI;Conversão proibida;Colisão transversal;Com Vítimas Feridas;Pleno dia;Decrescente;Nublado;Simples;"Reta;Declive";Não;5;0;3;2;0;0;5;2;-20,78886969;-43,81080029;SPRF-MG;DEL05-MG;UOP02-DEL05-MG
623763;26/08/2024;segunda-feira;09:45:00;PI;316;312;PICOS;Acessar a via sem observar a presença dos outros veículos;Colisão transversal;Com Vítimas Feridas;Pleno dia;Decrescente;Céu Claro;Simples;Retorno Regulamentado;Sim;3;0;1;0;2;0;1;2;-7,08092534;-41,4582602;SPRF-PI;DEL04-PI;UOP01-DEL04-PI
623764;26/08/2024;segunda-feira;11:45:00;MG;251;512,5;FRANCISCO SA;Velocidade Incompatível;Saída de leito carroçável;Com Vítimas Feridas;Pleno dia;Crescente;Céu Claro;Simples;Curva;Não;1;0;1;0;0;0;1;1;-16,6553239;-43,71906108;SPRF-MG;DEL12-MG;UOP01-DEL12-MG
623765;26/08/2024;segunda-feira;11:00:00;MG;365;622;UBERLANDIA;Ausência de reação do condutor;Colisão lateral mesmo sentido;Com Vítimas Feridas;Pleno dia;Decrescente;Céu Claro;Simples;Reta;Não;2;0;1;0;1;0;1;2;-18,90751667;-48,29937209;SPRF-MG;DEL15-MG;UOP01-DEL15-MG
623766;26/08/2024;segunda-feira;11:30:00;PE;407;127;PETROLINA;Conversão proibida;Colisão lateral mesmo sentido;Com Vítimas Feridas;Pleno dia;Crescente;Sol;Simples;"Interseção de Vias;Em Obras";Sim;2;0;0;1;1;0;1;2;-9,3913782;-40,51923037;SPRF-PE;DEL06-PE;UOP01-DEL06-PE
623768;26/08/2024;segunda-feira;09:50:00;SC;101;447;SANTA ROSA DO SUL;Manobra de mudança de faixa;Colisão lateral mesmo sentido;Com Vítimas Feridas;Pleno dia;Decrescente;Céu Claro;Múltipla;Reta;Não;2;0;1;0;1;0;1;2;-29,15289482;-49,72792624;SPRF-SC;DEL02-SC;UOP02-DEL02-SC
623771;26/08/2024;segunda-feira;12:40:00;GO;153;439;ANAPOLIS;Pista Escorregadia;Tombamento;Com Vítimas Feridas;Pleno dia;Crescente;Céu Claro;Dupla;Rotatória;Sim;2;0;2;0;0;0;2;1;-16,298529;-48,928207;SPRF-GO;DEL02-GO;UOP01-DEL02-GO
623773;26/08/2024;segunda-feira;08:00:00;SC;101;2,2;ARARANGUA;Acessar a via sem observar a presença dos outros veículos;Colisão traseira;Com Vítimas Feridas;Pleno dia;Crescente;Céu Claro;Simples;Rotatória;Sim;2;0;1;0;1;0;1;2;-28,93982897;-49,49759245;SPRF-SC;DEL02-SC;UOP02-DEL02-SC
623774;17/08/2024;sábado;21:50:00;SC;282;508,1;XANXERE;Acessar a via sem observar a presença dos outros veículos;Colisão transversal;Com Vítimas Feridas;Plena Noite;Decrescente;Céu Claro;Simples;Curva;Sim;6;0;1;1;2;2;2;3;-26,887014;-52,448372;SPRF-SC;DEL07-SC;UOP01-DEL07-SC
623775;26/08/2024;segunda-feira;11:50:00;MG;267;27,5;ARGIRITA;Ausência de reação do condutor;Colisão traseira;Sem Vítimas;Pleno dia;Decrescente;Nublado;Simples;Reta;Não;2;0;0;0;2;0;0;2;-21,62218533;-42,82361977;SPRF-MG;DEL07-MG;UOP01-DEL07-MG
623776;26/08/2024;segunda-feira;09:45:00;PB;230;491,6;CAJAZEIRAS;Condutor deixou de manter distância do veículo da frente;Saída de leito carroçável;Com Vítimas Feridas;Pleno dia;Decrescente;Céu Claro;Simples;"Declive;Reta";Não;2;0;1;1;0;0;2;1;-6,869;-38,4324;SPRF-PB;DEL03-PB;UOP03-DEL03-PB
623777;26/08/2024;segunda-feira;13:15:00;SC;101;207,9;SAO JOSE;Condutor deixou de manter distância do veículo da frente;Colisão traseira;Com Vítimas Feridas;Pleno dia;Decrescente;Céu Claro;Múltipla;Declive;Sim;3;0;2;0;1;0;2;2;-27,60001226;-48,6226467;SPRF-SC;DEL01-SC;UOP01-DEL01-SC
623779;26/08/2024;segunda-feira;13:20:00;RN;304;31,5;MOSSORO;Conversão proibida;Colisão transversal;Com Vítimas Feridas;Pleno dia;Crescente;Céu Claro;Simples;Reta;Sim;2;0;0;1;1;0;1;2;-5,12587296;-37,34293919;SPRF-RN;DEL04-RN;UOP02-DEL04-RN
623780;26/08/2024;segunda-feira;12:00:00;MG;381;295;ANTONIO DIAS;Acessar a via sem observar a presença dos outros veículos;Colisão frontal;Com Vítimas Feridas;Pleno dia;Decrescente;Céu Claro;Dupla;"Declive;Desvio Temporário;Reta;Em Obras";Não;5;0;2;1;2;0;3;2;-19,6399675;-42,82160997;SPRF-MG;DEL03-MG;UOP02-DEL03-MG
623781;26/07/2024;sexta-feira;04:10:00;RJ;101;383;RIO DE JANEIRO;Demais falhas mecânicas ou elétricas;Incêndio;Sem Vítimas;Plena Noite;Crescente;Ignorado;Dupla;Reta;Sim;1;0;0;0;1;0;0;1;-22,87838941;-43,61937046;SPRF-RJ;DEL03-RJ;UOP01-DEL03-RJ
623783;26/08/2024;segunda-feira;12:00:00;PA;10;167;PARAGOMINAS;Condutor deixou de manter distância do veículo da frente;Colisão traseira;Sem Vítimas;Pleno dia;Decrescente;Céu Claro;Simples;Reta;Não;2;0;0;0;2;0;0;2;-2,971665;-47,452064;SPRF-PA;DEL02-PA;UOP01-DEL02-PA
623785;26/08/2024;segunda-feira;13:45:00;GO;364;52,9;CACHOEIRA ALTA;Transitar na contramão;Colisão frontal;Com Vítimas Fatais;Pleno dia;Decrescente;Céu Claro;Simples;Reta;Não;3;1;2;0;0;0;2;2;-18,795572;-50,906792;SPRF-GO;DEL05-GO;UOP02-DEL05-GO
623787;26/08/2024;segunda-feira;13:55:00;RS;116;258;ESTEIO;Reação tardia ou ineficiente do condutor;Colisão lateral mesmo sentido;Com Vítimas Feridas;Pleno dia;Crescente;Céu Claro;Dupla;"Reta;Em Obras";Sim;3;0;1;0;2;0;1;3;-29,86150502;-51,18091535;SPRF-RS;DEL01-RS;UOP02-DEL01-RS
623788;26/08/2024;segunda-feira;12:15:00;RS;153;48,5;ERECHIM;Manobra de mudança de faixa;Colisão lateral mesmo sentido;Com Vítimas Feridas;Pleno dia;Decrescente;Céu Claro;Simples;Reta;Não;2;0;1;1;0;0;2;2;-27,65057477;-52,25569725;SPRF-RS;DEL08-RS;UOP04-DEL08-RS
623790;26/08/2024;segunda-feira;11:00:00;RO;435;86;COLORADO DO OESTE;Reação tardia ou ineficiente do condutor;Atropelamento de Pedestre;Com Vítimas Feridas;Pleno dia;Crescente;Céu Claro;Dupla;"Reta;Interseção de Vias";Sim;2;0;1;1;0;0;2;2;-13,12086923;-60,54454923;SPRF-RO;DEL04-RO;UOP02-DEL04-RO
623791;17/05/2024;sexta-feira;17:00:00;RJ;101;431;MANGARATIBA;Retorno proibido;Colisão transversal;Com Vítimas Feridas;Pleno dia;Decrescente;Céu Claro;Simples;Curva;Não;2;0;1;1;0;0;2;2;-22,9350909;-44,02735233;SPRF-RJ;DEL03-RJ;UOP02-DEL03-RJ
623792;26/08/2024;segunda-feira;13:41:00;PE;408;33;ALIANCA;Condutor Dormindo;Colisão frontal;Com Vítimas Feridas;Pleno dia;Crescente;Céu Claro;Simples;Reta;Não;7;0;5;0;2;0;5;3;-7,5940327;-35,24470263;SPRF-PE;DEL01-PE;UOP02-DEL01-PE
623793;22/07/2024;segunda-feira;13:20:00;SC;116;245;LAGES;Desrespeitar a preferência no cruzamento;Colisão transversal;Com Vítimas Feridas;Pleno dia;Crescente;Céu Claro;Simples;Interseção de Vias;Sim;3;0;1;0;2;0;1;2;-27,79984885;-50,36332675;SPRF-SC;DEL05-SC;UOP01-DEL05-SC
623794;26/08/2024;segunda-feira;14:20:00;PB;230;13,5;CABEDELO;Manobra de mudança de faixa;Colisão lateral mesmo sentido;Com Vítimas Feridas;Pleno dia;Crescente;Sol;Dupla;Reta;Sim;2;0;1;0;1;0;1;2;-7,0772;-34,8494;SPRF-PB;DEL01-PB;UOP01-DEL01-PB
623795;26/08/2024;segunda-feira;11:40:00;RO;174;14;VILHENA;Acessar a via sem observar a presença dos outros veículos;Colisão transversal;Com Vítimas Feridas;Pleno dia;Crescente;Céu Claro;Dupla;Reta;Sim;2;0;1;0;1;0;1;2;-12,73306632;-60,12981255;SPRF-RO;DEL04-RO;UOP01-DEL04-RO
623796;26/08/2024;segunda-feira;14:50:00;RJ;101;387;RIO DE JANEIRO;Manobra de mudança de faixa;Colisão lateral mesmo sentido;Com Vítimas Feridas;Pleno dia;Decrescente;Céu Claro;Dupla;Reta;Sim;2;0;1;0;1;0;1;2;-22,88537839;-43,64965688;SPRF-RJ;DEL03-RJ;UOP01-DEL03-RJ
623797;05/07/2024;sexta-feira;22:00:00;RJ;493;3;ITABORAI;Transitar na contramão;Colisão frontal;Sem Vítimas;Plena Noite;Crescente;Céu Claro;Simples;Reta;Sim;2;0;0;0;1;1;0;2;-22,7525329;-42,94160092;SPRF-RJ;DEL02-RJ;UOP02-DEL02-RJ
623798;26/08/2024;segunda-feira;14:15:00;SC;282;215,4;LAGES;Ausência de reação do condutor;Colisão traseira;Sem Vítimas;Pleno dia;Decrescente;Céu Claro;Simples;Rotatória;Sim;2;0;0;0;2;0;0;2;-27,79495207;-50,28459549;SPRF-SC;DEL05-SC;UOP01-DEL05-SC
623799;26/08/2024;segunda-feira;13:15:00;PR;277;174,4;PALMEIRA;Demais falhas mecânicas ou elétricas;Capotamento;Sem Vítimas;Pleno dia;Crescente;Sol;Simples;"Declive;Reta";Não;1;0;0;0;1;0;0;1;-25,427365;-50,069316;SPRF-PR;DEL08-PR;UOP02-DEL08-PR
623802;26/08/2024;segunda-feira;14:40:00;PR;376;302;MAUA DA SERRA;Velocidade Incompatível;Saída de leito carroçável;Com Vítimas Feridas;Pleno dia;Crescente;Céu Claro;Dupla;Curva;Não;2;0;1;1;0;0;2;1;-23,94255214;-51,12285589;SPRF-PR;DEL07-PR;UOP02-DEL07-PR
623803;26/08/2024;segunda-feira;15:20:00;PI;343;3,9;TERESINA;Condutor deixou de manter distância do veículo da frente;Colisão traseira;Com Vítimas Feridas;Pleno dia;Decrescente;Céu Claro;Múltipla;Interseção de Vias;Sim;2;0;0;1;1;0;1;2;-5,089569;-42,802288;SPRF-PI;DEL01-PI;UOP01-DEL01-PI
623804;15/07/2024;segunda-feira;05:10:00;PB;104;135,7;QUEIMADAS;Ultrapassagem Indevida;Colisão frontal;Com Vítimas Fatais;Amanhecer;Decrescente;Céu Claro;Simples;Reta;Não;3;1;0;1;0;1;1;3;-7,33449509;-35,89813347;SPRF-PB;DEL02-PB;UOP03-DEL02-PB
623805;26/08/2024;segunda-feira;15:40:00;PI;343;4,1;TERESINA;Condutor deixou de manter distância do veículo da frente;Colisão traseira;Com Vítimas Feridas;Pleno dia;Crescente;Céu Claro;Múltipla;Reta;Sim;3;0;2;0;1;0;2;2;-5,089569;-42,802288;SPRF-PI;DEL01-PI;UOP01-DEL01-PI
623808;25/07/2024;quinta-feira;21:15:00;RJ;101;318;SAO GONCALO;Trafegar com motocicleta (ou similar) entre as faixas;Tombamento;Com Vítimas Feridas;Plena Noite;Crescente;Céu Claro;Dupla;Reta;Sim;1;0;1;0;0;0;1;1;-22,84562994;-43,09841211;SPRF-RJ;DEL02-RJ;UOP02-DEL02-RJ
623809;26/08/2024;segunda-feira;16:25:00;ES;101;270;SERRA;Ausência de reação do condutor;Colisão traseira;Com Vítimas Feridas;Pleno dia;Crescente;Nublado;Dupla;Reta;Não;2;0;1;0;1;0;1;2;-20,22662056;-40,27075088;SPRF-ES;DEL02-ES;UOP01-DEL02-ES
623811;26/08/2024;segunda-feira;11:30:00;MG;116;412,8;GOVERNADOR VALADARES;Entrada inopinada do pedestre;Atropelamento de Pedestre;Com Vítimas Feridas;Pleno dia;Crescente;Céu Claro;Simples;"Reta;Declive";Sim;2;0;1;0;1;0;1;2;-18,86882342;-41,97144241;SPRF-MG;DEL06-MG;UOP01-DEL06-MG
623813;26/08/2024;segunda-feira;16:30:00;RN;101;94;NATAL;Condutor deixou de manter distância do veículo da frente;Colisão traseira;Sem Vítimas;Pleno dia;Crescente;Céu Claro;Dupla;Reta;Sim;2;0;0;0;2;0;0;2;-5,83176615;-35,21191342;SPRF-RN;DEL01-RN;UOP01-DEL01-RN
623815;26/08/2024;segunda-feira;16:30:00;SP;116;106;TAUBATE;Ausência de reação do condutor;Atropelamento de Pedestre;Com Vítimas Feridas;Pleno dia;Crescente;Sol;Dupla;Reta;Sim;2;0;0;1;0;1;1;2;-23,01250593;-45,52256005;SPRF-SP;DEL02-SP;UOP02-DEL02-SP
623816;26/08/2024;segunda-feira;16:15:00;RN;406;150;CEARA-MIRIM;Ingestão de álcool pelo condutor;Colisão frontal;Com Vítimas Feridas;Pleno dia;Crescente;Céu Claro;Simples;Reta;Sim;1;0;0;1;0;0;1;1;-5,64974982;-35,43234997;SPRF-RN;DEL02-RN;UOP01-DEL02-RN
623817;11/08/2024;domingo;19:15:00;PE;232;412;SERRA TALHADA;Manobra de mudança de faixa;Colisão lateral sentido oposto;Com Vítimas Feridas;Plena Noite;Decrescente;Céu Claro;Simples;Reta;Não;3;0;1;0;1;1;1;3;-7,98377927;-38,3208774;SPRF-PE;DEL04-PE;UOP01-DEL04-PE
623818;26/08/2024;segunda-feira;16:35:00;SP;116;231;SAO PAULO;Ausência de reação do condutor;Colisão lateral mesmo sentido;Com Vítimas Feridas;Pleno dia;Crescente;Nublado;Dupla;Interseção de Vias;Sim;2;0;0;2;0;0;2;2;-23,5290581;-46,59398303;SPRF-SP;DEL01-SP;UOP01-DEL01-SP
623819;26/08/2024;segunda-feira;14:35:00;SC;101;180,1;BIGUACU;Acessar a via sem observar a presença dos outros veículos;Colisão lateral mesmo sentido;Com Vítimas Feridas;Pleno dia;Decrescente;Céu Claro;Dupla;Curva;Não;3;0;1;0;0;2;1;3;-27,3811238;-48,63090648;SPRF-SC;DEL01-SC;UOP01-DEL01-SC
623820;26/08/2024;segunda-feira;14:30:00;RS;153;11,8;SEVERIANO DE ALMEIDA;Velocidade Incompatível;Saída de leito carroçável;Sem Vítimas;Pleno dia;Crescente;Sol;Simples;"Aclive;Curva";Não;1;0;0;0;0;1;0;1;-27,43436534;-52,04007983;SPRF-RS;DEL08-RS;UOP04-DEL08-RS
623821;26/08/2024;segunda-feira;16:20:00;RJ;116;282;BARRA MANSA;Restrição de visibilidade em curvas horizontais;Colisão traseira;Com Vítimas Feridas;Pleno dia;Decrescente;Céu Claro;Dupla;Curva;Não;9;0;2;0;7;0;2;4;-22,51669896;-44,20814495;SPRF-RJ;DEL07-RJ;UOP02-DEL07-RJ
623823;26/08/2024;segunda-feira;16:30:00;RJ;493;52;DUQUE DE CAXIAS;Reação tardia ou ineficiente do condutor;Saída de leito carroçável;Com Vítimas Feridas;Pleno dia;Decrescente;Céu Claro;Dupla;Reta;Sim;1;0;0;1;0;0;1;1;-22,67175865;-43,28954458;SPRF-RJ;DEL01-RJ;UOP03-DEL01-RJ
623824;26/08/2024;segunda-feira;11:24:00;RJ;40;91;PETROPOLIS;Acumulo de óleo sobre o pavimento;Queda de ocupante de veículo;Com Vítimas Feridas;Pleno dia;Decrescente;Nevoeiro/Neblina;Dupla;Curva;Sim;1;0;1;0;0;0;1;1;-22,54903566;-43,24229724;SPRF-RJ;DEL01-RJ;UOP01-DEL01-RJ
623825;26/08/2024;segunda-feira;17:10:00;ES;101;266;SERRA;Pedestre cruzava a pista fora da faixa;Atropelamento de Pedestre;Com Vítimas Feridas;Anoitecer;Decrescente;Céu Claro;Múltipla;Reta;Sim;2;0;1;0;1;0;1;2;-20,190199;-40,26828891;SPRF-ES;DEL02-ES;UOP01-DEL02-ES
623826;26/08/2024;segunda-feira;07:40:00;RJ;101;316;SAO GONCALO;Reação tardia ou ineficiente do condutor;Colisão traseira;Com Vítimas Feridas;Pleno dia;Crescente;Nublado;Dupla;Reta;Não;2;0;1;0;1;0;1;2;-22,82835879;-43,09208739;SPRF-RJ;DEL02-RJ;UOP02-DEL02-RJ
623827;26/08/2024;segunda-feira;14:40:00;RJ;116;170;RIO DE JANEIRO;Demais falhas mecânicas ou elétricas;Incêndio;Sem Vítimas;Pleno dia;Crescente;Céu Claro;Dupla;Reta;Não;1;0;0;0;1;0;0;1;-22,81113183;-43,3336729;SPRF-RJ;DEL06-RJ;UOP01-DEL06-RJ
623828;26/08/2024;segunda-feira;16:45:00;MG;267;122,2;JUIZ DE FORA;Acessar a via sem observar a presença dos outros veículos;Colisão transversal;Com Vítimas Feridas;Pleno dia;Crescente;Garoa/Chuvisco;Simples;Reta;Sim;2;0;1;0;1;0;1;2;-21,71024166;-43,49328265;SPRF-MG;DEL05-MG;UOP01-DEL05-MG
623830;26/08/2024;segunda-feira;17:17:00;PE;232;4,3;RECIFE;Mal súbito do condutor;Queda de ocupante de veículo;Com Vítimas Feridas;Pleno dia;Crescente;Céu Claro;Simples;Curva;Sim;2;0;1;1;0;0;2;1;-8,065608;-34,940251;SPRF-PE;DEL01-PE;UOP01-DEL01-PE
623831;26/08/2024;segunda-feira;16:45:00;BA;116;406;FEIRA DE SANTANA;Velocidade Incompatível;Colisão traseira;Com Vítimas Feridas;Pleno dia;Crescente;Céu Claro;Dupla;Reta;Não;3;0;0;1;1;1;1;3;-12,081626;-38,9693841;SPRF-BA;DEL02-BA;UOP01-DEL02-BA
623832;26/08/2024;segunda-feira;17:30:00;BA;324;622;SALVADOR;Ausência de reação do condutor;Colisão traseira;Com Vítimas Feridas;Anoitecer;Decrescente;Céu Claro;Dupla;Reta;Não;3;0;2;0;1;0;2;2;-12,91888605;-38,46502095;SPRF-BA;DEL01-BA;UOP01-DEL01-BA
623834;26/08/2024;segunda-feira;15:40:00;MA;135;21;SAO LUIS;Transitar no Acostamento;Colisão lateral mesmo sentido;Com Vítimas Feridas;Pleno dia;Crescente;Nublado;Dupla;Reta;Sim;2;0;1;0;1;0;1;2;-2,53073;-44,3068;SPRF-MA;DEL01-MA;UOP01-DEL01-MA
623836;26/08/2024;segunda-feira;09:30:00;PA;230;746,8;MEDICILANDIA;Reação tardia ou ineficiente do condutor;Saída de leito carroçável;Com Vítimas Feridas;Pleno dia;Decrescente;Sol;Simples;Reta;Não;5;0;3;0;2;0;3;1;-3,46127908;-52,93367386;SPRF-PA;DEL04-PA;UOP01-DEL04-PA
623837;26/08/2024;segunda-feira;17:40:00;PI;343;340,9;TERESINA;Acessar a via sem observar a presença dos outros veículos;Colisão transversal;Com Vítimas Feridas;Pleno dia;Decrescente;Céu Claro;Simples;Reta;Sim;2;0;1;0;1;0;1;2;-5,07739354;-42,74188042;SPRF-PI;DEL01-PI;UOP01-DEL01-PI
623839;26/08/2024;segunda-feira;17:40:00;RS;448;2;ESTEIO;Reação tardia ou ineficiente do condutor;Tombamento;Com Vítimas Feridas;Anoitecer;Crescente;Céu Claro;Dupla;Reta;Não;1;0;1;0;0;0;1;1;-29,844086;-51,192482;SPRF-RS;DEL01-RS;UOP02-DEL01-RS
623840;26/08/2024;segunda-feira;17:40:00;PE;232;94,7;SAIRE;Animais na Pista;Atropelamento de Animal;Com Vítimas Feridas;Anoitecer;Decrescente;Céu Claro;Dupla;Reta;Não;3;0;3;0;0;0;3;2;-8,22728;-35,69731;SPRF-PE;DEL02-PE;UOP02-DEL02PE
623841;26/08/2024;segunda-feira;16:20:00;AL;101;5,6;NOVO LINO;Ingestão de álcool pelo condutor;Tombamento;Com Vítimas Feridas;Pleno dia;Decrescente;Céu Claro;Dupla;Reta;Não;1;0;1;0;0;0;1;1;-8,91815832;-35,63511175;SPRF-AL;DEL01-AL;UOP02-DEL01-AL
623842;26/08/2024;segunda-feira;09:40:00;RS;386;227,6;MORMACO;Velocidade Incompatível;Engavetamento;Sem Vítimas;Pleno dia;Crescente;Céu Claro;Simples;Reta;Sim;3;0;0;0;3;0;0;3;-28,678675;-52,603878;SPRF-RS;DEL04-RS;UOP03-DEL04-RS
623844;26/08/2024;segunda-feira;18:40:00;ES;101;271,4;SERRA;Condutor deixou de manter distância do veículo da frente;Colisão traseira;Com Vítimas Feridas;Plena Noite;Decrescente;Céu Claro;Múltipla;Reta;Sim;2;0;0;1;1;0;1;2;-20,23267;-40,27658;SPRF-ES;DEL02-ES;UOP01-DEL02-ES
623845;26/08/2024;segunda-feira;18:10:00;SP;381;53;ATIBAIA;Conversão proibida;Colisão transversal;Com Vítimas Feridas;Plena Noite;Crescente;Céu Claro;Dupla;Reta;Não;3;0;2;0;1;0;2;2;-23,23727986;-46,59981085;SPRF-SP;DEL03-SP;UOP01-DEL03-SP
623846;26/08/2024;segunda-feira;17:00:00;MS;60;593,3;JARDIM;Desrespeitar a preferência no cruzamento;Colisão transversal;Com Vítimas Feridas;Pleno dia;Decrescente;Céu Claro;Simples;Reta;Sim;2;0;2;0;0;0;2;2;-21,48542331;-56,15040947;SPRF-MS;DEL05-MS;UOP01-DEL05-MS
623847;26/08/2024;segunda-feira;18:42:00;PE;101;67,7;RECIFE;Manobra de mudança de faixa;Colisão traseira;Com Vítimas Feridas;Plena Noite;Decrescente;Céu Claro;Dupla;Reta;Sim;2;0;1;0;1;0;1;2;-8,042334;-34,943096;SPRF-PE;DEL01-PE;UOP01-DEL01-PE
623848;26/08/2024;segunda-feira;19:00:00;TO;242;334;PEIXE;Deficiência do Sistema de Iluminação/Sinalização;Colisão traseira;Com Vítimas Feridas;Plena Noite;Crescente;Céu Claro;Simples;Reta;Não;2;0;1;0;1;0;1;2;-11,91509206;-48,72088604;SPRF-TO;DEL01-TO;UOP02-DEL01-TO
623850;26/08/2024;segunda-feira;19:20:00;ES;101;268;SERRA;Acessar a via sem observar a presença dos outros veículos;Colisão lateral mesmo sentido;Com Vítimas Feridas;Plena Noite;Crescente;Nublado;Múltipla;Reta;Não;2;0;1;0;1;0;1;2;-20,20842;-40,269405;SPRF-ES;DEL02-ES;UOP01-DEL02-ES
623851;26/08/2024;segunda-feira;19:00:00;MG;116;626;ORIZANIA;Ausência de reação do condutor;Saída de leito carroçável;Com Vítimas Feridas;Plena Noite;Crescente;Garoa/Chuvisco;Simples;Curva;Não;1;0;1;0;0;0;1;1;-20,547563;-42,208299;SPRF-MG;DEL07-MG;UOP02-DEL07-MG
623852;26/08/2024;segunda-feira;18:55:00;RS;290;521,3;CACEQUI;Condutor Dormindo;Saída de leito carroçável;Com Vítimas Feridas;Plena Noite;Crescente;Céu Claro;Simples;Reta;Não;1;0;1;0;0;0;1;1;-30,089157;-55,279556;SPRF-RS;DEL11-RS;UOP02-DEL11-RS
623854;26/08/2024;segunda-feira;18:05:00;SC;101;434,2;SOMBRIO;Pedestre cruzava a pista fora da faixa;Atropelamento de Pedestre;Com Vítimas Fatais;Anoitecer;Crescente;Céu Claro;Múltipla;Reta;Sim;5;1;0;0;3;1;0;2;-29,10098941;-49,63537216;SPRF-SC;DEL02-SC;UOP02-DEL02-SC
623855;26/08/2024;segunda-feira;19:50:00;SC;101;120;ITAJAI;Reação tardia ou ineficiente do condutor;Tombamento;Com Vítimas Feridas;Plena Noite;Decrescente;Céu Claro;Dupla;Reta;Não;1;0;1;0;0;0;1;1;-26,912758;-48,711998;SPRF-SC;DEL04-SC;UOP04-DEL04-SC
623856;26/08/2024;segunda-feira;20:00:00;RJ;116;185;NOVA IGUACU;Ausência de reação do condutor;Colisão lateral mesmo sentido;Com Vítimas Feridas;Anoitecer;Crescente;Céu Claro;Simples;Reta;Não;2;0;1;0;1;0;1;2;-22,74151051;-43,45351823;SPRF-RJ;DEL06-RJ;UOP01-DEL06-RJ