id;data_inversa;dia_semana;horario;uf;br;km;municipio;causa_acidente;tipo_acidente;classificacao_acidente;fase_dia;sentido_via;condicao_metereologica;tipo_pista;tracado_via;uso_solo;pessoas;mortos;feridos_leves;feridos_graves;ilesos;ignorados;feridos;veiculos;latitude;longitude;regional;delegacia;uop
623858;26/08/2024;segunda-feira;19:35:00;DF;70;5;BRASILIA;Transitar na contramão;Colisão frontal;Com Vítimas Feridas;Plena Noite;Decrescente;Céu Claro;Dupla;Reta;Sim;3;0;1;0;2;0;1;2;-15,794656;-48,096779;SPRF-DF;DEL03-DF;UOP02-DEL03-DF
623860;26/08/2024;segunda-feira;20:20:00;ES;101;261,5;SERRA;Demais falhas mecânicas ou elétricas;Tombamento;Com Vítimas Feridas;Plena Noite;Crescente;Céu Claro;Dupla;"Reta;Aclive";Não;2;0;1;1;0;0;2;1;-20,14854215;-40,27970926;SPRF-ES;DEL02-ES;UOP01-DEL02-ES
623861;26/08/2024;segunda-feira;19:00:00;RJ;101;88;CAMPOS DOS GOYTACAZES;Demais falhas mecânicas ou elétricas;Incêndio;Sem Vítimas;Plena Noite;Crescente;Chuva;Dupla;Aclive;Não;1;0;0;0;1;0;0;1;-21,83354897;-41,50191804;SPRF-RJ;DEL08-RJ;UOP02-DEL08-RJ
623865;26/08/2024;segunda-feira;18:40:00;PB;405;49,5;SAO JOAO DO RIO DO PEIXE;Animais na Pista;Atropelamento de Animal;Com Vítimas Fatais;Plena Noite;Decrescente;Céu Claro;Simples;Reta;Não;1;1;0;0;0;0;0;1;-6,844136;-38,382595;SPRF-PB;DEL03-PB;UOP03-DEL03-PB
623867;26/08/2024;segunda-feira;20:59:00;RJ;116;180;NOVA IGUACU;Avarias e/ou desgaste excessivo no pneu;Queda de ocupante de veículo;Com Vítimas Feridas;Plena Noite;Decrescente;Céu Claro;Múltipla;Declive;Sim;2;0;1;0;1;0;1;1;-22,7651616;-43,4154728;SPRF-RJ;DEL06-RJ;UOP01-DEL06-RJ
623869;26/08/2024;segunda-feira;16:40:00;MS;262;233;RIBAS DO RIO PARDO;Condutor deixou de manter distância do veículo da frente;Engavetamento;Com Vítimas Feridas;Pleno dia;Crescente;Céu Claro;Simples;Reta;Não;6;0;1;0;5;0;1;3;-20,4632245;-53,69962112;SPRF-MS;DEL01-MS;UOP05-DEL01-MS
623870;26/08/2024;segunda-feira;15:30:00;PI;135;117,3;BERTOLINIA;Ausência de reação do condutor;Tombamento;Com Vítimas Feridas;Pleno dia;Decrescente;Céu Claro;Simples;Reta;Não;1;0;0;1;0;0;1;1;-7,58389213;-43,95431163;SPRF-PI;DEL03-PI;UOP01-DEL03-PI
623871;26/08/2024;segunda-feira;19:20:00;PI;343;184;PIRIPIRI;Demais falhas na via;Queda de ocupante de veículo;Com Vítimas Feridas;Plena Noite;Decrescente;Céu Claro;Simples;Reta;Não;1;0;1;0;0;0;1;1;-4,272144;-41,761505;SPRF-PI;DEL02-PI;UOP01-DEL02-PI
623872;26/08/2024;segunda-feira;21:20:00;PE;104;68;CARUARU;Reação tardia ou ineficiente do condutor;Colisão traseira;Com Vítimas Feridas;Plena Noite;Decrescente;Céu Claro;Dupla;Reta;Sim;5;0;1;0;4;0;1;2;-8,3107;-35,9904;SPRF-PE;DEL02-PE;UOP01-DEL02-PE
623873;26/08/2024;segunda-feira;17:30:00;PR;369;164;CAMBE;Acessar a via sem observar a presença dos outros veículos;Colisão lateral mesmo sentido;Com Vítimas Feridas;Anoitecer;Decrescente;Céu Claro;Dupla;Reta;Sim;3;0;1;0;1;1;1;2;-23,29541137;-51,29929662;SPRF-PR;DEL07-PR;UOP01-DEL07-PR
623875;26/08/2024;segunda-feira;21:20:00;SC;101;206,8;SAO JOSE;Condutor desrespeitou a iluminação vermelha do semáforo;Colisão transversal;Com Vítimas Feridas;Plena Noite;Decrescente;Céu Claro;Simples;"Interseção de Vias;Reta";Sim;2;0;1;0;1;0;1;2;-27,59193546;-48,61824557;SPRF-SC;DEL01-SC;UOP01-DEL01-SC
623876;24/08/2024;sábado;19:50:00;AM;174;1040;PRESIDENTE FIGUEIREDO;Acesso irregular;Colisão transversal;Com Vítimas Feridas;Plena Noite;Crescente;Céu Claro;Simples;Reta;Sim;3;0;1;0;0;2;1;2;-1,66194829;-60,17527948;SPRF-AM;DEL01-AM;UOP02-DEL01-AM
623877;26/08/2024;segunda-feira;20:15:00;MG;262;537,6;LUZ;Ausência de reação do condutor;Colisão frontal;Com Vítimas Feridas;Plena Noite;Decrescente;Céu Claro;Simples;Curva;Não;5;0;1;0;4;0;1;2;-19,77286917;-45,77984801;SPRF-MG;DEL08-MG;UOP02-DEL08-MG
623878;26/08/2024;segunda-feira;22:00:00;RJ;465;10;SEROPEDICA;Reação tardia ou ineficiente do condutor;Queda de ocupante de veículo;Com Vítimas Feridas;Plena Noite;Crescente;Céu Claro;Simples;Reta;Não;1;0;1;0;0;0;1;1;-22,777218;-43,663025;SPRF-RJ;DEL06-RJ;UOP02-DEL06-RJ
623879;26/08/2024;segunda-feira;21:30:00;SC;153;66,4;IRANI;Acessar a via sem observar a presença dos outros veículos;Colisão transversal;Sem Vítimas;Plena Noite;Crescente;Nublado;Simples;Reta;Sim;2;0;0;0;2;0;0;2;-27,02845983;-51,88285232;SPRF-SC;DEL07-SC;UOP04-DEL07-SC
623880;26/08/2024;segunda-feira;22:01:00;SP;116;278,5;EMBU DAS ARTES;Ausência de reação do condutor;Colisão com objeto;Com Vítimas Feridas;Plena Noite;Decrescente;Ignorado;Dupla;Curva;Sim;1;0;1;0;0;0;1;1;-23,65508497;-46,84918605;SPRF-SP;DEL04-SP;UOP01-DEL04-SP
623881;26/08/2024;segunda-feira;20:30:00;PR;373;174;PONTA GROSSA;Acessar a via sem observar a presença dos outros veículos;Colisão transversal;Com Vítimas Feridas;Plena Noite;Crescente;Céu Claro;Dupla;"Retorno Regulamentado;Reta";Não;2;0;1;0;1;0;1;2;-25,07594908;-50,20995715;SPRF-PR;DEL03-PR;UOP01-DEL03-PR
623883;26/08/2024;segunda-feira;17:00:00;SP;153;335,5;OURINHOS;Condutor deixou de manter distância do veículo da frente;Colisão traseira;Com Vítimas Feridas;Pleno dia;Decrescente;Céu Claro;Simples;Reta;Não;3;0;1;0;2;0;1;2;-22,89976601;-49,8895705;SPRF-SP;DEL07-SP;UOP03-DEL07-SP
623885;26/08/2024;segunda-feira;21:30:00;MA;316;266;SANTA INES;Animais na Pista;Atropelamento de Animal;Com Vítimas Feridas;Plena Noite;Decrescente;Céu Claro;Simples;"Ponte;Reta";Não;1;0;1;0;0;0;1;1;-3,681815;-45,347157;SPRF-MA;DEL02-MA;UOP01-DEL02-MA
623887;26/08/2024;segunda-feira;14:45:00;SC;101;43,6;JOINVILLE;Ausência de reação do condutor;Colisão traseira;Com Vítimas Feridas;Pleno dia;Crescente;Céu Claro;Simples;Reta;Sim;2;0;1;0;1;0;1;2;-26,3380348;-48,85957539;SPRF-SC;DEL03-SC;UOP01-DEL03-SC
623888;27/08/2024;terça-feira;00:20:00;SC;101;44,5;JOINVILLE;Reação tardia ou ineficiente do condutor;Saída de leito carroçável;Com Vítimas Feridas;Plena Noite;Decrescente;Céu Claro;Simples;Reta;Não;1;0;0;1;0;0;1;1;-26,34404408;-48,85765493;SPRF-SC;DEL03-SC;UOP01-DEL03-SC
623889;27/08/2024;terça-feira;01:30:00;PR;369;150,8;LONDRINA;Ausência de reação do condutor;Saída de leito carroçável;Com Vítimas Feridas;Plena Noite;Decrescente;Céu Claro;Dupla;"Viaduto;Aclive";Sim;1;0;1;0;0;0;1;1;-23,29290145;-51,1742574;SPRF-PR;DEL07-PR;UOP01-DEL07-PR
623890;26/08/2024;segunda-feira;20:30:00;SC;101;451,2;SAO JOAO DO SUL;Reação tardia ou ineficiente do condutor;Tombamento;Com Vítimas Feridas;Plena Noite;Crescente;Céu Claro;Múltipla;"Reta;Declive";Não;1;0;1;0;0;0;1;1;-29,18728853;-49,75497723;SPRF-SC;DEL02-SC;UOP02-DEL02-SC
623893;27/08/2024;terça-feira;03:18:00;PR;116;121;CURITIBA;Reação tardia ou ineficiente do condutor;Saída de leito carroçável;Sem Vítimas;Plena Noite;Decrescente;Nevoeiro/Neblina;Múltipla;Reta;Sim;1;0;0;0;0;1;0;1;-25,592326;-49,315552;SPRF-PR;DEL01-PR;UOP03-DEL01-PR
623896;27/08/2024;terça-feira;06:00:00;SP;153;72;SAO JOSE DO RIO PRETO;Ausência de reação do condutor;Saída de leito carroçável;Com Vítimas Feridas;Amanhecer;Decrescente;Céu Claro;Dupla;Reta;Sim;2;0;2;0;0;0;2;1;-20,86715501;-49,41334398;SPRF-SP;DEL09-SP;UOP01-DEL09-SP
623898;27/08/2024;terça-feira;06:30:00;PR;376;168,9;MARINGA;Animais na Pista;Atropelamento de Animal;Com Vítimas Feridas;Pleno dia;Crescente;Céu Claro;Dupla;"Reta;Aclive";Sim;1;0;1;0;0;0;1;1;-23,40058741;-52,00022489;SPRF-PR;DEL09-PR;UOP01-DEL09-PR
623899;27/08/2024;terça-feira;06:15:00;PE;428;175,7;PETROLINA;Transitar na contramão;Colisão frontal;Com Vítimas Fatais;Pleno dia;Crescente;Céu Claro;Simples;Reta;Não;2;1;0;0;1;0;0;2;-9,27748261;-40,43825448;SPRF-PE;DEL06-PE;UOP01-DEL06-PE
623903;27/08/2024;terça-feira;05:50:00;PR;376;602;CURITIBA;Condutor deixou de manter distância do veículo da frente;Colisão traseira;Com Vítimas Feridas;Amanhecer;Decrescente;Céu Claro;Simples;"Interseção de Vias;Curva";Sim;3;0;1;0;2;0;1;2;-25,54329052;-49,30719981;SPRF-PR;DEL01-PR;UOP06-DEL01-PR
623904;27/08/2024;terça-feira;06:10:00;SP;116;149,9;SAO JOSE DOS CAMPOS;Transitar na contramão;Colisão frontal;Com Vítimas Feridas;Amanhecer;Decrescente;Nevoeiro/Neblina;Múltipla;"Declive;Viaduto;Reta";Sim;2;0;2;0;0;0;2;2;-23,20700047;-45,88626861;SPRF-SP;DEL02-SP;UOP01-DEL02-SP
623905;26/08/2024;segunda-feira;20:06:00;RS;386;31;FREDERICO WESTPHALEN;Pedestre andava na pista;Atropelamento de Pedestre;Com Vítimas Fatais;Plena Noite;Crescente;Céu Claro;Simples;"Declive;Reta";Não;2;1;0;0;1;0;0;2;-27,334265;-53,381775;SPRF-RS;DEL08-RS;UOP02-DEL08-RS
623908;27/08/2024;terça-feira;06:20:00;DF;70;2,6;BRASILIA;Acessar a via sem observar a presença dos outros veículos;Colisão transversal;Com Vítimas Fatais;Amanhecer;Crescente;Céu Claro;Dupla;Reta;Sim;2;1;1;0;0;0;1;2;-15,798048;-48,073235;SPRF-DF;DEL03-DF;UOP02-DEL03-DF
623911;27/08/2024;terça-feira;05:30:00;RJ;465;1;SEROPEDICA;Acesso irregular;Atropelamento de Pedestre;Com Vítimas Feridas;Amanhecer;Decrescente;Céu Claro;Simples;Reta;Não;2;0;1;0;1;0;1;2;-22,719835;-43,725739;SPRF-RJ;DEL06-RJ;UOP02-DEL06-RJ
623912;27/08/2024;terça-feira;07:00:00;RN;101;97;NATAL;Condutor deixou de manter distância do veículo da frente;Colisão traseira;Com Vítimas Feridas;Pleno dia;Decrescente;Céu Claro;Dupla;Reta;Sim;3;0;1;0;2;0;1;2;-5,85758898;-35,21271205;SPRF-RN;DEL01-RN;UOP01-DEL01-RN
623914;27/08/2024;terça-feira;06:50:00;GO;364;205;JATAI;Condutor Dormindo;Saída de leito carroçável;Com Vítimas Feridas;Pleno dia;Decrescente;Céu Claro;Simples;Reta;Não;2;0;2;0;0;0;2;1;-17,907701;-51,801361;SPRF-GO;DEL05-GO;UOP01-DEL05-GO
623916;27/08/2024;terça-feira;08:03:00;GO;153;500;GOIANIA;Condutor deixou de manter distância do veículo da frente;Engavetamento;Sem Vítimas;Pleno dia;Crescente;Céu Claro;Dupla;Reta;Sim;3;0;0;0;3;0;0;3;-16,7118;-49,2324;SPRF-GO;DEL01-GO;UOP01-DEL01-GO
623917;27/08/2024;terça-feira;07:30:00;ES;101;265,7;SERRA;Reação tardia ou ineficiente do condutor;Colisão transversal;Com Vítimas Feridas;Pleno dia;Decrescente;Nublado;Múltipla;Reta;Sim;3;0;0;3;0;0;3;2;-20,1816849;-40,26536036;SPRF-ES;DEL02-ES;UOP01-DEL02-ES
623918;27/08/2024;terça-feira;08:10:00;PR;116;115;CURITIBA;Ausência de reação do condutor;Queda de ocupante de veículo;Com Vítimas Feridas;Pleno dia;Decrescente;Céu Claro;Dupla;Reta;Sim;1;0;1;0;0;0;1;1;-25,55953326;-49,26560414;SPRF-PR;DEL01-PR;UOP07-DEL01-PR
623919;27/08/2024;terça-feira;07:40:00;RS;116;0,2;PORTO ALEGRE;Trafegar com motocicleta (ou similar) entre as faixas;Colisão lateral mesmo sentido;Com Vítimas Feridas;Pleno dia;Crescente;Céu Claro;Dupla;Reta;Não;3;0;2;0;1;0;2;2;-30,033535;-51,230453;SPRF-RS;DEL01-RS;UOP01-DEL01-RS
623920;27/08/2024;terça-feira;08:00:00;PE;101;81,7;JABOATAO DOS GUARARAPES;Reação tardia ou ineficiente do condutor;Colisão lateral mesmo sentido;Com Vítimas Feridas;Pleno dia;Crescente;Nublado;Dupla;Reta;Sim;2;0;1;0;0;1;1;2;-8,166721;-34,938411;SPRF-PE;DEL01-PE;UOP01-DEL01-PE
623922;27/08/2024;terça-feira;07:40:00;GO;153;500;GOIANIA;Trafegar com motocicleta (ou similar) entre as faixas;Tombamento;Com Vítimas Feridas;Pleno dia;Crescente;Céu Claro;Múltipla;Reta;Sim;1;0;1;0;0;0;1;1;-16,7118;-49,2324;SPRF-GO;DEL01-GO;UOP01-DEL01-GO
623924;27/08/2024;terça-feira;06:50:00;PR;369;490,8;CORBELIA;Ultrapassagem Indevida;Colisão frontal;Com Vítimas Feridas;Pleno dia;Decrescente;Céu Claro;Simples;Reta;Não;3;0;2;0;1;0;2;2;-24,7166;-53,2465;SPRF-PR;DEL04-PR;UOP03-DEL04-PR
623925;27/08/2024;terça-feira;07:55:00;BA;116;16,5;VITORIA DA CONQUISTA;Conversão proibida;Colisão transversal;Com Vítimas Feridas;Pleno dia;Decrescente;Céu Claro;Simples;"Interseção de Vias;Reta";Sim;2;0;1;0;1;0;1;2;-14,902369;-40,848493;SPRF-BA;DEL08-BA;UOP01-DEL08-BA
623926;27/08/2024;terça-feira;08:05:00;PE;101;41;IGARASSU;Pedestre cruzava a pista fora da faixa;Atropelamento de Pedestre;Com Vítimas Fatais;Pleno dia;Crescente;Sol;Múltipla;Reta;Sim;3;2;0;0;0;1;0;2;-7,83038346;-34,91426785;SPRF-PE;DEL01-PE;UOP02-DEL01-PE
623927;27/08/2024;terça-feira;08:09:00;GO;50;104,5;CRISTALINA;Reação tardia ou ineficiente do condutor;Saída de leito carroçável;Com Vítimas Feridas;Pleno dia;Crescente;Céu Claro;Dupla;Reta;Não;5;0;5;0;0;0;5;1;-16,808473;-47,661022;SPRF-DF;DEL01-DF;UOP02-DEL01-DF
623928;27/08/2024;terça-feira;07:00:00;RJ;356;117,6;CAMPOS DOS GOYTACAZES;Ausência de reação do condutor;Colisão traseira;Com Vítimas Feridas;Pleno dia;Crescente;Nublado;Simples;Reta;Não;2;0;1;0;1;0;1;2;-21,61077208;-41,41847117;SPRF-RJ;DEL08-RJ;UOP01-DEL08-RJ
623929;27/08/2024;terça-feira;08:14:00;PB;230;10;CABEDELO;Trafegar com motocicleta (ou similar) entre as faixas;Tombamento;Com Vítimas Feridas;Pleno dia;Crescente;Céu Claro;Dupla;Reta;Sim;2;0;1;0;1;0;1;2;-7,0514;-34,8499;SPRF-PB;DEL01-PB;UOP01-DEL01-PB
623930;27/08/2024;terça-feira;08:00:00;SC;282;2,4;FLORIANOPOLIS;Reação tardia ou ineficiente do condutor;Colisão lateral mesmo sentido;Sem Vítimas;Pleno dia;Decrescente;Céu Claro;Múltipla;Reta;Sim;2;0;0;0;2;0;0;2;-27,603289;-48,590416;SPRF-SC;DEL01-SC;UOP01-DEL01-SC
623931;27/08/2024;terça-feira;07:40:00;PR;163;185,3;SANTA TEREZA DO OESTE;Curva acentuada;Saída de leito carroçável;Com Vítimas Feridas;Pleno dia;Decrescente;Céu Claro;Dupla;Curva;Não;1;0;1;0;0;0;1;1;-25,13565591;-53,58359882;SPRF-PR;DEL05-PR;UOP05-DEL05-PR
623932;27/08/2024;terça-feira;08:10:00;RJ;101;318;SAO GONCALO;Trafegar com motocicleta (ou similar) entre as faixas;Colisão lateral mesmo sentido;Com Vítimas Feridas;Pleno dia;Crescente;Céu Claro;Dupla;Reta;Sim;2;0;1;0;1;0;1;2;-22,84562994;-43,09841211;SPRF-RJ;DEL02-RJ;UOP02-DEL02-RJ
623934;27/08/2024;terça-feira;08:15:00;MA;10;273,8;IMPERATRIZ;Condutor deixou de manter distância do veículo da frente;Colisão lateral sentido oposto;Sem Vítimas;Pleno dia;Crescente;Céu Claro;Simples;"Declive;Reta";Não;3;0;0;0;3;0;0;3;-5,347485;-47,485489;SPRF-MA;DEL04-MA;UOP01-DEL04-MA
623935;19/08/2024;segunda-feira;06:48:00;PR;376;4,3;APUCARANA;Manobra de mudança de faixa;Colisão lateral mesmo sentido;Com Vítimas Feridas;Amanhecer;Crescente;Céu Claro;Dupla;"Interseção de Vias;Reta";Sim;2;0;1;0;1;0;1;2;-23,55357629;-51,44632459;SPRF-PR;DEL07-PR;UOP03-DEL07-PR
623936;27/08/2024;terça-feira;08:50:00;ES;101;139,6;LINHARES;Reação tardia ou ineficiente do condutor;Queda de ocupante de veículo;Com Vítimas Feridas;Pleno dia;Decrescente;Nublado;Dupla;Reta;Sim;1;0;1;0;0;0;1;1;-19,3101728;-40,0799666;SPRF-ES;DEL04-ES;UOP01-DEL04-ES
623941;27/08/2024;terça-feira;09:15:00;PR;116;117,3;CURITIBA;Reação tardia ou ineficiente do condutor;Colisão traseira;Com Vítimas Feridas;Pleno dia;Decrescente;Céu Claro;Dupla;"Reta;Aclive";Sim;4;0;1;0;3;0;1;2;-25,56018408;-49,30743456;SPRF-PR;DEL01-PR;UOP03-DEL01-PR
623943;31/07/2024;quarta-feira;21:20:00;PE;101;99;CABO DE SANTO AGOSTINHO;Animais na Pista;Atropelamento de Animal;Com Vítimas Feridas;Plena Noite;Decrescente;Céu Claro;Dupla;Reta;Não;1;0;1;0;0;0;1;1;-8,26025316;-35,04629883;SPRF-PE;DEL01-PE;UOP03-DEL01-PE
623945;27/08/2024;terça-feira;08:28:00;PI;343;347;TERESINA;Reação tardia ou ineficiente do condutor;Colisão traseira;Com Vítimas Feridas;Pleno dia;Decrescente;Céu Claro;Simples;"Reta;Ponte";Sim;6;0;1;0;5;0;1;5;-5,114822;-42,778355;SPRF-PI;DEL01-PI;UOP01-DEL01-PI
623946;27/08/2024;terça-feira;10:10:00;RS;116;264;CANOAS;Acessar a via sem observar a presença dos outros veículos;Colisão traseira;Com Vítimas Feridas;Pleno dia;Crescente;Céu Claro;Múltipla;Reta;Sim;3;0;1;0;2;0;1;2;-29,914435;-51,17754495;SPRF-RS;DEL01-RS;UOP01-DEL01-RS
623948;27/08/2024;terça-feira;10:00:00;MS;163;263;DOURADOS;Acessar a via sem observar a presença dos outros veículos;Colisão lateral mesmo sentido;Com Vítimas Feridas;Pleno dia;Crescente;Céu Claro;Dupla;Rotatória;Sim;2;0;1;0;1;0;1;2;-22,2316424;-54,7478208;SPRF-MS;DEL04-MS;UOP01-DEL04-MS
623949;27/08/2024;terça-feira;10:45:00;CE;116;23;AQUIRAZ;Acessar a via sem observar a presença dos outros veículos;Colisão transversal;Com Vítimas Feridas;Pleno dia;Decrescente;Céu Claro;Dupla;"Retorno Regulamentado;Reta";Sim;2;0;1;0;1;0;1;2;-3,95427725;-38,51241942;SPRF-CE;DEL01-CE;UOP02-DEL01-CE
623950;27/08/2024;terça-feira;11:15:00;GO;153;496;GOIANIA;Manobra de mudança de faixa;Colisão traseira;Com Vítimas Feridas;Pleno dia;Crescente;Céu Claro;Dupla;Reta;Sim;2;0;0;1;1;0;1;2;-16,6776;-49,2314;SPRF-GO;DEL01-GO;UOP01-DEL01-GO
623952;25/08/2024;domingo;17:30:00;BA;367;27;PORTO SEGURO;Conversão proibida;Colisão transversal;Sem Vítimas;Anoitecer;Decrescente;Céu Claro;Simples;Curva;Sim;2;0;0;0;2;0;0;2;-16,4238769;-39,10203391;SPRF-BA;DEL09-BA;UOP03-DEL09-BA
623953;27/08/2024;terça-feira;12:40:00;MG;40;549;NOVA LIMA;Reação tardia ou ineficiente do condutor;Colisão lateral mesmo sentido;Com Vítimas Feridas;Pleno dia;Decrescente;Céu Claro;Dupla;"Declive;Reta";Sim;2;0;1;0;1;0;1;2;-20,03972326;-43,96703232;SPRF-MG;DEL01-MG;UOP02-DEL01-MG
623955;27/08/2024;terça-feira;08:25:00;RO;364;346,3;JI-PARANA;Reação tardia ou ineficiente do condutor;Colisão traseira;Com Vítimas Feridas;Pleno dia;Decrescente;Nublado;Simples;"Reta;Aclive";Sim;2;0;1;0;1;0;1;2;-10,865874;-61,968647;SPRF-RO;DEL02-RO;UOP01-DEL02-RO
623958;27/08/2024;terça-feira;11:00:00;MG;40;598,1;OURO PRETO;Ultrapassagem Indevida;Colisão lateral mesmo sentido;Com Vítimas Feridas;Pleno dia;Crescente;Céu Claro;Simples;Reta;Não;4;0;2;0;1;1;2;3;-20,42150862;-43,8800127;SPRF-MG;DEL05-MG;UOP02-DEL05-MG
623959;27/08/2024;terça-feira;11:50:00;SC;280;128;RIO NEGRINHO;Condutor deixou de manter distância do veículo da frente;Colisão lateral mesmo sentido;Com Vítimas Feridas;Pleno dia;Crescente;Céu Claro;Simples;Em Obras;Não;2;0;1;0;1;0;1;2;-26,24317941;-49,51320018;SPRF-SC;DEL06-SC;UOP03-DEL06-SC
623960;27/08/2024;terça-feira;10:17:00;PI;343;305;ALTOS;Acessar a via sem observar a presença dos outros veículos;Colisão lateral sentido oposto;Com Vítimas Feridas;Pleno dia;Decrescente;Céu Claro;Simples;Reta;Sim;3;0;1;1;0;1;2;2;-5,03444;-42,443382;SPRF-PI;DEL01-PI;UOP01-DEL01-PI
623961;01/08/2024;quinta-feira;10:20:00;GO;60;386;RIO VERDE;Demais falhas mecânicas ou elétricas;Incêndio;Sem Vítimas;Pleno dia;Crescente;Céu Claro;Múltipla;"Aclive;Viaduto";Sim;1;0;0;0;1;0;0;1;-17,8029;-50,9205;SPRF-GO;DEL04-GO;UOP02-DEL04-GO
623963;24/08/2024;sábado;03:00:00;RO;364;434;JARU;Ausência de reação do condutor;Saída de leito carroçável;Com Vítimas Feridas;Plena Noite;Crescente;Ignorado;Simples;"Declive;Curva";Não;1;0;0;1;0;0;1;1;-10,386201;-62,545361;SPRF-RO;DEL03-RO;UOP02-DEL03-RO
623964;27/08/2024;terça-feira;13:00:00;CE;222;253,9;SOBRAL;Ausência de reação do condutor;Saída de leito carroçável;Com Vítimas Fatais;Pleno dia;Decrescente;Céu Claro;Simples;Reta;Não;1;1;0;0;0;0;0;1;-3,75413988;-40,58599699;SPRF-CE;DEL04-CE;UOP02-DEL04-CE
623966;27/08/2024;terça-feira;14:50:00;MG;40;810;MATIAS BARBOSA;Condutor deixou de manter distância do veículo da frente;Colisão traseira;Com Vítimas Feridas;Pleno dia;Crescente;Nublado;Dupla;"Reta;Declive";Não;2;0;1;0;1;0;1;2;-21,875084;-43,339466;SPRF-MG;DEL05-MG;UOP01-DEL05-MG
623968;27/08/2024;terça-feira;12:50:00;BA;110;222,5;NOVA SOURE;Ingestão de álcool pelo condutor;Colisão transversal;Com Vítimas Feridas;Pleno dia;Decrescente;Céu Claro;Simples;Reta;Não;2;0;0;1;1;0;1;2;-11,259662;-38,457997;SPRF-BA;DEL07-BA;UOP02-DEL07-BA
623971;27/08/2024;terça-feira;15:00:00;PR;476;147,7;ARAUCARIA;Velocidade Incompatível;Colisão lateral sentido oposto;Sem Vítimas;Pleno dia;Crescente;Sol;Múltipla;"Reta;Aclive";Sim;2;0;0;0;1;1;0;2;-25,5492087;-49,338192;SPRF-PR;DEL01-PR;UOP06-DEL01-PR
623974;27/08/2024;terça-feira;15:00:00;RJ;101;533;ANGRA DOS REIS;Acessar a via sem observar a presença dos outros veículos;Colisão transversal;Com Vítimas Feridas;Pleno dia;Decrescente;Céu Claro;Simples;Reta;Não;2;0;1;0;1;0;1;2;-23,02405776;-44,53703641;SPRF-RJ;DEL03-RJ;UOP03-DEL03-RJ
623975;27/08/2024;terça-feira;15:14:00;RS;290;107;ELDORADO DO SUL;Reação tardia ou ineficiente do condutor;Colisão traseira;Com Vítimas Feridas;Pleno dia;Decrescente;Sol;Dupla;Curva;Sim;2;0;1;0;1;0;1;2;-30,001852;-51,304264;SPRF-RS;DEL02-RS;UOP01-DEL02-RS
623976;27/08/2024;terça-feira;15:25:00;RS;448;3;ESTEIO;Ausência de reação do condutor;Colisão traseira;Com Vítimas Feridas;Pleno dia;Crescente;Céu Claro;Dupla;Curva;Não;3;0;0;1;2;0;1;2;-29,846483;-51,206802;SPRF-RS;DEL01-RS;UOP02-DEL01-RS
623978;27/08/2024;terça-feira;12:15:00;RS;116;266;CANOAS;Condutor desrespeitou a iluminação vermelha do semáforo;Colisão transversal;Sem Vítimas;Pleno dia;Decrescente;Céu Claro;Simples;Reta;Sim;2;0;0;0;2;0;0;2;-29,93242399;-51,17742077;SPRF-RS;DEL01-RS;UOP01-DEL01-RS
623980;27/08/2024;terça-feira;15:40:00;BA;324;616;SALVADOR;Acessar a via sem observar a presença dos outros veículos;Colisão traseira;Com Vítimas Feridas;Pleno dia;Crescente;Céu Claro;Dupla;"Reta;Aclive";Sim;2;0;1;0;1;0;1;2;-12,87957905;-38,43213893;SPRF-BA;DEL01-BA;UOP01-DEL01-BA
623981;27/08/2024;terça-feira;15:30:00;SP;381;51;ATIBAIA;Reação tardia ou ineficiente do condutor;Colisão traseira;Com Vítimas Feridas;Pleno dia;Crescente;Céu Claro;Dupla;Reta;Não;2;0;1;0;0;1;1;2;-23,221911;-46,59644;SPRF-SP;DEL03-SP;UOP01-DEL03-SP
623982;27/08/2024;terça-feira;13:19:00;MT;174;1;PONTES E LACERDA;Acessar a via sem observar a presença dos outros veículos;Colisão transversal;Com Vítimas Feridas;Pleno dia;Crescente;Céu Claro;Simples;Reta;Sim;2;0;1;0;1;0;1;2;-15,226537;-59,335728;SPRF-MT;DEL04-MT;UOP01-DEL04-MT
623983;27/08/2024;terça-feira;15:45:00;SC;282;23,3;SANTO AMARO DA IMPERATRIZ;Entrada inopinada do pedestre;Queda de ocupante de veículo;Com Vítimas Feridas;Pleno dia;Crescente;Céu Claro;Simples;Reta;Sim;1;0;1;0;0;0;1;1;-27,687958;-48,736794;SPRF-SC;DEL01-SC;UOP02-DEL01-SC
623984;27/08/2024;terça-feira;15:30:00;PR;369;161;CAMBE;Ausência de reação do condutor;Colisão traseira;Com Vítimas Feridas;Pleno dia;Decrescente;Céu Claro;Dupla;"Reta;Aclive";Sim;2;0;1;0;1;0;1;2;-23,2896199;-51,26289904;SPRF-PR;DEL07-PR;UOP01-DEL07-PR
623985;27/08/2024;terça-feira;16:00:00;RJ;116;174;SAO JOAO DE MERITI;Ausência de reação do condutor;Colisão traseira;Com Vítimas Feridas;Pleno dia;Decrescente;Céu Claro;Dupla;Reta;Sim;2;0;0;1;1;0;1;2;-22,79423806;-43,36403759;SPRF-RJ;DEL06-RJ;UOP01-DEL06-RJ