id;data_inversa;dia_semana;horario;uf;br;km;municipio;causa_acidente;tipo_acidente;classificacao_acidente;fase_dia;sentido_via;condicao_metereologica;tipo_pista;tracado_via;uso_solo;pessoas;mortos;feridos_leves;feridos_graves;ilesos;ignorados;feridos;veiculos;latitude;longitude;regional;delegacia;uop
623987;21/06/2024;sexta-feira;14:05:00;PE;101;189;PALMARES;Acessar a via sem observar a presença dos outros veículos;Colisão lateral mesmo sentido;Com Vítimas Feridas;Pleno dia;Crescente;Garoa/Chuvisco;Dupla;Curva;Sim;2;0;1;0;1;0;1;2;-8,69036647;-35,60430503;SPRF-PE;DEL01-PE;UOP03-DEL01-PE
623988;27/08/2024;terça-feira;14:00:00;PR;116;12;CAMPINA GRANDE DO SUL;Velocidade Incompatível;Colisão traseira;Com Vítimas Feridas;Pleno dia;Decrescente;Céu Claro;Dupla;Curva;Não;3;0;1;0;1;1;1;2;-25,09706813;-48,65517895;SPRF-PR;DEL01-PR;UOP02-DEL01-PR
623989;27/08/2024;terça-feira;15:45:00;PR;277;581,9;CASCAVEL;Manobra de mudança de faixa;Colisão lateral mesmo sentido;Com Vítimas Feridas;Pleno dia;Decrescente;Céu Claro;Dupla;"Declive;Reta";Sim;2;0;1;0;1;0;1;2;-24,9770857;-53,3861226;SPRF-PR;DEL04-PR;UOP01-DEL04-PR
623991;23/06/2024;domingo;17:23:00;SC;282;32;SANTO AMARO DA IMPERATRIZ;Conversão proibida;Colisão traseira;Com Vítimas Feridas;Anoitecer;Decrescente;Céu Claro;Simples;Reta;Sim;7;0;1;1;5;0;2;3;-27,70116;-48,800175;SPRF-SC;DEL01-SC;UOP03-DEL01-SC
623994;27/08/2024;terça-feira;16:40:00;SC;282;17;PALHOCA;Reação tardia ou ineficiente do condutor;Tombamento;Com Vítimas Feridas;Pleno dia;Crescente;Céu Claro;Simples;Reta;Sim;1;0;1;0;0;0;1;1;-27,665707;-48,688065;SPRF-SC;DEL01-SC;UOP02-DEL01-SC
623995;27/08/2024;terça-feira;17:00:00;PE;101;69;RECIFE;Mal súbito do condutor;Colisão com objeto;Com Vítimas Feridas;Pleno dia;Decrescente;Chuva;Dupla;Reta;Sim;1;0;0;1;0;0;1;1;-8,05951606;-34,94581024;SPRF-PE;DEL01-PE;UOP01-DEL01-PE
623996;27/08/2024;terça-feira;16:40:00;SP;381;21;BRAGANCA PAULISTA;Reação tardia ou ineficiente do condutor;Colisão com objeto;Com Vítimas Feridas;Pleno dia;Decrescente;Céu Claro;Dupla;"Declive;Curva";Não;1;0;0;1;0;0;1;1;-22,98736391;-46,50629476;SPRF-SP;DEL03-SP;UOP02-DEL03-SP
623998;27/08/2024;terça-feira;17:00:00;SP;116;227;SAO PAULO;Condutor deixou de manter distância do veículo da frente;Colisão traseira;Com Vítimas Feridas;Pleno dia;Crescente;Nublado;Múltipla;Reta;Sim;2;0;1;0;1;0;1;2;-23,49659264;-46,55648754;SPRF-SP;DEL01-SP;UOP01-DEL01-SP
623999;27/08/2024;terça-feira;14:20:00;PI;222;73,3;PIRIPIRI;Manobra de mudança de faixa;Colisão traseira;Com Vítimas Feridas;Pleno dia;Decrescente;Céu Claro;Simples;Reta;Sim;3;0;2;0;1;0;2;2;-4,25889335;-41,75202806;SPRF-PI;DEL02-PI;UOP01-DEL02-PI
624000;27/08/2024;terça-feira;17:00:00;SP;116;99;PINDAMONHANGABA;Ausência de reação do condutor;Colisão traseira;Com Vítimas Feridas;Pleno dia;Crescente;Céu Claro;Simples;"Declive;Reta";Não;2;0;0;1;1;0;1;2;-22,98236971;-45,46436617;SPRF-SP;DEL08-SP;UOP01-DEL08-SP
624002;27/08/2024;terça-feira;14:25:00;RO;364;12;VILHENA;Condutor deixou de manter distância do veículo da frente;Colisão traseira;Com Vítimas Feridas;Pleno dia;Decrescente;Céu Claro;Dupla;Reta;Sim;2;0;1;0;1;0;1;2;-12,74370233;-60,12147609;SPRF-RO;DEL04-RO;UOP01-DEL04-RO
624003;27/08/2024;terça-feira;17:40:00;RN;406;164,4;SAO GONCALO DO AMARANTE;Acessar a via sem observar a presença dos outros veículos;Colisão transversal;Com Vítimas Feridas;Anoitecer;Decrescente;Nublado;Simples;Reta;Não;2;0;1;0;1;0;1;2;-5,74151635;-35,34561396;SPRF-RN;DEL02-RN;UOP01-DEL02-RN
624004;27/08/2024;terça-feira;11:50:00;RR;174;551,2;BOA VISTA;Acumulo de água sobre o pavimento;Saída de leito carroçável;Com Vítimas Fatais;Pleno dia;Decrescente;Chuva;Simples;Reta;Não;5;1;3;1;0;0;4;1;3,200219;-60,835611;SPRF-RR;DEL01-RR;UOP01-DEL01-RR
624005;27/08/2024;terça-feira;17:44:00;RN;226;6;NATAL;Ausência de reação do condutor;Colisão traseira;Com Vítimas Feridas;Plena Noite;Crescente;Céu Claro;Simples;Reta;Não;2;0;1;0;1;0;1;2;-5,82099198;-35,27688801;SPRF-RN;DEL01-RN;UOP02-DEL01-RN
624006;27/08/2024;terça-feira;16:30:00;PB;230;240;JUAZEIRINHO;Ingestão de álcool pelo condutor;Colisão frontal;Com Vítimas Feridas;Pleno dia;Decrescente;Nublado;Simples;Reta;Sim;2;0;0;1;0;1;1;2;-7,0634;-36,563;SPRF-PB;DEL02-PB;UOP02-DEL02-PB
624008;27/08/2024;terça-feira;17:55:00;BA;116;24;VITORIA DA CONQUISTA;Acumulo de areia ou detritos sobre o pavimento;Queda de ocupante de veículo;Com Vítimas Feridas;Anoitecer;Decrescente;Nevoeiro/Neblina;Dupla;Retorno Regulamentado;Não;1;0;1;0;0;0;1;1;-14,861189;-40,79896;SPRF-BA;DEL08-BA;UOP01-DEL08-BA
624010;27/08/2024;terça-feira;18:00:00;RS;116;257,5;ESTEIO;Acessar a via sem observar a presença dos outros veículos;Colisão transversal;Sem Vítimas;Anoitecer;Crescente;Céu Claro;Dupla;Reta;Sim;2;0;0;0;2;0;0;2;-29,85262195;-51,17968329;SPRF-RS;DEL01-RS;UOP02-DEL01-RS
624011;27/08/2024;terça-feira;17:20:00;SC;101;4,9;ARARANGUA;Conversão proibida;Colisão transversal;Com Vítimas Feridas;Pleno dia;Decrescente;Céu Claro;Simples;Interseção de Vias;Sim;2;0;1;0;1;0;1;2;-28,95849284;-49,51413631;SPRF-SC;DEL02-SC;UOP02-DEL02-SC
624013;24/08/2024;sábado;13:20:00;PR;369;150;LONDRINA;Chuva;Capotamento;Sem Vítimas;Pleno dia;Crescente;Chuva;Dupla;Reta;Sim;1;0;0;0;0;1;0;1;-23,29275363;-51,16214454;SPRF-PR;DEL07-PR;UOP01-DEL07-PR
624014;27/08/2024;terça-feira;18:13:00;ES;101;257;SERRA;Acessar a via sem observar a presença dos outros veículos;Colisão transversal;Com Vítimas Fatais;Plena Noite;Decrescente;Céu Claro;Dupla;Reta;Sim;2;1;0;1;0;0;1;2;-20,12455095;-40,30331881;SPRF-ES;DEL02-ES;UOP01-DEL02-ES
624015;11/08/2024;domingo;22:59:00;DF;70;17;BRASILIA;Manobra de mudança de faixa;Colisão lateral mesmo sentido;Com Vítimas Feridas;Plena Noite;Crescente;Céu Claro;Dupla;Reta;Sim;3;0;2;0;1;0;2;2;-15,794133;-48,202095;SPRF-DF;DEL03-DF;UOP02-DEL03-DF
624016;27/08/2024;terça-feira;18:45:00;RS;290;720;URUGUAIANA;Acessar a via sem observar a presença dos outros veículos;Colisão transversal;Com Vítimas Feridas;Plena Noite;Decrescente;Céu Claro;Simples;"Reta;Aclive";Não;2;0;2;0;0;0;2;2;-29,7686373;-57,05812812;SPRF-RS;DEL13-RS;UOP01-DEL13-RS
624019;27/08/2024;terça-feira;18:20:00;SP;116;283;ITAPECERICA DA SERRA;Trafegar com motocicleta (ou similar) entre as faixas;Colisão lateral mesmo sentido;Com Vítimas Feridas;Plena Noite;Decrescente;Céu Claro;Múltipla;Reta;Não;2;0;1;0;1;0;1;2;-23,69297005;-46,86352786;SPRF-SP;DEL04-SP;UOP01-DEL04-SP
624022;27/08/2024;terça-feira;18:40:00;MG;381;482,1;BETIM;Avarias e/ou desgaste excessivo no pneu;Tombamento;Com Vítimas Feridas;Plena Noite;Crescente;Céu Claro;Múltipla;"Reta;Aclive";Sim;2;0;2;0;0;0;2;1;-19,955532;-44,097209;SPRF-MG;DEL01-MG;UOP03-DEL01-MG
624023;27/08/2024;terça-feira;19:30:00;SP;116;225;GUARULHOS;Ausência de reação do condutor;Tombamento;Com Vítimas Feridas;Plena Noite;Decrescente;Céu Claro;Múltipla;Reta;Sim;1;0;1;0;0;0;1;1;-23,48586772;-46,54075317;SPRF-SP;DEL01-SP;UOP01-DEL01-SP
624024;27/08/2024;terça-feira;18:00:00;SC;280;129;RIO NEGRINHO;Condutor deixou de manter distância do veículo da frente;Colisão lateral mesmo sentido;Com Vítimas Feridas;Anoitecer;Crescente;Céu Claro;Simples;"Reta;Interseção de Vias";Não;2;0;1;0;0;1;1;2;-26,24586437;-49,52284615;SPRF-SC;DEL06-SC;UOP03-DEL06-SC
624025;27/08/2024;terça-feira;19:41:00;RJ;116;142;DUQUE DE CAXIAS;Pedestre andava na pista;Atropelamento de Pedestre;Sem Vítimas;Plena Noite;Crescente;Céu Claro;Dupla;Reta;Sim;2;0;0;0;2;0;0;2;-22,64876087;-43,23031638;SPRF-RJ;DEL01-RJ;UOP02-DEL01-RJ
624026;27/08/2024;terça-feira;16:30:00;BA;242;583;IBOTIRAMA;Acessar a via sem observar a presença dos outros veículos;Colisão lateral mesmo sentido;Com Vítimas Feridas;Pleno dia;Crescente;Céu Claro;Simples;Reta;Sim;2;0;1;0;1;0;1;2;-12,05070798;-43,08648766;SPRF-BA;DEL06-BA;UOP03-DEL06-BA
624027;27/08/2024;terça-feira;19:00:00;RS;392;7;RIO GRANDE;Acessar a via sem observar a presença dos outros veículos;Colisão transversal;Com Vítimas Feridas;Plena Noite;Decrescente;Nevoeiro/Neblina;Simples;"Reta;Interseção de Vias";Sim;2;0;1;0;1;0;1;2;-32,093615;-52,108877;SPRF-RS;DEL07-RS;UOP02-DEL07-RS
624031;27/08/2024;terça-feira;18:00:00;SP;381;4;VARGEM;Ausência de reação do condutor;Capotamento;Com Vítimas Feridas;Plena Noite;Crescente;Céu Claro;Dupla;Curva;Sim;1;0;1;0;0;0;1;1;-22,8826217;-46,40779515;SPRF-SP;DEL03-SP;UOP02-DEL03-SP
624032;27/08/2024;terça-feira;20:00:00;PR;277;17;PARANAGUA;Conversão proibida;Colisão transversal;Sem Vítimas;Plena Noite;Crescente;Céu Claro;Dupla;"Reta;Retorno Regulamentado";Não;2;0;0;0;1;1;0;2;-25,56380488;-48,63457397;SPRF-PR;DEL01-PR;UOP05-DEL01-PR
624033;27/08/2024;terça-feira;19:30:00;SP;116;477,3;JACUPIRANGA;Entrada inopinada do pedestre;Atropelamento de Pedestre;Com Vítimas Fatais;Plena Noite;Crescente;Céu Claro;Dupla;Reta;Não;4;1;0;1;1;1;1;2;-24,69842695;-48,00304804;SPRF-SP;DEL05-SP;UOP01-DEL05-SP
624035;27/08/2024;terça-feira;19:20:00;GO;153;435,6;ANAPOLIS;Animais na Pista;Queda de ocupante de veículo;Com Vítimas Feridas;Plena Noite;Crescente;Céu Claro;Dupla;"Reta;Declive";Sim;3;0;1;0;2;0;1;3;-16,29265436;-48,93419266;SPRF-GO;DEL02-GO;UOP01-DEL02-GO
624037;27/08/2024;terça-feira;16:45:00;MG;153;237,6;FRONTEIRA;Afundamento ou ondulação no pavimento;Tombamento;Com Vítimas Feridas;Pleno dia;Crescente;Céu Claro;Simples;Reta;Não;1;0;1;0;0;0;1;1;-20,28330203;-49,19598196;SPRF-MG;DEL13-MG;UOP02-DEL13-MG
624038;27/08/2024;terça-feira;19:00:00;MG;40;41,5;PARACATU;Acessar a via sem observar a presença dos outros veículos;Colisão transversal;Com Vítimas Feridas;Plena Noite;Crescente;Céu Claro;Simples;"Reta;Rotatória;Aclive";Sim;2;0;1;0;1;0;1;2;-17,21271307;-46,87295209;SPRF-MG;DEL14-MG;UOP01-DEL14-MG
624040;27/08/2024;terça-feira;19:00:00;MS;262;328;CAMPO GRANDE;Ultrapassagem Indevida;Colisão frontal;Com Vítimas Feridas;Plena Noite;Crescente;Céu Claro;Dupla;Reta;Não;2;0;0;2;0;0;2;2;-20,46452794;-54,55291421;SPRF-MS;DEL01-MS;UOP01-DEL01-MS
624041;27/08/2024;terça-feira;19:47:00;DF;20;6;BRASILIA;Acessar a via sem observar a presença dos outros veículos;Colisão lateral mesmo sentido;Com Vítimas Feridas;Plena Noite;Crescente;Céu Claro;Dupla;Reta;Sim;3;0;0;2;1;0;2;2;-15,6629782;-47,80236125;SPRF-DF;DEL02-DF;UOP01-DEL02-DF
624042;27/08/2024;terça-feira;20:00:00;SC;280;2,9;SAO FRANCISCO DO SUL;Acessar a via sem observar a presença dos outros veículos;Atropelamento de Pedestre;Com Vítimas Feridas;Plena Noite;Crescente;Céu Claro;Simples;Reta;Sim;2;0;0;1;1;0;1;2;-26,23700996;-48,61979093;SPRF-SC;DEL03-SC;UOP03-DEL03-SC
624043;27/08/2024;terça-feira;20:20:00;BA;242;803;BARREIRAS;Ausência de reação do condutor;Saída de leito carroçável;Sem Vítimas;Plena Noite;Crescente;Céu Claro;Simples;Reta;Sim;1;0;0;0;1;0;0;1;-12,14283494;-44,892718;SPRF-BA;DEL10-BA;UOP01-DEL10-BA
624044;27/08/2024;terça-feira;20:40:00;MG;365;754;ITUIUTABA;Reação tardia ou ineficiente do condutor;Colisão com objeto;Sem Vítimas;Plena Noite;Crescente;Céu Claro;Dupla;Retorno Regulamentado;Sim;2;0;0;0;2;0;0;1;-18,947495;-49,45934;SPRF-MG;DEL15-MG;UOP03-DEL15-MG
624047;27/08/2024;terça-feira;19:40:00;SP;116;142;SAO JOSE DOS CAMPOS;Reação tardia ou ineficiente do condutor;Queda de ocupante de veículo;Com Vítimas Feridas;Plena Noite;Decrescente;Céu Claro;Dupla;Reta;Sim;1;0;1;0;0;0;1;1;-23,17426078;-45,82940111;SPRF-SP;DEL02-SP;UOP01-DEL02-SP
624048;27/08/2024;terça-feira;19:10:00;MG;116;568,8;MANHUACU;Ausência de reação do condutor;Saída de leito carroçável;Com Vítimas Feridas;Plena Noite;Crescente;Céu Claro;Simples;Curva;Não;2;0;1;0;1;0;1;1;-20,09212798;-42,18087171;SPRF-MG;DEL06-MG;UOP03-DEL06-MG
624049;27/08/2024;terça-feira;20:20:00;SC;101;37;PALHOCA;Condutor Dormindo;Colisão com objeto;Com Vítimas Feridas;Plena Noite;Decrescente;Céu Claro;Dupla;"Túnel;Curva";Não;1;0;0;1;0;0;1;1;-27,6427;-48,6695;SPRF-SC;DEL01-SC;UOP02-DEL01-SC
624050;27/08/2024;terça-feira;21:00:00;SP;116;211;GUARULHOS;Reação tardia ou ineficiente do condutor;Colisão traseira;Com Vítimas Feridas;Plena Noite;Decrescente;Nublado;Múltipla;"Aclive;Reta";Sim;2;0;1;0;1;0;1;2;-23,4324306;-46,4194352;SPRF-SP;DEL01-SP;UOP01-DEL01-SP
624052;27/08/2024;terça-feira;21:35:00;ES;101;257,3;SERRA;Retorno proibido;Colisão transversal;Com Vítimas Feridas;Pleno dia;Decrescente;Nublado;Múltipla;Reta;Sim;2;0;0;1;1;0;1;2;-20,12455095;-40,30331881;SPRF-ES;DEL02-ES;UOP01-DEL02-ES
624053;27/08/2024;terça-feira;18:50:00;AC;364;137;RIO BRANCO;Demais falhas mecânicas ou elétricas;Incêndio;Sem Vítimas;Plena Noite;Decrescente;Céu Claro;Dupla;Rotatória;Sim;2;0;0;0;2;0;0;1;-9,96919492;-67,85307125;SPRF-AC;DEL01-AC;UOP01-DEL01-AC
624054;27/08/2024;terça-feira;21:10:00;PR;369;202;APUCARANA;Acessar a via sem observar a presença dos outros veículos;Colisão transversal;Com Vítimas Feridas;Plena Noite;Decrescente;Céu Claro;Múltipla;"Interseção de Vias;Reta";Sim;2;0;0;1;1;0;1;2;-23,54353039;-51,45461798;SPRF-PR;DEL07-PR;UOP03-DEL07-PR
624055;27/08/2024;terça-feira;21:00:00;SC;101;119;ITAJAI;Reação tardia ou ineficiente do condutor;Tombamento;Com Vítimas Feridas;Plena Noite;Crescente;Céu Claro;Dupla;Reta;Sim;1;0;1;0;0;0;1;1;-26,9043179;-48,71555481;SPRF-SC;DEL04-SC;UOP04-DEL04-SC
624057;16/04/2024;terça-feira;14:40:00;RJ;101;385;RIO DE JANEIRO;Reação tardia ou ineficiente do condutor;Colisão lateral mesmo sentido;Sem Vítimas;Pleno dia;Decrescente;Céu Claro;Múltipla;Reta;Sim;5;0;0;0;5;0;0;2;-22,88064129;-43,63218994;SPRF-RJ;DEL03-RJ;UOP01-DEL03-RJ
624058;27/08/2024;terça-feira;21:50:00;PB;101;89;JOAO PESSOA;Mal súbito do condutor;Tombamento;Com Vítimas Feridas;Plena Noite;Crescente;Céu Claro;Dupla;"Declive;Reta";Sim;1;0;0;1;0;0;1;1;-7,1710694;-34,89765372;SPRF-PB;DEL01-PB;UOP02-DEL01-PB
624060;27/08/2024;terça-feira;19:57:00;AP;210;71,9;PORTO GRANDE;Pista Escorregadia;Saída de leito carroçável;Sem Vítimas;Plena Noite;Crescente;Chuva;Simples;Curva;Não;1;0;0;0;0;1;0;1;0,56459771;-51,1500483;SPRF-AP;DEL01-AP;UOP01-DEL01-AP
624061;27/08/2024;terça-feira;18:10:00;SC;282;246,1;LAGES;Acessar a via sem observar a presença dos outros veículos;Colisão transversal;Com Vítimas Feridas;Anoitecer;Decrescente;Céu Claro;Simples;Reta;Sim;2;0;1;0;1;0;1;2;-27,727213;-50,529724;SPRF-SC;DEL05-SC;UOP02-DEL05-SC
624063;27/08/2024;terça-feira;22:40:00;SP;116;158;SAO JOSE DOS CAMPOS;Manobra de mudança de faixa;Capotamento;Com Vítimas Feridas;Plena Noite;Crescente;Nublado;Dupla;Reta;Sim;1;0;1;0;0;0;1;1;-23,26072137;-45,95179176;SPRF-SP;DEL02-SP;UOP01-DEL02-SP
624064;27/08/2024;terça-feira;23:50:00;PR;116;55,5;CAMPINA GRANDE DO SUL;Condutor Dormindo;Saída de leito carroçável;Sem Vítimas;Plena Noite;Crescente;Céu Claro;Dupla;Reta;Não;2;0;0;0;2;0;0;1;-25,27333381;-48,92168126;SPRF-PR;DEL01-PR;UOP02-DEL01-PR
624066;27/08/2024;terça-feira;21:30:00;GO;40;3,4;VALPARAISO DE GOIAS;Reação tardia ou ineficiente do condutor;Colisão traseira;Com Vítimas Feridas;Plena Noite;Crescente;Céu Claro;Dupla;Reta;Sim;3;0;2;0;1;0;2;2;-16,076081;-47,985671;SPRF-DF;DEL01-DF;UOP01-DEL01-DF
624068;27/08/2024;terça-feira;23:25:00;MS;163;242;DOURADOS;Reação tardia ou ineficiente do condutor;Saída de leito carroçável;Com Vítimas Feridas;Plena Noite;Decrescente;Céu Claro;Simples;Reta;Não;2;0;2;0;0;0;2;1;-22,37336293;-54,79537285;SPRF-MS;DEL04-MS;UOP02-DEL04-MS
624069;27/08/2024;terça-feira;23:00:00;RJ;101;313;SAO GONCALO;Reação tardia ou ineficiente do condutor;Colisão traseira;Sem Vítimas;Plena Noite;Crescente;Céu Claro;Dupla;Reta;Sim;2;0;0;0;2;0;0;2;-22,81049093;-43,06983304;SPRF-RJ;DEL02-RJ;UOP02-DEL02-RJ
624071;27/08/2024;terça-feira;22:00:00;MG;381;195,7;PERIQUITO;Animais na Pista;Atropelamento de Animal;Com Vítimas Fatais;Plena Noite;Decrescente;Céu Claro;Simples;Curva;Não;1;1;0;0;0;0;0;1;-19,13990956;-42,2213803;SPRF-MG;DEL06-MG;UOP01-DEL06-MG
624072;27/08/2024;terça-feira;21:10:00;RJ;101;409;ITAGUAI;Pedestre andava na pista;Atropelamento de Pedestre;Com Vítimas Fatais;Plena Noite;Decrescente;Nublado;Simples;Reta;Sim;2;1;0;0;1;0;0;2;-22,88503992;-43,83250205;SPRF-RJ;DEL03-RJ;UOP01-DEL03-RJ
624073;28/08/2024;quarta-feira;02:00:00;SP;116;145;SAO JOSE DOS CAMPOS;Ausência de reação do condutor;Colisão com objeto;Com Vítimas Feridas;Amanhecer;Decrescente;Céu Claro;Dupla;Reta;Sim;1;0;1;0;0;0;1;1;-23,1869844;-45,8548078;SPRF-SP;DEL02-SP;UOP01-DEL02-SP
624075;28/08/2024;quarta-feira;03:00:00;PE;101;70;RECIFE;Animais na Pista;Atropelamento de Animal;Com Vítimas Feridas;Pleno dia;Decrescente;Céu Claro;Dupla;Reta;Sim;1;0;1;0;0;0;1;1;-8,06776119;-34,94265074;SPRF-PE;DEL01-PE;UOP01-DEL01-PE
624078;28/08/2024;quarta-feira;05:10:00;SP;153;111;JOSE BONIFACIO;Reação tardia ou ineficiente do condutor;Colisão traseira;Com Vítimas Feridas;Plena Noite;Crescente;Céu Claro;Simples;Reta;Não;2;0;2;0;0;0;2;2;-21,0966259;-49,67870622;SPRF-SP;DEL09-SP;UOP01-DEL09-SP
624079;28/08/2024;quarta-feira;05:30:00;TO;242;299,9;PEIXE;Demais falhas mecânicas ou elétricas;Capotamento;Com Vítimas Feridas;Amanhecer;Crescente;Céu Claro;Simples;Reta;Não;1;0;1;0;0;0;1;1;-12,13130301;-48,53445198;SPRF-TO;DEL01-TO;UOP02-DEL01-TO
624080;23/08/2024;sexta-feira;07:45:00;DF;40;0,7;BRASILIA;Ausência de reação do condutor;Queda de ocupante de veículo;Com Vítimas Feridas;Pleno dia;Decrescente;Céu Claro;Dupla;Reta;Não;1;0;0;1;0;0;1;1;-15,976897;-47,990129;SPRF-DF;DEL01-DF;UOP01-DEL01-DF
624081;28/08/2024;quarta-feira;06:00:00;MG;381;362;JOAO MONLEVADE;Reação tardia ou ineficiente do condutor;Colisão traseira;Com Vítimas Feridas;Pleno dia;Crescente;Céu Claro;Simples;"Curva;Declive";Não;2;0;1;0;1;0;1;2;-19,85087739;-43,21730733;SPRF-MG;DEL03-MG;UOP01-DEL03-MG
624082;28/08/2024;quarta-feira;06:10:00;SC;101;203,9;SAO JOSE;Acessar a via sem observar a presença dos outros veículos;Colisão transversal;Com Vítimas Feridas;Pleno dia;Decrescente;Nublado;Dupla;"Interseção de Vias;Reta";Sim;2;0;1;0;1;0;1;2;-27,5650044;-48,61460082;SPRF-SC;DEL01-SC;UOP01-DEL01-SC
624083;28/08/2024;quarta-feira;06:15:00;DF;40;1;BRASILIA;Reação tardia ou ineficiente do condutor;Queda de ocupante de veículo;Com Vítimas Fatais;Pleno dia;Decrescente;Céu Claro;Dupla;Reta;Sim;2;1;0;0;0;1;0;2;-15,985532;-47,987747;SPRF-DF;DEL01-DF;UOP01-DEL01-DF
624084;28/08/2024;quarta-feira;05:00:00;RO;364;710;PORTO VELHO;Conversão proibida;Colisão transversal;Com Vítimas Feridas;Plena Noite;Decrescente;Nublado;Múltipla;Reta;Sim;3;0;1;0;2;0;1;2;-8,784831;-63,85990441;SPRF-RO;DEL01-RO;UOP01-DEL01-RO
624085;28/08/2024;quarta-feira;06:30:00;RJ;101;307;SAO GONCALO;Manobra de mudança de faixa;Colisão lateral mesmo sentido;Com Vítimas Feridas;Pleno dia;Decrescente;Sol;Dupla;Reta;Não;3;0;2;0;1;0;2;2;-22,79115777;-43,01514205;SPRF-RJ;DEL02-RJ;UOP02-DEL02-RJ
624086;28/08/2024;quarta-feira;04:00:00;MS;60;543,9;NIOAQUE;Animais na Pista;Atropelamento de Animal;Com Vítimas Feridas;Plena Noite;Crescente;Céu Claro;Simples;Reta;Não;1;0;0;1;0;0;1;1;-21,15678104;-55,84975897;SPRF-MS;DEL05-MS;UOP01-DEL05-MS
624087;24/08/2024;sábado;05:55:00;RN;101;109;PARNAMIRIM;Ausência de reação do condutor;Atropelamento de Pedestre;Com Vítimas Feridas;Pleno dia;Decrescente;Céu Claro;Simples;Reta;Sim;2;0;0;1;0;1;1;2;-5,937378;-35,26483;SPRF-RN;DEL01-RN;UOP01-DEL01-RN
624091;28/08/2024;quarta-feira;07:25:00;GO;60;79;ANAPOLIS;Acessar a via sem observar a presença dos outros veículos;Colisão lateral mesmo sentido;Com Vítimas Feridas;Pleno dia;Crescente;Céu Claro;Dupla;Interseção de Vias;Sim;2;0;1;0;1;0;1;2;-16,30059566;-48,81232023;SPRF-GO;DEL02-GO;UOP01-DEL02-GO
624092;28/08/2024;quarta-feira;06:45:00;PR;116;124;FAZENDA RIO GRANDE;Ultrapassagem Indevida;Colisão lateral mesmo sentido;Com Vítimas Feridas;Pleno dia;Decrescente;Céu Claro;Dupla;Reta;Sim;3;0;1;0;2;0;1;2;-25,625538;-49,314959;SPRF-PR;DEL01-PR;UOP03-DEL01-PR
624093;28/08/2024;quarta-feira;06:30:00;ES;262;35;DOMINGOS MARTINS;Desrespeitar a preferência no cruzamento;Colisão transversal;Com Vítimas Feridas;Amanhecer;Crescente;Céu Claro;Simples;Rotatória;Não;3;0;2;0;1;0;2;3;-20,38038808;-40,63351035;SPRF-ES;DEL01-ES;UOP01-DEL01-ES
624097;28/08/2024;quarta-feira;07:30:00;CE;116;0;FORTALEZA;Ausência de reação do condutor;Colisão lateral mesmo sentido;Com Vítimas Feridas;Pleno dia;Decrescente;Céu Claro;Dupla;Reta;Não;3;0;1;0;2;0;1;3;-3,754584;-38,523407;SPRF-CE;DEL01-CE;UOP02-DEL01-CE
624098;28/08/2024;quarta-feira;07:00:00;ES;101;279;SERRA;Reação tardia ou ineficiente do condutor;Colisão traseira;Com Vítimas Feridas;Pleno dia;Decrescente;Nublado;Dupla;Reta;Não;2;0;0;1;1;0;1;2;-20,218122;-40,339325;SPRF-ES;DEL02-ES;UOP01-DEL02-ES
624099;28/08/2024;quarta-feira;07:10:00;MG;381;479,2;CONTAGEM;Avarias e/ou desgaste excessivo no pneu;Tombamento;Com Vítimas Feridas;Amanhecer;Crescente;Céu Claro;Dupla;Reta;Sim;1;0;0;1;0;0;1;1;-19,963261;-44,041992;SPRF-MG;DEL01-MG;UOP03-DEL01-MG
624101;28/08/2024;quarta-feira;07:05:00;RN;304;37,2;MOSSORO;Ausência de reação do condutor;Colisão traseira;Com Vítimas Feridas;Pleno dia;Crescente;Céu Claro;Dupla;Reta;Sim;2;0;1;0;1;0;1;2;-5,17455933;-37,36227171;SPRF-RN;DEL04-RN;UOP02-DEL04-RN
624103;28/08/2024;quarta-feira;07:10:00;RO;174;15,2;VILHENA;Manobra de mudança de faixa;Colisão transversal;Com Vítimas Feridas;Pleno dia;Crescente;Nublado;Simples;Interseção de Vias;Sim;2;0;1;0;1;0;1;2;-12,723321;-60,12801;SPRF-RO;DEL04-RO;UOP01-DEL04-RO
624104;28/08/2024;quarta-feira;07:52:00;SP;381;89;GUARULHOS;Reação tardia ou ineficiente do condutor;Queda de ocupante de veículo;Com Vítimas Feridas;Pleno dia;Crescente;Nublado;Múltipla;Reta;Sim;2;0;1;0;1;0;1;2;-23,48469299;-46,55983288;SPRF-SP;DEL03-SP;UOP01-DEL03-SP
624105;28/08/2024;quarta-feira;08:15:00;BA;324;623;SALVADOR;Trafegar com motocicleta (ou similar) entre as faixas;Colisão lateral mesmo sentido;Com Vítimas Feridas;Pleno dia;Decrescente;Céu Claro;Dupla;Reta;Sim;5;0;4;0;1;0;4;4;-12,92628699;-38,46838679;SPRF-BA;DEL01-BA;UOP01-DEL01-BA
624106;28/08/2024;quarta-feira;08:20:00;AL;104;90;RIO LARGO;Manobra de mudança de faixa;Colisão lateral mesmo sentido;Com Vítimas Feridas;Pleno dia;Decrescente;Céu Claro;Dupla;Reta;Não;3;0;0;1;2;0;1;2;-9,50059087;-35,81127569;SPRF-AL;DEL01-AL;UOP01-DEL01-AL