id;data_inversa;dia_semana;horario;uf;br;km;municipio;causa_acidente;tipo_acidente;classificacao_acidente;fase_dia;sentido_via;condicao_metereologica;tipo_pista;tracado_via;uso_solo;pessoas;mortos;feridos_leves;feridos_graves;ilesos;ignorados;feridos;veiculos;latitude;longitude;regional;delegacia;uop
624107;28/08/2024;quarta-feira;08:05:00;RS;392;8,9;RIO GRANDE;Pista Escorregadia;Queda de ocupante de veículo;Com Vítimas Feridas;Pleno dia;Decrescente;Nevoeiro/Neblina;Simples;Curva;Sim;1;0;1;0;0;0;1;1;-32,11099;-52,112198;SPRF-RS;DEL07-RS;UOP02-DEL07-RS
624108;28/08/2024;quarta-feira;03:00:00;RJ;116;148;DUQUE DE CAXIAS;Mal súbito do condutor;Colisão com objeto;Com Vítimas Feridas;Plena Noite;Crescente;Céu Claro;Múltipla;Reta;Sim;1;0;1;0;0;0;1;1;-22,6723488;-43,28215398;SPRF-RJ;DEL01-RJ;UOP02-DEL01-RJ
624109;27/08/2024;terça-feira;05:30:00;RO;364;425;JARU;Ingestão de álcool pelo condutor;Colisão com objeto;Sem Vítimas;Amanhecer;Decrescente;Nublado;Simples;Reta;Sim;1;0;0;0;0;1;0;1;-10,43609345;-62,47422695;SPRF-RO;DEL03-RO;UOP02-DEL03-RO
624111;28/08/2024;quarta-feira;08:15:00;GO;60;92;ANAPOLIS;Reação tardia ou ineficiente do condutor;Atropelamento de Pedestre;Com Vítimas Feridas;Pleno dia;Crescente;Céu Claro;Dupla;Reta;Sim;2;0;1;0;1;0;1;2;-16,353;-48,9178;SPRF-GO;DEL02-GO;UOP01-DEL02-GO
624113;28/08/2024;quarta-feira;09:25:00;GO;153;420;ANAPOLIS;Ausência de reação do condutor;Colisão com objeto;Com Vítimas Feridas;Pleno dia;Crescente;Céu Claro;Dupla;Interseção de Vias;Não;2;0;1;1;0;0;2;1;-16,18994808;-49,03850555;SPRF-GO;DEL02-GO;UOP01-DEL02-GO
624115;28/08/2024;quarta-feira;09:12:00;MG;40;518,9;RIBEIRAO DAS NEVES;Condutor deixou de manter distância do veículo da frente;Colisão traseira;Com Vítimas Feridas;Pleno dia;Crescente;Sol;Dupla;Reta;Sim;2;0;0;1;1;0;1;2;-19,8321242;-44,08208533;SPRF-MG;DEL01-MG;UOP02-DEL01-MG
624117;17/08/2024;sábado;11:40:00;BA;101;174;CONCEICAO DA FEIRA;Acessar a via sem observar a presença dos outros veículos;Colisão lateral mesmo sentido;Com Vítimas Feridas;Pleno dia;Crescente;Céu Claro;Simples;Reta;Não;2;0;2;0;0;0;2;2;-12,519078;-38,970829;SPRF-BA;DEL01-BA;UOP03-DEL01-BA
624118;28/08/2024;quarta-feira;08:05:00;RN;405;0,9;MOSSORO;Manobra de mudança de faixa;Colisão traseira;Com Vítimas Feridas;Pleno dia;Decrescente;Céu Claro;Dupla;Reta;Sim;2;0;1;0;0;1;1;2;-5,1914673;-37,351887;SPRF-RN;DEL04-RN;UOP02-DEL04-RN
624121;28/08/2024;quarta-feira;07:20:00;MG;262;444,1;NOVA SERRANA;Acessar a via sem observar a presença dos outros veículos;Colisão transversal;Com Vítimas Feridas;Pleno dia;Decrescente;Céu Claro;Simples;Reta;Sim;2;0;2;0;0;0;2;2;-19,881131;-44,931502;SPRF-MG;DEL08-MG;UOP03-DEL08-MG
624124;28/08/2024;quarta-feira;09:50:00;RS;386;45,7;SEBERI;Demais falhas mecânicas ou elétricas;Saída de leito carroçável;Sem Vítimas;Pleno dia;Decrescente;Céu Claro;Simples;Curva;Não;1;0;0;0;1;0;0;1;-27,448933;-53,414272;SPRF-RS;DEL08-RS;UOP02-DEL08-RS
624125;26/08/2024;segunda-feira;09:00:00;DF;70;10;BRASILIA;Manobra de mudança de faixa;Colisão traseira;Com Vítimas Feridas;Pleno dia;Decrescente;Céu Claro;Dupla;"Retorno Regulamentado;Reta";Sim;4;0;1;0;3;0;1;2;-15,787066;-48,140709;SPRF-DF;DEL03-DF;UOP02-DEL03-DF
624128;29/07/2024;segunda-feira;03:00:00;MT;163;1008;TERRA NOVA DO NORTE;Ausência de reação do condutor;Saída de leito carroçável;Com Vítimas Feridas;Plena Noite;Crescente;Céu Claro;Simples;Reta;Não;1;0;0;1;0;0;1;1;-10,420427;-55,056623;SPRF-MT;DEL06-MT;UOP03-DEL06-MT
624133;06/07/2024;sábado;23:30:00;PI;343;23,5;PARNAIBA;Condutor deixou de manter distância do veículo da frente;Colisão frontal;Com Vítimas Feridas;Plena Noite;Crescente;Céu Claro;Simples;Reta;Não;6;0;2;1;0;3;3;3;-3,007861;-41,767223;SPRF-PI;DEL05-PI;UOP01-DEL05-PI
624134;28/08/2024;quarta-feira;10:30:00;PR;376;593;CURITIBA;Trafegar com motocicleta (ou similar) entre as faixas;Colisão transversal;Com Vítimas Feridas;Pleno dia;Decrescente;Céu Claro;Dupla;Reta;Não;2;0;1;0;1;0;1;2;-25,47642706;-49,35092413;SPRF-PR;DEL01-PR;UOP06-DEL01-PR
624136;28/08/2024;quarta-feira;11:30:00;PB;230;449;APARECIDA;Acessar a via sem observar a presença dos outros veículos;Colisão transversal;Com Vítimas Feridas;Pleno dia;Crescente;Céu Claro;Simples;Reta;Não;3;0;0;1;2;0;1;2;-6,7778;-38,0488;SPRF-PB;DEL03-PB;UOP03-DEL03-PB
624138;28/08/2024;quarta-feira;11:50:00;PE;101;52,1;PAULISTA;Ausência de reação do condutor;Colisão com objeto;Com Vítimas Feridas;Pleno dia;Decrescente;Céu Claro;Múltipla;Interseção de Vias;Sim;1;0;1;0;0;0;1;1;-7,92358799;-34,89607201;SPRF-PE;DEL01-PE;UOP02-DEL01-PE
624139;22/08/2024;quinta-feira;17:55:00;MS;463;85,4;PONTA PORA;Animais na Pista;Atropelamento de Animal;Com Vítimas Feridas;Anoitecer;Crescente;Vento;Simples;"Aclive;Reta";Não;1;0;1;0;0;0;1;1;-22,56428726;-55,4948987;SPRF-MS;DEL04-MS;UOP03-DEL04-MS
624140;24/08/2024;sábado;06:40:00;SC;282;1;FLORIANOPOLIS;Sinalização mal posicionada;Colisão traseira;Com Vítimas Feridas;Pleno dia;Decrescente;Céu Claro;Dupla;Reta;Não;2;0;1;0;1;0;1;2;-27,602955;-48,580509;SPRF-SC;DEL01-SC;UOP01-DEL01-SC
624142;28/08/2024;quarta-feira;12:40:00;GO;70;474;ARAGARCAS;Reação tardia ou ineficiente do condutor;Colisão transversal;Com Vítimas Feridas;Pleno dia;Crescente;Céu Claro;Dupla;Interseção de Vias;Sim;3;0;1;1;1;0;2;2;-15,89622953;-52,24741459;SPRF-GO;DEL04-GO;UOP02-DEL04-GO
624143;28/08/2024;quarta-feira;09:20:00;MG;365;128,5;VARZEA DA PALMA;Condutor Dormindo;Saída de leito carroçável;Com Vítimas Feridas;Pleno dia;Decrescente;Céu Claro;Simples;Reta;Não;1;0;0;1;0;0;1;1;-17,13717873;-44,75948807;SPRF-MG;DEL12-MG;UOP01-DEL12-MG
624144;26/07/2024;sexta-feira;17:30:00;PA;153;143;SAO GERALDO DO ARAGUAIA;Ausência de reação do condutor;Colisão traseira;Com Vítimas Feridas;Pleno dia;Decrescente;Céu Claro;Simples;"Reta;Declive";Não;3;0;0;2;1;0;2;2;-6,339772;-48,59333;SPRF-PA;DEL03-PA;UOP01-DEL03-PA
624149;28/08/2024;quarta-feira;13:30:00;SP;381;54;MAIRIPORA;Animais na Pista;Engavetamento;Com Vítimas Feridas;Pleno dia;Crescente;Céu Claro;Dupla;Curva;Sim;3;0;1;0;2;0;1;3;-23,2449074;-46,59562343;SPRF-SP;DEL03-SP;UOP01-DEL03-SP
624150;26/08/2024;segunda-feira;21:10:00;BA;116;588,9;IRAJUBA;Pedestre andava na pista;Atropelamento de Pedestre;Com Vítimas Fatais;Plena Noite;Decrescente;Céu Claro;Simples;"Curva;Declive";Não;2;1;0;0;0;1;0;2;-13,16373667;-39,99920368;SPRF-BA;DEL03-BA;UOP02-DEL03-BA
624152;28/08/2024;quarta-feira;11:30:00;RJ;465;19;NOVA IGUACU;Trafegar com motocicleta (ou similar) entre as faixas;Colisão transversal;Com Vítimas Feridas;Pleno dia;Crescente;Céu Claro;Simples;Reta;Sim;2;0;1;0;1;0;1;2;-22,839184;-43,610451;SPRF-RJ;DEL06-RJ;UOP02-DEL06-RJ
624153;22/07/2024;segunda-feira;18:10:00;PI;343;330;TERESINA;Transitar na contramão;Colisão lateral sentido oposto;Com Vítimas Feridas;Plena Noite;Crescente;Céu Claro;Simples;Reta;Não;2;0;0;1;0;1;1;2;-5,061753;-42,649815;SPRF-PI;DEL01-PI;UOP01-DEL01-PI
624154;28/08/2024;quarta-feira;09:30:00;RJ;101;492;ANGRA DOS REIS;Reação tardia ou ineficiente do condutor;Colisão com objeto;Com Vítimas Feridas;Pleno dia;Decrescente;Sol;Simples;Curva;Sim;2;0;1;0;0;1;1;2;-22,94874989;-44,3279949;SPRF-RJ;DEL03-RJ;UOP03-DEL03-RJ
624157;01/07/2024;segunda-feira;23:30:00;AP;156;414,2;TARTARUGALZINHO;Avarias e/ou desgaste excessivo no pneu;Saída de leito carroçável;Com Vítimas Feridas;Plena Noite;Crescente;Céu Claro;Simples;Reta;Não;2;0;2;0;0;0;2;2;1,0917003;-51,05998993;SPRF-AP;DEL01-AP;UOP02-DEL01-AP
624158;24/07/2024;quarta-feira;01:00:00;BA;135;166;BARREIRAS;Reação tardia ou ineficiente do condutor;Saída de leito carroçável;Com Vítimas Fatais;Plena Noite;Crescente;Céu Claro;Simples;Reta;Não;3;2;0;1;0;0;1;1;-12,052268;-44,964845;SPRF-BA;DEL10-BA;UOP01-DEL10-BA
624159;28/08/2024;quarta-feira;12:00:00;RO;364;12;VILHENA;Condutor deixou de manter distância do veículo da frente;Colisão transversal;Com Vítimas Feridas;Pleno dia;Decrescente;Céu Claro;Dupla;Rotatória;Sim;2;0;1;0;1;0;1;2;-12,74370233;-60,12147609;SPRF-RO;DEL04-RO;UOP01-DEL04-RO
624160;28/08/2024;quarta-feira;14:04:00;BA;324;517;FEIRA DE SANTANA;Acesso irregular;Colisão transversal;Com Vítimas Feridas;Pleno dia;Decrescente;Céu Claro;Simples;Reta;Não;4;0;2;0;2;0;2;2;-12,24953308;-38,93362525;SPRF-BA;DEL02-BA;UOP01-DEL02-BA
624161;20/08/2024;terça-feira;13:28:00;RJ;101;327;NITEROI;Objeto estático sobre o leito carroçável;Colisão com objeto;Com Vítimas Feridas;Pleno dia;Decrescente;Céu Claro;Múltipla;Reta;Não;1;0;1;0;0;0;1;1;-22,87117393;-43,15595099;SPRF-RJ;DEL02-RJ;UOP01-DEL02-RJ
624166;28/08/2024;quarta-feira;16:00:00;SC;101;119;ITAJAI;Ausência de reação do condutor;Colisão traseira;Com Vítimas Feridas;Pleno dia;Decrescente;Nublado;Simples;Reta;Não;2;0;0;1;1;0;1;2;-26,9043179;-48,71555481;SPRF-SC;DEL04-SC;UOP04-DEL04-SC
624167;28/08/2024;quarta-feira;15:40:00;GO;40;4,5;VALPARAISO DE GOIAS;Ingestão de álcool pelo condutor;Colisão com objeto;Sem Vítimas;Pleno dia;Decrescente;Sol;Dupla;Reta;Sim;2;0;0;0;2;0;0;1;-16,08866074;-47,98490167;SPRF-DF;DEL01-DF;UOP01-DEL01-DF
624168;28/08/2024;quarta-feira;16:00:00;MG;365;581;INDIANOPOLIS;Reação tardia ou ineficiente do condutor;Saída de leito carroçável;Com Vítimas Feridas;Pleno dia;Crescente;Céu Claro;Dupla;Reta;Não;1;0;0;1;0;0;1;1;-18,87146919;-47,96460406;SPRF-MG;DEL15-MG;UOP02-DEL15-MG
624170;28/08/2024;quarta-feira;09:40:00;RJ;101;313;SAO GONCALO;Acessar a via sem observar a presença dos outros veículos;Colisão transversal;Com Vítimas Feridas;Pleno dia;Decrescente;Céu Claro;Dupla;Reta;Sim;2;0;1;0;1;0;1;2;-22,81049093;-43,06983304;SPRF-RJ;DEL02-RJ;UOP02-DEL02-RJ
624171;28/08/2024;quarta-feira;07:12:00;RO;319;47;PORTO VELHO;Ausência de reação do condutor;Colisão com objeto;Com Vítimas Feridas;Pleno dia;Crescente;Nevoeiro/Neblina;Simples;Reta;Não;1;0;0;1;0;0;1;1;-8,70064393;-63,99079487;SPRF-RO;DEL01-RO;UOP01-DEL01-RO
624172;28/08/2024;quarta-feira;16:30:00;RS;470;217;BENTO GONCALVES;Acessar a via sem observar a presença dos outros veículos;Colisão transversal;Com Vítimas Feridas;Pleno dia;Decrescente;Céu Claro;Simples;Rotatória;Não;2;0;1;0;1;0;1;2;-29,16462512;-51,52551964;SPRF-RS;DEL06-RS;UOP01-DEL06-RS
624173;28/08/2024;quarta-feira;16:37:00;BA;324;619;SALVADOR;Ausência de reação do condutor;Queda de ocupante de veículo;Com Vítimas Feridas;Pleno dia;Decrescente;Céu Claro;Dupla;Reta;Não;1;0;1;0;0;0;1;1;-12,91455632;-38,46176147;SPRF-BA;DEL01-BA;UOP01-DEL01-BA
624174;28/08/2024;quarta-feira;17:20:00;CE;222;5,2;CAUCAIA;Manobra de mudança de faixa;Colisão traseira;Com Vítimas Feridas;Anoitecer;Crescente;Céu Claro;Dupla;Reta;Sim;2;0;0;2;0;0;2;2;-3,74303962;-38,61511946;SPRF-CE;DEL01-CE;UOP01-DEL01-CE
624175;27/08/2024;terça-feira;21:00:00;MG;381;894,8;CAMBUI;Reação tardia ou ineficiente do condutor;Colisão lateral mesmo sentido;Com Vítimas Feridas;Plena Noite;Crescente;Nublado;Dupla;Curva;Não;2;0;0;1;0;1;1;2;-22,61659879;-46,0689412;SPRF-MG;DEL16-MG;UOP03-DEL16-MG
624176;28/08/2024;quarta-feira;17:07:00;PR;116;10;COLOMBO;Velocidade Incompatível;Saída de leito carroçável;Com Vítimas Feridas;Anoitecer;Decrescente;Nublado;Dupla;Reta;Sim;1;0;1;0;0;0;1;1;-25,370745;-49,124537;SPRF-PR;DEL01-PR;UOP02-DEL01-PR
624179;28/08/2024;quarta-feira;17:05:00;SC;101;121;ITAJAI;Trafegar com motocicleta (ou similar) entre as faixas;Colisão traseira;Com Vítimas Feridas;Pleno dia;Crescente;Céu Claro;Dupla;Reta;Não;2;0;1;0;1;0;1;2;-26,92103178;-48,70856446;SPRF-SC;DEL04-SC;UOP04-DEL04-SC
624181;28/08/2024;quarta-feira;17:45:00;RS;116;264,7;CANOAS;Reação tardia ou ineficiente do condutor;Colisão lateral mesmo sentido;Com Vítimas Feridas;Anoitecer;Decrescente;Céu Claro;Dupla;Reta;Sim;2;0;1;0;1;0;1;2;-29,914435;-51,17754495;SPRF-RS;DEL01-RS;UOP01-DEL01-RS
624183;28/08/2024;quarta-feira;17:45:00;MG;381;486,8;BETIM;Pedestre cruzava a pista fora da faixa;Atropelamento de Pedestre;Com Vítimas Fatais;Plena Noite;Crescente;Céu Claro;Múltipla;Reta;Sim;2;1;0;0;1;0;0;2;-19,95644414;-44,13611598;SPRF-MG;DEL01-MG;UOP03-DEL01-MG
624184;28/08/2024;quarta-feira;14:15:00;AL;316;114,2;CACIMBINHAS;Desrespeitar a preferência no cruzamento;Colisão transversal;Com Vítimas Feridas;Pleno dia;Decrescente;Céu Claro;Simples;Rotatória;Sim;2;0;0;1;1;0;1;2;-9,4046948;-36,99317598;SPRF-AL;DEL03-AL;UOP01-DEL03-AL
624185;28/08/2024;quarta-feira;17:30:00;PR;369;140;IBIPORA;Entrada inopinada do pedestre;Atropelamento de Pedestre;Com Vítimas Feridas;Pleno dia;Crescente;Céu Claro;Simples;Reta;Sim;2;0;0;2;0;0;2;2;-23,27536056;-51,05953932;SPRF-PR;DEL07-PR;UOP01-DEL07-PR
624186;28/08/2024;quarta-feira;16:30:00;PR;369;90,1;CORNELIO PROCOPIO;Condutor deixou de manter distância do veículo da frente;Colisão traseira;Com Vítimas Feridas;Pleno dia;Crescente;Céu Claro;Dupla;Interseção de Vias;Sim;2;0;1;0;1;0;1;2;-23,19408739;-50,65152168;SPRF-PR;DEL07-PR;UOP05-DEL07-PR
624189;28/08/2024;quarta-feira;18:30:00;RS;470;215,8;BENTO GONCALVES;Área urbana sem a presença de local apropriado para a travessia de pedestres;Atropelamento de Pedestre;Com Vítimas Feridas;Anoitecer;Decrescente;Céu Claro;Simples;Reta;Sim;2;0;1;0;1;0;1;2;-29,16573723;-51,52556777;SPRF-RS;DEL06-RS;UOP01-DEL06-RS
624190;28/08/2024;quarta-feira;17:40:00;SC;101;333,7;TUBARAO;Reação tardia ou ineficiente do condutor;Colisão lateral mesmo sentido;Com Vítimas Feridas;Pleno dia;Crescente;Céu Claro;Dupla;Rotatória;Sim;2;0;1;0;1;0;1;2;-28,46989852;-49,01824951;SPRF-SC;DEL02-SC;UOP01-DEL02-SC
624192;28/08/2024;quarta-feira;18:58:00;PE;101;78;RECIFE;Reação tardia ou ineficiente do condutor;Colisão traseira;Com Vítimas Feridas;Plena Noite;Decrescente;Céu Claro;Dupla;Curva;Sim;2;0;1;0;0;1;1;2;-8,13496499;-34,94738614;SPRF-PE;DEL01-PE;UOP01-DEL01-PE
624193;28/08/2024;quarta-feira;18:12:00;PE;428;187;PETROLINA;Velocidade Incompatível;Atropelamento de Pedestre;Com Vítimas Feridas;Pleno dia;Decrescente;Céu Claro;Múltipla;Reta;Sim;2;0;1;0;1;0;1;2;-9,35604301;-40,47854198;SPRF-PE;DEL06-PE;UOP01-DEL06-PE
624194;28/08/2024;quarta-feira;18:00:00;MS;262;367,8;CAMPO GRANDE;Acessar a via sem observar a presença dos outros veículos;Colisão transversal;Com Vítimas Feridas;Plena Noite;Crescente;Céu Claro;Simples;Reta;Sim;3;0;0;1;2;0;1;2;-20,478769;-54,760795;SPRF-MS;DEL01-MS;UOP03-DEL01-MS
624195;28/08/2024;quarta-feira;18:00:00;GO;60;97;ANAPOLIS;Acessar a via sem observar a presença dos outros veículos;Colisão traseira;Com Vítimas Feridas;Anoitecer;Crescente;Céu Claro;Dupla;Reta;Sim;2;0;1;0;1;0;1;2;-16,3774;-48,9483;SPRF-GO;DEL02-GO;UOP01-DEL02-GO
624196;28/08/2024;quarta-feira;18:15:00;DF;70;5;BRASILIA;Manobra de mudança de faixa;Colisão lateral mesmo sentido;Com Vítimas Feridas;Anoitecer;Crescente;Céu Claro;Dupla;Reta;Sim;3;0;2;0;1;0;2;2;-15,794656;-48,096779;SPRF-DF;DEL03-DF;UOP02-DEL03-DF
624197;28/08/2024;quarta-feira;17:50:00;GO;70;373;MONTES CLAROS DE GOIAS;Velocidade Incompatível;Saída de leito carroçável;Com Vítimas Feridas;Pleno dia;Crescente;Céu Claro;Simples;"Reta;Declive;Ponte";Não;3;0;3;0;0;0;3;1;-15,93515252;-51,33378983;SPRF-GO;DEL04-GO;UOP02-DEL04-GO
624198;28/08/2024;quarta-feira;18:20:00;PE;423;73,1;JUPI;Iluminação deficiente;Colisão frontal;Com Vítimas Feridas;Plena Noite;Crescente;Céu Claro;Simples;Reta;Sim;4;0;0;1;1;2;1;3;-8,7111998;-36,4199245;SPRF-PE;DEL03-PE;UOP01-DEL03-PE
624199;28/08/2024;quarta-feira;10:30:00;RO;364;924;PORTO VELHO;Ausência de reação do condutor;Saída de leito carroçável;Com Vítimas Feridas;Pleno dia;Crescente;Nevoeiro/Neblina;Simples;Reta;Não;1;0;1;0;0;0;1;1;-9,72559796;-65,33820996;SPRF-RO;DEL01-RO;UOP03-DEL01-RO
624200;28/08/2024;quarta-feira;19:15:00;MG;365;164,2;PIRAPORA;Transitar na contramão;Colisão frontal;Sem Vítimas;Plena Noite;Crescente;Céu Claro;Simples;Reta;Não;2;0;0;0;2;0;0;2;-17,37659084;-44,95293512;SPRF-MG;DEL10-MG;UOP02-DEL010-MG
624201;28/08/2024;quarta-feira;13:20:00;RJ;465;19;NOVA IGUACU;Trafegar com motocicleta (ou similar) entre as faixas;Colisão transversal;Com Vítimas Feridas;Pleno dia;Crescente;Céu Claro;Simples;Reta;Sim;3;0;1;0;2;0;1;3;-22,839184;-43,610451;SPRF-RJ;DEL06-RJ;UOP02-DEL06-RJ
624202;28/08/2024;quarta-feira;18:08:00;BA;116;9;VITORIA DA CONQUISTA;Chuva;Queda de ocupante de veículo;Com Vítimas Feridas;Plena Noite;Decrescente;Chuva;Simples;Reta;Sim;1;0;1;0;0;0;1;1;-14,8615096;-40,87532043;SPRF-BA;DEL08-BA;UOP01-DEL08-BA
624203;28/08/2024;quarta-feira;19:20:00;SP;116;148;SAO JOSE DOS CAMPOS;Trafegar com motocicleta (ou similar) entre as faixas;Colisão lateral mesmo sentido;Com Vítimas Feridas;Plena Noite;Decrescente;Céu Claro;Dupla;Reta;Sim;3;0;1;0;2;0;1;2;-23,20067421;-45,8795018;SPRF-SP;DEL02-SP;UOP01-DEL02-SP
624204;28/08/2024;quarta-feira;18:25:00;MS;163;84;ITAQUIRAI;Animais na Pista;Atropelamento de Animal;Com Vítimas Feridas;Plena Noite;Decrescente;Céu Claro;Simples;Reta;Não;2;0;1;0;1;0;1;1;-23,43274002;-54,20588915;SPRF-MS;DEL09-MS;UOP01-DEL09-MS
624206;28/08/2024;quarta-feira;19:40:00;RS;472;575;URUGUAIANA;Conversão proibida;Colisão frontal;Com Vítimas Feridas;Plena Noite;Crescente;Céu Claro;Simples;"Curva;Interseção de Vias;Aclive";Não;3;0;0;1;2;0;1;2;-29,75289504;-56,99389997;SPRF-RS;DEL13-RS;UOP01-DEL13-RS
624207;20/08/2024;terça-feira;17:15:00;SP;116;226;GUARULHOS;Objeto estático sobre o leito carroçável;Tombamento;Com Vítimas Feridas;Pleno dia;Decrescente;Céu Claro;Múltipla;Reta;Sim;1;0;1;0;0;0;1;1;-23,49102507;-46,54878195;SPRF-SP;DEL01-SP;UOP01-DEL01-SP
624208;28/08/2024;quarta-feira;18:50:00;RJ;393;236;VASSOURAS;Ausência de reação do condutor;Queda de ocupante de veículo;Com Vítimas Feridas;Plena Noite;Decrescente;Nublado;Simples;Reta;Sim;1;0;1;0;0;0;1;1;-22,38996804;-43,64928296;SPRF-RJ;DEL05-RJ;UOP03-DEL05-RJ
624211;28/08/2024;quarta-feira;19:00:00;RJ;101;288;ITABORAI;Avarias e/ou desgaste excessivo no pneu;Queda de ocupante de veículo;Com Vítimas Feridas;Plena Noite;Crescente;Céu Claro;Dupla;Reta;Sim;1;0;0;1;0;0;1;1;-22,76208433;-42,84851432;SPRF-RJ;DEL02-RJ;UOP02-DEL02-RJ
624212;28/08/2024;quarta-feira;19:25:00;RS;285;270,8;MATO CASTELHANO;Ausência de reação do condutor;Colisão transversal;Com Vítimas Feridas;Plena Noite;Crescente;Céu Claro;Simples;Reta;Não;3;0;3;0;0;0;3;2;-28,292225;-52,161327;SPRF-RS;DEL08-RS;UOP03-DEL08-RS
624213;28/08/2024;quarta-feira;18:30:00;CE;116;158,9;RUSSAS;Pedestre cruzava a pista fora da faixa;Atropelamento de Pedestre;Com Vítimas Feridas;Plena Noite;Decrescente;Céu Claro;Simples;Reta;Não;4;0;4;0;0;0;4;2;-4,90672505;-38,00414307;SPRF-CE;DEL03-CE;UOP01-DEL03-CE
624215;28/08/2024;quarta-feira;17:00:00;PB;230;495,2;CAJAZEIRAS;Acessar a via sem observar a presença dos outros veículos;Colisão frontal;Com Vítimas Feridas;Anoitecer;Crescente;Céu Claro;Simples;Reta;Não;2;0;2;0;0;0;2;2;-6,8838;-38,4671;SPRF-PB;DEL03-PB;UOP03-DEL03-PB
624216;28/08/2024;quarta-feira;18:59:00;RJ;40;122;DUQUE DE CAXIAS;Reação tardia ou ineficiente do condutor;Colisão traseira;Com Vítimas Feridas;Anoitecer;Decrescente;Céu Claro;Dupla;Reta;Sim;2;0;1;0;1;0;1;2;-22,79083113;-43,28611569;SPRF-RJ;DEL01-RJ;UOP02-DEL01-RJ
624218;28/08/2024;quarta-feira;18:35:00;RS;153;48,4;ERECHIM;Pedestre cruzava a pista fora da faixa;Atropelamento de Pedestre;Com Vítimas Fatais;Anoitecer;Crescente;Céu Claro;Dupla;Reta;Sim;2;1;0;0;1;0;0;2;-27,65118001;-52,257248;SPRF-RS;DEL08-RS;UOP04-DEL08-RS
624220;28/08/2024;quarta-feira;19:30:00;PR;369;126,3;JATAIZINHO;Manobra de mudança de faixa;Colisão traseira;Com Vítimas Feridas;Plena Noite;Crescente;Céu Claro;Dupla;Reta;Sim;3;0;0;1;2;0;1;3;-23,28125305;-50,95791042;SPRF-PR;DEL07-PR;UOP05-DEL07-PR
624221;28/08/2024;quarta-feira;15:43:00;MT;70;732;CACERES;Frear bruscamente;Colisão traseira;Com Vítimas Feridas;Pleno dia;Crescente;Céu Claro;Simples;"Reta;Interseção de Vias";Sim;2;0;1;0;1;0;1;2;-16,14892769;-57,63505293;SPRF-MT;DEL03-MT;UOP01-DEL03-MT
624222;28/08/2024;quarta-feira;18:20:00;MG;116;412;GOVERNADOR VALADARES;Acessar a via sem observar a presença dos outros veículos;Colisão transversal;Com Vítimas Feridas;Plena Noite;Decrescente;Céu Claro;Simples;Reta;Sim;2;0;2;0;0;0;2;2;-18,875956;-41,96436;SPRF-MG;DEL06-MG;UOP01-DEL06-MG
624224;28/08/2024;quarta-feira;20:15:00;SP;116;146;SAO JOSE DOS CAMPOS;Reação tardia ou ineficiente do condutor;Capotamento;Com Vítimas Feridas;Plena Noite;Crescente;Céu Claro;Dupla;Reta;Não;2;0;0;2;0;0;2;1;-23,19122919;-45,86327591;SPRF-SP;DEL02-SP;UOP01-DEL02-SP
624225;28/08/2024;quarta-feira;14:30:00;PA;163;968;BELTERRA;Ausência de reação do condutor;Tombamento;Com Vítimas Feridas;Pleno dia;Decrescente;Nublado;Simples;Reta;Não;1;0;0;1;0;0;1;1;-2,67381493;-54,84298712;SPRF-PA;DEL05-PA;UOP01-DEL05-PA
624226;28/08/2024;quarta-feira;18:50:00;MT;174;150;GLORIA DOESTE;Ultrapassagem Indevida;Colisão lateral sentido oposto;Com Vítimas Feridas;Plena Noite;Crescente;Céu Claro;Simples;Reta;Não;3;0;2;0;1;0;2;2;-15,81510729;-58,30529703;SPRF-MT;DEL03-MT;UOP01-DEL03-MT
624228;28/08/2024;quarta-feira;20:25:00;MG;40;780,1;JUIZ DE FORA;Animais na Pista;Atropelamento de Animal;Com Vítimas Feridas;Plena Noite;Decrescente;Céu Claro;Dupla;"Reta;Viaduto";Não;2;0;2;0;0;0;2;1;-21,6974761;-43,45105916;SPRF-MG;DEL05-MG;UOP01-DEL05-MG
624230;28/08/2024;quarta-feira;19:00:00;PE;423;95,9;GARANHUNS;Acessar a via sem observar a presença dos outros veículos;Colisão frontal;Com Vítimas Feridas;Plena Noite;Crescente;Nublado;Simples;Reta;Sim;2;0;0;1;1;0;1;2;-8,87891989;-36,47796305;SPRF-PE;DEL03-PE;UOP01-DEL03-PE
624233;22/06/2024;sábado;16:15:00;GO;153;504;APARECIDA DE GOIANIA;Manobra de mudança de faixa;Colisão traseira;Com Vítimas Feridas;Pleno dia;Crescente;Ignorado;Dupla;Reta;Sim;2;0;1;0;0;1;1;2;-16,7451;-49,2408;SPRF-GO;DEL01-GO;UOP01-DEL01-GO
624234;28/08/2024;quarta-feira;20:30:00;RJ;116;310;RESENDE;Ausência de reação do condutor;Saída de leito carroçável;Com Vítimas Feridas;Plena Noite;Crescente;Céu Claro;Dupla;Reta;Sim;1;0;1;0;0;0;1;1;-22,45923593;-44,434776;SPRF-RJ;DEL07-RJ;UOP02-DEL07-RJ