id;data_inversa;dia_semana;horario;uf;br;km;municipio;causa_acidente;tipo_acidente;classificacao_acidente;fase_dia;sentido_via;condicao_metereologica;tipo_pista;tracado_via;uso_solo;pessoas;mortos;feridos_leves;feridos_graves;ilesos;ignorados;feridos;veiculos;latitude;longitude;regional;delegacia;uop
624235;24/08/2024;sábado;11:10:00;RN;405;54;FELIPE GUERRA;Demais falhas na via;Queda de ocupante de veículo;Com Vítimas Feridas;Pleno dia;Crescente;Céu Claro;Simples;Reta;Não;1;0;1;0;0;0;1;1;-5,48920626;-37,69623864;SPRF-RN;DEL04-RN;UOP02-DEL04-RN
624236;28/08/2024;quarta-feira;21:00:00;SC;101;204;SAO JOSE;Falta de acostamento;Engavetamento;Com Vítimas Feridas;Plena Noite;Crescente;Céu Claro;Múltipla;Reta;Não;3;0;1;0;2;0;1;3;-27,57413014;-48,61363083;SPRF-SC;DEL01-SC;UOP01-DEL01-SC
624240;28/08/2024;quarta-feira;07:20:00;SP;116;36;CACHOEIRA PAULISTA;Avarias e/ou desgaste excessivo no pneu;Queda de ocupante de veículo;Com Vítimas Feridas;Pleno dia;Crescente;Céu Claro;Dupla;Reta;Não;2;0;2;0;0;0;2;1;-22,66104604;-44,97604019;SPRF-SP;DEL08-SP;UOP02-DEL08-SP
624241;28/08/2024;quarta-feira;21:30:00;RJ;101;484;ANGRA DOS REIS;Pedestre andava na pista;Atropelamento de Pedestre;Com Vítimas Fatais;Plena Noite;Crescente;Céu Claro;Simples;Reta;Não;2;1;0;0;1;0;0;2;-22,99096308;-44,30429882;SPRF-RJ;DEL03-RJ;UOP03-DEL03-RJ
624243;28/08/2024;quarta-feira;21:30:00;PB;230;343;PATOS;Transitar na contramão;Colisão frontal;Com Vítimas Feridas;Plena Noite;Crescente;Céu Claro;Simples;Reta;Não;2;0;0;1;0;1;1;2;-6,9845;-37,3305;SPRF-PB;DEL03-PB;UOP01-DEL03-PB
624244;28/08/2024;quarta-feira;21:30:00;SC;470;3,7;NAVEGANTES;Reação tardia ou ineficiente do condutor;Capotamento;Com Vítimas Feridas;Plena Noite;Crescente;Nublado;Dupla;Reta;Sim;2;0;1;0;1;0;1;1;-26,861937;-48,681618;SPRF-SC;DEL04-SC;UOP04-DEL04-SC
624245;28/08/2024;quarta-feira;19:30:00;PI;316;331,4;GEMINIANO;Entrada inopinada do pedestre;Atropelamento de Pedestre;Com Vítimas Feridas;Plena Noite;Decrescente;Céu Claro;Simples;Reta;Não;2;0;0;2;0;0;2;2;-7,10464313;-41,28999002;SPRF-PI;DEL04-PI;UOP01-DEL04-PI
624246;28/08/2024;quarta-feira;22:15:00;PE;232;7;RECIFE;Ingestão de substâncias psicoativas pelo condutor;Queda de ocupante de veículo;Com Vítimas Feridas;Plena Noite;Crescente;Céu Claro;Múltipla;Reta;Não;3;0;3;0;0;0;3;1;-8,07333497;-34,96184301;SPRF-PE;DEL01-PE;UOP01-DEL01-PE
624247;28/08/2024;quarta-feira;22:30:00;BA;324;618;SALVADOR;Ausência de reação do condutor;Queda de ocupante de veículo;Com Vítimas Feridas;Plena Noite;Decrescente;Céu Claro;Dupla;Reta;Não;2;0;1;0;1;0;1;1;-12,891109;-38,445374;SPRF-BA;DEL01-BA;UOP01-DEL01-BA
624249;28/08/2024;quarta-feira;20:15:00;GO;414;401;CORUMBA DE GOIAS;Ausência de reação do condutor;Saída de leito carroçável;Sem Vítimas;Plena Noite;Decrescente;Céu Claro;Dupla;"Reta;Aclive";Não;1;0;0;0;1;0;0;1;-15,98447985;-48,8290864;SPRF-GO;DEL02-GO;UOP01-DEL02-GO
624252;28/08/2024;quarta-feira;23:10:00;MS;163;9,3;MUNDO NOVO;Reação tardia ou ineficiente do condutor;Saída de leito carroçável;Com Vítimas Feridas;Plena Noite;Decrescente;Céu Claro;Simples;"Reta;Aclive";Não;1;0;1;0;0;0;1;1;-23,98707101;-54,33136162;SPRF-MS;DEL09-MS;UOP02-DEL09-MS
624253;28/08/2024;quarta-feira;23:10:00;MG;381;857;POUSO ALEGRE;Ausência de reação do condutor;Saída de leito carroçável;Sem Vítimas;Plena Noite;Crescente;Céu Claro;Dupla;Reta;Não;1;0;0;0;1;0;0;1;-22,3341773;-45,92156967;SPRF-MG;DEL16-MG;UOP01-DEL16-MG
624258;28/08/2024;quarta-feira;06:40:00;PE;101;104;CABO DE SANTO AGOSTINHO;Ausência de reação do condutor;Capotamento;Sem Vítimas;Pleno dia;Decrescente;Chuva;Dupla;Curva;Não;1;0;0;0;0;1;0;1;-8,29739778;-35,06293971;SPRF-PE;DEL01-PE;UOP03-DEL01-PE
624259;29/08/2024;quinta-feira;01:00:00;PB;230;288,8;SANTA LUZIA;Transitar na contramão;Colisão frontal;Com Vítimas Feridas;Plena Noite;Decrescente;Céu Claro;Simples;Reta;Sim;2;0;1;0;1;0;1;2;-6,8871;-36,894;SPRF-PB;DEL03-PB;UOP01-DEL03-PB
624260;29/08/2024;quinta-feira;02:30:00;RJ;116;66;TERESOPOLIS;Condutor Dormindo;Colisão com objeto;Com Vítimas Feridas;Plena Noite;Crescente;Céu Claro;Simples;Curva;Não;2;0;2;0;0;0;2;1;-22,28530513;-42,9306046;SPRF-RJ;DEL04-RJ;UOP01-DEL04-RJ
624263;29/08/2024;quinta-feira;02:30:00;BA;324;530;FEIRA DE SANTANA;Reação tardia ou ineficiente do condutor;Capotamento;Com Vítimas Feridas;Plena Noite;Decrescente;Nublado;Dupla;Curva;Sim;2;0;1;0;1;0;1;1;-12,32818491;-38,86174193;SPRF-BA;DEL01-BA;UOP03-DEL01-BA
624264;29/08/2024;quinta-feira;03:35:00;SC;101;225,8;PALHOCA;Avarias e/ou desgaste excessivo no pneu;Capotamento;Com Vítimas Fatais;Plena Noite;Crescente;Nublado;Dupla;"Reta;Aclive";Sim;4;1;0;1;0;2;1;3;-27,740817;-48,638457;SPRF-SC;DEL01-SC;UOP02-DEL01-SC
624268;29/08/2024;quinta-feira;01:05:00;SC;470;182;POUSO REDONDO;Manobra de mudança de faixa;Colisão frontal;Com Vítimas Feridas;Plena Noite;Crescente;Nublado;Simples;Reta;Não;3;0;1;2;0;0;3;2;-27,252682;-50,006802;SPRF-SC;DEL04-SC;UOP02-DEL04-SC
624269;29/08/2024;quinta-feira;06:10:00;PB;230;28;JOAO PESSOA;Manobra de mudança de faixa;Colisão lateral mesmo sentido;Com Vítimas Feridas;Pleno dia;Decrescente;Céu Claro;Dupla;"Interseção de Vias;Reta";Sim;3;0;2;0;0;1;2;2;-7,1651;-34,8941;SPRF-PB;DEL01-PB;UOP01-DEL01-PB
624273;29/08/2024;quinta-feira;06:40:00;RS;116;136,4;CAXIAS DO SUL;Acessar a via sem observar a presença dos outros veículos;Colisão frontal;Com Vítimas Feridas;Amanhecer;Decrescente;Nublado;Simples;Interseção de Vias;Sim;2;0;1;0;1;0;1;2;-29,075135;-51,106044;SPRF-RS;DEL05-RS;UOP01-DEL05-RS
624275;29/08/2024;quinta-feira;07:00:00;SP;116;214;GUARULHOS;Trafegar com motocicleta (ou similar) entre as faixas;Colisão lateral mesmo sentido;Com Vítimas Feridas;Pleno dia;Crescente;Céu Claro;Dupla;Reta;Sim;2;0;1;0;1;0;1;2;-23,44333014;-46,44531294;SPRF-SP;DEL01-SP;UOP01-DEL01-SP
624276;29/08/2024;quinta-feira;07:00:00;SP;116;228;GUARULHOS;Trafegar com motocicleta (ou similar) entre as faixas;Colisão traseira;Com Vítimas Feridas;Amanhecer;Crescente;Nublado;Múltipla;"Aclive;Reta";Não;2;0;1;0;1;0;1;2;-23,50343484;-46,56638712;SPRF-SP;DEL01-SP;UOP01-DEL01-SP
624277;29/08/2024;quinta-feira;07:10:00;RJ;101;71;CAMPOS DOS GOYTACAZES;Reação tardia ou ineficiente do condutor;Colisão traseira;Com Vítimas Feridas;Pleno dia;Decrescente;Céu Claro;Simples;Reta;Sim;2;0;1;0;1;0;1;2;-21,788352;-41,384978;SPRF-RJ;DEL08-RJ;UOP02-DEL08-RJ
624279;29/08/2024;quinta-feira;07:15:00;SP;116;148;SAO JOSE DOS CAMPOS;Reação tardia ou ineficiente do condutor;Colisão com objeto;Com Vítimas Feridas;Pleno dia;Crescente;Céu Claro;Múltipla;Reta;Sim;4;0;4;0;0;0;4;1;-23,20067421;-45,8795018;SPRF-SP;DEL02-SP;UOP01-DEL02-SP
624285;19/06/2024;quarta-feira;08:45:00;ES;0;0;VITORIA;Pedestre cruzava a pista fora da faixa;Atropelamento de Pedestre;Com Vítimas Feridas;Pleno dia;Não Informado;Céu Claro;Dupla;Reta;Sim;3;0;2;0;1;0;2;3;-20,29562915;-40,2899766;SPRF-ES;DEL01-ES;N/A
624286;29/08/2024;quinta-feira;06:45:00;PR;277;560,2;CASCAVEL;Acessar a via sem observar a presença dos outros veículos;Colisão transversal;Com Vítimas Feridas;Amanhecer;Crescente;Céu Claro;Simples;Reta;Não;4;0;2;1;1;0;3;2;-25,0690669;-53,20791197;SPRF-PR;DEL04-PR;UOP04-DEL04-PR
624287;29/08/2024;quinta-feira;08:00:00;RS;386;416,3;TRIUNFO;Reação tardia ou ineficiente do condutor;Atropelamento de Pedestre;Com Vítimas Feridas;Pleno dia;Decrescente;Nublado;Simples;Em Obras;Sim;2;0;1;0;1;0;1;2;-29,817648;-51,463001;SPRF-RS;DEL04-RS;UOP02-DEL04-RS
624288;29/08/2024;quinta-feira;07:30:00;MG;365;0,4;MONTES CLAROS;Condutor deixou de manter distância do veículo da frente;Colisão frontal;Com Vítimas Feridas;Pleno dia;Decrescente;Sol;Simples;Curva;Não;2;0;0;1;1;0;1;2;-16,77252275;-43,88382219;SPRF-MG;DEL12-MG;UOP01-DEL12-MG
624290;29/08/2024;quinta-feira;06:30:00;MA;135;7;SAO LUIS;Ausência de reação do condutor;Colisão traseira;Com Vítimas Feridas;Pleno dia;Crescente;Céu Claro;Dupla;Reta;Sim;3;0;0;1;2;0;1;3;-2,63608835;-44,26848552;SPRF-MA;DEL01-MA;UOP01-DEL01-MA
624293;29/08/2024;quinta-feira;05:30:00;PB;230;455,4;SOUSA;Animais na Pista;Atropelamento de Animal;Com Vítimas Feridas;Pleno dia;Decrescente;Sol;Simples;Reta;Não;2;0;1;1;0;0;2;1;-6,775924;-38,192514;SPRF-PB;DEL03-PB;UOP03-DEL03-PB
624294;29/08/2024;quinta-feira;08:00:00;ES;101;270;SERRA;Manobra de mudança de faixa;Colisão lateral mesmo sentido;Com Vítimas Feridas;Pleno dia;Decrescente;Nublado;Múltipla;Reta;Sim;2;0;1;0;1;0;1;2;-20,22662056;-40,27075088;SPRF-ES;DEL02-ES;UOP01-DEL02-ES
624295;29/08/2024;quinta-feira;07:55:00;RS;472;575;URUGUAIANA;Acessar a via sem observar a presença dos outros veículos;Colisão transversal;Com Vítimas Feridas;Pleno dia;Crescente;Céu Claro;Simples;Rotatória;Não;3;0;2;0;1;0;2;2;-29,76387445;-57,04693794;SPRF-RS;DEL13-RS;UOP01-DEL13-RS
624296;23/06/2024;domingo;06:10:00;MG;116;606;SAO JOAO DO MANHUACU;Acessar a via sem observar a presença dos outros veículos;Colisão transversal;Com Vítimas Feridas;Pleno dia;Decrescente;Nevoeiro/Neblina;Simples;Reta;Não;3;0;0;1;1;1;1;2;-20,378722;-42,14721389;SPRF-MG;DEL06-MG;UOP03-DEL06-MG
624297;29/08/2024;quinta-feira;08:30:00;PE;428;184;PETROLINA;Manobra de mudança de faixa;Colisão traseira;Com Vítimas Feridas;Pleno dia;Decrescente;Céu Claro;Dupla;"Reta;Retorno Regulamentado";Sim;2;0;1;0;0;1;1;2;-9,33280626;-40,46631575;SPRF-PE;DEL06-PE;UOP01-DEL06-PE
624298;29/08/2024;quinta-feira;08:45:00;ES;101;205,5;JOAO NEIVA;Retorno proibido;Colisão transversal;Com Vítimas Feridas;Pleno dia;Crescente;Céu Claro;Simples;Declive;Sim;3;0;2;0;0;1;2;2;-19,76435421;-40,37263919;SPRF-ES;DEL02-ES;UOP01-DEL02-ES
624302;29/08/2024;quinta-feira;08:08:00;TO;153;334;GUARAI;Acessar a via sem observar a presença dos outros veículos;Colisão transversal;Com Vítimas Feridas;Pleno dia;Decrescente;Céu Claro;Dupla;"Reta;Interseção de Vias";Sim;2;0;0;1;0;1;1;2;-8,835718;-48,512123;SPRF-TO;DEL02-TO;UOP02-DEL02-TO
624303;29/08/2024;quinta-feira;09:10:00;PB;230;22;JOAO PESSOA;Trafegar com motocicleta (ou similar) entre as faixas;Colisão lateral mesmo sentido;Com Vítimas Feridas;Pleno dia;Decrescente;Sol;Dupla;Reta;Sim;4;0;1;0;3;0;1;3;-7,1495;-34,8517;SPRF-PB;DEL01-PB;UOP01-DEL01-PB
624304;29/08/2024;quinta-feira;09:50:00;SP;116;218;GUARULHOS;Reação tardia ou ineficiente do condutor;Colisão traseira;Com Vítimas Feridas;Pleno dia;Decrescente;Sol;Múltipla;"Reta;Aclive";Sim;2;0;1;0;1;0;1;2;-23,457972;-46,479927;SPRF-SP;DEL01-SP;UOP01-DEL01-SP
624305;29/08/2024;quinta-feira;09:00:00;CE;304;49,5;ARACATI;Acessar a via sem observar a presença dos outros veículos;Colisão transversal;Com Vítimas Feridas;Pleno dia;Decrescente;Céu Claro;Simples;Curva;Sim;3;0;0;2;0;1;2;2;-4,57900414;-37,77070889;SPRF-CE;DEL03-CE;UOP03-DEL03-CE
624306;23/08/2024;sexta-feira;09:00:00;MS;163;115;ITAQUIRAI;Reação tardia ou ineficiente do condutor;Tombamento;Com Vítimas Feridas;Pleno dia;Decrescente;Chuva;Simples;Reta;Não;2;0;1;1;0;0;2;1;-23,16656058;-54,20001984;SPRF-MS;DEL09-MS;UOP01-DEL09-MS
624307;29/08/2024;quinta-feira;08:50:00;SP;116;219;GUARULHOS;Reação tardia ou ineficiente do condutor;Colisão lateral mesmo sentido;Sem Vítimas;Pleno dia;Crescente;Céu Claro;Múltipla;Reta;Sim;2;0;0;0;1;1;0;2;-23,46143954;-46,48885316;SPRF-SP;DEL01-SP;UOP01-DEL01-SP
624309;29/08/2024;quinta-feira;09:15:00;PR;369;187,4;ARAPONGAS;Acessar a via sem observar a presença dos outros veículos;Colisão transversal;Com Vítimas Feridas;Pleno dia;Crescente;Sol;Simples;Reta;Sim;2;0;1;0;1;0;1;2;-23,42751;-51,4232;SPRF-PR;DEL07-PR;UOP03-DEL07-PR
624310;29/08/2024;quinta-feira;09:30:00;PE;101;54;PAULISTA;Acessar a via sem observar a presença dos outros veículos;Colisão frontal;Com Vítimas Feridas;Pleno dia;Decrescente;Céu Claro;Simples;Reta;Sim;2;0;1;0;1;0;1;2;-7,94588901;-34,90476608;SPRF-PE;DEL01-PE;UOP02-DEL01-PE
624311;29/08/2024;quinta-feira;07:30:00;SC;280;25;ARAQUARI;Transitar no Acostamento;Colisão transversal;Com Vítimas Feridas;Pleno dia;Crescente;Céu Claro;Simples;Interseção de Vias;Sim;2;0;1;0;1;0;1;2;-26,38243166;-48,72550249;SPRF-SC;DEL03-SC;UOP03-DEL03-SC
624312;29/08/2024;quinta-feira;09:15:00;RS;386;270,5;FONTOURA XAVIER;Pedestre - Ingestão de álcool/ substâncias psicoativas;Atropelamento de Pedestre;Com Vítimas Feridas;Pleno dia;Crescente;Nublado;Simples;Reta;Sim;4;0;0;1;3;0;1;2;-28,972395;-52,369072;SPRF-RS;DEL04-RS;UOP03-DEL04-RS
624315;29/08/2024;quinta-feira;11:30:00;SP;116;282;ITAPECERICA DA SERRA;Reação tardia ou ineficiente do condutor;Tombamento;Com Vítimas Feridas;Pleno dia;Decrescente;Céu Claro;Dupla;Reta;Sim;1;0;0;1;0;0;1;1;-23,68570216;-46,85970975;SPRF-SP;DEL04-SP;UOP01-DEL04-SP
624317;29/08/2024;quinta-feira;01:40:00;MS;463;22;DOURADOS;Ausência de reação do condutor;Saída de leito carroçável;Sem Vítimas;Plena Noite;Decrescente;Céu Claro;Simples;Reta;Não;1;0;0;0;0;1;0;1;-22,26975269;-55,00053321;SPRF-MS;DEL04-MS;UOP03-DEL04-MS
624318;29/08/2024;quinta-feira;11:55:00;SC;282;1;FLORIANOPOLIS;Condutor deixou de manter distância do veículo da frente;Engavetamento;Com Vítimas Feridas;Pleno dia;Decrescente;Sol;Múltipla;Reta;Sim;3;0;1;0;2;0;1;3;-27,602955;-48,580509;SPRF-SC;DEL01-SC;UOP01-DEL01-SC
624319;29/08/2024;quinta-feira;11:16:00;ES;101;305,9;VIANA;Avarias e/ou desgaste excessivo no pneu;Queda de ocupante de veículo;Com Vítimas Feridas;Pleno dia;Crescente;Céu Claro;Dupla;Curva;Não;2;0;2;0;0;0;2;1;-20,38392;-40,461254;SPRF-ES;DEL01-ES;UOP01-DEL01-ES
624321;29/08/2024;quinta-feira;11:40:00;BA;116;465;SANTO ESTEVAO;Ausência de reação do condutor;Colisão com objeto;Com Vítimas Feridas;Pleno dia;Decrescente;Garoa/Chuvisco;Dupla;Reta;Sim;2;0;2;0;0;0;2;1;-12,465958;-39,281519;SPRF-BA;DEL02-BA;UOP01-DEL02-BA
624322;29/08/2024;quinta-feira;13:00:00;RN;101;105;PARNAMIRIM;Pista Escorregadia;Tombamento;Com Vítimas Feridas;Pleno dia;Crescente;Céu Claro;Dupla;Túnel;Sim;2;0;2;0;0;0;2;1;-5,90165196;-35,25928517;SPRF-RN;DEL01-RN;UOP01-DEL01-RN
624324;29/08/2024;quinta-feira;12:45:00;PE;232;54;POMBOS;Manobra de mudança de faixa;Colisão transversal;Com Vítimas Feridas;Pleno dia;Crescente;Céu Claro;Dupla;Reta;Não;4;0;2;0;2;0;2;2;-8,12919504;-35,35716398;SPRF-PE;DEL02-PE;UOP02-DEL02PE
624325;29/08/2024;quinta-feira;13:30:00;RS;116;261;CANOAS;Manobra de mudança de faixa;Tombamento;Com Vítimas Feridas;Pleno dia;Decrescente;Céu Claro;Dupla;Reta;Sim;5;0;1;0;4;0;1;2;-29,89950167;-51,17614746;SPRF-RS;DEL01-RS;UOP01-DEL01-RS
624326;09/05/2024;quinta-feira;21:15:00;RJ;101;578;PARATY;Condutor deixou de manter distância do veículo da frente;Colisão traseira;Com Vítimas Feridas;Plena Noite;Decrescente;Céu Claro;Simples;Reta;Não;4;0;2;2;0;0;4;2;-23,23539058;-44,71182799;SPRF-RJ;DEL03-RJ;UOP04-DEL03-RJ
624327;29/08/2024;quinta-feira;11:35:00;SC;101;131,4;CAMBORIU;Acessar a via sem observar a presença dos outros veículos;Colisão transversal;Com Vítimas Feridas;Pleno dia;Crescente;Céu Claro;Múltipla;Reta;Sim;2;0;1;0;1;0;1;2;-26,99289404;-48,6615479;SPRF-SC;DEL04-SC;UOP03-DEL04-SC
624328;29/08/2024;quinta-feira;13:20:00;MG;381;485;BETIM;Velocidade Incompatível;Tombamento;Com Vítimas Feridas;Pleno dia;Crescente;Céu Claro;Dupla;Curva;Sim;1;0;1;0;0;0;1;1;-19,95659361;-44,12622893;SPRF-MG;DEL01-MG;UOP03-DEL01-MG
624332;29/08/2024;quinta-feira;12:40:00;MT;364;273,8;JACIARA;Reação tardia ou ineficiente do condutor;Colisão traseira;Com Vítimas Feridas;Pleno dia;Crescente;Sol;Dupla;Rotatória;Sim;2;0;0;1;0;1;1;2;-15,96077957;-54,96772983;SPRF-MT;DEL05-MT;UOP02-DEL05-MT
624333;29/08/2024;quinta-feira;11:30:00;RR;0;0;BOA VISTA;Trafegar com motocicleta (ou similar) entre as faixas;Colisão lateral mesmo sentido;Sem Vítimas;Pleno dia;Não Informado;Céu Claro;Múltipla;"Reta;Interseção de Vias";Sim;2;0;0;0;2;0;0;2;2,79605692;-60,69818258;SPRF-RR;DEL01-RR;UOP01-DEL01-RR
624334;29/08/2024;quinta-feira;12:10:00;MG;116;515;UBAPORANGA;Ausência de reação do condutor;Queda de ocupante de veículo;Com Vítimas Feridas;Pleno dia;Decrescente;Céu Claro;Simples;Curva;Não;1;0;1;0;0;0;1;1;-19,68778501;-42,11758577;SPRF-MG;DEL06-MG;UOP02-DEL06-MG
624336;29/08/2024;quinta-feira;13:40:00;RN;304;265;SAO PEDRO;Condutor Dormindo;Capotamento;Com Vítimas Feridas;Pleno dia;Crescente;Céu Claro;Simples;Reta;Não;3;0;1;0;2;0;1;1;-5,85881009;-35,62110202;SPRF-RN;DEL01-RN;UOP02-DEL01-RN
624339;29/08/2024;quinta-feira;13:40:00;PR;373;261;PRUDENTOPOLIS;Acessar a via sem observar a presença dos outros veículos;Colisão transversal;Com Vítimas Feridas;Pleno dia;Crescente;Céu Claro;Simples;"Interseção de Vias;Reta;Retorno Regulamentado;Rotatória";Sim;2;0;2;0;0;0;2;2;-25,20210369;-50,94851196;SPRF-PR;DEL08-PR;UOP01-DEL08-PR
624340;29/08/2024;quinta-feira;14:00:00;SC;280;125,9;RIO NEGRINHO;Mal súbito do condutor;Colisão traseira;Com Vítimas Feridas;Pleno dia;Decrescente;Céu Claro;Simples;"Declive;Em Obras;Reta";Sim;3;0;0;1;2;0;1;2;-26,23763684;-49,48434497;SPRF-SC;DEL06-SC;UOP03-DEL06-SC
624342;29/08/2024;quinta-feira;13:45:00;SC;101;339,2;TUBARAO;Desrespeitar a preferência no cruzamento;Colisão transversal;Com Vítimas Feridas;Pleno dia;Decrescente;Nublado;Múltipla;"Interseção de Vias;Viaduto";Sim;2;0;1;0;1;0;1;2;-28,49351117;-49,04178985;SPRF-SC;DEL02-SC;UOP01-DEL02-SC
624343;29/08/2024;quinta-feira;13:30:00;ES;259;54,5;COLATINA;Ausência de reação do condutor;Colisão traseira;Com Vítimas Fatais;Pleno dia;Crescente;Sol;Simples;Reta;Não;3;1;2;0;0;0;2;2;-19,49717055;-40,63711495;SPRF-ES;DEL02-ES;UOP01-DEL02-ES
624344;29/08/2024;quinta-feira;12:00:00;RO;435;85;COLORADO DO OESTE;Ultrapassagem Indevida;Colisão transversal;Com Vítimas Feridas;Pleno dia;Crescente;Céu Claro;Simples;Reta;Sim;3;0;2;0;1;0;2;2;-13,12928032;-60,54365873;SPRF-RO;DEL04-RO;UOP02-DEL04-RO
624347;29/08/2024;quinta-feira;14:20:00;TO;10;457,7;PALMAS;Condutor deixou de manter distância do veículo da frente;Colisão traseira;Sem Vítimas;Pleno dia;Crescente;Céu Claro;Múltipla;"Aclive;Curva";Não;6;0;0;0;5;1;0;2;-10,20499186;-48,16363986;SPRF-TO;DEL01-TO;UOP03-DEL01-TO
624348;29/08/2024;quinta-feira;13:50:00;MG;116;524,5;CARATINGA;Acessar a via sem observar a presença dos outros veículos;Colisão transversal;Com Vítimas Feridas;Pleno dia;Crescente;Céu Claro;Simples;Reta;Não;2;0;1;0;0;1;1;2;-19,76027352;-42,13398823;SPRF-MG;DEL06-MG;UOP02-DEL06-MG
624349;29/08/2024;quinta-feira;13:20:00;BA;410;3;RIBEIRA DO POMBAL;Acostamento em desnível;Queda de ocupante de veículo;Com Vítimas Feridas;Pleno dia;Crescente;Céu Claro;Simples;Reta;Sim;2;0;1;1;0;0;2;1;-10,82231943;-38,54118347;SPRF-BA;DEL07-BA;UOP02-DEL07-BA
624350;24/08/2024;sábado;06:30:00;PR;272;527;FRANCISCO ALVES;Animais na Pista;Atropelamento de Animal;Sem Vítimas;Plena Noite;Crescente;Garoa/Chuvisco;Simples;Reta;Não;2;0;0;0;2;0;0;1;-24,06422324;-53,84166312;SPRF-PR;DEL06-PR;UOP01-DEL06-PR
624352;13/08/2024;terça-feira;20:00:00;RJ;116;182;NOVA IGUACU;Manobra de mudança de faixa;Queda de ocupante de veículo;Com Vítimas Feridas;Plena Noite;Crescente;Céu Claro;Múltipla;Reta;Sim;2;0;1;0;1;0;1;1;-22,7567755;-43,43107234;SPRF-RJ;DEL06-RJ;UOP01-DEL06-RJ
624353;29/08/2024;quinta-feira;14:10:00;CE;116;368;ICO;Transitar na contramão;Colisão frontal;Com Vítimas Fatais;Pleno dia;Crescente;Céu Claro;Simples;Reta;Não;3;1;0;1;0;1;1;2;-6,370863;-38,796143;SPRF-CE;DEL05-CE;UOP01-DEL05-CE
624356;17/08/2024;sábado;15:30:00;PR;116;108;SAO JOSE DOS PINHAIS;Reação tardia ou ineficiente do condutor;Colisão traseira;Com Vítimas Feridas;Pleno dia;Crescente;Céu Claro;Dupla;"Reta;Ponte";Não;2;0;1;0;1;0;1;2;-25,566698;-49,239815;SPRF-PR;DEL01-PR;UOP07-DEL01-PR
624357;29/08/2024;quinta-feira;11:00:00;RJ;116;14;SAPUCAIA;Velocidade Incompatível;Saída de leito carroçável;Com Vítimas Feridas;Pleno dia;Crescente;Sol;Simples;"Aclive;Curva;Ponte";Não;3;0;2;1;0;0;3;1;-21,96021372;-42,7364942;SPRF-RJ;DEL05-RJ;UOP01-DEL05-RJ
624359;29/08/2024;quinta-feira;15:10:00;BA;324;599;SIMOES FILHO;Condutor Dormindo;Colisão traseira;Sem Vítimas;Pleno dia;Crescente;Garoa/Chuvisco;Dupla;Reta;Sim;3;0;0;0;3;0;0;3;-12,74194511;-38,43853918;SPRF-BA;DEL01-BA;UOP01-DEL01-BA
624360;29/08/2024;quinta-feira;13:45:00;PR;376;528,2;PONTA GROSSA;Reação tardia ou ineficiente do condutor;Saída de leito carroçável;Com Vítimas Feridas;Pleno dia;Crescente;Céu Claro;Dupla;Reta;Não;1;0;0;1;0;0;1;1;-25,284;-49,912;SPRF-PR;DEL03-PR;UOP04-DEL03-PR
624361;29/08/2024;quinta-feira;15:50:00;DF;60;3;BRASILIA;Condutor deixou de manter distância do veículo da frente;Colisão lateral mesmo sentido;Com Vítimas Feridas;Pleno dia;Decrescente;Céu Claro;Dupla;Reta;Sim;3;0;1;0;0;2;1;3;-15,890521;-48,086864;SPRF-DF;DEL03-DF;UOP01-DEL03-DF
624362;29/08/2024;quinta-feira;14:45:00;PR;277;655,7;MATELANDIA;Demais falhas mecânicas ou elétricas;Incêndio;Sem Vítimas;Pleno dia;Decrescente;Céu Claro;Dupla;"Reta;Aclive";Sim;1;0;0;0;1;0;0;1;-25,2307921;-53,95278694;SPRF-PR;DEL05-PR;UOP02-DEL05-PR
624364;29/08/2024;quinta-feira;14:30:00;SC;280;58,8;GUARAMIRIM;Reação tardia ou ineficiente do condutor;Colisão traseira;Com Vítimas Feridas;Pleno dia;Decrescente;Céu Claro;Dupla;Reta;Não;2;0;1;0;1;0;1;2;-26,47415593;-49,021211;SPRF-SC;DEL03-SC;UOP03-DEL03-SC
624365;29/08/2024;quinta-feira;13:45:00;AL;101;81,9;RIO LARGO;Demais falhas mecânicas ou elétricas;Capotamento;Com Vítimas Feridas;Pleno dia;Decrescente;Sol;Dupla;"Declive;Reta";Não;2;0;1;1;0;0;2;1;-9,44701176;-35,851915;SPRF-AL;DEL01-AL;UOP01-DEL01-AL
624367;29/08/2024;quinta-feira;16:15:00;SC;470;136;RIO DO SUL;Acessar a via sem observar a presença dos outros veículos;Colisão transversal;Com Vítimas Feridas;Pleno dia;Decrescente;Céu Claro;Simples;"Interseção de Vias;Reta;Declive";Sim;4;0;2;1;1;0;3;2;-27,194323;-49,624554;SPRF-SC;DEL04-SC;UOP02-DEL04-SC
624368;29/08/2024;quinta-feira;16:30:00;MG;459;59,3;IPUIUNA;Ingestão de álcool pelo condutor;Saída de leito carroçável;Com Vítimas Feridas;Pleno dia;Crescente;Céu Claro;Simples;Curva;Não;3;0;1;0;2;0;1;1;-22,091995;-46,213844;SPRF-MG;DEL09-MG;UOP01-DEL09-MG
624370;29/08/2024;quinta-feira;16:45:00;RS;116;246;SAO LEOPOLDO;Trafegar com motocicleta (ou similar) entre as faixas;Colisão lateral mesmo sentido;Com Vítimas Feridas;Pleno dia;Decrescente;Nublado;Múltipla;Ponte;Não;2;0;1;0;1;0;1;2;-29,758751;-51,15186806;SPRF-RS;DEL01-RS;UOP02-DEL01-RS