id;data_inversa;dia_semana;horario;uf;br;km;municipio;causa_acidente;tipo_acidente;classificacao_acidente;fase_dia;sentido_via;condicao_metereologica;tipo_pista;tracado_via;uso_solo;pessoas;mortos;feridos_leves;feridos_graves;ilesos;ignorados;feridos;veiculos;latitude;longitude;regional;delegacia;uop
624371;29/08/2024;quinta-feira;17:00:00;MG;50;174;UBERABA;Ausência de reação do condutor;Colisão com objeto;Com Vítimas Feridas;Pleno dia;Crescente;Céu Claro;Dupla;"Viaduto;Reta";Sim;2;0;1;1;0;0;2;1;-19,770817;-47,973434;SPRF-MG;DEL13-MG;UOP01-DEL13-MG
624373;29/08/2024;quinta-feira;17:35:00;SC;282;18,2;PALHOCA;Acessar a via sem observar a presença dos outros veículos;Colisão transversal;Com Vítimas Feridas;Anoitecer;Crescente;Céu Claro;Simples;Reta;Sim;3;0;0;1;1;1;1;3;-27,672798;-48,694286;SPRF-SC;DEL01-SC;UOP02-DEL01-SC
624374;29/08/2024;quinta-feira;16:20:00;SP;116;227;GUARULHOS;Sinalização mal posicionada;Colisão lateral mesmo sentido;Com Vítimas Feridas;Pleno dia;Crescente;Céu Claro;Múltipla;"Declive;Em Obras;Reta";Sim;2;0;1;0;1;0;1;2;-23,49659264;-46,55648754;SPRF-SP;DEL01-SP;UOP01-DEL01-SP
624375;29/08/2024;quinta-feira;17:25:00;GO;20;8;FORMOSA;Reação tardia ou ineficiente do condutor;Colisão traseira;Com Vítimas Feridas;Pleno dia;Decrescente;Céu Claro;Simples;Reta;Não;3;0;1;0;2;0;1;3;-15,551153;-47,283253;SPRF-DF;DEL02-DF;UOP02-DEL02-DF
624376;29/08/2024;quinta-feira;14:00:00;ES;259;62,2;COLATINA;Ausência de reação do condutor;Colisão frontal;Com Vítimas Feridas;Pleno dia;Crescente;Céu Claro;Simples;Reta;Sim;4;0;0;2;2;0;2;2;-19,53079717;-40,68209478;SPRF-ES;DEL02-ES;UOP01-DEL02-ES
624378;29/08/2024;quinta-feira;10:55:00;RJ;116;103;GUAPIMIRIM;Acumulo de óleo sobre o pavimento;Queda de ocupante de veículo;Com Vítimas Feridas;Pleno dia;Decrescente;Céu Claro;Dupla;"Aclive;Curva";Não;1;0;1;0;0;0;1;1;-22,5031646;-42,99910415;SPRF-RJ;DEL04-RJ;UOP01-DEL04-RJ
624380;29/08/2024;quinta-feira;18:00:00;GO;153;494;GOIANIA;Demais falhas mecânicas ou elétricas;Queda de ocupante de veículo;Com Vítimas Feridas;Pleno dia;Decrescente;Céu Claro;Dupla;"Declive;Reta";Sim;2;0;2;0;0;0;2;1;-16,6614;-49,2218;SPRF-GO;DEL01-GO;UOP01-DEL01-GO
624381;29/08/2024;quinta-feira;17:10:00;RJ;101;475;ANGRA DOS REIS;Avarias e/ou desgaste excessivo no pneu;Queda de ocupante de veículo;Com Vítimas Feridas;Pleno dia;Decrescente;Céu Claro;Simples;Reta;Não;2;0;1;1;0;0;2;1;-23,00030529;-44,25655988;SPRF-RJ;DEL03-RJ;UOP03-DEL03-RJ
624383;29/08/2024;quinta-feira;16:32:00;SP;381;58;MAIRIPORA;Reação tardia ou ineficiente do condutor;Queda de ocupante de veículo;Sem Vítimas;Pleno dia;Crescente;Sol;Dupla;"Aclive;Reta";Não;2;0;0;0;2;0;0;2;-23,27438497;-46,58530615;SPRF-SP;DEL03-SP;UOP01-DEL03-SP
624384;29/08/2024;quinta-feira;14:57:00;RJ;101;470,3;ANGRA DOS REIS;Acessar a via sem observar a presença dos outros veículos;Colisão transversal;Com Vítimas Feridas;Pleno dia;Crescente;Céu Claro;Simples;Reta;Sim;2;0;1;0;1;0;1;2;-23,00442922;-44,23009579;SPRF-RJ;DEL03-RJ;UOP03-DEL03-RJ
624385;29/08/2024;quinta-feira;17:45:00;PR;277;4,5;PARANAGUA;Pedestre andava na pista;Atropelamento de Pedestre;Com Vítimas Feridas;Anoitecer;Decrescente;Céu Claro;Simples;Reta;Sim;2;0;1;1;0;0;2;2;-25,568198;-48,615292;SPRF-PR;DEL01-PR;UOP05-DEL01-PR
624386;29/08/2024;quinta-feira;18:00:00;PR;153;41,6;SANTO ANTONIO DA PLATINA;Reação tardia ou ineficiente do condutor;Queda de ocupante de veículo;Com Vítimas Feridas;Plena Noite;Crescente;Céu Claro;Simples;Reta;Sim;1;0;1;0;0;0;1;1;-23,29527926;-50,06581306;SPRF-PR;DEL07-PR;UOP04-DEL07-PR
624387;29/08/2024;quinta-feira;18:15:00;CE;116;2;FORTALEZA;Ausência de reação do condutor;Engavetamento;Com Vítimas Feridas;Plena Noite;Crescente;Céu Claro;Múltipla;Reta;Sim;3;0;2;0;1;0;2;3;-3,77019802;-38,51724508;SPRF-CE;DEL01-CE;UOP02-DEL01-CE
624388;29/08/2024;quinta-feira;17:30:00;MG;40;704,5;BARBACENA;Reação tardia ou ineficiente do condutor;Colisão com objeto;Com Vítimas Feridas;Anoitecer;Crescente;Céu Claro;Dupla;Reta;Não;1;0;1;0;0;0;1;1;-21,20817;-43,74966601;SPRF-MG;DEL05-MG;UOP02-DEL05-MG
624389;29/08/2024;quinta-feira;16:30:00;RJ;393;162;TRES RIOS;Reação tardia ou ineficiente do condutor;Queda de ocupante de veículo;Sem Vítimas;Pleno dia;Crescente;Sol;Dupla;"Aclive;Curva";Não;1;0;0;0;0;1;0;1;-22,10618725;-43,10077682;SPRF-RJ;DEL05-RJ;UOP01-DEL05-RJ
624390;29/08/2024;quinta-feira;18:35:00;RN;110;49,2;MOSSORO;Reação tardia ou ineficiente do condutor;Tombamento;Com Vítimas Feridas;Plena Noite;Decrescente;Céu Claro;Dupla;"Retorno Regulamentado;Reta;Interseção de Vias";Sim;1;0;1;0;0;0;1;1;-5,21840015;-37,32803464;SPRF-RN;DEL04-RN;UOP01-DEL04-RN
624391;29/08/2024;quinta-feira;17:43:00;SP;116;532,8;BARRA DO TURVO;Reação tardia ou ineficiente do condutor;Capotamento;Com Vítimas Feridas;Pleno dia;Crescente;Céu Claro;Dupla;Reta;Não;4;0;3;1;0;0;4;1;-24,9288341;-48,2715556;SPRF-SP;DEL05-SP;UOP02-DEL05-SP
624392;29/08/2024;quinta-feira;17:15:00;SC;101;215,7;PALHOCA;Condutor deixou de manter distância do veículo da frente;Colisão traseira;Com Vítimas Feridas;Anoitecer;Crescente;Céu Claro;Múltipla;Reta;Não;4;0;1;0;3;0;1;4;-27,65184843;-48,67604941;SPRF-SC;DEL01-SC;UOP02-DEL01-SC
624393;29/08/2024;quinta-feira;17:10:00;ES;101;140;LINHARES;Acessar a via sem observar a presença dos outros veículos;Colisão transversal;Com Vítimas Feridas;Anoitecer;Decrescente;Céu Claro;Múltipla;"Reta;Interseção de Vias";Não;4;0;0;1;3;0;1;2;-19,31817306;-40,07552313;SPRF-ES;DEL04-ES;UOP01-DEL04-ES
624394;29/08/2024;quinta-feira;15:00:00;SC;116;181,1;SAO CRISTOVAO DO SUL;Ausência de reação do condutor;Saída de leito carroçável;Com Vítimas Feridas;Pleno dia;Decrescente;Céu Claro;Simples;Reta;Não;1;0;1;0;0;0;1;1;-27,27669768;-50,43795347;SPRF-SC;DEL05-SC;UOP03-DEL05-SC
624396;29/08/2024;quinta-feira;18:15:00;MG;365;700;MONTE ALEGRE DE MINAS;Ausência de reação do condutor;Queda de ocupante de veículo;Com Vítimas Feridas;Plena Noite;Crescente;Nublado;Dupla;Reta;Não;1;0;1;0;0;0;1;1;-18,88013775;-48,99816201;SPRF-MG;DEL15-MG;UOP03-DEL15-MG
624399;29/08/2024;quinta-feira;12:00:00;RJ;116;176;SAO JOAO DE MERITI;Frear bruscamente;Colisão traseira;Sem Vítimas;Pleno dia;Crescente;Céu Claro;Dupla;Reta;Sim;4;0;0;0;4;0;0;2;-22,7839538;-43,38195488;SPRF-RJ;DEL06-RJ;UOP01-DEL06-RJ
624402;29/08/2024;quinta-feira;18:00:00;MG;262;51;MANHUACU;Acessar a via sem observar a presença dos outros veículos;Colisão transversal;Com Vítimas Feridas;Anoitecer;Decrescente;Céu Claro;Simples;Interseção de Vias;Sim;2;0;0;1;1;0;1;2;-20,24788425;-42,14549605;SPRF-MG;DEL06-MG;UOP03-DEL06-MG
624404;29/08/2024;quinta-feira;19:10:00;ES;101;271;SERRA;Trafegar com motocicleta (ou similar) entre as faixas;Colisão lateral mesmo sentido;Com Vítimas Feridas;Plena Noite;Crescente;Céu Claro;Dupla;Reta;Sim;2;0;1;0;1;0;1;2;-20,23267;-40,27658;SPRF-ES;DEL02-ES;UOP01-DEL02-ES
624405;29/08/2024;quinta-feira;18:00:00;PE;232;36;MORENO;Iluminação deficiente;Atropelamento de Pedestre;Com Vítimas Feridas;Plena Noite;Decrescente;Nublado;Dupla;"Reta;Retorno Regulamentado";Sim;2;0;1;0;0;1;1;2;-8,11082778;-35,20125807;SPRF-PE;DEL01-PE;UOP01-DEL01-PE
624406;29/08/2024;quinta-feira;19:00:00;DF;40;2;BRASILIA;Trafegar com motocicleta (ou similar) entre as faixas;Colisão lateral mesmo sentido;Com Vítimas Feridas;Plena Noite;Crescente;Céu Claro;Dupla;Reta;Sim;2;0;1;0;1;0;1;2;-15,99435;-47,985947;SPRF-DF;DEL01-DF;UOP01-DEL01-DF
624410;29/08/2024;quinta-feira;15:00:00;SC;101;216;PALHOCA;Mal súbito do condutor;Queda de ocupante de veículo;Com Vítimas Feridas;Pleno dia;Decrescente;Céu Claro;Múltipla;Reta;Não;1;0;1;0;0;0;1;1;-27,65981409;-48,67747798;SPRF-SC;DEL01-SC;UOP02-DEL01-SC
624411;29/08/2024;quinta-feira;18:05:00;PB;230;136,9;CAMPINA GRANDE;Ausência de reação do condutor;Tombamento;Com Vítimas Feridas;Plena Noite;Decrescente;Céu Claro;Dupla;"Curva;Declive";Não;2;0;0;1;1;0;1;2;-7,27597722;-35,78256011;SPRF-PB;DEL02-PB;UOP01-DEL02-PB
624412;29/08/2024;quinta-feira;18:40:00;PR;376;6;MARINGA;Demais falhas mecânicas ou elétricas;Colisão com objeto;Com Vítimas Feridas;Plena Noite;Crescente;Céu Claro;Dupla;Curva;Sim;1;0;0;1;0;0;1;1;-23,38062;-51,95908;SPRF-PR;DEL09-PR;UOP01-DEL09-PR
624413;29/08/2024;quinta-feira;19:40:00;BA;116;814,8;VITORIA DA CONQUISTA;Acessar a via sem observar a presença dos outros veículos;Colisão frontal;Com Vítimas Feridas;Plena Noite;Crescente;Nublado;Simples;Reta;Sim;2;0;1;0;1;0;1;2;-14,76880012;-40,71367294;SPRF-BA;DEL08-BA;UOP01-DEL08-BA
624416;29/08/2024;quinta-feira;19:05:00;PB;230;22,8;JOAO PESSOA;Ausência de reação do condutor;Engavetamento;Com Vítimas Feridas;Plena Noite;Decrescente;Céu Claro;Dupla;Reta;Sim;4;0;1;0;3;0;1;3;-7,1495;-34,8517;SPRF-PB;DEL01-PB;UOP01-DEL01-PB
624417;29/08/2024;quinta-feira;19:15:00;RN;405;79,6;APODI;Manobra de mudança de faixa;Colisão lateral mesmo sentido;Com Vítimas Feridas;Plena Noite;Crescente;Céu Claro;Simples;Interseção de Vias;Sim;3;0;2;1;0;0;3;2;-5,67531095;-37,78801987;SPRF-RN;DEL04-RN;UOP02-DEL04-RN
624418;29/08/2024;quinta-feira;18:20:00;MS;163;470;CAMPO GRANDE;Acessar a via sem observar a presença dos outros veículos;Tombamento;Com Vítimas Feridas;Plena Noite;Decrescente;Céu Claro;Simples;"Interseção de Vias;Curva";Não;1;0;1;0;0;0;1;1;-20,55998503;-54,55711228;SPRF-MS;DEL01-MS;UOP01-DEL01-MS
624420;29/08/2024;quinta-feira;19:20:00;DF;20;1,8;BRASILIA;Acessar a via sem observar a presença dos outros veículos;Colisão lateral mesmo sentido;Com Vítimas Feridas;Plena Noite;Decrescente;Céu Claro;Múltipla;Reta;Sim;5;0;1;0;3;1;1;3;-15,685814;-47,849838;SPRF-DF;DEL02-DF;UOP01-DEL02-DF
624421;29/08/2024;quinta-feira;19:45:00;GO;40;12;LUZIANIA;Velocidade Incompatível;Colisão traseira;Com Vítimas Feridas;Plena Noite;Crescente;Céu Claro;Dupla;Reta;Sim;2;0;1;0;1;0;1;2;-16,145123;-47,945382;SPRF-DF;DEL01-DF;UOP01-DEL01-DF
624422;29/08/2024;quinta-feira;20:20:00;SP;116;220;GUARULHOS;Acesso irregular;Colisão com objeto;Com Vítimas Feridas;Plena Noite;Decrescente;Céu Claro;Múltipla;"Desvio Temporário;Em Obras;Reta";Sim;1;0;1;0;0;0;1;1;-23,46472809;-46,49793962;SPRF-SP;DEL01-SP;UOP01-DEL01-SP
624424;29/08/2024;quinta-feira;19:30:00;ES;101;147;LINHARES;Acessar a via sem observar a presença dos outros veículos;Colisão transversal;Com Vítimas Feridas;Plena Noite;Crescente;Céu Claro;Simples;"Reta;Interseção de Vias";Sim;2;0;1;0;1;0;1;2;-19,37887202;-40,06657892;SPRF-ES;DEL04-ES;UOP01-DEL04-ES
624427;29/08/2024;quinta-feira;19:30:00;BA;324;513;FEIRA DE SANTANA;Conversão proibida;Colisão transversal;Com Vítimas Feridas;Plena Noite;Crescente;Garoa/Chuvisco;Simples;Reta;Sim;2;0;0;1;1;0;1;2;-12,23220397;-38,95283103;SPRF-BA;DEL02-BA;UOP01-DEL02-BA
624428;29/08/2024;quinta-feira;20:15:00;MG;40;503,1;RIBEIRAO DAS NEVES;Pedestre andava na pista;Atropelamento de Pedestre;Com Vítimas Feridas;Plena Noite;Crescente;Céu Claro;Dupla;"Declive;Reta";Não;3;0;2;1;0;0;3;2;-19,72217;-44,15563;SPRF-MG;DEL02-MG;UOP01-DEL02-MG
624430;29/08/2024;quinta-feira;19:10:00;CE;222;173;IRAUCUBA;Animais na Pista;Atropelamento de Animal;Com Vítimas Feridas;Plena Noite;Decrescente;Céu Claro;Simples;Reta;Não;2;0;2;0;0;0;2;1;-3,75199327;-39,98592198;SPRF-CE;DEL04-CE;UOP03-DEL04-CE
624431;29/08/2024;quinta-feira;20:10:00;MG;40;518;RIBEIRAO DAS NEVES;Trafegar com motocicleta (ou similar) entre as faixas;Queda de ocupante de veículo;Com Vítimas Feridas;Plena Noite;Decrescente;Céu Claro;Dupla;Reta;Sim;2;0;1;0;1;0;1;1;-19,8321242;-44,08208533;SPRF-MG;DEL01-MG;UOP02-DEL01-MG
624433;07/07/2024;domingo;19:30:00;PA;230;92;SAO JOAO DO ARAGUAIA;Velocidade Incompatível;Colisão traseira;Com Vítimas Feridas;Plena Noite;Crescente;Céu Claro;Simples;Reta;Não;6;0;5;0;0;1;5;2;-5,45190108;-48,89450606;SPRF-PA;DEL03-PA;UOP01-DEL03-PA
624434;29/08/2024;quinta-feira;20:52:00;TO;10;463;PALMAS;Avarias e/ou desgaste excessivo no pneu;Queda de ocupante de veículo;Com Vítimas Feridas;Plena Noite;Decrescente;Céu Claro;Múltipla;Reta;Sim;2;0;1;1;0;0;2;1;-10,23547959;-48,31197023;SPRF-TO;DEL01-TO;UOP03-DEL01-TO
624436;29/08/2024;quinta-feira;19:45:00;PR;369;57;BANDEIRANTES;Condutor deixou de manter distância do veículo da frente;Colisão traseira;Com Vítimas Feridas;Plena Noite;Crescente;Céu Claro;Simples;"Reta;Interseção de Vias";Sim;2;0;1;0;0;1;1;2;-23,11769375;-50,37525952;SPRF-PR;DEL07-PR;UOP05-DEL07-PR
624437;29/08/2024;quinta-feira;21:20:00;RJ;356;161,7;CAMPOS DOS GOYTACAZES;Animais na Pista;Atropelamento de Animal;Com Vítimas Feridas;Plena Noite;Crescente;Céu Claro;Simples;Reta;Não;5;0;1;0;4;0;1;3;-21,71362833;-41,1635068;SPRF-RJ;DEL08-RJ;UOP02-DEL08-RJ
624438;29/08/2024;quinta-feira;21:40:00;CE;222;4,8;CAUCAIA;Ausência de reação do condutor;Colisão transversal;Com Vítimas Feridas;Plena Noite;Decrescente;Céu Claro;Múltipla;Interseção de Vias;Sim;3;0;3;0;0;0;3;3;-3,742667;-38,612092;SPRF-CE;DEL01-CE;UOP01-DEL01-CE
624439;29/08/2024;quinta-feira;21:25:00;GO;153;305,1;RIALMA;Ausência de reação do condutor;Colisão com objeto;Sem Vítimas;Plena Noite;Crescente;Céu Claro;Simples;"Curva;Aclive";Não;2;0;0;0;2;0;0;2;-15,319148;-49,572132;SPRF-GO;DEL02-GO;UOP02-DEL02-GO
624440;29/08/2024;quinta-feira;21:20:00;PA;230;116;MARABA;Reação tardia ou ineficiente do condutor;Colisão com objeto;Sem Vítimas;Plena Noite;Crescente;Céu Claro;Dupla;Retorno Regulamentado;Sim;1;0;0;0;1;0;0;1;-5,35947454;-49,08301084;SPRF-PA;DEL03-PA;UOP01-DEL03-PA
624441;29/08/2024;quinta-feira;22:00:00;RN;101;109,3;PARNAMIRIM;Condutor deixou de manter distância do veículo da frente;Colisão traseira;Com Vítimas Feridas;Plena Noite;Decrescente;Nublado;Múltipla;"Reta;Retorno Regulamentado";Sim;2;0;1;0;1;0;1;2;-5,937378;-35,26483;SPRF-RN;DEL01-RN;UOP01-DEL01-RN
624443;29/08/2024;quinta-feira;21:29:00;PE;101;83;JABOATAO DOS GUARARAPES;Acessar a via sem observar a presença dos outros veículos;Colisão transversal;Sem Vítimas;Plena Noite;Crescente;Céu Claro;Dupla;Retorno Regulamentado;Não;2;0;0;0;1;1;0;2;-8,175172;-34,942642;SPRF-PE;DEL01-PE;UOP01-DEL01-PE
624444;29/08/2024;quinta-feira;20:20:00;PR;116;191;CAMPO DO TENENTE;Condutor deixou de manter distância do veículo da frente;Colisão traseira;Sem Vítimas;Plena Noite;Decrescente;Céu Claro;Simples;Reta;Sim;3;0;0;0;3;0;0;2;-25,96297508;-49,65440887;SPRF-SC;DEL06-SC;UOP01-DEL06-SC
624445;29/08/2024;quinta-feira;16:10:00;AM;174;1118;PRESIDENTE FIGUEIREDO;Pista esburacada;Saída de leito carroçável;Sem Vítimas;Pleno dia;Decrescente;Nublado;Simples;Reta;Não;3;0;0;0;3;0;0;1;-1,04365891;-60,47610168;SPRF-AM;DEL01-AM;UOP02-DEL01-AM
624446;29/08/2024;quinta-feira;22:30:00;CE;20;204;BOA VIAGEM;Acessar a via sem observar a presença dos outros veículos;Colisão lateral mesmo sentido;Com Vítimas Feridas;Plena Noite;Crescente;Céu Claro;Simples;Reta;Sim;3;0;0;1;2;0;1;2;-5,12155025;-39,73264757;SPRF-CE;DEL02-CE;UOP02-DEL02-CE
624447;29/08/2024;quinta-feira;23:00:00;DF;70;18;BRASILIA;Ingestão de álcool pelo condutor;Colisão traseira;Com Vítimas Feridas;Plena Noite;Crescente;Vento;Dupla;"Reta;Retorno Regulamentado";Sim;2;0;1;0;1;0;1;2;-15,791093;-48,21096;SPRF-DF;DEL03-DF;UOP02-DEL03-DF
624449;29/08/2024;quinta-feira;23:45:00;PR;116;155;MANDIRITUBA;Ingestão de álcool pelo condutor;Colisão frontal;Sem Vítimas;Plena Noite;Crescente;Céu Claro;Simples;Curva;Não;2;0;0;0;1;1;0;2;-25,85128206;-49,35740289;SPRF-PR;DEL01-PR;UOP03-DEL01-PR
624450;29/08/2024;quinta-feira;22:50:00;RS;101;56,8;MAQUINE;Ingestão de álcool pelo condutor;Colisão com objeto;Sem Vítimas;Plena Noite;Crescente;Nublado;Dupla;Curva;Não;1;0;0;0;1;0;0;1;-29,65200649;-50,11956673;SPRF-RS;DEL03-RS;UOP02-DEL03-RS
624451;29/08/2024;quinta-feira;21:30:00;PR;116;207,4;RIO NEGRO;Animais na Pista;Atropelamento de Animal;Com Vítimas Feridas;Plena Noite;Crescente;Nublado;Simples;Declive;Sim;3;0;2;1;0;0;3;2;-26,06998593;-49,73493401;SPRF-SC;DEL06-SC;UOP01-DEL06-SC
624453;29/08/2024;quinta-feira;22:15:00;AL;101;81;RIO LARGO;Pedestre andava na pista;Atropelamento de Pedestre;Com Vítimas Feridas;Plena Noite;Decrescente;Céu Claro;Dupla;"Reta;Aclive";Não;2;0;0;1;0;1;1;2;-9,44701176;-35,851915;SPRF-AL;DEL01-AL;UOP01-DEL01-AL
624454;29/08/2024;quinta-feira;19:50:00;MA;222;539;BOM JESUS DAS SELVAS;Reação tardia ou ineficiente do condutor;Capotamento;Com Vítimas Fatais;Plena Noite;Crescente;Céu Claro;Simples;"Curva;Declive";Não;1;1;0;0;0;0;0;1;-4,30563687;-46,55285005;SPRF-MA;DEL04-MA;UOP03-DEL04-MA
624455;30/08/2024;sexta-feira;00:15:00;SC;282;503,9;XANXERE;Velocidade Incompatível;Colisão com objeto;Com Vítimas Feridas;Plena Noite;Decrescente;Céu Claro;Dupla;"Reta;Declive";Sim;2;0;2;0;0;0;2;1;-26,884248;-52,408395;SPRF-SC;DEL07-SC;UOP01-DEL07-SC
624456;30/08/2024;sexta-feira;00:40:00;PR;376;227,7;APUCARANA;Reação tardia ou ineficiente do condutor;Eventos atípicos;Sem Vítimas;Plena Noite;Decrescente;Céu Claro;Dupla;"Retorno Regulamentado;Reta";Não;1;0;0;0;0;1;0;1;-23,56925406;-51,54729492;SPRF-PR;DEL07-PR;UOP03-DEL07-PR
624457;29/08/2024;quinta-feira;23:30:00;MT;163;844;SINOP;Ausência de reação do condutor;Tombamento;Com Vítimas Feridas;Plena Noite;Decrescente;Céu Claro;Simples;Interseção de Vias;Sim;1;0;1;0;0;0;1;1;-11,77802739;-55,47358632;SPRF-MT;DEL06-MT;UOP02-DEL06-MT
624459;25/08/2024;domingo;20:52:00;PR;277;670,7;MEDIANEIRA;Entrada inopinada do pedestre;Atropelamento de Pedestre;Com Vítimas Feridas;Plena Noite;Decrescente;Céu Claro;Dupla;Reta;Sim;2;0;0;1;1;0;1;2;-25,28275946;-54,08281803;SPRF-PR;DEL05-PR;UOP02-DEL05-PR
624460;30/08/2024;sexta-feira;02:00:00;MG;381;454;BELO HORIZONTE;Ausência de reação do condutor;Queda de ocupante de veículo;Com Vítimas Feridas;Plena Noite;Crescente;Céu Claro;Simples;Curva;Sim;1;0;1;0;0;0;1;1;-19,85593827;-43,89662047;SPRF-MG;DEL01-MG;UOP01-DEL01-MG
624461;30/08/2024;sexta-feira;02:20:00;RS;158;268;JULIO DE CASTILHOS;Ausência de reação do condutor;Saída de leito carroçável;Sem Vítimas;Plena Noite;Crescente;Nevoeiro/Neblina;Simples;Curva;Não;1;0;0;0;0;1;0;1;-29,276378;-53,668997;SPRF-RS;DEL09-RS;UOP01-DEL09-RS
624462;30/08/2024;sexta-feira;03:30:00;BA;116;387;SANTA BARBARA;Acessar a via sem observar a presença dos outros veículos;Colisão traseira;Com Vítimas Feridas;Plena Noite;Crescente;Chuva;Simples;Reta;Não;2;0;0;1;1;0;1;2;-11,92130802;-38,98299014;SPRF-BA;DEL02-BA;UOP01-DEL02-BA
624465;29/08/2024;quinta-feira;22:40:00;RJ;40;118;DUQUE DE CAXIAS;Acessar a via sem observar a presença dos outros veículos;Colisão traseira;Com Vítimas Feridas;Plena Noite;Crescente;Céu Claro;Múltipla;Reta;Sim;2;0;1;0;1;0;1;2;-22,75950216;-43,28708768;SPRF-RJ;DEL01-RJ;UOP02-DEL01-RJ
624468;30/08/2024;sexta-feira;05:00:00;SP;116;103,8;TAUBATE;Condutor Dormindo;Queda de ocupante de veículo;Com Vítimas Feridas;Plena Noite;Crescente;Céu Claro;Dupla;Reta;Não;2;0;0;1;1;0;1;2;-22,99919465;-45,49788917;SPRF-SP;DEL02-SP;UOP02-DEL02-SP
624469;30/08/2024;sexta-feira;04:40:00;PE;116;68,9;CABROBO;Condutor Dormindo;Colisão frontal;Com Vítimas Feridas;Amanhecer;Decrescente;Céu Claro;Simples;Reta;Não;3;0;0;1;2;0;1;2;-8,425984;-39,176525;SPRF-PE;DEL05-PE;UOP03-DEL05-PE
624471;30/08/2024;sexta-feira;06:15:00;SC;282;17,6;PALHOCA;Acessar a via sem observar a presença dos outros veículos;Colisão transversal;Com Vítimas Feridas;Amanhecer;Decrescente;Céu Claro;Simples;"Reta;Retorno Regulamentado";Sim;3;0;2;0;1;0;2;2;-27,665707;-48,688065;SPRF-SC;DEL01-SC;UOP02-DEL01-SC
624478;27/06/2024;quinta-feira;15:30:00;RJ;101;398;ITAGUAI;Manobra de mudança de faixa;Saída de leito carroçável;Com Vítimas Feridas;Pleno dia;Decrescente;Ignorado;Dupla;Reta;Sim;1;0;1;0;0;0;1;1;-22,86787912;-43,74862922;SPRF-RJ;DEL03-RJ;UOP01-DEL03-RJ
624479;30/08/2024;sexta-feira;07:15:00;DF;20;7,6;BRASILIA;Reação tardia ou ineficiente do condutor;Colisão traseira;Com Vítimas Feridas;Pleno dia;Crescente;Céu Claro;Dupla;Reta;Sim;3;0;2;0;1;0;2;2;-15,662208;-47,799866;SPRF-DF;DEL02-DF;UOP01-DEL02-DF
624480;30/08/2024;sexta-feira;07:15:00;PR;116;120;CURITIBA;Trafegar com motocicleta (ou similar) entre as faixas;Colisão lateral mesmo sentido;Com Vítimas Feridas;Amanhecer;Decrescente;Sol;Dupla;Reta;Sim;2;0;1;0;1;0;1;2;-25,59305569;-49,31574404;SPRF-PR;DEL01-PR;UOP03-DEL01-PR
624482;30/08/2024;sexta-feira;06:45:00;CE;116;2;FORTALEZA;Acessar a via sem observar a presença dos outros veículos;Colisão lateral mesmo sentido;Com Vítimas Feridas;Pleno dia;Crescente;Céu Claro;Múltipla;Reta;Sim;2;0;1;0;1;0;1;2;-3,77019802;-38,51724508;SPRF-CE;DEL01-CE;UOP02-DEL01-CE
624483;30/08/2024;sexta-feira;06:50:00;MG;40;454,6;CAETANOPOLIS;Acesso irregular;Colisão transversal;Com Vítimas Feridas;Pleno dia;Decrescente;Céu Claro;Dupla;"Reta;Declive";Sim;2;0;0;1;1;0;1;2;-19,353756;-44,350154;SPRF-MG;DEL02-MG;UOP01-DEL02-MG
624484;30/08/2024;sexta-feira;06:00:00;SP;116;131,8;CACAPAVA;Manobra de mudança de faixa;Colisão traseira;Com Vítimas Feridas;Pleno dia;Decrescente;Céu Claro;Múltipla;Reta;Sim;2;0;1;0;1;0;1;2;-23,12742083;-45,73636609;SPRF-SP;DEL02-SP;UOP02-DEL02-SP
624485;30/08/2024;sexta-feira;07:30:00;PB;101;85;BAYEUX;Condutor deixou de manter distância do veículo da frente;Colisão traseira;Com Vítimas Feridas;Pleno dia;Crescente;Céu Claro;Dupla;Reta;Sim;3;0;2;0;1;0;2;2;-7,14538184;-34,91662887;SPRF-PB;DEL01-PB;UOP01-DEL01-PB
624486;30/08/2024;sexta-feira;08:10:00;MG;262;364;BETIM;Manobra de mudança de faixa;Colisão lateral mesmo sentido;Com Vítimas Feridas;Pleno dia;Decrescente;Céu Claro;Dupla;Reta;Não;2;0;1;0;1;0;1;2;-19,97245545;-44,29894567;SPRF-MG;DEL01-MG;UOP03-DEL01-MG
624488;30/08/2024;sexta-feira;07:50:00;PR;376;180,3;MARINGA;Condutor deixou de manter distância do veículo da frente;Colisão traseira;Com Vítimas Feridas;Pleno dia;Crescente;Céu Claro;Simples;Reta;Não;2;0;1;0;1;0;1;2;-23,42725352;-51,89512271;SPRF-PR;DEL09-PR;UOP01-DEL09-PR
624489;30/08/2024;sexta-feira;07:30:00;PR;376;180,1;MARINGA;Manobra de mudança de faixa;Colisão traseira;Com Vítimas Feridas;Pleno dia;Crescente;Céu Claro;Dupla;Reta;Sim;3;0;1;1;1;0;2;3;-23,42233777;-51,90408111;SPRF-PR;DEL09-PR;UOP01-DEL09-PR