id;data_inversa;dia_semana;horario;uf;br;km;municipio;causa_acidente;tipo_acidente;classificacao_acidente;fase_dia;sentido_via;condicao_metereologica;tipo_pista;tracado_via;uso_solo;pessoas;mortos;feridos_leves;feridos_graves;ilesos;ignorados;feridos;veiculos;latitude;longitude;regional;delegacia;uop
624492;30/08/2024;sexta-feira;08:00:00;SC;282;5,1;SAO JOSE;Manobra de mudança de faixa;Colisão lateral mesmo sentido;Com Vítimas Feridas;Pleno dia;Decrescente;Céu Claro;Dupla;Reta;Sim;3;0;1;0;2;0;1;3;-27,588425;-48,612919;SPRF-SC;DEL01-SC;UOP01-DEL01-SC
624494;26/08/2024;segunda-feira;15:10:00;PR;277;96,7;CURITIBA;Pedestre cruzava a pista fora da faixa;Atropelamento de Pedestre;Com Vítimas Feridas;Pleno dia;Crescente;Céu Claro;Múltipla;"Declive;Reta";Sim;2;0;1;0;1;0;1;2;-25,43029003;-49,33773637;SPRF-PR;DEL01-PR;UOP06-DEL01-PR
624495;30/08/2024;sexta-feira;04:00:00;MT;174;152;GLORIA DOESTE;Reação tardia ou ineficiente do condutor;Colisão com objeto;Com Vítimas Fatais;Plena Noite;Crescente;Céu Claro;Simples;Interseção de Vias;Não;1;1;0;0;0;0;0;1;-15,81306921;-58,32394002;SPRF-MT;DEL03-MT;UOP01-DEL03-MT
624499;30/08/2024;sexta-feira;07:30:00;SP;116;96,9;PINDAMONHANGABA;Demais falhas mecânicas ou elétricas;Tombamento;Com Vítimas Feridas;Pleno dia;Crescente;Sol;Dupla;Reta;Não;2;0;2;0;0;0;2;1;-22,96853866;-45,43716788;SPRF-SP;DEL08-SP;UOP01-DEL08-SP
624500;30/08/2024;sexta-feira;09:00:00;PR;116;11;COLOMBO;Reação tardia ou ineficiente do condutor;Colisão transversal;Com Vítimas Feridas;Pleno dia;Decrescente;Céu Claro;Dupla;Interseção de Vias;Sim;3;0;3;0;0;0;3;2;-25,3727;-49,1408;SPRF-PR;DEL01-PR;UOP02-DEL01-PR
624502;30/08/2024;sexta-feira;06:50:00;SC;101;446,3;SANTA ROSA DO SUL;Ausência de reação do condutor;Colisão lateral mesmo sentido;Com Vítimas Feridas;Pleno dia;Decrescente;Céu Claro;Múltipla;Curva;Sim;3;0;3;0;0;0;3;2;-29,14529081;-49,72240128;SPRF-SC;DEL02-SC;UOP02-DEL02-SC
624503;30/07/2024;terça-feira;17:30:00;BA;324;614;SALVADOR;Acessar a via sem observar a presença dos outros veículos;Colisão lateral mesmo sentido;Com Vítimas Feridas;Anoitecer;Decrescente;Ignorado;Dupla;Reta;Sim;2;0;1;0;0;1;1;2;-12,86767545;-38,42485797;SPRF-BA;DEL01-BA;UOP01-DEL01-BA
624504;30/08/2024;sexta-feira;07:30:00;RJ;116;186;NOVA IGUACU;Ausência de reação do condutor;Colisão traseira;Com Vítimas Feridas;Pleno dia;Decrescente;Céu Claro;Dupla;Reta;Sim;3;0;2;0;0;1;2;2;-22,73962339;-43,46276495;SPRF-RJ;DEL06-RJ;UOP01-DEL06-RJ
624505;30/08/2024;sexta-feira;09:10:00;MG;40;667,8;CARANDAI;Conversão proibida;Colisão transversal;Com Vítimas Feridas;Pleno dia;Decrescente;Céu Claro;Simples;"Interseção de Vias;Curva";Sim;2;0;0;1;1;0;1;2;-20,95523902;-43,79141328;SPRF-MG;DEL05-MG;UOP02-DEL05-MG
624506;02/08/2024;sexta-feira;20:43:00;PR;277;687;SAO MIGUEL DO IGUACU;Condutor deixou de manter distância do veículo da frente;Colisão traseira;Com Vítimas Feridas;Plena Noite;Crescente;Ignorado;Dupla;Reta;Sim;2;0;1;0;1;0;1;2;-25,34377452;-54,22446208;SPRF-PR;DEL05-PR;UOP01-DEL05-PR
624507;30/08/2024;sexta-feira;06:45:00;SP;381;32;ATIBAIA;Velocidade Incompatível;Queda de ocupante de veículo;Com Vítimas Feridas;Pleno dia;Decrescente;Céu Claro;Dupla;Reta;Não;1;0;1;0;0;0;1;1;-23,06461405;-46,57048121;SPRF-SP;DEL03-SP;UOP02-DEL03-SP
624508;30/08/2024;sexta-feira;09:00:00;SP;381;89,8;SAO PAULO;Reação tardia ou ineficiente do condutor;Engavetamento;Com Vítimas Feridas;Pleno dia;Crescente;Céu Claro;Dupla;Reta;Sim;4;0;1;0;3;0;1;3;-23,48469299;-46,55983288;SPRF-SP;DEL03-SP;UOP01-DEL03-SP
624510;30/08/2024;sexta-feira;08:30:00;RJ;493;69,5;NOVA IGUACU;Avarias e/ou desgaste excessivo no pneu;Tombamento;Com Vítimas Feridas;Pleno dia;Crescente;Céu Claro;Simples;"Curva;Rotatória;Declive";Não;1;0;1;0;0;0;1;1;-22,68338052;-43,47830772;SPRF-RJ;DEL01-RJ;UOP03-DEL01-RJ
624512;30/08/2024;sexta-feira;08:10:00;SC;480;124,6;CHAPECO;Acesso irregular;Colisão traseira;Com Vítimas Feridas;Pleno dia;Decrescente;Céu Claro;Simples;"Aclive;Interseção de Vias;Reta";Não;3;0;2;0;1;0;2;2;-27,00359519;-52,64391044;SPRF-SC;DEL07-SC;UOP01-DEL07-SC
624514;30/08/2024;sexta-feira;09:05:00;MG;354;729;POUSO ALTO;Acessar a via sem observar a presença dos outros veículos;Colisão traseira;Sem Vítimas;Pleno dia;Decrescente;Céu Claro;Simples;Declive;Não;2;0;0;0;1;1;0;2;-22,15769397;-44,96393873;SPRF-MG;DEL17-MG;UOP01-DEL17-MG
624515;30/08/2024;sexta-feira;10:07:00;RN;304;283;MACAIBA;Ausência de reação do condutor;Colisão traseira;Com Vítimas Fatais;Pleno dia;Decrescente;Sol;Múltipla;Reta;Não;2;1;0;0;1;0;0;2;-5,88178314;-35,46369696;SPRF-RN;DEL01-RN;UOP02-DEL01-RN
624517;30/08/2024;sexta-feira;08:10:00;PR;163;10,5;BARRACAO;Transitar na contramão;Colisão frontal;Com Vítimas Feridas;Pleno dia;Crescente;Sol;Simples;Reta;Sim;3;0;0;1;2;0;1;2;-26,25066;-53,635523;SPRF-PR;DEL02-PR;UOP02-DEL02-PR
624518;30/08/2024;sexta-feira;10:50:00;PB;230;11;CABEDELO;Ausência de reação do condutor;Colisão traseira;Com Vítimas Feridas;Pleno dia;Decrescente;Céu Claro;Dupla;"Reta;Em Obras";Sim;2;0;0;1;1;0;1;2;-7,06798941;-34,84991217;SPRF-PB;DEL01-PB;UOP01-DEL01-PB
624524;30/08/2024;sexta-feira;11:25:00;SC;101;126;ITAJAI;Ausência de reação do condutor;Colisão traseira;Sem Vítimas;Pleno dia;Crescente;Céu Claro;Dupla;Curva;Sim;2;0;0;0;2;0;0;2;-26,94802427;-48,68338515;SPRF-SC;DEL04-SC;UOP04-DEL04-SC
624525;14/08/2024;quarta-feira;19:50:00;BA;324;0,8;FEIRA DE SANTANA;Acessar a via sem observar a presença dos outros veículos;Colisão transversal;Com Vítimas Feridas;Plena Noite;Crescente;Céu Claro;Múltipla;Interseção de Vias;Sim;2;0;1;0;1;0;1;2;-12,2775387;-38,9401706;SPRF-BA;DEL02-BA;UOP01-DEL02-BA
624526;30/08/2024;sexta-feira;11:30:00;SC;101;215,8;PALHOCA;Condutor deixou de manter distância do veículo da frente;Colisão lateral mesmo sentido;Com Vítimas Feridas;Pleno dia;Crescente;Céu Claro;Múltipla;Reta;Sim;2;0;1;0;1;0;1;2;-27,65184843;-48,67604941;SPRF-SC;DEL01-SC;UOP02-DEL01-SC
624527;30/08/2024;sexta-feira;11:20:00;BA;242;810;BARREIRAS;Reação tardia ou ineficiente do condutor;Saída de leito carroçável;Com Vítimas Feridas;Pleno dia;Crescente;Céu Claro;Simples;Curva;Não;3;0;3;0;0;0;3;1;-12,124113;-45,14161;SPRF-BA;DEL10-BA;UOP01-DEL10-BA
624528;30/08/2024;sexta-feira;11:50:00;RJ;101;324;NITEROI;Pedestre andava na pista;Atropelamento de Pedestre;Com Vítimas Feridas;Pleno dia;Crescente;Céu Claro;Simples;"Reta;Ponte";Sim;3;0;2;0;1;0;2;2;-22,872625;-43,137221;SPRF-RJ;DEL02-RJ;UOP01-DEL02-RJ
624530;30/08/2024;sexta-feira;12:00:00;ES;101;291,5;CARIACICA;Avarias e/ou desgaste excessivo no pneu;Tombamento;Com Vítimas Feridas;Pleno dia;Crescente;Céu Claro;Dupla;Reta;Sim;2;0;1;1;0;0;2;1;-20,30245154;-40,39535522;SPRF-ES;DEL01-ES;UOP01-DEL01-ES
624532;30/08/2024;sexta-feira;12:20:00;PB;104;106,6;SAO SEBASTIAO DE LAGOA DE  ROCA;Reação tardia ou ineficiente do condutor;Queda de ocupante de veículo;Com Vítimas Feridas;Pleno dia;Crescente;Céu Claro;Simples;"Aclive;Curva;Interseção de Vias";Não;3;0;1;0;2;0;1;1;-7,09569811;-35,86106094;SPRF-PB;DEL02-PB;UOP04-DEL02-PB
624533;30/08/2024;sexta-feira;12:30:00;DF;70;5;BRASILIA;Reação tardia ou ineficiente do condutor;Saída de leito carroçável;Com Vítimas Feridas;Pleno dia;Crescente;Céu Claro;Dupla;Reta;Não;3;0;2;0;1;0;2;1;-15,794656;-48,096779;SPRF-DF;DEL03-DF;UOP02-DEL03-DF
624534;30/08/2024;sexta-feira;08:00:00;MT;364;622;DIAMANTINO;Avarias e/ou desgaste excessivo no pneu;Queda de ocupante de veículo;Com Vítimas Feridas;Pleno dia;Decrescente;Céu Claro;Simples;Reta;Não;2;0;2;0;0;0;2;1;-14,38385928;-56,36432918;SPRF-MT;DEL01-MT;UOP01-DEL01-MT
624536;11/08/2024;domingo;06:15:00;BA;324;618;SALVADOR;Condutor deixou de manter distância do veículo da frente;Colisão traseira;Sem Vítimas;Pleno dia;Decrescente;Céu Claro;Múltipla;Reta;Sim;3;0;0;0;1;2;0;2;-12,891109;-38,445374;SPRF-BA;DEL01-BA;UOP01-DEL01-BA
624540;30/08/2024;sexta-feira;12:15:00;PR;376;619,4;SAO JOSE DOS PINHAIS;Ultrapassagem Indevida;Colisão frontal;Com Vítimas Feridas;Pleno dia;Crescente;Céu Claro;Simples;Reta;Sim;3;0;2;0;1;0;2;2;-25,60034699;-49,17355691;SPRF-PR;DEL01-PR;UOP04-DEL01-PR
624541;09/07/2024;terça-feira;18:07:00;MG;116;702,2;MURIAE;Ausência de reação do condutor;Colisão traseira;Com Vítimas Feridas;Plena Noite;Crescente;Nublado;Simples;"Reta;Interseção de Vias";Sim;2;0;0;1;0;1;1;2;-21,11938311;-42,38006362;SPRF-MG;DEL07-MG;UOP02-DEL07-MG
624542;30/08/2024;sexta-feira;13:15:00;SP;116;447;REGISTRO;Reação tardia ou ineficiente do condutor;Colisão traseira;Com Vítimas Feridas;Pleno dia;Decrescente;Céu Claro;Simples;Reta;Sim;2;0;1;0;1;0;1;2;-24,51285376;-47,85054871;SPRF-SP;DEL05-SP;UOP01-DEL05-SP
624543;30/08/2024;sexta-feira;12:45:00;PR;376;450,2;TIBAGI;Velocidade Incompatível;Tombamento;Com Vítimas Feridas;Pleno dia;Crescente;Céu Claro;Dupla;"Declive;Curva";Não;1;0;1;0;0;0;1;1;-24,877613;-50,442266;SPRF-PR;DEL03-PR;UOP02-DEL03-PR
624544;30/08/2024;sexta-feira;11:50:00;SP;381;86;SAO PAULO;Reação tardia ou ineficiente do condutor;Colisão com objeto;Com Vítimas Feridas;Pleno dia;Decrescente;Céu Claro;Dupla;Reta;Sim;1;0;1;0;0;0;1;1;-23,45930499;-46,57161179;SPRF-SP;DEL03-SP;UOP01-DEL03-SP
624546;30/08/2024;sexta-feira;13:50:00;MG;40;525;CONTAGEM;Trafegar com motocicleta (ou similar) entre as faixas;Tombamento;Com Vítimas Feridas;Pleno dia;Crescente;Céu Claro;Dupla;Reta;Sim;1;0;1;0;0;0;1;1;-19,88361702;-44,05039336;SPRF-MG;DEL01-MG;UOP02-DEL01-MG
624548;30/08/2024;sexta-feira;14:00:00;GO;60;92;ANAPOLIS;Acessar a via sem observar a presença dos outros veículos;Colisão lateral mesmo sentido;Com Vítimas Feridas;Pleno dia;Crescente;Céu Claro;Dupla;Reta;Sim;2;0;1;0;0;1;1;2;-16,35269439;-48,91759157;SPRF-GO;DEL02-GO;UOP01-DEL02-GO
624549;30/08/2024;sexta-feira;12:10:00;RS;116;226;DOIS IRMAOS;Retorno proibido;Colisão transversal;Com Vítimas Feridas;Pleno dia;Crescente;Céu Claro;Simples;"Curva;Aclive";Não;2;0;1;0;1;0;1;2;-29,60109223;-51,11806581;SPRF-RS;DEL01-RS;UOP02-DEL01-RS
624553;30/08/2024;sexta-feira;11:55:00;SC;116;184,9;SAO CRISTOVAO DO SUL;Acessar a via sem observar a presença dos outros veículos;Colisão transversal;Com Vítimas Feridas;Pleno dia;Crescente;Céu Claro;Simples;Reta;Não;2;0;0;1;1;0;1;2;-27,299032;-50,427235;SPRF-SC;DEL05-SC;UOP03-DEL05-SC
624557;30/08/2024;sexta-feira;07:20:00;PE;407;121,5;PETROLINA;Ausência de reação do condutor;Colisão frontal;Com Vítimas Feridas;Pleno dia;Crescente;Céu Claro;Dupla;Em Obras;Não;2;0;0;1;1;0;1;2;-9,34588493;-40,55509788;SPRF-PE;DEL06-PE;UOP01-DEL06-PE
624561;30/08/2024;sexta-feira;14:55:00;SC;116;5,1;MAFRA;Reação tardia ou ineficiente do condutor;Colisão traseira;Com Vítimas Feridas;Pleno dia;Decrescente;Céu Claro;Simples;"Reta;Declive";Sim;3;0;2;0;1;0;2;3;-26,14094396;-49,81508303;SPRF-SC;DEL06-SC;UOP01-DEL06-SC
624563;30/08/2024;sexta-feira;14:20:00;DF;20;15,3;BRASILIA;Demais falhas mecânicas ou elétricas;Eventos atípicos;Sem Vítimas;Pleno dia;Crescente;Céu Claro;Dupla;Reta;Não;1;0;0;0;1;0;0;1;-15,630189;-47,733288;SPRF-DF;DEL02-DF;UOP01-DEL02-DF
624565;30/08/2024;sexta-feira;15:00:00;PR;376;184;SARANDI;Demais falhas mecânicas ou elétricas;Colisão com objeto;Com Vítimas Feridas;Pleno dia;Crescente;Céu Claro;Dupla;Declive;Sim;1;0;1;0;0;0;1;1;-23,4465611;-51,86216706;SPRF-PR;DEL09-PR;UOP01-DEL09-PR
624566;30/08/2024;sexta-feira;15:00:00;PR;116;121;CURITIBA;Reação tardia ou ineficiente do condutor;Capotamento;Com Vítimas Feridas;Pleno dia;Decrescente;Sol;Dupla;Reta;Não;2;0;1;0;1;0;1;2;-25,5599323;-49,30743945;SPRF-PR;DEL01-PR;UOP03-DEL01-PR
624567;30/08/2024;sexta-feira;15:30:00;PR;376;279,2;MAUA DA SERRA;Condutor Dormindo;Saída de leito carroçável;Com Vítimas Feridas;Pleno dia;Decrescente;Céu Claro;Dupla;Reta;Não;3;0;3;0;0;0;3;1;-23,84268367;-51,2591707;SPRF-PR;DEL07-PR;UOP02-DEL07-PR
624568;02/06/2024;domingo;17:00:00;PR;487;48;ICARAIMA;Velocidade Incompatível;Queda de ocupante de veículo;Com Vítimas Feridas;Pleno dia;Decrescente;Céu Claro;Simples;Reta;Não;1;0;0;1;0;0;1;1;-23,51822074;-53,46823461;SPRF-PR;DEL06-PR;UOP03-DEL06-PR
624569;30/08/2024;sexta-feira;16:22:00;PE;101;41;IGARASSU;Retorno proibido;Colisão transversal;Com Vítimas Feridas;Pleno dia;Crescente;Céu Claro;Dupla;"Reta;Interseção de Vias";Sim;2;0;1;0;1;0;1;2;-7,83038346;-34,91426785;SPRF-PE;DEL01-PE;UOP02-DEL01-PE
624571;30/08/2024;sexta-feira;15:00:00;MG;116;522,5;CARATINGA;Conversão proibida;Colisão transversal;Com Vítimas Feridas;Pleno dia;Crescente;Céu Claro;Simples;Curva;Sim;2;0;1;0;1;0;1;2;-19,74300101;-42,13231969;SPRF-MG;DEL06-MG;UOP02-DEL06-MG
624572;30/08/2024;sexta-feira;16:30:00;MG;381;501;BETIM;Ausência de reação do condutor;Colisão traseira;Com Vítimas Feridas;Pleno dia;Decrescente;Céu Claro;Dupla;Reta;Não;3;0;1;0;2;0;1;2;-20,00850419;-44,21643019;SPRF-MG;DEL01-MG;UOP03-DEL01-MG
624573;30/08/2024;sexta-feira;16:00:00;MG;262;413,1;IGARATINGA;Animais na Pista;Saída de leito carroçável;Com Vítimas Feridas;Pleno dia;Decrescente;Céu Claro;Dupla;Reta;Não;1;0;1;0;0;0;1;1;-19,89668113;-44,65663188;SPRF-MG;DEL08-MG;UOP03-DEL08-MG
624574;30/08/2024;sexta-feira;16:30:00;MG;381;455,5;BELO HORIZONTE;Condutor deixou de manter distância do veículo da frente;Colisão com objeto;Com Vítimas Feridas;Pleno dia;Decrescente;Sol;Simples;"Declive;Curva";Sim;2;0;1;0;1;0;1;2;-19,83792877;-43,88225816;SPRF-MG;DEL01-MG;UOP01-DEL01-MG
624575;01/07/2024;segunda-feira;10:10:00;PA;308;189;TRACUATEUA;Transitar na contramão;Colisão lateral sentido oposto;Com Vítimas Feridas;Pleno dia;Decrescente;Sol;Simples;"Declive;Reta";Não;3;0;1;2;0;0;3;2;-1,08294451;-46,89141694;SPRF-PA;DEL01-PA;UOP03-DEL01-PA
624577;30/08/2024;sexta-feira;14:36:00;MA;316;460,7;CODO;Manobra de mudança de faixa;Colisão frontal;Com Vítimas Feridas;Pleno dia;Crescente;Céu Claro;Simples;Reta;Não;5;0;2;0;3;0;2;2;-4,518064;-44,05735;SPRF-MA;DEL03-MA;UOP01-DEL03-MA
624578;30/08/2024;sexta-feira;14:00:00;PR;163;141,1;CAPITAO LEONIDAS MARQUES;Demais falhas mecânicas ou elétricas;Colisão transversal;Com Vítimas Feridas;Pleno dia;Crescente;Céu Claro;Simples;"Curva;Em Obras";Não;3;0;1;0;2;0;1;2;-25,49094155;-53,59476776;SPRF-PR;DEL05-PR;UOP05-DEL05-PR
624579;30/08/2024;sexta-feira;16:40:00;SC;101;20,5;BIGUACU;Acumulo de areia ou detritos sobre o pavimento;Tombamento;Com Vítimas Feridas;Pleno dia;Decrescente;Céu Claro;Dupla;Rotatória;Não;1;0;1;0;0;0;1;1;-27,4946;-48,6561;SPRF-SC;DEL01-SC;UOP02-DEL01-SC
624581;30/08/2024;sexta-feira;15:20:00;SC;101;141,4;BALNEARIO CAMBORIU;Trafegar com motocicleta (ou similar) entre as faixas;Colisão traseira;Com Vítimas Feridas;Pleno dia;Decrescente;Céu Claro;Simples;"Aclive;Curva";Não;2;0;1;0;1;0;1;2;-27,04761729;-48,59995855;SPRF-SC;DEL04-SC;UOP03-DEL04-SC
624582;30/08/2024;sexta-feira;16:35:00;MG;381;455,7;BELO HORIZONTE;Transitar no Acostamento;Colisão traseira;Com Vítimas Feridas;Pleno dia;Decrescente;Sol;Simples;"Declive;Curva";Sim;2;0;1;1;0;0;2;2;-19,83885243;-43,88494232;SPRF-MG;DEL01-MG;UOP01-DEL01-MG
624583;30/08/2024;sexta-feira;16:37:00;CE;20;403;CAUCAIA;Ausência de reação do condutor;Colisão lateral mesmo sentido;Sem Vítimas;Pleno dia;Crescente;Céu Claro;Simples;Rotatória;Não;2;0;0;0;2;0;0;2;-3,78330069;-38,69351522;SPRF-CE;DEL01-CE;UOP01-DEL01-CE
624584;30/08/2024;sexta-feira;16:10:00;RJ;101;333,7;RIO DE JANEIRO;Ausência de reação do condutor;Colisão traseira;Com Vítimas Feridas;Pleno dia;Decrescente;Céu Claro;Múltipla;Reta;Sim;6;0;4;0;2;0;4;2;-22,87827816;-43,21053578;SPRF-RJ;DEL02-RJ;UOP01-DEL02-RJ
624585;30/08/2024;sexta-feira;16:40:00;ES;101;145,5;LINHARES;Condutor desrespeitou a iluminação vermelha do semáforo;Colisão transversal;Com Vítimas Feridas;Pleno dia;Crescente;Sol;Dupla;"Interseção de Vias;Reta";Sim;2;0;1;0;0;1;1;2;-19,36089598;-40,06464018;SPRF-ES;DEL04-ES;UOP01-DEL04-ES
624586;30/08/2024;sexta-feira;15:40:00;RJ;116;178;SAO JOAO DE MERITI;Reação tardia ou ineficiente do condutor;Colisão traseira;Com Vítimas Feridas;Pleno dia;Crescente;Céu Claro;Múltipla;Reta;Sim;3;0;1;0;2;0;1;2;-22,77496393;-43,40081465;SPRF-RJ;DEL06-RJ;UOP01-DEL06-RJ
624587;30/08/2024;sexta-feira;16:45:00;SP;381;88,9;SAO PAULO;Manobra de mudança de faixa;Colisão lateral mesmo sentido;Com Vítimas Feridas;Pleno dia;Crescente;Céu Claro;Múltipla;Reta;Sim;3;0;1;0;2;0;1;2;-23,47469314;-46,56112919;SPRF-SP;DEL03-SP;UOP01-DEL03-SP
624588;30/08/2024;sexta-feira;17:00:00;SC;282;17;PALHOCA;Trafegar com motocicleta (ou similar) entre as faixas;Colisão transversal;Com Vítimas Feridas;Pleno dia;Decrescente;Céu Claro;Dupla;Reta;Sim;2;0;1;0;1;0;1;2;-27,665707;-48,688065;SPRF-SC;DEL01-SC;UOP02-DEL01-SC
624589;30/08/2024;sexta-feira;17:20:00;SP;116;216;GUARULHOS;Manobra de mudança de faixa;Colisão lateral mesmo sentido;Com Vítimas Feridas;Pleno dia;Crescente;Céu Claro;Múltipla;Reta;Não;2;0;1;0;1;0;1;2;-23,45056589;-46,46258105;SPRF-SP;DEL01-SP;UOP01-DEL01-SP
624592;30/08/2024;sexta-feira;16:00:00;RS;290;241,5;ENCRUZILHADA DO SUL;Reação tardia ou ineficiente do condutor;Colisão traseira;Com Vítimas Feridas;Pleno dia;Decrescente;Nublado;Simples;Reta;Não;3;0;2;0;1;0;2;2;-30,22110185;-52,64476776;SPRF-RS;DEL02-RS;UOP03-DEL02-RS
624593;01/07/2024;segunda-feira;14:10:00;PB;0;0;JOAO PESSOA;Condutor deixou de manter distância do veículo da frente;Colisão traseira;Sem Vítimas;Pleno dia;Não Informado;Céu Claro;Dupla;Reta;Sim;2;0;0;0;2;0;0;2;-7,167036;-34,859083;SPRF-PB;DEL01-PB;UOP02-DEL01-PB
624594;30/08/2024;sexta-feira;14:00:00;PI;343;207;PIRIPIRI;Condutor deixou de manter distância do veículo da frente;Colisão traseira;Sem Vítimas;Pleno dia;Crescente;Céu Claro;Simples;Reta;Não;2;0;0;0;2;0;0;2;-4,42261;-41,894409;SPRF-PI;DEL02-PI;UOP01-DEL02-PI
624595;30/08/2024;sexta-feira;17:20:00;PB;230;22,9;JOAO PESSOA;Condutor deixou de manter distância do veículo da frente;Colisão traseira;Com Vítimas Feridas;Anoitecer;Crescente;Céu Claro;Dupla;Reta;Não;3;0;1;1;1;0;2;2;-7,1415;-34,8519;SPRF-PB;DEL01-PB;UOP01-DEL01-PB
624597;30/08/2024;sexta-feira;16:50:00;RJ;101;326;NITEROI;Reação tardia ou ineficiente do condutor;Colisão traseira;Com Vítimas Feridas;Anoitecer;Decrescente;Céu Claro;Simples;"Reta;Ponte";Sim;2;0;1;0;1;0;1;2;-22,871462;-43,152073;SPRF-RJ;DEL02-RJ;UOP01-DEL02-RJ
624598;30/08/2024;sexta-feira;16:15:00;RJ;101;431;MANGARATIBA;Ausência de reação do condutor;Saída de leito carroçável;Com Vítimas Feridas;Pleno dia;Crescente;Sol;Simples;"Curva;Declive";Não;2;0;2;0;0;0;2;1;-22,93294782;-44,02006891;SPRF-RJ;DEL03-RJ;UOP02-DEL03-RJ
624600;30/08/2024;sexta-feira;17:00:00;SP;116;395;MIRACATU;Demais falhas mecânicas ou elétricas;Incêndio;Sem Vítimas;Pleno dia;Crescente;Sol;Dupla;Reta;Sim;1;0;0;0;0;1;0;1;-24,28894933;-47,46080025;SPRF-SP;DEL04-SP;UOP02-DEL04-SP
624603;30/08/2024;sexta-feira;17:15:00;BA;324;516,4;FEIRA DE SANTANA;Ausência de reação do condutor;Colisão traseira;Sem Vítimas;Pleno dia;Crescente;Chuva;Simples;Reta;Sim;2;0;0;0;2;0;0;2;-12,24567719;-38,93535376;SPRF-BA;DEL02-BA;UOP01-DEL02-BA
624604;30/08/2024;sexta-feira;15:53:00;RJ;40;120,1;DUQUE DE CAXIAS;Manobra de mudança de faixa;Colisão lateral mesmo sentido;Com Vítimas Feridas;Pleno dia;Decrescente;Céu Claro;Múltipla;Reta;Sim;2;0;1;0;1;0;1;2;-22,779423;-43,285608;SPRF-RJ;DEL01-RJ;UOP02-DEL01-RJ
624605;30/08/2024;sexta-feira;15:55:00;RS;386;145,7;SARANDI;Velocidade Incompatível;Colisão transversal;Com Vítimas Feridas;Pleno dia;Decrescente;Nublado;Simples;Curva;Não;3;0;1;0;2;0;1;3;-28,04054638;-52,8728199;SPRF-RS;DEL08-RS;UOP01-DEL08-RS
624606;30/08/2024;sexta-feira;18:10:00;CE;116;6,7;FORTALEZA;Pedestre cruzava a pista fora da faixa;Atropelamento de Pedestre;Com Vítimas Fatais;Plena Noite;Decrescente;Céu Claro;Múltipla;Reta;Sim;2;1;0;0;1;0;0;2;-3,80877;-38,501012;SPRF-CE;DEL01-CE;UOP02-DEL01-CE
624607;30/08/2024;sexta-feira;17:20:00;PI;343;328;TERESINA;Demais falhas mecânicas ou elétricas;Incêndio;Sem Vítimas;Pleno dia;Decrescente;Céu Claro;Simples;Reta;Não;1;0;0;0;1;0;0;1;-5,067057;-42,638655;SPRF-PI;DEL01-PI;UOP01-DEL01-PI
624608;30/08/2024;sexta-feira;17:20:00;RS;116;108,9;SAO MARCOS;Transitar na contramão;Colisão frontal;Com Vítimas Feridas;Anoitecer;Decrescente;Céu Claro;Simples;Curva;Não;2;0;1;1;0;0;2;2;-28,92514807;-51,09447449;SPRF-RS;DEL05-RS;UOP01-DEL05-RS
624609;30/08/2024;sexta-feira;18:15:00;SC;101;150;ITAPEMA;Ausência de reação do condutor;Colisão traseira;Com Vítimas Feridas;Anoitecer;Crescente;Nublado;Dupla;Reta;Sim;2;0;1;0;1;0;1;2;-27,11744799;-48,60940987;SPRF-SC;DEL04-SC;UOP03-DEL04-SC
624610;30/08/2024;sexta-feira;16:40:00;RJ;40;106;DUQUE DE CAXIAS;Reação tardia ou ineficiente do condutor;Atropelamento de Pedestre;Com Vítimas Feridas;Pleno dia;Crescente;Céu Claro;Dupla;Reta;Sim;2;0;1;0;1;0;1;2;-22,64679;-43,283726;SPRF-RJ;DEL01-RJ;UOP02-DEL01-RJ
624616;30/08/2024;sexta-feira;17:30:00;MG;262;800;UBERABA;Reação tardia ou ineficiente do condutor;Colisão traseira;Com Vítimas Feridas;Pleno dia;Crescente;Céu Claro;Dupla;Reta;Não;2;0;1;0;1;0;1;2;-19,779129;-47,945794;SPRF-MG;DEL13-MG;UOP01-DEL13-MG
624617;30/08/2024;sexta-feira;17:00:00;SC;101;232;PALHOCA;Demais falhas mecânicas ou elétricas;Queda de ocupante de veículo;Com Vítimas Feridas;Pleno dia;Decrescente;Céu Claro;Dupla;Reta;Sim;1;0;1;0;0;0;1;1;-27,795666;-48,638153;SPRF-SC;DEL01-SC;UOP02-DEL01-SC
624618;30/08/2024;sexta-feira;18:55:00;SC;101;124,5;ITAJAI;Trafegar com motocicleta (ou similar) entre as faixas;Colisão traseira;Com Vítimas Feridas;Plena Noite;Crescente;Nublado;Múltipla;Reta;Não;3;0;0;1;2;0;1;2;-26,94335064;-48,69198648;SPRF-SC;DEL04-SC;UOP04-DEL04-SC
624620;30/08/2024;sexta-feira;17:45:00;BA;116;9,9;VITORIA DA CONQUISTA;Iluminação deficiente;Colisão transversal;Com Vítimas Feridas;Plena Noite;Crescente;Céu Claro;Simples;"Reta;Declive";Não;2;0;1;0;1;0;1;2;-14,85785935;-40,87841034;SPRF-BA;DEL08-BA;UOP01-DEL08-BA
624622;30/08/2024;sexta-feira;18:50:00;RS;116;2;PORTO ALEGRE;Manobra de mudança de faixa;Colisão traseira;Com Vítimas Feridas;Plena Noite;Decrescente;Nublado;Dupla;Reta;Sim;2;0;1;0;1;0;1;2;-30,033535;-51,230453;SPRF-RS;DEL01-RS;UOP01-DEL01-RS