id;data_inversa;dia_semana;horario;uf;br;km;municipio;causa_acidente;tipo_acidente;classificacao_acidente;fase_dia;sentido_via;condicao_metereologica;tipo_pista;tracado_via;uso_solo;pessoas;mortos;feridos_leves;feridos_graves;ilesos;ignorados;feridos;veiculos;latitude;longitude;regional;delegacia;uop
624623;30/08/2024;sexta-feira;18:55:00;ES;101;145;LINHARES;Condutor deixou de manter distância do veículo da frente;Engavetamento;Com Vítimas Feridas;Plena Noite;Decrescente;Céu Claro;Dupla;Reta;Sim;4;0;1;0;3;0;1;3;-19,36089598;-40,06464018;SPRF-ES;DEL04-ES;UOP01-DEL04-ES
624624;30/08/2024;sexta-feira;17:50:00;MG;356;268,2;MURIAE;Acesso irregular;Colisão lateral mesmo sentido;Com Vítimas Feridas;Anoitecer;Crescente;Céu Claro;Simples;Reta;Sim;2;0;1;0;1;0;1;2;-21,12690881;-42,34244401;SPRF-MG;DEL07-MG;UOP02-DEL07-MG
624626;30/08/2024;sexta-feira;19:00:00;PE;101;72,6;RECIFE;Transtornos Mentais (exceto suicidio);Queda de ocupante de veículo;Com Vítimas Feridas;Plena Noite;Crescente;Nublado;Dupla;Reta;Sim;2;0;1;0;1;0;1;1;-8,090625;-34,946855;SPRF-PE;DEL01-PE;UOP01-DEL01-PE
624627;30/08/2024;sexta-feira;18:55:00;PB;101;94;CONDE;Pista esburacada;Colisão traseira;Com Vítimas Feridas;Plena Noite;Decrescente;Céu Claro;Dupla;"Em Obras;Reta";Não;2;0;1;0;0;1;1;2;-7,21483297;-34,9117521;SPRF-PB;DEL01-PB;UOP02-DEL01-PB
624628;30/08/2024;sexta-feira;18:25:00;PE;232;407;SERRA TALHADA;Transitar na contramão;Colisão frontal;Com Vítimas Feridas;Plena Noite;Crescente;Céu Claro;Simples;Reta;Sim;3;0;2;0;1;0;2;2;-7,9854402;-38,27148304;SPRF-PE;DEL04-PE;UOP01-DEL04-PE
624629;30/08/2024;sexta-feira;18:25:00;RN;101;72,1;EXTREMOZ;Ultrapassagem Indevida;Colisão frontal;Com Vítimas Feridas;Plena Noite;Decrescente;Céu Claro;Simples;"Reta;Aclive";Não;3;0;0;2;1;0;2;3;-5,69866248;-35,26316835;SPRF-RN;DEL02-RN;UOP01-DEL02-RN
624631;30/08/2024;sexta-feira;18:00:00;MG;40;522;CONTAGEM;Trafegar com motocicleta (ou similar) entre as faixas;Colisão lateral mesmo sentido;Com Vítimas Feridas;Plena Noite;Decrescente;Céu Claro;Dupla;Reta;Sim;2;0;1;0;1;0;1;2;-19,8638731;-44,06749809;SPRF-MG;DEL01-MG;UOP02-DEL01-MG
624632;14/08/2024;quarta-feira;23:00:00;SC;158;103;CUNHA PORA;Velocidade Incompatível;Saída de leito carroçável;Com Vítimas Fatais;Plena Noite;Decrescente;Céu Claro;Simples;"Em Obras;Reta;Declive";Não;1;1;0;0;0;0;0;1;-26,82020702;-53,18127085;SPRF-SC;DEL07-SC;UOP02-DEL07-SC
624633;30/08/2024;sexta-feira;19:10:00;SP;381;37;ATIBAIA;Reação tardia ou ineficiente do condutor;Colisão traseira;Com Vítimas Feridas;Plena Noite;Crescente;Céu Claro;Dupla;Reta;Não;2;0;1;0;1;0;1;2;-23,10803331;-46,56987011;SPRF-SP;DEL03-SP;UOP01-DEL03-SP
624634;30/08/2024;sexta-feira;18:47:00;MS;163;77,3;ITAQUIRAI;Acessar a via sem observar a presença dos outros veículos;Colisão transversal;Com Vítimas Feridas;Plena Noite;Crescente;Céu Claro;Simples;Retorno Regulamentado;Sim;5;0;2;0;3;0;2;2;-23,4831998;-54,18609129;SPRF-MS;DEL09-MS;UOP01-DEL09-MS
624635;30/08/2024;sexta-feira;19:00:00;RJ;101;205;CASIMIRO DE ABREU;Transitar no Acostamento;Colisão transversal;Com Vítimas Feridas;Plena Noite;Crescente;Céu Claro;Simples;Reta;Sim;3;0;2;0;1;0;2;2;-22,475714;-42,19184;SPRF-RJ;DEL08-RJ;UOP04-DEL08-RJ
624637;30/08/2024;sexta-feira;19:00:00;RJ;101;316;SAO GONCALO;Reação tardia ou ineficiente do condutor;Colisão traseira;Com Vítimas Feridas;Plena Noite;Decrescente;Céu Claro;Dupla;Reta;Sim;3;0;1;0;2;0;1;2;-22,82835879;-43,09208739;SPRF-RJ;DEL02-RJ;UOP02-DEL02-RJ
624638;30/08/2024;sexta-feira;19:14:00;SP;116;147,8;SAO JOSE DOS CAMPOS;Ingestão de álcool pelo condutor;Saída de leito carroçável;Sem Vítimas;Plena Noite;Decrescente;Céu Claro;Dupla;Curva;Sim;1;0;0;0;1;0;0;1;-23,198101;-45,8762874;SPRF-SP;DEL02-SP;UOP01-DEL02-SP
624639;30/08/2024;sexta-feira;19:00:00;PE;232;408;SERRA TALHADA;Retorno proibido;Colisão transversal;Com Vítimas Feridas;Plena Noite;Crescente;Céu Claro;Simples;Reta;Sim;4;0;2;0;2;0;2;2;-7,98371447;-38,28047709;SPRF-PE;DEL04-PE;UOP01-DEL04-PE
624640;30/08/2024;sexta-feira;20:00:00;PR;277;194;PALMEIRA;Ausência de reação do condutor;Colisão traseira;Sem Vítimas;Plena Noite;Crescente;Céu Claro;Simples;"Declive;Reta";Não;3;0;0;0;2;1;0;2;-25,459303;-50,213863;SPRF-PR;DEL08-PR;UOP02-DEL08-PR
624641;30/08/2024;sexta-feira;19:20:00;PE;232;510;SALGUEIRO;Reação tardia ou ineficiente do condutor;Tombamento;Com Vítimas Feridas;Plena Noite;Crescente;Céu Claro;Simples;Reta;Sim;1;0;1;0;0;0;1;1;-8,067472;-39,13817;SPRF-PE;DEL05-PE;UOP01-DEL05-PE
624642;30/08/2024;sexta-feira;19:30:00;ES;101;272,8;SERRA;Ingestão de álcool pelo condutor;Colisão com objeto;Com Vítimas Feridas;Plena Noite;Crescente;Céu Claro;Dupla;"Declive;Reta";Não;2;0;1;0;0;1;1;1;-20,22724888;-40,28426988;SPRF-ES;DEL02-ES;UOP01-DEL02-ES
624643;06/08/2024;terça-feira;08:20:00;RJ;101;315;SAO GONCALO;Ausência de reação do condutor;Colisão lateral mesmo sentido;Com Vítimas Feridas;Pleno dia;Crescente;Céu Claro;Dupla;Reta;Sim;3;0;2;0;1;0;2;2;-22,82262092;-43,08460805;SPRF-RJ;DEL02-RJ;UOP02-DEL02-RJ
624644;30/08/2024;sexta-feira;20:30:00;ES;101;276;SERRA;Manobra de mudança de faixa;Colisão lateral mesmo sentido;Com Vítimas Feridas;Plena Noite;Crescente;Céu Claro;Dupla;Reta;Não;2;0;1;0;1;0;1;2;-20,20788726;-40,3133509;SPRF-ES;DEL02-ES;UOP01-DEL02-ES
624645;30/08/2024;sexta-feira;20:21:00;CE;116;7,2;FORTALEZA;Curva acentuada;Colisão frontal;Com Vítimas Feridas;Plena Noite;Crescente;Céu Claro;Simples;Curva;Sim;2;0;0;1;1;0;1;2;-3,81073099;-38,50074867;SPRF-CE;DEL01-CE;UOP02-DEL01-CE
624646;30/08/2024;sexta-feira;19:15:00;SC;101;390,9;CRICIUMA;Condutor deixou de manter distância do veículo da frente;Colisão traseira;Com Vítimas Feridas;Plena Noite;Crescente;Nevoeiro/Neblina;Dupla;Interseção de Vias;Sim;2;0;0;1;1;0;1;2;-28,81519826;-49,39144135;SPRF-SC;DEL02-SC;UOP02-DEL02-SC
624647;30/08/2024;sexta-feira;20:28:00;SC;101;194;BIGUACU;Acessar a via sem observar a presença dos outros veículos;Atropelamento de Pedestre;Com Vítimas Feridas;Plena Noite;Decrescente;Céu Claro;Dupla;"Interseção de Vias;Reta";Sim;2;0;0;1;1;0;1;2;-27,49815117;-48,65661236;SPRF-SC;DEL01-SC;UOP01-DEL01-SC
624649;30/08/2024;sexta-feira;20:10:00;PE;101;79,1;RECIFE;Ingestão de álcool pelo condutor;Colisão com objeto;Com Vítimas Feridas;Plena Noite;Decrescente;Céu Claro;Dupla;"Curva;Aclive";Não;1;0;1;0;0;0;1;1;-8,13496499;-34,94738614;SPRF-PE;DEL01-PE;UOP01-DEL01-PE
624650;30/08/2024;sexta-feira;20:00:00;PR;163;243;TOLEDO;Ausência de reação do condutor;Colisão traseira;Com Vítimas Feridas;Plena Noite;Decrescente;Céu Claro;Dupla;Reta;Sim;2;0;1;0;0;1;1;2;-24,717822;-53,711597;SPRF-PR;DEL06-PR;UOP02-DEL06-PR
624652;30/08/2024;sexta-feira;18:10:00;BA;367;51,8;PORTO SEGURO;Deficiência do Sistema de Iluminação/Sinalização;Colisão traseira;Com Vítimas Feridas;Plena Noite;Crescente;Céu Claro;Simples;Reta;Não;8;0;4;1;2;1;5;4;-16,3736741;-39,30925369;SPRF-BA;DEL09-BA;UOP03-DEL09-BA
624653;30/08/2024;sexta-feira;21:00:00;CE;116;6,7;FORTALEZA;Ingestão de álcool pelo condutor;Colisão com objeto;Com Vítimas Feridas;Plena Noite;Decrescente;Céu Claro;Múltipla;Reta;Sim;1;0;1;0;0;0;1;1;-3,802624;-38,50400499;SPRF-CE;DEL01-CE;UOP02-DEL01-CE
624655;30/08/2024;sexta-feira;17:30:00;RJ;101;478;ANGRA DOS REIS;Reação tardia ou ineficiente do condutor;Colisão frontal;Com Vítimas Feridas;Anoitecer;Decrescente;Céu Claro;Simples;Reta;Sim;4;0;1;0;2;1;1;3;-23,00246527;-44,27270594;SPRF-RJ;DEL03-RJ;UOP03-DEL03-RJ
624657;30/08/2024;sexta-feira;08:50:00;RJ;116;171;RIO DE JANEIRO;Trafegar com motocicleta (ou similar) entre as faixas;Colisão lateral mesmo sentido;Com Vítimas Feridas;Pleno dia;Decrescente;Céu Claro;Múltipla;Reta;Sim;2;0;0;1;1;0;1;1;-22,8060415;-43,34289573;SPRF-RJ;DEL06-RJ;UOP01-DEL06-RJ
624658;30/08/2024;sexta-feira;20:30:00;SC;116;193,3;PONTE ALTA;Condutor deixou de manter distância do veículo da frente;Colisão traseira;Sem Vítimas;Plena Noite;Decrescente;Céu Claro;Simples;"Aclive;Curva";Não;2;0;0;0;2;0;0;2;-27,37260573;-50,42990685;SPRF-SC;DEL05-SC;UOP03-DEL05-SC
624659;30/08/2024;sexta-feira;21:00:00;PR;116;129;FAZENDA RIO GRANDE;Reação tardia ou ineficiente do condutor;Colisão com objeto;Com Vítimas Feridas;Plena Noite;Crescente;Céu Claro;Múltipla;Reta;Sim;2;0;1;0;1;0;1;1;-25,667142;-49,31448;SPRF-PR;DEL01-PR;UOP03-DEL01-PR
624660;30/08/2024;sexta-feira;19:30:00;MG;50;151;UBERABA;Ausência de reação do condutor;Colisão com objeto;Sem Vítimas;Plena Noite;Crescente;Céu Claro;Dupla;Reta;Não;1;0;0;0;0;1;0;1;-19,57370204;-48,03246832;SPRF-MG;DEL13-MG;UOP01-DEL13-MG
624663;30/08/2024;sexta-feira;12:50:00;RJ;101;309;SAO GONCALO;Ausência de reação do condutor;Colisão lateral mesmo sentido;Com Vítimas Feridas;Pleno dia;Decrescente;Céu Claro;Dupla;Reta;Sim;3;0;2;0;1;0;2;2;-22,79498873;-43,03446105;SPRF-RJ;DEL02-RJ;UOP02-DEL02-RJ
624664;30/08/2024;sexta-feira;20:40:00;RS;158;0,8;SANTANA DO LIVRAMENTO;Condutor deixou de manter distância do veículo da frente;Colisão traseira;Com Vítimas Feridas;Plena Noite;Decrescente;Garoa/Chuvisco;Simples;Reta;Sim;3;0;0;2;1;0;2;2;-30,879477;-55,517783;SPRF-RS;DEL08-RS;UOP02-DEL08-RS
624665;30/08/2024;sexta-feira;21:30:00;TO;153;675;GURUPI;Conversão proibida;Colisão transversal;Com Vítimas Feridas;Plena Noite;Crescente;Céu Claro;Simples;"Reta;Em Obras";Sim;3;0;0;2;1;0;2;2;-11,75312428;-49,09074565;SPRF-TO;DEL01-TO;UOP02-DEL01-TO
624667;30/08/2024;sexta-feira;19:40:00;BA;324;519;FEIRA DE SANTANA;Chuva;Tombamento;Com Vítimas Feridas;Plena Noite;Decrescente;Chuva;Dupla;Reta;Sim;1;0;1;0;0;0;1;1;-12,274854;-38,93199089;SPRF-BA;DEL02-BA;UOP01-DEL02-BA
624670;30/08/2024;sexta-feira;21:10:00;PB;230;502,7;CAJAZEIRAS;Ingestão de álcool pelo condutor;Colisão traseira;Com Vítimas Feridas;Plena Noite;Crescente;Céu Claro;Simples;"Interseção de Vias;Curva";Sim;3;0;1;0;1;1;1;3;-6,8979;-38,5233;SPRF-PB;DEL03-PB;UOP03-DEL03-PB
624672;30/08/2024;sexta-feira;21:40:00;SC;282;20,5;PALHOCA;Condutor deixou de manter distância do veículo da frente;Colisão traseira;Com Vítimas Feridas;Plena Noite;Crescente;Nublado;Simples;"Interseção de Vias;Reta";Não;2;0;1;0;1;0;1;2;-27,683958;-48,71006;SPRF-SC;DEL01-SC;UOP02-DEL01-SC
624673;30/08/2024;sexta-feira;20:20:00;MG;262;39,6;MANHUACU;Transitar no Acostamento;Atropelamento de Pedestre;Com Vítimas Feridas;Plena Noite;Decrescente;Céu Claro;Simples;Reta;Sim;2;0;0;1;0;1;1;2;-20,27165802;-42,03950458;SPRF-MG;DEL06-MG;UOP03-DEL06-MG
624677;30/08/2024;sexta-feira;22:30:00;PR;116;129;FAZENDA RIO GRANDE;Ausência de reação do condutor;Colisão com objeto;Sem Vítimas;Plena Noite;Decrescente;Céu Claro;Dupla;Reta;Não;1;0;0;0;1;0;0;1;-25,63027814;-49,31381255;SPRF-PR;DEL01-PR;UOP03-DEL01-PR
624682;30/08/2024;sexta-feira;18:50:00;BA;101;332,9;PRESIDENTE TANCREDO NEVES;Ausência de reação do condutor;Colisão frontal;Com Vítimas Feridas;Plena Noite;Decrescente;Garoa/Chuvisco;Simples;Reta;Não;4;0;2;2;0;0;4;2;-13,494862;-39,432372;SPRF-BA;DEL05-BA;UOP03-DEL05-BA
624688;30/08/2024;sexta-feira;22:40:00;GO;20;23;FORMOSA;Ingestão de álcool pelo condutor;Queda de ocupante de veículo;Com Vítimas Feridas;Plena Noite;Decrescente;Céu Claro;Simples;Reta;Não;1;0;0;1;0;0;1;1;-15,542938;-47,151627;SPRF-DF;DEL02-DF;UOP02-DEL02-DF
624692;30/08/2024;sexta-feira;22:45:00;MS;163;267;DOURADOS;Ingestão de álcool pelo condutor;Saída de leito carroçável;Com Vítimas Feridas;Plena Noite;Decrescente;Céu Claro;Dupla;Reta;Sim;1;0;1;0;0;0;1;1;-22,21242493;-54,71536905;SPRF-MS;DEL04-MS;UOP01-DEL04-MS
624693;30/08/2024;sexta-feira;23:40:00;ES;101;270,8;SERRA;Reação tardia ou ineficiente do condutor;Colisão com objeto;Com Vítimas Feridas;Plena Noite;Decrescente;Céu Claro;Dupla;"Curva;Declive";Sim;2;0;2;0;0;0;2;1;-20,22662056;-40,27075088;SPRF-ES;DEL02-ES;UOP01-DEL02-ES
624695;30/08/2024;sexta-feira;22:20:00;PI;316;5,5;TERESINA;Condutor desrespeitou a iluminação vermelha do semáforo;Colisão transversal;Com Vítimas Feridas;Plena Noite;Decrescente;Céu Claro;Múltipla;Interseção de Vias;Sim;4;0;2;0;2;0;2;2;-5,14169858;-42,78157276;SPRF-PI;DEL01-PI;UOP02-DEL01-PI
624696;30/08/2024;sexta-feira;22:52:00;PA;230;121;MARABA;Acessar a via sem observar a presença dos outros veículos;Colisão transversal;Sem Vítimas;Plena Noite;Crescente;Céu Claro;Dupla;"Retorno Regulamentado;Reta";Sim;2;0;0;0;2;0;0;2;-5,35297407;-49,12143673;SPRF-PA;DEL03-PA;UOP01-DEL03-PA
624698;30/08/2024;sexta-feira;23:20:00;RN;226;10;MACAIBA;Ingestão de álcool pelo condutor;Colisão lateral sentido oposto;Com Vítimas Feridas;Plena Noite;Decrescente;Céu Claro;Simples;Reta;Não;4;0;1;0;3;0;1;2;-5,84199104;-35,29535395;SPRF-RN;DEL01-RN;UOP02-DEL01-RN
624699;30/08/2024;sexta-feira;21:10:00;AC;364;119;RIO BRANCO;Ausência de reação do condutor;Eventos atípicos;Com Vítimas Feridas;Plena Noite;Decrescente;Céu Claro;Dupla;Reta;Sim;7;0;1;1;5;0;2;1;-10,012444;-67,746305;SPRF-AC;DEL01-AC;UOP01-DEL01-AC
624700;31/08/2024;sábado;00:10:00;ES;101;122;LINHARES;Reação tardia ou ineficiente do condutor;Tombamento;Com Vítimas Feridas;Plena Noite;Crescente;Nublado;Simples;Reta;Não;1;0;1;0;0;0;1;1;-19,16016593;-40,08315314;SPRF-ES;DEL04-ES;UOP01-DEL04-ES
624703;30/08/2024;sexta-feira;22:00:00;GO;80;69;PADRE BERNARDO;Ausência de reação do condutor;Colisão traseira;Com Vítimas Feridas;Plena Noite;Crescente;Céu Claro;Simples;Reta;Não;6;0;5;0;1;0;5;2;-15,210366;-48,473693;SPRF-DF;DEL03-DF;UOP02-DEL03-DF
624704;30/08/2024;sexta-feira;15:00:00;MA;230;66;SAO JOAO DOS PATOS;Ausência de reação do condutor;Saída de leito carroçável;Com Vítimas Fatais;Pleno dia;Decrescente;Céu Claro;Simples;Reta;Não;1;1;0;0;0;0;0;1;-6,55530117;-43,51433119;SPRF-PI;DEL03-PI;UOP01-DEL03-PI
624706;30/08/2024;sexta-feira;22:50:00;RO;364;714;PORTO VELHO;Ausência de reação do condutor;Colisão com objeto;Com Vítimas Feridas;Plena Noite;Crescente;Nublado;Dupla;Reta;Sim;1;0;0;1;0;0;1;1;-8,77323714;-63,88521091;SPRF-RO;DEL01-RO;UOP01-DEL01-RO
624708;30/08/2024;sexta-feira;23:15:00;PR;277;104;CAMPO LARGO;Pedestre cruzava a pista fora da faixa;Atropelamento de Pedestre;Com Vítimas Fatais;Plena Noite;Crescente;Céu Claro;Dupla;"Aclive;Reta";Sim;4;1;0;0;3;0;0;2;-25,432056;-49,400701;SPRF-PR;DEL03-PR;UOP03-DEL03-PR
624710;30/08/2024;sexta-feira;20:40:00;PI;316;14,5;TERESINA;Transitar na contramão;Colisão lateral sentido oposto;Com Vítimas Feridas;Plena Noite;Decrescente;Céu Claro;Dupla;Reta;Sim;2;0;0;1;1;0;1;2;-5,21837815;-42,75257727;SPRF-PI;DEL01-PI;UOP02-DEL01-PI
624711;30/08/2024;sexta-feira;23:42:00;GO;251;30;CRISTALINA;Transitar no Acostamento;Atropelamento de Pedestre;Com Vítimas Feridas;Plena Noite;Decrescente;Céu Claro;Simples;Reta;Sim;3;0;3;0;0;0;3;2;-16,0820873;-47,52264448;SPRF-DF;DEL01-DF;UOP01-DEL01-DF
624713;31/08/2024;sábado;01:20:00;SC;101;134;BALNEARIO CAMBORIU;Condutor Dormindo;Colisão com objeto;Com Vítimas Feridas;Plena Noite;Crescente;Nublado;Dupla;Reta;Sim;1;0;1;0;0;0;1;1;-27,00218;-48,636433;SPRF-SC;DEL04-SC;UOP03-DEL04-SC
624715;31/08/2024;sábado;00:30:00;SC;101;215,1;PALHOCA;Velocidade Incompatível;Colisão com objeto;Com Vítimas Feridas;Plena Noite;Decrescente;Nublado;Múltipla;Reta;Sim;2;0;2;0;0;0;2;1;-27,65184843;-48,67604941;SPRF-SC;DEL01-SC;UOP02-DEL01-SC
624716;31/08/2024;sábado;01:30:00;PB;230;27;JOAO PESSOA;Reação tardia ou ineficiente do condutor;Colisão com objeto;Sem Vítimas;Plena Noite;Decrescente;Céu Claro;Dupla;Curva;Sim;1;0;0;0;0;1;0;1;-7,16500735;-34,89239506;SPRF-PB;DEL01-PB;UOP01-DEL01-PB
624717;31/08/2024;sábado;00:50:00;MG;40;780,1;JUIZ DE FORA;Transitar na contramão;Colisão frontal;Com Vítimas Feridas;Plena Noite;Decrescente;Céu Claro;Dupla;Curva;Não;3;0;0;1;2;0;1;2;-21,67939981;-43,44987329;SPRF-MG;DEL05-MG;UOP01-DEL05-MG
624718;31/08/2024;sábado;00:50:00;ES;101;247;SERRA;Ingestão de álcool pelo condutor;Saída de leito carroçável;Sem Vítimas;Plena Noite;Crescente;Nublado;Dupla;Interseção de Vias;Não;1;0;0;0;1;0;0;1;-20,06746339;-40,37085006;SPRF-ES;DEL02-ES;UOP01-DEL02-ES
624719;31/08/2024;sábado;01:30:00;PR;476;120;COLOMBO;Ausência de reação do condutor;Saída de leito carroçável;Sem Vítimas;Plena Noite;Crescente;Nevoeiro/Neblina;Dupla;"Em Obras;Curva;Declive;Desvio Temporário";Não;2;0;0;0;2;0;0;1;-25,38739129;-49,20448425;SPRF-PR;DEL01-PR;UOP01-DEL01-PR
624720;31/08/2024;sábado;01:50:00;GO;20;4;FORMOSA;Reação tardia ou ineficiente do condutor;Colisão lateral sentido oposto;Sem Vítimas;Plena Noite;Decrescente;Céu Claro;Simples;Reta;Sim;2;0;0;0;1;1;0;2;-15,561395;-47,313698;SPRF-DF;DEL02-DF;UOP02-DEL02-DF
624721;31/08/2024;sábado;01:25:00;SC;280;126,6;RIO NEGRINHO;Acessar a via sem observar a presença dos outros veículos;Colisão transversal;Sem Vítimas;Plena Noite;Crescente;Nevoeiro/Neblina;Simples;"Reta;Declive";Sim;2;0;0;0;2;0;0;2;-26,23779604;-49,49427399;SPRF-SC;DEL06-SC;UOP03-DEL06-SC
624722;31/08/2024;sábado;02:10:00;MG;50;173;UBERABA;Ausência de reação do condutor;Atropelamento de Animal;Com Vítimas Feridas;Plena Noite;Crescente;Céu Claro;Dupla;Reta;Não;1;0;1;0;0;0;1;1;-19,7624352;-47,97701547;SPRF-MG;DEL13-MG;UOP01-DEL13-MG
624723;31/08/2024;sábado;02:00:00;PR;277;189;PALMEIRA;Ausência de reação do condutor;Saída de leito carroçável;Com Vítimas Feridas;Plena Noite;Crescente;Céu Claro;Simples;Reta;Não;1;0;1;0;0;0;1;1;-25,42338489;-50,10286399;SPRF-PR;DEL08-PR;UOP02-DEL08-PR
624724;31/08/2024;sábado;02:30:00;ES;101;231,5;FUNDAO;Condutor Dormindo;Colisão frontal;Com Vítimas Fatais;Plena Noite;Crescente;Céu Claro;Simples;Reta;Não;8;5;2;0;0;1;2;3;-19,9486019;-40,40930271;SPRF-ES;DEL02-ES;UOP01-DEL02-ES
624725;31/08/2024;sábado;01:39:00;RO;0;0;PORTO VELHO;Ingestão de álcool pelo condutor;Colisão traseira;Sem Vítimas;Plena Noite;Não Informado;Ignorado;Simples;Reta;Sim;5;0;0;0;5;0;0;2;-8,75484457;-63,88823926;SPRF-RO;DEL01-RO;UOP01-DEL01-RO
624726;31/08/2024;sábado;04:00:00;SP;101;52;UBATUBA;Transitar na contramão;Colisão frontal;Com Vítimas Feridas;Plena Noite;Decrescente;Céu Claro;Simples;Rotatória;Sim;3;0;3;0;0;0;3;2;-23,4623355;-45,06476561;SPRF-SP;DEL06-SP;UOP01-DEL06-SP
624727;31/08/2024;sábado;04:10:00;RS;290;90;PORTO ALEGRE;Ausência de sinalização;Colisão lateral mesmo sentido;Sem Vítimas;Plena Noite;Decrescente;Céu Claro;Múltipla;Reta;Não;2;0;0;0;1;1;0;2;-29,968319;-51,157398;SPRF-RS;DEL01-RS;UOP01-DEL01-RS
624729;26/08/2024;segunda-feira;19:00:00;RJ;101;318;SAO GONCALO;Condutor deixou de manter distância do veículo da frente;Colisão lateral mesmo sentido;Com Vítimas Feridas;Plena Noite;Decrescente;Céu Claro;Dupla;Reta;Sim;2;0;1;0;1;0;1;2;-22,82835879;-43,09208739;SPRF-RJ;DEL02-RJ;UOP02-DEL02-RJ
624731;31/08/2024;sábado;03:15:00;MS;262;588;MIRANDA;Demais falhas mecânicas ou elétricas;Colisão com objeto;Com Vítimas Feridas;Plena Noite;Crescente;Céu Claro;Simples;Reta;Não;15;0;1;0;14;0;1;1;-20,13657806;-56,63611302;SPRF-MS;DEL03-MS;UOP02-DEL03-MS
624733;30/08/2024;sexta-feira;21:00:00;SC;282;433,1;VARGEM BONITA;Reação tardia ou ineficiente do condutor;Colisão traseira;Com Vítimas Feridas;Plena Noite;Decrescente;Céu Claro;Simples;"Reta;Aclive";Não;5;0;2;0;2;1;2;2;-26,980513;-51,817208;SPRF-SC;DEL07-SC;UOP05-DEL07-SC
624734;31/08/2024;sábado;05:05:00;SC;101;206;SAO JOSE;Reação tardia ou ineficiente do condutor;Capotamento;Sem Vítimas;Amanhecer;Decrescente;Céu Claro;Múltipla;Reta;Não;1;0;0;0;0;1;0;1;-27,59193546;-48,61824557;SPRF-SC;DEL01-SC;UOP01-DEL01-SC
624736;31/08/2024;sábado;05:00:00;RJ;101;80,5;CAMPOS DOS GOYTACAZES;Acessar a via sem observar a presença dos outros veículos;Colisão transversal;Com Vítimas Feridas;Plena Noite;Crescente;Céu Claro;Simples;Reta;Sim;4;0;3;0;1;0;3;2;-21,83453437;-41,43797909;SPRF-RJ;DEL08-RJ;UOP02-DEL08-RJ
624737;31/08/2024;sábado;04:15:00;RS;293;15;CAPAO DO LEAO;Reação tardia ou ineficiente do condutor;Saída de leito carroçável;Sem Vítimas;Plena Noite;Decrescente;Céu Claro;Simples;Interseção de Vias;Não;1;0;0;0;0;1;0;1;-31,74905458;-52,47841033;SPRF-RS;DEL07-RS;UOP01-DEL07-RS
624738;31/08/2024;sábado;05:20:00;SP;116;52;LORENA;Ausência de reação do condutor;Colisão com objeto;Sem Vítimas;Amanhecer;Decrescente;Céu Claro;Dupla;Reta;Sim;1;0;0;0;1;0;0;1;-22,74157511;-45,09206392;SPRF-SP;DEL08-SP;UOP02-DEL08-SP
624739;31/08/2024;sábado;05:20:00;RS;101;4;TORRES;Pedestre cruzava a pista fora da faixa;Atropelamento de Pedestre;Com Vítimas Feridas;Amanhecer;Crescente;Céu Claro;Dupla;"Curva;Aclive";Sim;2;0;1;0;0;1;1;2;-29,33868616;-49,78467196;SPRF-RS;DEL03-RS;UOP02-DEL03-RS
624740;31/08/2024;sábado;05:00:00;DF;20;3;BRASILIA;Ingestão de álcool pelo condutor;Capotamento;Sem Vítimas;Amanhecer;Decrescente;Céu Claro;Dupla;"Reta;Aclive";Sim;1;0;0;0;1;0;0;1;-15,679851;-47,832211;SPRF-DF;DEL02-DF;UOP01-DEL02-DF
624741;30/08/2024;sexta-feira;23:20:00;BA;116;457,2;SANTO ESTEVAO;Demais falhas na via;Tombamento;Com Vítimas Feridas;Plena Noite;Crescente;Chuva;Dupla;"Reta;Declive";Não;1;0;0;1;0;0;1;1;-12,4225;-39,2016;SPRF-BA;DEL02-BA;UOP01-DEL02-BA
624743;31/08/2024;sábado;06:05:00;RS;158;194,8;CRUZ ALTA;Ingestão de álcool pelo condutor;Colisão com objeto;Com Vítimas Fatais;Plena Noite;Crescente;Céu Claro;Simples;"Rotatória;Interseção de Vias";Sim;2;1;1;0;0;0;1;1;-28,64664047;-53,57739683;SPRF-RS;DEL10-RS;UOP02-DEL10-RS
624744;31/08/2024;sábado;06:00:00;DF;20;6,7;BRASILIA;Condutor deixou de manter distância do veículo da frente;Colisão traseira;Com Vítimas Feridas;Pleno dia;Decrescente;Céu Claro;Múltipla;Reta;Sim;3;0;2;0;1;0;2;2;-15,665888;-47,808308;SPRF-DF;DEL02-DF;UOP01-DEL02-DF
624745;31/08/2024;sábado;05:50:00;RJ;101;307;SAO GONCALO;Condutor Dormindo;Colisão com objeto;Com Vítimas Feridas;Amanhecer;Decrescente;Céu Claro;Dupla;Reta;Sim;1;0;1;0;0;0;1;1;-22,79115777;-43,01514205;SPRF-RJ;DEL02-RJ;UOP02-DEL02-RJ
624746;31/08/2024;sábado;04:40:00;MT;70;522;VARZEA GRANDE;Condutor deixou de manter distância do veículo da frente;Colisão traseira;Com Vítimas Feridas;Amanhecer;Decrescente;Céu Claro;Simples;Reta;Sim;2;0;1;0;1;0;1;2;-15,65384537;-56,19186419;SPRF-MT;DEL01-MT;UOP02-DEL01-MT
624747;31/08/2024;sábado;04:40:00;PE;424;67,1;CAETES;Ausência de reação do condutor;Colisão traseira;Com Vítimas Feridas;Pleno dia;Crescente;Nublado;Simples;Reta;Não;5;0;2;0;3;0;2;2;-8,76373281;-36,64275387;SPRF-PE;DEL03-PE;UOP01-DEL03-PE