id;data_inversa;dia_semana;horario;uf;br;km;municipio;causa_acidente;tipo_acidente;classificacao_acidente;fase_dia;sentido_via;condicao_metereologica;tipo_pista;tracado_via;uso_solo;pessoas;mortos;feridos_leves;feridos_graves;ilesos;ignorados;feridos;veiculos;latitude;longitude;regional;delegacia;uop
624750;31/08/2024;sábado;07:00:00;RS;290;110;ELDORADO DO SUL;Condutor Dormindo;Saída de leito carroçável;Sem Vítimas;Pleno dia;Decrescente;Nublado;Dupla;Reta;Não;1;0;0;0;1;0;0;1;-30,023552;-51,321091;SPRF-RS;DEL02-RS;UOP01-DEL02-RS
624753;31/08/2024;sábado;06:50:00;RS;116;632,2;ARROIO GRANDE;Ausência de reação do condutor;Saída de leito carroçável;Sem Vítimas;Amanhecer;Decrescente;Garoa/Chuvisco;Simples;Reta;Não;2;0;0;0;0;2;0;1;-32,39570376;-53,21449524;SPRF-RS;DEL07-RS;UOP03-DEL07-RS
624754;31/08/2024;sábado;07:00:00;SP;381;86,6;SAO JOSE DOS CAMPOS;Reação tardia ou ineficiente do condutor;Colisão lateral mesmo sentido;Com Vítimas Feridas;Amanhecer;Crescente;Céu Claro;Dupla;Reta;Sim;3;0;1;0;1;1;1;3;-23;-46;SPRF-SP;DEL03-SP;UOP01-DEL03-SP
624755;13/07/2024;sábado;10:40:00;SC;280;110,2;SAO BENTO DO SUL;Reação tardia ou ineficiente do condutor;Saída de leito carroçável;Com Vítimas Fatais;Pleno dia;Crescente;Chuva;Simples;"Curva;Aclive";Não;1;1;0;0;0;0;0;1;-26,32140672;-49,38932175;SPRF-SC;DEL06-SC;UOP03-DEL06-SC
624756;31/08/2024;sábado;04:30:00;RJ;116;106;GUAPIMIRIM;Transitar na contramão;Colisão frontal;Com Vítimas Feridas;Amanhecer;Decrescente;Céu Claro;Simples;"Aclive;Curva";Não;2;0;0;1;1;0;1;2;-22,521951;-43,00070097;SPRF-RJ;DEL04-RJ;UOP01-DEL04-RJ
624759;31/08/2024;sábado;08:00:00;SP;116;225;GUARULHOS;Acessar a via sem observar a presença dos outros veículos;Colisão transversal;Com Vítimas Feridas;Pleno dia;Crescente;Céu Claro;Múltipla;Reta;Sim;2;0;1;0;0;1;1;2;-23,48586772;-46,54075317;SPRF-SP;DEL01-SP;UOP01-DEL01-SP
624760;31/08/2024;sábado;04:00:00;SC;101;134;BALNEARIO CAMBORIU;Ingestão de álcool pelo condutor;Colisão com objeto;Sem Vítimas;Amanhecer;Decrescente;Céu Claro;Múltipla;Reta;Sim;1;0;0;0;0;1;0;1;-27,00218;-48,636433;SPRF-SC;DEL04-SC;UOP03-DEL04-SC
624761;31/08/2024;sábado;07:15:00;RJ;101;309;SAO GONCALO;Reação tardia ou ineficiente do condutor;Colisão traseira;Sem Vítimas;Pleno dia;Decrescente;Céu Claro;Dupla;Reta;Sim;2;0;0;0;2;0;0;2;-22,79498873;-43,03446105;SPRF-RJ;DEL02-RJ;UOP02-DEL02-RJ
624764;31/08/2024;sábado;04:50:00;RJ;40;121;DUQUE DE CAXIAS;Ausência de reação do condutor;Colisão com objeto;Com Vítimas Feridas;Plena Noite;Crescente;Céu Claro;Múltipla;Reta;Sim;1;0;1;0;0;0;1;1;-22,78185499;-43,28571273;SPRF-RJ;DEL01-RJ;UOP02-DEL01-RJ
624766;31/08/2024;sábado;06:45:00;PR;369;463;CORBELIA;Acessar a via sem observar a presença dos outros veículos;Colisão transversal;Com Vítimas Feridas;Amanhecer;Decrescente;Céu Claro;Simples;"Curva;Interseção de Vias;Declive";Não;3;0;2;0;1;0;2;2;-24,63832838;-53,20829988;SPRF-PR;DEL04-PR;UOP03-DEL04-PR
624767;30/08/2024;sexta-feira;22:45:00;AC;364;121;RIO BRANCO;Ausência de reação do condutor;Saída de leito carroçável;Com Vítimas Feridas;Plena Noite;Crescente;Nublado;Dupla;Reta;Não;1;0;1;0;0;0;1;1;-10,01209268;-67,764365;SPRF-AC;DEL01-AC;UOP01-DEL01-AC
624768;31/08/2024;sábado;05:00:00;MS;419;257,9;ANASTACIO;Ingestão de álcool pelo condutor;Saída de leito carroçável;Sem Vítimas;Amanhecer;Crescente;Céu Claro;Simples;Reta;Não;1;0;0;0;1;0;0;1;-20,60740588;-55,86150942;SPRF-MS;DEL03-MS;UOP01-DEL03-MS
624769;31/08/2024;sábado;07:30:00;RS;290;91;PORTO ALEGRE;Ingestão de álcool pelo condutor;Colisão com objeto;Sem Vítimas;Amanhecer;Crescente;Céu Claro;Simples;Curva;Não;1;0;0;0;1;0;0;1;-29,969055;-51,167439;SPRF-RS;DEL01-RS;UOP01-DEL01-RS
624770;27/08/2024;terça-feira;18:15:00;BA;415;48,8;ITABUNA;Reação tardia ou ineficiente do condutor;Colisão transversal;Com Vítimas Feridas;Plena Noite;Crescente;Nublado;Simples;Reta;Sim;2;0;0;1;0;1;1;2;-14,820498;-39,30683;SPRF-BA;DEL05-BA;UOP01-DEL05-BA
624771;31/08/2024;sábado;07:20:00;SE;235;47,5;ITABAIANA;Ausência de reação do condutor;Queda de ocupante de veículo;Com Vítimas Feridas;Pleno dia;Crescente;Céu Claro;Simples;Reta;Sim;1;0;1;0;0;0;1;1;-10,731889;-37,411335;SPRF-SE;DEL01-SE;UOP02-DEL01-SE
624772;30/08/2024;sexta-feira;18:30:00;RJ;40;120;DUQUE DE CAXIAS;Reação tardia ou ineficiente do condutor;Colisão lateral mesmo sentido;Sem Vítimas;Plena Noite;Crescente;Céu Claro;Múltipla;Reta;Sim;2;0;0;0;1;1;0;2;-22,77280597;-43,28626763;SPRF-RJ;DEL01-RJ;UOP02-DEL01-RJ
624773;31/08/2024;sábado;08:50:00;RS;158;566;SANTANA DO LIVRAMENTO;Acessar a via sem observar a presença dos outros veículos;Colisão transversal;Com Vítimas Feridas;Pleno dia;Crescente;Nublado;Simples;"Interseção de Vias;Reta";Sim;5;0;2;0;3;0;2;2;-30,8761963;-55,5137229;SPRF-RS;DEL11-RS;UOP01-DEL11-RS
624774;31/08/2024;sábado;07:30:00;RJ;101;521;ANGRA DOS REIS;Ausência de reação do condutor;Tombamento;Com Vítimas Feridas;Pleno dia;Decrescente;Céu Claro;Simples;Curva;Não;1;0;1;0;0;0;1;1;-23,00358213;-44,46110129;SPRF-RJ;DEL03-RJ;UOP03-DEL03-RJ
624776;31/08/2024;sábado;06:45:00;GO;80;2,5;PADRE BERNARDO;Reação tardia ou ineficiente do condutor;Saída de leito carroçável;Sem Vítimas;Pleno dia;Crescente;Céu Claro;Dupla;"Reta;Declive";Não;1;0;0;0;1;0;0;1;-15,502505;-48,21132;SPRF-DF;DEL03-DF;UOP02-DEL03-DF
624778;31/08/2024;sábado;06:45:00;PE;232;508;SALGUEIRO;Desrespeitar a preferência no cruzamento;Colisão transversal;Com Vítimas Feridas;Pleno dia;Crescente;Céu Claro;Simples;Reta;Sim;2;0;0;1;1;0;1;2;-8,06274578;-39,12400961;SPRF-PE;DEL05-PE;UOP01-DEL05-PE
624780;31/08/2024;sábado;09:10:00;SC;101;212,2;PALHOCA;Avarias e/ou desgaste excessivo no pneu;Tombamento;Com Vítimas Feridas;Pleno dia;Crescente;Nublado;Dupla;Reta;Sim;2;0;2;0;0;0;2;1;-27,62996929;-48,65903871;SPRF-SC;DEL01-SC;UOP02-DEL01-SC
624781;31/08/2024;sábado;08:30:00;MS;163;8,2;MUNDO NOVO;Reação tardia ou ineficiente do condutor;Saída de leito carroçável;Com Vítimas Feridas;Pleno dia;Crescente;Céu Claro;Simples;Reta;Não;2;0;1;0;1;0;1;1;-23,99553602;-54,32870801;SPRF-MS;DEL09-MS;UOP02-DEL09-MS
624786;17/03/2024;domingo;11:20:00;MG;381;479;CONTAGEM;Reação tardia ou ineficiente do condutor;Colisão com objeto;Sem Vítimas;Pleno dia;Decrescente;Céu Claro;Dupla;"Curva;Aclive";Sim;2;0;0;0;1;1;0;2;-19,95889605;-44,069202;SPRF-MG;DEL01-MG;UOP03-DEL01-MG
624787;31/08/2024;sábado;05:30:00;MA;135;301;DOM PEDRO;Ausência de reação do condutor;Colisão frontal;Com Vítimas Feridas;Amanhecer;Crescente;Nublado;Simples;Curva;Não;2;0;1;0;1;0;1;2;-4,9757;-44,411473;SPRF-MA;DEL06-MA;UOP01-DEL06-MA
624788;31/08/2024;sábado;08:20:00;SP;116;204;ARUJA;Reação tardia ou ineficiente do condutor;Colisão com objeto;Com Vítimas Feridas;Pleno dia;Decrescente;Céu Claro;Múltipla;Reta;Não;1;0;1;0;0;0;1;1;-23,41236123;-46,35692496;SPRF-SP;DEL01-SP;UOP01-DEL01-SP
624789;31/08/2024;sábado;09:00:00;AP;210;2;MACAPA;Acesso irregular;Colisão lateral mesmo sentido;Com Vítimas Feridas;Pleno dia;Decrescente;Céu Claro;Dupla;Reta;Sim;2;0;1;0;1;0;1;2;0,08282017;-51,07776189;SPRF-AP;DEL01-AP;UOP01-DEL01-AP
624791;31/08/2024;sábado;09:10:00;SP;116;186;SANTA ISABEL;Condutor deixou de manter distância do veículo da frente;Colisão traseira;Com Vítimas Feridas;Pleno dia;Decrescente;Céu Claro;Dupla;Reta;Sim;3;0;2;0;1;0;2;2;-23,35220682;-46,19934905;SPRF-SP;DEL01-SP;UOP01-DEL01-SP
624792;31/08/2024;sábado;09:30:00;SP;116;90,3;PINDAMONHANGABA;Ausência de reação do condutor;Queda de ocupante de veículo;Com Vítimas Feridas;Pleno dia;Crescente;Sol;Dupla;Reta;Sim;1;0;1;0;0;0;1;1;-22,94361839;-45,3873088;SPRF-SP;DEL08-SP;UOP01-DEL08-SP
624793;31/08/2024;sábado;09:20:00;MG;40;784,1;JUIZ DE FORA;Acessar a via sem observar a presença dos outros veículos;Colisão transversal;Com Vítimas Feridas;Pleno dia;Decrescente;Céu Claro;Dupla;"Retorno Regulamentado;Declive";Não;3;0;1;0;2;0;1;2;-21,71178893;-43,44743099;SPRF-MG;DEL05-MG;UOP01-DEL05-MG
624794;31/08/2024;sábado;08:30:00;BA;242;403;SEABRA;Ultrapassagem Indevida;Queda de ocupante de veículo;Com Vítimas Feridas;Pleno dia;Decrescente;Nublado;Simples;Reta;Não;2;0;0;1;1;0;1;2;-12,47613698;-41,71538303;SPRF-BA;DEL06-BA;UOP01-DEL06-BA
624797;31/08/2024;sábado;07:00:00;MG;365;623;UBERLANDIA;Reação tardia ou ineficiente do condutor;Colisão com objeto;Sem Vítimas;Amanhecer;Crescente;Céu Claro;Dupla;Reta;Sim;1;0;0;0;0;1;0;1;-18,9100325;-48,30694985;SPRF-MG;DEL15-MG;UOP01-DEL15-MG
624798;31/08/2024;sábado;08:21:00;SP;116;139;SAO JOSE DOS CAMPOS;Manobra de mudança de faixa;Colisão lateral mesmo sentido;Com Vítimas Feridas;Pleno dia;Crescente;Céu Claro;Dupla;Reta;Sim;3;0;2;0;1;0;2;2;-23,16153216;-45,80400592;SPRF-SP;DEL02-SP;UOP01-DEL02-SP
624799;31/08/2024;sábado;09:53:00;PE;101;68;RECIFE;Ausência de reação do condutor;Engavetamento;Com Vítimas Feridas;Pleno dia;Crescente;Céu Claro;Dupla;Viaduto;Sim;6;0;2;0;4;0;2;3;-8,0501116;-34,946019;SPRF-PE;DEL01-PE;UOP01-DEL01-PE
624800;31/08/2024;sábado;10:20:00;RJ;101;274;TANGUA;Reação tardia ou ineficiente do condutor;Colisão traseira;Com Vítimas Feridas;Pleno dia;Decrescente;Céu Claro;Simples;Reta;Sim;3;0;1;0;2;0;1;2;-22,73506292;-42,71948103;SPRF-RJ;DEL02-RJ;UOP03-DEL02-RJ
624801;31/08/2024;sábado;09:00:00;MT;163;839;SINOP;Reação tardia ou ineficiente do condutor;Colisão traseira;Sem Vítimas;Pleno dia;Decrescente;Céu Claro;Simples;Reta;Sim;5;0;0;0;5;0;0;2;-11,820143;-55,48455;SPRF-MT;DEL06-MT;UOP02-DEL06-MT
624802;31/08/2024;sábado;14:00:00;SP;116;208;GUARULHOS;Entrada inopinada do pedestre;Atropelamento de Pedestre;Com Vítimas Feridas;Pleno dia;Decrescente;Céu Claro;Dupla;Reta;Sim;2;0;1;0;1;0;1;2;-23,42222263;-46,3932771;SPRF-SP;DEL01-SP;UOP01-DEL01-SP
624803;31/08/2024;sábado;09:53:00;RJ;101;254;RIO BONITO;Transitar na contramão;Colisão lateral sentido oposto;Com Vítimas Feridas;Pleno dia;Decrescente;Céu Claro;Dupla;Reta;Não;3;0;1;1;1;0;2;2;-22,692225;-42,549546;SPRF-RJ;DEL02-RJ;UOP03-DEL02-RJ
624804;31/08/2024;sábado;08:50:00;GO;153;688,2;ITUMBIARA;Ausência de reação do condutor;Saída de leito carroçável;Com Vítimas Feridas;Pleno dia;Crescente;Sol;Dupla;Curva;Não;1;0;1;0;0;0;1;1;-18,2915;-49,2387;SPRF-GO;DEL03-GO;UOP02-DEL03-GO
624807;31/08/2024;sábado;08:15:00;RO;364;343,2;JI-PARANA;Condutor desrespeitou a iluminação vermelha do semáforo;Colisão transversal;Com Vítimas Feridas;Pleno dia;Decrescente;Sol;Dupla;Reta;Sim;2;0;1;0;1;0;1;2;-10,87878519;-61,94499012;SPRF-RO;DEL02-RO;UOP01-DEL02-RO
624809;31/08/2024;sábado;11:20:00;MG;381;445;SABARA;Acessar a via sem observar a presença dos outros veículos;Colisão transversal;Com Vítimas Feridas;Pleno dia;Decrescente;Céu Claro;Simples;Reta;Sim;2;0;1;0;1;0;1;2;-19,82543027;-43,83409786;SPRF-MG;DEL01-MG;UOP01-DEL01-MG
624810;30/08/2024;sexta-feira;20:00:00;RS;153;591;BAGE;Ausência de reação do condutor;Saída de leito carroçável;Com Vítimas Fatais;Plena Noite;Crescente;Chuva;Simples;"Curva;Declive";Não;3;1;2;0;0;0;2;1;-31,12485577;-53,78062822;SPRF-RS;DEL11-RS;UOP03-DEL11-RS
624811;31/08/2024;sábado;11:30:00;SC;101;187,3;BIGUACU;Demais falhas mecânicas ou elétricas;Tombamento;Com Vítimas Feridas;Pleno dia;Crescente;Nublado;Dupla;Reta;Não;1;0;1;0;0;0;1;1;-27,44307116;-48,62848475;SPRF-SC;DEL01-SC;UOP01-DEL01-SC
624812;30/08/2024;sexta-feira;20:30:00;MT;174;504;COMODORO;Velocidade Incompatível;Saída de leito carroçável;Com Vítimas Feridas;Pleno dia;Crescente;Céu Claro;Simples;Reta;Não;1;0;0;1;0;0;1;1;-13,50335995;-59,83626371;SPRF-MT;DEL04-MT;UOP02-DEL04-MT
624814;31/08/2024;sábado;10:00:00;RJ;101;119;ITAGUAI;Demais falhas mecânicas ou elétricas;Queda de ocupante de veículo;Com Vítimas Feridas;Pleno dia;Crescente;Céu Claro;Dupla;Reta;Não;1;0;1;0;0;0;1;1;-22,874364;-43,820046;SPRF-RJ;DEL08-RJ;UOP02-DEL08-RJ
624815;31/08/2024;sábado;11:40:00;RJ;116;176;SAO JOAO DE MERITI;Condutor deixou de manter distância do veículo da frente;Colisão traseira;Com Vítimas Feridas;Pleno dia;Decrescente;Sol;Múltipla;Reta;Sim;2;0;1;0;1;0;1;2;-22,7839538;-43,38195488;SPRF-RJ;DEL06-RJ;UOP01-DEL06-RJ
624816;31/08/2024;sábado;11:20:00;MG;40;684,8;RESSAQUINHA;Demais falhas mecânicas ou elétricas;Incêndio;Sem Vítimas;Pleno dia;Decrescente;Céu Claro;Simples;"Reta;Aclive";Não;1;0;0;0;1;0;0;1;-21,07991518;-43,76644135;SPRF-MG;DEL05-MG;UOP02-DEL05-MG
624817;31/08/2024;sábado;11:30:00;SC;101;332;TUBARAO;Mal súbito do condutor;Colisão traseira;Com Vítimas Feridas;Pleno dia;Decrescente;Céu Claro;Múltipla;Reta;Sim;3;0;1;2;0;0;3;2;-28,46016431;-48,98968873;SPRF-SC;DEL02-SC;UOP01-DEL02-SC
624818;31/08/2024;sábado;10:30:00;RO;364;713;PORTO VELHO;Avarias e/ou desgaste excessivo no pneu;Queda de ocupante de veículo;Com Vítimas Feridas;Pleno dia;Crescente;Céu Claro;Dupla;"Interseção de Vias;Curva";Não;1;0;1;0;0;0;1;1;-8,77108183;-63,88249397;SPRF-RO;DEL01-RO;UOP01-DEL01-RO
624822;31/08/2024;sábado;11:11:00;MA;135;12;SAO LUIS;Acessar a via sem observar a presença dos outros veículos;Colisão transversal;Com Vítimas Feridas;Pleno dia;Crescente;Céu Claro;Dupla;"Reta;Declive";Não;2;0;0;1;1;0;1;2;-2,53073;-44,3068;SPRF-MA;DEL01-MA;UOP01-DEL01-MA
624823;30/08/2024;sexta-feira;12:55:00;AM;230;583;HUMAITA;Acumulo de areia ou detritos sobre o pavimento;Saída de leito carroçável;Sem Vítimas;Pleno dia;Decrescente;Céu Claro;Simples;Reta;Não;3;0;0;0;3;0;0;1;-7,56154522;-62,82003098;SPRF-AM;DEL01-AM;UOP05-DEL01-AM
624824;31/08/2024;sábado;12:20:00;RJ;116;186;NOVA IGUACU;Reação tardia ou ineficiente do condutor;Colisão lateral mesmo sentido;Com Vítimas Feridas;Pleno dia;Decrescente;Céu Claro;Múltipla;Reta;Não;2;0;0;1;1;0;1;2;-22,73962339;-43,46276495;SPRF-RJ;DEL06-RJ;UOP01-DEL06-RJ
624825;25/06/2024;terça-feira;00:15:00;BA;242;201;ITABERABA;Reação tardia ou ineficiente do condutor;Saída de leito carroçável;Com Vítimas Feridas;Plena Noite;Crescente;Céu Claro;Simples;Reta;Não;1;0;1;0;0;0;1;1;-12,520349;-40,058457;SPRF-BA;DEL06-BA;UOP02-DEL06-BA
624826;31/08/2024;sábado;09:50:00;RS;285;98,7;MONTE ALEGRE DOS CAMPOS;Reação tardia ou ineficiente do condutor;Colisão traseira;Sem Vítimas;Pleno dia;Crescente;Sol;Simples;"Aclive;Curva";Não;2;0;0;0;2;0;0;2;-28,58825242;-50,76301575;SPRF-RS;DEL05-RS;UOP03-DEL05-RS
624828;31/08/2024;sábado;11:50:00;PE;423;22,6;SAO CAITANO;Demais falhas mecânicas ou elétricas;Incêndio;Sem Vítimas;Pleno dia;Decrescente;Céu Claro;Simples;Reta;Não;1;0;0;0;0;1;0;1;-8,35258392;-36,17123712;SPRF-PE;DEL03-PE;UOP02-DEL03-PE
624829;31/08/2024;sábado;12:50:00;BA;116;819,9;VITORIA DA CONQUISTA;Manobra de mudança de faixa;Queda de ocupante de veículo;Com Vítimas Feridas;Pleno dia;Decrescente;Céu Claro;Simples;Curva;Sim;1;0;1;0;0;0;1;1;-14,83075;-40,83687;SPRF-BA;DEL08-BA;UOP01-DEL08-BA
624830;31/08/2024;sábado;13:27:00;PB;230;22,8;JOAO PESSOA;Ausência de reação do condutor;Colisão traseira;Com Vítimas Feridas;Pleno dia;Crescente;Céu Claro;Dupla;Reta;Sim;2;0;1;0;1;0;1;2;-7,1495;-34,8517;SPRF-PB;DEL01-PB;UOP01-DEL01-PB
624831;31/08/2024;sábado;11:25:00;PI;343;140,5;PIRACURUCA;Manobra de mudança de faixa;Colisão traseira;Com Vítimas Feridas;Pleno dia;Decrescente;Sol;Dupla;"Reta;Retorno Regulamentado";Sim;5;0;1;2;0;2;3;3;-3,92065;-41,712273;SPRF-PI;DEL02-PI;UOP01-DEL02-PI
624834;31/08/2024;sábado;11:15:00;SP;381;86,6;SAO PAULO;Velocidade Incompatível;Colisão com objeto;Com Vítimas Feridas;Pleno dia;Crescente;Céu Claro;Simples;Curva;Sim;1;0;1;0;0;0;1;1;-23,45930499;-46,57161179;SPRF-SP;DEL03-SP;UOP01-DEL03-SP
624836;31/08/2024;sábado;13:35:00;CE;116;8;FORTALEZA;Entrada inopinada do pedestre;Atropelamento de Pedestre;Com Vítimas Feridas;Pleno dia;Crescente;Céu Claro;Múltipla;Reta;Sim;3;0;0;1;2;0;1;2;-3,8192799;-38,50268337;SPRF-CE;DEL01-CE;UOP02-DEL01-CE
624837;30/08/2024;sexta-feira;04:10:00;BA;407;75;JAGUARARI;Transitar na contramão;Colisão frontal;Sem Vítimas;Amanhecer;Crescente;Nublado;Simples;Reta;Não;3;0;0;0;2;1;0;2;-10,01718808;-40,23189328;SPRF-BA;DEL04-BA;UOP01-DEL04-BA
624838;30/08/2024;sexta-feira;13:00:00;MT;163;1065;GUARANTA DO NORTE;Ingestão de álcool pelo condutor;Queda de ocupante de veículo;Com Vítimas Feridas;Pleno dia;Crescente;Céu Claro;Simples;Reta;Não;1;0;1;0;0;0;1;1;-10,08564616;-54,91420977;SPRF-MT;DEL06-MT;UOP03-DEL06-MT
624840;31/08/2024;sábado;13:20:00;PE;101;61;RECIFE;Reação tardia ou ineficiente do condutor;Colisão traseira;Com Vítimas Feridas;Pleno dia;Decrescente;Sol;Dupla;"Retorno Regulamentado;Reta";Sim;3;0;1;0;2;0;1;2;-7,99097103;-34,93598295;SPRF-PE;DEL01-PE;UOP02-DEL01-PE
624841;31/08/2024;sábado;12:30:00;MG;262;741,5;PERDIZES;Demais falhas mecânicas ou elétricas;Queda de ocupante de veículo;Com Vítimas Feridas;Pleno dia;Decrescente;Céu Claro;Simples;"Reta;Aclive";Não;2;0;0;2;0;0;2;1;-19,61046857;-47,43130904;SPRF-MG;DEL08-MG;UOP01-DEL08-MG
624842;28/08/2024;quarta-feira;10:15:00;PR;277;176;PALMEIRA;Reação tardia ou ineficiente do condutor;Colisão lateral mesmo sentido;Sem Vítimas;Pleno dia;Crescente;Céu Claro;Simples;Reta;Não;2;0;0;0;2;0;0;2;-25,44203451;-49,96925354;SPRF-PR;DEL08-PR;UOP02-DEL08-PR
624844;31/08/2024;sábado;04:00:00;PR;277;584,6;CASCAVEL;Manobra de mudança de faixa;Saída de leito carroçável;Sem Vítimas;Plena Noite;Decrescente;Céu Claro;Múltipla;"Declive;Interseção de Vias;Reta";Sim;1;0;0;0;0;1;0;1;-24,96684176;-53,40258186;SPRF-PR;DEL04-PR;UOP01-DEL04-PR
624845;31/08/2024;sábado;14:15:00;MG;381;513;IGARAPE;Desrespeitar a preferência no cruzamento;Colisão transversal;Com Vítimas Feridas;Pleno dia;Decrescente;Sol;Múltipla;Rotatória;Sim;2;0;1;0;1;0;1;2;-20,07417758;-44,30130386;SPRF-MG;DEL01-MG;UOP03-DEL01-MG
624846;31/08/2024;sábado;13:30:00;PR;272;413,5;JANIOPOLIS;Velocidade Incompatível;Saída de leito carroçável;Com Vítimas Fatais;Pleno dia;Crescente;Sol;Simples;Curva;Não;2;1;0;1;0;0;1;1;-24,13170834;-52,80741705;SPRF-PR;DEL09-PR;UOP03-DEL09-PR
624847;31/08/2024;sábado;14:00:00;RS;471;148;SANTA CRUZ DO SUL;Entrada inopinada do pedestre;Atropelamento de Pedestre;Com Vítimas Feridas;Pleno dia;Crescente;Céu Claro;Dupla;"Reta;Retorno Regulamentado;Interseção de Vias";Sim;3;0;0;1;2;0;1;2;-29,76279132;-52,42449939;SPRF-RS;DEL02-RS;UOP03-DEL02-RS
624850;31/08/2024;sábado;15:15:00;MG;381;488;BETIM;Condutor deixou de manter distância do veículo da frente;Colisão traseira;Com Vítimas Feridas;Pleno dia;Decrescente;Céu Claro;Múltipla;"Reta;Declive";Não;2;0;0;1;1;0;1;2;-19,9598656;-44,15489715;SPRF-MG;DEL01-MG;UOP03-DEL01-MG
624853;31/08/2024;sábado;15:00:00;MG;116;417,9;GOVERNADOR VALADARES;Acessar a via sem observar a presença dos outros veículos;Colisão transversal;Com Vítimas Feridas;Pleno dia;Crescente;Céu Claro;Simples;Declive;Sim;2;0;1;0;1;0;1;2;-18,90130308;-41,94492414;SPRF-MG;DEL06-MG;UOP01-DEL06-MG
624854;31/08/2024;sábado;15:50:00;CE;222;4;CAUCAIA;Ausência de reação do condutor;Colisão lateral mesmo sentido;Com Vítimas Feridas;Pleno dia;Crescente;Céu Claro;Múltipla;Reta;Sim;2;0;1;0;1;0;1;2;-3,74164754;-38,60449792;SPRF-CE;DEL01-CE;UOP01-DEL01-CE
624855;31/08/2024;sábado;15:40:00;MG;381;489;BETIM;Demais falhas mecânicas ou elétricas;Tombamento;Com Vítimas Feridas;Pleno dia;Crescente;Céu Claro;Dupla;Reta;Sim;2;0;2;0;0;0;2;1;-19,95636723;-44,1415;SPRF-MG;DEL01-MG;UOP03-DEL01-MG
624856;31/08/2024;sábado;10:50:00;MT;174;206;FIGUEIROPOLIS DOESTE;Acessar a via sem observar a presença dos outros veículos;Colisão transversal;Com Vítimas Feridas;Pleno dia;Decrescente;Céu Claro;Simples;Reta;Não;2;0;0;1;1;0;1;2;-15,6673725;-58,7317424;SPRF-MT;DEL04-MT;UOP01-DEL04-MT
624857;31/08/2024;sábado;15:20:00;PR;369;506,8;CASCAVEL;Acesso irregular;Colisão lateral mesmo sentido;Com Vítimas Feridas;Pleno dia;Decrescente;Céu Claro;Simples;Reta;Sim;2;0;1;0;1;0;1;2;-24,8326;-53,3005;SPRF-PR;DEL04-PR;UOP03-DEL04-PR
624858;31/08/2024;sábado;15:15:00;PR;277;109;CAMPO LARGO;Condutor deixou de manter distância do veículo da frente;Colisão traseira;Com Vítimas Feridas;Pleno dia;Decrescente;Céu Claro;Dupla;Curva;Sim;6;0;1;0;5;0;1;4;-25,44131757;-49,44744587;SPRF-PR;DEL03-PR;UOP03-DEL03-PR
624859;31/08/2024;sábado;15:00:00;PE;423;61,4;LAJEDO;Ultrapassagem Indevida;Colisão transversal;Com Vítimas Feridas;Pleno dia;Decrescente;Céu Claro;Simples;Reta;Sim;3;0;1;1;1;0;2;3;-8,65805731;-36,32866993;SPRF-PE;DEL03-PE;UOP01-DEL03-PE
624860;14/07/2024;domingo;14:47:00;PI;316;54;MONSENHOR GIL;Reação tardia ou ineficiente do condutor;Saída de leito carroçável;Com Vítimas Feridas;Pleno dia;Crescente;Céu Claro;Simples;Reta;Não;4;0;2;2;0;0;4;1;-5,52853582;-42,6350258;SPRF-PI;DEL01-PI;UOP02-DEL01-PI
624861;31/08/2024;sábado;16:00:00;RN;226;167,2;CURRAIS NOVOS;Condutor Dormindo;Saída de leito carroçável;Sem Vítimas;Pleno dia;Crescente;Céu Claro;Simples;Curva;Não;1;0;0;0;1;0;0;1;-6,2306643;-36,45023346;SPRF-RN;DEL03-RN;UOP02-DEL03-RN
624863;31/08/2024;sábado;16:00:00;RJ;116;186;NOVA IGUACU;Mal súbito do condutor;Saída de leito carroçável;Sem Vítimas;Pleno dia;Crescente;Céu Claro;Dupla;Reta;Não;1;0;0;0;1;0;0;1;-22,73962339;-43,46276495;SPRF-RJ;DEL06-RJ;UOP01-DEL06-RJ
624864;31/08/2024;sábado;10:20:00;PR;277;475;NOVA LARANJEIRAS;Reação tardia ou ineficiente do condutor;Colisão com objeto;Com Vítimas Feridas;Pleno dia;Decrescente;Céu Claro;Simples;Reta;Não;1;0;1;0;0;0;1;1;-25,30798916;-52,54687394;SPRF-PR;DEL04-PR;UOP02-DEL04-PR
624865;31/08/2024;sábado;13:50:00;RO;364;15;VILHENA;Conversão proibida;Colisão transversal;Com Vítimas Feridas;Pleno dia;Crescente;Céu Claro;Simples;Reta;Sim;2;0;1;0;1;0;1;2;-12,73672751;-60,14804088;SPRF-RO;DEL04-RO;UOP01-DEL04-RO
624868;31/08/2024;sábado;16:15:00;MG;381;455,5;BELO HORIZONTE;Ausência de reação do condutor;Tombamento;Com Vítimas Feridas;Pleno dia;Crescente;Céu Claro;Simples;Reta;Sim;2;0;1;0;1;0;1;1;-19,83813;-43,88093;SPRF-MG;DEL01-MG;UOP01-DEL01-MG
624870;31/08/2024;sábado;16:00:00;MG;262;479;BOM DESPACHO;Acessar a via sem observar a presença dos outros veículos;Colisão transversal;Com Vítimas Feridas;Pleno dia;Crescente;Sol;Simples;Reta;Não;2;0;1;0;1;0;1;2;-19,7846746;-45,27332783;SPRF-MG;DEL08-MG;UOP03-DEL08-MG