id;data_inversa;dia_semana;horario;uf;br;km;municipio;causa_acidente;tipo_acidente;classificacao_acidente;fase_dia;sentido_via;condicao_metereologica;tipo_pista;tracado_via;uso_solo;pessoas;mortos;feridos_leves;feridos_graves;ilesos;ignorados;feridos;veiculos;latitude;longitude;regional;delegacia;uop
624982;01/09/2024;domingo;02:55:00;RS;101;11,8;DOM PEDRO DE ALCANTARA;Ingestão de álcool pelo condutor;Colisão com objeto;Com Vítimas Feridas;Plena Noite;Crescente;Nublado;Dupla;Reta;Não;6;0;6;0;0;0;6;1;-29,384654;-49,834419;SPRF-RS;DEL03-RS;UOP02-DEL03-RS
624983;01/09/2024;domingo;02:30:00;MS;163;323;RIO BRILHANTE;Condutor Dormindo;Saída de leito carroçável;Sem Vítimas;Plena Noite;Crescente;Céu Claro;Simples;Reta;Não;2;0;0;0;2;0;0;1;-21,78539486;-54,52681531;SPRF-MS;DEL02-MS;UOP02-DEL02-MS
624985;01/09/2024;domingo;04:00:00;RS;386;38,7;FREDERICO WESTPHALEN;Ausência de reação do condutor;Saída de leito carroçável;Com Vítimas Feridas;Plena Noite;Crescente;Nublado;Simples;Curva;Não;3;0;2;0;1;0;2;1;-27,39994663;-53,40388034;SPRF-RS;DEL08-RS;UOP02-DEL08-RS
624987;01/09/2024;domingo;03:40:00;SC;116;23;ITAIOPOLIS;Ingestão de álcool pelo condutor;Saída de leito carroçável;Sem Vítimas;Plena Noite;Crescente;Nevoeiro/Neblina;Simples;Reta;Não;1;0;0;0;1;0;0;1;-26,26545939;-49,91656109;SPRF-SC;DEL06-SC;UOP01-DEL06-SC
624988;01/09/2024;domingo;05:00:00;PR;277;2;PARANAGUA;Reação tardia ou ineficiente do condutor;Colisão com objeto;Com Vítimas Feridas;Plena Noite;Crescente;Céu Claro;Simples;Curva;Sim;1;0;0;1;0;0;1;1;-25,532923;-48,551192;SPRF-PR;DEL01-PR;UOP05-DEL01-PR
624989;01/09/2024;domingo;04:45:00;SC;101;7;NAVEGANTES;Ingestão de álcool pelo condutor;Colisão traseira;Sem Vítimas;Plena Noite;Crescente;Nublado;Múltipla;Reta;Sim;3;0;0;0;3;0;0;2;-26,84414407;-48,71523868;SPRF-SC;DEL03-SC;UOP01-DEL03-SC
624991;01/09/2024;domingo;05:30:00;PR;373;185;PONTA GROSSA;Ausência de reação do condutor;Saída de leito carroçável;Sem Vítimas;Plena Noite;Crescente;Céu Claro;Simples;Reta;Não;2;0;0;0;2;0;0;1;-25,04886223;-50,29257775;SPRF-PR;DEL03-PR;UOP01-DEL03-PR
624992;01/09/2024;domingo;05:10:00;MT;163;7,1;ITIQUIRA;Ausência de reação do condutor;Saída de leito carroçável;Com Vítimas Feridas;Amanhecer;Decrescente;Céu Claro;Dupla;Reta;Não;1;0;1;0;0;0;1;1;-17,45748004;-54,74479421;SPRF-MT;DEL02-MT;UOP03-DEL02-MT
624993;01/09/2024;domingo;05:50:00;SC;101;208,9;SAO JOSE;Reação tardia ou ineficiente do condutor;Colisão traseira;Com Vítimas Feridas;Amanhecer;Decrescente;Nublado;Dupla;Reta;Sim;2;0;0;1;1;0;1;2;-27,60327979;-48,63201818;SPRF-SC;DEL01-SC;UOP01-DEL01-SC
624994;01/09/2024;domingo;01:13:00;RJ;101;275;TANGUA;Demais falhas mecânicas ou elétricas;Saída de leito carroçável;Com Vítimas Feridas;Plena Noite;Decrescente;Céu Claro;Dupla;Reta;Não;7;0;6;0;1;0;6;1;-22,73655731;-42,73110867;SPRF-RJ;DEL02-RJ;UOP03-DEL02-RJ
624995;01/09/2024;domingo;06:00:00;CE;222;2,5;FORTALEZA;Condutor desrespeitou a iluminação vermelha do semáforo;Colisão transversal;Com Vítimas Feridas;Pleno dia;Decrescente;Céu Claro;Múltipla;Reta;Não;3;0;1;0;2;0;1;3;-3,73911117;-38,58687498;SPRF-CE;DEL01-CE;UOP01-DEL01-CE
624996;01/09/2024;domingo;06:20:00;MG;50;125,2;UBERABA;Ausência de reação do condutor;Colisão com objeto;Sem Vítimas;Amanhecer;Decrescente;Céu Claro;Dupla;Reta;Não;1;0;0;0;0;1;0;1;-19,35005196;-48,09182591;SPRF-MG;DEL13-MG;UOP01-DEL13-MG
624997;01/09/2024;domingo;06:20:00;RS;116;270;CANOAS;Ausência de reação do condutor;Tombamento;Sem Vítimas;Amanhecer;Decrescente;Céu Claro;Dupla;Reta;Não;1;0;0;0;1;0;0;1;-29,96931767;-51,17621541;SPRF-RS;DEL01-RS;UOP01-DEL01-RS
624998;01/09/2024;domingo;06:07:00;SC;101;4,8;ARARANGUA;Ingestão de álcool pelo condutor;Colisão com objeto;Com Vítimas Feridas;Amanhecer;Crescente;Garoa/Chuvisco;Dupla;"Interseção de Vias;Reta";Sim;1;0;1;0;0;0;1;1;-28,94957441;-49,50652957;SPRF-SC;DEL02-SC;UOP02-DEL02-SC
625000;01/09/2024;domingo;06:00:00;GO;60;167,5;GOIANIA;Reação tardia ou ineficiente do condutor;Colisão traseira;Sem Vítimas;Amanhecer;Crescente;Céu Claro;Dupla;Reta;Não;2;0;0;0;1;1;0;2;-16,72855063;-49,38445872;SPRF-GO;DEL01-GO;UOP02-DEL01-GO
625002;01/09/2024;domingo;07:00:00;PR;369;172;ROLANDIA;Transtornos Mentais (exceto suicidio);Queda de ocupante de veículo;Com Vítimas Feridas;Pleno dia;Decrescente;Céu Claro;Simples;Reta;Sim;2;0;1;0;1;0;1;1;-23,30382259;-51,35729671;SPRF-PR;DEL07-PR;UOP01-DEL07-PR
625003;01/09/2024;domingo;06:30:00;SP;116;145;SAO JOSE DOS CAMPOS;Conversão proibida;Colisão traseira;Com Vítimas Feridas;Pleno dia;Decrescente;Céu Claro;Dupla;Reta;Sim;2;0;0;1;1;0;1;2;-23,1869844;-45,8548078;SPRF-SP;DEL02-SP;UOP01-DEL02-SP
625004;01/09/2024;domingo;05:45:00;SC;101;358;SANGAO;Ausência de reação do condutor;Colisão com objeto;Sem Vítimas;Amanhecer;Crescente;Céu Claro;Simples;Reta;Não;1;0;0;0;0;1;0;1;-28,642765;-49,100403;SPRF-SC;DEL02-SC;UOP01-DEL02-SC
625005;01/09/2024;domingo;07:10:00;MG;381;526,3;BRUMADINHO;Reação tardia ou ineficiente do condutor;Tombamento;Com Vítimas Feridas;Pleno dia;Crescente;Céu Claro;Dupla;"Curva;Declive";Não;2;0;2;0;0;0;2;1;-20,16175378;-44,34144636;SPRF-MG;DEL04-MG;UOP03-DEL04-MG
625006;01/09/2024;domingo;07:00:00;PR;277;17;PARANAGUA;Ausência de reação do condutor;Saída de leito carroçável;Sem Vítimas;Pleno dia;Crescente;Céu Claro;Dupla;Reta;Não;5;0;0;0;5;0;0;1;-25,5475504;-48,6763671;SPRF-PR;DEL01-PR;UOP05-DEL01-PR
625007;01/09/2024;domingo;05:30:00;RJ;116;131,2;MAGE;Condutor Dormindo;Colisão com objeto;Sem Vítimas;Amanhecer;Decrescente;Céu Claro;Dupla;Reta;Sim;2;0;0;0;2;0;0;1;-22,65608024;-43,12511494;SPRF-RJ;DEL04-RJ;UOP02-DEL04-RJ
625008;31/08/2024;sábado;21:13:00;AL;316;154,4;PALMEIRA DOS INDIOS;Velocidade Incompatível;Atropelamento de Pedestre;Com Vítimas Fatais;Plena Noite;Crescente;Céu Claro;Simples;"Reta;Viaduto";Não;2;1;0;0;0;1;0;2;-9,428287;-36,636722;SPRF-AL;DEL03-AL;UOP01-DEL03-AL
625010;01/09/2024;domingo;05:30:00;MT;163;534;DIAMANTINO;Ausência de reação do condutor;Colisão com objeto;Com Vítimas Feridas;Pleno dia;Crescente;Sol;Simples;"Em Obras;Curva;Desvio Temporário";Não;1;0;0;1;0;0;1;1;-14,43223601;-56,11612599;SPRF-MT;DEL01-MT;UOP01-DEL01-MT
625011;01/09/2024;domingo;07:40:00;SC;101;39;JOINVILLE;Ingestão de álcool pelo condutor;Colisão traseira;Com Vítimas Feridas;Pleno dia;Decrescente;Nublado;Dupla;Reta;Não;2;0;0;1;1;0;1;2;-26,306189;-48,88028;SPRF-SC;DEL03-SC;UOP01-DEL03-SC
625012;01/09/2024;domingo;05:50:00;TO;153;783,8;TALISMA;Ausência de reação do condutor;Colisão traseira;Com Vítimas Feridas;Amanhecer;Crescente;Céu Claro;Simples;Reta;Não;2;0;0;1;0;1;1;2;-12,67547894;-49,06751926;SPRF-TO;DEL01-TO;UOP02-DEL01-TO
625013;01/09/2024;domingo;07:02:00;ES;262;184;IUNA;Demais falhas mecânicas ou elétricas;Incêndio;Sem Vítimas;Pleno dia;Crescente;Céu Claro;Simples;Curva;Não;4;0;0;0;4;0;0;1;-20,29551627;-41,70587605;SPRF-ES;DEL01-ES;UOP02-DEL01-ES
625014;01/09/2024;domingo;05:00:00;PR;116;122,8;CURITIBA;Ausência de reação do condutor;Saída de leito carroçável;Sem Vítimas;Amanhecer;Crescente;Céu Claro;Dupla;Curva;Sim;1;0;0;0;0;1;0;1;-25,60997132;-49,31944013;SPRF-PR;DEL01-PR;UOP03-DEL01-PR
625015;01/09/2024;domingo;07:10:00;SP;153;71,8;SAO JOSE DO RIO PRETO;Condutor Dormindo;Saída de leito carroçável;Sem Vítimas;Pleno dia;Decrescente;Céu Claro;Dupla;Reta;Sim;1;0;0;0;1;0;0;1;-20,8580187;-49,40666241;SPRF-SP;DEL09-SP;UOP01-DEL09-SP
625016;01/09/2024;domingo;06:45:00;BA;116;17;VITORIA DA CONQUISTA;Acessar a via sem observar a presença dos outros veículos;Colisão transversal;Com Vítimas Feridas;Pleno dia;Decrescente;Céu Claro;Simples;Interseção de Vias;Sim;2;0;1;0;1;0;1;2;-14,9025;-40,8446;SPRF-BA;DEL08-BA;UOP01-DEL08-BA
625018;01/09/2024;domingo;07:00:00;RS;471;150;SANTA CRUZ DO SUL;Ausência de reação do condutor;Colisão com objeto;Com Vítimas Feridas;Amanhecer;Crescente;Nublado;Simples;Reta;Sim;1;0;0;1;0;0;1;1;-29,817495;-52,403397;SPRF-RS;DEL02-RS;UOP03-DEL02-RS
625019;01/09/2024;domingo;04:13:00;MT;158;694;BARRA DO GARCAS;Reação tardia ou ineficiente do condutor;Saída de leito carroçável;Com Vítimas Feridas;Plena Noite;Crescente;Céu Claro;Simples;Curva;Não;2;0;2;0;0;0;2;1;-15,01073211;-52,25554748;SPRF-MT;DEL07-MT;UOP01-DEL07-MT
625020;01/09/2024;domingo;06:27:00;MT;364;304;JACIARA;Reação tardia ou ineficiente do condutor;Saída de leito carroçável;Com Vítimas Feridas;Pleno dia;Decrescente;Céu Claro;Dupla;Reta;Não;2;0;1;0;1;0;1;1;-15,83217442;-55,17825816;SPRF-MT;DEL05-MT;UOP02-DEL05-MT
625022;01/09/2024;domingo;07:00:00;RO;364;157,3;PIMENTA BUENO;Reação tardia ou ineficiente do condutor;Capotamento;Com Vítimas Feridas;Amanhecer;Crescente;Nevoeiro/Neblina;Simples;Declive;Não;3;0;3;0;0;0;3;1;-11,96352798;-60,95724979;SPRF-RO;DEL02-RO;UOP02-DEL02-RO
625023;01/09/2024;domingo;06:20:00;RJ;393;137;SAPUCAIA;Acesso irregular;Colisão lateral mesmo sentido;Com Vítimas Feridas;Pleno dia;Decrescente;Céu Claro;Simples;Reta;Não;3;0;3;0;0;0;3;2;-21,99811503;-42,92231799;SPRF-RJ;DEL05-RJ;UOP01-DEL05-RJ
625024;01/09/2024;domingo;07:00:00;CE;20;235;MADALENA;Velocidade Incompatível;Saída de leito carroçável;Com Vítimas Fatais;Pleno dia;Decrescente;Céu Claro;Simples;"Curva;Declive";Não;2;1;0;1;0;0;1;1;-4,87758324;-39,60270982;SPRF-CE;DEL02-CE;UOP02-DEL02-CE
625025;31/08/2024;sábado;18:00:00;RJ;116;174;SAO JOAO DE MERITI;Pedestre - Ingestão de álcool/ substâncias psicoativas;Atropelamento de Pedestre;Com Vítimas Feridas;Plena Noite;Decrescente;Céu Claro;Múltipla;Reta;Não;2;0;1;0;1;0;1;2;-22,79423806;-43,36403759;SPRF-RJ;DEL06-RJ;UOP01-DEL06-RJ
625026;01/09/2024;domingo;08:00:00;RJ;493;50;DUQUE DE CAXIAS;Demais falhas mecânicas ou elétricas;Incêndio;Sem Vítimas;Pleno dia;Crescente;Céu Claro;Dupla;Reta;Não;1;0;0;0;1;0;0;1;-22,672089;-43,285053;SPRF-RJ;DEL01-RJ;UOP03-DEL01-RJ
625027;31/08/2024;sábado;23:00:00;RJ;116;141;DUQUE DE CAXIAS;Ausência de reação do condutor;Colisão traseira;Com Vítimas Feridas;Plena Noite;Crescente;Céu Claro;Dupla;Reta;Sim;5;0;3;0;2;0;3;2;-22,64724486;-43,22083001;SPRF-RJ;DEL01-RJ;UOP02-DEL01-RJ
625030;01/09/2024;domingo;07:45:00;PR;277;102,6;CURITIBA;Condutor deixou de manter distância do veículo da frente;Colisão traseira;Com Vítimas Feridas;Pleno dia;Decrescente;Sol;Dupla;Reta;Não;2;0;1;0;1;0;1;2;-25,429003;-49,393361;SPRF-PR;DEL01-PR;UOP06-DEL01-PR
625031;31/07/2024;quarta-feira;09:45:00;MG;40;510;RIBEIRAO DAS NEVES;Pedestre andava na pista;Atropelamento de Pedestre;Com Vítimas Feridas;Pleno dia;Crescente;Céu Claro;Dupla;Reta;Sim;2;0;0;1;1;0;1;2;-19,774826;-44,123287;SPRF-MG;DEL01-MG;UOP02-DEL01-MG
625033;01/09/2024;domingo;07:15:00;SP;116;220;GUARULHOS;Ingestão de álcool pelo condutor;Colisão traseira;Com Vítimas Feridas;Pleno dia;Decrescente;Nublado;Múltipla;Reta;Sim;2;0;2;0;0;0;2;2;-23,46521466;-46,49890423;SPRF-SP;DEL01-SP;UOP01-DEL01-SP
625034;01/09/2024;domingo;09:50:00;GO;70;297;ITAPIRAPUA;Acessar a via sem observar a presença dos outros veículos;Colisão traseira;Com Vítimas Feridas;Pleno dia;Decrescente;Céu Claro;Simples;Reta;Não;3;0;2;0;1;0;2;2;-15,83453268;-50,68672484;SPRF-GO;DEL04-GO;UOP02-DEL04-GO
625036;01/09/2024;domingo;10:30:00;MG;40;576;ITABIRITO;Acumulo de areia ou detritos sobre o pavimento;Tombamento;Com Vítimas Feridas;Pleno dia;Crescente;Céu Claro;Simples;Reta;Não;2;0;2;0;0;0;2;1;-20,26485707;-43,9573481;SPRF-MG;DEL01-MG;UOP02-DEL01-MG
625037;01/09/2024;domingo;09:50:00;SE;235;2;ARACAJU;Ingestão de álcool pelo condutor;Colisão traseira;Com Vítimas Feridas;Pleno dia;Crescente;Sol;Dupla;Reta;Sim;2;0;1;0;1;0;1;2;-10,9062;-37,1034;SPRF-SE;DEL01-SE;UOP01-DEL01-SE
625039;01/09/2024;domingo;09:00:00;MA;230;0,2;BARAO DE GRAJAU;Ausência de reação do condutor;Colisão com objeto;Com Vítimas Fatais;Pleno dia;Crescente;Céu Claro;Simples;Ponte;Sim;1;1;0;0;0;0;0;1;-6,760894;-43,01105;SPRF-PI;DEL03-PI;UOP01-DEL03-PI
625040;01/09/2024;domingo;09:30:00;GO;60;36,3;ALEXANIA;Reação tardia ou ineficiente do condutor;Colisão com objeto;Com Vítimas Feridas;Pleno dia;Decrescente;Céu Claro;Dupla;"Curva;Aclive";Não;1;0;1;0;0;0;1;1;-16,1119;-48,5299;SPRF-DF;DEL03-DF;UOP01-DEL03-DF
625043;01/09/2024;domingo;09:45:00;RJ;495;3;TERESOPOLIS;Reação tardia ou ineficiente do condutor;Colisão traseira;Com Vítimas Feridas;Pleno dia;Crescente;Céu Claro;Simples;Reta;Não;4;0;1;0;2;1;1;4;-22,396009;-42,991104;SPRF-RJ;DEL04-RJ;UOP01-DEL04-RJ
625044;01/09/2024;domingo;10:15:00;PR;277;109;CAMPO LARGO;Reação tardia ou ineficiente do condutor;Colisão com objeto;Sem Vítimas;Pleno dia;Crescente;Céu Claro;Dupla;"Curva;Viaduto";Sim;1;0;0;0;1;0;0;1;-25,45492411;-49,36103728;SPRF-PR;DEL03-PR;UOP03-DEL03-PR
625045;29/08/2024;quinta-feira;12:30:00;SC;282;575,5;PINHALZINHO;Reação tardia ou ineficiente do condutor;Saída de leito carroçável;Com Vítimas Feridas;Pleno dia;Crescente;Sol;Simples;"Em Obras;Reta;Declive";Não;1;0;0;1;0;0;1;1;-26,863194;-52,974529;SPRF-SC;DEL07-SC;UOP02-DEL07-SC
625046;01/09/2024;domingo;09:40:00;PE;428;191;PETROLINA;Conversão proibida;Colisão transversal;Com Vítimas Feridas;Pleno dia;Decrescente;Céu Claro;Múltipla;"Reta;Interseção de Vias";Sim;2;0;1;0;1;0;1;2;-9,38431414;-40,51917531;SPRF-PE;DEL06-PE;UOP01-DEL06-PE
625047;01/09/2024;domingo;10:00:00;PR;277;330;GUARAPUAVA;Conversão proibida;Colisão transversal;Com Vítimas Feridas;Pleno dia;Decrescente;Céu Claro;Simples;Reta;Não;5;0;1;0;4;0;1;2;-25,35756121;-51,3588953;SPRF-PR;DEL08-PR;UOP01-DEL08-PR
625048;01/09/2024;domingo;10:26:00;RS;116;257;ESTEIO;Manobra de mudança de faixa;Colisão lateral mesmo sentido;Sem Vítimas;Pleno dia;Crescente;Céu Claro;Dupla;Rotatória;Não;3;0;0;0;3;0;0;2;-29,85262195;-51,17968329;SPRF-RS;DEL01-RS;UOP02-DEL01-RS
625051;01/09/2024;domingo;10:40:00;SC;116;185;SAO CRISTOVAO DO SUL;Reação tardia ou ineficiente do condutor;Saída de leito carroçável;Com Vítimas Feridas;Pleno dia;Crescente;Nublado;Simples;Rotatória;Não;1;0;0;1;0;0;1;1;-27,30457329;-50,42005537;SPRF-SC;DEL05-SC;UOP03-DEL05-SC
625053;01/09/2024;domingo;11:36:00;SC;280;119;RIO NEGRINHO;Acesso irregular;Colisão transversal;Sem Vítimas;Pleno dia;Crescente;Céu Claro;Simples;Reta;Não;2;0;0;0;2;0;0;2;-26,26519673;-49,434177;SPRF-SC;DEL06-SC;UOP03-DEL06-SC
625054;01/09/2024;domingo;11:30:00;RJ;101;226;SILVA JARDIM;Demais falhas mecânicas ou elétricas;Queda de ocupante de veículo;Com Vítimas Feridas;Pleno dia;Crescente;Sol;Dupla;Reta;Não;1;0;1;0;0;0;1;1;-22,54789495;-42,34957707;SPRF-RJ;DEL02-RJ;UOP03-DEL02-RJ
625055;01/09/2024;domingo;12:00:00;SP;381;80;SAO PAULO;Estacionar ou parar em local proibido;Colisão traseira;Sem Vítimas;Pleno dia;Crescente;Céu Claro;Dupla;"Aclive;Curva";Não;3;0;0;0;3;0;0;2;-23,40319901;-46,57564699;SPRF-SP;DEL03-SP;UOP01-DEL03-SP
625056;01/09/2024;domingo;11:30:00;RJ;116;98;GUAPIMIRIM;Ultrapassagem Indevida;Colisão frontal;Com Vítimas Feridas;Pleno dia;Decrescente;Céu Claro;Simples;Curva;Não;3;0;2;1;0;0;3;3;-22,48285706;-42,99723936;SPRF-RJ;DEL04-RJ;UOP01-DEL04-RJ
625058;09/08/2024;sexta-feira;07:40:00;MG;40;516;RIBEIRAO DAS NEVES;Trafegar com motocicleta (ou similar) entre as faixas;Colisão traseira;Com Vítimas Feridas;Pleno dia;Crescente;Céu Claro;Dupla;Reta;Sim;2;0;0;1;0;1;1;2;-19,81844109;-44,08765241;SPRF-MG;DEL01-MG;UOP02-DEL01-MG
625059;01/09/2024;domingo;12:10:00;RJ;101;306;SAO GONCALO;Manobra de mudança de faixa;Colisão traseira;Com Vítimas Feridas;Pleno dia;Crescente;Céu Claro;Simples;Reta;Não;2;0;1;0;1;0;1;2;-22,78913759;-43,00550909;SPRF-RJ;DEL02-RJ;UOP02-DEL02-RJ
625061;01/09/2024;domingo;13:00:00;RS;116;218;MORRO REUTER;Retorno proibido;Colisão transversal;Com Vítimas Feridas;Pleno dia;Crescente;Céu Claro;Simples;Curva;Não;4;0;3;0;1;0;3;2;-29,55121993;-51,08906202;SPRF-RS;DEL05-RS;UOP02-DEL05-RS
625062;01/09/2024;domingo;13:40:00;RS;392;325;SAO SEPE;Acessar a via sem observar a presença dos outros veículos;Colisão transversal;Com Vítimas Feridas;Pleno dia;Decrescente;Céu Claro;Simples;Reta;Não;5;0;3;0;1;1;3;2;-29,94308976;-53,70572874;SPRF-RS;DEL09-RS;UOP01-DEL09-RS
625063;01/09/2024;domingo;09:40:00;MS;359;121;ALCINOPOLIS;Reação tardia ou ineficiente do condutor;Colisão com objeto;Sem Vítimas;Pleno dia;Decrescente;Céu Claro;Simples;Reta;Não;1;0;0;0;0;1;0;1;-18,30623576;-53,8501298;SPRF-MS;DEL06-MS;UOP01-DEL06-MS
625064;01/09/2024;domingo;13:30:00;DF;70;11,6;BRASILIA;Ingestão de álcool pelo condutor;Saída de leito carroçável;Sem Vítimas;Pleno dia;Decrescente;Céu Claro;Dupla;Reta;Sim;1;0;0;0;0;1;0;1;-15,789762;-48,148727;SPRF-DF;DEL03-DF;UOP02-DEL03-DF
625065;01/09/2024;domingo;12:40:00;PR;376;164;MARINGA;Avarias e/ou desgaste excessivo no pneu;Queda de ocupante de veículo;Com Vítimas Feridas;Pleno dia;Decrescente;Céu Claro;Dupla;"Reta;Declive";Não;3;0;2;0;0;1;2;2;-23,38591406;-52,02449602;SPRF-PR;DEL09-PR;UOP01-DEL09-PR
625066;01/09/2024;domingo;12:50:00;MG;50;68,5;UBERLANDIA;Problema com o freio;Colisão traseira;Com Vítimas Feridas;Pleno dia;Crescente;Céu Claro;Dupla;Reta;Sim;3;0;1;0;2;0;1;2;-18,88245257;-48,26457024;SPRF-MG;DEL15-MG;UOP02-DEL15-MG
625067;01/09/2024;domingo;13:45:00;PR;116;98,9;SAO JOSE DOS PINHAIS;Manobra de mudança de faixa;Colisão traseira;Com Vítimas Feridas;Pleno dia;Decrescente;Céu Claro;Múltipla;Curva;Sim;5;0;1;0;4;0;1;2;-25,560913;-49,15174;SPRF-PR;DEL01-PR;UOP07-DEL01-PR
625068;01/09/2024;domingo;12:15:00;RS;116;185,2;NOVA PETROPOLIS;Velocidade Incompatível;Queda de ocupante de veículo;Com Vítimas Fatais;Pleno dia;Crescente;Céu Claro;Simples;"Curva;Aclive";Sim;2;1;0;0;1;0;0;2;-29,3886629;-51,12565041;SPRF-RS;DEL05-RS;UOP02-DEL05-RS
625069;01/09/2024;domingo;13:50:00;RS;116;36,9;VACARIA;Acessar a via sem observar a presença dos outros veículos;Colisão transversal;Sem Vítimas;Pleno dia;Crescente;Céu Claro;Simples;"Retorno Regulamentado;Reta";Sim;5;0;0;0;5;0;0;2;-28,498434;-50,91737151;SPRF-RS;DEL05-RS;UOP03-DEL05-RS
625071;01/09/2024;domingo;14:05:00;SP;116;27,9;SILVEIRAS;Curva acentuada;Tombamento;Com Vítimas Fatais;Pleno dia;Crescente;Sol;Dupla;Curva;Não;1;1;0;0;0;0;0;1;-22,62396436;-44,91046386;SPRF-SP;DEL08-SP;UOP02-DEL08-SP
625073;01/09/2024;domingo;10:00:00;MG;40;358,9;FELIXLANDIA;Demais falhas mecânicas ou elétricas;Queda de ocupante de veículo;Com Vítimas Feridas;Pleno dia;Decrescente;Céu Claro;Simples;"Reta;Declive";Não;3;0;1;1;0;1;2;2;-18,74375939;-44,85789388;SPRF-MG;DEL02-MG;UOP01-DEL02-MG
625074;01/09/2024;domingo;11:40:00;MG;116;539;SANTA RITA DE MINAS;Acessar a via sem observar a presença dos outros veículos;Colisão transversal;Com Vítimas Feridas;Pleno dia;Decrescente;Céu Claro;Simples;Reta;Não;2;0;0;2;0;0;2;2;-19,88240027;-42,13242591;SPRF-MG;DEL06-MG;UOP02-DEL06-MG
625075;01/09/2024;domingo;13:30:00;RS;386;91,8;SAGRADA FAMILIA;Acessar a via sem observar a presença dos outros veículos;Colisão transversal;Com Vítimas Feridas;Pleno dia;Crescente;Céu Claro;Simples;Reta;Sim;3;0;1;0;2;0;1;2;-27,741386;-53,175411;SPRF-RS;DEL08-RS;UOP01-DEL08-RS
625076;01/09/2024;domingo;10:45:00;SC;101;39;JOINVILLE;Reação tardia ou ineficiente do condutor;Colisão traseira;Sem Vítimas;Pleno dia;Crescente;Nublado;Dupla;Curva;Sim;3;0;0;0;3;0;0;3;-26,2628107;-48,90192257;SPRF-SC;DEL03-SC;UOP01-DEL03-SC
625079;01/09/2024;domingo;10:30:00;PE;232;336;CUSTODIA;Reação tardia ou ineficiente do condutor;Tombamento;Com Vítimas Feridas;Pleno dia;Decrescente;Céu Claro;Simples;Reta;Não;1;0;1;0;0;0;1;1;-8,08346027;-37,65571502;SPRF-PE;DEL04-PE;UOP02-DEL04-PE
625081;01/09/2024;domingo;12:00:00;CE;20;386,2;CAUCAIA;Acessar a via sem observar a presença dos outros veículos;Colisão transversal;Com Vítimas Feridas;Pleno dia;Decrescente;Céu Claro;Simples;"Reta;Aclive;Interseção de Vias";Não;2;0;0;1;1;0;1;2;-3,87580463;-38,81242275;SPRF-CE;DEL01-CE;UOP01-DEL01-CE
625082;01/09/2024;domingo;15:20:00;PB;230;28;JOAO PESSOA;Ausência de reação do condutor;Colisão traseira;Com Vítimas Feridas;Pleno dia;Decrescente;Céu Claro;Múltipla;Reta;Sim;2;0;0;1;1;0;1;2;-7,1651;-34,8941;SPRF-PB;DEL01-PB;UOP01-DEL01-PB
625085;01/09/2024;domingo;14:00:00;PE;232;251,2;ARCOVERDE;Ultrapassagem Indevida;Colisão frontal;Com Vítimas Feridas;Pleno dia;Decrescente;Céu Claro;Simples;Reta;Sim;4;0;2;2;0;0;4;3;-8,428903;-37,059719;SPRF-PE;DEL04-PE;UOP02-DEL04-PE
625086;01/09/2024;domingo;13:32:00;ES;101;267,9;SERRA;Ingestão de álcool pelo condutor;Engavetamento;Sem Vítimas;Pleno dia;Crescente;Céu Claro;Múltipla;Reta;Sim;4;0;0;0;4;0;0;4;-20,21740496;-40,26990578;SPRF-ES;DEL02-ES;UOP01-DEL02-ES
625087;01/09/2024;domingo;09:00:00;MT;364;531,9;ROSARIO OESTE;Ausência de reação do condutor;Saída de leito carroçável;Com Vítimas Feridas;Pleno dia;Decrescente;Céu Claro;Simples;Reta;Não;3;0;3;0;0;0;3;1;-14,99579802;-56,51722316;SPRF-MT;DEL01-MT;UOP01-DEL01-MT
625089;01/09/2024;domingo;14:00:00;MG;116;694,6;MURIAE;Manobra de mudança de faixa;Colisão com objeto;Com Vítimas Feridas;Pleno dia;Decrescente;Sol;Simples;"Aclive;Reta";Não;4;0;3;0;1;0;3;1;-21,062223;-42,366087;SPRF-MG;DEL07-MG;UOP02-DEL07-MG
625090;01/09/2024;domingo;15:00:00;SP;116;204;ARUJA;Reação tardia ou ineficiente do condutor;Colisão traseira;Com Vítimas Feridas;Pleno dia;Decrescente;Céu Claro;Múltipla;Reta;Não;2;0;1;0;0;1;1;2;-23,41236123;-46,35692496;SPRF-SP;DEL01-SP;UOP01-DEL01-SP
625092;01/09/2024;domingo;12:45:00;BA;324;424;RIACHAO DO JACUIPE;Reação tardia ou ineficiente do condutor;Colisão traseira;Com Vítimas Feridas;Pleno dia;Decrescente;Céu Claro;Simples;Reta;Não;3;0;0;1;2;0;1;2;-11,69510464;-39,53670502;SPRF-BA;DEL04-BA;UOP02-DEL04-BA
625094;01/09/2024;domingo;16:20:00;BA;242;800;BARREIRAS;Reação tardia ou ineficiente do condutor;Colisão traseira;Sem Vítimas;Pleno dia;Decrescente;Céu Claro;Simples;Reta;Não;6;0;0;0;6;0;0;2;-12,15705092;-44,88104988;SPRF-BA;DEL10-BA;UOP01-DEL10-BA
625096;01/09/2024;domingo;15:40:00;PR;277;594,6;CASCAVEL;Pedestre cruzava a pista fora da faixa;Atropelamento de Pedestre;Com Vítimas Feridas;Pleno dia;Decrescente;Nublado;Simples;Curva;Sim;3;0;1;0;0;2;1;2;-24,9794792;-53,49232599;SPRF-PR;DEL04-PR;UOP01-DEL04-PR