id;data_inversa;dia_semana;horario;uf;br;km;municipio;causa_acidente;tipo_acidente;classificacao_acidente;fase_dia;sentido_via;condicao_metereologica;tipo_pista;tracado_via;uso_solo;pessoas;mortos;feridos_leves;feridos_graves;ilesos;ignorados;feridos;veiculos;latitude;longitude;regional;delegacia;uop
625097;01/09/2024;domingo;16:16:00;RN;406;65,2;JANDAIRA;Condutor deixou de manter distância do veículo da frente;Colisão traseira;Com Vítimas Feridas;Anoitecer;Decrescente;Céu Claro;Simples;Reta;Não;3;0;0;2;1;0;2;2;-5,36652753;-36,10467125;SPRF-RN;DEL02-RN;UOP01-DEL02-RN
625098;01/09/2024;domingo;13:30:00;MG;354;711,3;CAXAMBU;Ausência de reação do condutor;Saída de leito carroçável;Com Vítimas Feridas;Pleno dia;Decrescente;Sol;Simples;Curva;Não;4;0;2;0;2;0;2;1;-22,0566569;-44,9272015;SPRF-MG;DEL17-MG;UOP01-DEL17-MG
625099;01/09/2024;domingo;16:20:00;PR;163;284,5;MARECHAL CANDIDO RONDON;Ausência de reação do condutor;Tombamento;Com Vítimas Feridas;Pleno dia;Crescente;Nublado;Simples;"Reta;Declive";Sim;1;0;1;0;0;0;1;1;-24,568102;-54,034168;SPRF-PR;DEL06-PR;UOP02-DEL06-PR
625100;01/09/2024;domingo;11:30:00;MT;364;1162;CAMPOS DE JULIO;Condutor Dormindo;Saída de leito carroçável;Com Vítimas Feridas;Pleno dia;Crescente;Nublado;Simples;Reta;Não;1;0;0;1;0;0;1;1;-13,59147621;-59,08260583;SPRF-MT;DEL04-MT;UOP02-DEL04-MT
625101;01/09/2024;domingo;16:05:00;ES;262;18,6;VIANA;Mal súbito do condutor;Colisão com objeto;Com Vítimas Feridas;Pleno dia;Crescente;Céu Claro;Simples;Curva;Não;2;0;2;0;0;0;2;1;-20,39137228;-40,48080285;SPRF-ES;DEL01-ES;UOP01-DEL01-ES
625103;01/09/2024;domingo;15:40:00;RS;290;403;SANTA MARGARIDA DO SUL;Demais falhas mecânicas ou elétricas;Saída de leito carroçável;Com Vítimas Feridas;Pleno dia;Crescente;Céu Claro;Simples;Reta;Não;3;0;3;0;0;0;3;1;-30,359903;-54,178131;SPRF-RS;DEL09-RS;UOP02-DEL09-RS
625104;01/09/2024;domingo;17:17:00;GO;40;12;LUZIANIA;Ingestão de álcool pelo condutor;Colisão traseira;Com Vítimas Feridas;Pleno dia;Crescente;Céu Claro;Dupla;Reta;Sim;2;0;1;0;1;0;1;2;-16,145123;-47,945382;SPRF-DF;DEL01-DF;UOP01-DEL01-DF
625105;01/09/2024;domingo;15:15:00;MS;376;22;FATIMA DO SUL;Avarias e/ou desgaste excessivo no pneu;Tombamento;Com Vítimas Feridas;Pleno dia;Crescente;Céu Claro;Simples;Reta;Não;2;0;2;0;0;0;2;1;-22,35648697;-54,54831296;SPRF-MS;DEL04-MS;UOP01-DEL04-MS
625106;01/09/2024;domingo;16:35:00;PR;277;10;PARANAGUA;Trafegar com motocicleta (ou similar) entre as faixas;Colisão lateral mesmo sentido;Com Vítimas Feridas;Pleno dia;Crescente;Céu Claro;Dupla;Reta;Não;3;0;2;0;1;0;2;2;-25,56749138;-48,61884713;SPRF-PR;DEL01-PR;UOP05-DEL01-PR
625107;01/09/2024;domingo;17:05:00;RJ;101;284;ITABORAI;Pedestre andava na pista;Atropelamento de Pedestre;Com Vítimas Feridas;Pleno dia;Crescente;Céu Claro;Dupla;Reta;Sim;5;0;3;0;2;0;3;4;-22,74431564;-42,80870139;SPRF-RJ;DEL02-RJ;UOP02-DEL02-RJ
625108;01/09/2024;domingo;17:15:00;RS;386;360,2;ESTRELA;Acessar a via sem observar a presença dos outros veículos;Capotamento;Com Vítimas Feridas;Pleno dia;Decrescente;Nublado;Dupla;Reta;Não;3;0;2;0;0;1;2;2;-29,55050647;-51,90501988;SPRF-RS;DEL04-RS;UOP01-DEL04-RS
625109;01/09/2024;domingo;16:20:00;SC;470;54,5;BLUMENAU;Acessar a via sem observar a presença dos outros veículos;Colisão transversal;Com Vítimas Feridas;Pleno dia;Crescente;Céu Claro;Simples;"Interseção de Vias;Reta";Sim;2;0;1;0;1;0;1;2;-26,871065;-49,110374;SPRF-SC;DEL04-SC;UOP01-DEL04-SC
625110;01/09/2024;domingo;17:50:00;SC;101;202;SAO JOSE;Acessar a via sem observar a presença dos outros veículos;Colisão transversal;Sem Vítimas;Pleno dia;Decrescente;Céu Claro;Dupla;Reta;Sim;2;0;0;0;2;0;0;2;-27,55711595;-48,61897889;SPRF-SC;DEL01-SC;UOP01-DEL01-SC
625112;01/09/2024;domingo;16:55:00;MG;40;503;ESMERALDAS;Ausência de reação do condutor;Colisão traseira;Com Vítimas Feridas;Pleno dia;Crescente;Céu Claro;Dupla;Curva;Não;2;0;1;0;1;0;1;2;-19,72138499;-44,15573599;SPRF-MG;DEL02-MG;UOP01-DEL02-MG
625113;28/07/2024;domingo;13:00:00;BA;242;869;BARREIRAS;Reação tardia ou ineficiente do condutor;Saída de leito carroçável;Com Vítimas Fatais;Pleno dia;Decrescente;Céu Claro;Simples;Reta;Não;4;1;3;0;0;0;3;1;-12,0822277;-45,46990595;SPRF-BA;DEL10-BA;UOP01-DEL10-BA
625114;01/09/2024;domingo;17:25:00;BA;101;714;EUNAPOLIS;Reação tardia ou ineficiente do condutor;Eventos atípicos;Com Vítimas Fatais;Pleno dia;Crescente;Céu Claro;Simples;Reta;Sim;2;1;0;0;1;0;0;1;-16,51577516;-39,57427325;SPRF-BA;DEL09-BA;UOP01-DEL09-BA
625117;01/09/2024;domingo;17:20:00;SP;153;168;GUAICARA;Reação tardia ou ineficiente do condutor;Colisão com objeto;Com Vítimas Feridas;Pleno dia;Decrescente;Céu Claro;Simples;"Declive;Reta";Não;1;0;1;0;0;0;1;1;-21,57925698;-49,7840404;SPRF-SP;DEL07-SP;UOP01-DEL07-SP
625118;01/09/2024;domingo;18:15:00;SP;116;219;GUARULHOS;Transitar na contramão;Colisão frontal;Com Vítimas Feridas;Anoitecer;Crescente;Céu Claro;Múltipla;"Reta;Em Obras";Sim;2;0;0;1;1;0;1;2;-23,46143954;-46,48885316;SPRF-SP;DEL01-SP;UOP01-DEL01-SP
625119;01/09/2024;domingo;14:30:00;SC;101;29,8;JOINVILLE;Avarias e/ou desgaste excessivo no pneu;Tombamento;Com Vítimas Feridas;Pleno dia;Decrescente;Nublado;Dupla;Reta;Não;2;0;2;0;0;0;2;1;-26,211903;-48,91589904;SPRF-SC;DEL03-SC;UOP01-DEL03-SC
625121;01/09/2024;domingo;15:20:00;BA;101;332;TEOLANDIA;Velocidade Incompatível;Saída de leito carroçável;Com Vítimas Fatais;Pleno dia;Decrescente;Nublado;Simples;Curva;Não;4;1;3;0;0;0;3;1;-13,59995935;-39,48930397;SPRF-BA;DEL05-BA;UOP03-DEL05-BA
625122;01/09/2024;domingo;17:20:00;RJ;116;108;GUAPIMIRIM;Acessar a via sem observar a presença dos outros veículos;Colisão transversal;Com Vítimas Feridas;Anoitecer;Decrescente;Céu Claro;Dupla;"Retorno Regulamentado;Reta";Sim;6;0;3;0;3;0;3;2;-22,535843;-42,99125;SPRF-RJ;DEL04-RJ;UOP01-DEL04-RJ
625123;01/09/2024;domingo;17:30:00;RJ;116;146;DUQUE DE CAXIAS;Reação tardia ou ineficiente do condutor;Colisão traseira;Com Vítimas Feridas;Anoitecer;Crescente;Céu Claro;Dupla;Reta;Sim;4;0;1;0;3;0;1;3;-22,66687859;-43,26368215;SPRF-RJ;DEL01-RJ;UOP02-DEL01-RJ
625124;01/09/2024;domingo;18:10:00;BA;324;524;FEIRA DE SANTANA;Reação tardia ou ineficiente do condutor;Colisão lateral mesmo sentido;Com Vítimas Feridas;Plena Noite;Decrescente;Céu Claro;Dupla;Reta;Não;2;0;2;0;0;0;2;2;-12,29007099;-38,91206799;SPRF-BA;DEL01-BA;UOP03-DEL01-BA
625125;01/09/2024;domingo;18:30:00;SC;282;20,6;PALHOCA;Transitar na contramão;Colisão frontal;Com Vítimas Feridas;Plena Noite;Decrescente;Céu Claro;Simples;"Curva;Aclive";Não;2;0;0;1;0;1;1;2;-27,683958;-48,71006;SPRF-SC;DEL01-SC;UOP02-DEL01-SC
625126;01/09/2024;domingo;16:30:00;RJ;101;288;TANGUA;Condutor deixou de manter distância do veículo da frente;Colisão traseira;Com Vítimas Feridas;Anoitecer;Crescente;Céu Claro;Dupla;Reta;Não;3;0;1;0;2;0;1;2;-22,75933747;-42,84321275;SPRF-RJ;DEL02-RJ;UOP02-DEL02-RJ
625127;01/09/2024;domingo;18:20:00;SC;101;144;ITAPEMA;Manobra de mudança de faixa;Colisão lateral mesmo sentido;Com Vítimas Feridas;Plena Noite;Decrescente;Céu Claro;Dupla;Reta;Sim;3;0;2;0;1;0;2;2;-27,0732659;-48,59672716;SPRF-SC;DEL04-SC;UOP03-DEL04-SC
625128;01/09/2024;domingo;18:30:00;SC;101;148;ITAPEMA;Ausência de reação do condutor;Colisão traseira;Com Vítimas Feridas;Plena Noite;Decrescente;Nublado;Dupla;Reta;Sim;2;0;1;0;1;0;1;2;-27,10123686;-48,61807962;SPRF-SC;DEL04-SC;UOP03-DEL04-SC
625129;01/09/2024;domingo;18:30:00;RJ;356;174;SAO JOAO DA BARRA;Transitar na contramão;Colisão frontal;Com Vítimas Feridas;Plena Noite;Crescente;Céu Claro;Simples;Reta;Não;9;0;5;3;1;0;8;3;-21,718382;-41,060668;SPRF-RJ;DEL08-RJ;UOP02-DEL08-RJ
625130;01/09/2024;domingo;13:00:00;BA;367;33;PORTO SEGURO;Condutor deixou de manter distância do veículo da frente;Colisão traseira;Sem Vítimas;Pleno dia;Crescente;Céu Claro;Simples;Reta;Não;3;0;0;0;1;2;0;2;-16,41808735;-39,15338816;SPRF-BA;DEL09-BA;UOP03-DEL09-BA
625132;01/09/2024;domingo;19:00:00;SC;101;157;PORTO BELO;Reação tardia ou ineficiente do condutor;Colisão com objeto;Com Vítimas Feridas;Pleno dia;Decrescente;Nublado;Múltipla;Reta;Sim;2;0;1;0;1;0;1;1;-27,181625;-48,6121179;SPRF-SC;DEL04-SC;UOP03-DEL04-SC
625133;01/09/2024;domingo;17:50:00;MG;116;409,1;GOVERNADOR VALADARES;Acessar a via sem observar a presença dos outros veículos;Colisão traseira;Com Vítimas Feridas;Anoitecer;Crescente;Céu Claro;Dupla;"Retorno Regulamentado;Reta";Sim;2;0;1;0;1;0;1;2;-18,84936788;-41,97891368;SPRF-MG;DEL06-MG;UOP01-DEL06-MG
625135;01/09/2024;domingo;15:30:00;PR;153;319;IMBITUVA;Velocidade Incompatível;Saída de leito carroçável;Com Vítimas Feridas;Pleno dia;Decrescente;Céu Claro;Simples;Curva;Não;2;0;2;0;0;0;2;1;-25,36657176;-50,63158176;SPRF-PR;DEL08-PR;UOP02-DEL08-PR
625136;01/09/2024;domingo;17:40:00;PR;277;38;MORRETES;Ausência de reação do condutor;Colisão com objeto;Sem Vítimas;Pleno dia;Crescente;Ignorado;Dupla;Curva;Não;1;0;0;0;1;0;0;1;-25,56584471;-48,81116269;SPRF-PR;DEL01-PR;UOP05-DEL01-PR
625139;01/09/2024;domingo;18:10:00;PR;476;116;COLOMBO;Ausência de reação do condutor;Colisão traseira;Com Vítimas Feridas;Plena Noite;Crescente;Céu Claro;Dupla;Curva;Sim;3;0;1;0;1;1;1;2;-25,3479;-49,1741;SPRF-PR;DEL01-PR;UOP01-DEL01-PR
625140;01/09/2024;domingo;19:30:00;TO;153;755;ALVORADA;Ausência de reação do condutor;Saída de leito carroçável;Com Vítimas Feridas;Plena Noite;Crescente;Céu Claro;Simples;Reta;Não;1;0;1;0;0;0;1;1;-12,42734497;-49,12427686;SPRF-TO;DEL01-TO;UOP02-DEL01-TO
625141;01/09/2024;domingo;19:40:00;SC;101;217,3;PALHOCA;Reação tardia ou ineficiente do condutor;Colisão com objeto;Com Vítimas Feridas;Plena Noite;Crescente;Céu Claro;Dupla;Reta;Sim;1;0;0;1;0;0;1;1;-27,66779034;-48,67393586;SPRF-SC;DEL01-SC;UOP02-DEL01-SC
625142;01/09/2024;domingo;18:24:00;AL;316;252;PILAR;Ausência de reação do condutor;Colisão transversal;Com Vítimas Feridas;Plena Noite;Crescente;Céu Claro;Simples;Reta;Não;3;0;2;0;1;0;2;2;-9,57133936;-35,9663966;SPRF-AL;DEL02-AL;UOP01-DEL02-AL
625143;01/09/2024;domingo;13:35:00;GO;60;136;GOIANIA;Velocidade Incompatível;Queda de ocupante de veículo;Com Vítimas Feridas;Pleno dia;Crescente;Céu Claro;Dupla;Reta;Não;1;0;1;0;0;0;1;1;-16,5959;-49,1965;SPRF-GO;DEL01-GO;UOP01-DEL01-GO
625144;01/09/2024;domingo;19:00:00;PA;222;42;DOM ELISEU;Ausência de sinalização;Atropelamento de Pedestre;Com Vítimas Feridas;Plena Noite;Decrescente;Céu Claro;Simples;Reta;Não;2;0;0;1;0;1;1;2;-4,339688;-47,76602;SPRF-PA;DEL02-PA;UOP02-DEL02-PA
625145;01/09/2024;domingo;18:21:00;RN;226;74;TANGARA;Animais na Pista;Atropelamento de Animal;Com Vítimas Feridas;Plena Noite;Decrescente;Céu Claro;Simples;Reta;Não;1;0;0;1;0;0;1;1;-6,18392073;-35,77550021;SPRF-RN;DEL01-RN;UOP02-DEL01-RN
625146;01/09/2024;domingo;19:00:00;RJ;493;106;SEROPEDICA;Animais na Pista;Atropelamento de Animal;Com Vítimas Feridas;Plena Noite;Decrescente;Nublado;Dupla;Reta;Não;1;0;1;0;0;0;1;1;-22,78156278;-43,75305176;SPRF-RJ;DEL01-RJ;UOP03-DEL01-RJ
625147;01/09/2024;domingo;19:20:00;SP;116;151;SAO JOSE DOS CAMPOS;Condutor deixou de manter distância do veículo da frente;Colisão traseira;Com Vítimas Feridas;Plena Noite;Crescente;Céu Claro;Dupla;Reta;Sim;2;0;2;0;0;0;2;1;-23,21980694;-45,89991605;SPRF-SP;DEL02-SP;UOP01-DEL02-SP
625149;01/09/2024;domingo;20:00:00;CE;222;14;CAUCAIA;Reação tardia ou ineficiente do condutor;Saída de leito carroçável;Com Vítimas Feridas;Plena Noite;Decrescente;Céu Claro;Simples;Desvio Temporário;Não;2;0;2;0;0;0;2;1;-3,76168497;-38,68641099;SPRF-CE;DEL01-CE;UOP01-DEL01-CE
625150;01/09/2024;domingo;18:50:00;MT;163;836;SINOP;Ausência de reação do condutor;Colisão traseira;Com Vítimas Feridas;Plena Noite;Decrescente;Céu Claro;Dupla;Reta;Não;2;0;0;1;0;1;1;2;-11,977922;-55,517017;SPRF-MT;DEL06-MT;UOP02-DEL06-MT
625151;01/09/2024;domingo;18:15:00;MS;267;671;PORTO MURTINHO;Ausência de reação do condutor;Saída de leito carroçável;Com Vítimas Feridas;Plena Noite;Decrescente;Nublado;Simples;Curva;Não;1;0;1;0;0;0;1;1;-21,70743635;-57,76400003;SPRF-MS;DEL05-MS;UOP01-DEL05-MS
625153;01/09/2024;domingo;10:00:00;MG;262;405,5;PARA DE MINAS;Ausência de reação do condutor;Saída de leito carroçável;Com Vítimas Feridas;Pleno dia;Decrescente;Céu Claro;Simples;Curva;Não;1;0;1;0;0;0;1;1;-19,88910881;-44,64500427;SPRF-MG;DEL01-MG;UOP03-DEL01-MG
625154;01/09/2024;domingo;18:55:00;RS;287;391,2;SANTIAGO;Desrespeitar a preferência no cruzamento;Colisão transversal;Com Vítimas Feridas;Plena Noite;Crescente;Céu Claro;Simples;"Aclive;Interseção de Vias;Reta";Sim;3;0;1;0;2;0;1;2;-29,23311256;-54,83640075;SPRF-RS;DEL12-RS;UOP02-DEL12-RS
625155;01/09/2024;domingo;19:00:00;RJ;493;116;ITAGUAI;Ingestão de álcool pelo condutor;Saída de leito carroçável;Com Vítimas Feridas;Plena Noite;Decrescente;Céu Claro;Dupla;"Reta;Ponte";Sim;4;0;4;0;0;0;4;1;-22,84301321;-43,81042957;SPRF-RJ;DEL03-RJ;UOP01-DEL03-RJ
625157;01/09/2024;domingo;20:20:00;RS;116;252;SAPUCAIA DO SUL;Ausência de reação do condutor;Tombamento;Com Vítimas Feridas;Plena Noite;Decrescente;Nublado;Dupla;Reta;Sim;1;0;1;0;0;0;1;1;-29,80913395;-51,1675292;SPRF-RS;DEL01-RS;UOP02-DEL01-RS
625159;01/09/2024;domingo;20:10:00;PE;104;85;AGRESTINA;Velocidade Incompatível;Queda de ocupante de veículo;Com Vítimas Feridas;Plena Noite;Crescente;Céu Claro;Simples;Reta;Não;2;0;0;1;1;0;1;2;-8,438719;-35,955177;SPRF-PE;DEL02-PE;UOP01-DEL02-PE
625160;01/09/2024;domingo;18:30:00;PB;230;476,2;MARIZOPOLIS;Ausência de reação do condutor;Tombamento;Com Vítimas Feridas;Plena Noite;Decrescente;Céu Claro;Simples;Reta;Sim;1;0;0;1;0;0;1;1;-6,84423;-38,348855;SPRF-PB;DEL03-PB;UOP03-DEL03-PB
625161;01/09/2024;domingo;19:00:00;RS;386;215,2;TIO HUGO;Conversão proibida;Colisão frontal;Com Vítimas Feridas;Plena Noite;Decrescente;Céu Claro;Simples;"Reta;Declive";Sim;7;0;2;0;3;2;2;2;-28,57827533;-52,59708881;SPRF-RS;DEL04-RS;UOP03-DEL04-RS
625162;01/09/2024;domingo;16:00:00;MG;50;86,7;UBERLANDIA;Animais na Pista;Tombamento;Com Vítimas Feridas;Pleno dia;Decrescente;Céu Claro;Dupla;Reta;Não;1;0;1;0;0;0;1;1;-19,0137791;-48,2072524;SPRF-MG;DEL15-MG;UOP01-DEL15-MG
625163;01/09/2024;domingo;21:00:00;RS;392;692,1;ROQUE GONZALES;Ausência de reação do condutor;Saída de leito carroçável;Com Vítimas Feridas;Plena Noite;Crescente;Céu Claro;Simples;Reta;Não;1;0;1;0;0;0;1;1;-28,10780602;-55,01764001;SPRF-RS;DEL10-RS;UOP01-DEL10-RS
625166;12/08/2024;segunda-feira;23:00:00;AC;364;135;RIO BRANCO;Manobra de mudança de faixa;Colisão transversal;Com Vítimas Feridas;Plena Noite;Decrescente;Ignorado;Dupla;Reta;Sim;2;0;0;1;0;1;1;2;-9,98368613;-67,84642339;SPRF-AC;DEL01-AC;UOP01-DEL01-AC
625167;01/09/2024;domingo;20:30:00;RJ;101;104;CAMPOS DOS GOYTACAZES;Ausência de reação do condutor;Colisão traseira;Com Vítimas Feridas;Plena Noite;Crescente;Céu Claro;Dupla;Reta;Não;4;0;4;0;0;0;4;2;-21,91070181;-41,61099126;SPRF-RJ;DEL08-RJ;UOP02-DEL08-RJ
625169;01/09/2024;domingo;20:50:00;RS;285;122,9;VACARIA;Acessar a via sem observar a presença dos outros veículos;Colisão transversal;Com Vítimas Feridas;Plena Noite;Decrescente;Céu Claro;Simples;"Interseção de Vias;Reta";Sim;2;0;1;0;1;0;1;2;-28,505535;-50,944073;SPRF-RS;DEL05-RS;UOP03-DEL05-RS
625171;01/09/2024;domingo;21:10:00;RS;392;129,6;CANGUCU;Ausência de reação do condutor;Colisão frontal;Com Vítimas Feridas;Plena Noite;Crescente;Nublado;Simples;Declive;Não;3;0;2;0;1;0;2;2;-31,33423278;-52,74666168;SPRF-RS;DEL07-RS;UOP01-DEL07-RS
625172;01/09/2024;domingo;21:20:00;PR;277;78,5;CURITIBA;Ingestão de álcool pelo condutor;Colisão traseira;Com Vítimas Feridas;Plena Noite;Decrescente;Céu Claro;Dupla;Viaduto;Sim;3;0;1;0;2;0;1;2;-25,479947;-49,198917;SPRF-PR;DEL01-PR;UOP07-DEL01-PR
625175;01/09/2024;domingo;20:25:00;PR;277;12;PARANAGUA;Reação tardia ou ineficiente do condutor;Colisão com objeto;Sem Vítimas;Plena Noite;Crescente;Céu Claro;Dupla;Reta;Não;1;0;0;0;1;0;0;1;-25,56275863;-48,63837361;SPRF-PR;DEL01-PR;UOP05-DEL01-PR
625178;01/09/2024;domingo;20:50:00;BA;101;490;ITAJUIPE;Velocidade Incompatível;Capotamento;Com Vítimas Feridas;Plena Noite;Crescente;Céu Claro;Simples;Reta;Não;2;0;2;0;0;0;2;1;-14,681381;-39,361068;SPRF-BA;DEL05-BA;UOP01-DEL05-BA
625179;01/09/2024;domingo;14:00:00;MG;50;16;UBERLANDIA;Ingestão de álcool pelo condutor;Saída de leito carroçável;Com Vítimas Feridas;Pleno dia;Crescente;Céu Claro;Dupla;Reta;Sim;2;0;2;0;0;0;2;1;-18,9113;-48,2622;SPRF-MG;DEL15-MG;UOP01-DEL15-MG
625180;01/09/2024;domingo;18:40:00;PE;423;22;SAO CAITANO;Acessar a via sem observar a presença dos outros veículos;Colisão transversal;Com Vítimas Feridas;Plena Noite;Decrescente;Céu Claro;Simples;Reta;Não;2;0;1;0;1;0;1;2;-8,35258392;-36,17123712;SPRF-PE;DEL03-PE;UOP02-DEL03-PE
625182;01/09/2024;domingo;21:00:00;PE;101;75,2;RECIFE;Transitar na contramão;Colisão frontal;Com Vítimas Feridas;Plena Noite;Crescente;Nublado;Dupla;Reta;Sim;2;0;0;1;0;1;1;2;-8,111642;-34,946055;SPRF-PE;DEL01-PE;UOP01-DEL01-PE
625183;01/09/2024;domingo;19:05:00;PE;423;111;CAETES;Ausência de reação do condutor;Colisão com objeto;Com Vítimas Fatais;Plena Noite;Crescente;Céu Claro;Simples;"Reta;Ponte";Não;2;1;1;0;0;0;1;1;-8,89303549;-36,61653287;SPRF-PE;DEL03-PE;UOP01-DEL03-PE
625184;01/09/2024;domingo;18:35:00;PI;343;13,1;TERESINA;Velocidade Incompatível;Colisão lateral mesmo sentido;Com Vítimas Feridas;Plena Noite;Decrescente;Céu Claro;Dupla;Reta;Não;3;0;0;2;0;1;2;2;-5,21192539;-42,75445461;SPRF-PI;DEL05-PI;UOP01-DEL05-PI
625185;01/09/2024;domingo;18:45:00;BA;415;19;ILHEUS;Ausência de reação do condutor;Saída de leito carroçável;Com Vítimas Feridas;Plena Noite;Crescente;Céu Claro;Simples;Reta;Não;2;0;2;0;0;0;2;1;-14,8482;-39,281986;SPRF-BA;DEL05-BA;UOP01-DEL05-BA
625186;01/09/2024;domingo;21:30:00;CE;20;386;CAUCAIA;Acessar a via sem observar a presença dos outros veículos;Colisão traseira;Com Vítimas Fatais;Plena Noite;Decrescente;Céu Claro;Simples;Reta;Não;2;1;0;0;0;1;0;2;-3,87729628;-38,81430378;SPRF-CE;DEL01-CE;UOP01-DEL01-CE
625187;01/09/2024;domingo;20:00:00;MG;381;452;SABARA;Conversão proibida;Colisão transversal;Com Vítimas Feridas;Plena Noite;Crescente;Céu Claro;Simples;"Reta;Declive";Sim;4;0;0;1;2;1;1;3;-19,84339604;-43,88596993;SPRF-MG;DEL01-MG;UOP01-DEL01-MG
625189;01/09/2024;domingo;21:50:00;AP;210;1;MACAPA;Acesso irregular;Colisão lateral mesmo sentido;Com Vítimas Feridas;Plena Noite;Decrescente;Céu Claro;Múltipla;Retorno Regulamentado;Sim;2;0;1;0;1;0;1;2;0,07816717;-51,06998693;SPRF-AP;DEL01-AP;UOP01-DEL01-AP
625190;01/09/2024;domingo;20:30:00;RJ;465;21;NOVA IGUACU;Trafegar com motocicleta (ou similar) entre as faixas;Colisão transversal;Com Vítimas Feridas;Pleno dia;Crescente;Céu Claro;Simples;Reta;Sim;3;0;2;0;1;0;2;2;-22,854782;-43,601933;SPRF-RJ;DEL06-RJ;UOP02-DEL06-RJ
625192;01/09/2024;domingo;20:20:00;MG;146;439;CABO VERDE;Ausência de reação do condutor;Colisão com objeto;Com Vítimas Feridas;Plena Noite;Crescente;Céu Claro;Simples;Curva;Não;1;0;1;0;0;0;1;1;-21,46824583;-46,40384674;SPRF-MG;DEL09-MG;UOP01-DEL09-MG
625194;01/09/2024;domingo;20:00:00;SC;101;148;ITAPEMA;Manobra de mudança de faixa;Colisão lateral mesmo sentido;Com Vítimas Feridas;Plena Noite;Decrescente;Nublado;Múltipla;Reta;Sim;2;0;1;0;1;0;1;2;-27,10123686;-48,61807962;SPRF-SC;DEL04-SC;UOP03-DEL04-SC
625197;01/09/2024;domingo;22:00:00;PR;116;113;CURITIBA;Acesso irregular;Saída de leito carroçável;Com Vítimas Feridas;Plena Noite;Decrescente;Céu Claro;Dupla;Reta;Não;1;0;1;0;0;0;1;1;-25,56513636;-49,24675108;SPRF-PR;DEL01-PR;UOP07-DEL01-PR
625199;01/09/2024;domingo;19:00:00;MT;163;627;NOVA MUTUM;Condutor Dormindo;Saída de leito carroçável;Com Vítimas Feridas;Plena Noite;Crescente;Céu Claro;Simples;"Em Obras;Reta";Não;2;0;1;0;1;0;1;1;-13,67377202;-56,03778485;SPRF-MT;DEL01-MT;UOP01-DEL01-MT
625201;01/09/2024;domingo;23:07:00;PR;369;184,6;ARAPONGAS;Velocidade Incompatível;Tombamento;Com Vítimas Fatais;Plena Noite;Crescente;Nublado;Simples;Curva;Sim;3;1;0;0;2;0;0;2;-23,404849;-51,4284627;SPRF-PR;DEL07-PR;UOP03-DEL07-PR
625203;01/09/2024;domingo;23:00:00;RJ;101;484;ANGRA DOS REIS;Ausência de reação do condutor;Colisão frontal;Com Vítimas Feridas;Plena Noite;Decrescente;Céu Claro;Simples;Curva;Sim;2;0;1;0;1;0;1;2;-22,99096308;-44,30429882;SPRF-RJ;DEL03-RJ;UOP03-DEL03-RJ
625204;01/09/2024;domingo;23:00:00;RJ;465;19;NOVA IGUACU;Ausência de reação do condutor;Queda de ocupante de veículo;Com Vítimas Feridas;Plena Noite;Decrescente;Céu Claro;Simples;Reta;Sim;1;0;0;1;0;0;1;1;-22,839184;-43,610451;SPRF-RJ;DEL06-RJ;UOP02-DEL06-RJ
625205;01/09/2024;domingo;20:45:00;SC;101;337;TUBARAO;Reação tardia ou ineficiente do condutor;Engavetamento;Com Vítimas Feridas;Plena Noite;Crescente;Céu Claro;Dupla;"Aclive;Em Obras";Não;3;0;1;0;2;0;1;3;-28,47801624;-49,03246283;SPRF-SC;DEL02-SC;UOP01-DEL02-SC
625207;01/09/2024;domingo;22:30:00;MG;267;222,9;ARANTINA;Ingestão de álcool pelo condutor;Saída de leito carroçável;Com Vítimas Fatais;Plena Noite;Crescente;Céu Claro;Simples;Curva;Não;1;1;0;0;0;0;0;1;-21,95501042;-44,26647592;SPRF-MG;DEL17-MG;UOP01-DEL17-MG
625208;01/09/2024;domingo;23:39:00;RS;116;157,2;CAXIAS DO SUL;Reação tardia ou ineficiente do condutor;Saída de leito carroçável;Com Vítimas Feridas;Plena Noite;Crescente;Céu Claro;Simples;"Curva;Declive";Não;1;0;1;0;0;0;1;1;-29,21503981;-51,17675573;SPRF-RS;DEL05-RS;UOP01-DEL05-RS
625209;02/09/2024;segunda-feira;00:40:00;PE;101;73;RECIFE;Ausência de reação do condutor;Saída de leito carroçável;Sem Vítimas;Plena Noite;Crescente;Nublado;Múltipla;Reta;Sim;1;0;0;0;0;1;0;1;-8,093369;-34,947464;SPRF-PE;DEL01-PE;UOP01-DEL01-PE
625211;01/09/2024;domingo;23:42:00;MT;364;402;CUIABA;Ausência de reação do condutor;Colisão com objeto;Sem Vítimas;Plena Noite;Decrescente;Céu Claro;Dupla;Reta;Sim;1;0;0;0;0;1;0;1;-15,66855019;-55,95476508;SPRF-MT;DEL01-MT;UOP02-DEL01-MT
625212;02/09/2024;segunda-feira;01:52:00;SP;153;72,1;SAO JOSE DO RIO PRETO;Reação tardia ou ineficiente do condutor;Saída de leito carroçável;Com Vítimas Feridas;Plena Noite;Crescente;Céu Claro;Dupla;"Reta;Declive";Sim;1;0;1;0;0;0;1;1;-20,87236589;-49,41725492;SPRF-SP;DEL09-SP;UOP01-DEL09-SP
625213;02/09/2024;segunda-feira;02:00:00;PR;116;123;CURITIBA;Ingestão de álcool pelo condutor;Saída de leito carroçável;Sem Vítimas;Plena Noite;Crescente;Céu Claro;Dupla;Reta;Não;1;0;0;0;1;0;0;1;-25,61546;-49,317907;SPRF-PR;DEL01-PR;UOP03-DEL01-PR