id;data_inversa;dia_semana;horario;uf;br;km;municipio;causa_acidente;tipo_acidente;classificacao_acidente;fase_dia;sentido_via;condicao_metereologica;tipo_pista;tracado_via;uso_solo;pessoas;mortos;feridos_leves;feridos_graves;ilesos;ignorados;feridos;veiculos;latitude;longitude;regional;delegacia;uop
625215;02/09/2024;segunda-feira;03:50:00;PE;101;50,6;ABREU E LIMA;Ingestão de álcool pelo condutor;Colisão transversal;Com Vítimas Feridas;Amanhecer;Decrescente;Céu Claro;Múltipla;"Reta;Retorno Regulamentado;Interseção de Vias";Sim;2;0;1;0;1;0;1;2;-7,90938602;-34,90123228;SPRF-PE;DEL01-PE;UOP02-DEL01-PE
625217;02/09/2024;segunda-feira;04:59:00;PB;230;27;JOAO PESSOA;Área urbana sem a presença de local apropriado para a travessia de pedestres;Atropelamento de Pedestre;Com Vítimas Feridas;Amanhecer;Decrescente;Céu Claro;Simples;Reta;Sim;2;0;2;0;0;0;2;2;-7,1677;-34,8855;SPRF-PB;DEL01-PB;UOP01-DEL01-PB
625218;02/09/2024;segunda-feira;00:25:00;RO;364;228,1;CACOAL;Ausência de reação do condutor;Colisão com objeto;Com Vítimas Feridas;Plena Noite;Decrescente;Céu Claro;Simples;"Reta;Interseção de Vias";Não;1;0;0;1;0;0;1;1;-11,49012091;-61,38047391;SPRF-RO;DEL02-RO;UOP02-DEL02-RO
625219;02/09/2024;segunda-feira;05:35:00;PR;277;694;SAO MIGUEL DO IGUACU;Manobra de mudança de faixa;Colisão traseira;Com Vítimas Feridas;Amanhecer;Crescente;Céu Claro;Dupla;Reta;Não;5;0;2;0;3;0;2;5;-25,37728075;-54,27853715;SPRF-PR;DEL05-PR;UOP01-DEL05-PR
625222;02/09/2024;segunda-feira;05:00:00;RJ;101;429;MANGARATIBA;Transitar na contramão;Colisão frontal;Com Vítimas Fatais;Amanhecer;Crescente;Céu Claro;Simples;Reta;Não;3;1;0;0;2;0;0;3;-22,935335;-44,0004;SPRF-RJ;DEL03-RJ;UOP02-DEL03-RJ
625223;02/09/2024;segunda-feira;06:00:00;MG;40;649,6;CRISTIANO OTONI;Mal súbito do condutor;Tombamento;Com Vítimas Feridas;Pleno dia;Decrescente;Sol;Simples;Reta;Não;1;0;1;0;0;0;1;1;-20,826076;-43,808987;SPRF-MG;DEL05-MG;UOP02-DEL05-MG
625225;02/09/2024;segunda-feira;06:00:00;MT;163;928;ITAUBA;Ausência de reação do condutor;Colisão traseira;Com Vítimas Feridas;Pleno dia;Decrescente;Céu Claro;Simples;Reta;Não;2;0;0;2;0;0;2;2;-11,18985092;-55,30854253;SPRF-MT;DEL06-MT;UOP02-DEL06-MT
625226;02/09/2024;segunda-feira;05:00:00;RJ;101;332;RIO DE JANEIRO;Manobra de mudança de faixa;Colisão lateral mesmo sentido;Com Vítimas Feridas;Amanhecer;Decrescente;Nublado;Múltipla;"Reta;Ponte";Não;2;0;1;0;1;0;1;2;-22,87133305;-43,20407695;SPRF-RJ;DEL02-RJ;UOP01-DEL02-RJ
625228;02/09/2024;segunda-feira;05:50:00;MG;40;521;CONTAGEM;Ausência de reação do condutor;Colisão transversal;Sem Vítimas;Amanhecer;Crescente;Céu Claro;Dupla;Reta;Não;2;0;0;0;1;1;0;2;-19,85651501;-44,07213222;SPRF-MG;DEL01-MG;UOP02-DEL01-MG
625229;02/09/2024;segunda-feira;07:55:00;SP;116;157;SAO JOSE DOS CAMPOS;Reação tardia ou ineficiente do condutor;Colisão traseira;Com Vítimas Feridas;Pleno dia;Decrescente;Céu Claro;Dupla;Reta;Sim;2;0;1;0;1;0;1;2;-23,25558031;-45,9437828;SPRF-SP;DEL02-SP;UOP01-DEL02-SP
625230;02/09/2024;segunda-feira;05:00:00;PA;316;79;SAO FRANCISCO DO PARA;Pedestre andava na pista;Atropelamento de Pedestre;Com Vítimas Fatais;Plena Noite;Crescente;Céu Claro;Simples;Reta;Sim;3;1;0;0;2;0;0;2;-1,30379211;-47,78865199;SPRF-PA;DEL01-PA;UOP02-DEL01-PA
625231;02/09/2024;segunda-feira;08:20:00;RS;470;217;BENTO GONCALVES;Acessar a via sem observar a presença dos outros veículos;Colisão transversal;Sem Vítimas;Pleno dia;Decrescente;Nublado;Simples;Rotatória;Sim;2;0;0;0;2;0;0;2;-29,17619861;-51,52127087;SPRF-RS;DEL06-RS;UOP01-DEL06-RS
625232;02/09/2024;segunda-feira;08:10:00;RJ;116;176;SAO JOAO DE MERITI;Condutor usando celular;Atropelamento de Pedestre;Com Vítimas Feridas;Pleno dia;Decrescente;Céu Claro;Dupla;Reta;Sim;3;0;1;0;1;1;1;2;-22,7839538;-43,38195488;SPRF-RJ;DEL06-RJ;UOP01-DEL06-RJ
625233;02/09/2024;segunda-feira;06:40:00;GO;153;512,1;APARECIDA DE GOIANIA;Ausência de reação do condutor;Tombamento;Com Vítimas Feridas;Pleno dia;Decrescente;Céu Claro;Múltipla;Reta;Sim;1;0;0;1;0;0;1;1;-16,8156;-49,2402;SPRF-GO;DEL01-GO;UOP03-DEL01-GO
625234;02/09/2024;segunda-feira;08:10:00;PB;230;18;JOAO PESSOA;Pista Escorregadia;Tombamento;Com Vítimas Feridas;Pleno dia;Crescente;Chuva;Dupla;"Reta;Declive";Sim;2;0;2;0;0;0;2;1;-7,1198;-34,8453;SPRF-PB;DEL01-PB;UOP01-DEL01-PB
625236;02/09/2024;segunda-feira;07:30:00;MS;163;418,4;NOVA ALVORADA DO SUL;Acessar a via sem observar a presença dos outros veículos;Colisão transversal;Com Vítimas Feridas;Pleno dia;Crescente;Sol;Simples;"Reta;Declive";Não;4;0;3;0;1;0;3;2;-21,00893181;-54,50876798;SPRF-MS;DEL02-MS;UOP01-DEL02-MS
625237;02/09/2024;segunda-feira;03:30:00;RJ;101;201;CASIMIRO DE ABREU;Fumaça;Colisão traseira;Com Vítimas Feridas;Plena Noite;Decrescente;Garoa/Chuvisco;Dupla;Reta;Não;3;0;2;0;1;0;2;2;-22,47879216;-42,15282907;SPRF-RJ;DEL08-RJ;UOP04-DEL08-RJ
625238;02/09/2024;segunda-feira;08:30:00;SC;282;3,8;FLORIANOPOLIS;Condutor deixou de manter distância do veículo da frente;Tombamento;Com Vítimas Feridas;Pleno dia;Decrescente;Céu Claro;Múltipla;Reta;Sim;1;0;1;0;0;0;1;1;-27,600384;-48,599705;SPRF-SC;DEL01-SC;UOP01-DEL01-SC
625239;02/09/2024;segunda-feira;08:30:00;SC;101;209,9;SAO JOSE;Ausência de reação do condutor;Colisão traseira;Com Vítimas Feridas;Pleno dia;Crescente;Céu Claro;Múltipla;Reta;Não;3;0;2;0;1;0;2;2;-27,61000542;-48,63895057;SPRF-SC;DEL01-SC;UOP01-DEL01-SC
625240;02/09/2024;segunda-feira;07:10:00;RJ;116;104;GUAPIMIRIM;Pista Escorregadia;Saída de leito carroçável;Com Vítimas Feridas;Pleno dia;Decrescente;Céu Claro;Dupla;"Curva;Aclive";Não;3;0;2;0;1;0;2;1;-22,50841847;-42,99821493;SPRF-RJ;DEL04-RJ;UOP01-DEL04-RJ
625241;02/09/2024;segunda-feira;08:15:00;PR;153;336;IRATI;Acesso irregular;Colisão frontal;Com Vítimas Feridas;Pleno dia;Crescente;Céu Claro;Simples;"Reta;Interseção de Vias";Sim;2;0;1;0;1;0;1;2;-25,49753795;-50,64815515;SPRF-PR;DEL08-PR;UOP02-DEL08-PR
625242;02/09/2024;segunda-feira;08:15:00;PR;116;116;CURITIBA;Trafegar com motocicleta (ou similar) entre as faixas;Colisão lateral mesmo sentido;Com Vítimas Feridas;Pleno dia;Decrescente;Sol;Múltipla;Reta;Sim;4;0;2;0;2;0;2;3;-25,55108276;-49,30481136;SPRF-PR;DEL01-PR;UOP03-DEL01-PR
625243;02/09/2024;segunda-feira;08:35:00;PR;116;118;CURITIBA;Pedestre cruzava a pista fora da faixa;Atropelamento de Pedestre;Com Vítimas Feridas;Pleno dia;Decrescente;Sol;Dupla;"Reta;Declive";Sim;2;0;0;2;0;0;2;2;-25,54657438;-49,29173608;SPRF-PR;DEL01-PR;UOP03-DEL01-PR
625247;02/09/2024;segunda-feira;07:45:00;MA;135;4;SAO LUIS;Reação tardia ou ineficiente do condutor;Engavetamento;Com Vítimas Feridas;Pleno dia;Crescente;Céu Claro;Dupla;Reta;Sim;6;0;1;0;4;1;1;6;-2,61424881;-44,25257023;SPRF-MA;DEL01-MA;UOP01-DEL01-MA
625248;02/09/2024;segunda-feira;07:30:00;SC;470;319;CAMPOS NOVOS;Acessar a via sem observar a presença dos outros veículos;Colisão transversal;Com Vítimas Feridas;Pleno dia;Decrescente;Céu Claro;Simples;Reta;Não;3;0;1;0;2;0;1;2;-27,409864;-51,224949;SPRF-SC;DEL07-SC;UOP06-DEL07-SC
625250;02/09/2024;segunda-feira;08:20:00;PR;277;1,1;PARANAGUA;Reação tardia ou ineficiente do condutor;Colisão traseira;Com Vítimas Feridas;Pleno dia;Crescente;Nublado;Dupla;Reta;Sim;2;0;1;0;1;0;1;2;-25,5539382;-48,55590641;SPRF-PR;DEL01-PR;UOP05-DEL01-PR
625255;02/09/2024;segunda-feira;10:15:00;PB;230;25,5;JOAO PESSOA;Condutor deixou de manter distância do veículo da frente;Colisão traseira;Com Vítimas Feridas;Pleno dia;Decrescente;Céu Claro;Múltipla;"Viaduto;Curva;Declive";Sim;3;0;1;1;1;0;2;2;-7,17045387;-34,87020171;SPRF-PB;DEL01-PB;UOP01-DEL01-PB
625258;02/09/2024;segunda-feira;08:48:00;MG;262;92,9;ABRE CAMPO;Transitar no Acostamento;Atropelamento de Pedestre;Com Vítimas Fatais;Pleno dia;Crescente;Céu Claro;Simples;Reta;Não;3;1;0;1;1;0;1;2;-20,32355691;-42,4695922;SPRF-MG;DEL03-MG;UOP03-DEL03-MG
625259;02/09/2024;segunda-feira;09:00:00;SC;101;137;BALNEARIO CAMBORIU;Ultrapassagem Indevida;Colisão lateral mesmo sentido;Com Vítimas Feridas;Pleno dia;Decrescente;Sol;Múltipla;Reta;Sim;1;0;1;0;0;0;1;1;-27,0157238;-48,61192763;SPRF-SC;DEL04-SC;UOP03-DEL04-SC
625262;02/09/2024;segunda-feira;09:00:00;MT;70;280;PRIMAVERA DO LESTE;Desrespeitar a preferência no cruzamento;Colisão transversal;Com Vítimas Feridas;Pleno dia;Crescente;Céu Claro;Simples;"Reta;Interseção de Vias";Sim;2;0;1;0;1;0;1;2;-15,5628096;-54,2970162;SPRF-MT;DEL05-MT;UOP01-DEL05-MT
625263;02/09/2024;segunda-feira;10:15:00;SP;116;218;GUARULHOS;Problema com o freio;Colisão traseira;Com Vítimas Feridas;Pleno dia;Crescente;Nublado;Múltipla;Reta;Sim;2;0;1;0;1;0;1;2;-23,457972;-46,479927;SPRF-SP;DEL01-SP;UOP01-DEL01-SP
625265;02/09/2024;segunda-feira;10:45:00;SC;101;195;SAO JOSE;Acessar a via sem observar a presença dos outros veículos;Colisão transversal;Com Vítimas Feridas;Pleno dia;Crescente;Sol;Simples;Reta;Não;2;0;1;0;1;0;1;2;-27,5047092;-48,65010819;SPRF-SC;DEL01-SC;UOP01-DEL01-SC
625266;02/09/2024;segunda-feira;08:20:00;RJ;40;122;DUQUE DE CAXIAS;Reação tardia ou ineficiente do condutor;Colisão traseira;Com Vítimas Feridas;Pleno dia;Decrescente;Céu Claro;Dupla;Reta;Sim;4;0;2;0;2;0;2;3;-22,79083113;-43,28611569;SPRF-RJ;DEL01-RJ;UOP02-DEL01-RJ
625268;05/08/2024;segunda-feira;16:51:00;MS;262;347,1;CAMPO GRANDE;Animais na Pista;Atropelamento de Animal;Com Vítimas Feridas;Anoitecer;Crescente;Céu Claro;Simples;Curva;Não;2;0;2;0;0;0;2;1;-20,56572179;-54,60345188;SPRF-MS;DEL01-MS;UOP03-DEL01-MS
625269;02/09/2024;segunda-feira;11:20:00;MG;40;526;CONTAGEM;Entrada inopinada do pedestre;Atropelamento de Pedestre;Com Vítimas Feridas;Pleno dia;Crescente;Céu Claro;Dupla;"Reta;Aclive";Não;2;0;1;0;1;0;1;2;-19,89255399;-44,04985478;SPRF-MG;DEL01-MG;UOP02-DEL01-MG
625270;02/09/2024;segunda-feira;10:50:00;SP;116;222;GUARULHOS;Trafegar com motocicleta (ou similar) entre as faixas;Colisão traseira;Com Vítimas Feridas;Pleno dia;Crescente;Sol;Múltipla;Reta;Sim;3;0;1;0;2;0;1;2;-23,47093408;-46,51631097;SPRF-SP;DEL01-SP;UOP01-DEL01-SP
625271;02/09/2024;segunda-feira;11:10:00;MG;153;32,1;CANAPOLIS;Velocidade Incompatível;Saída de leito carroçável;Com Vítimas Feridas;Pleno dia;Crescente;Sol;Dupla;Reta;Não;1;0;0;1;0;0;1;1;-18,70335014;-49,14238824;SPRF-MG;DEL15-MG;UOP03-DEL15-MG
625272;01/09/2024;domingo;21:55:00;MT;163;940;ITAUBA;Ingestão de álcool pelo condutor;Saída de leito carroçável;Com Vítimas Feridas;Plena Noite;Crescente;Céu Claro;Simples;Reta;Não;1;0;1;0;0;0;1;1;-11,08869593;-55,29063311;SPRF-MT;DEL06-MT;UOP02-DEL06-MT
625273;02/09/2024;segunda-feira;10:30:00;RO;319;57;PORTO VELHO;Condutor deixou de manter distância do veículo da frente;Colisão traseira;Com Vítimas Feridas;Pleno dia;Decrescente;Nevoeiro/Neblina;Dupla;"Reta;Interseção de Vias";Sim;2;0;1;0;1;0;1;2;-8,739714;-63,93214024;SPRF-RO;DEL01-RO;UOP01-DEL01-RO
625274;02/09/2024;segunda-feira;10:00:00;BA;324;623;SALVADOR;Pista esburacada;Queda de ocupante de veículo;Com Vítimas Feridas;Pleno dia;Decrescente;Céu Claro;Múltipla;Reta;Sim;2;0;1;1;0;0;2;1;-12,92628699;-38,46838679;SPRF-BA;DEL01-BA;UOP01-DEL01-BA
625275;02/09/2024;segunda-feira;09:45:00;RJ;101;489;ANGRA DOS REIS;Ultrapassagem Indevida;Colisão lateral sentido oposto;Com Vítimas Feridas;Pleno dia;Decrescente;Nublado;Simples;Curva;Não;2;0;1;0;1;0;1;2;-22,95738;-44,307782;SPRF-RJ;DEL03-RJ;UOP03-DEL03-RJ
625276;02/09/2024;segunda-feira;10:39:00;MT;163;740;SORRISO;Reação tardia ou ineficiente do condutor;Atropelamento de Pedestre;Com Vítimas Feridas;Pleno dia;Decrescente;Céu Claro;Simples;Reta;Não;2;0;0;1;1;0;1;2;-12,642913;-55,784555;SPRF-MT;DEL06-MT;UOP01-DEL06-MT
625278;02/09/2024;segunda-feira;08:20:00;SC;101;133,4;BALNEARIO CAMBORIU;Acessar a via sem observar a presença dos outros veículos;Colisão transversal;Com Vítimas Feridas;Pleno dia;Crescente;Céu Claro;Dupla;Reta;Sim;2;0;2;0;0;0;2;2;-26,99936;-48,64609;SPRF-SC;DEL04-SC;UOP03-DEL04-SC
625283;02/09/2024;segunda-feira;11:00:00;RJ;393;284;VOLTA REDONDA;Ultrapassagem Indevida;Colisão com objeto;Com Vítimas Feridas;Pleno dia;Decrescente;Céu Claro;Simples;Curva;Sim;1;0;1;0;0;0;1;1;-22,47341979;-44,05990606;SPRF-RJ;DEL05-RJ;UOP04-DEL05-RJ
625284;08/07/2024;segunda-feira;17:00:00;RJ;40;124;DUQUE DE CAXIAS;Trafegar com motocicleta (ou similar) entre as faixas;Colisão com objeto;Com Vítimas Fatais;Anoitecer;Decrescente;Céu Claro;Múltipla;Reta;Sim;2;1;0;1;0;0;1;2;-22,807953;-43,289124;SPRF-RJ;DEL01-RJ;UOP02-DEL01-RJ
625285;14/08/2024;quarta-feira;21:41:00;SE;101;92,4;NOSSA SENHORA DO SOCORRO;Pedestre andava na pista;Atropelamento de Pedestre;Com Vítimas Fatais;Plena Noite;Decrescente;Céu Claro;Dupla;Curva;Sim;2;1;0;0;0;1;0;2;-10,90090776;-37,13873506;SPRF-SE;DEL01-SE;UOP01-DEL01-SE
625288;02/09/2024;segunda-feira;10:45:00;PA;230;121;MARABA;Reação tardia ou ineficiente do condutor;Colisão traseira;Com Vítimas Feridas;Pleno dia;Crescente;Céu Claro;Dupla;Reta;Sim;4;0;1;0;3;0;1;3;-5,35297407;-49,12143673;SPRF-PA;DEL03-PA;UOP01-DEL03-PA
625291;02/09/2024;segunda-feira;12:25:00;PE;423;96,7;GARANHUNS;Acessar a via sem observar a presença dos outros veículos;Colisão lateral sentido oposto;Com Vítimas Feridas;Pleno dia;Crescente;Céu Claro;Simples;Reta;Sim;2;0;0;1;1;0;1;2;-8,88021822;-36,48651678;SPRF-PE;DEL03-PE;UOP01-DEL03-PE
625292;02/09/2024;segunda-feira;13:00:00;SP;116;285;ITAPECERICA DA SERRA;Acumulo de óleo sobre o pavimento;Queda de ocupante de veículo;Com Vítimas Feridas;Pleno dia;Decrescente;Céu Claro;Simples;Curva;Sim;1;0;1;0;0;0;1;1;-23,70407794;-46,87249709;SPRF-SP;DEL04-SP;UOP01-DEL04-SP
625293;02/09/2024;segunda-feira;12:28:00;GO;40;10;LUZIANIA;Conversão proibida;Colisão transversal;Com Vítimas Feridas;Pleno dia;Crescente;Sol;Dupla;"Retorno Regulamentado;Reta";Sim;4;0;1;0;3;0;1;3;-16,131315;-47,95785;SPRF-DF;DEL01-DF;UOP01-DEL01-DF
625294;05/08/2024;segunda-feira;22:40:00;RJ;40;115;DUQUE DE CAXIAS;Ausência de reação do condutor;Colisão traseira;Com Vítimas Feridas;Plena Noite;Decrescente;Céu Claro;Múltipla;Reta;Não;4;0;2;1;1;0;3;2;-22,72756999;-43,2891609;SPRF-RJ;DEL01-RJ;UOP02-DEL01-RJ
625297;02/09/2024;segunda-feira;11:55:00;SC;101;329,1;TUBARAO;Manobra de mudança de faixa;Colisão lateral mesmo sentido;Com Vítimas Feridas;Pleno dia;Decrescente;Céu Claro;Múltipla;Reta;Não;3;0;3;0;0;0;3;2;-28,44404822;-48,96611372;SPRF-SC;DEL02-SC;UOP01-DEL02-SC
625298;29/08/2024;quinta-feira;07:50:00;SP;116;143;SAO JOSE DOS CAMPOS;Suicídio (presumido);Saída de leito carroçável;Com Vítimas Feridas;Pleno dia;Decrescente;Céu Claro;Dupla;"Reta;Em Obras";Não;1;0;0;1;0;0;1;1;-23,18019956;-45,84120512;SPRF-SP;DEL02-SP;UOP01-DEL02-SP
625300;05/07/2024;sexta-feira;00:28:00;MG;381;854,5;POUSO ALEGRE;Condutor deixou de manter distância do veículo da frente;Colisão traseira;Com Vítimas Feridas;Plena Noite;Decrescente;Ignorado;Dupla;Reta;Não;2;0;1;0;0;1;1;2;-22,278428;-45,89443445;SPRF-MG;DEL16-MG;UOP01-DEL16-MG
625302;02/09/2024;segunda-feira;12:40:00;PB;101;75,5;SANTA RITA;Ausência de reação do condutor;Colisão com objeto;Sem Vítimas;Pleno dia;Crescente;Sol;Dupla;"Aclive;Curva";Não;1;0;0;0;0;1;0;1;-7,08342296;-34,97202399;SPRF-PB;DEL01-PB;UOP04-DEL01-PB
625310;02/09/2024;segunda-feira;12:00:00;SC;101;65;ARAQUARI;Acesso irregular;Queda de ocupante de veículo;Com Vítimas Feridas;Pleno dia;Crescente;Céu Claro;Múltipla;Curva;Não;1;0;1;0;0;0;1;1;-26,47135714;-48,74457217;SPRF-SC;DEL03-SC;UOP02-DEL03-SC
625311;30/08/2024;sexta-feira;21:00:00;DF;20;20,7;BRASILIA;Ausência de reação do condutor;Colisão traseira;Sem Vítimas;Pleno dia;Decrescente;Céu Claro;Dupla;"Reta;Declive";Sim;4;0;0;0;4;0;0;2;-15,604242;-47,686667;SPRF-DF;DEL02-DF;UOP01-DEL02-DF
625312;02/09/2024;segunda-feira;13:00:00;PI;316;20;TERESINA;Ausência de reação do condutor;Colisão com objeto;Sem Vítimas;Pleno dia;Crescente;Céu Claro;Múltipla;Reta;Não;1;0;0;0;1;0;0;1;-5,25939797;-42,7287478;SPRF-PI;DEL01-PI;UOP02-DEL01-PI
625313;02/09/2024;segunda-feira;15:00:00;PE;232;20,8;MORENO;Acessar a via sem observar a presença dos outros veículos;Colisão traseira;Com Vítimas Feridas;Pleno dia;Decrescente;Céu Claro;Dupla;"Curva;Retorno Regulamentado";Não;4;0;2;0;2;0;2;2;-8,095825;-35,07877;SPRF-PE;DEL01-PE;UOP01-DEL01-PE
625314;02/09/2024;segunda-feira;15:10:00;PE;104;69;CARUARU;Reação tardia ou ineficiente do condutor;Queda de ocupante de veículo;Com Vítimas Feridas;Pleno dia;Crescente;Céu Claro;Dupla;Reta;Não;2;0;2;0;0;0;2;1;-8,3196;-35,9912;SPRF-PE;DEL02-PE;UOP01-DEL02-PE
625318;02/09/2024;segunda-feira;16:00:00;MA;135;3;SAO LUIS;Condutor deixou de manter distância do veículo da frente;Colisão traseira;Com Vítimas Feridas;Pleno dia;Crescente;Sol;Dupla;"Curva;Declive";Sim;1;0;1;0;0;0;1;1;-2,606802;-44,247512;SPRF-MA;DEL01-MA;UOP01-DEL01-MA
625319;02/09/2024;segunda-feira;16:15:00;SC;101;127,7;ITAJAI;Ausência de reação do condutor;Colisão traseira;Com Vítimas Feridas;Pleno dia;Decrescente;Sol;Dupla;Reta;Não;3;0;1;1;1;0;2;2;-26,9639319;-48,68328024;SPRF-SC;DEL04-SC;UOP04-DEL04-SC
625320;02/09/2024;segunda-feira;15:55:00;RS;293;3,8;PELOTAS;Acessar a via sem observar a presença dos outros veículos;Colisão transversal;Com Vítimas Feridas;Pleno dia;Crescente;Nublado;Simples;"Reta;Interseção de Vias";Sim;2;0;1;0;1;0;1;2;-31,74064113;-52,36443631;SPRF-RS;DEL07-RS;UOP01-DEL07-RS
625321;02/09/2024;segunda-feira;15:30:00;ES;262;17;VIANA;Velocidade Incompatível;Colisão com objeto;Sem Vítimas;Pleno dia;Crescente;Céu Claro;Simples;Reta;Sim;1;0;0;0;1;0;0;1;-20,38635961;-40,47272969;SPRF-ES;DEL01-ES;UOP01-DEL01-ES
625324;02/09/2024;segunda-feira;15:10:00;PE;232;165,1;TACAIMBO;Reação tardia ou ineficiente do condutor;Saída de leito carroçável;Com Vítimas Feridas;Pleno dia;Decrescente;Céu Claro;Simples;"Reta;Aclive";Não;1;0;0;1;0;0;1;1;-8,33670241;-36,29834395;SPRF-PE;DEL03-PE;UOP02-DEL03-PE
625325;02/09/2024;segunda-feira;15:30:00;AL;101;108;PILAR;Ausência de reação do condutor;Capotamento;Com Vítimas Feridas;Pleno dia;Crescente;Céu Claro;Dupla;Curva;Não;1;0;1;0;0;0;1;1;-9,59656948;-36,0091409;SPRF-AL;DEL02-AL;UOP01-DEL02-AL
625326;02/09/2024;segunda-feira;15:40:00;BA;116;379,9;SANTA BARBARA;Mal súbito do condutor;Saída de leito carroçável;Com Vítimas Feridas;Pleno dia;Decrescente;Nublado;Simples;Reta;Não;4;0;1;0;3;0;1;1;-11,84074803;-38,97495477;SPRF-BA;DEL02-BA;UOP01-DEL02-BA
625327;02/09/2024;segunda-feira;16:10:00;PE;232;6,8;RECIFE;Condutor deixou de manter distância do veículo da frente;Engavetamento;Com Vítimas Feridas;Pleno dia;Decrescente;Nublado;Dupla;Reta;Não;3;0;1;1;1;0;2;3;-8,07333497;-34,96184301;SPRF-PE;DEL01-PE;UOP01-DEL01-PE
625330;02/09/2024;segunda-feira;14:10:00;RO;364;426,8;JARU;Desrespeitar a preferência no cruzamento;Colisão transversal;Com Vítimas Feridas;Pleno dia;Crescente;Céu Claro;Simples;"Reta;Interseção de Vias";Sim;2;0;1;0;1;0;1;2;-10,432443;-62,479584;SPRF-RO;DEL03-RO;UOP02-DEL03-RO
625331;02/09/2024;segunda-feira;15:40:00;MS;158;99,6;PARANAIBA;Acumulo de óleo sobre o pavimento;Tombamento;Com Vítimas Feridas;Pleno dia;Decrescente;Céu Claro;Dupla;Retorno Regulamentado;Sim;2;0;1;0;1;0;1;1;-19,70210533;-51,15879979;SPRF-MS;DEL08-MS;UOP01-DEL08-MS
625334;02/09/2024;segunda-feira;16:00:00;SP;116;22;LAVRINHAS;Ultrapassagem Indevida;Colisão lateral mesmo sentido;Com Vítimas Feridas;Pleno dia;Crescente;Céu Claro;Simples;Curva;Não;2;0;1;0;1;0;1;2;-22,58368521;-44,87772952;SPRF-SP;DEL08-SP;UOP02-DEL08-SP
625335;02/09/2024;segunda-feira;15:30:00;TO;153;618;ALIANCA DO TOCANTINS;Ausência de reação do condutor;Saída de leito carroçável;Com Vítimas Feridas;Pleno dia;Crescente;Céu Claro;Simples;Reta;Não;1;0;1;0;0;0;1;1;-11,25611597;-48,93572434;SPRF-TO;DEL01-TO;UOP02-DEL01-TO
625337;02/09/2024;segunda-feira;11:40:00;SP;0;0;JACAREI;Pista Escorregadia;Colisão com objeto;Com Vítimas Feridas;Pleno dia;Não Informado;Céu Claro;Simples;"Declive;Curva";Não;6;0;2;0;0;4;2;3;-23,26640776;-46,03935063;SPRF-SP;DEL02-SP;N/A
625338;02/09/2024;segunda-feira;16:45:00;RN;304;183;ANGICOS;Condutor Dormindo;Queda de ocupante de veículo;Com Vítimas Feridas;Pleno dia;Decrescente;Céu Claro;Simples;Reta;Não;1;0;1;0;0;0;1;1;-5,6901045;-36,31102799;SPRF-RN;DEL01-RN;UOP03-DEL01-RN
625339;16/07/2024;terça-feira;13:50:00;MG;116;397,3;GOVERNADOR VALADARES;Ultrapassagem Indevida;Colisão frontal;Com Vítimas Fatais;Pleno dia;Crescente;Céu Claro;Simples;"Curva;Aclive";Não;5;1;1;1;2;0;2;2;-18,74077618;-41,98358104;SPRF-MG;DEL06-MG;UOP01-DEL06-MG
625341;02/09/2024;segunda-feira;15:00:00;BA;324;612;SIMOES FILHO;Pista esburacada;Queda de ocupante de veículo;Com Vítimas Feridas;Pleno dia;Crescente;Céu Claro;Simples;Reta;Não;1;0;0;1;0;0;1;1;-12,84664721;-38,41741648;SPRF-BA;DEL01-BA;UOP01-DEL01-BA
625342;02/09/2024;segunda-feira;10:30:00;MG;262;761,5;SACRAMENTO;Fumaça;Colisão traseira;Sem Vítimas;Pleno dia;Decrescente;Céu Claro;Simples;Reta;Não;6;0;0;0;6;0;0;2;-19,66828463;-47,61093008;SPRF-MG;DEL13-MG;UOP01-DEL13-MG
625343;02/09/2024;segunda-feira;17:30:00;RS;470;224;GARIBALDI;Acessar a via sem observar a presença dos outros veículos;Colisão transversal;Com Vítimas Feridas;Pleno dia;Crescente;Céu Claro;Simples;"Interseção de Vias;Reta;Aclive";Sim;2;0;1;0;1;0;1;2;-29,23280083;-51,51606739;SPRF-RS;DEL06-RS;UOP01-DEL06-RS
625345;02/09/2024;segunda-feira;06:30:00;RJ;101;311;SAO GONCALO;Reação tardia ou ineficiente do condutor;Colisão traseira;Com Vítimas Feridas;Amanhecer;Crescente;Céu Claro;Dupla;Reta;Sim;2;0;1;0;1;0;1;2;-22,80062246;-43,05318779;SPRF-RJ;DEL02-RJ;UOP02-DEL02-RJ
625346;02/09/2024;segunda-feira;18:00:00;PE;428;186,9;PETROLINA;Acessar a via sem observar a presença dos outros veículos;Colisão transversal;Com Vítimas Feridas;Anoitecer;Crescente;Céu Claro;Dupla;Reta;Sim;6;0;2;0;0;4;2;2;-9,365387;-40,48349;SPRF-PE;DEL06-PE;UOP01-DEL06-PE
625348;02/09/2024;segunda-feira;08:40:00;RJ;101;308;SAO GONCALO;Ausência de reação do condutor;Colisão traseira;Com Vítimas Feridas;Pleno dia;Crescente;Céu Claro;Dupla;Reta;Não;4;0;2;0;2;0;2;2;-22,79309326;-43,02479595;SPRF-RJ;DEL02-RJ;UOP02-DEL02-RJ