id;data_inversa;dia_semana;horario;uf;br;km;municipio;causa_acidente;tipo_acidente;classificacao_acidente;fase_dia;sentido_via;condicao_metereologica;tipo_pista;tracado_via;uso_solo;pessoas;mortos;feridos_leves;feridos_graves;ilesos;ignorados;feridos;veiculos;latitude;longitude;regional;delegacia;uop
625350;02/09/2024;segunda-feira;18:00:00;PE;424;90,4;GARANHUNS;Animais na Pista;Atropelamento de Animal;Com Vítimas Feridas;Anoitecer;Decrescente;Céu Claro;Simples;Curva;Sim;1;0;0;1;0;0;1;1;-8,899433;-36,503017;SPRF-PE;DEL03-PE;UOP01-DEL03-PE
625351;02/09/2024;segunda-feira;18:22:00;MG;116;704,6;MURIAE;Conversão proibida;Colisão lateral mesmo sentido;Com Vítimas Feridas;Plena Noite;Crescente;Céu Claro;Simples;"Reta;Interseção de Vias";Sim;4;0;2;0;0;2;2;3;-21,14052708;-42,38134417;SPRF-MG;DEL07-MG;UOP02-DEL07-MG
625352;02/09/2024;segunda-feira;18:20:00;CE;116;4;FORTALEZA;Pedestre cruzava a pista fora da faixa;Atropelamento de Pedestre;Com Vítimas Fatais;Plena Noite;Decrescente;Céu Claro;Múltipla;Reta;Sim;2;1;0;0;1;0;0;2;-3,7826638;-38,5130043;SPRF-CE;DEL01-CE;UOP02-DEL01-CE
625354;05/08/2024;segunda-feira;08:00:00;SC;282;91,4;ALFREDO WAGNER;Acessar a via sem observar a presença dos outros veículos;Colisão transversal;Com Vítimas Feridas;Pleno dia;Crescente;Céu Claro;Simples;Reta;Não;2;0;0;1;1;0;1;2;-27,690374;-49,229061;SPRF-SC;DEL01-SC;UOP03-DEL01-SC
625356;02/09/2024;segunda-feira;18:30:00;PE;101;50;IGARASSU;Acessar a via sem observar a presença dos outros veículos;Colisão traseira;Com Vítimas Feridas;Plena Noite;Decrescente;Céu Claro;Dupla;Reta;Sim;3;0;2;0;1;0;2;2;-7,90938602;-34,90123228;SPRF-PE;DEL01-PE;UOP02-DEL01-PE
625358;02/09/2024;segunda-feira;18:18:00;RJ;116;196;QUEIMADOS;Ultrapassagem Indevida;Atropelamento de Pedestre;Com Vítimas Feridas;Plena Noite;Decrescente;Céu Claro;Dupla;Curva;Não;2;0;0;1;0;1;1;2;-22,73336575;-43,55659479;SPRF-RJ;DEL06-RJ;UOP01-DEL06-RJ
625359;02/09/2024;segunda-feira;18:55:00;ES;101;260;SERRA;Ausência de reação do condutor;Atropelamento de Pedestre;Com Vítimas Feridas;Anoitecer;Crescente;Céu Claro;Múltipla;Reta;Não;2;0;1;0;0;1;1;2;-20,14616415;-40,28836206;SPRF-ES;DEL02-ES;UOP01-DEL02-ES
625360;02/09/2024;segunda-feira;17:40:00;RJ;40;44,1;AREAL;Pista Escorregadia;Tombamento;Com Vítimas Fatais;Plena Noite;Decrescente;Céu Claro;Dupla;Curva;Não;2;1;0;1;0;0;1;1;-22,27324877;-43,11117232;SPRF-RJ;DEL05-RJ;UOP02-DEL05-RJ
625361;02/09/2024;segunda-feira;18:20:00;MG;251;519,3;MONTES CLAROS;Ausência de sinalização;Colisão traseira;Com Vítimas Feridas;Anoitecer;Crescente;Céu Claro;Simples;Reta;Não;2;0;1;1;0;0;2;2;-16,66359617;-43,77730598;SPRF-MG;DEL12-MG;UOP01-DEL12-MG
625362;02/09/2024;segunda-feira;18:50:00;MG;262;185;BELA VISTA DE MINAS;Ausência de reação do condutor;Colisão traseira;Com Vítimas Feridas;Plena Noite;Crescente;Céu Claro;Simples;Reta;Não;3;0;0;1;2;0;1;3;-19,86097658;-43,10750503;SPRF-MG;DEL03-MG;UOP01-DEL03-MG
625363;02/09/2024;segunda-feira;19:00:00;RS;116;267;CANOAS;Manobra de mudança de faixa;Colisão lateral mesmo sentido;Com Vítimas Feridas;Plena Noite;Decrescente;Nublado;Simples;Reta;Sim;2;0;1;0;1;0;1;2;-29,94142398;-51,17697062;SPRF-RS;DEL01-RS;UOP01-DEL01-RS
625364;02/09/2024;segunda-feira;17:05:00;SC;101;334,9;TUBARAO;Manobra de mudança de faixa;Colisão lateral mesmo sentido;Com Vítimas Feridas;Pleno dia;Crescente;Sol;Dupla;Reta;Sim;3;0;1;0;2;0;1;2;-28,46730446;-49,00604302;SPRF-SC;DEL02-SC;UOP01-DEL02-SC
625365;02/09/2024;segunda-feira;16:40:00;PR;376;164,7;MARINGA;Ausência de reação do condutor;Capotamento;Com Vítimas Fatais;Pleno dia;Decrescente;Céu Claro;Dupla;Reta;Não;1;1;0;0;0;0;0;1;-23,38591406;-52,02449602;SPRF-PR;DEL09-PR;UOP01-DEL09-PR
625367;02/09/2024;segunda-feira;09:34:00;RJ;116;174;SAO JOAO DE MERITI;Trafegar com motocicleta (ou similar) entre as faixas;Colisão traseira;Com Vítimas Feridas;Pleno dia;Decrescente;Céu Claro;Múltipla;Reta;Sim;2;0;1;0;1;0;1;2;-22,79423806;-43,36403759;SPRF-RJ;DEL06-RJ;UOP01-DEL06-RJ
625369;02/09/2024;segunda-feira;18:34:00;CE;116;13;FORTALEZA;Manobra de mudança de faixa;Colisão lateral mesmo sentido;Com Vítimas Feridas;Plena Noite;Decrescente;Céu Claro;Dupla;"Reta;Aclive";Sim;2;0;1;0;1;0;1;2;-3,86088501;-38,49715296;SPRF-CE;DEL01-CE;UOP02-DEL01-CE
625371;02/09/2024;segunda-feira;17:40:00;PA;155;342;MARABA;Ultrapassagem Indevida;Colisão frontal;Com Vítimas Feridas;Anoitecer;Crescente;Céu Claro;Simples;Reta;Sim;2;0;1;0;1;0;1;2;-5,37851903;-49,07674765;SPRF-PA;DEL03-PA;UOP01-DEL03-PA
625373;02/09/2024;segunda-feira;12:51:00;RO;364;260,8;CACOAL;Reação tardia ou ineficiente do condutor;Saída de leito carroçável;Sem Vítimas;Pleno dia;Decrescente;Ignorado;Simples;Reta;Não;1;0;0;0;0;1;0;1;-11,410805;-61,648393;SPRF-RO;DEL02-RO;UOP02-DEL02-RO
625376;02/09/2024;segunda-feira;17:45:00;RO;364;425;JARU;Demais falhas mecânicas ou elétricas;Incêndio;Sem Vítimas;Anoitecer;Decrescente;Nublado;Simples;Declive;Sim;1;0;0;0;1;0;0;1;-10,43752488;-62,47169791;SPRF-RO;DEL03-RO;UOP02-DEL03-RO
625377;02/09/2024;segunda-feira;19:40:00;BA;101;38;ESPLANADA;Objeto estático sobre o leito carroçável;Colisão frontal;Com Vítimas Feridas;Plena Noite;Crescente;Céu Claro;Dupla;Reta;Não;2;0;1;0;1;0;1;2;-11,83926609;-37,9902807;SPRF-SE;DEL02-SE;UOP03-DEL02-SE
625378;02/09/2024;segunda-feira;19:55:00;MA;135;13;SAO LUIS;Conversão proibida;Tombamento;Com Vítimas Feridas;Plena Noite;Crescente;Céu Claro;Dupla;Reta;Sim;1;0;1;0;0;0;1;1;-2,68053538;-44,29512283;SPRF-MA;DEL01-MA;UOP01-DEL01-MA
625379;02/09/2024;segunda-feira;19:10:00;PB;230;122,5;RIACHAO DO BACAMARTE;Transitar na contramão;Colisão frontal;Com Vítimas Feridas;Plena Noite;Crescente;Céu Claro;Dupla;Reta;Não;2;0;0;1;1;0;1;2;-7,2466;-35,6577;SPRF-PB;DEL02-PB;UOP01-DEL02-PB
625380;02/09/2024;segunda-feira;20:10:00;SC;282;6;SAO JOSE;Reação tardia ou ineficiente do condutor;Colisão com objeto;Com Vítimas Feridas;Plena Noite;Crescente;Céu Claro;Dupla;"Viaduto;Curva";Sim;1;0;1;0;0;0;1;1;-27,58644509;-48,61671209;SPRF-SC;DEL01-SC;UOP01-DEL01-SC
625381;02/09/2024;segunda-feira;19:10:00;PR;158;507;CORONEL VIVIDA;Reação tardia ou ineficiente do condutor;Colisão frontal;Com Vítimas Feridas;Plena Noite;Crescente;Céu Claro;Simples;Curva;Não;4;0;2;0;2;0;2;2;-26,02180124;-52,57733183;SPRF-PR;DEL02-PR;UOP01-DEL02-PR
625382;02/09/2024;segunda-feira;18:30:00;RN;304;35;MOSSORO;Condutor deixou de manter distância do veículo da frente;Colisão traseira;Com Vítimas Feridas;Plena Noite;Decrescente;Céu Claro;Dupla;Reta;Sim;3;0;1;0;2;0;1;2;-5,16149497;-37,35068212;SPRF-RN;DEL04-RN;UOP02-DEL04-RN
625383;02/09/2024;segunda-feira;18:30:00;MS;163;19;MUNDO NOVO;Acessar a via sem observar a presença dos outros veículos;Colisão transversal;Com Vítimas Feridas;Plena Noite;Crescente;Céu Claro;Simples;"Reta;Interseção de Vias";Sim;3;0;2;0;1;0;2;2;-23,93343598;-54,28168073;SPRF-MS;DEL09-MS;UOP02-DEL09-MS
625384;02/09/2024;segunda-feira;19:20:00;SP;381;84;SAO PAULO;Reação tardia ou ineficiente do condutor;Colisão traseira;Sem Vítimas;Plena Noite;Decrescente;Céu Claro;Múltipla;Reta;Não;3;0;0;0;3;0;0;3;-23,43937;-46,56807;SPRF-SP;DEL03-SP;UOP01-DEL03-SP
625385;02/09/2024;segunda-feira;19:35:00;GO;153;431,3;ANAPOLIS;Ingestão de álcool pelo condutor;Colisão traseira;Sem Vítimas;Plena Noite;Crescente;Céu Claro;Dupla;Reta;Sim;2;0;0;0;2;0;0;2;-16,275046;-48,968903;SPRF-GO;DEL02-GO;UOP01-DEL02-GO
625386;02/09/2024;segunda-feira;18:50:00;SP;116;52;LORENA;Desrespeitar a preferência no cruzamento;Colisão frontal;Com Vítimas Feridas;Plena Noite;Crescente;Céu Claro;Simples;Reta;Sim;3;0;1;1;0;1;2;2;-22,74708138;-45,09973038;SPRF-SP;DEL08-SP;UOP02-DEL08-SP
625388;02/09/2024;segunda-feira;19:50:00;PR;116;122,7;CURITIBA;Reação tardia ou ineficiente do condutor;Tombamento;Com Vítimas Feridas;Plena Noite;Crescente;Céu Claro;Dupla;"Curva;Declive";Sim;1;0;1;0;0;0;1;1;-25,56857207;-49,31023179;SPRF-PR;DEL01-PR;UOP03-DEL01-PR
625389;02/09/2024;segunda-feira;19:14:00;PI;316;0;TERESINA;Ausência de reação do condutor;Colisão frontal;Sem Vítimas;Plena Noite;Decrescente;Céu Claro;Simples;Ponte;Sim;1;0;0;0;1;0;0;1;-5,131168;-42,81564;SPRF-PI;DEL01-PI;UOP02-DEL01-PI
625390;02/09/2024;segunda-feira;18:30:00;RJ;393;122;SAPUCAIA;Ausência de reação do condutor;Saída de leito carroçável;Com Vítimas Feridas;Plena Noite;Crescente;Céu Claro;Simples;Curva;Não;1;0;1;0;0;0;1;1;-21,93739287;-42,80519704;SPRF-RJ;DEL05-RJ;UOP01-DEL05-RJ
625392;02/09/2024;segunda-feira;19:00:00;RJ;40;113;DUQUE DE CAXIAS;Reação tardia ou ineficiente do condutor;Tombamento;Com Vítimas Feridas;Plena Noite;Crescente;Céu Claro;Múltipla;Declive;Sim;1;0;1;0;0;0;1;1;-22,70948502;-43,29040354;SPRF-RJ;DEL01-RJ;UOP02-DEL01-RJ
625393;02/09/2024;segunda-feira;20:20:00;RJ;101;544;PARATY;Animais na Pista;Atropelamento de Animal;Sem Vítimas;Plena Noite;Crescente;Céu Claro;Simples;Curva;Não;1;0;0;0;1;0;0;1;-23,04630778;-44,61015485;SPRF-RJ;DEL03-RJ;UOP04-DEL03-RJ
625394;22/08/2024;quinta-feira;18:10:00;PE;101;180;PALMARES;Pedestre andava na pista;Atropelamento de Pedestre;Com Vítimas Feridas;Plena Noite;Crescente;Céu Claro;Dupla;Reta;Não;2;0;0;1;1;0;1;2;-8,635238;-35,560932;SPRF-PE;DEL01-PE;UOP03-DEL01-PE
625395;02/09/2024;segunda-feira;20:05:00;CE;116;5,4;FORTALEZA;Ausência de reação do condutor;Colisão traseira;Com Vítimas Feridas;Plena Noite;Decrescente;Céu Claro;Múltipla;Reta;Sim;4;0;1;1;2;0;2;3;-3,79616;-38,506743;SPRF-CE;DEL01-CE;UOP02-DEL01-CE
625396;02/09/2024;segunda-feira;20:40:00;PB;230;325,5;PATOS;Reação tardia ou ineficiente do condutor;Saída de leito carroçável;Com Vítimas Feridas;Anoitecer;Crescente;Céu Claro;Simples;Curva;Não;1;0;1;0;0;0;1;1;-6,9912;-37,1874;SPRF-PB;DEL03-PB;UOP01-DEL03-PB
625397;02/09/2024;segunda-feira;19:10:00;PB;104;168;BARRA DE SANTANA;Transitar na contramão;Colisão frontal;Com Vítimas Feridas;Plena Noite;Decrescente;Céu Claro;Simples;Curva;Não;2;0;1;0;1;0;1;2;-7,57824042;-36,01455389;SPRF-PB;DEL02-PB;UOP03-DEL02-PB
625399;02/09/2024;segunda-feira;17:50:00;BA;367;61;PORTO SEGURO;Avarias e/ou desgaste excessivo no pneu;Tombamento;Com Vítimas Feridas;Plena Noite;Crescente;Céu Claro;Simples;Reta;Não;2;0;0;1;1;0;1;1;-16,39073805;-39,392441;SPRF-BA;DEL09-BA;UOP03-DEL09-BA
625400;02/09/2024;segunda-feira;21:00:00;MG;381;510;SAO JOAQUIM DE BICAS;Velocidade Incompatível;Colisão traseira;Com Vítimas Feridas;Plena Noite;Decrescente;Nublado;Múltipla;Reta;Sim;3;0;1;0;2;0;1;3;-20,07738209;-44,30434488;SPRF-MG;DEL01-MG;UOP03-DEL01-MG
625401;02/09/2024;segunda-feira;17:30:00;RJ;40;43,9;AREAL;Pista Escorregadia;Tombamento;Com Vítimas Feridas;Anoitecer;Decrescente;Nublado;Dupla;Curva;Não;1;0;1;0;0;0;1;1;-22,27178231;-43,10777664;SPRF-RJ;DEL05-RJ;UOP02-DEL05-RJ
625403;02/09/2024;segunda-feira;21:12:00;MS;163;731;COXIM;Desrespeitar a preferência no cruzamento;Colisão transversal;Com Vítimas Feridas;Plena Noite;Decrescente;Céu Claro;Simples;"Reta;Rotatória;Interseção de Vias";Sim;2;0;2;0;0;0;2;2;-18,50137286;-54,73270825;SPRF-MS;DEL06-MS;UOP01-DEL06-MS
625404;02/09/2024;segunda-feira;22:05:00;CE;116;6;FORTALEZA;Animais na Pista;Tombamento;Com Vítimas Feridas;Plena Noite;Crescente;Céu Claro;Dupla;"Reta;Aclive";Sim;1;0;1;0;0;0;1;1;-3,802624;-38,50400499;SPRF-CE;DEL01-CE;UOP02-DEL01-CE
625406;02/09/2024;segunda-feira;21:58:00;PB;230;39,2;SANTA RITA;Transitar na contramão;Colisão frontal;Com Vítimas Feridas;Plena Noite;Decrescente;Chuva;Dupla;"Reta;Aclive";Não;4;0;4;0;0;0;4;2;-7,1381;-34,9707;SPRF-PB;DEL01-PB;UOP03-DEL01-PB
625407;02/09/2024;segunda-feira;20:00:00;GO;414;373;COCALZINHO DE GOIAS;Ausência de reação do condutor;Colisão com objeto;Sem Vítimas;Plena Noite;Decrescente;Céu Claro;Dupla;Reta;Não;1;0;0;0;0;1;0;1;-15,79608565;-48,77573862;SPRF-GO;DEL02-GO;UOP01-DEL02-GO
625410;02/09/2024;segunda-feira;22:30:00;SP;116;110,4;TAUBATE;Avarias e/ou desgaste excessivo no pneu;Tombamento;Com Vítimas Feridas;Plena Noite;Decrescente;Nublado;Dupla;Interseção de Vias;Sim;1;0;1;0;0;0;1;1;-23,03887149;-45,56097419;SPRF-SP;DEL02-SP;UOP02-DEL02-SP
625411;02/09/2024;segunda-feira;17:00:00;RO;435;123;CEREJEIRAS;Manobra de mudança de faixa;Colisão lateral mesmo sentido;Com Vítimas Feridas;Anoitecer;Crescente;Céu Claro;Dupla;Reta;Sim;2;0;1;0;1;0;1;2;-13,18889171;-60,808424;SPRF-RO;DEL04-RO;UOP02-DEL04-RO
625412;02/09/2024;segunda-feira;22:40:00;PR;116;166;QUITANDINHA;Ingestão de álcool pelo condutor;Saída de leito carroçável;Com Vítimas Feridas;Plena Noite;Decrescente;Céu Claro;Simples;"Curva;Interseção de Vias";Não;3;0;0;3;0;0;3;1;-25,87562262;-49,48731959;SPRF-PR;DEL01-PR;UOP03-DEL01-PR
625413;02/09/2024;segunda-feira;23:10:00;RJ;116;210;SEROPEDICA;Ausência de reação do condutor;Colisão traseira;Sem Vítimas;Plena Noite;Decrescente;Céu Claro;Dupla;Reta;Não;2;0;0;0;2;0;0;2;-22,71981759;-43,69099294;SPRF-RJ;DEL06-RJ;UOP02-DEL06-RJ
625415;02/09/2024;segunda-feira;22:45:00;MG;381;496;BETIM;Velocidade Incompatível;Colisão com objeto;Com Vítimas Feridas;Plena Noite;Decrescente;Nublado;Dupla;Curva;Não;2;0;1;0;1;0;1;2;-19,99676497;-44,20958506;SPRF-MG;DEL01-MG;UOP03-DEL01-MG
625416;02/09/2024;segunda-feira;22:23:00;PE;104;85,5;AGRESTINA;Transitar na contramão;Colisão lateral sentido oposto;Sem Vítimas;Plena Noite;Crescente;Céu Claro;Simples;Reta;Sim;2;0;0;0;1;1;0;2;-8,438719;-35,955177;SPRF-PE;DEL02-PE;UOP01-DEL02-PE
625417;02/09/2024;segunda-feira;22:50:00;SP;116;162;JACAREI;Transitar na contramão;Colisão lateral sentido oposto;Com Vítimas Feridas;Plena Noite;Decrescente;Céu Claro;Dupla;Reta;Sim;2;0;1;0;0;1;1;2;-23,28133317;-45,98394689;SPRF-SP;DEL02-SP;UOP01-DEL02-SP
625419;02/09/2024;segunda-feira;22:00:00;MA;222;207;ITAPECURU MIRIM;Conversão proibida;Colisão transversal;Sem Vítimas;Plena Noite;Decrescente;Céu Claro;Simples;Reta;Sim;2;0;0;0;1;1;0;2;-3,39827306;-44,35676617;SPRF-MA;DEL01-MA;UOP02-DEL01-MA
625420;03/09/2024;terça-feira;00:05:00;SC;282;4,7;SAO JOSE;Ingestão de álcool pelo condutor;Atropelamento de Pedestre;Com Vítimas Feridas;Plena Noite;Decrescente;Céu Claro;Múltipla;Reta;Sim;2;0;0;1;1;0;1;2;-27,592646;-48,604034;SPRF-SC;DEL01-SC;UOP01-DEL01-SC
625421;02/09/2024;segunda-feira;23:40:00;GO;153;504;APARECIDA DE GOIANIA;Falta de acostamento;Colisão frontal;Com Vítimas Fatais;Plena Noite;Decrescente;Céu Claro;Dupla;Aclive;Sim;2;1;0;0;0;1;0;2;-16,7451;-49,2408;SPRF-GO;DEL01-GO;UOP01-DEL01-GO
625423;03/09/2024;terça-feira;00:30:00;RJ;40;105;DUQUE DE CAXIAS;Transitar na contramão;Colisão lateral sentido oposto;Com Vítimas Feridas;Plena Noite;Decrescente;Garoa/Chuvisco;Simples;"Viaduto;Aclive";Sim;3;0;0;1;1;1;1;3;-22,63784806;-43,28428824;SPRF-RJ;DEL01-RJ;UOP02-DEL01-RJ
625425;03/09/2024;terça-feira;03:25:00;GO;40;7;VALPARAISO DE GOIAS;Acessar a via sem observar a presença dos outros veículos;Colisão transversal;Sem Vítimas;Plena Noite;Decrescente;Céu Claro;Dupla;Reta;Sim;3;0;0;0;3;0;0;2;-16,108482;-47,972524;SPRF-DF;DEL01-DF;UOP01-DEL01-DF
625426;03/09/2024;terça-feira;04:30:00;RS;158;200;CRUZ ALTA;Animais na Pista;Atropelamento de Animal;Sem Vítimas;Plena Noite;Crescente;Céu Claro;Simples;Reta;Não;3;0;0;0;3;0;0;1;-28,68560601;-53,59898197;SPRF-RS;DEL10-RS;UOP02-DEL10-RS
625427;03/09/2024;terça-feira;03:50:00;RJ;101;452;MANGARATIBA;Pista Escorregadia;Capotamento;Com Vítimas Feridas;Plena Noite;Decrescente;Garoa/Chuvisco;Simples;Curva;Não;3;0;1;2;0;0;3;1;-23,03122833;-44,133811;SPRF-RJ;DEL03-RJ;UOP02-DEL03-RJ
625430;03/09/2024;terça-feira;05:20:00;ES;101;65,9;SAO MATEUS;Condutor desrespeitou a iluminação vermelha do semáforo;Atropelamento de Pedestre;Com Vítimas Feridas;Amanhecer;Decrescente;Nublado;Múltipla;Interseção de Vias;Sim;2;0;0;1;0;1;1;2;-18,70935945;-39,87762087;SPRF-ES;DEL04-ES;UOP02-DEL04-ES
625436;02/09/2024;segunda-feira;20:00:00;SC;101;394,9;MARACAJA;Ausência de reação do condutor;Atropelamento de Pedestre;Com Vítimas Feridas;Plena Noite;Decrescente;Céu Claro;Múltipla;Reta;Não;2;0;0;1;0;1;1;2;-28,81326275;-49,38911611;SPRF-SC;DEL02-SC;UOP02-DEL02-SC
625437;03/09/2024;terça-feira;06:11:00;SC;470;79,7;RODEIO;Acessar a via sem observar a presença dos outros veículos;Colisão traseira;Com Vítimas Feridas;Amanhecer;Decrescente;Nublado;Simples;"Reta;Declive";Não;3;0;1;0;2;0;1;2;-26,94921518;-49,31476235;SPRF-SC;DEL04-SC;UOP01-DEL04-SC
625439;03/09/2024;terça-feira;06:40:00;SC;101;158;PORTO BELO;Manobra de mudança de faixa;Colisão lateral mesmo sentido;Com Vítimas Feridas;Pleno dia;Crescente;Nublado;Dupla;Reta;Sim;2;0;1;0;1;0;1;2;-27,19096301;-48,61259017;SPRF-SC;DEL04-SC;UOP03-DEL04-SC
625442;03/09/2024;terça-feira;07:00:00;PR;373;175;PONTA GROSSA;Acessar a via sem observar a presença dos outros veículos;Colisão transversal;Com Vítimas Feridas;Pleno dia;Decrescente;Céu Claro;Dupla;Reta;Sim;2;0;1;0;1;0;1;2;-25,06728094;-50,21211882;SPRF-PR;DEL03-PR;UOP01-DEL03-PR
625443;30/07/2024;terça-feira;06:00:00;MG;50;73;UBERLANDIA;Ausência de reação do condutor;Colisão frontal;Com Vítimas Fatais;Amanhecer;Crescente;Céu Claro;Dupla;Reta;Sim;3;1;0;1;0;1;1;3;-18,85140204;-48,25345932;SPRF-MG;DEL15-MG;UOP01-DEL15-MG
625444;03/09/2024;terça-feira;07:40:00;RS;116;246;SAO LEOPOLDO;Condutor deixou de manter distância do veículo da frente;Colisão traseira;Com Vítimas Feridas;Pleno dia;Decrescente;Céu Claro;Dupla;"Em Obras;Ponte;Reta";Sim;2;0;1;0;1;0;1;2;-29,75798426;-51,15178895;SPRF-RS;DEL01-RS;UOP02-DEL01-RS
625445;03/09/2024;terça-feira;07:50:00;SC;101;210;PALHOCA;Manobra de mudança de faixa;Colisão traseira;Com Vítimas Feridas;Pleno dia;Decrescente;Céu Claro;Múltipla;Reta;Sim;3;0;2;0;1;0;2;2;-27,6167305;-48,6457265;SPRF-SC;DEL01-SC;UOP01-DEL01-SC
625446;03/09/2024;terça-feira;07:55:00;GO;60;387;RIO VERDE;Reação tardia ou ineficiente do condutor;Queda de ocupante de veículo;Com Vítimas Feridas;Pleno dia;Decrescente;Céu Claro;Dupla;Declive;Sim;1;0;1;0;0;0;1;1;-17,8098;-50,9267;SPRF-GO;DEL04-GO;UOP02-DEL04-GO
625447;03/09/2024;terça-feira;07:35:00;SE;101;89;NOSSA SENHORA DO SOCORRO;Pedestre andava na pista;Atropelamento de Pedestre;Com Vítimas Feridas;Pleno dia;Decrescente;Céu Claro;Dupla;Aclive;Sim;2;0;1;0;1;0;1;2;-10,88051024;-37,13355535;SPRF-SE;DEL01-SE;UOP01-DEL01-SE
625448;05/07/2024;sexta-feira;14:40:00;SP;381;36;ATIBAIA;Ausência de reação do condutor;Engavetamento;Com Vítimas Feridas;Pleno dia;Crescente;Céu Claro;Dupla;Reta;Sim;2;0;1;0;1;0;1;2;-23,09707232;-46,57180706;SPRF-SP;DEL03-SP;UOP01-DEL03-SP
625449;03/09/2024;terça-feira;07:05:00;RS;116;153,5;CAXIAS DO SUL;Manobra de mudança de faixa;Colisão lateral mesmo sentido;Com Vítimas Feridas;Pleno dia;Decrescente;Céu Claro;Simples;"Rotatória;Curva;Interseção de Vias";Sim;2;0;1;0;1;0;1;2;-29,18579758;-51,17713005;SPRF-RS;DEL05-RS;UOP01-DEL05-RS
625450;03/09/2024;terça-feira;06:40:00;RS;290;99;PORTO ALEGRE;Ausência de reação do condutor;Colisão com objeto;Com Vítimas Feridas;Amanhecer;Crescente;Nevoeiro/Neblina;Dupla;"Reta;Ponte";Não;1;0;1;0;0;0;1;1;-29,98930449;-51,23387443;SPRF-RS;DEL01-RS;UOP01-DEL01-RS
625451;03/09/2024;terça-feira;06:50:00;RS;392;13;RIO GRANDE;Demais falhas mecânicas ou elétricas;Queda de ocupante de veículo;Com Vítimas Feridas;Pleno dia;Decrescente;Céu Claro;Dupla;Curva;Não;2;0;1;0;1;0;1;1;-32,12632387;-52,14931396;SPRF-RS;DEL07-RS;UOP02-DEL07-RS
625452;18/08/2024;domingo;12:00:00;SC;101;209;SAO JOSE;Acessar a via sem observar a presença dos outros veículos;Colisão transversal;Com Vítimas Feridas;Pleno dia;Crescente;Céu Claro;Múltipla;Reta;Sim;2;0;1;0;0;1;1;2;-27,61000542;-48,63895057;SPRF-SC;DEL01-SC;UOP01-DEL01-SC
625453;03/09/2024;terça-feira;07:50:00;RN;101;100;PARNAMIRIM;Condutor deixou de manter distância do veículo da frente;Colisão traseira;Sem Vítimas;Pleno dia;Crescente;Céu Claro;Simples;Reta;Sim;2;0;0;0;1;1;0;2;-5,88106901;-35,22542396;SPRF-RN;DEL01-RN;UOP01-DEL01-RN
625454;03/09/2024;terça-feira;07:10:00;SP;116;226;GUARULHOS;Reação tardia ou ineficiente do condutor;Colisão traseira;Com Vítimas Feridas;Pleno dia;Crescente;Nublado;Múltipla;"Em Obras;Reta;Declive";Sim;2;0;1;0;1;0;1;2;-23,49102507;-46,54878195;SPRF-SP;DEL01-SP;UOP01-DEL01-SP
625457;03/09/2024;terça-feira;08:30:00;PR;277;74;SAO JOSE DOS PINHAIS;Trafegar com motocicleta (ou similar) entre as faixas;Colisão traseira;Com Vítimas Feridas;Pleno dia;Crescente;Céu Claro;Dupla;Reta;Sim;2;0;1;0;1;0;1;2;-25,495002;-49,164807;SPRF-PR;DEL01-PR;UOP07-DEL01-PR
625462;03/09/2024;terça-feira;07:30:00;SP;381;54;MAIRIPORA;Reação tardia ou ineficiente do condutor;Queda de ocupante de veículo;Com Vítimas Feridas;Pleno dia;Decrescente;Céu Claro;Dupla;Reta;Não;1;0;0;1;0;0;1;1;-23,2449074;-46,59562343;SPRF-SP;DEL03-SP;UOP01-DEL03-SP
625464;03/09/2024;terça-feira;08:00:00;PE;101;49;IGARASSU;Manobra de mudança de faixa;Colisão lateral mesmo sentido;Sem Vítimas;Pleno dia;Decrescente;Nublado;Simples;Reta;Sim;2;0;0;0;2;0;0;2;-7,9005152;-34,90180641;SPRF-PE;DEL01-PE;UOP02-DEL01-PE
625466;03/09/2024;terça-feira;09:00:00;RN;101;94;NATAL;Trafegar com motocicleta (ou similar) entre as faixas;Colisão lateral mesmo sentido;Sem Vítimas;Pleno dia;Decrescente;Céu Claro;Dupla;Reta;Não;3;0;0;0;3;0;0;3;-5,83176615;-35,21191342;SPRF-RN;DEL01-RN;UOP01-DEL01-RN
625467;03/09/2024;terça-feira;07:50:00;GO;364;195,7;JATAI;Animais na Pista;Tombamento;Com Vítimas Feridas;Pleno dia;Decrescente;Céu Claro;Dupla;Curva;Sim;2;0;2;0;0;0;2;1;-17,921089;-51,712803;SPRF-GO;DEL05-GO;UOP01-DEL05-GO
625469;06/08/2024;terça-feira;19:00:00;SC;282;18;PALHOCA;Afundamento ou ondulação no pavimento;Tombamento;Com Vítimas Feridas;Plena Noite;Crescente;Céu Claro;Simples;"Reta;Em Obras";Não;1;0;0;1;0;0;1;1;-27,672798;-48,694286;SPRF-SC;DEL01-SC;UOP02-DEL01-SC
625470;03/09/2024;terça-feira;09:20:00;SP;116;283,5;EMBU DAS ARTES;Reação tardia ou ineficiente do condutor;Saída de leito carroçável;Com Vítimas Feridas;Pleno dia;Decrescente;Nublado;Dupla;Reta;Sim;2;0;1;0;0;1;1;2;-23,69998;-46,867767;SPRF-SP;DEL04-SP;UOP01-DEL04-SP
625473;03/09/2024;terça-feira;09:00:00;ES;101;282,7;CARIACICA;Transitar na contramão;Colisão frontal;Com Vítimas Feridas;Pleno dia;Decrescente;Sol;Simples;Curva;Sim;3;0;0;1;2;0;1;2;-20,23053677;-40,36698282;SPRF-ES;DEL01-ES;UOP01-DEL01-ES