id;data_inversa;dia_semana;horario;uf;br;km;municipio;causa_acidente;tipo_acidente;classificacao_acidente;fase_dia;sentido_via;condicao_metereologica;tipo_pista;tracado_via;uso_solo;pessoas;mortos;feridos_leves;feridos_graves;ilesos;ignorados;feridos;veiculos;latitude;longitude;regional;delegacia;uop
625603;03/09/2024;terça-feira;22:00:00;MG;381;504;BETIM;Pedestre andava na pista;Atropelamento de Pedestre;Com Vítimas Feridas;Plena Noite;Crescente;Céu Claro;Dupla;"Reta;Declive";Não;2;0;0;1;1;0;1;2;-20,04164508;-44,26386697;SPRF-MG;DEL01-MG;UOP03-DEL01-MG
625604;03/09/2024;terça-feira;21:30:00;PA;230;121;MARABA;Acessar a via sem observar a presença dos outros veículos;Colisão transversal;Com Vítimas Feridas;Plena Noite;Decrescente;Céu Claro;Dupla;Reta;Sim;2;0;1;0;0;1;1;2;-5,35297407;-49,12143673;SPRF-PA;DEL03-PA;UOP01-DEL03-PA
625606;03/09/2024;terça-feira;22:18:00;PR;116;119;CURITIBA;Reação tardia ou ineficiente do condutor;Saída de leito carroçável;Com Vítimas Feridas;Plena Noite;Decrescente;Céu Claro;Múltipla;"Reta;Aclive";Sim;1;0;1;0;0;0;1;1;-25,579913;-49,312818;SPRF-PR;DEL01-PR;UOP03-DEL01-PR
625607;03/09/2024;terça-feira;21:20:00;RJ;116;96;SEROPEDICA;Reação tardia ou ineficiente do condutor;Saída de leito carroçável;Sem Vítimas;Plena Noite;Crescente;Céu Claro;Dupla;Reta;Não;2;0;0;0;1;1;0;2;-22,71363645;-43,70389223;SPRF-RJ;DEL04-RJ;UOP01-DEL04-RJ
625608;03/09/2024;terça-feira;22:30:00;PR;163;238;TOLEDO;Ausência de reação do condutor;Saída de leito carroçável;Com Vítimas Feridas;Plena Noite;Decrescente;Nublado;Dupla;Reta;Não;2;0;2;0;0;0;2;1;-24,717822;-53,711597;SPRF-PR;DEL04-PR;UOP01-DEL04-PR
625610;03/09/2024;terça-feira;23:04:00;PE;232;7,7;RECIFE;Acessar a via sem observar a presença dos outros veículos;Colisão transversal;Com Vítimas Feridas;Plena Noite;Decrescente;Nublado;Dupla;Reta;Sim;2;0;1;0;1;0;1;2;-8,07333497;-34,96184301;SPRF-PE;DEL01-PE;UOP01-DEL01-PE
625611;03/09/2024;terça-feira;22:18:00;PE;101;51;PAULISTA;Reação tardia ou ineficiente do condutor;Saída de leito carroçável;Com Vítimas Fatais;Plena Noite;Decrescente;Céu Claro;Dupla;Curva;Sim;1;1;0;0;0;0;0;1;-7,9169968;-34,89689272;SPRF-PE;DEL01-PE;UOP02-DEL01-PE
625612;03/09/2024;terça-feira;23:10:00;CE;116;26;AQUIRAZ;Ingestão de álcool pelo condutor;Colisão com objeto;Com Vítimas Feridas;Plena Noite;Decrescente;Céu Claro;Dupla;Reta;Sim;2;0;1;0;0;1;1;2;-3,9752959;-38,51436047;SPRF-CE;DEL01-CE;UOP02-DEL01-CE
625613;03/09/2024;terça-feira;20:05:00;RJ;40;62;PETROPOLIS;Transitar na contramão;Colisão frontal;Com Vítimas Feridas;Plena Noite;Decrescente;Céu Claro;Dupla;Curva;Sim;2;0;0;1;1;0;1;2;-22,40542358;-43,14664526;SPRF-RJ;DEL05-RJ;UOP02-DEL05-RJ
625614;03/09/2024;terça-feira;23:30:00;RN;101;138;ARES;Demais falhas na via;Queda de ocupante de veículo;Com Vítimas Feridas;Plena Noite;Crescente;Céu Claro;Dupla;Reta;Não;1;0;1;0;0;0;1;1;-6,1884521;-35,2132263;SPRF-RN;DEL01-RN;UOP01-DEL01-RN
625615;03/09/2024;terça-feira;23:45:00;PI;407;421,3;PICOS;Transitar na contramão;Atropelamento de Pedestre;Com Vítimas Feridas;Pleno dia;Crescente;Céu Claro;Simples;Reta;Sim;2;0;0;2;0;0;2;2;-7,08046946;-41,45903631;SPRF-PI;DEL04-PI;UOP01-DEL04-PI
625616;04/09/2024;quarta-feira;00:40:00;PR;277;342;GUARAPUAVA;Ausência de reação do condutor;Colisão com objeto;Com Vítimas Feridas;Plena Noite;Decrescente;Céu Claro;Dupla;Reta;Não;1;0;0;1;0;0;1;1;-25,34283339;-51,41173482;SPRF-PR;DEL08-PR;UOP01-DEL08-PR
625618;04/09/2024;quarta-feira;01:00:00;MG;40;469;SETE LAGOAS;Demais Fenômenos da natureza;Tombamento;Com Vítimas Feridas;Plena Noite;Decrescente;Nublado;Simples;Reta;Sim;1;0;1;0;0;0;1;1;-19,46099279;-44,30121988;SPRF-MG;DEL02-MG;UOP01-DEL02-MG
625620;04/09/2024;quarta-feira;01:30:00;MG;50;81;UBERLANDIA;Pedestre andava na pista;Atropelamento de Pedestre;Com Vítimas Feridas;Plena Noite;Crescente;Céu Claro;Simples;Curva;Não;2;0;2;0;0;0;2;2;-18,986906;-48,211853;SPRF-MG;DEL15-MG;UOP01-DEL15-MG
625623;04/09/2024;quarta-feira;01:20:00;PE;428;155,1;PETROLINA;Acessar a via sem observar a presença dos outros veículos;Colisão transversal;Com Vítimas Fatais;Plena Noite;Crescente;Céu Claro;Simples;"Interseção de Vias;Reta";Não;2;1;0;0;0;1;0;2;-9,11849547;-40,34003735;SPRF-PE;DEL06-PE;UOP01-DEL06-PE
625625;04/09/2024;quarta-feira;03:30:00;CE;116;32;ITAITINGA;Objeto estático sobre o leito carroçável;Colisão com objeto;Sem Vítimas;Plena Noite;Decrescente;Céu Claro;Dupla;Reta;Não;1;0;0;0;1;0;0;1;-4,0174105;-38,51838827;SPRF-CE;DEL01-CE;UOP02-DEL01-CE
625626;04/09/2024;quarta-feira;03:00:00;RJ;101;386;RIO DE JANEIRO;Pedestre cruzava a pista fora da faixa;Atropelamento de Pedestre;Com Vítimas Fatais;Plena Noite;Decrescente;Céu Claro;Múltipla;Reta;Sim;2;1;0;0;0;1;0;2;-22,88295192;-43,64094302;SPRF-RJ;DEL03-RJ;UOP01-DEL03-RJ
625629;04/09/2024;quarta-feira;05:37:00;GO;40;6;VALPARAISO DE GOIAS;Transitar no Acostamento;Atropelamento de Pedestre;Com Vítimas Feridas;Amanhecer;Crescente;Céu Claro;Simples;Reta;Sim;2;0;1;0;1;0;1;2;-16,100814;-47,977351;SPRF-DF;DEL01-DF;UOP01-DEL01-DF
625632;04/09/2024;quarta-feira;06:40:00;BA;110;403;SAO SEBASTIAO DO PASSE;Condutor deixou de manter distância do veículo da frente;Colisão traseira;Com Vítimas Feridas;Pleno dia;Crescente;Sol;Simples;"Viaduto;Reta";Não;3;0;2;0;1;0;2;2;-12,50766107;-38,49626949;SPRF-BA;DEL01-BA;UOP01-DEL01-BA
625633;04/09/2024;quarta-feira;06:55:00;GO;40;6,1;VALPARAISO DE GOIAS;Reação tardia ou ineficiente do condutor;Colisão traseira;Com Vítimas Feridas;Pleno dia;Decrescente;Céu Claro;Dupla;Reta;Sim;6;0;1;0;5;0;1;5;-16,100814;-47,977351;SPRF-DF;DEL01-DF;UOP01-DEL01-DF
625634;04/09/2024;quarta-feira;04:00:00;GO;20;117;FLORES DE GOIAS;Animais na Pista;Atropelamento de Animal;Com Vítimas Feridas;Amanhecer;Crescente;Céu Claro;Simples;Reta;Não;4;0;2;2;0;0;4;1;-14,880402;-46,853172;SPRF-DF;DEL02-DF;UOP03-DEL02-DF
625635;04/09/2024;quarta-feira;04:30:00;MT;158;787;BARRA DO GARCAS;Pedestre andava na pista;Atropelamento de Pedestre;Com Vítimas Feridas;Amanhecer;Crescente;Céu Claro;Simples;Reta;Não;3;0;0;1;2;0;1;2;-15,80141502;-52,29538598;SPRF-MT;DEL07-MT;UOP01-DEL07-MT
625636;04/09/2024;quarta-feira;00:30:00;BA;101;761;ITABELA;Demais falhas mecânicas ou elétricas;Incêndio;Sem Vítimas;Plena Noite;Crescente;Céu Claro;Simples;"Reta;Declive";Não;1;0;0;0;0;1;0;1;-16,84434381;-39,48587348;SPRF-BA;DEL09-BA;UOP01-DEL09-BA
625637;04/09/2024;quarta-feira;06:41:00;PE;232;90;SAIRE;Condutor Dormindo;Saída de leito carroçável;Com Vítimas Feridas;Amanhecer;Crescente;Céu Claro;Dupla;Curva;Não;1;0;1;0;0;0;1;1;-8,2172915;-35,65572305;SPRF-PE;DEL02-PE;UOP02-DEL02PE
625638;04/09/2024;quarta-feira;06:30:00;PB;104;131,5;QUEIMADAS;Animais na Pista;Atropelamento de Animal;Com Vítimas Feridas;Pleno dia;Decrescente;Céu Claro;Simples;Reta;Não;1;0;0;1;0;0;1;1;-7,29900408;-35,89187256;SPRF-PB;DEL02-PB;UOP03-DEL02-PB
625639;04/09/2024;quarta-feira;07:10:00;RS;386;352,6;ESTRELA;Animais na Pista;Atropelamento de Animal;Com Vítimas Feridas;Pleno dia;Crescente;Nublado;Dupla;Reta;Não;1;0;1;0;0;0;1;1;-29,491436;-51,95174;SPRF-RS;DEL04-RS;UOP01-DEL04-RS
625641;04/09/2024;quarta-feira;07:20:00;SC;470;53;BLUMENAU;Acesso irregular;Colisão transversal;Com Vítimas Feridas;Pleno dia;Crescente;Céu Claro;Simples;"Curva;Interseção de Vias";Sim;2;0;1;0;1;0;1;2;-26,862286;-49,093903;SPRF-SC;DEL04-SC;UOP01-DEL04-SC
625643;04/09/2024;quarta-feira;07:50:00;PR;277;80;CURITIBA;Ausência de reação do condutor;Colisão traseira;Com Vítimas Feridas;Pleno dia;Crescente;Céu Claro;Dupla;Reta;Não;2;0;0;1;1;0;1;2;-25,568939;-49,181978;SPRF-PR;DEL01-PR;UOP07-DEL01-PR
625644;04/09/2024;quarta-feira;07:30:00;PB;101;89;JOAO PESSOA;Acessar a via sem observar a presença dos outros veículos;Tombamento;Com Vítimas Feridas;Amanhecer;Crescente;Sol;Dupla;"Interseção de Vias;Em Obras";Não;2;0;1;1;0;0;2;1;-7,18087696;-34,90073919;SPRF-PB;DEL01-PB;UOP02-DEL01-PB
625645;04/09/2024;quarta-feira;07:35:00;AL;104;88;RIO LARGO;Reação tardia ou ineficiente do condutor;Atropelamento de Pedestre;Com Vítimas Feridas;Pleno dia;Crescente;Céu Claro;Dupla;Reta;Sim;2;0;0;1;0;1;1;2;-9,48375193;-35,81815581;SPRF-AL;DEL01-AL;UOP01-DEL01-AL
625646;04/09/2024;quarta-feira;07:00:00;MG;40;532;CONTAGEM;Reação tardia ou ineficiente do condutor;Queda de ocupante de veículo;Com Vítimas Feridas;Pleno dia;Crescente;Céu Claro;Dupla;"Reta;Declive";Sim;1;0;1;0;0;0;1;1;-19,92372561;-44,01700789;SPRF-MG;DEL01-MG;UOP02-DEL01-MG
625647;04/09/2024;quarta-feira;08:00:00;SC;282;2,2;FLORIANOPOLIS;Ausência de reação do condutor;Tombamento;Sem Vítimas;Pleno dia;Decrescente;Céu Claro;Múltipla;Reta;Sim;1;0;0;0;0;1;0;1;-27,603289;-48,590416;SPRF-SC;DEL01-SC;UOP01-DEL01-SC
625648;04/09/2024;quarta-feira;08:30:00;DF;40;8;BRASILIA;Manobra de mudança de faixa;Colisão traseira;Com Vítimas Feridas;Pleno dia;Crescente;Céu Claro;Dupla;Reta;Sim;2;0;0;1;1;0;1;2;-16,038666;-47,979691;SPRF-DF;DEL01-DF;UOP01-DEL01-DF
625649;04/09/2024;quarta-feira;07:15:00;RO;174;16;VILHENA;Acumulo de água sobre o pavimento;Queda de ocupante de veículo;Com Vítimas Feridas;Amanhecer;Decrescente;Céu Claro;Simples;Reta;Sim;1;0;1;0;0;0;1;1;-12,71452302;-60,1262149;SPRF-RO;DEL04-RO;UOP01-DEL04-RO
625650;04/09/2024;quarta-feira;07:45:00;PR;376;212,5;MANDAGUARI;Ausência de reação do condutor;Saída de leito carroçável;Com Vítimas Feridas;Pleno dia;Decrescente;Céu Claro;Dupla;"Curva;Declive";Não;1;0;1;0;0;0;1;1;-23,57210607;-51,65384839;SPRF-PR;DEL09-PR;UOP01-DEL09-PR
625652;04/09/2024;quarta-feira;08:40:00;MG;262;35,3;MANHUACU;Acessar a via sem observar a presença dos outros veículos;Colisão lateral mesmo sentido;Com Vítimas Feridas;Pleno dia;Crescente;Nublado;Simples;"Interseção de Vias;Curva";Sim;2;0;1;0;1;0;1;2;-20,2592562;-42,01698194;SPRF-MG;DEL06-MG;UOP03-DEL06-MG
625653;04/09/2024;quarta-feira;07:35:00;MG;116;578;MANHUACU;Velocidade Incompatível;Tombamento;Com Vítimas Feridas;Pleno dia;Decrescente;Céu Claro;Simples;"Curva;Declive";Não;1;0;1;0;0;0;1;1;-20,16991998;-42,18875093;SPRF-MG;DEL06-MG;UOP03-DEL06-MG
625654;04/09/2024;quarta-feira;09:04:00;ES;259;8,3;JOAO NEIVA;Reação tardia ou ineficiente do condutor;Saída de leito carroçável;Sem Vítimas;Pleno dia;Decrescente;Céu Claro;Simples;"Curva;Declive";Não;1;0;0;0;0;1;0;1;-19,6796185;-40,3961093;SPRF-ES;DEL02-ES;UOP01-DEL02-ES
625655;04/09/2024;quarta-feira;08:15:00;RS;392;24,4;RIO GRANDE;Manobra de mudança de faixa;Saída de leito carroçável;Com Vítimas Feridas;Pleno dia;Decrescente;Garoa/Chuvisco;Dupla;Curva;Não;1;0;1;0;0;0;1;1;-32,0858159;-52,23789595;SPRF-RS;DEL07-RS;UOP02-DEL07-RS
625656;04/09/2024;quarta-feira;08:00:00;PI;316;5,5;TERESINA;Condutor desrespeitou a iluminação vermelha do semáforo;Colisão transversal;Com Vítimas Feridas;Pleno dia;Crescente;Céu Claro;Simples;Interseção de Vias;Sim;2;0;1;0;1;0;1;2;-5,14702095;-42,77438982;SPRF-PI;DEL01-PI;UOP02-DEL01-PI
625659;04/09/2024;quarta-feira;08:00:00;MT;163;833;SINOP;Condutor deixou de manter distância do veículo da frente;Colisão traseira;Com Vítimas Feridas;Pleno dia;Decrescente;Céu Claro;Dupla;Retorno Regulamentado;Sim;2;0;1;0;1;0;1;2;-11,87186323;-55,49806733;SPRF-MT;DEL06-MT;UOP02-DEL06-MT
625661;04/09/2024;quarta-feira;09:05:00;SC;101;294;IMBITUBA;Conversão proibida;Colisão transversal;Com Vítimas Feridas;Pleno dia;Crescente;Céu Claro;Simples;Reta;Não;3;0;2;0;1;0;2;2;-28,29220304;-48,71018095;SPRF-SC;DEL02-SC;UOP03-DEL02-SC
625662;04/09/2024;quarta-feira;05:30:00;SC;470;135,8;RIO DO SUL;Ultrapassagem Indevida;Colisão frontal;Com Vítimas Feridas;Amanhecer;Decrescente;Céu Claro;Simples;Reta;Não;2;0;0;1;0;1;1;2;-27,18862806;-49,61330295;SPRF-SC;DEL04-SC;UOP02-DEL04-SC
625663;04/09/2024;quarta-feira;09:00:00;PI;316;1,8;TERESINA;Manobra de mudança de faixa;Tombamento;Com Vítimas Feridas;Pleno dia;Crescente;Sol;Múltipla;Reta;Sim;2;0;1;0;0;1;1;2;-5,12861853;-42,80706778;SPRF-PI;DEL01-PI;UOP02-DEL01-PI
625668;04/09/2024;quarta-feira;09:15:00;PE;101;41;IGARASSU;Transitar no Acostamento;Colisão lateral mesmo sentido;Com Vítimas Feridas;Pleno dia;Decrescente;Sol;Simples;Reta;Sim;2;0;1;0;1;0;1;2;-7,829742;-34,914278;SPRF-PE;DEL01-PE;UOP02-DEL01-PE
625670;04/09/2024;quarta-feira;07:10:00;SP;381;38;ATIBAIA;Ausência de reação do condutor;Colisão traseira;Com Vítimas Feridas;Pleno dia;Crescente;Céu Claro;Simples;Reta;Sim;2;0;1;0;1;0;1;2;-23,1152989;-46,57270789;SPRF-SP;DEL03-SP;UOP01-DEL03-SP
625671;04/09/2024;quarta-feira;10:50:00;SC;101;206,8;SAO JOSE;Reação tardia ou ineficiente do condutor;Colisão traseira;Sem Vítimas;Pleno dia;Crescente;Céu Claro;Múltipla;"Reta;Aclive";Sim;2;0;0;0;1;1;0;2;-27,59193546;-48,61824557;SPRF-SC;DEL01-SC;UOP01-DEL01-SC
625672;04/09/2024;quarta-feira;09:30:00;PR;277;386;CANDOI;Reação tardia ou ineficiente do condutor;Saída de leito carroçável;Com Vítimas Feridas;Pleno dia;Decrescente;Céu Claro;Simples;Reta;Não;1;0;1;0;0;0;1;1;-25,4251913;-51,79264882;SPRF-PR;DEL08-PR;UOP01-DEL08-PR
625676;04/09/2024;quarta-feira;10:40:00;SC;101;209,6;SAO JOSE;Reação tardia ou ineficiente do condutor;Colisão traseira;Com Vítimas Feridas;Pleno dia;Decrescente;Céu Claro;Múltipla;Reta;Sim;2;0;1;0;1;0;1;2;-27,61000542;-48,63895057;SPRF-SC;DEL01-SC;UOP01-DEL01-SC
625677;12/08/2024;segunda-feira;10:52:00;ES;101;199,8;JOAO NEIVA;Reação tardia ou ineficiente do condutor;Saída de leito carroçável;Com Vítimas Feridas;Pleno dia;Decrescente;Nublado;Simples;Reta;Não;1;0;0;1;0;0;1;1;-19,72573895;-40,35645808;SPRF-ES;DEL04-ES;UOP01-DEL04-ES
625679;04/09/2024;quarta-feira;10:50:00;CE;116;68;CHOROZINHO;Acessar a via sem observar a presença dos outros veículos;Colisão transversal;Com Vítimas Feridas;Pleno dia;Crescente;Céu Claro;Simples;Interseção de Vias;Não;2;0;1;0;1;0;1;2;-4,3140702;-38,49723925;SPRF-CE;DEL03-CE;UOP02-DEL03-CE
625680;04/09/2024;quarta-feira;11:05:00;RJ;356;148,7;CAMPOS DOS GOYTACAZES;Acessar a via sem observar a presença dos outros veículos;Colisão transversal;Com Vítimas Feridas;Pleno dia;Crescente;Céu Claro;Simples;"Reta;Interseção de Vias";Sim;2;0;1;0;1;0;1;2;-21,772998;-41,281577;SPRF-RJ;DEL08-RJ;UOP02-DEL08-RJ
625681;04/09/2024;quarta-feira;10:25:00;PI;343;314,4;ALTOS;Acessar a via sem observar a presença dos outros veículos;Colisão traseira;Com Vítimas Feridas;Pleno dia;Decrescente;Céu Claro;Simples;Reta;Não;2;0;0;1;0;1;1;2;-5,047346;-42,518414;SPRF-PI;DEL01-PI;UOP01-DEL01-PI
625682;18/08/2024;domingo;19:00:00;PI;343;2,4;TERESINA;Ausência de reação do condutor;Colisão traseira;Com Vítimas Feridas;Plena Noite;Crescente;Céu Claro;Múltipla;Reta;Sim;3;0;1;0;2;0;1;3;-5,081515;-42,770865;SPRF-PI;DEL01-PI;UOP01-DEL01-PI
625685;04/09/2024;quarta-feira;07:15:00;SC;280;2,4;SAO FRANCISCO DO SUL;Acessar a via sem observar a presença dos outros veículos;Colisão transversal;Com Vítimas Feridas;Pleno dia;Decrescente;Nublado;Simples;Reta;Não;2;0;2;0;0;0;2;2;-26,23700996;-48,61979093;SPRF-SC;DEL03-SC;UOP03-DEL03-SC
625687;04/09/2024;quarta-feira;10:55:00;BA;101;716;ITABELA;Condutor deixou de manter distância do veículo da frente;Eventos atípicos;Com Vítimas Feridas;Pleno dia;Crescente;Céu Claro;Múltipla;Retorno Regulamentado;Sim;1;0;1;0;0;0;1;1;-16,53177499;-39,56684478;SPRF-BA;DEL09-BA;UOP01-DEL09-BA
625688;29/08/2024;quinta-feira;17:55:00;RS;116;230,5;DOIS IRMAOS;Acesso irregular;Colisão transversal;Com Vítimas Feridas;Plena Noite;Decrescente;Céu Claro;Simples;"Curva;Aclive";Não;2;0;1;0;1;0;1;2;-29,62222179;-51,13039371;SPRF-RS;DEL01-RS;UOP02-DEL01-RS
625689;04/09/2024;quarta-feira;13:00:00;SP;381;60;MAIRIPORA;Ausência de reação do condutor;Tombamento;Com Vítimas Feridas;Pleno dia;Decrescente;Céu Claro;Simples;"Curva;Aclive";Sim;1;0;1;0;0;0;1;1;-23,28957673;-46,58729853;SPRF-SP;DEL03-SP;UOP01-DEL03-SP
625690;04/09/2024;quarta-feira;08:30:00;MG;116;624,6;ORIZANIA;Ausência de reação do condutor;Saída de leito carroçável;Com Vítimas Feridas;Pleno dia;Decrescente;Céu Claro;Simples;Reta;Não;2;0;0;1;1;0;1;1;-20,53111007;-42,20163271;SPRF-MG;DEL07-MG;UOP02-DEL07-MG
625693;19/05/2024;domingo;15:00:00;RJ;101;408;ITAGUAI;Ultrapassagem Indevida;Colisão traseira;Com Vítimas Feridas;Pleno dia;Decrescente;Céu Claro;Dupla;Reta;Sim;2;0;0;1;1;0;1;2;-22,88087914;-43,82441392;SPRF-RJ;DEL03-RJ;UOP01-DEL03-RJ
625694;16/05/2024;quinta-feira;07:00:00;SP;116;276;EMBU DAS ARTES;Trafegar com motocicleta (ou similar) entre as faixas;Queda de ocupante de veículo;Com Vítimas Feridas;Pleno dia;Decrescente;Nublado;Dupla;Reta;Sim;1;0;1;0;0;0;1;1;-23,64262417;-46,83811382;SPRF-SP;DEL04-SP;UOP01-DEL04-SP
625695;04/09/2024;quarta-feira;12:50:00;MA;316;549,1;CAXIAS;Transitar na contramão;Colisão transversal;Com Vítimas Feridas;Pleno dia;Crescente;Céu Claro;Simples;Reta;Não;5;0;2;2;1;0;4;2;-4,887895;-43,371475;SPRF-MA;DEL03-MA;UOP02-DEL03-MA
625697;25/08/2024;domingo;09:05:00;AM;174;907;MANAUS;Reação tardia ou ineficiente do condutor;Colisão transversal;Com Vítimas Feridas;Pleno dia;Crescente;Céu Claro;Simples;"Reta;Declive";Não;3;0;0;2;1;0;2;2;-2,770533;-60,036465;SPRF-AM;DEL01-AM;UOP01-DEL01-AM
625700;04/09/2024;quarta-feira;12:09:00;PR;277;673;MEDIANEIRA;Manobra de mudança de faixa;Colisão traseira;Com Vítimas Feridas;Pleno dia;Crescente;Céu Claro;Dupla;Reta;Sim;2;0;2;0;0;0;2;2;-25,29056476;-54,10646111;SPRF-PR;DEL05-PR;UOP01-DEL05-PR
625701;04/09/2024;quarta-feira;14:40:00;PR;277;71;SAO JOSE DOS PINHAIS;Reação tardia ou ineficiente do condutor;Tombamento;Com Vítimas Feridas;Pleno dia;Crescente;Céu Claro;Dupla;Reta;Não;1;0;1;0;0;0;1;1;-25,52920381;-49,08862791;SPRF-PR;DEL01-PR;UOP07-DEL01-PR
625702;04/09/2024;quarta-feira;14:25:00;RJ;101;334;RIO DE JANEIRO;Condutor deixou de manter distância do veículo da frente;Colisão traseira;Com Vítimas Feridas;Pleno dia;Decrescente;Céu Claro;Dupla;"Reta;Viaduto";Sim;2;0;1;0;1;0;1;2;-22,88517902;-43,21704364;SPRF-RJ;DEL02-RJ;UOP01-DEL02-RJ
625704;04/09/2024;quarta-feira;11:20:00;PI;316;13;TERESINA;Acessar a via sem observar a presença dos outros veículos;Colisão transversal;Sem Vítimas;Pleno dia;Decrescente;Céu Claro;Dupla;"Reta;Retorno Regulamentado";Não;5;0;0;0;5;0;0;2;-5,2096314;-42,75526995;SPRF-PI;DEL01-PI;UOP02-DEL01-PI
625705;04/09/2024;quarta-feira;13:30:00;RJ;40;93;PETROPOLIS;Ausência de reação do condutor;Capotamento;Com Vítimas Feridas;Pleno dia;Decrescente;Céu Claro;Simples;"Curva;Aclive";Não;1;0;1;0;0;0;1;1;-22,5554282;-43,25829998;SPRF-RJ;DEL01-RJ;UOP01-DEL01-RJ
625707;04/09/2024;quarta-feira;12:35:00;PR;280;279,3;FLOR DA SERRA DO SUL;Condutor usando celular;Colisão com objeto;Sem Vítimas;Pleno dia;Crescente;Nublado;Simples;Curva;Não;6;0;0;0;5;1;0;2;-26,24777443;-53,22052002;SPRF-PR;DEL02-PR;UOP01-DEL02-PR
625708;04/09/2024;quarta-feira;14:15:00;SC;116;279,2;CAPAO ALTO;Ingestão de álcool pelo condutor;Colisão traseira;Sem Vítimas;Pleno dia;Decrescente;Céu Claro;Simples;Reta;Não;4;0;0;0;4;0;0;2;-28,03200461;-50,56288004;SPRF-SC;DEL05-SC;UOP02-DEL05-SC
625709;04/09/2024;quarta-feira;15:00:00;RN;101;85;NATAL;Acumulo de areia ou detritos sobre o pavimento;Tombamento;Com Vítimas Feridas;Pleno dia;Decrescente;Céu Claro;Dupla;"Desvio Temporário;Em Obras;Reta";Sim;1;0;1;0;0;0;1;1;-5,77974228;-35,24835706;SPRF-RN;DEL02-RN;UOP01-DEL02-RN
625710;04/09/2024;quarta-feira;13:05:00;MT;70;434,9;VARZEA GRANDE;Acessar a via sem observar a presença dos outros veículos;Colisão transversal;Com Vítimas Feridas;Pleno dia;Crescente;Sol;Simples;Rotatória;Sim;2;0;1;0;1;0;1;2;-15,64927651;-56,19555652;SPRF-MT;DEL05-MT;UOP02-DEL05-MT
625711;04/09/2024;quarta-feira;10:45:00;MT;163;691;SORRISO;Demais Fenômenos da natureza;Eventos atípicos;Sem Vítimas;Pleno dia;Decrescente;Céu Claro;Simples;Reta;Não;1;0;0;0;0;1;0;1;-13,05065412;-55,90808272;SPRF-MT;DEL06-MT;UOP01-DEL06-MT
625713;04/09/2024;quarta-feira;09:35:00;SC;282;530,3;CORDILHEIRA ALTA;Ausência de reação do condutor;Saída de leito carroçável;Com Vítimas Feridas;Pleno dia;Decrescente;Céu Claro;Simples;Aclive;Sim;1;0;1;0;0;0;1;1;-26,990747;-52,609776;SPRF-SC;DEL07-SC;UOP01-DEL07-SC
625714;11/08/2024;domingo;09:30:00;MG;262;360;BETIM;Manobra de mudança de faixa;Colisão lateral mesmo sentido;Com Vítimas Feridas;Pleno dia;Decrescente;Sol;Dupla;Curva;Não;3;0;1;1;1;0;2;2;-19,97534531;-44,26036477;SPRF-MG;DEL01-MG;UOP03-DEL01-MG
625716;04/09/2024;quarta-feira;15:10:00;PE;101;43;IGARASSU;Acesso irregular;Colisão transversal;Com Vítimas Feridas;Pleno dia;Decrescente;Céu Claro;Múltipla;Reta;Sim;2;0;1;0;1;0;1;2;-7,84753808;-34,90977038;SPRF-PE;DEL01-PE;UOP02-DEL01-PE
625718;28/08/2024;quarta-feira;19:10:00;PR;158;528,9;PATO BRANCO;Acessar a via sem observar a presença dos outros veículos;Colisão transversal;Com Vítimas Feridas;Pleno dia;Crescente;Céu Claro;Simples;"Reta;Interseção de Vias";Não;3;0;1;0;2;0;1;2;-26,17852896;-52,66276667;SPRF-PR;DEL02-PR;UOP01-DEL02-PR
625719;04/09/2024;quarta-feira;15:00:00;MG;251;507;FRANCISCO SA;Transitar na contramão;Colisão frontal;Com Vítimas Feridas;Pleno dia;Crescente;Sol;Simples;Curva;Não;3;0;1;0;2;0;1;3;-16,61695707;-43,67246999;SPRF-MG;DEL12-MG;UOP01-DEL12-MG
625721;04/09/2024;quarta-feira;13:30:00;MG;381;763;CAMPANHA;Velocidade Incompatível;Colisão traseira;Com Vítimas Feridas;Pleno dia;Decrescente;Céu Claro;Dupla;"Em Obras;Reta";Não;2;0;1;0;0;1;1;2;-21,74873501;-45,38842699;SPRF-MG;DEL16-MG;UOP02-DEL16-MG
625723;04/09/2024;quarta-feira;16:20:00;PR;369;158;LONDRINA;Reação tardia ou ineficiente do condutor;Saída de leito carroçável;Com Vítimas Feridas;Pleno dia;Decrescente;Céu Claro;Dupla;Reta;Sim;1;0;1;0;0;0;1;1;-23,2853329;-51,2385841;SPRF-PR;DEL07-PR;UOP01-DEL07-PR
625725;04/09/2024;quarta-feira;16:40:00;RJ;101;318;SAO GONCALO;Ausência de reação do condutor;Engavetamento;Com Vítimas Feridas;Pleno dia;Decrescente;Céu Claro;Dupla;Reta;Não;4;0;1;0;3;0;1;3;-22,84562994;-43,09841211;SPRF-RJ;DEL02-RJ;UOP02-DEL02-RJ
625726;04/09/2024;quarta-feira;17:10:00;SP;116;53,2;LORENA;Demais falhas mecânicas ou elétricas;Tombamento;Com Vítimas Feridas;Pleno dia;Decrescente;Céu Claro;Dupla;"Aclive;Reta;Interseção de Vias";Não;2;0;1;0;1;0;1;1;-22,75255433;-45,10741076;SPRF-SP;DEL08-SP;UOP02-DEL08-SP