id;data_inversa;dia_semana;horario;uf;br;km;municipio;causa_acidente;tipo_acidente;classificacao_acidente;fase_dia;sentido_via;condicao_metereologica;tipo_pista;tracado_via;uso_solo;pessoas;mortos;feridos_leves;feridos_graves;ilesos;ignorados;feridos;veiculos;latitude;longitude;regional;delegacia;uop
625727;04/09/2024;quarta-feira;17:00:00;RS;116;246,7;SAO LEOPOLDO;Manobra de mudança de faixa;Colisão lateral mesmo sentido;Com Vítimas Feridas;Pleno dia;Decrescente;Chuva;Dupla;"Reta;Em Obras";Sim;2;0;1;0;1;0;1;2;-29,758751;-51,15186806;SPRF-RS;DEL01-RS;UOP02-DEL01-RS
625728;04/09/2024;quarta-feira;17:40:00;RN;304;297,8;MACAIBA;Condutor deixou de manter distância do veículo da frente;Colisão traseira;Com Vítimas Feridas;Anoitecer;Decrescente;Vento;Dupla;"Reta;Declive";Não;3;0;1;0;2;0;1;3;-5,8682343;-35,3321791;SPRF-RN;DEL01-RN;UOP02-DEL01-RN
625733;04/09/2024;quarta-feira;17:45:00;PB;230;15;CABEDELO;Trafegar com motocicleta (ou similar) entre as faixas;Colisão traseira;Com Vítimas Feridas;Anoitecer;Crescente;Céu Claro;Dupla;Reta;Sim;2;0;1;0;1;0;1;2;-7,093;-34,8482;SPRF-PB;DEL01-PB;UOP01-DEL01-PB
625734;04/09/2024;quarta-feira;17:40:00;MG;40;548;NOVA LIMA;Avarias e/ou desgaste excessivo no pneu;Tombamento;Com Vítimas Feridas;Anoitecer;Decrescente;Céu Claro;Dupla;"Reta;Declive";Sim;2;0;1;0;0;1;1;1;-20,03136499;-43,96967792;SPRF-MG;DEL01-MG;UOP02-DEL01-MG
625736;04/09/2024;quarta-feira;15:40:00;PB;405;10,2;UIRAUNA;Conversão proibida;Colisão transversal;Com Vítimas Feridas;Pleno dia;Decrescente;Céu Claro;Simples;Reta;Sim;2;0;0;1;0;1;1;2;-6,530987;-38,414745;SPRF-PB;DEL03-PB;UOP03-DEL03-PB
625737;04/09/2024;quarta-feira;17:40:00;PA;230;123;MARABA;Reação tardia ou ineficiente do condutor;Colisão transversal;Com Vítimas Feridas;Anoitecer;Decrescente;Céu Claro;Dupla;Reta;Sim;2;0;1;0;1;0;1;2;-5,36838526;-49,12886078;SPRF-PA;DEL03-PA;UOP01-DEL03-PA
625738;04/09/2024;quarta-feira;17:15:00;RO;364;209;PIMENTA BUENO;Afundamento ou ondulação no pavimento;Tombamento;Com Vítimas Feridas;Pleno dia;Crescente;Céu Claro;Simples;"Reta;Em Obras";Não;1;0;1;0;0;0;1;1;-11,59383384;-61,24554291;SPRF-RO;DEL02-RO;UOP02-DEL02-RO
625739;04/09/2024;quarta-feira;11:00:00;PE;232;255;ARCOVERDE;Acessar a via sem observar a presença dos outros veículos;Colisão transversal;Com Vítimas Feridas;Pleno dia;Decrescente;Céu Claro;Simples;"Reta;Retorno Regulamentado";Sim;2;0;0;1;1;0;1;2;-8,4124021;-37,08493608;SPRF-PE;DEL04-PE;UOP02-DEL04-PE
625740;04/09/2024;quarta-feira;17:00:00;ES;101;402;ITAPEMIRIM;Demais falhas mecânicas ou elétricas;Queda de ocupante de veículo;Com Vítimas Feridas;Anoitecer;Crescente;Nublado;Simples;Curva;Não;1;0;1;0;0;0;1;1;-20,88914562;-40,99003988;SPRF-ES;DEL03-ES;UOP02-DEL03-ES
625742;04/09/2024;quarta-feira;18:55:00;SC;101;212,6;PALHOCA;Manobra de mudança de faixa;Colisão lateral mesmo sentido;Com Vítimas Feridas;Plena Noite;Crescente;Céu Claro;Dupla;Reta;Sim;3;0;0;2;1;0;2;2;-27,62996929;-48,65903871;SPRF-SC;DEL01-SC;UOP02-DEL01-SC
625743;04/09/2024;quarta-feira;18:10:00;MT;364;436;VARZEA GRANDE;Acessar a via sem observar a presença dos outros veículos;Colisão transversal;Com Vítimas Feridas;Plena Noite;Crescente;Céu Claro;Simples;Reta;Sim;2;0;1;0;1;0;1;2;-15,638146;-56,12082;SPRF-MT;DEL01-MT;UOP02-DEL01-MT
625744;04/09/2024;quarta-feira;18:40:00;SC;101;134;BALNEARIO CAMBORIU;Trafegar com motocicleta (ou similar) entre as faixas;Colisão lateral mesmo sentido;Com Vítimas Feridas;Plena Noite;Decrescente;Nublado;Múltipla;Reta;Sim;2;0;1;0;1;0;1;2;-27,00218;-48,636433;SPRF-SC;DEL04-SC;UOP03-DEL04-SC
625746;04/09/2024;quarta-feira;18:30:00;RS;386;412,1;MONTENEGRO;Pedestre cruzava a pista fora da faixa;Atropelamento de Pedestre;Com Vítimas Feridas;Plena Noite;Crescente;Chuva;Simples;Reta;Sim;2;0;1;1;0;0;2;2;-29,807285;-51,499722;SPRF-RS;DEL04-RS;UOP02-DEL04-RS
625747;04/09/2024;quarta-feira;18:30:00;SC;282;0,6;FLORIANOPOLIS;Reação tardia ou ineficiente do condutor;Colisão traseira;Com Vítimas Feridas;Plena Noite;Decrescente;Céu Claro;Múltipla;Reta;Sim;3;0;1;0;2;0;1;2;-27,59845;-48,571995;SPRF-SC;DEL01-SC;UOP01-DEL01-SC
625748;04/09/2024;quarta-feira;18:45:00;MG;116;527,9;CARATINGA;Acessar a via sem observar a presença dos outros veículos;Colisão transversal;Com Vítimas Feridas;Plena Noite;Decrescente;Céu Claro;Simples;Reta;Sim;2;0;1;0;1;0;1;2;-19,79686953;-42,13778257;SPRF-MG;DEL06-MG;UOP02-DEL06-MG
625749;04/09/2024;quarta-feira;19:00:00;SC;101;214,8;PALHOCA;Acessar a via sem observar a presença dos outros veículos;Colisão lateral mesmo sentido;Com Vítimas Feridas;Plena Noite;Crescente;Céu Claro;Simples;"Interseção de Vias;Reta";Sim;3;0;1;0;2;0;1;3;-27,64443;-48,67057;SPRF-SC;DEL01-SC;UOP02-DEL01-SC
625751;04/09/2024;quarta-feira;17:40:00;SC;101;340,8;TUBARAO;Transitar na contramão;Colisão traseira;Com Vítimas Feridas;Anoitecer;Crescente;Céu Claro;Múltipla;Reta;Sim;3;0;0;1;2;0;1;2;-28,51940825;-49,05442178;SPRF-SC;DEL02-SC;UOP01-DEL02-SC
625752;04/09/2024;quarta-feira;19:50:00;SC;101;204,8;SAO JOSE;Ausência de reação do condutor;Colisão traseira;Com Vítimas Feridas;Plena Noite;Decrescente;Céu Claro;Múltipla;Reta;Sim;2;0;1;0;1;0;1;2;-27,57413014;-48,61363083;SPRF-SC;DEL01-SC;UOP01-DEL01-SC
625753;04/09/2024;quarta-feira;15:50:00;PB;230;291;SANTA LUZIA;Ausência de reação do condutor;Tombamento;Com Vítimas Feridas;Pleno dia;Crescente;Sol;Simples;Reta;Sim;2;0;1;0;0;1;1;2;-6,8691;-36,9142;SPRF-PB;DEL03-PB;UOP01-DEL03-PB
625754;04/09/2024;quarta-feira;18:40:00;SC;158;101,7;CUNHA PORA;Faixas de trânsito com largura insuficiente;Saída de leito carroçável;Com Vítimas Feridas;Plena Noite;Decrescente;Chuva;Simples;"Declive;Curva";Não;4;0;3;0;1;0;3;1;-26,83661705;-53,17563409;SPRF-SC;DEL07-SC;UOP02-DEL07-SC
625756;04/09/2024;quarta-feira;18:10:00;PR;116;119;CURITIBA;Reação tardia ou ineficiente do condutor;Engavetamento;Sem Vítimas;Plena Noite;Crescente;Céu Claro;Dupla;"Reta;Aclive";Sim;6;0;0;0;6;0;0;3;-25,576886;-49,312349;SPRF-PR;DEL01-PR;UOP03-DEL01-PR
625757;04/09/2024;quarta-feira;18:10:00;RS;470;218;BENTO GONCALVES;Acessar a via sem observar a presença dos outros veículos;Colisão transversal;Sem Vítimas;Anoitecer;Decrescente;Chuva;Dupla;"Retorno Regulamentado;Reta";Sim;2;0;0;0;2;0;0;2;-29,17292214;-51,52424936;SPRF-RS;DEL06-RS;UOP01-DEL06-RS
625758;04/09/2024;quarta-feira;17:20:00;RJ;393;298;BARRA MANSA;Conversão proibida;Colisão frontal;Com Vítimas Feridas;Anoitecer;Crescente;Céu Claro;Simples;"Reta;Aclive";Sim;3;0;2;0;1;0;2;2;-22,54313289;-44,11298586;SPRF-RJ;DEL07-RJ;UOP02-DEL07-RJ
625760;04/09/2024;quarta-feira;19:20:00;PR;376;294;MAUA DA SERRA;Acessar a via sem observar a presença dos outros veículos;Colisão traseira;Com Vítimas Feridas;Plena Noite;Decrescente;Céu Claro;Dupla;Reta;Não;3;0;2;0;1;0;2;2;-23,905195;-51,202847;SPRF-PR;DEL07-PR;UOP02-DEL07-PR
625761;04/09/2024;quarta-feira;16:30:00;RJ;116;281;BARRA MANSA;Acumulo de areia ou detritos sobre o pavimento;Tombamento;Com Vítimas Feridas;Pleno dia;Decrescente;Céu Claro;Dupla;"Retorno Regulamentado;Aclive";Não;1;0;1;0;0;0;1;1;-22,53244798;-44,19565304;SPRF-RJ;DEL07-RJ;UOP02-DEL07-RJ
625762;04/09/2024;quarta-feira;19:00:00;PE;428;188,9;PETROLINA;Reação tardia ou ineficiente do condutor;Colisão transversal;Com Vítimas Fatais;Plena Noite;Crescente;Céu Claro;Dupla;Reta;Sim;2;1;0;0;1;0;0;2;-9,37703;-40,49767;SPRF-PE;DEL06-PE;UOP01-DEL06-PE
625763;04/09/2024;quarta-feira;19:20:00;GO;364;194;JATAI;Animais na Pista;Atropelamento de Animal;Com Vítimas Fatais;Plena Noite;Crescente;Céu Claro;Dupla;"Reta;Declive";Não;2;1;1;0;0;0;1;1;-17,922171;-51,704082;SPRF-GO;DEL05-GO;UOP01-DEL05-GO
625764;04/09/2024;quarta-feira;16:30:00;RJ;465;5,9;SEROPEDICA;Frear bruscamente;Colisão traseira;Com Vítimas Feridas;Pleno dia;Decrescente;Nublado;Dupla;Reta;Sim;3;0;0;2;1;0;2;2;-22,747673;-43,699196;SPRF-RJ;DEL06-RJ;UOP02-DEL06-RJ
625765;04/09/2024;quarta-feira;18:00:00;BA;116;357;SERRINHA;Acessar a via sem observar a presença dos outros veículos;Colisão transversal;Com Vítimas Feridas;Plena Noite;Decrescente;Céu Claro;Simples;Interseção de Vias;Sim;2;0;1;0;1;0;1;2;-11,650703;-38,991596;SPRF-BA;DEL02-BA;UOP01-DEL02-BA
625766;04/09/2024;quarta-feira;18:40:00;PR;277;584,2;CASCAVEL;Acessar a via sem observar a presença dos outros veículos;Atropelamento de Pedestre;Com Vítimas Feridas;Anoitecer;Crescente;Céu Claro;Múltipla;Curva;Sim;2;0;0;1;1;0;1;2;-24,96684176;-53,40258186;SPRF-PR;DEL04-PR;UOP01-DEL04-PR
625767;19/08/2024;segunda-feira;01:40:00;BA;101;201;CACHOEIRA;Animais na Pista;Atropelamento de Animal;Com Vítimas Feridas;Plena Noite;Decrescente;Céu Claro;Simples;"Reta;Ponte";Não;1;0;1;0;0;0;1;1;-12,59211136;-38,98746556;SPRF-BA;DEL01-BA;UOP03-DEL01-BA
625768;04/09/2024;quarta-feira;19:40:00;SC;101;117;ITAJAI;Acessar a via sem observar a presença dos outros veículos;Queda de ocupante de veículo;Com Vítimas Feridas;Plena Noite;Crescente;Nublado;Dupla;"Interseção de Vias;Viaduto";Sim;2;0;1;0;1;0;1;2;-26,89024865;-48,72086763;SPRF-SC;DEL04-SC;UOP04-DEL04-SC
625770;04/09/2024;quarta-feira;20:00:00;PE;423;90;GARANHUNS;Transitar na contramão;Colisão frontal;Com Vítimas Feridas;Plena Noite;Crescente;Céu Claro;Simples;Reta;Não;2;0;0;1;1;0;1;2;-8,84566879;-36,4596095;SPRF-PE;DEL03-PE;UOP01-DEL03-PE
625771;04/09/2024;quarta-feira;20:25:00;DF;70;17;BRASILIA;Ausência de reação do condutor;Colisão traseira;Com Vítimas Feridas;Plena Noite;Decrescente;Céu Claro;Dupla;Reta;Sim;2;0;1;0;1;0;1;2;-15,79239504;-48,20757514;SPRF-DF;DEL03-DF;UOP02-DEL03-DF
625772;04/09/2024;quarta-feira;18:55:00;AL;316;256;PILAR;Acessar a via sem observar a presença dos outros veículos;Colisão transversal;Com Vítimas Feridas;Plena Noite;Crescente;Céu Claro;Simples;Reta;Não;3;0;0;1;2;0;1;3;-9,59085179;-35,94104899;SPRF-AL;DEL02-AL;UOP01-DEL02-AL
625775;04/09/2024;quarta-feira;20:15:00;ES;101;356;ANCHIETA;Demais falhas mecânicas ou elétricas;Incêndio;Sem Vítimas;Pleno dia;Crescente;Céu Claro;Dupla;Reta;Não;1;0;0;0;1;0;0;1;-20,69339794;-40,68748402;SPRF-ES;DEL03-ES;UOP01-DEL03-ES
625776;04/09/2024;quarta-feira;19:25:00;PR;277;661;MATELANDIA;Chuva;Queda de ocupante de veículo;Com Vítimas Feridas;Plena Noite;Decrescente;Garoa/Chuvisco;Dupla;Aclive;Não;1;0;1;0;0;0;1;1;-25,25275526;-53,99939905;SPRF-PR;DEL05-PR;UOP02-DEL05-PR
625777;04/09/2024;quarta-feira;18:50:00;RO;364;340,6;JI-PARANA;Acessar a via sem observar a presença dos outros veículos;Colisão transversal;Com Vítimas Fatais;Anoitecer;Crescente;Céu Claro;Dupla;Reta;Sim;2;1;0;0;1;0;0;2;-10,898802;-61,93046;SPRF-RO;DEL02-RO;UOP01-DEL02-RO
625778;04/09/2024;quarta-feira;20:00:00;MS;262;67,6;TRES LAGOAS;Ultrapassagem Indevida;Colisão frontal;Com Vítimas Feridas;Plena Noite;Crescente;Céu Claro;Simples;Reta;Não;4;0;0;4;0;0;4;2;-20,68972877;-52,2077529;SPRF-MS;DEL07-MS;UOP01-DEL07-MS
625780;04/09/2024;quarta-feira;18:40:00;MG;116;650,4;FERVEDOURO;Acessar a via sem observar a presença dos outros veículos;Colisão transversal;Com Vítimas Feridas;Plena Noite;Decrescente;Nublado;Simples;"Reta;Rotatória;Interseção de Vias";Sim;3;0;1;0;1;1;1;3;-20,71848513;-42,27851814;SPRF-MG;DEL07-MG;UOP02-DEL07-MG
625781;04/09/2024;quarta-feira;20:36:00;GO;40;11,9;LUZIANIA;Ausência de reação do condutor;Queda de ocupante de veículo;Sem Vítimas;Plena Noite;Decrescente;Céu Claro;Dupla;Reta;Sim;2;0;0;0;2;0;0;2;-16,138336;-47,951644;SPRF-DF;DEL01-DF;UOP01-DEL01-DF
625782;04/09/2024;quarta-feira;20:40:00;BA;235;109;JEREMOABO;Ingestão de álcool pelo condutor;Queda de ocupante de veículo;Com Vítimas Fatais;Plena Noite;Decrescente;Céu Claro;Simples;Curva;Não;2;1;0;0;0;1;0;2;-10,02692363;-38,56696171;SPRF-BA;DEL07-BA;UOP01-DEL07-BA
625784;04/09/2024;quarta-feira;21:30:00;RJ;116;171;RIO DE JANEIRO;Suicídio (presumido);Atropelamento de Pedestre;Com Vítimas Feridas;Plena Noite;Decrescente;Céu Claro;Múltipla;Reta;Não;2;0;0;1;1;0;1;2;-22,8060415;-43,34289573;SPRF-RJ;DEL06-RJ;UOP01-DEL06-RJ
625786;04/09/2024;quarta-feira;19:30:00;MT;163;854;SINOP;Ausência de reação do condutor;Colisão traseira;Com Vítimas Feridas;Plena Noite;Decrescente;Céu Claro;Simples;Reta;Não;5;0;2;0;3;0;2;2;-11,820672;-55,48465698;SPRF-MT;DEL06-MT;UOP02-DEL06-MT
625789;04/09/2024;quarta-feira;18:40:00;MA;222;668;ACAILANDIA;Ausência de reação do condutor;Atropelamento de Pedestre;Com Vítimas Feridas;Plena Noite;Crescente;Céu Claro;Simples;"Reta;Aclive";Não;3;0;0;1;0;2;1;2;-4,9115858;-47,41511612;SPRF-MA;DEL04-MA;UOP03-DEL04-MA
625791;04/09/2024;quarta-feira;18:30:00;RJ;465;5;SEROPEDICA;Ausência de reação do condutor;Colisão transversal;Com Vítimas Feridas;Plena Noite;Crescente;Céu Claro;Simples;Interseção de Vias;Sim;2;0;1;0;1;0;1;2;-22,747673;-43,699196;SPRF-RJ;DEL06-RJ;UOP02-DEL06-RJ
625792;04/09/2024;quarta-feira;20:20:00;SC;282;581,9;PINHALZINHO;Ultrapassagem Indevida;Colisão frontal;Com Vítimas Feridas;Plena Noite;Crescente;Chuva;Dupla;Reta;Não;2;0;2;0;0;0;2;2;-26,828749;-52,997929;SPRF-SC;DEL07-SC;UOP02-DEL07-SC
625793;04/09/2024;quarta-feira;21:45:00;RJ;101;327;RIO DE JANEIRO;Reação tardia ou ineficiente do condutor;Colisão traseira;Com Vítimas Feridas;Plena Noite;Decrescente;Céu Claro;Dupla;"Reta;Ponte";Não;2;0;1;0;1;0;1;2;-22,87117393;-43,15595099;SPRF-RJ;DEL02-RJ;UOP01-DEL02-RJ
625795;04/09/2024;quarta-feira;21:45:00;RJ;40;21;TRES RIOS;Pedestre cruzava a pista fora da faixa;Atropelamento de Pedestre;Com Vítimas Feridas;Plena Noite;Decrescente;Céu Claro;Dupla;Reta;Não;2;0;1;0;1;0;1;2;-22,11423526;-43,15858581;SPRF-RJ;DEL05-RJ;UOP02-DEL05-RJ
625796;04/09/2024;quarta-feira;20:00:00;PI;222;16,1;SAO JOAO DA FRONTEIRA;Demais falhas na via;Tombamento;Com Vítimas Feridas;Plena Noite;Decrescente;Céu Claro;Simples;"Reta;Em Obras";Não;2;0;2;0;0;0;2;1;-3,98143854;-41,35578717;SPRF-PI;DEL02-PI;UOP01-DEL02-PI
625799;04/09/2024;quarta-feira;18:30:00;AL;104;85,5;RIO LARGO;Animais na Pista;Atropelamento de Animal;Com Vítimas Feridas;Plena Noite;Crescente;Céu Claro;Dupla;"Reta;Interseção de Vias";Sim;1;0;1;0;0;0;1;1;-9,45849606;-35,82849117;SPRF-AL;DEL01-AL;UOP01-DEL01-AL
625801;04/09/2024;quarta-feira;22:50:00;MT;364;271,7;JACIARA;Pedestre cruzava a pista fora da faixa;Atropelamento de Pedestre;Com Vítimas Feridas;Plena Noite;Crescente;Céu Claro;Dupla;Reta;Sim;2;0;0;1;1;0;1;2;-15,96077957;-54,96772983;SPRF-MT;DEL05-MT;UOP02-DEL05-MT
625802;04/09/2024;quarta-feira;22:30:00;MT;174;26;PONTES E LACERDA;Animais na Pista;Atropelamento de Animal;Com Vítimas Feridas;Plena Noite;Crescente;Nevoeiro/Neblina;Simples;"Curva;Declive";Não;1;0;1;0;0;0;1;1;-15,1374179;-59,4994399;SPRF-MT;DEL04-MT;UOP01-DEL04-MT
625804;04/09/2024;quarta-feira;21:10:00;PB;230;327;PATOS;Condutor deixou de manter distância do veículo da frente;Colisão traseira;Com Vítimas Feridas;Plena Noite;Crescente;Céu Claro;Simples;Reta;Não;3;0;1;0;2;0;1;2;-7,0001;-37,203;SPRF-PB;DEL03-PB;UOP01-DEL03-PB
625805;05/09/2024;quinta-feira;00:10:00;MT;174;4;PONTES E LACERDA;Acesso irregular;Colisão frontal;Com Vítimas Feridas;Plena Noite;Decrescente;Céu Claro;Simples;Reta;Sim;3;0;2;0;1;0;2;2;-15,2335648;-59,3447938;SPRF-MT;DEL04-MT;UOP01-DEL04-MT
625806;04/09/2024;quarta-feira;23:10:00;CE;222;217;SOBRAL;Animais na Pista;Atropelamento de Animal;Com Vítimas Fatais;Plena Noite;Crescente;Céu Claro;Simples;"Reta;Declive";Não;1;1;0;0;0;0;0;1;-3,751452;-40,30688;SPRF-CE;DEL04-CE;UOP01-DEL04-CE
625807;05/09/2024;quinta-feira;00:10:00;PE;232;133;CARUARU;Ingestão de álcool pelo condutor;Colisão traseira;Com Vítimas Feridas;Plena Noite;Decrescente;Céu Claro;Dupla;Reta;Sim;3;0;1;0;2;0;1;2;-8,30607988;-36,01576003;SPRF-PE;DEL02-PE;UOP01-DEL02-PE
625808;27/08/2024;terça-feira;13:30:00;MS;163;614;SAO GABRIEL DO OESTE;Animais na Pista;Tombamento;Com Vítimas Feridas;Pleno dia;Crescente;Sol;Simples;Reta;Sim;1;0;1;0;0;0;1;1;-19,39817658;-54,56591606;SPRF-MS;DEL06-MS;UOP02-DEL06-MS
625809;04/09/2024;quarta-feira;18:45:00;PI;343;312;ALTOS;Reação tardia ou ineficiente do condutor;Saída de leito carroçável;Com Vítimas Feridas;Plena Noite;Decrescente;Céu Claro;Simples;"Reta;Declive";Não;1;0;0;1;0;0;1;1;-5,041864;-42,502338;SPRF-PI;DEL01-PI;UOP01-DEL01-PI
625810;05/09/2024;quinta-feira;00:30:00;MT;364;199;RONDONOPOLIS;Ausência de reação do condutor;Queda de ocupante de veículo;Com Vítimas Feridas;Plena Noite;Crescente;Céu Claro;Dupla;"Reta;Aclive";Sim;1;0;0;1;0;0;1;1;-16,5011709;-54,63072394;SPRF-MT;DEL02-MT;UOP01-DEL02-MT
625811;04/09/2024;quarta-feira;23:55:00;SC;116;169,6;PONTE ALTA DO NORTE;Reação tardia ou ineficiente do condutor;Colisão com objeto;Com Vítimas Feridas;Plena Noite;Decrescente;Chuva;Dupla;Reta;Não;1;0;1;0;0;0;1;1;-27,18614796;-50,46482181;SPRF-SC;DEL05-SC;UOP03-DEL05-SC
625812;05/09/2024;quinta-feira;01:40:00;RJ;40;104;DUQUE DE CAXIAS;Reação tardia ou ineficiente do condutor;Saída de leito carroçável;Sem Vítimas;Plena Noite;Crescente;Céu Claro;Dupla;Reta;Não;1;0;0;0;0;1;0;1;-22,62897902;-43,28579508;SPRF-RJ;DEL01-RJ;UOP02-DEL01-RJ
625813;04/09/2024;quarta-feira;23:40:00;MS;60;409,9;SIDROLANDIA;Ingestão de álcool pelo condutor;Saída de leito carroçável;Sem Vítimas;Plena Noite;Decrescente;Céu Claro;Simples;Curva;Não;3;0;0;0;1;2;0;2;-20,87525613;-54,82603469;SPRF-MS;DEL01-MS;UOP04-DEL01-MS
625815;05/09/2024;quinta-feira;02:00:00;PE;232;16;JABOATAO DOS GUARARAPES;Pedestre andava na pista;Atropelamento de Pedestre;Com Vítimas Fatais;Plena Noite;Crescente;Céu Claro;Dupla;Curva;Não;3;2;0;0;0;1;0;3;-8,09414193;-35,03716601;SPRF-PE;DEL01-PE;UOP01-DEL01-PE
625817;05/09/2024;quinta-feira;02:30:00;RJ;116;243;PIRAI;Velocidade Incompatível;Queda de ocupante de veículo;Com Vítimas Feridas;Plena Noite;Decrescente;Nublado;Dupla;"Em Obras;Curva";Não;1;0;1;0;0;0;1;1;-22,63023454;-43,91033921;SPRF-RJ;DEL07-RJ;UOP01-DEL07-RJ
625818;05/09/2024;quinta-feira;04:00:00;RJ;101;321;NITEROI;Reação tardia ou ineficiente do condutor;Queda de ocupante de veículo;Com Vítimas Fatais;Plena Noite;Decrescente;Céu Claro;Dupla;Reta;Sim;1;1;0;0;0;0;0;1;-22,86981096;-43,11046465;SPRF-RJ;DEL02-RJ;UOP01-DEL02-RJ
625819;04/09/2024;quarta-feira;19:35:00;SC;101;305,9;LAGUNA;Estacionar ou parar em local proibido;Colisão traseira;Com Vítimas Feridas;Plena Noite;Crescente;Garoa/Chuvisco;Múltipla;Reta;Não;2;0;1;0;1;0;1;2;-28,400448;-48,786327;SPRF-SC;DEL02-SC;UOP03-DEL02-SC
625821;05/09/2024;quinta-feira;04:15:00;CE;116;482;MILAGRES;Reação tardia ou ineficiente do condutor;Saída de leito carroçável;Com Vítimas Feridas;Amanhecer;Decrescente;Céu Claro;Simples;"Reta;Declive";Não;2;0;2;0;0;0;2;1;-7,30553661;-38,91991281;SPRF-CE;DEL05-CE;UOP03-DEL05-CE
625823;05/09/2024;quinta-feira;05:10:00;ES;262;133,4;BREJETUBA;Acessar a via sem observar a presença dos outros veículos;Colisão transversal;Sem Vítimas;Plena Noite;Decrescente;Céu Claro;Simples;Interseção de Vias;Não;2;0;0;0;2;0;0;2;-20,24395403;-41,31727776;SPRF-ES;DEL01-ES;UOP02-DEL01-ES
625827;05/09/2024;quinta-feira;06:00:00;TO;10;453;PALMAS;Ausência de reação do condutor;Colisão traseira;Com Vítimas Feridas;Pleno dia;Decrescente;Céu Claro;Múltipla;"Reta;Aclive";Sim;2;0;0;1;0;1;1;2;-10,32382;-48,297478;SPRF-TO;DEL01-TO;UOP03-DEL01-TO
625829;05/09/2024;quinta-feira;05:00:00;MS;163;124;NAVIRAI;Reação tardia ou ineficiente do condutor;Queda de ocupante de veículo;Com Vítimas Feridas;Amanhecer;Crescente;Nublado;Simples;Rotatória;Não;1;0;1;0;0;0;1;1;-23,08074209;-54,2278866;SPRF-MS;DEL09-MS;UOP01-DEL09-MS
625830;05/09/2024;quinta-feira;06:25:00;RS;470;216;BENTO GONCALVES;Pedestre cruzava a pista fora da faixa;Atropelamento de Pedestre;Com Vítimas Feridas;Pleno dia;Crescente;Chuva;Dupla;Curva;Sim;4;0;1;0;3;0;1;2;-29,15887096;-51,53142395;SPRF-RS;DEL06-RS;UOP01-DEL06-RS
625831;05/09/2024;quinta-feira;06:30:00;SC;282;0,1;FLORIANOPOLIS;Manobra de mudança de faixa;Colisão lateral mesmo sentido;Com Vítimas Feridas;Pleno dia;Decrescente;Garoa/Chuvisco;Múltipla;Reta;Sim;2;0;1;0;1;0;1;2;-27,59845;-48,571995;SPRF-SC;DEL01-SC;UOP01-DEL01-SC
625834;05/09/2024;quinta-feira;06:00:00;RS;116;644;JAGUARAO;Ausência de reação do condutor;Colisão com objeto;Com Vítimas Feridas;Amanhecer;Decrescente;Céu Claro;Simples;Reta;Não;1;0;1;0;0;0;1;1;-32,4804509;-53,30005209;SPRF-RS;DEL07-RS;UOP03-DEL07-RS
625836;05/09/2024;quinta-feira;07:06:00;ES;101;142,9;LINHARES;Ausência de reação do condutor;Colisão traseira;Com Vítimas Feridas;Pleno dia;Crescente;Céu Claro;Dupla;"Reta;Declive";Sim;2;0;1;0;0;1;1;2;-19,34286596;-40,0638568;SPRF-ES;DEL04-ES;UOP01-DEL04-ES
625837;05/09/2024;quinta-feira;07:20:00;PR;277;633;CEU AZUL;Velocidade Incompatível;Colisão com objeto;Com Vítimas Feridas;Amanhecer;Decrescente;Nevoeiro/Neblina;Simples;"Reta;Declive;Interseção de Vias;Rotatória;Retorno Regulamentado";Não;3;0;2;0;1;0;2;1;-25,12585236;-53,81903487;SPRF-PR;DEL05-PR;UOP02-DEL05-PR
625838;05/09/2024;quinta-feira;06:50:00;PI;343;10,5;PARNAIBA;Acessar a via sem observar a presença dos outros veículos;Colisão transversal;Com Vítimas Feridas;Pleno dia;Decrescente;Sol;Simples;Reta;Sim;3;0;2;1;0;0;3;2;-2,902034;-41,741646;SPRF-PI;DEL05-PI;UOP01-DEL05-PI
625841;05/09/2024;quinta-feira;06:50:00;SC;101;185,8;BIGUACU;Velocidade Incompatível;Saída de leito carroçável;Sem Vítimas;Pleno dia;Crescente;Chuva;Dupla;Curva;Não;1;0;0;0;1;0;0;1;-27,42536698;-48,62465876;SPRF-SC;DEL01-SC;UOP01-DEL01-SC
625842;05/09/2024;quinta-feira;08:02:00;SC;101;197;SAO JOSE;Manobra de mudança de faixa;Colisão traseira;Com Vítimas Feridas;Pleno dia;Crescente;Céu Claro;Dupla;Reta;Sim;2;0;1;0;0;1;1;2;-27,51844497;-48,63848496;SPRF-SC;DEL01-SC;UOP01-DEL01-SC
625844;05/09/2024;quinta-feira;07:10:00;CE;116;13,3;FORTALEZA;Avarias e/ou desgaste excessivo no pneu;Tombamento;Com Vítimas Feridas;Pleno dia;Decrescente;Sol;Múltipla;Reta;Sim;2;0;1;1;0;0;2;1;-3,8617573;-38,49711835;SPRF-CE;DEL01-CE;UOP02-DEL01-CE
625845;05/09/2024;quinta-feira;07:05:00;RS;290;175;BUTIA;Conversão proibida;Colisão transversal;Com Vítimas Feridas;Pleno dia;Decrescente;Céu Claro;Simples;Reta;Sim;2;0;1;1;0;0;2;2;-30,129343;-51,961823;SPRF-RS;DEL02-RS;UOP03-DEL02-RS