id;data_inversa;dia_semana;horario;uf;br;km;municipio;causa_acidente;tipo_acidente;classificacao_acidente;fase_dia;sentido_via;condicao_metereologica;tipo_pista;tracado_via;uso_solo;pessoas;mortos;feridos_leves;feridos_graves;ilesos;ignorados;feridos;veiculos;latitude;longitude;regional;delegacia;uop
625991;05/09/2024;quinta-feira;04:40:00;PR;369;64;BANDEIRANTES;Ausência de reação do condutor;Atropelamento de Pedestre;Com Vítimas Feridas;Plena Noite;Crescente;Céu Claro;Simples;Reta;Não;2;0;2;0;0;0;2;2;-23,1305828;-50,4432924;SPRF-PR;DEL07-PR;UOP05-DEL07-PR
625994;05/09/2024;quinta-feira;18:30:00;MT;163;689;LUCAS DO RIO VERDE;Área urbana sem a presença de local apropriado para a travessia de pedestres;Atropelamento de Pedestre;Com Vítimas Feridas;Plena Noite;Crescente;Céu Claro;Simples;Reta;Sim;2;0;0;1;0;1;1;2;-13,069113;-55,926608;SPRF-MT;DEL06-MT;UOP01-DEL06-MT
625996;05/09/2024;quinta-feira;19:36:00;PB;230;162,9;CAMPINA GRANDE;Reação tardia ou ineficiente do condutor;Colisão traseira;Com Vítimas Feridas;Plena Noite;Decrescente;Céu Claro;Simples;"Reta;Declive";Não;2;0;0;2;0;0;2;1;-7,226427;-35,943659;SPRF-PB;DEL02-PB;UOP01-DEL02-PB
625997;05/09/2024;quinta-feira;19:50:00;PB;101;95,1;CONDE;Ausência de reação do condutor;Tombamento;Com Vítimas Feridas;Plena Noite;Decrescente;Céu Claro;Dupla;"Em Obras;Reta";Não;1;0;1;0;0;0;1;1;-7,22379403;-34,91488195;SPRF-PB;DEL01-PB;UOP02-DEL01-PB
626000;05/09/2024;quinta-feira;20:00:00;RJ;40;101;DUQUE DE CAXIAS;Mal súbito do condutor;Colisão traseira;Sem Vítimas;Plena Noite;Crescente;Nublado;Simples;"Reta;Retorno Regulamentado";Sim;2;0;0;0;2;0;0;2;-22,60246485;-43,28380739;SPRF-RJ;DEL01-RJ;UOP01-DEL01-RJ
626001;05/09/2024;quinta-feira;20:15:00;SP;116;145,6;SAO JOSE DOS CAMPOS;Condutor deixou de manter distância do veículo da frente;Colisão traseira;Com Vítimas Feridas;Plena Noite;Crescente;Céu Claro;Dupla;Reta;Não;4;0;0;1;2;1;1;4;-23,1869844;-45,8548078;SPRF-SP;DEL02-SP;UOP01-DEL02-SP
626002;05/09/2024;quinta-feira;19:20:00;SC;101;58;ARAQUARI;Demais falhas mecânicas ou elétricas;Incêndio;Sem Vítimas;Plena Noite;Decrescente;Garoa/Chuvisco;Dupla;Reta;Não;1;0;0;0;1;0;0;1;-26,44025049;-48,80129043;SPRF-SC;DEL03-SC;UOP02-DEL03-SC
626003;05/09/2024;quinta-feira;19:26:00;RO;364;711;PORTO VELHO;Acessar a via sem observar a presença dos outros veículos;Colisão transversal;Com Vítimas Feridas;Plena Noite;Decrescente;Nevoeiro/Neblina;Dupla;Interseção de Vias;Sim;3;0;3;0;0;0;3;2;-8,78459773;-63,85971129;SPRF-RO;DEL01-RO;UOP01-DEL01-RO
626005;05/09/2024;quinta-feira;20:50:00;BA;324;520;FEIRA DE SANTANA;Trafegar com motocicleta (ou similar) entre as faixas;Colisão lateral mesmo sentido;Com Vítimas Feridas;Plena Noite;Decrescente;Céu Claro;Dupla;"Reta;Interseção de Vias";Sim;2;0;1;0;1;0;1;2;-12,27376054;-38,93366564;SPRF-BA;DEL01-BA;UOP03-DEL01-BA
626006;05/09/2024;quinta-feira;18:15:00;PI;316;1;TERESINA;Condutor deixou de manter distância do veículo da frente;Colisão traseira;Com Vítimas Feridas;Plena Noite;Decrescente;Céu Claro;Múltipla;Reta;Sim;3;0;2;0;1;0;2;2;-5,12861853;-42,80706778;SPRF-PI;DEL01-PI;UOP02-DEL01-PI
626007;24/08/2024;sábado;15:34:00;TO;10;458;PALMAS;Ausência de reação do condutor;Colisão traseira;Com Vítimas Feridas;Pleno dia;Decrescente;Sol;Múltipla;Curva;Sim;2;0;1;0;1;0;1;2;-10,19689098;-48,16692589;SPRF-TO;DEL01-TO;UOP03-DEL01-TO
626011;01/09/2024;domingo;09:55:00;BA;324;514;FEIRA DE SANTANA;Condutor desrespeitou a iluminação vermelha do semáforo;Colisão transversal;Com Vítimas Feridas;Pleno dia;Decrescente;Garoa/Chuvisco;Simples;Interseção de Vias;Sim;2;0;1;0;1;0;1;2;-12,23229233;-38,95215305;SPRF-BA;DEL02-BA;UOP01-DEL02-BA
626015;05/09/2024;quinta-feira;20:00:00;GO;70;2;AGUAS LINDAS DE GOIAS;Ingestão de álcool pelo condutor;Colisão frontal;Com Vítimas Fatais;Plena Noite;Decrescente;Céu Claro;Dupla;Curva;Sim;4;1;0;3;0;0;3;2;-15,767021;-48,229945;SPRF-DF;DEL03-DF;UOP02-DEL03-DF
626016;05/09/2024;quinta-feira;19:05:00;AL;316;118,4;CACIMBINHAS;Deficiência do Sistema de Iluminação/Sinalização;Colisão traseira;Com Vítimas Feridas;Plena Noite;Decrescente;Céu Claro;Simples;Reta;Não;2;0;0;1;1;0;1;2;-9,3996897;-36,957234;SPRF-AL;DEL03-AL;UOP01-DEL03-AL
626018;05/06/2024;quarta-feira;09:53:00;GO;153;495;GOIANIA;Ausência de reação do condutor;Colisão traseira;Sem Vítimas;Pleno dia;Crescente;Céu Claro;Dupla;Reta;Não;3;0;0;0;2;1;0;3;-16,6681;-49,2263;SPRF-GO;DEL01-GO;UOP01-DEL01-GO
626020;05/09/2024;quinta-feira;19:10:00;SC;282;486,6;FAXINAL DOS GUEDES;Acessar a via sem observar a presença dos outros veículos;Colisão lateral mesmo sentido;Com Vítimas Feridas;Plena Noite;Decrescente;Céu Claro;Simples;Reta;Não;2;0;1;0;1;0;1;2;-26,855415;-52,25423;SPRF-SC;DEL07-SC;UOP01-DEL07-SC
626022;05/09/2024;quinta-feira;23:15:00;SC;101;215;PALHOCA;Trafegar com motocicleta (ou similar) entre as faixas;Colisão traseira;Com Vítimas Feridas;Plena Noite;Crescente;Céu Claro;Múltipla;Reta;Sim;2;0;1;0;1;0;1;2;-27,65184843;-48,67604941;SPRF-SC;DEL01-SC;UOP02-DEL01-SC
626023;05/09/2024;quinta-feira;21:10:00;RO;364;514;ARIQUEMES;Animais na Pista;Atropelamento de Animal;Com Vítimas Feridas;Plena Noite;Decrescente;Céu Claro;Simples;Reta;Sim;1;0;0;1;0;0;1;1;-9,93398403;-63,05522959;SPRF-RO;DEL03-RO;UOP01-DEL03-RO
626024;05/09/2024;quinta-feira;21:10:00;MT;364;1252;COMODORO;Pedestre - Ingestão de álcool/ substâncias psicoativas;Atropelamento de Pedestre;Com Vítimas Feridas;Plena Noite;Crescente;Nublado;Simples;Reta;Não;2;0;0;1;0;1;1;2;-13,67720214;-59,72778923;SPRF-MT;DEL04-MT;UOP01-DEL04-MT
626025;05/09/2024;quinta-feira;21:30:00;MA;10;241;DAVINOPOLIS;Animais na Pista;Atropelamento de Animal;Com Vítimas Fatais;Plena Noite;Crescente;Céu Claro;Simples;Reta;Não;1;1;0;0;0;0;0;1;-5,618424;-47,413895;SPRF-MA;DEL04-MA;UOP01-DEL04-MA
626026;05/09/2024;quinta-feira;23:20:00;SC;101;419;ARARANGUA;Ausência de reação do condutor;Colisão com objeto;Com Vítimas Feridas;Plena Noite;Crescente;Nublado;Dupla;Reta;Sim;1;0;1;0;0;0;1;1;-28,9967395;-49,55403686;SPRF-SC;DEL02-SC;UOP02-DEL02-SC
626027;05/09/2024;quinta-feira;23:00:00;PE;101;50,9;ABREU E LIMA;Velocidade Incompatível;Colisão traseira;Com Vítimas Feridas;Plena Noite;Crescente;Céu Claro;Múltipla;Reta;Sim;2;0;0;1;1;0;1;2;-7,91742448;-34,89704561;SPRF-PE;DEL01-PE;UOP02-DEL01-PE
626028;05/09/2024;quinta-feira;22:45:00;MG;262;358;BETIM;Animais na Pista;Atropelamento de Animal;Com Vítimas Feridas;Plena Noite;Decrescente;Céu Claro;Dupla;Reta;Sim;4;0;4;0;0;0;4;1;-19,97562699;-44,197751;SPRF-MG;DEL01-MG;UOP03-DEL01-MG
626029;05/09/2024;quinta-feira;23:10:00;RS;386;240,3;SOLEDADE;Reação tardia ou ineficiente do condutor;Saída de leito carroçável;Com Vítimas Feridas;Plena Noite;Decrescente;Céu Claro;Simples;Curva;Não;1;0;0;1;0;0;1;1;-28,766171;-52,533092;SPRF-RS;DEL04-RS;UOP03-DEL04-RS
626030;05/09/2024;quinta-feira;22:00:00;RJ;101;496;ANGRA DOS REIS;Ausência de reação do condutor;Queda de ocupante de veículo;Com Vítimas Feridas;Plena Noite;Decrescente;Céu Claro;Simples;Curva;Não;2;0;2;0;0;0;2;1;-22,92380194;-44,32287703;SPRF-RJ;DEL03-RJ;UOP03-DEL03-RJ
626031;05/09/2024;quinta-feira;23:20:00;PR;272;367,7;CAMPO MOURAO;Ingestão de álcool pelo condutor;Colisão com objeto;Com Vítimas Feridas;Plena Noite;Crescente;Céu Claro;Dupla;Reta;Sim;2;0;0;1;1;0;1;1;-24,05063682;-52,40169964;SPRF-PR;DEL09-PR;UOP03-DEL09-PR
626032;05/09/2024;quinta-feira;20:00:00;MG;262;39,2;MANHUACU;Reação tardia ou ineficiente do condutor;Colisão transversal;Com Vítimas Feridas;Plena Noite;Crescente;Céu Claro;Simples;Reta;Sim;2;0;1;0;1;0;1;2;-20,27165802;-42,03950458;SPRF-MG;DEL06-MG;UOP03-DEL06-MG
626035;06/09/2024;sexta-feira;01:45:00;BA;101;874;TEIXEIRA DE FREITAS;Ausência de reação do condutor;Tombamento;Com Vítimas Feridas;Plena Noite;Crescente;Céu Claro;Simples;"Reta;Ponte";Não;1;0;0;1;0;0;1;1;-17,51159869;-39,7048831;SPRF-BA;DEL09-BA;UOP02-DEL09-BA
626036;05/09/2024;quinta-feira;22:23:00;MG;116;607,7;SAO JOAO DO MANHUACU;Deficiência do Sistema de Iluminação/Sinalização;Colisão com objeto;Com Vítimas Feridas;Plena Noite;Decrescente;Céu Claro;Simples;"Curva;Aclive";Sim;3;0;3;0;0;0;3;1;-20,40532;-42,15181;SPRF-MG;DEL06-MG;UOP03-DEL06-MG
626038;06/09/2024;sexta-feira;02:00:00;PR;376;168;MARINGA;Condutor Dormindo;Capotamento;Sem Vítimas;Plena Noite;Decrescente;Céu Claro;Dupla;Reta;Não;1;0;0;0;0;1;0;1;-23,396616;-52,005387;SPRF-PR;DEL09-PR;UOP01-DEL09-PR
626039;06/09/2024;sexta-feira;02:40:00;PR;116;8;CAMPINA GRANDE DO SUL;Chuva;Saída de leito carroçável;Com Vítimas Feridas;Plena Noite;Crescente;Chuva;Dupla;"Curva;Declive";Não;4;0;2;0;2;0;2;1;-25,08123277;-48,62449108;SPRF-PR;DEL01-PR;UOP02-DEL01-PR
626042;06/09/2024;sexta-feira;01:50:00;PI;343;3,8;TERESINA;Condutor desrespeitou a iluminação vermelha do semáforo;Colisão transversal;Com Vítimas Feridas;Plena Noite;Crescente;Céu Claro;Múltipla;"Reta;Interseção de Vias";Sim;2;0;0;1;1;0;1;2;-5,08035;-42,783488;SPRF-PI;DEL01-PI;UOP01-DEL01-PI
626045;06/09/2024;sexta-feira;03:00:00;RS;290;132;ELDORADO DO SUL;Ausência de reação do condutor;Saída de leito carroçável;Com Vítimas Feridas;Plena Noite;Decrescente;Céu Claro;Simples;Reta;Não;1;0;1;0;0;0;1;1;-30,061724;-51,530876;SPRF-RS;DEL02-RS;UOP01-DEL02-RS
626046;06/09/2024;sexta-feira;03:40:00;RS;116;262;CANOAS;Ausência de reação do condutor;Colisão com objeto;Sem Vítimas;Plena Noite;Decrescente;Céu Claro;Múltipla;Curva;Sim;1;0;0;0;1;0;0;1;-29,879208;-51,18045622;SPRF-RS;DEL01-RS;UOP01-DEL01-RS
626047;06/09/2024;sexta-feira;03:49:00;PB;101;78;SANTA RITA;Animais na Pista;Atropelamento de Animal;Com Vítimas Feridas;Plena Noite;Decrescente;Céu Claro;Dupla;Reta;Sim;1;0;1;0;0;0;1;1;-7,10808295;-34,96293885;SPRF-PB;DEL01-PB;UOP04-DEL01-PB
626048;06/09/2024;sexta-feira;03:10:00;PR;376;200,9;MANDAGUARI;Condutor Dormindo;Saída de leito carroçável;Com Vítimas Fatais;Plena Noite;Crescente;Céu Claro;Dupla;Reta;Não;2;1;1;0;0;0;1;1;-23,50582462;-51,73938274;SPRF-PR;DEL09-PR;UOP01-DEL09-PR
626049;06/09/2024;sexta-feira;04:10:00;RN;406;143,3;CEARA-MIRIM;Ausência de reação do condutor;Colisão traseira;Com Vítimas Fatais;Plena Noite;Decrescente;Céu Claro;Simples;Reta;Não;3;1;0;1;1;0;1;2;-5,64601005;-35,47699599;SPRF-RN;DEL02-RN;UOP01-DEL02-RN
626051;06/09/2024;sexta-feira;03:55:00;PR;116;20;ANTONINA;Reação tardia ou ineficiente do condutor;Saída de leito carroçável;Com Vítimas Feridas;Plena Noite;Crescente;Garoa/Chuvisco;Dupla;"Declive;Curva";Não;2;0;2;0;0;0;2;1;-25,10244097;-48,7351048;SPRF-PR;DEL01-PR;UOP02-DEL01-PR
626052;06/09/2024;sexta-feira;04:45:00;SC;101;199;SAO JOSE;Ingestão de álcool pelo condutor;Colisão traseira;Sem Vítimas;Plena Noite;Crescente;Céu Claro;Dupla;Reta;Sim;2;0;0;0;2;0;0;2;-27,53413705;-48,63003205;SPRF-SC;DEL01-SC;UOP01-DEL01-SC
626053;06/09/2024;sexta-feira;01:15:00;SP;116;545;BARRA DO TURVO;Velocidade Incompatível;Colisão com objeto;Com Vítimas Feridas;Plena Noite;Crescente;Chuva;Múltipla;"Curva;Declive";Não;1;0;1;0;0;0;1;1;-24,95016699;-48,42400302;SPRF-SP;DEL05-SP;UOP02-DEL05-SP
626060;06/09/2024;sexta-feira;06:55:00;RS;290;110;ELDORADO DO SUL;Demais falhas mecânicas ou elétricas;Tombamento;Com Vítimas Feridas;Pleno dia;Crescente;Céu Claro;Dupla;Reta;Sim;2;0;0;1;1;0;1;1;-30,03101827;-51,32434845;SPRF-RS;DEL02-RS;UOP01-DEL02-RS
626061;06/09/2024;sexta-feira;06:00:00;AL;101;70;MESSIAS;Ingestão de álcool pelo condutor;Saída de leito carroçável;Com Vítimas Feridas;Pleno dia;Decrescente;Céu Claro;Dupla;Reta;Não;1;0;1;0;0;0;1;1;-9,36495593;-35,83611996;SPRF-AL;DEL01-AL;UOP02-DEL01-AL
626062;05/09/2024;quinta-feira;19:00:00;RO;364;482,8;ARIQUEMES;Condutor deixou de manter distância do veículo da frente;Colisão traseira;Com Vítimas Feridas;Plena Noite;Decrescente;Céu Claro;Simples;Reta;Não;1;0;1;0;0;0;1;1;-10,13020543;-62,87929519;SPRF-RO;DEL03-RO;UOP01-DEL03-RO
626063;06/09/2024;sexta-feira;06:00:00;DF;40;6;BRASILIA;Manobra de mudança de faixa;Colisão lateral mesmo sentido;Com Vítimas Feridas;Pleno dia;Decrescente;Céu Claro;Dupla;Reta;Sim;2;0;1;0;1;0;1;2;-16,025443;-47,979322;SPRF-DF;DEL01-DF;UOP01-DEL01-DF
626064;06/09/2024;sexta-feira;04:40:00;RS;285;342;CARAZINHO;Condutor Dormindo;Saída de leito carroçável;Sem Vítimas;Plena Noite;Crescente;Céu Claro;Simples;Reta;Não;1;0;0;0;1;0;0;1;-28,318539;-52,816994;SPRF-RS;DEL08-RS;UOP03-DEL08-RS
626066;06/09/2024;sexta-feira;06:00:00;SC;101;149;ITAPEMA;Demais falhas mecânicas ou elétricas;Incêndio;Sem Vítimas;Pleno dia;Crescente;Nublado;Múltipla;Reta;Sim;1;0;0;0;1;0;0;1;-27,1089649;-48,61277586;SPRF-SC;DEL04-SC;UOP03-DEL04-SC
626068;06/09/2024;sexta-feira;07:20:00;PB;230;14;CABEDELO;Acessar a via sem observar a presença dos outros veículos;Colisão transversal;Com Vítimas Feridas;Pleno dia;Decrescente;Céu Claro;Simples;"Interseção de Vias;Reta";Sim;3;0;2;1;0;0;3;2;-7,0844;-34,8488;SPRF-PB;DEL01-PB;UOP01-DEL01-PB
626070;06/09/2024;sexta-feira;07:15:00;PR;476;181;CONTENDA;Velocidade Incompatível;Saída de leito carroçável;Com Vítimas Feridas;Amanhecer;Decrescente;Nublado;Simples;Curva;Não;1;0;1;0;0;0;1;1;-25,709007;-49,600727;SPRF-PR;DEL01-PR;UOP06-DEL01-PR
626071;06/09/2024;sexta-feira;07:15:00;ES;101;290;CARIACICA;Manobra de mudança de faixa;Colisão lateral mesmo sentido;Com Vítimas Feridas;Pleno dia;Decrescente;Nublado;Dupla;Reta;Sim;2;0;0;1;0;1;1;2;-20,28927747;-40,39181575;SPRF-ES;DEL01-ES;UOP01-DEL01-ES
626075;06/09/2024;sexta-feira;06:00:00;RS;116;252;SAPUCAIA DO SUL;Ausência de reação do condutor;Colisão com objeto;Sem Vítimas;Pleno dia;Decrescente;Céu Claro;Dupla;Reta;Sim;1;0;0;0;1;0;0;1;-29,80913395;-51,1675292;SPRF-RS;DEL01-RS;UOP02-DEL01-RS
626076;06/09/2024;sexta-feira;07:20:00;PR;376;638;TIJUCAS DO SUL;Ausência de reação do condutor;Colisão lateral mesmo sentido;Com Vítimas Feridas;Pleno dia;Decrescente;Sol;Dupla;Reta;Não;1;0;1;0;0;0;1;1;-25,76503801;-49,12449804;SPRF-PR;DEL01-PR;UOP04-DEL01-PR
626078;06/09/2024;sexta-feira;07:45:00;SC;101;148;ITAPEMA;Reação tardia ou ineficiente do condutor;Colisão traseira;Com Vítimas Feridas;Pleno dia;Crescente;Nublado;Dupla;Reta;Sim;3;0;0;2;1;0;2;2;-27,10123686;-48,61807962;SPRF-SC;DEL04-SC;UOP03-DEL04-SC
626079;06/09/2024;sexta-feira;07:30:00;SC;101;213,3;PALHOCA;Acessar a via sem observar a presença dos outros veículos;Colisão transversal;Com Vítimas Feridas;Pleno dia;Decrescente;Nublado;Múltipla;Reta;Sim;2;0;1;0;1;0;1;2;-27,63697369;-48,66514142;SPRF-SC;DEL01-SC;UOP02-DEL01-SC
626080;06/09/2024;sexta-feira;07:30:00;ES;101;298,5;VIANA;Acessar a via sem observar a presença dos outros veículos;Colisão transversal;Com Vítimas Feridas;Pleno dia;Crescente;Céu Claro;Múltipla;Reta;Sim;2;0;0;1;1;0;1;2;-20,35374444;-40,4156433;SPRF-ES;DEL01-ES;UOP01-DEL01-ES
626082;06/09/2024;sexta-feira;08:05:00;SC;470;54,4;BLUMENAU;Ausência de sinalização;Colisão transversal;Com Vítimas Feridas;Pleno dia;Decrescente;Nublado;Simples;Interseção de Vias;Sim;2;0;1;0;1;0;1;2;-26,871065;-49,110374;SPRF-SC;DEL04-SC;UOP01-DEL04-SC
626083;06/09/2024;sexta-feira;07:20:00;MG;381;490;BETIM;Ausência de reação do condutor;Queda de ocupante de veículo;Com Vítimas Feridas;Pleno dia;Crescente;Céu Claro;Dupla;Reta;Sim;1;0;0;1;0;0;1;1;-19,96502819;-44,17422195;SPRF-MG;DEL01-MG;UOP03-DEL01-MG
626084;06/09/2024;sexta-feira;04:40:00;PI;343;241;CAMPO MAIOR;Manobra de mudança de faixa;Colisão lateral sentido oposto;Com Vítimas Feridas;Plena Noite;Decrescente;Ignorado;Simples;Reta;Não;4;0;1;2;1;0;3;2;-4,654975;-42,053921;SPRF-PI;DEL01-PI;UOP03-DEL01-PI
626085;06/09/2024;sexta-feira;08:00:00;MG;381;488;BETIM;Condutor deixou de manter distância do veículo da frente;Engavetamento;Com Vítimas Feridas;Pleno dia;Crescente;Céu Claro;Dupla;Reta;Sim;3;0;2;0;1;0;2;3;-19,9598656;-44,15489715;SPRF-MG;DEL01-MG;UOP03-DEL01-MG
626086;06/09/2024;sexta-feira;07:50:00;RJ;116;83;TERESOPOLIS;Acessar a via sem observar a presença dos outros veículos;Colisão transversal;Com Vítimas Feridas;Pleno dia;Decrescente;Céu Claro;Simples;Curva;Sim;2;0;1;0;1;0;1;2;-22,4065491;-42,95136745;SPRF-RJ;DEL04-RJ;UOP01-DEL04-RJ
626090;06/09/2024;sexta-feira;08:48:00;SC;470;54,6;BLUMENAU;Acessar a via sem observar a presença dos outros veículos;Colisão transversal;Com Vítimas Feridas;Pleno dia;Crescente;Céu Claro;Simples;"Em Obras;Rotatória";Sim;2;0;0;1;1;0;1;2;-26,87413369;-49,11522746;SPRF-SC;DEL04-SC;UOP01-DEL04-SC
626091;06/09/2024;sexta-feira;07:50:00;AL;316;96,5;SANTANA DO IPANEMA;Velocidade Incompatível;Colisão transversal;Com Vítimas Feridas;Pleno dia;Crescente;Céu Claro;Simples;Reta;Sim;2;0;0;1;1;0;1;2;-9,38718651;-37,15250001;SPRF-AL;DEL03-AL;UOP02-DEL03-AL
626092;06/09/2024;sexta-feira;08:30:00;ES;101;211;IBIRACU;Ultrapassagem Indevida;Colisão frontal;Com Vítimas Feridas;Pleno dia;Crescente;Céu Claro;Simples;Curva;Sim;8;0;7;0;1;0;7;2;-19,80700903;-40,36767233;SPRF-ES;DEL02-ES;UOP01-DEL02-ES
626093;06/09/2024;sexta-feira;07:05:00;RS;386;36,6;FREDERICO WESTPHALEN;Ausência de reação do condutor;Colisão traseira;Sem Vítimas;Pleno dia;Decrescente;Céu Claro;Simples;Reta;Sim;2;0;0;0;1;1;0;2;-27,373381;-53,39772;SPRF-RS;DEL08-RS;UOP02-DEL08-RS
626094;06/09/2024;sexta-feira;08:13:00;PE;104;61,1;CARUARU;Ausência de reação do condutor;Queda de ocupante de veículo;Com Vítimas Feridas;Pleno dia;Decrescente;Céu Claro;Dupla;Reta;Sim;4;0;1;0;3;0;1;4;-8,2529;-35,9751;SPRF-PE;DEL02-PE;UOP01-DEL02-PE
626101;06/09/2024;sexta-feira;08:15:00;PR;153;31;SANTO ANTONIO DA PLATINA;Afundamento ou ondulação no pavimento;Tombamento;Com Vítimas Feridas;Pleno dia;Crescente;Céu Claro;Simples;Reta;Não;1;0;1;0;0;0;1;1;-23,22262134;-50,02015382;SPRF-PR;DEL07-PR;UOP04-DEL07-PR
626102;14/05/2024;terça-feira;05:00:00;SC;101;253;PAULO LOPES;Ingestão de álcool pelo condutor;Tombamento;Com Vítimas Feridas;Plena Noite;Crescente;Garoa/Chuvisco;Simples;Interseção de Vias;Sim;1;0;1;0;0;0;1;1;-27,96492999;-48,67962057;SPRF-SC;DEL02-SC;UOP03-DEL02-SC
626104;06/09/2024;sexta-feira;09:50:00;BA;101;505;ITABUNA;Entrada inopinada do pedestre;Atropelamento de Pedestre;Com Vítimas Feridas;Pleno dia;Decrescente;Céu Claro;Simples;Reta;Não;2;0;1;0;1;0;1;2;-14,78193677;-39,28964138;SPRF-BA;DEL05-BA;UOP01-DEL05-BA
626105;06/09/2024;sexta-feira;09:00:00;BA;418;91;NOVA VICOSA;Desrespeitar a preferência no cruzamento;Colisão transversal;Com Vítimas Feridas;Pleno dia;Crescente;Céu Claro;Simples;Reta;Não;2;0;1;0;1;0;1;2;-17,88437368;-39,84544595;SPRF-BA;DEL09-BA;UOP02-DEL09-BA
626106;06/09/2024;sexta-feira;09:50:00;RS;472;405;SAO BORJA;Animais na Pista;Atropelamento de Animal;Com Vítimas Feridas;Pleno dia;Decrescente;Sol;Simples;Reta;Sim;1;0;1;0;0;0;1;1;-28,67626901;-55,97066432;SPRF-RS;DEL12-RS;UOP01-DEL12-RS
626108;06/09/2024;sexta-feira;09:30:00;AL;104;91,9;RIO LARGO;Condutor deixou de manter distância do veículo da frente;Engavetamento;Sem Vítimas;Pleno dia;Crescente;Nublado;Dupla;Reta;Sim;3;0;0;0;3;0;0;3;-9,50898856;-35,80777135;SPRF-AL;DEL01-AL;UOP01-DEL01-AL
626110;06/09/2024;sexta-feira;09:59:00;MG;381;5;BETIM;Ausência de reação do condutor;Tombamento;Com Vítimas Feridas;Pleno dia;Crescente;Céu Claro;Dupla;Reta;Sim;1;0;1;0;0;0;1;1;-19,98835234;-44,18731213;SPRF-MG;DEL01-MG;UOP03-DEL01-MG
626111;28/07/2024;domingo;09:57:00;PI;407;473;JAICOS;Manobra de mudança de faixa;Colisão lateral mesmo sentido;Com Vítimas Feridas;Pleno dia;Decrescente;Céu Claro;Simples;Declive;Não;5;0;0;1;4;0;1;2;-7,39273353;-41,1677994;SPRF-PI;DEL04-PI;UOP01-DEL04-PI
626112;31/07/2024;quarta-feira;23:40:00;PR;277;721;FOZ DO IGUACU;Acessar a via sem observar a presença dos outros veículos;Colisão traseira;Com Vítimas Feridas;Plena Noite;Crescente;Céu Claro;Dupla;Reta;Sim;3;0;1;0;1;1;1;3;-25,4911505;-54,51185421;SPRF-PR;DEL05-PR;UOP03-DEL05-PR
626114;06/09/2024;sexta-feira;08:30:00;MA;135;19;SAO LUIS;Acessar a via sem observar a presença dos outros veículos;Colisão lateral sentido oposto;Com Vítimas Feridas;Pleno dia;Decrescente;Sol;Simples;Reta;Não;2;0;0;1;1;0;1;2;-2,53073;-44,3068;SPRF-MA;DEL01-MA;UOP01-DEL01-MA
626115;06/09/2024;sexta-feira;10:00:00;RJ;116;314;RESENDE;Reação tardia ou ineficiente do condutor;Colisão com objeto;Com Vítimas Feridas;Pleno dia;Crescente;Sol;Dupla;Reta;Não;1;0;0;1;0;0;1;1;-22,46045833;-44,47218299;SPRF-RJ;DEL07-RJ;UOP02-DEL07-RJ
626116;03/09/2024;terça-feira;07:15:00;SC;280;46;GUARAMIRIM;Desrespeitar a preferência no cruzamento;Colisão transversal;Com Vítimas Feridas;Pleno dia;Crescente;Nublado;Simples;Interseção de Vias;Não;2;0;1;0;1;0;1;2;-26,45270808;-48,90967369;SPRF-SC;DEL03-SC;UOP03-DEL03-SC
626117;06/09/2024;sexta-feira;09:30:00;RN;405;49,7;APODI;Acessar a via sem observar a presença dos outros veículos;Atropelamento de Pedestre;Com Vítimas Fatais;Pleno dia;Crescente;Sol;Simples;Reta;Não;2;1;0;0;0;1;0;2;-5,45257313;-37,66982682;SPRF-RN;DEL04-RN;UOP02-DEL04-RN
626118;06/09/2024;sexta-feira;10:00:00;RO;364;14;VILHENA;Acessar a via sem observar a presença dos outros veículos;Colisão traseira;Com Vítimas Feridas;Pleno dia;Crescente;Sol;Simples;Reta;Sim;2;0;1;0;1;0;1;2;-12,73898138;-60,13911417;SPRF-RO;DEL04-RO;UOP01-DEL04-RO
626119;06/09/2024;sexta-feira;10:45:00;SC;101;210;SAO JOSE;Acesso irregular;Colisão transversal;Com Vítimas Feridas;Pleno dia;Crescente;Céu Claro;Múltipla;Reta;Sim;2;0;1;0;1;0;1;2;-27,6167305;-48,6457265;SPRF-SC;DEL01-SC;UOP01-DEL01-SC
626120;06/09/2024;sexta-feira;11:25:00;SP;488;1,5;APARECIDA;Condutor deixou de manter distância do veículo da frente;Colisão traseira;Com Vítimas Feridas;Pleno dia;Crescente;Nublado;Dupla;Reta;Sim;2;0;1;0;1;0;1;2;-22,850164;-45,231808;SPRF-SP;DEL08-SP;UOP01-DEL08-SP
626121;30/08/2024;sexta-feira;07:40:00;ES;101;66,3;SAO MATEUS;Manobra de mudança de faixa;Colisão transversal;Com Vítimas Feridas;Pleno dia;Crescente;Céu Claro;Dupla;"Reta;Retorno Regulamentado";Sim;4;0;1;1;2;0;2;2;-18,7165195;-39,87436378;SPRF-ES;DEL04-ES;UOP02-DEL04-ES
626123;06/09/2024;sexta-feira;12:00:00;PE;232;187;SANHARO;Desvio temporário;Capotamento;Com Vítimas Feridas;Pleno dia;Crescente;Sol;Dupla;Reta;Não;1;0;1;0;0;0;1;1;-8,35374275;-36,49159602;SPRF-PE;DEL03-PE;UOP02-DEL03-PE