id;data_inversa;dia_semana;horario;uf;br;km;municipio;causa_acidente;tipo_acidente;classificacao_acidente;fase_dia;sentido_via;condicao_metereologica;tipo_pista;tracado_via;uso_solo;pessoas;mortos;feridos_leves;feridos_graves;ilesos;ignorados;feridos;veiculos;latitude;longitude;regional;delegacia;uop
626239;06/09/2024;sexta-feira;20:15:00;RS;468;91;TRES PASSOS;Retorno proibido;Colisão transversal;Com Vítimas Feridas;Plena Noite;Decrescente;Céu Claro;Simples;Reta;Não;5;0;0;1;4;0;1;2;-27,53572406;-53,87615877;SPRF-RS;DEL08-RS;UOP02-DEL08-RS
626240;06/09/2024;sexta-feira;20:10:00;SC;101;133;BALNEARIO CAMBORIU;Reação tardia ou ineficiente do condutor;Colisão lateral mesmo sentido;Com Vítimas Feridas;Plena Noite;Decrescente;Nublado;Dupla;Reta;Sim;2;0;1;0;1;0;1;2;-26,99936;-48,64609;SPRF-SC;DEL04-SC;UOP03-DEL04-SC
626241;09/08/2024;sexta-feira;13:30:00;SP;116;505;CAJATI;Reação tardia ou ineficiente do condutor;Saída de leito carroçável;Com Vítimas Feridas;Pleno dia;Crescente;Chuva;Múltipla;"Declive;Curva";Não;1;0;0;1;0;0;1;1;-24,79028098;-48,21075278;SPRF-SP;DEL05-SP;UOP02-DEL05-SP
626242;06/09/2024;sexta-feira;19:59:00;ES;259;57,8;COLATINA;Demais falhas na via;Queda de ocupante de veículo;Com Vítimas Feridas;Plena Noite;Decrescente;Céu Claro;Simples;"Reta;Em Obras;Interseção de Vias;Declive";Não;2;0;1;1;0;0;2;1;-19,50128488;-40,65265414;SPRF-ES;DEL02-ES;UOP01-DEL02-ES
626243;06/09/2024;sexta-feira;18:45:00;ES;259;57,8;COLATINA;Demais falhas na via;Tombamento;Sem Vítimas;Plena Noite;Decrescente;Céu Claro;Múltipla;"Reta;Em Obras";Sim;1;0;0;0;0;1;0;1;-19,514467;-40,660786;SPRF-ES;DEL02-ES;UOP01-DEL02-ES
626244;06/09/2024;sexta-feira;19:45:00;RS;158;324;SANTA MARIA;Ausência de reação do condutor;Atropelamento de Pedestre;Com Vítimas Fatais;Plena Noite;Decrescente;Céu Claro;Dupla;Reta;Sim;2;1;0;0;1;0;0;2;-29,70243051;-53,79352754;SPRF-RS;DEL09-RS;UOP01-DEL09-RS
626245;06/09/2024;sexta-feira;21:00:00;RJ;116;184;NOVA IGUACU;Reação tardia ou ineficiente do condutor;Colisão lateral mesmo sentido;Com Vítimas Feridas;Plena Noite;Crescente;Céu Claro;Dupla;Reta;Não;3;0;1;0;2;0;1;2;-22,74647215;-43,44594311;SPRF-RJ;DEL06-RJ;UOP01-DEL06-RJ
626248;06/09/2024;sexta-feira;19:30:00;PR;277;420;CANTAGALO;Acessar a via sem observar a presença dos outros veículos;Colisão transversal;Com Vítimas Feridas;Plena Noite;Crescente;Céu Claro;Simples;Reta;Sim;2;0;1;0;1;0;1;2;-25,4098909;-52,08839392;SPRF-PR;DEL04-PR;UOP02-DEL04-PR
626249;06/09/2024;sexta-feira;20:50:00;PR;116;150;MANDIRITUBA;Acessar a via sem observar a presença dos outros veículos;Colisão lateral mesmo sentido;Com Vítimas Feridas;Plena Noite;Decrescente;Céu Claro;Simples;Reta;Não;2;0;0;1;1;0;1;2;-25,81557015;-49,33088979;SPRF-PR;DEL01-PR;UOP03-DEL01-PR
626250;06/09/2024;sexta-feira;19:30:00;ES;101;322,5;GUARAPARI;Velocidade Incompatível;Saída de leito carroçável;Com Vítimas Feridas;Plena Noite;Crescente;Céu Claro;Dupla;"Curva;Declive";Não;1;0;0;1;0;0;1;1;-20,52834469;-40,48236575;SPRF-ES;DEL03-ES;UOP01-DEL03-ES
626251;06/09/2024;sexta-feira;16:00:00;AP;156;149;MAZAGAO;Transitar na contramão;Colisão frontal;Com Vítimas Fatais;Pleno dia;Crescente;Céu Claro;Simples;"Reta;Aclive";Não;5;2;3;0;0;0;3;2;-0,14419898;-51,74915314;SPRF-AP;DEL01-AP;UOP01-DEL01-AP
626252;06/09/2024;sexta-feira;19:45:00;RJ;40;27;TRES RIOS;Condutor Dormindo;Colisão com objeto;Com Vítimas Feridas;Plena Noite;Crescente;Céu Claro;Dupla;Reta;Não;1;0;1;0;0;0;1;1;-22,17077715;-43,16190391;SPRF-RJ;DEL05-RJ;UOP02-DEL05-RJ
626253;06/09/2024;sexta-feira;17:20:00;SC;158;121,1;CAIBI;Acessar a via sem observar a presença dos outros veículos;Colisão transversal;Com Vítimas Feridas;Pleno dia;Decrescente;Céu Claro;Simples;"Em Obras;Curva;Aclive";Não;2;0;1;0;1;0;1;2;-26,95573749;-53,20404053;SPRF-SC;DEL07-SC;UOP02-DEL07-SC
626254;06/09/2024;sexta-feira;20:00:00;SP;381;68;MAIRIPORA;Ausência de reação do condutor;Colisão com objeto;Com Vítimas Feridas;Plena Noite;Decrescente;Céu Claro;Dupla;Curva;Sim;1;0;1;0;0;0;1;1;-23,34043796;-46,57433588;SPRF-SP;DEL03-SP;UOP01-DEL03-SP
626255;06/09/2024;sexta-feira;21:00:00;PR;376;157;MANDAGUACU;Acessar a via sem observar a presença dos outros veículos;Colisão transversal;Com Vítimas Fatais;Plena Noite;Decrescente;Céu Claro;Dupla;Reta;Sim;4;1;0;0;1;2;0;3;-23,35251601;-52,09127007;SPRF-PR;DEL09-PR;UOP01-DEL09-PR
626256;06/09/2024;sexta-feira;20:30:00;PB;230;364,8;MALTA;Ausência de reação do condutor;Atropelamento de Pedestre;Com Vítimas Feridas;Plena Noite;Crescente;Céu Claro;Simples;Reta;Sim;2;0;1;1;0;0;2;2;-6,9111;-37,4973;SPRF-PB;DEL03-PB;UOP02-DEL03-PB
626257;06/09/2024;sexta-feira;21:30:00;PI;316;3;TERESINA;Animais na Pista;Atropelamento de Animal;Sem Vítimas;Plena Noite;Crescente;Céu Claro;Múltipla;Reta;Sim;1;0;0;0;1;0;0;1;-5,12826443;-42,79292384;SPRF-PI;DEL01-PI;UOP02-DEL01-PI
626258;06/09/2024;sexta-feira;21:40:00;GO;153;443;ANAPOLIS;Acessar a via sem observar a presença dos outros veículos;Colisão lateral mesmo sentido;Com Vítimas Feridas;Plena Noite;Crescente;Céu Claro;Dupla;Rotatória;Sim;3;0;2;0;0;1;2;2;-16,35425308;-48,93006217;SPRF-GO;DEL02-GO;UOP01-DEL02-GO
626260;06/09/2024;sexta-feira;21:00:00;ES;393;3;CACHOEIRO DE ITAPEMIRIM;Reação tardia ou ineficiente do condutor;Queda de ocupante de veículo;Com Vítimas Feridas;Plena Noite;Decrescente;Céu Claro;Simples;Reta;Não;1;0;1;0;0;0;1;1;-20,82758347;-41,18252617;SPRF-ES;DEL03-ES;UOP02-DEL03-ES
626261;06/09/2024;sexta-feira;19:40:00;RO;364;342,9;JI-PARANA;Ausência de reação do condutor;Colisão traseira;Com Vítimas Feridas;Plena Noite;Crescente;Céu Claro;Múltipla;Reta;Sim;2;0;1;0;1;0;1;2;-10,88381227;-61,93741416;SPRF-RO;DEL02-RO;UOP01-DEL02-RO
626262;06/09/2024;sexta-feira;20:00:00;RJ;101;412;ITAGUAI;Manobra de mudança de faixa;Colisão lateral mesmo sentido;Com Vítimas Feridas;Plena Noite;Crescente;Nublado;Dupla;Reta;Sim;3;0;2;0;1;0;2;2;-22,89720365;-43,85639217;SPRF-RJ;DEL03-RJ;UOP01-DEL03-RJ
626263;06/09/2024;sexta-feira;18:25:00;CE;304;67;ARACATI;Acessar a via sem observar a presença dos outros veículos;Colisão transversal;Com Vítimas Feridas;Anoitecer;Decrescente;Céu Claro;Simples;Reta;Não;3;0;1;1;1;0;2;2;-4,63935017;-37,63278718;SPRF-CE;DEL03-CE;UOP03-DEL03-CE
626264;06/09/2024;sexta-feira;22:00:00;GO;153;510;APARECIDA DE GOIANIA;Manobra de mudança de faixa;Colisão lateral mesmo sentido;Com Vítimas Feridas;Plena Noite;Decrescente;Céu Claro;Múltipla;Reta;Sim;2;0;0;1;1;0;1;2;-16,7977;-49,2386;SPRF-GO;DEL01-GO;UOP03-DEL01-GO
626267;06/09/2024;sexta-feira;17:15:00;SC;116;70,6;MONTE CASTELO;Acessar a via sem observar a presença dos outros veículos;Colisão transversal;Com Vítimas Feridas;Pleno dia;Crescente;Nublado;Simples;Reta;Não;3;0;3;0;0;0;3;2;-26,46909494;-50,23134921;SPRF-SC;DEL06-SC;UOP02-DEL06-SC
626268;06/09/2024;sexta-feira;20:00:00;RJ;101;575;PARATY;Transitar na contramão;Colisão frontal;Com Vítimas Feridas;Plena Noite;Crescente;Céu Claro;Simples;Reta;Não;2;0;1;0;1;0;1;2;-23,21978585;-44,73466957;SPRF-RJ;DEL03-RJ;UOP04-DEL03-RJ
626269;06/09/2024;sexta-feira;19:40:00;RJ;493;14;GUAPIMIRIM;Ausência de reação do condutor;Atropelamento de Pedestre;Com Vítimas Fatais;Plena Noite;Decrescente;Céu Claro;Simples;Reta;Não;3;1;0;0;2;0;0;2;-22,67034011;-42,98256206;SPRF-RJ;DEL04-RJ;UOP02-DEL04-RJ
626270;06/09/2024;sexta-feira;22:00:00;MA;316;441;PERITORO;Ausência de reação do condutor;Saída de leito carroçável;Com Vítimas Feridas;Plena Noite;Decrescente;Céu Claro;Simples;Curva;Não;1;0;0;1;0;0;1;1;-4,434803;-44,203098;SPRF-MA;DEL03-MA;UOP01-DEL03-MA
626271;06/09/2024;sexta-feira;23:00:00;SP;116;186,9;SANTA ISABEL;Reação tardia ou ineficiente do condutor;Colisão com objeto;Com Vítimas Feridas;Plena Noite;Decrescente;Nublado;Múltipla;"Reta;Retorno Regulamentado";Sim;1;0;0;1;0;0;1;1;-23,35220682;-46,19934905;SPRF-SP;DEL01-SP;UOP01-DEL01-SP
626273;06/09/2024;sexta-feira;20:30:00;RJ;40;121;DUQUE DE CAXIAS;Velocidade Incompatível;Colisão lateral mesmo sentido;Com Vítimas Feridas;Plena Noite;Decrescente;Céu Claro;Múltipla;Reta;Sim;2;0;0;1;1;0;1;2;-22,78185499;-43,28571273;SPRF-RJ;DEL01-RJ;UOP02-DEL01-RJ
626275;06/09/2024;sexta-feira;23:00:00;SC;101;201,1;SAO JOSE;Demais falhas mecânicas ou elétricas;Tombamento;Com Vítimas Feridas;Plena Noite;Decrescente;Nublado;Múltipla;Reta;Sim;2;0;2;0;0;0;2;1;-27,54836599;-48,61977975;SPRF-SC;DEL01-SC;UOP01-DEL01-SC
626276;06/09/2024;sexta-feira;22:45:00;GO;60;386;RIO VERDE;Ausência de reação do condutor;Colisão com objeto;Sem Vítimas;Plena Noite;Decrescente;Céu Claro;Dupla;Declive;Sim;1;0;0;0;1;0;0;1;-17,8029;-50,9205;SPRF-GO;DEL04-GO;UOP02-DEL04-GO
626277;06/09/2024;sexta-feira;21:40:00;MT;163;837;SINOP;Acessar a via sem observar a presença dos outros veículos;Colisão transversal;Com Vítimas Feridas;Plena Noite;Decrescente;Céu Claro;Simples;Reta;Sim;5;0;1;1;3;0;2;3;-11,84403786;-55,49085086;SPRF-MT;DEL06-MT;UOP02-DEL06-MT
626278;06/09/2024;sexta-feira;22:30:00;SC;116;218,9;CORREIA PINTO;Ausência de reação do condutor;Colisão com objeto;Com Vítimas Feridas;Plena Noite;Crescente;Céu Claro;Simples;"Reta;Aclive";Sim;1;0;1;0;0;0;1;1;-27,57012897;-50,37318791;SPRF-SC;DEL05-SC;UOP03-DEL05-SC
626279;06/09/2024;sexta-feira;21:55:00;PE;101;65;RECIFE;Velocidade Incompatível;Colisão traseira;Com Vítimas Feridas;Plena Noite;Decrescente;Céu Claro;Dupla;Reta;Sim;2;0;0;1;1;0;1;2;-8,024815;-34,942722;SPRF-PE;DEL01-PE;UOP01-DEL01-PE
626280;06/09/2024;sexta-feira;23:30:00;RS;285;375;SALDANHA MARINHO;Reação tardia ou ineficiente do condutor;Saída de leito carroçável;Sem Vítimas;Plena Noite;Decrescente;Céu Claro;Simples;Curva;Não;1;0;0;0;0;1;0;1;-28,412359;-53,111118;SPRF-RS;DEL10-RS;UOP02-DEL10-RS
626281;06/09/2024;sexta-feira;22:00:00;ES;101;143,7;LINHARES;Reação tardia ou ineficiente do condutor;Saída de leito carroçável;Com Vítimas Feridas;Plena Noite;Decrescente;Céu Claro;Múltipla;"Reta;Declive";Sim;3;0;3;0;0;0;3;1;-19,34286596;-40,0638568;SPRF-ES;DEL04-ES;UOP01-DEL04-ES
626284;06/09/2024;sexta-feira;23:00:00;MT;163;25,6;ITIQUIRA;Objeto estático sobre o leito carroçável;Queda de ocupante de veículo;Com Vítimas Feridas;Plena Noite;Decrescente;Céu Claro;Dupla;"Reta;Declive";Não;1;0;1;0;0;0;1;1;-17,29821999;-54,76331983;SPRF-MT;DEL02-MT;UOP03-DEL02-MT
626285;06/09/2024;sexta-feira;22:35:00;MT;364;551;ROSARIO OESTE;Ingestão de álcool pelo condutor;Colisão traseira;Com Vítimas Feridas;Plena Noite;Crescente;Céu Claro;Dupla;"Reta;Em Obras";Não;2;0;0;1;1;0;1;2;-14,840096;-56,440548;SPRF-MT;DEL01-MT;UOP01-DEL01-MT
626286;06/09/2024;sexta-feira;19:58:00;MT;364;521;JANGADA;Acessar a via sem observar a presença dos outros veículos;Colisão traseira;Sem Vítimas;Plena Noite;Crescente;Céu Claro;Simples;Reta;Não;4;0;0;0;4;0;0;2;-15,08507399;-56,51870629;SPRF-MT;DEL01-MT;UOP01-DEL01-MT
626287;07/09/2024;sábado;01:10:00;RS;386;44,5;SEBERI;Velocidade Incompatível;Saída de leito carroçável;Com Vítimas Feridas;Plena Noite;Decrescente;Céu Claro;Simples;Curva;Não;1;0;0;1;0;0;1;1;-27,44487742;-53,41458321;SPRF-RS;DEL08-RS;UOP02-DEL08-RS
626288;06/09/2024;sexta-feira;22:00:00;RJ;101;503;ANGRA DOS REIS;Desrespeitar a preferência no cruzamento;Colisão transversal;Com Vítimas Feridas;Plena Noite;Decrescente;Nublado;Simples;Reta;Sim;5;0;2;2;1;0;4;2;-22,929671;-44,380688;SPRF-RJ;DEL03-RJ;UOP03-DEL03-RJ
626289;07/09/2024;sábado;00:40:00;BA;324;7;FEIRA DE SANTANA;Acumulo de areia ou detritos sobre o pavimento;Tombamento;Com Vítimas Feridas;Plena Noite;Crescente;Céu Claro;Dupla;Viaduto;Não;2;0;0;1;0;1;1;1;-12,268362;-38,988907;SPRF-BA;DEL02-BA;UOP01-DEL02-BA
626291;07/09/2024;sábado;00:20:00;MG;0;0;RIBEIRAO DAS NEVES;Restrição de visibilidade em curvas horizontais;Colisão frontal;Sem Vítimas;Plena Noite;Não Informado;Céu Claro;Simples;Interseção de Vias;Sim;2;0;0;0;2;0;0;2;-19,78479575;-44,10461426;SPRF-MG;DEL01-MG;UOP02-DEL01-MG
626293;07/09/2024;sábado;01:30:00;ES;101;269;SERRA;Entrada inopinada do pedestre;Atropelamento de Pedestre;Com Vítimas Feridas;Plena Noite;Decrescente;Ignorado;Múltipla;Interseção de Vias;Sim;2;0;2;0;0;0;2;2;-20,21740496;-40,26990578;SPRF-ES;DEL02-ES;UOP01-DEL02-ES
626294;07/09/2024;sábado;00:40:00;MG;381;493;BETIM;Acessar a via sem observar a presença dos outros veículos;Atropelamento de Pedestre;Com Vítimas Fatais;Plena Noite;Decrescente;Céu Claro;Dupla;Reta;Sim;2;1;0;0;1;0;0;2;-19,9879527;-44,1539591;SPRF-MG;DEL01-MG;UOP03-DEL01-MG
626295;07/09/2024;sábado;00:15:00;PR;476;108,4;COLOMBO;Ingestão de álcool pelo condutor;Saída de leito carroçável;Com Vítimas Feridas;Plena Noite;Decrescente;Nublado;Simples;Curva;Não;2;0;1;0;0;1;1;1;-25,298958;-49,152153;SPRF-PR;DEL01-PR;UOP01-DEL01-PR
626296;07/09/2024;sábado;00:25:00;CE;222;312;TIANGUA;Condutor Dormindo;Colisão traseira;Com Vítimas Feridas;Plena Noite;Decrescente;Céu Claro;Dupla;"Reta;Declive";Sim;3;0;3;0;0;0;3;2;-3,71699311;-40,9914242;SPRF-CE;DEL04-CE;UOP02-DEL04-CE
626297;07/09/2024;sábado;00:30:00;GO;60;163;GOIANIA;Animais na Pista;Atropelamento de Animal;Com Vítimas Feridas;Pleno dia;Crescente;Céu Claro;Dupla;"Reta;Declive";Sim;1;0;1;0;0;0;1;1;-16,7002;-49,3335;SPRF-GO;DEL01-GO;UOP02-DEL01-GO
626298;07/09/2024;sábado;01:15:00;SP;116;70,1;APARECIDA;Pedestre andava na pista;Atropelamento de Pedestre;Com Vítimas Feridas;Plena Noite;Crescente;Nublado;Dupla;Curva;Sim;2;0;0;1;0;1;1;2;-22,84852898;-45,22705084;SPRF-SP;DEL08-SP;UOP01-DEL08-SP
626299;06/09/2024;sexta-feira;21:42:00;RJ;101;484;ANGRA DOS REIS;Ingestão de álcool pelo condutor;Colisão lateral sentido oposto;Com Vítimas Feridas;Plena Noite;Crescente;Nublado;Simples;Reta;Não;2;0;0;1;1;0;1;2;-22,99096308;-44,30429882;SPRF-RJ;DEL03-RJ;UOP03-DEL03-RJ
626300;07/09/2024;sábado;00:50:00;PI;343;8,4;PARNAIBA;Ingestão de álcool pelo condutor;Queda de ocupante de veículo;Sem Vítimas;Plena Noite;Crescente;Céu Claro;Simples;Reta;Sim;1;0;0;0;0;1;0;1;-2,89995097;-41,72793239;SPRF-PI;DEL05-PI;UOP01-DEL05-PI
626303;07/09/2024;sábado;02:00:00;RJ;101;269;RIO BONITO;Ausência de reação do condutor;Colisão com objeto;Com Vítimas Feridas;Plena Noite;Crescente;Ignorado;Dupla;Reta;Não;2;0;1;0;1;0;1;1;-22,71495082;-42,67804708;SPRF-RJ;DEL02-RJ;UOP03-DEL02-RJ
626304;07/09/2024;sábado;02:20:00;SC;101;206,8;SAO JOSE;Ingestão de álcool pelo condutor;Colisão traseira;Com Vítimas Feridas;Plena Noite;Crescente;Céu Claro;Dupla;"Reta;Interseção de Vias";Não;4;0;2;0;1;1;2;3;-27,59193546;-48,61824557;SPRF-SC;DEL01-SC;UOP01-DEL01-SC
626306;07/09/2024;sábado;02:40:00;TO;10;461,7;PALMAS;Ausência de reação do condutor;Atropelamento de Animal;Com Vítimas Feridas;Plena Noite;Decrescente;Céu Claro;Dupla;Curva;Não;2;0;1;1;0;0;2;2;-10,25285;-48,31238;SPRF-TO;DEL01-TO;UOP03-DEL01-TO
626307;07/09/2024;sábado;03:00:00;SC;101;199;BIGUACU;Demais falhas mecânicas ou elétricas;Incêndio;Sem Vítimas;Plena Noite;Decrescente;Céu Claro;Múltipla;Reta;Sim;1;0;0;0;1;0;0;1;-27,53413705;-48,63003205;SPRF-SC;DEL01-SC;UOP01-DEL01-SC
626308;07/09/2024;sábado;02:59:00;GO;40;17;LUZIANIA;Ingestão de álcool pelo condutor;Queda de ocupante de veículo;Com Vítimas Fatais;Plena Noite;Crescente;Céu Claro;Dupla;Reta;Sim;2;1;1;0;0;0;1;1;-16,18487;-47,928641;SPRF-DF;DEL01-DF;UOP01-DEL01-DF
626309;07/09/2024;sábado;02:45:00;SC;282;516;XAXIM;Ingestão de álcool pelo condutor;Saída de leito carroçável;Com Vítimas Feridas;Plena Noite;Decrescente;Céu Claro;Simples;Curva;Não;1;0;1;0;0;0;1;1;-26,9290778;-52,4993333;SPRF-SC;DEL07-SC;UOP01-DEL07-SC
626310;07/09/2024;sábado;03:40:00;PI;230;192,9;OEIRAS;Ultrapassagem Indevida;Colisão frontal;Com Vítimas Fatais;Plena Noite;Crescente;Céu Claro;Simples;"Reta;Aclive";Sim;3;1;1;0;1;0;1;2;-6,9864;-42,089097;SPRF-PI;DEL04-PI;UOP01-DEL04-PI
626311;07/09/2024;sábado;03:00:00;PB;230;12,5;CABEDELO;Ingestão de álcool pelo condutor;Atropelamento de Pedestre;Com Vítimas Fatais;Plena Noite;Decrescente;Céu Claro;Dupla;Reta;Sim;5;1;0;0;2;2;0;2;-7,068;-34,85;SPRF-PB;DEL01-PB;UOP01-DEL01-PB
626312;07/09/2024;sábado;03:10:00;PR;116;211;RIO NEGRO;Ausência de reação do condutor;Saída de leito carroçável;Sem Vítimas;Plena Noite;Decrescente;Céu Claro;Simples;Curva;Sim;1;0;0;0;1;0;0;1;-26,07980928;-49,76934983;SPRF-SC;DEL06-SC;UOP01-DEL06-SC
626313;07/09/2024;sábado;01:30:00;SC;101;157;PORTO BELO;Ingestão de álcool pelo condutor;Colisão com objeto;Sem Vítimas;Plena Noite;Decrescente;Céu Claro;Múltipla;Reta;Sim;1;0;0;0;1;0;0;1;-27,181625;-48,6121179;SPRF-SC;DEL04-SC;UOP03-DEL04-SC
626314;07/09/2024;sábado;03:30:00;RS;116;110;SAO MARCOS;Reação tardia ou ineficiente do condutor;Colisão com objeto;Sem Vítimas;Plena Noite;Decrescente;Céu Claro;Simples;"Reta;Declive";Não;2;0;0;0;2;0;0;1;-28,93751206;-51,09448306;SPRF-RS;DEL05-RS;UOP01-DEL05-RS
626315;07/09/2024;sábado;04:50:00;SC;470;57,2;BLUMENAU;Ingestão de álcool pelo condutor;Capotamento;Sem Vítimas;Plena Noite;Decrescente;Ignorado;Simples;"Em Obras;Rotatória;Curva;Declive;Desvio Temporário";Sim;1;0;0;0;1;0;0;1;-26,88179911;-49,13845539;SPRF-SC;DEL04-SC;UOP01-DEL04-SC
626319;07/09/2024;sábado;05:20:00;PA;316;31,4;SANTA IZABEL DO PARA;Ausência de reação do condutor;Tombamento;Com Vítimas Feridas;Amanhecer;Decrescente;Céu Claro;Dupla;Curva;Não;1;0;0;1;0;0;1;1;-1,298523;-48,19018;SPRF-PA;DEL01-PA;UOP01-DEL01-PA
626321;07/09/2024;sábado;03:50:00;MT;163;832;SINOP;Ingestão de álcool pelo condutor;Queda de ocupante de veículo;Com Vítimas Feridas;Plena Noite;Decrescente;Céu Claro;Dupla;"Reta;Retorno Regulamentado";Sim;1;0;1;0;0;0;1;1;-11,88210515;-55,50084781;SPRF-MT;DEL06-MT;UOP02-DEL06-MT
626324;07/09/2024;sábado;05:50:00;MG;50;178;UBERABA;Reação tardia ou ineficiente do condutor;Colisão com objeto;Com Vítimas Feridas;Pleno dia;Crescente;Céu Claro;Dupla;Reta;Sim;1;0;1;0;0;0;1;1;-19,77896821;-47,94093599;SPRF-MG;DEL13-MG;UOP01-DEL13-MG
626325;07/09/2024;sábado;04:10:00;MG;116;543,5;SANTA RITA DE MINAS;Ausência de reação do condutor;Colisão com objeto;Com Vítimas Feridas;Plena Noite;Decrescente;Céu Claro;Simples;Ponte;Não;4;0;2;0;2;0;2;1;-19,91184896;-42,1350328;SPRF-MG;DEL06-MG;UOP02-DEL06-MG
626327;07/09/2024;sábado;02:35:00;SC;163;83,7;GUARACIABA;Velocidade Incompatível;Saída de leito carroçável;Sem Vítimas;Plena Noite;Decrescente;Céu Claro;Simples;Curva;Não;1;0;0;0;0;1;0;1;-26,62425308;-53,51596135;SPRF-SC;DEL07-SC;UOP03-DEL07-SC
626328;07/09/2024;sábado;01:50:00;PR;277;31,9;MORRETES;Condutor Dormindo;Colisão com objeto;Sem Vítimas;Plena Noite;Crescente;Nublado;Simples;Curva;Não;1;0;0;0;0;1;0;1;-25,56068062;-48,81331378;SPRF-PR;DEL01-PR;UOP05-DEL01-PR
626329;07/09/2024;sábado;05:30:00;MT;158;413,6;RIBEIRAO CASCALHEIRA;Condutor Dormindo;Colisão frontal;Com Vítimas Feridas;Amanhecer;Crescente;Céu Claro;Simples;Reta;Não;6;0;6;0;0;0;6;2;-12,85963605;-51,82350233;SPRF-MT;DEL07-MT;UOP02-DEL07-MT
626330;06/09/2024;sexta-feira;22:40:00;BA;101;104;ALAGOINHAS;Pedestre andava na pista;Atropelamento de Pedestre;Com Vítimas Feridas;Plena Noite;Crescente;Céu Claro;Simples;Reta;Sim;3;0;1;0;0;2;1;2;-12,15963868;-38,41162324;SPRF-BA;DEL01-BA;UOP04-DEL01-BA
626331;07/09/2024;sábado;05:15:00;PR;158;401,9;LARANJEIRAS DO SUL;Transitar na contramão;Colisão frontal;Com Vítimas Feridas;Amanhecer;Crescente;Céu Claro;Simples;"Reta;Declive";Não;12;0;5;0;7;0;5;3;-25,34514;-52,37167;SPRF-PR;DEL04-PR;UOP02-DEL04-PR
626332;07/09/2024;sábado;05:00:00;PR;163;227,8;CASCAVEL;Ingestão de álcool pelo condutor;Saída de leito carroçável;Sem Vítimas;Plena Noite;Decrescente;Céu Claro;Dupla;Reta;Sim;1;0;0;0;0;1;0;1;-24,8213834;-53,6540311;SPRF-PR;DEL04-PR;UOP01-DEL04-PR
626334;07/09/2024;sábado;05:30:00;SC;101;144,3;ITAPEMA;Ausência de reação do condutor;Colisão com objeto;Com Vítimas Feridas;Amanhecer;Decrescente;Nublado;Dupla;Reta;Não;1;0;0;1;0;0;1;1;-27,0732659;-48,59672716;SPRF-SC;DEL04-SC;UOP03-DEL04-SC
626335;07/09/2024;sábado;06:05:00;PR;277;701;SAO MIGUEL DO IGUACU;Ingestão de álcool pelo condutor;Saída de leito carroçável;Sem Vítimas;Amanhecer;Crescente;Céu Claro;Dupla;"Reta;Aclive";Não;4;0;0;0;4;0;0;1;-25,41088329;-54,33648583;SPRF-PR;DEL05-PR;UOP01-DEL05-PR
626336;07/09/2024;sábado;06:20:00;RN;101;97;NATAL;Reação tardia ou ineficiente do condutor;Colisão com objeto;Com Vítimas Feridas;Pleno dia;Crescente;Céu Claro;Dupla;Reta;Sim;2;0;1;0;1;0;1;2;-5,85758898;-35,21271205;SPRF-RN;DEL01-RN;UOP01-DEL01-RN
626337;07/09/2024;sábado;00:55:00;BA;101;935;MUCURI;Condutor Dormindo;Colisão frontal;Sem Vítimas;Plena Noite;Crescente;Nublado;Simples;Reta;Sim;2;0;0;0;2;0;0;2;-18,16840196;-39,91873914;SPRF-BA;DEL09-BA;UOP02-DEL09-BA
626338;07/09/2024;sábado;02:20:00;SC;101;87;BARRA VELHA;Condutor Dormindo;Queda de ocupante de veículo;Com Vítimas Feridas;Plena Noite;Decrescente;Céu Claro;Múltipla;Reta;Sim;2;0;0;2;0;0;2;1;-26,63713377;-48,69651057;SPRF-SC;DEL03-SC;UOP02-DEL03-SC
626339;07/09/2024;sábado;05:50:00;GO;153;439;ANAPOLIS;Demais falhas mecânicas ou elétricas;Tombamento;Com Vítimas Feridas;Amanhecer;Crescente;Céu Claro;Dupla;Reta;Sim;2;0;1;0;0;1;1;1;-16,298529;-48,928207;SPRF-GO;DEL02-GO;UOP01-DEL02-GO
626340;07/09/2024;sábado;06:50:00;PR;163;172;LINDOESTE;Velocidade Incompatível;Saída de leito carroçável;Com Vítimas Feridas;Amanhecer;Decrescente;Sol;Dupla;"Curva;Declive";Não;1;0;1;0;0;0;1;1;-25,24175091;-53,58673496;SPRF-PR;DEL05-PR;UOP05-DEL05-PR
626341;07/09/2024;sábado;00:50:00;MG;381;478;CONTAGEM;Velocidade Incompatível;Colisão traseira;Com Vítimas Feridas;Plena Noite;Decrescente;Céu Claro;Múltipla;Curva;Não;2;0;2;0;0;0;2;2;-19,95889605;-44,069202;SPRF-MG;DEL01-MG;UOP03-DEL01-MG
626342;06/09/2024;sexta-feira;17:00:00;RJ;116;143;DUQUE DE CAXIAS;Acesso irregular;Colisão transversal;Com Vítimas Fatais;Anoitecer;Decrescente;Céu Claro;Dupla;Reta;Sim;5;1;0;0;4;0;0;3;-22,65237271;-43,23918118;SPRF-RJ;DEL01-RJ;UOP02-DEL01-RJ
626344;07/09/2024;sábado;03:00:00;PR;376;343,6;ORTIGUEIRA;Ingestão de álcool pelo condutor;Saída de leito carroçável;Com Vítimas Feridas;Plena Noite;Crescente;Céu Claro;Simples;Curva;Não;1;0;1;0;0;0;1;1;-24,19556913;-50,95456314;SPRF-PR;DEL07-PR;UOP02-DEL07-PR
626345;07/09/2024;sábado;06:45:00;PR;277;83;CURITIBA;Mal súbito do condutor;Tombamento;Com Vítimas Feridas;Pleno dia;Crescente;Nublado;Dupla;"Curva;Viaduto";Sim;1;0;1;0;0;0;1;1;-25,44361082;-49,23431218;SPRF-PR;DEL01-PR;UOP07-DEL01-PR