id;data_inversa;dia_semana;horario;uf;br;km;municipio;causa_acidente;tipo_acidente;classificacao_acidente;fase_dia;sentido_via;condicao_metereologica;tipo_pista;tracado_via;uso_solo;pessoas;mortos;feridos_leves;feridos_graves;ilesos;ignorados;feridos;veiculos;latitude;longitude;regional;delegacia;uop
626668;08/09/2024;domingo;14:30:00;MG;40;593,8;OURO PRETO;Transitar na contramão;Colisão frontal;Com Vítimas Feridas;Pleno dia;Crescente;Céu Claro;Simples;"Reta;Aclive";Não;4;0;0;1;1;2;1;3;-20,39773226;-43,90261173;SPRF-MG;DEL05-MG;UOP02-DEL05-MG
626670;08/09/2024;domingo;14:00:00;DF;70;6;BRASILIA;Acessar a via sem observar a presença dos outros veículos;Colisão transversal;Com Vítimas Feridas;Pleno dia;Decrescente;Céu Claro;Dupla;Reta;Sim;2;0;1;0;1;0;1;2;-15,78765633;-48,11410552;SPRF-DF;DEL03-DF;UOP02-DEL03-DF
626671;08/09/2024;domingo;15:28:00;AP;210;3;MACAPA;Ingestão de álcool pelo condutor;Colisão frontal;Com Vítimas Feridas;Pleno dia;Crescente;Céu Claro;Simples;Reta;Sim;2;0;1;0;1;0;1;2;0,08723365;-51,08569007;SPRF-AP;DEL01-AP;UOP01-DEL01-AP
626672;08/09/2024;domingo;15:40:00;ES;262;106,9;VENDA NOVA DO IMIGRANTE;Reação tardia ou ineficiente do condutor;Colisão com objeto;Com Vítimas Fatais;Pleno dia;Crescente;Céu Claro;Simples;Reta;Sim;2;1;0;1;0;0;1;1;-20,32620639;-41,14442285;SPRF-ES;DEL01-ES;UOP02-DEL01-ES
626673;08/09/2024;domingo;15:00:00;SC;101;282,4;IMBITUBA;Condutor deixou de manter distância do veículo da frente;Colisão traseira;Sem Vítimas;Pleno dia;Crescente;Céu Claro;Dupla;Reta;Não;4;0;0;0;4;0;0;2;-28,19626005;-48,69739859;SPRF-SC;DEL02-SC;UOP03-DEL02-SC
626674;08/09/2024;domingo;15:30:00;ES;101;8,9;SERRA;Demais falhas mecânicas ou elétricas;Tombamento;Com Vítimas Feridas;Pleno dia;Crescente;Céu Claro;Múltipla;Reta;Não;1;0;0;1;0;0;1;1;-20,13440438;-40,33887243;SPRF-ES;DEL04-ES;UOP02-DEL04-ES
626675;08/09/2024;domingo;14:40:00;SP;116;132,1;CACAPAVA;Condutor deixou de manter distância do veículo da frente;Engavetamento;Com Vítimas Feridas;Pleno dia;Crescente;Sol;Dupla;Reta;Não;6;0;2;0;4;0;2;4;-23,13169757;-45,74481322;SPRF-SP;DEL02-SP;UOP02-DEL02-SP
626676;08/09/2024;domingo;15:00:00;DF;251;15;BRASILIA;Ingestão de álcool pelo condutor;Colisão frontal;Com Vítimas Feridas;Pleno dia;Decrescente;Ignorado;Simples;Reta;Não;3;0;1;0;2;0;1;2;-15,939043;-47,606361;SPRF-DF;DEL01-DF;UOP01-DEL01-DF
626677;08/09/2024;domingo;15:30:00;PR;116;98;SAO JOSE DOS PINHAIS;Ausência de reação do condutor;Saída de leito carroçável;Com Vítimas Feridas;Pleno dia;Decrescente;Céu Claro;Múltipla;Reta;Não;2;0;2;0;0;0;2;1;-25,55853;-49,150247;SPRF-PR;DEL01-PR;UOP07-DEL01-PR
626679;08/09/2024;domingo;15:20:00;MG;40;789;JUIZ DE FORA;Ausência de reação do condutor;Tombamento;Com Vítimas Feridas;Pleno dia;Decrescente;Céu Claro;Dupla;"Curva;Aclive";Não;2;0;2;0;0;0;2;1;-21,75969297;-43,44077628;SPRF-MG;DEL05-MG;UOP01-DEL05-MG
626680;08/09/2024;domingo;14:30:00;SC;101;24,9;SAO JOSE;Reação tardia ou ineficiente do condutor;Colisão lateral mesmo sentido;Com Vítimas Feridas;Pleno dia;Decrescente;Céu Claro;Dupla;Reta;Não;4;0;1;1;0;2;2;3;-27,5884;-48,6128;SPRF-SC;DEL01-SC;UOP02-DEL01-SC
626681;08/09/2024;domingo;15:45:00;SC;101;145,1;ITAPEMA;Manobra de mudança de faixa;Colisão lateral mesmo sentido;Com Vítimas Feridas;Pleno dia;Decrescente;Céu Claro;Dupla;Reta;Não;3;0;1;0;2;0;1;2;-27,08139206;-48,60130993;SPRF-SC;DEL04-SC;UOP03-DEL04-SC
626682;08/09/2024;domingo;13:25:00;RJ;116;275;BARRA MANSA;Transitar na contramão;Colisão frontal;Com Vítimas Feridas;Pleno dia;Decrescente;Céu Claro;Dupla;Curva;Não;3;0;3;0;0;0;3;2;-22,56207185;-44,15671311;SPRF-RJ;DEL07-RJ;UOP02-DEL07-RJ
626683;08/09/2024;domingo;15:50:00;MG;381;632;OLIVEIRA;Velocidade Incompatível;Tombamento;Com Vítimas Feridas;Pleno dia;Decrescente;Céu Claro;Dupla;Curva;Não;2;0;2;0;0;0;2;1;-20,86147692;-44,84048107;SPRF-MG;DEL04-MG;UOP01-DEL04-MG
626684;08/09/2024;domingo;15:30:00;PE;423;73;JUPI;Acessar a via sem observar a presença dos outros veículos;Colisão frontal;Sem Vítimas;Pleno dia;Crescente;Céu Claro;Simples;Reta;Não;2;0;0;0;1;1;0;2;-8,709851;-36,41926432;SPRF-PE;DEL03-PE;UOP01-DEL03-PE
626685;08/09/2024;domingo;14:00:00;BA;242;226;ITABERABA;Acessar a via sem observar a presença dos outros veículos;Colisão transversal;Com Vítimas Feridas;Pleno dia;Decrescente;Céu Claro;Simples;Interseção de Vias;Sim;3;0;2;0;1;0;2;2;-12,51935324;-40,28080344;SPRF-BA;DEL06-BA;UOP02-DEL06-BA
626686;08/09/2024;domingo;15:20:00;GO;153;352,1;JARAGUA;Reação tardia ou ineficiente do condutor;Saída de leito carroçável;Com Vítimas Feridas;Pleno dia;Decrescente;Céu Claro;Simples;"Declive;Reta";Não;2;0;0;1;1;0;1;1;-15,69449091;-49,33669567;SPRF-GO;DEL02-GO;UOP02-DEL02-GO
626687;08/09/2024;domingo;12:00:00;GO;60;314;ACREUNA;Avarias e/ou desgaste excessivo no pneu;Saída de leito carroçável;Com Vítimas Feridas;Pleno dia;Crescente;Céu Claro;Dupla;Reta;Não;4;0;3;1;0;0;4;1;-17,4425;-50,4294;SPRF-GO;DEL04-GO;UOP02-DEL04-GO
626688;08/09/2024;domingo;15:23:00;PE;101;49,2;ABREU E LIMA;Pedestre cruzava a pista fora da faixa;Atropelamento de Pedestre;Com Vítimas Fatais;Pleno dia;Decrescente;Céu Claro;Múltipla;Reta;Sim;2;1;1;0;0;0;1;2;-7,9005152;-34,90180641;SPRF-PE;DEL01-PE;UOP02-DEL01-PE
626689;08/09/2024;domingo;16:00:00;MG;251;522,5;MONTES CLAROS;Pista Escorregadia;Tombamento;Com Vítimas Feridas;Pleno dia;Crescente;Céu Claro;Simples;"Reta;Aclive";Não;2;0;0;1;1;0;1;1;-16,6754567;-43,7987724;SPRF-MG;DEL12-MG;UOP01-DEL12-MG
626690;08/09/2024;domingo;15:30:00;SP;116;47,9;CANAS;Avarias e/ou desgaste excessivo no pneu;Tombamento;Com Vítimas Feridas;Pleno dia;Decrescente;Nublado;Dupla;Reta;Não;2;0;1;1;0;0;2;1;-22,71946606;-45,06109596;SPRF-SP;DEL08-SP;UOP02-DEL08-SP
626691;08/09/2024;domingo;16:30:00;SP;116;224;GUARULHOS;Ausência de reação do condutor;Colisão lateral mesmo sentido;Com Vítimas Feridas;Pleno dia;Crescente;Nublado;Múltipla;Reta;Não;3;0;2;0;1;0;2;3;-23,48071896;-46,53271603;SPRF-SP;DEL01-SP;UOP01-DEL01-SP
626692;08/09/2024;domingo;15:30:00;MG;116;539;SANTA RITA DE MINAS;Reação tardia ou ineficiente do condutor;Capotamento;Sem Vítimas;Pleno dia;Crescente;Céu Claro;Simples;Curva;Não;1;0;0;0;0;1;0;1;-19,88240027;-42,13242591;SPRF-MG;DEL06-MG;UOP02-DEL06-MG
626693;08/09/2024;domingo;15:40:00;MS;262;422;TERENOS;Acessar a via sem observar a presença dos outros veículos;Atropelamento de Pedestre;Com Vítimas Fatais;Pleno dia;Crescente;Céu Claro;Simples;Reta;Não;5;1;0;0;2;2;0;2;-20,46751694;-55,22241096;SPRF-MS;DEL01-MS;UOP03-DEL01-MS
626694;08/09/2024;domingo;17:00:00;RN;110;45;MOSSORO;Ingestão de álcool pelo condutor;Colisão lateral sentido oposto;Com Vítimas Feridas;Pleno dia;Crescente;Céu Claro;Simples;Reta;Sim;2;0;1;0;1;0;1;2;-5,19257993;-37,31114905;SPRF-RN;DEL04-RN;UOP01-DEL04-RN
626696;08/09/2024;domingo;17:15:00;PR;277;637;CEU AZUL;Reação tardia ou ineficiente do condutor;Colisão traseira;Com Vítimas Feridas;Pleno dia;Decrescente;Céu Claro;Simples;Reta;Não;5;0;1;0;4;0;1;2;-25,15127997;-53,84435289;SPRF-PR;DEL05-PR;UOP02-DEL05-PR
626699;08/09/2024;domingo;16:22:00;RN;406;166,7;SAO GONCALO DO AMARANTE;Condutor deixou de manter distância do veículo da frente;Colisão traseira;Sem Vítimas;Pleno dia;Crescente;Céu Claro;Dupla;Reta;Não;2;0;0;0;2;0;0;2;-5,7466896;-35,33149685;SPRF-RN;DEL02-RN;UOP01-DEL02-RN
626700;08/09/2024;domingo;17:10:00;SE;235;57;ITABAIANA;Ausência de reação do condutor;Queda de ocupante de veículo;Com Vítimas Feridas;Pleno dia;Crescente;Céu Claro;Simples;Reta;Sim;1;0;1;0;0;0;1;1;-10,650009;-37,451248;SPRF-SE;DEL01-SE;UOP02-DEL01-SE
626703;08/09/2024;domingo;17:00:00;MG;365;8,3;MONTES CLAROS;Acessar a via sem observar a presença dos outros veículos;Colisão lateral mesmo sentido;Com Vítimas Feridas;Pleno dia;Crescente;Céu Claro;Simples;Reta;Não;3;0;2;0;1;0;2;2;-16,78382;-43,890787;SPRF-MG;DEL12-MG;UOP01-DEL12-MG
626704;08/09/2024;domingo;16:59:00;MG;40;505,6;RIBEIRAO DAS NEVES;Ausência de reação do condutor;Queda de ocupante de veículo;Com Vítimas Feridas;Pleno dia;Crescente;Céu Claro;Dupla;Reta;Não;2;0;0;2;0;0;2;2;-19,75431705;-44,14152606;SPRF-MG;DEL02-MG;UOP01-DEL02-MG
626705;08/09/2024;domingo;17:35:00;MG;381;362,8;JOAO MONLEVADE;Pista Escorregadia;Tombamento;Com Vítimas Feridas;Pleno dia;Decrescente;Céu Claro;Simples;Curva;Sim;2;0;1;0;1;0;1;1;-19,85643939;-43,24280693;SPRF-MG;DEL03-MG;UOP01-DEL03-MG
626706;08/09/2024;domingo;17:00:00;RJ;116;235;PIRAI;Manobra de mudança de faixa;Colisão lateral mesmo sentido;Com Vítimas Feridas;Pleno dia;Decrescente;Céu Claro;Dupla;Curva;Não;2;0;1;0;1;0;1;2;-22,66934677;-43,85528603;SPRF-RJ;DEL07-RJ;UOP01-DEL07-RJ
626707;08/09/2024;domingo;17:20:00;ES;101;75,2;SAO MATEUS;Ultrapassagem Indevida;Colisão lateral sentido oposto;Com Vítimas Feridas;Anoitecer;Crescente;Céu Claro;Simples;Reta;Não;5;0;1;0;4;0;1;2;-18,78487912;-39,87911084;SPRF-ES;DEL04-ES;UOP02-DEL04-ES
626708;08/09/2024;domingo;17:30:00;MG;40;726,9;OLIVEIRA FORTES;Velocidade Incompatível;Saída de leito carroçável;Com Vítimas Feridas;Anoitecer;Crescente;Céu Claro;Dupla;"Curva;Declive";Não;2;0;2;0;0;0;2;1;-21,31059847;-43,60380204;SPRF-MG;DEL05-MG;UOP01-DEL05-MG
626710;08/09/2024;domingo;17:30:00;ES;101;276,5;SERRA;Demais falhas mecânicas ou elétricas;Colisão com objeto;Sem Vítimas;Pleno dia;Decrescente;Céu Claro;Dupla;Reta;Não;1;0;0;0;1;0;0;1;-20,2116659;-40,3192734;SPRF-ES;DEL02-ES;UOP01-DEL02-ES
626711;08/09/2024;domingo;17:10:00;MG;40;519;RIBEIRAO DAS NEVES;Ingestão de álcool pelo condutor;Colisão traseira;Com Vítimas Feridas;Pleno dia;Crescente;Céu Claro;Dupla;Reta;Não;3;0;2;0;1;0;2;1;-19,83957589;-44,07684485;SPRF-MG;DEL01-MG;UOP02-DEL01-MG
626713;08/09/2024;domingo;16:20:00;SP;381;84;SAO PAULO;Ausência de reação do condutor;Queda de ocupante de veículo;Com Vítimas Feridas;Pleno dia;Crescente;Céu Claro;Múltipla;Reta;Sim;2;0;1;1;0;0;2;1;-23,43937;-46,56807;SPRF-SP;DEL03-SP;UOP01-DEL03-SP
626715;08/09/2024;domingo;17:55:00;BA;101;713,1;EUNAPOLIS;Acessar a via sem observar a presença dos outros veículos;Colisão transversal;Sem Vítimas;Anoitecer;Decrescente;Céu Claro;Simples;Reta;Sim;2;0;0;0;2;0;0;2;-16,33747805;-39,5812726;SPRF-BA;DEL09-BA;UOP01-DEL09-BA
626716;08/09/2024;domingo;17:52:00;CE;222;2;FORTALEZA;Pedestre cruzava a pista fora da faixa;Colisão transversal;Com Vítimas Feridas;Plena Noite;Crescente;Céu Claro;Múltipla;Reta;Sim;2;0;1;0;1;0;1;2;-3,73911117;-38,58687498;SPRF-CE;DEL01-CE;UOP01-DEL01-CE
626719;08/09/2024;domingo;13:45:00;RO;364;422;JARU;Retorno proibido;Colisão lateral mesmo sentido;Sem Vítimas;Pleno dia;Decrescente;Sol;Simples;"Rotatória;Aclive;Reta";Sim;3;0;0;0;3;0;0;2;-10,4597532;-62,4558043;SPRF-RO;DEL03-RO;UOP02-DEL03-RO
626720;08/09/2024;domingo;14:30:00;GO;364;15;SAO SIMAO;Acessar a via sem observar a presença dos outros veículos;Colisão transversal;Com Vítimas Feridas;Pleno dia;Decrescente;Céu Claro;Simples;"Reta;Declive";Não;3;0;1;1;1;0;2;2;-18,963009;-50,615242;SPRF-GO;DEL05-GO;UOP02-DEL05-GO
626721;08/09/2024;domingo;14:30:00;PI;230;14,7;FRONTEIRAS;Frear bruscamente;Colisão traseira;Com Vítimas Feridas;Pleno dia;Decrescente;Céu Claro;Simples;Reta;Não;2;0;0;1;1;0;1;2;-7,08424705;-40,582401;SPRF-PI;DEL04-PI;UOP03-DEL04-PI
626722;08/09/2024;domingo;18:00:00;RJ;101;270;RIO BONITO;Acesso irregular;Atropelamento de Pedestre;Com Vítimas Fatais;Plena Noite;Decrescente;Céu Claro;Dupla;Reta;Sim;2;1;0;0;0;1;0;2;-22,71852325;-42,68689289;SPRF-RJ;DEL02-RJ;UOP03-DEL02-RJ
626723;08/09/2024;domingo;17:00:00;PR;369;110;URAI;Avarias e/ou desgaste excessivo no pneu;Tombamento;Com Vítimas Feridas;Pleno dia;Decrescente;Céu Claro;Dupla;Reta;Não;2;0;2;0;0;0;2;1;-23,27256737;-50,81435323;SPRF-PR;DEL07-PR;UOP05-DEL07-PR
626726;08/09/2024;domingo;17:30:00;RS;290;262;CACHOEIRA DO SUL;Acessar a via sem observar a presença dos outros veículos;Colisão transversal;Com Vítimas Feridas;Pleno dia;Decrescente;Céu Claro;Simples;Rotatória;Não;4;0;1;0;3;0;1;2;-30,263657;-52,845249;SPRF-RS;DEL02-RS;UOP03-DEL02-RS
626727;08/09/2024;domingo;18:15:00;PI;343;344,5;TERESINA;Ausência de reação do condutor;Colisão traseira;Com Vítimas Feridas;Plena Noite;Crescente;Céu Claro;Simples;Reta;Não;4;0;1;0;3;0;1;2;-5,094729;-42,762775;SPRF-PI;DEL01-PI;UOP01-DEL01-PI
626728;08/09/2024;domingo;18:30:00;CE;222;5;CAUCAIA;Manobra de mudança de faixa;Colisão lateral mesmo sentido;Com Vítimas Feridas;Plena Noite;Decrescente;Céu Claro;Dupla;Reta;Sim;4;0;0;1;2;1;1;3;-3,74296918;-38,61330997;SPRF-CE;DEL01-CE;UOP01-DEL01-CE
626729;08/09/2024;domingo;18:21:00;DF;40;3;BRASILIA;Ausência de reação do condutor;Capotamento;Com Vítimas Feridas;Plena Noite;Decrescente;Céu Claro;Dupla;"Reta;Viaduto";Sim;1;0;1;0;0;0;1;1;-16,003145;-47,983944;SPRF-DF;DEL01-DF;UOP01-DEL01-DF
626730;08/09/2024;domingo;18:30:00;SC;282;58,2;RANCHO QUEIMADO;Acessar a via sem observar a presença dos outros veículos;Colisão transversal;Com Vítimas Feridas;Plena Noite;Decrescente;Céu Claro;Simples;"Curva;Interseção de Vias";Não;4;0;1;2;1;0;3;2;-27,683594;-49,005539;SPRF-SC;DEL01-SC;UOP03-DEL01-SC
626732;08/09/2024;domingo;18:20:00;PR;369;90;CORNELIO PROCOPIO;Condutor deixou de manter distância do veículo da frente;Colisão traseira;Com Vítimas Feridas;Anoitecer;Crescente;Céu Claro;Simples;Interseção de Vias;Sim;3;0;2;0;1;0;2;2;-23,198736;-50,654116;SPRF-PR;DEL07-PR;UOP05-DEL07-PR
626733;08/09/2024;domingo;17:02:00;MG;365;651;UBERLANDIA;Demais falhas mecânicas ou elétricas;Saída de leito carroçável;Com Vítimas Feridas;Pleno dia;Decrescente;Céu Claro;Dupla;Reta;Não;3;0;2;0;1;0;2;1;-18,86755464;-48,56819793;SPRF-MG;DEL15-MG;UOP01-DEL15-MG
626734;08/09/2024;domingo;19:10:00;MG;40;532;BELO HORIZONTE;Reação tardia ou ineficiente do condutor;Colisão traseira;Com Vítimas Feridas;Plena Noite;Crescente;Céu Claro;Dupla;"Reta;Aclive";Sim;5;0;1;0;3;1;1;2;-19,92372561;-44,01700789;SPRF-MG;DEL01-MG;UOP02-DEL01-MG
626735;08/09/2024;domingo;18:00:00;PR;116;124,2;CURITIBA;Ausência de reação do condutor;Atropelamento de Pedestre;Com Vítimas Feridas;Anoitecer;Decrescente;Céu Claro;Dupla;Reta;Sim;2;0;2;0;0;0;2;2;-25,622167;-49,315854;SPRF-PR;DEL01-PR;UOP03-DEL01-PR
626737;08/09/2024;domingo;18:20:00;PE;428;184,8;PETROLINA;Reação tardia ou ineficiente do condutor;Saída de leito carroçável;Com Vítimas Feridas;Plena Noite;Decrescente;Céu Claro;Múltipla;Reta;Sim;1;0;1;0;0;0;1;1;-9,33211208;-40,46621385;SPRF-PE;DEL06-PE;UOP01-DEL06-PE
626739;08/09/2024;domingo;19:00:00;SE;235;48,4;ITABAIANA;Transitar na contramão;Colisão frontal;Com Vítimas Feridas;Plena Noite;Decrescente;Céu Claro;Simples;Reta;Não;6;0;3;3;0;0;6;2;-10,724387;-37,41708;SPRF-SE;DEL01-SE;UOP02-DEL01-SE
626740;08/09/2024;domingo;18:30:00;MG;262;363;JUATUBA;Manobra de mudança de faixa;Colisão lateral mesmo sentido;Sem Vítimas;Plena Noite;Crescente;Céu Claro;Dupla;Reta;Não;2;0;0;0;2;0;0;2;-19,97059;-44,29402;SPRF-MG;DEL01-MG;UOP03-DEL01-MG
626741;08/09/2024;domingo;19:25:00;PR;369;80;SANTA MARIANA;Avarias e/ou desgaste excessivo no pneu;Tombamento;Com Vítimas Feridas;Plena Noite;Crescente;Céu Claro;Simples;Reta;Não;2;0;2;0;0;0;2;1;-23,14445818;-50,58516383;SPRF-PR;DEL07-PR;UOP05-DEL07-PR
626742;08/09/2024;domingo;18:30:00;CE;116;16;FORTALEZA;Condutor deixou de manter distância do veículo da frente;Colisão traseira;Com Vítimas Feridas;Plena Noite;Decrescente;Céu Claro;Dupla;Reta;Sim;2;0;1;0;1;0;1;2;-3,88732794;-38,50185439;SPRF-CE;DEL01-CE;UOP02-DEL01-CE
626743;08/09/2024;domingo;18:50:00;BA;324;1;FEIRA DE SANTANA;Condutor deixou de manter distância do veículo da frente;Queda de ocupante de veículo;Com Vítimas Feridas;Plena Noite;Decrescente;Céu Claro;Dupla;Reta;Sim;1;0;1;0;0;0;1;1;-12,267113;-38,966988;SPRF-BA;DEL02-BA;UOP01-DEL02-BA
626744;08/09/2024;domingo;18:30:00;PI;316;5;TERESINA;Manobra de mudança de faixa;Colisão lateral mesmo sentido;Sem Vítimas;Plena Noite;Crescente;Céu Claro;Dupla;Reta;Sim;2;0;0;0;2;0;0;2;-5,14169858;-42,78157276;SPRF-PI;DEL01-PI;UOP02-DEL01-PI
626745;08/09/2024;domingo;19:00:00;SP;116;289;ITAPECERICA DA SERRA;Manobra de mudança de faixa;Colisão lateral mesmo sentido;Com Vítimas Feridas;Plena Noite;Decrescente;Céu Claro;Dupla;Reta;Não;3;0;2;0;0;1;2;2;-23,72290969;-46,89096614;SPRF-SP;DEL04-SP;UOP01-DEL04-SP
626746;08/09/2024;domingo;18:00:00;PB;230;107;INGA;Demais falhas mecânicas ou elétricas;Incêndio;Sem Vítimas;Plena Noite;Crescente;Céu Claro;Dupla;Reta;Não;1;0;0;0;1;0;0;1;-7,2039;-35,5389;SPRF-PB;DEL01-PB;UOP03-DEL01-PB
626747;08/09/2024;domingo;17:20:00;BA;324;359;CAPIM GROSSO;Reação tardia ou ineficiente do condutor;Colisão traseira;Sem Vítimas;Anoitecer;Decrescente;Céu Claro;Simples;Reta;Não;2;0;0;0;2;0;0;2;-11,399406;-39,9560172;SPRF-BA;DEL04-BA;UOP02-DEL04-BA
626748;08/09/2024;domingo;18:16:00;SP;381;89;GUARULHOS;Ausência de reação do condutor;Colisão lateral mesmo sentido;Com Vítimas Feridas;Plena Noite;Crescente;Céu Claro;Simples;Reta;Sim;3;0;2;0;0;1;2;2;-23,48469299;-46,55983288;SPRF-SP;DEL03-SP;UOP01-DEL03-SP
626749;08/09/2024;domingo;15:50:00;PR;376;38;NOVA LONDRINA;Demais falhas mecânicas ou elétricas;Incêndio;Sem Vítimas;Pleno dia;Decrescente;Céu Claro;Simples;"Reta;Declive";Não;1;0;0;0;1;0;0;1;-22,82716993;-53,00189494;SPRF-PR;DEL09-PR;UOP02-DEL09-PR
626750;08/09/2024;domingo;19:30:00;GO;60;168,2;GOIANIA;Acesso irregular;Colisão transversal;Com Vítimas Feridas;Plena Noite;Crescente;Céu Claro;Dupla;"Reta;Retorno Regulamentado";Sim;5;0;3;1;1;0;4;2;-16,73044118;-49,39074581;SPRF-GO;DEL01-GO;UOP02-DEL01-GO
626751;08/09/2024;domingo;18:39:00;GO;70;1;AGUAS LINDAS DE GOIAS;Ingestão de álcool pelo condutor;Colisão traseira;Com Vítimas Feridas;Plena Noite;Decrescente;Céu Claro;Múltipla;Reta;Sim;3;0;2;0;1;0;2;2;-15,77579351;-48,23259001;SPRF-DF;DEL03-DF;UOP02-DEL03-DF
626752;08/09/2024;domingo;18:40:00;MS;163;255;DOURADOS;Transitar na contramão;Colisão frontal;Com Vítimas Fatais;Plena Noite;Decrescente;Céu Claro;Dupla;Reta;Não;3;1;0;0;2;0;0;2;-22,26567386;-54,80944412;SPRF-MS;DEL04-MS;UOP01-DEL04-MS
626754;16/08/2024;sexta-feira;06:15:00;SE;235;12,4;NOSSA SENHORA DO SOCORRO;Manobra de mudança de faixa;Colisão frontal;Com Vítimas Fatais;Pleno dia;Crescente;Céu Claro;Simples;"Aclive;Curva";Sim;3;1;0;0;2;0;0;2;-10,87130226;-37,16701627;SPRF-SE;DEL01-SE;UOP01-DEL01-SE
626755;08/09/2024;domingo;13:00:00;GO;80;5;PADRE BERNARDO;Ingestão de álcool pelo condutor;Atropelamento de Pedestre;Com Vítimas Feridas;Pleno dia;Decrescente;Céu Claro;Simples;Reta;Não;2;0;0;1;1;0;1;2;-15,487851;-48,231476;SPRF-DF;DEL03-DF;UOP02-DEL03-DF
626757;08/09/2024;domingo;19:02:00;CE;116;12;FORTALEZA;Suicídio (presumido);Atropelamento de Pedestre;Com Vítimas Feridas;Plena Noite;Decrescente;Céu Claro;Dupla;Curva;Sim;2;0;0;1;1;0;1;2;-3,85161565;-38,49554296;SPRF-CE;DEL01-CE;UOP02-DEL01-CE
626758;08/09/2024;domingo;16:20:00;MG;116;216;CATUJI;Afundamento ou ondulação no pavimento;Tombamento;Com Vítimas Feridas;Pleno dia;Decrescente;Céu Claro;Simples;"Em Obras;Aclive;Curva";Não;1;0;1;0;0;0;1;1;-17,3756538;-41,52881674;SPRF-MG;DEL11-MG;UOP01-DEL11-MG
626759;08/09/2024;domingo;19:15:00;RS;386;375,9;PAVERAMA;Ingestão de álcool pelo condutor;Colisão traseira;Com Vítimas Feridas;Plena Noite;Decrescente;Céu Claro;Dupla;Reta;Não;4;0;1;0;2;1;1;2;-29,62217899;-51,77632749;SPRF-RS;DEL04-RS;UOP01-DEL04-RS
626760;08/09/2024;domingo;19:10:00;PR;277;113,5;CAMPO LARGO;Acessar a via sem observar a presença dos outros veículos;Atropelamento de Pedestre;Com Vítimas Fatais;Plena Noite;Decrescente;Céu Claro;Dupla;Reta;Sim;3;1;0;0;2;0;0;2;-25,44390236;-49,45451289;SPRF-PR;DEL03-PR;UOP03-DEL03-PR
626761;08/09/2024;domingo;18:56:00;RS;153;1;CACHOEIRA DO SUL;Acesso irregular;Colisão traseira;Com Vítimas Feridas;Plena Noite;Decrescente;Céu Claro;Simples;Interseção de Vias;Sim;3;0;1;0;2;0;1;2;-30,03964;-52,894356;SPRF-RS;DEL02-RS;UOP03-DEL02-RS
626762;08/09/2024;domingo;19:30:00;PE;428;188;PETROLINA;Ingestão de álcool pelo condutor;Colisão traseira;Sem Vítimas;Plena Noite;Crescente;Céu Claro;Dupla;Retorno Regulamentado;Sim;4;0;0;0;4;0;0;2;-9,37624127;-40,49217224;SPRF-PE;DEL06-PE;UOP01-DEL06-PE
626763;08/09/2024;domingo;18:40:00;PR;277;56;SAO JOSE DOS PINHAIS;Retorno proibido;Colisão transversal;Com Vítimas Feridas;Plena Noite;Crescente;Céu Claro;Simples;Aclive;Não;8;0;1;0;7;0;1;2;-25,569018;-48,998863;SPRF-PR;DEL01-PR;UOP05-DEL01-PR
626764;08/09/2024;domingo;18:00:00;RJ;116;253;PIRAI;Reação tardia ou ineficiente do condutor;Colisão traseira;Com Vítimas Feridas;Anoitecer;Decrescente;Céu Claro;Dupla;Reta;Não;2;0;2;0;0;0;2;2;-22,58099934;-43,97818317;SPRF-RJ;DEL07-RJ;UOP01-DEL07-RJ
626765;08/09/2024;domingo;19:15:00;ES;101;142;LINHARES;Manobra de mudança de faixa;Queda de ocupante de veículo;Com Vítimas Feridas;Plena Noite;Crescente;Céu Claro;Múltipla;Reta;Sim;2;0;1;0;0;1;1;2;-19,33458987;-40,06755477;SPRF-ES;DEL04-ES;UOP01-DEL04-ES
626766;08/09/2024;domingo;19:30:00;PR;476;157;ARAUCARIA;Desrespeitar a preferência no cruzamento;Colisão transversal;Com Vítimas Feridas;Plena Noite;Crescente;Céu Claro;Simples;"Reta;Rotatória";Sim;3;0;1;0;2;0;1;2;-25,60602232;-49,42093313;SPRF-PR;DEL01-PR;UOP06-DEL01-PR
626767;08/09/2024;domingo;14:10:00;MG;116;216;CATUJI;Afundamento ou ondulação no pavimento;Tombamento;Com Vítimas Feridas;Pleno dia;Decrescente;Sol;Simples;"Em Obras;Curva;Aclive";Não;1;0;0;1;0;0;1;1;-17,3756538;-41,52881674;SPRF-MG;DEL11-MG;UOP01-DEL11-MG
626768;08/09/2024;domingo;17:45:00;MT;174;224;PORTO ESPERIDIAO;Animais na Pista;Atropelamento de Animal;Com Vítimas Feridas;Anoitecer;Decrescente;Céu Claro;Simples;Reta;Não;1;0;1;0;0;0;1;1;-15,59718675;-58,87010998;SPRF-MT;DEL04-MT;UOP01-DEL04-MT
626769;08/09/2024;domingo;19:30:00;GO;20;38;FORMOSA;Ausência de reação do condutor;Saída de leito carroçável;Sem Vítimas;Plena Noite;Decrescente;Céu Claro;Simples;Reta;Não;1;0;0;0;0;1;0;1;-15,42842;-47,098705;SPRF-DF;DEL02-DF;UOP02-DEL02-DF
626770;08/09/2024;domingo;17:50:00;SC;280;116,2;SAO BENTO DO SUL;Transitar na contramão;Colisão lateral sentido oposto;Sem Vítimas;Pleno dia;Crescente;Céu Claro;Simples;"Reta;Declive";Sim;2;0;0;0;2;0;0;2;-26,2808956;-49,4169527;SPRF-SC;DEL06-SC;UOP03-DEL06-SC