id;data_inversa;dia_semana;horario;uf;br;km;municipio;causa_acidente;tipo_acidente;classificacao_acidente;fase_dia;sentido_via;condicao_metereologica;tipo_pista;tracado_via;uso_solo;pessoas;mortos;feridos_leves;feridos_graves;ilesos;ignorados;feridos;veiculos;latitude;longitude;regional;delegacia;uop
626888;09/09/2024;segunda-feira;07:30:00;SE;101;93;NOSSA SENHORA DO SOCORRO;Conversão proibida;Colisão transversal;Com Vítimas Feridas;Pleno dia;Crescente;Céu Claro;Dupla;Retorno Regulamentado;Não;4;0;4;0;0;0;4;2;-10,90212319;-37,14494787;SPRF-SE;DEL01-SE;UOP01-DEL01-SE
626889;09/09/2024;segunda-feira;09:00:00;AL;316;179,1;BELEM;Desrespeitar a preferência no cruzamento;Colisão transversal;Com Vítimas Feridas;Pleno dia;Crescente;Céu Claro;Simples;Interseção de Vias;Não;2;0;2;0;0;0;2;2;-9,58359382;-36,4979069;SPRF-AL;DEL03-AL;UOP01-DEL03-AL
626890;09/09/2024;segunda-feira;10:10:00;MG;381;491;BETIM;Manobra de mudança de faixa;Colisão lateral mesmo sentido;Com Vítimas Feridas;Pleno dia;Crescente;Céu Claro;Dupla;Reta;Sim;2;0;1;0;1;0;1;2;-19,97018187;-44,18210416;SPRF-MG;DEL01-MG;UOP03-DEL01-MG
626891;09/09/2024;segunda-feira;09:40:00;GO;153;358;JARAGUA;Acessar a via sem observar a presença dos outros veículos;Colisão transversal;Com Vítimas Feridas;Pleno dia;Crescente;Céu Claro;Dupla;Interseção de Vias;Não;2;0;1;0;1;0;1;2;-15,7350719;-49,32354927;SPRF-GO;DEL02-GO;UOP02-DEL02-GO
626892;09/09/2024;segunda-feira;10:20:00;SP;116;154;SAO JOSE DOS CAMPOS;Reação tardia ou ineficiente do condutor;Saída de leito carroçável;Com Vítimas Feridas;Pleno dia;Crescente;Sol;Dupla;Reta;Sim;1;0;0;1;0;0;1;1;-23,23903999;-45,92061901;SPRF-SP;DEL02-SP;UOP01-DEL02-SP
626893;09/09/2024;segunda-feira;10:00:00;BA;324;626;SALVADOR;Condutor deixou de manter distância do veículo da frente;Colisão traseira;Com Vítimas Feridas;Pleno dia;Decrescente;Céu Claro;Dupla;Reta;Não;3;0;2;0;1;0;2;2;-12,95020997;-38,47073108;SPRF-BA;DEL01-BA;UOP01-DEL01-BA
626894;09/09/2024;segunda-feira;10:15:00;CE;304;46;ARACATI;Acessar a via sem observar a presença dos outros veículos;Colisão transversal;Com Vítimas Feridas;Pleno dia;Crescente;Céu Claro;Dupla;"Reta;Rotatória";Sim;3;0;1;1;1;0;2;2;-4,57510003;-37,79823699;SPRF-CE;DEL03-CE;UOP03-DEL03-CE
626897;09/09/2024;segunda-feira;11:00:00;RS;290;84;CACHOEIRINHA;Manobra de mudança de faixa;Colisão lateral mesmo sentido;Sem Vítimas;Pleno dia;Decrescente;Céu Claro;Múltipla;"Reta;Em Obras";Não;5;0;0;0;5;0;0;2;-29,96376;-51,097771;SPRF-RS;DEL01-RS;UOP01-DEL01-RS
626898;08/09/2024;domingo;03:48:00;AM;174;990;PRESIDENTE FIGUEIREDO;Ausência de reação do condutor;Saída de leito carroçável;Com Vítimas Fatais;Plena Noite;Decrescente;Ignorado;Simples;Reta;Não;2;1;1;0;0;0;1;1;-2,05668983;-60,02189673;SPRF-AM;DEL01-AM;UOP02-DEL01-AM
626899;09/09/2024;segunda-feira;10:00:00;RJ;101;306;SAO GONCALO;Ausência de reação do condutor;Atropelamento de Pedestre;Com Vítimas Feridas;Pleno dia;Decrescente;Sol;Dupla;Reta;Sim;2;0;0;1;0;1;1;2;-22,78913759;-43,00550909;SPRF-RJ;DEL02-RJ;UOP02-DEL02-RJ
626901;09/09/2024;segunda-feira;11:05:00;RN;101;106;PARNAMIRIM;Ausência de reação do condutor;Colisão com objeto;Com Vítimas Feridas;Pleno dia;Decrescente;Céu Claro;Múltipla;Reta;Sim;2;0;1;0;1;0;1;2;-5,91056401;-35,26130795;SPRF-RN;DEL01-RN;UOP01-DEL01-RN
626902;09/09/2024;segunda-feira;11:00:00;CE;116;454;BARRO;Acessar a via sem observar a presença dos outros veículos;Colisão lateral mesmo sentido;Com Vítimas Feridas;Pleno dia;Decrescente;Céu Claro;Simples;Reta;Não;2;0;0;1;1;0;1;2;-7,15137597;-38,7786803;SPRF-CE;DEL05-CE;UOP03-DEL05-CE
626903;09/09/2024;segunda-feira;09:00:00;RJ;356;3;ITAPERUNA;Frear bruscamente;Colisão traseira;Com Vítimas Feridas;Pleno dia;Crescente;Céu Claro;Simples;Reta;Não;2;0;1;0;1;0;1;2;-21,14909195;-42,155194;SPRF-RJ;DEL08-RJ;UOP03-DEL08-RJ
626905;09/09/2024;segunda-feira;11:30:00;RN;405;1;MOSSORO;Ausência de reação do condutor;Colisão lateral mesmo sentido;Com Vítimas Feridas;Pleno dia;Crescente;Sol;Dupla;"Reta;Retorno Regulamentado";Sim;2;0;1;0;0;1;1;2;-5,19170196;-37,361471;SPRF-RN;DEL04-RN;UOP02-DEL04-RN
626906;09/09/2024;segunda-feira;08:50:00;RJ;465;14;SEROPEDICA;Ausência de reação do condutor;Colisão frontal;Com Vítimas Feridas;Pleno dia;Crescente;Céu Claro;Simples;Reta;Sim;2;0;1;0;1;0;1;2;-22,804979;-43,638828;SPRF-RJ;DEL06-RJ;UOP02-DEL06-RJ
626908;09/09/2024;segunda-feira;11:15:00;SC;101;189;BIGUACU;Avarias e/ou desgaste excessivo no pneu;Colisão com objeto;Com Vítimas Feridas;Pleno dia;Decrescente;Nublado;Dupla;"Curva;Aclive";Sim;2;0;1;1;0;0;2;1;-27,459393;-48,638914;SPRF-SC;DEL01-SC;UOP01-DEL01-SC
626909;09/09/2024;segunda-feira;12:16:00;PE;407;124,9;PETROLINA;Condutor deixou de manter distância do veículo da frente;Colisão traseira;Com Vítimas Feridas;Pleno dia;Crescente;Céu Claro;Dupla;Reta;Sim;3;0;2;0;1;0;2;2;-9,36929881;-40,54137139;SPRF-PE;DEL06-PE;UOP01-DEL06-PE
626911;09/09/2024;segunda-feira;10:40:00;PI;343;342;TERESINA;Velocidade Incompatível;Colisão traseira;Com Vítimas Feridas;Pleno dia;Decrescente;Céu Claro;Dupla;Reta;Não;2;0;1;0;1;0;1;2;-5,08284;-42,750385;SPRF-PI;DEL01-PI;UOP01-DEL01-PI
626914;09/09/2024;segunda-feira;12:20:00;CE;116;4,5;FORTALEZA;Reação tardia ou ineficiente do condutor;Colisão com objeto;Sem Vítimas;Pleno dia;Decrescente;Céu Claro;Múltipla;Reta;Sim;1;0;0;0;1;0;0;1;-3,789315;-38,510037;SPRF-CE;DEL01-CE;UOP02-DEL01-CE
626916;09/09/2024;segunda-feira;13:10:00;PR;153;390;MALLET;Conversão proibida;Colisão transversal;Com Vítimas Feridas;Pleno dia;Crescente;Céu Claro;Simples;Reta;Não;2;0;2;0;0;0;2;2;-25,88072767;-50,83652623;SPRF-PR;DEL08-PR;UOP02-DEL08-PR
626917;09/09/2024;segunda-feira;08:10:00;SC;101;42,2;JOINVILLE;Reação tardia ou ineficiente do condutor;Colisão traseira;Com Vítimas Feridas;Pleno dia;Decrescente;Garoa/Chuvisco;Dupla;"Reta;Viaduto";Sim;3;0;1;0;2;0;1;3;-26,29251598;-48,88474385;SPRF-SC;DEL03-SC;UOP01-DEL03-SC
626918;09/09/2024;segunda-feira;12:55:00;PR;277;678;MEDIANEIRA;Manobra de mudança de faixa;Colisão lateral mesmo sentido;Com Vítimas Feridas;Pleno dia;Crescente;Céu Claro;Dupla;Reta;Não;2;0;1;0;1;0;1;2;-25,31261205;-54,14871997;SPRF-PR;DEL05-PR;UOP01-DEL05-PR
626920;09/09/2024;segunda-feira;13:25:00;PA;316;55;CASTANHAL;Demais falhas mecânicas ou elétricas;Tombamento;Com Vítimas Feridas;Pleno dia;Crescente;Céu Claro;Dupla;Reta;Não;2;0;1;1;0;0;2;1;-1,30515731;-47,99769044;SPRF-PA;DEL01-PA;UOP01-DEL01-PA
626923;09/09/2024;segunda-feira;10:00:00;RJ;493;8;GUAPIMIRIM;Reação tardia ou ineficiente do condutor;Tombamento;Com Vítimas Feridas;Pleno dia;Decrescente;Sol;Simples;Reta;Não;1;0;1;0;0;0;1;1;-22,71330892;-42,95334574;SPRF-RJ;DEL04-RJ;UOP02-DEL04-RJ
626924;09/09/2024;segunda-feira;13:45:00;SC;282;2;FLORIANOPOLIS;Reação tardia ou ineficiente do condutor;Colisão traseira;Com Vítimas Feridas;Pleno dia;Decrescente;Nublado;Dupla;Reta;Não;2;0;1;0;1;0;1;2;-27,603289;-48,590416;SPRF-SC;DEL01-SC;UOP01-DEL01-SC
626925;09/09/2024;segunda-feira;13:45:00;SC;116;185;SAO CRISTOVAO DO SUL;Acessar a via sem observar a presença dos outros veículos;Colisão transversal;Com Vítimas Feridas;Pleno dia;Decrescente;Céu Claro;Simples;Reta;Sim;2;0;0;1;1;0;1;2;-27,30457329;-50,42005537;SPRF-SC;DEL05-SC;UOP03-DEL05-SC
626926;09/09/2024;segunda-feira;12:40:00;RJ;40;121;DUQUE DE CAXIAS;Acessar a via sem observar a presença dos outros veículos;Colisão transversal;Com Vítimas Feridas;Pleno dia;Decrescente;Céu Claro;Múltipla;Reta;Sim;9;0;1;0;8;0;1;4;-22,78185499;-43,28571273;SPRF-RJ;DEL01-RJ;UOP02-DEL01-RJ
626929;05/09/2024;quinta-feira;20:27:00;PR;369;416;JURANDA;Condutor deixou de manter distância do veículo da frente;Colisão traseira;Com Vítimas Feridas;Plena Noite;Decrescente;Céu Claro;Simples;Reta;Não;2;0;1;0;0;1;1;2;-24,3652;-52,7577;SPRF-PR;DEL04-PR;UOP03-DEL04-PR
626931;09/09/2024;segunda-feira;14:00:00;MG;365;405;PATOS DE MINAS;Reação tardia ou ineficiente do condutor;Colisão lateral mesmo sentido;Sem Vítimas;Pleno dia;Crescente;Céu Claro;Dupla;"Retorno Regulamentado;Interseção de Vias";Sim;4;0;0;0;4;0;0;2;-18,63548589;-46,48266962;SPRF-MG;DEL10-MG;UOP01-DEL10-MG
626933;09/09/2024;segunda-feira;12:30:00;MT;364;252,4;JUSCIMEIRA;Mal súbito do condutor;Saída de leito carroçável;Com Vítimas Feridas;Pleno dia;Crescente;Céu Claro;Dupla;Reta;Não;4;0;3;1;0;0;4;1;-16,10571816;-54,86275136;SPRF-MT;DEL02-MT;UOP01-DEL02-MT
626934;09/09/2024;segunda-feira;12:30:00;PR;277;147;PORTO AMAZONAS;Ausência de reação do condutor;Capotamento;Sem Vítimas;Pleno dia;Crescente;Céu Claro;Simples;Reta;Não;2;0;0;0;2;0;0;1;-25,47289;-49,895964;SPRF-PR;DEL03-PR;UOP03-DEL03-PR
626936;09/09/2024;segunda-feira;14:20:00;GO;40;3;VALPARAISO DE GOIAS;Reação tardia ou ineficiente do condutor;Colisão traseira;Com Vítimas Feridas;Pleno dia;Decrescente;Céu Claro;Dupla;Reta;Sim;2;0;1;0;1;0;1;2;-16,076081;-47,985671;SPRF-DF;DEL01-DF;UOP01-DEL01-DF
626937;09/09/2024;segunda-feira;14:50:00;SC;280;58,1;GUARAMIRIM;Condutor deixou de manter distância do veículo da frente;Colisão traseira;Com Vítimas Feridas;Pleno dia;Crescente;Céu Claro;Dupla;Reta;Sim;2;0;1;0;1;0;1;2;-26,47415593;-49,021211;SPRF-SC;DEL03-SC;UOP03-DEL03-SC
626938;05/06/2024;quarta-feira;13:00:00;RJ;116;171;SAO JOAO DE MERITI;Ausência de reação do condutor;Colisão traseira;Com Vítimas Feridas;Pleno dia;Decrescente;Céu Claro;Dupla;Reta;Não;3;0;2;1;0;0;3;3;-22,8060415;-43,34289573;SPRF-RJ;DEL06-RJ;UOP01-DEL06-RJ
626939;09/09/2024;segunda-feira;13:20:00;GO;153;509,1;APARECIDA DE GOIANIA;Ausência de reação do condutor;Tombamento;Com Vítimas Feridas;Pleno dia;Crescente;Céu Claro;Múltipla;Reta;Sim;1;0;1;0;0;0;1;1;-16,7888;-49,2379;SPRF-GO;DEL01-GO;UOP03-DEL01-GO
626941;16/08/2024;sexta-feira;10:30:00;SC;282;31,4;SANTO AMARO DA IMPERATRIZ;Ausência de reação do condutor;Tombamento;Com Vítimas Fatais;Pleno dia;Decrescente;Céu Claro;Simples;Reta;Não;1;1;0;0;0;0;0;1;-27,6990679;-48,7963204;SPRF-SC;DEL01-SC;UOP03-DEL01-SC
626942;09/09/2024;segunda-feira;14:45:00;RS;285;385,3;SANTA BARBARA DO SUL;Ausência de reação do condutor;Saída de leito carroçável;Com Vítimas Fatais;Pleno dia;Decrescente;Céu Claro;Simples;Reta;Não;1;1;0;0;0;0;0;1;-28,424404;-53,201801;SPRF-RS;DEL10-RS;UOP02-DEL10-RS
626944;09/09/2024;segunda-feira;14:40:00;MA;226;303,9;BARRA DO CORDA;Condutor deixou de manter distância do veículo da frente;Colisão traseira;Com Vítimas Feridas;Pleno dia;Decrescente;Céu Claro;Simples;Reta;Sim;3;0;1;0;2;0;1;3;-5,48821756;-45,27440071;SPRF-MA;DEL06-MA;UOP01-DEL06-MA
626948;09/09/2024;segunda-feira;15:30:00;ES;101;279,8;SERRA;Acessar a via sem observar a presença dos outros veículos;Colisão transversal;Com Vítimas Feridas;Pleno dia;Crescente;Céu Claro;Dupla;Reta;Sim;2;0;1;0;1;0;1;2;-20,218122;-40,339325;SPRF-ES;DEL02-ES;UOP01-DEL02-ES
626949;09/09/2024;segunda-feira;13:40:00;RJ;101;484;ANGRA DOS REIS;Ausência de reação do condutor;Colisão traseira;Com Vítimas Feridas;Pleno dia;Decrescente;Céu Claro;Simples;"Interseção de Vias;Declive";Sim;3;0;1;0;2;0;1;2;-22,99096308;-44,30429882;SPRF-RJ;DEL03-RJ;UOP03-DEL03-RJ
626950;09/09/2024;segunda-feira;15:30:00;RJ;493;24;MAGE;Demais falhas mecânicas ou elétricas;Incêndio;Sem Vítimas;Pleno dia;Decrescente;Céu Claro;Simples;Reta;Não;1;0;0;0;1;0;0;1;-22,65715069;-43,07072902;SPRF-RJ;DEL04-RJ;UOP02-DEL04-RJ
626951;09/09/2024;segunda-feira;15:12:00;TO;10;463,9;PALMAS;Reação tardia ou ineficiente do condutor;Colisão traseira;Com Vítimas Feridas;Pleno dia;Decrescente;Céu Claro;Dupla;"Reta;Retorno Regulamentado";Sim;2;0;2;0;0;0;2;2;-10,23338;-48,30585;SPRF-TO;DEL01-TO;UOP03-DEL01-TO
626953;09/09/2024;segunda-feira;15:55:00;SC;101;204,3;SAO JOSE;Reação tardia ou ineficiente do condutor;Colisão lateral mesmo sentido;Com Vítimas Feridas;Pleno dia;Crescente;Nublado;Múltipla;Reta;Sim;1;0;1;0;0;0;1;1;-27,57413014;-48,61363083;SPRF-SC;DEL01-SC;UOP01-DEL01-SC
626954;09/09/2024;segunda-feira;15:20:00;SP;116;4;GUARULHOS;Reação tardia ou ineficiente do condutor;Colisão traseira;Com Vítimas Feridas;Pleno dia;Crescente;Céu Claro;Dupla;Reta;Não;2;0;1;0;1;0;1;2;-23,42203433;-46,48000765;SPRF-SP;DEL01-SP;UOP01-DEL01-SP
626956;09/09/2024;segunda-feira;15:10:00;BA;415;27;ILHEUS;Avarias e/ou desgaste excessivo no pneu;Queda de ocupante de veículo;Com Vítimas Feridas;Pleno dia;Crescente;Céu Claro;Dupla;Reta;Não;1;0;1;0;0;0;1;1;-14,8482;-39,281986;SPRF-BA;DEL05-BA;UOP01-DEL05-BA
626957;21/07/2024;domingo;06:50:00;AC;364;138;RIO BRANCO;Ausência de reação do condutor;Tombamento;Com Vítimas Feridas;Pleno dia;Decrescente;Céu Claro;Dupla;Reta;Sim;2;0;2;0;0;0;2;1;-9,96112502;-67,85646604;SPRF-AC;DEL01-AC;UOP01-DEL01-AC
626958;09/09/2024;segunda-feira;16:10:00;RS;116;265;CANOAS;Condutor desrespeitou a iluminação vermelha do semáforo;Colisão transversal;Com Vítimas Feridas;Pleno dia;Crescente;Nublado;Múltipla;Rotatória;Sim;4;0;1;0;3;0;1;2;-29,92342302;-51,17780944;SPRF-RS;DEL01-RS;UOP01-DEL01-RS
626959;07/09/2024;sábado;12:15:00;MS;267;628;PORTO MURTINHO;Reação tardia ou ineficiente do condutor;Saída de leito carroçável;Com Vítimas Feridas;Pleno dia;Decrescente;Sol;Simples;"Aclive;Curva";Não;1;0;0;1;0;0;1;1;-21,76857257;-57,37071294;SPRF-MS;DEL05-MS;UOP01-DEL05-MS
626960;09/09/2024;segunda-feira;15:12:00;RS;293;14;CAPAO DO LEAO;Reação tardia ou ineficiente do condutor;Colisão transversal;Sem Vítimas;Pleno dia;Decrescente;Garoa/Chuvisco;Simples;Reta;Sim;2;0;0;0;2;0;0;2;-31,75233352;-52,4609969;SPRF-RS;DEL07-RS;UOP01-DEL07-RS
626962;09/09/2024;segunda-feira;16:00:00;PR;277;122;CAMPO LARGO;Velocidade Incompatível;Saída de leito carroçável;Com Vítimas Feridas;Pleno dia;Decrescente;Céu Claro;Dupla;Curva;Não;2;0;0;2;0;0;2;1;-25,44344167;-49,45985402;SPRF-PR;DEL03-PR;UOP03-DEL03-PR
626963;09/09/2024;segunda-feira;15:45:00;SP;381;84;SAO PAULO;Ausência de reação do condutor;Queda de ocupante de veículo;Com Vítimas Feridas;Pleno dia;Decrescente;Céu Claro;Dupla;Reta;Não;2;0;2;0;0;0;2;1;-23,43937;-46,56807;SPRF-SP;DEL03-SP;UOP01-DEL03-SP
626966;09/09/2024;segunda-feira;15:50:00;RS;116;160;CAXIAS DO SUL;Reação tardia ou ineficiente do condutor;Colisão traseira;Sem Vítimas;Pleno dia;Decrescente;Céu Claro;Simples;Reta;Sim;2;0;0;0;2;0;0;2;-29,23348323;-51,1574333;SPRF-RS;DEL05-RS;UOP01-DEL05-RS
626967;09/09/2024;segunda-feira;15:40:00;MG;381;732,7;CARMO DA CACHOEIRA;Demais falhas mecânicas ou elétricas;Incêndio;Com Vítimas Feridas;Pleno dia;Decrescente;Céu Claro;Dupla;Curva;Não;5;0;1;0;4;0;1;1;-21,55413799;-45,24499427;SPRF-MG;DEL16-MG;UOP02-DEL16-MG
626968;09/09/2024;segunda-feira;17:00:00;RJ;116;305,1;RESENDE;Demais falhas mecânicas ou elétricas;Incêndio;Sem Vítimas;Pleno dia;Crescente;Céu Claro;Dupla;Reta;Não;1;0;0;0;1;0;0;1;-22,45645538;-44,40259093;SPRF-RJ;DEL07-RJ;UOP02-DEL07-RJ
626969;24/08/2024;sábado;13:25:00;MT;364;257;JUSCIMEIRA;Demais falhas mecânicas ou elétricas;Queda de ocupante de veículo;Com Vítimas Feridas;Pleno dia;Decrescente;Céu Claro;Dupla;Reta;Não;1;0;1;0;0;0;1;1;-16,06464917;-54,8799054;SPRF-MT;DEL02-MT;UOP01-DEL02-MT
626970;09/09/2024;segunda-feira;15:30:00;RJ;101;206;CASIMIRO DE ABREU;Acesso irregular;Colisão transversal;Com Vítimas Feridas;Pleno dia;Crescente;Céu Claro;Simples;"Reta;Retorno Regulamentado";Sim;2;0;2;0;0;0;2;2;-22,47647633;-42,20045535;SPRF-RJ;DEL08-RJ;UOP04-DEL08-RJ
626972;09/09/2024;segunda-feira;10:20:00;SC;101;146;ITAPEMA;Acessar a via sem observar a presença dos outros veículos;Queda de ocupante de veículo;Com Vítimas Feridas;Pleno dia;Crescente;Céu Claro;Dupla;"Retorno Regulamentado;Túnel";Sim;2;0;1;0;1;0;1;2;-27,08666525;-48,60955587;SPRF-SC;DEL04-SC;UOP03-DEL04-SC
626973;09/09/2024;segunda-feira;14:30:00;MG;116;421,7;ALPERCATA;Ingestão de álcool pelo condutor;Colisão transversal;Com Vítimas Feridas;Pleno dia;Crescente;Céu Claro;Simples;"Reta;Interseção de Vias";Não;3;0;1;0;2;0;1;2;-18,93669975;-41,94751431;SPRF-MG;DEL06-MG;UOP01-DEL06-MG
626974;09/09/2024;segunda-feira;16:40:00;CE;222;313;TIANGUA;Condutor deixou de manter distância do veículo da frente;Colisão traseira;Com Vítimas Feridas;Pleno dia;Decrescente;Céu Claro;Múltipla;Reta;Sim;2;0;1;0;1;0;1;2;-3,7236142;-40,99670064;SPRF-CE;DEL04-CE;UOP02-DEL04-CE
626975;09/09/2024;segunda-feira;17:00:00;CE;222;63;SAO GONCALO DO AMARANTE;Animais na Pista;Atropelamento de Animal;Com Vítimas Feridas;Pleno dia;Crescente;Céu Claro;Simples;Reta;Sim;2;0;1;0;1;0;1;1;-3,6717776;-39,10726798;SPRF-CE;DEL01-CE;UOP03-DEL01-CE
626977;09/09/2024;segunda-feira;17:30:00;RJ;393;280,5;VOLTA REDONDA;Ultrapassagem Indevida;Colisão transversal;Com Vítimas Feridas;Pleno dia;Crescente;Céu Claro;Simples;Reta;Sim;3;0;2;0;1;0;2;2;-22,47750785;-44,01954402;SPRF-RJ;DEL05-RJ;UOP04-DEL05-RJ
626978;30/08/2024;sexta-feira;18:10:00;RN;101;124;SAO JOSE DE MIPIBU;Iluminação deficiente;Atropelamento de Pedestre;Com Vítimas Feridas;Plena Noite;Crescente;Céu Claro;Dupla;"Curva;Interseção de Vias";Não;3;0;3;0;0;0;3;2;-6,07054896;-35,23785797;SPRF-RN;DEL01-RN;UOP01-DEL01-RN
626979;09/09/2024;segunda-feira;17:40:00;SC;101;200;SAO JOSE;Manobra de mudança de faixa;Colisão lateral mesmo sentido;Com Vítimas Feridas;Anoitecer;Decrescente;Céu Claro;Dupla;Reta;Sim;2;0;2;0;0;0;2;2;-27,54018513;-48,62287714;SPRF-SC;DEL01-SC;UOP01-DEL01-SC
626982;09/09/2024;segunda-feira;17:20:00;BA;407;4;JUAZEIRO;Desrespeitar a preferência no cruzamento;Colisão transversal;Com Vítimas Feridas;Pleno dia;Crescente;Céu Claro;Simples;"Em Obras;Rotatória";Sim;3;0;1;1;1;0;2;2;-9,442873;-40,492978;SPRF-PE;DEL06-PE;UOP01-DEL06-PE
626983;09/09/2024;segunda-feira;16:05:00;RO;364;346;JI-PARANA;Manobra de mudança de faixa;Colisão lateral mesmo sentido;Com Vítimas Feridas;Pleno dia;Crescente;Céu Claro;Dupla;Reta;Sim;2;0;1;0;1;0;1;2;-10,865874;-61,968647;SPRF-RO;DEL02-RO;UOP01-DEL02-RO
626984;09/09/2024;segunda-feira;17:40:00;ES;101;270;SERRA;Ausência de reação do condutor;Colisão lateral mesmo sentido;Com Vítimas Feridas;Anoitecer;Decrescente;Céu Claro;Múltipla;Reta;Sim;2;0;1;0;1;0;1;2;-20,22662056;-40,27075088;SPRF-ES;DEL02-ES;UOP01-DEL02-ES
626985;09/09/2024;segunda-feira;17:00:00;SC;101;147,6;ITAPEMA;Reação tardia ou ineficiente do condutor;Tombamento;Com Vítimas Feridas;Pleno dia;Crescente;Garoa/Chuvisco;Múltipla;Reta;Sim;2;0;2;0;0;0;2;1;-27,09237407;-48,61730888;SPRF-SC;DEL04-SC;UOP03-DEL04-SC
626987;09/09/2024;segunda-feira;17:20:00;RS;470;175;VERANOPOLIS;Acessar a via sem observar a presença dos outros veículos;Colisão transversal;Com Vítimas Feridas;Pleno dia;Crescente;Céu Claro;Simples;"Reta;Retorno Regulamentado";Sim;2;0;1;0;1;0;1;2;-28,91926201;-51,53914905;SPRF-RS;DEL06-RS;UOP02-DEL06-RS
626990;09/09/2024;segunda-feira;16:55:00;PR;373;258,5;PRUDENTOPOLIS;Acessar a via sem observar a presença dos outros veículos;Colisão transversal;Sem Vítimas;Pleno dia;Crescente;Céu Claro;Simples;"Reta;Declive";Não;2;0;0;0;2;0;0;2;-25,20075897;-50,92820203;SPRF-PR;DEL08-PR;UOP01-DEL08-PR
626991;09/09/2024;segunda-feira;18:15:00;PR;277;724;FOZ DO IGUACU;Velocidade Incompatível;Colisão traseira;Com Vítimas Feridas;Anoitecer;Decrescente;Céu Claro;Múltipla;"Reta;Retorno Regulamentado";Sim;2;0;1;0;1;0;1;2;-25,50257577;-54,53868311;SPRF-PR;DEL05-PR;UOP03-DEL05-PR
626993;09/09/2024;segunda-feira;18:30:00;PR;476;151;ARAUCARIA;Trafegar com motocicleta (ou similar) entre as faixas;Colisão lateral mesmo sentido;Com Vítimas Feridas;Anoitecer;Decrescente;Sol;Dupla;Reta;Sim;3;0;2;0;1;0;2;3;-25,563601;-49,377041;SPRF-PR;DEL01-PR;UOP06-DEL01-PR
626996;09/09/2024;segunda-feira;17:01:00;RJ;116;174;SAO JOAO DE MERITI;Demais falhas mecânicas ou elétricas;Incêndio;Sem Vítimas;Pleno dia;Decrescente;Céu Claro;Dupla;Reta;Não;1;0;0;0;1;0;0;1;-22,79423806;-43,36403759;SPRF-RJ;DEL06-RJ;UOP01-DEL06-RJ
626997;09/09/2024;segunda-feira;18:45:00;SP;116;186;SANTA ISABEL;Acessar a via sem observar a presença dos outros veículos;Colisão lateral mesmo sentido;Com Vítimas Feridas;Plena Noite;Crescente;Céu Claro;Dupla;"Reta;Declive";Não;2;0;1;0;1;0;1;2;-23,35220682;-46,19934905;SPRF-SP;DEL01-SP;UOP01-DEL01-SP
626998;09/09/2024;segunda-feira;18:50:00;SP;116;148;SAO JOSE DOS CAMPOS;Reação tardia ou ineficiente do condutor;Engavetamento;Sem Vítimas;Plena Noite;Decrescente;Céu Claro;Múltipla;Reta;Sim;4;0;0;0;4;0;0;4;-23,20067421;-45,8795018;SPRF-SP;DEL02-SP;UOP01-DEL02-SP
626999;09/09/2024;segunda-feira;18:54:00;BA;324;624;SALVADOR;Trafegar com motocicleta (ou similar) entre as faixas;Colisão traseira;Com Vítimas Feridas;Pleno dia;Decrescente;Céu Claro;Dupla;Reta;Não;2;0;1;0;1;0;1;2;-12,933839;-38,47190701;SPRF-BA;DEL01-BA;UOP01-DEL01-BA
627001;09/09/2024;segunda-feira;15:00:00;RJ;101;321;NITEROI;Ausência de reação do condutor;Colisão lateral mesmo sentido;Com Vítimas Feridas;Pleno dia;Crescente;Sol;Múltipla;Reta;Sim;2;0;1;0;1;0;1;2;-22,86981096;-43,11046465;SPRF-RJ;DEL02-RJ;UOP01-DEL02-RJ
627003;09/09/2024;segunda-feira;19:20:00;CE;116;4,6;FORTALEZA;Demais falhas mecânicas ou elétricas;Queda de ocupante de veículo;Com Vítimas Feridas;Plena Noite;Decrescente;Vento;Múltipla;Reta;Não;2;0;2;0;0;0;2;1;-3,7867209;-38,5114568;SPRF-CE;DEL01-CE;UOP02-DEL01-CE
627004;09/09/2024;segunda-feira;18:00:00;SC;101;339,4;TUBARAO;Transitar na contramão;Colisão frontal;Com Vítimas Feridas;Anoitecer;Crescente;Céu Claro;Simples;Reta;Sim;2;0;0;1;1;0;1;2;-28,50773984;-49,05013561;SPRF-SC;DEL02-SC;UOP01-DEL02-SC
627007;09/09/2024;segunda-feira;19:00:00;PR;116;97;SAO JOSE DOS PINHAIS;Reação tardia ou ineficiente do condutor;Tombamento;Com Vítimas Feridas;Plena Noite;Decrescente;Céu Claro;Dupla;Reta;Não;1;0;1;0;0;0;1;1;-25,5495;-49,1499;SPRF-PR;DEL01-PR;UOP07-DEL01-PR
627008;09/09/2024;segunda-feira;19:40:00;PR;277;577,7;CASCAVEL;Entrada inopinada do pedestre;Atropelamento de Pedestre;Com Vítimas Feridas;Plena Noite;Decrescente;Céu Claro;Dupla;Reta;Sim;2;0;0;1;1;0;1;2;-24,98455436;-53,34589143;SPRF-PR;DEL04-PR;UOP01-DEL04-PR
627011;09/09/2024;segunda-feira;20:15:00;SP;381;52;MAIRIPORA;Ausência de reação do condutor;Queda de ocupante de veículo;Com Vítimas Feridas;Plena Noite;Decrescente;Céu Claro;Múltipla;"Curva;Aclive";Não;1;0;1;0;0;0;1;1;-23,2300622;-46,59963076;SPRF-SP;DEL03-SP;UOP01-DEL03-SP