id;data_inversa;dia_semana;horario;uf;br;km;municipio;causa_acidente;tipo_acidente;classificacao_acidente;fase_dia;sentido_via;condicao_metereologica;tipo_pista;tracado_via;uso_solo;pessoas;mortos;feridos_leves;feridos_graves;ilesos;ignorados;feridos;veiculos;latitude;longitude;regional;delegacia;uop
627015;09/09/2024;segunda-feira;19:54:00;PE;101;83,1;JABOATAO DOS GUARARAPES;Condutor deixou de manter distância do veículo da frente;Colisão lateral mesmo sentido;Com Vítimas Feridas;Plena Noite;Crescente;Céu Claro;Dupla;"Reta;Viaduto";Sim;2;0;1;0;1;0;1;2;-8,175172;-34,942642;SPRF-PE;DEL01-PE;UOP01-DEL01-PE
627017;09/09/2024;segunda-feira;19:40:00;BA;242;796;BARREIRAS;Reação tardia ou ineficiente do condutor;Colisão traseira;Com Vítimas Feridas;Plena Noite;Decrescente;Céu Claro;Dupla;Interseção de Vias;Sim;4;0;1;0;3;0;1;2;-12,16162944;-44,85050784;SPRF-BA;DEL10-BA;UOP01-DEL10-BA
627020;09/09/2024;segunda-feira;19:00:00;RJ;40;22;TRES RIOS;Reação tardia ou ineficiente do condutor;Tombamento;Com Vítimas Feridas;Plena Noite;Crescente;Céu Claro;Dupla;Reta;Não;1;0;0;1;0;0;1;1;-22,13398749;-43,15841675;SPRF-RJ;DEL05-RJ;UOP02-DEL05-RJ
627022;09/09/2024;segunda-feira;20:17:00;RN;405;1;MOSSORO;Acessar a via sem observar a presença dos outros veículos;Colisão transversal;Com Vítimas Feridas;Plena Noite;Crescente;Céu Claro;Dupla;Reta;Sim;3;0;1;0;0;2;1;3;-5,19170196;-37,361471;SPRF-RN;DEL04-RN;UOP02-DEL04-RN
627023;09/09/2024;segunda-feira;21:00:00;SE;101;197;CRISTINAPOLIS;Manobra de mudança de faixa;Colisão transversal;Com Vítimas Feridas;Plena Noite;Crescente;Céu Claro;Simples;Curva;Sim;2;0;1;0;1;0;1;2;-11,46981308;-37,74693679;SPRF-SE;DEL02-SE;UOP03-DEL02-SE
627025;09/09/2024;segunda-feira;20:40:00;SP;381;89;GUARULHOS;Ausência de reação do condutor;Colisão traseira;Com Vítimas Feridas;Plena Noite;Decrescente;Céu Claro;Múltipla;Reta;Sim;2;0;1;0;1;0;1;2;-23,48469299;-46,55983288;SPRF-SP;DEL03-SP;UOP01-DEL03-SP
627026;09/09/2024;segunda-feira;18:10:00;SC;101;138;BALNEARIO CAMBORIU;Condutor deixou de manter distância do veículo da frente;Colisão traseira;Com Vítimas Feridas;Plena Noite;Decrescente;Chuva;Múltipla;Curva;Sim;2;0;1;0;1;0;1;2;-27,02397426;-48,60761649;SPRF-SC;DEL04-SC;UOP03-DEL04-SC
627027;09/09/2024;segunda-feira;19:15:00;BA;324;624;SALVADOR;Ausência de reação do condutor;Queda de ocupante de veículo;Com Vítimas Feridas;Plena Noite;Crescente;Nublado;Múltipla;"Reta;Declive";Sim;2;0;2;0;0;0;2;1;-12,933839;-38,47190701;SPRF-BA;DEL01-BA;UOP01-DEL01-BA
627029;09/09/2024;segunda-feira;20:55:00;PE;101;46;IGARASSU;Ausência de reação do condutor;Colisão traseira;Com Vítimas Feridas;Anoitecer;Crescente;Céu Claro;Múltipla;Reta;Não;2;0;1;0;1;0;1;2;-7,87406004;-34,90588126;SPRF-PE;DEL01-PE;UOP02-DEL01-PE
627031;09/09/2024;segunda-feira;17:00:00;PR;280;292;FLOR DA SERRA DO SUL;Acessar a via sem observar a presença dos outros veículos;Colisão transversal;Com Vítimas Feridas;Pleno dia;Crescente;Céu Claro;Simples;Interseção de Vias;Não;8;0;5;0;3;0;5;2;-26,2535311;-53,32653698;SPRF-PR;DEL02-PR;UOP01-DEL02-PR
627032;09/09/2024;segunda-feira;21:00:00;SC;101;35,4;JOINVILLE;Manobra de mudança de faixa;Saída de leito carroçável;Sem Vítimas;Plena Noite;Crescente;Nublado;Dupla;Curva;Não;1;0;0;0;0;1;0;1;-26,2411301;-48,91227415;SPRF-SC;DEL03-SC;UOP01-DEL03-SC
627033;09/09/2024;segunda-feira;21:00:00;RJ;101;487;ANGRA DOS REIS;Reação tardia ou ineficiente do condutor;Colisão traseira;Com Vítimas Feridas;Plena Noite;Decrescente;Céu Claro;Simples;Reta;Sim;2;0;0;1;1;0;1;2;-22,96828891;-44,29864663;SPRF-RJ;DEL03-RJ;UOP03-DEL03-RJ
627035;09/09/2024;segunda-feira;20:30:00;PI;316;2,5;TERESINA;Velocidade Incompatível;Colisão traseira;Com Vítimas Fatais;Plena Noite;Decrescente;Céu Claro;Múltipla;Viaduto;Sim;3;1;0;0;0;2;0;3;-5,12536829;-42,79483438;SPRF-PI;DEL01-PI;UOP02-DEL01-PI
627037;09/09/2024;segunda-feira;21:35:00;MT;163;561,8;NOBRES;Desrespeitar a preferência no cruzamento;Colisão transversal;Com Vítimas Feridas;Plena Noite;Decrescente;Céu Claro;Simples;"Viaduto;Reta;Retorno Regulamentado";Sim;2;0;2;0;0;0;2;2;-14,72093353;-56,31979537;SPRF-MT;DEL01-MT;UOP01-DEL01-MT
627040;09/09/2024;segunda-feira;22:50:00;DF;20;13,4;BRASILIA;Ausência de reação do condutor;Saída de leito carroçável;Com Vítimas Feridas;Plena Noite;Crescente;Céu Claro;Dupla;Interseção de Vias;Não;1;0;1;0;0;0;1;1;-15,638752;-47,749599;SPRF-DF;DEL02-DF;UOP01-DEL02-DF
627042;09/09/2024;segunda-feira;22:40:00;PR;369;507;CASCAVEL;Velocidade Incompatível;Colisão traseira;Com Vítimas Feridas;Plena Noite;Decrescente;Céu Claro;Simples;Reta;Sim;3;0;1;0;2;0;1;3;-24,95882576;-53,39887619;SPRF-PR;DEL04-PR;UOP01-DEL04-PR
627043;10/09/2024;terça-feira;00:05:00;SP;116;147;SAO JOSE DOS CAMPOS;Ausência de reação do condutor;Colisão traseira;Com Vítimas Feridas;Plena Noite;Crescente;Céu Claro;Dupla;Reta;Não;2;0;1;0;1;0;1;2;-23,19542994;-45,87176303;SPRF-SP;DEL02-SP;UOP01-DEL02-SP
627044;10/09/2024;terça-feira;00:00:00;BA;235;346;JUAZEIRO;Animais na Pista;Atropelamento de Animal;Com Vítimas Feridas;Pleno dia;Decrescente;Céu Claro;Simples;Reta;Não;1;0;0;1;0;0;1;1;-9,45259129;-40,48292825;SPRF-PE;DEL06-PE;UOP01-DEL06-PE
627046;09/09/2024;segunda-feira;23:55:00;MG;40;674,1;CARANDAI;Condutor Dormindo;Saída de leito carroçável;Com Vítimas Feridas;Plena Noite;Decrescente;Céu Claro;Simples;Reta;Não;2;0;2;0;0;0;2;1;-21,0062282;-43,7813819;SPRF-MG;DEL05-MG;UOP02-DEL05-MG
627051;09/09/2024;segunda-feira;19:30:00;RO;174;16;VILHENA;Desrespeitar a preferência no cruzamento;Colisão transversal;Com Vítimas Feridas;Plena Noite;Crescente;Céu Claro;Simples;Reta;Sim;2;0;1;0;1;0;1;2;-12,71452302;-60,1262149;SPRF-RO;DEL04-RO;UOP01-DEL04-RO
627052;10/09/2024;terça-feira;06:30:00;SC;280;125;RIO NEGRINHO;Acesso irregular;Colisão transversal;Com Vítimas Feridas;Pleno dia;Decrescente;Céu Claro;Simples;Reta;Não;2;0;1;0;1;0;1;2;-26,23763684;-49,48434497;SPRF-SC;DEL06-SC;UOP03-DEL06-SC
627054;10/09/2024;terça-feira;06:55:00;MG;116;522,2;CARATINGA;Acessar a via sem observar a presença dos outros veículos;Colisão transversal;Com Vítimas Feridas;Pleno dia;Crescente;Céu Claro;Simples;"Reta;Rotatória";Sim;3;0;2;0;1;0;2;2;-19,74300101;-42,13231969;SPRF-MG;DEL06-MG;UOP02-DEL06-MG
627055;10/09/2024;terça-feira;06:44:00;PE;101;48;ABREU E LIMA;Ausência de reação do condutor;Colisão traseira;Com Vítimas Feridas;Pleno dia;Crescente;Céu Claro;Múltipla;Reta;Sim;2;0;1;0;1;0;1;2;-7,897768;-34,902483;SPRF-PE;DEL01-PE;UOP02-DEL01-PE
627056;10/09/2024;terça-feira;07:00:00;ES;101;136,9;LINHARES;Animais na Pista;Atropelamento de Animal;Com Vítimas Feridas;Pleno dia;Crescente;Céu Claro;Simples;Aclive;Não;2;0;2;0;0;0;2;1;-19,28406301;-40,08688713;SPRF-ES;DEL04-ES;UOP01-DEL04-ES
627057;10/09/2024;terça-feira;06:55:00;MG;381;594;CARMOPOLIS DE MINAS;Reação tardia ou ineficiente do condutor;Saída de leito carroçável;Com Vítimas Feridas;Pleno dia;Crescente;Céu Claro;Dupla;Reta;Não;1;0;1;0;0;0;1;1;-20,59692997;-44,70822603;SPRF-MG;DEL04-MG;UOP01-DEL04-MG
627059;10/09/2024;terça-feira;06:40:00;ES;101;274,8;SERRA;Reação tardia ou ineficiente do condutor;Colisão traseira;Com Vítimas Feridas;Pleno dia;Decrescente;Céu Claro;Dupla;Reta;Não;4;0;1;0;3;0;1;3;-20,21288515;-40,29612219;SPRF-ES;DEL02-ES;UOP01-DEL02-ES
627060;10/09/2024;terça-feira;07:20:00;PB;230;101,4;GURINHEM;Condutor Dormindo;Saída de leito carroçável;Com Vítimas Feridas;Pleno dia;Decrescente;Céu Claro;Dupla;Reta;Não;1;0;1;0;0;0;1;1;-7,1973;-35,4885;SPRF-PB;DEL01-PB;UOP03-DEL01-PB
627062;10/09/2024;terça-feira;08:05:00;SE;101;151;ESTANCIA;Acessar a via sem observar a presença dos outros veículos;Colisão transversal;Com Vítimas Feridas;Pleno dia;Crescente;Céu Claro;Simples;"Interseção de Vias;Reta";Sim;2;0;1;0;1;0;1;2;-11,26151;-37,441227;SPRF-SE;DEL02-SE;UOP01-DEL02-SE
627063;10/09/2024;terça-feira;07:48:00;AL;316;148,9;PALMEIRA DOS INDIOS;Acessar a via sem observar a presença dos outros veículos;Colisão transversal;Com Vítimas Feridas;Pleno dia;Crescente;Céu Claro;Simples;Interseção de Vias;Não;2;0;0;1;1;0;1;2;-9,40718239;-36,68829724;SPRF-AL;DEL03-AL;UOP01-DEL03-AL
627064;10/09/2024;terça-feira;08:35:00;SC;101;203;SAO JOSE;Trafegar com motocicleta (ou similar) entre as faixas;Colisão lateral mesmo sentido;Com Vítimas Feridas;Pleno dia;Decrescente;Céu Claro;Múltipla;"Reta;Aclive";Não;2;0;1;0;1;0;1;2;-27,5650044;-48,61460082;SPRF-SC;DEL01-SC;UOP01-DEL01-SC
627065;10/09/2024;terça-feira;07:50:00;SC;101;211,2;PALHOCA;Manobra de mudança de faixa;Tombamento;Com Vítimas Feridas;Pleno dia;Crescente;Nublado;Múltipla;Reta;Sim;2;0;1;1;0;0;2;1;-27,62329313;-48,65245588;SPRF-SC;DEL01-SC;UOP02-DEL01-SC
627066;10/09/2024;terça-feira;07:55:00;RS;158;439;ROSARIO DO SUL;Reação tardia ou ineficiente do condutor;Saída de leito carroçável;Com Vítimas Feridas;Pleno dia;Decrescente;Nevoeiro/Neblina;Simples;Curva;Não;1;0;1;0;0;0;1;1;-30,18276498;-54,70851601;SPRF-RS;DEL11-RS;UOP02-DEL11-RS
627067;10/09/2024;terça-feira;08:10:00;PB;230;324,7;QUIXABA;Ultrapassagem Indevida;Colisão com objeto;Com Vítimas Feridas;Pleno dia;Crescente;Céu Claro;Simples;Reta;Não;2;0;2;0;0;0;2;1;-6,9868;-37,1796;SPRF-PB;DEL03-PB;UOP01-DEL03-PB
627068;10/09/2024;terça-feira;08:10:00;RS;472;581;URUGUAIANA;Acessar a via sem observar a presença dos outros veículos;Colisão transversal;Com Vítimas Feridas;Pleno dia;Crescente;Nevoeiro/Neblina;Simples;Reta;Não;3;0;1;1;1;0;2;2;-29,79387902;-57,09082339;SPRF-RS;DEL13-RS;UOP01-DEL13-RS
627069;10/09/2024;terça-feira;06:40:00;RJ;393;244,2;VASSOURAS;Mal súbito do condutor;Saída de leito carroçável;Com Vítimas Feridas;Pleno dia;Decrescente;Sol;Simples;Curva;Não;1;0;0;1;0;0;1;1;-22,42799046;-43,70899806;SPRF-RJ;DEL05-RJ;UOP04-DEL05-RJ
627071;10/09/2024;terça-feira;07:50:00;MG;40;520;RIBEIRAO DAS NEVES;Trafegar com motocicleta (ou similar) entre as faixas;Colisão traseira;Com Vítimas Feridas;Pleno dia;Crescente;Céu Claro;Dupla;Reta;Não;2;0;1;0;0;1;1;2;-19,84761911;-44,07276144;SPRF-MG;DEL01-MG;UOP02-DEL01-MG
627072;10/09/2024;terça-feira;08:50:00;SC;101;202;SAO JOSE;Condutor deixou de manter distância do veículo da frente;Colisão lateral mesmo sentido;Com Vítimas Feridas;Pleno dia;Decrescente;Céu Claro;Múltipla;Aclive;Não;2;0;1;0;1;0;1;2;-27,55711595;-48,61897889;SPRF-SC;DEL01-SC;UOP01-DEL01-SC
627073;08/08/2024;quinta-feira;10:30:00;PB;230;93;GURINHEM;Demais falhas mecânicas ou elétricas;Incêndio;Com Vítimas Feridas;Pleno dia;Decrescente;Céu Claro;Dupla;Declive;Não;1;0;1;0;0;0;1;1;-7,1777;-35,4181;SPRF-PB;DEL01-PB;UOP03-DEL01-PB
627075;10/09/2024;terça-feira;08:00:00;SC;101;330;TUBARAO;Ausência de reação do condutor;Tombamento;Com Vítimas Feridas;Pleno dia;Crescente;Céu Claro;Múltipla;Reta;Não;1;0;1;0;0;0;1;1;-28,45115639;-48,97286879;SPRF-SC;DEL02-SC;UOP01-DEL02-SC
627076;10/09/2024;terça-feira;08:30:00;DF;70;18;BRASILIA;Reação tardia ou ineficiente do condutor;Saída de leito carroçável;Com Vítimas Feridas;Pleno dia;Crescente;Céu Claro;Dupla;Reta;Não;1;0;1;0;0;0;1;1;-15,78956935;-48,21691275;SPRF-DF;DEL03-DF;UOP02-DEL03-DF
627077;09/09/2024;segunda-feira;17:50:00;RN;405;149;PAU DOS FERROS;Ausência de reação do condutor;Colisão frontal;Com Vítimas Feridas;Anoitecer;Crescente;Céu Claro;Simples;Reta;Sim;2;0;0;1;0;1;1;2;-6,09699302;-38,2075711;SPRF-RN;DEL04-RN;UOP02-DEL04-RN
627078;10/09/2024;terça-feira;08:40:00;RS;290;144;ELDORADO DO SUL;Acessar a via sem observar a presença dos outros veículos;Colisão transversal;Com Vítimas Feridas;Pleno dia;Decrescente;Céu Claro;Simples;Reta;Sim;2;0;1;0;1;0;1;2;-30,096939;-51,647282;SPRF-RS;DEL02-RS;UOP01-DEL02-RS
627079;10/09/2024;terça-feira;08:20:00;PR;158;514,6;PATO BRANCO;Demais falhas mecânicas ou elétricas;Incêndio;Sem Vítimas;Pleno dia;Crescente;Céu Claro;Simples;"Aclive;Curva";Não;1;0;0;0;1;0;0;1;-26,05872174;-52,62883502;SPRF-PR;DEL02-PR;UOP01-DEL02-PR
627081;10/09/2024;terça-feira;08:00:00;MT;70;507;CUIABA;Velocidade Incompatível;Saída de leito carroçável;Com Vítimas Feridas;Pleno dia;Decrescente;Sol;Simples;Reta;Não;1;0;1;0;0;0;1;1;-15,7027442;-56,0763427;SPRF-MT;DEL01-MT;UOP02-DEL01-MT
627082;10/09/2024;terça-feira;06:45:00;SC;101;378,6;ICARA;Ausência de reação do condutor;Saída de leito carroçável;Com Vítimas Feridas;Amanhecer;Crescente;Nublado;Múltipla;Reta;Não;1;0;1;0;0;0;1;1;-28,74952533;-49,26733017;SPRF-SC;DEL02-SC;UOP02-DEL02-SC
627084;10/09/2024;terça-feira;08:20:00;RN;101;84,8;SAO GONCALO DO AMARANTE;Manobra de mudança de faixa;Colisão lateral mesmo sentido;Com Vítimas Feridas;Pleno dia;Crescente;Chuva;Dupla;"Aclive;Reta";Não;2;0;1;0;1;0;1;2;-5,774175;-35,2578;SPRF-RN;DEL02-RN;UOP01-DEL02-RN
627085;10/09/2024;terça-feira;09:00:00;PR;116;104,8;SAO JOSE DOS PINHAIS;Ausência de reação do condutor;Saída de leito carroçável;Com Vítimas Feridas;Pleno dia;Crescente;Céu Claro;Dupla;Reta;Não;1;0;1;0;0;0;1;1;-25,57142068;-49,20787096;SPRF-PR;DEL01-PR;UOP07-DEL01-PR
627086;10/09/2024;terça-feira;07:40:00;RN;226;141,6;CAMPO REDONDO;Condutor Dormindo;Saída de leito carroçável;Com Vítimas Feridas;Pleno dia;Crescente;Sol;Simples;"Reta;Declive";Não;1;0;1;0;0;0;1;1;-6,18814424;-36,24110498;SPRF-RN;DEL03-RN;UOP02-DEL03-RN
627087;09/07/2024;terça-feira;12:15:00;PI;343;198;PIRIPIRI;Acumulo de areia ou detritos sobre o pavimento;Tombamento;Com Vítimas Feridas;Pleno dia;Crescente;Céu Claro;Simples;Reta;Não;1;0;0;1;0;0;1;1;-4,37233;-41,831642;SPRF-PI;DEL02-PI;UOP01-DEL02-PI
627088;09/09/2024;segunda-feira;17:00:00;MA;316;213;GOVERNADOR NEWTON BELLO;Demais falhas mecânicas ou elétricas;Incêndio;Sem Vítimas;Pleno dia;Crescente;Céu Claro;Simples;Reta;Não;1;0;0;0;0;1;0;1;-3,412664;-45,668201;SPRF-MA;DEL02-MA;UOP01-DEL02-MA
627091;10/09/2024;terça-feira;10:30:00;RN;226;111,4;SANTA CRUZ;Acessar a via sem observar a presença dos outros veículos;Colisão transversal;Com Vítimas Feridas;Pleno dia;Crescente;Céu Claro;Simples;Reta;Sim;2;0;1;0;1;0;1;2;-6,22841881;-36,0177456;SPRF-RN;DEL03-RN;UOP02-DEL03-RN
627093;10/09/2024;terça-feira;10:30:00;PB;230;0,7;CABEDELO;Ausência de reação do condutor;Colisão traseira;Com Vítimas Feridas;Pleno dia;Crescente;Céu Claro;Simples;Reta;Sim;3;0;2;0;0;1;2;3;-6,974277;-34,8321;SPRF-PB;DEL01-PB;UOP01-DEL01-PB
627095;10/09/2024;terça-feira;10:30:00;SC;101;205,3;SAO JOSE;Condutor deixou de manter distância do veículo da frente;Colisão traseira;Com Vítimas Feridas;Pleno dia;Crescente;Céu Claro;Múltipla;Reta;Sim;2;0;1;0;1;0;1;2;-27,58313237;-48,61532885;SPRF-SC;DEL01-SC;UOP01-DEL01-SC
627096;10/09/2024;terça-feira;10:40:00;GO;70;2;AGUAS LINDAS DE GOIAS;Ausência de reação do condutor;Saída de leito carroçável;Com Vítimas Feridas;Pleno dia;Crescente;Céu Claro;Dupla;"Curva;Aclive";Sim;1;0;1;0;0;0;1;1;-15,767021;-48,229945;SPRF-DF;DEL03-DF;UOP02-DEL03-DF
627100;08/08/2024;quinta-feira;07:00:00;RJ;493;66;NOVA IGUACU;Reação tardia ou ineficiente do condutor;Colisão transversal;Com Vítimas Feridas;Pleno dia;Crescente;Céu Claro;Dupla;Reta;Não;2;0;2;0;0;0;2;2;-22,68188283;-43,4565872;SPRF-RJ;DEL01-RJ;UOP03-DEL01-RJ
627101;10/09/2024;terça-feira;10:00:00;GO;60;358;RIO VERDE;Avarias e/ou desgaste excessivo no pneu;Saída de leito carroçável;Sem Vítimas;Pleno dia;Decrescente;Céu Claro;Dupla;Reta;Não;1;0;0;0;0;1;0;1;-17,6147;-50,7544;SPRF-GO;DEL04-GO;UOP02-DEL04-GO
627102;10/09/2024;terça-feira;09:30:00;CE;20;366;MARANGUAPE;Demais falhas mecânicas ou elétricas;Saída de leito carroçável;Sem Vítimas;Pleno dia;Decrescente;Céu Claro;Simples;Reta;Não;1;0;0;0;1;0;0;1;-3,99880248;-38,9425735;SPRF-CE;DEL02-CE;UOP01-DEL02-CE
627104;10/09/2024;terça-feira;11:30:00;PR;369;185;ARAPONGAS;Acessar a via sem observar a presença dos outros veículos;Colisão transversal;Com Vítimas Feridas;Pleno dia;Decrescente;Céu Claro;Simples;Interseção de Vias;Sim;2;0;1;0;1;0;1;2;-23,41316212;-51,42837524;SPRF-PR;DEL07-PR;UOP03-DEL07-PR
627106;10/09/2024;terça-feira;11:00:00;MG;262;446,1;NOVA SERRANA;Desrespeitar a preferência no cruzamento;Colisão transversal;Com Vítimas Feridas;Pleno dia;Decrescente;Sol;Dupla;Rotatória;Sim;2;0;0;1;1;0;1;2;-19,86407629;-44,99799371;SPRF-MG;DEL08-MG;UOP03-DEL08-MG
627107;10/09/2024;terça-feira;11:50:00;PB;230;27;JOAO PESSOA;Acumulo de óleo sobre o pavimento;Queda de ocupante de veículo;Com Vítimas Feridas;Pleno dia;Decrescente;Sol;Simples;"Curva;Declive;Interseção de Vias;Viaduto";Sim;1;0;1;0;0;0;1;1;-7,16576813;-34,89480972;SPRF-PB;DEL01-PB;UOP01-DEL01-PB
627108;31/08/2024;sábado;13:30:00;BA;324;7;FEIRA DE SANTANA;Pista esburacada;Tombamento;Com Vítimas Feridas;Pleno dia;Crescente;Nublado;Dupla;Viaduto;Sim;1;0;1;0;0;0;1;1;-12,26997463;-38,98747558;SPRF-BA;DEL02-BA;UOP01-DEL02-BA
627110;05/09/2024;quinta-feira;04:50:00;AP;210;1;MACAPA;Reação tardia ou ineficiente do condutor;Colisão com objeto;Sem Vítimas;Amanhecer;Decrescente;Céu Claro;Dupla;Retorno Regulamentado;Sim;1;0;0;0;0;1;0;1;0,07816717;-51,06998693;SPRF-AP;DEL01-AP;UOP01-DEL01-AP
627114;10/09/2024;terça-feira;11:30:00;MG;262;699,9;ARAXA;Objeto estático sobre o leito carroçável;Saída de leito carroçável;Com Vítimas Feridas;Pleno dia;Crescente;Sol;Simples;Curva;Não;2;0;1;0;1;0;1;1;-19,57362007;-47,04840592;SPRF-MG;DEL08-MG;UOP01-DEL08-MG
627115;10/09/2024;terça-feira;12:20:00;PR;476;118,6;COLOMBO;Acessar a via sem observar a presença dos outros veículos;Colisão transversal;Sem Vítimas;Pleno dia;Crescente;Sol;Dupla;"Reta;Aclive";Sim;2;0;0;0;2;0;0;2;-25,35634;-49,180828;SPRF-PR;DEL01-PR;UOP01-DEL01-PR
627116;11/08/2024;domingo;17:40:00;PE;232;9;JABOATAO DOS GUARARAPES;Acesso irregular;Colisão lateral mesmo sentido;Com Vítimas Feridas;Plena Noite;Decrescente;Céu Claro;Múltipla;Reta;Sim;3;0;2;0;1;0;2;2;-8,078327;-34,981573;SPRF-PE;DEL01-PE;UOP01-DEL01-PE
627119;11/08/2024;domingo;04:40:00;MG;116;607,7;SAO JOAO DO MANHUACU;Transitar na contramão;Colisão frontal;Com Vítimas Fatais;Plena Noite;Crescente;Nublado;Simples;Reta;Sim;5;1;3;1;0;0;4;2;-20,38752606;-42,14687854;SPRF-MG;DEL06-MG;UOP03-DEL06-MG
627121;10/09/2024;terça-feira;13:10:00;MG;116;415,5;GOVERNADOR VALADARES;Desrespeitar a preferência no cruzamento;Colisão transversal;Com Vítimas Feridas;Pleno dia;Decrescente;Sol;Simples;"Interseção de Vias;Reta";Sim;2;0;1;0;1;0;1;2;-18,88401297;-41,94924399;SPRF-MG;DEL06-MG;UOP01-DEL06-MG
627125;10/09/2024;terça-feira;14:30:00;DF;20;41;BRASILIA;Frear bruscamente;Capotamento;Com Vítimas Feridas;Anoitecer;Crescente;Céu Claro;Dupla;Declive;Sim;1;0;1;0;0;0;1;1;-15,581073;-47,50346;SPRF-DF;DEL02-DF;UOP01-DEL02-DF
627127;10/09/2024;terça-feira;13:30:00;BA;116;826,1;VITORIA DA CONQUISTA;Desrespeitar a preferência no cruzamento;Colisão traseira;Com Vítimas Feridas;Pleno dia;Crescente;Nublado;Dupla;"Reta;Retorno Regulamentado";Sim;4;0;2;0;1;1;2;3;-14,87820456;-40,85474253;SPRF-BA;DEL08-BA;UOP01-DEL08-BA
627132;10/09/2024;terça-feira;13:00:00;SC;101;399,7;MARACAJA;Ausência de reação do condutor;Colisão com objeto;Com Vítimas Feridas;Pleno dia;Crescente;Nublado;Múltipla;Reta;Não;1;0;1;0;0;0;1;1;-28,84171475;-49,42814418;SPRF-SC;DEL02-SC;UOP02-DEL02-SC
627133;10/09/2024;terça-feira;14:20:00;GO;60;16,4;ALEXANIA;Reação tardia ou ineficiente do condutor;Saída de leito carroçável;Com Vítimas Feridas;Pleno dia;Decrescente;Sol;Dupla;Reta;Não;4;0;4;0;0;0;4;1;-16,06079798;-48,49182132;SPRF-DF;DEL03-DF;UOP01-DEL03-DF
627134;10/09/2024;terça-feira;15:15:00;ES;101;277,9;SERRA;Condutor deixou de manter distância do veículo da frente;Colisão com objeto;Com Vítimas Feridas;Pleno dia;Crescente;Céu Claro;Dupla;Curva;Não;2;0;1;0;1;0;1;2;-20,20788726;-40,3133509;SPRF-ES;DEL02-ES;UOP01-DEL02-ES
627135;10/09/2024;terça-feira;10:30:00;PR;376;617;SAO JOSE DOS PINHAIS;Reação tardia ou ineficiente do condutor;Saída de leito carroçável;Sem Vítimas;Pleno dia;Decrescente;Céu Claro;Múltipla;Curva;Sim;1;0;0;0;0;1;0;1;-25,58426494;-49,17618795;SPRF-PR;DEL01-PR;UOP04-DEL01-PR
627136;10/09/2024;terça-feira;15:20:00;RJ;116;323,3;ITATIAIA;Desrespeitar a preferência no cruzamento;Colisão frontal;Sem Vítimas;Pleno dia;Crescente;Sol;Simples;"Reta;Interseção de Vias";Sim;2;0;0;0;2;0;0;2;-22,488885;-44,552696;SPRF-RJ;DEL07-RJ;UOP02-DEL07-RJ
627137;10/09/2024;terça-feira;15:15:00;MG;116;789,5;ALEM PARAIBA;Mal súbito do condutor;Tombamento;Com Vítimas Feridas;Pleno dia;Crescente;Céu Claro;Simples;Reta;Não;1;0;1;0;0;0;1;1;-21,710918;-42,73011109;SPRF-MG;DEL07-MG;UOP01-DEL07-MG
627139;10/09/2024;terça-feira;14:50:00;MT;163;587;DIAMANTINO;Ausência de reação do condutor;Colisão traseira;Com Vítimas Feridas;Pleno dia;Crescente;Sol;Dupla;Reta;Sim;2;0;1;0;1;0;1;2;-14,53405018;-56,23066664;SPRF-MT;DEL01-MT;UOP01-DEL01-MT
627140;10/09/2024;terça-feira;15:50:00;RJ;101;203;CASIMIRO DE ABREU;Condutor deixou de manter distância do veículo da frente;Colisão traseira;Com Vítimas Feridas;Pleno dia;Crescente;Céu Claro;Dupla;Reta;Não;2;0;1;0;1;0;1;2;-22,47557761;-42,17219006;SPRF-RJ;DEL08-RJ;UOP04-DEL08-RJ
627141;10/09/2024;terça-feira;12:10:00;MG;116;469,5;TARUMIRIM;Ausência de reação do condutor;Saída de leito carroçável;Com Vítimas Feridas;Pleno dia;Crescente;Céu Claro;Simples;"Curva;Declive";Não;1;0;1;0;0;0;1;1;-19,31016755;-42,0786674;SPRF-MG;DEL06-MG;UOP02-DEL06-MG
627142;10/09/2024;terça-feira;15:20:00;MG;381;483;BETIM;Manobra de mudança de faixa;Colisão lateral mesmo sentido;Com Vítimas Feridas;Pleno dia;Decrescente;Céu Claro;Dupla;"Aclive;Reta";Não;3;0;3;0;0;0;3;2;-19,95594491;-44,10721699;SPRF-MG;DEL01-MG;UOP03-DEL01-MG
627143;10/09/2024;terça-feira;15:40:00;GO;70;2;AGUAS LINDAS DE GOIAS;Estacionar ou parar em local proibido;Atropelamento de Pedestre;Com Vítimas Feridas;Pleno dia;Crescente;Céu Claro;Dupla;"Curva;Aclive";Sim;3;0;2;1;0;0;3;2;-15,767021;-48,229945;SPRF-DF;DEL03-DF;UOP02-DEL03-DF
627145;10/09/2024;terça-feira;11:30:00;RS;285;76;BOM JESUS;Reação tardia ou ineficiente do condutor;Capotamento;Com Vítimas Feridas;Pleno dia;Crescente;Céu Claro;Simples;"Reta;Declive";Não;3;0;3;0;0;0;3;1;-28,641621;-50,563793;SPRF-RS;DEL05-RS;UOP03-DEL05-RS
627147;06/09/2024;sexta-feira;14:00:00;MA;135;442;COLINAS;Conversão proibida;Colisão transversal;Com Vítimas Feridas;Pleno dia;Crescente;Sol;Simples;Reta;Não;3;0;2;0;0;1;2;3;-6,08639296;-44,17666495;SPRF-MA;DEL06-MA;UOP01-DEL06-MA