id;data_inversa;dia_semana;horario;uf;br;km;municipio;causa_acidente;tipo_acidente;classificacao_acidente;fase_dia;sentido_via;condicao_metereologica;tipo_pista;tracado_via;uso_solo;pessoas;mortos;feridos_leves;feridos_graves;ilesos;ignorados;feridos;veiculos;latitude;longitude;regional;delegacia;uop
627302;11/09/2024;quarta-feira;13:10:00;ES;101;147;LINHARES;Acessar a via sem observar a presença dos outros veículos;Colisão lateral mesmo sentido;Com Vítimas Feridas;Pleno dia;Decrescente;Céu Claro;Dupla;"Reta;Interseção de Vias";Sim;3;0;1;0;1;1;1;3;-19,37887202;-40,06657892;SPRF-ES;DEL04-ES;UOP01-DEL04-ES
627303;11/09/2024;quarta-feira;07:50:00;MG;381;422;CAETE;Velocidade Incompatível;Colisão traseira;Com Vítimas Feridas;Pleno dia;Crescente;Céu Claro;Dupla;"Reta;Declive";Não;2;0;1;0;1;0;1;2;-19,78353087;-43,66633394;SPRF-MG;DEL01-MG;UOP01-DEL01-MG
627304;11/09/2024;quarta-feira;13:28:00;PB;230;136,4;MASSARANDUBA;Velocidade Incompatível;Saída de leito carroçável;Com Vítimas Feridas;Pleno dia;Crescente;Chuva;Dupla;"Curva;Aclive";Não;4;0;4;0;0;0;4;2;-7,276882;-35,772982;SPRF-PB;DEL02-PB;UOP01-DEL02-PB
627308;11/09/2024;quarta-feira;13:20:00;GO;153;548;PIRACANJUBA;Reação tardia ou ineficiente do condutor;Saída de leito carroçável;Com Vítimas Feridas;Pleno dia;Decrescente;Sol;Dupla;"Curva;Aclive";Não;1;0;1;0;0;0;1;1;-17,1235;-49,211;SPRF-GO;DEL01-GO;UOP03-DEL01-GO
627312;11/09/2024;quarta-feira;13:05:00;RN;405;1;MOSSORO;Acessar a via sem observar a presença dos outros veículos;Colisão transversal;Com Vítimas Feridas;Pleno dia;Crescente;Céu Claro;Dupla;Reta;Sim;3;0;3;0;0;0;3;2;-5,19170196;-37,361471;SPRF-RN;DEL04-RN;UOP02-DEL04-RN
627316;11/09/2024;quarta-feira;13:40:00;PE;101;76,2;RECIFE;Acessar a via sem observar a presença dos outros veículos;Colisão lateral mesmo sentido;Com Vítimas Feridas;Pleno dia;Decrescente;Nublado;Dupla;"Interseção de Vias;Reta";Sim;3;0;1;0;1;1;1;2;-8,120099;-34,942608;SPRF-PE;DEL01-PE;UOP01-DEL01-PE
627317;11/09/2024;quarta-feira;13:30:00;PR;376;165,9;MARINGA;Demais falhas mecânicas ou elétricas;Queda de ocupante de veículo;Com Vítimas Feridas;Pleno dia;Crescente;Céu Claro;Dupla;"Reta;Declive";Não;1;0;1;0;0;0;1;1;-23,39038641;-52,01421918;SPRF-PR;DEL09-PR;UOP01-DEL09-PR
627318;11/09/2024;quarta-feira;13:00:00;PR;376;178;MARINGA;Reação tardia ou ineficiente do condutor;Colisão traseira;Com Vítimas Feridas;Pleno dia;Decrescente;Céu Claro;Dupla;Reta;Sim;3;0;1;1;1;0;2;2;-23,4192146;-51,91293985;SPRF-PR;DEL09-PR;UOP01-DEL09-PR
627319;11/09/2024;quarta-feira;14:25:00;ES;262;26,7;VIANA;Condutor Dormindo;Colisão lateral sentido oposto;Com Vítimas Feridas;Pleno dia;Crescente;Céu Claro;Simples;Curva;Não;4;0;3;1;0;0;4;2;-20,38041768;-40,54402517;SPRF-ES;DEL01-ES;UOP01-DEL01-ES
627320;11/09/2024;quarta-feira;10:10:00;PR;376;176;MARINGA;Manobra de mudança de faixa;Colisão lateral mesmo sentido;Com Vítimas Feridas;Pleno dia;Crescente;Céu Claro;Múltipla;Reta;Sim;3;0;1;0;2;0;1;2;-23,41269173;-51,93158327;SPRF-PR;DEL09-PR;UOP01-DEL09-PR
627322;11/09/2024;quarta-feira;09:40:00;RJ;40;85;PETROPOLIS;Acumulo de óleo sobre o pavimento;Tombamento;Com Vítimas Feridas;Pleno dia;Decrescente;Céu Claro;Dupla;Curva;Não;1;0;1;0;0;0;1;1;-22,52850694;-43,2349802;SPRF-RJ;DEL01-RJ;UOP01-DEL01-RJ
627326;11/09/2024;quarta-feira;12:35:00;RJ;116;110,1;GUAPIMIRIM;Ausência de reação do condutor;Queda de ocupante de veículo;Com Vítimas Feridas;Pleno dia;Crescente;Céu Claro;Simples;Curva;Não;1;0;1;0;0;0;1;1;-22,54744016;-42,98941612;SPRF-RJ;DEL04-RJ;UOP02-DEL04-RJ
627327;11/09/2024;quarta-feira;08:00:00;RO;174;16;VILHENA;Ausência de reação do condutor;Colisão traseira;Com Vítimas Feridas;Pleno dia;Decrescente;Céu Claro;Simples;Reta;Sim;2;0;1;0;1;0;1;2;-12,71452302;-60,1262149;SPRF-RO;DEL04-RO;UOP01-DEL04-RO
627328;11/09/2024;quarta-feira;15:01:00;SC;280;125,7;RIO NEGRINHO;Transitar na contramão;Colisão transversal;Com Vítimas Feridas;Pleno dia;Crescente;Céu Claro;Simples;"Em Obras;Declive;Reta";Sim;2;0;1;0;1;0;1;2;-26,23752984;-49,49228168;SPRF-SC;DEL06-SC;UOP03-DEL06-SC
627331;11/09/2024;quarta-feira;15:00:00;PR;277;102,1;CURITIBA;Manobra de mudança de faixa;Saída de leito carroçável;Com Vítimas Feridas;Pleno dia;Crescente;Céu Claro;Dupla;Reta;Não;2;0;2;0;0;0;2;1;-25,42759083;-49,38790863;SPRF-PR;DEL01-PR;UOP06-DEL01-PR
627332;11/09/2024;quarta-feira;15:20:00;SP;116;67;GUARATINGUETA;Reação tardia ou ineficiente do condutor;Colisão com objeto;Com Vítimas Feridas;Pleno dia;Crescente;Céu Claro;Dupla;Reta;Sim;1;0;0;1;0;0;1;1;-22,82867578;-45,2088941;SPRF-SP;DEL08-SP;UOP01-DEL08-SP
627334;11/09/2024;quarta-feira;16:00:00;ES;101;269,6;SERRA;Transitar na contramão;Colisão transversal;Sem Vítimas;Pleno dia;Crescente;Céu Claro;Dupla;Reta;Sim;3;0;0;0;2;1;0;3;-20,22662056;-40,27075088;SPRF-ES;DEL02-ES;UOP01-DEL02-ES
627336;11/08/2024;domingo;21:00:00;PE;101;50;ABREU E LIMA;Condutor Dormindo;Colisão com objeto;Sem Vítimas;Plena Noite;Crescente;Céu Claro;Simples;Reta;Não;1;0;0;0;0;1;0;1;-7,90938602;-34,90123228;SPRF-PE;DEL01-PE;UOP02-DEL01-PE
627337;11/09/2024;quarta-feira;16:10:00;BA;101;877,7;TEIXEIRA DE FREITAS;Acessar a via sem observar a presença dos outros veículos;Colisão transversal;Com Vítimas Feridas;Pleno dia;Decrescente;Céu Claro;Simples;Reta;Sim;2;0;1;0;1;0;1;2;-17,54501;-39,71923;SPRF-BA;DEL09-BA;UOP02-DEL09-BA
627338;11/09/2024;quarta-feira;15:30:00;BA;116;493,2;RAFAEL JAMBEIRO;Frear bruscamente;Saída de leito carroçável;Sem Vítimas;Pleno dia;Crescente;Céu Claro;Dupla;Reta;Não;1;0;0;0;1;0;0;1;-12,56115018;-39,47426391;SPRF-BA;DEL02-BA;UOP01-DEL02-BA
627339;11/09/2024;quarta-feira;16:15:00;RS;386;347,8;LAJEADO;Desrespeitar a preferência no cruzamento;Colisão transversal;Com Vítimas Feridas;Anoitecer;Crescente;Céu Claro;Simples;Reta;Sim;2;0;0;1;1;0;1;2;-29,451736;-51,965893;SPRF-RS;DEL04-RS;UOP01-DEL04-RS
627342;11/09/2024;quarta-feira;16:20:00;SP;116;1;GUARULHOS;Acessar a via sem observar a presença dos outros veículos;Colisão transversal;Com Vítimas Feridas;Pleno dia;Crescente;Céu Claro;Dupla;Reta;Sim;2;0;0;1;1;0;1;2;-23,463257;-46,53373;SPRF-SP;DEL01-SP;UOP01-DEL01-SP
627344;11/09/2024;quarta-feira;16:40:00;PR;277;452,5;LARANJEIRAS DO SUL;Ingestão de álcool pelo condutor;Colisão traseira;Sem Vítimas;Pleno dia;Decrescente;Céu Claro;Simples;Reta;Sim;3;0;0;0;2;1;0;2;-25,37059917;-52,36924101;SPRF-PR;DEL04-PR;UOP02-DEL04-PR
627345;11/09/2024;quarta-feira;16:45:00;RS;116;515;PELOTAS;Ausência de reação do condutor;Saída de leito carroçável;Com Vítimas Feridas;Pleno dia;Crescente;Garoa/Chuvisco;Dupla;Reta;Não;1;0;1;0;0;0;1;1;-31,66114092;-52,3386834;SPRF-RS;DEL07-RS;UOP01-DEL07-RS
627347;11/09/2024;quarta-feira;16:06:00;CE;20;348,5;CARIDADE;Acessar a via sem observar a presença dos outros veículos;Colisão transversal;Com Vítimas Feridas;Pleno dia;Decrescente;Céu Claro;Simples;Reta;Sim;3;0;1;0;2;0;1;2;-4,10360991;-39,05907029;SPRF-CE;DEL02-CE;UOP01-DEL02-CE
627348;11/09/2024;quarta-feira;16:30:00;ES;262;26,8;VIANA;Ausência de reação do condutor;Colisão traseira;Com Vítimas Feridas;Pleno dia;Crescente;Céu Claro;Simples;Curva;Não;2;0;0;1;1;0;1;2;-20,38292;-40,555116;SPRF-ES;DEL01-ES;UOP01-DEL01-ES
627349;11/09/2024;quarta-feira;14:00:00;MT;70;414;CAMPO VERDE;Demais Fenômenos da natureza;Incêndio;Sem Vítimas;Pleno dia;Crescente;Ignorado;Simples;Reta;Não;1;0;0;0;1;0;0;1;-15,69104309;-55,32232685;SPRF-MT;DEL05-MT;UOP02-DEL05-MT
627351;11/09/2024;quarta-feira;16:00:00;SC;282;582;MARAVILHA;Ausência de reação do condutor;Colisão lateral sentido oposto;Com Vítimas Feridas;Pleno dia;Decrescente;Céu Claro;Simples;Reta;Não;2;0;1;0;1;0;1;1;-26,76441871;-53,21803093;SPRF-SC;DEL07-SC;UOP02-DEL07-SC
627352;11/09/2024;quarta-feira;14:30:00;PI;135;107;SEBASTIAO LEAL;Mal súbito do condutor;Tombamento;Com Vítimas Feridas;Pleno dia;Decrescente;Céu Claro;Simples;Reta;Não;1;0;1;0;0;0;1;1;-7,51233165;-43,90551345;SPRF-PI;DEL03-PI;UOP01-DEL03-PI
627353;11/09/2024;quarta-feira;16:50:00;PR;277;77,5;CURITIBA;Reação tardia ou ineficiente do condutor;Colisão com objeto;Sem Vítimas;Pleno dia;Decrescente;Céu Claro;Dupla;Reta;Sim;2;0;0;0;0;2;0;1;-25,48388094;-49,19027567;SPRF-PR;DEL01-PR;UOP07-DEL01-PR
627357;11/09/2024;quarta-feira;17:25:00;SE;235;12;NOSSA SENHORA DO SOCORRO;Ausência de reação do condutor;Queda de ocupante de veículo;Com Vítimas Feridas;Anoitecer;Crescente;Ignorado;Simples;Reta;Não;1;0;1;0;0;0;1;1;-10,872643;-37,163246;SPRF-SE;DEL01-SE;UOP01-DEL01-SE
627358;11/09/2024;quarta-feira;16:29:00;SE;235;82,6;FREI PAULO;Reação tardia ou ineficiente do condutor;Capotamento;Com Vítimas Feridas;Pleno dia;Crescente;Céu Claro;Simples;Reta;Não;2;0;2;0;0;0;2;1;-10,55565943;-37,62233734;SPRF-SE;DEL01-SE;UOP02-DEL01-SE
627359;11/09/2024;quarta-feira;17:35:00;SC;101;136;BALNEARIO CAMBORIU;Manobra de mudança de faixa;Colisão lateral mesmo sentido;Com Vítimas Feridas;Pleno dia;Decrescente;Céu Claro;Múltipla;Reta;Sim;3;0;2;0;1;0;2;2;-27,008113;-48,617245;SPRF-SC;DEL04-SC;UOP03-DEL04-SC
627362;11/09/2024;quarta-feira;17:51:00;RN;101;6,1;TOUROS;Acessar a via sem observar a presença dos outros veículos;Colisão transversal;Sem Vítimas;Anoitecer;Crescente;Céu Claro;Simples;Interseção de Vias;Não;2;0;0;0;1;1;0;2;-5,2037827;-35,4960058;SPRF-RN;DEL02-RN;UOP01-DEL02-RN
627364;03/06/2024;segunda-feira;10:15:00;PA;316;68;CASTANHAL;Demais falhas na via;Tombamento;Com Vítimas Feridas;Pleno dia;Decrescente;Sol;Simples;Reta;Sim;3;0;0;1;2;0;1;2;-1,29440507;-47,88382304;SPRF-PA;DEL01-PA;UOP01-DEL01-PA
627365;11/09/2024;quarta-feira;17:50:00;PR;153;331;IRATI;Ausência de reação do condutor;Colisão transversal;Com Vítimas Feridas;Anoitecer;Crescente;Céu Claro;Simples;Reta;Sim;2;0;1;0;1;0;1;2;-25,463053;-50,623066;SPRF-PR;DEL08-PR;UOP02-DEL08-PR
627367;11/09/2024;quarta-feira;17:50:00;SC;282;22,7;SANTO AMARO DA IMPERATRIZ;Acessar a via sem observar a presença dos outros veículos;Colisão transversal;Com Vítimas Feridas;Plena Noite;Decrescente;Nublado;Simples;"Interseção de Vias;Reta;Ponte";Sim;2;0;0;1;1;0;1;2;-27,688507;-48,72739;SPRF-SC;DEL01-SC;UOP02-DEL01-SC
627368;11/09/2024;quarta-feira;17:00:00;MG;40;524;CONTAGEM;Manobra de mudança de faixa;Colisão traseira;Com Vítimas Feridas;Anoitecer;Decrescente;Céu Claro;Dupla;Reta;Sim;3;0;1;0;2;0;1;2;-19,8754469;-44,05345586;SPRF-MG;DEL01-MG;UOP02-DEL01-MG
627369;11/09/2024;quarta-feira;17:39:00;PE;232;90,3;SAIRE;Acessar a via sem observar a presença dos outros veículos;Colisão transversal;Com Vítimas Feridas;Anoitecer;Decrescente;Nublado;Dupla;"Reta;Retorno Regulamentado";Sim;3;0;2;0;0;1;2;2;-8,21784034;-35,65839171;SPRF-PE;DEL02-PE;UOP02-DEL02PE
627370;11/09/2024;quarta-feira;18:28:00;PE;101;63,2;RECIFE;Manobra de mudança de faixa;Colisão lateral mesmo sentido;Com Vítimas Feridas;Plena Noite;Crescente;Chuva;Dupla;"Reta;Viaduto";Sim;3;0;1;0;2;0;1;2;-8,00800604;-34,93756535;SPRF-PE;DEL01-PE;UOP01-DEL01-PE
627371;11/09/2024;quarta-feira;17:30:00;MS;163;486,5;CAMPO GRANDE;Desrespeitar a preferência no cruzamento;Tombamento;Com Vítimas Feridas;Pleno dia;Crescente;Céu Claro;Simples;"Reta;Aclive";Sim;2;0;0;1;1;0;1;2;-20,4336361;-54,54376745;SPRF-MS;DEL01-MS;UOP02-DEL01-MS
627372;11/09/2024;quarta-feira;18:30:00;MG;116;666,6;SAO FRANCISCO DO GLORIA;Demais falhas mecânicas ou elétricas;Queda de ocupante de veículo;Com Vítimas Feridas;Plena Noite;Crescente;Céu Claro;Simples;"Curva;Declive";Não;1;0;0;1;0;0;1;1;-20,845907;-42,324138;SPRF-MG;DEL07-MG;UOP02-DEL07-MG
627373;11/09/2024;quarta-feira;18:10:00;RJ;465;9;SEROPEDICA;Demais falhas mecânicas ou elétricas;Incêndio;Sem Vítimas;Plena Noite;Crescente;Céu Claro;Simples;Reta;Não;1;0;0;0;1;0;0;1;-22,771765;-43,670528;SPRF-RJ;DEL06-RJ;UOP02-DEL06-RJ
627375;11/09/2024;quarta-feira;17:50:00;PE;408;88,5;SAO LOURENCO DA MATA;Animais na Pista;Atropelamento de Animal;Com Vítimas Feridas;Plena Noite;Crescente;Céu Claro;Dupla;Reta;Não;1;0;1;0;0;0;1;1;-7,97432974;-35,08598372;SPRF-PE;DEL01-PE;UOP01-DEL01-PE
627377;11/09/2024;quarta-feira;18:50:00;PE;232;81,2;GRAVATA;Entrada inopinada do pedestre;Atropelamento de Pedestre;Com Vítimas Feridas;Plena Noite;Decrescente;Nublado;Simples;Reta;Não;3;0;0;3;0;0;3;2;-8,19697746;-35,57850408;SPRF-PE;DEL02-PE;UOP02-DEL02PE
627378;11/09/2024;quarta-feira;17:50:00;DF;20;4,4;BRASILIA;Ingestão de álcool pelo condutor;Colisão traseira;Com Vítimas Feridas;Amanhecer;Crescente;Céu Claro;Múltipla;"Reta;Declive";Sim;2;0;1;0;1;0;1;2;-15,675484;-47,823761;SPRF-DF;DEL02-DF;UOP01-DEL02-DF
627379;11/09/2024;quarta-feira;18:25:00;RS;116;153;CAXIAS DO SUL;Ausência de reação do condutor;Tombamento;Com Vítimas Feridas;Anoitecer;Decrescente;Céu Claro;Simples;Curva;Sim;1;0;1;0;0;0;1;1;-29,18579758;-51,17713005;SPRF-RS;DEL05-RS;UOP01-DEL05-RS
627381;11/09/2024;quarta-feira;18:50:00;PB;230;42,8;SANTA RITA;Ausência de reação do condutor;Tombamento;Com Vítimas Feridas;Plena Noite;Decrescente;Chuva;Dupla;Reta;Não;1;0;1;0;0;0;1;1;-7,14466918;-34,99757051;SPRF-PB;DEL01-PB;UOP03-DEL01-PB
627382;11/09/2024;quarta-feira;17:00:00;ES;101;257,8;SERRA;Reação tardia ou ineficiente do condutor;Colisão lateral mesmo sentido;Com Vítimas Feridas;Anoitecer;Crescente;Céu Claro;Dupla;Reta;Sim;2;0;1;0;1;0;1;2;-20,12455095;-40,30331881;SPRF-ES;DEL02-ES;UOP01-DEL02-ES
627383;11/09/2024;quarta-feira;17:20:00;ES;101;260;SERRA;Demais falhas mecânicas ou elétricas;Colisão traseira;Com Vítimas Feridas;Pleno dia;Decrescente;Céu Claro;Dupla;Reta;Sim;2;0;0;1;1;0;1;2;-20,14616415;-40,28836206;SPRF-ES;DEL02-ES;UOP01-DEL02-ES
627385;11/09/2024;quarta-feira;17:12:00;PE;428;184,1;PETROLINA;Manobra de mudança de faixa;Colisão traseira;Com Vítimas Feridas;Pleno dia;Decrescente;Céu Claro;Dupla;"Retorno Regulamentado;Reta";Sim;3;0;2;0;1;0;2;2;-9,33211208;-40,46621385;SPRF-PE;DEL06-PE;UOP01-DEL06-PE
627386;11/09/2024;quarta-feira;18:35:00;PE;428;191;PETROLINA;Reação tardia ou ineficiente do condutor;Colisão traseira;Com Vítimas Feridas;Anoitecer;Crescente;Céu Claro;Dupla;"Viaduto;Declive";Sim;2;0;1;0;1;0;1;2;-9,381046;-40,512042;SPRF-PE;DEL06-PE;UOP01-DEL06-PE
627387;11/09/2024;quarta-feira;18:50:00;AL;316;156;PALMEIRA DOS INDIOS;Acessar a via sem observar a presença dos outros veículos;Colisão transversal;Com Vítimas Feridas;Plena Noite;Decrescente;Céu Claro;Simples;Reta;Sim;3;0;0;1;2;0;1;2;-9,42150066;-36,62537421;SPRF-AL;DEL03-AL;UOP01-DEL03-AL
627388;11/09/2024;quarta-feira;17:40:00;RS;116;145,9;CAXIAS DO SUL;Trafegar com motocicleta (ou similar) entre as faixas;Atropelamento de Pedestre;Com Vítimas Fatais;Pleno dia;Crescente;Céu Claro;Dupla;"Reta;Interseção de Vias";Sim;6;1;2;0;3;0;2;5;-29,14205736;-51,13607347;SPRF-RS;DEL05-RS;UOP01-DEL05-RS
627389;05/09/2024;quinta-feira;08:20:00;RJ;40;71;PETROPOLIS;Reação tardia ou ineficiente do condutor;Saída de leito carroçável;Com Vítimas Feridas;Pleno dia;Crescente;Céu Claro;Múltipla;Reta;Não;1;0;1;0;0;0;1;1;-22,23901593;-43,10807783;SPRF-RJ;DEL01-RJ;UOP01-DEL01-RJ
627390;11/09/2024;quarta-feira;19:50:00;MG;267;121,9;JUIZ DE FORA;Transitar na contramão;Colisão lateral sentido oposto;Com Vítimas Feridas;Plena Noite;Crescente;Céu Claro;Simples;"Reta;Em Obras";Não;2;0;1;0;0;1;1;2;-21,70761187;-43,48019205;SPRF-MG;DEL05-MG;UOP01-DEL05-MG
627392;11/09/2024;quarta-feira;19:00:00;SC;282;209;LAGES;Pedestre andava na pista;Atropelamento de Pedestre;Com Vítimas Feridas;Plena Noite;Crescente;Céu Claro;Simples;"Em Obras;Declive;Reta";Não;2;0;1;0;1;0;1;2;-27,776926;-50,221893;SPRF-SC;DEL05-SC;UOP01-DEL05-SC
627393;11/09/2024;quarta-feira;19:50:00;CE;116;15;FORTALEZA;Pedestre cruzava a pista fora da faixa;Atropelamento de Pedestre;Com Vítimas Feridas;Plena Noite;Crescente;Céu Claro;Múltipla;Reta;Não;2;0;1;0;1;0;1;2;-3,87839882;-38,50066893;SPRF-CE;DEL01-CE;UOP02-DEL01-CE
627396;11/09/2024;quarta-feira;18:55:00;RO;429;177;SAO MIGUEL DO GUAPORE;Animais na Pista;Atropelamento de Animal;Com Vítimas Feridas;Plena Noite;Decrescente;Ignorado;Simples;Ponte;Não;1;0;0;1;0;0;1;1;-11,75890656;-62,84579301;SPRF-RO;DEL02-RO;UOP03-DEL02-RO
627397;11/09/2024;quarta-feira;17:35:00;RJ;101;53,5;CAMPOS DOS GOYTACAZES;Acessar a via sem observar a presença dos outros veículos;Colisão transversal;Com Vítimas Feridas;Pleno dia;Crescente;Sol;Simples;Reta;Sim;4;0;2;0;2;0;2;2;-21,660484;-41,31128898;SPRF-RJ;DEL08-RJ;UOP01-DEL08-RJ
627398;11/09/2024;quarta-feira;19:00:00;CE;304;65,9;ARACATI;Ausência de reação do condutor;Colisão traseira;Com Vítimas Feridas;Plena Noite;Crescente;Céu Claro;Simples;Reta;Não;5;0;2;1;2;0;3;2;-4,62605324;-37,64488026;SPRF-CE;DEL03-CE;UOP03-DEL03-CE
627400;11/09/2024;quarta-feira;09:30:00;RJ;101;492;ANGRA DOS REIS;Acessar a via sem observar a presença dos outros veículos;Colisão lateral mesmo sentido;Com Vítimas Feridas;Pleno dia;Crescente;Céu Claro;Dupla;Reta;Sim;2;0;2;0;0;0;2;2;-22,94874989;-44,3279949;SPRF-RJ;DEL03-RJ;UOP03-DEL03-RJ
627401;11/09/2024;quarta-feira;18:50:00;PI;343;305,9;ALTOS;Acessar a via sem observar a presença dos outros veículos;Colisão transversal;Com Vítimas Feridas;Plena Noite;Decrescente;Céu Claro;Simples;Reta;Sim;3;0;0;1;2;0;1;2;-5,038756;-42,450893;SPRF-PI;DEL01-PI;UOP01-DEL01-PI
627402;11/09/2024;quarta-feira;18:25:00;PI;343;143;PIRACURUCA;Animais na Pista;Atropelamento de Animal;Com Vítimas Feridas;Anoitecer;Crescente;Céu Claro;Simples;Reta;Não;1;0;1;0;0;0;1;1;-3,94366;-41,722809;SPRF-PI;DEL02-PI;UOP01-DEL02-PI
627404;11/09/2024;quarta-feira;17:25:00;MS;163;732;COXIM;Acessar a via sem observar a presença dos outros veículos;Colisão transversal;Com Vítimas Feridas;Pleno dia;Decrescente;Céu Claro;Simples;Reta;Não;3;0;0;1;2;0;1;2;-18,48516386;-54,72437126;SPRF-MS;DEL06-MS;UOP01-DEL06-MS
627405;11/09/2024;quarta-feira;20:30:00;SP;116;208;GUARULHOS;Ingestão de álcool pelo condutor;Colisão traseira;Sem Vítimas;Plena Noite;Crescente;Céu Claro;Múltipla;Reta;Sim;2;0;0;0;2;0;0;2;-23,42222263;-46,3932771;SPRF-SP;DEL01-SP;UOP01-DEL01-SP
627407;11/09/2024;quarta-feira;19:00:00;SC;470;37;GASPAR;Ausência de reação do condutor;Tombamento;Com Vítimas Feridas;Plena Noite;Crescente;Céu Claro;Dupla;Reta;Não;2;0;2;0;0;0;2;1;-26,912727;-48,978043;SPRF-SC;DEL04-SC;UOP01-DEL04-SC
627408;11/09/2024;quarta-feira;10:45:00;SC;101;336;TUBARAO;Ausência de reação do condutor;Tombamento;Com Vítimas Feridas;Pleno dia;Decrescente;Céu Claro;Dupla;"Ponte;Declive";Sim;1;0;1;0;0;0;1;1;-28,48367686;-49,03548002;SPRF-SC;DEL02-SC;UOP01-DEL02-SC
627410;11/09/2024;quarta-feira;18:20:00;AC;364;124;RIO BRANCO;Reação tardia ou ineficiente do condutor;Atropelamento de Pedestre;Com Vítimas Feridas;Plena Noite;Decrescente;Nevoeiro/Neblina;Dupla;Reta;Sim;2;0;1;1;0;0;2;2;-10,01152469;-67,79140099;SPRF-AC;DEL01-AC;UOP01-DEL01-AC
627411;11/09/2024;quarta-feira;19:35:00;PR;376;171,5;MARINGA;Trafegar com motocicleta (ou similar) entre as faixas;Tombamento;Com Vítimas Feridas;Plena Noite;Decrescente;Céu Claro;Dupla;Reta;Sim;1;0;1;0;0;0;1;1;-23,4140589;-51,9818547;SPRF-PR;DEL09-PR;UOP01-DEL09-PR
627413;11/09/2024;quarta-feira;17:45:00;MS;163;14;MUNDO NOVO;Reação tardia ou ineficiente do condutor;Saída de leito carroçável;Com Vítimas Feridas;Anoitecer;Decrescente;Céu Claro;Simples;"Interseção de Vias;Curva";Não;2;0;2;0;0;0;2;1;-23,95374032;-54,31622801;SPRF-MS;DEL09-MS;UOP02-DEL09-MS
627416;11/09/2024;quarta-feira;21:07:00;PB;101;88;JOAO PESSOA;Acumulo de óleo sobre o pavimento;Queda de ocupante de veículo;Com Vítimas Feridas;Plena Noite;Crescente;Céu Claro;Simples;Curva;Sim;2;0;2;0;0;0;2;1;-7,1673223;-34,8968482;SPRF-PB;DEL01-PB;UOP01-DEL01-PB
627418;11/09/2024;quarta-feira;20:10:00;SC;470;3;NAVEGANTES;Ausência de reação do condutor;Tombamento;Com Vítimas Feridas;Plena Noite;Crescente;Nublado;Dupla;"Interseção de Vias;Em Obras";Não;1;0;1;0;0;0;1;1;-26,861937;-48,681618;SPRF-SC;DEL04-SC;UOP04-DEL04-SC
627421;11/09/2024;quarta-feira;19:50:00;BA;324;520,8;FEIRA DE SANTANA;Condutor deixou de manter distância do veículo da frente;Colisão traseira;Com Vítimas Feridas;Plena Noite;Decrescente;Céu Claro;Dupla;Reta;Não;1;0;1;0;0;0;1;1;-12,27376054;-38,93366564;SPRF-BA;DEL01-BA;UOP03-DEL01-BA
627423;11/09/2024;quarta-feira;17:40:00;MA;230;494,4;RIACHAO;Desrespeitar a preferência no cruzamento;Colisão transversal;Com Vítimas Feridas;Anoitecer;Decrescente;Céu Claro;Simples;Reta;Não;3;0;1;1;1;0;2;2;-7,42656741;-46,77520752;SPRF-MA;DEL05-MA;UOP01-DEL05-MA
627424;11/09/2024;quarta-feira;22:15:00;SP;153;54,7;SAO JOSE DO RIO PRETO;Ausência de reação do condutor;Colisão traseira;Com Vítimas Feridas;Plena Noite;Crescente;Céu Claro;Dupla;Reta;Não;3;0;3;0;0;0;3;2;-20,74488916;-49,33894564;SPRF-SP;DEL09-SP;UOP01-DEL09-SP
627426;11/09/2024;quarta-feira;21:05:00;RJ;116;148;DUQUE DE CAXIAS;Reação tardia ou ineficiente do condutor;Queda de ocupante de veículo;Com Vítimas Feridas;Plena Noite;Crescente;Céu Claro;Múltipla;Reta;Sim;1;0;1;0;0;0;1;1;-22,67225364;-43,28761339;SPRF-RJ;DEL01-RJ;UOP02-DEL01-RJ
627427;11/09/2024;quarta-feira;23:10:00;SP;116;282,3;EMBU DAS ARTES;Ausência de reação do condutor;Colisão com objeto;Sem Vítimas;Pleno dia;Decrescente;Céu Claro;Dupla;Interseção de Vias;Não;1;0;0;0;1;0;0;1;-23,68570216;-46,85970975;SPRF-SP;DEL04-SP;UOP01-DEL04-SP
627429;11/09/2024;quarta-feira;20:20:00;GO;414;297;VILA PROPICIO;Velocidade Incompatível;Saída de leito carroçável;Com Vítimas Fatais;Plena Noite;Crescente;Céu Claro;Simples;Reta;Não;2;1;0;1;0;0;1;2;-15,178607;-48,702935;SPRF-GO;DEL07-GO;UOP02-DEL07-GO
627432;11/09/2024;quarta-feira;23:30:00;MG;381;868,6;POUSO ALEGRE;Reação tardia ou ineficiente do condutor;Colisão frontal;Com Vítimas Feridas;Plena Noite;Decrescente;Céu Claro;Simples;Reta;Não;2;0;0;1;1;0;1;2;-22,38151911;-45,94547022;SPRF-MG;DEL16-MG;UOP01-DEL16-MG
627435;12/09/2024;quinta-feira;01:00:00;SP;116;213;GUARULHOS;Ausência de reação do condutor;Colisão traseira;Com Vítimas Feridas;Plena Noite;Crescente;Céu Claro;Dupla;Reta;Sim;4;0;3;1;0;0;4;2;-23,43971486;-46,43667806;SPRF-SP;DEL01-SP;UOP01-DEL01-SP
627436;12/09/2024;quinta-feira;00:50:00;SC;470;43,3;GASPAR;Ausência de reação do condutor;Colisão com objeto;Com Vítimas Feridas;Plena Noite;Crescente;Céu Claro;Simples;Reta;Não;1;0;1;0;0;0;1;1;-26,87165888;-49,0164578;SPRF-SC;DEL04-SC;UOP01-DEL04-SC