id;data_inversa;dia_semana;horario;uf;br;km;municipio;causa_acidente;tipo_acidente;classificacao_acidente;fase_dia;sentido_via;condicao_metereologica;tipo_pista;tracado_via;uso_solo;pessoas;mortos;feridos_leves;feridos_graves;ilesos;ignorados;feridos;veiculos;latitude;longitude;regional;delegacia;uop
627439;12/09/2024;quinta-feira;01:30:00;PR;376;661;TIJUCAS DO SUL;Reação tardia ou ineficiente do condutor;Saída de leito carroçável;Sem Vítimas;Plena Noite;Decrescente;Nublado;Dupla;Reta;Não;1;0;0;0;1;0;0;1;-25,85481693;-48,99472504;SPRF-PR;DEL01-PR;UOP04-DEL01-PR
627447;12/09/2024;quinta-feira;02:50:00;AM;319;623;HUMAITA;Afundamento ou ondulação no pavimento;Saída de leito carroçável;Com Vítimas Feridas;Plena Noite;Crescente;Céu Claro;Dupla;Reta;Não;42;0;20;0;22;0;20;1;-7,28319806;-63,16523786;SPRF-AM;DEL01-AM;UOP04-DEL01-AM
627448;12/09/2024;quinta-feira;06:30:00;SP;116;204;ARUJA;Mal súbito do condutor;Colisão traseira;Com Vítimas Feridas;Amanhecer;Decrescente;Céu Claro;Dupla;Reta;Sim;2;0;1;0;0;1;1;2;-23,41236123;-46,35692496;SPRF-SP;DEL01-SP;UOP01-DEL01-SP
627449;08/09/2024;domingo;22:20:00;RJ;101;304;SAO GONCALO;Reação tardia ou ineficiente do condutor;Colisão traseira;Com Vítimas Feridas;Plena Noite;Decrescente;Céu Claro;Dupla;Reta;Não;2;0;1;0;1;0;1;2;-22,78491869;-42,98627706;SPRF-RJ;DEL02-RJ;UOP02-DEL02-RJ
627451;12/09/2024;quinta-feira;06:30:00;RS;293;14,4;CAPAO DO LEAO;Área urbana sem a presença de local apropriado para a travessia de pedestres;Atropelamento de Pedestre;Com Vítimas Fatais;Amanhecer;Decrescente;Chuva;Simples;Reta;Sim;4;1;0;0;3;0;0;2;-31,75233352;-52,4609969;SPRF-RS;DEL07-RS;UOP01-DEL07-RS
627452;12/09/2024;quinta-feira;07:10:00;GO;40;7;VALPARAISO DE GOIAS;Trafegar com motocicleta (ou similar) entre as faixas;Tombamento;Com Vítimas Feridas;Pleno dia;Crescente;Céu Claro;Dupla;Reta;Sim;1;0;1;0;0;0;1;1;-16,108482;-47,972524;SPRF-DF;DEL01-DF;UOP01-DEL01-DF
627454;12/09/2024;quinta-feira;07:05:00;SC;101;201,5;SAO JOSE;Reação tardia ou ineficiente do condutor;Colisão traseira;Com Vítimas Feridas;Pleno dia;Crescente;Céu Claro;Múltipla;Reta;Sim;3;0;2;0;1;0;2;2;-27,54836599;-48,61977975;SPRF-SC;DEL01-SC;UOP01-DEL01-SC
627456;12/09/2024;quinta-feira;06:30:00;SC;101;327;CAPIVARI DE BAIXO;Ingestão de álcool pelo condutor;Colisão com objeto;Com Vítimas Feridas;Pleno dia;Crescente;Céu Claro;Dupla;Reta;Sim;4;0;2;0;2;0;2;1;-28,43023306;-48,95205197;SPRF-SC;DEL02-SC;UOP01-DEL02-SC
627459;12/09/2024;quinta-feira;06:50:00;SP;153;62;SAO JOSE DO RIO PRETO;Reação tardia ou ineficiente do condutor;Tombamento;Com Vítimas Feridas;Pleno dia;Crescente;Céu Claro;Dupla;Reta;Sim;1;0;0;1;0;0;1;1;-20,81325404;-49,35675563;SPRF-SP;DEL09-SP;UOP01-DEL09-SP
627461;12/09/2024;quinta-feira;07:30:00;SC;116;245,6;LAGES;Desrespeitar a preferência no cruzamento;Colisão transversal;Com Vítimas Feridas;Pleno dia;Crescente;Céu Claro;Simples;Interseção de Vias;Sim;5;0;1;0;4;0;1;2;-27,79544281;-50,36187437;SPRF-SC;DEL05-SC;UOP02-DEL05-SC
627462;11/09/2024;quarta-feira;18:29:00;RO;364;339,8;JI-PARANA;Reação tardia ou ineficiente do condutor;Colisão transversal;Com Vítimas Feridas;Anoitecer;Crescente;Nublado;Dupla;Interseção de Vias;Sim;3;0;1;0;1;1;1;3;-10,907816;-61,93017402;SPRF-RO;DEL02-RO;UOP01-DEL02-RO
627464;12/09/2024;quinta-feira;07:00:00;AL;104;87;RIO LARGO;Acessar a via sem observar a presença dos outros veículos;Colisão transversal;Com Vítimas Feridas;Pleno dia;Crescente;Céu Claro;Dupla;Reta;Sim;3;0;1;0;2;0;1;2;-9,47532901;-35,82160002;SPRF-AL;DEL01-AL;UOP01-DEL01-AL
627468;12/09/2024;quinta-feira;08:00:00;SC;282;3;FLORIANOPOLIS;Reação tardia ou ineficiente do condutor;Colisão lateral mesmo sentido;Com Vítimas Feridas;Pleno dia;Decrescente;Nublado;Dupla;Curva;Sim;4;0;2;0;2;0;2;3;-27,600384;-48,599705;SPRF-SC;DEL01-SC;UOP01-DEL01-SC
627469;12/09/2024;quinta-feira;08:39:00;ES;101;261;SERRA;Ausência de reação do condutor;Queda de ocupante de veículo;Com Vítimas Feridas;Pleno dia;Crescente;Céu Claro;Simples;Curva;Não;1;0;1;0;0;0;1;1;-20,14854215;-40,27970926;SPRF-ES;DEL02-ES;UOP01-DEL02-ES
627470;12/09/2024;quinta-feira;07:30:00;RJ;101;308;SAO GONCALO;Trafegar com motocicleta (ou similar) entre as faixas;Colisão lateral mesmo sentido;Com Vítimas Feridas;Pleno dia;Crescente;Céu Claro;Dupla;Reta;Não;3;0;1;0;2;0;1;3;-22,79309326;-43,02479595;SPRF-RJ;DEL02-RJ;UOP02-DEL02-RJ
627471;12/09/2024;quinta-feira;07:45:00;PR;116;16,2;CURITIBA;Ausência de reação do condutor;Colisão lateral mesmo sentido;Com Vítimas Feridas;Pleno dia;Crescente;Céu Claro;Dupla;Reta;Sim;2;0;1;0;1;0;1;2;-25,3874;-49,1774;SPRF-PR;DEL01-PR;UOP02-DEL01-PR
627473;07/07/2024;domingo;00:30:00;GO;40;10;LUZIANIA;Acessar a via sem observar a presença dos outros veículos;Colisão traseira;Com Vítimas Feridas;Plena Noite;Crescente;Céu Claro;Dupla;Reta;Sim;2;0;0;2;0;0;2;2;-16,131285;-47,957923;SPRF-DF;DEL01-DF;UOP01-DEL01-DF
627474;31/08/2024;sábado;19:00:00;PR;277;114;CAMPO LARGO;Trafegar com motocicleta (ou similar) entre as faixas;Colisão lateral mesmo sentido;Com Vítimas Feridas;Plena Noite;Crescente;Céu Claro;Dupla;Reta;Sim;2;0;0;1;1;0;1;2;-25,44730486;-49,47933197;SPRF-PR;DEL03-PR;UOP03-DEL03-PR
627476;12/09/2024;quinta-feira;08:00:00;RS;116;516,8;PELOTAS;Reação tardia ou ineficiente do condutor;Saída de leito carroçável;Sem Vítimas;Pleno dia;Crescente;Chuva;Simples;Reta;Sim;1;0;0;0;0;1;0;1;-31,67013527;-52,34055575;SPRF-RS;DEL07-RS;UOP01-DEL07-RS
627478;12/09/2024;quinta-feira;08:35:00;SC;101;196,2;BIGUACU;Reação tardia ou ineficiente do condutor;Colisão traseira;Com Vítimas Feridas;Pleno dia;Crescente;Nevoeiro/Neblina;Dupla;Reta;Sim;2;0;0;2;0;0;2;2;-27,51101091;-48,64322292;SPRF-SC;DEL01-SC;UOP01-DEL01-SC
627480;12/09/2024;quinta-feira;08:30:00;ES;101;8;SERRA;Demais falhas mecânicas ou elétricas;Incêndio;Sem Vítimas;Pleno dia;Decrescente;Sol;Dupla;Reta;Não;1;0;0;0;1;0;0;1;-20,129093;-40,308125;SPRF-ES;DEL02-ES;UOP01-DEL02-ES
627481;12/09/2024;quinta-feira;08:52:00;PE;232;329;CUSTODIA;Manobra de mudança de faixa;Colisão frontal;Com Vítimas Feridas;Pleno dia;Crescente;Céu Claro;Simples;Reta;Sim;3;0;1;2;0;0;3;2;-8,09062964;-37,60175697;SPRF-PE;DEL04-PE;UOP02-DEL04-PE
627482;12/09/2024;quinta-feira;07:30:00;GO;40;27;LUZIANIA;Ausência de reação do condutor;Capotamento;Com Vítimas Fatais;Pleno dia;Crescente;Céu Claro;Dupla;Reta;Sim;1;1;0;0;0;0;0;1;-16,266185;-47,888241;SPRF-DF;DEL01-DF;UOP01-DEL01-DF
627486;12/09/2024;quinta-feira;07:30:00;RJ;101;442;MANGARATIBA;Velocidade Incompatível;Queda de ocupante de veículo;Com Vítimas Feridas;Pleno dia;Decrescente;Céu Claro;Simples;Curva;Não;1;0;1;0;0;0;1;1;-22,973969;-44,087093;SPRF-RJ;DEL03-RJ;UOP02-DEL03-RJ
627489;12/09/2024;quinta-feira;09:20:00;SC;158;102;CUNHA PORA;Reação tardia ou ineficiente do condutor;Engavetamento;Com Vítimas Feridas;Pleno dia;Crescente;Nublado;Simples;"Reta;Em Obras";Não;4;0;1;0;3;0;1;3;-26,84425606;-53,17106511;SPRF-SC;DEL07-SC;UOP02-DEL07-SC
627490;12/09/2024;quinta-feira;08:40:00;SC;280;58;GUARAMIRIM;Trafegar com motocicleta (ou similar) entre as faixas;Colisão traseira;Com Vítimas Feridas;Pleno dia;Crescente;Sol;Dupla;Reta;Não;2;0;1;0;1;0;1;2;-26,47415593;-49,021211;SPRF-SC;DEL03-SC;UOP03-DEL03-SC
627493;09/09/2024;segunda-feira;20:20:00;GO;60;83;ANAPOLIS;Problema com o freio;Colisão com objeto;Sem Vítimas;Plena Noite;Crescente;Céu Claro;Dupla;Reta;Não;2;0;0;0;2;0;0;1;-16,3149;-48,846;SPRF-GO;DEL02-GO;UOP01-DEL02-GO
627494;12/09/2024;quinta-feira;10:25:00;RJ;116;136,2;MAGE;Acessar a via sem observar a presença dos outros veículos;Colisão traseira;Com Vítimas Feridas;Pleno dia;Crescente;Sol;Dupla;Reta;Sim;3;0;1;0;2;0;1;3;-22,65225773;-43,16309893;SPRF-RJ;DEL04-RJ;UOP02-DEL04-RJ
627496;12/09/2024;quinta-feira;09:30:00;RJ;356;28;ITAPERUNA;Animais na Pista;Queda de ocupante de veículo;Com Vítimas Feridas;Pleno dia;Crescente;Céu Claro;Simples;Reta;Sim;1;0;1;0;0;0;1;1;-21,18452104;-41,93630101;SPRF-RJ;DEL08-RJ;UOP03-DEL08-RJ
627500;12/09/2024;quinta-feira;11:00:00;PR;373;175,4;PONTA GROSSA;Desrespeitar a preferência no cruzamento;Colisão transversal;Com Vítimas Feridas;Pleno dia;Crescente;Sol;Dupla;"Reta;Retorno Regulamentado";Sim;2;0;1;0;1;0;1;2;-25,06082803;-50,21845202;SPRF-PR;DEL03-PR;UOP01-DEL03-PR
627501;12/09/2024;quinta-feira;10:50:00;PI;343;335,8;TERESINA;Avarias e/ou desgaste excessivo no pneu;Tombamento;Com Vítimas Feridas;Pleno dia;Decrescente;Céu Claro;Dupla;Reta;Não;2;0;0;2;0;0;2;1;-5,061626;-42,696655;SPRF-PI;DEL01-PI;UOP01-DEL01-PI
627502;12/09/2024;quinta-feira;10:00:00;SP;116;289;ITAPECERICA DA SERRA;Transitar no Acostamento;Colisão traseira;Com Vítimas Feridas;Pleno dia;Decrescente;Sol;Dupla;Reta;Não;2;0;0;1;0;1;1;2;-23,72290969;-46,89096614;SPRF-SP;DEL04-SP;UOP01-DEL04-SP
627503;12/09/2024;quinta-feira;10:00:00;BA;116;15;VITORIA DA CONQUISTA;Acumulo de água sobre o pavimento;Tombamento;Com Vítimas Feridas;Pleno dia;Decrescente;Garoa/Chuvisco;Simples;Rotatória;Sim;2;0;0;1;1;0;1;1;-14,89971945;-40,85504293;SPRF-BA;DEL08-BA;UOP01-DEL08-BA
627505;12/09/2024;quinta-feira;12:00:00;RS;116;264;CANOAS;Reação tardia ou ineficiente do condutor;Tombamento;Com Vítimas Feridas;Pleno dia;Crescente;Nublado;Simples;Reta;Sim;1;0;1;0;0;0;1;1;-29,914435;-51,17754495;SPRF-RS;DEL01-RS;UOP01-DEL01-RS
627506;12/09/2024;quinta-feira;11:25:00;PB;101;73;SANTA RITA;Ausência de reação do condutor;Colisão com objeto;Com Vítimas Feridas;Pleno dia;Crescente;Céu Claro;Dupla;Reta;Não;3;0;2;1;0;0;3;1;-7,0777252;-34,98927712;SPRF-PB;DEL01-PB;UOP04-DEL01-PB
627507;12/09/2024;quinta-feira;09:30:00;RJ;101;67;CAMPOS DOS GOYTACAZES;Reação tardia ou ineficiente do condutor;Saída de leito carroçável;Com Vítimas Feridas;Pleno dia;Decrescente;Céu Claro;Simples;Reta;Sim;5;0;4;0;1;0;4;1;-21,76751094;-41,34876249;SPRF-RJ;DEL08-RJ;UOP02-DEL08-RJ
627509;12/09/2024;quinta-feira;12:07:00;SC;101;206,8;SAO JOSE;Ausência de reação do condutor;Colisão traseira;Com Vítimas Feridas;Pleno dia;Crescente;Nublado;Múltipla;Reta;Sim;4;0;2;0;2;0;2;4;-27,59193546;-48,61824557;SPRF-SC;DEL01-SC;UOP01-DEL01-SC
627513;12/09/2024;quinta-feira;11:45:00;PR;369;77;SANTA MARIANA;Reação tardia ou ineficiente do condutor;Colisão traseira;Com Vítimas Feridas;Pleno dia;Crescente;Céu Claro;Simples;Reta;Não;4;0;1;0;3;0;1;3;-23,146643;-50,561115;SPRF-PR;DEL07-PR;UOP05-DEL07-PR
627515;12/09/2024;quinta-feira;11:15:00;PR;369;374,6;MAMBORE;Acesso irregular;Colisão transversal;Com Vítimas Feridas;Pleno dia;Decrescente;Céu Claro;Simples;Reta;Não;5;0;3;0;2;0;3;2;-24,1633;-52,4829;SPRF-PR;DEL04-PR;UOP03-DEL04-PR
627516;12/09/2024;quinta-feira;12:00:00;RJ;116;304;RESENDE;Manobra de mudança de faixa;Engavetamento;Com Vítimas Feridas;Pleno dia;Decrescente;Céu Claro;Dupla;"Reta;Declive";Sim;4;0;1;0;3;0;1;3;-22,4550412;-44,38649998;SPRF-RJ;DEL07-RJ;UOP02-DEL07-RJ
627520;12/09/2024;quinta-feira;11:10:00;PR;153;4;JACAREZINHO;Ausência de reação do condutor;Queda de ocupante de veículo;Com Vítimas Feridas;Pleno dia;Decrescente;Céu Claro;Simples;Reta;Não;1;0;1;0;0;0;1;1;-23,02699797;-49,91481404;SPRF-PR;DEL07-PR;UOP04-DEL07-PR
627523;12/09/2024;quinta-feira;13:00:00;PR;277;74;SAO JOSE DOS PINHAIS;Acessar a via sem observar a presença dos outros veículos;Colisão traseira;Com Vítimas Feridas;Pleno dia;Crescente;Céu Claro;Simples;Reta;Não;3;0;3;0;0;0;3;3;-25,51726115;-49,11540707;SPRF-PR;DEL01-PR;UOP07-DEL01-PR
627524;12/09/2024;quinta-feira;12:40:00;PE;101;68,6;RECIFE;Estacionar ou parar em local proibido;Colisão traseira;Com Vítimas Feridas;Pleno dia;Crescente;Céu Claro;Múltipla;Reta;Sim;2;0;1;0;1;0;1;2;-8,055921;-34,946593;SPRF-PE;DEL01-PE;UOP01-DEL01-PE
627525;12/09/2024;quinta-feira;07:20:00;PB;104;102,6;SAO SEBASTIAO DE LAGOA DE  ROCA;Acessar a via sem observar a presença dos outros veículos;Saída de leito carroçável;Sem Vítimas;Pleno dia;Decrescente;Céu Claro;Simples;"Reta;Aclive";Não;2;0;0;0;2;0;0;2;-7,06249;-35,85547;SPRF-PB;DEL02-PB;UOP04-DEL02-PB
627526;12/09/2024;quinta-feira;06:55:00;RJ;101;313;SAO GONCALO;Manobra de mudança de faixa;Colisão lateral mesmo sentido;Com Vítimas Feridas;Pleno dia;Crescente;Céu Claro;Dupla;Reta;Sim;2;0;1;0;1;0;1;2;-22,81049093;-43,06983304;SPRF-RJ;DEL02-RJ;UOP02-DEL02-RJ
627527;12/09/2024;quinta-feira;12:30:00;RJ;465;13;SEROPEDICA;Transitar na contramão;Colisão frontal;Com Vítimas Feridas;Pleno dia;Crescente;Céu Claro;Simples;Reta;Sim;3;0;3;0;0;0;3;2;-22,798468;-43,645508;SPRF-RJ;DEL06-RJ;UOP02-DEL06-RJ
627528;12/09/2024;quinta-feira;13:40:00;RJ;393;254;BARRA DO PIRAI;Velocidade Incompatível;Queda de ocupante de veículo;Com Vítimas Fatais;Pleno dia;Decrescente;Céu Claro;Simples;"Curva;Declive";Não;2;1;0;1;0;0;1;1;-22,4441491;-43,79169192;SPRF-RJ;DEL05-RJ;UOP04-DEL05-RJ
627531;12/09/2024;quinta-feira;13:15:00;PI;343;4;TERESINA;Ausência de reação do condutor;Engavetamento;Com Vítimas Feridas;Pleno dia;Crescente;Céu Claro;Múltipla;"Reta;Interseção de Vias";Sim;3;0;1;0;2;0;1;3;-5,089569;-42,802288;SPRF-PI;DEL01-PI;UOP01-DEL01-PI
627532;31/08/2024;sábado;10:00:00;BA;324;524;FEIRA DE SANTANA;Ausência de reação do condutor;Engavetamento;Com Vítimas Feridas;Pleno dia;Decrescente;Chuva;Dupla;Reta;Sim;6;0;1;0;5;0;1;3;-12,2955119;-38,90487093;SPRF-BA;DEL01-BA;UOP03-DEL01-BA
627535;12/09/2024;quinta-feira;13:46:00;ES;101;146,8;LINHARES;Demais Fenômenos da natureza;Incêndio;Sem Vítimas;Pleno dia;Crescente;Céu Claro;Múltipla;Reta;Sim;1;0;0;0;1;0;0;1;-19,36990998;-40,06560718;SPRF-ES;DEL04-ES;UOP01-DEL04-ES
627537;12/09/2024;quinta-feira;14:10:00;RS;386;147,7;SARANDI;Ausência de reação do condutor;Saída de leito carroçável;Com Vítimas Feridas;Pleno dia;Crescente;Chuva;Simples;"Declive;Curva";Não;1;0;1;0;0;0;1;1;-28,057026;-52,870263;SPRF-RS;DEL08-RS;UOP01-DEL08-RS
627538;12/09/2024;quinta-feira;14:30:00;MG;40;508;RIBEIRAO DAS NEVES;Pedestre andava na pista;Atropelamento de Pedestre;Com Vítimas Feridas;Pleno dia;Crescente;Céu Claro;Dupla;Reta;Sim;2;0;0;1;0;1;1;2;-19,76061249;-44,1347544;SPRF-MG;DEL02-MG;UOP01-DEL02-MG
627540;12/09/2024;quinta-feira;14:10:00;SP;116;51,5;LORENA;Demais falhas mecânicas ou elétricas;Incêndio;Sem Vítimas;Pleno dia;Crescente;Sol;Dupla;"Reta;Declive;Interseção de Vias";Não;1;0;0;0;1;0;0;1;-22,74157511;-45,09206392;SPRF-SP;DEL08-SP;UOP02-DEL08-SP
627541;12/09/2024;quinta-feira;07:00:00;GO;60;209;GUAPO;Estacionar ou parar em local proibido;Incêndio;Sem Vítimas;Pleno dia;Decrescente;Céu Claro;Dupla;Reta;Não;1;0;0;0;0;1;0;1;-16,9324;-49,6679;SPRF-GO;DEL01-GO;UOP02-DEL01-GO
627542;12/09/2024;quinta-feira;15:03:00;ES;101;283,6;CARIACICA;Ausência de reação do condutor;Colisão traseira;Com Vítimas Feridas;Pleno dia;Crescente;Céu Claro;Dupla;"Reta;Declive";Não;4;0;1;1;2;0;2;2;-20,23642284;-40,36972404;SPRF-ES;DEL01-ES;UOP01-DEL01-ES
627543;18/05/2024;sábado;21:00:00;RJ;493;0;ITABORAI;Transitar na contramão;Colisão lateral sentido oposto;Com Vítimas Feridas;Plena Noite;Crescente;Céu Claro;Simples;Reta;Sim;2;0;1;0;1;0;1;2;-22,76931318;-42,92248076;SPRF-RJ;DEL02-RJ;UOP02-DEL02-RJ
627545;12/09/2024;quinta-feira;15:25:00;RS;386;33,8;FREDERICO WESTPHALEN;Acessar a via sem observar a presença dos outros veículos;Colisão transversal;Com Vítimas Feridas;Pleno dia;Crescente;Chuva;Simples;"Interseção de Vias;Reta";Sim;2;0;1;0;1;0;1;2;-27,349504;-53,386337;SPRF-RS;DEL08-RS;UOP02-DEL08-RS
627546;12/09/2024;quinta-feira;14:15:00;RS;153;52;ERECHIM;Transitar na contramão;Colisão lateral sentido oposto;Com Vítimas Feridas;Pleno dia;Crescente;Chuva;Simples;Reta;Sim;3;0;2;0;1;0;2;2;-27,66693813;-52,29069167;SPRF-RS;DEL08-RS;UOP04-DEL08-RS
627547;12/09/2024;quinta-feira;15:40:00;RJ;101;329;RIO DE JANEIRO;Condutor usando celular;Colisão traseira;Com Vítimas Feridas;Pleno dia;Crescente;Céu Claro;Dupla;Reta;Não;2;0;1;0;1;0;1;2;-22,86939305;-43,175642;SPRF-RJ;DEL02-RJ;UOP01-DEL02-RJ
627549;12/09/2024;quinta-feira;15:45:00;RJ;116;127;MAGE;Acumulo de óleo sobre o pavimento;Tombamento;Com Vítimas Feridas;Pleno dia;Crescente;Céu Claro;Dupla;Curva;Não;2;0;2;0;0;0;2;1;-22,66137035;-43,09295957;SPRF-RJ;DEL04-RJ;UOP02-DEL04-RJ
627550;15/07/2024;segunda-feira;07:45:00;SC;101;114;ITAJAI;Trafegar com motocicleta (ou similar) entre as faixas;Colisão lateral mesmo sentido;Com Vítimas Feridas;Pleno dia;Crescente;Nublado;Dupla;Reta;Não;2;0;1;0;1;0;1;2;-26,86192886;-48,7286704;SPRF-SC;DEL04-SC;UOP04-DEL04-SC
627551;12/09/2024;quinta-feira;15:15:00;RS;287;247;SANTA MARIA;Mal súbito do condutor;Saída de leito carroçável;Com Vítimas Feridas;Pleno dia;Decrescente;Nublado;Simples;Reta;Sim;2;0;2;0;0;0;2;1;-29,69996089;-53,84238666;SPRF-RS;DEL09-RS;UOP01-DEL09-RS
627554;12/09/2024;quinta-feira;16:00:00;RN;101;99;PARNAMIRIM;Condutor deixou de manter distância do veículo da frente;Colisão traseira;Com Vítimas Feridas;Pleno dia;Decrescente;Céu Claro;Dupla;"Reta;Viaduto";Sim;2;0;1;0;1;0;1;2;-5,87359183;-35,22063023;SPRF-RN;DEL01-RN;UOP01-DEL01-RN
627555;28/08/2024;quarta-feira;21:30:00;AM;174;953;MANAUS;Condutor Dormindo;Saída de leito carroçável;Com Vítimas Feridas;Plena Noite;Decrescente;Céu Claro;Simples;"Declive;Reta";Não;1;0;0;1;0;0;1;1;-2,36386195;-60,04188351;SPRF-AM;DEL01-AM;UOP01-DEL01-AM
627558;12/09/2024;quinta-feira;15:00:00;RJ;101;390;ITAGUAI;Transtornos Mentais (exceto suicidio);Queda de ocupante de veículo;Com Vítimas Feridas;Pleno dia;Decrescente;Céu Claro;Dupla;Reta;Não;2;0;1;0;1;0;1;1;-22,89346927;-43,67542992;SPRF-RJ;DEL03-RJ;UOP01-DEL03-RJ
627561;23/08/2024;sexta-feira;21:35:00;CE;116;14;FORTALEZA;Entrada inopinada do pedestre;Atropelamento de Pedestre;Com Vítimas Fatais;Plena Noite;Crescente;Céu Claro;Múltipla;Reta;Sim;3;1;0;0;2;0;0;2;-3,86973356;-38,49827361;SPRF-CE;DEL01-CE;UOP02-DEL01-CE
627563;24/08/2024;sábado;03:40:00;PR;153;343,9;IRATI;Ingestão de álcool pelo condutor;Colisão frontal;Com Vítimas Feridas;Plena Noite;Crescente;Nublado;Simples;Reta;Não;2;0;1;0;1;0;1;2;-25,55395107;-50,6723479;SPRF-PR;DEL08-PR;UOP02-DEL08-PR
627565;12/09/2024;quinta-feira;16:30:00;MG;381;483,9;BETIM;Condutor deixou de manter distância do veículo da frente;Colisão traseira;Com Vítimas Feridas;Pleno dia;Crescente;Nublado;Múltipla;Reta;Sim;2;0;1;0;1;0;1;2;-19,95950351;-44,08604264;SPRF-MG;DEL01-MG;UOP03-DEL01-MG
627566;12/09/2024;quinta-feira;12:30:00;MS;163;77,6;ITAQUIRAI;Acessar a via sem observar a presença dos outros veículos;Colisão transversal;Com Vítimas Feridas;Pleno dia;Crescente;Céu Claro;Dupla;"Reta;Retorno Regulamentado";Sim;2;0;1;0;0;1;1;2;-23,4831998;-54,18609129;SPRF-MS;DEL09-MS;UOP01-DEL09-MS
627567;12/09/2024;quinta-feira;17:45:00;DF;40;7;BRASILIA;Transitar no Acostamento;Atropelamento de Pedestre;Com Vítimas Feridas;Anoitecer;Crescente;Céu Claro;Dupla;Reta;Sim;2;0;0;1;1;0;1;2;-16,038666;-47,979691;SPRF-DF;DEL01-DF;UOP01-DEL01-DF
627569;12/09/2024;quinta-feira;17:40:00;SC;101;126,5;ITAJAI;Reação tardia ou ineficiente do condutor;Capotamento;Com Vítimas Feridas;Anoitecer;Decrescente;Céu Claro;Dupla;Reta;Sim;1;0;1;0;0;0;1;1;-26,95564404;-48,67978366;SPRF-SC;DEL04-SC;UOP04-DEL04-SC
627573;12/09/2024;quinta-feira;17:42:00;BA;101;254;SANTO ANTONIO DE JESUS;Conversão proibida;Colisão frontal;Com Vítimas Feridas;Anoitecer;Decrescente;Céu Claro;Simples;Reta;Não;3;0;3;0;0;0;3;2;-12,91623322;-39,24441528;SPRF-BA;DEL01-BA;UOP02-DEL01-BA
627574;12/09/2024;quinta-feira;18:00:00;RJ;116;89;TERESOPOLIS;Velocidade Incompatível;Saída de leito carroçável;Com Vítimas Feridas;Plena Noite;Decrescente;Céu Claro;Simples;Curva;Não;2;0;2;0;0;0;2;1;-22,45706098;-42,96221791;SPRF-RJ;DEL04-RJ;UOP01-DEL04-RJ
627575;12/09/2024;quinta-feira;18:00:00;GO;50;163,5;CAMPO ALEGRE DE GOIAS;Acumulo de areia ou detritos sobre o pavimento;Tombamento;Com Vítimas Feridas;Anoitecer;Decrescente;Céu Claro;Dupla;Curva;Não;1;0;0;1;0;0;1;1;-17,2794;-47,7614;SPRF-GO;DEL06-GO;UOP01-DEL06-GO
627576;12/09/2024;quinta-feira;18:25:00;PB;230;25;JOAO PESSOA;Condutor deixou de manter distância do veículo da frente;Colisão lateral mesmo sentido;Com Vítimas Feridas;Plena Noite;Crescente;Céu Claro;Dupla;Interseção de Vias;Sim;1;0;1;0;0;0;1;1;-7,17043063;-34,86961842;SPRF-PB;DEL01-PB;UOP01-DEL01-PB
627579;12/09/2024;quinta-feira;18:20:00;BA;116;826;VITORIA DA CONQUISTA;Reação tardia ou ineficiente do condutor;Colisão lateral mesmo sentido;Com Vítimas Feridas;Plena Noite;Crescente;Céu Claro;Dupla;Reta;Sim;2;0;1;0;1;0;1;2;-14,87635009;-40,85353637;SPRF-BA;DEL08-BA;UOP01-DEL08-BA
627580;12/09/2024;quinta-feira;18:40:00;ES;101;286,1;CARIACICA;Ausência de reação do condutor;Queda de ocupante de veículo;Com Vítimas Feridas;Anoitecer;Crescente;Céu Claro;Dupla;Curva;Sim;2;0;1;0;0;1;1;1;-20,25902175;-40,37753412;SPRF-ES;DEL01-ES;UOP01-DEL01-ES
627581;12/09/2024;quinta-feira;17:00:00;MT;364;198;RONDONOPOLIS;Acessar a via sem observar a presença dos outros veículos;Colisão transversal;Com Vítimas Feridas;Anoitecer;Crescente;Céu Claro;Simples;"Interseção de Vias;Reta;Declive";Sim;2;0;1;0;1;0;1;2;-16,5093185;-54,61803675;SPRF-MT;DEL02-MT;UOP01-DEL02-MT
627583;12/09/2024;quinta-feira;18:45:00;ES;101;147,8;LINHARES;Manobra de mudança de faixa;Colisão lateral mesmo sentido;Com Vítimas Feridas;Plena Noite;Crescente;Céu Claro;Dupla;Reta;Sim;3;0;2;0;1;0;2;2;-19,37887202;-40,06657892;SPRF-ES;DEL04-ES;UOP01-DEL04-ES
627584;12/09/2024;quinta-feira;17:10:00;RJ;465;3;SEROPEDICA;Acessar a via sem observar a presença dos outros veículos;Colisão lateral mesmo sentido;Com Vítimas Feridas;Anoitecer;Crescente;Céu Claro;Simples;"Reta;Interseção de Vias";Não;2;0;1;0;0;1;1;2;-22,73427;-43,711994;SPRF-RJ;DEL06-RJ;UOP02-DEL06-RJ
627585;12/09/2024;quinta-feira;18:40:00;GO;60;98;ANAPOLIS;Avarias e/ou desgaste excessivo no pneu;Tombamento;Com Vítimas Feridas;Anoitecer;Crescente;Céu Claro;Dupla;Reta;Não;2;0;1;0;1;0;1;1;-16,3846;-48,9541;SPRF-GO;DEL02-GO;UOP01-DEL02-GO
627587;12/09/2024;quinta-feira;17:30:00;RJ;40;27;TRES RIOS;Ausência de reação do condutor;Saída de leito carroçável;Com Vítimas Feridas;Plena Noite;Decrescente;Céu Claro;Dupla;Curva;Não;1;0;1;0;0;0;1;1;-22,16436914;-43,15707045;SPRF-RJ;DEL05-RJ;UOP02-DEL05-RJ