id;data_inversa;dia_semana;horario;uf;br;km;municipio;causa_acidente;tipo_acidente;classificacao_acidente;fase_dia;sentido_via;condicao_metereologica;tipo_pista;tracado_via;uso_solo;pessoas;mortos;feridos_leves;feridos_graves;ilesos;ignorados;feridos;veiculos;latitude;longitude;regional;delegacia;uop
627588;12/09/2024;quinta-feira;18:30:00;ES;259;32,6;COLATINA;Pedestre - Ingestão de álcool/ substâncias psicoativas;Atropelamento de Pedestre;Com Vítimas Feridas;Plena Noite;Crescente;Céu Claro;Simples;"Interseção de Vias;Reta";Sim;2;0;1;0;0;1;1;2;-19,57117326;-40,50537944;SPRF-ES;DEL02-ES;UOP01-DEL02-ES
627589;12/09/2024;quinta-feira;19:00:00;SC;101;155;PORTO BELO;Acesso irregular;Colisão transversal;Com Vítimas Feridas;Plena Noite;Decrescente;Céu Claro;Simples;Viaduto;Sim;2;0;0;1;1;0;1;2;-27,16292;-48,61129;SPRF-SC;DEL04-SC;UOP03-DEL04-SC
627590;12/09/2024;quinta-feira;19:15:00;PB;230;17,4;JOAO PESSOA;Reação tardia ou ineficiente do condutor;Colisão traseira;Com Vítimas Feridas;Plena Noite;Crescente;Céu Claro;Múltipla;"Reta;Retorno Regulamentado";Sim;2;0;1;0;1;0;1;2;-7,11818233;-34,84369755;SPRF-PB;DEL01-PB;UOP01-DEL01-PB
627591;12/09/2024;quinta-feira;18:05:00;RJ;101;321;NITEROI;Trafegar com motocicleta (ou similar) entre as faixas;Colisão lateral mesmo sentido;Com Vítimas Feridas;Anoitecer;Decrescente;Céu Claro;Dupla;Reta;Não;3;0;2;0;1;0;2;2;-22,86981096;-43,11046465;SPRF-RJ;DEL02-RJ;UOP01-DEL02-RJ
627593;12/09/2024;quinta-feira;19:00:00;PR;277;720;FOZ DO IGUACU;Ultrapassagem Indevida;Colisão frontal;Com Vítimas Feridas;Plena Noite;Decrescente;Chuva;Simples;"Curva;Rotatória";Sim;2;0;2;0;0;0;2;2;-25,48750984;-54,50317706;SPRF-PR;DEL05-PR;UOP03-DEL05-PR
627594;12/09/2024;quinta-feira;17:30:00;SE;101;90,5;NOSSA SENHORA DO SOCORRO;Desrespeitar a preferência no cruzamento;Colisão transversal;Com Vítimas Feridas;Anoitecer;Decrescente;Céu Claro;Dupla;Reta;Não;2;0;0;2;0;0;2;2;-10,88958218;-37,13256719;SPRF-SE;DEL01-SE;UOP01-DEL01-SE
627595;12/09/2024;quinta-feira;18:12:00;MA;135;22;SAO LUIS;Manobra de mudança de faixa;Colisão lateral mesmo sentido;Sem Vítimas;Plena Noite;Crescente;Céu Claro;Dupla;Reta;Sim;2;0;0;0;2;0;0;2;-2,53073;-44,3068;SPRF-MA;DEL01-MA;UOP01-DEL01-MA
627597;12/09/2024;quinta-feira;18:44:00;RS;392;352;SANTA MARIA;Ausência de reação do condutor;Atropelamento de Pedestre;Com Vítimas Feridas;Plena Noite;Crescente;Ignorado;Dupla;"Reta;Interseção de Vias";Sim;3;0;0;1;1;1;1;2;-29,720404;-53,807632;SPRF-RS;DEL09-RS;UOP01-DEL09-RS
627598;12/09/2024;quinta-feira;16:00:00;GO;158;52;BOM JARDIM DE GOIAS;Demais falhas mecânicas ou elétricas;Incêndio;Sem Vítimas;Pleno dia;Decrescente;Céu Claro;Simples;"Reta;Declive";Não;2;0;0;0;2;0;0;1;-16,24812003;-52,06012904;SPRF-GO;DEL04-GO;UOP02-DEL04-GO
627601;12/09/2024;quinta-feira;18:45:00;MS;376;38,9;VICENTINA;Transitar na contramão;Colisão frontal;Com Vítimas Fatais;Plena Noite;Decrescente;Céu Claro;Simples;"Reta;Aclive";Não;8;1;5;1;1;0;6;3;-22,418443;-54,41148;SPRF-MS;DEL04-MS;UOP01-DEL04-MS
627604;12/09/2024;quinta-feira;10:50:00;MS;158;2;CASSILANDIA;Reação tardia ou ineficiente do condutor;Colisão transversal;Com Vítimas Feridas;Pleno dia;Crescente;Céu Claro;Simples;Interseção de Vias;Sim;2;0;0;1;1;0;1;2;-19,119783;-51,73276;SPRF-MS;DEL08-MS;UOP01-DEL08-MS
627605;12/09/2024;quinta-feira;18:40:00;ES;262;110,3;VENDA NOVA DO IMIGRANTE;Acessar a via sem observar a presença dos outros veículos;Colisão frontal;Com Vítimas Feridas;Anoitecer;Crescente;Céu Claro;Simples;Reta;Sim;3;0;1;0;2;0;1;2;-20,3364276;-41,18081802;SPRF-ES;DEL01-ES;UOP02-DEL01-ES
627606;12/09/2024;quinta-feira;19:20:00;BA;415;31,6;ILHEUS;Conversão proibida;Colisão traseira;Com Vítimas Feridas;Plena Noite;Crescente;Céu Claro;Dupla;Reta;Não;3;0;2;0;1;0;2;2;-14,782208;-39,240118;SPRF-BA;DEL05-BA;UOP01-DEL05-BA
627607;12/09/2024;quinta-feira;19:30:00;SC;101;280;IMBITUBA;Acessar a via sem observar a presença dos outros veículos;Colisão transversal;Com Vítimas Feridas;Plena Noite;Crescente;Nublado;Múltipla;Reta;Sim;4;0;2;2;0;0;4;2;-28,19391922;-48,69757223;SPRF-SC;DEL02-SC;UOP03-DEL02-SC
627608;12/09/2024;quinta-feira;20:20:00;ES;101;260;SERRA;Transitar na contramão;Colisão frontal;Com Vítimas Feridas;Plena Noite;Crescente;Céu Claro;Dupla;Curva;Não;8;0;5;2;1;0;7;3;-20,14616415;-40,28836206;SPRF-ES;DEL02-ES;UOP01-DEL02-ES
627609;12/09/2024;quinta-feira;19:10:00;MG;381;543,5;ITATIAIUCU;Reação tardia ou ineficiente do condutor;Tombamento;Com Vítimas Feridas;Plena Noite;Decrescente;Céu Claro;Dupla;"Curva;Declive";Não;3;0;0;1;2;0;1;2;-20,27336801;-44,42585498;SPRF-MG;DEL04-MG;UOP03-DEL04-MG
627611;12/09/2024;quinta-feira;18:50:00;RR;174;497;BOA VISTA;Pista esburacada;Tombamento;Com Vítimas Feridas;Plena Noite;Crescente;Céu Claro;Simples;Reta;Não;1;0;1;0;0;0;1;1;2,770736;-60,76128;SPRF-RR;DEL01-RR;UOP01-DEL01-RR
627612;12/09/2024;quinta-feira;21:00:00;PB;230;75,2;SOBRADO;Velocidade Incompatível;Saída de leito carroçável;Com Vítimas Fatais;Plena Noite;Crescente;Céu Claro;Dupla;Retorno Regulamentado;Não;1;1;0;0;0;0;0;1;-7,188292;-35,280698;SPRF-PB;DEL01-PB;UOP03-DEL01-PB
627615;12/09/2024;quinta-feira;20:10:00;RS;116;52,2;VACARIA;Pista esburacada;Colisão com objeto;Com Vítimas Feridas;Plena Noite;Crescente;Chuva;Simples;"Curva;Declive";Não;1;0;1;0;0;0;1;1;-28,58229507;-51,02378683;SPRF-RS;DEL05-RS;UOP03-DEL05-RS
627616;12/09/2024;quinta-feira;20:50:00;SE;235;6;NOSSA SENHORA DO SOCORRO;Ingestão de álcool pelo condutor;Colisão com objeto;Sem Vítimas;Plena Noite;Decrescente;Nublado;Dupla;Reta;Não;1;0;0;0;0;1;0;1;-10,903851;-37,128677;SPRF-SE;DEL01-SE;UOP01-DEL01-SE
627618;12/09/2024;quinta-feira;18:50:00;MS;163;374;NOVA ALVORADA DO SUL;Ausência de reação do condutor;Saída de leito carroçável;Com Vítimas Feridas;Plena Noite;Crescente;Céu Claro;Múltipla;Reta;Não;1;0;0;1;0;0;1;1;-21,39332793;-54,40779977;SPRF-MS;DEL02-MS;UOP01-DEL02-MS
627619;12/09/2024;quinta-feira;15:45:00;PA;10;324,6;SAO MIGUEL DO GUAMA;Transitar na contramão;Colisão frontal;Com Vítimas Feridas;Pleno dia;Crescente;Céu Claro;Simples;Reta;Não;5;0;4;0;1;0;4;2;-1,537852;-47,515027;SPRF-PA;DEL01-PA;UOP02-DEL01-PA
627620;12/09/2024;quinta-feira;19:10:00;MG;116;605,5;SAO JOAO DO MANHUACU;Acessar a via sem observar a presença dos outros veículos;Colisão transversal;Com Vítimas Feridas;Plena Noite;Crescente;Céu Claro;Simples;Reta;Não;2;0;0;1;1;0;1;2;-20,3699701;-42,14797234;SPRF-MG;DEL06-MG;UOP03-DEL06-MG
627621;12/09/2024;quinta-feira;18:40:00;RJ;493;5;ITABORAI;Acostamento em desnível;Queda de ocupante de veículo;Com Vítimas Feridas;Plena Noite;Crescente;Céu Claro;Simples;Reta;Sim;2;0;1;0;1;0;1;1;-22,73998606;-42,95374823;SPRF-RJ;DEL02-RJ;UOP02-DEL02-RJ
627622;12/09/2024;quinta-feira;14:00:00;BA;420;259;MUTUIPE;Reação tardia ou ineficiente do condutor;Saída de leito carroçável;Com Vítimas Feridas;Pleno dia;Decrescente;Sol;Simples;"Reta;Aclive";Não;3;0;3;0;0;0;3;1;-13,22837358;-39,53491124;SPRF-BA;DEL01-BA;UOP02-DEL01-BA
627623;12/09/2024;quinta-feira;17:10:00;MG;262;520,5;LUZ;Acessar a via sem observar a presença dos outros veículos;Colisão transversal;Com Vítimas Feridas;Pleno dia;Crescente;Sol;Simples;"Reta;Declive";Não;3;0;3;0;0;0;3;2;-19,78342444;-45,65606117;SPRF-MG;DEL08-MG;UOP03-DEL08-MG
627627;12/09/2024;quinta-feira;20:20:00;PR;476;146;CURITIBA;Reação tardia ou ineficiente do condutor;Colisão traseira;Com Vítimas Feridas;Plena Noite;Crescente;Céu Claro;Dupla;"Reta;Declive";Sim;4;0;3;0;1;0;3;2;-25,5528467;-49,3349078;SPRF-PR;DEL01-PR;UOP06-DEL01-PR
627628;12/09/2024;quinta-feira;21:40:00;RS;386;392,5;TRIUNFO;Acessar a via sem observar a presença dos outros veículos;Colisão transversal;Com Vítimas Feridas;Plena Noite;Decrescente;Garoa/Chuvisco;Dupla;Retorno Regulamentado;Não;4;0;1;0;3;0;1;2;-29,704739;-51,654911;SPRF-RS;DEL04-RS;UOP02-DEL04-RS
627629;12/09/2024;quinta-feira;22:00:00;MG;262;34,6;MANHUACU;Ausência de reação do condutor;Colisão traseira;Sem Vítimas;Plena Noite;Crescente;Céu Claro;Simples;"Reta;Declive";Sim;2;0;0;0;2;0;0;2;-20,25692664;-42,01099203;SPRF-MG;DEL06-MG;UOP03-DEL06-MG
627631;12/09/2024;quinta-feira;21:20:00;MS;376;79;DEODAPOLIS;Condutor deixou de manter distância do veículo da frente;Colisão traseira;Com Vítimas Feridas;Plena Noite;Crescente;Nevoeiro/Neblina;Simples;Reta;Não;2;0;1;0;0;1;1;2;-22,30260504;-54,17976991;SPRF-MS;DEL04-MS;UOP04-DEL04-MS
627633;12/09/2024;quinta-feira;19:40:00;RJ;493;1;ITABORAI;Acesso irregular;Colisão lateral mesmo sentido;Com Vítimas Feridas;Plena Noite;Crescente;Céu Claro;Simples;"Curva;Aclive";Sim;3;0;1;0;2;0;1;2;-22,76398788;-42,92731895;SPRF-RJ;DEL02-RJ;UOP02-DEL02-RJ
627634;12/09/2024;quinta-feira;19:10:00;PE;232;237,4;ARCOVERDE;Ausência de reação do condutor;Colisão lateral sentido oposto;Com Vítimas Feridas;Plena Noite;Decrescente;Vento;Dupla;"Reta;Declive";Não;4;0;0;1;2;1;1;3;-8,41563421;-36,93527886;SPRF-PE;DEL04-PE;UOP02-DEL04-PE
627635;12/09/2024;quinta-feira;21:40:00;RN;406;7;MACAU;Desrespeitar a preferência no cruzamento;Colisão frontal;Com Vítimas Feridas;Plena Noite;Decrescente;Céu Claro;Simples;"Reta;Interseção de Vias";Não;3;0;1;0;0;2;1;2;-5,15585435;-36,5838237;SPRF-RN;DEL02-RN;UOP01-DEL02-RN
627636;12/09/2024;quinta-feira;23:10:00;SP;116;221;GUARULHOS;Trafegar com motocicleta (ou similar) entre as faixas;Colisão lateral mesmo sentido;Com Vítimas Feridas;Plena Noite;Decrescente;Céu Claro;Simples;Reta;Sim;3;0;1;0;2;0;1;2;-23,46802395;-46,50704901;SPRF-SP;DEL01-SP;UOP01-DEL01-SP
627638;12/09/2024;quinta-feira;18:00:00;MA;10;257,8;IMPERATRIZ;Condutor deixou de manter distância do veículo da frente;Colisão traseira;Com Vítimas Feridas;Plena Noite;Decrescente;Céu Claro;Simples;Reta;Sim;2;0;0;1;1;0;1;2;-5,490634;-47,471973;SPRF-MA;DEL04-MA;UOP01-DEL04-MA
627639;12/09/2024;quinta-feira;22:10:00;RJ;101;326;RIO DE JANEIRO;Reação tardia ou ineficiente do condutor;Queda de ocupante de veículo;Com Vítimas Feridas;Plena Noite;Decrescente;Céu Claro;Dupla;Reta;Não;4;0;1;0;3;0;1;4;-22,87206203;-43,146105;SPRF-RJ;DEL02-RJ;UOP01-DEL02-RJ
627640;12/09/2024;quinta-feira;16:30:00;MG;116;414;GOVERNADOR VALADARES;Manobra de mudança de faixa;Colisão lateral mesmo sentido;Com Vítimas Feridas;Pleno dia;Crescente;Céu Claro;Dupla;Reta;Não;3;0;0;2;1;0;2;2;-18,88102703;-41,95910802;SPRF-MG;DEL06-MG;UOP01-DEL06-MG
627641;12/09/2024;quinta-feira;21:55:00;BA;407;5,5;JUAZEIRO;Transitar na contramão;Colisão frontal;Com Vítimas Feridas;Plena Noite;Decrescente;Céu Claro;Dupla;Reta;Sim;3;0;2;0;1;0;2;2;-9,44778544;-40,49043801;SPRF-PE;DEL06-PE;UOP01-DEL06-PE
627642;12/09/2024;quinta-feira;22:57:00;PR;277;72;SAO JOSE DOS PINHAIS;Reação tardia ou ineficiente do condutor;Tombamento;Com Vítimas Feridas;Plena Noite;Decrescente;Céu Claro;Simples;Curva;Não;1;0;1;0;0;0;1;1;-25,52522628;-49,09755612;SPRF-PR;DEL01-PR;UOP07-DEL01-PR
627643;12/09/2024;quinta-feira;21:45:00;PA;230;98;SAO JOAO DO ARAGUAIA;Animais na Pista;Atropelamento de Animal;Com Vítimas Fatais;Plena Noite;Decrescente;Céu Claro;Simples;"Reta;Aclive";Sim;1;1;0;0;0;0;0;1;-5,41919096;-48,93656196;SPRF-PA;DEL03-PA;UOP01-DEL03-PA
627644;13/09/2024;sexta-feira;00:05:00;SP;116;220;GUARULHOS;Trafegar com motocicleta (ou similar) entre as faixas;Tombamento;Com Vítimas Feridas;Plena Noite;Decrescente;Nublado;Múltipla;Reta;Não;1;0;1;0;0;0;1;1;-23,465607;-46,500443;SPRF-SP;DEL01-SP;UOP01-DEL01-SP
627646;13/09/2024;sexta-feira;00:15:00;ES;101;66,9;SAO MATEUS;Ingestão de álcool pelo condutor;Saída de leito carroçável;Com Vítimas Feridas;Plena Noite;Decrescente;Céu Claro;Simples;Reta;Sim;1;0;1;0;0;0;1;1;-18,7165195;-39,87436378;SPRF-ES;DEL04-ES;UOP02-DEL04-ES
627650;12/09/2024;quinta-feira;22:30:00;RJ;493;13;GUAPIMIRIM;Ausência de reação do condutor;Colisão com objeto;Com Vítimas Feridas;Plena Noite;Crescente;Céu Claro;Múltipla;Reta;Sim;2;0;2;0;0;0;2;1;-22,67551484;-42,97451889;SPRF-RJ;DEL04-RJ;UOP02-DEL04-RJ
627651;12/09/2024;quinta-feira;23:45:00;PR;116;117;CURITIBA;Pedestre cruzava a pista fora da faixa;Atropelamento de Pedestre;Com Vítimas Fatais;Plena Noite;Decrescente;Nublado;Dupla;"Reta;Aclive";Sim;5;1;0;0;4;0;0;2;-25,558505;-49,306466;SPRF-PR;DEL01-PR;UOP03-DEL01-PR
627653;12/09/2024;quinta-feira;09:00:00;BA;324;551;AMELIA RODRIGUES;Condutor deixou de manter distância do veículo da frente;Colisão traseira;Sem Vítimas;Pleno dia;Decrescente;Chuva;Dupla;Reta;Sim;3;0;0;0;3;0;0;2;-12,43832718;-38,72506515;SPRF-BA;DEL01-BA;UOP03-DEL01-BA
627654;12/09/2024;quinta-feira;23:50:00;MS;60;427,1;SIDROLANDIA;Pedestre andava na pista;Atropelamento de Pedestre;Com Vítimas Feridas;Plena Noite;Crescente;Céu Claro;Simples;Reta;Sim;2;0;1;1;0;0;2;2;-20,95147591;-54,97109059;SPRF-MS;DEL01-MS;UOP04-DEL01-MS
627656;12/09/2024;quinta-feira;18:50:00;RO;364;665;CANDEIAS DO JAMARI;Ausência de reação do condutor;Colisão traseira;Com Vítimas Feridas;Plena Noite;Crescente;Céu Claro;Simples;Reta;Não;4;0;2;0;2;0;2;2;-8,79088683;-63,46967563;SPRF-RO;DEL01-RO;UOP01-DEL01-RO
627657;12/09/2024;quinta-feira;23:00:00;BA;242;633;MUQUEM DE SAO FRANCISCO;Reação tardia ou ineficiente do condutor;Saída de leito carroçável;Com Vítimas Feridas;Plena Noite;Crescente;Céu Claro;Simples;Reta;Não;4;0;1;3;0;0;4;1;-12,208;-43,606;SPRF-BA;DEL10-BA;UOP01-DEL10-BA
627663;13/09/2024;sexta-feira;02:37:00;CE;116;527;JATI;Pedestre andava na pista;Atropelamento de Pedestre;Com Vítimas Feridas;Anoitecer;Decrescente;Céu Claro;Simples;Reta;Sim;2;0;2;0;0;0;2;2;-7,66897606;-39,01531815;SPRF-CE;DEL05-CE;UOP03-DEL05-CE
627665;13/09/2024;sexta-feira;05:15:00;SC;101;133;BALNEARIO CAMBORIU;Ingestão de álcool pelo condutor;Saída de leito carroçável;Com Vítimas Feridas;Plena Noite;Crescente;Céu Claro;Múltipla;Reta;Sim;3;0;1;0;0;2;1;2;-26,99936;-48,64609;SPRF-SC;DEL04-SC;UOP03-DEL04-SC
627666;13/09/2024;sexta-feira;06:00:00;MG;40;618,4;CONGONHAS;Condutor deixou de manter distância do veículo da frente;Colisão traseira;Com Vítimas Feridas;Pleno dia;Crescente;Céu Claro;Simples;Reta;Não;2;0;1;0;1;0;1;2;-20,57301047;-43,81278992;SPRF-MG;DEL05-MG;UOP02-DEL05-MG
627667;13/09/2024;sexta-feira;05:30:00;PR;277;146,9;PORTO AMAZONAS;Velocidade Incompatível;Colisão traseira;Com Vítimas Feridas;Plena Noite;Decrescente;Céu Claro;Simples;"Reta;Declive";Não;6;0;2;0;4;0;2;2;-25,47065839;-49,79387999;SPRF-PR;DEL03-PR;UOP03-DEL03-PR
627669;13/09/2024;sexta-feira;05:30:00;RS;116;130,5;CAXIAS DO SUL;Reação tardia ou ineficiente do condutor;Saída de leito carroçável;Com Vítimas Feridas;Plena Noite;Decrescente;Chuva;Simples;"Declive;Curva";Não;1;0;1;0;0;0;1;1;-29,03573345;-51,09397238;SPRF-RS;DEL05-RS;UOP01-DEL05-RS
627670;13/09/2024;sexta-feira;02:50:00;AM;174;990;PRESIDENTE FIGUEIREDO;Reação tardia ou ineficiente do condutor;Saída de leito carroçável;Com Vítimas Fatais;Plena Noite;Decrescente;Ignorado;Simples;Reta;Sim;2;1;0;0;0;1;0;2;-2,05456834;-60,02348369;SPRF-AM;DEL01-AM;UOP02-DEL01-AM
627671;13/09/2024;sexta-feira;05:30:00;SC;101;150;ITAPEMA;Ausência de reação do condutor;Colisão com objeto;Sem Vítimas;Amanhecer;Decrescente;Céu Claro;Simples;Reta;Sim;1;0;0;0;0;1;0;1;-27,11744799;-48,60940987;SPRF-SC;DEL04-SC;UOP03-DEL04-SC
627672;13/09/2024;sexta-feira;06:30:00;DF;40;5;BRASILIA;Condutor deixou de manter distância do veículo da frente;Colisão traseira;Com Vítimas Feridas;Pleno dia;Decrescente;Céu Claro;Dupla;Reta;Sim;2;0;1;0;1;0;1;2;-16,02088026;-47,98036337;SPRF-DF;DEL01-DF;UOP01-DEL01-DF
627674;12/09/2024;quinta-feira;20:04:00;RO;364;424,6;JARU;Desrespeitar a preferência no cruzamento;Colisão transversal;Com Vítimas Feridas;Plena Noite;Crescente;Nublado;Simples;"Aclive;Interseção de Vias";Sim;3;0;1;1;1;0;2;2;-10,44457274;-62,46568412;SPRF-RO;DEL03-RO;UOP02-DEL03-RO
627675;13/09/2024;sexta-feira;01:53:00;MT;163;601,2;NOVA MUTUM;Reação tardia ou ineficiente do condutor;Queda de ocupante de veículo;Com Vítimas Feridas;Plena Noite;Crescente;Céu Claro;Simples;Reta;Não;1;0;0;1;0;0;1;1;-13,89893105;-56,09076962;SPRF-MT;DEL01-MT;UOP01-DEL01-MT
627676;13/09/2024;sexta-feira;06:20:00;PR;116;126;FAZENDA RIO GRANDE;Acessar a via sem observar a presença dos outros veículos;Colisão lateral mesmo sentido;Com Vítimas Feridas;Amanhecer;Decrescente;Céu Claro;Múltipla;"Reta;Interseção de Vias";Sim;2;0;2;0;0;0;2;2;-25,63960838;-49,31292236;SPRF-PR;DEL01-PR;UOP03-DEL01-PR
627678;13/09/2024;sexta-feira;06:55:00;PB;230;13,8;CABEDELO;Velocidade Incompatível;Colisão traseira;Com Vítimas Feridas;Pleno dia;Decrescente;Nublado;Dupla;"Reta;Retorno Regulamentado";Sim;2;0;1;0;1;0;1;2;-7,0772;-34,8494;SPRF-PB;DEL01-PB;UOP01-DEL01-PB
627679;13/09/2024;sexta-feira;06:40:00;MG;381;518;IGARAPE;Velocidade Incompatível;Queda de ocupante de veículo;Com Vítimas Feridas;Pleno dia;Crescente;Céu Claro;Dupla;"Curva;Aclive";Não;2;0;0;1;1;0;1;1;-20,11114297;-44,321755;SPRF-MG;DEL01-MG;UOP03-DEL01-MG
627681;13/09/2024;sexta-feira;00:00:00;AP;156;435;TARTARUGALZINHO;Reação tardia ou ineficiente do condutor;Saída de leito carroçável;Com Vítimas Feridas;Plena Noite;Decrescente;Ignorado;Simples;Curva;Não;1;0;1;0;0;0;1;1;1,24245874;-50,98799229;SPRF-AP;DEL01-AP;UOP02-DEL01-AP
627682;13/09/2024;sexta-feira;07:31:00;ES;101;266,3;SERRA;Retorno proibido;Colisão transversal;Com Vítimas Feridas;Pleno dia;Crescente;Céu Claro;Múltipla;"Reta;Interseção de Vias";Sim;2;0;1;1;0;0;2;2;-20,19378094;-40,26881933;SPRF-ES;DEL02-ES;UOP01-DEL02-ES
627683;12/09/2024;quinta-feira;19:05:00;RS;290;86;PORTO ALEGRE;Ausência de reação do condutor;Colisão lateral mesmo sentido;Com Vítimas Feridas;Anoitecer;Decrescente;Garoa/Chuvisco;Dupla;Curva;Sim;3;0;1;0;2;0;1;2;-29,97017826;-51,11268997;SPRF-RS;DEL01-RS;UOP01-DEL01-RS
627685;13/09/2024;sexta-feira;07:40:00;GO;414;437;ANAPOLIS;Transitar no Acostamento;Colisão transversal;Com Vítimas Feridas;Pleno dia;Crescente;Céu Claro;Simples;Interseção de Vias;Sim;2;0;1;0;1;0;1;2;-16,26365299;-48,93824303;SPRF-GO;DEL02-GO;UOP01-DEL02-GO
627686;13/09/2024;sexta-feira;07:00:00;MG;381;486,5;BETIM;Velocidade Incompatível;Tombamento;Com Vítimas Feridas;Pleno dia;Decrescente;Céu Claro;Simples;"Curva;Declive";Sim;1;0;1;0;0;0;1;1;-19,9564844;-44,1116974;SPRF-MG;DEL01-MG;UOP03-DEL01-MG
627687;13/09/2024;sexta-feira;06:50:00;MG;381;680,3;RIBEIRAO VERMELHO;Ultrapassagem Indevida;Saída de leito carroçável;Com Vítimas Feridas;Pleno dia;Crescente;Céu Claro;Dupla;Reta;Não;2;0;2;0;0;0;2;1;-21,15537584;-45,11394611;SPRF-MG;DEL04-MG;UOP02-DEL04-MG
627688;13/09/2024;sexta-feira;07:15:00;MS;463;1;DOURADOS;Ausência de reação do condutor;Engavetamento;Com Vítimas Feridas;Pleno dia;Decrescente;Nublado;Simples;Reta;Não;3;0;1;0;2;0;1;3;-22,259064;-54,8137;SPRF-MS;DEL04-MS;UOP01-DEL04-MS
627689;13/09/2024;sexta-feira;07:51:00;PR;277;725;FOZ DO IGUACU;Manobra de mudança de faixa;Colisão lateral mesmo sentido;Com Vítimas Feridas;Pleno dia;Crescente;Nublado;Dupla;Reta;Sim;4;0;0;1;1;2;1;4;-25,50823541;-54,54619865;SPRF-PR;DEL05-PR;UOP03-DEL05-PR
627692;13/09/2024;sexta-feira;05:45:00;MG;116;356;JAMPRUCA;Ausência de reação do condutor;Saída de leito carroçável;Com Vítimas Feridas;Amanhecer;Decrescente;Céu Claro;Simples;"Curva;Declive;Em Obras";Não;2;0;0;2;0;0;2;1;-18,434931;-41,828884;SPRF-MG;DEL11-MG;UOP01-DEL11-MG
627693;13/09/2024;sexta-feira;08:15:00;RS;116;254;SAPUCAIA DO SUL;Condutor deixou de manter distância do veículo da frente;Colisão traseira;Com Vítimas Feridas;Pleno dia;Crescente;Nublado;Dupla;"Retorno Regulamentado;Reta";Sim;2;0;1;0;1;0;1;2;-29,83032436;-51,1737386;SPRF-RS;DEL01-RS;UOP02-DEL01-RS
627694;13/09/2024;sexta-feira;08:00:00;SC;101;207;SAO JOSE;Reação tardia ou ineficiente do condutor;Colisão com objeto;Com Vítimas Feridas;Pleno dia;Crescente;Garoa/Chuvisco;Múltipla;"Reta;Declive";Sim;1;0;1;0;0;0;1;1;-27,60001226;-48,6226467;SPRF-SC;DEL01-SC;UOP01-DEL01-SC
627695;13/09/2024;sexta-feira;08:00:00;SP;116;230;SAO PAULO;Ausência de reação do condutor;Queda de ocupante de veículo;Sem Vítimas;Pleno dia;Crescente;Nublado;Múltipla;Reta;Não;2;0;0;0;2;0;0;2;-23,52251783;-46,5855702;SPRF-SP;DEL01-SP;UOP01-DEL01-SP
627697;13/09/2024;sexta-feira;07:50:00;MG;381;505,5;BETIM;Ausência de reação do condutor;Colisão com objeto;Com Vítimas Feridas;Pleno dia;Decrescente;Céu Claro;Múltipla;Reta;Não;1;0;1;0;0;0;1;1;-20,04478441;-44,27276484;SPRF-MG;DEL01-MG;UOP03-DEL01-MG
627698;13/09/2024;sexta-feira;08:15:00;PR;116;94,9;SAO JOSE DOS PINHAIS;Avarias e/ou desgaste excessivo no pneu;Queda de ocupante de veículo;Com Vítimas Feridas;Pleno dia;Decrescente;Céu Claro;Dupla;Reta;Não;2;0;2;0;0;0;2;1;-25,52245974;-49,13600922;SPRF-PR;DEL01-PR;UOP07-DEL01-PR
627700;13/09/2024;sexta-feira;08:30:00;SC;101;207,5;SAO JOSE;Problema com o freio;Colisão com objeto;Com Vítimas Feridas;Pleno dia;Crescente;Garoa/Chuvisco;Múltipla;"Reta;Declive;Interseção de Vias";Sim;1;0;1;0;0;0;1;1;-27,60001226;-48,6226467;SPRF-SC;DEL01-SC;UOP01-DEL01-SC
627702;13/09/2024;sexta-feira;08:00:00;PB;230;18,9;JOAO PESSOA;Trafegar com motocicleta (ou similar) entre as faixas;Colisão transversal;Com Vítimas Feridas;Pleno dia;Crescente;Céu Claro;Dupla;"Curva;Em Obras";Sim;3;0;1;0;2;0;1;2;-7,1198;-34,8453;SPRF-PB;DEL01-PB;UOP01-DEL01-PB
627703;13/09/2024;sexta-feira;08:50:00;RN;406;169;SAO GONCALO DO AMARANTE;Acessar a via sem observar a presença dos outros veículos;Colisão lateral mesmo sentido;Com Vítimas Feridas;Pleno dia;Crescente;Céu Claro;Dupla;"Reta;Declive;Retorno Regulamentado";Sim;2;0;1;0;1;0;1;2;-5,75775715;-35,3020227;SPRF-RN;DEL02-RN;UOP01-DEL02-RN
627707;30/08/2024;sexta-feira;16:49:00;PI;0;0;PIRIPIRI;Reação tardia ou ineficiente do condutor;Colisão traseira;Com Vítimas Feridas;Pleno dia;Não Informado;Céu Claro;Dupla;Reta;Sim;3;0;0;1;2;0;1;2;-4,28354198;-41,85001373;SPRF-PI;DEL02-PI;UOP01-DEL02-PI
627708;07/07/2024;domingo;15:00:00;SC;282;210,4;LAGES;Animais na Pista;Colisão frontal;Com Vítimas Fatais;Pleno dia;Crescente;Chuva;Simples;"Reta;Declive";Não;7;2;0;4;0;1;4;3;-27,7792769;-50,235691;SPRF-SC;DEL05-SC;UOP01-DEL05-SC