id;data_inversa;dia_semana;horario;uf;br;km;municipio;causa_acidente;tipo_acidente;classificacao_acidente;fase_dia;sentido_via;condicao_metereologica;tipo_pista;tracado_via;uso_solo;pessoas;mortos;feridos_leves;feridos_graves;ilesos;ignorados;feridos;veiculos;latitude;longitude;regional;delegacia;uop
627711;13/09/2024;sexta-feira;09:45:00;SP;116;218,5;GUARULHOS;Manobra de mudança de faixa;Colisão lateral mesmo sentido;Com Vítimas Feridas;Pleno dia;Crescente;Céu Claro;Múltipla;Reta;Não;2;0;1;0;1;0;1;2;-23,457972;-46,479927;SPRF-SP;DEL01-SP;UOP01-DEL01-SP
627712;13/09/2024;sexta-feira;09:30:00;SC;101;119,6;ITAJAI;Manobra de mudança de faixa;Colisão lateral mesmo sentido;Com Vítimas Feridas;Pleno dia;Crescente;Nublado;Dupla;Reta;Sim;2;0;1;0;1;0;1;2;-26,9043179;-48,71555481;SPRF-SC;DEL04-SC;UOP04-DEL04-SC
627713;13/09/2024;sexta-feira;07:15:00;MG;381;478;CONTAGEM;Ausência de reação do condutor;Colisão traseira;Com Vítimas Feridas;Pleno dia;Decrescente;Céu Claro;Simples;"Reta;Aclive";Sim;3;0;1;0;2;0;1;2;-19,95826094;-44,05921101;SPRF-MG;DEL01-MG;UOP03-DEL01-MG
627715;13/09/2024;sexta-feira;08:30:00;PI;316;310;PICOS;Reação tardia ou ineficiente do condutor;Colisão traseira;Com Vítimas Feridas;Pleno dia;Decrescente;Nublado;Simples;Rotatória;Sim;2;0;1;0;1;0;1;2;-7,07639186;-41,47475001;SPRF-PI;DEL04-PI;UOP01-DEL04-PI
627717;13/09/2024;sexta-feira;10:40:00;SP;116;283;EMBU DAS ARTES;Demais falhas mecânicas ou elétricas;Tombamento;Com Vítimas Feridas;Pleno dia;Decrescente;Céu Claro;Dupla;Reta;Sim;1;0;1;0;0;0;1;1;-23,67152921;-46,85609937;SPRF-SP;DEL04-SP;UOP01-DEL04-SP
627718;13/09/2024;sexta-feira;10:50:00;SP;116;138;SAO JOSE DOS CAMPOS;Objeto estático sobre o leito carroçável;Colisão com objeto;Com Vítimas Feridas;Pleno dia;Crescente;Sol;Dupla;Reta;Não;1;0;1;0;0;0;1;1;-23,1572739;-45,79554605;SPRF-SP;DEL02-SP;UOP01-DEL02-SP
627719;13/09/2024;sexta-feira;09:45:00;MA;226;290,7;BARRA DO CORDA;Ausência de reação do condutor;Colisão traseira;Com Vítimas Feridas;Pleno dia;Decrescente;Céu Claro;Simples;Reta;Não;2;0;1;0;1;0;1;2;-5,46724997;-45,17756102;SPRF-MA;DEL06-MA;UOP01-DEL06-MA
627720;13/09/2024;sexta-feira;11:15:00;BA;324;601;SIMOES FILHO;Condutor deixou de manter distância do veículo da frente;Colisão traseira;Sem Vítimas;Pleno dia;Decrescente;Chuva;Dupla;Reta;Não;2;0;0;0;2;0;0;2;-12,75619292;-38,42803587;SPRF-BA;DEL01-BA;UOP01-DEL01-BA
627721;13/09/2024;sexta-feira;10:30:00;SC;101;55;JOINVILLE;Condutor deixou de manter distância do veículo da frente;Colisão traseira;Com Vítimas Feridas;Pleno dia;Crescente;Nublado;Dupla;Reta;Não;2;0;1;0;0;1;1;2;-26,42280898;-48,82977496;SPRF-SC;DEL03-SC;UOP01-DEL03-SC
627722;13/09/2024;sexta-feira;11:20:00;PE;104;46,1;CARUARU;Demais falhas mecânicas ou elétricas;Capotamento;Com Vítimas Feridas;Pleno dia;Crescente;Sol;Dupla;"Curva;Aclive";Não;2;0;2;0;0;0;2;1;-8,1272;-35,9943;SPRF-PE;DEL02-PE;UOP01-DEL02-PE
627724;31/08/2024;sábado;14:00:00;BA;110;379;CATU;Condutor Dormindo;Saída de leito carroçável;Com Vítimas Feridas;Pleno dia;Decrescente;Céu Claro;Simples;Reta;Não;1;0;1;0;0;0;1;1;-12,4119643;-38,4368566;SPRF-BA;DEL01-BA;UOP01-DEL01-BA
627725;13/09/2024;sexta-feira;11:15:00;SC;470;45,5;BLUMENAU;Ausência de reação do condutor;Colisão transversal;Com Vítimas Feridas;Pleno dia;Crescente;Nublado;Simples;"Interseção de Vias;Reta";Sim;2;0;1;0;1;0;1;2;-26,867064;-49,031109;SPRF-SC;DEL04-SC;UOP01-DEL04-SC
627726;13/09/2024;sexta-feira;11:20:00;MG;381;494;BETIM;Reação tardia ou ineficiente do condutor;Tombamento;Com Vítimas Feridas;Pleno dia;Decrescente;Céu Claro;Múltipla;"Reta;Aclive";Não;1;0;1;0;0;0;1;1;-19,985563;-44,20318;SPRF-MG;DEL01-MG;UOP03-DEL01-MG
627727;13/09/2024;sexta-feira;12:00:00;SP;116;212,5;GUARULHOS;Manobra de mudança de faixa;Colisão traseira;Com Vítimas Feridas;Pleno dia;Crescente;Sol;Múltipla;Reta;Não;4;0;2;0;2;0;2;2;-23,43502;-46,426221;SPRF-SP;DEL01-SP;UOP01-DEL01-SP
627729;13/09/2024;sexta-feira;11:45:00;MG;40;532,8;BELO HORIZONTE;Ausência de reação do condutor;Colisão traseira;Com Vítimas Feridas;Pleno dia;Crescente;Céu Claro;Dupla;Reta;Sim;3;0;1;0;2;0;1;2;-19,92372561;-44,01700789;SPRF-MG;DEL01-MG;UOP02-DEL01-MG
627731;13/09/2024;sexta-feira;12:30:00;MG;365;0;MONTES CLAROS;Acesso irregular;Colisão transversal;Com Vítimas Feridas;Pleno dia;Crescente;Céu Claro;Simples;Rotatória;Não;3;0;2;0;1;0;2;2;-16,716154;-43,863327;SPRF-MG;DEL12-MG;UOP01-DEL12-MG
627732;13/09/2024;sexta-feira;12:00:00;PE;101;46;IGARASSU;Demais falhas mecânicas ou elétricas;Colisão lateral mesmo sentido;Com Vítimas Feridas;Pleno dia;Decrescente;Nublado;Múltipla;Reta;Sim;3;0;1;0;2;0;1;2;-7,87406004;-34,90588126;SPRF-PE;DEL01-PE;UOP02-DEL01-PE
627733;13/09/2024;sexta-feira;12:05:00;SC;101;134,4;BALNEARIO CAMBORIU;Manobra de mudança de faixa;Colisão lateral mesmo sentido;Com Vítimas Feridas;Pleno dia;Crescente;Céu Claro;Múltipla;Reta;Sim;2;0;1;0;1;0;1;2;-27,00218;-48,636433;SPRF-SC;DEL04-SC;UOP03-DEL04-SC
627734;13/09/2024;sexta-feira;07:50:00;SC;116;68;MONTE CASTELO;Ausência de reação do condutor;Tombamento;Sem Vítimas;Pleno dia;Decrescente;Nublado;Simples;"Reta;Declive";Não;3;0;0;0;3;0;0;2;-26,45149599;-50,22789387;SPRF-SC;DEL06-SC;UOP02-DEL06-SC
627736;13/09/2024;sexta-feira;11:50:00;PR;116;126;FAZENDA RIO GRANDE;Pedestre andava na pista;Atropelamento de Pedestre;Com Vítimas Feridas;Pleno dia;Decrescente;Céu Claro;Dupla;Reta;Sim;2;0;0;1;1;0;1;2;-25,60389895;-49,31824423;SPRF-PR;DEL01-PR;UOP03-DEL01-PR
627737;13/09/2024;sexta-feira;12:30:00;SC;282;54;RANCHO QUEIMADO;Velocidade Incompatível;Colisão com objeto;Com Vítimas Feridas;Pleno dia;Decrescente;Chuva;Simples;Curva;Não;2;0;2;0;0;0;2;1;-27,685799;-48,974514;SPRF-SC;DEL01-SC;UOP03-DEL01-SC
627738;08/09/2024;domingo;11:40:00;MS;163;77;ITAQUIRAI;Reação tardia ou ineficiente do condutor;Colisão lateral mesmo sentido;Com Vítimas Feridas;Pleno dia;Crescente;Céu Claro;Dupla;"Reta;Retorno Regulamentado";Sim;5;0;0;1;4;0;1;2;-23,4831998;-54,18609129;SPRF-MS;DEL09-MS;UOP01-DEL09-MS
627741;13/09/2024;sexta-feira;12:25:00;PI;316;3,5;TERESINA;Condutor deixou de manter distância do veículo da frente;Colisão traseira;Com Vítimas Feridas;Pleno dia;Decrescente;Céu Claro;Dupla;Reta;Sim;2;0;0;1;1;0;1;2;-5,12826443;-42,79292384;SPRF-PI;DEL01-PI;UOP02-DEL01-PI
627743;13/09/2024;sexta-feira;13:00:00;SC;282;3;FLORIANOPOLIS;Demais falhas mecânicas ou elétricas;Tombamento;Com Vítimas Feridas;Pleno dia;Decrescente;Chuva;Múltipla;Reta;Não;2;0;2;0;0;0;2;1;-27,600384;-48,599705;SPRF-SC;DEL01-SC;UOP01-DEL01-SC
627744;13/09/2024;sexta-feira;13:15:00;ES;101;261,5;SERRA;Transitar na calçada;Queda de ocupante de veículo;Com Vítimas Feridas;Pleno dia;Crescente;Céu Claro;Simples;"Reta;Declive";Não;1;0;0;1;0;0;1;1;-20,14854215;-40,27970926;SPRF-ES;DEL02-ES;UOP01-DEL02-ES
627745;13/09/2024;sexta-feira;11:15:00;RJ;101;445;MANGARATIBA;Acessar a via sem observar a presença dos outros veículos;Colisão transversal;Com Vítimas Feridas;Pleno dia;Decrescente;Céu Claro;Simples;Reta;Sim;2;0;1;0;1;0;1;2;-22,99332083;-44,09244699;SPRF-RJ;DEL03-RJ;UOP02-DEL03-RJ
627748;03/07/2024;quarta-feira;18:20:00;MG;251;482;FRANCISCO SA;Acesso irregular;Tombamento;Com Vítimas Feridas;Anoitecer;Decrescente;Ignorado;Simples;Reta;Não;4;0;0;1;1;2;1;2;-16,493197;-43,52061;SPRF-MG;DEL12-MG;UOP01-DEL12-MG
627750;13/09/2024;sexta-feira;12:20:00;RO;364;708;PORTO VELHO;Condutor deixou de manter distância do veículo da frente;Colisão traseira;Com Vítimas Feridas;Pleno dia;Crescente;Céu Claro;Dupla;Retorno Regulamentado;Sim;2;0;1;0;1;0;1;2;-8,79554083;-63,84072487;SPRF-RO;DEL01-RO;UOP01-DEL01-RO
627751;13/09/2024;sexta-feira;13:25:00;PE;408;105;JABOATAO DOS GUARARAPES;Chuva;Tombamento;Com Vítimas Feridas;Pleno dia;Crescente;Chuva;Dupla;"Curva;Interseção de Vias;Aclive;Retorno Regulamentado";Sim;1;0;1;0;0;0;1;1;-8,0730937;-34,99190714;SPRF-PE;DEL01-PE;UOP01-DEL01-PE
627752;21/07/2024;domingo;18:25:00;ES;101;445,5;MIMOSO DO SUL;Pedestre andava na pista;Atropelamento de Pedestre;Com Vítimas Feridas;Plena Noite;Decrescente;Céu Claro;Simples;Reta;Não;3;0;0;1;2;0;1;2;-21,11046291;-41,26351124;SPRF-ES;DEL03-ES;UOP02-DEL03-ES
627753;13/09/2024;sexta-feira;12:15:00;SC;470;82;RODEIO;Velocidade Incompatível;Saída de leito carroçável;Com Vítimas Feridas;Pleno dia;Decrescente;Nublado;Simples;"Curva;Declive";Não;2;0;1;0;1;0;1;1;-26,958838;-49,324978;SPRF-SC;DEL04-SC;UOP01-DEL04-SC
627754;13/09/2024;sexta-feira;13:45:00;SC;101;217;PALHOCA;Demais falhas mecânicas ou elétricas;Saída de leito carroçável;Com Vítimas Feridas;Pleno dia;Crescente;Garoa/Chuvisco;Simples;Reta;Sim;2;0;1;0;1;0;1;1;-27,66779034;-48,67393586;SPRF-SC;DEL01-SC;UOP02-DEL01-SC
627755;13/09/2024;sexta-feira;13:20:00;SP;116;139;SAO JOSE DOS CAMPOS;Reação tardia ou ineficiente do condutor;Colisão traseira;Com Vítimas Feridas;Pleno dia;Decrescente;Sol;Dupla;Reta;Sim;1;0;1;0;0;0;1;1;-23,16153216;-45,80400592;SPRF-SP;DEL02-SP;UOP01-DEL02-SP
627756;20/08/2024;terça-feira;17:00:00;MG;116;13,6;AGUAS VERMELHAS;Reação tardia ou ineficiente do condutor;Saída de leito carroçável;Com Vítimas Feridas;Pleno dia;Crescente;Ignorado;Simples;Reta;Não;1;0;1;0;0;0;1;1;-15,804386;-41,359894;SPRF-BA;DEL08-BA;UOP03-DEL08-BA
627757;13/09/2024;sexta-feira;13:04:00;PB;230;336;PATOS;Ausência de reação do condutor;Saída de leito carroçável;Sem Vítimas;Pleno dia;Decrescente;Sol;Simples;Reta;Sim;1;0;0;0;1;0;0;1;-7,0103;-37,2748;SPRF-PB;DEL03-PB;UOP01-DEL03-PB
627758;13/09/2024;sexta-feira;06:30:00;AL;316;223,9;ATALAIA;Falta de elemento de contenção que evite a saída do leito carroçável;Saída de leito carroçável;Sem Vítimas;Pleno dia;Crescente;Céu Claro;Simples;Reta;Não;1;0;0;0;1;0;0;1;-9,47069023;-36,17244318;SPRF-AL;DEL01-AL;UOP01-DEL01-AL
627765;13/09/2024;sexta-feira;13:50:00;BA;116;424;FEIRA DE SANTANA;Entrada inopinada do pedestre;Atropelamento de Pedestre;Com Vítimas Feridas;Pleno dia;Crescente;Céu Claro;Dupla;"Declive;Reta";Sim;2;0;0;1;1;0;1;2;-12,23257586;-38,97248506;SPRF-BA;DEL02-BA;UOP01-DEL02-BA
627766;13/09/2024;sexta-feira;14:20:00;MG;381;925,9;ITAPEVA;Demais falhas mecânicas ou elétricas;Queda de ocupante de veículo;Com Vítimas Feridas;Pleno dia;Decrescente;Sol;Dupla;Curva;Não;1;0;1;0;0;0;1;1;-22,777207;-46,23911301;SPRF-MG;DEL16-MG;UOP03-DEL16-MG
627767;13/09/2024;sexta-feira;11:30:00;MG;116;450,9;ENGENHEIRO CALDAS;Demais falhas mecânicas ou elétricas;Incêndio;Sem Vítimas;Pleno dia;Crescente;Céu Claro;Simples;Reta;Não;1;0;0;0;1;0;0;1;-19,15284006;-42,02187888;SPRF-MG;DEL06-MG;UOP02-DEL06-MG
627769;13/09/2024;sexta-feira;13:30:00;RJ;101;500;ANGRA DOS REIS;Ausência de reação do condutor;Colisão transversal;Com Vítimas Feridas;Pleno dia;Crescente;Céu Claro;Simples;Reta;Não;3;0;1;0;2;0;1;2;-22,91719505;-44,35485495;SPRF-RJ;DEL03-RJ;UOP03-DEL03-RJ
627770;13/09/2024;sexta-feira;14:40:00;PE;104;61,5;CARUARU;Condutor deixou de manter distância do veículo da frente;Colisão traseira;Com Vítimas Feridas;Pleno dia;Decrescente;Céu Claro;Dupla;"Reta;Em Obras;Interseção de Vias";Sim;2;0;1;0;1;0;1;2;-8,2529;-35,9751;SPRF-PE;DEL02-PE;UOP01-DEL02-PE
627771;13/09/2024;sexta-feira;14:31:00;PE;408;104,6;JABOATAO DOS GUARARAPES;Ausência de reação do condutor;Saída de leito carroçável;Com Vítimas Feridas;Pleno dia;Crescente;Nublado;Dupla;Reta;Sim;1;0;0;1;0;0;1;1;-8,070193;-34,99139;SPRF-PE;DEL01-PE;UOP01-DEL01-PE
627774;13/09/2024;sexta-feira;14:00:00;MS;60;343;CAMPO GRANDE;Demais falhas mecânicas ou elétricas;Incêndio;Sem Vítimas;Pleno dia;Crescente;Nevoeiro/Neblina;Simples;Rotatória;Não;1;0;0;0;1;0;0;1;-20,41116661;-54,72835064;SPRF-MS;DEL01-MS;UOP02-DEL01-MS
627775;13/09/2024;sexta-feira;15:00:00;RJ;116;188;NOVA IGUACU;Ausência de reação do condutor;Colisão traseira;Com Vítimas Feridas;Pleno dia;Decrescente;Sol;Dupla;Reta;Não;5;0;0;1;4;0;1;3;-22,7380709;-43,48213999;SPRF-RJ;DEL06-RJ;UOP01-DEL06-RJ
627776;13/09/2024;sexta-feira;15:45:00;SP;116;221;GUARULHOS;Condutor deixou de manter distância do veículo da frente;Colisão traseira;Com Vítimas Feridas;Pleno dia;Crescente;Céu Claro;Múltipla;Reta;Não;2;0;0;1;0;1;1;2;-23,46802395;-46,50704901;SPRF-SP;DEL01-SP;UOP01-DEL01-SP
627777;07/08/2024;quarta-feira;18:10:00;RS;116;234;ESTANCIA VELHA;Acesso irregular;Colisão transversal;Sem Vítimas;Anoitecer;Crescente;Chuva;Simples;"Reta;Interseção de Vias;Rotatória;Retorno Regulamentado";Sim;2;0;0;0;2;0;0;2;-29,65121313;-51,1444433;SPRF-RS;DEL01-RS;UOP02-DEL01-RS
627780;25/08/2024;domingo;21:00:00;AM;319;35,7;CAREIRO;Manobra de mudança de faixa;Colisão frontal;Com Vítimas Feridas;Plena Noite;Decrescente;Ignorado;Simples;Reta;Não;5;0;0;1;4;0;1;2;-3,36925602;-59,87913159;SPRF-AM;DEL01-AM;UOP04-DEL01-AM
627781;13/09/2024;sexta-feira;10:30:00;SC;470;173;POUSO REDONDO;Acessar a via sem observar a presença dos outros veículos;Colisão transversal;Com Vítimas Feridas;Pleno dia;Decrescente;Garoa/Chuvisco;Simples;"Reta;Viaduto";Sim;3;0;1;0;2;0;1;2;-27,25984;-49,919285;SPRF-SC;DEL04-SC;UOP02-DEL04-SC
627783;13/09/2024;sexta-feira;16:10:00;SP;116;69;APARECIDA;Ausência de reação do condutor;Colisão traseira;Com Vítimas Feridas;Pleno dia;Crescente;Sol;Dupla;Curva;Não;3;0;2;0;1;0;2;2;-22,84017188;-45,22364349;SPRF-SP;DEL08-SP;UOP01-DEL08-SP
627785;13/09/2024;sexta-feira;14:30:00;RJ;101;482;ANGRA DOS REIS;Condutor deixou de manter distância do veículo da frente;Colisão traseira;Com Vítimas Feridas;Pleno dia;Crescente;Sol;Simples;Reta;Sim;3;0;2;0;1;0;2;2;-23,00453;-44,29746;SPRF-RJ;DEL03-RJ;UOP03-DEL03-RJ
627786;13/09/2024;sexta-feira;16:40:00;PR;369;146;LONDRINA;Ausência de reação do condutor;Colisão traseira;Sem Vítimas;Pleno dia;Crescente;Céu Claro;Dupla;Reta;Não;2;0;0;0;2;0;0;2;-23,2931281;-51,12515152;SPRF-PR;DEL07-PR;UOP01-DEL07-PR
627787;13/09/2024;sexta-feira;16:40:00;SC;470;116,5;IBIRAMA;Reação tardia ou ineficiente do condutor;Tombamento;Com Vítimas Feridas;Pleno dia;Decrescente;Céu Claro;Simples;"Curva;Declive";Não;2;0;0;2;0;0;2;1;-27,07756;-49,49448;SPRF-SC;DEL04-SC;UOP02-DEL04-SC
627788;13/09/2024;sexta-feira;16:30:00;GO;40;4,3;VALPARAISO DE GOIAS;Reação tardia ou ineficiente do condutor;Colisão traseira;Com Vítimas Feridas;Pleno dia;Decrescente;Sol;Dupla;Reta;Sim;2;0;1;0;1;0;1;2;-16,085241;-47,986752;SPRF-DF;DEL01-DF;UOP01-DEL01-DF
627789;13/09/2024;sexta-feira;15:25:00;RS;116;356;TAPES;Acumulo de água sobre o pavimento;Saída de leito carroçável;Com Vítimas Feridas;Pleno dia;Crescente;Chuva;Dupla;Curva;Não;3;0;3;0;0;0;3;1;-30,58930823;-51,53699468;SPRF-RS;DEL02-RS;UOP02-DEL02-RS
627790;13/09/2024;sexta-feira;17:10:00;PB;101;93;JOAO PESSOA;Condutor deixou de manter distância do veículo da frente;Colisão traseira;Com Vítimas Feridas;Pleno dia;Decrescente;Céu Claro;Dupla;"Reta;Em Obras;Desvio Temporário";Não;2;0;1;0;1;0;1;2;-7,205825;-34,90879;SPRF-PB;DEL01-PB;UOP02-DEL01-PB
627791;13/09/2024;sexta-feira;15:45:00;BA;324;532;FEIRA DE SANTANA;Ausência de reação do condutor;Engavetamento;Com Vítimas Feridas;Pleno dia;Decrescente;Céu Claro;Dupla;Aclive;Não;4;0;1;0;3;0;1;3;-12,33921226;-38,8474782;SPRF-BA;DEL01-BA;UOP03-DEL01-BA
627792;13/09/2024;sexta-feira;17:00:00;SC;282;16;PALHOCA;Reação tardia ou ineficiente do condutor;Tombamento;Com Vítimas Feridas;Pleno dia;Decrescente;Nublado;Simples;"Curva;Em Obras";Sim;1;0;0;1;0;0;1;1;-27,658611;-48,681847;SPRF-SC;DEL01-SC;UOP02-DEL01-SC
627793;13/09/2024;sexta-feira;14:50:00;AC;364;155;BUJARI;Condutor usando celular;Saída de leito carroçável;Com Vítimas Feridas;Pleno dia;Decrescente;Sol;Simples;"Reta;Declive";Não;3;0;1;0;0;2;1;1;-9,83896251;-67,94010271;SPRF-AC;DEL01-AC;UOP01-DEL01-AC
627794;13/09/2024;sexta-feira;16:30:00;RJ;40;121;DUQUE DE CAXIAS;Trafegar com motocicleta (ou similar) entre as faixas;Colisão traseira;Com Vítimas Feridas;Pleno dia;Crescente;Céu Claro;Múltipla;Reta;Não;3;0;1;0;2;0;1;2;-22,78185499;-43,28571273;SPRF-RJ;DEL01-RJ;UOP02-DEL01-RJ
627796;13/09/2024;sexta-feira;17:00:00;SP;116;227;GUARULHOS;Reação tardia ou ineficiente do condutor;Saída de leito carroçável;Com Vítimas Feridas;Anoitecer;Decrescente;Céu Claro;Múltipla;"Reta;Aclive";Não;2;0;2;0;0;0;2;1;-23,49659264;-46,55648754;SPRF-SP;DEL01-SP;UOP01-DEL01-SP
627797;13/09/2024;sexta-feira;15:00:00;MS;60;538,2;NIOAQUE;Desrespeitar a preferência no cruzamento;Colisão transversal;Com Vítimas Feridas;Pleno dia;Decrescente;Céu Claro;Simples;"Rotatória;Reta";Sim;6;0;1;0;5;0;1;2;-21,14910819;-55,82499862;SPRF-MS;DEL05-MS;UOP01-DEL05-MS
627798;13/09/2024;sexta-feira;15:54:00;AC;364;139;RIO BRANCO;Desrespeitar a preferência no cruzamento;Colisão lateral mesmo sentido;Com Vítimas Feridas;Pleno dia;Crescente;Céu Claro;Dupla;Rotatória;Sim;2;0;1;0;1;0;1;2;-9,95359291;-67,86119892;SPRF-AC;DEL01-AC;UOP01-DEL01-AC
627799;13/09/2024;sexta-feira;17:10:00;PR;376;493;PONTA GROSSA;Reação tardia ou ineficiente do condutor;Colisão lateral mesmo sentido;Com Vítimas Feridas;Pleno dia;Crescente;Nublado;Dupla;Interseção de Vias;Não;2;0;0;1;1;0;1;2;-25,16001091;-50,12436895;SPRF-PR;DEL03-PR;UOP04-DEL03-PR
627800;13/09/2024;sexta-feira;18:00:00;MG;381;438,2;SABARA;Demais falhas mecânicas ou elétricas;Incêndio;Sem Vítimas;Anoitecer;Decrescente;Céu Claro;Simples;Reta;Sim;1;0;0;0;0;1;0;1;-19,79949415;-43,75313759;SPRF-MG;DEL01-MG;UOP01-DEL01-MG
627801;13/09/2024;sexta-feira;14:25:00;CE;226;46;JAGUARIBE;Ausência de reação do condutor;Capotamento;Com Vítimas Feridas;Pleno dia;Decrescente;Céu Claro;Simples;Curva;Não;1;0;0;1;0;0;1;1;-6,027256;-38,57239;SPRF-CE;DEL05-CE;UOP02-DEL05-CE
627802;13/09/2024;sexta-feira;16:00:00;RN;427;97,4;CAICO;Ausência de reação do condutor;Colisão com objeto;Sem Vítimas;Pleno dia;Crescente;Sol;Simples;Interseção de Vias;Não;1;0;0;0;1;0;0;1;-6,47026134;-37,08569175;SPRF-RN;DEL03-RN;UOP01-DEL03-RN
627803;13/09/2024;sexta-feira;17:40:00;SP;153;61,1;SAO JOSE DO RIO PRETO;Pista Escorregadia;Tombamento;Com Vítimas Feridas;Anoitecer;Crescente;Céu Claro;Dupla;"Reta;Declive";Sim;1;0;1;0;0;0;1;1;-20,80502876;-49,35574909;SPRF-SP;DEL09-SP;UOP01-DEL09-SP
627804;13/09/2024;sexta-feira;16:30:00;MA;10;255;IMPERATRIZ;Ultrapassagem Indevida;Colisão lateral mesmo sentido;Com Vítimas Feridas;Pleno dia;Crescente;Céu Claro;Simples;"Reta;Interseção de Vias";Sim;2;0;0;1;1;0;1;2;-5,508798;-47,471718;SPRF-MA;DEL04-MA;UOP01-DEL04-MA
627806;13/09/2024;sexta-feira;17:30:00;BA;235;349,3;JUAZEIRO;Acessar a via sem observar a presença dos outros veículos;Colisão transversal;Com Vítimas Feridas;Anoitecer;Crescente;Céu Claro;Simples;"Em Obras;Interseção de Vias";Sim;3;0;2;0;1;0;2;2;-9,43174507;-40,49803816;SPRF-PE;DEL06-PE;UOP01-DEL06-PE
627807;13/09/2024;sexta-feira;18:10:00;RJ;101;65;CAMPOS DOS GOYTACAZES;Frear bruscamente;Colisão traseira;Com Vítimas Feridas;Plena Noite;Decrescente;Céu Claro;Dupla;Reta;Sim;3;0;1;0;2;0;1;2;-21,75371806;-41,344292;SPRF-RJ;DEL08-RJ;UOP02-DEL08-RJ
627809;13/09/2024;sexta-feira;18:15:00;PR;277;95;CURITIBA;Trafegar com motocicleta (ou similar) entre as faixas;Colisão traseira;Com Vítimas Feridas;Anoitecer;Crescente;Nublado;Dupla;Reta;Sim;2;0;1;0;1;0;1;2;-25,43034691;-49,32132304;SPRF-PR;DEL01-PR;UOP06-DEL01-PR
627810;13/09/2024;sexta-feira;18:15:00;DF;20;21,6;BRASILIA;Acessar a via sem observar a presença dos outros veículos;Colisão traseira;Com Vítimas Feridas;Anoitecer;Decrescente;Céu Claro;Dupla;"Interseção de Vias;Retorno Regulamentado";Sim;2;0;1;0;1;0;1;2;-15,603384;-47,684692;SPRF-DF;DEL02-DF;UOP01-DEL02-DF
627812;13/09/2024;sexta-feira;17:20:00;RS;386;141,3;SARANDI;Chuva;Saída de leito carroçável;Sem Vítimas;Pleno dia;Crescente;Chuva;Simples;Reta;Não;3;0;0;0;3;0;0;1;-28,008314;-52,889538;SPRF-RS;DEL08-RS;UOP01-DEL08-RS
627813;13/09/2024;sexta-feira;18:15:00;MG;262;442;NOVA SERRANA;Acessar a via sem observar a presença dos outros veículos;Colisão transversal;Com Vítimas Feridas;Plena Noite;Crescente;Céu Claro;Simples;Viaduto;Sim;3;0;0;2;1;0;2;2;-19,8806236;-44,91232265;SPRF-MG;DEL08-MG;UOP03-DEL08-MG
627814;13/09/2024;sexta-feira;18:10:00;PR;369;184,2;ARAPONGAS;Acessar a via sem observar a presença dos outros veículos;Colisão transversal;Com Vítimas Feridas;Anoitecer;Decrescente;Céu Claro;Simples;Reta;Sim;2;0;2;0;0;0;2;2;-23,40082518;-51,42729163;SPRF-PR;DEL07-PR;UOP03-DEL07-PR
627815;13/09/2024;sexta-feira;17:20:00;SC;470;36,1;GASPAR;Ausência de reação do condutor;Saída de leito carroçável;Com Vítimas Feridas;Pleno dia;Crescente;Nublado;Dupla;Curva;Sim;1;0;1;0;0;0;1;1;-26,914196;-48,968948;SPRF-SC;DEL04-SC;UOP01-DEL04-SC
627817;13/09/2024;sexta-feira;18:15:00;SE;235;4,7;NOSSA SENHORA DO SOCORRO;Reação tardia ou ineficiente do condutor;Engavetamento;Com Vítimas Feridas;Plena Noite;Crescente;Ignorado;Dupla;"Curva;Declive";Sim;5;0;1;0;4;0;1;5;-10,9064;-37,1197;SPRF-SE;DEL01-SE;UOP01-DEL01-SE
627819;13/09/2024;sexta-feira;16:40:00;BA;116;505;RAFAEL JAMBEIRO;Acessar a via sem observar a presença dos outros veículos;Colisão transversal;Com Vítimas Feridas;Pleno dia;Decrescente;Céu Claro;Simples;Reta;Sim;2;0;1;0;1;0;1;2;-12,60851117;-39,56142426;SPRF-BA;DEL02-BA;UOP01-DEL02-BA
627820;13/09/2024;sexta-feira;18:00:00;RJ;101;293;ITABORAI;Reação tardia ou ineficiente do condutor;Colisão traseira;Com Vítimas Feridas;Plena Noite;Decrescente;Céu Claro;Dupla;Reta;Sim;2;0;1;0;1;0;1;2;-22,756203;-42,88724;SPRF-RJ;DEL02-RJ;UOP02-DEL02-RJ
627821;13/09/2024;sexta-feira;18:00:00;RS;386;214;TIO HUGO;Conversão proibida;Colisão transversal;Com Vítimas Feridas;Anoitecer;Decrescente;Nevoeiro/Neblina;Simples;Reta;Não;7;0;6;0;1;0;6;2;-28,568123;-52,596741;SPRF-RS;DEL04-RS;UOP03-DEL04-RS
627823;13/09/2024;sexta-feira;18:20:00;ES;101;269;SERRA;Entrada inopinada do pedestre;Atropelamento de Pedestre;Com Vítimas Feridas;Plena Noite;Crescente;Céu Claro;Dupla;Reta;Sim;3;0;0;1;1;1;1;2;-20,21740496;-40,26990578;SPRF-ES;DEL02-ES;UOP01-DEL02-ES
627824;13/09/2024;sexta-feira;18:00:00;MS;158;99,2;PARANAIBA;Ingestão de álcool pelo condutor;Saída de leito carroçável;Sem Vítimas;Plena Noite;Crescente;Céu Claro;Dupla;Reta;Sim;2;0;0;0;2;0;0;1;-19,70210533;-51,15879979;SPRF-MS;DEL08-MS;UOP01-DEL08-MS