id;data_inversa;dia_semana;horario;uf;br;km;municipio;causa_acidente;tipo_acidente;classificacao_acidente;fase_dia;sentido_via;condicao_metereologica;tipo_pista;tracado_via;uso_solo;pessoas;mortos;feridos_leves;feridos_graves;ilesos;ignorados;feridos;veiculos;latitude;longitude;regional;delegacia;uop
627941;14/09/2024;sábado;08:35:00;SC;101;215;PALHOCA;Manobra de mudança de faixa;Colisão lateral mesmo sentido;Com Vítimas Feridas;Pleno dia;Decrescente;Nublado;Múltipla;Reta;Sim;3;0;0;2;1;0;2;2;-27,64443;-48,67057;SPRF-SC;DEL01-SC;UOP02-DEL01-SC
627943;14/09/2024;sábado;08:40:00;PA;230;121;MARABA;Reação tardia ou ineficiente do condutor;Colisão com objeto;Com Vítimas Fatais;Pleno dia;Decrescente;Céu Claro;Dupla;"Reta;Ponte";Sim;1;1;0;0;0;0;0;1;-5,35038318;-49,11434;SPRF-PA;DEL03-PA;UOP01-DEL03-PA
627944;14/09/2024;sábado;09:00:00;MG;40;567;NOVA LIMA;Ausência de reação do condutor;Tombamento;Com Vítimas Feridas;Pleno dia;Crescente;Céu Claro;Simples;Reta;Não;1;0;1;0;0;0;1;1;-20,18749199;-43,96845002;SPRF-MG;DEL01-MG;UOP02-DEL01-MG
627946;12/09/2024;quinta-feira;07:10:00;MT;163;840;SINOP;Acessar a via sem observar a presença dos outros veículos;Colisão transversal;Com Vítimas Feridas;Pleno dia;Crescente;Sol;Simples;Reta;Sim;2;0;1;0;1;0;1;2;-11,94214306;-55,51630378;SPRF-MT;DEL06-MT;UOP02-DEL06-MT
627947;14/09/2024;sábado;08:20:00;PR;376;655;TIJUCAS DO SUL;Ausência de reação do condutor;Saída de leito carroçável;Com Vítimas Feridas;Plena Noite;Crescente;Chuva;Dupla;Curva;Não;4;0;3;0;1;0;3;1;-25,84165409;-49,042472;SPRF-PR;DEL01-PR;UOP04-DEL01-PR
627948;14/09/2024;sábado;09:00:00;CE;20;348;CARIDADE;Acessar a via sem observar a presença dos outros veículos;Colisão transversal;Com Vítimas Feridas;Pleno dia;Crescente;Céu Claro;Simples;Reta;Não;2;0;1;0;1;0;1;2;-4,10360991;-39,05907029;SPRF-CE;DEL02-CE;UOP01-DEL02-CE
627950;14/09/2024;sábado;09:05:00;PR;376;639;TIJUCAS DO SUL;Reação tardia ou ineficiente do condutor;Saída de leito carroçável;Com Vítimas Feridas;Pleno dia;Crescente;Nublado;Dupla;Reta;Não;3;0;2;0;0;1;2;2;-25,7773054;-49,1203022;SPRF-PR;DEL01-PR;UOP04-DEL01-PR
627951;14/09/2024;sábado;08:30:00;MG;365;574,3;INDIANOPOLIS;Reação tardia ou ineficiente do condutor;Saída de leito carroçável;Com Vítimas Feridas;Pleno dia;Decrescente;Céu Claro;Simples;Reta;Não;2;0;2;0;0;0;2;1;-18,90389;-47,90886;SPRF-MG;DEL15-MG;UOP02-DEL15-MG
627952;14/09/2024;sábado;06:15:00;PE;424;14;PEDRA;Ausência de reação do condutor;Queda de ocupante de veículo;Com Vítimas Feridas;Pleno dia;Decrescente;Céu Claro;Simples;"Declive;Ponte";Não;2;0;1;1;0;0;2;1;-8,49873612;-36,97444401;SPRF-PE;DEL04-PE;UOP02-DEL04-PE
627955;14/09/2024;sábado;08:20:00;SP;116;221;GUARULHOS;Reação tardia ou ineficiente do condutor;Colisão traseira;Com Vítimas Feridas;Pleno dia;Crescente;Céu Claro;Múltipla;Reta;Sim;2;0;1;0;1;0;1;2;-23,46802395;-46,50704901;SPRF-SP;DEL01-SP;UOP01-DEL01-SP
627956;14/09/2024;sábado;09:15:00;MG;381;526;BRUMADINHO;Objeto estático sobre o leito carroçável;Saída de leito carroçável;Com Vítimas Feridas;Pleno dia;Crescente;Céu Claro;Dupla;"Curva;Declive";Não;2;0;1;0;1;0;1;1;-20,16175378;-44,34144636;SPRF-MG;DEL04-MG;UOP03-DEL04-MG
627958;14/09/2024;sábado;10:00:00;RJ;116;171,6;RIO DE JANEIRO;Condutor deixou de manter distância do veículo da frente;Engavetamento;Sem Vítimas;Pleno dia;Crescente;Sol;Múltipla;Reta;Sim;8;0;0;0;8;0;0;4;-22,8060415;-43,34289573;SPRF-RJ;DEL06-RJ;UOP01-DEL06-RJ
627959;14/09/2024;sábado;09:00:00;RS;392;68;PELOTAS;Ausência de reação do condutor;Queda de ocupante de veículo;Sem Vítimas;Pleno dia;Decrescente;Céu Claro;Múltipla;Curva;Não;1;0;0;0;1;0;0;1;-31,74853677;-52,40231256;SPRF-RS;DEL07-RS;UOP01-DEL07-RS
627960;14/09/2024;sábado;10:05:00;PR;163;226,8;CASCAVEL;Condutor deixou de manter distância do veículo da frente;Colisão traseira;Com Vítimas Feridas;Pleno dia;Decrescente;Nublado;Dupla;"Reta;Aclive";Sim;2;0;0;1;1;0;1;2;-24,8265638;-53,6465044;SPRF-PR;DEL04-PR;UOP01-DEL04-PR
627961;14/09/2024;sábado;10:15:00;SE;235;1;ARACAJU;Condutor deixou de manter distância do veículo da frente;Colisão traseira;Com Vítimas Feridas;Pleno dia;Decrescente;Céu Claro;Dupla;"Reta;Declive";Sim;2;0;1;0;1;0;1;2;-10,9073;-37,0947;SPRF-SE;DEL01-SE;UOP01-DEL01-SE
627962;14/09/2024;sábado;10:10:00;GO;60;27,1;ALEXANIA;Avarias e/ou desgaste excessivo no pneu;Queda de ocupante de veículo;Com Vítimas Feridas;Pleno dia;Decrescente;Céu Claro;Dupla;"Reta;Aclive";Não;2;0;2;0;0;0;2;1;-16,0963;-48,5202;SPRF-DF;DEL03-DF;UOP01-DEL03-DF
627963;14/09/2024;sábado;09:00:00;MG;262;48,1;MANHUACU;Velocidade Incompatível;Saída de leito carroçável;Sem Vítimas;Pleno dia;Decrescente;Céu Claro;Simples;"Curva;Declive";Não;1;0;0;0;0;1;0;1;-20,25373412;-42,12287611;SPRF-MG;DEL06-MG;UOP03-DEL06-MG
627965;14/09/2024;sábado;11:00:00;RJ;116;175;SAO JOAO DE MERITI;Reação tardia ou ineficiente do condutor;Colisão traseira;Com Vítimas Feridas;Pleno dia;Decrescente;Céu Claro;Dupla;Reta;Não;3;0;1;0;2;0;1;2;-22,78923555;-43,37275272;SPRF-RJ;DEL06-RJ;UOP01-DEL06-RJ
627968;14/09/2024;sábado;04:18:00;MT;174;157;GLORIA DOESTE;Ausência de reação do condutor;Colisão traseira;Com Vítimas Feridas;Amanhecer;Crescente;Nublado;Simples;Reta;Não;2;0;0;1;1;0;1;2;-15,80819984;-58,36852698;SPRF-MT;DEL03-MT;UOP01-DEL03-MT
627969;14/09/2024;sábado;10:10:00;MS;163;678,8;RIO VERDE DE MATO GROSSO;Transitar na contramão;Colisão frontal;Com Vítimas Feridas;Pleno dia;Crescente;Nublado;Simples;"Declive;Reta";Sim;4;0;3;0;1;0;3;2;-18,94110596;-54,82984864;SPRF-MS;DEL06-MS;UOP02-DEL06-MS
627971;14/09/2024;sábado;11:15:00;RS;116;92;PORTO ALEGRE;Condutor deixou de manter distância do veículo da frente;Colisão traseira;Sem Vítimas;Pleno dia;Decrescente;Nublado;Dupla;Reta;Não;2;0;0;0;2;0;0;2;-29,97166533;-51,18080735;SPRF-RS;DEL05-RS;UOP03-DEL05-RS
627972;14/09/2024;sábado;10:15:00;AL;316;245;ATALAIA;Acessar a via sem observar a presença dos outros veículos;Colisão transversal;Com Vítimas Feridas;Pleno dia;Decrescente;Nublado;Simples;Interseção de Vias;Sim;4;0;3;0;1;0;3;2;-9,51787134;-35,99989354;SPRF-AL;DEL01-AL;UOP01-DEL01-AL
627973;14/09/2024;sábado;10:55:00;PR;373;171,9;PONTA GROSSA;Avarias e/ou desgaste excessivo no pneu;Saída de leito carroçável;Com Vítimas Feridas;Pleno dia;Decrescente;Nublado;Dupla;"Aclive;Curva;Viaduto";Sim;1;0;0;1;0;0;1;1;-25,08161493;-50,19036412;SPRF-PR;DEL03-PR;UOP01-DEL03-PR
627974;14/09/2024;sábado;09:50:00;PR;277;719;FOZ DO IGUACU;Ausência de reação do condutor;Saída de leito carroçável;Com Vítimas Feridas;Pleno dia;Crescente;Nublado;Dupla;"Reta;Declive";Não;5;0;5;0;0;0;5;1;-25,48375622;-54,49425791;SPRF-PR;DEL05-PR;UOP03-DEL05-PR
627975;14/09/2024;sábado;11:40:00;PR;369;155;LONDRINA;Condutor deixou de manter distância do veículo da frente;Colisão traseira;Sem Vítimas;Pleno dia;Crescente;Céu Claro;Simples;Reta;Sim;2;0;0;0;2;0;0;2;-23,29548502;-51,20825989;SPRF-PR;DEL07-PR;UOP01-DEL07-PR
627976;14/09/2024;sábado;11:50:00;PB;101;82,4;BAYEUX;Avarias e/ou desgaste excessivo no pneu;Tombamento;Com Vítimas Feridas;Pleno dia;Crescente;Céu Claro;Dupla;Viaduto;Sim;2;0;1;0;0;1;1;1;-7,12911;-34,93714;SPRF-PB;DEL01-PB;UOP01-DEL01-PB
627978;14/09/2024;sábado;08:00:00;MA;230;55;SUCUPIRA DO RIACHAO;Ausência de reação do condutor;Colisão traseira;Com Vítimas Feridas;Pleno dia;Crescente;Céu Claro;Simples;"Reta;Declive";Não;2;0;1;0;0;1;1;2;-6,58489836;-43,44179084;SPRF-PI;DEL03-PI;UOP01-DEL03-PI
627979;14/09/2024;sábado;08:45:00;SC;280;96;CORUPA;Pista Escorregadia;Saída de leito carroçável;Com Vítimas Feridas;Pleno dia;Crescente;Chuva;Simples;"Curva;Declive";Não;3;0;2;0;1;0;2;1;-26,3833143;-49,31223107;SPRF-SC;DEL06-SC;UOP03-DEL06-SC
627981;14/09/2024;sábado;10:00:00;SC;280;93,2;CORUPA;Avarias e/ou desgaste excessivo no pneu;Capotamento;Com Vítimas Feridas;Pleno dia;Decrescente;Chuva;Simples;"Curva;Declive";Não;1;0;1;0;0;0;1;1;-26,39079328;-49,30449486;SPRF-SC;DEL06-SC;UOP03-DEL06-SC
627982;14/09/2024;sábado;09:10:00;PR;163;235,6;TOLEDO;Velocidade Incompatível;Saída de leito carroçável;Com Vítimas Feridas;Pleno dia;Crescente;Garoa/Chuvisco;Dupla;"Curva;Declive";Sim;1;0;0;1;0;0;1;1;-24,75937749;-53,69548744;SPRF-PR;DEL04-PR;UOP01-DEL04-PR
627985;14/07/2024;domingo;23:30:00;RO;364;388;OURO PRETO DO OESTE;Ausência de reação do condutor;Saída de leito carroçável;Com Vítimas Fatais;Plena Noite;Decrescente;Céu Claro;Simples;Interseção de Vias;Não;5;1;0;2;2;0;2;2;-10,70116422;-62,26238327;SPRF-RO;DEL03-RO;UOP02-DEL03-RO
627986;14/09/2024;sábado;13:20:00;SP;116;131;CACAPAVA;Demais falhas mecânicas ou elétricas;Tombamento;Com Vítimas Feridas;Pleno dia;Decrescente;Céu Claro;Dupla;Reta;Sim;2;0;1;1;0;0;2;1;-23,13065184;-45,74262857;SPRF-SP;DEL02-SP;UOP02-DEL02-SP
627987;14/09/2024;sábado;12:30:00;SC;101;152,3;PORTO BELO;Demais falhas mecânicas ou elétricas;Tombamento;Com Vítimas Feridas;Pleno dia;Crescente;Nublado;Dupla;Reta;Sim;2;0;1;0;1;0;1;1;-27,13745429;-48,61014605;SPRF-SC;DEL04-SC;UOP03-DEL04-SC
627988;14/09/2024;sábado;02:00:00;RO;319;29,2;PORTO VELHO;Animais na Pista;Colisão com objeto;Com Vítimas Feridas;Plena Noite;Crescente;Nevoeiro/Neblina;Simples;"Reta;Em Obras";Não;2;0;2;0;0;0;2;1;-8,07167856;-63,58506313;SPRF-RO;DEL01-RO;UOP01-DEL01-RO
627990;14/09/2024;sábado;08:30:00;PR;277;101;CURITIBA;Velocidade Incompatível;Colisão com objeto;Sem Vítimas;Pleno dia;Crescente;Nublado;Dupla;Reta;Não;1;0;0;0;0;1;0;1;-25,427137;-49,38565;SPRF-PR;DEL01-PR;UOP06-DEL01-PR
627991;14/09/2024;sábado;12:00:00;SC;282;446;PONTE SERRADA;Ausência de reação do condutor;Saída de leito carroçável;Com Vítimas Feridas;Pleno dia;Decrescente;Nublado;Simples;Reta;Não;3;0;3;0;0;0;3;1;-26,910217;-51,914951;SPRF-SC;DEL07-SC;UOP04-DEL07-SC
627992;14/09/2024;sábado;13:20:00;PR;277;252;IRATI;Velocidade Incompatível;Saída de leito carroçável;Com Vítimas Feridas;Pleno dia;Crescente;Garoa/Chuvisco;Simples;Curva;Não;2;0;2;0;0;0;2;1;-25,44787918;-50,67017111;SPRF-PR;DEL08-PR;UOP02-DEL08-PR
627993;14/09/2024;sábado;12:00:00;AL;101;200;SAO SEBASTIAO;Acessar a via sem observar a presença dos outros veículos;Colisão transversal;Com Vítimas Feridas;Pleno dia;Crescente;Céu Claro;Simples;Interseção de Vias;Sim;3;0;1;0;2;0;1;2;-9,95081664;-36,54113619;SPRF-AL;DEL02-AL;UOP02-DEL02-AL
627994;14/09/2024;sábado;12:46:00;GO;60;0,1;SANTO ANTONIO DO DESCOBERTO;Demais falhas mecânicas ou elétricas;Incêndio;Sem Vítimas;Pleno dia;Decrescente;Céu Claro;Dupla;Reta;Sim;1;0;0;0;0;1;0;1;-16,053122;-48,259977;SPRF-DF;DEL03-DF;UOP01-DEL03-DF
627996;14/09/2024;sábado;13:55:00;RJ;393;235;VASSOURAS;Reação tardia ou ineficiente do condutor;Colisão frontal;Com Vítimas Feridas;Pleno dia;Crescente;Céu Claro;Simples;"Interseção de Vias;Reta";Não;2;0;1;0;1;0;1;2;-22,38370934;-43,64221072;SPRF-RJ;DEL05-RJ;UOP03-DEL05-RJ
627997;14/09/2024;sábado;13:40:00;RS;386;353,9;ESTRELA;Reação tardia ou ineficiente do condutor;Colisão transversal;Com Vítimas Feridas;Pleno dia;Decrescente;Nublado;Dupla;Reta;Não;5;0;2;0;3;0;2;2;-29,50747383;-51,94245815;SPRF-RS;DEL04-RS;UOP01-DEL04-RS
627998;14/09/2024;sábado;13:40:00;BA;324;624;SALVADOR;Condutor deixou de manter distância do veículo da frente;Colisão traseira;Com Vítimas Feridas;Pleno dia;Decrescente;Céu Claro;Múltipla;Reta;Sim;3;0;1;0;2;0;1;2;-12,933839;-38,47190701;SPRF-BA;DEL01-BA;UOP01-DEL01-BA
627999;14/09/2024;sábado;12:15:00;RJ;116;92,8;TERESOPOLIS;Avarias e/ou desgaste excessivo no pneu;Tombamento;Com Vítimas Feridas;Pleno dia;Decrescente;Céu Claro;Simples;"Reta;Aclive";Não;1;0;1;0;0;0;1;1;-22,46152095;-42,98311201;SPRF-RJ;DEL04-RJ;UOP01-DEL04-RJ
628000;14/09/2024;sábado;14:10:00;DF;70;9;BRASILIA;Ingestão de álcool pelo condutor;Colisão lateral mesmo sentido;Com Vítimas Feridas;Pleno dia;Decrescente;Céu Claro;Dupla;Reta;Sim;2;0;1;0;1;0;1;2;-15,784615;-48,132023;SPRF-DF;DEL03-DF;UOP02-DEL03-DF
628001;14/09/2024;sábado;14:00:00;RJ;101;296;ITABORAI;Manobra de mudança de faixa;Colisão lateral mesmo sentido;Com Vítimas Feridas;Pleno dia;Decrescente;Sol;Dupla;Reta;Não;3;0;2;0;1;0;2;2;-22,7670498;-42,91019601;SPRF-RJ;DEL02-RJ;UOP02-DEL02-RJ
628002;14/09/2024;sábado;09:40:00;PR;376;652;TIJUCAS DO SUL;Velocidade Incompatível;Saída de leito carroçável;Com Vítimas Feridas;Pleno dia;Decrescente;Garoa/Chuvisco;Dupla;Reta;Não;2;0;1;0;1;0;1;1;-25,8461583;-49,068884;SPRF-PR;DEL01-PR;UOP04-DEL01-PR
628003;14/09/2024;sábado;14:30:00;DF;40;6;BRASILIA;Pista Escorregadia;Queda de ocupante de veículo;Com Vítimas Feridas;Pleno dia;Decrescente;Céu Claro;Dupla;Reta;Sim;1;0;1;0;0;0;1;1;-16,029741;-47,978867;SPRF-DF;DEL01-DF;UOP01-DEL01-DF
628004;14/09/2024;sábado;14:00:00;PE;101;189;PALMARES;Curva acentuada;Colisão com objeto;Com Vítimas Feridas;Pleno dia;Crescente;Céu Claro;Dupla;Curva;Não;1;0;1;0;0;0;1;1;-8,69657;-35,610342;SPRF-PE;DEL01-PE;UOP03-DEL01-PE
628007;14/09/2024;sábado;15:00:00;PR;373;219,6;IMBITUVA;Reação tardia ou ineficiente do condutor;Saída de leito carroçável;Sem Vítimas;Pleno dia;Crescente;Chuva;Simples;"Curva;Declive";Não;1;0;0;0;1;0;0;1;-25,1690707;-50,56712221;SPRF-PR;DEL03-PR;UOP01-DEL03-PR
628008;17/08/2024;sábado;14:10:00;PR;476;156;ARAUCARIA;Transitar no Acostamento;Colisão transversal;Com Vítimas Feridas;Pleno dia;Decrescente;Céu Claro;Múltipla;Reta;Sim;2;0;0;1;1;0;1;2;-25,590897;-49,410622;SPRF-PR;DEL01-PR;UOP06-DEL01-PR
628010;14/09/2024;sábado;13:30:00;RJ;101;385;RIO DE JANEIRO;Manobra de mudança de faixa;Colisão transversal;Com Vítimas Feridas;Pleno dia;Crescente;Céu Claro;Dupla;Reta;Não;3;0;2;0;1;0;2;2;-22,88064129;-43,63218994;SPRF-RJ;DEL03-RJ;UOP01-DEL03-RJ
628011;14/09/2024;sábado;14:30:00;SC;101;200;SAO JOSE;Ausência de reação do condutor;Colisão lateral mesmo sentido;Com Vítimas Feridas;Pleno dia;Decrescente;Nublado;Múltipla;Reta;Sim;3;0;1;0;2;0;1;2;-27,54018513;-48,62287714;SPRF-SC;DEL01-SC;UOP01-DEL01-SC
628012;14/09/2024;sábado;13:10:00;RJ;40;113;DUQUE DE CAXIAS;Manobra de mudança de faixa;Colisão lateral mesmo sentido;Com Vítimas Feridas;Pleno dia;Crescente;Céu Claro;Múltipla;Reta;Não;3;0;2;0;1;0;2;2;-22,70948502;-43,29040354;SPRF-RJ;DEL01-RJ;UOP02-DEL01-RJ
628013;14/09/2024;sábado;14:20:00;PB;230;221,7;SOLEDADE;Condutor deixou de manter distância do veículo da frente;Colisão traseira;Com Vítimas Feridas;Pleno dia;Crescente;Céu Claro;Simples;Reta;Não;2;0;1;0;0;1;1;2;-7,0409;-36,4063;SPRF-PB;DEL02-PB;UOP02-DEL02-PB
628014;14/09/2024;sábado;13:00:00;RJ;116;81,5;TERESOPOLIS;Condutor deixou de manter distância do veículo da frente;Colisão traseira;Com Vítimas Feridas;Pleno dia;Crescente;Céu Claro;Simples;Reta;Sim;3;0;1;0;1;1;1;2;-22,39843405;-42,95507553;SPRF-RJ;DEL04-RJ;UOP01-DEL04-RJ
628018;14/09/2024;sábado;15:35:00;MA;135;1,8;SAO LUIS;Reação tardia ou ineficiente do condutor;Colisão traseira;Sem Vítimas;Pleno dia;Crescente;Céu Claro;Dupla;Reta;Sim;2;0;0;0;2;0;0;2;-2,58917895;-44,24423719;SPRF-MA;DEL01-MA;UOP01-DEL01-MA
628020;14/09/2024;sábado;15:20:00;PR;116;97,8;SAO JOSE DOS PINHAIS;Demais falhas mecânicas ou elétricas;Tombamento;Com Vítimas Feridas;Pleno dia;Decrescente;Nublado;Dupla;Reta;Sim;1;0;1;0;0;0;1;1;-25,54677256;-49,1503613;SPRF-PR;DEL01-PR;UOP07-DEL01-PR
628022;14/09/2024;sábado;15:10:00;MS;163;260;DOURADOS;Manobra de mudança de faixa;Colisão lateral mesmo sentido;Com Vítimas Feridas;Pleno dia;Decrescente;Nublado;Dupla;Reta;Sim;2;0;1;0;1;0;1;2;-22,24489388;-54,77203018;SPRF-MS;DEL04-MS;UOP01-DEL04-MS
628023;14/09/2024;sábado;15:00:00;PR;116;173;QUITANDINHA;Acessar a via sem observar a presença dos outros veículos;Colisão lateral sentido oposto;Com Vítimas Feridas;Pleno dia;Crescente;Nublado;Simples;Reta;Não;4;0;2;0;2;0;2;2;-25,88683841;-49,50745792;SPRF-PR;DEL01-PR;UOP03-DEL01-PR
628026;14/09/2024;sábado;16:10:00;MG;381;507;SAO JOAQUIM DE BICAS;Pedestre andava na pista;Colisão lateral mesmo sentido;Com Vítimas Feridas;Pleno dia;Decrescente;Céu Claro;Múltipla;Reta;Sim;3;0;1;0;2;0;1;2;-20,05643192;-44,28663308;SPRF-MG;DEL01-MG;UOP03-DEL01-MG
628027;14/09/2024;sábado;16:00:00;PR;277;242;IRATI;Demais falhas mecânicas ou elétricas;Colisão transversal;Com Vítimas Fatais;Pleno dia;Crescente;Garoa/Chuvisco;Simples;Curva;Não;4;1;1;0;1;1;1;3;-25,44959119;-50,64096451;SPRF-PR;DEL08-PR;UOP02-DEL08-PR
628029;14/09/2024;sábado;14:00:00;RJ;101;388;RIO DE JANEIRO;Condutor deixou de manter distância do veículo da frente;Colisão traseira;Com Vítimas Feridas;Pleno dia;Crescente;Céu Claro;Múltipla;Reta;Sim;2;0;1;0;1;0;1;2;-22,88810094;-43,65827302;SPRF-RJ;DEL03-RJ;UOP01-DEL03-RJ
628030;14/09/2024;sábado;15:40:00;BA;101;717;EUNAPOLIS;Reação tardia ou ineficiente do condutor;Saída de leito carroçável;Com Vítimas Feridas;Pleno dia;Crescente;Céu Claro;Simples;"Aclive;Curva";Sim;3;0;1;0;2;0;1;1;-16,37031;-39,58309;SPRF-BA;DEL09-BA;UOP01-DEL09-BA
628031;14/09/2024;sábado;16:23:00;SC;101;256;PAULO LOPES;Reação tardia ou ineficiente do condutor;Saída de leito carroçável;Com Vítimas Feridas;Pleno dia;Crescente;Nublado;Múltipla;Reta;Não;3;0;2;1;0;0;3;1;-27,99118704;-48,68309677;SPRF-SC;DEL02-SC;UOP03-DEL02-SC
628033;14/09/2024;sábado;15:30:00;BA;101;221;CRUZ DAS ALMAS;Animais na Pista;Atropelamento de Animal;Com Vítimas Feridas;Pleno dia;Decrescente;Nublado;Simples;Reta;Sim;1;0;1;0;0;0;1;1;-12,66234801;-39,12855327;SPRF-BA;DEL01-BA;UOP02-DEL01-BA
628034;14/09/2024;sábado;16:50:00;SP;116;222;GUARULHOS;Trafegar com motocicleta (ou similar) entre as faixas;Colisão lateral mesmo sentido;Com Vítimas Feridas;Pleno dia;Decrescente;Céu Claro;Múltipla;Reta;Sim;2;0;1;0;0;1;1;2;-23,47093408;-46,51631097;SPRF-SP;DEL01-SP;UOP01-DEL01-SP
628036;14/09/2024;sábado;16:40:00;AL;316;271;SATUBA;Desrespeitar a preferência no cruzamento;Colisão transversal;Com Vítimas Feridas;Pleno dia;Decrescente;Sol;Simples;"Reta;Em Obras";Não;3;0;3;0;0;0;3;2;-9,57104402;-35,81496835;SPRF-AL;DEL02-AL;UOP01-DEL02-AL
628038;14/09/2024;sábado;15:00:00;RO;319;44;PORTO VELHO;Acessar a via sem observar a presença dos outros veículos;Colisão transversal;Com Vítimas Feridas;Pleno dia;Decrescente;Céu Claro;Simples;Reta;Não;4;0;0;1;1;2;1;3;-8,67500599;-63,99473382;SPRF-RO;DEL01-RO;UOP01-DEL01-RO
628039;14/09/2024;sábado;17:00:00;PI;316;308,3;PICOS;Condutor deixou de manter distância do veículo da frente;Colisão traseira;Sem Vítimas;Pleno dia;Crescente;Céu Claro;Simples;Reta;Sim;5;0;0;0;5;0;0;2;-7,07773683;-41,492757;SPRF-PI;DEL04-PI;UOP01-DEL04-PI
628043;14/09/2024;sábado;15:50:00;SC;101;136;BALNEARIO CAMBORIU;Reação tardia ou ineficiente do condutor;Tombamento;Com Vítimas Feridas;Pleno dia;Decrescente;Garoa/Chuvisco;Simples;Reta;Sim;2;0;1;0;1;0;1;1;-27,008113;-48,617245;SPRF-SC;DEL04-SC;UOP03-DEL04-SC
628044;14/09/2024;sábado;17:00:00;ES;101;360,8;ANCHIETA;Condutor Dormindo;Colisão lateral sentido oposto;Com Vítimas Feridas;Anoitecer;Crescente;Céu Claro;Simples;Reta;Não;3;0;1;0;2;0;1;2;-20,7043621;-40,71735486;SPRF-ES;DEL03-ES;UOP01-DEL03-ES
628045;14/09/2024;sábado;16:45:00;MG;381;483;BETIM;Demais falhas mecânicas ou elétricas;Incêndio;Sem Vítimas;Anoitecer;Decrescente;Céu Claro;Dupla;"Reta;Aclive";Não;4;0;0;0;4;0;0;1;-19,95594491;-44,10721699;SPRF-MG;DEL01-MG;UOP03-DEL01-MG
628047;14/09/2024;sábado;16:40:00;RN;406;150,4;CEARA-MIRIM;Conversão proibida;Colisão transversal;Com Vítimas Feridas;Plena Noite;Crescente;Céu Claro;Simples;"Reta;Aclive";Sim;3;0;0;2;0;1;2;2;-5,65014162;-35,43018937;SPRF-RN;DEL02-RN;UOP01-DEL02-RN
628048;14/09/2024;sábado;15:15:00;SP;153;91;JACI;Falta de elemento de contenção que evite a saída do leito carroçável;Saída de leito carroçável;Com Vítimas Fatais;Pleno dia;Crescente;Céu Claro;Simples;"Curva;Aclive;Em Obras;Viaduto";Não;2;1;0;0;0;1;0;2;-20,96277956;-49,56805716;SPRF-SP;DEL09-SP;UOP01-DEL09-SP
628049;14/09/2024;sábado;17:48:00;RJ;101;66,7;CAMPOS DOS GOYTACAZES;Manobra de mudança de faixa;Colisão lateral mesmo sentido;Com Vítimas Feridas;Pleno dia;Crescente;Céu Claro;Dupla;"Curva;Interseção de Vias;Rotatória";Sim;2;0;1;0;1;0;1;2;-21,766159;-41,347174;SPRF-RJ;DEL08-RJ;UOP02-DEL08-RJ
628050;14/09/2024;sábado;18:20:00;PA;230;123;MARABA;Acessar a via sem observar a presença dos outros veículos;Colisão transversal;Com Vítimas Feridas;Anoitecer;Decrescente;Céu Claro;Simples;Reta;Sim;2;0;1;0;1;0;1;2;-5,36838526;-49,12886078;SPRF-PA;DEL03-PA;UOP01-DEL03-PA
628051;14/09/2024;sábado;16:00:00;SC;470;317;CAMPOS NOVOS;Ingestão de álcool pelo condutor;Saída de leito carroçável;Sem Vítimas;Pleno dia;Decrescente;Céu Claro;Simples;Curva;Não;1;0;0;0;0;1;0;1;-27,404869;-51,206257;SPRF-SC;DEL07-SC;UOP06-DEL07-SC
628052;14/09/2024;sábado;17:10:00;CE;20;325;CARIDADE;Acessar a via sem observar a presença dos outros veículos;Colisão transversal;Com Vítimas Feridas;Plena Noite;Crescente;Céu Claro;Simples;"Interseção de Vias;Reta";Sim;3;0;2;0;0;1;2;2;-4,24158307;-39,2043639;SPRF-CE;DEL02-CE;UOP01-DEL02-CE
628053;14/09/2024;sábado;14:45:00;MG;365;776;ITUIUTABA;Condutor Dormindo;Saída de leito carroçável;Com Vítimas Feridas;Pleno dia;Decrescente;Sol;Simples;Reta;Não;1;0;1;0;0;0;1;1;-18,95872561;-49,67756598;SPRF-MG;DEL15-MG;UOP03-DEL15-MG
628054;14/09/2024;sábado;17:05:00;RJ;40;104;DUQUE DE CAXIAS;Velocidade Incompatível;Colisão lateral mesmo sentido;Com Vítimas Feridas;Pleno dia;Decrescente;Céu Claro;Múltipla;"Curva;Declive";Sim;2;0;1;0;1;0;1;2;-22,62897902;-43,28579508;SPRF-RJ;DEL01-RJ;UOP02-DEL01-RJ
628055;14/09/2024;sábado;15:00:00;SC;280;97,2;CORUPA;Velocidade Incompatível;Saída de leito carroçável;Com Vítimas Feridas;Pleno dia;Decrescente;Chuva;Simples;"Curva;Aclive";Não;2;0;1;0;1;0;1;1;-26,3839118;-49,321661;SPRF-SC;DEL06-SC;UOP03-DEL06-SC
628056;14/09/2024;sábado;14:40:00;SC;280;127;RIO NEGRINHO;Acessar a via sem observar a presença dos outros veículos;Colisão lateral mesmo sentido;Com Vítimas Feridas;Pleno dia;Decrescente;Garoa/Chuvisco;Simples;Reta;Sim;4;0;2;0;2;0;2;2;-26,23943953;-49,50420708;SPRF-SC;DEL06-SC;UOP03-DEL06-SC
628057;14/09/2024;sábado;18:50:00;MG;40;796;JUIZ DE FORA;Transitar na contramão;Colisão lateral mesmo sentido;Com Vítimas Feridas;Plena Noite;Crescente;Céu Claro;Dupla;Reta;Não;3;0;1;1;1;0;2;2;-21,81119295;-43,394771;SPRF-MG;DEL05-MG;UOP01-DEL05-MG