id;data_inversa;dia_semana;horario;uf;br;km;municipio;causa_acidente;tipo_acidente;classificacao_acidente;fase_dia;sentido_via;condicao_metereologica;tipo_pista;tracado_via;uso_solo;pessoas;mortos;feridos_leves;feridos_graves;ilesos;ignorados;feridos;veiculos;latitude;longitude;regional;delegacia;uop
628058;14/09/2024;sábado;18:56:00;ES;101;117;SOORETAMA;Ingestão de álcool pelo condutor;Tombamento;Sem Vítimas;Plena Noite;Decrescente;Céu Claro;Simples;Reta;Não;1;0;0;0;1;0;0;1;-19,11932808;-40,06302982;SPRF-ES;DEL04-ES;UOP01-DEL04-ES
628059;14/09/2024;sábado;19:10:00;RS;392;347,3;SANTA MARIA;Animais na Pista;Atropelamento de Animal;Com Vítimas Feridas;Plena Noite;Decrescente;Nublado;Simples;"Reta;Aclive";Sim;1;0;1;0;0;0;1;1;-29,76125014;-53,78681035;SPRF-RS;DEL09-RS;UOP01-DEL09-RS
628060;14/09/2024;sábado;17:55:00;MT;158;774,7;BARRA DO GARCAS;Ultrapassagem Indevida;Colisão frontal;Com Vítimas Fatais;Anoitecer;Crescente;Céu Claro;Simples;Reta;Não;4;1;3;0;0;0;3;2;-15,69918393;-52,23602509;SPRF-MT;DEL07-MT;UOP01-DEL07-MT
628062;14/09/2024;sábado;18:00:00;SC;101;33;JOINVILLE;Ingestão de álcool pelo condutor;Saída de leito carroçável;Com Vítimas Feridas;Plena Noite;Decrescente;Chuva;Simples;Curva;Não;1;0;1;0;0;0;1;1;-26,25576767;-48,90469015;SPRF-SC;DEL03-SC;UOP01-DEL03-SC
628063;14/09/2024;sábado;19:10:00;RS;285;272;MATO CASTELHANO;Acessar a via sem observar a presença dos outros veículos;Colisão transversal;Com Vítimas Feridas;Anoitecer;Decrescente;Nublado;Simples;Interseção de Vias;Sim;5;0;4;0;1;0;4;2;-28,27540553;-52,19692469;SPRF-RS;DEL08-RS;UOP03-DEL08-RS
628064;14/09/2024;sábado;19:20:00;BA;101;715;EUNAPOLIS;Reação tardia ou ineficiente do condutor;Tombamento;Com Vítimas Feridas;Pleno dia;Crescente;Céu Claro;Múltipla;Reta;Sim;1;0;0;1;0;0;1;1;-16,3928153;-39,5795091;SPRF-BA;DEL09-BA;UOP01-DEL09-BA
628065;14/09/2024;sábado;17:15:00;RJ;116;100,9;GUAPIMIRIM;Ausência de reação do condutor;Tombamento;Com Vítimas Feridas;Anoitecer;Crescente;Nublado;Dupla;Reta;Não;2;0;2;0;0;0;2;1;-22,48909312;-43,00437599;SPRF-RJ;DEL04-RJ;UOP01-DEL04-RJ
628066;14/09/2024;sábado;19:20:00;DF;70;11;BRASILIA;Pedestre andava na pista;Atropelamento de Pedestre;Com Vítimas Feridas;Pleno dia;Decrescente;Céu Claro;Dupla;Reta;Não;2;0;1;0;0;1;1;2;-15,789762;-48,148727;SPRF-DF;DEL03-DF;UOP02-DEL03-DF
628067;14/09/2024;sábado;19:10:00;RJ;116;189;NOVA IGUACU;Pedestre cruzava a pista fora da faixa;Atropelamento de Pedestre;Com Vítimas Feridas;Plena Noite;Crescente;Céu Claro;Dupla;Reta;Sim;2;0;1;1;0;0;2;2;-22,73765712;-43,49182298;SPRF-RJ;DEL06-RJ;UOP01-DEL06-RJ
628068;11/09/2024;quarta-feira;07:30:00;RJ;116;144;DUQUE DE CAXIAS;Manobra de mudança de faixa;Colisão lateral mesmo sentido;Com Vítimas Feridas;Pleno dia;Crescente;Céu Claro;Dupla;Reta;Sim;3;0;1;0;1;1;1;2;-22,65737709;-43,24724694;SPRF-RJ;DEL01-RJ;UOP02-DEL01-RJ
628070;14/09/2024;sábado;20:15:00;ES;101;241,5;SERRA;Pedestre cruzava a pista fora da faixa;Atropelamento de Pedestre;Com Vítimas Feridas;Plena Noite;Crescente;Céu Claro;Simples;Retorno Regulamentado;Não;3;0;1;1;1;0;2;2;-20,02389596;-40,39998096;SPRF-ES;DEL02-ES;UOP01-DEL02-ES
628071;14/09/2024;sábado;19:00:00;PR;469;19;FOZ DO IGUACU;Ultrapassagem Indevida;Colisão lateral mesmo sentido;Sem Vítimas;Plena Noite;Decrescente;Céu Claro;Simples;Reta;Sim;2;0;0;0;1;1;0;2;-25,6015;-54,5021;SPRF-PR;DEL05-PR;UOP04-DEL05-PR
628072;13/09/2024;sexta-feira;19:00:00;RS;472;143,7;TRES DE MAIO;Demais falhas mecânicas ou elétricas;Incêndio;Sem Vítimas;Plena Noite;Crescente;Céu Claro;Simples;Reta;Não;1;0;0;0;0;1;0;1;-27,77083903;-54,34030502;SPRF-RS;DEL10-RS;UOP01-DEL10-RS
628073;14/09/2024;sábado;20:20:00;PI;343;347,3;TERESINA;Condutor deixou de manter distância do veículo da frente;Colisão traseira;Com Vítimas Feridas;Plena Noite;Decrescente;Céu Claro;Simples;Reta;Sim;2;0;1;0;1;0;1;2;-5,114822;-42,778355;SPRF-PI;DEL01-PI;UOP01-DEL01-PI
628074;14/09/2024;sábado;19:50:00;RN;226;342,5;PATU;Ingestão de álcool pelo condutor;Colisão lateral mesmo sentido;Com Vítimas Feridas;Plena Noite;Crescente;Céu Claro;Simples;Reta;Não;3;0;0;3;0;0;3;2;-6,11836607;-37,65949612;SPRF-RN;DEL04-RN;UOP01-DEL04-RN
628075;14/09/2024;sábado;19:00:00;RS;290;142;ELDORADO DO SUL;Acesso irregular;Colisão traseira;Com Vítimas Feridas;Anoitecer;Decrescente;Céu Claro;Simples;Reta;Não;2;0;1;0;1;0;1;2;-30,089678;-51,628311;SPRF-RS;DEL02-RS;UOP01-DEL02-RS
628076;14/09/2024;sábado;19:00:00;SP;116;290;ITAPECERICA DA SERRA;Reação tardia ou ineficiente do condutor;Saída de leito carroçável;Com Vítimas Feridas;Plena Noite;Crescente;Céu Claro;Dupla;Curva;Sim;2;0;1;0;1;0;1;1;-23,7303281;-46,89425963;SPRF-SP;DEL04-SP;UOP01-DEL04-SP
628077;14/09/2024;sábado;18:15:00;PE;101;44;IGARASSU;Acessar a via sem observar a presença dos outros veículos;Colisão transversal;Com Vítimas Feridas;Plena Noite;Decrescente;Céu Claro;Múltipla;"Declive;Retorno Regulamentado";Sim;2;0;1;0;0;1;1;2;-7,85637001;-34,90842109;SPRF-PE;DEL01-PE;UOP02-DEL01-PE
628078;14/09/2024;sábado;19:00:00;BA;367;22;PORTO SEGURO;Reação tardia ou ineficiente do condutor;Colisão lateral mesmo sentido;Sem Vítimas;Plena Noite;Crescente;Céu Claro;Simples;Rotatória;Sim;2;0;0;0;2;0;0;2;-16,44149625;-39,06566204;SPRF-BA;DEL09-BA;UOP03-DEL09-BA
628079;14/09/2024;sábado;18:30:00;SP;381;57;MAIRIPORA;Reação tardia ou ineficiente do condutor;Queda de ocupante de veículo;Com Vítimas Feridas;Plena Noite;Decrescente;Céu Claro;Dupla;"Rotatória;Retorno Regulamentado";Sim;1;0;1;0;0;0;1;1;-23,2658219;-46,5839857;SPRF-SP;DEL03-SP;UOP01-DEL03-SP
628080;12/09/2024;quinta-feira;17:30:00;BA;116;410;FEIRA DE SANTANA;Ausência de reação do condutor;Colisão traseira;Sem Vítimas;Anoitecer;Decrescente;Céu Claro;Dupla;Reta;Não;2;0;0;0;2;0;0;2;-12,11649901;-38,96846221;SPRF-BA;DEL02-BA;UOP01-DEL02-BA
628081;14/09/2024;sábado;19:50:00;RN;427;95;CAICO;Demais falhas mecânicas ou elétricas;Incêndio;Sem Vítimas;Plena Noite;Decrescente;Céu Claro;Simples;Reta;Não;1;0;0;0;1;0;0;1;-6,47760033;-37,07046539;SPRF-RN;DEL03-RN;UOP01-DEL03-RN
628082;14/09/2024;sábado;20:00:00;PA;316;45,8;SANTA IZABEL DO PARA;Acessar a via sem observar a presença dos outros veículos;Colisão lateral mesmo sentido;Com Vítimas Feridas;Plena Noite;Decrescente;Céu Claro;Dupla;Reta;Não;4;0;0;1;1;2;1;3;-1,277567;-48,078326;SPRF-PA;DEL01-PA;UOP01-DEL01-PA
628083;14/09/2024;sábado;19:50:00;GO;153;490;GOIANIA;Objeto estático sobre o leito carroçável;Colisão com objeto;Com Vítimas Feridas;Plena Noite;Crescente;Céu Claro;Dupla;Declive;Sim;2;0;1;0;1;0;1;1;-16,6298;-49,2056;SPRF-GO;DEL01-GO;UOP01-DEL01-GO
628084;14/09/2024;sábado;19:00:00;MG;262;393;PARA DE MINAS;Acessar a via sem observar a presença dos outros veículos;Colisão transversal;Com Vítimas Feridas;Plena Noite;Crescente;Nublado;Dupla;Reta;Não;2;0;1;0;1;0;1;2;-19,91870373;-44,49079292;SPRF-MG;DEL01-MG;UOP03-DEL01-MG
628085;14/09/2024;sábado;20:20:00;SC;101;200,4;SAO JOSE;Velocidade Incompatível;Colisão traseira;Com Vítimas Feridas;Plena Noite;Crescente;Garoa/Chuvisco;Dupla;"Reta;Aclive";Sim;2;0;1;0;0;1;1;2;-27,54018513;-48,62287714;SPRF-SC;DEL01-SC;UOP01-DEL01-SC
628086;14/09/2024;sábado;19:10:00;SP;488;2;APARECIDA;Desrespeitar a preferência no cruzamento;Colisão transversal;Com Vítimas Feridas;Plena Noite;Crescente;Céu Claro;Simples;Interseção de Vias;Sim;3;0;2;0;1;0;2;2;-22,849216;-45,236801;SPRF-SP;DEL08-SP;UOP01-DEL08-SP
628087;14/09/2024;sábado;17:00:00;PE;423;51,5;LAJEDO;Ausência de reação do condutor;Colisão com objeto;Com Vítimas Feridas;Anoitecer;Crescente;Céu Claro;Simples;"Reta;Declive";Não;1;0;1;0;0;0;1;1;-8,58132103;-36,28787087;SPRF-PE;DEL03-PE;UOP01-DEL03-PE
628090;14/09/2024;sábado;19:30:00;PR;373;175,5;PONTA GROSSA;Velocidade Incompatível;Tombamento;Com Vítimas Feridas;Plena Noite;Decrescente;Nublado;Dupla;Curva;Sim;1;0;1;0;0;0;1;1;-25,06328699;-50,21441817;SPRF-PR;DEL03-PR;UOP01-DEL03-PR
628091;14/09/2024;sábado;20:00:00;MT;158;555;AGUA BOA;Falta de acostamento;Saída de leito carroçável;Com Vítimas Feridas;Plena Noite;Decrescente;Céu Claro;Simples;Reta;Não;2;0;1;1;0;0;2;1;-13,95159596;-52,11096305;SPRF-MT;DEL07-MT;UOP02-DEL07-MT
628093;14/09/2024;sábado;20:15:00;MA;10;256;IMPERATRIZ;Ingestão de álcool pelo condutor;Colisão transversal;Sem Vítimas;Plena Noite;Decrescente;Céu Claro;Simples;Reta;Sim;3;0;0;0;3;0;0;2;-5,499715;-47,471836;SPRF-MA;DEL04-MA;UOP01-DEL04-MA
628094;14/09/2024;sábado;20:05:00;SP;101;45;UBATUBA;Transitar na contramão;Colisão frontal;Sem Vítimas;Plena Noite;Crescente;Céu Claro;Dupla;Reta;Sim;3;0;0;0;2;1;0;3;-23,41779396;-45,06788408;SPRF-SP;DEL06-SP;UOP01-DEL06-SP
628098;14/09/2024;sábado;18:00:00;PR;369;46;BANDEIRANTES;Transitar na contramão;Colisão frontal;Com Vítimas Feridas;Anoitecer;Crescente;Céu Claro;Simples;"Reta;Declive";Não;5;0;2;1;2;0;3;3;-23,09215;-50,29808;SPRF-PR;DEL07-PR;UOP05-DEL07-PR
628101;14/09/2024;sábado;19:51:00;MG;116;276;TEOFILO OTONI;Reação tardia ou ineficiente do condutor;Colisão lateral mesmo sentido;Com Vítimas Feridas;Plena Noite;Crescente;Céu Claro;Simples;Reta;Sim;3;0;0;1;0;2;1;3;-17,85105696;-41,51454492;SPRF-MG;DEL11-MG;UOP01-DEL11-MG
628102;14/09/2024;sábado;20:10:00;MT;364;356;SANTO ANTONIO DO LEVERGER;Fumaça;Colisão com objeto;Com Vítimas Feridas;Plena Noite;Crescente;Céu Claro;Dupla;Reta;Não;2;0;2;0;0;0;2;1;-15,79348889;-55,6077944;SPRF-MT;DEL05-MT;UOP02-DEL05-MT
628103;14/09/2024;sábado;21:30:00;RJ;101;428;MANGARATIBA;Ausência de reação do condutor;Saída de leito carroçável;Sem Vítimas;Pleno dia;Decrescente;Céu Claro;Simples;Retorno Regulamentado;Não;1;0;0;0;1;0;0;1;-22,93391858;-43,9899979;SPRF-RJ;DEL03-RJ;UOP02-DEL03-RJ
628104;14/09/2024;sábado;14:00:00;GO;153;279;NOVA GLORIA;Acesso irregular;Colisão transversal;Com Vítimas Feridas;Pleno dia;Crescente;Céu Claro;Simples;"Reta;Aclive";Não;4;0;0;2;2;0;2;2;-15,129216;-49,511303;SPRF-GO;DEL07-GO;UOP02-DEL07-GO
628105;14/09/2024;sábado;20:00:00;MG;365;805;GURINHATA;Ausência de reação do condutor;Colisão com objeto;Sem Vítimas;Pleno dia;Decrescente;Céu Claro;Simples;Reta;Não;1;0;0;0;0;1;0;1;-18,89711485;-49,95447598;SPRF-MG;DEL15-MG;UOP03-DEL15-MG
628106;14/09/2024;sábado;21:15:00;PB;101;84;BAYEUX;Pedestre - Ingestão de álcool/ substâncias psicoativas;Atropelamento de Pedestre;Com Vítimas Feridas;Plena Noite;Decrescente;Céu Claro;Dupla;Reta;Sim;2;0;1;0;0;1;1;2;-7,13957906;-34,92312806;SPRF-PB;DEL01-PB;UOP01-DEL01-PB
628108;14/09/2024;sábado;19:00:00;AL;316;134;ESTRELA DE ALAGOAS;Reação tardia ou ineficiente do condutor;Queda de ocupante de veículo;Com Vítimas Feridas;Anoitecer;Decrescente;Céu Claro;Simples;Reta;Sim;1;0;0;1;0;0;1;1;-9,38980718;-36,81230099;SPRF-AL;DEL03-AL;UOP01-DEL03-AL
628110;14/09/2024;sábado;19:30:00;PB;230;502,1;CAJAZEIRAS;Ausência de reação do condutor;Saída de leito carroçável;Sem Vítimas;Plena Noite;Decrescente;Céu Claro;Simples;Reta;Não;1;0;0;0;1;0;0;1;-6,90174536;-38,55974686;SPRF-PB;DEL03-PB;UOP03-DEL03-PB
628111;14/09/2024;sábado;19:40:00;AL;423;27;CANAPI;Animais na Pista;Saída de leito carroçável;Com Vítimas Feridas;Plena Noite;Crescente;Nublado;Simples;Reta;Não;2;0;2;0;0;0;2;1;-9,19639165;-37,52342911;SPRF-AL;DEL03-AL;UOP02-DEL03-AL
628112;14/09/2024;sábado;19:30:00;AL;316;88;SANTANA DO IPANEMA;Demais falhas na via;Queda de ocupante de veículo;Com Vítimas Feridas;Plena Noite;Crescente;Céu Claro;Simples;Reta;Não;2;0;2;0;0;0;2;1;-9,38256709;-37,2204121;SPRF-AL;DEL03-AL;UOP02-DEL03-AL
628113;14/09/2024;sábado;20:15:00;GO;80;376;VILA PROPICIO;Ingestão de álcool pelo condutor;Colisão lateral sentido oposto;Sem Vítimas;Plena Noite;Decrescente;Céu Claro;Simples;Reta;Não;2;0;0;0;2;0;0;2;-15,208875;-48,697312;SPRF-GO;DEL07-GO;UOP01-DEL07-GO
628114;14/09/2024;sábado;19:40:00;MA;10;253;IMPERATRIZ;Condutor deixou de manter distância do veículo da frente;Colisão traseira;Sem Vítimas;Plena Noite;Decrescente;Céu Claro;Simples;Reta;Sim;3;0;0;0;3;0;0;2;-5,526911;-47,471455;SPRF-MA;DEL04-MA;UOP01-DEL04-MA
628116;14/09/2024;sábado;21:00:00;SP;459;30;LORENA;Ingestão de álcool pelo condutor;Colisão traseira;Sem Vítimas;Plena Noite;Crescente;Céu Claro;Simples;Aclive;Não;2;0;0;0;2;0;0;2;-22,725021;-45,103531;SPRF-SP;DEL08-SP;UOP02-DEL08-SP
628117;14/09/2024;sábado;22:00:00;RN;226;9,9;MACAIBA;Ingestão de álcool pelo condutor;Tombamento;Com Vítimas Feridas;Plena Noite;Crescente;Céu Claro;Simples;Reta;Não;1;0;1;0;0;0;1;1;-5,83553859;-35,28918711;SPRF-RN;DEL01-RN;UOP02-DEL01-RN
628118;14/09/2024;sábado;21:45:00;PE;101;44;IGARASSU;Ausência de reação do condutor;Colisão traseira;Com Vítimas Feridas;Plena Noite;Crescente;Céu Claro;Múltipla;Reta;Sim;3;0;1;0;2;0;1;2;-7,85637001;-34,90842109;SPRF-PE;DEL01-PE;UOP02-DEL01-PE
628119;14/09/2024;sábado;22:10:00;RJ;356;65,3;CAMPOS DOS GOYTACAZES;Desrespeitar a preferência no cruzamento;Colisão transversal;Com Vítimas Feridas;Plena Noite;Crescente;Céu Claro;Simples;"Curva;Interseção de Vias";Sim;2;0;1;0;1;0;1;2;-21,75447971;-41,34652698;SPRF-RJ;DEL08-RJ;UOP03-DEL08-RJ
628120;14/09/2024;sábado;20:00:00;RJ;40;62;PETROPOLIS;Reação tardia ou ineficiente do condutor;Colisão traseira;Com Vítimas Feridas;Plena Noite;Decrescente;Céu Claro;Simples;Reta;Sim;5;0;2;0;3;0;2;2;-22,40903303;-43,14599276;SPRF-RJ;DEL05-RJ;UOP02-DEL05-RJ
628121;14/09/2024;sábado;22:20:00;SC;101;208,1;SAO JOSE;Acesso irregular;Colisão transversal;Com Vítimas Feridas;Plena Noite;Decrescente;Céu Claro;Múltipla;Reta;Sim;3;0;2;0;1;0;2;2;-27,60465353;-48,6331594;SPRF-SC;DEL01-SC;UOP01-DEL01-SC
628122;14/09/2024;sábado;21:40:00;RS;468;7,4;PALMEIRA DAS MISSOES;Ingestão de álcool pelo condutor;Colisão frontal;Com Vítimas Fatais;Plena Noite;Crescente;Nublado;Simples;Reta;Não;3;1;0;2;0;0;2;2;-27,85309;-53,36086;SPRF-RS;DEL08-RS;UOP01-DEL08-RS
628123;14/09/2024;sábado;19:30:00;RJ;356;117,5;CAMPOS DOS GOYTACAZES;Ausência de reação do condutor;Atropelamento de Pedestre;Com Vítimas Feridas;Plena Noite;Crescente;Céu Claro;Simples;Reta;Não;2;0;1;0;0;1;1;2;-21,61077208;-41,41847117;SPRF-RJ;DEL08-RJ;UOP01-DEL08-RJ
628124;14/09/2024;sábado;19:30:00;PA;316;147;PEIXE-BOI;Transitar na contramão;Colisão frontal;Com Vítimas Fatais;Plena Noite;Decrescente;Céu Claro;Simples;"Reta;Aclive";Não;3;1;0;0;2;0;0;2;-1,22937411;-47,21325594;SPRF-PA;DEL01-PA;UOP03-DEL01-PA
628125;14/09/2024;sábado;21:20:00;BA;330;811,4;JITAUNA;Animais na Pista;Atropelamento de Animal;Sem Vítimas;Plena Noite;Decrescente;Garoa/Chuvisco;Simples;Reta;Não;1;0;0;0;1;0;0;1;-14,00984943;-39,89588438;SPRF-BA;DEL03-BA;UOP01-DEL03-BA
628127;14/09/2024;sábado;22:40:00;GO;153;438;ANAPOLIS;Condutor deixou de manter distância do veículo da frente;Colisão traseira;Sem Vítimas;Plena Noite;Decrescente;Céu Claro;Dupla;"Reta;Em Obras";Sim;2;0;0;0;1;1;0;2;-16,291595;-48,934811;SPRF-GO;DEL02-GO;UOP01-DEL02-GO
628128;14/09/2024;sábado;18:50:00;RR;401;10;BONFIM;Manobra de mudança de faixa;Colisão lateral sentido oposto;Com Vítimas Feridas;Plena Noite;Crescente;Céu Claro;Simples;Reta;Não;4;0;3;0;1;0;3;2;3,3593671;-59,83377;SPRF-RR;DEL01-RR;UOP01-DEL01-RR
628129;14/09/2024;sábado;22:00:00;PR;116;40;CAMPINA GRANDE DO SUL;Velocidade Incompatível;Saída de leito carroçável;Com Vítimas Feridas;Plena Noite;Crescente;Chuva;Dupla;"Curva;Declive";Não;1;0;0;1;0;0;1;1;-25,16445203;-48,86237697;SPRF-PR;DEL01-PR;UOP02-DEL01-PR
628130;14/09/2024;sábado;21:00:00;PA;155;308;MARABA;Reação tardia ou ineficiente do condutor;Tombamento;Com Vítimas Fatais;Plena Noite;Decrescente;Céu Claro;Simples;Reta;Não;1;1;0;0;0;0;0;1;-5,66946792;-49,11309147;SPRF-PA;DEL03-PA;UOP01-DEL03-PA
628131;14/09/2024;sábado;23:50:00;BA;135;203;BARREIRAS;Ultrapassagem Indevida;Colisão frontal;Com Vítimas Fatais;Plena Noite;Decrescente;Céu Claro;Simples;Curva;Não;2;1;1;0;0;0;1;2;-12,32932219;-45,00755539;SPRF-BA;DEL10-BA;UOP01-DEL10-BA
628132;14/09/2024;sábado;17:55:00;RJ;40;26,4;TRES RIOS;Estacionar ou parar em local proibido;Colisão traseira;Com Vítimas Feridas;Anoitecer;Decrescente;Céu Claro;Dupla;Reta;Não;5;0;0;2;2;1;2;3;-22,15998336;-43,15738678;SPRF-RJ;DEL05-RJ;UOP02-DEL05-RJ
628133;14/09/2024;sábado;21:30:00;RJ;40;112;DUQUE DE CAXIAS;Reação tardia ou ineficiente do condutor;Atropelamento de Pedestre;Com Vítimas Feridas;Pleno dia;Crescente;Céu Claro;Múltipla;Declive;Sim;3;0;2;0;1;0;2;2;-22,7004454;-43,29014851;SPRF-RJ;DEL01-RJ;UOP02-DEL01-RJ
628134;14/09/2024;sábado;21:00:00;RJ;40;105;DUQUE DE CAXIAS;Acessar a via sem observar a presença dos outros veículos;Colisão transversal;Com Vítimas Feridas;Plena Noite;Decrescente;Céu Claro;Múltipla;Reta;Sim;2;0;1;0;1;0;1;2;-22,63784806;-43,28428824;SPRF-RJ;DEL01-RJ;UOP02-DEL01-RJ
628137;14/09/2024;sábado;23:30:00;PE;428;177;PETROLINA;Transitar na contramão;Colisão frontal;Com Vítimas Fatais;Plena Noite;Crescente;Céu Claro;Simples;Reta;Não;4;1;2;0;1;0;2;2;-9,27622623;-40,43753454;SPRF-PE;DEL06-PE;UOP01-DEL06-PE
628139;14/09/2024;sábado;19:11:00;MA;135;83;ITAPECURU MIRIM;Transitar na contramão;Colisão frontal;Com Vítimas Fatais;Plena Noite;Crescente;Céu Claro;Simples;"Ponte;Reta";Não;5;2;0;0;3;0;0;2;-3,242213;-44,375905;SPRF-MA;DEL01-MA;UOP02-DEL01-MA
628140;15/09/2024;domingo;00:20:00;GO;50;98;CRISTALINA;Ausência de reação do condutor;Tombamento;Com Vítimas Feridas;Plena Noite;Crescente;Céu Claro;Dupla;Reta;Sim;1;0;1;0;0;0;1;1;-16,9309;-47,7117;SPRF-DF;DEL01-DF;UOP02-DEL01-DF
628141;14/09/2024;sábado;23:55:00;SC;101;132,5;BALNEARIO CAMBORIU;Ausência de reação do condutor;Saída de leito carroçável;Com Vítimas Feridas;Plena Noite;Crescente;Garoa/Chuvisco;Dupla;Reta;Não;1;0;1;0;0;0;1;1;-26,99654133;-48,65564711;SPRF-SC;DEL04-SC;UOP03-DEL04-SC
628142;15/09/2024;domingo;00:20:00;PR;369;77;SANTA MARIANA;Velocidade Incompatível;Colisão traseira;Com Vítimas Feridas;Plena Noite;Crescente;Nublado;Simples;Reta;Não;4;0;3;0;1;0;3;2;-23,14757405;-50,55333138;SPRF-PR;DEL07-PR;UOP05-DEL07-PR
628143;14/09/2024;sábado;22:20:00;SP;381;83,7;SAO PAULO;Acessar a via sem observar a presença dos outros veículos;Atropelamento de Pedestre;Com Vítimas Fatais;Plena Noite;Decrescente;Céu Claro;Dupla;Reta;Sim;2;1;0;0;1;0;0;2;-23,4309671;-46,56998022;SPRF-SP;DEL03-SP;UOP01-DEL03-SP
628145;14/09/2024;sábado;23:30:00;BA;420;239;LAJE;Pedestre andava na pista;Atropelamento de Pedestre;Com Vítimas Fatais;Plena Noite;Crescente;Nublado;Simples;Reta;Não;5;1;0;0;4;0;0;2;-13,16473957;-39,40229416;SPRF-BA;DEL01-BA;UOP02-DEL01-BA
628146;15/09/2024;domingo;01:10:00;SC;116;237;CORREIA PINTO;Ausência de reação do condutor;Saída de leito carroçável;Sem Vítimas;Plena Noite;Crescente;Nublado;Simples;Reta;Não;1;0;0;0;0;1;0;1;-27,73034899;-50,3359778;SPRF-SC;DEL05-SC;UOP01-DEL05-SC
628147;14/09/2024;sábado;23:35:00;SC;470;101,3;APIUNA;Ausência de reação do condutor;Colisão lateral sentido oposto;Sem Vítimas;Pleno dia;Decrescente;Chuva;Simples;Reta;Não;2;0;0;0;1;1;0;2;-27,05813212;-49,38998222;SPRF-SC;DEL04-SC;UOP02-DEL04-SC
628149;15/09/2024;domingo;01:00:00;SE;235;55,5;ITABAIANA;Afundamento ou ondulação no pavimento;Tombamento;Com Vítimas Feridas;Plena Noite;Crescente;Nublado;Simples;Reta;Não;3;0;2;0;0;1;2;2;-10,667386;-37,446014;SPRF-SE;DEL01-SE;UOP02-DEL01-SE
628150;15/09/2024;domingo;02:45:00;MT;70;0,1;BARRA DO GARCAS;Ingestão de álcool pelo condutor;Tombamento;Com Vítimas Feridas;Plena Noite;Crescente;Céu Claro;Simples;Rotatória;Não;1;0;1;0;0;0;1;1;-15,895538;-52,25599;SPRF-MT;DEL07-MT;UOP01-DEL07-MT
628151;15/09/2024;domingo;01:30:00;SP;116;128,5;CACAPAVA;Reação tardia ou ineficiente do condutor;Colisão com objeto;Sem Vítimas;Pleno dia;Decrescente;Nublado;Dupla;"Reta;Interseção de Vias";Sim;2;0;0;0;0;2;0;1;-23,11454664;-45,71105567;SPRF-SP;DEL02-SP;UOP02-DEL02-SP
628152;15/09/2024;domingo;01:50:00;PR;0;0;JANDAIA DO SUL;Reação tardia ou ineficiente do condutor;Colisão traseira;Com Vítimas Feridas;Plena Noite;Não Informado;Céu Claro;Dupla;Curva;Não;1;0;1;0;0;0;1;1;-23,58188401;-51,63248238;SPRF-PR;DEL09-PR;UOP01-DEL09-PR
628153;15/09/2024;domingo;01:45:00;BA;101;718;EUNAPOLIS;Reação tardia ou ineficiente do condutor;Colisão com objeto;Com Vítimas Feridas;Plena Noite;Decrescente;Céu Claro;Simples;Interseção de Vias;Sim;2;0;1;0;1;0;1;1;-16,37505;-39,58047;SPRF-BA;DEL09-BA;UOP01-DEL09-BA
628154;15/09/2024;domingo;03:30:00;MG;50;129,3;UBERABA;Condutor Dormindo;Saída de leito carroçável;Com Vítimas Feridas;Plena Noite;Decrescente;Céu Claro;Dupla;Curva;Não;1;0;0;1;0;0;1;1;-19,38085098;-48,07703881;SPRF-MG;DEL13-MG;UOP01-DEL13-MG
628156;15/09/2024;domingo;01:05:00;SC;282;342,4;CAMPOS NOVOS;Ingestão de álcool pelo condutor;Colisão com objeto;Com Vítimas Feridas;Amanhecer;Crescente;Céu Claro;Simples;Curva;Não;1;0;1;0;0;0;1;1;-27,39023036;-51,2234652;SPRF-SC;DEL07-SC;UOP06-DEL07-SC
628158;15/09/2024;domingo;02:30:00;SP;116;128;CACAPAVA;Ingestão de álcool pelo condutor;Colisão com objeto;Sem Vítimas;Plena Noite;Decrescente;Céu Claro;Simples;Retorno Regulamentado;Sim;1;0;0;0;1;0;0;1;-23,11454664;-45,71105567;SPRF-SP;DEL02-SP;UOP02-DEL02-SP
628159;15/09/2024;domingo;02:15:00;SP;153;51;SAO JOSE DO RIO PRETO;Ingestão de álcool pelo condutor;Colisão traseira;Com Vítimas Feridas;Anoitecer;Crescente;Céu Claro;Simples;Reta;Sim;3;0;1;0;2;0;1;2;-20,71801801;-49,33874223;SPRF-SP;DEL09-SP;UOP01-DEL09-SP
628161;14/09/2024;sábado;23:00:00;PI;316;313,8;PICOS;Condutor Dormindo;Colisão com objeto;Com Vítimas Feridas;Plena Noite;Decrescente;Céu Claro;Dupla;Reta;Sim;4;0;1;1;2;0;2;1;-7,077841;-41,440092;SPRF-PI;DEL04-PI;UOP01-DEL04-PI
628162;15/09/2024;domingo;02:40:00;MG;381;935,4;EXTREMA;Transitar na contramão;Colisão frontal;Com Vítimas Feridas;Plena Noite;Decrescente;Céu Claro;Dupla;"Reta;Aclive";Não;3;0;3;0;0;0;3;2;-22,82329661;-46,30805019;SPRF-MG;DEL16-MG;UOP03-DEL16-MG
628163;15/09/2024;domingo;02:29:00;GO;153;512,1;APARECIDA DE GOIANIA;Ausência de reação do condutor;Colisão lateral mesmo sentido;Com Vítimas Feridas;Plena Noite;Decrescente;Céu Claro;Dupla;Reta;Sim;5;0;1;0;2;2;1;3;-16,8156;-49,2402;SPRF-GO;DEL01-GO;UOP03-DEL01-GO