id;data_inversa;dia_semana;horario;uf;br;km;municipio;causa_acidente;tipo_acidente;classificacao_acidente;fase_dia;sentido_via;condicao_metereologica;tipo_pista;tracado_via;uso_solo;pessoas;mortos;feridos_leves;feridos_graves;ilesos;ignorados;feridos;veiculos;latitude;longitude;regional;delegacia;uop
628505;16/09/2024;segunda-feira;08:45:00;MT;364;58;ALTO GARCAS;Desrespeitar a preferência no cruzamento;Colisão transversal;Com Vítimas Feridas;Pleno dia;Crescente;Céu Claro;Simples;"Reta;Declive;Retorno Regulamentado";Sim;2;0;0;1;1;0;1;2;-16,93623873;-53,53436782;SPRF-MT;DEL02-MT;UOP02-DEL02-MT
628506;16/09/2024;segunda-feira;11:00:00;SC;101;132;BALNEARIO CAMBORIU;Reação tardia ou ineficiente do condutor;Colisão traseira;Com Vítimas Feridas;Pleno dia;Decrescente;Chuva;Dupla;Reta;Sim;2;0;1;0;1;0;1;2;-26,99654133;-48,65564711;SPRF-SC;DEL04-SC;UOP03-DEL04-SC
628508;16/09/2024;segunda-feira;06:50:00;MT;364;439,9;VARZEA GRANDE;Reação tardia ou ineficiente do condutor;Colisão com objeto;Com Vítimas Feridas;Amanhecer;Crescente;Céu Claro;Simples;Curva;Não;1;0;1;0;0;0;1;1;-15,60531;-56,20312;SPRF-MT;DEL01-MT;UOP02-DEL01-MT
628511;16/09/2024;segunda-feira;07:30:00;MT;70;394;CAMPO VERDE;Transitar no Acostamento;Colisão lateral mesmo sentido;Com Vítimas Feridas;Pleno dia;Decrescente;Nublado;Simples;Reta;Sim;3;0;0;1;2;0;1;2;-15,60961396;-55,19095211;SPRF-MT;DEL05-MT;UOP02-DEL05-MT
628512;11/09/2024;quarta-feira;22:45:00;MS;163;280;DOURADOS;Reação tardia ou ineficiente do condutor;Tombamento;Com Vítimas Feridas;Plena Noite;Crescente;Céu Claro;Dupla;Reta;Sim;1;0;0;1;0;0;1;1;-22,13794223;-54,61956683;SPRF-MS;DEL04-MS;UOP01-DEL04-MS
628513;31/07/2024;quarta-feira;16:05:00;RO;364;393,1;OURO PRETO DO OESTE;Ultrapassagem Indevida;Colisão lateral mesmo sentido;Com Vítimas Feridas;Pleno dia;Crescente;Sol;Simples;"Reta;Aclive";Não;9;0;6;2;1;0;8;2;-10,65224885;-62,30278881;SPRF-RO;DEL03-RO;UOP02-DEL03-RO
628514;16/09/2024;segunda-feira;11:45:00;PE;101;30;ITAPISSUMA;Reação tardia ou ineficiente do condutor;Tombamento;Com Vítimas Feridas;Pleno dia;Decrescente;Céu Claro;Dupla;Curva;Não;1;0;1;0;0;0;1;1;-7,73816195;-34,94265811;SPRF-PE;DEL01-PE;UOP02-DEL01-PE
628516;16/09/2024;segunda-feira;11:00:00;SC;101;132,9;CAMBORIU;Condutor deixou de manter distância do veículo da frente;Colisão traseira;Com Vítimas Feridas;Pleno dia;Crescente;Chuva;Múltipla;Reta;Não;2;0;0;1;1;0;1;2;-26,99936;-48,64609;SPRF-SC;DEL04-SC;UOP03-DEL04-SC
628519;16/09/2024;segunda-feira;11:20:00;PR;369;154;LONDRINA;Ausência de reação do condutor;Colisão transversal;Com Vítimas Feridas;Pleno dia;Crescente;Nublado;Dupla;Reta;Sim;2;0;1;0;1;0;1;2;-23,29753047;-51,19956672;SPRF-PR;DEL07-PR;UOP01-DEL07-PR
628521;16/09/2024;segunda-feira;09:15:00;MT;70;0;BARRA DO GARCAS;Reação tardia ou ineficiente do condutor;Colisão traseira;Com Vítimas Feridas;Pleno dia;Crescente;Céu Claro;Simples;Ponte;Sim;3;0;1;0;1;1;1;3;-15,895538;-52,25599;SPRF-MT;DEL07-MT;UOP01-DEL07-MT
628523;16/09/2024;segunda-feira;09:00:00;SC;470;31;GASPAR;Condutor Dormindo;Saída de leito carroçável;Com Vítimas Feridas;Pleno dia;Crescente;Garoa/Chuvisco;Dupla;Reta;Não;1;0;1;0;0;0;1;1;-26,897331;-48,923069;SPRF-SC;DEL04-SC;UOP01-DEL04-SC
628525;16/09/2024;segunda-feira;12:00:00;RJ;116;148;DUQUE DE CAXIAS;Pista Escorregadia;Tombamento;Com Vítimas Feridas;Pleno dia;Crescente;Céu Claro;Dupla;Reta;Não;1;0;1;0;0;0;1;1;-22,6723488;-43,28215398;SPRF-RJ;DEL01-RJ;UOP02-DEL01-RJ
628526;16/09/2024;segunda-feira;07:45:00;MG;50;177;UBERABA;Manobra de mudança de faixa;Colisão lateral mesmo sentido;Com Vítimas Feridas;Pleno dia;Crescente;Céu Claro;Dupla;"Curva;Aclive";Sim;2;0;2;0;0;0;2;2;-19,77914852;-47,95047701;SPRF-MG;DEL13-MG;UOP01-DEL13-MG
628528;16/09/2024;segunda-feira;12:55:00;SC;101;206,1;SAO JOSE;Reação tardia ou ineficiente do condutor;Colisão traseira;Com Vítimas Feridas;Pleno dia;Decrescente;Nublado;Múltipla;Reta;Sim;2;0;1;0;1;0;1;2;-27,59193546;-48,61824557;SPRF-SC;DEL01-SC;UOP01-DEL01-SC
628530;16/09/2024;segunda-feira;13:00:00;SP;116;222;GUARULHOS;Trafegar com motocicleta (ou similar) entre as faixas;Colisão lateral mesmo sentido;Com Vítimas Feridas;Pleno dia;Decrescente;Nublado;Múltipla;"Em Obras;Reta";Sim;1;0;1;0;0;0;1;1;-23,47093408;-46,51631097;SPRF-SP;DEL01-SP;UOP01-DEL01-SP
628531;16/09/2024;segunda-feira;09:50:00;RN;226;121,6;LAJES PINTADAS;Ingestão de álcool pelo condutor;Colisão traseira;Com Vítimas Feridas;Pleno dia;Crescente;Sol;Simples;"Reta;Em Obras";Não;3;0;1;0;2;0;1;2;-6,19330923;-36,08467509;SPRF-RN;DEL03-RN;UOP02-DEL03-RN
628533;21/07/2024;domingo;10:20:00;BA;101;421;IBIRAPITANGA;Reação tardia ou ineficiente do condutor;Colisão transversal;Com Vítimas Fatais;Pleno dia;Decrescente;Chuva;Simples;Curva;Não;3;1;1;0;1;0;1;2;-14,136388;-39,358306;SPRF-BA;DEL05-BA;UOP03-DEL05-BA
628536;16/09/2024;segunda-feira;12:30:00;PB;104;116,2;LAGOA SECA;Ultrapassagem Indevida;Colisão lateral sentido oposto;Com Vítimas Feridas;Pleno dia;Decrescente;Sol;Simples;Curva;Não;2;0;0;1;1;0;1;2;-7,175525;-35,860103;SPRF-PB;DEL02-PB;UOP04-DEL02-PB
628538;16/09/2024;segunda-feira;10:10:00;MG;381;846;SAO SEBASTIAO DA BELA VISTA;Problema na suspensão;Queda de ocupante de veículo;Com Vítimas Feridas;Pleno dia;Decrescente;Nublado;Dupla;Reta;Não;1;0;1;0;0;0;1;1;-22,2442938;-45,88357198;SPRF-MG;DEL16-MG;UOP01-DEL16-MG
628540;16/09/2024;segunda-feira;13:35:00;PA;163;982;SANTAREM;Acessar a via sem observar a presença dos outros veículos;Colisão transversal;Com Vítimas Feridas;Pleno dia;Crescente;Céu Claro;Simples;"Interseção de Vias;Reta";Sim;2;0;1;0;1;0;1;2;-2,6226074;-54,73532058;SPRF-PA;DEL05-PA;UOP01-DEL05-PA
628541;16/09/2024;segunda-feira;13:45:00;GO;153;532;HIDROLANDIA;Reação tardia ou ineficiente do condutor;Colisão com objeto;Com Vítimas Feridas;Pleno dia;Decrescente;Céu Claro;Dupla;Reta;Sim;1;0;0;1;0;0;1;1;-16,9852;-49,2297;SPRF-GO;DEL01-GO;UOP03-DEL01-GO
628542;16/09/2024;segunda-feira;13:44:00;PE;101;68,7;RECIFE;Objeto estático sobre o leito carroçável;Tombamento;Com Vítimas Feridas;Pleno dia;Crescente;Sol;Dupla;Reta;Sim;1;0;1;0;0;0;1;1;-8,05951606;-34,94581024;SPRF-PE;DEL01-PE;UOP01-DEL01-PE
628543;16/09/2024;segunda-feira;12:25:00;RJ;116;148;DUQUE DE CAXIAS;Acumulo de óleo sobre o pavimento;Queda de ocupante de veículo;Com Vítimas Feridas;Pleno dia;Crescente;Céu Claro;Dupla;Reta;Sim;1;0;1;0;0;0;1;1;-22,6723488;-43,28215398;SPRF-RJ;DEL01-RJ;UOP02-DEL01-RJ
628544;10/09/2024;terça-feira;19:24:00;BA;101;719;EUNAPOLIS;Acessar a via sem observar a presença dos outros veículos;Colisão transversal;Com Vítimas Feridas;Plena Noite;Crescente;Céu Claro;Simples;"Reta;Interseção de Vias";Sim;2;0;0;1;0;1;1;2;-16,387008;-39,58649;SPRF-BA;DEL09-BA;UOP01-DEL09-BA
628545;16/09/2024;segunda-feira;12:36:00;PE;408;30,2;ALIANCA;Ultrapassagem Indevida;Colisão lateral mesmo sentido;Com Vítimas Feridas;Pleno dia;Crescente;Céu Claro;Simples;Curva;Não;2;0;0;1;1;0;1;2;-7,5940327;-35,24470263;SPRF-PE;DEL01-PE;UOP02-DEL01-PE
628547;16/09/2024;segunda-feira;14:30:00;MG;381;517,6;IGARAPE;Acumulo de óleo sobre o pavimento;Tombamento;Com Vítimas Feridas;Pleno dia;Crescente;Céu Claro;Dupla;"Curva;Aclive";Sim;1;0;1;0;0;0;1;1;-20,1090988;-44,3270639;SPRF-MG;DEL01-MG;UOP03-DEL01-MG
628548;16/09/2024;segunda-feira;13:00:00;MG;50;82;UBERLANDIA;Demais falhas mecânicas ou elétricas;Queda de ocupante de veículo;Com Vítimas Feridas;Pleno dia;Crescente;Céu Claro;Dupla;"Reta;Declive";Não;2;0;2;0;0;0;2;1;-18,986906;-48,211853;SPRF-MG;DEL15-MG;UOP01-DEL15-MG
628549;16/09/2024;segunda-feira;12:40:00;GO;153;591,8;MORRINHOS;Condutor Dormindo;Saída de leito carroçável;Com Vítimas Feridas;Pleno dia;Crescente;Sol;Dupla;Reta;Não;2;0;1;0;1;0;1;1;-17,4751;-49,2138;SPRF-GO;DEL03-GO;UOP01-DEL03-GO
628551;16/09/2024;segunda-feira;13:40:00;RJ;40;120;DUQUE DE CAXIAS;Avarias e/ou desgaste excessivo no pneu;Tombamento;Com Vítimas Feridas;Pleno dia;Crescente;Nublado;Múltipla;Reta;Sim;2;0;2;0;0;0;2;1;-22,77280597;-43,28626763;SPRF-RJ;DEL01-RJ;UOP02-DEL01-RJ
628553;16/09/2024;segunda-feira;14:26:00;PE;232;88;GRAVATA;Ausência de reação do condutor;Tombamento;Com Vítimas Feridas;Pleno dia;Decrescente;Sol;Dupla;"Reta;Declive";Não;2;0;0;1;1;0;1;1;-8,215178;-35,637814;SPRF-PE;DEL02-PE;UOP02-DEL02PE
628554;16/09/2024;segunda-feira;13:25:00;RS;386;51;SEBERI;Acessar a via sem observar a presença dos outros veículos;Colisão lateral sentido oposto;Com Vítimas Feridas;Pleno dia;Crescente;Céu Claro;Simples;"Curva;Interseção de Vias";Sim;2;0;0;1;1;0;1;2;-27,49461915;-53,3905828;SPRF-RS;DEL08-RS;UOP02-DEL08-RS
628556;16/09/2024;segunda-feira;14:40:00;PR;476;119;COLOMBO;Reação tardia ou ineficiente do condutor;Colisão traseira;Com Vítimas Feridas;Pleno dia;Decrescente;Nublado;Dupla;Reta;Sim;2;0;1;0;1;0;1;2;-25,364202;-49,185825;SPRF-PR;DEL01-PR;UOP01-DEL01-PR
628557;16/09/2024;segunda-feira;14:10:00;SP;116;316;JUQUITIBA;Ausência de reação do condutor;Colisão com objeto;Com Vítimas Feridas;Pleno dia;Decrescente;Chuva;Dupla;Reta;Não;2;0;2;0;0;0;2;1;-23,91054997;-46,99149375;SPRF-SP;DEL04-SP;UOP03-DEL04-SP
628560;16/09/2024;segunda-feira;15:40:00;RN;101;98;NATAL;Condutor deixou de manter distância do veículo da frente;Colisão traseira;Sem Vítimas;Pleno dia;Decrescente;Céu Claro;Dupla;Reta;Sim;2;0;0;0;2;0;0;2;-5,85758898;-35,21271205;SPRF-RN;DEL01-RN;UOP01-DEL01-RN
628561;16/09/2024;segunda-feira;15:50:00;SP;116;322;JUQUITIBA;Chuva;Saída de leito carroçável;Com Vítimas Feridas;Pleno dia;Decrescente;Garoa/Chuvisco;Dupla;Curva;Não;2;0;1;0;1;0;1;1;-23,935106;-47,026682;SPRF-SP;DEL04-SP;UOP03-DEL04-SP
628562;16/09/2024;segunda-feira;11:45:00;PA;316;194,9;SANTA LUZIA DO PARA;Manobra de mudança de faixa;Colisão lateral sentido oposto;Com Vítimas Feridas;Pleno dia;Crescente;Céu Claro;Simples;"Reta;Aclive";Sim;4;0;0;3;1;0;3;2;-1,514245;-46,9079;SPRF-PA;DEL01-PA;UOP03-DEL01-PA
628564;16/09/2024;segunda-feira;15:00:00;SP;116;145;SAO JOSE DOS CAMPOS;Reação tardia ou ineficiente do condutor;Colisão traseira;Com Vítimas Feridas;Pleno dia;Crescente;Nublado;Múltipla;Reta;Sim;4;0;1;0;3;0;1;3;-23,1869844;-45,8548078;SPRF-SP;DEL02-SP;UOP01-DEL02-SP
628567;16/09/2024;segunda-feira;16:45:00;SE;235;72,5;FREI PAULO;Desrespeitar a preferência no cruzamento;Colisão transversal;Com Vítimas Feridas;Pleno dia;Crescente;Céu Claro;Simples;Reta;Sim;2;0;1;0;1;0;1;2;-10,550368;-37,529514;SPRF-SE;DEL01-SE;UOP02-DEL01-SE
628568;16/09/2024;segunda-feira;14:50:00;SP;116;560;BARRA DO TURVO;Reação tardia ou ineficiente do condutor;Colisão com objeto;Com Vítimas Feridas;Pleno dia;Crescente;Chuva;Simples;Curva;Não;1;0;1;0;0;0;1;1;-25,01571198;-48,50929106;SPRF-SP;DEL05-SP;UOP02-DEL05-SP
628569;16/09/2024;segunda-feira;20:00:00;SP;116;545;BARRA DO TURVO;Reação tardia ou ineficiente do condutor;Colisão com objeto;Com Vítimas Feridas;Plena Noite;Crescente;Chuva;Simples;"Curva;Declive";Não;2;0;1;0;1;0;1;1;-24,95016699;-48,42400302;SPRF-SP;DEL05-SP;UOP02-DEL05-SP
628570;16/09/2024;segunda-feira;16:30:00;RJ;101;506;ANGRA DOS REIS;Ausência de reação do condutor;Colisão traseira;Com Vítimas Feridas;Pleno dia;Crescente;Céu Claro;Simples;Reta;Sim;3;0;1;0;2;0;1;3;-22,93493041;-44,40487313;SPRF-RJ;DEL03-RJ;UOP03-DEL03-RJ
628571;24/07/2024;quarta-feira;18:46:00;AC;317;20;PORTO ACRE;Acesso irregular;Colisão com objeto;Com Vítimas Feridas;Plena Noite;Decrescente;Céu Claro;Simples;"Desvio Temporário;Em Obras;Reta";Não;2;0;0;1;0;1;1;2;-9,75578624;-67,3547777;SPRF-AC;DEL01-AC;UOP01-DEL01-AC
628574;16/09/2024;segunda-feira;16:15:00;MG;354;743,9;POUSO ALTO;Acessar a via sem observar a presença dos outros veículos;Colisão transversal;Com Vítimas Feridas;Pleno dia;Decrescente;Nublado;Simples;"Curva;Interseção de Vias;Declive";Sim;4;0;2;0;1;1;2;3;-22,24830992;-44,93522876;SPRF-MG;DEL17-MG;UOP01-DEL17-MG
628577;16/09/2024;segunda-feira;17:20:00;SC;101;204,5;SAO JOSE;Acessar a via sem observar a presença dos outros veículos;Colisão transversal;Com Vítimas Feridas;Pleno dia;Decrescente;Nublado;Múltipla;Reta;Sim;2;0;1;0;0;1;1;2;-27,57413014;-48,61363083;SPRF-SC;DEL01-SC;UOP01-DEL01-SC
628578;16/09/2024;segunda-feira;15:30:00;RS;386;247;SOLEDADE;Acessar a via sem observar a presença dos outros veículos;Colisão transversal;Com Vítimas Feridas;Pleno dia;Decrescente;Céu Claro;Simples;Reta;Não;2;0;1;0;1;0;1;2;-28,813179;-52,493595;SPRF-RS;DEL04-RS;UOP03-DEL04-RS
628579;16/09/2024;segunda-feira;16:45:00;PE;232;157,5;TACAIMBO;Ausência de reação do condutor;Saída de leito carroçável;Com Vítimas Feridas;Pleno dia;Decrescente;Sol;Simples;Reta;Não;4;0;2;0;2;0;2;1;-8,32994251;-36,22627296;SPRF-PE;DEL03-PE;UOP02-DEL03-PE
628583;16/09/2024;segunda-feira;17:20:00;RJ;465;3;SEROPEDICA;Retorno proibido;Colisão transversal;Com Vítimas Feridas;Anoitecer;Crescente;Céu Claro;Dupla;Reta;Não;2;0;1;0;1;0;1;2;-22,73427;-43,711994;SPRF-RJ;DEL06-RJ;UOP02-DEL06-RJ
628584;16/09/2024;segunda-feira;15:50:00;SP;116;114,1;TAUBATE;Velocidade Incompatível;Colisão com objeto;Com Vítimas Feridas;Pleno dia;Crescente;Nublado;Dupla;Reta;Não;2;0;1;0;1;0;1;2;-23,04654177;-45,59018006;SPRF-SP;DEL02-SP;UOP02-DEL02-SP
628585;16/09/2024;segunda-feira;16:40:00;MG;116;577;MANHUACU;Velocidade Incompatível;Saída de leito carroçável;Com Vítimas Feridas;Pleno dia;Decrescente;Céu Claro;Simples;"Curva;Declive";Não;1;0;1;0;0;0;1;1;-20,161295;-42,189066;SPRF-MG;DEL06-MG;UOP03-DEL06-MG
628587;16/09/2024;segunda-feira;18:00:00;SC;282;0,7;FLORIANOPOLIS;Trafegar com motocicleta (ou similar) entre as faixas;Colisão lateral mesmo sentido;Com Vítimas Feridas;Plena Noite;Crescente;Nublado;Múltipla;"Reta;Aclive";Sim;4;0;2;0;2;0;2;3;-27,59845;-48,571995;SPRF-SC;DEL01-SC;UOP01-DEL01-SC
628591;16/09/2024;segunda-feira;15:30:00;BA;235;183;CANUDOS;Desrespeitar a preferência no cruzamento;Colisão transversal;Com Vítimas Feridas;Pleno dia;Decrescente;Céu Claro;Simples;"Interseção de Vias;Rotatória";Não;2;0;0;1;1;0;1;2;-9,95403867;-39,12084319;SPRF-BA;DEL07-BA;UOP03-DEL07-BA
628593;16/09/2024;segunda-feira;18:35:00;SE;235;48,2;ITABAIANA;Ultrapassagem Indevida;Colisão frontal;Com Vítimas Fatais;Plena Noite;Crescente;Céu Claro;Simples;"Reta;Aclive";Não;3;1;0;0;1;1;0;3;-10,724387;-37,41708;SPRF-SE;DEL01-SE;UOP02-DEL01-SE
628594;16/09/2024;segunda-feira;17:40:00;ES;101;298,3;VIANA;Acessar a via sem observar a presença dos outros veículos;Colisão transversal;Com Vítimas Feridas;Anoitecer;Decrescente;Céu Claro;Simples;Interseção de Vias;Não;2;0;1;0;0;1;1;2;-20,35374444;-40,4156433;SPRF-ES;DEL01-ES;UOP01-DEL01-ES
628595;16/09/2024;segunda-feira;18:30:00;RJ;116;186;NOVA IGUACU;Acesso irregular;Atropelamento de Pedestre;Com Vítimas Feridas;Plena Noite;Crescente;Céu Claro;Dupla;Reta;Sim;2;0;1;0;0;1;1;2;-22,73962339;-43,46276495;SPRF-RJ;DEL06-RJ;UOP01-DEL06-RJ
628596;16/09/2024;segunda-feira;17:30:00;RJ;101;385;RIO DE JANEIRO;Pedestre andava na pista;Atropelamento de Pedestre;Com Vítimas Feridas;Anoitecer;Crescente;Ignorado;Dupla;Reta;Não;2;0;0;1;1;0;1;2;-22,88064129;-43,63218994;SPRF-RJ;DEL03-RJ;UOP01-DEL03-RJ
628597;16/09/2024;segunda-feira;18:20:00;GO;153;441,9;ANAPOLIS;Animais na Pista;Engavetamento;Com Vítimas Feridas;Plena Noite;Decrescente;Céu Claro;Dupla;Reta;Não;4;0;1;1;2;0;2;4;-16,345691;-48,925465;SPRF-GO;DEL02-GO;UOP01-DEL02-GO
628598;16/09/2024;segunda-feira;11:50:00;MT;163;103;RONDONOPOLIS;Ausência de reação do condutor;Colisão com objeto;Sem Vítimas;Pleno dia;Decrescente;Nevoeiro/Neblina;Dupla;Reta;Não;2;0;0;0;0;2;0;1;-16,63713456;-54,69416719;SPRF-MT;DEL02-MT;UOP03-DEL02-MT
628599;16/09/2024;segunda-feira;17:30:00;DF;70;10;BRASILIA;Entrada inopinada do pedestre;Atropelamento de Pedestre;Com Vítimas Feridas;Anoitecer;Crescente;Céu Claro;Dupla;Reta;Sim;2;0;1;0;1;0;1;2;-15,787066;-48,140709;SPRF-DF;DEL03-DF;UOP02-DEL03-DF
628600;16/09/2024;segunda-feira;18:30:00;ES;101;403,3;ITAPEMIRIM;Condutor Dormindo;Queda de ocupante de veículo;Com Vítimas Feridas;Plena Noite;Crescente;Céu Claro;Dupla;"Reta;Aclive";Não;1;0;1;0;0;0;1;1;-20,89106645;-40,99876886;SPRF-ES;DEL03-ES;UOP02-DEL03-ES
628601;16/09/2024;segunda-feira;18:40:00;PR;116;9,2;QUATRO BARRAS;Ausência de reação do condutor;Colisão traseira;Com Vítimas Feridas;Plena Noite;Decrescente;Céu Claro;Dupla;"Declive;Reta";Sim;3;0;1;0;2;0;1;2;-25,3708;-49,1246;SPRF-PR;DEL01-PR;UOP02-DEL01-PR
628603;16/09/2024;segunda-feira;11:15:00;RJ;40;111;DUQUE DE CAXIAS;Acessar a via sem observar a presença dos outros veículos;Colisão lateral mesmo sentido;Com Vítimas Feridas;Pleno dia;Decrescente;Céu Claro;Dupla;Reta;Sim;3;0;1;0;2;0;1;2;-22,691868;-43,287453;SPRF-RJ;DEL01-RJ;UOP02-DEL01-RJ
628604;13/09/2024;sexta-feira;07:00:00;BA;110;140;CICERO DANTAS;Acessar a via sem observar a presença dos outros veículos;Colisão transversal;Com Vítimas Feridas;Pleno dia;Decrescente;Céu Claro;Simples;Rotatória;Sim;2;0;0;1;1;0;1;2;-10,635602;-38,401222;SPRF-BA;DEL07-BA;UOP02-DEL07-BA
628605;16/09/2024;segunda-feira;19:20:00;TO;153;676;GURUPI;Reação tardia ou ineficiente do condutor;Queda de ocupante de veículo;Com Vítimas Feridas;Plena Noite;Crescente;Céu Claro;Dupla;Reta;Sim;1;0;1;0;0;0;1;1;-11,76028512;-49,09631084;SPRF-TO;DEL01-TO;UOP02-DEL01-TO
628606;16/09/2024;segunda-feira;18:00:00;MG;50;140;UBERABA;Ausência de reação do condutor;Saída de leito carroçável;Com Vítimas Feridas;Plena Noite;Decrescente;Céu Claro;Dupla;Reta;Não;1;0;1;0;0;0;1;1;-19,47657604;-48,05332612;SPRF-MG;DEL13-MG;UOP01-DEL13-MG
628607;16/09/2024;segunda-feira;19:10:00;SC;282;604,6;MARAVILHA;Acesso irregular;Colisão transversal;Com Vítimas Feridas;Plena Noite;Crescente;Céu Claro;Simples;Reta;Sim;5;0;3;0;2;0;3;2;-26,795523;-53,192974;SPRF-SC;DEL07-SC;UOP02-DEL07-SC
628610;16/09/2024;segunda-feira;19:46:00;DF;40;3;BRASILIA;Transitar no Acostamento;Atropelamento de Pedestre;Com Vítimas Feridas;Plena Noite;Crescente;Céu Claro;Dupla;Reta;Sim;2;0;0;1;1;0;1;2;-16,012033;-47,982124;SPRF-DF;DEL01-DF;UOP01-DEL01-DF
628615;16/09/2024;segunda-feira;19:58:00;PE;104;18;TAQUARITINGA DO NORTE;Ingestão de álcool pelo condutor;Colisão frontal;Sem Vítimas;Plena Noite;Decrescente;Céu Claro;Simples;Curva;Não;3;0;0;0;2;1;0;2;-7,939486;-36,124489;SPRF-PE;DEL02-PE;UOP01-DEL02-PE
628616;16/09/2024;segunda-feira;19:50:00;PB;101;88;JOAO PESSOA;Manobra de mudança de faixa;Colisão traseira;Com Vítimas Feridas;Plena Noite;Crescente;Céu Claro;Dupla;Curva;Sim;2;0;1;0;1;0;1;2;-7,16470016;-34,89993643;SPRF-PB;DEL01-PB;UOP01-DEL01-PB
628617;16/09/2024;segunda-feira;20:25:00;PB;101;88;JOAO PESSOA;Ausência de reação do condutor;Colisão traseira;Com Vítimas Feridas;Plena Noite;Crescente;Nublado;Dupla;Reta;Sim;5;0;1;0;4;0;1;2;-7,16991968;-34,8972559;SPRF-PB;DEL01-PB;UOP01-DEL01-PB
628618;16/09/2024;segunda-feira;19:05:00;RO;174;13,5;VILHENA;Acessar a via sem observar a presença dos outros veículos;Colisão transversal;Com Vítimas Feridas;Plena Noite;Decrescente;Nublado;Dupla;Interseção de Vias;Sim;1;0;1;0;0;0;1;1;-12,74140004;-60,13026401;SPRF-RO;DEL04-RO;UOP01-DEL04-RO
628619;16/09/2024;segunda-feira;21:05:00;MG;262;362;JUATUBA;Transitar no Acostamento;Colisão lateral mesmo sentido;Com Vítimas Feridas;Plena Noite;Decrescente;Céu Claro;Dupla;"Reta;Declive";Não;3;0;1;1;1;0;2;2;-19,9702479;-44,2838985;SPRF-MG;DEL01-MG;UOP03-DEL01-MG
628622;16/09/2024;segunda-feira;21:15:00;SE;101;111;ITAPORANGA DAJUDA;Ingestão de álcool pelo condutor;Tombamento;Com Vítimas Feridas;Plena Noite;Decrescente;Céu Claro;Dupla;"Reta;Retorno Regulamentado";Não;1;0;0;1;0;0;1;1;-10,97659898;-37,28527603;SPRF-SE;DEL02-SE;UOP01-DEL02-SE
628625;16/09/2024;segunda-feira;19:30:00;SP;116;561;BARRA DO TURVO;Reação tardia ou ineficiente do condutor;Capotamento;Com Vítimas Feridas;Plena Noite;Crescente;Chuva;Dupla;Curva;Não;1;0;1;0;0;0;1;1;-25,02045097;-48,51586004;SPRF-SP;DEL05-SP;UOP02-DEL05-SP
628626;16/09/2024;segunda-feira;14:30:00;RJ;40;109;DUQUE DE CAXIAS;Ausência de reação do condutor;Tombamento;Com Vítimas Feridas;Pleno dia;Decrescente;Céu Claro;Dupla;Reta;Sim;1;0;1;0;0;0;1;1;-22,67374628;-43,28638368;SPRF-RJ;DEL01-RJ;UOP02-DEL01-RJ
628627;16/09/2024;segunda-feira;18:42:00;SC;116;114;SANTA CECILIA;Condutor deixou de manter distância do veículo da frente;Colisão traseira;Com Vítimas Feridas;Plena Noite;Crescente;Céu Claro;Simples;"Reta;Aclive";Não;2;0;1;0;1;0;1;2;-26,79459901;-50,34203704;SPRF-SC;DEL06-SC;UOP02-DEL06-SC
628628;16/09/2024;segunda-feira;22:30:00;RS;386;331;MARQUES DE SOUZA;Demais falhas mecânicas ou elétricas;Incêndio;Sem Vítimas;Plena Noite;Decrescente;Céu Claro;Dupla;Reta;Não;2;0;0;0;2;0;0;1;-29,355341;-52,069054;SPRF-RS;DEL04-RS;UOP01-DEL04-RS
628631;16/09/2024;segunda-feira;17:35:00;RS;116;40,3;VACARIA;Desrespeitar a preferência no cruzamento;Colisão transversal;Com Vítimas Feridas;Pleno dia;Decrescente;Céu Claro;Simples;"Reta;Retorno Regulamentado";Sim;2;0;1;0;1;0;1;2;-28,52126814;-50,94261646;SPRF-RS;DEL05-RS;UOP03-DEL05-RS
628632;16/09/2024;segunda-feira;22:20:00;CE;304;24;BEBERIBE;Animais na Pista;Saída de leito carroçável;Com Vítimas Feridas;Plena Noite;Decrescente;Céu Claro;Simples;Reta;Não;1;0;1;0;0;0;1;1;-4,58389838;-37,99552002;SPRF-CE;DEL03-CE;UOP03-DEL03-CE
628641;17/09/2024;terça-feira;06:00:00;ES;101;148,7;LINHARES;Ausência de reação do condutor;Colisão traseira;Com Vítimas Feridas;Pleno dia;Decrescente;Sol;Dupla;Reta;Sim;3;0;1;0;2;0;1;3;-19,38787399;-40,06752766;SPRF-ES;DEL04-ES;UOP01-DEL04-ES
628642;17/09/2024;terça-feira;05:45:00;PB;101;105;ALHANDRA;Reação tardia ou ineficiente do condutor;Colisão traseira;Sem Vítimas;Amanhecer;Crescente;Céu Claro;Simples;Aclive;Não;2;0;0;0;2;0;0;2;-7,30814609;-34,94344185;SPRF-PB;DEL01-PB;UOP02-DEL01-PB
628643;17/09/2024;terça-feira;06:46:00;SC;101;126;ITAJAI;Reação tardia ou ineficiente do condutor;Colisão traseira;Com Vítimas Feridas;Pleno dia;Decrescente;Nublado;Dupla;Curva;Sim;2;0;1;0;1;0;1;2;-26,95564404;-48,67978366;SPRF-SC;DEL04-SC;UOP04-DEL04-SC
628646;17/09/2024;terça-feira;05:10:00;SP;381;44;ATIBAIA;Ausência de reação do condutor;Tombamento;Com Vítimas Feridas;Pleno dia;Decrescente;Céu Claro;Simples;"Reta;Aclive";Sim;1;0;1;0;0;0;1;1;-23,16458615;-46,57418959;SPRF-SP;DEL03-SP;UOP01-DEL03-SP