id;data_inversa;dia_semana;horario;uf;br;km;municipio;causa_acidente;tipo_acidente;classificacao_acidente;fase_dia;sentido_via;condicao_metereologica;tipo_pista;tracado_via;uso_solo;pessoas;mortos;feridos_leves;feridos_graves;ilesos;ignorados;feridos;veiculos;latitude;longitude;regional;delegacia;uop
628647;16/09/2024;segunda-feira;23:10:00;MG;262;35,1;MANHUACU;Ingestão de álcool pelo condutor;Capotamento;Sem Vítimas;Plena Noite;Decrescente;Céu Claro;Simples;Declive;Não;1;0;0;0;0;1;0;1;-20,2592562;-42,01698194;SPRF-MG;DEL06-MG;UOP03-DEL06-MG
628649;17/09/2024;terça-feira;05:00:00;MG;262;672,7;IBIA;Animais na Pista;Atropelamento de Animal;Sem Vítimas;Plena Noite;Crescente;Céu Claro;Simples;"Curva;Aclive";Não;1;0;0;0;1;0;0;1;-19,54237917;-46,81612789;SPRF-MG;DEL08-MG;UOP01-DEL08-MG
628652;17/09/2024;terça-feira;07:10:00;PR;376;174,8;MARINGA;Acessar a via sem observar a presença dos outros veículos;Colisão transversal;Com Vítimas Feridas;Amanhecer;Decrescente;Céu Claro;Dupla;Interseção de Vias;Sim;2;0;0;1;1;0;1;2;-23,41430102;-51,94984299;SPRF-PR;DEL09-PR;UOP01-DEL09-PR
628653;17/09/2024;terça-feira;07:15:00;PR;376;1;APUCARANA;Acesso irregular;Colisão transversal;Sem Vítimas;Pleno dia;Crescente;Nublado;Simples;"Em Obras;Interseção de Vias;Declive";Sim;2;0;0;0;2;0;0;2;-23,57446705;-51,42462552;SPRF-PR;DEL07-PR;UOP03-DEL07-PR
628654;17/09/2024;terça-feira;07:20:00;DF;60;9,4;BRASILIA;Acessar a via sem observar a presença dos outros veículos;Colisão traseira;Com Vítimas Feridas;Pleno dia;Crescente;Céu Claro;Dupla;"Reta;Viaduto;Declive";Sim;2;0;1;0;1;0;1;2;-15,906293;-48,139965;SPRF-DF;DEL03-DF;UOP01-DEL03-DF
628655;17/09/2024;terça-feira;07:15:00;PB;230;12;JOAO PESSOA;Avarias e/ou desgaste excessivo no pneu;Tombamento;Com Vítimas Feridas;Pleno dia;Decrescente;Sol;Dupla;"Reta;Em Obras";Sim;2;0;2;0;0;0;2;1;-7,068;-34,85;SPRF-PB;DEL01-PB;UOP01-DEL01-PB
628656;17/09/2024;terça-feira;07:05:00;ES;101;352;GUARAPARI;Ausência de reação do condutor;Colisão traseira;Com Vítimas Feridas;Pleno dia;Crescente;Nublado;Simples;Reta;Não;2;0;1;0;0;1;1;2;-20,66934502;-40,66332593;SPRF-ES;DEL03-ES;UOP01-DEL03-ES
628657;17/09/2024;terça-feira;08:00:00;SP;116;222;GUARULHOS;Mal súbito do condutor;Colisão traseira;Com Vítimas Feridas;Pleno dia;Crescente;Céu Claro;Múltipla;Reta;Não;2;0;1;0;1;0;1;2;-23,47093408;-46,51631097;SPRF-SP;DEL01-SP;UOP01-DEL01-SP
628658;17/09/2024;terça-feira;07:25:00;RS;116;147,4;CAXIAS DO SUL;Reação tardia ou ineficiente do condutor;Colisão traseira;Com Vítimas Feridas;Pleno dia;Crescente;Céu Claro;Dupla;Reta;Sim;2;0;1;0;1;0;1;2;-29,14908014;-51,1429969;SPRF-RS;DEL05-RS;UOP01-DEL05-RS
628659;17/09/2024;terça-feira;07:30:00;SP;101;43;UBATUBA;Frear bruscamente;Tombamento;Com Vítimas Feridas;Pleno dia;Decrescente;Chuva;Simples;Rotatória;Sim;1;0;1;0;0;0;1;1;-23,41217537;-45,05739148;SPRF-SP;DEL06-SP;UOP01-DEL06-SP
628660;17/09/2024;terça-feira;07:00:00;ES;101;266;SERRA;Reação tardia ou ineficiente do condutor;Queda de ocupante de veículo;Com Vítimas Feridas;Pleno dia;Crescente;Céu Claro;Múltipla;Reta;Sim;1;0;1;0;0;0;1;1;-20,190199;-40,26828891;SPRF-ES;DEL02-ES;UOP01-DEL02-ES
628661;17/09/2024;terça-feira;07:20:00;PI;316;14;TERESINA;Acessar a via sem observar a presença dos outros veículos;Colisão transversal;Com Vítimas Feridas;Pleno dia;Decrescente;Sol;Múltipla;Retorno Regulamentado;Não;3;0;2;0;0;1;2;2;-5,21837815;-42,75257727;SPRF-PI;DEL01-PI;UOP02-DEL01-PI
628662;17/09/2024;terça-feira;07:40:00;SP;116;116,8;TAUBATE;Ultrapassagem Indevida;Colisão traseira;Com Vítimas Feridas;Pleno dia;Crescente;Céu Claro;Dupla;Reta;Não;2;0;0;1;1;0;1;2;-23,05376319;-45,6088049;SPRF-SP;DEL02-SP;UOP02-DEL02-SP
628664;17/09/2024;terça-feira;03:40:00;RO;429;71;ALVORADA DOESTE;Animais na Pista;Atropelamento de Animal;Sem Vítimas;Plena Noite;Decrescente;Nevoeiro/Neblina;Simples;Reta;Não;2;0;0;0;1;1;0;2;-11,22132834;-62,1609979;SPRF-RO;DEL02-RO;UOP03-DEL02-RO
628665;06/09/2024;sexta-feira;08:30:00;PE;101;46;IGARASSU;Condutor deixou de manter distância do veículo da frente;Colisão traseira;Com Vítimas Feridas;Pleno dia;Decrescente;Céu Claro;Múltipla;Reta;Não;3;0;1;0;0;2;1;2;-7,87406004;-34,90588126;SPRF-PE;DEL01-PE;UOP02-DEL01-PE
628666;17/09/2024;terça-feira;07:00:00;SC;101;11,3;GARUVA;Demais falhas mecânicas ou elétricas;Incêndio;Sem Vítimas;Amanhecer;Decrescente;Nublado;Dupla;Reta;Não;1;0;0;0;1;0;0;1;-26,07202503;-48,86100853;SPRF-SC;DEL03-SC;UOP01-DEL03-SC
628669;17/09/2024;terça-feira;08:00:00;PE;101;5,8;RECIFE;Reação tardia ou ineficiente do condutor;Colisão traseira;Com Vítimas Feridas;Pleno dia;Decrescente;Céu Claro;Múltipla;Reta;Sim;2;0;1;0;0;1;1;2;-8,07036;-34,951341;SPRF-PE;DEL01-PE;UOP02-DEL01-PE
628670;17/09/2024;terça-feira;06:47:00;MG;381;746,5;TRES CORACOES;Reação tardia ou ineficiente do condutor;Colisão com objeto;Sem Vítimas;Pleno dia;Decrescente;Céu Claro;Dupla;Curva;Não;2;0;0;0;2;0;0;1;-21,61762863;-45,25657797;SPRF-MG;DEL16-MG;UOP02-DEL16-MG
628671;16/09/2024;segunda-feira;23:00:00;AC;364;269;SENA MADUREIRA;Demais falhas mecânicas ou elétricas;Incêndio;Sem Vítimas;Plena Noite;Decrescente;Ignorado;Simples;Reta;Não;1;0;0;0;1;0;0;1;-9,0865141;-68,63238202;SPRF-AC;DEL01-AC;UOP01-DEL01-AC
628672;17/09/2024;terça-feira;07:50:00;RS;392;71,9;PELOTAS;Reação tardia ou ineficiente do condutor;Colisão transversal;Com Vítimas Fatais;Pleno dia;Crescente;Céu Claro;Simples;Reta;Não;2;1;0;0;1;0;0;2;-31,72790198;-52,38685478;SPRF-RS;DEL07-RS;UOP01-DEL07-RS
628673;17/09/2024;terça-feira;07:50:00;SP;116;288;ITAPECERICA DA SERRA;Ausência de reação do condutor;Colisão traseira;Com Vítimas Feridas;Pleno dia;Decrescente;Chuva;Dupla;Reta;Sim;2;0;1;0;1;0;1;2;-23,719254;-46,883144;SPRF-SP;DEL04-SP;UOP01-DEL04-SP
628674;17/09/2024;terça-feira;07:35:00;SC;101;213,3;PALHOCA;Acessar a via sem observar a presença dos outros veículos;Colisão transversal;Com Vítimas Feridas;Pleno dia;Decrescente;Céu Claro;Múltipla;"Reta;Interseção de Vias";Sim;3;0;1;0;2;0;1;2;-27,63697369;-48,66514142;SPRF-SC;DEL01-SC;UOP02-DEL01-SC
628679;17/09/2024;terça-feira;08:50:00;GO;153;495;GOIANIA;Ausência de reação do condutor;Colisão traseira;Com Vítimas Feridas;Pleno dia;Crescente;Céu Claro;Dupla;"Reta;Aclive";Não;2;0;1;0;1;0;1;2;-16,6681;-49,2263;SPRF-GO;DEL01-GO;UOP01-DEL01-GO
628681;17/09/2024;terça-feira;08:30:00;RJ;101;105;CAMPOS DOS GOYTACAZES;Condutor Dormindo;Saída de leito carroçável;Com Vítimas Feridas;Pleno dia;Crescente;Nublado;Dupla;Reta;Não;1;0;1;0;0;0;1;1;-21,919053;-41,616806;SPRF-RJ;DEL08-RJ;UOP02-DEL08-RJ
628684;17/09/2024;terça-feira;08:45:00;SP;116;279,5;EMBU DAS ARTES;Mal súbito do condutor;Tombamento;Com Vítimas Feridas;Pleno dia;Crescente;Céu Claro;Dupla;Reta;Não;1;0;1;0;0;0;1;1;-23,66233697;-46,85292907;SPRF-SP;DEL04-SP;UOP01-DEL04-SP
628685;17/09/2024;terça-feira;07:00:00;BA;101;259;SANTO ANTONIO DE JESUS;Acessar a via sem observar a presença dos outros veículos;Colisão transversal;Com Vítimas Feridas;Pleno dia;Decrescente;Céu Claro;Simples;"Reta;Retorno Regulamentado;Declive";Sim;2;0;1;0;1;0;1;2;-12,95605171;-39,26415682;SPRF-BA;DEL01-BA;UOP02-DEL01-BA
628686;17/09/2024;terça-feira;07:56:00;RO;364;711;PORTO VELHO;Condutor deixou de manter distância do veículo da frente;Engavetamento;Com Vítimas Feridas;Pleno dia;Crescente;Nublado;Dupla;Viaduto;Sim;4;0;3;0;1;0;3;3;-8,77773008;-63,87217283;SPRF-RO;DEL01-RO;UOP01-DEL01-RO
628687;13/09/2024;sexta-feira;12:18:00;SC;282;56,2;RANCHO QUEIMADO;Pista Escorregadia;Saída de leito carroçável;Com Vítimas Feridas;Pleno dia;Crescente;Chuva;Simples;"Curva;Declive";Não;1;0;1;0;0;0;1;1;-27,69031076;-48,99229222;SPRF-SC;DEL01-SC;UOP03-DEL01-SC
628688;17/09/2024;terça-feira;08:04:00;RJ;101;398;ITAGUAI;Acessar a via sem observar a presença dos outros veículos;Colisão transversal;Com Vítimas Feridas;Pleno dia;Decrescente;Nublado;Dupla;Curva;Sim;2;0;2;0;0;0;2;2;-22,863897;-43,753636;SPRF-RJ;DEL03-RJ;UOP01-DEL03-RJ
628690;17/09/2024;terça-feira;10:12:00;PB;230;21,5;JOAO PESSOA;Reação tardia ou ineficiente do condutor;Engavetamento;Com Vítimas Feridas;Pleno dia;Decrescente;Nublado;Dupla;Reta;Sim;5;0;2;0;3;0;2;3;-7,1430586;-34,85141516;SPRF-PB;DEL01-PB;UOP01-DEL01-PB
628692;17/09/2024;terça-feira;10:30:00;SP;116;162,9;JACAREI;Frear bruscamente;Tombamento;Com Vítimas Feridas;Pleno dia;Decrescente;Garoa/Chuvisco;Dupla;Reta;Não;1;0;1;0;0;0;1;1;-23,28133317;-45,98394689;SPRF-SP;DEL02-SP;UOP01-DEL02-SP
628693;17/09/2024;terça-feira;08:10:00;PR;376;180,3;MARINGA;Manobra de mudança de faixa;Colisão lateral mesmo sentido;Com Vítimas Feridas;Pleno dia;Decrescente;Céu Claro;Dupla;"Reta;Declive";Sim;2;0;1;0;0;1;1;2;-23,42725352;-51,89512271;SPRF-PR;DEL09-PR;UOP01-DEL09-PR
628694;17/09/2024;terça-feira;08:11:00;PR;376;180,3;MARINGA;Condutor deixou de manter distância do veículo da frente;Colisão traseira;Com Vítimas Feridas;Pleno dia;Decrescente;Sol;Dupla;"Declive;Viaduto;Reta";Sim;2;0;1;0;0;1;1;2;-23,42725352;-51,89512271;SPRF-PR;DEL09-PR;UOP01-DEL09-PR
628695;24/07/2024;quarta-feira;06:15:00;MG;267;61,9;BICAS;Transitar na contramão;Queda de ocupante de veículo;Com Vítimas Feridas;Pleno dia;Crescente;Nublado;Simples;Reta;Sim;2;0;0;1;0;1;1;2;-21,72573003;-43,05888101;SPRF-MG;DEL05-MG;UOP01-DEL05-MG
628696;17/09/2024;terça-feira;10:10:00;ES;101;52;SAO MATEUS;Demais falhas mecânicas ou elétricas;Tombamento;Com Vítimas Feridas;Pleno dia;Decrescente;Nublado;Simples;Declive;Não;2;0;1;0;1;0;1;1;-18,60327989;-39,88710063;SPRF-ES;DEL04-ES;UOP02-DEL04-ES
628698;17/09/2024;terça-feira;09:00:00;BA;116;696,5;JEQUIE;Velocidade Incompatível;Queda de ocupante de veículo;Com Vítimas Feridas;Pleno dia;Crescente;Sol;Simples;Curva;Não;1;0;1;0;0;0;1;1;-13,99324878;-40,17891829;SPRF-BA;DEL03-BA;UOP01-DEL03-BA
628699;17/09/2024;terça-feira;10:50:00;SC;101;208;SAO JOSE;Ausência de reação do condutor;Colisão traseira;Com Vítimas Feridas;Pleno dia;Crescente;Céu Claro;Dupla;"Reta;Aclive";Não;2;0;1;0;1;0;1;2;-27,60327979;-48,63201818;SPRF-SC;DEL01-SC;UOP01-DEL01-SC
628700;17/09/2024;terça-feira;07:30:00;RJ;465;20;NOVA IGUACU;Trafegar com motocicleta (ou similar) entre as faixas;Colisão frontal;Com Vítimas Feridas;Pleno dia;Decrescente;Céu Claro;Simples;Reta;Sim;2;0;1;0;1;0;1;2;-22,846828;-43,605339;SPRF-RJ;DEL06-RJ;UOP02-DEL06-RJ
628702;17/09/2024;terça-feira;11:15:00;PB;230;21,5;JOAO PESSOA;Reação tardia ou ineficiente do condutor;Colisão traseira;Sem Vítimas;Pleno dia;Crescente;Sol;Dupla;Reta;Sim;3;0;0;0;3;0;0;3;-7,1415;-34,8519;SPRF-PB;DEL01-PB;UOP01-DEL01-PB
628703;17/09/2024;terça-feira;10:50:00;RJ;116;177;SAO JOAO DE MERITI;Reação tardia ou ineficiente do condutor;Colisão traseira;Com Vítimas Feridas;Pleno dia;Decrescente;Garoa/Chuvisco;Dupla;Reta;Sim;3;0;1;0;2;0;1;2;-22,77496393;-43,40081465;SPRF-RJ;DEL06-RJ;UOP01-DEL06-RJ
628706;17/09/2024;terça-feira;10:53:00;GO;70;318;JUSSARA;Entrada inopinada do pedestre;Atropelamento de Pedestre;Com Vítimas Feridas;Pleno dia;Crescente;Céu Claro;Dupla;Reta;Sim;3;0;1;0;2;0;1;2;-15,8754572;-50,86828709;SPRF-GO;DEL04-GO;UOP02-DEL04-GO
628707;17/09/2024;terça-feira;10:55:00;MA;135;1,2;SAO LUIS;Entrada inopinada do pedestre;Colisão traseira;Com Vítimas Feridas;Pleno dia;Crescente;Sol;Dupla;Reta;Sim;2;0;1;0;1;0;1;2;-2,58917895;-44,24423719;SPRF-MA;DEL01-MA;UOP01-DEL01-MA
628709;17/09/2024;terça-feira;10:50:00;RS;290;102,9;PORTO ALEGRE;Demais falhas mecânicas ou elétricas;Tombamento;Com Vítimas Feridas;Pleno dia;Decrescente;Sol;Dupla;"Reta;Aclive";Não;2;0;0;2;0;0;2;1;-29,987228;-51,25613;SPRF-RS;DEL01-RS;UOP01-DEL01-RS
628711;17/09/2024;terça-feira;10:30:00;MG;356;270,2;MURIAE;Condutor deixou de manter distância do veículo da frente;Colisão lateral mesmo sentido;Sem Vítimas;Pleno dia;Crescente;Garoa/Chuvisco;Simples;Interseção de Vias;Não;2;0;0;0;2;0;0;2;-21,12596613;-42,32934259;SPRF-MG;DEL07-MG;UOP02-DEL07-MG
628714;17/09/2024;terça-feira;11:10:00;MG;116;688,5;MURIAE;Velocidade Incompatível;Colisão frontal;Com Vítimas Feridas;Pleno dia;Decrescente;Garoa/Chuvisco;Simples;"Curva;Declive";Não;4;0;2;1;1;0;3;3;-21,00463422;-42,36667213;SPRF-MG;DEL07-MG;UOP02-DEL07-MG
628715;17/09/2024;terça-feira;12:05:00;PR;369;156,1;LONDRINA;Condutor desrespeitou a iluminação vermelha do semáforo;Colisão transversal;Com Vítimas Fatais;Pleno dia;Decrescente;Céu Claro;Dupla;"Reta;Interseção de Vias;Retorno Regulamentado";Sim;6;1;1;1;1;2;2;4;-23,2914818;-51,2175803;SPRF-PR;DEL07-PR;UOP01-DEL07-PR
628716;21/06/2024;sexta-feira;17:40:00;MT;174;3;PONTES E LACERDA;Ausência de reação do condutor;Colisão traseira;Com Vítimas Feridas;Pleno dia;Crescente;Céu Claro;Simples;Reta;Sim;3;0;0;1;2;0;1;3;-15,24166564;-59,33458328;SPRF-MT;DEL03-MT;UOP01-DEL03-MT
628717;17/09/2024;terça-feira;09:54:00;RS;116;250;SAO LEOPOLDO;Condutor deixou de manter distância do veículo da frente;Tombamento;Com Vítimas Feridas;Pleno dia;Decrescente;Sol;Dupla;Reta;Sim;1;0;1;0;0;0;1;1;-29,79148798;-51,16399615;SPRF-RS;DEL01-RS;UOP02-DEL01-RS
628718;17/09/2024;terça-feira;12:00:00;GO;60;94;ANAPOLIS;Reação tardia ou ineficiente do condutor;Queda de ocupante de veículo;Com Vítimas Feridas;Pleno dia;Decrescente;Céu Claro;Dupla;Interseção de Vias;Sim;1;0;0;1;0;0;1;1;-16,3611;-48,9328;SPRF-GO;DEL02-GO;UOP01-DEL02-GO
628719;17/09/2024;terça-feira;11:05:00;RN;110;46,9;MOSSORO;Conversão proibida;Colisão transversal;Com Vítimas Feridas;Pleno dia;Decrescente;Céu Claro;Simples;Reta;Não;2;0;1;0;1;0;1;2;-5,22579384;-37,340046;SPRF-RN;DEL04-RN;UOP01-DEL04-RN
628720;17/09/2024;terça-feira;07:50:00;RJ;393;239;VASSOURAS;Ausência de reação do condutor;Tombamento;Com Vítimas Feridas;Pleno dia;Decrescente;Nublado;Simples;Reta;Não;2;0;2;0;0;0;2;1;-22,42806;-43,709346;SPRF-RJ;DEL05-RJ;UOP04-DEL05-RJ
628721;17/09/2024;terça-feira;11:50:00;MS;163;739;COXIM;Ingestão de álcool pelo condutor;Colisão traseira;Sem Vítimas;Pleno dia;Decrescente;Céu Claro;Simples;"Reta;Aclive";Não;2;0;0;0;2;0;0;2;-18,43652888;-54,69939724;SPRF-MS;DEL06-MS;UOP01-DEL06-MS
628722;17/09/2024;terça-feira;10:00:00;GO;153;523,3;HIDROLANDIA;Mal súbito do condutor;Saída de leito carroçável;Sem Vítimas;Pleno dia;Crescente;Céu Claro;Dupla;Reta;Não;1;0;0;0;1;0;0;1;-16,9113;-49,2534;SPRF-GO;DEL01-GO;UOP03-DEL01-GO
628723;17/09/2024;terça-feira;12:15:00;SE;101;88;NOSSA SENHORA DO SOCORRO;Condutor deixou de manter distância do veículo da frente;Colisão traseira;Com Vítimas Feridas;Pleno dia;Crescente;Céu Claro;Dupla;"Reta;Em Obras;Desvio Temporário";Sim;2;0;1;0;1;0;1;2;-10,8661121;-37,13485122;SPRF-SE;DEL01-SE;UOP01-DEL01-SE
628724;17/09/2024;terça-feira;12:50:00;RN;101;144;GOIANINHA;Reação tardia ou ineficiente do condutor;Saída de leito carroçável;Com Vítimas Feridas;Pleno dia;Crescente;Céu Claro;Dupla;Reta;Não;1;0;1;0;0;0;1;1;-6,244042;-35,21729;SPRF-RN;DEL01-RN;UOP01-DEL01-RN
628728;17/09/2024;terça-feira;13:00:00;PR;376;665,3;GUARATUBA;Pedestre andava na pista;Atropelamento de Pedestre;Com Vítimas Feridas;Pleno dia;Crescente;Nublado;Dupla;"Curva;Declive";Não;2;0;0;1;0;1;1;2;-25,86171;-48,950685;SPRF-PR;DEL01-PR;UOP04-DEL01-PR
628731;17/09/2024;terça-feira;13:30:00;SC;282;570;NOVA ERECHIM;Manobra de mudança de faixa;Colisão lateral mesmo sentido;Sem Vítimas;Pleno dia;Crescente;Céu Claro;Simples;Reta;Não;6;0;0;0;6;0;0;1;-26,89006;-52,93306;SPRF-SC;DEL07-SC;UOP02-DEL07-SC
628732;27/08/2024;terça-feira;17:25:00;MT;70;5;BARRA DO GARCAS;Acumulo de óleo sobre o pavimento;Tombamento;Com Vítimas Feridas;Pleno dia;Crescente;Céu Claro;Dupla;Reta;Sim;1;0;1;0;0;0;1;1;-15,87814789;-52,296134;SPRF-MT;DEL07-MT;UOP01-DEL07-MT
628734;17/09/2024;terça-feira;14:15:00;SC;101;205;SAO JOSE;Reação tardia ou ineficiente do condutor;Colisão traseira;Com Vítimas Feridas;Pleno dia;Crescente;Chuva;Dupla;Curva;Sim;2;0;1;0;1;0;1;2;-27,58313237;-48,61532885;SPRF-SC;DEL01-SC;UOP01-DEL01-SC
628735;17/09/2024;terça-feira;13:00:00;AL;101;64,5;MESSIAS;Reação tardia ou ineficiente do condutor;Saída de leito carroçável;Com Vítimas Feridas;Pleno dia;Decrescente;Céu Claro;Dupla;Curva;Não;2;0;2;0;0;0;2;1;-9,31533293;-35,83028732;SPRF-AL;DEL01-AL;UOP02-DEL01-AL
628736;17/09/2024;terça-feira;14:10:00;MG;381;505,5;BETIM;Ultrapassagem Indevida;Colisão lateral mesmo sentido;Com Vítimas Feridas;Pleno dia;Decrescente;Céu Claro;Múltipla;"Reta;Aclive";Não;3;0;0;2;1;0;2;2;-20,03741648;-44,2480588;SPRF-MG;DEL01-MG;UOP03-DEL01-MG
628737;17/09/2024;terça-feira;14:25:00;RJ;101;527;ANGRA DOS REIS;Acumulo de água sobre o pavimento;Colisão frontal;Com Vítimas Feridas;Pleno dia;Decrescente;Chuva;Simples;"Reta;Aclive";Não;2;0;0;2;0;0;2;2;-23,01862784;-44,49246402;SPRF-RJ;DEL03-RJ;UOP03-DEL03-RJ
628739;17/09/2024;terça-feira;14:30:00;SP;116;216;GUARULHOS;Afundamento ou ondulação no pavimento;Queda de ocupante de veículo;Com Vítimas Feridas;Pleno dia;Crescente;Nublado;Múltipla;Curva;Não;1;0;1;0;0;0;1;1;-23,45056589;-46,46258105;SPRF-SP;DEL01-SP;UOP01-DEL01-SP
628741;17/09/2024;terça-feira;14:45:00;SP;116;206;GUARULHOS;Reação tardia ou ineficiente do condutor;Queda de ocupante de veículo;Com Vítimas Feridas;Pleno dia;Crescente;Nublado;Múltipla;Reta;Sim;1;0;1;0;0;0;1;1;-23,41722629;-46,37510292;SPRF-SP;DEL01-SP;UOP01-DEL01-SP
628742;17/09/2024;terça-feira;08:30:00;DF;60;9,5;BRASILIA;Reação tardia ou ineficiente do condutor;Engavetamento;Com Vítimas Feridas;Pleno dia;Decrescente;Céu Claro;Dupla;"Reta;Desvio Temporário;Declive";Sim;4;0;1;0;3;0;1;3;-15,906293;-48,139965;SPRF-DF;DEL03-DF;UOP01-DEL03-DF
628743;17/09/2024;terça-feira;13:00:00;RJ;101;426;MANGARATIBA;Pista Escorregadia;Colisão frontal;Com Vítimas Feridas;Pleno dia;Decrescente;Chuva;Simples;Curva;Não;6;0;3;0;3;0;3;2;-22,92769078;-43,97265811;SPRF-RJ;DEL03-RJ;UOP02-DEL03-RJ
628744;17/09/2024;terça-feira;14:05:00;MG;50;102;UBERABA;Reação tardia ou ineficiente do condutor;Saída de leito carroçável;Com Vítimas Feridas;Pleno dia;Decrescente;Céu Claro;Dupla;"Reta;Aclive";Não;1;0;0;1;0;0;1;1;-19,15357015;-48,16546551;SPRF-MG;DEL15-MG;UOP01-DEL15-MG
628745;17/09/2024;terça-feira;13:40:00;RN;304;297;MACAIBA;Condutor deixou de manter distância do veículo da frente;Colisão traseira;Com Vítimas Feridas;Pleno dia;Crescente;Céu Claro;Dupla;Reta;Não;3;0;1;0;2;0;1;2;-5,86534101;-35,340694;SPRF-RN;DEL01-RN;UOP02-DEL01-RN
628746;17/09/2024;terça-feira;13:15:00;RS;153;49,8;ERECHIM;Acesso irregular;Colisão frontal;Com Vítimas Feridas;Pleno dia;Decrescente;Céu Claro;Simples;Reta;Sim;2;0;0;1;1;0;1;2;-27,65547849;-52,26876497;SPRF-RS;DEL08-RS;UOP04-DEL08-RS
628747;17/09/2024;terça-feira;15:15:00;RN;101;103;PARNAMIRIM;Ausência de reação do condutor;Colisão lateral mesmo sentido;Com Vítimas Feridas;Pleno dia;Decrescente;Céu Claro;Múltipla;Reta;Sim;2;0;1;0;1;0;1;2;-5,89034022;-35,24894996;SPRF-RN;DEL01-RN;UOP01-DEL01-RN
628752;17/09/2024;terça-feira;12:35:00;GO;60;100;ANAPOLIS;Transitar no Acostamento;Colisão traseira;Com Vítimas Feridas;Pleno dia;Crescente;Sol;Dupla;Reta;Sim;2;0;2;0;0;0;2;2;-16,40198987;-48,97552462;SPRF-GO;DEL02-GO;UOP01-DEL02-GO
628754;17/09/2024;terça-feira;14:57:00;PB;101;75;SANTA RITA;Acessar a via sem observar a presença dos outros veículos;Colisão traseira;Sem Vítimas;Pleno dia;Decrescente;Céu Claro;Dupla;"Curva;Declive";Não;3;0;0;0;2;1;0;2;-7,08626714;-34,96916485;SPRF-PB;DEL01-PB;UOP04-DEL01-PB
628756;17/09/2024;terça-feira;16:25:00;SC;101;278,7;IMBITUBA;Manobra de mudança de faixa;Tombamento;Com Vítimas Feridas;Pleno dia;Crescente;Céu Claro;Múltipla;"Reta;Declive";Não;2;0;2;0;0;0;2;1;-28,18217246;-48,69598746;SPRF-SC;DEL02-SC;UOP03-DEL02-SC
628757;17/09/2024;terça-feira;16:40:00;SP;101;51,6;UBATUBA;Conversão proibida;Colisão lateral mesmo sentido;Com Vítimas Feridas;Pleno dia;Crescente;Nublado;Simples;Interseção de Vias;Sim;2;0;1;0;1;0;1;2;-23,4623355;-45,06476561;SPRF-SP;DEL06-SP;UOP01-DEL06-SP
628759;17/09/2024;terça-feira;16:40:00;PB;101;98,8;CONDE;Reação tardia ou ineficiente do condutor;Colisão com objeto;Com Vítimas Feridas;Pleno dia;Decrescente;Nublado;Dupla;Reta;Sim;1;0;1;0;0;0;1;1;-7,24692282;-34,93113937;SPRF-PB;DEL01-PB;UOP02-DEL01-PB
628760;08/09/2024;domingo;00:40:00;GO;364;8,9;SAO SIMAO;Ingestão de álcool pelo condutor;Colisão com objeto;Sem Vítimas;Plena Noite;Crescente;Céu Claro;Simples;Reta;Sim;1;0;0;0;1;0;0;1;-19,00415;-50,555191;SPRF-GO;DEL05-GO;UOP02-DEL05-GO
628761;17/09/2024;terça-feira;15:45:00;SE;235;55;ITABAIANA;Ausência de reação do condutor;Colisão transversal;Com Vítimas Feridas;Pleno dia;Decrescente;Céu Claro;Simples;"Reta;Em Obras";Sim;2;0;0;1;1;0;1;2;-10,667386;-37,446014;SPRF-SE;DEL01-SE;UOP02-DEL01-SE
628764;17/09/2024;terça-feira;16:00:00;SC;101;240;PALHOCA;Velocidade Incompatível;Saída de leito carroçável;Com Vítimas Feridas;Pleno dia;Crescente;Céu Claro;Dupla;Reta;Não;1;0;0;1;0;0;1;1;-27,85825092;-48,64383119;SPRF-SC;DEL01-SC;UOP02-DEL01-SC
628765;17/09/2024;terça-feira;17:25:00;PB;230;24;JOAO PESSOA;Condutor deixou de manter distância do veículo da frente;Colisão traseira;Com Vítimas Feridas;Plena Noite;Decrescente;Céu Claro;Dupla;"Reta;Aclive;Viaduto";Sim;2;0;1;0;1;0;1;2;-7,16652077;-34,86340826;SPRF-PB;DEL01-PB;UOP01-DEL01-PB
628768;17/09/2024;terça-feira;17:10:00;SC;470;52,3;BLUMENAU;Ausência de reação do condutor;Colisão lateral mesmo sentido;Com Vítimas Feridas;Pleno dia;Decrescente;Céu Claro;Simples;"Reta;Em Obras;Interseção de Vias";Sim;2;0;1;0;1;0;1;2;-26,86553369;-49,09969211;SPRF-SC;DEL04-SC;UOP01-DEL04-SC
628770;17/09/2024;terça-feira;04:40:00;MG;40;521,5;RIBEIRAO DAS NEVES;Entrada inopinada do pedestre;Saída de leito carroçável;Com Vítimas Feridas;Plena Noite;Crescente;Céu Claro;Dupla;Reta;Não;1;0;1;0;0;0;1;1;-19,8638731;-44,06749809;SPRF-MG;DEL01-MG;UOP02-DEL01-MG
628771;17/09/2024;terça-feira;17:45:00;SP;116;1;GUARULHOS;Acesso irregular;Colisão lateral mesmo sentido;Com Vítimas Feridas;Plena Noite;Crescente;Céu Claro;Dupla;"Reta;Aclive";Sim;2;0;1;0;1;0;1;2;-23,463257;-46,53373;SPRF-SP;DEL01-SP;UOP01-DEL01-SP