id;data_inversa;dia_semana;horario;uf;br;km;municipio;causa_acidente;tipo_acidente;classificacao_acidente;fase_dia;sentido_via;condicao_metereologica;tipo_pista;tracado_via;uso_solo;pessoas;mortos;feridos_leves;feridos_graves;ilesos;ignorados;feridos;veiculos;latitude;longitude;regional;delegacia;uop
628774;17/09/2024;terça-feira;18:10:00;PB;230;23,5;JOAO PESSOA;Transitar na contramão;Colisão frontal;Com Vítimas Feridas;Plena Noite;Decrescente;Céu Claro;Dupla;"Declive;Interseção de Vias;Reta";Sim;2;0;1;1;0;0;2;2;-7,16416691;-34,86200327;SPRF-PB;DEL01-PB;UOP01-DEL01-PB
628775;17/09/2024;terça-feira;17:30:00;PR;369;145,3;LONDRINA;Reação tardia ou ineficiente do condutor;Colisão frontal;Com Vítimas Feridas;Anoitecer;Decrescente;Céu Claro;Dupla;Declive;Não;2;0;0;2;0;0;2;2;-23,29371243;-51,11509323;SPRF-PR;DEL07-PR;UOP01-DEL07-PR
628777;17/09/2024;terça-feira;17:46:00;SP;116;293;ITAPECERICA DA SERRA;Ausência de reação do condutor;Colisão com objeto;Sem Vítimas;Anoitecer;Crescente;Nublado;Dupla;Curva;Não;1;0;0;0;1;0;0;1;-23,75393807;-46,90168863;SPRF-SP;DEL04-SP;UOP01-DEL04-SP
628778;17/09/2024;terça-feira;17:50:00;RN;101;76;EXTREMOZ;Condutor deixou de manter distância do veículo da frente;Colisão traseira;Com Vítimas Feridas;Plena Noite;Decrescente;Céu Claro;Dupla;Reta;Sim;3;0;2;0;0;1;2;2;-5,72603024;-35,28461489;SPRF-RN;DEL02-RN;UOP01-DEL02-RN
628779;17/09/2024;terça-feira;17:50:00;AL;104;87,4;RIO LARGO;Deficiência do Sistema de Iluminação/Sinalização;Colisão transversal;Com Vítimas Feridas;Plena Noite;Crescente;Nublado;Dupla;Reta;Não;2;0;1;0;1;0;1;2;-9,47532901;-35,82160002;SPRF-AL;DEL01-AL;UOP01-DEL01-AL
628780;17/09/2024;terça-feira;18:04:00;CE;222;12,8;CAUCAIA;Condutor deixou de manter distância do veículo da frente;Colisão traseira;Com Vítimas Feridas;Plena Noite;Crescente;Céu Claro;Dupla;"Reta;Em Obras";Não;2;0;1;0;1;0;1;2;-3,76479979;-38,66897196;SPRF-CE;DEL01-CE;UOP01-DEL01-CE
628782;17/09/2024;terça-feira;15:30:00;RJ;116;198;QUEIMADOS;Ausência de reação do condutor;Colisão com objeto;Com Vítimas Feridas;Pleno dia;Decrescente;Chuva;Dupla;Reta;Não;2;0;1;1;0;0;2;1;-22,72952183;-43,57481597;SPRF-RJ;DEL06-RJ;UOP02-DEL06-RJ
628783;17/09/2024;terça-feira;18:26:00;PE;101;56;RECIFE;Entrada inopinada do pedestre;Atropelamento de Pedestre;Com Vítimas Feridas;Plena Noite;Decrescente;Céu Claro;Dupla;Reta;Sim;3;0;2;1;0;0;3;2;-7,9554509;-34,91140727;SPRF-PE;DEL01-PE;UOP02-DEL01-PE
628784;17/09/2024;terça-feira;18:00:00;RJ;40;110;DUQUE DE CAXIAS;Reação tardia ou ineficiente do condutor;Colisão traseira;Com Vítimas Feridas;Plena Noite;Decrescente;Garoa/Chuvisco;Dupla;Reta;Sim;2;0;1;0;1;0;1;2;-22,68289906;-43,28549346;SPRF-RJ;DEL01-RJ;UOP02-DEL01-RJ
628785;17/09/2024;terça-feira;18:57:00;PI;343;7,9;PARNAIBA;Ingestão de álcool pelo condutor;Colisão transversal;Com Vítimas Feridas;Plena Noite;Decrescente;Céu Claro;Simples;Reta;Sim;2;0;1;0;1;0;1;2;-2,898051;-41,714767;SPRF-PI;DEL05-PI;UOP01-DEL05-PI
628787;17/09/2024;terça-feira;18:40:00;CE;116;14;FORTALEZA;Ingestão de álcool pelo condutor;Queda de ocupante de veículo;Com Vítimas Feridas;Plena Noite;Decrescente;Céu Claro;Dupla;Reta;Sim;1;0;1;0;0;0;1;1;-3,8052014;-38,480947;SPRF-CE;DEL01-CE;UOP02-DEL01-CE
628788;17/09/2024;terça-feira;19:05:00;ES;101;289,7;CARIACICA;Manobra de mudança de faixa;Colisão lateral mesmo sentido;Com Vítimas Feridas;Plena Noite;Crescente;Céu Claro;Dupla;"Reta;Aclive";Não;2;0;1;0;1;0;1;2;-20,28029304;-40,39302931;SPRF-ES;DEL01-ES;UOP01-DEL01-ES
628790;17/09/2024;terça-feira;17:40:00;PR;376;590,8;CURITIBA;Condutor deixou de manter distância do veículo da frente;Colisão traseira;Com Vítimas Feridas;Anoitecer;Decrescente;Sol;Dupla;Reta;Não;2;0;1;0;1;0;1;2;-25,45155592;-49,36237578;SPRF-PR;DEL03-PR;UOP03-DEL03-PR
628791;13/09/2024;sexta-feira;17:00:00;RJ;116;189;QUEIMADOS;Manobra de mudança de faixa;Colisão traseira;Com Vítimas Feridas;Pleno dia;Crescente;Céu Claro;Dupla;Reta;Sim;2;0;0;1;1;0;1;2;-22,73765712;-43,49182298;SPRF-RJ;DEL06-RJ;UOP01-DEL06-RJ
628794;17/09/2024;terça-feira;20:20:00;RJ;116;178;BELFORD ROXO;Ausência de reação do condutor;Colisão traseira;Com Vítimas Feridas;Plena Noite;Crescente;Céu Claro;Dupla;Reta;Não;3;0;2;0;1;0;2;2;-22,77496393;-43,40081465;SPRF-RJ;DEL06-RJ;UOP01-DEL06-RJ
628795;17/09/2024;terça-feira;18:38:00;MA;10;279;IMPERATRIZ;Demais falhas mecânicas ou elétricas;Incêndio;Sem Vítimas;Plena Noite;Crescente;Céu Claro;Simples;Reta;Não;1;0;0;0;0;1;0;1;-5,295108;-47,499676;SPRF-MA;DEL04-MA;UOP01-DEL04-MA
628796;17/09/2024;terça-feira;19:30:00;PE;232;111,4;BEZERROS;Pedestre andava na pista;Atropelamento de Pedestre;Com Vítimas Fatais;Plena Noite;Crescente;Nublado;Dupla;"Reta;Aclive";Não;2;1;0;0;1;0;0;2;-8,2922971;-35,82419791;SPRF-PE;DEL02-PE;UOP02-DEL02PE
628798;17/09/2024;terça-feira;18:10:00;PR;153;18;JACAREZINHO;Acessar a via sem observar a presença dos outros veículos;Colisão transversal;Com Vítimas Feridas;Plena Noite;Crescente;Nublado;Simples;"Reta;Interseção de Vias";Sim;2;0;2;0;0;0;2;2;-23,14321582;-49,94911225;SPRF-PR;DEL07-PR;UOP04-DEL07-PR
628799;17/09/2024;terça-feira;20:20:00;SC;470;68,1;INDAIAL;Acessar a via sem observar a presença dos outros veículos;Colisão lateral mesmo sentido;Com Vítimas Feridas;Plena Noite;Crescente;Céu Claro;Dupla;Reta;Sim;2;0;1;0;1;0;1;2;-26,877615;-49,239231;SPRF-SC;DEL04-SC;UOP01-DEL04-SC
628800;17/09/2024;terça-feira;19:45:00;PR;376;167,7;MARINGA;Condutor deixou de manter distância do veículo da frente;Colisão lateral mesmo sentido;Sem Vítimas;Plena Noite;Decrescente;Céu Claro;Dupla;"Declive;Reta";Não;3;0;0;0;3;0;0;3;-23,40324167;-51,99632075;SPRF-PR;DEL09-PR;UOP01-DEL09-PR
628802;17/09/2024;terça-feira;20:30:00;RJ;393;139;SAPUCAIA;Reação tardia ou ineficiente do condutor;Tombamento;Com Vítimas Feridas;Plena Noite;Crescente;Chuva;Simples;"Curva;Declive";Não;1;0;1;0;0;0;1;1;-22,02376982;-42,9706192;SPRF-RJ;DEL05-RJ;UOP01-DEL05-RJ
628803;17/09/2024;terça-feira;19:30:00;PE;110;134;IBIMIRIM;Animais na Pista;Atropelamento de Animal;Com Vítimas Feridas;Plena Noite;Crescente;Céu Claro;Simples;Reta;Não;1;0;1;0;0;0;1;1;-8,50592369;-37,57889904;SPRF-PE;DEL04-PE;UOP02-DEL04-PE
628804;17/09/2024;terça-feira;18:50:00;MG;116;416;GOVERNADOR VALADARES;Acesso irregular;Colisão lateral mesmo sentido;Com Vítimas Feridas;Plena Noite;Crescente;Céu Claro;Simples;Reta;Sim;2;0;0;2;0;0;2;2;-18,905967;-41,942564;SPRF-MG;DEL06-MG;UOP01-DEL06-MG
628806;17/09/2024;terça-feira;19:41:00;BA;116;47;CHORROCHO;Animais na Pista;Atropelamento de Animal;Sem Vítimas;Plena Noite;Decrescente;Céu Claro;Simples;Reta;Não;2;0;0;0;2;0;0;1;-9,02359667;-39,17918934;SPRF-PE;DEL05-PE;UOP03-DEL05-PE
628807;17/09/2024;terça-feira;21:00:00;SC;470;135,8;RIO DO SUL;Conversão proibida;Colisão transversal;Com Vítimas Feridas;Plena Noite;Crescente;Céu Claro;Simples;Reta;Não;2;0;0;1;1;0;1;2;-27,188492;-49,61232;SPRF-SC;DEL04-SC;UOP02-DEL04-SC
628808;17/09/2024;terça-feira;19:40:00;PB;230;165;CAMPINA GRANDE;Ultrapassagem Indevida;Colisão frontal;Com Vítimas Fatais;Plena Noite;Decrescente;Céu Claro;Simples;"Curva;Declive";Não;5;1;2;2;0;0;4;2;-7,208648;-35,953494;SPRF-PB;DEL02-PB;UOP01-DEL02-PB
628809;17/09/2024;terça-feira;19:20:00;SC;116;25,5;ITAIOPOLIS;Ingestão de álcool pelo condutor;Saída de leito carroçável;Com Vítimas Feridas;Plena Noite;Decrescente;Nublado;Simples;"Reta;Declive";Não;1;0;1;0;0;0;1;1;-26,28051002;-49,92717199;SPRF-SC;DEL06-SC;UOP01-DEL06-SC
628810;17/09/2024;terça-feira;21:30:00;AL;104;55,8;MURICI;Animais na Pista;Atropelamento de Animal;Com Vítimas Feridas;Plena Noite;Decrescente;Céu Claro;Simples;Reta;Não;1;0;0;1;0;0;1;1;-9,28242102;-35,96280407;SPRF-AL;DEL01-AL;UOP02-DEL01-AL
628811;17/09/2024;terça-feira;20:20:00;RJ;116;172;SAO JOAO DE MERITI;Demais falhas mecânicas ou elétricas;Incêndio;Sem Vítimas;Plena Noite;Decrescente;Céu Claro;Dupla;Reta;Sim;1;0;0;0;1;0;0;1;-22,79990017;-43,35427618;SPRF-RJ;DEL06-RJ;UOP01-DEL06-RJ
628812;17/09/2024;terça-feira;19:10:00;RR;174;517;BOA VISTA;Animais na Pista;Atropelamento de Animal;Com Vítimas Feridas;Plena Noite;Decrescente;Céu Claro;Simples;Curva;Não;1;0;1;0;0;0;1;1;2,91367;-60,709248;SPRF-RR;DEL01-RR;UOP01-DEL01-RR
628813;17/09/2024;terça-feira;21:30:00;RS;290;89,2;PORTO ALEGRE;Ausência de reação do condutor;Saída de leito carroçável;Com Vítimas Feridas;Plena Noite;Crescente;Céu Claro;Dupla;Reta;Não;1;0;1;0;0;0;1;1;-29,967892;-51,147331;SPRF-RS;DEL01-RS;UOP01-DEL01-RS
628814;17/09/2024;terça-feira;21:25:00;RJ;116;296;BARRA MANSA;Transitar na contramão;Colisão com objeto;Com Vítimas Feridas;Plena Noite;Crescente;Céu Claro;Simples;Curva;Não;2;0;0;1;1;0;1;2;-22,45445333;-44,30210833;SPRF-RJ;DEL07-RJ;UOP02-DEL07-RJ
628819;17/09/2024;terça-feira;19:15:00;PR;272;418;JANIOPOLIS;Acessar a via sem observar a presença dos outros veículos;Atropelamento de Pedestre;Com Vítimas Feridas;Plena Noite;Decrescente;Céu Claro;Simples;Interseção de Vias;Sim;2;0;1;0;0;1;1;2;-24,13850647;-52,85450398;SPRF-PR;DEL09-PR;UOP03-DEL09-PR
628821;17/09/2024;terça-feira;18:20:00;RO;429;55;PRESIDENTE MEDICI;Acessar a via sem observar a presença dos outros veículos;Colisão traseira;Com Vítimas Feridas;Anoitecer;Decrescente;Nublado;Simples;Reta;Não;2;0;1;1;0;0;2;2;-11,20113706;-62,027091;SPRF-RO;DEL02-RO;UOP03-DEL02-RO
628822;17/09/2024;terça-feira;23:00:00;MG;116;421,9;ALPERCATA;Ausência de reação do condutor;Colisão transversal;Com Vítimas Feridas;Plena Noite;Crescente;Céu Claro;Simples;Retorno Regulamentado;Não;2;0;1;0;1;0;1;2;-18,93669975;-41,94751431;SPRF-MG;DEL06-MG;UOP01-DEL06-MG
628823;17/09/2024;terça-feira;21:40:00;MG;116;746,9;LEOPOLDINA;Velocidade Incompatível;Saída de leito carroçável;Com Vítimas Feridas;Plena Noite;Crescente;Nublado;Simples;Curva;Não;5;0;3;0;2;0;3;1;-21,43533637;-42,521552;SPRF-MG;DEL07-MG;UOP01-DEL07-MG
628824;17/09/2024;terça-feira;22:50:00;MG;50;72;UBERLANDIA;Ausência de reação do condutor;Tombamento;Com Vítimas Feridas;Plena Noite;Crescente;Céu Claro;Dupla;"Reta;Declive";Não;1;0;0;1;0;0;1;1;-18,901261;-48,238506;SPRF-MG;DEL15-MG;UOP01-DEL15-MG
628825;17/09/2024;terça-feira;19:13:00;MT;163;825,5;SINOP;Reação tardia ou ineficiente do condutor;Queda de ocupante de veículo;Com Vítimas Feridas;Plena Noite;Decrescente;Céu Claro;Simples;Reta;Sim;1;0;1;0;0;0;1;1;-12,076576;-55,51755392;SPRF-MT;DEL06-MT;UOP02-DEL06-MT
628828;17/09/2024;terça-feira;23:36:00;SP;116;149;SAO JOSE DOS CAMPOS;Reação tardia ou ineficiente do condutor;Eventos atípicos;Com Vítimas Feridas;Plena Noite;Decrescente;Céu Claro;Múltipla;Reta;Não;1;0;0;1;0;0;1;1;-23,20700047;-45,88626861;SPRF-SP;DEL02-SP;UOP01-DEL02-SP
628829;17/09/2024;terça-feira;20:25:00;RJ;465;21;NOVA IGUACU;Trafegar com motocicleta (ou similar) entre as faixas;Atropelamento de Pedestre;Com Vítimas Feridas;Plena Noite;Decrescente;Nublado;Simples;Reta;Sim;2;0;1;1;0;0;2;2;-22,854782;-43,601933;SPRF-RJ;DEL06-RJ;UOP02-DEL06-RJ
628830;17/09/2024;terça-feira;22:45:00;SC;101;414,7;ARARANGUA;Ingestão de álcool pelo condutor;Saída de leito carroçável;Com Vítimas Feridas;Plena Noite;Decrescente;Nublado;Dupla;Curva;Não;1;0;1;0;0;0;1;1;-28,95360392;-49,50985011;SPRF-SC;DEL02-SC;UOP02-DEL02-SC
628831;17/09/2024;terça-feira;23:25:00;RJ;101;314;SAO GONCALO;Reação tardia ou ineficiente do condutor;Colisão lateral mesmo sentido;Sem Vítimas;Plena Noite;Decrescente;Céu Claro;Dupla;Reta;Sim;2;0;0;0;2;0;0;2;-22,81648739;-43,07728467;SPRF-RJ;DEL02-RJ;UOP02-DEL02-RJ
628832;17/09/2024;terça-feira;23:40:00;AL;424;92;SATUBA;Condutor Dormindo;Capotamento;Com Vítimas Feridas;Plena Noite;Crescente;Céu Claro;Simples;Reta;Não;1;0;1;0;0;0;1;1;-9,59465662;-35,87911606;SPRF-AL;DEL02-AL;UOP01-DEL02-AL
628833;18/09/2024;quarta-feira;01:05:00;RJ;101;65;CAMPOS DOS GOYTACAZES;Ingestão de álcool pelo condutor;Colisão lateral mesmo sentido;Com Vítimas Feridas;Plena Noite;Decrescente;Nublado;Dupla;Reta;Não;3;0;2;0;1;0;2;1;-21,75371806;-41,344292;SPRF-RJ;DEL08-RJ;UOP02-DEL08-RJ
628838;18/09/2024;quarta-feira;03:00:00;SC;101;162;TIJUCAS;Condutor deixou de manter distância do veículo da frente;Colisão lateral mesmo sentido;Com Vítimas Feridas;Plena Noite;Decrescente;Céu Claro;Múltipla;Reta;Não;2;0;0;1;1;0;1;2;-27,22554009;-48,6279367;SPRF-SC;DEL04-SC;UOP03-DEL04-SC
628843;18/09/2024;quarta-feira;05:40:00;RN;101;83,5;NATAL;Condutor deixou de manter distância do veículo da frente;Colisão traseira;Com Vítimas Feridas;Pleno dia;Decrescente;Céu Claro;Dupla;Reta;Sim;2;0;1;0;1;0;1;2;-5,7710445;-35,26616981;SPRF-RN;DEL02-RN;UOP01-DEL02-RN
628846;18/09/2024;quarta-feira;04:50:00;RO;364;230,3;CACOAL;Animais na Pista;Atropelamento de Animal;Com Vítimas Feridas;Amanhecer;Crescente;Nublado;Simples;Reta;Não;3;0;2;1;0;0;3;1;-11,474418;-61,395668;SPRF-RO;DEL02-RO;UOP02-DEL02-RO
628848;18/09/2024;quarta-feira;06:20:00;MG;40;518;RIBEIRAO DAS NEVES;Trafegar com motocicleta (ou similar) entre as faixas;Colisão lateral mesmo sentido;Com Vítimas Feridas;Pleno dia;Crescente;Céu Claro;Dupla;Reta;Sim;3;0;2;0;1;0;2;2;-19,835453;-44,080195;SPRF-MG;DEL01-MG;UOP02-DEL01-MG
628849;18/09/2024;quarta-feira;07:05:00;RS;116;243,9;SAO LEOPOLDO;Reação tardia ou ineficiente do condutor;Colisão com objeto;Com Vítimas Feridas;Pleno dia;Decrescente;Céu Claro;Dupla;"Reta;Em Obras";Sim;1;0;1;0;0;0;1;1;-29,73562361;-51,14982619;SPRF-RS;DEL01-RS;UOP02-DEL01-RS
628850;17/09/2024;terça-feira;22:00:00;MT;364;441;VARZEA GRANDE;Deficiência do Sistema de Iluminação/Sinalização;Colisão traseira;Com Vítimas Feridas;Plena Noite;Decrescente;Nublado;Simples;Reta;Não;2;0;1;0;1;0;1;2;-15,61582121;-56,20582581;SPRF-MT;DEL01-MT;UOP02-DEL01-MT
628852;17/09/2024;terça-feira;19:30:00;RS;287;408;SANTIAGO;Reação tardia ou ineficiente do condutor;Saída de leito carroçável;Com Vítimas Feridas;Plena Noite;Crescente;Céu Claro;Simples;Reta;Não;1;0;1;0;0;0;1;1;-29,10307782;-54,91730804;SPRF-RS;DEL12-RS;UOP02-DEL12-RS
628853;18/09/2024;quarta-feira;06:10:00;SC;470;65,3;INDAIAL;Ausência de reação do condutor;Colisão traseira;Com Vítimas Feridas;Pleno dia;Decrescente;Garoa/Chuvisco;Simples;"Reta;Aclive";Sim;2;0;0;1;1;0;1;2;-26,870411;-49,211864;SPRF-SC;DEL04-SC;UOP01-DEL04-SC
628854;18/09/2024;quarta-feira;06:45:00;DF;20;17;BRASILIA;Trafegar com motocicleta (ou similar) entre as faixas;Colisão lateral mesmo sentido;Com Vítimas Feridas;Pleno dia;Decrescente;Céu Claro;Dupla;Reta;Sim;3;0;1;0;2;0;1;2;-15,621374;-47,71698;SPRF-DF;DEL02-DF;UOP01-DEL02-DF
628855;18/09/2024;quarta-feira;07:40:00;MG;40;518;RIBEIRAO DAS NEVES;Condutor deixou de manter distância do veículo da frente;Colisão traseira;Com Vítimas Feridas;Pleno dia;Crescente;Céu Claro;Dupla;Reta;Sim;3;0;2;0;1;0;2;2;-19,8321242;-44,08208533;SPRF-MG;DEL01-MG;UOP02-DEL01-MG
628856;18/09/2024;quarta-feira;07:10:00;RS;386;38,2;FREDERICO WESTPHALEN;Condutor deixou de manter distância do veículo da frente;Colisão traseira;Com Vítimas Feridas;Pleno dia;Decrescente;Céu Claro;Simples;Reta;Sim;3;0;2;0;1;0;2;2;-27,391367;-53,400776;SPRF-RS;DEL08-RS;UOP02-DEL08-RS
628859;18/09/2024;quarta-feira;07:47:00;DF;40;0;BRASILIA;Pedestre andava na pista;Atropelamento de Pedestre;Com Vítimas Feridas;Pleno dia;Crescente;Céu Claro;Dupla;Reta;Sim;3;0;2;0;1;0;2;3;-15,976897;-47,990129;SPRF-DF;DEL01-DF;UOP01-DEL01-DF
628860;18/09/2024;quarta-feira;07:45:00;PE;232;4;RECIFE;Ausência de reação do condutor;Colisão traseira;Com Vítimas Feridas;Pleno dia;Crescente;Céu Claro;Dupla;Viaduto;Sim;2;0;1;0;1;0;1;2;-8,064473;-34,936928;SPRF-PE;DEL01-PE;UOP01-DEL01-PE
628861;18/09/2024;quarta-feira;06:30:00;CE;222;217,9;SOBRAL;Acessar a via sem observar a presença dos outros veículos;Colisão transversal;Com Vítimas Feridas;Pleno dia;Crescente;Céu Claro;Simples;"Interseção de Vias;Reta";Não;3;0;1;1;0;1;2;2;-3,75648758;-40,30235011;SPRF-CE;DEL04-CE;UOP01-DEL04-CE
628862;18/09/2024;quarta-feira;07:10:00;GO;153;434;ANAPOLIS;Avarias e/ou desgaste excessivo no pneu;Tombamento;Com Vítimas Feridas;Pleno dia;Crescente;Céu Claro;Dupla;Reta;Sim;2;0;2;0;0;0;2;1;-16,275604;-48,967766;SPRF-GO;DEL02-GO;UOP01-DEL02-GO
628863;18/09/2024;quarta-feira;07:30:00;RN;101;103;PARNAMIRIM;Condutor deixou de manter distância do veículo da frente;Colisão traseira;Com Vítimas Feridas;Pleno dia;Crescente;Sol;Múltipla;Reta;Sim;2;0;1;0;1;0;1;2;-5,89034022;-35,24894996;SPRF-RN;DEL01-RN;UOP01-DEL01-RN
628864;18/09/2024;quarta-feira;07:40:00;PR;476;152,4;ARAUCARIA;Manobra de mudança de faixa;Colisão lateral mesmo sentido;Com Vítimas Feridas;Pleno dia;Decrescente;Garoa/Chuvisco;Dupla;"Reta;Interseção de Vias";Não;2;0;1;0;0;1;1;2;-25,57335878;-49,38730782;SPRF-PR;DEL01-PR;UOP06-DEL01-PR
628866;18/09/2024;quarta-feira;07:54:00;RN;304;296;MACAIBA;Acessar a via sem observar a presença dos outros veículos;Colisão transversal;Com Vítimas Feridas;Pleno dia;Crescente;Céu Claro;Simples;Reta;Sim;3;0;2;0;1;0;2;3;-5,86484905;-35,34931012;SPRF-RN;DEL01-RN;UOP02-DEL01-RN
628874;18/09/2024;quarta-feira;08:40:00;RJ;116;174;SAO JOAO DE MERITI;Manobra de mudança de faixa;Colisão traseira;Com Vítimas Feridas;Pleno dia;Crescente;Céu Claro;Múltipla;Reta;Não;2;0;0;1;1;0;1;2;-22,79423806;-43,36403759;SPRF-RJ;DEL06-RJ;UOP01-DEL06-RJ
628875;18/09/2024;quarta-feira;07:50:00;BA;101;171;SAO GONCALO DOS CAMPOS;Velocidade Incompatível;Colisão frontal;Com Vítimas Feridas;Pleno dia;Decrescente;Céu Claro;Simples;Reta;Sim;4;0;1;0;3;0;1;2;-12,519078;-38,970829;SPRF-BA;DEL01-BA;UOP03-DEL01-BA
628881;18/09/2024;quarta-feira;08:30:00;MG;381;479;CONTAGEM;Manobra de mudança de faixa;Colisão lateral mesmo sentido;Com Vítimas Feridas;Pleno dia;Decrescente;Céu Claro;Dupla;Reta;Sim;2;0;1;0;1;0;1;2;-19,95889605;-44,069202;SPRF-MG;DEL01-MG;UOP03-DEL01-MG
628882;18/09/2024;quarta-feira;08:40:00;DF;70;8;BRASILIA;Condutor deixou de manter distância do veículo da frente;Colisão lateral mesmo sentido;Com Vítimas Feridas;Pleno dia;Decrescente;Céu Claro;Dupla;Reta;Sim;2;0;1;0;1;0;1;2;-15,784966;-48,122108;SPRF-DF;DEL03-DF;UOP02-DEL03-DF
628886;18/09/2024;quarta-feira;09:25:00;ES;101;68,8;SAO MATEUS;Condutor deixou de manter distância do veículo da frente;Colisão traseira;Com Vítimas Feridas;Pleno dia;Decrescente;Nublado;Simples;Reta;Não;2;0;1;0;1;0;1;2;-18,726597;-39,85975;SPRF-ES;DEL04-ES;UOP02-DEL04-ES
628887;18/09/2024;quarta-feira;09:00:00;CE;116;3;FORTALEZA;Manobra de mudança de faixa;Colisão lateral mesmo sentido;Com Vítimas Feridas;Pleno dia;Crescente;Céu Claro;Múltipla;Reta;Sim;2;0;1;0;0;1;1;2;-3,77866493;-38,51490171;SPRF-CE;DEL01-CE;UOP02-DEL01-CE
628888;18/09/2024;quarta-feira;06:50:00;PB;230;462;SOUSA;Acumulo de areia ou detritos sobre o pavimento;Saída de leito carroçável;Com Vítimas Feridas;Pleno dia;Crescente;Céu Claro;Simples;Reta;Sim;1;0;1;0;0;0;1;1;-6,7768;-38,215;SPRF-PB;DEL03-PB;UOP03-DEL03-PB
628889;18/09/2024;quarta-feira;08:55:00;TO;153;334;GUARAI;Acessar a via sem observar a presença dos outros veículos;Colisão transversal;Sem Vítimas;Pleno dia;Crescente;Céu Claro;Dupla;Reta;Sim;2;0;0;0;2;0;0;2;-8,835718;-48,512123;SPRF-TO;DEL02-TO;UOP02-DEL02-TO
628890;18/09/2024;quarta-feira;09:15:00;RS;290;84;PORTO ALEGRE;Trafegar com motocicleta (ou similar) entre as faixas;Tombamento;Com Vítimas Feridas;Pleno dia;Crescente;Céu Claro;Múltipla;Reta;Não;1;0;1;0;0;0;1;1;-29,96505363;-51,10030694;SPRF-RS;DEL01-RS;UOP01-DEL01-RS
628891;18/09/2024;quarta-feira;09:00:00;MA;316;144,2;NOVA OLINDA DO MARANHAO;Transitar no Acostamento;Colisão transversal;Com Vítimas Feridas;Pleno dia;Crescente;Céu Claro;Simples;Reta;Sim;2;0;1;0;1;0;1;2;-2,799562;-45,706303;SPRF-MA;DEL02-MA;UOP02-DEL02-MA
628892;18/09/2024;quarta-feira;08:00:00;SP;116;435;REGISTRO;Chuva;Saída de leito carroçável;Com Vítimas Feridas;Pleno dia;Decrescente;Chuva;Dupla;Reta;Sim;1;0;1;0;0;0;1;1;-24,42978592;-47,78559107;SPRF-SP;DEL05-SP;UOP01-DEL05-SP
628894;18/09/2024;quarta-feira;09:00:00;SP;116;223;GUARULHOS;Manobra de mudança de faixa;Colisão lateral mesmo sentido;Com Vítimas Feridas;Pleno dia;Crescente;Céu Claro;Múltipla;Reta;Sim;4;0;2;0;2;0;2;4;-23,47559815;-46,5246609;SPRF-SP;DEL01-SP;UOP01-DEL01-SP
628895;18/09/2024;quarta-feira;08:20:00;SC;101;331,8;TUBARAO;Ausência de reação do condutor;Tombamento;Com Vítimas Feridas;Pleno dia;Crescente;Céu Claro;Múltipla;Viaduto;Sim;1;0;1;0;0;0;1;1;-28,45567521;-48,9812689;SPRF-SC;DEL02-SC;UOP01-DEL02-SC
628896;18/09/2024;quarta-feira;09:50:00;RN;304;293;MACAIBA;Avarias e/ou desgaste excessivo no pneu;Queda de ocupante de veículo;Com Vítimas Feridas;Pleno dia;Crescente;Sol;Dupla;Reta;Não;2;0;1;1;0;0;2;1;-5,86846237;-35,37602795;SPRF-RN;DEL01-RN;UOP02-DEL01-RN
628898;18/09/2024;quarta-feira;09:30:00;PR;116;39;CAMPINA GRANDE DO SUL;Reação tardia ou ineficiente do condutor;Saída de leito carroçável;Com Vítimas Feridas;Pleno dia;Crescente;Chuva;Dupla;"Curva;Declive";Não;1;0;1;0;0;0;1;1;-25,156168;-48,8613401;SPRF-PR;DEL01-PR;UOP02-DEL01-PR
628899;16/09/2024;segunda-feira;17:45:00;RJ;101;485;ANGRA DOS REIS;Pedestre - Ingestão de álcool/ substâncias psicoativas;Atropelamento de Pedestre;Com Vítimas Feridas;Anoitecer;Crescente;Nublado;Simples;Reta;Sim;2;0;1;0;1;0;1;2;-22,97965817;-44,2957074;SPRF-RJ;DEL03-RJ;UOP03-DEL03-RJ
628902;18/09/2024;quarta-feira;09:15:00;PR;369;56;BANDEIRANTES;Condutor desrespeitou a iluminação vermelha do semáforo;Colisão transversal;Com Vítimas Feridas;Pleno dia;Crescente;Nublado;Simples;"Reta;Declive";Sim;5;0;3;0;2;0;3;2;-23,109724;-50,371024;SPRF-PR;DEL07-PR;UOP05-DEL07-PR
628903;18/09/2024;quarta-feira;09:30:00;SC;101;100,2;BALNEARIO PICARRAS;Reação tardia ou ineficiente do condutor;Colisão com objeto;Com Vítimas Feridas;Pleno dia;Crescente;Nublado;Múltipla;Reta;Sim;1;0;0;1;0;0;1;1;-26,75482787;-48,68993675;SPRF-SC;DEL03-SC;UOP02-DEL03-SC
628904;18/09/2024;quarta-feira;09:00:00;PE;232;287,9;SERTANIA;Avarias e/ou desgaste excessivo no pneu;Capotamento;Com Vítimas Feridas;Pleno dia;Crescente;Céu Claro;Simples;"Reta;Ponte";Sim;1;0;0;1;0;0;1;1;-8,3202308;-37,34660286;SPRF-PE;DEL04-PE;UOP02-DEL04-PE
628905;18/09/2024;quarta-feira;08:30:00;MG;153;158,7;COMENDADOR GOMES;Transitar no Acostamento;Atropelamento de Pedestre;Com Vítimas Feridas;Pleno dia;Decrescente;Céu Claro;Simples;Aclive;Não;5;0;0;1;0;4;1;2;-19,64088879;-48,96764236;SPRF-MG;DEL13-MG;UOP02-DEL13-MG