id;data_inversa;dia_semana;horario;uf;br;km;municipio;causa_acidente;tipo_acidente;classificacao_acidente;fase_dia;sentido_via;condicao_metereologica;tipo_pista;tracado_via;uso_solo;pessoas;mortos;feridos_leves;feridos_graves;ilesos;ignorados;feridos;veiculos;latitude;longitude;regional;delegacia;uop
628906;18/09/2024;quarta-feira;10:25:00;RJ;101;418;ITAGUAI;Reação tardia ou ineficiente do condutor;Colisão traseira;Com Vítimas Feridas;Pleno dia;Crescente;Nublado;Simples;"Reta;Túnel";Não;4;0;2;0;2;0;2;2;-22,9178274;-43,90471593;SPRF-RJ;DEL03-RJ;UOP02-DEL03-RJ
628907;18/09/2024;quarta-feira;10:30:00;GO;50;303,5;CUMARI;Condutor Dormindo;Colisão com objeto;Com Vítimas Feridas;Pleno dia;Decrescente;Sol;Dupla;Reta;Não;1;0;1;0;0;0;1;1;-18,3521;-48,0368;SPRF-GO;DEL06-GO;UOP01-DEL06-GO
628909;17/09/2024;terça-feira;15:20:00;AC;307;185;CRUZEIRO DO SUL;Reação tardia ou ineficiente do condutor;Colisão traseira;Com Vítimas Feridas;Pleno dia;Crescente;Céu Claro;Simples;Reta;Não;2;0;2;0;0;0;2;2;-7,66709492;-72,64154792;SPRF-AC;DEL01-AC;UOP01-DEL01-AC
628910;18/09/2024;quarta-feira;11:40:00;SP;116;118,4;TAUBATE;Avarias e/ou desgaste excessivo no pneu;Queda de ocupante de veículo;Com Vítimas Feridas;Pleno dia;Crescente;Céu Claro;Dupla;Reta;Não;1;0;1;0;0;0;1;1;-23,06266296;-45,62665044;SPRF-SP;DEL02-SP;UOP02-DEL02-SP
628911;18/09/2024;quarta-feira;10:50:00;PE;101;82;RECIFE;Manobra de mudança de faixa;Colisão lateral mesmo sentido;Com Vítimas Feridas;Pleno dia;Crescente;Sol;Dupla;Reta;Não;2;0;1;0;0;1;1;2;-8,168383;-34,9376;SPRF-PE;DEL01-PE;UOP01-DEL01-PE
628912;18/09/2024;quarta-feira;11:15:00;PR;116;153;MANDIRITUBA;Acessar a via sem observar a presença dos outros veículos;Colisão transversal;Com Vítimas Feridas;Pleno dia;Crescente;Nublado;Simples;"Retorno Regulamentado;Reta";Sim;3;0;1;0;2;0;1;2;-25,83870564;-49,34314731;SPRF-PR;DEL01-PR;UOP03-DEL01-PR
628916;18/09/2024;quarta-feira;11:40:00;RS;285;315,8;PASSO FUNDO;Demais falhas mecânicas ou elétricas;Saída de leito carroçável;Com Vítimas Feridas;Pleno dia;Decrescente;Céu Claro;Simples;"Curva;Declive";Não;1;0;1;0;0;0;1;1;-28,249598;-52,581173;SPRF-RS;DEL08-RS;UOP03-DEL08-RS
628917;18/09/2024;quarta-feira;10:50:00;MG;354;732,3;POUSO ALTO;Velocidade Incompatível;Saída de leito carroçável;Com Vítimas Feridas;Pleno dia;Decrescente;Céu Claro;Simples;Curva;Não;2;0;1;0;1;0;1;1;-22,17405252;-44,96463776;SPRF-MG;DEL17-MG;UOP01-DEL17-MG
628919;18/09/2024;quarta-feira;12:10:00;PE;232;406;SERRA TALHADA;Reação tardia ou ineficiente do condutor;Colisão lateral mesmo sentido;Com Vítimas Feridas;Pleno dia;Decrescente;Céu Claro;Simples;"Reta;Aclive";Não;3;0;3;0;0;0;3;2;-7,98720861;-38,26249294;SPRF-PE;DEL04-PE;UOP01-DEL04-PE
628920;18/09/2024;quarta-feira;09:40:00;PR;376;407,8;TIBAGI;Ausência de reação do condutor;Saída de leito carroçável;Com Vítimas Feridas;Pleno dia;Decrescente;Nublado;Dupla;"Curva;Declive";Não;1;0;0;1;0;0;1;1;-24,64521802;-50,62349002;SPRF-PR;DEL03-PR;UOP02-DEL03-PR
628921;18/09/2024;quarta-feira;13:45:00;RS;392;352;SANTA MARIA;Acessar a via sem observar a presença dos outros veículos;Colisão transversal;Com Vítimas Feridas;Pleno dia;Decrescente;Céu Claro;Dupla;Reta;Sim;2;0;0;1;1;0;1;2;-29,71994248;-53,80775213;SPRF-RS;DEL09-RS;UOP01-DEL09-RS
628924;18/09/2024;quarta-feira;10:30:00;SP;116;155;SAO JOSE DOS CAMPOS;Transitar no Acostamento;Colisão lateral mesmo sentido;Com Vítimas Feridas;Pleno dia;Decrescente;Céu Claro;Múltipla;Reta;Sim;2;0;1;0;0;1;1;2;-23,24524337;-45,92772774;SPRF-SP;DEL02-SP;UOP01-DEL02-SP
628926;15/09/2024;domingo;08:40:00;RJ;116;140;DUQUE DE CAXIAS;Reação tardia ou ineficiente do condutor;Colisão lateral mesmo sentido;Sem Vítimas;Pleno dia;Decrescente;Sol;Dupla;Reta;Sim;2;0;0;0;2;0;0;2;-22,6466198;-43,21112001;SPRF-RJ;DEL01-RJ;UOP02-DEL01-RJ
628934;18/09/2024;quarta-feira;14:45:00;SP;116;219;GUARULHOS;Acumulo de areia ou detritos sobre o pavimento;Tombamento;Com Vítimas Feridas;Pleno dia;Decrescente;Céu Claro;Simples;Curva;Sim;3;0;2;0;1;0;2;1;-23,46143954;-46,48885316;SPRF-SP;DEL01-SP;UOP01-DEL01-SP
628935;18/09/2024;quarta-feira;14:40:00;MS;262;384;TERENOS;Acessar a via sem observar a presença dos outros veículos;Colisão transversal;Com Vítimas Feridas;Pleno dia;Crescente;Céu Claro;Simples;Interseção de Vias;Sim;2;0;1;0;1;0;1;2;-20,434864;-54,87231;SPRF-MS;DEL01-MS;UOP03-DEL01-MS
628936;18/09/2024;quarta-feira;14:10:00;PR;277;322;GUARAPUAVA;Retorno proibido;Colisão transversal;Com Vítimas Fatais;Pleno dia;Decrescente;Céu Claro;Dupla;Reta;Não;3;1;1;1;0;0;2;2;-25,373627;-51,301619;SPRF-PR;DEL08-PR;UOP01-DEL08-PR
628937;30/08/2024;sexta-feira;20:30:00;RN;110;113,3;UPANEMA;Demais falhas mecânicas ou elétricas;Incêndio;Sem Vítimas;Plena Noite;Decrescente;Céu Claro;Simples;Reta;Não;2;0;0;0;2;0;0;1;-5,734;-37,291;SPRF-RN;DEL04-RN;UOP01-DEL04-RN
628939;18/09/2024;quarta-feira;15:40:00;MG;262;622,3;IBIA;Demais falhas mecânicas ou elétricas;Incêndio;Sem Vítimas;Pleno dia;Decrescente;Céu Claro;Simples;"Aclive;Reta";Não;1;0;0;0;1;0;0;1;-19,58603464;-46,3879359;SPRF-MG;DEL08-MG;UOP02-DEL08-MG
628940;18/09/2024;quarta-feira;15:30:00;ES;101;264;SERRA;Acumulo de areia ou detritos sobre o pavimento;Queda de ocupante de veículo;Com Vítimas Feridas;Pleno dia;Crescente;Sol;Múltipla;Interseção de Vias;Sim;1;0;1;0;0;0;1;1;-20,17292791;-40,26736384;SPRF-ES;DEL02-ES;UOP01-DEL02-ES
628941;18/09/2024;quarta-feira;14:50:00;RS;287;388,6;SANTIAGO;Acessar a via sem observar a presença dos outros veículos;Colisão transversal;Com Vítimas Feridas;Pleno dia;Crescente;Sol;Simples;"Reta;Aclive";Não;3;0;2;0;1;0;2;2;-29,25195485;-54,82227086;SPRF-RS;DEL12-RS;UOP02-DEL12-RS
628942;18/09/2024;quarta-feira;14:50:00;SC;470;94;APIUNA;Transitar na contramão;Colisão frontal;Com Vítimas Feridas;Pleno dia;Decrescente;Nublado;Simples;Reta;Não;2;0;0;1;1;0;1;2;-27,003345;-49,374668;SPRF-SC;DEL04-SC;UOP01-DEL04-SC
628943;18/09/2024;quarta-feira;14:55:00;SP;116;98,5;PINDAMONHANGABA;Condutor Dormindo;Colisão com objeto;Com Vítimas Feridas;Pleno dia;Crescente;Céu Claro;Dupla;Declive;Não;1;0;1;0;0;0;1;1;-22,97805164;-45,45583318;SPRF-SP;DEL08-SP;UOP01-DEL08-SP
628944;18/09/2024;quarta-feira;16:15:00;SC;101;158;PORTO BELO;Transitar na contramão;Colisão lateral mesmo sentido;Com Vítimas Feridas;Pleno dia;Decrescente;Sol;Dupla;Reta;Sim;2;0;1;0;1;0;1;2;-27,19096301;-48,61259017;SPRF-SC;DEL04-SC;UOP03-DEL04-SC
628945;18/09/2024;quarta-feira;16:20:00;RS;158;554;SANTANA DO LIVRAMENTO;Avarias e/ou desgaste excessivo no pneu;Saída de leito carroçável;Com Vítimas Feridas;Pleno dia;Crescente;Céu Claro;Simples;"Reta;Declive";Não;2;0;1;0;1;0;1;1;-30,83995074;-55,40505902;SPRF-RS;DEL11-RS;UOP01-DEL11-RS
628947;18/09/2024;quarta-feira;15:50:00;PR;476;114,9;COLOMBO;Desrespeitar a preferência no cruzamento;Colisão transversal;Com Vítimas Fatais;Pleno dia;Crescente;Nublado;Simples;"Interseção de Vias;Rotatória;Reta;Retorno Regulamentado";Sim;2;1;0;0;1;0;0;2;-25,34323775;-49,15899223;SPRF-PR;DEL01-PR;UOP01-DEL01-PR
628949;18/09/2024;quarta-feira;16:00:00;DF;20;17;BRASILIA;Reação tardia ou ineficiente do condutor;Saída de leito carroçável;Com Vítimas Feridas;Pleno dia;Crescente;Céu Claro;Dupla;"Reta;Aclive";Sim;1;0;1;0;0;0;1;1;-15,621374;-47,71698;SPRF-DF;DEL02-DF;UOP01-DEL02-DF
628950;18/09/2024;quarta-feira;16:20:00;MG;40;524;CONTAGEM;Manobra de mudança de faixa;Colisão lateral mesmo sentido;Com Vítimas Feridas;Pleno dia;Decrescente;Céu Claro;Dupla;Reta;Sim;4;0;1;0;3;0;1;2;-19,8754469;-44,05345586;SPRF-MG;DEL01-MG;UOP02-DEL01-MG
628951;18/09/2024;quarta-feira;16:50:00;SC;101;209,3;SAO JOSE;Demais falhas mecânicas ou elétricas;Tombamento;Com Vítimas Feridas;Pleno dia;Decrescente;Céu Claro;Múltipla;Reta;Sim;2;0;2;0;0;0;2;1;-27,61000542;-48,63895057;SPRF-SC;DEL01-SC;UOP01-DEL01-SC
628952;18/09/2024;quarta-feira;16:10:00;MG;116;694,6;MURIAE;Manobra de mudança de faixa;Colisão lateral mesmo sentido;Com Vítimas Feridas;Pleno dia;Decrescente;Céu Claro;Simples;"Aclive;Reta";Não;4;0;2;0;1;1;2;3;-21,053206;-42,36836908;SPRF-MG;DEL07-MG;UOP02-DEL07-MG
628953;18/09/2024;quarta-feira;16:35:00;ES;101;238,5;FUNDAO;Transitar na contramão;Colisão lateral sentido oposto;Com Vítimas Feridas;Pleno dia;Decrescente;Céu Claro;Simples;Reta;Não;6;0;1;0;5;0;1;3;-20,00196;-40,41321;SPRF-ES;DEL02-ES;UOP01-DEL02-ES
628954;02/09/2024;segunda-feira;03:11:00;BA;324;575;SAO SEBASTIAO DO PASSE;Condutor Dormindo;Saída de leito carroçável;Com Vítimas Fatais;Plena Noite;Decrescente;Garoa/Chuvisco;Múltipla;Reta;Não;10;4;3;3;0;0;6;1;-12,57298496;-38,54513072;SPRF-BA;DEL01-BA;UOP01-DEL01-BA
628955;18/09/2024;quarta-feira;16:00:00;PR;153;105,5;IBAITI;Acessar a via sem observar a presença dos outros veículos;Colisão transversal;Com Vítimas Feridas;Pleno dia;Crescente;Nublado;Simples;Reta;Não;3;0;2;0;1;0;2;2;-23,81776632;-50,18093348;SPRF-PR;DEL07-PR;UOP04-DEL07-PR
628957;18/09/2024;quarta-feira;17:38:00;PB;230;21,8;JOAO PESSOA;Trafegar com motocicleta (ou similar) entre as faixas;Colisão lateral mesmo sentido;Com Vítimas Feridas;Anoitecer;Decrescente;Céu Claro;Dupla;Reta;Sim;2;0;1;0;1;0;1;2;-7,1415;-34,8519;SPRF-PB;DEL01-PB;UOP01-DEL01-PB
628959;18/09/2024;quarta-feira;16:00:00;RJ;493;92;SEROPEDICA;Ausência de reação do condutor;Queda de ocupante de veículo;Com Vítimas Feridas;Pleno dia;Decrescente;Céu Claro;Dupla;Ponte;Não;2;0;0;1;0;1;1;2;-22,72489047;-43,712883;SPRF-RJ;DEL01-RJ;UOP03-DEL01-RJ
628961;18/09/2024;quarta-feira;16:40:00;PR;277;668,4;MEDIANEIRA;Manobra de mudança de faixa;Colisão lateral mesmo sentido;Com Vítimas Feridas;Pleno dia;Decrescente;Céu Claro;Dupla;Reta;Sim;3;0;1;1;0;1;2;2;-25,27063805;-54,06252597;SPRF-PR;DEL05-PR;UOP02-DEL05-PR
628962;18/09/2024;quarta-feira;17:35:00;CE;116;5;FORTALEZA;Condutor deixou de manter distância do veículo da frente;Colisão traseira;Com Vítimas Feridas;Anoitecer;Crescente;Céu Claro;Dupla;Reta;Sim;2;0;1;0;1;0;1;2;-3,79467116;-38,50772734;SPRF-CE;DEL01-CE;UOP02-DEL01-CE
628966;18/09/2024;quarta-feira;18:10:00;PR;369;139;IBIPORA;Pedestre cruzava a pista fora da faixa;Atropelamento de Pedestre;Com Vítimas Feridas;Anoitecer;Crescente;Céu Claro;Simples;Reta;Sim;2;0;1;0;1;0;1;2;-23,27736734;-51,0636767;SPRF-PR;DEL07-PR;UOP01-DEL07-PR
628969;18/09/2024;quarta-feira;17:30:00;PR;153;41,6;SANTO ANTONIO DA PLATINA;Pedestre cruzava a pista fora da faixa;Atropelamento de Pedestre;Com Vítimas Feridas;Anoitecer;Crescente;Céu Claro;Simples;"Interseção de Vias;Reta";Sim;2;0;1;0;1;0;1;2;-23,29512144;-50,06578041;SPRF-PR;DEL07-PR;UOP04-DEL07-PR
628970;18/09/2024;quarta-feira;18:15:00;ES;101;261;SERRA;Conversão proibida;Colisão transversal;Com Vítimas Feridas;Anoitecer;Decrescente;Céu Claro;Dupla;Aclive;Sim;2;0;0;1;1;0;1;2;-20,14854215;-40,27970926;SPRF-ES;DEL02-ES;UOP01-DEL02-ES
628971;18/09/2024;quarta-feira;18:00:00;BA;101;717;EUNAPOLIS;Reação tardia ou ineficiente do condutor;Colisão traseira;Com Vítimas Feridas;Anoitecer;Decrescente;Céu Claro;Dupla;Rotatória;Não;3;0;1;0;2;0;1;2;-16,36425513;-39,58091855;SPRF-BA;DEL09-BA;UOP01-DEL09-BA
628973;18/09/2024;quarta-feira;18:20:00;MG;365;752,5;ITUIUTABA;Acessar a via sem observar a presença dos outros veículos;Colisão transversal;Com Vítimas Feridas;Plena Noite;Crescente;Céu Claro;Simples;Interseção de Vias;Não;2;0;1;0;1;0;1;2;-18,947495;-49,45934;SPRF-MG;DEL15-MG;UOP03-DEL15-MG
628974;18/09/2024;quarta-feira;18:55:00;BA;242;886;LUIS EDUARDO MAGALHAES;Velocidade Incompatível;Tombamento;Com Vítimas Feridas;Plena Noite;Crescente;Céu Claro;Dupla;Reta;Não;1;0;1;0;0;0;1;1;-12,07230549;-45,65158394;SPRF-BA;DEL10-BA;UOP01-DEL10-BA
628975;18/09/2024;quarta-feira;18:00:00;PB;230;166,3;CAMPINA GRANDE;Acessar a via sem observar a presença dos outros veículos;Colisão transversal;Com Vítimas Feridas;Plena Noite;Crescente;Céu Claro;Simples;Reta;Sim;2;0;0;1;1;0;1;2;-7,197222;-35,955952;SPRF-PB;DEL02-PB;UOP02-DEL02-PB
628976;18/09/2024;quarta-feira;19:00:00;RS;290;91;PORTO ALEGRE;Ausência de reação do condutor;Colisão traseira;Com Vítimas Feridas;Plena Noite;Crescente;Céu Claro;Dupla;Reta;Sim;3;0;2;0;1;0;2;2;-29,96920237;-51,17125869;SPRF-RS;DEL01-RS;UOP01-DEL01-RS
628977;18/09/2024;quarta-feira;19:10:00;BA;116;11,9;VITORIA DA CONQUISTA;Conversão proibida;Colisão transversal;Com Vítimas Feridas;Plena Noite;Crescente;Nublado;Simples;Reta;Sim;2;0;1;0;1;0;1;2;-14,87577817;-40,87126493;SPRF-BA;DEL08-BA;UOP01-DEL08-BA
628978;18/09/2024;quarta-feira;18:45:00;PE;101;71;RECIFE;Ausência de reação do condutor;Queda de ocupante de veículo;Com Vítimas Feridas;Plena Noite;Decrescente;Nublado;Dupla;Reta;Não;2;0;0;2;0;0;2;1;-8,07663102;-34,94277871;SPRF-PE;DEL01-PE;UOP01-DEL01-PE
628981;18/09/2024;quarta-feira;19:15:00;SC;280;59,1;GUARAMIRIM;Reação tardia ou ineficiente do condutor;Colisão com objeto;Com Vítimas Feridas;Plena Noite;Decrescente;Nublado;Simples;"Curva;Em Obras;Desvio Temporário";Sim;1;0;0;1;0;0;1;1;-26,47525778;-49,03098916;SPRF-SC;DEL03-SC;UOP03-DEL03-SC
628982;18/09/2024;quarta-feira;19:20:00;SP;116;223;GUARULHOS;Trafegar com motocicleta (ou similar) entre as faixas;Colisão lateral mesmo sentido;Com Vítimas Feridas;Plena Noite;Crescente;Vento;Múltipla;Reta;Sim;2;0;1;0;1;0;1;2;-23,47559815;-46,5246609;SPRF-SP;DEL01-SP;UOP01-DEL01-SP
628987;18/09/2024;quarta-feira;19:30:00;PR;116;123,7;CURITIBA;Trafegar com motocicleta (ou similar) entre as faixas;Colisão lateral mesmo sentido;Com Vítimas Feridas;Anoitecer;Crescente;Garoa/Chuvisco;Dupla;Reta;Não;2;0;1;0;1;0;1;2;-25,61896984;-49,31692171;SPRF-PR;DEL01-PR;UOP03-DEL01-PR
628988;18/09/2024;quarta-feira;18:50:00;SC;101;265;PAULO LOPES;Desrespeitar a preferência no cruzamento;Colisão transversal;Com Vítimas Feridas;Plena Noite;Crescente;Céu Claro;Simples;Interseção de Vias;Não;2;0;1;0;1;0;1;2;-28,06354517;-48,71623278;SPRF-SC;DEL02-SC;UOP03-DEL02-SC
628991;18/09/2024;quarta-feira;20:10:00;RS;116;269;CANOAS;Manobra de mudança de faixa;Colisão lateral mesmo sentido;Com Vítimas Feridas;Plena Noite;Decrescente;Céu Claro;Dupla;Reta;Sim;2;0;1;0;1;0;1;2;-29,962069;-51,176015;SPRF-RS;DEL01-RS;UOP01-DEL01-RS
628993;18/09/2024;quarta-feira;20:00:00;SP;116;214;GUARULHOS;Reação tardia ou ineficiente do condutor;Colisão com objeto;Com Vítimas Feridas;Plena Noite;Crescente;Nublado;Múltipla;Reta;Sim;2;0;2;0;0;0;2;1;-23,44333014;-46,44531294;SPRF-SP;DEL01-SP;UOP01-DEL01-SP
628994;18/09/2024;quarta-feira;17:10:00;PE;428;186,9;PETROLINA;Pedestre cruzava a pista fora da faixa;Atropelamento de Pedestre;Com Vítimas Feridas;Pleno dia;Decrescente;Céu Claro;Dupla;Reta;Sim;2;0;1;0;1;0;1;2;-9,34807826;-40,47441248;SPRF-PE;DEL06-PE;UOP01-DEL06-PE
628995;09/07/2024;terça-feira;13:45:00;GO;153;506;APARECIDA DE GOIANIA;Ausência de reação do condutor;Queda de ocupante de veículo;Com Vítimas Feridas;Pleno dia;Crescente;Céu Claro;Dupla;Reta;Sim;1;0;1;0;0;0;1;1;-16,7633;-49,24;SPRF-GO;DEL01-GO;UOP01-DEL01-GO
628996;18/09/2024;quarta-feira;17:50:00;RJ;101;317;SAO GONCALO;Ausência de reação do condutor;Colisão traseira;Com Vítimas Feridas;Pleno dia;Decrescente;Céu Claro;Dupla;Reta;Não;2;0;1;0;1;0;1;2;-22,83707798;-43,09492006;SPRF-RJ;DEL02-RJ;UOP02-DEL02-RJ
628997;18/09/2024;quarta-feira;20:10:00;PI;343;2;TERESINA;Ausência de reação do condutor;Tombamento;Com Vítimas Feridas;Plena Noite;Decrescente;Garoa/Chuvisco;Múltipla;Reta;Sim;1;0;1;0;0;0;1;1;-5,089569;-42,802288;SPRF-PI;DEL01-PI;UOP01-DEL01-PI
628998;18/09/2024;quarta-feira;18:00:00;RJ;393;167;TRES RIOS;Ultrapassagem Indevida;Colisão frontal;Com Vítimas Feridas;Anoitecer;Crescente;Céu Claro;Dupla;Reta;Sim;2;0;0;1;1;0;1;2;-22,12222718;-43,16681927;SPRF-RJ;DEL05-RJ;UOP01-DEL05-RJ
628999;18/09/2024;quarta-feira;20:00:00;PR;476;172;CONTENDA;Reação tardia ou ineficiente do condutor;Colisão frontal;Com Vítimas Feridas;Plena Noite;Crescente;Céu Claro;Dupla;Reta;Sim;2;0;1;0;1;0;1;2;-25,68393347;-49,53167084;SPRF-PR;DEL01-PR;UOP06-DEL01-PR
629001;18/09/2024;quarta-feira;20:40:00;SE;235;5;NOSSA SENHORA DO SOCORRO;Avarias e/ou desgaste excessivo no pneu;Tombamento;Com Vítimas Feridas;Plena Noite;Crescente;Ignorado;Dupla;Reta;Não;2;0;2;0;0;0;2;1;-10,9041;-37,1278;SPRF-SE;DEL01-SE;UOP01-DEL01-SE
629002;18/09/2024;quarta-feira;13:15:00;MA;226;121;SENADOR ALEXANDRE COSTA;Manobra de mudança de faixa;Colisão lateral mesmo sentido;Com Vítimas Feridas;Pleno dia;Crescente;Sol;Simples;Reta;Não;2;0;0;1;1;0;1;2;-5,26499713;-43,82674497;SPRF-MA;DEL06-MA;UOP01-DEL06-MA
629003;18/09/2024;quarta-feira;16:40:00;BA;324;604;SIMOES FILHO;Condutor deixou de manter distância do veículo da frente;Colisão traseira;Com Vítimas Feridas;Pleno dia;Decrescente;Céu Claro;Dupla;Reta;Sim;2;0;1;0;1;0;1;2;-12,77978866;-38,41589628;SPRF-BA;DEL01-BA;UOP01-DEL01-BA
629004;18/09/2024;quarta-feira;20:00:00;PR;153;95,2;JAPIRA;Ingestão de álcool pelo condutor;Colisão lateral sentido oposto;Sem Vítimas;Plena Noite;Crescente;Céu Claro;Simples;Reta;Não;2;0;0;0;1;1;0;2;-23,73015023;-50,17832875;SPRF-PR;DEL07-PR;UOP04-DEL07-PR
629005;18/09/2024;quarta-feira;20:25:00;RS;116;265;CANOAS;Condutor deixou de manter distância do veículo da frente;Colisão traseira;Com Vítimas Feridas;Plena Noite;Decrescente;Céu Claro;Dupla;Interseção de Vias;Sim;2;0;1;0;1;0;1;2;-29,92342302;-51,17780944;SPRF-RS;DEL01-RS;UOP01-DEL01-RS
629007;18/09/2024;quarta-feira;20:50:00;SP;116;229;SAO PAULO;Acessar a via sem observar a presença dos outros veículos;Atropelamento de Pedestre;Com Vítimas Fatais;Plena Noite;Crescente;Nublado;Múltipla;Reta;Sim;2;1;0;0;0;1;0;2;-23,51291902;-46,57604698;SPRF-SP;DEL01-SP;UOP01-DEL01-SP
629008;18/09/2024;quarta-feira;17:40:00;SC;101;334;TUBARAO;Desrespeitar a preferência no cruzamento;Colisão lateral mesmo sentido;Com Vítimas Feridas;Pleno dia;Decrescente;Céu Claro;Múltipla;Interseção de Vias;Sim;2;0;1;0;1;0;1;2;-28,46971932;-49,01502013;SPRF-SC;DEL02-SC;UOP01-DEL02-SC
629009;18/09/2024;quarta-feira;20:30:00;RJ;116;298;PORTO REAL;Pedestre andava na pista;Atropelamento de Pedestre;Sem Vítimas;Plena Noite;Crescente;Nublado;Simples;Reta;Não;1;0;0;0;1;0;0;1;-22,45083254;-44,33823701;SPRF-RJ;DEL07-RJ;UOP02-DEL07-RJ
629010;18/09/2024;quarta-feira;21:15:00;SC;282;16;PALHOCA;Área urbana sem a presença de local apropriado para a travessia de pedestres;Atropelamento de Pedestre;Com Vítimas Feridas;Plena Noite;Crescente;Céu Claro;Simples;Reta;Sim;2;0;1;0;1;0;1;2;-27,658611;-48,681847;SPRF-SC;DEL01-SC;UOP02-DEL01-SC
629011;18/09/2024;quarta-feira;21:30:00;PE;408;98,3;SAO LOURENCO DA MATA;Condutor deixou de manter distância do veículo da frente;Colisão traseira;Com Vítimas Feridas;Plena Noite;Decrescente;Nublado;Dupla;Reta;Não;3;0;0;1;2;0;1;2;-8,038315;-35,030278;SPRF-PE;DEL01-PE;UOP01-DEL01-PE
629012;18/09/2024;quarta-feira;22:00:00;RS;116;265;CANOAS;Condutor desrespeitou a iluminação vermelha do semáforo;Colisão transversal;Com Vítimas Feridas;Plena Noite;Crescente;Céu Claro;Dupla;"Curva;Interseção de Vias;Viaduto";Sim;2;0;2;0;0;0;2;2;-29,92593996;-51,17815309;SPRF-RS;DEL01-RS;UOP01-DEL01-RS
629013;18/09/2024;quarta-feira;21:20:00;RJ;101;404,8;ITAGUAI;Entrada inopinada do pedestre;Atropelamento de Pedestre;Com Vítimas Feridas;Plena Noite;Crescente;Céu Claro;Dupla;Reta;Não;2;0;2;0;0;0;2;2;-22,86342703;-43,79642098;SPRF-RJ;DEL03-RJ;UOP01-DEL03-RJ
629014;18/09/2024;quarta-feira;22:10:00;RS;285;455,3;IJUI;Acessar a via sem observar a presença dos outros veículos;Colisão transversal;Com Vítimas Feridas;Plena Noite;Decrescente;Céu Claro;Simples;"Reta;Interseção de Vias";Sim;2;0;1;0;1;0;1;2;-28,38445351;-53,88776779;SPRF-RS;DEL10-RS;UOP01-DEL10-RS
629017;14/09/2024;sábado;10:20:00;BA;101;196;CACHOEIRA;Reação tardia ou ineficiente do condutor;Colisão traseira;Com Vítimas Feridas;Pleno dia;Crescente;Sol;Simples;Reta;Não;2;0;1;0;1;0;1;2;-12,550584;-38,979192;SPRF-BA;DEL01-BA;UOP03-DEL01-BA
629019;18/09/2024;quarta-feira;21:30:00;BA;116;485;RAFAEL JAMBEIRO;Conversão proibida;Colisão transversal;Com Vítimas Fatais;Plena Noite;Decrescente;Céu Claro;Dupla;Reta;Não;2;1;0;0;1;0;0;2;-12,52896304;-39,40894998;SPRF-BA;DEL02-BA;UOP01-DEL02-BA
629021;18/09/2024;quarta-feira;22:40:00;RJ;465;11;SEROPEDICA;Ausência de reação do condutor;Colisão traseira;Com Vítimas Feridas;Plena Noite;Crescente;Céu Claro;Simples;Reta;Sim;4;0;1;0;3;0;1;3;-22,784172;-43,656998;SPRF-RJ;DEL06-RJ;UOP02-DEL06-RJ
629022;18/09/2024;quarta-feira;18:40:00;RJ;101;333;RIO DE JANEIRO;Acessar a via sem observar a presença dos outros veículos;Colisão lateral mesmo sentido;Com Vítimas Feridas;Plena Noite;Decrescente;Céu Claro;Dupla;Reta;Sim;2;0;1;0;1;0;1;2;-22,87827816;-43,21053578;SPRF-RJ;DEL02-RJ;UOP01-DEL02-RJ
629023;18/09/2024;quarta-feira;22:35:00;PI;343;342;TERESINA;Desrespeitar a preferência no cruzamento;Colisão transversal;Com Vítimas Feridas;Plena Noite;Decrescente;Garoa/Chuvisco;Dupla;Rotatória;Sim;2;0;1;0;1;0;1;2;-5,08284;-42,750385;SPRF-PI;DEL01-PI;UOP01-DEL01-PI
629024;18/09/2024;quarta-feira;22:32:00;MS;163;486;CAMPO GRANDE;Ausência de reação do condutor;Colisão lateral mesmo sentido;Com Vítimas Feridas;Plena Noite;Decrescente;Céu Claro;Simples;Declive;Não;3;0;2;0;1;0;2;2;-20,4336361;-54,54376745;SPRF-MS;DEL01-MS;UOP02-DEL01-MS
629025;18/09/2024;quarta-feira;23:30:00;MG;381;492;BETIM;Ausência de reação do condutor;Colisão com objeto;Com Vítimas Feridas;Plena Noite;Crescente;Céu Claro;Dupla;Reta;Sim;1;0;1;0;0;0;1;1;-19,96124811;-44,16008234;SPRF-MG;DEL01-MG;UOP03-DEL01-MG
629026;18/09/2024;quarta-feira;22:00:00;AP;210;2,8;MACAPA;Ausência de reação do condutor;Colisão traseira;Sem Vítimas;Plena Noite;Crescente;Céu Claro;Simples;Reta;Sim;2;0;0;0;2;0;0;2;0,08688208;-51,08657598;SPRF-AP;DEL01-AP;UOP01-DEL01-AP
629028;18/09/2024;quarta-feira;21:30:00;MS;60;333,8;CAMPO GRANDE;Condutor Dormindo;Saída de leito carroçável;Com Vítimas Feridas;Plena Noite;Crescente;Céu Claro;Simples;Reta;Não;1;0;1;0;0;0;1;1;-20,36754798;-54,62903917;SPRF-MS;DEL01-MS;UOP02-DEL01-MS