id;data_inversa;dia_semana;horario;uf;br;km;municipio;causa_acidente;tipo_acidente;classificacao_acidente;fase_dia;sentido_via;condicao_metereologica;tipo_pista;tracado_via;uso_solo;pessoas;mortos;feridos_leves;feridos_graves;ilesos;ignorados;feridos;veiculos;latitude;longitude;regional;delegacia;uop
629151;19/09/2024;quinta-feira;09:15:00;AC;364;300;SENA MADUREIRA;Conversão proibida;Colisão traseira;Com Vítimas Feridas;Pleno dia;Crescente;Céu Claro;Simples;"Reta;Declive";Não;5;0;1;0;4;0;1;2;-8,99905387;-68,89375897;SPRF-AC;DEL01-AC;UOP01-DEL01-AC
629152;19/09/2024;quinta-feira;14:40:00;RS;158;243,4;JULIO DE CASTILHOS;Acessar a via sem observar a presença dos outros veículos;Colisão transversal;Com Vítimas Feridas;Pleno dia;Decrescente;Nublado;Simples;"Reta;Interseção de Vias";Não;4;0;2;0;2;0;2;2;-29,059824;-53,647113;SPRF-RS;DEL10-RS;UOP02-DEL10-RS
629153;19/09/2024;quinta-feira;12:50:00;RS;293;62,7;PIRATINI;Acessar a via sem observar a presença dos outros veículos;Colisão transversal;Com Vítimas Feridas;Pleno dia;Decrescente;Céu Claro;Simples;"Aclive;Interseção de Vias";Não;2;0;2;0;0;0;2;2;-31,70063312;-52,95959473;SPRF-RS;DEL07-RS;UOP01-DEL07-RS
629154;19/09/2024;quinta-feira;15:01:00;RJ;116;176;SAO JOAO DE MERITI;Avarias e/ou desgaste excessivo no pneu;Queda de ocupante de veículo;Com Vítimas Feridas;Pleno dia;Crescente;Céu Claro;Múltipla;Reta;Sim;2;0;1;1;0;0;2;1;-22,7839538;-43,38195488;SPRF-RJ;DEL06-RJ;UOP01-DEL06-RJ
629155;19/09/2024;quinta-feira;14:08:00;BA;110;6,8;PAULO AFONSO;Acessar a via sem observar a presença dos outros veículos;Colisão transversal;Com Vítimas Feridas;Pleno dia;Decrescente;Céu Claro;Simples;Aclive;Não;4;0;3;0;1;0;3;2;-9,50555005;-38,21663173;SPRF-BA;DEL07-BA;UOP01-DEL07-BA
629158;19/09/2024;quinta-feira;15:40:00;SP;116;217;GUARULHOS;Ausência de reação do condutor;Engavetamento;Com Vítimas Feridas;Pleno dia;Decrescente;Nublado;Múltipla;Declive;Sim;5;0;0;1;4;0;1;3;-23,45423824;-46,47119028;SPRF-SP;DEL01-SP;UOP01-DEL01-SP
629159;03/09/2024;terça-feira;19:30:00;MG;365;338;VARJAO DE MINAS;Ultrapassagem Indevida;Saída de leito carroçável;Com Vítimas Feridas;Anoitecer;Crescente;Céu Claro;Simples;"Aclive;Reta";Não;2;0;2;0;0;0;2;1;-18,30733942;-45,95871881;SPRF-MG;DEL10-MG;UOP01-DEL10-MG
629160;19/09/2024;quinta-feira;13:15:00;MT;70;522;VARZEA GRANDE;Transitar no Acostamento;Colisão transversal;Com Vítimas Feridas;Pleno dia;Crescente;Céu Claro;Simples;Reta;Não;2;0;1;0;1;0;1;2;-15,66293212;-56,18524958;SPRF-MT;DEL01-MT;UOP02-DEL01-MT
629161;19/09/2024;quinta-feira;16:00:00;RS;285;416,7;PANAMBI;Ultrapassagem Indevida;Colisão lateral mesmo sentido;Com Vítimas Feridas;Pleno dia;Decrescente;Céu Claro;Simples;Reta;Não;2;0;1;0;1;0;1;2;-28,349045;-53,511333;SPRF-RS;DEL10-RS;UOP01-DEL10-RS
629162;19/09/2024;quinta-feira;12:55:00;RJ;116;219;PARACAMBI;Reação tardia ou ineficiente do condutor;Colisão traseira;Com Vítimas Feridas;Pleno dia;Decrescente;Céu Claro;Dupla;Curva;Não;8;0;2;0;6;0;2;3;-22,698075;-43,765978;SPRF-RJ;DEL06-RJ;UOP02-DEL06-RJ
629165;19/09/2024;quinta-feira;14:15:00;GO;60;288;ACREUNA;Reação tardia ou ineficiente do condutor;Capotamento;Com Vítimas Feridas;Pleno dia;Decrescente;Céu Claro;Dupla;Reta;Não;1;0;1;0;0;0;1;1;-17,2861;-50,2592;SPRF-GO;DEL04-GO;UOP02-DEL04-GO
629166;19/09/2024;quinta-feira;16:00:00;PR;277;31;MORRETES;Velocidade Incompatível;Colisão com objeto;Com Vítimas Feridas;Pleno dia;Decrescente;Garoa/Chuvisco;Dupla;Reta;Não;1;0;1;0;0;0;1;1;-25,560102;-48,80735;SPRF-PR;DEL01-PR;UOP05-DEL01-PR
629167;19/09/2024;quinta-feira;16:20:00;SP;116;227;GUARULHOS;Ausência de reação do condutor;Colisão com objeto;Com Vítimas Feridas;Pleno dia;Crescente;Céu Claro;Múltipla;Reta;Sim;1;0;1;0;0;0;1;1;-23,49659264;-46,55648754;SPRF-SP;DEL01-SP;UOP01-DEL01-SP
629168;19/09/2024;quinta-feira;15:20:00;RJ;101;470;ANGRA DOS REIS;Ingestão de álcool pelo condutor;Colisão transversal;Com Vítimas Feridas;Pleno dia;Crescente;Céu Claro;Simples;Reta;Sim;2;0;0;1;1;0;1;2;-23,00442922;-44,23009579;SPRF-RJ;DEL03-RJ;UOP03-DEL03-RJ
629169;19/09/2024;quinta-feira;10:45:00;RJ;101;432;MANGARATIBA;Acessar a via sem observar a presença dos outros veículos;Colisão transversal;Com Vítimas Feridas;Pleno dia;Decrescente;Céu Claro;Simples;Reta;Sim;2;0;1;0;1;0;1;2;-22,93437472;-44,02919087;SPRF-RJ;DEL03-RJ;UOP02-DEL03-RJ
629171;19/09/2024;quinta-feira;15:20:00;RJ;116;121;MAGE;Demais falhas mecânicas ou elétricas;Saída de leito carroçável;Com Vítimas Feridas;Pleno dia;Decrescente;Céu Claro;Dupla;Reta;Não;1;0;1;0;0;0;1;1;-22,62881711;-43,04922889;SPRF-RJ;DEL04-RJ;UOP02-DEL04-RJ
629172;19/09/2024;quinta-feira;16:30:00;CE;116;8;FORTALEZA;Demais falhas mecânicas ou elétricas;Incêndio;Sem Vítimas;Pleno dia;Crescente;Céu Claro;Múltipla;Reta;Sim;1;0;0;0;1;0;0;1;-3,8192799;-38,50268337;SPRF-CE;DEL01-CE;UOP02-DEL01-CE
629173;19/09/2024;quinta-feira;16:30:00;MG;381;362;JOAO MONLEVADE;Suicídio (presumido);Incêndio;Com Vítimas Fatais;Pleno dia;Crescente;Céu Claro;Simples;Declive;Não;23;1;0;0;22;0;0;1;-19,85643939;-43,24280693;SPRF-MG;DEL03-MG;UOP01-DEL03-MG
629174;22/05/2024;quarta-feira;20:00:00;AC;364;139;RIO BRANCO;Manobra de mudança de faixa;Colisão lateral mesmo sentido;Com Vítimas Feridas;Plena Noite;Crescente;Céu Claro;Dupla;Rotatória;Sim;2;0;0;1;0;1;1;2;-9,95359291;-67,86119892;SPRF-AC;DEL01-AC;UOP01-DEL01-AC
629176;19/09/2024;quinta-feira;17:20:00;SP;116;104;TAUBATE;Ausência de reação do condutor;Engavetamento;Com Vítimas Feridas;Anoitecer;Crescente;Nublado;Dupla;Reta;Sim;6;0;2;0;4;0;2;4;-23,00340176;-45,50626912;SPRF-SP;DEL02-SP;UOP02-DEL02-SP
629177;19/09/2024;quinta-feira;16:10:00;MG;116;74;MEDINA;Condutor Dormindo;Saída de leito carroçável;Com Vítimas Feridas;Pleno dia;Decrescente;Céu Claro;Simples;Reta;Não;1;0;1;0;0;0;1;1;-16,23556;-41,47365;SPRF-MG;DEL11-MG;UOP02-DEL11-MG
629178;19/09/2024;quinta-feira;17:20:00;SP;381;48,8;ATIBAIA;Reação tardia ou ineficiente do condutor;Colisão traseira;Sem Vítimas;Pleno dia;Crescente;Nublado;Dupla;Reta;Não;2;0;0;0;2;0;0;2;-23,19720018;-46,58736556;SPRF-SP;DEL03-SP;UOP01-DEL03-SP
629179;19/09/2024;quinta-feira;18:10:00;RS;386;344,8;LAJEADO;Reação tardia ou ineficiente do condutor;Colisão traseira;Com Vítimas Feridas;Anoitecer;Decrescente;Nublado;Dupla;Reta;Sim;3;0;1;0;2;0;1;2;-29,439268;-51,993633;SPRF-RS;DEL04-RS;UOP01-DEL04-RS
629180;19/09/2024;quinta-feira;18:00:00;SC;470;70,5;INDAIAL;Reação tardia ou ineficiente do condutor;Colisão lateral mesmo sentido;Com Vítimas Feridas;Plena Noite;Decrescente;Nublado;Simples;"Reta;Em Obras;Desvio Temporário";Sim;2;0;1;0;1;0;1;2;-26,89339674;-49,25947666;SPRF-SC;DEL04-SC;UOP01-DEL04-SC
629181;19/09/2024;quinta-feira;18:00:00;SP;381;51;ATIBAIA;Reação tardia ou ineficiente do condutor;Colisão com objeto;Sem Vítimas;Anoitecer;Crescente;Nublado;Dupla;"Aclive;Reta";Não;1;0;0;0;1;0;0;1;-23,221911;-46,59644;SPRF-SP;DEL03-SP;UOP01-DEL03-SP
629182;19/09/2024;quinta-feira;13:30:00;PA;163;562;TRAIRAO;Transitar na contramão;Colisão frontal;Com Vítimas Feridas;Pleno dia;Crescente;Sol;Simples;Reta;Não;4;0;1;0;3;0;1;2;-5,10709729;-56,12305817;SPRF-PA;DEL05-PA;UOP03-DEL05-PA
629183;19/09/2024;quinta-feira;18:15:00;RS;392;7;RIO GRANDE;Transitar no Acostamento;Colisão transversal;Com Vítimas Feridas;Plena Noite;Crescente;Chuva;Simples;Reta;Não;2;0;1;0;1;0;1;2;-32,0849901;-52,10592673;SPRF-RS;DEL07-RS;UOP02-DEL07-RS
629184;19/09/2024;quinta-feira;18:00:00;RJ;116;191;NOVA IGUACU;Manobra de mudança de faixa;Colisão lateral mesmo sentido;Com Vítimas Feridas;Plena Noite;Decrescente;Céu Claro;Múltipla;Reta;Sim;2;0;1;0;1;0;1;2;-22,74421443;-43,509822;SPRF-RJ;DEL06-RJ;UOP01-DEL06-RJ
629185;19/09/2024;quinta-feira;17:40:00;PR;376;602;CURITIBA;Ausência de reação do condutor;Tombamento;Com Vítimas Feridas;Anoitecer;Decrescente;Nublado;Dupla;"Curva;Interseção de Vias";Sim;1;0;1;0;0;0;1;1;-25,54306101;-49,30752039;SPRF-PR;DEL01-PR;UOP06-DEL01-PR
629188;19/09/2024;quinta-feira;16:35:00;SP;116;61;GUARATINGUETA;Ausência de reação do condutor;Colisão traseira;Com Vítimas Feridas;Pleno dia;Crescente;Nublado;Dupla;"Reta;Em Obras";Sim;2;0;0;1;1;0;1;2;-22,79763613;-45,1674588;SPRF-SP;DEL08-SP;UOP01-DEL08-SP
629189;19/09/2024;quinta-feira;18:30:00;PE;232;12;JABOATAO DOS GUARARAPES;Iluminação deficiente;Queda de ocupante de veículo;Com Vítimas Feridas;Plena Noite;Decrescente;Céu Claro;Dupla;"Reta;Aclive";Não;1;0;1;0;0;0;1;1;-8,08577691;-35,00345603;SPRF-PE;DEL01-PE;UOP01-DEL01-PE
629192;19/09/2024;quinta-feira;16:30:00;PB;230;463;SOUSA;Acessar a via sem observar a presença dos outros veículos;Colisão transversal;Com Vítimas Feridas;Pleno dia;Decrescente;Céu Claro;Simples;Reta;Sim;2;0;2;0;0;0;2;2;-6,7783;-38,2256;SPRF-PB;DEL03-PB;UOP03-DEL03-PB
629195;19/09/2024;quinta-feira;18:10:00;PR;116;42;CAMPINA GRANDE DO SUL;Chuva;Saída de leito carroçável;Com Vítimas Feridas;Amanhecer;Crescente;Chuva;Dupla;Curva;Não;2;0;1;0;1;0;1;1;-25,17611697;-48,874256;SPRF-PR;DEL01-PR;UOP02-DEL01-PR
629196;19/09/2024;quinta-feira;17:40:00;SC;163;104,9;SAO JOSE DO CEDRO;Transitar na contramão;Colisão lateral sentido oposto;Com Vítimas Feridas;Pleno dia;Crescente;Céu Claro;Simples;"Rotatória;Reta";Sim;2;0;1;0;1;0;1;2;-26,45385604;-53,51042064;SPRF-SC;DEL07-SC;UOP03-DEL07-SC
629197;19/09/2024;quinta-feira;19:15:00;RJ;116;243;PIRAI;Pedestre andava na pista;Atropelamento de Pedestre;Com Vítimas Feridas;Pleno dia;Crescente;Nublado;Dupla;Reta;Sim;2;0;0;1;1;0;1;2;-22,63023454;-43,91033921;SPRF-RJ;DEL07-RJ;UOP01-DEL07-RJ
629198;19/09/2024;quinta-feira;17:10:00;MG;116;528,4;CARATINGA;Conversão proibida;Colisão lateral mesmo sentido;Com Vítimas Feridas;Pleno dia;Decrescente;Céu Claro;Simples;Interseção de Vias;Sim;2;0;1;0;1;0;1;2;-19,794033;-42,13731414;SPRF-MG;DEL06-MG;UOP02-DEL06-MG
629199;26/08/2024;segunda-feira;07:30:00;RJ;101;315;SAO GONCALO;Ausência de reação do condutor;Colisão lateral mesmo sentido;Com Vítimas Feridas;Pleno dia;Crescente;Céu Claro;Dupla;Reta;Sim;1;0;1;0;0;0;1;1;-22,82262092;-43,08460805;SPRF-RJ;DEL02-RJ;UOP02-DEL02-RJ
629200;19/09/2024;quinta-feira;19:50:00;RS;290;92;PORTO ALEGRE;Condutor deixou de manter distância do veículo da frente;Colisão traseira;Sem Vítimas;Plena Noite;Decrescente;Céu Claro;Dupla;Reta;Sim;2;0;0;0;2;0;0;2;-29,971916;-51,176838;SPRF-RS;DEL01-RS;UOP01-DEL01-RS
629201;19/09/2024;quinta-feira;12:50:00;SC;282;195;LAGES;Acessar a via sem observar a presença dos outros veículos;Colisão lateral mesmo sentido;Com Vítimas Feridas;Pleno dia;Decrescente;Garoa/Chuvisco;Simples;Reta;Não;3;0;2;0;1;0;2;2;-27,746756;-50,084789;SPRF-SC;DEL05-SC;UOP01-DEL05-SC
629202;19/09/2024;quinta-feira;18:40:00;SC;280;126,6;RIO NEGRINHO;Acessar a via sem observar a presença dos outros veículos;Colisão traseira;Com Vítimas Feridas;Plena Noite;Crescente;Chuva;Simples;"Declive;Interseção de Vias";Sim;5;0;0;1;4;0;1;2;-26,23779604;-49,49427399;SPRF-SC;DEL06-SC;UOP03-DEL06-SC
629203;19/09/2024;quinta-feira;19:00:00;SP;116;227;SAO PAULO;Transitar na contramão;Colisão transversal;Com Vítimas Feridas;Plena Noite;Crescente;Nublado;Múltipla;Reta;Não;2;0;0;1;1;0;1;2;-23,49659264;-46,55648754;SPRF-SP;DEL01-SP;UOP01-DEL01-SP
629204;19/09/2024;quinta-feira;17:10:00;CE;20;233;MADALENA;Demais falhas mecânicas ou elétricas;Incêndio;Sem Vítimas;Pleno dia;Crescente;Céu Claro;Simples;Reta;Não;1;0;0;0;1;0;0;1;-4,89311306;-39,60992367;SPRF-CE;DEL02-CE;UOP02-DEL02-CE
629205;19/09/2024;quinta-feira;19:28:00;DF;20;5;BRASILIA;Reação tardia ou ineficiente do condutor;Queda de ocupante de veículo;Com Vítimas Feridas;Plena Noite;Crescente;Céu Claro;Dupla;"Declive;Reta";Sim;1;0;1;0;0;0;1;1;-15,670546;-47,816044;SPRF-DF;DEL02-DF;UOP01-DEL02-DF
629206;19/09/2024;quinta-feira;19:30:00;SC;101;216;PALHOCA;Trafegar com motocicleta (ou similar) entre as faixas;Queda de ocupante de veículo;Com Vítimas Feridas;Plena Noite;Crescente;Chuva;Múltipla;"Viaduto;Reta;Declive";Sim;4;0;0;1;3;0;1;4;-27,65981409;-48,67747798;SPRF-SC;DEL01-SC;UOP02-DEL01-SC
629207;19/09/2024;quinta-feira;19:00:00;PE;104;31;TORITAMA;Ingestão de álcool pelo condutor;Colisão lateral sentido oposto;Sem Vítimas;Plena Noite;Decrescente;Céu Claro;Simples;Reta;Sim;5;0;0;0;5;0;0;2;-8,0208;-36,0528;SPRF-PE;DEL02-PE;UOP01-DEL02-PE
629208;19/09/2024;quinta-feira;19:00:00;MG;116;617;ORIZANIA;Animais na Pista;Atropelamento de Animal;Com Vítimas Feridas;Plena Noite;Decrescente;Nublado;Simples;Reta;Não;1;0;1;0;0;0;1;1;-20,47145115;-42,17948655;SPRF-MG;DEL07-MG;UOP02-DEL07-MG
629209;19/09/2024;quinta-feira;07:50:00;SC;470;72;INDAIAL;Ausência de reação do condutor;Colisão com objeto;Com Vítimas Feridas;Plena Noite;Decrescente;Garoa/Chuvisco;Dupla;"Reta;Declive";Não;3;0;2;1;0;0;3;1;-26,901979;-49,268745;SPRF-SC;DEL04-SC;UOP01-DEL04-SC
629210;19/09/2024;quinta-feira;11:40:00;SC;282;120;BOM RETIRO;Falta de elemento de contenção que evite a saída do leito carroçável;Saída de leito carroçável;Com Vítimas Feridas;Pleno dia;Decrescente;Nublado;Simples;Curva;Não;2;0;1;0;1;0;1;1;-27,792959;-49,415504;SPRF-SC;DEL05-SC;UOP01-DEL05-SC
629211;19/09/2024;quinta-feira;19:30:00;PE;408;104,1;JABOATAO DOS GUARARAPES;Reação tardia ou ineficiente do condutor;Colisão traseira;Sem Vítimas;Plena Noite;Decrescente;Nublado;Múltipla;Reta;Sim;2;0;0;0;2;0;0;2;-8,064443;-34,99006;SPRF-PE;DEL01-PE;UOP01-DEL01-PE
629212;19/09/2024;quinta-feira;16:50:00;RO;319;64;PORTO VELHO;Ultrapassagem Indevida;Queda de ocupante de veículo;Com Vítimas Feridas;Pleno dia;Crescente;Céu Claro;Dupla;"Reta;Retorno Regulamentado";Sim;1;0;1;0;0;0;1;1;-8,766685;-63,884052;SPRF-RO;DEL01-RO;UOP01-DEL01-RO
629213;19/09/2024;quinta-feira;18:15:00;MG;40;453;CAETANOPOLIS;Demais falhas mecânicas ou elétricas;Tombamento;Com Vítimas Feridas;Anoitecer;Crescente;Céu Claro;Dupla;Reta;Sim;1;0;1;0;0;0;1;1;-19,34189163;-44,35667832;SPRF-MG;DEL02-MG;UOP01-DEL02-MG
629216;19/09/2024;quinta-feira;19:15:00;MS;262;562,7;MIRANDA;Velocidade Incompatível;Saída de leito carroçável;Com Vítimas Fatais;Plena Noite;Crescente;Céu Claro;Simples;Reta;Não;2;1;0;1;0;0;1;1;-20,21854602;-56,40954601;SPRF-MS;DEL03-MS;UOP02-DEL03-MS
629217;19/09/2024;quinta-feira;20:40:00;RS;116;230;DOIS IRMAOS;Ultrapassagem Indevida;Colisão lateral mesmo sentido;Com Vítimas Feridas;Plena Noite;Decrescente;Nublado;Simples;"Aclive;Reta";Sim;3;0;0;1;2;0;1;2;-29,62222179;-51,13039371;SPRF-RS;DEL01-RS;UOP02-DEL01-RS
629218;19/09/2024;quinta-feira;20:35:00;BA;415;20;ILHEUS;Objeto estático sobre o leito carroçável;Queda de ocupante de veículo;Com Vítimas Feridas;Plena Noite;Crescente;Céu Claro;Dupla;Reta;Não;2;0;1;0;1;0;1;1;-14,8482;-39,281986;SPRF-BA;DEL05-BA;UOP01-DEL05-BA
629220;19/09/2024;quinta-feira;19:40:00;RJ;493;52;DUQUE DE CAXIAS;Reação tardia ou ineficiente do condutor;Saída de leito carroçável;Com Vítimas Feridas;Plena Noite;Crescente;Céu Claro;Dupla;Retorno Regulamentado;Não;2;0;1;0;1;0;1;1;-22,66560084;-43,32641959;SPRF-RJ;DEL01-RJ;UOP03-DEL01-RJ
629222;19/09/2024;quinta-feira;11:05:00;MA;230;406,4;BALSAS;Reação tardia ou ineficiente do condutor;Colisão transversal;Com Vítimas Feridas;Pleno dia;Decrescente;Céu Claro;Dupla;"Declive;Reta";Sim;2;0;1;0;1;0;1;2;-7,51971965;-46,05845601;SPRF-MA;DEL05-MA;UOP01-DEL05-MA
629223;19/09/2024;quinta-feira;21:00:00;BA;324;585;CANDEIAS;Demais falhas mecânicas ou elétricas;Incêndio;Sem Vítimas;Plena Noite;Decrescente;Ignorado;Dupla;Reta;Não;1;0;0;0;1;0;0;1;-12,63012705;-38,47968619;SPRF-BA;DEL01-BA;UOP01-DEL01-BA
629224;19/09/2024;quinta-feira;21:00:00;MS;60;426;SIDROLANDIA;Conversão proibida;Colisão lateral mesmo sentido;Com Vítimas Feridas;Plena Noite;Decrescente;Céu Claro;Dupla;"Reta;Retorno Regulamentado";Sim;4;0;1;0;3;0;1;2;-20,93616918;-54,96170372;SPRF-MS;DEL01-MS;UOP04-DEL01-MS
629225;19/09/2024;quinta-feira;20:45:00;PR;376;2,7;SAO JOSE DOS PINHAIS;Entrada inopinada do pedestre;Atropelamento de Pedestre;Com Vítimas Feridas;Plena Noite;Crescente;Nublado;Múltipla;Reta;Sim;2;0;0;1;1;0;1;2;-25,5307;-49,1958;SPRF-PR;DEL01-PR;UOP04-DEL01-PR
629226;19/09/2024;quinta-feira;20:00:00;PR;116;42;CAMPINA GRANDE DO SUL;Velocidade Incompatível;Colisão com objeto;Com Vítimas Feridas;Pleno dia;Crescente;Chuva;Simples;Curva;Não;1;0;1;0;0;0;1;1;-25,17611697;-48,874256;SPRF-PR;DEL01-PR;UOP02-DEL01-PR
629227;19/09/2024;quinta-feira;21:48:00;PE;101;69;RECIFE;Demais falhas mecânicas ou elétricas;Tombamento;Com Vítimas Feridas;Plena Noite;Crescente;Céu Claro;Dupla;Reta;Sim;2;0;0;1;0;1;1;1;-8,05951606;-34,94581024;SPRF-PE;DEL01-PE;UOP01-DEL01-PE
629229;19/09/2024;quinta-feira;19:20:00;RO;364;10;VILHENA;Acessar a via sem observar a presença dos outros veículos;Colisão transversal;Com Vítimas Feridas;Plena Noite;Decrescente;Céu Claro;Simples;Reta;Sim;2;0;1;0;1;0;1;2;-12,75194006;-60,10600907;SPRF-RO;DEL04-RO;UOP01-DEL04-RO
629230;19/09/2024;quinta-feira;22:20:00;PR;277;594,9;CASCAVEL;Ingestão de álcool pelo condutor;Colisão lateral mesmo sentido;Com Vítimas Feridas;Plena Noite;Crescente;Nublado;Simples;Curva;Sim;2;0;1;0;0;1;1;2;-24,9794792;-53,49232599;SPRF-PR;DEL04-PR;UOP01-DEL04-PR
629231;19/09/2024;quinta-feira;20:23:00;SP;116;145;SAO JOSE DOS CAMPOS;Reação tardia ou ineficiente do condutor;Colisão transversal;Com Vítimas Feridas;Plena Noite;Crescente;Céu Claro;Dupla;Reta;Sim;3;0;1;0;2;0;1;3;-23,1869844;-45,8548078;SPRF-SP;DEL02-SP;UOP01-DEL02-SP
629232;19/09/2024;quinta-feira;19:50:00;SC;163;79,2;GUARACIABA;Acumulo de areia ou detritos sobre o pavimento;Tombamento;Com Vítimas Feridas;Plena Noite;Crescente;Céu Claro;Simples;"Reta;Em Obras;Declive";Sim;2;0;2;0;0;0;2;1;-26,65911819;-53,51816757;SPRF-SC;DEL07-SC;UOP03-DEL07-SC
629233;19/09/2024;quinta-feira;20:30:00;RS;392;294;SAO SEPE;Ausência de reação do condutor;Saída de leito carroçável;Com Vítimas Feridas;Plena Noite;Crescente;Céu Claro;Simples;Reta;Não;1;0;1;0;0;0;1;1;-30,19790768;-53,5630364;SPRF-RS;DEL09-RS;UOP02-DEL09-RS
629234;19/09/2024;quinta-feira;17:34:00;PE;232;532;TERRA NOVA;Reação tardia ou ineficiente do condutor;Colisão traseira;Com Vítimas Feridas;Anoitecer;Crescente;Céu Claro;Simples;Reta;Não;7;0;1;0;5;1;1;3;-8,07751073;-39,33189201;SPRF-PE;DEL05-PE;UOP01-DEL05-PE
629236;19/09/2024;quinta-feira;20:00:00;SC;280;87;CORUPA;Demais falhas mecânicas ou elétricas;Incêndio;Sem Vítimas;Plena Noite;Crescente;Céu Claro;Simples;"Curva;Aclive";Não;1;0;0;0;1;0;0;1;-26,41501369;-49,25741675;SPRF-SC;DEL06-SC;UOP03-DEL06-SC
629237;19/09/2024;quinta-feira;18:00:00;MG;116;219;CATUJI;Afundamento ou ondulação no pavimento;Tombamento;Com Vítimas Feridas;Plena Noite;Decrescente;Céu Claro;Simples;Reta;Não;2;0;1;1;0;0;2;1;-17,39927496;-41,51977491;SPRF-MG;DEL11-MG;UOP01-DEL11-MG
629238;19/09/2024;quinta-feira;23:00:00;PR;116;165;QUITANDINHA;Ausência de reação do condutor;Saída de leito carroçável;Sem Vítimas;Plena Noite;Crescente;Céu Claro;Simples;Reta;Não;1;0;0;0;1;0;0;1;-25,87080844;-49,4587326;SPRF-PR;DEL01-PR;UOP03-DEL01-PR
629239;19/09/2024;quinta-feira;23:00:00;SC;101;206,7;SAO JOSE;Ingestão de álcool pelo condutor;Engavetamento;Sem Vítimas;Plena Noite;Crescente;Chuva;Múltipla;Reta;Sim;3;0;0;0;3;0;0;3;-27,59855;-48,621524;SPRF-SC;DEL01-SC;UOP01-DEL01-SC
629240;19/09/2024;quinta-feira;22:50:00;RS;116;488;TURUCU;Ingestão de álcool pelo condutor;Colisão frontal;Com Vítimas Feridas;Plena Noite;Crescente;Chuva;Simples;Reta;Não;2;0;2;0;0;0;2;2;-31,45150701;-52,20482999;SPRF-RS;DEL07-RS;UOP01-DEL07-RS
629241;18/08/2024;domingo;22:30:00;ES;262;104;VENDA NOVA DO IMIGRANTE;Acessar a via sem observar a presença dos outros veículos;Colisão transversal;Com Vítimas Feridas;Plena Noite;Decrescente;Céu Claro;Simples;Reta;Sim;2;0;1;0;1;0;1;2;-20,33302593;-41,12931881;SPRF-ES;DEL01-ES;UOP02-DEL01-ES
629242;19/09/2024;quinta-feira;23:21:00;SP;116;282;ITAPECERICA DA SERRA;Avarias e/ou desgaste excessivo no pneu;Colisão com objeto;Sem Vítimas;Plena Noite;Decrescente;Garoa/Chuvisco;Dupla;"Interseção de Vias;Reta";Não;1;0;0;0;1;0;0;1;-23,68570216;-46,85970975;SPRF-SP;DEL04-SP;UOP01-DEL04-SP
629243;20/09/2024;sexta-feira;00:15:00;RS;116;488,6;TURUCU;Chuva;Colisão com objeto;Com Vítimas Feridas;Plena Noite;Crescente;Chuva;Simples;Reta;Não;1;0;1;0;0;0;1;1;-31,45150701;-52,20482999;SPRF-RS;DEL07-RS;UOP01-DEL07-RS
629245;19/09/2024;quinta-feira;23:15:00;RJ;101;308;SAO GONCALO;Pedestre andava na pista;Atropelamento de Pedestre;Com Vítimas Fatais;Plena Noite;Decrescente;Céu Claro;Dupla;Reta;Sim;2;1;0;0;0;1;0;2;-22,79309326;-43,02479595;SPRF-RJ;DEL02-RJ;UOP02-DEL02-RJ
629246;19/09/2024;quinta-feira;20:50:00;MA;135;188,4;SAO MATEUS DO MARANHAO;Ausência de reação do condutor;Colisão com objeto;Com Vítimas Fatais;Plena Noite;Crescente;Céu Claro;Simples;Reta;Não;1;1;0;0;0;0;0;1;-4,09134203;-44,47293154;SPRF-MA;DEL03-MA;UOP01-DEL03-MA
629247;19/09/2024;quinta-feira;20:20:00;PR;116;22;ANTONINA;Chuva;Saída de leito carroçável;Com Vítimas Feridas;Plena Noite;Crescente;Chuva;Dupla;Curva;Não;3;0;2;0;1;0;2;1;-25,10922624;-48,74659689;SPRF-PR;DEL01-PR;UOP02-DEL01-PR
629250;20/09/2024;sexta-feira;00:30:00;PE;232;405;SERRA TALHADA;Reação tardia ou ineficiente do condutor;Saída de leito carroçável;Com Vítimas Feridas;Plena Noite;Decrescente;Céu Claro;Simples;Reta;Não;2;0;0;2;0;0;2;1;-7,98895584;-38,25355016;SPRF-PE;DEL04-PE;UOP01-DEL04-PE
629251;19/09/2024;quinta-feira;21:30:00;RS;290;665;URUGUAIANA;Pedestre andava na pista;Atropelamento de Pedestre;Com Vítimas Feridas;Plena Noite;Crescente;Nublado;Simples;Reta;Não;3;0;1;0;1;1;1;2;-29,969643;-56,560089;SPRF-RS;DEL13-RS;UOP01-DEL13-RS
629253;20/09/2024;sexta-feira;00:46:00;PE;104;112,2;PANELAS;Condutor Dormindo;Colisão frontal;Com Vítimas Feridas;Plena Noite;Decrescente;Céu Claro;Simples;Reta;Não;2;0;1;1;0;0;2;2;-8,63398;-36,015396;SPRF-PE;DEL02-PE;UOP03-DEL02-PE
629255;20/09/2024;sexta-feira;00:35:00;MG;381;940;EXTREMA;Pista Escorregadia;Saída de leito carroçável;Sem Vítimas;Plena Noite;Decrescente;Chuva;Dupla;Curva;Não;1;0;0;0;1;0;0;1;-22,85421396;-46,33740277;SPRF-MG;DEL16-MG;UOP03-DEL16-MG