id;data_inversa;dia_semana;horario;uf;br;km;municipio;causa_acidente;tipo_acidente;classificacao_acidente;fase_dia;sentido_via;condicao_metereologica;tipo_pista;tracado_via;uso_solo;pessoas;mortos;feridos_leves;feridos_graves;ilesos;ignorados;feridos;veiculos;latitude;longitude;regional;delegacia;uop
629371;27/07/2024;sábado;08:09:00;SC;101;132;BALNEARIO CAMBORIU;Condutor deixou de manter distância do veículo da frente;Colisão traseira;Com Vítimas Fatais;Amanhecer;Decrescente;Céu Claro;Dupla;"Viaduto;Reta;Declive";Sim;3;1;0;1;1;0;1;2;-26,996754;-48,654641;SPRF-SC;DEL04-SC;UOP03-DEL04-SC
629372;20/09/2024;sexta-feira;14:00:00;PR;277;74;SAO JOSE DOS PINHAIS;Ingestão de álcool pelo condutor;Colisão lateral mesmo sentido;Com Vítimas Feridas;Pleno dia;Crescente;Chuva;Dupla;Reta;Não;2;0;1;0;1;0;1;2;-25,51726115;-49,11540707;SPRF-PR;DEL01-PR;UOP07-DEL01-PR
629376;20/09/2024;sexta-feira;14:30:00;GO;153;516;APARECIDA DE GOIANIA;Ausência de reação do condutor;Saída de leito carroçável;Com Vítimas Fatais;Pleno dia;Crescente;Céu Claro;Dupla;Aclive;Não;1;1;0;0;0;0;0;1;-16,849003;-49,246808;SPRF-GO;DEL01-GO;UOP03-DEL01-GO
629378;20/09/2024;sexta-feira;14:00:00;PE;232;164,7;TACAIMBO;Demais falhas mecânicas ou elétricas;Incêndio;Sem Vítimas;Pleno dia;Crescente;Sol;Simples;"Reta;Aclive";Não;1;0;0;0;1;0;0;1;-8,33555885;-36,28935202;SPRF-PE;DEL03-PE;UOP02-DEL03-PE
629379;20/09/2024;sexta-feira;14:15:00;BA;135;169;BARREIRAS;Acessar a via sem observar a presença dos outros veículos;Colisão transversal;Com Vítimas Feridas;Pleno dia;Crescente;Céu Claro;Dupla;"Retorno Regulamentado;Reta";Não;5;0;1;0;4;0;1;2;-12,10262695;-44,97794151;SPRF-BA;DEL10-BA;UOP01-DEL10-BA
629381;20/09/2024;sexta-feira;11:50:00;RO;364;516;ARIQUEMES;Acessar a via sem observar a presença dos outros veículos;Colisão transversal;Com Vítimas Feridas;Pleno dia;Crescente;Céu Claro;Múltipla;Reta;Sim;2;0;0;2;0;0;2;2;-9,915961;-63,05532;SPRF-RO;DEL03-RO;UOP01-DEL03-RO
629382;20/09/2024;sexta-feira;13:50:00;RJ;116;178;NOVA IGUACU;Velocidade Incompatível;Colisão traseira;Com Vítimas Feridas;Pleno dia;Decrescente;Céu Claro;Múltipla;Reta;Sim;2;0;1;0;1;0;1;2;-22,7651616;-43,4154728;SPRF-RJ;DEL06-RJ;UOP01-DEL06-RJ
629384;20/09/2024;sexta-feira;14:30:00;PE;101;177;JOAQUIM NABUCO;Acessar a via sem observar a presença dos outros veículos;Colisão lateral mesmo sentido;Com Vítimas Feridas;Pleno dia;Crescente;Céu Claro;Dupla;Retorno Regulamentado;Não;2;0;0;1;1;0;1;2;-8,61465005;-35,5476602;SPRF-PE;DEL01-PE;UOP03-DEL01-PE
629385;20/09/2024;sexta-feira;15:25:00;PR;469;0;FOZ DO IGUACU;Chuva;Queda de ocupante de veículo;Com Vítimas Feridas;Pleno dia;Crescente;Chuva;Dupla;Rotatória;Sim;1;0;1;0;0;0;1;1;-25,57482439;-54,55190957;SPRF-PR;DEL05-PR;UOP04-DEL05-PR
629386;20/09/2024;sexta-feira;15:40:00;SC;101;203;SAO JOSE;Acumulo de água sobre o pavimento;Colisão com objeto;Com Vítimas Feridas;Pleno dia;Decrescente;Chuva;Múltipla;Reta;Não;1;0;1;0;0;0;1;1;-27,5650044;-48,61460082;SPRF-SC;DEL01-SC;UOP01-DEL01-SC
629387;20/09/2024;sexta-feira;15:55:00;PR;369;134;IBIPORA;Ausência de reação do condutor;Saída de leito carroçável;Com Vítimas Feridas;Pleno dia;Crescente;Nublado;Simples;"Declive;Reta";Não;1;0;0;1;0;0;1;1;-23,26161;-51,01668;SPRF-PR;DEL07-PR;UOP01-DEL07-PR
629388;20/09/2024;sexta-feira;15:30:00;PE;423;95;GARANHUNS;Acesso irregular;Colisão transversal;Com Vítimas Feridas;Pleno dia;Crescente;Céu Claro;Simples;Reta;Não;4;0;1;0;3;0;1;2;-8,8792555;-36,4850045;SPRF-PE;DEL03-PE;UOP01-DEL03-PE
629389;20/09/2024;sexta-feira;15:45:00;DF;20;25,4;BRASILIA;Velocidade Incompatível;Saída de leito carroçável;Com Vítimas Feridas;Pleno dia;Crescente;Céu Claro;Dupla;Curva;Não;3;0;1;0;2;0;1;1;-15,595603;-47,649715;SPRF-DF;DEL02-DF;UOP01-DEL02-DF
629391;20/09/2024;sexta-feira;14:50:00;SC;470;102;APIUNA;Ausência de reação do condutor;Saída de leito carroçável;Com Vítimas Feridas;Pleno dia;Crescente;Chuva;Simples;Reta;Não;2;0;0;1;1;0;1;1;-27,060822;-49,392761;SPRF-SC;DEL04-SC;UOP02-DEL04-SC
629394;20/09/2024;sexta-feira;15:30:00;SP;116;150;SAO JOSE DOS CAMPOS;Demais falhas mecânicas ou elétricas;Incêndio;Sem Vítimas;Pleno dia;Decrescente;Céu Claro;Dupla;Reta;Não;1;0;0;0;0;1;0;1;-23,21335525;-45,8930588;SPRF-SP;DEL02-SP;UOP01-DEL02-SP
629395;20/09/2024;sexta-feira;15:30:00;PR;277;115,8;CAMPO LARGO;Avarias e/ou desgaste excessivo no pneu;Saída de leito carroçável;Com Vítimas Fatais;Pleno dia;Decrescente;Chuva;Dupla;Curva;Sim;2;1;0;1;0;0;1;1;-25,43041215;-49,39663893;SPRF-PR;DEL03-PR;UOP03-DEL03-PR
629396;10/08/2024;sábado;14:46:00;TO;242;308;PEIXE;Velocidade Incompatível;Saída de leito carroçável;Com Vítimas Feridas;Pleno dia;Crescente;Céu Claro;Simples;Reta;Não;2;0;0;2;0;0;2;1;-12,11015893;-48,52987289;SPRF-TO;DEL01-TO;UOP02-DEL01-TO
629397;20/09/2024;sexta-feira;15:40:00;PR;476;154,7;ARAUCARIA;Entrada inopinada do pedestre;Atropelamento de Pedestre;Com Vítimas Feridas;Pleno dia;Crescente;Chuva;Múltipla;Reta;Sim;2;0;0;1;1;0;1;2;-25,584223;-49,401379;SPRF-PR;DEL01-PR;UOP06-DEL01-PR
629398;20/09/2024;sexta-feira;15:05:00;SP;116;58,9;GUARATINGUETA;Ausência de reação do condutor;Colisão traseira;Sem Vítimas;Pleno dia;Crescente;Sol;Múltipla;"Reta;Aclive";Sim;3;0;0;0;3;0;0;2;-22,78005511;-45,14572791;SPRF-SP;DEL08-SP;UOP01-DEL08-SP
629400;20/09/2024;sexta-feira;16:15:00;SC;101;207,8;SAO JOSE;Reação tardia ou ineficiente do condutor;Colisão traseira;Sem Vítimas;Pleno dia;Crescente;Nublado;Múltipla;"Declive;Reta";Sim;5;0;0;0;5;0;0;2;-27,60001226;-48,6226467;SPRF-SC;DEL01-SC;UOP01-DEL01-SC
629401;20/09/2024;sexta-feira;16:20:00;SC;101;145;ITAPEMA;Reação tardia ou ineficiente do condutor;Colisão traseira;Com Vítimas Feridas;Pleno dia;Crescente;Chuva;Dupla;Reta;Não;4;0;1;0;3;0;1;3;-27,08139206;-48,60130993;SPRF-SC;DEL04-SC;UOP03-DEL04-SC
629402;20/09/2024;sexta-feira;14:00:00;RJ;101;296;ITABORAI;Condutor deixou de manter distância do veículo da frente;Colisão traseira;Com Vítimas Feridas;Pleno dia;Decrescente;Céu Claro;Dupla;Reta;Sim;2;0;1;0;1;0;1;2;-22,7670498;-42,91019601;SPRF-RJ;DEL02-RJ;UOP02-DEL02-RJ
629406;20/09/2024;sexta-feira;14:30:00;BA;110;379;SAO SEBASTIAO DO PASSE;Ausência de reação do condutor;Saída de leito carroçável;Com Vítimas Feridas;Pleno dia;Crescente;Céu Claro;Simples;Curva;Não;1;0;1;0;0;0;1;1;-12,44136496;-38,47474858;SPRF-BA;DEL01-BA;UOP01-DEL01-BA
629409;20/09/2024;sexta-feira;07:20:00;RO;435;53;VILHENA;Ausência de reação do condutor;Colisão traseira;Com Vítimas Feridas;Amanhecer;Decrescente;Céu Claro;Simples;Reta;Não;2;0;1;0;1;0;1;2;-12,99506001;-60,40374672;SPRF-RO;DEL04-RO;UOP02-DEL04-RO
629410;20/09/2024;sexta-feira;14:30:00;PR;376;536;PALMEIRA;Acumulo de água sobre o pavimento;Saída de leito carroçável;Sem Vítimas;Pleno dia;Decrescente;Chuva;Dupla;Reta;Não;1;0;0;0;1;0;0;1;-25,387061;-49,802507;SPRF-PR;DEL03-PR;UOP03-DEL03-PR
629411;20/09/2024;sexta-feira;17:10:00;RJ;356;82;ITALVA;Ausência de reação do condutor;Colisão com objeto;Com Vítimas Feridas;Pleno dia;Decrescente;Céu Claro;Simples;Curva;Não;1;0;1;0;0;0;1;1;-21,47858937;-41,66140079;SPRF-RJ;DEL08-RJ;UOP03-DEL08-RJ
629412;20/09/2024;sexta-feira;17:00:00;PR;376;221,3;CAMBIRA;Reação tardia ou ineficiente do condutor;Colisão frontal;Com Vítimas Fatais;Pleno dia;Crescente;Nublado;Dupla;Curva;Não;3;1;0;1;1;0;1;3;-23,60010259;-51,58966138;SPRF-PR;DEL09-PR;UOP01-DEL09-PR
629414;20/09/2024;sexta-feira;17:15:00;SC;101;232;PALHOCA;Velocidade Incompatível;Colisão com objeto;Com Vítimas Feridas;Pleno dia;Crescente;Garoa/Chuvisco;Dupla;"Curva;Aclive";Não;2;0;1;0;1;0;1;1;-27,795666;-48,638153;SPRF-SC;DEL01-SC;UOP02-DEL01-SC
629415;20/09/2024;sexta-feira;14:30:00;MT;163;834;SINOP;Ingestão de álcool pelo condutor;Queda de ocupante de veículo;Com Vítimas Feridas;Pleno dia;Crescente;Céu Claro;Dupla;"Reta;Interseção de Vias;Rotatória";Sim;1;0;1;0;0;0;1;1;-11,894587;-55,504133;SPRF-MT;DEL06-MT;UOP02-DEL06-MT
629416;20/09/2024;sexta-feira;16:20:00;PE;101;57;PAULISTA;Manobra de mudança de faixa;Colisão lateral mesmo sentido;Com Vítimas Feridas;Plena Noite;Decrescente;Céu Claro;Dupla;Reta;Não;3;0;0;1;2;0;1;3;-7,96346213;-34,91513486;SPRF-PE;DEL01-PE;UOP02-DEL01-PE
629417;20/09/2024;sexta-feira;14:20:00;SC;280;126;RIO NEGRINHO;Transitar no Acostamento;Colisão lateral mesmo sentido;Com Vítimas Feridas;Pleno dia;Decrescente;Chuva;Simples;Reta;Não;2;0;1;0;1;0;1;2;-26,238;-49,497;SPRF-SC;DEL06-SC;UOP03-DEL06-SC
629418;20/09/2024;sexta-feira;17:20:00;AL;104;35,8;UNIAO DOS PALMARES;Acessar a via sem observar a presença dos outros veículos;Colisão transversal;Com Vítimas Feridas;Anoitecer;Decrescente;Céu Claro;Simples;"Reta;Interseção de Vias";Sim;2;0;1;0;1;0;1;2;-9,1616676;-36,01701171;SPRF-AL;DEL01-AL;UOP02-DEL01-AL
629419;20/09/2024;sexta-feira;16:30:00;MS;262;391,4;TERENOS;Reação tardia ou ineficiente do condutor;Saída de leito carroçável;Com Vítimas Fatais;Pleno dia;Decrescente;Chuva;Simples;Reta;Não;5;1;3;1;0;0;4;1;-20,42817045;-54,93762025;SPRF-MS;DEL01-MS;UOP03-DEL01-MS
629420;20/09/2024;sexta-feira;18:00:00;SC;101;192;BIGUACU;Reação tardia ou ineficiente do condutor;Colisão com objeto;Com Vítimas Feridas;Anoitecer;Crescente;Nublado;Dupla;Curva;Sim;4;0;2;0;2;0;2;1;-27,48443781;-48,64765238;SPRF-SC;DEL01-SC;UOP01-DEL01-SC
629421;20/09/2024;sexta-feira;13:30:00;SC;470;192;POUSO REDONDO;Ausência de reação do condutor;Colisão transversal;Com Vítimas Feridas;Pleno dia;Decrescente;Chuva;Dupla;Curva;Não;3;0;3;0;0;0;3;2;-27,293324;-50,078678;SPRF-SC;DEL04-SC;UOP02-DEL04-SC
629422;20/09/2024;sexta-feira;18:00:00;SC;101;217;PALHOCA;Trafegar com motocicleta (ou similar) entre as faixas;Colisão lateral mesmo sentido;Com Vítimas Feridas;Plena Noite;Crescente;Céu Claro;Dupla;Reta;Não;3;0;1;0;2;0;1;3;-27,66779034;-48,67393586;SPRF-SC;DEL01-SC;UOP02-DEL01-SC
629423;20/09/2024;sexta-feira;17:20:00;RS;290;44;GLORINHA;Ingestão de álcool pelo condutor;Saída de leito carroçável;Com Vítimas Feridas;Pleno dia;Crescente;Nublado;Dupla;Reta;Não;2;0;1;0;1;0;1;2;-29,889887;-50,699654;SPRF-RS;DEL03-RS;UOP01-DEL03-RS
629424;20/09/2024;sexta-feira;17:10:00;SC;282;49;AGUAS MORNAS;Pista Escorregadia;Saída de leito carroçável;Com Vítimas Feridas;Anoitecer;Crescente;Chuva;Simples;"Curva;Aclive";Não;2;0;2;0;0;0;2;1;-27,712931;-48,943741;SPRF-SC;DEL01-SC;UOP03-DEL01-SC
629425;20/09/2024;sexta-feira;16:50:00;MS;163;482;CAMPO GRANDE;Reação tardia ou ineficiente do condutor;Tombamento;Com Vítimas Feridas;Pleno dia;Decrescente;Céu Claro;Simples;Reta;Não;2;0;2;0;0;0;2;1;-20,46271123;-54,55411122;SPRF-MS;DEL01-MS;UOP02-DEL01-MS
629427;20/09/2024;sexta-feira;10:30:00;SC;116;302,9;CAPAO ALTO;Chuva;Saída de leito carroçável;Com Vítimas Feridas;Pleno dia;Crescente;Chuva;Simples;Reta;Não;1;0;1;0;0;0;1;1;-28,1756848;-50,69748402;SPRF-SC;DEL05-SC;UOP02-DEL05-SC
629428;20/09/2024;sexta-feira;17:30:00;MS;60;426;SIDROLANDIA;Manobra de mudança de faixa;Colisão lateral mesmo sentido;Com Vítimas Feridas;Pleno dia;Crescente;Céu Claro;Simples;"Reta;Interseção de Vias";Sim;2;0;1;0;1;0;1;2;-20,94357358;-54,96636086;SPRF-MS;DEL01-MS;UOP04-DEL01-MS
629429;20/09/2024;sexta-feira;17:40:00;RS;153;403;CACHOEIRA DO SUL;Acesso irregular;Colisão transversal;Com Vítimas Feridas;Anoitecer;Crescente;Céu Claro;Simples;"Reta;Interseção de Vias";Sim;4;0;3;1;0;0;4;2;-30,03550492;-52,91456559;SPRF-RS;DEL02-RS;UOP03-DEL02-RS
629432;20/09/2024;sexta-feira;18:10:00;PR;376;98;PARANAVAI;Objeto estático sobre o leito carroçável;Saída de leito carroçável;Com Vítimas Feridas;Plena Noite;Crescente;Chuva;Simples;"Reta;Aclive";Não;1;0;1;0;0;0;1;1;-23,02280298;-52,49397599;SPRF-PR;DEL09-PR;UOP02-DEL09-PR
629433;20/09/2024;sexta-feira;16:40:00;RJ;40;113;DUQUE DE CAXIAS;Reação tardia ou ineficiente do condutor;Engavetamento;Com Vítimas Feridas;Pleno dia;Decrescente;Céu Claro;Dupla;Reta;Não;5;0;2;0;2;1;2;3;-22,70948502;-43,29040354;SPRF-RJ;DEL01-RJ;UOP02-DEL01-RJ
629434;20/09/2024;sexta-feira;18:00:00;PB;230;197;POCINHOS;Ausência de reação do condutor;Tombamento;Com Vítimas Feridas;Plena Noite;Crescente;Céu Claro;Simples;Reta;Não;1;0;0;1;0;0;1;1;-7,1134;-36,2118;SPRF-PB;DEL02-PB;UOP02-DEL02-PB
629435;20/09/2024;sexta-feira;18:00:00;RJ;40;110;DUQUE DE CAXIAS;Reação tardia ou ineficiente do condutor;Saída de leito carroçável;Com Vítimas Feridas;Plena Noite;Crescente;Céu Claro;Múltipla;Reta;Sim;2;0;1;0;1;0;1;1;-22,68289906;-43,28549346;SPRF-RJ;DEL01-RJ;UOP02-DEL01-RJ
629436;20/09/2024;sexta-feira;18:35:00;RJ;116;175;SAO JOAO DE MERITI;Reação tardia ou ineficiente do condutor;Tombamento;Com Vítimas Feridas;Plena Noite;Crescente;Céu Claro;Múltipla;Reta;Não;1;0;1;0;0;0;1;1;-22,78923555;-43,37275272;SPRF-RJ;DEL06-RJ;UOP01-DEL06-RJ
629437;20/09/2024;sexta-feira;19:00:00;PR;163;139;CAPITAO LEONIDAS MARQUES;Manobra de mudança de faixa;Colisão frontal;Com Vítimas Feridas;Anoitecer;Crescente;Chuva;Simples;Reta;Sim;2;0;1;1;0;0;2;2;-25,50497764;-53,59384574;SPRF-PR;DEL05-PR;UOP05-DEL05-PR
629439;20/09/2024;sexta-feira;10:15:00;RS;158;520,2;SANTANA DO LIVRAMENTO;Ultrapassagem Indevida;Saída de leito carroçável;Com Vítimas Feridas;Pleno dia;Crescente;Céu Claro;Simples;Reta;Não;4;0;3;0;1;0;3;1;-30,69285892;-55,13219731;SPRF-RS;DEL11-RS;UOP01-DEL11-RS
629441;20/09/2024;sexta-feira;19:30:00;RJ;116;184;NOVA IGUACU;Ausência de reação do condutor;Queda de ocupante de veículo;Com Vítimas Feridas;Plena Noite;Crescente;Céu Claro;Dupla;Reta;Sim;1;0;1;0;0;0;1;1;-22,74647215;-43,44594311;SPRF-RJ;DEL06-RJ;UOP01-DEL06-RJ
629443;20/09/2024;sexta-feira;19:00:00;PR;476;117,8;COLOMBO;Acessar a via sem observar a presença dos outros veículos;Colisão lateral mesmo sentido;Sem Vítimas;Plena Noite;Crescente;Chuva;Simples;"Reta;Aclive";Sim;3;0;0;0;2;1;0;2;-25,3543837;-49,1802848;SPRF-PR;DEL01-PR;UOP01-DEL01-PR
629444;20/09/2024;sexta-feira;18:45:00;PR;277;472;NOVA LARANJEIRAS;Ausência de reação do condutor;Colisão transversal;Com Vítimas Feridas;Plena Noite;Crescente;Nublado;Simples;Interseção de Vias;Sim;2;0;1;0;0;1;1;2;-25,31924705;-52,52279904;SPRF-PR;DEL04-PR;UOP02-DEL04-PR
629445;20/09/2024;sexta-feira;19:30:00;SP;116;228,5;SAO PAULO;Trafegar com motocicleta (ou similar) entre as faixas;Tombamento;Com Vítimas Feridas;Plena Noite;Decrescente;Nublado;Múltipla;"Reta;Declive";Não;2;0;2;0;0;0;2;1;-23,5068718;-46,5705702;SPRF-SP;DEL01-SP;UOP01-DEL01-SP
629446;20/09/2024;sexta-feira;19:30:00;DF;60;7,3;BRASILIA;Velocidade Incompatível;Colisão traseira;Sem Vítimas;Plena Noite;Decrescente;Céu Claro;Dupla;"Reta;Retorno Regulamentado";Sim;2;0;0;0;2;0;0;2;-15,902322;-48,126225;SPRF-DF;DEL03-DF;UOP01-DEL03-DF
629447;20/09/2024;sexta-feira;19:50:00;SE;235;55,5;ITABAIANA;Ausência de reação do condutor;Queda de ocupante de veículo;Com Vítimas Feridas;Plena Noite;Crescente;Céu Claro;Simples;Retorno Regulamentado;Não;1;0;0;1;0;0;1;1;-10,667386;-37,446014;SPRF-SE;DEL01-SE;UOP02-DEL01-SE
629449;20/09/2024;sexta-feira;19:30:00;MG;40;788,5;JUIZ DE FORA;Condutor Dormindo;Colisão com objeto;Com Vítimas Feridas;Plena Noite;Crescente;Céu Claro;Dupla;Curva;Não;2;0;0;1;1;0;1;2;-21,761903;-43,44076;SPRF-MG;DEL05-MG;UOP01-DEL05-MG
629451;20/09/2024;sexta-feira;18:30:00;MG;356;270,2;MURIAE;Desrespeitar a preferência no cruzamento;Colisão transversal;Com Vítimas Feridas;Pleno dia;Crescente;Céu Claro;Simples;Curva;Sim;2;0;0;1;1;0;1;2;-21,12839937;-42,32458406;SPRF-MG;DEL07-MG;UOP02-DEL07-MG
629452;20/09/2024;sexta-feira;19:59:00;ES;101;259,9;SERRA;Conversão proibida;Colisão transversal;Com Vítimas Feridas;Plena Noite;Crescente;Céu Claro;Dupla;Curva;Não;2;0;0;1;1;0;1;2;-20,138397;-40,292213;SPRF-ES;DEL02-ES;UOP01-DEL02-ES
629453;20/09/2024;sexta-feira;20:00:00;SC;282;4,3;FLORIANOPOLIS;Ausência de reação do condutor;Colisão traseira;Com Vítimas Feridas;Plena Noite;Crescente;Céu Claro;Múltipla;Reta;Sim;2;0;1;0;0;1;1;2;-27,592646;-48,604034;SPRF-SC;DEL01-SC;UOP01-DEL01-SC
629455;20/09/2024;sexta-feira;08:20:00;SC;153;34;PONTE SERRADA;Pista Escorregadia;Saída de leito carroçável;Com Vítimas Feridas;Pleno dia;Crescente;Chuva;Simples;Curva;Não;4;0;3;0;1;0;3;1;-26,805368;-51,720055;SPRF-SC;DEL07-SC;UOP07-DEL07-SC
629456;20/09/2024;sexta-feira;15:30:00;MG;40;82,1;PARACATU;Ausência de reação do condutor;Saída de leito carroçável;Com Vítimas Feridas;Pleno dia;Crescente;Céu Claro;Simples;"Reta;Declive";Não;1;0;1;0;0;0;1;1;-17,46980649;-46,64389174;SPRF-MG;DEL14-MG;UOP01-DEL14-MG
629457;20/09/2024;sexta-feira;19:20:00;MG;40;666,9;CARANDAI;Pedestre - Ingestão de álcool/ substâncias psicoativas;Atropelamento de Pedestre;Com Vítimas Feridas;Plena Noite;Crescente;Céu Claro;Dupla;"Interseção de Vias;Retorno Regulamentado";Sim;2;0;1;0;1;0;1;2;-20,94471215;-43,8086221;SPRF-MG;DEL05-MG;UOP02-DEL05-MG
629458;20/09/2024;sexta-feira;19:04:00;PE;408;72;PAUDALHO;Animais na Pista;Atropelamento de Animal;Com Vítimas Feridas;Plena Noite;Decrescente;Céu Claro;Dupla;Reta;Não;2;0;1;0;1;0;1;1;-7,88298505;-35,18197309;SPRF-PE;DEL01-PE;UOP01-DEL01-PE
629460;20/09/2024;sexta-feira;18:25:00;PR;376;4;APUCARANA;Pedestre - Ingestão de álcool/ substâncias psicoativas;Atropelamento de Pedestre;Com Vítimas Feridas;Plena Noite;Crescente;Garoa/Chuvisco;Simples;Reta;Sim;2;0;1;0;0;1;1;2;-23,5513;-51,461266;SPRF-PR;DEL07-PR;UOP03-DEL07-PR
629461;20/09/2024;sexta-feira;20:36:00;PR;277;80;CURITIBA;Ausência de reação do condutor;Saída de leito carroçável;Com Vítimas Feridas;Plena Noite;Decrescente;Céu Claro;Dupla;Reta;Não;1;0;1;0;0;0;1;1;-25,568939;-49,181978;SPRF-PR;DEL01-PR;UOP03-DEL01-PR
629462;20/09/2024;sexta-feira;18:50:00;SC;101;274,8;IMBITUBA;Manobra de mudança de faixa;Colisão transversal;Com Vítimas Feridas;Plena Noite;Decrescente;Nublado;Múltipla;Reta;Não;3;0;0;1;2;0;1;2;-28,145227;-48,691904;SPRF-SC;DEL02-SC;UOP03-DEL02-SC
629463;20/09/2024;sexta-feira;20:10:00;RN;304;48,2;MOSSORO;Conversão proibida;Colisão transversal;Com Vítimas Feridas;Plena Noite;Decrescente;Céu Claro;Dupla;Retorno Regulamentado;Sim;7;0;2;0;4;1;2;3;-5,23060158;-37,32092142;SPRF-RN;DEL04-RN;UOP01-DEL04-RN
629464;20/09/2024;sexta-feira;20:36:00;RS;472;586;URUGUAIANA;Reação tardia ou ineficiente do condutor;Saída de leito carroçável;Com Vítimas Feridas;Plena Noite;Crescente;Céu Claro;Simples;"Declive;Reta";Não;1;0;0;1;0;0;1;1;-29,83788919;-57,107234;SPRF-RS;DEL13-RS;UOP01-DEL13-RS
629465;20/09/2024;sexta-feira;18:00:00;MS;163;257;DOURADOS;Reação tardia ou ineficiente do condutor;Colisão traseira;Com Vítimas Feridas;Plena Noite;Decrescente;Céu Claro;Simples;Reta;Não;3;0;0;1;2;0;1;3;-22,25888398;-54,793819;SPRF-MS;DEL04-MS;UOP01-DEL04-MS
629466;20/09/2024;sexta-feira;21:00:00;PR;116;126;FAZENDA RIO GRANDE;Reação tardia ou ineficiente do condutor;Colisão traseira;Sem Vítimas;Plena Noite;Crescente;Céu Claro;Dupla;Reta;Sim;7;0;0;0;7;0;0;2;-25,60389895;-49,31824423;SPRF-PR;DEL01-PR;UOP03-DEL01-PR
629468;20/09/2024;sexta-feira;16:20:00;PR;277;655,2;MATELANDIA;Reação tardia ou ineficiente do condutor;Colisão frontal;Com Vítimas Fatais;Pleno dia;Crescente;Chuva;Simples;Reta;Não;3;1;0;0;2;0;0;2;-25,23137821;-53,95435631;SPRF-PR;DEL05-PR;UOP02-DEL05-PR
629469;20/09/2024;sexta-feira;19:40:00;SC;101;402;MARACAJA;Pedestre andava na pista;Atropelamento de Pedestre;Com Vítimas Feridas;Plena Noite;Decrescente;Céu Claro;Dupla;Reta;Não;2;0;0;1;1;0;1;2;-28,86330994;-49,44595308;SPRF-SC;DEL02-SC;UOP02-DEL02-SC
629470;20/09/2024;sexta-feira;21:00:00;SP;116;202;ARUJA;Velocidade Incompatível;Queda de ocupante de veículo;Com Vítimas Feridas;Plena Noite;Crescente;Nublado;Dupla;Declive;Não;1;0;1;0;0;0;1;1;-23,40809408;-46,33859597;SPRF-SP;DEL01-SP;UOP01-DEL01-SP
629471;20/09/2024;sexta-feira;20:20:00;RJ;40;123;DUQUE DE CAXIAS;Ausência de reação do condutor;Queda de ocupante de veículo;Com Vítimas Feridas;Plena Noite;Decrescente;Céu Claro;Dupla;Reta;Não;2;0;1;0;1;0;1;1;-22,79907687;-43,29015739;SPRF-RJ;DEL01-RJ;UOP02-DEL01-RJ
629472;20/09/2024;sexta-feira;21:15:00;MG;40;430,2;PARAOPEBA;Velocidade Incompatível;Saída de leito carroçável;Sem Vítimas;Plena Noite;Decrescente;Céu Claro;Dupla;"Reta;Aclive";Não;1;0;0;0;0;1;0;1;-19,19144984;-44,48681487;SPRF-MG;DEL02-MG;UOP01-DEL02-MG
629473;20/09/2024;sexta-feira;20:00:00;RO;364;608;ITAPUA DO OESTE;Transitar na contramão;Colisão lateral sentido oposto;Com Vítimas Feridas;Plena Noite;Crescente;Céu Claro;Simples;Reta;Não;3;0;0;1;2;0;1;3;-9,16665862;-63,21396561;SPRF-RO;DEL01-RO;UOP04-DEL01-RO
629474;20/09/2024;sexta-feira;19:50:00;CE;116;461;BARRO;Demais falhas mecânicas ou elétricas;Incêndio;Sem Vítimas;Plena Noite;Crescente;Céu Claro;Simples;Reta;Não;1;0;0;0;1;0;0;1;-7,20005494;-38,80474898;SPRF-CE;DEL05-CE;UOP03-DEL05-CE
629476;20/09/2024;sexta-feira;21:30:00;SC;101;324,5;CAPIVARI DE BAIXO;Ingestão de álcool pelo condutor;Colisão traseira;Sem Vítimas;Plena Noite;Decrescente;Céu Claro;Múltipla;Reta;Sim;2;0;0;0;2;0;0;2;-28,42890047;-48,92285509;SPRF-SC;DEL02-SC;UOP01-DEL02-SC
629477;20/09/2024;sexta-feira;20:00:00;PE;232;369;FLORES;Ausência de reação do condutor;Eventos atípicos;Com Vítimas Feridas;Plena Noite;Crescente;Céu Claro;Simples;Reta;Não;2;0;2;0;0;0;2;2;-8,03487532;-37,9570271;SPRF-PE;DEL04-PE;UOP01-DEL04-PE
629478;20/09/2024;sexta-feira;19:55:00;PR;376;655;TIJUCAS DO SUL;Velocidade Incompatível;Saída de leito carroçável;Com Vítimas Feridas;Plena Noite;Crescente;Garoa/Chuvisco;Dupla;Curva;Não;1;0;1;0;0;0;1;1;-25,84165409;-49,042472;SPRF-PR;DEL01-PR;UOP04-DEL01-PR
629479;20/09/2024;sexta-feira;20:00:00;GO;153;559;PROFESSOR JAMIL;Ausência de reação do condutor;Saída de leito carroçável;Com Vítimas Feridas;Anoitecer;Decrescente;Céu Claro;Dupla;Reta;Não;2;0;1;1;0;0;2;1;-17,2115;-49,2226;SPRF-GO;DEL03-GO;UOP01-DEL03-GO
629480;20/09/2024;sexta-feira;21:15:00;SP;116;130;CACAPAVA;Pedestre cruzava a pista fora da faixa;Atropelamento de Pedestre;Com Vítimas Fatais;Plena Noite;Decrescente;Garoa/Chuvisco;Dupla;Reta;Sim;3;1;0;0;2;0;0;2;-23,12313858;-45,72792271;SPRF-SP;DEL02-SP;UOP02-DEL02-SP
629481;20/09/2024;sexta-feira;20:20:00;PB;230;98;GURINHEM;Demais falhas mecânicas ou elétricas;Incêndio;Sem Vítimas;Plena Noite;Decrescente;Céu Claro;Dupla;Reta;Não;1;0;0;0;1;0;0;1;-7,1889;-35,4624;SPRF-PB;DEL01-PB;UOP03-DEL01-PB