id;data_inversa;dia_semana;horario;uf;br;km;municipio;causa_acidente;tipo_acidente;classificacao_acidente;fase_dia;sentido_via;condicao_metereologica;tipo_pista;tracado_via;uso_solo;pessoas;mortos;feridos_leves;feridos_graves;ilesos;ignorados;feridos;veiculos;latitude;longitude;regional;delegacia;uop
629482;23/08/2024;sexta-feira;18:45:00;CE;20;78,1;TAUA;Velocidade Incompatível;Colisão traseira;Com Vítimas Feridas;Plena Noite;Decrescente;Céu Claro;Simples;Reta;Não;2;0;0;1;0;1;1;2;-6,03656638;-40,32096583;SPRF-CE;DEL02-CE;UOP02-DEL02-CE
629483;20/09/2024;sexta-feira;17:50:00;RJ;40;104;DUQUE DE CAXIAS;Ausência de reação do condutor;Atropelamento de Pedestre;Com Vítimas Feridas;Plena Noite;Crescente;Céu Claro;Simples;"Reta;Declive";Não;2;0;0;1;1;0;1;2;-22,62897902;-43,28579508;SPRF-RJ;DEL01-RJ;UOP02-DEL01-RJ
629486;20/09/2024;sexta-feira;22:30:00;TO;10;454;PALMAS;Ausência de reação do condutor;Atropelamento de Animal;Com Vítimas Feridas;Plena Noite;Decrescente;Céu Claro;Múltipla;Reta;Sim;1;0;1;0;0;0;1;1;-10,315387;-48,297253;SPRF-TO;DEL01-TO;UOP03-DEL01-TO
629487;20/09/2024;sexta-feira;19:00:00;PB;412;129;MONTEIRO;Objeto estático sobre o leito carroçável;Colisão com objeto;Com Vítimas Feridas;Anoitecer;Crescente;Céu Claro;Simples;"Reta;Declive";Não;8;0;0;8;0;0;8;2;-7,794985;-37,01978;SPRF-PB;DEL02-PB;UOP02-DEL02-PB
629488;20/09/2024;sexta-feira;17:30:00;PR;373;433;CHOPINZINHO;Pista Escorregadia;Colisão lateral sentido oposto;Com Vítimas Feridas;Anoitecer;Decrescente;Chuva;Múltipla;Curva;Não;7;0;4;0;3;0;4;2;-25,76110804;-52,2554565;SPRF-PR;DEL02-PR;UOP01-DEL02-PR
629489;20/09/2024;sexta-feira;21:43:00;MS;163;77,7;ITAQUIRAI;Acessar a via sem observar a presença dos outros veículos;Colisão transversal;Com Vítimas Feridas;Plena Noite;Crescente;Chuva;Dupla;Reta;Sim;4;0;0;1;3;0;1;2;-23,476672;-54,187519;SPRF-MS;DEL09-MS;UOP01-DEL09-MS
629491;20/09/2024;sexta-feira;19:40:00;BA;110;324;ALAGOINHAS;Acessar a via sem observar a presença dos outros veículos;Colisão transversal;Com Vítimas Feridas;Plena Noite;Crescente;Céu Claro;Simples;Reta;Não;4;0;1;0;2;1;1;2;-12,09373262;-38,36269128;SPRF-BA;DEL01-BA;UOP04-DEL01-BA
629493;20/09/2024;sexta-feira;23:30:00;ES;101;264;SERRA;Condutor desrespeitou a iluminação vermelha do semáforo;Colisão transversal;Com Vítimas Feridas;Plena Noite;Decrescente;Céu Claro;Dupla;"Interseção de Vias;Reta";Sim;2;0;1;0;0;1;1;2;-20,17292791;-40,26736384;SPRF-ES;DEL02-ES;UOP01-DEL02-ES
629494;20/09/2024;sexta-feira;22:11:00;RS;392;122;CANGUCU;Ingestão de álcool pelo condutor;Saída de leito carroçável;Sem Vítimas;Plena Noite;Crescente;Nevoeiro/Neblina;Simples;Curva;Não;1;0;0;0;1;0;0;1;-31,38660826;-52,70733133;SPRF-RS;DEL07-RS;UOP01-DEL07-RS
629495;20/09/2024;sexta-feira;23:20:00;RJ;101;295;ITABORAI;Acessar a via sem observar a presença dos outros veículos;Atropelamento de Pedestre;Com Vítimas Feridas;Plena Noite;Decrescente;Céu Claro;Dupla;Reta;Sim;3;0;3;0;0;0;3;2;-22,76365068;-42,90223623;SPRF-RJ;DEL02-RJ;UOP02-DEL02-RJ
629497;20/09/2024;sexta-feira;23:35:00;SC;280;167;MAFRA;Ausência de reação do condutor;Queda de ocupante de veículo;Com Vítimas Feridas;Plena Noite;Decrescente;Nublado;Simples;Interseção de Vias;Sim;1;0;1;0;0;0;1;1;-26,16857105;-49,81820938;SPRF-SC;DEL06-SC;UOP01-DEL06-SC
629498;20/09/2024;sexta-feira;23:45:00;SC;282;4;FLORIANOPOLIS;Manobra de mudança de faixa;Saída de leito carroçável;Com Vítimas Feridas;Pleno dia;Crescente;Nublado;Simples;Reta;Sim;3;0;1;1;0;1;2;2;-27,592646;-48,604034;SPRF-SC;DEL01-SC;UOP01-DEL01-SC
629499;20/09/2024;sexta-feira;19:00:00;RO;429;289,6;SAO FRANCISCO DO GUAPORE;Ausência de reação do condutor;Colisão traseira;Com Vítimas Feridas;Anoitecer;Decrescente;Céu Claro;Simples;Reta;Não;3;0;2;0;1;0;2;2;-12,07292505;-63,75141;SPRF-RO;DEL02-RO;UOP03-DEL02-RO
629500;20/09/2024;sexta-feira;23:30:00;SP;116;219;GUARULHOS;Reação tardia ou ineficiente do condutor;Colisão traseira;Com Vítimas Feridas;Plena Noite;Crescente;Garoa/Chuvisco;Múltipla;Declive;Sim;4;0;3;0;1;0;3;2;-23,46143954;-46,48885316;SPRF-SP;DEL01-SP;UOP01-DEL01-SP
629501;20/09/2024;sexta-feira;20:30:00;BA;407;172;FILADELFIA;Transitar na contramão;Colisão frontal;Com Vítimas Fatais;Plena Noite;Decrescente;Céu Claro;Simples;Reta;Não;2;1;0;1;0;0;1;1;-10,85708513;-40,11203125;SPRF-BA;DEL04-BA;UOP02-DEL04-BA
629502;21/09/2024;sábado;00:50:00;BA;410;3;RIBEIRA DO POMBAL;Animais na Pista;Atropelamento de Animal;Com Vítimas Feridas;Plena Noite;Crescente;Céu Claro;Simples;Reta;Não;3;0;1;2;0;0;3;1;-10,82555019;-38,54553223;SPRF-BA;DEL07-BA;UOP02-DEL07-BA
629503;21/09/2024;sábado;00:45:00;MG;381;921,3;CAMANDUCAIA;Velocidade Incompatível;Colisão com objeto;Com Vítimas Feridas;Plena Noite;Crescente;Chuva;Dupla;"Declive;Curva";Não;2;0;2;0;0;0;2;1;-22,76288568;-46,1703229;SPRF-MG;DEL16-MG;UOP03-DEL16-MG
629504;21/09/2024;sábado;00:20:00;MS;262;617;MIRANDA;Reação tardia ou ineficiente do condutor;Colisão com objeto;Sem Vítimas;Plena Noite;Crescente;Nublado;Simples;Reta;Não;4;0;0;0;4;0;0;1;-19,9756572;-56,83217743;SPRF-MS;DEL03-MS;UOP02-DEL03-MS
629508;21/09/2024;sábado;00:30:00;AM;230;612;HUMAITA;Ingestão de álcool pelo condutor;Saída de leito carroçável;Sem Vítimas;Plena Noite;Decrescente;Céu Claro;Simples;Rotatória;Sim;1;0;0;0;1;0;0;1;-7,5169216;-63,0296305;SPRF-AM;DEL01-AM;UOP05-DEL01-AM
629511;21/09/2024;sábado;03:24:00;ES;101;212,6;IBIRACU;Reação tardia ou ineficiente do condutor;Saída de leito carroçável;Com Vítimas Feridas;Plena Noite;Decrescente;Céu Claro;Simples;Curva;Sim;2;0;1;0;0;1;1;1;-19,81537521;-40,36655964;SPRF-ES;DEL02-ES;UOP01-DEL02-ES
629515;21/09/2024;sábado;04:50:00;CE;222;4;CAUCAIA;Acessar a via sem observar a presença dos outros veículos;Tombamento;Com Vítimas Feridas;Amanhecer;Decrescente;Céu Claro;Múltipla;Reta;Sim;3;0;1;0;0;2;1;3;-3,74274792;-38,61189755;SPRF-CE;DEL01-CE;UOP01-DEL01-CE
629516;21/09/2024;sábado;03:40:00;SP;153;83,1;BADY BASSITT;Condutor Dormindo;Saída de leito carroçável;Com Vítimas Feridas;Plena Noite;Decrescente;Céu Claro;Dupla;Reta;Não;1;0;1;0;0;0;1;1;-20,9232831;-49,50520992;SPRF-SP;DEL09-SP;UOP01-DEL09-SP
629517;21/09/2024;sábado;05:33:00;ES;101;168;LINHARES;Transitar no Acostamento;Colisão traseira;Com Vítimas Feridas;Amanhecer;Crescente;Céu Claro;Simples;Reta;Não;3;0;2;1;0;0;3;2;-19,53475892;-40,15759511;SPRF-ES;DEL04-ES;UOP01-DEL04-ES
629519;20/09/2024;sexta-feira;23:15:00;SC;163;122;DIONISIO CERQUEIRA;Ingestão de álcool pelo condutor;Saída de leito carroçável;Com Vítimas Feridas;Plena Noite;Decrescente;Ignorado;Simples;Curva;Não;1;0;1;0;0;0;1;1;-26,31219901;-53,54770398;SPRF-SC;DEL07-SC;UOP03-DEL07-SC
629520;21/09/2024;sábado;06:00:00;RS;116;265;CANOAS;Ingestão de álcool pelo condutor;Tombamento;Com Vítimas Feridas;Amanhecer;Decrescente;Garoa/Chuvisco;Dupla;Viaduto;Sim;1;0;1;0;0;0;1;1;-29,93242399;-51,17742077;SPRF-RS;DEL01-RS;UOP01-DEL01-RS
629521;21/09/2024;sábado;05:10:00;PA;316;30;SANTA IZABEL DO PARA;Ausência de reação do condutor;Saída de leito carroçável;Com Vítimas Fatais;Amanhecer;Decrescente;Céu Claro;Dupla;Reta;Não;1;1;0;0;0;0;0;1;-1,30604012;-48,20471397;SPRF-PA;DEL01-PA;UOP01-DEL01-PA
629522;21/09/2024;sábado;05:50:00;DF;251;35;BRASILIA;Ausência de reação do condutor;Colisão traseira;Com Vítimas Feridas;Amanhecer;Decrescente;Céu Claro;Simples;"Aclive;Reta";Não;3;0;2;0;1;0;2;2;-15,940731;-47,770015;SPRF-DF;DEL01-DF;UOP01-DEL01-DF
629523;20/09/2024;sexta-feira;16:00:00;SC;101;144,5;ITAPEMA;Trafegar com motocicleta (ou similar) entre as faixas;Colisão lateral mesmo sentido;Com Vítimas Feridas;Pleno dia;Decrescente;Garoa/Chuvisco;Dupla;Reta;Sim;1;0;1;0;0;0;1;1;-27,0732659;-48,59672716;SPRF-SC;DEL04-SC;UOP03-DEL04-SC
629524;21/09/2024;sábado;06:00:00;MG;262;360;BETIM;Ausência de reação do condutor;Queda de ocupante de veículo;Com Vítimas Feridas;Amanhecer;Decrescente;Céu Claro;Dupla;"Reta;Declive";Não;1;0;1;0;0;0;1;1;-19,9830204;-44,20924834;SPRF-MG;DEL01-MG;UOP03-DEL01-MG
629526;21/09/2024;sábado;06:40:00;MG;381;812,9;CAREACU;Reação tardia ou ineficiente do condutor;Saída de leito carroçável;Sem Vítimas;Pleno dia;Decrescente;Chuva;Dupla;Reta;Não;1;0;0;0;1;0;0;1;-22,06199504;-45,70068392;SPRF-MG;DEL16-MG;UOP02-DEL16-MG
629527;21/09/2024;sábado;06:35:00;MG;381;485,7;BETIM;Manobra de mudança de faixa;Colisão lateral mesmo sentido;Com Vítimas Feridas;Pleno dia;Crescente;Céu Claro;Múltipla;"Reta;Aclive";Sim;5;0;2;0;3;0;2;5;-19,956157;-44,10370997;SPRF-MG;DEL01-MG;UOP03-DEL01-MG
629528;21/09/2024;sábado;03:00:00;PR;277;316;GUARAPUAVA;Reação tardia ou ineficiente do condutor;Saída de leito carroçável;Com Vítimas Feridas;Plena Noite;Crescente;Céu Claro;Simples;"Reta;Aclive";Não;2;0;2;0;0;0;2;1;-25,31384694;-51,21367032;SPRF-PR;DEL08-PR;UOP01-DEL08-PR
629530;21/09/2024;sábado;06:00:00;MG;116;585;MANHUACU;Ausência de reação do condutor;Saída de leito carroçável;Sem Vítimas;Pleno dia;Decrescente;Nublado;Simples;Reta;Não;1;0;0;0;0;1;0;1;-20,22987753;-42,17260057;SPRF-MG;DEL06-MG;UOP03-DEL06-MG
629531;21/09/2024;sábado;04:00:00;BA;116;702;MANOEL VITORINO;Ausência de reação do condutor;Capotamento;Sem Vítimas;Plena Noite;Decrescente;Céu Claro;Simples;"Curva;Declive";Não;1;0;0;0;1;0;0;1;-14,044168;-40,204033;SPRF-BA;DEL03-BA;UOP01-DEL03-BA
629533;21/09/2024;sábado;05:00:00;MS;262;570,5;MIRANDA;Ingestão de álcool pelo condutor;Saída de leito carroçável;Sem Vítimas;Amanhecer;Crescente;Céu Claro;Simples;Reta;Não;1;0;0;0;1;0;0;1;-20,19006049;-56,47663002;SPRF-MS;DEL03-MS;UOP02-DEL03-MS
629534;21/09/2024;sábado;06:50:00;BA;324;537;AMELIA RODRIGUES;Acessar a via sem observar a presença dos outros veículos;Colisão transversal;Com Vítimas Feridas;Pleno dia;Crescente;Céu Claro;Dupla;Interseção de Vias;Sim;3;0;1;0;1;1;1;2;-12,36902201;-38,81384601;SPRF-BA;DEL01-BA;UOP03-DEL01-BA
629535;21/09/2024;sábado;07:30:00;SP;116;228;SAO PAULO;Reação tardia ou ineficiente do condutor;Colisão com objeto;Sem Vítimas;Pleno dia;Crescente;Céu Claro;Múltipla;Curva;Sim;1;0;0;0;0;1;0;1;-23,50343484;-46,56638712;SPRF-SP;DEL01-SP;UOP01-DEL01-SP
629536;21/09/2024;sábado;07:40:00;SP;116;283;EMBU DAS ARTES;Acessar a via sem observar a presença dos outros veículos;Colisão lateral mesmo sentido;Com Vítimas Feridas;Pleno dia;Decrescente;Sol;Dupla;Reta;Não;2;0;1;0;1;0;1;2;-23,69297005;-46,86352786;SPRF-SP;DEL04-SP;UOP01-DEL04-SP
629537;21/09/2024;sábado;06:50:00;SC;101;253;PAULO LOPES;Ingestão de álcool pelo condutor;Saída de leito carroçável;Com Vítimas Feridas;Pleno dia;Decrescente;Céu Claro;Múltipla;Reta;Não;1;0;1;0;0;0;1;1;-27,97337487;-48,67948115;SPRF-SC;DEL02-SC;UOP03-DEL02-SC
629538;21/09/2024;sábado;02:15:00;PE;316;83;OURICURI;Condutor Dormindo;Queda de ocupante de veículo;Com Vítimas Feridas;Plena Noite;Decrescente;Céu Claro;Simples;Reta;Sim;1;0;1;0;0;0;1;1;-7,87468608;-40,08532003;SPRF-PE;DEL05-PE;UOP02-DEL05-PE
629539;21/09/2024;sábado;04:30:00;RJ;40;120;DUQUE DE CAXIAS;Ingestão de álcool pelo condutor;Colisão com objeto;Com Vítimas Feridas;Amanhecer;Decrescente;Céu Claro;Dupla;Reta;Sim;3;0;2;0;0;1;2;1;-22,77280597;-43,28626763;SPRF-RJ;DEL01-RJ;UOP02-DEL01-RJ
629540;21/09/2024;sábado;08:05:00;PB;101;31,8;RIO TINTO;Condutor Dormindo;Colisão com objeto;Com Vítimas Feridas;Pleno dia;Decrescente;Sol;Dupla;Reta;Não;1;0;1;0;0;0;1;1;-6,758091;-35,13408691;SPRF-PB;DEL01-PB;UOP04-DEL01-PB
629541;21/09/2024;sábado;07:40:00;AL;104;91,5;RIO LARGO;Acessar a via sem observar a presença dos outros veículos;Colisão transversal;Com Vítimas Feridas;Pleno dia;Crescente;Céu Claro;Dupla;Reta;Sim;2;0;0;1;1;0;1;2;-9,50898856;-35,80777135;SPRF-AL;DEL01-AL;UOP01-DEL01-AL
629543;21/09/2024;sábado;07:40:00;PR;376;439,9;TIBAGI;Acumulo de água sobre o pavimento;Tombamento;Sem Vítimas;Pleno dia;Crescente;Garoa/Chuvisco;Dupla;Curva;Não;1;0;0;0;1;0;0;1;-24,85445193;-50,46069175;SPRF-PR;DEL03-PR;UOP02-DEL03-PR
629544;21/09/2024;sábado;06:45:00;SP;116;562;BARRA DO TURVO;Reação tardia ou ineficiente do condutor;Saída de leito carroçável;Com Vítimas Feridas;Pleno dia;Decrescente;Céu Claro;Dupla;"Curva;Aclive";Não;2;0;2;0;0;0;2;1;-25,02464023;-48,52213701;SPRF-SP;DEL05-SP;UOP02-DEL05-SP
629545;21/09/2024;sábado;08:45:00;PB;230;71;SOBRADO;Acessar a via sem observar a presença dos outros veículos;Colisão traseira;Com Vítimas Feridas;Pleno dia;Decrescente;Céu Claro;Dupla;Reta;Não;3;0;1;1;1;0;2;2;-7,1913;-35,2333;SPRF-PB;DEL01-PB;UOP03-DEL01-PB
629546;21/09/2024;sábado;06:30:00;SC;470;155,6;AGRONOMICA;Condutor Dormindo;Saída de leito carroçável;Com Vítimas Feridas;Pleno dia;Crescente;Céu Claro;Simples;Reta;Não;1;0;1;0;0;0;1;1;-27,277105;-49,751972;SPRF-SC;DEL04-SC;UOP02-DEL04-SC
629548;21/09/2024;sábado;08:10:00;SC;470;8;NAVEGANTES;Ingestão de álcool pelo condutor;Colisão lateral mesmo sentido;Sem Vítimas;Pleno dia;Crescente;Céu Claro;Dupla;Reta;Não;4;0;0;0;4;0;0;4;-26,83688;-48,718853;SPRF-SC;DEL04-SC;UOP04-DEL04-SC
629550;21/09/2024;sábado;07:40:00;BA;101;262;SANTO ANTONIO DE JESUS;Acessar a via sem observar a presença dos outros veículos;Colisão transversal;Com Vítimas Feridas;Pleno dia;Decrescente;Céu Claro;Simples;"Reta;Interseção de Vias;Retorno Regulamentado";Sim;3;0;2;0;1;0;2;2;-12,9742117;-39,2761005;SPRF-BA;DEL01-BA;UOP02-DEL01-BA
629551;20/09/2024;sexta-feira;23:34:00;PE;232;488,5;VERDEJANTE;Objeto estático sobre o leito carroçável;Eventos atípicos;Com Vítimas Fatais;Plena Noite;Decrescente;Céu Claro;Simples;"Reta;Declive";Não;1;1;0;0;0;0;0;1;-8,01034685;-38,95649882;SPRF-PE;DEL05-PE;UOP01-DEL05-PE
629552;21/09/2024;sábado;08:50:00;RJ;101;425;MANGARATIBA;Desrespeitar a preferência no cruzamento;Colisão transversal;Com Vítimas Feridas;Pleno dia;Crescente;Sol;Simples;"Retorno Regulamentado;Reta";Não;4;0;0;2;2;0;2;2;-22,92618815;-43,96323294;SPRF-RJ;DEL03-RJ;UOP02-DEL03-RJ
629553;21/09/2024;sábado;09:35:00;RJ;393;250,6;BARRA DO PIRAI;Acessar a via sem observar a presença dos outros veículos;Colisão transversal;Com Vítimas Feridas;Pleno dia;Crescente;Céu Claro;Simples;Reta;Sim;2;0;1;0;1;0;1;2;-22,42457483;-43,76088293;SPRF-RJ;DEL05-RJ;UOP04-DEL05-RJ
629554;21/09/2024;sábado;09:05:00;RS;116;558,5;PEDRO OSORIO;Acessar a via sem observar a presença dos outros veículos;Colisão transversal;Com Vítimas Feridas;Pleno dia;Crescente;Céu Claro;Simples;Reta;Não;5;0;1;0;4;0;1;2;-31,90718631;-52,6685788;SPRF-RS;DEL07-RS;UOP03-DEL07-RS
629555;21/09/2024;sábado;08:00:00;RS;285;507,2;ENTRE-IJUIS;Acesso irregular;Colisão traseira;Com Vítimas Feridas;Pleno dia;Crescente;Céu Claro;Simples;Reta;Não;2;0;2;0;0;0;2;2;-28,395473;-54,364975;SPRF-RS;DEL10-RS;UOP01-DEL10-RS
629556;21/09/2024;sábado;09:20:00;PE;101;61;RECIFE;Avarias e/ou desgaste excessivo no pneu;Tombamento;Com Vítimas Feridas;Pleno dia;Crescente;Céu Claro;Dupla;Reta;Sim;2;0;2;0;0;0;2;1;-7,99097103;-34,93598295;SPRF-PE;DEL01-PE;UOP02-DEL01-PE
629557;21/09/2024;sábado;08:20:00;BA;242;566;IBOTIRAMA;Ausência de reação do condutor;Queda de ocupante de veículo;Com Vítimas Feridas;Pleno dia;Decrescente;Céu Claro;Simples;Reta;Não;1;0;0;1;0;0;1;1;-12,08868646;-43,15572757;SPRF-BA;DEL06-BA;UOP03-DEL06-BA
629558;21/09/2024;sábado;10:05:00;SC;470;147,1;RIO DO SUL;Ausência de reação do condutor;Colisão transversal;Com Vítimas Feridas;Pleno dia;Decrescente;Nublado;Simples;Reta;Sim;3;0;0;2;1;0;2;2;-27,24289756;-49,68912363;SPRF-SC;DEL04-SC;UOP02-DEL04-SC
629559;21/09/2024;sábado;09:42:00;SP;116;334;JUQUITIBA;Entrada inopinada do pedestre;Atropelamento de Pedestre;Com Vítimas Feridas;Pleno dia;Crescente;Nublado;Dupla;"Reta;Declive";Sim;2;0;0;1;1;0;1;2;-23,96478894;-47,12622102;SPRF-SP;DEL04-SP;UOP03-DEL04-SP
629560;21/09/2024;sábado;01:20:00;MT;70;7,5;BARRA DO GARCAS;Animais na Pista;Saída de leito carroçável;Com Vítimas Feridas;Plena Noite;Crescente;Céu Claro;Simples;Reta;Sim;4;0;4;0;0;0;4;1;-15,878143;-52,316788;SPRF-MT;DEL07-MT;UOP01-DEL07-MT
629561;21/09/2024;sábado;08:40:00;RO;364;714;PORTO VELHO;Desrespeitar a preferência no cruzamento;Colisão transversal;Com Vítimas Feridas;Pleno dia;Crescente;Céu Claro;Múltipla;Interseção de Vias;Sim;2;0;1;0;1;0;1;2;-8,77142528;-63,88364196;SPRF-RO;DEL01-RO;UOP01-DEL01-RO
629564;21/09/2024;sábado;10:40:00;SC;101;259,6;GAROPABA;Avarias e/ou desgaste excessivo no pneu;Capotamento;Com Vítimas Feridas;Pleno dia;Decrescente;Céu Claro;Dupla;Reta;Não;2;0;2;0;0;0;2;1;-28,0210609;-48,69789507;SPRF-SC;DEL02-SC;UOP03-DEL02-SC
629565;21/09/2024;sábado;10:50:00;MG;40;144;JOAO PINHEIRO;Conversão proibida;Colisão transversal;Sem Vítimas;Pleno dia;Crescente;Céu Claro;Simples;"Curva;Aclive";Não;2;0;0;0;2;0;0;2;-17,74968182;-46,16992584;SPRF-MG;DEL14-MG;UOP01-DEL14-MG
629566;21/09/2024;sábado;10:40:00;SC;101;211,1;SAO JOSE;Reação tardia ou ineficiente do condutor;Tombamento;Com Vítimas Feridas;Pleno dia;Decrescente;Céu Claro;Simples;Reta;Sim;2;0;1;1;0;0;2;1;-27,62329313;-48,65245588;SPRF-SC;DEL01-SC;UOP02-DEL01-SC
629567;21/09/2024;sábado;11:10:00;SP;381;38,5;ATIBAIA;Reação tardia ou ineficiente do condutor;Colisão traseira;Com Vítimas Feridas;Pleno dia;Crescente;Garoa/Chuvisco;Dupla;"Reta;Interseção de Vias";Sim;2;0;0;1;0;1;1;2;-23,1133221;-46,57174974;SPRF-SP;DEL03-SP;UOP01-DEL03-SP
629569;21/09/2024;sábado;12:07:00;SC;101;207;SAO JOSE;Reação tardia ou ineficiente do condutor;Colisão lateral mesmo sentido;Com Vítimas Feridas;Pleno dia;Crescente;Céu Claro;Múltipla;Reta;Sim;2;0;1;0;1;0;1;2;-27,60001226;-48,6226467;SPRF-SC;DEL01-SC;UOP01-DEL01-SC
629571;21/09/2024;sábado;10:20:00;RR;174;505;BOA VISTA;Pista Escorregadia;Queda de ocupante de veículo;Com Vítimas Feridas;Pleno dia;Decrescente;Céu Claro;Simples;Rotatória;Não;1;0;1;0;0;0;1;1;2,82714493;-60,80623627;SPRF-RR;DEL01-RR;UOP01-DEL01-RR
629573;21/09/2024;sábado;12:25:00;ES;101;147,1;LINHARES;Desrespeitar a preferência no cruzamento;Colisão lateral mesmo sentido;Com Vítimas Feridas;Pleno dia;Crescente;Céu Claro;Múltipla;Interseção de Vias;Sim;2;0;1;0;0;1;1;2;-19,37887202;-40,06657892;SPRF-ES;DEL04-ES;UOP01-DEL04-ES
629574;21/09/2024;sábado;11:30:00;MG;381;279;JAGUARACU;Acessar a via sem observar a presença dos outros veículos;Colisão transversal;Com Vítimas Feridas;Pleno dia;Decrescente;Sol;Simples;Curva;Não;3;0;2;0;1;0;2;2;-19,6016332;-42,75481785;SPRF-MG;DEL03-MG;UOP02-DEL03-MG
629575;21/09/2024;sábado;09:40:00;RJ;116;24;SAPUCAIA;Velocidade Incompatível;Tombamento;Com Vítimas Feridas;Pleno dia;Decrescente;Céu Claro;Simples;Curva;Não;1;0;1;0;0;0;1;1;-22,04069679;-42,78234959;SPRF-RJ;DEL05-RJ;UOP01-DEL05-RJ
629576;21/09/2024;sábado;12:30:00;MG;50;105;UBERABA;Velocidade Incompatível;Tombamento;Com Vítimas Feridas;Pleno dia;Decrescente;Céu Claro;Dupla;"Reta;Em Obras";Não;2;0;0;1;1;0;1;1;-19,1797979;-48,15768268;SPRF-MG;DEL13-MG;UOP01-DEL13-MG
629578;21/09/2024;sábado;12:45:00;PR;116;28;CAMPINA GRANDE DO SUL;Reação tardia ou ineficiente do condutor;Colisão com objeto;Com Vítimas Feridas;Pleno dia;Decrescente;Chuva;Dupla;"Curva;Ponte;Declive";Não;3;0;1;0;2;0;1;1;-25,10670298;-48,80405799;SPRF-PR;DEL01-PR;UOP02-DEL01-PR
629579;21/09/2024;sábado;12:30:00;DF;20;1,2;BRASILIA;Condutor deixou de manter distância do veículo da frente;Saída de leito carroçável;Com Vítimas Feridas;Pleno dia;Crescente;Céu Claro;Dupla;Reta;Sim;4;0;4;0;0;0;4;1;-15,685814;-47,849838;SPRF-DF;DEL02-DF;UOP01-DEL02-DF
629582;21/09/2024;sábado;12:40:00;SC;101;114,1;ITAJAI;Manobra de mudança de faixa;Colisão traseira;Com Vítimas Feridas;Pleno dia;Decrescente;Céu Claro;Múltipla;Reta;Sim;2;0;1;0;1;0;1;2;-26,86192886;-48,7286704;SPRF-SC;DEL04-SC;UOP04-DEL04-SC
629583;21/09/2024;sábado;11:30:00;MG;381;928,4;ITAPEVA;Ausência de reação do condutor;Colisão transversal;Com Vítimas Feridas;Pleno dia;Crescente;Nublado;Simples;Reta;Sim;2;0;0;1;1;0;1;2;-22,76730082;-46,22732949;SPRF-MG;DEL16-MG;UOP03-DEL16-MG
629584;21/09/2024;sábado;11:30:00;PI;316;77,5;MIGUEL LEAO;Condutor deixou de manter distância do veículo da frente;Colisão traseira;Com Vítimas Feridas;Pleno dia;Decrescente;Sol;Simples;Declive;Não;2;0;1;0;0;1;1;2;-5,71848967;-42,60454112;SPRF-PI;DEL01-PI;UOP02-DEL01-PI
629585;21/09/2024;sábado;08:40:00;MA;316;113,7;SANTA LUZIA DO PARUA;Condutor deixou de manter distância do veículo da frente;Colisão traseira;Com Vítimas Feridas;Pleno dia;Crescente;Céu Claro;Simples;Reta;Sim;2;0;1;0;0;1;1;2;-2,530179;-45,779083;SPRF-MA;DEL02-MA;UOP02-DEL02-MA
629586;21/09/2024;sábado;12:30:00;CE;116;11;FORTALEZA;Reação tardia ou ineficiente do condutor;Colisão traseira;Com Vítimas Feridas;Pleno dia;Crescente;Céu Claro;Dupla;Reta;Sim;6;0;2;0;4;0;2;3;-3,84394724;-38,49891546;SPRF-CE;DEL01-CE;UOP02-DEL01-CE
629587;21/09/2024;sábado;12:50:00;PR;376;291;MAUA DA SERRA;Manobra de mudança de faixa;Colisão com objeto;Com Vítimas Feridas;Pleno dia;Crescente;Céu Claro;Dupla;Curva;Sim;2;0;1;0;0;1;1;2;-23,89688324;-51,2255977;SPRF-PR;DEL07-PR;UOP02-DEL07-PR
629588;21/09/2024;sábado;07:06:00;RJ;101;304;SAO GONCALO;Transitar no Acostamento;Atropelamento de Pedestre;Com Vítimas Feridas;Amanhecer;Decrescente;Céu Claro;Dupla;Reta;Sim;2;0;0;1;0;1;1;2;-22,78491869;-42,98627706;SPRF-RJ;DEL02-RJ;UOP02-DEL02-RJ
629590;21/09/2024;sábado;14:10:00;MG;116;511,3;UBAPORANGA;Ausência de reação do condutor;Tombamento;Com Vítimas Feridas;Pleno dia;Crescente;Céu Claro;Simples;Reta;Não;1;0;1;0;0;0;1;1;-19,65371791;-42,11137522;SPRF-MG;DEL06-MG;UOP02-DEL06-MG
629591;21/09/2024;sábado;14:10:00;PE;101;76;RECIFE;Trafegar com motocicleta (ou similar) entre as faixas;Tombamento;Com Vítimas Feridas;Pleno dia;Crescente;Céu Claro;Dupla;Reta;Sim;1;0;0;1;0;0;1;1;-8,11813811;-34,94329214;SPRF-PE;DEL01-PE;UOP01-DEL01-PE
629592;21/09/2024;sábado;13:40:00;SC;101;3,8;ARARANGUA;Acessar a via sem observar a presença dos outros veículos;Colisão lateral mesmo sentido;Com Vítimas Feridas;Pleno dia;Decrescente;Céu Claro;Simples;Reta;Sim;2;0;1;0;1;0;1;2;-28,94939603;-49,50710893;SPRF-SC;DEL02-SC;UOP02-DEL02-SC
629594;21/09/2024;sábado;14:15:00;ES;101;144,4;LINHARES;Acumulo de óleo sobre o pavimento;Tombamento;Com Vítimas Feridas;Pleno dia;Decrescente;Céu Claro;Múltipla;"Reta;Interseção de Vias";Sim;2;0;2;0;0;0;2;1;-19,35188295;-40,0636685;SPRF-ES;DEL04-ES;UOP01-DEL04-ES