id;data_inversa;dia_semana;horario;uf;br;km;municipio;causa_acidente;tipo_acidente;classificacao_acidente;fase_dia;sentido_via;condicao_metereologica;tipo_pista;tracado_via;uso_solo;pessoas;mortos;feridos_leves;feridos_graves;ilesos;ignorados;feridos;veiculos;latitude;longitude;regional;delegacia;uop
629706;21/09/2024;sábado;20:00:00;PR;376;143,5;PRESIDENTE CASTELO BRANCO;Pedestre cruzava a pista fora da faixa;Atropelamento de Pedestre;Com Vítimas Fatais;Plena Noite;Decrescente;Céu Claro;Dupla;Reta;Não;2;1;0;0;1;0;0;2;-23,25954;-52,16385;SPRF-PR;DEL09-PR;UOP02-DEL09-PR
629707;21/09/2024;sábado;20:20:00;RS;101;49;TERRA DE AREIA;Manobra de mudança de faixa;Colisão lateral mesmo sentido;Sem Vítimas;Plena Noite;Crescente;Nublado;Dupla;Reta;Não;3;0;0;0;2;1;0;2;-29,59966133;-50,08022057;SPRF-RS;DEL03-RS;UOP02-DEL03-RS
629708;21/09/2024;sábado;22:00:00;MG;262;364,8;JUATUBA;Manobra de mudança de faixa;Colisão lateral mesmo sentido;Com Vítimas Feridas;Plena Noite;Crescente;Céu Claro;Dupla;"Reta;Declive";Não;3;0;1;0;2;0;1;2;-19,98290644;-44,24492623;SPRF-MG;DEL01-MG;UOP03-DEL01-MG
629710;21/09/2024;sábado;22:45:00;RN;304;300;MACAIBA;Condutor Dormindo;Colisão traseira;Com Vítimas Feridas;Plena Noite;Crescente;Céu Claro;Dupla;Reta;Sim;3;0;1;0;2;0;1;2;-5,8737673;-35,3150361;SPRF-RN;DEL01-RN;UOP02-DEL01-RN
629711;21/09/2024;sábado;19:30:00;RO;364;424,2;JARU;Acessar a via sem observar a presença dos outros veículos;Colisão transversal;Com Vítimas Fatais;Anoitecer;Decrescente;Céu Claro;Simples;Reta;Sim;6;2;0;0;4;0;0;3;-10,44457274;-62,46568412;SPRF-RO;DEL03-RO;UOP02-DEL03-RO
629712;21/09/2024;sábado;22:10:00;MS;376;81,5;DEODAPOLIS;Ingestão de álcool pelo condutor;Colisão traseira;Com Vítimas Feridas;Plena Noite;Decrescente;Chuva;Simples;Reta;Sim;3;0;1;0;2;0;1;2;-22,27908945;-54,16191101;SPRF-MS;DEL04-MS;UOP04-DEL04-MS
629713;21/09/2024;sábado;22:15:00;MG;262;492,3;MOEMA;Ausência de reação do condutor;Saída de leito carroçável;Com Vítimas Feridas;Plena Noite;Crescente;Céu Claro;Simples;Reta;Não;2;0;0;2;0;0;2;1;-19,78447269;-45,39550781;SPRF-MG;DEL08-MG;UOP03-DEL08-MG
629715;21/09/2024;sábado;23:35:00;PR;153;395;MALLET;Reação tardia ou ineficiente do condutor;Colisão traseira;Com Vítimas Feridas;Plena Noite;Decrescente;Céu Claro;Simples;Reta;Não;2;0;0;1;1;0;1;2;-25,934228;-50,85894;SPRF-PR;DEL08-PR;UOP02-DEL08-PR
629716;21/09/2024;sábado;21:15:00;BA;135;146;RIACHAO DAS NEVES;Animais na Pista;Atropelamento de Animal;Com Vítimas Feridas;Plena Noite;Decrescente;Céu Claro;Simples;Reta;Não;3;0;2;0;1;0;2;1;-11,9096257;-44,87805232;SPRF-BA;DEL10-BA;UOP01-DEL10-BA
629717;21/09/2024;sábado;23:00:00;MG;116;715,8;MURIAE;Pista Escorregadia;Saída de leito carroçável;Com Vítimas Feridas;Plena Noite;Crescente;Chuva;Simples;Curva;Não;1;0;1;0;0;0;1;1;-21,21281687;-42,38921469;SPRF-MG;DEL07-MG;UOP02-DEL07-MG
629718;21/09/2024;sábado;23:10:00;GO;20;20;FORMOSA;Ultrapassagem Indevida;Colisão frontal;Com Vítimas Feridas;Plena Noite;Crescente;Céu Claro;Simples;Reta;Sim;3;0;1;0;2;0;1;2;-15,551152;-47,178364;SPRF-DF;DEL02-DF;UOP02-DEL02-DF
629719;21/09/2024;sábado;21:50:00;RJ;101;506;ANGRA DOS REIS;Reação tardia ou ineficiente do condutor;Colisão transversal;Com Vítimas Feridas;Plena Noite;Decrescente;Nublado;Simples;Reta;Sim;2;0;0;1;1;0;1;2;-22,93493041;-44,40487313;SPRF-RJ;DEL03-RJ;UOP03-DEL03-RJ
629720;21/09/2024;sábado;23:25:00;MS;463;1,4;DOURADOS;Reação tardia ou ineficiente do condutor;Colisão transversal;Sem Vítimas;Plena Noite;Crescente;Céu Claro;Simples;Reta;Sim;2;0;0;0;0;2;0;2;-22,25932395;-54,842668;SPRF-MS;DEL04-MS;UOP01-DEL04-MS
629721;21/09/2024;sábado;22:50:00;RN;226;118,4;SANTA CRUZ;Estacionar ou parar em local proibido;Colisão frontal;Com Vítimas Feridas;Plena Noite;Decrescente;Céu Claro;Simples;Reta;Não;4;0;1;0;2;1;1;3;-6,19373096;-36,05898802;SPRF-RN;DEL03-RN;UOP02-DEL03-RN
629723;21/09/2024;sábado;23:00:00;PI;316;319,2;PICOS;Acessar a via sem observar a presença dos outros veículos;Colisão frontal;Sem Vítimas;Plena Noite;Decrescente;Céu Claro;Simples;"Reta;Aclive";Sim;2;0;0;0;1;1;0;2;-7,08926334;-41,39752113;SPRF-PI;DEL04-PI;UOP01-DEL04-PI
629724;21/09/2024;sábado;23:00:00;MG;116;425,1;ALPERCATA;Acessar a via sem observar a presença dos outros veículos;Colisão transversal;Com Vítimas Feridas;Plena Noite;Crescente;Céu Claro;Simples;Interseção de Vias;Não;2;0;2;0;0;0;2;2;-18,96299507;-41,97075176;SPRF-MG;DEL06-MG;UOP01-DEL06-MG
629725;22/09/2024;domingo;00:15:00;MS;163;485,7;CAMPO GRANDE;Ausência de reação do condutor;Colisão traseira;Com Vítimas Feridas;Plena Noite;Crescente;Céu Claro;Simples;"Interseção de Vias;Declive;Reta";Sim;3;0;0;1;2;0;1;2;-20,43561895;-54,54334259;SPRF-MS;DEL01-MS;UOP02-DEL01-MS
629726;22/09/2024;domingo;00:20:00;MG;116;478;DOM CAVATI;Reação tardia ou ineficiente do condutor;Tombamento;Com Vítimas Feridas;Plena Noite;Crescente;Céu Claro;Simples;Reta;Sim;1;0;1;0;0;0;1;1;-19,37735625;-42,1085357;SPRF-MG;DEL06-MG;UOP02-DEL06-MG
629727;21/09/2024;sábado;20:15:00;MG;365;863;SANTA VITORIA;Condutor deixou de manter distância do veículo da frente;Colisão traseira;Com Vítimas Feridas;Plena Noite;Crescente;Céu Claro;Simples;Reta;Não;3;0;2;0;1;0;2;2;-19,04329336;-50,43842397;SPRF-MG;DEL15-MG;UOP03-DEL15-MG
629728;22/09/2024;domingo;00:45:00;SC;101;73;ARAQUARI;Condutor Dormindo;Saída de leito carroçável;Com Vítimas Feridas;Plena Noite;Crescente;Céu Claro;Dupla;Reta;Sim;2;0;2;0;0;0;2;1;-26,53567108;-48,71326731;SPRF-SC;DEL03-SC;UOP02-DEL03-SC
629729;22/09/2024;domingo;01:20:00;SC;101;196;BIGUACU;Reação tardia ou ineficiente do condutor;Colisão traseira;Com Vítimas Feridas;Plena Noite;Crescente;Nublado;Dupla;Reta;Sim;3;0;1;0;2;0;1;2;-27,51101091;-48,64322292;SPRF-SC;DEL01-SC;UOP01-DEL01-SC
629730;21/09/2024;sábado;23:30:00;RS;116;143,8;CAXIAS DO SUL;Reação tardia ou ineficiente do condutor;Saída de leito carroçável;Sem Vítimas;Plena Noite;Crescente;Céu Claro;Dupla;"Reta;Declive";Sim;1;0;0;0;0;1;0;1;-29,1201739;-51,12260651;SPRF-RS;DEL05-RS;UOP01-DEL05-RS
629731;22/09/2024;domingo;00:07:00;SC;282;584;SAUDADES;Velocidade Incompatível;Capotamento;Sem Vítimas;Plena Noite;Decrescente;Céu Claro;Simples;"Em Obras;Aclive;Curva";Não;1;0;0;0;1;0;0;1;-26,831865;-53,016579;SPRF-SC;DEL07-SC;UOP02-DEL07-SC
629732;22/09/2024;domingo;01:55:00;PB;101;88,5;JOAO PESSOA;Pista Escorregadia;Tombamento;Com Vítimas Feridas;Plena Noite;Decrescente;Chuva;Dupla;Curva;Sim;1;0;1;0;0;0;1;1;-7,16470016;-34,89993643;SPRF-PB;DEL01-PB;UOP02-DEL01-PB
629733;22/09/2024;domingo;02:15:00;SP;116;217;GUARULHOS;Ausência de reação do condutor;Colisão com objeto;Com Vítimas Feridas;Plena Noite;Decrescente;Nublado;Múltipla;"Viaduto;Reta;Declive";Sim;1;0;1;0;0;0;1;1;-23,454897;-46,472808;SPRF-SP;DEL01-SP;UOP01-DEL01-SP
629734;22/09/2024;domingo;01:20:00;MS;158;355;BRASILANDIA;Reação tardia ou ineficiente do condutor;Colisão com objeto;Com Vítimas Fatais;Plena Noite;Crescente;Céu Claro;Simples;Curva;Não;4;2;2;0;0;0;2;1;-21,25036212;-51,89883471;SPRF-MS;DEL07-MS;UOP01-DEL07-MS
629735;22/09/2024;domingo;01:20:00;CE;116;95,4;MORADA NOVA;Ausência de reação do condutor;Saída de leito carroçável;Com Vítimas Fatais;Amanhecer;Crescente;Céu Claro;Simples;Curva;Não;2;2;0;0;0;0;0;1;-4,50526528;-38,35881096;SPRF-CE;DEL03-CE;UOP02-DEL03-CE
629736;22/09/2024;domingo;00:05:00;MA;316;525;CAXIAS;Pedestre andava na pista;Atropelamento de Pedestre;Com Vítimas Fatais;Plena Noite;Decrescente;Céu Claro;Simples;Reta;Não;2;1;0;0;0;1;0;2;-4,796194;-43,564476;SPRF-MA;DEL03-MA;UOP02-DEL03-MA
629737;22/09/2024;domingo;02:20:00;MG;381;414;NOVA UNIAO;Ingestão de álcool pelo condutor;Colisão lateral mesmo sentido;Sem Vítimas;Plena Noite;Decrescente;Ignorado;Dupla;"Declive;Curva";Não;2;0;0;0;2;0;0;2;-19,7440281;-43,61553391;SPRF-MG;DEL01-MG;UOP01-DEL01-MG
629738;22/09/2024;domingo;02:00:00;CE;116;316;JAGUARIBE;Ausência de reação do condutor;Tombamento;Com Vítimas Feridas;Plena Noite;Decrescente;Céu Claro;Simples;Reta;Não;1;0;0;1;0;0;1;1;-5,95498996;-38,63091758;SPRF-CE;DEL05-CE;UOP02-DEL05-CE
629740;22/09/2024;domingo;01:20:00;MS;163;343,5;RIO BRILHANTE;Ingestão de álcool pelo condutor;Saída de leito carroçável;Sem Vítimas;Plena Noite;Crescente;Céu Claro;Simples;Reta;Não;1;0;0;0;1;0;0;1;-21,65120018;-54,42229872;SPRF-MS;DEL02-MS;UOP02-DEL02-MS
629742;22/09/2024;domingo;01:50:00;CE;222;21;CAUCAIA;Ausência de reação do condutor;Saída de leito carroçável;Com Vítimas Fatais;Plena Noite;Crescente;Céu Claro;Dupla;"Ponte;Desvio Temporário;Em Obras;Reta";Sim;1;1;0;0;0;0;0;1;-3,73961053;-38,73789489;SPRF-CE;DEL01-CE;UOP01-DEL01-CE
629743;22/09/2024;domingo;01:00:00;PR;376;501,7;PONTA GROSSA;Ingestão de álcool pelo condutor;Saída de leito carroçável;Com Vítimas Fatais;Plena Noite;Crescente;Nublado;Dupla;"Reta;Aclive";Sim;1;1;0;0;0;0;0;1;-25,1663894;-50,1155548;SPRF-PR;DEL03-PR;UOP04-DEL03-PR
629744;22/09/2024;domingo;04:19:00;SP;116;223;GUARULHOS;Ausência de reação do condutor;Colisão com objeto;Com Vítimas Feridas;Plena Noite;Decrescente;Nublado;Múltipla;Reta;Sim;2;0;2;0;0;0;2;1;-23,47559815;-46,5246609;SPRF-SP;DEL01-SP;UOP01-DEL01-SP
629745;22/09/2024;domingo;01:30:00;RS;392;153,9;CANGUCU;Demais falhas mecânicas ou elétricas;Incêndio;Sem Vítimas;Plena Noite;Decrescente;Céu Claro;Simples;Reta;Não;2;0;0;0;2;0;0;1;-31,15706606;-52,87398701;SPRF-RS;DEL07-RS;UOP01-DEL07-RS
629747;22/09/2024;domingo;04:20:00;GO;153;699;ITUMBIARA;Velocidade Incompatível;Atropelamento de Pedestre;Com Vítimas Fatais;Plena Noite;Crescente;Ignorado;Simples;"Reta;Interseção de Vias";Sim;3;1;0;0;0;2;0;2;-18,379971;-49,20985;SPRF-GO;DEL03-GO;UOP02-DEL03-GO
629748;21/09/2024;sábado;20:40:00;SC;101;310;LAGUNA;Ingestão de álcool pelo condutor;Colisão com objeto;Sem Vítimas;Plena Noite;Decrescente;Céu Claro;Múltipla;Reta;Não;1;0;0;0;0;1;0;1;-28,41679416;-48,79529064;SPRF-SC;DEL02-SC;UOP01-DEL02-SC
629749;22/09/2024;domingo;03:30:00;MG;50;144;UBERABA;Ausência de reação do condutor;Saída de leito carroçável;Com Vítimas Feridas;Plena Noite;Crescente;Céu Claro;Dupla;Reta;Não;2;0;1;0;1;0;1;1;-19,51129203;-48,04264209;SPRF-MG;DEL13-MG;UOP01-DEL13-MG
629750;21/09/2024;sábado;23:20:00;SC;101;159;PORTO BELO;Ausência de reação do condutor;Queda de ocupante de veículo;Com Vítimas Feridas;Plena Noite;Decrescente;Céu Claro;Dupla;Reta;Não;1;0;1;0;0;0;1;1;-27,1998778;-48,61534236;SPRF-SC;DEL04-SC;UOP03-DEL04-SC
629751;22/09/2024;domingo;01:50:00;MG;381;525;BRUMADINHO;Ingestão de álcool pelo condutor;Queda de ocupante de veículo;Com Vítimas Feridas;Plena Noite;Crescente;Céu Claro;Dupla;Reta;Não;1;0;1;0;0;0;1;1;-20,16710798;-44,33422398;SPRF-MG;DEL04-MG;UOP03-DEL04-MG
629752;22/09/2024;domingo;00:30:00;SC;101;142;ITAPEMA;Manobra de mudança de faixa;Colisão lateral mesmo sentido;Com Vítimas Feridas;Plena Noite;Decrescente;Nublado;Dupla;Curva;Sim;2;0;1;0;0;1;1;2;-27,056089;-48,599449;SPRF-SC;DEL04-SC;UOP03-DEL04-SC
629753;22/09/2024;domingo;04:50:00;SC;101;130;BALNEARIO CAMBORIU;Ausência de reação do condutor;Queda de ocupante de veículo;Com Vítimas Feridas;Plena Noite;Crescente;Céu Claro;Dupla;Reta;Não;1;0;0;1;0;0;1;1;-26,98407618;-48,66977107;SPRF-SC;DEL04-SC;UOP03-DEL04-SC
629754;21/09/2024;sábado;22:40:00;CE;116;69;CHOROZINHO;Pedestre - Ingestão de álcool/ substâncias psicoativas;Atropelamento de Pedestre;Com Vítimas Feridas;Plena Noite;Crescente;Céu Claro;Simples;Reta;Não;2;0;1;1;0;0;2;2;-4,32059871;-38,4911177;SPRF-CE;DEL03-CE;UOP02-DEL03-CE
629755;22/09/2024;domingo;05:25:00;SP;116;227;GUARULHOS;Velocidade Incompatível;Colisão com objeto;Sem Vítimas;Amanhecer;Crescente;Céu Claro;Múltipla;Reta;Sim;1;0;0;0;1;0;0;1;-23,49659264;-46,55648754;SPRF-SP;DEL01-SP;UOP01-DEL01-SP
629757;22/09/2024;domingo;04:40:00;SC;116;167,9;PONTE ALTA DO NORTE;Velocidade Incompatível;Capotamento;Com Vítimas Feridas;Plena Noite;Decrescente;Nevoeiro/Neblina;Simples;"Curva;Declive";Sim;1;0;0;1;0;0;1;1;-27,16859697;-50,46434991;SPRF-SC;DEL05-SC;UOP03-DEL05-SC
629758;22/09/2024;domingo;05:45:00;SP;116;279;EMBU DAS ARTES;Reação tardia ou ineficiente do condutor;Colisão com objeto;Com Vítimas Feridas;Amanhecer;Crescente;Céu Claro;Dupla;Reta;Sim;5;0;1;0;4;0;1;1;-23,66233697;-46,85292907;SPRF-SP;DEL04-SP;UOP01-DEL04-SP
629759;22/09/2024;domingo;04:20:00;TO;153;454;BARROLANDIA;Transitar na contramão;Colisão frontal;Com Vítimas Feridas;Plena Noite;Decrescente;Céu Claro;Simples;Reta;Não;2;0;2;0;0;0;2;2;-9,86171998;-48,72343013;SPRF-TO;DEL01-TO;UOP01-DEL01-TO
629760;22/09/2024;domingo;06:09:00;DF;20;5;BRASILIA;Condutor Dormindo;Saída de leito carroçável;Com Vítimas Feridas;Pleno dia;Decrescente;Céu Claro;Dupla;Declive;Sim;1;0;1;0;0;0;1;1;-15,670546;-47,816044;SPRF-DF;DEL02-DF;UOP01-DEL02-DF
629761;22/09/2024;domingo;05:15:00;AL;316;6,1;MATA GRANDE;Reação tardia ou ineficiente do condutor;Colisão traseira;Com Vítimas Fatais;Amanhecer;Decrescente;Céu Claro;Simples;Reta;Não;3;1;0;1;0;1;1;2;-8,97075601;-37,81631202;SPRF-AL;DEL03-AL;UOP02-DEL03-AL
629764;22/09/2024;domingo;06:00:00;SC;282;5;SAO JOSE;Ausência de reação do condutor;Colisão com objeto;Com Vítimas Feridas;Amanhecer;Crescente;Céu Claro;Múltipla;"Viaduto;Declive;Curva";Sim;2;0;1;0;0;1;1;2;-27,588425;-48,612919;SPRF-SC;DEL01-SC;UOP01-DEL01-SC
629767;22/09/2024;domingo;06:00:00;RS;392;86,8;PELOTAS;Ausência de reação do condutor;Saída de leito carroçável;Com Vítimas Feridas;Amanhecer;Crescente;Céu Claro;Simples;"Reta;Aclive";Não;1;0;0;1;0;0;1;1;-31,63498808;-52,4937591;SPRF-RS;DEL07-RS;UOP01-DEL07-RS
629769;22/09/2024;domingo;07:00:00;SP;116;356;MIRACATU;Ingestão de álcool pelo condutor;Saída de leito carroçável;Sem Vítimas;Pleno dia;Crescente;Nublado;Dupla;Curva;Sim;1;0;0;0;1;0;0;1;-24,09010299;-47,25681582;SPRF-SP;DEL04-SP;UOP03-DEL04-SP
629771;22/09/2024;domingo;06:20:00;PR;277;728;FOZ DO IGUACU;Ingestão de álcool pelo condutor;Saída de leito carroçável;Com Vítimas Feridas;Amanhecer;Decrescente;Céu Claro;Dupla;Rotatória;Sim;3;0;3;0;0;0;3;1;-25,5097634;-54,57387201;SPRF-PR;DEL05-PR;UOP03-DEL05-PR
629772;22/09/2024;domingo;02:35:00;SC;480;127,4;CHAPECO;Velocidade Incompatível;Saída de leito carroçável;Com Vítimas Feridas;Plena Noite;Decrescente;Céu Claro;Dupla;Curva;Sim;2;0;1;1;0;0;2;1;-27,02885905;-52,63380035;SPRF-SC;DEL07-SC;UOP01-DEL07-SC
629773;22/09/2024;domingo;06:25:00;PB;230;19,8;JOAO PESSOA;Reação tardia ou ineficiente do condutor;Colisão com objeto;Sem Vítimas;Pleno dia;Crescente;Céu Claro;Dupla;Curva;Sim;2;0;0;0;0;2;0;1;-7,1337;-34,8544;SPRF-PB;DEL01-PB;UOP01-DEL01-PB
629774;22/09/2024;domingo;07:15:00;ES;101;182,8;ARACRUZ;Ingestão de álcool pelo condutor;Queda de ocupante de veículo;Com Vítimas Feridas;Pleno dia;Crescente;Céu Claro;Simples;"Declive;Curva";Não;2;0;0;2;0;0;2;1;-19,64583105;-40,23345709;SPRF-ES;DEL04-ES;UOP01-DEL04-ES
629775;22/09/2024;domingo;07:30:00;SC;101;88,1;BARRA VELHA;Velocidade Incompatível;Colisão com objeto;Com Vítimas Feridas;Pleno dia;Decrescente;Céu Claro;Dupla;Reta;Sim;2;0;0;2;0;0;2;1;-26,64253985;-48,68950684;SPRF-SC;DEL03-SC;UOP02-DEL03-SC
629776;22/09/2024;domingo;04:30:00;RO;364;294;PRESIDENTE MEDICI;Condutor Dormindo;Saída de leito carroçável;Com Vítimas Feridas;Plena Noite;Crescente;Céu Claro;Simples;Reta;Não;4;0;2;0;2;0;2;1;-11,29701584;-61,89403573;SPRF-RO;DEL02-RO;UOP01-DEL02-RO
629777;22/09/2024;domingo;06:40:00;SC;101;131;BALNEARIO CAMBORIU;Manobra de mudança de faixa;Colisão lateral mesmo sentido;Sem Vítimas;Pleno dia;Decrescente;Nublado;Dupla;Reta;Sim;3;0;0;0;2;1;0;2;-26,99064209;-48,66310912;SPRF-SC;DEL04-SC;UOP03-DEL04-SC
629778;21/08/2024;quarta-feira;23:40:00;RJ;116;337;RESENDE;Condutor Dormindo;Colisão com objeto;Com Vítimas Feridas;Plena Noite;Decrescente;Céu Claro;Dupla;Reta;Não;2;0;2;0;0;0;2;1;-22,50524715;-44,67643994;SPRF-RJ;DEL07-RJ;UOP02-DEL07-RJ
629779;22/09/2024;domingo;02:00:00;RO;364;341;JI-PARANA;Velocidade Incompatível;Colisão com objeto;Com Vítimas Fatais;Plena Noite;Decrescente;Céu Claro;Dupla;Reta;Sim;2;1;0;0;0;1;0;2;-10,88987987;-61,93126772;SPRF-RO;DEL02-RO;UOP01-DEL02-RO
629780;22/09/2024;domingo;05:38:00;PI;343;528;AMARANTE;Pedestre andava na pista;Atropelamento de Pedestre;Com Vítimas Fatais;Amanhecer;Decrescente;Céu Claro;Simples;Reta;Não;2;1;0;0;0;1;0;2;-6,432323;-42,797539;SPRF-PI;DEL03-PI;UOP01-DEL03-PI
629781;22/09/2024;domingo;04:50:00;RJ;40;117;DUQUE DE CAXIAS;Transitar na contramão;Colisão frontal;Com Vítimas Feridas;Plena Noite;Crescente;Nublado;Múltipla;Reta;Sim;4;0;2;0;2;0;2;3;-22,745676;-43,2881;SPRF-RJ;DEL01-RJ;UOP02-DEL01-RJ
629782;21/09/2024;sábado;22:51:00;MT;70;366;CAMPO VERDE;Animais na Pista;Atropelamento de Animal;Com Vítimas Feridas;Plena Noite;Decrescente;Nublado;Simples;"Declive;Reta";Não;1;0;1;0;0;0;1;1;-15,47156133;-55,00330391;SPRF-MT;DEL05-MT;UOP02-DEL05-MT
629785;22/09/2024;domingo;08:00:00;RJ;40;77;PETROPOLIS;Reação tardia ou ineficiente do condutor;Capotamento;Com Vítimas Feridas;Pleno dia;Crescente;Nublado;Simples;"Curva;Declive";Não;1;0;1;0;0;0;1;1;-22,48005592;-43,23543994;SPRF-RJ;DEL01-RJ;UOP01-DEL01-RJ
629786;22/09/2024;domingo;04:40:00;PR;116;112;SAO JOSE DOS PINHAIS;Ingestão de álcool pelo condutor;Saída de leito carroçável;Sem Vítimas;Plena Noite;Decrescente;Céu Claro;Múltipla;Reta;Sim;1;0;0;0;1;0;0;1;-25,56730763;-49,23706792;SPRF-PR;DEL01-PR;UOP03-DEL01-PR
629787;22/09/2024;domingo;07:30:00;SP;381;35;ATIBAIA;Ausência de reação do condutor;Queda de ocupante de veículo;Com Vítimas Feridas;Pleno dia;Crescente;Céu Claro;Dupla;"Reta;Aclive";Não;3;0;1;0;0;2;1;2;-23,088586;-46,571798;SPRF-SP;DEL03-SP;UOP02-DEL03-SP
629788;22/09/2024;domingo;06:10:00;MG;116;721,9;MURIAE;Transitar na contramão;Colisão frontal;Com Vítimas Fatais;Pleno dia;Decrescente;Nublado;Simples;Curva;Não;4;1;3;0;0;0;3;2;-21,25250964;-42,40031915;SPRF-MG;DEL07-MG;UOP02-DEL07-MG
629790;22/09/2024;domingo;08:30:00;PB;104;117,8;CAMPINA GRANDE;Reação tardia ou ineficiente do condutor;Colisão traseira;Com Vítimas Feridas;Pleno dia;Crescente;Garoa/Chuvisco;Simples;Reta;Não;2;0;0;1;1;0;1;2;-7,19030697;-35,86736609;SPRF-PB;DEL02-PB;UOP04-DEL02-PB
629791;22/09/2024;domingo;09:15:00;ES;101;148,9;LINHARES;Condutor desrespeitou a iluminação vermelha do semáforo;Colisão transversal;Sem Vítimas;Pleno dia;Decrescente;Céu Claro;Dupla;"Aclive;Reta;Interseção de Vias";Sim;2;0;0;0;2;0;0;2;-19,38787399;-40,06752766;SPRF-ES;DEL04-ES;UOP01-DEL04-ES
629792;22/09/2024;domingo;09:15:00;PE;232;15,7;JABOATAO DOS GUARARAPES;Acumulo de água sobre o pavimento;Colisão com objeto;Com Vítimas Feridas;Pleno dia;Decrescente;Chuva;Dupla;Curva;Não;1;0;1;0;0;0;1;1;-8,09137732;-35,02917918;SPRF-PE;DEL01-PE;UOP01-DEL01-PE
629794;22/09/2024;domingo;09:25:00;ES;262;35,9;DOMINGOS MARTINS;Ultrapassagem Indevida;Colisão lateral sentido oposto;Com Vítimas Feridas;Pleno dia;Crescente;Sol;Simples;"Curva;Aclive";Não;2;0;0;1;1;0;1;2;-20,38272783;-40,60236812;SPRF-ES;DEL01-ES;UOP01-DEL01-ES
629795;22/09/2024;domingo;09:30:00;SP;116;227;SAO PAULO;Reação tardia ou ineficiente do condutor;Colisão lateral mesmo sentido;Com Vítimas Feridas;Pleno dia;Decrescente;Céu Claro;Múltipla;Reta;Sim;3;0;1;0;2;0;1;2;-23,49659264;-46,55648754;SPRF-SP;DEL01-SP;UOP01-DEL01-SP
629797;22/09/2024;domingo;09:40:00;PE;232;13;JABOATAO DOS GUARARAPES;Reação tardia ou ineficiente do condutor;Capotamento;Com Vítimas Feridas;Pleno dia;Decrescente;Sol;Dupla;Curva;Não;3;0;1;0;2;0;1;1;-8,08831567;-35,01203806;SPRF-PE;DEL01-PE;UOP01-DEL01-PE
629798;22/09/2024;domingo;07:29:00;RO;364;16;VILHENA;Conversão proibida;Colisão transversal;Com Vítimas Feridas;Pleno dia;Crescente;Céu Claro;Simples;Reta;Não;4;0;2;0;2;0;2;2;-12,73437947;-60,15696986;SPRF-RO;DEL04-RO;UOP01-DEL04-RO
629800;22/09/2024;domingo;09:30:00;MG;50;79,1;UBERLANDIA;Velocidade Incompatível;Colisão traseira;Com Vítimas Feridas;Pleno dia;Crescente;Céu Claro;Dupla;"Reta;Declive";Sim;2;0;1;0;1;0;1;2;-18,986906;-48,211853;SPRF-MG;DEL15-MG;UOP01-DEL15-MG
629801;22/09/2024;domingo;05:30:00;RO;364;464,4;ARIQUEMES;Ultrapassagem Indevida;Colisão frontal;Com Vítimas Feridas;Pleno dia;Decrescente;Céu Claro;Simples;Reta;Não;8;0;2;0;6;0;2;2;-10,22931551;-62,75479234;SPRF-RO;DEL03-RO;UOP01-DEL03-RO
629802;22/09/2024;domingo;10:05:00;MG;381;477;CONTAGEM;Ingestão de álcool pelo condutor;Colisão com objeto;Com Vítimas Feridas;Pleno dia;Crescente;Céu Claro;Dupla;Reta;Sim;1;0;1;0;0;0;1;1;-19,95713366;-44,02869701;SPRF-MG;DEL01-MG;UOP03-DEL01-MG
629803;22/09/2024;domingo;10:00:00;RJ;101;416;MANGARATIBA;Condutor Dormindo;Saída de leito carroçável;Com Vítimas Feridas;Pleno dia;Crescente;Céu Claro;Simples;Reta;Não;3;0;1;0;2;0;1;1;-22,91314112;-43,89872789;SPRF-RJ;DEL03-RJ;UOP02-DEL03-RJ
629805;22/09/2024;domingo;09:48:00;DF;60;4,3;BRASILIA;Reação tardia ou ineficiente do condutor;Saída de leito carroçável;Sem Vítimas;Pleno dia;Decrescente;Céu Claro;Dupla;Reta;Sim;1;0;0;0;1;0;0;1;-15,892721;-48,095741;SPRF-DF;DEL03-DF;UOP01-DEL03-DF
629807;22/09/2024;domingo;09:45:00;GO;153;423;ANAPOLIS;Ingestão de álcool pelo condutor;Colisão com objeto;Sem Vítimas;Pleno dia;Crescente;Céu Claro;Dupla;Reta;Não;2;0;0;0;2;0;0;2;-16,197029;-49,025223;SPRF-GO;DEL02-GO;UOP01-DEL02-GO
629808;22/09/2024;domingo;10:30:00;DF;251;57;BRASILIA;Acessar a via sem observar a presença dos outros veículos;Colisão lateral mesmo sentido;Com Vítimas Feridas;Pleno dia;Decrescente;Céu Claro;Simples;Reta;Sim;2;0;1;0;1;0;1;2;-15,948113;-47,845235;SPRF-DF;DEL01-DF;UOP01-DEL01-DF
629809;22/09/2024;domingo;10:50:00;PR;376;189,3;SARANDI;Transitar na contramão;Colisão transversal;Com Vítimas Feridas;Pleno dia;Crescente;Céu Claro;Dupla;Retorno Regulamentado;Sim;9;0;2;0;7;0;2;2;-23,46743884;-51,82671547;SPRF-PR;DEL09-PR;UOP01-DEL09-PR
629810;22/09/2024;domingo;10:15:00;PR;277;545,4;CATANDUVAS;Demais falhas mecânicas ou elétricas;Colisão com objeto;Sem Vítimas;Pleno dia;Crescente;Nublado;Simples;Reta;Não;2;0;0;0;2;0;0;2;-25,10091106;-53,08088299;SPRF-PR;DEL04-PR;UOP04-DEL04-PR
629811;22/09/2024;domingo;07:10:00;MT;163;834,2;SINOP;Trafegar com motocicleta (ou similar) entre as faixas;Colisão com objeto;Com Vítimas Feridas;Pleno dia;Crescente;Nublado;Simples;Reta;Sim;1;0;0;1;0;0;1;1;-11,86888;-55,49795;SPRF-MT;DEL06-MT;UOP02-DEL06-MT