id;data_inversa;dia_semana;horario;uf;br;km;municipio;causa_acidente;tipo_acidente;classificacao_acidente;fase_dia;sentido_via;condicao_metereologica;tipo_pista;tracado_via;uso_solo;pessoas;mortos;feridos_leves;feridos_graves;ilesos;ignorados;feridos;veiculos;latitude;longitude;regional;delegacia;uop
629812;22/09/2024;domingo;00:08:00;RO;364;416,5;JARU;Ingestão de álcool pelo condutor;Tombamento;Com Vítimas Feridas;Plena Noite;Decrescente;Nublado;Simples;"Reta;Aclive";Não;1;0;0;1;0;0;1;1;-10,497604;-62,421074;SPRF-RO;DEL03-RO;UOP02-DEL03-RO
629813;22/09/2024;domingo;09:10:00;MA;135;24;SAO LUIS;Condutor deixou de manter distância do veículo da frente;Colisão traseira;Com Vítimas Feridas;Pleno dia;Decrescente;Sol;Dupla;Reta;Sim;3;0;1;1;0;1;2;2;-2,53073;-44,3068;SPRF-MA;DEL01-MA;UOP01-DEL01-MA
629814;22/09/2024;domingo;11:10:00;SP;116;277;EMBU DAS ARTES;Reação tardia ou ineficiente do condutor;Colisão traseira;Com Vítimas Feridas;Pleno dia;Crescente;Céu Claro;Dupla;Reta;Sim;2;0;1;0;1;0;1;2;-23,64626377;-46,84147596;SPRF-SP;DEL04-SP;UOP01-DEL04-SP
629819;22/09/2024;domingo;11:15:00;MS;60;622,3;JARDIM;Ausência de reação do condutor;Saída de leito carroçável;Com Vítimas Feridas;Pleno dia;Crescente;Céu Claro;Simples;"Reta;Aclive";Não;1;0;1;0;0;0;1;1;-21,70446585;-56,2748909;SPRF-MS;DEL05-MS;UOP01-DEL05-MS
629820;22/09/2024;domingo;10:40:00;PB;230;464;SOUSA;Ingestão de álcool pelo condutor;Colisão traseira;Sem Vítimas;Pleno dia;Crescente;Céu Claro;Simples;Reta;Sim;2;0;0;0;2;0;0;2;-6,7786;-38,2341;SPRF-PB;DEL03-PB;UOP03-DEL03-PB
629821;21/09/2024;sábado;04:50:00;SP;116;146;SAO JOSE DOS CAMPOS;Reação tardia ou ineficiente do condutor;Capotamento;Com Vítimas Feridas;Amanhecer;Decrescente;Céu Claro;Dupla;Reta;Não;2;0;1;1;0;0;2;1;-23,19122919;-45,86327591;SPRF-SP;DEL02-SP;UOP01-DEL02-SP
629822;22/09/2024;domingo;08:30:00;RJ;40;61;PETROPOLIS;Ausência de reação do condutor;Colisão com objeto;Com Vítimas Feridas;Pleno dia;Crescente;Garoa/Chuvisco;Simples;Curva;Não;1;0;1;0;0;0;1;1;-22,40240833;-43,13786279;SPRF-RJ;DEL05-RJ;UOP02-DEL05-RJ
629823;22/09/2024;domingo;08:30:00;RJ;116;131;MAGE;Reação tardia ou ineficiente do condutor;Tombamento;Com Vítimas Feridas;Pleno dia;Decrescente;Céu Claro;Dupla;Reta;Sim;1;0;1;0;0;0;1;1;-22,65608024;-43,12511494;SPRF-RJ;DEL04-RJ;UOP02-DEL04-RJ
629824;22/09/2024;domingo;12:00:00;MG;40;465;SETE LAGOAS;Velocidade Incompatível;Saída de leito carroçável;Com Vítimas Feridas;Pleno dia;Decrescente;Céu Claro;Dupla;"Reta;Declive";Não;3;0;3;0;0;0;3;1;-19,43835777;-44,33103681;SPRF-MG;DEL02-MG;UOP01-DEL02-MG
629825;22/09/2024;domingo;12:00:00;RJ;101;318;SAO GONCALO;Demais falhas mecânicas ou elétricas;Tombamento;Com Vítimas Feridas;Pleno dia;Crescente;Nublado;Dupla;Reta;Sim;2;0;1;0;1;0;1;1;-22,84562994;-43,09841211;SPRF-RJ;DEL02-RJ;UOP02-DEL02-RJ
629826;22/09/2024;domingo;11:50:00;PR;277;113;CAMPO LARGO;Reação tardia ou ineficiente do condutor;Colisão traseira;Com Vítimas Feridas;Pleno dia;Decrescente;Céu Claro;Dupla;Curva;Não;6;0;2;0;4;0;2;2;-25,4309;-49,4236;SPRF-PR;DEL03-PR;UOP03-DEL03-PR
629827;22/09/2024;domingo;12:30:00;SC;282;3,4;FLORIANOPOLIS;Objeto estático sobre o leito carroçável;Colisão traseira;Com Vítimas Feridas;Pleno dia;Crescente;Céu Claro;Múltipla;Reta;Sim;4;0;1;0;3;0;1;2;-27,60278053;-48,59353781;SPRF-SC;DEL01-SC;UOP01-DEL01-SC
629828;22/09/2024;domingo;12:20:00;RJ;101;259;RIO BONITO;Mal súbito do condutor;Atropelamento de Pedestre;Com Vítimas Feridas;Pleno dia;Decrescente;Céu Claro;Dupla;Reta;Sim;2;0;1;0;1;0;1;2;-22,70382012;-42,59637797;SPRF-RJ;DEL02-RJ;UOP03-DEL02-RJ
629834;22/09/2024;domingo;13:05:00;RJ;116;139;MAGE;Condutor deixou de manter distância do veículo da frente;Tombamento;Com Vítimas Fatais;Pleno dia;Crescente;Céu Claro;Dupla;Reta;Sim;1;1;0;0;0;0;0;1;-22,64655224;-43,20138601;SPRF-RJ;DEL04-RJ;UOP02-DEL04-RJ
629835;22/09/2024;domingo;13:50:00;SC;101;45,8;JOINVILLE;Entrada inopinada do pedestre;Atropelamento de Pedestre;Com Vítimas Feridas;Pleno dia;Crescente;Céu Claro;Dupla;Reta;Sim;2;0;0;1;1;0;1;2;-26,33150083;-48,86187762;SPRF-SC;DEL03-SC;UOP01-DEL03-SC
629836;22/09/2024;domingo;12:50:00;PR;487;9;ICARAIMA;Reação tardia ou ineficiente do condutor;Saída de leito carroçável;Sem Vítimas;Pleno dia;Crescente;Nublado;Simples;Aclive;Não;1;0;0;0;1;0;0;1;-23,366682;-53,73161;SPRF-PR;DEL06-PR;UOP03-DEL06-PR
629837;22/09/2024;domingo;08:40:00;BA;324;593,6;CANDEIAS;Demais falhas mecânicas ou elétricas;Saída de leito carroçável;Com Vítimas Feridas;Pleno dia;Crescente;Sol;Dupla;"Curva;Declive";Sim;3;0;1;0;2;0;1;1;-12,71268;-38,454853;SPRF-BA;DEL01-BA;UOP01-DEL01-BA
629838;22/09/2024;domingo;11:30:00;PB;230;136,9;CAMPINA GRANDE;Pista Escorregadia;Saída de leito carroçável;Com Vítimas Feridas;Pleno dia;Crescente;Chuva;Dupla;Curva;Não;1;0;1;0;0;0;1;1;-7,2818;-35,7675;SPRF-PB;DEL02-PB;UOP01-DEL02-PB
629839;22/09/2024;domingo;13:00:00;PB;230;161,8;CAMPINA GRANDE;Condutor deixou de manter distância do veículo da frente;Colisão traseira;Com Vítimas Feridas;Pleno dia;Decrescente;Sol;Simples;"Reta;Em Obras";Não;4;0;1;0;3;0;1;2;-7,2361;-35,941;SPRF-PB;DEL02-PB;UOP01-DEL02-PB
629840;22/09/2024;domingo;10:30:00;BA;324;573;SAO SEBASTIAO DO PASSE;Demais falhas mecânicas ou elétricas;Incêndio;Sem Vítimas;Pleno dia;Decrescente;Céu Claro;Simples;Reta;Sim;1;0;0;0;1;0;0;1;-12,5622012;-38,55964515;SPRF-BA;DEL01-BA;UOP01-DEL01-BA
629843;22/09/2024;domingo;14:15:00;GO;50;194,7;CAMPO ALEGRE DE GOIAS;Condutor Dormindo;Saída de leito carroçável;Com Vítimas Feridas;Pleno dia;Decrescente;Céu Claro;Dupla;Reta;Não;5;0;5;0;0;0;5;1;-17,5278;-47,8275;SPRF-GO;DEL06-GO;UOP01-DEL06-GO
629845;22/09/2024;domingo;14:45:00;MG;50;205,3;DELTA;Demais falhas mecânicas ou elétricas;Saída de leito carroçável;Com Vítimas Feridas;Pleno dia;Decrescente;Céu Claro;Dupla;Reta;Não;5;0;2;3;0;0;5;1;-19,92627147;-47,82191068;SPRF-MG;DEL13-MG;UOP01-DEL13-MG
629846;22/09/2024;domingo;14:40:00;MG;459;60,6;IPUIUNA;Velocidade Incompatível;Saída de leito carroçável;Com Vítimas Fatais;Pleno dia;Crescente;Céu Claro;Simples;Curva;Não;1;1;0;0;0;0;0;1;-22,09242798;-46,21275209;SPRF-MG;DEL09-MG;UOP01-DEL09-MG
629847;22/09/2024;domingo;13:00:00;BA;324;616;SALVADOR;Velocidade Incompatível;Colisão traseira;Com Vítimas Feridas;Pleno dia;Crescente;Céu Claro;Dupla;Reta;Sim;3;0;1;0;0;2;1;2;-12,87957905;-38,43213893;SPRF-BA;DEL01-BA;UOP01-DEL01-BA
629848;22/09/2024;domingo;15:30:00;RJ;101;87,7;CAMPOS DOS GOYTACAZES;Manobra de mudança de faixa;Capotamento;Com Vítimas Feridas;Pleno dia;Decrescente;Nublado;Dupla;Curva;Não;2;0;1;0;1;0;1;1;-21,82626899;-41,49641201;SPRF-RJ;DEL08-RJ;UOP02-DEL08-RJ
629849;22/09/2024;domingo;14:30:00;RJ;40;83;PETROPOLIS;Reação tardia ou ineficiente do condutor;Queda de ocupante de veículo;Com Vítimas Feridas;Pleno dia;Decrescente;Céu Claro;Simples;Curva;Não;1;0;1;0;0;0;1;1;-22,51910302;-43,22873364;SPRF-RJ;DEL01-RJ;UOP01-DEL01-RJ
629850;22/09/2024;domingo;14:00:00;PB;230;115,7;INGA;Mal súbito do condutor;Colisão com objeto;Com Vítimas Fatais;Pleno dia;Decrescente;Céu Claro;Dupla;"Declive;Reta";Não;2;1;0;0;0;1;0;2;-7,2296;-35,5998;SPRF-PB;DEL01-PB;UOP03-DEL01-PB
629852;22/09/2024;domingo;14:20:00;MG;40;253;SAO GONCALO DO ABAETE;Manobra de mudança de faixa;Colisão lateral mesmo sentido;Sem Vítimas;Pleno dia;Crescente;Céu Claro;Simples;"Reta;Aclive";Não;4;0;0;0;4;0;0;2;-18,12760614;-45,41828006;SPRF-MG;DEL14-MG;UOP02-DEL14-MG
629853;22/09/2024;domingo;15:00:00;SP;381;56;MAIRIPORA;Ausência de reação do condutor;Colisão traseira;Com Vítimas Feridas;Pleno dia;Crescente;Céu Claro;Dupla;Reta;Sim;3;0;2;0;1;0;2;2;-23,25907163;-46,58982662;SPRF-SP;DEL03-SP;UOP01-DEL03-SP
629854;22/09/2024;domingo;13:30:00;BA;116;496;SANTA TERESINHA;Ausência de reação do condutor;Colisão com objeto;Com Vítimas Feridas;Pleno dia;Crescente;Céu Claro;Simples;"Reta;Interseção de Vias";Não;6;0;1;0;5;0;1;2;-12,59255424;-39,5283258;SPRF-BA;DEL02-BA;UOP01-DEL02-BA
629855;22/09/2024;domingo;15:35:00;SC;101;214,3;PALHOCA;Acumulo de óleo sobre o pavimento;Tombamento;Com Vítimas Feridas;Pleno dia;Decrescente;Céu Claro;Múltipla;"Reta;Retorno Regulamentado";Sim;1;0;1;0;0;0;1;1;-27,64443;-48,67057;SPRF-SC;DEL01-SC;UOP02-DEL01-SC
629856;22/09/2024;domingo;15:50:00;MG;381;888;ESTIVA;Condutor Dormindo;Saída de leito carroçável;Com Vítimas Feridas;Pleno dia;Decrescente;Céu Claro;Dupla;Reta;Não;1;0;1;0;0;0;1;1;-22,52435125;-46,02425337;SPRF-MG;DEL16-MG;UOP03-DEL16-MG
629857;22/09/2024;domingo;15:55:00;ES;101;394;RIO NOVO DO SUL;Manobra de mudança de faixa;Tombamento;Com Vítimas Feridas;Pleno dia;Decrescente;Nublado;Simples;Reta;Não;2;0;2;0;0;0;2;1;-20,86561852;-40,92318907;SPRF-ES;DEL03-ES;UOP02-DEL03-ES
629858;22/09/2024;domingo;13:08:00;MS;267;56,6;BATAGUASSU;Ultrapassagem Indevida;Colisão frontal;Com Vítimas Fatais;Pleno dia;Decrescente;Sol;Simples;"Aclive;Reta";Não;6;1;0;5;0;0;5;2;-21,83314316;-52,63832597;SPRF-MS;DEL02-MS;UOP04-DEL02-MS
629859;22/09/2024;domingo;16:20:00;ES;262;18,4;VIANA;Condutor deixou de manter distância do veículo da frente;Colisão traseira;Com Vítimas Feridas;Pleno dia;Decrescente;Céu Claro;Simples;Reta;Sim;4;0;1;0;2;1;1;4;-20,39137228;-40,48080285;SPRF-ES;DEL01-ES;UOP01-DEL01-ES
629860;22/09/2024;domingo;16:00:00;SP;153;108,8;JOSE BONIFACIO;Condutor deixou de manter distância do veículo da frente;Colisão traseira;Com Vítimas Feridas;Pleno dia;Crescente;Nublado;Simples;"Reta;Aclive";Não;4;0;1;0;3;0;1;2;-21,075616;-49,668262;SPRF-SP;DEL09-SP;UOP01-DEL09-SP
629861;22/09/2024;domingo;16:10:00;PB;101;23,6;MAMANGUAPE;Ingestão de álcool pelo condutor;Colisão com objeto;Sem Vítimas;Pleno dia;Crescente;Céu Claro;Simples;Reta;Não;3;0;0;0;3;0;0;1;-6,69006397;-35,11528625;SPRF-PB;DEL01-PB;UOP04-DEL01-PB
629862;22/09/2024;domingo;15:30:00;PR;376;6;MARINGA;Ingestão de álcool pelo condutor;Saída de leito carroçável;Com Vítimas Feridas;Pleno dia;Crescente;Céu Claro;Dupla;Reta;Sim;1;0;1;0;0;0;1;1;-23,37581302;-51,93864221;SPRF-PR;DEL09-PR;UOP01-DEL09-PR
629864;22/09/2024;domingo;15:00:00;PB;104;10;CUITE;Ingestão de álcool pelo condutor;Colisão traseira;Com Vítimas Feridas;Pleno dia;Crescente;Céu Claro;Simples;Curva;Sim;4;0;1;0;3;0;1;2;-6,48512231;-36,15364552;SPRF-PB;DEL02-PB;UOP04-DEL02-PB
629865;22/09/2024;domingo;16:10:00;RJ;101;418;MANGARATIBA;Condutor deixou de manter distância do veículo da frente;Colisão traseira;Com Vítimas Feridas;Pleno dia;Crescente;Céu Claro;Simples;Túnel;Não;3;0;1;0;2;0;1;2;-22,9178274;-43,90471593;SPRF-RJ;DEL03-RJ;UOP02-DEL03-RJ
629867;22/09/2024;domingo;15:50:00;PR;116;104;SAO JOSE DOS PINHAIS;Ingestão de álcool pelo condutor;Saída de leito carroçável;Sem Vítimas;Pleno dia;Crescente;Sol;Dupla;Reta;Sim;1;0;0;0;1;0;0;1;-25,57129487;-49,19632673;SPRF-PR;DEL01-PR;UOP07-DEL01-PR
629870;22/09/2024;domingo;15:50:00;PE;232;410;SERRA TALHADA;Ausência de reação do condutor;Atropelamento de Pedestre;Com Vítimas Feridas;Pleno dia;Decrescente;Céu Claro;Simples;Reta;Sim;2;0;1;0;0;1;1;2;-7,98261841;-38,30039606;SPRF-PE;DEL04-PE;UOP01-DEL04-PE
629871;22/09/2024;domingo;15:00:00;PB;104;113;LAGOA SECA;Acessar a via sem observar a presença dos outros veículos;Colisão frontal;Com Vítimas Feridas;Pleno dia;Decrescente;Sol;Simples;Reta;Sim;2;0;0;1;1;0;1;2;-7,15342626;-35,85241772;SPRF-PB;DEL02-PB;UOP04-DEL02-PB
629872;22/09/2024;domingo;16:30:00;BA;324;608;SIMOES FILHO;Reação tardia ou ineficiente do condutor;Colisão traseira;Com Vítimas Feridas;Pleno dia;Crescente;Céu Claro;Dupla;Reta;Não;4;0;1;0;2;1;1;2;-12,81182914;-38,40478762;SPRF-BA;DEL01-BA;UOP01-DEL01-BA
629874;22/09/2024;domingo;16:20:00;PE;316;335,5;PETROLANDIA;Ausência de reação do condutor;Saída de leito carroçável;Com Vítimas Feridas;Pleno dia;Decrescente;Céu Claro;Simples;Reta;Não;1;0;0;1;0;0;1;1;-8,76876567;-38,35999887;SPRF-PE;DEL04-PE;UOP03-DEL04-PE
629875;22/09/2024;domingo;17:15:00;SC;101;210;SAO JOSE;Reação tardia ou ineficiente do condutor;Colisão traseira;Sem Vítimas;Pleno dia;Decrescente;Céu Claro;Múltipla;Reta;Sim;2;0;0;0;1;1;0;2;-27,6167305;-48,6457265;SPRF-SC;DEL01-SC;UOP01-DEL01-SC
629876;22/09/2024;domingo;15:30:00;BA;420;289,3;UBAIRA;Reação tardia ou ineficiente do condutor;Colisão com objeto;Com Vítimas Fatais;Pleno dia;Crescente;Céu Claro;Simples;Curva;Não;2;1;0;1;0;0;1;1;-13,260376;-39,676895;SPRF-BA;DEL03-BA;UOP01-DEL03-BA
629877;22/09/2024;domingo;17:40:00;RS;116;301;GUAIBA;Reação tardia ou ineficiente do condutor;Colisão traseira;Com Vítimas Feridas;Anoitecer;Decrescente;Nublado;Simples;Reta;Não;3;0;1;0;2;0;1;2;-30,131899;-51,353867;SPRF-RS;DEL02-RS;UOP01-DEL02-RS
629878;22/09/2024;domingo;18:00:00;RS;386;350,9;ESTRELA;Transitar no Acostamento;Atropelamento de Pedestre;Com Vítimas Feridas;Pleno dia;Decrescente;Céu Claro;Dupla;Reta;Não;3;0;2;0;1;0;2;2;-29,48282992;-51,95430279;SPRF-RS;DEL04-RS;UOP01-DEL04-RS
629879;22/09/2024;domingo;08:00:00;MS;60;49,5;PARAISO DAS AGUAS;Reação tardia ou ineficiente do condutor;Saída de leito carroçável;Com Vítimas Feridas;Pleno dia;Decrescente;Nublado;Simples;Reta;Não;1;0;0;1;0;0;1;1;-18,97663281;-52,90706404;SPRF-MS;DEL08-MS;UOP01-DEL08-MS
629881;22/09/2024;domingo;18:05:00;MT;70;35;BARRA DO GARCAS;Acostamento em desnível;Saída de leito carroçável;Com Vítimas Feridas;Anoitecer;Crescente;Sol;Simples;Reta;Não;4;0;3;0;1;0;3;1;-15,77730648;-52,51907594;SPRF-MT;DEL07-MT;UOP01-DEL07-MT
629884;22/09/2024;domingo;17:00:00;SC;480;127,2;CHAPECO;Reação tardia ou ineficiente do condutor;Colisão com objeto;Sem Vítimas;Pleno dia;Crescente;Céu Claro;Simples;Reta;Sim;2;0;0;0;2;0;0;1;-27,031517;-52,633895;SPRF-SC;DEL07-SC;UOP01-DEL07-SC
629886;22/09/2024;domingo;17:50:00;RJ;101;319;NITEROI;Transitar no Acostamento;Colisão traseira;Com Vítimas Feridas;Plena Noite;Decrescente;Céu Claro;Dupla;Reta;Sim;4;0;1;0;3;0;1;2;-22,85411774;-43,1018014;SPRF-RJ;DEL02-RJ;UOP02-DEL02-RJ
629888;22/09/2024;domingo;18:15:00;MG;262;382;FLORESTAL;Ingestão de álcool pelo condutor;Colisão traseira;Com Vítimas Feridas;Anoitecer;Decrescente;Céu Claro;Dupla;Reta;Não;6;0;4;1;1;0;5;2;-19,933956;-44,393574;SPRF-MG;DEL01-MG;UOP03-DEL01-MG
629890;22/09/2024;domingo;18:00:00;RJ;101;57;CAMPOS DOS GOYTACAZES;Ingestão de álcool pelo condutor;Colisão frontal;Com Vítimas Feridas;Plena Noite;Decrescente;Céu Claro;Simples;Reta;Não;3;0;2;0;1;0;2;3;-21,70205;-41,310014;SPRF-RJ;DEL08-RJ;UOP01-DEL08-RJ
629891;22/09/2024;domingo;18:25:00;RJ;101;487;ANGRA DOS REIS;Acessar a via sem observar a presença dos outros veículos;Colisão lateral sentido oposto;Com Vítimas Feridas;Plena Noite;Crescente;Céu Claro;Simples;Reta;Não;2;0;1;0;1;0;1;2;-22,96828891;-44,29864663;SPRF-RJ;DEL03-RJ;UOP03-DEL03-RJ
629892;22/09/2024;domingo;18:10:00;PB;101;44,9;MAMANGUAPE;Manobra de mudança de faixa;Colisão traseira;Com Vítimas Feridas;Plena Noite;Crescente;Céu Claro;Dupla;Reta;Não;3;0;1;1;1;0;2;2;-6,87451305;-35,13232736;SPRF-PB;DEL01-PB;UOP04-DEL01-PB
629893;22/09/2024;domingo;18:45:00;MG;40;602;CONGONHAS;Acessar a via sem observar a presença dos outros veículos;Colisão transversal;Com Vítimas Feridas;Plena Noite;Decrescente;Chuva;Simples;Curva;Sim;2;0;0;1;1;0;1;2;-20,43679609;-43,84638106;SPRF-MG;DEL05-MG;UOP02-DEL05-MG
629895;22/09/2024;domingo;17:25:00;MS;163;490,2;CAMPO GRANDE;Suicídio (presumido);Saída de leito carroçável;Sem Vítimas;Anoitecer;Crescente;Céu Claro;Simples;Rotatória;Sim;1;0;0;0;0;1;0;1;-20,39374999;-54,55797672;SPRF-MS;DEL01-MS;UOP02-DEL01-MS
629898;22/09/2024;domingo;12:10:00;RJ;116;245;PIRAI;Reação tardia ou ineficiente do condutor;Colisão com objeto;Com Vítimas Feridas;Pleno dia;Decrescente;Céu Claro;Dupla;Retorno Regulamentado;Não;1;0;0;1;0;0;1;1;-22,62040692;-43,92593694;SPRF-RJ;DEL07-RJ;UOP01-DEL07-RJ
629902;22/09/2024;domingo;17:40:00;MG;116;480;DOM CAVATI;Ausência de reação do condutor;Colisão traseira;Com Vítimas Feridas;Anoitecer;Decrescente;Céu Claro;Simples;"Reta;Declive";Sim;5;0;4;0;1;0;4;2;-19,39396202;-42,11351393;SPRF-MG;DEL06-MG;UOP02-DEL06-MG
629903;22/09/2024;domingo;19:15:00;SP;116;64,7;GUARATINGUETA;Ausência de reação do condutor;Colisão traseira;Com Vítimas Feridas;Plena Noite;Decrescente;Céu Claro;Dupla;Curva;Não;3;0;0;1;2;0;1;2;-22,81942006;-45,18421298;SPRF-SP;DEL08-SP;UOP01-DEL08-SP
629905;22/09/2024;domingo;18:40:00;SC;280;126,7;RIO NEGRINHO;Reação tardia ou ineficiente do condutor;Colisão com objeto;Sem Vítimas;Plena Noite;Crescente;Céu Claro;Simples;"Reta;Declive";Sim;2;0;0;0;2;0;0;2;-26,23779604;-49,49427399;SPRF-SC;DEL06-SC;UOP03-DEL06-SC
629906;22/09/2024;domingo;19:10:00;MG;262;784,3;UBERABA;Ausência de reação do condutor;Saída de leito carroçável;Com Vítimas Fatais;Plena Noite;Decrescente;Céu Claro;Simples;Interseção de Vias;Não;1;1;0;0;0;0;0;1;-19,737642;-47,751118;SPRF-MG;DEL13-MG;UOP01-DEL13-MG
629907;22/09/2024;domingo;17:50:00;RJ;101;190;CASIMIRO DE ABREU;Demais falhas mecânicas ou elétricas;Incêndio;Sem Vítimas;Pleno dia;Crescente;Céu Claro;Dupla;Curva;Não;1;0;0;0;1;0;0;1;-22,46340846;-42,0658817;SPRF-RJ;DEL08-RJ;UOP04-DEL08-RJ
629908;22/09/2024;domingo;16:30:00;SC;116;182;SAO CRISTOVAO DO SUL;Reação tardia ou ineficiente do condutor;Saída de leito carroçável;Sem Vítimas;Pleno dia;Crescente;Céu Claro;Simples;Reta;Não;2;0;0;0;2;0;0;1;-27,28432303;-50,43403407;SPRF-SC;DEL05-SC;UOP03-DEL05-SC
629909;22/09/2024;domingo;19:30:00;RS;116;246;SAO LEOPOLDO;Reação tardia ou ineficiente do condutor;Tombamento;Com Vítimas Feridas;Plena Noite;Decrescente;Céu Claro;Dupla;Curva;Sim;2;0;1;0;1;0;1;2;-29,76169507;-51,15217209;SPRF-RS;DEL01-RS;UOP02-DEL01-RS
629910;22/09/2024;domingo;19:15:00;GO;40;80,4;CRISTALINA;Animais na Pista;Atropelamento de Animal;Com Vítimas Feridas;Plena Noite;Decrescente;Céu Claro;Dupla;Reta;Não;1;0;1;0;0;0;1;1;-16,669464;-47,713391;SPRF-DF;DEL01-DF;UOP02-DEL01-DF
629911;22/09/2024;domingo;18:30:00;PR;153;354;REBOUCAS;Ingestão de álcool pelo condutor;Colisão lateral sentido oposto;Sem Vítimas;Plena Noite;Crescente;Céu Claro;Simples;Reta;Não;2;0;0;0;2;0;0;2;-25,63077912;-50,7269568;SPRF-PR;DEL08-PR;UOP02-DEL08-PR
629912;22/09/2024;domingo;18:25:00;PR;277;39,3;MORRETES;Ultrapassagem Indevida;Tombamento;Com Vítimas Feridas;Plena Noite;Crescente;Nublado;Dupla;"Reta;Aclive";Não;1;0;1;0;0;0;1;1;-25,5797422;-48,8636567;SPRF-PR;DEL01-PR;UOP05-DEL01-PR
629913;22/09/2024;domingo;18:28:00;DF;20;15,4;BRASILIA;Velocidade Incompatível;Saída de leito carroçável;Com Vítimas Feridas;Anoitecer;Decrescente;Céu Claro;Dupla;Reta;Não;5;0;1;0;4;0;1;1;-15,630189;-47,733288;SPRF-DF;DEL02-DF;UOP01-DEL02-DF
629914;22/09/2024;domingo;19:40:00;SP;116;349,8;MIRACATU;Ausência de reação do condutor;Atropelamento de Pedestre;Com Vítimas Feridas;Plena Noite;Crescente;Céu Claro;Dupla;"Declive;Curva";Não;3;0;0;2;0;1;2;3;-24,05190879;-47,213052;SPRF-SP;DEL04-SP;UOP03-DEL04-SP
629917;22/09/2024;domingo;18:45:00;DF;70;10;BRASILIA;Acessar a via sem observar a presença dos outros veículos;Colisão traseira;Com Vítimas Feridas;Plena Noite;Decrescente;Céu Claro;Dupla;Reta;Não;6;0;1;0;5;0;1;2;-15,787066;-48,140709;SPRF-DF;DEL03-DF;UOP02-DEL03-DF
629918;22/09/2024;domingo;19:10:00;PR;158;507;CORONEL VIVIDA;Ausência de reação do condutor;Colisão frontal;Com Vítimas Feridas;Plena Noite;Crescente;Nublado;Simples;"Declive;Curva";Não;2;0;0;1;1;0;1;2;-26,02485633;-52,58563042;SPRF-PR;DEL02-PR;UOP01-DEL02-PR
629919;22/09/2024;domingo;20:10:00;RS;386;350;ESTRELA;Condutor deixou de manter distância do veículo da frente;Colisão traseira;Com Vítimas Feridas;Plena Noite;Crescente;Nublado;Simples;"Desvio Temporário;Em Obras";Sim;6;0;1;0;5;0;1;2;-29,4743;-51,952923;SPRF-RS;DEL04-RS;UOP01-DEL04-RS
629920;22/09/2024;domingo;19:30:00;PR;376;499;PONTA GROSSA;Pedestre cruzava a pista fora da faixa;Colisão transversal;Com Vítimas Feridas;Plena Noite;Decrescente;Céu Claro;Dupla;Aclive;Não;2;0;1;0;1;0;1;2;-25,19475149;-50,07738945;SPRF-PR;DEL03-PR;UOP04-DEL03-PR
629921;22/09/2024;domingo;20:15:00;CE;116;17;FORTALEZA;Manobra de mudança de faixa;Saída de leito carroçável;Com Vítimas Feridas;Plena Noite;Decrescente;Céu Claro;Dupla;"Declive;Reta";Não;3;0;3;0;0;0;3;1;-3,89617918;-38,50336042;SPRF-CE;DEL01-CE;UOP02-DEL01-CE
629923;22/09/2024;domingo;19:20:00;PI;343;262,7;CAMPO MAIOR;Pista esburacada;Tombamento;Com Vítimas Feridas;Plena Noite;Crescente;Céu Claro;Simples;Reta;Não;2;0;1;0;1;0;1;1;-4,81223;-42,153191;SPRF-PI;DEL01-PI;UOP03-DEL01-PI
629924;22/09/2024;domingo;19:30:00;GO;70;474;GOIAS;Ingestão de álcool pelo condutor;Colisão lateral mesmo sentido;Sem Vítimas;Plena Noite;Crescente;Céu Claro;Dupla;Reta;Sim;3;0;0;0;3;0;0;2;-15,89534882;-50,44062194;SPRF-GO;DEL04-GO;UOP02-DEL04-GO
629925;22/09/2024;domingo;18:00:00;SC;282;617,8;IRACEMINHA;Ausência de reação do condutor;Colisão traseira;Com Vítimas Feridas;Pleno dia;Decrescente;Céu Claro;Simples;Reta;Sim;3;0;1;0;2;0;1;2;-26,782682;-53,285789;SPRF-SC;DEL07-SC;UOP02-DEL07-SC
629926;22/09/2024;domingo;20:15:00;RJ;116;311;RESENDE;Ingestão de álcool pelo condutor;Colisão transversal;Sem Vítimas;Plena Noite;Crescente;Céu Claro;Simples;Interseção de Vias;Não;2;0;0;0;2;0;0;2;-22,46086624;-44,44296321;SPRF-RJ;DEL07-RJ;UOP02-DEL07-RJ
629927;22/09/2024;domingo;18:00:00;AL;316;271;SATUBA;Transitar na contramão;Colisão frontal;Com Vítimas Feridas;Plena Noite;Crescente;Céu Claro;Simples;"Curva;Aclive";Sim;4;0;1;1;1;1;2;2;-9,57122709;-35,81523795;SPRF-AL;DEL02-AL;UOP01-DEL02-AL
629928;22/09/2024;domingo;20:20:00;RJ;116;174;SAO JOAO DE MERITI;Ingestão de álcool pelo condutor;Capotamento;Sem Vítimas;Plena Noite;Decrescente;Céu Claro;Múltipla;Reta;Sim;2;0;0;0;2;0;0;2;-22,79423806;-43,36403759;SPRF-RJ;DEL06-RJ;UOP01-DEL06-RJ
629929;22/09/2024;domingo;17:40:00;RJ;101;296;ITABORAI;Ausência de reação do condutor;Colisão traseira;Com Vítimas Feridas;Anoitecer;Decrescente;Céu Claro;Dupla;Reta;Não;3;0;1;0;2;0;1;2;-22,7670498;-42,91019601;SPRF-RJ;DEL02-RJ;UOP02-DEL02-RJ
629930;22/09/2024;domingo;19:00:00;SC;280;23,5;ARAQUARI;Ausência de reação do condutor;Engavetamento;Com Vítimas Fatais;Plena Noite;Crescente;Céu Claro;Simples;Reta;Não;3;1;0;0;2;0;0;3;-26,374207;-48,715993;SPRF-SC;DEL03-SC;UOP03-DEL03-SC