id;data_inversa;dia_semana;horario;uf;br;km;municipio;causa_acidente;tipo_acidente;classificacao_acidente;fase_dia;sentido_via;condicao_metereologica;tipo_pista;tracado_via;uso_solo;pessoas;mortos;feridos_leves;feridos_graves;ilesos;ignorados;feridos;veiculos;latitude;longitude;regional;delegacia;uop
630033;23/09/2024;segunda-feira;09:46:00;PR;369;161,2;CAMBE;Pedestre andava na pista;Atropelamento de Pedestre;Com Vítimas Feridas;Pleno dia;Decrescente;Céu Claro;Dupla;Interseção de Vias;Sim;3;0;0;1;1;1;1;2;-23,28871619;-51,26160622;SPRF-PR;DEL07-PR;UOP01-DEL07-PR
630034;23/09/2024;segunda-feira;10:45:00;SE;235;6;NOSSA SENHORA DO SOCORRO;Condutor deixou de manter distância do veículo da frente;Colisão traseira;Com Vítimas Feridas;Pleno dia;Decrescente;Céu Claro;Dupla;Reta;Não;2;0;0;1;1;0;1;2;-10,903851;-37,128677;SPRF-SE;DEL01-SE;UOP01-DEL01-SE
630035;23/09/2024;segunda-feira;10:34:00;TO;153;796;TALISMA;Ingestão de álcool pelo condutor;Saída de leito carroçável;Com Vítimas Feridas;Pleno dia;Crescente;Céu Claro;Simples;Reta;Não;1;0;1;0;0;0;1;1;-12,78022596;-49,09024916;SPRF-TO;DEL01-TO;UOP02-DEL01-TO
630036;23/09/2024;segunda-feira;05:20:00;SC;470;174;POUSO REDONDO;Ausência de sinalização;Saída de leito carroçável;Com Vítimas Feridas;Amanhecer;Crescente;Céu Claro;Simples;"Reta;Em Obras";Não;4;0;4;0;0;0;4;1;-27,258179;-49,929146;SPRF-SC;DEL04-SC;UOP02-DEL04-SC
630039;23/09/2024;segunda-feira;10:45:00;RS;116;264,9;CANOAS;Pedestre andava na pista;Atropelamento de Pedestre;Com Vítimas Fatais;Pleno dia;Decrescente;Nublado;Múltipla;Reta;Sim;3;1;0;0;1;1;0;2;-29,914435;-51,17754495;SPRF-RS;DEL01-RS;UOP01-DEL01-RS
630040;19/09/2024;quinta-feira;22:45:00;RJ;101;513;ANGRA DOS REIS;Reação tardia ou ineficiente do condutor;Colisão frontal;Com Vítimas Feridas;Plena Noite;Crescente;Céu Claro;Simples;Reta;Não;2;0;0;1;1;0;1;2;-22,97495006;-44,4478251;SPRF-RJ;DEL03-RJ;UOP03-DEL03-RJ
630041;23/09/2024;segunda-feira;10:00:00;PE;101;93;CABO DE SANTO AGOSTINHO;Reação tardia ou ineficiente do condutor;Saída de leito carroçável;Com Vítimas Feridas;Pleno dia;Crescente;Sol;Dupla;Reta;Sim;3;0;2;1;0;0;3;2;-8,2396419;-35,00335418;SPRF-PE;DEL01-PE;UOP01-DEL01-PE
630042;23/09/2024;segunda-feira;11:20:00;AL;104;92,6;RIO LARGO;Condutor deixou de manter distância do veículo da frente;Colisão traseira;Com Vítimas Feridas;Pleno dia;Crescente;Céu Claro;Dupla;"Declive;Reta";Sim;7;0;2;0;5;0;2;3;-9,51818474;-35,80329441;SPRF-AL;DEL01-AL;UOP01-DEL01-AL
630043;23/09/2024;segunda-feira;11:40:00;PB;101;107,7;ALHANDRA;Condutor Dormindo;Saída de leito carroçável;Com Vítimas Feridas;Pleno dia;Decrescente;Céu Claro;Dupla;Reta;Não;1;0;1;0;0;0;1;1;-7,32917589;-34,94706011;SPRF-PB;DEL01-PB;UOP02-DEL01-PB
630044;23/09/2024;segunda-feira;08:00:00;BA;116;632;JAGUAQUARA;Acessar a via sem observar a presença dos outros veículos;Colisão transversal;Com Vítimas Feridas;Pleno dia;Crescente;Céu Claro;Simples;Reta;Sim;2;0;2;0;0;0;2;2;-13,46756485;-40,03652534;SPRF-BA;DEL03-BA;UOP01-DEL03-BA
630045;23/09/2024;segunda-feira;10:54:00;PR;369;426;UBIRATA;Acessar a via sem observar a presença dos outros veículos;Colisão transversal;Com Vítimas Feridas;Pleno dia;Crescente;Céu Claro;Simples;Reta;Não;2;0;0;1;1;0;1;2;-24,53119522;-52,94809341;SPRF-PR;DEL04-PR;UOP03-DEL04-PR
630046;23/09/2024;segunda-feira;12:20:00;CE;116;23;ITAITINGA;Acessar a via sem observar a presença dos outros veículos;Colisão transversal;Com Vítimas Feridas;Pleno dia;Crescente;Céu Claro;Dupla;"Reta;Declive";Sim;2;0;2;0;0;0;2;2;-3,94905489;-38,51212845;SPRF-CE;DEL01-CE;UOP02-DEL01-CE
630047;23/09/2024;segunda-feira;12:20:00;RN;304;118;ITAJA;Acessar a via sem observar a presença dos outros veículos;Colisão transversal;Com Vítimas Feridas;Pleno dia;Decrescente;Céu Claro;Simples;Reta;Não;2;0;1;0;1;0;1;2;-5,6259351;-36,87237305;SPRF-RN;DEL04-RN;UOP01-DEL04-RN
630049;23/09/2024;segunda-feira;07:15:00;MG;116;666,3;SAO FRANCISCO DO GLORIA;Acumulo de areia ou detritos sobre o pavimento;Tombamento;Com Vítimas Feridas;Pleno dia;Crescente;Nublado;Simples;"Declive;Curva";Não;1;0;1;0;0;0;1;1;-20,83594493;-42,32274316;SPRF-MG;DEL07-MG;UOP02-DEL07-MG
630050;23/09/2024;segunda-feira;10:15:00;CE;230;81,8;VARZEA ALEGRE;Transitar na contramão;Colisão transversal;Com Vítimas Feridas;Pleno dia;Decrescente;Céu Claro;Simples;"Reta;Declive";Não;3;0;0;1;2;0;1;2;-6,789274;-39,316742;SPRF-CE;DEL05-CE;UOP01-DEL05-CE
630053;23/09/2024;segunda-feira;09:10:00;RS;386;426;MONTENEGRO;Manobra de mudança de faixa;Colisão com objeto;Sem Vítimas;Pleno dia;Decrescente;Nublado;Múltipla;Reta;Não;3;0;0;0;3;0;0;1;-29,819479;-51,36208;SPRF-RS;DEL04-RS;UOP02-DEL04-RS
630054;23/09/2024;segunda-feira;13:04:00;GO;452;1;RIO VERDE;Ausência de reação do condutor;Colisão traseira;Com Vítimas Feridas;Pleno dia;Crescente;Céu Claro;Múltipla;Reta;Sim;4;0;2;1;0;1;3;3;-17,79126493;-50,89368296;SPRF-GO;DEL04-GO;UOP01-DEL04-GO
630055;23/09/2024;segunda-feira;11:30:00;MT;163;754;SORRISO;Acumulo de óleo sobre o pavimento;Queda de ocupante de veículo;Com Vítimas Feridas;Pleno dia;Decrescente;Céu Claro;Dupla;Retorno Regulamentado;Sim;1;0;1;0;0;0;1;1;-12,54272644;-55,70822781;SPRF-MT;DEL06-MT;UOP01-DEL06-MT
630056;23/09/2024;segunda-feira;12:50:00;MT;163;1037;MATUPA;Reação tardia ou ineficiente do condutor;Saída de leito carroçável;Com Vítimas Feridas;Pleno dia;Decrescente;Nublado;Simples;Reta;Sim;2;0;2;0;0;0;2;1;-10,20494096;-54,95972253;SPRF-MT;DEL06-MT;UOP03-DEL06-MT
630057;23/09/2024;segunda-feira;12:20:00;RJ;493;20;MAGE;Transitar no Acostamento;Colisão lateral mesmo sentido;Com Vítimas Feridas;Pleno dia;Crescente;Sol;Simples;Reta;Sim;2;0;0;1;1;0;1;2;-22,66364;-43,036495;SPRF-RJ;DEL04-RJ;UOP02-DEL04-RJ
630059;23/09/2024;segunda-feira;14:00:00;GO;153;414,2;PIRENOPOLIS;Demais falhas mecânicas ou elétricas;Tombamento;Sem Vítimas;Pleno dia;Decrescente;Céu Claro;Simples;Reta;Não;2;0;0;0;2;0;0;1;-16,125668;-49,043564;SPRF-GO;DEL02-GO;UOP02-DEL02-GO
630061;23/09/2024;segunda-feira;13:45:00;CE;222;19;CAUCAIA;Condutor deixou de manter distância do veículo da frente;Colisão traseira;Com Vítimas Feridas;Pleno dia;Crescente;Céu Claro;Simples;"Em Obras;Reta";Não;3;0;2;0;1;0;2;2;-3,74520337;-38,72713719;SPRF-CE;DEL01-CE;UOP01-DEL01-CE
630062;23/09/2024;segunda-feira;13:30:00;PE;232;5,9;RECIFE;Condutor deixou de manter distância do veículo da frente;Colisão lateral mesmo sentido;Com Vítimas Feridas;Pleno dia;Decrescente;Céu Claro;Múltipla;Reta;Sim;2;0;2;0;0;0;2;2;-8,070902;-34,952801;SPRF-PE;DEL01-PE;UOP01-DEL01-PE
630064;23/09/2024;segunda-feira;14:21:00;DF;70;15,8;BRASILIA;Carga excessiva e/ou mal acondicionada;Tombamento;Com Vítimas Feridas;Pleno dia;Crescente;Céu Claro;Dupla;Rotatória;Não;1;0;1;0;0;0;1;1;-15,79529909;-48,19703221;SPRF-DF;DEL03-DF;UOP02-DEL03-DF
630066;23/09/2024;segunda-feira;12:50:00;MG;381;153,6;GOVERNADOR VALADARES;Velocidade Incompatível;Tombamento;Com Vítimas Feridas;Pleno dia;Crescente;Sol;Simples;Retorno Regulamentado;Sim;1;0;1;0;0;0;1;1;-18,88190287;-41,99497022;SPRF-MG;DEL06-MG;UOP01-DEL06-MG
630067;23/09/2024;segunda-feira;14:20:00;MG;381;482;BETIM;Manobra de mudança de faixa;Colisão lateral mesmo sentido;Com Vítimas Feridas;Pleno dia;Decrescente;Céu Claro;Dupla;"Declive;Reta";Sim;2;0;1;0;1;0;1;2;-19,95882786;-44,07371521;SPRF-MG;DEL01-MG;UOP03-DEL01-MG
630068;20/09/2024;sexta-feira;15:00:00;GO;80;63,9;PADRE BERNARDO;Demais falhas mecânicas ou elétricas;Incêndio;Sem Vítimas;Pleno dia;Crescente;Céu Claro;Simples;Reta;Não;1;0;0;0;0;1;0;1;-15,181702;-48,427874;SPRF-DF;DEL03-DF;UOP02-DEL03-DF
630071;23/09/2024;segunda-feira;13:20:00;SC;163;101,4;SAO JOSE DO CEDRO;Acessar a via sem observar a presença dos outros veículos;Colisão transversal;Com Vítimas Feridas;Pleno dia;Decrescente;Céu Claro;Simples;"Reta;Aclive";Não;2;0;1;0;1;0;1;2;-26,47803802;-53,50670007;SPRF-SC;DEL07-SC;UOP03-DEL07-SC
630074;23/09/2024;segunda-feira;13:13:00;RJ;40;113;DUQUE DE CAXIAS;Acumulo de óleo sobre o pavimento;Tombamento;Com Vítimas Feridas;Pleno dia;Decrescente;Céu Claro;Dupla;Retorno Regulamentado;Sim;2;0;1;0;1;0;1;1;-22,71645885;-43,28942657;SPRF-RJ;DEL01-RJ;UOP02-DEL01-RJ
630076;23/09/2024;segunda-feira;14:50:00;PR;116;14,5;COLOMBO;Demais falhas mecânicas ou elétricas;Tombamento;Com Vítimas Feridas;Pleno dia;Decrescente;Céu Claro;Dupla;Reta;Sim;2;0;2;0;0;0;2;1;-25,3818;-49,1643;SPRF-PR;DEL01-PR;UOP02-DEL01-PR
630077;23/09/2024;segunda-feira;15:30:00;MG;354;704;CAXAMBU;Acessar a via sem observar a presença dos outros veículos;Colisão transversal;Com Vítimas Feridas;Pleno dia;Crescente;Céu Claro;Simples;Reta;Não;2;0;1;0;1;0;1;2;-21,98404081;-44,92444142;SPRF-MG;DEL17-MG;UOP01-DEL17-MG
630078;23/09/2024;segunda-feira;15:20:00;SP;116;163;JACAREI;Avarias e/ou desgaste excessivo no pneu;Tombamento;Com Vítimas Feridas;Pleno dia;Crescente;Céu Claro;Dupla;Reta;Não;2;0;2;0;0;0;2;1;-23,28649584;-45,9919851;SPRF-SP;DEL02-SP;UOP01-DEL02-SP
630079;23/09/2024;segunda-feira;14:25:00;GO;60;28;ALEXANIA;Demais falhas mecânicas ou elétricas;Incêndio;Sem Vítimas;Pleno dia;Crescente;Céu Claro;Dupla;Reta;Sim;1;0;0;0;1;0;0;1;-16,0963;-48,5202;SPRF-DF;DEL03-DF;UOP01-DEL03-DF
630080;23/09/2024;segunda-feira;13:00:00;PE;101;70;RECIFE;Reação tardia ou ineficiente do condutor;Saída de leito carroçável;Sem Vítimas;Pleno dia;Crescente;Céu Claro;Simples;Curva;Sim;1;0;0;0;1;0;0;1;-8,06776119;-34,94265074;SPRF-PE;DEL01-PE;UOP01-DEL01-PE
630082;23/09/2024;segunda-feira;15:50:00;SP;116;155,7;SAO JOSE DOS CAMPOS;Reação tardia ou ineficiente do condutor;Tombamento;Com Vítimas Feridas;Pleno dia;Decrescente;Céu Claro;Dupla;"Em Obras;Reta";Não;1;0;0;1;0;0;1;1;-23,25044084;-45,93572909;SPRF-SP;DEL02-SP;UOP01-DEL02-SP
630084;23/09/2024;segunda-feira;15:55:00;PE;232;187;SANHARO;Ausência de reação do condutor;Colisão traseira;Com Vítimas Fatais;Pleno dia;Crescente;Céu Claro;Simples;"Reta;Declive";Não;6;1;3;2;0;0;5;2;-8,35374275;-36,49159602;SPRF-PE;DEL03-PE;UOP02-DEL03-PE
630085;23/09/2024;segunda-feira;14:00:00;MS;163;3,4;MUNDO NOVO;Manobra de mudança de faixa;Colisão lateral sentido oposto;Com Vítimas Feridas;Pleno dia;Crescente;Céu Claro;Simples;Reta;Não;2;0;1;0;1;0;1;2;-24,02437787;-54,29046187;SPRF-MS;DEL09-MS;UOP02-DEL09-MS
630086;23/09/2024;segunda-feira;15:30:00;PR;153;98;JAPIRA;Fumaça;Incêndio;Sem Vítimas;Pleno dia;Crescente;Céu Claro;Simples;Reta;Não;1;0;0;0;1;0;0;1;-23,75551706;-50,18407866;SPRF-PR;DEL07-PR;UOP04-DEL07-PR
630087;23/09/2024;segunda-feira;16:30:00;RJ;101;490,1;ANGRA DOS REIS;Reação tardia ou ineficiente do condutor;Tombamento;Com Vítimas Feridas;Pleno dia;Crescente;Céu Claro;Simples;Reta;Sim;6;0;1;0;0;5;1;2;-22,95640053;-44,31282898;SPRF-RJ;DEL03-RJ;UOP03-DEL03-RJ
630088;23/09/2024;segunda-feira;16:50:00;RS;290;91;PORTO ALEGRE;Manobra de mudança de faixa;Colisão lateral mesmo sentido;Com Vítimas Feridas;Pleno dia;Decrescente;Nublado;Dupla;Reta;Sim;3;0;2;0;1;0;2;2;-29,969055;-51,167439;SPRF-RS;DEL01-RS;UOP01-DEL01-RS
630089;23/09/2024;segunda-feira;07:43:00;AC;364;269;SENA MADUREIRA;Ausência de reação do condutor;Saída de leito carroçável;Com Vítimas Fatais;Pleno dia;Crescente;Céu Claro;Simples;"Curva;Em Obras";Não;1;1;0;0;0;0;0;1;-9,08787856;-68,62865648;SPRF-AC;DEL01-AC;UOP01-DEL01-AC
630090;23/09/2024;segunda-feira;16:50:00;PB;230;20;JOAO PESSOA;Condutor deixou de manter distância do veículo da frente;Colisão traseira;Com Vítimas Feridas;Pleno dia;Decrescente;Nublado;Dupla;"Reta;Viaduto";Sim;2;0;1;0;1;0;1;2;-7,1376825;-34,85339826;SPRF-PB;DEL01-PB;UOP01-DEL01-PB
630091;23/09/2024;segunda-feira;16:30:00;RJ;101;67;CAMPOS DOS GOYTACAZES;Ausência de reação do condutor;Colisão traseira;Com Vítimas Feridas;Pleno dia;Decrescente;Céu Claro;Simples;Reta;Sim;2;0;1;0;1;0;1;2;-21,76751094;-41,34876249;SPRF-RJ;DEL08-RJ;UOP02-DEL08-RJ
630092;23/09/2024;segunda-feira;16:15:00;MG;116;525,9;CARATINGA;Acessar a via sem observar a presença dos outros veículos;Colisão transversal;Com Vítimas Feridas;Pleno dia;Crescente;Céu Claro;Simples;"Rotatória;Interseção de Vias";Sim;2;0;1;0;1;0;1;2;-19,76833785;-42,13105238;SPRF-MG;DEL06-MG;UOP02-DEL06-MG
630093;23/09/2024;segunda-feira;16:30:00;PR;376;642,2;TIJUCAS DO SUL;Velocidade Incompatível;Saída de leito carroçável;Com Vítimas Feridas;Pleno dia;Crescente;Céu Claro;Dupla;"Declive;Curva";Não;3;0;3;0;0;0;3;1;-25,79776723;-49,13128569;SPRF-PR;DEL01-PR;UOP04-DEL01-PR
630095;23/09/2024;segunda-feira;17:30:00;RS;448;22;PORTO ALEGRE;Faixas de trânsito com largura insuficiente;Colisão lateral mesmo sentido;Com Vítimas Feridas;Anoitecer;Crescente;Nublado;Múltipla;"Ponte;Declive;Interseção de Vias";Sim;2;0;1;0;1;0;1;2;-29,97246462;-51,19940042;SPRF-RS;DEL01-RS;UOP01-DEL01-RS
630096;23/09/2024;segunda-feira;05:30:00;AP;210;135;PORTO GRANDE;Transitar na contramão;Colisão frontal;Com Vítimas Feridas;Plena Noite;Crescente;Céu Claro;Simples;"Reta;Aclive";Não;2;0;1;1;0;0;2;2;0,62758144;-51,64295197;SPRF-AP;DEL01-AP;UOP01-DEL01-AP
630097;23/09/2024;segunda-feira;17:30:00;SP;116;208;GUARULHOS;Reação tardia ou ineficiente do condutor;Colisão traseira;Com Vítimas Feridas;Anoitecer;Decrescente;Céu Claro;Múltipla;Reta;Sim;2;0;1;0;1;0;1;2;-23,42222263;-46,3932771;SPRF-SP;DEL01-SP;UOP01-DEL01-SP
630098;23/09/2024;segunda-feira;16:20:00;SP;116;230;SAO PAULO;Trafegar com motocicleta (ou similar) entre as faixas;Colisão lateral mesmo sentido;Com Vítimas Feridas;Pleno dia;Decrescente;Céu Claro;Múltipla;Reta;Sim;4;0;2;0;2;0;2;3;-23,52251783;-46,5855702;SPRF-SP;DEL01-SP;UOP01-DEL01-SP
630099;23/09/2024;segunda-feira;16:30:00;SC;280;132,7;RIO NEGRINHO;Acessar a via sem observar a presença dos outros veículos;Colisão transversal;Com Vítimas Feridas;Pleno dia;Crescente;Céu Claro;Simples;"Rotatória;Retorno Regulamentado;Desvio Temporário;Em Obras";Sim;2;0;1;0;1;0;1;2;-26,26789066;-49,5539242;SPRF-SC;DEL06-SC;UOP03-DEL06-SC
630100;23/09/2024;segunda-feira;17:15:00;SP;116;230;SAO PAULO;Condutor deixou de manter distância do veículo da frente;Colisão traseira;Com Vítimas Feridas;Pleno dia;Decrescente;Sol;Múltipla;Reta;Não;2;0;2;0;0;0;2;2;-23,52251783;-46,5855702;SPRF-SP;DEL01-SP;UOP01-DEL01-SP
630101;23/09/2024;segunda-feira;17:30:00;AP;210;3;MACAPA;Entrada inopinada do pedestre;Atropelamento de Pedestre;Com Vítimas Feridas;Pleno dia;Crescente;Céu Claro;Dupla;Reta;Sim;2;0;1;1;0;0;2;2;0,08723365;-51,08569007;SPRF-AP;DEL01-AP;UOP01-DEL01-AP
630102;23/09/2024;segunda-feira;17:10:00;PI;316;10,8;TERESINA;Desrespeitar a preferência no cruzamento;Colisão transversal;Com Vítimas Feridas;Pleno dia;Crescente;Sol;Dupla;"Rotatória;Viaduto;Reta;Interseção de Vias";Sim;2;0;0;1;1;0;1;2;-5,18280197;-42,76350291;SPRF-PI;DEL01-PI;UOP02-DEL01-PI
630103;23/09/2024;segunda-feira;17:25:00;RJ;101;313;SAO GONCALO;Acessar a via sem observar a presença dos outros veículos;Colisão lateral mesmo sentido;Com Vítimas Feridas;Plena Noite;Decrescente;Céu Claro;Dupla;Reta;Sim;3;0;1;0;2;0;1;2;-22,81049093;-43,06983304;SPRF-RJ;DEL02-RJ;UOP02-DEL02-RJ
630104;23/09/2024;segunda-feira;17:50:00;ES;101;302,1;VIANA;Ausência de reação do condutor;Colisão traseira;Com Vítimas Feridas;Plena Noite;Crescente;Céu Claro;Dupla;Reta;Sim;3;0;0;1;1;1;1;3;-20,36958283;-40,44384551;SPRF-ES;DEL01-ES;UOP01-DEL01-ES
630107;23/09/2024;segunda-feira;17:42:00;ES;262;158,6;IBATIBA;Condutor desrespeitou a iluminação vermelha do semáforo;Colisão transversal;Com Vítimas Feridas;Pleno dia;Crescente;Céu Claro;Simples;"Interseção de Vias;Rotatória;Reta";Sim;2;0;0;1;1;0;1;2;-20,23111383;-41,49626094;SPRF-ES;DEL01-ES;UOP02-DEL01-ES
630108;23/09/2024;segunda-feira;06:20:00;ES;101;298;VIANA;Ausência de reação do condutor;Tombamento;Com Vítimas Feridas;Pleno dia;Decrescente;Céu Claro;Dupla;Reta;Sim;1;0;0;1;0;0;1;1;-20,35374444;-40,4156433;SPRF-ES;DEL01-ES;UOP01-DEL01-ES
630111;23/09/2024;segunda-feira;18:40:00;PR;272;369;CAMPO MOURAO;Desrespeitar a preferência no cruzamento;Colisão transversal;Com Vítimas Feridas;Plena Noite;Decrescente;Céu Claro;Simples;Reta;Não;2;0;1;0;1;0;1;2;-24,05475193;-52,41061403;SPRF-PR;DEL09-PR;UOP03-DEL09-PR
630112;23/09/2024;segunda-feira;18:15:00;CE;222;21;CAUCAIA;Acessar a via sem observar a presença dos outros veículos;Colisão transversal;Com Vítimas Feridas;Plena Noite;Crescente;Céu Claro;Simples;"Interseção de Vias;Reta";Não;4;0;3;0;1;0;3;2;-3,73617708;-38,74478817;SPRF-CE;DEL01-CE;UOP01-DEL01-CE
630114;23/09/2024;segunda-feira;18:15:00;PR;376;3;APUCARANA;Acessar a via sem observar a presença dos outros veículos;Colisão lateral mesmo sentido;Com Vítimas Feridas;Anoitecer;Decrescente;Céu Claro;Simples;Declive;Sim;2;0;0;2;0;0;2;2;-23,5513;-51,461266;SPRF-PR;DEL07-PR;UOP03-DEL07-PR
630116;23/09/2024;segunda-feira;18:45:00;RS;392;351;SANTA MARIA;Ausência de reação do condutor;Colisão lateral mesmo sentido;Com Vítimas Feridas;Plena Noite;Decrescente;Céu Claro;Dupla;Reta;Sim;3;0;2;0;1;0;2;2;-29,7284269;-53,80323691;SPRF-RS;DEL09-RS;UOP01-DEL09-RS
630118;23/09/2024;segunda-feira;18:38:00;SC;101;12,5;BIGUACU;Animais na Pista;Atropelamento de Animal;Com Vítimas Feridas;Plena Noite;Crescente;Nublado;Dupla;Reta;Não;3;0;3;0;0;0;3;3;-27,4946;-48,6561;SPRF-SC;DEL01-SC;UOP01-DEL01-SC
630119;23/09/2024;segunda-feira;16:20:00;RO;364;11;VILHENA;Reação tardia ou ineficiente do condutor;Queda de ocupante de veículo;Com Vítimas Feridas;Pleno dia;Crescente;Céu Claro;Simples;Reta;Sim;1;0;1;0;0;0;1;1;-12,74605898;-60,11270299;SPRF-RO;DEL04-RO;UOP01-DEL04-RO
630120;23/09/2024;segunda-feira;17:40:00;SC;282;73;SAO MIGUEL DO OESTE;Animais na Pista;Atropelamento de Animal;Com Vítimas Feridas;Anoitecer;Crescente;Céu Claro;Simples;Interseção de Vias;Não;1;0;1;0;0;0;1;1;-26,70733745;-53,51410389;SPRF-SC;DEL01-SC;UOP03-DEL01-SC
630122;23/09/2024;segunda-feira;17:00:00;RN;405;111,1;ITAU;Reação tardia ou ineficiente do condutor;Colisão frontal;Com Vítimas Feridas;Pleno dia;Crescente;Céu Claro;Simples;"Reta;Aclive;Interseção de Vias";Não;2;0;1;0;1;0;1;2;-5,85364626;-38,0000031;SPRF-RN;DEL04-RN;UOP02-DEL04-RN
630123;23/09/2024;segunda-feira;17:50:00;RN;101;95;NATAL;Ausência de reação do condutor;Colisão com objeto;Com Vítimas Feridas;Plena Noite;Crescente;Céu Claro;Dupla;Reta;Sim;1;0;1;0;0;0;1;1;-5,84076841;-35,21035949;SPRF-RN;DEL01-RN;UOP01-DEL01-RN
630124;23/09/2024;segunda-feira;18:40:00;ES;101;146;LINHARES;Acumulo de óleo sobre o pavimento;Tombamento;Com Vítimas Feridas;Plena Noite;Crescente;Céu Claro;Dupla;Reta;Sim;1;0;0;1;0;0;1;1;-19,36990998;-40,06560718;SPRF-ES;DEL04-ES;UOP01-DEL04-ES
630125;23/09/2024;segunda-feira;18:30:00;SC;101;5,8;ARARANGUA;Ausência de reação do condutor;Colisão traseira;Com Vítimas Feridas;Plena Noite;Decrescente;Garoa/Chuvisco;Simples;"Interseção de Vias;Reta";Sim;4;0;1;0;3;0;1;4;-28,96369334;-49,51950073;SPRF-SC;DEL03-SC;UOP01-DEL03-SC
630126;23/09/2024;segunda-feira;19:00:00;PR;376;184;SARANDI;Reação tardia ou ineficiente do condutor;Colisão traseira;Com Vítimas Feridas;Plena Noite;Crescente;Céu Claro;Dupla;"Reta;Aclive";Sim;4;0;4;0;0;0;4;2;-23,44139588;-51,871562;SPRF-PR;DEL09-PR;UOP01-DEL09-PR
630127;23/09/2024;segunda-feira;18:30:00;MS;158;114,3;PARANAIBA;Ingestão de álcool pelo condutor;Colisão com objeto;Com Vítimas Feridas;Anoitecer;Crescente;Céu Claro;Simples;Reta;Não;1;0;1;0;0;0;1;1;-19,82292705;-51,11442018;SPRF-MS;DEL08-MS;UOP01-DEL08-MS
630128;23/09/2024;segunda-feira;15:20:00;CE;20;204;BOA VIAGEM;Acessar a via sem observar a presença dos outros veículos;Colisão transversal;Com Vítimas Feridas;Pleno dia;Decrescente;Céu Claro;Simples;"Reta;Interseção de Vias";Sim;2;0;1;0;0;1;1;2;-5,12155025;-39,73264757;SPRF-CE;DEL02-CE;UOP02-DEL02-CE
630131;23/09/2024;segunda-feira;19:00:00;SP;116;113;TAUBATE;Reação tardia ou ineficiente do condutor;Tombamento;Com Vítimas Feridas;Plena Noite;Crescente;Céu Claro;Dupla;Reta;Sim;2;0;0;1;1;0;1;1;-23,0440828;-45,58041405;SPRF-SP;DEL02-SP;UOP02-DEL02-SP
630133;23/09/2024;segunda-feira;17:00:00;MT;70;27,1;BARRA DO GARCAS;Reação tardia ou ineficiente do condutor;Tombamento;Com Vítimas Feridas;Pleno dia;Crescente;Céu Claro;Simples;"Em Obras;Declive;Reta";Não;1;0;1;0;0;0;1;1;-15,81835;-52,47089;SPRF-MT;DEL07-MT;UOP01-DEL07-MT
630134;23/09/2024;segunda-feira;15:55:00;RJ;40;123;DUQUE DE CAXIAS;Ausência de reação do condutor;Colisão traseira;Com Vítimas Feridas;Pleno dia;Crescente;Céu Claro;Múltipla;Reta;Sim;4;0;2;0;2;0;2;2;-22,79907687;-43,29015739;SPRF-RJ;DEL01-RJ;UOP02-DEL01-RJ
630136;23/09/2024;segunda-feira;18:45:00;MS;163;487,4;CAMPO GRANDE;Acessar a via sem observar a presença dos outros veículos;Tombamento;Com Vítimas Feridas;Plena Noite;Crescente;Céu Claro;Simples;"Interseção de Vias;Reta";Sim;1;0;1;0;0;0;1;1;-20,42493093;-54,54550758;SPRF-MS;DEL01-MS;UOP02-DEL01-MS
630137;23/09/2024;segunda-feira;19:00:00;PR;163;79,6;PLANALTO;Ingestão de álcool pelo condutor;Saída de leito carroçável;Sem Vítimas;Plena Noite;Decrescente;Céu Claro;Simples;"Reta;Declive";Não;1;0;0;0;1;0;0;1;-25,72959;-53,78767;SPRF-PR;DEL02-PR;UOP02-DEL02-PR
630138;23/09/2024;segunda-feira;17:30:00;PA;10;1;DOM ELISEU;Ingestão de álcool pelo condutor;Tombamento;Com Vítimas Feridas;Pleno dia;Decrescente;Céu Claro;Simples;Reta;Sim;3;0;2;1;0;0;3;2;-4,436798;-47,536163;SPRF-PA;DEL02-PA;UOP02-DEL02-PA
630139;23/09/2024;segunda-feira;20:15:00;SP;116;149;SAO JOSE DOS CAMPOS;Ausência de reação do condutor;Colisão traseira;Com Vítimas Feridas;Plena Noite;Decrescente;Céu Claro;Dupla;"Reta;Aclive";Sim;2;0;1;0;1;0;1;2;-23,20700047;-45,88626861;SPRF-SP;DEL02-SP;UOP01-DEL02-SP
630140;23/09/2024;segunda-feira;19:50:00;MS;262;356,5;CAMPO GRANDE;Animais na Pista;Atropelamento de Animal;Com Vítimas Feridas;Plena Noite;Crescente;Ignorado;Simples;Interseção de Vias;Sim;1;0;0;1;0;0;1;1;-20,54745913;-54,68046404;SPRF-MS;DEL01-MS;UOP03-DEL01-MS
630141;23/09/2024;segunda-feira;19:15:00;MG;116;114;ITAOBIM;Ausência de reação do condutor;Atropelamento de Animal;Com Vítimas Feridas;Plena Noite;Crescente;Céu Claro;Simples;Reta;Não;2;0;2;0;0;0;2;1;-16,54781518;-41,50243329;SPRF-MG;DEL11-MG;UOP02-DEL11-MG
630142;23/09/2024;segunda-feira;19:00:00;PI;230;309,8;FLORIANO;Acessar a via sem observar a presença dos outros veículos;Colisão transversal;Com Vítimas Feridas;Plena Noite;Crescente;Céu Claro;Simples;Reta;Sim;3;0;0;2;1;0;2;2;-6,77433132;-43,00632318;SPRF-PI;DEL03-PI;UOP01-DEL03-PI