id;data_inversa;dia_semana;horario;uf;br;km;municipio;causa_acidente;tipo_acidente;classificacao_acidente;fase_dia;sentido_via;condicao_metereologica;tipo_pista;tracado_via;uso_solo;pessoas;mortos;feridos_leves;feridos_graves;ilesos;ignorados;feridos;veiculos;latitude;longitude;regional;delegacia;uop
630143;23/09/2024;segunda-feira;18:50:00;RS;116;18,9;VACARIA;Ultrapassagem Indevida;Colisão frontal;Com Vítimas Fatais;Plena Noite;Crescente;Nublado;Simples;Curva;Não;3;1;1;1;0;0;2;2;-28,3501728;-50,82428823;SPRF-RS;DEL05-RS;UOP03-DEL05-RS
630144;23/09/2024;segunda-feira;19:45:00;PR;277;595,1;CASCAVEL;Pedestre cruzava a pista fora da faixa;Atropelamento de Pedestre;Com Vítimas Feridas;Plena Noite;Crescente;Céu Claro;Simples;Reta;Não;3;0;0;1;2;0;1;2;-24,98154632;-53,50141969;SPRF-PR;DEL04-PR;UOP01-DEL04-PR
630145;23/09/2024;segunda-feira;19:10:00;PA;10;313;IRITUIA;Condutor deixou de manter distância do veículo da frente;Colisão lateral mesmo sentido;Com Vítimas Fatais;Plena Noite;Crescente;Céu Claro;Simples;Reta;Não;3;1;2;0;0;0;2;2;-1,69309796;-47,50215758;SPRF-PA;DEL01-PA;UOP02-DEL01-PA
630146;23/09/2024;segunda-feira;20:30:00;RO;364;226,5;CACOAL;Transitar na contramão;Colisão lateral sentido oposto;Com Vítimas Feridas;Plena Noite;Crescente;Céu Claro;Simples;"Declive;Em Obras";Sim;3;0;0;2;0;1;2;2;-11,50326836;-61,36777537;SPRF-RO;DEL02-RO;UOP02-DEL02-RO
630147;23/09/2024;segunda-feira;13:10:00;AM;319;212;BORBA;Demais falhas na via;Saída de leito carroçável;Com Vítimas Fatais;Pleno dia;Decrescente;Ignorado;Simples;Reta;Não;5;2;3;0;0;0;3;1;-4,42852431;-61,01533677;SPRF-AM;DEL01-AM;UOP04-DEL01-AM
630148;23/09/2024;segunda-feira;20:00:00;SC;282;190,3;LAGES;Falta de elemento de contenção que evite a saída do leito carroçável;Saída de leito carroçável;Com Vítimas Feridas;Plena Noite;Decrescente;Nublado;Simples;Curva;Não;2;0;1;0;1;0;1;1;-27,73688034;-50,03986001;SPRF-SC;DEL05-SC;UOP01-DEL05-SC
630149;23/09/2024;segunda-feira;18:45:00;RO;364;136,1;PIMENTA BUENO;Demais falhas na via;Colisão com objeto;Com Vítimas Feridas;Plena Noite;Crescente;Nublado;Simples;Reta;Não;1;0;1;0;0;0;1;1;-12,02144;-60,811002;SPRF-RO;DEL02-RO;UOP02-DEL02-RO
630150;23/09/2024;segunda-feira;21:40:00;ES;101;268;SERRA;Ausência de reação do condutor;Queda de ocupante de veículo;Com Vítimas Feridas;Plena Noite;Crescente;Nublado;Dupla;Reta;Não;2;0;2;0;0;0;2;1;-20,20842;-40,269405;SPRF-ES;DEL02-ES;UOP01-DEL02-ES
630151;26/08/2024;segunda-feira;11:55:00;ES;101;256;SERRA;Demais Fenômenos da natureza;Colisão com objeto;Sem Vítimas;Pleno dia;Decrescente;Céu Claro;Simples;Reta;Sim;1;0;0;0;1;0;0;1;-20,119123;-40,311005;SPRF-ES;DEL02-ES;UOP01-DEL02-ES
630152;23/09/2024;segunda-feira;17:20:00;MT;163;832;SINOP;Ingestão de álcool pelo condutor;Saída de leito carroçável;Sem Vítimas;Anoitecer;Crescente;Céu Claro;Simples;Reta;Sim;1;0;0;0;0;1;0;1;-11,88038352;-55,50030541;SPRF-MT;DEL06-MT;UOP02-DEL06-MT
630154;23/09/2024;segunda-feira;21:40:00;RJ;40;109;DUQUE DE CAXIAS;Reação tardia ou ineficiente do condutor;Colisão transversal;Com Vítimas Feridas;Plena Noite;Crescente;Céu Claro;Dupla;Reta;Sim;3;0;1;0;2;0;1;2;-22,67374628;-43,28638368;SPRF-RJ;DEL01-RJ;UOP02-DEL01-RJ
630155;23/09/2024;segunda-feira;19:20:00;RS;290;107;ELDORADO DO SUL;Acessar a via sem observar a presença dos outros veículos;Atropelamento de Pedestre;Com Vítimas Feridas;Plena Noite;Crescente;Nublado;Dupla;Reta;Sim;2;0;0;1;1;0;1;2;-30,00953809;-51,31465143;SPRF-RS;DEL02-RS;UOP01-DEL02-RS
630156;23/09/2024;segunda-feira;12:50:00;SP;381;71;MAIRIPORA;Ausência de reação do condutor;Queda de ocupante de veículo;Com Vítimas Feridas;Pleno dia;Decrescente;Céu Claro;Dupla;Declive;Não;1;0;1;0;0;0;1;1;-23,35047979;-46,55267274;SPRF-SP;DEL03-SP;UOP01-DEL03-SP
630157;23/09/2024;segunda-feira;22:00:00;RJ;356;44;ITAPERUNA;Demais falhas na via;Colisão com objeto;Com Vítimas Feridas;Pleno dia;Decrescente;Céu Claro;Simples;"Curva;Aclive";Não;1;0;1;0;0;0;1;1;-21,22407961;-41,81063649;SPRF-RJ;DEL08-RJ;UOP03-DEL08-RJ
630158;23/09/2024;segunda-feira;21:20:00;PI;343;345;TERESINA;Desrespeitar a preferência no cruzamento;Colisão transversal;Com Vítimas Feridas;Plena Noite;Decrescente;Garoa/Chuvisco;Dupla;"Rotatória;Em Obras";Sim;2;0;1;0;1;0;1;2;-5,10590512;-42,76775837;SPRF-PI;DEL01-PI;UOP01-DEL01-PI
630160;23/09/2024;segunda-feira;20:45:00;CE;116;485;MILAGRES;Transitar na contramão;Colisão frontal;Com Vítimas Feridas;Plena Noite;Crescente;Céu Claro;Simples;Reta;Não;3;0;0;2;0;1;2;2;-7,35445259;-38,94397974;SPRF-CE;DEL05-CE;UOP03-DEL05-CE
630162;23/09/2024;segunda-feira;21:50:00;MT;70;7;BARRA DO GARCAS;Frear bruscamente;Queda de ocupante de veículo;Com Vítimas Feridas;Plena Noite;Crescente;Céu Claro;Simples;Reta;Não;2;0;1;0;0;1;1;2;-15,878143;-52,316788;SPRF-MT;DEL07-MT;UOP01-DEL07-MT
630163;23/09/2024;segunda-feira;21:20:00;RJ;465;6,9;SEROPEDICA;Reação tardia ou ineficiente do condutor;Queda de ocupante de veículo;Com Vítimas Feridas;Plena Noite;Decrescente;Céu Claro;Dupla;Reta;Não;1;0;1;0;0;0;1;1;-22,754314;-43,692879;SPRF-RJ;DEL06-RJ;UOP02-DEL06-RJ
630164;23/09/2024;segunda-feira;21:15:00;MG;365;753;ITUIUTABA;Ausência de reação do condutor;Tombamento;Com Vítimas Feridas;Plena Noite;Crescente;Céu Claro;Simples;Reta;Sim;2;0;1;0;1;0;1;1;-18,947495;-49,45934;SPRF-MG;DEL15-MG;UOP03-DEL15-MG
630168;24/09/2024;terça-feira;00:00:00;SC;101;43,3;JOINVILLE;Ingestão de álcool pelo condutor;Colisão com objeto;Sem Vítimas;Plena Noite;Decrescente;Chuva;Dupla;"Aclive;Reta";Não;1;0;0;0;1;0;0;1;-26,33344155;-48,86087894;SPRF-SC;DEL03-SC;UOP01-DEL03-SC
630169;23/09/2024;segunda-feira;22:45:00;MG;116;794,5;ALEM PARAIBA;Ausência de reação do condutor;Colisão com objeto;Sem Vítimas;Plena Noite;Decrescente;Nublado;Simples;Declive;Não;1;0;0;0;1;0;0;1;-21,710918;-42,73011109;SPRF-MG;DEL07-MG;UOP01-DEL07-MG
630172;23/09/2024;segunda-feira;22:55:00;BA;415;20;ILHEUS;Velocidade Incompatível;Saída de leito carroçável;Com Vítimas Feridas;Plena Noite;Crescente;Chuva;Simples;"Declive;Curva";Não;1;0;1;0;0;0;1;1;-14,8482;-39,281986;SPRF-BA;DEL05-BA;UOP01-DEL05-BA
630173;24/09/2024;terça-feira;00:40:00;PE;232;35;MORENO;Entrada inopinada do pedestre;Atropelamento de Pedestre;Com Vítimas Fatais;Plena Noite;Crescente;Céu Claro;Dupla;Reta;Não;2;1;0;0;0;1;0;2;-8,109297;-35,193293;SPRF-PE;DEL01-PE;UOP01-DEL01-PE
630174;24/09/2024;terça-feira;01:30:00;SC;101;389,1;CRICIUMA;Ingestão de álcool pelo condutor;Colisão com objeto;Com Vítimas Feridas;Plena Noite;Decrescente;Garoa/Chuvisco;Múltipla;Viaduto;Não;1;0;1;0;0;0;1;1;-28,80166084;-49,36500549;SPRF-SC;DEL02-SC;UOP02-DEL02-SC
630177;24/09/2024;terça-feira;04:30:00;PR;277;691;SAO MIGUEL DO IGUACU;Condutor Dormindo;Saída de leito carroçável;Com Vítimas Feridas;Plena Noite;Decrescente;Céu Claro;Dupla;Reta;Não;2;0;2;0;0;0;2;1;-25,3630051;-54,25351194;SPRF-PR;DEL05-PR;UOP01-DEL05-PR
630178;24/09/2024;terça-feira;05:30:00;GO;50;121,3;IPAMERI;Condutor Dormindo;Saída de leito carroçável;Com Vítimas Feridas;Amanhecer;Crescente;Céu Claro;Dupla;Reta;Não;1;0;1;0;0;0;1;1;-16,9362;-47,7189;SPRF-GO;DEL06-GO;UOP01-DEL06-GO
630179;23/09/2024;segunda-feira;21:00:00;PR;476;270;SAO MATEUS DO SUL;Acessar a via sem observar a presença dos outros veículos;Colisão traseira;Com Vítimas Feridas;Plena Noite;Decrescente;Céu Claro;Simples;Reta;Não;2;0;0;2;0;0;2;2;-25,897345;-50,33913;SPRF-PR;DEL02-PR;UOP03-DEL02-PR
630180;24/09/2024;terça-feira;06:19:00;PR;277;5,9;PARANAGUA;Ausência de reação do condutor;Tombamento;Com Vítimas Feridas;Pleno dia;Decrescente;Nublado;Dupla;Reta;Não;2;0;2;0;0;0;2;1;-25,558755;-48,573782;SPRF-PR;DEL01-PR;UOP05-DEL01-PR
630187;24/09/2024;terça-feira;07:10:00;PR;277;63;SAO JOSE DOS PINHAIS;Reação tardia ou ineficiente do condutor;Tombamento;Com Vítimas Feridas;Pleno dia;Decrescente;Nevoeiro/Neblina;Dupla;Reta;Não;1;0;1;0;0;0;1;1;-25,56100984;-49,01719293;SPRF-PR;DEL01-PR;UOP01-DEL01-PR
630189;24/09/2024;terça-feira;06:30:00;MG;40;519;CONTAGEM;Manobra de mudança de faixa;Colisão traseira;Com Vítimas Feridas;Pleno dia;Crescente;Céu Claro;Dupla;Reta;Sim;3;0;0;2;1;0;2;2;-19,83957589;-44,07684485;SPRF-MG;DEL01-MG;UOP02-DEL01-MG
630192;24/09/2024;terça-feira;07:55:00;PR;277;74;SAO JOSE DOS PINHAIS;Manobra de mudança de faixa;Colisão lateral mesmo sentido;Com Vítimas Feridas;Pleno dia;Crescente;Céu Claro;Dupla;Reta;Não;3;0;1;0;2;0;1;2;-25,51726115;-49,11540707;SPRF-PR;DEL01-PR;UOP07-DEL01-PR
630193;24/09/2024;terça-feira;07:40:00;RS;290;100;PORTO ALEGRE;Velocidade Incompatível;Queda de ocupante de veículo;Com Vítimas Feridas;Amanhecer;Decrescente;Céu Claro;Dupla;Reta;Não;1;0;1;0;0;0;1;1;-29,988646;-51,236553;SPRF-RS;DEL01-RS;UOP01-DEL01-RS
630195;24/09/2024;terça-feira;07:30:00;MG;381;1;BETIM;Manobra de mudança de faixa;Colisão lateral mesmo sentido;Com Vítimas Feridas;Pleno dia;Decrescente;Céu Claro;Múltipla;Reta;Sim;3;0;1;0;1;1;1;2;-19,9889041;-44,1784035;SPRF-MG;DEL01-MG;UOP03-DEL01-MG
630196;24/09/2024;terça-feira;07:26:00;MG;381;485;BETIM;Ausência de reação do condutor;Colisão traseira;Com Vítimas Feridas;Pleno dia;Decrescente;Céu Claro;Múltipla;Reta;Sim;3;0;2;0;1;0;2;2;-19,95659361;-44,12622893;SPRF-MG;DEL01-MG;UOP03-DEL01-MG
630198;24/09/2024;terça-feira;07:00:00;SP;116;108,9;TAUBATE;Manobra de mudança de faixa;Colisão lateral mesmo sentido;Com Vítimas Feridas;Pleno dia;Crescente;Céu Claro;Dupla;Reta;Sim;2;0;1;0;1;0;1;2;-23,0233097;-45,53763622;SPRF-SP;DEL02-SP;UOP02-DEL02-SP
630199;24/09/2024;terça-feira;08:01:00;GO;70;0;AGUAS LINDAS DE GOIAS;Problema com o freio;Engavetamento;Com Vítimas Feridas;Pleno dia;Decrescente;Céu Claro;Dupla;"Declive;Reta";Não;3;0;1;0;2;0;1;3;-15,77579351;-48,23259001;SPRF-DF;DEL03-DF;UOP02-DEL03-DF
630200;24/09/2024;terça-feira;07:10:00;MS;163;485,5;CAMPO GRANDE;Reação tardia ou ineficiente do condutor;Colisão traseira;Com Vítimas Feridas;Pleno dia;Crescente;Céu Claro;Simples;Reta;Não;2;0;0;1;1;0;1;2;-20,44233707;-54,54201834;SPRF-MS;DEL01-MS;UOP02-DEL01-MS
630202;23/09/2024;segunda-feira;23:30:00;MS;376;34;VICENTINA;Animais na Pista;Tombamento;Com Vítimas Feridas;Plena Noite;Crescente;Céu Claro;Simples;Reta;Não;1;0;1;0;0;0;1;1;-22,39630512;-54,46859505;SPRF-MS;DEL04-MS;UOP01-DEL04-MS
630203;24/09/2024;terça-feira;07:54:00;PE;232;8;RECIFE;Reação tardia ou ineficiente do condutor;Colisão traseira;Com Vítimas Feridas;Pleno dia;Crescente;Céu Claro;Dupla;Reta;Sim;3;0;2;0;1;0;2;2;-8,07583727;-34,97015791;SPRF-PE;DEL01-PE;UOP01-DEL01-PE
630205;24/09/2024;terça-feira;07:40:00;SC;101;206;SAO JOSE;Reação tardia ou ineficiente do condutor;Queda de ocupante de veículo;Com Vítimas Feridas;Pleno dia;Decrescente;Nublado;Múltipla;Reta;Sim;1;0;1;0;0;0;1;1;-27,59193546;-48,61824557;SPRF-SC;DEL01-SC;UOP01-DEL01-SC
630206;24/09/2024;terça-feira;07:50:00;BA;116;409;FEIRA DE SANTANA;Demais falhas mecânicas ou elétricas;Incêndio;Sem Vítimas;Pleno dia;Crescente;Céu Claro;Dupla;"Reta;Aclive";Não;1;0;0;0;1;0;0;1;-12,09905801;-38,96893229;SPRF-BA;DEL02-BA;UOP01-DEL02-BA
630207;24/09/2024;terça-feira;08:15:00;MG;381;483;BETIM;Condutor deixou de manter distância do veículo da frente;Colisão traseira;Com Vítimas Feridas;Pleno dia;Crescente;Céu Claro;Dupla;"Reta;Declive";Sim;2;0;1;0;1;0;1;2;-19,95949343;-44,08699751;SPRF-MG;DEL01-MG;UOP03-DEL01-MG
630210;24/09/2024;terça-feira;07:30:00;BA;101;744;ITABELA;Acessar a via sem observar a presença dos outros veículos;Colisão transversal;Com Vítimas Feridas;Pleno dia;Crescente;Nublado;Simples;"Reta;Interseção de Vias";Sim;3;0;0;1;0;2;1;2;-16,71922305;-39,45114095;SPRF-BA;DEL09-BA;UOP01-DEL09-BA
630211;24/09/2024;terça-feira;09:10:00;RN;101;122;SAO JOSE DE MIPIBU;Ausência de reação do condutor;Colisão traseira;Sem Vítimas;Pleno dia;Decrescente;Céu Claro;Dupla;Reta;Sim;3;0;0;0;3;0;0;2;-6,057262;-35,242217;SPRF-RN;DEL01-RN;UOP01-DEL01-RN
630212;24/09/2024;terça-feira;08:20:00;DF;20;19;BRASILIA;Ausência de reação do condutor;Colisão traseira;Sem Vítimas;Pleno dia;Decrescente;Céu Claro;Dupla;"Reta;Aclive";Sim;2;0;0;0;2;0;0;2;-15,612175;-47,700928;SPRF-DF;DEL02-DF;UOP01-DEL02-DF
630213;24/09/2024;terça-feira;09:00:00;MG;381;857,1;POUSO ALEGRE;Velocidade Incompatível;Colisão traseira;Com Vítimas Feridas;Pleno dia;Crescente;Céu Claro;Dupla;Reta;Não;2;0;1;0;1;0;1;2;-22,29772549;-45,89980653;SPRF-MG;DEL16-MG;UOP01-DEL16-MG
630214;24/09/2024;terça-feira;08:40:00;PR;376;594;CURITIBA;Manobra de mudança de faixa;Colisão lateral mesmo sentido;Com Vítimas Feridas;Pleno dia;Crescente;Céu Claro;Dupla;"Reta;Aclive";Sim;2;0;0;1;1;0;1;2;-25,4601295;-49,3589031;SPRF-PR;DEL03-PR;UOP03-DEL03-PR
630215;24/09/2024;terça-feira;08:00:00;PR;376;592,6;CURITIBA;Demais falhas mecânicas ou elétricas;Incêndio;Sem Vítimas;Pleno dia;Crescente;Céu Claro;Dupla;Reta;Sim;1;0;0;0;1;0;0;1;-25,44123718;-49,36479628;SPRF-PR;DEL03-PR;UOP03-DEL03-PR
630216;24/09/2024;terça-feira;08:35:00;RS;448;18,3;CANOAS;Entrada inopinada do pedestre;Atropelamento de Pedestre;Com Vítimas Fatais;Pleno dia;Decrescente;Nublado;Dupla;Curva;Não;2;1;0;0;1;0;0;2;-29,944614;-51,204464;SPRF-RS;DEL01-RS;UOP01-DEL01-RS
630217;24/09/2024;terça-feira;10:00:00;SP;116;223;GUARULHOS;Manobra de mudança de faixa;Colisão lateral mesmo sentido;Com Vítimas Feridas;Pleno dia;Decrescente;Sol;Múltipla;Reta;Não;2;0;1;0;1;0;1;2;-23,47559815;-46,5246609;SPRF-SP;DEL01-SP;UOP01-DEL01-SP
630222;21/09/2024;sábado;06:35:00;RJ;493;90;DUQUE DE CAXIAS;Ausência de reação do condutor;Tombamento;Com Vítimas Feridas;Pleno dia;Decrescente;Céu Claro;Dupla;Reta;Sim;1;0;1;0;0;0;1;1;-22,672089;-43,285053;SPRF-RJ;DEL01-RJ;UOP03-DEL01-RJ
630224;24/09/2024;terça-feira;06:30:00;PB;412;103;SUME;Reação tardia ou ineficiente do condutor;Capotamento;Com Vítimas Feridas;Pleno dia;Crescente;Céu Claro;Simples;Reta;Não;1;0;1;0;0;0;1;1;-7,632896;-36,857582;SPRF-PB;DEL02-PB;UOP02-DEL02-PB
630225;24/09/2024;terça-feira;09:20:00;MG;262;35;MANHUACU;Acessar a via sem observar a presença dos outros veículos;Colisão transversal;Com Vítimas Feridas;Pleno dia;Decrescente;Céu Claro;Simples;Interseção de Vias;Não;3;0;1;0;2;0;1;2;-20,2592562;-42,01698194;SPRF-MG;DEL06-MG;UOP03-DEL06-MG
630226;24/09/2024;terça-feira;07:42:00;AC;364;136;RIO BRANCO;Condutor deixou de manter distância do veículo da frente;Colisão transversal;Com Vítimas Feridas;Pleno dia;Crescente;Céu Claro;Dupla;Reta;Sim;3;0;2;0;1;0;2;2;-9,97146265;-67,85173124;SPRF-AC;DEL01-AC;UOP01-DEL01-AC
630227;24/09/2024;terça-feira;10:10:00;RJ;493;23;MAGE;Reação tardia ou ineficiente do condutor;Engavetamento;Com Vítimas Feridas;Pleno dia;Decrescente;Céu Claro;Simples;Reta;Não;3;0;1;0;2;0;1;3;-22,65705297;-43,061742;SPRF-RJ;DEL04-RJ;UOP02-DEL04-RJ
630228;24/09/2024;terça-feira;09:48:00;RN;101;95;NATAL;Avarias e/ou desgaste excessivo no pneu;Tombamento;Com Vítimas Feridas;Pleno dia;Crescente;Céu Claro;Dupla;Reta;Não;2;0;2;0;0;0;2;1;-5,84076841;-35,21035949;SPRF-RN;DEL01-RN;UOP01-DEL01-RN
630229;24/09/2024;terça-feira;10:00:00;RS;153;44,8;ERECHIM;Ausência de reação do condutor;Saída de leito carroçável;Com Vítimas Feridas;Pleno dia;Decrescente;Céu Claro;Simples;Curva;Não;1;0;1;0;0;0;1;1;-27,62312752;-52,23687793;SPRF-RS;DEL08-RS;UOP04-DEL08-RS
630230;24/09/2024;terça-feira;10:00:00;GO;60;48,5;ABADIANIA;Ausência de reação do condutor;Saída de leito carroçável;Com Vítimas Feridas;Pleno dia;Decrescente;Céu Claro;Dupla;"Declive;Reta";Não;3;0;1;0;2;0;1;1;-16,1529;-48,6109;SPRF-GO;DEL02-GO;UOP01-DEL02-GO
630231;20/09/2024;sexta-feira;15:00:00;RJ;465;20;NOVA IGUACU;Trafegar com motocicleta (ou similar) entre as faixas;Colisão transversal;Com Vítimas Feridas;Pleno dia;Crescente;Sol;Simples;"Reta;Interseção de Vias";Sim;3;0;2;0;0;1;2;2;-22,846828;-43,605339;SPRF-RJ;DEL06-RJ;UOP02-DEL06-RJ
630232;24/09/2024;terça-feira;10:15:00;MT;163;826;SINOP;Manobra de mudança de faixa;Colisão transversal;Sem Vítimas;Pleno dia;Decrescente;Céu Claro;Simples;Reta;Não;2;0;0;0;2;0;0;2;-12,067608;-55,51749791;SPRF-MT;DEL06-MT;UOP02-DEL06-MT
630234;24/09/2024;terça-feira;10:45:00;RO;364;13;VILHENA;Desrespeitar a preferência no cruzamento;Colisão transversal;Com Vítimas Feridas;Pleno dia;Crescente;Sol;Simples;Interseção de Vias;Sim;2;0;1;0;1;0;1;2;-12,74140004;-60,13026401;SPRF-RO;DEL04-RO;UOP01-DEL04-RO
630236;24/09/2024;terça-feira;12:00:00;MG;381;869;POUSO ALEGRE;Velocidade Incompatível;Tombamento;Com Vítimas Feridas;Pleno dia;Crescente;Sol;Simples;Retorno Regulamentado;Não;1;0;1;0;0;0;1;1;-22,42671983;-45,97163217;SPRF-MG;DEL16-MG;UOP01-DEL16-MG
630237;24/09/2024;terça-feira;12:08:00;DF;80;16;BRASILIA;Condutor Dormindo;Saída de leito carroçável;Sem Vítimas;Pleno dia;Crescente;Céu Claro;Dupla;Reta;Sim;1;0;0;0;1;0;0;1;-15,701065;-48,202263;SPRF-DF;DEL03-DF;UOP02-DEL03-DF
630238;24/09/2024;terça-feira;12:10:00;SC;470;70,5;INDAIAL;Acessar a via sem observar a presença dos outros veículos;Tombamento;Com Vítimas Feridas;Pleno dia;Decrescente;Céu Claro;Dupla;"Reta;Em Obras;Viaduto";Sim;1;0;1;0;0;0;1;1;-26,889374;-49,254478;SPRF-SC;DEL04-SC;UOP01-DEL04-SC
630239;24/09/2024;terça-feira;10:10:00;RN;304;83,3;ACU;Demais falhas mecânicas ou elétricas;Incêndio;Sem Vítimas;Pleno dia;Crescente;Céu Claro;Simples;Curva;Não;1;0;0;0;0;1;0;1;-5,49514861;-37,15224266;SPRF-RN;DEL04-RN;UOP01-DEL04-RN
630240;24/09/2024;terça-feira;09:16:00;RJ;116;326;ITATIAIA;Demais falhas mecânicas ou elétricas;Tombamento;Com Vítimas Feridas;Pleno dia;Crescente;Céu Claro;Dupla;"Reta;Aclive";Sim;2;0;2;0;0;0;2;1;-22,49890811;-44,57917891;SPRF-RJ;DEL07-RJ;UOP02-DEL07-RJ
630241;24/09/2024;terça-feira;09:50:00;MG;262;37;MANHUACU;Condutor deixou de manter distância do veículo da frente;Colisão traseira;Com Vítimas Feridas;Pleno dia;Decrescente;Céu Claro;Simples;Reta;Sim;2;0;1;0;1;0;1;2;-20,25748975;-42,03048732;SPRF-MG;DEL06-MG;UOP03-DEL06-MG
630246;24/09/2024;terça-feira;12:25:00;MT;163;404,8;CUIABA;Condutor deixou de manter distância do veículo da frente;Colisão lateral mesmo sentido;Com Vítimas Feridas;Pleno dia;Decrescente;Céu Claro;Simples;Reta;Sim;2;0;1;0;1;0;1;2;-15,642863;-56,017125;SPRF-MT;DEL01-MT;UOP02-DEL01-MT
630247;24/09/2024;terça-feira;13:40:00;MG;40;471;SETE LAGOAS;Ultrapassagem Indevida;Colisão lateral mesmo sentido;Com Vítimas Feridas;Pleno dia;Decrescente;Nublado;Dupla;Curva;Não;2;0;1;0;1;0;1;2;-19,47543632;-44,29066576;SPRF-MG;DEL02-MG;UOP01-DEL02-MG
630249;24/09/2024;terça-feira;07:30:00;MG;365;624;UBERLANDIA;Conversão proibida;Colisão transversal;Com Vítimas Feridas;Pleno dia;Decrescente;Céu Claro;Dupla;Reta;Sim;3;0;2;0;1;0;2;2;-18,90754763;-48,3160669;SPRF-MG;DEL15-MG;UOP01-DEL15-MG
630250;24/09/2024;terça-feira;11:35:00;MG;116;286,9;TEOFILO OTONI;Objeto estático sobre o leito carroçável;Tombamento;Com Vítimas Feridas;Pleno dia;Crescente;Céu Claro;Simples;Reta;Não;1;0;0;1;0;0;1;1;-17,93577075;-41,52783055;SPRF-MG;DEL11-MG;UOP01-DEL11-MG
630251;24/09/2024;terça-feira;10:30:00;RJ;40;119;DUQUE DE CAXIAS;Acessar a via sem observar a presença dos outros veículos;Colisão lateral mesmo sentido;Com Vítimas Feridas;Pleno dia;Decrescente;Nublado;Dupla;Reta;Não;2;0;1;0;1;0;1;2;-22,76375592;-43,28683062;SPRF-RJ;DEL01-RJ;UOP02-DEL01-RJ
630252;24/09/2024;terça-feira;14:10:00;SC;101;214;PALHOCA;Reação tardia ou ineficiente do condutor;Colisão traseira;Com Vítimas Feridas;Pleno dia;Decrescente;Céu Claro;Dupla;Reta;Sim;2;0;0;1;1;0;1;2;-27,64443;-48,67057;SPRF-SC;DEL01-SC;UOP02-DEL01-SC
630253;24/09/2024;terça-feira;13:00:00;SC;280;179,5;MAFRA;Ausência de reação do condutor;Saída de leito carroçável;Com Vítimas Feridas;Pleno dia;Decrescente;Céu Claro;Simples;Reta;Não;1;0;0;1;0;0;1;1;-26,17768641;-49,87831496;SPRF-SC;DEL06-SC;UOP01-DEL06-SC
630254;24/09/2024;terça-feira;14:07:00;RS;290;86,2;PORTO ALEGRE;Manobra de mudança de faixa;Colisão lateral mesmo sentido;Com Vítimas Feridas;Pleno dia;Crescente;Nublado;Dupla;Reta;Não;2;0;1;0;1;0;1;2;-29,968412;-51,117138;SPRF-RS;DEL01-RS;UOP01-DEL01-RS
630255;24/09/2024;terça-feira;13:30:00;RS;472;156,4;SANTA ROSA;Acessar a via sem observar a presença dos outros veículos;Colisão transversal;Com Vítimas Feridas;Pleno dia;Decrescente;Céu Claro;Simples;Interseção de Vias;Sim;4;0;2;1;1;0;3;2;-27,84158066;-54,43480968;SPRF-RS;DEL10-RS;UOP01-DEL10-RS
630257;24/09/2024;terça-feira;12:20:00;PI;230;194;OEIRAS;Acesso irregular;Colisão lateral mesmo sentido;Com Vítimas Feridas;Pleno dia;Decrescente;Céu Claro;Simples;Reta;Sim;2;0;2;0;0;0;2;2;-6,99465451;-42,10490528;SPRF-PI;DEL04-PI;UOP01-DEL04-PI
630259;24/09/2024;terça-feira;15:20:00;MG;381;493,1;BETIM;Reação tardia ou ineficiente do condutor;Colisão lateral mesmo sentido;Com Vítimas Feridas;Pleno dia;Decrescente;Céu Claro;Múltipla;Reta;Sim;2;0;1;0;1;0;1;2;-19,96394;-44,169;SPRF-MG;DEL01-MG;UOP03-DEL01-MG
630261;24/09/2024;terça-feira;15:40:00;MG;459;46,5;SANTA RITA DE CALDAS;Velocidade Incompatível;Saída de leito carroçável;Com Vítimas Feridas;Pleno dia;Crescente;Céu Claro;Simples;Rotatória;Não;1;0;1;0;0;0;1;1;-22,01642658;-46,31220287;SPRF-MG;DEL09-MG;UOP01-DEL09-MG
630263;24/09/2024;terça-feira;14:15:00;GO;153;514;APARECIDA DE GOIANIA;Ausência de reação do condutor;Atropelamento de Pedestre;Com Vítimas Feridas;Pleno dia;Decrescente;Céu Claro;Dupla;Reta;Sim;2;0;0;1;1;0;1;2;-16,8315;-49,2434;SPRF-GO;DEL01-GO;UOP03-DEL01-GO
630265;24/09/2024;terça-feira;07:00:00;MA;316;12,7;BOA VISTA DO GURUPI;Acessar a via sem observar a presença dos outros veículos;Atropelamento de Pedestre;Com Vítimas Fatais;Pleno dia;Decrescente;Céu Claro;Simples;Reta;Sim;4;1;0;0;2;1;0;3;-1,793114;-46,221054;SPRF-MA;DEL02-MA;UOP02-DEL02-MA
630266;24/09/2024;terça-feira;15:45:00;SP;488;4;APARECIDA;Mal súbito do condutor;Queda de ocupante de veículo;Com Vítimas Feridas;Pleno dia;Decrescente;Sol;Dupla;"Curva;Aclive";Sim;2;0;1;0;0;1;1;2;-22,858398;-45,251377;SPRF-SP;DEL08-SP;UOP01-DEL08-SP