id;data_inversa;dia_semana;horario;uf;br;km;municipio;causa_acidente;tipo_acidente;classificacao_acidente;fase_dia;sentido_via;condicao_metereologica;tipo_pista;tracado_via;uso_solo;pessoas;mortos;feridos_leves;feridos_graves;ilesos;ignorados;feridos;veiculos;latitude;longitude;regional;delegacia;uop
630391;25/09/2024;quarta-feira;08:10:00;PB;230;23;JOAO PESSOA;Trafegar com motocicleta (ou similar) entre as faixas;Colisão lateral mesmo sentido;Com Vítimas Feridas;Pleno dia;Decrescente;Nublado;Dupla;Reta;Sim;6;0;4;0;2;0;4;5;-7,1562;-34,8574;SPRF-PB;DEL01-PB;UOP01-DEL01-PB
630393;25/09/2024;quarta-feira;06:40:00;MG;251;510,4;FRANCISCO SA;Afundamento ou ondulação no pavimento;Queda de ocupante de veículo;Com Vítimas Feridas;Pleno dia;Crescente;Céu Claro;Simples;"Declive;Reta";Não;1;0;0;1;0;0;1;1;-16,64567192;-43,70581503;SPRF-MG;DEL12-MG;UOP01-DEL12-MG
630394;25/09/2024;quarta-feira;08:00:00;SC;101;148;ITAPEMA;Condutor deixou de manter distância do veículo da frente;Colisão traseira;Com Vítimas Feridas;Pleno dia;Crescente;Céu Claro;Múltipla;Reta;Sim;2;0;2;0;0;0;2;2;-27,10123686;-48,61807962;SPRF-SC;DEL04-SC;UOP03-DEL04-SC
630395;25/09/2024;quarta-feira;02:45:00;SC;470;86;APIUNA;Velocidade Incompatível;Saída de leito carroçável;Com Vítimas Feridas;Plena Noite;Crescente;Céu Claro;Simples;Curva;Não;2;0;1;0;1;0;1;1;-26,949951;-49,357296;SPRF-SC;DEL04-SC;UOP01-DEL04-SC
630396;25/09/2024;quarta-feira;08:00:00;TO;10;453;PALMAS;Ausência de reação do condutor;Colisão lateral mesmo sentido;Sem Vítimas;Pleno dia;Decrescente;Céu Claro;Dupla;Rotatória;Sim;2;0;0;0;2;0;0;2;-10,32854;-48,2978;SPRF-TO;DEL01-TO;UOP03-DEL01-TO
630397;25/09/2024;quarta-feira;07:35:00;CE;116;9;FORTALEZA;Manobra de mudança de faixa;Colisão lateral mesmo sentido;Com Vítimas Feridas;Pleno dia;Decrescente;Céu Claro;Múltipla;Reta;Sim;2;0;2;0;0;0;2;2;-3,830276;-38,504869;SPRF-CE;DEL01-CE;UOP02-DEL01-CE
630399;25/09/2024;quarta-feira;07:00:00;RJ;101;431;MANGARATIBA;Demais Fenômenos da natureza;Colisão com objeto;Com Vítimas Feridas;Pleno dia;Crescente;Vento;Simples;"Declive;Curva";Não;1;0;0;1;0;0;1;1;-22,93294782;-44,02006891;SPRF-RJ;DEL03-RJ;UOP02-DEL03-RJ
630400;25/09/2024;quarta-feira;07:20:00;RJ;116;176;SAO JOAO DE MERITI;Ausência de reação do condutor;Queda de ocupante de veículo;Com Vítimas Feridas;Pleno dia;Decrescente;Céu Claro;Dupla;Reta;Sim;1;0;1;0;0;0;1;1;-22,7839538;-43,38195488;SPRF-RJ;DEL06-RJ;UOP01-DEL06-RJ
630402;25/09/2024;quarta-feira;08:35:00;SC;280;123;RIO NEGRINHO;Acesso irregular;Colisão lateral mesmo sentido;Com Vítimas Feridas;Pleno dia;Crescente;Céu Claro;Simples;Reta;Não;2;0;1;0;1;0;1;2;-26,24420169;-49,46557991;SPRF-SC;DEL06-SC;UOP03-DEL06-SC
630404;25/09/2024;quarta-feira;08:00:00;RN;101;99;NATAL;Condutor deixou de manter distância do veículo da frente;Queda de ocupante de veículo;Com Vítimas Feridas;Pleno dia;Decrescente;Céu Claro;Dupla;Reta;Não;2;0;0;1;1;0;1;2;-5,87359183;-35,22063023;SPRF-RN;DEL01-RN;UOP01-DEL01-RN
630405;25/09/2024;quarta-feira;07:50:00;CE;116;10;FORTALEZA;Reação tardia ou ineficiente do condutor;Colisão lateral mesmo sentido;Sem Vítimas;Pleno dia;Decrescente;Céu Claro;Dupla;Reta;Sim;2;0;0;0;1;1;0;2;-3,83963225;-38,50071967;SPRF-CE;DEL01-CE;UOP02-DEL01-CE
630406;25/09/2024;quarta-feira;09:00:00;DF;20;8;BRASILIA;Manobra de mudança de faixa;Colisão transversal;Com Vítimas Feridas;Pleno dia;Crescente;Céu Claro;Dupla;"Reta;Declive;Retorno Regulamentado";Sim;2;0;0;1;1;0;1;2;-15,658386;-47,791534;SPRF-DF;DEL02-DF;UOP01-DEL02-DF
630407;25/09/2024;quarta-feira;07:30:00;SC;101;120,1;ITAJAI;Trafegar com motocicleta (ou similar) entre as faixas;Tombamento;Com Vítimas Feridas;Pleno dia;Decrescente;Nublado;Múltipla;Reta;Sim;1;0;1;0;0;0;1;1;-26,912758;-48,711998;SPRF-SC;DEL04-SC;UOP04-DEL04-SC
630408;25/09/2024;quarta-feira;07:55:00;SC;101;115,8;ITAJAI;Condutor deixou de manter distância do veículo da frente;Colisão lateral mesmo sentido;Com Vítimas Feridas;Pleno dia;Crescente;Céu Claro;Múltipla;Reta;Sim;2;0;1;0;1;0;1;2;-26,87064015;-48,72954134;SPRF-SC;DEL04-SC;UOP04-DEL04-SC
630409;25/09/2024;quarta-feira;08:15:00;PR;116;113,8;CURITIBA;Trafegar com motocicleta (ou similar) entre as faixas;Colisão lateral mesmo sentido;Com Vítimas Feridas;Pleno dia;Decrescente;Céu Claro;Dupla;"Viaduto;Reta";Não;2;0;1;0;0;1;1;2;-25,553751;-49,276185;SPRF-PR;DEL01-PR;UOP03-DEL01-PR
630411;25/09/2024;quarta-feira;08:35:00;CE;222;217,3;SOBRAL;Acessar a via sem observar a presença dos outros veículos;Colisão transversal;Com Vítimas Feridas;Pleno dia;Decrescente;Céu Claro;Simples;Reta;Sim;5;0;1;0;4;0;1;2;-3,75648758;-40,30235011;SPRF-CE;DEL04-CE;UOP01-DEL04-CE
630412;25/09/2024;quarta-feira;09:00:00;RN;101;84,5;SAO GONCALO DO AMARANTE;Condutor deixou de manter distância do veículo da frente;Colisão traseira;Com Vítimas Feridas;Pleno dia;Crescente;Céu Claro;Dupla;Viaduto;Sim;5;0;2;1;2;0;3;4;-5,774175;-35,2578;SPRF-RN;DEL02-RN;UOP01-DEL02-RN
630413;25/09/2024;quarta-feira;08:00:00;RJ;465;14;SEROPEDICA;Transitar no Acostamento;Colisão transversal;Com Vítimas Feridas;Pleno dia;Crescente;Céu Claro;Simples;Reta;Sim;2;0;1;0;1;0;1;2;-22,804979;-43,638828;SPRF-RJ;DEL06-RJ;UOP02-DEL06-RJ
630415;25/09/2024;quarta-feira;08:56:00;RJ;493;2,4;ITABORAI;Ausência de reação do condutor;Colisão lateral mesmo sentido;Com Vítimas Feridas;Pleno dia;Decrescente;Sol;Dupla;Reta;Não;2;0;0;1;0;1;1;2;-22,75950214;-42,93544822;SPRF-RJ;DEL02-RJ;UOP02-DEL02-RJ
630417;25/09/2024;quarta-feira;07:20:00;AC;364;136;RIO BRANCO;Condutor deixou de manter distância do veículo da frente;Colisão traseira;Com Vítimas Feridas;Pleno dia;Crescente;Céu Claro;Dupla;Reta;Sim;2;0;1;0;1;0;1;2;-9,97809647;-67,848773;SPRF-AC;DEL01-AC;UOP01-DEL01-AC
630419;25/09/2024;quarta-feira;10:15:00;RJ;101;482;ANGRA DOS REIS;Acessar a via sem observar a presença dos outros veículos;Colisão transversal;Com Vítimas Feridas;Pleno dia;Decrescente;Céu Claro;Simples;Reta;Não;2;0;1;0;1;0;1;2;-23,00453;-44,29746;SPRF-RJ;DEL03-RJ;UOP03-DEL03-RJ
630420;25/09/2024;quarta-feira;10:15:00;DF;40;8;BRASILIA;Demais falhas mecânicas ou elétricas;Eventos atípicos;Com Vítimas Feridas;Pleno dia;Crescente;Céu Claro;Dupla;Reta;Sim;1;0;1;0;0;0;1;1;-16,038666;-47,979691;SPRF-DF;DEL01-DF;UOP01-DEL01-DF
630423;25/09/2024;quarta-feira;09:10:00;SC;101;102;BALNEARIO PICARRAS;Pedestre cruzava a pista fora da faixa;Atropelamento de Pedestre;Com Vítimas Feridas;Pleno dia;Crescente;Céu Claro;Múltipla;Reta;Não;2;0;1;0;0;1;1;2;-26,77383397;-48,68594062;SPRF-SC;DEL03-SC;UOP02-DEL03-SC
630424;25/09/2024;quarta-feira;10:30:00;RS;290;98;PORTO ALEGRE;Condutor deixou de manter distância do veículo da frente;Colisão traseira;Com Vítimas Feridas;Pleno dia;Crescente;Nublado;Dupla;"Ponte;Em Obras;Reta";Sim;3;0;1;0;2;0;1;2;-29,99722134;-51,20922804;SPRF-RS;DEL01-RS;UOP01-DEL01-RS
630427;25/09/2024;quarta-feira;09:27:00;RO;364;666;CANDEIAS DO JAMARI;Condutor deixou de manter distância do veículo da frente;Colisão traseira;Com Vítimas Feridas;Pleno dia;Crescente;Nublado;Simples;Aclive;Não;2;0;1;0;1;0;1;2;-8,78266705;-63,47356209;SPRF-RO;DEL01-RO;UOP01-DEL01-RO
630428;25/09/2024;quarta-feira;09:40:00;PR;277;121,9;CAMPO LARGO;Ausência de reação do condutor;Saída de leito carroçável;Com Vítimas Feridas;Pleno dia;Crescente;Céu Claro;Dupla;Reta;Não;1;0;1;0;0;0;1;1;-25,444413;-49,500562;SPRF-PR;DEL03-PR;UOP03-DEL03-PR
630429;24/09/2024;terça-feira;22:10:00;GO;364;98;CACHOEIRA ALTA;Ausência de reação do condutor;Saída de leito carroçável;Com Vítimas Feridas;Plena Noite;Crescente;Céu Claro;Simples;Curva;Não;1;0;1;0;0;0;1;1;-18,431952;-51,093102;SPRF-GO;DEL05-GO;UOP02-DEL05-GO
630431;25/09/2024;quarta-feira;11:04:00;PI;343;15;PARNAIBA;Manobra de mudança de faixa;Colisão lateral mesmo sentido;Com Vítimas Feridas;Pleno dia;Decrescente;Céu Claro;Dupla;Reta;Sim;2;0;1;0;1;0;1;2;-2,93659;-41,754936;SPRF-PI;DEL05-PI;UOP01-DEL05-PI
630432;25/09/2024;quarta-feira;11:40:00;SC;101;210;SAO JOSE;Reação tardia ou ineficiente do condutor;Colisão traseira;Com Vítimas Feridas;Pleno dia;Crescente;Céu Claro;Múltipla;Reta;Não;2;0;1;0;1;0;1;2;-27,6167305;-48,6457265;SPRF-SC;DEL01-SC;UOP01-DEL01-SC
630434;25/09/2024;quarta-feira;05:00:00;AC;364;275;SENA MADUREIRA;Iluminação deficiente;Atropelamento de Pedestre;Com Vítimas Feridas;Amanhecer;Crescente;Nublado;Simples;Reta;Não;2;0;0;1;1;0;1;2;-9,07656673;-68,68606795;SPRF-AC;DEL01-AC;UOP01-DEL01-AC
630435;25/09/2024;quarta-feira;11:20:00;MS;262;746,9;CORUMBA;Mal súbito do condutor;Saída de leito carroçável;Com Vítimas Feridas;Pleno dia;Crescente;Sol;Simples;Reta;Não;4;0;1;0;3;0;1;1;-19,26610792;-57,63958877;SPRF-MS;DEL03-MS;UOP03-DEL03-MS
630439;25/09/2024;quarta-feira;12:00:00;SP;116;198;ARUJA;Manobra de mudança de faixa;Colisão lateral mesmo sentido;Com Vítimas Feridas;Pleno dia;Crescente;Sol;Dupla;Reta;Não;3;0;0;1;1;1;1;3;-23,4009138;-46,30724055;SPRF-SP;DEL01-SP;UOP01-DEL01-SP
630440;25/09/2024;quarta-feira;09:26:00;MG;381;692,5;LAVRAS;Reação tardia ou ineficiente do condutor;Saída de leito carroçável;Com Vítimas Feridas;Pleno dia;Decrescente;Céu Claro;Dupla;Reta;Não;4;0;4;0;0;0;4;1;-21,25097297;-45,1385743;SPRF-MG;DEL04-MG;UOP02-DEL04-MG
630442;25/09/2024;quarta-feira;10:40:00;RS;116;149,1;CAXIAS DO SUL;Reação tardia ou ineficiente do condutor;Saída de leito carroçável;Com Vítimas Feridas;Pleno dia;Decrescente;Nublado;Múltipla;Reta;Não;3;0;1;1;0;1;2;2;-29,15996905;-51,15645292;SPRF-RS;DEL05-RS;UOP01-DEL05-RS
630444;25/09/2024;quarta-feira;12:30:00;MG;381;480;CONTAGEM;Ausência de reação do condutor;Colisão com objeto;Com Vítimas Feridas;Pleno dia;Crescente;Céu Claro;Dupla;Reta;Sim;3;0;2;0;1;0;2;3;-19,95749597;-44,07899901;SPRF-MG;DEL01-MG;UOP03-DEL01-MG
630445;25/09/2024;quarta-feira;12:30:00;ES;101;69,3;SAO MATEUS;Acessar a via sem observar a presença dos outros veículos;Colisão transversal;Com Vítimas Feridas;Pleno dia;Decrescente;Sol;Simples;"Reta;Declive";Não;4;0;0;2;1;1;2;4;-18,73556097;-39,86069526;SPRF-ES;DEL04-ES;UOP02-DEL04-ES
630447;25/09/2024;quarta-feira;07:40:00;RJ;101;323;NITEROI;Reação tardia ou ineficiente do condutor;Colisão traseira;Com Vítimas Feridas;Pleno dia;Crescente;Céu Claro;Dupla;Reta;Sim;2;0;1;0;1;0;1;2;-22,87684786;-43,11728689;SPRF-RJ;DEL02-RJ;UOP01-DEL02-RJ
630449;25/09/2024;quarta-feira;13:10:00;PB;230;73;SOBRADO;Velocidade Incompatível;Capotamento;Com Vítimas Feridas;Pleno dia;Decrescente;Céu Claro;Dupla;Reta;Não;1;0;1;0;0;0;1;1;-7,1901;-35,2505;SPRF-PB;DEL01-PB;UOP03-DEL01-PB
630451;25/09/2024;quarta-feira;11:30:00;SP;116;67;GUARATINGUETA;Avarias e/ou desgaste excessivo no pneu;Tombamento;Com Vítimas Feridas;Pleno dia;Decrescente;Sol;Dupla;Reta;Sim;2;0;2;0;0;0;2;1;-22,82867578;-45,2088941;SPRF-SP;DEL08-SP;UOP01-DEL08-SP
630452;25/09/2024;quarta-feira;12:00:00;RS;290;207;PANTANO GRANDE;Ausência de reação do condutor;Colisão lateral sentido oposto;Com Vítimas Feridas;Pleno dia;Crescente;Chuva;Simples;Reta;Não;4;0;1;0;3;0;1;2;-30,167908;-52,288261;SPRF-RS;DEL02-RS;UOP03-DEL02-RS
630453;25/09/2024;quarta-feira;13:40:00;SP;101;44;UBATUBA;Ultrapassagem Indevida;Colisão lateral mesmo sentido;Com Vítimas Feridas;Pleno dia;Crescente;Céu Claro;Simples;Reta;Sim;4;0;1;0;1;2;1;3;-23,41014346;-45,06455371;SPRF-SP;DEL06-SP;UOP01-DEL06-SP
630454;25/09/2024;quarta-feira;07:18:00;SC;282;32,6;SANTO AMARO DA IMPERATRIZ;Ausência de reação do condutor;Colisão com objeto;Com Vítimas Feridas;Pleno dia;Crescente;Céu Claro;Simples;Rotatória;Sim;1;0;1;0;0;0;1;1;-27,70420628;-48,80513912;SPRF-SC;DEL01-SC;UOP03-DEL01-SC
630456;25/09/2024;quarta-feira;14:00:00;MG;381;500,6;BETIM;Ausência de reação do condutor;Tombamento;Com Vítimas Feridas;Pleno dia;Crescente;Céu Claro;Dupla;"Declive;Reta";Não;3;0;0;1;1;1;1;3;-20,0069838;-44,21557188;SPRF-MG;DEL01-MG;UOP03-DEL01-MG
630457;25/09/2024;quarta-feira;07:00:00;GO;158;27;BOM JARDIM DE GOIAS;Ausência de reação do condutor;Saída de leito carroçável;Com Vítimas Fatais;Amanhecer;Crescente;Céu Claro;Simples;"Declive;Curva;Em Obras";Não;2;1;1;0;0;0;1;1;-16,09242202;-52,16609506;SPRF-GO;DEL04-GO;UOP02-DEL04-GO
630460;25/09/2024;quarta-feira;13:10:00;MG;116;524,9;CARATINGA;Condutor deixou de manter distância do veículo da frente;Colisão lateral mesmo sentido;Com Vítimas Feridas;Pleno dia;Decrescente;Céu Claro;Simples;Reta;Sim;4;0;1;0;0;3;1;3;-19,76027352;-42,13398823;SPRF-MG;DEL06-MG;UOP02-DEL06-MG
630461;25/09/2024;quarta-feira;14:00:00;PB;230;23,9;JOAO PESSOA;Condutor deixou de manter distância do veículo da frente;Colisão traseira;Com Vítimas Feridas;Pleno dia;Decrescente;Céu Claro;Dupla;"Reta;Aclive";Sim;2;0;0;1;1;0;1;2;-7,1562;-34,8574;SPRF-PB;DEL01-PB;UOP01-DEL01-PB
630462;25/09/2024;quarta-feira;14:45:00;RJ;116;171;RIO DE JANEIRO;Manobra de mudança de faixa;Colisão lateral mesmo sentido;Com Vítimas Feridas;Pleno dia;Crescente;Sol;Dupla;Reta;Não;3;0;1;1;1;0;2;2;-22,8060415;-43,34289573;SPRF-RJ;DEL06-RJ;UOP01-DEL06-RJ
630465;16/08/2024;sexta-feira;11:50:00;PE;101;67,5;RECIFE;Condutor deixou de manter distância do veículo da frente;Colisão traseira;Sem Vítimas;Pleno dia;Crescente;Ignorado;Múltipla;Reta;Sim;3;0;0;0;1;2;0;3;-8,042334;-34,943096;SPRF-PE;DEL01-PE;UOP01-DEL01-PE
630469;25/09/2024;quarta-feira;15:30:00;GO;60;164;GOIANIA;Velocidade Incompatível;Colisão traseira;Com Vítimas Feridas;Pleno dia;Decrescente;Céu Claro;Dupla;"Curva;Aclive";Não;2;0;1;0;1;0;1;2;-16,7036;-49,342;SPRF-GO;DEL01-GO;UOP02-DEL01-GO
630470;25/09/2024;quarta-feira;14:50:00;MG;40;461,9;SETE LAGOAS;Manobra de mudança de faixa;Colisão com objeto;Com Vítimas Feridas;Pleno dia;Crescente;Céu Claro;Dupla;Reta;Não;2;0;2;0;0;0;2;1;-19,41204011;-44,33695793;SPRF-MG;DEL02-MG;UOP01-DEL02-MG
630472;25/09/2024;quarta-feira;11:15:00;ES;0;0;SERRA;Ausência de reação do condutor;Colisão frontal;Com Vítimas Feridas;Pleno dia;Não Informado;Céu Claro;Simples;"Declive;Curva";Não;4;0;2;0;2;0;2;2;-20,10336754;-40,33383553;SPRF-ES;DEL02-ES;UOP01-DEL02-ES
630473;25/09/2024;quarta-feira;14:55:00;BA;116;152;CANUDOS;Falta de acostamento;Colisão lateral mesmo sentido;Com Vítimas Feridas;Pleno dia;Crescente;Céu Claro;Simples;"Declive;Reta";Não;2;0;1;0;1;0;1;2;-9,938442;-39,16273;SPRF-BA;DEL07-BA;UOP03-DEL07-BA
630475;25/09/2024;quarta-feira;15:00:00;RJ;101;291;ITABORAI;Mal súbito do condutor;Colisão com objeto;Com Vítimas Feridas;Pleno dia;Decrescente;Céu Claro;Dupla;Reta;Não;2;0;2;0;0;0;2;1;-22,76457445;-42,86989322;SPRF-RJ;DEL02-RJ;UOP02-DEL02-RJ
630476;25/09/2024;quarta-feira;15:35:00;PR;277;445,3;LARANJEIRAS DO SUL;Acessar a via sem observar a presença dos outros veículos;Colisão transversal;Com Vítimas Feridas;Pleno dia;Decrescente;Céu Claro;Simples;Reta;Não;4;0;2;0;2;0;2;2;-25,36966498;-52,33282325;SPRF-PR;DEL04-PR;UOP02-DEL04-PR
630477;25/09/2024;quarta-feira;10:50:00;RJ;101;320;NITEROI;Pista Escorregadia;Queda de ocupante de veículo;Com Vítimas Feridas;Pleno dia;Decrescente;Céu Claro;Múltipla;Reta;Sim;1;0;1;0;0;0;1;1;-22,86171098;-43,10714015;SPRF-RJ;DEL02-RJ;UOP01-DEL02-RJ
630478;25/09/2024;quarta-feira;14:10:00;TO;10;462;PALMAS;Estacionar ou parar em local proibido;Colisão traseira;Com Vítimas Feridas;Pleno dia;Decrescente;Chuva;Múltipla;Reta;Sim;2;0;1;0;1;0;1;2;-10,16462393;-48,16862821;SPRF-TO;DEL01-TO;UOP03-DEL01-TO
630482;25/09/2024;quarta-feira;15:15:00;PR;476;151;ARAUCARIA;Pedestre andava na pista;Atropelamento de Pedestre;Com Vítimas Feridas;Pleno dia;Crescente;Sol;Dupla;Reta;Sim;2;0;0;1;1;0;1;2;-25,563601;-49,377041;SPRF-PR;DEL01-PR;UOP06-DEL01-PR
630486;25/09/2024;quarta-feira;17:00:00;MG;116;527;CARATINGA;Trafegar com motocicleta (ou similar) entre as faixas;Colisão traseira;Com Vítimas Feridas;Pleno dia;Decrescente;Céu Claro;Dupla;"Reta;Aclive";Sim;2;0;1;0;1;0;1;2;-19,78510701;-42,13445297;SPRF-MG;DEL06-MG;UOP02-DEL06-MG
630487;25/09/2024;quarta-feira;16:50:00;SP;116;201;ARUJA;Reação tardia ou ineficiente do condutor;Saída de leito carroçável;Sem Vítimas;Pleno dia;Decrescente;Céu Claro;Múltipla;Curva;Não;2;0;0;0;1;1;0;1;-23,40362877;-46,33050107;SPRF-SP;DEL01-SP;UOP01-DEL01-SP
630491;25/09/2024;quarta-feira;17:10:00;PB;230;22,5;JOAO PESSOA;Condutor deixou de manter distância do veículo da frente;Tombamento;Com Vítimas Feridas;Anoitecer;Crescente;Céu Claro;Dupla;Reta;Sim;1;0;1;0;0;0;1;1;-7,1495;-34,8517;SPRF-PB;DEL01-PB;UOP01-DEL01-PB
630492;25/09/2024;quarta-feira;16:40:00;MG;381;506;BETIM;Ausência de reação do condutor;Colisão traseira;Com Vítimas Feridas;Anoitecer;Decrescente;Céu Claro;Múltipla;"Reta;Aclive";Não;4;0;1;1;2;0;2;2;-20,05039397;-44,27962502;SPRF-MG;DEL01-MG;UOP03-DEL01-MG
630496;25/09/2024;quarta-feira;17:20:00;ES;101;280;SERRA;Reação tardia ou ineficiente do condutor;Tombamento;Com Vítimas Feridas;Anoitecer;Crescente;Céu Claro;Dupla;Reta;Não;1;0;1;0;0;0;1;1;-20,21828666;-40,34895595;SPRF-ES;DEL02-ES;UOP01-DEL02-ES
630498;25/09/2024;quarta-feira;06:54:00;CE;116;4;FORTALEZA;Ausência de reação do condutor;Colisão traseira;Com Vítimas Feridas;Pleno dia;Decrescente;Céu Claro;Dupla;Reta;Sim;3;0;1;0;1;1;1;3;-3,7867209;-38,5114568;SPRF-CE;DEL01-CE;UOP02-DEL01-CE
630499;25/09/2024;quarta-feira;17:30:00;SP;116;211;GUARULHOS;Reação tardia ou ineficiente do condutor;Queda de ocupante de veículo;Com Vítimas Feridas;Pleno dia;Crescente;Céu Claro;Dupla;"Reta;Declive";Não;1;0;1;0;0;0;1;1;-23,4324306;-46,4194352;SPRF-SP;DEL01-SP;UOP01-DEL01-SP
630500;25/09/2024;quarta-feira;18:30:00;CE;116;2;FORTALEZA;Ausência de reação do condutor;Colisão traseira;Com Vítimas Feridas;Pleno dia;Decrescente;Céu Claro;Dupla;Reta;Não;2;0;1;0;1;0;1;2;-3,77019802;-38,51724508;SPRF-CE;DEL01-CE;UOP02-DEL01-CE
630501;22/09/2024;domingo;18:30:00;AM;174;886;MANAUS;Conversão proibida;Colisão transversal;Sem Vítimas;Plena Noite;Decrescente;Nublado;Simples;Curva;Não;4;0;0;0;4;0;0;2;-2,96034732;-60,03160432;SPRF-AM;DEL01-AM;UOP01-DEL01-AM
630504;25/09/2024;quarta-feira;18:38:00;SC;282;23,5;SANTO AMARO DA IMPERATRIZ;Ausência de reação do condutor;Colisão traseira;Com Vítimas Feridas;Plena Noite;Decrescente;Nublado;Simples;Reta;Sim;2;0;0;1;1;0;1;2;-27,687958;-48,736794;SPRF-SC;DEL01-SC;UOP03-DEL01-SC
630506;25/09/2024;quarta-feira;17:44:00;SP;116;111;TAUBATE;Ausência de reação do condutor;Queda de ocupante de veículo;Com Vítimas Feridas;Plena Noite;Crescente;Céu Claro;Dupla;Reta;Sim;2;0;2;0;0;0;2;1;-23,03887149;-45,56097419;SPRF-SP;DEL02-SP;UOP02-DEL02-SP
630507;25/09/2024;quarta-feira;18:30:00;MG;40;530,2;CONTAGEM;Transtornos Mentais (exceto suicidio);Queda de ocupante de veículo;Com Vítimas Feridas;Plena Noite;Crescente;Céu Claro;Dupla;Reta;Sim;2;0;1;0;1;0;1;1;-19,91943311;-44,03105736;SPRF-MG;DEL01-MG;UOP02-DEL01-MG
630508;25/09/2024;quarta-feira;18:00:00;SP;116;226,9;GUARULHOS;Trafegar com motocicleta (ou similar) entre as faixas;Colisão lateral mesmo sentido;Com Vítimas Feridas;Anoitecer;Decrescente;Céu Claro;Múltipla;"Reta;Em Obras";Sim;3;0;1;0;1;1;1;2;-23,49102507;-46,54878195;SPRF-SP;DEL01-SP;UOP01-DEL01-SP
630510;25/09/2024;quarta-feira;17:20:00;RJ;116;104;GUAPIMIRIM;Ausência de reação do condutor;Colisão traseira;Com Vítimas Feridas;Pleno dia;Decrescente;Céu Claro;Simples;Curva;Não;2;0;1;0;1;0;1;2;-22,50841847;-42,99821493;SPRF-RJ;DEL04-RJ;UOP01-DEL04-RJ
630511;25/09/2024;quarta-feira;18:10:00;PA;10;339;SAO MIGUEL DO GUAMA;Acessar a via sem observar a presença dos outros veículos;Colisão lateral mesmo sentido;Com Vítimas Feridas;Plena Noite;Decrescente;Céu Claro;Simples;Reta;Não;3;0;1;1;1;0;2;2;-1,47568203;-47,53096212;SPRF-PA;DEL01-PA;UOP02-DEL01-PA
630514;25/09/2024;quarta-feira;19:00:00;MS;163;10;MUNDO NOVO;Ausência de reação do condutor;Colisão lateral mesmo sentido;Com Vítimas Fatais;Plena Noite;Decrescente;Céu Claro;Simples;Declive;Não;2;1;0;0;1;0;0;2;-23,97757201;-54,3310675;SPRF-MS;DEL09-MS;UOP02-DEL09-MS
630515;25/09/2024;quarta-feira;19:15:00;GO;60;37;GOIANIA;Condutor deixou de manter distância do veículo da frente;Colisão traseira;Com Vítimas Feridas;Plena Noite;Decrescente;Céu Claro;Dupla;Reta;Sim;2;0;1;0;1;0;1;2;-16,73703019;-49,34719563;SPRF-GO;DEL01-GO;UOP02-DEL01-GO
630517;25/09/2024;quarta-feira;18:50:00;SP;116;77,2;ROSEIRA;Ingestão de álcool pelo condutor;Colisão traseira;Com Vítimas Feridas;Plena Noite;Crescente;Céu Claro;Dupla;Reta;Não;2;0;2;0;0;0;2;2;-22,88334222;-45,27934983;SPRF-SP;DEL08-SP;UOP01-DEL08-SP
630518;25/09/2024;quarta-feira;17:40:00;SC;101;144;ITAPEMA;Manobra de mudança de faixa;Colisão lateral mesmo sentido;Com Vítimas Feridas;Pleno dia;Decrescente;Céu Claro;Dupla;Curva;Sim;4;0;2;0;1;1;2;4;-27,0732659;-48,59672716;SPRF-SC;DEL04-SC;UOP03-DEL04-SC
630519;25/09/2024;quarta-feira;18:00:00;RO;364;310;PRESIDENTE MEDICI;Acessar a via sem observar a presença dos outros veículos;Colisão transversal;Com Vítimas Feridas;Anoitecer;Crescente;Céu Claro;Simples;Reta;Não;2;0;1;1;0;0;2;2;-11,154387;-61,90159;SPRF-RO;DEL02-RO;UOP01-DEL02-RO
630521;25/09/2024;quarta-feira;19:00:00;MG;262;804;UBERABA;Acumulo de areia ou detritos sobre o pavimento;Tombamento;Com Vítimas Feridas;Plena Noite;Decrescente;Céu Claro;Dupla;Reta;Sim;1;0;1;0;0;0;1;1;-19,76747537;-47,98725511;SPRF-MG;DEL13-MG;UOP01-DEL13-MG
630522;25/09/2024;quarta-feira;19:25:00;CE;222;3,7;CAUCAIA;Manobra de mudança de faixa;Colisão lateral mesmo sentido;Com Vítimas Feridas;Plena Noite;Crescente;Céu Claro;Múltipla;Declive;Sim;2;0;1;0;0;1;1;2;-3,741108;-38,602465;SPRF-CE;DEL01-CE;UOP01-DEL01-CE
630523;25/09/2024;quarta-feira;19:40:00;RN;406;169,6;SAO GONCALO DO AMARANTE;Ingestão de álcool pelo condutor;Saída de leito carroçável;Com Vítimas Feridas;Plena Noite;Crescente;Céu Claro;Dupla;"Reta;Retorno Regulamentado";Não;2;0;0;1;1;0;1;1;-5,75752864;-35,30231237;SPRF-RN;DEL02-RN;UOP01-DEL02-RN
630524;25/09/2024;quarta-feira;19:00:00;PR;277;127;CAMPO LARGO;Ausência de reação do condutor;Colisão traseira;Com Vítimas Feridas;Plena Noite;Decrescente;Céu Claro;Dupla;Reta;Não;4;0;1;0;3;0;1;2;-25,44518045;-49,4985659;SPRF-PR;DEL03-PR;UOP03-DEL03-PR