id;data_inversa;dia_semana;horario;uf;br;km;municipio;causa_acidente;tipo_acidente;classificacao_acidente;fase_dia;sentido_via;condicao_metereologica;tipo_pista;tracado_via;uso_solo;pessoas;mortos;feridos_leves;feridos_graves;ilesos;ignorados;feridos;veiculos;latitude;longitude;regional;delegacia;uop
630525;25/09/2024;quarta-feira;19:10:00;RS;158;164,9;PEJUCARA;Demais falhas na via;Saída de leito carroçável;Com Vítimas Feridas;Plena Noite;Crescente;Chuva;Simples;"Em Obras;Reta";Não;1;0;1;0;0;0;1;1;-28,38895428;-53,52473167;SPRF-RS;DEL10-RS;UOP02-DEL10-RS
630526;25/09/2024;quarta-feira;19:26:00;GO;153;358;JARAGUA;Conversão proibida;Colisão transversal;Com Vítimas Feridas;Plena Noite;Crescente;Céu Claro;Simples;Reta;Sim;2;0;1;0;1;0;1;2;-15,733754;-49,32386;SPRF-GO;DEL02-GO;UOP02-DEL02-GO
630527;25/09/2024;quarta-feira;19:16:00;TO;153;721;FIGUEIROPOLIS;Reação tardia ou ineficiente do condutor;Colisão transversal;Com Vítimas Feridas;Plena Noite;Crescente;Céu Claro;Simples;Reta;Sim;2;0;0;1;1;0;1;2;-12,12858166;-49,17194586;SPRF-TO;DEL01-TO;UOP02-DEL01-TO
630528;25/09/2024;quarta-feira;19:00:00;RR;174;11;BOA VISTA;Acessar a via sem observar a presença dos outros veículos;Colisão transversal;Com Vítimas Feridas;Plena Noite;Crescente;Ignorado;Dupla;Reta;Não;2;0;1;1;0;0;2;2;2,88479437;-60,69953799;SPRF-RR;DEL01-RR;UOP01-DEL01-RR
630529;25/09/2024;quarta-feira;19:10:00;MS;267;482,1;JARDIM;Acessar a via sem observar a presença dos outros veículos;Colisão transversal;Com Vítimas Feridas;Plena Noite;Decrescente;Céu Claro;Simples;Reta;Sim;2;0;1;0;1;0;1;2;-21,48307021;-56,14631299;SPRF-MS;DEL05-MS;UOP01-DEL05-MS
630531;25/09/2024;quarta-feira;19:00:00;MG;40;608,4;CONGONHAS;Animais na Pista;Atropelamento de Animal;Com Vítimas Feridas;Plena Noite;Decrescente;Céu Claro;Simples;"Reta;Aclive";Não;1;0;0;1;0;0;1;1;-20,490677;-43,837081;SPRF-MG;DEL05-MG;UOP02-DEL05-MG
630532;25/09/2024;quarta-feira;19:30:00;SC;116;35,1;ITAIOPOLIS;Velocidade Incompatível;Colisão traseira;Sem Vítimas;Plena Noite;Decrescente;Céu Claro;Simples;"Declive;Curva";Não;2;0;0;0;2;0;0;2;-26,33588885;-50,00519808;SPRF-SC;DEL06-SC;UOP01-DEL06-SC
630533;25/09/2024;quarta-feira;19:10:00;RJ;393;175;PARAIBA DO SUL;Pedestre cruzava a pista fora da faixa;Atropelamento de Pedestre;Sem Vítimas;Plena Noite;Crescente;Céu Claro;Simples;Reta;Sim;2;0;0;0;1;1;0;2;-22,12309905;-43,20363803;SPRF-RJ;DEL05-RJ;UOP03-DEL05-RJ
630534;25/09/2024;quarta-feira;20:40:00;PE;232;15;JABOATAO DOS GUARARAPES;Acessar a via sem observar a presença dos outros veículos;Colisão traseira;Com Vítimas Feridas;Plena Noite;Decrescente;Céu Claro;Dupla;"Reta;Retorno Regulamentado";Sim;3;0;2;0;1;0;2;2;-8,09137732;-35,02917918;SPRF-PE;DEL01-PE;UOP01-DEL01-PE
630536;25/09/2024;quarta-feira;17:50:00;RS;116;142,4;CAXIAS DO SUL;Condutor deixou de manter distância do veículo da frente;Engavetamento;Sem Vítimas;Anoitecer;Crescente;Chuva;Dupla;Reta;Sim;3;0;0;0;3;0;0;3;-29,11727;-51,115208;SPRF-RS;DEL05-RS;UOP01-DEL05-RS
630537;25/09/2024;quarta-feira;19:17:00;PI;316;315,1;PICOS;Conversão proibida;Colisão transversal;Com Vítimas Feridas;Plena Noite;Crescente;Céu Claro;Simples;Reta;Sim;3;0;1;1;0;1;2;2;-7,07951262;-41,43236492;SPRF-PI;DEL04-PI;UOP01-DEL04-PI
630538;25/09/2024;quarta-feira;22:00:00;RS;448;1;ESTEIO;Entrada inopinada do pedestre;Atropelamento de Pedestre;Com Vítimas Fatais;Plena Noite;Decrescente;Garoa/Chuvisco;Dupla;Reta;Sim;3;1;0;0;1;1;0;2;-29,836086;-51,182426;SPRF-RS;DEL01-RS;UOP02-DEL01-RS
630539;25/09/2024;quarta-feira;22:20:00;SC;101;203;SAO JOSE;Manobra de mudança de faixa;Colisão lateral mesmo sentido;Com Vítimas Feridas;Pleno dia;Decrescente;Céu Claro;Múltipla;Reta;Não;4;0;1;0;2;1;1;4;-27,5650044;-48,61460082;SPRF-SC;DEL01-SC;UOP01-DEL01-SC
630540;25/09/2024;quarta-feira;22:20:00;RS;386;266;CANOAS;Desrespeitar a preferência no cruzamento;Colisão transversal;Com Vítimas Feridas;Plena Noite;Decrescente;Chuva;Múltipla;Reta;Sim;3;0;1;0;0;2;1;3;-29,93689933;-51,1771059;SPRF-RS;DEL04-RS;UOP03-DEL04-RS
630542;25/09/2024;quarta-feira;20:30:00;RS;470;271;SAO JOSE DO SUL;Neblina;Saída de leito carroçável;Com Vítimas Feridas;Plena Noite;Crescente;Nevoeiro/Neblina;Simples;Curva;Não;1;0;0;1;0;0;1;1;-29,52219898;-51,48649805;SPRF-RS;DEL06-RS;UOP01-DEL06-RS
630543;25/09/2024;quarta-feira;20:41:00;AM;174;886,5;MANAUS;Retorno proibido;Colisão lateral mesmo sentido;Com Vítimas Feridas;Plena Noite;Crescente;Céu Claro;Simples;Reta;Não;4;0;1;0;3;0;1;2;-2,96121287;-60,03045559;SPRF-AM;DEL01-AM;UOP01-DEL01-AM
630544;25/09/2024;quarta-feira;21:30:00;DF;20;21,9;BRASILIA;Acessar a via sem observar a presença dos outros veículos;Colisão transversal;Com Vítimas Fatais;Anoitecer;Crescente;Céu Claro;Dupla;Reta;Sim;3;1;1;0;1;0;1;3;-15,603384;-47,684692;SPRF-DF;DEL02-DF;UOP01-DEL02-DF
630545;25/09/2024;quarta-feira;21:30:00;RO;364;236;CACOAL;Reação tardia ou ineficiente do condutor;Engavetamento;Sem Vítimas;Plena Noite;Decrescente;Céu Claro;Dupla;"Reta;Interseção de Vias";Sim;3;0;0;0;3;0;0;3;-11,44587672;-61,43784993;SPRF-RO;DEL02-RO;UOP02-DEL02-RO
630546;25/09/2024;quarta-feira;21:35:00;GO;40;10;LUZIANIA;Manobra de mudança de faixa;Colisão transversal;Com Vítimas Feridas;Plena Noite;Crescente;Céu Claro;Dupla;Reta;Sim;3;0;3;0;0;0;3;2;-16,131285;-47,957923;SPRF-DF;DEL01-DF;UOP01-DEL01-DF
630547;25/09/2024;quarta-feira;18:10:00;RJ;116;141;DUQUE DE CAXIAS;Ausência de reação do condutor;Colisão traseira;Com Vítimas Feridas;Plena Noite;Crescente;Céu Claro;Dupla;Reta;Não;4;0;4;0;0;0;4;2;-22,64724486;-43,22083001;SPRF-RJ;DEL01-RJ;UOP02-DEL01-RJ
630548;25/09/2024;quarta-feira;19:10:00;RO;364;407;JARU;Velocidade Incompatível;Colisão traseira;Com Vítimas Fatais;Plena Noite;Decrescente;Nevoeiro/Neblina;Simples;Reta;Não;2;1;0;0;1;0;0;2;-10,55481907;-62,38280809;SPRF-RO;DEL03-RO;UOP02-DEL03-RO
630549;25/09/2024;quarta-feira;21:50:00;PR;153;66,8;GUAPIRAMA;Ausência de reação do condutor;Colisão com objeto;Com Vítimas Fatais;Plena Noite;Crescente;Céu Claro;Múltipla;"Reta;Interseção de Vias";Não;1;1;0;0;0;0;0;1;-23,49692;-50,10819;SPRF-PR;DEL07-PR;UOP04-DEL07-PR
630552;25/09/2024;quarta-feira;14:15:00;MG;116;575,1;MANHUACU;Reação tardia ou ineficiente do condutor;Saída de leito carroçável;Com Vítimas Feridas;Pleno dia;Decrescente;Céu Claro;Simples;Curva;Não;1;0;1;0;0;0;1;1;-20,14598091;-42,18538333;SPRF-MG;DEL06-MG;UOP03-DEL06-MG
630553;25/09/2024;quarta-feira;22:03:00;MT;70;501;CUIABA;Ausência de reação do condutor;Queda de ocupante de veículo;Com Vítimas Feridas;Plena Noite;Decrescente;Nublado;Simples;Curva;Não;2;0;1;0;1;0;1;1;-15,6952994;-56,0234734;SPRF-MT;DEL01-MT;UOP02-DEL01-MT
630554;25/09/2024;quarta-feira;20:30:00;PA;230;4;ALTAMIRA;Ingestão de álcool pelo condutor;Colisão traseira;Sem Vítimas;Plena Noite;Decrescente;Céu Claro;Simples;Reta;Sim;2;0;0;0;2;0;0;2;-3,203721;-52,206787;SPRF-PA;DEL04-PA;UOP01-DEL04-PA
630555;25/09/2024;quarta-feira;23:10:00;MG;262;15;MARTINS SOARES;Objeto estático sobre o leito carroçável;Colisão com objeto;Com Vítimas Feridas;Plena Noite;Crescente;Céu Claro;Simples;Reta;Não;2;0;1;0;0;1;1;2;-20,26054008;-41,87631604;SPRF-MG;DEL06-MG;UOP03-DEL06-MG
630556;25/09/2024;quarta-feira;17:50:00;RJ;101;329;NITEROI;Reação tardia ou ineficiente do condutor;Colisão lateral mesmo sentido;Com Vítimas Feridas;Anoitecer;Decrescente;Céu Claro;Múltipla;Reta;Sim;4;0;1;0;3;0;1;2;-22,86939305;-43,175642;SPRF-RJ;DEL02-RJ;UOP01-DEL02-RJ
630559;25/09/2024;quarta-feira;23:40:00;SC;282;675,3;PARAISO;Avarias e/ou desgaste excessivo no pneu;Tombamento;Com Vítimas Feridas;Plena Noite;Crescente;Céu Claro;Simples;Reta;Não;2;0;2;0;0;0;2;1;-26,6110521;-53,68924141;SPRF-SC;DEL07-SC;UOP03-DEL07-SC
630562;25/09/2024;quarta-feira;21:00:00;BA;324;614;SALVADOR;Desrespeitar a preferência no cruzamento;Colisão frontal;Com Vítimas Feridas;Plena Noite;Decrescente;Céu Claro;Simples;Reta;Sim;3;0;2;0;1;0;2;2;-12,87506589;-38,42811584;SPRF-BA;DEL01-BA;UOP01-DEL01-BA
630563;26/09/2024;quinta-feira;02:00:00;SC;153;37,6;PONTE SERRADA;Ingestão de álcool pelo condutor;Saída de leito carroçável;Sem Vítimas;Plena Noite;Crescente;Céu Claro;Simples;Aclive;Não;1;0;0;0;1;0;0;1;-26,827137;-51,726971;SPRF-SC;DEL07-SC;UOP07-DEL07-SC
630564;26/09/2024;quinta-feira;01:00:00;RS;158;237,2;TUPANCIRETA;Velocidade Incompatível;Saída de leito carroçável;Sem Vítimas;Plena Noite;Crescente;Chuva;Simples;"Curva;Declive";Não;3;0;0;0;3;0;0;1;-29,00219416;-53,64608926;SPRF-RS;DEL10-RS;UOP02-DEL10-RS
630567;25/09/2024;quarta-feira;23:50:00;AL;104;40;UNIAO DOS PALMARES;Reação tardia ou ineficiente do condutor;Atropelamento de Animal;Com Vítimas Feridas;Plena Noite;Decrescente;Chuva;Simples;"Curva;Aclive";Não;2;0;1;0;1;0;1;1;-9,19644007;-36,03112528;SPRF-AL;DEL01-AL;UOP02-DEL01-AL
630569;26/09/2024;quinta-feira;03:15:00;SP;116;95;PINDAMONHANGABA;Ausência de reação do condutor;Colisão com objeto;Com Vítimas Feridas;Plena Noite;Decrescente;Céu Claro;Dupla;Reta;Não;2;0;2;0;0;0;2;1;-22,96514512;-45,43013094;SPRF-SP;DEL08-SP;UOP01-DEL08-SP
630570;26/09/2024;quinta-feira;05:06:00;PI;343;1,8;TERESINA;Ausência de reação do condutor;Saída de leito carroçável;Sem Vítimas;Plena Noite;Decrescente;Céu Claro;Múltipla;"Reta;Em Obras";Sim;1;0;0;0;0;1;0;1;-5,089569;-42,802288;SPRF-PI;DEL01-PI;UOP01-DEL01-PI
630572;25/09/2024;quarta-feira;16:50:00;SE;101;89;NOSSA SENHORA DO SOCORRO;Ausência de reação do condutor;Colisão traseira;Sem Vítimas;Pleno dia;Decrescente;Céu Claro;Dupla;Reta;Não;2;0;0;0;1;1;0;2;-10,88051024;-37,13355535;SPRF-SE;DEL01-SE;UOP01-DEL01-SE
630573;26/09/2024;quinta-feira;05:35:00;PB;230;11;CABEDELO;Acumulo de areia ou detritos sobre o pavimento;Tombamento;Com Vítimas Feridas;Pleno dia;Crescente;Céu Claro;Dupla;Reta;Não;1;0;1;0;0;0;1;1;-7,06534721;-34,85043216;SPRF-PB;DEL01-PB;UOP01-DEL01-PB
630575;25/09/2024;quarta-feira;21:15:00;MG;459;94,5;CONGONHAL;Velocidade Incompatível;Saída de leito carroçável;Com Vítimas Feridas;Plena Noite;Crescente;Céu Claro;Simples;Curva;Não;2;0;2;0;0;0;2;1;-22,178475;-45,995888;SPRF-MG;DEL09-MG;UOP01-DEL09-MG
630576;26/09/2024;quinta-feira;05:20:00;ES;101;269;SERRA;Ingestão de álcool pelo condutor;Saída de leito carroçável;Com Vítimas Feridas;Pleno dia;Decrescente;Céu Claro;Múltipla;Reta;Sim;1;0;1;0;0;0;1;1;-20,21740496;-40,26990578;SPRF-ES;DEL02-ES;UOP01-DEL02-ES
630577;26/09/2024;quinta-feira;06:40:00;CE;116;12,5;FORTALEZA;Condutor deixou de manter distância do veículo da frente;Colisão traseira;Com Vítimas Feridas;Pleno dia;Decrescente;Céu Claro;Dupla;Reta;Sim;2;0;1;0;1;0;1;2;-3,85570172;-38,49594355;SPRF-CE;DEL01-CE;UOP02-DEL01-CE
630581;26/09/2024;quinta-feira;07:20:00;PE;101;23,6;GOIANA;Demais falhas mecânicas ou elétricas;Tombamento;Com Vítimas Feridas;Pleno dia;Decrescente;Céu Claro;Dupla;Reta;Não;2;0;2;0;0;0;2;1;-7,688858;-34,922267;SPRF-PE;DEL01-PE;UOP02-DEL01-PE
630582;25/09/2024;quarta-feira;17:30:00;RO;435;38,5;VILHENA;Acumulo de água sobre o pavimento;Saída de leito carroçável;Com Vítimas Feridas;Anoitecer;Crescente;Ignorado;Simples;Reta;Não;1;0;1;0;0;0;1;1;-12,87020093;-60,36990452;SPRF-RO;DEL04-RO;UOP02-DEL04-RO
630583;26/09/2024;quinta-feira;06:00:00;GO;153;339,1;JARAGUA;Pedestre andava na pista;Atropelamento de Pedestre;Com Vítimas Fatais;Amanhecer;Decrescente;Céu Claro;Simples;Reta;Não;2;1;0;0;1;0;0;2;-15,587341;-49,411465;SPRF-GO;DEL02-GO;UOP02-DEL02-GO
630584;26/09/2024;quinta-feira;07:30:00;DF;40;6,8;BRASILIA;Condutor deixou de manter distância do veículo da frente;Colisão traseira;Com Vítimas Feridas;Pleno dia;Decrescente;Céu Claro;Dupla;Reta;Sim;2;0;1;0;1;0;1;2;-16,029741;-47,978867;SPRF-DF;DEL01-DF;UOP01-DEL01-DF
630585;26/09/2024;quinta-feira;05:50:00;SC;280;81,8;CORUPA;Transitar na contramão;Colisão frontal;Com Vítimas Feridas;Amanhecer;Decrescente;Céu Claro;Simples;Reta;Sim;2;0;0;1;1;0;1;2;-26,43673294;-49,24012184;SPRF-SC;DEL06-SC;UOP03-DEL06-SC
630586;26/09/2024;quinta-feira;07:00:00;RS;290;489,2;ROSARIO DO SUL;Chuva;Saída de leito carroçável;Com Vítimas Fatais;Plena Noite;Crescente;Chuva;Simples;Curva;Não;2;2;0;0;0;0;0;1;-30,238661;-55,013279;SPRF-RS;DEL11-RS;UOP02-DEL11-RS
630587;26/09/2024;quinta-feira;06:20:00;PI;316;304;PICOS;Conversão proibida;Colisão transversal;Com Vítimas Feridas;Pleno dia;Crescente;Céu Claro;Múltipla;Reta;Não;3;0;1;1;1;0;2;2;-7,06324178;-41,51712984;SPRF-PI;DEL04-PI;UOP01-DEL04-PI
630588;26/09/2024;quinta-feira;07:30:00;PR;277;76;SAO JOSE DOS PINHAIS;Trafegar com motocicleta (ou similar) entre as faixas;Colisão traseira;Com Vítimas Feridas;Pleno dia;Crescente;Sol;Dupla;Reta;Não;2;0;0;1;1;0;1;2;-25,51327981;-49,12433291;SPRF-PR;DEL01-PR;UOP07-DEL01-PR
630590;22/09/2024;domingo;22:30:00;RJ;101;299;ITABORAI;Condutor Dormindo;Queda de ocupante de veículo;Com Vítimas Feridas;Plena Noite;Crescente;Céu Claro;Múltipla;Reta;Não;1;0;1;0;0;0;1;1;-22,77432673;-42,93823207;SPRF-RJ;DEL02-RJ;UOP02-DEL02-RJ
630592;26/09/2024;quinta-feira;08:00:00;PR;277;109;CURITIBA;Ausência de reação do condutor;Colisão lateral mesmo sentido;Com Vítimas Feridas;Pleno dia;Crescente;Céu Claro;Dupla;Reta;Não;2;0;1;0;1;0;1;2;-25,45492411;-49,36103728;SPRF-PR;DEL03-PR;UOP03-DEL03-PR
630593;26/09/2024;quinta-feira;07:15:00;RO;319;64;PORTO VELHO;Transitar no Acostamento;Colisão lateral mesmo sentido;Com Vítimas Feridas;Pleno dia;Decrescente;Sol;Dupla;Reta;Sim;2;0;2;0;0;0;2;2;-8,766685;-63,884052;SPRF-RO;DEL01-RO;UOP01-DEL01-RO
630594;26/09/2024;quinta-feira;08:10:00;SC;101;140;BALNEARIO CAMBORIU;Demais falhas mecânicas ou elétricas;Tombamento;Com Vítimas Feridas;Pleno dia;Decrescente;Céu Claro;Simples;Reta;Não;1;0;0;1;0;0;1;1;-27,03881189;-48,60025148;SPRF-SC;DEL04-SC;UOP03-DEL04-SC
630595;26/09/2024;quinta-feira;05:20:00;MG;153;6,8;ARAPORA;Ausência de reação do condutor;Saída de leito carroçável;Com Vítimas Feridas;Plena Noite;Crescente;Céu Claro;Dupla;Reta;Não;4;0;3;0;0;1;3;2;-18,469534;-49,18824998;SPRF-MG;DEL15-MG;UOP03-DEL15-MG
630596;26/09/2024;quinta-feira;07:30:00;MG;251;478;FRANCISCO SA;Acessar a via sem observar a presença dos outros veículos;Colisão transversal;Com Vítimas Feridas;Pleno dia;Crescente;Céu Claro;Simples;Rotatória;Sim;3;0;0;1;2;0;1;2;-16,46906162;-43,49357156;SPRF-MG;DEL12-MG;UOP01-DEL12-MG
630597;26/09/2024;quinta-feira;07:50:00;CE;116;9;FORTALEZA;Reação tardia ou ineficiente do condutor;Colisão lateral mesmo sentido;Com Vítimas Feridas;Pleno dia;Decrescente;Céu Claro;Múltipla;Reta;Sim;3;0;2;0;1;0;2;2;-3,82779096;-38,50486117;SPRF-CE;DEL01-CE;UOP02-DEL01-CE
630598;26/09/2024;quinta-feira;08:30:00;SC;101;137,5;BALNEARIO CAMBORIU;Ausência de reação do condutor;Colisão lateral mesmo sentido;Com Vítimas Feridas;Pleno dia;Decrescente;Nublado;Dupla;Reta;Não;2;0;1;0;0;1;1;2;-27,0157238;-48,61192763;SPRF-SC;DEL04-SC;UOP03-DEL04-SC
630600;26/09/2024;quinta-feira;09:35:00;SE;101;91,5;NOSSA SENHORA DO SOCORRO;Acumulo de óleo sobre o pavimento;Tombamento;Com Vítimas Feridas;Pleno dia;Crescente;Céu Claro;Simples;"Curva;Aclive";Não;2;0;2;0;0;0;2;1;-10,89849802;-37,13176324;SPRF-SE;DEL01-SE;UOP01-DEL01-SE
630601;26/09/2024;quinta-feira;09:30:00;SC;470;58;BLUMENAU;Acesso irregular;Colisão transversal;Com Vítimas Feridas;Pleno dia;Crescente;Céu Claro;Simples;"Reta;Em Obras";Não;2;0;0;1;1;0;1;2;-26,883879;-49,145622;SPRF-SC;DEL04-SC;UOP01-DEL04-SC
630602;26/09/2024;quinta-feira;07:50:00;PI;316;11,2;TERESINA;Reação tardia ou ineficiente do condutor;Tombamento;Com Vítimas Feridas;Pleno dia;Crescente;Céu Claro;Simples;Reta;Sim;1;0;1;0;0;0;1;1;-5,191739;-42,76076102;SPRF-PI;DEL01-PI;UOP02-DEL01-PI
630604;26/09/2024;quinta-feira;09:29:00;SP;116;74,5;APARECIDA;Reação tardia ou ineficiente do condutor;Colisão traseira;Com Vítimas Feridas;Pleno dia;Crescente;Céu Claro;Dupla;"Declive;Em Obras";Sim;2;0;1;0;1;0;1;2;-22,87353809;-45,25320023;SPRF-SP;DEL08-SP;UOP01-DEL08-SP
630607;26/09/2024;quinta-feira;10:26:00;DF;70;15;BRASILIA;Ausência de reação do condutor;Colisão com objeto;Sem Vítimas;Pleno dia;Decrescente;Céu Claro;Dupla;Reta;Sim;1;0;0;0;0;1;0;1;-15,798888;-48,185043;SPRF-DF;DEL03-DF;UOP02-DEL03-DF
630609;26/09/2024;quinta-feira;10:50:00;AL;101;206,8;SAO SEBASTIAO;Ausência de reação do condutor;Colisão traseira;Com Vítimas Feridas;Pleno dia;Decrescente;Céu Claro;Simples;Reta;Não;3;0;2;0;1;0;2;2;-9,98580871;-36,57639201;SPRF-AL;DEL02-AL;UOP02-DEL02-AL
630610;26/09/2024;quinta-feira;07:15:00;MT;364;268;JACIARA;Avarias e/ou desgaste excessivo no pneu;Saída de leito carroçável;Com Vítimas Feridas;Pleno dia;Decrescente;Céu Claro;Dupla;"Aclive;Reta";Não;2;0;2;0;0;0;2;1;-15,98124307;-54,93240309;SPRF-MT;DEL02-MT;UOP01-DEL02-MT
630611;25/09/2024;quarta-feira;14:40:00;MG;40;426;PARAOPEBA;Demais falhas mecânicas ou elétricas;Saída de leito carroçável;Com Vítimas Feridas;Pleno dia;Decrescente;Céu Claro;Dupla;"Declive;Reta";Não;2;0;2;0;0;0;2;1;-19,16811528;-44,51542722;SPRF-MG;DEL02-MG;UOP01-DEL02-MG
630613;26/09/2024;quinta-feira;11:30:00;ES;101;146,4;LINHARES;Ausência de reação do condutor;Colisão traseira;Com Vítimas Feridas;Pleno dia;Crescente;Céu Claro;Dupla;"Reta;Aclive";Sim;2;0;1;0;1;0;1;2;-19,36990998;-40,06560718;SPRF-ES;DEL04-ES;UOP01-DEL04-ES
630614;26/09/2024;quinta-feira;07:30:00;PI;316;311;PICOS;Área urbana sem a presença de local apropriado para a travessia de pedestres;Atropelamento de Pedestre;Com Vítimas Feridas;Pleno dia;Decrescente;Céu Claro;Dupla;Reta;Sim;2;0;1;0;0;1;1;2;-7,076331;-41,46596;SPRF-PI;DEL04-PI;UOP01-DEL04-PI
630615;26/09/2024;quinta-feira;12:20:00;PI;343;341;TERESINA;Ausência de reação do condutor;Colisão traseira;Com Vítimas Feridas;Pleno dia;Decrescente;Céu Claro;Dupla;"Reta;Declive";Sim;4;0;1;0;3;0;1;3;-5,077812;-42,744255;SPRF-PI;DEL01-PI;UOP01-DEL01-PI
630616;26/09/2024;quinta-feira;11:20:00;RJ;101;533;ANGRA DOS REIS;Conversão proibida;Colisão lateral mesmo sentido;Com Vítimas Feridas;Pleno dia;Decrescente;Sol;Simples;Reta;Sim;2;0;1;0;1;0;1;2;-23,02405776;-44,53703641;SPRF-RJ;DEL03-RJ;UOP03-DEL03-RJ
630618;26/08/2024;segunda-feira;10:50:00;BA;407;4,5;JUAZEIRO;Desrespeitar a preferência no cruzamento;Colisão transversal;Com Vítimas Feridas;Pleno dia;Crescente;Céu Claro;Simples;Rotatória;Sim;2;0;0;1;0;1;1;2;-9,43957495;-40,49433089;SPRF-PE;DEL06-PE;UOP01-DEL06-PE
630620;26/09/2024;quinta-feira;12:25:00;RS;158;1;SANTANA DO LIVRAMENTO;Acessar a via sem observar a presença dos outros veículos;Colisão transversal;Com Vítimas Feridas;Pleno dia;Crescente;Nublado;Simples;"Interseção de Vias;Reta";Não;3;0;1;0;2;0;1;2;-30,87635562;-55,51386886;SPRF-RS;DEL08-RS;UOP02-DEL08-RS
630621;26/09/2024;quinta-feira;13:00:00;SP;381;63;MAIRIPORA;Manobra de mudança de faixa;Colisão lateral mesmo sentido;Com Vítimas Feridas;Pleno dia;Crescente;Céu Claro;Dupla;"Curva;Declive";Não;2;0;1;0;1;0;1;2;-23,302805;-46,572767;SPRF-SP;DEL03-SP;UOP01-DEL03-SP
630623;26/09/2024;quinta-feira;13:00:00;PR;116;115;CURITIBA;Trafegar com motocicleta (ou similar) entre as faixas;Colisão lateral mesmo sentido;Com Vítimas Feridas;Pleno dia;Decrescente;Sol;Dupla;"Declive;Reta;Interseção de Vias;Viaduto";Sim;5;0;1;1;3;0;2;4;-25,54245508;-49,30281043;SPRF-PR;DEL01-PR;UOP03-DEL01-PR
630625;26/09/2024;quinta-feira;12:50:00;SC;101;124;ITAJAI;Ausência de reação do condutor;Colisão traseira;Com Vítimas Feridas;Pleno dia;Crescente;Nublado;Dupla;Reta;Não;2;0;1;0;1;0;1;2;-26,94335064;-48,69198648;SPRF-SC;DEL04-SC;UOP04-DEL04-SC
630626;22/09/2024;domingo;16:20:00;SP;116;204;GUARULHOS;Ingestão de álcool pelo condutor;Colisão traseira;Sem Vítimas;Pleno dia;Crescente;Céu Claro;Dupla;Reta;Não;2;0;0;0;2;0;0;2;-23,41236123;-46,35692496;SPRF-SP;DEL01-SP;UOP01-DEL01-SP
630628;26/09/2024;quinta-feira;11:31:00;DF;70;18;BRASILIA;Acessar a via sem observar a presença dos outros veículos;Colisão traseira;Com Vítimas Feridas;Pleno dia;Crescente;Céu Claro;Dupla;Reta;Não;2;0;1;0;1;0;1;2;-15,791093;-48,21096;SPRF-DF;DEL03-DF;UOP02-DEL03-DF
630630;26/09/2024;quinta-feira;14:13:00;DF;70;3;BRASILIA;Manobra de mudança de faixa;Colisão lateral mesmo sentido;Com Vítimas Feridas;Pleno dia;Decrescente;Céu Claro;Dupla;Reta;Sim;2;0;1;0;1;0;1;2;-15,802453;-48,080387;SPRF-DF;DEL03-DF;UOP02-DEL03-DF
630631;26/09/2024;quinta-feira;10:00:00;RS;386;394;TRIUNFO;Chuva;Saída de leito carroçável;Com Vítimas Feridas;Pleno dia;Decrescente;Chuva;Dupla;Reta;Não;1;0;1;0;0;0;1;1;-29,718338;-51,642879;SPRF-RS;DEL04-RS;UOP02-DEL04-RS
630632;26/09/2024;quinta-feira;12:00:00;SC;470;4;NAVEGANTES;Acessar a via sem observar a presença dos outros veículos;Colisão transversal;Com Vítimas Feridas;Pleno dia;Decrescente;Sol;Dupla;"Reta;Interseção de Vias";Sim;2;0;2;0;0;0;2;2;-26,858473;-48,690788;SPRF-SC;DEL04-SC;UOP04-DEL04-SC
630633;24/09/2024;terça-feira;07:20:00;PR;277;82;CURITIBA;Manobra de mudança de faixa;Colisão traseira;Com Vítimas Feridas;Pleno dia;Decrescente;Céu Claro;Dupla;"Reta;Aclive";Não;2;0;1;0;1;0;1;2;-25,452824;-49,2263519;SPRF-PR;DEL01-PR;UOP03-DEL01-PR
630634;26/09/2024;quinta-feira;13:30:00;BA;101;62;ENTRE RIOS;Acessar a via sem observar a presença dos outros veículos;Colisão transversal;Com Vítimas Feridas;Pleno dia;Decrescente;Céu Claro;Simples;Reta;Sim;2;0;1;0;1;0;1;2;-11,94724928;-38,06893766;SPRF-BA;DEL01-BA;UOP04-DEL01-BA
630635;28/02/2024;quarta-feira;20:40:00;PR;373;175,5;PONTA GROSSA;Mal súbito do condutor;Saída de leito carroçável;Com Vítimas Feridas;Plena Noite;Crescente;Céu Claro;Dupla;Curva;Sim;1;0;0;1;0;0;1;1;-25,06442173;-50,21315379;SPRF-PR;DEL03-PR;UOP01-DEL03-PR
630636;08/08/2024;quinta-feira;18:35:00;MT;158;3,4;BARRA DO GARCAS;Demais falhas mecânicas ou elétricas;Incêndio;Sem Vítimas;Plena Noite;Crescente;Céu Claro;Dupla;"Reta;Aclive";Sim;1;0;0;0;1;0;0;1;-15,88121547;-52,27810979;SPRF-MT;DEL07-MT;UOP02-DEL07-MT
630639;26/09/2024;quinta-feira;11:40:00;PI;343;13,8;PARNAIBA;Condutor deixou de manter distância do veículo da frente;Colisão traseira;Com Vítimas Feridas;Pleno dia;Crescente;Sol;Dupla;Reta;Sim;2;0;0;1;0;1;1;2;-2,92659881;-41,75350353;SPRF-PI;DEL05-PI;UOP01-DEL05-PI