id;data_inversa;dia_semana;horario;uf;br;km;municipio;causa_acidente;tipo_acidente;classificacao_acidente;fase_dia;sentido_via;condicao_metereologica;tipo_pista;tracado_via;uso_solo;pessoas;mortos;feridos_leves;feridos_graves;ilesos;ignorados;feridos;veiculos;latitude;longitude;regional;delegacia;uop
630642;26/09/2024;quinta-feira;15:40:00;SE;101;43,1;CAPELA;Manobra de mudança de faixa;Queda de ocupante de veículo;Com Vítimas Feridas;Pleno dia;Crescente;Céu Claro;Dupla;Reta;Não;1;0;1;0;0;0;1;1;-10,547321;-36,970737;SPRF-SE;DEL02-SE;UOP02-DEL02-SE
630646;26/09/2024;quinta-feira;13:55:00;RS;392;70;PELOTAS;Desrespeitar a preferência no cruzamento;Colisão transversal;Com Vítimas Feridas;Pleno dia;Crescente;Nublado;Simples;Interseção de Vias;Sim;2;0;1;0;1;0;1;2;-31,73521294;-52,39290008;SPRF-RS;DEL07-RS;UOP01-DEL07-RS
630647;26/09/2024;quinta-feira;12:50:00;SP;116;290;ITAPECERICA DA SERRA;Avarias e/ou desgaste excessivo no pneu;Saída de leito carroçável;Com Vítimas Feridas;Pleno dia;Crescente;Céu Claro;Dupla;Curva;Sim;2;0;0;1;1;0;1;1;-23,7303281;-46,89425963;SPRF-SP;DEL04-SP;UOP01-DEL04-SP
630650;14/08/2024;quarta-feira;09:15:00;MG;381;488;BETIM;Reação tardia ou ineficiente do condutor;Tombamento;Com Vítimas Feridas;Pleno dia;Decrescente;Céu Claro;Dupla;"Aclive;Curva";Sim;2;0;1;0;0;1;1;2;-19,95656893;-44,12761688;SPRF-MG;DEL01-MG;UOP03-DEL01-MG
630651;26/09/2024;quinta-feira;16:40:00;SC;101;204;SAO JOSE;Ausência de reação do condutor;Queda de ocupante de veículo;Com Vítimas Feridas;Pleno dia;Decrescente;Céu Claro;Múltipla;Reta;Não;2;0;0;1;1;0;1;2;-27,57413014;-48,61363083;SPRF-SC;DEL01-SC;UOP01-DEL01-SC
630652;26/09/2024;quinta-feira;16:00:00;MG;262;360;BETIM;Acessar a via sem observar a presença dos outros veículos;Colisão lateral mesmo sentido;Com Vítimas Feridas;Pleno dia;Crescente;Céu Claro;Dupla;Reta;Não;3;0;1;0;2;0;1;2;-19,9830204;-44,20924834;SPRF-MG;DEL01-MG;UOP03-DEL01-MG
630653;26/09/2024;quinta-feira;13:50:00;RS;470;286,6;MONTENEGRO;Desrespeitar a preferência no cruzamento;Colisão transversal;Com Vítimas Feridas;Pleno dia;Decrescente;Chuva;Simples;"Curva;Retorno Regulamentado";Sim;3;0;1;0;2;0;1;2;-29,65332;-51,455828;SPRF-RS;DEL06-RS;UOP01-DEL06-RS
630654;26/09/2024;quinta-feira;16:10:00;PR;116;116;CURITIBA;Demais falhas mecânicas ou elétricas;Tombamento;Com Vítimas Feridas;Pleno dia;Crescente;Nublado;Dupla;Reta;Sim;1;0;1;0;0;0;1;1;-25,55468195;-49,27402397;SPRF-PR;DEL01-PR;UOP03-DEL01-PR
630655;26/09/2024;quinta-feira;16:25:00;RJ;116;173;SAO JOAO DE MERITI;Condutor deixou de manter distância do veículo da frente;Colisão traseira;Com Vítimas Feridas;Pleno dia;Crescente;Sol;Múltipla;Reta;Sim;2;0;1;0;1;0;1;2;-22,79810324;-43,35726614;SPRF-RJ;DEL06-RJ;UOP01-DEL06-RJ
630656;26/09/2024;quinta-feira;14:00:00;RJ;40;72;PETROPOLIS;Acumulo de óleo sobre o pavimento;Queda de ocupante de veículo;Com Vítimas Feridas;Pleno dia;Decrescente;Céu Claro;Dupla;Curva;Não;1;0;1;0;0;0;1;1;-22,4585308;-43,21600514;SPRF-RJ;DEL01-RJ;UOP01-DEL01-RJ
630658;26/09/2024;quinta-feira;13:00:00;SC;101;85,5;BARRA VELHA;Ausência de reação do condutor;Queda de ocupante de veículo;Com Vítimas Feridas;Pleno dia;Crescente;Nublado;Múltipla;Reta;Não;1;0;1;0;0;0;1;1;-26,62840879;-48,70813584;SPRF-SC;DEL03-SC;UOP02-DEL03-SC
630659;26/09/2024;quinta-feira;12:45:00;MG;116;246,4;TEOFILO OTONI;Transitar na contramão;Colisão transversal;Com Vítimas Feridas;Pleno dia;Crescente;Sol;Simples;Reta;Não;2;0;0;2;0;0;2;2;-17,6101981;-41,4975046;SPRF-MG;DEL11-MG;UOP01-DEL11-MG
630660;26/09/2024;quinta-feira;16:21:00;CE;20;306;CANINDE;Acessar a via sem observar a presença dos outros veículos;Colisão transversal;Com Vítimas Feridas;Pleno dia;Decrescente;Céu Claro;Simples;Interseção de Vias;Sim;3;0;1;0;1;1;1;2;-4,36698604;-39,30270365;SPRF-CE;DEL02-CE;UOP01-DEL02-CE
630661;25/09/2024;quarta-feira;17:20:00;RS;101;23,7;TRES CACHOEIRAS;Condutor deixou de manter distância do veículo da frente;Colisão traseira;Com Vítimas Feridas;Anoitecer;Decrescente;Ignorado;Múltipla;Reta;Sim;2;0;1;0;0;1;1;2;-29,44526794;-49,90912604;SPRF-RS;DEL03-RS;UOP02-DEL03-RS
630662;21/08/2024;quarta-feira;09:00:00;RN;226;288;AUGUSTO SEVERO;Transitar no Acostamento;Queda de ocupante de veículo;Com Vítimas Feridas;Pleno dia;Crescente;Céu Claro;Dupla;Curva;Não;2;0;0;1;0;1;1;2;-5,86134826;-37,2923937;SPRF-RN;DEL03-RN;UOP01-DEL03-RN
630664;26/09/2024;quinta-feira;15:50:00;RS;116;143,2;CAXIAS DO SUL;Frear bruscamente;Engavetamento;Com Vítimas Feridas;Pleno dia;Decrescente;Garoa/Chuvisco;Dupla;Reta;Sim;5;0;1;0;4;0;1;3;-29,12288584;-51,12300038;SPRF-RS;DEL05-RS;UOP01-DEL05-RS
630665;17/08/2024;sábado;11:00:00;DF;40;0,5;BRASILIA;Manobra de mudança de faixa;Colisão com objeto;Com Vítimas Feridas;Pleno dia;Decrescente;Céu Claro;Dupla;Curva;Sim;2;0;2;0;0;0;2;1;-15,976897;-47,990129;SPRF-DF;DEL01-DF;UOP01-DEL01-DF
630667;26/09/2024;quinta-feira;14:40:00;RJ;40;92;PETROPOLIS;Reação tardia ou ineficiente do condutor;Queda de ocupante de veículo;Com Vítimas Feridas;Pleno dia;Crescente;Céu Claro;Dupla;"Curva;Declive";Não;1;0;1;0;0;0;1;1;-22,55191954;-43,25068815;SPRF-RJ;DEL01-RJ;UOP01-DEL01-RJ
630668;13/08/2024;terça-feira;07:30:00;SC;101;109;PENHA;Acessar a via sem observar a presença dos outros veículos;Colisão lateral mesmo sentido;Com Vítimas Feridas;Pleno dia;Crescente;Céu Claro;Múltipla;Reta;Não;3;0;1;0;2;0;1;3;-26,8333519;-48,69632106;SPRF-SC;DEL03-SC;UOP02-DEL03-SC
630669;26/09/2024;quinta-feira;10:40:00;MG;116;727,1;LARANJAL;Demais falhas mecânicas ou elétricas;Incêndio;Sem Vítimas;Pleno dia;Decrescente;Céu Claro;Simples;Reta;Não;1;0;0;0;1;0;0;1;-21,29681615;-42,4234049;SPRF-MG;DEL07-MG;UOP02-DEL07-MG
630671;26/09/2024;quinta-feira;17:20:00;ES;101;365,1;ANCHIETA;Ausência de reação do condutor;Colisão com objeto;Com Vítimas Feridas;Pleno dia;Crescente;Céu Claro;Dupla;Reta;Não;1;0;1;0;0;0;1;1;-20,73397538;-40,7507118;SPRF-ES;DEL03-ES;UOP01-DEL03-ES
630672;17/08/2024;sábado;19:44:00;RJ;101;297;ITABORAI;Ausência de reação do condutor;Colisão traseira;Com Vítimas Feridas;Plena Noite;Crescente;Céu Claro;Dupla;Declive;Não;4;0;1;0;3;0;1;4;-22,76942037;-42,91873581;SPRF-RJ;DEL02-RJ;UOP02-DEL02-RJ
630673;26/09/2024;quinta-feira;14:34:00;RS;290;79;GRAVATAI;Acumulo de água sobre o pavimento;Saída de leito carroçável;Sem Vítimas;Pleno dia;Crescente;Chuva;Múltipla;Reta;Sim;2;0;0;0;2;0;0;1;-29,952908;-51,048054;SPRF-RS;DEL01-RS;UOP01-DEL01-RS
630675;26/09/2024;quinta-feira;17:35:00;PE;232;9,4;JABOATAO DOS GUARARAPES;Condutor deixou de manter distância do veículo da frente;Engavetamento;Sem Vítimas;Anoitecer;Decrescente;Céu Claro;Múltipla;Reta;Não;5;0;0;0;5;0;0;3;-8,078514;-34,983463;SPRF-PE;DEL01-PE;UOP01-DEL01-PE
630676;26/09/2024;quinta-feira;16:20:00;PR;369;173;ROLANDIA;Conversão proibida;Colisão lateral mesmo sentido;Com Vítimas Feridas;Pleno dia;Crescente;Céu Claro;Simples;Reta;Sim;2;0;0;1;1;0;1;2;-23,3159193;-51,37629211;SPRF-PR;DEL07-PR;UOP01-DEL07-PR
630677;26/09/2024;quinta-feira;17:42:00;PB;230;20;JOAO PESSOA;Manobra de mudança de faixa;Colisão lateral mesmo sentido;Com Vítimas Feridas;Anoitecer;Decrescente;Céu Claro;Dupla;Reta;Sim;2;0;1;0;1;0;1;2;-7,1337;-34,8544;SPRF-PB;DEL01-PB;UOP01-DEL01-PB
630678;26/09/2024;quinta-feira;17:00:00;BA;324;354;CAPIM GROSSO;Acessar a via sem observar a presença dos outros veículos;Colisão traseira;Com Vítimas Feridas;Amanhecer;Decrescente;Céu Claro;Dupla;Rotatória;Sim;2;0;1;0;1;0;1;2;-11,37097626;-40,01568611;SPRF-BA;DEL04-BA;UOP02-DEL04-BA
630681;26/09/2024;quinta-feira;18:00:00;SC;280;231,6;CANOINHAS;Desrespeitar a preferência no cruzamento;Queda de ocupante de veículo;Com Vítimas Feridas;Anoitecer;Decrescente;Chuva;Simples;Reta;Sim;2;0;1;0;1;0;1;2;-26,1893047;-50,37170989;SPRF-SC;DEL06-SC;UOP04-DEL06-SC
630682;26/09/2024;quinta-feira;17:32:00;RS;116;151;CAXIAS DO SUL;Área urbana sem a presença de local apropriado para a travessia de pedestres;Atropelamento de Pedestre;Com Vítimas Feridas;Anoitecer;Decrescente;Garoa/Chuvisco;Dupla;"Curva;Declive";Sim;3;0;0;1;1;1;1;2;-29,17694502;-51,16173896;SPRF-RS;DEL05-RS;UOP01-DEL05-RS
630683;26/09/2024;quinta-feira;18:00:00;RS;285;456,4;IJUI;Acessar a via sem observar a presença dos outros veículos;Colisão transversal;Com Vítimas Feridas;Pleno dia;Decrescente;Garoa/Chuvisco;Simples;Reta;Sim;2;0;1;0;1;0;1;2;-28,38970809;-53,89282292;SPRF-RS;DEL10-RS;UOP01-DEL10-RS
630684;26/09/2024;quinta-feira;17:35:00;PR;369;118;JATAIZINHO;Ingestão de álcool pelo condutor;Colisão com objeto;Com Vítimas Feridas;Pleno dia;Decrescente;Céu Claro;Dupla;Reta;Não;1;0;0;1;0;0;1;1;-23,28655507;-50,87938607;SPRF-PR;DEL07-PR;UOP05-DEL07-PR
630685;26/09/2024;quinta-feira;17:50:00;CE;116;11;FORTALEZA;Manobra de mudança de faixa;Colisão lateral mesmo sentido;Com Vítimas Feridas;Anoitecer;Crescente;Céu Claro;Dupla;Reta;Não;2;0;1;0;1;0;1;2;-3,84394724;-38,49891546;SPRF-CE;DEL01-CE;UOP02-DEL01-CE
630686;26/09/2024;quinta-feira;17:45:00;GO;40;12;LUZIANIA;Manobra de mudança de faixa;Colisão lateral mesmo sentido;Com Vítimas Feridas;Pleno dia;Crescente;Céu Claro;Dupla;Reta;Sim;2;0;0;1;1;0;1;2;-16,145123;-47,945382;SPRF-DF;DEL01-DF;UOP01-DEL01-DF
630687;26/09/2024;quinta-feira;18:30:00;SP;116;108;TAUBATE;Trafegar com motocicleta (ou similar) entre as faixas;Colisão traseira;Com Vítimas Feridas;Anoitecer;Crescente;Céu Claro;Dupla;Reta;Sim;2;0;1;0;0;1;1;2;-23,0233097;-45,53763622;SPRF-SP;DEL02-SP;UOP02-DEL02-SP
630689;26/09/2024;quinta-feira;16:00:00;PB;361;70,4;PIANCO;Velocidade Incompatível;Saída de leito carroçável;Com Vítimas Feridas;Pleno dia;Crescente;Céu Claro;Simples;Reta;Não;1;0;1;0;0;0;1;1;-7,19693595;-37,80719699;SPRF-PB;DEL03-PB;UOP01-DEL03-PB
630690;26/09/2024;quinta-feira;17:30:00;ES;101;264;SERRA;Ausência de reação do condutor;Queda de ocupante de veículo;Com Vítimas Feridas;Anoitecer;Decrescente;Céu Claro;Múltipla;"Rotatória;Retorno Regulamentado;Reta;Interseção de Vias";Sim;2;0;1;0;0;1;1;2;-20,17292791;-40,26736384;SPRF-ES;DEL02-ES;UOP01-DEL02-ES
630692;26/09/2024;quinta-feira;13:00:00;GO;50;203;CAMPO ALEGRE DE GOIAS;Ausência de reação do condutor;Capotamento;Com Vítimas Feridas;Pleno dia;Decrescente;Céu Claro;Dupla;"Viaduto;Retorno Regulamentado";Não;1;0;1;0;0;0;1;1;-17,5986;-47,7992;SPRF-GO;DEL06-GO;UOP01-DEL06-GO
630693;26/09/2024;quinta-feira;17:30:00;PB;230;170,1;CAMPINA GRANDE;Conversão proibida;Colisão transversal;Com Vítimas Feridas;Anoitecer;Decrescente;Vento;Simples;"Reta;Interseção de Vias";Sim;2;0;0;1;1;0;1;2;-7,1806;-35,9873;SPRF-PB;DEL02-PB;UOP02-DEL02-PB
630696;26/09/2024;quinta-feira;18:20:00;SP;116;224;GUARULHOS;Reação tardia ou ineficiente do condutor;Colisão lateral mesmo sentido;Com Vítimas Feridas;Anoitecer;Decrescente;Céu Claro;Múltipla;Reta;Sim;3;0;1;0;2;0;1;3;-23,48071896;-46,53271603;SPRF-SP;DEL01-SP;UOP01-DEL01-SP
630697;21/09/2024;sábado;15:15:00;MS;163;99,8;ITAQUIRAI;Reação tardia ou ineficiente do condutor;Saída de leito carroçável;Com Vítimas Feridas;Pleno dia;Crescente;Nublado;Simples;Reta;Não;3;0;2;0;1;0;2;1;-23,28969397;-54,2245658;SPRF-MS;DEL09-MS;UOP01-DEL09-MS
630699;26/09/2024;quinta-feira;18:30:00;RN;110;44,9;MOSSORO;Desrespeitar a preferência no cruzamento;Colisão transversal;Com Vítimas Feridas;Plena Noite;Decrescente;Céu Claro;Simples;Interseção de Vias;Sim;2;0;1;1;0;0;2;2;-5,18717768;-37,30390524;SPRF-RN;DEL04-RN;UOP01-DEL04-RN
630700;26/09/2024;quinta-feira;19:30:00;RN;101;99;NATAL;Ausência de reação do condutor;Colisão traseira;Com Vítimas Feridas;Plena Noite;Crescente;Céu Claro;Múltipla;Reta;Sim;3;0;2;0;1;0;2;2;-5,87359183;-35,22063023;SPRF-RN;DEL01-RN;UOP01-DEL01-RN
630701;26/09/2024;quinta-feira;19:15:00;ES;101;146,4;LINHARES;Reação tardia ou ineficiente do condutor;Colisão traseira;Com Vítimas Feridas;Plena Noite;Crescente;Céu Claro;Múltipla;Reta;Sim;3;0;1;0;2;0;1;2;-19,36990998;-40,06560718;SPRF-ES;DEL04-ES;UOP01-DEL04-ES
630704;25/08/2024;domingo;15:35:00;PE;104;66;CARUARU;Acesso irregular;Colisão lateral mesmo sentido;Sem Vítimas;Pleno dia;Crescente;Céu Claro;Dupla;"Interseção de Vias;Curva";Sim;2;0;0;0;1;1;0;2;-8,2937;-35,9864;SPRF-PE;DEL02-PE;UOP01-DEL02-PE
630707;26/09/2024;quinta-feira;19:30:00;PE;232;168;TACAIMBO;Reação tardia ou ineficiente do condutor;Colisão traseira;Sem Vítimas;Plena Noite;Crescente;Céu Claro;Simples;"Aclive;Reta";Não;2;0;0;0;2;0;0;2;-8,33986354;-36,32534101;SPRF-PE;DEL03-PE;UOP02-DEL03-PE
630710;26/09/2024;quinta-feira;19:03:00;ES;101;265,3;SERRA;Acessar a via sem observar a presença dos outros veículos;Colisão frontal;Com Vítimas Feridas;Plena Noite;Crescente;Céu Claro;Dupla;Reta;Sim;2;0;1;0;1;0;1;2;-20,1816849;-40,26536036;SPRF-ES;DEL02-ES;UOP01-DEL02-ES
630711;26/09/2024;quinta-feira;18:50:00;RJ;116;202;QUEIMADOS;Ausência de reação do condutor;Colisão traseira;Com Vítimas Feridas;Plena Noite;Crescente;Céu Claro;Dupla;Reta;Não;2;0;1;0;1;0;1;2;-22,72996588;-43,61317403;SPRF-RJ;DEL06-RJ;UOP02-DEL06-RJ
630712;26/09/2024;quinta-feira;18:10:00;SC;101;125;ITAJAI;Manobra de mudança de faixa;Colisão lateral mesmo sentido;Com Vítimas Feridas;Anoitecer;Crescente;Céu Claro;Dupla;Reta;Sim;2;0;0;1;1;0;1;2;-26,94802427;-48,68338515;SPRF-SC;DEL04-SC;UOP04-DEL04-SC
630714;01/08/2024;quinta-feira;10:45:00;AL;101;173;TEOTONIO VILELA;Conversão proibida;Colisão transversal;Com Vítimas Feridas;Pleno dia;Crescente;Céu Claro;Simples;Reta;Sim;2;0;1;0;1;0;1;2;-9,90706536;-36,35090419;SPRF-AL;DEL02-AL;UOP02-DEL02-AL
630715;26/09/2024;quinta-feira;11:30:00;RO;364;13;VILHENA;Acessar a via sem observar a presença dos outros veículos;Colisão transversal;Com Vítimas Feridas;Pleno dia;Decrescente;Céu Claro;Múltipla;Rotatória;Sim;2;0;1;0;1;0;1;2;-12,74140004;-60,13026401;SPRF-RO;DEL04-RO;UOP01-DEL04-RO
630718;26/09/2024;quinta-feira;19:50:00;AL;316;162;PALMEIRA DOS INDIOS;Reação tardia ou ineficiente do condutor;Tombamento;Com Vítimas Feridas;Plena Noite;Crescente;Céu Claro;Simples;"Reta;Declive";Não;1;0;1;0;0;0;1;1;-9,46137598;-36,59031298;SPRF-AL;DEL03-AL;UOP01-DEL03-AL
630719;26/09/2024;quinta-feira;18:35:00;MG;40;619,5;CONGONHAS;Conversão proibida;Colisão transversal;Com Vítimas Feridas;Plena Noite;Decrescente;Céu Claro;Simples;"Aclive;Curva;Interseção de Vias";Não;2;0;0;1;0;1;1;2;-20,57051498;-43,81191334;SPRF-MG;DEL05-MG;UOP02-DEL05-MG
630720;26/09/2024;quinta-feira;19:50:00;BA;116;505;SANTA TERESINHA;Entrada inopinada do pedestre;Atropelamento de Pedestre;Com Vítimas Feridas;Plena Noite;Crescente;Céu Claro;Simples;Reta;Sim;2;0;0;1;1;0;1;2;-12,63934282;-39,60044503;SPRF-BA;DEL02-BA;UOP01-DEL02-BA
630722;26/09/2024;quinta-feira;17:50:00;PE;116;26,1;SALGUEIRO;Acessar a via sem observar a presença dos outros veículos;Colisão transversal;Com Vítimas Feridas;Anoitecer;Decrescente;Céu Claro;Simples;Reta;Sim;2;0;1;0;1;0;1;2;-8,069921;-39,13364;SPRF-PE;DEL05-PE;UOP01-DEL05-PE
630724;26/09/2024;quinta-feira;20:15:00;BA;415;32;ILHEUS;Condutor Dormindo;Colisão com objeto;Com Vítimas Feridas;Plena Noite;Crescente;Céu Claro;Dupla;Reta;Não;1;0;1;0;0;0;1;1;-14,8482;-39,281986;SPRF-BA;DEL05-BA;UOP01-DEL05-BA
630727;26/09/2024;quinta-feira;18:30:00;MA;135;43;BACABEIRA;Transitar no Acostamento;Colisão transversal;Com Vítimas Feridas;Plena Noite;Decrescente;Céu Claro;Dupla;Reta;Sim;3;0;2;0;1;0;2;2;-2,91264134;-44,35402453;SPRF-MA;DEL01-MA;UOP01-DEL01-MA
630728;26/09/2024;quinta-feira;21:20:00;ES;262;110;VENDA NOVA DO IMIGRANTE;Pedestre - Ingestão de álcool/ substâncias psicoativas;Atropelamento de Pedestre;Com Vítimas Feridas;Plena Noite;Crescente;Nublado;Simples;Reta;Não;2;0;0;1;1;0;1;2;-20,3364276;-41,18081802;SPRF-ES;DEL01-ES;UOP02-DEL01-ES
630729;26/09/2024;quinta-feira;18:20:00;RO;364;426;JARU;Animais na Pista;Atropelamento de Animal;Com Vítimas Feridas;Plena Noite;Decrescente;Céu Claro;Dupla;Declive;Não;1;0;1;0;0;0;1;1;-10,432443;-62,479584;SPRF-RO;DEL03-RO;UOP02-DEL03-RO
630732;26/09/2024;quinta-feira;21:45:00;MG;40;781,1;JUIZ DE FORA;Velocidade Incompatível;Saída de leito carroçável;Com Vítimas Feridas;Pleno dia;Crescente;Nublado;Dupla;Curva;Não;3;0;3;0;0;0;3;1;-21,68759907;-43,45049615;SPRF-MG;DEL05-MG;UOP01-DEL05-MG
630733;26/09/2024;quinta-feira;17:00:00;PI;343;589;FLORIANO;Reação tardia ou ineficiente do condutor;Colisão transversal;Com Vítimas Feridas;Pleno dia;Decrescente;Sol;Dupla;"Curva;Interseção de Vias";Sim;2;0;1;0;1;0;1;2;-6,776695;-43,009346;SPRF-PI;DEL03-PI;UOP01-DEL03-PI
630734;26/09/2024;quinta-feira;20:10:00;RS;386;34,1;FREDERICO WESTPHALEN;Acessar a via sem observar a presença dos outros veículos;Colisão frontal;Com Vítimas Feridas;Anoitecer;Crescente;Garoa/Chuvisco;Simples;"Reta;Interseção de Vias";Sim;3;0;1;0;1;1;1;3;-27,358442;-53,388298;SPRF-RS;DEL08-RS;UOP02-DEL08-RS
630735;26/09/2024;quinta-feira;12:00:00;SP;116;277;EMBU DAS ARTES;Ausência de reação do condutor;Queda de ocupante de veículo;Com Vítimas Feridas;Pleno dia;Decrescente;Céu Claro;Dupla;Reta;Sim;1;0;1;0;0;0;1;1;-23,64870535;-46,84395469;SPRF-SP;DEL04-SP;UOP01-DEL04-SP
630737;26/09/2024;quinta-feira;19:50:00;RJ;493;18;GUAPIMIRIM;Acessar a via sem observar a presença dos outros veículos;Colisão transversal;Com Vítimas Feridas;Plena Noite;Crescente;Céu Claro;Simples;Reta;Sim;4;0;1;0;3;0;1;2;-22,6687122;-43,01862696;SPRF-RJ;DEL04-RJ;UOP02-DEL04-RJ
630739;26/09/2024;quinta-feira;22:15:00;MG;40;637,5;CONSELHEIRO LAFAIETE;Reação tardia ou ineficiente do condutor;Saída de leito carroçável;Com Vítimas Fatais;Plena Noite;Decrescente;Céu Claro;Simples;Curva;Não;3;1;0;2;0;0;2;1;-20,7152208;-43,79625842;SPRF-MG;DEL05-MG;UOP02-DEL05-MG
630740;26/09/2024;quinta-feira;21:20:00;RS;386;414,4;MONTENEGRO;Deficiência do Sistema de Iluminação/Sinalização;Colisão traseira;Com Vítimas Feridas;Plena Noite;Decrescente;Chuva;Simples;Reta;Não;2;0;1;0;1;0;1;2;-29,816236;-51,483341;SPRF-RS;DEL04-RS;UOP02-DEL04-RS
630742;26/09/2024;quinta-feira;17:50:00;MA;230;425;BALSAS;Acessar a via sem observar a presença dos outros veículos;Colisão transversal;Com Vítimas Feridas;Anoitecer;Decrescente;Céu Claro;Simples;Reta;Não;2;0;1;0;1;0;1;2;-7,46382205;-46,22051902;SPRF-MA;DEL05-MA;UOP01-DEL05-MA
630743;26/09/2024;quinta-feira;21:30:00;BA;324;615;SALVADOR;Pista esburacada;Queda de ocupante de veículo;Com Vítimas Feridas;Plena Noite;Crescente;Céu Claro;Dupla;Reta;Sim;1;0;1;0;0;0;1;1;-12,87206398;-38,42746403;SPRF-BA;DEL01-BA;UOP01-DEL01-BA
630745;26/09/2024;quinta-feira;22:30:00;SC;101;189,3;BIGUACU;Pedestre cruzava a pista fora da faixa;Atropelamento de Pedestre;Com Vítimas Fatais;Plena Noite;Crescente;Chuva;Dupla;Reta;Não;3;1;0;1;1;0;1;2;-27,462503;-48,64078;SPRF-SC;DEL01-SC;UOP01-DEL01-SC
630747;26/09/2024;quinta-feira;21:40:00;RJ;101;574;PARATY;Acessar a via sem observar a presença dos outros veículos;Colisão lateral mesmo sentido;Com Vítimas Feridas;Plena Noite;Crescente;Céu Claro;Simples;Reta;Sim;2;0;1;0;1;0;1;2;-23,21106418;-44,73373262;SPRF-RJ;DEL03-RJ;UOP04-DEL03-RJ
630749;26/09/2024;quinta-feira;21:15:00;PR;376;103,2;PARANAVAI;Acumulo de água sobre o pavimento;Saída de leito carroçável;Com Vítimas Feridas;Plena Noite;Crescente;Chuva;Dupla;Reta;Não;1;0;1;0;0;0;1;1;-23,0482793;-52,4557511;SPRF-PR;DEL09-PR;UOP02-DEL09-PR
630750;26/09/2024;quinta-feira;20:00:00;RJ;116;115;GUAPIMIRIM;Ausência de reação do condutor;Colisão traseira;Com Vítimas Feridas;Plena Noite;Crescente;Céu Claro;Dupla;Reta;Não;2;0;2;0;0;0;2;2;-22,58686665;-43,0179492;SPRF-RJ;DEL04-RJ;UOP02-DEL04-RJ
630752;26/09/2024;quinta-feira;22:00:00;RS;153;388;CACHOEIRA DO SUL;Reação tardia ou ineficiente do condutor;Colisão traseira;Com Vítimas Feridas;Plena Noite;Decrescente;Chuva;Simples;Reta;Não;2;0;0;1;0;1;1;2;-29,916658;-52,97294079;SPRF-RS;DEL02-RS;UOP03-DEL02-RS
630754;26/09/2024;quinta-feira;23:55:00;RS;116;248;SAO LEOPOLDO;Ausência de reação do condutor;Saída de leito carroçável;Com Vítimas Feridas;Plena Noite;Decrescente;Chuva;Dupla;Curva;Sim;2;0;1;1;0;0;2;1;-29,77605895;-51,15508618;SPRF-RS;DEL01-RS;UOP02-DEL01-RS
630756;26/09/2024;quinta-feira;23:30:00;RS;290;11;OSORIO;Ausência de reação do condutor;Saída de leito carroçável;Sem Vítimas;Plena Noite;Crescente;Chuva;Múltipla;Reta;Não;1;0;0;0;0;1;0;1;-29,888996;-50,383354;SPRF-RS;DEL03-RS;UOP01-DEL03-RS
630757;26/09/2024;quinta-feira;21:00:00;RR;174;631,6;AMAJARI;Pista esburacada;Capotamento;Com Vítimas Fatais;Plena Noite;Decrescente;Céu Claro;Simples;Reta;Não;1;1;0;0;0;0;0;1;3,859951;-60,999702;SPRF-RR;DEL01-RR;UOP01-DEL01-RR
630758;27/09/2024;sexta-feira;00:15:00;SC;282;2;FLORIANOPOLIS;Chuva;Colisão lateral mesmo sentido;Com Vítimas Feridas;Plena Noite;Decrescente;Garoa/Chuvisco;Múltipla;Curva;Sim;6;0;1;0;5;0;1;3;-27,603289;-48,590416;SPRF-SC;DEL01-SC;UOP01-DEL01-SC
630760;26/09/2024;quinta-feira;22:10:00;GO;364;385;SANTA RITA DO ARAGUAIA;Transitar na contramão;Colisão frontal;Com Vítimas Feridas;Plena Noite;Crescente;Céu Claro;Dupla;Reta;Sim;3;0;1;1;1;0;2;2;-17,322147;-53,209179;SPRF-GO;DEL05-GO;UOP01-DEL05-GO
630761;27/09/2024;sexta-feira;00:45:00;DF;70;9;BRASILIA;Pedestre cruzava a pista fora da faixa;Atropelamento de Pedestre;Com Vítimas Feridas;Plena Noite;Crescente;Céu Claro;Dupla;Reta;Sim;2;0;0;2;0;0;2;2;-15,784615;-48,132023;SPRF-DF;DEL03-DF;UOP02-DEL03-DF
630766;27/09/2024;sexta-feira;01:20:00;SP;116;206;GUARULHOS;Reação tardia ou ineficiente do condutor;Tombamento;Com Vítimas Feridas;Plena Noite;Crescente;Vento;Dupla;Reta;Sim;1;0;0;1;0;0;1;1;-23,41722629;-46,37510292;SPRF-SP;DEL01-SP;UOP01-DEL01-SP
630767;27/09/2024;sexta-feira;01:30:00;PR;369;155;LONDRINA;Reação tardia ou ineficiente do condutor;Saída de leito carroçável;Com Vítimas Feridas;Plena Noite;Crescente;Chuva;Simples;"Interseção de Vias;Desvio Temporário";Sim;1;0;0;1;0;0;1;1;-23,2958118;-51,2081331;SPRF-PR;DEL07-PR;UOP01-DEL07-PR
630768;27/09/2024;sexta-feira;02:10:00;PR;277;83;CURITIBA;Ausência de reação do condutor;Colisão com objeto;Com Vítimas Feridas;Plena Noite;Crescente;Chuva;Dupla;Curva;Sim;1;0;1;0;0;0;1;1;-25,44377679;-49,23384905;SPRF-PR;DEL01-PR;UOP03-DEL01-PR
630769;27/09/2024;sexta-feira;01:40:00;PE;232;260;ARCOVERDE;Pedestre andava na pista;Eventos atípicos;Com Vítimas Fatais;Plena Noite;Crescente;Céu Claro;Simples;Reta;Não;2;1;0;0;0;1;0;2;-8,40717481;-37,12911505;SPRF-PE;DEL04-PE;UOP02-DEL04-PE