id;data_inversa;dia_semana;horario;uf;br;km;municipio;causa_acidente;tipo_acidente;classificacao_acidente;fase_dia;sentido_via;condicao_metereologica;tipo_pista;tracado_via;uso_solo;pessoas;mortos;feridos_leves;feridos_graves;ilesos;ignorados;feridos;veiculos;latitude;longitude;regional;delegacia;uop
630772;27/09/2024;sexta-feira;02:00:00;PE;101;74;RECIFE;Acesso irregular;Colisão lateral mesmo sentido;Com Vítimas Feridas;Plena Noite;Crescente;Nublado;Dupla;Reta;Sim;2;0;0;2;0;0;2;1;-8,10146485;-34,94901577;SPRF-PE;DEL01-PE;UOP01-DEL01-PE
630774;26/09/2024;quinta-feira;13:40:00;RO;319;57;PORTO VELHO;Acessar a via sem observar a presença dos outros veículos;Colisão transversal;Com Vítimas Feridas;Pleno dia;Decrescente;Céu Claro;Simples;Reta;Sim;2;0;1;1;0;0;2;2;-8,74069134;-63,9361167;SPRF-RO;DEL01-RO;UOP01-DEL01-RO
630776;27/09/2024;sexta-feira;04:00:00;AL;423;37;CANAPI;Condutor Dormindo;Colisão com objeto;Com Vítimas Fatais;Plena Noite;Crescente;Nublado;Simples;Reta;Não;5;3;1;1;0;0;2;1;-9,22455527;-37,60991991;SPRF-AL;DEL03-AL;UOP02-DEL03-AL
630777;27/09/2024;sexta-feira;04:00:00;SP;153;61;SAO JOSE DO RIO PRETO;Ingestão de álcool pelo condutor;Capotamento;Sem Vítimas;Amanhecer;Crescente;Nublado;Dupla;Declive;Sim;1;0;0;0;1;0;0;1;-20,80502876;-49,35574909;SPRF-SP;DEL09-SP;UOP01-DEL09-SP
630779;27/09/2024;sexta-feira;04:15:00;RJ;101;402;ITAGUAI;Animais na Pista;Atropelamento de Animal;Com Vítimas Feridas;Plena Noite;Crescente;Nublado;Múltipla;Curva;Não;3;0;2;0;1;0;2;1;-22,85146;-43,781728;SPRF-RJ;DEL03-RJ;UOP01-DEL03-RJ
630781;27/09/2024;sexta-feira;03:15:00;GO;153;263;NOVA GLORIA;Ausência de reação do condutor;Saída de leito carroçável;Sem Vítimas;Plena Noite;Crescente;Céu Claro;Simples;Reta;Não;1;0;0;0;0;1;0;1;-15,026818;-49,429347;SPRF-GO;DEL07-GO;UOP02-DEL07-GO
630782;23/09/2024;segunda-feira;06:20:00;PE;101;46;IGARASSU;Acesso irregular;Colisão traseira;Com Vítimas Feridas;Pleno dia;Crescente;Céu Claro;Múltipla;"Reta;Declive";Sim;2;0;1;0;1;0;1;2;-7,87406004;-34,90588126;SPRF-PE;DEL01-PE;UOP02-DEL01-PE
630785;23/09/2024;segunda-feira;17:00:00;RJ;101;307;SAO GONCALO;Ausência de reação do condutor;Colisão traseira;Sem Vítimas;Pleno dia;Decrescente;Céu Claro;Dupla;Reta;Sim;2;0;0;0;2;0;0;2;-22,79115777;-43,01514205;SPRF-RJ;DEL02-RJ;UOP02-DEL02-RJ
630786;26/09/2024;quinta-feira;21:30:00;MG;40;317;TRES MARIAS;Demais falhas mecânicas ou elétricas;Saída de leito carroçável;Com Vítimas Feridas;Plena Noite;Crescente;Céu Claro;Simples;"Reta;Declive";Não;3;0;3;0;0;0;3;1;-18,48751395;-45,07135906;SPRF-MG;DEL14-MG;UOP02-DEL14-MG
630787;28/07/2024;domingo;19:25:00;ES;101;393,6;RIO NOVO DO SUL;Condutor deixou de manter distância do veículo da frente;Colisão traseira;Com Vítimas Feridas;Plena Noite;Decrescente;Céu Claro;Simples;Reta;Não;2;0;0;1;1;0;1;2;-20,86565843;-40,92303382;SPRF-ES;DEL03-ES;UOP02-DEL03-ES
630788;27/09/2024;sexta-feira;05:45:00;BA;367;26;PORTO SEGURO;Velocidade Incompatível;Saída de leito carroçável;Com Vítimas Feridas;Pleno dia;Decrescente;Céu Claro;Simples;Reta;Não;2;0;0;1;0;1;1;2;-16,43071712;-39,09561713;SPRF-BA;DEL09-BA;UOP03-DEL09-BA
630789;26/09/2024;quinta-feira;13:20:00;PA;10;61;CASTANHAL;Acessar a via sem observar a presença dos outros veículos;Colisão transversal;Com Vítimas Feridas;Pleno dia;Decrescente;Sol;Dupla;Reta;Sim;2;0;0;1;1;0;1;2;-1,297057;-47,933688;SPRF-PA;DEL02-PA;UOP02-DEL02-PA
630790;27/09/2024;sexta-feira;06:20:00;SP;381;41;ATIBAIA;Reação tardia ou ineficiente do condutor;Queda de ocupante de veículo;Com Vítimas Feridas;Pleno dia;Decrescente;Céu Claro;Dupla;Reta;Não;1;0;1;0;0;0;1;1;-23,13863999;-46,57584088;SPRF-SP;DEL03-SP;UOP01-DEL03-SP
630791;27/09/2024;sexta-feira;06:45:00;MG;262;811;UBERABA;Condutor deixou de manter distância do veículo da frente;Colisão traseira;Com Vítimas Feridas;Pleno dia;Decrescente;Céu Claro;Dupla;Reta;Sim;3;0;1;0;2;0;1;2;-19,76527861;-48,11638905;SPRF-MG;DEL13-MG;UOP01-DEL13-MG
630793;27/09/2024;sexta-feira;06:50:00;BA;324;3;FEIRA DE SANTANA;Reação tardia ou ineficiente do condutor;Colisão traseira;Com Vítimas Feridas;Pleno dia;Decrescente;Nublado;Dupla;Reta;Sim;4;0;0;1;3;0;1;2;-12,2854882;-38,9554339;SPRF-BA;DEL02-BA;UOP01-DEL02-BA
630794;26/09/2024;quinta-feira;17:00:00;AP;210;215;PEDRA BRANCA DO AMAPARI;Acumulo de areia ou detritos sobre o pavimento;Saída de leito carroçável;Com Vítimas Feridas;Pleno dia;Crescente;Céu Claro;Simples;Curva;Não;3;0;1;0;2;0;1;1;1,01652534;-52,22780228;SPRF-AP;DEL01-AP;UOP01-DEL01-AP
630795;27/09/2024;sexta-feira;07:10:00;PR;277;74;SAO JOSE DOS PINHAIS;Manobra de mudança de faixa;Colisão lateral mesmo sentido;Com Vítimas Feridas;Pleno dia;Crescente;Céu Claro;Dupla;Reta;Sim;2;0;1;0;1;0;1;2;-25,51726115;-49,11540707;SPRF-PR;DEL01-PR;UOP07-DEL01-PR
630796;27/09/2024;sexta-feira;07:10:00;SC;101;191;BIGUACU;Ausência de reação do condutor;Saída de leito carroçável;Com Vítimas Feridas;Pleno dia;Crescente;Nublado;Dupla;Curva;Não;1;0;1;0;0;0;1;1;-27,47730273;-48,64127329;SPRF-SC;DEL01-SC;UOP01-DEL01-SC
630797;27/09/2024;sexta-feira;07:15:00;DF;40;3,5;BRASILIA;Condutor deixou de manter distância do veículo da frente;Colisão traseira;Sem Vítimas;Pleno dia;Decrescente;Céu Claro;Dupla;Reta;Sim;2;0;0;0;2;0;0;2;-16,01372044;-47,98175275;SPRF-DF;DEL01-DF;UOP01-DEL01-DF
630798;27/09/2024;sexta-feira;06:50:00;CE;116;3;FORTALEZA;Manobra de mudança de faixa;Colisão lateral mesmo sentido;Com Vítimas Feridas;Pleno dia;Crescente;Céu Claro;Simples;"Curva;Viaduto";Sim;2;0;1;0;1;0;1;2;-3,77866493;-38,51490171;SPRF-CE;DEL01-CE;UOP02-DEL01-CE
630799;05/08/2024;segunda-feira;23:15:00;SE;101;114,2;ITAPORANGA DAJUDA;Pedestre andava na pista;Atropelamento de Pedestre;Com Vítimas Fatais;Plena Noite;Decrescente;Nublado;Dupla;Reta;Não;2;1;0;0;1;0;0;2;-10,997623;-37,302944;SPRF-SE;DEL02-SE;UOP01-DEL02-SE
630800;27/09/2024;sexta-feira;06:56:00;PB;104;96,5;ESPERANCA;Entrada inopinada do pedestre;Atropelamento de Pedestre;Com Vítimas Feridas;Pleno dia;Crescente;Garoa/Chuvisco;Simples;Interseção de Vias;Sim;2;0;1;0;1;0;1;2;-7,0164046;-35,85722923;SPRF-PB;DEL02-PB;UOP04-DEL02-PB
630801;27/09/2024;sexta-feira;07:00:00;TO;153;138;ARAGUAINA;Acessar a via sem observar a presença dos outros veículos;Colisão transversal;Com Vítimas Feridas;Pleno dia;Crescente;Céu Claro;Dupla;Retorno Regulamentado;Sim;2;0;1;0;1;0;1;2;-7,15509994;-48,20416232;SPRF-TO;DEL02-TO;UOP01-DEL02-TO
630802;27/09/2024;sexta-feira;02:50:00;RJ;116;174;SAO JOAO DE MERITI;Demais falhas mecânicas ou elétricas;Queda de ocupante de veículo;Com Vítimas Feridas;Plena Noite;Decrescente;Céu Claro;Múltipla;Reta;Não;2;0;1;0;1;0;1;1;-22,79423806;-43,36403759;SPRF-RJ;DEL06-RJ;UOP01-DEL06-RJ
630803;27/09/2024;sexta-feira;07:20:00;PR;116;126;FAZENDA RIO GRANDE;Reação tardia ou ineficiente do condutor;Colisão traseira;Com Vítimas Feridas;Pleno dia;Crescente;Nublado;Dupla;Reta;Sim;2;0;1;0;1;0;1;2;-25,640035;-49,312892;SPRF-PR;DEL01-PR;UOP03-DEL01-PR
630804;27/09/2024;sexta-feira;06:55:00;MG;116;524,4;CARATINGA;Desrespeitar a preferência no cruzamento;Colisão transversal;Com Vítimas Feridas;Pleno dia;Decrescente;Céu Claro;Simples;"Reta;Interseção de Vias";Sim;2;0;1;0;1;0;1;2;-19,76651171;-42,13119507;SPRF-MG;DEL06-MG;UOP02-DEL06-MG
630805;17/08/2024;sábado;04:30:00;CE;222;2,5;FORTALEZA;Condutor desrespeitou a iluminação vermelha do semáforo;Colisão transversal;Com Vítimas Feridas;Plena Noite;Decrescente;Céu Claro;Múltipla;Interseção de Vias;Sim;2;0;0;1;1;0;1;2;-3,74015813;-38,59390053;SPRF-CE;DEL01-CE;UOP01-DEL01-CE
630807;27/09/2024;sexta-feira;08:00:00;ES;101;283,3;CARIACICA;Ausência de reação do condutor;Tombamento;Com Vítimas Feridas;Pleno dia;Crescente;Sol;Dupla;Reta;Não;1;0;0;1;0;0;1;1;-20,23438373;-40,3693577;SPRF-ES;DEL01-ES;UOP01-DEL01-ES
630808;27/09/2024;sexta-feira;06:45:00;GO;153;507,9;APARECIDA DE GOIANIA;Ausência de reação do condutor;Colisão com objeto;Com Vítimas Feridas;Pleno dia;Crescente;Céu Claro;Múltipla;Declive;Sim;1;0;1;0;0;0;1;1;-16,7715;-49,2387;SPRF-GO;DEL01-GO;UOP03-DEL01-GO
630809;27/09/2024;sexta-feira;08:10:00;PB;101;83;BAYEUX;Ausência de reação do condutor;Colisão traseira;Com Vítimas Feridas;Pleno dia;Crescente;Céu Claro;Dupla;Reta;Sim;3;0;1;0;2;0;1;2;-7,1337703;-34,92963914;SPRF-PB;DEL01-PB;UOP01-DEL01-PB
630814;27/09/2024;sexta-feira;07:30:00;PE;101;56;PAULISTA;Trafegar com motocicleta (ou similar) entre as faixas;Colisão transversal;Com Vítimas Feridas;Pleno dia;Crescente;Céu Claro;Dupla;Reta;Não;2;0;1;0;1;0;1;2;-7,9554509;-34,91140727;SPRF-PE;DEL01-PE;UOP02-DEL01-PE
630815;27/09/2024;sexta-feira;07:15:00;PR;272;368,6;CAMPO MOURAO;Reação tardia ou ineficiente do condutor;Colisão traseira;Com Vítimas Feridas;Pleno dia;Decrescente;Céu Claro;Dupla;Reta;Sim;2;0;1;0;1;0;1;2;-24,05472323;-52,4107182;SPRF-PR;DEL09-PR;UOP03-DEL09-PR
630816;27/09/2024;sexta-feira;07:45:00;MG;116;406;GOVERNADOR VALADARES;Acessar a via sem observar a presença dos outros veículos;Colisão transversal;Com Vítimas Feridas;Pleno dia;Decrescente;Céu Claro;Simples;Interseção de Vias;Sim;2;0;1;0;1;0;1;2;-18,82669347;-41,98753335;SPRF-MG;DEL06-MG;UOP01-DEL06-MG
630817;27/09/2024;sexta-feira;08:20:00;SP;153;60,2;SAO JOSE DO RIO PRETO;Trafegar com motocicleta (ou similar) entre as faixas;Colisão lateral mesmo sentido;Com Vítimas Feridas;Pleno dia;Crescente;Céu Claro;Dupla;Reta;Sim;2;0;1;0;1;0;1;2;-20,79627979;-49,35480206;SPRF-SP;DEL09-SP;UOP01-DEL09-SP
630818;27/09/2024;sexta-feira;07:10:00;PR;376;490,7;PONTA GROSSA;Velocidade Incompatível;Colisão com objeto;Sem Vítimas;Pleno dia;Crescente;Céu Claro;Dupla;"Reta;Declive";Sim;2;0;0;0;1;1;0;1;-25,10510299;-50,19484878;SPRF-PR;DEL03-PR;UOP04-DEL03-PR
630821;27/09/2024;sexta-feira;09:00:00;PR;277;77;SAO JOSE DOS PINHAIS;Demais falhas mecânicas ou elétricas;Queda de ocupante de veículo;Com Vítimas Feridas;Pleno dia;Crescente;Céu Claro;Dupla;Reta;Não;1;0;1;0;0;0;1;1;-25,51327981;-49,12433291;SPRF-PR;DEL01-PR;UOP07-DEL01-PR
630822;27/09/2024;sexta-feira;08:45:00;PR;277;98;CURITIBA;Velocidade Incompatível;Saída de leito carroçável;Com Vítimas Feridas;Pleno dia;Decrescente;Sol;Dupla;"Viaduto;Reta;Interseção de Vias";Sim;1;0;1;0;0;0;1;1;-25,43190687;-49,36490357;SPRF-PR;DEL01-PR;UOP06-DEL01-PR
630824;27/09/2024;sexta-feira;08:45:00;SC;101;211;PALHOCA;Condutor deixou de manter distância do veículo da frente;Colisão lateral mesmo sentido;Com Vítimas Feridas;Pleno dia;Decrescente;Nublado;Múltipla;Reta;Sim;2;0;1;0;1;0;1;2;-27,62329313;-48,65245588;SPRF-SC;DEL01-SC;UOP02-DEL01-SC
630829;13/06/2024;quinta-feira;17:25:00;PE;101;130;ESCADA;Acesso irregular;Colisão traseira;Com Vítimas Feridas;Anoitecer;Decrescente;Chuva;Dupla;Reta;Não;2;0;1;0;1;0;1;2;-8,392345;-35,257055;SPRF-PE;DEL01-PE;UOP03-DEL01-PE
630831;27/09/2024;sexta-feira;06:05:00;RO;319;45;PORTO VELHO;Acumulo de água sobre o pavimento;Saída de leito carroçável;Com Vítimas Feridas;Pleno dia;Decrescente;Céu Claro;Simples;Curva;Não;1;0;1;0;0;0;1;1;-8,41124374;-63,96514893;SPRF-RO;DEL01-RO;UOP01-DEL01-RO
630832;27/09/2024;sexta-feira;08:20:00;MT;70;497;CUIABA;Manobra de mudança de faixa;Colisão traseira;Com Vítimas Feridas;Pleno dia;Decrescente;Céu Claro;Múltipla;"Retorno Regulamentado;Reta";Não;2;0;0;1;1;0;1;2;-15,68569395;-55,91512398;SPRF-MT;DEL01-MT;UOP02-DEL01-MT
630834;27/09/2024;sexta-feira;09:00:00;PR;116;124;CURITIBA;Ausência de reação do condutor;Queda de ocupante de veículo;Com Vítimas Feridas;Pleno dia;Decrescente;Nublado;Dupla;Reta;Sim;1;0;1;0;0;0;1;1;-25,58620703;-49,31436887;SPRF-PR;DEL01-PR;UOP03-DEL01-PR
630835;27/09/2024;sexta-feira;09:50:00;PR;277;31,8;MORRETES;Chuva;Colisão com objeto;Com Vítimas Feridas;Pleno dia;Decrescente;Chuva;Dupla;"Curva;Declive";Não;5;0;5;0;0;0;5;1;-25,5614511;-48,8121176;SPRF-PR;DEL01-PR;UOP05-DEL01-PR
630836;27/09/2024;sexta-feira;09:50:00;RJ;465;1;SEROPEDICA;Acesso irregular;Colisão transversal;Com Vítimas Feridas;Pleno dia;Decrescente;Céu Claro;Simples;Reta;Não;5;0;0;1;4;0;1;2;-22,719835;-43,725739;SPRF-RJ;DEL06-RJ;UOP02-DEL06-RJ
630837;27/09/2024;sexta-feira;10:00:00;RS;116;2;PORTO ALEGRE;Reação tardia ou ineficiente do condutor;Atropelamento de Pedestre;Com Vítimas Feridas;Pleno dia;Decrescente;Céu Claro;Dupla;Reta;Sim;3;0;1;0;1;1;1;2;-29,989067;-51,182807;SPRF-RS;DEL01-RS;UOP01-DEL01-RS
630839;27/09/2024;sexta-feira;10:45:00;RS;116;526;PELOTAS;Animais na Pista;Atropelamento de Animal;Com Vítimas Feridas;Pleno dia;Decrescente;Céu Claro;Simples;Reta;Não;1;0;1;0;0;0;1;1;-31,74307729;-52,39966642;SPRF-RS;DEL07-RS;UOP01-DEL07-RS
630840;27/09/2024;sexta-feira;10:00:00;RJ;116;186;NOVA IGUACU;Trafegar com motocicleta (ou similar) entre as faixas;Colisão lateral mesmo sentido;Com Vítimas Feridas;Pleno dia;Decrescente;Céu Claro;Múltipla;Reta;Sim;2;0;1;0;1;0;1;2;-22,73962339;-43,46276495;SPRF-RJ;DEL06-RJ;UOP01-DEL06-RJ
630843;27/09/2024;sexta-feira;10:40:00;SP;116;215;GUARULHOS;Reação tardia ou ineficiente do condutor;Colisão lateral mesmo sentido;Com Vítimas Feridas;Pleno dia;Crescente;Chuva;Múltipla;Reta;Sim;4;0;1;0;3;0;1;3;-23,44695693;-46,45394103;SPRF-SP;DEL01-SP;UOP01-DEL01-SP
630844;23/08/2024;sexta-feira;18:30:00;PR;376;174,4;MARINGA;Condutor deixou de manter distância do veículo da frente;Tombamento;Com Vítimas Feridas;Anoitecer;Decrescente;Ignorado;Dupla;Interseção de Vias;Sim;2;0;1;0;0;1;1;2;-23,4158499;-51,95441008;SPRF-PR;DEL09-PR;UOP01-DEL09-PR
630846;27/09/2024;sexta-feira;10:50:00;PR;369;507,2;CASCAVEL;Ausência de reação do condutor;Colisão traseira;Com Vítimas Feridas;Pleno dia;Crescente;Céu Claro;Simples;Reta;Não;2;0;1;0;1;0;1;2;-24,96008478;-53,39886546;SPRF-PR;DEL04-PR;UOP01-DEL04-PR
630848;27/09/2024;sexta-feira;10:15:00;MT;70;2;BARRA DO GARCAS;Ultrapassagem Indevida;Colisão lateral mesmo sentido;Com Vítimas Feridas;Pleno dia;Crescente;Céu Claro;Simples;"Declive;Reta";Sim;2;0;0;1;1;0;1;2;-15,88749699;-52,26810568;SPRF-MT;DEL07-MT;UOP01-DEL07-MT
630849;27/09/2024;sexta-feira;11:20:00;SP;153;61,9;SAO JOSE DO RIO PRETO;Trafegar com motocicleta (ou similar) entre as faixas;Colisão lateral mesmo sentido;Com Vítimas Feridas;Pleno dia;Crescente;Céu Claro;Dupla;"Reta;Aclive";Sim;2;0;1;0;1;0;1;2;-20,80502876;-49,35574909;SPRF-SP;DEL09-SP;UOP01-DEL09-SP
630851;27/09/2024;sexta-feira;11:00:00;RS;386;435;NOVA SANTA RITA;Reação tardia ou ineficiente do condutor;Colisão transversal;Com Vítimas Feridas;Pleno dia;Decrescente;Céu Claro;Dupla;"Rotatória;Interseção de Vias";Não;5;0;1;0;4;0;1;2;-29,846369;-51,275738;SPRF-RS;DEL04-RS;UOP02-DEL04-RS
630852;27/09/2024;sexta-feira;04:30:00;PI;343;545,5;FRANCISCO AYRES;Reação tardia ou ineficiente do condutor;Colisão traseira;Com Vítimas Feridas;Plena Noite;Decrescente;Céu Claro;Simples;Reta;Não;2;0;0;1;1;0;1;2;-6,575968;-42,791988;SPRF-PI;DEL03-PI;UOP01-DEL03-PI
630853;27/09/2024;sexta-feira;10:35:00;SC;101;102;BALNEARIO PICARRAS;Área urbana sem a presença de local apropriado para a travessia de pedestres;Atropelamento de Pedestre;Com Vítimas Feridas;Pleno dia;Crescente;Nublado;Múltipla;Reta;Não;2;0;1;0;1;0;1;2;-26,77383397;-48,68594062;SPRF-SC;DEL03-SC;UOP02-DEL03-SC
630855;27/09/2024;sexta-feira;11:20:00;PR;277;589,9;CASCAVEL;Condutor deixou de manter distância do veículo da frente;Colisão traseira;Com Vítimas Feridas;Pleno dia;Decrescente;Céu Claro;Simples;Reta;Sim;3;0;1;0;2;0;1;2;-24,97777319;-53,44688591;SPRF-PR;DEL04-PR;UOP01-DEL04-PR
630856;27/09/2024;sexta-feira;11:50:00;PA;10;213,8;IPIXUNA DO PARA;Reação tardia ou ineficiente do condutor;Colisão traseira;Com Vítimas Feridas;Pleno dia;Decrescente;Sol;Simples;Reta;Não;2;0;1;0;1;0;1;2;-2,56547102;-47,49270611;SPRF-PA;DEL02-PA;UOP01-DEL02-PA
630857;27/09/2024;sexta-feira;09:30:00;SC;282;2;FLORIANOPOLIS;Reação tardia ou ineficiente do condutor;Colisão traseira;Sem Vítimas;Pleno dia;Decrescente;Céu Claro;Múltipla;Reta;Não;2;0;0;0;2;0;0;2;-27,603289;-48,590416;SPRF-SC;DEL01-SC;UOP01-DEL01-SC
630859;27/09/2024;sexta-feira;11:20:00;RS;386;420;MONTENEGRO;Reação tardia ou ineficiente do condutor;Saída de leito carroçável;Com Vítimas Feridas;Pleno dia;Crescente;Céu Claro;Dupla;Reta;Não;5;0;1;0;4;0;1;1;-29,817812;-51,422596;SPRF-RS;DEL04-RS;UOP02-DEL04-RS
630860;18/09/2024;quarta-feira;08:50:00;SP;153;42;ONDA VERDE;Acessar a via sem observar a presença dos outros veículos;Colisão transversal;Com Vítimas Feridas;Pleno dia;Crescente;Céu Claro;Simples;"Aclive;Rotatória";Não;3;0;3;0;0;0;3;2;-20,63725202;-49,33843793;SPRF-SP;DEL09-SP;UOP01-DEL09-SP
630864;27/09/2024;sexta-feira;12:50:00;CE;116;19;EUSEBIO;Manobra de mudança de faixa;Colisão lateral mesmo sentido;Com Vítimas Feridas;Pleno dia;Decrescente;Céu Claro;Dupla;Retorno Regulamentado;Sim;2;0;2;0;0;0;2;2;-3,91990954;-38,50708377;SPRF-CE;DEL01-CE;UOP02-DEL01-CE
630865;27/09/2024;sexta-feira;11:40:00;PE;232;408;SERRA TALHADA;Pedestre cruzava a pista fora da faixa;Atropelamento de Pedestre;Com Vítimas Feridas;Pleno dia;Crescente;Céu Claro;Simples;"Reta;Aclive";Sim;2;0;1;0;1;0;1;2;-7,98371447;-38,28047709;SPRF-PE;DEL04-PE;UOP01-DEL04-PE
630866;27/09/2024;sexta-feira;12:45:00;SC;470;45,1;GASPAR;Desrespeitar a preferência no cruzamento;Colisão transversal;Com Vítimas Feridas;Pleno dia;Crescente;Sol;Simples;Em Obras;Não;2;0;1;0;1;0;1;2;-26,86602749;-49,03231502;SPRF-SC;DEL04-SC;UOP01-DEL04-SC
630867;27/09/2024;sexta-feira;11:30:00;MG;116;265;TEOFILO OTONI;Transitar na contramão;Colisão frontal;Com Vítimas Feridas;Pleno dia;Decrescente;Céu Claro;Simples;"Declive;Curva";Não;7;0;4;0;2;1;4;2;-17,762903;-41,50256799;SPRF-MG;DEL11-MG;UOP01-DEL11-MG
630868;27/09/2024;sexta-feira;13:10:00;MG;50;48,9;ARAGUARI;Avarias e/ou desgaste excessivo no pneu;Tombamento;Com Vítimas Feridas;Pleno dia;Crescente;Céu Claro;Dupla;"Declive;Reta";Não;2;0;2;0;0;0;2;1;-18,72799811;-48,20659169;SPRF-MG;DEL15-MG;UOP02-DEL15-MG
630870;27/09/2024;sexta-feira;10:00:00;RJ;101;481;ANGRA DOS REIS;Velocidade Incompatível;Colisão traseira;Com Vítimas Feridas;Pleno dia;Crescente;Nublado;Dupla;Reta;Sim;2;0;1;0;1;0;1;2;-23,00976021;-44,29153237;SPRF-RJ;DEL03-RJ;UOP03-DEL03-RJ
630871;27/09/2024;sexta-feira;13:40:00;SP;101;40,7;UBATUBA;Conversão proibida;Colisão transversal;Com Vítimas Feridas;Pleno dia;Decrescente;Céu Claro;Simples;Reta;Sim;2;0;1;0;1;0;1;2;-23,41495528;-45,03516778;SPRF-SP;DEL06-SP;UOP01-DEL06-SP
630872;27/09/2024;sexta-feira;13:30:00;SP;116;157;SAO JOSE DOS CAMPOS;Ausência de reação do condutor;Tombamento;Com Vítimas Feridas;Pleno dia;Crescente;Céu Claro;Dupla;"Interseção de Vias;Declive;Em Obras";Sim;1;0;1;0;0;0;1;1;-23,25558031;-45,9437828;SPRF-SP;DEL02-SP;UOP01-DEL02-SP
630873;27/09/2024;sexta-feira;14:30:00;PE;101;49;ABREU E LIMA;Reação tardia ou ineficiente do condutor;Colisão traseira;Sem Vítimas;Pleno dia;Decrescente;Céu Claro;Múltipla;Reta;Sim;2;0;0;0;2;0;0;2;-7,9005152;-34,90180641;SPRF-PE;DEL01-PE;UOP02-DEL01-PE
630875;27/09/2024;sexta-feira;14:50:00;DF;70;17;BRASILIA;Reação tardia ou ineficiente do condutor;Colisão traseira;Com Vítimas Feridas;Pleno dia;Decrescente;Céu Claro;Dupla;Reta;Não;2;0;1;0;1;0;1;2;-15,794133;-48,202095;SPRF-DF;DEL03-DF;UOP02-DEL03-DF
630876;27/09/2024;sexta-feira;14:20:00;MG;40;526;CONTAGEM;Demais falhas mecânicas ou elétricas;Colisão com objeto;Com Vítimas Feridas;Pleno dia;Crescente;Céu Claro;Dupla;Reta;Sim;2;0;1;1;0;0;2;1;-19,89255399;-44,04985478;SPRF-MG;DEL01-MG;UOP02-DEL01-MG
630878;27/09/2024;sexta-feira;11:25:00;PR;277;586,4;CASCAVEL;Acessar a via sem observar a presença dos outros veículos;Colisão transversal;Com Vítimas Feridas;Pleno dia;Crescente;Nublado;Simples;"Reta;Interseção de Vias";Sim;2;0;1;0;1;0;1;2;-24,96660702;-53,42449665;SPRF-PR;DEL04-PR;UOP01-DEL04-PR
630879;27/09/2024;sexta-feira;15:26:00;RS;158;327;SANTA MARIA;Reação tardia ou ineficiente do condutor;Colisão traseira;Com Vítimas Feridas;Pleno dia;Crescente;Céu Claro;Dupla;Reta;Sim;2;0;1;0;1;0;1;2;-29,714945;-53,81083;SPRF-RS;DEL09-RS;UOP01-DEL09-RS
630880;27/09/2024;sexta-feira;15:10:00;MG;40;490,5;ESMERALDAS;Reação tardia ou ineficiente do condutor;Saída de leito carroçável;Com Vítimas Feridas;Pleno dia;Crescente;Céu Claro;Dupla;Reta;Não;2;0;1;0;1;0;1;1;-19,61998768;-44,20673771;SPRF-MG;DEL02-MG;UOP01-DEL02-MG
630882;27/09/2024;sexta-feira;12:43:00;PA;0;0;ITAITUBA;Ausência de reação do condutor;Colisão transversal;Sem Vítimas;Pleno dia;Não Informado;Céu Claro;Simples;Interseção de Vias;Sim;5;0;0;0;5;0;0;3;-4,252359;-55,996167;SPRF-PA;DEL05-PA;UOP02-DEL05-PA
630884;27/09/2024;sexta-feira;15:50:00;MG;40;555,2;NOVA LIMA;Reação tardia ou ineficiente do condutor;Tombamento;Com Vítimas Feridas;Pleno dia;Crescente;Céu Claro;Dupla;Reta;Sim;1;0;1;0;0;0;1;1;-20,08472706;-43,97697012;SPRF-MG;DEL01-MG;UOP02-DEL01-MG
630885;27/09/2024;sexta-feira;15:30:00;PR;116;130;FAZENDA RIO GRANDE;Ausência de reação do condutor;Colisão com objeto;Com Vítimas Feridas;Pleno dia;Crescente;Sol;Dupla;Reta;Não;2;0;1;0;1;0;1;2;-25,63927799;-49,31302988;SPRF-PR;DEL01-PR;UOP03-DEL01-PR
630886;27/09/2024;sexta-feira;13:50:00;RJ;40;102;DUQUE DE CAXIAS;Reação tardia ou ineficiente do condutor;Colisão transversal;Com Vítimas Feridas;Pleno dia;Crescente;Céu Claro;Dupla;Reta;Sim;2;0;1;0;1;0;1;2;-22,61089297;-43,28656077;SPRF-RJ;DEL01-RJ;UOP02-DEL01-RJ
630887;27/09/2024;sexta-feira;11:00:00;SP;381;76;SAO PAULO;Pista Escorregadia;Colisão com objeto;Sem Vítimas;Pleno dia;Crescente;Nevoeiro/Neblina;Dupla;"Declive;Curva";Não;1;0;0;0;1;0;0;1;-23,38372401;-46,56502116;SPRF-SP;DEL03-SP;UOP01-DEL03-SP
630888;27/09/2024;sexta-feira;12:19:00;RJ;40;111;DUQUE DE CAXIAS;Reação tardia ou ineficiente do condutor;Colisão traseira;Com Vítimas Feridas;Pleno dia;Decrescente;Céu Claro;Dupla;Reta;Sim;7;0;4;0;3;0;4;2;-22,69587244;-43,28835368;SPRF-RJ;DEL01-RJ;UOP02-DEL01-RJ
630889;27/09/2024;sexta-feira;16:00:00;RS;448;13;CANOAS;Condutor deixou de manter distância do veículo da frente;Colisão traseira;Com Vítimas Feridas;Pleno dia;Crescente;Nublado;Múltipla;Reta;Não;3;0;1;0;2;0;1;3;-29,920603;-51,231792;SPRF-RS;DEL01-RS;UOP01-DEL01-RS