id;data_inversa;dia_semana;horario;uf;br;km;municipio;causa_acidente;tipo_acidente;classificacao_acidente;fase_dia;sentido_via;condicao_metereologica;tipo_pista;tracado_via;uso_solo;pessoas;mortos;feridos_leves;feridos_graves;ilesos;ignorados;feridos;veiculos;latitude;longitude;regional;delegacia;uop
630890;27/09/2024;sexta-feira;14:15:00;RJ;116;123;MAGE;Manobra de mudança de faixa;Colisão lateral mesmo sentido;Com Vítimas Feridas;Pleno dia;Decrescente;Sol;Dupla;Reta;Não;1;0;1;0;0;0;1;1;-22,64080106;-43,06288894;SPRF-RJ;DEL04-RJ;UOP02-DEL04-RJ
630892;27/09/2024;sexta-feira;15:30:00;RJ;116;70;TERESOPOLIS;Acessar a via sem observar a presença dos outros veículos;Colisão transversal;Sem Vítimas;Pleno dia;Decrescente;Céu Claro;Simples;Reta;Sim;2;0;0;0;2;0;0;2;-22,327388;-42,93858185;SPRF-RJ;DEL04-RJ;UOP01-DEL04-RJ
630893;27/09/2024;sexta-feira;13:30:00;PR;376;108,8;PARANAVAI;Ausência de reação do condutor;Colisão com objeto;Com Vítimas Feridas;Pleno dia;Crescente;Céu Claro;Dupla;"Reta;Interseção de Vias";Sim;1;0;1;0;0;0;1;1;-23,07492893;-52,41720594;SPRF-PR;DEL09-PR;UOP02-DEL09-PR
630894;27/09/2024;sexta-feira;16:00:00;MG;40;532;BELO HORIZONTE;Trafegar com motocicleta (ou similar) entre as faixas;Tombamento;Com Vítimas Feridas;Pleno dia;Crescente;Céu Claro;Dupla;Reta;Sim;2;0;1;0;0;1;1;2;-19,92372561;-44,01700789;SPRF-MG;DEL01-MG;UOP02-DEL01-MG
630895;27/09/2024;sexta-feira;15:00:00;PR;476;120;COLOMBO;Ausência de reação do condutor;Colisão traseira;Sem Vítimas;Pleno dia;Crescente;Céu Claro;Múltipla;Reta;Sim;2;0;0;0;2;0;0;2;-25,37191;-49,19146;SPRF-PR;DEL01-PR;UOP01-DEL01-PR
630897;09/09/2024;segunda-feira;10:40:00;BA;324;539,8;AMELIA RODRIGUES;Condutor deixou de manter distância do veículo da frente;Colisão traseira;Sem Vítimas;Pleno dia;Decrescente;Céu Claro;Dupla;Reta;Sim;3;0;0;0;2;1;0;3;-12,40131265;-38,75781545;SPRF-BA;DEL01-BA;UOP03-DEL01-BA
630898;27/09/2024;sexta-feira;15:10:00;PR;277;647;CEU AZUL;Acessar a via sem observar a presença dos outros veículos;Colisão transversal;Com Vítimas Fatais;Pleno dia;Decrescente;Sol;Simples;Reta;Sim;3;1;0;0;1;1;0;3;-25,175258;-53,914234;SPRF-PR;DEL05-PR;UOP02-DEL05-PR
630899;27/09/2024;sexta-feira;16:50:00;GO;60;96,4;ANAPOLIS;Condutor deixou de manter distância do veículo da frente;Colisão traseira;Com Vítimas Feridas;Pleno dia;Crescente;Céu Claro;Dupla;Reta;Sim;3;0;1;0;2;0;1;2;-16,371;-48,9422;SPRF-GO;DEL02-GO;UOP01-DEL02-GO
630901;07/08/2024;quarta-feira;19:20:00;AC;364;118;RIO BRANCO;Pedestre andava na pista;Atropelamento de Pedestre;Com Vítimas Feridas;Plena Noite;Crescente;Céu Claro;Dupla;Aclive;Não;2;0;0;1;1;0;1;2;-10,01262298;-67,737275;SPRF-AC;DEL01-AC;UOP01-DEL01-AC
630902;27/09/2024;sexta-feira;16:15:00;SC;280;82;CORUPA;Reação tardia ou ineficiente do condutor;Colisão traseira;Com Vítimas Feridas;Pleno dia;Crescente;Céu Claro;Simples;Reta;Sim;2;0;1;0;1;0;1;2;-26,44009491;-49,22605498;SPRF-SC;DEL06-SC;UOP03-DEL06-SC
630903;27/09/2024;sexta-feira;17:00:00;SC;101;116,7;ITAJAI;Demais falhas mecânicas ou elétricas;Colisão lateral mesmo sentido;Com Vítimas Feridas;Pleno dia;Crescente;Céu Claro;Múltipla;Reta;Não;2;0;1;0;1;0;1;2;-26,87905605;-48,72603512;SPRF-SC;DEL04-SC;UOP04-DEL04-SC
630904;27/09/2024;sexta-feira;17:15:00;BA;324;624,5;SALVADOR;Demais falhas mecânicas ou elétricas;Saída de leito carroçável;Com Vítimas Feridas;Anoitecer;Crescente;Céu Claro;Múltipla;Reta;Sim;2;0;2;0;0;0;2;1;-12,933839;-38,47190701;SPRF-BA;DEL01-BA;UOP01-DEL01-BA
630905;27/09/2024;sexta-feira;17:00:00;PR;369;431;UBIRATA;Acessar a via sem observar a presença dos outros veículos;Colisão transversal;Com Vítimas Feridas;Pleno dia;Crescente;Sol;Simples;"Declive;Reta;Interseção de Vias";Não;3;0;1;0;2;0;1;2;-24,554917;-52,974927;SPRF-PR;DEL04-PR;UOP03-DEL04-PR
630906;27/09/2024;sexta-feira;17:40:00;MG;381;481;BETIM;Condutor deixou de manter distância do veículo da frente;Colisão lateral mesmo sentido;Com Vítimas Feridas;Plena Noite;Decrescente;Céu Claro;Dupla;Curva;Sim;2;0;1;0;1;0;1;2;-19,95931561;-44,08825597;SPRF-MG;DEL01-MG;UOP03-DEL01-MG
630908;06/08/2024;terça-feira;17:50:00;GO;40;5;VALPARAISO DE GOIAS;Entrada inopinada do pedestre;Atropelamento de Pedestre;Com Vítimas Feridas;Plena Noite;Crescente;Céu Claro;Dupla;Reta;Sim;6;0;2;0;4;0;2;3;-16,093134;-47,982236;SPRF-DF;DEL01-DF;UOP01-DEL01-DF
630909;27/09/2024;sexta-feira;17:15:00;SC;101;208,5;SAO JOSE;Condutor deixou de manter distância do veículo da frente;Colisão traseira;Com Vítimas Feridas;Pleno dia;Decrescente;Céu Claro;Múltipla;Reta;Sim;4;0;1;1;2;0;2;4;-27,60327979;-48,63201818;SPRF-SC;DEL01-SC;UOP01-DEL01-SC
630911;27/09/2024;sexta-feira;17:45:00;SC;101;149;ITAPEMA;Manobra de mudança de faixa;Colisão lateral mesmo sentido;Com Vítimas Feridas;Anoitecer;Decrescente;Céu Claro;Dupla;Reta;Sim;3;0;2;0;1;0;2;2;-27,1089649;-48,61277586;SPRF-SC;DEL04-SC;UOP03-DEL04-SC
630914;27/09/2024;sexta-feira;16:00:00;BA;324;395;GAVIAO;Conversão proibida;Colisão transversal;Com Vítimas Feridas;Pleno dia;Crescente;Céu Claro;Simples;Reta;Não;2;0;1;0;1;0;1;2;-11,555047;-39,685798;SPRF-BA;DEL04-BA;UOP02-DEL04-BA
630917;27/09/2024;sexta-feira;17:45:00;PB;104;133,2;QUEIMADAS;Ausência de reação do condutor;Colisão traseira;Com Vítimas Feridas;Anoitecer;Crescente;Nublado;Simples;Reta;Não;2;0;0;1;0;1;1;2;-7,31674795;-35,89500926;SPRF-PB;DEL02-PB;UOP03-DEL02-PB
630919;27/09/2024;sexta-feira;14:50:00;RJ;40;108;DUQUE DE CAXIAS;Ausência de reação do condutor;Colisão traseira;Sem Vítimas;Pleno dia;Crescente;Céu Claro;Múltipla;Reta;Sim;2;0;0;0;2;0;0;2;-22,66476979;-43,28495144;SPRF-RJ;DEL01-RJ;UOP02-DEL01-RJ
630920;27/09/2024;sexta-feira;16:20:00;MG;40;423;CURVELO;Acessar a via sem observar a presença dos outros veículos;Colisão transversal;Com Vítimas Feridas;Pleno dia;Decrescente;Céu Claro;Simples;Reta;Não;2;0;0;1;1;0;1;2;-19,15337404;-44,538155;SPRF-MG;DEL02-MG;UOP01-DEL02-MG
630921;27/09/2024;sexta-feira;17:30:00;SP;381;63,3;MAIRIPORA;Reação tardia ou ineficiente do condutor;Colisão traseira;Com Vítimas Feridas;Anoitecer;Decrescente;Céu Claro;Dupla;"Reta;Aclive";Não;2;0;1;0;1;0;1;2;-23,302805;-46,572767;SPRF-SP;DEL03-SP;UOP01-DEL03-SP
630922;27/09/2024;sexta-feira;15:30:00;AC;364;136;RIO BRANCO;Desrespeitar a preferência no cruzamento;Queda de ocupante de veículo;Com Vítimas Feridas;Pleno dia;Decrescente;Céu Claro;Dupla;"Rotatória;Interseção de Vias";Sim;4;0;0;1;3;0;1;2;-9,977578;-67,8489;SPRF-AC;DEL01-AC;UOP01-DEL01-AC
630923;27/09/2024;sexta-feira;18:26:00;SP;116;222;GUARULHOS;Ausência de reação do condutor;Colisão lateral mesmo sentido;Com Vítimas Feridas;Anoitecer;Crescente;Céu Claro;Múltipla;Reta;Sim;1;0;1;0;0;0;1;1;-23,47093408;-46,51631097;SPRF-SP;DEL01-SP;UOP01-DEL01-SP
630924;27/09/2024;sexta-feira;17:40:00;SC;470;44,6;GASPAR;Trafegar com motocicleta (ou similar) entre as faixas;Colisão lateral mesmo sentido;Com Vítimas Feridas;Anoitecer;Crescente;Céu Claro;Dupla;Reta;Não;2;0;0;1;1;0;1;2;-26,870665;-49,021896;SPRF-SC;DEL04-SC;UOP01-DEL04-SC
630925;27/09/2024;sexta-feira;17:40:00;SP;116;116;TAUBATE;Reação tardia ou ineficiente do condutor;Colisão traseira;Com Vítimas Feridas;Anoitecer;Decrescente;Céu Claro;Dupla;Reta;Sim;5;0;1;0;4;0;1;2;-23,05376319;-45,6088049;SPRF-SP;DEL02-SP;UOP02-DEL02-SP
630926;03/09/2024;terça-feira;09:30:00;RJ;101;328;RIO DE JANEIRO;Reação tardia ou ineficiente do condutor;Colisão lateral mesmo sentido;Com Vítimas Feridas;Pleno dia;Decrescente;Céu Claro;Simples;"Reta;Ponte";Sim;2;0;1;0;0;1;1;2;-22,87000682;-43,16854477;SPRF-RJ;DEL02-RJ;UOP01-DEL02-RJ
630927;27/09/2024;sexta-feira;18:25:00;RN;304;62,5;MOSSORO;Ingestão de álcool pelo condutor;Colisão traseira;Com Vítimas Feridas;Plena Noite;Crescente;Céu Claro;Simples;Reta;Não;2;0;1;0;1;0;1;2;-5,33915992;-37,26079285;SPRF-RN;DEL04-RN;UOP01-DEL04-RN
630928;27/09/2024;sexta-feira;17:00:00;MG;262;67,9;MATIPO;Acessar a via sem observar a presença dos outros veículos;Colisão transversal;Com Vítimas Feridas;Pleno dia;Crescente;Céu Claro;Simples;"Declive;Interseção de Vias";Não;2;0;1;0;1;0;1;2;-20,30577418;-42,26805605;SPRF-MG;DEL06-MG;UOP03-DEL06-MG
630929;27/09/2024;sexta-feira;17:00:00;RJ;116;86;TERESOPOLIS;Acessar a via sem observar a presença dos outros veículos;Colisão lateral mesmo sentido;Com Vítimas Feridas;Pleno dia;Crescente;Garoa/Chuvisco;Simples;"Reta;Aclive";Sim;4;0;3;0;1;0;3;2;-22,43671224;-42,94971377;SPRF-RJ;DEL04-RJ;UOP01-DEL04-RJ
630930;27/09/2024;sexta-feira;17:00:00;RO;174;14;VILHENA;Frear bruscamente;Tombamento;Com Vítimas Feridas;Pleno dia;Decrescente;Céu Claro;Dupla;Reta;Não;1;0;1;0;0;0;1;1;-12,73306632;-60,12981255;SPRF-RO;DEL04-RO;UOP01-DEL04-RO
630931;27/09/2024;sexta-feira;18:30:00;BA;101;789;ITAMARAJU;Ultrapassagem Indevida;Colisão frontal;Com Vítimas Fatais;Plena Noite;Decrescente;Ignorado;Simples;Reta;Não;7;1;5;1;0;0;6;2;-16,88334004;-39,5152962;SPRF-BA;DEL09-BA;UOP01-DEL09-BA
630932;27/09/2024;sexta-feira;17:30:00;RJ;393;106;SAPUCAIA;Acessar a via sem observar a presença dos outros veículos;Colisão traseira;Com Vítimas Feridas;Anoitecer;Crescente;Céu Claro;Simples;Reta;Sim;2;0;1;0;1;0;1;2;-21,87764485;-42,67025797;SPRF-RJ;DEL05-RJ;UOP01-DEL05-RJ
630933;27/09/2024;sexta-feira;18:00:00;PR;163;243;TOLEDO;Reação tardia ou ineficiente do condutor;Saída de leito carroçável;Com Vítimas Feridas;Pleno dia;Crescente;Céu Claro;Dupla;Reta;Não;3;0;2;0;1;0;2;1;-24,717822;-53,711597;SPRF-PR;DEL06-PR;UOP02-DEL06-PR
630934;27/09/2024;sexta-feira;18:15:00;RS;470;159,5;NOVA PRATA;Acessar a via sem observar a presença dos outros veículos;Colisão transversal;Com Vítimas Feridas;Anoitecer;Crescente;Céu Claro;Simples;"Rotatória;Reta";Sim;3;0;2;0;1;0;2;2;-28,80586721;-51,60682934;SPRF-RS;DEL06-RS;UOP02-DEL06-RS
630936;27/09/2024;sexta-feira;16:20:00;SP;116;509,4;CAJATI;Ausência de reação do condutor;Colisão lateral mesmo sentido;Sem Vítimas;Pleno dia;Crescente;Garoa/Chuvisco;Dupla;Curva;Não;2;0;0;0;2;0;0;2;-24,82178987;-48,21419034;SPRF-SP;DEL05-SP;UOP02-DEL05-SP
630938;27/09/2024;sexta-feira;19:20:00;CE;222;2;FORTALEZA;Entrada inopinada do pedestre;Atropelamento de Pedestre;Com Vítimas Fatais;Plena Noite;Decrescente;Céu Claro;Múltipla;Reta;Sim;2;1;0;0;1;0;0;2;-3,73911117;-38,58687498;SPRF-CE;DEL01-CE;UOP01-DEL01-CE
630939;27/09/2024;sexta-feira;18:30:00;RO;364;209;PIMENTA BUENO;Demais falhas na via;Colisão com objeto;Com Vítimas Feridas;Pleno dia;Crescente;Céu Claro;Simples;"Reta;Em Obras";Não;1;0;0;1;0;0;1;1;-11,59383384;-61,24554291;SPRF-RO;DEL02-RO;UOP02-DEL02-RO
630940;27/09/2024;sexta-feira;18:50:00;MG;116;522,8;CARATINGA;Transitar na contramão;Colisão transversal;Com Vítimas Feridas;Plena Noite;Crescente;Nublado;Dupla;Interseção de Vias;Não;2;0;0;1;1;0;1;2;-19,74300101;-42,13231969;SPRF-MG;DEL06-MG;UOP02-DEL06-MG
630941;27/09/2024;sexta-feira;18:40:00;PR;369;187,9;ARAPONGAS;Transitar no Acostamento;Colisão transversal;Com Vítimas Feridas;Plena Noite;Crescente;Céu Claro;Simples;Interseção de Vias;Sim;2;0;0;1;1;0;1;2;-23,4311584;-51,42273188;SPRF-PR;DEL07-PR;UOP03-DEL07-PR
630942;11/09/2024;quarta-feira;14:22:00;PA;163;310;NOVO PROGRESSO;Reação tardia ou ineficiente do condutor;Queda de ocupante de veículo;Com Vítimas Feridas;Pleno dia;Crescente;Céu Claro;Dupla;Reta;Não;2;0;2;0;0;0;2;1;-7,05689687;-55,40799968;SPRF-PA;DEL05-PA;UOP03-DEL05-PA
630943;27/09/2024;sexta-feira;20:00:00;SP;116;225;GUARULHOS;Reação tardia ou ineficiente do condutor;Colisão traseira;Com Vítimas Feridas;Plena Noite;Decrescente;Garoa/Chuvisco;Múltipla;"Reta;Declive";Sim;2;0;1;0;0;1;1;2;-23,48586772;-46,54075317;SPRF-SP;DEL01-SP;UOP01-DEL01-SP
630944;27/09/2024;sexta-feira;18:20:00;PR;277;590,4;CASCAVEL;Condutor deixou de manter distância do veículo da frente;Colisão traseira;Com Vítimas Feridas;Anoitecer;Decrescente;Céu Claro;Simples;Reta;Sim;2;0;1;0;1;0;1;2;-24,98120697;-53,45591501;SPRF-PR;DEL04-PR;UOP01-DEL04-PR
630945;27/09/2024;sexta-feira;13:00:00;MT;70;193;GENERAL CARNEIRO;Ausência de reação do condutor;Saída de leito carroçável;Com Vítimas Feridas;Pleno dia;Crescente;Céu Claro;Simples;"Reta;Declive";Não;2;0;1;1;0;0;2;1;-15,72403806;-53,68587501;SPRF-MT;DEL05-MT;UOP01-DEL05-MT
630947;27/09/2024;sexta-feira;14:30:00;PA;163;593;TRAIRAO;Conversão proibida;Colisão transversal;Com Vítimas Feridas;Pleno dia;Decrescente;Céu Claro;Simples;Reta;Não;4;0;1;1;2;0;2;2;-4,8884589;-56,17556711;SPRF-PA;DEL05-PA;UOP03-DEL05-PA
630948;27/09/2024;sexta-feira;20:15:00;SP;381;48;ATIBAIA;Avarias e/ou desgaste excessivo no pneu;Colisão traseira;Com Vítimas Feridas;Plena Noite;Crescente;Céu Claro;Dupla;Reta;Não;3;0;2;0;1;0;2;2;-23,19720018;-46,58736556;SPRF-SP;DEL03-SP;UOP01-DEL03-SP
630949;27/09/2024;sexta-feira;19:00:00;RN;406;139,7;TAIPU;Curva acentuada;Colisão frontal;Com Vítimas Feridas;Plena Noite;Crescente;Céu Claro;Simples;"Curva;Aclive";Não;5;0;5;0;0;0;5;2;-5,622565;-35,601342;SPRF-RN;DEL02-RN;UOP01-DEL02-RN
630950;27/09/2024;sexta-feira;18:30:00;MT;174;4;PONTES E LACERDA;Ingestão de álcool pelo condutor;Colisão frontal;Com Vítimas Feridas;Plena Noite;Decrescente;Céu Claro;Simples;"Reta;Interseção de Vias";Sim;2;0;2;0;0;0;2;2;-15,23735939;-59,3399477;SPRF-MT;DEL04-MT;UOP01-DEL04-MT
630951;18/08/2024;domingo;19:30:00;RS;290;156;ARROIO DOS RATOS;Transitar na contramão;Colisão frontal;Com Vítimas Feridas;Plena Noite;Crescente;Garoa/Chuvisco;Simples;"Aclive;Curva";Não;10;0;10;0;0;0;10;2;-30,106392;-51,767815;SPRF-RS;DEL02-RS;UOP01-DEL02-RS
630952;27/09/2024;sexta-feira;18:00:00;MT;163;853;SINOP;Acessar a via sem observar a presença dos outros veículos;Colisão transversal;Com Vítimas Feridas;Plena Noite;Crescente;Céu Claro;Simples;Reta;Não;2;0;1;0;1;0;1;2;-11,82938089;-55,4867824;SPRF-MT;DEL06-MT;UOP02-DEL06-MT
630953;27/09/2024;sexta-feira;20:15:00;SC;280;5,1;SAO FRANCISCO DO SUL;Acessar a via sem observar a presença dos outros veículos;Colisão transversal;Com Vítimas Feridas;Plena Noite;Crescente;Céu Claro;Simples;Reta;Sim;4;0;1;1;2;0;2;2;-26,26011706;-48,62571995;SPRF-SC;DEL03-SC;UOP03-DEL03-SC
630956;27/09/2024;sexta-feira;19:50:00;PR;277;671;MEDIANEIRA;Ausência de reação do condutor;Colisão traseira;Com Vítimas Feridas;Plena Noite;Decrescente;Céu Claro;Dupla;Declive;Sim;3;0;2;0;1;0;2;3;-25,28490106;-54,08744898;SPRF-PR;DEL05-PR;UOP02-DEL05-PR
630957;27/09/2024;sexta-feira;20:45:00;PR;116;117;CURITIBA;Manobra de mudança de faixa;Colisão lateral mesmo sentido;Com Vítimas Feridas;Plena Noite;Decrescente;Céu Claro;Dupla;Reta;Sim;2;0;0;1;0;1;1;2;-25,56929797;-49,31018829;SPRF-PR;DEL01-PR;UOP03-DEL01-PR
630958;27/09/2024;sexta-feira;19:00:00;MG;40;456;CAETANOPOLIS;Demais falhas mecânicas ou elétricas;Incêndio;Sem Vítimas;Plena Noite;Decrescente;Céu Claro;Dupla;"Declive;Reta";Sim;1;0;0;0;1;0;0;1;-19,36312782;-44,33978478;SPRF-MG;DEL02-MG;UOP01-DEL02-MG
630959;27/09/2024;sexta-feira;20:40:00;SP;116;227;GUARULHOS;Demais falhas mecânicas ou elétricas;Incêndio;Sem Vítimas;Plena Noite;Decrescente;Céu Claro;Múltipla;"Reta;Em Obras";Sim;1;0;0;0;1;0;0;1;-23,49659264;-46,55648754;SPRF-SP;DEL01-SP;UOP01-DEL01-SP
630960;27/09/2024;sexta-feira;15:55:00;PB;230;183,2;POCINHOS;Condutor Dormindo;Colisão frontal;Com Vítimas Feridas;Pleno dia;Decrescente;Céu Claro;Simples;Reta;Não;6;0;1;0;5;0;1;2;-7,1548;-36,0934;SPRF-PB;DEL02-PB;UOP02-DEL02-PB
630961;27/09/2024;sexta-feira;12:28:00;RO;425;81;NOVA MAMORE;Acessar a via sem observar a presença dos outros veículos;Atropelamento de Pedestre;Com Vítimas Feridas;Pleno dia;Crescente;Nublado;Simples;Reta;Sim;2;0;1;0;1;0;1;2;-10,403116;-65,32756;SPRF-RO;DEL01-RO;UOP03-DEL01-RO
630962;27/09/2024;sexta-feira;16:55:00;RJ;101;197;CASIMIRO DE ABREU;Manobra de mudança de faixa;Colisão transversal;Com Vítimas Feridas;Pleno dia;Crescente;Nublado;Dupla;Reta;Não;3;0;2;0;1;0;2;2;-22,49157051;-42,11796332;SPRF-RJ;DEL08-RJ;UOP04-DEL08-RJ
630964;27/09/2024;sexta-feira;19:30:00;MT;70;733;CACERES;Ingestão de álcool pelo condutor;Colisão transversal;Com Vítimas Feridas;Plena Noite;Decrescente;Céu Claro;Simples;"Reta;Interseção de Vias";Sim;2;0;2;0;0;0;2;2;-16,085838;-57,696728;SPRF-MT;DEL03-MT;UOP01-DEL03-MT
630965;27/09/2024;sexta-feira;20:40:00;RS;392;664;CERRO LARGO;Ausência de reação do condutor;Colisão com objeto;Com Vítimas Feridas;Plena Noite;Decrescente;Nublado;Simples;"Rotatória;Reta";Não;1;0;0;1;0;0;1;1;-28,12467775;-54,75553751;SPRF-RS;DEL10-RS;UOP01-DEL10-RS
630966;27/09/2024;sexta-feira;21:19:00;ES;101;417,6;CACHOEIRO DE ITAPEMIRIM;Transitar na contramão;Colisão lateral sentido oposto;Com Vítimas Feridas;Plena Noite;Crescente;Céu Claro;Simples;Curva;Não;3;0;2;0;1;0;2;2;-20,94689796;-41,08919209;SPRF-ES;DEL03-ES;UOP02-DEL03-ES
630968;27/09/2024;sexta-feira;16:00:00;GO;60;324;ACREUNA;Ausência de reação do condutor;Saída de leito carroçável;Com Vítimas Feridas;Pleno dia;Crescente;Céu Claro;Dupla;Reta;Não;1;0;1;0;0;0;1;1;-17,5146;-50,4805;SPRF-GO;DEL04-GO;UOP02-DEL04-GO
630969;27/09/2024;sexta-feira;20:40:00;RJ;116;187;NOVA IGUACU;Ausência de reação do condutor;Colisão com objeto;Com Vítimas Feridas;Plena Noite;Crescente;Garoa/Chuvisco;Múltipla;Reta;Sim;1;0;1;0;0;0;1;1;-22,73883756;-43,47245197;SPRF-RJ;DEL06-RJ;UOP01-DEL06-RJ
630970;27/09/2024;sexta-feira;20:00:00;MT;70;5;BARRA DO GARCAS;Reação tardia ou ineficiente do condutor;Queda de ocupante de veículo;Com Vítimas Feridas;Plena Noite;Crescente;Céu Claro;Dupla;"Reta;Aclive";Sim;1;0;1;0;0;0;1;1;-15,87814789;-52,296134;SPRF-MT;DEL07-MT;UOP01-DEL07-MT
630971;27/09/2024;sexta-feira;18:00:00;PE;232;110;BEZERROS;Acessar a via sem observar a presença dos outros veículos;Colisão lateral mesmo sentido;Com Vítimas Feridas;Plena Noite;Decrescente;Céu Claro;Dupla;"Retorno Regulamentado;Aclive";Não;2;0;1;0;0;1;1;2;-8,28634529;-35,81755579;SPRF-PE;DEL02-PE;UOP02-DEL02PE
630973;27/09/2024;sexta-feira;21:00:00;SP;116;213,8;GUARULHOS;Ingestão de álcool pelo condutor;Colisão com objeto;Com Vítimas Feridas;Plena Noite;Crescente;Nublado;Múltipla;Reta;Não;2;0;2;0;0;0;2;1;-23,43971486;-46,43667806;SPRF-SP;DEL01-SP;UOP01-DEL01-SP
630974;27/09/2024;sexta-feira;18:30:00;PE;316;24,7;ARARIPINA;Manobra de mudança de faixa;Colisão lateral sentido oposto;Com Vítimas Feridas;Plena Noite;Crescente;Nublado;Simples;"Reta;Interseção de Vias";Sim;5;0;0;2;3;0;2;2;-7,588004;-40,49662;SPRF-PE;DEL05-PE;UOP02-DEL05-PE
630975;27/09/2024;sexta-feira;22:23:00;SP;116;204;ARUJA;Reação tardia ou ineficiente do condutor;Queda de ocupante de veículo;Com Vítimas Feridas;Plena Noite;Decrescente;Céu Claro;Múltipla;Reta;Sim;1;0;1;0;0;0;1;1;-23,41236123;-46,35692496;SPRF-SP;DEL01-SP;UOP01-DEL01-SP
630978;27/09/2024;sexta-feira;21:30:00;SC;282;522,1;XAXIM;Ingestão de álcool pelo condutor;Colisão lateral mesmo sentido;Sem Vítimas;Plena Noite;Crescente;Céu Claro;Simples;Curva;Sim;5;0;0;0;4;1;0;3;-26,956238;-52,542637;SPRF-SC;DEL07-SC;UOP01-DEL07-SC
630979;27/09/2024;sexta-feira;18:20:00;BA;407;177;PONTO NOVO;Animais na Pista;Atropelamento de Animal;Com Vítimas Feridas;Anoitecer;Crescente;Céu Claro;Simples;Reta;Não;4;0;0;4;0;0;4;1;-10,90205298;-40,10854569;SPRF-BA;DEL04-BA;UOP02-DEL04-BA
630981;27/09/2024;sexta-feira;21:00:00;RJ;101;480;ANGRA DOS REIS;Condutor deixou de manter distância do veículo da frente;Colisão traseira;Sem Vítimas;Plena Noite;Crescente;Chuva;Simples;"Curva;Aclive";Não;2;0;0;0;2;0;0;2;-23,01331268;-44,28361913;SPRF-RJ;DEL03-RJ;UOP03-DEL03-RJ
630982;27/09/2024;sexta-feira;22:30:00;RN;226;133,8;CAMPO REDONDO;Acessar a via sem observar a presença dos outros veículos;Colisão lateral mesmo sentido;Com Vítimas Feridas;Plena Noite;Crescente;Vento;Simples;Reta;Sim;2;0;1;0;1;0;1;2;-6,21832723;-36,1674298;SPRF-RN;DEL03-RN;UOP02-DEL03-RN
630984;11/08/2024;domingo;05:05:00;ES;262;161;IBATIBA;Condutor Dormindo;Colisão frontal;Com Vítimas Fatais;Amanhecer;Crescente;Céu Claro;Simples;Reta;Não;3;2;0;0;1;0;0;2;-20,237113;-41,518455;SPRF-ES;DEL01-ES;UOP02-DEL01-ES
630985;27/09/2024;sexta-feira;21:00:00;MS;60;371;CAMPO GRANDE;Deficiência do Sistema de Iluminação/Sinalização;Colisão traseira;Sem Vítimas;Plena Noite;Crescente;Céu Claro;Simples;Reta;Não;2;0;0;0;1;1;0;2;-20,56943371;-54,69148813;SPRF-MS;DEL01-MS;UOP04-DEL01-MS
630986;27/09/2024;sexta-feira;22:00:00;MG;153;17;CENTRALINA;Ausência de reação do condutor;Saída de leito carroçável;Sem Vítimas;Plena Noite;Crescente;Céu Claro;Dupla;Reta;Não;1;0;0;0;0;1;0;1;-18,569555;-49,193806;SPRF-MG;DEL15-MG;UOP03-DEL15-MG
630987;27/09/2024;sexta-feira;22:45:00;MG;116;561;MANHUACU;Animais na Pista;Tombamento;Com Vítimas Feridas;Plena Noite;Crescente;Nublado;Simples;Reta;Não;1;0;1;0;0;0;1;1;-20,04079579;-42,17396159;SPRF-MG;DEL06-MG;UOP03-DEL06-MG
630988;27/09/2024;sexta-feira;21:45:00;SC;280;126,9;RIO NEGRINHO;Ausência de reação do condutor;Colisão traseira;Com Vítimas Feridas;Pleno dia;Crescente;Nublado;Simples;Reta;Sim;3;0;1;0;2;0;1;2;-26,23779604;-49,49427399;SPRF-SC;DEL06-SC;UOP03-DEL06-SC
630989;27/09/2024;sexta-feira;22:30:00;CE;116;2,9;FORTALEZA;Condutor usando celular;Colisão traseira;Com Vítimas Feridas;Plena Noite;Decrescente;Céu Claro;Múltipla;Reta;Sim;4;0;2;0;2;0;2;3;-3,77019802;-38,51724508;SPRF-CE;DEL01-CE;UOP02-DEL01-CE
630991;27/09/2024;sexta-feira;21:20:00;RJ;101;79;CAMPOS DOS GOYTACAZES;Ausência de reação do condutor;Colisão traseira;Sem Vítimas;Plena Noite;Crescente;Céu Claro;Simples;Reta;Não;2;0;0;0;2;0;0;2;-21,83685554;-41,42866013;SPRF-RJ;DEL08-RJ;UOP02-DEL08-RJ
630994;27/09/2024;sexta-feira;21:40:00;PB;434;8;UIRAUNA;Ausência de reação do condutor;Colisão traseira;Com Vítimas Feridas;Plena Noite;Crescente;Céu Claro;Simples;Reta;Não;5;0;5;0;0;0;5;2;-6,45648691;-38,44497693;SPRF-PB;DEL03-PB;UOP03-DEL03-PB
630996;27/09/2024;sexta-feira;22:00:00;MG;40;439;PARAOPEBA;Velocidade Incompatível;Colisão traseira;Com Vítimas Feridas;Plena Noite;Decrescente;Céu Claro;Dupla;Reta;Não;4;0;3;0;1;0;3;2;-19,23100428;-44,43562244;SPRF-MG;DEL02-MG;UOP01-DEL02-MG
630998;27/09/2024;sexta-feira;19:15:00;PR;369;153,9;LONDRINA;Condutor deixou de manter distância do veículo da frente;Colisão traseira;Com Vítimas Feridas;Plena Noite;Crescente;Céu Claro;Dupla;Reta;Sim;2;0;1;0;1;0;1;2;-23,297887;-51,197172;SPRF-PR;DEL07-PR;UOP01-DEL07-PR