id;data_inversa;dia_semana;horario;uf;br;km;municipio;causa_acidente;tipo_acidente;classificacao_acidente;fase_dia;sentido_via;condicao_metereologica;tipo_pista;tracado_via;uso_solo;pessoas;mortos;feridos_leves;feridos_graves;ilesos;ignorados;feridos;veiculos;latitude;longitude;regional;delegacia;uop
630999;27/09/2024;sexta-feira;20:05:00;PR;277;456,3;LARANJEIRAS DO SUL;Transitar na contramão;Colisão frontal;Com Vítimas Fatais;Plena Noite;Decrescente;Céu Claro;Simples;Reta;Não;2;1;0;0;1;0;0;2;-25,3818902;-52,4322587;SPRF-PR;DEL04-PR;UOP02-DEL04-PR
631001;27/09/2024;sexta-feira;19:30:00;BA;116;577;BREJOES;Ultrapassagem Indevida;Colisão frontal;Com Vítimas Fatais;Plena Noite;Decrescente;Céu Claro;Simples;Reta;Não;2;1;0;0;1;0;0;2;-13,05560097;-39,95874093;SPRF-BA;DEL03-BA;UOP02-DEL03-BA
631002;27/09/2024;sexta-feira;22:30:00;SC;116;225;CORREIA PINTO;Reação tardia ou ineficiente do condutor;Saída de leito carroçável;Sem Vítimas;Plena Noite;Decrescente;Nublado;Simples;Reta;Não;1;0;0;0;1;0;0;1;-27,61850811;-50,34537224;SPRF-SC;DEL05-SC;UOP03-DEL05-SC
631003;27/09/2024;sexta-feira;21:40:00;RN;304;38,8;MOSSORO;Animais na Pista;Atropelamento de Animal;Com Vítimas Feridas;Plena Noite;Crescente;Céu Claro;Dupla;Reta;Sim;2;0;2;0;0;0;2;1;-5,18138457;-37,36832252;SPRF-RN;DEL04-RN;UOP02-DEL04-RN
631004;27/09/2024;sexta-feira;21:15:00;SP;381;45;ATIBAIA;Ausência de reação do condutor;Saída de leito carroçável;Com Vítimas Feridas;Plena Noite;Crescente;Céu Claro;Dupla;Reta;Sim;1;0;1;0;0;0;1;1;-23,17274184;-46,57748439;SPRF-SP;DEL03-SP;UOP01-DEL03-SP
631006;27/09/2024;sexta-feira;19:00:00;RR;174;213;RORAINOPOLIS;Ausência de reação do condutor;Colisão lateral mesmo sentido;Com Vítimas Fatais;Plena Noite;Crescente;Ignorado;Simples;Reta;Sim;2;1;1;0;0;0;1;2;0,95291;-60,420345;SPRF-RR;DEL01-RR;UOP01-DEL01-RR
631007;27/09/2024;sexta-feira;21:40:00;SP;262;319;CASTILHO;Reação tardia ou ineficiente do condutor;Colisão com objeto;Sem Vítimas;Plena Noite;Decrescente;Nublado;Simples;Rotatória;Não;1;0;0;0;1;0;0;1;-20,7852017;-51,59864382;SPRF-MS;DEL07-MS;UOP01-DEL07-MS
631009;27/09/2024;sexta-feira;23:40:00;SC;470;70,3;INDAIAL;Ingestão de álcool pelo condutor;Colisão traseira;Com Vítimas Feridas;Plena Noite;Decrescente;Nublado;Simples;"Desvio Temporário;Reta";Sim;3;0;2;0;1;0;2;2;-26,89342544;-49,25949812;SPRF-SC;DEL04-SC;UOP01-DEL04-SC
631011;27/09/2024;sexta-feira;22:18:00;BA;367;23,7;PORTO SEGURO;Acessar a via sem observar a presença dos outros veículos;Colisão transversal;Com Vítimas Feridas;Plena Noite;Crescente;Céu Claro;Simples;Reta;Sim;2;0;0;1;1;0;1;2;-16,43517732;-39,07201198;SPRF-BA;DEL09-BA;UOP03-DEL09-BA
631015;28/09/2024;sábado;00:30:00;RS;290;84,1;CACHOEIRINHA;Ausência de reação do condutor;Colisão traseira;Sem Vítimas;Plena Noite;Decrescente;Nublado;Múltipla;"Reta;Ponte;Em Obras";Não;5;0;0;0;3;2;0;2;-29,96376;-51,097771;SPRF-RS;DEL01-RS;UOP01-DEL01-RS
631016;27/09/2024;sexta-feira;18:25:00;RJ;116;184;NOVA IGUACU;Manobra de mudança de faixa;Colisão lateral mesmo sentido;Com Vítimas Feridas;Plena Noite;Crescente;Garoa/Chuvisco;Dupla;Reta;Sim;2;0;1;0;1;0;1;2;-22,74647215;-43,44594311;SPRF-RJ;DEL06-RJ;UOP01-DEL06-RJ
631018;28/09/2024;sábado;00:35:00;DF;70;5;BRASILIA;Condutor Dormindo;Colisão traseira;Com Vítimas Feridas;Plena Noite;Crescente;Céu Claro;Dupla;Reta;Sim;2;0;1;0;1;0;1;2;-15,794656;-48,096779;SPRF-DF;DEL03-DF;UOP02-DEL03-DF
631019;27/09/2024;sexta-feira;23:15:00;PR;277;300,8;PRUDENTOPOLIS;Conversão proibida;Colisão transversal;Com Vítimas Feridas;Plena Noite;Decrescente;Céu Claro;Simples;Reta;Não;15;0;3;0;12;0;3;2;-25,301951;-51,150447;SPRF-PR;DEL08-PR;UOP01-DEL08-PR
631020;28/09/2024;sábado;00:30:00;RS;386;349;LAJEADO;Reação tardia ou ineficiente do condutor;Colisão com objeto;Com Vítimas Feridas;Plena Noite;Crescente;Céu Claro;Dupla;"Ponte;Em Obras;Reta";Sim;2;0;2;0;0;0;2;1;-29,465483;-51,95509;SPRF-RS;DEL04-RS;UOP01-DEL04-RS
631022;28/09/2024;sábado;02:10:00;PR;116;150;MANDIRITUBA;Demais falhas mecânicas ou elétricas;Colisão lateral sentido oposto;Sem Vítimas;Plena Noite;Crescente;Céu Claro;Simples;Curva;Não;2;0;0;0;2;0;0;2;-25,81557015;-49,33088979;SPRF-PR;DEL01-PR;UOP03-DEL01-PR
631024;28/09/2024;sábado;01:40:00;SC;470;3,9;NAVEGANTES;Ingestão de álcool pelo condutor;Colisão frontal;Com Vítimas Feridas;Plena Noite;Crescente;Nublado;Dupla;Reta;Não;2;0;0;1;1;0;1;2;-26,861937;-48,681618;SPRF-SC;DEL04-SC;UOP04-DEL04-SC
631026;28/09/2024;sábado;02:45:00;SP;153;7,3;ICEM;Ingestão de álcool pelo condutor;Saída de leito carroçável;Com Vítimas Fatais;Plena Noite;Crescente;Céu Claro;Simples;Reta;Não;3;1;1;1;0;0;2;1;-20,36460498;-49,22157203;SPRF-SP;DEL09-SP;UOP01-DEL09-SP
631027;28/09/2024;sábado;02:55:00;ES;101;184;ARACRUZ;Reação tardia ou ineficiente do condutor;Tombamento;Com Vítimas Feridas;Plena Noite;Decrescente;Céu Claro;Simples;Curva;Não;1;0;0;1;0;0;1;1;-19,65524008;-40,23355674;SPRF-ES;DEL04-ES;UOP01-DEL04-ES
631029;28/09/2024;sábado;02:40:00;SP;116;68,3;APARECIDA;Demais falhas mecânicas ou elétricas;Colisão traseira;Com Vítimas Feridas;Pleno dia;Decrescente;Céu Claro;Dupla;Reta;Não;2;0;1;0;1;0;1;2;-22,83354783;-45,21713313;SPRF-SP;DEL08-SP;UOP01-DEL08-SP
631030;27/09/2024;sexta-feira;23:40:00;GO;414;208,8;NIQUELANDIA;Ingestão de álcool pelo condutor;Colisão frontal;Com Vítimas Feridas;Plena Noite;Crescente;Céu Claro;Simples;"Reta;Aclive";Não;1;0;0;1;0;0;1;1;-14,49982756;-48,49759797;SPRF-GO;DEL07-GO;UOP02-DEL07-GO
631031;28/09/2024;sábado;03:00:00;RJ;116;207;SEROPEDICA;Animais na Pista;Atropelamento de Animal;Com Vítimas Feridas;Amanhecer;Decrescente;Nublado;Dupla;Reta;Não;2;0;1;0;1;0;1;2;-22,72454443;-43,66145706;SPRF-RJ;DEL06-RJ;UOP02-DEL06-RJ
631032;28/09/2024;sábado;02:00:00;SC;116;179;SAO CRISTOVAO DO SUL;Reação tardia ou ineficiente do condutor;Capotamento;Sem Vítimas;Plena Noite;Crescente;Nublado;Simples;"Reta;Declive";Sim;2;0;0;0;0;2;0;2;-27,26274894;-50,44460298;SPRF-SC;DEL05-SC;UOP03-DEL05-SC
631033;28/09/2024;sábado;00:30:00;MT;364;204;RONDONOPOLIS;Ingestão de álcool pelo condutor;Tombamento;Com Vítimas Feridas;Plena Noite;Decrescente;Céu Claro;Dupla;Reta;Sim;1;0;0;1;0;0;1;1;-16,467325;-54,657196;SPRF-MT;DEL02-MT;UOP01-DEL02-MT
631034;28/09/2024;sábado;02:30:00;PR;369;82;CORNELIO PROCOPIO;Condutor Dormindo;Colisão frontal;Com Vítimas Feridas;Plena Noite;Crescente;Céu Claro;Simples;Reta;Não;2;0;0;2;0;0;2;2;-23,1522713;-50,60009837;SPRF-PR;DEL07-PR;UOP05-DEL07-PR
631036;28/09/2024;sábado;04:30:00;SC;101;157;PORTO BELO;Ingestão de álcool pelo condutor;Saída de leito carroçável;Sem Vítimas;Plena Noite;Crescente;Céu Claro;Múltipla;Reta;Sim;3;0;0;0;1;2;0;1;-27,181625;-48,6121179;SPRF-SC;DEL04-SC;UOP03-DEL04-SC
631037;28/09/2024;sábado;05:00:00;SC;470;3,9;NAVEGANTES;Reação tardia ou ineficiente do condutor;Colisão traseira;Com Vítimas Feridas;Amanhecer;Decrescente;Céu Claro;Dupla;"Reta;Rotatória";Não;5;0;0;2;3;0;2;3;-26,861937;-48,681618;SPRF-SC;DEL04-SC;UOP04-DEL04-SC
631038;28/09/2024;sábado;05:23:00;SP;116;225;GUARULHOS;Ausência de reação do condutor;Colisão com objeto;Sem Vítimas;Amanhecer;Decrescente;Céu Claro;Múltipla;"Reta;Declive";Sim;1;0;0;0;1;0;0;1;-23,48586772;-46,54075317;SPRF-SP;DEL01-SP;UOP01-DEL01-SP
631039;28/09/2024;sábado;04:30:00;RS;392;11,8;RIO GRANDE;Ingestão de álcool pelo condutor;Saída de leito carroçável;Sem Vítimas;Plena Noite;Crescente;Nublado;Dupla;Curva;Não;1;0;0;0;1;0;0;1;-32,12127763;-52,12972521;SPRF-RS;DEL07-RS;UOP02-DEL07-RS
631040;28/09/2024;sábado;05:20:00;RN;101;85;NATAL;Ausência de sinalização;Colisão frontal;Com Vítimas Feridas;Pleno dia;Crescente;Céu Claro;Simples;"Declive;Curva;Em Obras;Ponte";Sim;2;0;0;1;1;0;1;2;-5,777664;-35,24937;SPRF-RN;DEL02-RN;UOP01-DEL02-RN
631041;28/09/2024;sábado;04:35:00;PR;277;681,3;MEDIANEIRA;Ausência de reação do condutor;Colisão com objeto;Com Vítimas Fatais;Plena Noite;Crescente;Nublado;Dupla;Reta;Não;1;1;0;0;0;0;0;1;-25,32705338;-54,17332888;SPRF-PR;DEL05-PR;UOP01-DEL05-PR
631043;28/09/2024;sábado;04:10:00;PB;230;35,9;SANTA RITA;Reação tardia ou ineficiente do condutor;Colisão com objeto;Com Vítimas Fatais;Amanhecer;Crescente;Chuva;Dupla;"Aclive;Reta";Sim;1;1;0;0;0;0;0;1;-7,125666;-34,948612;SPRF-PB;DEL01-PB;UOP03-DEL01-PB
631044;28/09/2024;sábado;04:30:00;PI;316;8,8;TERESINA;Manobra de mudança de faixa;Colisão transversal;Com Vítimas Feridas;Amanhecer;Crescente;Céu Claro;Múltipla;Reta;Sim;2;0;0;1;1;0;1;2;-5,16483402;-42,76899508;SPRF-PI;DEL01-PI;UOP02-DEL01-PI
631045;27/09/2024;sexta-feira;23:00:00;RJ;101;78;CAMPOS DOS GOYTACAZES;Mal súbito do condutor;Queda de ocupante de veículo;Com Vítimas Feridas;Plena Noite;Decrescente;Céu Claro;Simples;Reta;Sim;1;0;0;1;0;0;1;1;-21,83525792;-41,41878002;SPRF-RJ;DEL08-RJ;UOP02-DEL08-RJ
631046;28/09/2024;sábado;00:10:00;SC;282;535,7;CHAPECO;Ausência de reação do condutor;Saída de leito carroçável;Com Vítimas Feridas;Plena Noite;Crescente;Céu Claro;Simples;Rotatória;Não;4;0;1;0;3;0;1;1;-27,0007139;-52,65094757;SPRF-SC;DEL07-SC;UOP01-DEL07-SC
631048;28/09/2024;sábado;06:00:00;SC;101;184;BIGUACU;Reação tardia ou ineficiente do condutor;Colisão traseira;Sem Vítimas;Amanhecer;Decrescente;Céu Claro;Múltipla;Reta;Não;2;0;0;0;2;0;0;2;-27,41613807;-48,6266443;SPRF-SC;DEL01-SC;UOP01-DEL01-SC
631051;28/09/2024;sábado;04:20:00;SC;101;126,8;ITAJAI;Transitar na contramão;Colisão lateral sentido oposto;Com Vítimas Feridas;Amanhecer;Crescente;Nublado;Dupla;Reta;Não;2;0;0;1;1;0;1;2;-26,95564404;-48,67978366;SPRF-SC;DEL04-SC;UOP04-DEL04-SC
631053;19/08/2024;segunda-feira;07:56:00;ES;259;27;COLATINA;Acessar a via sem observar a presença dos outros veículos;Colisão transversal;Com Vítimas Feridas;Pleno dia;Crescente;Céu Claro;Simples;Reta;Não;2;0;0;1;0;1;1;2;-19,61117801;-40,49065728;SPRF-ES;DEL02-ES;UOP01-DEL02-ES
631054;28/09/2024;sábado;06:35:00;RJ;116;175;SAO JOAO DE MERITI;Demais falhas mecânicas ou elétricas;Queda de ocupante de veículo;Com Vítimas Feridas;Pleno dia;Decrescente;Céu Claro;Múltipla;Reta;Sim;1;0;1;0;0;0;1;1;-22,78923555;-43,37275272;SPRF-RJ;DEL06-RJ;UOP01-DEL06-RJ
631055;28/09/2024;sábado;07:15:00;PB;101;90;JOAO PESSOA;Pedestre cruzava a pista fora da faixa;Atropelamento de Pedestre;Com Vítimas Feridas;Amanhecer;Crescente;Céu Claro;Dupla;Reta;Sim;2;0;0;1;0;1;1;2;-7,179652;-34,900417;SPRF-PB;DEL01-PB;UOP02-DEL01-PB
631056;28/09/2024;sábado;06:20:00;PR;277;597;CASCAVEL;Ausência de reação do condutor;Saída de leito carroçável;Com Vítimas Feridas;Amanhecer;Decrescente;Céu Claro;Dupla;Reta;Não;2;0;0;2;0;0;2;1;-24,99513602;-53,51418998;SPRF-PR;DEL04-PR;UOP01-DEL04-PR
631058;28/09/2024;sábado;06:00:00;MG;116;702,2;MURIAE;Retorno proibido;Colisão transversal;Com Vítimas Feridas;Amanhecer;Decrescente;Nublado;Simples;Interseção de Vias;Sim;2;0;0;1;1;0;1;2;-21,11938311;-42,38006362;SPRF-MG;DEL07-MG;UOP02-DEL07-MG
631059;28/09/2024;sábado;07:15:00;MT;70;6,4;BARRA DO GARCAS;Ausência de reação do condutor;Colisão transversal;Com Vítimas Feridas;Pleno dia;Crescente;Céu Claro;Dupla;Reta;Não;2;0;0;1;1;0;1;2;-15,878268;-52,306705;SPRF-MT;DEL07-MT;UOP01-DEL07-MT
631062;28/09/2024;sábado;04:45:00;PR;376;469;PONTA GROSSA;Ausência de reação do condutor;Saída de leito carroçável;Com Vítimas Feridas;Plena Noite;Decrescente;Ignorado;Dupla;Reta;Não;2;0;0;1;1;0;1;1;-25,03974803;-50,27969674;SPRF-PR;DEL03-PR;UOP01-DEL03-PR
631064;28/09/2024;sábado;06:45:00;MG;40;699,3;BARBACENA;Transitar na contramão;Colisão frontal;Com Vítimas Feridas;Pleno dia;Decrescente;Nublado;Simples;"Curva;Interseção de Vias;Aclive";Não;2;0;0;1;0;1;1;2;-21,16945;-43,756498;SPRF-MG;DEL05-MG;UOP02-DEL05-MG
631065;28/09/2024;sábado;07:40:00;SP;116;224;GUARULHOS;Ausência de reação do condutor;Colisão traseira;Com Vítimas Feridas;Pleno dia;Crescente;Garoa/Chuvisco;Múltipla;"Em Obras;Reta";Sim;2;0;1;0;1;0;1;2;-23,48071896;-46,53271603;SPRF-SP;DEL01-SP;UOP01-DEL01-SP
631067;27/09/2024;sexta-feira;13:50:00;BA;101;688;ITAGIMIRIM;Acessar a via sem observar a presença dos outros veículos;Colisão transversal;Com Vítimas Feridas;Pleno dia;Decrescente;Céu Claro;Simples;Reta;Não;3;0;0;2;1;0;2;2;-16,15425402;-39,59532738;SPRF-BA;DEL09-BA;UOP03-DEL09-BA
631068;28/09/2024;sábado;07:50:00;RS;116;146;CAXIAS DO SUL;Reação tardia ou ineficiente do condutor;Colisão transversal;Sem Vítimas;Pleno dia;Crescente;Céu Claro;Dupla;"Reta;Interseção de Vias";Não;2;0;0;0;2;0;0;2;-29,14228897;-51,13622202;SPRF-RS;DEL05-RS;UOP01-DEL05-RS
631069;28/09/2024;sábado;07:30:00;PE;101;93;CABO DE SANTO AGOSTINHO;Ausência de reação do condutor;Colisão traseira;Sem Vítimas;Pleno dia;Decrescente;Céu Claro;Dupla;Reta;Não;2;0;0;0;2;0;0;2;-8,244289;-35,005357;SPRF-PE;DEL01-PE;UOP01-DEL01-PE
631070;13/08/2024;terça-feira;18:08:00;MG;365;625;UBERLANDIA;Ausência de reação do condutor;Colisão traseira;Com Vítimas Feridas;Anoitecer;Crescente;Ignorado;Dupla;Reta;Sim;2;0;1;0;1;0;1;2;-18,90585472;-48,32526001;SPRF-MG;DEL15-MG;UOP01-DEL15-MG
631074;27/09/2024;sexta-feira;17:40:00;AC;364;125;RIO BRANCO;Acumulo de óleo sobre o pavimento;Queda de ocupante de veículo;Com Vítimas Feridas;Plena Noite;Crescente;Céu Claro;Dupla;Reta;Não;1;0;1;0;0;0;1;1;-10,01280606;-67,80005697;SPRF-AC;DEL01-AC;UOP01-DEL01-AC
631076;24/09/2024;terça-feira;17:40:00;BA;367;23;PORTO SEGURO;Desrespeitar a preferência no cruzamento;Colisão transversal;Com Vítimas Feridas;Anoitecer;Crescente;Céu Claro;Simples;Reta;Sim;2;0;0;1;1;0;1;2;-16,43517732;-39,07201198;SPRF-BA;DEL09-BA;UOP03-DEL09-BA
631077;26/08/2024;segunda-feira;07:18:00;PR;376;3,5;MANDAGUARI;Acessar a via sem observar a presença dos outros veículos;Colisão transversal;Com Vítimas Feridas;Pleno dia;Crescente;Ignorado;Simples;Rotatória;Sim;2;0;1;0;0;1;1;2;-23,547966;-51,671265;SPRF-PR;DEL09-PR;UOP01-DEL09-PR
631078;28/09/2024;sábado;08:12:00;PE;232;9;JABOATAO DOS GUARARAPES;Condutor usando celular;Colisão com objeto;Com Vítimas Feridas;Pleno dia;Decrescente;Céu Claro;Dupla;Reta;Não;2;0;0;2;0;0;2;1;-8,07764447;-34,97863609;SPRF-PE;DEL01-PE;UOP01-DEL01-PE
631079;28/09/2024;sábado;08:20:00;PE;101;93,5;CABO DE SANTO AGOSTINHO;Condutor deixou de manter distância do veículo da frente;Colisão traseira;Com Vítimas Feridas;Pleno dia;Crescente;Céu Claro;Dupla;Curva;Não;6;0;2;0;4;0;2;2;-8,24433;-35,00552;SPRF-PE;DEL01-PE;UOP01-DEL01-PE
631080;27/09/2024;sexta-feira;05:50:00;MG;262;117;RIO CASCA;Acostamento em desnível;Atropelamento de Pedestre;Com Vítimas Fatais;Amanhecer;Decrescente;Céu Claro;Simples;Reta;Sim;2;1;0;1;0;0;1;2;-20,22891636;-42,62843995;SPRF-MG;DEL03-MG;UOP03-DEL03-MG
631083;11/08/2024;domingo;18:30:00;PR;277;81;CURITIBA;Reação tardia ou ineficiente do condutor;Colisão traseira;Com Vítimas Feridas;Plena Noite;Crescente;Céu Claro;Dupla;Reta;Sim;2;0;1;0;1;0;1;2;-25,46246265;-49,21839058;SPRF-PR;DEL01-PR;UOP03-DEL01-PR
631085;28/09/2024;sábado;07:30:00;GO;50;305;CUMARI;Demais falhas na via;Queda de ocupante de veículo;Com Vítimas Feridas;Pleno dia;Crescente;Sol;Dupla;"Reta;Declive";Não;1;0;1;0;0;0;1;1;-18,3636;-48,0502;SPRF-GO;DEL06-GO;UOP01-DEL06-GO
631086;04/08/2024;domingo;17:10:00;SE;101;106,6;SAO CRISTOVAO;Conversão proibida;Colisão transversal;Com Vítimas Fatais;Pleno dia;Decrescente;Céu Claro;Dupla;Reta;Não;2;1;1;0;0;0;1;2;-10,95841469;-37,24489601;SPRF-SE;DEL02-SE;UOP01-DEL02-SE
631087;27/09/2024;sexta-feira;21:30:00;RJ;40;106;DUQUE DE CAXIAS;Reação tardia ou ineficiente do condutor;Tombamento;Com Vítimas Feridas;Plena Noite;Decrescente;Garoa/Chuvisco;Múltipla;Reta;Sim;1;0;1;0;0;0;1;1;-22,64679;-43,283726;SPRF-RJ;DEL01-RJ;UOP02-DEL01-RJ
631088;28/09/2024;sábado;05:45:00;RJ;40;103;DUQUE DE CAXIAS;Demais falhas mecânicas ou elétricas;Tombamento;Com Vítimas Feridas;Amanhecer;Decrescente;Nublado;Dupla;Reta;Sim;2;0;2;0;0;0;2;1;-22,62009;-43,286922;SPRF-RJ;DEL01-RJ;UOP02-DEL01-RJ
631091;28/09/2024;sábado;08:55:00;SE;101;85;NOSSA SENHORA DO SOCORRO;Reação tardia ou ineficiente do condutor;Colisão traseira;Com Vítimas Feridas;Pleno dia;Crescente;Céu Claro;Dupla;"Reta;Aclive";Não;3;0;1;0;2;0;1;2;-10,87949938;-37,13318825;SPRF-SE;DEL01-SE;UOP01-DEL01-SE
631092;28/09/2024;sábado;09:19:00;PB;101;89;JOAO PESSOA;Demais falhas mecânicas ou elétricas;Tombamento;Com Vítimas Feridas;Pleno dia;Decrescente;Céu Claro;Dupla;Reta;Sim;1;0;1;0;0;0;1;1;-7,168335;-34,89671516;SPRF-PB;DEL01-PB;UOP02-DEL01-PB
631093;28/09/2024;sábado;09:44:00;ES;101;287;CARIACICA;Ausência de reação do condutor;Tombamento;Com Vítimas Feridas;Pleno dia;Crescente;Nublado;Múltipla;"Curva;Interseção de Vias";Não;1;0;1;0;0;0;1;1;-20,26493528;-40,38471702;SPRF-ES;DEL01-ES;UOP01-DEL01-ES
631095;28/09/2024;sábado;08:30:00;PR;277;726;FOZ DO IGUACU;Condutor deixou de manter distância do veículo da frente;Colisão traseira;Com Vítimas Feridas;Pleno dia;Crescente;Céu Claro;Simples;Reta;Sim;3;0;1;0;0;2;1;3;-25,5106015;-54,55481999;SPRF-PR;DEL05-PR;UOP03-DEL05-PR
631096;28/09/2024;sábado;08:03:00;PA;230;120;MARABA;Ausência de reação do condutor;Colisão transversal;Com Vítimas Feridas;Pleno dia;Decrescente;Céu Claro;Dupla;Reta;Sim;2;0;1;0;1;0;1;2;-5,35038318;-49,11434;SPRF-PA;DEL03-PA;UOP01-DEL03-PA
631097;28/09/2024;sábado;10:00:00;PE;101;81;JABOATAO DOS GUARARAPES;Entrada inopinada do pedestre;Atropelamento de Pedestre;Com Vítimas Feridas;Pleno dia;Decrescente;Céu Claro;Dupla;"Curva;Aclive";Sim;2;0;1;0;1;0;1;2;-8,170945;-34,937759;SPRF-PE;DEL01-PE;UOP01-DEL01-PE
631099;28/09/2024;sábado;10:10:00;SC;101;199,4;SAO JOSE;Manobra de mudança de faixa;Colisão lateral mesmo sentido;Com Vítimas Feridas;Pleno dia;Decrescente;Céu Claro;Múltipla;Reta;Sim;4;0;2;0;1;1;2;3;-27,53413705;-48,63003205;SPRF-SC;DEL01-SC;UOP01-DEL01-SC
631101;28/09/2024;sábado;07:00:00;MG;251;495,5;FRANCISCO SA;Reação tardia ou ineficiente do condutor;Capotamento;Com Vítimas Feridas;Pleno dia;Decrescente;Sol;Simples;Reta;Não;2;0;2;0;0;0;2;1;-16,56234794;-43,61612707;SPRF-MG;DEL12-MG;UOP01-DEL12-MG
631102;28/09/2024;sábado;06:00:00;PI;316;0;TERESINA;Transitar no Acostamento;Colisão traseira;Com Vítimas Fatais;Pleno dia;Crescente;Céu Claro;Simples;Reta;Sim;2;1;0;0;1;0;0;2;-5,131168;-42,81564;SPRF-PI;DEL01-PI;UOP02-DEL01-PI
631103;28/09/2024;sábado;10:30:00;PB;230;21;JOAO PESSOA;Condutor deixou de manter distância do veículo da frente;Colisão lateral mesmo sentido;Com Vítimas Feridas;Pleno dia;Decrescente;Céu Claro;Dupla;Reta;Sim;5;0;1;0;4;0;1;2;-7,1415;-34,8519;SPRF-PB;DEL01-PB;UOP01-DEL01-PB
631104;28/09/2024;sábado;10:00:00;ES;262;41,6;DOMINGOS MARTINS;Ausência de reação do condutor;Colisão lateral sentido oposto;Com Vítimas Feridas;Pleno dia;Decrescente;Chuva;Simples;Curva;Não;3;0;1;0;2;0;1;2;-20,38521335;-40,64485887;SPRF-ES;DEL01-ES;UOP01-DEL01-ES
631105;08/09/2024;domingo;12:35:00;MG;40;563,3;NOVA LIMA;Reação tardia ou ineficiente do condutor;Saída de leito carroçável;Com Vítimas Feridas;Pleno dia;Decrescente;Céu Claro;Dupla;"Curva;Declive";Sim;3;0;0;1;2;0;1;3;-20,15241986;-43,96263156;SPRF-MG;DEL01-MG;UOP02-DEL01-MG
631106;28/09/2024;sábado;09:33:00;PI;343;306;ALTOS;Ultrapassagem Indevida;Colisão lateral mesmo sentido;Com Vítimas Feridas;Pleno dia;Crescente;Céu Claro;Simples;Reta;Sim;2;0;1;0;1;0;1;2;-5,038756;-42,450893;SPRF-PI;DEL01-PI;UOP01-DEL01-PI
631107;28/09/2024;sábado;10:30:00;SP;116;37,3;CACHOEIRA PAULISTA;Avarias e/ou desgaste excessivo no pneu;Queda de ocupante de veículo;Com Vítimas Feridas;Pleno dia;Decrescente;Nublado;Dupla;"Reta;Aclive";Não;1;0;1;0;0;0;1;1;-22,66497021;-44,98430985;SPRF-SP;DEL08-SP;UOP02-DEL08-SP
631108;28/09/2024;sábado;09:40:00;RO;364;327,6;PRESIDENTE MEDICI;Demais falhas mecânicas ou elétricas;Tombamento;Com Vítimas Feridas;Pleno dia;Crescente;Céu Claro;Simples;Reta;Não;3;0;2;0;0;1;2;2;-11,01013414;-61,92228481;SPRF-RO;DEL02-RO;UOP01-DEL02-RO
631109;28/09/2024;sábado;10:10:00;PB;230;19;JOAO PESSOA;Condutor deixou de manter distância do veículo da frente;Colisão traseira;Sem Vítimas;Pleno dia;Decrescente;Céu Claro;Dupla;Reta;Sim;3;0;0;0;3;0;0;2;-7,1281;-34,8466;SPRF-PB;DEL01-PB;UOP01-DEL01-PB
631110;28/09/2024;sábado;07:00:00;PR;277;586;CASCAVEL;Ingestão de álcool pelo condutor;Engavetamento;Sem Vítimas;Pleno dia;Decrescente;Céu Claro;Simples;Reta;Sim;3;0;0;0;3;0;0;3;-24,9649472;-53,4210459;SPRF-PR;DEL04-PR;UOP01-DEL04-PR
631111;28/09/2024;sábado;10:00:00;ES;262;41,2;DOMINGOS MARTINS;Reação tardia ou ineficiente do condutor;Colisão traseira;Com Vítimas Feridas;Pleno dia;Decrescente;Chuva;Simples;Reta;Não;2;0;1;0;1;0;1;2;-20,38521335;-40,64485887;SPRF-ES;DEL01-ES;UOP01-DEL01-ES
631112;20/08/2024;terça-feira;06:20:00;DF;40;5;BRASILIA;Condutor deixou de manter distância do veículo da frente;Colisão traseira;Com Vítimas Feridas;Pleno dia;Decrescente;Céu Claro;Dupla;Reta;Sim;2;0;1;0;1;0;1;2;-16,020903;-47,980541;SPRF-DF;DEL01-DF;UOP01-DEL01-DF
631113;28/09/2024;sábado;11:00:00;PB;230;21;JOAO PESSOA;Condutor deixou de manter distância do veículo da frente;Engavetamento;Com Vítimas Feridas;Pleno dia;Crescente;Céu Claro;Dupla;Reta;Sim;9;0;1;0;7;1;1;4;-7,1415;-34,8519;SPRF-PB;DEL01-PB;UOP01-DEL01-PB
631115;28/09/2024;sábado;11:00:00;RN;101;75;NATAL;Reação tardia ou ineficiente do condutor;Colisão traseira;Com Vítimas Feridas;Pleno dia;Crescente;Céu Claro;Dupla;Curva;Não;3;0;1;0;2;0;1;2;-5,721906;-35,27672;SPRF-RN;DEL02-RN;UOP01-DEL02-RN
631116;28/09/2024;sábado;10:41:00;GO;40;12;LUZIANIA;Reação tardia ou ineficiente do condutor;Colisão lateral mesmo sentido;Com Vítimas Feridas;Pleno dia;Decrescente;Céu Claro;Dupla;Reta;Não;3;0;2;0;1;0;2;2;-16,145123;-47,945382;SPRF-DF;DEL01-DF;UOP01-DEL01-DF
631117;28/09/2024;sábado;10:10:00;ES;262;41;DOMINGOS MARTINS;Pista Escorregadia;Colisão frontal;Com Vítimas Feridas;Pleno dia;Crescente;Chuva;Simples;"Curva;Aclive";Não;7;0;4;0;3;0;4;2;-20,38521335;-40,64485887;SPRF-ES;DEL01-ES;UOP01-DEL01-ES
631118;28/09/2024;sábado;10:10:00;SP;116;112,5;TAUBATE;Condutor deixou de manter distância do veículo da frente;Colisão traseira;Com Vítimas Feridas;Pleno dia;Decrescente;Sol;Dupla;Reta;Não;3;0;1;0;2;0;1;2;-23,04159343;-45,57065616;SPRF-SP;DEL02-SP;UOP02-DEL02-SP