id;data_inversa;dia_semana;horario;uf;br;km;municipio;causa_acidente;tipo_acidente;classificacao_acidente;fase_dia;sentido_via;condicao_metereologica;tipo_pista;tracado_via;uso_solo;pessoas;mortos;feridos_leves;feridos_graves;ilesos;ignorados;feridos;veiculos;latitude;longitude;regional;delegacia;uop
631232;28/09/2024;sábado;19:30:00;PR;487;11,8;ICARAIMA;Velocidade Incompatível;Saída de leito carroçável;Com Vítimas Feridas;Plena Noite;Decrescente;Céu Claro;Simples;Curva;Não;1;0;1;0;0;0;1;1;-23,39435;-53,626625;SPRF-PR;DEL06-PR;UOP03-DEL06-PR
631233;28/09/2024;sábado;20:45:00;MG;381;486,4;BETIM;Demais falhas mecânicas ou elétricas;Colisão traseira;Com Vítimas Feridas;Plena Noite;Crescente;Céu Claro;Dupla;"Aclive;Reta";Sim;5;0;1;0;4;0;1;2;-19,9557814;-44,1103947;SPRF-MG;DEL01-MG;UOP03-DEL01-MG
631234;28/09/2024;sábado;19:20:00;GO;60;363;RIO VERDE;Manobra de mudança de faixa;Colisão lateral mesmo sentido;Sem Vítimas;Plena Noite;Crescente;Chuva;Dupla;Reta;Não;2;0;0;0;2;0;0;2;-17,6437;-50,7904;SPRF-GO;DEL04-GO;UOP02-DEL04-GO
631235;28/09/2024;sábado;20:40:00;ES;262;155,2;IBATIBA;Transitar na contramão;Colisão lateral sentido oposto;Sem Vítimas;Plena Noite;Crescente;Garoa/Chuvisco;Simples;Reta;Não;3;0;0;0;3;0;0;2;-20,22651793;-41,47055672;SPRF-ES;DEL01-ES;UOP02-DEL01-ES
631236;28/09/2024;sábado;20:35:00;PE;428;50,9;OROCO;Ausência de reação do condutor;Colisão traseira;Com Vítimas Fatais;Plena Noite;Crescente;Céu Claro;Simples;Declive;Não;4;1;1;2;0;0;3;2;-8,621903;-39,628302;SPRF-PE;DEL06-PE;UOP03-DEL06-PE
631237;28/09/2024;sábado;18:40:00;PI;343;592;FLORIANO;Manobra de mudança de faixa;Colisão transversal;Com Vítimas Feridas;Plena Noite;Decrescente;Céu Claro;Dupla;Reta;Sim;2;0;0;2;0;0;2;2;-6,777731;-43,031559;SPRF-PI;DEL03-PI;UOP01-DEL03-PI
631238;28/09/2024;sábado;21:05:00;RS;290;69,1;GRAVATAI;Condutor deixou de manter distância do veículo da frente;Colisão traseira;Com Vítimas Feridas;Plena Noite;Crescente;Céu Claro;Múltipla;Reta;Sim;2;0;1;0;1;0;1;2;-29,943384;-50,936207;SPRF-RS;DEL03-RS;UOP01-DEL03-RS
631239;28/09/2024;sábado;20:50:00;CE;222;5;CAUCAIA;Ausência de reação do condutor;Colisão traseira;Com Vítimas Feridas;Plena Noite;Crescente;Céu Claro;Múltipla;Reta;Sim;3;0;1;2;0;0;3;2;-3,74296918;-38,61330997;SPRF-CE;DEL01-CE;UOP01-DEL01-CE
631240;28/09/2024;sábado;19:40:00;RO;319;63;PORTO VELHO;Ingestão de álcool pelo condutor;Colisão traseira;Sem Vítimas;Plena Noite;Decrescente;Céu Claro;Dupla;"Reta;Interseção de Vias";Sim;2;0;0;0;2;0;0;2;-8,766685;-63,884052;SPRF-RO;DEL01-RO;UOP01-DEL01-RO
631243;28/09/2024;sábado;21:20:00;RJ;101;422,5;MANGARATIBA;Ultrapassagem Indevida;Colisão frontal;Com Vítimas Feridas;Plena Noite;Decrescente;Céu Claro;Simples;Reta;Sim;4;0;2;1;1;0;3;3;-22,91608393;-43,94022903;SPRF-RJ;DEL03-RJ;UOP02-DEL03-RJ
631247;28/09/2024;sábado;23:45:00;MG;40;435,9;PARAOPEBA;Trafegar com motocicleta (ou similar) entre as faixas;Colisão traseira;Com Vítimas Feridas;Plena Noite;Crescente;Céu Claro;Dupla;Reta;Não;3;0;0;2;1;0;2;3;-19,21980485;-44,45033788;SPRF-MG;DEL02-MG;UOP01-DEL02-MG
631248;28/09/2024;sábado;21:50:00;PR;376;148,7;PRESIDENTE CASTELO BRANCO;Ausência de reação do condutor;Queda de ocupante de veículo;Com Vítimas Feridas;Pleno dia;Crescente;Céu Claro;Dupla;"Retorno Regulamentado;Reta";Não;1;0;1;0;0;0;1;1;-23,29240034;-52,12692808;SPRF-PR;DEL09-PR;UOP02-DEL09-PR
631249;28/09/2024;sábado;22:41:00;MG;50;56;UBERLANDIA;Reação tardia ou ineficiente do condutor;Saída de leito carroçável;Sem Vítimas;Plena Noite;Crescente;Céu Claro;Dupla;"Aclive;Reta";Não;2;0;0;0;2;0;0;1;-18,78116115;-48,23825717;SPRF-MG;DEL15-MG;UOP02-DEL15-MG
631251;28/09/2024;sábado;20:50:00;RJ;116;146;DUQUE DE CAXIAS;Reação tardia ou ineficiente do condutor;Queda de ocupante de veículo;Com Vítimas Feridas;Plena Noite;Decrescente;Nublado;Simples;Reta;Sim;1;0;1;0;0;0;1;1;-22,66687859;-43,26368215;SPRF-RJ;DEL01-RJ;UOP02-DEL01-RJ
631252;28/09/2024;sábado;21:10:00;MG;153;241,2;FRONTEIRA;Ingestão de álcool pelo condutor;Saída de leito carroçável;Sem Vítimas;Plena Noite;Crescente;Céu Claro;Simples;Reta;Não;1;0;0;0;1;0;0;1;-20,29847332;-49,20614844;SPRF-MG;DEL13-MG;UOP02-DEL13-MG
631253;28/09/2024;sábado;22:00:00;SC;101;448,4;SANTA ROSA DO SUL;Reação tardia ou ineficiente do condutor;Colisão lateral mesmo sentido;Com Vítimas Feridas;Plena Noite;Crescente;Céu Claro;Múltipla;Reta;Não;4;0;2;0;2;0;2;2;-29,1680941;-49,74565172;SPRF-SC;DEL02-SC;UOP02-DEL02-SC
631255;28/09/2024;sábado;21:34:00;PE;101;58,4;RECIFE;Manobra de mudança de faixa;Colisão lateral mesmo sentido;Com Vítimas Feridas;Plena Noite;Crescente;Céu Claro;Dupla;Reta;Sim;3;0;0;2;1;0;2;2;-7,97063209;-34,92064675;SPRF-PE;DEL01-PE;UOP02-DEL01-PE
631256;28/09/2024;sábado;11:20:00;GO;153;356;JARAGUA;Acessar a via sem observar a presença dos outros veículos;Colisão transversal;Sem Vítimas;Pleno dia;Decrescente;Céu Claro;Múltipla;Interseção de Vias;Sim;2;0;0;0;1;1;0;2;-15,7356502;-49,32294846;SPRF-GO;DEL02-GO;UOP02-DEL02-GO
631257;28/09/2024;sábado;22:40:00;PE;428;185;PETROLINA;Acesso irregular;Queda de ocupante de veículo;Com Vítimas Feridas;Plena Noite;Crescente;Céu Claro;Dupla;Reta;Sim;1;0;1;0;0;0;1;1;-9,34009199;-40,47032001;SPRF-PE;DEL06-PE;UOP01-DEL06-PE
631258;28/09/2024;sábado;22:30:00;PE;428;11;CABROBO;Transitar na contramão;Colisão frontal;Com Vítimas Feridas;Plena Noite;Crescente;Céu Claro;Simples;Reta;Sim;2;0;0;1;1;0;1;2;-8,5063914;-39,3161128;SPRF-PE;DEL05-PE;UOP03-DEL05-PE
631259;28/09/2024;sábado;22:00:00;PR;277;129,9;CAMPO LARGO;Condutor deixou de manter distância do veículo da frente;Colisão traseira;Sem Vítimas;Plena Noite;Crescente;Céu Claro;Dupla;"Reta;Em Obras";Não;2;0;0;0;2;0;0;2;-25,44623631;-49,57094014;SPRF-PR;DEL03-PR;UOP03-DEL03-PR
631260;28/09/2024;sábado;21:15:00;PR;116;125;FAZENDA RIO GRANDE;Reação tardia ou ineficiente do condutor;Colisão traseira;Sem Vítimas;Plena Noite;Crescente;Céu Claro;Dupla;Reta;Sim;2;0;0;0;1;1;0;2;-25,636233;-49,313219;SPRF-PR;DEL01-PR;UOP03-DEL01-PR
631261;28/09/2024;sábado;22:20:00;SE;101;85;NOSSA SENHORA DO SOCORRO;Reação tardia ou ineficiente do condutor;Queda de ocupante de veículo;Com Vítimas Feridas;Plena Noite;Crescente;Céu Claro;Dupla;Reta;Não;2;0;1;1;0;0;2;1;-10,84356101;-37,13696712;SPRF-SE;DEL01-SE;UOP01-DEL01-SE
631262;28/09/2024;sábado;22:30:00;SE;235;8;NOSSA SENHORA DO SOCORRO;Reação tardia ou ineficiente do condutor;Queda de ocupante de veículo;Com Vítimas Feridas;Plena Noite;Crescente;Céu Claro;Simples;"Declive;Viaduto";Não;1;0;1;0;0;0;1;1;-10,88443018;-37,13340282;SPRF-SE;DEL01-SE;UOP01-DEL01-SE
631263;28/09/2024;sábado;22:10:00;SC;116;220,5;CORREIA PINTO;Acessar a via sem observar a presença dos outros veículos;Colisão transversal;Com Vítimas Feridas;Plena Noite;Crescente;Céu Claro;Simples;Rotatória;Sim;2;0;1;0;0;1;1;2;-27,59068608;-50,36278725;SPRF-SC;DEL05-SC;UOP03-DEL05-SC
631265;28/09/2024;sábado;22:40:00;PR;153;337;IRATI;Ingestão de álcool pelo condutor;Queda de ocupante de veículo;Com Vítimas Feridas;Plena Noite;Crescente;Nublado;Simples;Reta;Não;1;0;1;0;0;0;1;1;-25,50616511;-50,6512107;SPRF-PR;DEL08-PR;UOP02-DEL08-PR
631267;28/09/2024;sábado;22:30:00;PR;476;115;COLOMBO;Ultrapassagem Indevida;Colisão frontal;Com Vítimas Feridas;Plena Noite;Crescente;Céu Claro;Simples;Reta;Sim;2;0;1;0;1;0;1;2;-25,344196;-49,159679;SPRF-PR;DEL01-PR;UOP01-DEL01-PR
631268;28/09/2024;sábado;22:50:00;SC;470;118;IBIRAMA;Retorno proibido;Colisão transversal;Com Vítimas Feridas;Plena Noite;Crescente;Céu Claro;Dupla;Reta;Não;5;0;2;0;3;0;2;2;-27,082176;-49,511818;SPRF-SC;DEL04-SC;UOP02-DEL04-SC
631269;28/09/2024;sábado;22:40:00;TO;153;313;GUARAI;Ingestão de álcool pelo condutor;Saída de leito carroçável;Com Vítimas Feridas;Plena Noite;Decrescente;Céu Claro;Simples;Reta;Não;1;0;1;0;0;0;1;1;-8,6488351;-48,49241668;SPRF-TO;DEL02-TO;UOP02-DEL02-TO
631270;28/09/2024;sábado;22:30:00;PA;230;582;VITORIA DO XINGU;Animais na Pista;Atropelamento de Animal;Com Vítimas Feridas;Plena Noite;Crescente;Céu Claro;Simples;"Declive;Reta";Não;1;0;1;0;0;0;1;1;-3,121691;-51,77373;SPRF-PA;DEL04-PA;UOP01-DEL04-PA
631271;28/09/2024;sábado;23:00:00;PR;476;152;ARAUCARIA;Reação tardia ou ineficiente do condutor;Capotamento;Com Vítimas Feridas;Plena Noite;Crescente;Céu Claro;Simples;Declive;Não;1;0;1;0;0;0;1;1;-25,5681495;-49,38194633;SPRF-PR;DEL01-PR;UOP06-DEL01-PR
631272;28/09/2024;sábado;23:00:00;PR;153;484,9;GENERAL CARNEIRO;Velocidade Incompatível;Colisão com objeto;Sem Vítimas;Plena Noite;Decrescente;Céu Claro;Simples;"Reta;Interseção de Vias";Não;1;0;0;0;1;0;0;1;-26,38747069;-51,27494363;SPRF-PR;DEL02-PR;UOP03-DEL02-PR
631274;29/09/2024;domingo;00:10:00;TO;153;676,3;GURUPI;Avarias e/ou desgaste excessivo no pneu;Queda de ocupante de veículo;Com Vítimas Feridas;Plena Noite;Decrescente;Céu Claro;Dupla;Reta;Sim;1;0;0;1;0;0;1;1;-11,76028512;-49,09631084;SPRF-TO;DEL01-TO;UOP02-DEL01-TO
631275;29/09/2024;domingo;00:00:00;SP;116;225;GUARULHOS;Reação tardia ou ineficiente do condutor;Colisão traseira;Com Vítimas Feridas;Plena Noite;Crescente;Nublado;Múltipla;"Em Obras;Reta;Desvio Temporário;Aclive";Sim;3;0;1;0;2;0;1;2;-23,48586772;-46,54075317;SPRF-SP;DEL01-SP;UOP01-DEL01-SP
631276;29/09/2024;domingo;00:20:00;SC;280;4,2;SAO FRANCISCO DO SUL;Velocidade Incompatível;Colisão com objeto;Com Vítimas Feridas;Plena Noite;Decrescente;Nublado;Simples;"Em Obras;Reta";Sim;1;0;1;0;0;0;1;1;-26,25329566;-48,61916042;SPRF-SC;DEL03-SC;UOP03-DEL03-SC
631277;29/09/2024;domingo;00:40:00;MA;222;667;ACAILANDIA;Ultrapassagem Indevida;Colisão transversal;Com Vítimas Feridas;Plena Noite;Decrescente;Céu Claro;Simples;Reta;Não;7;0;2;0;5;0;2;2;-4,90264174;-47,39968016;SPRF-MA;DEL04-MA;UOP03-DEL04-MA
631278;29/09/2024;domingo;00:20:00;PR;369;156;LONDRINA;Ingestão de álcool pelo condutor;Colisão traseira;Com Vítimas Feridas;Plena Noite;Crescente;Céu Claro;Dupla;Reta;Sim;3;0;1;0;2;0;1;2;-23,2913543;-51,21735513;SPRF-PR;DEL07-PR;UOP01-DEL07-PR
631279;29/09/2024;domingo;01:00:00;GO;414;398;CORUMBA DE GOIAS;Acesso irregular;Eventos atípicos;Com Vítimas Feridas;Plena Noite;Crescente;Chuva;Simples;"Aclive;Reta";Não;2;0;1;0;1;0;1;1;-15,95966349;-48,81554865;SPRF-GO;DEL02-GO;UOP01-DEL02-GO
631280;28/09/2024;sábado;22:00:00;MT;364;246;JUSCIMEIRA;Demais falhas mecânicas ou elétricas;Tombamento;Com Vítimas Feridas;Plena Noite;Crescente;Céu Claro;Dupla;Reta;Não;2;0;1;1;0;0;2;1;-16,14040686;-54,8231539;SPRF-MT;DEL02-MT;UOP01-DEL02-MT
631281;29/09/2024;domingo;00:02:00;SC;101;87;BARRA VELHA;Reação tardia ou ineficiente do condutor;Saída de leito carroçável;Com Vítimas Feridas;Plena Noite;Decrescente;Nublado;Dupla;Reta;Sim;3;0;1;1;0;1;2;1;-26,63713377;-48,69651057;SPRF-SC;DEL03-SC;UOP02-DEL03-SC
631282;29/09/2024;domingo;01:30:00;MG;381;495,5;BETIM;Velocidade Incompatível;Queda de ocupante de veículo;Com Vítimas Feridas;Plena Noite;Crescente;Céu Claro;Múltipla;"Reta;Declive";Sim;1;0;1;0;0;0;1;1;-19,96844812;-44,18089628;SPRF-MG;DEL01-MG;UOP03-DEL01-MG
631283;29/09/2024;domingo;01:30:00;MG;262;404;PARA DE MINAS;Animais na Pista;Atropelamento de Animal;Sem Vítimas;Plena Noite;Crescente;Vento;Dupla;Aclive;Não;4;0;0;0;4;0;0;1;-19,88636461;-44,61874008;SPRF-MG;DEL01-MG;UOP03-DEL01-MG
631284;29/09/2024;domingo;01:00:00;BA;116;422;FEIRA DE SANTANA;Desrespeitar a preferência no cruzamento;Colisão transversal;Com Vítimas Feridas;Plena Noite;Crescente;Nublado;Simples;"Reta;Interseção de Vias";Sim;3;0;1;1;1;0;2;2;-12,22064702;-38,96561131;SPRF-BA;DEL02-BA;UOP01-DEL02-BA
631285;29/09/2024;domingo;00:30:00;PE;232;179,8;BELO JARDIM;Ingestão de álcool pelo condutor;Colisão transversal;Com Vítimas Feridas;Plena Noite;Crescente;Nublado;Simples;Reta;Sim;2;0;2;0;0;0;2;2;-8,34353242;-36,4199731;SPRF-PE;DEL03-PE;UOP02-DEL03-PE
631287;29/09/2024;domingo;01:40:00;RS;392;718;PORTO XAVIER;Ingestão de álcool pelo condutor;Colisão frontal;Sem Vítimas;Plena Noite;Crescente;Céu Claro;Simples;Curva;Sim;2;0;0;0;2;0;0;2;-27,93372321;-55,13694765;SPRF-RS;DEL10-RS;UOP01-DEL10-RS
631288;29/09/2024;domingo;01:00:00;MG;116;675;MIRADOURO;Condutor Dormindo;Tombamento;Com Vítimas Feridas;Plena Noite;Decrescente;Céu Claro;Simples;Reta;Não;1;0;1;0;0;0;1;1;-20,903481;-42,350573;SPRF-MG;DEL07-MG;UOP02-DEL07-MG
631289;29/09/2024;domingo;01:20:00;SC;116;237,4;CORREIA PINTO;Reação tardia ou ineficiente do condutor;Saída de leito carroçável;Com Vítimas Feridas;Plena Noite;Crescente;Céu Claro;Simples;Reta;Não;1;0;1;0;0;0;1;1;-27,73034899;-50,3359778;SPRF-SC;DEL05-SC;UOP01-DEL05-SC
631290;29/09/2024;domingo;02:00:00;PR;376;615;SAO JOSE DOS PINHAIS;Reação tardia ou ineficiente do condutor;Colisão com objeto;Com Vítimas Feridas;Plena Noite;Crescente;Nublado;Dupla;Reta;Sim;4;0;3;0;1;0;3;1;-25,569237;-49,183735;SPRF-PR;DEL01-PR;UOP04-DEL01-PR
631291;29/09/2024;domingo;01:30:00;ES;101;230;FUNDAO;Ausência de reação do condutor;Saída de leito carroçável;Sem Vítimas;Plena Noite;Crescente;Nublado;Simples;Curva;Não;1;0;0;0;0;1;0;1;-19,93558165;-40,40603211;SPRF-ES;DEL02-ES;UOP01-DEL02-ES
631293;29/09/2024;domingo;03:27:00;GO;153;504;APARECIDA DE GOIANIA;Pedestre cruzava a pista fora da faixa;Atropelamento de Pedestre;Com Vítimas Fatais;Plena Noite;Crescente;Garoa/Chuvisco;Dupla;Curva;Sim;4;1;0;0;3;0;0;2;-16,7451;-49,2408;SPRF-GO;DEL01-GO;UOP01-DEL01-GO
631294;29/09/2024;domingo;03:20:00;TO;153;246;COLINAS DO TOCANTINS;Ingestão de álcool pelo condutor;Queda de ocupante de veículo;Com Vítimas Feridas;Plena Noite;Crescente;Céu Claro;Dupla;Reta;Sim;2;0;2;0;0;0;2;1;-8,046382;-48,46624384;SPRF-TO;DEL02-TO;UOP02-DEL02-TO
631295;29/09/2024;domingo;02:50:00;PR;277;74;SAO JOSE DOS PINHAIS;Reação tardia ou ineficiente do condutor;Colisão com objeto;Com Vítimas Feridas;Plena Noite;Decrescente;Céu Claro;Dupla;Reta;Sim;1;0;1;0;0;0;1;1;-25,51726115;-49,11540707;SPRF-PR;DEL01-PR;UOP07-DEL01-PR
631296;29/09/2024;domingo;02:18:00;MT;163;664;LUCAS DO RIO VERDE;Condutor Dormindo;Colisão com objeto;Com Vítimas Feridas;Plena Noite;Decrescente;Céu Claro;Dupla;Reta;Não;2;0;0;2;0;0;2;1;-13,36939399;-56,07438701;SPRF-MT;DEL06-MT;UOP01-DEL06-MT
631298;29/09/2024;domingo;03:35:00;PI;230;193;OEIRAS;Pedestre andava na pista;Atropelamento de Pedestre;Com Vítimas Feridas;Pleno dia;Decrescente;Céu Claro;Simples;Reta;Não;2;0;0;1;0;1;1;2;-6,99024993;-42,09712204;SPRF-PI;DEL04-PI;UOP01-DEL04-PI
631299;29/09/2024;domingo;02:59:00;PE;101;14;GOIANA;Ingestão de álcool pelo condutor;Queda de ocupante de veículo;Com Vítimas Feridas;Plena Noite;Crescente;Céu Claro;Dupla;Reta;Não;1;0;0;1;0;0;1;1;-7,61832786;-34,97100773;SPRF-PE;DEL01-PE;UOP02-DEL01-PE
631300;29/09/2024;domingo;04:30:00;TO;153;124;WANDERLANDIA;Ingestão de álcool pelo condutor;Queda de ocupante de veículo;Com Vítimas Feridas;Plena Noite;Crescente;Céu Claro;Simples;Reta;Não;1;0;1;0;0;0;1;1;-7,0888231;-48,16253543;SPRF-TO;DEL02-TO;UOP01-DEL02-TO
631301;29/09/2024;domingo;03:50:00;SP;116;7;QUELUZ;Curva acentuada;Colisão com objeto;Com Vítimas Feridas;Plena Noite;Decrescente;Céu Claro;Dupla;Curva;Sim;1;0;1;0;0;0;1;1;-22,53531603;-44,76219097;SPRF-SP;DEL08-SP;UOP02-DEL08-SP
631302;29/09/2024;domingo;03:00:00;RJ;101;380;RIO DE JANEIRO;Acessar a via sem observar a presença dos outros veículos;Colisão traseira;Com Vítimas Feridas;Plena Noite;Crescente;Céu Claro;Dupla;Reta;Não;2;0;1;0;1;0;1;2;-22,86665409;-43,58896989;SPRF-RJ;DEL06-RJ;UOP01-DEL06-RJ
631303;29/09/2024;domingo;03:45:00;SC;101;358,2;SANGAO;Ingestão de álcool pelo condutor;Saída de leito carroçável;Sem Vítimas;Plena Noite;Crescente;Nublado;Múltipla;Reta;Não;1;0;0;0;1;0;0;1;-28,642765;-49,100403;SPRF-SC;DEL02-SC;UOP01-DEL02-SC
631305;29/09/2024;domingo;02:00:00;MT;163;437;VARZEA GRANDE;Animais na Pista;Atropelamento de Animal;Sem Vítimas;Plena Noite;Crescente;Céu Claro;Dupla;Reta;Sim;2;0;0;0;2;0;0;1;-15,630562;-56,204918;SPRF-MT;DEL01-MT;UOP01-DEL01-MT
631307;29/09/2024;domingo;05:00:00;RN;304;143,5;ANGICOS;Ausência de reação do condutor;Colisão com objeto;Com Vítimas Fatais;Amanhecer;Crescente;Céu Claro;Simples;"Reta;Aclive";Não;2;1;0;1;0;0;1;1;-5,67090366;-36,65469611;SPRF-RN;DEL04-RN;UOP01-DEL04-RN
631308;29/09/2024;domingo;03:35:00;PR;476;276,8;SAO MATEUS DO SUL;Acessar a via sem observar a presença dos outros veículos;Colisão transversal;Sem Vítimas;Plena Noite;Decrescente;Céu Claro;Simples;"Interseção de Vias;Reta;Aclive";Não;2;0;0;0;2;0;0;2;-25,877428;-50,384377;SPRF-PR;DEL02-PR;UOP03-DEL02-PR
631309;29/09/2024;domingo;05:00:00;MS;158;93;PARANAIBA;Ingestão de álcool pelo condutor;Saída de leito carroçável;Sem Vítimas;Pleno dia;Decrescente;Céu Claro;Dupla;Reta;Sim;1;0;0;0;1;0;0;1;-19,67487732;-51,20365103;SPRF-MS;DEL08-MS;UOP01-DEL08-MS
631310;28/09/2024;sábado;20:30:00;MA;222;668;ACAILANDIA;Ingestão de álcool pelo condutor;Colisão com objeto;Sem Vítimas;Plena Noite;Decrescente;Céu Claro;Simples;"Reta;Declive";Sim;1;0;0;0;0;1;0;1;-4,90710878;-47,40740013;SPRF-MA;DEL04-MA;UOP03-DEL04-MA
631311;29/09/2024;domingo;04:30:00;RS;116;620,2;ARROIO GRANDE;Ingestão de álcool pelo condutor;Saída de leito carroçável;Com Vítimas Feridas;Plena Noite;Decrescente;Céu Claro;Simples;Reta;Não;2;0;1;0;1;0;1;1;-32,30915513;-53,13149783;SPRF-RS;DEL07-RS;UOP03-DEL07-RS
631312;29/09/2024;domingo;04:45:00;PI;230;297;FLORIANO;Velocidade Incompatível;Queda de ocupante de veículo;Com Vítimas Feridas;Amanhecer;Crescente;Céu Claro;Simples;Reta;Não;2;0;1;0;1;0;1;1;-6,82903004;-42,91384303;SPRF-PI;DEL03-PI;UOP01-DEL03-PI
631314;29/09/2024;domingo;04:50:00;MS;163;125;NAVIRAI;Ausência de reação do condutor;Saída de leito carroçável;Sem Vítimas;Amanhecer;Crescente;Céu Claro;Simples;"Reta;Aclive";Não;1;0;0;0;1;0;0;1;-23,06751245;-54,23094249;SPRF-MS;DEL09-MS;UOP01-DEL09-MS
631315;29/09/2024;domingo;06:00:00;TO;153;116;WANDERLANDIA;Ausência de reação do condutor;Colisão traseira;Com Vítimas Feridas;Pleno dia;Crescente;Céu Claro;Simples;Reta;Não;6;0;0;1;5;0;1;2;-7,00287492;-48,09810744;SPRF-TO;DEL02-TO;UOP01-DEL02-TO
631316;29/09/2024;domingo;03:10:00;SC;282;39,8;AGUAS MORNAS;Ingestão de álcool pelo condutor;Colisão frontal;Com Vítimas Fatais;Plena Noite;Decrescente;Nublado;Simples;Reta;Sim;3;1;0;1;1;0;1;2;-27,7160592;-48,8694792;SPRF-SC;DEL01-SC;UOP03-DEL01-SC
631317;29/09/2024;domingo;05:35:00;PR;116;9,3;CAMPINA GRANDE DO SUL;Velocidade Incompatível;Capotamento;Com Vítimas Feridas;Amanhecer;Crescente;Céu Claro;Dupla;Reta;Não;1;0;0;1;0;0;1;1;-25,3719;-49,134;SPRF-PR;DEL01-PR;UOP02-DEL01-PR
631318;29/09/2024;domingo;05:10:00;MA;135;2;SAO LUIS;Ausência de reação do condutor;Colisão traseira;Com Vítimas Feridas;Pleno dia;Crescente;Céu Claro;Dupla;Reta;Não;2;0;1;0;1;0;1;2;-2,59806699;-44,24573511;SPRF-MA;DEL01-MA;UOP01-DEL01-MA
631320;29/09/2024;domingo;06:00:00;SP;116;218;GUARULHOS;Velocidade Incompatível;Queda de ocupante de veículo;Com Vítimas Feridas;Pleno dia;Decrescente;Céu Claro;Múltipla;"Reta;Aclive";Sim;2;0;2;0;0;0;2;1;-23,457972;-46,479927;SPRF-SP;DEL01-SP;UOP01-DEL01-SP
631321;29/09/2024;domingo;06:20:00;ES;262;100,1;VENDA NOVA DO IMIGRANTE;Velocidade Incompatível;Tombamento;Com Vítimas Feridas;Pleno dia;Decrescente;Céu Claro;Simples;Reta;Não;2;0;2;0;0;0;2;1;-20,34889991;-41,102073;SPRF-ES;DEL01-ES;UOP02-DEL01-ES
631322;29/09/2024;domingo;05:42:00;PR;116;9,3;QUATRO BARRAS;Transitar no Acostamento;Colisão com objeto;Sem Vítimas;Amanhecer;Decrescente;Céu Claro;Dupla;Reta;Sim;4;0;0;0;4;0;0;2;-25,3708;-49,1246;SPRF-PR;DEL01-PR;UOP02-DEL01-PR
631323;29/09/2024;domingo;04:30:00;MG;116;577,3;MANHUACU;Ausência de reação do condutor;Saída de leito carroçável;Com Vítimas Feridas;Amanhecer;Crescente;Céu Claro;Simples;Reta;Não;3;0;3;0;0;0;3;1;-20,161295;-42,189066;SPRF-MG;DEL06-MG;UOP03-DEL06-MG
631325;29/09/2024;domingo;04:00:00;SC;470;246,5;CURITIBANOS;Velocidade Incompatível;Colisão traseira;Com Vítimas Feridas;Plena Noite;Crescente;Céu Claro;Simples;"Declive;Reta";Não;5;0;2;0;3;0;2;2;-27,31521433;-50,54543051;SPRF-SC;DEL05-SC;UOP03-DEL05-SC
631326;29/09/2024;domingo;06:00:00;MT;364;362;SANTO ANTONIO DO LEVERGER;Ausência de reação do condutor;Saída de leito carroçável;Sem Vítimas;Pleno dia;Decrescente;Céu Claro;Dupla;Reta;Não;1;0;0;0;1;0;0;1;-15,77586983;-55,64441204;SPRF-MT;DEL01-MT;UOP02-DEL01-MT
631327;28/09/2024;sábado;22:40:00;RJ;40;53;PETROPOLIS;Ausência de reação do condutor;Tombamento;Com Vítimas Feridas;Plena Noite;Crescente;Céu Claro;Dupla;Reta;Não;1;0;1;0;0;0;1;1;-22,34399896;-43,13243691;SPRF-RJ;DEL05-RJ;UOP02-DEL05-RJ
631329;28/08/2024;quarta-feira;13:00:00;SC;101;192;BIGUACU;Acessar a via sem observar a presença dos outros veículos;Colisão transversal;Com Vítimas Feridas;Pleno dia;Decrescente;Céu Claro;Dupla;Reta;Sim;2;0;1;0;1;0;1;2;-27,48443781;-48,64765238;SPRF-SC;DEL01-SC;UOP01-DEL01-SC
631330;28/09/2024;sábado;22:10:00;PA;10;355;SANTA MARIA DO PARA;Acessar a via sem observar a presença dos outros veículos;Colisão frontal;Com Vítimas Feridas;Plena Noite;Decrescente;Céu Claro;Simples;Reta;Sim;2;0;0;1;1;0;1;2;-1,34360669;-47,57872903;SPRF-PA;DEL01-PA;UOP02-DEL01-PA
631331;28/09/2024;sábado;23:00:00;MT;364;500,9;JANGADA;Manobra de mudança de faixa;Colisão lateral sentido oposto;Com Vítimas Feridas;Plena Noite;Crescente;Céu Claro;Simples;Reta;Não;2;0;0;1;1;0;1;2;-15,2127334;-56,50419616;SPRF-MT;DEL01-MT;UOP01-DEL01-MT
631332;29/09/2024;domingo;07:25:00;PR;376;130;NOVA ESPERANCA;Condutor Dormindo;Saída de leito carroçável;Com Vítimas Feridas;Pleno dia;Crescente;Céu Claro;Dupla;Aclive;Não;1;0;1;0;0;0;1;1;-23,17504848;-52,23423918;SPRF-PR;DEL09-PR;UOP02-DEL09-PR
631334;29/09/2024;domingo;07:30:00;MG;40;735,1;SANTOS DUMONT;Curva acentuada;Saída de leito carroçável;Com Vítimas Feridas;Pleno dia;Crescente;Céu Claro;Simples;Curva;Não;3;0;3;0;0;0;3;1;-21,37012696;-43,57558994;SPRF-MG;DEL05-MG;UOP01-DEL05-MG
631335;29/09/2024;domingo;05:30:00;BA;101;747;ITABELA;Curva acentuada;Tombamento;Com Vítimas Feridas;Pleno dia;Decrescente;Céu Claro;Simples;"Curva;Declive";Não;1;0;0;1;0;0;1;1;-16,744017;-39,454727;SPRF-BA;DEL09-BA;UOP01-DEL09-BA