id;data_inversa;dia_semana;horario;uf;br;km;municipio;causa_acidente;tipo_acidente;classificacao_acidente;fase_dia;sentido_via;condicao_metereologica;tipo_pista;tracado_via;uso_solo;pessoas;mortos;feridos_leves;feridos_graves;ilesos;ignorados;feridos;veiculos;latitude;longitude;regional;delegacia;uop
631336;29/09/2024;domingo;01:00:00;RJ;40;122;DUQUE DE CAXIAS;Demais falhas mecânicas ou elétricas;Colisão com objeto;Com Vítimas Feridas;Plena Noite;Decrescente;Céu Claro;Múltipla;Reta;Não;2;0;2;0;0;0;2;1;-22,79083113;-43,28611569;SPRF-RJ;DEL01-RJ;UOP02-DEL01-RJ
631337;29/09/2024;domingo;02:58:00;RO;364;351;JI-PARANA;Animais na Pista;Atropelamento de Animal;Com Vítimas Feridas;Plena Noite;Decrescente;Céu Claro;Simples;Reta;Não;1;0;0;1;0;0;1;1;-10,84031861;-62,00639574;SPRF-RO;DEL02-RO;UOP01-DEL02-RO
631340;29/09/2024;domingo;08:50:00;BA;116;421;FEIRA DE SANTANA;Acessar a via sem observar a presença dos outros veículos;Colisão lateral mesmo sentido;Com Vítimas Feridas;Pleno dia;Decrescente;Nublado;Dupla;Reta;Sim;3;0;2;0;1;0;2;2;-12,211936;-38,96567;SPRF-BA;DEL02-BA;UOP01-DEL02-BA
631342;29/09/2024;domingo;04:30:00;MA;135;190,9;SAO MATEUS DO MARANHAO;Condutor deixou de manter distância do veículo da frente;Colisão com objeto;Com Vítimas Fatais;Plena Noite;Crescente;Céu Claro;Simples;Reta;Sim;1;1;0;0;0;0;0;1;-4,10940899;-44,47204083;SPRF-MA;DEL03-MA;UOP01-DEL03-MA
631343;24/08/2024;sábado;20:30:00;SP;101;49;UBATUBA;Ultrapassagem Indevida;Colisão frontal;Com Vítimas Feridas;Plena Noite;Crescente;Nublado;Simples;Reta;Sim;3;0;1;0;1;1;1;3;-23,44410908;-45,08375708;SPRF-SP;DEL06-SP;UOP01-DEL06-SP
631344;29/09/2024;domingo;09:30:00;BA;116;420;FEIRA DE SANTANA;Condutor deixou de manter distância do veículo da frente;Engavetamento;Com Vítimas Feridas;Pleno dia;Decrescente;Nublado;Dupla;Reta;Sim;4;0;1;0;3;0;1;4;-12,20321398;-38,96555531;SPRF-BA;DEL02-BA;UOP01-DEL02-BA
631346;24/09/2024;terça-feira;13:25:00;MG;381;502;BETIM;Ausência de reação do condutor;Tombamento;Com Vítimas Feridas;Pleno dia;Decrescente;Céu Claro;Múltipla;Reta;Sim;1;0;0;1;0;0;1;1;-20,01980677;-44,22855377;SPRF-MG;DEL01-MG;UOP03-DEL01-MG
631347;29/09/2024;domingo;10:00:00;PR;369;123;JATAIZINHO;Manobra de mudança de faixa;Saída de leito carroçável;Com Vítimas Feridas;Pleno dia;Crescente;Céu Claro;Dupla;"Reta;Aclive";Não;3;0;2;0;1;0;2;1;-23,28451064;-50,94386101;SPRF-PR;DEL07-PR;UOP05-DEL07-PR
631348;29/09/2024;domingo;09:50:00;PR;376;304;MAUA DA SERRA;Ausência de reação do condutor;Tombamento;Com Vítimas Feridas;Pleno dia;Decrescente;Céu Claro;Dupla;"Curva;Aclive";Não;2;0;2;0;0;0;2;1;-23,93197549;-51,12916946;SPRF-PR;DEL07-PR;UOP02-DEL07-PR
631349;29/09/2024;domingo;09:00:00;SP;381;50;ATIBAIA;Ingestão de álcool pelo condutor;Tombamento;Com Vítimas Feridas;Pleno dia;Crescente;Céu Claro;Simples;Reta;Sim;1;0;1;0;0;0;1;1;-23,21359807;-46,59367981;SPRF-SP;DEL03-SP;UOP01-DEL03-SP
631350;29/09/2024;domingo;10:06:00;ES;101;146;LINHARES;Velocidade Incompatível;Colisão traseira;Com Vítimas Feridas;Pleno dia;Crescente;Nublado;Dupla;Reta;Sim;2;0;1;0;1;0;1;2;-19,36468674;-40,06503582;SPRF-ES;DEL04-ES;UOP01-DEL04-ES
631351;29/09/2024;domingo;10:45:00;RJ;116;142;DUQUE DE CAXIAS;Ausência de reação do condutor;Queda de ocupante de veículo;Com Vítimas Feridas;Pleno dia;Decrescente;Céu Claro;Dupla;Reta;Sim;1;0;1;0;0;0;1;1;-22,64876087;-43,23031638;SPRF-RJ;DEL01-RJ;UOP02-DEL01-RJ
631352;29/09/2024;domingo;11:15:00;PR;376;242,1;APUCARANA;Velocidade Incompatível;Tombamento;Com Vítimas Feridas;Pleno dia;Decrescente;Céu Claro;Dupla;Curva;Sim;1;0;1;0;0;0;1;1;-23,58054376;-51,43596583;SPRF-PR;DEL07-PR;UOP03-DEL07-PR
631353;29/09/2024;domingo;10:30:00;RN;226;3;NATAL;Transitar no Acostamento;Colisão lateral mesmo sentido;Com Vítimas Feridas;Pleno dia;Crescente;Céu Claro;Simples;Interseção de Vias;Não;2;0;1;0;1;0;1;2;-5,82085671;-35,25187091;SPRF-RN;DEL01-RN;UOP02-DEL01-RN
631354;29/09/2024;domingo;11:40:00;MG;381;641,2;SANTO ANTONIO DO AMPARO;Ausência de reação do condutor;Saída de leito carroçável;Com Vítimas Feridas;Pleno dia;Crescente;Céu Claro;Dupla;Reta;Não;5;0;1;3;0;1;4;3;-20,908059;-44,860599;SPRF-MG;DEL04-MG;UOP01-DEL04-MG
631355;28/09/2024;sábado;21:40:00;GO;70;163;JARAGUA;Avarias e/ou desgaste excessivo no pneu;Saída de leito carroçável;Com Vítimas Fatais;Plena Noite;Crescente;Chuva;Simples;"Declive;Reta;Ponte";Não;1;1;0;0;0;0;0;1;-15,91346078;-49,58747864;SPRF-GO;DEL02-GO;UOP02-DEL02-GO
631356;29/09/2024;domingo;07:50:00;RS;386;130;SARANDI;Transitar na contramão;Colisão frontal;Com Vítimas Feridas;Pleno dia;Decrescente;Céu Claro;Simples;Reta;Sim;4;0;3;0;0;1;3;3;-27,937862;-52,948528;SPRF-RS;DEL08-RS;UOP01-DEL08-RS
631357;29/09/2024;domingo;12:00:00;RS;386;349,2;LAJEADO;Acessar a via sem observar a presença dos outros veículos;Colisão traseira;Com Vítimas Feridas;Pleno dia;Decrescente;Céu Claro;Simples;"Ponte;Em Obras;Reta";Sim;4;0;2;0;2;0;2;3;-29,465483;-51,95509;SPRF-RS;DEL04-RS;UOP01-DEL04-RS
631359;23/08/2024;sexta-feira;16:30:00;PR;376;303;MAUA DA SERRA;Chuva;Tombamento;Com Vítimas Feridas;Pleno dia;Crescente;Chuva;Dupla;"Declive;Curva";Não;1;0;0;1;0;0;1;1;-23,94940698;-51,11940888;SPRF-PR;DEL07-PR;UOP02-DEL07-PR
631360;29/09/2024;domingo;12:50:00;SP;381;71;MAIRIPORA;Demais falhas mecânicas ou elétricas;Tombamento;Com Vítimas Feridas;Pleno dia;Decrescente;Céu Claro;Múltipla;"Curva;Declive";Não;2;0;1;1;0;0;2;1;-23,35047979;-46,55267274;SPRF-SP;DEL03-SP;UOP01-DEL03-SP
631361;29/09/2024;domingo;12:50:00;SC;101;217,8;PALHOCA;Entrada inopinada do pedestre;Atropelamento de Pedestre;Com Vítimas Feridas;Pleno dia;Decrescente;Sol;Dupla;Reta;Sim;2;0;0;2;0;0;2;2;-27,66779034;-48,67393586;SPRF-SC;DEL01-SC;UOP02-DEL01-SC
631364;29/09/2024;domingo;13:30:00;GO;40;5,5;VALPARAISO DE GOIAS;Reação tardia ou ineficiente do condutor;Colisão traseira;Com Vítimas Feridas;Pleno dia;Decrescente;Céu Claro;Dupla;Reta;Sim;4;0;1;0;3;0;1;3;-16,093134;-47,982236;SPRF-DF;DEL01-DF;UOP01-DEL01-DF
631365;29/09/2024;domingo;09:00:00;GO;452;27;RIO VERDE;Reação tardia ou ineficiente do condutor;Capotamento;Com Vítimas Feridas;Pleno dia;Crescente;Sol;Simples;Reta;Não;1;0;0;1;0;0;1;1;-17,88924191;-50,67112898;SPRF-GO;DEL04-GO;UOP01-DEL04-GO
631367;29/09/2024;domingo;13:25:00;PE;101;80;JABOATAO DOS GUARARAPES;Ausência de reação do condutor;Colisão traseira;Com Vítimas Feridas;Pleno dia;Decrescente;Céu Claro;Dupla;Reta;Sim;3;0;1;0;2;0;1;2;-8,15112589;-34,9428866;SPRF-PE;DEL01-PE;UOP01-DEL01-PE
631368;29/09/2024;domingo;14:10:00;MG;40;796,5;JUIZ DE FORA;Reação tardia ou ineficiente do condutor;Queda de ocupante de veículo;Com Vítimas Feridas;Pleno dia;Crescente;Céu Claro;Dupla;Curva;Não;2;0;1;0;1;0;1;1;-21,81119295;-43,394771;SPRF-MG;DEL05-MG;UOP01-DEL05-MG
631369;29/09/2024;domingo;13:50:00;RS;290;108;ELDORADO DO SUL;Desrespeitar a preferência no cruzamento;Colisão transversal;Com Vítimas Feridas;Pleno dia;Decrescente;Sol;Dupla;Reta;Sim;1;0;1;0;0;0;1;1;-30,006546;-51,312927;SPRF-RS;DEL02-RS;UOP01-DEL02-RS
631372;29/09/2024;domingo;14:00:00;SC;101;404;ARARANGUA;Condutor deixou de manter distância do veículo da frente;Colisão traseira;Sem Vítimas;Pleno dia;Crescente;Céu Claro;Dupla;Reta;Não;2;0;0;0;2;0;0;2;-28,87801417;-49,45745479;SPRF-SC;DEL02-SC;UOP02-DEL02-SC
631373;29/09/2024;domingo;14:45:00;SC;101;43;PALHOCA;Manobra de mudança de faixa;Colisão lateral mesmo sentido;Com Vítimas Feridas;Pleno dia;Crescente;Céu Claro;Dupla;Curva;Não;4;0;2;2;0;0;4;2;-27,6427;-48,6695;SPRF-SC;DEL01-SC;UOP02-DEL01-SC
631374;29/09/2024;domingo;14:00:00;AL;101;190;JUNQUEIRO;Condutor deixou de manter distância do veículo da frente;Colisão traseira;Com Vítimas Feridas;Pleno dia;Decrescente;Céu Claro;Simples;Reta;Sim;2;0;1;0;0;1;1;2;-9,92466195;-36,47137449;SPRF-AL;DEL02-AL;UOP02-DEL02-AL
631375;29/09/2024;domingo;13:33:00;PE;232;208;PESQUEIRA;Reação tardia ou ineficiente do condutor;Colisão traseira;Com Vítimas Fatais;Pleno dia;Crescente;Céu Claro;Simples;Reta;Sim;2;1;0;0;0;1;0;2;-8,36794109;-36,67972403;SPRF-PE;DEL03-PE;UOP02-DEL03-PE
631376;29/09/2024;domingo;15:17:00;SP;116;309;SAO LOURENCO DA SERRA;Demais falhas mecânicas ou elétricas;Incêndio;Sem Vítimas;Pleno dia;Decrescente;Céu Claro;Dupla;"Reta;Aclive";Sim;1;0;0;0;1;0;0;1;-23,86766013;-46,95354593;SPRF-SP;DEL04-SP;UOP01-DEL04-SP
631378;29/09/2024;domingo;15:00:00;RN;101;164;CANGUARETAMA;Entrada inopinada do pedestre;Colisão transversal;Com Vítimas Feridas;Pleno dia;Crescente;Céu Claro;Dupla;Reta;Não;2;0;1;0;1;0;1;2;-6,40133392;-35,13530586;SPRF-RN;DEL01-RN;UOP01-DEL01-RN
631379;29/09/2024;domingo;15:30:00;SP;116;224;GUARULHOS;Manobra de mudança de faixa;Colisão lateral mesmo sentido;Com Vítimas Feridas;Pleno dia;Crescente;Céu Claro;Múltipla;Reta;Sim;3;0;1;0;2;0;1;3;-23,48071896;-46,53271603;SPRF-SP;DEL01-SP;UOP01-DEL01-SP
631380;29/06/2024;sábado;19:50:00;PR;476;154;ARAUCARIA;Área urbana sem a presença de local apropriado para a travessia de pedestres;Atropelamento de Pedestre;Com Vítimas Feridas;Plena Noite;Crescente;Céu Claro;Simples;Reta;Sim;2;0;0;1;1;0;1;2;-25,58665485;-49,40426033;SPRF-PR;DEL01-PR;UOP06-DEL01-PR
631381;29/09/2024;domingo;15:40:00;PR;369;202,5;APUCARANA;Entrada inopinada do pedestre;Atropelamento de Pedestre;Com Vítimas Feridas;Pleno dia;Crescente;Sol;Simples;Reta;Sim;3;0;0;1;2;0;1;2;-23,546908;-51,4519465;SPRF-PR;DEL07-PR;UOP03-DEL07-PR
631382;28/09/2024;sábado;12:30:00;MA;316;180;ZE DOCA;Conversão proibida;Colisão transversal;Com Vítimas Fatais;Pleno dia;Decrescente;Céu Claro;Simples;"Reta;Interseção de Vias";Sim;3;1;0;0;0;2;0;3;-3,115709;-45,642311;SPRF-MA;DEL02-MA;UOP02-DEL02-MA
631383;29/09/2024;domingo;12:19:00;MA;135;71;SANTA RITA;Reação tardia ou ineficiente do condutor;Tombamento;Com Vítimas Fatais;Pleno dia;Crescente;Céu Claro;Simples;Reta;Sim;2;1;0;0;0;1;0;2;-3,14970425;-44,32934734;SPRF-MA;DEL01-MA;UOP02-DEL01-MA
631384;29/09/2024;domingo;14:30:00;PR;277;94;CURITIBA;Condutor deixou de manter distância do veículo da frente;Colisão traseira;Sem Vítimas;Pleno dia;Decrescente;Céu Claro;Dupla;Reta;Sim;2;0;0;0;2;0;0;2;-25,55282988;-49,27722493;SPRF-PR;DEL01-PR;UOP06-DEL01-PR
631385;29/09/2024;domingo;14:30:00;RJ;116;81;TERESOPOLIS;Desrespeitar a preferência no cruzamento;Colisão transversal;Com Vítimas Feridas;Pleno dia;Decrescente;Céu Claro;Simples;Reta;Sim;4;0;2;0;1;1;2;2;-22,39843405;-42,95507553;SPRF-RJ;DEL04-RJ;UOP01-DEL04-RJ
631386;29/09/2024;domingo;15:30:00;SP;116;82,9;ROSEIRA;Ingestão de álcool pelo condutor;Colisão lateral mesmo sentido;Sem Vítimas;Pleno dia;Crescente;Sol;Dupla;Reta;Não;3;0;0;0;3;0;0;3;-22,90918532;-45,31883185;SPRF-SP;DEL08-SP;UOP01-DEL08-SP
631387;29/09/2024;domingo;16:25:00;PB;230;12;CABEDELO;Acessar a via sem observar a presença dos outros veículos;Colisão transversal;Sem Vítimas;Pleno dia;Crescente;Céu Claro;Dupla;Retorno Regulamentado;Sim;3;0;0;0;3;0;0;2;-7,07306176;-34,84977007;SPRF-PB;DEL01-PB;UOP01-DEL01-PB
631388;29/09/2024;domingo;11:40:00;RO;425;16;PORTO VELHO;Reação tardia ou ineficiente do condutor;Saída de leito carroçável;Com Vítimas Fatais;Pleno dia;Crescente;Céu Claro;Simples;Reta;Não;1;1;0;0;0;0;0;1;-9,729914;-65,240166;SPRF-RO;DEL01-RO;UOP03-DEL01-RO
631389;25/09/2024;quarta-feira;22:30:00;RJ;493;0;ITABORAI;Iluminação deficiente;Colisão transversal;Com Vítimas Feridas;Plena Noite;Crescente;Nublado;Dupla;Reta;Sim;2;0;1;0;1;0;1;2;-22,77062;-42,92223;SPRF-RJ;DEL02-RJ;UOP02-DEL02-RJ
631390;29/09/2024;domingo;14:40:00;AL;101;174;TEOTONIO VILELA;Ultrapassagem Indevida;Colisão frontal;Sem Vítimas;Pleno dia;Crescente;Céu Claro;Dupla;Reta;Não;2;0;0;0;2;0;0;2;-9,90270371;-36,35878384;SPRF-AL;DEL02-AL;UOP02-DEL02-AL
631391;29/09/2024;domingo;13:35:00;MG;116;704,6;MURIAE;Conversão proibida;Colisão lateral mesmo sentido;Com Vítimas Feridas;Pleno dia;Crescente;Nublado;Simples;Reta;Sim;3;0;1;2;0;0;3;2;-21,13416858;-42,38722798;SPRF-MG;DEL07-MG;UOP02-DEL07-MG
631392;29/09/2024;domingo;16:15:00;PR;277;115;CAMPO LARGO;Pedestre cruzava a pista fora da faixa;Atropelamento de Pedestre;Com Vítimas Feridas;Pleno dia;Crescente;Céu Claro;Dupla;Reta;Não;4;0;0;1;2;1;1;2;-25,4333;-49,437;SPRF-PR;DEL03-PR;UOP03-DEL03-PR
631393;29/09/2024;domingo;11:10:00;MG;116;681,3;MIRADOURO;Condutor Dormindo;Colisão com objeto;Com Vítimas Feridas;Pleno dia;Decrescente;Sol;Simples;Reta;Não;2;0;1;0;1;0;1;1;-20,95501741;-42,35017061;SPRF-MG;DEL07-MG;UOP02-DEL07-MG
631395;29/09/2024;domingo;16:30:00;MG;40;787;JUIZ DE FORA;Mal súbito do condutor;Colisão com objeto;Com Vítimas Fatais;Pleno dia;Decrescente;Céu Claro;Dupla;Curva;Não;4;1;0;2;0;1;2;3;-21,73607735;-43,44262787;SPRF-MG;DEL05-MG;UOP01-DEL05-MG
631396;29/09/2024;domingo;16:30:00;MG;381;494;BETIM;Ausência de reação do condutor;Tombamento;Com Vítimas Feridas;Pleno dia;Crescente;Céu Claro;Múltipla;Reta;Não;1;0;0;1;0;0;1;1;-19,985563;-44,20318;SPRF-MG;DEL01-MG;UOP03-DEL01-MG
631397;21/09/2024;sábado;15:40:00;MA;10;321,5;ACAILANDIA;Transitar na contramão;Colisão transversal;Com Vítimas Feridas;Pleno dia;Crescente;Céu Claro;Simples;"Reta;Interseção de Vias";Sim;2;0;0;1;0;1;1;2;-4,943377;-47,503078;SPRF-MA;DEL04-MA;UOP03-DEL04-MA
631398;29/09/2024;domingo;10:00:00;BA;235;40;PEDRO ALEXANDRE;Ausência de reação do condutor;Queda de ocupante de veículo;Com Vítimas Fatais;Pleno dia;Crescente;Céu Claro;Simples;Reta;Não;1;1;0;0;0;0;0;1;-10,11107577;-38,01014896;SPRF-SE;DEL01-SE;UOP02-DEL01-SE
631399;29/09/2024;domingo;13:40:00;SE;235;108;CARIRA;Reação tardia ou ineficiente do condutor;Queda de ocupante de veículo;Com Vítimas Feridas;Pleno dia;Crescente;Céu Claro;Simples;Reta;Não;1;0;0;1;0;0;1;1;-10,354251;-37,703625;SPRF-SE;DEL01-SE;UOP02-DEL01-SE
631400;29/09/2024;domingo;11:50:00;SC;280;224,7;TRES BARRAS;Transitar na contramão;Colisão frontal;Com Vítimas Fatais;Pleno dia;Crescente;Céu Claro;Simples;"Reta;Declive";Não;2;1;0;1;0;0;1;2;-26,17564862;-50,30522972;SPRF-SC;DEL06-SC;UOP04-DEL06-SC
631401;29/09/2024;domingo;16:25:00;SC;101;38,3;PALHOCA;Ingestão de álcool pelo condutor;Saída de leito carroçável;Com Vítimas Feridas;Pleno dia;Decrescente;Céu Claro;Dupla;"Túnel;Curva";Não;3;0;1;0;2;0;1;3;-27,6427;-48,6695;SPRF-SC;DEL01-SC;UOP02-DEL01-SC
631402;29/09/2024;domingo;16:35:00;SC;101;148;ITAPEMA;Acessar a via sem observar a presença dos outros veículos;Tombamento;Com Vítimas Feridas;Pleno dia;Crescente;Céu Claro;Múltipla;Reta;Sim;1;0;1;0;0;0;1;1;-27,10123686;-48,61807962;SPRF-SC;DEL04-SC;UOP03-DEL04-SC
631403;29/09/2024;domingo;17:00:00;SC;101;145;ITAPEMA;Trafegar com motocicleta (ou similar) entre as faixas;Colisão lateral mesmo sentido;Com Vítimas Feridas;Pleno dia;Decrescente;Céu Claro;Dupla;Reta;Sim;2;0;1;0;1;0;1;2;-27,08139206;-48,60130993;SPRF-SC;DEL04-SC;UOP03-DEL04-SC
631404;29/09/2024;domingo;17:01:00;SC;101;133;BALNEARIO CAMBORIU;Reação tardia ou ineficiente do condutor;Colisão traseira;Com Vítimas Feridas;Pleno dia;Decrescente;Céu Claro;Múltipla;Reta;Sim;3;0;1;0;2;0;1;2;-26,99936;-48,64609;SPRF-SC;DEL04-SC;UOP03-DEL04-SC
631405;29/09/2024;domingo;15:20:00;PR;376;392;IMBAU;Reação tardia ou ineficiente do condutor;Colisão com objeto;Sem Vítimas;Pleno dia;Crescente;Céu Claro;Dupla;"Curva;Aclive";Não;1;0;0;0;1;0;0;1;-24,494826;-50,725645;SPRF-PR;DEL03-PR;UOP02-DEL03-PR
631406;29/06/2024;sábado;18:00:00;MG;116;112,6;ITAOBIM;Reação tardia ou ineficiente do condutor;Atropelamento de Pedestre;Com Vítimas Feridas;Anoitecer;Decrescente;Ignorado;Simples;"Reta;Aclive";Não;2;0;1;0;0;1;1;2;-16,53047105;-41,50536963;SPRF-MG;DEL11-MG;UOP02-DEL11-MG
631407;29/09/2024;domingo;17:35:00;SC;101;151;ITAPEMA;Trafegar com motocicleta (ou similar) entre as faixas;Colisão lateral mesmo sentido;Com Vítimas Feridas;Pleno dia;Decrescente;Céu Claro;Múltipla;Reta;Sim;3;0;2;0;1;0;2;2;-27,126536;-48,609642;SPRF-SC;DEL04-SC;UOP03-DEL04-SC
631408;29/09/2024;domingo;13:00:00;AP;156;185;MAZAGAO;Acumulo de areia ou detritos sobre o pavimento;Saída de leito carroçável;Com Vítimas Fatais;Pleno dia;Crescente;Céu Claro;Simples;Declive;Não;3;1;2;0;0;0;2;1;0,14035131;-51,6060254;SPRF-AP;DEL01-AP;UOP01-DEL01-AP
631409;29/09/2024;domingo;17:20:00;PR;277;660,4;MATELANDIA;Manobra de mudança de faixa;Colisão lateral mesmo sentido;Com Vítimas Feridas;Pleno dia;Decrescente;Céu Claro;Dupla;Reta;Não;2;0;1;0;1;0;1;2;-25,25136237;-53,99027796;SPRF-PR;DEL05-PR;UOP02-DEL05-PR
631410;29/09/2024;domingo;17:30:00;GO;60;104;GOIANAPOLIS;Suicídio (presumido);Saída de leito carroçável;Com Vítimas Feridas;Anoitecer;Crescente;Céu Claro;Dupla;Declive;Não;1;0;1;0;0;0;1;1;-16,4118;-49,0004;SPRF-GO;DEL02-GO;UOP01-DEL02-GO
631411;29/09/2024;domingo;16:50:00;SC;470;64;INDAIAL;Ausência de reação do condutor;Colisão lateral mesmo sentido;Com Vítimas Feridas;Pleno dia;Decrescente;Céu Claro;Simples;"Declive;Reta";Sim;3;0;1;1;0;1;2;2;-26,869867;-49,201859;SPRF-SC;DEL04-SC;UOP01-DEL04-SC
631412;29/09/2024;domingo;17:35:00;TO;10;456;PALMAS;Manobra de mudança de faixa;Colisão traseira;Com Vítimas Feridas;Pleno dia;Crescente;Céu Claro;Múltipla;"Reta;Retorno Regulamentado";Não;4;0;0;1;3;0;1;2;-10,291512;-48,297232;SPRF-TO;DEL01-TO;UOP03-DEL01-TO
631414;29/09/2024;domingo;17:15:00;RS;471;463;RIO GRANDE;Acessar a via sem observar a presença dos outros veículos;Colisão transversal;Com Vítimas Feridas;Pleno dia;Decrescente;Céu Claro;Simples;Reta;Não;9;0;1;0;8;0;1;2;-32,091064;-52,304703;SPRF-RS;DEL07-RS;UOP02-DEL07-RS
631416;29/09/2024;domingo;17:30:00;RJ;101;308;SAO GONCALO;Ausência de reação do condutor;Tombamento;Com Vítimas Feridas;Anoitecer;Crescente;Céu Claro;Dupla;Reta;Sim;1;0;1;0;0;0;1;1;-22,79309326;-43,02479595;SPRF-RJ;DEL02-RJ;UOP02-DEL02-RJ
631418;01/09/2024;domingo;21:20:00;MG;381;506;BETIM;Animais na Pista;Atropelamento de Animal;Com Vítimas Feridas;Plena Noite;Crescente;Céu Claro;Dupla;"Reta;Declive";Sim;2;0;1;0;1;0;1;2;-20,03865624;-44,25541878;SPRF-MG;DEL01-MG;UOP03-DEL01-MG
631419;29/09/2024;domingo;15:13:00;PE;232;539;TERRA NOVA;Ausência de reação do condutor;Colisão traseira;Sem Vítimas;Pleno dia;Crescente;Céu Claro;Simples;"Reta;Ponte";Não;8;0;0;0;7;1;0;3;-8,08082802;-39,39592399;SPRF-PE;DEL05-PE;UOP01-DEL05-PE
631422;29/09/2024;domingo;18:00:00;PB;230;290;SANTA LUZIA;Transitar na contramão;Colisão frontal;Com Vítimas Feridas;Anoitecer;Decrescente;Céu Claro;Simples;Reta;Sim;3;0;2;1;0;0;3;2;-6,8742;-36,9085;SPRF-PB;DEL03-PB;UOP01-DEL03-PB
631423;29/09/2024;domingo;18:30:00;PB;101;84,6;BAYEUX;Ausência de reação do condutor;Engavetamento;Com Vítimas Feridas;Plena Noite;Decrescente;Céu Claro;Dupla;Reta;Sim;4;0;2;0;1;1;2;3;-7,13957906;-34,92312806;SPRF-PB;DEL01-PB;UOP01-DEL01-PB
631424;29/09/2024;domingo;14:00:00;RO;364;1048,3;PORTO VELHO;Ingestão de álcool pelo condutor;Saída de leito carroçável;Com Vítimas Fatais;Pleno dia;Decrescente;Sol;Simples;Reta;Não;2;1;1;0;0;0;1;1;-9,78694237;-66,45466094;SPRF-AC;DEL01-AC;UOP03-DEL01-AC
631426;29/09/2024;domingo;17:20:00;RR;174;555;BOA VISTA;Avarias e/ou desgaste excessivo no pneu;Queda de ocupante de veículo;Com Vítimas Feridas;Pleno dia;Decrescente;Céu Claro;Simples;Reta;Não;2;0;2;0;0;0;2;1;3,227851;-60,839937;SPRF-RR;DEL01-RR;UOP01-DEL01-RR
631427;29/09/2024;domingo;18:35:00;GO;153;502;GOIANIA;Acessar a via sem observar a presença dos outros veículos;Colisão lateral mesmo sentido;Com Vítimas Feridas;Plena Noite;Crescente;Céu Claro;Dupla;Reta;Sim;3;0;0;1;2;0;1;2;-16,7287;-49,2424;SPRF-GO;DEL01-GO;UOP01-DEL01-GO
631430;29/09/2024;domingo;19:12:00;SC;101;210;SAO JOSE;Demais falhas mecânicas ou elétricas;Queda de ocupante de veículo;Com Vítimas Feridas;Plena Noite;Crescente;Céu Claro;Múltipla;Reta;Sim;2;0;1;0;1;0;1;1;-27,6167305;-48,6457265;SPRF-SC;DEL01-SC;UOP01-DEL01-SC
631431;29/09/2024;domingo;14:30:00;SC;282;259,4;SAO JOSE DO CERRITO;Acessar a via sem observar a presença dos outros veículos;Colisão transversal;Sem Vítimas;Pleno dia;Decrescente;Sol;Simples;Reta;Sim;2;0;0;0;2;0;0;2;-27,653334;-50,59449;SPRF-SC;DEL05-SC;UOP02-DEL05-SC
631432;29/09/2024;domingo;08:10:00;BA;101;905;IBIRAPUA;Ausência de reação do condutor;Saída de leito carroçável;Com Vítimas Feridas;Pleno dia;Decrescente;Garoa/Chuvisco;Simples;"Curva;Declive";Não;2;0;2;0;0;0;2;1;-17,77051134;-39,77535725;SPRF-BA;DEL09-BA;UOP02-DEL09-BA
631433;29/09/2024;domingo;18:15:00;AL;316;136,3;ESTRELA DE ALAGOAS;Manobra de mudança de faixa;Colisão transversal;Com Vítimas Fatais;Plena Noite;Decrescente;Céu Claro;Simples;"Reta;Declive";Não;5;1;0;0;4;0;0;2;-9,38897356;-36,79409402;SPRF-AL;DEL03-AL;UOP01-DEL03-AL
631434;29/09/2024;domingo;18:10:00;PE;316;310;FLORESTA;Animais na Pista;Atropelamento de Animal;Com Vítimas Feridas;Plena Noite;Decrescente;Céu Claro;Simples;"Reta;Aclive";Não;3;0;1;0;2;0;1;1;-8,659762;-38,548362;SPRF-PE;DEL04-PE;UOP03-DEL04-PE
631435;29/09/2024;domingo;18:48:00;PR;277;693;SAO MIGUEL DO IGUACU;Ausência de reação do condutor;Sinistro pessoal de trânsito;Sem Vítimas;Plena Noite;Crescente;Céu Claro;Dupla;Reta;Não;2;0;0;0;1;1;0;2;-25,37239725;-54,27033988;SPRF-PR;DEL05-PR;UOP01-DEL05-PR
631436;29/09/2024;domingo;16:40:00;RJ;101;294;ITABORAI;Velocidade Incompatível;Colisão traseira;Com Vítimas Feridas;Pleno dia;Crescente;Céu Claro;Dupla;Reta;Sim;2;0;0;1;0;1;1;2;-22,76072894;-42,89867163;SPRF-RJ;DEL02-RJ;UOP02-DEL02-RJ
631437;29/09/2024;domingo;17:00:00;RJ;493;0,8;ITABORAI;Condutor deixou de manter distância do veículo da frente;Colisão traseira;Com Vítimas Feridas;Pleno dia;Crescente;Céu Claro;Simples;Curva;Sim;4;0;1;0;3;0;1;4;-22,77062;-42,92223;SPRF-RJ;DEL02-RJ;UOP02-DEL02-RJ
631438;29/09/2024;domingo;18:50:00;RS;290;25,9;SANTO ANTONIO DA PATRULHA;Condutor deixou de manter distância do veículo da frente;Colisão traseira;Com Vítimas Feridas;Plena Noite;Crescente;Céu Claro;Dupla;Reta;Não;3;0;2;0;0;1;2;2;-29,880135;-50,514297;SPRF-RS;DEL03-RS;UOP01-DEL03-RS
631439;13/03/2024;quarta-feira;18:50:00;BA;30;717,1;BOA NOVA;Transitar na contramão;Colisão lateral sentido oposto;Com Vítimas Fatais;Plena Noite;Crescente;Céu Claro;Simples;"Aclive;Curva";Não;2;1;0;0;1;0;0;2;-14,374796;-40,255903;SPRF-BA;DEL05-BA;UOP01-DEL05-BA