id;data_inversa;dia_semana;horario;uf;br;km;municipio;causa_acidente;tipo_acidente;classificacao_acidente;fase_dia;sentido_via;condicao_metereologica;tipo_pista;tracado_via;uso_solo;pessoas;mortos;feridos_leves;feridos_graves;ilesos;ignorados;feridos;veiculos;latitude;longitude;regional;delegacia;uop
631440;29/09/2024;domingo;16:50:00;PE;101;99;CABO DE SANTO AGOSTINHO;Acesso irregular;Colisão transversal;Com Vítimas Feridas;Anoitecer;Decrescente;Céu Claro;Dupla;Reta;Não;5;0;0;2;3;0;2;2;-8,25099;-35,01426;SPRF-PE;DEL01-PE;UOP03-DEL01-PE
631441;29/09/2024;domingo;19:05:00;RS;158;328;SANTA MARIA;Ingestão de álcool pelo condutor;Engavetamento;Sem Vítimas;Plena Noite;Decrescente;Céu Claro;Dupla;"Reta;Em Obras";Sim;4;0;0;0;4;0;0;3;-29,70670137;-53,82851243;SPRF-RS;DEL09-RS;UOP01-DEL09-RS
631442;29/09/2024;domingo;17:40:00;SC;101;381;ICARA;Declive acentuado;Queda de ocupante de veículo;Com Vítimas Feridas;Anoitecer;Crescente;Nublado;Simples;Aclive;Sim;2;0;1;0;1;0;1;1;-28,75478409;-49,27732095;SPRF-SC;DEL02-SC;UOP02-DEL02-SC
631443;29/09/2024;domingo;19:20:00;SP;116;145;SAO JOSE DOS CAMPOS;Condutor deixou de manter distância do veículo da frente;Engavetamento;Com Vítimas Feridas;Plena Noite;Crescente;Céu Claro;Múltipla;Reta;Sim;4;0;1;0;3;0;1;2;-23,1869844;-45,8548078;SPRF-SP;DEL02-SP;UOP01-DEL02-SP
631444;29/09/2024;domingo;18:00:00;MS;163;476;CAMPO GRANDE;Acessar a via sem observar a presença dos outros veículos;Colisão transversal;Com Vítimas Feridas;Plena Noite;Decrescente;Céu Claro;Simples;"Reta;Interseção de Vias";Sim;4;0;1;0;3;0;1;2;-20,513807;-54,562403;SPRF-MS;DEL01-MS;UOP01-DEL01-MS
631445;29/09/2024;domingo;19:15:00;RS;386;402;MONTENEGRO;Acessar a via sem observar a presença dos outros veículos;Colisão transversal;Com Vítimas Feridas;Plena Noite;Decrescente;Céu Claro;Simples;Reta;Sim;5;0;2;3;0;0;5;2;-29,762325;-51,585972;SPRF-RS;DEL04-RS;UOP02-DEL04-RS
631446;29/09/2024;domingo;18:45:00;RS;386;321,1;MARQUES DE SOUZA;Acessar a via sem observar a presença dos outros veículos;Colisão transversal;Sem Vítimas;Plena Noite;Crescente;Céu Claro;Simples;Curva;Não;2;0;0;0;1;1;0;2;-29,28949;-52,119026;SPRF-RS;DEL04-RS;UOP01-DEL04-RS
631447;29/09/2024;domingo;19:20:00;BA;116;822;VITORIA DA CONQUISTA;Acessar a via sem observar a presença dos outros veículos;Colisão lateral mesmo sentido;Com Vítimas Feridas;Plena Noite;Crescente;Céu Claro;Dupla;Reta;Não;2;0;1;0;1;0;1;2;-14,80363418;-40,78042987;SPRF-BA;DEL08-BA;UOP01-DEL08-BA
631448;29/09/2024;domingo;19:10:00;SP;381;17;BRAGANCA PAULISTA;Avarias e/ou desgaste excessivo no pneu;Tombamento;Com Vítimas Feridas;Plena Noite;Decrescente;Céu Claro;Dupla;Reta;Não;2;0;2;0;0;0;2;1;-22,96631992;-46,48449317;SPRF-SP;DEL03-SP;UOP02-DEL03-SP
631449;29/09/2024;domingo;19:15:00;PE;101;67,7;RECIFE;Condutor deixou de manter distância do veículo da frente;Colisão traseira;Com Vítimas Feridas;Plena Noite;Crescente;Céu Claro;Dupla;Reta;Sim;4;0;3;1;0;0;4;2;-8,042334;-34,943096;SPRF-PE;DEL01-PE;UOP01-DEL01-PE
631450;29/09/2024;domingo;18:23:00;RS;470;228;GARIBALDI;Condutor deixou de manter distância do veículo da frente;Colisão lateral mesmo sentido;Com Vítimas Feridas;Anoitecer;Crescente;Céu Claro;Dupla;Curva;Não;3;0;0;1;2;0;1;2;-29,21759706;-51,51703722;SPRF-RS;DEL06-RS;UOP01-DEL06-RS
631451;29/09/2024;domingo;19:15:00;PE;104;65,5;CARUARU;Acessar a via sem observar a presença dos outros veículos;Colisão traseira;Com Vítimas Feridas;Plena Noite;Decrescente;Céu Claro;Múltipla;Reta;Sim;2;0;1;0;1;0;1;2;-8,27949815;-35,98126531;SPRF-PE;DEL02-PE;UOP01-DEL02-PE
631452;29/09/2024;domingo;18:10:00;SC;101;44;PALHOCA;Ingestão de álcool pelo condutor;Saída de leito carroçável;Com Vítimas Feridas;Pleno dia;Decrescente;Céu Claro;Dupla;Curva;Não;1;0;1;0;0;0;1;1;-27,6427;-48,6695;SPRF-SC;DEL01-SC;UOP02-DEL01-SC
631453;29/09/2024;domingo;18:04:00;MT;163;1053;MATUPA;Ingestão de álcool pelo condutor;Colisão traseira;Sem Vítimas;Plena Noite;Crescente;Céu Claro;Simples;Reta;Não;2;0;0;0;2;0;0;2;-10,18468505;-54,94532671;SPRF-MT;DEL06-MT;UOP03-DEL06-MT
631454;29/09/2024;domingo;08:00:00;ES;262;159;IBATIBA;Ausência de reação do condutor;Colisão traseira;Com Vítimas Feridas;Pleno dia;Crescente;Céu Claro;Simples;Reta;Sim;2;0;1;0;1;0;1;2;-20,23362208;-41,5053348;SPRF-ES;DEL01-ES;UOP02-DEL01-ES
631456;29/09/2024;domingo;18:45:00;MT;70;735;CACERES;Ingestão de álcool pelo condutor;Saída de leito carroçável;Com Vítimas Feridas;Plena Noite;Crescente;Céu Claro;Simples;Reta;Sim;2;0;1;0;1;0;1;1;-16,13514719;-57,65414854;SPRF-MT;DEL03-MT;UOP01-DEL03-MT
631457;29/09/2024;domingo;20:00:00;BA;324;614;SALVADOR;Transitar na contramão;Colisão frontal;Com Vítimas Feridas;Plena Noite;Decrescente;Chuva;Simples;Reta;Não;3;0;3;0;0;0;3;2;-12,8639793;-38,42370126;SPRF-BA;DEL01-BA;UOP01-DEL01-BA
631459;29/09/2024;domingo;18:00:00;MT;163;1053;MATUPA;Ausência de reação do condutor;Colisão traseira;Com Vítimas Feridas;Anoitecer;Crescente;Céu Claro;Simples;"Reta;Aclive";Não;2;0;0;1;1;0;1;2;-10,06275453;-54,90699257;SPRF-MT;DEL06-MT;UOP03-DEL06-MT
631460;29/09/2024;domingo;19:30:00;PR;272;409;JANIOPOLIS;Transitar na contramão;Colisão frontal;Com Vítimas Feridas;Plena Noite;Decrescente;Céu Claro;Simples;Reta;Não;3;0;0;2;1;0;2;2;-24,132627;-52,773735;SPRF-PR;DEL09-PR;UOP03-DEL09-PR
631461;29/09/2024;domingo;19:00:00;PE;232;179;BELO JARDIM;Ingestão de álcool pelo condutor;Colisão traseira;Sem Vítimas;Plena Noite;Crescente;Céu Claro;Simples;Reta;Não;3;0;0;0;3;0;0;2;-8,34353242;-36,4199731;SPRF-PE;DEL03-PE;UOP02-DEL03-PE
631462;29/09/2024;domingo;18:40:00;MG;146;486;POCOS DE CALDAS;Transitar na contramão;Colisão frontal;Com Vítimas Feridas;Plena Noite;Decrescente;Céu Claro;Simples;Reta;Não;4;0;1;1;2;0;2;2;-21,806628;-46,490587;SPRF-MG;DEL09-MG;UOP01-DEL09-MG
631463;29/09/2024;domingo;20:00:00;GO;153;375;SAO FRANCISCO DE GOIAS;Ultrapassagem Indevida;Engavetamento;Com Vítimas Feridas;Pleno dia;Crescente;Céu Claro;Simples;"Aclive;Reta";Não;8;0;3;1;3;1;4;5;-15,868184;-49,255489;SPRF-GO;DEL02-GO;UOP02-DEL02-GO
631464;29/09/2024;domingo;20:00:00;ES;101;424,5;ATILIO VIVACQUA;Ingestão de álcool pelo condutor;Colisão com objeto;Com Vítimas Feridas;Plena Noite;Crescente;Céu Claro;Simples;"Ponte;Reta";Não;1;0;1;0;0;0;1;1;-20,9947948;-41,12521918;SPRF-ES;DEL03-ES;UOP02-DEL03-ES
631465;29/09/2024;domingo;18:20:00;GO;80;132;BARRO ALTO;Ingestão de álcool pelo condutor;Colisão transversal;Com Vítimas Feridas;Anoitecer;Crescente;Ignorado;Simples;Reta;Sim;4;0;2;0;2;0;2;2;-14,96767163;-48,93138885;SPRF-GO;DEL07-GO;UOP02-DEL07-GO
631466;29/09/2024;domingo;19:28:00;SP;116;57,2;GUARATINGUETA;Manobra de mudança de faixa;Tombamento;Com Vítimas Feridas;Anoitecer;Crescente;Céu Claro;Dupla;Reta;Sim;1;0;1;0;0;0;1;1;-22,77454618;-45,13807087;SPRF-SP;DEL08-SP;UOP01-DEL08-SP
631468;29/09/2024;domingo;19:49:00;TO;242;302;PEIXE;Animais na Pista;Atropelamento de Animal;Com Vítimas Feridas;Plena Noite;Decrescente;Céu Claro;Simples;Reta;Não;1;0;1;0;0;0;1;1;-12,10488199;-48,52943586;SPRF-TO;DEL01-TO;UOP02-DEL01-TO
631469;29/09/2024;domingo;20:00:00;ES;101;136;LINHARES;Acessar a via sem observar a presença dos outros veículos;Colisão transversal;Com Vítimas Feridas;Plena Noite;Decrescente;Chuva;Simples;"Reta;Interseção de Vias";Não;2;0;0;1;0;1;1;2;-19,28406301;-40,08688713;SPRF-ES;DEL04-ES;UOP01-DEL04-ES
631470;29/09/2024;domingo;18:40:00;ES;101;70,2;SAO MATEUS;Acesso irregular;Colisão frontal;Com Vítimas Feridas;Plena Noite;Decrescente;Chuva;Simples;Reta;Não;2;0;0;1;1;0;1;2;-18,74453703;-39,86164665;SPRF-ES;DEL04-ES;UOP02-DEL04-ES
631471;29/09/2024;domingo;18:00:00;RJ;101;144;MACAE;Ingestão de álcool pelo condutor;Saída de leito carroçável;Com Vítimas Feridas;Anoitecer;Decrescente;Nublado;Dupla;"Curva;Viaduto;Retorno Regulamentado;Rotatória";Não;1;0;1;0;0;0;1;1;-22,21662602;-41,75620615;SPRF-RJ;DEL08-RJ;UOP04-DEL08-RJ
631472;17/09/2024;terça-feira;09:39:00;MT;163;833,2;SINOP;Frear bruscamente;Engavetamento;Sem Vítimas;Pleno dia;Crescente;Céu Claro;Dupla;Reta;Sim;3;0;0;0;3;0;0;3;-12,004832;-55,51713;SPRF-MT;DEL06-MT;UOP02-DEL06-MT
631473;29/09/2024;domingo;21:30:00;SP;101;47,4;UBATUBA;Condutor deixou de manter distância do veículo da frente;Colisão traseira;Com Vítimas Feridas;Plena Noite;Decrescente;Nublado;Simples;Reta;Sim;3;0;1;0;2;0;1;2;-23,429897;-45,082436;SPRF-SP;DEL06-SP;UOP01-DEL06-SP
631474;29/09/2024;domingo;20:15:00;MS;163;250;DOURADOS;Manobra de mudança de faixa;Colisão lateral sentido oposto;Com Vítimas Feridas;Plena Noite;Crescente;Céu Claro;Simples;Reta;Não;5;0;4;1;0;0;5;2;-22,30589498;-54,8205117;SPRF-MS;DEL04-MS;UOP02-DEL04-MS
631475;29/09/2024;domingo;18:00:00;BA;110;168;RIBEIRA DO POMBAL;Ausência de reação do condutor;Queda de ocupante de veículo;Com Vítimas Feridas;Plena Noite;Crescente;Céu Claro;Simples;Reta;Não;2;0;1;1;0;0;2;1;-10,789865;-38,5206767;SPRF-BA;DEL07-BA;UOP02-DEL07-BA
631476;29/09/2024;domingo;20:35:00;RS;468;105,5;TRES PASSOS;Ingestão de álcool pelo condutor;Tombamento;Com Vítimas Feridas;Plena Noite;Decrescente;Céu Claro;Simples;Reta;Não;1;0;1;0;0;0;1;1;-27,44375401;-53,94975605;SPRF-RS;DEL08-RS;UOP02-DEL08-RS
631478;29/09/2024;domingo;21:05:00;PR;277;452,2;LARANJEIRAS DO SUL;Ingestão de álcool pelo condutor;Colisão transversal;Sem Vítimas;Plena Noite;Decrescente;Céu Claro;Simples;"Aclive;Reta";Sim;3;0;0;0;2;1;0;2;-25,37841366;-52,39626646;SPRF-PR;DEL04-PR;UOP02-DEL04-PR
631479;29/09/2024;domingo;21:00:00;RN;110;45,8;MOSSORO;Conversão proibida;Colisão transversal;Sem Vítimas;Plena Noite;Crescente;Céu Claro;Simples;Reta;Sim;2;0;0;0;1;1;0;2;-5,19257993;-37,31114905;SPRF-RN;DEL04-RN;UOP01-DEL04-RN
631480;29/09/2024;domingo;21:00:00;BA;110;292;INHAMBUPE;Ausência de reação do condutor;Queda de ocupante de veículo;Com Vítimas Fatais;Plena Noite;Crescente;Chuva;Simples;Declive;Não;2;1;0;0;0;1;0;1;-11,83728499;-38,3644771;SPRF-BA;DEL01-BA;UOP04-DEL01-BA
631481;29/09/2024;domingo;19:15:00;SP;153;37,7;ONDA VERDE;Ingestão de álcool pelo condutor;Saída de leito carroçável;Sem Vítimas;Plena Noite;Crescente;Nublado;Simples;Reta;Não;2;0;0;0;2;0;0;1;-20,59800483;-49,31715452;SPRF-SP;DEL09-SP;UOP01-DEL09-SP
631482;29/09/2024;domingo;21:10:00;MG;40;486,5;SETE LAGOAS;Ausência de reação do condutor;Saída de leito carroçável;Com Vítimas Feridas;Plena Noite;Decrescente;Céu Claro;Dupla;"Reta;Aclive";Não;2;0;2;0;0;0;2;1;-19,59226794;-44,22611669;SPRF-MG;DEL02-MG;UOP01-DEL02-MG
631483;29/09/2024;domingo;16:35:00;SC;282;590,1;SAUDADES;Retorno proibido;Colisão transversal;Com Vítimas Feridas;Pleno dia;Crescente;Céu Claro;Simples;"Aclive;Reta";Não;3;0;0;1;2;0;1;2;-26,825788;-53,072556;SPRF-SC;DEL07-SC;UOP02-DEL07-SC
631484;29/09/2024;domingo;20:30:00;PI;343;0,5;TERESINA;Pista esburacada;Queda de ocupante de veículo;Com Vítimas Feridas;Plena Noite;Decrescente;Chuva;Múltipla;Reta;Sim;2;0;2;0;0;0;2;1;-5,089569;-42,802288;SPRF-PI;DEL01-PI;UOP01-DEL01-PI
631485;29/09/2024;domingo;22:25:00;RN;101;97;NATAL;Reação tardia ou ineficiente do condutor;Colisão traseira;Com Vítimas Feridas;Plena Noite;Crescente;Céu Claro;Dupla;Reta;Sim;2;0;1;0;1;0;1;2;-5,85758898;-35,21271205;SPRF-RN;DEL01-RN;UOP01-DEL01-RN
631486;29/09/2024;domingo;21:00:00;MT;163;830;SINOP;Acessar a via sem observar a presença dos outros veículos;Colisão transversal;Sem Vítimas;Plena Noite;Decrescente;Ignorado;Dupla;Rotatória;Sim;2;0;0;0;1;1;0;2;-11,892721;-55,503241;SPRF-MT;DEL06-MT;UOP02-DEL06-MT
631487;29/09/2024;domingo;22:23:00;SP;116;301,5;SAO LOURENCO DA SERRA;Ausência de reação do condutor;Capotamento;Com Vítimas Feridas;Plena Noite;Crescente;Garoa/Chuvisco;Dupla;Curva;Não;1;0;1;0;0;0;1;1;-23,81147602;-46,92298208;SPRF-SP;DEL04-SP;UOP01-DEL04-SP
631489;29/09/2024;domingo;19:20:00;GO;153;662;GOIATUBA;Condutor Dormindo;Saída de leito carroçável;Com Vítimas Feridas;Plena Noite;Crescente;Vento;Dupla;Reta;Sim;1;0;1;0;0;0;1;1;-18,05695;-49,2695531;SPRF-GO;DEL03-GO;UOP02-DEL03-GO
631490;29/09/2024;domingo;20:30:00;RO;364;238,1;CACOAL;Condutor deixou de manter distância do veículo da frente;Colisão traseira;Com Vítimas Feridas;Plena Noite;Crescente;Céu Claro;Simples;"Reta;Interseção de Vias";Sim;7;0;0;2;5;0;2;2;-11,43798576;-61,45584583;SPRF-RO;DEL02-RO;UOP02-DEL02-RO
631491;29/09/2024;domingo;18:00:00;MG;116;471,5;TARUMIRIM;Ultrapassagem Indevida;Saída de leito carroçável;Sem Vítimas;Plena Noite;Crescente;Céu Claro;Simples;Reta;Não;2;0;0;0;1;1;0;2;-19,32538599;-42,07393491;SPRF-MG;DEL06-MG;UOP02-DEL06-MG
631492;29/09/2024;domingo;20:45:00;GO;153;682;ITUMBIARA;Ausência de reação do condutor;Saída de leito carroçável;Sem Vítimas;Plena Noite;Decrescente;Céu Claro;Dupla;Retorno Regulamentado;Não;1;0;0;0;0;1;0;1;-18,2401;-49,2569;SPRF-GO;DEL03-GO;UOP02-DEL03-GO
631493;29/09/2024;domingo;20:36:00;PB;230;461,7;SOUSA;Pedestre cruzava a pista fora da faixa;Atropelamento de Pedestre;Com Vítimas Fatais;Plena Noite;Decrescente;Céu Claro;Simples;Reta;Sim;2;1;0;0;0;1;0;2;-6,7753;-38,2061;SPRF-PB;DEL03-PB;UOP03-DEL03-PB
631494;29/09/2024;domingo;22:28:00;GO;70;9;AGUAS LINDAS DE GOIAS;Reação tardia ou ineficiente do condutor;Colisão traseira;Com Vítimas Feridas;Plena Noite;Crescente;Céu Claro;Múltipla;Reta;Não;3;0;1;0;2;0;1;2;-15,73576731;-48,28288046;SPRF-DF;DEL03-DF;UOP02-DEL03-DF
631495;29/09/2024;domingo;23:05:00;SP;116;159;JACAREI;Ausência de reação do condutor;Saída de leito carroçável;Com Vítimas Feridas;Pleno dia;Crescente;Céu Claro;Dupla;Reta;Sim;2;0;1;0;1;0;1;1;-23,26585409;-45,95983994;SPRF-SP;DEL02-SP;UOP01-DEL02-SP
631496;30/09/2024;segunda-feira;00:01:00;SC;470;52;BLUMENAU;Reação tardia ou ineficiente do condutor;Tombamento;Com Vítimas Feridas;Plena Noite;Crescente;Céu Claro;Simples;Reta;Sim;1;0;1;0;0;0;1;1;-26,862763;-49,096666;SPRF-SC;DEL04-SC;UOP01-DEL04-SC
631497;29/09/2024;domingo;22:22:00;MT;163;838;SINOP;Manobra de mudança de faixa;Colisão lateral mesmo sentido;Com Vítimas Feridas;Plena Noite;Crescente;Céu Claro;Simples;Retorno Regulamentado;Sim;2;0;1;0;0;1;1;2;-11,82620757;-55,4859907;SPRF-MT;DEL06-MT;UOP02-DEL06-MT
631500;29/09/2024;domingo;23:30:00;RJ;116;172,9;SAO JOAO DE MERITI;Ausência de reação do condutor;Queda de ocupante de veículo;Com Vítimas Feridas;Plena Noite;Crescente;Céu Claro;Dupla;Curva;Não;2;0;1;1;0;0;2;1;-22,80188151;-43,35043673;SPRF-RJ;DEL06-RJ;UOP01-DEL06-RJ
631501;30/09/2024;segunda-feira;00:35:00;SC;470;2;NAVEGANTES;Reação tardia ou ineficiente do condutor;Saída de leito carroçável;Com Vítimas Feridas;Plena Noite;Crescente;Céu Claro;Dupla;Em Obras;Sim;1;0;0;1;0;0;1;1;-26,868551;-48,674831;SPRF-SC;DEL04-SC;UOP04-DEL04-SC
631503;30/09/2024;segunda-feira;00:38:00;PI;230;306,9;FLORIANO;Reação tardia ou ineficiente do condutor;Saída de leito carroçável;Com Vítimas Feridas;Plena Noite;Crescente;Céu Claro;Dupla;Curva;Sim;1;0;0;1;0;0;1;1;-6,79173488;-42,98594092;SPRF-PI;DEL03-PI;UOP01-DEL03-PI
631504;29/09/2024;domingo;22:40:00;PI;316;3;TERESINA;Velocidade Incompatível;Colisão com objeto;Com Vítimas Feridas;Plena Noite;Decrescente;Céu Claro;Dupla;Curva;Sim;1;0;0;1;0;0;1;1;-5,12826443;-42,79292384;SPRF-PI;DEL01-PI;UOP02-DEL01-PI
631506;30/09/2024;segunda-feira;01:30:00;PE;232;130;CARUARU;Demais falhas mecânicas ou elétricas;Queda de ocupante de veículo;Com Vítimas Feridas;Plena Noite;Decrescente;Chuva;Dupla;Viaduto;Sim;1;0;1;0;0;0;1;1;-8,29983303;-35,989662;SPRF-PE;DEL02-PE;UOP01-DEL02-PE
631507;29/09/2024;domingo;21:30:00;MG;116;349;JAMPRUCA;Transitar na contramão;Colisão frontal;Com Vítimas Fatais;Plena Noite;Decrescente;Nublado;Simples;Reta;Não;2;1;0;0;1;0;0;2;-18,38547913;-41,80428743;SPRF-MG;DEL11-MG;UOP01-DEL11-MG
631508;30/09/2024;segunda-feira;02:00:00;RN;101;99;NATAL;Ausência de reação do condutor;Colisão com objeto;Com Vítimas Feridas;Pleno dia;Decrescente;Céu Claro;Dupla;Curva;Sim;1;0;1;0;0;0;1;1;-5,87359183;-35,22063023;SPRF-RN;DEL01-RN;UOP01-DEL01-RN
631510;29/09/2024;domingo;01:45:00;PR;376;285,9;MAUA DA SERRA;Demais falhas mecânicas ou elétricas;Incêndio;Com Vítimas Feridas;Plena Noite;Decrescente;Céu Claro;Dupla;Curva;Não;1;0;1;0;0;0;1;1;-23,88477919;-51,23838004;SPRF-PR;DEL07-PR;UOP02-DEL07-PR
631511;30/09/2024;segunda-feira;03:15:00;PR;116;59;CAMPINA GRANDE DO SUL;Reação tardia ou ineficiente do condutor;Saída de leito carroçável;Com Vítimas Feridas;Plena Noite;Crescente;Nublado;Dupla;"Curva;Declive";Não;6;0;0;2;3;1;2;2;-25,30335724;-48,94378885;SPRF-PR;DEL01-PR;UOP02-DEL01-PR
631512;30/09/2024;segunda-feira;02:30:00;PA;230;119;MARABA;Reação tardia ou ineficiente do condutor;Colisão com objeto;Com Vítimas Feridas;Plena Noite;Crescente;Céu Claro;Dupla;Reta;Sim;2;0;2;0;0;0;2;1;-5,350407;-49,105981;SPRF-PA;DEL03-PA;UOP01-DEL03-PA
631513;29/09/2024;domingo;23:47:00;SC;116;58,6;PAPANDUVA;Ultrapassagem Indevida;Colisão lateral mesmo sentido;Com Vítimas Fatais;Plena Noite;Crescente;Céu Claro;Simples;"Reta;Declive";Não;4;1;1;1;0;1;2;3;-26,378573;-50,203207;SPRF-SC;DEL06-SC;UOP02-DEL06-SC
631516;30/09/2024;segunda-feira;04:00:00;MA;230;16;BARAO DE GRAJAU;Reação tardia ou ineficiente do condutor;Saída de leito carroçável;Com Vítimas Feridas;Plena Noite;Decrescente;Céu Claro;Simples;Reta;Não;3;0;0;3;0;0;3;1;-6,71494009;-43,14286805;SPRF-PI;DEL03-PI;UOP01-DEL03-PI
631517;30/09/2024;segunda-feira;00:30:00;CE;230;51,6;LAVRAS DA MANGABEIRA;Ingestão de álcool pelo condutor;Queda de ocupante de veículo;Com Vítimas Feridas;Plena Noite;Decrescente;Céu Claro;Simples;Declive;Não;2;0;1;1;0;0;2;1;-6,76759248;-39,05677591;SPRF-CE;DEL05-CE;UOP01-DEL05-CE
631519;30/09/2024;segunda-feira;02:00:00;SP;116;224;GUARULHOS;Ausência de reação do condutor;Colisão com objeto;Sem Vítimas;Plena Noite;Decrescente;Céu Claro;Dupla;Reta;Não;1;0;0;0;0;1;0;1;-23,48071896;-46,53271603;SPRF-SP;DEL01-SP;UOP01-DEL01-SP
631520;30/09/2024;segunda-feira;05:10:00;RS;386;350,2;LAJEADO;Acumulo de areia ou detritos sobre o pavimento;Tombamento;Com Vítimas Feridas;Amanhecer;Crescente;Céu Claro;Simples;Ponte;Não;1;0;1;0;0;0;1;1;-29,4743;-51,952923;SPRF-RS;DEL04-RS;UOP01-DEL04-RS
631521;30/09/2024;segunda-feira;04:30:00;SC;470;119;IBIRAMA;Pista Escorregadia;Tombamento;Com Vítimas Feridas;Plena Noite;Crescente;Céu Claro;Simples;Curva;Não;1;0;1;0;0;0;1;1;-27,081554;-49,520206;SPRF-SC;DEL04-SC;UOP02-DEL04-SC
631522;30/09/2024;segunda-feira;06:30:00;GO;60;95;ANAPOLIS;Animais na Pista;Atropelamento de Animal;Sem Vítimas;Pleno dia;Decrescente;Céu Claro;Simples;Reta;Sim;1;0;0;0;1;0;0;1;-16,3679;-48,939;SPRF-GO;DEL02-GO;UOP01-DEL02-GO
631523;29/09/2024;domingo;15:00:00;GO;80;131;BARRO ALTO;Velocidade Incompatível;Capotamento;Com Vítimas Feridas;Pleno dia;Decrescente;Céu Claro;Dupla;"Curva;Declive";Sim;3;0;1;2;0;0;3;1;-14,98334634;-48,92635345;SPRF-GO;DEL07-GO;UOP02-DEL07-GO
631525;30/09/2024;segunda-feira;04:45:00;SC;470;51,8;BLUMENAU;Velocidade Incompatível;Saída de leito carroçável;Com Vítimas Feridas;Anoitecer;Crescente;Nublado;Dupla;Em Obras;Não;2;0;1;0;1;0;1;1;-26,862339;-49,084038;SPRF-SC;DEL04-SC;UOP01-DEL04-SC
631526;30/09/2024;segunda-feira;00:20:00;PR;277;5,5;PARANAGUA;Acumulo de óleo sobre o pavimento;Saída de leito carroçável;Sem Vítimas;Plena Noite;Crescente;Céu Claro;Dupla;Reta;Sim;1;0;0;0;1;0;0;1;-25,5205;-48,5095;SPRF-PR;DEL01-PR;UOP05-DEL01-PR
631527;30/09/2024;segunda-feira;04:40:00;MS;262;159,1;RIBAS DO RIO PARDO;Ultrapassagem Indevida;Colisão frontal;Com Vítimas Feridas;Amanhecer;Decrescente;Céu Claro;Simples;Reta;Não;5;0;4;0;1;0;4;3;-20,45473015;-53,01584503;SPRF-MS;DEL07-MS;UOP02-DEL07-MS
631529;29/09/2024;domingo;22:30:00;MG;40;282;TRES MARIAS;Ausência de reação do condutor;Colisão traseira;Com Vítimas Feridas;Plena Noite;Crescente;Céu Claro;Simples;"Reta;Aclive";Sim;3;0;2;0;0;1;2;2;-18,24923582;-45,20220684;SPRF-MG;DEL14-MG;UOP02-DEL14-MG
631530;30/09/2024;segunda-feira;04:00:00;RJ;101;509;ANGRA DOS REIS;Reação tardia ou ineficiente do condutor;Capotamento;Com Vítimas Feridas;Amanhecer;Crescente;Céu Claro;Simples;Curva;Sim;3;0;1;0;2;0;1;1;-22,944515;-44,431107;SPRF-RJ;DEL03-RJ;UOP03-DEL03-RJ
631531;30/09/2024;segunda-feira;01:00:00;RS;285;34,4;BOM JESUS;Ingestão de álcool pelo condutor;Saída de leito carroçável;Sem Vítimas;Plena Noite;Crescente;Céu Claro;Simples;Reta;Não;3;0;0;0;3;0;0;1;-28,70557;-50,207253;SPRF-RS;DEL05-RS;UOP03-DEL05-RS
631532;30/09/2024;segunda-feira;07:20:00;RS;116;142,5;CAXIAS DO SUL;Trafegar com motocicleta (ou similar) entre as faixas;Atropelamento de Pedestre;Com Vítimas Feridas;Pleno dia;Crescente;Céu Claro;Dupla;"Reta;Declive";Não;3;0;1;0;2;0;1;3;-29,11727;-51,115208;SPRF-RS;DEL05-RS;UOP01-DEL05-RS
631533;30/09/2024;segunda-feira;06:25:00;SC;282;410;CATANDUVAS;Desrespeitar a preferência no cruzamento;Colisão transversal;Com Vítimas Feridas;Pleno dia;Decrescente;Céu Claro;Simples;"Retorno Regulamentado;Rotatória";Sim;6;0;3;0;3;0;3;2;-27,06711972;-51,66332066;SPRF-SC;DEL07-SC;UOP05-DEL07-SC
631534;14/09/2024;sábado;20:43:00;ES;101;258,2;SERRA;Ausência de reação do condutor;Colisão traseira;Com Vítimas Feridas;Plena Noite;Crescente;Céu Claro;Dupla;Reta;Sim;2;0;0;1;1;0;1;2;-20,13059888;-40,2961019;SPRF-ES;DEL02-ES;UOP01-DEL02-ES
631537;30/09/2024;segunda-feira;06:30:00;SC;153;94,2;CONCORDIA;Acesso irregular;Colisão transversal;Com Vítimas Feridas;Amanhecer;Crescente;Céu Claro;Simples;Curva;Não;2;0;1;0;1;0;1;2;-27,200716;-51,940483;SPRF-SC;DEL07-SC;UOP04-DEL07-SC
631539;30/09/2024;segunda-feira;06:45:00;SC;116;12,3;MAFRA;Acessar a via sem observar a presença dos outros veículos;Colisão transversal;Com Vítimas Feridas;Pleno dia;Crescente;Céu Claro;Simples;Interseção de Vias;Não;3;0;1;1;1;0;2;2;-26,17979702;-49,87107933;SPRF-SC;DEL06-SC;UOP01-DEL06-SC
631541;30/09/2024;segunda-feira;07:00:00;ES;101;262,9;SERRA;Ausência de reação do condutor;Queda de ocupante de veículo;Com Vítimas Fatais;Pleno dia;Crescente;Chuva;Simples;Reta;Não;2;2;0;0;0;0;0;1;-20,1572331;-40,27678329;SPRF-ES;DEL02-ES;UOP01-DEL02-ES
631543;30/09/2024;segunda-feira;05:30:00;PI;316;31;DEMERVAL LOBAO;Transitar na contramão;Colisão frontal;Com Vítimas Feridas;Amanhecer;Decrescente;Céu Claro;Múltipla;Reta;Sim;5;0;0;1;4;0;1;2;-5,33958796;-42,69400899;SPRF-PI;DEL01-PI;UOP02-DEL01-PI