id;data_inversa;dia_semana;horario;uf;br;km;municipio;causa_acidente;tipo_acidente;classificacao_acidente;fase_dia;sentido_via;condicao_metereologica;tipo_pista;tracado_via;uso_solo;pessoas;mortos;feridos_leves;feridos_graves;ilesos;ignorados;feridos;veiculos;latitude;longitude;regional;delegacia;uop
631774;01/10/2024;terça-feira;06:50:00;SP;116;142;SAO JOSE DOS CAMPOS;Reação tardia ou ineficiente do condutor;Colisão com objeto;Com Vítimas Feridas;Pleno dia;Crescente;Céu Claro;Dupla;Reta;Sim;1;0;1;0;0;0;1;1;-23,17426078;-45,82940111;SPRF-SP;DEL02-SP;UOP01-DEL02-SP
631775;01/10/2024;terça-feira;07:00:00;PB;230;27,9;JOAO PESSOA;Ausência de reação do condutor;Tombamento;Com Vítimas Feridas;Pleno dia;Decrescente;Céu Claro;Dupla;Reta;Não;2;0;2;0;0;0;2;1;-7,1651;-34,8941;SPRF-PB;DEL01-PB;UOP01-DEL01-PB
631777;01/10/2024;terça-feira;06:00:00;MG;459;28,9;CALDAS;Condutor Dormindo;Saída de leito carroçável;Com Vítimas Feridas;Amanhecer;Decrescente;Céu Claro;Simples;Curva;Não;2;0;1;0;0;1;1;2;-21,906012;-46,37886;SPRF-MG;DEL09-MG;UOP01-DEL09-MG
631778;15/09/2024;domingo;16:16:00;GO;80;371,9;SAO MIGUEL DO ARAGUAIA;Manobra de mudança de faixa;Saída de leito carroçável;Com Vítimas Feridas;Pleno dia;Crescente;Céu Claro;Simples;Reta;Não;3;0;1;2;0;0;3;1;-13,266;-50,1548;SPRF-GO;DEL07-GO;UOP01-DEL07-GO
631781;01/10/2024;terça-feira;07:50:00;RS;448;9;CANOAS;Acessar a via sem observar a presença dos outros veículos;Colisão traseira;Sem Vítimas;Pleno dia;Crescente;Céu Claro;Dupla;"Interseção de Vias;Curva";Não;3;0;0;0;3;0;0;2;-29,88085223;-51,23590361;SPRF-RS;DEL01-RS;UOP02-DEL01-RS
631782;01/10/2024;terça-feira;07:35:00;PR;277;104,3;CASCAVEL;Velocidade Incompatível;Capotamento;Com Vítimas Feridas;Pleno dia;Decrescente;Céu Claro;Dupla;Curva;Não;2;0;2;0;0;0;2;1;-24,9839179;-53,3731821;SPRF-PR;DEL03-PR;UOP03-DEL03-PR
631785;01/10/2024;terça-feira;07:50:00;PR;376;229,5;JANDAIA DO SUL;Condutor deixou de manter distância do veículo da frente;Colisão traseira;Sem Vítimas;Pleno dia;Decrescente;Sol;Simples;"Aclive;Reta";Não;2;0;0;0;2;0;0;2;-23,59177681;-51,65014547;SPRF-PR;DEL07-PR;UOP03-DEL07-PR
631787;01/10/2024;terça-feira;06:17:00;MT;163;604,9;NOVA MUTUM;Acumulo de areia ou detritos sobre o pavimento;Saída de leito carroçável;Com Vítimas Feridas;Pleno dia;Crescente;Céu Claro;Simples;Reta;Não;2;0;2;0;0;0;2;1;-13,74908319;-56,052598;SPRF-MT;DEL01-MT;UOP01-DEL01-MT
631792;24/09/2024;terça-feira;21:50:00;RS;392;351;SANTA MARIA;Acessar a via sem observar a presença dos outros veículos;Colisão transversal;Com Vítimas Feridas;Plena Noite;Crescente;Céu Claro;Simples;Reta;Sim;4;0;4;0;0;0;4;2;-29,7284269;-53,80323691;SPRF-RS;DEL09-RS;UOP01-DEL09-RS
631793;01/10/2024;terça-feira;08:45:00;CE;222;2,1;FORTALEZA;Manobra de mudança de faixa;Colisão traseira;Com Vítimas Feridas;Pleno dia;Crescente;Céu Claro;Múltipla;Reta;Sim;3;0;2;0;1;0;2;2;-3,73911117;-38,58687498;SPRF-CE;DEL01-CE;UOP01-DEL01-CE
631794;01/10/2024;terça-feira;07:30:00;SC;101;322;PESCARIA BRAVA;Ausência de reação do condutor;Tombamento;Com Vítimas Feridas;Pleno dia;Crescente;Céu Claro;Dupla;"Reta;Interseção de Vias";Sim;1;0;1;0;0;0;1;1;-28,42491971;-48,90238108;SPRF-SC;DEL02-SC;UOP01-DEL02-SC
631795;30/09/2024;segunda-feira;13:45:00;RS;290;480;ROSARIO DO SUL;Acessar a via sem observar a presença dos outros veículos;Colisão transversal;Com Vítimas Feridas;Pleno dia;Decrescente;Céu Claro;Simples;Rotatória;Sim;2;0;1;0;1;0;1;2;-30,242779;-54,919838;SPRF-RS;DEL11-RS;UOP02-DEL11-RS
631798;01/10/2024;terça-feira;09:15:00;GO;153;438,3;ANAPOLIS;Condutor deixou de manter distância do veículo da frente;Atropelamento de Pedestre;Com Vítimas Feridas;Pleno dia;Crescente;Céu Claro;Dupla;Reta;Sim;2;0;0;1;1;0;1;2;-16,291595;-48,934811;SPRF-GO;DEL02-GO;UOP01-DEL02-GO
631799;01/10/2024;terça-feira;08:30:00;RJ;101;79,9;CAMPOS DOS GOYTACAZES;Acessar a via sem observar a presença dos outros veículos;Colisão transversal;Com Vítimas Feridas;Pleno dia;Decrescente;Céu Claro;Simples;Reta;Sim;2;0;1;0;1;0;1;2;-21,83685554;-41,42866013;SPRF-RJ;DEL08-RJ;UOP02-DEL08-RJ
631800;01/10/2024;terça-feira;08:50:00;RJ;393;281;BARRA DO PIRAI;Reação tardia ou ineficiente do condutor;Engavetamento;Com Vítimas Feridas;Pleno dia;Crescente;Céu Claro;Simples;Reta;Sim;5;0;2;0;2;1;2;3;-22,4735065;-44,0584937;SPRF-RJ;DEL05-RJ;UOP04-DEL05-RJ
631801;01/10/2024;terça-feira;09:10:00;RJ;116;148;DUQUE DE CAXIAS;Ausência de reação do condutor;Queda de ocupante de veículo;Com Vítimas Feridas;Pleno dia;Decrescente;Céu Claro;Múltipla;Viaduto;Sim;1;0;0;1;0;0;1;1;-22,67197595;-43,28692245;SPRF-RJ;DEL01-RJ;UOP02-DEL01-RJ
631802;01/10/2024;terça-feira;10:00:00;SC;101;56,8;JOINVILLE;Conversão proibida;Colisão com objeto;Com Vítimas Feridas;Pleno dia;Crescente;Céu Claro;Múltipla;"Interseção de Vias;Reta";Não;3;0;2;0;1;0;2;2;-26,43207484;-48,82263984;SPRF-SC;DEL03-SC;UOP01-DEL03-SC
631804;01/10/2024;terça-feira;09:30:00;SC;101;126,7;ITAJAI;Condutor deixou de manter distância do veículo da frente;Colisão traseira;Com Vítimas Feridas;Pleno dia;Decrescente;Céu Claro;Dupla;Reta;Não;3;0;1;0;2;0;1;2;-26,95564404;-48,67978366;SPRF-SC;DEL04-SC;UOP04-DEL04-SC
631806;01/10/2024;terça-feira;10:30:00;PB;101;84;BAYEUX;Condutor deixou de manter distância do veículo da frente;Colisão traseira;Sem Vítimas;Pleno dia;Crescente;Sol;Dupla;Reta;Sim;3;0;0;0;3;0;0;3;-7,14478334;-34,9171257;SPRF-PB;DEL01-PB;UOP01-DEL01-PB
631808;01/10/2024;terça-feira;08:48:00;BA;324;1;FEIRA DE SANTANA;Acessar a via sem observar a presença dos outros veículos;Colisão lateral mesmo sentido;Com Vítimas Feridas;Pleno dia;Decrescente;Nublado;Dupla;Reta;Não;2;0;1;0;1;0;1;2;-12,267113;-38,966988;SPRF-BA;DEL02-BA;UOP01-DEL02-BA
631809;01/10/2024;terça-feira;09:30:00;SC;470;2;NAVEGANTES;Desrespeitar a preferência no cruzamento;Colisão transversal;Com Vítimas Feridas;Pleno dia;Decrescente;Céu Claro;Dupla;Em Obras;Sim;2;0;0;1;1;0;1;2;-26,875383;-48,668285;SPRF-SC;DEL04-SC;UOP04-DEL04-SC
631812;01/10/2024;terça-feira;10:00:00;RS;158;336;SANTA MARIA;Condutor Dormindo;Saída de leito carroçável;Com Vítimas Feridas;Pleno dia;Decrescente;Nublado;Simples;Reta;Não;1;0;1;0;0;0;1;1;-29,70868286;-53,88511485;SPRF-RS;DEL09-RS;UOP01-DEL09-RS
631817;01/10/2024;terça-feira;09:25:00;PR;376;675;GUARATUBA;Reação tardia ou ineficiente do condutor;Capotamento;Com Vítimas Feridas;Pleno dia;Decrescente;Sol;Dupla;Reta;Não;1;0;1;0;0;0;1;1;-25,91744399;-48,91940295;SPRF-PR;DEL01-PR;UOP04-DEL01-PR
631818;01/10/2024;terça-feira;10:20:00;RS;285;402,5;PANAMBI;Ultrapassagem Indevida;Saída de leito carroçável;Com Vítimas Feridas;Pleno dia;Crescente;Céu Claro;Simples;"Declive;Reta";Não;1;0;0;1;0;0;1;1;-28,379646;-53,372883;SPRF-RS;DEL10-RS;UOP02-DEL10-RS
631819;01/10/2024;terça-feira;11:00:00;PA;316;56;CASTANHAL;Ausência de reação do condutor;Colisão lateral mesmo sentido;Com Vítimas Feridas;Pleno dia;Decrescente;Sol;Dupla;Reta;Sim;4;0;2;0;1;1;2;3;-1,30296976;-47,99063907;SPRF-PA;DEL01-PA;UOP01-DEL01-PA
631820;01/10/2024;terça-feira;10:20:00;DF;60;2,5;BRASILIA;Acessar a via sem observar a presença dos outros veículos;Queda de ocupante de veículo;Com Vítimas Feridas;Pleno dia;Crescente;Céu Claro;Dupla;Reta;Não;1;0;1;0;0;0;1;1;-15,888288;-48,081077;SPRF-DF;DEL03-DF;UOP01-DEL03-DF
631824;01/10/2024;terça-feira;11:30:00;RJ;101;565;PARATY;Avarias e/ou desgaste excessivo no pneu;Colisão frontal;Com Vítimas Feridas;Pleno dia;Crescente;Céu Claro;Simples;Reta;Não;4;0;3;0;1;0;3;2;-23,151162;-44,69967999;SPRF-RJ;DEL03-RJ;UOP04-DEL03-RJ
631825;01/10/2024;terça-feira;11:33:00;SC;101;207;SAO JOSE;Trafegar com motocicleta (ou similar) entre as faixas;Colisão traseira;Com Vítimas Feridas;Pleno dia;Crescente;Céu Claro;Múltipla;Reta;Sim;2;0;1;0;1;0;1;2;-27,60001226;-48,6226467;SPRF-SC;DEL01-SC;UOP01-DEL01-SC
631827;01/10/2024;terça-feira;12:25:00;GO;60;93;ANAPOLIS;Ausência de reação do condutor;Colisão lateral mesmo sentido;Com Vítimas Feridas;Pleno dia;Decrescente;Céu Claro;Dupla;"Reta;Declive";Sim;2;0;0;1;1;0;1;2;-16,3538;-48,9268;SPRF-GO;DEL02-GO;UOP01-DEL02-GO
631830;01/10/2024;terça-feira;13:10:00;SC;280;126,2;RIO NEGRINHO;Acessar a via sem observar a presença dos outros veículos;Colisão transversal;Com Vítimas Feridas;Pleno dia;Crescente;Nublado;Simples;"Reta;Declive";Sim;2;0;1;0;1;0;1;2;-26,23810153;-49,49694872;SPRF-SC;DEL06-SC;UOP03-DEL06-SC
631831;01/10/2024;terça-feira;12:40:00;RJ;40;84;PETROPOLIS;Demais falhas mecânicas ou elétricas;Incêndio;Sem Vítimas;Pleno dia;Crescente;Céu Claro;Dupla;Reta;Sim;1;0;0;0;1;0;0;1;-22,52145512;-43,23707996;SPRF-RJ;DEL01-RJ;UOP01-DEL01-RJ
631832;01/10/2024;terça-feira;10:30:00;RS;285;121;VACARIA;Transitar na contramão;Colisão frontal;Com Vítimas Feridas;Pleno dia;Crescente;Céu Claro;Simples;Rotatória;Sim;2;0;1;0;1;0;1;2;-28,510252;-50,935688;SPRF-RS;DEL05-RS;UOP03-DEL05-RS
631835;01/10/2024;terça-feira;13:36:00;ES;101;267,3;SERRA;Reação tardia ou ineficiente do condutor;Colisão traseira;Com Vítimas Feridas;Pleno dia;Crescente;Céu Claro;Dupla;Reta;Sim;2;0;1;0;0;1;1;2;-20,19930999;-40,26884609;SPRF-ES;DEL02-ES;UOP01-DEL02-ES
631836;23/09/2024;segunda-feira;13:30:00;RJ;101;474;ANGRA DOS REIS;Demais Fenômenos da natureza;Eventos atípicos;Com Vítimas Feridas;Pleno dia;Crescente;Céu Claro;Simples;Reta;Sim;2;0;2;0;0;0;2;1;-22,99498627;-44,24919963;SPRF-RJ;DEL03-RJ;UOP03-DEL03-RJ
631837;30/09/2024;segunda-feira;04:30:00;MT;70;308;POXOREO;Animais na Pista;Atropelamento de Animal;Com Vítimas Feridas;Amanhecer;Crescente;Céu Claro;Simples;Reta;Não;1;0;1;0;0;0;1;1;-15,57234859;-54,53999106;SPRF-MT;DEL05-MT;UOP01-DEL05-MT
631839;01/10/2024;terça-feira;13:50:00;PE;232;70;GRAVATA;Condutor deixou de manter distância do veículo da frente;Colisão traseira;Sem Vítimas;Pleno dia;Crescente;Céu Claro;Dupla;"Reta;Túnel";Sim;2;0;0;0;2;0;0;2;-8,17704131;-35,48772812;SPRF-PE;DEL02-PE;UOP02-DEL02PE
631846;01/10/2024;terça-feira;14:30:00;SC;101;212;PALHOCA;Trafegar com motocicleta (ou similar) entre as faixas;Colisão traseira;Com Vítimas Feridas;Pleno dia;Decrescente;Céu Claro;Múltipla;Reta;Sim;3;0;1;0;2;0;1;3;-27,62996929;-48,65903871;SPRF-SC;DEL01-SC;UOP02-DEL01-SC
631847;09/09/2024;segunda-feira;20:15:00;SP;116;220;GUARULHOS;Mal súbito do condutor;Tombamento;Com Vítimas Feridas;Plena Noite;Crescente;Céu Claro;Dupla;Reta;Não;3;0;1;1;0;1;2;2;-23,46472809;-46,49793962;SPRF-SP;DEL01-SP;UOP01-DEL01-SP
631848;01/10/2024;terça-feira;13:45:00;PB;230;48,1;CRUZ DO ESPIRITO SANTO;Velocidade Incompatível;Colisão lateral mesmo sentido;Sem Vítimas;Pleno dia;Decrescente;Céu Claro;Dupla;Reta;Não;3;0;0;0;3;0;0;3;-7,174;-35,0397;SPRF-PB;DEL01-PB;UOP03-DEL01-PB
631850;01/10/2024;terça-feira;13:56:00;PE;116;23;SALGUEIRO;Ausência de reação do condutor;Queda de ocupante de veículo;Com Vítimas Feridas;Pleno dia;Decrescente;Céu Claro;Simples;Reta;Não;3;0;0;1;0;2;1;3;-8,043696;-39,138779;SPRF-PE;DEL05-PE;UOP01-DEL05-PE
631851;01/10/2024;terça-feira;12:45:00;SE;235;52;ITABAIANA;Desrespeitar a preferência no cruzamento;Colisão transversal;Com Vítimas Feridas;Pleno dia;Crescente;Céu Claro;Simples;Reta;Sim;2;0;1;0;1;0;1;2;-10,693279;-37,437557;SPRF-SE;DEL01-SE;UOP02-DEL01-SE
631852;01/10/2024;terça-feira;08:30:00;SC;101;331;TUBARAO;Desrespeitar a preferência no cruzamento;Colisão transversal;Com Vítimas Feridas;Pleno dia;Crescente;Céu Claro;Simples;Interseção de Vias;Sim;2;0;1;0;1;0;1;2;-28,45567521;-48,9812689;SPRF-SC;DEL02-SC;UOP01-DEL02-SC
631853;10/09/2024;terça-feira;06:26:00;MS;60;185;CAMAPUA;Ausência de reação do condutor;Saída de leito carroçável;Com Vítimas Feridas;Pleno dia;Crescente;Céu Claro;Simples;Reta;Não;2;0;1;0;1;0;1;1;-19,51839577;-53,94832666;SPRF-MS;DEL06-MS;UOP02-DEL06-MS
631854;01/10/2024;terça-feira;14:30:00;SP;116;222;GUARULHOS;Ausência de reação do condutor;Colisão transversal;Com Vítimas Feridas;Pleno dia;Decrescente;Céu Claro;Múltipla;Reta;Não;4;0;1;0;1;2;1;3;-23,47093408;-46,51631097;SPRF-SP;DEL01-SP;UOP01-DEL01-SP
631855;01/10/2024;terça-feira;14:10:00;PE;407;125,5;PETROLINA;Ingestão de álcool pelo condutor;Colisão traseira;Sem Vítimas;Pleno dia;Crescente;Céu Claro;Dupla;Reta;Sim;3;0;0;0;3;0;0;3;-9,37739336;-40,53595733;SPRF-PE;DEL06-PE;UOP01-DEL06-PE
631858;01/10/2024;terça-feira;13:15:00;BA;110;5,8;PAULO AFONSO;Manobra de mudança de faixa;Colisão transversal;Com Vítimas Feridas;Pleno dia;Crescente;Céu Claro;Simples;Curva;Não;15;0;5;2;8;0;7;2;-9,51447403;-38,21809076;SPRF-BA;DEL07-BA;UOP01-DEL07-BA
631859;01/10/2024;terça-feira;15:00:00;RS;448;18;CANOAS;Acumulo de água sobre o pavimento;Colisão com objeto;Sem Vítimas;Pleno dia;Decrescente;Chuva;Múltipla;Reta;Não;3;0;0;0;3;0;0;1;-29,944614;-51,204464;SPRF-RS;DEL01-RS;UOP01-DEL01-RS
631860;01/10/2024;terça-feira;15:45:00;PE;101;68,7;RECIFE;Demais falhas mecânicas ou elétricas;Tombamento;Com Vítimas Feridas;Pleno dia;Crescente;Céu Claro;Múltipla;Reta;Sim;2;0;2;0;0;0;2;1;-8,05598207;-34,95020699;SPRF-PE;DEL01-PE;UOP01-DEL01-PE
631862;01/10/2024;terça-feira;14:40:00;SP;116;282;EMBU DAS ARTES;Trafegar com motocicleta (ou similar) entre as faixas;Colisão lateral mesmo sentido;Com Vítimas Fatais;Pleno dia;Decrescente;Sol;Dupla;Reta;Sim;2;1;0;1;0;0;1;1;-23,66541721;-46,85430765;SPRF-SP;DEL04-SP;UOP01-DEL04-SP
631865;01/10/2024;terça-feira;14:35:00;BA;367;61,7;PORTO SEGURO;Condutor Dormindo;Colisão transversal;Com Vítimas Feridas;Pleno dia;Decrescente;Céu Claro;Simples;Reta;Sim;2;0;1;0;1;0;1;2;-16,39073805;-39,392441;SPRF-BA;DEL09-BA;UOP03-DEL09-BA
631866;01/10/2024;terça-feira;15:11:00;SP;116;155;SAO JOSE DOS CAMPOS;Reação tardia ou ineficiente do condutor;Tombamento;Com Vítimas Feridas;Pleno dia;Decrescente;Céu Claro;Dupla;Reta;Sim;2;0;2;0;0;0;2;1;-23,24524337;-45,92772774;SPRF-SP;DEL02-SP;UOP01-DEL02-SP
631867;27/07/2024;sábado;17:20:00;MG;365;25;MONTES CLAROS;Reação tardia ou ineficiente do condutor;Colisão lateral mesmo sentido;Com Vítimas Feridas;Pleno dia;Crescente;Sol;Simples;Reta;Não;6;0;1;1;4;0;2;2;-16,8557147;-44,06141289;SPRF-MG;DEL12-MG;UOP01-DEL12-MG
631868;01/10/2024;terça-feira;14:40:00;MG;251;494,2;FRANCISCO SA;Velocidade Incompatível;Saída de leito carroçável;Com Vítimas Feridas;Pleno dia;Decrescente;Sol;Simples;Reta;Não;1;0;1;0;0;0;1;1;-16,55575876;-43,6098222;SPRF-MG;DEL12-MG;UOP01-DEL12-MG
631871;01/10/2024;terça-feira;13:45:00;SC;101;99;BALNEARIO PICARRAS;Objeto estático sobre o leito carroçável;Queda de ocupante de veículo;Com Vítimas Feridas;Pleno dia;Decrescente;Sol;Múltipla;Reta;Não;1;0;1;0;0;0;1;1;-26,7471002;-48,69654831;SPRF-SC;DEL03-SC;UOP02-DEL03-SC
631872;01/10/2024;terça-feira;13:00:00;BA;235;348,4;JUAZEIRO;Manobra de mudança de faixa;Colisão lateral mesmo sentido;Sem Vítimas;Pleno dia;Crescente;Céu Claro;Simples;Reta;Sim;2;0;0;0;1;1;0;2;-9,43768463;-40,49797654;SPRF-PE;DEL06-PE;UOP01-DEL06-PE
631873;01/10/2024;terça-feira;16:57:00;RJ;465;2;SEROPEDICA;Acesso irregular;Colisão transversal;Com Vítimas Feridas;Pleno dia;Crescente;Sol;Simples;Reta;Não;3;0;0;2;1;0;2;2;-22,727266;-43,718712;SPRF-RJ;DEL06-RJ;UOP02-DEL06-RJ
631876;01/10/2024;terça-feira;17:00:00;PR;376;633;SAO JOSE DOS PINHAIS;Pista Escorregadia;Tombamento;Com Vítimas Feridas;Pleno dia;Crescente;Céu Claro;Dupla;"Reta;Viaduto";Não;1;0;1;0;0;0;1;1;-25,72171791;-49,13663976;SPRF-PR;DEL01-PR;UOP04-DEL01-PR
631877;01/10/2024;terça-feira;08:40:00;AC;364;306;SENA MADUREIRA;Acessar a via sem observar a presença dos outros veículos;Colisão transversal;Com Vítimas Feridas;Pleno dia;Crescente;Céu Claro;Simples;Reta;Não;3;0;1;0;2;0;1;2;-8,98837171;-68,94701714;SPRF-AC;DEL01-AC;UOP01-DEL01-AC
631878;01/10/2024;terça-feira;16:30:00;PR;369;149,1;LONDRINA;Ausência de reação do condutor;Colisão traseira;Com Vítimas Feridas;Pleno dia;Decrescente;Céu Claro;Dupla;Reta;Sim;3;0;2;0;1;0;2;2;-23,29283422;-51,15363938;SPRF-PR;DEL07-PR;UOP01-DEL07-PR
631879;01/10/2024;terça-feira;15:45:00;RJ;101;417;MANGARATIBA;Demais falhas mecânicas ou elétricas;Queda de ocupante de veículo;Com Vítimas Feridas;Pleno dia;Decrescente;Céu Claro;Simples;Reta;Sim;2;0;0;1;1;0;1;1;-22,91293797;-43,89732384;SPRF-RJ;DEL03-RJ;UOP02-DEL03-RJ
631880;01/10/2024;terça-feira;16:15:00;RS;101;40,6;TERRA DE AREIA;Ausência de reação do condutor;Colisão com objeto;Com Vítimas Feridas;Pleno dia;Decrescente;Chuva;Dupla;Reta;Não;2;0;2;0;0;0;2;1;-29,53557445;-50,02643177;SPRF-RS;DEL03-RS;UOP02-DEL03-RS
631882;01/10/2024;terça-feira;11:10:00;PI;135;498;MONTE ALEGRE DO PIAUI;Reação tardia ou ineficiente do condutor;Saída de leito carroçável;Com Vítimas Fatais;Pleno dia;Decrescente;Céu Claro;Simples;Reta;Não;1;1;0;0;0;0;0;1;-9,73712;-45,249222;SPRF-PI;DEL03-PI;UOP02-DEL03-PI
631886;01/10/2024;terça-feira;17:50:00;SP;381;72;SAO PAULO;Velocidade Incompatível;Colisão com objeto;Com Vítimas Feridas;Anoitecer;Decrescente;Céu Claro;Dupla;Reta;Não;1;0;0;1;0;0;1;1;-23,35761806;-46,54970281;SPRF-SP;DEL03-SP;UOP01-DEL03-SP
631888;01/10/2024;terça-feira;18:25:00;SP;116;218;GUARULHOS;Desvio temporário;Atropelamento de Pedestre;Com Vítimas Feridas;Anoitecer;Decrescente;Céu Claro;Múltipla;Reta;Sim;2;0;1;0;0;1;1;2;-23,457972;-46,479927;SPRF-SP;DEL01-SP;UOP01-DEL01-SP
631891;01/10/2024;terça-feira;18:20:00;PI;343;325;TERESINA;Acessar a via sem observar a presença dos outros veículos;Colisão transversal;Com Vítimas Feridas;Pleno dia;Crescente;Céu Claro;Simples;Reta;Não;3;0;1;1;1;0;2;2;-5,065521;-42,609653;SPRF-PI;DEL01-PI;UOP01-DEL01-PI
631893;01/10/2024;terça-feira;18:35:00;MG;262;366;JUATUBA;Ausência de reação do condutor;Colisão traseira;Com Vítimas Feridas;Plena Noite;Decrescente;Céu Claro;Dupla;"Reta;Declive";Sim;2;0;1;0;1;0;1;2;-19,974217;-44,261798;SPRF-MG;DEL01-MG;UOP03-DEL01-MG
631894;01/10/2024;terça-feira;18:30:00;MG;381;499;BETIM;Ausência de reação do condutor;Tombamento;Com Vítimas Feridas;Plena Noite;Decrescente;Céu Claro;Dupla;"Declive;Reta";Sim;2;0;2;0;0;0;2;1;-20,01792651;-44,2261448;SPRF-MG;DEL01-MG;UOP03-DEL01-MG
631895;01/10/2024;terça-feira;18:55:00;MG;365;624;UBERLANDIA;Ausência de reação do condutor;Colisão traseira;Sem Vítimas;Anoitecer;Decrescente;Vento;Dupla;Reta;Sim;3;0;0;0;3;0;0;3;-18,90754763;-48,3160669;SPRF-MG;DEL15-MG;UOP01-DEL15-MG
631896;01/10/2024;terça-feira;18:15:00;RN;101;40,5;MAXARANGUAPE;Animais na Pista;Atropelamento de Animal;Com Vítimas Feridas;Plena Noite;Crescente;Céu Claro;Simples;Reta;Não;1;0;1;0;0;0;1;1;-5,44927975;-35,34650276;SPRF-RN;DEL02-RN;UOP01-DEL02-RN
631897;01/10/2024;terça-feira;18:20:00;AL;101;179,3;TEOTONIO VILELA;Acesso irregular;Colisão transversal;Com Vítimas Feridas;Plena Noite;Decrescente;Nublado;Dupla;Reta;Não;4;0;2;0;2;0;2;2;-9,88842574;-36,39977803;SPRF-AL;DEL02-AL;UOP02-DEL02-AL
631898;04/09/2024;quarta-feira;13:20:00;RJ;40;50;PETROPOLIS;Manobra de mudança de faixa;Colisão com objeto;Com Vítimas Feridas;Pleno dia;Crescente;Céu Claro;Dupla;Reta;Não;1;0;1;0;0;0;1;1;-22,31806204;-43,13158166;SPRF-RJ;DEL05-RJ;UOP02-DEL05-RJ
631899;01/10/2024;terça-feira;18:55:00;PB;230;292;SANTA LUZIA;Animais na Pista;Atropelamento de Animal;Com Vítimas Feridas;Plena Noite;Decrescente;Céu Claro;Simples;Reta;Sim;2;0;1;1;0;0;2;1;-6,8684;-36,9222;SPRF-PB;DEL03-PB;UOP01-DEL03-PB
631900;01/10/2024;terça-feira;19:00:00;RS;116;248;SAO LEOPOLDO;Conversão proibida;Colisão frontal;Com Vítimas Feridas;Anoitecer;Crescente;Garoa/Chuvisco;Dupla;Interseção de Vias;Sim;2;0;1;0;1;0;1;2;-29,77605895;-51,15508618;SPRF-RS;DEL01-RS;UOP02-DEL01-RS
631902;01/10/2024;terça-feira;18:50:00;RS;116;257;ESTEIO;Manobra de mudança de faixa;Colisão lateral mesmo sentido;Com Vítimas Feridas;Plena Noite;Decrescente;Chuva;Dupla;Reta;Sim;2;0;1;0;1;0;1;2;-29,85262195;-51,17968329;SPRF-RS;DEL01-RS;UOP02-DEL01-RS
631903;19/09/2024;quinta-feira;18:30:00;SP;116;224;GUARULHOS;Trafegar com motocicleta (ou similar) entre as faixas;Colisão lateral mesmo sentido;Com Vítimas Feridas;Anoitecer;Crescente;Ignorado;Múltipla;Reta;Sim;2;0;1;0;1;0;1;2;-23,48071896;-46,53271603;SPRF-SP;DEL01-SP;UOP01-DEL01-SP
631904;01/10/2024;terça-feira;17:40:00;CE;304;87;ARACATI;Entrada inopinada do pedestre;Atropelamento de Pedestre;Com Vítimas Feridas;Anoitecer;Crescente;Céu Claro;Simples;Reta;Não;2;0;0;1;0;1;1;2;-4,7751051;-37,51481115;SPRF-CE;DEL03-CE;UOP03-DEL03-CE
631905;01/10/2024;terça-feira;19:00:00;MS;419;252,2;ANASTACIO;Reação tardia ou ineficiente do condutor;Colisão traseira;Com Vítimas Feridas;Plena Noite;Decrescente;Céu Claro;Simples;Reta;Não;2;0;1;1;0;0;2;2;-20,56672194;-55,84255814;SPRF-MS;DEL03-MS;UOP01-DEL03-MS
631906;01/10/2024;terça-feira;18:30:00;RJ;116;282;BARRA MANSA;Pista esburacada;Queda de ocupante de veículo;Com Vítimas Feridas;Plena Noite;Decrescente;Céu Claro;Simples;Reta;Sim;1;0;1;0;0;0;1;1;-22,52405173;-44,20072574;SPRF-RJ;DEL07-RJ;UOP02-DEL07-RJ
631907;01/10/2024;terça-feira;19:30:00;PR;277;655,2;MATELANDIA;Animais na Pista;Atropelamento de Animal;Com Vítimas Feridas;Plena Noite;Crescente;Céu Claro;Simples;"Curva;Declive";Não;1;0;0;1;0;0;1;1;-25,231353;-53,953906;SPRF-PR;DEL05-PR;UOP02-DEL05-PR
631908;23/09/2024;segunda-feira;17:20:00;SP;153;13,2;ICEM;Ausência de reação do condutor;Colisão lateral mesmo sentido;Com Vítimas Feridas;Pleno dia;Crescente;Ignorado;Simples;Reta;Não;2;0;1;0;0;1;1;2;-20,41003872;-49,25211016;SPRF-SP;DEL09-SP;UOP01-DEL09-SP
631910;01/10/2024;terça-feira;20:00:00;PR;116;152;MANDIRITUBA;Acessar a via sem observar a presença dos outros veículos;Colisão transversal;Com Vítimas Feridas;Plena Noite;Crescente;Céu Claro;Simples;Reta;Sim;2;0;1;0;1;0;1;2;-25,83236296;-49,33609707;SPRF-PR;DEL01-PR;UOP03-DEL01-PR
631911;01/10/2024;terça-feira;18:25:00;CE;222;4,7;FORTALEZA;Acessar a via sem observar a presença dos outros veículos;Atropelamento de Pedestre;Com Vítimas Feridas;Plena Noite;Crescente;Céu Claro;Simples;Reta;Sim;3;0;3;0;0;0;3;2;-3,74164754;-38,60449792;SPRF-CE;DEL01-CE;UOP01-DEL01-CE
631912;01/10/2024;terça-feira;17:20:00;PA;10;164,5;PARAGOMINAS;Conversão proibida;Colisão lateral mesmo sentido;Com Vítimas Feridas;Pleno dia;Decrescente;Sol;Simples;Reta;Sim;3;0;0;1;2;0;1;2;-3,00069103;-47,45901787;SPRF-PA;DEL02-PA;UOP01-DEL02-PA