id;data_inversa;dia_semana;horario;uf;br;km;municipio;causa_acidente;tipo_acidente;classificacao_acidente;fase_dia;sentido_via;condicao_metereologica;tipo_pista;tracado_via;uso_solo;pessoas;mortos;feridos_leves;feridos_graves;ilesos;ignorados;feridos;veiculos;latitude;longitude;regional;delegacia;uop
632033;02/10/2024;quarta-feira;10:00:00;MG;381;501;BETIM;Manobra de mudança de faixa;Colisão lateral mesmo sentido;Com Vítimas Feridas;Pleno dia;Decrescente;Céu Claro;Dupla;"Reta;Aclive";Sim;4;0;2;0;1;1;2;3;-20,03146447;-44,2377893;SPRF-MG;DEL01-MG;UOP03-DEL01-MG
632035;02/10/2024;quarta-feira;08:25:00;PR;376;176,8;MARINGA;Acessar a via sem observar a presença dos outros veículos;Colisão transversal;Com Vítimas Feridas;Pleno dia;Crescente;Sol;Dupla;Interseção de Vias;Sim;2;0;1;0;0;1;1;2;-23,41269173;-51,93158327;SPRF-PR;DEL09-PR;UOP01-DEL09-PR
632036;02/10/2024;quarta-feira;12:54:00;SC;280;67,6;JARAGUA DO SUL;Desrespeitar a preferência no cruzamento;Colisão transversal;Com Vítimas Feridas;Pleno dia;Decrescente;Nublado;Simples;Rotatória;Sim;2;0;1;0;1;0;1;2;-26,4775146;-49,10363575;SPRF-SC;DEL03-SC;UOP03-DEL03-SC
632037;02/10/2024;quarta-feira;08:00:00;RJ;101;331;RIO DE JANEIRO;Reação tardia ou ineficiente do condutor;Queda de ocupante de veículo;Com Vítimas Feridas;Pleno dia;Decrescente;Céu Claro;Múltipla;"Reta;Ponte";Não;1;0;1;0;0;0;1;1;-22,867662;-43,195337;SPRF-RJ;DEL02-RJ;UOP01-DEL02-RJ
632040;02/10/2024;quarta-feira;11:40:00;AL;101;138,5;SAO MIGUEL DOS CAMPOS;Conversão proibida;Colisão transversal;Com Vítimas Feridas;Pleno dia;Decrescente;Céu Claro;Simples;Reta;Sim;2;0;0;1;1;0;1;2;-9,80975158;-36,11701903;SPRF-AL;DEL02-AL;UOP01-DEL02-AL
632041;02/10/2024;quarta-feira;08:00:00;PI;316;312;PICOS;Ausência de reação do condutor;Engavetamento;Com Vítimas Feridas;Pleno dia;Decrescente;Céu Claro;Simples;Reta;Sim;3;0;0;1;2;0;1;3;-7,08092534;-41,4582602;SPRF-PI;DEL04-PI;UOP01-DEL04-PI
632042;02/10/2024;quarta-feira;11:30:00;MG;381;481;BETIM;Condutor deixou de manter distância do veículo da frente;Colisão traseira;Com Vítimas Feridas;Pleno dia;Decrescente;Céu Claro;Dupla;Reta;Sim;4;0;1;1;2;0;2;4;-19,95931561;-44,08825597;SPRF-MG;DEL01-MG;UOP03-DEL01-MG
632043;25/09/2024;quarta-feira;15:20:00;RJ;101;322;NITEROI;Manobra de mudança de faixa;Colisão lateral mesmo sentido;Com Vítimas Feridas;Pleno dia;Decrescente;Céu Claro;Dupla;Reta;Não;2;0;1;0;1;0;1;2;-22,878923;-43,110676;SPRF-RJ;DEL02-RJ;UOP01-DEL02-RJ
632044;02/10/2024;quarta-feira;12:20:00;MA;10;257;IMPERATRIZ;Transitar no Acostamento;Colisão lateral sentido oposto;Com Vítimas Feridas;Pleno dia;Decrescente;Céu Claro;Simples;Reta;Sim;2;0;1;0;1;0;1;2;-5,490634;-47,471973;SPRF-MA;DEL04-MA;UOP01-DEL04-MA
632046;15/08/2024;quinta-feira;08:25:00;SP;116;225;GUARULHOS;Trafegar com motocicleta (ou similar) entre as faixas;Colisão lateral mesmo sentido;Com Vítimas Feridas;Pleno dia;Crescente;Céu Claro;Dupla;Reta;Sim;3;0;0;1;2;0;1;2;-23,48586772;-46,54075317;SPRF-SP;DEL01-SP;UOP01-DEL01-SP
632048;02/10/2024;quarta-feira;13:10:00;SP;116;155,4;SAO JOSE DOS CAMPOS;Demais falhas mecânicas ou elétricas;Incêndio;Com Vítimas Feridas;Pleno dia;Decrescente;Céu Claro;Múltipla;Reta;Não;1;0;1;0;0;0;1;1;-23,24770449;-45,93137026;SPRF-SP;DEL02-SP;UOP01-DEL02-SP
632050;02/10/2024;quarta-feira;12:30:00;PI;343;3,4;TERESINA;Reação tardia ou ineficiente do condutor;Colisão traseira;Com Vítimas Feridas;Pleno dia;Decrescente;Céu Claro;Dupla;Reta;Sim;2;0;1;0;1;0;1;2;-5,0566577;-42,684149;SPRF-PI;DEL01-PI;UOP01-DEL01-PI
632051;02/10/2024;quarta-feira;09:55:00;RO;364;426;JARU;Estacionar ou parar em local proibido;Colisão lateral mesmo sentido;Com Vítimas Feridas;Pleno dia;Crescente;Céu Claro;Simples;Reta;Sim;2;0;1;0;1;0;1;2;-10,432443;-62,479584;SPRF-RO;DEL03-RO;UOP02-DEL03-RO
632052;02/10/2024;quarta-feira;12:03:00;BA;116;757,6;POCOES;Acessar a via sem observar a presença dos outros veículos;Colisão transversal;Com Vítimas Feridas;Pleno dia;Decrescente;Céu Claro;Simples;"Reta;Retorno Regulamentado";Sim;2;0;0;1;1;0;1;2;-14,52568;-40,378417;SPRF-BA;DEL08-BA;UOP02-DEL08-BA
632054;02/10/2024;quarta-feira;12:50:00;ES;101;255;SERRA;Condutor deixou de manter distância do veículo da frente;Colisão traseira;Com Vítimas Feridas;Pleno dia;Decrescente;Sol;Simples;Reta;Não;3;0;1;0;2;0;1;2;-20,11487935;-40,31943619;SPRF-ES;DEL02-ES;UOP01-DEL02-ES
632055;11/09/2024;quarta-feira;18:25:00;RR;174;460;BOA VISTA;Condutor deixou de manter distância do veículo da frente;Colisão traseira;Com Vítimas Feridas;Plena Noite;Crescente;Céu Claro;Simples;Reta;Não;3;0;1;1;1;0;2;2;2,527282;-60,877983;SPRF-RR;DEL01-RR;UOP01-DEL01-RR
632056;02/10/2024;quarta-feira;13:30:00;RJ;116;268;BARRA MANSA;Ausência de reação do condutor;Colisão com objeto;Com Vítimas Feridas;Pleno dia;Crescente;Céu Claro;Dupla;"Curva;Aclive";Não;2;0;2;0;0;0;2;1;-22,58240306;-44,11006543;SPRF-RJ;DEL07-RJ;UOP02-DEL07-RJ
632057;31/08/2024;sábado;18:20:00;PR;277;725,5;FOZ DO IGUACU;Reação tardia ou ineficiente do condutor;Tombamento;Com Vítimas Feridas;Plena Noite;Crescente;Céu Claro;Simples;Reta;Sim;1;0;1;0;0;0;1;1;-25,51070536;-54,55138922;SPRF-PR;DEL05-PR;UOP03-DEL05-PR
632058;02/10/2024;quarta-feira;12:35:00;RJ;356;74;ITALVA;Transitar na contramão;Colisão frontal;Com Vítimas Feridas;Pleno dia;Decrescente;Céu Claro;Simples;Reta;Sim;3;0;3;0;0;0;3;2;-21,417955;-41,693153;SPRF-RJ;DEL08-RJ;UOP03-DEL08-RJ
632059;02/10/2024;quarta-feira;01:10:00;RJ;0;0;RIO DE JANEIRO;Ausência de reação do condutor;Colisão transversal;Sem Vítimas;Plena Noite;Não Informado;Céu Claro;Dupla;Reta;Sim;2;0;0;0;2;0;0;2;-22,89773934;-43,20766302;SPRF-RJ;N/A;N/A
632060;02/10/2024;quarta-feira;14:30:00;PR;116;95;SAO JOSE DOS PINHAIS;Acessar a via sem observar a presença dos outros veículos;Colisão traseira;Sem Vítimas;Pleno dia;Decrescente;Chuva;Dupla;Reta;Não;2;0;0;0;2;0;0;2;-25,4971982;-49,11761871;SPRF-PR;DEL01-PR;UOP07-DEL01-PR
632061;02/10/2024;quarta-feira;13:00:00;PR;373;476,3;CORONEL VIVIDA;Chuva;Saída de leito carroçável;Com Vítimas Feridas;Pleno dia;Crescente;Chuva;Simples;Curva;Não;2;0;2;0;0;0;2;1;-25,96227305;-52,511277;SPRF-PR;DEL02-PR;UOP01-DEL02-PR
632062;02/10/2024;quarta-feira;14:00:00;DF;20;6;BRASILIA;Reação tardia ou ineficiente do condutor;Colisão com objeto;Com Vítimas Feridas;Pleno dia;Decrescente;Céu Claro;Simples;"Reta;Declive";Sim;2;0;2;0;0;0;2;1;-15,665888;-47,808308;SPRF-DF;DEL02-DF;UOP01-DEL02-DF
632063;02/10/2024;quarta-feira;12:08:00;MG;116;212;CATUJI;Ausência de reação do condutor;Saída de leito carroçável;Com Vítimas Feridas;Pleno dia;Decrescente;Sol;Simples;"Aclive;Reta";Não;1;0;1;0;0;0;1;1;-17,34090805;-41,53210583;SPRF-MG;DEL11-MG;UOP01-DEL11-MG
632066;02/10/2024;quarta-feira;12:40:00;RJ;101;320;NITEROI;Demais falhas mecânicas ou elétricas;Incêndio;Sem Vítimas;Pleno dia;Crescente;Céu Claro;Dupla;Curva;Sim;1;0;0;0;1;0;0;1;-22,86171098;-43,10714015;SPRF-RJ;DEL02-RJ;UOP01-DEL02-RJ
632067;02/10/2024;quarta-feira;12:55:00;MA;230;15;BARAO DE GRAJAU;Ausência de reação do condutor;Colisão traseira;Com Vítimas Feridas;Pleno dia;Decrescente;Céu Claro;Simples;Reta;Não;2;0;2;0;0;0;2;2;-6,71889052;-43,13484696;SPRF-PI;DEL03-PI;UOP01-DEL03-PI
632068;04/01/2024;quinta-feira;09:30:00;MG;381;698;LAVRAS;Chuva;Saída de leito carroçável;Com Vítimas Feridas;Pleno dia;Crescente;Chuva;Dupla;Curva;Não;2;0;1;0;1;0;1;1;-21,29905212;-45,15077778;SPRF-MG;DEL04-MG;UOP02-DEL04-MG
632069;02/10/2024;quarta-feira;15:05:00;RN;406;171;SAO GONCALO DO AMARANTE;Acessar a via sem observar a presença dos outros veículos;Queda de ocupante de veículo;Com Vítimas Feridas;Pleno dia;Crescente;Céu Claro;Dupla;Reta;Sim;2;0;1;0;1;0;1;2;-5,76172663;-35,29115323;SPRF-RN;DEL02-RN;UOP01-DEL02-RN
632070;02/10/2024;quarta-feira;10:30:00;PR;153;369;RIO AZUL;Acessar a via sem observar a presença dos outros veículos;Colisão transversal;Com Vítimas Feridas;Pleno dia;Decrescente;Nublado;Simples;Reta;Não;3;0;2;0;0;1;2;2;-25,73669789;-50,80195243;SPRF-PR;DEL08-PR;UOP02-DEL08-PR
632071;16/09/2024;segunda-feira;16:15:00;PR;116;8,5;CAMPINA GRANDE DO SUL;Chuva;Capotamento;Sem Vítimas;Pleno dia;Decrescente;Chuva;Dupla;"Declive;Curva";Não;1;0;0;0;1;0;0;1;-25,08123277;-48,62449108;SPRF-PR;DEL01-PR;UOP02-DEL01-PR
632073;14/08/2024;quarta-feira;07:30:00;GO;70;1;AGUAS LINDAS DE GOIAS;Demais falhas mecânicas ou elétricas;Colisão lateral mesmo sentido;Com Vítimas Feridas;Pleno dia;Decrescente;Céu Claro;Dupla;Curva;Sim;2;0;1;1;0;0;2;2;-15,77579351;-48,23259001;SPRF-DF;DEL03-DF;UOP02-DEL03-DF
632074;02/10/2024;quarta-feira;14:40:00;PA;0;0;BELEM;Acessar a via sem observar a presença dos outros veículos;Colisão transversal;Sem Vítimas;Pleno dia;Não Informado;Céu Claro;Múltipla;Reta;Sim;2;0;0;0;2;0;0;2;-1,43270223;-48,49080208;SPRF-PA;N/A;N/A
632075;04/09/2024;quarta-feira;17:20:00;SC;101;127,6;ITAJAI;Manobra de mudança de faixa;Colisão transversal;Com Vítimas Feridas;Pleno dia;Crescente;Nublado;Dupla;Reta;Sim;3;0;1;0;2;0;1;2;-26,9639319;-48,68328024;SPRF-SC;DEL04-SC;UOP04-DEL04-SC
632076;19/08/2024;segunda-feira;07:30:00;RN;101;106;PARNAMIRIM;Manobra de mudança de faixa;Colisão lateral mesmo sentido;Com Vítimas Feridas;Pleno dia;Decrescente;Céu Claro;Dupla;Reta;Sim;2;0;1;0;1;0;1;2;-5,91056401;-35,26130795;SPRF-RN;DEL01-RN;UOP01-DEL01-RN
632080;02/10/2024;quarta-feira;15:43:00;GO;40;2;VALPARAISO DE GOIAS;Frear bruscamente;Colisão traseira;Com Vítimas Feridas;Pleno dia;Crescente;Céu Claro;Dupla;Reta;Sim;2;0;1;0;1;0;1;2;-16,067129;-47,984235;SPRF-DF;DEL01-DF;UOP01-DEL01-DF
632081;02/10/2024;quarta-feira;16:00:00;GO;60;99;ANAPOLIS;Reação tardia ou ineficiente do condutor;Tombamento;Com Vítimas Feridas;Pleno dia;Decrescente;Céu Claro;Dupla;Reta;Não;1;0;1;0;0;0;1;1;-16,3924;-48,9588;SPRF-GO;DEL02-GO;UOP01-DEL02-GO
632082;02/10/2024;quarta-feira;15:00:00;RJ;40;33;AREAL;Ausência de reação do condutor;Tombamento;Com Vítimas Feridas;Pleno dia;Crescente;Céu Claro;Dupla;Curva;Não;2;0;1;0;1;0;1;1;-22,20198;-43,14062;SPRF-RJ;DEL05-RJ;UOP02-DEL05-RJ
632085;02/10/2024;quarta-feira;16:10:00;SC;282;49,7;AGUAS MORNAS;Velocidade Incompatível;Colisão com objeto;Sem Vítimas;Pleno dia;Crescente;Chuva;Simples;"Aclive;Curva";Não;1;0;0;0;1;0;0;1;-27,712931;-48,943741;SPRF-SC;DEL01-SC;UOP03-DEL01-SC
632086;02/10/2024;quarta-feira;15:30:00;MG;365;620;UBERLANDIA;Desrespeitar a preferência no cruzamento;Colisão transversal;Com Vítimas Feridas;Pleno dia;Decrescente;Céu Claro;Simples;Interseção de Vias;Sim;3;0;1;0;2;0;1;2;-18,90349687;-48,28130603;SPRF-MG;DEL15-MG;UOP01-DEL15-MG
632087;02/10/2024;quarta-feira;14:30:00;GO;153;240,9;SAO LUIZ DO NORTE;Condutor deixou de manter distância do veículo da frente;Colisão traseira;Sem Vítimas;Pleno dia;Decrescente;Céu Claro;Simples;Reta;Não;2;0;0;0;2;0;0;2;-14,839545;-49,309708;SPRF-GO;DEL07-GO;UOP02-DEL07-GO
632088;02/10/2024;quarta-feira;16:30:00;MG;381;483;BETIM;Condutor deixou de manter distância do veículo da frente;Colisão traseira;Com Vítimas Feridas;Pleno dia;Decrescente;Nublado;Múltipla;Reta;Sim;2;0;1;0;1;0;1;2;-19,95594491;-44,10721699;SPRF-MG;DEL01-MG;UOP03-DEL01-MG
632089;02/10/2024;quarta-feira;16:40:00;PR;116;103;SAO JOSE DOS PINHAIS;Chuva;Queda de ocupante de veículo;Com Vítimas Feridas;Pleno dia;Decrescente;Chuva;Dupla;"Reta;Interseção de Vias";Sim;1;0;1;0;0;0;1;1;-25,55944814;-49,15099774;SPRF-PR;DEL01-PR;UOP07-DEL01-PR
632090;02/10/2024;quarta-feira;14:10:00;SC;116;219,2;CORREIA PINTO;Acessar a via sem observar a presença dos outros veículos;Colisão transversal;Com Vítimas Feridas;Pleno dia;Crescente;Chuva;Simples;Rotatória;Sim;3;0;1;0;2;0;1;2;-27,580569;-50,368569;SPRF-SC;DEL05-SC;UOP03-DEL05-SC
632091;02/10/2024;quarta-feira;11:40:00;SC;282;266,5;SAO JOSE DO CERRITO;Chuva;Saída de leito carroçável;Com Vítimas Feridas;Pleno dia;Crescente;Céu Claro;Simples;"Curva;Aclive";Não;1;0;1;0;0;0;1;1;-27,62508998;-50,6538946;SPRF-SC;DEL05-SC;UOP02-DEL05-SC
632094;02/10/2024;quarta-feira;16:53:00;RN;101;85;SAO GONCALO DO AMARANTE;Transitar no Acostamento;Colisão transversal;Com Vítimas Feridas;Anoitecer;Crescente;Céu Claro;Dupla;Curva;Sim;2;0;0;1;1;0;1;2;-5,77727652;-35,25019169;SPRF-RN;DEL02-RN;UOP01-DEL02-RN
632095;02/10/2024;quarta-feira;17:30:00;RJ;493;19,1;MAGE;Conversão proibida;Colisão frontal;Com Vítimas Feridas;Anoitecer;Crescente;Nublado;Simples;Reta;Sim;2;0;1;0;1;0;1;2;-22,6663848;-43,02770248;SPRF-RJ;DEL04-RJ;UOP02-DEL04-RJ
632098;02/10/2024;quarta-feira;17:20:00;PI;343;340;TERESINA;Acessar a via sem observar a presença dos outros veículos;Colisão transversal;Com Vítimas Feridas;Pleno dia;Decrescente;Céu Claro;Dupla;Reta;Sim;2;0;0;1;1;0;1;2;-5,074137;-42,73629;SPRF-PI;DEL01-PI;UOP01-DEL01-PI
632101;02/10/2024;quarta-feira;18:15:00;SP;459;16,2;PIQUETE;Conversão proibida;Colisão lateral mesmo sentido;Com Vítimas Feridas;Anoitecer;Crescente;Céu Claro;Simples;"Rotatória;Interseção de Vias";Não;2;0;1;0;1;0;1;2;-22,62348864;-45,16161919;SPRF-SP;DEL08-SP;UOP02-DEL08-SP
632104;02/10/2024;quarta-feira;18:25:00;PB;230;18,9;JOAO PESSOA;Condutor deixou de manter distância do veículo da frente;Colisão traseira;Com Vítimas Feridas;Plena Noite;Crescente;Céu Claro;Dupla;Reta;Sim;2;0;1;0;0;1;1;2;-7,1198;-34,8453;SPRF-PB;DEL01-PB;UOP01-DEL01-PB
632105;02/10/2024;quarta-feira;17:00:00;SC;470;73;INDAIAL;Velocidade Incompatível;Saída de leito carroçável;Com Vítimas Feridas;Anoitecer;Crescente;Chuva;Dupla;Reta;Não;1;0;1;0;0;0;1;1;-26,908962;-49,275089;SPRF-SC;DEL04-SC;UOP01-DEL04-SC
632106;02/10/2024;quarta-feira;17:20:00;PI;343;307;ALTOS;Condutor desrespeitou a iluminação vermelha do semáforo;Colisão transversal;Com Vítimas Feridas;Anoitecer;Decrescente;Céu Claro;Simples;"Reta;Interseção de Vias";Sim;6;0;5;0;1;0;5;3;-5,039802;-42,459518;SPRF-PI;DEL01-PI;UOP01-DEL01-PI
632110;02/10/2024;quarta-feira;18:20:00;ES;101;147;LINHARES;Desrespeitar a preferência no cruzamento;Colisão transversal;Com Vítimas Feridas;Plena Noite;Crescente;Céu Claro;Dupla;Interseção de Vias;Sim;2;0;1;0;1;0;1;2;-19,37887202;-40,06657892;SPRF-ES;DEL04-ES;UOP01-DEL04-ES
632111;02/10/2024;quarta-feira;18:45:00;MG;116;795,8;ALEM PARAIBA;Animais na Pista;Atropelamento de Animal;Com Vítimas Feridas;Plena Noite;Decrescente;Nublado;Simples;"Reta;Aclive";Não;1;0;1;0;0;0;1;1;-21,71949498;-42,72886698;SPRF-MG;DEL07-MG;UOP01-DEL07-MG
632112;02/10/2024;quarta-feira;16:15:00;BA;324;519;FEIRA DE SANTANA;Entrada inopinada do pedestre;Atropelamento de Pedestre;Com Vítimas Feridas;Pleno dia;Decrescente;Céu Claro;Dupla;Reta;Não;2;0;1;0;1;0;1;2;-12,26687642;-38,93349875;SPRF-BA;DEL02-BA;UOP01-DEL02-BA
632113;02/10/2024;quarta-feira;19:12:00;TO;10;464;PALMAS;Pedestre cruzava a pista fora da faixa;Atropelamento de Pedestre;Com Vítimas Feridas;Plena Noite;Decrescente;Céu Claro;Dupla;Reta;Sim;3;0;2;0;0;1;2;2;-10,23003157;-48,31171274;SPRF-TO;DEL01-TO;UOP03-DEL01-TO
632114;02/10/2024;quarta-feira;19:00:00;MG;381;479;CONTAGEM;Problema na suspensão;Colisão com objeto;Com Vítimas Feridas;Plena Noite;Crescente;Céu Claro;Múltipla;"Aclive;Reta";Sim;1;0;0;1;0;0;1;1;-19,95889605;-44,069202;SPRF-MG;DEL01-MG;UOP03-DEL01-MG
632115;02/10/2024;quarta-feira;18:00:00;CE;116;46;PACAJUS;Reação tardia ou ineficiente do condutor;Colisão traseira;Com Vítimas Feridas;Plena Noite;Crescente;Céu Claro;Dupla;Curva;Não;3;0;0;1;1;1;1;2;-4,1477577;-38,47799796;SPRF-CE;DEL01-CE;UOP02-DEL01-CE
632116;02/10/2024;quarta-feira;19:05:00;SC;101;202,1;SAO JOSE;Acessar a via sem observar a presença dos outros veículos;Colisão transversal;Com Vítimas Feridas;Plena Noite;Crescente;Chuva;Simples;"Reta;Interseção de Vias";Sim;2;0;1;0;1;0;1;2;-27,55711595;-48,61897889;SPRF-SC;DEL01-SC;UOP01-DEL01-SC
632117;02/10/2024;quarta-feira;18:40:00;MG;40;532,4;BELO HORIZONTE;Reação tardia ou ineficiente do condutor;Atropelamento de Pedestre;Com Vítimas Feridas;Pleno dia;Decrescente;Céu Claro;Dupla;Reta;Não;3;0;1;1;0;1;2;2;-19,92372561;-44,01700789;SPRF-MG;DEL01-MG;UOP02-DEL01-MG
632118;02/10/2024;quarta-feira;12:15:00;MG;262;543,6;LUZ;Ultrapassagem Indevida;Colisão frontal;Com Vítimas Fatais;Pleno dia;Crescente;Céu Claro;Simples;Reta;Não;3;1;0;2;0;0;2;2;-19,74646311;-45,82593299;SPRF-MG;DEL08-MG;UOP02-DEL08-MG
632119;02/10/2024;quarta-feira;19:00:00;RS;290;69,6;GRAVATAI;Pedestre cruzava a pista fora da faixa;Atropelamento de Pedestre;Com Vítimas Fatais;Plena Noite;Decrescente;Nublado;Dupla;Reta;Sim;3;2;0;0;1;0;0;2;-29,947168;-50,952765;SPRF-RS;DEL03-RS;UOP01-DEL03-RS
632121;02/10/2024;quarta-feira;19:20:00;SP;459;30;LORENA;Ausência de reação do condutor;Colisão traseira;Com Vítimas Feridas;Plena Noite;Crescente;Ignorado;Simples;Rotatória;Sim;3;0;2;0;1;0;2;2;-22,725021;-45,103531;SPRF-SP;DEL08-SP;UOP02-DEL08-SP
632124;02/10/2024;quarta-feira;18:52:00;BA;242;899;LUIS EDUARDO MAGALHAES;Velocidade Incompatível;Saída de leito carroçável;Com Vítimas Feridas;Plena Noite;Decrescente;Céu Claro;Simples;Reta;Não;3;0;1;0;2;0;1;1;-12,110148;-45,937596;SPRF-BA;DEL10-BA;UOP01-DEL10-BA
632125;02/10/2024;quarta-feira;17:30:00;RJ;101;409;ITAGUAI;Ausência de reação do condutor;Tombamento;Com Vítimas Feridas;Pleno dia;Decrescente;Céu Claro;Dupla;Reta;Sim;1;0;0;1;0;0;1;1;-22,88503992;-43,83250205;SPRF-RJ;DEL03-RJ;UOP01-DEL03-RJ
632128;02/10/2024;quarta-feira;18:46:00;RO;364;203,2;PIMENTA BUENO;Animais na Pista;Atropelamento de Animal;Com Vítimas Feridas;Plena Noite;Crescente;Chuva;Simples;"Aclive;Reta";Não;1;0;0;1;0;0;1;1;-11,62743;-61,207095;SPRF-RO;DEL02-RO;UOP02-DEL02-RO
632129;02/10/2024;quarta-feira;18:50:00;ES;262;104;VENDA NOVA DO IMIGRANTE;Acessar a via sem observar a presença dos outros veículos;Colisão transversal;Com Vítimas Feridas;Plena Noite;Crescente;Céu Claro;Simples;"Rotatória;Interseção de Vias";Sim;2;0;2;0;0;0;2;2;-20,33302593;-41,12931881;SPRF-ES;DEL01-ES;UOP02-DEL01-ES
632130;02/10/2024;quarta-feira;19:15:00;RJ;101;434,5;MANGARATIBA;Ausência de reação do condutor;Queda de ocupante de veículo;Com Vítimas Feridas;Plena Noite;Crescente;Céu Claro;Simples;"Curva;Aclive";Não;2;0;1;0;1;0;1;2;-22,93724723;-44,04629489;SPRF-RJ;DEL03-RJ;UOP02-DEL03-RJ
632132;02/10/2024;quarta-feira;17:45:00;PR;116;123;CURITIBA;Manobra de mudança de faixa;Colisão traseira;Com Vítimas Feridas;Anoitecer;Crescente;Garoa/Chuvisco;Dupla;Reta;Sim;2;0;0;1;1;0;1;2;-25,617113;-49,317411;SPRF-PR;DEL01-PR;UOP03-DEL01-PR
632133;02/10/2024;quarta-feira;18:30:00;DF;40;3,8;BRASILIA;Transitar no Acostamento;Atropelamento de Pedestre;Com Vítimas Feridas;Plena Noite;Crescente;Céu Claro;Dupla;Reta;Sim;4;0;0;1;1;2;1;2;-16,02479883;-47,97988057;SPRF-DF;DEL01-DF;UOP01-DEL01-DF
632135;02/10/2024;quarta-feira;19:15:00;ES;393;5;CACHOEIRO DE ITAPEMIRIM;Animais na Pista;Atropelamento de Animal;Com Vítimas Feridas;Anoitecer;Crescente;Céu Claro;Simples;Reta;Não;1;0;1;0;0;0;1;1;-20,82229983;-41,20246594;SPRF-ES;DEL03-ES;UOP02-DEL03-ES
632136;02/10/2024;quarta-feira;05:00:00;AC;364;195;BUJARI;Entrada inopinada do pedestre;Atropelamento de Pedestre;Com Vítimas Feridas;Amanhecer;Crescente;Céu Claro;Simples;"Aclive;Reta";Não;3;0;0;1;1;1;1;2;-9,62509439;-68,23334141;SPRF-AC;DEL01-AC;UOP01-DEL01-AC
632137;02/10/2024;quarta-feira;18:04:00;PI;316;313;PICOS;Conversão proibida;Colisão frontal;Com Vítimas Feridas;Plena Noite;Crescente;Céu Claro;Simples;Curva;Sim;2;0;1;0;1;0;1;2;-7,07747579;-41,44348526;SPRF-PI;DEL04-PI;UOP01-DEL04-PI
632138;02/10/2024;quarta-feira;19:30:00;RJ;116;118;MAGE;Ausência de reação do condutor;Atropelamento de Pedestre;Com Vítimas Feridas;Plena Noite;Crescente;Céu Claro;Dupla;Reta;Não;2;0;2;0;0;0;2;2;-22,60969336;-43,03076263;SPRF-RJ;DEL04-RJ;UOP02-DEL04-RJ
632140;02/10/2024;quarta-feira;19:00:00;PE;316;310;FLORESTA;Animais na Pista;Atropelamento de Animal;Sem Vítimas;Plena Noite;Crescente;Céu Claro;Simples;"Reta;Declive";Não;3;0;0;0;3;0;0;1;-8,65503211;-38,55026127;SPRF-PE;DEL04-PE;UOP03-DEL04-PE
632141;02/10/2024;quarta-feira;19:45:00;RN;304;287,6;MACAIBA;Animais na Pista;Atropelamento de Animal;Com Vítimas Feridas;Plena Noite;Crescente;Céu Claro;Dupla;"Declive;Reta";Não;2;0;1;0;1;0;1;1;-5,8711714;-35,42930088;SPRF-RN;DEL01-RN;UOP02-DEL01-RN
632142;02/10/2024;quarta-feira;20:30:00;RJ;116;181;NOVA IGUACU;Manobra de mudança de faixa;Colisão lateral mesmo sentido;Com Vítimas Feridas;Plena Noite;Decrescente;Nublado;Múltipla;Reta;Não;3;0;1;0;2;0;1;2;-22,761312;-43,423492;SPRF-RJ;DEL06-RJ;UOP01-DEL06-RJ
632143;02/10/2024;quarta-feira;20:20:00;PR;116;22;ANTONINA;Reação tardia ou ineficiente do condutor;Capotamento;Com Vítimas Feridas;Plena Noite;Crescente;Chuva;Dupla;Reta;Não;2;0;2;0;0;0;2;1;-25,10922624;-48,74659689;SPRF-PR;DEL01-PR;UOP02-DEL01-PR
632145;02/10/2024;quarta-feira;19:30:00;GO;40;14;LUZIANIA;Ausência de reação do condutor;Saída de leito carroçável;Com Vítimas Feridas;Plena Noite;Decrescente;Céu Claro;Dupla;Reta;Sim;1;0;1;0;0;0;1;1;-16,170948;-47,929733;SPRF-DF;DEL01-DF;UOP01-DEL01-DF
632149;02/10/2024;quarta-feira;20:50:00;SC;101;162;TIJUCAS;Manobra de mudança de faixa;Colisão lateral mesmo sentido;Com Vítimas Feridas;Plena Noite;Decrescente;Chuva;Múltipla;Reta;Não;2;0;1;0;0;1;1;2;-27,22554009;-48,6279367;SPRF-SC;DEL04-SC;UOP03-DEL04-SC
632150;02/10/2024;quarta-feira;21:10:00;RJ;393;246;BARRA DO PIRAI;Condutor Dormindo;Colisão lateral sentido oposto;Com Vítimas Feridas;Plena Noite;Decrescente;Ignorado;Simples;Reta;Não;2;0;2;0;0;0;2;2;-22,43418644;-43,72671584;SPRF-RJ;DEL05-RJ;UOP04-DEL05-RJ
632151;02/10/2024;quarta-feira;19:50:00;PR;376;439,8;TIBAGI;Chuva;Saída de leito carroçável;Com Vítimas Feridas;Plena Noite;Decrescente;Chuva;Dupla;"Curva;Declive";Não;1;0;0;1;0;0;1;1;-24,80544451;-50,48847556;SPRF-PR;DEL03-PR;UOP02-DEL03-PR
632152;02/10/2024;quarta-feira;17:30:00;SC;280;91;CORUPA;Pista Escorregadia;Queda de ocupante de veículo;Com Vítimas Feridas;Anoitecer;Crescente;Garoa/Chuvisco;Simples;Curva;Não;1;0;1;0;0;0;1;1;-26,40198057;-49,29053774;SPRF-SC;DEL06-SC;UOP03-DEL06-SC
632153;02/10/2024;quarta-feira;21:00:00;RJ;101;59;CAMPOS DOS GOYTACAZES;Ausência de reação do condutor;Colisão transversal;Com Vítimas Feridas;Plena Noite;Crescente;Céu Claro;Simples;"Interseção de Vias;Reta";Sim;3;0;0;3;0;0;3;2;-21,71366497;-41,30861915;SPRF-RJ;DEL08-RJ;UOP01-DEL08-RJ