id;data_inversa;dia_semana;horario;uf;br;km;municipio;causa_acidente;tipo_acidente;classificacao_acidente;fase_dia;sentido_via;condicao_metereologica;tipo_pista;tracado_via;uso_solo;pessoas;mortos;feridos_leves;feridos_graves;ilesos;ignorados;feridos;veiculos;latitude;longitude;regional;delegacia;uop
632155;02/10/2024;quarta-feira;18:20:00;PA;10;10;DOM ELISEU;Ultrapassagem Indevida;Colisão frontal;Com Vítimas Feridas;Plena Noite;Crescente;Céu Claro;Simples;Reta;Não;4;0;0;1;3;0;1;2;-4,357685;-47,536694;SPRF-PA;DEL02-PA;UOP02-DEL02-PA
632156;02/10/2024;quarta-feira;19:00:00;RN;427;21,9;ACARI;Ausência de reação do condutor;Saída de leito carroçável;Com Vítimas Feridas;Plena Noite;Decrescente;Céu Claro;Simples;Declive;Não;1;0;1;0;0;0;1;1;-6,38995499;-36,62905801;SPRF-RN;DEL03-RN;UOP02-DEL03-RN
632158;02/10/2024;quarta-feira;20:00:00;MT;174;4;PONTES E LACERDA;Demais falhas mecânicas ou elétricas;Incêndio;Sem Vítimas;Plena Noite;Decrescente;Céu Claro;Simples;Reta;Sim;1;0;0;0;1;0;0;1;-15,226537;-59,335728;SPRF-MT;DEL04-MT;UOP01-DEL04-MT
632159;02/10/2024;quarta-feira;06:40:00;PR;376;108,5;PARANAVAI;Ausência de reação do condutor;Colisão com objeto;Sem Vítimas;Pleno dia;Crescente;Céu Claro;Simples;Reta;Sim;1;0;0;0;1;0;0;1;-23,07492893;-52,41720594;SPRF-PR;DEL09-PR;UOP02-DEL09-PR
632163;02/10/2024;quarta-feira;22:50:00;MG;381;495,5;BETIM;Condutor Dormindo;Saída de leito carroçável;Com Vítimas Feridas;Plena Noite;Decrescente;Céu Claro;Múltipla;"Reta;Declive";Sim;3;0;3;0;0;0;3;1;-19,99676497;-44,20958506;SPRF-MG;DEL01-MG;UOP03-DEL01-MG
632164;02/10/2024;quarta-feira;15:35:00;MA;316;4,1;BOA VISTA DO GURUPI;Acessar a via sem observar a presença dos outros veículos;Colisão transversal;Com Vítimas Feridas;Pleno dia;Crescente;Céu Claro;Simples;Curva;Não;3;0;0;2;1;0;2;2;-1,781518;-46,285853;SPRF-MA;DEL02-MA;UOP02-DEL02-MA
632165;02/10/2024;quarta-feira;22:10:00;MG;381;898,9;CAMBUI;Pedestre andava na pista;Atropelamento de Pedestre;Com Vítimas Feridas;Plena Noite;Decrescente;Céu Claro;Dupla;Reta;Sim;2;0;0;1;1;0;1;2;-22,64587158;-46,08720615;SPRF-MG;DEL16-MG;UOP03-DEL16-MG
632166;02/10/2024;quarta-feira;22:10:00;MG;262;37;MANHUACU;Conversão proibida;Tombamento;Com Vítimas Feridas;Plena Noite;Crescente;Céu Claro;Simples;"Reta;Declive";Sim;2;0;1;0;1;0;1;2;-20,25748975;-42,03048732;SPRF-MG;DEL06-MG;UOP03-DEL06-MG
632167;02/10/2024;quarta-feira;23:30:00;GO;153;506;APARECIDA DE GOIANIA;Ingestão de álcool pelo condutor;Colisão com objeto;Sem Vítimas;Plena Noite;Crescente;Céu Claro;Dupla;Reta;Sim;1;0;0;0;1;0;0;1;-16,7633;-49,24;SPRF-GO;DEL01-GO;UOP01-DEL01-GO
632168;02/10/2024;quarta-feira;23:00:00;MG;40;532;BELO HORIZONTE;Condutor deixou de manter distância do veículo da frente;Colisão lateral mesmo sentido;Com Vítimas Feridas;Pleno dia;Crescente;Céu Claro;Dupla;"Reta;Declive";Sim;5;0;0;1;3;1;1;2;-19,92372561;-44,01700789;SPRF-MG;DEL01-MG;UOP02-DEL01-MG
632169;02/10/2024;quarta-feira;19:20:00;RO;364;1053;PORTO VELHO;Ausência de reação do condutor;Colisão traseira;Com Vítimas Fatais;Plena Noite;Crescente;Céu Claro;Simples;Reta;Não;2;1;0;0;1;0;0;2;-9,79163284;-66,48425502;SPRF-AC;DEL01-AC;UOP03-DEL01-AC
632171;02/10/2024;quarta-feira;23:45:00;PR;277;79;CURITIBA;Acessar a via sem observar a presença dos outros veículos;Tombamento;Sem Vítimas;Plena Noite;Decrescente;Céu Claro;Simples;Reta;Sim;1;0;0;0;0;1;0;1;-25,47537;-49,208295;SPRF-PR;DEL01-PR;UOP07-DEL01-PR
632172;02/10/2024;quarta-feira;22:40:00;BA;116;856;VITORIA DA CONQUISTA;Ingestão de álcool pelo condutor;Saída de leito carroçável;Com Vítimas Feridas;Plena Noite;Crescente;Céu Claro;Simples;Reta;Não;1;0;1;0;0;0;1;1;-15,0952;-41,0173;SPRF-BA;DEL08-BA;UOP01-DEL08-BA
632173;02/10/2024;quarta-feira;20:00:00;GO;80;64;PADRE BERNARDO;Iluminação deficiente;Colisão traseira;Com Vítimas Feridas;Plena Noite;Decrescente;Céu Claro;Simples;"Reta;Declive";Não;2;0;1;0;1;0;1;2;-15,188176;-48,434225;SPRF-DF;DEL03-DF;UOP02-DEL03-DF
632174;02/10/2024;quarta-feira;22:10:00;RO;435;35;VILHENA;Ausência de reação do condutor;Colisão com objeto;Com Vítimas Feridas;Plena Noite;Decrescente;Céu Claro;Simples;Curva;Não;1;0;0;1;0;0;1;1;-12,84736708;-60,37897271;SPRF-RO;DEL04-RO;UOP02-DEL04-RO
632175;03/10/2024;quinta-feira;00:30:00;ES;101;2;PEDRO CANARIO;Ingestão de álcool pelo condutor;Colisão lateral sentido oposto;Com Vítimas Feridas;Plena Noite;Crescente;Céu Claro;Simples;Reta;Não;2;0;0;1;1;0;1;2;-18,19250223;-39,92246769;SPRF-ES;DEL04-ES;UOP02-DEL04-ES
632176;02/10/2024;quarta-feira;22:18:00;SC;116;232,5;CORREIA PINTO;Ingestão de álcool pelo condutor;Saída de leito carroçável;Com Vítimas Feridas;Plena Noite;Crescente;Chuva;Simples;Curva;Não;1;0;1;0;0;0;1;1;-27,68373205;-50,33513353;SPRF-SC;DEL05-SC;UOP03-DEL05-SC
632178;02/10/2024;quarta-feira;22:30:00;RJ;116;172;SAO JOAO DE MERITI;Ausência de reação do condutor;Tombamento;Com Vítimas Feridas;Plena Noite;Crescente;Céu Claro;Múltipla;Reta;Sim;1;0;1;0;0;0;1;1;-22,80188151;-43,35043673;SPRF-RJ;DEL06-RJ;UOP01-DEL06-RJ
632179;03/10/2024;quinta-feira;01:00:00;MG;381;479,5;CONTAGEM;Demais falhas mecânicas ou elétricas;Colisão com objeto;Com Vítimas Feridas;Plena Noite;Crescente;Céu Claro;Múltipla;"Curva;Aclive";Sim;3;0;2;0;1;0;2;2;-19,9634761;-44,0481785;SPRF-MG;DEL01-MG;UOP03-DEL01-MG
632180;03/10/2024;quinta-feira;01:00:00;SP;116;83,4;ROSEIRA;Acumulo de areia ou detritos sobre o pavimento;Capotamento;Com Vítimas Feridas;Plena Noite;Crescente;Céu Claro;Dupla;"Reta;Em Obras";Não;3;0;2;0;1;0;2;1;-22,91346033;-45,32740983;SPRF-SP;DEL08-SP;UOP01-DEL08-SP
632182;03/10/2024;quinta-feira;01:40:00;MG;40;478,9;SETE LAGOAS;Ingestão de álcool pelo condutor;Saída de leito carroçável;Com Vítimas Feridas;Plena Noite;Crescente;Céu Claro;Dupla;"Reta;Aclive";Não;2;0;1;0;1;0;1;1;-19,52848686;-44,25950083;SPRF-MG;DEL02-MG;UOP01-DEL02-MG
632184;03/10/2024;quinta-feira;01:30:00;MT;70;330;DOM AQUINO;Ausência de reação do condutor;Saída de leito carroçável;Com Vítimas Feridas;Plena Noite;Decrescente;Céu Claro;Simples;Reta;Não;4;0;1;0;3;0;1;1;-15,51156169;-54,70689107;SPRF-MT;DEL05-MT;UOP01-DEL05-MT
632185;03/10/2024;quinta-feira;03:24:00;SP;116;276;EMBU DAS ARTES;Ingestão de álcool pelo condutor;Queda de ocupante de veículo;Com Vítimas Feridas;Plena Noite;Crescente;Céu Claro;Dupla;Reta;Sim;1;0;0;1;0;0;1;1;-23,64262417;-46,83811382;SPRF-SP;DEL04-SP;UOP01-DEL04-SP
632187;03/10/2024;quinta-feira;04:00:00;SC;101;129;BALNEARIO CAMBORIU;Reação tardia ou ineficiente do condutor;Saída de leito carroçável;Com Vítimas Feridas;Plena Noite;Decrescente;Nublado;Dupla;Reta;Sim;1;0;1;0;0;0;1;1;-26,98064277;-48,6790679;SPRF-SC;DEL04-SC;UOP03-DEL04-SC
632194;03/10/2024;quinta-feira;03:40:00;RJ;116;131;MAGE;Ingestão de álcool pelo condutor;Tombamento;Com Vítimas Fatais;Plena Noite;Crescente;Céu Claro;Simples;"Viaduto;Curva";Não;2;1;0;1;0;0;1;1;-22,65608024;-43,12511494;SPRF-RJ;DEL04-RJ;UOP02-DEL04-RJ
632195;02/10/2024;quarta-feira;20:00:00;PE;116;43;SALGUEIRO;Ausência de reação do condutor;Colisão traseira;Com Vítimas Fatais;Plena Noite;Crescente;Céu Claro;Simples;"Reta;Declive";Não;2;1;0;0;0;1;0;2;-8,2145;-39,103329;SPRF-PE;DEL05-PE;UOP01-DEL05-PE
632196;03/10/2024;quinta-feira;06:20:00;CE;304;48,8;ARACATI;Condutor deixou de manter distância do veículo da frente;Colisão traseira;Com Vítimas Feridas;Pleno dia;Crescente;Céu Claro;Simples;Curva;Sim;3;0;1;1;0;1;2;2;-4,57863423;-37,77996807;SPRF-CE;DEL03-CE;UOP03-DEL03-CE
632198;03/10/2024;quinta-feira;06:40:00;RS;116;154,1;CAXIAS DO SUL;Reação tardia ou ineficiente do condutor;Colisão transversal;Com Vítimas Feridas;Pleno dia;Crescente;Sol;Simples;"Reta;Retorno Regulamentado";Sim;2;0;0;1;1;0;1;2;-29,19074818;-51,18073734;SPRF-RS;DEL05-RS;UOP01-DEL05-RS
632201;07/08/2024;quarta-feira;17:40:00;ES;259;24,5;COLATINA;Transitar na contramão;Colisão frontal;Com Vítimas Fatais;Anoitecer;Crescente;Céu Claro;Simples;Reta;Não;3;1;1;0;1;0;1;2;-19,62270231;-40,46880009;SPRF-ES;DEL02-ES;UOP01-DEL02-ES
632205;03/10/2024;quinta-feira;06:00:00;PE;407;79,5;PETROLINA;Animais na Pista;Atropelamento de Animal;Com Vítimas Fatais;Pleno dia;Decrescente;Céu Claro;Simples;Declive;Não;1;1;0;0;0;0;0;1;-9,00260507;-40,70129314;SPRF-PE;DEL06-PE;UOP02-DEL06-PE
632206;03/10/2024;quinta-feira;05:00:00;RJ;40;93;PETROPOLIS;Ausência de reação do condutor;Queda de ocupante de veículo;Com Vítimas Feridas;Amanhecer;Decrescente;Céu Claro;Simples;Curva;Não;2;0;2;0;0;0;2;1;-22,5554282;-43,25829998;SPRF-RJ;DEL01-RJ;UOP01-DEL01-RJ
632207;03/10/2024;quinta-feira;07:10:00;RS;448;10;CANOAS;Ausência de reação do condutor;Colisão lateral mesmo sentido;Com Vítimas Feridas;Pleno dia;Decrescente;Céu Claro;Dupla;Reta;Sim;2;0;0;1;0;1;1;2;-29,903273;-51,244934;SPRF-RS;DEL01-RS;UOP01-DEL01-RS
632208;03/10/2024;quinta-feira;07:45:00;MG;40;523,7;CONTAGEM;Ausência de reação do condutor;Colisão lateral mesmo sentido;Com Vítimas Feridas;Pleno dia;Crescente;Céu Claro;Dupla;Reta;Não;2;0;1;0;1;0;1;2;-19,86874894;-44,05962197;SPRF-MG;DEL01-MG;UOP02-DEL01-MG
632211;03/10/2024;quinta-feira;08:20:00;SC;101;203;SAO JOSE;Trafegar com motocicleta (ou similar) entre as faixas;Colisão traseira;Com Vítimas Feridas;Pleno dia;Crescente;Céu Claro;Múltipla;Reta;Sim;3;0;2;0;1;0;2;2;-27,5650044;-48,61460082;SPRF-SC;DEL01-SC;UOP01-DEL01-SC
632215;03/10/2024;quinta-feira;08:40:00;ES;101;261,5;SERRA;Avarias e/ou desgaste excessivo no pneu;Tombamento;Com Vítimas Feridas;Pleno dia;Crescente;Céu Claro;Dupla;Reta;Sim;2;0;2;0;0;0;2;1;-20,14854215;-40,27970926;SPRF-ES;DEL02-ES;UOP01-DEL02-ES
632216;03/10/2024;quinta-feira;08:10:00;RS;116;257;ESTEIO;Reação tardia ou ineficiente do condutor;Colisão com objeto;Com Vítimas Feridas;Pleno dia;Decrescente;Nublado;Múltipla;"Interseção de Vias;Reta;Em Obras";Sim;1;0;1;0;0;0;1;1;-29,85085462;-51,17943627;SPRF-RS;DEL01-RS;UOP02-DEL01-RS
632217;03/10/2024;quinta-feira;07:24:00;PI;316;3;TERESINA;Condutor deixou de manter distância do veículo da frente;Colisão traseira;Com Vítimas Feridas;Pleno dia;Decrescente;Sol;Múltipla;Reta;Sim;5;0;1;0;4;0;1;4;-5,12826443;-42,79292384;SPRF-PI;DEL01-PI;UOP02-DEL01-PI
632219;03/10/2024;quinta-feira;09:00:00;ES;101;265;SERRA;Manobra de mudança de faixa;Colisão lateral mesmo sentido;Com Vítimas Feridas;Pleno dia;Crescente;Sol;Múltipla;Reta;Sim;3;0;2;0;1;0;2;2;-20,1816849;-40,26536036;SPRF-ES;DEL02-ES;UOP01-DEL02-ES
632220;03/10/2024;quinta-feira;08:40:00;RS;116;260;CANOAS;Manobra de mudança de faixa;Colisão traseira;Com Vítimas Feridas;Pleno dia;Crescente;Céu Claro;Múltipla;Reta;Sim;2;0;1;0;1;0;1;2;-29,879208;-51,18045622;SPRF-RS;DEL01-RS;UOP01-DEL01-RS
632222;03/10/2024;quinta-feira;09:00:00;SC;470;58;BLUMENAU;Ultrapassagem Indevida;Colisão transversal;Sem Vítimas;Pleno dia;Decrescente;Nublado;Simples;"Em Obras;Reta";Sim;2;0;0;0;2;0;0;2;-26,883879;-49,145622;SPRF-SC;DEL04-SC;UOP01-DEL04-SC
632224;03/10/2024;quinta-feira;05:40:00;MS;163;407,2;NOVA ALVORADA DO SUL;Ausência de reação do condutor;Saída de leito carroçável;Com Vítimas Feridas;Amanhecer;Crescente;Ignorado;Simples;Reta;Não;1;0;0;1;0;0;1;1;-21,1060121;-54,48605044;SPRF-MS;DEL02-MS;UOP01-DEL02-MS
632226;03/10/2024;quinta-feira;07:50:00;MG;40;521,6;CONTAGEM;Transitar no Acostamento;Colisão traseira;Com Vítimas Feridas;Pleno dia;Crescente;Céu Claro;Dupla;Reta;Não;4;0;1;1;2;0;2;2;-19,85651501;-44,07213222;SPRF-MG;DEL01-MG;UOP02-DEL01-MG
632231;03/10/2024;quinta-feira;08:40:00;MS;163;257;DOURADOS;Manobra de mudança de faixa;Saída de leito carroçável;Sem Vítimas;Pleno dia;Crescente;Céu Claro;Dupla;"Aclive;Reta";Sim;1;0;0;0;1;0;0;1;-22,25888398;-54,793819;SPRF-MS;DEL04-MS;UOP01-DEL04-MS
632232;03/10/2024;quinta-feira;06:30:00;PI;343;314,6;ALTOS;Demais falhas mecânicas ou elétricas;Tombamento;Com Vítimas Feridas;Pleno dia;Crescente;Céu Claro;Simples;Reta;Não;2;0;2;0;0;0;2;1;-5,047346;-42,518414;SPRF-PI;DEL01-PI;UOP01-DEL01-PI
632233;16/04/2024;terça-feira;18:05:00;PR;277;190,4;PALMEIRA;Ausência de reação do condutor;Capotamento;Sem Vítimas;Plena Noite;Decrescente;Chuva;Simples;"Declive;Reta";Não;1;0;0;0;1;0;0;1;-25,449157;-50,192719;SPRF-PR;DEL08-PR;UOP02-DEL08-PR
632236;03/10/2024;quinta-feira;07:30:00;RS;290;88;PORTO ALEGRE;Condutor deixou de manter distância do veículo da frente;Colisão traseira;Sem Vítimas;Pleno dia;Crescente;Céu Claro;Múltipla;Reta;Não;2;0;0;0;2;0;0;2;-29,967531;-51,137264;SPRF-RS;DEL01-RS;UOP01-DEL01-RS
632238;03/10/2024;quinta-feira;10:00:00;SP;381;89;GUARULHOS;Reação tardia ou ineficiente do condutor;Queda de ocupante de veículo;Com Vítimas Feridas;Pleno dia;Crescente;Céu Claro;Múltipla;Reta;Sim;1;0;1;0;0;0;1;1;-23,48469299;-46,55983288;SPRF-SP;DEL03-SP;UOP01-DEL03-SP
632239;03/10/2024;quinta-feira;10:30:00;SC;282;0;FLORIANOPOLIS;Reação tardia ou ineficiente do condutor;Colisão traseira;Com Vítimas Feridas;Pleno dia;Decrescente;Céu Claro;Múltipla;Reta;Sim;2;0;1;0;1;0;1;2;-27,59845;-48,571995;SPRF-SC;DEL01-SC;UOP01-DEL01-SC
632241;03/10/2024;quinta-feira;07:40:00;SC;116;207,3;PONTE ALTA;Desrespeitar a preferência no cruzamento;Colisão transversal;Com Vítimas Feridas;Pleno dia;Decrescente;Chuva;Simples;Rotatória;Sim;2;0;1;0;1;0;1;2;-27,48199748;-50,37911479;SPRF-SC;DEL05-SC;UOP03-DEL05-SC
632244;03/10/2024;quinta-feira;09:00:00;PA;316;150;CAPANEMA;Ingestão de álcool pelo condutor;Colisão transversal;Com Vítimas Feridas;Pleno dia;Decrescente;Sol;Simples;Reta;Sim;3;0;0;1;2;0;1;2;-1,213505;-47,180537;SPRF-PA;DEL01-PA;UOP03-DEL01-PA
632245;13/09/2024;sexta-feira;07:00:00;MG;40;514,5;RIBEIRAO DAS NEVES;Condutor deixou de manter distância do veículo da frente;Colisão traseira;Com Vítimas Feridas;Pleno dia;Crescente;Céu Claro;Dupla;Reta;Não;2;0;1;0;1;0;1;2;-19,80151928;-44,10000333;SPRF-MG;DEL01-MG;UOP02-DEL01-MG
632246;03/10/2024;quinta-feira;07:15:00;RJ;101;504;ANGRA DOS REIS;Acessar a via sem observar a presença dos outros veículos;Colisão transversal;Com Vítimas Feridas;Pleno dia;Crescente;Céu Claro;Simples;Reta;Sim;2;0;0;1;1;0;1;2;-22,93155828;-44,38812093;SPRF-RJ;DEL03-RJ;UOP03-DEL03-RJ
632247;03/10/2024;quinta-feira;10:40:00;RJ;101;333;RIO DE JANEIRO;Condutor deixou de manter distância do veículo da frente;Colisão traseira;Com Vítimas Feridas;Pleno dia;Crescente;Nublado;Múltipla;Reta;Não;2;0;1;0;1;0;1;2;-22,87827816;-43,21053578;SPRF-RJ;DEL02-RJ;UOP01-DEL02-RJ
632249;03/10/2024;quinta-feira;11:02:00;PR;116;123;CURITIBA;Condutor deixou de manter distância do veículo da frente;Colisão lateral mesmo sentido;Com Vítimas Feridas;Pleno dia;Decrescente;Nublado;Dupla;"Aclive;Reta";Não;2;0;0;1;1;0;1;2;-25,611723;-49,318733;SPRF-PR;DEL01-PR;UOP03-DEL01-PR
632250;03/10/2024;quinta-feira;12:00:00;PR;376;1;APUCARANA;Retorno proibido;Colisão transversal;Com Vítimas Feridas;Pleno dia;Crescente;Céu Claro;Simples;"Interseção de Vias;Reta";Sim;2;0;0;1;1;0;1;2;-23,5513;-51,461266;SPRF-PR;DEL07-PR;UOP03-DEL07-PR
632251;03/10/2024;quinta-feira;11:50:00;AL;316;259,6;PILAR;Suicídio (presumido);Queda de ocupante de veículo;Com Vítimas Feridas;Pleno dia;Decrescente;Céu Claro;Simples;Reta;Não;2;0;1;0;1;0;1;1;-9,5916564;-35,914033;SPRF-AL;DEL02-AL;UOP01-DEL02-AL
632252;03/10/2024;quinta-feira;11:50:00;SP;153;57,1;SAO JOSE DO RIO PRETO;Avarias e/ou desgaste excessivo no pneu;Tombamento;Com Vítimas Feridas;Pleno dia;Crescente;Céu Claro;Dupla;Reta;Sim;2;0;1;1;0;0;2;1;-20,76991095;-49,34982212;SPRF-SP;DEL09-SP;UOP01-DEL09-SP
632254;03/10/2024;quinta-feira;12:10:00;RS;116;302;GUAIBA;Conversão proibida;Colisão transversal;Com Vítimas Feridas;Pleno dia;Decrescente;Céu Claro;Múltipla;Em Obras;Sim;2;0;1;0;1;0;1;2;-30,13970487;-51,35942618;SPRF-RS;DEL02-RS;UOP01-DEL02-RS
632255;03/10/2024;quinta-feira;11:07:00;MS;267;482,7;JARDIM;Acessar a via sem observar a presença dos outros veículos;Colisão transversal;Com Vítimas Feridas;Pleno dia;Crescente;Nublado;Simples;"Reta;Interseção de Vias";Sim;2;0;1;0;1;0;1;2;-21,47861933;-56,16398692;SPRF-MS;DEL05-MS;UOP01-DEL05-MS
632256;03/10/2024;quinta-feira;12:00:00;PR;476;182,1;LAPA;Curva acentuada;Saída de leito carroçável;Com Vítimas Feridas;Pleno dia;Decrescente;Nublado;Simples;Curva;Não;1;0;0;1;0;0;1;1;-25,714262;-49,608009;SPRF-PR;DEL01-PR;UOP06-DEL01-PR
632258;06/08/2024;terça-feira;09:40:00;RJ;101;322;NITEROI;Frear bruscamente;Colisão traseira;Sem Vítimas;Pleno dia;Decrescente;Céu Claro;Múltipla;Reta;Não;1;0;0;0;1;0;0;1;-22,878923;-43,110676;SPRF-RJ;DEL02-RJ;UOP01-DEL02-RJ
632259;03/10/2024;quinta-feira;11:10:00;SC;101;204;SAO JOSE;Manobra de mudança de faixa;Colisão lateral mesmo sentido;Com Vítimas Feridas;Pleno dia;Decrescente;Céu Claro;Múltipla;Interseção de Vias;Sim;2;0;1;0;1;0;1;2;-27,57413014;-48,61363083;SPRF-SC;DEL01-SC;UOP01-DEL01-SC
632260;03/10/2024;quinta-feira;10:41:00;PI;343;312;ALTOS;Reação tardia ou ineficiente do condutor;Colisão transversal;Com Vítimas Feridas;Pleno dia;Crescente;Sol;Simples;Reta;Sim;2;0;0;1;1;0;1;2;-5,041864;-42,502338;SPRF-PI;DEL01-PI;UOP01-DEL01-PI
632261;03/10/2024;quinta-feira;10:20:00;SC;101;54;JOINVILLE;Condutor deixou de manter distância do veículo da frente;Colisão traseira;Com Vítimas Feridas;Pleno dia;Decrescente;Nublado;Dupla;Reta;Não;2;0;1;0;1;0;1;2;-26,41319508;-48,83617332;SPRF-SC;DEL03-SC;UOP01-DEL03-SC
632262;03/10/2024;quinta-feira;08:10:00;SP;459;10;PIQUETE;Ausência de reação do condutor;Colisão com objeto;Com Vítimas Feridas;Pleno dia;Crescente;Nublado;Simples;Curva;Não;1;0;1;0;0;0;1;1;-22,586941;-45,18961;SPRF-SP;DEL08-SP;UOP02-DEL08-SP
632263;03/10/2024;quinta-feira;10:50:00;MG;262;449;NOVA SERRANA;Ausência de reação do condutor;Colisão traseira;Com Vítimas Feridas;Pleno dia;Decrescente;Céu Claro;Simples;Reta;Não;3;0;1;0;2;0;1;3;-19,85072864;-45,02867659;SPRF-MG;DEL08-MG;UOP03-DEL08-MG
632264;03/10/2024;quinta-feira;13:01:00;PE;104;65;CARUARU;Pedestre cruzava a pista fora da faixa;Atropelamento de Pedestre;Com Vítimas Feridas;Pleno dia;Crescente;Nublado;Dupla;Reta;Sim;2;0;1;1;0;0;2;2;-8,2867;-35,9838;SPRF-PE;DEL02-PE;UOP01-DEL02-PE
632265;20/09/2024;sexta-feira;16:20:00;ES;262;69,5;MARECHAL FLORIANO;Reação tardia ou ineficiente do condutor;Queda de ocupante de veículo;Com Vítimas Feridas;Pleno dia;Decrescente;Céu Claro;Simples;"Declive;Reta";Não;2;0;1;0;1;0;1;2;-20,41226608;-40,85971695;SPRF-ES;DEL01-ES;UOP02-DEL01-ES
632270;03/10/2024;quinta-feira;12:50:00;MG;40;229;SAO GONCALO DO ABAETE;Ausência de reação do condutor;Saída de leito carroçável;Com Vítimas Feridas;Pleno dia;Crescente;Céu Claro;Simples;Reta;Não;1;0;1;0;0;0;1;1;-18,00354272;-45,57853795;SPRF-MG;DEL14-MG;UOP02-DEL14-MG
632274;03/10/2024;quinta-feira;12:45:00;SC;101;331,1;TUBARAO;Reação tardia ou ineficiente do condutor;Colisão com objeto;Com Vítimas Feridas;Pleno dia;Crescente;Céu Claro;Dupla;Reta;Não;3;0;2;0;1;0;2;1;-28,46838949;-49,00794983;SPRF-SC;DEL02-SC;UOP01-DEL02-SC
632275;03/10/2024;quinta-feira;13:10:00;ES;101;125,5;SOORETAMA;Conversão proibida;Colisão lateral mesmo sentido;Com Vítimas Feridas;Pleno dia;Crescente;Céu Claro;Múltipla;Reta;Sim;2;0;1;0;1;0;1;2;-19,18496498;-40,09429827;SPRF-ES;DEL04-ES;UOP01-DEL04-ES
632276;03/10/2024;quinta-feira;13:20:00;MG;116;276;TEOFILO OTONI;Retorno proibido;Colisão lateral mesmo sentido;Com Vítimas Feridas;Pleno dia;Decrescente;Sol;Simples;Reta;Sim;2;0;0;1;1;0;1;2;-17,85105696;-41,51454492;SPRF-MG;DEL11-MG;UOP01-DEL11-MG
632278;03/10/2024;quinta-feira;12:30:00;PE;408;20,3;TIMBAUBA;Ausência de reação do condutor;Colisão transversal;Com Vítimas Feridas;Pleno dia;Crescente;Céu Claro;Simples;"Interseção de Vias;Reta";Sim;3;0;0;3;0;0;3;2;-7,52257159;-35,29948406;SPRF-PE;DEL01-PE;UOP02-DEL01-PE
632279;03/10/2024;quinta-feira;14:15:00;GO;60;92,7;ANAPOLIS;Manobra de mudança de faixa;Colisão transversal;Com Vítimas Feridas;Pleno dia;Crescente;Céu Claro;Dupla;Reta;Sim;2;0;1;1;0;0;2;2;-16,35268;-48,917866;SPRF-GO;DEL02-GO;UOP01-DEL02-GO
632280;03/10/2024;quinta-feira;13:50:00;ES;101;259;SERRA;Ausência de reação do condutor;Colisão traseira;Com Vítimas Feridas;Pleno dia;Crescente;Sol;Dupla;"Aclive;Reta";Sim;2;0;1;0;0;1;1;2;-20,138397;-40,292213;SPRF-ES;DEL02-ES;UOP01-DEL02-ES
632282;03/10/2024;quinta-feira;14:45:00;RS;158;196,9;CRUZ ALTA;Acessar a via sem observar a presença dos outros veículos;Colisão transversal;Com Vítimas Feridas;Pleno dia;Decrescente;Céu Claro;Simples;"Declive;Curva";Sim;3;0;1;0;2;0;1;2;-28,65262927;-53,58355777;SPRF-RS;DEL10-RS;UOP02-DEL10-RS
632283;03/10/2024;quinta-feira;14:30:00;SC;101;209,5;SAO JOSE;Acesso irregular;Colisão transversal;Com Vítimas Feridas;Pleno dia;Crescente;Nublado;Múltipla;Interseção de Vias;Sim;2;0;1;0;1;0;1;2;-27,61000542;-48,63895057;SPRF-SC;DEL01-SC;UOP01-DEL01-SC
632284;03/10/2024;quinta-feira;13:45:00;SC;101;45;JOINVILLE;Reação tardia ou ineficiente do condutor;Colisão lateral mesmo sentido;Com Vítimas Feridas;Pleno dia;Decrescente;Nublado;Dupla;"Declive;Viaduto";Sim;2;0;1;0;1;0;1;2;-26,32214492;-48,8689509;SPRF-SC;DEL03-SC;UOP01-DEL03-SC
632285;03/10/2024;quinta-feira;14:15:00;GO;70;9;AGUAS LINDAS DE GOIAS;Ausência de reação do condutor;Colisão traseira;Com Vítimas Feridas;Pleno dia;Crescente;Céu Claro;Dupla;Reta;Sim;2;0;2;0;0;0;2;2;-15,73576731;-48,28288046;SPRF-DF;DEL03-DF;UOP02-DEL03-DF
632286;03/10/2024;quinta-feira;14:30:00;SC;280;47,7;GUARAMIRIM;Condutor deixou de manter distância do veículo da frente;Colisão traseira;Com Vítimas Feridas;Pleno dia;Decrescente;Céu Claro;Simples;Em Obras;Não;2;0;1;0;1;0;1;2;-26,45353692;-48,917876;SPRF-SC;DEL03-SC;UOP03-DEL03-SC
632288;03/10/2024;quinta-feira;10:45:00;RO;435;84,7;COLORADO DO OESTE;Desrespeitar a preferência no cruzamento;Colisão transversal;Com Vítimas Feridas;Pleno dia;Crescente;Céu Claro;Dupla;"Declive;Reta";Sim;2;0;1;0;1;0;1;2;-13,12496786;-60,54447722;SPRF-RO;DEL04-RO;UOP02-DEL04-RO
632290;03/10/2024;quinta-feira;14:40:00;MG;40;508,6;CONTAGEM;Manobra de mudança de faixa;Colisão traseira;Com Vítimas Feridas;Pleno dia;Decrescente;Sol;Dupla;"Reta;Retorno Regulamentado";Sim;2;0;1;0;1;0;1;2;-19,76061249;-44,1347544;SPRF-MG;DEL02-MG;UOP01-DEL02-MG