id;data_inversa;dia_semana;horario;uf;br;km;municipio;causa_acidente;tipo_acidente;classificacao_acidente;fase_dia;sentido_via;condicao_metereologica;tipo_pista;tracado_via;uso_solo;pessoas;mortos;feridos_leves;feridos_graves;ilesos;ignorados;feridos;veiculos;latitude;longitude;regional;delegacia;uop
632292;03/10/2024;quinta-feira;15:15:00;BA;116;674,4;JEQUIE;Acessar a via sem observar a presença dos outros veículos;Colisão transversal;Com Vítimas Feridas;Pleno dia;Crescente;Sol;Simples;Rotatória;Sim;2;0;1;0;1;0;1;2;-13,81715;-40,11209098;SPRF-BA;DEL03-BA;UOP01-DEL03-BA
632293;03/10/2024;quinta-feira;15:15:00;GO;60;103;GOIANAPOLIS;Ausência de reação do condutor;Colisão traseira;Com Vítimas Feridas;Pleno dia;Crescente;Sol;Dupla;Reta;Não;2;0;1;0;1;0;1;1;-16,4098;-48,9913;SPRF-GO;DEL02-GO;UOP01-DEL02-GO
632294;03/10/2024;quinta-feira;15:20:00;SC;101;206,8;SAO JOSE;Frear bruscamente;Colisão traseira;Com Vítimas Feridas;Pleno dia;Crescente;Chuva;Múltipla;"Curva;Aclive";Sim;2;0;1;0;0;1;1;2;-27,59193546;-48,61824557;SPRF-SC;DEL01-SC;UOP01-DEL01-SC
632296;03/10/2024;quinta-feira;13:50:00;RS;287;527,9;SAO BORJA;Acessar a via sem observar a presença dos outros veículos;Colisão transversal;Com Vítimas Feridas;Pleno dia;Crescente;Céu Claro;Simples;"Interseção de Vias;Reta";Não;3;0;2;0;1;0;2;2;-28,69103941;-55,91757774;SPRF-RS;DEL12-RS;UOP01-DEL12-RS
632297;03/10/2024;quinta-feira;16:15:00;PB;230;22;JOAO PESSOA;Manobra de mudança de faixa;Colisão lateral mesmo sentido;Com Vítimas Feridas;Pleno dia;Decrescente;Céu Claro;Simples;Reta;Sim;3;0;2;0;1;0;2;2;-7,1495;-34,8517;SPRF-PB;DEL01-PB;UOP01-DEL01-PB
632299;03/10/2024;quinta-feira;15:00:00;RJ;101;222;SILVA JARDIM;Mal súbito do condutor;Colisão frontal;Sem Vítimas;Pleno dia;Decrescente;Céu Claro;Dupla;Reta;Não;4;0;0;0;3;1;0;4;-22,51762059;-42,336715;SPRF-RJ;DEL02-RJ;UOP03-DEL02-RJ
632302;03/10/2024;quinta-feira;11:30:00;GO;60;309;ACREUNA;Reação tardia ou ineficiente do condutor;Saída de leito carroçável;Com Vítimas Feridas;Pleno dia;Decrescente;Sol;Dupla;Reta;Não;2;0;0;2;0;0;2;1;-17,4097;-50,4044;SPRF-GO;DEL04-GO;UOP02-DEL04-GO
632305;03/10/2024;quinta-feira;17:00:00;PB;230;16,9;JOAO PESSOA;Manobra de mudança de faixa;Colisão lateral mesmo sentido;Com Vítimas Feridas;Pleno dia;Decrescente;Céu Claro;Dupla;Reta;Sim;2;0;1;0;0;1;1;2;-7,11289117;-34,84229207;SPRF-PB;DEL01-PB;UOP01-DEL01-PB
632306;03/10/2024;quinta-feira;16:45:00;PR;376;3,8;APUCARANA;Ingestão de álcool pelo condutor;Colisão traseira;Sem Vítimas;Pleno dia;Crescente;Nublado;Simples;Reta;Sim;2;0;0;0;2;0;0;2;-23,55682471;-51,44256413;SPRF-PR;DEL07-PR;UOP03-DEL07-PR
632307;03/10/2024;quinta-feira;15:50:00;BA;116;453,2;SANTO ESTEVAO;Reação tardia ou ineficiente do condutor;Saída de leito carroçável;Com Vítimas Fatais;Pleno dia;Decrescente;Céu Claro;Dupla;"Reta;Declive;Ponte";Não;5;4;0;1;0;0;1;1;-12,4095031;-39,181128;SPRF-BA;DEL02-BA;UOP01-DEL02-BA
632312;03/10/2024;quinta-feira;17:15:00;MG;116;277;TEOFILO OTONI;Acessar a via sem observar a presença dos outros veículos;Colisão lateral mesmo sentido;Com Vítimas Feridas;Anoitecer;Crescente;Céu Claro;Simples;Reta;Sim;2;0;1;0;1;0;1;2;-17,859945;-41,515144;SPRF-MG;DEL11-MG;UOP01-DEL11-MG
632314;03/10/2024;quinta-feira;17:45:00;RS;470;228;GARIBALDI;Conversão proibida;Colisão transversal;Com Vítimas Feridas;Pleno dia;Decrescente;Céu Claro;Dupla;Reta;Sim;3;0;1;0;2;0;1;2;-29,21759706;-51,51703722;SPRF-RS;DEL06-RS;UOP01-DEL06-RS
632316;03/10/2024;quinta-feira;16:30:00;MG;116;536,5;SANTA RITA DE MINAS;Acessar a via sem observar a presença dos outros veículos;Colisão frontal;Com Vítimas Feridas;Pleno dia;Crescente;Céu Claro;Simples;Reta;Sim;2;0;1;0;1;0;1;2;-19,8582936;-42,1353868;SPRF-MG;DEL06-MG;UOP02-DEL06-MG
632317;03/10/2024;quinta-feira;17:15:00;PB;101;73,7;SANTA RITA;Acessar a via sem observar a presença dos outros veículos;Colisão transversal;Com Vítimas Feridas;Anoitecer;Crescente;Ignorado;Dupla;"Reta;Declive";Não;8;0;6;0;2;0;6;2;-7,07828212;-34,98823508;SPRF-PB;DEL01-PB;UOP04-DEL01-PB
632319;03/10/2024;quinta-feira;17:55:00;SC;282;3;FLORIANOPOLIS;Velocidade Incompatível;Colisão lateral mesmo sentido;Com Vítimas Feridas;Pleno dia;Crescente;Céu Claro;Múltipla;Reta;Sim;3;0;1;0;0;2;1;3;-27,600384;-48,599705;SPRF-SC;DEL01-SC;UOP01-DEL01-SC
632320;03/10/2024;quinta-feira;16:15:00;MG;153;195;FRUTAL;Ausência de reação do condutor;Queda de ocupante de veículo;Com Vítimas Feridas;Pleno dia;Decrescente;Céu Claro;Simples;Declive;Não;1;0;1;0;0;0;1;1;-19,96769471;-48,99592821;SPRF-MG;DEL13-MG;UOP02-DEL13-MG
632321;03/10/2024;quinta-feira;17:55:00;CE;304;49,3;ARACATI;Animais na Pista;Atropelamento de Animal;Com Vítimas Feridas;Anoitecer;Decrescente;Céu Claro;Simples;Reta;Não;1;0;1;0;0;0;1;1;-4,57900414;-37,77070889;SPRF-CE;DEL03-CE;UOP03-DEL03-CE
632322;03/10/2024;quinta-feira;17:55:00;SE;235;41,7;AREIA BRANCA;Entrada inopinada do pedestre;Atropelamento de Pedestre;Com Vítimas Fatais;Plena Noite;Crescente;Céu Claro;Simples;Reta;Não;2;1;0;1;0;0;1;2;-10,769856;-37,373135;SPRF-SE;DEL01-SE;UOP02-DEL01-SE
632323;03/10/2024;quinta-feira;16:30:00;PR;376;469;PONTA GROSSA;Velocidade Incompatível;Saída de leito carroçável;Com Vítimas Feridas;Pleno dia;Crescente;Nublado;Dupla;Reta;Não;1;0;0;1;0;0;1;1;-25,03974803;-50,27969674;SPRF-PR;DEL03-PR;UOP01-DEL03-PR
632324;03/10/2024;quinta-feira;17:55:00;PR;277;246,8;IRATI;Manobra de mudança de faixa;Colisão transversal;Com Vítimas Feridas;Anoitecer;Crescente;Céu Claro;Simples;Reta;Não;3;0;1;0;2;0;1;2;-25,453166;-50,651406;SPRF-PR;DEL08-PR;UOP02-DEL08-PR
632325;03/10/2024;quinta-feira;13:00:00;RS;386;145;SARANDI;Manobra de mudança de faixa;Colisão frontal;Com Vítimas Fatais;Pleno dia;Crescente;Céu Claro;Simples;Curva;Não;2;1;0;1;0;0;1;2;-28,039812;-52,873158;SPRF-RS;DEL08-RS;UOP01-DEL08-RS
632328;03/10/2024;quinta-feira;13:30:00;PR;376;327;ORTIGUEIRA;Reação tardia ou ineficiente do condutor;Saída de leito carroçável;Com Vítimas Feridas;Pleno dia;Decrescente;Chuva;Simples;Curva;Não;2;0;2;0;0;0;2;1;-24,10226312;-51,04241024;SPRF-PR;DEL07-PR;UOP02-DEL07-PR
632329;03/10/2024;quinta-feira;17:39:00;RJ;116;274,4;BARRA MANSA;Manobra de mudança de faixa;Colisão lateral mesmo sentido;Com Vítimas Feridas;Plena Noite;Decrescente;Céu Claro;Dupla;Curva;Não;1;0;1;0;0;0;1;1;-22,56163574;-44,14771584;SPRF-RJ;DEL07-RJ;UOP02-DEL07-RJ
632330;03/10/2024;quinta-feira;18:50:00;PE;101;80;JABOATAO DOS GUARARAPES;Pedestre cruzava a pista fora da faixa;Atropelamento de Pedestre;Com Vítimas Feridas;Plena Noite;Crescente;Céu Claro;Múltipla;Reta;Não;2;0;1;0;1;0;1;2;-8,15112589;-34,9428866;SPRF-PE;DEL01-PE;UOP01-DEL01-PE
632331;04/08/2024;domingo;13:30:00;ES;262;157,7;IBATIBA;Ingestão de álcool pelo condutor;Colisão traseira;Sem Vítimas;Pleno dia;Crescente;Céu Claro;Simples;Reta;Sim;2;0;0;0;2;0;0;2;-20,23140607;-41,50174357;SPRF-ES;DEL01-ES;UOP02-DEL01-ES
632332;03/10/2024;quinta-feira;15:45:00;PR;277;645,5;CEU AZUL;Conversão proibida;Colisão transversal;Com Vítimas Fatais;Pleno dia;Decrescente;Céu Claro;Simples;"Reta;Aclive";Não;2;1;0;0;1;0;0;2;-25,173714;-53,895862;SPRF-PR;DEL05-PR;UOP02-DEL05-PR
632333;03/10/2024;quinta-feira;18:49:00;BA;324;583;SAO SEBASTIAO DO PASSE;Demais falhas na via;Queda de ocupante de veículo;Com Vítimas Feridas;Plena Noite;Decrescente;Céu Claro;Dupla;Reta;Não;2;0;2;0;0;0;2;1;-12,6141891;-38,48700311;SPRF-BA;DEL01-BA;UOP01-DEL01-BA
632335;03/10/2024;quinta-feira;17:00:00;RS;470;225;GARIBALDI;Acessar a via sem observar a presença dos outros veículos;Colisão transversal;Com Vítimas Feridas;Pleno dia;Crescente;Céu Claro;Simples;"Reta;Interseção de Vias";Sim;3;0;1;0;2;0;1;2;-29,21454003;-51,51762617;SPRF-RS;DEL06-RS;UOP01-DEL06-RS
632336;03/10/2024;quinta-feira;18:40:00;GO;414;440,1;ANAPOLIS;Condutor deixou de manter distância do veículo da frente;Colisão traseira;Com Vítimas Feridas;Plena Noite;Crescente;Céu Claro;Simples;Reta;Sim;2;0;0;1;0;1;1;2;-16,28128823;-48,94258908;SPRF-GO;DEL02-GO;UOP01-DEL02-GO
632337;03/10/2024;quinta-feira;17:35:00;PA;316;102;SANTA MARIA DO PARA;Ausência de reação do condutor;Colisão traseira;Com Vítimas Feridas;Pleno dia;Decrescente;Nublado;Simples;Curva;Sim;2;0;2;0;0;0;2;2;-1,33808348;-47,58656009;SPRF-PA;DEL01-PA;UOP02-DEL01-PA
632341;03/10/2024;quinta-feira;17:30:00;PE;232;259,9;ARCOVERDE;Reação tardia ou ineficiente do condutor;Saída de leito carroçável;Com Vítimas Fatais;Anoitecer;Crescente;Céu Claro;Simples;Curva;Não;1;1;0;0;0;0;0;1;-8,40651849;-37,12023393;SPRF-PE;DEL04-PE;UOP02-DEL04-PE
632342;03/10/2024;quinta-feira;19:45:00;PR;376;2;APUCARANA;Ausência de sinalização;Colisão frontal;Com Vítimas Feridas;Plena Noite;Decrescente;Nublado;Simples;"Reta;Em Obras;Aclive";Sim;5;0;5;0;0;0;5;2;-23,5713246;-51,4281498;SPRF-PR;DEL07-PR;UOP03-DEL07-PR
632343;03/10/2024;quinta-feira;19:00:00;GO;50;270;CATALAO;Animais na Pista;Atropelamento de Animal;Com Vítimas Feridas;Plena Noite;Decrescente;Céu Claro;Dupla;Reta;Não;1;0;1;0;0;0;1;1;-18,1087;-47,8878;SPRF-GO;DEL06-GO;UOP01-DEL06-GO
632344;03/10/2024;quinta-feira;16:00:00;RJ;101;422;MANGARATIBA;Pista Escorregadia;Colisão frontal;Com Vítimas Feridas;Pleno dia;Crescente;Chuva;Simples;Curva;Não;3;0;3;0;0;0;3;2;-22,91608393;-43,94022903;SPRF-RJ;DEL03-RJ;UOP02-DEL03-RJ
632345;19/09/2024;quinta-feira;19:22:00;PA;0;0;BELEM;Demais falhas na via;Tombamento;Com Vítimas Feridas;Plena Noite;Não Informado;Garoa/Chuvisco;Simples;Reta;Sim;2;0;1;0;1;0;1;2;-1,455113;-48,504425;SPRF-PA;N/A;N/A
632346;03/10/2024;quinta-feira;19:20:00;DF;20;12;BRASILIA;Condutor deixou de manter distância do veículo da frente;Colisão traseira;Com Vítimas Feridas;Plena Noite;Decrescente;Céu Claro;Dupla;"Reta;Retorno Regulamentado";Sim;5;0;5;0;0;0;5;3;-15,642812;-47,757786;SPRF-DF;DEL02-DF;UOP01-DEL02-DF
632348;03/10/2024;quinta-feira;20:15:00;MG;40;520,3;CONTAGEM;Acessar a via sem observar a presença dos outros veículos;Colisão traseira;Com Vítimas Feridas;Plena Noite;Decrescente;Céu Claro;Dupla;Reta;Não;2;0;1;0;0;1;1;2;-19,84761911;-44,07276144;SPRF-MG;DEL01-MG;UOP02-DEL01-MG
632350;03/10/2024;quinta-feira;19:20:00;MT;364;205;RONDONOPOLIS;Ingestão de álcool pelo condutor;Colisão transversal;Sem Vítimas;Plena Noite;Crescente;Céu Claro;Dupla;"Reta;Interseção de Vias";Sim;2;0;0;0;2;0;0;2;-16,45598581;-54,66241121;SPRF-MT;DEL02-MT;UOP01-DEL02-MT
632352;03/10/2024;quinta-feira;20:25:00;RJ;40;110;DUQUE DE CAXIAS;Acumulo de óleo sobre o pavimento;Colisão frontal;Com Vítimas Feridas;Plena Noite;Crescente;Chuva;Dupla;Reta;Sim;2;0;1;0;1;0;1;2;-22,68289906;-43,28549346;SPRF-RJ;DEL01-RJ;UOP02-DEL01-RJ
632353;03/10/2024;quinta-feira;19:30:00;BA;116;745;POCOES;Condutor deixou de manter distância do veículo da frente;Colisão traseira;Com Vítimas Feridas;Plena Noite;Crescente;Céu Claro;Simples;Aclive;Não;2;0;0;1;1;0;1;2;-14,39293597;-40,35237311;SPRF-BA;DEL08-BA;UOP02-DEL08-BA
632356;03/10/2024;quinta-feira;18:50:00;MG;116;713,2;MURIAE;Objeto estático sobre o leito carroçável;Colisão com objeto;Com Vítimas Feridas;Plena Noite;Crescente;Nublado;Simples;"Curva;Aclive";Não;1;0;1;0;0;0;1;1;-21,19563075;-42,38267422;SPRF-MG;DEL07-MG;UOP02-DEL07-MG
632357;03/10/2024;quinta-feira;19:00:00;PR;373;264;GUAMIRANGA;Acessar a via sem observar a presença dos outros veículos;Colisão transversal;Com Vítimas Feridas;Plena Noite;Decrescente;Céu Claro;Simples;Rotatória;Não;2;0;1;0;1;0;1;2;-25,18850262;-50,81300676;SPRF-PR;DEL08-PR;UOP01-DEL08-PR
632358;03/10/2024;quinta-feira;18:45:00;RJ;101;147;MACAE;Mal súbito do condutor;Queda de ocupante de veículo;Com Vítimas Feridas;Plena Noite;Crescente;Chuva;Simples;Reta;Não;1;0;1;0;0;0;1;1;-22,22773196;-41,77649004;SPRF-RJ;DEL08-RJ;UOP04-DEL08-RJ
632360;03/10/2024;quinta-feira;21:21:00;TO;153;669;GURUPI;Reação tardia ou ineficiente do condutor;Queda de ocupante de veículo;Com Vítimas Feridas;Plena Noite;Crescente;Céu Claro;Simples;"Reta;Declive;Em Obras";Não;1;0;1;0;0;0;1;1;-11,70103104;-49,07271583;SPRF-TO;DEL01-TO;UOP02-DEL01-TO
632362;03/10/2024;quinta-feira;20:10:00;RJ;101;427;MANGARATIBA;Ultrapassagem Indevida;Colisão frontal;Com Vítimas Feridas;Plena Noite;Crescente;Chuva;Simples;Curva;Não;5;0;2;3;0;0;5;2;-22,93154625;-43,98133788;SPRF-RJ;DEL03-RJ;UOP02-DEL03-RJ
632363;03/10/2024;quinta-feira;21:30:00;PR;277;726;FOZ DO IGUACU;Velocidade Incompatível;Queda de ocupante de veículo;Com Vítimas Feridas;Plena Noite;Crescente;Céu Claro;Dupla;"Rotatória;Curva";Sim;1;0;1;0;0;0;1;1;-25,5106015;-54,55481999;SPRF-PR;DEL05-PR;UOP03-DEL05-PR
632364;03/10/2024;quinta-feira;19:00:00;RJ;40;62;PETROPOLIS;Transitar na contramão;Colisão frontal;Com Vítimas Feridas;Plena Noite;Decrescente;Céu Claro;Simples;"Aclive;Curva";Sim;3;0;1;0;2;0;1;2;-22,40542358;-43,14664526;SPRF-RJ;DEL05-RJ;UOP02-DEL05-RJ
632366;03/10/2024;quinta-feira;20:00:00;RJ;101;554;PARATY;Acessar a via sem observar a presença dos outros veículos;Colisão transversal;Com Vítimas Feridas;Plena Noite;Decrescente;Chuva;Simples;Reta;Sim;2;0;0;1;1;0;1;2;-23,06778628;-44,69358474;SPRF-RJ;DEL03-RJ;UOP04-DEL03-RJ
632367;03/10/2024;quinta-feira;21:00:00;RJ;116;83;TERESOPOLIS;Pista Escorregadia;Tombamento;Com Vítimas Feridas;Plena Noite;Crescente;Chuva;Simples;Declive;Sim;1;0;1;0;0;0;1;1;-22,41326678;-42,94972301;SPRF-RJ;DEL04-RJ;UOP01-DEL04-RJ
632368;03/10/2024;quinta-feira;20:15:00;BA;116;820,1;VITORIA DA CONQUISTA;Animais na Pista;Atropelamento de Animal;Com Vítimas Feridas;Plena Noite;Crescente;Céu Claro;Simples;Reta;Sim;1;0;1;0;0;0;1;1;-14,83210121;-40,83803129;SPRF-BA;DEL08-BA;UOP01-DEL08-BA
632369;03/10/2024;quinta-feira;21:10:00;GO;452;168,7;ITUMBIARA;Reação tardia ou ineficiente do condutor;Saída de leito carroçável;Com Vítimas Feridas;Plena Noite;Decrescente;Céu Claro;Simples;Reta;Não;2;0;1;1;0;0;2;1;-18,33457483;-49,44374393;SPRF-GO;DEL03-GO;UOP02-DEL03-GO
632370;03/10/2024;quinta-feira;14:08:00;MT;174;170;PORTO ESPERIDIAO;Ultrapassagem Indevida;Colisão lateral mesmo sentido;Sem Vítimas;Pleno dia;Crescente;Céu Claro;Simples;"Reta;Interseção de Vias";Sim;2;0;0;0;2;0;0;2;-15,85172;-58,472008;SPRF-MT;DEL03-MT;UOP01-DEL03-MT
632371;03/10/2024;quinta-feira;19:55:00;GO;60;299;ACREUNA;Reação tardia ou ineficiente do condutor;Saída de leito carroçável;Com Vítimas Feridas;Plena Noite;Crescente;Céu Claro;Dupla;"Curva;Declive";Não;1;0;1;0;0;0;1;1;-17,3572;-50,3304;SPRF-GO;DEL04-GO;UOP02-DEL04-GO
632372;03/10/2024;quinta-feira;21:40:00;MS;60;45,7;PARAISO DAS AGUAS;Entrada inopinada do pedestre;Atropelamento de Pedestre;Com Vítimas Fatais;Plena Noite;Decrescente;Céu Claro;Simples;Reta;Não;3;1;0;0;1;1;0;2;-18,9702041;-52,8754481;SPRF-MS;DEL08-MS;UOP01-DEL08-MS
632373;03/10/2024;quinta-feira;22:23:00;GO;153;491;GOIANIA;Ausência de reação do condutor;Colisão traseira;Com Vítimas Feridas;Plena Noite;Crescente;Céu Claro;Dupla;Reta;Não;2;0;0;1;0;1;1;2;-16,639;-49,2063;SPRF-GO;DEL01-GO;UOP01-DEL01-GO
632374;03/10/2024;quinta-feira;21:50:00;RJ;40;110;DUQUE DE CAXIAS;Chuva;Colisão traseira;Com Vítimas Feridas;Plena Noite;Crescente;Chuva;Dupla;Reta;Não;4;0;1;0;3;0;1;3;-22,68289906;-43,28549346;SPRF-RJ;DEL01-RJ;UOP02-DEL01-RJ
632375;03/10/2024;quinta-feira;19:36:00;PI;316;315;PICOS;Acessar a via sem observar a presença dos outros veículos;Colisão transversal;Com Vítimas Feridas;Plena Noite;Crescente;Céu Claro;Simples;Reta;Sim;3;0;2;0;1;0;2;2;-7,07951262;-41,43236492;SPRF-PI;DEL04-PI;UOP01-DEL04-PI
632376;03/10/2024;quinta-feira;23:00:00;CE;222;1,1;FORTALEZA;Ausência de reação do condutor;Colisão traseira;Com Vítimas Feridas;Plena Noite;Crescente;Céu Claro;Dupla;Reta;Sim;2;0;1;0;1;0;1;2;-3,7374511;-38,57657075;SPRF-CE;DEL01-CE;UOP01-DEL01-CE
632377;03/10/2024;quinta-feira;22:15:00;PR;369;15,6;CAMBARA;Reação tardia ou ineficiente do condutor;Colisão traseira;Com Vítimas Feridas;Plena Noite;Decrescente;Céu Claro;Simples;"Reta;Declive";Não;4;0;1;0;3;0;1;3;-23,02453818;-50,0359295;SPRF-PR;DEL07-PR;UOP05-DEL07-PR
632378;03/10/2024;quinta-feira;21:45:00;RJ;116;288,8;BARRA MANSA;Avarias e/ou desgaste excessivo no pneu;Tombamento;Com Vítimas Feridas;Plena Noite;Decrescente;Céu Claro;Dupla;Reta;Não;2;0;2;0;0;0;2;1;-22,48686584;-44,25027602;SPRF-RJ;DEL07-RJ;UOP02-DEL07-RJ
632380;03/10/2024;quinta-feira;23:00:00;MS;262;605,2;MIRANDA;Ausência de reação do condutor;Colisão com objeto;Sem Vítimas;Plena Noite;Decrescente;Céu Claro;Simples;Reta;Não;1;0;0;0;1;0;0;1;-20,06634113;-56,76920916;SPRF-MS;DEL03-MS;UOP02-DEL03-MS
632381;03/10/2024;quinta-feira;22:50:00;MS;163;613,9;SAO GABRIEL DO OESTE;Objeto estático sobre o leito carroçável;Colisão com objeto;Com Vítimas Feridas;Plena Noite;Crescente;Céu Claro;Simples;Reta;Sim;1;0;1;0;0;0;1;1;-19,402578;-54,563266;SPRF-MS;DEL06-MS;UOP02-DEL06-MS
632382;03/10/2024;quinta-feira;18:10:00;BA;324;613;SALVADOR;Condutor deixou de manter distância do veículo da frente;Colisão traseira;Sem Vítimas;Pleno dia;Decrescente;Céu Claro;Dupla;Reta;Não;4;0;0;0;4;0;0;4;-12,85531601;-38,42055197;SPRF-BA;DEL01-BA;UOP01-DEL01-BA
632383;03/10/2024;quinta-feira;23:30:00;RS;293;204;BAGE;Ingestão de álcool pelo condutor;Colisão frontal;Com Vítimas Feridas;Plena Noite;Crescente;Céu Claro;Simples;"Curva;Aclive";Não;2;0;1;0;1;0;1;2;-31,21814809;-54,28031981;SPRF-RS;DEL11-RS;UOP03-DEL11-RS
632384;03/10/2024;quinta-feira;16:00:00;MG;381;931;EXTREMA;Condutor deixou de manter distância do veículo da frente;Queda de ocupante de veículo;Com Vítimas Feridas;Pleno dia;Crescente;Céu Claro;Dupla;"Aclive;Curva";Não;1;0;1;0;0;0;1;1;-22,78795277;-46,24287128;SPRF-MG;DEL16-MG;UOP03-DEL16-MG
632385;04/10/2024;sexta-feira;00:40:00;RN;101;120;SAO JOSE DE MIPIBU;Demais falhas na via;Saída de leito carroçável;Com Vítimas Feridas;Plena Noite;Crescente;Céu Claro;Dupla;Reta;Não;1;0;1;0;0;0;1;1;-6,03418788;-35,24864052;SPRF-RN;DEL01-RN;UOP01-DEL01-RN
632386;04/10/2024;sexta-feira;01:03:00;SP;116;284;ITAPECERICA DA SERRA;Demais falhas mecânicas ou elétricas;Saída de leito carroçável;Com Vítimas Feridas;Plena Noite;Decrescente;Garoa/Chuvisco;Múltipla;Curva;Sim;1;0;1;0;0;0;1;1;-23,68438116;-46,85926437;SPRF-SP;DEL04-SP;UOP01-DEL04-SP
632388;04/10/2024;sexta-feira;02:00:00;RJ;101;261;RIO BONITO;Pista Escorregadia;Saída de leito carroçável;Com Vítimas Feridas;Plena Noite;Crescente;Chuva;Dupla;Reta;Não;2;0;1;0;1;0;1;1;-22,71139378;-42,61157199;SPRF-RJ;DEL02-RJ;UOP03-DEL02-RJ
632389;04/10/2024;sexta-feira;02:40:00;PI;343;11;PARNAIBA;Velocidade Incompatível;Saída de leito carroçável;Com Vítimas Fatais;Plena Noite;Decrescente;Céu Claro;Dupla;"Reta;Rotatória";Sim;1;1;0;0;0;0;0;1;-2,90940701;-41,75388336;SPRF-PI;DEL05-PI;UOP01-DEL05-PI
632390;04/10/2024;sexta-feira;01:45:00;PB;104;142;QUEIMADAS;Animais na Pista;Atropelamento de Animal;Com Vítimas Feridas;Amanhecer;Decrescente;Céu Claro;Simples;Reta;Sim;1;0;1;0;0;0;1;1;-7,39577502;-35,89744631;SPRF-PB;DEL02-PB;UOP03-DEL02-PB
632393;03/10/2024;quinta-feira;19:40:00;PI;316;332,5;GEMINIANO;Iluminação deficiente;Saída de leito carroçável;Sem Vítimas;Plena Noite;Crescente;Garoa/Chuvisco;Simples;"Reta;Interseção de Vias";Não;2;0;0;0;2;0;0;1;-7,10565661;-41,28097095;SPRF-PI;DEL04-PI;UOP01-DEL04-PI
632395;04/10/2024;sexta-feira;00:45:00;SP;116;228,7;GUARULHOS;Reação tardia ou ineficiente do condutor;Queda de ocupante de veículo;Com Vítimas Feridas;Plena Noite;Decrescente;Garoa/Chuvisco;Múltipla;Reta;Não;1;0;1;0;0;0;1;1;-23,50343484;-46,56638712;SPRF-SP;DEL01-SP;UOP01-DEL01-SP
632397;04/10/2024;sexta-feira;05:50:00;SP;116;64,9;GUARATINGUETA;Acessar a via sem observar a presença dos outros veículos;Tombamento;Com Vítimas Feridas;Amanhecer;Crescente;Nublado;Dupla;"Declive;Curva";Sim;1;0;1;0;0;0;1;1;-22,81942006;-45,18421298;SPRF-SP;DEL08-SP;UOP01-DEL08-SP
632399;04/10/2024;sexta-feira;06:40:00;MG;50;140;UBERABA;Condutor Dormindo;Capotamento;Com Vítimas Feridas;Pleno dia;Crescente;Céu Claro;Dupla;Reta;Não;2;0;1;0;1;0;1;1;-19,47657604;-48,05332612;SPRF-MG;DEL13-MG;UOP01-DEL13-MG
632400;04/10/2024;sexta-feira;06:15:00;GO;60;13;SANTO ANTONIO DO DESCOBERTO;Condutor Dormindo;Saída de leito carroçável;Com Vítimas Feridas;Amanhecer;Crescente;Céu Claro;Dupla;"Reta;Aclive";Não;4;0;4;0;0;0;4;1;-16,113483;-48,341107;SPRF-DF;DEL03-DF;UOP01-DEL03-DF
632401;04/10/2024;sexta-feira;06:50:00;RS;470;286;MONTENEGRO;Acessar a via sem observar a presença dos outros veículos;Colisão transversal;Com Vítimas Feridas;Pleno dia;Crescente;Céu Claro;Simples;"Interseção de Vias;Reta";Sim;2;0;1;0;1;0;1;2;-29,64261898;-51,46414198;SPRF-RS;DEL06-RS;UOP01-DEL06-RS
632406;04/10/2024;sexta-feira;06:34:00;PE;101;45;IGARASSU;Ausência de reação do condutor;Colisão traseira;Com Vítimas Feridas;Pleno dia;Decrescente;Céu Claro;Múltipla;Reta;Sim;2;0;1;0;1;0;1;2;-7,86521297;-34,90715176;SPRF-PE;DEL01-PE;UOP02-DEL01-PE
632407;04/08/2024;domingo;04:00:00;MG;40;519;CONTAGEM;Ausência de reação do condutor;Colisão traseira;Sem Vítimas;Plena Noite;Crescente;Céu Claro;Dupla;Reta;Não;2;0;0;0;0;2;0;2;-19,83957589;-44,07684485;SPRF-MG;DEL01-MG;UOP02-DEL01-MG
632408;04/10/2024;sexta-feira;07:00:00;SC;282;3,5;FLORIANOPOLIS;Trafegar com motocicleta (ou similar) entre as faixas;Colisão traseira;Com Vítimas Feridas;Pleno dia;Decrescente;Nublado;Múltipla;Reta;Sim;2;0;1;0;1;0;1;2;-27,600384;-48,599705;SPRF-SC;DEL01-SC;UOP01-DEL01-SC
632409;04/10/2024;sexta-feira;06:40:00;DF;20;10,2;BRASILIA;Condutor deixou de manter distância do veículo da frente;Queda de ocupante de veículo;Com Vítimas Feridas;Pleno dia;Decrescente;Céu Claro;Dupla;"Reta;Retorno Regulamentado";Sim;3;0;1;0;2;0;1;2;-15,650243;-47,773872;SPRF-DF;DEL02-DF;UOP01-DEL02-DF
632410;04/10/2024;sexta-feira;07:45:00;SC;470;47,2;BLUMENAU;Ausência de reação do condutor;Colisão lateral mesmo sentido;Com Vítimas Feridas;Pleno dia;Crescente;Nublado;Simples;"Curva;Em Obras";Sim;2;0;2;0;0;0;2;2;-26,864044;-49,046516;SPRF-SC;DEL04-SC;UOP01-DEL04-SC
632411;02/10/2024;quarta-feira;14:35:00;RS;153;50,8;ERECHIM;Acessar a via sem observar a presença dos outros veículos;Colisão transversal;Com Vítimas Feridas;Pleno dia;Crescente;Garoa/Chuvisco;Simples;Interseção de Vias;Sim;4;0;2;0;2;0;2;2;-27,65623359;-52,27554709;SPRF-RS;DEL08-RS;UOP04-DEL08-RS