id;data_inversa;dia_semana;horario;uf;br;km;municipio;causa_acidente;tipo_acidente;classificacao_acidente;fase_dia;sentido_via;condicao_metereologica;tipo_pista;tracado_via;uso_solo;pessoas;mortos;feridos_leves;feridos_graves;ilesos;ignorados;feridos;veiculos;latitude;longitude;regional;delegacia;uop
632412;04/10/2024;sexta-feira;07:40:00;SC;101;205;SAO JOSE;Ausência de reação do condutor;Queda de ocupante de veículo;Com Vítimas Feridas;Pleno dia;Decrescente;Céu Claro;Múltipla;Reta;Sim;2;0;2;0;0;0;2;2;-27,58313237;-48,61532885;SPRF-SC;DEL01-SC;UOP01-DEL01-SC
632413;04/10/2024;sexta-feira;07:15:00;MG;116;526,1;CARATINGA;Manobra de mudança de faixa;Colisão lateral mesmo sentido;Sem Vítimas;Pleno dia;Crescente;Nublado;Dupla;Reta;Sim;2;0;0;0;2;0;0;2;-19,77654011;-42,13327989;SPRF-MG;DEL06-MG;UOP02-DEL06-MG
632414;04/10/2024;sexta-feira;07:51:00;SP;116;222;GUARULHOS;Trafegar com motocicleta (ou similar) entre as faixas;Colisão lateral mesmo sentido;Com Vítimas Feridas;Amanhecer;Crescente;Nublado;Múltipla;Reta;Não;2;0;1;0;1;0;1;2;-23,47093408;-46,51631097;SPRF-SP;DEL01-SP;UOP01-DEL01-SP
632415;12/06/2024;quarta-feira;18:20:00;MT;70;7;BARRA DO GARCAS;Animais na Pista;Tombamento;Com Vítimas Feridas;Anoitecer;Decrescente;Céu Claro;Simples;Curva;Não;1;0;1;0;0;0;1;1;-15,878143;-52,316788;SPRF-MT;DEL07-MT;UOP01-DEL07-MT
632417;04/10/2024;sexta-feira;08:20:00;PB;230;509,5;CAJAZEIRAS;Demais falhas mecânicas ou elétricas;Tombamento;Com Vítimas Feridas;Pleno dia;Crescente;Céu Claro;Simples;Reta;Não;1;0;0;1;0;0;1;1;-6,8931;-38,5804;SPRF-PB;DEL03-PB;UOP03-DEL03-PB
632418;04/10/2024;sexta-feira;08:20:00;SC;282;460;PONTE SERRADA;Acessar a via sem observar a presença dos outros veículos;Colisão transversal;Sem Vítimas;Pleno dia;Decrescente;Céu Claro;Simples;Reta;Sim;2;0;0;0;2;0;0;2;-26,88288046;-52,0119381;SPRF-SC;DEL07-SC;UOP04-DEL07-SC
632419;04/10/2024;sexta-feira;07:40:00;PR;376;596;CURITIBA;Trafegar com motocicleta (ou similar) entre as faixas;Colisão lateral mesmo sentido;Com Vítimas Feridas;Pleno dia;Decrescente;Nublado;Dupla;Reta;Não;2;0;1;0;1;0;1;2;-25,50194708;-49,3415524;SPRF-PR;DEL01-PR;UOP06-DEL01-PR
632421;04/10/2024;sexta-feira;06:35:00;PR;116;20;ANTONINA;Reação tardia ou ineficiente do condutor;Saída de leito carroçável;Com Vítimas Feridas;Amanhecer;Crescente;Chuva;Dupla;Curva;Não;2;0;2;0;0;0;2;1;-25,10052421;-48,72981603;SPRF-PR;DEL01-PR;UOP02-DEL01-PR
632423;04/10/2024;sexta-feira;08:06:00;SC;101;63;ARAQUARI;Objeto estático sobre o leito carroçável;Colisão com objeto;Com Vítimas Feridas;Pleno dia;Crescente;Nublado;Dupla;Curva;Sim;2;0;1;0;1;0;1;1;-26,45898367;-48,7584088;SPRF-SC;DEL03-SC;UOP02-DEL03-SC
632424;04/10/2024;sexta-feira;07:50:00;SC;101;437;SOMBRIO;Manobra de mudança de faixa;Colisão com objeto;Com Vítimas Feridas;Pleno dia;Crescente;Sol;Dupla;"Reta;Aclive";Sim;1;0;0;1;0;0;1;1;-29,116756;-49,640408;SPRF-SC;DEL02-SC;UOP02-DEL02-SC
632426;28/07/2024;domingo;12:55:00;SC;470;172,9;POUSO REDONDO;Ausência de reação do condutor;Saída de leito carroçável;Com Vítimas Feridas;Pleno dia;Decrescente;Ignorado;Simples;"Curva;Aclive";Sim;1;0;0;1;0;0;1;1;-27,25998965;-49,91992235;SPRF-SC;DEL04-SC;UOP02-DEL04-SC
632427;04/10/2024;sexta-feira;08:50:00;MG;40;519,6;CONTAGEM;Manobra de mudança de faixa;Colisão lateral mesmo sentido;Sem Vítimas;Pleno dia;Decrescente;Céu Claro;Dupla;"Aclive;Reta";Não;3;0;0;0;3;0;0;2;-19,83957589;-44,07684485;SPRF-MG;DEL01-MG;UOP02-DEL01-MG
632430;10/08/2024;sábado;07:20:00;PR;376;158,9;MANDAGUACU;Acessar a via sem observar a presença dos outros veículos;Colisão transversal;Com Vítimas Feridas;Pleno dia;Crescente;Céu Claro;Dupla;"Interseção de Vias;Reta";Sim;2;0;1;0;1;0;1;2;-23,36498136;-52,07632098;SPRF-PR;DEL09-PR;UOP01-DEL09-PR
632431;04/10/2024;sexta-feira;08:40:00;RJ;40;120;DUQUE DE CAXIAS;Chuva;Queda de ocupante de veículo;Com Vítimas Feridas;Pleno dia;Crescente;Chuva;Dupla;Reta;Sim;2;0;2;0;0;0;2;1;-22,77280597;-43,28626763;SPRF-RJ;DEL01-RJ;UOP02-DEL01-RJ
632432;04/10/2024;sexta-feira;06:30:00;SC;282;457,9;PONTE SERRADA;Condutor Dormindo;Colisão com objeto;Com Vítimas Feridas;Pleno dia;Crescente;Céu Claro;Simples;Curva;Não;1;0;0;1;0;0;1;1;-26,880604;-52,013371;SPRF-SC;DEL07-SC;UOP04-DEL07-SC
632433;04/10/2024;sexta-feira;09:00:00;DF;20;4,9;BRASILIA;Ausência de reação do condutor;Colisão traseira;Sem Vítimas;Pleno dia;Decrescente;Sol;Múltipla;"Aclive;Reta";Não;2;0;0;0;2;0;0;2;-15,675484;-47,823761;SPRF-DF;DEL02-DF;UOP01-DEL02-DF
632434;02/09/2024;segunda-feira;07:40:00;SC;101;113;ITAJAI;Demais falhas mecânicas ou elétricas;Incêndio;Com Vítimas Feridas;Pleno dia;Crescente;Sol;Dupla;Reta;Não;1;0;1;0;0;0;1;1;-26,85311393;-48,72689927;SPRF-SC;DEL04-SC;UOP04-DEL04-SC
632435;04/10/2024;sexta-feira;08:40:00;DF;20;10;BRASILIA;Condutor deixou de manter distância do veículo da frente;Colisão traseira;Com Vítimas Feridas;Pleno dia;Decrescente;Céu Claro;Dupla;"Em Obras;Reta";Sim;2;0;1;0;1;0;1;2;-15,6452185;-47,761378;SPRF-DF;DEL02-DF;UOP01-DEL02-DF
632436;04/10/2024;sexta-feira;08:15:00;MA;135;3;SAO LUIS;Trafegar com motocicleta (ou similar) entre as faixas;Colisão lateral mesmo sentido;Com Vítimas Feridas;Pleno dia;Crescente;Nublado;Dupla;"Declive;Reta;Interseção de Vias";Sim;2;0;1;0;1;0;1;2;-2,606802;-44,247512;SPRF-MA;DEL01-MA;UOP01-DEL01-MA
632437;04/10/2024;sexta-feira;09:00:00;MG;381;938,4;EXTREMA;Chuva;Colisão traseira;Com Vítimas Feridas;Pleno dia;Crescente;Chuva;Dupla;"Retorno Regulamentado;Curva";Não;3;0;1;0;1;1;1;2;-22,81699365;-46,29341912;SPRF-MG;DEL16-MG;UOP03-DEL16-MG
632439;04/10/2024;sexta-feira;04:50:00;SC;101;133;BALNEARIO CAMBORIU;Reação tardia ou ineficiente do condutor;Colisão traseira;Com Vítimas Feridas;Amanhecer;Decrescente;Nublado;Dupla;"Reta;Declive";Sim;2;0;1;0;1;0;1;2;-26,99936;-48,64609;SPRF-SC;DEL04-SC;UOP03-DEL04-SC
632441;04/10/2024;sexta-feira;06:45:00;PB;104;173,2;ALCANTIL;Transitar na contramão;Colisão lateral sentido oposto;Com Vítimas Feridas;Pleno dia;Crescente;Céu Claro;Simples;Reta;Não;5;0;1;0;4;0;1;2;-7,59492614;-36,04486366;SPRF-PB;DEL02-PB;UOP03-DEL02-PB
632442;08/09/2024;domingo;16:25:00;PR;376;591;CURITIBA;Frear bruscamente;Engavetamento;Com Vítimas Feridas;Pleno dia;Crescente;Sol;Dupla;"Reta;Declive";Sim;7;0;1;0;6;0;1;3;-25,45999605;-49,35895013;SPRF-PR;DEL01-PR;UOP06-DEL01-PR
632443;04/10/2024;sexta-feira;09:30:00;BA;101;163;CONCEICAO DO JACUIPE;Acessar a via sem observar a presença dos outros veículos;Colisão lateral mesmo sentido;Com Vítimas Feridas;Pleno dia;Decrescente;Sol;Simples;Reta;Não;2;0;1;0;1;0;1;2;-12,35551436;-38,782478;SPRF-BA;DEL01-BA;UOP03-DEL01-BA
632444;03/10/2024;quinta-feira;18:00:00;RJ;0;0;RIO DE JANEIRO;Iluminação deficiente;Colisão com objeto;Com Vítimas Feridas;Plena Noite;Não Informado;Garoa/Chuvisco;Simples;Curva;Não;1;0;1;0;0;0;1;1;-22,96091244;-43,21115971;SPRF-RJ;N/A;N/A
632447;04/10/2024;sexta-feira;10:00:00;GO;60;38,5;GOIANIA;Acumulo de óleo sobre o pavimento;Queda de ocupante de veículo;Com Vítimas Feridas;Pleno dia;Crescente;Céu Claro;Dupla;Reta;Sim;1;0;1;0;0;0;1;1;-16,6777;-49,2676;SPRF-GO;DEL01-GO;UOP02-DEL01-GO
632448;30/09/2024;segunda-feira;23:30:00;PR;116;18,7;CURITIBA;Conversão proibida;Colisão transversal;Com Vítimas Feridas;Plena Noite;Crescente;Céu Claro;Múltipla;"Interseção de Vias;Reta";Sim;3;0;1;0;2;0;1;2;-25,3886883;-49,20159459;SPRF-PR;DEL01-PR;UOP02-DEL01-PR
632449;04/10/2024;sexta-feira;10:35:00;RS;101;24,3;TRES CACHOEIRAS;Ultrapassagem Indevida;Colisão lateral mesmo sentido;Com Vítimas Feridas;Pleno dia;Decrescente;Céu Claro;Simples;Reta;Sim;3;0;1;0;2;0;1;3;-29,454575;-49,924045;SPRF-RS;DEL03-RS;UOP02-DEL03-RS
632450;04/10/2024;sexta-feira;09:15:00;SP;116;444;REGISTRO;Desrespeitar a preferência no cruzamento;Queda de ocupante de veículo;Com Vítimas Feridas;Pleno dia;Crescente;Chuva;Simples;"Reta;Interseção de Vias";Sim;2;0;1;0;1;0;1;2;-24,49129421;-47,83614553;SPRF-SP;DEL05-SP;UOP01-DEL05-SP
632451;04/10/2024;sexta-feira;10:20:00;PB;101;35,3;MAMANGUAPE;Ausência de reação do condutor;Engavetamento;Com Vítimas Feridas;Pleno dia;Decrescente;Céu Claro;Dupla;"Reta;Em Obras";Não;10;0;4;1;5;0;5;3;-6,79401305;-35,13707183;SPRF-PB;DEL01-PB;UOP04-DEL01-PB
632453;26/07/2024;sexta-feira;22:00:00;SC;470;132;RIO DO SUL;Acessar a via sem observar a presença dos outros veículos;Colisão transversal;Sem Vítimas;Plena Noite;Decrescente;Céu Claro;Simples;Reta;Não;2;0;0;0;1;1;0;2;-27,170237;-49,574718;SPRF-SC;DEL04-SC;UOP02-DEL04-SC
632454;04/10/2024;sexta-feira;07:20:00;SP;116;283;EMBU DAS ARTES;Ausência de reação do condutor;Queda de ocupante de veículo;Com Vítimas Feridas;Pleno dia;Decrescente;Nublado;Dupla;Reta;Sim;1;0;1;0;0;0;1;1;-23,69297005;-46,86352786;SPRF-SP;DEL04-SP;UOP01-DEL04-SP
632455;04/10/2024;sexta-feira;11:00:00;SP;116;11;QUELUZ;Chuva;Tombamento;Com Vítimas Feridas;Pleno dia;Crescente;Chuva;Dupla;Curva;Não;2;0;1;0;1;0;1;2;-22,54158257;-44,79682894;SPRF-SP;DEL08-SP;UOP02-DEL08-SP
632456;04/10/2024;sexta-feira;11:20:00;PB;230;16,6;JOAO PESSOA;Condutor deixou de manter distância do veículo da frente;Engavetamento;Com Vítimas Feridas;Pleno dia;Decrescente;Céu Claro;Dupla;Reta;Não;6;0;2;0;4;0;2;4;-7,1039;-34,8458;SPRF-PB;DEL01-PB;UOP01-DEL01-PB
632457;04/10/2024;sexta-feira;11:50:00;RS;290;92;PORTO ALEGRE;Velocidade Incompatível;Queda de ocupante de veículo;Sem Vítimas;Pleno dia;Decrescente;Céu Claro;Múltipla;Curva;Não;1;0;0;0;1;0;0;1;-29,971916;-51,176838;SPRF-RS;DEL01-RS;UOP01-DEL01-RS
632458;04/10/2024;sexta-feira;11:20:00;MG;40;593,6;OURO PRETO;Ausência de reação do condutor;Saída de leito carroçável;Com Vítimas Feridas;Pleno dia;Decrescente;Céu Claro;Simples;Curva;Não;1;0;1;0;0;0;1;1;-20,38942;-43,902427;SPRF-MG;DEL05-MG;UOP02-DEL05-MG
632459;04/10/2024;sexta-feira;11:43:00;PE;101;75,9;RECIFE;Reação tardia ou ineficiente do condutor;Colisão traseira;Com Vítimas Feridas;Pleno dia;Decrescente;Céu Claro;Dupla;Reta;Sim;2;0;1;0;1;0;1;2;-8,10973523;-34,94660151;SPRF-PE;DEL01-PE;UOP01-DEL01-PE
632460;04/10/2024;sexta-feira;09:29:00;GO;60;162,1;GOIANIA;Ausência de reação do condutor;Colisão com objeto;Com Vítimas Fatais;Pleno dia;Decrescente;Céu Claro;Dupla;Reta;Sim;1;1;0;0;0;0;0;1;-16,6953;-49,3255;SPRF-GO;DEL01-GO;UOP02-DEL01-GO
632461;04/10/2024;sexta-feira;10:18:00;MG;381;895,5;CAMBUI;Condutor deixou de manter distância do veículo da frente;Colisão traseira;Com Vítimas Feridas;Pleno dia;Decrescente;Chuva;Dupla;Reta;Não;2;0;0;1;1;0;1;2;-22,62324893;-46,07503911;SPRF-MG;DEL16-MG;UOP03-DEL16-MG
632467;04/10/2024;sexta-feira;12:05:00;CE;116;199;LIMOEIRO DO NORTE;Demais Fenômenos da natureza;Queda de ocupante de veículo;Com Vítimas Feridas;Pleno dia;Decrescente;Céu Claro;Simples;Reta;Não;1;0;1;0;0;0;1;1;-5,17899507;-38,18052395;SPRF-CE;DEL03-CE;UOP01-DEL03-CE
632471;04/10/2024;sexta-feira;13:13:00;RS;116;246,9;SAO LEOPOLDO;Acesso irregular;Saída de leito carroçável;Com Vítimas Feridas;Pleno dia;Decrescente;Céu Claro;Dupla;Curva;Sim;1;0;1;0;0;0;1;1;-29,76530113;-51,15398432;SPRF-RS;DEL01-RS;UOP02-DEL01-RS
632472;04/10/2024;sexta-feira;08:00:00;RO;364;343,3;JI-PARANA;Reação tardia ou ineficiente do condutor;Engavetamento;Sem Vítimas;Pleno dia;Decrescente;Céu Claro;Dupla;Reta;Sim;4;0;0;0;4;0;0;3;-10,87878519;-61,94499012;SPRF-RO;DEL02-RO;UOP01-DEL02-RO
632474;04/10/2024;sexta-feira;13:00:00;PE;101;46;IGARASSU;Acessar a via sem observar a presença dos outros veículos;Colisão lateral mesmo sentido;Com Vítimas Feridas;Pleno dia;Crescente;Céu Claro;Múltipla;Reta;Sim;2;0;1;0;1;0;1;2;-7,87406004;-34,90588126;SPRF-PE;DEL01-PE;UOP02-DEL01-PE
632476;01/10/2024;terça-feira;09:20:00;RJ;40;123;DUQUE DE CAXIAS;Reação tardia ou ineficiente do condutor;Colisão traseira;Sem Vítimas;Pleno dia;Decrescente;Céu Claro;Múltipla;"Reta;Declive";Sim;2;0;0;0;2;0;0;2;-22,79907687;-43,29015739;SPRF-RJ;DEL01-RJ;UOP02-DEL01-RJ
632478;04/10/2024;sexta-feira;13:20:00;PR;369;504,2;CASCAVEL;Acessar a via sem observar a presença dos outros veículos;Colisão transversal;Com Vítimas Feridas;Pleno dia;Decrescente;Céu Claro;Simples;Reta;Sim;6;0;0;3;3;0;3;2;-24,8252;-53,2976;SPRF-PR;DEL04-PR;UOP01-DEL04-PR
632479;04/10/2024;sexta-feira;14:16:00;ES;101;273;SERRA;Acessar a via sem observar a presença dos outros veículos;Colisão transversal;Com Vítimas Feridas;Pleno dia;Decrescente;Céu Claro;Simples;"Reta;Interseção de Vias;Viaduto";Sim;2;0;0;1;1;0;1;2;-20,22029207;-40,29048811;SPRF-ES;DEL02-ES;UOP01-DEL02-ES
632483;04/10/2024;sexta-feira;11:50:00;SC;101;438;SOMBRIO;Ingestão de álcool pelo condutor;Saída de leito carroçável;Com Vítimas Feridas;Pleno dia;Crescente;Nublado;Múltipla;Reta;Sim;1;0;1;0;0;0;1;1;-29,12393556;-49,65709805;SPRF-SC;DEL02-SC;UOP02-DEL02-SC
632485;04/10/2024;sexta-feira;10:40:00;RJ;101;98;CAMPOS DOS GOYTACAZES;Ausência de reação do condutor;Saída de leito carroçável;Com Vítimas Feridas;Pleno dia;Decrescente;Nublado;Dupla;Curva;Não;1;0;1;0;0;0;1;1;-21,87578294;-41,57377702;SPRF-RJ;DEL08-RJ;UOP02-DEL08-RJ
632489;04/10/2024;sexta-feira;14:40:00;MG;40;469;SETE LAGOAS;Demais falhas mecânicas ou elétricas;Colisão com objeto;Com Vítimas Feridas;Pleno dia;Decrescente;Céu Claro;Dupla;"Reta;Aclive";Não;4;0;3;0;1;0;3;1;-19,46099279;-44,30121988;SPRF-MG;DEL02-MG;UOP01-DEL02-MG
632491;04/10/2024;sexta-feira;14:30:00;ES;101;213,5;IBIRACU;Acessar a via sem observar a presença dos outros veículos;Colisão transversal;Com Vítimas Feridas;Pleno dia;Crescente;Nublado;Múltipla;Interseção de Vias;Sim;2;0;1;0;1;0;1;2;-19,82352998;-40,36981894;SPRF-ES;DEL02-ES;UOP01-DEL02-ES
632492;12/09/2024;quinta-feira;09:30:00;MG;381;600;CARMOPOLIS DE MINAS;Velocidade Incompatível;Colisão traseira;Com Vítimas Feridas;Pleno dia;Crescente;Céu Claro;Dupla;Curva;Não;4;0;3;0;1;0;3;2;-20,623976;-44,733849;SPRF-MG;DEL04-MG;UOP01-DEL04-MG
632495;04/10/2024;sexta-feira;13:40:00;MG;381;512;IGARAPE;Ausência de reação do condutor;Colisão lateral mesmo sentido;Com Vítimas Feridas;Pleno dia;Decrescente;Céu Claro;Simples;Reta;Sim;3;0;1;0;0;2;1;3;-20,09239724;-44,31458341;SPRF-MG;DEL01-MG;UOP03-DEL01-MG
632496;04/10/2024;sexta-feira;14:50:00;SC;101;120,5;ITAJAI;Manobra de mudança de faixa;Colisão lateral mesmo sentido;Com Vítimas Feridas;Pleno dia;Crescente;Nublado;Dupla;Reta;Não;2;0;0;1;1;0;1;2;-26,912758;-48,711998;SPRF-SC;DEL04-SC;UOP04-DEL04-SC
632497;04/10/2024;sexta-feira;14:30:00;MG;40;507,7;RIBEIRAO DAS NEVES;Ausência de reação do condutor;Colisão traseira;Com Vítimas Feridas;Pleno dia;Decrescente;Sol;Dupla;Reta;Sim;3;0;2;0;1;0;2;2;-19,758173;-44,137755;SPRF-MG;DEL02-MG;UOP01-DEL02-MG
632498;04/10/2024;sexta-feira;14:35:00;PR;277;372;GUARAPUAVA;Ausência de reação do condutor;Colisão traseira;Sem Vítimas;Pleno dia;Decrescente;Céu Claro;Simples;"Aclive;Reta";Não;5;0;0;0;5;0;0;2;-25,407854;-51,709014;SPRF-PR;DEL08-PR;UOP01-DEL08-PR
632499;04/10/2024;sexta-feira;14:40:00;SP;153;63;SAO JOSE DO RIO PRETO;Ausência de reação do condutor;Engavetamento;Com Vítimas Feridas;Pleno dia;Crescente;Céu Claro;Dupla;"Aclive;Reta";Sim;4;0;1;0;3;0;1;3;-20,82149698;-49,35764818;SPRF-SP;DEL09-SP;UOP01-DEL09-SP
632500;04/10/2024;sexta-feira;11:00:00;RJ;40;31;TRES RIOS;Ausência de reação do condutor;Capotamento;Com Vítimas Feridas;Pleno dia;Crescente;Céu Claro;Dupla;Curva;Não;1;0;1;0;0;0;1;1;-22,19245612;-43,16023202;SPRF-RJ;DEL05-RJ;UOP02-DEL05-RJ
632501;04/10/2024;sexta-feira;13:50:00;PR;376;547,2;PALMEIRA;Ingestão de álcool pelo condutor;Saída de leito carroçável;Sem Vítimas;Pleno dia;Crescente;Nublado;Dupla;Reta;Não;1;0;0;0;1;0;0;1;-25,406;-49,784;SPRF-PR;DEL03-PR;UOP03-DEL03-PR
632502;04/10/2024;sexta-feira;08:50:00;RJ;116;191;NOVA IGUACU;Manobra de mudança de faixa;Queda de ocupante de veículo;Com Vítimas Feridas;Pleno dia;Crescente;Garoa/Chuvisco;Dupla;Reta;Não;2;0;1;0;1;0;1;2;-22,74421443;-43,509822;SPRF-RJ;DEL06-RJ;UOP01-DEL06-RJ
632503;04/10/2024;sexta-feira;15:00:00;BA;324;516;FEIRA DE SANTANA;Acessar a via sem observar a presença dos outros veículos;Colisão transversal;Com Vítimas Feridas;Pleno dia;Decrescente;Céu Claro;Simples;"Interseção de Vias;Reta";Sim;2;0;1;0;1;0;1;2;-12,2417119;-38,93768485;SPRF-BA;DEL02-BA;UOP01-DEL02-BA
632504;04/10/2024;sexta-feira;15:16:00;DF;70;6,9;BRASILIA;Demais falhas mecânicas ou elétricas;Incêndio;Sem Vítimas;Pleno dia;Decrescente;Céu Claro;Dupla;Reta;Sim;1;0;0;0;1;0;0;1;-15,791242;-48,105759;SPRF-DF;DEL03-DF;UOP02-DEL03-DF
632505;04/10/2024;sexta-feira;11:30:00;PA;222;18,2;DOM ELISEU;Acessar a via sem observar a presença dos outros veículos;Colisão transversal;Com Vítimas Fatais;Pleno dia;Decrescente;Sol;Simples;Reta;Não;3;1;0;0;2;0;0;3;-4,293095;-47,556904;SPRF-PA;DEL02-PA;UOP02-DEL02-PA
632509;04/10/2024;sexta-feira;15:45:00;SC;101;163;TIJUCAS;Desrespeitar a preferência no cruzamento;Colisão lateral mesmo sentido;Sem Vítimas;Pleno dia;Crescente;Céu Claro;Simples;Reta;Sim;2;0;0;0;1;1;0;2;-27,23461699;-48,63039809;SPRF-SC;DEL04-SC;UOP03-DEL04-SC
632511;04/10/2024;sexta-feira;15:45:00;PI;316;10;TERESINA;Desrespeitar a preferência no cruzamento;Colisão transversal;Com Vítimas Feridas;Pleno dia;Crescente;Céu Claro;Múltipla;Rotatória;Sim;2;0;1;0;0;1;1;2;-5,190772;-42,76144266;SPRF-PI;DEL01-PI;UOP02-DEL01-PI
632512;04/10/2024;sexta-feira;16:45:00;SC;470;47;BLUMENAU;Ultrapassagem Indevida;Colisão lateral mesmo sentido;Com Vítimas Feridas;Anoitecer;Crescente;Nublado;Simples;"Curva;Desvio Temporário";Não;2;0;1;0;1;0;1;2;-26,864044;-49,046516;SPRF-SC;DEL04-SC;UOP01-DEL04-SC
632515;04/10/2024;sexta-feira;16:30:00;SC;101;147;ITAPEMA;Manobra de mudança de faixa;Colisão lateral mesmo sentido;Com Vítimas Feridas;Pleno dia;Decrescente;Céu Claro;Múltipla;Reta;Sim;2;0;1;0;1;0;1;2;-27,09237407;-48,61730888;SPRF-SC;DEL04-SC;UOP03-DEL04-SC
632516;22/09/2024;domingo;21:30:00;BA;110;400,3;SAO SEBASTIAO DO PASSE;Ausência de reação do condutor;Colisão lateral sentido oposto;Com Vítimas Feridas;Plena Noite;Crescente;Céu Claro;Simples;Reta;Não;2;0;0;1;1;0;1;2;-12,559029;-38,524906;SPRF-BA;DEL01-BA;UOP01-DEL01-BA
632517;13/09/2024;sexta-feira;05:55:00;GO;364;173;JATAI;Ausência de reação do condutor;Colisão com objeto;Com Vítimas Feridas;Amanhecer;Crescente;Céu Claro;Simples;"Declive;Curva";Não;1;0;0;1;0;0;1;1;-18,008829;-51,563248;SPRF-GO;DEL05-GO;UOP01-DEL05-GO
632518;04/10/2024;sexta-feira;17:10:00;PB;101;87;JOAO PESSOA;Ausência de reação do condutor;Tombamento;Com Vítimas Feridas;Anoitecer;Decrescente;Céu Claro;Dupla;Reta;Sim;1;0;1;0;0;0;1;1;-7,16386266;-34,90089297;SPRF-PB;DEL01-PB;UOP01-DEL01-PB
632519;04/10/2024;sexta-feira;16:00:00;SC;282;495,7;XANXERE;Acessar a via sem observar a presença dos outros veículos;Colisão frontal;Com Vítimas Feridas;Pleno dia;Decrescente;Céu Claro;Simples;Reta;Não;5;0;2;1;2;0;3;3;-26,875349;-52,327076;SPRF-SC;DEL07-SC;UOP01-DEL07-SC
632520;04/10/2024;sexta-feira;16:00:00;GO;414;370,9;COCALZINHO DE GOIAS;Acumulo de areia ou detritos sobre o pavimento;Tombamento;Com Vítimas Feridas;Pleno dia;Crescente;Céu Claro;Dupla;"Interseção de Vias;Retorno Regulamentado";Sim;1;0;0;1;0;0;1;1;-15,75271047;-48,74754003;SPRF-GO;DEL02-GO;UOP01-DEL02-GO
632522;04/10/2024;sexta-feira;17:00:00;SP;116;143;SAO JOSE DOS CAMPOS;Demais falhas mecânicas ou elétricas;Tombamento;Com Vítimas Feridas;Pleno dia;Crescente;Céu Claro;Dupla;Reta;Não;1;0;0;1;0;0;1;1;-23,17849879;-45,83787411;SPRF-SP;DEL02-SP;UOP01-DEL02-SP
632523;04/10/2024;sexta-feira;16:15:00;BA;415;50,6;ITABUNA;Acessar a via sem observar a presença dos outros veículos;Colisão transversal;Com Vítimas Feridas;Pleno dia;Crescente;Céu Claro;Simples;Reta;Sim;2;0;1;0;1;0;1;2;-14,831618;-39,319467;SPRF-BA;DEL05-BA;UOP01-DEL05-BA
632526;04/10/2024;sexta-feira;17:10:00;RN;406;169;SAO GONCALO DO AMARANTE;Reação tardia ou ineficiente do condutor;Colisão lateral mesmo sentido;Com Vítimas Feridas;Anoitecer;Crescente;Céu Claro;Dupla;Declive;Sim;2;0;1;0;1;0;1;2;-5,75570118;-35,30728507;SPRF-RN;DEL02-RN;UOP01-DEL02-RN
632528;04/10/2024;sexta-feira;16:00:00;RJ;101;49,9;CAMPOS DOS GOYTACAZES;Entrada inopinada do pedestre;Atropelamento de Pedestre;Com Vítimas Fatais;Pleno dia;Decrescente;Chuva;Simples;Reta;Não;5;1;0;0;4;0;0;2;-21,62508006;-41,31411242;SPRF-RJ;DEL08-RJ;UOP01-DEL08-RJ
632530;04/10/2024;sexta-feira;17:00:00;SP;116;356;MIRACATU;Condutor deixou de manter distância do veículo da frente;Queda de ocupante de veículo;Com Vítimas Feridas;Anoitecer;Crescente;Garoa/Chuvisco;Dupla;"Túnel;Reta;Declive";Não;2;0;1;0;1;0;1;1;-24,09661861;-47,25683212;SPRF-SP;DEL04-SP;UOP03-DEL04-SP
632531;04/10/2024;sexta-feira;17:30:00;RS;470;224,9;GARIBALDI;Transitar no Acostamento;Tombamento;Com Vítimas Feridas;Pleno dia;Decrescente;Céu Claro;Simples;"Reta;Interseção de Vias";Não;2;0;1;0;1;0;1;2;-29,23976746;-51,51814699;SPRF-RS;DEL06-RS;UOP01-DEL06-RS
632532;04/10/2024;sexta-feira;17:39:00;SC;470;44,9;GASPAR;Condutor deixou de manter distância do veículo da frente;Colisão lateral mesmo sentido;Com Vítimas Feridas;Anoitecer;Decrescente;Céu Claro;Dupla;Reta;Não;2;0;1;0;1;0;1;2;-26,870665;-49,021896;SPRF-SC;DEL04-SC;UOP01-DEL04-SC
632533;04/10/2024;sexta-feira;15:35:00;RO;364;374,2;OURO PRETO DO OESTE;Acessar a via sem observar a presença dos outros veículos;Colisão transversal;Com Vítimas Feridas;Pleno dia;Crescente;Céu Claro;Simples;"Interseção de Vias;Reta";Não;2;0;0;1;1;0;1;2;-10,74495491;-62,17830295;SPRF-RO;DEL02-RO;UOP01-DEL02-RO
632534;04/10/2024;sexta-feira;17:25:00;SC;101;97;BALNEARIO PICARRAS;Avarias e/ou desgaste excessivo no pneu;Tombamento;Com Vítimas Feridas;Pleno dia;Decrescente;Céu Claro;Dupla;Reta;Não;2;0;1;1;0;0;2;1;-26,72823703;-48,70224928;SPRF-SC;DEL03-SC;UOP02-DEL03-SC
632535;04/10/2024;sexta-feira;17:56:00;DF;70;7;BRASILIA;Ausência de reação do condutor;Colisão lateral mesmo sentido;Com Vítimas Feridas;Plena Noite;Crescente;Céu Claro;Dupla;"Declive;Reta";Sim;2;0;1;0;1;0;1;2;-15,787601;-48,114429;SPRF-DF;DEL03-DF;UOP02-DEL03-DF