id;data_inversa;dia_semana;horario;uf;br;km;municipio;causa_acidente;tipo_acidente;classificacao_acidente;fase_dia;sentido_via;condicao_metereologica;tipo_pista;tracado_via;uso_solo;pessoas;mortos;feridos_leves;feridos_graves;ilesos;ignorados;feridos;veiculos;latitude;longitude;regional;delegacia;uop
632537;04/10/2024;sexta-feira;16:30:00;RJ;101;321;NITEROI;Reação tardia ou ineficiente do condutor;Engavetamento;Com Vítimas Feridas;Pleno dia;Decrescente;Chuva;Múltipla;Reta;Não;5;0;2;0;3;0;2;3;-22,86981096;-43,11046465;SPRF-RJ;DEL02-RJ;UOP01-DEL02-RJ
632538;04/10/2024;sexta-feira;17:20:00;PR;277;642;CEU AZUL;Condutor deixou de manter distância do veículo da frente;Engavetamento;Com Vítimas Feridas;Pleno dia;Crescente;Céu Claro;Simples;Reta;Não;4;0;1;0;3;0;1;3;-25,18289824;-53,87111011;SPRF-PR;DEL05-PR;UOP02-DEL05-PR
632539;04/10/2024;sexta-feira;14:30:00;PE;232;70,8;GRAVATA;Reação tardia ou ineficiente do condutor;Colisão traseira;Com Vítimas Feridas;Pleno dia;Crescente;Sol;Dupla;Reta;Não;2;0;1;0;1;0;1;2;-8,17698676;-35,48742522;SPRF-PE;DEL02-PE;UOP02-DEL02PE
632540;04/10/2024;sexta-feira;18:15:00;PB;230;481;MARIZOPOLIS;Ausência de reação do condutor;Colisão lateral mesmo sentido;Com Vítimas Feridas;Plena Noite;Crescente;Nublado;Simples;Reta;Não;2;0;0;2;0;0;2;2;-6,8451;-38,354;SPRF-PB;DEL03-PB;UOP03-DEL03-PB
632542;04/10/2024;sexta-feira;18:20:00;PB;230;17,4;JOAO PESSOA;Ausência de reação do condutor;Colisão traseira;Com Vítimas Feridas;Plena Noite;Crescente;Céu Claro;Múltipla;"Reta;Retorno Regulamentado";Sim;2;0;1;0;1;0;1;2;-7,1121;-34,8426;SPRF-PB;DEL01-PB;UOP01-DEL01-PB
632543;12/09/2024;quinta-feira;07:30:00;PR;277;82;CURITIBA;Acessar a via sem observar a presença dos outros veículos;Colisão lateral mesmo sentido;Com Vítimas Feridas;Pleno dia;Crescente;Céu Claro;Dupla;Reta;Sim;3;0;0;1;1;1;1;2;-25,568939;-49,181978;SPRF-PR;DEL01-PR;UOP03-DEL01-PR
632544;04/10/2024;sexta-feira;18:00:00;RS;153;50,6;ERECHIM;Desrespeitar a preferência no cruzamento;Colisão transversal;Com Vítimas Feridas;Pleno dia;Decrescente;Céu Claro;Simples;Rotatória;Sim;2;0;1;0;1;0;1;2;-27,65663504;-52,27649158;SPRF-RS;DEL08-RS;UOP04-DEL08-RS
632545;04/10/2024;sexta-feira;18:30:00;DF;60;1,4;BRASILIA;Reação tardia ou ineficiente do condutor;Colisão lateral mesmo sentido;Com Vítimas Feridas;Anoitecer;Crescente;Céu Claro;Dupla;Reta;Sim;3;0;2;0;1;0;2;2;-15,887383;-48,077988;SPRF-DF;DEL03-DF;UOP01-DEL03-DF
632546;04/10/2024;sexta-feira;17:00:00;PR;376;638;SAO JOSE DOS PINHAIS;Avarias e/ou desgaste excessivo no pneu;Colisão com objeto;Com Vítimas Feridas;Pleno dia;Decrescente;Garoa/Chuvisco;Dupla;Curva;Não;1;0;1;0;0;0;1;1;-25,76503801;-49,12449804;SPRF-PR;DEL01-PR;UOP04-DEL01-PR
632548;04/10/2024;sexta-feira;18:40:00;ES;101;268;SERRA;Trafegar com motocicleta (ou similar) entre as faixas;Colisão lateral mesmo sentido;Com Vítimas Feridas;Plena Noite;Decrescente;Céu Claro;Dupla;Reta;Sim;3;0;1;0;2;0;1;3;-20,20842;-40,269405;SPRF-ES;DEL02-ES;UOP01-DEL02-ES
632549;04/10/2024;sexta-feira;17:30:00;SC;101;152;ITAPEMA;Ultrapassagem Indevida;Colisão lateral mesmo sentido;Sem Vítimas;Anoitecer;Decrescente;Céu Claro;Dupla;Reta;Sim;2;0;0;0;2;0;0;2;-27,13563503;-48,61004665;SPRF-SC;DEL04-SC;UOP03-DEL04-SC
632551;04/10/2024;sexta-feira;19:03:00;ES;101;102,5;SOORETAMA;Reação tardia ou ineficiente do condutor;Colisão traseira;Com Vítimas Feridas;Plena Noite;Crescente;Céu Claro;Simples;Reta;Não;3;0;0;1;2;0;1;2;-18,99655669;-40,00319452;SPRF-ES;DEL04-ES;UOP01-DEL04-ES
632552;04/10/2024;sexta-feira;18:20:00;PE;232;14,4;JABOATAO DOS GUARARAPES;Acessar a via sem observar a presença dos outros veículos;Colisão transversal;Com Vítimas Feridas;Plena Noite;Crescente;Nublado;Dupla;Reta;Não;2;0;1;1;0;0;2;2;-8,09013;-35,024308;SPRF-PE;DEL01-PE;UOP01-DEL01-PE
632554;04/10/2024;sexta-feira;13:30:00;RJ;40;94;DUQUE DE CAXIAS;Reação tardia ou ineficiente do condutor;Saída de leito carroçável;Com Vítimas Feridas;Pleno dia;Crescente;Chuva;Dupla;"Curva;Declive";Não;4;0;2;0;2;0;2;1;-22,55763285;-43,26574352;SPRF-RJ;DEL01-RJ;UOP01-DEL01-RJ
632555;04/10/2024;sexta-feira;18:30:00;MG;381;500,1;BETIM;Pedestre cruzava a pista fora da faixa;Atropelamento de Pedestre;Com Vítimas Feridas;Plena Noite;Decrescente;Céu Claro;Dupla;Reta;Não;3;0;1;0;2;0;1;2;-20,00642932;-44,21482086;SPRF-MG;DEL01-MG;UOP03-DEL01-MG
632556;04/10/2024;sexta-feira;19:00:00;MG;381;502;BETIM;Manobra de mudança de faixa;Colisão lateral mesmo sentido;Com Vítimas Feridas;Plena Noite;Decrescente;Nublado;Dupla;Reta;Não;2;0;1;0;1;0;1;2;-20,01867774;-44,22700882;SPRF-MG;DEL01-MG;UOP03-DEL01-MG
632557;04/10/2024;sexta-feira;18:50:00;RS;116;149,8;CAXIAS DO SUL;Condutor deixou de manter distância do veículo da frente;Colisão traseira;Com Vítimas Feridas;Plena Noite;Crescente;Céu Claro;Dupla;Reta;Sim;2;0;1;0;1;0;1;2;-29,15996905;-51,15645292;SPRF-RS;DEL05-RS;UOP01-DEL05-RS
632558;04/10/2024;sexta-feira;19:00:00;SC;101;216,2;PALHOCA;Reação tardia ou ineficiente do condutor;Colisão traseira;Com Vítimas Feridas;Plena Noite;Decrescente;Nublado;Múltipla;Reta;Sim;2;0;1;0;1;0;1;2;-27,65981409;-48,67747798;SPRF-SC;DEL01-SC;UOP02-DEL01-SC
632560;06/09/2024;sexta-feira;23:00:00;RS;116;154;CAXIAS DO SUL;Ausência de reação do condutor;Colisão transversal;Com Vítimas Feridas;Plena Noite;Crescente;Céu Claro;Simples;"Interseção de Vias;Reta";Não;1;0;1;0;0;0;1;1;-29,19074818;-51,18073734;SPRF-RS;DEL05-RS;UOP01-DEL05-RS
632561;04/10/2024;sexta-feira;19:00:00;GO;60;89;ANAPOLIS;Entrada inopinada do pedestre;Atropelamento de Pedestre;Com Vítimas Fatais;Anoitecer;Decrescente;Céu Claro;Dupla;Reta;Sim;6;1;0;0;4;1;0;3;-16,3367;-48,8957;SPRF-GO;DEL02-GO;UOP01-DEL02-GO
632562;04/10/2024;sexta-feira;18:00:00;RS;116;319;BARRA DO RIBEIRO;Ausência de reação do condutor;Capotamento;Com Vítimas Feridas;Anoitecer;Decrescente;Nublado;Dupla;Reta;Sim;1;0;1;0;0;0;1;1;-30,28157609;-51,41240974;SPRF-RS;DEL02-RS;UOP01-DEL02-RS
632563;04/10/2024;sexta-feira;19:30:00;RS;116;148,1;CAXIAS DO SUL;Entrada inopinada do pedestre;Atropelamento de Pedestre;Com Vítimas Feridas;Plena Noite;Decrescente;Céu Claro;Dupla;Curva;Sim;3;0;0;1;1;1;1;2;-29,15443812;-51,15099192;SPRF-RS;DEL05-RS;UOP01-DEL05-RS
632564;04/10/2024;sexta-feira;19:00:00;MG;40;669,9;CARANDAI;Acessar a via sem observar a presença dos outros veículos;Colisão transversal;Com Vítimas Feridas;Plena Noite;Crescente;Nublado;Simples;Reta;Não;6;0;6;0;0;0;6;2;-20,970838;-43,784907;SPRF-MG;DEL05-MG;UOP02-DEL05-MG
632565;04/10/2024;sexta-feira;17:50:00;MG;116;509,5;UBAPORANGA;Desrespeitar a preferência no cruzamento;Colisão transversal;Com Vítimas Feridas;Anoitecer;Decrescente;Nublado;Simples;Reta;Não;2;0;1;0;1;0;1;2;-19,63654904;-42,10593182;SPRF-MG;DEL06-MG;UOP02-DEL06-MG
632566;04/10/2024;sexta-feira;17:50:00;SC;282;324,9;CAMPOS NOVOS;Velocidade Incompatível;Saída de leito carroçável;Com Vítimas Feridas;Pleno dia;Decrescente;Céu Claro;Simples;Reta;Não;5;0;0;4;0;1;4;2;-27,387329;-51,055897;SPRF-SC;DEL07-SC;UOP06-DEL07-SC
632567;04/10/2024;sexta-feira;18:30:00;RS;290;720;URUGUAIANA;Desrespeitar a preferência no cruzamento;Colisão lateral mesmo sentido;Com Vítimas Feridas;Anoitecer;Decrescente;Céu Claro;Simples;Rotatória;Não;2;0;1;1;0;0;2;2;-29,77190234;-57,05715179;SPRF-RS;DEL13-RS;UOP01-DEL13-RS
632568;04/10/2024;sexta-feira;19:15:00;SP;116;218;GUARULHOS;Deficiência do Sistema de Iluminação/Sinalização;Colisão com objeto;Com Vítimas Feridas;Anoitecer;Decrescente;Nublado;Múltipla;Reta;Sim;1;0;1;0;0;0;1;1;-23,457972;-46,479927;SPRF-SP;DEL01-SP;UOP01-DEL01-SP
632569;04/10/2024;sexta-feira;19:22:00;PE;428;189;PETROLINA;Condutor desrespeitou a iluminação vermelha do semáforo;Colisão transversal;Com Vítimas Feridas;Plena Noite;Decrescente;Céu Claro;Dupla;Interseção de Vias;Sim;2;0;1;0;1;0;1;2;-9,37766429;-40,50269795;SPRF-PE;DEL06-PE;UOP01-DEL06-PE
632571;04/10/2024;sexta-feira;09:30:00;RJ;116;180;NOVA IGUACU;Reação tardia ou ineficiente do condutor;Colisão traseira;Com Vítimas Feridas;Pleno dia;Crescente;Garoa/Chuvisco;Dupla;Reta;Não;2;0;1;0;1;0;1;2;-22,7651616;-43,4154728;SPRF-RJ;DEL06-RJ;UOP01-DEL06-RJ
632572;04/10/2024;sexta-feira;11:45:00;PI;343;306;ALTOS;Acessar a via sem observar a presença dos outros veículos;Colisão transversal;Com Vítimas Feridas;Pleno dia;Decrescente;Sol;Simples;Reta;Sim;2;0;1;0;1;0;1;2;-5,038756;-42,450893;SPRF-PI;DEL01-PI;UOP01-DEL01-PI
632574;18/09/2024;quarta-feira;19:00:00;RJ;116;182;NOVA IGUACU;Manobra de mudança de faixa;Colisão lateral mesmo sentido;Com Vítimas Feridas;Plena Noite;Crescente;Céu Claro;Dupla;Reta;Sim;3;0;1;0;2;0;1;3;-22,7567755;-43,43107234;SPRF-RJ;DEL06-RJ;UOP01-DEL06-RJ
632575;04/10/2024;sexta-feira;20:00:00;AL;104;91,5;RIO LARGO;Conversão proibida;Colisão transversal;Com Vítimas Feridas;Plena Noite;Decrescente;Céu Claro;Dupla;Reta;Sim;3;0;2;0;0;1;2;3;-9,50898856;-35,80777135;SPRF-AL;DEL01-AL;UOP01-DEL01-AL
632576;04/10/2024;sexta-feira;20:00:00;CE;116;11,2;FORTALEZA;Condutor deixou de manter distância do veículo da frente;Colisão traseira;Com Vítimas Feridas;Plena Noite;Decrescente;Céu Claro;Dupla;Reta;Sim;3;0;0;1;2;0;1;2;-3,84394724;-38,49891546;SPRF-CE;DEL01-CE;UOP02-DEL01-CE
632577;04/10/2024;sexta-feira;17:45:00;MA;135;8;SAO LUIS;Reação tardia ou ineficiente do condutor;Colisão traseira;Com Vítimas Feridas;Pleno dia;Decrescente;Céu Claro;Dupla;Reta;Sim;2;0;1;0;1;0;1;2;-2,64342093;-44,27374175;SPRF-MA;DEL01-MA;UOP01-DEL01-MA
632578;04/10/2024;sexta-feira;19:30:00;RJ;101;48,4;CAMPOS DOS GOYTACAZES;Acessar a via sem observar a presença dos outros veículos;Colisão traseira;Com Vítimas Fatais;Plena Noite;Decrescente;Chuva;Simples;Reta;Sim;5;1;0;0;4;0;0;2;-21,61625895;-41,31535762;SPRF-RJ;DEL08-RJ;UOP01-DEL08-RJ
632579;04/10/2024;sexta-feira;20:00:00;SC;101;148;ITAPEMA;Ausência de reação do condutor;Colisão traseira;Sem Vítimas;Plena Noite;Crescente;Céu Claro;Múltipla;Reta;Sim;2;0;0;0;2;0;0;2;-27,10294056;-48,61748993;SPRF-SC;DEL04-SC;UOP03-DEL04-SC
632580;04/10/2024;sexta-feira;17:30:00;MG;116;415;GOVERNADOR VALADARES;Acessar a via sem observar a presença dos outros veículos;Colisão transversal;Com Vítimas Feridas;Plena Noite;Crescente;Céu Claro;Simples;Reta;Não;2;0;1;0;1;0;1;2;-18,88401297;-41,94924399;SPRF-MG;DEL06-MG;UOP01-DEL06-MG
632581;04/10/2024;sexta-feira;20:32:00;GO;50;96;IPAMERI;Acessar a via sem observar a presença dos outros veículos;Colisão transversal;Com Vítimas Feridas;Plena Noite;Crescente;Céu Claro;Dupla;Reta;Sim;2;0;2;0;0;0;2;2;-16,9309;-47,7117;SPRF-DF;DEL01-DF;UOP02-DEL01-DF
632582;04/10/2024;sexta-feira;16:30:00;RJ;101;312;SAO GONCALO;Chuva;Tombamento;Com Vítimas Feridas;Pleno dia;Decrescente;Chuva;Dupla;Reta;Sim;2;0;2;0;0;0;2;1;-22,80546555;-43,06156967;SPRF-RJ;DEL02-RJ;UOP02-DEL02-RJ
632584;04/10/2024;sexta-feira;20:40:00;SC;470;2,3;NAVEGANTES;Ausência de reação do condutor;Colisão traseira;Com Vítimas Feridas;Plena Noite;Crescente;Nublado;Dupla;Reta;Não;3;0;1;0;2;0;1;2;-26,868551;-48,674831;SPRF-SC;DEL04-SC;UOP04-DEL04-SC
632585;04/10/2024;sexta-feira;20:10:00;SP;153;324,9;SAO PEDRO DO TURVO;Reação tardia ou ineficiente do condutor;Saída de leito carroçável;Com Vítimas Feridas;Plena Noite;Decrescente;Céu Claro;Simples;Reta;Não;1;0;1;0;0;0;1;1;-22,79786701;-49,88967352;SPRF-SP;DEL07-SP;UOP03-DEL07-SP
632586;04/10/2024;sexta-feira;20:30:00;PR;376;595;CURITIBA;Ausência de reação do condutor;Saída de leito carroçável;Com Vítimas Feridas;Plena Noite;Decrescente;Céu Claro;Dupla;Reta;Sim;2;0;1;0;1;0;1;1;-25,46016687;-49,35889542;SPRF-PR;DEL01-PR;UOP06-DEL01-PR
632587;04/10/2024;sexta-feira;19:38:00;RJ;465;4;SEROPEDICA;Pedestre cruzava a pista fora da faixa;Atropelamento de Pedestre;Com Vítimas Feridas;Plena Noite;Crescente;Chuva;Dupla;Reta;Não;2;0;1;0;1;0;1;2;-22,740971;-43,705597;SPRF-RJ;DEL06-RJ;UOP02-DEL06-RJ
632588;04/10/2024;sexta-feira;21:10:00;DF;20;36;BRASILIA;Acessar a via sem observar a presença dos outros veículos;Colisão transversal;Com Vítimas Feridas;Plena Noite;Crescente;Céu Claro;Múltipla;Reta;Não;3;0;1;0;2;0;1;2;-15,581923;-47,549881;SPRF-DF;DEL02-DF;UOP01-DEL02-DF
632589;04/10/2024;sexta-feira;20:40:00;RJ;116;181;NOVA IGUACU;Reação tardia ou ineficiente do condutor;Colisão traseira;Com Vítimas Feridas;Plena Noite;Crescente;Chuva;Múltipla;Reta;Sim;3;0;0;2;1;0;2;2;-22,761312;-43,423492;SPRF-RJ;DEL06-RJ;UOP01-DEL06-RJ
632590;04/10/2024;sexta-feira;18:40:00;MT;364;1239;COMODORO;Acostamento em desnível;Queda de ocupante de veículo;Com Vítimas Feridas;Plena Noite;Decrescente;Chuva;Simples;Reta;Não;1;0;1;0;0;0;1;1;-13,7822342;-59,66078026;SPRF-MT;DEL04-MT;UOP02-DEL04-MT
632591;04/10/2024;sexta-feira;21:00:00;BA;324;523;FEIRA DE SANTANA;Transitar na contramão;Colisão frontal;Com Vítimas Feridas;Plena Noite;Crescente;Céu Claro;Dupla;Reta;Não;4;0;2;0;1;1;2;3;-12,29007099;-38,91206799;SPRF-BA;DEL01-BA;UOP03-DEL01-BA
632593;04/10/2024;sexta-feira;20:15:00;SC;280;302;PORTO UNIAO;Ausência de reação do condutor;Saída de leito carroçável;Com Vítimas Feridas;Plena Noite;Decrescente;Nublado;Simples;Reta;Sim;1;0;1;0;0;0;1;1;-26,28206426;-51,04715824;SPRF-SC;DEL06-SC;UOP04-DEL06-SC
632600;04/10/2024;sexta-feira;20:30:00;RS;287;519;SAO BORJA;Ausência de reação do condutor;Colisão traseira;Com Vítimas Feridas;Plena Noite;Decrescente;Céu Claro;Simples;Reta;Não;4;0;1;0;3;0;1;2;-28,72956422;-55,84994913;SPRF-RS;DEL12-RS;UOP01-DEL12-RS
632601;04/10/2024;sexta-feira;22:20:00;MG;40;806;MATIAS BARBOSA;Velocidade Incompatível;Saída de leito carroçável;Com Vítimas Feridas;Pleno dia;Crescente;Céu Claro;Dupla;"Curva;Declive";Não;2;0;2;0;0;0;2;1;-21,86659197;-43,361643;SPRF-MG;DEL05-MG;UOP01-DEL05-MG
632603;04/10/2024;sexta-feira;21:00:00;BA;101;179;ENTRE RIOS;Demais falhas mecânicas ou elétricas;Incêndio;Sem Vítimas;Plena Noite;Decrescente;Céu Claro;Dupla;Reta;Não;1;0;0;0;1;0;0;1;-11,99208458;-38,2329197;SPRF-BA;DEL01-BA;UOP03-DEL01-BA
632604;04/10/2024;sexta-feira;20:30:00;PA;10;246;AURORA DO PARA;Condutor deixou de manter distância do veículo da frente;Colisão traseira;Com Vítimas Feridas;Plena Noite;Decrescente;Céu Claro;Simples;Reta;Sim;2;0;1;0;1;0;1;2;-2,28581501;-47,56352781;SPRF-PA;DEL02-PA;UOP01-DEL02-PA
632605;04/10/2024;sexta-feira;22:00:00;SP;116;218;GUARULHOS;Ausência de reação do condutor;Queda de ocupante de veículo;Com Vítimas Feridas;Plena Noite;Decrescente;Céu Claro;Múltipla;Reta;Sim;1;0;1;0;0;0;1;1;-23,457972;-46,479927;SPRF-SP;DEL01-SP;UOP01-DEL01-SP
632606;04/10/2024;sexta-feira;21:45:00;BA;116;486;RAFAEL JAMBEIRO;Ausência de reação do condutor;Capotamento;Com Vítimas Feridas;Plena Noite;Crescente;Céu Claro;Dupla;Reta;Não;4;0;3;0;1;0;3;1;-12,53299173;-39,41711114;SPRF-BA;DEL02-BA;UOP01-DEL02-BA
632607;04/10/2024;sexta-feira;20:00:00;PR;277;603,2;SANTA TEREZA DO OESTE;Acessar a via sem observar a presença dos outros veículos;Colisão transversal;Com Vítimas Feridas;Plena Noite;Crescente;Céu Claro;Simples;"Reta;Aclive";Não;2;0;2;0;0;0;2;2;-25,02817;-53,55983;SPRF-PR;DEL05-PR;UOP02-DEL05-PR
632608;04/10/2024;sexta-feira;21:30:00;SP;116;89;PINDAMONHANGABA;Entrada inopinada do pedestre;Atropelamento de Pedestre;Com Vítimas Feridas;Plena Noite;Decrescente;Céu Claro;Dupla;Reta;Sim;3;0;0;1;0;2;1;2;-22,93930884;-45,37874708;SPRF-SP;DEL08-SP;UOP01-DEL08-SP
632609;04/10/2024;sexta-feira;21:50:00;MG;50;72,2;UBERLANDIA;Desrespeitar a preferência no cruzamento;Colisão transversal;Com Vítimas Feridas;Plena Noite;Decrescente;Céu Claro;Múltipla;"Reta;Interseção de Vias;Aclive";Sim;2;0;1;0;1;0;1;2;-18,89912179;-48,24169064;SPRF-MG;DEL15-MG;UOP01-DEL15-MG
632611;04/10/2024;sexta-feira;22:15:00;SP;116;195,8;SANTA ISABEL;Acessar a via sem observar a presença dos outros veículos;Colisão traseira;Com Vítimas Feridas;Plena Noite;Crescente;Nublado;Dupla;Reta;Não;2;0;1;0;1;0;1;2;-23,39265978;-46,2844631;SPRF-SP;DEL01-SP;UOP01-DEL01-SP
632613;04/10/2024;sexta-feira;19:45:00;RJ;40;41;AREAL;Reação tardia ou ineficiente do condutor;Tombamento;Com Vítimas Feridas;Plena Noite;Decrescente;Céu Claro;Dupla;Reta;Não;2;0;0;1;0;1;1;2;-22,24770805;-43,10581955;SPRF-RJ;DEL05-RJ;UOP02-DEL05-RJ
632614;04/10/2024;sexta-feira;22:00:00;DF;20;25;BRASILIA;Velocidade Incompatível;Colisão com objeto;Com Vítimas Feridas;Plena Noite;Decrescente;Céu Claro;Dupla;"Curva;Aclive";Sim;1;0;1;0;0;0;1;1;-15,595603;-47,649715;SPRF-DF;DEL02-DF;UOP01-DEL02-DF
632615;04/10/2024;sexta-feira;18:05:00;PE;428;140,4;LAGOA GRANDE;Ingestão de álcool pelo condutor;Tombamento;Com Vítimas Fatais;Plena Noite;Decrescente;Céu Claro;Simples;"Reta;Ponte";Sim;4;1;0;0;0;3;0;2;-9,00320116;-40,27214527;SPRF-PE;DEL06-PE;UOP03-DEL06-PE
632616;04/10/2024;sexta-feira;22:30:00;SP;101;52;UBATUBA;Ingestão de álcool pelo condutor;Colisão frontal;Com Vítimas Feridas;Plena Noite;Decrescente;Chuva;Simples;Curva;Sim;2;0;1;1;0;0;2;2;-23,4623355;-45,06476561;SPRF-SP;DEL06-SP;UOP01-DEL06-SP
632617;04/10/2024;sexta-feira;23:10:00;SP;116;96;PINDAMONHANGABA;Acostamento em desnível;Eventos atípicos;Com Vítimas Feridas;Plena Noite;Crescente;Céu Claro;Dupla;"Reta;Declive";Não;3;0;1;0;0;2;1;2;-22,96945055;-45,43869623;SPRF-SP;DEL08-SP;UOP01-DEL08-SP
632618;04/10/2024;sexta-feira;21:40:00;RR;432;191;CANTA;Velocidade Incompatível;Saída de leito carroçável;Com Vítimas Fatais;Plena Noite;Crescente;Céu Claro;Simples;"Reta;Interseção de Vias";Sim;2;1;0;1;0;0;1;1;2,609889;-60,597168;SPRF-RR;DEL01-RR;UOP01-DEL01-RR
632619;04/10/2024;sexta-feira;22:25:00;PI;343;267;CAMPO MAIOR;Acessar a via sem observar a presença dos outros veículos;Colisão transversal;Com Vítimas Feridas;Plena Noite;Crescente;Céu Claro;Simples;Reta;Sim;3;0;1;0;2;0;1;2;-4,836484;-42,181347;SPRF-PI;DEL01-PI;UOP03-DEL01-PI
632620;04/10/2024;sexta-feira;22:00:00;MT;364;211;RONDONOPOLIS;Reação tardia ou ineficiente do condutor;Colisão lateral mesmo sentido;Sem Vítimas;Plena Noite;Crescente;Céu Claro;Dupla;Reta;Não;3;0;0;0;3;0;0;2;-16,41628416;-54,70728415;SPRF-MT;DEL02-MT;UOP01-DEL02-MT
632621;04/10/2024;sexta-feira;20:30:00;PR;163;55,9;PEROLA DOESTE;Pista esburacada;Tombamento;Com Vítimas Feridas;Plena Noite;Crescente;Céu Claro;Simples;Reta;Não;1;0;1;0;0;0;1;1;-25,903184;-53,750045;SPRF-PR;DEL02-PR;UOP02-DEL02-PR
632622;04/10/2024;sexta-feira;23:20:00;SP;116;213;GUARULHOS;Acessar a via sem observar a presença dos outros veículos;Colisão traseira;Com Vítimas Feridas;Pleno dia;Crescente;Céu Claro;Dupla;Reta;Sim;3;0;1;0;2;0;1;2;-23,43971486;-46,43667806;SPRF-SP;DEL01-SP;UOP01-DEL01-SP
632623;04/10/2024;sexta-feira;22:10:00;MG;116;539,5;SANTA RITA DE MINAS;Ausência de reação do condutor;Tombamento;Com Vítimas Feridas;Plena Noite;Decrescente;Céu Claro;Simples;Curva;Não;1;0;1;0;0;0;1;1;-19,88240027;-42,13242591;SPRF-MG;DEL06-MG;UOP02-DEL06-MG
632624;04/10/2024;sexta-feira;21:30:00;SC;101;298;IMBITUBA;Demais falhas mecânicas ou elétricas;Incêndio;Sem Vítimas;Plena Noite;Decrescente;Ignorado;Múltipla;Reta;Sim;1;0;0;0;1;0;0;1;-28,32102597;-48,72829906;SPRF-SC;DEL02-SC;UOP03-DEL02-SC
632625;04/10/2024;sexta-feira;22:30:00;MT;163;843;SINOP;Ausência de reação do condutor;Colisão traseira;Com Vítimas Feridas;Plena Noite;Crescente;Céu Claro;Simples;Reta;Não;3;0;0;1;2;0;1;2;-11,78367792;-55,47494888;SPRF-MT;DEL06-MT;UOP02-DEL06-MT
632626;04/10/2024;sexta-feira;22:30:00;CE;222;264;COREAU;Acessar a via sem observar a presença dos outros veículos;Colisão lateral mesmo sentido;Com Vítimas Feridas;Plena Noite;Crescente;Céu Claro;Simples;Reta;Não;2;0;1;0;1;0;1;2;-3,7479809;-40,68469599;SPRF-CE;DEL04-CE;UOP02-DEL04-CE
632627;25/08/2024;domingo;18:50:00;PI;343;267,2;CAMPO MAIOR;Transitar na contramão;Colisão frontal;Com Vítimas Fatais;Plena Noite;Crescente;Céu Claro;Simples;Reta;Sim;3;1;0;2;0;0;2;2;-4,836484;-42,181347;SPRF-PI;DEL01-PI;UOP03-DEL01-PI
632628;04/10/2024;sexta-feira;21:50:00;SC;282;467,6;PONTE SERRADA;Ultrapassagem Indevida;Colisão frontal;Com Vítimas Feridas;Plena Noite;Crescente;Céu Claro;Simples;"Aclive;Reta";Não;2;0;2;0;0;0;2;2;-26,854425;-52,096107;SPRF-SC;DEL07-SC;UOP04-DEL07-SC
632630;04/10/2024;sexta-feira;23:00:00;SP;153;87,3;MIRASSOL;Demais falhas mecânicas ou elétricas;Incêndio;Sem Vítimas;Plena Noite;Decrescente;Céu Claro;Simples;"Reta;Declive";Não;1;0;0;0;1;0;0;1;-20,94498178;-49,53459612;SPRF-SP;DEL09-SP;UOP01-DEL09-SP
632634;05/10/2024;sábado;00:05:00;MA;10;248;IMPERATRIZ;Condutor deixou de manter distância do veículo da frente;Colisão traseira;Com Vítimas Feridas;Plena Noite;Decrescente;Céu Claro;Múltipla;Reta;Sim;2;0;1;0;1;0;1;2;-5,566143;-47,449028;SPRF-MA;DEL04-MA;UOP01-DEL04-MA
632637;04/10/2024;sexta-feira;23:53:00;RO;364;41;VILHENA;Ausência de reação do condutor;Colisão traseira;Com Vítimas Feridas;Plena Noite;Crescente;Nevoeiro/Neblina;Simples;Reta;Não;3;0;0;1;2;0;1;2;-12,62352;-60,33658;SPRF-RO;DEL04-RO;UOP01-DEL04-RO
632638;04/10/2024;sexta-feira;22:20:00;PI;407;443;GEMINIANO;Ingestão de álcool pelo condutor;Tombamento;Com Vítimas Fatais;Plena Noite;Crescente;Céu Claro;Simples;Reta;Não;2;1;0;1;0;0;1;1;-7,2030835;-41,30156238;SPRF-PI;DEL04-PI;UOP01-DEL04-PI
632639;05/10/2024;sábado;01:10:00;PB;361;91;PIANCO;Reação tardia ou ineficiente do condutor;Colisão com objeto;Com Vítimas Feridas;Plena Noite;Decrescente;Céu Claro;Simples;"Curva;Ponte";Não;4;0;1;0;3;0;1;1;-7,22001249;-37,97606723;SPRF-PB;DEL03-PB;UOP01-DEL03-PB
632643;05/10/2024;sábado;03:30:00;SP;116;173,6;GUARAREMA;Ingestão de álcool pelo condutor;Colisão com objeto;Sem Vítimas;Plena Noite;Crescente;Nublado;Dupla;Reta;Não;1;0;0;0;1;0;0;1;-23,31710055;-46,08178719;SPRF-SP;DEL02-SP;UOP01-DEL02-SP
632644;05/10/2024;sábado;02:36:00;GO;153;115;ESTRELA DO NORTE;Ingestão de álcool pelo condutor;Saída de leito carroçável;Sem Vítimas;Plena Noite;Crescente;Céu Claro;Simples;"Reta;Declive";Não;1;0;0;0;1;0;0;1;-13,778917;-49,032074;SPRF-GO;DEL07-GO;UOP01-DEL07-GO
632645;05/10/2024;sábado;03:25:00;PR;277;127,2;CAMPO LARGO;Transitar na contramão;Colisão lateral sentido oposto;Sem Vítimas;Plena Noite;Decrescente;Nublado;Dupla;Reta;Não;2;0;0;0;1;1;0;2;-25,438;-49,55;SPRF-PR;DEL03-PR;UOP03-DEL03-PR
632646;05/10/2024;sábado;04:20:00;SC;101;207,8;SAO JOSE;Condutor Dormindo;Tombamento;Com Vítimas Feridas;Plena Noite;Crescente;Nublado;Múltipla;Curva;Sim;1;0;0;1;0;0;1;1;-27,60327979;-48,63201818;SPRF-SC;DEL01-SC;UOP01-DEL01-SC