id;data_inversa;dia_semana;horario;uf;br;km;municipio;causa_acidente;tipo_acidente;classificacao_acidente;fase_dia;sentido_via;condicao_metereologica;tipo_pista;tracado_via;uso_solo;pessoas;mortos;feridos_leves;feridos_graves;ilesos;ignorados;feridos;veiculos;latitude;longitude;regional;delegacia;uop
632647;05/10/2024;sábado;03:30:00;RJ;101;198;CASIMIRO DE ABREU;Velocidade Incompatível;Capotamento;Com Vítimas Feridas;Plena Noite;Crescente;Céu Claro;Dupla;Curva;Não;2;0;0;1;1;0;1;1;-22,49157993;-42,12771201;SPRF-RJ;DEL08-RJ;UOP04-DEL08-RJ
632648;05/10/2024;sábado;04:00:00;RS;386;31;FREDERICO WESTPHALEN;Reação tardia ou ineficiente do condutor;Colisão traseira;Com Vítimas Feridas;Plena Noite;Crescente;Céu Claro;Simples;"Reta;Aclive";Sim;2;0;1;0;0;1;1;2;-27,334265;-53,381775;SPRF-RS;DEL08-RS;UOP02-DEL08-RS
632650;05/10/2024;sábado;04:30:00;RS;290;65,1;GRAVATAI;Ausência de reação do condutor;Saída de leito carroçável;Com Vítimas Feridas;Plena Noite;Crescente;Céu Claro;Dupla;Reta;Não;1;0;1;0;0;0;1;1;-29,943108;-50,905231;SPRF-RS;DEL03-RS;UOP01-DEL03-RS
632651;05/10/2024;sábado;03:40:00;PR;116;42,1;CAMPINA GRANDE DO SUL;Pista Escorregadia;Tombamento;Com Vítimas Feridas;Amanhecer;Crescente;Chuva;Simples;Curva;Não;1;0;1;0;0;0;1;1;-25,17611697;-48,874256;SPRF-PR;DEL01-PR;UOP02-DEL01-PR
632652;05/10/2024;sábado;05:30:00;SC;116;1,4;MAFRA;Ingestão de álcool pelo condutor;Saída de leito carroçável;Sem Vítimas;Amanhecer;Crescente;Nublado;Simples;Reta;Sim;1;0;0;0;1;0;0;1;-26,1170929;-49,78694917;SPRF-SC;DEL06-SC;UOP01-DEL06-SC
632653;05/10/2024;sábado;05:40:00;PR;476;147;CURITIBA;Velocidade Incompatível;Colisão traseira;Com Vítimas Feridas;Amanhecer;Crescente;Nublado;Dupla;Reta;Não;4;0;2;0;2;0;2;2;-25,554628;-49,339268;SPRF-PR;DEL01-PR;UOP06-DEL01-PR
632655;04/10/2024;sexta-feira;18:00:00;PB;361;110;ITAPORANGA;Ausência de reação do condutor;Queda de ocupante de veículo;Com Vítimas Feridas;Anoitecer;Crescente;Céu Claro;Simples;Reta;Sim;2;0;0;2;0;0;2;1;-7,29695102;-38,11983399;SPRF-PB;DEL03-PB;UOP01-DEL03-PB
632657;05/10/2024;sábado;04:30:00;BA;407;9;JUAZEIRO;Transitar na contramão;Colisão frontal;Com Vítimas Feridas;Plena Noite;Crescente;Céu Claro;Simples;Reta;Não;5;0;1;0;4;0;1;2;-9,4802599;-40,4750298;SPRF-PE;DEL06-PE;UOP01-DEL06-PE
632658;04/10/2024;sexta-feira;18:15:00;PI;343;491;REGENERACAO;Ingestão de substâncias psicoativas pelo condutor;Colisão lateral mesmo sentido;Com Vítimas Fatais;Anoitecer;Decrescente;Céu Claro;Simples;"Reta;Declive";Não;2;1;1;0;0;0;1;2;-6,248193;-42,726166;SPRF-PI;DEL01-PI;UOP02-DEL01-PI
632659;05/10/2024;sábado;05:00:00;SC;163;82,4;GUARACIABA;Velocidade Incompatível;Saída de leito carroçável;Sem Vítimas;Amanhecer;Crescente;Céu Claro;Simples;"Curva;Aclive";Não;1;0;0;0;1;0;0;1;-26,6327579;-53,51856923;SPRF-SC;DEL07-SC;UOP03-DEL07-SC
632660;05/10/2024;sábado;05:45:00;MG;40;453,7;CAETANOPOLIS;Ingestão de álcool pelo condutor;Saída de leito carroçável;Com Vítimas Feridas;Pleno dia;Decrescente;Céu Claro;Dupla;Reta;Sim;1;0;1;0;0;0;1;1;-19,34189163;-44,35667832;SPRF-MG;DEL02-MG;UOP01-DEL02-MG
632663;05/10/2024;sábado;05:00:00;PR;373;421,5;CANDOI;Ausência de reação do condutor;Colisão com objeto;Sem Vítimas;Plena Noite;Crescente;Céu Claro;Simples;Reta;Não;1;0;0;0;0;1;0;1;-25,7004638;-52,16678548;SPRF-PR;DEL08-PR;UOP01-DEL08-PR
632665;05/10/2024;sábado;06:10:00;SP;116;223;GUARULHOS;Reação tardia ou ineficiente do condutor;Colisão com objeto;Com Vítimas Feridas;Pleno dia;Crescente;Céu Claro;Dupla;Reta;Sim;1;0;1;0;0;0;1;1;-23,47559815;-46,5246609;SPRF-SP;DEL01-SP;UOP01-DEL01-SP
632666;05/10/2024;sábado;05:50:00;PB;101;83;BAYEUX;Condutor deixou de manter distância do veículo da frente;Colisão traseira;Sem Vítimas;Pleno dia;Decrescente;Céu Claro;Dupla;Reta;Sim;2;0;0;0;2;0;0;2;-7,1337703;-34,92963914;SPRF-PB;DEL01-PB;UOP01-DEL01-PB
632667;05/10/2024;sábado;06:40:00;SE;235;8,9;NOSSA SENHORA DO SOCORRO;Transitar no Acostamento;Atropelamento de Pedestre;Com Vítimas Feridas;Pleno dia;Crescente;Céu Claro;Simples;Curva;Não;3;0;2;1;0;0;3;2;-10,886912;-37,132862;SPRF-SE;DEL01-SE;UOP01-DEL01-SE
632668;05/10/2024;sábado;04:20:00;MG;262;435;NOVA SERRANA;Ingestão de álcool pelo condutor;Colisão com objeto;Sem Vítimas;Plena Noite;Decrescente;Céu Claro;Dupla;Reta;Não;1;0;0;0;1;0;0;1;-19,89666118;-44,85116191;SPRF-MG;DEL08-MG;UOP03-DEL08-MG
632669;05/10/2024;sábado;02:10:00;MG;262;409,7;IGARATINGA;Velocidade Incompatível;Saída de leito carroçável;Com Vítimas Feridas;Plena Noite;Crescente;Céu Claro;Dupla;"Curva;Declive";Não;1;0;0;1;0;0;1;1;-19,8901412;-44,62313102;SPRF-MG;DEL08-MG;UOP03-DEL08-MG
632671;05/10/2024;sábado;07:20:00;MG;40;528,2;CONTAGEM;Reação tardia ou ineficiente do condutor;Tombamento;Com Vítimas Feridas;Pleno dia;Crescente;Nublado;Dupla;"Reta;Aclive";Sim;2;0;0;2;0;0;2;1;-19,90883179;-44,04436577;SPRF-MG;DEL01-MG;UOP02-DEL01-MG
632674;05/10/2024;sábado;06:30:00;PA;163;994,3;SANTAREM;Afundamento ou ondulação no pavimento;Saída de leito carroçável;Com Vítimas Feridas;Amanhecer;Crescente;Céu Claro;Simples;Reta;Não;4;0;3;0;1;0;3;1;-2,52083003;-54,72278618;SPRF-PA;DEL05-PA;UOP01-DEL05-PA
632677;05/10/2024;sábado;05:30:00;PI;343;459,9;SAO PEDRO DO PIAUI;Avarias e/ou desgaste excessivo no pneu;Saída de leito carroçável;Com Vítimas Feridas;Amanhecer;Crescente;Céu Claro;Simples;"Reta;Declive";Não;3;0;3;0;0;0;3;1;-5,970473;-42,730152;SPRF-PI;DEL01-PI;UOP02-DEL01-PI
632680;05/10/2024;sábado;07:50:00;AP;210;20;MACAPA;Avarias e/ou desgaste excessivo no pneu;Tombamento;Com Vítimas Feridas;Pleno dia;Crescente;Céu Claro;Simples;Reta;Não;2;0;2;0;0;0;2;1;0,19613616;-51,11457037;SPRF-AP;DEL01-AP;UOP01-DEL01-AP
632682;05/10/2024;sábado;08:15:00;SC;101;216,3;PALHOCA;Desrespeitar a preferência no cruzamento;Colisão transversal;Com Vítimas Feridas;Pleno dia;Decrescente;Céu Claro;Múltipla;Viaduto;Sim;2;0;1;0;1;0;1;2;-27,65981409;-48,67747798;SPRF-SC;DEL01-SC;UOP02-DEL01-SC
632683;05/10/2024;sábado;07:15:00;MG;116;579,6;MANHUACU;Ausência de reação do condutor;Saída de leito carroçável;Com Vítimas Feridas;Pleno dia;Crescente;Nublado;Simples;Reta;Não;2;0;0;2;0;0;2;1;-20,17836097;-42,18664844;SPRF-MG;DEL06-MG;UOP03-DEL06-MG
632685;05/10/2024;sábado;08:00:00;ES;101;288,7;CARIACICA;Animais na Pista;Atropelamento de Animal;Com Vítimas Feridas;Pleno dia;Crescente;Nublado;Dupla;Reta;Sim;2;0;1;1;0;0;2;1;-20,27261207;-40,39142847;SPRF-ES;DEL01-ES;UOP01-DEL01-ES
632686;05/10/2024;sábado;08:10:00;PR;277;622,8;CEU AZUL;Transitar na contramão;Colisão frontal;Com Vítimas Feridas;Pleno dia;Decrescente;Céu Claro;Simples;Reta;Não;4;0;0;1;1;2;1;3;-25,09042445;-53,72857283;SPRF-PR;DEL05-PR;UOP02-DEL05-PR
632687;05/10/2024;sábado;08:10:00;PE;101;187;PALMARES;Ingestão de álcool pelo condutor;Capotamento;Com Vítimas Feridas;Pleno dia;Crescente;Céu Claro;Dupla;"Curva;Declive";Sim;1;0;1;0;0;0;1;1;-8,686644;-35,587478;SPRF-PE;DEL01-PE;UOP03-DEL01-PE
632689;04/10/2024;sexta-feira;20:05:00;RJ;116;201;SEROPEDICA;Ausência de reação do condutor;Capotamento;Com Vítimas Feridas;Plena Noite;Decrescente;Garoa/Chuvisco;Dupla;Reta;Não;2;0;1;0;1;0;1;1;-22,73124742;-43,60364806;SPRF-RJ;DEL06-RJ;UOP02-DEL06-RJ
632690;05/10/2024;sábado;07:14:00;MG;40;804,5;MATIAS BARBOSA;Reação tardia ou ineficiente do condutor;Saída de leito carroçável;Com Vítimas Feridas;Pleno dia;Crescente;Nublado;Dupla;"Curva;Declive";Não;1;0;0;1;0;0;1;1;-21,86534291;-43,36765294;SPRF-MG;DEL05-MG;UOP01-DEL05-MG
632691;05/10/2024;sábado;07:20:00;RJ;116;224;PARACAMBI;Ausência de reação do condutor;Saída de leito carroçável;Com Vítimas Feridas;Pleno dia;Decrescente;Céu Claro;Dupla;Curva;Sim;2;0;1;0;1;0;1;1;-22,68709335;-43,81058612;SPRF-RJ;DEL06-RJ;UOP02-DEL06-RJ
632692;05/10/2024;sábado;07:25:00;SP;381;25;BRAGANCA PAULISTA;Reação tardia ou ineficiente do condutor;Queda de ocupante de veículo;Com Vítimas Feridas;Pleno dia;Crescente;Céu Claro;Dupla;"Aclive;Reta";Não;1;0;1;0;0;0;1;1;-23,02018004;-46,52966596;SPRF-SP;DEL03-SP;UOP02-DEL03-SP
632693;05/10/2024;sábado;08:19:00;DF;20;3,2;BRASILIA;Reação tardia ou ineficiente do condutor;Saída de leito carroçável;Com Vítimas Feridas;Pleno dia;Crescente;Céu Claro;Múltipla;"Declive;Reta";Sim;1;0;1;0;0;0;1;1;-15,679851;-47,832211;SPRF-DF;DEL02-DF;UOP01-DEL02-DF
632696;05/10/2024;sábado;08:45:00;SC;101;214;PALHOCA;Ingestão de álcool pelo condutor;Colisão lateral mesmo sentido;Sem Vítimas;Pleno dia;Decrescente;Céu Claro;Dupla;Reta;Sim;3;0;0;0;2;1;0;2;-27,64443;-48,67057;SPRF-SC;DEL01-SC;UOP02-DEL01-SC
632697;05/10/2024;sábado;08:40:00;PE;408;66,9;PAUDALHO;Retorno proibido;Colisão transversal;Com Vítimas Feridas;Pleno dia;Crescente;Sol;Múltipla;Reta;Sim;2;0;1;0;1;0;1;2;-7,85456416;-35,22363707;SPRF-PE;DEL01-PE;UOP01-DEL01-PE
632698;05/10/2024;sábado;08:30:00;PE;232;95,8;SAIRE;Reação tardia ou ineficiente do condutor;Colisão lateral mesmo sentido;Com Vítimas Feridas;Pleno dia;Crescente;Céu Claro;Dupla;Reta;Não;3;0;1;0;2;0;1;2;-8,22740988;-35,69941904;SPRF-PE;DEL02-PE;UOP02-DEL02PE
632699;05/10/2024;sábado;06:24:00;SC;282;440;IRANI;Acostamento em desnível;Saída de leito carroçável;Com Vítimas Feridas;Amanhecer;Decrescente;Ignorado;Simples;"Declive;Reta";Não;3;0;3;0;0;0;3;1;-26,93687724;-51,8691963;SPRF-SC;DEL07-SC;UOP04-DEL07-SC
632700;05/10/2024;sábado;09:45:00;ES;101;270,8;SERRA;Reação tardia ou ineficiente do condutor;Tombamento;Com Vítimas Feridas;Pleno dia;Crescente;Céu Claro;Múltipla;"Curva;Aclive";Sim;1;0;0;1;0;0;1;1;-20,22662056;-40,27075088;SPRF-ES;DEL02-ES;UOP01-DEL02-ES
632701;02/10/2024;quarta-feira;06:40:00;BA;116;822,1;VITORIA DA CONQUISTA;Manobra de mudança de faixa;Colisão lateral mesmo sentido;Com Vítimas Feridas;Pleno dia;Crescente;Céu Claro;Dupla;Interseção de Vias;Não;2;0;1;0;1;0;1;2;-14,84659403;-40,84808176;SPRF-BA;DEL08-BA;UOP01-DEL08-BA
632702;05/10/2024;sábado;09:20:00;BA;116;17,2;VITORIA DA CONQUISTA;Entrada inopinada do pedestre;Atropelamento de Pedestre;Com Vítimas Feridas;Pleno dia;Crescente;Sol;Simples;Retorno Regulamentado;Não;3;0;1;1;0;1;2;2;-14,90203152;-40,84028006;SPRF-BA;DEL08-BA;UOP01-DEL08-BA
632703;05/10/2024;sábado;06:28:00;CE;304;48;ARACATI;Frear bruscamente;Queda de ocupante de veículo;Com Vítimas Feridas;Pleno dia;Decrescente;Céu Claro;Dupla;Reta;Não;1;0;1;0;0;0;1;1;-4,57863423;-37,77996807;SPRF-CE;DEL03-CE;UOP03-DEL03-CE
632704;05/10/2024;sábado;08:50:00;PB;230;2,5;CAMPINA GRANDE;Acessar a via sem observar a presença dos outros veículos;Colisão transversal;Com Vítimas Feridas;Pleno dia;Decrescente;Céu Claro;Simples;Reta;Sim;2;0;0;1;1;0;1;2;-7,21178873;-35,93042851;SPRF-PB;DEL02-PB;UOP01-DEL02-PB
632705;05/10/2024;sábado;05:50:00;RJ;116;251;PIRAI;Ausência de reação do condutor;Colisão com objeto;Com Vítimas Feridas;Pleno dia;Crescente;Céu Claro;Dupla;Curva;Não;1;0;1;0;0;0;1;1;-22,58482223;-43,95961921;SPRF-RJ;DEL07-RJ;UOP01-DEL07-RJ
632706;22/08/2024;quinta-feira;08:07:00;SC;282;23,5;SANTO AMARO DA IMPERATRIZ;Condutor deixou de manter distância do veículo da frente;Engavetamento;Com Vítimas Feridas;Pleno dia;Crescente;Céu Claro;Simples;Reta;Sim;3;0;1;0;2;0;1;3;-27,687958;-48,736794;SPRF-SC;DEL01-SC;UOP03-DEL01-SC
632707;05/10/2024;sábado;11:00:00;ES;101;18;PEDRO CANARIO;Falta de acostamento;Tombamento;Com Vítimas Feridas;Pleno dia;Crescente;Sol;Simples;Curva;Não;1;0;1;0;0;0;1;1;-18,31320539;-39,95347307;SPRF-ES;DEL04-ES;UOP02-DEL04-ES
632708;05/10/2024;sábado;10:47:00;PB;101;9,9;MAMANGUAPE;Condutor Dormindo;Colisão com objeto;Com Vítimas Feridas;Pleno dia;Decrescente;Céu Claro;Dupla;Reta;Não;3;0;2;0;0;1;2;2;-6,57453301;-35,14429822;SPRF-PB;DEL01-PB;UOP04-DEL01-PB
632709;05/10/2024;sábado;10:00:00;MG;365;694;MONTE ALEGRE DE MINAS;Ausência de reação do condutor;Saída de leito carroçável;Com Vítimas Feridas;Pleno dia;Decrescente;Céu Claro;Dupla;Reta;Não;4;0;4;0;0;0;4;1;-18,87801743;-48,94107198;SPRF-MG;DEL15-MG;UOP03-DEL15-MG
632711;05/10/2024;sábado;10:00:00;AL;101;129;SAO MIGUEL DOS CAMPOS;Velocidade Incompatível;Queda de ocupante de veículo;Com Vítimas Feridas;Pleno dia;Crescente;Céu Claro;Simples;Viaduto;Não;1;0;0;1;0;0;1;1;-9,74963266;-36,06531248;SPRF-AL;DEL02-AL;UOP01-DEL02-AL
632713;18/08/2024;domingo;17:48:00;PR;277;650;MATELANDIA;Acessar a via sem observar a presença dos outros veículos;Colisão transversal;Com Vítimas Feridas;Pleno dia;Crescente;Céu Claro;Simples;"Reta;Interseção de Vias";Sim;2;0;1;0;1;0;1;2;-25,19463151;-53,94111156;SPRF-PR;DEL05-PR;UOP02-DEL05-PR
632714;05/10/2024;sábado;11:00:00;GO;414;324;COCALZINHO DE GOIAS;Ingestão de álcool pelo condutor;Saída de leito carroçável;Com Vítimas Feridas;Pleno dia;Crescente;Céu Claro;Simples;Reta;Não;1;0;0;1;0;0;1;1;-15,409544;-48,628018;SPRF-GO;DEL02-GO;UOP01-DEL02-GO
632715;05/10/2024;sábado;04:00:00;PR;369;418;UBIRATA;Condutor Dormindo;Saída de leito carroçável;Sem Vítimas;Plena Noite;Decrescente;Ignorado;Simples;Reta;Não;1;0;0;0;0;1;0;1;-24,48376657;-52,88565159;SPRF-PR;DEL04-PR;UOP03-DEL04-PR
632717;05/10/2024;sábado;10:30:00;AM;174;940;MANAUS;Retorno proibido;Colisão transversal;Com Vítimas Feridas;Pleno dia;Crescente;Céu Claro;Simples;"Reta;Aclive";Não;7;0;1;1;5;0;2;2;-2,48720599;-60,03295106;SPRF-AM;DEL01-AM;UOP01-DEL01-AM
632719;05/10/2024;sábado;12:20:00;RJ;116;182;NOVA IGUACU;Trafegar com motocicleta (ou similar) entre as faixas;Colisão traseira;Com Vítimas Feridas;Pleno dia;Decrescente;Nublado;Múltipla;Reta;Sim;3;0;1;0;2;0;1;3;-22,7567755;-43,43107234;SPRF-RJ;DEL06-RJ;UOP01-DEL06-RJ
632720;05/10/2024;sábado;12:20:00;RJ;116;181;NOVA IGUACU;Condutor deixou de manter distância do veículo da frente;Colisão traseira;Com Vítimas Feridas;Pleno dia;Crescente;Céu Claro;Múltipla;Reta;Sim;2;0;1;0;1;0;1;2;-22,761312;-43,423492;SPRF-RJ;DEL06-RJ;UOP01-DEL06-RJ
632721;05/10/2024;sábado;11:30:00;PR;476;115,9;COLOMBO;Avarias e/ou desgaste excessivo no pneu;Eventos atípicos;Com Vítimas Feridas;Pleno dia;Crescente;Sol;Dupla;Curva;Sim;2;0;1;0;1;0;1;1;-25,34986302;-49,16529894;SPRF-PR;DEL01-PR;UOP01-DEL01-PR
632722;05/10/2024;sábado;11:30:00;MA;230;1,9;BARAO DE GRAJAU;Acessar a via sem observar a presença dos outros veículos;Colisão transversal;Sem Vítimas;Pleno dia;Decrescente;Céu Claro;Simples;"Interseção de Vias;Reta";Sim;2;0;0;0;2;0;0;2;-6,754977;-43,023592;SPRF-PI;DEL03-PI;UOP01-DEL03-PI
632723;05/10/2024;sábado;08:30:00;BA;349;1077;CORRENTINA;Velocidade Incompatível;Saída de leito carroçável;Com Vítimas Feridas;Pleno dia;Decrescente;Céu Claro;Simples;Reta;Não;3;0;3;0;0;0;3;1;-13,82121602;-46,16965193;SPRF-BA;DEL10-BA;UOP02-DEL10-BA
632724;05/10/2024;sábado;10:20:00;PA;316;62;CASTANHAL;Manobra de mudança de faixa;Colisão lateral mesmo sentido;Sem Vítimas;Pleno dia;Crescente;Céu Claro;Dupla;Reta;Sim;2;0;0;0;2;0;0;2;-1,296805;-47,930181;SPRF-PA;DEL01-PA;UOP01-DEL01-PA
632725;05/10/2024;sábado;13:00:00;MG;116;517;UBAPORANGA;Ausência de reação do condutor;Saída de leito carroçável;Com Vítimas Feridas;Pleno dia;Crescente;Nublado;Simples;Reta;Não;1;0;1;0;0;0;1;1;-19,70492713;-42,11720373;SPRF-MG;DEL06-MG;UOP02-DEL06-MG
632726;05/10/2024;sábado;13:15:00;PR;277;363,7;GUARAPUAVA;Velocidade Incompatível;Saída de leito carroçável;Com Vítimas Fatais;Pleno dia;Decrescente;Céu Claro;Simples;"Reta;Declive";Não;2;1;0;1;0;0;1;1;-25,436966;-51,642937;SPRF-PR;DEL08-PR;UOP01-DEL08-PR
632728;05/10/2024;sábado;10:25:00;PR;277;213;PALMEIRA;Reação tardia ou ineficiente do condutor;Saída de leito carroçável;Com Vítimas Feridas;Pleno dia;Crescente;Céu Claro;Simples;Curva;Não;1;0;0;1;0;0;1;1;-25,46001476;-50,33248901;SPRF-PR;DEL08-PR;UOP02-DEL08-PR
632729;05/10/2024;sábado;13:50:00;RS;101;80,7;OSORIO;Pedestre andava na pista;Atropelamento de Pedestre;Com Vítimas Feridas;Pleno dia;Crescente;Sol;Dupla;Reta;Sim;3;0;0;1;2;0;1;2;-29,81724156;-50,24461314;SPRF-RS;DEL03-RS;UOP01-DEL03-RS
632730;05/10/2024;sábado;13:20:00;CE;116;3;FORTALEZA;Acessar a via sem observar a presença dos outros veículos;Eventos atípicos;Sem Vítimas;Pleno dia;Crescente;Céu Claro;Dupla;Reta;Sim;2;0;0;0;2;0;0;2;-3,77866493;-38,51490171;SPRF-CE;DEL01-CE;UOP02-DEL01-CE
632732;05/10/2024;sábado;13:00:00;MG;153;42,3;CANAPOLIS;Ausência de reação do condutor;Saída de leito carroçável;Sem Vítimas;Pleno dia;Decrescente;Céu Claro;Dupla;Curva;Não;1;0;0;0;0;1;0;1;-18,7557052;-49,07788634;SPRF-MG;DEL15-MG;UOP03-DEL15-MG
632733;05/10/2024;sábado;11:35:00;BA;116;421;FEIRA DE SANTANA;Desrespeitar a preferência no cruzamento;Colisão transversal;Com Vítimas Feridas;Pleno dia;Crescente;Céu Claro;Simples;Rotatória;Sim;3;0;2;0;1;0;2;2;-12,23021914;-38,96490281;SPRF-BA;DEL02-BA;UOP01-DEL02-BA
632734;05/10/2024;sábado;11:25:00;RS;290;372;VILA NOVA DO SUL;Ausência de reação do condutor;Saída de leito carroçável;Com Vítimas Feridas;Pleno dia;Crescente;Céu Claro;Simples;Reta;Sim;2;0;1;0;1;0;1;1;-30,339338;-53,87907;SPRF-RS;DEL09-RS;UOP02-DEL09-RS
632737;05/10/2024;sábado;14:00:00;TO;153;281;BRASILANDIA DO TOCANTINS;Reação tardia ou ineficiente do condutor;Queda de ocupante de veículo;Com Vítimas Feridas;Pleno dia;Decrescente;Céu Claro;Simples;Reta;Não;1;0;0;1;0;0;1;1;-8,36343995;-48,48710916;SPRF-TO;DEL02-TO;UOP02-DEL02-TO
632738;05/10/2024;sábado;07:25:00;PE;232;53,2;POMBOS;Condutor deixou de manter distância do veículo da frente;Queda de ocupante de veículo;Com Vítimas Feridas;Pleno dia;Crescente;Sol;Dupla;Reta;Não;1;0;1;0;0;0;1;1;-8,13014263;-35,3484723;SPRF-PE;DEL02-PE;UOP02-DEL02PE
632740;05/10/2024;sábado;11:30:00;MG;50;70;UBERLANDIA;Acumulo de óleo sobre o pavimento;Queda de ocupante de veículo;Com Vítimas Feridas;Pleno dia;Crescente;Sol;Simples;"Reta;Viaduto";Não;2;0;2;0;0;0;2;1;-18,89041112;-48,25684547;SPRF-MG;DEL15-MG;UOP01-DEL15-MG
632741;05/10/2024;sábado;14:30:00;SP;116;82,2;ROSEIRA;Reação tardia ou ineficiente do condutor;Atropelamento de Pedestre;Com Vítimas Feridas;Pleno dia;Decrescente;Céu Claro;Dupla;Reta;Não;2;0;1;0;1;0;1;2;-22,90918532;-45,31883185;SPRF-SP;DEL08-SP;UOP01-DEL08-SP
632742;05/10/2024;sábado;13:50:00;PE;232;24;MORENO;Transitar na contramão;Colisão frontal;Com Vítimas Feridas;Pleno dia;Crescente;Céu Claro;Dupla;Reta;Não;3;0;0;1;2;0;1;2;-8,10482918;-35,10351264;SPRF-PE;DEL01-PE;UOP01-DEL01-PE
632745;05/10/2024;sábado;14:30:00;RN;406;162,1;CEARA-MIRIM;Frear bruscamente;Colisão traseira;Com Vítimas Feridas;Pleno dia;Decrescente;Céu Claro;Simples;"Reta;Aclive";Não;2;0;1;0;0;1;1;2;-5,7280941;-35,36099113;SPRF-RN;DEL02-RN;UOP01-DEL02-RN
632746;05/10/2024;sábado;13:20:00;SP;153;208;GUAIMBE;Acessar a via sem observar a presença dos outros veículos;Colisão transversal;Com Vítimas Feridas;Pleno dia;Decrescente;Céu Claro;Simples;Reta;Não;2;0;2;0;0;0;2;2;-21,89112308;-49,91013961;SPRF-SP;DEL07-SP;UOP01-DEL07-SP
632748;05/10/2024;sábado;14:00:00;MS;163;763,8;COXIM;Falta de elemento de contenção que evite a saída do leito carroçável;Saída de leito carroçável;Com Vítimas Feridas;Pleno dia;Decrescente;Céu Claro;Simples;Reta;Não;2;0;1;0;1;0;1;1;-18,23181793;-54,6556115;SPRF-MS;DEL06-MS;UOP01-DEL06-MS
632749;05/10/2024;sábado;09:40:00;PA;163;951;BELTERRA;Acostamento em desnível;Saída de leito carroçável;Com Vítimas Feridas;Pleno dia;Crescente;Céu Claro;Simples;Reta;Não;1;0;1;0;0;0;1;1;-2,79412901;-54,90000471;SPRF-PA;DEL05-PA;UOP01-DEL05-PA
632750;05/10/2024;sábado;14:23:00;MT;163;763;SORRISO;Demais falhas mecânicas ou elétricas;Saída de leito carroçável;Sem Vítimas;Pleno dia;Decrescente;Céu Claro;Simples;Reta;Não;2;0;0;0;2;0;0;1;-12,46154354;-55,6674584;SPRF-MT;DEL06-MT;UOP01-DEL06-MT
632751;04/10/2024;sexta-feira;20:30:00;RO;364;423;JARU;Pista Escorregadia;Tombamento;Com Vítimas Feridas;Plena Noite;Crescente;Céu Claro;Simples;"Reta;Em Obras";Não;1;0;1;0;0;0;1;1;-10,45220802;-62,46072003;SPRF-RO;DEL03-RO;UOP02-DEL03-RO
632752;04/10/2024;sexta-feira;20:30:00;RO;364;423;JARU;Pista Escorregadia;Tombamento;Com Vítimas Feridas;Plena Noite;Crescente;Céu Claro;Simples;"Reta;Em Obras";Não;1;0;1;0;0;0;1;1;-10,45220802;-62,46072003;SPRF-RO;DEL03-RO;UOP02-DEL03-RO
632755;05/10/2024;sábado;15:20:00;MS;267;242;NOVA ALVORADA DO SUL;Demais falhas mecânicas ou elétricas;Incêndio;Sem Vítimas;Pleno dia;Crescente;Céu Claro;Simples;Reta;Não;1;0;0;0;1;0;0;1;-21,48377894;-54,316967;SPRF-MS;DEL02-MS;UOP01-DEL02-MS
632756;05/10/2024;sábado;15:05:00;MS;60;395,6;SIDROLANDIA;Avarias e/ou desgaste excessivo no pneu;Tombamento;Com Vítimas Feridas;Pleno dia;Crescente;Céu Claro;Simples;Reta;Não;2;0;2;0;0;0;2;1;-20,75566905;-54,78573182;SPRF-MS;DEL01-MS;UOP04-DEL01-MS
632757;03/10/2024;quinta-feira;04:35:00;PA;316;51;SANTA IZABEL DO PARA;Ausência de reação do condutor;Tombamento;Com Vítimas Feridas;Plena Noite;Crescente;Céu Claro;Dupla;Reta;Não;1;0;1;0;0;0;1;1;-1,30696138;-48,03478;SPRF-PA;DEL01-PA;UOP01-DEL01-PA
632758;05/10/2024;sábado;14:35:00;SP;381;65;MAIRIPORA;Condutor deixou de manter distância do veículo da frente;Colisão traseira;Com Vítimas Feridas;Pleno dia;Crescente;Céu Claro;Dupla;Declive;Não;5;0;2;0;3;0;2;2;-23,316547;-46,58251;SPRF-SP;DEL03-SP;UOP01-DEL03-SP
632759;05/10/2024;sábado;15:30:00;SC;101;327;PESCARIA BRAVA;Avarias e/ou desgaste excessivo no pneu;Tombamento;Com Vítimas Feridas;Pleno dia;Decrescente;Céu Claro;Dupla;Reta;Sim;2;0;2;0;0;0;2;1;-28,43023306;-48,95205197;SPRF-SC;DEL02-SC;UOP01-DEL02-SC
632760;05/10/2024;sábado;14:45:00;RS;470;248;BARAO;Reação tardia ou ineficiente do condutor;Colisão com objeto;Com Vítimas Feridas;Pleno dia;Decrescente;Sol;Simples;Curva;Não;1;0;0;1;0;0;1;1;-29,39256;-51,49298;SPRF-RS;DEL06-RS;UOP01-DEL06-RS
632761;05/10/2024;sábado;16:15:00;SE;101;93;NOSSA SENHORA DO SOCORRO;Ingestão de álcool pelo condutor;Colisão transversal;Com Vítimas Feridas;Pleno dia;Crescente;Céu Claro;Dupla;Curva;Não;4;0;1;3;0;0;4;2;-10,90212319;-37,14494787;SPRF-SE;DEL01-SE;UOP01-DEL01-SE
632762;05/10/2024;sábado;14:30:00;SC;158;105;CUNHA PORA;Reação tardia ou ineficiente do condutor;Capotamento;Com Vítimas Feridas;Pleno dia;Crescente;Sol;Simples;Reta;Não;2;0;0;2;0;0;2;1;-26,86897509;-53,16247716;SPRF-SC;DEL07-SC;UOP02-DEL07-SC