id;data_inversa;dia_semana;horario;uf;br;km;municipio;causa_acidente;tipo_acidente;classificacao_acidente;fase_dia;sentido_via;condicao_metereologica;tipo_pista;tracado_via;uso_solo;pessoas;mortos;feridos_leves;feridos_graves;ilesos;ignorados;feridos;veiculos;latitude;longitude;regional;delegacia;uop
633076;06/10/2024;domingo;18:30:00;MS;163;256;DOURADOS;Ausência de reação do condutor;Colisão traseira;Com Vítimas Feridas;Plena Noite;Crescente;Céu Claro;Dupla;Reta;Sim;2;0;1;0;0;1;1;2;-22,258688;-54,804028;SPRF-MS;DEL04-MS;UOP01-DEL04-MS
633077;06/10/2024;domingo;20:30:00;RS;116;262,5;CANOAS;Demais falhas na via;Colisão com objeto;Com Vítimas Fatais;Plena Noite;Decrescente;Céu Claro;Múltipla;Curva;Sim;2;1;0;0;0;1;0;2;-29,896475;-51,17593;SPRF-RS;DEL01-RS;UOP01-DEL01-RS
633079;06/10/2024;domingo;19:40:00;AL;316;37;CANAPI;Animais na Pista;Atropelamento de Animal;Com Vítimas Feridas;Plena Noite;Decrescente;Céu Claro;Simples;Reta;Não;2;0;0;1;1;0;1;1;-9,11994376;-37,59116996;SPRF-AL;DEL03-AL;UOP02-DEL03-AL
633080;06/10/2024;domingo;21:00:00;MG;40;504;ESMERALDAS;Ingestão de substâncias psicoativas pelo condutor;Colisão traseira;Com Vítimas Feridas;Plena Noite;Decrescente;Céu Claro;Dupla;Reta;Não;3;0;3;0;0;0;3;2;-19,72987888;-44,15253368;SPRF-MG;DEL02-MG;UOP01-DEL02-MG
633082;06/10/2024;domingo;14:00:00;MG;381;205,5;PERIQUITO;Ausência de reação do condutor;Saída de leito carroçável;Com Vítimas Feridas;Pleno dia;Crescente;Ignorado;Simples;Reta;Não;2;0;2;0;0;0;2;1;-19,20305698;-42,29185001;SPRF-MG;DEL06-MG;UOP01-DEL06-MG
633083;06/10/2024;domingo;20:00:00;PA;230;4;ALTAMIRA;Reação tardia ou ineficiente do condutor;Colisão frontal;Com Vítimas Feridas;Plena Noite;Decrescente;Céu Claro;Simples;Reta;Não;2;0;0;1;0;1;1;2;-3,203721;-52,206787;SPRF-PA;DEL04-PA;UOP01-DEL04-PA
633084;06/10/2024;domingo;19:00:00;SC;116;179,2;SAO CRISTOVAO DO SUL;Reação tardia ou ineficiente do condutor;Colisão frontal;Com Vítimas Feridas;Plena Noite;Crescente;Nublado;Simples;"Curva;Aclive";Sim;2;0;1;1;0;0;2;2;-27,26274894;-50,44460298;SPRF-SC;DEL05-SC;UOP03-DEL05-SC
633085;06/10/2024;domingo;19:30:00;MG;381;359;JOAO MONLEVADE;Acessar a via sem observar a presença dos outros veículos;Colisão transversal;Com Vítimas Feridas;Plena Noite;Decrescente;Céu Claro;Simples;Curva;Sim;2;0;0;2;0;0;2;2;-19,8551458;-43,22402296;SPRF-MG;DEL03-MG;UOP01-DEL03-MG
633086;06/10/2024;domingo;20:50:00;SP;116;279;EMBU DAS ARTES;Ausência de reação do condutor;Colisão com objeto;Com Vítimas Feridas;Plena Noite;Crescente;Nublado;Dupla;Reta;Sim;1;0;0;1;0;0;1;1;-23,66233697;-46,85292907;SPRF-SP;DEL04-SP;UOP01-DEL04-SP
633087;06/10/2024;domingo;18:00:00;RO;364;259,1;CACOAL;Reação tardia ou ineficiente do condutor;Tombamento;Com Vítimas Feridas;Plena Noite;Crescente;Céu Claro;Simples;Reta;Não;1;0;0;1;0;0;1;1;-11,423442;-61,63932;SPRF-RO;DEL02-RO;UOP02-DEL02-RO
633088;06/10/2024;domingo;18:50:00;GO;80;365;SAO MIGUEL DO ARAGUAIA;Acessar a via sem observar a presença dos outros veículos;Colisão transversal;Com Vítimas Feridas;Plena Noite;Decrescente;Céu Claro;Simples;"Viaduto;Reta;Rotatória";Não;3;0;0;1;2;0;1;2;-13,2859037;-50,18228531;SPRF-GO;DEL07-GO;UOP01-DEL07-GO
633089;06/10/2024;domingo;20:00:00;PR;376;469;PONTA GROSSA;Reação tardia ou ineficiente do condutor;Colisão com objeto;Sem Vítimas;Plena Noite;Crescente;Céu Claro;Dupla;Reta;Não;1;0;0;0;1;0;0;1;-25,03974803;-50,27969674;SPRF-PR;DEL03-PR;UOP01-DEL03-PR
633090;06/10/2024;domingo;19:00:00;AP;210;27;MACAPA;Entrada inopinada do pedestre;Atropelamento de Pedestre;Com Vítimas Feridas;Plena Noite;Decrescente;Céu Claro;Simples;Reta;Não;2;0;0;2;0;0;2;2;0,25111312;-51,08911224;SPRF-AP;DEL01-AP;UOP01-DEL01-AP
633093;06/10/2024;domingo;21:30:00;RS;472;156,9;SANTA ROSA;Ingestão de álcool pelo condutor;Colisão frontal;Com Vítimas Feridas;Plena Noite;Decrescente;Céu Claro;Simples;Curva;Não;2;0;0;1;1;0;1;2;-27,84658963;-54,4359684;SPRF-RS;DEL10-RS;UOP01-DEL10-RS
633094;06/10/2024;domingo;18:40:00;SE;235;77,5;FREI PAULO;Reação tardia ou ineficiente do condutor;Colisão traseira;Com Vítimas Feridas;Plena Noite;Decrescente;Céu Claro;Simples;Reta;Não;2;0;0;1;0;1;1;2;-10,540403;-37,573017;SPRF-SE;DEL01-SE;UOP02-DEL01-SE
633095;13/09/2024;sexta-feira;16:15:00;SC;101;394;CRICIUMA;Ausência de reação do condutor;Colisão com objeto;Com Vítimas Feridas;Pleno dia;Decrescente;Nublado;Múltipla;Reta;Não;2;0;0;2;0;0;2;1;-28,81326275;-49,38911611;SPRF-SC;DEL02-SC;UOP02-DEL02-SC
633096;06/10/2024;domingo;02:30:00;MG;365;865,2;SANTA VITORIA;Ausência de reação do condutor;Queda de ocupante de veículo;Com Vítimas Feridas;Plena Noite;Decrescente;Nublado;Simples;Reta;Não;1;0;1;0;0;0;1;1;-19,04504418;-50,45775798;SPRF-MG;DEL15-MG;UOP03-DEL15-MG
633100;06/10/2024;domingo;19:45:00;SC;280;186,4;MAFRA;Ausência de sinalização;Colisão com objeto;Com Vítimas Feridas;Plena Noite;Decrescente;Céu Claro;Simples;Reta;Não;2;0;1;0;1;0;1;1;-26,16977284;-49,94508991;SPRF-SC;DEL06-SC;UOP01-DEL06-SC
633101;06/10/2024;domingo;20:30:00;RO;364;342,8;JI-PARANA;Trafegar com motocicleta (ou similar) entre as faixas;Tombamento;Com Vítimas Feridas;Plena Noite;Crescente;Céu Claro;Dupla;"Reta;Ponte";Sim;2;0;1;0;1;0;1;2;-10,88381227;-61,93741416;SPRF-RO;DEL02-RO;UOP01-DEL02-RO
633103;06/10/2024;domingo;21:20:00;AL;316;241;ATALAIA;Acessar a via sem observar a presença dos outros veículos;Colisão transversal;Com Vítimas Feridas;Plena Noite;Decrescente;Céu Claro;Simples;Reta;Sim;2;0;2;0;0;0;2;2;-9,5015368;-36,0262847;SPRF-AL;DEL01-AL;UOP01-DEL01-AL
633105;06/10/2024;domingo;19:20:00;GO;153;262,7;NOVA GLORIA;Chuva;Atropelamento de Pedestre;Com Vítimas Fatais;Plena Noite;Crescente;Chuva;Simples;Reta;Não;2;1;0;0;0;1;0;2;-15,008574;-49,416649;SPRF-GO;DEL07-GO;UOP02-DEL07-GO
633106;06/10/2024;domingo;17:15:00;RJ;465;2;SEROPEDICA;Reação tardia ou ineficiente do condutor;Colisão transversal;Com Vítimas Feridas;Pleno dia;Decrescente;Céu Claro;Simples;Reta;Sim;4;0;0;2;2;0;2;2;-22,727266;-43,718712;SPRF-RJ;DEL06-RJ;UOP02-DEL06-RJ
633107;06/10/2024;domingo;20:35:00;RJ;116;202;QUEIMADOS;Reação tardia ou ineficiente do condutor;Colisão com objeto;Com Vítimas Feridas;Plena Noite;Crescente;Nublado;Dupla;Curva;Não;1;0;0;1;0;0;1;1;-22,72996588;-43,61317403;SPRF-RJ;DEL06-RJ;UOP02-DEL06-RJ
633109;06/10/2024;domingo;19:24:00;RJ;116;258;PIRAI;Manobra de mudança de faixa;Capotamento;Com Vítimas Feridas;Plena Noite;Crescente;Nevoeiro/Neblina;Dupla;Reta;Não;3;0;2;0;1;0;2;1;-22,58138777;-44,02160689;SPRF-RJ;DEL07-RJ;UOP02-DEL07-RJ
633110;06/10/2024;domingo;21:00:00;PR;369;126;JATAIZINHO;Ingestão de álcool pelo condutor;Capotamento;Com Vítimas Feridas;Plena Noite;Crescente;Céu Claro;Dupla;Curva;Não;2;0;2;0;0;0;2;1;-23,27247466;-50,96512556;SPRF-PR;DEL07-PR;UOP05-DEL07-PR
633111;06/10/2024;domingo;22:00:00;GO;50;279;CATALAO;Ausência de reação do condutor;Colisão com objeto;Com Vítimas Feridas;Plena Noite;Crescente;Céu Claro;Simples;"Em Obras;Reta";Sim;1;0;1;0;0;0;1;1;-18,1739;-47,9289;SPRF-GO;DEL06-GO;UOP01-DEL06-GO
633112;06/10/2024;domingo;16:30:00;SP;116;212,9;GUARULHOS;Ultrapassagem Indevida;Colisão lateral mesmo sentido;Com Vítimas Feridas;Pleno dia;Crescente;Céu Claro;Múltipla;Reta;Sim;3;0;1;0;2;0;1;2;-23,43875146;-46,43566224;SPRF-SP;DEL01-SP;UOP01-DEL01-SP
633113;06/10/2024;domingo;22:15:00;PE;232;147,4;SAO CAITANO;Pedestre andava na pista;Atropelamento de Pedestre;Com Vítimas Feridas;Plena Noite;Crescente;Céu Claro;Dupla;Reta;Sim;2;0;0;1;1;0;1;2;-8,33373137;-36,13751116;SPRF-PE;DEL03-PE;UOP02-DEL03-PE
633114;06/10/2024;domingo;22:24:00;SE;101;88;NOSSA SENHORA DO SOCORRO;Ingestão de álcool pelo condutor;Colisão lateral mesmo sentido;Sem Vítimas;Plena Noite;Crescente;Céu Claro;Dupla;"Em Obras;Aclive";Sim;2;0;0;0;1;1;0;2;-10,87113297;-37,1344637;SPRF-SE;DEL01-SE;UOP01-DEL01-SE
633115;06/10/2024;domingo;22:35:00;CE;116;481,3;MILAGRES;Animais na Pista;Atropelamento de Animal;Com Vítimas Feridas;Plena Noite;Decrescente;Céu Claro;Simples;Reta;Não;3;0;2;0;1;0;2;1;-7,30290296;-38,91153101;SPRF-CE;DEL05-CE;UOP03-DEL05-CE
633116;06/10/2024;domingo;20:30:00;PR;153;108,8;IBAITI;Acessar a via sem observar a presença dos outros veículos;Atropelamento de Pedestre;Com Vítimas Feridas;Plena Noite;Decrescente;Céu Claro;Simples;Reta;Sim;2;0;1;1;0;0;2;2;-23,84755014;-50,19265387;SPRF-PR;DEL07-PR;UOP04-DEL07-PR
633119;06/10/2024;domingo;22:40:00;RS;101;83,7;OSORIO;Ingestão de álcool pelo condutor;Colisão com objeto;Sem Vítimas;Plena Noite;Crescente;Nublado;Dupla;Reta;Sim;1;0;0;0;1;0;0;1;-29,85169301;-50,24642896;SPRF-RS;DEL03-RS;UOP01-DEL03-RS
633121;06/10/2024;domingo;22:30:00;RS;290;71,9;GRAVATAI;Pedestre cruzava a pista fora da faixa;Atropelamento de Pedestre;Com Vítimas Fatais;Plena Noite;Crescente;Nublado;Dupla;Reta;Sim;2;1;0;0;1;0;0;2;-29,951347;-50,965858;SPRF-RS;DEL03-RS;UOP01-DEL03-RS
633122;06/10/2024;domingo;17:30:00;RO;435;103;COLORADO DO OESTE;Acumulo de areia ou detritos sobre o pavimento;Queda de ocupante de veículo;Com Vítimas Feridas;Pleno dia;Decrescente;Céu Claro;Simples;Aclive;Não;1;0;0;1;0;0;1;1;-13,19151945;-60,63472197;SPRF-RO;DEL04-RO;UOP02-DEL04-RO
633124;06/10/2024;domingo;21:08:00;PA;163;9;NOVO PROGRESSO;Reação tardia ou ineficiente do condutor;Atropelamento de Pedestre;Com Vítimas Feridas;Plena Noite;Decrescente;Céu Claro;Simples;Reta;Não;3;0;1;1;1;0;2;2;-9,49188501;-54,85864536;SPRF-MT;DEL06-MT;UOP03-DEL06-MT
633125;06/10/2024;domingo;23:00:00;SP;381;88;GUARULHOS;Velocidade Incompatível;Capotamento;Sem Vítimas;Plena Noite;Decrescente;Céu Claro;Múltipla;Reta;Não;1;0;0;0;0;1;0;1;-23,47469314;-46,56112919;SPRF-SP;DEL03-SP;UOP01-DEL03-SP
633126;06/10/2024;domingo;21:20:00;SC;163;99;SAO JOSE DO CEDRO;Ausência de reação do condutor;Colisão transversal;Com Vítimas Feridas;Plena Noite;Crescente;Céu Claro;Simples;Curva;Não;2;0;1;0;1;0;1;2;-26,4933612;-53,5016048;SPRF-SC;DEL07-SC;UOP03-DEL07-SC
633127;06/10/2024;domingo;23:00:00;RS;293;11;CAPAO DO LEAO;Animais na Pista;Atropelamento de Animal;Com Vítimas Fatais;Plena Noite;Decrescente;Céu Claro;Simples;Reta;Sim;5;2;0;0;3;0;0;3;-31,7564152;-52,44061947;SPRF-RS;DEL07-RS;UOP01-DEL07-RS
633128;06/10/2024;domingo;18:15:00;MS;376;38,9;VICENTINA;Reação tardia ou ineficiente do condutor;Saída de leito carroçável;Com Vítimas Fatais;Plena Noite;Decrescente;Céu Claro;Simples;"Reta;Declive";Não;2;2;0;0;0;0;0;1;-22,418033;-54,41254;SPRF-MS;DEL04-MS;UOP01-DEL04-MS
633129;06/10/2024;domingo;23:00:00;PR;476;116;COLOMBO;Ingestão de álcool pelo condutor;Saída de leito carroçável;Sem Vítimas;Plena Noite;Crescente;Céu Claro;Dupla;Curva;Sim;2;0;0;0;2;0;0;1;-25,34996;-49,16642;SPRF-PR;DEL01-PR;UOP01-DEL01-PR
633131;06/10/2024;domingo;22:20:00;MG;356;279,6;EUGENOPOLIS;Animais na Pista;Atropelamento de Animal;Com Vítimas Feridas;Pleno dia;Crescente;Céu Claro;Simples;Aclive;Não;1;0;1;0;0;0;1;1;-21,12514202;-42,254502;SPRF-MG;DEL07-MG;UOP02-DEL07-MG
633132;06/10/2024;domingo;23:45:00;DF;60;15,4;BRASILIA;Ingestão de álcool pelo condutor;Saída de leito carroçável;Com Vítimas Feridas;Plena Noite;Decrescente;Céu Claro;Dupla;"Reta;Aclive";Não;1;0;1;0;0;0;1;1;-15,943619;-48,172115;SPRF-DF;DEL03-DF;UOP01-DEL03-DF
633133;06/10/2024;domingo;20:20:00;MA;10;245;DAVINOPOLIS;Manobra de mudança de faixa;Colisão frontal;Com Vítimas Feridas;Plena Noite;Decrescente;Céu Claro;Simples;Reta;Sim;8;0;7;0;1;0;7;2;-5,588685;-47,433857;SPRF-MA;DEL04-MA;UOP01-DEL04-MA
633134;06/10/2024;domingo;22:30:00;RJ;101;467;ANGRA DOS REIS;Manobra de mudança de faixa;Colisão frontal;Com Vítimas Feridas;Plena Noite;Crescente;Céu Claro;Simples;Reta;Não;2;0;0;1;1;0;1;2;-23,00696998;-44,2149953;SPRF-RJ;DEL03-RJ;UOP03-DEL03-RJ
633135;06/10/2024;domingo;23:24:00;CE;222;4;CAUCAIA;Ausência de reação do condutor;Colisão traseira;Com Vítimas Feridas;Plena Noite;Decrescente;Céu Claro;Múltipla;Reta;Não;3;0;1;0;2;0;1;2;-3,74164754;-38,60449792;SPRF-CE;DEL01-CE;UOP01-DEL01-CE
633136;06/10/2024;domingo;22:40:00;GO;251;18;CRISTALINA;Transitar na contramão;Colisão frontal;Com Vítimas Fatais;Plena Noite;Crescente;Céu Claro;Simples;Reta;Não;5;1;3;0;1;0;3;2;-16,17513289;-47,47277479;SPRF-DF;DEL01-DF;UOP01-DEL01-DF
633137;07/10/2024;segunda-feira;00:00:00;GO;153;54;PORANGATU;Ausência de reação do condutor;Saída de leito carroçável;Com Vítimas Feridas;Plena Noite;Crescente;Céu Claro;Simples;Reta;Não;2;0;1;1;0;0;2;1;-13,284661;-49,126762;SPRF-GO;DEL07-GO;UOP01-DEL07-GO
633139;06/10/2024;domingo;21:00:00;MA;10;254,8;IMPERATRIZ;Condutor deixou de manter distância do veículo da frente;Colisão traseira;Sem Vítimas;Plena Noite;Decrescente;Céu Claro;Simples;Reta;Sim;2;0;0;0;2;0;0;2;-5,517879;-47,471581;SPRF-MA;DEL04-MA;UOP01-DEL04-MA
633140;07/10/2024;segunda-feira;00:20:00;PR;476;116;COLOMBO;Condutor deixou de manter distância do veículo da frente;Colisão transversal;Com Vítimas Feridas;Plena Noite;Crescente;Céu Claro;Dupla;"Reta;Interseção de Vias";Sim;3;0;1;0;1;1;1;2;-25,347887;-49,174147;SPRF-PR;DEL01-PR;UOP01-DEL01-PR
633141;06/10/2024;domingo;21:50:00;MA;10;261,8;IMPERATRIZ;Animais na Pista;Atropelamento de Animal;Com Vítimas Feridas;Plena Noite;Decrescente;Nublado;Simples;"Reta;Aclive";Sim;1;0;0;1;0;0;1;1;-5,454371;-47,472439;SPRF-MA;DEL04-MA;UOP01-DEL04-MA
633142;07/10/2024;segunda-feira;00:40:00;RS;386;47,2;SEBERI;Reação tardia ou ineficiente do condutor;Tombamento;Com Vítimas Feridas;Plena Noite;Crescente;Nublado;Simples;Reta;Não;2;0;0;1;1;0;1;1;-27,466236;-53,404499;SPRF-RS;DEL08-RS;UOP02-DEL08-RS
633143;06/10/2024;domingo;21:00:00;RJ;116;336;RESENDE;Ingestão de álcool pelo condutor;Colisão com objeto;Com Vítimas Feridas;Plena Noite;Crescente;Céu Claro;Simples;Curva;Não;2;0;1;0;0;1;1;2;-22,50161691;-44,66769805;SPRF-RJ;DEL07-RJ;UOP02-DEL07-RJ
633144;06/10/2024;domingo;23:20:00;RS;116;581;ARROIO GRANDE;Animais na Pista;Atropelamento de Animal;Com Vítimas Feridas;Plena Noite;Decrescente;Nublado;Simples;Reta;Não;2;0;2;0;0;0;2;1;-32,03892947;-52,85103254;SPRF-RS;DEL07-RS;UOP03-DEL07-RS
633145;06/10/2024;domingo;22:00:00;SC;282;366,9;ERVAL VELHO;Manobra de mudança de faixa;Colisão frontal;Com Vítimas Fatais;Plena Noite;Decrescente;Céu Claro;Simples;"Reta;Aclive";Não;6;1;5;0;0;0;5;2;-27,291018;-51,416611;SPRF-SC;DEL07-SC;UOP05-DEL07-SC
633146;06/10/2024;domingo;20:10:00;MG;40;76,4;PARACATU;Ausência de reação do condutor;Saída de leito carroçável;Com Vítimas Fatais;Plena Noite;Decrescente;Céu Claro;Simples;Reta;Não;2;1;0;0;0;1;0;2;-17,44274725;-46,6925432;SPRF-MG;DEL14-MG;UOP01-DEL14-MG
633147;06/10/2024;domingo;23:45:00;RJ;101;413;ITAGUAI;Condutor deixou de manter distância do veículo da frente;Colisão traseira;Sem Vítimas;Plena Noite;Decrescente;Céu Claro;Dupla;Curva;Não;3;0;0;0;3;0;0;2;-22,89931896;-43,865293;SPRF-RJ;DEL03-RJ;UOP01-DEL03-RJ
633148;07/10/2024;segunda-feira;00:15:00;SC;280;31;ARAQUARI;Trafegar com motocicleta (ou similar) entre as faixas;Colisão lateral sentido oposto;Com Vítimas Feridas;Plena Noite;Crescente;Nublado;Simples;Reta;Sim;2;0;1;0;1;0;1;2;-26,41649938;-48,77181215;SPRF-SC;DEL03-SC;UOP03-DEL03-SC
633149;07/10/2024;segunda-feira;01:30:00;SP;116;230;SAO PAULO;Entrada inopinada do pedestre;Atropelamento de Pedestre;Com Vítimas Feridas;Plena Noite;Crescente;Nublado;Múltipla;"Reta;Em Obras";Sim;4;0;2;0;2;0;2;2;-23,52251783;-46,5855702;SPRF-SP;DEL01-SP;UOP01-DEL01-SP
633150;07/10/2024;segunda-feira;01:40:00;MA;226;71,8;CAXIAS;Condutor Dormindo;Eventos atípicos;Com Vítimas Feridas;Plena Noite;Decrescente;Céu Claro;Simples;Reta;Não;1;0;0;1;0;0;1;1;-5,224909;-43,451706;SPRF-MA;DEL03-MA;UOP02-DEL03-MA
633151;07/10/2024;segunda-feira;01:30:00;RJ;493;3;ITABORAI;Animais na Pista;Atropelamento de Animal;Sem Vítimas;Plena Noite;Decrescente;Céu Claro;Dupla;Reta;Não;1;0;0;0;0;1;0;1;-22,7525329;-42,94160092;SPRF-RJ;DEL02-RJ;UOP02-DEL02-RJ
633152;07/10/2024;segunda-feira;01:20:00;SC;282;503,8;XANXERE;Reação tardia ou ineficiente do condutor;Saída de leito carroçável;Com Vítimas Feridas;Plena Noite;Decrescente;Céu Claro;Dupla;Curva;Sim;3;0;1;0;2;0;1;1;-26,882417;-52,404139;SPRF-SC;DEL07-SC;UOP01-DEL07-SC
633153;07/10/2024;segunda-feira;00:40:00;PR;116;119;CURITIBA;Velocidade Incompatível;Colisão traseira;Com Vítimas Feridas;Plena Noite;Crescente;Céu Claro;Dupla;"Curva;Declive";Sim;5;0;0;1;3;1;1;3;-25,57523372;-49,3121767;SPRF-PR;DEL01-PR;UOP03-DEL01-PR
633154;07/10/2024;segunda-feira;01:00:00;PR;277;523,3;GUARANIACU;Condutor Dormindo;Saída de leito carroçável;Com Vítimas Feridas;Plena Noite;Crescente;Céu Claro;Simples;"Reta;Aclive";Não;1;0;1;0;0;0;1;1;-25,098902;-52,90451;SPRF-PR;DEL04-PR;UOP04-DEL04-PR
633155;06/10/2024;domingo;22:38:00;RS;290;74;GRAVATAI;Ingestão de álcool pelo condutor;Saída de leito carroçável;Com Vítimas Feridas;Plena Noite;Decrescente;Céu Claro;Múltipla;Reta;Não;1;0;1;0;0;0;1;1;-29,953354;-50,996696;SPRF-RS;DEL03-RS;UOP01-DEL03-RS
633156;06/10/2024;domingo;21:01:00;RO;364;280;PRESIDENTE MEDICI;Transitar na contramão;Colisão lateral sentido oposto;Sem Vítimas;Plena Noite;Crescente;Nublado;Simples;Reta;Não;2;0;0;0;1;1;0;2;-11,38029255;-61,80430291;SPRF-RO;DEL02-RO;UOP01-DEL02-RO
633157;06/10/2024;domingo;21:30:00;MG;381;820;CAREACU;Ingestão de álcool pelo condutor;Colisão com objeto;Com Vítimas Feridas;Plena Noite;Crescente;Ignorado;Dupla;Reta;Não;1;0;1;0;0;0;1;1;-22,06903176;-45,7027513;SPRF-MG;DEL16-MG;UOP02-DEL16-MG
633158;06/10/2024;domingo;19:55:00;PI;135;489;MONTE ALEGRE DO PIAUI;Acessar a via sem observar a presença dos outros veículos;Colisão transversal;Com Vítimas Fatais;Pleno dia;Crescente;Céu Claro;Simples;Reta;Não;3;1;0;1;0;1;1;3;-9,73770081;-45,16895317;SPRF-PI;DEL03-PI;UOP02-DEL03-PI
633159;07/10/2024;segunda-feira;00:42:00;CE;222;118;ITAPAJE;Velocidade Incompatível;Capotamento;Com Vítimas Feridas;Plena Noite;Crescente;Céu Claro;Simples;Reta;Não;4;0;1;2;0;1;3;1;-3,72944879;-39,55644675;SPRF-CE;DEL04-CE;UOP03-DEL04-CE
633160;07/10/2024;segunda-feira;02:45:00;RS;116;148,3;CAXIAS DO SUL;Ingestão de álcool pelo condutor;Colisão com objeto;Sem Vítimas;Plena Noite;Decrescente;Céu Claro;Dupla;"Aclive;Curva";Sim;1;0;0;0;1;0;0;1;-29,15778301;-51,15157127;SPRF-RS;DEL05-RS;UOP01-DEL05-RS
633162;07/10/2024;segunda-feira;04:00:00;BA;116;633;JAGUAQUARA;Transitar na contramão;Colisão frontal;Com Vítimas Feridas;Plena Noite;Decrescente;Céu Claro;Simples;Reta;Sim;4;0;2;2;0;0;4;2;-13,47539479;-40,03995749;SPRF-BA;DEL03-BA;UOP01-DEL03-BA
633163;07/10/2024;segunda-feira;01:38:00;GO;20;90;VILA BOA;Ausência de reação do condutor;Saída de leito carroçável;Com Vítimas Feridas;Plena Noite;Crescente;Céu Claro;Simples;Reta;Sim;1;0;1;0;0;0;1;1;-15,02026;-47,046417;SPRF-DF;DEL02-DF;UOP02-DEL02-DF
633164;07/10/2024;segunda-feira;03:00:00;BA;101;203;GOVERNADOR MANGABEIRA;Ausência de reação do condutor;Saída de leito carroçável;Com Vítimas Feridas;Plena Noite;Decrescente;Céu Claro;Simples;"Reta;Aclive";Não;1;0;1;0;0;0;1;1;-12,60144352;-39,00530243;SPRF-BA;DEL01-BA;UOP02-DEL01-BA
633166;07/10/2024;segunda-feira;05:00:00;SC;470;65;INDAIAL;Desrespeitar a preferência no cruzamento;Colisão transversal;Com Vítimas Feridas;Amanhecer;Crescente;Céu Claro;Simples;Reta;Sim;3;0;1;0;2;0;1;2;-26,870411;-49,211864;SPRF-SC;DEL04-SC;UOP01-DEL04-SC
633167;07/10/2024;segunda-feira;04:20:00;GO;60;33,5;ALEXANIA;Condutor Dormindo;Queda de ocupante de veículo;Com Vítimas Feridas;Plena Noite;Crescente;Céu Claro;Dupla;"Reta;Aclive";Não;1;0;0;1;0;0;1;1;-16,0963;-48,5202;SPRF-DF;DEL03-DF;UOP01-DEL03-DF
633169;07/10/2024;segunda-feira;06:45:00;RN;406;169;SAO GONCALO DO AMARANTE;Ausência de reação do condutor;Colisão traseira;Com Vítimas Feridas;Pleno dia;Crescente;Céu Claro;Dupla;"Reta;Retorno Regulamentado;Declive";Sim;2;0;0;1;1;0;1;2;-5,75762155;-35,30209243;SPRF-RN;DEL02-RN;UOP01-DEL02-RN
633171;07/10/2024;segunda-feira;07:00:00;GO;158;190;CAIAPONIA;Transitar na contramão;Colisão frontal;Com Vítimas Fatais;Pleno dia;Crescente;Céu Claro;Simples;Reta;Não;5;3;2;0;0;0;2;2;-17,22870603;-51,88391907;SPRF-GO;DEL05-GO;UOP01-DEL05-GO
633172;04/10/2024;sexta-feira;14:00:00;BA;101;256;SANTO ANTONIO DE JESUS;Reação tardia ou ineficiente do condutor;Colisão traseira;Sem Vítimas;Pleno dia;Crescente;Céu Claro;Simples;Reta;Não;2;0;0;0;2;0;0;2;-13,03122697;-39,28868185;SPRF-BA;DEL01-BA;UOP02-DEL01-BA
633173;07/10/2024;segunda-feira;00:05:00;PI;343;30;PARNAIBA;Acessar a via sem observar a presença dos outros veículos;Colisão transversal;Com Vítimas Fatais;Plena Noite;Decrescente;Céu Claro;Simples;Reta;Não;3;1;0;0;1;1;0;3;-3,070129;-41,778793;SPRF-PI;DEL05-PI;UOP01-DEL05-PI
633174;07/10/2024;segunda-feira;07:15:00;PR;116;122;CURITIBA;Ausência de reação do condutor;Tombamento;Com Vítimas Feridas;Amanhecer;Decrescente;Nublado;Dupla;"Declive;Reta";Sim;1;0;1;0;0;0;1;1;-25,601448;-49,317556;SPRF-PR;DEL01-PR;UOP03-DEL01-PR
633175;07/10/2024;segunda-feira;03:50:00;RR;401;83;BONFIM;Condutor Dormindo;Colisão traseira;Com Vítimas Feridas;Anoitecer;Decrescente;Nublado;Simples;Reta;Não;4;0;2;2;0;0;4;2;3,23365415;-60,1355882;SPRF-RR;DEL01-RR;UOP01-DEL01-RR
633178;07/10/2024;segunda-feira;07:10:00;DF;70;7;BRASILIA;Manobra de mudança de faixa;Colisão lateral mesmo sentido;Com Vítimas Feridas;Pleno dia;Crescente;Céu Claro;Múltipla;Reta;Sim;3;0;2;0;1;0;2;3;-15,787601;-48,114429;SPRF-DF;DEL03-DF;UOP02-DEL03-DF
633179;07/10/2024;segunda-feira;00:10:00;GO;414;401;CORUMBA DE GOIAS;Ausência de reação do condutor;Saída de leito carroçável;Com Vítimas Feridas;Plena Noite;Crescente;Céu Claro;Simples;Reta;Não;1;0;1;0;0;0;1;1;-15,98447985;-48,8290864;SPRF-GO;DEL02-GO;UOP01-DEL02-GO
633180;07/10/2024;segunda-feira;08:00:00;SP;116;203;ARUJA;Ausência de reação do condutor;Colisão traseira;Com Vítimas Feridas;Pleno dia;Crescente;Céu Claro;Dupla;"Aclive;Reta";Não;3;0;1;0;2;0;1;2;-23,41060827;-46,34763895;SPRF-SP;DEL01-SP;UOP01-DEL01-SP
633182;07/10/2024;segunda-feira;08:05:00;GO;20;32,4;FORMOSA;Ausência de reação do condutor;Capotamento;Com Vítimas Feridas;Pleno dia;Crescente;Céu Claro;Simples;"Reta;Em Obras;Aclive";Não;5;0;3;0;1;1;3;2;-15,482159;-47,101757;SPRF-DF;DEL02-DF;UOP02-DEL02-DF