id;data_inversa;dia_semana;horario;uf;br;km;municipio;causa_acidente;tipo_acidente;classificacao_acidente;fase_dia;sentido_via;condicao_metereologica;tipo_pista;tracado_via;uso_solo;pessoas;mortos;feridos_leves;feridos_graves;ilesos;ignorados;feridos;veiculos;latitude;longitude;regional;delegacia;uop
633183;06/10/2024;domingo;20:06:00;RS;285;3;SAO BORJA;Reação tardia ou ineficiente do condutor;Colisão lateral mesmo sentido;Sem Vítimas;Plena Noite;Crescente;Céu Claro;Simples;Rotatória;Não;5;0;0;0;5;0;0;2;-28,661;-56,0052;SPRF-RS;DEL12-RS;UOP01-DEL12-RS
633184;07/10/2024;segunda-feira;07:45:00;PB;101;82;BAYEUX;Condutor deixou de manter distância do veículo da frente;Engavetamento;Com Vítimas Feridas;Pleno dia;Crescente;Céu Claro;Dupla;Reta;Sim;4;0;3;0;1;0;3;3;-7,12911;-34,93714;SPRF-PB;DEL01-PB;UOP01-DEL01-PB
633188;07/10/2024;segunda-feira;08:00:00;SP;116;218;GUARULHOS;Trafegar com motocicleta (ou similar) entre as faixas;Colisão traseira;Com Vítimas Feridas;Pleno dia;Crescente;Céu Claro;Múltipla;Reta;Sim;2;0;1;0;1;0;1;2;-23,457972;-46,479927;SPRF-SP;DEL01-SP;UOP01-DEL01-SP
633189;07/10/2024;segunda-feira;07:25:00;MG;40;517,4;RIBEIRAO DAS NEVES;Ausência de reação do condutor;Colisão traseira;Com Vítimas Feridas;Pleno dia;Crescente;Céu Claro;Dupla;Reta;Sim;4;0;2;0;2;0;2;3;-19,82706772;-44,08397587;SPRF-MG;DEL01-MG;UOP02-DEL01-MG
633190;07/10/2024;segunda-feira;04:00:00;RJ;116;8,9;SAPUCAIA;Ausência de reação do condutor;Saída de leito carroçável;Sem Vítimas;Amanhecer;Decrescente;Céu Claro;Simples;Reta;Não;1;0;0;0;0;1;0;1;-21,92418;-42,7017;SPRF-RJ;DEL05-RJ;UOP01-DEL05-RJ
633191;07/10/2024;segunda-feira;07:50:00;MG;116;409;GOVERNADOR VALADARES;Entrada inopinada do pedestre;Colisão transversal;Com Vítimas Feridas;Pleno dia;Decrescente;Nublado;Dupla;Reta;Sim;2;0;0;1;0;1;1;2;-18,84936788;-41,97891368;SPRF-MG;DEL06-MG;UOP01-DEL06-MG
633193;07/10/2024;segunda-feira;07:30:00;SC;101;216;PALHOCA;Mal súbito do condutor;Saída de leito carroçável;Sem Vítimas;Pleno dia;Decrescente;Céu Claro;Múltipla;Reta;Sim;2;0;0;0;1;1;0;2;-27,65981409;-48,67747798;SPRF-SC;DEL01-SC;UOP02-DEL01-SC
633194;07/10/2024;segunda-feira;05:40:00;MT;174;350;CONQUISTA DOESTE;Animais na Pista;Atropelamento de Animal;Com Vítimas Feridas;Amanhecer;Decrescente;Chuva;Simples;Reta;Não;2;0;1;1;0;0;2;1;-14,72968618;-59,36621933;SPRF-MT;DEL04-MT;UOP01-DEL04-MT
633195;07/10/2024;segunda-feira;07:40:00;GO;153;502,8;GOIANIA;Manobra de mudança de faixa;Colisão lateral mesmo sentido;Com Vítimas Feridas;Pleno dia;Crescente;Sol;Dupla;Reta;Sim;4;0;1;0;3;0;1;4;-16,7287;-49,2424;SPRF-GO;DEL01-GO;UOP01-DEL01-GO
633196;07/10/2024;segunda-feira;08:20:00;GO;60;102;GOIANAPOLIS;Demais falhas mecânicas ou elétricas;Incêndio;Sem Vítimas;Pleno dia;Crescente;Céu Claro;Dupla;Declive;Não;1;0;0;0;1;0;0;1;-16,406;-48,9831;SPRF-GO;DEL02-GO;UOP01-DEL02-GO
633197;06/10/2024;domingo;21:10:00;RJ;40;119;DUQUE DE CAXIAS;Deficiência do Sistema de Iluminação/Sinalização;Colisão traseira;Com Vítimas Feridas;Plena Noite;Decrescente;Céu Claro;Múltipla;Reta;Sim;2;0;1;0;1;0;1;2;-22,76375592;-43,28683062;SPRF-RJ;DEL01-RJ;UOP02-DEL01-RJ
633198;06/10/2024;domingo;09:45:00;RJ;493;57;DUQUE DE CAXIAS;Avarias e/ou desgaste excessivo no pneu;Tombamento;Com Vítimas Feridas;Pleno dia;Crescente;Céu Claro;Dupla;Reta;Sim;2;0;1;0;1;0;1;1;-22,672089;-43,285053;SPRF-RJ;DEL01-RJ;UOP03-DEL01-RJ
633200;05/10/2024;sábado;22:28:00;PR;163;213;CASCAVEL;Ingestão de álcool pelo condutor;Colisão com objeto;Com Vítimas Feridas;Plena Noite;Crescente;Céu Claro;Dupla;Interseção de Vias;Sim;1;0;1;0;0;0;1;1;-24,91678506;-53,53591753;SPRF-PR;DEL04-PR;UOP01-DEL04-PR
633201;07/10/2024;segunda-feira;07:30:00;BA;324;519;FEIRA DE SANTANA;Ausência de reação do condutor;Engavetamento;Com Vítimas Feridas;Pleno dia;Crescente;Céu Claro;Dupla;Reta;Sim;5;0;1;0;4;0;1;4;-12,26687642;-38,93349875;SPRF-BA;DEL02-BA;UOP01-DEL02-BA
633202;07/10/2024;segunda-feira;07:25:00;SC;282;176,6;BOCAINA DO SUL;Condutor deixou de manter distância do veículo da frente;Colisão traseira;Com Vítimas Feridas;Pleno dia;Crescente;Céu Claro;Simples;"Reta;Aclive";Não;6;0;1;0;5;0;1;3;-27,74011;-49,901859;SPRF-SC;DEL05-SC;UOP01-DEL05-SC
633203;07/10/2024;segunda-feira;08:30:00;RJ;101;302;SAO GONCALO;Condutor deixou de manter distância do veículo da frente;Colisão traseira;Com Vítimas Feridas;Pleno dia;Crescente;Sol;Dupla;Reta;Não;2;0;1;0;1;0;1;2;-22,78069318;-42,96706396;SPRF-RJ;DEL02-RJ;UOP02-DEL02-RJ
633204;07/10/2024;segunda-feira;01:00:00;GO;70;383;MONTES CLAROS DE GOIAS;Condutor Dormindo;Eventos atípicos;Com Vítimas Fatais;Amanhecer;Crescente;Céu Claro;Simples;Reta;Não;1;1;0;0;0;0;0;1;-15,92210359;-51,40184021;SPRF-GO;DEL04-GO;UOP02-DEL04-GO
633205;07/10/2024;segunda-feira;08:40:00;MA;135;1,3;SAO LUIS;Ingestão de álcool pelo condutor;Colisão traseira;Com Vítimas Feridas;Pleno dia;Crescente;Céu Claro;Dupla;Reta;Sim;3;0;1;0;2;0;1;3;-2,58917895;-44,24423719;SPRF-MA;DEL01-MA;UOP01-DEL01-MA
633206;07/10/2024;segunda-feira;08:10:00;MS;376;145;IVINHEMA;Condutor deixou de manter distância do veículo da frente;Colisão traseira;Sem Vítimas;Pleno dia;Decrescente;Céu Claro;Simples;Reta;Não;2;0;0;0;2;0;0;2;-22,38798771;-53,59696991;SPRF-MS;DEL04-MS;UOP04-DEL04-MS
633207;07/10/2024;segunda-feira;09:20:00;SP;381;41;ATIBAIA;Ausência de reação do condutor;Colisão traseira;Com Vítimas Feridas;Pleno dia;Decrescente;Céu Claro;Múltipla;Declive;Não;2;0;0;1;1;0;1;2;-23,13863999;-46,57584088;SPRF-SP;DEL03-SP;UOP01-DEL03-SP
633209;07/10/2024;segunda-feira;08:50:00;PR;116;3;QUATRO BARRAS;Avarias e/ou desgaste excessivo no pneu;Tombamento;Com Vítimas Feridas;Pleno dia;Decrescente;Céu Claro;Dupla;Reta;Não;2;0;1;1;0;0;2;1;-25,3593;-49,0744;SPRF-PR;DEL01-PR;UOP02-DEL01-PR
633212;07/10/2024;segunda-feira;08:10:00;SC;101;333,8;TUBARAO;Reação tardia ou ineficiente do condutor;Colisão traseira;Com Vítimas Feridas;Pleno dia;Crescente;Céu Claro;Dupla;Reta;Sim;2;0;1;0;1;0;1;2;-28,46940809;-49,01616812;SPRF-SC;DEL02-SC;UOP01-DEL02-SC
633213;07/10/2024;segunda-feira;09:47:00;RN;101;84,5;NATAL;Área urbana sem a presença de local apropriado para a travessia de pedestres;Atropelamento de Pedestre;Com Vítimas Feridas;Pleno dia;Decrescente;Sol;Dupla;"Interseção de Vias;Viaduto;Reta;Retorno Regulamentado";Sim;2;0;1;0;1;0;1;2;-5,774175;-35,2578;SPRF-RN;DEL02-RN;UOP01-DEL02-RN
633214;07/10/2024;segunda-feira;09:04:00;SP;116;223;GUARULHOS;Manobra de mudança de faixa;Colisão lateral mesmo sentido;Com Vítimas Feridas;Pleno dia;Crescente;Céu Claro;Múltipla;Reta;Sim;3;0;1;0;1;1;1;3;-23,47559815;-46,5246609;SPRF-SP;DEL01-SP;UOP01-DEL01-SP
633216;07/10/2024;segunda-feira;09:50:00;MG;381;431;SABARA;Condutor deixou de manter distância do veículo da frente;Colisão traseira;Sem Vítimas;Pleno dia;Decrescente;Nublado;Simples;"Aclive;Reta";Não;2;0;0;0;2;0;0;2;-19,78831547;-43,73175712;SPRF-MG;DEL01-MG;UOP01-DEL01-MG
633218;07/10/2024;segunda-feira;09:58:00;PI;343;263;CAMPO MAIOR;Transitar no Acostamento;Colisão lateral mesmo sentido;Com Vítimas Feridas;Pleno dia;Crescente;Céu Claro;Simples;Reta;Sim;2;0;1;0;1;0;1;2;-4,819326;-42,158821;SPRF-PI;DEL01-PI;UOP03-DEL01-PI
633219;07/10/2024;segunda-feira;08:45:00;CE;116;50;PACAJUS;Desrespeitar a preferência no cruzamento;Colisão traseira;Com Vítimas Feridas;Pleno dia;Crescente;Sol;Dupla;"Declive;Reta;Interseção de Vias";Sim;3;0;2;0;1;0;2;2;-4,18104538;-38,49163055;SPRF-CE;DEL03-CE;UOP02-DEL03-CE
633221;07/10/2024;segunda-feira;10:20:00;PE;424;88;GARANHUNS;Reação tardia ou ineficiente do condutor;Colisão frontal;Com Vítimas Feridas;Pleno dia;Crescente;Céu Claro;Simples;"Curva;Declive";Não;2;0;1;0;1;0;1;2;-8,88289772;-36,50848532;SPRF-PE;DEL03-PE;UOP01-DEL03-PE
633222;07/10/2024;segunda-feira;10:50:00;SP;153;217;MARILIA;Condutor deixou de manter distância do veículo da frente;Colisão traseira;Com Vítimas Feridas;Pleno dia;Crescente;Céu Claro;Simples;Aclive;Não;2;0;1;0;1;0;1;2;-22,2678927;-49,9238269;SPRF-SP;DEL07-SP;UOP02-DEL07-SP
633225;07/10/2024;segunda-feira;10:10:00;RJ;116;148;DUQUE DE CAXIAS;Trafegar com motocicleta (ou similar) entre as faixas;Colisão lateral mesmo sentido;Com Vítimas Feridas;Pleno dia;Decrescente;Céu Claro;Dupla;Reta;Sim;2;0;1;0;1;0;1;2;-22,6723488;-43,28215398;SPRF-RJ;DEL01-RJ;UOP02-DEL01-RJ
633226;12/05/2024;domingo;16:25:00;RO;364;709;PORTO VELHO;Condutor deixou de manter distância do veículo da frente;Colisão lateral mesmo sentido;Com Vítimas Feridas;Pleno dia;Decrescente;Céu Claro;Dupla;Reta;Sim;3;0;0;1;1;1;1;3;-8,7909383;-63,84895617;SPRF-RO;DEL01-RO;UOP01-DEL01-RO
633227;07/10/2024;segunda-feira;10:50:00;TO;226;14;PALMEIRAS DO TOCANTINS;Transitar no Acostamento;Queda de ocupante de veículo;Com Vítimas Feridas;Pleno dia;Decrescente;Céu Claro;Simples;Reta;Sim;1;0;0;1;0;0;1;1;-6,621758;-47,561535;SPRF-TO;DEL02-TO;UOP03-DEL02-TO
633228;07/10/2024;segunda-feira;07:30:00;MG;251;453,3;GRAO MOGOL;Condutor Dormindo;Saída de leito carroçável;Com Vítimas Feridas;Pleno dia;Decrescente;Céu Claro;Simples;Reta;Não;5;0;4;1;0;0;5;1;-16,4234183;-43,32598092;SPRF-MG;DEL12-MG;UOP01-DEL12-MG
633229;07/10/2024;segunda-feira;11:30:00;RN;226;295;MACAIBA;Ausência de reação do condutor;Engavetamento;Sem Vítimas;Pleno dia;Crescente;Céu Claro;Simples;"Reta;Declive;Em Obras";Não;3;0;0;0;3;0;0;3;-5,866702;-35,362867;SPRF-RN;DEL04-RN;UOP01-DEL04-RN
633230;07/10/2024;segunda-feira;06:40:00;RR;432;171,8;CANTA;Condutor Dormindo;Colisão frontal;Com Vítimas Feridas;Amanhecer;Crescente;Céu Claro;Simples;Reta;Não;3;0;0;3;0;0;3;2;2,46518;-60,64;SPRF-RR;DEL01-RR;UOP01-DEL01-RR
633231;07/10/2024;segunda-feira;10:50:00;SC;280;23;ARAQUARI;Acessar a via sem observar a presença dos outros veículos;Colisão transversal;Com Vítimas Feridas;Pleno dia;Crescente;Céu Claro;Simples;"Reta;Interseção de Vias";Sim;2;0;1;0;1;0;1;2;-26,37146;-48,711887;SPRF-SC;DEL03-SC;UOP03-DEL03-SC
633233;07/10/2024;segunda-feira;10:30:00;DF;20;3,9;BRASILIA;Condutor deixou de manter distância do veículo da frente;Engavetamento;Sem Vítimas;Pleno dia;Decrescente;Céu Claro;Dupla;Reta;Sim;3;0;0;0;3;0;0;3;-15,679851;-47,832211;SPRF-DF;DEL02-DF;UOP01-DEL02-DF
633234;11/09/2024;quarta-feira;16:20:00;ES;101;390;RIO NOVO DO SUL;Ingestão de álcool pelo condutor;Colisão frontal;Com Vítimas Fatais;Pleno dia;Decrescente;Sol;Simples;Curva;Não;3;2;1;0;0;0;1;2;-20,86540549;-40,8878163;SPRF-ES;DEL03-ES;UOP02-DEL03-ES
633236;07/10/2024;segunda-feira;12:10:00;RJ;101;66;CAMPOS DOS GOYTACAZES;Reação tardia ou ineficiente do condutor;Colisão lateral mesmo sentido;Sem Vítimas;Pleno dia;Decrescente;Céu Claro;Múltipla;Reta;Sim;2;0;0;0;2;0;0;2;-21,76090387;-41,34788959;SPRF-RJ;DEL08-RJ;UOP02-DEL08-RJ
633238;07/10/2024;segunda-feira;10:20:00;SC;282;437,7;IRANI;Desrespeitar a preferência no cruzamento;Colisão transversal;Com Vítimas Feridas;Pleno dia;Decrescente;Nublado;Simples;Reta;Não;3;0;1;0;2;0;1;2;-26,963764;-51,854839;SPRF-SC;DEL07-SC;UOP04-DEL07-SC
633241;07/10/2024;segunda-feira;12:51:00;RN;304;134,2;ANGICOS;Ultrapassagem Indevida;Capotamento;Com Vítimas Feridas;Pleno dia;Crescente;Sol;Simples;Reta;Não;4;0;2;1;0;1;3;2;-5,66107457;-36,73526097;SPRF-RN;DEL04-RN;UOP01-DEL04-RN
633242;07/10/2024;segunda-feira;13:00:00;PR;376;2;APUCARANA;Ausência de reação do condutor;Queda de ocupante de veículo;Com Vítimas Feridas;Pleno dia;Decrescente;Céu Claro;Simples;"Declive;Em Obras;Reta";Sim;1;0;1;0;0;0;1;1;-23,57039887;-51,42940521;SPRF-PR;DEL07-PR;UOP03-DEL07-PR
633243;07/10/2024;segunda-feira;08:30:00;SP;116;218;GUARULHOS;Manobra de mudança de faixa;Colisão lateral mesmo sentido;Com Vítimas Feridas;Pleno dia;Crescente;Céu Claro;Múltipla;Reta;Sim;2;0;1;0;0;1;1;2;-23,457972;-46,479927;SPRF-SP;DEL01-SP;UOP01-DEL01-SP
633244;07/10/2024;segunda-feira;11:50:00;PE;232;143;SAO CAITANO;Ausência de reação do condutor;Tombamento;Com Vítimas Feridas;Pleno dia;Crescente;Céu Claro;Dupla;Reta;Não;2;0;2;0;0;0;2;1;-8,32340108;-36,10375899;SPRF-PE;DEL03-PE;UOP02-DEL03-PE
633246;07/10/2024;segunda-feira;13:10:00;RS;116;264;CANOAS;Manobra de mudança de faixa;Colisão lateral mesmo sentido;Com Vítimas Feridas;Pleno dia;Crescente;Nublado;Dupla;Reta;Não;4;0;3;0;1;0;3;2;-29,91381517;-51,17779951;SPRF-RS;DEL01-RS;UOP01-DEL01-RS
633247;07/10/2024;segunda-feira;11:00:00;RJ;116;262;PIRAI;Pedestre cruzava a pista fora da faixa;Atropelamento de Pedestre;Com Vítimas Feridas;Pleno dia;Crescente;Céu Claro;Dupla;Reta;Não;2;0;0;1;1;0;1;2;-22,5876092;-44,05945791;SPRF-RJ;DEL07-RJ;UOP02-DEL07-RJ
633250;07/10/2024;segunda-feira;09:30:00;SC;101;93,4;BARRA VELHA;Ingestão de álcool pelo condutor;Colisão com objeto;Sem Vítimas;Pleno dia;Crescente;Nublado;Dupla;Curva;Não;1;0;0;0;1;0;0;1;-26,6899011;-48,69663873;SPRF-SC;DEL03-SC;UOP02-DEL03-SC
633251;07/10/2024;segunda-feira;10:00:00;BA;324;614;SALVADOR;Manobra de mudança de faixa;Colisão traseira;Com Vítimas Feridas;Pleno dia;Crescente;Céu Claro;Dupla;Reta;Não;4;0;2;0;2;0;2;2;-12,8639793;-38,42370126;SPRF-BA;DEL01-BA;UOP01-DEL01-BA
633252;07/10/2024;segunda-feira;12:40:00;PI;316;9,5;TERESINA;Ausência de reação do condutor;Queda de ocupante de veículo;Com Vítimas Feridas;Pleno dia;Decrescente;Céu Claro;Múltipla;Reta;Sim;2;0;1;0;0;1;1;2;-5,17381686;-42,76624952;SPRF-PI;DEL01-PI;UOP02-DEL01-PI
633254;07/10/2024;segunda-feira;11:20:00;RO;364;343;JI-PARANA;Ausência de reação do condutor;Atropelamento de Pedestre;Com Vítimas Feridas;Pleno dia;Crescente;Céu Claro;Dupla;Reta;Sim;2;0;2;0;0;0;2;2;-10,87878519;-61,94499012;SPRF-RO;DEL02-RO;UOP01-DEL02-RO
633255;07/10/2024;segunda-feira;13:55:00;SC;101;343,5;TUBARAO;Ausência de reação do condutor;Colisão traseira;Com Vítimas Feridas;Pleno dia;Crescente;Céu Claro;Dupla;Reta;Não;2;0;0;1;1;0;1;2;-28,52765702;-49,05615309;SPRF-SC;DEL02-SC;UOP01-DEL02-SC
633256;07/10/2024;segunda-feira;13:50:00;ES;259;66,6;COLATINA;Velocidade Incompatível;Colisão traseira;Com Vítimas Feridas;Pleno dia;Crescente;Sol;Simples;Reta;Não;4;0;0;2;2;0;2;2;-19,51585114;-40,72474606;SPRF-ES;DEL02-ES;UOP01-DEL02-ES
633257;28/09/2024;sábado;20:35:00;AC;364;115;RIO BRANCO;Ingestão de álcool pelo condutor;Colisão frontal;Com Vítimas Feridas;Plena Noite;Decrescente;Céu Claro;Simples;Reta;Sim;5;0;5;0;0;0;5;2;-10,01315317;-67,7102;SPRF-AC;DEL01-AC;UOP01-DEL01-AC
633262;04/08/2024;domingo;08:00:00;MG;50;129,4;UBERABA;Condutor Dormindo;Saída de leito carroçável;Com Vítimas Feridas;Pleno dia;Decrescente;Nublado;Dupla;Curva;Não;5;0;3;2;0;0;5;1;-19,38085098;-48,07703881;SPRF-MG;DEL13-MG;UOP01-DEL13-MG
633263;07/10/2024;segunda-feira;13:07:00;PB;101;112,2;ALHANDRA;Condutor Dormindo;Colisão lateral mesmo sentido;Com Vítimas Feridas;Pleno dia;Crescente;Céu Claro;Simples;"Declive;Reta";Não;4;0;0;1;3;0;1;2;-7,36987092;-34,95429127;SPRF-PB;DEL01-PB;UOP02-DEL01-PB
633264;07/10/2024;segunda-feira;07:30:00;SC;101;395;MARACAJA;Acumulo de água sobre o pavimento;Tombamento;Com Vítimas Feridas;Pleno dia;Decrescente;Nublado;Múltipla;Reta;Não;1;0;1;0;0;0;1;1;-28,84274713;-49,42896008;SPRF-SC;DEL02-SC;UOP02-DEL02-SC
633265;07/10/2024;segunda-feira;14:45:00;PE;232;5;RECIFE;Acumulo de óleo sobre o pavimento;Tombamento;Com Vítimas Feridas;Pleno dia;Crescente;Céu Claro;Dupla;Curva;Não;2;0;2;0;0;0;2;1;-8,06795766;-34,94535414;SPRF-PE;DEL01-PE;UOP01-DEL01-PE
633270;07/10/2024;segunda-feira;10:50:00;MG;381;659,9;SANTO ANTONIO DO AMPARO;Carga excessiva e/ou mal acondicionada;Tombamento;Com Vítimas Feridas;Pleno dia;Crescente;Sol;Dupla;Retorno Regulamentado;Não;1;0;1;0;0;0;1;1;-21,02449291;-44,99763007;SPRF-MG;DEL04-MG;UOP02-DEL04-MG
633272;07/10/2024;segunda-feira;14:00:00;PA;316;40;SANTA IZABEL DO PARA;Reação tardia ou ineficiente do condutor;Queda de ocupante de veículo;Com Vítimas Feridas;Pleno dia;Crescente;Nublado;Dupla;Reta;Sim;2;0;1;0;1;0;1;1;-1,2795637;-48,12243407;SPRF-PA;DEL01-PA;UOP01-DEL01-PA
633273;07/10/2024;segunda-feira;13:51:00;TO;153;393;RIO DOS BOIS;Acessar a via sem observar a presença dos outros veículos;Colisão transversal;Com Vítimas Feridas;Pleno dia;Decrescente;Céu Claro;Simples;Reta;Sim;2;0;1;0;1;0;1;2;-9,35274923;-48,5436847;SPRF-TO;DEL02-TO;UOP02-DEL02-TO
633274;07/10/2024;segunda-feira;14:12:00;SP;116;284;EMBU DAS ARTES;Acesso irregular;Colisão transversal;Com Vítimas Feridas;Pleno dia;Crescente;Céu Claro;Dupla;Reta;Sim;2;0;1;0;1;0;1;2;-23,69998;-46,867767;SPRF-SP;DEL04-SP;UOP01-DEL04-SP
633275;07/10/2024;segunda-feira;14:50:00;PR;476;149;ARAUCARIA;Trafegar com motocicleta (ou similar) entre as faixas;Colisão lateral mesmo sentido;Com Vítimas Feridas;Pleno dia;Decrescente;Nublado;Dupla;Reta;Sim;2;0;0;1;1;0;1;2;-25,557926;-49,358585;SPRF-PR;DEL01-PR;UOP06-DEL01-PR
633276;07/10/2024;segunda-feira;15:20:00;PE;232;10,3;JABOATAO DOS GUARARAPES;Reação tardia ou ineficiente do condutor;Colisão traseira;Sem Vítimas;Pleno dia;Decrescente;Céu Claro;Dupla;"Em Obras;Reta";Sim;2;0;0;0;2;0;0;2;-8,07954005;-34,9877429;SPRF-PE;DEL01-PE;UOP01-DEL01-PE
633277;07/10/2024;segunda-feira;13:50:00;SP;116;339;MIRACATU;Objeto estático sobre o leito carroçável;Colisão com objeto;Sem Vítimas;Pleno dia;Decrescente;Céu Claro;Dupla;"Curva;Aclive";Não;2;0;0;0;2;0;0;1;-23,9983939;-47,14927316;SPRF-SP;DEL04-SP;UOP03-DEL04-SP
633278;07/10/2024;segunda-feira;15:15:00;DF;40;2,8;BRASILIA;Reação tardia ou ineficiente do condutor;Colisão traseira;Com Vítimas Feridas;Pleno dia;Crescente;Céu Claro;Dupla;Reta;Não;3;0;1;0;2;0;1;3;-16,003145;-47,983944;SPRF-DF;DEL01-DF;UOP01-DEL01-DF
633280;07/10/2024;segunda-feira;15:10:00;RS;116;349;TAPES;Condutor Dormindo;Saída de leito carroçável;Com Vítimas Feridas;Pleno dia;Crescente;Nublado;Dupla;Reta;Não;1;0;1;0;0;0;1;1;-30,53448256;-51,50122241;SPRF-RS;DEL02-RS;UOP02-DEL02-RS
633282;07/10/2024;segunda-feira;15:00:00;PR;376;470;PONTA GROSSA;Chuva;Capotamento;Com Vítimas Feridas;Pleno dia;Decrescente;Chuva;Dupla;Curva;Não;6;0;6;0;0;0;6;2;-25,0409359;-50,27017496;SPRF-PR;DEL03-PR;UOP01-DEL03-PR
633286;10/09/2024;terça-feira;22:15:00;MS;262;372,6;TERENOS;Transitar na contramão;Saída de leito carroçável;Sem Vítimas;Plena Noite;Crescente;Céu Claro;Simples;Curva;Não;6;0;0;0;5;1;0;4;-20,48309924;-54,78814298;SPRF-MS;DEL01-MS;UOP03-DEL01-MS
633288;07/10/2024;segunda-feira;16:00:00;MG;40;523;CONTAGEM;Transitar no Acostamento;Colisão transversal;Com Vítimas Feridas;Pleno dia;Crescente;Céu Claro;Dupla;Reta;Não;2;0;1;0;1;0;1;2;-19,86874894;-44,05962197;SPRF-MG;DEL01-MG;UOP02-DEL01-MG
633289;07/10/2024;segunda-feira;15:50:00;CE;116;58;PACAJUS;Condutor deixou de manter distância do veículo da frente;Colisão traseira;Com Vítimas Feridas;Pleno dia;Crescente;Céu Claro;Simples;Declive;Não;3;0;2;0;1;0;2;2;-4,22952609;-38,47845171;SPRF-CE;DEL03-CE;UOP02-DEL03-CE
633292;07/10/2024;segunda-feira;16:20:00;PB;230;14;CABEDELO;Ausência de reação do condutor;Queda de ocupante de veículo;Com Vítimas Feridas;Pleno dia;Decrescente;Céu Claro;Dupla;Reta;Sim;1;0;1;0;0;0;1;1;-7,0851568;-34,84865427;SPRF-PB;DEL01-PB;UOP01-DEL01-PB
633293;16/09/2024;segunda-feira;14:41:00;MT;70;521;VARZEA GRANDE;Ultrapassagem Indevida;Colisão frontal;Com Vítimas Feridas;Pleno dia;Crescente;Nublado;Simples;Reta;Sim;2;0;1;0;1;0;1;2;-15,66707;-56,182363;SPRF-MT;DEL01-MT;UOP02-DEL01-MT
633295;07/10/2024;segunda-feira;08:20:00;ES;101;342;GUARAPARI;Velocidade Incompatível;Colisão com objeto;Sem Vítimas;Pleno dia;Decrescente;Céu Claro;Dupla;Reta;Não;1;0;0;0;0;1;0;1;-20,65737321;-40,5823519;SPRF-ES;DEL03-ES;UOP01-DEL03-ES
633299;07/10/2024;segunda-feira;12:25:00;SP;116;33,9;CRUZEIRO;Velocidade Incompatível;Tombamento;Com Vítimas Feridas;Pleno dia;Crescente;Sol;Dupla;"Interseção de Vias;Viaduto;Retorno Regulamentado;Curva;Ponte";Não;1;0;1;0;0;0;1;1;-22,6529672;-44,95880129;SPRF-SP;DEL08-SP;UOP02-DEL08-SP
633300;07/10/2024;segunda-feira;11:00:00;MG;381;510;SAO JOAQUIM DE BICAS;Ausência de reação do condutor;Colisão frontal;Com Vítimas Feridas;Pleno dia;Decrescente;Céu Claro;Simples;Reta;Sim;2;0;1;0;1;0;1;2;-20,07738209;-44,30434488;SPRF-MG;DEL01-MG;UOP03-DEL01-MG
633301;07/10/2024;segunda-feira;13:00:00;RJ;101;61;CAMPOS DOS GOYTACAZES;Área urbana sem a presença de local apropriado para a travessia de pedestres;Atropelamento de Pedestre;Com Vítimas Feridas;Pleno dia;Crescente;Sol;Simples;Reta;Sim;3;0;3;0;0;0;3;2;-21,72655788;-41,32133519;SPRF-RJ;DEL08-RJ;UOP01-DEL08-RJ
633302;07/10/2024;segunda-feira;13:30:00;BA;407;94;JAGUARARI;Acessar a via sem observar a presença dos outros veículos;Colisão transversal;Com Vítimas Fatais;Pleno dia;Decrescente;Céu Claro;Simples;Reta;Não;2;1;0;0;1;0;0;2;-10,18563802;-40,2228031;SPRF-BA;DEL04-BA;UOP01-DEL04-BA
633303;07/10/2024;segunda-feira;17:00:00;BA;135;138;RIACHAO DAS NEVES;Reação tardia ou ineficiente do condutor;Capotamento;Com Vítimas Feridas;Pleno dia;Crescente;Céu Claro;Simples;Reta;Não;5;0;1;1;3;0;2;1;-11,85311573;-44,84448347;SPRF-BA;DEL10-BA;UOP01-DEL10-BA
633304;07/10/2024;segunda-feira;16:25:00;BA;415;48;ITABUNA;Condutor deixou de manter distância do veículo da frente;Colisão traseira;Sem Vítimas;Pleno dia;Decrescente;Sol;Simples;Reta;Sim;2;0;0;0;2;0;0;2;-14,81574494;-39,29612388;SPRF-BA;DEL05-BA;UOP01-DEL05-BA
633305;07/10/2024;segunda-feira;09:20:00;GO;153;655;GOIATUBA;Velocidade Incompatível;Saída de leito carroçável;Com Vítimas Feridas;Pleno dia;Crescente;Céu Claro;Dupla;Curva;Não;2;0;1;0;1;0;1;1;-18,0103;-49,2621;SPRF-GO;DEL03-GO;UOP01-DEL03-GO
633306;07/10/2024;segunda-feira;17:50:00;SC;101;210;SAO JOSE;Transitar na calçada;Atropelamento de Pedestre;Com Vítimas Feridas;Pleno dia;Decrescente;Céu Claro;Múltipla;Aclive;Sim;2;0;1;1;0;0;2;2;-27,6167305;-48,6457265;SPRF-SC;DEL01-SC;UOP01-DEL01-SC
633307;07/10/2024;segunda-feira;17:34:00;RN;304;299;MACAIBA;Reação tardia ou ineficiente do condutor;Colisão traseira;Com Vítimas Feridas;Anoitecer;Decrescente;Céu Claro;Dupla;"Reta;Retorno Regulamentado";Não;2;0;1;0;1;0;1;2;-5,87095859;-35,32359587;SPRF-RN;DEL01-RN;UOP02-DEL01-RN