id;data_inversa;dia_semana;horario;uf;br;km;municipio;causa_acidente;tipo_acidente;classificacao_acidente;fase_dia;sentido_via;condicao_metereologica;tipo_pista;tracado_via;uso_solo;pessoas;mortos;feridos_leves;feridos_graves;ilesos;ignorados;feridos;veiculos;latitude;longitude;regional;delegacia;uop
633309;07/10/2024;segunda-feira;09:45:00;RJ;116;263;PIRAI;Velocidade Incompatível;Atropelamento de Pedestre;Com Vítimas Feridas;Pleno dia;Decrescente;Céu Claro;Dupla;Reta;Não;2;0;1;0;1;0;1;2;-22,59220328;-44,06782285;SPRF-RJ;DEL07-RJ;UOP02-DEL07-RJ
633310;07/10/2024;segunda-feira;18:05:00;BA;116;400,4;FEIRA DE SANTANA;Deficiência do Sistema de Iluminação/Sinalização;Colisão traseira;Com Vítimas Feridas;Plena Noite;Decrescente;Céu Claro;Dupla;"Rotatória;Reta";Não;2;0;0;1;1;0;1;2;-12,02850801;-38,97078747;SPRF-BA;DEL02-BA;UOP01-DEL02-BA
633312;07/10/2024;segunda-feira;17:49:00;RN;101;74,4;SAO GONCALO DO AMARANTE;Transitar na contramão;Colisão frontal;Com Vítimas Fatais;Plena Noite;Decrescente;Céu Claro;Simples;Reta;Sim;3;1;0;0;1;1;0;3;-5,71406254;-35,27232767;SPRF-RN;DEL02-RN;UOP01-DEL02-RN
633313;07/10/2024;segunda-feira;17:40:00;PR;277;708;SANTA TEREZINHA DE ITAIPU;Reação tardia ou ineficiente do condutor;Colisão com objeto;Com Vítimas Feridas;Anoitecer;Crescente;Céu Claro;Simples;Curva;Sim;1;0;0;1;0;0;1;1;-25,44290885;-54,39565306;SPRF-PR;DEL05-PR;UOP01-DEL05-PR
633316;07/10/2024;segunda-feira;18:00:00;SC;470;47,7;BLUMENAU;Ausência de reação do condutor;Colisão lateral mesmo sentido;Com Vítimas Feridas;Plena Noite;Decrescente;Céu Claro;Dupla;"Declive;Em Obras;Interseção de Vias;Rotatória;Desvio Temporário";Sim;2;0;1;0;1;0;1;2;-26,864044;-49,046516;SPRF-SC;DEL04-SC;UOP01-DEL04-SC
633317;07/10/2024;segunda-feira;18:50:00;SC;470;54,5;BLUMENAU;Acessar a via sem observar a presença dos outros veículos;Colisão transversal;Com Vítimas Feridas;Plena Noite;Decrescente;Céu Claro;Simples;"Reta;Interseção de Vias";Sim;2;0;1;0;1;0;1;2;-26,871065;-49,110374;SPRF-SC;DEL04-SC;UOP01-DEL04-SC
633318;07/10/2024;segunda-feira;18:50:00;RS;158;321;SANTA MARIA;Reação tardia ou ineficiente do condutor;Colisão traseira;Com Vítimas Feridas;Plena Noite;Decrescente;Chuva;Múltipla;Rotatória;Sim;3;0;2;0;0;1;2;2;-29,69563936;-53,77534032;SPRF-RS;DEL09-RS;UOP01-DEL09-RS
633319;07/10/2024;segunda-feira;19:00:00;RS;290;94;PORTO ALEGRE;Pista Escorregadia;Tombamento;Com Vítimas Feridas;Plena Noite;Decrescente;Garoa/Chuvisco;Múltipla;Reta;Sim;2;0;2;0;0;0;2;1;-29,973856;-51,197853;SPRF-RS;DEL01-RS;UOP01-DEL01-RS
633320;07/10/2024;segunda-feira;18:20:00;PE;407;128,9;PETROLINA;Ingestão de álcool pelo condutor;Atropelamento de Pedestre;Com Vítimas Feridas;Plena Noite;Crescente;Céu Claro;Simples;Reta;Sim;2;0;1;1;0;0;2;2;-9,39410913;-40,51095843;SPRF-PE;DEL06-PE;UOP01-DEL06-PE
633321;07/10/2024;segunda-feira;18:20:00;RJ;101;404;ITAGUAI;Acessar a via sem observar a presença dos outros veículos;Colisão transversal;Com Vítimas Feridas;Anoitecer;Crescente;Céu Claro;Dupla;Reta;Sim;3;0;1;0;2;0;1;3;-22,86342703;-43,79642098;SPRF-RJ;DEL03-RJ;UOP01-DEL03-RJ
633323;07/10/2024;segunda-feira;18:35:00;RJ;116;180;NOVA IGUACU;Ausência de reação do condutor;Colisão lateral mesmo sentido;Com Vítimas Feridas;Plena Noite;Crescente;Céu Claro;Múltipla;"Reta;Declive";Sim;2;0;1;0;1;0;1;2;-22,7651616;-43,4154728;SPRF-RJ;DEL06-RJ;UOP01-DEL06-RJ
633324;11/09/2024;quarta-feira;10:35:00;RR;174;121;RORAINOPOLIS;Ausência de reação do condutor;Colisão traseira;Com Vítimas Feridas;Pleno dia;Decrescente;Céu Claro;Simples;"Em Obras;Reta";Não;3;0;2;0;1;0;2;2;0,153598;-60,551387;SPRF-RR;DEL01-RR;UOP01-DEL01-RR
633325;07/10/2024;segunda-feira;19:30:00;SP;116;148;SAO JOSE DOS CAMPOS;Reação tardia ou ineficiente do condutor;Colisão traseira;Sem Vítimas;Plena Noite;Decrescente;Céu Claro;Múltipla;Reta;Sim;3;0;0;0;2;1;0;3;-23,20067421;-45,8795018;SPRF-SP;DEL02-SP;UOP01-DEL02-SP
633326;07/10/2024;segunda-feira;19:22:00;PE;232;7,8;RECIFE;Manobra de mudança de faixa;Colisão traseira;Com Vítimas Feridas;Plena Noite;Decrescente;Céu Claro;Dupla;Reta;Sim;6;0;2;1;3;0;3;4;-8,07583727;-34,97015791;SPRF-PE;DEL01-PE;UOP01-DEL01-PE
633327;06/10/2024;domingo;18:10:00;AM;319;15;CAREIRO DA VARZEA;Ingestão de álcool pelo condutor;Colisão lateral mesmo sentido;Sem Vítimas;Plena Noite;Decrescente;Céu Claro;Simples;Reta;Não;3;0;0;0;3;0;0;2;-3,20776193;-59,87058395;SPRF-AM;DEL01-AM;UOP04-DEL01-AM
633328;07/10/2024;segunda-feira;19:50:00;RJ;116;179;BELFORD ROXO;Condutor deixou de manter distância do veículo da frente;Colisão traseira;Com Vítimas Feridas;Pleno dia;Crescente;Céu Claro;Simples;Reta;Não;2;0;0;1;1;0;1;2;-22,769902;-43,408036;SPRF-RJ;DEL06-RJ;UOP01-DEL06-RJ
633329;05/10/2024;sábado;01:30:00;BA;101;259;SANTO ANTONIO DE JESUS;Demais falhas mecânicas ou elétricas;Incêndio;Sem Vítimas;Plena Noite;Crescente;Nublado;Simples;Reta;Não;1;0;0;0;0;1;0;1;-13,05707208;-39,28148909;SPRF-BA;DEL01-BA;UOP02-DEL01-BA
633330;07/10/2024;segunda-feira;17:20:00;ES;101;65;SAO MATEUS;Trafegar com motocicleta (ou similar) entre as faixas;Colisão lateral mesmo sentido;Com Vítimas Feridas;Anoitecer;Crescente;Céu Claro;Dupla;Reta;Sim;1;0;0;1;0;0;1;1;-18,70935945;-39,87762087;SPRF-ES;DEL04-ES;UOP02-DEL04-ES
633331;07/10/2024;segunda-feira;20:09:00;ES;101;266,5;SERRA;Pedestre andava na pista;Atropelamento de Pedestre;Com Vítimas Feridas;Plena Noite;Crescente;Céu Claro;Múltipla;"Reta;Interseção de Vias";Sim;3;0;1;1;0;1;2;2;-20,190199;-40,26828891;SPRF-ES;DEL02-ES;UOP01-DEL02-ES
633332;07/10/2024;segunda-feira;20:05:00;RJ;393;264;BARRA DO PIRAI;Pedestre andava na pista;Atropelamento de Pedestre;Com Vítimas Feridas;Plena Noite;Crescente;Nublado;Simples;Reta;Não;2;0;0;1;1;0;1;2;-22,487975;-43,913157;SPRF-RJ;DEL05-RJ;UOP04-DEL05-RJ
633338;07/10/2024;segunda-feira;11:00:00;PE;424;132,7;CORRENTES;Ultrapassagem Indevida;Saída de leito carroçável;Com Vítimas Fatais;Pleno dia;Decrescente;Céu Claro;Simples;Reta;Não;1;1;0;0;0;0;0;1;-9,11798998;-36,35238498;SPRF-PE;DEL03-PE;UOP01-DEL03-PE
633339;07/10/2024;segunda-feira;05:30:00;PE;316;242;BELEM DE SAO FRANCISCO;Animais na Pista;Capotamento;Com Vítimas Feridas;Pleno dia;Decrescente;Céu Claro;Simples;"Declive;Reta";Não;4;0;0;4;0;0;4;1;-8,64506782;-39,03499691;SPRF-PE;DEL05-PE;UOP03-DEL05-PE
633341;07/10/2024;segunda-feira;15:00:00;BA;324;574;SAO SEBASTIAO DO PASSE;Manobra de mudança de faixa;Colisão traseira;Sem Vítimas;Pleno dia;Decrescente;Nublado;Dupla;Reta;Não;2;0;0;0;2;0;0;2;-12,56758892;-38,55238794;SPRF-BA;DEL01-BA;UOP01-DEL01-BA
633342;07/10/2024;segunda-feira;21:00:00;RS;158;324;SANTA MARIA;Desrespeitar a preferência no cruzamento;Colisão transversal;Com Vítimas Feridas;Pleno dia;Crescente;Chuva;Dupla;"Rotatória;Interseção de Vias";Sim;4;0;1;0;3;0;1;2;-29,70333723;-53,79497409;SPRF-RS;DEL09-RS;UOP01-DEL09-RS
633343;21/06/2024;sexta-feira;12:00:00;PE;101;70;RECIFE;Acessar a via sem observar a presença dos outros veículos;Colisão transversal;Com Vítimas Feridas;Pleno dia;Crescente;Chuva;Dupla;Reta;Não;2;0;0;1;1;0;1;2;-8,06776119;-34,94265074;SPRF-PE;DEL01-PE;UOP01-DEL01-PE
633344;07/10/2024;segunda-feira;18:40:00;SC;163;109,1;GUARUJA DO SUL;Transitar na contramão;Colisão lateral sentido oposto;Com Vítimas Feridas;Plena Noite;Decrescente;Céu Claro;Simples;"Aclive;Reta";Não;2;0;0;1;0;1;1;2;-26,41337297;-53,52364405;SPRF-SC;DEL07-SC;UOP03-DEL07-SC
633347;07/07/2024;domingo;18:14:00;PE;101;67;RECIFE;Reação tardia ou ineficiente do condutor;Engavetamento;Sem Vítimas;Plena Noite;Decrescente;Nublado;Dupla;Reta;Sim;5;0;0;0;5;0;0;4;-8,042334;-34,943096;SPRF-PE;DEL01-PE;UOP01-DEL01-PE
633348;07/10/2024;segunda-feira;20:13:00;RO;364;710;PORTO VELHO;Ausência de reação do condutor;Saída de leito carroçável;Com Vítimas Feridas;Plena Noite;Decrescente;Nublado;Dupla;Reta;Sim;3;0;2;0;0;1;2;2;-8,78621576;-63,85712687;SPRF-RO;DEL01-RO;UOP01-DEL01-RO
633349;07/10/2024;segunda-feira;20:13:00;PE;101;212;XEXEU;Animais na Pista;Colisão com objeto;Com Vítimas Feridas;Plena Noite;Decrescente;Céu Claro;Dupla;"Reta;Declive";Sim;4;0;4;0;0;0;4;1;-8,86269194;-35,63166475;SPRF-PE;DEL01-PE;UOP03-DEL01-PE
633350;07/10/2024;segunda-feira;16:40:00;RJ;40;33;TRES RIOS;Demais falhas mecânicas ou elétricas;Tombamento;Com Vítimas Feridas;Pleno dia;Decrescente;Céu Claro;Dupla;Curva;Não;2;0;1;1;0;0;2;1;-22,20148139;-43,15009735;SPRF-RJ;DEL05-RJ;UOP02-DEL05-RJ
633351;07/10/2024;segunda-feira;17:36:00;PI;343;438;LAGOINHA DO PIAUI;Acessar a via sem observar a presença dos outros veículos;Colisão frontal;Com Vítimas Fatais;Anoitecer;Crescente;Céu Claro;Simples;Interseção de Vias;Sim;4;1;0;3;0;0;3;2;-5,838295;-42,623928;SPRF-PI;DEL01-PI;UOP02-DEL01-PI
633352;07/10/2024;segunda-feira;20:50:00;RJ;40;121;DUQUE DE CAXIAS;Demais falhas mecânicas ou elétricas;Incêndio;Sem Vítimas;Plena Noite;Crescente;Céu Claro;Dupla;Reta;Sim;1;0;0;0;1;0;0;1;-22,78185499;-43,28571273;SPRF-RJ;DEL01-RJ;UOP02-DEL01-RJ
633353;19/09/2024;quinta-feira;19:11:00;ES;101;142,9;LINHARES;Demais falhas mecânicas ou elétricas;Tombamento;Com Vítimas Feridas;Plena Noite;Decrescente;Céu Claro;Dupla;"Curva;Aclive";Sim;2;0;1;0;0;1;1;1;-19,33458987;-40,06755477;SPRF-ES;DEL04-ES;UOP01-DEL04-ES
633354;07/10/2024;segunda-feira;20:50:00;RS;470;219;BENTO GONCALVES;Chuva;Saída de leito carroçável;Sem Vítimas;Plena Noite;Decrescente;Chuva;Simples;Curva;Não;1;0;0;0;0;1;0;1;-29,17909489;-51,51855675;SPRF-RS;DEL06-RS;UOP01-DEL06-RS
633356;07/10/2024;segunda-feira;19:00:00;MT;163;604;NOVA MUTUM;Manobra de mudança de faixa;Queda de ocupante de veículo;Com Vítimas Feridas;Anoitecer;Crescente;Céu Claro;Simples;Reta;Não;1;0;1;0;0;0;1;1;-13,87236604;-56,08739473;SPRF-MT;DEL01-MT;UOP01-DEL01-MT
633357;03/10/2024;quinta-feira;13:00:00;MG;262;35;MANHUACU;Trafegar com motocicleta (ou similar) entre as faixas;Colisão transversal;Com Vítimas Feridas;Pleno dia;Decrescente;Céu Claro;Simples;Interseção de Vias;Sim;2;0;1;0;1;0;1;2;-20,2592562;-42,01698194;SPRF-MG;DEL06-MG;UOP03-DEL06-MG
633358;07/10/2024;segunda-feira;23:00:00;SC;282;99;ALFREDO WAGNER;Chuva;Saída de leito carroçável;Com Vítimas Feridas;Plena Noite;Crescente;Chuva;Simples;Curva;Não;2;0;2;0;0;0;2;1;-27,700373;-49,287563;SPRF-SC;DEL01-SC;UOP03-DEL01-SC
633359;07/10/2024;segunda-feira;21:20:00;MT;70;515;VARZEA GRANDE;Animais na Pista;Atropelamento de Animal;Com Vítimas Feridas;Plena Noite;Crescente;Céu Claro;Simples;Reta;Sim;1;0;0;1;0;0;1;1;-15,705946;-56,143052;SPRF-MT;DEL01-MT;UOP02-DEL01-MT
633361;07/10/2024;segunda-feira;23:50:00;PB;230;24,9;JOAO PESSOA;Mal súbito do condutor;Tombamento;Com Vítimas Feridas;Plena Noite;Decrescente;Céu Claro;Simples;Reta;Sim;1;0;0;1;0;0;1;1;-7,1707;-34,8684;SPRF-PB;DEL01-PB;UOP01-DEL01-PB
633364;07/10/2024;segunda-feira;23:30:00;GO;153;210;URUACU;Ingestão de álcool pelo condutor;Queda de ocupante de veículo;Com Vítimas Feridas;Plena Noite;Decrescente;Céu Claro;Simples;"Reta;Declive";Não;1;0;1;0;0;0;1;1;-14,605865;-49,166637;SPRF-GO;DEL07-GO;UOP02-DEL07-GO
633366;08/10/2024;terça-feira;00:14:00;RO;435;86;COLORADO DO OESTE;Ingestão de álcool pelo condutor;Queda de ocupante de veículo;Com Vítimas Feridas;Plena Noite;Decrescente;Céu Claro;Simples;Curva;Sim;1;0;1;0;0;0;1;1;-13,12026846;-60,54055407;SPRF-RO;DEL04-RO;UOP02-DEL04-RO
633367;08/10/2024;terça-feira;01:40:00;RS;386;445;CANOAS;Animais na Pista;Atropelamento de Animal;Com Vítimas Feridas;Plena Noite;Decrescente;Nublado;Dupla;Reta;Sim;1;0;1;0;0;0;1;1;-29,892885;-51,192703;SPRF-RS;DEL01-RS;UOP01-DEL01-RS
633368;08/10/2024;terça-feira;00:20:00;MG;40;128,7;JOAO PINHEIRO;Transitar na contramão;Colisão frontal;Com Vítimas Fatais;Plena Noite;Crescente;Céu Claro;Simples;"Reta;Interseção de Vias";Sim;5;1;0;0;4;0;0;2;-17,70131701;-46,303719;SPRF-MG;DEL14-MG;UOP01-DEL14-MG
633369;07/10/2024;segunda-feira;17:00:00;BA;324;615;SALVADOR;Manobra de mudança de faixa;Queda de ocupante de veículo;Com Vítimas Feridas;Pleno dia;Crescente;Céu Claro;Dupla;Reta;Sim;6;0;3;0;1;2;3;5;-12,87206398;-38,42746403;SPRF-BA;DEL01-BA;UOP01-DEL01-BA
633370;08/10/2024;terça-feira;05:25:00;PB;230;68;SOBRADO;Acessar a via sem observar a presença dos outros veículos;Colisão lateral mesmo sentido;Com Vítimas Feridas;Pleno dia;Decrescente;Céu Claro;Dupla;Reta;Sim;2;0;1;1;0;0;2;2;-7,1873;-35,2065;SPRF-PB;DEL01-PB;UOP03-DEL01-PB
633371;08/10/2024;terça-feira;05:55:00;CE;222;21;CAUCAIA;Acessar a via sem observar a presença dos outros veículos;Colisão transversal;Com Vítimas Feridas;Pleno dia;Decrescente;Céu Claro;Simples;"Reta;Desvio Temporário;Em Obras";Não;2;0;0;1;1;0;1;2;-3,73715313;-38,74293507;SPRF-CE;DEL01-CE;UOP01-DEL01-CE
633373;08/10/2024;terça-feira;06:15:00;PR;116;50;CAMPINA GRANDE DO SUL;Reação tardia ou ineficiente do condutor;Saída de leito carroçável;Com Vítimas Feridas;Amanhecer;Decrescente;Garoa/Chuvisco;Dupla;Curva;Não;1;0;1;0;0;0;1;1;-25,24249703;-48,90292205;SPRF-PR;DEL01-PR;UOP02-DEL01-PR
633375;07/10/2024;segunda-feira;17:40:00;CE;403;2,7;ACARAU;Acessar a via sem observar a presença dos outros veículos;Colisão transversal;Com Vítimas Feridas;Anoitecer;Decrescente;Céu Claro;Simples;"Reta;Interseção de Vias";Sim;2;0;0;1;0;1;1;2;-2,902094;-40,11866696;SPRF-CE;DEL01-CE;UOP03-DEL01-CE
633376;08/10/2024;terça-feira;07:00:00;RN;304;231;RIACHUELO;Acessar a via sem observar a presença dos outros veículos;Colisão transversal;Com Vítimas Feridas;Pleno dia;Crescente;Céu Claro;Simples;Declive;Não;2;0;1;0;1;0;1;2;-5,75251767;-35,89627591;SPRF-RN;DEL01-RN;UOP02-DEL01-RN
633377;08/10/2024;terça-feira;00:20:00;RS;153;49,9;ERECHIM;Entrada inopinada do pedestre;Atropelamento de Pedestre;Com Vítimas Feridas;Plena Noite;Crescente;Chuva;Simples;Reta;Não;2;0;0;1;0;1;1;2;-27,65513812;-52,26579899;SPRF-RS;DEL08-RS;UOP04-DEL08-RS
633378;08/10/2024;terça-feira;06:30:00;MG;40;524;CONTAGEM;Pedestre andava na pista;Sinistro pessoal de trânsito;Com Vítimas Feridas;Pleno dia;Crescente;Céu Claro;Dupla;Reta;Sim;2;0;1;0;1;0;1;2;-19,86874894;-44,05962197;SPRF-MG;DEL01-MG;UOP02-DEL01-MG
633379;08/10/2024;terça-feira;07:20:00;DF;40;0,5;BRASILIA;Manobra de mudança de faixa;Colisão lateral mesmo sentido;Com Vítimas Feridas;Pleno dia;Decrescente;Céu Claro;Dupla;Reta;Sim;2;0;0;1;1;0;1;2;-15,976897;-47,990129;SPRF-DF;DEL01-DF;UOP01-DEL01-DF
633381;08/10/2024;terça-feira;07:10:00;RS;448;21;PORTO ALEGRE;Manobra de mudança de faixa;Colisão lateral mesmo sentido;Sem Vítimas;Pleno dia;Crescente;Chuva;Dupla;"Reta;Ponte;Aclive";Sim;6;0;0;0;6;0;0;2;-29,97045709;-51,20036602;SPRF-RS;DEL01-RS;UOP01-DEL01-RS
633384;08/10/2024;terça-feira;06:35:00;RS;392;6,4;RIO GRANDE;Condutor deixou de manter distância do veículo da frente;Tombamento;Com Vítimas Feridas;Pleno dia;Decrescente;Nublado;Simples;Reta;Não;1;0;1;0;0;0;1;1;-32,0849901;-52,10592673;SPRF-RS;DEL07-RS;UOP02-DEL07-RS
633385;08/10/2024;terça-feira;07:00:00;RJ;40;22;TRES RIOS;Condutor deixou de manter distância do veículo da frente;Colisão traseira;Com Vítimas Feridas;Pleno dia;Decrescente;Céu Claro;Dupla;Reta;Sim;5;0;2;0;3;0;2;2;-22,12244792;-43,1568498;SPRF-RJ;DEL05-RJ;UOP02-DEL05-RJ
633386;08/10/2024;terça-feira;07:25:00;RS;386;362;ESTRELA;Velocidade Incompatível;Saída de leito carroçável;Com Vítimas Fatais;Pleno dia;Crescente;Chuva;Dupla;Reta;Não;4;1;1;1;0;1;2;2;-29,55843285;-51,88935041;SPRF-RS;DEL04-RS;UOP01-DEL04-RS
633387;08/10/2024;terça-feira;06:40:00;SC;282;1,7;FLORIANOPOLIS;Reação tardia ou ineficiente do condutor;Tombamento;Com Vítimas Feridas;Pleno dia;Decrescente;Nublado;Múltipla;Reta;Sim;1;0;1;0;0;0;1;1;-27,602955;-48,580509;SPRF-SC;DEL01-SC;UOP01-DEL01-SC
633389;08/10/2024;terça-feira;07:55:00;ES;101;260;SERRA;Pedestre cruzava a pista fora da faixa;Atropelamento de Pedestre;Com Vítimas Feridas;Pleno dia;Crescente;Nublado;Dupla;"Curva;Declive";Não;2;0;1;0;1;0;1;2;-20,14616415;-40,28836206;SPRF-ES;DEL02-ES;UOP01-DEL02-ES
633390;08/10/2024;terça-feira;08:20:00;SP;116;212;GUARULHOS;Manobra de mudança de faixa;Colisão lateral mesmo sentido;Com Vítimas Feridas;Pleno dia;Crescente;Céu Claro;Múltipla;Reta;Sim;4;0;1;1;2;0;2;3;-23,43608315;-46,42805094;SPRF-SP;DEL01-SP;UOP01-DEL01-SP
633392;04/10/2024;sexta-feira;01:14:00;RS;158;292,8;JULIO DE CASTILHOS;Velocidade Incompatível;Saída de leito carroçável;Sem Vítimas;Plena Noite;Crescente;Ignorado;Simples;Rotatória;Sim;1;0;0;0;0;1;0;1;-29,48528502;-53,68360005;SPRF-RS;DEL09-RS;UOP01-DEL09-RS
633395;08/10/2024;terça-feira;07:50:00;SP;153;60;SAO JOSE DO RIO PRETO;Ausência de reação do condutor;Engavetamento;Com Vítimas Feridas;Pleno dia;Crescente;Céu Claro;Dupla;Reta;Sim;3;0;1;0;1;1;1;3;-20,79627979;-49,35480206;SPRF-SP;DEL09-SP;UOP01-DEL09-SP
633396;08/10/2024;terça-feira;08:20:00;SC;101;199;BIGUACU;Ausência de reação do condutor;Colisão traseira;Com Vítimas Feridas;Pleno dia;Crescente;Nublado;Múltipla;"Reta;Aclive";Sim;4;0;1;0;3;0;1;2;-27,53413705;-48,63003205;SPRF-SC;DEL01-SC;UOP01-DEL01-SC
633400;08/10/2024;terça-feira;07:50:00;BA;324;622;SALVADOR;Condutor deixou de manter distância do veículo da frente;Colisão traseira;Com Vítimas Feridas;Pleno dia;Decrescente;Céu Claro;Múltipla;Reta;Sim;2;0;1;0;1;0;1;2;-12,91888605;-38,46502095;SPRF-BA;DEL01-BA;UOP01-DEL01-BA
633402;08/10/2024;terça-feira;05:30:00;MA;402;16;ROSARIO;Animais na Pista;Colisão com objeto;Com Vítimas Feridas;Amanhecer;Decrescente;Nublado;Simples;"Interseção de Vias;Reta";Sim;2;0;1;0;1;0;1;2;-2,942322;-44,207882;SPRF-MA;DEL01-MA;UOP01-DEL01-MA
633403;08/10/2024;terça-feira;04:00:00;MG;153;142;PRATA;Ingestão de álcool pelo condutor;Saída de leito carroçável;Sem Vítimas;Plena Noite;Crescente;Céu Claro;Simples;Reta;Não;1;0;0;0;0;1;0;1;-19,58300034;-48,82669687;SPRF-MG;DEL15-MG;UOP03-DEL15-MG
633404;06/09/2024;sexta-feira;20:30:00;PR;476;118;COLOMBO;Acessar a via sem observar a presença dos outros veículos;Colisão lateral sentido oposto;Com Vítimas Feridas;Plena Noite;Crescente;Ignorado;Dupla;Reta;Sim;2;0;0;1;0;1;1;2;-25,35184;-49,17864;SPRF-PR;DEL01-PR;UOP01-DEL01-PR
633405;08/10/2024;terça-feira;07:10:00;MT;364;201;RONDONOPOLIS;Avarias e/ou desgaste excessivo no pneu;Tombamento;Com Vítimas Feridas;Pleno dia;Decrescente;Céu Claro;Dupla;"Aclive;Reta";Sim;1;0;1;0;0;0;1;1;-16,491405;-54,646378;SPRF-MT;DEL02-MT;UOP01-DEL02-MT
633406;08/10/2024;terça-feira;08:53:00;DF;40;7;BRASILIA;Condutor deixou de manter distância do veículo da frente;Tombamento;Com Vítimas Feridas;Pleno dia;Decrescente;Nublado;Dupla;Reta;Não;2;0;1;0;1;0;1;2;-16,038666;-47,979691;SPRF-DF;DEL01-DF;UOP01-DEL01-DF
633407;08/10/2024;terça-feira;09:30:00;SE;235;4;NOSSA SENHORA DO SOCORRO;Condutor deixou de manter distância do veículo da frente;Colisão traseira;Com Vítimas Feridas;Pleno dia;Decrescente;Céu Claro;Dupla;Reta;Sim;3;0;1;1;1;0;2;2;-10,9064;-37,1197;SPRF-SE;DEL01-SE;UOP01-DEL01-SE
633408;08/10/2024;terça-feira;08:53:00;PB;101;22,3;MAMANGUAPE;Ausência de reação do condutor;Saída de leito carroçável;Com Vítimas Feridas;Pleno dia;Decrescente;Céu Claro;Dupla;Reta;Não;1;0;0;1;0;0;1;1;-6,68108401;-35,11407491;SPRF-PB;DEL01-PB;UOP04-DEL01-PB
633409;15/09/2024;domingo;07:20:00;PR;277;101;CURITIBA;Chuva;Saída de leito carroçável;Com Vítimas Feridas;Pleno dia;Decrescente;Nublado;Dupla;Reta;Não;1;0;1;0;0;0;1;1;-25,43278571;-49,37153935;SPRF-PR;DEL01-PR;UOP06-DEL01-PR
633410;08/10/2024;terça-feira;08:30:00;GO;20;195;POSSE;Velocidade Incompatível;Saída de leito carroçável;Com Vítimas Feridas;Pleno dia;Decrescente;Céu Claro;Simples;"Reta;Declive";Não;1;0;1;0;0;0;1;1;-14,355703;-46,443913;SPRF-DF;DEL02-DF;UOP03-DEL02-DF
633412;08/10/2024;terça-feira;07:40:00;RS;116;253;SAPUCAIA DO SUL;Manobra de mudança de faixa;Colisão lateral mesmo sentido;Com Vítimas Feridas;Pleno dia;Crescente;Chuva;Dupla;Reta;Sim;2;0;1;0;1;0;1;2;-29,813514;-51,16889595;SPRF-RS;DEL01-RS;UOP02-DEL01-RS
633413;08/10/2024;terça-feira;07:00:00;PI;135;372;BOM JESUS;Ausência de reação do condutor;Tombamento;Com Vítimas Feridas;Pleno dia;Decrescente;Céu Claro;Simples;Reta;Não;1;0;1;0;0;0;1;1;-9,21779976;-44,44649418;SPRF-PI;DEL03-PI;UOP02-DEL03-PI
633414;28/07/2024;domingo;18:20:00;SE;101;106,2;SAO CRISTOVAO;Transtornos Mentais (exceto suicidio);Atropelamento de Pedestre;Com Vítimas Fatais;Plena Noite;Crescente;Céu Claro;Dupla;Reta;Não;2;1;0;0;1;0;0;2;-10,95841469;-37,24489601;SPRF-SE;DEL02-SE;UOP01-DEL02-SE
633419;05/10/2024;sábado;06:30:00;RJ;116;251;PIRAI;Ausência de reação do condutor;Colisão com objeto;Com Vítimas Feridas;Amanhecer;Crescente;Nublado;Dupla;Curva;Não;2;0;1;0;1;0;1;1;-22,58482223;-43,95961921;SPRF-RJ;DEL07-RJ;UOP01-DEL07-RJ
633420;08/10/2024;terça-feira;08:30:00;SC;101;134;BALNEARIO CAMBORIU;Desrespeitar a preferência no cruzamento;Colisão transversal;Com Vítimas Feridas;Pleno dia;Crescente;Céu Claro;Simples;Interseção de Vias;Sim;3;0;1;1;1;0;2;2;-27,00218;-48,636433;SPRF-SC;DEL04-SC;UOP03-DEL04-SC
633421;08/10/2024;terça-feira;10:15:00;RN;101;95;NATAL;Acessar a via sem observar a presença dos outros veículos;Colisão lateral mesmo sentido;Com Vítimas Feridas;Pleno dia;Decrescente;Céu Claro;Dupla;Interseção de Vias;Sim;3;0;2;0;1;0;2;2;-5,84076841;-35,21035949;SPRF-RN;DEL01-RN;UOP01-DEL01-RN
633424;08/10/2024;terça-feira;10:30:00;MG;40;558;NOVA LIMA;Avarias e/ou desgaste excessivo no pneu;Tombamento;Com Vítimas Feridas;Pleno dia;Crescente;Céu Claro;Dupla;Curva;Não;2;0;1;0;1;0;1;1;-20,11082646;-43,97221642;SPRF-MG;DEL01-MG;UOP02-DEL01-MG
633425;08/10/2024;terça-feira;07:30:00;PI;316;310;PICOS;Retorno proibido;Colisão transversal;Com Vítimas Feridas;Pleno dia;Crescente;Sol;Simples;Reta;Sim;2;0;0;1;1;0;1;2;-7,07682397;-41,47670031;SPRF-PI;DEL04-PI;UOP01-DEL04-PI
633426;08/10/2024;terça-feira;10:40:00;ES;101;146,8;LINHARES;Condutor desrespeitou a iluminação vermelha do semáforo;Colisão transversal;Com Vítimas Feridas;Pleno dia;Crescente;Céu Claro;Dupla;"Interseção de Vias;Reta";Sim;3;0;2;0;1;0;2;2;-19,36990998;-40,06560718;SPRF-ES;DEL04-ES;UOP01-DEL04-ES
633427;08/10/2024;terça-feira;10:40:00;MG;116;390;GOVERNADOR VALADARES;Acessar a via sem observar a presença dos outros veículos;Colisão transversal;Com Vítimas Feridas;Pleno dia;Decrescente;Sol;Simples;Reta;Não;2;0;0;1;1;0;1;2;-18,680463;-41,988951;SPRF-MG;DEL06-MG;UOP01-DEL06-MG