id;data_inversa;dia_semana;horario;uf;br;km;municipio;causa_acidente;tipo_acidente;classificacao_acidente;fase_dia;sentido_via;condicao_metereologica;tipo_pista;tracado_via;uso_solo;pessoas;mortos;feridos_leves;feridos_graves;ilesos;ignorados;feridos;veiculos;latitude;longitude;regional;delegacia;uop
633431;08/10/2024;terça-feira;09:00:00;AP;210;68;PORTO GRANDE;Ausência de reação do condutor;Saída de leito carroçável;Sem Vítimas;Pleno dia;Decrescente;Céu Claro;Simples;Curva;Sim;1;0;0;0;0;1;0;1;0,54099778;-51,1407131;SPRF-AP;DEL01-AP;UOP01-DEL01-AP
633433;08/10/2024;terça-feira;10:20:00;PE;232;209;PESQUEIRA;Acessar a via sem observar a presença dos outros veículos;Colisão frontal;Com Vítimas Feridas;Pleno dia;Decrescente;Céu Claro;Simples;Reta;Sim;2;0;0;1;1;0;1;2;-8,36666789;-36,68869898;SPRF-PE;DEL03-PE;UOP02-DEL03-PE
633434;08/10/2024;terça-feira;06:55:00;RO;364;426;JARU;Acessar a via sem observar a presença dos outros veículos;Colisão lateral mesmo sentido;Com Vítimas Feridas;Amanhecer;Crescente;Céu Claro;Simples;Retorno Regulamentado;Sim;3;0;2;0;1;0;2;2;-10,432443;-62,479584;SPRF-RO;DEL03-RO;UOP02-DEL03-RO
633435;08/10/2024;terça-feira;10:50:00;PR;277;9,2;PARANAGUA;Transitar no Acostamento;Colisão com objeto;Com Vítimas Feridas;Pleno dia;Decrescente;Céu Claro;Dupla;Reta;Sim;4;0;2;0;2;0;2;2;-25,56663394;-48,60650897;SPRF-PR;DEL01-PR;UOP05-DEL01-PR
633440;08/10/2024;terça-feira;11:10:00;RJ;40;55,5;PETROPOLIS;Reação tardia ou ineficiente do condutor;Colisão com objeto;Com Vítimas Feridas;Pleno dia;Decrescente;Céu Claro;Dupla;Reta;Não;1;0;1;0;0;0;1;1;-22,35382783;-43,12184226;SPRF-RJ;DEL05-RJ;UOP02-DEL05-RJ
633441;08/10/2024;terça-feira;10:50:00;PR;116;118;CURITIBA;Demais falhas mecânicas ou elétricas;Tombamento;Com Vítimas Feridas;Pleno dia;Decrescente;Nublado;Dupla;Reta;Sim;2;0;1;0;1;0;1;1;-25,54657438;-49,29173608;SPRF-PR;DEL01-PR;UOP03-DEL01-PR
633442;08/10/2024;terça-feira;11:40:00;BA;324;619;SALVADOR;Reação tardia ou ineficiente do condutor;Colisão traseira;Sem Vítimas;Pleno dia;Crescente;Céu Claro;Dupla;Reta;Não;2;0;0;0;2;0;0;2;-12,89820999;-38,45012202;SPRF-BA;DEL01-BA;UOP01-DEL01-BA
633443;03/05/2024;sexta-feira;18:00:00;MG;116;366;FREI INOCENCIO;Acessar a via sem observar a presença dos outros veículos;Colisão transversal;Com Vítimas Feridas;Anoitecer;Crescente;Nublado;Simples;Reta;Não;1;0;0;1;0;0;1;1;-18,50765094;-41,87950721;SPRF-MG;DEL11-MG;UOP01-DEL11-MG
633444;26/04/2024;sexta-feira;23:00:00;PR;369;167;CAMBE;Reação tardia ou ineficiente do condutor;Tombamento;Com Vítimas Feridas;Plena Noite;Crescente;Céu Claro;Dupla;Curva;Não;1;0;1;0;0;0;1;1;-23,29534639;-51,30960703;SPRF-PR;DEL07-PR;UOP01-DEL07-PR
633445;08/10/2024;terça-feira;07:15:00;MG;365;612,1;UBERLANDIA;Acessar a via sem observar a presença dos outros veículos;Colisão transversal;Com Vítimas Feridas;Pleno dia;Decrescente;Sol;Simples;Reta;Sim;2;0;0;1;0;1;1;2;-18,92270537;-48,20244527;SPRF-MG;DEL15-MG;UOP01-DEL15-MG
633446;08/10/2024;terça-feira;11:15:00;RS;285;251,6;GENTIL;Acumulo de água sobre o pavimento;Saída de leito carroçável;Com Vítimas Feridas;Pleno dia;Decrescente;Chuva;Simples;Reta;Não;2;0;2;0;0;0;2;1;-28,289598;-51,989449;SPRF-RS;DEL08-RS;UOP03-DEL08-RS
633447;08/10/2024;terça-feira;12:21:00;PE;232;135,4;CARUARU;Acessar a via sem observar a presença dos outros veículos;Colisão transversal;Com Vítimas Fatais;Pleno dia;Decrescente;Céu Claro;Dupla;Reta;Não;2;1;0;0;1;0;0;2;-8,31096592;-36,03308802;SPRF-PE;DEL02-PE;UOP01-DEL02-PE
633449;08/10/2024;terça-feira;11:45:00;PR;373;175,5;PONTA GROSSA;Ausência de reação do condutor;Saída de leito carroçável;Com Vítimas Feridas;Pleno dia;Crescente;Céu Claro;Dupla;Reta;Não;2;0;1;0;1;0;1;1;-25,0627;-50,215032;SPRF-PR;DEL03-PR;UOP01-DEL03-PR
633450;08/10/2024;terça-feira;12:20:00;SP;116;406;MIRACATU;Velocidade Incompatível;Colisão traseira;Com Vítimas Feridas;Pleno dia;Decrescente;Céu Claro;Dupla;Reta;Não;3;0;1;0;2;0;1;2;-24,3250391;-47,55598398;SPRF-SP;DEL04-SP;UOP02-DEL04-SP
633451;08/10/2024;terça-feira;09:30:00;SC;101;53;JOINVILLE;Reação tardia ou ineficiente do condutor;Colisão traseira;Sem Vítimas;Pleno dia;Decrescente;Céu Claro;Dupla;Reta;Não;2;0;0;0;2;0;0;2;-26,40231201;-48,83969703;SPRF-SC;DEL03-SC;UOP01-DEL03-SC
633452;08/10/2024;terça-feira;12:36:00;MG;381;456,5;BELO HORIZONTE;Manobra de mudança de faixa;Queda de ocupante de veículo;Com Vítimas Feridas;Pleno dia;Decrescente;Sol;Dupla;Reta;Sim;2;0;1;0;0;1;1;1;-19,8445571;-43,88628781;SPRF-MG;DEL01-MG;UOP01-DEL01-MG
633454;06/10/2024;domingo;19:20:00;SP;116;114,9;TAUBATE;Condutor deixou de manter distância do veículo da frente;Colisão lateral mesmo sentido;Com Vítimas Feridas;Plena Noite;Crescente;Céu Claro;Dupla;Reta;Não;5;0;1;0;3;1;1;3;-23,04970568;-45,60043853;SPRF-SP;DEL02-SP;UOP02-DEL02-SP
633456;08/10/2024;terça-feira;07:25:00;MG;116;654,4;SAO FRANCISCO DO GLORIA;Ausência de reação do condutor;Colisão com objeto;Com Vítimas Feridas;Pleno dia;Decrescente;Céu Claro;Simples;"Reta;Aclive";Não;1;0;0;1;0;0;1;1;-20,74986018;-42,29241383;SPRF-MG;DEL07-MG;UOP02-DEL07-MG
633459;08/10/2024;terça-feira;12:52:00;ES;101;267;SERRA;Ausência de reação do condutor;Queda de ocupante de veículo;Com Vítimas Feridas;Pleno dia;Decrescente;Nublado;Múltipla;Reta;Sim;4;0;3;0;0;1;3;2;-20,19930999;-40,26884609;SPRF-ES;DEL02-ES;UOP01-DEL02-ES
633460;08/10/2024;terça-feira;11:50:00;BA;116;823;VITORIA DA CONQUISTA;Condutor deixou de manter distância do veículo da frente;Colisão traseira;Com Vítimas Feridas;Pleno dia;Crescente;Céu Claro;Dupla;Reta;Sim;3;0;1;0;1;1;1;3;-14,856805;-40,849427;SPRF-BA;DEL08-BA;UOP01-DEL08-BA
633463;08/09/2024;domingo;19:33:00;PR;369;138;IBIPORA;Conversão proibida;Colisão transversal;Com Vítimas Feridas;Anoitecer;Decrescente;Céu Claro;Simples;Reta;Sim;3;0;1;0;0;2;1;3;-23,2736466;-51,0543429;SPRF-PR;DEL07-PR;UOP01-DEL07-PR
633464;09/08/2024;sexta-feira;18:30:00;RJ;493;19;MAGE;Acesso irregular;Colisão transversal;Com Vítimas Feridas;Anoitecer;Decrescente;Céu Claro;Simples;"Reta;Rotatória";Sim;2;0;1;0;1;0;1;2;-22,6663848;-43,02770248;SPRF-RJ;DEL04-RJ;UOP02-DEL04-RJ
633465;08/10/2024;terça-feira;13:15:00;SC;280;129;RIO NEGRINHO;Reação tardia ou ineficiente do condutor;Queda de ocupante de veículo;Com Vítimas Feridas;Pleno dia;Crescente;Céu Claro;Simples;"Declive;Reta";Sim;2;0;2;0;0;0;2;1;-26,24586437;-49,52284615;SPRF-SC;DEL06-SC;UOP03-DEL06-SC
633467;08/10/2024;terça-feira;13:45:00;SP;381;25;BRAGANCA PAULISTA;Ausência de reação do condutor;Tombamento;Com Vítimas Feridas;Pleno dia;Decrescente;Céu Claro;Dupla;Reta;Não;1;0;1;0;0;0;1;1;-23,02018004;-46,52966596;SPRF-SP;DEL03-SP;UOP02-DEL03-SP
633468;08/10/2024;terça-feira;13:50:00;SP;381;54;MAIRIPORA;Ausência de reação do condutor;Queda de ocupante de veículo;Com Vítimas Feridas;Pleno dia;Crescente;Céu Claro;Dupla;"Reta;Aclive";Sim;1;0;1;0;0;0;1;1;-23,2449074;-46,59562343;SPRF-SP;DEL03-SP;UOP01-DEL03-SP
633470;08/10/2024;terça-feira;11:03:00;SC;158;114;CUNHA PORA;Ultrapassagem Indevida;Colisão frontal;Com Vítimas Feridas;Pleno dia;Decrescente;Nublado;Simples;Reta;Não;2;0;2;0;0;0;2;2;-26,93217124;-53,20043564;SPRF-SC;DEL07-SC;UOP02-DEL07-SC
633472;08/10/2024;terça-feira;12:50:00;RJ;40;23,4;TRES RIOS;Ausência de reação do condutor;Colisão com objeto;Com Vítimas Feridas;Pleno dia;Crescente;Céu Claro;Dupla;"Aclive;Reta";Não;1;0;1;0;0;0;1;1;-22,12925332;-43,1577369;SPRF-RJ;DEL05-RJ;UOP02-DEL05-RJ
633473;08/10/2024;terça-feira;14:30:00;AL;101;138,9;SAO MIGUEL DOS CAMPOS;Acesso irregular;Colisão transversal;Sem Vítimas;Pleno dia;Crescente;Céu Claro;Simples;Reta;Sim;3;0;0;0;3;0;0;2;-9,80975158;-36,11701903;SPRF-AL;DEL02-AL;UOP01-DEL02-AL
633474;08/10/2024;terça-feira;13:50:00;RS;116;153;CAXIAS DO SUL;Ausência de reação do condutor;Colisão traseira;Com Vítimas Feridas;Pleno dia;Crescente;Garoa/Chuvisco;Dupla;"Rotatória;Declive;Curva;Interseção de Vias";Sim;2;0;1;0;1;0;1;2;-29,18823631;-51,18232012;SPRF-RS;DEL05-RS;UOP01-DEL05-RS
633475;10/08/2024;sábado;17:30:00;PA;230;136;MARABA;Reação tardia ou ineficiente do condutor;Colisão traseira;Com Vítimas Feridas;Pleno dia;Crescente;Céu Claro;Simples;"Curva;Declive";Não;10;0;5;0;5;0;5;3;-5,34007902;-49,21659807;SPRF-PA;DEL03-PA;UOP01-DEL03-PA
633479;08/10/2024;terça-feira;14:41:00;RJ;101;384;RIO DE JANEIRO;Manobra de mudança de faixa;Colisão transversal;Com Vítimas Feridas;Pleno dia;Decrescente;Céu Claro;Dupla;"Reta;Retorno Regulamentado";Sim;4;0;3;0;1;0;3;2;-22,87911609;-43,62323999;SPRF-RJ;DEL03-RJ;UOP01-DEL03-RJ
633481;08/10/2024;terça-feira;15:30:00;SC;282;5;SAO JOSE;Condutor deixou de manter distância do veículo da frente;Colisão traseira;Com Vítimas Feridas;Pleno dia;Crescente;Nublado;Dupla;Reta;Sim;2;0;1;0;1;0;1;2;-27,588425;-48,612919;SPRF-SC;DEL01-SC;UOP01-DEL01-SC
633482;16/09/2024;segunda-feira;20:00:00;SC;101;220;PALHOCA;Demais falhas mecânicas ou elétricas;Colisão frontal;Com Vítimas Feridas;Plena Noite;Crescente;Céu Claro;Simples;Curva;Sim;2;0;0;1;1;0;1;2;-27,69198941;-48,66368358;SPRF-SC;DEL01-SC;UOP02-DEL01-SC
633483;08/10/2024;terça-feira;12:45:00;RJ;40;117;DUQUE DE CAXIAS;Reação tardia ou ineficiente do condutor;Tombamento;Com Vítimas Feridas;Pleno dia;Decrescente;Céu Claro;Dupla;Reta;Não;2;0;1;1;0;0;2;1;-22,745676;-43,2881;SPRF-RJ;DEL01-RJ;UOP02-DEL01-RJ
633484;08/10/2024;terça-feira;14:42:00;ES;262;159;IBATIBA;Acessar a via sem observar a presença dos outros veículos;Colisão transversal;Com Vítimas Feridas;Pleno dia;Decrescente;Céu Claro;Simples;Reta;Sim;2;0;0;1;1;0;1;2;-20,23362208;-41,5053348;SPRF-ES;DEL01-ES;UOP02-DEL01-ES
633485;08/10/2024;terça-feira;16:00:00;PR;277;578,4;CASCAVEL;Acessar a via sem observar a presença dos outros veículos;Colisão transversal;Com Vítimas Feridas;Pleno dia;Crescente;Nevoeiro/Neblina;Dupla;"Reta;Retorno Regulamentado";Não;2;0;0;1;1;0;1;2;-24,98298977;-53,359282;SPRF-PR;DEL04-PR;UOP01-DEL04-PR
633486;08/10/2024;terça-feira;16:15:00;ES;101;264;SERRA;Ausência de reação do condutor;Tombamento;Com Vítimas Feridas;Pleno dia;Crescente;Sol;Múltipla;Reta;Sim;1;0;1;0;0;0;1;1;-20,17292791;-40,26736384;SPRF-ES;DEL02-ES;UOP01-DEL02-ES
633489;08/10/2024;terça-feira;16:10:00;RJ;101;468;ANGRA DOS REIS;Reação tardia ou ineficiente do condutor;Colisão lateral mesmo sentido;Com Vítimas Feridas;Pleno dia;Crescente;Céu Claro;Simples;Reta;Não;2;0;1;0;1;0;1;2;-23,00721537;-44,22359287;SPRF-RJ;DEL03-RJ;UOP03-DEL03-RJ
633490;08/10/2024;terça-feira;15:00:00;SC;101;128,9;BALNEARIO CAMBORIU;Reação tardia ou ineficiente do condutor;Colisão lateral sentido oposto;Com Vítimas Feridas;Pleno dia;Crescente;Nublado;Dupla;Curva;Sim;3;0;1;0;2;0;1;3;-26,97284292;-48,68299451;SPRF-SC;DEL04-SC;UOP03-DEL04-SC
633492;08/10/2024;terça-feira;15:45:00;PR;376;3,2;MANDAGUARI;Acessar a via sem observar a presença dos outros veículos;Colisão transversal;Com Vítimas Feridas;Pleno dia;Crescente;Céu Claro;Simples;Reta;Sim;3;0;1;1;1;0;2;3;-23,516363;-51,690005;SPRF-PR;DEL09-PR;UOP01-DEL09-PR
633494;08/10/2024;terça-feira;16:10:00;SC;470;299,1;CAMPOS NOVOS;Velocidade Incompatível;Tombamento;Sem Vítimas;Pleno dia;Crescente;Chuva;Simples;Curva;Não;1;0;0;0;1;0;0;1;-27,366648;-51,040581;SPRF-SC;DEL07-SC;UOP06-DEL07-SC
633495;08/10/2024;terça-feira;16:30:00;GO;60;168,3;GOIANIA;Avarias e/ou desgaste excessivo no pneu;Queda de ocupante de veículo;Com Vítimas Feridas;Pleno dia;Decrescente;Céu Claro;Dupla;"Aclive;Reta";Sim;1;0;0;1;0;0;1;1;-16,7223;-49,3746;SPRF-GO;DEL01-GO;UOP02-DEL01-GO
633496;08/10/2024;terça-feira;13:30:00;SP;153;62,5;SAO JOSE DO RIO PRETO;Reação tardia ou ineficiente do condutor;Colisão traseira;Com Vítimas Feridas;Pleno dia;Crescente;Céu Claro;Dupla;Declive;Sim;2;0;1;0;1;0;1;2;-20,81325404;-49,35675563;SPRF-SP;DEL09-SP;UOP01-DEL09-SP
633497;08/10/2024;terça-feira;17:00:00;GO;60;168,3;GOIANIA;Reação tardia ou ineficiente do condutor;Queda de ocupante de veículo;Com Vítimas Feridas;Pleno dia;Decrescente;Céu Claro;Dupla;"Aclive;Reta";Sim;1;0;0;1;0;0;1;1;-16,7223;-49,3746;SPRF-GO;DEL01-GO;UOP02-DEL01-GO
633499;08/10/2024;terça-feira;16:15:00;SP;101;52;UBATUBA;Acessar a via sem observar a presença dos outros veículos;Colisão transversal;Com Vítimas Feridas;Pleno dia;Crescente;Nublado;Simples;Rotatória;Sim;2;0;2;0;0;0;2;2;-23,4632857;-45,0644052;SPRF-SP;DEL06-SP;UOP01-DEL06-SP
633500;08/10/2024;terça-feira;16:25:00;SC;282;17,3;PALHOCA;Desrespeitar a preferência no cruzamento;Colisão transversal;Com Vítimas Feridas;Pleno dia;Crescente;Chuva;Simples;"Interseção de Vias;Reta;Retorno Regulamentado";Sim;2;0;1;0;1;0;1;2;-27,665707;-48,688065;SPRF-SC;DEL01-SC;UOP02-DEL01-SC
633501;08/10/2024;terça-feira;15:30:00;SC;116;222;CORREIA PINTO;Animais na Pista;Atropelamento de Animal;Com Vítimas Feridas;Pleno dia;Decrescente;Céu Claro;Simples;Reta;Sim;1;0;1;0;0;0;1;1;-27,593548;-50,35979;SPRF-SC;DEL05-SC;UOP03-DEL05-SC
633502;08/10/2024;terça-feira;16:30:00;MG;365;81,5;JEQUITAI;Chuva;Saída de leito carroçável;Com Vítimas Feridas;Pleno dia;Decrescente;Chuva;Simples;Curva;Não;1;0;1;0;0;0;1;1;-17,1623307;-44,38164499;SPRF-MG;DEL12-MG;UOP01-DEL12-MG
633504;08/10/2024;terça-feira;16:15:00;SC;282;54;RANCHO QUEIMADO;Acumulo de óleo sobre o pavimento;Saída de leito carroçável;Com Vítimas Feridas;Pleno dia;Crescente;Chuva;Simples;"Aclive;Curva";Não;3;0;1;0;2;0;1;1;-27,685799;-48,974514;SPRF-SC;DEL01-SC;UOP03-DEL01-SC
633505;08/10/2024;terça-feira;15:00:00;PR;277;285,7;PRUDENTOPOLIS;Sinalização mal posicionada;Colisão transversal;Com Vítimas Feridas;Pleno dia;Decrescente;Chuva;Simples;"Em Obras;Interseção de Vias";Não;3;0;1;0;2;0;1;2;-25,321511;-50,967701;SPRF-PR;DEL08-PR;UOP02-DEL08-PR
633506;08/10/2024;terça-feira;15:00:00;SC;101;418;ARARANGUA;Condutor deixou de manter distância do veículo da frente;Colisão traseira;Com Vítimas Feridas;Pleno dia;Crescente;Chuva;Dupla;Reta;Não;4;0;1;0;3;0;1;4;-28,98044384;-49,53709515;SPRF-SC;DEL02-SC;UOP02-DEL02-SC
633509;08/10/2024;terça-feira;17:30:00;CE;116;2;FORTALEZA;Reação tardia ou ineficiente do condutor;Queda de ocupante de veículo;Com Vítimas Feridas;Anoitecer;Crescente;Céu Claro;Múltipla;Reta;Sim;1;0;1;0;0;0;1;1;-3,77019802;-38,51724508;SPRF-CE;DEL01-CE;UOP02-DEL01-CE
633510;08/10/2024;terça-feira;16:30:00;MG;50;75;UBERLANDIA;Pista esburacada;Queda de ocupante de veículo;Com Vítimas Feridas;Pleno dia;Crescente;Céu Claro;Dupla;Reta;Sim;2;0;1;0;0;1;1;1;-18,92410136;-48,2214269;SPRF-MG;DEL15-MG;UOP01-DEL15-MG
633511;08/10/2024;terça-feira;17:15:00;RN;101;97;NATAL;Condutor deixou de manter distância do veículo da frente;Colisão traseira;Com Vítimas Feridas;Pleno dia;Decrescente;Céu Claro;Múltipla;"Viaduto;Aclive";Sim;2;0;1;0;1;0;1;2;-5,85758898;-35,21271205;SPRF-RN;DEL01-RN;UOP01-DEL01-RN
633514;08/10/2024;terça-feira;17:00:00;PE;101;63;RECIFE;Manobra de mudança de faixa;Colisão lateral mesmo sentido;Com Vítimas Feridas;Anoitecer;Decrescente;Céu Claro;Simples;Reta;Sim;3;0;1;0;2;0;1;2;-8,00800604;-34,93756535;SPRF-PE;DEL01-PE;UOP01-DEL01-PE
633518;08/10/2024;terça-feira;16:38:00;MT;70;634;POCONE;Reação tardia ou ineficiente do condutor;Colisão traseira;Sem Vítimas;Pleno dia;Crescente;Céu Claro;Simples;Reta;Não;6;0;0;0;6;0;0;2;-15,93246704;-56,985891;SPRF-MT;DEL03-MT;UOP02-DEL03-MT
633520;08/10/2024;terça-feira;18:15:00;MG;381;505;BETIM;Objeto estático sobre o leito carroçável;Colisão com objeto;Com Vítimas Feridas;Plena Noite;Crescente;Céu Claro;Dupla;"Reta;Declive";Não;2;0;2;0;0;0;2;1;-20,03827323;-44,25400257;SPRF-MG;DEL01-MG;UOP03-DEL01-MG
633521;08/10/2024;terça-feira;17:20:00;PR;376;182,1;SARANDI;Manobra de mudança de faixa;Colisão lateral mesmo sentido;Com Vítimas Feridas;Pleno dia;Crescente;Nublado;Dupla;Reta;Sim;3;0;2;0;1;0;2;2;-23,43684112;-51,87880764;SPRF-PR;DEL09-PR;UOP01-DEL09-PR
633523;08/10/2024;terça-feira;18:00:00;RS;386;435;NOVA SANTA RITA;Ingestão de álcool pelo condutor;Saída de leito carroçável;Sem Vítimas;Pleno dia;Decrescente;Nublado;Dupla;Rotatória;Sim;1;0;0;0;1;0;0;1;-29,84776677;-51,27079379;SPRF-RS;DEL04-RS;UOP02-DEL04-RS
633524;04/10/2024;sexta-feira;04:00:00;MS;262;514,6;ANASTACIO;Ingestão de álcool pelo condutor;Saída de leito carroçável;Com Vítimas Feridas;Plena Noite;Crescente;Céu Claro;Simples;Reta;Não;1;0;1;0;0;0;1;1;-20,43864388;-56,02555292;SPRF-MS;DEL03-MS;UOP01-DEL03-MS
633525;08/10/2024;terça-feira;13:40:00;RS;158;144,8;PANAMBI;Condutor Dormindo;Saída de leito carroçável;Com Vítimas Feridas;Pleno dia;Decrescente;Chuva;Simples;Curva;Não;1;0;1;0;0;0;1;1;-28,23778369;-53,48007202;SPRF-RS;DEL10-RS;UOP02-DEL10-RS
633526;08/10/2024;terça-feira;18:00:00;CE;222;3,5;CAUCAIA;Manobra de mudança de faixa;Colisão lateral mesmo sentido;Com Vítimas Feridas;Anoitecer;Decrescente;Céu Claro;Dupla;"Reta;Ponte";Sim;3;0;0;2;1;0;2;3;-3,7403769;-38,59569202;SPRF-CE;DEL01-CE;UOP01-DEL01-CE
633528;08/10/2024;terça-feira;17:50:00;SC;280;137,8;RIO NEGRINHO;Ultrapassagem Indevida;Saída de leito carroçável;Com Vítimas Feridas;Anoitecer;Crescente;Nublado;Simples;"Curva;Declive";Não;2;0;1;0;1;0;1;1;-26,2539213;-49,60492373;SPRF-SC;DEL06-SC;UOP03-DEL06-SC
633529;08/10/2024;terça-feira;18:45:00;TO;10;458,6;PALMAS;Avarias e/ou desgaste excessivo no pneu;Queda de ocupante de veículo;Com Vítimas Feridas;Plena Noite;Decrescente;Céu Claro;Múltipla;Reta;Sim;2;0;1;0;1;0;1;1;-10,276017;-48,302972;SPRF-TO;DEL01-TO;UOP03-DEL01-TO
633531;08/10/2024;terça-feira;17:40:00;AL;104;51,5;BRANQUINHA;Ultrapassagem Indevida;Colisão frontal;Com Vítimas Feridas;Anoitecer;Decrescente;Céu Claro;Simples;Reta;Não;5;0;0;1;1;3;1;5;-9,25772082;-35,98061705;SPRF-AL;DEL01-AL;UOP02-DEL01-AL
633532;08/10/2024;terça-feira;17:20:00;MS;163;111,5;ITAQUIRAI;Ausência de reação do condutor;Colisão com objeto;Sem Vítimas;Anoitecer;Decrescente;Céu Claro;Simples;Reta;Não;2;0;0;0;2;0;0;1;-23,192145;-54,200565;SPRF-MS;DEL09-MS;UOP01-DEL09-MS
633533;08/10/2024;terça-feira;19:30:00;PR;476;170;CONTENDA;Pedestre andava na pista;Atropelamento de Pedestre;Com Vítimas Fatais;Plena Noite;Decrescente;Chuva;Simples;Curva;Sim;2;1;0;0;1;0;0;2;-25,668074;-49,503948;SPRF-PR;DEL01-PR;UOP06-DEL01-PR
633534;08/10/2024;terça-feira;15:50:00;RJ;101;67;CAMPOS DOS GOYTACAZES;Acessar a via sem observar a presença dos outros veículos;Queda de ocupante de veículo;Com Vítimas Feridas;Pleno dia;Crescente;Sol;Simples;"Interseção de Vias;Retorno Regulamentado";Não;1;0;1;0;0;0;1;1;-21,76751094;-41,34876249;SPRF-RJ;DEL08-RJ;UOP02-DEL08-RJ
633537;08/10/2024;terça-feira;18:45:00;PR;376;602;CURITIBA;Reação tardia ou ineficiente do condutor;Colisão lateral mesmo sentido;Com Vítimas Feridas;Anoitecer;Decrescente;Chuva;Dupla;Reta;Não;2;0;0;1;1;0;1;2;-25,52632955;-49,32958424;SPRF-PR;DEL01-PR;UOP06-DEL01-PR
633539;08/10/2024;terça-feira;19:00:00;SP;116;145,7;SAO JOSE DOS CAMPOS;Acessar a via sem observar a presença dos outros veículos;Atropelamento de Pedestre;Com Vítimas Feridas;Plena Noite;Decrescente;Céu Claro;Múltipla;Reta;Sim;2;0;0;2;0;0;2;2;-23,1869844;-45,8548078;SPRF-SP;DEL02-SP;UOP01-DEL02-SP
633540;08/10/2024;terça-feira;20:03:00;SC;101;213,5;PALHOCA;Acumulo de água sobre o pavimento;Tombamento;Com Vítimas Feridas;Plena Noite;Crescente;Chuva;Dupla;Reta;Sim;1;0;1;0;0;0;1;1;-27,63697369;-48,66514142;SPRF-SC;DEL01-SC;UOP02-DEL01-SC
633541;08/10/2024;terça-feira;19:20:00;RO;364;228;CACOAL;Reação tardia ou ineficiente do condutor;Atropelamento de Animal;Com Vítimas Feridas;Plena Noite;Crescente;Céu Claro;Simples;"Declive;Reta";Não;1;0;0;1;0;0;1;1;-11,49012091;-61,38047391;SPRF-RO;DEL02-RO;UOP02-DEL02-RO
633542;08/10/2024;terça-feira;20:00:00;PB;230;16,7;JOAO PESSOA;Manobra de mudança de faixa;Colisão lateral mesmo sentido;Com Vítimas Feridas;Plena Noite;Decrescente;Céu Claro;Dupla;Interseção de Vias;Sim;3;0;1;1;1;0;2;2;-7,11334896;-34,84210968;SPRF-PB;DEL01-PB;UOP01-DEL01-PB
633543;08/10/2024;terça-feira;20:17:00;SP;116;188,3;SANTA ISABEL;Iluminação deficiente;Atropelamento de Pedestre;Com Vítimas Fatais;Plena Noite;Decrescente;Nublado;Dupla;"Reta;Declive";Sim;6;1;2;0;2;1;2;2;-23,35982837;-46,21720791;SPRF-SP;DEL01-SP;UOP01-DEL01-SP
633544;08/10/2024;terça-feira;19:39:00;PR;116;108;CURITIBA;Demais falhas mecânicas ou elétricas;Incêndio;Sem Vítimas;Plena Noite;Crescente;Nublado;Dupla;Reta;Não;1;0;0;0;1;0;0;1;-25,57147018;-49,19760597;SPRF-PR;DEL01-PR;UOP03-DEL01-PR
633545;08/10/2024;terça-feira;20:20:00;GO;70;23;COCALZINHO DE GOIAS;Velocidade Incompatível;Queda de ocupante de veículo;Com Vítimas Feridas;Plena Noite;Crescente;Céu Claro;Múltipla;Reta;Sim;1;0;1;0;0;0;1;1;-15,7366224;-48,40222058;SPRF-DF;DEL03-DF;UOP02-DEL03-DF
633546;08/10/2024;terça-feira;20:50:00;CE;116;22;AQUIRAZ;Deficiência do Sistema de Iluminação/Sinalização;Colisão com objeto;Com Vítimas Feridas;Plena Noite;Decrescente;Céu Claro;Dupla;Declive;Sim;1;0;1;0;0;0;1;1;-3,94070798;-38,50918633;SPRF-CE;DEL01-CE;UOP02-DEL01-CE
633547;08/10/2024;terça-feira;17:30:00;PE;232;377;FLORES;Condutor deixou de manter distância do veículo da frente;Colisão traseira;Sem Vítimas;Anoitecer;Crescente;Sol;Simples;Reta;Sim;3;0;0;0;3;0;0;2;-8,03386107;-38,02501395;SPRF-PE;DEL04-PE;UOP01-DEL04-PE
633549;08/10/2024;terça-feira;19:00:00;TO;153;490;PARAISO DO TOCANTINS;Ingestão de álcool pelo condutor;Saída de leito carroçável;Sem Vítimas;Plena Noite;Crescente;Céu Claro;Simples;"Aclive;Reta";Não;2;0;0;0;1;1;0;2;-10,12486384;-48,88412526;SPRF-TO;DEL01-TO;UOP01-DEL01-TO
633550;08/10/2024;terça-feira;19:30:00;RJ;101;323;NITEROI;Ausência de reação do condutor;Queda de ocupante de veículo;Com Vítimas Feridas;Plena Noite;Decrescente;Céu Claro;Múltipla;Reta;Não;1;0;1;0;0;0;1;1;-22,87684786;-43,11728689;SPRF-RJ;DEL02-RJ;UOP01-DEL02-RJ
633554;08/10/2024;terça-feira;20:30:00;MG;262;33;MANHUACU;Animais na Pista;Atropelamento de Animal;Sem Vítimas;Plena Noite;Crescente;Céu Claro;Simples;Reta;Não;1;0;0;0;1;0;0;1;-20,25550548;-42,00465315;SPRF-MG;DEL06-MG;UOP03-DEL06-MG