id;data_inversa;dia_semana;horario;uf;br;km;municipio;causa_acidente;tipo_acidente;classificacao_acidente;fase_dia;sentido_via;condicao_metereologica;tipo_pista;tracado_via;uso_solo;pessoas;mortos;feridos_leves;feridos_graves;ilesos;ignorados;feridos;veiculos;latitude;longitude;regional;delegacia;uop
633556;08/10/2024;terça-feira;18:15:00;MG;116;455,3;ENGENHEIRO CALDAS;Retorno proibido;Colisão transversal;Com Vítimas Feridas;Plena Noite;Crescente;Céu Claro;Simples;Reta;Sim;2;0;1;0;1;0;1;2;-19,192935;-42,043011;SPRF-MG;DEL06-MG;UOP02-DEL06-MG
633557;08/10/2024;terça-feira;22:10:00;RN;101;101;PARNAMIRIM;Ausência de reação do condutor;Colisão traseira;Com Vítimas Feridas;Plena Noite;Crescente;Céu Claro;Múltipla;Reta;Sim;2;0;1;0;1;0;1;2;-5,88681084;-35,23143404;SPRF-RN;DEL01-RN;UOP01-DEL01-RN
633558;08/10/2024;terça-feira;22:00:00;RS;116;253;SAPUCAIA DO SUL;Avarias e/ou desgaste excessivo no pneu;Saída de leito carroçável;Com Vítimas Feridas;Plena Noite;Crescente;Garoa/Chuvisco;Dupla;Reta;Sim;1;0;1;0;0;0;1;1;-29,82620416;-51,17259788;SPRF-RS;DEL01-RS;UOP02-DEL01-RS
633559;08/10/2024;terça-feira;20:15:00;PE;232;62;POMBOS;Ausência de reação do condutor;Saída de leito carroçável;Com Vítimas Feridas;Plena Noite;Decrescente;Céu Claro;Dupla;"Reta;Declive";Não;1;0;0;1;0;0;1;1;-8,15598579;-35,42308007;SPRF-PE;DEL02-PE;UOP02-DEL02PE
633561;08/10/2024;terça-feira;20:15:00;MG;116;461,7;TARUMIRIM;Reação tardia ou ineficiente do condutor;Tombamento;Com Vítimas Feridas;Plena Noite;Crescente;Céu Claro;Simples;Reta;Não;1;0;0;1;0;0;1;1;-19,250713;-42,059088;SPRF-MG;DEL06-MG;UOP02-DEL06-MG
633563;08/10/2024;terça-feira;23:00:00;CE;116;168;RUSSAS;Animais na Pista;Atropelamento de Animal;Com Vítimas Feridas;Plena Noite;Decrescente;Céu Claro;Simples;Reta;Sim;5;0;1;0;4;0;1;1;-4,97562655;-38,01382028;SPRF-CE;DEL03-CE;UOP01-DEL03-CE
633565;08/10/2024;terça-feira;23:20:00;SC;101;186;BIGUACU;Pista Escorregadia;Tombamento;Com Vítimas Feridas;Plena Noite;Crescente;Chuva;Dupla;Retorno Regulamentado;Não;1;0;1;0;0;0;1;1;-27,4341098;-48,62567129;SPRF-SC;DEL01-SC;UOP01-DEL01-SC
633568;08/10/2024;terça-feira;22:00:00;RJ;116;135;MAGE;Ausência de reação do condutor;Tombamento;Com Vítimas Feridas;Plena Noite;Decrescente;Céu Claro;Dupla;Reta;Sim;2;0;2;0;0;0;2;1;-22,65225773;-43,16309893;SPRF-RJ;DEL04-RJ;UOP02-DEL04-RJ
633570;08/10/2024;terça-feira;22:00:00;MG;262;444,5;NOVA SERRANA;Entrada inopinada do pedestre;Atropelamento de Pedestre;Com Vítimas Fatais;Plena Noite;Crescente;Céu Claro;Dupla;Reta;Não;2;1;0;0;1;0;0;2;-19,881131;-44,931502;SPRF-MG;DEL08-MG;UOP03-DEL08-MG
633572;09/10/2024;quarta-feira;00:20:00;SC;282;5,4;SAO JOSE;Pista Escorregadia;Tombamento;Com Vítimas Feridas;Plena Noite;Crescente;Garoa/Chuvisco;Dupla;Curva;Sim;1;0;1;0;0;0;1;1;-27,588425;-48,612919;SPRF-SC;DEL01-SC;UOP01-DEL01-SC
633573;08/10/2024;terça-feira;22:20:00;MG;116;529,5;CARATINGA;Ultrapassagem Indevida;Colisão traseira;Com Vítimas Feridas;Plena Noite;Decrescente;Céu Claro;Simples;Reta;Não;2;0;0;1;0;1;1;2;-19,80209596;-42,13678193;SPRF-MG;DEL06-MG;UOP02-DEL06-MG
633577;09/10/2024;quarta-feira;01:50:00;RS;386;345,4;LAJEADO;Ausência de reação do condutor;Saída de leito carroçável;Com Vítimas Feridas;Plena Noite;Crescente;Nublado;Simples;Em Obras;Não;1;0;1;0;0;0;1;1;-29,44508028;-51,97934389;SPRF-RS;DEL04-RS;UOP01-DEL04-RS
633578;08/10/2024;terça-feira;19:15:00;MT;364;269,8;JACIARA;Condutor deixou de manter distância do veículo da frente;Colisão traseira;Com Vítimas Feridas;Plena Noite;Decrescente;Céu Claro;Simples;"Curva;Interseção de Vias;Aclive";Sim;3;0;2;0;1;0;2;2;-15,96908597;-54,94357109;SPRF-MT;DEL02-MT;UOP01-DEL02-MT
633579;09/10/2024;quarta-feira;02:00:00;PB;230;330;PATOS;Velocidade Incompatível;Colisão traseira;Com Vítimas Feridas;Plena Noite;Crescente;Céu Claro;Simples;Reta;Não;5;0;1;0;4;0;1;2;-7,0173;-37,2249;SPRF-PB;DEL03-PB;UOP01-DEL03-PB
633581;09/10/2024;quarta-feira;02:30:00;PA;316;19;BENEVIDES;Manobra de mudança de faixa;Colisão traseira;Com Vítimas Feridas;Plena Noite;Crescente;Céu Claro;Dupla;Reta;Sim;2;0;2;0;0;0;2;2;-1,3642339;-48,266582;SPRF-PA;DEL01-PA;UOP01-DEL01-PA
633582;09/10/2024;quarta-feira;04:36:00;RJ;116;137;MAGE;Ausência de reação do condutor;Colisão com objeto;Com Vítimas Feridas;Plena Noite;Crescente;Céu Claro;Múltipla;Reta;Sim;1;0;1;0;0;0;1;1;-22,64791994;-43,18200799;SPRF-RJ;DEL04-RJ;UOP02-DEL04-RJ
633583;09/10/2024;quarta-feira;04:50:00;SC;470;54,5;BLUMENAU;Transitar na contramão;Colisão transversal;Com Vítimas Feridas;Plena Noite;Crescente;Chuva;Simples;"Reta;Interseção de Vias";Sim;2;0;2;0;0;0;2;2;-26,87343222;-49,11453193;SPRF-SC;DEL04-SC;UOP01-DEL04-SC
633585;09/10/2024;quarta-feira;04:00:00;PR;116;104;SAO JOSE DOS PINHAIS;Ausência de reação do condutor;Colisão traseira;Com Vítimas Feridas;Plena Noite;Crescente;Céu Claro;Dupla;Reta;Sim;2;0;1;0;1;0;1;2;-25,57124164;-49,20863056;SPRF-PR;DEL01-PR;UOP07-DEL01-PR
633587;08/10/2024;terça-feira;22:00:00;GO;414;410;ABADIANIA;Acessar a via sem observar a presença dos outros veículos;Colisão transversal;Com Vítimas Feridas;Plena Noite;Crescente;Céu Claro;Simples;"Interseção de Vias;Reta";Sim;2;0;1;0;1;0;1;2;-16,05858626;-48,85401759;SPRF-GO;DEL02-GO;UOP01-DEL02-GO
633588;05/10/2024;sábado;20:30:00;RJ;493;1;ITABORAI;Acessar a via sem observar a presença dos outros veículos;Colisão frontal;Com Vítimas Feridas;Plena Noite;Crescente;Céu Claro;Simples;Curva;Não;3;0;2;1;0;0;3;2;-22,76398788;-42,92731895;SPRF-RJ;DEL02-RJ;UOP02-DEL02-RJ
633589;09/10/2024;quarta-feira;06:10:00;GO;60;72,6;ABADIANIA;Condutor Dormindo;Capotamento;Com Vítimas Feridas;Pleno dia;Decrescente;Céu Claro;Dupla;Aclive;Não;5;0;1;0;4;0;1;1;-16,2636;-48,764;SPRF-GO;DEL02-GO;UOP01-DEL02-GO
633590;09/10/2024;quarta-feira;01:00:00;BA;330;826;JITAUNA;Ausência de reação do condutor;Saída de leito carroçável;Com Vítimas Feridas;Plena Noite;Crescente;Céu Claro;Simples;Reta;Não;2;0;2;0;0;0;2;1;-14,05617432;-39,80408506;SPRF-BA;DEL03-BA;UOP01-DEL03-BA
633591;09/10/2024;quarta-feira;06:50:00;RJ;101;473,4;ANGRA DOS REIS;Reação tardia ou ineficiente do condutor;Colisão traseira;Com Vítimas Feridas;Pleno dia;Decrescente;Nublado;Simples;Reta;Não;2;0;1;0;1;0;1;2;-22,98960623;-44,24168693;SPRF-RJ;DEL03-RJ;UOP03-DEL03-RJ
633592;09/10/2024;quarta-feira;06:35:00;PE;101;69;RECIFE;Trafegar com motocicleta (ou similar) entre as faixas;Queda de ocupante de veículo;Com Vítimas Feridas;Pleno dia;Crescente;Céu Claro;Dupla;Reta;Não;2;0;1;1;0;0;2;1;-8,05951606;-34,94581024;SPRF-PE;DEL01-PE;UOP01-DEL01-PE
633593;09/10/2024;quarta-feira;06:20:00;MG;116;673,8;MIRADOURO;Desrespeitar a preferência no cruzamento;Colisão transversal;Com Vítimas Feridas;Pleno dia;Crescente;Céu Claro;Simples;"Interseção de Vias;Reta";Não;2;0;1;1;0;0;2;2;-20,89915823;-42,34653446;SPRF-MG;DEL07-MG;UOP02-DEL07-MG
633594;09/10/2024;quarta-feira;06:50:00;PB;230;132,9;MASSARANDUBA;Avarias e/ou desgaste excessivo no pneu;Saída de leito carroçável;Sem Vítimas;Pleno dia;Crescente;Céu Claro;Dupla;Curva;Não;1;0;0;0;1;0;0;1;-7,27241199;-35,75162172;SPRF-PB;DEL02-PB;UOP01-DEL02-PB
633595;08/10/2024;terça-feira;22:00:00;MG;365;489,5;PATROCINIO;Reação tardia ou ineficiente do condutor;Saída de leito carroçável;Com Vítimas Feridas;Plena Noite;Crescente;Garoa/Chuvisco;Simples;"Reta;Declive";Não;1;0;1;0;0;0;1;1;-18,90309317;-47,14086893;SPRF-MG;DEL10-MG;UOP01-DEL10-MG
633597;09/10/2024;quarta-feira;03:15:00;RO;364;425,9;JARU;Ausência de reação do condutor;Saída de leito carroçável;Com Vítimas Feridas;Plena Noite;Decrescente;Céu Claro;Simples;"Rotatória;Declive";Sim;1;0;0;1;0;0;1;1;-10,43345043;-62,478109;SPRF-RO;DEL03-RO;UOP02-DEL03-RO
633598;09/10/2024;quarta-feira;07:10:00;GO;40;5;VALPARAISO DE GOIAS;Ausência de reação do condutor;Queda de ocupante de veículo;Com Vítimas Feridas;Pleno dia;Decrescente;Céu Claro;Dupla;Reta;Não;2;0;1;0;1;0;1;1;-16,093134;-47,982236;SPRF-DF;DEL01-DF;UOP01-DEL01-DF
633600;09/10/2024;quarta-feira;06:55:00;DF;20;28,9;BRASILIA;Chuva;Saída de leito carroçável;Com Vítimas Feridas;Amanhecer;Decrescente;Chuva;Dupla;Reta;Não;1;0;1;0;0;0;1;1;-15,598319;-47,621925;SPRF-DF;DEL02-DF;UOP01-DEL02-DF
633602;08/10/2024;terça-feira;14:40:00;PE;232;54;POMBOS;Velocidade Incompatível;Saída de leito carroçável;Com Vítimas Feridas;Pleno dia;Crescente;Céu Claro;Dupla;Reta;Não;1;0;1;0;0;0;1;1;-8,12919504;-35,35716398;SPRF-PE;DEL02-PE;UOP02-DEL02PE
633603;23/08/2024;sexta-feira;11:10:00;RS;386;397;TRIUNFO;Velocidade Incompatível;Saída de leito carroçável;Com Vítimas Feridas;Pleno dia;Decrescente;Chuva;Simples;"Declive;Curva";Não;5;0;4;1;0;0;5;1;-29,738066;-51,624626;SPRF-RS;DEL04-RS;UOP02-DEL04-RS
633604;09/10/2024;quarta-feira;07:30:00;AL;316;156;PALMEIRA DOS INDIOS;Ausência de reação do condutor;Colisão transversal;Com Vítimas Feridas;Pleno dia;Crescente;Céu Claro;Simples;Reta;Sim;2;0;1;0;1;0;1;2;-9,42150066;-36,62537421;SPRF-AL;DEL03-AL;UOP01-DEL03-AL
633605;09/10/2024;quarta-feira;07:50:00;RS;116;251;SAPUCAIA DO SUL;Manobra de mudança de faixa;Colisão lateral mesmo sentido;Com Vítimas Feridas;Pleno dia;Crescente;Céu Claro;Dupla;Reta;Sim;2;0;1;0;1;0;1;2;-29,80035406;-51,16550365;SPRF-RS;DEL01-RS;UOP02-DEL01-RS
633606;09/10/2024;quarta-feira;08:00:00;GO;40;5;VALPARAISO DE GOIAS;Reação tardia ou ineficiente do condutor;Saída de leito carroçável;Com Vítimas Feridas;Pleno dia;Decrescente;Céu Claro;Dupla;Reta;Sim;1;0;1;0;0;0;1;1;-16,093134;-47,982236;SPRF-DF;DEL01-DF;UOP01-DEL01-DF
633607;09/10/2024;quarta-feira;08:25:00;CE;116;3;FORTALEZA;Manobra de mudança de faixa;Colisão traseira;Com Vítimas Feridas;Pleno dia;Decrescente;Céu Claro;Múltipla;Reta;Sim;3;0;2;0;1;0;2;2;-3,77866493;-38,51490171;SPRF-CE;DEL01-CE;UOP02-DEL01-CE
633609;09/10/2024;quarta-feira;06:50:00;RO;364;385;OURO PRETO DO OESTE;Acessar a via sem observar a presença dos outros veículos;Colisão transversal;Com Vítimas Feridas;Amanhecer;Crescente;Céu Claro;Simples;Reta;Sim;2;0;1;0;1;0;1;2;-10,70819012;-62,25648014;SPRF-RO;DEL02-RO;UOP01-DEL02-RO
633610;09/10/2024;quarta-feira;08:10:00;RS;116;96;PORTO ALEGRE;Ausência de reação do condutor;Colisão traseira;Com Vítimas Feridas;Pleno dia;Crescente;Nublado;Dupla;Reta;Não;2;0;2;0;0;0;2;2;-29,99643478;-51,21237159;SPRF-RS;DEL05-RS;UOP01-DEL05-RS
633612;09/10/2024;quarta-feira;08:00:00;SC;101;210,4;SAO JOSE;Manobra de mudança de faixa;Colisão lateral mesmo sentido;Com Vítimas Feridas;Pleno dia;Decrescente;Chuva;Múltipla;Reta;Sim;2;0;1;0;1;0;1;2;-27,6167305;-48,6457265;SPRF-SC;DEL01-SC;UOP01-DEL01-SC
633613;09/10/2024;quarta-feira;08:05:00;PR;158;521;PATO BRANCO;Velocidade Incompatível;Saída de leito carroçável;Com Vítimas Feridas;Pleno dia;Decrescente;Chuva;Simples;Curva;Não;1;0;1;0;0;0;1;1;-26,12845097;-52,65053988;SPRF-PR;DEL02-PR;UOP01-DEL02-PR
633614;15/09/2024;domingo;21:55:00;ES;393;8;CACHOEIRO DE ITAPEMIRIM;Ingestão de álcool pelo condutor;Colisão frontal;Com Vítimas Feridas;Pleno dia;Crescente;Céu Claro;Simples;Reta;Não;5;0;1;2;2;0;3;2;-20,83131413;-41,22312386;SPRF-ES;DEL03-ES;UOP02-DEL03-ES
633615;09/10/2024;quarta-feira;08:10:00;PE;407;129,5;PETROLINA;Reação tardia ou ineficiente do condutor;Colisão traseira;Com Vítimas Feridas;Pleno dia;Decrescente;Céu Claro;Simples;"Reta;Ponte";Sim;2;0;0;1;1;0;1;2;-9,404605;-40,504203;SPRF-PE;DEL06-PE;UOP01-DEL06-PE
633616;09/10/2024;quarta-feira;07:00:00;MT;364;206;RONDONOPOLIS;Frear bruscamente;Engavetamento;Sem Vítimas;Pleno dia;Decrescente;Céu Claro;Dupla;Reta;Sim;3;0;0;0;3;0;0;3;-16,44763067;-54,66730356;SPRF-MT;DEL02-MT;UOP01-DEL02-MT
633618;09/10/2024;quarta-feira;08:00:00;RO;364;711;PORTO VELHO;Ausência de reação do condutor;Queda de ocupante de veículo;Com Vítimas Feridas;Pleno dia;Decrescente;Céu Claro;Dupla;Reta;Sim;2;0;2;0;0;0;2;2;-8,78153947;-63,86531369;SPRF-RO;DEL01-RO;UOP01-DEL01-RO
633619;09/10/2024;quarta-feira;05:00:00;SC;101;233;PALHOCA;Reação tardia ou ineficiente do condutor;Colisão com objeto;Sem Vítimas;Amanhecer;Decrescente;Chuva;Dupla;Curva;Não;2;0;0;0;2;0;0;1;-27,80376397;-48,63826211;SPRF-SC;DEL01-SC;UOP02-DEL01-SC
633620;09/10/2024;quarta-feira;07:38:00;MT;364;202;RONDONOPOLIS;Ausência de reação do condutor;Tombamento;Com Vítimas Feridas;Pleno dia;Decrescente;Céu Claro;Dupla;"Curva;Declive;Viaduto";Sim;1;0;1;0;0;0;1;1;-16,471855;-54,65541244;SPRF-MT;DEL02-MT;UOP01-DEL02-MT
633622;06/10/2024;domingo;14:40:00;SC;101;136,1;BALNEARIO CAMBORIU;Transitar na contramão;Colisão frontal;Com Vítimas Feridas;Pleno dia;Crescente;Céu Claro;Múltipla;Reta;Sim;2;0;0;1;1;0;1;2;-27,008113;-48,617245;SPRF-SC;DEL04-SC;UOP03-DEL04-SC
633623;09/10/2024;quarta-feira;08:40:00;MG;40;448;PARAOPEBA;Condutor deixou de manter distância do veículo da frente;Colisão traseira;Com Vítimas Feridas;Pleno dia;Crescente;Céu Claro;Dupla;Reta;Não;2;0;1;0;1;0;1;2;-19,301651;-44,377922;SPRF-MG;DEL02-MG;UOP01-DEL02-MG
633624;16/09/2024;segunda-feira;16:55:00;AL;104;45;BRANQUINHA;Condutor deixou de manter distância do veículo da frente;Colisão traseira;Com Vítimas Feridas;Pleno dia;Crescente;Céu Claro;Simples;Reta;Não;5;0;3;0;2;0;3;2;-9,232719;-36,023702;SPRF-AL;DEL01-AL;UOP02-DEL01-AL
633625;09/10/2024;quarta-feira;08:40:00;PR;163;274;QUATRO PONTES;Acumulo de água sobre o pavimento;Saída de leito carroçável;Com Vítimas Feridas;Pleno dia;Crescente;Chuva;Dupla;Curva;Não;1;0;1;0;0;0;1;1;-24,61251383;-53,94478198;SPRF-PR;DEL06-PR;UOP02-DEL06-PR
633627;09/10/2024;quarta-feira;09:12:00;PE;316;24;ARARIPINA;Acessar a via sem observar a presença dos outros veículos;Colisão transversal;Com Vítimas Feridas;Pleno dia;Crescente;Céu Claro;Simples;"Reta;Interseção de Vias";Sim;2;0;0;1;1;0;1;2;-7,588004;-40,49662;SPRF-PE;DEL05-PE;UOP02-DEL05-PE
633628;08/10/2024;terça-feira;16:03:00;BA;407;228;CAPIM GROSSO;Acessar a via sem observar a presença dos outros veículos;Colisão lateral mesmo sentido;Com Vítimas Feridas;Pleno dia;Crescente;Céu Claro;Simples;Reta;Não;2;0;0;1;1;0;1;2;-11,33904506;-40,01578847;SPRF-BA;DEL04-BA;UOP02-DEL04-BA
633629;09/10/2024;quarta-feira;09:00:00;SP;101;14;UBATUBA;Avarias e/ou desgaste excessivo no pneu;Tombamento;Com Vítimas Feridas;Pleno dia;Crescente;Nublado;Simples;Reta;Não;2;0;1;0;1;0;1;1;-23,34263919;-44,87462921;SPRF-SP;DEL06-SP;UOP01-DEL06-SP
633631;09/10/2024;quarta-feira;09:00:00;SE;235;33;AREIA BRANCA;Entrada inopinada do pedestre;Atropelamento de Pedestre;Com Vítimas Feridas;Pleno dia;Decrescente;Céu Claro;Simples;Reta;Não;2;0;1;0;1;0;1;2;-10,762641;-37,30447;SPRF-SE;DEL01-SE;UOP02-DEL01-SE
633635;09/10/2024;quarta-feira;09:40:00;RJ;101;297;ITABORAI;Ausência de reação do condutor;Colisão traseira;Com Vítimas Feridas;Pleno dia;Crescente;Céu Claro;Dupla;Reta;Sim;2;0;1;0;1;0;1;2;-22,76942037;-42,91873581;SPRF-RJ;DEL02-RJ;UOP02-DEL02-RJ
633639;09/10/2024;quarta-feira;09:40:00;GO;60;44,2;ALEXANIA;Condutor Dormindo;Colisão com objeto;Com Vítimas Feridas;Pleno dia;Decrescente;Céu Claro;Dupla;Reta;Não;2;0;1;0;1;0;1;1;-16,1245;-48,5929;SPRF-GO;DEL02-GO;UOP01-DEL02-GO
633641;23/09/2024;segunda-feira;16:11:00;PR;476;115,8;COLOMBO;Reação tardia ou ineficiente do condutor;Colisão transversal;Com Vítimas Feridas;Pleno dia;Decrescente;Céu Claro;Simples;"Reta;Interseção de Vias";Sim;3;0;0;1;1;1;1;2;-25,3493618;-49,1642357;SPRF-PR;DEL01-PR;UOP01-DEL01-PR
633643;09/10/2024;quarta-feira;10:40:00;MG;116;539,6;SANTA RITA DE MINAS;Acessar a via sem observar a presença dos outros veículos;Colisão transversal;Com Vítimas Feridas;Pleno dia;Decrescente;Céu Claro;Simples;"Curva;Interseção de Vias";Não;3;0;2;0;1;0;2;2;-19,88240027;-42,13242591;SPRF-MG;DEL06-MG;UOP02-DEL06-MG
633646;09/10/2024;quarta-feira;07:30:00;PR;277;660;MATELANDIA;Acumulo de água sobre o pavimento;Colisão com objeto;Com Vítimas Feridas;Pleno dia;Crescente;Chuva;Dupla;Curva;Não;2;0;1;0;1;0;1;1;-25,25136237;-53,99027796;SPRF-PR;DEL05-PR;UOP02-DEL05-PR
633647;09/10/2024;quarta-feira;09:05:00;MG;116;814;ALEM PARAIBA;Acessar a via sem observar a presença dos outros veículos;Colisão transversal;Com Vítimas Feridas;Pleno dia;Decrescente;Céu Claro;Simples;"Reta;Interseção de Vias";Sim;2;0;1;0;1;0;1;2;-21,85629;-42,66083;SPRF-MG;DEL07-MG;UOP01-DEL07-MG
633651;24/09/2024;terça-feira;17:35:00;ES;101;67,4;SAO MATEUS;Condutor desrespeitou a iluminação vermelha do semáforo;Atropelamento de Pedestre;Com Vítimas Feridas;Plena Noite;Crescente;Céu Claro;Dupla;Reta;Sim;2;0;1;0;0;1;1;2;-18,72054021;-39,8658931;SPRF-ES;DEL04-ES;UOP02-DEL04-ES
633653;09/10/2024;quarta-feira;12:00:00;SP;116;92;PINDAMONHANGABA;Condutor deixou de manter distância do veículo da frente;Colisão traseira;Sem Vítimas;Pleno dia;Decrescente;Céu Claro;Dupla;Reta;Sim;2;0;0;0;2;0;0;2;-22,95222732;-45,40443885;SPRF-SP;DEL08-SP;UOP01-DEL08-SP
633656;09/10/2024;quarta-feira;11:40:00;MS;60;216;CAMAPUA;Ultrapassagem Indevida;Colisão frontal;Com Vítimas Fatais;Pleno dia;Crescente;Céu Claro;Simples;"Reta;Declive";Não;5;1;2;1;1;0;3;2;-19,64458474;-54,11580281;SPRF-MS;DEL06-MS;UOP02-DEL06-MS
633657;09/10/2024;quarta-feira;11:08:00;PR;376;343;ORTIGUEIRA;Ultrapassagem Indevida;Capotamento;Com Vítimas Feridas;Pleno dia;Crescente;Garoa/Chuvisco;Simples;"Interseção de Vias;Curva";Não;1;0;1;0;0;0;1;1;-24,19556913;-50,95456314;SPRF-PR;DEL07-PR;UOP02-DEL07-PR
633658;09/10/2024;quarta-feira;13:10:00;RN;101;123;SAO JOSE DE MIPIBU;Ausência de reação do condutor;Colisão traseira;Com Vítimas Feridas;Pleno dia;Crescente;Céu Claro;Múltipla;Reta;Sim;4;0;2;0;2;0;2;2;-6,02496757;-35,2509784;SPRF-RN;DEL01-RN;UOP01-DEL01-RN
633660;09/10/2024;quarta-feira;13:10:00;GO;153;490,8;GOIANIA;Velocidade Incompatível;Colisão traseira;Com Vítimas Feridas;Pleno dia;Crescente;Céu Claro;Múltipla;Reta;Sim;3;0;1;0;2;0;1;2;-16,639;-49,2063;SPRF-GO;DEL01-GO;UOP01-DEL01-GO
633662;09/10/2024;quarta-feira;14:02:00;ES;101;28;CONCEICAO DA BARRA;Reação tardia ou ineficiente do condutor;Tombamento;Com Vítimas Feridas;Pleno dia;Crescente;Céu Claro;Simples;"Reta;Em Obras";Não;1;0;1;0;0;0;1;1;-18,39179309;-39,94180625;SPRF-ES;DEL04-ES;UOP02-DEL04-ES
633665;09/10/2024;quarta-feira;13:10:00;AL;104;91,4;RIO LARGO;Velocidade Incompatível;Colisão traseira;Com Vítimas Feridas;Pleno dia;Decrescente;Sol;Dupla;Reta;Sim;3;0;1;0;2;0;1;2;-9,50898856;-35,80777135;SPRF-AL;DEL01-AL;UOP01-DEL01-AL
633666;09/10/2024;quarta-feira;13:15:00;PR;476;143,8;CURITIBA;Chuva;Colisão lateral mesmo sentido;Sem Vítimas;Pleno dia;Crescente;Chuva;Dupla;"Curva;Declive";Não;3;0;0;0;2;1;0;3;-25,53901173;-49,31093752;SPRF-PR;DEL01-PR;UOP06-DEL01-PR
633668;09/10/2024;quarta-feira;13:50:00;SC;101;235;PALHOCA;Acumulo de água sobre o pavimento;Colisão com objeto;Sem Vítimas;Pleno dia;Decrescente;Chuva;Dupla;"Aclive;Curva";Não;3;0;0;0;3;0;0;1;-27,8177775;-48,6315025;SPRF-SC;DEL01-SC;UOP02-DEL01-SC
633669;09/10/2024;quarta-feira;14:35:00;SC;101;134;BALNEARIO CAMBORIU;Desrespeitar a preferência no cruzamento;Colisão transversal;Com Vítimas Feridas;Pleno dia;Crescente;Chuva;Múltipla;Interseção de Vias;Sim;2;0;1;0;1;0;1;2;-27,00218;-48,636433;SPRF-SC;DEL04-SC;UOP03-DEL04-SC
633672;09/10/2024;quarta-feira;14:40:00;GO;60;94;ANAPOLIS;Objeto estático sobre o leito carroçável;Colisão com objeto;Com Vítimas Feridas;Pleno dia;Crescente;Céu Claro;Dupla;Reta;Sim;2;0;0;1;0;1;1;2;-16,3611;-48,9328;SPRF-GO;DEL02-GO;UOP01-DEL02-GO
633673;09/10/2024;quarta-feira;11:10:00;BA;101;260;SANTO ANTONIO DE JESUS;Transitar na contramão;Colisão frontal;Com Vítimas Feridas;Pleno dia;Crescente;Céu Claro;Simples;Declive;Sim;2;0;0;2;0;0;2;2;-13,06514836;-39,27837343;SPRF-BA;DEL01-BA;UOP02-DEL01-BA
633674;17/08/2024;sábado;19:05:00;RJ;356;155;CAMPOS DOS GOYTACAZES;Ingestão de álcool pelo condutor;Colisão frontal;Com Vítimas Feridas;Plena Noite;Crescente;Céu Claro;Simples;Reta;Não;2;0;2;0;0;0;2;2;-21,74815;-41,22062;SPRF-RJ;DEL08-RJ;UOP02-DEL08-RJ
633675;07/10/2024;segunda-feira;06:20:00;AM;174;991;PRESIDENTE FIGUEIREDO;Ausência de reação do condutor;Capotamento;Com Vítimas Feridas;Amanhecer;Decrescente;Nublado;Dupla;Curva;Sim;2;0;2;0;0;0;2;1;-2,04880208;-60,02601638;SPRF-AM;DEL01-AM;UOP02-DEL01-AM
633676;09/10/2024;quarta-feira;13:40:00;SC;282;581;PINHALZINHO;Chuva;Saída de leito carroçável;Com Vítimas Feridas;Pleno dia;Crescente;Chuva;Simples;Curva;Não;2;0;1;0;1;0;1;1;-26,828749;-52,997929;SPRF-SC;DEL07-SC;UOP02-DEL07-SC
633677;09/10/2024;quarta-feira;15:00:00;MG;40;799,2;JUIZ DE FORA;Condutor deixou de manter distância do veículo da frente;Colisão traseira;Com Vítimas Feridas;Pleno dia;Decrescente;Céu Claro;Dupla;"Reta;Aclive";Não;2;0;1;0;1;0;1;2;-21,82857001;-43,37364401;SPRF-MG;DEL05-MG;UOP01-DEL05-MG
633678;05/10/2024;sábado;18:00:00;PR;476;312;PAULO FRONTIN;Reação tardia ou ineficiente do condutor;Colisão traseira;Sem Vítimas;Anoitecer;Crescente;Nublado;Simples;Reta;Não;2;0;0;0;2;0;0;2;-26,024607;-50,671589;SPRF-PR;DEL02-PR;UOP03-DEL02-PR
633679;02/10/2024;quarta-feira;11:20:00;RJ;493;9;GUAPIMIRIM;Reação tardia ou ineficiente do condutor;Colisão traseira;Com Vítimas Feridas;Pleno dia;Decrescente;Sol;Simples;Reta;Não;2;0;1;0;1;0;1;2;-22,70436802;-42,9550061;SPRF-RJ;DEL04-RJ;UOP02-DEL04-RJ
633680;09/10/2024;quarta-feira;11:10:00;MT;364;207;RONDONOPOLIS;Manobra de mudança de faixa;Tombamento;Com Vítimas Feridas;Pleno dia;Crescente;Sol;Dupla;"Em Obras;Reta";Sim;1;0;1;0;0;0;1;1;-16,439266;-54,67821;SPRF-MT;DEL02-MT;UOP01-DEL02-MT
633683;09/10/2024;quarta-feira;13:00:00;RJ;116;308;RESENDE;Mal súbito do condutor;Saída de leito carroçável;Com Vítimas Feridas;Pleno dia;Crescente;Céu Claro;Dupla;Reta;Sim;1;0;1;0;0;0;1;1;-22,45783299;-44,418685;SPRF-RJ;DEL07-RJ;UOP02-DEL07-RJ
633685;03/08/2024;sábado;15:00:00;MG;116;275;TEOFILO OTONI;Pista Escorregadia;Tombamento;Com Vítimas Feridas;Pleno dia;Decrescente;Céu Claro;Simples;"Reta;Aclive";Sim;1;0;1;0;0;0;1;1;-17,84629311;-41,51550564;SPRF-MG;DEL11-MG;UOP01-DEL11-MG
633686;09/10/2024;quarta-feira;13:50:00;PR;373;436,1;CHOPINZINHO;Velocidade Incompatível;Saída de leito carroçável;Com Vítimas Feridas;Pleno dia;Crescente;Chuva;Simples;"Curva;Declive";Não;2;0;2;0;0;0;2;1;-25,7835481;-52,26884658;SPRF-PR;DEL02-PR;UOP01-DEL02-PR