id;data_inversa;dia_semana;horario;uf;br;km;municipio;causa_acidente;tipo_acidente;classificacao_acidente;fase_dia;sentido_via;condicao_metereologica;tipo_pista;tracado_via;uso_solo;pessoas;mortos;feridos_leves;feridos_graves;ilesos;ignorados;feridos;veiculos;latitude;longitude;regional;delegacia;uop
633688;09/10/2024;quarta-feira;15:35:00;MG;40;511;RIBEIRAO DAS NEVES;Reação tardia ou ineficiente do condutor;Tombamento;Com Vítimas Feridas;Pleno dia;Decrescente;Céu Claro;Dupla;Reta;Não;1;0;1;0;0;0;1;1;-19,78164295;-44,11733194;SPRF-MG;DEL01-MG;UOP02-DEL01-MG
633689;09/10/2024;quarta-feira;14:20:00;DF;60;0;BRASILIA;Pista Escorregadia;Tombamento;Com Vítimas Feridas;Pleno dia;Crescente;Garoa/Chuvisco;Dupla;"Reta;Viaduto";Sim;4;0;1;0;3;0;1;3;-15,882499;-48,060212;SPRF-DF;DEL03-DF;UOP01-DEL03-DF
633690;09/10/2024;quarta-feira;15:33:00;PE;101;51;PAULISTA;Acessar a via sem observar a presença dos outros veículos;Colisão lateral mesmo sentido;Com Vítimas Feridas;Pleno dia;Crescente;Céu Claro;Dupla;"Curva;Interseção de Vias";Não;4;0;1;2;1;0;3;3;-7,9169968;-34,89689272;SPRF-PE;DEL01-PE;UOP02-DEL01-PE
633693;09/10/2024;quarta-feira;14:38:00;MG;40;486;CAPIM BRANCO;Demais falhas mecânicas ou elétricas;Incêndio;Sem Vítimas;Pleno dia;Decrescente;Céu Claro;Dupla;"Reta;Declive";Não;1;0;0;0;1;0;0;1;-19,59064511;-44,22670625;SPRF-MG;DEL02-MG;UOP01-DEL02-MG
633694;09/10/2024;quarta-feira;15:30:00;SC;101;194;BIGUACU;Condutor deixou de manter distância do veículo da frente;Colisão traseira;Com Vítimas Feridas;Pleno dia;Decrescente;Chuva;Simples;"Viaduto;Reta";Sim;2;0;1;0;1;0;1;2;-27,49815117;-48,65661236;SPRF-SC;DEL01-SC;UOP01-DEL01-SC
633695;09/10/2024;quarta-feira;15:45:00;SC;101;257,2;PAULO LOPES;Chuva;Colisão com objeto;Com Vítimas Feridas;Pleno dia;Crescente;Chuva;Múltipla;"Declive;Reta";Não;2;0;1;0;1;0;1;1;-27,99701205;-48,68755194;SPRF-SC;DEL02-SC;UOP03-DEL02-SC
633696;09/10/2024;quarta-feira;16:00:00;RN;406;80;SAO GONCALO DO AMARANTE;Ausência de reação do condutor;Colisão lateral mesmo sentido;Com Vítimas Feridas;Pleno dia;Crescente;Céu Claro;Dupla;Reta;Sim;3;0;2;0;0;1;2;2;-5,74657628;-35,3316021;SPRF-RN;DEL02-RN;UOP01-DEL02-RN
633699;09/10/2024;quarta-feira;16:40:00;GO;153;436,9;ANAPOLIS;Avarias e/ou desgaste excessivo no pneu;Tombamento;Com Vítimas Feridas;Pleno dia;Crescente;Céu Claro;Dupla;"Em Obras;Reta";Sim;2;0;1;1;0;0;2;1;-16,283987;-48,951763;SPRF-GO;DEL02-GO;UOP01-DEL02-GO
633700;09/10/2024;quarta-feira;16:10:00;GO;60;118,5;TEREZOPOLIS DE GOIAS;Reação tardia ou ineficiente do condutor;Colisão com objeto;Com Vítimas Feridas;Pleno dia;Crescente;Sol;Dupla;"Reta;Aclive";Sim;1;0;1;0;0;0;1;1;-16,48485255;-49,0937609;SPRF-GO;DEL01-GO;UOP01-DEL01-GO
633703;09/10/2024;quarta-feira;16:35:00;RN;405;153;PAU DOS FERROS;Ausência de reação do condutor;Colisão traseira;Sem Vítimas;Pleno dia;Crescente;Céu Claro;Simples;Curva;Sim;3;0;0;0;1;2;0;3;-6,13258011;-38,20671315;SPRF-RN;DEL04-RN;UOP02-DEL04-RN
633704;09/10/2024;quarta-feira;14:00:00;PA;163;30;NOVO PROGRESSO;Ingestão de álcool pelo condutor;Queda de ocupante de veículo;Sem Vítimas;Pleno dia;Decrescente;Céu Claro;Simples;"Reta;Declive";Não;1;0;0;0;0;1;0;1;-9,31472607;-54,83789176;SPRF-MT;DEL06-MT;UOP03-DEL06-MT
633706;09/10/2024;quarta-feira;15:25:00;GO;364;185,5;JATAI;Chuva;Saída de leito carroçável;Com Vítimas Feridas;Pleno dia;Crescente;Chuva;Simples;"Curva;Aclive";Não;2;0;2;0;0;0;2;1;-17,948332;-51,649601;SPRF-GO;DEL05-GO;UOP01-DEL05-GO
633707;09/10/2024;quarta-feira;15:50:00;PE;101;50;PAULISTA;Condutor deixou de manter distância do veículo da frente;Colisão traseira;Com Vítimas Feridas;Pleno dia;Crescente;Céu Claro;Múltipla;Reta;Sim;2;0;1;0;1;0;1;2;-7,90938602;-34,90123228;SPRF-PE;DEL01-PE;UOP02-DEL01-PE
633708;09/10/2024;quarta-feira;07:30:00;RS;470;243;BARAO;Velocidade Incompatível;Saída de leito carroçável;Com Vítimas Feridas;Pleno dia;Decrescente;Nublado;Simples;Reta;Não;1;0;1;0;0;0;1;1;-29,35691458;-51,52003329;SPRF-RS;DEL06-RS;UOP01-DEL06-RS
633709;24/09/2024;terça-feira;00:45:00;PR;277;299;PRUDENTOPOLIS;Reação tardia ou ineficiente do condutor;Capotamento;Com Vítimas Feridas;Plena Noite;Crescente;Céu Claro;Dupla;Reta;Não;2;0;1;0;1;0;1;1;-25,29371155;-51,133461;SPRF-PR;DEL08-PR;UOP01-DEL08-PR
633710;09/10/2024;quarta-feira;15:30:00;MT;70;4;BARRA DO GARCAS;Manobra de mudança de faixa;Colisão lateral mesmo sentido;Com Vítimas Feridas;Pleno dia;Crescente;Céu Claro;Dupla;Reta;Sim;2;0;1;0;1;0;1;2;-15,87907036;-52,28563311;SPRF-MT;DEL07-MT;UOP01-DEL07-MT
633711;09/10/2024;quarta-feira;16:50:00;MG;381;352;JOAO MONLEVADE;Pista Escorregadia;Saída de leito carroçável;Com Vítimas Feridas;Pleno dia;Decrescente;Chuva;Simples;Curva;Não;3;0;1;0;2;0;1;1;-19,84205535;-43,17383018;SPRF-MG;DEL03-MG;UOP01-DEL03-MG
633712;09/10/2024;quarta-feira;17:20:00;CE;222;2;FORTALEZA;Condutor deixou de manter distância do veículo da frente;Colisão traseira;Com Vítimas Feridas;Plena Noite;Crescente;Céu Claro;Múltipla;Reta;Sim;3;0;1;0;2;0;1;2;-3,73911117;-38,58687498;SPRF-CE;DEL01-CE;UOP01-DEL01-CE
633713;02/10/2024;quarta-feira;19:10:00;CE;222;313;TIANGUA;Reação tardia ou ineficiente do condutor;Tombamento;Com Vítimas Feridas;Plena Noite;Crescente;Céu Claro;Dupla;Reta;Sim;2;0;2;0;0;0;2;1;-3,7236142;-40,99670064;SPRF-CE;DEL04-CE;UOP02-DEL04-CE
633714;09/10/2024;quarta-feira;16:15:00;MG;381;501;BETIM;Condutor deixou de manter distância do veículo da frente;Colisão traseira;Com Vítimas Feridas;Pleno dia;Decrescente;Céu Claro;Dupla;"Aclive;Curva";Não;3;0;1;0;2;0;1;2;-20,00819356;-44,21585083;SPRF-MG;DEL01-MG;UOP03-DEL01-MG
633715;09/10/2024;quarta-feira;17:20:00;BA;324;605,6;SIMOES FILHO;Pista esburacada;Queda de ocupante de veículo;Com Vítimas Feridas;Anoitecer;Decrescente;Céu Claro;Múltipla;Reta;Sim;2;0;2;0;0;0;2;1;-12,78605114;-38,40972508;SPRF-BA;DEL01-BA;UOP01-DEL01-BA
633716;09/10/2024;quarta-feira;17:15:00;BA;407;5;JUAZEIRO;Desrespeitar a preferência no cruzamento;Colisão transversal;Com Vítimas Feridas;Pleno dia;Crescente;Céu Claro;Simples;"Interseção de Vias;Rotatória;Retorno Regulamentado";Sim;2;0;1;0;1;0;1;2;-9,44280706;-40,49281597;SPRF-PE;DEL06-PE;UOP01-DEL06-PE
633718;09/10/2024;quarta-feira;08:40:00;ES;262;156;IBATIBA;Acessar a via sem observar a presença dos outros veículos;Colisão transversal;Com Vítimas Feridas;Pleno dia;Crescente;Céu Claro;Simples;Reta;Sim;2;0;1;0;1;0;1;2;-20,22986514;-41,47989798;SPRF-ES;DEL01-ES;UOP02-DEL01-ES
633719;09/10/2024;quarta-feira;17:40:00;SP;381;86;SAO PAULO;Demais falhas mecânicas ou elétricas;Incêndio;Sem Vítimas;Anoitecer;Decrescente;Nublado;Dupla;Reta;Sim;1;0;0;0;1;0;0;1;-23,463733;-46,57116;SPRF-SP;DEL03-SP;UOP01-DEL03-SP
633720;09/10/2024;quarta-feira;17:30:00;RS;290;71,4;GRAVATAI;Demais falhas mecânicas ou elétricas;Colisão transversal;Sem Vítimas;Anoitecer;Crescente;Garoa/Chuvisco;Dupla;Reta;Sim;2;0;0;0;2;0;0;2;-29,951347;-50,965858;SPRF-RS;DEL03-RS;UOP01-DEL03-RS
633725;09/10/2024;quarta-feira;17:30:00;SP;116;317;JUQUITIBA;Chuva;Capotamento;Com Vítimas Feridas;Anoitecer;Crescente;Chuva;Dupla;Curva;Sim;1;0;0;1;0;0;1;1;-23,91799802;-46,98973192;SPRF-SP;DEL04-SP;UOP03-DEL04-SP
633726;09/10/2024;quarta-feira;18:00:00;RS;290;86;PORTO ALEGRE;Condutor deixou de manter distância do veículo da frente;Colisão traseira;Com Vítimas Feridas;Anoitecer;Decrescente;Chuva;Múltipla;Reta;Não;2;0;1;0;1;0;1;2;-29,968412;-51,117138;SPRF-RS;DEL01-RS;UOP01-DEL01-RS
633728;09/10/2024;quarta-feira;18:30:00;MG;381;455;BELO HORIZONTE;Conversão proibida;Colisão transversal;Com Vítimas Feridas;Plena Noite;Crescente;Céu Claro;Simples;Reta;Sim;2;0;0;1;1;0;1;2;-19,85593827;-43,89662047;SPRF-MG;DEL01-MG;UOP01-DEL01-MG
633730;09/10/2024;quarta-feira;18:45:00;GO;153;562,9;PROFESSOR JAMIL;Entrada inopinada do pedestre;Atropelamento de Pedestre;Com Vítimas Fatais;Plena Noite;Decrescente;Nublado;Dupla;Reta;Não;4;1;1;0;2;0;1;2;-17,2316;-49,2328;SPRF-GO;DEL03-GO;UOP01-DEL03-GO
633731;09/10/2024;quarta-feira;17:55:00;BA;324;517;FEIRA DE SANTANA;Ultrapassagem Indevida;Colisão transversal;Com Vítimas Feridas;Anoitecer;Crescente;Céu Claro;Dupla;Reta;Sim;2;0;1;0;1;0;1;2;-12,2417119;-38,93768485;SPRF-BA;DEL02-BA;UOP01-DEL02-BA
633733;09/10/2024;quarta-feira;19:00:00;SC;282;17;PALHOCA;Transitar na contramão;Colisão frontal;Com Vítimas Feridas;Plena Noite;Decrescente;Chuva;Simples;Reta;Não;2;0;0;1;1;0;1;2;-27,665707;-48,688065;SPRF-SC;DEL01-SC;UOP02-DEL01-SC
633735;30/08/2024;sexta-feira;07:13:00;MG;364;4,8;PLANURA;Acesso irregular;Colisão transversal;Com Vítimas Feridas;Pleno dia;Decrescente;Céu Claro;Simples;Interseção de Vias;Sim;4;0;1;0;2;1;1;2;-20,130174;-48,708748;SPRF-MG;DEL13-MG;UOP02-DEL13-MG
633736;09/10/2024;quarta-feira;19:00:00;MG;365;49,1;CLARO DOS POCOES;Velocidade Incompatível;Saída de leito carroçável;Com Vítimas Feridas;Plena Noite;Crescente;Chuva;Simples;Curva;Não;4;0;2;2;0;0;4;1;-16,93286996;-44,23666404;SPRF-MG;DEL12-MG;UOP01-DEL12-MG
633737;09/10/2024;quarta-feira;18:50:00;RJ;101;428;MANGARATIBA;Acessar a via sem observar a presença dos outros veículos;Colisão transversal;Com Vítimas Feridas;Plena Noite;Crescente;Chuva;Simples;Reta;Sim;2;0;0;1;1;0;1;2;-22,93391858;-43,9899979;SPRF-RJ;DEL03-RJ;UOP02-DEL03-RJ
633738;09/10/2024;quarta-feira;17:15:00;BA;110;315;ALAGOINHAS;Animais na Pista;Atropelamento de Animal;Com Vítimas Feridas;Anoitecer;Decrescente;Céu Claro;Simples;Reta;Não;2;0;2;0;0;0;2;1;-12,03139186;-38,37279959;SPRF-BA;DEL01-BA;UOP04-DEL01-BA
633739;09/10/2024;quarta-feira;19:15:00;TO;153;141;ARAGUAINA;Acessar a via sem observar a presença dos outros veículos;Colisão transversal;Com Vítimas Feridas;Plena Noite;Crescente;Céu Claro;Dupla;Reta;Sim;6;0;1;1;4;0;2;2;-7,175959;-48,219548;SPRF-TO;DEL02-TO;UOP01-DEL02-TO
633740;09/10/2024;quarta-feira;19:30:00;ES;101;148;LINHARES;Acessar a via sem observar a presença dos outros veículos;Colisão transversal;Com Vítimas Feridas;Pleno dia;Crescente;Céu Claro;Simples;Reta;Sim;2;0;1;0;1;0;1;2;-19,38787399;-40,06752766;SPRF-ES;DEL04-ES;UOP01-DEL04-ES
633741;09/10/2024;quarta-feira;19:30:00;PR;376;230;APUCARANA;Ausência de reação do condutor;Colisão com objeto;Com Vítimas Feridas;Plena Noite;Decrescente;Chuva;Dupla;Curva;Não;1;0;1;0;0;0;1;1;-23,56234189;-51,53387725;SPRF-PR;DEL07-PR;UOP03-DEL07-PR
633742;09/10/2024;quarta-feira;19:20:00;RJ;116;181;NOVA IGUACU;Chuva;Colisão traseira;Com Vítimas Feridas;Plena Noite;Crescente;Garoa/Chuvisco;Múltipla;Reta;Sim;2;0;1;0;1;0;1;2;-22,761312;-43,423492;SPRF-RJ;DEL06-RJ;UOP01-DEL06-RJ
633743;09/10/2024;quarta-feira;17:50:00;BA;101;898,9;CARAVELAS;Acostamento em desnível;Queda de ocupante de veículo;Com Vítimas Feridas;Anoitecer;Decrescente;Céu Claro;Simples;Reta;Não;1;0;1;0;0;0;1;1;-17,718118;-39,767404;SPRF-BA;DEL09-BA;UOP02-DEL09-BA
633748;09/10/2024;quarta-feira;20:30:00;PB;230;155;CAMPINA GRANDE;Desvio temporário;Colisão com objeto;Com Vítimas Feridas;Plena Noite;Decrescente;Céu Claro;Simples;"Aclive;Reta";Sim;1;0;0;1;0;0;1;1;-7,2748;-35,9058;SPRF-PB;DEL02-PB;UOP01-DEL02-PB
633749;09/10/2024;quarta-feira;19:30:00;TO;226;37;DARCINOPOLIS;Animais na Pista;Atropelamento de Animal;Com Vítimas Feridas;Plena Noite;Decrescente;Céu Claro;Simples;Declive;Não;3;0;1;0;2;0;1;1;-6,690203;-47,74395;SPRF-TO;DEL02-TO;UOP03-DEL02-TO
633750;09/10/2024;quarta-feira;19:20:00;SP;116;505,8;CAJATI;Reação tardia ou ineficiente do condutor;Saída de leito carroçável;Com Vítimas Feridas;Plena Noite;Crescente;Chuva;Simples;"Declive;Curva";Não;1;0;1;0;0;0;1;1;-24,79028098;-48,21075278;SPRF-SP;DEL05-SP;UOP02-DEL05-SP
633751;09/10/2024;quarta-feira;18:50:00;MG;40;40,1;PARACATU;Retorno proibido;Colisão transversal;Com Vítimas Feridas;Plena Noite;Decrescente;Céu Claro;Simples;Reta;Sim;2;0;1;0;1;0;1;2;-17,21013894;-46,88089301;SPRF-MG;DEL14-MG;UOP01-DEL14-MG
633753;09/10/2024;quarta-feira;19:45:00;MT;163;1064;GUARANTA DO NORTE;Condutor deixou de manter distância do veículo da frente;Colisão traseira;Sem Vítimas;Plena Noite;Decrescente;Céu Claro;Simples;Curva;Sim;3;0;0;0;3;0;0;2;-9,95331383;-54,90414446;SPRF-MT;DEL06-MT;UOP03-DEL06-MT
633754;09/10/2024;quarta-feira;21:15:00;GO;364;177;JATAI;Ingestão de álcool pelo condutor;Saída de leito carroçável;Com Vítimas Feridas;Plena Noite;Crescente;Chuva;Simples;"Reta;Declive";Não;1;0;1;0;0;0;1;1;-17,978823;-51,584515;SPRF-GO;DEL05-GO;UOP01-DEL05-GO
633755;09/10/2024;quarta-feira;17:30:00;SC;470;341;CAMPOS NOVOS;Ingestão de álcool pelo condutor;Colisão lateral mesmo sentido;Com Vítimas Feridas;Pleno dia;Decrescente;Chuva;Simples;Reta;Não;2;0;1;0;1;0;1;2;-27,527861;-51,380497;SPRF-SC;DEL07-SC;UOP06-DEL07-SC
633756;09/10/2024;quarta-feira;21:35:00;SC;101;80,4;BARRA VELHA;Reação tardia ou ineficiente do condutor;Colisão com objeto;Com Vítimas Feridas;Plena Noite;Crescente;Chuva;Dupla;Reta;Não;1;0;1;0;0;0;1;1;-26,60416462;-48,72522354;SPRF-SC;DEL03-SC;UOP02-DEL03-SC
633758;09/10/2024;quarta-feira;19:55:00;RJ;40;123;DUQUE DE CAXIAS;Reação tardia ou ineficiente do condutor;Queda de ocupante de veículo;Com Vítimas Feridas;Plena Noite;Crescente;Nublado;Múltipla;Reta;Sim;1;0;1;0;0;0;1;1;-22,79907687;-43,29015739;SPRF-RJ;DEL01-RJ;UOP02-DEL01-RJ
633759;09/10/2024;quarta-feira;18:45:00;MG;354;704;CAXAMBU;Acessar a via sem observar a presença dos outros veículos;Colisão transversal;Com Vítimas Feridas;Anoitecer;Crescente;Céu Claro;Simples;Interseção de Vias;Não;2;0;1;0;1;0;1;2;-21,98404081;-44,92444142;SPRF-MG;DEL17-MG;UOP01-DEL17-MG
633760;09/10/2024;quarta-feira;22:20:00;BA;324;513;FEIRA DE SANTANA;Ultrapassagem Indevida;Colisão frontal;Com Vítimas Feridas;Plena Noite;Crescente;Céu Claro;Simples;Reta;Sim;2;0;1;0;1;0;1;2;-12,22584428;-38,96500584;SPRF-BA;DEL02-BA;UOP01-DEL02-BA
633762;09/10/2024;quarta-feira;21:40:00;MG;40;775,5;JUIZ DE FORA;Reação tardia ou ineficiente do condutor;Eventos atípicos;Sem Vítimas;Plena Noite;Decrescente;Nublado;Dupla;Reta;Não;3;0;0;0;3;0;0;1;-21,64107725;-43,4377144;SPRF-MG;DEL05-MG;UOP01-DEL05-MG
633765;09/10/2024;quarta-feira;10:30:00;PI;135;540;SAO GONCALO DO GURGUEIA;Reação tardia ou ineficiente do condutor;Saída de leito carroçável;Com Vítimas Feridas;Pleno dia;Crescente;Céu Claro;Simples;"Reta;Aclive";Não;3;0;1;1;1;0;2;1;-10,04142474;-45,29454879;SPRF-PI;DEL03-PI;UOP02-DEL03-PI
633767;09/10/2024;quarta-feira;21:40:00;MG;116;759;LEOPOLDINA;Entrada inopinada do pedestre;Atropelamento de Pedestre;Com Vítimas Feridas;Plena Noite;Crescente;Céu Claro;Simples;Reta;Sim;2;0;1;1;0;0;2;2;-21,50589297;-42,60923908;SPRF-MG;DEL07-MG;UOP01-DEL07-MG
633769;09/10/2024;quarta-feira;23:00:00;RS;116;265;CANOAS;Manobra de mudança de faixa;Colisão transversal;Com Vítimas Feridas;Plena Noite;Crescente;Céu Claro;Dupla;Reta;Não;2;0;1;0;1;0;1;2;-29,92342302;-51,17780944;SPRF-RS;DEL01-RS;UOP01-DEL01-RS
633771;09/10/2024;quarta-feira;22:50:00;RJ;101;59;CAMPOS DOS GOYTACAZES;Acessar a via sem observar a presença dos outros veículos;Colisão transversal;Sem Vítimas;Plena Noite;Decrescente;Chuva;Simples;Interseção de Vias;Sim;2;0;0;0;2;0;0;2;-21,71366497;-41,30861915;SPRF-RJ;DEL08-RJ;UOP01-DEL08-RJ
633773;09/10/2024;quarta-feira;21:30:00;BA;415;19;ILHEUS;Entrada inopinada do pedestre;Atropelamento de Pedestre;Com Vítimas Fatais;Plena Noite;Crescente;Céu Claro;Simples;Reta;Não;2;1;0;0;0;1;0;2;-14,8482;-39,281986;SPRF-BA;DEL05-BA;UOP01-DEL05-BA
633774;09/10/2024;quarta-feira;23:30:00;PE;408;71,1;PAUDALHO;Acessar a via sem observar a presença dos outros veículos;Colisão lateral mesmo sentido;Com Vítimas Feridas;Plena Noite;Decrescente;Céu Claro;Dupla;Reta;Não;5;0;1;0;4;0;1;2;-7,875876;-35,184739;SPRF-PE;DEL01-PE;UOP01-DEL01-PE
633776;10/10/2024;quinta-feira;00:10:00;SC;101;339;TUBARAO;Ingestão de álcool pelo condutor;Saída de leito carroçável;Sem Vítimas;Plena Noite;Crescente;Chuva;Simples;Interseção de Vias;Sim;1;0;0;0;1;0;0;1;-28,49351117;-49,04178985;SPRF-SC;DEL02-SC;UOP01-DEL02-SC
633777;09/10/2024;quarta-feira;21:50:00;RS;285;3;SAO BORJA;Acessar a via sem observar a presença dos outros veículos;Colisão transversal;Com Vítimas Feridas;Plena Noite;Crescente;Nublado;Simples;Rotatória;Sim;5;0;1;0;4;0;1;2;-28,64128513;-55,98780441;SPRF-RS;DEL12-RS;UOP01-DEL12-RS
633779;10/10/2024;quinta-feira;00:30:00;ES;101;292,5;CARIACICA;Avarias e/ou desgaste excessivo no pneu;Saída de leito carroçável;Com Vítimas Feridas;Plena Noite;Decrescente;Chuva;Dupla;Curva;Sim;2;0;2;0;0;0;2;1;-20,30650512;-40,39488717;SPRF-ES;DEL01-ES;UOP01-DEL01-ES
633781;09/10/2024;quarta-feira;23:34:00;RO;364;709;PORTO VELHO;Ausência de reação do condutor;Queda de ocupante de veículo;Com Vítimas Feridas;Plena Noite;Crescente;Céu Claro;Simples;Reta;Sim;1;0;1;0;0;0;1;1;-8,790065;-63,850123;SPRF-RO;DEL01-RO;UOP01-DEL01-RO
633782;10/10/2024;quinta-feira;01:15:00;BA;324;564;SAO SEBASTIAO DO PASSE;Animais na Pista;Atropelamento de Animal;Sem Vítimas;Plena Noite;Decrescente;Céu Claro;Dupla;Reta;Não;2;0;0;0;2;0;0;1;-12,5138723;-38,62480322;SPRF-BA;DEL01-BA;UOP01-DEL01-BA
633783;23/08/2024;sexta-feira;02:50:00;BA;116;485,7;RAFAEL JAMBEIRO;Reação tardia ou ineficiente do condutor;Saída de leito carroçável;Com Vítimas Feridas;Plena Noite;Decrescente;Nevoeiro/Neblina;Dupla;Reta;Não;14;0;6;7;1;0;13;1;-12,54724803;-39,44581216;SPRF-BA;DEL02-BA;UOP01-DEL02-BA
633784;10/10/2024;quinta-feira;01:14:00;DF;70;6,3;BRASILIA;Chuva;Colisão com objeto;Sem Vítimas;Plena Noite;Decrescente;Chuva;Dupla;"Declive;Reta";Sim;1;0;0;0;1;0;0;1;-15,791242;-48,105759;SPRF-DF;DEL03-DF;UOP02-DEL03-DF
633786;10/10/2024;quinta-feira;02:40:00;GO;40;2;VALPARAISO DE GOIAS;Suicídio (presumido);Atropelamento de Pedestre;Com Vítimas Feridas;Plena Noite;Decrescente;Garoa/Chuvisco;Dupla;Reta;Sim;3;0;0;1;1;1;1;2;-16,067129;-47,984235;SPRF-DF;DEL01-DF;UOP01-DEL01-DF
633788;10/10/2024;quinta-feira;02:00:00;PR;116;39;CAMPINA GRANDE DO SUL;Chuva;Colisão com objeto;Com Vítimas Feridas;Plena Noite;Crescente;Garoa/Chuvisco;Simples;Curva;Não;2;0;1;0;1;0;1;1;-25,156168;-48,8613401;SPRF-PR;DEL01-PR;UOP02-DEL01-PR
633791;10/10/2024;quinta-feira;04:12:00;SP;116;219;GUARULHOS;Ausência de reação do condutor;Colisão traseira;Com Vítimas Feridas;Plena Noite;Crescente;Garoa/Chuvisco;Múltipla;"Em Obras;Reta";Sim;2;0;1;0;1;0;1;2;-23,464619;-46,499128;SPRF-SP;DEL01-SP;UOP01-DEL01-SP
633794;09/10/2024;quarta-feira;02:10:00;PI;316;387;ALEGRETE DO PIAUI;Ingestão de álcool pelo condutor;Capotamento;Sem Vítimas;Plena Noite;Crescente;Céu Claro;Simples;Declive;Não;1;0;0;0;1;0;0;1;-7,25830103;-40,84863803;SPRF-PI;DEL04-PI;UOP03-DEL04-PI
633795;10/10/2024;quinta-feira;05:00:00;PI;343;205;CAPITAO DE CAMPOS;Condutor Dormindo;Colisão traseira;Com Vítimas Feridas;Amanhecer;Decrescente;Céu Claro;Simples;Reta;Não;2;0;2;0;0;0;2;1;-4,413368;-41,879604;SPRF-PI;DEL02-PI;UOP01-DEL02-PI
633803;10/10/2024;quinta-feira;06:28:00;RJ;40;121;DUQUE DE CAXIAS;Reação tardia ou ineficiente do condutor;Tombamento;Com Vítimas Feridas;Pleno dia;Crescente;Nublado;Múltipla;Reta;Sim;2;0;1;0;0;1;1;2;-22,78771538;-43,28546762;SPRF-RJ;DEL01-RJ;UOP02-DEL01-RJ
633804;10/10/2024;quinta-feira;06:50:00;PE;232;12,5;JABOATAO DOS GUARARAPES;Demais falhas mecânicas ou elétricas;Tombamento;Com Vítimas Feridas;Pleno dia;Crescente;Sol;Dupla;Reta;Não;1;0;0;1;0;0;1;1;-8,087137;-35,00779;SPRF-PE;DEL01-PE;UOP01-DEL01-PE
633805;10/10/2024;quinta-feira;06:52:00;GO;153;597;PIRACANJUBA;Chuva;Saída de leito carroçável;Com Vítimas Feridas;Amanhecer;Crescente;Chuva;Dupla;Curva;Não;4;0;2;2;0;0;4;1;-17,5271;-49,2152;SPRF-GO;DEL03-GO;UOP01-DEL03-GO
633806;10/10/2024;quinta-feira;06:30:00;MA;135;3,2;SAO LUIS;Pedestre cruzava a pista fora da faixa;Atropelamento de Pedestre;Com Vítimas Feridas;Amanhecer;Crescente;Céu Claro;Dupla;Reta;Sim;2;0;1;0;0;1;1;2;-2,606802;-44,247512;SPRF-MA;DEL01-MA;UOP01-DEL01-MA
633807;10/10/2024;quinta-feira;07:15:00;GO;40;7,7;VALPARAISO DE GOIAS;Manobra de mudança de faixa;Colisão lateral mesmo sentido;Com Vítimas Feridas;Pleno dia;Decrescente;Nublado;Dupla;Reta;Sim;3;0;0;2;1;0;2;2;-16,093134;-47,982236;SPRF-DF;DEL01-DF;UOP01-DEL01-DF
633808;10/10/2024;quinta-feira;06:00:00;SC;101;129;BALNEARIO CAMBORIU;Ausência de reação do condutor;Saída de leito carroçável;Sem Vítimas;Amanhecer;Decrescente;Chuva;Dupla;Curva;Não;1;0;0;0;0;1;0;1;-26,98064277;-48,6790679;SPRF-SC;DEL04-SC;UOP03-DEL04-SC
633810;10/10/2024;quinta-feira;07:30:00;SE;235;4;NOSSA SENHORA DO SOCORRO;Reação tardia ou ineficiente do condutor;Colisão traseira;Com Vítimas Feridas;Pleno dia;Crescente;Céu Claro;Dupla;Reta;Sim;3;0;2;0;1;0;2;2;-10,9064;-37,1197;SPRF-SE;DEL01-SE;UOP01-DEL01-SE
633812;10/10/2024;quinta-feira;06:25:00;RJ;116;283;BARRA MANSA;Pista Escorregadia;Tombamento;Com Vítimas Feridas;Amanhecer;Decrescente;Garoa/Chuvisco;Dupla;Curva;Não;1;0;1;0;0;0;1;1;-22,51669896;-44,20814495;SPRF-RJ;DEL07-RJ;UOP02-DEL07-RJ
633814;10/10/2024;quinta-feira;07:00:00;SC;280;237;CANOINHAS;Velocidade Incompatível;Saída de leito carroçável;Sem Vítimas;Amanhecer;Crescente;Chuva;Simples;Curva;Sim;1;0;0;0;0;1;0;1;-26,19844599;-50,43216601;SPRF-SC;DEL06-SC;UOP04-DEL06-SC
633816;10/10/2024;quinta-feira;08:00:00;RS;116;251;SAPUCAIA DO SUL;Condutor deixou de manter distância do veículo da frente;Colisão traseira;Com Vítimas Feridas;Pleno dia;Crescente;Céu Claro;Dupla;"Em Obras;Reta";Sim;3;0;1;0;2;0;1;2;-29,80035406;-51,16550365;SPRF-RS;DEL01-RS;UOP02-DEL01-RS
633818;10/10/2024;quinta-feira;08:10:00;CE;222;2;FORTALEZA;Reação tardia ou ineficiente do condutor;Colisão traseira;Com Vítimas Feridas;Pleno dia;Decrescente;Nublado;Múltipla;Reta;Sim;3;0;3;0;0;0;3;2;-3,73871441;-38,5832119;SPRF-CE;DEL01-CE;UOP01-DEL01-CE
633819;10/10/2024;quinta-feira;07:30:00;SC;101;165;TIJUCAS;Velocidade Incompatível;Colisão com objeto;Com Vítimas Feridas;Pleno dia;Decrescente;Chuva;Dupla;Curva;Não;1;0;0;1;0;0;1;1;-27,252663;-48,63154894;SPRF-SC;DEL04-SC;UOP03-DEL04-SC
633822;10/10/2024;quinta-feira;08:00:00;RJ;116;317;ITATIAIA;Pista Escorregadia;Queda de ocupante de veículo;Com Vítimas Feridas;Pleno dia;Decrescente;Chuva;Dupla;Reta;Não;1;0;1;0;0;0;1;1;-22,46708478;-44,50067002;SPRF-RJ;DEL07-RJ;UOP02-DEL07-RJ