id;data_inversa;dia_semana;horario;uf;br;km;municipio;causa_acidente;tipo_acidente;classificacao_acidente;fase_dia;sentido_via;condicao_metereologica;tipo_pista;tracado_via;uso_solo;pessoas;mortos;feridos_leves;feridos_graves;ilesos;ignorados;feridos;veiculos;latitude;longitude;regional;delegacia;uop
633823;10/10/2024;quinta-feira;05:50:00;PR;277;84;CURITIBA;Reação tardia ou ineficiente do condutor;Colisão com objeto;Com Vítimas Feridas;Pleno dia;Crescente;Chuva;Dupla;Curva;Sim;1;0;1;0;0;0;1;1;-25,44369484;-49,23362369;SPRF-PR;DEL01-PR;UOP03-DEL01-PR
633825;10/10/2024;quinta-feira;06:55:00;RJ;101;316;SAO GONCALO;Trafegar com motocicleta (ou similar) entre as faixas;Colisão lateral mesmo sentido;Com Vítimas Feridas;Pleno dia;Crescente;Nublado;Dupla;Reta;Sim;3;0;2;0;1;0;2;2;-22,82835879;-43,09208739;SPRF-RJ;DEL02-RJ;UOP02-DEL02-RJ
633826;10/10/2024;quinta-feira;08:40:00;MG;381;885,5;ESTIVA;Velocidade Incompatível;Capotamento;Com Vítimas Feridas;Pleno dia;Crescente;Garoa/Chuvisco;Dupla;Curva;Não;1;0;1;0;0;0;1;1;-22,51059451;-46,01814508;SPRF-MG;DEL16-MG;UOP03-DEL16-MG
633827;10/10/2024;quinta-feira;08:40:00;RJ;101;540;PARATY;Chuva;Colisão frontal;Com Vítimas Feridas;Pleno dia;Crescente;Chuva;Simples;Curva;Não;8;0;1;2;5;0;3;4;-23,054666;-44,59037997;SPRF-RJ;DEL03-RJ;UOP04-DEL03-RJ
633830;10/10/2024;quinta-feira;08:03:00;GO;60;18,7;ALEXANIA;Ausência de reação do condutor;Saída de leito carroçável;Com Vítimas Feridas;Pleno dia;Decrescente;Céu Claro;Dupla;Curva;Não;1;0;0;1;0;0;1;1;-16,0963;-48,5202;SPRF-DF;DEL03-DF;UOP01-DEL03-DF
633831;10/10/2024;quinta-feira;08:00:00;RJ;40;62;PETROPOLIS;Conversão proibida;Colisão transversal;Com Vítimas Feridas;Pleno dia;Decrescente;Nublado;Simples;Reta;Não;2;0;0;1;1;0;1;2;-22,40542358;-43,14664526;SPRF-RJ;DEL05-RJ;UOP02-DEL05-RJ
633832;10/10/2024;quinta-feira;07:55:00;SE;101;147;ESTANCIA;Pista Escorregadia;Tombamento;Com Vítimas Feridas;Pleno dia;Crescente;Sol;Dupla;Curva;Sim;2;0;2;0;0;0;2;1;-11,23842879;-37,4305827;SPRF-SE;DEL02-SE;UOP01-DEL02-SE
633834;02/10/2024;quarta-feira;18:10:00;MT;70;380;CAMPO VERDE;Ausência de reação do condutor;Colisão traseira;Com Vítimas Feridas;Plena Noite;Decrescente;Céu Claro;Simples;Reta;Sim;2;0;0;1;0;1;1;2;-15,49768472;-55,09730092;SPRF-MT;DEL05-MT;UOP02-DEL05-MT
633837;10/10/2024;quinta-feira;09:00:00;PB;101;86,9;JOAO PESSOA;Avarias e/ou desgaste excessivo no pneu;Tombamento;Com Vítimas Feridas;Pleno dia;Decrescente;Céu Claro;Dupla;Reta;Sim;2;0;1;0;1;0;1;1;-7,15860773;-34,906286;SPRF-PB;DEL01-PB;UOP01-DEL01-PB
633839;10/10/2024;quinta-feira;09:00:00;RJ;116;311;RESENDE;Pista Escorregadia;Tombamento;Com Vítimas Feridas;Pleno dia;Crescente;Chuva;Múltipla;Reta;Sim;1;0;1;0;0;0;1;1;-22,46086624;-44,44296321;SPRF-RJ;DEL07-RJ;UOP02-DEL07-RJ
633840;10/10/2024;quinta-feira;09:00:00;SC;470;24,4;ILHOTA;Reação tardia ou ineficiente do condutor;Capotamento;Com Vítimas Feridas;Pleno dia;Crescente;Chuva;Dupla;Reta;Não;1;0;1;0;0;0;1;1;-26,881754;-48,856251;SPRF-SC;DEL04-SC;UOP04-DEL04-SC
633841;04/10/2024;sexta-feira;22:00:00;MT;70;110;GENERAL CARNEIRO;Ausência de reação do condutor;Colisão traseira;Com Vítimas Feridas;Plena Noite;Decrescente;Céu Claro;Simples;Reta;Não;1;0;1;0;0;0;1;1;-15,58547219;-53,04082486;SPRF-MT;DEL07-MT;UOP01-DEL07-MT
633842;10/10/2024;quinta-feira;09:30:00;SP;116;504;CAJATI;Reação tardia ou ineficiente do condutor;Capotamento;Com Vítimas Feridas;Pleno dia;Decrescente;Garoa/Chuvisco;Simples;"Curva;Declive";Não;2;0;2;0;0;0;2;1;-24,78266496;-48,20865858;SPRF-SP;DEL05-SP;UOP02-DEL05-SP
633844;10/10/2024;quinta-feira;09:30:00;ES;101;238,5;FUNDAO;Acesso irregular;Colisão transversal;Com Vítimas Feridas;Pleno dia;Crescente;Chuva;Simples;Curva;Não;2;0;1;0;1;0;1;2;-20,0066284;-40,4112963;SPRF-ES;DEL02-ES;UOP01-DEL02-ES
633846;10/10/2024;quinta-feira;09:30:00;ES;262;77,8;DOMINGOS MARTINS;Chuva;Tombamento;Com Vítimas Feridas;Pleno dia;Crescente;Chuva;Simples;Curva;Não;2;0;1;1;0;0;2;1;-20,40832649;-40,91604228;SPRF-ES;DEL01-ES;UOP02-DEL01-ES
633847;10/10/2024;quinta-feira;07:20:00;PB;104;7,2;CUITE;Acessar a via sem observar a presença dos outros veículos;Colisão lateral mesmo sentido;Com Vítimas Feridas;Pleno dia;Decrescente;Céu Claro;Simples;Reta;Sim;3;0;1;1;0;1;2;3;-6,47743888;-36,17109092;SPRF-PB;DEL02-PB;UOP04-DEL02-PB
633848;10/10/2024;quinta-feira;09:10:00;RJ;101;385;RIO DE JANEIRO;Acessar a via sem observar a presença dos outros veículos;Colisão lateral mesmo sentido;Com Vítimas Feridas;Pleno dia;Decrescente;Chuva;Dupla;Reta;Sim;4;0;1;0;3;0;1;2;-22,88064129;-43,63218994;SPRF-RJ;DEL03-RJ;UOP01-DEL03-RJ
633849;10/10/2024;quinta-feira;09:00:00;SC;470;289;BRUNOPOLIS;Ausência de reação do condutor;Colisão transversal;Sem Vítimas;Pleno dia;Decrescente;Nublado;Simples;"Interseção de Vias;Reta";Não;2;0;0;0;1;1;0;2;-27,333546;-50,95219;SPRF-SC;DEL07-SC;UOP06-DEL07-SC
633851;10/10/2024;quinta-feira;10:00:00;ES;262;83,2;DOMINGOS MARTINS;Pista Escorregadia;Queda de ocupante de veículo;Com Vítimas Feridas;Pleno dia;Crescente;Chuva;Simples;"Curva;Aclive";Não;1;0;0;1;0;0;1;1;-20,40629331;-40,96997738;SPRF-ES;DEL01-ES;UOP02-DEL01-ES
633852;10/10/2024;quinta-feira;07:30:00;PR;376;436,6;TIBAGI;Velocidade Incompatível;Saída de leito carroçável;Com Vítimas Fatais;Pleno dia;Decrescente;Garoa/Chuvisco;Dupla;"Declive;Curva";Não;5;2;3;0;0;0;3;1;-24,78567;-50,50873;SPRF-PR;DEL03-PR;UOP02-DEL03-PR
633854;10/10/2024;quinta-feira;10:40:00;RJ;101;321;NITEROI;Pedestre andava na pista;Colisão lateral mesmo sentido;Com Vítimas Feridas;Pleno dia;Crescente;Garoa/Chuvisco;Dupla;Reta;Sim;3;0;1;0;2;0;1;3;-22,86981096;-43,11046465;SPRF-RJ;DEL02-RJ;UOP01-DEL02-RJ
633860;10/10/2024;quinta-feira;06:50:00;ES;393;3,8;CACHOEIRO DE ITAPEMIRIM;Ausência de reação do condutor;Colisão traseira;Com Vítimas Feridas;Pleno dia;Crescente;Nublado;Simples;Curva;Não;2;0;1;0;1;0;1;2;-20,82624487;-41,18774414;SPRF-ES;DEL03-ES;UOP02-DEL03-ES
633862;10/10/2024;quinta-feira;11:20:00;RJ;101;195;CASIMIRO DE ABREU;Ausência de reação do condutor;Saída de leito carroçável;Sem Vítimas;Pleno dia;Crescente;Chuva;Dupla;Curva;Não;1;0;0;0;1;0;0;1;-22,49220783;-42,10020136;SPRF-RJ;DEL08-RJ;UOP04-DEL08-RJ
633864;10/10/2024;quinta-feira;09:35:00;MG;116;414;GOVERNADOR VALADARES;Acessar a via sem observar a presença dos outros veículos;Colisão transversal;Com Vítimas Feridas;Pleno dia;Crescente;Nublado;Múltipla;"Reta;Retorno Regulamentado";Sim;2;0;1;0;1;0;1;2;-18,88102703;-41,95910802;SPRF-MG;DEL06-MG;UOP01-DEL06-MG
633866;10/10/2024;quinta-feira;11:20:00;PR;277;635,8;CEU AZUL;Ultrapassagem Indevida;Colisão frontal;Com Vítimas Feridas;Pleno dia;Decrescente;Nublado;Simples;Reta;Sim;4;0;3;1;0;0;4;2;-25,14015274;-53,82955233;SPRF-PR;DEL05-PR;UOP02-DEL05-PR
633867;10/10/2024;quinta-feira;12:15:00;SP;153;61,1;SAO JOSE DO RIO PRETO;Condutor deixou de manter distância do veículo da frente;Colisão traseira;Com Vítimas Feridas;Pleno dia;Decrescente;Nublado;Dupla;Aclive;Sim;2;0;2;0;0;0;2;2;-20,80502876;-49,35574909;SPRF-SP;DEL09-SP;UOP01-DEL09-SP
633868;10/10/2024;quinta-feira;11:10:00;BA;242;429,7;SEABRA;Velocidade Incompatível;Capotamento;Com Vítimas Feridas;Pleno dia;Crescente;Céu Claro;Simples;"Declive;Reta";Sim;1;0;1;0;0;0;1;1;-12,38942177;-41,8878179;SPRF-BA;DEL06-BA;UOP01-DEL06-BA
633869;10/10/2024;quinta-feira;11:35:00;MG;40;800,2;MATIAS BARBOSA;Avarias e/ou desgaste excessivo no pneu;Colisão com objeto;Com Vítimas Feridas;Pleno dia;Crescente;Chuva;Dupla;"Curva;Declive";Não;2;0;2;0;0;0;2;1;-21,83830804;-43,37465316;SPRF-MG;DEL05-MG;UOP01-DEL05-MG
633873;10/10/2024;quinta-feira;11:30:00;MT;70;1,8;BARRA DO GARCAS;Ausência de reação do condutor;Atropelamento de Pedestre;Com Vítimas Feridas;Pleno dia;Crescente;Céu Claro;Simples;"Interseção de Vias;Aclive;Reta";Sim;2;0;0;1;1;0;1;2;-15,89164596;-52,26202884;SPRF-MT;DEL07-MT;UOP01-DEL07-MT
633880;10/10/2024;quinta-feira;13:10:00;SC;282;70;RANCHO QUEIMADO;Velocidade Incompatível;Saída de leito carroçável;Com Vítimas Feridas;Pleno dia;Decrescente;Chuva;Simples;"Declive;Curva";Não;1;0;1;0;0;0;1;1;-27,692705;-49,091351;SPRF-SC;DEL01-SC;UOP03-DEL01-SC
633881;10/10/2024;quinta-feira;09:05:00;MA;10;272;IMPERATRIZ;Transitar no Acostamento;Saída de leito carroçável;Com Vítimas Feridas;Pleno dia;Decrescente;Céu Claro;Simples;Reta;Não;1;0;0;1;0;0;1;1;-5,356215;-47,483128;SPRF-MA;DEL04-MA;UOP01-DEL04-MA
633883;10/10/2024;quinta-feira;13:00:00;SP;381;46,7;ATIBAIA;Acessar a via sem observar a presença dos outros veículos;Colisão transversal;Sem Vítimas;Pleno dia;Crescente;Nublado;Dupla;Reta;Sim;5;0;0;0;3;2;0;3;-23,180897;-46,580777;SPRF-SP;DEL03-SP;UOP01-DEL03-SP
633884;10/10/2024;quinta-feira;10:05:00;SC;101;324,9;CAPIVARI DE BAIXO;Manobra de mudança de faixa;Colisão lateral mesmo sentido;Sem Vítimas;Pleno dia;Decrescente;Chuva;Dupla;Reta;Não;2;0;0;0;1;1;0;2;-28,42890047;-48,92285509;SPRF-SC;DEL02-SC;UOP01-DEL02-SC
633886;10/10/2024;quinta-feira;12:35:00;MG;381;635,7;SANTO ANTONIO DO AMPARO;Chuva;Saída de leito carroçável;Com Vítimas Feridas;Pleno dia;Decrescente;Chuva;Dupla;Curva;Não;2;0;2;0;0;0;2;1;-20,88278809;-44,85183046;SPRF-MG;DEL04-MG;UOP01-DEL04-MG
633887;10/10/2024;quinta-feira;13:20:00;RS;101;22,5;TRES CACHOEIRAS;Acessar a via sem observar a presença dos outros veículos;Colisão traseira;Com Vítimas Feridas;Pleno dia;Crescente;Chuva;Dupla;Rotatória;Sim;2;0;1;0;1;0;1;2;-29,4398072;-49,90113887;SPRF-RS;DEL03-RS;UOP02-DEL03-RS
633888;10/10/2024;quinta-feira;10:35:00;MG;116;774,2;LEOPOLDINA;Velocidade Incompatível;Colisão frontal;Com Vítimas Feridas;Pleno dia;Decrescente;Chuva;Simples;"Curva;Declive";Não;8;0;3;4;1;0;7;3;-21,57932128;-42,68264985;SPRF-MG;DEL07-MG;UOP01-DEL07-MG
633889;10/10/2024;quinta-feira;13:30:00;PR;469;21;FOZ DO IGUACU;Acessar a via sem observar a presença dos outros veículos;Colisão transversal;Com Vítimas Feridas;Pleno dia;Decrescente;Céu Claro;Simples;"Reta;Aclive";Sim;2;0;1;0;1;0;1;2;-25,6114;-54,4861;SPRF-PR;DEL05-PR;UOP04-DEL05-PR
633890;10/10/2024;quinta-feira;11:45:00;SC;101;46;JOINVILLE;Chuva;Queda de ocupante de veículo;Com Vítimas Feridas;Pleno dia;Crescente;Chuva;Múltipla;Interseção de Vias;Sim;1;0;1;0;0;0;1;1;-26,35924662;-48,85904431;SPRF-SC;DEL03-SC;UOP01-DEL03-SC
633891;10/10/2024;quinta-feira;13:15:00;DF;70;1,8;BRASILIA;Reação tardia ou ineficiente do condutor;Queda de ocupante de veículo;Com Vítimas Feridas;Pleno dia;Decrescente;Nublado;Dupla;Reta;Sim;3;0;1;0;2;0;1;2;-15,795264;-48,063801;SPRF-DF;DEL03-DF;UOP02-DEL03-DF
633893;10/10/2024;quinta-feira;13:33:00;PE;101;69,1;RECIFE;Condutor deixou de manter distância do veículo da frente;Colisão traseira;Com Vítimas Feridas;Pleno dia;Decrescente;Sol;Dupla;Reta;Sim;2;0;1;0;0;1;1;2;-8,061375;-34,945573;SPRF-PE;DEL01-PE;UOP01-DEL01-PE
633896;10/10/2024;quinta-feira;13:30:00;PR;277;610,9;SANTA TEREZA DO OESTE;Acessar a via sem observar a presença dos outros veículos;Colisão transversal;Com Vítimas Feridas;Pleno dia;Decrescente;Nublado;Simples;Interseção de Vias;Não;3;0;2;0;1;0;2;2;-25,05203916;-53,63134325;SPRF-PR;DEL05-PR;UOP02-DEL05-PR
633897;10/10/2024;quinta-feira;12:20:00;MG;365;48,6;CLARO DOS POCOES;Reação tardia ou ineficiente do condutor;Saída de leito carroçável;Com Vítimas Feridas;Pleno dia;Decrescente;Chuva;Simples;Reta;Não;4;0;2;1;0;1;3;2;-16,93034973;-44,22810598;SPRF-MG;DEL12-MG;UOP01-DEL12-MG
633898;10/10/2024;quinta-feira;13:20:00;PE;232;368;FLORES;Ultrapassagem Indevida;Colisão lateral sentido oposto;Com Vítimas Feridas;Pleno dia;Crescente;Céu Claro;Simples;Reta;Não;3;0;1;0;2;0;1;2;-8,03761774;-37,94838391;SPRF-PE;DEL04-PE;UOP01-DEL04-PE
633899;10/10/2024;quinta-feira;12:50:00;MG;381;497;BETIM;Condutor deixou de manter distância do veículo da frente;Colisão traseira;Sem Vítimas;Pleno dia;Decrescente;Chuva;Múltipla;Reta;Sim;2;0;0;0;2;0;0;2;-20,00483625;-44,21367172;SPRF-MG;DEL01-MG;UOP03-DEL01-MG
633900;10/10/2024;quinta-feira;13:30:00;PR;369;95;CORNELIO PROCOPIO;Velocidade Incompatível;Saída de leito carroçável;Com Vítimas Fatais;Pleno dia;Decrescente;Chuva;Dupla;Reta;Não;2;2;0;0;0;0;0;1;-23,2263;-50,67488;SPRF-PR;DEL07-PR;UOP05-DEL07-PR
633903;11/08/2024;domingo;20:30:00;ES;101;141,7;LINHARES;Ausência de reação do condutor;Capotamento;Sem Vítimas;Plena Noite;Crescente;Céu Claro;Dupla;Reta;Sim;2;0;0;0;2;0;0;1;-19,32655693;-40,07192387;SPRF-ES;DEL04-ES;UOP01-DEL04-ES
633905;10/10/2024;quinta-feira;10:30:00;SC;282;421,5;VARGEM BONITA;Retorno proibido;Colisão transversal;Com Vítimas Feridas;Pleno dia;Decrescente;Nublado;Simples;Curva;Não;3;0;2;1;0;0;3;2;-27,01073171;-51,73573494;SPRF-SC;DEL07-SC;UOP05-DEL07-SC
633906;10/10/2024;quinta-feira;07:00:00;BA;101;623;MASCOTE;Velocidade Incompatível;Colisão traseira;Sem Vítimas;Pleno dia;Crescente;Nublado;Simples;Reta;Não;2;0;0;0;0;2;0;2;-15,858785;-39,520394;SPRF-BA;DEL05-BA;UOP02-DEL05-BA
633908;10/10/2024;quinta-feira;14:10:00;MG;50;78;UBERLANDIA;Velocidade Incompatível;Queda de ocupante de veículo;Com Vítimas Feridas;Pleno dia;Crescente;Céu Claro;Dupla;Reta;Não;1;0;1;0;0;0;1;1;-18,986906;-48,211853;SPRF-MG;DEL15-MG;UOP01-DEL15-MG
633909;10/10/2024;quinta-feira;14:45:00;PE;104;71,4;CARUARU;Demais falhas mecânicas ou elétricas;Incêndio;Sem Vítimas;Pleno dia;Decrescente;Céu Claro;Dupla;Reta;Não;1;0;0;0;1;0;0;1;-8,3333;-35,9814;SPRF-PE;DEL02-PE;UOP01-DEL02-PE
633910;10/10/2024;quinta-feira;15:00:00;MG;40;783,4;JUIZ DE FORA;Velocidade Incompatível;Colisão com objeto;Com Vítimas Feridas;Pleno dia;Decrescente;Chuva;Dupla;"Curva;Declive";Não;1;0;1;0;0;0;1;1;-21,70406297;-43,45067808;SPRF-MG;DEL05-MG;UOP01-DEL05-MG
633913;10/10/2024;quinta-feira;13:00:00;MG;116;670;MIRADOURO;Acumulo de água sobre o pavimento;Saída de leito carroçável;Com Vítimas Feridas;Pleno dia;Crescente;Chuva;Simples;Curva;Não;2;0;2;0;0;0;2;1;-20,8662151;-42,32953064;SPRF-MG;DEL07-MG;UOP02-DEL07-MG
633914;10/10/2024;quinta-feira;13:15:00;SP;116;133;CACAPAVA;Demais falhas mecânicas ou elétricas;Tombamento;Com Vítimas Feridas;Pleno dia;Crescente;Céu Claro;Dupla;Reta;Não;1;0;1;0;0;0;1;1;-23,1359564;-45,7532708;SPRF-SP;DEL02-SP;UOP02-DEL02-SP
633916;10/10/2024;quinta-feira;14:30:00;RJ;356;108;CARDOSO MOREIRA;Reação tardia ou ineficiente do condutor;Saída de leito carroçável;Sem Vítimas;Pleno dia;Crescente;Garoa/Chuvisco;Simples;"Curva;Declive";Não;1;0;0;0;0;1;0;1;-21,54861862;-41,46746635;SPRF-RJ;DEL08-RJ;UOP03-DEL08-RJ
633917;10/10/2024;quinta-feira;14:15:00;MG;116;814,2;ALEM PARAIBA;Mal súbito do condutor;Saída de leito carroçável;Sem Vítimas;Pleno dia;Crescente;Chuva;Simples;Curva;Não;1;0;0;0;1;0;0;1;-21,85629;-42,66083;SPRF-MG;DEL07-MG;UOP01-DEL07-MG
633918;10/10/2024;quinta-feira;14:10:00;RJ;101;295;ITABORAI;Condutor deixou de manter distância do veículo da frente;Colisão traseira;Com Vítimas Feridas;Pleno dia;Crescente;Nublado;Dupla;Reta;Não;3;0;2;0;1;0;2;2;-22,76365068;-42,90223623;SPRF-RJ;DEL02-RJ;UOP02-DEL02-RJ
633919;10/10/2024;quinta-feira;14:10:00;RO;364;708;PORTO VELHO;Acessar a via sem observar a presença dos outros veículos;Colisão transversal;Com Vítimas Feridas;Pleno dia;Crescente;Céu Claro;Múltipla;"Reta;Retorno Regulamentado";Sim;2;0;1;0;1;0;1;2;-8,79486442;-63,84200335;SPRF-RO;DEL01-RO;UOP01-DEL01-RO
633920;10/10/2024;quinta-feira;15:45:00;RJ;101;567;PARATY;Chuva;Colisão traseira;Com Vítimas Feridas;Pleno dia;Decrescente;Chuva;Simples;Reta;Não;5;0;2;0;3;0;2;2;-23,16136405;-44,70942172;SPRF-RJ;DEL03-RJ;UOP04-DEL03-RJ
633921;10/10/2024;quinta-feira;16:03:00;BA;324;513,9;FEIRA DE SANTANA;Acessar a via sem observar a presença dos outros veículos;Colisão transversal;Com Vítimas Feridas;Pleno dia;Crescente;Céu Claro;Simples;"Reta;Interseção de Vias";Sim;3;0;0;1;1;1;1;3;-12,23098007;-38,96101401;SPRF-BA;DEL02-BA;UOP01-DEL02-BA
633924;10/10/2024;quinta-feira;15:40:00;ES;101;459,6;MIMOSO DO SUL;Ausência de reação do condutor;Saída de leito carroçável;Com Vítimas Feridas;Pleno dia;Crescente;Chuva;Simples;"Curva;Declive";Não;3;0;1;0;2;0;1;1;-21,20971922;-41,29895926;SPRF-ES;DEL03-ES;UOP02-DEL03-ES
633926;10/10/2024;quinta-feira;14:00:00;BA;407;129;SENHOR DO BONFIM;Ausência de reação do condutor;Colisão traseira;Com Vítimas Feridas;Pleno dia;Crescente;Céu Claro;Simples;Reta;Sim;3;0;1;0;1;1;1;3;-10,4789315;-40,1681952;SPRF-BA;DEL04-BA;UOP01-DEL04-BA
633931;10/10/2024;quinta-feira;15:40:00;AL;316;261;PILAR;Demais falhas mecânicas ou elétricas;Incêndio;Sem Vítimas;Pleno dia;Crescente;Céu Claro;Simples;Reta;Não;3;0;0;0;3;0;0;1;-9,59005875;-35,89598604;SPRF-AL;DEL02-AL;UOP01-DEL02-AL
633932;10/10/2024;quinta-feira;14:30:00;MG;381;704,5;LAVRAS;Ausência de reação do condutor;Saída de leito carroçável;Com Vítimas Feridas;Pleno dia;Crescente;Nublado;Dupla;"Aclive;Curva";Não;2;0;1;0;1;0;1;1;-21,34177704;-45,17643719;SPRF-MG;DEL04-MG;UOP02-DEL04-MG
633933;10/10/2024;quinta-feira;12:30:00;MG;381;656,5;SANTO ANTONIO DO AMPARO;Chuva;Saída de leito carroçável;Com Vítimas Feridas;Pleno dia;Crescente;Chuva;Simples;Curva;Não;1;0;1;0;0;0;1;1;-21,00645107;-44,97543296;SPRF-MG;DEL04-MG;UOP02-DEL04-MG
633936;10/10/2024;quinta-feira;17:00:00;RS;116;268,5;CANOAS;Trafegar com motocicleta (ou similar) entre as faixas;Colisão lateral mesmo sentido;Com Vítimas Feridas;Pleno dia;Decrescente;Céu Claro;Múltipla;"Em Obras;Reta";Sim;3;0;1;0;2;0;1;3;-29,94749774;-51,17667675;SPRF-RS;DEL01-RS;UOP01-DEL01-RS
633937;10/10/2024;quinta-feira;16:52:00;PB;230;53,1;CRUZ DO ESPIRITO SANTO;Acessar a via sem observar a presença dos outros veículos;Colisão lateral mesmo sentido;Com Vítimas Feridas;Pleno dia;Crescente;Céu Claro;Dupla;Reta;Não;2;0;1;1;0;0;2;2;-7,1998;-35,0763;SPRF-PB;DEL01-PB;UOP03-DEL01-PB
633939;10/10/2024;quinta-feira;16:40:00;PR;376;221,5;JANDAIA DO SUL;Ausência de reação do condutor;Saída de leito carroçável;Com Vítimas Feridas;Pleno dia;Crescente;Garoa/Chuvisco;Dupla;Curva;Não;1;0;1;0;0;0;1;1;-23,60010259;-51,58966138;SPRF-PR;DEL09-PR;UOP01-DEL09-PR
633940;10/10/2024;quinta-feira;15:37:00;SC;101;0,9;ARARANGUA;Carga excessiva e/ou mal acondicionada;Derramamento de carga;Com Vítimas Feridas;Pleno dia;Decrescente;Chuva;Simples;Rotatória;Sim;2;0;1;0;1;0;1;2;-28,92794168;-49,49280739;SPRF-SC;DEL02-SC;UOP02-DEL02-SC
633941;10/10/2024;quinta-feira;16:10:00;BA;116;664,5;JEQUIE;Objeto estático sobre o leito carroçável;Saída de leito carroçável;Com Vítimas Feridas;Pleno dia;Decrescente;Céu Claro;Simples;Reta;Não;3;0;1;0;1;1;1;2;-13,73294498;-40,09867203;SPRF-BA;DEL03-BA;UOP01-DEL03-BA
633942;10/10/2024;quinta-feira;15:50:00;GO;153;643,8;MORRINHOS;Acumulo de água sobre o pavimento;Saída de leito carroçável;Com Vítimas Feridas;Pleno dia;Decrescente;Chuva;Dupla;Reta;Não;3;0;3;0;0;0;3;1;-17,9057;-49,2375;SPRF-GO;DEL03-GO;UOP01-DEL03-GO
633943;10/10/2024;quinta-feira;15:00:00;MG;365;613;UBERLANDIA;Transitar no Acostamento;Colisão traseira;Com Vítimas Feridas;Pleno dia;Decrescente;Céu Claro;Simples;Reta;Não;2;0;1;0;1;0;1;2;-18,884602;-48,26594;SPRF-MG;DEL15-MG;UOP01-DEL15-MG
633944;10/10/2024;quinta-feira;17:20:00;SC;101;186;BIGUACU;Ausência de reação do condutor;Colisão com objeto;Com Vítimas Feridas;Anoitecer;Crescente;Garoa/Chuvisco;Dupla;Curva;Sim;4;0;2;0;2;0;2;2;-27,4341098;-48,62567129;SPRF-SC;DEL01-SC;UOP01-DEL01-SC
633946;10/10/2024;quinta-feira;17:05:00;PA;308;151,3;CAPANEMA;Ausência de reação do condutor;Colisão traseira;Sem Vítimas;Pleno dia;Crescente;Céu Claro;Simples;Reta;Sim;2;0;0;0;1;1;0;2;-1,208957;-47,179988;SPRF-PA;DEL01-PA;UOP03-DEL01-PA
633948;10/10/2024;quinta-feira;17:05:00;RJ;101;330;RIO DE JANEIRO;Demais falhas mecânicas ou elétricas;Tombamento;Com Vítimas Feridas;Pleno dia;Crescente;Nublado;Dupla;"Curva;Ponte";Não;3;0;2;0;1;0;2;2;-22,8684989;-43,18548699;SPRF-RJ;DEL02-RJ;UOP01-DEL02-RJ
633951;10/10/2024;quinta-feira;06:15:00;AL;104;86;RIO LARGO;Desrespeitar a preferência no cruzamento;Colisão transversal;Com Vítimas Feridas;Pleno dia;Crescente;Sol;Dupla;Reta;Não;2;0;1;0;1;0;1;2;-9,46809745;-35,82455456;SPRF-AL;DEL01-AL;UOP01-DEL01-AL
633952;10/10/2024;quinta-feira;16:00:00;MG;116;780;LEOPOLDINA;Velocidade Incompatível;Saída de leito carroçável;Com Vítimas Feridas;Pleno dia;Decrescente;Chuva;Simples;Curva;Não;2;0;1;0;1;0;1;1;-21,61482397;-42,69263203;SPRF-MG;DEL07-MG;UOP01-DEL07-MG
633955;10/10/2024;quinta-feira;13:30:00;RO;364;14;VILHENA;Desrespeitar a preferência no cruzamento;Colisão transversal;Com Vítimas Feridas;Pleno dia;Decrescente;Nublado;Simples;Rotatória;Sim;3;0;1;0;2;0;1;2;-12,73898138;-60,13911417;SPRF-RO;DEL04-RO;UOP01-DEL04-RO
633957;10/10/2024;quinta-feira;12:30:00;RJ;393;171;TRES RIOS;Acumulo de água sobre o pavimento;Queda de ocupante de veículo;Com Vítimas Fatais;Pleno dia;Crescente;Chuva;Simples;Curva;Não;1;1;0;0;0;0;0;1;-22,12300119;-43,16875093;SPRF-RJ;DEL05-RJ;UOP03-DEL05-RJ
633959;10/10/2024;quinta-feira;18:50:00;RS;392;276,8;SAO SEPE;Retorno proibido;Colisão lateral mesmo sentido;Com Vítimas Feridas;Plena Noite;Crescente;Nublado;Simples;"Curva;Aclive";Não;3;0;1;0;2;0;1;2;-30,32569095;-53,53033243;SPRF-RS;DEL09-RS;UOP02-DEL09-RS
633960;10/10/2024;quinta-feira;19:00:00;RS;101;46,6;TERRA DE AREIA;Acessar a via sem observar a presença dos outros veículos;Colisão transversal;Com Vítimas Feridas;Plena Noite;Crescente;Chuva;Múltipla;"Reta;Viaduto;Interseção de Vias;Rotatória";Sim;2;0;0;1;1;0;1;2;-29,57664003;-50,06327396;SPRF-RS;DEL03-RS;UOP02-DEL03-RS
633961;10/10/2024;quinta-feira;17:00:00;RO;364;237;CACOAL;Manobra de mudança de faixa;Colisão lateral mesmo sentido;Sem Vítimas;Pleno dia;Crescente;Céu Claro;Simples;Reta;Sim;2;0;0;0;2;0;0;2;-11,44341056;-61,44672787;SPRF-RO;DEL02-RO;UOP02-DEL02-RO
633962;10/10/2024;quinta-feira;16:00:00;PR;163;220,9;CASCAVEL;Velocidade Incompatível;Saída de leito carroçável;Com Vítimas Feridas;Pleno dia;Decrescente;Garoa/Chuvisco;Dupla;"Declive;Curva";Não;2;0;1;0;1;0;1;1;-24,897235;-53,533793;SPRF-PR;DEL04-PR;UOP01-DEL04-PR
633963;10/10/2024;quinta-feira;16:40:00;RJ;40;111;DUQUE DE CAXIAS;Manobra de mudança de faixa;Colisão traseira;Com Vítimas Feridas;Pleno dia;Decrescente;Nublado;Múltipla;Reta;Não;2;0;1;0;0;1;1;2;-22,691868;-43,287453;SPRF-RJ;DEL01-RJ;UOP02-DEL01-RJ