id;data_inversa;dia_semana;horario;uf;br;km;municipio;causa_acidente;tipo_acidente;classificacao_acidente;fase_dia;sentido_via;condicao_metereologica;tipo_pista;tracado_via;uso_solo;pessoas;mortos;feridos_leves;feridos_graves;ilesos;ignorados;feridos;veiculos;latitude;longitude;regional;delegacia;uop
634089;11/10/2024;sexta-feira;05:55:00;MG;381;603,5;OLIVEIRA;Chuva;Saída de leito carroçável;Com Vítimas Feridas;Amanhecer;Crescente;Chuva;Dupla;Curva;Não;1;0;1;0;0;0;1;1;-20,64973798;-44,73551891;SPRF-MG;DEL04-MG;UOP01-DEL04-MG
634090;11/10/2024;sexta-feira;09:25:00;RS;290;113;ELDORADO DO SUL;Ausência de reação do condutor;Colisão traseira;Sem Vítimas;Pleno dia;Decrescente;Céu Claro;Simples;Reta;Não;2;0;0;0;2;0;0;2;-30,043636;-51,337456;SPRF-RS;DEL02-RS;UOP01-DEL02-RS
634091;11/10/2024;sexta-feira;08:50:00;SP;116;226;GUARULHOS;Ausência de reação do condutor;Tombamento;Com Vítimas Feridas;Pleno dia;Crescente;Nublado;Múltipla;"Em Obras;Reta";Não;1;0;1;0;0;0;1;1;-23,49102507;-46,54878195;SPRF-SP;DEL01-SP;UOP01-DEL01-SP
634092;11/10/2024;sexta-feira;08:55:00;ES;101;272,9;SERRA;Avarias e/ou desgaste excessivo no pneu;Saída de leito carroçável;Com Vítimas Feridas;Pleno dia;Crescente;Chuva;Dupla;"Reta;Declive";Sim;3;0;3;0;0;0;3;1;-20,22029207;-40,29048811;SPRF-ES;DEL02-ES;UOP01-DEL02-ES
634094;11/10/2024;sexta-feira;07:14:00;RJ;101;312,7;SAO GONCALO;Manobra de mudança de faixa;Colisão lateral mesmo sentido;Com Vítimas Feridas;Pleno dia;Crescente;Nublado;Dupla;Reta;Sim;3;0;2;0;1;0;2;2;-22,80546555;-43,06156967;SPRF-RJ;DEL02-RJ;UOP02-DEL02-RJ
634095;11/10/2024;sexta-feira;07:45:00;RS;392;352;SANTA MARIA;Reação tardia ou ineficiente do condutor;Colisão traseira;Com Vítimas Feridas;Pleno dia;Crescente;Nublado;Dupla;Reta;Sim;2;0;1;0;1;0;1;2;-29,72256723;-53,80670255;SPRF-RS;DEL09-RS;UOP01-DEL09-RS
634096;11/10/2024;sexta-feira;08:00:00;RS;392;67;PELOTAS;Desrespeitar a preferência no cruzamento;Colisão transversal;Com Vítimas Feridas;Pleno dia;Crescente;Chuva;Dupla;"Em Obras;Rotatória";Não;3;0;0;1;2;0;1;2;-31,75709532;-52,39980728;SPRF-RS;DEL07-RS;UOP01-DEL07-RS
634097;06/10/2024;domingo;09:15:00;SE;235;73,5;FREI PAULO;Acessar a via sem observar a presença dos outros veículos;Colisão transversal;Com Vítimas Feridas;Pleno dia;Decrescente;Céu Claro;Simples;Reta;Sim;2;0;0;1;0;1;1;2;-10,545807;-37,53688;SPRF-SE;DEL01-SE;UOP02-DEL01-SE
634098;21/09/2024;sábado;18:30:00;ES;262;164,1;IBATIBA;Transitar na contramão;Colisão frontal;Com Vítimas Fatais;Plena Noite;Crescente;Ignorado;Simples;Curva;Não;6;1;4;0;0;1;4;3;-20,24268196;-41,54659319;SPRF-ES;DEL01-ES;UOP02-DEL01-ES
634099;11/10/2024;sexta-feira;07:00:00;RJ;101;318;SAO GONCALO;Demais falhas mecânicas ou elétricas;Queda de ocupante de veículo;Com Vítimas Feridas;Amanhecer;Crescente;Nublado;Dupla;Reta;Sim;1;0;1;0;0;0;1;1;-22,84562994;-43,09841211;SPRF-RJ;DEL02-RJ;UOP02-DEL02-RJ
634102;11/10/2024;sexta-feira;09:10:00;PR;376;470;PONTA GROSSA;Ausência de reação do condutor;Saída de leito carroçável;Com Vítimas Feridas;Pleno dia;Decrescente;Chuva;Dupla;Curva;Não;1;0;1;0;0;0;1;1;-25,0409359;-50,27017496;SPRF-PR;DEL03-PR;UOP01-DEL03-PR
634103;11/10/2024;sexta-feira;10:40:00;ES;101;270;SERRA;Ausência de reação do condutor;Colisão traseira;Com Vítimas Feridas;Pleno dia;Crescente;Chuva;Dupla;Reta;Sim;2;0;1;0;1;0;1;2;-20,22662056;-40,27075088;SPRF-ES;DEL02-ES;UOP01-DEL02-ES
634104;11/10/2024;sexta-feira;10:00:00;BA;116;858,1;VITORIA DA CONQUISTA;Ausência de reação do condutor;Queda de ocupante de veículo;Com Vítimas Feridas;Pleno dia;Decrescente;Céu Claro;Simples;Reta;Não;2;0;2;0;0;0;2;1;-15,0532517;-40,97932723;SPRF-BA;DEL08-BA;UOP01-DEL08-BA
634105;11/10/2024;sexta-feira;10:15:00;PR;163;273,7;QUATRO PONTES;Velocidade Incompatível;Saída de leito carroçável;Com Vítimas Feridas;Pleno dia;Crescente;Chuva;Dupla;"Reta;Declive";Não;1;0;1;0;0;0;1;1;-24,59296971;-53,98058973;SPRF-PR;DEL06-PR;UOP02-DEL06-PR
634107;11/10/2024;sexta-feira;10:35:00;RJ;356;64;ITAPERUNA;Chuva;Saída de leito carroçável;Com Vítimas Feridas;Pleno dia;Crescente;Chuva;Simples;"Curva;Declive";Não;1;0;1;0;0;0;1;1;-21,341824;-41,71171;SPRF-RJ;DEL08-RJ;UOP03-DEL08-RJ
634108;11/10/2024;sexta-feira;10:50:00;RJ;101;87;CAMPOS DOS GOYTACAZES;Reação tardia ou ineficiente do condutor;Saída de leito carroçável;Com Vítimas Feridas;Pleno dia;Decrescente;Garoa/Chuvisco;Dupla;"Curva;Declive";Não;1;0;1;0;0;0;1;1;-21,829553;-41,499037;SPRF-RJ;DEL08-RJ;UOP02-DEL08-RJ
634109;11/10/2024;sexta-feira;09:55:00;PE;232;67;GRAVATA;Demais falhas mecânicas ou elétricas;Queda de ocupante de veículo;Com Vítimas Feridas;Pleno dia;Decrescente;Sol;Dupla;Curva;Não;2;0;2;0;0;0;2;1;-8,16727986;-35,464311;SPRF-PE;DEL02-PE;UOP02-DEL02PE
634110;11/10/2024;sexta-feira;10:20:00;RJ;40;122;DUQUE DE CAXIAS;Reação tardia ou ineficiente do condutor;Queda de ocupante de veículo;Com Vítimas Feridas;Pleno dia;Crescente;Céu Claro;Dupla;Reta;Sim;1;0;1;0;0;0;1;1;-22,79083113;-43,28611569;SPRF-RJ;DEL01-RJ;UOP02-DEL01-RJ
634111;11/10/2024;sexta-feira;11:30:00;RS;386;388;TRIUNFO;Manobra de mudança de faixa;Colisão lateral mesmo sentido;Com Vítimas Feridas;Pleno dia;Crescente;Céu Claro;Dupla;Reta;Sim;2;0;1;0;1;0;1;2;-29,694038;-51,695747;SPRF-RS;DEL04-RS;UOP02-DEL04-RS
634112;11/10/2024;sexta-feira;12:20:00;ES;101;236,9;FUNDAO;Velocidade Incompatível;Saída de leito carroçável;Com Vítimas Feridas;Pleno dia;Crescente;Chuva;Simples;Curva;Não;3;0;3;0;0;0;3;1;-19,98434998;-40,41371315;SPRF-ES;DEL02-ES;UOP01-DEL02-ES
634113;11/10/2024;sexta-feira;11:30:00;SC;282;5;SAO JOSE;Velocidade Incompatível;Saída de leito carroçável;Sem Vítimas;Pleno dia;Crescente;Garoa/Chuvisco;Dupla;Curva;Não;2;0;0;0;0;2;0;1;-27,588425;-48,612919;SPRF-SC;DEL01-SC;UOP01-DEL01-SC
634114;28/09/2024;sábado;06:00:00;SC;101;309;LAGUNA;Condutor Dormindo;Queda de ocupante de veículo;Com Vítimas Feridas;Pleno dia;Decrescente;Céu Claro;Múltipla;Reta;Sim;1;0;1;0;0;0;1;1;-28,40755485;-48,79169438;SPRF-SC;DEL02-SC;UOP01-DEL02-SC
634115;11/10/2024;sexta-feira;07:30:00;MG;40;145,6;JOAO PINHEIRO;Acessar a via sem observar a presença dos outros veículos;Colisão transversal;Com Vítimas Feridas;Pleno dia;Decrescente;Céu Claro;Simples;"Interseção de Vias;Reta";Não;3;0;0;1;1;1;1;3;-17,75566262;-46,16329585;SPRF-MG;DEL14-MG;UOP01-DEL14-MG
634116;11/10/2024;sexta-feira;10:45:00;RJ;465;21;SEROPEDICA;Trafegar com motocicleta (ou similar) entre as faixas;Colisão transversal;Com Vítimas Feridas;Pleno dia;Decrescente;Céu Claro;Simples;Reta;Sim;2;0;1;0;1;0;1;2;-22,854782;-43,601933;SPRF-RJ;DEL06-RJ;UOP02-DEL06-RJ
634117;11/10/2024;sexta-feira;11:53:00;RN;101;94;NATAL;Manobra de mudança de faixa;Colisão lateral mesmo sentido;Com Vítimas Feridas;Pleno dia;Decrescente;Céu Claro;Dupla;Reta;Sim;2;0;1;0;1;0;1;2;-5,83176615;-35,21191342;SPRF-RN;DEL01-RN;UOP01-DEL01-RN
634118;11/10/2024;sexta-feira;12:25:00;PB;230;17;JOAO PESSOA;Ausência de reação do condutor;Colisão traseira;Sem Vítimas;Pleno dia;Crescente;Céu Claro;Dupla;"Reta;Interseção de Vias";Sim;3;0;0;0;1;2;0;3;-7,11819675;-34,84415531;SPRF-PB;DEL01-PB;UOP01-DEL01-PB
634121;11/10/2024;sexta-feira;08:30:00;PR;476;156;ARAUCARIA;Condutor deixou de manter distância do veículo da frente;Colisão traseira;Com Vítimas Feridas;Pleno dia;Decrescente;Chuva;Dupla;Reta;Sim;2;0;1;0;1;0;1;2;-25,59068501;-49,41040456;SPRF-PR;DEL01-PR;UOP06-DEL01-PR
634122;11/10/2024;sexta-feira;12:55:00;PR;376;419;TIBAGI;Velocidade Incompatível;Colisão com objeto;Com Vítimas Feridas;Pleno dia;Crescente;Chuva;Dupla;Reta;Não;4;0;3;1;0;0;4;1;-24,675366;-50,598954;SPRF-PR;DEL03-PR;UOP02-DEL03-PR
634123;11/10/2024;sexta-feira;07:40:00;MT;70;513;CUIABA;Acessar a via sem observar a presença dos outros veículos;Colisão transversal;Sem Vítimas;Pleno dia;Decrescente;Céu Claro;Simples;Reta;Não;2;0;0;0;0;2;0;2;-15,65051022;-55,99823809;SPRF-MT;DEL01-MT;UOP02-DEL01-MT
634124;11/10/2024;sexta-feira;11:20:00;PI;343;4;PARNAIBA;Condutor desrespeitou a iluminação vermelha do semáforo;Colisão transversal;Com Vítimas Feridas;Pleno dia;Crescente;Céu Claro;Dupla;Reta;Sim;3;0;2;0;1;0;2;2;-2,900253;-41,689171;SPRF-PI;DEL05-PI;UOP01-DEL05-PI
634125;11/10/2024;sexta-feira;13:05:00;CE;116;4;FORTALEZA;Acessar a via sem observar a presença dos outros veículos;Colisão transversal;Com Vítimas Feridas;Pleno dia;Crescente;Céu Claro;Múltipla;Reta;Sim;2;0;1;0;1;0;1;2;-3,78697574;-38,51104975;SPRF-CE;DEL01-CE;UOP02-DEL01-CE
634126;11/10/2024;sexta-feira;13:15:00;RN;406;171,4;SAO GONCALO DO AMARANTE;Condutor deixou de manter distância do veículo da frente;Colisão transversal;Com Vítimas Feridas;Pleno dia;Decrescente;Céu Claro;Dupla;Reta;Sim;2;0;1;0;1;0;1;2;-5,76172663;-35,29115323;SPRF-RN;DEL02-RN;UOP01-DEL02-RN
634127;11/10/2024;sexta-feira;11:30:00;PA;316;77;CASTANHAL;Transitar no Acostamento;Colisão lateral mesmo sentido;Com Vítimas Feridas;Pleno dia;Decrescente;Céu Claro;Simples;Reta;Não;3;0;1;1;1;0;2;3;-1,30223447;-47,80628622;SPRF-PA;DEL01-PA;UOP01-DEL01-PA
634128;11/10/2024;sexta-feira;09:15:00;SC;163;94,7;GUARACIABA;Avarias e/ou desgaste excessivo no pneu;Colisão frontal;Com Vítimas Fatais;Pleno dia;Crescente;Chuva;Simples;"Curva;Declive";Não;6;2;4;0;0;0;4;2;-26,52641668;-53,51942539;SPRF-SC;DEL07-SC;UOP03-DEL07-SC
634129;11/10/2024;sexta-feira;11:15:00;MG;356;267,4;MURIAE;Desrespeitar a preferência no cruzamento;Colisão transversal;Com Vítimas Feridas;Pleno dia;Decrescente;Céu Claro;Simples;"Reta;Interseção de Vias";Sim;2;0;1;0;1;0;1;2;-21,12725696;-42,35052695;SPRF-MG;DEL07-MG;UOP02-DEL07-MG
634130;11/10/2024;sexta-feira;09:43:00;SC;282;373,1;ERVAL VELHO;Ingestão de álcool pelo condutor;Colisão lateral sentido oposto;Com Vítimas Feridas;Pleno dia;Crescente;Nublado;Simples;"Aclive;Reta";Não;3;0;2;0;1;0;2;2;-27,24722806;-51,44863129;SPRF-SC;DEL07-SC;UOP05-DEL07-SC
634131;11/10/2024;sexta-feira;11:50:00;MA;135;3;SAO LUIS;Reação tardia ou ineficiente do condutor;Colisão lateral mesmo sentido;Sem Vítimas;Pleno dia;Decrescente;Sol;Dupla;Aclive;Sim;2;0;0;0;1;1;0;2;-2,606802;-44,247512;SPRF-MA;DEL01-MA;UOP01-DEL01-MA
634135;11/10/2024;sexta-feira;08:00:00;SC;470;103;APIUNA;Demais falhas mecânicas ou elétricas;Eventos atípicos;Sem Vítimas;Pleno dia;Crescente;Chuva;Simples;Reta;Não;1;0;0;0;0;1;0;1;-27,064796;-49,401424;SPRF-SC;DEL04-SC;UOP02-DEL04-SC
634136;26/09/2024;quinta-feira;18:46:00;TO;0;0;PALMAS;Reação tardia ou ineficiente do condutor;Colisão lateral mesmo sentido;Sem Vítimas;Plena Noite;Não Informado;Céu Claro;Múltipla;Rotatória;Sim;4;0;0;0;4;0;0;2;-10,2305;-48,31777;SPRF-TO;DEL01-TO;N/A
634138;11/10/2024;sexta-feira;09:10:00;MG;116;507,5;UBAPORANGA;Condutor deixou de manter distância do veículo da frente;Colisão traseira;Com Vítimas Feridas;Pleno dia;Crescente;Céu Claro;Simples;Reta;Sim;2;0;1;0;1;0;1;2;-19,61953715;-42,10872923;SPRF-MG;DEL06-MG;UOP02-DEL06-MG
634139;11/10/2024;sexta-feira;14:00:00;MG;381;940;EXTREMA;Reação tardia ou ineficiente do condutor;Colisão lateral mesmo sentido;Com Vítimas Feridas;Pleno dia;Decrescente;Garoa/Chuvisco;Dupla;Reta;Não;2;0;1;0;1;0;1;2;-22,85421396;-46,33740277;SPRF-MG;DEL16-MG;UOP03-DEL16-MG
634140;11/10/2024;sexta-feira;14:20:00;RJ;101;528;PARATY;Condutor usando celular;Colisão lateral sentido oposto;Com Vítimas Feridas;Pleno dia;Crescente;Céu Claro;Simples;Reta;Sim;3;0;0;1;2;0;1;3;-23,02314418;-44,50045173;SPRF-RJ;DEL03-RJ;UOP03-DEL03-RJ
634141;11/10/2024;sexta-feira;14:30:00;RJ;101;278;TANGUA;Condutor deixou de manter distância do veículo da frente;Capotamento;Com Vítimas Feridas;Pleno dia;Decrescente;Nublado;Dupla;Curva;Sim;2;0;1;0;1;0;1;1;-22,74024136;-42,75799897;SPRF-RJ;DEL02-RJ;UOP03-DEL02-RJ
634142;11/10/2024;sexta-feira;14:20:00;RS;285;341;CARAZINHO;Ultrapassagem Indevida;Colisão frontal;Com Vítimas Feridas;Pleno dia;Crescente;Chuva;Simples;Reta;Sim;2;0;1;1;0;0;2;2;-28,317753;-52,806843;SPRF-RS;DEL08-RS;UOP03-DEL08-RS
634143;11/10/2024;sexta-feira;13:00:00;MS;262;69;TRES LAGOAS;Ausência de reação do condutor;Colisão traseira;Com Vítimas Feridas;Pleno dia;Crescente;Nublado;Simples;Reta;Não;7;0;4;0;3;0;4;2;-20,68235459;-52,22527025;SPRF-MS;DEL07-MS;UOP01-DEL07-MS
634144;11/10/2024;sexta-feira;09:30:00;RJ;393;114;SAPUCAIA;Transitar na contramão;Colisão transversal;Com Vítimas Feridas;Pleno dia;Crescente;Nublado;Simples;Curva;Não;3;0;1;0;2;0;1;2;-21,922274;-42,768561;SPRF-RJ;DEL05-RJ;UOP01-DEL05-RJ
634145;11/10/2024;sexta-feira;13:45:00;RS;293;137;CANDIOTA;Desrespeitar a preferência no cruzamento;Colisão lateral sentido oposto;Com Vítimas Feridas;Pleno dia;Crescente;Garoa/Chuvisco;Simples;Interseção de Vias;Não;3;0;1;0;2;0;1;2;-31,46954305;-53,65591903;SPRF-RS;DEL11-RS;UOP03-DEL11-RS
634146;11/10/2024;sexta-feira;10:55:00;PI;230;196,5;OEIRAS;Acessar a via sem observar a presença dos outros veículos;Colisão transversal;Com Vítimas Feridas;Pleno dia;Crescente;Sol;Simples;Interseção de Vias;Sim;2;0;1;0;1;0;1;2;-7,00554;-42,11866;SPRF-PI;DEL04-PI;UOP01-DEL04-PI
634147;11/10/2024;sexta-feira;14:45:00;PR;277;361,7;GUARAPUAVA;Chuva;Colisão frontal;Com Vítimas Fatais;Pleno dia;Crescente;Chuva;Simples;"Curva;Aclive";Não;5;1;0;2;2;0;2;2;-25,41478153;-51,56217701;SPRF-PR;DEL08-PR;UOP01-DEL08-PR
634148;11/10/2024;sexta-feira;15:00:00;MG;381;484;BETIM;Reação tardia ou ineficiente do condutor;Colisão traseira;Com Vítimas Feridas;Pleno dia;Crescente;Céu Claro;Múltipla;"Reta;Declive";Sim;3;0;0;1;2;0;1;3;-19,95531717;-44,11722196;SPRF-MG;DEL01-MG;UOP03-DEL01-MG
634149;16/06/2024;domingo;17:44:00;MG;365;160;PIRAPORA;Manobra de mudança de faixa;Colisão traseira;Com Vítimas Feridas;Anoitecer;Crescente;Céu Claro;Simples;Reta;Não;2;0;0;1;0;1;1;2;-17,36147194;-44,91972105;SPRF-MG;DEL10-MG;UOP02-DEL010-MG
634150;11/10/2024;sexta-feira;15:20:00;SP;116;229;SAO PAULO;Condutor deixou de manter distância do veículo da frente;Colisão traseira;Com Vítimas Feridas;Pleno dia;Crescente;Nublado;Múltipla;Reta;Sim;2;0;1;0;1;0;1;2;-23,51291902;-46,57604698;SPRF-SP;DEL01-SP;UOP01-DEL01-SP
634152;29/09/2024;domingo;16:20:00;SC;101;219;PALHOCA;Ingestão de álcool pelo condutor;Colisão lateral mesmo sentido;Sem Vítimas;Pleno dia;Decrescente;Sol;Múltipla;Reta;Sim;2;0;0;0;2;0;0;2;-27,68392194;-48,66710085;SPRF-SC;DEL01-SC;UOP02-DEL01-SC
634153;11/10/2024;sexta-feira;15:30:00;RJ;465;20;NOVA IGUACU;Trafegar com motocicleta (ou similar) entre as faixas;Colisão transversal;Com Vítimas Feridas;Pleno dia;Crescente;Céu Claro;Simples;Reta;Não;2;0;1;0;1;0;1;2;-22,846828;-43,605339;SPRF-RJ;DEL06-RJ;UOP02-DEL06-RJ
634155;11/10/2024;sexta-feira;15:45:00;SP;116;109;TAUBATE;Trafegar com motocicleta (ou similar) entre as faixas;Colisão lateral mesmo sentido;Com Vítimas Feridas;Pleno dia;Decrescente;Céu Claro;Dupla;Reta;Sim;2;0;1;0;1;0;1;2;-23,02871304;-45,54517097;SPRF-SP;DEL02-SP;UOP02-DEL02-SP
634156;11/10/2024;sexta-feira;13:00:00;RS;470;152;NOVA PRATA;Ausência de reação do condutor;Engavetamento;Com Vítimas Feridas;Pleno dia;Decrescente;Chuva;Simples;"Reta;Aclive";Sim;4;0;1;0;3;0;1;4;-28,7636048;-51,6252026;SPRF-RS;DEL06-RS;UOP02-DEL06-RS
634157;11/10/2024;sexta-feira;15:15:00;GO;414;439;ANAPOLIS;Acostamento em desnível;Queda de ocupante de veículo;Com Vítimas Feridas;Pleno dia;Crescente;Garoa/Chuvisco;Simples;Reta;Sim;1;0;1;0;0;0;1;1;-16,28128823;-48,94258908;SPRF-GO;DEL02-GO;UOP01-DEL02-GO
634158;11/10/2024;sexta-feira;15:10:00;SC;280;56;GUARAMIRIM;Manobra de mudança de faixa;Colisão lateral mesmo sentido;Com Vítimas Feridas;Pleno dia;Crescente;Chuva;Dupla;Reta;Não;2;0;1;0;1;0;1;2;-26,47947677;-49,00298702;SPRF-SC;DEL03-SC;UOP03-DEL03-SC
634160;11/10/2024;sexta-feira;12:50:00;MG;40;505,4;RIBEIRAO DAS NEVES;Ausência de reação do condutor;Saída de leito carroçável;Sem Vítimas;Pleno dia;Decrescente;Céu Claro;Dupla;"Reta;Aclive";Sim;1;0;0;0;1;0;0;1;-19,74716686;-44,14731173;SPRF-MG;DEL02-MG;UOP01-DEL02-MG
634161;11/10/2024;sexta-feira;13:00:00;PR;163;159;LINDOESTE;Velocidade Incompatível;Saída de leito carroçável;Com Vítimas Feridas;Pleno dia;Crescente;Chuva;Dupla;"Curva;Aclive";Não;1;0;1;0;0;0;1;1;-25,34495402;-53,58666028;SPRF-PR;DEL05-PR;UOP05-DEL05-PR
634162;11/10/2024;sexta-feira;15:25:00;DF;40;6,8;BRASILIA;Reação tardia ou ineficiente do condutor;Colisão traseira;Sem Vítimas;Pleno dia;Crescente;Nublado;Dupla;Reta;Não;5;0;0;0;5;0;0;2;-16,029741;-47,978867;SPRF-DF;DEL01-DF;UOP01-DEL01-DF
634163;11/10/2024;sexta-feira;15:30:00;PR;376;468;PONTA GROSSA;Velocidade Incompatível;Saída de leito carroçável;Com Vítimas Feridas;Amanhecer;Crescente;Garoa/Chuvisco;Dupla;Curva;Não;5;0;0;1;4;0;1;1;-25,004518;-50,359123;SPRF-PR;DEL03-PR;UOP01-DEL03-PR
634164;11/10/2024;sexta-feira;16:05:00;RS;386;372,3;FAZENDA VILANOVA;Retorno proibido;Colisão transversal;Com Vítimas Feridas;Pleno dia;Crescente;Garoa/Chuvisco;Simples;Reta;Não;6;0;1;0;5;0;1;2;-29,6042;-51,811676;SPRF-RS;DEL04-RS;UOP01-DEL04-RS
634167;11/10/2024;sexta-feira;16:40:00;BA;116;466;SANTO ESTEVAO;Mal súbito do condutor;Queda de ocupante de veículo;Com Vítimas Feridas;Pleno dia;Crescente;Céu Claro;Dupla;Reta;Não;1;0;1;0;0;0;1;1;-12,45221025;-39,25402888;SPRF-BA;DEL02-BA;UOP01-DEL02-BA
634168;11/10/2024;sexta-feira;16:00:00;MG;381;485;BETIM;Reação tardia ou ineficiente do condutor;Colisão traseira;Com Vítimas Feridas;Pleno dia;Crescente;Céu Claro;Múltipla;Reta;Sim;2;0;1;0;0;1;1;2;-19,95659361;-44,12622893;SPRF-MG;DEL01-MG;UOP03-DEL01-MG
634170;11/10/2024;sexta-feira;10:00:00;BA;101;821;ITAMARAJU;Ultrapassagem Indevida;Saída de leito carroçável;Com Vítimas Feridas;Pleno dia;Decrescente;Nublado;Simples;"Curva;Declive";Não;1;0;1;0;0;0;1;1;-17,106385;-39,565122;SPRF-BA;DEL09-BA;UOP01-DEL09-BA
634171;11/10/2024;sexta-feira;16:30:00;BA;101;104;ALAGOINHAS;Desrespeitar a preferência no cruzamento;Colisão transversal;Com Vítimas Feridas;Pleno dia;Crescente;Céu Claro;Simples;"Rotatória;Interseção de Vias";Não;4;0;2;0;2;0;2;2;-12,15963868;-38,41162324;SPRF-BA;DEL01-BA;UOP04-DEL01-BA
634172;11/10/2024;sexta-feira;17:00:00;RJ;116;179;BELFORD ROXO;Trafegar com motocicleta (ou similar) entre as faixas;Colisão traseira;Com Vítimas Feridas;Pleno dia;Crescente;Céu Claro;Dupla;Reta;Sim;4;0;1;1;2;0;2;2;-22,769902;-43,408036;SPRF-RJ;DEL06-RJ;UOP01-DEL06-RJ
634175;11/10/2024;sexta-feira;17:00:00;MG;50;173;UBERABA;Avarias e/ou desgaste excessivo no pneu;Saída de leito carroçável;Com Vítimas Feridas;Pleno dia;Decrescente;Céu Claro;Dupla;Reta;Sim;2;0;2;0;0;0;2;1;-19,7624352;-47,97701547;SPRF-MG;DEL13-MG;UOP01-DEL13-MG
634176;11/10/2024;sexta-feira;17:10:00;SC;282;19;PALHOCA;Trafegar com motocicleta (ou similar) entre as faixas;Colisão traseira;Com Vítimas Feridas;Pleno dia;Crescente;Garoa/Chuvisco;Simples;"Reta;Viaduto";Não;2;0;1;0;1;0;1;2;-27,678635;-48,70192;SPRF-SC;DEL01-SC;UOP02-DEL01-SC
634177;11/10/2024;sexta-feira;17:30:00;BA;101;104;ALAGOINHAS;Acessar a via sem observar a presença dos outros veículos;Colisão transversal;Com Vítimas Feridas;Anoitecer;Crescente;Céu Claro;Simples;Reta;Não;2;0;1;0;1;0;1;2;-12,15963868;-38,41162324;SPRF-BA;DEL01-BA;UOP04-DEL01-BA
634180;11/10/2024;sexta-feira;15:00:00;BA;324;527;FEIRA DE SANTANA;Acessar a via sem observar a presença dos outros veículos;Colisão lateral mesmo sentido;Com Vítimas Feridas;Pleno dia;Crescente;Nublado;Dupla;"Reta;Retorno Regulamentado";Não;2;0;1;0;1;0;1;2;-12,31183923;-38,88331817;SPRF-BA;DEL01-BA;UOP03-DEL01-BA
634183;11/10/2024;sexta-feira;17:00:00;SC;470;71,5;INDAIAL;Acumulo de água sobre o pavimento;Saída de leito carroçável;Com Vítimas Feridas;Pleno dia;Decrescente;Chuva;Dupla;Reta;Não;1;0;1;0;0;0;1;1;-26,895243;-49,262104;SPRF-SC;DEL04-SC;UOP01-DEL04-SC
634184;11/10/2024;sexta-feira;18:00:00;RN;101;97;NATAL;Reação tardia ou ineficiente do condutor;Colisão traseira;Com Vítimas Feridas;Plena Noite;Crescente;Ignorado;Dupla;"Aclive;Viaduto";Sim;4;0;0;2;2;0;2;2;-5,85758898;-35,21271205;SPRF-RN;DEL01-RN;UOP01-DEL01-RN
634185;11/10/2024;sexta-feira;16:50:00;PE;423;81;JUCATI;Acessar a via sem observar a presença dos outros veículos;Colisão transversal;Com Vítimas Fatais;Pleno dia;Crescente;Céu Claro;Simples;"Reta;Aclive";Não;8;1;0;0;7;0;0;2;-8,77445381;-36,42734142;SPRF-PE;DEL03-PE;UOP01-DEL03-PE
634186;11/10/2024;sexta-feira;15:35:00;SC;282;488;FAXINAL DOS GUEDES;Acessar a via sem observar a presença dos outros veículos;Tombamento;Com Vítimas Feridas;Pleno dia;Crescente;Garoa/Chuvisco;Simples;Curva;Sim;1;0;1;0;0;0;1;1;-26,863047;-52,270107;SPRF-SC;DEL07-SC;UOP01-DEL07-SC
634187;11/10/2024;sexta-feira;14:10:00;MG;262;38,3;MANHUACU;Trafegar com motocicleta (ou similar) entre as faixas;Colisão transversal;Com Vítimas Feridas;Pleno dia;Decrescente;Nublado;Simples;"Reta;Aclive";Sim;3;0;1;1;1;0;2;2;-20,26305859;-42,03684948;SPRF-MG;DEL06-MG;UOP03-DEL06-MG
634190;11/10/2024;sexta-feira;16:50:00;SC;470;151;AGRONOMICA;Reação tardia ou ineficiente do condutor;Colisão traseira;Com Vítimas Fatais;Anoitecer;Decrescente;Garoa/Chuvisco;Simples;Reta;Não;9;1;0;5;3;0;5;3;-27,26348;-49,72344;SPRF-SC;DEL04-SC;UOP02-DEL04-SC
634191;11/10/2024;sexta-feira;18:15:00;SP;488;3,2;APARECIDA;Ausência de reação do condutor;Atropelamento de Pedestre;Com Vítimas Feridas;Anoitecer;Decrescente;Chuva;Dupla;Reta;Sim;3;0;0;1;1;1;1;2;-22,855059;-45,243423;SPRF-SP;DEL08-SP;UOP01-DEL08-SP
634192;11/10/2024;sexta-feira;18:21:00;SP;381;71;MAIRIPORA;Pista Escorregadia;Saída de leito carroçável;Com Vítimas Feridas;Plena Noite;Crescente;Chuva;Dupla;Curva;Não;2;0;1;0;1;0;1;1;-23,35047979;-46,55267274;SPRF-SP;DEL03-SP;UOP01-DEL03-SP
634193;11/10/2024;sexta-feira;18:40:00;RS;116;264;CANOAS;Ausência de reação do condutor;Colisão traseira;Com Vítimas Feridas;Plena Noite;Decrescente;Céu Claro;Múltipla;Reta;Sim;3;0;2;0;1;0;2;3;-29,914435;-51,17754495;SPRF-RS;DEL01-RS;UOP01-DEL01-RS
634194;11/10/2024;sexta-feira;18:40:00;SP;116;100;PINDAMONHANGABA;Ausência de reação do condutor;Colisão traseira;Com Vítimas Feridas;Plena Noite;Crescente;Garoa/Chuvisco;Dupla;Reta;Não;2;0;1;0;1;0;1;2;-22,986552;-45,47276;SPRF-SP;DEL08-SP;UOP01-DEL08-SP