id;data_inversa;dia_semana;horario;uf;br;km;municipio;causa_acidente;tipo_acidente;classificacao_acidente;fase_dia;sentido_via;condicao_metereologica;tipo_pista;tracado_via;uso_solo;pessoas;mortos;feridos_leves;feridos_graves;ilesos;ignorados;feridos;veiculos;latitude;longitude;regional;delegacia;uop
634306;12/10/2024;sábado;01:50:00;SC;101;328,8;CAPIVARI DE BAIXO;Ingestão de álcool pelo condutor;Colisão com objeto;Com Vítimas Feridas;Plena Noite;Decrescente;Nublado;Dupla;"Curva;Desvio Temporário;Em Obras;Ponte";Sim;1;0;1;0;0;0;1;1;-28,45065677;-48,97198677;SPRF-SC;DEL02-SC;UOP01-DEL02-SC
634307;12/10/2024;sábado;04:10:00;TO;10;456;PALMAS;Ausência de reação do condutor;Colisão traseira;Sem Vítimas;Plena Noite;Crescente;Céu Claro;Múltipla;Reta;Não;2;0;0;0;2;0;0;2;-10,32482013;-48,29737902;SPRF-TO;DEL01-TO;UOP03-DEL01-TO
634310;12/10/2024;sábado;03:50:00;SP;381;57,5;MAIRIPORA;Avarias e/ou desgaste excessivo no pneu;Saída de leito carroçável;Sem Vítimas;Plena Noite;Decrescente;Chuva;Dupla;"Declive;Reta";Sim;1;0;0;0;1;0;0;1;-23,2658219;-46,5839857;SPRF-SP;DEL03-SP;UOP01-DEL03-SP
634311;11/10/2024;sexta-feira;16:15:00;SC;282;72;RANCHO QUEIMADO;Ausência de reação do condutor;Saída de leito carroçável;Com Vítimas Feridas;Pleno dia;Decrescente;Garoa/Chuvisco;Simples;"Declive;Curva";Sim;5;0;5;0;0;0;5;1;-27,683439;-49,105259;SPRF-SC;DEL01-SC;UOP03-DEL01-SC
634313;11/10/2024;sexta-feira;09:30:00;RJ;40;122;DUQUE DE CAXIAS;Trafegar com motocicleta (ou similar) entre as faixas;Colisão lateral mesmo sentido;Sem Vítimas;Pleno dia;Crescente;Céu Claro;Múltipla;Reta;Sim;3;0;0;0;2;1;0;3;-22,79083113;-43,28611569;SPRF-RJ;DEL01-RJ;UOP02-DEL01-RJ
634314;11/10/2024;sexta-feira;20:30:00;SC;282;31,4;SANTO AMARO DA IMPERATRIZ;Frear bruscamente;Queda de ocupante de veículo;Com Vítimas Feridas;Plena Noite;Decrescente;Garoa/Chuvisco;Simples;Reta;Sim;2;0;2;0;0;0;2;1;-27,695198;-48,793308;SPRF-SC;DEL01-SC;UOP03-DEL01-SC
634315;12/10/2024;sábado;03:15:00;RJ;116;132;MAGE;Ausência de reação do condutor;Saída de leito carroçável;Sem Vítimas;Plena Noite;Decrescente;Nublado;Dupla;Reta;Não;1;0;0;0;0;1;0;1;-22,65703272;-43,13458092;SPRF-RJ;DEL04-RJ;UOP02-DEL04-RJ
634317;12/10/2024;sábado;04:30:00;SC;470;249,9;CURITIBANOS;Ausência de reação do condutor;Colisão com objeto;Com Vítimas Feridas;Plena Noite;Crescente;Nublado;Simples;Reta;Não;5;0;1;0;0;4;1;1;-27,312902;-50,559643;SPRF-SC;DEL05-SC;UOP03-DEL05-SC
634319;12/10/2024;sábado;00:30:00;PI;343;474;ANGICAL DO PIAUI;Ingestão de álcool pelo condutor;Saída de leito carroçável;Com Vítimas Feridas;Plena Noite;Crescente;Céu Claro;Simples;"Em Obras;Reta";Não;1;0;1;0;0;0;1;1;-6,12501;-42,725243;SPRF-PI;DEL01-PI;UOP02-DEL01-PI
634321;12/10/2024;sábado;05:00:00;RS;290;19;SANTO ANTONIO DA PATRULHA;Ingestão de álcool pelo condutor;Colisão com objeto;Sem Vítimas;Amanhecer;Crescente;Nublado;Múltipla;Reta;Não;1;0;0;0;1;0;0;1;-29,884407;-50,444893;SPRF-RS;DEL03-RS;UOP01-DEL03-RS
634322;12/10/2024;sábado;04:30:00;SP;116;75;APARECIDA;Ausência de reação do condutor;Atropelamento de Pedestre;Com Vítimas Feridas;Plena Noite;Crescente;Nublado;Dupla;Reta;Não;2;0;1;0;0;1;1;2;-22,87521876;-45,26277018;SPRF-SP;DEL08-SP;UOP01-DEL08-SP
634325;12/10/2024;sábado;04:30:00;RS;293;141;CANDIOTA;Neblina;Colisão com objeto;Com Vítimas Feridas;Plena Noite;Crescente;Nevoeiro/Neblina;Simples;"Reta;Ponte";Não;2;0;1;0;1;0;1;1;-31,43956414;-53,69449854;SPRF-RS;DEL11-RS;UOP03-DEL11-RS
634326;12/10/2024;sábado;05:38:00;GO;364;208;JATAI;Ausência de reação do condutor;Saída de leito carroçável;Com Vítimas Feridas;Pleno dia;Decrescente;Nublado;Simples;Reta;Não;1;0;1;0;0;0;1;1;-17,904121;-51,828594;SPRF-GO;DEL05-GO;UOP01-DEL05-GO
634327;12/10/2024;sábado;05:10:00;SP;116;117;TAUBATE;Acessar a via sem observar a presença dos outros veículos;Colisão transversal;Com Vítimas Feridas;Pleno dia;Decrescente;Céu Claro;Dupla;Reta;Não;2;0;1;0;1;0;1;2;-23,0582298;-45,6176951;SPRF-SP;DEL02-SP;UOP02-DEL02-SP
634329;12/10/2024;sábado;05:00:00;SC;480;128;CHAPECO;Transitar na contramão;Colisão frontal;Com Vítimas Feridas;Plena Noite;Decrescente;Céu Claro;Simples;Reta;Não;6;0;3;0;3;0;3;2;-27,03781899;-52,63432603;SPRF-SC;DEL07-SC;UOP01-DEL07-SC
634332;12/10/2024;sábado;06:15:00;MG;381;923;ITAPEVA;Velocidade Incompatível;Colisão lateral mesmo sentido;Com Vítimas Feridas;Pleno dia;Crescente;Nublado;Dupla;Curva;Não;5;0;1;0;4;0;1;4;-22,7671484;-46,22667493;SPRF-MG;DEL16-MG;UOP03-DEL16-MG
634334;12/10/2024;sábado;06:00:00;GO;60;167;GOIANIA;Condutor Dormindo;Capotamento;Com Vítimas Feridas;Amanhecer;Decrescente;Céu Claro;Dupla;Aclive;Não;1;0;0;1;0;0;1;1;-16,7175;-49,3663;SPRF-GO;DEL01-GO;UOP02-DEL01-GO
634335;12/10/2024;sábado;05:30:00;PI;343;336;TERESINA;Ausência de reação do condutor;Colisão com objeto;Com Vítimas Feridas;Amanhecer;Crescente;Céu Claro;Múltipla;Reta;Não;1;0;0;1;0;0;1;1;-5,062547;-42,705189;SPRF-PI;DEL01-PI;UOP01-DEL01-PI
634336;11/10/2024;sexta-feira;22:30:00;SC;101;85;BARRA VELHA;Condutor deixou de manter distância do veículo da frente;Colisão traseira;Com Vítimas Feridas;Plena Noite;Decrescente;Céu Claro;Múltipla;Reta;Não;2;0;0;1;0;1;1;2;-26,62840879;-48,70813584;SPRF-SC;DEL03-SC;UOP02-DEL03-SC
634337;11/10/2024;sexta-feira;23:30:00;RJ;101;407;ITAGUAI;Iluminação deficiente;Colisão traseira;Com Vítimas Fatais;Plena Noite;Decrescente;Chuva;Dupla;Reta;Sim;3;1;1;0;1;0;1;2;-22,87672058;-43,81631971;SPRF-RJ;DEL03-RJ;UOP01-DEL03-RJ
634338;12/10/2024;sábado;06:40:00;SC;470;51,8;BLUMENAU;Ingestão de álcool pelo condutor;Saída de leito carroçável;Sem Vítimas;Pleno dia;Crescente;Céu Claro;Simples;Reta;Sim;1;0;0;0;1;0;0;1;-26,862339;-49,084038;SPRF-SC;DEL04-SC;UOP01-DEL04-SC
634340;12/10/2024;sábado;06:47:00;ES;101;297,7;VIANA;Ausência de reação do condutor;Colisão traseira;Com Vítimas Feridas;Pleno dia;Crescente;Céu Claro;Dupla;Reta;Sim;2;0;0;1;1;0;1;2;-20,34529844;-40,41026774;SPRF-ES;DEL01-ES;UOP01-DEL01-ES
634342;12/10/2024;sábado;07:00:00;RJ;465;8;SEROPEDICA;Ausência de reação do condutor;Queda de ocupante de veículo;Com Vítimas Feridas;Pleno dia;Decrescente;Nublado;Simples;Reta;Não;1;0;1;0;0;0;1;1;-22,767147;-43,678768;SPRF-RJ;DEL06-RJ;UOP02-DEL06-RJ
634343;12/10/2024;sábado;07:15:00;MG;50;180;UBERABA;Ausência de reação do condutor;Colisão lateral mesmo sentido;Com Vítimas Feridas;Amanhecer;Decrescente;Céu Claro;Simples;Rotatória;Não;1;0;1;0;0;0;1;1;-19,77848216;-47,92194709;SPRF-MG;DEL13-MG;UOP01-DEL13-MG
634345;12/10/2024;sábado;07:00:00;PE;101;45;IGARASSU;Ausência de reação do condutor;Colisão traseira;Com Vítimas Feridas;Pleno dia;Decrescente;Nublado;Múltipla;Reta;Sim;4;0;0;1;3;0;1;3;-7,86521297;-34,90715176;SPRF-PE;DEL01-PE;UOP02-DEL01-PE
634346;12/10/2024;sábado;06:00:00;MG;40;735;SANTOS DUMONT;Curva acentuada;Colisão frontal;Com Vítimas Feridas;Amanhecer;Decrescente;Chuva;Simples;Curva;Não;5;0;3;0;2;0;3;2;-21,37012696;-43,57558994;SPRF-MG;DEL05-MG;UOP01-DEL05-MG
634347;12/10/2024;sábado;07:00:00;SP;116;118;TAUBATE;Reação tardia ou ineficiente do condutor;Colisão traseira;Com Vítimas Feridas;Pleno dia;Decrescente;Céu Claro;Dupla;Reta;Não;4;0;2;0;2;0;2;2;-23,06266296;-45,62665044;SPRF-SP;DEL02-SP;UOP02-DEL02-SP
634348;12/10/2024;sábado;06:00:00;MG;267;258,1;SERITINGA;Velocidade Incompatível;Saída de leito carroçável;Com Vítimas Feridas;Amanhecer;Decrescente;Chuva;Simples;Curva;Não;1;0;1;0;0;0;1;1;-21,93295838;-44,52278892;SPRF-MG;DEL17-MG;UOP01-DEL17-MG
634350;12/10/2024;sábado;06:05:00;MT;70;4,3;BARRA DO GARCAS;Transtornos Mentais (exceto suicidio);Queda de ocupante de veículo;Com Vítimas Feridas;Amanhecer;Decrescente;Céu Claro;Dupla;Reta;Não;2;0;1;0;1;0;1;1;-15,87907036;-52,28563311;SPRF-MT;DEL07-MT;UOP01-DEL07-MT
634351;12/10/2024;sábado;06:05:00;MG;116;716,7;MURIAE;Chuva;Saída de leito carroçável;Com Vítimas Feridas;Pleno dia;Crescente;Chuva;Simples;Curva;Não;1;0;1;0;0;0;1;1;-21,21283022;-42,38932659;SPRF-MG;DEL07-MG;UOP02-DEL07-MG
634352;12/10/2024;sábado;07:00:00;SC;101;165,1;TIJUCAS;Reação tardia ou ineficiente do condutor;Colisão traseira;Com Vítimas Feridas;Pleno dia;Crescente;Sol;Dupla;Reta;Não;2;0;0;1;1;0;1;2;-27,252663;-48,63154894;SPRF-SC;DEL04-SC;UOP03-DEL04-SC
634353;12/10/2024;sábado;04:25:00;MS;158;142,5;APARECIDA DO TABOADO;Ingestão de álcool pelo condutor;Colisão com objeto;Sem Vítimas;Amanhecer;Crescente;Céu Claro;Simples;"Rotatória;Reta";Não;5;0;0;0;5;0;0;1;-20,05240582;-51,11218661;SPRF-MS;DEL08-MS;UOP01-DEL08-MS
634355;30/09/2024;segunda-feira;17:30:00;SC;282;3;FLORIANOPOLIS;Reação tardia ou ineficiente do condutor;Colisão lateral mesmo sentido;Com Vítimas Feridas;Pleno dia;Crescente;Ignorado;Múltipla;Reta;Sim;2;0;1;0;1;0;1;2;-27,60086768;-48,59903097;SPRF-SC;DEL01-SC;UOP01-DEL01-SC
634356;12/10/2024;sábado;05:40:00;MT;174;70;CACERES;Condutor Dormindo;Queda de ocupante de veículo;Com Vítimas Feridas;Amanhecer;Crescente;Céu Claro;Simples;Reta;Não;2;0;2;0;0;0;2;1;-16,00181;-57,74605;SPRF-MT;DEL03-MT;UOP01-DEL03-MT
634357;12/10/2024;sábado;00:30:00;RO;364;196,7;PIMENTA BUENO;Ingestão de álcool pelo condutor;Colisão com objeto;Com Vítimas Feridas;Plena Noite;Crescente;Céu Claro;Simples;Curva;Sim;2;0;1;0;1;0;1;1;-11,68671732;-61,18347731;SPRF-RO;DEL02-RO;UOP02-DEL02-RO
634358;12/10/2024;sábado;07:45:00;SP;116;117;TAUBATE;Reação tardia ou ineficiente do condutor;Engavetamento;Com Vítimas Feridas;Pleno dia;Decrescente;Céu Claro;Dupla;Reta;Não;4;0;1;0;3;0;1;4;-23,0582298;-45,6176951;SPRF-SP;DEL02-SP;UOP02-DEL02-SP
634360;12/10/2024;sábado;06:45:00;PR;277;249;IRATI;Ausência de reação do condutor;Saída de leito carroçável;Sem Vítimas;Pleno dia;Decrescente;Céu Claro;Simples;"Curva;Interseção de Vias";Não;2;0;0;0;2;0;0;1;-25,4534411;-50,65071702;SPRF-PR;DEL08-PR;UOP02-DEL08-PR
634361;12/10/2024;sábado;01:20:00;RO;364;3;JI-PARANA;Ingestão de álcool pelo condutor;Saída de leito carroçável;Com Vítimas Feridas;Plena Noite;Decrescente;Céu Claro;Simples;"Reta;Rotatória";Não;4;0;3;1;0;0;4;1;-10,915732;-61,957885;SPRF-RO;DEL02-RO;UOP01-DEL02-RO
634362;12/10/2024;sábado;08:00:00;MG;40;465,4;SETE LAGOAS;Ausência de reação do condutor;Colisão traseira;Com Vítimas Feridas;Pleno dia;Decrescente;Chuva;Dupla;"Reta;Aclive";Não;4;0;2;0;2;0;2;2;-19,43835777;-44,33103681;SPRF-MG;DEL02-MG;UOP01-DEL02-MG
634364;12/10/2024;sábado;08:35:00;CE;116;13;FORTALEZA;Transitar no Acostamento;Colisão traseira;Com Vítimas Feridas;Pleno dia;Decrescente;Céu Claro;Múltipla;"Reta;Aclive";Sim;2;0;1;0;1;0;1;2;-3,86102187;-38,49690914;SPRF-CE;DEL01-CE;UOP02-DEL01-CE
634368;12/10/2024;sábado;04:00:00;ES;101;292,8;CARIACICA;Manobra de mudança de faixa;Colisão lateral mesmo sentido;Sem Vítimas;Plena Noite;Decrescente;Nublado;Dupla;Curva;Sim;2;0;0;0;0;2;0;2;-20,31252357;-40,39532304;SPRF-ES;DEL01-ES;UOP01-DEL01-ES
634370;12/10/2024;sábado;07:16:00;GO;60;344;SANTO ANTONIO DA BARRA;Reação tardia ou ineficiente do condutor;Capotamento;Sem Vítimas;Pleno dia;Decrescente;Nublado;Dupla;Reta;Não;1;0;0;0;1;0;0;1;-17,5628;-50,6402;SPRF-GO;DEL04-GO;UOP02-DEL04-GO
634372;12/10/2024;sábado;09:00:00;PB;230;15,6;JOAO PESSOA;Ausência de reação do condutor;Colisão traseira;Com Vítimas Feridas;Pleno dia;Decrescente;Céu Claro;Dupla;"Aclive;Reta";Sim;3;0;2;0;0;1;2;2;-7,093;-34,8482;SPRF-PB;DEL01-PB;UOP01-DEL01-PB
634373;12/10/2024;sábado;07:00:00;MG;381;936,5;EXTREMA;Chuva;Saída de leito carroçável;Com Vítimas Feridas;Pleno dia;Decrescente;Chuva;Dupla;"Curva;Declive";Não;1;0;1;0;0;0;1;1;-22,82914914;-46,31469547;SPRF-MG;DEL16-MG;UOP03-DEL16-MG
634374;12/10/2024;sábado;04:00:00;MG;116;422;ALPERCATA;Animais na Pista;Atropelamento de Animal;Com Vítimas Feridas;Amanhecer;Crescente;Ignorado;Simples;Curva;Não;2;0;0;2;0;0;2;1;-18,94601944;-41,95023848;SPRF-MG;DEL06-MG;UOP01-DEL06-MG
634375;12/10/2024;sábado;08:35:00;SC;282;258;SAO JOSE DO CERRITO;Reação tardia ou ineficiente do condutor;Colisão lateral mesmo sentido;Sem Vítimas;Pleno dia;Crescente;Céu Claro;Simples;Curva;Não;6;0;0;0;6;0;0;2;-27,659687;-50,591881;SPRF-SC;DEL05-SC;UOP02-DEL05-SC
634376;12/10/2024;sábado;09:25:00;RS;468;131,2;TIRADENTES DO SUL;Ausência de reação do condutor;Colisão com objeto;Com Vítimas Feridas;Pleno dia;Crescente;Céu Claro;Simples;"Curva;Declive";Não;3;0;3;0;0;0;3;2;-27,37751185;-54,10296799;SPRF-RS;DEL08-RS;UOP02-DEL08-RS
634377;12/10/2024;sábado;08:00:00;MG;40;764,3;JUIZ DE FORA;Velocidade Incompatível;Colisão frontal;Com Vítimas Feridas;Pleno dia;Crescente;Garoa/Chuvisco;Simples;Curva;Não;5;0;2;1;2;0;3;2;-21,5606587;-43,49865196;SPRF-MG;DEL05-MG;UOP01-DEL05-MG
634380;12/10/2024;sábado;09:50:00;PE;101;50;ABREU E LIMA;Condutor deixou de manter distância do veículo da frente;Engavetamento;Com Vítimas Feridas;Pleno dia;Crescente;Céu Claro;Múltipla;Curva;Sim;3;0;1;0;2;0;1;3;-7,90979148;-34,90205169;SPRF-PE;DEL01-PE;UOP02-DEL01-PE
634381;12/10/2024;sábado;09:00:00;BA;415;49,6;ITABUNA;Fumaça;Saída de leito carroçável;Sem Vítimas;Pleno dia;Crescente;Céu Claro;Simples;Viaduto;Sim;1;0;0;0;1;0;0;1;-14,81430047;-39,29770947;SPRF-BA;DEL05-BA;UOP01-DEL05-BA
634382;11/10/2024;sexta-feira;22:30:00;MG;381;946;EXTREMA;Demais falhas mecânicas ou elétricas;Incêndio;Sem Vítimas;Plena Noite;Decrescente;Céu Claro;Dupla;"Aclive;Reta";Não;1;0;0;0;1;0;0;1;-22,87479042;-46,36655782;SPRF-MG;DEL16-MG;UOP03-DEL16-MG
634384;12/10/2024;sábado;10:17:00;ES;101;269;SERRA;Condutor deixou de manter distância do veículo da frente;Colisão traseira;Com Vítimas Feridas;Pleno dia;Decrescente;Céu Claro;Dupla;"Retorno Regulamentado;Interseção de Vias";Não;3;0;1;0;2;0;1;2;-20,21740496;-40,26990578;SPRF-ES;DEL02-ES;UOP01-DEL02-ES
634385;12/10/2024;sábado;10:09:00;DF;80;14,1;BRASILIA;Ausência de reação do condutor;Queda de ocupante de veículo;Com Vítimas Feridas;Pleno dia;Decrescente;Céu Claro;Simples;Reta;Não;1;0;1;0;0;0;1;1;-15,719034;-48,196686;SPRF-DF;DEL03-DF;UOP02-DEL03-DF
634389;12/10/2024;sábado;10:45:00;SC;101;110,8;NAVEGANTES;Velocidade Incompatível;Colisão traseira;Com Vítimas Feridas;Pleno dia;Crescente;Céu Claro;Dupla;Reta;Sim;4;0;1;0;3;0;1;3;-26,83477;-48,706151;SPRF-SC;DEL04-SC;UOP04-DEL04-SC
634391;12/10/2024;sábado;11:00:00;SP;116;83,6;PINDAMONHANGABA;Condutor deixou de manter distância do veículo da frente;Colisão traseira;Com Vítimas Feridas;Pleno dia;Crescente;Céu Claro;Dupla;Reta;Não;3;0;1;0;2;0;1;2;-22,91346033;-45,32740983;SPRF-SP;DEL08-SP;UOP01-DEL08-SP
634393;12/10/2024;sábado;11:32:00;RS;116;234,8;NOVO HAMBURGO;Retorno proibido;Colisão com objeto;Sem Vítimas;Pleno dia;Decrescente;Céu Claro;Múltipla;Reta;Não;2;0;0;0;1;1;0;2;-29,65121313;-51,1444433;SPRF-RS;DEL01-RS;UOP02-DEL01-RS
634395;12/10/2024;sábado;11:25:00;RJ;116;177;SAO JOAO DE MERITI;Manobra de mudança de faixa;Colisão lateral mesmo sentido;Com Vítimas Feridas;Pleno dia;Crescente;Céu Claro;Múltipla;Reta;Sim;3;0;1;1;1;0;2;2;-22,78055198;-43,39208599;SPRF-RJ;DEL06-RJ;UOP01-DEL06-RJ
634396;12/10/2024;sábado;11:43:00;PE;104;70,1;CARUARU;Avarias e/ou desgaste excessivo no pneu;Tombamento;Com Vítimas Feridas;Pleno dia;Crescente;Céu Claro;Dupla;Reta;Não;2;0;1;1;0;0;2;1;-8,31821;-35,991512;SPRF-PE;DEL02-PE;UOP01-DEL02-PE
634397;12/10/2024;sábado;11:30:00;SP;381;57;MAIRIPORA;Ausência de reação do condutor;Engavetamento;Com Vítimas Feridas;Pleno dia;Decrescente;Céu Claro;Dupla;Reta;Não;5;0;2;0;3;0;2;3;-23,2658219;-46,5839857;SPRF-SP;DEL03-SP;UOP01-DEL03-SP
634400;12/10/2024;sábado;10:10:00;PE;407;126,5;PETROLINA;Conversão proibida;Colisão lateral mesmo sentido;Com Vítimas Feridas;Pleno dia;Crescente;Céu Claro;Dupla;Reta;Sim;2;0;2;0;0;0;2;1;-9,38491309;-40,52809509;SPRF-PE;DEL06-PE;UOP01-DEL06-PE
634402;12/10/2024;sábado;11:20:00;RN;406;162,7;CEARA-MIRIM;Acessar a via sem observar a presença dos outros veículos;Colisão transversal;Com Vítimas Feridas;Pleno dia;Decrescente;Céu Claro;Simples;Reta;Não;3;0;0;2;1;0;2;2;-5,7280941;-35,36099113;SPRF-RN;DEL02-RN;UOP01-DEL02-RN
634403;12/10/2024;sábado;08:10:00;RJ;40;53;PETROPOLIS;Pista Escorregadia;Atropelamento de Pedestre;Com Vítimas Feridas;Pleno dia;Decrescente;Garoa/Chuvisco;Dupla;Curva;Não;2;0;1;0;1;0;1;2;-22,34399896;-43,13243691;SPRF-RJ;DEL05-RJ;UOP02-DEL05-RJ
634405;12/10/2024;sábado;01:00:00;RO;364;902;PORTO VELHO;Ausência de sinalização;Saída de leito carroçável;Com Vítimas Feridas;Plena Noite;Crescente;Céu Claro;Simples;"Reta;Em Obras";Não;5;0;5;0;0;0;5;1;-9,70010533;-65,14423789;SPRF-RO;DEL01-RO;UOP02-DEL01-RO
634407;12/10/2024;sábado;12:20:00;GO;60;16,1;ALEXANIA;Acessar a via sem observar a presença dos outros veículos;Colisão traseira;Com Vítimas Feridas;Pleno dia;Decrescente;Céu Claro;Dupla;Reta;Não;2;0;0;1;1;0;1;2;-16,114087;-48,368513;SPRF-DF;DEL03-DF;UOP01-DEL03-DF
634408;12/10/2024;sábado;12:40:00;SC;470;3,8;NAVEGANTES;Desrespeitar a preferência no cruzamento;Colisão transversal;Com Vítimas Feridas;Pleno dia;Decrescente;Nublado;Simples;Interseção de Vias;Não;2;0;0;1;1;0;1;2;-26,861937;-48,681618;SPRF-SC;DEL04-SC;UOP04-DEL04-SC
634409;12/10/2024;sábado;12:50:00;RJ;101;265;RIO BONITO;Demais falhas mecânicas ou elétricas;Colisão traseira;Com Vítimas Feridas;Pleno dia;Decrescente;Céu Claro;Dupla;Curva;Não;2;0;1;0;1;0;1;2;-22,71359987;-42,64391188;SPRF-RJ;DEL02-RJ;UOP03-DEL02-RJ
634410;12/10/2024;sábado;12:00:00;RN;226;0;NATAL;Manobra de mudança de faixa;Colisão transversal;Com Vítimas Feridas;Pleno dia;Crescente;Céu Claro;Simples;Declive;Sim;3;0;2;0;1;0;2;2;-5,800019;-35,238174;SPRF-RN;DEL01-RN;UOP02-DEL01-RN
634411;12/10/2024;sábado;08:00:00;AC;364;173;BUJARI;Reação tardia ou ineficiente do condutor;Saída de leito carroçável;Com Vítimas Fatais;Pleno dia;Decrescente;Céu Claro;Simples;"Reta;Declive";Não;1;1;0;0;0;0;0;1;-9,74287622;-68,09574713;SPRF-AC;DEL01-AC;UOP01-DEL01-AC
634412;12/10/2024;sábado;12:45:00;SC;101;117,2;ITAJAI;Manobra de mudança de faixa;Colisão lateral mesmo sentido;Com Vítimas Feridas;Pleno dia;Crescente;Nublado;Dupla;Reta;Sim;3;0;1;0;2;0;1;3;-26,88747187;-48,72252969;SPRF-SC;DEL04-SC;UOP04-DEL04-SC
634413;12/10/2024;sábado;13:00:00;PR;277;7;PARANAGUA;Velocidade Incompatível;Tombamento;Com Vítimas Feridas;Pleno dia;Decrescente;Nublado;Múltipla;Curva;Não;2;0;1;0;1;0;1;1;-25,568198;-48,615292;SPRF-PR;DEL01-PR;UOP05-DEL01-PR
634414;12/10/2024;sábado;12:35:00;SC;101;48,1;JOINVILLE;Reação tardia ou ineficiente do condutor;Colisão traseira;Com Vítimas Feridas;Pleno dia;Crescente;Céu Claro;Dupla;Reta;Não;2;0;2;0;0;0;2;2;-26,35345909;-48,85867862;SPRF-SC;DEL03-SC;UOP01-DEL03-SC
634415;12/10/2024;sábado;11:50:00;RS;116;149,3;CAXIAS DO SUL;Manobra de mudança de faixa;Colisão lateral mesmo sentido;Com Vítimas Feridas;Pleno dia;Decrescente;Céu Claro;Dupla;Curva;Não;3;0;1;0;2;0;1;2;-29,15996905;-51,15645292;SPRF-RS;DEL05-RS;UOP01-DEL05-RS
634416;12/10/2024;sábado;10:00:00;RJ;116;63,6;TERESOPOLIS;Acessar a via sem observar a presença dos outros veículos;Colisão transversal;Com Vítimas Feridas;Pleno dia;Decrescente;Nublado;Simples;"Curva;Ponte";Não;2;0;1;0;1;0;1;2;-22,26074391;-42,92305911;SPRF-RJ;DEL04-RJ;UOP01-DEL04-RJ
634417;12/10/2024;sábado;13:30:00;SC;101;111,3;NAVEGANTES;Condutor deixou de manter distância do veículo da frente;Colisão traseira;Com Vítimas Feridas;Pleno dia;Decrescente;Nublado;Dupla;"Reta;Interseção de Vias";Não;2;0;0;1;1;0;1;2;-26,83955734;-48,71418074;SPRF-SC;DEL04-SC;UOP04-DEL04-SC
634418;12/10/2024;sábado;12:40:00;SC;101;41,3;PALHOCA;Condutor deixou de manter distância do veículo da frente;Engavetamento;Com Vítimas Feridas;Pleno dia;Crescente;Céu Claro;Múltipla;"Reta;Túnel;Em Obras;Desvio Temporário";Não;5;0;2;0;3;0;2;3;-27,65699897;-48,72050285;SPRF-SC;DEL01-SC;UOP02-DEL01-SC
634419;12/10/2024;sábado;12:40:00;SC;101;139;BALNEARIO CAMBORIU;Acessar a via sem observar a presença dos outros veículos;Colisão lateral mesmo sentido;Com Vítimas Feridas;Pleno dia;Decrescente;Céu Claro;Dupla;Reta;Sim;1;0;1;0;0;0;1;1;-27,02982303;-48,60115006;SPRF-SC;DEL04-SC;UOP03-DEL04-SC
634420;12/10/2024;sábado;13:50:00;RS;116;153,7;CAXIAS DO SUL;Reação tardia ou ineficiente do condutor;Colisão traseira;Com Vítimas Feridas;Pleno dia;Crescente;Céu Claro;Dupla;"Reta;Rotatória";Sim;3;0;1;0;2;0;1;2;-29,18789801;-51,1820358;SPRF-RS;DEL05-RS;UOP01-DEL05-RS
634421;12/10/2024;sábado;11:45:00;SC;101;101,4;BALNEARIO PICARRAS;Ausência de reação do condutor;Capotamento;Com Vítimas Feridas;Pleno dia;Crescente;Céu Claro;Dupla;Reta;Não;1;0;0;1;0;0;1;1;-26,76404198;-48,68657667;SPRF-SC;DEL03-SC;UOP02-DEL03-SC
634422;12/10/2024;sábado;13:05:00;MT;70;52;BARRA DO GARCAS;Ingestão de álcool pelo condutor;Capotamento;Com Vítimas Fatais;Pleno dia;Crescente;Nublado;Simples;"Declive;Reta";Não;4;1;2;1;0;0;3;1;-15,71684636;-52,6295841;SPRF-MT;DEL07-MT;UOP01-DEL07-MT
634423;12/10/2024;sábado;13:55:00;RS;116;486;TURUCU;Avarias e/ou desgaste excessivo no pneu;Tombamento;Com Vítimas Feridas;Pleno dia;Crescente;Céu Claro;Simples;Reta;Sim;2;0;2;0;0;0;2;1;-31,43719298;-52,19160503;SPRF-RS;DEL07-RS;UOP01-DEL07-RS
634424;12/10/2024;sábado;13:30:00;BA;324;615;SALVADOR;Avarias e/ou desgaste excessivo no pneu;Queda de ocupante de veículo;Com Vítimas Feridas;Pleno dia;Crescente;Sol;Dupla;Reta;Sim;2;0;1;0;1;0;1;1;-12,87206398;-38,42746403;SPRF-BA;DEL01-BA;UOP01-DEL01-BA
634425;12/10/2024;sábado;11:40:00;RS;285;88,4;BOM JESUS;Velocidade Incompatível;Colisão com objeto;Com Vítimas Feridas;Pleno dia;Crescente;Sol;Simples;"Curva;Declive";Não;1;0;0;1;0;0;1;1;-28,62438435;-50,67804337;SPRF-RS;DEL05-RS;UOP03-DEL05-RS
634426;12/10/2024;sábado;14:45:00;GO;50;210,8;CAMPO ALEGRE DE GOIAS;Ausência de reação do condutor;Colisão traseira;Com Vítimas Feridas;Pleno dia;Crescente;Sol;Dupla;"Reta;Aclive";Não;2;0;0;1;1;0;1;2;-17,647;-47,757;SPRF-GO;DEL06-GO;UOP01-DEL06-GO
634427;12/10/2024;sábado;14:40:00;PB;230;27;JOAO PESSOA;Velocidade Incompatível;Saída de leito carroçável;Com Vítimas Feridas;Pleno dia;Crescente;Céu Claro;Dupla;"Reta;Declive";Sim;1;0;0;1;0;0;1;1;-7,1677;-34,8855;SPRF-PB;DEL01-PB;UOP01-DEL01-PB