id;data_inversa;dia_semana;horario;uf;br;km;municipio;causa_acidente;tipo_acidente;classificacao_acidente;fase_dia;sentido_via;condicao_metereologica;tipo_pista;tracado_via;uso_solo;pessoas;mortos;feridos_leves;feridos_graves;ilesos;ignorados;feridos;veiculos;latitude;longitude;regional;delegacia;uop
634738;13/10/2024;domingo;20:00:00;SC;282;574;PINHALZINHO;Ingestão de álcool pelo condutor;Saída de leito carroçável;Com Vítimas Feridas;Plena Noite;Crescente;Céu Claro;Simples;"Aclive;Reta";Não;3;0;0;2;1;0;2;1;-26,867399;-52,965149;SPRF-SC;DEL07-SC;UOP02-DEL07-SC
634739;13/10/2024;domingo;20:30:00;SC;470;17;ILHOTA;Animais na Pista;Atropelamento de Animal;Com Vítimas Feridas;Plena Noite;Crescente;Nublado;Dupla;Reta;Não;2;0;2;0;0;0;2;1;-26,849277;-48,801674;SPRF-SC;DEL04-SC;UOP04-DEL04-SC
634740;13/10/2024;domingo;22:00:00;RJ;116;182;NOVA IGUACU;Reação tardia ou ineficiente do condutor;Colisão traseira;Sem Vítimas;Plena Noite;Decrescente;Garoa/Chuvisco;Múltipla;Reta;Sim;3;0;0;0;3;0;0;2;-22,7567755;-43,43107234;SPRF-RJ;DEL06-RJ;UOP01-DEL06-RJ
634741;13/10/2024;domingo;21:30:00;SP;116;284;EMBU DAS ARTES;Pedestre cruzava a pista fora da faixa;Atropelamento de Pedestre;Com Vítimas Feridas;Plena Noite;Crescente;Céu Claro;Dupla;Reta;Não;2;0;1;0;0;1;1;2;-23,69998;-46,867767;SPRF-SP;DEL04-SP;UOP01-DEL04-SP
634742;13/10/2024;domingo;22:00:00;GO;60;378;RIO VERDE;Manobra de mudança de faixa;Colisão lateral mesmo sentido;Sem Vítimas;Plena Noite;Crescente;Céu Claro;Dupla;Reta;Sim;7;0;0;0;5;2;0;2;-17,7481;-50,8763;SPRF-GO;DEL04-GO;UOP02-DEL04-GO
634743;13/10/2024;domingo;21:48:00;SC;280;11,6;SAO FRANCISCO DO SUL;Ausência de reação do condutor;Colisão transversal;Com Vítimas Feridas;Plena Noite;Decrescente;Céu Claro;Simples;Reta;Não;2;0;0;1;1;0;1;2;-26,304752;-48,641014;SPRF-SC;DEL03-SC;UOP03-DEL03-SC
634744;13/10/2024;domingo;17:30:00;MG;116;571,5;MANHUACU;Objeto estático sobre o leito carroçável;Colisão com objeto;Com Vítimas Feridas;Anoitecer;Decrescente;Nublado;Simples;Reta;Não;1;0;1;0;0;0;1;1;-20,11476401;-42,18102184;SPRF-MG;DEL06-MG;UOP03-DEL06-MG
634745;13/10/2024;domingo;22:50:00;ES;259;34,5;COLATINA;Entrada inopinada do pedestre;Atropelamento de Pedestre;Com Vítimas Fatais;Plena Noite;Decrescente;Céu Claro;Simples;Ponte;Não;2;1;1;0;0;0;1;2;-19,55773806;-40,49761891;SPRF-ES;DEL02-ES;UOP01-DEL02-ES
634746;13/10/2024;domingo;10:00:00;AM;319;442;TAPAUA;Pista Escorregadia;Saída de leito carroçável;Com Vítimas Feridas;Pleno dia;Decrescente;Chuva;Simples;Reta;Não;40;0;3;2;35;0;5;1;-5,87933198;-62,39042802;SPRF-AM;DEL01-AM;UOP04-DEL01-AM
634747;13/10/2024;domingo;22:20:00;PR;277;243;IRATI;Ingestão de álcool pelo condutor;Colisão frontal;Com Vítimas Feridas;Plena Noite;Decrescente;Céu Claro;Simples;Reta;Não;6;0;0;3;2;1;3;3;-25,46419687;-50,56581801;SPRF-PR;DEL08-PR;UOP02-DEL08-PR
634748;13/10/2024;domingo;21:30:00;PR;376;174;MARINGA;Retorno proibido;Colisão traseira;Com Vítimas Feridas;Plena Noite;Crescente;Céu Claro;Dupla;Aclive;Sim;2;0;1;0;0;1;1;2;-23,41736606;-51,95852995;SPRF-PR;DEL09-PR;UOP01-DEL09-PR
634749;13/10/2024;domingo;20:45:00;PR;272;379,8;CAMPO MOURAO;Transitar na contramão;Colisão frontal;Com Vítimas Fatais;Plena Noite;Decrescente;Céu Claro;Simples;Curva;Não;6;3;0;3;0;0;3;2;-24,06230519;-52,51225698;SPRF-PR;DEL09-PR;UOP03-DEL09-PR
634750;13/10/2024;domingo;20:40:00;RS;470;154,5;NOVA PRATA;Reação tardia ou ineficiente do condutor;Saída de leito carroçável;Com Vítimas Feridas;Plena Noite;Decrescente;Céu Claro;Simples;"Reta;Em Obras";Sim;1;0;1;0;0;0;1;1;-28,77711311;-51,61126545;SPRF-RS;DEL06-RS;UOP02-DEL06-RS
634751;13/10/2024;domingo;22:00:00;MA;135;1;SAO LUIS;Ausência de reação do condutor;Colisão traseira;Com Vítimas Feridas;Plena Noite;Crescente;Céu Claro;Dupla;Reta;Sim;2;0;0;1;1;0;1;2;-2,58917895;-44,24423719;SPRF-MA;DEL01-MA;UOP01-DEL01-MA
634752;13/10/2024;domingo;23:08:00;TO;10;456;PALMAS;Ingestão de álcool pelo condutor;Saída de leito carroçável;Sem Vítimas;Plena Noite;Crescente;Céu Claro;Múltipla;Reta;Sim;1;0;0;0;1;0;0;1;-10,20863984;-48,15545194;SPRF-TO;DEL01-TO;UOP03-DEL01-TO
634753;13/10/2024;domingo;21:20:00;PR;476;94;BOCAIUVA DO SUL;Conversão proibida;Colisão frontal;Com Vítimas Feridas;Plena Noite;Crescente;Céu Claro;Simples;Reta;Sim;5;0;3;0;2;0;3;2;-25,217236;-49,114784;SPRF-PR;DEL01-PR;UOP01-DEL01-PR
634754;13/10/2024;domingo;22:03:00;SP;381;83;SAO PAULO;Reação tardia ou ineficiente do condutor;Engavetamento;Com Vítimas Feridas;Plena Noite;Crescente;Nublado;Dupla;Reta;Não;4;0;1;0;3;0;1;3;-23,4309671;-46,56998022;SPRF-SP;DEL03-SP;UOP01-DEL03-SP
634755;13/10/2024;domingo;22:07:00;PB;101;87,9;JOAO PESSOA;Ausência de reação do condutor;Tombamento;Com Vítimas Feridas;Plena Noite;Crescente;Céu Claro;Dupla;Curva;Sim;2;0;0;2;0;0;2;1;-7,16553394;-34,89888668;SPRF-PB;DEL01-PB;UOP01-DEL01-PB
634756;13/10/2024;domingo;21:45:00;MG;262;438,5;NOVA SERRANA;Animais na Pista;Queda de ocupante de veículo;Com Vítimas Feridas;Plena Noite;Decrescente;Céu Claro;Dupla;Reta;Sim;2;0;1;0;1;0;1;1;-19,89280962;-44,878453;SPRF-MG;DEL08-MG;UOP03-DEL08-MG
634758;13/10/2024;domingo;22:12:00;BA;324;583;SAO SEBASTIAO DO PASSE;Reação tardia ou ineficiente do condutor;Atropelamento de Pedestre;Com Vítimas Feridas;Plena Noite;Crescente;Céu Claro;Dupla;Curva;Não;3;0;2;0;0;1;2;2;-12,6141891;-38,48700311;SPRF-BA;DEL01-BA;UOP01-DEL01-BA
634759;13/10/2024;domingo;20:00:00;MT;163;825,9;SINOP;Acessar a via sem observar a presença dos outros veículos;Colisão frontal;Com Vítimas Fatais;Plena Noite;Decrescente;Céu Claro;Simples;Reta;Sim;2;1;1;0;0;0;1;2;-11,94233603;-55,51642227;SPRF-MT;DEL06-MT;UOP02-DEL06-MT
634760;13/10/2024;domingo;21:15:00;RJ;116;187;NOVA IGUACU;Reação tardia ou ineficiente do condutor;Colisão com objeto;Sem Vítimas;Pleno dia;Decrescente;Garoa/Chuvisco;Múltipla;Reta;Sim;2;0;0;0;2;0;0;1;-22,73883756;-43,47245197;SPRF-RJ;DEL06-RJ;UOP01-DEL06-RJ
634761;13/10/2024;domingo;21:53:00;SC;470;174,1;POUSO REDONDO;Condutor desrespeitou a iluminação vermelha do semáforo;Colisão transversal;Com Vítimas Feridas;Plena Noite;Crescente;Céu Claro;Simples;"Interseção de Vias;Túnel;Reta;Declive";Sim;3;0;2;1;0;0;3;2;-27,258179;-49,929146;SPRF-SC;DEL04-SC;UOP02-DEL04-SC
634762;13/10/2024;domingo;21:00:00;PI;407;435;GEMINIANO;Ausência de reação do condutor;Saída de leito carroçável;Com Vítimas Feridas;Plena Noite;Decrescente;Céu Claro;Simples;Reta;Não;1;0;0;1;0;0;1;1;-7,14900621;-41,37160789;SPRF-PI;DEL04-PI;UOP01-DEL04-PI
634763;13/10/2024;domingo;22:05:00;RJ;101;494;ANGRA DOS REIS;Reação tardia ou ineficiente do condutor;Saída de leito carroçável;Com Vítimas Feridas;Plena Noite;Decrescente;Chuva;Simples;Curva;Não;3;0;1;0;2;0;1;1;-22,93752781;-44,3185162;SPRF-RJ;DEL03-RJ;UOP03-DEL03-RJ
634764;13/10/2024;domingo;19:50:00;MA;316;597,4;TIMON;Condutor deixou de manter distância do veículo da frente;Colisão traseira;Com Vítimas Fatais;Plena Noite;Crescente;Céu Claro;Simples;"Aclive;Reta";Não;3;2;1;0;0;0;1;2;-5,019753;-42,980644;SPRF-MA;DEL03-MA;UOP02-DEL03-MA
634765;13/10/2024;domingo;21:30:00;RO;364;942;PORTO VELHO;Objeto estático sobre o leito carroçável;Saída de leito carroçável;Com Vítimas Feridas;Plena Noite;Decrescente;Céu Claro;Simples;Reta;Não;1;0;0;1;0;0;1;1;-9,66593796;-65,47363199;SPRF-RO;DEL01-RO;UOP03-DEL01-RO
634766;13/10/2024;domingo;21:30:00;MG;40;324,3;FELIXLANDIA;Afundamento ou ondulação no pavimento;Saída de leito carroçável;Com Vítimas Feridas;Plena Noite;Decrescente;Nublado;Simples;Reta;Não;1;0;0;1;0;0;1;1;-18,53204079;-45,05066383;SPRF-MG;DEL14-MG;UOP02-DEL14-MG
634767;13/10/2024;domingo;23:40:00;PA;230;622;ALTAMIRA;Animais na Pista;Atropelamento de Animal;Sem Vítimas;Plena Noite;Decrescente;Céu Claro;Simples;Reta;Não;3;0;0;0;3;0;0;1;-3,17014185;-52,088718;SPRF-PA;DEL04-PA;UOP01-DEL04-PA
634768;13/10/2024;domingo;23:20:00;PI;316;33;DEMERVAL LOBAO;Transitar na contramão;Colisão frontal;Com Vítimas Feridas;Plena Noite;Decrescente;Céu Claro;Dupla;Reta;Sim;2;0;0;1;1;0;1;2;-5,34852098;-42,68083598;SPRF-PI;DEL01-PI;UOP02-DEL01-PI
634769;14/10/2024;segunda-feira;00:00:00;PR;369;192,8;ARAPONGAS;Ausência de reação do condutor;Capotamento;Sem Vítimas;Plena Noite;Decrescente;Céu Claro;Dupla;Reta;Não;1;0;0;0;0;1;0;1;-23,47667961;-51,42376184;SPRF-PR;DEL07-PR;UOP03-DEL07-PR
634771;13/10/2024;domingo;19:55:00;SC;280;13,5;SAO FRANCISCO DO SUL;Ingestão de álcool pelo condutor;Colisão traseira;Sem Vítimas;Plena Noite;Crescente;Nublado;Simples;Reta;Não;2;0;0;0;2;0;0;2;-26,32171113;-48,64798666;SPRF-SC;DEL03-SC;UOP03-DEL03-SC
634772;13/10/2024;domingo;17:45:00;MG;116;479,3;DOM CAVATI;Animais na Pista;Atropelamento de Animal;Com Vítimas Feridas;Anoitecer;Crescente;Céu Claro;Simples;Reta;Não;1;0;0;1;0;0;1;1;-19,385223;-42,1121509;SPRF-MG;DEL06-MG;UOP02-DEL06-MG
634773;13/10/2024;domingo;18:30:00;MG;116;425,3;ALPERCATA;Animais na Pista;Saída de leito carroçável;Sem Vítimas;Plena Noite;Crescente;Céu Claro;Simples;Curva;Não;1;0;0;0;0;1;0;1;-18,96299507;-41,97075176;SPRF-MG;DEL06-MG;UOP01-DEL06-MG
634775;13/10/2024;domingo;18:30:00;MG;116;471,1;TARUMIRIM;Ultrapassagem Indevida;Colisão frontal;Com Vítimas Feridas;Plena Noite;Crescente;Céu Claro;Simples;Curva;Não;5;0;1;2;1;1;3;3;-19,32538599;-42,07393491;SPRF-MG;DEL06-MG;UOP02-DEL06-MG
634776;13/10/2024;domingo;23:35:00;MT;364;402,2;CUIABA;Entrada inopinada do pedestre;Atropelamento de Pedestre;Com Vítimas Feridas;Plena Noite;Crescente;Nublado;Dupla;"Reta;Declive";Sim;2;0;1;0;1;0;1;2;-15,65373644;-55,99056602;SPRF-MT;DEL01-MT;UOP02-DEL01-MT
634777;13/10/2024;domingo;22:00:00;MG;116;184;CARAI;Ausência de reação do condutor;Queda de ocupante de veículo;Com Vítimas Feridas;Plena Noite;Crescente;Chuva;Simples;Reta;Não;1;0;1;0;0;0;1;1;-17,11628102;-41,50307416;SPRF-MG;DEL11-MG;UOP01-DEL11-MG
634778;14/10/2024;segunda-feira;00:15:00;RR;432;22;CANTA;Problema com o freio;Saída de leito carroçável;Com Vítimas Feridas;Plena Noite;Crescente;Céu Claro;Simples;Curva;Não;1;0;0;1;0;0;1;1;2,81243048;-60,60986479;SPRF-RR;DEL01-RR;UOP01-DEL01-RR
634780;13/10/2024;domingo;23:00:00;RO;364;90;VILHENA;Acumulo de água sobre o pavimento;Colisão frontal;Com Vítimas Fatais;Plena Noite;Crescente;Chuva;Simples;"Reta;Declive";Não;7;1;3;1;2;0;4;2;-12,36103512;-60,62575836;SPRF-RO;DEL04-RO;UOP01-DEL04-RO
634782;14/10/2024;segunda-feira;01:47:00;DF;20;4,5;BRASILIA;Ingestão de álcool pelo condutor;Saída de leito carroçável;Sem Vítimas;Plena Noite;Crescente;Céu Claro;Dupla;"Reta;Declive";Sim;2;0;0;0;1;1;0;1;-15,675484;-47,823761;SPRF-DF;DEL02-DF;UOP01-DEL02-DF
634783;14/10/2024;segunda-feira;01:50:00;PE;232;73;GRAVATA;Reação tardia ou ineficiente do condutor;Saída de leito carroçável;Com Vítimas Feridas;Plena Noite;Decrescente;Céu Claro;Dupla;Reta;Não;1;0;1;0;0;0;1;1;-8,19060018;-35,50931093;SPRF-PE;DEL02-PE;UOP02-DEL02PE
634784;14/10/2024;segunda-feira;02:15:00;BA;242;824,8;BARREIRAS;Reação tardia ou ineficiente do condutor;Colisão frontal;Com Vítimas Fatais;Plena Noite;Decrescente;Céu Claro;Simples;Reta;Não;3;1;0;0;2;0;0;2;-12,15705092;-44,88104988;SPRF-BA;DEL10-BA;UOP01-DEL10-BA
634785;14/10/2024;segunda-feira;03:07:00;PE;232;74;GRAVATA;Ausência de reação do condutor;Colisão com objeto;Sem Vítimas;Plena Noite;Crescente;Céu Claro;Dupla;"Reta;Declive";Não;1;0;0;0;1;0;0;1;-8,19466678;-35,51728814;SPRF-PE;DEL02-PE;UOP02-DEL02PE
634786;14/10/2024;segunda-feira;00:40:00;PR;277;664;MEDIANEIRA;Reação tardia ou ineficiente do condutor;Colisão lateral mesmo sentido;Sem Vítimas;Plena Noite;Crescente;Nublado;Dupla;Reta;Não;2;0;0;0;1;1;0;2;-25,25301037;-54,02857196;SPRF-PR;DEL05-PR;UOP02-DEL05-PR
634787;14/10/2024;segunda-feira;03:00:00;SC;282;69,1;RANCHO QUEIMADO;Demais falhas mecânicas ou elétricas;Incêndio;Sem Vítimas;Plena Noite;Crescente;Céu Claro;Simples;Reta;Não;1;0;0;0;1;0;0;1;-27,690144;-49,083813;SPRF-SC;DEL01-SC;UOP03-DEL01-SC
634789;14/10/2024;segunda-feira;02:25:00;MT;70;262;PRIMAVERA DO LESTE;Transitar na contramão;Colisão frontal;Sem Vítimas;Plena Noite;Crescente;Céu Claro;Simples;Reta;Não;2;0;0;0;1;1;0;2;-15,58838098;-54,19001374;SPRF-MT;DEL05-MT;UOP01-DEL05-MT
634790;14/10/2024;segunda-feira;03:00:00;BA;410;8;RIBEIRA DO POMBAL;Falta de acostamento;Colisão traseira;Com Vítimas Feridas;Plena Noite;Crescente;Céu Claro;Simples;Reta;Não;8;0;2;0;6;0;2;2;-10,85300373;-38,59149914;SPRF-BA;DEL07-BA;UOP02-DEL07-BA
634791;14/10/2024;segunda-feira;03:00:00;RN;304;105;ACU;Animais na Pista;Atropelamento de Animal;Com Vítimas Feridas;Plena Noite;Crescente;Céu Claro;Simples;Reta;Não;2;0;1;0;1;0;1;1;-5,588;-36,978;SPRF-RN;DEL04-RN;UOP01-DEL04-RN
634793;14/10/2024;segunda-feira;03:00:00;PR;376;185,5;SARANDI;Animais na Pista;Atropelamento de Animal;Com Vítimas Feridas;Plena Noite;Crescente;Céu Claro;Dupla;Reta;Sim;1;0;1;0;0;0;1;1;-23,45158337;-51,85390234;SPRF-PR;DEL09-PR;UOP01-DEL09-PR
634795;13/10/2024;domingo;23:05:00;PA;163;981;SANTAREM;Ingestão de álcool pelo condutor;Atropelamento de Pedestre;Com Vítimas Fatais;Plena Noite;Decrescente;Céu Claro;Simples;Reta;Sim;5;1;0;1;1;2;1;2;-2,62917092;-54,74150509;SPRF-PA;DEL05-PA;UOP01-DEL05-PA
634797;13/10/2024;domingo;21:05:00;RJ;116;39;SAPUCAIA;Ausência de reação do condutor;Atropelamento de Pedestre;Com Vítimas Feridas;Plena Noite;Decrescente;Chuva;Simples;Reta;Não;2;0;1;0;1;0;1;2;-22,12524075;-42,77973449;SPRF-RJ;DEL05-RJ;UOP01-DEL05-RJ
634798;13/10/2024;domingo;23:15:00;PR;277;78,5;CURITIBA;Ingestão de álcool pelo condutor;Saída de leito carroçável;Sem Vítimas;Plena Noite;Decrescente;Nublado;Dupla;Viaduto;Sim;1;0;0;0;0;1;0;1;-25,4801116;-49,19885874;SPRF-PR;DEL01-PR;UOP07-DEL01-PR
634799;14/10/2024;segunda-feira;05:50:00;RO;364;234,1;CACOAL;Condutor deixou de manter distância do veículo da frente;Colisão traseira;Com Vítimas Feridas;Amanhecer;Decrescente;Céu Claro;Simples;Reta;Não;3;0;1;0;1;1;1;3;-11,45365;-61,42713;SPRF-RO;DEL02-RO;UOP02-DEL02-RO
634800;14/10/2024;segunda-feira;06:30:00;PB;230;129,4;CAMPINA GRANDE;Ausência de reação do condutor;Saída de leito carroçável;Com Vítimas Feridas;Pleno dia;Crescente;Nublado;Dupla;Reta;Não;1;0;1;0;0;0;1;1;-7,2627;-35,7149;SPRF-PB;DEL02-PB;UOP01-DEL02-PB
634801;14/10/2024;segunda-feira;06:30:00;PE;408;70;PAUDALHO;Ausência de reação do condutor;Saída de leito carroçável;Com Vítimas Feridas;Pleno dia;Crescente;Céu Claro;Dupla;Reta;Não;1;0;0;1;0;0;1;1;-7,87169406;-35,19398501;SPRF-PE;DEL01-PE;UOP01-DEL01-PE
634802;14/10/2024;segunda-feira;06:50:00;RS;386;343,2;LAJEADO;Objeto estático sobre o leito carroçável;Colisão traseira;Com Vítimas Feridas;Pleno dia;Crescente;Sol;Simples;Reta;Sim;2;0;1;0;1;0;1;2;-29,43529393;-52,00172793;SPRF-RS;DEL04-RS;UOP01-DEL04-RS
634803;14/10/2024;segunda-feira;07:20:00;RS;290;92;PORTO ALEGRE;Ausência de reação do condutor;Colisão traseira;Com Vítimas Feridas;Pleno dia;Crescente;Céu Claro;Dupla;Reta;Sim;2;0;1;0;1;0;1;2;-29,971916;-51,176838;SPRF-RS;DEL01-RS;UOP01-DEL01-RS
634804;14/10/2024;segunda-feira;06:45:00;DF;70;5;BRASILIA;Manobra de mudança de faixa;Colisão lateral mesmo sentido;Com Vítimas Feridas;Pleno dia;Decrescente;Céu Claro;Múltipla;Reta;Não;2;0;1;0;1;0;1;2;-15,794656;-48,096779;SPRF-DF;DEL03-DF;UOP02-DEL03-DF
634806;14/10/2024;segunda-feira;03:35:00;PR;369;419;UBIRATA;Ausência de reação do condutor;Saída de leito carroçável;Sem Vítimas;Plena Noite;Crescente;Céu Claro;Simples;Rotatória;Não;1;0;0;0;0;1;0;1;-24,48871077;-52,89453506;SPRF-PR;DEL04-PR;UOP03-DEL04-PR
634807;14/10/2024;segunda-feira;07:20:00;SP;116;217,4;GUARULHOS;Trafegar com motocicleta (ou similar) entre as faixas;Colisão lateral mesmo sentido;Com Vítimas Feridas;Pleno dia;Crescente;Nublado;Múltipla;Reta;Sim;3;0;2;0;1;0;2;2;-23,4553013;-46,4747928;SPRF-SP;DEL01-SP;UOP01-DEL01-SP
634809;14/10/2024;segunda-feira;06:40:00;MS;262;360,4;CAMPO GRANDE;Reação tardia ou ineficiente do condutor;Tombamento;Com Vítimas Feridas;Pleno dia;Crescente;Céu Claro;Simples;Reta;Não;1;0;1;0;0;0;1;1;-20,52581098;-54,70976798;SPRF-MS;DEL01-MS;UOP03-DEL01-MS
634813;14/10/2024;segunda-feira;07:10:00;MA;222;673;ACAILANDIA;Condutor deixou de manter distância do veículo da frente;Colisão traseira;Com Vítimas Feridas;Pleno dia;Crescente;Céu Claro;Simples;"Reta;Declive";Sim;9;0;5;0;4;0;5;3;-4,92960481;-47,44590111;SPRF-MA;DEL04-MA;UOP03-DEL04-MA
634814;14/10/2024;segunda-feira;07:10:00;RS;290;92;PORTO ALEGRE;Demais falhas mecânicas ou elétricas;Incêndio;Sem Vítimas;Amanhecer;Decrescente;Céu Claro;Simples;"Curva;Declive";Sim;1;0;0;0;1;0;0;1;-29,971916;-51,176838;SPRF-RS;DEL01-RS;UOP01-DEL01-RS
634815;14/10/2024;segunda-feira;08:20:00;SE;235;4;NOSSA SENHORA DO SOCORRO;Ausência de reação do condutor;Colisão lateral mesmo sentido;Com Vítimas Feridas;Pleno dia;Decrescente;Nublado;Dupla;Reta;Sim;2;0;1;0;1;0;1;2;-10,9064;-37,1197;SPRF-SE;DEL01-SE;UOP01-DEL01-SE
634816;14/10/2024;segunda-feira;07:45:00;SC;101;135;BALNEARIO CAMBORIU;Desrespeitar a preferência no cruzamento;Colisão transversal;Com Vítimas Feridas;Pleno dia;Crescente;Céu Claro;Múltipla;Interseção de Vias;Não;2;0;1;0;1;0;1;2;-27,0050108;-48,62677494;SPRF-SC;DEL04-SC;UOP03-DEL04-SC
634817;14/10/2024;segunda-feira;07:30:00;SP;116;218;GUARULHOS;Ultrapassagem Indevida;Colisão lateral mesmo sentido;Com Vítimas Feridas;Amanhecer;Crescente;Nublado;Múltipla;Reta;Sim;2;0;1;0;1;0;1;2;-23,457972;-46,479927;SPRF-SP;DEL01-SP;UOP01-DEL01-SP
634818;14/10/2024;segunda-feira;08:15:00;GO;153;432;ANAPOLIS;Animais na Pista;Atropelamento de Animal;Com Vítimas Feridas;Pleno dia;Crescente;Céu Claro;Dupla;Reta;Não;1;0;1;0;0;0;1;1;-16,264801;-48,982357;SPRF-GO;DEL02-GO;UOP01-DEL02-GO
634820;13/10/2024;domingo;20:30:00;RO;364;130;PIMENTA BUENO;Objeto estático sobre o leito carroçável;Saída de leito carroçável;Sem Vítimas;Plena Noite;Decrescente;Chuva;Simples;Reta;Não;1;0;0;0;0;1;0;1;-12,04305021;-60,76440637;SPRF-RO;DEL02-RO;UOP02-DEL02-RO
634821;14/10/2024;segunda-feira;08:00:00;MG;116;274,9;TEOFILO OTONI;Condutor deixou de manter distância do veículo da frente;Colisão lateral mesmo sentido;Com Vítimas Feridas;Pleno dia;Decrescente;Céu Claro;Simples;Reta;Sim;4;0;2;0;2;0;2;2;-17,83384514;-41,51094368;SPRF-MG;DEL11-MG;UOP01-DEL11-MG
634822;14/10/2024;segunda-feira;06:50:00;ES;259;102,7;BAIXO GUANDU;Desrespeitar a preferência no cruzamento;Colisão transversal;Com Vítimas Feridas;Pleno dia;Crescente;Nublado;Simples;Reta;Sim;2;0;1;0;1;0;1;2;-19,51753177;-41,01967578;SPRF-ES;DEL02-ES;UOP01-DEL02-ES
634823;14/10/2024;segunda-feira;08:00:00;BA;324;622;SALVADOR;Manobra de mudança de faixa;Colisão traseira;Com Vítimas Feridas;Pleno dia;Crescente;Céu Claro;Múltipla;"Declive;Curva";Sim;2;0;1;0;1;0;1;2;-12,91888605;-38,46502095;SPRF-BA;DEL01-BA;UOP01-DEL01-BA
634824;14/10/2024;segunda-feira;08:35:00;MG;50;61;UBERLANDIA;Manobra de mudança de faixa;Colisão traseira;Sem Vítimas;Pleno dia;Decrescente;Céu Claro;Dupla;Reta;Não;2;0;0;0;2;0;0;2;-18,81603099;-48,25003475;SPRF-MG;DEL15-MG;UOP02-DEL15-MG
634825;14/10/2024;segunda-feira;06:40:00;RJ;40;82;PETROPOLIS;Velocidade Incompatível;Saída de leito carroçável;Com Vítimas Feridas;Pleno dia;Crescente;Nevoeiro/Neblina;Dupla;Reta;Sim;1;0;1;0;0;0;1;1;-22,51183137;-43,23076171;SPRF-RJ;DEL01-RJ;UOP01-DEL01-RJ
634826;03/10/2024;quinta-feira;04:50:00;SC;470;174,8;POUSO REDONDO;Ausência de sinalização;Saída de leito carroçável;Com Vítimas Fatais;Plena Noite;Crescente;Chuva;Dupla;"Em Obras;Reta";Sim;3;2;0;0;1;0;0;1;-27,2562302;-49,9384456;SPRF-SC;DEL04-SC;UOP02-DEL04-SC
634827;14/10/2024;segunda-feira;05:30:00;RJ;101;582;PARATY;Demais falhas mecânicas ou elétricas;Incêndio;Sem Vítimas;Amanhecer;Crescente;Chuva;Simples;Reta;Não;1;0;0;0;1;0;0;1;-23,25631092;-44,69897659;SPRF-RJ;DEL03-RJ;UOP04-DEL03-RJ
634828;14/10/2024;segunda-feira;08:00:00;RS;153;47;ERECHIM;Desrespeitar a preferência no cruzamento;Colisão transversal;Com Vítimas Feridas;Pleno dia;Decrescente;Sol;Simples;"Rotatória;Aclive";Sim;2;0;1;0;1;0;1;2;-27,64260101;-52,24512935;SPRF-RS;DEL08-RS;UOP04-DEL08-RS
634830;14/10/2024;segunda-feira;09:00:00;RJ;116;118;MAGE;Manobra de mudança de faixa;Colisão transversal;Com Vítimas Feridas;Pleno dia;Crescente;Céu Claro;Múltipla;Reta;Não;3;0;1;0;2;0;1;2;-22,60969336;-43,03076263;SPRF-RJ;DEL04-RJ;UOP02-DEL04-RJ
634831;14/10/2024;segunda-feira;08:20:00;SP;116;33,7;CACHOEIRA PAULISTA;Frear bruscamente;Queda de ocupante de veículo;Com Vítimas Feridas;Pleno dia;Decrescente;Céu Claro;Simples;"Retorno Regulamentado;Curva;Ponte";Não;2;0;1;0;0;1;1;2;-22,65158707;-44,95734939;SPRF-SP;DEL08-SP;UOP02-DEL08-SP
634832;14/10/2024;segunda-feira;08:10:00;BA;101;712;EUNAPOLIS;Reação tardia ou ineficiente do condutor;Tombamento;Com Vítimas Feridas;Pleno dia;Decrescente;Chuva;Simples;Declive;Não;1;0;0;1;0;0;1;1;-16,50123361;-39,57709602;SPRF-BA;DEL09-BA;UOP01-DEL09-BA
634833;14/10/2024;segunda-feira;09:02:00;PB;0;0;JOAO PESSOA;Frear bruscamente;Colisão traseira;Sem Vítimas;Pleno dia;Não Informado;Céu Claro;Dupla;Reta;Sim;3;0;0;0;2;1;0;3;-7,09798726;-34,8464191;SPRF-PB;DEL01-PB;UOP02-DEL01-PB
634834;14/10/2024;segunda-feira;07:55:00;MS;262;375,3;TERENOS;Reação tardia ou ineficiente do condutor;Saída de leito carroçável;Com Vítimas Feridas;Pleno dia;Decrescente;Céu Claro;Simples;Curva;Não;2;0;1;0;1;0;1;1;-20,48824462;-54,82201518;SPRF-MS;DEL01-MS;UOP03-DEL01-MS
634835;14/10/2024;segunda-feira;09:40:00;RS;116;300;GUAIBA;Ausência de reação do condutor;Colisão traseira;Sem Vítimas;Pleno dia;Crescente;Céu Claro;Simples;Reta;Não;3;0;0;0;3;0;0;2;-30,12368942;-51,34922543;SPRF-RS;DEL02-RS;UOP01-DEL02-RS
634836;14/10/2024;segunda-feira;09:50:00;SE;235;55;ITABAIANA;Desrespeitar a preferência no cruzamento;Colisão transversal;Com Vítimas Feridas;Pleno dia;Crescente;Sol;Simples;Reta;Não;3;0;1;2;0;0;3;2;-10,667386;-37,446014;SPRF-SE;DEL01-SE;UOP02-DEL01-SE
634838;14/10/2024;segunda-feira;06:40:00;RO;429;25;PRESIDENTE MEDICI;Condutor Dormindo;Colisão com objeto;Com Vítimas Feridas;Pleno dia;Decrescente;Céu Claro;Simples;Curva;Não;1;0;1;0;0;0;1;1;-11,06133997;-61,92739994;SPRF-RO;DEL02-RO;UOP03-DEL02-RO