id;data_inversa;dia_semana;horario;uf;br;km;municipio;causa_acidente;tipo_acidente;classificacao_acidente;fase_dia;sentido_via;condicao_metereologica;tipo_pista;tracado_via;uso_solo;pessoas;mortos;feridos_leves;feridos_graves;ilesos;ignorados;feridos;veiculos;latitude;longitude;regional;delegacia;uop
634960;14/10/2024;segunda-feira;19:50:00;PI;343;106;COCAL;Manobra de mudança de faixa;Colisão transversal;Sem Vítimas;Plena Noite;Crescente;Céu Claro;Simples;Reta;Não;2;0;0;0;1;1;0;2;-3,622775;-41,686401;SPRF-PI;DEL05-PI;UOP01-DEL05-PI
634961;14/10/2024;segunda-feira;20:20:00;MS;163;174,5;JUTI;Iluminação deficiente;Colisão traseira;Com Vítimas Feridas;Plena Noite;Decrescente;Céu Claro;Simples;Reta;Não;4;0;0;1;1;2;1;3;-22,85963099;-54,62834999;SPRF-MS;DEL09-MS;UOP01-DEL09-MS
634964;14/10/2024;segunda-feira;21:05:00;BA;324;586;CANDEIAS;Ingestão de álcool pelo condutor;Colisão traseira;Sem Vítimas;Plena Noite;Crescente;Chuva;Dupla;Reta;Não;2;0;0;0;2;0;0;2;-12,63864013;-38,47736247;SPRF-BA;DEL01-BA;UOP01-DEL01-BA
634968;14/10/2024;segunda-feira;21:05:00;PE;408;52,6;NAZARE DA MATA;Pista Escorregadia;Tombamento;Com Vítimas Feridas;Plena Noite;Decrescente;Nublado;Simples;Reta;Sim;1;0;1;0;0;0;1;1;-7,751132;-35,232628;SPRF-PE;DEL01-PE;UOP02-DEL01-PE
634969;14/10/2024;segunda-feira;18:50:00;RJ;101;328;RIO DE JANEIRO;Trafegar com motocicleta (ou similar) entre as faixas;Queda de ocupante de veículo;Com Vítimas Feridas;Plena Noite;Decrescente;Nublado;Dupla;"Reta;Ponte";Não;2;0;1;0;0;1;1;2;-22,87028692;-43,16579699;SPRF-RJ;DEL02-RJ;UOP01-DEL02-RJ
634970;14/10/2024;segunda-feira;20:45:00;GO;70;17,2;AGUAS LINDAS DE GOIAS;Ingestão de álcool pelo condutor;Colisão traseira;Com Vítimas Feridas;Plena Noite;Crescente;Chuva;Simples;"Ponte;Reta";Não;2;0;1;0;1;0;1;2;-15,75060673;-48,34984959;SPRF-DF;DEL03-DF;UOP02-DEL03-DF
634972;14/10/2024;segunda-feira;19:30:00;PR;476;121,1;COLOMBO;Reação tardia ou ineficiente do condutor;Saída de leito carroçável;Sem Vítimas;Plena Noite;Crescente;Nublado;Dupla;Reta;Sim;1;0;0;0;1;0;0;1;-25,37726013;-49,19603705;SPRF-PR;DEL01-PR;UOP01-DEL01-PR
634973;14/10/2024;segunda-feira;22:00:00;RJ;465;6;SEROPEDICA;Ausência de reação do condutor;Colisão com objeto;Com Vítimas Feridas;Plena Noite;Crescente;Céu Claro;Simples;Reta;Sim;4;0;2;0;2;0;2;1;-22,747673;-43,699196;SPRF-RJ;DEL06-RJ;UOP02-DEL06-RJ
634974;14/10/2024;segunda-feira;22:20:00;SC;470;128;LONTRAS;Reação tardia ou ineficiente do condutor;Saída de leito carroçável;Com Vítimas Feridas;Plena Noite;Crescente;Garoa/Chuvisco;Dupla;Curva;Não;1;0;0;1;0;0;1;1;-27,143742;-49,548897;SPRF-SC;DEL04-SC;UOP02-DEL04-SC
634977;14/10/2024;segunda-feira;23:05:00;RJ;101;45;CAMPOS DOS GOYTACAZES;Animais na Pista;Colisão traseira;Com Vítimas Feridas;Plena Noite;Crescente;Nublado;Simples;Declive;Não;2;0;2;0;0;0;2;2;-21,58933207;-41,31689933;SPRF-RJ;DEL08-RJ;UOP01-DEL08-RJ
634978;14/10/2024;segunda-feira;22:40:00;RS;153;51,4;ERECHIM;Ausência de reação do condutor;Saída de leito carroçável;Com Vítimas Feridas;Plena Noite;Crescente;Céu Claro;Simples;Reta;Não;1;0;1;0;0;0;1;1;-27,65931;-52,28284;SPRF-RS;DEL08-RS;UOP04-DEL08-RS
634979;14/10/2024;segunda-feira;20:30:00;AC;364;124;RIO BRANCO;Ausência de reação do condutor;Colisão com objeto;Com Vítimas Feridas;Plena Noite;Decrescente;Céu Claro;Dupla;Curva;Sim;3;0;3;0;0;0;3;2;-10,01152469;-67,79140099;SPRF-AC;DEL01-AC;UOP01-DEL01-AC
634980;14/10/2024;segunda-feira;22:30:00;BA;324;530;FEIRA DE SANTANA;Pista Escorregadia;Saída de leito carroçável;Com Vítimas Feridas;Plena Noite;Decrescente;Céu Claro;Dupla;Reta;Não;4;0;1;0;3;0;1;1;-12,33691767;-38,84990638;SPRF-BA;DEL01-BA;UOP03-DEL01-BA
634981;14/10/2024;segunda-feira;19:00:00;MG;116;524,3;CARATINGA;Acessar a via sem observar a presença dos outros veículos;Colisão transversal;Com Vítimas Feridas;Plena Noite;Crescente;Céu Claro;Simples;Reta;Sim;3;0;2;0;1;0;2;2;-19,76631336;-42,13118076;SPRF-MG;DEL06-MG;UOP02-DEL06-MG
634982;14/10/2024;segunda-feira;22:20:00;BA;324;527;FEIRA DE SANTANA;Velocidade Incompatível;Queda de ocupante de veículo;Com Vítimas Feridas;Plena Noite;Decrescente;Céu Claro;Dupla;Reta;Não;1;0;1;0;0;0;1;1;-12,31183923;-38,88331817;SPRF-BA;DEL01-BA;UOP03-DEL01-BA
634983;15/10/2024;terça-feira;00:15:00;DF;251;13;BRASILIA;Iluminação deficiente;Saída de leito carroçável;Com Vítimas Feridas;Plena Noite;Crescente;Garoa/Chuvisco;Simples;Rotatória;Não;2;0;2;0;0;0;2;1;-15,954415;-47,596806;SPRF-DF;DEL01-DF;UOP01-DEL01-DF
634985;15/10/2024;terça-feira;00:25:00;BA;101;23;RIO REAL;Ausência de reação do condutor;Colisão com objeto;Com Vítimas Feridas;Plena Noite;Decrescente;Nublado;Dupla;"Reta;Desvio Temporário";Não;1;0;0;1;0;0;1;1;-11,68384186;-37,90180206;SPRF-SE;DEL02-SE;UOP03-DEL02-SE
634986;15/10/2024;terça-feira;00:00:00;PR;376;174,4;MARINGA;Ausência de reação do condutor;Colisão traseira;Sem Vítimas;Plena Noite;Decrescente;Céu Claro;Dupla;Reta;Não;2;0;0;0;0;2;0;2;-23,41602712;-51,95539713;SPRF-PR;DEL09-PR;UOP01-DEL09-PR
634990;15/10/2024;terça-feira;01:30:00;PE;232;7;RECIFE;Condutor Dormindo;Colisão com objeto;Com Vítimas Feridas;Plena Noite;Decrescente;Céu Claro;Múltipla;"Reta;Retorno Regulamentado";Não;1;0;1;0;0;0;1;1;-8,075307;-34,967651;SPRF-PE;DEL01-PE;UOP01-DEL01-PE
634991;14/10/2024;segunda-feira;10:00:00;SC;153;19,7;AGUA DOCE;Ausência de reação do condutor;Capotamento;Sem Vítimas;Pleno dia;Decrescente;Céu Claro;Simples;Reta;Não;1;0;0;0;0;1;0;1;-26,716625;-51,616577;SPRF-SC;DEL07-SC;UOP07-DEL07-SC
634992;15/10/2024;terça-feira;03:45:00;RN;406;169;SAO GONCALO DO AMARANTE;Animais na Pista;Atropelamento de Animal;Com Vítimas Feridas;Plena Noite;Crescente;Céu Claro;Dupla;Reta;Sim;2;0;1;0;1;0;1;1;-5,75570118;-35,30728507;SPRF-RN;DEL02-RN;UOP01-DEL02-RN
634994;15/10/2024;terça-feira;05:00:00;SP;116;139;SAO JOSE DOS CAMPOS;Ausência de reação do condutor;Colisão lateral mesmo sentido;Com Vítimas Feridas;Amanhecer;Decrescente;Céu Claro;Dupla;Reta;Sim;2;0;0;1;1;0;1;2;-23,16153216;-45,80400592;SPRF-SP;DEL02-SP;UOP01-DEL02-SP
634995;15/10/2024;terça-feira;04:30:00;RJ;116;189;NOVA IGUACU;Condutor deixou de manter distância do veículo da frente;Colisão traseira;Com Vítimas Feridas;Amanhecer;Decrescente;Nublado;Dupla;Reta;Sim;2;0;1;0;1;0;1;2;-22,73765712;-43,49182298;SPRF-RJ;DEL06-RJ;UOP01-DEL06-RJ
634997;15/10/2024;terça-feira;05:30:00;SE;101;93;NOSSA SENHORA DO SOCORRO;Desrespeitar a preferência no cruzamento;Colisão transversal;Com Vítimas Feridas;Pleno dia;Crescente;Céu Claro;Dupla;Rotatória;Sim;2;0;0;1;1;0;1;2;-10,90212319;-37,14494787;SPRF-SE;DEL01-SE;UOP01-DEL01-SE
634998;15/10/2024;terça-feira;05:36:00;TO;153;152;ARAGUAINA;Pedestre andava na pista;Atropelamento de Pedestre;Com Vítimas Feridas;Amanhecer;Decrescente;Garoa/Chuvisco;Simples;Reta;Não;2;0;1;1;0;0;2;2;-7,264632;-48,262614;SPRF-TO;DEL02-TO;UOP01-DEL02-TO
634999;15/10/2024;terça-feira;06:00:00;MG;381;478;CONTAGEM;Demais falhas mecânicas ou elétricas;Tombamento;Com Vítimas Feridas;Pleno dia;Decrescente;Céu Claro;Dupla;Reta;Sim;1;0;1;0;0;0;1;1;-19,95826094;-44,05921101;SPRF-MG;DEL01-MG;UOP03-DEL01-MG
635000;15/10/2024;terça-feira;06:20:00;MG;40;491;ESMERALDAS;Condutor Dormindo;Saída de leito carroçável;Com Vítimas Feridas;Pleno dia;Decrescente;Céu Claro;Dupla;Curva;Não;1;0;1;0;0;0;1;1;-19,62850298;-44,20532179;SPRF-MG;DEL02-MG;UOP01-DEL02-MG
635002;15/10/2024;terça-feira;06:30:00;SE;235;54;ITABAIANA;Desrespeitar a preferência no cruzamento;Colisão transversal;Com Vítimas Feridas;Pleno dia;Decrescente;Sol;Simples;Reta;Não;3;0;1;0;2;0;1;2;-10,676047;-37,443279;SPRF-SE;DEL01-SE;UOP02-DEL01-SE
635006;15/10/2024;terça-feira;06:00:00;SC;280;79,8;CORUPA;Pista Escorregadia;Saída de leito carroçável;Com Vítimas Feridas;Amanhecer;Decrescente;Chuva;Simples;"Rotatória;Interseção de Vias;Reta";Não;1;0;1;0;0;0;1;1;-26,44050838;-49,22097087;SPRF-SC;DEL06-SC;UOP03-DEL06-SC
635007;15/10/2024;terça-feira;07:15:00;SC;282;5;SAO JOSE;Trafegar com motocicleta (ou similar) entre as faixas;Colisão traseira;Com Vítimas Feridas;Pleno dia;Decrescente;Céu Claro;Múltipla;Reta;Sim;2;0;1;0;1;0;1;2;-27,588425;-48,612919;SPRF-SC;DEL01-SC;UOP01-DEL01-SC
635008;15/10/2024;terça-feira;06:50:00;BA;324;583,9;CANDEIAS;Mal súbito do condutor;Queda de ocupante de veículo;Com Vítimas Feridas;Pleno dia;Decrescente;Nublado;Dupla;Reta;Não;1;0;1;0;0;0;1;1;-12,6141891;-38,48700311;SPRF-BA;DEL01-BA;UOP01-DEL01-BA
635009;15/10/2024;terça-feira;05:30:00;GO;60;163,1;GOIANIA;Ingestão de álcool pelo condutor;Capotamento;Sem Vítimas;Amanhecer;Decrescente;Chuva;Dupla;Reta;Sim;1;0;0;0;1;0;0;1;-16,7002;-49,3335;SPRF-GO;DEL01-GO;UOP02-DEL01-GO
635010;15/10/2024;terça-feira;07:11:00;SP;381;84;SAO PAULO;Demais falhas mecânicas ou elétricas;Eventos atípicos;Com Vítimas Feridas;Pleno dia;Decrescente;Céu Claro;Dupla;Reta;Não;2;0;1;0;1;0;1;2;-23,43937;-46,56807;SPRF-SP;DEL03-SP;UOP01-DEL03-SP
635014;15/10/2024;terça-feira;07:20:00;PR;116;119;CURITIBA;Manobra de mudança de faixa;Colisão traseira;Com Vítimas Feridas;Amanhecer;Decrescente;Nublado;Dupla;Reta;Sim;3;0;2;0;1;0;2;2;-25,582486;-49,313338;SPRF-PR;DEL01-PR;UOP03-DEL01-PR
635015;15/10/2024;terça-feira;07:20:00;AL;104;90;RIO LARGO;Manobra de mudança de faixa;Colisão lateral mesmo sentido;Com Vítimas Feridas;Pleno dia;Crescente;Céu Claro;Dupla;Reta;Sim;4;0;0;1;2;1;1;3;-9,50059087;-35,81127569;SPRF-AL;DEL01-AL;UOP01-DEL01-AL
635016;15/10/2024;terça-feira;07:20:00;SP;116;362,5;MIRACATU;Curva acentuada;Capotamento;Com Vítimas Feridas;Amanhecer;Crescente;Nublado;Dupla;Curva;Não;3;0;1;0;2;0;1;1;-24,1220177;-47,27047772;SPRF-SP;DEL04-SP;UOP03-DEL04-SP
635017;14/10/2024;segunda-feira;06:10:00;BA;116;422;FEIRA DE SANTANA;Velocidade Incompatível;Queda de ocupante de veículo;Com Vítimas Feridas;Pleno dia;Crescente;Céu Claro;Dupla;Viaduto;Não;1;0;1;0;0;0;1;1;-12,22064702;-38,96561131;SPRF-BA;DEL02-BA;UOP01-DEL02-BA
635018;15/10/2024;terça-feira;08:05:00;CE;116;1;FORTALEZA;Trafegar com motocicleta (ou similar) entre as faixas;Colisão lateral mesmo sentido;Com Vítimas Feridas;Pleno dia;Decrescente;Céu Claro;Múltipla;Reta;Sim;2;0;1;0;1;0;1;2;-3,76461185;-38,51836681;SPRF-CE;DEL01-CE;UOP02-DEL01-CE
635019;15/10/2024;terça-feira;06:45:00;PE;104;65;CARUARU;Manobra de mudança de faixa;Colisão transversal;Com Vítimas Feridas;Pleno dia;Decrescente;Céu Claro;Dupla;Viaduto;Sim;2;0;1;0;1;0;1;2;-8,27576841;-35,98180711;SPRF-PE;DEL02-PE;UOP01-DEL02-PE
635020;15/10/2024;terça-feira;07:40:00;SP;116;293;ITAPECERICA DA SERRA;Reação tardia ou ineficiente do condutor;Tombamento;Com Vítimas Feridas;Pleno dia;Decrescente;Céu Claro;Dupla;Reta;Não;1;0;1;0;0;0;1;1;-23,75393807;-46,90168863;SPRF-SP;DEL04-SP;UOP01-DEL04-SP
635022;15/10/2024;terça-feira;08:00:00;RN;101;94;NATAL;Reação tardia ou ineficiente do condutor;Colisão traseira;Com Vítimas Feridas;Pleno dia;Decrescente;Céu Claro;Dupla;Reta;Sim;2;0;0;1;1;0;1;2;-5,83176615;-35,21191342;SPRF-RN;DEL01-RN;UOP01-DEL01-RN
635023;14/10/2024;segunda-feira;12:00:00;RJ;116;95;GUAPIMIRIM;Ausência de reação do condutor;Colisão traseira;Com Vítimas Feridas;Pleno dia;Decrescente;Céu Claro;Simples;Reta;Não;2;0;1;0;1;0;1;2;-22,47374702;-43,00117923;SPRF-RJ;DEL04-RJ;UOP01-DEL04-RJ
635025;15/10/2024;terça-feira;08:15:00;SC;101;201,8;SAO JOSE;Trafegar com motocicleta (ou similar) entre as faixas;Colisão lateral mesmo sentido;Com Vítimas Feridas;Pleno dia;Crescente;Nublado;Múltipla;Reta;Sim;2;0;1;0;1;0;1;2;-27,54836599;-48,61977975;SPRF-SC;DEL01-SC;UOP01-DEL01-SC
635026;15/10/2024;terça-feira;07:10:00;MG;381;483;BETIM;Acumulo de óleo sobre o pavimento;Queda de ocupante de veículo;Com Vítimas Feridas;Pleno dia;Crescente;Nublado;Dupla;"Viaduto;Curva";Não;2;0;1;0;1;0;1;1;-19,95594491;-44,10721699;SPRF-MG;DEL01-MG;UOP03-DEL01-MG
635027;15/10/2024;terça-feira;08:20:00;SC;101;48,1;PALHOCA;Objeto estático sobre o leito carroçável;Colisão com objeto;Com Vítimas Feridas;Pleno dia;Decrescente;Garoa/Chuvisco;Dupla;"Reta;Declive";Não;1;0;0;1;0;0;1;1;-27,6427;-48,6695;SPRF-SC;DEL01-SC;UOP02-DEL01-SC
635028;11/10/2024;sexta-feira;05:00:00;PA;0;0;BELEM;Ausência de reação do condutor;Colisão traseira;Sem Vítimas;Amanhecer;Não Informado;Ignorado;Dupla;Curva;Sim;6;0;0;0;6;0;0;2;-1,40939087;-48,46595049;SPRF-PA;N/A;N/A
635030;15/10/2024;terça-feira;06:30:00;SP;116;209,5;GUARULHOS;Manobra de mudança de faixa;Colisão lateral mesmo sentido;Com Vítimas Feridas;Pleno dia;Crescente;Nublado;Múltipla;"Aclive;Reta";Sim;2;0;1;0;1;0;1;2;-23,4261538;-46,4055945;SPRF-SP;DEL01-SP;UOP01-DEL01-SP
635031;15/10/2024;terça-feira;07:30:00;BA;101;105;ALAGOINHAS;Condutor deixou de manter distância do veículo da frente;Colisão traseira;Com Vítimas Feridas;Pleno dia;Crescente;Céu Claro;Simples;Reta;Não;2;0;1;0;1;0;1;2;-12,15963868;-38,41162324;SPRF-BA;DEL01-BA;UOP04-DEL01-BA
635033;15/10/2024;terça-feira;08:20:00;RS;153;49,7;ERECHIM;Condutor deixou de manter distância do veículo da frente;Colisão traseira;Com Vítimas Feridas;Pleno dia;Decrescente;Céu Claro;Simples;Reta;Não;2;0;1;0;1;0;1;2;-27,65513812;-52,26579899;SPRF-RS;DEL08-RS;UOP04-DEL08-RS
635034;15/10/2024;terça-feira;08:10:00;GO;153;493,9;GOIANIA;Condutor deixou de manter distância do veículo da frente;Colisão traseira;Sem Vítimas;Pleno dia;Crescente;Nublado;Dupla;Reta;Sim;2;0;0;0;2;0;0;2;-16,6529852;-49,21675628;SPRF-GO;DEL01-GO;UOP01-DEL01-GO
635035;15/10/2024;terça-feira;07:00:00;RJ;40;113;DUQUE DE CAXIAS;Demais falhas mecânicas ou elétricas;Eventos atípicos;Com Vítimas Feridas;Pleno dia;Crescente;Céu Claro;Múltipla;Reta;Não;4;0;3;0;1;0;3;1;-22,70948502;-43,29040354;SPRF-RJ;DEL01-RJ;UOP02-DEL01-RJ
635036;14/10/2024;segunda-feira;17:50:00;RJ;116;143;DUQUE DE CAXIAS;Área urbana sem a presença de local apropriado para a travessia de pedestres;Atropelamento de Pedestre;Com Vítimas Fatais;Anoitecer;Decrescente;Céu Claro;Dupla;Reta;Sim;3;1;2;0;0;0;2;2;-22,65237271;-43,23918118;SPRF-RJ;DEL01-RJ;UOP02-DEL01-RJ
635037;15/10/2024;terça-feira;07:20:00;PR;369;86;CORNELIO PROCOPIO;Demais falhas mecânicas ou elétricas;Colisão frontal;Com Vítimas Feridas;Pleno dia;Decrescente;Céu Claro;Simples;Curva;Não;2;0;2;0;0;0;2;2;-23,17832455;-50,62313855;SPRF-PR;DEL07-PR;UOP05-DEL07-PR
635038;15/10/2024;terça-feira;09:00:00;RS;158;403,9;SAO GABRIEL;Ausência de reação do condutor;Saída de leito carroçável;Sem Vítimas;Pleno dia;Crescente;Chuva;Simples;Reta;Não;1;0;0;0;1;0;0;1;-29,96586493;-54,46105411;SPRF-RS;DEL11-RS;UOP02-DEL11-RS
635039;15/10/2024;terça-feira;07:30:00;BA;116;359,7;SERRINHA;Condutor deixou de manter distância do veículo da frente;Colisão traseira;Com Vítimas Feridas;Pleno dia;Decrescente;Céu Claro;Simples;"Aclive;Reta";Sim;2;0;2;0;0;0;2;2;-11,6582739;-38,99663315;SPRF-BA;DEL02-BA;UOP01-DEL02-BA
635040;11/10/2024;sexta-feira;19:30:00;BA;135;5;FORMOSA DO RIO PRETO;Reação tardia ou ineficiente do condutor;Saída de leito carroçável;Com Vítimas Feridas;Plena Noite;Crescente;Céu Claro;Simples;Reta;Não;43;0;43;0;0;0;43;1;-10,88328898;-45,14664108;SPRF-BA;DEL10-BA;UOP01-DEL10-BA
635043;15/10/2024;terça-feira;08:45:00;PE;101;50;ABREU E LIMA;Ultrapassagem Indevida;Colisão lateral mesmo sentido;Com Vítimas Feridas;Pleno dia;Crescente;Céu Claro;Múltipla;Reta;Sim;3;0;1;1;1;0;2;2;-7,90938602;-34,90123228;SPRF-PE;DEL01-PE;UOP02-DEL01-PE
635044;15/10/2024;terça-feira;09:25:00;SP;381;66;MAIRIPORA;Manobra de mudança de faixa;Colisão lateral mesmo sentido;Sem Vítimas;Pleno dia;Crescente;Céu Claro;Múltipla;Reta;Não;2;0;0;0;2;0;0;2;-23,32451103;-46,58021504;SPRF-SP;DEL03-SP;UOP01-DEL03-SP
635045;15/10/2024;terça-feira;10:00:00;SC;470;46,8;BLUMENAU;Acessar a via sem observar a presença dos outros veículos;Colisão transversal;Com Vítimas Feridas;Pleno dia;Crescente;Chuva;Simples;Reta;Sim;2;0;1;0;1;0;1;2;-26,859823;-49,055393;SPRF-SC;DEL04-SC;UOP01-DEL04-SC
635046;15/10/2024;terça-feira;09:22:00;MS;60;343;CAMPO GRANDE;Ausência de reação do condutor;Colisão com objeto;Com Vítimas Feridas;Pleno dia;Crescente;Céu Claro;Dupla;Reta;Não;1;0;1;0;0;0;1;1;-20,416063;-54,690856;SPRF-MS;DEL01-MS;UOP02-DEL01-MS
635051;11/10/2024;sexta-feira;19:03:00;MT;364;331,1;SANTO ANTONIO DO LEVERGER;Reação tardia ou ineficiente do condutor;Saída de leito carroçável;Sem Vítimas;Plena Noite;Crescente;Nublado;Dupla;"Curva;Aclive";Não;3;0;0;0;3;0;0;1;-15,822813;-55,419647;SPRF-MT;DEL05-MT;UOP02-DEL05-MT
635052;07/07/2024;domingo;06:30:00;GO;364;18;SAO SIMAO;Transitar na contramão;Colisão frontal;Com Vítimas Feridas;Pleno dia;Decrescente;Céu Claro;Simples;Reta;Não;2;0;2;0;0;0;2;2;-18,943693;-50,635265;SPRF-GO;DEL05-GO;UOP02-DEL05-GO
635053;11/10/2024;sexta-feira;18:00:00;GO;50;241,8;CATALAO;Chuva;Saída de leito carroçável;Com Vítimas Feridas;Anoitecer;Crescente;Chuva;Dupla;Reta;Não;1;0;1;0;0;0;1;1;-17,8922;-47,7935;SPRF-GO;DEL06-GO;UOP01-DEL06-GO
635055;06/09/2024;sexta-feira;19:10:00;SC;101;107,2;PENHA;Acessar a via sem observar a presença dos outros veículos;Colisão lateral mesmo sentido;Com Vítimas Feridas;Plena Noite;Crescente;Nublado;Múltipla;Reta;Não;2;0;0;1;1;0;1;2;-26,81930608;-48,68390282;SPRF-SC;DEL03-SC;UOP02-DEL03-SC
635057;15/10/2024;terça-feira;10:50:00;BA;101;713;EUNAPOLIS;Acessar a via sem observar a presença dos outros veículos;Colisão transversal;Com Vítimas Feridas;Pleno dia;Decrescente;Nublado;Simples;"Reta;Interseção de Vias";Sim;3;0;0;2;1;0;2;2;-16,5089598;-39,5770756;SPRF-BA;DEL09-BA;UOP01-DEL09-BA
635067;15/10/2024;terça-feira;05:40:00;BA;116;620,8;JAGUAQUARA;Manobra de mudança de faixa;Capotamento;Com Vítimas Fatais;Amanhecer;Decrescente;Céu Claro;Simples;Reta;Não;3;1;1;0;1;0;1;2;-13,36571005;-40,01844065;SPRF-BA;DEL03-BA;UOP02-DEL03-BA
635069;15/10/2024;terça-feira;09:00:00;BA;101;422;IBIRAPITANGA;Pista Escorregadia;Colisão frontal;Com Vítimas Feridas;Pleno dia;Decrescente;Chuva;Simples;Curva;Não;5;0;2;3;0;0;5;2;-14,134143;-39,358196;SPRF-BA;DEL05-BA;UOP03-DEL05-BA
635070;15/10/2024;terça-feira;12:10:00;BA;116;12;VITORIA DA CONQUISTA;Acessar a via sem observar a presença dos outros veículos;Colisão transversal;Com Vítimas Feridas;Pleno dia;Crescente;Céu Claro;Simples;Reta;Sim;1;0;0;1;0;0;1;1;-14,87312362;-40,87145805;SPRF-BA;DEL08-BA;UOP01-DEL08-BA
635073;15/10/2024;terça-feira;12:00:00;SC;470;88;ASCURRA;Desrespeitar a preferência no cruzamento;Colisão transversal;Com Vítimas Feridas;Pleno dia;Crescente;Chuva;Simples;Curva;Não;2;0;0;1;1;0;1;2;-26,955355;-49,373169;SPRF-SC;DEL04-SC;UOP01-DEL04-SC
635074;15/10/2024;terça-feira;12:45:00;MG;262;798;UBERABA;Ingestão de álcool pelo condutor;Saída de leito carroçável;Com Vítimas Feridas;Pleno dia;Crescente;Céu Claro;Simples;Declive;Não;1;0;1;0;0;0;1;1;-19,777964;-47,9268;SPRF-MG;DEL13-MG;UOP01-DEL13-MG
635075;15/10/2024;terça-feira;12:20:00;PR;116;119,3;CURITIBA;Trafegar com motocicleta (ou similar) entre as faixas;Colisão traseira;Com Vítimas Feridas;Pleno dia;Decrescente;Nublado;Dupla;"Aclive;Reta";Não;2;0;0;1;1;0;1;2;-25,579907;-49,312792;SPRF-PR;DEL01-PR;UOP03-DEL01-PR
635076;15/10/2024;terça-feira;13:00:00;RJ;101;480;ANGRA DOS REIS;Reação tardia ou ineficiente do condutor;Colisão frontal;Com Vítimas Feridas;Pleno dia;Crescente;Nublado;Simples;Reta;Sim;2;0;1;0;1;0;1;2;-23,01331268;-44,28361913;SPRF-RJ;DEL03-RJ;UOP03-DEL03-RJ
635079;15/10/2024;terça-feira;11:10:00;SC;280;33;ARAQUARI;Acesso irregular;Colisão frontal;Com Vítimas Feridas;Pleno dia;Decrescente;Chuva;Simples;Reta;Não;4;0;3;0;1;0;3;2;-26,42576441;-48,78741376;SPRF-SC;DEL03-SC;UOP03-DEL03-SC
635080;15/10/2024;terça-feira;13:30:00;SP;153;65,1;SAO JOSE DO RIO PRETO;Avarias e/ou desgaste excessivo no pneu;Colisão com objeto;Com Vítimas Feridas;Pleno dia;Crescente;Céu Claro;Dupla;"Declive;Reta";Sim;1;0;1;0;0;0;1;1;-20,8355877;-49,36570039;SPRF-SP;DEL09-SP;UOP01-DEL09-SP
635082;15/10/2024;terça-feira;10:35:00;SC;101;307,7;LAGUNA;Condutor Dormindo;Colisão lateral mesmo sentido;Com Vítimas Feridas;Pleno dia;Crescente;Nublado;Dupla;"Reta;Viaduto;Aclive";Não;7;0;4;0;3;0;4;5;-28,41539944;-48,79472494;SPRF-SC;DEL02-SC;UOP03-DEL02-SC
635083;07/10/2024;segunda-feira;15:30:00;PE;101;126;ESCADA;Manobra de mudança de faixa;Colisão lateral mesmo sentido;Sem Vítimas;Pleno dia;Crescente;Céu Claro;Dupla;Reta;Sim;2;0;0;0;2;0;0;2;-8,36958202;-35,22919699;SPRF-PE;DEL01-PE;UOP03-DEL01-PE
635084;15/10/2024;terça-feira;13:35:00;PR;277;121,6;CAMPO LARGO;Trafegar com motocicleta (ou similar) entre as faixas;Colisão transversal;Com Vítimas Feridas;Pleno dia;Crescente;Céu Claro;Dupla;"Reta;Retorno Regulamentado";Sim;2;0;1;0;1;0;1;2;-25,44291439;-49,44993394;SPRF-PR;DEL03-PR;UOP03-DEL03-PR
635085;15/10/2024;terça-feira;13:50:00;SP;116;131;SAO JOSE DOS CAMPOS;Reação tardia ou ineficiente do condutor;Tombamento;Com Vítimas Feridas;Pleno dia;Crescente;Céu Claro;Dupla;Reta;Sim;2;0;1;1;0;0;2;1;-23,16153216;-45,80400592;SPRF-SP;DEL02-SP;UOP02-DEL02-SP
635091;15/10/2024;terça-feira;13:00:00;SP;116;216;GUARULHOS;Manobra de mudança de faixa;Colisão lateral mesmo sentido;Com Vítimas Feridas;Pleno dia;Decrescente;Céu Claro;Múltipla;"Reta;Declive";Sim;2;0;1;0;0;1;1;2;-23,45056589;-46,46258105;SPRF-SP;DEL01-SP;UOP01-DEL01-SP
635092;30/09/2024;segunda-feira;22:30:00;BA;407;4;JUAZEIRO;Acessar a via sem observar a presença dos outros veículos;Colisão transversal;Com Vítimas Feridas;Plena Noite;Decrescente;Céu Claro;Simples;Reta;Sim;2;0;2;0;0;0;2;2;-9,43957495;-40,49433089;SPRF-PE;DEL06-PE;UOP01-DEL06-PE
635094;15/10/2024;terça-feira;14:15:00;MT;163;842;SINOP;Demais falhas mecânicas ou elétricas;Queda de ocupante de veículo;Com Vítimas Feridas;Pleno dia;Crescente;Nublado;Simples;Reta;Não;2;0;1;1;0;0;2;1;-11,7972545;-55,47856634;SPRF-MT;DEL06-MT;UOP02-DEL06-MT
635095;15/10/2024;terça-feira;14:55:00;PB;101;86,9;JOAO PESSOA;Demais falhas mecânicas ou elétricas;Tombamento;Com Vítimas Feridas;Pleno dia;Decrescente;Sol;Dupla;Reta;Sim;2;0;2;0;0;0;2;1;-7,15118983;-34,91012184;SPRF-PB;DEL01-PB;UOP01-DEL01-PB