id;data_inversa;dia_semana;horario;uf;br;km;municipio;causa_acidente;tipo_acidente;classificacao_acidente;fase_dia;sentido_via;condicao_metereologica;tipo_pista;tracado_via;uso_solo;pessoas;mortos;feridos_leves;feridos_graves;ilesos;ignorados;feridos;veiculos;latitude;longitude;regional;delegacia;uop
635099;26/09/2024;quinta-feira;14:09:00;RO;319;62;PORTO VELHO;Manobra de mudança de faixa;Colisão lateral mesmo sentido;Com Vítimas Feridas;Pleno dia;Crescente;Céu Claro;Múltipla;"Interseção de Vias;Retorno Regulamentado;Reta";Sim;2;0;0;1;1;0;1;2;-8,74800504;-63,88841093;SPRF-RO;DEL01-RO;UOP01-DEL01-RO
635100;15/10/2024;terça-feira;12:50:00;SC;101;87,7;BARRA VELHA;Desrespeitar a preferência no cruzamento;Colisão transversal;Sem Vítimas;Pleno dia;Decrescente;Nublado;Múltipla;"Viaduto;Interseção de Vias";Sim;2;0;0;0;2;0;0;2;-26,63713377;-48,69651057;SPRF-SC;DEL03-SC;UOP02-DEL03-SC
635101;15/10/2024;terça-feira;11:16:00;RJ;101;313,8;SAO GONCALO;Ausência de reação do condutor;Engavetamento;Com Vítimas Feridas;Pleno dia;Decrescente;Sol;Dupla;Reta;Não;3;0;1;0;2;0;1;3;-22,81049093;-43,06983304;SPRF-RJ;DEL02-RJ;UOP02-DEL02-RJ
635102;15/10/2024;terça-feira;11:10:00;CE;116;39;HORIZONTE;Acesso irregular;Queda de ocupante de veículo;Com Vítimas Feridas;Pleno dia;Crescente;Céu Claro;Dupla;"Curva;Interseção de Vias";Sim;2;0;1;1;0;0;2;1;-4,08888281;-38,50193392;SPRF-CE;DEL01-CE;UOP02-DEL01-CE
635104;15/10/2024;terça-feira;15:45:00;SP;116;210;GUARULHOS;Ausência de reação do condutor;Queda de ocupante de veículo;Com Vítimas Feridas;Pleno dia;Crescente;Céu Claro;Múltipla;Reta;Sim;1;0;1;0;0;0;1;1;-23,42870023;-46,41085991;SPRF-SP;DEL01-SP;UOP01-DEL01-SP
635106;15/10/2024;terça-feira;14:54:00;DF;20;5;BRASILIA;Acumulo de óleo sobre o pavimento;Colisão com objeto;Com Vítimas Feridas;Pleno dia;Crescente;Chuva;Dupla;Curva;Sim;2;0;1;0;1;0;1;1;-15,670546;-47,816044;SPRF-DF;DEL02-DF;UOP01-DEL02-DF
635108;15/10/2024;terça-feira;15:30:00;CE;226;221,6;PEDRA BRANCA;Ultrapassagem Indevida;Colisão frontal;Com Vítimas Fatais;Pleno dia;Crescente;Céu Claro;Simples;"Reta;Aclive";Não;2;2;0;0;0;0;0;2;-5,45292482;-39,72170988;SPRF-CE;DEL02-CE;UOP02-DEL02-CE
635110;15/10/2024;terça-feira;16:00:00;SP;381;69,5;MAIRIPORA;Reação tardia ou ineficiente do condutor;Colisão com objeto;Com Vítimas Feridas;Pleno dia;Decrescente;Céu Claro;Múltipla;"Curva;Declive";Não;1;0;0;1;0;0;1;1;-23,34553108;-46,56787903;SPRF-SP;DEL03-SP;UOP01-DEL03-SP
635113;15/10/2024;terça-feira;15:00:00;PR;116;115,7;CURITIBA;Manobra de mudança de faixa;Colisão traseira;Com Vítimas Feridas;Pleno dia;Crescente;Nublado;Dupla;Reta;Não;2;0;1;0;1;0;1;2;-25,550087;-49,304785;SPRF-PR;DEL01-PR;UOP03-DEL01-PR
635114;15/10/2024;terça-feira;16:45:00;SP;116;201;ARUJA;Ausência de reação do condutor;Tombamento;Com Vítimas Feridas;Pleno dia;Crescente;Céu Claro;Múltipla;Curva;Sim;2;0;2;0;0;0;2;1;-23,40362877;-46,33050107;SPRF-SP;DEL01-SP;UOP01-DEL01-SP
635116;15/10/2024;terça-feira;15:50:00;SP;116;53;LORENA;Frear bruscamente;Colisão traseira;Com Vítimas Feridas;Pleno dia;Decrescente;Céu Claro;Dupla;Reta;Sim;3;0;1;0;2;0;1;2;-22,75255433;-45,10741076;SPRF-SP;DEL08-SP;UOP02-DEL08-SP
635118;12/10/2024;sábado;10:00:00;RN;304;36;MOSSORO;Avarias e/ou desgaste excessivo no pneu;Queda de ocupante de veículo;Com Vítimas Feridas;Pleno dia;Decrescente;Céu Claro;Dupla;Reta;Sim;2;0;2;0;0;0;2;1;-5,16853634;-37,35540171;SPRF-RN;DEL04-RN;UOP02-DEL04-RN
635121;15/10/2024;terça-feira;17:10:00;PB;101;84;BAYEUX;Acumulo de água sobre o pavimento;Tombamento;Com Vítimas Feridas;Plena Noite;Crescente;Céu Claro;Dupla;Reta;Sim;1;0;1;0;0;0;1;1;-7,13957906;-34,92312806;SPRF-PB;DEL01-PB;UOP01-DEL01-PB
635122;15/10/2024;terça-feira;17:30:00;RN;101;95;NATAL;Condutor Dormindo;Engavetamento;Sem Vítimas;Plena Noite;Crescente;Céu Claro;Dupla;"Viaduto;Curva;Aclive";Sim;4;0;0;0;4;0;0;4;-5,84076841;-35,21035949;SPRF-RN;DEL01-RN;UOP01-DEL01-RN
635125;09/10/2024;quarta-feira;12:23:00;TO;153;143;ARAGUAINA;Manobra de mudança de faixa;Colisão transversal;Com Vítimas Feridas;Pleno dia;Crescente;Céu Claro;Dupla;Rotatória;Sim;4;0;1;0;3;0;1;2;-7,18866332;-48,23207966;SPRF-TO;DEL02-TO;UOP01-DEL02-TO
635126;15/10/2024;terça-feira;17:30:00;TO;10;457;PALMAS;Ausência de reação do condutor;Queda de ocupante de veículo;Sem Vítimas;Pleno dia;Decrescente;Céu Claro;Múltipla;Reta;Não;1;0;0;0;0;1;0;1;-10,27370815;-48,30516815;SPRF-TO;DEL01-TO;UOP03-DEL01-TO
635127;15/10/2024;terça-feira;14:50:00;RJ;493;1;ITABORAI;Condutor deixou de manter distância do veículo da frente;Colisão traseira;Com Vítimas Feridas;Pleno dia;Crescente;Céu Claro;Simples;Reta;Sim;2;0;1;0;1;0;1;2;-22,76398788;-42,92731895;SPRF-RJ;DEL02-RJ;UOP02-DEL02-RJ
635128;15/10/2024;terça-feira;17:05:00;SP;381;57,9;MAIRIPORA;Reação tardia ou ineficiente do condutor;Colisão traseira;Com Vítimas Fatais;Pleno dia;Crescente;Céu Claro;Dupla;Reta;Sim;4;1;0;0;2;1;0;3;-23,2658219;-46,5839857;SPRF-SP;DEL03-SP;UOP01-DEL03-SP
635131;15/10/2024;terça-feira;17:10:00;CE;116;505,1;BREJO SANTO;Acesso irregular;Colisão traseira;Sem Vítimas;Pleno dia;Crescente;Céu Claro;Simples;Reta;Sim;4;0;0;0;4;0;0;4;-7,51477885;-38,99112225;SPRF-CE;DEL05-CE;UOP03-DEL05-CE
635134;15/10/2024;terça-feira;17:25:00;RJ;116;147;DUQUE DE CAXIAS;Reação tardia ou ineficiente do condutor;Colisão traseira;Com Vítimas Feridas;Pleno dia;Decrescente;Céu Claro;Dupla;Reta;Sim;3;0;2;0;1;0;2;2;-22,66978425;-43,27286493;SPRF-RJ;DEL01-RJ;UOP02-DEL01-RJ
635136;15/10/2024;terça-feira;16:30:00;RJ;493;66;DUQUE DE CAXIAS;Demais falhas mecânicas ou elétricas;Queda de ocupante de veículo;Com Vítimas Feridas;Pleno dia;Crescente;Céu Claro;Dupla;Reta;Não;2;0;2;0;0;0;2;1;-22,672089;-43,285053;SPRF-RJ;DEL01-RJ;UOP03-DEL01-RJ
635137;15/10/2024;terça-feira;18:39:00;MG;40;507,6;RIBEIRAO DAS NEVES;Reação tardia ou ineficiente do condutor;Colisão com objeto;Com Vítimas Feridas;Plena Noite;Crescente;Ignorado;Dupla;Reta;Sim;2;0;2;0;0;0;2;1;-19,75431705;-44,14152606;SPRF-MG;DEL02-MG;UOP01-DEL02-MG
635138;15/10/2024;terça-feira;18:30:00;SP;101;32,4;UBATUBA;Demais falhas mecânicas ou elétricas;Tombamento;Com Vítimas Feridas;Plena Noite;Decrescente;Céu Claro;Simples;Reta;Não;2;0;1;1;0;0;2;1;-23,38790115;-44,98068892;SPRF-SP;DEL06-SP;UOP01-DEL06-SP
635139;15/10/2024;terça-feira;18:27:00;ES;101;143,5;LINHARES;Ausência de reação do condutor;Colisão traseira;Com Vítimas Feridas;Plena Noite;Crescente;Céu Claro;Múltipla;Reta;Não;3;0;0;1;1;1;1;3;-19,34286596;-40,0638568;SPRF-ES;DEL04-ES;UOP01-DEL04-ES
635140;15/10/2024;terça-feira;10:40:00;PE;407;129;PETROLINA;Manobra de mudança de faixa;Colisão traseira;Com Vítimas Feridas;Pleno dia;Crescente;Céu Claro;Dupla;Reta;Sim;2;0;1;0;1;0;1;2;-9,39958299;-40,50459298;SPRF-PE;DEL06-PE;UOP01-DEL06-PE
635141;15/10/2024;terça-feira;14:50:00;RS;386;183,5;CARAZINHO;Chuva;Saída de leito carroçável;Com Vítimas Feridas;Pleno dia;Decrescente;Chuva;Simples;Curva;Não;2;0;1;0;1;0;1;1;-28,32217;-52,72691;SPRF-RS;DEL08-RS;UOP01-DEL08-RS
635143;15/10/2024;terça-feira;15:00:00;MG;459;87,5;CONGONHAL;Pedestre andava na pista;Atropelamento de Pedestre;Com Vítimas Feridas;Pleno dia;Crescente;Céu Claro;Simples;Reta;Não;2;0;1;0;1;0;1;2;-22,150208;-46,033627;SPRF-MG;DEL09-MG;UOP01-DEL09-MG
635144;02/10/2024;quarta-feira;22:30:00;PR;376;173,1;MARINGA;Transitar na contramão;Colisão frontal;Com Vítimas Feridas;Plena Noite;Decrescente;Céu Claro;Dupla;"Reta;Aclive;Em Obras";Sim;2;0;2;0;0;0;2;2;-23,4172197;-51,9589231;SPRF-PR;DEL09-PR;UOP01-DEL09-PR
635145;15/10/2024;terça-feira;16:30:00;SC;480;126,6;CHAPECO;Acumulo de água sobre o pavimento;Saída de leito carroçável;Com Vítimas Feridas;Pleno dia;Crescente;Chuva;Simples;"Declive;Interseção de Vias";Não;2;0;0;2;0;0;2;1;-27,02440917;-52,63502598;SPRF-SC;DEL07-SC;UOP01-DEL07-SC
635146;15/10/2024;terça-feira;18:00:00;BA;116;826;VITORIA DA CONQUISTA;Acessar a via sem observar a presença dos outros veículos;Colisão transversal;Com Vítimas Feridas;Anoitecer;Crescente;Céu Claro;Simples;"Reta;Interseção de Vias";Sim;2;0;2;0;0;0;2;2;-14,82104614;-40,81381393;SPRF-BA;DEL08-BA;UOP01-DEL08-BA
635147;18/09/2024;quarta-feira;08:30:00;SP;116;225;GUARULHOS;Trafegar com motocicleta (ou similar) entre as faixas;Colisão traseira;Com Vítimas Feridas;Pleno dia;Crescente;Céu Claro;Múltipla;"Reta;Aclive";Não;2;0;0;1;1;0;1;2;-23,48586772;-46,54075317;SPRF-SP;DEL01-SP;UOP01-DEL01-SP
635148;15/10/2024;terça-feira;19:25:00;BA;324;5,5;FEIRA DE SANTANA;Pedestre cruzava a pista fora da faixa;Atropelamento de Pedestre;Com Vítimas Fatais;Plena Noite;Decrescente;Nublado;Dupla;"Reta;Aclive";Sim;2;1;0;0;1;0;0;2;-12,2793488;-38,9800645;SPRF-BA;DEL02-BA;UOP01-DEL02-BA
635149;15/10/2024;terça-feira;19:30:00;SP;116;224;GUARULHOS;Condutor deixou de manter distância do veículo da frente;Colisão lateral mesmo sentido;Com Vítimas Feridas;Plena Noite;Decrescente;Céu Claro;Dupla;Reta;Sim;2;0;1;0;1;0;1;2;-23,487078;-46,541968;SPRF-SP;DEL01-SP;UOP01-DEL01-SP
635150;15/10/2024;terça-feira;19:00:00;SC;101;432,5;SOMBRIO;Manobra de mudança de faixa;Colisão lateral mesmo sentido;Com Vítimas Feridas;Plena Noite;Crescente;Nublado;Múltipla;Reta;Sim;2;0;1;0;1;0;1;2;-29,08691737;-49,63123083;SPRF-SC;DEL02-SC;UOP02-DEL02-SC
635154;15/10/2024;terça-feira;16:47:00;RO;364;15;VILHENA;Desrespeitar a preferência no cruzamento;Colisão transversal;Com Vítimas Feridas;Pleno dia;Crescente;Nublado;Simples;Interseção de Vias;Sim;2;0;1;0;1;0;1;2;-12,73672751;-60,14804088;SPRF-RO;DEL04-RO;UOP01-DEL04-RO
635155;15/10/2024;terça-feira;18:30:00;PE;104;103;CUPIRA;Acessar a via sem observar a presença dos outros veículos;Colisão transversal;Com Vítimas Fatais;Plena Noite;Crescente;Céu Claro;Simples;Reta;Sim;4;1;0;1;1;1;1;3;-8,589451;-35,95377;SPRF-PE;DEL02-PE;UOP03-DEL02-PE
635156;15/10/2024;terça-feira;18:50:00;MG;381;499,5;BETIM;Manobra de mudança de faixa;Colisão lateral mesmo sentido;Com Vítimas Feridas;Plena Noite;Decrescente;Céu Claro;Dupla;Reta;Sim;2;0;1;0;0;1;1;2;-20,01792651;-44,2261448;SPRF-MG;DEL01-MG;UOP03-DEL01-MG
635158;15/10/2024;terça-feira;20:00:00;PR;277;728,6;FOZ DO IGUACU;Suicídio (presumido);Atropelamento de Pedestre;Com Vítimas Feridas;Plena Noite;Crescente;Céu Claro;Dupla;Reta;Sim;2;0;1;0;1;0;1;2;-25,51017487;-54,56454899;SPRF-PR;DEL05-PR;UOP03-DEL05-PR
635161;15/10/2024;terça-feira;13:30:00;MG;50;145,8;UBERABA;Ausência de sinalização;Eventos atípicos;Com Vítimas Feridas;Pleno dia;Crescente;Céu Claro;Dupla;Reta;Não;1;0;1;0;0;0;1;1;-19,51997196;-48,03997088;SPRF-MG;DEL13-MG;UOP01-DEL13-MG
635162;15/10/2024;terça-feira;20:00:00;GO;40;2,9;VALPARAISO DE GOIAS;Acessar a via sem observar a presença dos outros veículos;Colisão lateral mesmo sentido;Com Vítimas Feridas;Plena Noite;Decrescente;Nublado;Dupla;Reta;Sim;4;0;4;0;0;0;4;2;-16,0741972;-47,98514843;SPRF-DF;DEL01-DF;UOP01-DEL01-DF
635163;15/10/2024;terça-feira;15:30:00;PB;230;422,4;POMBAL;Ausência de reação do condutor;Saída de leito carroçável;Com Vítimas Feridas;Pleno dia;Decrescente;Céu Claro;Simples;"Reta;Aclive";Não;1;0;0;1;0;0;1;1;-6,7259;-37,8719;SPRF-PB;DEL03-PB;UOP02-DEL03-PB
635166;15/10/2024;terça-feira;16:30:00;BA;101;205,7;MURITIBA;Ausência de reação do condutor;Capotamento;Sem Vítimas;Pleno dia;Crescente;Nublado;Simples;"Reta;Aclive";Sim;1;0;0;0;1;0;0;1;-12,64068093;-39,09899109;SPRF-BA;DEL01-BA;UOP02-DEL01-BA
635167;15/10/2024;terça-feira;21:00:00;PR;376;4,1;APUCARANA;Conversão proibida;Colisão transversal;Com Vítimas Feridas;Plena Noite;Crescente;Nublado;Dupla;Interseção de Vias;Sim;2;0;1;0;1;0;1;2;-23,5513;-51,461266;SPRF-PR;DEL07-PR;UOP03-DEL07-PR
635169;15/10/2024;terça-feira;17:30:00;RO;364;356;JI-PARANA;Avarias e/ou desgaste excessivo no pneu;Saída de leito carroçável;Com Vítimas Feridas;Anoitecer;Crescente;Chuva;Simples;Curva;Não;9;0;1;1;7;0;2;1;-10,80099587;-62,02436686;SPRF-RO;DEL02-RO;UOP01-DEL02-RO
635173;15/10/2024;terça-feira;20:50:00;PE;428;189;PETROLINA;Desrespeitar a preferência no cruzamento;Colisão transversal;Com Vítimas Feridas;Plena Noite;Crescente;Céu Claro;Dupla;Retorno Regulamentado;Sim;2;0;0;1;1;0;1;2;-9,37197508;-40,48679585;SPRF-PE;DEL06-PE;UOP01-DEL06-PE
635174;15/10/2024;terça-feira;19:51:00;RJ;101;411;ITAGUAI;Ultrapassagem Indevida;Colisão traseira;Com Vítimas Feridas;Plena Noite;Decrescente;Nublado;Dupla;Reta;Sim;2;0;1;0;0;1;1;2;-22,89484687;-43,84753204;SPRF-RJ;DEL03-RJ;UOP01-DEL03-RJ
635175;15/10/2024;terça-feira;18:00:00;RN;226;247;JUCURUTU;Demais falhas mecânicas ou elétricas;Tombamento;Com Vítimas Feridas;Anoitecer;Crescente;Céu Claro;Simples;Reta;Sim;2;0;2;0;0;0;2;1;-6,0229363;-37,0285942;SPRF-RN;DEL03-RN;UOP01-DEL03-RN
635178;15/10/2024;terça-feira;19:00:00;MG;116;466;TARUMIRIM;Velocidade Incompatível;Tombamento;Com Vítimas Feridas;Plena Noite;Decrescente;Céu Claro;Simples;"Reta;Declive";Não;1;0;1;0;0;0;1;1;-19,2852902;-42,07293963;SPRF-MG;DEL06-MG;UOP02-DEL06-MG
635179;15/10/2024;terça-feira;21:00:00;PR;376;3,5;MANDAGUARI;Acessar a via sem observar a presença dos outros veículos;Colisão transversal;Com Vítimas Feridas;Plena Noite;Crescente;Céu Claro;Simples;Rotatória;Sim;3;0;0;1;2;0;1;2;-23,547966;-51,671265;SPRF-PR;DEL09-PR;UOP01-DEL09-PR
635180;15/10/2024;terça-feira;20:30:00;PI;230;309;FLORIANO;Manobra de mudança de faixa;Colisão transversal;Com Vítimas Feridas;Plena Noite;Crescente;Céu Claro;Simples;Reta;Sim;4;0;3;0;1;0;3;2;-6,77433132;-43,00632318;SPRF-PI;DEL03-PI;UOP01-DEL03-PI
635181;15/10/2024;terça-feira;19:00:00;MG;356;278,6;EUGENOPOLIS;Acessar a via sem observar a presença dos outros veículos;Colisão transversal;Com Vítimas Feridas;Plena Noite;Crescente;Nublado;Simples;Curva;Não;2;0;1;0;1;0;1;2;-21,12646716;-42,26316902;SPRF-MG;DEL07-MG;UOP02-DEL07-MG
635182;15/10/2024;terça-feira;21:40:00;CE;116;501;BREJO SANTO;Acesso irregular;Colisão transversal;Com Vítimas Feridas;Plena Noite;Crescente;Céu Claro;Simples;Reta;Sim;2;0;1;1;0;0;2;2;-7,45382915;-38,97311755;SPRF-CE;DEL05-CE;UOP03-DEL05-CE
635185;15/10/2024;terça-feira;21:46:00;PE;101;42,6;IGARASSU;Desrespeitar a preferência no cruzamento;Colisão transversal;Com Vítimas Feridas;Plena Noite;Decrescente;Céu Claro;Múltipla;"Interseção de Vias;Retorno Regulamentado";Sim;2;0;0;1;1;0;1;2;-7,83887431;-34,91196739;SPRF-PE;DEL01-PE;UOP02-DEL01-PE
635187;15/10/2024;terça-feira;21:20:00;GO;50;245;CATALAO;Transitar na contramão;Colisão transversal;Com Vítimas Feridas;Plena Noite;Decrescente;Céu Claro;Dupla;Reta;Sim;3;0;2;0;1;0;2;2;-17,9259;-47,7874;SPRF-GO;DEL06-GO;UOP01-DEL06-GO
635193;15/10/2024;terça-feira;23:10:00;SC;280;26;ARAQUARI;Condutor deixou de manter distância do veículo da frente;Colisão traseira;Com Vítimas Feridas;Plena Noite;Crescente;Nublado;Simples;Reta;Não;3;0;1;0;2;0;1;2;-26,38972308;-48,73411593;SPRF-SC;DEL03-SC;UOP03-DEL03-SC
635194;15/10/2024;terça-feira;22:55:00;MT;364;271;JACIARA;Reação tardia ou ineficiente do condutor;Queda de ocupante de veículo;Com Vítimas Feridas;Plena Noite;Decrescente;Céu Claro;Dupla;Rotatória;Sim;1;0;0;1;0;0;1;1;-15,96962998;-54,95363;SPRF-MT;DEL05-MT;UOP02-DEL05-MT
635196;15/10/2024;terça-feira;23:57:00;SC;280;123,8;RIO NEGRINHO;Reação tardia ou ineficiente do condutor;Saída de leito carroçável;Com Vítimas Feridas;Plena Noite;Crescente;Nublado;Simples;"Curva;Aclive";Não;4;0;1;0;3;0;1;1;-26,24420169;-49,46557991;SPRF-SC;DEL06-SC;UOP03-DEL06-SC
635199;16/10/2024;quarta-feira;00:00:00;PA;316;52;CASTANHAL;Demais falhas mecânicas ou elétricas;Incêndio;Sem Vítimas;Plena Noite;Crescente;Céu Claro;Dupla;Reta;Não;1;0;0;0;1;0;0;1;-1,30732485;-48,02586802;SPRF-PA;DEL01-PA;UOP01-DEL01-PA
635201;16/10/2024;quarta-feira;00:35:00;CE;116;4;FORTALEZA;Pedestre cruzava a pista fora da faixa;Atropelamento de Pedestre;Com Vítimas Feridas;Plena Noite;Decrescente;Vento;Múltipla;Reta;Sim;2;0;0;1;1;0;1;2;-3,7867209;-38,5114568;SPRF-CE;DEL01-CE;UOP02-DEL01-CE
635205;16/10/2024;quarta-feira;04:45:00;SC;470;65,7;INDAIAL;Acessar a via sem observar a presença dos outros veículos;Colisão transversal;Com Vítimas Feridas;Amanhecer;Crescente;Nublado;Simples;Reta;Não;2;0;1;0;1;0;1;2;-26,870411;-49,211864;SPRF-SC;DEL04-SC;UOP01-DEL04-SC
635212;16/10/2024;quarta-feira;06:10:00;GO;50;297;CUMARI;Condutor Dormindo;Capotamento;Com Vítimas Feridas;Pleno dia;Decrescente;Céu Claro;Dupla;Reta;Não;5;0;5;0;0;0;5;1;-18,309458;-48,015121;SPRF-GO;DEL06-GO;UOP01-DEL06-GO
635215;16/10/2024;quarta-feira;06:20:00;RJ;116;182;NOVA IGUACU;Demais falhas mecânicas ou elétricas;Queda de ocupante de veículo;Com Vítimas Feridas;Pleno dia;Decrescente;Céu Claro;Dupla;Reta;Sim;2;0;2;0;0;0;2;1;-22,7567755;-43,43107234;SPRF-RJ;DEL06-RJ;UOP01-DEL06-RJ
635216;16/10/2024;quarta-feira;06:30:00;MG;381;487;BETIM;Ausência de reação do condutor;Tombamento;Com Vítimas Feridas;Pleno dia;Crescente;Céu Claro;Dupla;Curva;Sim;2;0;2;0;0;0;2;1;-19,95586853;-44,14609501;SPRF-MG;DEL01-MG;UOP03-DEL01-MG
635219;08/10/2024;terça-feira;07:30:00;GO;60;271;JANDAIA;Ausência de reação do condutor;Saída de leito carroçável;Com Vítimas Feridas;Pleno dia;Crescente;Céu Claro;Dupla;Reta;Não;1;0;1;0;0;0;1;1;-17,2081;-50,1308;SPRF-GO;DEL01-GO;UOP02-DEL01-GO
635220;16/10/2024;quarta-feira;07:25:00;PR;277;589,9;CASCAVEL;Condutor deixou de manter distância do veículo da frente;Engavetamento;Com Vítimas Feridas;Pleno dia;Decrescente;Céu Claro;Simples;Reta;Sim;3;0;1;0;2;0;1;3;-24,98120697;-53,45591501;SPRF-PR;DEL04-PR;UOP01-DEL04-PR
635221;16/10/2024;quarta-feira;05:58:00;MT;364;287,9;JACIARA;Ausência de reação do condutor;Queda de ocupante de veículo;Com Vítimas Feridas;Amanhecer;Decrescente;Céu Claro;Dupla;Reta;Não;1;0;1;0;0;0;1;1;-15,90304687;-55,06513802;SPRF-MT;DEL05-MT;UOP02-DEL05-MT
635222;16/10/2024;quarta-feira;07:00:00;SP;153;257;MARILIA;Pista Escorregadia;Tombamento;Com Vítimas Feridas;Pleno dia;Crescente;Céu Claro;Simples;Curva;Sim;1;0;1;0;0;0;1;1;-22,23982103;-49,91965379;SPRF-SP;DEL07-SP;UOP02-DEL07-SP
635223;16/10/2024;quarta-feira;07:50:00;ES;101;304;VIANA;Condutor deixou de manter distância do veículo da frente;Colisão traseira;Com Vítimas Feridas;Pleno dia;Decrescente;Céu Claro;Múltipla;Reta;Não;4;0;1;0;3;0;1;3;-20,3800645;-40,45431391;SPRF-ES;DEL01-ES;UOP01-DEL01-ES
635224;16/10/2024;quarta-feira;05:00:00;MG;116;61,1;MEDINA;Condutor Dormindo;Tombamento;Com Vítimas Feridas;Amanhecer;Decrescente;Nublado;Simples;Reta;Não;2;0;1;1;0;0;2;1;-16,142268;-41,4278153;SPRF-MG;DEL11-MG;UOP02-DEL11-MG
635225;16/10/2024;quarta-feira;07:00:00;SP;153;257;MARILIA;Acumulo de óleo sobre o pavimento;Tombamento;Com Vítimas Feridas;Pleno dia;Crescente;Céu Claro;Dupla;Curva;Sim;1;0;1;0;0;0;1;1;-22,23982103;-49,91965379;SPRF-SP;DEL07-SP;UOP02-DEL07-SP
635226;16/10/2024;quarta-feira;06:40:00;MG;116;525,9;CARATINGA;Acessar a via sem observar a presença dos outros veículos;Colisão transversal;Com Vítimas Feridas;Pleno dia;Decrescente;Céu Claro;Simples;"Reta;Interseção de Vias";Sim;2;0;1;0;1;0;1;2;-19,76833785;-42,13105238;SPRF-MG;DEL06-MG;UOP02-DEL06-MG
635227;16/10/2024;quarta-feira;07:40:00;ES;101;301,5;VIANA;Animais na Pista;Atropelamento de Animal;Com Vítimas Feridas;Pleno dia;Crescente;Céu Claro;Dupla;Reta;Sim;2;0;1;1;0;0;2;1;-20,36278187;-40,4401343;SPRF-ES;DEL01-ES;UOP01-DEL01-ES
635228;16/10/2024;quarta-feira;07:50:00;RS;153;44,4;ERECHIM;Desrespeitar a preferência no cruzamento;Colisão transversal;Com Vítimas Feridas;Pleno dia;Decrescente;Céu Claro;Simples;Rotatória;Sim;3;0;2;0;1;0;2;2;-27,62312752;-52,23687793;SPRF-RS;DEL08-RS;UOP04-DEL08-RS
635230;16/10/2024;quarta-feira;08:22:00;SP;116;285;EMBU DAS ARTES;Reação tardia ou ineficiente do condutor;Colisão traseira;Com Vítimas Feridas;Pleno dia;Decrescente;Céu Claro;Dupla;Reta;Não;2;0;1;0;1;0;1;2;-23,70407794;-46,87249709;SPRF-SP;DEL04-SP;UOP01-DEL04-SP
635232;16/10/2024;quarta-feira;07:30:00;PB;230;502,6;CAJAZEIRAS;Conversão proibida;Colisão transversal;Com Vítimas Feridas;Pleno dia;Decrescente;Sol;Simples;Reta;Não;2;0;0;1;1;0;1;2;-6,8979;-38,5233;SPRF-PB;DEL03-PB;UOP03-DEL03-PB
635233;16/10/2024;quarta-feira;07:20:00;SC;101;117,8;ITAJAI;Pista esburacada;Tombamento;Com Vítimas Feridas;Pleno dia;Decrescente;Céu Claro;Dupla;Reta;Sim;1;0;1;0;0;0;1;1;-26,88747187;-48,72252969;SPRF-SC;DEL04-SC;UOP04-DEL04-SC
635235;16/10/2024;quarta-feira;08:10:00;PR;277;78;CURITIBA;Ausência de reação do condutor;Colisão lateral mesmo sentido;Com Vítimas Feridas;Pleno dia;Decrescente;Nublado;Dupla;Reta;Sim;2;0;1;0;1;0;1;2;-25,481;-49,198;SPRF-PR;DEL01-PR;UOP07-DEL01-PR
635236;16/10/2024;quarta-feira;08:10:00;RJ;116;176;SAO JOAO DE MERITI;Manobra de mudança de faixa;Colisão lateral mesmo sentido;Com Vítimas Feridas;Pleno dia;Decrescente;Céu Claro;Múltipla;Reta;Sim;3;0;1;0;2;0;1;3;-22,7839538;-43,38195488;SPRF-RJ;DEL06-RJ;UOP01-DEL06-RJ
635237;16/10/2024;quarta-feira;08:00:00;PR;163;276;QUATRO PONTES;Velocidade Incompatível;Saída de leito carroçável;Com Vítimas Feridas;Pleno dia;Crescente;Céu Claro;Dupla;"Curva;Retorno Regulamentado";Não;1;0;1;0;0;0;1;1;-24,57333992;-53,9971336;SPRF-PR;DEL06-PR;UOP02-DEL06-PR
635239;16/10/2024;quarta-feira;06:20:00;MG;116;765;LEOPOLDINA;Reação tardia ou ineficiente do condutor;Colisão transversal;Com Vítimas Feridas;Amanhecer;Crescente;Céu Claro;Simples;Interseção de Vias;Não;2;0;1;0;1;0;1;2;-21,52171912;-42,64030314;SPRF-MG;DEL07-MG;UOP01-DEL07-MG
635240;16/10/2024;quarta-feira;08:40:00;ES;101;301,3;VIANA;Demais falhas mecânicas ou elétricas;Queda de ocupante de veículo;Com Vítimas Feridas;Pleno dia;Crescente;Céu Claro;Dupla;Curva;Sim;1;0;1;0;0;0;1;1;-20,36278187;-40,4401343;SPRF-ES;DEL01-ES;UOP01-DEL01-ES
635242;16/10/2024;quarta-feira;07:48:00;PR;476;152;ARAUCARIA;Condutor deixou de manter distância do veículo da frente;Colisão traseira;Com Vítimas Feridas;Pleno dia;Decrescente;Céu Claro;Múltipla;Reta;Sim;3;0;1;0;1;1;1;3;-25,570036;-49,384193;SPRF-PR;DEL01-PR;UOP06-DEL01-PR
635243;16/10/2024;quarta-feira;08:30:00;RS;116;308;GUAIBA;Condutor Dormindo;Colisão frontal;Com Vítimas Fatais;Pleno dia;Crescente;Céu Claro;Simples;Reta;Não;3;1;2;0;0;0;2;2;-30,18291689;-51,39555744;SPRF-RS;DEL02-RS;UOP01-DEL02-RS