id;data_inversa;dia_semana;horario;uf;br;km;municipio;causa_acidente;tipo_acidente;classificacao_acidente;fase_dia;sentido_via;condicao_metereologica;tipo_pista;tracado_via;uso_solo;pessoas;mortos;feridos_leves;feridos_graves;ilesos;ignorados;feridos;veiculos;latitude;longitude;regional;delegacia;uop
635244;16/10/2024;quarta-feira;07:40:00;MT;364;279;JACIARA;Avarias e/ou desgaste excessivo no pneu;Queda de ocupante de veículo;Com Vítimas Feridas;Amanhecer;Decrescente;Céu Claro;Dupla;Reta;Não;1;0;1;0;0;0;1;1;-15,94251105;-55,01446001;SPRF-MT;DEL05-MT;UOP02-DEL05-MT
635247;16/10/2024;quarta-feira;09:40:00;SE;101;132;ESTANCIA;Reação tardia ou ineficiente do condutor;Colisão com objeto;Com Vítimas Feridas;Pleno dia;Decrescente;Sol;Dupla;"Reta;Declive";Não;2;0;1;1;0;0;2;1;-11,11494293;-37,37630816;SPRF-SE;DEL02-SE;UOP01-DEL02-SE
635248;22/09/2024;domingo;18:00:00;PR;116;188;CAMPO DO TENENTE;Acessar a via sem observar a presença dos outros veículos;Colisão lateral mesmo sentido;Com Vítimas Feridas;Anoitecer;Decrescente;Céu Claro;Simples;Reta;Não;5;0;1;0;4;0;1;2;-25,939325;-49,6380209;SPRF-PR;DEL01-PR;UOP03-DEL01-PR
635249;16/10/2024;quarta-feira;08:35:00;BA;324;591;CANDEIAS;Reação tardia ou ineficiente do condutor;Saída de leito carroçável;Com Vítimas Feridas;Pleno dia;Crescente;Céu Claro;Dupla;Reta;Não;2;0;1;1;0;0;2;1;-12,69021804;-38,46568118;SPRF-BA;DEL01-BA;UOP01-DEL01-BA
635250;02/10/2024;quarta-feira;20:00:00;ES;101;116,7;SOORETAMA;Reação tardia ou ineficiente do condutor;Colisão traseira;Com Vítimas Feridas;Plena Noite;Decrescente;Céu Claro;Simples;Reta;Não;2;0;0;1;1;0;1;2;-19,11932808;-40,06302982;SPRF-ES;DEL04-ES;UOP01-DEL04-ES
635251;13/10/2024;domingo;09:30:00;RJ;40;114;DUQUE DE CAXIAS;Condutor deixou de manter distância do veículo da frente;Colisão traseira;Com Vítimas Feridas;Pleno dia;Crescente;Nublado;Múltipla;"Declive;Reta;Viaduto";Não;2;0;1;0;1;0;1;2;-22,71853604;-43,28993324;SPRF-RJ;DEL01-RJ;UOP02-DEL01-RJ
635252;16/10/2024;quarta-feira;07:00:00;MG;381;935;EXTREMA;Manobra de mudança de faixa;Colisão lateral mesmo sentido;Com Vítimas Feridas;Pleno dia;Crescente;Nublado;Dupla;"Curva;Aclive";Não;3;0;1;0;2;0;1;2;-22,79933247;-46,26202379;SPRF-MG;DEL16-MG;UOP03-DEL16-MG
635254;16/10/2024;quarta-feira;09:35:00;MG;40;528;CONTAGEM;Ausência de reação do condutor;Colisão traseira;Com Vítimas Feridas;Pleno dia;Crescente;Céu Claro;Múltipla;"Aclive;Reta;Interseção de Vias";Sim;2;0;1;0;1;0;1;2;-19,90883179;-44,04436577;SPRF-MG;DEL01-MG;UOP02-DEL01-MG
635255;16/10/2024;quarta-feira;09:00:00;RJ;101;489,2;ANGRA DOS REIS;Reação tardia ou ineficiente do condutor;Colisão lateral mesmo sentido;Com Vítimas Feridas;Pleno dia;Decrescente;Céu Claro;Simples;Reta;Sim;2;0;1;0;1;0;1;2;-22,95605138;-44,30404997;SPRF-RJ;DEL03-RJ;UOP03-DEL03-RJ
635256;16/10/2024;quarta-feira;09:30:00;PE;423;61,3;LAJEDO;Acessar a via sem observar a presença dos outros veículos;Colisão traseira;Com Vítimas Feridas;Pleno dia;Crescente;Céu Claro;Simples;"Reta;Retorno Regulamentado";Sim;2;0;1;0;1;0;1;2;-8,65862677;-36,33102536;SPRF-PE;DEL03-PE;UOP01-DEL03-PE
635257;16/10/2024;quarta-feira;09:40:00;BA;116;357;SERRINHA;Conversão proibida;Colisão transversal;Sem Vítimas;Pleno dia;Decrescente;Céu Claro;Simples;"Reta;Interseção de Vias;Em Obras";Sim;2;0;0;0;1;1;0;2;-11,650703;-38,991596;SPRF-BA;DEL02-BA;UOP01-DEL02-BA
635259;16/10/2024;quarta-feira;10:42:00;PB;230;23,8;JOAO PESSOA;Ausência de reação do condutor;Tombamento;Com Vítimas Feridas;Pleno dia;Decrescente;Céu Claro;Dupla;"Declive;Reta;Viaduto";Sim;2;0;2;0;0;0;2;1;-7,1562;-34,8574;SPRF-PB;DEL01-PB;UOP01-DEL01-PB
635260;16/10/2024;quarta-feira;10:12:00;SC;101;24,7;JOINVILLE;Afundamento ou ondulação no pavimento;Tombamento;Com Vítimas Feridas;Pleno dia;Decrescente;Céu Claro;Simples;Reta;Não;1;0;1;0;0;0;1;1;-26,17483309;-48,90767978;SPRF-SC;DEL03-SC;UOP01-DEL03-SC
635263;16/10/2024;quarta-feira;10:45:00;RN;304;33,3;MOSSORO;Acessar a via sem observar a presença dos outros veículos;Atropelamento de Pedestre;Com Vítimas Feridas;Pleno dia;Decrescente;Céu Claro;Dupla;Reta;Não;2;0;0;2;0;0;2;2;-5,1436187;-37,34679947;SPRF-RN;DEL04-RN;UOP02-DEL04-RN
635267;11/09/2024;quarta-feira;07:00:00;PE;428;186;PETROLINA;Condutor deixou de manter distância do veículo da frente;Colisão traseira;Com Vítimas Feridas;Pleno dia;Crescente;Céu Claro;Dupla;"Reta;Retorno Regulamentado";Não;3;0;1;1;1;0;2;2;-9,34807826;-40,47441248;SPRF-PE;DEL06-PE;UOP01-DEL06-PE
635268;16/10/2024;quarta-feira;11:10:00;MG;381;507;SAO JOAQUIM DE BICAS;Acessar a via sem observar a presença dos outros veículos;Colisão lateral mesmo sentido;Com Vítimas Feridas;Pleno dia;Decrescente;Nublado;Dupla;Reta;Sim;2;0;0;1;1;0;1;2;-20,05643192;-44,28663308;SPRF-MG;DEL01-MG;UOP03-DEL01-MG
635269;16/10/2024;quarta-feira;07:15:00;PR;153;2,1;IMBITUVA;Acessar a via sem observar a presença dos outros veículos;Colisão transversal;Com Vítimas Feridas;Pleno dia;Crescente;Nublado;Simples;"Declive;Reta;Interseção de Vias";Sim;2;0;0;1;1;0;1;2;-25,1990462;-50,59830204;SPRF-PR;DEL07-PR;UOP04-DEL07-PR
635272;16/10/2024;quarta-feira;11:50:00;RS;116;243;SAO LEOPOLDO;Acessar a via sem observar a presença dos outros veículos;Colisão transversal;Com Vítimas Feridas;Pleno dia;Crescente;Céu Claro;Dupla;Reta;Sim;2;0;0;1;1;0;1;2;-29,73196199;-51,14952004;SPRF-RS;DEL01-RS;UOP02-DEL01-RS
635274;16/10/2024;quarta-feira;11:49:00;CE;116;13;FORTALEZA;Condutor deixou de manter distância do veículo da frente;Colisão traseira;Com Vítimas Feridas;Pleno dia;Crescente;Céu Claro;Dupla;Declive;Sim;2;0;1;0;1;0;1;2;-3,86088501;-38,49715296;SPRF-CE;DEL01-CE;UOP02-DEL01-CE
635276;16/10/2024;quarta-feira;12:20:00;RS;392;265;JULIO DE CASTILHOS;Reação tardia ou ineficiente do condutor;Capotamento;Com Vítimas Feridas;Pleno dia;Crescente;Céu Claro;Simples;Reta;Não;2;0;1;0;1;0;1;1;-29,261129;-53,665772;SPRF-RS;DEL09-RS;UOP02-DEL09-RS
635278;16/10/2024;quarta-feira;12:00:00;MG;40;787,2;JUIZ DE FORA;Ausência de reação do condutor;Colisão com objeto;Com Vítimas Feridas;Pleno dia;Crescente;Céu Claro;Dupla;Curva;Não;3;0;3;0;0;0;3;1;-21,73607735;-43,44262787;SPRF-MG;DEL05-MG;UOP01-DEL05-MG
635279;16/10/2024;quarta-feira;12:10:00;RS;285;161,9;MUITOS CAPOES;Ausência de reação do condutor;Saída de leito carroçável;Com Vítimas Feridas;Pleno dia;Crescente;Céu Claro;Simples;"Curva;Declive";Não;2;0;2;0;0;0;2;1;-28,31919115;-51,24710083;SPRF-RS;DEL05-RS;UOP03-DEL05-RS
635280;16/10/2024;quarta-feira;09:45:00;SC;280;127;RIO NEGRINHO;Acesso irregular;Colisão lateral mesmo sentido;Com Vítimas Feridas;Pleno dia;Decrescente;Céu Claro;Simples;"Curva;Aclive";Sim;2;0;1;0;1;0;1;2;-26,23943953;-49,50420708;SPRF-SC;DEL06-SC;UOP03-DEL06-SC
635283;16/10/2024;quarta-feira;13:00:00;RS;101;85;OSORIO;Manobra de mudança de faixa;Colisão traseira;Com Vítimas Feridas;Pleno dia;Decrescente;Céu Claro;Simples;Reta;Não;2;0;1;0;1;0;1;2;-29,86832721;-50,2517237;SPRF-RS;DEL03-RS;UOP01-DEL03-RS
635284;16/10/2024;quarta-feira;10:00:00;GO;153;668;GOIATUBA;Reação tardia ou ineficiente do condutor;Saída de leito carroçável;Com Vítimas Feridas;Pleno dia;Decrescente;Nublado;Dupla;Retorno Regulamentado;Não;1;0;0;1;0;0;1;1;-18,1241;-49,283;SPRF-GO;DEL03-GO;UOP02-DEL03-GO
635286;16/10/2024;quarta-feira;13:05:00;CE;116;39;HORIZONTE;Reação tardia ou ineficiente do condutor;Colisão com objeto;Com Vítimas Feridas;Pleno dia;Decrescente;Céu Claro;Dupla;Curva;Sim;1;0;1;0;0;0;1;1;-4,08722773;-38,500659;SPRF-CE;DEL01-CE;UOP02-DEL01-CE
635287;18/09/2024;quarta-feira;22:55:00;TO;153;668;GURUPI;Objeto estático sobre o leito carroçável;Colisão com objeto;Com Vítimas Feridas;Plena Noite;Crescente;Céu Claro;Dupla;"Reta;Em Obras";Não;1;0;0;1;0;0;1;1;-11,69207791;-49,07070942;SPRF-TO;DEL01-TO;UOP02-DEL01-TO
635289;16/10/2024;quarta-feira;12:50:00;SC;101;138,4;BALNEARIO CAMBORIU;Ausência de reação do condutor;Colisão com objeto;Com Vítimas Feridas;Pleno dia;Crescente;Céu Claro;Dupla;Curva;Sim;2;0;0;1;1;0;1;2;-27,02397426;-48,60761649;SPRF-SC;DEL04-SC;UOP03-DEL04-SC
635290;16/10/2024;quarta-feira;13:20:00;SP;116;70,2;APARECIDA;Ausência de reação do condutor;Tombamento;Com Vítimas Feridas;Pleno dia;Crescente;Chuva;Dupla;Curva;Não;1;0;1;0;0;0;1;1;-22,84852898;-45,22705084;SPRF-SP;DEL08-SP;UOP01-DEL08-SP
635292;16/10/2024;quarta-feira;13:40:00;BA;116;491;RAFAEL JAMBEIRO;Condutor Dormindo;Saída de leito carroçável;Com Vítimas Feridas;Pleno dia;Crescente;Céu Claro;Dupla;Reta;Não;5;0;4;1;0;0;5;1;-12,55311941;-39,4579268;SPRF-BA;DEL02-BA;UOP01-DEL02-BA
635293;16/10/2024;quarta-feira;10:00:00;PR;277;124,9;CAMPO LARGO;Acesso irregular;Tombamento;Com Vítimas Feridas;Pleno dia;Crescente;Céu Claro;Dupla;"Em Obras;Reta";Sim;1;0;1;0;0;0;1;1;-25,43397;-49,52513;SPRF-PR;DEL03-PR;UOP03-DEL03-PR
635294;16/10/2024;quarta-feira;13:40:00;ES;101;66,5;SAO MATEUS;Reação tardia ou ineficiente do condutor;Queda de ocupante de veículo;Com Vítimas Feridas;Pleno dia;Crescente;Céu Claro;Múltipla;Reta;Sim;2;0;2;0;0;0;2;1;-18,7165195;-39,87436378;SPRF-ES;DEL04-ES;UOP02-DEL04-ES
635295;16/10/2024;quarta-feira;13:30:00;BA;116;24,5;VITORIA DA CONQUISTA;Animais na Pista;Atropelamento de Animal;Com Vítimas Feridas;Pleno dia;Decrescente;Céu Claro;Simples;Reta;Não;1;0;1;0;0;0;1;1;-14,851;-40,8485;SPRF-BA;DEL08-BA;UOP01-DEL08-BA
635296;16/10/2024;quarta-feira;13:30:00;SC;282;4,5;FLORIANOPOLIS;Condutor deixou de manter distância do veículo da frente;Engavetamento;Com Vítimas Feridas;Pleno dia;Decrescente;Céu Claro;Múltipla;Reta;Sim;7;0;2;0;5;0;2;4;-27,59048639;-48,60865474;SPRF-SC;DEL01-SC;UOP01-DEL01-SC
635297;16/10/2024;quarta-feira;10:05:00;SC;280;43,3;GUARAMIRIM;Acessar a via sem observar a presença dos outros veículos;Colisão transversal;Com Vítimas Feridas;Pleno dia;Crescente;Sol;Dupla;Desvio Temporário;Não;4;0;1;0;3;0;1;2;-26,45118786;-48,87789901;SPRF-SC;DEL03-SC;UOP03-DEL03-SC
635298;16/10/2024;quarta-feira;12:30:00;PR;277;79;SAO JOSE DOS PINHAIS;Reação tardia ou ineficiente do condutor;Colisão com objeto;Com Vítimas Feridas;Pleno dia;Decrescente;Céu Claro;Dupla;Curva;Sim;1;0;1;0;0;0;1;1;-25,47683006;-49,20639038;SPRF-PR;DEL01-PR;UOP07-DEL01-PR
635299;16/10/2024;quarta-feira;13:31:00;MG;459;97;POUSO ALEGRE;Pista Escorregadia;Saída de leito carroçável;Com Vítimas Feridas;Pleno dia;Crescente;Chuva;Simples;"Curva;Declive";Não;1;0;1;0;0;0;1;1;-22,199377;-45,969555;SPRF-MG;DEL09-MG;UOP01-DEL09-MG
635300;16/10/2024;quarta-feira;10:45:00;PE;423;137,3;SALOA;Demais falhas mecânicas ou elétricas;Capotamento;Sem Vítimas;Pleno dia;Decrescente;Céu Claro;Simples;Reta;Não;1;0;0;0;0;1;0;1;-8,96807582;-36,80853907;SPRF-PE;DEL03-PE;UOP01-DEL03-PE
635302;16/10/2024;quarta-feira;14:00:00;DF;20;13,5;BRASILIA;Condutor Dormindo;Colisão lateral mesmo sentido;Com Vítimas Feridas;Pleno dia;Crescente;Nublado;Dupla;Reta;Sim;3;0;2;0;1;0;2;2;-15,638752;-47,749599;SPRF-DF;DEL02-DF;UOP01-DEL02-DF
635303;16/10/2024;quarta-feira;14:00:00;SP;116;285;ITAPECERICA DA SERRA;Ausência de reação do condutor;Queda de ocupante de veículo;Com Vítimas Feridas;Pleno dia;Decrescente;Céu Claro;Dupla;Reta;Não;1;0;1;0;0;0;1;1;-23,70407794;-46,87249709;SPRF-SP;DEL04-SP;UOP01-DEL04-SP
635304;22/09/2024;domingo;17:11:00;MT;364;273;JACIARA;Acessar a via sem observar a presença dos outros veículos;Colisão lateral mesmo sentido;Sem Vítimas;Plena Noite;Decrescente;Ignorado;Dupla;Reta;Sim;2;0;0;0;2;0;0;1;-15,96077957;-54,96772983;SPRF-MT;DEL05-MT;UOP02-DEL05-MT
635305;16/10/2024;quarta-feira;14:30:00;SC;101;201,9;SAO JOSE;Ausência de reação do condutor;Colisão traseira;Com Vítimas Feridas;Pleno dia;Decrescente;Céu Claro;Múltipla;Curva;Sim;3;0;2;0;1;0;2;3;-27,54836599;-48,61977975;SPRF-SC;DEL01-SC;UOP01-DEL01-SC
635306;16/10/2024;quarta-feira;11:20:00;CE;116;36;HORIZONTE;Mal súbito do condutor;Colisão com objeto;Com Vítimas Feridas;Pleno dia;Crescente;Céu Claro;Dupla;"Reta;Aclive";Não;1;0;0;1;0;0;1;1;-4,06091689;-38,50402951;SPRF-CE;DEL01-CE;UOP02-DEL01-CE
635307;16/10/2024;quarta-feira;14:50:00;SC;101;206,2;SAO JOSE;Reação tardia ou ineficiente do condutor;Colisão traseira;Com Vítimas Feridas;Pleno dia;Decrescente;Céu Claro;Múltipla;Reta;Sim;2;0;0;1;1;0;1;2;-27,59193546;-48,61824557;SPRF-SC;DEL01-SC;UOP01-DEL01-SC
635308;16/10/2024;quarta-feira;14:50:00;RJ;101;475;ANGRA DOS REIS;Velocidade Incompatível;Tombamento;Com Vítimas Feridas;Pleno dia;Decrescente;Garoa/Chuvisco;Simples;Curva;Não;2;0;0;2;0;0;2;1;-23,006035;-44,259712;SPRF-RJ;DEL03-RJ;UOP03-DEL03-RJ
635311;16/10/2024;quarta-feira;15:00:00;RN;427;21,2;ACARI;Demais falhas mecânicas ou elétricas;Incêndio;Sem Vítimas;Pleno dia;Crescente;Céu Claro;Simples;"Reta;Aclive";Não;8;0;0;0;8;0;0;1;-6,42921388;-36,64005189;SPRF-RN;DEL03-RN;UOP02-DEL03-RN
635312;16/10/2024;quarta-feira;12:41:00;GO;40;12,5;LUZIANIA;Acessar a via sem observar a presença dos outros veículos;Colisão traseira;Sem Vítimas;Pleno dia;Decrescente;Chuva;Dupla;"Reta;Retorno Regulamentado";Sim;2;0;0;0;1;1;0;2;-16,145123;-47,945382;SPRF-DF;DEL01-DF;UOP01-DEL01-DF
635313;16/10/2024;quarta-feira;14:20:00;CE;222;2;FORTALEZA;Condutor deixou de manter distância do veículo da frente;Colisão traseira;Com Vítimas Feridas;Pleno dia;Decrescente;Céu Claro;Múltipla;Reta;Sim;2;0;1;0;1;0;1;2;-3,73911117;-38,58687498;SPRF-CE;DEL01-CE;UOP01-DEL01-CE
635314;16/10/2024;quarta-feira;15:00:00;SC;101;127,8;ITAJAI;Condutor deixou de manter distância do veículo da frente;Engavetamento;Com Vítimas Feridas;Pleno dia;Crescente;Nublado;Dupla;Reta;Não;5;0;2;0;3;0;2;4;-26,9639319;-48,68328024;SPRF-SC;DEL04-SC;UOP04-DEL04-SC
635315;16/10/2024;quarta-feira;14:00:00;RO;319;64;PORTO VELHO;Manobra de mudança de faixa;Colisão lateral mesmo sentido;Com Vítimas Feridas;Pleno dia;Crescente;Nublado;Dupla;Reta;Sim;2;0;1;0;1;0;1;2;-8,766685;-63,884052;SPRF-RO;DEL01-RO;UOP01-DEL01-RO
635317;16/10/2024;quarta-feira;14:05:00;PR;369;173;ROLANDIA;Acessar a via sem observar a presença dos outros veículos;Colisão transversal;Com Vítimas Feridas;Pleno dia;Decrescente;Céu Claro;Simples;Interseção de Vias;Sim;2;0;0;1;1;0;1;2;-23,312843;-51,37275;SPRF-PR;DEL07-PR;UOP01-DEL07-PR
635321;16/10/2024;quarta-feira;14:10:00;BA;101;61;ENTRE RIOS;Desrespeitar a preferência no cruzamento;Colisão transversal;Com Vítimas Feridas;Pleno dia;Crescente;Céu Claro;Simples;Interseção de Vias;Sim;2;0;0;1;1;0;1;2;-11,9676968;-38,11726499;SPRF-BA;DEL01-BA;UOP04-DEL01-BA
635323;16/10/2024;quarta-feira;13:10:00;MA;10;377,4;ITINGA DO MARANHAO;Acessar a via sem observar a presença dos outros veículos;Colisão transversal;Com Vítimas Feridas;Pleno dia;Crescente;Céu Claro;Simples;Reta;Sim;3;0;0;2;1;0;2;2;-4,456727;-47,526314;SPRF-MA;DEL04-MA;UOP03-DEL04-MA
635324;16/10/2024;quarta-feira;15:30:00;SC;101;148;ITAPEMA;Manobra de mudança de faixa;Colisão lateral mesmo sentido;Com Vítimas Feridas;Pleno dia;Crescente;Céu Claro;Múltipla;Reta;Sim;2;0;1;0;1;0;1;2;-27,10123686;-48,61807962;SPRF-SC;DEL04-SC;UOP03-DEL04-SC
635326;16/10/2024;quarta-feira;16:00:00;PR;476;144;CURITIBA;Reação tardia ou ineficiente do condutor;Tombamento;Com Vítimas Feridas;Pleno dia;Crescente;Céu Claro;Dupla;Curva;Sim;1;0;1;0;0;0;1;1;-25,53879841;-49,31096077;SPRF-PR;DEL01-PR;UOP06-DEL01-PR
635328;16/10/2024;quarta-feira;15:00:00;TO;153;103;WANDERLANDIA;Transitar na contramão;Colisão lateral sentido oposto;Com Vítimas Feridas;Pleno dia;Crescente;Céu Claro;Dupla;Reta;Não;6;0;4;1;1;0;5;2;-6,9097128;-48,04257411;SPRF-TO;DEL02-TO;UOP01-DEL02-TO
635329;16/10/2024;quarta-feira;16:30:00;RJ;101;399;ITAGUAI;Manobra de mudança de faixa;Colisão lateral mesmo sentido;Com Vítimas Feridas;Pleno dia;Decrescente;Nublado;Dupla;Reta;Não;3;0;1;0;2;0;1;2;-22,859165;-43,759257;SPRF-RJ;DEL03-RJ;UOP01-DEL03-RJ
635330;16/10/2024;quarta-feira;16:10:00;SC;101;115,4;ITAJAI;Manobra de mudança de faixa;Colisão lateral mesmo sentido;Com Vítimas Feridas;Pleno dia;Crescente;Nublado;Dupla;Reta;Não;3;0;0;2;1;0;2;2;-26,87064015;-48,72954134;SPRF-SC;DEL04-SC;UOP04-DEL04-SC
635332;16/10/2024;quarta-feira;15:25:00;DF;60;8,2;BRASILIA;Acumulo de óleo sobre o pavimento;Saída de leito carroçável;Sem Vítimas;Pleno dia;Crescente;Garoa/Chuvisco;Dupla;Reta;Sim;8;0;0;0;8;0;0;1;-15,90324;-48,130695;SPRF-DF;DEL03-DF;UOP01-DEL03-DF
635333;16/10/2024;quarta-feira;16:10:00;PA;230;119;MARABA;Reação tardia ou ineficiente do condutor;Colisão traseira;Sem Vítimas;Pleno dia;Decrescente;Céu Claro;Dupla;"Reta;Declive";Sim;2;0;0;0;2;0;0;2;-5,350407;-49,105981;SPRF-PA;DEL03-PA;UOP01-DEL03-PA
635334;16/10/2024;quarta-feira;15:50:00;PR;277;388;CANDOI;Acessar a via sem observar a presença dos outros veículos;Colisão lateral mesmo sentido;Com Vítimas Feridas;Pleno dia;Crescente;Céu Claro;Simples;"Reta;Declive";Não;3;0;2;0;1;0;2;2;-25,4345774;-51,80956591;SPRF-PR;DEL08-PR;UOP01-DEL08-PR
635336;16/10/2024;quarta-feira;16:40:00;DF;20;24;BRASILIA;Acumulo de água sobre o pavimento;Saída de leito carroçável;Sem Vítimas;Anoitecer;Crescente;Chuva;Dupla;Curva;Não;1;0;0;0;1;0;0;1;-15,594831;-47,658615;SPRF-DF;DEL02-DF;UOP01-DEL02-DF
635338;16/10/2024;quarta-feira;17:50:00;RS;116;244;SAO LEOPOLDO;Trafegar com motocicleta (ou similar) entre as faixas;Colisão lateral mesmo sentido;Com Vítimas Feridas;Anoitecer;Decrescente;Céu Claro;Múltipla;Reta;Sim;3;0;0;1;2;0;1;3;-29,73809144;-51,15011215;SPRF-RS;DEL01-RS;UOP02-DEL01-RS
635339;16/10/2024;quarta-feira;15:50:00;MA;10;255,8;IMPERATRIZ;Acessar a via sem observar a presença dos outros veículos;Colisão transversal;Com Vítimas Feridas;Pleno dia;Crescente;Céu Claro;Simples;Reta;Sim;3;0;2;0;1;0;2;2;-5,50417;-47,471868;SPRF-MA;DEL04-MA;UOP01-DEL04-MA
635340;16/10/2024;quarta-feira;07:44:00;RJ;101;324;NITEROI;Condutor deixou de manter distância do veículo da frente;Colisão traseira;Com Vítimas Feridas;Pleno dia;Crescente;Céu Claro;Dupla;Reta;Não;2;0;1;0;1;0;1;2;-22,87381074;-43,12640997;SPRF-RJ;DEL02-RJ;UOP01-DEL02-RJ
635341;16/10/2024;quarta-feira;11:14:00;PI;316;310;PICOS;Manobra de mudança de faixa;Colisão lateral mesmo sentido;Com Vítimas Feridas;Pleno dia;Decrescente;Céu Claro;Simples;Reta;Sim;2;0;1;0;1;0;1;2;-7,07639186;-41,47475001;SPRF-PI;DEL04-PI;UOP01-DEL04-PI
635343;16/10/2024;quarta-feira;17:40:00;SC;101;143;ITAPEMA;Manobra de mudança de faixa;Colisão lateral mesmo sentido;Com Vítimas Feridas;Pleno dia;Decrescente;Nublado;Dupla;Reta;Sim;2;0;1;0;1;0;1;2;-27,06436;-48,59599405;SPRF-SC;DEL04-SC;UOP03-DEL04-SC
635344;16/10/2024;quarta-feira;18:15:00;RN;406;169;SAO GONCALO DO AMARANTE;Acessar a via sem observar a presença dos outros veículos;Colisão transversal;Com Vítimas Feridas;Plena Noite;Crescente;Céu Claro;Dupla;"Declive;Retorno Regulamentado";Não;2;0;1;0;0;1;1;2;-5,75570118;-35,30728507;SPRF-RN;DEL02-RN;UOP01-DEL02-RN
635345;16/10/2024;quarta-feira;17:50:00;PE;232;5;RECIFE;Manobra de mudança de faixa;Colisão lateral mesmo sentido;Com Vítimas Feridas;Plena Noite;Decrescente;Céu Claro;Múltipla;Reta;Sim;2;0;1;0;0;1;1;2;-8,06795766;-34,94535414;SPRF-PE;DEL01-PE;UOP01-DEL01-PE
635347;16/10/2024;quarta-feira;17:40:00;PE;101;54,2;PAULISTA;Entrada inopinada do pedestre;Atropelamento de Pedestre;Com Vítimas Fatais;Anoitecer;Decrescente;Céu Claro;Dupla;"Aclive;Reta";Sim;3;1;0;0;2;0;0;3;-7,941625;-34,903928;SPRF-PE;DEL01-PE;UOP02-DEL01-PE
635352;16/10/2024;quarta-feira;14:20:00;MG;381;770;CAMPANHA;Velocidade Incompatível;Saída de leito carroçável;Com Vítimas Feridas;Pleno dia;Decrescente;Nublado;Dupla;Reta;Não;1;0;1;0;0;0;1;1;-21,78806301;-45,439064;SPRF-MG;DEL16-MG;UOP02-DEL16-MG
635353;16/10/2024;quarta-feira;18:18:00;PB;230;16;JOAO PESSOA;Ausência de reação do condutor;Engavetamento;Sem Vítimas;Plena Noite;Crescente;Céu Claro;Dupla;Reta;Não;5;0;0;0;5;0;0;5;-7,1039;-34,8458;SPRF-PB;DEL01-PB;UOP01-DEL01-PB
635354;16/10/2024;quarta-feira;18:30:00;SC;101;206,2;SAO JOSE;Ausência de reação do condutor;Colisão traseira;Com Vítimas Feridas;Plena Noite;Decrescente;Céu Claro;Múltipla;Reta;Sim;2;0;1;0;1;0;1;2;-27,59193546;-48,61824557;SPRF-SC;DEL01-SC;UOP01-DEL01-SC
635355;16/10/2024;quarta-feira;13:00:00;MS;419;200;AQUIDAUANA;Condutor Dormindo;Saída de leito carroçável;Com Vítimas Feridas;Pleno dia;Crescente;Céu Claro;Simples;Reta;Não;1;0;0;1;0;0;1;1;-20,500391;-55,81333;SPRF-MS;DEL03-MS;UOP01-DEL03-MS
635356;16/10/2024;quarta-feira;18:30:00;PA;10;62;ULIANOPOLIS;Ausência de reação do condutor;Colisão traseira;Com Vítimas Feridas;Anoitecer;Decrescente;Céu Claro;Simples;Reta;Não;3;0;0;2;1;0;2;2;-3,90537302;-47,52780394;SPRF-PA;DEL02-PA;UOP02-DEL02-PA
635358;16/10/2024;quarta-feira;19:10:00;SP;116;147,5;SAO JOSE DOS CAMPOS;Manobra de mudança de faixa;Colisão lateral mesmo sentido;Com Vítimas Feridas;Plena Noite;Decrescente;Céu Claro;Múltipla;Reta;Não;3;0;1;0;1;1;1;3;-23,19542994;-45,87176303;SPRF-SP;DEL02-SP;UOP01-DEL02-SP
635359;16/10/2024;quarta-feira;19:15:00;SP;116;217;GUARULHOS;Ingestão de álcool pelo condutor;Colisão lateral mesmo sentido;Com Vítimas Feridas;Plena Noite;Decrescente;Céu Claro;Dupla;Reta;Sim;2;0;1;0;1;0;1;2;-23,45423824;-46,47119028;SPRF-SP;DEL01-SP;UOP01-DEL01-SP
635360;04/08/2024;domingo;00:10:00;GO;364;384;SANTA RITA DO ARAGUAIA;Conversão proibida;Tombamento;Com Vítimas Feridas;Plena Noite;Decrescente;Céu Claro;Simples;Reta;Não;2;0;1;0;0;1;1;2;-17,336027;-53,186886;SPRF-GO;DEL05-GO;UOP01-DEL05-GO
635362;16/10/2024;quarta-feira;17:40:00;MT;163;839;SINOP;Acessar a via sem observar a presença dos outros veículos;Colisão transversal;Com Vítimas Feridas;Pleno dia;Decrescente;Céu Claro;Dupla;Rotatória;Sim;3;0;1;0;0;2;1;3;-11,951051;-55,516876;SPRF-MT;DEL06-MT;UOP02-DEL06-MT
635365;16/10/2024;quarta-feira;15:00:00;PR;116;94,5;SAO JOSE DOS PINHAIS;Ausência de reação do condutor;Capotamento;Com Vítimas Feridas;Pleno dia;Crescente;Céu Claro;Dupla;Reta;Não;2;0;2;0;0;0;2;1;-25,4971982;-49,11761871;SPRF-PR;DEL01-PR;UOP07-DEL01-PR
635367;16/10/2024;quarta-feira;13:15:00;AM;319;519;TAPAUA;Acumulo de areia ou detritos sobre o pavimento;Colisão traseira;Sem Vítimas;Pleno dia;Crescente;Céu Claro;Simples;"Reta;Ponte";Não;2;0;0;0;2;0;0;2;-6,40777511;-62,84753386;SPRF-AM;DEL01-AM;UOP04-DEL01-AM