id;data_inversa;dia_semana;horario;uf;br;km;municipio;causa_acidente;tipo_acidente;classificacao_acidente;fase_dia;sentido_via;condicao_metereologica;tipo_pista;tracado_via;uso_solo;pessoas;mortos;feridos_leves;feridos_graves;ilesos;ignorados;feridos;veiculos;latitude;longitude;regional;delegacia;uop
635491;17/10/2024;quinta-feira;13:00:00;BA;324;549;AMELIA RODRIGUES;Demais falhas mecânicas ou elétricas;Queda de ocupante de veículo;Com Vítimas Feridas;Pleno dia;Decrescente;Céu Claro;Dupla;Reta;Não;2;0;2;0;0;0;2;1;-12,43255269;-38,7319107;SPRF-BA;DEL01-BA;UOP03-DEL01-BA
635492;17/10/2024;quinta-feira;14:45:00;MG;381;501;BETIM;Ausência de reação do condutor;Colisão lateral mesmo sentido;Com Vítimas Feridas;Pleno dia;Crescente;Céu Claro;Simples;Reta;Sim;4;0;3;0;1;0;3;2;-20,03146447;-44,2377893;SPRF-MG;DEL01-MG;UOP03-DEL01-MG
635493;17/10/2024;quinta-feira;15:17:00;MG;40;623;CONSELHEIRO LAFAIETE;Acessar a via sem observar a presença dos outros veículos;Colisão lateral mesmo sentido;Com Vítimas Feridas;Pleno dia;Crescente;Céu Claro;Simples;Reta;Sim;2;0;1;0;1;0;1;2;-20,60236514;-43,80699874;SPRF-MG;DEL05-MG;UOP02-DEL05-MG
635494;17/10/2024;quinta-feira;15:10:00;CE;116;4,9;FORTALEZA;Condutor deixou de manter distância do veículo da frente;Colisão traseira;Com Vítimas Feridas;Pleno dia;Crescente;Sol;Múltipla;Reta;Sim;2;0;1;0;1;0;1;2;-3,7867209;-38,5114568;SPRF-CE;DEL01-CE;UOP02-DEL01-CE
635495;02/09/2024;segunda-feira;05:50:00;PR;376;597,9;CURITIBA;Reação tardia ou ineficiente do condutor;Saída de leito carroçável;Com Vítimas Feridas;Amanhecer;Decrescente;Céu Claro;Dupla;Reta;Sim;1;0;1;0;0;0;1;1;-25,510571;-49,338848;SPRF-PR;DEL01-PR;UOP06-DEL01-PR
635496;17/10/2024;quinta-feira;14:45:00;PI;343;22,9;PARNAIBA;Manobra de mudança de faixa;Colisão traseira;Com Vítimas Feridas;Pleno dia;Decrescente;Céu Claro;Simples;Reta;Não;3;0;3;0;0;0;3;2;-2,998956;-41,76561;SPRF-PI;DEL05-PI;UOP01-DEL05-PI
635497;10/10/2024;quinta-feira;00:30:00;RJ;493;1;ITABORAI;Acessar a via sem observar a presença dos outros veículos;Colisão frontal;Com Vítimas Feridas;Pleno dia;Decrescente;Chuva;Simples;Reta;Sim;2;0;1;0;1;0;1;2;-22,76398788;-42,92731895;SPRF-RJ;DEL02-RJ;UOP02-DEL02-RJ
635498;17/10/2024;quinta-feira;11:20:00;PI;343;439;LAGOINHA DO PIAUI;Acessar a via sem observar a presença dos outros veículos;Colisão lateral mesmo sentido;Sem Vítimas;Pleno dia;Crescente;Sol;Simples;Reta;Sim;4;0;0;0;4;0;0;2;-5,847321;-42,624741;SPRF-PI;DEL01-PI;UOP02-DEL01-PI
635499;07/10/2024;segunda-feira;08:35:00;PE;101;57,4;RECIFE;Ausência de reação do condutor;Colisão traseira;Com Vítimas Feridas;Pleno dia;Crescente;Céu Claro;Dupla;Reta;Sim;2;0;1;0;1;0;1;2;-7,96346213;-34,91513486;SPRF-PE;DEL01-PE;UOP02-DEL01-PE
635501;17/10/2024;quinta-feira;15:15:00;RS;386;445;CANOAS;Ausência de reação do condutor;Colisão traseira;Com Vítimas Feridas;Pleno dia;Crescente;Céu Claro;Dupla;Reta;Sim;2;0;1;0;1;0;1;2;-29,892885;-51,192703;SPRF-RS;DEL01-RS;UOP01-DEL01-RS
635502;17/10/2024;quinta-feira;15:00:00;SC;282;533,4;CORDILHEIRA ALTA;Ausência de reação do condutor;Colisão traseira;Com Vítimas Feridas;Pleno dia;Crescente;Céu Claro;Simples;Reta;Não;2;0;1;0;1;0;1;2;-26,995323;-52,625305;SPRF-SC;DEL07-SC;UOP01-DEL07-SC
635503;17/10/2024;quinta-feira;15:05:00;SC;101;227;PALHOCA;Demais falhas mecânicas ou elétricas;Colisão lateral mesmo sentido;Com Vítimas Feridas;Pleno dia;Crescente;Céu Claro;Dupla;"Reta;Declive";Não;2;0;1;0;1;0;1;2;-27,7509149;-48,63460277;SPRF-SC;DEL01-SC;UOP02-DEL01-SC
635504;17/10/2024;quinta-feira;16:00:00;PR;116;126;FAZENDA RIO GRANDE;Ausência de reação do condutor;Colisão traseira;Com Vítimas Feridas;Pleno dia;Decrescente;Céu Claro;Dupla;Reta;Sim;2;0;1;0;1;0;1;2;-25,64392507;-49,3129921;SPRF-PR;DEL01-PR;UOP03-DEL01-PR
635507;17/10/2024;quinta-feira;16:00:00;BA;324;622,2;SALVADOR;Avarias e/ou desgaste excessivo no pneu;Queda de ocupante de veículo;Com Vítimas Feridas;Pleno dia;Crescente;Céu Claro;Múltipla;Reta;Não;2;0;2;0;0;0;2;1;-12,91888605;-38,46502095;SPRF-BA;DEL01-BA;UOP01-DEL01-BA
635508;17/10/2024;quinta-feira;15:00:00;PB;230;12,1;CABEDELO;Acessar a via sem observar a presença dos outros veículos;Colisão transversal;Com Vítimas Feridas;Pleno dia;Crescente;Céu Claro;Dupla;Retorno Regulamentado;Sim;2;0;1;0;1;0;1;2;-7,068;-34,85;SPRF-PB;DEL01-PB;UOP01-DEL01-PB
635509;17/10/2024;quinta-feira;16:00:00;MG;381;502,6;BETIM;Reação tardia ou ineficiente do condutor;Saída de leito carroçável;Com Vítimas Feridas;Pleno dia;Crescente;Céu Claro;Dupla;"Reta;Aclive";Sim;1;0;1;0;0;0;1;1;-20,01787129;-44,22615051;SPRF-MG;DEL01-MG;UOP03-DEL01-MG
635510;17/10/2024;quinta-feira;14:20:00;PR;376;174,4;MARINGA;Manobra de mudança de faixa;Colisão transversal;Com Vítimas Feridas;Pleno dia;Decrescente;Céu Claro;Dupla;Interseção de Vias;Sim;2;0;1;0;1;0;1;2;-23,41587652;-51,95457637;SPRF-PR;DEL09-PR;UOP01-DEL09-PR
635511;17/10/2024;quinta-feira;16:30:00;BA;324;622;SALVADOR;Manobra de mudança de faixa;Queda de ocupante de veículo;Com Vítimas Feridas;Pleno dia;Decrescente;Céu Claro;Dupla;Reta;Sim;1;0;1;0;0;0;1;1;-12,91888605;-38,46502095;SPRF-BA;DEL01-BA;UOP01-DEL01-BA
635512;17/10/2024;quinta-feira;16:30:00;RN;101;104;PARNAMIRIM;Manobra de mudança de faixa;Queda de ocupante de veículo;Com Vítimas Feridas;Pleno dia;Decrescente;Céu Claro;Dupla;Declive;Sim;2;0;1;0;0;1;1;2;-5,90165196;-35,25928517;SPRF-RN;DEL01-RN;UOP01-DEL01-RN
635513;17/10/2024;quinta-feira;15:50:00;SC;101;142;ITAPEMA;Manobra de mudança de faixa;Colisão lateral mesmo sentido;Com Vítimas Feridas;Pleno dia;Crescente;Céu Claro;Múltipla;Declive;Não;2;0;0;1;1;0;1;2;-27,056089;-48,599449;SPRF-SC;DEL04-SC;UOP03-DEL04-SC
635514;17/10/2024;quinta-feira;16:30:00;AL;104;89;RIO LARGO;Reação tardia ou ineficiente do condutor;Atropelamento de Pedestre;Com Vítimas Feridas;Pleno dia;Crescente;Sol;Dupla;Reta;Sim;2;0;0;1;1;0;1;2;-9,49216808;-35,81471324;SPRF-AL;DEL01-AL;UOP01-DEL01-AL
635515;17/10/2024;quinta-feira;15:00:00;SC;101;341;TUBARAO;Transitar na contramão;Tombamento;Com Vítimas Feridas;Pleno dia;Decrescente;Céu Claro;Dupla;Reta;Sim;1;0;1;0;0;0;1;1;-28,50999405;-49,05070686;SPRF-SC;DEL02-SC;UOP01-DEL02-SC
635518;17/10/2024;quinta-feira;09:00:00;MA;135;13;SAO LUIS;Acessar a via sem observar a presença dos outros veículos;Colisão lateral mesmo sentido;Com Vítimas Feridas;Pleno dia;Crescente;Céu Claro;Dupla;Reta;Sim;2;0;1;0;1;0;1;2;-2,68053538;-44,29512283;SPRF-MA;DEL01-MA;UOP01-DEL01-MA
635519;17/10/2024;quinta-feira;16:50:00;RJ;393;280;BARRA DO PIRAI;Conversão proibida;Colisão frontal;Com Vítimas Feridas;Pleno dia;Crescente;Céu Claro;Simples;Reta;Sim;2;0;1;0;1;0;1;2;-22,47750785;-44,01954402;SPRF-RJ;DEL05-RJ;UOP04-DEL05-RJ
635520;17/10/2024;quinta-feira;17:00:00;MG;381;349;JOAO MONLEVADE;Chuva;Colisão frontal;Com Vítimas Feridas;Pleno dia;Crescente;Chuva;Simples;Curva;Não;4;0;2;0;2;0;2;2;-19,8499239;-43,14868105;SPRF-MG;DEL03-MG;UOP01-DEL03-MG
635522;17/10/2024;quinta-feira;16:50:00;RS;116;243;SAO LEOPOLDO;Condutor deixou de manter distância do veículo da frente;Colisão traseira;Com Vítimas Feridas;Pleno dia;Decrescente;Céu Claro;Dupla;Reta;Não;3;0;1;0;2;0;1;2;-29,73196199;-51,14952004;SPRF-RS;DEL01-RS;UOP02-DEL01-RS
635524;17/10/2024;quinta-feira;17:10:00;PR;116;123,5;CURITIBA;Reação tardia ou ineficiente do condutor;Colisão lateral mesmo sentido;Com Vítimas Feridas;Pleno dia;Crescente;Céu Claro;Dupla;Reta;Não;4;0;0;1;3;0;1;4;-25,61811436;-49,31719244;SPRF-PR;DEL01-PR;UOP03-DEL01-PR
635526;17/10/2024;quinta-feira;15:00:00;RJ;101;425;MANGARATIBA;Acessar a via sem observar a presença dos outros veículos;Colisão transversal;Com Vítimas Feridas;Pleno dia;Decrescente;Céu Claro;Simples;"Reta;Declive;Retorno Regulamentado";Sim;2;0;0;1;1;0;1;2;-22,92618815;-43,96323294;SPRF-RJ;DEL03-RJ;UOP02-DEL03-RJ
635528;01/10/2024;terça-feira;14:00:00;RJ;101;473;ANGRA DOS REIS;Acessar a via sem observar a presença dos outros veículos;Colisão lateral mesmo sentido;Com Vítimas Feridas;Pleno dia;Crescente;Céu Claro;Dupla;Reta;Sim;2;0;1;0;1;0;1;2;-22,98960623;-44,24168693;SPRF-RJ;DEL03-RJ;UOP03-DEL03-RJ
635529;17/10/2024;quinta-feira;17:15:00;GO;60;101,7;ANAPOLIS;Ausência de reação do condutor;Tombamento;Com Vítimas Feridas;Pleno dia;Crescente;Nublado;Dupla;Retorno Regulamentado;Sim;2;0;2;0;0;0;2;1;-16,4022;-48,9745;SPRF-GO;DEL02-GO;UOP01-DEL02-GO
635530;17/10/2024;quinta-feira;16:40:00;PR;376;199;MARIALVA;Reação tardia ou ineficiente do condutor;Colisão com objeto;Com Vítimas Feridas;Pleno dia;Crescente;Céu Claro;Dupla;Declive;Não;2;0;1;0;1;0;1;1;-23,50719669;-51,73201193;SPRF-PR;DEL09-PR;UOP01-DEL09-PR
635531;17/10/2024;quinta-feira;17:35:00;DF;40;5,8;BRASILIA;Condutor deixou de manter distância do veículo da frente;Colisão traseira;Com Vítimas Feridas;Pleno dia;Decrescente;Céu Claro;Dupla;Reta;Sim;6;0;2;0;4;0;2;4;-16,020903;-47,980541;SPRF-DF;DEL01-DF;UOP01-DEL01-DF
635532;17/10/2024;quinta-feira;17:20:00;PB;101;92,3;JOAO PESSOA;Reação tardia ou ineficiente do condutor;Tombamento;Com Vítimas Feridas;Plena Noite;Decrescente;Céu Claro;Dupla;Aclive;Sim;1;0;1;0;0;0;1;1;-7,19683829;-34,90588313;SPRF-PB;DEL01-PB;UOP02-DEL01-PB
635533;17/10/2024;quinta-feira;16:30:00;MG;50;72;UBERLANDIA;Chuva;Colisão traseira;Sem Vítimas;Pleno dia;Decrescente;Chuva;Dupla;Reta;Sim;1;0;0;0;1;0;0;1;-18,85140204;-48,25345932;SPRF-MG;DEL15-MG;UOP01-DEL15-MG
635534;17/10/2024;quinta-feira;18:00:00;CE;116;1;FORTALEZA;Trafegar com motocicleta (ou similar) entre as faixas;Colisão lateral mesmo sentido;Com Vítimas Feridas;Plena Noite;Crescente;Céu Claro;Múltipla;"Viaduto;Reta";Sim;2;0;0;1;1;0;1;2;-3,76159894;-38,51900662;SPRF-CE;DEL01-CE;UOP02-DEL01-CE
635537;17/10/2024;quinta-feira;17:30:00;SP;116;154;SAO JOSE DOS CAMPOS;Reação tardia ou ineficiente do condutor;Tombamento;Com Vítimas Feridas;Pleno dia;Crescente;Céu Claro;Dupla;Reta;Sim;1;0;1;0;0;0;1;1;-23,23903999;-45,92061901;SPRF-SP;DEL02-SP;UOP01-DEL02-SP
635538;17/10/2024;quinta-feira;17:35:00;MG;146;439,5;CABO VERDE;Acessar a via sem observar a presença dos outros veículos;Colisão transversal;Com Vítimas Feridas;Pleno dia;Decrescente;Céu Claro;Simples;"Interseção de Vias;Declive";Sim;2;0;1;0;1;0;1;2;-21,472322;-46,402532;SPRF-MG;DEL09-MG;UOP01-DEL09-MG
635539;02/10/2024;quarta-feira;19:03:00;RJ;101;19;CAMPOS DOS GOYTACAZES;Acessar a via sem observar a presença dos outros veículos;Colisão transversal;Com Vítimas Feridas;Plena Noite;Crescente;Céu Claro;Simples;Reta;Sim;2;0;2;0;0;0;2;2;-21,37421125;-41,34253394;SPRF-RJ;DEL08-RJ;UOP01-DEL08-RJ
635541;17/10/2024;quinta-feira;18:15:00;SP;116;227;SAO PAULO;Manobra de mudança de faixa;Colisão transversal;Com Vítimas Feridas;Plena Noite;Decrescente;Nublado;Múltipla;Reta;Sim;2;0;1;0;1;0;1;2;-23,49659264;-46,55648754;SPRF-SP;DEL01-SP;UOP01-DEL01-SP
635542;17/10/2024;quinta-feira;18:00:00;MG;50;72;UBERLANDIA;Ausência de reação do condutor;Colisão com objeto;Com Vítimas Feridas;Pleno dia;Decrescente;Nublado;Dupla;Reta;Não;2;0;2;0;0;0;2;1;-18,85140204;-48,25345932;SPRF-MG;DEL15-MG;UOP01-DEL15-MG
635544;17/10/2024;quinta-feira;17:20:00;RS;116;147,6;CAXIAS DO SUL;Ausência de reação do condutor;Colisão traseira;Com Vítimas Feridas;Pleno dia;Crescente;Céu Claro;Dupla;"Curva;Interseção de Vias";Sim;2;0;1;0;1;0;1;2;-29,14908014;-51,1429969;SPRF-RS;DEL05-RS;UOP01-DEL05-RS
635545;17/10/2024;quinta-feira;17:50:00;PR;277;2,9;CURITIBA;Acessar a via sem observar a presença dos outros veículos;Colisão transversal;Com Vítimas Feridas;Pleno dia;Crescente;Céu Claro;Múltipla;"Declive;Reta";Sim;2;0;2;0;0;0;2;2;-25,4304424;-49,3372154;SPRF-PR;DEL01-PR;UOP05-DEL01-PR
635546;17/10/2024;quinta-feira;16:20:00;RJ;101;326;RIO DE JANEIRO;Demais falhas mecânicas ou elétricas;Eventos atípicos;Com Vítimas Feridas;Pleno dia;Crescente;Céu Claro;Múltipla;Reta;Sim;3;0;1;0;1;1;1;2;-22,87206203;-43,146105;SPRF-RJ;DEL02-RJ;UOP01-DEL02-RJ
635547;17/10/2024;quinta-feira;17:12:00;SC;280;125,5;RIO NEGRINHO;Acessar a via sem observar a presença dos outros veículos;Colisão transversal;Com Vítimas Feridas;Anoitecer;Crescente;Céu Claro;Simples;"Reta;Interseção de Vias;Aclive";Sim;3;0;2;0;1;0;2;2;-26,23721617;-49,49016809;SPRF-SC;DEL06-SC;UOP03-DEL06-SC
635548;17/10/2024;quinta-feira;17:40:00;PR;153;367;RIO AZUL;Acessar a via sem observar a presença dos outros veículos;Colisão transversal;Com Vítimas Feridas;Pleno dia;Decrescente;Céu Claro;Simples;"Reta;Interseção de Vias";Sim;3;0;1;1;0;1;2;2;-25,72144604;-50,79474995;SPRF-PR;DEL08-PR;UOP02-DEL08-PR
635549;17/10/2024;quinta-feira;16:45:00;PE;423;94,8;GARANHUNS;Condutor deixou de manter distância do veículo da frente;Colisão lateral mesmo sentido;Sem Vítimas;Pleno dia;Crescente;Céu Claro;Simples;Reta;Sim;2;0;0;0;2;0;0;2;-8,878422;-36,477108;SPRF-PE;DEL03-PE;UOP01-DEL03-PE
635550;17/10/2024;quinta-feira;18:25:00;RS;116;491;PELOTAS;Ausência de reação do condutor;Saída de leito carroçável;Com Vítimas Feridas;Anoitecer;Decrescente;Céu Claro;Dupla;Reta;Não;3;0;1;0;2;0;1;1;-31,47771401;-52,21293878;SPRF-RS;DEL07-RS;UOP01-DEL07-RS
635551;17/10/2024;quinta-feira;18:15:00;AL;104;86;RIO LARGO;Acessar a via sem observar a presença dos outros veículos;Colisão traseira;Com Vítimas Feridas;Plena Noite;Crescente;Céu Claro;Dupla;"Reta;Retorno Regulamentado";Não;3;0;2;0;0;1;2;2;-9,46691715;-35,82504135;SPRF-AL;DEL01-AL;UOP01-DEL01-AL
635553;17/10/2024;quinta-feira;18:15:00;PE;232;80;GRAVATA;Acessar a via sem observar a presença dos outros veículos;Colisão transversal;Com Vítimas Feridas;Plena Noite;Crescente;Céu Claro;Simples;Reta;Sim;3;0;1;0;1;1;1;2;-8,19579864;-35,56962305;SPRF-PE;DEL02-PE;UOP02-DEL02PE
635554;27/09/2024;sexta-feira;16:15:00;BA;324;615;SALVADOR;Condutor deixou de manter distância do veículo da frente;Colisão lateral mesmo sentido;Com Vítimas Feridas;Pleno dia;Crescente;Céu Claro;Dupla;Reta;Sim;2;0;1;0;1;0;1;2;-12,87206398;-38,42746403;SPRF-BA;DEL01-BA;UOP01-DEL01-BA
635556;17/10/2024;quinta-feira;19:35:00;CE;116;7;FORTALEZA;Condutor deixou de manter distância do veículo da frente;Colisão traseira;Com Vítimas Feridas;Plena Noite;Crescente;Céu Claro;Múltipla;Reta;Sim;2;0;1;0;1;0;1;2;-3,802624;-38,50400499;SPRF-CE;DEL01-CE;UOP02-DEL01-CE
635557;17/10/2024;quinta-feira;18:00:00;SC;101;291,4;IMBITUBA;Demais falhas mecânicas ou elétricas;Queda de ocupante de veículo;Com Vítimas Feridas;Anoitecer;Crescente;Nublado;Dupla;"Reta;Aclive";Sim;2;0;2;0;0;0;2;1;-28,26980586;-48,70081551;SPRF-SC;DEL02-SC;UOP03-DEL02-SC
635558;17/10/2024;quinta-feira;19:02:00;MG;40;142,5;JOAO PINHEIRO;Desrespeitar a preferência no cruzamento;Colisão transversal;Com Vítimas Feridas;Plena Noite;Crescente;Céu Claro;Simples;Reta;Sim;2;0;1;0;1;0;1;2;-17,740382;-46,185728;SPRF-MG;DEL14-MG;UOP01-DEL14-MG
635560;17/10/2024;quinta-feira;19:10:00;PR;277;5;CURITIBA;Manobra de mudança de faixa;Colisão lateral mesmo sentido;Com Vítimas Feridas;Plena Noite;Crescente;Garoa/Chuvisco;Dupla;Reta;Sim;2;0;1;0;1;0;1;2;-25,430757;-49,3166744;SPRF-PR;DEL01-PR;UOP05-DEL01-PR
635562;17/10/2024;quinta-feira;19:00:00;SP;116;217,8;GUARULHOS;Trafegar com motocicleta (ou similar) entre as faixas;Colisão lateral mesmo sentido;Com Vítimas Feridas;Plena Noite;Crescente;Nublado;Múltipla;Reta;Não;3;0;3;0;0;0;3;2;-23,45423824;-46,47119028;SPRF-SP;DEL01-SP;UOP01-DEL01-SP
635563;17/10/2024;quinta-feira;15:50:00;MG;50;72;UBERLANDIA;Chuva;Colisão com objeto;Sem Vítimas;Pleno dia;Crescente;Chuva;Dupla;"Reta;Declive";Não;1;0;0;0;0;1;0;1;-18,85140204;-48,25345932;SPRF-MG;DEL15-MG;UOP01-DEL15-MG
635564;17/10/2024;quinta-feira;19:10:00;RN;406;148,8;CEARA-MIRIM;Acessar a via sem observar a presença dos outros veículos;Colisão frontal;Com Vítimas Feridas;Plena Noite;Decrescente;Céu Claro;Simples;Reta;Sim;2;0;1;0;1;0;1;2;-5,64738063;-35,45019595;SPRF-RN;DEL02-RN;UOP01-DEL02-RN
635565;17/10/2024;quinta-feira;17:35:00;RS;471;566,3;SANTA VITORIA DO PALMAR;Reação tardia ou ineficiente do condutor;Saída de leito carroçável;Com Vítimas Feridas;Pleno dia;Crescente;Nublado;Simples;Reta;Não;1;0;1;0;0;0;1;1;-32,957077;-52,781975;SPRF-RS;DEL07-RS;UOP04-DEL07-RS
635567;17/10/2024;quinta-feira;19:50:00;PR;369;457,2;CORBELIA;Mal súbito do condutor;Colisão frontal;Com Vítimas Fatais;Plena Noite;Crescente;Céu Claro;Simples;Reta;Não;2;1;0;1;0;0;1;2;-24,5987;-53,20405;SPRF-PR;DEL04-PR;UOP03-DEL04-PR
635568;17/10/2024;quinta-feira;20:00:00;RJ;116;179;BELFORD ROXO;Acessar a via sem observar a presença dos outros veículos;Colisão traseira;Com Vítimas Feridas;Plena Noite;Crescente;Céu Claro;Dupla;Reta;Não;3;0;2;0;1;0;2;2;-22,769902;-43,408036;SPRF-RJ;DEL06-RJ;UOP01-DEL06-RJ
635570;17/10/2024;quinta-feira;09:50:00;RJ;356;29;ITAPERUNA;Pedestre cruzava a pista fora da faixa;Atropelamento de Pedestre;Com Vítimas Feridas;Pleno dia;Crescente;Céu Claro;Simples;Reta;Sim;3;0;2;0;0;1;2;2;-21,18782302;-41,91146851;SPRF-RJ;DEL08-RJ;UOP03-DEL08-RJ
635571;17/10/2024;quinta-feira;18:00:00;SC;116;220;CORREIA PINTO;Transitar na contramão;Colisão frontal;Com Vítimas Feridas;Pleno dia;Decrescente;Céu Claro;Simples;Reta;Não;2;0;1;0;1;0;1;2;-27,57771319;-50,36993036;SPRF-SC;DEL05-SC;UOP03-DEL05-SC
635572;17/10/2024;quinta-feira;20:10:00;RN;304;299;MACAIBA;Reação tardia ou ineficiente do condutor;Saída de leito carroçável;Com Vítimas Feridas;Plena Noite;Decrescente;Céu Claro;Dupla;Reta;Sim;1;0;1;0;0;0;1;1;-5,87095859;-35,32359587;SPRF-RN;DEL01-RN;UOP02-DEL01-RN
635574;17/10/2024;quinta-feira;20:30:00;SP;116;224;GUARULHOS;Demais falhas mecânicas ou elétricas;Colisão transversal;Com Vítimas Feridas;Plena Noite;Decrescente;Céu Claro;Múltipla;Reta;Sim;5;0;3;0;2;0;3;2;-23,46802395;-46,50704901;SPRF-SP;DEL01-SP;UOP01-DEL01-SP
635576;17/10/2024;quinta-feira;19:50:00;PR;369;32,2;CAMBARA;Ausência de reação do condutor;Colisão com objeto;Com Vítimas Fatais;Plena Noite;Decrescente;Céu Claro;Simples;Reta;Não;2;2;0;0;0;0;0;1;-23,03718196;-50,19363826;SPRF-PR;DEL07-PR;UOP05-DEL07-PR
635577;17/10/2024;quinta-feira;17:00:00;MG;365;625,8;UBERLANDIA;Avarias e/ou desgaste excessivo no pneu;Queda de ocupante de veículo;Com Vítimas Feridas;Pleno dia;Crescente;Chuva;Dupla;Reta;Não;2;0;2;0;0;0;2;1;-18,90585472;-48,32526001;SPRF-MG;DEL15-MG;UOP01-DEL15-MG
635578;17/10/2024;quinta-feira;20:40:00;GO;60;96,4;ANAPOLIS;Animais na Pista;Atropelamento de Animal;Com Vítimas Feridas;Plena Noite;Decrescente;Nublado;Dupla;Reta;Sim;4;0;1;1;2;0;2;2;-16,371;-48,9422;SPRF-GO;DEL02-GO;UOP01-DEL02-GO
635579;17/10/2024;quinta-feira;19:50:00;RJ;465;3;SEROPEDICA;Acesso irregular;Atropelamento de Pedestre;Com Vítimas Feridas;Anoitecer;Crescente;Céu Claro;Simples;Reta;Sim;2;0;1;0;0;1;1;2;-22,73427;-43,711994;SPRF-RJ;DEL06-RJ;UOP02-DEL06-RJ
635586;17/10/2024;quinta-feira;19:20:00;GO;60;280;JANDAIA;Chuva;Eventos atípicos;Com Vítimas Feridas;Plena Noite;Crescente;Chuva;Dupla;Reta;Não;2;0;1;0;1;0;1;1;-17,2373;-50,2072;SPRF-GO;DEL04-GO;UOP02-DEL04-GO
635587;17/10/2024;quinta-feira;21:10:00;PR;487;177,1;CAMPO MOURAO;Pedestre andava na pista;Atropelamento de Pedestre;Com Vítimas Fatais;Plena Noite;Crescente;Céu Claro;Simples;"Reta;Aclive";Sim;2;1;0;0;1;0;0;2;-24,04094776;-52,40526795;SPRF-PR;DEL09-PR;UOP03-DEL09-PR
635589;17/10/2024;quinta-feira;21:47:00;SP;116;54;LORENA;Ausência de reação do condutor;Colisão traseira;Com Vítimas Feridas;Plena Noite;Crescente;Céu Claro;Dupla;"Reta;Em Obras";Não;2;0;1;0;0;1;1;2;-22,7609466;-45,11939049;SPRF-SP;DEL08-SP;UOP02-DEL08-SP
635590;17/10/2024;quinta-feira;18:45:00;BA;324;624;SALVADOR;Ausência de reação do condutor;Colisão lateral mesmo sentido;Com Vítimas Feridas;Plena Noite;Crescente;Céu Claro;Múltipla;Reta;Sim;2;0;1;0;0;1;1;2;-12,933839;-38,47190701;SPRF-BA;DEL01-BA;UOP01-DEL01-BA
635591;17/10/2024;quinta-feira;08:00:00;AP;210;2;MACAPA;Condutor deixou de manter distância do veículo da frente;Colisão traseira;Com Vítimas Feridas;Pleno dia;Decrescente;Céu Claro;Dupla;"Retorno Regulamentado;Reta";Sim;3;0;2;0;1;0;2;2;0,08282017;-51,07776189;SPRF-AP;DEL01-AP;UOP01-DEL01-AP
635592;17/10/2024;quinta-feira;21:00:00;PR;277;662,6;MEDIANEIRA;Ausência de reação do condutor;Saída de leito carroçável;Sem Vítimas;Plena Noite;Crescente;Céu Claro;Dupla;Curva;Não;1;0;0;0;0;1;0;1;-25,25121745;-54,00913508;SPRF-PR;DEL05-PR;UOP02-DEL05-PR
635593;17/10/2024;quinta-feira;20:10:00;SC;101;368;ICARA;Ingestão de álcool pelo condutor;Saída de leito carroçável;Com Vítimas Feridas;Plena Noite;Decrescente;Céu Claro;Dupla;Curva;Não;3;0;0;1;2;0;1;1;-28,69923186;-49,18973923;SPRF-SC;DEL02-SC;UOP01-DEL02-SC
635594;17/10/2024;quinta-feira;22:00:00;SP;116;221,3;GUARULHOS;Sinalização mal posicionada;Atropelamento de Pedestre;Com Vítimas Feridas;Plena Noite;Crescente;Céu Claro;Dupla;"Em Obras;Reta";Sim;2;0;1;0;1;0;1;2;-23,46802395;-46,50704901;SPRF-SP;DEL01-SP;UOP01-DEL01-SP
635595;17/10/2024;quinta-feira;18:30:00;SP;116;541;BARRA DO TURVO;Pista Escorregadia;Queda de ocupante de veículo;Com Vítimas Feridas;Pleno dia;Crescente;Chuva;Dupla;Curva;Não;2;0;2;0;0;0;2;1;-24,97245688;-48,39976606;SPRF-SP;DEL05-SP;UOP02-DEL05-SP
635596;17/10/2024;quinta-feira;23:00:00;RN;101;100,8;PARNAMIRIM;Reação tardia ou ineficiente do condutor;Colisão transversal;Com Vítimas Feridas;Plena Noite;Crescente;Céu Claro;Simples;Reta;Sim;2;0;1;0;1;0;1;2;-5,88106901;-35,22542396;SPRF-RN;DEL01-RN;UOP01-DEL01-RN
635597;17/10/2024;quinta-feira;21:40:00;PB;230;478;MARIZOPOLIS;Ultrapassagem Indevida;Colisão traseira;Sem Vítimas;Plena Noite;Decrescente;Céu Claro;Simples;Reta;Não;5;0;0;0;4;1;0;2;-6,8428;-38,3226;SPRF-PB;DEL03-PB;UOP03-DEL03-PB
635598;17/10/2024;quinta-feira;22:30:00;RJ;101;296,7;ITABORAI;Reação tardia ou ineficiente do condutor;Colisão com objeto;Com Vítimas Feridas;Plena Noite;Crescente;Céu Claro;Dupla;Reta;Sim;1;0;0;1;0;0;1;1;-22,7670498;-42,91019601;SPRF-RJ;DEL02-RJ;UOP02-DEL02-RJ
635599;06/10/2024;domingo;03:30:00;RJ;116;184;NOVA IGUACU;Ingestão de álcool pelo condutor;Colisão lateral mesmo sentido;Com Vítimas Feridas;Plena Noite;Decrescente;Céu Claro;Dupla;"Reta;Aclive";Sim;3;0;2;0;1;0;2;2;-22,74647215;-43,44594311;SPRF-RJ;DEL06-RJ;UOP01-DEL06-RJ