id;data_inversa;dia_semana;horario;uf;br;km;municipio;causa_acidente;tipo_acidente;classificacao_acidente;fase_dia;sentido_via;condicao_metereologica;tipo_pista;tracado_via;uso_solo;pessoas;mortos;feridos_leves;feridos_graves;ilesos;ignorados;feridos;veiculos;latitude;longitude;regional;delegacia;uop
635601;17/10/2024;quinta-feira;20:42:00;AC;364;136;RIO BRANCO;Ausência de reação do condutor;Colisão traseira;Com Vítimas Feridas;Plena Noite;Crescente;Céu Claro;Dupla;"Reta;Declive";Sim;2;0;1;0;1;0;1;2;-9,97403889;-67,85051107;SPRF-AC;DEL01-AC;UOP01-DEL01-AC
635602;17/10/2024;quinta-feira;17:15:00;MT;163;917;ITAUBA;Acumulo de água sobre o pavimento;Capotamento;Sem Vítimas;Anoitecer;Crescente;Chuva;Simples;Reta;Não;1;0;0;0;1;0;0;1;-11,28615195;-55,31763118;SPRF-MT;DEL06-MT;UOP02-DEL06-MT
635603;17/10/2024;quinta-feira;20:15:00;MS;163;65;ITAQUIRAI;Ingestão de álcool pelo condutor;Capotamento;Com Vítimas Feridas;Plena Noite;Decrescente;Céu Claro;Simples;"Curva;Declive";Não;1;0;1;0;0;0;1;1;-23,58627427;-54,20654984;SPRF-MS;DEL09-MS;UOP02-DEL09-MS
635604;17/10/2024;quinta-feira;23:30:00;PR;116;132;FAZENDA RIO GRANDE;Ingestão de álcool pelo condutor;Saída de leito carroçável;Sem Vítimas;Plena Noite;Crescente;Céu Claro;Dupla;Reta;Não;1;0;0;0;1;0;0;1;-25,68748006;-49,31668282;SPRF-PR;DEL01-PR;UOP03-DEL01-PR
635605;17/10/2024;quinta-feira;20:50:00;MT;364;387;SANTO ANTONIO DO LEVERGER;Objeto estático sobre o leito carroçável;Queda de ocupante de veículo;Com Vítimas Feridas;Plena Noite;Crescente;Nublado;Dupla;Reta;Não;1;0;0;1;0;0;1;1;-15,70200126;-55,827522;SPRF-MT;DEL01-MT;UOP02-DEL01-MT
635606;17/10/2024;quinta-feira;23:35:00;SC;101;202;SAO JOSE;Ausência de sinalização;Colisão traseira;Com Vítimas Feridas;Plena Noite;Decrescente;Céu Claro;Múltipla;Reta;Sim;3;0;0;1;1;1;1;2;-27,55711595;-48,61897889;SPRF-SC;DEL01-SC;UOP01-DEL01-SC
635608;17/10/2024;quinta-feira;22:10:00;MT;158;796;BARRA DO GARCAS;Animais na Pista;Atropelamento de Animal;Com Vítimas Feridas;Plena Noite;Decrescente;Céu Claro;Simples;"Reta;Declive";Sim;2;0;1;0;1;0;1;1;-15,87425662;-52,31551604;SPRF-MT;DEL07-MT;UOP01-DEL07-MT
635609;17/10/2024;quinta-feira;19:30:00;RO;364;153,1;PIMENTA BUENO;Ultrapassagem Indevida;Colisão lateral sentido oposto;Com Vítimas Feridas;Plena Noite;Decrescente;Nublado;Simples;"Aclive;Curva";Não;2;0;1;0;0;1;1;2;-11,98120607;-60,95411809;SPRF-RO;DEL02-RO;UOP02-DEL02-RO
635613;18/10/2024;sexta-feira;00:30:00;MG;40;529;CONTAGEM;Condutor Dormindo;Colisão com objeto;Com Vítimas Feridas;Plena Noite;Crescente;Nublado;Dupla;"Aclive;Curva";Não;1;0;1;0;0;0;1;1;-19,91635592;-44,03966566;SPRF-MG;DEL01-MG;UOP02-DEL01-MG
635614;18/10/2024;sexta-feira;00:10:00;SC;101;320;PESCARIA BRAVA;Demais falhas mecânicas ou elétricas;Tombamento;Com Vítimas Feridas;Plena Noite;Decrescente;Céu Claro;Dupla;Reta;Sim;2;0;2;0;0;0;2;1;-28,42800492;-48,88171497;SPRF-SC;DEL02-SC;UOP01-DEL02-SC
635615;18/10/2024;sexta-feira;00:30:00;RS;116;239;NOVO HAMBURGO;Velocidade Incompatível;Saída de leito carroçável;Com Vítimas Feridas;Plena Noite;Decrescente;Céu Claro;Dupla;Reta;Não;5;0;2;0;0;3;2;2;-29,69764869;-51,14498395;SPRF-RS;DEL01-RS;UOP02-DEL01-RS
635617;18/10/2024;sexta-feira;00:00:00;PR;376;229;APUCARANA;Ausência de reação do condutor;Saída de leito carroçável;Sem Vítimas;Plena Noite;Decrescente;Céu Claro;Dupla;Curva;Não;1;0;0;0;0;1;0;1;-23,56618997;-51,5443325;SPRF-PR;DEL07-PR;UOP03-DEL07-PR
635618;18/10/2024;sexta-feira;02:32:00;CE;116;22,1;ITAITINGA;Pedestre andava na pista;Atropelamento de Pedestre;Com Vítimas Feridas;Plena Noite;Crescente;Céu Claro;Dupla;Reta;Sim;2;0;0;1;0;1;1;2;-3,94070798;-38,50918633;SPRF-CE;DEL01-CE;UOP02-DEL01-CE
635619;18/10/2024;sexta-feira;03:05:00;SC;101;151;ITAPEMA;Ausência de reação do condutor;Capotamento;Com Vítimas Feridas;Plena Noite;Decrescente;Céu Claro;Dupla;Reta;Sim;1;0;1;0;0;0;1;1;-27,126536;-48,609642;SPRF-SC;DEL04-SC;UOP03-DEL04-SC
635621;18/10/2024;sexta-feira;04:50:00;ES;101;269;SERRA;Demais falhas mecânicas ou elétricas;Incêndio;Sem Vítimas;Plena Noite;Crescente;Nublado;Dupla;Reta;Sim;1;0;0;0;1;0;0;1;-20,21740496;-40,26990578;SPRF-ES;DEL02-ES;UOP01-DEL02-ES
635623;18/10/2024;sexta-feira;05:30:00;PE;101;68,1;RECIFE;Demais falhas mecânicas ou elétricas;Incêndio;Sem Vítimas;Amanhecer;Crescente;Céu Claro;Dupla;"Viaduto;Reta;Aclive";Sim;1;0;0;0;1;0;0;1;-8,051652;-34,946163;SPRF-PE;DEL01-PE;UOP01-DEL01-PE
635624;17/10/2024;quinta-feira;17:15:00;SC;282;58;RANCHO QUEIMADO;Pista Escorregadia;Tombamento;Com Vítimas Feridas;Pleno dia;Crescente;Nevoeiro/Neblina;Simples;Curva;Sim;1;0;1;0;0;0;1;1;-27,683594;-49,005539;SPRF-SC;DEL01-SC;UOP03-DEL01-SC
635625;18/10/2024;sexta-feira;06:00:00;SP;116;228;SAO PAULO;Manobra de mudança de faixa;Queda de ocupante de veículo;Com Vítimas Feridas;Amanhecer;Crescente;Nublado;Múltipla;"Reta;Em Obras";Sim;3;0;0;1;0;2;1;3;-23,50343484;-46,56638712;SPRF-SP;DEL01-SP;UOP01-DEL01-SP
635627;18/10/2024;sexta-feira;06:00:00;GO;414;428,4;ABADIANIA;Acesso irregular;Colisão transversal;Com Vítimas Feridas;Amanhecer;Crescente;Céu Claro;Simples;Reta;Não;4;0;0;2;2;0;2;2;-16,18994908;-48,90549382;SPRF-GO;DEL02-GO;UOP01-DEL02-GO
635628;18/10/2024;sexta-feira;06:40:00;PB;101;89;JOAO PESSOA;Acessar a via sem observar a presença dos outros veículos;Colisão transversal;Com Vítimas Feridas;Pleno dia;Crescente;Céu Claro;Dupla;Retorno Regulamentado;Sim;2;0;2;0;0;0;2;2;-7,1710694;-34,89765372;SPRF-PB;DEL01-PB;UOP02-DEL01-PB
635629;18/10/2024;sexta-feira;06:45:00;SC;101;207;SAO JOSE;Condutor deixou de manter distância do veículo da frente;Colisão traseira;Com Vítimas Feridas;Pleno dia;Decrescente;Nublado;Múltipla;"Declive;Reta";Sim;2;0;1;0;1;0;1;2;-27,60001226;-48,6226467;SPRF-SC;DEL01-SC;UOP01-DEL01-SC
635630;15/09/2024;domingo;20:30:00;RJ;116;108;GUAPIMIRIM;Condutor deixou de manter distância do veículo da frente;Colisão traseira;Com Vítimas Feridas;Plena Noite;Crescente;Nublado;Dupla;Reta;Não;2;0;1;0;1;0;1;2;-22,535843;-42,99125;SPRF-RJ;DEL04-RJ;UOP01-DEL04-RJ
635632;18/10/2024;sexta-feira;06:57:00;SC;101;209,6;SAO JOSE;Reação tardia ou ineficiente do condutor;Colisão traseira;Com Vítimas Feridas;Pleno dia;Crescente;Nublado;Múltipla;Reta;Sim;2;0;1;0;1;0;1;2;-27,61000542;-48,63895057;SPRF-SC;DEL01-SC;UOP01-DEL01-SC
635634;18/10/2024;sexta-feira;06:30:00;BA;324;623;SALVADOR;Condutor deixou de manter distância do veículo da frente;Colisão traseira;Com Vítimas Feridas;Pleno dia;Crescente;Céu Claro;Dupla;"Reta;Declive";Não;2;0;1;0;1;0;1;2;-12,92628699;-38,46838679;SPRF-BA;DEL01-BA;UOP01-DEL01-BA
635635;18/10/2024;sexta-feira;07:30:00;PR;116;116;CURITIBA;Reação tardia ou ineficiente do condutor;Colisão traseira;Com Vítimas Feridas;Pleno dia;Decrescente;Céu Claro;Múltipla;"Viaduto;Reta";Sim;2;0;1;0;1;0;1;2;-25,554887;-49,305658;SPRF-PR;DEL01-PR;UOP03-DEL01-PR
635636;18/10/2024;sexta-feira;07:15:00;MG;40;516,1;RIBEIRAO DAS NEVES;Transitar no Acostamento;Atropelamento de Pedestre;Com Vítimas Feridas;Pleno dia;Crescente;Nublado;Dupla;Reta;Sim;3;0;0;1;1;1;1;2;-19,81628624;-44,08960124;SPRF-MG;DEL01-MG;UOP02-DEL01-MG
635637;18/10/2024;sexta-feira;07:13:00;RN;226;12;MACAIBA;Ausência de reação do condutor;Colisão transversal;Com Vítimas Feridas;Pleno dia;Decrescente;Céu Claro;Simples;Reta;Não;2;0;1;0;0;1;1;2;-5,84748382;-35,31212402;SPRF-RN;DEL01-RN;UOP02-DEL01-RN
635639;18/10/2024;sexta-feira;02:00:00;PE;428;184;PETROLINA;Condutor Dormindo;Saída de leito carroçável;Com Vítimas Feridas;Plena Noite;Decrescente;Chuva;Dupla;Reta;Sim;1;0;1;0;0;0;1;1;-9,33211208;-40,46621385;SPRF-PE;DEL06-PE;UOP01-DEL06-PE
635640;18/10/2024;sexta-feira;07:15:00;PB;101;84,9;BAYEUX;Trafegar com motocicleta (ou similar) entre as faixas;Colisão lateral mesmo sentido;Com Vítimas Feridas;Pleno dia;Crescente;Nublado;Dupla;Reta;Sim;3;0;1;0;2;0;1;2;-7,13957906;-34,92312806;SPRF-PB;DEL01-PB;UOP01-DEL01-PB
635641;18/10/2024;sexta-feira;07:45:00;RN;304;30,5;MOSSORO;Acessar a via sem observar a presença dos outros veículos;Colisão traseira;Sem Vítimas;Pleno dia;Crescente;Céu Claro;Simples;Reta;Sim;2;0;0;0;2;0;0;2;-5,11703801;-37,34100094;SPRF-RN;DEL04-RN;UOP02-DEL04-RN
635643;17/10/2024;quinta-feira;17:20:00;RJ;116;62;TERESOPOLIS;Ausência de reação do condutor;Tombamento;Com Vítimas Feridas;Anoitecer;Crescente;Nublado;Simples;Curva;Não;1;0;1;0;0;0;1;1;-22,25254197;-42,91927708;SPRF-RJ;DEL04-RJ;UOP01-DEL04-RJ
635645;18/10/2024;sexta-feira;07:20:00;PR;376;596;CURITIBA;Transitar no Acostamento;Atropelamento de Pedestre;Com Vítimas Fatais;Pleno dia;Decrescente;Céu Claro;Dupla;Reta;Sim;2;1;0;0;1;0;0;2;-25,4755467;-49,3513088;SPRF-PR;DEL01-PR;UOP06-DEL01-PR
635646;18/10/2024;sexta-feira;08:10:00;RS;116;243,9;SAO LEOPOLDO;Trafegar com motocicleta (ou similar) entre as faixas;Colisão lateral mesmo sentido;Com Vítimas Feridas;Pleno dia;Decrescente;Sol;Dupla;"Em Obras;Reta";Sim;2;0;1;0;1;0;1;2;-29,73547975;-51,14980665;SPRF-RS;DEL01-RS;UOP02-DEL01-RS
635647;18/10/2024;sexta-feira;06:22:00;RJ;116;145;DUQUE DE CAXIAS;Reação tardia ou ineficiente do condutor;Tombamento;Com Vítimas Feridas;Pleno dia;Crescente;Nublado;Dupla;Reta;Sim;2;0;1;0;1;0;1;1;-22,66237951;-43,25529831;SPRF-RJ;DEL01-RJ;UOP02-DEL01-RJ
635648;18/10/2024;sexta-feira;07:09:00;MG;365;576;INDIANOPOLIS;Acessar a via sem observar a presença dos outros veículos;Colisão transversal;Com Vítimas Feridas;Pleno dia;Decrescente;Céu Claro;Dupla;Reta;Não;3;0;1;1;1;0;2;2;-18,88986602;-47,92146602;SPRF-MG;DEL15-MG;UOP02-DEL15-MG
635649;18/10/2024;sexta-feira;06:34:00;SC;101;206;SAO JOSE;Reação tardia ou ineficiente do condutor;Colisão traseira;Com Vítimas Feridas;Pleno dia;Decrescente;Nublado;Dupla;Reta;Sim;2;0;0;1;1;0;1;2;-27,59193546;-48,61824557;SPRF-SC;DEL01-SC;UOP01-DEL01-SC
635650;18/10/2024;sexta-feira;08:00:00;GO;414;394;CORUMBA DE GOIAS;Reação tardia ou ineficiente do condutor;Colisão lateral mesmo sentido;Com Vítimas Feridas;Pleno dia;Crescente;Céu Claro;Dupla;Reta;Sim;1;0;1;0;0;0;1;1;-15,92793309;-48,80538444;SPRF-GO;DEL02-GO;UOP01-DEL02-GO
635651;18/10/2024;sexta-feira;08:30:00;RN;101;99;NATAL;Condutor deixou de manter distância do veículo da frente;Colisão traseira;Com Vítimas Feridas;Pleno dia;Decrescente;Sol;Múltipla;Reta;Sim;2;0;1;0;1;0;1;2;-5,87359183;-35,22063023;SPRF-RN;DEL01-RN;UOP01-DEL01-RN
635654;18/10/2024;sexta-feira;08:00:00;PI;316;299;PICOS;Animais na Pista;Atropelamento de Animal;Com Vítimas Feridas;Pleno dia;Decrescente;Nublado;Simples;Reta;Sim;1;0;0;1;0;0;1;1;-7,03649583;-41,55366988;SPRF-PI;DEL04-PI;UOP01-DEL04-PI
635656;18/10/2024;sexta-feira;07:40:00;BA;367;50,4;PORTO SEGURO;Acessar a via sem observar a presença dos outros veículos;Colisão transversal;Com Vítimas Feridas;Pleno dia;Decrescente;Céu Claro;Simples;"Declive;Interseção de Vias;Curva";Não;3;0;2;0;1;0;2;2;-16,37561571;-39,2916317;SPRF-BA;DEL09-BA;UOP03-DEL09-BA
635658;18/10/2024;sexta-feira;07:30:00;RS;0;0;PORTO ALEGRE;Ausência de reação do condutor;Colisão com objeto;Sem Vítimas;Pleno dia;Não Informado;Céu Claro;Simples;Reta;Não;3;0;0;0;3;0;0;1;-30,02655348;-51,18530273;SPRF-RS;DEL01-RS;UOP01-DEL01-RS
635660;18/10/2024;sexta-feira;08:50:00;MG;381;331;NOVA ERA;Reação tardia ou ineficiente do condutor;Saída de leito carroçável;Com Vítimas Feridas;Pleno dia;Crescente;Céu Claro;Dupla;Reta;Não;3;0;1;0;2;0;1;1;-19,77155997;-43,0471909;SPRF-MG;DEL03-MG;UOP01-DEL03-MG
635662;18/10/2024;sexta-feira;08:40:00;PA;163;989;SANTAREM;Acessar a via sem observar a presença dos outros veículos;Colisão transversal;Com Vítimas Feridas;Pleno dia;Crescente;Céu Claro;Simples;Reta;Sim;2;0;0;1;1;0;1;2;-2,561505;-54,721375;SPRF-PA;DEL05-PA;UOP01-DEL05-PA
635663;18/10/2024;sexta-feira;08:40:00;BA;324;618;SALVADOR;Ausência de reação do condutor;Tombamento;Com Vítimas Feridas;Pleno dia;Crescente;Céu Claro;Dupla;Reta;Sim;2;0;2;0;0;0;2;1;-12,90352772;-38,45436227;SPRF-BA;DEL01-BA;UOP01-DEL01-BA
635664;07/10/2024;segunda-feira;14:00:00;BA;116;459;SANTO ESTEVAO;Acessar a via sem observar a presença dos outros veículos;Colisão lateral sentido oposto;Com Vítimas Feridas;Pleno dia;Decrescente;Céu Claro;Dupla;Reta;Sim;2;0;1;0;1;0;1;2;-12,42081589;-39,19884407;SPRF-BA;DEL02-BA;UOP01-DEL02-BA
635665;18/10/2024;sexta-feira;08:55:00;SP;116;158;JACAREI;Acumulo de óleo sobre o pavimento;Queda de ocupante de veículo;Com Vítimas Feridas;Pleno dia;Crescente;Céu Claro;Simples;"Declive;Curva;Em Obras;Retorno Regulamentado";Sim;2;0;2;0;0;0;2;1;-23,25908968;-45,94984531;SPRF-SP;DEL02-SP;UOP01-DEL02-SP
635666;18/10/2024;sexta-feira;09:00:00;SC;101;173;TIJUCAS;Frear bruscamente;Colisão traseira;Sem Vítimas;Pleno dia;Crescente;Céu Claro;Dupla;Reta;Sim;4;0;0;0;4;0;0;4;-27,32203197;-48,62757785;SPRF-SC;DEL04-SC;UOP03-DEL04-SC
635667;18/10/2024;sexta-feira;09:10:00;RS;116;270;PORTO ALEGRE;Trafegar com motocicleta (ou similar) entre as faixas;Queda de ocupante de veículo;Com Vítimas Feridas;Pleno dia;Crescente;Nublado;Múltipla;Reta;Não;3;0;1;0;0;2;1;2;-29,96839095;-51,17623895;SPRF-RS;DEL01-RS;UOP01-DEL01-RS
635669;18/10/2024;sexta-feira;07:50:00;PR;163;239,3;TOLEDO;Acumulo de água sobre o pavimento;Saída de leito carroçável;Com Vítimas Feridas;Pleno dia;Crescente;Chuva;Dupla;"Reta;Aclive";Não;2;0;1;0;1;0;1;1;-24,717822;-53,711597;SPRF-PR;DEL04-PR;UOP01-DEL04-PR
635670;10/10/2024;quinta-feira;15:00:00;SC;282;586,7;PINHALZINHO;Condutor deixou de manter distância do veículo da frente;Colisão traseira;Com Vítimas Feridas;Pleno dia;Decrescente;Nublado;Simples;Reta;Não;3;0;1;0;2;0;1;2;-26,832605;-53,03474;SPRF-SC;DEL07-SC;UOP02-DEL07-SC
635671;18/10/2024;sexta-feira;08:30:00;PR;153;109,1;IBAITI;Acesso irregular;Colisão transversal;Com Vítimas Feridas;Pleno dia;Crescente;Céu Claro;Simples;Interseção de Vias;Sim;2;0;0;1;1;0;1;2;-23,84682092;-50,19305065;SPRF-PR;DEL07-PR;UOP04-DEL07-PR
635673;18/10/2024;sexta-feira;08:30:00;PI;316;3,7;TERESINA;Demais falhas mecânicas ou elétricas;Tombamento;Com Vítimas Feridas;Pleno dia;Crescente;Nublado;Múltipla;Reta;Sim;2;0;2;0;0;0;2;1;-5,12826443;-42,79292384;SPRF-PI;DEL01-PI;UOP02-DEL01-PI
635675;18/10/2024;sexta-feira;09:30:00;SP;116;223;SAO PAULO;Ausência de reação do condutor;Colisão traseira;Com Vítimas Feridas;Pleno dia;Crescente;Sol;Múltipla;Reta;Sim;2;0;1;0;1;0;1;2;-23,47559815;-46,5246609;SPRF-SP;DEL01-SP;UOP01-DEL01-SP
635676;18/10/2024;sexta-feira;10:05:00;PR;376;175;MARINGA;Acessar a via sem observar a presença dos outros veículos;Colisão transversal;Com Vítimas Feridas;Pleno dia;Decrescente;Nublado;Dupla;"Declive;Reta";Não;2;0;1;0;1;0;1;2;-23,4113569;-51,9407767;SPRF-PR;DEL09-PR;UOP01-DEL09-PR
635677;18/10/2024;sexta-feira;10:40:00;PR;277;62;SAO JOSE DOS PINHAIS;Mal súbito do condutor;Saída de leito carroçável;Com Vítimas Feridas;Pleno dia;Decrescente;Céu Claro;Dupla;Reta;Não;1;0;1;0;0;0;1;1;-25,56498129;-49,00825813;SPRF-PR;DEL01-PR;UOP01-DEL01-PR
635678;18/10/2024;sexta-feira;09:00:00;PR;277;398;CANDOI;Acessar a via sem observar a presença dos outros veículos;Colisão transversal;Com Vítimas Feridas;Pleno dia;Decrescente;Nublado;Simples;"Reta;Interseção de Vias;Retorno Regulamentado";Não;6;0;0;1;5;0;1;2;-25,45885913;-51,95234478;SPRF-PR;DEL08-PR;UOP01-DEL08-PR
635681;18/10/2024;sexta-feira;09:00:00;PR;163;219;CASCAVEL;Velocidade Incompatível;Saída de leito carroçável;Com Vítimas Feridas;Pleno dia;Crescente;Chuva;Dupla;Curva;Não;1;0;1;0;0;0;1;1;-24,897235;-53,533793;SPRF-PR;DEL04-PR;UOP01-DEL04-PR
635682;12/10/2024;sábado;05:40:00;PR;277;118,7;CAMPO LARGO;Reação tardia ou ineficiente do condutor;Saída de leito carroçável;Com Vítimas Feridas;Amanhecer;Decrescente;Nublado;Dupla;Reta;Não;1;0;1;0;0;0;1;1;-25,44335212;-49,5633173;SPRF-PR;DEL03-PR;UOP03-DEL03-PR
635683;18/10/2024;sexta-feira;11:15:00;MG;381;510;SAO JOAQUIM DE BICAS;Ausência de reação do condutor;Colisão lateral mesmo sentido;Com Vítimas Feridas;Pleno dia;Crescente;Sol;Dupla;Reta;Sim;2;0;1;0;1;0;1;2;-20,0517689;-44,28115726;SPRF-MG;DEL01-MG;UOP03-DEL01-MG
635685;18/10/2024;sexta-feira;10:30:00;RJ;116;182;NOVA IGUACU;Manobra de mudança de faixa;Colisão lateral mesmo sentido;Com Vítimas Feridas;Pleno dia;Crescente;Céu Claro;Múltipla;Reta;Sim;1;0;1;0;0;0;1;1;-22,7567755;-43,43107234;SPRF-RJ;DEL06-RJ;UOP01-DEL06-RJ
635686;18/10/2024;sexta-feira;11:40:00;ES;101;149,8;LINHARES;Ausência de reação do condutor;Queda de ocupante de veículo;Com Vítimas Feridas;Pleno dia;Crescente;Céu Claro;Dupla;Curva;Não;1;0;0;1;0;0;1;1;-19,39619083;-40,06435871;SPRF-ES;DEL04-ES;UOP01-DEL04-ES
635687;18/10/2024;sexta-feira;09:15:00;MA;10;251;IMPERATRIZ;Acessar a via sem observar a presença dos outros veículos;Colisão transversal;Com Vítimas Feridas;Pleno dia;Crescente;Nublado;Simples;"Reta;Retorno Regulamentado";Sim;2;0;0;1;1;0;1;2;-5,543249;-47,464447;SPRF-MA;DEL04-MA;UOP01-DEL04-MA
635688;18/10/2024;sexta-feira;10:00:00;BA;367;23,5;PORTO SEGURO;Condutor deixou de manter distância do veículo da frente;Colisão traseira;Com Vítimas Feridas;Pleno dia;Decrescente;Nublado;Simples;"Interseção de Vias;Reta";Sim;3;0;0;1;2;0;1;2;-16,43664086;-39,07776833;SPRF-BA;DEL09-BA;UOP03-DEL09-BA
635690;17/10/2024;quinta-feira;13:00:00;MT;163;945;ITAUBA;Demais falhas mecânicas ou elétricas;Incêndio;Sem Vítimas;Pleno dia;Crescente;Céu Claro;Simples;Reta;Não;1;0;0;0;1;0;0;1;-10,92767;-55,2053718;SPRF-MT;DEL06-MT;UOP02-DEL06-MT
635691;18/10/2024;sexta-feira;09:10:00;PI;343;328;TERESINA;Demais falhas mecânicas ou elétricas;Incêndio;Sem Vítimas;Pleno dia;Decrescente;Nublado;Simples;Reta;Não;15;0;0;0;15;0;0;1;-5,069324;-42,634327;SPRF-PI;DEL01-PI;UOP01-DEL01-PI
635692;18/10/2024;sexta-feira;09:40:00;PB;230;334;PATOS;Acessar a via sem observar a presença dos outros veículos;Colisão transversal;Com Vítimas Feridas;Pleno dia;Crescente;Céu Claro;Simples;Interseção de Vias;Sim;2;0;2;0;0;0;2;2;-7,018;-37,2589;SPRF-PB;DEL03-PB;UOP01-DEL03-PB
635694;18/10/2024;sexta-feira;11:40:00;PR;476;117;COLOMBO;Modificação proibida;Colisão transversal;Com Vítimas Feridas;Pleno dia;Decrescente;Céu Claro;Dupla;Reta;Sim;4;0;1;0;3;0;1;2;-25,348623;-49,175663;SPRF-PR;DEL01-PR;UOP01-DEL01-PR
635695;18/10/2024;sexta-feira;12:10:00;PR;277;7,1;PARANAGUA;Desrespeitar a preferência no cruzamento;Colisão transversal;Com Vítimas Feridas;Pleno dia;Crescente;Sol;Simples;"Interseção de Vias;Reta";Sim;2;0;1;0;1;0;1;2;-25,5128191;-48,5208528;SPRF-PR;DEL01-PR;UOP05-DEL01-PR
635696;18/10/2024;sexta-feira;09:30:00;SC;101;1,5;ARARANGUA;Ausência de reação do condutor;Tombamento;Com Vítimas Feridas;Pleno dia;Crescente;Céu Claro;Simples;Reta;Sim;1;0;1;0;0;0;1;1;-28,93522821;-49,49531794;SPRF-SC;DEL02-SC;UOP02-DEL02-SC
635697;18/10/2024;sexta-feira;11:00:00;RS;392;101;MORRO REDONDO;Reação tardia ou ineficiente do condutor;Saída de leito carroçável;Com Vítimas Feridas;Pleno dia;Crescente;Nublado;Simples;"Curva;Aclive";Não;1;0;1;0;0;0;1;1;-31,53006815;-52,58461814;SPRF-RS;DEL07-RS;UOP01-DEL07-RS
635699;13/08/2024;terça-feira;16:22:00;AP;210;3;MACAPA;Transitar na calçada;Colisão lateral sentido oposto;Sem Vítimas;Pleno dia;Crescente;Céu Claro;Simples;Reta;Sim;3;0;0;0;3;0;0;2;0,08723365;-51,08569007;SPRF-AP;DEL01-AP;UOP01-DEL01-AP
635700;18/10/2024;sexta-feira;12:00:00;GO;414;372;COCALZINHO DE GOIAS;Mal súbito do condutor;Saída de leito carroçável;Sem Vítimas;Pleno dia;Crescente;Céu Claro;Simples;"Reta;Aclive";Não;2;0;0;0;2;0;0;1;-15,75276478;-48,74566555;SPRF-GO;DEL02-GO;UOP01-DEL02-GO
635701;18/10/2024;sexta-feira;12:00:00;BA;101;713,3;EUNAPOLIS;Condutor deixou de manter distância do veículo da frente;Colisão traseira;Com Vítimas Feridas;Pleno dia;Decrescente;Céu Claro;Simples;Reta;Sim;2;0;0;1;1;0;1;2;-16,50123361;-39,57709602;SPRF-BA;DEL09-BA;UOP01-DEL09-BA
635702;18/10/2024;sexta-feira;12:50:00;ES;101;282,1;CARIACICA;Avarias e/ou desgaste excessivo no pneu;Queda de ocupante de veículo;Com Vítimas Feridas;Pleno dia;Decrescente;Céu Claro;Dupla;Reta;Não;1;0;1;0;0;0;1;1;-20,22694;-40,36458;SPRF-ES;DEL01-ES;UOP01-DEL01-ES
635703;18/10/2024;sexta-feira;13:00:00;RS;116;263;CANOAS;Ausência de reação do condutor;Colisão com objeto;Com Vítimas Feridas;Pleno dia;Crescente;Céu Claro;Dupla;Reta;Sim;1;0;1;0;0;0;1;1;-29,90545398;-51,17674031;SPRF-RS;DEL01-RS;UOP01-DEL01-RS
635705;18/10/2024;sexta-feira;12:30:00;PE;101;7;GOIANA;Condutor deixou de manter distância do veículo da frente;Colisão traseira;Com Vítimas Feridas;Pleno dia;Crescente;Céu Claro;Dupla;"Reta;Em Obras";Sim;2;0;1;0;1;0;1;2;-7,55997111;-34,99072674;SPRF-PE;DEL01-PE;UOP02-DEL01-PE
635706;18/10/2024;sexta-feira;08:40:00;RS;285;160,5;MUITOS CAPOES;Velocidade Incompatível;Saída de leito carroçável;Com Vítimas Feridas;Pleno dia;Decrescente;Nublado;Simples;Curva;Não;2;0;0;2;0;0;2;1;-28,32270979;-51,23126777;SPRF-RS;DEL05-RS;UOP03-DEL05-RS
635707;18/10/2024;sexta-feira;12:20:00;PI;343;327;TERESINA;Demais falhas mecânicas ou elétricas;Incêndio;Sem Vítimas;Plena Noite;Decrescente;Nublado;Simples;Reta;Não;1;0;0;0;1;0;0;1;-5,071425;-42,625938;SPRF-PI;DEL01-PI;UOP01-DEL01-PI
635708;18/10/2024;sexta-feira;13:15:00;PB;230;27,2;JOAO PESSOA;Acessar a via sem observar a presença dos outros veículos;Colisão lateral mesmo sentido;Com Vítimas Feridas;Pleno dia;Crescente;Céu Claro;Dupla;Reta;Sim;2;0;0;1;0;1;1;2;-7,1677;-34,8855;SPRF-PB;DEL01-PB;UOP01-DEL01-PB
635711;18/10/2024;sexta-feira;11:06:00;MG;381;423;CAETE;Carga excessiva e/ou mal acondicionada;Colisão com objeto;Com Vítimas Feridas;Pleno dia;Crescente;Nublado;Dupla;Reta;Não;1;0;0;1;0;0;1;1;-19,78973406;-43,67222724;SPRF-MG;DEL01-MG;UOP01-DEL01-MG
635715;18/10/2024;sexta-feira;14:20:00;MG;50;123;UBERABA;Reação tardia ou ineficiente do condutor;Saída de leito carroçável;Com Vítimas Feridas;Pleno dia;Decrescente;Nublado;Dupla;Reta;Não;2;0;1;0;1;0;1;1;-19,33326318;-48,09913641;SPRF-MG;DEL13-MG;UOP01-DEL13-MG
635716;18/10/2024;sexta-feira;14:50:00;MG;381;485,8;BETIM;Ausência de reação do condutor;Colisão traseira;Com Vítimas Feridas;Pleno dia;Crescente;Nublado;Múltipla;"Reta;Aclive";Sim;2;0;1;0;1;0;1;2;-19,95604;-44,10319;SPRF-MG;DEL01-MG;UOP03-DEL01-MG