id;data_inversa;dia_semana;horario;uf;br;km;municipio;causa_acidente;tipo_acidente;classificacao_acidente;fase_dia;sentido_via;condicao_metereologica;tipo_pista;tracado_via;uso_solo;pessoas;mortos;feridos_leves;feridos_graves;ilesos;ignorados;feridos;veiculos;latitude;longitude;regional;delegacia;uop
635717;18/10/2024;sexta-feira;14:35:00;SC;101;214;PALHOCA;Reação tardia ou ineficiente do condutor;Colisão transversal;Com Vítimas Feridas;Pleno dia;Decrescente;Céu Claro;Dupla;"Interseção de Vias;Reta";Sim;2;0;1;0;1;0;1;2;-27,65184843;-48,67604941;SPRF-SC;DEL01-SC;UOP02-DEL01-SC
635718;18/10/2024;sexta-feira;14:08:00;RJ;101;313;SAO GONCALO;Avarias e/ou desgaste excessivo no pneu;Queda de ocupante de veículo;Com Vítimas Feridas;Pleno dia;Decrescente;Nublado;Dupla;Reta;Sim;1;0;1;0;0;0;1;1;-22,81049093;-43,06983304;SPRF-RJ;DEL02-RJ;UOP02-DEL02-RJ
635719;18/10/2024;sexta-feira;11:51:00;PA;163;608,5;TRAIRAO;Reação tardia ou ineficiente do condutor;Saída de leito carroçável;Com Vítimas Feridas;Pleno dia;Crescente;Céu Claro;Simples;Reta;Não;1;0;0;1;0;0;1;1;-4,78380574;-56,11178536;SPRF-PA;DEL05-PA;UOP03-DEL05-PA
635720;18/10/2024;sexta-feira;14:05:00;BA;235;348,2;JUAZEIRO;Transitar no Acostamento;Colisão frontal;Com Vítimas Feridas;Pleno dia;Crescente;Nublado;Simples;Reta;Sim;3;0;1;0;2;0;1;2;-9,43928275;-40,49634576;SPRF-PE;DEL06-PE;UOP01-DEL06-PE
635721;18/10/2024;sexta-feira;14:20:00;MT;364;286;JACIARA;Chuva;Capotamento;Com Vítimas Feridas;Pleno dia;Crescente;Chuva;Dupla;Reta;Não;2;0;0;2;0;0;2;1;-15,90151807;-55,056197;SPRF-MT;DEL05-MT;UOP02-DEL05-MT
635722;18/10/2024;sexta-feira;14:00:00;PE;101;56;RECIFE;Reação tardia ou ineficiente do condutor;Colisão traseira;Com Vítimas Feridas;Pleno dia;Decrescente;Céu Claro;Dupla;Reta;Não;2;0;0;1;1;0;1;2;-7,97063209;-34,92064675;SPRF-PE;DEL01-PE;UOP02-DEL01-PE
635724;18/10/2024;sexta-feira;13:20:00;MG;262;431,4;SAO GONCALO DO PARA;Ausência de reação do condutor;Saída de leito carroçável;Com Vítimas Feridas;Pleno dia;Decrescente;Sol;Dupla;Curva;Não;1;0;1;0;0;0;1;1;-19,89164437;-44,81493401;SPRF-MG;DEL08-MG;UOP03-DEL08-MG
635727;18/10/2024;sexta-feira;15:27:00;RS;392;352;SANTA MARIA;Acessar a via sem observar a presença dos outros veículos;Colisão transversal;Com Vítimas Feridas;Pleno dia;Crescente;Céu Claro;Dupla;"Interseção de Vias;Em Obras;Reta";Sim;3;0;2;0;1;0;2;2;-29,71780598;-53,80859083;SPRF-RS;DEL09-RS;UOP01-DEL09-RS
635728;16/10/2024;quarta-feira;20:10:00;PE;232;409;SERRA TALHADA;Reação tardia ou ineficiente do condutor;Tombamento;Com Vítimas Feridas;Plena Noite;Crescente;Céu Claro;Simples;"Reta;Retorno Regulamentado;Ponte";Sim;1;0;0;1;0;0;1;1;-7,981944;-38,289467;SPRF-PE;DEL04-PE;UOP01-DEL04-PE
635729;18/10/2024;sexta-feira;16:10:00;PA;316;115,1;SANTA MARIA DO PARA;Transitar na contramão;Colisão frontal;Com Vítimas Fatais;Pleno dia;Crescente;Céu Claro;Simples;"Reta;Declive";Não;2;1;0;1;0;0;1;2;-1,313922;-47,476178;SPRF-PA;DEL01-PA;UOP02-DEL01-PA
635730;18/10/2024;sexta-feira;15:30:00;MG;381;480;CONTAGEM;Manobra de mudança de faixa;Colisão lateral mesmo sentido;Com Vítimas Feridas;Pleno dia;Decrescente;Céu Claro;Múltipla;Reta;Sim;2;0;1;0;1;0;1;2;-19,95749597;-44,07899901;SPRF-MG;DEL01-MG;UOP03-DEL01-MG
635733;18/10/2024;sexta-feira;15:30:00;MG;381;614,2;OLIVEIRA;Condutor Dormindo;Saída de leito carroçável;Com Vítimas Feridas;Pleno dia;Decrescente;Céu Claro;Dupla;Reta;Não;3;0;2;0;1;0;2;1;-20,73605011;-44,77319313;SPRF-MG;DEL04-MG;UOP01-DEL04-MG
635737;18/10/2024;sexta-feira;14:21:00;BA;367;56,4;PORTO SEGURO;Manobra de mudança de faixa;Colisão lateral mesmo sentido;Com Vítimas Feridas;Pleno dia;Decrescente;Nublado;Simples;Reta;Não;4;0;2;0;2;0;2;2;-16,387858;-39,343159;SPRF-BA;DEL09-BA;UOP03-DEL09-BA
635738;18/10/2024;sexta-feira;17:00:00;SE;235;48;ITABAIANA;Acessar a via sem observar a presença dos outros veículos;Colisão transversal;Com Vítimas Feridas;Pleno dia;Decrescente;Céu Claro;Simples;Reta;Não;2;0;0;1;1;0;1;2;-10,724387;-37,41708;SPRF-SE;DEL01-SE;UOP02-DEL01-SE
635740;18/10/2024;sexta-feira;17:15:00;SC;101;205;SAO JOSE;Reação tardia ou ineficiente do condutor;Colisão lateral mesmo sentido;Com Vítimas Feridas;Anoitecer;Crescente;Nublado;Múltipla;"Interseção de Vias;Curva";Sim;3;0;2;0;1;0;2;2;-27,58313237;-48,61532885;SPRF-SC;DEL01-SC;UOP01-DEL01-SC
635743;18/10/2024;sexta-feira;15:20:00;ES;101;269,6;SERRA;Condutor deixou de manter distância do veículo da frente;Colisão traseira;Com Vítimas Feridas;Pleno dia;Crescente;Céu Claro;Múltipla;Reta;Sim;2;0;1;0;1;0;1;2;-20,21740496;-40,26990578;SPRF-ES;DEL02-ES;UOP01-DEL02-ES
635744;18/10/2024;sexta-feira;17:15:00;PR;277;78;SAO JOSE DOS PINHAIS;Ingestão de álcool pelo condutor;Colisão lateral mesmo sentido;Com Vítimas Feridas;Pleno dia;Decrescente;Nublado;Dupla;Reta;Não;3;0;0;1;2;0;1;2;-25,51327981;-49,12433291;SPRF-PR;DEL01-PR;UOP07-DEL01-PR
635745;18/10/2024;sexta-feira;17:16:00;SP;116;227;SAO PAULO;Velocidade Incompatível;Colisão traseira;Com Vítimas Feridas;Pleno dia;Decrescente;Nublado;Múltipla;"Declive;Reta;Em Obras";Sim;2;0;1;0;1;0;1;2;-23,49659264;-46,55648754;SPRF-SP;DEL01-SP;UOP01-DEL01-SP
635747;18/10/2024;sexta-feira;17:15:00;SC;101;146;ITAPEMA;Condutor deixou de manter distância do veículo da frente;Colisão traseira;Com Vítimas Feridas;Anoitecer;Decrescente;Céu Claro;Dupla;Reta;Sim;2;0;1;0;1;0;1;2;-27,08666525;-48,60955587;SPRF-SC;DEL04-SC;UOP03-DEL04-SC
635748;18/10/2024;sexta-feira;16:45:00;RS;290;66;GRAVATAI;Reação tardia ou ineficiente do condutor;Saída de leito carroçável;Com Vítimas Feridas;Pleno dia;Decrescente;Céu Claro;Dupla;Reta;Não;3;0;2;0;1;0;2;1;-29,942627;-50,915585;SPRF-RS;DEL03-RS;UOP01-DEL03-RS
635750;18/10/2024;sexta-feira;17:30:00;RS;285;338,5;CARAZINHO;Desrespeitar a preferência no cruzamento;Colisão transversal;Com Vítimas Feridas;Pleno dia;Crescente;Nublado;Simples;"Aclive;Interseção de Vias;Reta";Não;2;0;1;0;1;0;1;2;-28,315704;-52,779015;SPRF-RS;DEL08-RS;UOP03-DEL08-RS
635751;10/10/2024;quinta-feira;16:09:00;MG;116;776;LEOPOLDINA;Velocidade Incompatível;Saída de leito carroçável;Com Vítimas Feridas;Pleno dia;Crescente;Chuva;Simples;Curva;Não;1;0;1;0;0;0;1;1;-21,57932128;-42,68264985;SPRF-MG;DEL07-MG;UOP01-DEL07-MG
635752;18/10/2024;sexta-feira;18:00:00;RJ;116;169;RIO DE JANEIRO;Ausência de reação do condutor;Tombamento;Com Vítimas Feridas;Plena Noite;Crescente;Chuva;Múltipla;Reta;Não;1;0;1;0;0;0;1;1;-22,816206;-43,324463;SPRF-RJ;DEL06-RJ;UOP01-DEL06-RJ
635754;18/10/2024;sexta-feira;16:45:00;SC;116;57,8;PAPANDUVA;Ingestão de álcool pelo condutor;Colisão frontal;Com Vítimas Feridas;Pleno dia;Decrescente;Sol;Simples;"Interseção de Vias;Curva";Não;6;0;1;5;0;0;6;2;-26,38204782;-50,18999277;SPRF-SC;DEL06-SC;UOP02-DEL06-SC
635755;18/10/2024;sexta-feira;18:40:00;BA;101;878;TEIXEIRA DE FREITAS;Transitar no Acostamento;Atropelamento de Pedestre;Com Vítimas Feridas;Plena Noite;Crescente;Céu Claro;Simples;Reta;Não;3;0;1;2;0;0;3;2;-17,55402724;-39,72312927;SPRF-BA;DEL09-BA;UOP02-DEL09-BA
635756;18/10/2024;sexta-feira;16:25:00;RJ;40;110;DUQUE DE CAXIAS;Manobra de mudança de faixa;Colisão lateral mesmo sentido;Com Vítimas Feridas;Pleno dia;Decrescente;Céu Claro;Dupla;Reta;Não;3;0;1;0;2;0;1;2;-22,68289906;-43,28549346;SPRF-RJ;DEL01-RJ;UOP02-DEL01-RJ
635757;18/10/2024;sexta-feira;18:33:00;ES;101;260,1;SERRA;Reação tardia ou ineficiente do condutor;Colisão lateral mesmo sentido;Com Vítimas Feridas;Plena Noite;Decrescente;Céu Claro;Simples;Reta;Não;2;0;1;0;1;0;1;2;-20,14616415;-40,28836206;SPRF-ES;DEL02-ES;UOP01-DEL02-ES
635758;18/10/2024;sexta-feira;18:40:00;RN;101;102;PARNAMIRIM;Trafegar com motocicleta (ou similar) entre as faixas;Colisão lateral mesmo sentido;Com Vítimas Feridas;Plena Noite;Crescente;Céu Claro;Dupla;Reta;Sim;3;0;1;0;2;0;1;3;-5,88858217;-35,24018997;SPRF-RN;DEL01-RN;UOP01-DEL01-RN
635760;18/10/2024;sexta-feira;16:00:00;SC;282;114;ALFREDO WAGNER;Velocidade Incompatível;Saída de leito carroçável;Com Vítimas Feridas;Pleno dia;Crescente;Nublado;Simples;Curva;Não;1;0;0;1;0;0;1;1;-27,748552;-49,388176;SPRF-SC;DEL01-SC;UOP03-DEL01-SC
635761;18/10/2024;sexta-feira;18:20:00;PR;376;222;CAMBIRA;Acessar a via sem observar a presença dos outros veículos;Atropelamento de Pedestre;Com Vítimas Feridas;Plena Noite;Decrescente;Nublado;Dupla;Reta;Não;2;0;0;1;0;1;1;2;-23,59676737;-51,58132214;SPRF-PR;DEL09-PR;UOP01-DEL09-PR
635764;18/10/2024;sexta-feira;18:51:00;SP;116;115,4;TAUBATE;Frear bruscamente;Queda de ocupante de veículo;Com Vítimas Feridas;Pleno dia;Decrescente;Céu Claro;Dupla;Reta;Não;1;0;1;0;0;0;1;1;-23,0496047;-45,59973712;SPRF-SP;DEL02-SP;UOP02-DEL02-SP
635765;18/10/2024;sexta-feira;18:40:00;RJ;40;103;DUQUE DE CAXIAS;Manobra de mudança de faixa;Colisão lateral mesmo sentido;Com Vítimas Feridas;Plena Noite;Crescente;Garoa/Chuvisco;Dupla;Reta;Sim;2;0;2;0;0;0;2;2;-22,62009;-43,286922;SPRF-RJ;DEL01-RJ;UOP02-DEL01-RJ
635766;18/10/2024;sexta-feira;17:00:00;AM;319;70;CAREIRO;Condutor deixou de manter distância do veículo da frente;Colisão traseira;Sem Vítimas;Anoitecer;Decrescente;Céu Claro;Simples;Reta;Não;2;0;0;0;2;0;0;2;-3,51873998;-60,14058503;SPRF-AM;DEL01-AM;UOP04-DEL01-AM
635767;18/10/2024;sexta-feira;19:20:00;RS;392;290;SAO SEPE;Reação tardia ou ineficiente do condutor;Colisão traseira;Com Vítimas Feridas;Plena Noite;Decrescente;Céu Claro;Simples;Reta;Não;2;0;1;0;1;0;1;2;-30,22202398;-53,56031392;SPRF-RS;DEL09-RS;UOP02-DEL09-RS
635768;18/10/2024;sexta-feira;19:50:00;SC;470;55;BLUMENAU;Acesso irregular;Colisão transversal;Com Vítimas Feridas;Plena Noite;Crescente;Céu Claro;Simples;Reta;Sim;2;0;1;0;1;0;1;2;-26,875601;-49,117992;SPRF-SC;DEL04-SC;UOP01-DEL04-SC
635769;18/10/2024;sexta-feira;20:30:00;RS;386;346,9;LAJEADO;Velocidade Incompatível;Saída de leito carroçável;Com Vítimas Feridas;Plena Noite;Decrescente;Nublado;Dupla;Curva;Não;2;0;2;0;0;0;2;1;-29,45125754;-51,96640491;SPRF-RS;DEL04-RS;UOP01-DEL04-RS
635771;18/10/2024;sexta-feira;18:40:00;PI;407;422;PICOS;Ausência de reação do condutor;Colisão traseira;Com Vítimas Feridas;Plena Noite;Decrescente;Nublado;Simples;Reta;Não;3;0;2;0;1;0;2;2;-7,07751993;-41,44205198;SPRF-PI;DEL04-PI;UOP01-DEL04-PI
635773;18/10/2024;sexta-feira;21:00:00;PA;10;339;SANTA MARIA DO PARA;Acessar a via sem observar a presença dos outros veículos;Colisão transversal;Com Vítimas Feridas;Plena Noite;Crescente;Céu Claro;Simples;Reta;Não;3;0;2;0;1;0;2;2;-1,474239;-47,531273;SPRF-PA;DEL01-PA;UOP02-DEL01-PA
635775;18/10/2024;sexta-feira;22:15:00;RS;290;84;CACHOEIRINHA;Manobra de mudança de faixa;Colisão lateral mesmo sentido;Com Vítimas Feridas;Plena Noite;Crescente;Céu Claro;Dupla;Reta;Não;5;0;2;0;3;0;2;2;-29,96376;-51,097771;SPRF-RS;DEL01-RS;UOP01-DEL01-RS
635776;18/10/2024;sexta-feira;19:30:00;MG;381;537,2;ITATIAIUCU;Velocidade Incompatível;Colisão com objeto;Com Vítimas Feridas;Plena Noite;Decrescente;Garoa/Chuvisco;Dupla;Curva;Sim;6;0;2;0;4;0;2;1;-20,23206636;-44,39955388;SPRF-MG;DEL04-MG;UOP03-DEL04-MG
635778;18/10/2024;sexta-feira;20:30:00;BA;324;518;FEIRA DE SANTANA;Conversão proibida;Colisão transversal;Com Vítimas Feridas;Plena Noite;Crescente;Céu Claro;Simples;Reta;Sim;5;0;0;1;2;2;1;4;-12,258195;-38,932182;SPRF-BA;DEL02-BA;UOP01-DEL02-BA
635781;18/10/2024;sexta-feira;22:40:00;SC;470;96;APIUNA;Acessar a via sem observar a presença dos outros veículos;Colisão transversal;Com Vítimas Feridas;Plena Noite;Crescente;Céu Claro;Simples;Reta;Não;4;0;1;2;1;0;3;2;-27,02644487;-49,37770844;SPRF-SC;DEL04-SC;UOP01-DEL04-SC
635782;18/10/2024;sexta-feira;22:30:00;ES;101;27,7;CONCEICAO DA BARRA;Reação tardia ou ineficiente do condutor;Colisão traseira;Com Vítimas Fatais;Plena Noite;Decrescente;Céu Claro;Simples;Reta;Não;2;1;0;0;0;1;0;2;-18,38365905;-39,94481814;SPRF-ES;DEL04-ES;UOP02-DEL04-ES
635783;18/10/2024;sexta-feira;19:10:00;MS;267;454,5;GUIA LOPES DA LAGUNA;Transitar na contramão;Colisão lateral sentido oposto;Com Vítimas Feridas;Plena Noite;Decrescente;Céu Claro;Simples;Reta;Não;7;0;1;1;5;0;2;2;-21,45368263;-55,91356982;SPRF-MS;DEL05-MS;UOP01-DEL05-MS
635785;18/10/2024;sexta-feira;20:44:00;DF;70;6;BRASILIA;Velocidade Incompatível;Colisão traseira;Com Vítimas Feridas;Plena Noite;Decrescente;Céu Claro;Dupla;"Declive;Reta";Sim;3;0;1;0;2;0;1;3;-15,791242;-48,105759;SPRF-DF;DEL03-DF;UOP02-DEL03-DF
635789;18/10/2024;sexta-feira;21:45:00;RN;101;35;MAXARANGUAPE;Pedestre andava na pista;Atropelamento de Pedestre;Com Vítimas Feridas;Plena Noite;Decrescente;Céu Claro;Simples;Reta;Não;2;0;0;1;1;0;1;2;-5,408551;-35,35684;SPRF-RN;DEL02-RN;UOP01-DEL02-RN
635790;18/10/2024;sexta-feira;22:00:00;BA;235;366;CASA NOVA;Condutor deixou de manter distância do veículo da frente;Colisão traseira;Com Vítimas Fatais;Plena Noite;Decrescente;Céu Claro;Simples;Reta;Não;4;1;3;0;0;0;3;2;-9,26512171;-40,84831238;SPRF-BA;DEL04-BA;UOP01-DEL04-BA
635796;18/10/2024;sexta-feira;19:50:00;MT;174;440;COMODORO;Ingestão de álcool pelo condutor;Colisão lateral sentido oposto;Sem Vítimas;Plena Noite;Decrescente;Nublado;Simples;Reta;Não;2;0;0;0;2;0;0;2;-14,06041309;-59,74384042;SPRF-MT;DEL04-MT;UOP02-DEL04-MT
635799;18/10/2024;sexta-feira;22:15:00;RN;405;79;APODI;Acessar a via sem observar a presença dos outros veículos;Colisão transversal;Com Vítimas Feridas;Plena Noite;Crescente;Céu Claro;Simples;Reta;Sim;4;0;2;1;1;0;3;2;-5,67531095;-37,78801987;SPRF-RN;DEL04-RN;UOP02-DEL04-RN
635800;18/10/2024;sexta-feira;22:25:00;AC;364;125;RIO BRANCO;Desrespeitar a preferência no cruzamento;Colisão transversal;Com Vítimas Feridas;Plena Noite;Decrescente;Nublado;Dupla;Rotatória;Sim;2;0;1;0;1;0;1;2;-10,01215069;-67,7984333;SPRF-AC;DEL01-AC;UOP01-DEL01-AC
635802;18/10/2024;sexta-feira;19:45:00;PE;428;186;PETROLINA;Manobra de mudança de faixa;Colisão lateral mesmo sentido;Com Vítimas Feridas;Plena Noite;Crescente;Céu Claro;Dupla;Reta;Sim;3;0;2;0;1;0;2;3;-9,35604301;-40,47854198;SPRF-PE;DEL06-PE;UOP01-DEL06-PE
635803;19/10/2024;sábado;00:30:00;PR;153;46,6;SANTO ANTONIO DA PLATINA;Ingestão de álcool pelo condutor;Saída de leito carroçável;Com Vítimas Feridas;Plena Noite;Crescente;Nublado;Simples;"Aclive;Reta";Não;2;0;1;0;1;0;1;1;-23,32838307;-50,06643649;SPRF-PR;DEL07-PR;UOP04-DEL07-PR
635806;19/10/2024;sábado;01:54:00;RN;304;37;MOSSORO;Ausência de reação do condutor;Colisão traseira;Com Vítimas Feridas;Plena Noite;Decrescente;Céu Claro;Dupla;Reta;Sim;3;0;2;0;0;1;2;2;-5,17455933;-37,36227171;SPRF-RN;DEL04-RN;UOP02-DEL04-RN
635807;18/10/2024;sexta-feira;22:30:00;RO;429;109;ALVORADA DOESTE;Ausência de reação do condutor;Colisão traseira;Com Vítimas Feridas;Plena Noite;Decrescente;Céu Claro;Simples;Reta;Não;3;0;1;0;1;1;1;3;-11,46131007;-62,39050992;SPRF-RO;DEL02-RO;UOP03-DEL02-RO
635808;19/10/2024;sábado;01:50:00;SC;101;434;SOMBRIO;Ingestão de álcool pelo condutor;Colisão traseira;Com Vítimas Feridas;Plena Noite;Crescente;Ignorado;Dupla;Reta;Sim;2;0;0;1;1;0;1;2;-29,09075196;-49,63226114;SPRF-SC;DEL02-SC;UOP02-DEL02-SC
635810;18/10/2024;sexta-feira;20:42:00;RS;116;247,8;SAO LEOPOLDO;Demais falhas mecânicas ou elétricas;Saída de leito carroçável;Com Vítimas Feridas;Plena Noite;Crescente;Nublado;Dupla;Curva;Sim;3;0;1;0;1;1;1;2;-29,7700384;-51,15367684;SPRF-RS;DEL01-RS;UOP02-DEL01-RS
635811;19/10/2024;sábado;02:30:00;SC;282;516,3;XAXIM;Ingestão de álcool pelo condutor;Capotamento;Com Vítimas Feridas;Plena Noite;Decrescente;Chuva;Simples;"Curva;Declive";Não;1;0;1;0;0;0;1;1;-26,930862;-52,499157;SPRF-SC;DEL07-SC;UOP01-DEL07-SC
635812;19/10/2024;sábado;03:00:00;PR;376;176,1;MARINGA;Ingestão de álcool pelo condutor;Colisão traseira;Sem Vítimas;Plena Noite;Decrescente;Céu Claro;Dupla;"Reta;Interseção de Vias";Sim;2;0;0;0;1;1;0;2;-23,41091734;-51,93941116;SPRF-PR;DEL09-PR;UOP01-DEL09-PR
635814;19/10/2024;sábado;03:20:00;SP;116;417;JUQUIA;Condutor Dormindo;Saída de leito carroçável;Com Vítimas Feridas;Plena Noite;Crescente;Nublado;Dupla;Reta;Não;1;0;1;0;0;0;1;1;-24,348866;-47,651479;SPRF-SP;DEL05-SP;UOP01-DEL05-SP
635817;18/10/2024;sexta-feira;22:00:00;PI;316;354,8;CAMPO GRANDE DO PIAUI;Reação tardia ou ineficiente do condutor;Saída de leito carroçável;Sem Vítimas;Plena Noite;Crescente;Céu Claro;Simples;"Reta;Declive";Não;1;0;0;0;1;0;0;1;-7,12745957;-41,08319306;SPRF-PI;DEL04-PI;UOP03-DEL04-PI
635818;19/10/2024;sábado;02:40:00;SC;470;35,5;GASPAR;Pedestre - Ingestão de álcool/ substâncias psicoativas;Atropelamento de Pedestre;Com Vítimas Fatais;Plena Noite;Decrescente;Nublado;Simples;Reta;Sim;3;1;2;0;0;0;2;2;-26,91371;-48,96477;SPRF-SC;DEL04-SC;UOP01-DEL04-SC
635819;19/10/2024;sábado;02:45:00;MG;50;42,5;ARAGUARI;Ingestão de álcool pelo condutor;Colisão com objeto;Com Vítimas Feridas;Plena Noite;Crescente;Nublado;Dupla;Curva;Não;1;0;1;0;0;0;1;1;-18,69101412;-48,18009275;SPRF-MG;DEL15-MG;UOP02-DEL15-MG
635820;19/10/2024;sábado;03:18:00;SP;153;96;JACI;Acessar a via sem observar a presença dos outros veículos;Colisão traseira;Com Vítimas Feridas;Plena Noite;Crescente;Nublado;Simples;"Reta;Em Obras";Não;5;0;3;0;2;0;3;3;-20,97759804;-49,61145294;SPRF-SP;DEL09-SP;UOP01-DEL09-SP
635822;19/10/2024;sábado;04:10:00;MG;262;381,8;MATEUS LEME;Velocidade Incompatível;Colisão com objeto;Com Vítimas Feridas;Plena Noite;Decrescente;Chuva;Dupla;"Curva;Aclive";Não;2;0;2;0;0;0;2;1;-19,93765;-44,44526;SPRF-MG;DEL01-MG;UOP03-DEL01-MG
635823;19/10/2024;sábado;03:25:00;MG;381;484,1;BETIM;Velocidade Incompatível;Colisão com objeto;Sem Vítimas;Plena Noite;Decrescente;Chuva;Dupla;"Reta;Aclive";Sim;1;0;0;0;0;1;0;1;-19,95531717;-44,11722196;SPRF-MG;DEL01-MG;UOP03-DEL01-MG
635824;19/10/2024;sábado;04:50:00;SC;470;91,8;ASCURRA;Acessar a via sem observar a presença dos outros veículos;Colisão transversal;Com Vítimas Feridas;Amanhecer;Crescente;Céu Claro;Simples;Reta;Sim;2;0;1;0;1;0;1;2;-26,98342918;-49,37221527;SPRF-SC;DEL04-SC;UOP01-DEL04-SC
635825;18/10/2024;sexta-feira;19:30:00;PR;116;48;CAMPINA GRANDE DO SUL;Acessar a via sem observar a presença dos outros veículos;Colisão transversal;Com Vítimas Fatais;Plena Noite;Decrescente;Nublado;Dupla;Retorno Regulamentado;Não;3;2;0;0;1;0;0;2;-25,21708693;-48,90395114;SPRF-PR;DEL01-PR;UOP02-DEL01-PR
635826;19/10/2024;sábado;04:10:00;MG;381;521,8;BRUMADINHO;Reação tardia ou ineficiente do condutor;Saída de leito carroçável;Com Vítimas Feridas;Plena Noite;Decrescente;Nublado;Dupla;"Curva;Aclive";Não;1;0;1;0;0;0;1;1;-20,14551016;-44,32277183;SPRF-MG;DEL04-MG;UOP03-DEL04-MG
635830;19/10/2024;sábado;02:30:00;PI;316;381;ALEGRETE DO PIAUI;Condutor Dormindo;Saída de leito carroçável;Sem Vítimas;Plena Noite;Decrescente;Céu Claro;Simples;Reta;Não;1;0;0;0;0;1;0;1;-7,21648689;-40,88322287;SPRF-PI;DEL04-PI;UOP03-DEL04-PI
635831;19/10/2024;sábado;05:30:00;MG;153;210;FRUTAL;Ausência de reação do condutor;Saída de leito carroçável;Com Vítimas Feridas;Amanhecer;Decrescente;Céu Claro;Simples;"Rotatória;Interseção de Vias";Não;1;0;1;0;0;0;1;1;-20,07281424;-49,07299961;SPRF-MG;DEL13-MG;UOP02-DEL13-MG
635832;18/10/2024;sexta-feira;19:25:00;SC;282;1,9;FLORIANOPOLIS;Reação tardia ou ineficiente do condutor;Colisão traseira;Com Vítimas Feridas;Plena Noite;Crescente;Nublado;Múltipla;Reta;Sim;3;0;1;0;2;0;1;2;-27,602955;-48,580509;SPRF-SC;DEL01-SC;UOP01-DEL01-SC
635833;18/10/2024;sexta-feira;19:38:00;SE;235;4,7;NOSSA SENHORA DO SOCORRO;Velocidade Incompatível;Colisão traseira;Com Vítimas Feridas;Plena Noite;Decrescente;Céu Claro;Dupla;"Reta;Aclive";Não;5;0;2;0;3;0;2;3;-10,9064;-37,1197;SPRF-SE;DEL01-SE;UOP01-DEL01-SE
635834;19/10/2024;sábado;05:10:00;PE;101;25;ITAPISSUMA;Condutor deixou de manter distância do veículo da frente;Colisão traseira;Com Vítimas Feridas;Amanhecer;Decrescente;Céu Claro;Dupla;"Curva;Declive";Não;2;0;1;1;0;0;2;2;-7,69391661;-34,92191076;SPRF-PE;DEL01-PE;UOP02-DEL01-PE
635835;18/10/2024;sexta-feira;22:00:00;SC;101;197;BIGUACU;Pedestre andava na pista;Atropelamento de Pedestre;Com Vítimas Feridas;Plena Noite;Decrescente;Nublado;Múltipla;"Reta;Interseção de Vias";Sim;2;0;1;0;1;0;1;2;-27,51101091;-48,64322292;SPRF-SC;DEL01-SC;UOP01-DEL01-SC
635836;18/10/2024;sexta-feira;22:00:00;MG;381;705,4;LAVRAS;Condutor Dormindo;Saída de leito carroçável;Com Vítimas Feridas;Plena Noite;Crescente;Nublado;Dupla;Curva;Não;2;0;1;0;1;0;1;1;-21,34965018;-45,17946289;SPRF-MG;DEL04-MG;UOP02-DEL04-MG
635837;19/10/2024;sábado;01:10:00;SC;163;71,1;SAO MIGUEL DO OESTE;Ingestão de álcool pelo condutor;Colisão com objeto;Com Vítimas Feridas;Plena Noite;Crescente;Chuva;Dupla;Curva;Sim;2;0;2;0;0;0;2;1;-26,72772401;-53,51281303;SPRF-SC;DEL07-SC;UOP03-DEL07-SC
635838;19/10/2024;sábado;05:34:00;ES;101;293;CARIACICA;Ingestão de álcool pelo condutor;Colisão lateral mesmo sentido;Com Vítimas Feridas;Amanhecer;Decrescente;Nublado;Dupla;"Reta;Interseção de Vias";Sim;2;0;1;0;1;0;1;2;-20,31526144;-40,39567044;SPRF-ES;DEL01-ES;UOP01-DEL01-ES
635839;18/10/2024;sexta-feira;21:00:00;MA;316;432;PERITORO;Transitar na contramão;Colisão frontal;Sem Vítimas;Plena Noite;Crescente;Céu Claro;Simples;Reta;Não;2;0;0;0;1;1;0;2;-4,399217;-44,273983;SPRF-MA;DEL03-MA;UOP01-DEL03-MA
635840;19/10/2024;sábado;06:00:00;PR;376;182;MARINGA;Trafegar com motocicleta (ou similar) entre as faixas;Colisão lateral mesmo sentido;Com Vítimas Feridas;Pleno dia;Decrescente;Céu Claro;Dupla;Rotatória;Sim;2;0;0;1;1;0;1;2;-23,432328;-51,88749097;SPRF-PR;DEL09-PR;UOP01-DEL09-PR
635841;18/10/2024;sexta-feira;20:05:00;RS;116;419;CRISTAL;Transitar na contramão;Colisão frontal;Com Vítimas Feridas;Plena Noite;Crescente;Céu Claro;Simples;Reta;Não;7;0;3;0;4;0;3;2;-30,9566346;-51,96932019;SPRF-RS;DEL02-RS;UOP02-DEL02-RS
635842;19/10/2024;sábado;06:34:00;MG;153;7;ARAPORA;Condutor Dormindo;Saída de leito carroçável;Com Vítimas Feridas;Pleno dia;Crescente;Nublado;Dupla;Declive;Não;2;0;0;1;1;0;1;1;-18,481529;-49,188532;SPRF-MG;DEL15-MG;UOP03-DEL15-MG
635843;18/10/2024;sexta-feira;17:00:00;PE;232;58;POMBOS;Condutor Dormindo;Saída de leito carroçável;Com Vítimas Feridas;Pleno dia;Crescente;Céu Claro;Dupla;Declive;Sim;1;0;1;0;0;0;1;1;-8,14462866;-35,39034714;SPRF-PE;DEL02-PE;UOP02-DEL02PE