id;data_inversa;dia_semana;horario;uf;br;km;municipio;causa_acidente;tipo_acidente;classificacao_acidente;fase_dia;sentido_via;condicao_metereologica;tipo_pista;tracado_via;uso_solo;pessoas;mortos;feridos_leves;feridos_graves;ilesos;ignorados;feridos;veiculos;latitude;longitude;regional;delegacia;uop
635955;19/10/2024;sábado;14:45:00;RJ;116;176;SAO JOAO DE MERITI;Frear bruscamente;Engavetamento;Com Vítimas Feridas;Pleno dia;Decrescente;Nublado;Dupla;Reta;Sim;3;0;1;0;2;0;1;3;-22,7839538;-43,38195488;SPRF-RJ;DEL06-RJ;UOP01-DEL06-RJ
635956;19/10/2024;sábado;14:50:00;BA;116;11;VITORIA DA CONQUISTA;Acessar a via sem observar a presença dos outros veículos;Colisão transversal;Com Vítimas Feridas;Pleno dia;Decrescente;Céu Claro;Simples;Interseção de Vias;Sim;2;0;1;0;0;1;1;2;-14,873218;-40,87137792;SPRF-BA;DEL08-BA;UOP01-DEL08-BA
635957;19/10/2024;sábado;14:15:00;GO;60;433;RIO VERDE;Reação tardia ou ineficiente do condutor;Saída de leito carroçável;Com Vítimas Feridas;Pleno dia;Decrescente;Chuva;Dupla;Curva;Não;4;0;3;1;0;0;4;1;-17,8291;-51,3566;SPRF-GO;DEL04-GO;UOP02-DEL04-GO
635958;19/10/2024;sábado;12:40:00;PR;376;440;TIBAGI;Reação tardia ou ineficiente do condutor;Colisão com objeto;Com Vítimas Feridas;Pleno dia;Decrescente;Garoa/Chuvisco;Dupla;"Curva;Declive";Não;3;0;1;0;2;0;1;2;-24,80418818;-50,48913002;SPRF-PR;DEL03-PR;UOP02-DEL03-PR
635959;19/10/2024;sábado;15:30:00;RS;116;113;SAO MARCOS;Acessar a via sem observar a presença dos outros veículos;Colisão transversal;Sem Vítimas;Pleno dia;Crescente;Céu Claro;Simples;Reta;Sim;2;0;0;0;2;0;0;2;-28,95667906;-51,08016019;SPRF-RS;DEL05-RS;UOP01-DEL05-RS
635960;19/10/2024;sábado;15:00:00;RS;386;223,9;MORMACO;Velocidade Incompatível;Colisão com objeto;Com Vítimas Feridas;Pleno dia;Decrescente;Sol;Simples;"Curva;Declive";Não;1;0;0;1;0;0;1;1;-28,644985;-52,614906;SPRF-RS;DEL04-RS;UOP03-DEL04-RS
635961;19/10/2024;sábado;14:40:00;ES;262;55,7;MARECHAL FLORIANO;Ausência de reação do condutor;Colisão transversal;Com Vítimas Feridas;Pleno dia;Crescente;Nublado;Simples;"Declive;Reta";Não;3;0;1;0;1;1;1;3;-20,41088387;-40,75519403;SPRF-ES;DEL01-ES;UOP01-DEL01-ES
635962;19/10/2024;sábado;15:33:00;SP;116;331;JUQUITIBA;Avarias e/ou desgaste excessivo no pneu;Saída de leito carroçável;Com Vítimas Feridas;Pleno dia;Decrescente;Chuva;Dupla;Curva;Não;3;0;1;0;2;0;1;1;-23,95129388;-47,10220309;SPRF-SP;DEL04-SP;UOP03-DEL04-SP
635963;19/10/2024;sábado;15:20:00;RJ;116;330;ITATIAIA;Acumulo de água sobre o pavimento;Tombamento;Com Vítimas Feridas;Pleno dia;Decrescente;Chuva;Dupla;"Curva;Declive";Não;2;0;2;0;0;0;2;1;-22,50466912;-44,606568;SPRF-RJ;DEL07-RJ;UOP02-DEL07-RJ
635965;19/10/2024;sábado;11:35:00;MT;163;1103,7;GUARANTA DO NORTE;Ausência de reação do condutor;Colisão com objeto;Com Vítimas Feridas;Pleno dia;Decrescente;Sol;Simples;Curva;Não;1;0;0;1;0;0;1;1;-9,60203265;-54,88059559;SPRF-MT;DEL06-MT;UOP03-DEL06-MT
635966;19/10/2024;sábado;16:00:00;RJ;116;324,1;ITATIAIA;Avarias e/ou desgaste excessivo no pneu;Colisão com objeto;Com Vítimas Feridas;Pleno dia;Decrescente;Chuva;Dupla;Curva;Não;2;0;1;0;1;0;1;1;-22,49249167;-44,563605;SPRF-RJ;DEL07-RJ;UOP02-DEL07-RJ
635969;19/10/2024;sábado;15:15:00;PB;101;72,3;SANTA RITA;Ausência de reação do condutor;Saída de leito carroçável;Com Vítimas Feridas;Pleno dia;Crescente;Céu Claro;Dupla;Reta;Não;1;0;1;0;0;0;1;1;-7,07320663;-34,99569975;SPRF-PB;DEL01-PB;UOP04-DEL01-PB
635970;19/10/2024;sábado;14:20:00;RO;364;425;JARU;Acesso irregular;Colisão transversal;Com Vítimas Feridas;Pleno dia;Decrescente;Chuva;Simples;Curva;Sim;2;0;1;0;1;0;1;2;-10,43752488;-62,47169791;SPRF-RO;DEL03-RO;UOP02-DEL03-RO
635971;19/10/2024;sábado;14:00:00;MG;381;909;CAMANDUCAIA;Reação tardia ou ineficiente do condutor;Saída de leito carroçável;Com Vítimas Feridas;Pleno dia;Crescente;Chuva;Dupla;Curva;Não;1;0;1;0;0;0;1;1;-22,724494;-46,1321;SPRF-MG;DEL16-MG;UOP03-DEL16-MG
635972;19/10/2024;sábado;15:30:00;MG;381;540;ITATIAIUCU;Chuva;Colisão com objeto;Com Vítimas Feridas;Pleno dia;Decrescente;Chuva;Dupla;Curva;Não;1;0;1;0;0;0;1;1;-20,25145691;-44,41136239;SPRF-MG;DEL04-MG;UOP03-DEL04-MG
635973;19/10/2024;sábado;15:25:00;MG;381;431,1;SABARA;Velocidade Incompatível;Saída de leito carroçável;Sem Vítimas;Pleno dia;Crescente;Chuva;Simples;"Curva;Declive";Não;1;0;0;0;1;0;0;1;-19,78663743;-43,71433695;SPRF-MG;DEL01-MG;UOP01-DEL01-MG
635974;19/10/2024;sábado;16:13:00;MG;365;640;UBERLANDIA;Velocidade Incompatível;Saída de leito carroçável;Com Vítimas Feridas;Pleno dia;Decrescente;Chuva;Dupla;"Reta;Aclive";Não;2;0;2;0;0;0;2;1;-18,88535924;-48,46544904;SPRF-MG;DEL15-MG;UOP01-DEL15-MG
635975;19/10/2024;sábado;16:34:00;MG;50;46;ARAGUARI;Velocidade Incompatível;Saída de leito carroçável;Com Vítimas Feridas;Pleno dia;Crescente;Chuva;Dupla;Reta;Não;1;0;0;1;0;0;1;1;-18,72016606;-48,20216392;SPRF-MG;DEL15-MG;UOP02-DEL15-MG
635977;19/10/2024;sábado;16:30:00;PR;116;24;ANTONINA;Pista Escorregadia;Colisão com objeto;Com Vítimas Feridas;Pleno dia;Decrescente;Chuva;Dupla;Curva;Não;5;0;4;0;1;0;4;1;-25,11225901;-48,76865387;SPRF-PR;DEL01-PR;UOP02-DEL01-PR
635978;19/10/2024;sábado;16:40:00;RN;405;159;RAFAEL FERNANDES;Acessar a via sem observar a presença dos outros veículos;Colisão transversal;Com Vítimas Feridas;Pleno dia;Decrescente;Céu Claro;Simples;Reta;Não;2;0;1;0;1;0;1;2;-6,1826935;-38,21912468;SPRF-RN;DEL04-RN;UOP02-DEL04-RN
635981;19/10/2024;sábado;17:05:00;PE;428;188;PETROLINA;Reação tardia ou ineficiente do condutor;Tombamento;Com Vítimas Feridas;Anoitecer;Decrescente;Nublado;Dupla;Reta;Sim;1;0;1;0;0;0;1;1;-9,369573;-40,485475;SPRF-PE;DEL06-PE;UOP01-DEL06-PE
635982;19/10/2024;sábado;17:10:00;SC;101;61,8;ARAQUARI;Reação tardia ou ineficiente do condutor;Queda de ocupante de veículo;Com Vítimas Feridas;Pleno dia;Decrescente;Nublado;Dupla;Reta;Não;1;0;0;1;0;0;1;1;-26,45504246;-48,76711901;SPRF-SC;DEL03-SC;UOP02-DEL03-SC
635984;19/10/2024;sábado;16:40:00;GO;60;108;GOIANAPOLIS;Ausência de sinalização;Colisão lateral mesmo sentido;Com Vítimas Feridas;Pleno dia;Decrescente;Nublado;Dupla;Reta;Não;3;0;2;0;1;0;2;3;-16,4398;-49,0188;SPRF-GO;DEL01-GO;UOP01-DEL01-GO
635985;19/10/2024;sábado;16:00:00;PR;153;508;GENERAL CARNEIRO;Velocidade Incompatível;Saída de leito carroçável;Com Vítimas Feridas;Pleno dia;Decrescente;Chuva;Simples;"Curva;Aclive";Não;2;0;2;0;0;0;2;1;-26,55597901;-51,44142151;SPRF-PR;DEL02-PR;UOP03-DEL02-PR
635986;19/10/2024;sábado;17:10:00;GO;60;182,5;ABADIA DE GOIAS;Reação tardia ou ineficiente do condutor;Colisão traseira;Sem Vítimas;Pleno dia;Decrescente;Nublado;Dupla;Reta;Não;2;0;0;0;2;0;0;2;-16,79117284;-49,50313389;SPRF-GO;DEL01-GO;UOP02-DEL01-GO
635987;19/10/2024;sábado;16:45:00;CE;222;231,2;SOBRAL;Demais falhas na via;Saída de leito carroçável;Com Vítimas Feridas;Anoitecer;Crescente;Céu Claro;Simples;"Em Obras;Reta";Não;2;0;1;1;0;0;2;1;-3,70387638;-40,40089124;SPRF-CE;DEL04-CE;UOP01-DEL04-CE
635988;19/10/2024;sábado;14:25:00;PI;343;338;TERESINA;Demais falhas mecânicas ou elétricas;Tombamento;Com Vítimas Feridas;Pleno dia;Crescente;Céu Claro;Dupla;Reta;Sim;2;0;2;0;0;0;2;1;-5,0663;-42,72847;SPRF-PI;DEL01-PI;UOP01-DEL01-PI
635989;19/10/2024;sábado;17:20:00;SP;153;59,1;SAO JOSE DO RIO PRETO;Ingestão de álcool pelo condutor;Saída de leito carroçável;Com Vítimas Feridas;Pleno dia;Decrescente;Chuva;Dupla;"Curva;Declive";Não;1;0;1;0;0;0;1;1;-20,78733103;-49,35399276;SPRF-SP;DEL09-SP;UOP01-DEL09-SP
635990;19/10/2024;sábado;17:50:00;SC;101;66,3;ARAQUARI;Ingestão de álcool pelo condutor;Saída de leito carroçável;Sem Vítimas;Pleno dia;Crescente;Nublado;Múltipla;Curva;Sim;2;0;0;0;2;0;0;1;-26,478474;-48,73863;SPRF-SC;DEL03-SC;UOP02-DEL03-SC
635991;19/10/2024;sábado;16:35:00;AL;316;239;ATALAIA;Ingestão de álcool pelo condutor;Colisão frontal;Com Vítimas Feridas;Pleno dia;Decrescente;Céu Claro;Simples;Curva;Sim;3;0;1;1;1;0;2;2;-9,50625459;-36,04053891;SPRF-AL;DEL01-AL;UOP01-DEL01-AL
635992;19/10/2024;sábado;17:30:00;RJ;101;441;MANGARATIBA;Chuva;Colisão com objeto;Com Vítimas Feridas;Pleno dia;Decrescente;Chuva;Simples;Curva;Não;4;0;3;0;1;0;3;1;-22,9656081;-44,08383249;SPRF-RJ;DEL03-RJ;UOP02-DEL03-RJ
635993;19/10/2024;sábado;17:45:00;AL;316;134;ESTRELA DE ALAGOAS;Demais falhas mecânicas ou elétricas;Queda de ocupante de veículo;Com Vítimas Feridas;Plena Noite;Crescente;Céu Claro;Simples;Reta;Não;1;0;0;1;0;0;1;1;-9,38980718;-36,81230099;SPRF-AL;DEL03-AL;UOP01-DEL03-AL
635995;19/10/2024;sábado;18:10:00;SC;282;3,8;FLORIANOPOLIS;Manobra de mudança de faixa;Colisão traseira;Com Vítimas Feridas;Plena Noite;Crescente;Céu Claro;Múltipla;Interseção de Vias;Sim;4;0;2;0;1;1;2;3;-27,600384;-48,599705;SPRF-SC;DEL01-SC;UOP01-DEL01-SC
635998;19/10/2024;sábado;17:45:00;AL;424;91;SATUBA;Velocidade Incompatível;Engavetamento;Com Vítimas Feridas;Anoitecer;Decrescente;Céu Claro;Simples;Reta;Não;4;0;1;0;3;0;1;4;-9,58902298;-35,888804;SPRF-AL;DEL02-AL;UOP01-DEL02-AL
635999;19/10/2024;sábado;16:10:00;SP;116;500;CAJATI;Velocidade Incompatível;Colisão com objeto;Sem Vítimas;Pleno dia;Crescente;Chuva;Múltipla;Curva;Não;1;0;0;0;1;0;0;1;-24,78162109;-48,18342711;SPRF-SP;DEL05-SP;UOP02-DEL05-SP
636000;19/10/2024;sábado;06:20:00;BA;324;623;SALVADOR;Demais falhas mecânicas ou elétricas;Incêndio;Sem Vítimas;Pleno dia;Decrescente;Nublado;Dupla;Reta;Não;1;0;0;0;1;0;0;1;-12,92628699;-38,46838679;SPRF-BA;DEL01-BA;UOP01-DEL01-BA
636001;19/10/2024;sábado;17:10:00;BA;420;338;JAGUAQUARA;Ausência de reação do condutor;Colisão frontal;Com Vítimas Feridas;Plena Noite;Crescente;Nublado;Simples;Curva;Não;3;0;0;1;2;0;1;2;-13,521854;-39,96877;SPRF-BA;DEL03-BA;UOP01-DEL03-BA
636002;19/10/2024;sábado;18:30:00;SP;116;175,5;GUARAREMA;Pedestre andava na pista;Atropelamento de Pedestre;Com Vítimas Fatais;Plena Noite;Decrescente;Nublado;Dupla;Reta;Não;4;1;0;0;2;1;0;3;-23,3217599;-46,1041542;SPRF-SP;DEL01-SP;UOP01-DEL01-SP
636004;19/10/2024;sábado;18:40:00;RJ;101;77;CAMPOS DOS GOYTACAZES;Ingestão de álcool pelo condutor;Colisão lateral sentido oposto;Com Vítimas Feridas;Plena Noite;Decrescente;Chuva;Simples;Reta;Não;4;0;1;0;3;0;1;2;-21,82996408;-41,41023594;SPRF-RJ;DEL08-RJ;UOP02-DEL08-RJ
636005;19/10/2024;sábado;17:35:00;SC;470;70,6;INDAIAL;Velocidade Incompatível;Atropelamento de Pedestre;Com Vítimas Fatais;Pleno dia;Decrescente;Céu Claro;Dupla;"Em Obras;Reta;Desvio Temporário";Sim;5;1;2;0;0;2;2;2;-26,89438902;-49,26102698;SPRF-SC;DEL04-SC;UOP01-DEL04-SC
636006;19/10/2024;sábado;19:10:00;SP;116;205;ARUJA;Reação tardia ou ineficiente do condutor;Colisão traseira;Com Vítimas Feridas;Plena Noite;Crescente;Chuva;Dupla;Reta;Sim;6;0;2;0;4;0;2;2;-23,41475243;-46,36600788;SPRF-SP;DEL01-SP;UOP01-DEL01-SP
636007;19/10/2024;sábado;16:54:00;MA;222;324;IGARAPE DO MEIO;Retorno proibido;Colisão transversal;Com Vítimas Feridas;Pleno dia;Decrescente;Céu Claro;Simples;Reta;Não;5;0;0;2;1;2;2;3;-3,59070884;-44,98359009;SPRF-MA;DEL02-MA;UOP01-DEL02-MA
636008;19/10/2024;sábado;19:00:00;PR;376;8,5;MARINGA;Ausência de reação do condutor;Colisão com objeto;Sem Vítimas;Plena Noite;Decrescente;Chuva;Dupla;Curva;Não;1;0;0;0;0;1;0;1;-23,37629559;-51,91829681;SPRF-PR;DEL09-PR;UOP01-DEL09-PR
636010;19/10/2024;sábado;19:45:00;PB;230;509,5;CAJAZEIRAS;Afundamento ou ondulação no pavimento;Tombamento;Com Vítimas Feridas;Plena Noite;Decrescente;Céu Claro;Simples;Reta;Não;1;0;0;1;0;0;1;1;-6,8931;-38,5804;SPRF-PB;DEL03-PB;UOP03-DEL03-PB
636011;19/10/2024;sábado;19:06:00;SE;101;180,8;UMBAUBA;Velocidade Incompatível;Eventos atípicos;Com Vítimas Fatais;Plena Noite;Decrescente;Céu Claro;Simples;Reta;Sim;2;1;0;1;0;0;1;2;-11,36892188;-37,64792008;SPRF-SE;DEL02-SE;UOP03-DEL02-SE
636012;19/10/2024;sábado;19:10:00;GO;452;183,5;ITUMBIARA;Reação tardia ou ineficiente do condutor;Colisão traseira;Sem Vítimas;Plena Noite;Decrescente;Nublado;Simples;Reta;Não;2;0;0;0;1;1;0;2;-18,39182893;-49,33487393;SPRF-GO;DEL03-GO;UOP02-DEL03-GO
636013;19/10/2024;sábado;17:10:00;PR;163;212,2;CASCAVEL;Velocidade Incompatível;Saída de leito carroçável;Sem Vítimas;Pleno dia;Crescente;Nublado;Simples;Curva;Não;1;0;0;0;0;1;0;1;-24,89663005;-53,53301179;SPRF-PR;DEL04-PR;UOP01-DEL04-PR
636014;19/10/2024;sábado;19:35:00;MG;40;569,6;NOVA LIMA;Conversão proibida;Colisão transversal;Com Vítimas Feridas;Plena Noite;Decrescente;Chuva;Simples;Reta;Sim;3;0;0;1;1;1;1;3;-20,21223196;-43,97271049;SPRF-MG;DEL01-MG;UOP02-DEL01-MG
636015;19/10/2024;sábado;20:45:00;SP;116;219;GUARULHOS;Trafegar com motocicleta (ou similar) entre as faixas;Colisão lateral mesmo sentido;Com Vítimas Feridas;Plena Noite;Decrescente;Chuva;Múltipla;Em Obras;Sim;3;0;1;0;2;0;1;3;-23,46143954;-46,48885316;SPRF-SP;DEL01-SP;UOP01-DEL01-SP
636016;19/10/2024;sábado;20:20:00;RS;116;242;SAO LEOPOLDO;Ingestão de álcool pelo condutor;Queda de ocupante de veículo;Com Vítimas Feridas;Plena Noite;Crescente;Céu Claro;Dupla;Reta;Sim;1;0;1;0;0;0;1;1;-29,71790365;-51,14825491;SPRF-RS;DEL01-RS;UOP02-DEL01-RS
636018;19/10/2024;sábado;20:38:00;RS;290;85;PORTO ALEGRE;Entrada inopinada do pedestre;Atropelamento de Pedestre;Com Vítimas Feridas;Anoitecer;Decrescente;Céu Claro;Múltipla;Reta;Não;2;0;1;0;1;0;1;2;-29,967936;-51,106873;SPRF-RS;DEL01-RS;UOP01-DEL01-RS
636019;15/09/2024;domingo;19:00:00;PR;116;5;QUATRO BARRAS;Chuva;Colisão lateral mesmo sentido;Com Vítimas Feridas;Plena Noite;Decrescente;Chuva;Dupla;Reta;Sim;2;0;1;0;1;0;1;2;-25,3653;-49,0906;SPRF-PR;DEL01-PR;UOP02-DEL01-PR
636020;19/10/2024;sábado;14:00:00;RO;435;85;COLORADO DO OESTE;Reação tardia ou ineficiente do condutor;Atropelamento de Animal;Com Vítimas Feridas;Pleno dia;Decrescente;Sol;Simples;"Reta;Aclive";Não;1;0;1;0;0;0;1;1;-13,11884911;-60,53173398;SPRF-RO;DEL04-RO;UOP02-DEL04-RO
636021;19/10/2024;sábado;20:30:00;MG;262;385,1;MATEUS LEME;Ausência de reação do condutor;Saída de leito carroçável;Com Vítimas Feridas;Plena Noite;Decrescente;Nublado;Dupla;Curva;Não;1;0;1;0;0;0;1;1;-19,93325094;-44,42077402;SPRF-MG;DEL01-MG;UOP03-DEL01-MG
636022;19/10/2024;sábado;17:40:00;RJ;40;112;DUQUE DE CAXIAS;Ingestão de álcool pelo condutor;Colisão traseira;Com Vítimas Feridas;Anoitecer;Decrescente;Chuva;Múltipla;Reta;Sim;2;0;1;0;1;0;1;2;-22,7004454;-43,29014851;SPRF-RJ;DEL01-RJ;UOP02-DEL01-RJ
636023;19/10/2024;sábado;20:15:00;PB;230;142;CAMPINA GRANDE;Acumulo de areia ou detritos sobre o pavimento;Tombamento;Com Vítimas Feridas;Plena Noite;Crescente;Céu Claro;Dupla;Reta;Não;2;0;2;0;0;0;2;1;-7,2573;-35,8131;SPRF-PB;DEL02-PB;UOP01-DEL02-PB
636024;19/10/2024;sábado;20:30:00;SP;153;73,5;SAO JOSE DO RIO PRETO;Chuva;Saída de leito carroçável;Com Vítimas Feridas;Plena Noite;Crescente;Chuva;Dupla;"Reta;Declive";Não;1;0;1;0;0;0;1;1;-20,87531315;-49,41946507;SPRF-SP;DEL09-SP;UOP01-DEL09-SP
636025;19/10/2024;sábado;20:40:00;MG;40;549;NOVA LIMA;Pista Escorregadia;Tombamento;Com Vítimas Feridas;Plena Noite;Decrescente;Chuva;Dupla;Curva;Sim;1;0;0;1;0;0;1;1;-20,03972326;-43,96703232;SPRF-MG;DEL01-MG;UOP02-DEL01-MG
636026;19/10/2024;sábado;21:15:00;ES;262;19;VIANA;Reação tardia ou ineficiente do condutor;Colisão traseira;Com Vítimas Feridas;Plena Noite;Crescente;Nublado;Simples;Reta;Sim;2;0;1;0;1;0;1;2;-20,38857795;-40,49423402;SPRF-ES;DEL01-ES;UOP01-DEL01-ES
636027;19/10/2024;sábado;20:10:00;PE;423;19;SAO CAITANO;Pista esburacada;Colisão com objeto;Com Vítimas Feridas;Plena Noite;Crescente;Céu Claro;Simples;Reta;Não;1;0;1;0;0;0;1;1;-8,33379683;-36,15201612;SPRF-PE;DEL03-PE;UOP02-DEL03-PE
636028;19/10/2024;sábado;21:10:00;SP;116;500;CAJATI;Pista Escorregadia;Colisão com objeto;Com Vítimas Feridas;Plena Noite;Crescente;Chuva;Dupla;Curva;Não;2;0;1;0;1;0;1;1;-24,78162109;-48,18342711;SPRF-SP;DEL05-SP;UOP02-DEL05-SP
636029;19/10/2024;sábado;21:02:00;SC;280;48;GUARAMIRIM;Retorno proibido;Colisão traseira;Com Vítimas Feridas;Plena Noite;Decrescente;Nublado;Dupla;Reta;Não;2;0;1;0;1;0;1;2;-26,45506795;-48,92766502;SPRF-SC;DEL03-SC;UOP03-DEL03-SC
636030;19/10/2024;sábado;18:30:00;RJ;40;19;TRES RIOS;Animais na Pista;Atropelamento de Animal;Com Vítimas Feridas;Plena Noite;Decrescente;Chuva;Dupla;Reta;Sim;7;0;0;1;6;0;1;4;-22,10132017;-43,17101226;SPRF-RJ;DEL05-RJ;UOP02-DEL05-RJ
636031;19/10/2024;sábado;16:10:00;RJ;40;27,5;TRES RIOS;Chuva;Colisão frontal;Com Vítimas Feridas;Pleno dia;Decrescente;Chuva;Dupla;Curva;Não;1;0;1;0;0;0;1;1;-22,16436914;-43,15707045;SPRF-RJ;DEL05-RJ;UOP02-DEL05-RJ
636032;19/10/2024;sábado;21:30:00;RN;101;97,5;NATAL;Manobra de mudança de faixa;Colisão lateral mesmo sentido;Sem Vítimas;Plena Noite;Crescente;Céu Claro;Simples;Curva;Sim;2;0;0;0;2;0;0;2;-5,85758898;-35,21271205;SPRF-RN;DEL01-RN;UOP01-DEL01-RN
636033;19/10/2024;sábado;21:00:00;GO;20;180;SIMOLANDIA;Conversão proibida;Colisão transversal;Com Vítimas Feridas;Plena Noite;Decrescente;Nublado;Dupla;Reta;Sim;2;0;1;0;0;1;1;2;-14,474183;-46,489057;SPRF-DF;DEL02-DF;UOP03-DEL02-DF
636034;19/10/2024;sábado;21:30:00;GO;40;89;CRISTALINA;Frear bruscamente;Colisão traseira;Sem Vítimas;Plena Noite;Decrescente;Céu Claro;Simples;Reta;Não;4;0;0;0;4;0;0;2;-16,720475;-47,652061;SPRF-DF;DEL01-DF;UOP02-DEL01-DF
636035;19/10/2024;sábado;18:10:00;RO;364;337;JI-PARANA;Transitar na contramão;Colisão frontal;Com Vítimas Feridas;Plena Noite;Decrescente;Nublado;Simples;"Desvio Temporário;Curva;Em Obras;Aclive";Não;4;0;0;2;2;0;2;2;-10,92585401;-61,9296014;SPRF-RO;DEL02-RO;UOP01-DEL02-RO
636036;19/10/2024;sábado;20:50:00;RS;285;239,9;CIRIACO;Ingestão de álcool pelo condutor;Saída de leito carroçável;Sem Vítimas;Plena Noite;Crescente;Céu Claro;Simples;"Reta;Interseção de Vias";Não;1;0;0;0;0;1;0;1;-28,257433;-51,866848;SPRF-RS;DEL08-RS;UOP03-DEL08-RS
636038;19/10/2024;sábado;22:00:00;PR;116;44;CAMPINA GRANDE DO SUL;Chuva;Saída de leito carroçável;Com Vítimas Feridas;Plena Noite;Crescente;Chuva;Dupla;"Curva;Declive";Não;2;0;0;1;1;0;1;1;-25,1882321;-48,88492529;SPRF-PR;DEL01-PR;UOP02-DEL01-PR
636039;19/10/2024;sábado;20:29:00;PE;232;194;SANHARO;Acesso irregular;Eventos atípicos;Com Vítimas Feridas;Plena Noite;Decrescente;Céu Claro;Simples;Reta;Sim;3;0;0;1;0;2;1;2;-8,36209062;-36,55441109;SPRF-PE;DEL03-PE;UOP02-DEL03-PE
636040;19/10/2024;sábado;22:20:00;RJ;493;113;DUQUE DE CAXIAS;Ausência de sinalização;Saída de leito carroçável;Sem Vítimas;Plena Noite;Decrescente;Céu Claro;Dupla;Declive;Não;2;0;0;0;1;1;0;2;-22,672089;-43,285053;SPRF-RJ;DEL03-RJ;UOP01-DEL03-RJ
636041;19/10/2024;sábado;22:40:00;MG;381;456;BELO HORIZONTE;Conversão proibida;Colisão transversal;Com Vítimas Feridas;Plena Noite;Decrescente;Nublado;Simples;Reta;Sim;3;0;3;0;0;0;3;2;-19,842212;-43,885405;SPRF-MG;DEL01-MG;UOP01-DEL01-MG
636042;19/10/2024;sábado;22:20:00;PB;230;11,1;CABEDELO;Acessar a via sem observar a presença dos outros veículos;Atropelamento de Pedestre;Com Vítimas Feridas;Plena Noite;Decrescente;Céu Claro;Dupla;Reta;Não;2;0;1;0;0;1;1;2;-7,0596;-34,8506;SPRF-PB;DEL01-PB;UOP01-DEL01-PB
636043;19/10/2024;sábado;22:20:00;SC;470;1,9;NAVEGANTES;Ingestão de álcool pelo condutor;Saída de leito carroçável;Com Vítimas Feridas;Plena Noite;Decrescente;Céu Claro;Simples;Reta;Não;1;0;0;1;0;0;1;1;-26,875383;-48,668285;SPRF-SC;DEL04-SC;UOP04-DEL04-SC
636044;19/10/2024;sábado;21:30:00;RO;364;342;JI-PARANA;Acessar a via sem observar a presença dos outros veículos;Colisão transversal;Com Vítimas Feridas;Plena Noite;Decrescente;Céu Claro;Múltipla;Reta;Sim;3;0;2;0;1;0;2;2;-10,88381227;-61,93741416;SPRF-RO;DEL02-RO;UOP01-DEL02-RO
636045;19/10/2024;sábado;21:20:00;SC;101;281;IMBITUBA;Ausência de reação do condutor;Tombamento;Com Vítimas Feridas;Plena Noite;Decrescente;Nublado;Múltipla;Reta;Não;1;0;1;0;0;0;1;1;-28,20191318;-48,69762897;SPRF-SC;DEL02-SC;UOP03-DEL02-SC
636046;19/10/2024;sábado;23:20:00;SC;101;203,1;SAO JOSE;Ausência de reação do condutor;Atropelamento de Pedestre;Com Vítimas Feridas;Plena Noite;Decrescente;Céu Claro;Simples;Rotatória;Sim;2;0;1;0;1;0;1;2;-27,5650044;-48,61460082;SPRF-SC;DEL01-SC;UOP01-DEL01-SC
636048;19/10/2024;sábado;21:55:00;SC;280;45;GUARAMIRIM;Ingestão de álcool pelo condutor;Saída de leito carroçável;Com Vítimas Feridas;Plena Noite;Crescente;Céu Claro;Dupla;Reta;Não;1;0;1;0;0;0;1;1;-26,45236168;-48,89788602;SPRF-SC;DEL03-SC;UOP03-DEL03-SC
636049;19/10/2024;sábado;21:46:00;RO;319;63;PORTO VELHO;Ingestão de álcool pelo condutor;Colisão traseira;Sem Vítimas;Plena Noite;Crescente;Céu Claro;Múltipla;"Reta;Interseção de Vias";Sim;2;0;0;0;2;0;0;2;-8,75866508;-63,88612032;SPRF-RO;DEL01-RO;UOP01-DEL01-RO
636050;19/10/2024;sábado;21:40:00;RJ;465;16;NOVA IGUACU;Conversão proibida;Colisão transversal;Sem Vítimas;Plena Noite;Crescente;Chuva;Simples;Reta;Não;4;0;0;0;4;0;0;2;-22,815538;-43,624565;SPRF-RJ;DEL06-RJ;UOP02-DEL06-RJ
636052;19/10/2024;sábado;23:35:00;MG;40;564,9;NOVA LIMA;Reação tardia ou ineficiente do condutor;Colisão lateral mesmo sentido;Com Vítimas Feridas;Plena Noite;Crescente;Chuva;Simples;"Reta;Interseção de Vias";Não;2;0;1;0;0;1;1;2;-20,17174766;-43,96595478;SPRF-MG;DEL01-MG;UOP02-DEL01-MG
636053;19/10/2024;sábado;21:50:00;SP;381;32;ATIBAIA;Avarias e/ou desgaste excessivo no pneu;Colisão lateral mesmo sentido;Com Vítimas Feridas;Plena Noite;Crescente;Chuva;Múltipla;"Curva;Aclive";Sim;6;0;2;0;3;1;2;5;-23,06461405;-46,57048121;SPRF-SP;DEL03-SP;UOP02-DEL03-SP
636054;19/10/2024;sábado;23:20:00;MG;40;609,5;CONGONHAS;Ausência de reação do condutor;Saída de leito carroçável;Com Vítimas Feridas;Plena Noite;Decrescente;Garoa/Chuvisco;Simples;Declive;Não;1;0;1;0;0;0;1;1;-20,49313702;-43,83689143;SPRF-MG;DEL05-MG;UOP02-DEL05-MG
636055;19/10/2024;sábado;22:40:00;SC;470;243,3;CURITIBANOS;Conversão proibida;Colisão lateral mesmo sentido;Com Vítimas Feridas;Plena Noite;Decrescente;Nublado;Múltipla;Curva;Não;2;0;1;0;1;0;1;2;-27,31412903;-50,52050114;SPRF-SC;DEL05-SC;UOP03-DEL05-SC
636056;20/10/2024;domingo;00:05:00;PR;369;73,8;SANTA MARIANA;Acessar a via sem observar a presença dos outros veículos;Colisão transversal;Com Vítimas Feridas;Plena Noite;Decrescente;Chuva;Simples;"Reta;Interseção de Vias";Sim;3;0;2;0;1;0;2;2;-23,15457563;-50,51649928;SPRF-PR;DEL07-PR;UOP05-DEL07-PR