id;data_inversa;dia_semana;horario;uf;br;km;municipio;causa_acidente;tipo_acidente;classificacao_acidente;fase_dia;sentido_via;condicao_metereologica;tipo_pista;tracado_via;uso_solo;pessoas;mortos;feridos_leves;feridos_graves;ilesos;ignorados;feridos;veiculos;latitude;longitude;regional;delegacia;uop
636061;19/10/2024;sábado;23:30:00;MS;163;439,7;CAMPO GRANDE;Condutor deixou de manter distância do veículo da frente;Colisão traseira;Sem Vítimas;Plena Noite;Crescente;Nublado;Simples;"Reta;Declive";Não;5;0;0;0;5;0;0;2;-20,815983;-54,517113;SPRF-MS;DEL01-MS;UOP01-DEL01-MS
636062;19/10/2024;sábado;19:20:00;RS;116;40,3;VACARIA;Acessar a via sem observar a presença dos outros veículos;Colisão transversal;Sem Vítimas;Pleno dia;Crescente;Céu Claro;Simples;Interseção de Vias;Sim;2;0;0;0;2;0;0;2;-28,51839098;-50,93942202;SPRF-RS;DEL05-RS;UOP03-DEL05-RS
636063;20/10/2024;domingo;00:10:00;RS;392;16,8;RIO GRANDE;Manobra de mudança de faixa;Colisão com objeto;Com Vítimas Feridas;Pleno dia;Decrescente;Céu Claro;Dupla;Reta;Não;1;0;1;0;0;0;1;1;-32,1024397;-52,16347437;SPRF-RS;DEL07-RS;UOP02-DEL07-RS
636064;19/10/2024;sábado;19:00:00;AP;156;357;FERREIRA GOMES;Ausência de sinalização;Colisão lateral sentido oposto;Com Vítimas Feridas;Plena Noite;Crescente;Céu Claro;Simples;Reta;Não;3;0;0;1;2;0;1;2;0,83144807;-51,19608706;SPRF-AP;DEL01-AP;UOP01-DEL01-AP
636066;20/10/2024;domingo;00:05:00;PE;232;79,6;GRAVATA;Reação tardia ou ineficiente do condutor;Colisão lateral sentido oposto;Com Vítimas Feridas;Plena Noite;Crescente;Céu Claro;Simples;Reta;Sim;2;0;2;0;0;0;2;2;-8,1952644;-35,56666017;SPRF-PE;DEL02-PE;UOP02-DEL02PE
636067;20/10/2024;domingo;00:30:00;CE;222;2;FORTALEZA;Pedestre cruzava a pista fora da faixa;Atropelamento de Pedestre;Com Vítimas Fatais;Plena Noite;Crescente;Céu Claro;Múltipla;Reta;Sim;2;1;0;0;1;0;0;2;-3,73930006;-38,58936489;SPRF-CE;DEL01-CE;UOP01-DEL01-CE
636069;20/10/2024;domingo;00:30:00;MG;262;394;PARA DE MINAS;Acumulo de água sobre o pavimento;Saída de leito carroçável;Sem Vítimas;Plena Noite;Decrescente;Chuva;Dupla;"Reta;Retorno Regulamentado";Não;3;0;0;0;3;0;0;1;-19,91870373;-44,49079292;SPRF-MG;DEL01-MG;UOP03-DEL01-MG
636070;19/10/2024;sábado;23:31:00;PB;230;459,5;SOUSA;Transitar na contramão;Colisão frontal;Com Vítimas Feridas;Plena Noite;Decrescente;Céu Claro;Simples;Reta;Não;2;0;1;0;0;1;1;2;-6,7762;-38,1899;SPRF-PB;DEL03-PB;UOP03-DEL03-PB
636071;19/10/2024;sábado;23:00:00;RR;174;516;BOA VISTA;Animais na Pista;Atropelamento de Animal;Com Vítimas Feridas;Plena Noite;Decrescente;Ignorado;Simples;Reta;Não;1;0;1;0;0;0;1;1;2,92761166;-60,76229095;SPRF-RR;DEL01-RR;UOP01-DEL01-RR
636072;03/10/2024;quinta-feira;16:20:00;PI;402;35,1;PARNAIBA;Velocidade Incompatível;Saída de leito carroçável;Com Vítimas Feridas;Pleno dia;Decrescente;Sol;Simples;Reta;Sim;6;0;4;2;0;0;6;2;-2,93842127;-41,74276823;SPRF-PI;DEL05-PI;UOP01-DEL05-PI
636074;20/10/2024;domingo;01:21:00;PI;230;306,9;FLORIANO;Ingestão de álcool pelo condutor;Colisão com objeto;Com Vítimas Feridas;Plena Noite;Crescente;Céu Claro;Dupla;"Retorno Regulamentado;Curva";Sim;1;0;0;1;0;0;1;1;-6,79173488;-42,98594092;SPRF-PI;DEL03-PI;UOP01-DEL03-PI
636075;19/10/2024;sábado;22:20:00;MT;174;340;CONQUISTA DOESTE;Ausência de reação do condutor;Colisão traseira;Com Vítimas Feridas;Plena Noite;Crescente;Céu Claro;Simples;Reta;Não;2;0;1;0;1;0;1;2;-14,800064;-59,32334903;SPRF-MT;DEL04-MT;UOP01-DEL04-MT
636076;20/10/2024;domingo;00:50:00;RJ;101;60;CAMPOS DOS GOYTACAZES;Velocidade Incompatível;Colisão com objeto;Sem Vítimas;Plena Noite;Decrescente;Garoa/Chuvisco;Simples;"Retorno Regulamentado;Reta";Não;2;0;0;0;2;0;0;1;-21,72048414;-41,31448591;SPRF-RJ;DEL08-RJ;UOP01-DEL08-RJ
636078;20/10/2024;domingo;01:30:00;RJ;101;313;SAO GONCALO;Acumulo de água sobre o pavimento;Colisão traseira;Com Vítimas Feridas;Plena Noite;Decrescente;Chuva;Dupla;Reta;Não;2;0;1;0;1;0;1;2;-22,81049093;-43,06983304;SPRF-RJ;DEL02-RJ;UOP02-DEL02-RJ
636079;20/10/2024;domingo;01:30:00;MG;116;581;MANHUACU;Ingestão de álcool pelo condutor;Capotamento;Com Vítimas Feridas;Plena Noite;Decrescente;Nublado;Simples;Reta;Não;1;0;1;0;0;0;1;1;-20,19603401;-42,18344405;SPRF-MG;DEL06-MG;UOP03-DEL06-MG
636080;20/10/2024;domingo;01:20:00;PR;158;534;PATO BRANCO;Manobra de mudança de faixa;Colisão lateral mesmo sentido;Com Vítimas Fatais;Plena Noite;Crescente;Céu Claro;Simples;"Reta;Aclive";Sim;3;1;0;1;0;1;1;2;-26,225126;-52,688556;SPRF-PR;DEL02-PR;UOP01-DEL02-PR
636081;20/10/2024;domingo;01:40:00;RS;287;251;SANTA MARIA;Ausência de reação do condutor;Saída de leito carroçável;Com Vítimas Feridas;Plena Noite;Crescente;Céu Claro;Simples;Rotatória;Sim;1;0;1;0;0;0;1;1;-29,68727638;-53,88440078;SPRF-RS;DEL09-RS;UOP01-DEL09-RS
636083;20/10/2024;domingo;00:10:00;RJ;116;191;NOVA IGUACU;Ausência de reação do condutor;Colisão traseira;Sem Vítimas;Plena Noite;Crescente;Chuva;Dupla;Reta;Não;2;0;0;0;2;0;0;2;-22,74421443;-43,509822;SPRF-RJ;DEL06-RJ;UOP01-DEL06-RJ
636084;20/10/2024;domingo;02:15:00;SP;101;47,8;UBATUBA;Ausência de reação do condutor;Saída de leito carroçável;Com Vítimas Feridas;Plena Noite;Crescente;Chuva;Simples;Rotatória;Sim;1;0;0;1;0;0;1;1;-23,43365041;-45,08612841;SPRF-SP;DEL06-SP;UOP01-DEL06-SP
636089;20/10/2024;domingo;03:25:00;CE;222;4;FORTALEZA;Condutor Dormindo;Capotamento;Sem Vítimas;Plena Noite;Decrescente;Céu Claro;Múltipla;Reta;Sim;1;0;0;0;0;1;0;1;-3,74164754;-38,60449792;SPRF-CE;DEL01-CE;UOP01-DEL01-CE
636091;20/10/2024;domingo;04:00:00;SP;116;147;SAO JOSE DOS CAMPOS;Reação tardia ou ineficiente do condutor;Engavetamento;Com Vítimas Feridas;Plena Noite;Decrescente;Chuva;Dupla;Reta;Sim;8;0;0;5;2;1;5;4;-23,19542994;-45,87176303;SPRF-SP;DEL02-SP;UOP01-DEL02-SP
636093;20/10/2024;domingo;05:11:00;PR;277;75;SAO JOSE DOS PINHAIS;Reação tardia ou ineficiente do condutor;Colisão traseira;Com Vítimas Feridas;Plena Noite;Crescente;Garoa/Chuvisco;Dupla;Reta;Não;7;0;2;0;5;0;2;3;-25,4934;-49,1689;SPRF-PR;DEL01-PR;UOP07-DEL01-PR
636094;20/10/2024;domingo;03:30:00;SC;101;316;PESCARIA BRAVA;Reação tardia ou ineficiente do condutor;Tombamento;Com Vítimas Fatais;Plena Noite;Decrescente;Céu Claro;Dupla;"Reta;Aclive";Não;4;1;2;0;1;0;2;2;-28,4257857;-48,8585072;SPRF-SC;DEL02-SC;UOP01-DEL02-SC
636095;20/10/2024;domingo;06:15:00;SP;116;7;QUELUZ;Chuva;Capotamento;Com Vítimas Feridas;Amanhecer;Crescente;Chuva;Dupla;Curva;Não;3;0;3;0;0;0;3;1;-22,53585531;-44,76280689;SPRF-SP;DEL08-SP;UOP02-DEL08-SP
636096;20/10/2024;domingo;06:45:00;TO;153;148;ARAGUAINA;Reação tardia ou ineficiente do condutor;Queda de ocupante de veículo;Com Vítimas Feridas;Pleno dia;Crescente;Céu Claro;Dupla;"Reta;Interseção de Vias";Sim;2;0;2;0;0;0;2;1;-7,23023092;-48,25208725;SPRF-TO;DEL02-TO;UOP01-DEL02-TO
636097;20/10/2024;domingo;05:30:00;SE;235;16,8;LARANJEIRAS;Ausência de reação do condutor;Colisão traseira;Com Vítimas Feridas;Pleno dia;Decrescente;Céu Claro;Simples;Reta;Não;2;0;0;1;0;1;1;2;-10,852552;-37,192886;SPRF-SE;DEL01-SE;UOP02-DEL01-SE
636098;20/10/2024;domingo;05:02:00;MS;163;64;ELDORADO;Ausência de reação do condutor;Saída de leito carroçável;Sem Vítimas;Amanhecer;Crescente;Céu Claro;Simples;Declive;Não;1;0;0;0;1;0;0;1;-23,59174189;-54,21426613;SPRF-MS;DEL09-MS;UOP02-DEL09-MS
636099;20/10/2024;domingo;06:25:00;GO;153;500;GOIANIA;Ingestão de álcool pelo condutor;Queda de ocupante de veículo;Com Vítimas Feridas;Amanhecer;Decrescente;Nublado;Dupla;Reta;Sim;2;0;2;0;0;0;2;1;-16,7118;-49,2324;SPRF-GO;DEL01-GO;UOP01-DEL01-GO
636100;20/10/2024;domingo;06:16:00;PE;232;6;RECIFE;Avarias e/ou desgaste excessivo no pneu;Tombamento;Sem Vítimas;Pleno dia;Crescente;Céu Claro;Dupla;Reta;Sim;1;0;0;0;0;1;0;1;-8,07079525;-34,9535389;SPRF-PE;DEL01-PE;UOP01-DEL01-PE
636101;20/10/2024;domingo;06:13:00;PA;230;120;MARABA;Reação tardia ou ineficiente do condutor;Colisão traseira;Com Vítimas Feridas;Pleno dia;Decrescente;Céu Claro;Dupla;"Viaduto;Reta";Sim;2;0;1;0;1;0;1;2;-5,35038318;-49,11434;SPRF-PA;DEL03-PA;UOP01-DEL03-PA
636102;20/10/2024;domingo;07:00:00;PE;232;141,5;SAO CAITANO;Animais na Pista;Atropelamento de Animal;Com Vítimas Feridas;Pleno dia;Decrescente;Céu Claro;Dupla;Reta;Não;1;0;1;0;0;0;1;1;-8,32108263;-36,08591505;SPRF-PE;DEL03-PE;UOP02-DEL03-PE
636103;20/10/2024;domingo;06:10:00;MG;381;439,5;SABARA;Reação tardia ou ineficiente do condutor;Saída de leito carroçável;Com Vítimas Feridas;Amanhecer;Crescente;Chuva;Simples;Curva;Não;1;0;1;0;0;0;1;1;-19,81160206;-43,79604396;SPRF-MG;DEL01-MG;UOP01-DEL01-MG
636104;30/05/2024;quinta-feira;18:00:00;MT;163;1050;MATUPA;Demais falhas mecânicas ou elétricas;Tombamento;Com Vítimas Feridas;Anoitecer;Decrescente;Céu Claro;Simples;Reta;Não;1;0;1;0;0;0;1;1;-10,2066163;-54,96082456;SPRF-MT;DEL06-MT;UOP03-DEL06-MT
636107;20/10/2024;domingo;07:00:00;PR;116;48;CAMPINA GRANDE DO SUL;Chuva;Saída de leito carroçável;Com Vítimas Feridas;Pleno dia;Decrescente;Garoa/Chuvisco;Dupla;Curva;Não;2;0;0;1;1;0;1;1;-25,21708693;-48,90395114;SPRF-PR;DEL01-PR;UOP02-DEL01-PR
636109;20/10/2024;domingo;06:40:00;SC;470;10,3;NAVEGANTES;Ingestão de álcool pelo condutor;Colisão com objeto;Sem Vítimas;Amanhecer;Crescente;Céu Claro;Dupla;Curva;Não;1;0;0;0;0;1;0;1;-26,833693;-48,73724;SPRF-SC;DEL04-SC;UOP04-DEL04-SC
636111;20/10/2024;domingo;04:00:00;MG;146;479;POCOS DE CALDAS;Ausência de reação do condutor;Capotamento;Com Vítimas Feridas;Amanhecer;Decrescente;Chuva;Simples;Curva;Não;2;0;1;0;1;0;1;1;-21,7869191;-46,44332886;SPRF-MG;DEL09-MG;UOP01-DEL09-MG
636112;20/10/2024;domingo;07:08:00;DF;20;9;BRASILIA;Ingestão de álcool pelo condutor;Colisão com objeto;Sem Vítimas;Pleno dia;Crescente;Nublado;Múltipla;"Viaduto;Aclive";Sim;3;0;0;0;3;0;0;1;-15,654671;-47,782917;SPRF-DF;DEL02-DF;UOP01-DEL02-DF
636113;20/10/2024;domingo;02:40:00;MG;116;533;SANTA RITA DE MINAS;Velocidade Incompatível;Saída de leito carroçável;Com Vítimas Feridas;Plena Noite;Crescente;Nublado;Simples;Curva;Não;1;0;0;1;0;0;1;1;-19,83624191;-42,13833241;SPRF-MG;DEL06-MG;UOP02-DEL06-MG
636114;20/10/2024;domingo;07:20:00;DF;60;9;BRASILIA;Ausência de reação do condutor;Saída de leito carroçável;Com Vítimas Feridas;Pleno dia;Decrescente;Céu Claro;Dupla;Reta;Sim;1;0;1;0;0;0;1;1;-15,906293;-48,139965;SPRF-DF;DEL03-DF;UOP01-DEL03-DF
636115;20/10/2024;domingo;07:40:00;SC;480;126;CHAPECO;Reação tardia ou ineficiente do condutor;Colisão traseira;Com Vítimas Feridas;Pleno dia;Decrescente;Céu Claro;Dupla;"Aclive;Reta";Não;2;0;1;0;1;0;1;2;-27,023202;-52,635072;SPRF-SC;DEL07-SC;UOP01-DEL07-SC
636116;20/10/2024;domingo;06:45:00;RN;101;103;PARNAMIRIM;Reação tardia ou ineficiente do condutor;Queda de ocupante de veículo;Com Vítimas Feridas;Pleno dia;Crescente;Céu Claro;Dupla;Reta;Sim;1;0;1;0;0;0;1;1;-5,89034022;-35,24894996;SPRF-RN;DEL01-RN;UOP01-DEL01-RN
636117;20/10/2024;domingo;07:50:00;SP;116;545;BARRA DO TURVO;Reação tardia ou ineficiente do condutor;Capotamento;Com Vítimas Feridas;Pleno dia;Crescente;Garoa/Chuvisco;Simples;"Curva;Declive";Não;1;0;1;0;0;0;1;1;-24,95016699;-48,42400302;SPRF-SP;DEL05-SP;UOP02-DEL05-SP
636118;20/10/2024;domingo;02:00:00;SC;282;572;PINHALZINHO;Ausência de reação do condutor;Saída de leito carroçável;Com Vítimas Feridas;Plena Noite;Decrescente;Céu Claro;Simples;Reta;Não;2;0;0;1;1;0;1;1;-26,879332;-52,949421;SPRF-SC;DEL07-SC;UOP02-DEL07-SC
636119;20/10/2024;domingo;06:00:00;MG;365;33;MONTES CLAROS;Velocidade Incompatível;Capotamento;Com Vítimas Feridas;Amanhecer;Decrescente;Chuva;Simples;Curva;Não;3;0;2;1;0;0;3;1;-16,86177402;-44,12406299;SPRF-MG;DEL12-MG;UOP01-DEL12-MG
636122;29/09/2024;domingo;04:15:00;MG;251;446;GRAO MOGOL;Animais na Pista;Atropelamento de Animal;Com Vítimas Feridas;Amanhecer;Crescente;Céu Claro;Simples;Reta;Não;3;0;1;0;0;2;1;2;-16,43296895;-43,27160208;SPRF-MG;DEL12-MG;UOP01-DEL12-MG
636123;20/10/2024;domingo;02:00:00;AC;317;146;CAPIXABA;Transitar na contramão;Colisão lateral sentido oposto;Sem Vítimas;Plena Noite;Decrescente;Céu Claro;Simples;Reta;Sim;18;0;0;0;18;0;0;2;-10,57512577;-67,67595525;SPRF-AC;DEL01-AC;UOP01-DEL01-AC
636124;20/10/2024;domingo;08:50:00;RJ;101;436,5;MANGARATIBA;Reação tardia ou ineficiente do condutor;Colisão frontal;Com Vítimas Fatais;Pleno dia;Crescente;Chuva;Simples;"Curva;Declive";Não;7;2;1;4;0;0;5;2;-22,9484;-44,062252;SPRF-RJ;DEL03-RJ;UOP02-DEL03-RJ
636126;20/10/2024;domingo;06:55:00;MT;70;279;PRIMAVERA DO LESTE;Acesso irregular;Colisão transversal;Com Vítimas Feridas;Pleno dia;Crescente;Nublado;Dupla;Reta;Sim;3;0;1;0;2;0;1;3;-15,560052;-54,292177;SPRF-MT;DEL05-MT;UOP01-DEL05-MT
636127;20/10/2024;domingo;08:20:00;PR;277;688,5;SAO MIGUEL DO IGUACU;Acessar a via sem observar a presença dos outros veículos;Colisão transversal;Com Vítimas Feridas;Pleno dia;Decrescente;Céu Claro;Dupla;Reta;Sim;6;0;4;0;2;0;4;2;-25,34525482;-54,23408504;SPRF-PR;DEL05-PR;UOP01-DEL05-PR
636128;20/10/2024;domingo;07:30:00;SP;116;139;SAO JOSE DOS CAMPOS;Ingestão de álcool pelo condutor;Colisão com objeto;Com Vítimas Feridas;Pleno dia;Decrescente;Chuva;Dupla;Reta;Sim;2;0;1;0;1;0;1;1;-23,16153216;-45,80400592;SPRF-SP;DEL02-SP;UOP01-DEL02-SP
636129;20/10/2024;domingo;02:00:00;MG;381;543,8;ITATIAIUCU;Velocidade Incompatível;Saída de leito carroçável;Com Vítimas Feridas;Plena Noite;Decrescente;Chuva;Dupla;"Curva;Declive";Não;1;0;1;0;0;0;1;1;-20,25381212;-44,41248544;SPRF-MG;DEL04-MG;UOP03-DEL04-MG
636130;20/10/2024;domingo;07:30:00;PR;277;107;CURITIBA;Reação tardia ou ineficiente do condutor;Colisão com objeto;Com Vítimas Feridas;Pleno dia;Crescente;Garoa/Chuvisco;Simples;Curva;Não;2;0;1;0;0;1;1;1;-25,47157895;-49,35341791;SPRF-PR;DEL03-PR;UOP03-DEL03-PR
636131;20/10/2024;domingo;09:20:00;MG;146;486;POCOS DE CALDAS;Condutor deixou de manter distância do veículo da frente;Colisão traseira;Sem Vítimas;Pleno dia;Crescente;Chuva;Simples;Rotatória;Sim;2;0;0;0;2;0;0;2;-21,814434;-46,467499;SPRF-MG;DEL09-MG;UOP01-DEL09-MG
636132;20/10/2024;domingo;08:40:00;RJ;116;128;MAGE;Reação tardia ou ineficiente do condutor;Colisão lateral mesmo sentido;Sem Vítimas;Pleno dia;Decrescente;Chuva;Dupla;Reta;Não;2;0;0;0;2;0;0;2;-22,6657139;-43,10092001;SPRF-RJ;DEL04-RJ;UOP02-DEL04-RJ
636133;18/10/2024;sexta-feira;20:30:00;SE;101;149;ESTANCIA;Ausência de reação do condutor;Colisão com objeto;Com Vítimas Feridas;Plena Noite;Decrescente;Céu Claro;Simples;Reta;Sim;1;0;1;0;0;0;1;1;-11,24076315;-37,43120873;SPRF-SE;DEL02-SE;UOP01-DEL02-SE
636134;20/10/2024;domingo;09:37:00;RN;101;109;PARNAMIRIM;Condutor deixou de manter distância do veículo da frente;Colisão traseira;Com Vítimas Feridas;Pleno dia;Crescente;Céu Claro;Dupla;Reta;Sim;1;0;1;0;0;0;1;1;-5,937378;-35,26483;SPRF-RN;DEL01-RN;UOP01-DEL01-RN
636135;20/10/2024;domingo;09:00:00;SP;381;61;MAIRIPORA;Chuva;Colisão transversal;Com Vítimas Feridas;Pleno dia;Crescente;Chuva;Dupla;Declive;Não;4;0;3;0;1;0;3;2;-23,29011611;-46,5800681;SPRF-SP;DEL03-SP;UOP01-DEL03-SP
636136;20/10/2024;domingo;09:23:00;PE;101;58,6;RECIFE;Estacionar ou parar em local proibido;Colisão com objeto;Com Vítimas Feridas;Pleno dia;Decrescente;Céu Claro;Múltipla;"Aclive;Reta";Não;2;0;0;1;1;0;1;2;-7,9761715;-34,923563;SPRF-PE;DEL01-PE;UOP02-DEL01-PE
636137;20/10/2024;domingo;06:15:00;MG;116;516,2;UBAPORANGA;Velocidade Incompatível;Saída de leito carroçável;Com Vítimas Feridas;Amanhecer;Decrescente;Chuva;Simples;Curva;Não;3;0;3;0;0;0;3;1;-19,69633994;-42,11689689;SPRF-MG;DEL06-MG;UOP02-DEL06-MG
636138;20/10/2024;domingo;09:15:00;PE;104;79;CARUARU;Acessar a via sem observar a presença dos outros veículos;Colisão transversal;Sem Vítimas;Pleno dia;Decrescente;Céu Claro;Simples;Reta;Sim;2;0;0;0;2;0;0;2;-8,389074;-35,974712;SPRF-PE;DEL02-PE;UOP01-DEL02-PE
636140;20/10/2024;domingo;09:20:00;GO;60;186;GUAPO;Demais falhas mecânicas ou elétricas;Colisão com objeto;Sem Vítimas;Pleno dia;Crescente;Chuva;Dupla;"Curva;Declive";Não;1;0;0;0;1;0;0;1;-16,8011;-49,5177;SPRF-GO;DEL01-GO;UOP02-DEL01-GO
636141;20/10/2024;domingo;09:45:00;RN;101;96,5;NATAL;Ausência de reação do condutor;Tombamento;Com Vítimas Feridas;Pleno dia;Decrescente;Sol;Múltipla;Reta;Sim;1;0;1;0;0;0;1;1;-5,85420125;-35,21108508;SPRF-RN;DEL01-RN;UOP01-DEL01-RN
636142;20/10/2024;domingo;12:00:00;MG;262;380,5;FLORESTAL;Reação tardia ou ineficiente do condutor;Saída de leito carroçável;Com Vítimas Feridas;Pleno dia;Decrescente;Chuva;Dupla;Aclive;Sim;2;0;2;0;0;0;2;1;-19,93559159;-44,44132805;SPRF-MG;DEL01-MG;UOP03-DEL01-MG
636144;20/10/2024;domingo;07:30:00;MG;381;428,9;SABARA;Velocidade Incompatível;Saída de leito carroçável;Com Vítimas Feridas;Pleno dia;Decrescente;Chuva;Simples;Curva;Não;1;0;1;0;0;0;1;1;-19,787557;-43,691521;SPRF-MG;DEL01-MG;UOP01-DEL01-MG
636145;20/10/2024;domingo;09:20:00;PE;232;57,8;POMBOS;Ingestão de álcool pelo condutor;Saída de leito carroçável;Sem Vítimas;Pleno dia;Decrescente;Céu Claro;Dupla;Reta;Não;1;0;0;0;1;0;0;1;-8,1412132;-35,38181492;SPRF-PE;DEL02-PE;UOP02-DEL02PE
636146;20/10/2024;domingo;10:20:00;RS;158;563,3;SANTANA DO LIVRAMENTO;Acessar a via sem observar a presença dos outros veículos;Colisão transversal;Com Vítimas Feridas;Pleno dia;Crescente;Céu Claro;Simples;Reta;Sim;4;0;2;0;1;1;2;3;-30,85714793;-55,49955236;SPRF-RS;DEL11-RS;UOP01-DEL11-RS
636147;20/10/2024;domingo;09:00:00;AP;210;0;MACAPA;Ausência de reação do condutor;Colisão traseira;Com Vítimas Feridas;Pleno dia;Crescente;Céu Claro;Dupla;Reta;Sim;2;0;1;0;0;1;1;2;0,07780012;-51,06097;SPRF-AP;DEL01-AP;UOP01-DEL01-AP
636148;20/10/2024;domingo;10:00:00;PR;277;80,6;CURITIBA;Pedestre andava na pista;Atropelamento de Pedestre;Com Vítimas Feridas;Pleno dia;Decrescente;Céu Claro;Dupla;Reta;Não;2;0;1;0;1;0;1;2;-25,467;-49,215;SPRF-PR;DEL01-PR;UOP03-DEL01-PR
636149;20/10/2024;domingo;10:00:00;GO;60;89;ANAPOLIS;Condutor deixou de manter distância do veículo da frente;Colisão traseira;Sem Vítimas;Pleno dia;Decrescente;Chuva;Dupla;"Retorno Regulamentado;Reta";Sim;2;0;0;0;2;0;0;2;-16,3367;-48,8957;SPRF-GO;DEL02-GO;UOP01-DEL02-GO
636150;20/10/2024;domingo;09:05:00;PE;423;66;JUPI;Conversão proibida;Colisão transversal;Sem Vítimas;Pleno dia;Decrescente;Céu Claro;Simples;Reta;Não;3;0;0;0;2;1;0;2;-8,66844631;-36,37491793;SPRF-PE;DEL03-PE;UOP01-DEL03-PE
636151;20/10/2024;domingo;10:40:00;MG;262;381,5;MATEUS LEME;Acumulo de água sobre o pavimento;Saída de leito carroçável;Com Vítimas Feridas;Pleno dia;Decrescente;Chuva;Dupla;"Curva;Declive";Não;4;0;4;0;0;0;4;2;-19,940622;-44,386969;SPRF-MG;DEL01-MG;UOP03-DEL01-MG
636152;20/10/2024;domingo;09:40:00;SC;101;85,2;BARRA VELHA;Ingestão de álcool pelo condutor;Colisão traseira;Sem Vítimas;Pleno dia;Decrescente;Céu Claro;Dupla;Reta;Sim;8;0;0;0;8;0;0;3;-26,62840879;-48,70813584;SPRF-SC;DEL03-SC;UOP02-DEL03-SC
636154;20/10/2024;domingo;10:30:00;MG;40;665,4;CARANDAI;Desrespeitar a preferência no cruzamento;Colisão transversal;Com Vítimas Feridas;Pleno dia;Crescente;Chuva;Simples;"Reta;Declive";Sim;2;0;1;0;1;0;1;2;-20,94339;-43,810118;SPRF-MG;DEL05-MG;UOP02-DEL05-MG
636155;20/10/2024;domingo;05:30:00;MG;381;432;SABARA;Pista Escorregadia;Saída de leito carroçável;Com Vítimas Feridas;Amanhecer;Crescente;Chuva;Simples;Curva;Sim;1;0;0;1;0;0;1;1;-19,787261;-43,699722;SPRF-MG;DEL01-MG;UOP01-DEL01-MG
636156;20/10/2024;domingo;11:10:00;RS;386;348,8;LAJEADO;Ausência de reação do condutor;Queda de ocupante de veículo;Com Vítimas Feridas;Pleno dia;Decrescente;Sol;Dupla;"Reta;Em Obras;Aclive";Não;1;0;1;0;0;0;1;1;-29,46563272;-51,95513964;SPRF-RS;DEL04-RS;UOP01-DEL04-RS
636157;20/10/2024;domingo;08:00:00;MG;262;447;NOVA SERRANA;Chuva;Saída de leito carroçável;Com Vítimas Feridas;Pleno dia;Decrescente;Chuva;Simples;Reta;Não;1;0;1;0;0;0;1;1;-19,87341662;-44,96007194;SPRF-MG;DEL08-MG;UOP03-DEL08-MG
636160;20/10/2024;domingo;06:00:00;MG;381;876;ESTIVA;Velocidade Incompatível;Saída de leito carroçável;Com Vítimas Feridas;Amanhecer;Decrescente;Chuva;Dupla;Curva;Não;1;0;1;0;0;0;1;1;-22,472813;-46,01072791;SPRF-MG;DEL16-MG;UOP01-DEL16-MG
636164;20/10/2024;domingo;08:40:00;RJ;101;196;CASIMIRO DE ABREU;Reação tardia ou ineficiente do condutor;Saída de leito carroçável;Com Vítimas Feridas;Pleno dia;Decrescente;Chuva;Dupla;Curva;Não;1;0;1;0;0;0;1;1;-22,49207101;-42,10926701;SPRF-RJ;DEL08-RJ;UOP04-DEL08-RJ
636165;20/10/2024;domingo;10:20:00;GO;153;426,8;ANAPOLIS;Reação tardia ou ineficiente do condutor;Saída de leito carroçável;Com Vítimas Feridas;Pleno dia;Crescente;Chuva;Dupla;Aclive;Não;1;0;1;0;0;0;1;1;-16,221258;-49,013374;SPRF-GO;DEL02-GO;UOP01-DEL02-GO
636166;20/10/2024;domingo;12:00:00;SP;116;126;CACAPAVA;Reação tardia ou ineficiente do condutor;Colisão traseira;Com Vítimas Feridas;Pleno dia;Crescente;Chuva;Dupla;Reta;Não;3;0;1;0;2;0;1;2;-23,10433057;-45,69425762;SPRF-SP;DEL02-SP;UOP02-DEL02-SP
636167;20/10/2024;domingo;11:30:00;CE;116;32;AQUIRAZ;Manobra de mudança de faixa;Colisão com objeto;Com Vítimas Feridas;Pleno dia;Crescente;Céu Claro;Dupla;Curva;Não;2;0;1;0;1;0;1;1;-4,02676186;-38,51392889;SPRF-CE;DEL01-CE;UOP02-DEL01-CE
636168;20/10/2024;domingo;12:05:00;MG;381;434,5;SABARA;Reação tardia ou ineficiente do condutor;Saída de leito carroçável;Com Vítimas Feridas;Pleno dia;Crescente;Chuva;Simples;Reta;Não;3;0;3;0;0;0;3;1;-19,787641;-43,73874;SPRF-MG;DEL01-MG;UOP01-DEL01-MG
636170;26/09/2024;quinta-feira;18:00:00;BA;324;625;SALVADOR;Manobra de mudança de faixa;Queda de ocupante de veículo;Com Vítimas Feridas;Anoitecer;Decrescente;Céu Claro;Múltipla;Reta;Sim;2;0;0;1;0;1;1;2;-12,94194706;-38,47081224;SPRF-BA;DEL01-BA;UOP01-DEL01-BA
636171;20/10/2024;domingo;12:10:00;PR;116;114;CURITIBA;Acessar a via sem observar a presença dos outros veículos;Colisão traseira;Com Vítimas Feridas;Pleno dia;Crescente;Nublado;Dupla;Reta;Não;2;0;1;0;1;0;1;2;-25,56296907;-49,25643801;SPRF-PR;DEL01-PR;UOP03-DEL01-PR
636172;20/10/2024;domingo;12:20:00;SP;101;41;UBATUBA;Velocidade Incompatível;Colisão frontal;Com Vítimas Feridas;Pleno dia;Decrescente;Chuva;Simples;Curva;Não;12;0;2;1;9;0;3;3;-23,42008037;-45,04194438;SPRF-SP;DEL06-SP;UOP01-DEL06-SP