id;data_inversa;dia_semana;horario;uf;br;km;municipio;causa_acidente;tipo_acidente;classificacao_acidente;fase_dia;sentido_via;condicao_metereologica;tipo_pista;tracado_via;uso_solo;pessoas;mortos;feridos_leves;feridos_graves;ilesos;ignorados;feridos;veiculos;latitude;longitude;regional;delegacia;uop
636283;20/10/2024;domingo;19:40:00;MG;40;608,6;CONGONHAS;Estacionar ou parar em local proibido;Colisão traseira;Com Vítimas Feridas;Plena Noite;Decrescente;Chuva;Simples;Reta;Não;4;0;2;0;2;0;2;2;-20,48427186;-43,83895771;SPRF-MG;DEL05-MG;UOP02-DEL05-MG
636284;20/10/2024;domingo;07:30:00;MG;381;912,9;CAMANDUCAIA;Curva acentuada;Capotamento;Sem Vítimas;Pleno dia;Decrescente;Chuva;Dupla;Curva;Não;1;0;0;0;0;1;0;1;-22,74838439;-46,1396147;SPRF-MG;DEL16-MG;UOP03-DEL16-MG
636285;20/10/2024;domingo;19:00:00;AL;104;90;RIO LARGO;Acessar a via sem observar a presença dos outros veículos;Colisão lateral mesmo sentido;Com Vítimas Feridas;Plena Noite;Crescente;Céu Claro;Dupla;"Interseção de Vias;Reta;Retorno Regulamentado";Não;2;0;0;1;0;1;1;2;-9,50059087;-35,81127569;SPRF-AL;DEL01-AL;UOP01-DEL01-AL
636286;20/10/2024;domingo;18:20:00;PB;412;109;SUME;Ingestão de álcool pelo condutor;Colisão traseira;Com Vítimas Feridas;Plena Noite;Crescente;Céu Claro;Simples;Reta;Sim;2;0;1;0;1;0;1;2;-7,675978;-36,884178;SPRF-PB;DEL02-PB;UOP02-DEL02-PB
636287;20/10/2024;domingo;19:50:00;MG;381;456;BELO HORIZONTE;Condutor Dormindo;Colisão com objeto;Com Vítimas Feridas;Plena Noite;Crescente;Chuva;Dupla;"Aclive;Reta";Sim;4;0;4;0;0;0;4;1;-19,85862954;-43,91292495;SPRF-MG;DEL01-MG;UOP01-DEL01-MG
636288;20/10/2024;domingo;19:00:00;SC;280;6,3;SAO FRANCISCO DO SUL;Acessar a via sem observar a presença dos outros veículos;Colisão traseira;Com Vítimas Feridas;Plena Noite;Crescente;Céu Claro;Simples;Reta;Não;2;0;1;0;1;0;1;2;-26,26569095;-48,63361804;SPRF-SC;DEL03-SC;UOP03-DEL03-SC
636289;20/10/2024;domingo;19:55:00;PR;376;619;SAO JOSE DOS PINHAIS;Acessar a via sem observar a presença dos outros veículos;Colisão transversal;Com Vítimas Feridas;Plena Noite;Crescente;Garoa/Chuvisco;Múltipla;Reta;Sim;3;0;2;0;1;0;2;2;-25,60034699;-49,17355691;SPRF-PR;DEL01-PR;UOP04-DEL01-PR
636291;20/10/2024;domingo;20:00:00;GO;153;509,1;APARECIDA DE GOIANIA;Reação tardia ou ineficiente do condutor;Queda de ocupante de veículo;Com Vítimas Feridas;Plena Noite;Decrescente;Céu Claro;Dupla;"Reta;Declive";Sim;2;0;2;0;0;0;2;1;-16,7888;-49,2379;SPRF-GO;DEL01-GO;UOP03-DEL01-GO
636292;20/10/2024;domingo;19:00:00;RJ;40;31;AREAL;Reação tardia ou ineficiente do condutor;Capotamento;Com Vítimas Feridas;Plena Noite;Decrescente;Chuva;Dupla;"Curva;Declive";Não;1;0;1;0;0;0;1;1;-22,19245612;-43,16023202;SPRF-RJ;DEL05-RJ;UOP02-DEL05-RJ
636293;20/10/2024;domingo;19:00:00;RJ;101;578;PARATY;Transitar na contramão;Colisão transversal;Com Vítimas Feridas;Plena Noite;Decrescente;Chuva;Simples;Reta;Sim;2;0;0;1;1;0;1;2;-23,23539058;-44,71182799;SPRF-RJ;DEL03-RJ;UOP04-DEL03-RJ
636294;20/10/2024;domingo;18:35:00;MS;163;679,8;RIO VERDE DE MATO GROSSO;Ausência de reação do condutor;Colisão com objeto;Com Vítimas Feridas;Plena Noite;Crescente;Nublado;Simples;Aclive;Sim;2;0;2;0;0;0;2;1;-18,92417173;-54,83538529;SPRF-MS;DEL06-MS;UOP02-DEL06-MS
636295;20/10/2024;domingo;20:38:00;TO;153;454;BARROLANDIA;Transitar na contramão;Colisão frontal;Com Vítimas Fatais;Plena Noite;Crescente;Nublado;Simples;Reta;Não;2;1;0;0;1;0;0;2;-9,86171998;-48,72343013;SPRF-TO;DEL01-TO;UOP01-DEL01-TO
636297;20/10/2024;domingo;19:55:00;MS;163;275,3;DOURADOS;Velocidade Incompatível;Colisão traseira;Com Vítimas Feridas;Plena Noite;Crescente;Céu Claro;Dupla;"Reta;Declive";Não;5;0;2;2;1;0;4;2;-22,1666872;-54,65611485;SPRF-MS;DEL04-MS;UOP01-DEL04-MS
636298;20/10/2024;domingo;09:25:00;ES;262;75;DOMINGOS MARTINS;Velocidade Incompatível;Tombamento;Com Vítimas Feridas;Pleno dia;Decrescente;Chuva;Simples;Curva;Não;1;0;1;0;0;0;1;1;-20,41504648;-40,90256283;SPRF-ES;DEL01-ES;UOP02-DEL01-ES
636299;20/10/2024;domingo;19:00:00;RS;470;178;VERANOPOLIS;Condutor desrespeitou a iluminação vermelha do semáforo;Colisão lateral sentido oposto;Com Vítimas Feridas;Plena Noite;Crescente;Céu Claro;Simples;Interseção de Vias;Sim;3;0;2;0;1;0;2;3;-28,94753484;-51,55413312;SPRF-RS;DEL06-RS;UOP02-DEL06-RS
636300;20/10/2024;domingo;20:40:00;RS;116;147,4;CAXIAS DO SUL;Condutor desrespeitou a iluminação vermelha do semáforo;Colisão transversal;Sem Vítimas;Plena Noite;Decrescente;Céu Claro;Dupla;Interseção de Vias;Sim;2;0;0;0;2;0;0;2;-29,14908014;-51,1429969;SPRF-RS;DEL05-RS;UOP01-DEL05-RS
636301;20/10/2024;domingo;19:15:00;SC;101;151,7;ITAPEMA;Ingestão de substâncias psicoativas pelo condutor;Colisão frontal;Com Vítimas Feridas;Plena Noite;Crescente;Nublado;Dupla;"Reta;Interseção de Vias";Não;5;0;2;0;3;0;2;5;-27,126536;-48,609642;SPRF-SC;DEL04-SC;UOP03-DEL04-SC
636302;20/10/2024;domingo;20:30:00;RN;304;118,5;PARNAMIRIM;Animais na Pista;Atropelamento de Animal;Com Vítimas Feridas;Plena Noite;Crescente;Céu Claro;Dupla;Reta;Sim;1;0;0;1;0;0;1;1;-5,931218;-35,264915;SPRF-RN;DEL04-RN;UOP01-DEL04-RN
636303;22/04/2024;segunda-feira;13:30:00;PR;376;143;PRESIDENTE CASTELO BRANCO;Avarias e/ou desgaste excessivo no pneu;Queda de ocupante de veículo;Com Vítimas Feridas;Pleno dia;Crescente;Ignorado;Dupla;Reta;Não;2;0;2;0;0;0;2;1;-23,26518298;-52,16200896;SPRF-PR;DEL09-PR;UOP02-DEL09-PR
636305;20/10/2024;domingo;20:00:00;PE;232;508;SALGUEIRO;Acessar a via sem observar a presença dos outros veículos;Colisão transversal;Com Vítimas Feridas;Plena Noite;Decrescente;Nublado;Simples;Reta;Não;7;0;2;1;3;1;3;2;-8,06223271;-39,12095006;SPRF-PE;DEL05-PE;UOP01-DEL05-PE
636306;20/10/2024;domingo;19:15:00;PR;376;385;IMBAU;Acessar a via sem observar a presença dos outros veículos;Atropelamento de Pedestre;Com Vítimas Fatais;Plena Noite;Decrescente;Nublado;Dupla;"Declive;Reta";Sim;2;1;0;0;1;0;0;2;-24,44108128;-50,76180875;SPRF-PR;DEL03-PR;UOP02-DEL03-PR
636307;20/10/2024;domingo;20:30:00;BA;415;48;ITABUNA;Transitar na contramão;Colisão frontal;Sem Vítimas;Plena Noite;Crescente;Nublado;Simples;Reta;Sim;4;0;0;0;4;0;0;2;-14,818034;-39,301832;SPRF-BA;DEL05-BA;UOP01-DEL05-BA
636308;20/10/2024;domingo;20:20:00;SC;282;504,9;XANXERE;Desrespeitar a preferência no cruzamento;Colisão frontal;Com Vítimas Feridas;Plena Noite;Crescente;Nublado;Simples;"Interseção de Vias;Reta;Viaduto";Sim;6;0;2;1;3;0;3;2;-26,88534649;-52,41447866;SPRF-SC;DEL07-SC;UOP01-DEL07-SC
636309;20/10/2024;domingo;19:30:00;MA;10;299;SAO FRANCISCO DO BREJAO;Acessar a via sem observar a presença dos outros veículos;Colisão transversal;Com Vítimas Feridas;Plena Noite;Crescente;Céu Claro;Simples;Reta;Sim;2;0;1;0;1;0;1;2;-5,11827061;-47,54871654;SPRF-MA;DEL04-MA;UOP03-DEL04-MA
636310;20/10/2024;domingo;17:00:00;MG;381;821;CAREACU;Reação tardia ou ineficiente do condutor;Queda de ocupante de veículo;Com Vítimas Feridas;Anoitecer;Decrescente;Céu Claro;Dupla;Reta;Não;1;0;1;0;0;0;1;1;-22,11209226;-45,74742779;SPRF-MG;DEL16-MG;UOP02-DEL16-MG
636311;20/10/2024;domingo;17:35:00;AL;316;78;POCO DAS TRINCHEIRAS;Ultrapassagem Indevida;Colisão frontal;Com Vítimas Feridas;Plena Noite;Decrescente;Céu Claro;Simples;Reta;Não;1;0;1;0;0;0;1;1;-9,33497686;-37,2926359;SPRF-AL;DEL03-AL;UOP02-DEL03-AL
636312;20/10/2024;domingo;11:00:00;PA;230;1172;ITAITUBA;Reação tardia ou ineficiente do condutor;Capotamento;Com Vítimas Feridas;Pleno dia;Crescente;Céu Claro;Simples;Reta;Não;2;0;1;0;0;1;1;1;-4,33960162;-56,1320973;SPRF-PA;DEL05-PA;UOP02-DEL05-PA
636316;20/10/2024;domingo;21:15:00;SC;101;24,6;JOINVILLE;Entrada inopinada do pedestre;Atropelamento de Pedestre;Com Vítimas Feridas;Plena Noite;Crescente;Nublado;Simples;Reta;Sim;2;0;1;1;0;0;2;2;-26,1834739;-48,9105912;SPRF-SC;DEL03-SC;UOP01-DEL03-SC
636317;20/10/2024;domingo;19:03:00;RJ;116;263,5;VOLTA REDONDA;Pedestre cruzava a pista fora da faixa;Atropelamento de Pedestre;Com Vítimas Fatais;Plena Noite;Crescente;Céu Claro;Dupla;"Curva;Declive";Não;5;1;0;0;4;0;0;3;-22,59220328;-44,06782285;SPRF-RJ;DEL07-RJ;UOP02-DEL07-RJ
636318;20/10/2024;domingo;12:45:00;RJ;116;55;TERESOPOLIS;Chuva;Capotamento;Com Vítimas Feridas;Pleno dia;Crescente;Chuva;Simples;Curva;Não;4;0;3;1;0;0;4;1;-22,20348855;-42,88843108;SPRF-RJ;DEL04-RJ;UOP01-DEL04-RJ
636319;20/10/2024;domingo;20:25:00;PR;376;170,8;MARINGA;Ausência de reação do condutor;Colisão traseira;Com Vítimas Feridas;Plena Noite;Crescente;Céu Claro;Múltipla;Reta;Sim;2;0;0;1;1;0;1;2;-23,41595703;-51,97950402;SPRF-PR;DEL09-PR;UOP01-DEL09-PR
636320;20/10/2024;domingo;20:40:00;PR;116;14,9;CAMPINA GRANDE DO SUL;Reação tardia ou ineficiente do condutor;Colisão com objeto;Com Vítimas Feridas;Plena Noite;Crescente;Garoa/Chuvisco;Dupla;"Curva;Declive";Não;3;0;1;0;2;0;1;1;-25,09724884;-48,67225528;SPRF-PR;DEL01-PR;UOP02-DEL01-PR
636321;20/10/2024;domingo;16:05:00;MG;116;554,5;MANHUACU;Acumulo de água sobre o pavimento;Colisão frontal;Com Vítimas Fatais;Pleno dia;Decrescente;Chuva;Simples;Reta;Não;5;1;0;4;0;0;4;2;-20,00117809;-42,14034158;SPRF-MG;DEL06-MG;UOP02-DEL06-MG
636322;20/10/2024;domingo;18:50:00;SC;280;30;ARAQUARI;Acumulo de areia ou detritos sobre o pavimento;Tombamento;Com Vítimas Feridas;Plena Noite;Crescente;Céu Claro;Simples;Rotatória;Não;2;0;2;0;0;0;2;1;-26,41816134;-48,77839565;SPRF-SC;DEL03-SC;UOP03-DEL03-SC
636323;20/10/2024;domingo;20:50:00;SP;153;58,2;SAO JOSE DO RIO PRETO;Ausência de reação do condutor;Colisão com objeto;Com Vítimas Feridas;Pleno dia;Decrescente;Nublado;Dupla;Declive;Sim;1;0;1;0;0;0;1;1;-20,77838195;-49,35300538;SPRF-SP;DEL09-SP;UOP01-DEL09-SP
636325;20/10/2024;domingo;19:15:00;GO;364;70;CACHOEIRA ALTA;Animais na Pista;Atropelamento de Animal;Com Vítimas Feridas;Plena Noite;Crescente;Nublado;Simples;Reta;Não;3;0;2;0;0;1;2;2;-18,65638;-50,998772;SPRF-GO;DEL05-GO;UOP02-DEL05-GO
636327;20/10/2024;domingo;21:15:00;SC;470;54,4;BLUMENAU;Desrespeitar a preferência no cruzamento;Colisão transversal;Com Vítimas Feridas;Plena Noite;Crescente;Nublado;Simples;"Reta;Rotatória;Declive";Sim;4;0;0;1;3;0;1;2;-26,87320538;-49,11419749;SPRF-SC;DEL04-SC;UOP01-DEL04-SC
636328;20/10/2024;domingo;22:35:00;SP;116;229;SAO PAULO;Reação tardia ou ineficiente do condutor;Colisão com objeto;Sem Vítimas;Plena Noite;Decrescente;Vento;Múltipla;Reta;Sim;1;0;0;0;0;1;0;1;-23,51291902;-46,57604698;SPRF-SP;DEL01-SP;UOP01-DEL01-SP
636329;20/10/2024;domingo;17:55:00;MA;402;32;AXIXA;Velocidade Incompatível;Colisão traseira;Com Vítimas Feridas;Plena Noite;Crescente;Céu Claro;Simples;"Aclive;Reta";Não;3;0;0;2;1;0;2;2;-2,865154;-44,086155;SPRF-MA;DEL01-MA;UOP01-DEL01-MA
636330;20/10/2024;domingo;13:00:00;PR;153;205,6;TIBAGI;Animais na Pista;Saída de leito carroçável;Com Vítimas Feridas;Pleno dia;Crescente;Céu Claro;Simples;"Reta;Aclive";Não;3;0;1;2;0;0;3;1;-24,50625204;-50,44146254;SPRF-PR;DEL03-PR;UOP02-DEL03-PR
636331;20/10/2024;domingo;15:00:00;RJ;101;526;ANGRA DOS REIS;Reação tardia ou ineficiente do condutor;Tombamento;Com Vítimas Feridas;Pleno dia;Decrescente;Chuva;Simples;Curva;Não;1;0;1;0;0;0;1;1;-23,0129519;-44,48622015;SPRF-RJ;DEL03-RJ;UOP03-DEL03-RJ
636332;20/10/2024;domingo;21:40:00;SE;235;57;ITABAIANA;Ingestão de álcool pelo condutor;Colisão frontal;Com Vítimas Feridas;Plena Noite;Decrescente;Céu Claro;Simples;Reta;Não;3;0;1;1;1;0;2;2;-10,64825053;-37,45183468;SPRF-SE;DEL01-SE;UOP02-DEL01-SE
636333;20/10/2024;domingo;20:13:00;PE;407;127;PETROLINA;Desrespeitar a preferência no cruzamento;Colisão transversal;Com Vítimas Feridas;Plena Noite;Decrescente;Céu Claro;Simples;Interseção de Vias;Sim;3;0;1;0;1;1;1;3;-9,39133586;-40,5190587;SPRF-PE;DEL06-PE;UOP01-DEL06-PE
636334;20/10/2024;domingo;21:29:00;RJ;40;47,9;PETROPOLIS;Avarias e/ou desgaste excessivo no pneu;Colisão com objeto;Com Vítimas Feridas;Plena Noite;Crescente;Garoa/Chuvisco;Dupla;Curva;Não;1;0;0;1;0;0;1;1;-22,29169833;-43,1279826;SPRF-RJ;DEL05-RJ;UOP02-DEL05-RJ
636336;20/10/2024;domingo;20:45:00;PA;308;150;CAPANEMA;Acessar a via sem observar a presença dos outros veículos;Colisão transversal;Sem Vítimas;Plena Noite;Decrescente;Céu Claro;Simples;Reta;Sim;3;0;0;0;3;0;0;2;-1,215274;-47,19026;SPRF-PA;DEL01-PA;UOP03-DEL01-PA
636337;20/10/2024;domingo;19:00:00;SC;116;57,1;PAPANDUVA;Condutor usando celular;Colisão frontal;Com Vítimas Feridas;Plena Noite;Crescente;Nublado;Simples;Reta;Não;3;0;2;0;1;0;2;3;-26,38204782;-50,18999277;SPRF-SC;DEL06-SC;UOP02-DEL06-SC
636338;20/10/2024;domingo;21:30:00;BA;101;924;NOVA VICOSA;Animais na Pista;Atropelamento de Animal;Com Vítimas Feridas;Plena Noite;Crescente;Céu Claro;Simples;Reta;Não;3;0;1;0;2;0;1;3;-17,89250058;-39,81651306;SPRF-BA;DEL09-BA;UOP02-DEL09-BA
636341;20/10/2024;domingo;22:15:00;MG;40;696,9;BARBACENA;Chuva;Saída de leito carroçável;Com Vítimas Feridas;Plena Noite;Crescente;Chuva;Dupla;"Curva;Declive";Não;2;0;2;0;0;0;2;1;-21,180668;-43,755898;SPRF-MG;DEL05-MG;UOP02-DEL05-MG
636342;20/10/2024;domingo;23:00:00;SP;116;223;GUARULHOS;Reação tardia ou ineficiente do condutor;Colisão com objeto;Com Vítimas Feridas;Plena Noite;Decrescente;Nublado;Múltipla;"Reta;Interseção de Vias";Sim;1;0;1;0;0;0;1;1;-23,47559815;-46,5246609;SPRF-SP;DEL01-SP;UOP01-DEL01-SP
636343;20/10/2024;domingo;20:30:00;CE;20;394;CAUCAIA;Ingestão de álcool pelo condutor;Colisão lateral sentido oposto;Com Vítimas Fatais;Plena Noite;Decrescente;Céu Claro;Simples;Reta;Não;3;1;0;0;1;1;0;3;-3,83210212;-38,7581689;SPRF-CE;DEL01-CE;UOP01-DEL01-CE
636344;20/10/2024;domingo;20:12:00;SC;470;74,5;INDAIAL;Manobra de mudança de faixa;Colisão traseira;Com Vítimas Feridas;Pleno dia;Crescente;Nublado;Simples;Reta;Não;9;0;8;1;0;0;9;3;-26,91818602;-49,28154588;SPRF-SC;DEL04-SC;UOP01-DEL04-SC
636345;20/10/2024;domingo;20:35:00;SC;101;273,4;IMBITUBA;Entrada inopinada do pedestre;Atropelamento de Pedestre;Com Vítimas Fatais;Plena Noite;Crescente;Nublado;Múltipla;Reta;Sim;5;1;0;0;4;0;0;2;-28,13481;-48,6922299;SPRF-SC;DEL02-SC;UOP03-DEL02-SC
636347;20/10/2024;domingo;23:40:00;PR;277;33;MORRETES;Ingestão de álcool pelo condutor;Saída de leito carroçável;Sem Vítimas;Plena Noite;Crescente;Chuva;Múltipla;Curva;Sim;3;0;0;0;2;1;0;2;-25,547373;-48,790559;SPRF-PR;DEL01-PR;UOP05-DEL01-PR
636348;20/10/2024;domingo;23:57:00;RS;471;192;PANTANO GRANDE;Animais na Pista;Atropelamento de Animal;Com Vítimas Feridas;Plena Noite;Decrescente;Céu Claro;Simples;Reta;Não;1;0;1;0;0;0;1;1;-30,183884;-52,3736;SPRF-RS;DEL02-RS;UOP03-DEL02-RS
636350;20/10/2024;domingo;20:45:00;RJ;101;531,5;PARATY;Ingestão de álcool pelo condutor;Colisão com objeto;Com Vítimas Feridas;Plena Noite;Crescente;Chuva;Simples;Reta;Não;1;0;1;0;0;0;1;1;-23,02147898;-44,52344494;SPRF-RJ;DEL03-RJ;UOP03-DEL03-RJ
636351;21/10/2024;segunda-feira;00:05:00;BA;235;350;JUAZEIRO;Acessar a via sem observar a presença dos outros veículos;Colisão transversal;Com Vítimas Feridas;Plena Noite;Crescente;Céu Claro;Dupla;"Reta;Em Obras";Sim;3;0;0;1;2;0;1;2;-9,42503135;-40,50388907;SPRF-PE;DEL06-PE;UOP01-DEL06-PE
636354;20/10/2024;domingo;23:30:00;PR;476;118;COLOMBO;Acessar a via sem observar a presença dos outros veículos;Colisão transversal;Com Vítimas Feridas;Plena Noite;Decrescente;Garoa/Chuvisco;Dupla;"Reta;Interseção de Vias;Declive";Sim;2;0;1;0;1;0;1;2;-25,35670803;-49,18082356;SPRF-PR;DEL01-PR;UOP01-DEL01-PR
636356;21/10/2024;segunda-feira;00:54:00;SP;116;523;BARRA DO TURVO;Reação tardia ou ineficiente do condutor;Colisão com objeto;Com Vítimas Feridas;Plena Noite;Crescente;Garoa/Chuvisco;Múltipla;Curva;Não;2;0;1;0;1;0;1;1;-24,91273105;-48,25307091;SPRF-SP;DEL05-SP;UOP02-DEL05-SP
636357;20/10/2024;domingo;23:00:00;GO;153;429,7;ANAPOLIS;Ausência de reação do condutor;Capotamento;Com Vítimas Feridas;Plena Noite;Decrescente;Nublado;Dupla;"Reta;Aclive";Não;1;0;1;0;0;0;1;1;-16,245422;-49,001404;SPRF-GO;DEL02-GO;UOP01-DEL02-GO
636358;21/10/2024;segunda-feira;01:10:00;ES;101;58;SAO MATEUS;Velocidade Incompatível;Tombamento;Com Vítimas Feridas;Plena Noite;Crescente;Chuva;Simples;Reta;Não;1;0;1;0;0;0;1;1;-18,65547194;-39,87148278;SPRF-ES;DEL04-ES;UOP02-DEL04-ES
636360;21/10/2024;segunda-feira;01:30:00;PR;277;124;CAMPO LARGO;Reação tardia ou ineficiente do condutor;Saída de leito carroçável;Com Vítimas Feridas;Plena Noite;Crescente;Nublado;Dupla;"Reta;Interseção de Vias";Não;3;0;2;1;0;0;3;1;-25,43563;-49,51657;SPRF-PR;DEL03-PR;UOP03-DEL03-PR
636361;21/10/2024;segunda-feira;01:00:00;SC;101;300,3;LAGUNA;Demais falhas mecânicas ou elétricas;Colisão com objeto;Sem Vítimas;Plena Noite;Decrescente;Nublado;Dupla;Reta;Não;1;0;0;0;1;0;0;1;-28,336977;-48,732777;SPRF-SC;DEL02-SC;UOP03-DEL02-SC
636362;20/10/2024;domingo;23:30:00;BA;418;75;NOVA VICOSA;Animais na Pista;Atropelamento de Animal;Com Vítimas Fatais;Plena Noite;Crescente;Chuva;Simples;Reta;Não;1;1;0;0;0;0;0;1;-17,84994719;-39,71929691;SPRF-BA;DEL09-BA;UOP02-DEL09-BA
636363;20/10/2024;domingo;18:10:00;RJ;101;528,5;ANGRA DOS REIS;Chuva;Saída de leito carroçável;Com Vítimas Feridas;Plena Noite;Crescente;Chuva;Simples;Curva;Não;1;0;1;0;0;0;1;1;-23,02314418;-44,50045173;SPRF-RJ;DEL03-RJ;UOP03-DEL03-RJ
636364;21/10/2024;segunda-feira;02:15:00;SP;116;222;GUARULHOS;Frear bruscamente;Colisão traseira;Sem Vítimas;Plena Noite;Crescente;Céu Claro;Múltipla;Reta;Sim;3;0;0;0;3;0;0;2;-23,47092266;-46,51731491;SPRF-SP;DEL01-SP;UOP01-DEL01-SP
636365;21/10/2024;segunda-feira;02:25:00;MG;381;693,1;LAVRAS;Ausência de reação do condutor;Saída de leito carroçável;Com Vítimas Feridas;Plena Noite;Decrescente;Ignorado;Dupla;Reta;Não;2;0;1;1;0;0;2;1;-21,25988599;-45,14006413;SPRF-MG;DEL04-MG;UOP02-DEL04-MG
636366;21/10/2024;segunda-feira;02:30:00;PE;407;117;PETROLINA;Ingestão de álcool pelo condutor;Saída de leito carroçável;Com Vítimas Feridas;Plena Noite;Crescente;Céu Claro;Simples;Reta;Não;1;0;0;1;0;0;1;1;-9,314647;-40,57336;SPRF-PE;DEL06-PE;UOP01-DEL06-PE
636367;21/10/2024;segunda-feira;02:30:00;RS;386;345,1;LAJEADO;Ingestão de álcool pelo condutor;Saída de leito carroçável;Sem Vítimas;Plena Noite;Crescente;Céu Claro;Dupla;"Reta;Em Obras;Desvio Temporário";Sim;1;0;0;0;1;0;0;1;-29,443069;-51,984135;SPRF-RS;DEL04-RS;UOP01-DEL04-RS
636368;21/10/2024;segunda-feira;01:50:00;PR;277;265;IRATI;Velocidade Incompatível;Colisão lateral sentido oposto;Com Vítimas Feridas;Plena Noite;Decrescente;Céu Claro;Simples;Reta;Não;11;0;3;0;7;1;3;2;-25,40796469;-50,78574703;SPRF-PR;DEL08-PR;UOP02-DEL08-PR
636369;21/10/2024;segunda-feira;04:55:00;MG;50;78,3;UBERLANDIA;Ausência de reação do condutor;Colisão traseira;Com Vítimas Feridas;Plena Noite;Crescente;Nublado;Dupla;"Reta;Declive";Sim;2;0;1;0;0;1;1;2;-18,9478637;-48,2181476;SPRF-MG;DEL15-MG;UOP01-DEL15-MG
636370;21/10/2024;segunda-feira;01:00:00;PE;101;82;JABOATAO DOS GUARARAPES;Ausência de reação do condutor;Colisão com objeto;Sem Vítimas;Amanhecer;Crescente;Céu Claro;Dupla;Reta;Não;1;0;0;0;0;1;0;1;-8,168383;-34,9376;SPRF-PE;DEL01-PE;UOP01-DEL01-PE
636373;20/10/2024;domingo;23:20:00;RJ;101;45;CAMPOS DOS GOYTACAZES;Pista Escorregadia;Colisão frontal;Com Vítimas Fatais;Plena Noite;Decrescente;Chuva;Simples;Declive;Não;3;1;0;2;0;0;2;2;-21,58933207;-41,31689933;SPRF-RJ;DEL08-RJ;UOP01-DEL08-RJ
636374;21/10/2024;segunda-feira;06:00:00;MG;40;741,2;SANTOS DUMONT;Velocidade Incompatível;Saída de leito carroçável;Com Vítimas Feridas;Pleno dia;Decrescente;Chuva;Simples;Curva;Não;1;0;1;0;0;0;1;1;-21,40505399;-43,56732403;SPRF-MG;DEL05-MG;UOP01-DEL05-MG
636375;21/10/2024;segunda-feira;05:15:00;DF;80;32,8;BRASILIA;Ultrapassagem Indevida;Colisão frontal;Com Vítimas Feridas;Amanhecer;Crescente;Nublado;Simples;Curva;Não;2;0;2;0;0;0;2;2;-15,574078;-48,191849;SPRF-DF;DEL03-DF;UOP02-DEL03-DF
636376;21/10/2024;segunda-feira;05:52:00;PB;230;78;RIACHAO DO POCO;Reação tardia ou ineficiente do condutor;Capotamento;Com Vítimas Feridas;Pleno dia;Crescente;Céu Claro;Dupla;Reta;Não;2;0;1;1;0;0;2;1;-7,1849;-35,2955;SPRF-PB;DEL01-PB;UOP03-DEL01-PB
636377;21/10/2024;segunda-feira;06:30:00;RN;101;95;NATAL;Avarias e/ou desgaste excessivo no pneu;Queda de ocupante de veículo;Com Vítimas Feridas;Pleno dia;Crescente;Céu Claro;Múltipla;Reta;Sim;1;0;1;0;0;0;1;1;-5,84076841;-35,21035949;SPRF-RN;DEL01-RN;UOP01-DEL01-RN
636378;21/10/2024;segunda-feira;06:30:00;TO;10;455;PALMAS;Acessar a via sem observar a presença dos outros veículos;Colisão lateral mesmo sentido;Com Vítimas Feridas;Pleno dia;Crescente;Nublado;Múltipla;Reta;Sim;4;0;1;0;3;0;1;2;-10,21491133;-48,15620573;SPRF-TO;DEL01-TO;UOP03-DEL01-TO
636379;21/10/2024;segunda-feira;06:00:00;SC;101;207,7;SAO JOSE;Ingestão de álcool pelo condutor;Colisão com objeto;Com Vítimas Feridas;Pleno dia;Crescente;Chuva;Múltipla;"Reta;Declive";Sim;1;0;1;0;0;0;1;1;-27,6021597;-48,62969935;SPRF-SC;DEL01-SC;UOP01-DEL01-SC
636382;20/10/2024;domingo;22:00:00;PR;153;411;PAULO FRONTIN;Reação tardia ou ineficiente do condutor;Colisão frontal;Com Vítimas Feridas;Plena Noite;Crescente;Céu Claro;Simples;Reta;Não;2;0;1;1;0;0;2;2;-26,04160897;-50,82689384;SPRF-PR;DEL08-PR;UOP02-DEL08-PR
636383;21/10/2024;segunda-feira;06:00:00;PR;476;144;CURITIBA;Ausência de reação do condutor;Saída de leito carroçável;Com Vítimas Feridas;Pleno dia;Crescente;Céu Claro;Dupla;Reta;Não;3;0;1;0;1;1;1;1;-25,542501;-49,313011;SPRF-PR;DEL01-PR;UOP06-DEL01-PR
636388;20/10/2024;domingo;21:00:00;MG;365;441,4;GUIMARANIA;Demais falhas na via;Queda de ocupante de veículo;Com Vítimas Feridas;Plena Noite;Crescente;Nublado;Simples;Reta;Não;1;0;1;0;0;0;1;1;-18,79969152;-46,75281307;SPRF-MG;DEL10-MG;UOP01-DEL10-MG
636389;21/10/2024;segunda-feira;07:20:00;SP;116;53,7;LORENA;Ausência de reação do condutor;Tombamento;Com Vítimas Feridas;Pleno dia;Crescente;Céu Claro;Dupla;Reta;Não;1;0;1;0;0;0;1;1;-22,75255433;-45,10741076;SPRF-SP;DEL08-SP;UOP02-DEL08-SP
636390;21/10/2024;segunda-feira;07:15:00;SC;101;204,4;SAO JOSE;Trafegar com motocicleta (ou similar) entre as faixas;Colisão traseira;Com Vítimas Feridas;Pleno dia;Crescente;Chuva;Múltipla;Reta;Sim;2;0;1;0;1;0;1;2;-27,57413014;-48,61363083;SPRF-SC;DEL01-SC;UOP01-DEL01-SC