id;data_inversa;dia_semana;horario;uf;br;km;municipio;causa_acidente;tipo_acidente;classificacao_acidente;fase_dia;sentido_via;condicao_metereologica;tipo_pista;tracado_via;uso_solo;pessoas;mortos;feridos_leves;feridos_graves;ilesos;ignorados;feridos;veiculos;latitude;longitude;regional;delegacia;uop
636515;21/10/2024;segunda-feira;16:40:00;RS;290;160;ARROIO DOS RATOS;Ausência de reação do condutor;Saída de leito carroçável;Com Vítimas Feridas;Pleno dia;Crescente;Céu Claro;Simples;Reta;Não;2;0;2;0;0;0;2;1;-30,10997;-51,80854;SPRF-RS;DEL02-RS;UOP01-DEL02-RS
636518;21/10/2024;segunda-feira;19:50:00;MG;381;328;NOVA ERA;Ausência de reação do condutor;Tombamento;Com Vítimas Feridas;Plena Noite;Decrescente;Chuva;Dupla;"Reta;Declive";Sim;1;0;1;0;0;0;1;1;-19,77559;-43,04523;SPRF-MG;DEL03-MG;UOP01-DEL03-MG
636520;21/10/2024;segunda-feira;17:50:00;AC;364;139;RIO BRANCO;Condutor deixou de manter distância do veículo da frente;Colisão traseira;Com Vítimas Feridas;Anoitecer;Crescente;Céu Claro;Dupla;Reta;Sim;2;0;2;0;0;0;2;2;-9,95359291;-67,86119892;SPRF-AC;DEL01-AC;UOP01-DEL01-AC
636521;21/10/2024;segunda-feira;20:11:00;ES;101;81;SAO MATEUS;Avarias e/ou desgaste excessivo no pneu;Tombamento;Com Vítimas Feridas;Plena Noite;Decrescente;Chuva;Simples;Reta;Não;2;0;2;0;0;0;2;1;-18,82882736;-39,91225653;SPRF-ES;DEL04-ES;UOP02-DEL04-ES
636523;21/10/2024;segunda-feira;19:00:00;SC;101;21,8;JOINVILLE;Condutor deixou de manter distância do veículo da frente;Colisão traseira;Com Vítimas Feridas;Plena Noite;Crescente;Chuva;Dupla;Reta;Não;2;0;1;0;1;0;1;2;-26,154553;-48,908302;SPRF-SC;DEL03-SC;UOP01-DEL03-SC
636524;21/10/2024;segunda-feira;19:20:00;CE;116;41;HORIZONTE;Condutor deixou de manter distância do veículo da frente;Colisão traseira;Com Vítimas Feridas;Plena Noite;Crescente;Céu Claro;Dupla;"Reta;Retorno Regulamentado";Sim;3;0;1;1;0;1;2;3;-4,1024351;-38,50001011;SPRF-CE;DEL01-CE;UOP02-DEL01-CE
636525;21/10/2024;segunda-feira;19:30:00;GO;70;8;AGUAS LINDAS DE GOIAS;Ausência de reação do condutor;Colisão traseira;Com Vítimas Feridas;Plena Noite;Crescente;Céu Claro;Dupla;Reta;Sim;2;0;1;0;1;0;1;2;-15,73733681;-48,27407468;SPRF-DF;DEL03-DF;UOP02-DEL03-DF
636526;21/10/2024;segunda-feira;19:50:00;SC;282;577,2;PINHALZINHO;Animais na Pista;Atropelamento de Animal;Com Vítimas Feridas;Plena Noite;Crescente;Céu Claro;Simples;Curva;Sim;1;0;1;0;0;0;1;1;-26,85963164;-52,9792271;SPRF-SC;DEL07-SC;UOP02-DEL07-SC
636529;21/10/2024;segunda-feira;20:40:00;PE;101;77;RECIFE;Velocidade Incompatível;Colisão traseira;Com Vítimas Feridas;Plena Noite;Crescente;Céu Claro;Dupla;Reta;Sim;2;0;0;1;1;0;1;2;-8,126982;-34,94386;SPRF-PE;DEL01-PE;UOP01-DEL01-PE
636530;21/10/2024;segunda-feira;18:30:00;SC;101;119;ITAJAI;Manobra de mudança de faixa;Colisão lateral mesmo sentido;Com Vítimas Feridas;Anoitecer;Decrescente;Céu Claro;Múltipla;Reta;Não;2;0;1;0;1;0;1;2;-26,9043179;-48,71555481;SPRF-SC;DEL04-SC;UOP04-DEL04-SC
636531;21/10/2024;segunda-feira;14:40:00;RO;364;340;JI-PARANA;Condutor desrespeitou a iluminação vermelha do semáforo;Colisão transversal;Com Vítimas Feridas;Pleno dia;Crescente;Céu Claro;Simples;Reta;Sim;2;0;0;1;1;0;1;2;-10,898802;-61,93046;SPRF-RO;DEL02-RO;UOP01-DEL02-RO
636532;21/10/2024;segunda-feira;19:45:00;PE;101;50;ABREU E LIMA;Entrada inopinada do pedestre;Atropelamento de Pedestre;Sem Vítimas;Plena Noite;Decrescente;Chuva;Múltipla;Reta;Sim;3;0;0;0;2;1;0;2;-7,90938602;-34,90123228;SPRF-PE;DEL01-PE;UOP02-DEL01-PE
636533;21/10/2024;segunda-feira;20:20:00;RS;285;673;SAO BORJA;Acessar a via sem observar a presença dos outros veículos;Saída de leito carroçável;Com Vítimas Feridas;Plena Noite;Crescente;Céu Claro;Simples;Reta;Não;2;0;2;0;0;0;2;1;-28,66978594;-55,97440839;SPRF-RS;DEL12-RS;UOP01-DEL12-RS
636534;21/10/2024;segunda-feira;19:20:00;PE;232;25,7;MORENO;Condutor deixou de manter distância do veículo da frente;Engavetamento;Sem Vítimas;Plena Noite;Decrescente;Céu Claro;Dupla;Reta;Sim;6;0;0;0;3;3;0;5;-8,11290892;-35,13442099;SPRF-PE;DEL01-PE;UOP01-DEL01-PE
636535;21/10/2024;segunda-feira;20:50:00;RJ;116;190;NOVA IGUACU;Entrada inopinada do pedestre;Atropelamento de Pedestre;Com Vítimas Fatais;Plena Noite;Decrescente;Céu Claro;Dupla;Reta;Sim;2;1;0;1;0;0;1;2;-22,74123776;-43,5007311;SPRF-RJ;DEL06-RJ;UOP01-DEL06-RJ
636536;21/10/2024;segunda-feira;21:30:00;MG;40;769,5;JUIZ DE FORA;Ingestão de álcool pelo condutor;Tombamento;Com Vítimas Feridas;Plena Noite;Decrescente;Nublado;Simples;Curva;Não;1;0;1;0;0;0;1;1;-21,58922593;-43,4583538;SPRF-MG;DEL05-MG;UOP01-DEL05-MG
636537;21/10/2024;segunda-feira;21:40:00;ES;101;270;SERRA;Condutor deixou de manter distância do veículo da frente;Colisão traseira;Com Vítimas Feridas;Plena Noite;Decrescente;Céu Claro;Simples;Reta;Não;2;0;1;0;1;0;1;2;-20,22662056;-40,27075088;SPRF-ES;DEL02-ES;UOP01-DEL02-ES
636538;21/10/2024;segunda-feira;21:30:00;SP;381;50;ATIBAIA;Ausência de reação do condutor;Colisão lateral sentido oposto;Com Vítimas Feridas;Plena Noite;Crescente;Céu Claro;Simples;"Rotatória;Reta";Sim;2;0;1;0;1;0;1;2;-23,21359807;-46,59367981;SPRF-SP;DEL03-SP;UOP01-DEL03-SP
636539;21/10/2024;segunda-feira;21:50:00;GO;60;138;GOIANIA;Condutor deixou de manter distância do veículo da frente;Colisão traseira;Com Vítimas Feridas;Plena Noite;Decrescente;Nublado;Dupla;Reta;Sim;3;0;1;0;2;0;1;2;-16,6117;-49,2053;SPRF-GO;DEL01-GO;UOP01-DEL01-GO
636540;21/10/2024;segunda-feira;20:22:00;RJ;116;139;MAGE;Demais falhas mecânicas ou elétricas;Tombamento;Com Vítimas Feridas;Plena Noite;Decrescente;Nublado;Dupla;Reta;Sim;2;0;1;0;1;0;1;1;-22,64655224;-43,20138601;SPRF-RJ;DEL04-RJ;UOP02-DEL04-RJ
636542;21/10/2024;segunda-feira;22:15:00;RS;386;442;CANOAS;Deficiência do Sistema de Iluminação/Sinalização;Colisão traseira;Com Vítimas Feridas;Plena Noite;Decrescente;Ignorado;Dupla;Reta;Sim;3;0;1;0;2;0;1;2;-29,885923;-51,223259;SPRF-RS;DEL01-RS;UOP01-DEL01-RS
636545;21/10/2024;segunda-feira;18:40:00;RO;364;406;JARU;Ausência de reação do condutor;Colisão traseira;Com Vítimas Feridas;Plena Noite;Crescente;Chuva;Simples;Reta;Não;3;0;1;2;0;0;3;2;-10,56219695;-62,37763995;SPRF-RO;DEL03-RO;UOP02-DEL03-RO
636546;21/10/2024;segunda-feira;20:00:00;MG;354;736,3;POUSO ALTO;Ausência de reação do condutor;Atropelamento de Animal;Com Vítimas Feridas;Plena Noite;Decrescente;Nublado;Simples;Reta;Não;1;0;1;0;0;0;1;1;-22,20144068;-44,96659879;SPRF-MG;DEL17-MG;UOP01-DEL17-MG
636547;21/10/2024;segunda-feira;20:00:00;RO;319;63;PORTO VELHO;Condutor desrespeitou a iluminação vermelha do semáforo;Colisão transversal;Com Vítimas Feridas;Plena Noite;Crescente;Nublado;Dupla;"Reta;Interseção de Vias";Sim;2;0;1;0;1;0;1;2;-8,766685;-63,884052;SPRF-RO;DEL01-RO;UOP01-DEL01-RO
636548;21/10/2024;segunda-feira;18:40:00;RJ;40;20;TRES RIOS;Ausência de reação do condutor;Tombamento;Com Vítimas Feridas;Plena Noite;Decrescente;Nublado;Dupla;Reta;Sim;1;0;1;0;0;0;1;1;-22,10818608;-43,16514404;SPRF-RJ;DEL05-RJ;UOP02-DEL05-RJ
636549;21/10/2024;segunda-feira;22:00:00;RN;304;147,3;ANGICOS;Acessar a via sem observar a presença dos outros veículos;Colisão transversal;Com Vítimas Feridas;Plena Noite;Decrescente;Céu Claro;Simples;Reta;Não;2;0;1;0;0;1;1;2;-5,676681;-36,619053;SPRF-RN;DEL04-RN;UOP01-DEL04-RN
636550;21/10/2024;segunda-feira;21:50:00;SP;381;83;SAO PAULO;Entrada inopinada do pedestre;Atropelamento de Pedestre;Com Vítimas Feridas;Plena Noite;Crescente;Céu Claro;Dupla;Reta;Sim;3;0;0;1;2;0;1;3;-23,4309671;-46,56998022;SPRF-SP;DEL03-SP;UOP01-DEL03-SP
636551;21/10/2024;segunda-feira;20:35:00;RJ;40;67,5;PETROPOLIS;Reação tardia ou ineficiente do condutor;Tombamento;Com Vítimas Feridas;Plena Noite;Crescente;Chuva;Dupla;Reta;Não;1;0;1;0;0;0;1;1;-22,43674775;-43,1756712;SPRF-RJ;DEL05-RJ;UOP02-DEL05-RJ
636553;14/10/2024;segunda-feira;06:30:00;SC;280;58,5;GUARAMIRIM;Manobra de mudança de faixa;Colisão lateral mesmo sentido;Com Vítimas Feridas;Pleno dia;Decrescente;Céu Claro;Dupla;Reta;Sim;3;0;1;0;2;0;1;3;-26,47415593;-49,021211;SPRF-SC;DEL03-SC;UOP03-DEL03-SC
636554;21/10/2024;segunda-feira;13:30:00;MG;116;564;MANHUACU;Ultrapassagem Indevida;Colisão lateral mesmo sentido;Sem Vítimas;Pleno dia;Decrescente;Céu Claro;Simples;"Reta;Aclive";Não;2;0;0;0;2;0;0;2;-20,06216515;-42,17191471;SPRF-MG;DEL06-MG;UOP03-DEL06-MG
636556;22/10/2024;terça-feira;00:42:00;ES;101;20;CONCEICAO DA BARRA;Animais na Pista;Atropelamento de Animal;Sem Vítimas;Plena Noite;Crescente;Chuva;Simples;Reta;Não;1;0;0;0;0;1;0;1;-18,32561;-39,9584401;SPRF-ES;DEL04-ES;UOP02-DEL04-ES
636557;21/10/2024;segunda-feira;18:55:00;MS;376;137;IVINHEMA;Demais falhas mecânicas ou elétricas;Incêndio;Com Vítimas Feridas;Plena Noite;Decrescente;Céu Claro;Simples;Reta;Não;1;0;1;0;0;0;1;1;-22,37851745;-53,67252424;SPRF-MS;DEL04-MS;UOP04-DEL04-MS
636559;21/10/2024;segunda-feira;23:00:00;SC;480;127,6;CHAPECO;Participar de racha;Atropelamento de Pedestre;Com Vítimas Fatais;Plena Noite;Crescente;Céu Claro;Múltipla;Reta;Sim;2;1;0;1;0;0;1;2;-27,034028;-52,63378;SPRF-SC;DEL07-SC;UOP01-DEL07-SC
636560;22/10/2024;terça-feira;01:00:00;SC;101;154;PORTO BELO;Velocidade Incompatível;Colisão frontal;Com Vítimas Feridas;Plena Noite;Crescente;Nublado;Dupla;Reta;Não;2;0;1;0;1;0;1;1;-27,153819;-48,61086393;SPRF-SC;DEL04-SC;UOP03-DEL04-SC
636561;22/10/2024;terça-feira;01:25:00;RS;101;2,7;TORRES;Ausência de reação do condutor;Atropelamento de Pedestre;Com Vítimas Fatais;Plena Noite;Decrescente;Céu Claro;Dupla;Reta;Não;2;2;0;0;0;0;0;1;-29,316784;-49,774467;SPRF-RS;DEL03-RS;UOP02-DEL03-RS
636562;21/10/2024;segunda-feira;23:50:00;RO;364;718;PORTO VELHO;Entrada inopinada do pedestre;Atropelamento de Pedestre;Com Vítimas Fatais;Plena Noite;Decrescente;Céu Claro;Dupla;Reta;Não;2;1;0;0;1;0;0;2;-8,82430691;-63,92978668;SPRF-RO;DEL01-RO;UOP01-DEL01-RO
636563;22/10/2024;terça-feira;01:45:00;SC;101;232,9;PALHOCA;Ingestão de substâncias psicoativas pelo condutor;Colisão com objeto;Com Vítimas Feridas;Plena Noite;Crescente;Céu Claro;Dupla;Aclive;Não;1;0;1;0;0;0;1;1;-27,795666;-48,638153;SPRF-SC;DEL01-SC;UOP02-DEL01-SC
636564;22/10/2024;terça-feira;02:28:00;SP;116;220;GUARULHOS;Reação tardia ou ineficiente do condutor;Queda de ocupante de veículo;Com Vítimas Feridas;Plena Noite;Decrescente;Nublado;Múltipla;"Reta;Em Obras";Sim;1;0;1;0;0;0;1;1;-23,46472809;-46,49793962;SPRF-SP;DEL01-SP;UOP01-DEL01-SP
636565;22/10/2024;terça-feira;02:30:00;SP;116;205,9;ARUJA;Reação tardia ou ineficiente do condutor;Tombamento;Com Vítimas Feridas;Plena Noite;Crescente;Nublado;Múltipla;Reta;Sim;1;0;1;0;0;0;1;1;-23,41722629;-46,37510292;SPRF-SP;DEL01-SP;UOP01-DEL01-SP
636566;21/10/2024;segunda-feira;20:05:00;GO;50;101,9;CRISTALINA;Chuva;Colisão frontal;Com Vítimas Fatais;Plena Noite;Decrescente;Chuva;Dupla;Reta;Não;2;1;0;0;0;1;0;2;-16,79106547;-47,64118195;SPRF-DF;DEL01-DF;UOP02-DEL01-DF
636567;22/10/2024;terça-feira;02:40:00;GO;153;495,2;GOIANIA;Ausência de reação do condutor;Colisão com objeto;Com Vítimas Fatais;Plena Noite;Decrescente;Nublado;Múltipla;"Declive;Reta";Sim;1;1;0;0;0;0;0;1;-16,6614;-49,2218;SPRF-GO;DEL01-GO;UOP01-DEL01-GO
636568;22/10/2024;terça-feira;01:00:00;SC;280;42,7;GUARAMIRIM;Participar de racha;Capotamento;Com Vítimas Feridas;Plena Noite;Crescente;Nublado;Simples;"Curva;Desvio Temporário;Em Obras";Não;1;0;1;0;0;0;1;1;-26,45059684;-48,86790401;SPRF-SC;DEL03-SC;UOP03-DEL03-SC
636569;22/10/2024;terça-feira;02:00:00;SP;116;280;EMBU DAS ARTES;Reação tardia ou ineficiente do condutor;Queda de ocupante de veículo;Sem Vítimas;Plena Noite;Decrescente;Céu Claro;Dupla;Reta;Sim;1;0;0;0;1;0;0;1;-23,66996108;-46,85590758;SPRF-SP;DEL04-SP;UOP01-DEL04-SP
636571;22/10/2024;terça-feira;01:15:00;RJ;101;506;ANGRA DOS REIS;Ausência de reação do condutor;Tombamento;Com Vítimas Feridas;Plena Noite;Crescente;Nublado;Simples;Reta;Sim;1;0;0;1;0;0;1;1;-22,93493041;-44,40487313;SPRF-RJ;DEL03-RJ;UOP03-DEL03-RJ
636573;22/10/2024;terça-feira;02:50:00;PE;232;142,5;SAO CAITANO;Animais na Pista;Atropelamento de Animal;Com Vítimas Feridas;Plena Noite;Crescente;Céu Claro;Dupla;Aclive;Não;4;0;3;0;1;0;3;1;-8,32242118;-36,09480698;SPRF-PE;DEL03-PE;UOP02-DEL03-PE
636574;22/10/2024;terça-feira;03:51:00;MG;40;582;ITABIRITO;Condutor Dormindo;Saída de leito carroçável;Com Vítimas Feridas;Plena Noite;Decrescente;Nevoeiro/Neblina;Simples;Reta;Não;1;0;1;0;0;0;1;1;-20,31049595;-43,93484962;SPRF-MG;DEL01-MG;UOP02-DEL01-MG
636576;21/10/2024;segunda-feira;22:00:00;PE;424;28;VENTUROSA;Transitar na contramão;Colisão frontal;Com Vítimas Fatais;Plena Noite;Decrescente;Céu Claro;Simples;Reta;Não;2;1;0;1;0;0;1;2;-8,56746125;-36,88677126;SPRF-PE;DEL04-PE;UOP02-DEL04-PE
636577;22/10/2024;terça-feira;04:30:00;SC;282;46,8;AGUAS MORNAS;Reação tardia ou ineficiente do condutor;Colisão lateral sentido oposto;Com Vítimas Feridas;Plena Noite;Decrescente;Garoa/Chuvisco;Simples;"Reta;Aclive";Não;2;0;1;0;1;0;1;2;-27,721041;-48,925152;SPRF-SC;DEL01-SC;UOP03-DEL01-SC
636580;22/10/2024;terça-feira;05:30:00;SP;116;218,8;GUARULHOS;Reação tardia ou ineficiente do condutor;Engavetamento;Com Vítimas Feridas;Pleno dia;Crescente;Nublado;Múltipla;"Reta;Em Obras;Viaduto";Sim;5;0;1;0;4;0;1;3;-23,46124845;-46,48950577;SPRF-SP;DEL01-SP;UOP01-DEL01-SP
636581;21/10/2024;segunda-feira;20:20:00;PR;277;1,2;PARANAGUA;Reação tardia ou ineficiente do condutor;Colisão com objeto;Sem Vítimas;Plena Noite;Crescente;Chuva;Simples;Rotatória;Sim;1;0;0;0;0;1;0;1;-25,52826872;-48,54790807;SPRF-PR;DEL01-PR;UOP05-DEL01-PR
636583;22/10/2024;terça-feira;05:00:00;GO;50;224;CAMPO ALEGRE DE GOIAS;Condutor Dormindo;Saída de leito carroçável;Com Vítimas Feridas;Plena Noite;Crescente;Garoa/Chuvisco;Dupla;Reta;Não;4;0;1;2;1;0;3;1;-17,7561;-47,7394;SPRF-GO;DEL06-GO;UOP01-DEL06-GO
636587;09/10/2024;quarta-feira;16:51:00;SP;116;222;GUARULHOS;Acessar a via sem observar a presença dos outros veículos;Colisão lateral mesmo sentido;Com Vítimas Feridas;Pleno dia;Decrescente;Ignorado;Múltipla;"Reta;Em Obras";Sim;2;0;1;0;0;1;1;2;-23,47093408;-46,51631097;SPRF-SP;DEL01-SP;UOP01-DEL01-SP
636588;17/10/2024;quinta-feira;10:00:00;RS;290;98;PORTO ALEGRE;Ausência de reação do condutor;Colisão traseira;Sem Vítimas;Pleno dia;Decrescente;Céu Claro;Dupla;"Reta;Ponte";Não;5;0;0;0;5;0;0;2;-29,994816;-51,217403;SPRF-RS;DEL01-RS;UOP01-DEL01-RS
636589;22/10/2024;terça-feira;05:50:00;RJ;101;325;NITEROI;Manobra de mudança de faixa;Colisão lateral mesmo sentido;Com Vítimas Feridas;Pleno dia;Crescente;Céu Claro;Dupla;"Ponte;Reta";Não;2;0;1;0;1;0;1;2;-22,87292569;-43,13625699;SPRF-RJ;DEL02-RJ;UOP01-DEL02-RJ
636591;22/10/2024;terça-feira;07:17:00;SP;116;4;GUARULHOS;Ausência de reação do condutor;Colisão lateral mesmo sentido;Com Vítimas Feridas;Pleno dia;Crescente;Céu Claro;Dupla;Reta;Não;3;0;2;0;1;0;2;2;-23,463257;-46,53373;SPRF-SP;DEL01-SP;UOP01-DEL01-SP
636596;22/10/2024;terça-feira;06:40:00;SP;116;133;CACAPAVA;Avarias e/ou desgaste excessivo no pneu;Queda de ocupante de veículo;Com Vítimas Feridas;Pleno dia;Crescente;Sol;Dupla;Reta;Sim;1;0;1;0;0;0;1;1;-23,1359564;-45,7532708;SPRF-SP;DEL02-SP;UOP02-DEL02-SP
636600;22/10/2024;terça-feira;08:00:00;SC;101;203;SAO JOSE;Reação tardia ou ineficiente do condutor;Colisão traseira;Com Vítimas Feridas;Pleno dia;Crescente;Céu Claro;Múltipla;Reta;Sim;3;0;3;0;0;0;3;2;-27,5650044;-48,61460082;SPRF-SC;DEL01-SC;UOP01-DEL01-SC
636602;22/10/2024;terça-feira;07:30:00;PR;277;79;CURITIBA;Condutor deixou de manter distância do veículo da frente;Colisão traseira;Com Vítimas Feridas;Pleno dia;Crescente;Céu Claro;Simples;Reta;Sim;2;0;1;0;1;0;1;2;-25,481985;-49,193913;SPRF-PR;DEL01-PR;UOP07-DEL01-PR
636603;22/10/2024;terça-feira;07:20:00;RJ;493;23;MAGE;Condutor deixou de manter distância do veículo da frente;Colisão traseira;Com Vítimas Feridas;Amanhecer;Decrescente;Céu Claro;Simples;"Reta;Aclive";Sim;2;0;0;1;1;0;1;2;-22,65705297;-43,061742;SPRF-RJ;DEL04-RJ;UOP02-DEL04-RJ
636604;22/10/2024;terça-feira;08:28:00;RS;158;563,9;SANTANA DO LIVRAMENTO;Desrespeitar a preferência no cruzamento;Colisão transversal;Com Vítimas Feridas;Pleno dia;Crescente;Céu Claro;Simples;"Reta;Rotatória";Sim;2;0;0;1;1;0;1;2;-30,8547642;-55,4965204;SPRF-RS;DEL11-RS;UOP01-DEL11-RS
636606;11/10/2024;sexta-feira;03:15:00;DF;20;6,6;BRASILIA;Ingestão de álcool pelo condutor;Tombamento;Sem Vítimas;Plena Noite;Decrescente;Céu Claro;Dupla;Reta;Sim;3;0;0;0;3;0;0;1;-15,665888;-47,808308;SPRF-DF;DEL02-DF;UOP01-DEL02-DF
636608;22/10/2024;terça-feira;08:00:00;RJ;101;312;SAO GONCALO;Condutor deixou de manter distância do veículo da frente;Colisão traseira;Com Vítimas Feridas;Pleno dia;Crescente;Céu Claro;Dupla;Reta;Não;1;0;1;0;0;0;1;1;-22,80546555;-43,06156967;SPRF-RJ;DEL02-RJ;UOP02-DEL02-RJ
636610;22/10/2024;terça-feira;06:50:00;GO;60;97;ANAPOLIS;Reação tardia ou ineficiente do condutor;Colisão traseira;Com Vítimas Feridas;Amanhecer;Crescente;Céu Claro;Dupla;Reta;Sim;1;0;1;0;0;0;1;1;-16,3774;-48,9483;SPRF-GO;DEL02-GO;UOP01-DEL02-GO
636612;22/10/2024;terça-feira;06:50:00;GO;60;97,1;ANAPOLIS;Reação tardia ou ineficiente do condutor;Tombamento;Com Vítimas Feridas;Pleno dia;Crescente;Céu Claro;Dupla;Reta;Sim;1;0;0;1;0;0;1;1;-16,3774;-48,9483;SPRF-GO;DEL02-GO;UOP01-DEL02-GO
636613;22/10/2024;terça-feira;07:30:00;MG;381;483,9;BETIM;Condutor deixou de manter distância do veículo da frente;Engavetamento;Com Vítimas Feridas;Pleno dia;Crescente;Nublado;Múltipla;"Declive;Reta";Sim;3;0;1;0;2;0;1;3;-19,95531717;-44,11722196;SPRF-MG;DEL01-MG;UOP03-DEL01-MG
636614;14/10/2024;segunda-feira;18:24:00;PR;277;590,6;CASCAVEL;Afundamento ou ondulação no pavimento;Colisão lateral mesmo sentido;Com Vítimas Feridas;Anoitecer;Crescente;Céu Claro;Múltipla;Reta;Sim;2;0;1;0;1;0;1;2;-24,98120697;-53,45591501;SPRF-PR;DEL04-PR;UOP01-DEL04-PR
636616;22/10/2024;terça-feira;09:18:00;DF;20;12;BRASILIA;Reação tardia ou ineficiente do condutor;Queda de ocupante de veículo;Com Vítimas Feridas;Pleno dia;Decrescente;Céu Claro;Dupla;Reta;Sim;1;0;0;1;0;0;1;1;-15,642812;-47,757786;SPRF-DF;DEL02-DF;UOP01-DEL02-DF
636617;13/09/2024;sexta-feira;14:30:00;MG;365;488,8;PATROCINIO;Condutor Dormindo;Colisão lateral mesmo sentido;Com Vítimas Feridas;Pleno dia;Decrescente;Céu Claro;Simples;Reta;Não;6;0;2;1;3;0;3;2;-18,90309317;-47,14086893;SPRF-MG;DEL10-MG;UOP01-DEL10-MG
636618;22/10/2024;terça-feira;08:40:00;RS;116;216;MORRO REUTER;Ultrapassagem Indevida;Colisão lateral mesmo sentido;Com Vítimas Feridas;Pleno dia;Crescente;Céu Claro;Simples;Reta;Não;2;0;1;0;1;0;1;2;-29,548103;-51,085848;SPRF-RS;DEL05-RS;UOP02-DEL05-RS
636620;22/10/2024;terça-feira;09:15:00;PR;467;100,7;CASCAVEL;Velocidade Incompatível;Saída de leito carroçável;Com Vítimas Feridas;Pleno dia;Decrescente;Sol;Dupla;"Declive;Viaduto;Curva";Não;1;0;0;1;0;0;1;1;-24,8947;-53,5355;SPRF-PR;DEL04-PR;UOP01-DEL04-PR
636622;22/10/2024;terça-feira;09:10:00;BA;116;362,8;SERRINHA;Manobra de mudança de faixa;Colisão transversal;Com Vítimas Feridas;Pleno dia;Crescente;Céu Claro;Simples;"Interseção de Vias;Reta";Sim;2;0;0;1;1;0;1;2;-11,68943108;-38,98728712;SPRF-BA;DEL02-BA;UOP01-DEL02-BA
636623;22/10/2024;terça-feira;08:00:00;SC;280;55;GUARAMIRIM;Velocidade Incompatível;Colisão traseira;Com Vítimas Feridas;Pleno dia;Crescente;Céu Claro;Dupla;Curva;Sim;2;0;1;0;1;0;1;2;-26,47584353;-48,9937858;SPRF-SC;DEL03-SC;UOP03-DEL03-SC
636626;22/10/2024;terça-feira;10:00:00;SP;116;227,4;SAO PAULO;Trafegar com motocicleta (ou similar) entre as faixas;Colisão lateral mesmo sentido;Com Vítimas Feridas;Pleno dia;Crescente;Céu Claro;Múltipla;Reta;Sim;2;0;1;0;1;0;1;2;-23,49659264;-46,55648754;SPRF-SP;DEL01-SP;UOP01-DEL01-SP
636627;22/10/2024;terça-feira;10:15:00;MG;381;483;BETIM;Ausência de reação do condutor;Saída de leito carroçável;Com Vítimas Feridas;Pleno dia;Crescente;Céu Claro;Dupla;"Curva;Declive";Sim;1;0;0;1;0;0;1;1;-19,95735;-44,078855;SPRF-MG;DEL01-MG;UOP03-DEL01-MG
636628;22/10/2024;terça-feira;10:00:00;RS;116;251;SAPUCAIA DO SUL;Condutor deixou de manter distância do veículo da frente;Colisão traseira;Com Vítimas Feridas;Pleno dia;Decrescente;Céu Claro;Dupla;"Reta;Em Obras";Sim;2;0;1;0;1;0;1;2;-29,80035406;-51,16550365;SPRF-RS;DEL01-RS;UOP02-DEL01-RS
636630;22/10/2024;terça-feira;09:00:00;GO;153;512,9;APARECIDA DE GOIANIA;Manobra de mudança de faixa;Colisão traseira;Com Vítimas Feridas;Pleno dia;Crescente;Céu Claro;Dupla;Curva;Sim;3;0;1;1;1;0;2;2;-16,8156;-49,2402;SPRF-GO;DEL01-GO;UOP03-DEL01-GO
636631;23/09/2024;segunda-feira;17:30:00;PB;230;3;CAMPINA GRANDE;Condutor deixou de manter distância do veículo da frente;Colisão traseira;Com Vítimas Feridas;Pleno dia;Decrescente;Céu Claro;Simples;"Reta;Aclive";Sim;3;0;0;1;1;1;1;3;-7,211269;-35,936656;SPRF-PB;DEL02-PB;UOP01-DEL02-PB
636632;20/10/2024;domingo;00:59:00;PE;101;70,9;RECIFE;Velocidade Incompatível;Colisão traseira;Com Vítimas Feridas;Plena Noite;Crescente;Céu Claro;Dupla;Reta;Sim;3;0;0;2;1;0;2;2;-8,06776119;-34,94265074;SPRF-PE;DEL01-PE;UOP01-DEL01-PE
636633;29/09/2024;domingo;00:05:00;PA;230;80;SAO JOAO DO ARAGUAIA;Transitar na contramão;Colisão frontal;Com Vítimas Fatais;Plena Noite;Crescente;Céu Claro;Simples;Curva;Não;2;1;0;0;0;1;0;2;-5,47363751;-48,79567711;SPRF-PA;DEL03-PA;UOP01-DEL03-PA
636634;28/09/2024;sábado;18:50:00;BA;116;12,5;VITORIA DA CONQUISTA;Manobra de mudança de faixa;Colisão frontal;Com Vítimas Feridas;Plena Noite;Crescente;Nublado;Simples;Reta;Sim;2;0;1;0;1;0;1;2;-14,884371;-40,870667;SPRF-BA;DEL08-BA;UOP01-DEL08-BA
636635;22/10/2024;terça-feira;10:45:00;RS;392;44,9;RIO GRANDE;Velocidade Incompatível;Saída de leito carroçável;Com Vítimas Feridas;Pleno dia;Decrescente;Céu Claro;Dupla;Reta;Não;1;0;1;0;0;0;1;1;-31,92816308;-52,31293137;SPRF-RS;DEL07-RS;UOP02-DEL07-RS
636636;22/10/2024;terça-feira;10:50:00;PB;230;13,3;CABEDELO;Manobra de mudança de faixa;Colisão lateral mesmo sentido;Com Vítimas Feridas;Pleno dia;Crescente;Céu Claro;Dupla;"Reta;Em Obras";Sim;2;0;1;0;0;1;1;2;-7,07054214;-34,84987378;SPRF-PB;DEL01-PB;UOP01-DEL01-PB