id;data_inversa;dia_semana;horario;uf;br;km;municipio;causa_acidente;tipo_acidente;classificacao_acidente;fase_dia;sentido_via;condicao_metereologica;tipo_pista;tracado_via;uso_solo;pessoas;mortos;feridos_leves;feridos_graves;ilesos;ignorados;feridos;veiculos;latitude;longitude;regional;delegacia;uop
636638;22/10/2024;terça-feira;11:00:00;MG;116;274;TEOFILO OTONI;Reação tardia ou ineficiente do condutor;Colisão lateral mesmo sentido;Com Vítimas Feridas;Pleno dia;Crescente;Nublado;Simples;"Reta;Interseção de Vias";Sim;2;0;0;1;1;0;1;2;-17,83384514;-41,51094368;SPRF-MG;DEL11-MG;UOP01-DEL11-MG
636639;22/10/2024;terça-feira;01:00:00;RS;116;181,2;NOVA PETROPOLIS;Reação tardia ou ineficiente do condutor;Colisão com objeto;Com Vítimas Feridas;Plena Noite;Decrescente;Ignorado;Simples;Reta;Não;1;0;1;0;0;0;1;1;-29,37096794;-51,13393866;SPRF-RS;DEL05-RS;UOP02-DEL05-RS
636640;22/10/2024;terça-feira;10:35:00;PR;376;625;SAO JOSE DOS PINHAIS;Ausência de reação do condutor;Atropelamento de Pedestre;Com Vítimas Feridas;Pleno dia;Crescente;Céu Claro;Simples;Reta;Não;2;0;1;0;1;0;1;2;-25,65218089;-49,15731458;SPRF-PR;DEL01-PR;UOP04-DEL01-PR
636641;12/10/2024;sábado;19:30:00;BA;20;50;CORRENTINA;Transitar na contramão;Colisão frontal;Com Vítimas Feridas;Plena Noite;Decrescente;Céu Claro;Simples;Reta;Não;6;0;5;0;1;0;5;2;-13,526315;-46,104138;SPRF-BA;DEL10-BA;UOP02-DEL10-BA
636643;22/09/2024;domingo;15:40:00;AM;174;889;MANAUS;Condutor deixou de manter distância do veículo da frente;Engavetamento;Com Vítimas Feridas;Pleno dia;Crescente;Nublado;Simples;Reta;Não;7;0;3;1;3;0;4;5;-2,93314499;-60,03449693;SPRF-AM;DEL01-AM;UOP01-DEL01-AM
636646;22/10/2024;terça-feira;11:30:00;RS;386;74,9;BOA VISTA DAS MISSOES;Desrespeitar a preferência no cruzamento;Colisão transversal;Com Vítimas Feridas;Pleno dia;Crescente;Sol;Simples;Interseção de Vias;Não;2;0;2;0;0;0;2;2;-27,70153;-53,297718;SPRF-RS;DEL08-RS;UOP02-DEL08-RS
636647;22/10/2024;terça-feira;11:50:00;PR;277;687;SAO MIGUEL DO IGUACU;Avarias e/ou desgaste excessivo no pneu;Queda de ocupante de veículo;Com Vítimas Feridas;Pleno dia;Crescente;Céu Claro;Dupla;"Reta;Aclive";Sim;2;0;2;0;0;0;2;1;-25,34377452;-54,22446208;SPRF-PR;DEL05-PR;UOP01-DEL05-PR
636648;01/10/2024;terça-feira;17:36:00;PR;369;139,9;IBIPORA;Acessar a via sem observar a presença dos outros veículos;Atropelamento de Pedestre;Com Vítimas Feridas;Pleno dia;Crescente;Céu Claro;Dupla;Interseção de Vias;Sim;2;0;1;0;0;1;1;2;-23,28596378;-51,07464015;SPRF-PR;DEL07-PR;UOP01-DEL07-PR
636650;22/10/2024;terça-feira;12:10:00;RJ;101;330;RIO DE JANEIRO;Ausência de reação do condutor;Colisão traseira;Com Vítimas Feridas;Pleno dia;Crescente;Céu Claro;Dupla;"Reta;Ponte";Não;2;0;1;0;1;0;1;2;-22,8684989;-43,18548699;SPRF-RJ;DEL02-RJ;UOP01-DEL02-RJ
636651;22/10/2024;terça-feira;12:00:00;RJ;493;96;DUQUE DE CAXIAS;Demais falhas mecânicas ou elétricas;Incêndio;Sem Vítimas;Pleno dia;Decrescente;Céu Claro;Dupla;Reta;Não;1;0;0;0;1;0;0;1;-22,672089;-43,285053;SPRF-RJ;DEL01-RJ;UOP03-DEL01-RJ
636652;22/10/2024;terça-feira;12:15:00;PR;373;215;IMBITUVA;Ausência de reação do condutor;Saída de leito carroçável;Com Vítimas Feridas;Pleno dia;Crescente;Céu Claro;Simples;Reta;Não;4;0;2;0;2;0;2;1;-25,15460675;-50,53263107;SPRF-PR;DEL03-PR;UOP01-DEL03-PR
636653;22/10/2024;terça-feira;12:44:00;SC;101;329,3;TUBARAO;Manobra de mudança de faixa;Colisão lateral mesmo sentido;Com Vítimas Feridas;Pleno dia;Decrescente;Céu Claro;Múltipla;Reta;Não;3;0;1;0;2;0;1;2;-28,44404822;-48,96611372;SPRF-SC;DEL02-SC;UOP01-DEL02-SC
636655;22/10/2024;terça-feira;07:25:00;RJ;101;409;ITAGUAI;Ausência de reação do condutor;Queda de ocupante de veículo;Com Vítimas Feridas;Pleno dia;Crescente;Sol;Dupla;Reta;Sim;2;0;1;0;1;0;1;1;-22,88503992;-43,83250205;SPRF-RJ;DEL03-RJ;UOP01-DEL03-RJ
636656;22/10/2024;terça-feira;09:40:00;RS;158;349;SANTA MARIA;Animais na Pista;Colisão lateral sentido oposto;Com Vítimas Feridas;Pleno dia;Crescente;Céu Claro;Simples;Reta;Não;3;0;2;0;1;0;2;2;-29,76501382;-54,00418796;SPRF-RS;DEL09-RS;UOP01-DEL09-RS
636657;18/10/2024;sexta-feira;11:15:00;MG;381;320;NOVA ERA;Velocidade Incompatível;Saída de leito carroçável;Com Vítimas Feridas;Pleno dia;Crescente;Céu Claro;Simples;"Curva;Declive";Não;1;0;1;0;0;0;1;1;-19,69113838;-42,99219167;SPRF-MG;DEL03-MG;UOP02-DEL03-MG
636658;22/10/2024;terça-feira;11:13:00;RJ;493;109;DUQUE DE CAXIAS;Avarias e/ou desgaste excessivo no pneu;Queda de ocupante de veículo;Com Vítimas Feridas;Pleno dia;Crescente;Céu Claro;Dupla;Reta;Não;2;0;1;0;1;0;1;1;-22,672089;-43,285053;SPRF-RJ;DEL01-RJ;UOP03-DEL01-RJ
636659;22/10/2024;terça-feira;13:30:00;SC;101;236;PALHOCA;Velocidade Incompatível;Saída de leito carroçável;Com Vítimas Feridas;Pleno dia;Crescente;Céu Claro;Simples;Curva;Não;2;0;1;1;0;0;2;1;-27,82629382;-48,63034842;SPRF-SC;DEL01-SC;UOP02-DEL01-SC
636660;22/10/2024;terça-feira;12:40:00;BA;116;422;FEIRA DE SANTANA;Desrespeitar a preferência no cruzamento;Colisão transversal;Com Vítimas Feridas;Pleno dia;Decrescente;Céu Claro;Dupla;Rotatória;Não;2;0;1;0;1;0;1;2;-12,22584428;-38,96500584;SPRF-BA;DEL02-BA;UOP01-DEL02-BA
636661;22/10/2024;terça-feira;13:00:00;SP;116;88,8;PINDAMONHANGABA;Avarias e/ou desgaste excessivo no pneu;Tombamento;Com Vítimas Feridas;Pleno dia;Crescente;Céu Claro;Dupla;Reta;Não;2;0;2;0;0;0;2;1;-22,93500994;-45,37019403;SPRF-SP;DEL08-SP;UOP01-DEL08-SP
636664;22/10/2024;terça-feira;11:30:00;AC;364;137;RIO BRANCO;Transitar no Acostamento;Colisão lateral mesmo sentido;Sem Vítimas;Pleno dia;Decrescente;Sol;Dupla;Rotatória;Sim;2;0;0;0;2;0;0;2;-9,96935404;-67,85264513;SPRF-AC;DEL01-AC;UOP01-DEL01-AC
636666;22/10/2024;terça-feira;11:00:00;RJ;40;114;DUQUE DE CAXIAS;Afundamento ou ondulação no pavimento;Queda de ocupante de veículo;Com Vítimas Feridas;Pleno dia;Crescente;Céu Claro;Múltipla;Reta;Não;1;0;1;0;0;0;1;1;-22,71853604;-43,28993324;SPRF-RJ;DEL01-RJ;UOP02-DEL01-RJ
636667;22/10/2024;terça-feira;13:33:00;RJ;393;286;VOLTA REDONDA;Acessar a via sem observar a presença dos outros veículos;Colisão transversal;Com Vítimas Feridas;Pleno dia;Decrescente;Céu Claro;Simples;Reta;Sim;2;0;0;1;1;0;1;2;-22,49133996;-44,06505619;SPRF-RJ;DEL05-RJ;UOP04-DEL05-RJ
636668;22/10/2024;terça-feira;13:30:00;RS;468;102,7;TRES PASSOS;Pedestre cruzava a pista fora da faixa;Atropelamento de Pedestre;Com Vítimas Fatais;Pleno dia;Decrescente;Céu Claro;Simples;Curva;Não;3;1;0;0;2;0;0;2;-27,46243557;-53,93845983;SPRF-RS;DEL08-RS;UOP02-DEL08-RS
636670;22/10/2024;terça-feira;14:40:00;RJ;116;174;SAO JOAO DE MERITI;Condutor deixou de manter distância do veículo da frente;Colisão traseira;Sem Vítimas;Pleno dia;Decrescente;Céu Claro;Múltipla;Reta;Sim;3;0;0;0;3;0;0;2;-22,79423806;-43,36403759;SPRF-RJ;DEL06-RJ;UOP01-DEL06-RJ
636671;22/10/2024;terça-feira;11:06:00;MG;116;277;TEOFILO OTONI;Pedestre cruzava a pista fora da faixa;Atropelamento de Pedestre;Com Vítimas Feridas;Pleno dia;Crescente;Nublado;Dupla;Reta;Sim;2;0;0;1;1;0;1;2;-17,859945;-41,515144;SPRF-MG;DEL11-MG;UOP01-DEL11-MG
636672;11/10/2024;sexta-feira;15:50:00;SP;116;215;GUARULHOS;Objeto estático sobre o leito carroçável;Colisão com objeto;Sem Vítimas;Pleno dia;Crescente;Sol;Dupla;"Reta;Em Obras";Sim;3;0;0;0;3;0;0;1;-23,44695693;-46,45394103;SPRF-SP;DEL01-SP;UOP01-DEL01-SP
636674;18/10/2024;sexta-feira;00:30:00;PR;277;61,8;SAO JOSE DOS PINHAIS;Chuva;Saída de leito carroçável;Sem Vítimas;Plena Noite;Decrescente;Garoa/Chuvisco;Dupla;Reta;Não;1;0;0;0;1;0;0;1;-25,54818657;-49,04600166;SPRF-PR;DEL01-PR;UOP01-DEL01-PR
636676;22/10/2024;terça-feira;14:30:00;AL;101;78;RIO LARGO;Avarias e/ou desgaste excessivo no pneu;Queda de ocupante de veículo;Com Vítimas Feridas;Pleno dia;Crescente;Céu Claro;Dupla;Reta;Não;2;0;1;1;0;0;2;1;-9,43126691;-35,83741252;SPRF-AL;DEL01-AL;UOP01-DEL01-AL
636677;22/10/2024;terça-feira;14:30:00;MG;50;40;ARAGUARI;Ausência de reação do condutor;Saída de leito carroçável;Com Vítimas Feridas;Pleno dia;Decrescente;Céu Claro;Dupla;Reta;Sim;1;0;1;0;0;0;1;1;-18,673214;-48,177773;SPRF-MG;DEL15-MG;UOP02-DEL15-MG
636678;22/10/2024;terça-feira;12:40:00;PI;316;309;PICOS;Ausência de reação do condutor;Queda de ocupante de veículo;Com Vítimas Fatais;Pleno dia;Decrescente;Céu Claro;Simples;"Declive;Reta";Sim;2;1;0;0;0;1;0;2;-7,07778744;-41,48370094;SPRF-PI;DEL04-PI;UOP01-DEL04-PI
636680;22/10/2024;terça-feira;13:30:00;RJ;465;13;SEROPEDICA;Condutor deixou de manter distância do veículo da frente;Colisão traseira;Com Vítimas Feridas;Pleno dia;Crescente;Céu Claro;Simples;Reta;Sim;2;0;1;0;1;0;1;2;-22,798468;-43,645508;SPRF-RJ;DEL06-RJ;UOP02-DEL06-RJ
636681;22/10/2024;terça-feira;11:50:00;RJ;393;105,3;SAPUCAIA;Condutor deixou de manter distância do veículo da frente;Colisão lateral mesmo sentido;Com Vítimas Feridas;Pleno dia;Crescente;Nublado;Simples;Reta;Não;4;0;2;0;2;0;2;2;-21,874243;-42,66758;SPRF-RJ;DEL05-RJ;UOP01-DEL05-RJ
636685;12/08/2024;segunda-feira;01:20:00;MG;381;169;GOVERNADOR VALADARES;Animais na Pista;Atropelamento de Animal;Com Vítimas Feridas;Plena Noite;Crescente;Céu Claro;Simples;Reta;Não;1;0;0;1;0;0;1;1;-18,94302551;-42,06184387;SPRF-MG;DEL06-MG;UOP01-DEL06-MG
636687;15/10/2024;terça-feira;11:20:00;RJ;116;148;DUQUE DE CAXIAS;Reação tardia ou ineficiente do condutor;Colisão lateral mesmo sentido;Com Vítimas Feridas;Pleno dia;Decrescente;Céu Claro;Dupla;Reta;Sim;2;0;0;1;1;0;1;2;-22,6723488;-43,28215398;SPRF-RJ;DEL01-RJ;UOP02-DEL01-RJ
636688;22/10/2024;terça-feira;15:30:00;RJ;116;177;SAO JOAO DE MERITI;Ausência de reação do condutor;Tombamento;Com Vítimas Feridas;Pleno dia;Crescente;Céu Claro;Dupla;Reta;Não;1;0;1;0;0;0;1;1;-22,78055198;-43,39208599;SPRF-RJ;DEL06-RJ;UOP01-DEL06-RJ
636692;13/10/2024;domingo;18:30:00;MA;226;597;ESTREITO;Condutor deixou de manter distância do veículo da frente;Colisão traseira;Sem Vítimas;Anoitecer;Crescente;Nublado;Simples;Rotatória;Sim;2;0;0;0;2;0;0;2;-6,5532705;-47,43990226;SPRF-MA;DEL04-MA;UOP02-DEL04-MA
636694;22/10/2024;terça-feira;13:25:00;AL;316;262,5;SATUBA;Acessar a via sem observar a presença dos outros veículos;Colisão transversal;Com Vítimas Feridas;Pleno dia;Decrescente;Céu Claro;Simples;Interseção de Vias;Não;3;0;0;2;0;1;2;2;-9,58877051;-35,88700493;SPRF-AL;DEL02-AL;UOP01-DEL02-AL
636695;22/10/2024;terça-feira;09:50:00;PR;487;53,5;UMUARAMA;Velocidade Incompatível;Colisão frontal;Com Vítimas Fatais;Pleno dia;Crescente;Céu Claro;Simples;Curva;Não;5;3;0;1;0;1;1;3;-23,56877445;-53,43835831;SPRF-PR;DEL06-PR;UOP03-DEL06-PR
636697;22/10/2024;terça-feira;16:00:00;SP;116;224;GUARULHOS;Ausência de reação do condutor;Colisão com objeto;Com Vítimas Feridas;Pleno dia;Decrescente;Sol;Múltipla;Reta;Sim;1;0;1;0;0;0;1;1;-23,48071896;-46,53271603;SPRF-SP;DEL01-SP;UOP01-DEL01-SP
636698;22/10/2024;terça-feira;15:50:00;RJ;101;282;ITABORAI;Reação tardia ou ineficiente do condutor;Queda de ocupante de veículo;Com Vítimas Feridas;Pleno dia;Decrescente;Céu Claro;Simples;Retorno Regulamentado;Não;1;0;0;1;0;0;1;1;-22,7371391;-42,79664601;SPRF-RJ;DEL02-RJ;UOP02-DEL02-RJ
636700;22/10/2024;terça-feira;15:05:00;MG;116;335;CAMPANARIO;Reação tardia ou ineficiente do condutor;Capotamento;Com Vítimas Feridas;Pleno dia;Decrescente;Nublado;Simples;Reta;Não;1;0;0;1;0;0;1;1;-18,27712999;-41,74436302;SPRF-MG;DEL11-MG;UOP01-DEL11-MG
636703;16/09/2024;segunda-feira;10:00:00;PA;230;1470;JACAREACANGA;Demais falhas na via;Tombamento;Com Vítimas Feridas;Pleno dia;Decrescente;Céu Claro;Simples;Curva;Não;1;0;1;0;0;0;1;1;-5,75874258;-57,601844;SPRF-PA;DEL05-PA;UOP02-DEL05-PA
636704;22/10/2024;terça-feira;16:00:00;RJ;116;172;SAO JOAO DE MERITI;Condutor deixou de manter distância do veículo da frente;Colisão traseira;Com Vítimas Feridas;Pleno dia;Crescente;Céu Claro;Múltipla;Reta;Sim;2;0;1;0;1;0;1;2;-22,78007606;-43,39295447;SPRF-RJ;DEL06-RJ;UOP01-DEL06-RJ
636707;22/10/2024;terça-feira;08:20:00;MG;116;412,2;GOVERNADOR VALADARES;Ausência de reação do condutor;Colisão traseira;Sem Vítimas;Pleno dia;Crescente;Nublado;Simples;Reta;Sim;3;0;0;0;3;0;0;3;-18,87548789;-41,96488314;SPRF-MG;DEL06-MG;UOP01-DEL06-MG
636708;22/10/2024;terça-feira;17:10:00;SC;101;147;ITAPEMA;Demais falhas mecânicas ou elétricas;Colisão com objeto;Com Vítimas Feridas;Pleno dia;Decrescente;Céu Claro;Dupla;Reta;Não;2;0;2;0;0;0;2;2;-27,09237407;-48,61730888;SPRF-SC;DEL04-SC;UOP03-DEL04-SC
636709;04/10/2024;sexta-feira;07:00:00;GO;414;417;ABADIANIA;Ausência de reação do condutor;Colisão traseira;Com Vítimas Feridas;Pleno dia;Crescente;Sol;Simples;Reta;Não;3;0;1;0;2;0;1;2;-16,10791381;-48,8741361;SPRF-GO;DEL02-GO;UOP01-DEL02-GO
636710;22/10/2024;terça-feira;17:33:00;ES;262;94;VENDA NOVA DO IMIGRANTE;Acessar a via sem observar a presença dos outros veículos;Colisão transversal;Com Vítimas Feridas;Pleno dia;Crescente;Céu Claro;Simples;Reta;Sim;3;0;0;2;1;0;2;2;-20,37386581;-41,05851884;SPRF-ES;DEL01-ES;UOP02-DEL01-ES
636711;22/10/2024;terça-feira;16:10:00;SP;116;108;TAUBATE;Manobra de mudança de faixa;Colisão lateral mesmo sentido;Com Vítimas Feridas;Anoitecer;Crescente;Céu Claro;Dupla;Reta;Sim;2;0;1;0;1;0;1;2;-23,0233097;-45,53763622;SPRF-SP;DEL02-SP;UOP02-DEL02-SP
636712;22/10/2024;terça-feira;16:30:00;RS;470;197;BENTO GONCALVES;Manobra de mudança de faixa;Colisão lateral mesmo sentido;Sem Vítimas;Pleno dia;Decrescente;Sol;Simples;Reta;Não;11;0;0;0;11;0;0;2;-29,05764849;-51,58750672;SPRF-RS;DEL06-RS;UOP02-DEL06-RS
636713;22/10/2024;terça-feira;17:10:00;GO;60;97,7;ANAPOLIS;Manobra de mudança de faixa;Colisão traseira;Com Vítimas Feridas;Pleno dia;Decrescente;Chuva;Dupla;Reta;Não;2;0;0;1;1;0;1;2;-16,37997375;-48,95087242;SPRF-GO;DEL02-GO;UOP01-DEL02-GO
636714;22/10/2024;terça-feira;16:45:00;RJ;101;313;SAO GONCALO;Acumulo de areia ou detritos sobre o pavimento;Queda de ocupante de veículo;Com Vítimas Feridas;Pleno dia;Crescente;Céu Claro;Simples;"Curva;Viaduto;Aclive";Sim;1;0;1;0;0;0;1;1;-22,81049093;-43,06983304;SPRF-RJ;DEL02-RJ;UOP02-DEL02-RJ
636715;22/10/2024;terça-feira;18:00:00;GO;60;137;GOIANIA;Transitar na contramão;Colisão frontal;Com Vítimas Feridas;Anoitecer;Decrescente;Nublado;Múltipla;Reta;Sim;2;0;2;0;0;0;2;2;-16,603;-49,2023;SPRF-GO;DEL01-GO;UOP01-DEL01-GO
636719;22/10/2024;terça-feira;17:56:00;PB;101;82;BAYEUX;Reação tardia ou ineficiente do condutor;Engavetamento;Sem Vítimas;Anoitecer;Decrescente;Céu Claro;Dupla;Reta;Sim;4;0;0;0;4;0;0;3;-7,12911;-34,93714;SPRF-PB;DEL01-PB;UOP01-DEL01-PB
636722;22/10/2024;terça-feira;17:40:00;SC;101;123;ITAJAI;Reação tardia ou ineficiente do condutor;Tombamento;Com Vítimas Feridas;Pleno dia;Crescente;Céu Claro;Múltipla;Interseção de Vias;Sim;2;0;2;0;0;0;2;1;-26,93668609;-48,69876905;SPRF-SC;DEL04-SC;UOP04-DEL04-SC
636723;22/10/2024;terça-feira;17:00:00;PI;343;307;ALTOS;Condutor deixou de manter distância do veículo da frente;Colisão traseira;Sem Vítimas;Anoitecer;Decrescente;Céu Claro;Simples;Reta;Sim;3;0;0;0;2;1;0;2;-5,039802;-42,459518;SPRF-PI;DEL01-PI;UOP01-DEL01-PI
636725;22/10/2024;terça-feira;17:50:00;PR;277;367,9;GUARAPUAVA;Acessar a via sem observar a presença dos outros veículos;Colisão transversal;Com Vítimas Feridas;Anoitecer;Crescente;Chuva;Simples;"Retorno Regulamentado;Reta";Não;35;0;3;0;32;0;3;2;-25,439212;-51,625785;SPRF-PR;DEL08-PR;UOP01-DEL08-PR
636728;22/10/2024;terça-feira;17:25:00;PE;101;10;GOIANA;Demais falhas mecânicas ou elétricas;Tombamento;Com Vítimas Feridas;Anoitecer;Decrescente;Vento;Dupla;Reta;Não;1;0;0;1;0;0;1;1;-7,58679204;-34,98736241;SPRF-PE;DEL01-PE;UOP02-DEL01-PE
636729;22/10/2024;terça-feira;16:15:00;SE;101;111;SAO CRISTOVAO;Reação tardia ou ineficiente do condutor;Colisão traseira;Com Vítimas Feridas;Pleno dia;Decrescente;Céu Claro;Dupla;Reta;Não;2;0;1;0;1;0;1;2;-10,97659898;-37,28527603;SPRF-SE;DEL02-SE;UOP01-DEL02-SE
636730;22/10/2024;terça-feira;18:40:00;SC;101;112;ITAJAI;Reação tardia ou ineficiente do condutor;Tombamento;Com Vítimas Feridas;Anoitecer;Decrescente;Céu Claro;Dupla;"Reta;Interseção de Vias";Sim;1;0;1;0;0;0;1;1;-26,84589005;-48,72131295;SPRF-SC;DEL04-SC;UOP04-DEL04-SC
636731;22/10/2024;terça-feira;18:00:00;PR;153;334;IRATI;Acesso irregular;Colisão transversal;Com Vítimas Feridas;Amanhecer;Crescente;Céu Claro;Simples;Curva;Não;2;0;0;1;0;1;1;2;-25,481234;-50,640733;SPRF-PR;DEL08-PR;UOP02-DEL08-PR
636733;22/10/2024;terça-feira;17:30:00;MG;116;649,7;FERVEDOURO;Demais falhas mecânicas ou elétricas;Incêndio;Sem Vítimas;Pleno dia;Decrescente;Nublado;Simples;Interseção de Vias;Sim;1;0;0;0;1;0;0;1;-20,71135078;-42,28083825;SPRF-MG;DEL07-MG;UOP02-DEL07-MG
636734;22/10/2024;terça-feira;18:15:00;PR;116;166,6;QUITANDINHA;Desrespeitar a preferência no cruzamento;Colisão transversal;Com Vítimas Feridas;Anoitecer;Crescente;Céu Claro;Simples;"Interseção de Vias;Reta;Rotatória";Sim;2;0;1;0;0;1;1;2;-25,87549999;-49,48685288;SPRF-PR;DEL01-PR;UOP03-DEL01-PR
636735;22/10/2024;terça-feira;18:30:00;RS;116;254;SAPUCAIA DO SUL;Reação tardia ou ineficiente do condutor;Colisão traseira;Sem Vítimas;Plena Noite;Crescente;Céu Claro;Simples;Reta;Não;4;0;0;0;4;0;0;3;-29,81784209;-51,16996166;SPRF-RS;DEL01-RS;UOP02-DEL01-RS
636736;22/10/2024;terça-feira;19:20:00;RJ;116;175;SAO JOAO DE MERITI;Ausência de reação do condutor;Colisão traseira;Com Vítimas Feridas;Plena Noite;Crescente;Céu Claro;Dupla;Reta;Sim;4;0;1;0;3;0;1;3;-22,78923555;-43,37275272;SPRF-RJ;DEL06-RJ;UOP01-DEL06-RJ
636737;16/10/2024;quarta-feira;18:28:00;MS;163;485,3;CAMPO GRANDE;Ausência de reação do condutor;Colisão traseira;Com Vítimas Feridas;Plena Noite;Decrescente;Céu Claro;Simples;Reta;Não;2;0;1;0;1;0;1;2;-20,44233707;-54,54201834;SPRF-MS;DEL01-MS;UOP02-DEL01-MS
636739;22/10/2024;terça-feira;18:50:00;SP;101;49,4;UBATUBA;Acessar a via sem observar a presença dos outros veículos;Colisão transversal;Com Vítimas Feridas;Plena Noite;Decrescente;Céu Claro;Simples;"Interseção de Vias;Desvio Temporário";Sim;2;0;1;0;1;0;1;2;-23,44410908;-45,08375708;SPRF-SP;DEL06-SP;UOP01-DEL06-SP
636740;22/10/2024;terça-feira;19:40:00;RJ;116;183;NOVA IGUACU;Condutor deixou de manter distância do veículo da frente;Colisão lateral mesmo sentido;Com Vítimas Feridas;Plena Noite;Crescente;Céu Claro;Dupla;Reta;Sim;2;0;1;0;1;0;1;2;-22,7516014;-43,43849831;SPRF-RJ;DEL06-RJ;UOP01-DEL06-RJ
636741;22/10/2024;terça-feira;19:00:00;PR;277;80;CURITIBA;Ausência de reação do condutor;Colisão traseira;Com Vítimas Feridas;Plena Noite;Decrescente;Céu Claro;Dupla;Reta;Sim;2;0;1;0;1;0;1;2;-25,568939;-49,181978;SPRF-PR;DEL01-PR;UOP03-DEL01-PR
636742;22/10/2024;terça-feira;19:50:00;SE;101;198;CRISTINAPOLIS;Acessar a via sem observar a presença dos outros veículos;Colisão lateral sentido oposto;Com Vítimas Feridas;Plena Noite;Decrescente;Céu Claro;Simples;Reta;Não;2;0;1;0;0;1;1;2;-11,47577697;-37,75465701;SPRF-SE;DEL02-SE;UOP03-DEL02-SE
636744;22/10/2024;terça-feira;17:15:00;PE;316;82;OURICURI;Animais na Pista;Tombamento;Com Vítimas Feridas;Anoitecer;Crescente;Céu Claro;Dupla;Reta;Sim;1;0;0;1;0;0;1;1;-7,8712915;-40,09366321;SPRF-PE;DEL05-PE;UOP02-DEL05-PE
636745;22/10/2024;terça-feira;18:00:00;SE;235;52;ITABAIANA;Transitar na contramão;Colisão frontal;Com Vítimas Feridas;Plena Noite;Crescente;Céu Claro;Simples;Reta;Sim;1;0;0;1;0;0;1;1;-10,693279;-37,437557;SPRF-SE;DEL01-SE;UOP02-DEL01-SE
636746;22/10/2024;terça-feira;20:00:00;PR;469;21,8;FOZ DO IGUACU;Reação tardia ou ineficiente do condutor;Colisão transversal;Sem Vítimas;Plena Noite;Decrescente;Céu Claro;Simples;Reta;Não;2;0;0;0;2;0;0;2;-25,6114;-54,4861;SPRF-PR;DEL05-PR;UOP04-DEL05-PR
636748;22/10/2024;terça-feira;16:20:00;AM;174;891;MANAUS;Ausência de reação do condutor;Tombamento;Com Vítimas Feridas;Pleno dia;Decrescente;Céu Claro;Simples;"Reta;Declive";Não;1;0;1;0;0;0;1;1;-2,91557503;-60,03880044;SPRF-AM;DEL01-AM;UOP01-DEL01-AM
636750;22/10/2024;terça-feira;09:30:00;MG;116;429,1;ALPERCATA;Acessar a via sem observar a presença dos outros veículos;Colisão transversal;Com Vítimas Feridas;Pleno dia;Crescente;Céu Claro;Simples;Interseção de Vias;Não;2;0;1;1;0;0;2;2;-18,99119185;-41,98354684;SPRF-MG;DEL06-MG;UOP01-DEL06-MG
636751;22/10/2024;terça-feira;20:20:00;GO;60;0,1;SANTO ANTONIO DO DESCOBERTO;Acumulo de água sobre o pavimento;Saída de leito carroçável;Com Vítimas Feridas;Plena Noite;Crescente;Chuva;Dupla;"Reta;Aclive";Não;1;0;1;0;0;0;1;1;-16,053785;-48,260408;SPRF-DF;DEL03-DF;UOP01-DEL03-DF
636757;22/10/2024;terça-feira;18:30:00;RJ;101;318;NITEROI;Fumaça;Incêndio;Sem Vítimas;Plena Noite;Decrescente;Céu Claro;Simples;"Reta;Aclive";Não;1;0;0;0;0;1;0;1;-22,84562994;-43,09841211;SPRF-RJ;DEL02-RJ;UOP02-DEL02-RJ
636758;22/10/2024;terça-feira;19:45:00;GO;153;105;SANTA TEREZA DE GOIAS;Demais Fenômenos da natureza;Eventos atípicos;Com Vítimas Feridas;Plena Noite;Decrescente;Garoa/Chuvisco;Simples;Reta;Não;3;0;2;0;1;0;2;1;-13,693473;-49,022247;SPRF-GO;DEL07-GO;UOP01-DEL07-GO
636759;22/10/2024;terça-feira;21:20:00;CE;222;3;FORTALEZA;Condutor desrespeitou a iluminação vermelha do semáforo;Colisão lateral mesmo sentido;Com Vítimas Feridas;Plena Noite;Decrescente;Céu Claro;Múltipla;Reta;Sim;2;0;1;0;1;0;1;2;-3,7403769;-38,59569202;SPRF-CE;DEL01-CE;UOP01-DEL01-CE
636761;22/10/2024;terça-feira;21:05:00;MS;163;491,3;CAMPO GRANDE;Ausência de reação do condutor;Tombamento;Com Vítimas Feridas;Plena Noite;Crescente;Nublado;Simples;Reta;Sim;1;0;1;0;0;0;1;1;-20,36434577;-54,52853585;SPRF-MS;DEL01-MS;UOP02-DEL01-MS
636762;22/10/2024;terça-feira;21:45:00;RS;448;18;CANOAS;Transitar na contramão;Colisão lateral sentido oposto;Sem Vítimas;Plena Noite;Decrescente;Nublado;Múltipla;Reta;Sim;2;0;0;0;2;0;0;2;-29,944614;-51,204464;SPRF-RS;DEL01-RS;UOP01-DEL01-RS
636763;22/10/2024;terça-feira;21:00:00;RS;386;11,4;IRAI;Animais na Pista;Atropelamento de Animal;Com Vítimas Feridas;Plena Noite;Decrescente;Céu Claro;Simples;Reta;Não;1;0;1;0;0;0;1;1;-27,222046;-53,309917;SPRF-RS;DEL08-RS;UOP02-DEL08-RS
636765;22/10/2024;terça-feira;21:40:00;SC;101;51;JOINVILLE;Transitar na contramão;Colisão frontal;Com Vítimas Feridas;Plena Noite;Crescente;Céu Claro;Simples;"Curva;Retorno Regulamentado";Não;3;0;1;0;2;0;1;2;-26,39917351;-48,83903503;SPRF-SC;DEL03-SC;UOP01-DEL03-SC