id;data_inversa;dia_semana;horario;uf;br;km;municipio;causa_acidente;tipo_acidente;classificacao_acidente;fase_dia;sentido_via;condicao_metereologica;tipo_pista;tracado_via;uso_solo;pessoas;mortos;feridos_leves;feridos_graves;ilesos;ignorados;feridos;veiculos;latitude;longitude;regional;delegacia;uop
636768;22/10/2024;terça-feira;22:15:00;DF;60;28,3;BRASILIA;Velocidade Incompatível;Colisão com objeto;Com Vítimas Feridas;Pleno dia;Decrescente;Nublado;Dupla;"Curva;Aclive";Não;2;0;1;0;1;0;1;1;-16,020638;-48,250832;SPRF-DF;DEL03-DF;UOP01-DEL03-DF
636770;22/10/2024;terça-feira;22:00:00;PR;376;602;CURITIBA;Manobra de mudança de faixa;Colisão transversal;Com Vítimas Feridas;Plena Noite;Decrescente;Céu Claro;Dupla;"Curva;Interseção de Vias";Não;2;0;2;0;0;0;2;2;-25,54329052;-49,30719981;SPRF-PR;DEL01-PR;UOP06-DEL01-PR
636772;22/10/2024;terça-feira;18:30:00;PE;316;367;PETROLANDIA;Transitar na contramão;Colisão frontal;Com Vítimas Feridas;Plena Noite;Decrescente;Céu Claro;Simples;Reta;Não;2;0;0;1;1;0;1;2;-8,9788791;-38,21478769;SPRF-PE;DEL04-PE;UOP03-DEL04-PE
636774;22/10/2024;terça-feira;21:30:00;PR;476;146;CURITIBA;Reação tardia ou ineficiente do condutor;Saída de leito carroçável;Sem Vítimas;Plena Noite;Crescente;Céu Claro;Dupla;"Reta;Declive";Sim;1;0;0;0;0;1;0;1;-25,551186;-49,330109;SPRF-PR;DEL01-PR;UOP06-DEL01-PR
636775;22/10/2024;terça-feira;20:00:00;RJ;40;80;PETROPOLIS;Manobra de mudança de faixa;Colisão traseira;Com Vítimas Feridas;Plena Noite;Decrescente;Ignorado;Dupla;Curva;Não;3;0;2;0;1;0;2;2;-22,49798597;-43,22878703;SPRF-RJ;DEL01-RJ;UOP01-DEL01-RJ
636776;22/10/2024;terça-feira;22:22:00;MA;402;4;ROSARIO;Acessar a via sem observar a presença dos outros veículos;Colisão transversal;Com Vítimas Fatais;Plena Noite;Decrescente;Céu Claro;Simples;Reta;Não;2;1;0;0;1;0;0;2;-2,953501;-44,290794;SPRF-MA;DEL01-MA;UOP01-DEL01-MA
636782;23/10/2024;quarta-feira;01:55:00;RS;472;577;URUGUAIANA;Ingestão de álcool pelo condutor;Colisão com objeto;Com Vítimas Feridas;Plena Noite;Crescente;Céu Claro;Simples;Rotatória;Sim;1;0;1;0;0;0;1;1;-29,76580017;-57,00834791;SPRF-RS;DEL13-RS;UOP01-DEL13-RS
636785;23/10/2024;quarta-feira;00:00:00;MG;381;564,1;ITAGUARA;Velocidade Incompatível;Saída de leito carroçável;Com Vítimas Fatais;Plena Noite;Decrescente;Nublado;Dupla;Curva;Sim;4;1;3;0;0;0;3;1;-20,40450975;-44,51780716;SPRF-MG;DEL04-MG;UOP03-DEL04-MG
636786;23/10/2024;quarta-feira;03:10:00;SP;381;36,4;ATIBAIA;Acessar a via sem observar a presença dos outros veículos;Colisão lateral mesmo sentido;Sem Vítimas;Plena Noite;Decrescente;Nublado;Dupla;"Reta;Aclive";Sim;1;0;0;0;0;1;0;1;-23,09697711;-46,57159716;SPRF-SP;DEL03-SP;UOP01-DEL03-SP
636787;23/10/2024;quarta-feira;02:00:00;PR;369;192;ARAPONGAS;Reação tardia ou ineficiente do condutor;Colisão com objeto;Com Vítimas Fatais;Plena Noite;Decrescente;Céu Claro;Dupla;"Reta;Declive";Não;1;1;0;0;0;0;0;1;-23,469044;-51,423608;SPRF-PR;DEL07-PR;UOP03-DEL07-PR
636788;23/10/2024;quarta-feira;02:10:00;SC;101;350,2;JAGUARUNA;Condutor Dormindo;Colisão traseira;Sem Vítimas;Plena Noite;Crescente;Céu Claro;Múltipla;"Reta;Aclive";Não;5;0;0;0;5;0;0;2;-28,58988203;-49,04517307;SPRF-SC;DEL02-SC;UOP01-DEL02-SC
636790;23/10/2024;quarta-feira;05:00:00;SP;116;209;GUARULHOS;Entrada inopinada do pedestre;Atropelamento de Pedestre;Com Vítimas Fatais;Amanhecer;Decrescente;Chuva;Múltipla;Declive;Sim;2;1;1;0;0;0;1;2;-23,42660049;-46,40565991;SPRF-SP;DEL01-SP;UOP01-DEL01-SP
636791;23/10/2024;quarta-feira;05:10:00;SC;101;158;PORTO BELO;Acessar a via sem observar a presença dos outros veículos;Colisão lateral mesmo sentido;Com Vítimas Feridas;Amanhecer;Decrescente;Céu Claro;Dupla;"Reta;Retorno Regulamentado";Não;3;0;1;0;2;0;1;2;-27,19096301;-48,61259017;SPRF-SC;DEL04-SC;UOP03-DEL04-SC
636792;23/10/2024;quarta-feira;06:00:00;DF;40;5;BRASILIA;Condutor deixou de manter distância do veículo da frente;Colisão traseira;Com Vítimas Feridas;Amanhecer;Decrescente;Céu Claro;Dupla;Reta;Sim;2;0;1;0;0;1;1;2;-16,020903;-47,980541;SPRF-DF;DEL01-DF;UOP01-DEL01-DF
636793;23/10/2024;quarta-feira;04:50:00;SP;381;61;MAIRIPORA;Pista Escorregadia;Colisão com objeto;Com Vítimas Feridas;Plena Noite;Crescente;Chuva;Dupla;"Curva;Declive";Não;1;0;1;0;0;0;1;1;-23,29011611;-46,5800681;SPRF-SP;DEL03-SP;UOP01-DEL03-SP
636796;23/10/2024;quarta-feira;04:40:00;BA;110;281;INHAMBUPE;Condutor deixou de manter distância do veículo da frente;Colisão traseira;Com Vítimas Feridas;Plena Noite;Crescente;Céu Claro;Simples;Reta;Não;2;0;1;0;0;1;1;2;-11,78646;-38,348278;SPRF-BA;DEL01-BA;UOP04-DEL01-BA
636799;22/10/2024;terça-feira;23:00:00;RJ;116;146;DUQUE DE CAXIAS;Demais falhas mecânicas ou elétricas;Tombamento;Com Vítimas Feridas;Plena Noite;Decrescente;Céu Claro;Dupla;Reta;Não;2;0;2;0;0;0;2;1;-22,66687859;-43,26368215;SPRF-RJ;DEL01-RJ;UOP02-DEL01-RJ
636803;23/10/2024;quarta-feira;07:00:00;RJ;116;67;TERESOPOLIS;Condutor Dormindo;Tombamento;Com Vítimas Feridas;Pleno dia;Crescente;Céu Claro;Simples;Reta;Não;1;0;1;0;0;0;1;1;-22,29371693;-42,93354335;SPRF-RJ;DEL04-RJ;UOP01-DEL04-RJ
636805;23/10/2024;quarta-feira;06:50:00;BA;116;12,6;VITORIA DA CONQUISTA;Ultrapassagem Indevida;Queda de ocupante de veículo;Com Vítimas Feridas;Pleno dia;Crescente;Sol;Simples;Reta;Sim;1;0;1;0;0;0;1;1;-14,883653;-40,870717;SPRF-BA;DEL08-BA;UOP01-DEL08-BA
636806;23/10/2024;quarta-feira;07:00:00;PI;316;10;TERESINA;Manobra de mudança de faixa;Colisão lateral mesmo sentido;Com Vítimas Feridas;Pleno dia;Crescente;Céu Claro;Múltipla;Reta;Sim;2;0;2;0;0;0;2;2;-5,18280197;-42,76350291;SPRF-PI;DEL01-PI;UOP02-DEL01-PI
636807;23/10/2024;quarta-feira;07:00:00;PA;316;80;SAO FRANCISCO DO PARA;Ausência de reação do condutor;Colisão traseira;Com Vítimas Feridas;Pleno dia;Crescente;Céu Claro;Simples;Reta;Sim;2;0;1;0;1;0;1;2;-1,30406;-47,779755;SPRF-PA;DEL01-PA;UOP02-DEL01-PA
636808;23/10/2024;quarta-feira;07:00:00;PE;101;102;CABO DE SANTO AGOSTINHO;Ausência de reação do condutor;Colisão traseira;Com Vítimas Feridas;Pleno dia;Crescente;Céu Claro;Dupla;Curva;Sim;2;0;1;0;1;0;1;2;-8,28368856;-35,05795866;SPRF-PE;DEL01-PE;UOP03-DEL01-PE
636809;20/08/2024;terça-feira;18:04:00;MT;364;434;VARZEA GRANDE;Pista Escorregadia;Queda de ocupante de veículo;Com Vítimas Feridas;Plena Noite;Crescente;Céu Claro;Dupla;Reta;Não;1;0;1;0;0;0;1;1;-15,64575025;-56,14041787;SPRF-MT;DEL01-MT;UOP02-DEL01-MT
636810;23/10/2024;quarta-feira;07:50:00;ES;101;95;JAGUARE;Condutor Dormindo;Colisão lateral sentido oposto;Com Vítimas Feridas;Pleno dia;Crescente;Céu Claro;Simples;Reta;Não;3;0;1;0;2;0;1;3;-18,93905359;-39,97576585;SPRF-ES;DEL04-ES;UOP02-DEL04-ES
636811;23/10/2024;quarta-feira;08:20:00;MG;381;491,5;BETIM;Manobra de mudança de faixa;Colisão traseira;Com Vítimas Feridas;Pleno dia;Crescente;Céu Claro;Múltipla;Curva;Não;2;0;1;0;1;0;1;2;-19,97018187;-44,18210416;SPRF-MG;DEL01-MG;UOP03-DEL01-MG
636813;23/10/2024;quarta-feira;05:55:00;RJ;101;330;RIO DE JANEIRO;Condutor deixou de manter distância do veículo da frente;Colisão traseira;Com Vítimas Feridas;Pleno dia;Decrescente;Céu Claro;Múltipla;Reta;Sim;4;0;2;0;2;0;2;2;-22,8684989;-43,18548699;SPRF-RJ;DEL02-RJ;UOP01-DEL02-RJ
636814;23/10/2024;quarta-feira;07:10:00;PE;101;59;RECIFE;Transitar no Acostamento;Colisão lateral mesmo sentido;Com Vítimas Feridas;Pleno dia;Crescente;Céu Claro;Dupla;Curva;Não;2;0;1;0;1;0;1;2;-7,97708575;-34,92607318;SPRF-PE;DEL01-PE;UOP02-DEL01-PE
636815;23/10/2024;quarta-feira;07:45:00;PR;369;36,9;ANDIRA;Ausência de reação do condutor;Colisão transversal;Com Vítimas Feridas;Pleno dia;Decrescente;Céu Claro;Simples;Interseção de Vias;Sim;2;0;1;0;1;0;1;2;-23,04547;-50,2326;SPRF-PR;DEL07-PR;UOP05-DEL07-PR
636816;23/10/2024;quarta-feira;07:30:00;RJ;101;328;RIO DE JANEIRO;Trafegar com motocicleta (ou similar) entre as faixas;Colisão traseira;Com Vítimas Feridas;Pleno dia;Crescente;Céu Claro;Dupla;Reta;Não;2;0;1;0;1;0;1;2;-22,87028692;-43,16579699;SPRF-RJ;DEL02-RJ;UOP01-DEL02-RJ
636819;23/10/2024;quarta-feira;08:45:00;MG;116;703,5;MURIAE;Demais falhas mecânicas ou elétricas;Tombamento;Com Vítimas Feridas;Pleno dia;Crescente;Sol;Simples;"Declive;Reta";Sim;2;0;2;0;0;0;2;1;-21,13458443;-42,38724947;SPRF-MG;DEL07-MG;UOP02-DEL07-MG
636821;23/10/2024;quarta-feira;08:05:00;SP;116;215;GUARULHOS;Condutor deixou de manter distância do veículo da frente;Colisão lateral mesmo sentido;Com Vítimas Feridas;Pleno dia;Crescente;Garoa/Chuvisco;Múltipla;Reta;Não;2;0;1;0;1;0;1;2;-23,44695693;-46,45394103;SPRF-SP;DEL01-SP;UOP01-DEL01-SP
636823;23/10/2024;quarta-feira;09:40:00;BA;324;618,5;SALVADOR;Avarias e/ou desgaste excessivo no pneu;Queda de ocupante de veículo;Com Vítimas Feridas;Pleno dia;Decrescente;Céu Claro;Múltipla;Reta;Sim;2;0;2;0;0;0;2;1;-12,891109;-38,445374;SPRF-BA;DEL01-BA;UOP01-DEL01-BA
636824;23/10/2024;quarta-feira;09:00:00;SC;101;205,7;SAO JOSE;Manobra de mudança de faixa;Colisão lateral mesmo sentido;Com Vítimas Feridas;Pleno dia;Crescente;Céu Claro;Múltipla;Reta;Sim;2;0;1;0;1;0;1;2;-27,58313237;-48,61532885;SPRF-SC;DEL01-SC;UOP01-DEL01-SC
636825;23/10/2024;quarta-feira;08:40:00;PE;101;158;GAMELEIRA;Ausência de reação do condutor;Colisão traseira;Com Vítimas Feridas;Pleno dia;Crescente;Céu Claro;Dupla;Reta;Não;2;0;1;0;1;0;1;2;-8,55179162;-35,4051441;SPRF-PE;DEL01-PE;UOP03-DEL01-PE
636826;15/10/2024;terça-feira;08:10:00;MS;0;0;ELDORADO;Ausência de reação do condutor;Colisão lateral sentido oposto;Sem Vítimas;Pleno dia;Não Informado;Céu Claro;Simples;Reta;Não;4;0;0;0;3;1;0;3;-23,62525958;-54,23639059;SPRF-MS;DEL09-MS;UOP02-DEL09-MS
636827;23/10/2024;quarta-feira;08:30:00;CE;116;5;FORTALEZA;Ausência de reação do condutor;Colisão traseira;Com Vítimas Feridas;Pleno dia;Decrescente;Céu Claro;Múltipla;Reta;Sim;3;0;1;0;0;2;1;2;-3,7993404;-38,5051167;SPRF-CE;DEL01-CE;UOP02-DEL01-CE
636828;23/10/2024;quarta-feira;09:30:00;RJ;40;117;DUQUE DE CAXIAS;Reação tardia ou ineficiente do condutor;Colisão traseira;Com Vítimas Feridas;Pleno dia;Crescente;Céu Claro;Dupla;Reta;Sim;2;0;1;0;1;0;1;2;-22,745676;-43,2881;SPRF-RJ;DEL01-RJ;UOP02-DEL01-RJ
636829;23/10/2024;quarta-feira;08:37:00;PI;343;340;TERESINA;Acesso irregular;Colisão lateral mesmo sentido;Com Vítimas Feridas;Pleno dia;Decrescente;Céu Claro;Múltipla;"Interseção de Vias;Declive;Reta";Sim;2;0;1;1;0;0;2;2;-5,074137;-42,73629;SPRF-PI;DEL01-PI;UOP01-DEL01-PI
636830;23/10/2024;quarta-feira;07:15:00;MT;364;201;RONDONOPOLIS;Acumulo de óleo sobre o pavimento;Queda de ocupante de veículo;Com Vítimas Feridas;Pleno dia;Decrescente;Céu Claro;Dupla;Reta;Sim;1;0;0;1;0;0;1;1;-16,491405;-54,646378;SPRF-MT;DEL02-MT;UOP01-DEL02-MT
636831;24/09/2024;terça-feira;16:46:00;PR;376;4,2;APUCARANA;Acessar a via sem observar a presença dos outros veículos;Colisão transversal;Com Vítimas Feridas;Pleno dia;Crescente;Céu Claro;Dupla;"Reta;Interseção de Vias";Sim;2;0;1;0;0;1;1;2;-23,55460204;-51,44514978;SPRF-PR;DEL07-PR;UOP03-DEL07-PR
636832;23/10/2024;quarta-feira;07:35:00;RS;392;8,5;RIO GRANDE;Pista Escorregadia;Tombamento;Com Vítimas Feridas;Pleno dia;Crescente;Céu Claro;Simples;Reta;Não;2;0;1;1;0;0;2;1;-32,10246718;-52,11069415;SPRF-RS;DEL07-RS;UOP02-DEL07-RS
636833;23/10/2024;quarta-feira;09:29:00;TO;230;24;NAZARE;Ausência de reação do condutor;Atropelamento de Animal;Sem Vítimas;Pleno dia;Decrescente;Céu Claro;Simples;Reta;Não;2;0;0;0;2;0;0;1;-6,42577201;-47,567059;SPRF-TO;DEL02-TO;UOP03-DEL02-TO
636837;23/10/2024;quarta-feira;08:00:00;MG;50;72;UBERLANDIA;Ausência de reação do condutor;Colisão lateral mesmo sentido;Com Vítimas Feridas;Pleno dia;Decrescente;Céu Claro;Dupla;Reta;Sim;2;0;1;0;1;0;1;2;-18,85140204;-48,25345932;SPRF-MG;DEL15-MG;UOP01-DEL15-MG
636840;23/10/2024;quarta-feira;10:10:00;PR;277;17;PARANAGUA;Avarias e/ou desgaste excessivo no pneu;Saída de leito carroçável;Com Vítimas Feridas;Pleno dia;Decrescente;Nublado;Dupla;Reta;Não;2;0;2;0;0;0;2;1;-25,56380488;-48,63457397;SPRF-PR;DEL01-PR;UOP05-DEL01-PR
636841;23/10/2024;quarta-feira;06:00:00;MS;262;69;TRES LAGOAS;Acessar a via sem observar a presença dos outros veículos;Colisão transversal;Com Vítimas Feridas;Pleno dia;Decrescente;Céu Claro;Simples;"Reta;Interseção de Vias;Declive";Não;5;0;1;0;4;0;1;2;-20,68235459;-52,22527025;SPRF-MS;DEL07-MS;UOP01-DEL07-MS
636842;23/10/2024;quarta-feira;08:40:00;SP;116;119,5;CACAPAVA;Objeto estático sobre o leito carroçável;Colisão com objeto;Com Vítimas Feridas;Pleno dia;Crescente;Céu Claro;Dupla;Reta;Não;1;0;1;0;0;0;1;1;-23,06710044;-45,63562878;SPRF-SP;DEL02-SP;UOP02-DEL02-SP
636843;23/10/2024;quarta-feira;10:45:00;ES;101;264,5;SERRA;Manobra de mudança de faixa;Colisão lateral mesmo sentido;Com Vítimas Feridas;Pleno dia;Decrescente;Céu Claro;Dupla;Reta;Sim;2;0;1;0;0;1;1;2;-20,17292791;-40,26736384;SPRF-ES;DEL02-ES;UOP01-DEL02-ES
636845;23/10/2024;quarta-feira;11:00:00;CE;304;97,3;ARACATI;Acesso irregular;Colisão frontal;Com Vítimas Feridas;Pleno dia;Crescente;Céu Claro;Dupla;"Reta;Interseção de Vias";Não;4;0;4;0;0;0;4;2;-4,85109972;-37,46579657;SPRF-CE;DEL03-CE;UOP03-DEL03-CE
636846;23/10/2024;quarta-feira;07:25:00;MG;262;443;NOVA SERRANA;Condutor deixou de manter distância do veículo da frente;Colisão traseira;Sem Vítimas;Pleno dia;Decrescente;Céu Claro;Simples;Reta;Sim;2;0;0;0;2;0;0;2;-19,88065393;-44,92197102;SPRF-MG;DEL08-MG;UOP03-DEL08-MG
636847;23/10/2024;quarta-feira;09:01:00;MT;70;731;CACERES;Acessar a via sem observar a presença dos outros veículos;Colisão transversal;Com Vítimas Feridas;Pleno dia;Decrescente;Céu Claro;Simples;"Reta;Interseção de Vias";Sim;2;0;2;0;0;0;2;2;-16,15109224;-57,62618406;SPRF-MT;DEL03-MT;UOP01-DEL03-MT
636848;16/10/2024;quarta-feira;09:30:00;MA;222;678;ACAILANDIA;Desrespeitar a preferência no cruzamento;Colisão transversal;Com Vítimas Feridas;Pleno dia;Decrescente;Nublado;Simples;"Reta;Interseção de Vias";Sim;2;0;1;0;1;0;1;2;-4,9550793;-47,5001071;SPRF-MA;DEL04-MA;UOP03-DEL04-MA
636851;23/10/2024;quarta-feira;11:20:00;PR;277;168;PALMEIRA;Reação tardia ou ineficiente do condutor;Saída de leito carroçável;Com Vítimas Feridas;Pleno dia;Decrescente;Chuva;Simples;Curva;Não;2;0;2;0;0;0;2;1;-25,46413908;-49,91312702;SPRF-PR;DEL03-PR;UOP03-DEL03-PR
636852;19/10/2024;sábado;16:48:00;CE;116;419;IPAUMIRIM;Ultrapassagem Indevida;Saída de leito carroçável;Com Vítimas Feridas;Pleno dia;Crescente;Céu Claro;Simples;Reta;Não;3;0;1;0;2;0;1;3;-6,75334695;-38,78504992;SPRF-CE;DEL05-CE;UOP01-DEL05-CE
636853;23/10/2024;quarta-feira;12:00:00;SC;101;206,8;SAO JOSE;Desrespeitar a preferência no cruzamento;Colisão transversal;Com Vítimas Feridas;Pleno dia;Decrescente;Céu Claro;Dupla;"Interseção de Vias;Reta";Sim;2;0;2;0;0;0;2;2;-27,59193546;-48,61824557;SPRF-SC;DEL01-SC;UOP01-DEL01-SC
636854;23/10/2024;quarta-feira;11:20:00;PR;163;185;SANTA TEREZA DO OESTE;Ausência de reação do condutor;Saída de leito carroçável;Com Vítimas Feridas;Pleno dia;Crescente;Céu Claro;Dupla;Curva;Sim;1;0;1;0;0;0;1;1;-25,13565591;-53,58359882;SPRF-PR;DEL05-PR;UOP05-DEL05-PR
636855;23/10/2024;quarta-feira;10:49:00;SC;101;374,2;ICARA;Reação tardia ou ineficiente do condutor;Saída de leito carroçável;Com Vítimas Feridas;Pleno dia;Crescente;Céu Claro;Dupla;Reta;Não;2;0;1;1;0;0;2;1;-28,71534412;-49,22723198;SPRF-SC;DEL02-SC;UOP01-DEL02-SC
636856;23/10/2024;quarta-feira;12:20:00;SC;470;123;IBIRAMA;Desrespeitar a preferência no cruzamento;Colisão transversal;Com Vítimas Feridas;Pleno dia;Crescente;Sol;Simples;Reta;Não;2;0;1;0;1;0;1;2;-27,106783;-49,522049;SPRF-SC;DEL04-SC;UOP02-DEL04-SC
636857;23/10/2024;quarta-feira;12:30:00;BA;324;514,4;FEIRA DE SANTANA;Ultrapassagem Indevida;Colisão lateral mesmo sentido;Com Vítimas Feridas;Pleno dia;Crescente;Céu Claro;Simples;Reta;Sim;2;0;1;0;1;0;1;2;-12,23244513;-38,95071745;SPRF-BA;DEL02-BA;UOP01-DEL02-BA
636858;01/10/2024;terça-feira;12:22:00;ES;101;146,7;LINHARES;Conversão proibida;Colisão transversal;Com Vítimas Feridas;Pleno dia;Crescente;Céu Claro;Simples;Interseção de Vias;Sim;2;0;1;0;0;1;1;2;-19,36990998;-40,06560718;SPRF-ES;DEL04-ES;UOP01-DEL04-ES
636859;14/09/2024;sábado;19:30:00;SC;101;71;ARAQUARI;Demais falhas na via;Queda de ocupante de veículo;Com Vítimas Feridas;Plena Noite;Crescente;Céu Claro;Múltipla;Reta;Não;1;0;0;1;0;0;1;1;-26,51864822;-48,71874636;SPRF-SC;DEL03-SC;UOP02-DEL03-SC
636860;23/10/2024;quarta-feira;11:30:00;RS;468;98,1;TRES PASSOS;Acessar a via sem observar a presença dos outros veículos;Colisão transversal;Com Vítimas Feridas;Pleno dia;Crescente;Sol;Simples;Reta;Não;5;0;3;0;1;1;3;3;-27,48388229;-53,90197117;SPRF-RS;DEL08-RS;UOP02-DEL08-RS
636861;23/10/2024;quarta-feira;12:00:00;RJ;116;82;TERESOPOLIS;Conversão proibida;Colisão traseira;Com Vítimas Feridas;Pleno dia;Crescente;Sol;Simples;Reta;Não;2;0;0;1;1;0;1;2;-22,4065491;-42,95136745;SPRF-RJ;DEL04-RJ;UOP01-DEL04-RJ
636862;23/10/2024;quarta-feira;12:00:00;SC;116;166,1;PONTE ALTA DO NORTE;Reação tardia ou ineficiente do condutor;Queda de ocupante de veículo;Com Vítimas Feridas;Pleno dia;Decrescente;Nublado;Simples;"Rotatória;Reta";Sim;1;0;1;0;0;0;1;1;-27,15859772;-50,46557486;SPRF-SC;DEL05-SC;UOP03-DEL05-SC
636863;23/10/2024;quarta-feira;09:45:00;SC;101;338,6;TUBARAO;Ausência de reação do condutor;Saída de leito carroçável;Com Vítimas Feridas;Pleno dia;Decrescente;Céu Claro;Dupla;Reta;Sim;1;0;1;0;0;0;1;1;-28,50082889;-49,04605865;SPRF-SC;DEL02-SC;UOP01-DEL02-SC
636864;23/10/2024;quarta-feira;13:04:00;RN;101;98,4;NATAL;Reação tardia ou ineficiente do condutor;Colisão traseira;Com Vítimas Feridas;Pleno dia;Crescente;Céu Claro;Múltipla;Aclive;Sim;7;0;1;0;6;0;1;3;-5,87359183;-35,22063023;SPRF-RN;DEL01-RN;UOP01-DEL01-RN
636865;23/10/2024;quarta-feira;13:05:00;RJ;101;269;RIO BONITO;Mal súbito do condutor;Colisão com objeto;Com Vítimas Feridas;Pleno dia;Decrescente;Céu Claro;Dupla;Reta;Sim;1;0;1;0;0;0;1;1;-22,71495082;-42,67804708;SPRF-RJ;DEL02-RJ;UOP03-DEL02-RJ
636868;23/10/2024;quarta-feira;11:30:00;SC;101;149;ITAPEMA;Reação tardia ou ineficiente do condutor;Colisão lateral mesmo sentido;Com Vítimas Feridas;Pleno dia;Decrescente;Céu Claro;Dupla;Reta;Sim;2;0;1;0;1;0;1;2;-27,1089649;-48,61277586;SPRF-SC;DEL04-SC;UOP03-DEL04-SC
636869;23/10/2024;quarta-feira;13:30:00;SC;101;104,7;PENHA;Trafegar com motocicleta (ou similar) entre as faixas;Colisão lateral mesmo sentido;Com Vítimas Feridas;Pleno dia;Crescente;Nublado;Dupla;Reta;Não;3;0;1;0;2;0;1;3;-26,79281742;-48,68080819;SPRF-SC;DEL03-SC;UOP02-DEL03-SC
636870;23/10/2024;quarta-feira;10:15:00;RO;364;386;OURO PRETO DO OESTE;Ausência de reação do condutor;Colisão traseira;Sem Vítimas;Pleno dia;Crescente;Céu Claro;Simples;Reta;Sim;4;0;0;0;4;0;0;2;-10,70116422;-62,26238327;SPRF-RO;DEL03-RO;UOP02-DEL03-RO
636873;23/10/2024;quarta-feira;07:53:00;RO;364;341;JI-PARANA;Desrespeitar a preferência no cruzamento;Colisão transversal;Com Vítimas Feridas;Pleno dia;Crescente;Céu Claro;Simples;Viaduto;Sim;2;0;1;0;1;0;1;2;-10,88987987;-61,93126772;SPRF-RO;DEL02-RO;UOP01-DEL02-RO
636875;23/10/2024;quarta-feira;10:45:00;MT;163;754;SORRISO;Manobra de mudança de faixa;Tombamento;Com Vítimas Feridas;Pleno dia;Decrescente;Nublado;Dupla;"Desvio Temporário;Reta;Em Obras";Sim;1;0;1;0;0;0;1;1;-12,53495187;-55,70586082;SPRF-MT;DEL06-MT;UOP01-DEL06-MT
636876;23/10/2024;quarta-feira;13:45:00;SC;282;5,8;SAO JOSE;Manobra de mudança de faixa;Colisão lateral mesmo sentido;Com Vítimas Feridas;Pleno dia;Decrescente;Céu Claro;Múltipla;Reta;Sim;3;0;1;0;2;0;1;2;-27,588425;-48,612919;SPRF-SC;DEL01-SC;UOP01-DEL01-SC
636878;23/10/2024;quarta-feira;13:50:00;SP;116;221,1;GUARULHOS;Trafegar com motocicleta (ou similar) entre as faixas;Colisão lateral mesmo sentido;Com Vítimas Feridas;Pleno dia;Decrescente;Nublado;Múltipla;"Reta;Em Obras";Sim;3;0;1;1;1;0;2;2;-23,46802395;-46,50704901;SPRF-SP;DEL01-SP;UOP01-DEL01-SP
636879;23/10/2024;quarta-feira;11:30:00;CE;230;39,8;LAVRAS DA MANGABEIRA;Acessar a via sem observar a presença dos outros veículos;Colisão frontal;Com Vítimas Feridas;Pleno dia;Crescente;Sol;Simples;Reta;Sim;2;0;0;1;1;0;1;2;-6,75403359;-38,95981181;SPRF-CE;DEL05-CE;UOP01-DEL05-CE
636880;23/10/2024;quarta-feira;05:00:00;MG;251;204,9;CACHOEIRA DE PAJEU;Demais falhas mecânicas ou elétricas;Incêndio;Com Vítimas Feridas;Amanhecer;Crescente;Nublado;Simples;"Declive;Reta";Não;5;0;1;0;4;0;1;1;-15,86747511;-41,51345492;SPRF-MG;DEL12-MG;UOP02-DEL12-MG
636884;23/10/2024;quarta-feira;14:00:00;PR;376;452;TIBAGI;Chuva;Saída de leito carroçável;Com Vítimas Feridas;Pleno dia;Crescente;Chuva;Dupla;Reta;Não;3;0;2;0;1;0;2;1;-24,94777705;-50,39506826;SPRF-PR;DEL03-PR;UOP02-DEL03-PR
636886;23/10/2024;quarta-feira;13:55:00;MG;116;600,8;SAO JOAO DO MANHUACU;Ultrapassagem Indevida;Colisão frontal;Com Vítimas Feridas;Pleno dia;Decrescente;Nublado;Simples;Curva;Não;3;0;0;2;1;0;2;2;-20,33157703;-42,14776317;SPRF-MG;DEL06-MG;UOP03-DEL06-MG
636888;23/10/2024;quarta-feira;14:30:00;PB;230;334,6;PATOS;Reação tardia ou ineficiente do condutor;Colisão transversal;Com Vítimas Feridas;Pleno dia;Crescente;Céu Claro;Simples;Reta;Sim;4;0;0;3;0;1;3;2;-7,018;-37,2589;SPRF-PB;DEL03-PB;UOP01-DEL03-PB
636889;27/08/2024;terça-feira;13:30:00;SC;282;15,6;PALHOCA;Reação tardia ou ineficiente do condutor;Colisão lateral sentido oposto;Com Vítimas Feridas;Pleno dia;Decrescente;Céu Claro;Simples;Reta;Sim;2;0;0;1;1;0;1;2;-27,651848;-48,676048;SPRF-SC;DEL01-SC;UOP02-DEL01-SC
636890;23/10/2024;quarta-feira;15:00:00;RS;116;227;DOIS IRMAOS;Ausência de reação do condutor;Saída de leito carroçável;Com Vítimas Feridas;Pleno dia;Decrescente;Nublado;Simples;Curva;Não;1;0;1;0;0;0;1;1;-29,60482402;-51,12527692;SPRF-RS;DEL01-RS;UOP02-DEL01-RS
636891;23/10/2024;quarta-feira;15:20:00;RN;110;47,9;MOSSORO;Condutor deixou de manter distância do veículo da frente;Colisão traseira;Com Vítimas Feridas;Pleno dia;Decrescente;Céu Claro;Simples;Reta;Sim;2;0;1;0;1;0;1;2;-5,20338376;-37,32563418;SPRF-RN;DEL04-RN;UOP01-DEL04-RN