id;data_inversa;dia_semana;horario;uf;br;km;municipio;causa_acidente;tipo_acidente;classificacao_acidente;fase_dia;sentido_via;condicao_metereologica;tipo_pista;tracado_via;uso_solo;pessoas;mortos;feridos_leves;feridos_graves;ilesos;ignorados;feridos;veiculos;latitude;longitude;regional;delegacia;uop
637016;24/10/2024;quinta-feira;08:05:00;RJ;40;123;DUQUE DE CAXIAS;Manobra de mudança de faixa;Queda de ocupante de veículo;Com Vítimas Feridas;Pleno dia;Crescente;Nublado;Múltipla;Reta;Não;2;0;2;0;0;0;2;1;-22,79907687;-43,29015739;SPRF-RJ;DEL01-RJ;UOP02-DEL01-RJ
637017;24/10/2024;quinta-feira;07:30:00;RJ;101;389;RIO DE JANEIRO;Acessar a via sem observar a presença dos outros veículos;Colisão lateral mesmo sentido;Com Vítimas Feridas;Pleno dia;Crescente;Garoa/Chuvisco;Dupla;"Interseção de Vias;Curva";Sim;3;0;0;1;2;0;1;2;-22,89077885;-43,66684705;SPRF-RJ;DEL03-RJ;UOP01-DEL03-RJ
637018;14/09/2024;sábado;19:30:00;PR;376;140;NOVA ESPERANCA;Reação tardia ou ineficiente do condutor;Colisão com objeto;Com Vítimas Feridas;Plena Noite;Crescente;Nublado;Dupla;Reta;Sim;1;0;0;1;0;0;1;1;-23,240108;-52,171955;SPRF-PR;DEL09-PR;UOP02-DEL09-PR
637019;24/10/2024;quinta-feira;08:40:00;PR;116;117;CURITIBA;Manobra de mudança de faixa;Colisão lateral mesmo sentido;Com Vítimas Feridas;Pleno dia;Decrescente;Céu Claro;Múltipla;"Reta;Aclive";Sim;3;0;1;0;2;0;1;2;-25,55842933;-49,30651724;SPRF-PR;DEL01-PR;UOP03-DEL01-PR
637021;24/10/2024;quinta-feira;06:50:00;MG;381;700;LAVRAS;Ausência de reação do condutor;Colisão com objeto;Com Vítimas Feridas;Amanhecer;Decrescente;Chuva;Dupla;"Curva;Aclive";Não;1;0;1;0;0;0;1;1;-21,31137883;-45,16451703;SPRF-MG;DEL04-MG;UOP02-DEL04-MG
637022;24/10/2024;quinta-feira;08:30:00;BA;324;530;FEIRA DE SANTANA;Demais falhas mecânicas ou elétricas;Incêndio;Sem Vítimas;Pleno dia;Decrescente;Céu Claro;Dupla;Curva;Sim;1;0;0;0;1;0;0;1;-12,32818491;-38,86174193;SPRF-BA;DEL01-BA;UOP03-DEL01-BA
637023;24/10/2024;quinta-feira;09:33:00;GO;153;321;RIANAPOLIS;Desrespeitar a preferência no cruzamento;Colisão transversal;Com Vítimas Feridas;Pleno dia;Crescente;Céu Claro;Simples;Interseção de Vias;Não;4;0;0;1;3;0;1;2;-15,456578;-49,502522;SPRF-GO;DEL02-GO;UOP02-DEL02-GO
637024;04/07/2024;quinta-feira;17:10:00;PR;369;201;APUCARANA;Acumulo de óleo sobre o pavimento;Tombamento;Com Vítimas Feridas;Pleno dia;Crescente;Céu Claro;Dupla;"Reta;Interseção de Vias";Sim;1;0;1;0;0;0;1;1;-23,54107835;-51,45660818;SPRF-PR;DEL07-PR;UOP03-DEL07-PR
637026;24/10/2024;quinta-feira;07:50:00;PI;343;329,1;TERESINA;Condutor deixou de manter distância do veículo da frente;Colisão traseira;Com Vítimas Feridas;Pleno dia;Crescente;Céu Claro;Simples;Reta;Não;2;0;0;1;0;1;1;2;-5,064808;-42,641769;SPRF-PI;DEL01-PI;UOP01-DEL01-PI
637027;24/10/2024;quinta-feira;08:45:00;RJ;116;53,9;TERESOPOLIS;Avarias e/ou desgaste excessivo no pneu;Saída de leito carroçável;Com Vítimas Feridas;Pleno dia;Crescente;Nublado;Simples;Reta;Não;1;0;1;0;0;0;1;1;-22,20141446;-42,87189678;SPRF-RJ;DEL04-RJ;UOP01-DEL04-RJ
637029;24/10/2024;quinta-feira;09:30:00;SP;381;63;MAIRIPORA;Ausência de reação do condutor;Capotamento;Com Vítimas Feridas;Pleno dia;Decrescente;Chuva;Dupla;"Curva;Aclive";Sim;2;0;1;0;1;0;1;1;-23,30406564;-46,57330871;SPRF-SP;DEL03-SP;UOP01-DEL03-SP
637031;24/10/2024;quinta-feira;08:10:00;RJ;101;443;MANGARATIBA;Velocidade Incompatível;Colisão lateral sentido oposto;Com Vítimas Feridas;Pleno dia;Crescente;Chuva;Simples;"Curva;Declive";Não;2;0;1;0;1;0;1;2;-22,98107919;-44,08441596;SPRF-RJ;DEL03-RJ;UOP02-DEL03-RJ
637032;24/10/2024;quinta-feira;07:30:00;MG;365;634;UBERLANDIA;Demais falhas mecânicas ou elétricas;Tombamento;Com Vítimas Feridas;Pleno dia;Decrescente;Chuva;Dupla;"Declive;Reta";Não;2;0;2;0;0;0;2;1;-18,89398203;-48,409205;SPRF-MG;DEL15-MG;UOP01-DEL15-MG
637034;24/10/2024;quinta-feira;09:11:00;MG;381;714;CARMO DA CACHOEIRA;Reação tardia ou ineficiente do condutor;Saída de leito carroçável;Com Vítimas Feridas;Pleno dia;Decrescente;Nublado;Dupla;Reta;Não;3;0;3;0;0;0;3;1;-21,37467;-45,19223;SPRF-MG;DEL04-MG;UOP02-DEL04-MG
637035;24/10/2024;quinta-feira;09:00:00;ES;101;143,7;LINHARES;Acessar a via sem observar a presença dos outros veículos;Colisão traseira;Com Vítimas Feridas;Pleno dia;Decrescente;Céu Claro;Múltipla;"Reta;Declive";Sim;4;0;2;0;2;0;2;2;-19,34286596;-40,0638568;SPRF-ES;DEL04-ES;UOP01-DEL04-ES
637036;24/10/2024;quinta-feira;07:40:00;MT;163;24,4;ITIQUIRA;Condutor Dormindo;Colisão com objeto;Com Vítimas Feridas;Pleno dia;Decrescente;Céu Claro;Dupla;"Ponte;Reta";Não;4;0;1;0;3;0;1;1;-17,30716398;-54,76245284;SPRF-MT;DEL02-MT;UOP03-DEL02-MT
637037;24/10/2024;quinta-feira;07:15:00;MT;364;564;NOBRES;Ingestão de álcool pelo condutor;Saída de leito carroçável;Sem Vítimas;Pleno dia;Crescente;Céu Claro;Dupla;"Curva;Retorno Regulamentado";Não;1;0;0;0;1;0;0;1;-14,76958479;-56,35495817;SPRF-MT;DEL01-MT;UOP01-DEL01-MT
637039;14/10/2024;segunda-feira;18:20:00;PI;343;10;PARNAIBA;Acessar a via sem observar a presença dos outros veículos;Colisão transversal;Com Vítimas Feridas;Plena Noite;Decrescente;Céu Claro;Simples;Reta;Sim;2;0;2;0;0;0;2;2;-2,902034;-41,741646;SPRF-PI;DEL05-PI;UOP01-DEL05-PI
637040;24/10/2024;quinta-feira;08:20:00;RO;364;200;PIMENTA BUENO;Condutor deixou de manter distância do veículo da frente;Colisão traseira;Com Vítimas Feridas;Pleno dia;Crescente;Céu Claro;Simples;Declive;Sim;3;0;1;0;0;2;1;3;-11,65284309;-61,19276342;SPRF-RO;DEL02-RO;UOP02-DEL02-RO
637041;24/10/2024;quinta-feira;10:20:00;RS;287;260;SANTA MARIA;Reação tardia ou ineficiente do condutor;Saída de leito carroçável;Sem Vítimas;Pleno dia;Crescente;Chuva;Simples;Reta;Não;3;0;0;0;1;2;0;3;-29,675303;-53,966826;SPRF-RS;DEL09-RS;UOP01-DEL09-RS
637042;24/10/2024;quinta-feira;09:15:00;RS;153;572;BAGE;Acumulo de água sobre o pavimento;Saída de leito carroçável;Sem Vítimas;Pleno dia;Decrescente;Chuva;Simples;Reta;Não;2;0;0;0;2;0;0;1;-31,00895304;-53,6565548;SPRF-RS;DEL11-RS;UOP03-DEL11-RS
637043;24/10/2024;quinta-feira;10:30:00;SC;101;203;SAO JOSE;Pista Escorregadia;Tombamento;Com Vítimas Feridas;Pleno dia;Decrescente;Céu Claro;Dupla;"Rotatória;Interseção de Vias";Sim;1;0;1;0;0;0;1;1;-27,5650044;-48,61460082;SPRF-SC;DEL01-SC;UOP01-DEL01-SC
637044;24/10/2024;quinta-feira;10:30:00;MG;459;89,9;CONGONHAL;Ingestão de álcool pelo condutor;Colisão com objeto;Com Vítimas Feridas;Pleno dia;Crescente;Céu Claro;Simples;"Reta;Interseção de Vias";Não;1;0;0;1;0;0;1;1;-22,14877472;-46,01966858;SPRF-MG;DEL09-MG;UOP01-DEL09-MG
637045;24/10/2024;quinta-feira;10:30:00;RN;304;299;MACAIBA;Velocidade Incompatível;Queda de ocupante de veículo;Com Vítimas Feridas;Pleno dia;Decrescente;Céu Claro;Dupla;Retorno Regulamentado;Sim;1;0;1;0;0;0;1;1;-5,87095859;-35,32359587;SPRF-RN;DEL01-RN;UOP02-DEL01-RN
637047;30/09/2024;segunda-feira;17:30:00;MT;364;272;JACIARA;Acessar a via sem observar a presença dos outros veículos;Colisão transversal;Com Vítimas Feridas;Pleno dia;Decrescente;Céu Claro;Dupla;Reta;Sim;2;0;1;0;1;0;1;2;-15,96667987;-54,96121981;SPRF-MT;DEL05-MT;UOP02-DEL05-MT
637049;24/10/2024;quinta-feira;10:20:00;MS;267;461,4;GUIA LOPES DA LAGUNA;Condutor deixou de manter distância do veículo da frente;Colisão traseira;Com Vítimas Feridas;Pleno dia;Decrescente;Céu Claro;Simples;Reta;Não;2;0;0;1;1;0;1;2;-21,42438138;-55,97359218;SPRF-MS;DEL05-MS;UOP01-DEL05-MS
637051;24/10/2024;quinta-feira;10:55:00;BA;367;26,5;PORTO SEGURO;Acesso irregular;Colisão transversal;Com Vítimas Feridas;Pleno dia;Crescente;Céu Claro;Simples;Reta;Sim;2;0;0;1;1;0;1;2;-16,43071712;-39,09561713;SPRF-BA;DEL09-BA;UOP03-DEL09-BA
637052;24/10/2024;quinta-feira;11:40:00;SC;101;217;PALHOCA;Ultrapassagem Indevida;Colisão com objeto;Com Vítimas Feridas;Pleno dia;Decrescente;Céu Claro;Múltipla;Reta;Não;3;0;1;0;1;1;1;3;-27,66779034;-48,67393586;SPRF-SC;DEL01-SC;UOP02-DEL01-SC
637054;24/10/2024;quinta-feira;12:00:00;GO;153;515;APARECIDA DE GOIANIA;Acessar a via sem observar a presença dos outros veículos;Colisão lateral mesmo sentido;Com Vítimas Feridas;Pleno dia;Crescente;Céu Claro;Dupla;Retorno Regulamentado;Sim;2;0;1;0;1;0;1;2;-16,8413;-49,2454;SPRF-GO;DEL01-GO;UOP03-DEL01-GO
637056;26/09/2024;quinta-feira;13:21:00;PB;230;17;JOAO PESSOA;Reação tardia ou ineficiente do condutor;Engavetamento;Sem Vítimas;Pleno dia;Decrescente;Céu Claro;Dupla;"Viaduto;Reta";Sim;7;0;0;0;6;1;0;5;-7,1121;-34,8426;SPRF-PB;DEL01-PB;UOP01-DEL01-PB
637058;24/10/2024;quinta-feira;10:00:00;CE;222;311;TIANGUA;Frear bruscamente;Colisão lateral mesmo sentido;Com Vítimas Feridas;Pleno dia;Decrescente;Céu Claro;Dupla;Reta;Não;4;0;1;0;2;1;1;4;-3,711973;-40,984356;SPRF-CE;DEL04-CE;UOP02-DEL04-CE
637059;24/10/2024;quinta-feira;12:10:00;MG;381;447;SANTA LUZIA;Condutor Dormindo;Saída de leito carroçável;Com Vítimas Feridas;Pleno dia;Crescente;Nublado;Simples;"Curva;Aclive";Não;1;0;1;0;0;0;1;1;-19,8222;-43,816246;SPRF-MG;DEL01-MG;UOP01-DEL01-MG
637062;24/10/2024;quinta-feira;10:20:00;AC;364;129;RIO BRANCO;Frear bruscamente;Queda de ocupante de veículo;Com Vítimas Feridas;Pleno dia;Decrescente;Chuva;Simples;Reta;Não;1;0;0;1;0;0;1;1;-10,0240943;-67,8369574;SPRF-AC;DEL01-AC;UOP01-DEL01-AC
637064;24/10/2024;quinta-feira;09:22:00;PI;343;1;LUIS CORREIA;Conversão proibida;Colisão transversal;Com Vítimas Feridas;Pleno dia;Decrescente;Céu Claro;Simples;Reta;Sim;2;0;1;1;0;0;2;2;-2,890292;-41,667423;SPRF-PI;DEL05-PI;UOP01-DEL05-PI
637067;24/10/2024;quinta-feira;12:50:00;SP;381;49;ATIBAIA;Ausência de reação do condutor;Colisão traseira;Com Vítimas Feridas;Pleno dia;Decrescente;Céu Claro;Dupla;Reta;Sim;2;0;1;0;1;0;1;2;-23,20535293;-46,59066516;SPRF-SP;DEL03-SP;UOP01-DEL03-SP
637068;24/10/2024;quinta-feira;12:20:00;SP;116;139,2;SAO JOSE DOS CAMPOS;Demais falhas mecânicas ou elétricas;Queda de ocupante de veículo;Com Vítimas Feridas;Pleno dia;Decrescente;Nublado;Dupla;Reta;Não;2;0;1;0;1;0;1;1;-23,16153216;-45,80400592;SPRF-SP;DEL02-SP;UOP01-DEL02-SP
637069;24/10/2024;quinta-feira;12:55:00;PB;101;88,8;JOAO PESSOA;Condutor deixou de manter distância do veículo da frente;Colisão lateral mesmo sentido;Com Vítimas Feridas;Pleno dia;Crescente;Sol;Dupla;"Curva;Interseção de Vias";Sim;2;0;1;0;1;0;1;2;-7,16885796;-34,89709204;SPRF-PB;DEL01-PB;UOP02-DEL01-PB
637070;24/10/2024;quinta-feira;12:10:00;PR;277;2;CURITIBA;Ultrapassagem Indevida;Colisão transversal;Com Vítimas Feridas;Pleno dia;Decrescente;Nublado;Simples;Interseção de Vias;Sim;3;0;1;0;1;1;1;3;-25,428255;-49,27348;SPRF-PR;DEL01-PR;UOP06-DEL01-PR
637071;24/10/2024;quinta-feira;13:00:00;GO;60;89;ANAPOLIS;Área urbana sem a presença de local apropriado para a travessia de pedestres;Colisão transversal;Com Vítimas Feridas;Pleno dia;Decrescente;Céu Claro;Dupla;"Reta;Retorno Regulamentado";Sim;3;0;0;2;0;1;2;3;-16,3367;-48,8957;SPRF-GO;DEL02-GO;UOP01-DEL02-GO
637072;24/10/2024;quinta-feira;09:02:00;MA;10;320;ACAILANDIA;Acessar a via sem observar a presença dos outros veículos;Colisão transversal;Com Vítimas Feridas;Pleno dia;Crescente;Céu Claro;Simples;Reta;Sim;2;0;0;1;1;0;1;2;-4,952405;-47,503384;SPRF-MA;DEL04-MA;UOP03-DEL04-MA
637073;24/10/2024;quinta-feira;10:00:00;MT;163;816;SINOP;Acessar a via sem observar a presença dos outros veículos;Colisão transversal;Com Vítimas Fatais;Pleno dia;Decrescente;Céu Claro;Simples;"Reta;Retorno Regulamentado";Sim;2;1;0;0;1;0;0;2;-12,02565852;-55,51731706;SPRF-MT;DEL06-MT;UOP02-DEL06-MT
637077;24/10/2024;quinta-feira;09:00:00;BA;407;92;JAGUARARI;Acostamento em desnível;Saída de leito carroçável;Com Vítimas Feridas;Pleno dia;Crescente;Céu Claro;Simples;Reta;Não;1;0;1;0;0;0;1;1;-10,167995;-40,22679602;SPRF-BA;DEL04-BA;UOP01-DEL04-BA
637080;24/10/2024;quinta-feira;13:55:00;SC;101;114,1;ITAJAI;Ausência de reação do condutor;Tombamento;Com Vítimas Feridas;Pleno dia;Decrescente;Nublado;Dupla;Reta;Não;1;0;1;0;0;0;1;1;-26,86192886;-48,7286704;SPRF-SC;DEL04-SC;UOP04-DEL04-SC
637081;24/10/2024;quinta-feira;12:50:00;RJ;40;34,3;AREAL;Ausência de reação do condutor;Saída de leito carroçável;Com Vítimas Feridas;Pleno dia;Crescente;Céu Claro;Dupla;Reta;Não;2;0;2;0;0;0;2;1;-22,20122568;-43,14116761;SPRF-RJ;DEL05-RJ;UOP02-DEL05-RJ
637082;24/10/2024;quinta-feira;14:30:00;SC;101;210;SAO JOSE;Ausência de reação do condutor;Queda de ocupante de veículo;Com Vítimas Feridas;Pleno dia;Crescente;Céu Claro;Dupla;Reta;Sim;2;0;1;0;1;0;1;2;-27,6167305;-48,6457265;SPRF-SC;DEL01-SC;UOP01-DEL01-SC
637083;08/09/2024;domingo;14:30:00;BA;116;584;BREJOES;Condutor Dormindo;Saída de leito carroçável;Com Vítimas Feridas;Pleno dia;Decrescente;Céu Claro;Simples;Reta;Não;3;0;1;0;2;0;1;1;-13,1052027;-39,98209294;SPRF-BA;DEL03-BA;UOP02-DEL03-BA
637084;24/10/2024;quinta-feira;13:50:00;PA;230;4;ALTAMIRA;Reação tardia ou ineficiente do condutor;Colisão lateral sentido oposto;Com Vítimas Feridas;Pleno dia;Crescente;Sol;Simples;"Reta;Interseção de Vias";Sim;2;0;0;1;1;0;1;2;-3,19216086;-52,21832871;SPRF-PA;DEL03-PA;UOP01-DEL03-PA
637085;08/10/2024;terça-feira;07:00:00;BA;101;61;ENTRE RIOS;Demais falhas mecânicas ou elétricas;Capotamento;Com Vítimas Feridas;Pleno dia;Decrescente;Céu Claro;Dupla;Reta;Não;1;0;1;0;0;0;1;1;-11,9676968;-38,11726499;SPRF-BA;DEL01-BA;UOP04-DEL01-BA
637089;20/10/2024;domingo;20:40:00;PE;101;48;ABREU E LIMA;Ausência de reação do condutor;Colisão transversal;Com Vítimas Feridas;Plena Noite;Crescente;Céu Claro;Simples;Reta;Sim;3;0;2;1;0;0;3;2;-7,89174705;-34,9033493;SPRF-PE;DEL01-PE;UOP02-DEL01-PE
637090;24/10/2024;quinta-feira;13:30:00;PI;135;415,7;REDENCAO DO GURGUEIA;Entrada inopinada do pedestre;Atropelamento de Pedestre;Com Vítimas Fatais;Pleno dia;Decrescente;Céu Claro;Simples;Reta;Não;3;2;0;0;0;1;0;2;-9,46752736;-44,66120397;SPRF-PI;DEL03-PI;UOP02-DEL03-PI
637091;24/10/2024;quinta-feira;13:40:00;PR;163;142;CAPITAO LEONIDAS MARQUES;Reação tardia ou ineficiente do condutor;Saída de leito carroçável;Com Vítimas Feridas;Pleno dia;Decrescente;Chuva;Dupla;"Curva;Declive";Não;1;0;1;0;0;0;1;1;-25,48284277;-53,59229524;SPRF-PR;DEL05-PR;UOP05-DEL05-PR
637092;24/10/2024;quinta-feira;15:10:00;SP;116;182;SANTA ISABEL;Ausência de reação do condutor;Queda de ocupante de veículo;Com Vítimas Feridas;Pleno dia;Decrescente;Céu Claro;Dupla;Reta;Sim;1;0;1;0;0;0;1;1;-23,34505765;-46,16213519;SPRF-SP;DEL01-SP;UOP01-DEL01-SP
637094;24/10/2024;quinta-feira;15:30:00;PB;101;82,2;BAYEUX;Reação tardia ou ineficiente do condutor;Colisão lateral mesmo sentido;Com Vítimas Feridas;Pleno dia;Crescente;Céu Claro;Dupla;Reta;Sim;2;0;1;0;1;0;1;2;-7,12911;-34,93714;SPRF-PB;DEL01-PB;UOP01-DEL01-PB
637097;24/10/2024;quinta-feira;14:38:00;ES;393;12;CACHOEIRO DE ITAPEMIRIM;Condutor Dormindo;Saída de leito carroçável;Com Vítimas Feridas;Pleno dia;Decrescente;Céu Claro;Simples;Curva;Não;2;0;2;0;0;0;2;1;-20,85990407;-41,25197191;SPRF-ES;DEL03-ES;UOP02-DEL03-ES
637099;24/10/2024;quinta-feira;15:35:00;PR;116;39,3;CAMPINA GRANDE DO SUL;Velocidade Incompatível;Colisão com objeto;Com Vítimas Feridas;Pleno dia;Crescente;Nublado;Dupla;Curva;Não;2;0;1;0;1;0;1;1;-25,156168;-48,8613401;SPRF-PR;DEL01-PR;UOP02-DEL01-PR
637100;24/10/2024;quinta-feira;15:00:00;ES;101;241,6;SERRA;Reação tardia ou ineficiente do condutor;Atropelamento de Pedestre;Com Vítimas Feridas;Pleno dia;Decrescente;Céu Claro;Múltipla;Reta;Não;2;0;1;0;1;0;1;2;-20,02389596;-40,39998096;SPRF-ES;DEL02-ES;UOP01-DEL02-ES
637101;24/10/2024;quinta-feira;16:10:00;PE;232;7,7;RECIFE;Reação tardia ou ineficiente do condutor;Saída de leito carroçável;Com Vítimas Feridas;Pleno dia;Decrescente;Céu Claro;Múltipla;"Curva;Retorno Regulamentado";Não;1;0;0;1;0;0;1;1;-8,07333497;-34,96184301;SPRF-PE;DEL01-PE;UOP01-DEL01-PE
637102;24/10/2024;quinta-feira;16:00:00;MG;262;810;UBERABA;Desrespeitar a preferência no cruzamento;Colisão traseira;Com Vítimas Feridas;Pleno dia;Decrescente;Céu Claro;Simples;"Viaduto;Retorno Regulamentado";Sim;3;0;0;1;1;1;1;3;-19,770817;-47,973434;SPRF-MG;DEL13-MG;UOP01-DEL13-MG
637103;24/10/2024;quinta-feira;16:40:00;RS;116;256;ESTEIO;Animais na Pista;Tombamento;Com Vítimas Feridas;Pleno dia;Crescente;Nublado;Simples;Reta;Sim;1;0;1;0;0;0;1;1;-29,84393699;-51,17728603;SPRF-RS;DEL01-RS;UOP02-DEL01-RS
637105;24/10/2024;quinta-feira;16:30:00;RN;101;125,1;SAO JOSE DE MIPIBU;Acessar a via sem observar a presença dos outros veículos;Colisão transversal;Com Vítimas Fatais;Pleno dia;Crescente;Céu Claro;Múltipla;Declive;Sim;2;1;0;0;1;0;0;2;-6,07815599;-35,23412006;SPRF-RN;DEL01-RN;UOP01-DEL01-RN
637106;24/10/2024;quinta-feira;16:30:00;ES;101;262,1;SERRA;Condutor desrespeitou a iluminação vermelha do semáforo;Colisão transversal;Com Vítimas Feridas;Pleno dia;Crescente;Céu Claro;Dupla;"Retorno Regulamentado;Interseção de Vias";Sim;4;0;1;1;1;1;2;3;-20,1572331;-40,27678329;SPRF-ES;DEL02-ES;UOP01-DEL02-ES
637108;24/10/2024;quinta-feira;16:25:00;MG;365;782,1;GURINHATA;Velocidade Incompatível;Tombamento;Com Vítimas Feridas;Pleno dia;Crescente;Nublado;Simples;"Declive;Curva";Não;1;0;1;0;0;0;1;1;-18,95511467;-49,75163698;SPRF-MG;DEL15-MG;UOP03-DEL15-MG
637109;24/10/2024;quinta-feira;07:36:00;RJ;101;329;RIO DE JANEIRO;Ausência de reação do condutor;Colisão lateral mesmo sentido;Com Vítimas Feridas;Pleno dia;Decrescente;Nublado;Dupla;Reta;Não;3;0;0;1;2;0;1;3;-22,86939305;-43,175642;SPRF-RJ;DEL02-RJ;UOP01-DEL02-RJ
637112;24/10/2024;quinta-feira;16:15:00;RS;470;210;BENTO GONCALVES;Reação tardia ou ineficiente do condutor;Saída de leito carroçável;Com Vítimas Feridas;Pleno dia;Decrescente;Garoa/Chuvisco;Simples;"Curva;Aclive";Não;1;0;1;0;0;0;1;1;-29,11647449;-51,54258383;SPRF-RS;DEL06-RS;UOP01-DEL06-RS
637113;16/09/2024;segunda-feira;11:00:00;PR;369;85,5;CORNELIO PROCOPIO;Acessar a via sem observar a presença dos outros veículos;Colisão transversal;Com Vítimas Feridas;Pleno dia;Crescente;Nublado;Simples;"Reta;Interseção de Vias";Sim;5;0;2;0;3;0;2;2;-23,1735903;-50,62046707;SPRF-PR;DEL07-PR;UOP05-DEL07-PR
637114;24/10/2024;quinta-feira;17:00:00;RS;392;53;RIO GRANDE;Demais falhas mecânicas ou elétricas;Saída de leito carroçável;Com Vítimas Feridas;Pleno dia;Crescente;Céu Claro;Dupla;Reta;Não;1;0;1;0;0;0;1;1;-31,84726997;-52,32688484;SPRF-RS;DEL07-RS;UOP02-DEL07-RS
637115;31/08/2024;sábado;23:52:00;PR;376;2,8;APUCARANA;Acessar a via sem observar a presença dos outros veículos;Colisão frontal;Com Vítimas Feridas;Plena Noite;Crescente;Céu Claro;Dupla;"Reta;Declive";Sim;3;0;0;1;2;0;1;2;-23,56165;-51,434532;SPRF-PR;DEL07-PR;UOP03-DEL07-PR
637116;24/10/2024;quinta-feira;16:50:00;CE;116;20;AQUIRAZ;Problema com o freio;Colisão transversal;Com Vítimas Feridas;Anoitecer;Decrescente;Céu Claro;Dupla;Reta;Não;3;0;1;1;1;0;2;2;-3,92277497;-38,50762327;SPRF-CE;DEL01-CE;UOP02-DEL01-CE
637117;24/10/2024;quinta-feira;14:15:00;RS;470;252,4;SAO PEDRO DA SERRA;Ausência de reação do condutor;Saída de leito carroçável;Com Vítimas Feridas;Pleno dia;Crescente;Chuva;Simples;Curva;Não;1;0;1;0;0;0;1;1;-29,42063513;-51,52017653;SPRF-RS;DEL06-RS;UOP01-DEL06-RS
637118;24/10/2024;quinta-feira;16:36:00;PI;343;2,7;TERESINA;Desrespeitar a preferência no cruzamento;Colisão lateral mesmo sentido;Sem Vítimas;Pleno dia;Crescente;Céu Claro;Simples;Rotatória;Sim;2;0;0;0;2;0;0;2;-5,089569;-42,802288;SPRF-PI;DEL01-PI;UOP01-DEL01-PI
637119;24/10/2024;quinta-feira;17:05:00;BA;324;611,4;SIMOES FILHO;Demais falhas mecânicas ou elétricas;Tombamento;Com Vítimas Feridas;Pleno dia;Crescente;Céu Claro;Dupla;Reta;Não;2;0;2;0;0;0;2;1;-12,851317;-38,419128;SPRF-BA;DEL01-BA;UOP01-DEL01-BA
637120;24/10/2024;quinta-feira;17:40:00;RS;290;80;GRAVATAI;Velocidade Incompatível;Queda de ocupante de veículo;Com Vítimas Feridas;Pleno dia;Decrescente;Céu Claro;Simples;Rotatória;Não;1;0;0;1;0;0;1;1;-29,95343;-51,058449;SPRF-RS;DEL01-RS;UOP01-DEL01-RS
637123;24/10/2024;quinta-feira;17:30:00;MG;381;500;BETIM;Objeto estático sobre o leito carroçável;Colisão com objeto;Com Vítimas Feridas;Anoitecer;Decrescente;Garoa/Chuvisco;Dupla;Reta;Não;1;0;1;0;0;0;1;1;-20,02513493;-44,23112709;SPRF-MG;DEL01-MG;UOP03-DEL01-MG
637124;24/10/2024;quinta-feira;18:15:00;ES;101;159,2;LINHARES;Acessar a via sem observar a presença dos outros veículos;Colisão transversal;Com Vítimas Feridas;Plena Noite;Crescente;Nublado;Simples;Interseção de Vias;Sim;2;0;1;0;1;0;1;2;-19,4684012;-40,1102557;SPRF-ES;DEL04-ES;UOP01-DEL04-ES
637128;24/10/2024;quinta-feira;17:45:00;DF;70;8;BRASILIA;Ausência de reação do condutor;Colisão traseira;Com Vítimas Feridas;Anoitecer;Crescente;Céu Claro;Dupla;"Declive;Reta";Sim;2;0;0;1;1;0;1;2;-15,784966;-48,122108;SPRF-DF;DEL03-DF;UOP02-DEL03-DF
637129;24/10/2024;quinta-feira;15:00:00;PA;10;267;MAE DO RIO;Reação tardia ou ineficiente do condutor;Capotamento;Com Vítimas Fatais;Pleno dia;Decrescente;Céu Claro;Simples;Reta;Não;2;1;0;0;0;1;0;1;-2,09617098;-47,56002117;SPRF-PA;DEL02-PA;UOP01-DEL02-PA
637130;24/10/2024;quinta-feira;16:50:00;SC;101;275;IMBITUBA;Velocidade Incompatível;Tombamento;Com Vítimas Feridas;Pleno dia;Crescente;Chuva;Dupla;Reta;Sim;1;0;0;1;0;0;1;1;-28,138086;-48,69218292;SPRF-SC;DEL02-SC;UOP03-DEL02-SC
637131;24/10/2024;quinta-feira;17:42:00;DF;60;8,7;BRASILIA;Demais falhas mecânicas ou elétricas;Queda de ocupante de veículo;Com Vítimas Feridas;Pleno dia;Crescente;Nublado;Dupla;"Reta;Declive";Sim;2;0;2;0;0;0;2;1;-15,90324;-48,130695;SPRF-DF;DEL03-DF;UOP01-DEL03-DF
637132;24/10/2024;quinta-feira;16:50:00;SC;101;112,4;ITAJAI;Ausência de reação do condutor;Colisão traseira;Com Vítimas Feridas;Pleno dia;Decrescente;Nublado;Dupla;Reta;Não;3;0;1;0;2;0;1;2;-26,84589005;-48,72131295;SPRF-SC;DEL04-SC;UOP04-DEL04-SC
637133;24/10/2024;quinta-feira;17:30:00;PR;376;604;CURITIBA;Acessar a via sem observar a presença dos outros veículos;Colisão lateral mesmo sentido;Com Vítimas Feridas;Anoitecer;Crescente;Nublado;Múltipla;Reta;Sim;2;0;1;0;1;0;1;2;-25,53335529;-49,32059884;SPRF-PR;DEL01-PR;UOP06-DEL01-PR