id;data_inversa;dia_semana;horario;uf;br;km;municipio;causa_acidente;tipo_acidente;classificacao_acidente;fase_dia;sentido_via;condicao_metereologica;tipo_pista;tracado_via;uso_solo;pessoas;mortos;feridos_leves;feridos_graves;ilesos;ignorados;feridos;veiculos;latitude;longitude;regional;delegacia;uop
637517;26/10/2024;sábado;07:50:00;AM;319;112;CAREIRO;Pista esburacada;Colisão lateral mesmo sentido;Com Vítimas Feridas;Pleno dia;Crescente;Céu Claro;Simples;Reta;Sim;3;0;1;0;2;0;1;2;-3,81102;-60,3419;SPRF-AM;DEL01-AM;UOP04-DEL01-AM
637518;26/10/2024;sábado;09:45:00;MG;116;219,6;CATUJI;Demais falhas na via;Tombamento;Com Vítimas Feridas;Pleno dia;Decrescente;Céu Claro;Simples;"Curva;Em Obras";Não;2;0;1;0;0;1;1;2;-17,41543302;-41,51420574;SPRF-MG;DEL11-MG;UOP01-DEL11-MG
637519;26/10/2024;sábado;09:30:00;BA;101;858;TEIXEIRA DE FREITAS;Ultrapassagem Indevida;Colisão frontal;Com Vítimas Feridas;Pleno dia;Crescente;Céu Claro;Simples;"Reta;Aclive";Não;5;0;1;1;3;0;2;2;-17,58553983;-39,74107631;SPRF-BA;DEL09-BA;UOP02-DEL09-BA
637522;26/10/2024;sábado;10:40:00;RS;392;68;PELOTAS;Velocidade Incompatível;Colisão com objeto;Com Vítimas Feridas;Pleno dia;Crescente;Céu Claro;Simples;"Curva;Viaduto";Não;2;0;2;0;0;0;2;1;-31,74853677;-52,40231256;SPRF-RS;DEL07-RS;UOP01-DEL07-RS
637525;26/10/2024;sábado;07:00:00;PA;230;644;ALTAMIRA;Conversão proibida;Colisão traseira;Com Vítimas Feridas;Pleno dia;Crescente;Céu Claro;Simples;Reta;Sim;2;0;1;1;0;0;2;2;-3,21566675;-52,24195235;SPRF-PA;DEL04-PA;UOP01-DEL04-PA
637527;26/10/2024;sábado;10:00:00;PI;343;487;REGENERACAO;Acessar a via sem observar a presença dos outros veículos;Colisão transversal;Com Vítimas Feridas;Pleno dia;Crescente;Céu Claro;Dupla;"Reta;Interseção de Vias";Não;2;0;1;0;1;0;1;2;-6,221392;-42,702084;SPRF-PI;DEL01-PI;UOP02-DEL01-PI
637529;14/07/2024;domingo;21:50:00;MG;116;394,3;GOVERNADOR VALADARES;Ultrapassagem Indevida;Colisão frontal;Com Vítimas Fatais;Plena Noite;Crescente;Céu Claro;Simples;Reta;Não;10;1;8;1;0;0;9;2;-18,732496;-41,98694203;SPRF-MG;DEL06-MG;UOP01-DEL06-MG
637532;26/10/2024;sábado;12:30:00;RN;405;1;MOSSORO;Acesso irregular;Colisão transversal;Com Vítimas Feridas;Pleno dia;Crescente;Céu Claro;Dupla;Reta;Sim;2;0;1;1;0;0;2;2;-5,19170196;-37,361471;SPRF-RN;DEL04-RN;UOP02-DEL04-RN
637533;12/09/2024;quinta-feira;16:30:00;PR;277;108,2;CAMPO LARGO;Velocidade Incompatível;Colisão traseira;Com Vítimas Feridas;Pleno dia;Decrescente;Céu Claro;Dupla;Reta;Não;2;0;0;1;1;0;1;2;-25,43749337;-49,44500975;SPRF-PR;DEL03-PR;UOP03-DEL03-PR
637535;26/10/2024;sábado;13:00:00;SP;116;224;GUARULHOS;Ausência de reação do condutor;Colisão lateral mesmo sentido;Com Vítimas Feridas;Pleno dia;Crescente;Sol;Múltipla;Reta;Sim;1;0;1;0;0;0;1;1;-23,48071896;-46,53271603;SPRF-SP;DEL01-SP;UOP01-DEL01-SP
637536;26/10/2024;sábado;12:50:00;PE;232;8,3;RECIFE;Velocidade Incompatível;Colisão traseira;Com Vítimas Feridas;Pleno dia;Crescente;Céu Claro;Dupla;"Reta;Em Obras";Sim;3;0;0;2;1;0;2;2;-8,076543;-34,972336;SPRF-PE;DEL01-PE;UOP01-DEL01-PE
637537;23/10/2024;quarta-feira;08:20:00;SP;116;143;SAO JOSE DOS CAMPOS;Demais falhas mecânicas ou elétricas;Colisão com objeto;Com Vítimas Feridas;Pleno dia;Decrescente;Céu Claro;Dupla;Reta;Não;1;0;0;1;0;0;1;1;-23,17849879;-45,83787411;SPRF-SP;DEL02-SP;UOP01-DEL02-SP
637538;26/10/2024;sábado;12:30:00;RJ;101;404;ITAGUAI;Acessar a via sem observar a presença dos outros veículos;Colisão transversal;Sem Vítimas;Pleno dia;Crescente;Sol;Simples;Reta;Sim;2;0;0;0;2;0;0;2;-22,86342703;-43,79642098;SPRF-RJ;DEL03-RJ;UOP01-DEL03-RJ
637540;26/10/2024;sábado;13:10:00;MG;116;413,7;GOVERNADOR VALADARES;Ausência de reação do condutor;Colisão transversal;Com Vítimas Feridas;Pleno dia;Decrescente;Céu Claro;Simples;Reta;Sim;2;0;1;0;0;1;1;2;-18,88256755;-41,95602048;SPRF-MG;DEL06-MG;UOP01-DEL06-MG
637541;26/10/2024;sábado;13:15:00;MA;10;258;IMPERATRIZ;Conversão proibida;Colisão frontal;Com Vítimas Feridas;Pleno dia;Crescente;Céu Claro;Simples;Reta;Sim;2;0;0;1;1;0;1;2;-5,481554;-47,472092;SPRF-MA;DEL04-MA;UOP01-DEL04-MA
637542;26/10/2024;sábado;11:10:00;RS;392;4,7;RIO GRANDE;Condutor deixou de manter distância do veículo da frente;Colisão traseira;Sem Vítimas;Pleno dia;Crescente;Céu Claro;Simples;Reta;Sim;2;0;0;0;2;0;0;2;-32,06960295;-52,09547805;SPRF-RS;DEL07-RS;UOP02-DEL07-RS
637543;26/10/2024;sábado;13:16:00;RJ;40;65;PETROPOLIS;Acesso irregular;Colisão lateral mesmo sentido;Com Vítimas Feridas;Pleno dia;Decrescente;Céu Claro;Dupla;Reta;Sim;3;0;2;0;1;0;2;2;-22,43082088;-43,16858622;SPRF-RJ;DEL05-RJ;UOP02-DEL05-RJ
637544;26/10/2024;sábado;14:00:00;MG;459;12,1;CALDAS;Velocidade Incompatível;Saída de leito carroçável;Sem Vítimas;Pleno dia;Decrescente;Sol;Simples;"Curva;Aclive";Não;1;0;0;0;0;1;0;1;-21,819128;-46,460755;SPRF-MG;DEL09-MG;UOP01-DEL09-MG
637545;26/10/2024;sábado;13:40:00;MG;40;525;CONTAGEM;Mal súbito do condutor;Saída de leito carroçável;Com Vítimas Feridas;Pleno dia;Crescente;Céu Claro;Dupla;"Reta;Declive";Não;1;0;1;0;0;0;1;1;-19,88361702;-44,05039336;SPRF-MG;DEL01-MG;UOP02-DEL01-MG
637547;26/10/2024;sábado;13:50:00;BA;116;8;VITORIA DA CONQUISTA;Ingestão de álcool pelo condutor;Saída de leito carroçável;Com Vítimas Feridas;Pleno dia;Decrescente;Sol;Simples;"Rotatória;Reta";Sim;3;0;1;0;0;2;1;2;-14,8456;-40,8873;SPRF-BA;DEL08-BA;UOP01-DEL08-BA
637548;07/10/2024;segunda-feira;17:40:00;BA;349;1041;CORRENTINA;Demais falhas mecânicas ou elétricas;Saída de leito carroçável;Com Vítimas Feridas;Anoitecer;Crescente;Céu Claro;Simples;Reta;Não;3;0;2;1;0;0;3;1;-13,798735;-46,164127;SPRF-BA;DEL10-BA;UOP02-DEL10-BA
637549;26/10/2024;sábado;12:50:00;MG;262;172;SAO DOMINGOS DO PRATA;Acessar a via sem observar a presença dos outros veículos;Colisão transversal;Com Vítimas Feridas;Pleno dia;Crescente;Céu Claro;Simples;"Reta;Interseção de Vias";Não;2;0;1;0;1;0;1;2;-19,94507208;-42,93600798;SPRF-MG;DEL03-MG;UOP01-DEL03-MG
637550;26/10/2024;sábado;14:30:00;SP;116;287;ITAPECERICA DA SERRA;Reação tardia ou ineficiente do condutor;Tombamento;Com Vítimas Feridas;Pleno dia;Decrescente;Nublado;Dupla;Reta;Não;1;0;1;0;0;0;1;1;-23,70378008;-46,87207615;SPRF-SP;DEL04-SP;UOP01-DEL04-SP
637551;26/10/2024;sábado;12:50:00;PR;369;191,8;ARAPONGAS;Ausência de reação do condutor;Saída de leito carroçável;Com Vítimas Feridas;Plena Noite;Crescente;Nublado;Dupla;Reta;Não;1;0;1;0;0;0;1;1;-23,464176;-51,426201;SPRF-PR;DEL07-PR;UOP03-DEL07-PR
637553;26/10/2024;sábado;14:30:00;BA;324;614;SALVADOR;Ausência de reação do condutor;Queda de ocupante de veículo;Com Vítimas Feridas;Pleno dia;Crescente;Céu Claro;Dupla;Reta;Não;2;0;2;0;0;0;2;1;-12,8639793;-38,42370126;SPRF-BA;DEL01-BA;UOP01-DEL01-BA
637554;26/10/2024;sábado;14:00:00;SC;101;337,3;TUBARAO;Reação tardia ou ineficiente do condutor;Saída de leito carroçável;Com Vítimas Feridas;Pleno dia;Decrescente;Céu Claro;Dupla;Curva;Sim;1;0;1;0;0;0;1;1;-28,47801624;-49,03246283;SPRF-SC;DEL02-SC;UOP01-DEL02-SC
637556;26/10/2024;sábado;14:35:00;PR;369;152;LONDRINA;Trafegar com motocicleta (ou similar) entre as faixas;Colisão lateral mesmo sentido;Com Vítimas Feridas;Pleno dia;Crescente;Céu Claro;Dupla;Reta;Sim;2;0;1;0;1;0;1;2;-23,292949;-51,183349;SPRF-PR;DEL07-PR;UOP01-DEL07-PR
637557;26/10/2024;sábado;13:15:00;RS;116;400;CAMAQUA;Acessar a via sem observar a presença dos outros veículos;Colisão transversal;Com Vítimas Feridas;Pleno dia;Decrescente;Céu Claro;Simples;"Reta;Retorno Regulamentado";Não;5;0;2;0;3;0;2;2;-30,87210669;-51,80852516;SPRF-RS;DEL02-RS;UOP02-DEL02-RS
637558;26/10/2024;sábado;13:45:00;RJ;101;476;ANGRA DOS REIS;Reação tardia ou ineficiente do condutor;Colisão traseira;Com Vítimas Feridas;Pleno dia;Decrescente;Céu Claro;Simples;"Reta;Declive";Sim;2;0;1;0;1;0;1;2;-23,0055431;-44,26195833;SPRF-RJ;DEL03-RJ;UOP03-DEL03-RJ
637559;26/10/2024;sábado;14:50:00;PA;316;57;CASTANHAL;Demais falhas mecânicas ou elétricas;Incêndio;Sem Vítimas;Pleno dia;Decrescente;Céu Claro;Dupla;Reta;Sim;1;0;0;0;1;0;0;1;-1,30088766;-47,98196704;SPRF-PA;DEL01-PA;UOP01-DEL01-PA
637562;06/10/2024;domingo;23:10:00;ES;101;234,9;FUNDAO;Reação tardia ou ineficiente do condutor;Saída de leito carroçável;Com Vítimas Feridas;Plena Noite;Decrescente;Céu Claro;Simples;Curva;Não;1;0;0;1;0;0;1;1;-19,96973516;-40,40766379;SPRF-ES;DEL02-ES;UOP01-DEL02-ES
637563;14/10/2024;segunda-feira;17:20:00;MG;40;516;RIBEIRAO DAS NEVES;Acessar a via sem observar a presença dos outros veículos;Colisão transversal;Com Vítimas Feridas;Pleno dia;Crescente;Céu Claro;Dupla;Reta;Sim;2;0;1;0;1;0;1;2;-19,81628624;-44,08960124;SPRF-MG;DEL01-MG;UOP02-DEL01-MG
637564;26/10/2024;sábado;15:22:00;ES;101;145,6;LINHARES;Reação tardia ou ineficiente do condutor;Tombamento;Com Vítimas Feridas;Pleno dia;Crescente;Céu Claro;Dupla;Reta;Sim;1;0;1;0;0;0;1;1;-19,36089598;-40,06464018;SPRF-ES;DEL04-ES;UOP01-DEL04-ES
637570;26/10/2024;sábado;15:45:00;RS;116;243;SAO LEOPOLDO;Ausência de reação do condutor;Colisão traseira;Com Vítimas Feridas;Pleno dia;Decrescente;Céu Claro;Múltipla;Reta;Sim;2;0;1;0;1;0;1;2;-29,73196199;-51,14952004;SPRF-RS;DEL01-RS;UOP02-DEL01-RS
637571;26/10/2024;sábado;15:30:00;MG;40;518;RIBEIRAO DAS NEVES;Condutor deixou de manter distância do veículo da frente;Colisão traseira;Sem Vítimas;Pleno dia;Decrescente;Céu Claro;Dupla;Reta;Sim;2;0;0;0;2;0;0;2;-19,8321242;-44,08208533;SPRF-MG;DEL01-MG;UOP02-DEL01-MG
637573;26/10/2024;sábado;16:00:00;SP;116;59,1;GUARATINGUETA;Ingestão de álcool pelo condutor;Colisão com objeto;Com Vítimas Feridas;Pleno dia;Decrescente;Céu Claro;Dupla;Reta;Não;2;0;1;0;0;1;1;1;-22,78563816;-45,15345454;SPRF-SP;DEL08-SP;UOP01-DEL08-SP
637574;26/10/2024;sábado;16:30:00;ES;259;63,4;COLATINA;Desrespeitar a preferência no cruzamento;Colisão transversal;Com Vítimas Feridas;Pleno dia;Decrescente;Céu Claro;Simples;Reta;Sim;2;0;1;0;1;0;1;2;-19,52753463;-40,69869585;SPRF-ES;DEL02-ES;UOP01-DEL02-ES
637576;26/10/2024;sábado;16:40:00;GO;50;167,5;CAMPO ALEGRE DE GOIAS;Condutor Dormindo;Saída de leito carroçável;Com Vítimas Feridas;Anoitecer;Decrescente;Nublado;Dupla;Reta;Não;4;0;4;0;0;0;4;1;-17,3083;-47,7692;SPRF-GO;DEL06-GO;UOP01-DEL06-GO
637577;26/10/2024;sábado;15:25:00;PR;280;316,8;BARRACAO;Condutor deixou de manter distância do veículo da frente;Colisão traseira;Com Vítimas Feridas;Pleno dia;Crescente;Céu Claro;Simples;Reta;Não;5;0;1;0;3;1;1;3;-26,2891057;-53,55096817;SPRF-PR;DEL02-PR;UOP01-DEL02-PR
637578;26/10/2024;sábado;15:44:00;RO;364;293;PRESIDENTE MEDICI;Acessar a via sem observar a presença dos outros veículos;Colisão traseira;Com Vítimas Feridas;Pleno dia;Decrescente;Nublado;Simples;"Reta;Declive";Não;3;0;0;1;2;0;1;2;-11,30483715;-61,88942125;SPRF-RO;DEL02-RO;UOP01-DEL02-RO
637579;26/10/2024;sábado;15:25:00;MS;163;286;DOURADINA;Reação tardia ou ineficiente do condutor;Colisão traseira;Com Vítimas Feridas;Pleno dia;Crescente;Céu Claro;Dupla;"Reta;Aclive";Não;3;0;3;0;0;0;3;2;-22,09958685;-54,57883926;SPRF-MS;DEL04-MS;UOP01-DEL04-MS
637582;26/10/2024;sábado;17:40:00;RS;116;250;SAO LEOPOLDO;Acumulo de areia ou detritos sobre o pavimento;Tombamento;Com Vítimas Feridas;Pleno dia;Crescente;Céu Claro;Múltipla;Curva;Sim;1;0;0;1;0;0;1;1;-29,79148798;-51,16399615;SPRF-RS;DEL01-RS;UOP02-DEL01-RS
637583;26/10/2024;sábado;16:00:00;RJ;40;99;PETROPOLIS;Velocidade Incompatível;Saída de leito carroçável;Com Vítimas Feridas;Pleno dia;Crescente;Nublado;Dupla;Reta;Sim;2;0;1;0;1;0;1;1;-22,58585204;-43,27716391;SPRF-RJ;DEL01-RJ;UOP01-DEL01-RJ
637584;26/10/2024;sábado;17:45:00;SC;101;158;PORTO BELO;Ausência de reação do condutor;Colisão traseira;Com Vítimas Feridas;Pleno dia;Decrescente;Céu Claro;Dupla;Reta;Sim;2;0;1;0;1;0;1;2;-27,19096301;-48,61259017;SPRF-SC;DEL04-SC;UOP03-DEL04-SC
637585;26/10/2024;sábado;17:30:00;RS;470;232,6;CARLOS BARBOSA;Acessar a via sem observar a presença dos outros veículos;Colisão transversal;Com Vítimas Feridas;Pleno dia;Decrescente;Céu Claro;Simples;Interseção de Vias;Não;9;0;3;1;5;0;4;2;-29,29848655;-51,48103595;SPRF-RS;DEL06-RS;UOP01-DEL06-RS
637586;26/10/2024;sábado;18:06:00;PR;376;681;GUARATUBA;Retorno proibido;Colisão transversal;Com Vítimas Fatais;Pleno dia;Decrescente;Garoa/Chuvisco;Dupla;Reta;Não;4;1;3;0;0;0;3;2;-25,97129816;-48,89197111;SPRF-PR;DEL01-PR;UOP04-DEL01-PR
637587;26/10/2024;sábado;17:00:00;MT;70;357;CAMPO VERDE;Ausência de reação do condutor;Saída de leito carroçável;Com Vítimas Feridas;Pleno dia;Crescente;Chuva;Simples;Curva;Não;1;0;1;0;0;0;1;1;-15,47358129;-54,93019416;SPRF-MT;DEL05-MT;UOP02-DEL05-MT
637588;26/10/2024;sábado;18:10:00;MG;40;737,5;SANTOS DUMONT;Ultrapassagem Indevida;Colisão lateral mesmo sentido;Com Vítimas Feridas;Plena Noite;Decrescente;Nublado;Simples;Curva;Sim;2;0;1;0;1;0;1;2;-21,38296999;-43,57033542;SPRF-MG;DEL05-MG;UOP01-DEL05-MG
637589;26/10/2024;sábado;17:20:00;MA;230;406;BALSAS;Acessar a via sem observar a presença dos outros veículos;Colisão transversal;Com Vítimas Feridas;Pleno dia;Decrescente;Céu Claro;Simples;"Reta;Interseção de Vias";Sim;2;0;0;1;1;0;1;2;-7,51971965;-46,05845601;SPRF-MA;DEL05-MA;UOP01-DEL05-MA
637592;26/10/2024;sábado;16:20:00;PA;230;7;ALTAMIRA;Reação tardia ou ineficiente do condutor;Colisão traseira;Com Vítimas Feridas;Anoitecer;Crescente;Céu Claro;Simples;Declive;Sim;2;0;1;1;0;0;2;2;-3,203721;-52,206787;SPRF-PA;DEL04-PA;UOP01-DEL04-PA
637593;26/10/2024;sábado;12:15:00;RJ;101;445;MANGARATIBA;Velocidade Incompatível;Saída de leito carroçável;Com Vítimas Feridas;Pleno dia;Crescente;Céu Claro;Simples;"Curva;Declive";Não;5;0;3;1;1;0;4;1;-22,99332083;-44,09244699;SPRF-RJ;DEL03-RJ;UOP02-DEL03-RJ
637594;26/10/2024;sábado;14:29:00;PB;412;142;MONTEIRO;Condutor deixou de manter distância do veículo da frente;Colisão traseira;Com Vítimas Feridas;Pleno dia;Decrescente;Céu Claro;Simples;Reta;Sim;2;0;2;0;0;0;2;2;-7,878574;-37,099098;SPRF-PB;DEL02-PB;UOP02-DEL02-PB
637595;26/10/2024;sábado;16:23:00;PB;405;8;UIRAUNA;Ultrapassagem Indevida;Colisão lateral sentido oposto;Com Vítimas Feridas;Pleno dia;Crescente;Céu Claro;Simples;"Curva;Ponte";Não;2;0;0;1;1;0;1;2;-6,514012;-38,414757;SPRF-PB;DEL03-PB;UOP03-DEL03-PB
637596;26/10/2024;sábado;18:00:00;RS;468;4,9;PALMEIRA DAS MISSOES;Demais falhas mecânicas ou elétricas;Eventos atípicos;Com Vítimas Feridas;Anoitecer;Decrescente;Céu Claro;Simples;Reta;Não;3;0;1;0;1;1;1;2;-27,86726812;-53,34364414;SPRF-RS;DEL08-RS;UOP01-DEL08-RS
637598;26/10/2024;sábado;17:25:00;MG;381;888,6;CAMBUI;Reação tardia ou ineficiente do condutor;Saída de leito carroçável;Com Vítimas Feridas;Pleno dia;Crescente;Nublado;Dupla;Reta;Não;3;0;3;0;0;0;3;1;-22,53055167;-46,02762401;SPRF-MG;DEL16-MG;UOP03-DEL16-MG
637599;26/10/2024;sábado;15:00:00;RS;287;274,6;SAO PEDRO DO SUL;Demais falhas mecânicas ou elétricas;Colisão lateral mesmo sentido;Com Vítimas Feridas;Pleno dia;Crescente;Sol;Simples;Reta;Não;3;0;2;1;0;0;3;2;-29,66370677;-54,11505097;SPRF-RS;DEL09-RS;UOP01-DEL09-RS
637600;26/10/2024;sábado;19:00:00;SP;116;227;SAO PAULO;Trafegar com motocicleta (ou similar) entre as faixas;Tombamento;Com Vítimas Feridas;Plena Noite;Decrescente;Nublado;Múltipla;"Reta;Em Obras;Desvio Temporário";Sim;1;0;1;0;0;0;1;1;-23,50343484;-46,56638712;SPRF-SP;DEL01-SP;UOP01-DEL01-SP
637602;26/10/2024;sábado;18:30:00;BA;101;714,1;EUNAPOLIS;Acessar a via sem observar a presença dos outros veículos;Colisão transversal;Com Vítimas Feridas;Plena Noite;Decrescente;Céu Claro;Simples;Reta;Sim;3;0;1;0;2;0;1;2;-16,34996318;-39,5800299;SPRF-BA;DEL09-BA;UOP01-DEL09-BA
637603;26/10/2024;sábado;14:35:00;PR;476;266,8;SAO MATEUS DO SUL;Reação tardia ou ineficiente do condutor;Queda de ocupante de veículo;Com Vítimas Feridas;Pleno dia;Crescente;Sol;Simples;Curva;Não;2;0;2;0;0;0;2;1;-25,89227608;-50,25558472;SPRF-PR;DEL02-PR;UOP03-DEL02-PR
637604;26/10/2024;sábado;18:40:00;RJ;101;46;CAMPOS DOS GOYTACAZES;Acessar a via sem observar a presença dos outros veículos;Colisão transversal;Com Vítimas Fatais;Plena Noite;Decrescente;Céu Claro;Simples;Reta;Sim;2;1;0;0;1;0;0;2;-21,598613;-41,316787;SPRF-RJ;DEL08-RJ;UOP01-DEL08-RJ
637605;26/10/2024;sábado;18:00:00;RJ;116;313;ITATIAIA;Acumulo de água sobre o pavimento;Colisão com objeto;Com Vítimas Feridas;Anoitecer;Decrescente;Garoa/Chuvisco;Dupla;Reta;Não;2;0;1;0;1;0;1;1;-22,45998766;-44,46237202;SPRF-RJ;DEL07-RJ;UOP02-DEL07-RJ
637606;26/10/2024;sábado;18:05:00;MG;116;513,6;UBAPORANGA;Animais na Pista;Atropelamento de Animal;Com Vítimas Feridas;Plena Noite;Decrescente;Nublado;Simples;Reta;Não;2;0;1;1;0;0;2;2;-19,66982696;-42,11737633;SPRF-MG;DEL06-MG;UOP02-DEL06-MG
637607;26/10/2024;sábado;19:20:00;GO;414;439;ANAPOLIS;Acessar a via sem observar a presença dos outros veículos;Colisão transversal;Com Vítimas Feridas;Pleno dia;Crescente;Céu Claro;Simples;"Interseção de Vias;Reta";Sim;6;0;2;0;4;0;2;2;-16,280198;-48,942155;SPRF-GO;DEL02-GO;UOP01-DEL02-GO
637608;26/10/2024;sábado;19:00:00;RN;101;99;NATAL;Ingestão de álcool pelo condutor;Engavetamento;Sem Vítimas;Plena Noite;Crescente;Céu Claro;Dupla;Reta;Sim;3;0;0;0;3;0;0;3;-5,87359183;-35,22063023;SPRF-RN;DEL01-RN;UOP01-DEL01-RN
637609;26/10/2024;sábado;19:45:00;BA;324;588;CANDEIAS;Ausência de reação do condutor;Saída de leito carroçável;Com Vítimas Feridas;Plena Noite;Crescente;Céu Claro;Dupla;Reta;Não;5;0;1;0;4;0;1;1;-12,6556679;-38,47271864;SPRF-BA;DEL01-BA;UOP01-DEL01-BA
637610;26/10/2024;sábado;18:15:00;PB;230;502,8;CAJAZEIRAS;Animais na Pista;Atropelamento de Animal;Com Vítimas Feridas;Plena Noite;Decrescente;Céu Claro;Simples;"Reta;Em Obras";Sim;2;0;1;1;0;0;2;1;-6,8979;-38,5233;SPRF-PB;DEL03-PB;UOP03-DEL03-PB
637612;26/10/2024;sábado;19:30:00;SP;116;175,4;GUARAREMA;Pedestre andava na pista;Atropelamento de Pedestre;Com Vítimas Feridas;Plena Noite;Crescente;Nublado;Dupla;"Aclive;Reta";Não;2;0;0;1;1;0;1;2;-23,32173972;-46,100353;SPRF-SP;DEL01-SP;UOP01-DEL01-SP
637613;26/10/2024;sábado;19:30:00;ES;101;204,3;JOAO NEIVA;Conversão proibida;Colisão transversal;Com Vítimas Feridas;Plena Noite;Decrescente;Céu Claro;Simples;Reta;Sim;2;0;1;0;1;0;1;2;-19,74948916;-40,37922678;SPRF-ES;DEL02-ES;UOP01-DEL02-ES
637614;26/10/2024;sábado;18:19:00;RN;304;204;LAJES;Ingestão de álcool pelo condutor;Colisão traseira;Com Vítimas Feridas;Plena Noite;Decrescente;Céu Claro;Simples;"Reta;Em Obras";Não;5;0;3;0;2;0;3;3;-5,73480279;-36,13047997;SPRF-RN;DEL01-RN;UOP03-DEL01-RN
637615;26/10/2024;sábado;18:50:00;CE;402;287;TURURU;Acessar a via sem observar a presença dos outros veículos;Colisão traseira;Com Vítimas Feridas;Plena Noite;Decrescente;Céu Claro;Simples;Reta;Sim;2;0;2;0;0;0;2;2;-3,60462893;-39,43602279;SPRF-CE;DEL01-CE;UOP03-DEL01-CE
637616;26/10/2024;sábado;18:05:00;RJ;393;105,9;SAPUCAIA;Acesso irregular;Colisão transversal;Com Vítimas Feridas;Plena Noite;Decrescente;Céu Claro;Simples;"Reta;Interseção de Vias";Sim;3;0;1;0;2;0;1;2;-21,88729;-42,69728;SPRF-RJ;DEL05-RJ;UOP01-DEL05-RJ
637617;26/10/2024;sábado;15:00:00;MT;174;281;PONTES E LACERDA;Chuva;Colisão traseira;Com Vítimas Feridas;Pleno dia;Crescente;Chuva;Simples;Reta;Não;3;0;1;1;1;0;2;2;-15,28974853;-59,27750967;SPRF-MT;DEL04-MT;UOP01-DEL04-MT
637618;26/10/2024;sábado;20:00:00;SP;116;194;SANTA ISABEL;Acessar a via sem observar a presença dos outros veículos;Colisão traseira;Com Vítimas Feridas;Plena Noite;Crescente;Céu Claro;Múltipla;Reta;Não;2;0;1;0;1;0;1;2;-23,38497189;-46,26686105;SPRF-SP;DEL01-SP;UOP01-DEL01-SP
637619;26/10/2024;sábado;19:50:00;PE;101;77;RECIFE;Manobra de mudança de faixa;Colisão traseira;Com Vítimas Feridas;Plena Noite;Decrescente;Céu Claro;Dupla;Reta;Não;3;0;0;1;1;1;1;3;-8,126982;-34,94386;SPRF-PE;DEL01-PE;UOP01-DEL01-PE
637620;26/10/2024;sábado;19:59:00;BA;110;341;ALAGOINHAS;Animais na Pista;Atropelamento de Animal;Sem Vítimas;Pleno dia;Decrescente;Céu Claro;Simples;Curva;Não;1;0;0;0;1;0;0;1;-12,22473097;-38,41208625;SPRF-BA;DEL01-BA;UOP04-DEL01-BA
637621;26/10/2024;sábado;19:00:00;DF;251;28;BRASILIA;Ultrapassagem Indevida;Colisão frontal;Com Vítimas Feridas;Plena Noite;Crescente;Céu Claro;Simples;Declive;Não;4;0;0;4;0;0;4;3;-15,95056;-47,702091;SPRF-DF;DEL01-DF;UOP01-DEL01-DF
637623;26/10/2024;sábado;21:00:00;RS;116;252;SAPUCAIA DO SUL;Acessar a via sem observar a presença dos outros veículos;Colisão lateral mesmo sentido;Com Vítimas Feridas;Plena Noite;Decrescente;Céu Claro;Múltipla;Reta;Sim;2;0;1;0;1;0;1;2;-29,80913395;-51,1675292;SPRF-RS;DEL01-RS;UOP02-DEL01-RS
637624;26/10/2024;sábado;20:50:00;BA;116;428;FEIRA DE SANTANA;Condutor deixou de manter distância do veículo da frente;Colisão traseira;Com Vítimas Feridas;Plena Noite;Decrescente;Céu Claro;Dupla;Reta;Sim;3;0;1;0;2;0;1;2;-12,26121396;-38,98943559;SPRF-BA;DEL02-BA;UOP01-DEL02-BA
637625;26/10/2024;sábado;16:00:00;PB;230;175;POCINHOS;Ingestão de álcool pelo condutor;Tombamento;Com Vítimas Feridas;Anoitecer;Crescente;Céu Claro;Simples;Reta;Sim;1;0;1;0;0;0;1;1;-7,16653;-36,042962;SPRF-PB;DEL02-PB;UOP02-DEL02-PB
637626;26/10/2024;sábado;17:55:00;MG;116;650,6;FERVEDOURO;Conversão proibida;Colisão transversal;Com Vítimas Feridas;Anoitecer;Crescente;Nublado;Simples;Rotatória;Sim;3;0;0;1;2;0;1;2;-20,71848513;-42,27851814;SPRF-MG;DEL07-MG;UOP02-DEL07-MG
637627;26/10/2024;sábado;20:20:00;CE;222;59,6;SAO GONCALO DO AMARANTE;Ingestão de álcool pelo condutor;Colisão frontal;Com Vítimas Feridas;Plena Noite;Decrescente;Céu Claro;Simples;"Aclive;Reta";Sim;2;0;0;1;1;0;1;2;-3,670668;-39,08112;SPRF-CE;DEL01-CE;UOP03-DEL01-CE
637628;26/10/2024;sábado;18:30:00;GO;153;131;ESTRELA DO NORTE;Reação tardia ou ineficiente do condutor;Saída de leito carroçável;Com Vítimas Feridas;Plena Noite;Crescente;Céu Claro;Simples;"Reta;Declive";Não;1;0;1;0;0;0;1;1;-13,918217;-49,067612;SPRF-GO;DEL07-GO;UOP01-DEL07-GO
637629;26/10/2024;sábado;11:40:00;RJ;393;267;BARRA DO PIRAI;Condutor Dormindo;Saída de leito carroçável;Com Vítimas Feridas;Pleno dia;Crescente;Nublado;Simples;Reta;Não;1;0;1;0;0;0;1;1;-22,48615925;-43,90037496;SPRF-RJ;DEL05-RJ;UOP04-DEL05-RJ