id;data_inversa;dia_semana;horario;uf;br;km;municipio;causa_acidente;tipo_acidente;classificacao_acidente;fase_dia;sentido_via;condicao_metereologica;tipo_pista;tracado_via;uso_solo;pessoas;mortos;feridos_leves;feridos_graves;ilesos;ignorados;feridos;veiculos;latitude;longitude;regional;delegacia;uop
637630;26/10/2024;sábado;20:50:00;SP;116;324;JUQUITIBA;Reação tardia ou ineficiente do condutor;Atropelamento de Pedestre;Com Vítimas Feridas;Plena Noite;Decrescente;Chuva;Dupla;Reta;Sim;2;0;2;0;0;0;2;2;-23,94029914;-47,04398301;SPRF-SP;DEL04-SP;UOP03-DEL04-SP
637631;26/10/2024;sábado;21:50:00;SC;101;136;BALNEARIO CAMBORIU;Trafegar com motocicleta (ou similar) entre as faixas;Colisão lateral mesmo sentido;Com Vítimas Feridas;Plena Noite;Decrescente;Céu Claro;Múltipla;Reta;Sim;2;0;1;0;1;0;1;2;-27,008113;-48,617245;SPRF-SC;DEL04-SC;UOP03-DEL04-SC
637632;26/10/2024;sábado;20:33:00;SE;101;149,9;ESTANCIA;Pedestre - Ingestão de álcool/ substâncias psicoativas;Atropelamento de Pedestre;Com Vítimas Feridas;Plena Noite;Decrescente;Céu Claro;Simples;Reta;Sim;3;0;0;1;0;2;1;2;-11,24076315;-37,43120873;SPRF-SE;DEL02-SE;UOP01-DEL02-SE
637633;26/10/2024;sábado;14:30:00;PI;135;618;CRISTALANDIA DO PIAUI;Reação tardia ou ineficiente do condutor;Queda de ocupante de veículo;Com Vítimas Feridas;Pleno dia;Crescente;Céu Claro;Simples;"Curva;Aclive";Não;1;0;0;1;0;0;1;1;-10,64997359;-45,1790136;SPRF-PI;DEL03-PI;UOP02-DEL03-PI
637634;26/10/2024;sábado;21:50:00;RJ;393;276;BARRA DO PIRAI;Condutor Dormindo;Saída de leito carroçável;Com Vítimas Feridas;Plena Noite;Crescente;Ignorado;Simples;Reta;Não;1;0;1;0;0;0;1;1;-22,48014225;-43,98087917;SPRF-RJ;DEL05-RJ;UOP04-DEL05-RJ
637635;26/10/2024;sábado;21:40:00;PR;163;214,2;CASCAVEL;Acesso irregular;Colisão lateral mesmo sentido;Com Vítimas Feridas;Pleno dia;Crescente;Céu Claro;Dupla;Reta;Não;4;0;2;0;2;0;2;2;-24,90777101;-53,53495392;SPRF-PR;DEL04-PR;UOP01-DEL04-PR
637637;26/10/2024;sábado;14:50:00;RJ;101;383;RIO DE JANEIRO;Manobra de mudança de faixa;Colisão traseira;Com Vítimas Feridas;Pleno dia;Crescente;Céu Claro;Simples;"Retorno Regulamentado;Reta";Sim;2;0;0;1;1;0;1;2;-22,8765463;-43,61463385;SPRF-RJ;DEL03-RJ;UOP01-DEL03-RJ
637638;26/10/2024;sábado;22:05:00;SP;116;205;GUARULHOS;Trafegar com motocicleta (ou similar) entre as faixas;Colisão com objeto;Com Vítimas Feridas;Plena Noite;Crescente;Garoa/Chuvisco;Múltipla;Reta;Sim;2;0;1;1;0;0;2;1;-23,4157613;-46,37010455;SPRF-SP;DEL01-SP;UOP01-DEL01-SP
637639;26/10/2024;sábado;22:00:00;RS;285;122,1;VACARIA;Acessar a via sem observar a presença dos outros veículos;Colisão lateral mesmo sentido;Com Vítimas Feridas;Plena Noite;Crescente;Céu Claro;Simples;Reta;Sim;2;0;1;0;1;0;1;2;-28,505535;-50,944073;SPRF-RS;DEL05-RS;UOP03-DEL05-RS
637641;26/10/2024;sábado;22:40:00;PR;116;145;MANDIRITUBA;Pedestre andava na pista;Atropelamento de Pedestre;Com Vítimas Fatais;Plena Noite;Crescente;Nublado;Simples;"Curva;Declive";Sim;3;1;1;0;1;0;1;2;-25,809824;-49,326488;SPRF-PR;DEL01-PR;UOP03-DEL01-PR
637643;26/10/2024;sábado;17:52:00;MG;116;694;MURIAE;Ausência de reação do condutor;Tombamento;Com Vítimas Feridas;Anoitecer;Decrescente;Nublado;Simples;Curva;Não;2;0;2;0;0;0;2;1;-21,053206;-42,36836908;SPRF-MG;DEL07-MG;UOP02-DEL07-MG
637644;26/10/2024;sábado;19:10:00;MG;40;666,7;CARANDAI;Reação tardia ou ineficiente do condutor;Saída de leito carroçável;Sem Vítimas;Plena Noite;Decrescente;Céu Claro;Simples;Curva;Não;1;0;0;0;0;1;0;1;-20,94471215;-43,8086221;SPRF-MG;DEL05-MG;UOP02-DEL05-MG
637645;26/10/2024;sábado;22:10:00;MG;50;116,5;UBERABA;Demais falhas mecânicas ou elétricas;Incêndio;Sem Vítimas;Plena Noite;Decrescente;Céu Claro;Dupla;Reta;Não;1;0;0;0;1;0;0;1;-19,27451393;-48,12473983;SPRF-MG;DEL13-MG;UOP01-DEL13-MG
637646;26/10/2024;sábado;23:00:00;DF;20;38;BRASILIA;Velocidade Incompatível;Colisão traseira;Sem Vítimas;Plena Noite;Decrescente;Nublado;Dupla;Reta;Não;2;0;0;0;2;0;0;2;-15,581634;-47,531307;SPRF-DF;DEL02-DF;UOP01-DEL02-DF
637655;26/10/2024;sábado;23:00:00;RJ;40;84;PETROPOLIS;Pista Escorregadia;Saída de leito carroçável;Com Vítimas Feridas;Plena Noite;Crescente;Chuva;Dupla;"Curva;Declive";Não;2;0;2;0;0;0;2;1;-22,52145512;-43,23707996;SPRF-RJ;DEL01-RJ;UOP01-DEL01-RJ
637656;26/10/2024;sábado;19:40:00;SC;282;652,7;SAO MIGUEL DO OESTE;Ausência de reação do condutor;Atropelamento de Pedestre;Com Vítimas Feridas;Plena Noite;Decrescente;Céu Claro;Simples;Curva;Sim;2;0;0;1;1;0;1;2;-26,716505;-53,516796;SPRF-SC;DEL07-SC;UOP03-DEL07-SC
637657;26/10/2024;sábado;22:50:00;BA;101;229;SAPEACU;Transitar na contramão;Colisão frontal;Com Vítimas Feridas;Plena Noite;Decrescente;Céu Claro;Simples;"Curva;Aclive";Não;5;0;3;0;1;1;3;2;-12,82656598;-39,19998114;SPRF-BA;DEL01-BA;UOP02-DEL01-BA
637659;26/10/2024;sábado;17:06:00;PA;163;575;TRAIRAO;Reação tardia ou ineficiente do condutor;Colisão traseira;Com Vítimas Feridas;Pleno dia;Crescente;Ignorado;Simples;"Declive;Reta";Não;2;0;1;0;0;1;1;2;-5,0168803;-56,18685813;SPRF-PA;DEL05-PA;UOP03-DEL05-PA
637660;26/10/2024;sábado;23:32:00;PE;232;421;SERRA TALHADA;Transitar na contramão;Colisão lateral sentido oposto;Sem Vítimas;Plena Noite;Crescente;Céu Claro;Simples;Curva;Não;3;0;0;0;3;0;0;2;-7,99602355;-38,39535008;SPRF-PE;DEL04-PE;UOP01-DEL04-PE
637662;26/10/2024;sábado;22:00:00;RS;158;531,5;SANTANA DO LIVRAMENTO;Reação tardia ou ineficiente do condutor;Saída de leito carroçável;Com Vítimas Feridas;Plena Noite;Decrescente;Céu Claro;Simples;Reta;Não;2;0;2;0;0;0;2;1;-30,78577399;-55,18209457;SPRF-RS;DEL11-RS;UOP01-DEL11-RS
637663;26/10/2024;sábado;23:50:00;BA;101;717,2;EUNAPOLIS;Acesso irregular;Tombamento;Com Vítimas Feridas;Plena Noite;Crescente;Céu Claro;Simples;Reta;Sim;2;0;0;1;0;1;1;2;-16,37369469;-39,58099365;SPRF-BA;DEL09-BA;UOP01-DEL09-BA
637664;26/10/2024;sábado;18:47:00;PA;163;575;TRAIRAO;Reação tardia ou ineficiente do condutor;Queda de ocupante de veículo;Com Vítimas Feridas;Plena Noite;Crescente;Céu Claro;Simples;Reta;Sim;1;0;1;0;0;0;1;1;-5,0168803;-56,18685813;SPRF-PA;DEL05-PA;UOP03-DEL05-PA
637665;27/10/2024;domingo;00:30:00;PR;373;175,5;PONTA GROSSA;Ingestão de álcool pelo condutor;Colisão com objeto;Sem Vítimas;Plena Noite;Crescente;Céu Claro;Dupla;"Curva;Declive";Sim;1;0;0;0;0;1;0;1;-25,06319126;-50,21426227;SPRF-PR;DEL03-PR;UOP01-DEL03-PR
637666;26/10/2024;sábado;23:20:00;RS;290;54,8;GLORINHA;Condutor usando celular;Atropelamento de Pedestre;Com Vítimas Feridas;Plena Noite;Crescente;Céu Claro;Múltipla;Reta;Não;2;0;0;1;0;1;1;2;-29,912643;-50,798103;SPRF-RS;DEL03-RS;UOP01-DEL03-RS
637668;27/10/2024;domingo;00:47:00;PB;230;27;JOAO PESSOA;Reação tardia ou ineficiente do condutor;Saída de leito carroçável;Sem Vítimas;Plena Noite;Decrescente;Céu Claro;Dupla;"Reta;Aclive";Sim;2;0;0;0;0;2;0;2;-7,1677;-34,8855;SPRF-PB;DEL01-PB;UOP01-DEL01-PB
637670;26/10/2024;sábado;22:20:00;PB;230;433,8;POMBAL;Condutor Dormindo;Saída de leito carroçável;Sem Vítimas;Pleno dia;Crescente;Céu Claro;Simples;Reta;Não;1;0;0;0;0;1;0;1;-6,7459;-37,9677;SPRF-PB;DEL03-PB;UOP02-DEL03-PB
637674;27/10/2024;domingo;01:00:00;SP;381;84;SAO PAULO;Objeto estático sobre o leito carroçável;Colisão com objeto;Sem Vítimas;Plena Noite;Decrescente;Céu Claro;Múltipla;Reta;Não;2;0;0;0;1;1;0;2;-23,43937;-46,56807;SPRF-SP;DEL03-SP;UOP01-DEL03-SP
637675;27/10/2024;domingo;01:15:00;SP;116;146;SAO JOSE DOS CAMPOS;Pedestre andava na pista;Atropelamento de Pedestre;Com Vítimas Feridas;Plena Noite;Decrescente;Céu Claro;Dupla;"Reta;Aclive";Não;2;0;0;1;1;0;1;2;-23,19122919;-45,86327591;SPRF-SP;DEL02-SP;UOP01-DEL02-SP
637676;27/10/2024;domingo;01:45:00;SC;101;329,1;TUBARAO;Condutor Dormindo;Colisão com objeto;Com Vítimas Feridas;Plena Noite;Decrescente;Céu Claro;Múltipla;Curva;Sim;3;0;1;2;0;0;3;1;-28,44404822;-48,96611372;SPRF-SC;DEL02-SC;UOP01-DEL02-SC
637677;27/10/2024;domingo;01:00:00;PR;376;4;SAO JOSE DOS PINHAIS;Ausência de reação do condutor;Saída de leito carroçável;Com Vítimas Feridas;Plena Noite;Decrescente;Nublado;Dupla;Curva;Sim;1;0;1;0;0;0;1;1;-25,5307;-49,1958;SPRF-PR;DEL01-PR;UOP04-DEL01-PR
637678;27/10/2024;domingo;02:16:00;SC;101;7,8;GARUVA;Ingestão de álcool pelo condutor;Colisão lateral mesmo sentido;Com Vítimas Feridas;Plena Noite;Crescente;Garoa/Chuvisco;Dupla;Reta;Sim;4;0;1;0;3;0;1;2;-26,03593;-48,860302;SPRF-SC;DEL03-SC;UOP01-DEL03-SC
637679;26/10/2024;sábado;23:16:00;MT;163;983;TERRA NOVA DO NORTE;Ausência de reação do condutor;Saída de leito carroçável;Com Vítimas Feridas;Plena Noite;Decrescente;Nublado;Simples;Reta;Não;1;0;1;0;0;0;1;1;-10,633;-55,132;SPRF-MT;DEL06-MT;UOP03-DEL06-MT
637680;27/10/2024;domingo;01:18:00;MT;163;780;SORRISO;Ingestão de álcool pelo condutor;Saída de leito carroçável;Sem Vítimas;Plena Noite;Crescente;Céu Claro;Simples;Reta;Não;1;0;0;0;1;0;0;1;-12,33677368;-55,59073448;SPRF-MT;DEL06-MT;UOP02-DEL06-MT
637681;27/10/2024;domingo;02:45:00;SP;116;226;GUARULHOS;Ausência de reação do condutor;Colisão com objeto;Com Vítimas Feridas;Plena Noite;Decrescente;Céu Claro;Múltipla;Reta;Sim;1;0;1;0;0;0;1;1;-23,49102507;-46,54878195;SPRF-SP;DEL01-SP;UOP01-DEL01-SP
637682;27/10/2024;domingo;03:10:00;SC;282;605;MARAVILHA;Ingestão de álcool pelo condutor;Saída de leito carroçável;Sem Vítimas;Plena Noite;Crescente;Céu Claro;Simples;"Reta;Rotatória;Interseção de Vias";Sim;1;0;0;0;1;0;0;1;-26,786951;-53,195248;SPRF-SC;DEL07-SC;UOP02-DEL07-SC
637684;27/10/2024;domingo;02:35:00;SC;116;132,9;SANTA CECILIA;Reação tardia ou ineficiente do condutor;Saída de leito carroçável;Sem Vítimas;Plena Noite;Crescente;Nublado;Simples;Rotatória;Não;2;0;0;0;2;0;0;1;-26,91329854;-50,44444132;SPRF-SC;DEL06-SC;UOP02-DEL06-SC
637685;27/10/2024;domingo;03:00:00;SC;101;198;BIGUACU;Animais na Pista;Atropelamento de Animal;Sem Vítimas;Plena Noite;Crescente;Céu Claro;Dupla;Reta;Sim;3;0;0;0;1;2;0;1;-27,52658712;-48,63506019;SPRF-SC;DEL01-SC;UOP01-DEL01-SC
637686;26/10/2024;sábado;22:30:00;RJ;393;131;SAPUCAIA;Velocidade Incompatível;Saída de leito carroçável;Com Vítimas Feridas;Plena Noite;Decrescente;Nublado;Simples;Reta;Não;1;0;1;0;0;0;1;1;-21,96975292;-42,87664106;SPRF-RJ;DEL05-RJ;UOP01-DEL05-RJ
637687;27/10/2024;domingo;01:59:00;PE;101;191;PALMARES;Reação tardia ou ineficiente do condutor;Capotamento;Com Vítimas Feridas;Plena Noite;Decrescente;Céu Claro;Dupla;Reta;Não;1;0;0;1;0;0;1;1;-8,70426509;-35,60781436;SPRF-PE;DEL01-PE;UOP03-DEL01-PE
637688;26/10/2024;sábado;22:50:00;PR;376;44,5;BANDEIRANTES;Reação tardia ou ineficiente do condutor;Colisão frontal;Com Vítimas Feridas;Plena Noite;Crescente;Céu Claro;Simples;Curva;Não;4;0;2;0;1;1;2;3;-23,089373;-50,28855;SPRF-PR;DEL09-PR;UOP02-DEL09-PR
637689;27/10/2024;domingo;02:30:00;DF;70;18;BRASILIA;Ausência de reação do condutor;Colisão traseira;Sem Vítimas;Plena Noite;Crescente;Nublado;Dupla;"Aclive;Reta";Sim;2;0;0;0;2;0;0;2;-15,791093;-48,21096;SPRF-DF;DEL03-DF;UOP02-DEL03-DF
637690;27/10/2024;domingo;02:05:00;MT;163;676;LUCAS DO RIO VERDE;Condutor Dormindo;Saída de leito carroçável;Com Vítimas Feridas;Plena Noite;Crescente;Nublado;Simples;Reta;Não;4;0;3;0;1;0;3;1;-13,27386911;-56,02626674;SPRF-MT;DEL06-MT;UOP01-DEL06-MT
637691;26/10/2024;sábado;23:00:00;ES;101;319;VILA VELHA;Reação tardia ou ineficiente do condutor;Colisão com objeto;Sem Vítimas;Plena Noite;Crescente;Chuva;Dupla;"Reta;Aclive";Não;1;0;0;0;0;1;0;1;-20,50358302;-40,47483522;SPRF-ES;DEL01-ES;UOP01-DEL01-ES
637692;27/10/2024;domingo;03:00:00;SC;116;170,7;PONTE ALTA DO NORTE;Reação tardia ou ineficiente do condutor;Saída de leito carroçável;Sem Vítimas;Plena Noite;Decrescente;Céu Claro;Simples;"Reta;Declive";Não;1;0;0;0;1;0;0;1;-27,194962;-50,463425;SPRF-SC;DEL05-SC;UOP03-DEL05-SC
637694;27/10/2024;domingo;04:00:00;GO;153;494;GOIANIA;Ausência de reação do condutor;Colisão com objeto;Sem Vítimas;Plena Noite;Crescente;Nublado;Dupla;Reta;Sim;1;0;0;0;0;1;0;1;-16,6770598;-49,23119545;SPRF-GO;DEL01-GO;UOP01-DEL01-GO
637698;27/10/2024;domingo;05:05:00;PB;101;99,3;CONDE;Acumulo de água sobre o pavimento;Tombamento;Com Vítimas Feridas;Amanhecer;Decrescente;Garoa/Chuvisco;Dupla;"Interseção de Vias;Reta;Rotatória";Não;3;0;0;1;2;0;1;2;-7,25917936;-34,93553638;SPRF-PB;DEL01-PB;UOP02-DEL01-PB
637699;27/10/2024;domingo;03:40:00;MG;262;835;UBERABA;Ingestão de álcool pelo condutor;Saída de leito carroçável;Com Vítimas Feridas;Plena Noite;Crescente;Céu Claro;Simples;"Curva;Declive";Não;1;0;0;1;0;0;1;1;-19,748272;-48,232544;SPRF-MG;DEL13-MG;UOP01-DEL13-MG
637700;27/10/2024;domingo;05:10:00;RS;116;305;GUAIBA;Ausência de reação do condutor;Colisão traseira;Com Vítimas Feridas;Amanhecer;Crescente;Céu Claro;Simples;Reta;Não;7;0;1;1;5;0;2;3;-30,16312811;-51,37606884;SPRF-RS;DEL02-RS;UOP01-DEL02-RS
637702;27/10/2024;domingo;06:00:00;MG;365;626;UBERLANDIA;Condutor Dormindo;Saída de leito carroçável;Com Vítimas Feridas;Amanhecer;Decrescente;Céu Claro;Dupla;Reta;Sim;1;0;1;0;0;0;1;1;-18,90659356;-48,33469405;SPRF-MG;DEL15-MG;UOP01-DEL15-MG
637703;26/10/2024;sábado;16:30:00;MT;364;441;VARZEA GRANDE;Ausência de reação do condutor;Saída de leito carroçável;Sem Vítimas;Anoitecer;Crescente;Chuva;Simples;Reta;Não;1;0;0;0;0;1;0;1;-15,6468216;-56,18903017;SPRF-MT;DEL01-MT;UOP02-DEL01-MT
637704;27/10/2024;domingo;05:00:00;SP;381;65;MAIRIPORA;Objeto estático sobre o leito carroçável;Incêndio;Com Vítimas Fatais;Plena Noite;Decrescente;Nublado;Dupla;Reta;Sim;45;1;0;14;30;0;14;1;-23,31922284;-46,58234239;SPRF-SP;DEL03-SP;UOP01-DEL03-SP
637706;27/10/2024;domingo;05:50:00;SE;235;4,2;NOSSA SENHORA DO SOCORRO;Ingestão de álcool pelo condutor;Queda de ocupante de veículo;Com Vítimas Feridas;Pleno dia;Decrescente;Céu Claro;Dupla;Reta;Não;2;0;1;1;0;0;2;1;-10,9064;-37,1197;SPRF-SE;DEL01-SE;UOP01-DEL01-SE
637707;26/10/2024;sábado;15:30:00;RJ;116;144;DUQUE DE CAXIAS;Ingestão de álcool pelo condutor;Colisão lateral mesmo sentido;Sem Vítimas;Pleno dia;Decrescente;Céu Claro;Dupla;Reta;Não;2;0;0;0;2;0;0;2;-22,65737709;-43,24724694;SPRF-RJ;DEL01-RJ;UOP02-DEL01-RJ
637708;26/10/2024;sábado;19:20:00;BA;242;480;IBITIARA;Ausência de reação do condutor;Colisão traseira;Com Vítimas Fatais;Plena Noite;Decrescente;Céu Claro;Simples;"Reta;Aclive";Não;2;1;0;0;0;1;0;2;-12,45610881;-42,3110319;SPRF-BA;DEL06-BA;UOP01-DEL06-BA
637709;27/10/2024;domingo;05:45:00;PR;116;113;CURITIBA;Reação tardia ou ineficiente do condutor;Saída de leito carroçável;Com Vítimas Feridas;Amanhecer;Decrescente;Nublado;Dupla;Reta;Sim;1;0;1;0;0;0;1;1;-25,54787878;-49,28790271;SPRF-PR;DEL01-PR;UOP03-DEL01-PR
637710;27/10/2024;domingo;06:25:00;BA;324;624;SALVADOR;Condutor deixou de manter distância do veículo da frente;Colisão traseira;Com Vítimas Feridas;Pleno dia;Crescente;Céu Claro;Dupla;Reta;Não;3;0;2;0;1;0;2;2;-12,933839;-38,47190701;SPRF-BA;DEL01-BA;UOP01-DEL01-BA
637711;27/10/2024;domingo;05:30:00;PR;277;109;CURITIBA;Velocidade Incompatível;Colisão com objeto;Com Vítimas Feridas;Pleno dia;Decrescente;Céu Claro;Dupla;Curva;Sim;1;0;1;0;0;0;1;1;-25,4275247;-49,3807631;SPRF-PR;DEL03-PR;UOP03-DEL03-PR
637712;26/10/2024;sábado;18:40:00;PR;153;2;JACAREZINHO;Ausência de reação do condutor;Colisão traseira;Com Vítimas Feridas;Plena Noite;Decrescente;Céu Claro;Simples;Reta;Não;2;0;0;1;0;1;1;2;-23,0123101;-49,90966558;SPRF-PR;DEL07-PR;UOP04-DEL07-PR
637713;26/10/2024;sábado;18:30:00;RO;435;87;COLORADO DO OESTE;Conversão proibida;Colisão transversal;Com Vítimas Feridas;Plena Noite;Crescente;Chuva;Simples;"Aclive;Reta";Sim;2;0;0;1;1;0;1;2;-13,12694915;-60,54413734;SPRF-RO;DEL04-RO;UOP02-DEL04-RO
637714;27/10/2024;domingo;06:40:00;CE;116;111;MORADA NOVA;Condutor Dormindo;Saída de leito carroçável;Com Vítimas Feridas;Pleno dia;Crescente;Céu Claro;Simples;Reta;Não;2;0;2;0;0;0;2;1;-4,5739211;-38,23532205;SPRF-CE;DEL03-CE;UOP02-DEL03-CE
637716;26/10/2024;sábado;22:00:00;RJ;393;132;SAPUCAIA;Velocidade Incompatível;Saída de leito carroçável;Com Vítimas Feridas;Plena Noite;Crescente;Céu Claro;Simples;Curva;Não;1;0;1;0;0;0;1;1;-21,97476198;-42,88418674;SPRF-RJ;DEL05-RJ;UOP01-DEL05-RJ
637719;27/10/2024;domingo;00:30:00;RJ;116;292;BARRA MANSA;Condutor Dormindo;Colisão com objeto;Com Vítimas Feridas;Plena Noite;Crescente;Céu Claro;Dupla;Reta;Não;1;0;1;0;0;0;1;1;-22,46511993;-44,28491095;SPRF-RJ;DEL07-RJ;UOP02-DEL07-RJ
637720;26/10/2024;sábado;22:20:00;MG;116;414,9;GOVERNADOR VALADARES;Manobra de mudança de faixa;Colisão lateral mesmo sentido;Com Vítimas Feridas;Plena Noite;Decrescente;Nublado;Dupla;Interseção de Vias;Sim;2;0;1;0;1;0;1;2;-18,88102703;-41,95910802;SPRF-MG;DEL06-MG;UOP01-DEL06-MG
637721;25/10/2024;sexta-feira;23:00:00;RJ;101;262;RIO BONITO;Velocidade Incompatível;Colisão com objeto;Sem Vítimas;Plena Noite;Crescente;Céu Claro;Dupla;Curva;Sim;1;0;0;0;1;0;0;1;-22,71367506;-42,62052996;SPRF-RJ;DEL02-RJ;UOP03-DEL02-RJ
637725;09/07/2024;terça-feira;23:14:00;SC;101;118;ITAJAI;Animais na Pista;Queda de ocupante de veículo;Com Vítimas Feridas;Plena Noite;Decrescente;Nublado;Múltipla;Viaduto;Não;1;0;1;0;0;0;1;1;-26,895859;-48,71903;SPRF-SC;DEL04-SC;UOP04-DEL04-SC
637726;27/10/2024;domingo;06:30:00;CE;20;348,2;CARIDADE;Animais na Pista;Colisão traseira;Com Vítimas Feridas;Pleno dia;Decrescente;Céu Claro;Simples;Reta;Sim;3;0;1;0;2;0;1;3;-4,10360991;-39,05907029;SPRF-CE;DEL02-CE;UOP01-DEL02-CE
637729;17/06/2024;segunda-feira;15:30:00;BA;324;624;SALVADOR;Ausência de reação do condutor;Queda de ocupante de veículo;Com Vítimas Feridas;Pleno dia;Decrescente;Ignorado;Múltipla;Reta;Sim;1;0;1;0;0;0;1;1;-12,933839;-38,47190701;SPRF-BA;DEL01-BA;UOP01-DEL01-BA
637730;05/09/2024;quinta-feira;06:40:00;MG;381;481;CONTAGEM;Trafegar com motocicleta (ou similar) entre as faixas;Colisão lateral mesmo sentido;Com Vítimas Feridas;Amanhecer;Crescente;Céu Claro;Dupla;Reta;Não;2;0;0;1;1;0;1;2;-19,95893579;-44,06660736;SPRF-MG;DEL01-MG;UOP03-DEL01-MG
637732;27/10/2024;domingo;07:40:00;PE;232;126,9;CARUARU;Manobra de mudança de faixa;Colisão lateral mesmo sentido;Com Vítimas Feridas;Pleno dia;Decrescente;Céu Claro;Dupla;"Reta;Declive";Sim;3;0;1;1;0;1;2;2;-8,30819677;-35,95467594;SPRF-PE;DEL02-PE;UOP01-DEL02-PE
637733;27/10/2024;domingo;08:30:00;RJ;116;76;TERESOPOLIS;Ausência de reação do condutor;Queda de ocupante de veículo;Com Vítimas Feridas;Pleno dia;Decrescente;Nublado;Simples;Curva;Sim;1;0;1;0;0;0;1;1;-22,36124312;-42,94876288;SPRF-RJ;DEL04-RJ;UOP01-DEL04-RJ
637734;27/10/2024;domingo;07:05:00;MA;135;26,4;BACABEIRA;Reação tardia ou ineficiente do condutor;Queda de ocupante de veículo;Com Vítimas Feridas;Pleno dia;Decrescente;Sol;Dupla;Curva;Não;1;0;0;1;0;0;1;1;-2,77023451;-44,36931635;SPRF-MA;DEL01-MA;UOP01-DEL01-MA
637735;20/10/2024;domingo;04:30:00;CE;116;22;ITAITINGA;Ingestão de álcool pelo condutor;Queda de ocupante de veículo;Com Vítimas Feridas;Amanhecer;Crescente;Céu Claro;Dupla;Reta;Não;1;0;0;1;0;0;1;1;-3,94070798;-38,50918633;SPRF-CE;DEL01-CE;UOP02-DEL01-CE
637736;27/10/2024;domingo;08:10:00;SC;116;1,7;MAFRA;Acessar a via sem observar a presença dos outros veículos;Colisão transversal;Com Vítimas Feridas;Pleno dia;Crescente;Sol;Simples;Interseção de Vias;Sim;2;0;0;1;1;0;1;2;-26,1170929;-49,78694917;SPRF-SC;DEL06-SC;UOP01-DEL06-SC
637737;27/10/2024;domingo;01:32:00;SC;101;213,4;PALHOCA;Ausência de reação do condutor;Colisão com objeto;Sem Vítimas;Plena Noite;Crescente;Céu Claro;Múltipla;Reta;Sim;1;0;0;0;0;1;0;1;-27,63697369;-48,66514142;SPRF-SC;DEL01-SC;UOP02-DEL01-SC
637738;26/10/2024;sábado;10:30:00;RJ;116;180,9;NOVA IGUACU;Ausência de reação do condutor;Tombamento;Com Vítimas Feridas;Pleno dia;Crescente;Céu Claro;Dupla;Reta;Sim;1;0;1;0;0;0;1;1;-22,7651616;-43,4154728;SPRF-RJ;DEL06-RJ;UOP01-DEL06-RJ
637739;27/10/2024;domingo;07:00:00;SP;381;22;BRAGANCA PAULISTA;Ausência de reação do condutor;Colisão com objeto;Com Vítimas Feridas;Pleno dia;Crescente;Céu Claro;Dupla;Reta;Sim;1;0;0;1;0;0;1;1;-22,99548;-46,514494;SPRF-SP;DEL03-SP;UOP02-DEL03-SP
637740;27/10/2024;domingo;06:00:00;PR;376;381;IMBAU;Ausência de reação do condutor;Capotamento;Com Vítimas Feridas;Amanhecer;Crescente;Céu Claro;Simples;Curva;Não;2;0;1;0;1;0;1;1;-24,45974402;-50,75186703;SPRF-PR;DEL03-PR;UOP02-DEL03-PR
637741;19/10/2024;sábado;23:50:00;MG;116;533,9;SANTA RITA DE MINAS;Animais na Pista;Atropelamento de Animal;Com Vítimas Feridas;Plena Noite;Crescente;Nublado;Simples;Reta;Não;1;0;0;1;0;0;1;1;-19,83624191;-42,13833241;SPRF-MG;DEL06-MG;UOP02-DEL06-MG
637742;27/10/2024;domingo;08:50:00;GO;60;174,5;ABADIA DE GOIAS;Velocidade Incompatível;Colisão com objeto;Com Vítimas Feridas;Pleno dia;Crescente;Sol;Dupla;"Viaduto;Interseção de Vias";Sim;3;0;3;0;0;0;3;1;-16,7474;-49,4238;SPRF-GO;DEL01-GO;UOP02-DEL01-GO
637743;27/10/2024;domingo;08:30:00;SC;101;56,5;JOINVILLE;Manobra de mudança de faixa;Colisão lateral mesmo sentido;Com Vítimas Feridas;Pleno dia;Crescente;Nublado;Múltipla;Reta;Não;3;0;2;0;1;0;2;2;-26,43207484;-48,82263984;SPRF-SC;DEL03-SC;UOP01-DEL03-SC
637744;27/10/2024;domingo;03:30:00;AL;424;104,8;MARECHAL DEODORO;Velocidade Incompatível;Saída de leito carroçável;Sem Vítimas;Plena Noite;Crescente;Ignorado;Simples;"Curva;Declive";Não;1;0;0;0;0;1;0;1;-9,68587551;-35,82075119;SPRF-AL;DEL02-AL;UOP01-DEL02-AL
637745;26/10/2024;sábado;07:00:00;RJ;116;132;MAGE;Ingestão de álcool pelo condutor;Colisão traseira;Com Vítimas Feridas;Pleno dia;Decrescente;Céu Claro;Dupla;Curva;Sim;2;0;1;0;1;0;1;2;-22,655914;-43,123295;SPRF-RJ;DEL04-RJ;UOP02-DEL04-RJ
637746;27/10/2024;domingo;08:30:00;ES;101;298;VIANA;Trafegar com motocicleta (ou similar) entre as faixas;Colisão lateral mesmo sentido;Com Vítimas Feridas;Pleno dia;Decrescente;Garoa/Chuvisco;Dupla;Reta;Sim;2;0;1;0;1;0;1;2;-20,35374444;-40,4156433;SPRF-ES;DEL01-ES;UOP01-DEL01-ES
637747;27/10/2024;domingo;03:46:00;RJ;101;384;RIO DE JANEIRO;Reação tardia ou ineficiente do condutor;Saída de leito carroçável;Sem Vítimas;Plena Noite;Decrescente;Nublado;Dupla;Retorno Regulamentado;Sim;1;0;0;0;0;1;0;1;-22,87911609;-43,62323999;SPRF-RJ;DEL03-RJ;UOP01-DEL03-RJ
637748;27/10/2024;domingo;09:55:00;RJ;116;85;TERESOPOLIS;Velocidade Incompatível;Colisão com objeto;Com Vítimas Feridas;Pleno dia;Crescente;Chuva;Simples;Curva;Sim;1;0;1;0;0;0;1;1;-22,42972396;-42,95095697;SPRF-RJ;DEL04-RJ;UOP01-DEL04-RJ