id;data_inversa;dia_semana;horario;uf;br;km;municipio;causa_acidente;tipo_acidente;classificacao_acidente;fase_dia;sentido_via;condicao_metereologica;tipo_pista;tracado_via;uso_solo;pessoas;mortos;feridos_leves;feridos_graves;ilesos;ignorados;feridos;veiculos;latitude;longitude;regional;delegacia;uop
638123;28/10/2024;segunda-feira;19:00:00;PA;153;132;SAO GERALDO DO ARAGUAIA;Ultrapassagem Indevida;Colisão lateral sentido oposto;Com Vítimas Feridas;Plena Noite;Crescente;Céu Claro;Simples;Reta;Não;2;0;0;1;1;0;1;2;-6,247045;-48,601635;SPRF-PA;DEL03-PA;UOP01-DEL03-PA
638126;29/10/2024;terça-feira;06:50:00;PB;101;85,7;JOAO PESSOA;Ausência de reação do condutor;Colisão traseira;Com Vítimas Feridas;Pleno dia;Crescente;Céu Claro;Dupla;Reta;Sim;3;0;1;0;2;0;1;3;-7,15118983;-34,91012184;SPRF-PB;DEL01-PB;UOP01-DEL01-PB
638128;29/10/2024;terça-feira;06:20:00;PR;277;125,4;CAMPO LARGO;Velocidade Incompatível;Colisão traseira;Com Vítimas Feridas;Pleno dia;Crescente;Nublado;Dupla;Reta;Sim;3;0;2;0;0;1;2;2;-25,43543;-49,53042;SPRF-PR;DEL03-PR;UOP03-DEL03-PR
638131;29/10/2024;terça-feira;06:50:00;SP;116;225;GUARULHOS;Trafegar com motocicleta (ou similar) entre as faixas;Colisão lateral mesmo sentido;Com Vítimas Feridas;Pleno dia;Crescente;Nublado;Múltipla;"Reta;Em Obras";Sim;2;0;1;0;1;0;1;2;-23,48586772;-46,54075317;SPRF-SP;DEL01-SP;UOP01-DEL01-SP
638134;29/10/2024;terça-feira;07:00:00;PR;376;605;CURITIBA;Reação tardia ou ineficiente do condutor;Colisão lateral mesmo sentido;Com Vítimas Feridas;Pleno dia;Crescente;Céu Claro;Múltipla;Interseção de Vias;Sim;1;0;1;0;0;0;1;1;-25,55177228;-49,27905516;SPRF-PR;DEL01-PR;UOP06-DEL01-PR
638136;29/10/2024;terça-feira;07:45:00;PE;101;79;JABOATAO DOS GUARARAPES;Trafegar com motocicleta (ou similar) entre as faixas;Queda de ocupante de veículo;Com Vítimas Feridas;Pleno dia;Decrescente;Céu Claro;Dupla;Reta;Não;2;0;1;0;1;0;1;1;-8,14366112;-34,94723453;SPRF-PE;DEL01-PE;UOP01-DEL01-PE
638137;29/10/2024;terça-feira;07:30:00;ES;101;270,8;SERRA;Chuva;Tombamento;Com Vítimas Feridas;Pleno dia;Crescente;Chuva;Dupla;Curva;Sim;1;0;1;0;0;0;1;1;-20,22662056;-40,27075088;SPRF-ES;DEL02-ES;UOP01-DEL02-ES
638138;29/10/2024;terça-feira;08:00:00;SC;470;144,6;RIO DO SUL;Desrespeitar a preferência no cruzamento;Colisão transversal;Com Vítimas Feridas;Pleno dia;Crescente;Nublado;Simples;Reta;Sim;2;0;1;0;1;0;1;2;-27,235138;-49,677608;SPRF-SC;DEL04-SC;UOP02-DEL04-SC
638139;29/10/2024;terça-feira;07:48:00;RJ;101;324;NITEROI;Demais falhas mecânicas ou elétricas;Colisão lateral mesmo sentido;Sem Vítimas;Pleno dia;Decrescente;Céu Claro;Múltipla;Reta;Sim;2;0;0;0;2;0;0;2;-22,87381074;-43,12640997;SPRF-RJ;DEL02-RJ;UOP01-DEL02-RJ
638140;29/10/2024;terça-feira;08:05:00;PE;101;73,7;RECIFE;Condutor deixou de manter distância do veículo da frente;Colisão lateral mesmo sentido;Com Vítimas Feridas;Pleno dia;Crescente;Céu Claro;Dupla;Reta;Sim;2;0;2;0;0;0;2;2;-8,099169;-34,950181;SPRF-PE;DEL01-PE;UOP01-DEL01-PE
638141;29/10/2024;terça-feira;07:20:00;PR;277;665,3;MEDIANEIRA;Reação tardia ou ineficiente do condutor;Colisão com objeto;Com Vítimas Feridas;Pleno dia;Crescente;Céu Claro;Dupla;"Reta;Aclive";Não;1;0;1;0;0;0;1;1;-25,25599605;-54,03772597;SPRF-PR;DEL05-PR;UOP02-DEL05-PR
638143;29/10/2024;terça-feira;08:14:00;GO;153;539;HIDROLANDIA;Avarias e/ou desgaste excessivo no pneu;Tombamento;Com Vítimas Feridas;Pleno dia;Crescente;Nublado;Dupla;Reta;Não;1;0;1;0;0;0;1;1;-17,0445;-49,2255;SPRF-GO;DEL01-GO;UOP03-DEL01-GO
638145;29/10/2024;terça-feira;08:46:00;RJ;101;325;NITEROI;Ausência de reação do condutor;Colisão traseira;Com Vítimas Feridas;Pleno dia;Crescente;Céu Claro;Dupla;"Reta;Ponte";Não;3;0;2;0;1;0;2;2;-22,87292569;-43,13625699;SPRF-RJ;DEL02-RJ;UOP01-DEL02-RJ
638146;29/10/2024;terça-feira;08:40:00;PE;101;75;RECIFE;Ausência de reação do condutor;Colisão traseira;Com Vítimas Feridas;Pleno dia;Crescente;Céu Claro;Dupla;Reta;Sim;3;0;1;0;2;0;1;2;-8,10973523;-34,94660151;SPRF-PE;DEL01-PE;UOP01-DEL01-PE
638147;29/10/2024;terça-feira;07:38:00;PE;101;75,1;RECIFE;Ausência de reação do condutor;Colisão traseira;Sem Vítimas;Pleno dia;Decrescente;Céu Claro;Dupla;Reta;Sim;2;0;0;0;2;0;0;2;-8,110925;-34,946103;SPRF-PE;DEL01-PE;UOP01-DEL01-PE
638148;29/10/2024;terça-feira;08:25:00;PI;402;9;PARNAIBA;Frear bruscamente;Colisão traseira;Sem Vítimas;Pleno dia;Decrescente;Céu Claro;Simples;Reta;Não;8;0;0;0;8;0;0;3;-3,10381452;-41,82524798;SPRF-PI;DEL05-PI;UOP01-DEL05-PI
638150;29/10/2024;terça-feira;08:30:00;MG;116;731,9;LARANJAL;Demais falhas mecânicas ou elétricas;Queda de ocupante de veículo;Com Vítimas Feridas;Pleno dia;Decrescente;Garoa/Chuvisco;Simples;Reta;Não;1;0;1;0;0;0;1;1;-21,32252471;-42,4490193;SPRF-MG;DEL07-MG;UOP02-DEL07-MG
638152;29/10/2024;terça-feira;09:45:00;PB;230;27,9;JOAO PESSOA;Acumulo de óleo sobre o pavimento;Tombamento;Com Vítimas Feridas;Pleno dia;Crescente;Céu Claro;Simples;"Viaduto;Curva";Sim;1;0;1;0;0;0;1;1;-7,16507076;-34,89839125;SPRF-PB;DEL01-PB;UOP01-DEL01-PB
638153;29/10/2024;terça-feira;07:40:00;MT;364;265;JACIARA;Acessar a via sem observar a presença dos outros veículos;Colisão traseira;Com Vítimas Feridas;Pleno dia;Crescente;Céu Claro;Dupla;Retorno Regulamentado;Não;2;0;1;0;1;0;1;2;-16,00440488;-54,92002387;SPRF-MT;DEL02-MT;UOP01-DEL02-MT
638154;27/10/2024;domingo;22:00:00;MG;381;686;PERDOES;Chuva;Colisão com objeto;Sem Vítimas;Plena Noite;Decrescente;Chuva;Simples;Curva;Não;1;0;0;0;0;1;0;1;-21,20030689;-45,11944438;SPRF-MG;DEL04-MG;UOP02-DEL04-MG
638155;29/10/2024;terça-feira;09:55:00;PE;101;73;RECIFE;Transitar no Acostamento;Colisão transversal;Com Vítimas Feridas;Pleno dia;Crescente;Céu Claro;Dupla;"Reta;Interseção de Vias";Sim;3;0;0;2;1;0;2;2;-8,093369;-34,947464;SPRF-PE;DEL01-PE;UOP01-DEL01-PE
638156;29/10/2024;terça-feira;08:15:00;RJ;101;387;RIO DE JANEIRO;Manobra de mudança de faixa;Colisão traseira;Com Vítimas Feridas;Pleno dia;Crescente;Céu Claro;Dupla;Reta;Não;2;0;1;0;0;1;1;2;-22,88537839;-43,64965688;SPRF-RJ;DEL03-RJ;UOP01-DEL03-RJ
638157;28/10/2024;segunda-feira;13:40:00;BA;324;379;GAVIAO;Reação tardia ou ineficiente do condutor;Queda de ocupante de veículo;Com Vítimas Feridas;Pleno dia;Crescente;Céu Claro;Simples;Reta;Não;1;0;1;0;0;0;1;1;-11,45965682;-39,80345086;SPRF-BA;DEL04-BA;UOP02-DEL04-BA
638159;29/10/2024;terça-feira;10:00:00;SC;101;82,4;BARRA VELHA;Reação tardia ou ineficiente do condutor;Colisão com objeto;Com Vítimas Feridas;Pleno dia;Crescente;Céu Claro;Simples;Rotatória;Sim;1;0;1;0;0;0;1;1;-26,62073992;-48,71778846;SPRF-SC;DEL03-SC;UOP02-DEL03-SC
638160;29/10/2024;terça-feira;07:20:00;SC;101;41;JOINVILLE;Velocidade Incompatível;Colisão traseira;Com Vítimas Feridas;Pleno dia;Decrescente;Nublado;Dupla;"Declive;Reta";Sim;3;0;1;0;2;0;1;3;-26,28215489;-48,88973081;SPRF-SC;DEL03-SC;UOP01-DEL03-SC
638165;25/10/2024;sexta-feira;16:00:00;PE;423;93,4;GARANHUNS;Acessar a via sem observar a presença dos outros veículos;Colisão transversal;Com Vítimas Feridas;Pleno dia;Crescente;Céu Claro;Simples;Reta;Sim;3;0;0;1;2;0;1;3;-8,86972012;-36,46323792;SPRF-PE;DEL03-PE;UOP01-DEL03-PE
638166;29/10/2024;terça-feira;10:30:00;RS;285;107;VACARIA;Reação tardia ou ineficiente do condutor;Saída de leito carroçável;Com Vítimas Feridas;Pleno dia;Crescente;Céu Claro;Simples;Reta;Não;5;0;1;1;0;3;2;2;-28,525879;-50,811283;SPRF-RS;DEL05-RS;UOP03-DEL05-RS
638167;29/10/2024;terça-feira;10:00:00;SE;235;70,4;FREI PAULO;Reação tardia ou ineficiente do condutor;Colisão com objeto;Sem Vítimas;Pleno dia;Decrescente;Sol;Simples;"Em Obras;Declive";Não;1;0;0;0;1;0;0;1;-10,56251;-37,516956;SPRF-SE;DEL01-SE;UOP02-DEL01-SE
638168;29/10/2024;terça-feira;10:55:00;PA;163;991;SANTAREM;Condutor deixou de manter distância do veículo da frente;Colisão traseira;Com Vítimas Feridas;Pleno dia;Crescente;Sol;Simples;Reta;Não;2;0;1;0;1;0;1;2;-2,547851;-54,72278;SPRF-PA;DEL05-PA;UOP01-DEL05-PA
638169;29/10/2024;terça-feira;10:30:00;SC;470;133,4;RIO DO SUL;Velocidade Incompatível;Colisão lateral mesmo sentido;Sem Vítimas;Pleno dia;Decrescente;Nublado;Simples;Reta;Não;2;0;0;0;2;0;0;2;-27,174187;-49,588497;SPRF-SC;DEL04-SC;UOP02-DEL04-SC
638171;29/10/2024;terça-feira;11:30:00;PR;116;16;COLOMBO;Ausência de reação do condutor;Colisão traseira;Com Vítimas Feridas;Pleno dia;Crescente;Céu Claro;Dupla;Reta;Sim;2;0;1;0;1;0;1;2;-25,3874;-49,1774;SPRF-PR;DEL01-PR;UOP02-DEL01-PR
638172;29/08/2024;quinta-feira;17:00:00;PA;316;59;CASTANHAL;Demais falhas mecânicas ou elétricas;Colisão com objeto;Sem Vítimas;Pleno dia;Decrescente;Céu Claro;Simples;Declive;Não;1;0;0;0;1;0;0;1;-1,29878288;-47,96418102;SPRF-PA;DEL01-PA;UOP01-DEL01-PA
638174;29/10/2024;terça-feira;11:10:00;MG;381;439,9;SABARA;Acessar a via sem observar a presença dos outros veículos;Colisão transversal;Com Vítimas Feridas;Pleno dia;Decrescente;Nublado;Simples;Reta;Sim;2;0;2;0;0;0;2;2;-19,80948748;-43,77128005;SPRF-MG;DEL01-MG;UOP01-DEL01-MG
638176;29/10/2024;terça-feira;06:45:00;AL;316;216,6;MARIBONDO;Condutor Dormindo;Saída de leito carroçável;Com Vítimas Fatais;Pleno dia;Crescente;Céu Claro;Simples;Reta;Não;1;1;0;0;0;0;0;1;-9,50359801;-36,21487807;SPRF-AL;DEL01-AL;UOP01-DEL01-AL
638177;29/10/2024;terça-feira;08:45:00;MA;10;254;IMPERATRIZ;Condutor desrespeitou a iluminação vermelha do semáforo;Colisão transversal;Sem Vítimas;Pleno dia;Decrescente;Céu Claro;Simples;"Retorno Regulamentado;Reta";Sim;2;0;0;0;2;0;0;2;-5,517879;-47,471581;SPRF-MA;DEL04-MA;UOP01-DEL04-MA
638178;29/10/2024;terça-feira;11:30:00;CE;20;304;CANINDE;Condutor Dormindo;Saída de leito carroçável;Sem Vítimas;Pleno dia;Decrescente;Céu Claro;Simples;Curva;Sim;1;0;0;0;1;0;0;1;-4,38288903;-39,31099494;SPRF-CE;DEL02-CE;UOP01-DEL02-CE
638179;29/10/2024;terça-feira;10:25:00;RO;364;514;ARIQUEMES;Acessar a via sem observar a presença dos outros veículos;Colisão lateral mesmo sentido;Com Vítimas Feridas;Pleno dia;Decrescente;Céu Claro;Simples;Reta;Sim;3;0;1;0;2;0;1;2;-9,93398403;-63,05522959;SPRF-RO;DEL03-RO;UOP01-DEL03-RO
638180;29/10/2024;terça-feira;11:00:00;RJ;493;16;GUAPIMIRIM;Frear bruscamente;Colisão traseira;Com Vítimas Feridas;Pleno dia;Decrescente;Nublado;Simples;Reta;Sim;2;0;1;0;1;0;1;2;-22,66434888;-43,00014505;SPRF-RJ;DEL04-RJ;UOP02-DEL04-RJ
638181;29/10/2024;terça-feira;11:40:00;PE;101;66;RECIFE;Acessar a via sem observar a presença dos outros veículos;Colisão lateral mesmo sentido;Com Vítimas Feridas;Pleno dia;Decrescente;Céu Claro;Dupla;Reta;Sim;2;0;1;0;1;0;1;2;-8,035395;-34,941295;SPRF-PE;DEL01-PE;UOP01-DEL01-PE
638182;29/10/2024;terça-feira;12:30:00;MG;50;61,5;UBERLANDIA;Velocidade Incompatível;Saída de leito carroçável;Com Vítimas Feridas;Pleno dia;Crescente;Chuva;Dupla;Curva;Não;2;0;2;0;0;0;2;1;-18,81603099;-48,25003475;SPRF-MG;DEL15-MG;UOP02-DEL15-MG
638183;29/10/2024;terça-feira;12:50:00;SP;116;205;ARUJA;Manobra de mudança de faixa;Colisão lateral mesmo sentido;Com Vítimas Feridas;Pleno dia;Crescente;Nublado;Dupla;Reta;Não;2;0;1;0;1;0;1;2;-23,41475243;-46,36600788;SPRF-SP;DEL01-SP;UOP01-DEL01-SP
638184;29/10/2024;terça-feira;13:10:00;GO;60;92,6;ANAPOLIS;Acesso irregular;Colisão lateral mesmo sentido;Com Vítimas Feridas;Pleno dia;Crescente;Céu Claro;Dupla;Reta;Sim;3;0;1;1;1;0;2;2;-16,353;-48,9178;SPRF-GO;DEL02-GO;UOP01-DEL02-GO
638186;29/10/2024;terça-feira;12:38:00;GO;60;387;RIO VERDE;Condutor deixou de manter distância do veículo da frente;Colisão traseira;Com Vítimas Feridas;Pleno dia;Crescente;Nublado;Dupla;Aclive;Sim;2;0;2;0;0;0;2;2;-17,8098;-50,9267;SPRF-GO;DEL04-GO;UOP02-DEL04-GO
638187;29/10/2024;terça-feira;11:00:00;PE;101;149;RIBEIRAO;Retorno proibido;Colisão transversal;Com Vítimas Fatais;Pleno dia;Decrescente;Sol;Simples;"Reta;Declive";Sim;3;1;0;1;1;0;1;2;-8,49165198;-35,37459703;SPRF-PE;DEL01-PE;UOP03-DEL01-PE
638188;29/10/2024;terça-feira;12:30:00;PR;369;28,8;CAMBARA;Reação tardia ou ineficiente do condutor;Queda de ocupante de veículo;Com Vítimas Feridas;Pleno dia;Decrescente;Céu Claro;Simples;Reta;Não;2;0;2;0;0;0;2;1;-23,03917927;-50,12250423;SPRF-PR;DEL07-PR;UOP05-DEL07-PR
638189;29/10/2024;terça-feira;13:05:00;BA;324;518;FEIRA DE SANTANA;Acesso irregular;Colisão lateral sentido oposto;Com Vítimas Feridas;Pleno dia;Crescente;Céu Claro;Simples;Reta;Sim;3;0;1;1;1;0;2;2;-12,258195;-38,932182;SPRF-BA;DEL02-BA;UOP01-DEL02-BA
638190;29/10/2024;terça-feira;13:10:00;SC;470;69,3;INDAIAL;Acessar a via sem observar a presença dos outros veículos;Colisão transversal;Com Vítimas Feridas;Pleno dia;Crescente;Céu Claro;Dupla;"Reta;Em Obras";Sim;2;0;1;0;1;0;1;2;-26,88564579;-49,25000823;SPRF-SC;DEL04-SC;UOP01-DEL04-SC
638192;29/10/2024;terça-feira;14:00:00;MG;381;657;SANTO ANTONIO DO AMPARO;Ausência de reação do condutor;Capotamento;Com Vítimas Feridas;Pleno dia;Crescente;Nublado;Dupla;Reta;Não;5;0;3;1;1;0;4;1;-21,01108617;-44,98405087;SPRF-MG;DEL04-MG;UOP02-DEL04-MG
638193;29/10/2024;terça-feira;13:25:00;SC;280;118,5;SAO BENTO DO SUL;Acessar a via sem observar a presença dos outros veículos;Colisão transversal;Com Vítimas Feridas;Pleno dia;Crescente;Sol;Simples;"Reta;Interseção de Vias";Não;3;0;2;0;1;0;2;2;-26,26496691;-49,43167448;SPRF-SC;DEL06-SC;UOP03-DEL06-SC
638194;29/10/2024;terça-feira;13:40:00;MG;365;104,9;JEQUITAI;Velocidade Incompatível;Saída de leito carroçável;Com Vítimas Feridas;Pleno dia;Decrescente;Chuva;Simples;Reta;Não;1;0;1;0;0;0;1;1;-17,21442312;-44,56049104;SPRF-MG;DEL12-MG;UOP01-DEL12-MG
638198;29/10/2024;terça-feira;11:10:00;SC;480;129,6;CHAPECO;Manobra de mudança de faixa;Colisão lateral mesmo sentido;Com Vítimas Feridas;Pleno dia;Decrescente;Céu Claro;Dupla;"Curva;Declive";Sim;2;0;1;0;1;0;1;2;-27,04656607;-52,63577131;SPRF-SC;DEL07-SC;UOP01-DEL07-SC
638199;29/10/2024;terça-feira;13:50:00;SP;116;159;SAO JOSE DOS CAMPOS;Ausência de reação do condutor;Tombamento;Com Vítimas Feridas;Pleno dia;Crescente;Nublado;Dupla;Reta;Sim;1;0;1;0;0;0;1;1;-23,26585409;-45,95983994;SPRF-SP;DEL02-SP;UOP01-DEL02-SP
638200;20/04/2024;sábado;21:30:00;MG;251;512,8;FRANCISCO SA;Ausência de reação do condutor;Colisão traseira;Com Vítimas Feridas;Plena Noite;Crescente;Nublado;Simples;Reta;Não;4;0;1;1;0;2;2;3;-16,6553239;-43,71906108;SPRF-MG;DEL12-MG;UOP01-DEL12-MG
638201;29/10/2024;terça-feira;14:45:00;PE;101;69,7;RECIFE;Ausência de reação do condutor;Colisão com objeto;Com Vítimas Feridas;Pleno dia;Decrescente;Sol;Simples;"Aclive;Curva";Sim;1;0;0;1;0;0;1;1;-8,05951606;-34,94581024;SPRF-PE;DEL01-PE;UOP01-DEL01-PE
638202;29/10/2024;terça-feira;14:40:00;RJ;116;174;SAO JOAO DE MERITI;Ultrapassagem Indevida;Colisão lateral mesmo sentido;Com Vítimas Feridas;Pleno dia;Crescente;Céu Claro;Múltipla;Reta;Sim;3;0;1;0;2;0;1;3;-22,79423806;-43,36403759;SPRF-RJ;DEL06-RJ;UOP01-DEL06-RJ
638203;22/09/2024;domingo;11:30:00;BA;116;391,8;SANTA BARBARA;Transitar na contramão;Colisão transversal;Com Vítimas Feridas;Pleno dia;Decrescente;Céu Claro;Dupla;"Reta;Interseção de Vias";Não;2;0;0;1;0;1;1;2;-11,9548618;-38,9761561;SPRF-BA;DEL02-BA;UOP01-DEL02-BA
638204;29/10/2024;terça-feira;14:30:00;RS;116;544,1;CAPAO DO LEAO;Mal súbito do condutor;Saída de leito carroçável;Com Vítimas Feridas;Pleno dia;Decrescente;Céu Claro;Simples;Reta;Não;1;0;1;0;0;0;1;1;-31,82728889;-52,54496906;SPRF-RS;DEL07-RS;UOP03-DEL07-RS
638205;29/10/2024;terça-feira;14:10:00;RJ;493;25;MAGE;Ausência de reação do condutor;Queda de ocupante de veículo;Com Vítimas Feridas;Pleno dia;Decrescente;Nublado;Dupla;Reta;Não;1;0;1;0;0;0;1;1;-22,65766061;-43,08485985;SPRF-RJ;DEL04-RJ;UOP02-DEL04-RJ
638206;29/10/2024;terça-feira;15:00:00;MG;381;448,8;SANTA LUZIA;Conversão proibida;Colisão transversal;Com Vítimas Feridas;Pleno dia;Crescente;Nublado;Simples;Curva;Sim;2;0;1;0;1;0;1;2;-19,84164036;-43,86232683;SPRF-MG;DEL01-MG;UOP01-DEL01-MG
638210;29/10/2024;terça-feira;14:00:00;PB;361;0,2;PATOS;Manobra de mudança de faixa;Colisão transversal;Com Vítimas Feridas;Pleno dia;Crescente;Céu Claro;Simples;"Reta;Declive";Sim;2;0;1;0;1;0;1;2;-7,0185995;-37,26078;SPRF-PB;DEL03-PB;UOP01-DEL03-PB
638211;29/10/2024;terça-feira;15:45:00;ES;0;0;VITORIA;Reação tardia ou ineficiente do condutor;Colisão lateral mesmo sentido;Sem Vítimas;Pleno dia;Não Informado;Nublado;Simples;Reta;Sim;2;0;0;0;2;0;0;2;-20,32166383;-40,34142321;SPRF-ES;DEL01-ES;UOP01-DEL01-ES
638214;29/10/2024;terça-feira;13:08:00;MT;174;1;PONTES E LACERDA;Acessar a via sem observar a presença dos outros veículos;Colisão transversal;Com Vítimas Feridas;Pleno dia;Decrescente;Céu Claro;Simples;Reta;Sim;2;0;1;0;1;0;1;2;-15,24669639;-59,31986332;SPRF-MT;DEL04-MT;UOP01-DEL04-MT
638215;29/10/2024;terça-feira;14:55:00;MG;365;85,5;JEQUITAI;Velocidade Incompatível;Saída de leito carroçável;Com Vítimas Feridas;Pleno dia;Crescente;Chuva;Simples;"Reta;Aclive";Não;4;0;1;3;0;0;4;1;-17,16499801;-44,41819599;SPRF-MG;DEL12-MG;UOP01-DEL12-MG
638216;18/08/2024;domingo;18:40:00;MG;116;702,3;MURIAE;Acumulo de areia ou detritos sobre o pavimento;Tombamento;Com Vítimas Feridas;Plena Noite;Crescente;Nublado;Simples;Reta;Sim;1;0;0;1;0;0;1;1;-21,1253716;-42,38283288;SPRF-MG;DEL07-MG;UOP02-DEL07-MG
638217;29/10/2024;terça-feira;16:20:00;SC;101;330;TUBARAO;Condutor deixou de manter distância do veículo da frente;Colisão com objeto;Com Vítimas Feridas;Pleno dia;Decrescente;Céu Claro;Dupla;Reta;Sim;2;0;1;0;1;0;1;1;-28,45115639;-48,97286879;SPRF-SC;DEL02-SC;UOP01-DEL02-SC
638218;29/10/2024;terça-feira;16:15:00;SP;153;67,1;SAO JOSE DO RIO PRETO;Condutor deixou de manter distância do veículo da frente;Colisão traseira;Com Vítimas Feridas;Pleno dia;Crescente;Céu Claro;Múltipla;"Curva;Aclive";Sim;2;0;1;0;0;1;1;2;-20,84853593;-49,37585608;SPRF-SP;DEL09-SP;UOP01-DEL09-SP
638219;29/10/2024;terça-feira;15:30:00;BA;324;549;AMELIA RODRIGUES;Ausência de reação do condutor;Saída de leito carroçável;Com Vítimas Feridas;Pleno dia;Crescente;Céu Claro;Dupla;"Curva;Declive";Não;2;0;0;1;1;0;1;1;-12,43255269;-38,7319107;SPRF-BA;DEL01-BA;UOP03-DEL01-BA
638220;29/10/2024;terça-feira;14:00:00;RS;470;245,6;BARAO;Reação tardia ou ineficiente do condutor;Colisão lateral mesmo sentido;Com Vítimas Feridas;Pleno dia;Decrescente;Céu Claro;Simples;"Reta;Aclive";Não;2;0;1;0;1;0;1;2;-29,3742;-51,50585;SPRF-RS;DEL06-RS;UOP01-DEL06-RS
638221;29/10/2024;terça-feira;16:30:00;SP;116;114,8;TAUBATE;Mal súbito do condutor;Queda de ocupante de veículo;Com Vítimas Feridas;Pleno dia;Crescente;Céu Claro;Dupla;Reta;Não;1;0;0;1;0;0;1;1;-23,04654177;-45,59018006;SPRF-SP;DEL02-SP;UOP02-DEL02-SP
638222;29/10/2024;terça-feira;10:38:00;MT;158;560;AGUA BOA;Velocidade Incompatível;Colisão traseira;Com Vítimas Feridas;Pleno dia;Decrescente;Céu Claro;Simples;Reta;Não;2;0;1;0;1;0;1;1;-13,98723775;-52,13976931;SPRF-MT;DEL07-MT;UOP02-DEL07-MT
638225;29/10/2024;terça-feira;09:30:00;BA;324;590;CANDEIAS;Manobra de mudança de faixa;Saída de leito carroçável;Sem Vítimas;Pleno dia;Crescente;Céu Claro;Dupla;Reta;Não;2;0;0;0;1;1;0;2;-12,67291202;-38,46908411;SPRF-BA;DEL01-BA;UOP01-DEL01-BA
638226;29/10/2024;terça-feira;14:30:00;SC;116;6,1;MAFRA;Ausência de reação do condutor;Colisão traseira;Com Vítimas Feridas;Pleno dia;Crescente;Céu Claro;Simples;"Reta;Declive";Sim;2;0;1;0;1;0;1;2;-26,14644691;-49,82305806;SPRF-SC;DEL06-SC;UOP01-DEL06-SC
638230;29/10/2024;terça-feira;14:00:00;PR;376;9,8;MARINGA;Reação tardia ou ineficiente do condutor;Colisão com objeto;Com Vítimas Feridas;Pleno dia;Decrescente;Sol;Dupla;Reta;Não;1;0;0;1;0;0;1;1;-23,379414;-51,913659;SPRF-PR;DEL09-PR;UOP01-DEL09-PR
638231;29/10/2024;terça-feira;17:15:00;PB;230;23;JOAO PESSOA;Ausência de reação do condutor;Colisão com objeto;Com Vítimas Feridas;Plena Noite;Decrescente;Céu Claro;Dupla;"Em Obras;Reta;Aclive";Sim;1;0;0;1;0;0;1;1;-7,16563351;-34,86285567;SPRF-PB;DEL01-PB;UOP01-DEL01-PB
638232;29/10/2024;terça-feira;17:09:00;PE;428;189,8;PETROLINA;Acessar a via sem observar a presença dos outros veículos;Colisão transversal;Com Vítimas Feridas;Pleno dia;Decrescente;Céu Claro;Dupla;Reta;Sim;3;0;1;2;0;0;3;2;-9,37795298;-40,5041939;SPRF-PE;DEL06-PE;UOP01-DEL06-PE
638233;29/10/2024;terça-feira;16:42:00;SP;116;444;REGISTRO;Reação tardia ou ineficiente do condutor;Colisão traseira;Sem Vítimas;Pleno dia;Crescente;Céu Claro;Simples;"Reta;Interseção de Vias";Sim;3;0;0;0;3;0;0;2;-24,49129421;-47,83614553;SPRF-SP;DEL05-SP;UOP01-DEL05-SP
638234;29/10/2024;terça-feira;17:20:00;RN;101;108,1;PARNAMIRIM;Condutor deixou de manter distância do veículo da frente;Colisão traseira;Com Vítimas Feridas;Anoitecer;Crescente;Céu Claro;Dupla;Reta;Sim;2;0;1;0;1;0;1;2;-5,92825102;-35,26465683;SPRF-RN;DEL01-RN;UOP01-DEL01-RN
638235;29/10/2024;terça-feira;17:52:00;SC;101;192;BIGUACU;Trafegar com motocicleta (ou similar) entre as faixas;Colisão lateral mesmo sentido;Com Vítimas Feridas;Pleno dia;Decrescente;Céu Claro;Múltipla;Reta;Sim;2;0;1;0;1;0;1;2;-27,48443781;-48,64765238;SPRF-SC;DEL01-SC;UOP01-DEL01-SC
638237;29/10/2024;terça-feira;17:20:00;PE;101;67;RECIFE;Ausência de reação do condutor;Colisão traseira;Sem Vítimas;Plena Noite;Crescente;Céu Claro;Dupla;Reta;Sim;3;0;0;0;2;1;0;2;-8,047415;-34,945161;SPRF-PE;DEL01-PE;UOP01-DEL01-PE
638238;29/10/2024;terça-feira;17:30:00;BA;242;416;SEABRA;Desrespeitar a preferência no cruzamento;Colisão transversal;Com Vítimas Feridas;Pleno dia;Crescente;Céu Claro;Simples;"Rotatória;Reta";Não;4;0;1;1;2;0;2;2;-12,42981176;-41,78832603;SPRF-BA;DEL06-BA;UOP01-DEL06-BA
638240;29/10/2024;terça-feira;17:30:00;RS;290;100;PORTO ALEGRE;Reação tardia ou ineficiente do condutor;Colisão traseira;Com Vítimas Feridas;Pleno dia;Decrescente;Céu Claro;Dupla;"Reta;Ponte";Não;4;0;1;0;3;0;1;4;-29,9883933;-51,23740196;SPRF-RS;DEL01-RS;UOP01-DEL01-RS
638241;29/10/2024;terça-feira;17:50:00;RS;386;336;MARQUES DE SOUZA;Manobra de mudança de faixa;Colisão lateral mesmo sentido;Com Vítimas Feridas;Pleno dia;Decrescente;Céu Claro;Dupla;"Reta;Aclive";Não;2;0;1;0;1;0;1;2;-29,38822;-52,043156;SPRF-RS;DEL04-RS;UOP01-DEL04-RS
638242;29/10/2024;terça-feira;15:30:00;MG;153;34;CANAPOLIS;Ausência de reação do condutor;Saída de leito carroçável;Com Vítimas Feridas;Pleno dia;Crescente;Chuva;Dupla;Reta;Não;2;0;1;0;1;0;1;1;-18,71074793;-49,13692422;SPRF-MG;DEL15-MG;UOP03-DEL15-MG