id;data_inversa;dia_semana;horario;uf;br;km;municipio;causa_acidente;tipo_acidente;classificacao_acidente;fase_dia;sentido_via;condicao_metereologica;tipo_pista;tracado_via;uso_solo;pessoas;mortos;feridos_leves;feridos_graves;ilesos;ignorados;feridos;veiculos;latitude;longitude;regional;delegacia;uop
638382;26/10/2024;sábado;18:50:00;RJ;493;1;ITABORAI;Conversão proibida;Colisão lateral sentido oposto;Com Vítimas Feridas;Plena Noite;Crescente;Chuva;Dupla;Reta;Sim;3;0;1;1;0;1;2;2;-22,76398788;-42,92731895;SPRF-RJ;DEL02-RJ;UOP02-DEL02-RJ
638384;30/10/2024;quarta-feira;10:00:00;RJ;40;85;PETROPOLIS;Pista Escorregadia;Queda de ocupante de veículo;Com Vítimas Feridas;Pleno dia;Decrescente;Nublado;Simples;"Curva;Aclive";Não;1;0;1;0;0;0;1;1;-22,52850694;-43,2349802;SPRF-RJ;DEL01-RJ;UOP01-DEL01-RJ
638385;08/07/2024;segunda-feira;20:00:00;MG;116;412,4;GOVERNADOR VALADARES;Pedestre - Ingestão de álcool/ substâncias psicoativas;Atropelamento de Pedestre;Com Vítimas Fatais;Plena Noite;Crescente;Ignorado;Simples;Reta;Sim;2;1;0;0;1;0;0;2;-18,87651798;-41,96419369;SPRF-MG;DEL06-MG;UOP01-DEL06-MG
638386;13/10/2024;domingo;20:00:00;SC;470;247,5;CURITIBANOS;Acessar a via sem observar a presença dos outros veículos;Colisão transversal;Com Vítimas Feridas;Plena Noite;Crescente;Nublado;Simples;Rotatória;Sim;3;0;1;0;1;1;1;2;-27,31262536;-50,56152528;SPRF-SC;DEL05-SC;UOP03-DEL05-SC
638387;23/09/2024;segunda-feira;22:40:00;MG;251;520,2;MONTES CLAROS;Transitar no Acostamento;Colisão lateral mesmo sentido;Com Vítimas Fatais;Plena Noite;Decrescente;Céu Claro;Simples;Reta;Não;2;2;0;0;0;0;0;2;-16,66570005;-43,78533097;SPRF-MG;DEL12-MG;UOP01-DEL12-MG
638388;30/10/2024;quarta-feira;13:30:00;PR;476;149;ARAUCARIA;Condutor deixou de manter distância do veículo da frente;Tombamento;Com Vítimas Feridas;Pleno dia;Crescente;Céu Claro;Dupla;Curva;Não;1;0;1;0;0;0;1;1;-25,557926;-49,358585;SPRF-PR;DEL01-PR;UOP06-DEL01-PR
638390;30/10/2024;quarta-feira;14:00:00;PR;277;669;MEDIANEIRA;Condutor deixou de manter distância do veículo da frente;Colisão traseira;Com Vítimas Feridas;Pleno dia;Decrescente;Céu Claro;Dupla;"Reta;Aclive";Sim;2;0;1;0;1;0;1;2;-25,2711991;-54,06317353;SPRF-PR;DEL05-PR;UOP02-DEL05-PR
638391;30/10/2024;quarta-feira;14:10:00;RS;471;508,9;RIO GRANDE;Velocidade Incompatível;Colisão traseira;Com Vítimas Feridas;Pleno dia;Crescente;Céu Claro;Simples;Reta;Não;2;0;1;1;0;0;2;2;-32,416332;-52,562019;SPRF-RS;DEL07-RS;UOP02-DEL07-RS
638393;30/10/2024;quarta-feira;12:50:00;RJ;40;104;DUQUE DE CAXIAS;Avarias e/ou desgaste excessivo no pneu;Tombamento;Com Vítimas Feridas;Pleno dia;Decrescente;Céu Claro;Dupla;Reta;Sim;2;0;1;0;1;0;1;1;-22,62897902;-43,28579508;SPRF-RJ;DEL01-RJ;UOP02-DEL01-RJ
638395;30/10/2024;quarta-feira;14:20:00;PB;230;27;JOAO PESSOA;Entrada inopinada do pedestre;Atropelamento de Pedestre;Com Vítimas Feridas;Pleno dia;Crescente;Céu Claro;Dupla;Reta;Sim;2;0;1;0;0;1;1;2;-7,1677;-34,8855;SPRF-PB;DEL01-PB;UOP01-DEL01-PB
638396;30/10/2024;quarta-feira;14:50:00;SC;101;209,5;SAO JOSE;Acesso irregular;Colisão transversal;Com Vítimas Feridas;Pleno dia;Crescente;Nublado;Dupla;Interseção de Vias;Sim;2;0;2;0;0;0;2;2;-27,61000542;-48,63895057;SPRF-SC;DEL01-SC;UOP01-DEL01-SC
638398;10/10/2024;quinta-feira;21:00:00;RS;158;326;SANTA MARIA;Acumulo de areia ou detritos sobre o pavimento;Tombamento;Com Vítimas Feridas;Plena Noite;Crescente;Chuva;Simples;Rotatória;Sim;1;0;0;1;0;0;1;1;-29,71459407;-53,80917907;SPRF-RS;DEL09-RS;UOP01-DEL09-RS
638399;30/10/2024;quarta-feira;15:15:00;PR;277;19,1;MORRETES;Reação tardia ou ineficiente do condutor;Saída de leito carroçável;Com Vítimas Feridas;Pleno dia;Decrescente;Sol;Dupla;Reta;Não;2;0;2;0;0;0;2;1;-25,55787847;-48,65324572;SPRF-PR;DEL01-PR;UOP05-DEL01-PR
638400;30/10/2024;quarta-feira;13:20:00;MG;381;846;POUSO ALEGRE;Reação tardia ou ineficiente do condutor;Colisão traseira;Sem Vítimas;Pleno dia;Crescente;Céu Claro;Dupla;"Reta;Ponte";Não;4;0;0;0;4;0;0;2;-22,229838;-45,876144;SPRF-MG;DEL16-MG;UOP01-DEL16-MG
638402;30/10/2024;quarta-feira;14:07:00;BA;324;517;FEIRA DE SANTANA;Acesso irregular;Colisão transversal;Com Vítimas Feridas;Pleno dia;Crescente;Céu Claro;Simples;Reta;Sim;3;0;2;0;1;0;2;2;-12,248945;-38,933625;SPRF-BA;DEL02-BA;UOP01-DEL02-BA
638404;30/10/2024;quarta-feira;15:00:00;AL;104;24,5;UNIAO DOS PALMARES;Acessar a via sem observar a presença dos outros veículos;Colisão lateral sentido oposto;Com Vítimas Feridas;Pleno dia;Crescente;Céu Claro;Simples;Reta;Não;2;0;1;0;1;0;1;2;-9,08162599;-36,04987705;SPRF-AL;DEL01-AL;UOP02-DEL01-AL
638406;30/10/2024;quarta-feira;14:00:00;PR;163;286;MARECHAL CANDIDO RONDON;Ausência de reação do condutor;Saída de leito carroçável;Com Vítimas Feridas;Pleno dia;Decrescente;Céu Claro;Simples;Curva;Não;1;0;1;0;0;0;1;1;-24,568102;-54,034168;SPRF-PR;DEL06-PR;UOP02-DEL06-PR
638407;30/10/2024;quarta-feira;14:45:00;RS;285;306,1;PASSO FUNDO;Condutor deixou de manter distância do veículo da frente;Colisão traseira;Com Vítimas Feridas;Pleno dia;Decrescente;Céu Claro;Simples;"Retorno Regulamentado;Reta;Aclive";Não;4;0;2;0;2;0;2;2;-28,228838;-52,497044;SPRF-RS;DEL08-RS;UOP03-DEL08-RS
638408;30/10/2024;quarta-feira;14:10:00;SC;101;102,3;BALNEARIO PICARRAS;Ausência de reação do condutor;Tombamento;Com Vítimas Feridas;Pleno dia;Decrescente;Céu Claro;Simples;Reta;Não;1;0;1;0;0;0;1;1;-26,77383397;-48,68594062;SPRF-SC;DEL03-SC;UOP02-DEL03-SC
638409;30/10/2024;quarta-feira;15:00:00;PR;116;105,7;SAO JOSE DOS PINHAIS;Demais falhas mecânicas ou elétricas;Incêndio;Sem Vítimas;Pleno dia;Decrescente;Céu Claro;Dupla;Reta;Não;2;0;0;0;2;0;0;1;-25,570993;-49,2134;SPRF-PR;DEL01-PR;UOP07-DEL01-PR
638410;30/10/2024;quarta-feira;15:30:00;RJ;101;470;ANGRA DOS REIS;Acesso irregular;Colisão transversal;Com Vítimas Feridas;Pleno dia;Crescente;Céu Claro;Simples;"Retorno Regulamentado;Reta";Não;2;0;1;0;1;0;1;2;-23,00442922;-44,23009579;SPRF-RJ;DEL03-RJ;UOP03-DEL03-RJ
638411;30/10/2024;quarta-feira;15:15:00;PR;277;78;SAO JOSE DOS PINHAIS;Manobra de mudança de faixa;Colisão lateral mesmo sentido;Com Vítimas Feridas;Pleno dia;Decrescente;Céu Claro;Dupla;Reta;Sim;3;0;1;0;1;1;1;3;-25,4832839;-49,19148445;SPRF-PR;DEL01-PR;UOP07-DEL01-PR
638413;23/07/2024;terça-feira;13:15:00;RS;116;253;SAPUCAIA DO SUL;Reação tardia ou ineficiente do condutor;Colisão lateral mesmo sentido;Com Vítimas Feridas;Pleno dia;Decrescente;Céu Claro;Dupla;"Aclive;Em Obras;Viaduto;Reta";Sim;2;0;1;0;1;0;1;2;-29,81784209;-51,16996166;SPRF-RS;DEL01-RS;UOP02-DEL01-RS
638415;30/10/2024;quarta-feira;15:45:00;RJ;101;297;ITABORAI;Reação tardia ou ineficiente do condutor;Tombamento;Com Vítimas Feridas;Pleno dia;Crescente;Céu Claro;Dupla;"Curva;Retorno Regulamentado;Interseção de Vias";Sim;1;0;1;0;0;0;1;1;-22,76942037;-42,91873581;SPRF-RJ;DEL02-RJ;UOP02-DEL02-RJ
638417;30/10/2024;quarta-feira;15:40:00;RJ;101;321;NITEROI;Manobra de mudança de faixa;Colisão lateral mesmo sentido;Com Vítimas Feridas;Pleno dia;Decrescente;Céu Claro;Dupla;Curva;Sim;3;0;2;0;0;1;2;2;-22,86981096;-43,11046465;SPRF-RJ;DEL02-RJ;UOP01-DEL02-RJ
638419;30/10/2024;quarta-feira;15:45:00;RN;226;2,9;NATAL;Condutor deixou de manter distância do veículo da frente;Colisão traseira;Com Vítimas Feridas;Pleno dia;Decrescente;Sol;Simples;Reta;Sim;2;0;1;0;1;0;1;2;-5,81364934;-35,2466547;SPRF-RN;DEL01-RN;UOP02-DEL01-RN
638420;30/10/2024;quarta-feira;16:15:00;GO;40;40,2;LUZIANIA;Chuva;Tombamento;Com Vítimas Feridas;Pleno dia;Decrescente;Chuva;Simples;"Reta;Aclive";Não;1;0;0;1;0;0;1;1;-16,360287;-47,830487;SPRF-DF;DEL01-DF;UOP02-DEL01-DF
638422;30/10/2024;quarta-feira;17:00:00;AL;316;254,8;PILAR;Acessar a via sem observar a presença dos outros veículos;Colisão transversal;Com Vítimas Feridas;Pleno dia;Decrescente;Céu Claro;Simples;Reta;Sim;3;0;1;1;0;1;2;2;-9,59085179;-35,94104899;SPRF-AL;DEL02-AL;UOP01-DEL02-AL
638423;30/10/2024;quarta-feira;17:00:00;ES;101;262;SERRA;Reação tardia ou ineficiente do condutor;Tombamento;Com Vítimas Feridas;Pleno dia;Crescente;Garoa/Chuvisco;Dupla;Reta;Sim;1;0;1;0;0;0;1;1;-20,1572331;-40,27678329;SPRF-ES;DEL02-ES;UOP01-DEL02-ES
638424;30/10/2024;quarta-feira;11:35:00;MG;251;203;CACHOEIRA DE PAJEU;Reação tardia ou ineficiente do condutor;Saída de leito carroçável;Com Vítimas Feridas;Pleno dia;Decrescente;Nublado;Simples;"Reta;Declive";Não;1;0;1;0;0;0;1;1;-15,86237765;-41,50581558;SPRF-MG;DEL12-MG;UOP02-DEL12-MG
638425;30/10/2024;quarta-feira;16:30:00;MG;40;515;RIBEIRAO DAS NEVES;Reação tardia ou ineficiente do condutor;Colisão traseira;Com Vítimas Feridas;Pleno dia;Crescente;Céu Claro;Múltipla;Reta;Sim;2;0;1;0;1;0;1;2;-19,8090079;-44,09493479;SPRF-MG;DEL01-MG;UOP02-DEL01-MG
638426;30/10/2024;quarta-feira;16:56:00;RS;392;20,5;RIO GRANDE;Manobra de mudança de faixa;Colisão traseira;Com Vítimas Feridas;Pleno dia;Crescente;Céu Claro;Dupla;Curva;Sim;3;0;2;0;1;0;2;2;-32,08573295;-52,19690099;SPRF-RS;DEL07-RS;UOP02-DEL07-RS
638427;24/10/2024;quinta-feira;17:40:00;MS;463;7,9;DOURADOS;Entrada inopinada do pedestre;Atropelamento de Pedestre;Com Vítimas Feridas;Anoitecer;Crescente;Nublado;Simples;Reta;Sim;2;0;1;0;0;1;1;2;-22,25452209;-54,87110502;SPRF-MS;DEL04-MS;UOP03-DEL04-MS
638430;30/10/2024;quarta-feira;17:20:00;MG;40;514;RIBEIRAO DAS NEVES;Manobra de mudança de faixa;Colisão lateral mesmo sentido;Com Vítimas Feridas;Pleno dia;Crescente;Nublado;Dupla;Reta;Sim;2;0;0;1;1;0;1;2;-19,80151928;-44,10000333;SPRF-MG;DEL01-MG;UOP02-DEL01-MG
638431;30/10/2024;quarta-feira;16:58:00;RN;304;301;MACAIBA;Manobra de mudança de faixa;Colisão traseira;Com Vítimas Feridas;Anoitecer;Crescente;Céu Claro;Dupla;Reta;Não;2;0;1;0;1;0;1;2;-5,87657067;-35,30647289;SPRF-RN;DEL01-RN;UOP02-DEL01-RN
638432;30/10/2024;quarta-feira;15:40:00;MG;381;847,2;POUSO ALEGRE;Reação tardia ou ineficiente do condutor;Colisão traseira;Com Vítimas Feridas;Pleno dia;Decrescente;Nublado;Dupla;Reta;Não;2;0;1;0;1;0;1;2;-22,21527121;-45,86919022;SPRF-MG;DEL16-MG;UOP01-DEL16-MG
638435;30/10/2024;quarta-feira;18:10:00;RS;290;11;OSORIO;Demais falhas mecânicas ou elétricas;Incêndio;Sem Vítimas;Pleno dia;Decrescente;Nublado;Dupla;Reta;Não;1;0;0;0;1;0;0;1;-29,888996;-50,383354;SPRF-RS;DEL03-RS;UOP01-DEL03-RS
638436;30/10/2024;quarta-feira;17:30:00;RN;405;183;MAJOR SALES;Transitar na contramão;Colisão lateral sentido oposto;Com Vítimas Feridas;Pleno dia;Decrescente;Céu Claro;Simples;Reta;Não;3;0;0;2;1;0;2;2;-6,37657682;-38,30021422;SPRF-RN;DEL04-RN;UOP02-DEL04-RN
638438;30/10/2024;quarta-feira;17:40:00;PB;230;170;CAMPINA GRANDE;Acessar a via sem observar a presença dos outros veículos;Colisão transversal;Com Vítimas Feridas;Anoitecer;Crescente;Nublado;Simples;"Curva;Em Obras";Não;2;0;0;1;1;0;1;2;-7,1806;-35,9873;SPRF-PB;DEL02-PB;UOP02-DEL02-PB
638439;30/10/2024;quarta-feira;18:00:00;RS;285;456,2;IJUI;Acessar a via sem observar a presença dos outros veículos;Colisão transversal;Com Vítimas Feridas;Pleno dia;Crescente;Céu Claro;Simples;Reta;Sim;2;0;0;1;1;0;1;2;-28,38707751;-53,8905251;SPRF-RS;DEL10-RS;UOP01-DEL10-RS
638441;30/10/2024;quarta-feira;18:00:00;GO;153;502;GOIANIA;Condutor deixou de manter distância do veículo da frente;Colisão lateral mesmo sentido;Com Vítimas Feridas;Anoitecer;Crescente;Céu Claro;Múltipla;Reta;Sim;2;0;1;0;1;0;1;2;-16,7287;-49,2424;SPRF-GO;DEL01-GO;UOP01-DEL01-GO
638442;30/10/2024;quarta-feira;16:50:00;SC;101;92,7;BARRA VELHA;Mal súbito do condutor;Colisão com objeto;Com Vítimas Feridas;Pleno dia;Decrescente;Céu Claro;Dupla;Reta;Não;1;0;1;0;0;0;1;1;-26,6806041;-48,6931497;SPRF-SC;DEL03-SC;UOP02-DEL03-SC
638443;30/10/2024;quarta-feira;18:30:00;PE;104;67;CARUARU;Animais na Pista;Atropelamento de Animal;Com Vítimas Feridas;Plena Noite;Crescente;Céu Claro;Dupla;Reta;Sim;1;0;1;0;0;0;1;1;-8,3016;-35,9882;SPRF-PE;DEL02-PE;UOP01-DEL02-PE
638444;30/10/2024;quarta-feira;17:40:00;SC;470;149;AGRONOMICA;Acessar a via sem observar a presença dos outros veículos;Colisão transversal;Com Vítimas Feridas;Anoitecer;Decrescente;Chuva;Dupla;Reta;Não;2;0;1;0;1;0;1;2;-27,252104;-49,702129;SPRF-SC;DEL04-SC;UOP02-DEL04-SC
638445;30/10/2024;quarta-feira;14:40:00;AM;317;452;BOCA DO ACRE;Manobra de mudança de faixa;Colisão lateral mesmo sentido;Com Vítimas Feridas;Pleno dia;Crescente;Céu Claro;Simples;Reta;Não;7;0;1;0;6;0;1;2;-9,03767992;-67,21531883;SPRF-AC;DEL01-AC;UOP01-DEL01-AC
638446;30/10/2024;quarta-feira;18:30:00;BA;324;610;SIMOES FILHO;Acesso irregular;Atropelamento de Pedestre;Com Vítimas Feridas;Plena Noite;Decrescente;Céu Claro;Dupla;Reta;Não;2;0;1;0;0;1;1;2;-12,82931703;-38,41113193;SPRF-BA;DEL01-BA;UOP01-DEL01-BA
638447;30/10/2024;quarta-feira;18:01:00;RN;304;31,1;MOSSORO;Condutor deixou de manter distância do veículo da frente;Colisão traseira;Com Vítimas Feridas;Plena Noite;Crescente;Vento;Simples;Reta;Sim;3;0;1;0;1;1;1;3;-5,12587296;-37,34293919;SPRF-RN;DEL04-RN;UOP02-DEL04-RN
638448;30/10/2024;quarta-feira;18:40:00;BA;116;10;VITORIA DA CONQUISTA;Iluminação deficiente;Colisão frontal;Com Vítimas Feridas;Plena Noite;Crescente;Céu Claro;Simples;"Declive;Reta";Sim;1;0;1;0;0;0;1;1;-14,851;-40,8485;SPRF-BA;DEL08-BA;UOP01-DEL08-BA
638449;30/10/2024;quarta-feira;18:40:00;ES;101;273;SERRA;Demais falhas na via;Queda de ocupante de veículo;Com Vítimas Feridas;Plena Noite;Crescente;Chuva;Dupla;Reta;Não;1;0;1;0;0;0;1;1;-20,22029207;-40,29048811;SPRF-ES;DEL02-ES;UOP01-DEL02-ES
638450;30/10/2024;quarta-feira;18:00:00;SC;470;49,7;BLUMENAU;Ausência de reação do condutor;Colisão lateral mesmo sentido;Com Vítimas Feridas;Anoitecer;Decrescente;Céu Claro;Dupla;Reta;Não;4;0;0;1;1;2;1;3;-26,860662;-49,065159;SPRF-SC;DEL04-SC;UOP01-DEL04-SC
638452;30/10/2024;quarta-feira;17:00:00;MT;163;117;RONDONOPOLIS;Ausência de reação do condutor;Queda de ocupante de veículo;Com Vítimas Feridas;Anoitecer;Crescente;Chuva;Dupla;Reta;Não;1;0;1;0;0;0;1;1;-16,52182818;-54,65882461;SPRF-MT;DEL02-MT;UOP01-DEL02-MT
638453;30/10/2024;quarta-feira;18:00:00;RS;285;338;CARAZINHO;Acessar a via sem observar a presença dos outros veículos;Colisão transversal;Com Vítimas Feridas;Pleno dia;Decrescente;Céu Claro;Simples;Reta;Não;2;0;1;0;1;0;1;2;-28,315704;-52,779015;SPRF-RS;DEL08-RS;UOP03-DEL08-RS
638455;30/10/2024;quarta-feira;19:10:00;PA;316;61;CASTANHAL;Reação tardia ou ineficiente do condutor;Colisão traseira;Com Vítimas Feridas;Plena Noite;Crescente;Céu Claro;Dupla;Reta;Sim;3;0;1;0;2;0;1;3;-1,29686015;-47,94639002;SPRF-PA;DEL01-PA;UOP01-DEL01-PA
638456;30/10/2024;quarta-feira;19:00:00;RS;116;150,4;CAXIAS DO SUL;Manobra de mudança de faixa;Colisão lateral mesmo sentido;Com Vítimas Feridas;Plena Noite;Crescente;Céu Claro;Dupla;Reta;Sim;3;0;1;0;2;0;1;2;-29,168428;-51,158337;SPRF-RS;DEL05-RS;UOP01-DEL05-RS
638457;30/10/2024;quarta-feira;19:28:00;PE;101;76;RECIFE;Pedestre cruzava a pista fora da faixa;Atropelamento de Pedestre;Com Vítimas Feridas;Plena Noite;Decrescente;Céu Claro;Dupla;Reta;Sim;2;0;0;2;0;0;2;2;-8,11813811;-34,94329214;SPRF-PE;DEL01-PE;UOP01-DEL01-PE
638458;30/10/2024;quarta-feira;18:35:00;PE;408;89,4;SAO LOURENCO DA MATA;Condutor deixou de manter distância do veículo da frente;Colisão traseira;Com Vítimas Feridas;Plena Noite;Crescente;Céu Claro;Dupla;"Retorno Regulamentado;Declive";Não;2;0;1;0;1;0;1;2;-7,98319459;-35,0799036;SPRF-PE;DEL01-PE;UOP01-DEL01-PE
638459;30/10/2024;quarta-feira;17:30:00;RS;285;126,3;VACARIA;Condutor deixou de manter distância do veículo da frente;Colisão traseira;Com Vítimas Feridas;Pleno dia;Decrescente;Céu Claro;Simples;Curva;Sim;2;0;1;0;1;0;1;2;-28,476643;-50,96656;SPRF-RS;DEL05-RS;UOP03-DEL05-RS
638460;30/10/2024;quarta-feira;18:15:00;BA;324;513;FEIRA DE SANTANA;Manobra de mudança de faixa;Colisão frontal;Com Vítimas Feridas;Plena Noite;Decrescente;Céu Claro;Simples;Reta;Sim;3;0;2;0;1;0;2;2;-12,23098007;-38,96101401;SPRF-BA;DEL02-BA;UOP01-DEL02-BA
638461;30/10/2024;quarta-feira;19:25:00;AL;104;93;RIO LARGO;Acessar a via sem observar a presença dos outros veículos;Colisão transversal;Com Vítimas Feridas;Plena Noite;Crescente;Céu Claro;Dupla;Reta;Sim;2;0;1;0;1;0;1;2;-9,52891696;-35,79807693;SPRF-AL;DEL01-AL;UOP01-DEL01-AL
638462;16/09/2024;segunda-feira;16:15:00;SP;116;538;BARRA DO TURVO;Reação tardia ou ineficiente do condutor;Colisão com objeto;Com Vítimas Feridas;Pleno dia;Crescente;Chuva;Dupla;Curva;Não;3;0;1;0;1;1;1;2;-24,97172153;-48,37309592;SPRF-SP;DEL05-SP;UOP02-DEL05-SP
638466;30/10/2024;quarta-feira;20:00:00;SC;280;20,5;BALNEARIO BARRA DO SUL;Acessar a via sem observar a presença dos outros veículos;Atropelamento de Pedestre;Com Vítimas Feridas;Plena Noite;Decrescente;Chuva;Simples;"Retorno Regulamentado;Interseção de Vias";Sim;2;0;0;1;1;0;1;2;-26,37024737;-48,68781795;SPRF-SC;DEL03-SC;UOP03-DEL03-SC
638468;30/10/2024;quarta-feira;21:00:00;SP;116;219;GUARULHOS;Ausência de reação do condutor;Colisão com objeto;Com Vítimas Feridas;Plena Noite;Crescente;Nublado;Múltipla;Reta;Sim;1;0;1;0;0;0;1;1;-23,46143954;-46,48885316;SPRF-SP;DEL01-SP;UOP01-DEL01-SP
638469;30/10/2024;quarta-feira;18:30:00;MS;163;265;DOURADOS;Ausência de reação do condutor;Colisão lateral mesmo sentido;Com Vítimas Feridas;Plena Noite;Decrescente;Céu Claro;Dupla;Rotatória;Sim;2;0;1;0;1;0;1;2;-22,222698;-54,73128;SPRF-MS;DEL04-MS;UOP01-DEL04-MS
638471;30/10/2024;quarta-feira;17:45:00;SC;282;549,9;CHAPECO;Velocidade Incompatível;Colisão frontal;Com Vítimas Feridas;Pleno dia;Decrescente;Céu Claro;Simples;Curva;Não;3;0;2;0;1;0;2;2;-26,961639;-52,763805;SPRF-SC;DEL07-SC;UOP01-DEL07-SC
638473;30/10/2024;quarta-feira;21:00:00;MG;381;324;NOVA ERA;Pedestre andava na pista;Atropelamento de Pedestre;Com Vítimas Feridas;Plena Noite;Decrescente;Chuva;Dupla;Declive;Não;2;0;2;0;0;0;2;2;-19,759028;-43,028651;SPRF-MG;DEL03-MG;UOP02-DEL03-MG
638475;30/10/2024;quarta-feira;21:25:00;SC;101;215;PALHOCA;Reação tardia ou ineficiente do condutor;Colisão transversal;Com Vítimas Feridas;Plena Noite;Crescente;Chuva;Simples;Rotatória;Sim;2;0;1;0;1;0;1;2;-27,65184843;-48,67604941;SPRF-SC;DEL01-SC;UOP02-DEL01-SC
638476;30/10/2024;quarta-feira;17:15:00;PI;407;468;JAICOS;Acessar a via sem observar a presença dos outros veículos;Colisão transversal;Com Vítimas Feridas;Pleno dia;Decrescente;Céu Claro;Simples;Reta;Sim;2;0;1;1;0;0;2;2;-7,35578579;-41,14420411;SPRF-PI;DEL04-PI;UOP01-DEL04-PI
638478;30/10/2024;quarta-feira;18:20:00;RS;285;301;PASSO FUNDO;Manobra de mudança de faixa;Colisão transversal;Com Vítimas Feridas;Anoitecer;Decrescente;Céu Claro;Simples;Reta;Não;2;0;1;0;1;0;1;2;-28,229494;-52,441837;SPRF-RS;DEL08-RS;UOP03-DEL08-RS
638479;30/10/2024;quarta-feira;21:40:00;RS;101;13,2;DOM PEDRO DE ALCANTARA;Ingestão de álcool pelo condutor;Tombamento;Com Vítimas Feridas;Plena Noite;Crescente;Nublado;Múltipla;Reta;Sim;1;0;1;0;0;0;1;1;-29,39406321;-49,8452515;SPRF-RS;DEL03-RS;UOP02-DEL03-RS
638481;30/10/2024;quarta-feira;20:50:00;PI;343;343;TERESINA;Acessar a via sem observar a presença dos outros veículos;Colisão lateral mesmo sentido;Com Vítimas Feridas;Plena Noite;Crescente;Céu Claro;Simples;Reta;Sim;2;0;0;1;1;0;1;2;-5,087362;-42,757851;SPRF-PI;DEL01-PI;UOP01-DEL01-PI
638482;30/10/2024;quarta-feira;20:00:00;SC;470;58,1;BLUMENAU;Ingestão de álcool pelo condutor;Colisão transversal;Sem Vítimas;Plena Noite;Decrescente;Nublado;Simples;Reta;Sim;2;0;0;0;2;0;0;2;-26,883879;-49,145622;SPRF-SC;DEL04-SC;UOP01-DEL04-SC
638484;30/10/2024;quarta-feira;18:30:00;PI;316;313;PICOS;Conversão proibida;Colisão traseira;Com Vítimas Feridas;Plena Noite;Crescente;Céu Claro;Simples;Reta;Sim;2;0;1;0;1;0;1;2;-7,07959049;-41,44975182;SPRF-PI;DEL04-PI;UOP01-DEL04-PI
638487;30/10/2024;quarta-feira;21:28:00;SC;282;534,5;CORDILHEIRA ALTA;Ultrapassagem Indevida;Colisão lateral sentido oposto;Com Vítimas Feridas;Plena Noite;Crescente;Nublado;Simples;Reta;Não;2;0;1;0;1;0;1;2;-26,99627542;-52,63973057;SPRF-SC;DEL07-SC;UOP01-DEL07-SC
638489;30/10/2024;quarta-feira;17:50:00;MT;70;669,8;CACERES;Velocidade Incompatível;Saída de leito carroçável;Com Vítimas Feridas;Pleno dia;Decrescente;Sol;Simples;Reta;Não;2;0;0;2;0;0;2;1;-16,04148578;-57,25884017;SPRF-MT;DEL03-MT;UOP02-DEL03-MT
638492;30/10/2024;quarta-feira;23:45:00;DF;40;2;BRASILIA;Velocidade Incompatível;Capotamento;Sem Vítimas;Plena Noite;Decrescente;Céu Claro;Dupla;Reta;Sim;1;0;0;0;1;0;0;1;-15,99435;-47,985947;SPRF-DF;DEL01-DF;UOP01-DEL01-DF
638493;30/10/2024;quarta-feira;23:20:00;CE;116;11;FORTALEZA;Reação tardia ou ineficiente do condutor;Colisão traseira;Sem Vítimas;Plena Noite;Crescente;Céu Claro;Dupla;Reta;Sim;2;0;0;0;2;0;0;2;-3,84394724;-38,49891546;SPRF-CE;DEL01-CE;UOP02-DEL01-CE
638494;30/10/2024;quarta-feira;23:00:00;PR;163;8;BARRACAO;Ingestão de álcool pelo condutor;Colisão transversal;Com Vítimas Feridas;Plena Noite;Crescente;Ignorado;Simples;Reta;Sim;2;0;1;0;1;0;1;2;-26,25066;-53,635523;SPRF-PR;DEL02-PR;UOP02-DEL02-PR
638495;31/10/2024;quinta-feira;00:00:00;GO;60;56;ABADIANIA;Ausência de reação do condutor;Saída de leito carroçável;Com Vítimas Feridas;Plena Noite;Decrescente;Nublado;Dupla;Declive;Não;2;0;1;1;0;0;2;1;-16,1894;-48,67;SPRF-GO;DEL02-GO;UOP01-DEL02-GO
638496;30/10/2024;quarta-feira;23:10:00;PI;343;4,7;TERESINA;Ausência de reação do condutor;Colisão traseira;Com Vítimas Feridas;Plena Noite;Decrescente;Céu Claro;Dupla;Reta;Sim;2;0;1;0;0;1;1;1;-5,089569;-42,802288;SPRF-PI;DEL01-PI;UOP01-DEL01-PI
638498;31/10/2024;quinta-feira;01:35:00;CE;116;29;ITAITINGA;Velocidade Incompatível;Colisão com objeto;Com Vítimas Feridas;Plena Noite;Crescente;Céu Claro;Dupla;Reta;Não;1;0;0;1;0;0;1;1;-4,00202799;-38,51692006;SPRF-CE;DEL01-CE;UOP02-DEL01-CE
638499;30/10/2024;quarta-feira;23:00:00;MT;163;863,5;SINOP;Animais na Pista;Atropelamento de Animal;Sem Vítimas;Plena Noite;Crescente;Garoa/Chuvisco;Simples;Reta;Não;2;0;0;0;2;0;0;1;-11,60508849;-55,42866837;SPRF-MT;DEL06-MT;UOP02-DEL06-MT
638502;31/10/2024;quinta-feira;00:20:00;ES;262;185,6;IRUPI;Ingestão de álcool pelo condutor;Tombamento;Com Vítimas Feridas;Plena Noite;Crescente;Céu Claro;Simples;Reta;Não;1;0;1;0;0;0;1;1;-20,30124092;-41,70881035;SPRF-ES;DEL01-ES;UOP02-DEL01-ES