id;data_inversa;dia_semana;horario;uf;br;km;municipio;causa_acidente;tipo_acidente;classificacao_acidente;fase_dia;sentido_via;condicao_metereologica;tipo_pista;tracado_via;uso_solo;pessoas;mortos;feridos_leves;feridos_graves;ilesos;ignorados;feridos;veiculos;latitude;longitude;regional;delegacia;uop
638503;31/10/2024;quinta-feira;04:00:00;GO;153;635;MORRINHOS;Acessar a via sem observar a presença dos outros veículos;Colisão transversal;Com Vítimas Feridas;Plena Noite;Decrescente;Céu Claro;Dupla;Reta;Não;2;0;0;1;0;1;1;2;-17,8366;-49,2167;SPRF-GO;DEL03-GO;UOP01-DEL03-GO
638504;31/10/2024;quinta-feira;02:55:00;MG;116;512,8;UBAPORANGA;Velocidade Incompatível;Queda de ocupante de veículo;Com Vítimas Feridas;Plena Noite;Crescente;Nublado;Simples;Reta;Não;1;0;1;0;0;0;1;1;-19,66095102;-42,11695495;SPRF-MG;DEL06-MG;UOP02-DEL06-MG
638506;31/10/2024;quinta-feira;04:00:00;MG;40;528;CONTAGEM;Ingestão de álcool pelo condutor;Colisão com objeto;Sem Vítimas;Plena Noite;Decrescente;Céu Claro;Dupla;Reta;Sim;1;0;0;0;0;1;0;1;-19,90883179;-44,04436577;SPRF-MG;DEL01-MG;UOP02-DEL01-MG
638508;30/10/2024;quarta-feira;18:30:00;RJ;101;403;ITAGUAI;Acessar a via sem observar a presença dos outros veículos;Atropelamento de Pedestre;Com Vítimas Feridas;Plena Noite;Crescente;Nublado;Dupla;Reta;Não;2;0;0;1;1;0;1;2;-22,85924449;-43,79010059;SPRF-RJ;DEL03-RJ;UOP01-DEL03-RJ
638509;30/10/2024;quarta-feira;22:10:00;RS;470;221;GARIBALDI;Reação tardia ou ineficiente do condutor;Tombamento;Com Vítimas Feridas;Plena Noite;Crescente;Céu Claro;Simples;Reta;Sim;1;0;1;0;0;0;1;1;-29,19516365;-51,51950463;SPRF-RS;DEL06-RS;UOP01-DEL06-RS
638510;31/10/2024;quinta-feira;06:10:00;RJ;116;61;TERESOPOLIS;Reação tardia ou ineficiente do condutor;Tombamento;Com Vítimas Feridas;Pleno dia;Crescente;Céu Claro;Simples;Curva;Sim;1;0;1;0;0;0;1;1;-22,255079;-42,920729;SPRF-RJ;DEL04-RJ;UOP01-DEL04-RJ
638511;31/10/2024;quinta-feira;05:40:00;PR;476;161;ARAUCARIA;Pista Escorregadia;Saída de leito carroçável;Com Vítimas Feridas;Amanhecer;Crescente;Nublado;Simples;Reta;Não;1;0;1;0;0;0;1;1;-25,622871;-49,447582;SPRF-PR;DEL01-PR;UOP06-DEL01-PR
638512;31/10/2024;quinta-feira;05:50:00;PR;116;12,8;COLOMBO;Reação tardia ou ineficiente do condutor;Tombamento;Com Vítimas Feridas;Pleno dia;Crescente;Nublado;Dupla;Declive;Sim;2;0;1;0;1;0;1;1;-25,3760872;-49,15169477;SPRF-PR;DEL01-PR;UOP02-DEL01-PR
638513;05/09/2024;quinta-feira;13:15:00;RJ;101;331;RIO DE JANEIRO;Manobra de mudança de faixa;Colisão lateral mesmo sentido;Com Vítimas Feridas;Pleno dia;Crescente;Céu Claro;Múltipla;Reta;Sim;2;0;1;0;0;1;1;2;-22,867662;-43,195337;SPRF-RJ;DEL02-RJ;UOP01-DEL02-RJ
638514;31/10/2024;quinta-feira;00:15:00;MG;40;699,7;BARBACENA;Condutor Dormindo;Colisão com objeto;Com Vítimas Feridas;Plena Noite;Decrescente;Céu Claro;Dupla;"Reta;Declive";Sim;1;0;0;1;0;0;1;1;-21,20220496;-43,74917507;SPRF-MG;DEL05-MG;UOP02-DEL05-MG
638516;31/10/2024;quinta-feira;06:50:00;RS;290;86,5;PORTO ALEGRE;Ultrapassagem Indevida;Colisão lateral mesmo sentido;Com Vítimas Feridas;Pleno dia;Crescente;Céu Claro;Dupla;Curva;Não;3;0;2;0;1;0;2;2;-29,968412;-51,117138;SPRF-RS;DEL01-RS;UOP01-DEL01-RS
638517;31/10/2024;quinta-feira;06:40:00;SC;101;203;SAO JOSE;Manobra de mudança de faixa;Colisão traseira;Com Vítimas Feridas;Pleno dia;Crescente;Céu Claro;Múltipla;Reta;Sim;2;0;1;0;0;1;1;2;-27,5650044;-48,61460082;SPRF-SC;DEL01-SC;UOP01-DEL01-SC
638518;31/10/2024;quinta-feira;07:00:00;PI;343;3,3;PARNAIBA;Desrespeitar a preferência no cruzamento;Colisão transversal;Com Vítimas Feridas;Pleno dia;Crescente;Céu Claro;Simples;Curva;Não;2;0;2;0;0;0;2;2;-2,90124;-41,680931;SPRF-PI;DEL05-PI;UOP01-DEL05-PI
638519;31/10/2024;quinta-feira;07:10:00;RN;101;108;PARNAMIRIM;Acostamento em desnível;Queda de ocupante de veículo;Com Vítimas Feridas;Pleno dia;Decrescente;Céu Claro;Múltipla;Reta;Sim;1;0;1;0;0;0;1;1;-5,92693596;-35,26463863;SPRF-RN;DEL01-RN;UOP01-DEL01-RN
638520;31/10/2024;quinta-feira;05:20:00;SC;282;589,7;PINHALZINHO;Transitar na contramão;Colisão lateral sentido oposto;Com Vítimas Feridas;Amanhecer;Crescente;Céu Claro;Simples;"Declive;Reta";Não;2;0;0;1;1;0;1;2;-26,82596;-53,062588;SPRF-SC;DEL07-SC;UOP02-DEL07-SC
638522;31/10/2024;quinta-feira;07:10:00;MG;50;152;UBERABA;Ausência de reação do condutor;Saída de leito carroçável;Com Vítimas Feridas;Pleno dia;Crescente;Céu Claro;Dupla;"Curva;Declive";Não;1;0;0;1;0;0;1;1;-19,58265703;-48,03133923;SPRF-MG;DEL13-MG;UOP01-DEL13-MG
638523;31/10/2024;quinta-feira;06:30:00;GO;60;259;INDIARA;Condutor Dormindo;Saída de leito carroçável;Com Vítimas Feridas;Amanhecer;Crescente;Nublado;Dupla;"Curva;Declive";Não;1;0;0;1;0;0;1;1;-17,16369261;-50,04381895;SPRF-GO;DEL01-GO;UOP02-DEL01-GO
638524;31/10/2024;quinta-feira;06:54:00;MS;163;280;DOURADOS;Reação tardia ou ineficiente do condutor;Queda de ocupante de veículo;Com Vítimas Feridas;Pleno dia;Crescente;Céu Claro;Dupla;Reta;Sim;1;0;0;1;0;0;1;1;-22,13794223;-54,61956683;SPRF-MS;DEL04-MS;UOP01-DEL04-MS
638525;31/10/2024;quinta-feira;07:20:00;ES;101;269;SERRA;Ausência de reação do condutor;Queda de ocupante de veículo;Com Vítimas Feridas;Pleno dia;Crescente;Chuva;Dupla;Reta;Sim;2;0;1;0;1;0;1;1;-20,21740496;-40,26990578;SPRF-ES;DEL02-ES;UOP01-DEL02-ES
638526;31/10/2024;quinta-feira;06:27:00;RS;472;174,3;SANTA ROSA;Manobra de mudança de faixa;Colisão frontal;Com Vítimas Feridas;Pleno dia;Decrescente;Céu Claro;Simples;Reta;Sim;3;0;1;1;0;1;2;3;-27,85850042;-54,50104006;SPRF-RS;DEL10-RS;UOP01-DEL10-RS
638530;31/10/2024;quinta-feira;06:50:00;RJ;116;130;MAGE;Velocidade Incompatível;Tombamento;Com Vítimas Feridas;Pleno dia;Decrescente;Céu Claro;Dupla;Curva;Não;1;0;1;0;0;0;1;1;-22,65949914;-43,11671944;SPRF-RJ;DEL04-RJ;UOP02-DEL04-RJ
638531;31/10/2024;quinta-feira;07:40:00;GO;60;93;ANAPOLIS;Reação tardia ou ineficiente do condutor;Queda de ocupante de veículo;Com Vítimas Feridas;Pleno dia;Crescente;Céu Claro;Dupla;"Retorno Regulamentado;Reta";Sim;2;0;1;0;0;1;1;1;-16,3538;-48,9268;SPRF-GO;DEL02-GO;UOP01-DEL02-GO
638532;31/10/2024;quinta-feira;07:55:00;CE;222;4,5;CAUCAIA;Condutor deixou de manter distância do veículo da frente;Colisão traseira;Com Vítimas Feridas;Pleno dia;Crescente;Nublado;Múltipla;"Declive;Reta";Sim;2;0;1;0;1;0;1;2;-3,74164754;-38,60449792;SPRF-CE;DEL01-CE;UOP01-DEL01-CE
638533;31/10/2024;quinta-feira;08:20:00;PR;277;726;FOZ DO IGUACU;Reação tardia ou ineficiente do condutor;Colisão lateral mesmo sentido;Com Vítimas Feridas;Pleno dia;Crescente;Céu Claro;Dupla;Reta;Sim;2;0;1;0;1;0;1;2;-25,5106015;-54,55481999;SPRF-PR;DEL05-PR;UOP03-DEL05-PR
638534;31/10/2024;quinta-feira;07:40:00;MG;381;483;BETIM;Reação tardia ou ineficiente do condutor;Saída de leito carroçável;Com Vítimas Feridas;Pleno dia;Decrescente;Céu Claro;Múltipla;Reta;Sim;1;0;1;0;0;0;1;1;-19,95972947;-44,08554912;SPRF-MG;DEL01-MG;UOP03-DEL01-MG
638535;26/10/2024;sábado;20:20:00;GO;153;497;GOIANIA;Chuva;Colisão com objeto;Com Vítimas Feridas;Plena Noite;Crescente;Chuva;Dupla;Reta;Não;1;0;1;0;0;0;1;1;-16,6854;-49,2338;SPRF-GO;DEL01-GO;UOP01-DEL01-GO
638536;31/10/2024;quinta-feira;08:30:00;RS;472;174;SANTA ROSA;Condutor deixou de manter distância do veículo da frente;Colisão traseira;Sem Vítimas;Pleno dia;Crescente;Sol;Simples;Reta;Não;3;0;0;0;3;0;0;3;-27,857821;-54,5047617;SPRF-RS;DEL10-RS;UOP01-DEL10-RS
638537;31/10/2024;quinta-feira;08:20:00;MG;381;488;BETIM;Ausência de reação do condutor;Colisão traseira;Com Vítimas Feridas;Pleno dia;Decrescente;Céu Claro;Dupla;Reta;Sim;2;0;1;0;1;0;1;2;-19,9598656;-44,15489715;SPRF-MG;DEL01-MG;UOP03-DEL01-MG
638538;31/10/2024;quinta-feira;06:30:00;RS;287;509,6;SAO BORJA;Acesso irregular;Atropelamento de Pedestre;Com Vítimas Feridas;Pleno dia;Decrescente;Céu Claro;Simples;Curva;Não;2;0;0;1;1;0;1;2;-28,78293939;-55,77677828;SPRF-RS;DEL12-RS;UOP01-DEL12-RS
638539;31/10/2024;quinta-feira;08:53:00;CE;116;9;FORTALEZA;Demais falhas mecânicas ou elétricas;Tombamento;Com Vítimas Feridas;Pleno dia;Decrescente;Céu Claro;Dupla;Reta;Não;2;0;2;0;0;0;2;1;-3,82779096;-38,50486117;SPRF-CE;DEL01-CE;UOP02-DEL01-CE
638540;15/10/2024;terça-feira;14:20:00;SP;116;80,4;ROSEIRA;Ausência de reação do condutor;Colisão traseira;Com Vítimas Feridas;Pleno dia;Crescente;Céu Claro;Dupla;Reta;Não;3;0;1;0;2;0;1;2;-22,89958454;-45,30245564;SPRF-SP;DEL08-SP;UOP01-DEL08-SP
638541;29/08/2024;quinta-feira;01:00:00;SC;470;147,4;RIO DO SUL;Ausência de reação do condutor;Saída de leito carroçável;Com Vítimas Fatais;Plena Noite;Crescente;Céu Claro;Simples;"Reta;Ponte";Não;1;1;0;0;0;0;0;1;-27,24408036;-49,69125867;SPRF-SC;DEL04-SC;UOP02-DEL04-SC
638542;15/10/2024;terça-feira;17:30:00;MG;116;413;GOVERNADOR VALADARES;Frear bruscamente;Colisão traseira;Com Vítimas Feridas;Pleno dia;Crescente;Céu Claro;Dupla;"Reta;Declive";Sim;1;0;1;0;0;0;1;1;-18,88141581;-41,95887879;SPRF-MG;DEL06-MG;UOP01-DEL06-MG
638543;31/10/2024;quinta-feira;07:50:00;RJ;116;186;NOVA IGUACU;Acessar a via sem observar a presença dos outros veículos;Colisão lateral mesmo sentido;Com Vítimas Feridas;Pleno dia;Decrescente;Céu Claro;Dupla;Reta;Sim;4;0;4;0;0;0;4;2;-22,73962339;-43,46276495;SPRF-RJ;DEL06-RJ;UOP01-DEL06-RJ
638544;31/10/2024;quinta-feira;07:45:00;MA;230;404;BALSAS;Desrespeitar a preferência no cruzamento;Colisão transversal;Com Vítimas Feridas;Pleno dia;Decrescente;Céu Claro;Simples;Reta;Sim;3;0;2;0;1;0;2;2;-7,520964;-46,050709;SPRF-MA;DEL05-MA;UOP01-DEL05-MA
638546;31/10/2024;quinta-feira;07:20:00;RJ;116;176;SAO JOAO DE MERITI;Ausência de reação do condutor;Queda de ocupante de veículo;Com Vítimas Feridas;Pleno dia;Decrescente;Céu Claro;Múltipla;Reta;Sim;2;0;1;0;1;0;1;1;-22,7839538;-43,38195488;SPRF-RJ;DEL06-RJ;UOP01-DEL06-RJ
638547;31/10/2024;quinta-feira;08:40:00;PR;116;16;COLOMBO;Frear bruscamente;Engavetamento;Com Vítimas Feridas;Pleno dia;Crescente;Nublado;Dupla;"Reta;Aclive";Não;3;0;2;0;1;0;2;3;-25,3874;-49,1774;SPRF-PR;DEL01-PR;UOP02-DEL01-PR
638548;31/10/2024;quinta-feira;08:40:00;CE;116;14,5;FORTALEZA;Acumulo de areia ou detritos sobre o pavimento;Queda de ocupante de veículo;Com Vítimas Feridas;Pleno dia;Decrescente;Céu Claro;Dupla;Reta;Sim;1;0;1;0;0;0;1;1;-3,86973356;-38,49827361;SPRF-CE;DEL01-CE;UOP02-DEL01-CE
638549;31/10/2024;quinta-feira;08:00:00;SC;101;120,8;ITAJAI;Trafegar com motocicleta (ou similar) entre as faixas;Colisão traseira;Com Vítimas Feridas;Pleno dia;Crescente;Céu Claro;Dupla;Reta;Não;2;0;1;0;0;1;1;2;-26,912758;-48,711998;SPRF-SC;DEL04-SC;UOP04-DEL04-SC
638550;31/10/2024;quinta-feira;08:00:00;SC;101;133,5;BALNEARIO CAMBORIU;Manobra de mudança de faixa;Colisão lateral mesmo sentido;Com Vítimas Feridas;Pleno dia;Crescente;Céu Claro;Múltipla;Reta;Sim;2;0;1;0;1;0;1;2;-26,99936;-48,64609;SPRF-SC;DEL04-SC;UOP03-DEL04-SC
638551;31/10/2024;quinta-feira;06:15:00;RR;401;81,8;BONFIM;Velocidade Incompatível;Saída de leito carroçável;Com Vítimas Fatais;Amanhecer;Decrescente;Céu Claro;Simples;Reta;Não;7;1;5;0;0;1;5;1;3,21936404;-60,14666005;SPRF-RR;DEL01-RR;UOP01-DEL01-RR
638552;31/10/2024;quinta-feira;07:30:00;RO;364;346,5;JI-PARANA;Ausência de reação do condutor;Colisão traseira;Com Vítimas Feridas;Pleno dia;Crescente;Céu Claro;Simples;Reta;Sim;3;0;1;0;2;0;1;2;-10,864429;-61,970795;SPRF-RO;DEL02-RO;UOP01-DEL02-RO
638553;31/10/2024;quinta-feira;03:30:00;PI;135;119;BERTOLINIA;Manobra de mudança de faixa;Colisão lateral mesmo sentido;Com Vítimas Feridas;Plena Noite;Crescente;Ignorado;Simples;Reta;Não;4;0;3;0;0;1;3;2;-7,59836588;-43,96415758;SPRF-PI;DEL03-PI;UOP01-DEL03-PI
638554;14/06/2024;sexta-feira;18:30:00;RJ;101;382;RIO DE JANEIRO;Reação tardia ou ineficiente do condutor;Colisão lateral mesmo sentido;Com Vítimas Feridas;Plena Noite;Decrescente;Céu Claro;Múltipla;Reta;Não;3;0;1;1;1;0;2;2;-22,87265669;-43,60655915;SPRF-RJ;DEL03-RJ;UOP01-DEL03-RJ
638555;31/10/2024;quinta-feira;09:00:00;MS;376;4;DOURADOS;Desrespeitar a preferência no cruzamento;Colisão transversal;Com Vítimas Feridas;Pleno dia;Crescente;Céu Claro;Simples;Interseção de Vias;Não;2;0;0;1;1;0;1;2;-22,22300006;-54,66789607;SPRF-MS;DEL04-MS;UOP01-DEL04-MS
638557;31/10/2024;quinta-feira;10:00:00;AL;316;153;PALMEIRA DOS INDIOS;Ausência de reação do condutor;Colisão traseira;Com Vítimas Feridas;Pleno dia;Decrescente;Céu Claro;Simples;"Reta;Interseção de Vias";Sim;3;0;0;2;1;0;2;2;-9,43107922;-36,64980109;SPRF-AL;DEL03-AL;UOP01-DEL03-AL
638558;31/10/2024;quinta-feira;10:25:00;MG;40;793,9;JUIZ DE FORA;Demais falhas mecânicas ou elétricas;Incêndio;Sem Vítimas;Pleno dia;Crescente;Céu Claro;Dupla;Curva;Sim;1;0;0;0;1;0;0;1;-21,79449311;-43,41425031;SPRF-MG;DEL05-MG;UOP01-DEL05-MG
638559;04/08/2024;domingo;16:30:00;RJ;116;172,5;SAO JOAO DE MERITI;Entrada inopinada do pedestre;Atropelamento de Pedestre;Com Vítimas Feridas;Pleno dia;Crescente;Céu Claro;Dupla;Reta;Sim;3;0;0;1;1;1;1;2;-22,80188151;-43,35043673;SPRF-RJ;DEL06-RJ;UOP01-DEL06-RJ
638562;31/10/2024;quinta-feira;10:50:00;PR;163;300;MARECHAL CANDIDO RONDON;Reação tardia ou ineficiente do condutor;Saída de leito carroçável;Com Vítimas Feridas;Pleno dia;Crescente;Céu Claro;Simples;Curva;Não;2;0;2;0;0;0;2;1;-24,49882206;-54,12558571;SPRF-PR;DEL06-PR;UOP02-DEL06-PR
638563;31/10/2024;quinta-feira;10:30:00;PE;408;85;PAUDALHO;Condutor Dormindo;Colisão lateral mesmo sentido;Com Vítimas Feridas;Pleno dia;Decrescente;Céu Claro;Dupla;"Curva;Aclive";Não;3;0;2;0;1;0;2;2;-7,95430093;-35,10252793;SPRF-PE;DEL01-PE;UOP01-DEL01-PE
638564;31/10/2024;quinta-feira;08:30:00;AM;174;967;MANAUS;Condutor Dormindo;Saída de leito carroçável;Com Vítimas Feridas;Amanhecer;Crescente;Sol;Simples;Aclive;Não;1;0;1;0;0;0;1;1;-2,24968286;-60,03237023;SPRF-AM;DEL01-AM;UOP02-DEL01-AM
638565;31/10/2024;quinta-feira;11:50:00;ES;101;144,3;LINHARES;Ausência de reação do condutor;Saída de leito carroçável;Com Vítimas Feridas;Pleno dia;Crescente;Nublado;Dupla;Reta;Sim;2;0;1;0;1;0;1;2;-19,35188295;-40,0636685;SPRF-ES;DEL04-ES;UOP01-DEL04-ES
638566;31/10/2024;quinta-feira;12:10:00;SC;470;55,7;BLUMENAU;Acessar a via sem observar a presença dos outros veículos;Atropelamento de Pedestre;Com Vítimas Feridas;Pleno dia;Decrescente;Céu Claro;Simples;Reta;Sim;3;0;3;0;0;0;3;2;-26,875601;-49,117992;SPRF-SC;DEL04-SC;UOP01-DEL04-SC
638568;31/10/2024;quinta-feira;12:43:00;SP;116;189;SANTA ISABEL;Reação tardia ou ineficiente do condutor;Saída de leito carroçável;Com Vítimas Feridas;Pleno dia;Decrescente;Céu Claro;Dupla;"Curva;Declive";Não;1;0;1;0;0;0;1;1;-23,36435234;-46,22488684;SPRF-SP;DEL01-SP;UOP01-DEL01-SP
638569;31/10/2024;quinta-feira;12:10:00;PB;230;18;JOAO PESSOA;Ausência de reação do condutor;Colisão traseira;Com Vítimas Feridas;Pleno dia;Decrescente;Céu Claro;Dupla;Reta;Sim;3;0;1;0;2;0;1;3;-7,1198;-34,8453;SPRF-PB;DEL01-PB;UOP01-DEL01-PB
638570;31/10/2024;quinta-feira;08:30:00;PI;343;307;ALTOS;Condutor desrespeitou a iluminação vermelha do semáforo;Colisão transversal;Com Vítimas Feridas;Pleno dia;Crescente;Sol;Simples;"Reta;Em Obras;Interseção de Vias;Desvio Temporário";Sim;2;0;0;1;1;0;1;2;-5,039802;-42,459518;SPRF-PI;DEL01-PI;UOP01-DEL01-PI
638572;21/08/2024;quarta-feira;19:40:00;GO;364;358;MINEIROS;Deficiência do Sistema de Iluminação/Sinalização;Colisão traseira;Sem Vítimas;Plena Noite;Crescente;Céu Claro;Simples;Reta;Não;2;0;0;0;2;0;0;2;-17,392626;-52,971909;SPRF-GO;DEL05-GO;UOP01-DEL05-GO
638574;31/10/2024;quinta-feira;12:00:00;MG;381;7;BETIM;Manobra de mudança de faixa;Colisão lateral mesmo sentido;Sem Vítimas;Pleno dia;Crescente;Céu Claro;Dupla;"Curva;Interseção de Vias";Não;1;0;0;0;1;0;0;1;-19,98738744;-44,1988821;SPRF-MG;DEL01-MG;UOP03-DEL01-MG
638575;31/10/2024;quinta-feira;11:50:00;MG;116;276;TEOFILO OTONI;Desrespeitar a preferência no cruzamento;Colisão transversal;Com Vítimas Feridas;Pleno dia;Decrescente;Nublado;Múltipla;"Rotatória;Retorno Regulamentado;Interseção de Vias";Sim;3;0;2;0;1;0;2;2;-17,851327;-41,514475;SPRF-MG;DEL11-MG;UOP01-DEL11-MG
638576;31/10/2024;quinta-feira;12:50:00;AP;210;1;MACAPA;Demais falhas mecânicas ou elétricas;Incêndio;Sem Vítimas;Pleno dia;Crescente;Céu Claro;Simples;Reta;Sim;1;0;0;0;0;1;0;1;0,07816717;-51,06998693;SPRF-AP;DEL01-AP;UOP01-DEL01-AP
638579;31/10/2024;quinta-feira;12:25:00;MS;163;483;CAMPO GRANDE;Acessar a via sem observar a presença dos outros veículos;Colisão transversal;Com Vítimas Feridas;Pleno dia;Crescente;Céu Claro;Simples;Reta;Não;2;0;1;0;1;0;1;2;-20,45726263;-54,54671829;SPRF-MS;DEL01-MS;UOP02-DEL01-MS
638582;31/10/2024;quinta-feira;13:20:00;PB;230;17,9;JOAO PESSOA;Ausência de reação do condutor;Colisão traseira;Com Vítimas Feridas;Pleno dia;Decrescente;Céu Claro;Dupla;Reta;Sim;2;0;1;0;1;0;1;2;-7,12160943;-34,84509993;SPRF-PB;DEL01-PB;UOP01-DEL01-PB
638584;29/10/2024;terça-feira;21:45:00;MG;0;0;CONTAGEM;Curva acentuada;Colisão com objeto;Sem Vítimas;Plena Noite;Não Informado;Ignorado;Simples;"Curva;Declive";Sim;1;0;0;0;1;0;0;1;-19,95533629;-44,02506709;SPRF-SP;N/A;N/A
638585;31/10/2024;quinta-feira;13:30:00;PE;101;78;JABOATAO DOS GUARARAPES;Condutor deixou de manter distância do veículo da frente;Colisão traseira;Sem Vítimas;Pleno dia;Crescente;Sol;Dupla;Reta;Sim;2;0;0;0;2;0;0;2;-8,13496499;-34,94738614;SPRF-PE;DEL01-PE;UOP01-DEL01-PE
638587;31/10/2024;quinta-feira;12:50:00;MA;135;12,4;SAO LUIS;Retorno proibido;Colisão traseira;Com Vítimas Feridas;Pleno dia;Crescente;Sol;Dupla;Reta;Sim;2;0;0;1;1;0;1;2;-2,67223553;-44,29173767;SPRF-MA;DEL01-MA;UOP01-DEL01-MA
638588;31/10/2024;quinta-feira;11:50:00;RJ;493;20;MAGE;Ultrapassagem Indevida;Colisão lateral sentido oposto;Com Vítimas Feridas;Pleno dia;Crescente;Nublado;Simples;Reta;Sim;2;0;1;0;1;0;1;2;-22,66364;-43,036495;SPRF-RJ;DEL04-RJ;UOP02-DEL04-RJ
638589;15/10/2024;terça-feira;13:30:00;PA;230;808;MEDICILANDIA;Transitar na contramão;Colisão frontal;Com Vítimas Feridas;Pleno dia;Crescente;Sol;Simples;Aclive;Não;3;0;1;0;2;0;1;2;-3,50253819;-53,0591169;SPRF-PA;DEL04-PA;UOP01-DEL04-PA
638599;31/10/2024;quinta-feira;14:45:00;BA;324;623;SALVADOR;Trafegar com motocicleta (ou similar) entre as faixas;Colisão traseira;Com Vítimas Feridas;Pleno dia;Crescente;Céu Claro;Dupla;Reta;Não;3;0;2;0;0;1;2;2;-12,92628699;-38,46838679;SPRF-BA;DEL01-BA;UOP01-DEL01-BA
638602;31/10/2024;quinta-feira;14:10:00;RJ;116;146;DUQUE DE CAXIAS;Avarias e/ou desgaste excessivo no pneu;Queda de ocupante de veículo;Com Vítimas Feridas;Pleno dia;Decrescente;Céu Claro;Dupla;Reta;Sim;1;0;1;0;0;0;1;1;-22,66687859;-43,26368215;SPRF-RJ;DEL01-RJ;UOP02-DEL01-RJ
638604;31/10/2024;quinta-feira;14:12:00;MS;163;482;CAMPO GRANDE;Ausência de reação do condutor;Colisão traseira;Com Vítimas Feridas;Pleno dia;Decrescente;Nublado;Simples;Reta;Não;2;0;1;0;0;1;1;2;-20,46271123;-54,55411122;SPRF-MS;DEL01-MS;UOP02-DEL01-MS
638606;31/10/2024;quinta-feira;14:15:00;SP;116;117;TAUBATE;Reação tardia ou ineficiente do condutor;Colisão traseira;Com Vítimas Feridas;Pleno dia;Crescente;Céu Claro;Dupla;Reta;Não;2;0;1;0;0;1;1;2;-23,0582298;-45,6176951;SPRF-SP;DEL02-SP;UOP02-DEL02-SP
638607;02/08/2024;sexta-feira;20:30:00;RS;116;253;ESTEIO;Acessar a via sem observar a presença dos outros veículos;Colisão lateral mesmo sentido;Com Vítimas Feridas;Plena Noite;Crescente;Céu Claro;Múltipla;Viaduto;Sim;6;0;1;0;5;0;1;3;-29,81784209;-51,16996166;SPRF-RS;DEL01-RS;UOP02-DEL01-RS
638608;20/10/2024;domingo;11:00:00;PR;376;551;BALSA NOVA;Velocidade Incompatível;Colisão com objeto;Com Vítimas Feridas;Pleno dia;Crescente;Céu Claro;Dupla;Curva;Não;1;0;1;0;0;0;1;1;-25,44117905;-49,74854529;SPRF-PR;DEL03-PR;UOP03-DEL03-PR
638609;31/10/2024;quinta-feira;15:25:00;RJ;40;74;PETROPOLIS;Reação tardia ou ineficiente do condutor;Queda de ocupante de veículo;Com Vítimas Feridas;Pleno dia;Crescente;Nublado;Simples;Curva;Não;1;0;0;1;0;0;1;1;-22,47224973;-43,22332717;SPRF-RJ;DEL01-RJ;UOP01-DEL01-RJ
638610;31/10/2024;quinta-feira;14:00:00;MT;163;398,1;CUIABA;Acessar a via sem observar a presença dos outros veículos;Colisão transversal;Com Vítimas Feridas;Pleno dia;Crescente;Sol;Dupla;Reta;Sim;2;0;0;1;1;0;1;2;-15,66290282;-55,96816957;SPRF-MT;DEL01-MT;UOP02-DEL01-MT
638611;31/10/2024;quinta-feira;16:15:00;PE;232;8,4;RECIFE;Trafegar com motocicleta (ou similar) entre as faixas;Colisão lateral mesmo sentido;Com Vítimas Feridas;Pleno dia;Crescente;Céu Claro;Dupla;Reta;Sim;2;0;1;0;1;0;1;2;-8,076759;-34,973648;SPRF-PE;DEL01-PE;UOP01-DEL01-PE
638612;31/10/2024;quinta-feira;15:30:00;MG;262;823;UBERABA;Ausência de reação do condutor;Engavetamento;Com Vítimas Feridas;Pleno dia;Decrescente;Céu Claro;Dupla;Reta;Não;6;0;2;0;4;0;2;4;-19,75760422;-48,1522031;SPRF-MG;DEL13-MG;UOP01-DEL13-MG
638613;31/10/2024;quinta-feira;11:00:00;RS;470;172;VERANOPOLIS;Ausência de reação do condutor;Colisão traseira;Com Vítimas Feridas;Pleno dia;Crescente;Céu Claro;Simples;Reta;Não;2;0;2;0;0;0;2;2;-28,89106431;-51,54975736;SPRF-RS;DEL06-RS;UOP02-DEL06-RS
638614;31/10/2024;quinta-feira;16:15:00;SP;153;178,4;LINS;Chuva;Colisão lateral sentido oposto;Com Vítimas Fatais;Pleno dia;Decrescente;Chuva;Simples;"Viaduto;Reta";Não;2;1;0;0;1;0;0;2;-21,667327;-49,789767;SPRF-SP;DEL07-SP;UOP01-DEL07-SP
638616;31/10/2024;quinta-feira;16:20:00;PB;230;8;CABEDELO;Conversão proibida;Colisão lateral mesmo sentido;Com Vítimas Feridas;Pleno dia;Crescente;Céu Claro;Dupla;"Reta;Em Obras";Sim;2;0;1;0;1;0;1;2;-7,0355;-34,8429;SPRF-PB;DEL01-PB;UOP01-DEL01-PB
638618;31/10/2024;quinta-feira;15:10:00;RJ;101;295;ITABORAI;Avarias e/ou desgaste excessivo no pneu;Tombamento;Com Vítimas Feridas;Pleno dia;Crescente;Céu Claro;Dupla;Reta;Sim;2;0;0;2;0;0;2;1;-22,76304397;-42,90193319;SPRF-RJ;DEL02-RJ;UOP02-DEL02-RJ
638621;31/10/2024;quinta-feira;16:40:00;SP;116;148;SAO JOSE DOS CAMPOS;Reação tardia ou ineficiente do condutor;Colisão traseira;Com Vítimas Feridas;Pleno dia;Decrescente;Céu Claro;Dupla;Reta;Não;2;0;0;1;1;0;1;2;-23,20067421;-45,8795018;SPRF-SP;DEL02-SP;UOP01-DEL02-SP